{"skeleton":{"hash":"4gUjPQQmwFRg2f+luRR5NmxHCTY","spine":"3.0.12","width":0,"height":0,"images":"./images/"},"bones":[{"name":"root"},{"name":"grid","parent":"root"},{"name":"MAIN","parent":"root","y":70.98},{"name":"SHADOW-OFFSET","parent":"MAIN","y":-70.98},{"name":"HITBOX","parent":"MAIN"},{"name":"EF","parent":"root"},{"name":"S1_wave1_00","parent":"EF","x":720,"y":426,"scaleX":1.253,"scaleY":1.253},{"name":"A1_power1_00","parent":"EF","x":947.06,"y":430.78},{"name":"DAMAGEAREA","parent":"root"}],"slots":[{"name":"grid/bg","bone":"grid","color":"828282ff"},{"name":"grid/grid","bone":"grid","color":"ffffff44"},{"name":"S1_wave1_00","bone":"S1_wave1_00","blend":"additive"},{"name":"A1_power1_00","bone":"A1_power1_00","blend":"additive"},{"name":"MAIN","bone":"MAIN","attachment":"idle_00"},{"name":"DAMAGEAREA","bone":"DAMAGEAREA"},{"name":"HITBOX","bone":"HITBOX","attachment":"HITBOX"}],"skins":{"default":{"A1_power1_00":{"EF/490_A1_power1/490_A1_power1_00000":{"x":-0.73,"y":0.49,"width":435,"height":435},"EF/490_A1_power1/490_A1_power1_00001":{"x":-0.73,"y":0.49,"width":435,"height":435},"EF/490_A1_power1/490_A1_power1_00002":{"x":-0.73,"y":0.49,"width":435,"height":435},"EF/490_A1_power1/490_A1_power1_00003":{"x":-0.73,"y":0.49,"width":435,"height":435},"EF/490_A1_power1/490_A1_power1_00004":{"x":-0.73,"y":0.49,"width":435,"height":435},"EF/490_A1_power1/490_A1_power1_00005":{"x":-0.73,"y":0.49,"width":435,"height":435},"EF/490_A1_power1/490_A1_power1_00006":{"x":-0.73,"y":0.49,"width":435,"height":435},"EF/490_A1_power1/490_A1_power1_00007":{"x":-0.73,"y":0.49,"width":435,"height":435},"EF/490_A1_power1/490_A1_power1_00008":{"x":-0.73,"y":0.49,"width":435,"height":435},"EF/490_A1_power1/490_A1_power1_00009":{"x":-0.73,"y":0.49,"width":435,"height":435}},"DAMAGEAREA":{"DAMAGEAREA":{"type":"boundingbox","vertices":[-98.3309,98.1693,-98.27295,-98.05894,97.9269,-98.05894,98.28687,98.14088]}},"HITBOX":{"HITBOX":{"type":"boundingbox","vertices":[-33.83299,54.51088,-34.27538,-70.0525,50.69964,-70.36149,50.71963,54.47817]}},"MAIN":{"attack1_00":{"x":15.19,"y":-21.05,"width":350,"height":350},"attack1_01":{"x":15.19,"y":-21.05,"width":350,"height":350},"attack1_02":{"x":15.19,"y":-21.05,"width":350,"height":350},"attack1_03":{"x":15.19,"y":-21.05,"width":350,"height":350},"attack1_04":{"x":15.19,"y":-21.05,"width":350,"height":350},"attack1_05":{"x":15.19,"y":-21.05,"width":350,"height":350},"attack1_06":{"x":15.19,"y":-21.05,"width":350,"height":350},"back_00":{"x":15.19,"y":-21.05,"width":350,"height":350},"damage_00":{"x":15.19,"y":-21.05,"width":350,"height":350},"front_00":{"x":15.19,"y":-21.05,"width":350,"height":350},"front_01":{"x":15.19,"y":-21.05,"width":350,"height":350},"front_02":{"x":15.19,"y":-21.05,"width":350,"height":350},"idle_00":{"x":15.18,"y":-21.05,"width":350,"height":350},"idle_01":{"x":15.19,"y":-21.05,"width":350,"height":350},"idle_02":{"x":15.19,"y":-21.05,"width":350,"height":350},"idle_03":{"x":15.19,"y":-21.05,"width":350,"height":350},"idle_04":{"x":15.19,"y":-21.05,"width":350,"height":350},"skill1_00":{"x":15.19,"y":-21.05,"width":350,"height":350},"skill1_01":{"x":15.19,"y":-21.05,"width":350,"height":350},"skill1_02":{"x":15.19,"y":-21.05,"width":350,"height":350},"skill1_03":{"x":15.19,"y":-21.05,"width":350,"height":350},"skill1_04":{"x":15.19,"y":-21.05,"width":350,"height":350},"skill1_05":{"x":15.19,"y":-21.05,"width":350,"height":350},"skill1_06":{"x":15.19,"y":-21.05,"width":350,"height":350},"skill1_07":{"x":15.19,"y":-21.05,"width":350,"height":350},"skill1_08":{"x":15.19,"y":-21.05,"width":350,"height":350},"skill1_09":{"x":15.19,"y":-21.05,"width":350,"height":350},"skill1_10":{"x":15.19,"y":-21.05,"width":350,"height":350},"skill1_11":{"x":38.52,"y":-4.73,"width":249,"height":191},"skill1_12":{"x":38.52,"y":-4.73,"width":249,"height":191},"skill1_13":{"x":38.52,"y":-4.73,"width":249,"height":191},"skill1_14":{"x":38.52,"y":-4.73,"width":249,"height":191},"skill1_15":{"x":38.52,"y":-4.73,"width":249,"height":191},"skill1_16":{"x":38.52,"y":-4.73,"width":249,"height":191},"skill1_17":{"x":38.52,"y":-4.73,"width":249,"height":191},"skill1_18":{"x":38.52,"y":-4.73,"width":249,"height":191},"skill2_00":{"x":15.19,"y":-21.05,"width":350,"height":350},"skill2_01":{"x":15.19,"y":-21.05,"width":350,"height":350},"skill2_02":{"x":15.19,"y":-21.05,"width":350,"height":350},"skill2_03":{"x":15.19,"y":-21.05,"width":350,"height":350},"skill2_04":{"x":15.19,"y":-21.05,"width":350,"height":350},"skill2_05":{"x":15.19,"y":-21.05,"width":350,"height":350},"skill2_06":{"x":15.19,"y":-21.05,"width":350,"height":350},"skill2_07":{"x":15.19,"y":-21.05,"width":350,"height":350},"skill2_08":{"x":15.19,"y":-21.05,"width":350,"height":350},"skill2_09":{"x":15.19,"y":-21.05,"width":350,"height":350},"skill2_10":{"x":15.19,"y":-21.05,"width":350,"height":350},"skill2_11":{"x":15.19,"y":-21.05,"width":350,"height":350},"skill2_12":{"x":15.19,"y":-21.05,"width":350,"height":350},"skill2_13":{"x":15.19,"y":-21.05,"width":350,"height":350},"skill2_14":{"x":15.19,"y":-21.05,"width":350,"height":350},"skill2_15":{"x":15.19,"y":-21.05,"width":350,"height":350}},"S1_wave1_00":{"EF/690_S1_wave1/690_S1_wave1_00001":{"x":-2.62,"y":28.23,"width":312,"height":118},"EF/690_S1_wave1/690_S1_wave1_00002":{"x":-2.62,"y":28.23,"width":312,"height":118},"EF/690_S1_wave1/690_S1_wave1_00003":{"x":-2.62,"y":28.23,"width":312,"height":118},"EF/690_S1_wave1/690_S1_wave1_00004":{"x":-2.62,"y":28.23,"width":312,"height":118},"EF/690_S1_wave1/690_S1_wave1_00005":{"x":-2.62,"y":28.23,"width":312,"height":118},"EF/690_S1_wave1/690_S1_wave1_00006":{"x":-2.62,"y":28.23,"width":312,"height":118},"EF/690_S1_wave1/690_S1_wave1_00007":{"x":-2.62,"y":28.23,"width":312,"height":118},"EF/690_S1_wave1/690_S1_wave1_00008":{"x":-2.62,"y":28.23,"width":312,"height":118},"EF/690_S1_wave1/690_S1_wave1_00009":{"x":-2.62,"y":28.23,"width":312,"height":118}}}},"events":{"Event":{},"Event2":{},"Hit":{},"HitEffect":{},"Sound1":{},"Sound2":{},"Sound3":{},"View":{},"Voice":{}},"animations":{"attack1":{"slots":{"A1_power1_00":{"attachment":[{"time":0.1,"name":"EF/490_A1_power1/490_A1_power1_00000"},{"time":0.1333,"name":"EF/490_A1_power1/490_A1_power1_00001"},{"time":0.1666,"name":"EF/490_A1_power1/490_A1_power1_00002"},{"time":0.2,"name":"EF/490_A1_power1/490_A1_power1_00003"},{"time":0.2333,"name":"EF/490_A1_power1/490_A1_power1_00004"},{"time":0.2666,"name":"EF/490_A1_power1/490_A1_power1_00005"},{"time":0.3,"name":"EF/490_A1_power1/490_A1_power1_00006"},{"time":0.3333,"name":"EF/490_A1_power1/490_A1_power1_00007"},{"time":0.3666,"name":"EF/490_A1_power1/490_A1_power1_00008"},{"time":0.4,"name":"EF/490_A1_power1/490_A1_power1_00009"},{"time":0.4333,"name":null}]},"MAIN":{"attachment":[{"time":0,"name":"attack1_03"},{"time":0.1,"name":"attack1_01"},{"time":0.1666,"name":"attack1_02"},{"time":0.6666,"name":"attack1_03"},{"time":0.8,"name":"attack1_04"},{"time":0.9,"name":"attack1_05"},{"time":1,"name":"attack1_06"},{"time":1.3333,"name":"attack1_06"}]}},"bones":{"A1_power1_00":{"translate":[{"time":0,"x":-945.16,"y":-375.24,"curve":"stepped"},{"time":0.1,"x":-945.16,"y":-375.24}],"scale":[{"time":0,"x":2.114,"y":2.114,"curve":"stepped"},{"time":0.1,"x":2.114,"y":2.114}]},"S1_wave1_00":{"translate":[{"time":0,"x":2.65,"y":-16.38,"curve":"stepped"},{"time":0.1,"x":2.65,"y":-16.38}],"scale":[{"time":0,"x":2.114,"y":2.114,"curve":"stepped"},{"time":0.1,"x":2.114,"y":2.114}]}},"events":[{"time":0.1,"name":"Sound1","string":"cri_se_battle_magic_Invocation_dark"},{"time":0.1333,"name":"Event","string":"runScript_swordAttack"},{"time":0.6666,"name":"Sound1","string":"cri_se_battle_charge_completion"},{"time":0.7,"name":"Voice","string":"cri_040_voice_attack_random"}]},"attack1-library":{"slots":{"A1_power1_00":{"attachment":[{"time":0.1,"name":"EF/490_A1_power1/490_A1_power1_00000"},{"time":0.1333,"name":"EF/490_A1_power1/490_A1_power1_00001"},{"time":0.1666,"name":"EF/490_A1_power1/490_A1_power1_00002"},{"time":0.2,"name":"EF/490_A1_power1/490_A1_power1_00003"},{"time":0.2333,"name":"EF/490_A1_power1/490_A1_power1_00004"},{"time":0.2666,"name":"EF/490_A1_power1/490_A1_power1_00005"},{"time":0.3,"name":"EF/490_A1_power1/490_A1_power1_00006"},{"time":0.3333,"name":"EF/490_A1_power1/490_A1_power1_00007"},{"time":0.3666,"name":"EF/490_A1_power1/490_A1_power1_00008"},{"time":0.4,"name":"EF/490_A1_power1/490_A1_power1_00009"},{"time":0.4333,"name":null}]},"MAIN":{"attachment":[{"time":0,"name":"attack1_03"},{"time":0.1,"name":"attack1_01"},{"time":0.1666,"name":"attack1_02"},{"time":0.6666,"name":"attack1_03"},{"time":0.8,"name":"attack1_04"},{"time":0.9,"name":"attack1_05"},{"time":1,"name":"attack1_06"},{"time":1.3333,"name":"attack1_06"}]}},"bones":{"A1_power1_00":{"translate":[{"time":0,"x":-945.16,"y":-375.24,"curve":"stepped"},{"time":0.1,"x":-945.16,"y":-375.24}],"scale":[{"time":0,"x":2.114,"y":2.114,"curve":"stepped"},{"time":0.1,"x":2.114,"y":2.114}]},"S1_wave1_00":{"translate":[{"time":0,"x":2.65,"y":-16.38,"curve":"stepped"},{"time":0.1,"x":2.65,"y":-16.38}],"scale":[{"time":0,"x":2.114,"y":2.114,"curve":"stepped"},{"time":0.1,"x":2.114,"y":2.114}]}},"events":[{"time":0.1,"name":"Sound1","string":"cri_se_battle_magic_Invocation_dark"},{"time":0.1333,"name":"Event","string":"addOrbitSystem_1attack1sword"},{"time":0.6666,"name":"Sound1","string":"cri_se_battle_charge_completion"},{"time":0.7,"name":"Voice","string":"cri_040_voice_attack_random"}]},"back":{"slots":{"MAIN":{"attachment":[{"time":0,"name":"back_00"},{"time":0.3333,"name":"idle_01"},{"time":0.4666,"name":"idle_02"},{"time":0.5666,"name":"idle_03"},{"time":0.6666,"name":"idle_04"},{"time":0.8333,"name":"idle_00"}]}},"bones":{"MAIN":{"translate":[{"time":0,"x":0,"y":0,"curve":[0.164,0.38,0.533,0.72]},{"time":0.1,"x":76.47,"y":16.21,"curve":[0.311,0.65,0.774,1]},{"time":0.3333,"x":138.54,"y":0},{"time":0.5333,"x":140,"y":0}]}},"events":[{"time":0,"name":"Sound1","string":"cri_se_battle_jump"},{"time":0.3333,"name":"Sound1","string":"cri_se_battle_landing"}]},"cast":{"slots":{"MAIN":{"attachment":[{"time":0,"name":"attack1_00"},{"time":0.1,"name":"attack1_01"},{"time":0.1666,"name":"attack1_02"},{"time":0.5,"name":"attack1_03"},{"time":0.6,"name":"attack1_04"},{"time":0.7,"name":"attack1_05"},{"time":0.7666,"name":"attack1_06"},{"time":1,"name":"attack1_06"}]}},"events":[{"time":0.5,"name":"Voice","string":"cri_040_voice_item"}]},"damage":{"slots":{"MAIN":{"attachment":[{"time":0,"name":"damage_00"}]}}},"front":{"slots":{"MAIN":{"attachment":[{"time":0,"name":"front_00"}]}}},"idle":{"slots":{"MAIN":{"attachment":[{"time":0,"name":"idle_00"},{"time":0.1666,"name":"idle_01"},{"time":0.3333,"name":"idle_02"},{"time":0.5,"name":"idle_03"},{"time":0.6666,"name":"idle_04"},{"time":0.8333,"name":"idle_04"}]}}},"skill1":{"slots":{"A1_power1_00":{"attachment":[{"time":0.1,"name":"EF/490_A1_power1/490_A1_power1_00000"},{"time":0.1333,"name":"EF/490_A1_power1/490_A1_power1_00001"},{"time":0.1666,"name":"EF/490_A1_power1/490_A1_power1_00002"},{"time":0.2,"name":"EF/490_A1_power1/490_A1_power1_00003"},{"time":0.2333,"name":"EF/490_A1_power1/490_A1_power1_00004"},{"time":0.2666,"name":"EF/490_A1_power1/490_A1_power1_00005"},{"time":0.3,"name":"EF/490_A1_power1/490_A1_power1_00006"},{"time":0.3333,"name":"EF/490_A1_power1/490_A1_power1_00007"},{"time":0.3666,"name":"EF/490_A1_power1/490_A1_power1_00008"},{"time":0.4,"name":"EF/490_A1_power1/490_A1_power1_00009"},{"time":0.4333,"name":null}]},"DAMAGEAREA":{"attachment":[{"time":1,"name":"DAMAGEAREA"},{"time":1.4,"name":null}]},"MAIN":{"attachment":[{"time":0,"name":"skill1_01"},{"time":0.1,"name":"skill1_01"},{"time":0.9333,"name":"skill1_11"},{"time":1,"name":"skill1_12"},{"time":1.0333,"name":"skill1_13"},{"time":1.1,"name":"skill1_14"},{"time":1.2,"name":"skill1_15"},{"time":1.2666,"name":"skill1_16"},{"time":1.3333,"name":"skill1_17"},{"time":1.9666,"name":"skill1_18"}]},"S1_wave1_00":{"attachment":[{"time":1.1666,"name":"EF/690_S1_wave1/690_S1_wave1_00002"},{"time":1.2333,"name":"EF/690_S1_wave1/690_S1_wave1_00003"},{"time":1.2666,"name":"EF/690_S1_wave1/690_S1_wave1_00004"},{"time":1.3,"name":"EF/690_S1_wave1/690_S1_wave1_00005"},{"time":1.3333,"name":"EF/690_S1_wave1/690_S1_wave1_00006"},{"time":1.3666,"name":"EF/690_S1_wave1/690_S1_wave1_00007"},{"time":1.4,"name":"EF/690_S1_wave1/690_S1_wave1_00008"},{"time":1.4333,"name":"EF/690_S1_wave1/690_S1_wave1_00009"},{"time":1.5333,"name":null}],"color":[{"time":1.4333,"color":"ffffffff"},{"time":1.5333,"color":"ffffff00"}]}},"bones":{"A1_power1_00":{"translate":[{"time":0,"x":-944.64,"y":-375.24},{"time":0.1,"x":-945.16,"y":-375.24},{"time":0.8,"x":-944.25,"y":-375.24}],"scale":[{"time":0,"x":4.316,"y":4.316},{"time":0.1,"x":2.114,"y":2.114,"curve":"stepped"},{"time":0.2666,"x":2.114,"y":2.114},{"time":0.4333,"x":4.316,"y":4.316}]},"S1_wave1_00":{"translate":[{"time":1.1666,"x":-1056.55,"y":-438.12}],"scale":[{"time":1.1666,"x":1.749,"y":1.749},{"time":1.3,"x":2.514,"y":2.514,"curve":"stepped"},{"time":1.4333,"x":2.514,"y":2.514},{"time":1.5333,"x":3.017,"y":3.017}]},"DAMAGEAREA":{"translate":[{"time":1,"x":-345.05,"y":36.85},{"time":1.1333,"x":-345.05,"y":46.86}],"scale":[{"time":1,"x":1.043,"y":0.604},{"time":1.1333,"x":1.55,"y":0.732}]}},"events":[{"time":0,"name":"HitEffect","string":"setHitEffect(hit04e,0,0.75,1)"},{"time":0.1,"name":"Sound1","string":"cri_se_battle_magic_Invocation_dark"},{"time":0.1333,"name":"Voice","string":"cri_040_voice_skill_all"},{"time":0.6666,"name":"Sound1","string":"cri_se_battle_charge_completion"},{"time":1,"name":"Event","string":"setHitBackEnemy(5,25)"},{"time":1,"name":"Sound1","string":"cri_se_battle_037_explosion_element_05"},{"time":1,"name":"Sound2","string":"cri_se_battle_spark_rise"},{"time":1,"name":"Sound3","string":"cri_se_battle_thrustviolently"},{"time":1.0333,"name":"Event","float":0.2,"string":"kHitStopType_normal"},{"time":1.0333,"name":"Sound1","string":"setHitSound(se_battle_explosion_short)"},{"time":1.1,"name":"Hit","float":4,"string":"resetHitList"},{"time":1.1333,"name":"Event","float":0.1,"string":"kHitStopType_enemyonly"},{"time":1.1333,"name":"View","string":"shakeGround"},{"time":1.1666,"name":"Hit","float":4,"string":"resetHitList"},{"time":1.2333,"name":"Hit","float":4,"string":"resetHitList"},{"time":1.3,"name":"Hit","float":4,"string":"resetHitList"},{"time":1.3666,"name":"Event","string":"kImpactType_up"},{"time":1.3666,"name":"Hit","float":4,"string":"resetHitList"}]},"skill2":{"slots":{"A1_power1_00":{"attachment":[{"time":0.1333,"name":"EF/490_A1_power1/490_A1_power1_00000"},{"time":0.1666,"name":"EF/490_A1_power1/490_A1_power1_00001"},{"time":0.2,"name":"EF/490_A1_power1/490_A1_power1_00002"},{"time":0.2333,"name":"EF/490_A1_power1/490_A1_power1_00003"},{"time":0.2666,"name":"EF/490_A1_power1/490_A1_power1_00004"},{"time":0.3,"name":"EF/490_A1_power1/490_A1_power1_00005"},{"time":0.3333,"name":"EF/490_A1_power1/490_A1_power1_00006"},{"time":0.3666,"name":"EF/490_A1_power1/490_A1_power1_00007"},{"time":0.4,"name":"EF/490_A1_power1/490_A1_power1_00008"},{"time":0.4333,"name":"EF/490_A1_power1/490_A1_power1_00009"},{"time":0.6,"name":null}],"color":[{"time":0.4,"color":"ffffffff","curve":[0.187,0.61,0.75,1]},{"time":0.5,"color":"ffffff00"}]},"MAIN":{"attachment":[{"time":0,"name":"skill2_00"},{"time":0.1666,"name":"skill2_01"},{"time":0.6666,"name":"skill2_02"},{"time":0.7333,"name":"skill2_03"},{"time":0.8333,"name":"skill2_04"},{"time":0.9,"name":"skill2_05"},{"time":0.9666,"name":"skill2_06"},{"time":1.0333,"name":"skill2_04"},{"time":1.1,"name":"skill2_05"},{"time":1.1666,"name":"skill2_06"},{"time":1.2333,"name":"skill2_04"},{"time":1.3,"name":"skill2_05"},{"time":1.3666,"name":"skill2_06"},{"time":1.4333,"name":"skill2_04"},{"time":1.5,"name":"skill2_05"},{"time":1.5666,"name":"skill2_06"},{"time":1.6333,"name":"skill2_04"},{"time":1.7,"name":"skill2_05"},{"time":1.7666,"name":"skill2_06"},{"time":1.8333,"name":"skill2_04"},{"time":1.9,"name":"skill2_05"},{"time":1.9666,"name":"skill2_06"},{"time":2.0333,"name":"skill2_04"},{"time":2.1,"name":"skill2_05"},{"time":2.1666,"name":"skill2_07"},{"time":2.2333,"name":"attack1_00"}]}},"bones":{"A1_power1_00":{"translate":[{"time":0.1333,"x":-945.16,"y":-375.24}],"scale":[{"time":0.1333,"x":2.114,"y":2.114,"curve":"stepped"},{"time":0.3,"x":2.114,"y":2.114},{"time":0.4,"x":4.757,"y":4.757}]}},"drawOrder":[{"time":0.1333,"offsets":[{"slot":"A1_power1_00","offset":1}]}],"events":[{"time":0.0333,"name":"Sound1","string":"cri_se_battle_spark_rise"},{"time":0.1333,"name":"Sound1","string":"cri_se_battle_magic_Invocation_dark"},{"time":0.1666,"name":"Event","string":"runScript_addOrbit1skill2magic"},{"time":0.6666,"name":"Sound1","string":"cri_se_battle_charge_completion"},{"time":0.8333,"name":"Sound1","string":"cri_se_battle_darkness_explosion"},{"time":0.8333,"name":"Voice","string":"cri_040_voice_fullarts_rank2"},{"time":0.9,"name":"Event","string":"runScript_addOrbit1skill2sword"}]},"skill2-library":{"slots":{"A1_power1_00":{"attachment":[{"time":0.1333,"name":"EF/490_A1_power1/490_A1_power1_00000"},{"time":0.1666,"name":"EF/490_A1_power1/490_A1_power1_00001"},{"time":0.2,"name":"EF/490_A1_power1/490_A1_power1_00002"},{"time":0.2333,"name":"EF/490_A1_power1/490_A1_power1_00003"},{"time":0.2666,"name":"EF/490_A1_power1/490_A1_power1_00004"},{"time":0.3,"name":"EF/490_A1_power1/490_A1_power1_00005"},{"time":0.3333,"name":"EF/490_A1_power1/490_A1_power1_00006"},{"time":0.3666,"name":"EF/490_A1_power1/490_A1_power1_00007"},{"time":0.4,"name":"EF/490_A1_power1/490_A1_power1_00008"},{"time":0.4333,"name":"EF/490_A1_power1/490_A1_power1_00009"},{"time":0.6,"name":null}],"color":[{"time":0.4,"color":"ffffffff","curve":[0.187,0.61,0.75,1]},{"time":0.5,"color":"ffffff00"}]},"MAIN":{"attachment":[{"time":0,"name":"skill2_00"},{"time":0.1666,"name":"skill2_01"},{"time":0.6666,"name":"skill2_02"},{"time":0.7333,"name":"skill2_03"},{"time":0.8333,"name":"skill2_04"},{"time":0.9,"name":"skill2_05"},{"time":0.9666,"name":"skill2_06"},{"time":1.0333,"name":"skill2_04"},{"time":1.1,"name":"skill2_05"},{"time":1.1666,"name":"skill2_06"},{"time":1.2333,"name":"skill2_04"},{"time":1.3,"name":"skill2_05"},{"time":1.3666,"name":"skill2_06"},{"time":1.4333,"name":"skill2_04"},{"time":1.5,"name":"skill2_05"},{"time":1.5666,"name":"skill2_06"},{"time":1.6333,"name":"skill2_04"},{"time":1.7,"name":"skill2_05"},{"time":1.7666,"name":"skill2_06"},{"time":1.8333,"name":"skill2_04"},{"time":1.9,"name":"skill2_05"},{"time":1.9666,"name":"skill2_06"},{"time":2.0333,"name":"skill2_04"},{"time":2.1,"name":"skill2_05"},{"time":2.1666,"name":"skill2_07"},{"time":2.2333,"name":"attack1_00"}]}},"bones":{"A1_power1_00":{"translate":[{"time":0.1333,"x":-945.16,"y":-375.24}],"scale":[{"time":0.1333,"x":2.114,"y":2.114,"curve":"stepped"},{"time":0.3,"x":2.114,"y":2.114},{"time":0.4,"x":4.757,"y":4.757}]}},"drawOrder":[{"time":0.1333,"offsets":[{"slot":"A1_power1_00","offset":1}]}],"events":[{"time":0.0333,"name":"Sound1","string":"cri_se_battle_spark_rise"},{"time":0.1333,"name":"Sound1","string":"cri_se_battle_magic_Invocation_dark"},{"time":0.1666,"name":"Event","string":"addOrbitSystem-libOrbit1"},{"time":0.6666,"name":"Sound1","string":"cri_se_battle_charge_completion"},{"time":0.8333,"name":"Sound1","string":"cri_se_battle_darkness_explosion"},{"time":0.8333,"name":"Voice","string":"cri_040_voice_fullarts_rank2"}]}}}