{"skeleton":{"hash":"94NaCfpBHSerqq3MGWWo/Po9mz0","spine":"3.0.12","width":759,"height":698},"bones":[{"name":"root"},{"name":"MAIN","parent":"root"},{"name":"Boundingbox","parent":"root"}],"slots":[{"name":"face_1","bone":"MAIN","attachment":"face_1"},{"name":"77","bone":"MAIN","attachment":"77"},{"name":"00","bone":"MAIN","attachment":"00"},{"name":"1","bone":"MAIN","attachment":"1"},{"name":"2","bone":"MAIN","attachment":"2"},{"name":"3","bone":"MAIN","attachment":"3"},{"name":"4","bone":"MAIN","attachment":"4"},{"name":"Boundingbox","bone":"Boundingbox"}],"skins":{"default":{"00":{"00":{"x":128,"y":32,"width":332,"height":64}},"1":{"1":{"x":-194,"y":576,"width":266,"height":128}},"2":{"2":{"x":-231,"y":669,"width":170,"height":58}},"3":{"3":{"x":193.5,"y":576,"width":253,"height":128}},"4":{"4":{"x":14.5,"y":662.5,"width":117,"height":45}},"77":{"77":{"x":101.5,"y":288,"width":661,"height":448}},"Boundingbox":{"Boundingbox":{"type":"boundingbox","vertices":[-83.75921,122.89272,-84.04516,-89.55796,134.57307,-89.26425,133.56026,122.78655]}},"face_1":{"face_1":{"x":3,"y":576,"width":128,"height":128},"face_2":{"x":3,"y":576,"width":128,"height":128},"face_3":{"x":3,"y":576,"width":128,"height":128},"face_4":{"x":3,"y":576,"width":128,"height":128},"face_5":{"x":3,"y":576,"width":128,"height":128},"face_6":{"x":3,"y":576,"width":128,"height":128},"face_7":{"x":3,"y":576,"width":128,"height":128},"face_8":{"x":3,"y":576,"width":128,"height":128}}}},"animations":{"1":{"slots":{"1":{"attachment":[{"time":0,"name":"1"}]},"2":{"attachment":[{"time":0,"name":"2"}]},"3":{"attachment":[{"time":0,"name":"3"}]},"4":{"attachment":[{"time":0,"name":"4"}]},"00":{"attachment":[{"time":0,"name":"00"}]},"77":{"attachment":[{"time":0,"name":"77"}]},"Boundingbox":{"attachment":[{"time":0,"name":null}]},"face_1":{"attachment":[{"time":0,"name":"face_1"}]}}},"2":{"slots":{"1":{"attachment":[{"time":0,"name":"1"}]},"2":{"attachment":[{"time":0,"name":"2"}]},"3":{"attachment":[{"time":0,"name":"3"}]},"4":{"attachment":[{"time":0,"name":"4"}]},"00":{"attachment":[{"time":0,"name":"00"}]},"77":{"attachment":[{"time":0,"name":"77"}]},"Boundingbox":{"attachment":[{"time":0,"name":null}]},"face_1":{"attachment":[{"time":0,"name":"face_2"}]}}},"3":{"slots":{"1":{"attachment":[{"time":0,"name":"1"}]},"2":{"attachment":[{"time":0,"name":"2"}]},"3":{"attachment":[{"time":0,"name":"3"}]},"4":{"attachment":[{"time":0,"name":"4"}]},"00":{"attachment":[{"time":0,"name":"00"}]},"77":{"attachment":[{"time":0,"name":"77"}]},"Boundingbox":{"attachment":[{"time":0,"name":null}]},"face_1":{"attachment":[{"time":0,"name":"face_3"}]}}},"4":{"slots":{"1":{"attachment":[{"time":0,"name":"1"}]},"2":{"attachment":[{"time":0,"name":"2"}]},"3":{"attachment":[{"time":0,"name":"3"}]},"4":{"attachment":[{"time":0,"name":"4"}]},"00":{"attachment":[{"time":0,"name":"00"}]},"77":{"attachment":[{"time":0,"name":"77"}]},"Boundingbox":{"attachment":[{"time":0,"name":null}]},"face_1":{"attachment":[{"time":0,"name":"face_4"}]}}},"5":{"slots":{"1":{"attachment":[{"time":0,"name":"1"}]},"2":{"attachment":[{"time":0,"name":"2"}]},"3":{"attachment":[{"time":0,"name":"3"}]},"4":{"attachment":[{"time":0,"name":"4"}]},"00":{"attachment":[{"time":0,"name":"00"}]},"77":{"attachment":[{"time":0,"name":"77"}]},"Boundingbox":{"attachment":[{"time":0,"name":null}]},"face_1":{"attachment":[{"time":0,"name":"face_5"}]}}},"6":{"slots":{"1":{"attachment":[{"time":0,"name":"1"}]},"2":{"attachment":[{"time":0,"name":"2"}]},"3":{"attachment":[{"time":0,"name":"3"}]},"4":{"attachment":[{"time":0,"name":"4"}]},"00":{"attachment":[{"time":0,"name":"00"}]},"77":{"attachment":[{"time":0,"name":"77"}]},"Boundingbox":{"attachment":[{"time":0,"name":null}]},"face_1":{"attachment":[{"time":0,"name":"face_6"}]}}},"7":{"slots":{"1":{"attachment":[{"time":0,"name":"1"}]},"2":{"attachment":[{"time":0,"name":"2"}]},"3":{"attachment":[{"time":0,"name":"3"}]},"4":{"attachment":[{"time":0,"name":"4"}]},"00":{"attachment":[{"time":0,"name":"00"}]},"77":{"attachment":[{"time":0,"name":"77"}]},"Boundingbox":{"attachment":[{"time":0,"name":null}]},"face_1":{"attachment":[{"time":0,"name":"face_7"}]}}},"8":{"slots":{"1":{"attachment":[{"time":0,"name":"1"}]},"2":{"attachment":[{"time":0,"name":"2"}]},"3":{"attachment":[{"time":0,"name":"3"}]},"4":{"attachment":[{"time":0,"name":"4"}]},"00":{"attachment":[{"time":0,"name":"00"}]},"77":{"attachment":[{"time":0,"name":"77"}]},"Boundingbox":{"attachment":[{"time":0,"name":null}]},"face_1":{"attachment":[{"time":0,"name":"face_8"}]}}},"window-1":{"slots":{"1":{"attachment":[{"time":0,"name":"1"}]},"2":{"attachment":[{"time":0,"name":"2"}]},"3":{"attachment":[{"time":0,"name":"3"}]},"4":{"attachment":[{"time":0,"name":"4"}]},"00":{"attachment":[{"time":0,"name":"00"}]},"77":{"attachment":[{"time":0,"name":"77"}]},"Boundingbox":{"attachment":[{"time":0,"name":"Boundingbox"}]},"face_1":{"attachment":[{"time":0,"name":"face_1"}]}},"bones":{"Boundingbox":{"translate":[{"time":0,"x":-35.51,"y":669.34}]},"MAIN":{"scale":[{"time":0,"x":1.158,"y":1.158}]}}},"window-2":{"slots":{"1":{"attachment":[{"time":0,"name":"1"}]},"2":{"attachment":[{"time":0,"name":"2"}]},"3":{"attachment":[{"time":0,"name":"3"}]},"4":{"attachment":[{"time":0,"name":"4"}]},"00":{"attachment":[{"time":0,"name":"00"}]},"77":{"attachment":[{"time":0,"name":"77"}]},"Boundingbox":{"attachment":[{"time":0,"name":"Boundingbox"}]},"face_1":{"attachment":[{"time":0,"name":"face_2"}]}},"bones":{"Boundingbox":{"translate":[{"time":0,"x":-35.51,"y":669.34}]},"MAIN":{"scale":[{"time":0,"x":1.158,"y":1.158}]}}},"window-3":{"slots":{"1":{"attachment":[{"time":0,"name":"1"}]},"2":{"attachment":[{"time":0,"name":"2"}]},"3":{"attachment":[{"time":0,"name":"3"}]},"4":{"attachment":[{"time":0,"name":"4"}]},"00":{"attachment":[{"time":0,"name":"00"}]},"77":{"attachment":[{"time":0,"name":"77"}]},"Boundingbox":{"attachment":[{"time":0,"name":"Boundingbox"}]},"face_1":{"attachment":[{"time":0,"name":"face_3"}]}},"bones":{"MAIN":{"scale":[{"time":0,"x":1.158,"y":1.158}]},"Boundingbox":{"translate":[{"time":0,"x":-35.51,"y":669.34}]}}},"window-4":{"slots":{"1":{"attachment":[{"time":0,"name":"1"}]},"2":{"attachment":[{"time":0,"name":"2"}]},"3":{"attachment":[{"time":0,"name":"3"}]},"4":{"attachment":[{"time":0,"name":"4"}]},"00":{"attachment":[{"time":0,"name":"00"}]},"77":{"attachment":[{"time":0,"name":"77"}]},"Boundingbox":{"attachment":[{"time":0,"name":"Boundingbox"}]},"face_1":{"attachment":[{"time":0,"name":"face_4"}]}},"bones":{"MAIN":{"scale":[{"time":0,"x":1.158,"y":1.158}]},"Boundingbox":{"translate":[{"time":0,"x":-35.51,"y":669.34}]}}},"window-5":{"slots":{"1":{"attachment":[{"time":0,"name":"1"}]},"2":{"attachment":[{"time":0,"name":"2"}]},"3":{"attachment":[{"time":0,"name":"3"}]},"4":{"attachment":[{"time":0,"name":"4"}]},"00":{"attachment":[{"time":0,"name":"00"}]},"77":{"attachment":[{"time":0,"name":"77"}]},"Boundingbox":{"attachment":[{"time":0,"name":"Boundingbox"}]},"face_1":{"attachment":[{"time":0,"name":"face_5"}]}},"bones":{"MAIN":{"scale":[{"time":0,"x":1.158,"y":1.158}]},"Boundingbox":{"translate":[{"time":0,"x":-35.51,"y":669.34}]}}},"window-6":{"slots":{"1":{"attachment":[{"time":0,"name":"1"}]},"2":{"attachment":[{"time":0,"name":"2"}]},"3":{"attachment":[{"time":0,"name":"3"}]},"4":{"attachment":[{"time":0,"name":"4"}]},"00":{"attachment":[{"time":0,"name":"00"}]},"77":{"attachment":[{"time":0,"name":"77"}]},"Boundingbox":{"attachment":[{"time":0,"name":"Boundingbox"}]},"face_1":{"attachment":[{"time":0,"name":"face_6"}]}},"bones":{"MAIN":{"scale":[{"time":0,"x":1.158,"y":1.158}]},"Boundingbox":{"translate":[{"time":0,"x":-35.51,"y":669.34}]}}},"window-7":{"slots":{"1":{"attachment":[{"time":0,"name":"1"}]},"2":{"attachment":[{"time":0,"name":"2"}]},"3":{"attachment":[{"time":0,"name":"3"}]},"4":{"attachment":[{"time":0,"name":"4"}]},"00":{"attachment":[{"time":0,"name":"00"}]},"77":{"attachment":[{"time":0,"name":"77"}]},"Boundingbox":{"attachment":[{"time":0,"name":"Boundingbox"}]},"face_1":{"attachment":[{"time":0,"name":"face_7"}]}},"bones":{"MAIN":{"scale":[{"time":0,"x":1.158,"y":1.158}]},"Boundingbox":{"translate":[{"time":0,"x":-35.51,"y":669.34}]}}},"window-8":{"slots":{"1":{"attachment":[{"time":0,"name":"1"}]},"2":{"attachment":[{"time":0,"name":"2"}]},"3":{"attachment":[{"time":0,"name":"3"}]},"4":{"attachment":[{"time":0,"name":"4"}]},"00":{"attachment":[{"time":0,"name":"00"}]},"77":{"attachment":[{"time":0,"name":"77"}]},"Boundingbox":{"attachment":[{"time":0,"name":"Boundingbox"}]},"face_1":{"attachment":[{"time":0,"name":"face_8"}]}},"bones":{"MAIN":{"scale":[{"time":0,"x":1.158,"y":1.158}]},"Boundingbox":{"translate":[{"time":0,"x":-35.51,"y":669.34}]}}}}}