{"skeleton":{"hash":"9lxvouxQ4nUsK38Oc1JwlI/aBqg","spine":"3.0.12","width":0,"height":0},"bones":[{"name":"root"},{"name":"MAIN","parent":"root","scaleX":0.5,"scaleY":0.5},{"name":"numbersRoot","parent":"MAIN","x":18.95},{"name":"one","parent":"numbersRoot"},{"name":"HIT","parent":"numbersRoot","x":61.56,"y":-2.68,"scaleX":0.8,"scaleY":0.8},{"name":"ten","parent":"numbersRoot","x":-36.64}],"slots":[{"name":"images/HIT","bone":"HIT"},{"name":"images/coin0","bone":"one"},{"name":"images/coin1","bone":"ten"}],"skins":{"default":{"images/HIT":{"images/HIT":{"width":104,"height":48}},"images/coin0":{"images/coin0":{"width":36,"height":48},"images/coin1":{"width":36,"height":48},"images/coin2":{"width":36,"height":48},"images/coin3":{"width":36,"height":48},"images/coin4":{"width":36,"height":48},"images/coin5":{"width":36,"height":48},"images/coin6":{"width":36,"height":48},"images/coin7":{"width":36,"height":48},"images/coin8":{"width":36,"height":48},"images/coin9":{"width":36,"height":48}},"images/coin1":{"images/coin0":{"width":36,"height":48},"images/coin1":{"path":"images/coin0","width":36,"height":48},"images/coin2":{"path":"images/coin1","width":36,"height":48},"images/coin3":{"path":"images/coin2","width":36,"height":48},"images/coin4":{"path":"images/coin3","width":36,"height":48},"images/coin5":{"path":"images/coin4","width":36,"height":48},"images/coin6":{"path":"images/coin5","width":36,"height":48},"images/coin7":{"path":"images/coin6","width":36,"height":48},"images/coin8":{"path":"images/coin7","width":36,"height":48},"images/coin9":{"path":"images/coin8","width":36,"height":48},"images/coin10":{"path":"images/coin9","width":36,"height":48}}}},"animations":{"0":{"slots":{"images/HIT":{"attachment":[{"time":0,"name":"images/HIT"}]},"images/coin0":{"attachment":[{"time":0,"name":"images/coin0"},{"time":1,"name":"images/coin0"}]}}},"1":{"slots":{"images/HIT":{"attachment":[{"time":0,"name":"images/HIT"}]},"images/coin0":{"attachment":[{"time":0,"name":"images/coin1"},{"time":1,"name":"images/coin1"}]}}},"2":{"slots":{"images/HIT":{"attachment":[{"time":0,"name":"images/HIT"}]},"images/coin0":{"attachment":[{"time":0,"name":"images/coin2"},{"time":1,"name":"images/coin2"}]}}},"3":{"slots":{"images/HIT":{"attachment":[{"time":0,"name":"images/HIT"}]},"images/coin0":{"attachment":[{"time":0,"name":"images/coin3"},{"time":1,"name":"images/coin3"}]}}},"4":{"slots":{"images/HIT":{"attachment":[{"time":0,"name":"images/HIT"}]},"images/coin0":{"attachment":[{"time":0,"name":"images/coin4"},{"time":1,"name":"images/coin4"}]}}},"5":{"slots":{"images/HIT":{"attachment":[{"time":0,"name":"images/HIT"}]},"images/coin0":{"attachment":[{"time":0,"name":"images/coin5"},{"time":1,"name":"images/coin5"}]}}},"6":{"slots":{"images/HIT":{"attachment":[{"time":0,"name":"images/HIT"}]},"images/coin0":{"attachment":[{"time":0,"name":"images/coin6"},{"time":1,"name":"images/coin6"}]}}},"7":{"slots":{"images/HIT":{"attachment":[{"time":0,"name":"images/HIT"}]},"images/coin0":{"attachment":[{"time":0,"name":"images/coin7"},{"time":1,"name":"images/coin7"}]}}},"8":{"slots":{"images/HIT":{"attachment":[{"time":0,"name":"images/HIT"}]},"images/coin0":{"attachment":[{"time":0,"name":"images/coin8"},{"time":1,"name":"images/coin8"}]}}},"9":{"slots":{"images/HIT":{"attachment":[{"time":0,"name":"images/HIT"}]},"images/coin0":{"attachment":[{"time":0,"name":"images/coin9"},{"time":1,"name":"images/coin9"}]}}},"00":{"slots":{"images/coin1":{"attachment":[{"time":0,"name":"images/coin0"},{"time":1,"name":"images/coin0"}]}}},"10":{"slots":{"images/coin1":{"attachment":[{"time":0,"name":"images/coin2"},{"time":1,"name":null}]}}},"20":{"slots":{"images/coin1":{"attachment":[{"time":0,"name":"images/coin3"},{"time":1,"name":"images/coin3"}]}}},"30":{"slots":{"images/coin1":{"attachment":[{"time":0,"name":"images/coin4"},{"time":1,"name":"images/coin4"}]}}},"40":{"slots":{"images/coin1":{"attachment":[{"time":0,"name":"images/coin5"},{"time":1,"name":"images/coin5"}]}}},"50":{"slots":{"images/coin1":{"attachment":[{"time":0,"name":"images/coin6"},{"time":1,"name":"images/coin6"}]}}},"60":{"slots":{"images/coin1":{"attachment":[{"time":0,"name":"images/coin7"},{"time":1,"name":"images/coin7"}]}}},"70":{"slots":{"images/coin1":{"attachment":[{"time":0,"name":"images/coin8"},{"time":1,"name":"images/coin8"}]}}},"80":{"slots":{"images/coin1":{"attachment":[{"time":0,"name":"images/coin9"},{"time":1,"name":"images/coin9"}]}}},"90":{"slots":{"images/coin1":{"attachment":[{"time":0,"name":"images/coin10"},{"time":1,"name":"images/coin10"}]}}},"none":{"slots":{"images/coin0":{"attachment":[{"time":0,"name":null}]}}},"none2":{"slots":{"images/coin1":{"attachment":[{"time":0,"name":null}]}}}}}