{"skeleton":{"hash":"2D7sMz9Pm7csEtS7HsSvi9WjC0A","spine":"3.0.12","width":1180,"height":1199.42},"bones":[{"name":"root"},{"name":"MAIN","parent":"root","y":74.55},{"name":"SHADOW-OFFSET","parent":"MAIN","y":-43.64},{"name":"HITBOX","parent":"MAIN","y":-21.11},{"name":"EF_trail","parent":"root","x":-189.92,"y":107.8},{"name":"EFWave","parent":"root"},{"name":"EF_S1_wave3","parent":"EFWave","x":43.77,"scaleX":4.5,"scaleY":4},{"name":"EF_S1_wave2","parent":"EFWave","x":43.77,"scaleX":4.5,"scaleY":4},{"name":"EF_S1_wave1","parent":"EFWave","x":-40.9,"scaleX":4.5,"scaleY":4},{"name":"DAMAGEAREA","parent":"root","y":-10.64}],"slots":[{"name":"grid/bg","bone":"root"},{"name":"grid/grid","bone":"root","blend":"additive"},{"name":"EF_S1_wave1","bone":"EF_S1_wave1","blend":"additive"},{"name":"EF_S1_wave2","bone":"EF_S1_wave2","blend":"additive"},{"name":"EF_S1_wave3","bone":"EF_S1_wave3","blend":"additive"},{"name":"EF/sword_trail/10000-combo_16_ef2_1F","bone":"EF_trail","color":"00ff53ff","blend":"additive"},{"name":"MAIN","bone":"MAIN","attachment":"idle_00"},{"name":"EF/sword_trail/10000-combo_16_ef2_1B","bone":"EF_trail","color":"00ff53ff","blend":"additive"},{"name":"DAMAGEAREA","bone":"DAMAGEAREA"},{"name":"HITBOX","bone":"HITBOX","attachment":"HITBOX"}],"skins":{"default":{"DAMAGEAREA":{"DAMAGEAREA":{"type":"boundingbox","vertices":[-96.42799,108.34128,-98.19504,-89.82944,95.24487,-88.5814,96.49289,109.85052]}},"EF/sword_trail/10000-combo_16_ef2_1B":{"EF/sword_trail/10000-combo_16_ef2_1B":{"x":56.99,"y":-16.19,"scaleX":-1,"width":412,"height":342}},"EF/sword_trail/10000-combo_16_ef2_1F":{"EF/sword_trail/10000-combo_16_ef2_1F":{"x":57.04,"y":-15.46,"scaleX":-1,"width":412,"height":342}},"EF_S1_wave1":{"EF/130_S1_wave1/130_S1_wave1_00":{"x":1.47,"y":10.02,"width":240,"height":240},"EF/130_S1_wave1/130_S1_wave1_01":{"x":1.47,"y":10.02,"width":240,"height":240},"EF/130_S1_wave1/130_S1_wave1_02":{"x":1.47,"y":10.02,"width":240,"height":240},"EF/130_S1_wave1/130_S1_wave1_03":{"x":1.47,"y":10.02,"width":240,"height":240},"EF/130_S1_wave1/130_S1_wave1_04":{"x":1.47,"y":10.02,"width":240,"height":240},"EF/130_S1_wave1/130_S1_wave1_05":{"x":1.47,"y":10.02,"width":240,"height":240},"EF/130_S1_wave1/130_S1_wave1_06":{"x":1.47,"y":10.02,"width":240,"height":240},"EF/130_S1_wave1/130_S1_wave1_07":{"x":1.47,"y":10.02,"width":240,"height":240},"EF/130_S1_wave1/130_S1_wave1_08":{"x":1.47,"y":10.02,"width":240,"height":240},"EF/130_S1_wave1/130_S1_wave1_09":{"x":1.47,"y":10.02,"width":240,"height":240},"EF/130_S1_wave1/130_S1_wave1_10":{"x":1.46,"y":10.02,"width":240,"height":240}},"EF_S1_wave2":{"EF/130_S1_wave1/130_S1_wave1_00":{"x":1.47,"y":10.02,"width":240,"height":240},"EF/130_S1_wave1/130_S1_wave1_01":{"x":1.47,"y":10.02,"width":240,"height":240},"EF/130_S1_wave1/130_S1_wave1_02":{"x":1.47,"y":10.02,"width":240,"height":240},"EF/130_S1_wave1/130_S1_wave1_03":{"x":1.47,"y":10.02,"width":240,"height":240},"EF/130_S1_wave1/130_S1_wave1_04":{"x":1.47,"y":10.02,"width":240,"height":240},"EF/130_S1_wave1/130_S1_wave1_05":{"x":1.47,"y":10.02,"width":240,"height":240},"EF/130_S1_wave1/130_S1_wave1_06":{"x":1.47,"y":10.02,"width":240,"height":240},"EF/130_S1_wave1/130_S1_wave1_07":{"x":1.47,"y":10.02,"width":240,"height":240},"EF/130_S1_wave1/130_S1_wave1_08":{"x":1.47,"y":10.02,"width":240,"height":240},"EF/130_S1_wave1/130_S1_wave1_09":{"x":1.47,"y":10.02,"width":240,"height":240},"EF/130_S1_wave1/130_S1_wave1_10":{"x":1.46,"y":10.02,"width":240,"height":240}},"EF_S1_wave3":{"EF/130_S1_wave1/130_S1_wave1_00":{"x":1.47,"y":10.02,"width":240,"height":240},"EF/130_S1_wave1/130_S1_wave1_01":{"x":1.47,"y":10.02,"width":240,"height":240},"EF/130_S1_wave1/130_S1_wave1_02":{"x":1.47,"y":10.02,"width":240,"height":240},"EF/130_S1_wave1/130_S1_wave1_03":{"x":1.47,"y":10.02,"width":240,"height":240},"EF/130_S1_wave1/130_S1_wave1_04":{"x":1.47,"y":10.02,"width":240,"height":240},"EF/130_S1_wave1/130_S1_wave1_05":{"x":1.47,"y":10.02,"width":240,"height":240},"EF/130_S1_wave1/130_S1_wave1_06":{"x":1.47,"y":10.02,"width":240,"height":240},"EF/130_S1_wave1/130_S1_wave1_07":{"x":1.47,"y":10.02,"width":240,"height":240},"EF/130_S1_wave1/130_S1_wave1_08":{"x":1.47,"y":10.02,"width":240,"height":240},"EF/130_S1_wave1/130_S1_wave1_09":{"x":1.47,"y":10.02,"width":240,"height":240},"EF/130_S1_wave1/130_S1_wave1_10":{"x":1.46,"y":10.02,"width":240,"height":240}},"HITBOX":{"HITBOX":{"type":"boundingbox","vertices":[-98.19504,120.65527,-99.44308,-56.56067,97.74084,-54.06467,98.98886,120.65527]}},"MAIN":{"attack1_00":{"x":-2.1,"y":-26.56,"width":395,"height":427},"attack1_01":{"x":-2.52,"y":-26.13,"width":395,"height":427},"attack1_02":{"x":-2.94,"y":-27.4,"width":395,"height":427},"attack1_03":{"y":-27.82,"width":403,"height":427},"attack1_04":{"x":2.1,"y":-27.4,"width":403,"height":427},"attack1_05":{"x":11.46,"y":11.09,"width":395,"height":358},"attack1_06":{"x":11.03,"y":11.09,"width":365,"height":414},"attack1_07":{"x":11,"y":11.09,"width":365,"height":414},"attack1_08":{"x":41.07,"y":2.53,"width":365,"height":380},"attack1_09":{"x":28.7,"y":11.09,"width":365,"height":414},"attack1_10":{"x":26.55,"y":11.09,"width":365,"height":414},"attack1_11":{"x":28.43,"y":13.43,"width":365,"height":414},"back_00":{"x":17,"y":18.71,"width":386,"height":391},"damage_00":{"x":-3.58,"y":21.28,"width":352,"height":332},"front_00":{"x":-20.06,"y":1.2,"width":372,"height":352},"idle_00":{"x":7.23,"y":1.45,"width":261,"height":262},"idle_01":{"x":7.23,"y":1.45,"width":261,"height":262},"idle_02":{"x":7.23,"y":1.45,"width":261,"height":262},"idle_03":{"x":7.23,"y":1.45,"width":261,"height":262},"idle_04":{"x":7.23,"y":1.45,"width":261,"height":262},"skill1_00":{"x":10.5,"y":5.12,"width":434,"height":410},"skill1_01":{"x":10.5,"y":5.12,"width":434,"height":410},"skill1_02":{"x":10.5,"y":5.12,"width":434,"height":410},"skill1_03":{"x":10.5,"y":5.12,"width":434,"height":410},"skill1_04":{"x":6.69,"y":13.85,"width":425,"height":424},"skill2_00":{"x":13.75,"y":11.9,"width":461,"height":404},"skill2_01":{"x":13.75,"y":11.9,"width":461,"height":404},"skill2_02":{"x":13.75,"y":11.9,"width":461,"height":404},"skill2_03":{"x":13.75,"y":11.9,"width":461,"height":404},"skill2_04":{"x":13.75,"y":11.9,"width":461,"height":404},"skill2_05":{"x":13.75,"y":11.9,"width":461,"height":404}}}},"events":{"Event":{},"Hit":{},"Sound_1":{},"Sound_2":{},"Sound_3":{},"Voice":{}},"animations":{"attack1":{"slots":{"DAMAGEAREA":{"attachment":[{"time":0.8666,"name":"DAMAGEAREA"},{"time":0.9666,"name":null},{"time":2.6,"name":"DAMAGEAREA"},{"time":2.7666,"name":null}]},"EF/sword_trail/10000-combo_16_ef2_1B":{"attachment":[{"time":0.8666,"name":"EF/sword_trail/10000-combo_16_ef2_1B"},{"time":0.9,"name":null}]},"EF/sword_trail/10000-combo_16_ef2_1F":{"attachment":[{"time":0.8666,"name":"EF/sword_trail/10000-combo_16_ef2_1F"},{"time":0.9,"name":null}]},"EF_S1_wave1":{"attachment":[{"time":2.5333,"name":"EF/130_S1_wave1/130_S1_wave1_00"},{"time":2.5666,"name":"EF/130_S1_wave1/130_S1_wave1_02"},{"time":2.6,"name":"EF/130_S1_wave1/130_S1_wave1_04"},{"time":2.6333,"name":"EF/130_S1_wave1/130_S1_wave1_06"},{"time":2.6666,"name":"EF/130_S1_wave1/130_S1_wave1_08"},{"time":2.7,"name":"EF/130_S1_wave1/130_S1_wave1_10"}],"color":[{"time":2.7,"color":"ffffffff"},{"time":2.8,"color":"ffffff00"}]},"MAIN":{"attachment":[{"time":0,"name":"idle_01"},{"time":0.1,"name":"attack1_00"},{"time":0.3,"name":"attack1_01"},{"time":0.4666,"name":"attack1_02"},{"time":0.8666,"name":"attack1_03"},{"time":0.9,"name":"attack1_04"},{"time":1.3333,"name":"attack1_05"},{"time":1.4666,"name":"attack1_06"},{"time":1.7,"name":"attack1_07"},{"time":1.9333,"name":"attack1_08"},{"time":2.5,"name":"attack1_09"},{"time":2.5666,"name":"attack1_10"},{"time":3,"name":"attack1_09"}]}},"bones":{"MAIN":{"translate":[{"time":0,"x":0,"y":0,"curve":"stepped"},{"time":0.1,"x":0,"y":0},{"time":0.7333,"x":1.03,"y":0,"curve":"stepped"},{"time":0.8666,"x":-56.92,"y":0},{"time":0.9,"x":-72.6,"y":0},{"time":0.9333,"x":-56.92,"y":0,"curve":"stepped"},{"time":1.3333,"x":-33.77,"y":0,"curve":"stepped"},{"time":1.4666,"x":0,"y":0,"curve":"stepped"},{"time":2.5666,"x":0,"y":4.65},{"time":2.6,"x":0,"y":-17.37},{"time":2.6333,"x":0,"y":17.87},{"time":2.6666,"x":0,"y":5.07}]},"EF_S1_wave1":{"scale":[{"time":2.7,"x":1,"y":1},{"time":2.8,"x":1.177,"y":1.177}]},"EF_trail":{"rotate":[{"time":0.8666,"angle":170.7}],"translate":[{"time":0.8666,"x":130.91,"y":-63.87},{"time":0.9,"x":129.08,"y":-57.19}],"scale":[{"time":0.8666,"x":0.898,"y":1.128}]},"DAMAGEAREA":{"translate":[{"time":0.8666,"x":-170.61,"y":37.72,"curve":"stepped"},{"time":2.6,"x":-53.96,"y":16.62}],"scale":[{"time":0.8666,"x":0.955,"y":0.438,"curve":"stepped"},{"time":2.6,"x":1.874,"y":0.333}]}},"events":[{"time":0.0333,"name":"Event","float":0.25,"string":"kHitStopType_normal"},{"time":0.1,"name":"Sound_1","string":"cri_se_battle_rock_noise"},{"time":0.8,"name":"Sound_2","string":"cri_se_battle_skill_shot"},{"time":0.8333,"name":"Sound_1","string":"setHitSound(se_battle_hard_hit)"},{"time":0.8333,"name":"Voice","string":"cri_013_voice_attack_random"},{"time":1.3333,"name":"Sound_1","string":"cri_se_battle_rock_noise"},{"time":1.4666,"name":"Sound_1","string":"cri_se_battle_rock_noise"},{"time":1.7,"name":"Sound_1","string":"cri_se_battle_rock_noise"},{"time":2.4666,"name":"Event","float":0.25,"string":"kHitStopType_enemyonly"},{"time":2.4666,"name":"Sound_1","string":"cri_se_battle_monster_footstep"},{"time":2.4666,"name":"Voice","string":"cri_013_voice_attack_c"},{"time":2.7,"name":"Hit","string":"resetHitList"}]},"back":{"slots":{"MAIN":{"attachment":[{"time":0,"name":"attack1_09"},{"time":0.0666,"name":"attack1_10"},{"time":0.1,"name":"back_00"},{"time":0.3666,"name":"idle_03"},{"time":0.5333,"name":"idle_02"},{"time":0.7,"name":"idle_01"},{"time":0.8,"name":"idle_01"}]}},"bones":{"MAIN":{"translate":[{"time":0,"x":0,"y":5.7},{"time":0.0666,"x":0,"y":0},{"time":0.1,"x":31.11,"y":12.87},{"time":0.2333,"x":77.77,"y":33.41},{"time":0.4,"x":127.03,"y":-2.95},{"time":0.4333,"x":128.47,"y":-15.12},{"time":0.4666,"x":129.91,"y":5.41},{"time":0.5,"x":131.35,"y":-11.72},{"time":0.5333,"x":134.29,"y":-3.76,"curve":[0.167,0.94,0.728,0.94]},{"time":0.8,"x":140,"y":-2.44}]}},"events":[{"time":0.1,"name":"Sound_1","string":"cri_se_battle_monster_landing"},{"time":0.3666,"name":"Sound_1","string":"cri_se_battle_monster_footstep"}]},"cast":{"slots":{"MAIN":{"attachment":[{"time":0,"name":"idle_00"},{"time":0.0666,"name":"skill1_00"},{"time":0.1,"name":"skill1_01"},{"time":0.1666,"name":"skill1_02"},{"time":0.5,"name":"skill1_03"},{"time":0.5333,"name":"skill1_04"},{"time":0.8333,"name":"idle_00"}]}},"events":[{"time":0.5,"name":"Voice","string":"cri_013_voice_item"}]},"damage":{"slots":{"MAIN":{"attachment":[{"time":0,"name":"damage_00"}]}}},"front":{"slots":{"MAIN":{"attachment":[{"time":0,"name":"front_00"}]}},"bones":{"MAIN":{"rotate":[{"time":0,"angle":5.39}],"translate":[{"time":0,"x":0.06,"y":-0.65}]}}},"idle":{"slots":{"MAIN":{"attachment":[{"time":0,"name":"idle_00"},{"time":0.2,"name":"idle_01"},{"time":0.4,"name":"idle_02"},{"time":0.6333,"name":"idle_03"},{"time":0.8,"name":"idle_04"},{"time":1,"name":"idle_00"}]}}},"skill1":{"slots":{"DAMAGEAREA":{"attachment":[{"time":0.7333,"name":"DAMAGEAREA"},{"time":1,"name":null},{"time":2.2333,"name":"DAMAGEAREA"},{"time":2.6333,"name":null}]},"MAIN":{"attachment":[{"time":0,"name":"attack1_02"},{"time":0.0666,"name":"skill1_00"},{"time":0.1,"name":"skill1_01"},{"time":0.1666,"name":"skill1_02"},{"time":0.6333,"name":"skill1_03"},{"time":0.6666,"name":"skill1_04"},{"time":1.3,"name":"idle_01"},{"time":1.4,"name":"attack1_00"},{"time":1.6,"name":"attack1_01"},{"time":1.7666,"name":"attack1_02"},{"time":2.1666,"name":"attack1_03"},{"time":2.2,"name":"attack1_04"},{"time":2.7,"name":"attack1_04"}]}},"bones":{"MAIN":{"translate":[{"time":0,"x":1.03,"y":0,"curve":"stepped"},{"time":0.0666,"x":0,"y":-2.01,"curve":"stepped"},{"time":0.1,"x":0,"y":-6.8,"curve":"stepped"},{"time":0.1666,"x":0,"y":-10.07,"curve":"stepped"},{"time":0.6333,"x":0,"y":0,"curve":"stepped"},{"time":0.6666,"x":0,"y":0,"curve":"stepped"},{"time":1.4,"x":0,"y":0},{"time":2.0333,"x":1.03,"y":0,"curve":"stepped"},{"time":2.1666,"x":-19.67,"y":0},{"time":2.2,"x":-28.01,"y":0},{"time":2.2333,"x":-19.67,"y":0}]},"DAMAGEAREA":{"translate":[{"time":0,"x":-128.42,"y":35.11,"curve":"stepped"},{"time":0.7333,"x":-128.42,"y":35.11,"curve":"stepped"},{"time":2.2333,"x":-146.45,"y":35.11}],"scale":[{"time":0,"x":1.166,"y":0.334,"curve":"stepped"},{"time":0.7333,"x":1.166,"y":0.334,"curve":"stepped"},{"time":2.2333,"x":1.359,"y":0.334}]}},"events":[{"time":0.0333,"name":"Event","float":0.2,"string":"kHitStopType_normal"},{"time":0.6333,"name":"Sound_1","string":"cri_se_battle_rock_dense"},{"time":0.6333,"name":"Sound_2","string":"cri_se_battle_rock_noise"},{"time":0.6333,"name":"Sound_3","string":"setHitSound(se_battle_hard_hit)"},{"time":0.7,"name":"Event","string":"shakeGround"},{"time":0.7333,"name":"Event","string":"kImpactType_up"},{"time":1.4,"name":"Sound_1","string":"cri_se_battle_rock_noise"},{"time":2.0333,"name":"Voice","string":"cri_013_voice_skill_all"},{"time":2.1333,"name":"Event","float":0.25,"string":"kHitStopType_normal"},{"time":2.1666,"name":"Sound_1","string":"cri_se_battle_rock_separation"},{"time":2.1666,"name":"Sound_2","string":"cri_se_battle_rock_noise"},{"time":2.1666,"name":"Sound_3","string":"cri_se_battle_monster_hit"},{"time":2.2,"name":"Event","string":"shakeGround"},{"time":2.2,"name":"Sound_1","string":"cri_se_battle_thunder_small"},{"time":2.2333,"name":"Event","string":"kImpactType_knock"},{"time":2.2333,"name":"Hit","string":"resetHitList"}]},"skill2":{"slots":{"EF_S1_wave1":{"attachment":[{"time":0.6666,"name":"EF/130_S1_wave1/130_S1_wave1_00"},{"time":0.7,"name":"EF/130_S1_wave1/130_S1_wave1_01"},{"time":0.7333,"name":"EF/130_S1_wave1/130_S1_wave1_02"},{"time":0.7666,"name":"EF/130_S1_wave1/130_S1_wave1_03"},{"time":0.8,"name":"EF/130_S1_wave1/130_S1_wave1_04"},{"time":0.8333,"name":"EF/130_S1_wave1/130_S1_wave1_05"},{"time":0.8666,"name":"EF/130_S1_wave1/130_S1_wave1_06"},{"time":0.9,"name":"EF/130_S1_wave1/130_S1_wave1_07"},{"time":0.9333,"name":"EF/130_S1_wave1/130_S1_wave1_08"},{"time":0.9666,"name":"EF/130_S1_wave1/130_S1_wave1_09"},{"time":1,"name":"EF/130_S1_wave1/130_S1_wave1_10"},{"time":1.0333,"name":null}]},"EF_S1_wave2":{"attachment":[{"time":0.9333,"name":"EF/130_S1_wave1/130_S1_wave1_00"},{"time":0.9666,"name":"EF/130_S1_wave1/130_S1_wave1_01"},{"time":1,"name":"EF/130_S1_wave1/130_S1_wave1_02"},{"time":1.0333,"name":"EF/130_S1_wave1/130_S1_wave1_03"},{"time":1.0666,"name":"EF/130_S1_wave1/130_S1_wave1_04"},{"time":1.1,"name":"EF/130_S1_wave1/130_S1_wave1_05"},{"time":1.1333,"name":"EF/130_S1_wave1/130_S1_wave1_06"},{"time":1.1666,"name":"EF/130_S1_wave1/130_S1_wave1_07"},{"time":1.2,"name":"EF/130_S1_wave1/130_S1_wave1_08"},{"time":1.2333,"name":"EF/130_S1_wave1/130_S1_wave1_09"},{"time":1.2666,"name":"EF/130_S1_wave1/130_S1_wave1_10"},{"time":1.3,"name":null}]},"EF_S1_wave3":{"attachment":[{"time":1.2333,"name":"EF/130_S1_wave1/130_S1_wave1_00"},{"time":1.2666,"name":"EF/130_S1_wave1/130_S1_wave1_01"},{"time":1.3,"name":"EF/130_S1_wave1/130_S1_wave1_02"},{"time":1.3333,"name":"EF/130_S1_wave1/130_S1_wave1_03"},{"time":1.3666,"name":"EF/130_S1_wave1/130_S1_wave1_04"},{"time":1.4,"name":"EF/130_S1_wave1/130_S1_wave1_05"},{"time":1.4333,"name":"EF/130_S1_wave1/130_S1_wave1_06"},{"time":1.4666,"name":"EF/130_S1_wave1/130_S1_wave1_07"},{"time":1.5,"name":"EF/130_S1_wave1/130_S1_wave1_08"},{"time":1.5333,"name":"EF/130_S1_wave1/130_S1_wave1_09"},{"time":1.5666,"name":"EF/130_S1_wave1/130_S1_wave1_10"},{"time":1.6,"name":null}]},"MAIN":{"attachment":[{"time":0,"name":"skill2_05"},{"time":0.0666,"name":"skill2_00"},{"time":0.1333,"name":"skill2_01"},{"time":0.2,"name":"skill2_02"},{"time":0.6666,"name":"skill2_03"},{"time":0.7,"name":"skill2_04"},{"time":0.7333,"name":"skill2_05"},{"time":1.1666,"name":"skill2_05"}]}},"bones":{"EF_S1_wave1":{"translate":[{"time":0.6666,"x":40.9,"y":0}],"scale":[{"time":0.6666,"x":1,"y":1},{"time":1.0333,"x":1.013,"y":1.013}]},"EF_S1_wave2":{"translate":[{"time":0.9333,"x":-43.77,"y":0}],"scale":[{"time":0.9333,"x":1,"y":1},{"time":1.3,"x":1.027,"y":1.027}]},"EF_S1_wave3":{"translate":[{"time":1.2333,"x":-43.77,"y":0}],"scale":[{"time":1.2333,"x":1,"y":1},{"time":1.6,"x":1.141,"y":1.141}]},"EFWave":{"scale":[{"time":0,"x":0.6,"y":0.6}]}},"events":[{"time":0,"name":"Event","string":"setHItSum(1)"},{"time":0,"name":"Voice","string":"cri_013_voice_fullarts_now"},{"time":0.1333,"name":"Sound_1","string":"cri_se_battle_rock_noise"},{"time":0.6666,"name":"Event","float":-1,"string":"addOrbitSystem-cube1"},{"time":0.6666,"name":"Voice","string":"cri_013_voice_fullarts_rank1"},{"time":0.7,"name":"Event","string":"addOrbitSystem-empty1"}]}}}