{"skeleton":{"hash":"jVTY0i6IGoQz6pzZXk1vfEkKI4k","spine":"3.0.12","width":0,"height":0,"images":"./images/"},"bones":[{"name":"root"},{"name":"MAIN","parent":"root","x":1.35,"y":111.21},{"name":"HPBAR","parent":"MAIN","x":-1.35,"y":88.79},{"name":"EF","parent":"root","y":118.3},{"name":"S2_light1","parent":"EF","x":-298.35,"y":-270.39},{"name":"S1_wave1_2","parent":"EF","x":-110.38,"y":-187.45},{"name":"S1_wave1","parent":"EF","y":-187.45}],"slots":[{"name":"S1_wave1","bone":"S1_wave1","blend":"additive"},{"name":"S1_wave1_2","bone":"S1_wave1_2","blend":"additive"},{"name":"MAIN","bone":"MAIN","attachment":"idle_00"},{"name":"S2_light1","bone":"S2_light1","blend":"additive"}],"skins":{"default":{"MAIN":{"idle_00":{"x":-1.04,"y":15.77,"width":227,"height":276},"idle_01":{"x":-1.04,"y":15.77,"width":227,"height":276},"idle_02":{"x":-1.04,"y":15.77,"width":227,"height":276},"idle_03":{"x":-1.04,"y":15.77,"width":227,"height":276},"idle_04":{"x":-1.04,"y":15.77,"width":227,"height":276}}}},"events":{"Event":{},"Hit":{},"HitEffect":{},"Sound":{},"Sound_2":{}},"animations":{"idle":{"slots":{"MAIN":{"attachment":[{"time":0,"name":"idle_00"},{"time":0.1666,"name":"idle_01"},{"time":0.3333,"name":"idle_02"},{"time":0.5,"name":"idle_03"},{"time":0.6666,"name":"idle_04"},{"time":0.8333,"name":"idle_00"}]},"S1_wave1":{"attachment":[{"time":0,"name":null}]},"S1_wave1_2":{"attachment":[{"time":0,"name":null}]},"S2_light1":{"attachment":[{"time":0,"name":null}]}},"bones":{"MAIN":{"translate":[{"time":0,"x":0,"y":-14.92}]}},"events":[{"time":0.5,"name":"Sound","string":"cri_se_battle_Flutter"}]}}}