{"skeleton":{"hash":"iE3KDWphtnPcNbVxEkmsc7ivYJc","spine":"3.0.12","width":0,"height":0,"images":"./images2/"},"bones":[{"name":"root"},{"name":"other","parent":"root","x":5.45,"y":106.3,"scaleX":1.15,"scaleY":1.15},{"name":"other/other_attack_head","parent":"other","x":35.3,"y":-53.68},{"name":"grid","parent":"root"},{"name":"S2_water2","parent":"root","x":500,"y":200,"scaleX":5,"scaleY":5},{"name":"S2_water1","parent":"root","x":500,"y":200,"scaleX":5,"scaleY":5},{"name":"S2_rock1","parent":"root","x":-295,"scaleX":2.4,"scaleY":2.4},{"name":"S1_bigwave2","parent":"root","x":417.44,"y":300,"scaleX":5,"scaleY":5},{"name":"S1_bigwave1","parent":"root","x":417.44,"y":300,"scaleX":5,"scaleY":5},{"name":"MAIN","parent":"root","y":85.2,"scaleX":1.15,"scaleY":1.15},{"name":"SHADOW-OFFSET","parent":"MAIN","x":-10.59,"y":-70.66,"scaleX":1.3,"scaleY":1.3},{"name":"HITBOX","parent":"MAIN","x":-10.59,"y":-71.03},{"name":"EF/1000","parent":"root","x":-379.76,"y":77.81,"rotation":-56.3},{"name":"EF","parent":"root","x":-294.41,"y":-157.41},{"name":"DAMAGEAREA","parent":"root"},{"name":"wave1","parent":"root","x":717.44,"y":200},{"name":"wave2","parent":"root","x":717.44,"y":200,"scaleX":0.9,"scaleY":0.9},{"name":"wave3","parent":"root","x":717.44,"y":200},{"name":"wave4","parent":"root","x":717.44,"y":200,"scaleX":0.9,"scaleY":0.9},{"name":"weapon","parent":"root","x":-360.94,"y":-115.19}],"slots":[{"name":"grid/newUI","bone":"grid","color":"ffffff95"},{"name":"grid/grid","bone":"grid","color":"ffffff64"},{"name":"EF/660_S1_bigwave1/660_S1_bigwave1_00001","bone":"S1_bigwave1","blend":"additive"},{"name":"EF/660_S1_bigwave1/660_S1_bigwave1_1","bone":"S1_bigwave2","blend":"additive"},{"name":"EF/610_S1_wave1/610_S1_wave1_00003","bone":"wave1","blend":"additive"},{"name":"EF/610_S1_wave1/610_S1_wave1_3","bone":"wave2","blend":"additive"},{"name":"EF/610_S1_wave1/610_S1_wave1_4","bone":"wave3","blend":"additive"},{"name":"EF/610_S1_wave1/610_S1_wave1_5","bone":"wave4","blend":"additive"},{"name":"EF/610_S2_water1/610_S2_water1_00000","bone":"S2_water1","blend":"additive"},{"name":"EF/610_S2_water1/610_S2_water1_0","bone":"S2_water2","blend":"additive"},{"name":"EF/510_S2_rock1/510_S2_rock1_00000","bone":"S2_rock1","blend":"additive"},{"name":"EF/10000-combo_16_ef2_1B","bone":"EF/1000","color":"0060ffff","blend":"additive"},{"name":"EF/10000-combo_16_ef2_1F","bone":"EF/1000","color":"0060ffff","blend":"additive"},{"name":"other","bone":"other"},{"name":"MAIN","bone":"MAIN","attachment":"idle_00"},{"name":"EF/weapon_H_1","bone":"weapon"},{"name":"EF/eff_0","bone":"EF"},{"name":"HITBOX","bone":"HITBOX","attachment":"HITBOX"},{"name":"DAMAGEAREA","bone":"DAMAGEAREA"},{"name":"other/other_attack_head","bone":"other/other_attack_head"}],"skins":{"default":{"DAMAGEAREA":{"DAMAGEAREA":{"type":"boundingbox","vertices":[-99.22437,99.03557,-99.2253,-76.07156,98.86453,-75.64556,98.86453,98.58829,0,0,0,0,0,0,0,0]}},"EF/10000-combo_16_ef2_1B":{"EF/10000-combo_16_ef2_1B":{"x":-7.05,"y":-12.87,"rotation":56.3,"width":206,"height":171}},"EF/10000-combo_16_ef2_1F":{"EF/10000-combo_16_ef2_1F":{"x":-7.05,"y":-12.87,"rotation":56.3,"width":206,"height":171}},"EF/510_S2_rock1/510_S2_rock1_00000":{"EF/510_S2_rock1/510_S2_rock1_00000":{"width":180,"height":68}},"EF/610_S1_wave1/610_S1_wave1_00003":{"EF/610_S1_wave1/610_S1_wave1_00003":{"y":7,"width":180,"height":56},"EF/610_S1_wave1/610_S1_wave1_00005":{"y":7,"width":180,"height":56},"EF/610_S1_wave1/610_S1_wave1_00007":{"y":7,"width":180,"height":56},"EF/610_S1_wave1/610_S1_wave1_00009":{"y":7,"width":180,"height":56}},"EF/610_S1_wave1/610_S1_wave1_3":{"EF/610_S1_wave1/610_S1_wave1_00003":{"y":7,"width":180,"height":56},"EF/610_S1_wave1/610_S1_wave1_00005":{"y":7,"width":180,"height":56},"EF/610_S1_wave1/610_S1_wave1_00007":{"y":7,"width":180,"height":56},"EF/610_S1_wave1/610_S1_wave1_00009":{"y":7,"width":180,"height":56}},"EF/610_S1_wave1/610_S1_wave1_4":{"EF/610_S1_wave1/610_S1_wave1_00003":{"y":7,"width":180,"height":56},"EF/610_S1_wave1/610_S1_wave1_00005":{"y":7,"width":180,"height":56},"EF/610_S1_wave1/610_S1_wave1_00007":{"y":7,"width":180,"height":56},"EF/610_S1_wave1/610_S1_wave1_00009":{"y":7,"width":180,"height":56}},"EF/610_S1_wave1/610_S1_wave1_5":{"EF/610_S1_wave1/610_S1_wave1_00003":{"y":7,"width":180,"height":56},"EF/610_S1_wave1/610_S1_wave1_00005":{"y":7,"width":180,"height":56},"EF/610_S1_wave1/610_S1_wave1_00007":{"y":7,"width":180,"height":56},"EF/610_S1_wave1/610_S1_wave1_00009":{"y":7,"width":180,"height":56}},"EF/610_S2_water1/610_S2_water1_0":{"EF/610_S2_water1/610_S2_water1_00000":{"y":5,"width":180,"height":180},"EF/610_S2_water1/610_S2_water1_00002":{"y":5,"width":180,"height":180},"EF/610_S2_water1/610_S2_water1_00004":{"y":5,"width":180,"height":180},"EF/610_S2_water1/610_S2_water1_00006":{"y":5,"width":180,"height":180},"EF/610_S2_water1/610_S2_water1_00007":{"y":5,"width":180,"height":180},"EF/610_S2_water1/610_S2_water1_00009":{"y":5,"width":180,"height":180},"EF/610_S2_water1/610_S2_water1_00011":{"y":5,"width":180,"height":180},"EF/610_S2_water1/610_S2_water1_00013":{"y":5,"width":180,"height":180},"EF/610_S2_water1/610_S2_water1_00014":{"y":5,"width":180,"height":180}},"EF/610_S2_water1/610_S2_water1_00000":{"EF/610_S2_water1/610_S2_water1_00000":{"y":5,"width":180,"height":180},"EF/610_S2_water1/610_S2_water1_00002":{"y":5,"width":180,"height":180},"EF/610_S2_water1/610_S2_water1_00004":{"y":5,"width":180,"height":180},"EF/610_S2_water1/610_S2_water1_00006":{"y":5,"width":180,"height":180},"EF/610_S2_water1/610_S2_water1_00007":{"y":5,"width":180,"height":180},"EF/610_S2_water1/610_S2_water1_00009":{"y":5,"width":180,"height":180},"EF/610_S2_water1/610_S2_water1_00011":{"y":5,"width":180,"height":180},"EF/610_S2_water1/610_S2_water1_00013":{"y":5,"width":180,"height":180},"EF/610_S2_water1/610_S2_water1_00014":{"y":5,"width":180,"height":180}},"EF/660_S1_bigwave1/660_S1_bigwave1_00001":{"EF/660_S1_bigwave1/660_S1_bigwave1_00001":{"x":-38.46,"width":150,"height":150},"EF/660_S1_bigwave1/660_S1_bigwave1_00002":{"x":-38.46,"width":150,"height":150},"EF/660_S1_bigwave1/660_S1_bigwave1_00003":{"x":-38.46,"width":150,"height":150},"EF/660_S1_bigwave1/660_S1_bigwave1_00004":{"x":-38.46,"width":150,"height":150},"EF/660_S1_bigwave1/660_S1_bigwave1_00006":{"x":-38.46,"width":150,"height":150},"EF/660_S1_bigwave1/660_S1_bigwave1_00008":{"x":-38.46,"width":150,"height":150},"EF/660_S1_bigwave1/660_S1_bigwave1_00010":{"x":-38.46,"width":150,"height":150},"EF/660_S1_bigwave1/660_S1_bigwave1_00011":{"x":-38.46,"width":150,"height":150},"EF/660_S1_bigwave1/660_S1_bigwave1_00012":{"x":-38.46,"width":150,"height":150},"EF/660_S1_bigwave1/660_S1_bigwave1_00013":{"x":-38.46,"width":150,"height":150},"EF/660_S1_bigwave1/660_S1_bigwave1_00014":{"x":-38.46,"width":150,"height":150}},"EF/660_S1_bigwave1/660_S1_bigwave1_1":{"EF/660_S1_bigwave1/660_S1_bigwave1_00001":{"x":-38.46,"width":150,"height":150},"EF/660_S1_bigwave1/660_S1_bigwave1_00002":{"x":-38.46,"width":150,"height":150},"EF/660_S1_bigwave1/660_S1_bigwave1_00003":{"x":-38.46,"width":150,"height":150},"EF/660_S1_bigwave1/660_S1_bigwave1_00004":{"x":-38.46,"width":150,"height":150},"EF/660_S1_bigwave1/660_S1_bigwave1_00006":{"x":-38.46,"width":150,"height":150},"EF/660_S1_bigwave1/660_S1_bigwave1_00008":{"x":-38.46,"width":150,"height":150},"EF/660_S1_bigwave1/660_S1_bigwave1_00010":{"x":-38.46,"width":150,"height":150},"EF/660_S1_bigwave1/660_S1_bigwave1_00011":{"x":-38.46,"width":150,"height":150},"EF/660_S1_bigwave1/660_S1_bigwave1_00012":{"x":-38.46,"width":150,"height":150},"EF/660_S1_bigwave1/660_S1_bigwave1_00013":{"x":-38.46,"width":150,"height":150},"EF/660_S1_bigwave1/660_S1_bigwave1_00014":{"x":-38.46,"width":150,"height":150}},"EF/eff_0":{"EF/eff_0":{"x":10.46,"y":13.24,"scaleX":2,"scaleY":2,"width":192,"height":180},"EF/eff_1":{"x":10.46,"y":13.24,"scaleX":2,"scaleY":2,"width":192,"height":180}},"EF/weapon_H_1":{"EF/weapon_H_1":{"x":78.36,"y":32.19,"scaleX":2,"scaleY":2,"rotation":-18.51,"width":180,"height":180}},"HITBOX":{"HITBOX":{"type":"boundingbox","vertices":[-46.85582,171.10233,-46.85582,-7.63216,76.72228,-6.58489,76.72228,170.75323,0,0,0,0,0,0,0,0]}},"MAIN":{"attack1_00":{"x":-10.59,"y":24.38,"width":1071,"height":900},"attack1_01":{"x":-10.59,"y":24.38,"width":1071,"height":900},"attack1_02":{"x":-10.59,"y":24.38,"width":1071,"height":900},"attack1_03":{"x":-10.59,"y":24.38,"width":1071,"height":900},"attack1_04":{"x":-10.59,"y":24.38,"width":1071,"height":900},"attack1_05":{"x":-10.59,"y":24.38,"width":1071,"height":900},"attack1_06":{"x":-10.59,"y":24.38,"width":1071,"height":900},"attack1_07":{"x":-10.59,"y":24.38,"width":1071,"height":900},"attack1_08":{"x":-10.59,"y":24.38,"width":1071,"height":900},"attack1_09":{"x":-10.59,"y":24.38,"width":1071,"height":900},"back_00":{"x":-10.59,"y":24.38,"width":1071,"height":900},"damage_00":{"x":-10.59,"y":24.38,"width":1071,"height":900},"front_00":{"x":-10.59,"y":24.38,"width":1071,"height":900},"idle_00":{"x":-10.59,"y":24.38,"width":1071,"height":900},"idle_01":{"x":-10.59,"y":24.38,"width":1071,"height":900},"idle_02":{"x":-10.59,"y":24.38,"width":1071,"height":900},"idle_03":{"x":-10.59,"y":24.38,"width":1071,"height":900},"idle_04":{"x":-10.59,"y":24.38,"width":1071,"height":900},"skill1_00":{"x":-10.59,"y":24.38,"width":1071,"height":900},"skill1_01":{"x":-10.59,"y":24.38,"width":1071,"height":900},"skill1_02":{"x":-10.59,"y":24.38,"width":1071,"height":900},"skill1_04":{"x":-10.59,"y":24.38,"width":1071,"height":900},"skill1_06":{"x":-10.59,"y":24.38,"width":1071,"height":900},"skill1_07":{"x":-10.59,"y":24.38,"width":1071,"height":900},"skill2_00":{"x":-10.59,"y":24.38,"width":1071,"height":900},"skill2_01":{"x":-10.59,"y":24.38,"width":1071,"height":900},"skill2_02":{"x":-10.59,"y":24.38,"width":1071,"height":900},"skill2_03":{"x":-10.59,"y":24.38,"width":1071,"height":900},"skill2_04":{"x":-10.59,"y":24.38,"width":1071,"height":900},"skill2_05":{"x":-10.59,"y":24.38,"width":1071,"height":900},"skill2_06":{"x":-10.59,"y":24.38,"width":1071,"height":900}},"other":{"other/other_attack1_00":{"x":-6.33,"y":57.73,"width":738,"height":593},"other/other_attack1_01":{"x":-6.33,"y":57.73,"width":738,"height":593},"other/other_attack1_02":{"x":-6.33,"y":57.73,"width":738,"height":593},"other/other_attack1_03":{"x":-6.33,"y":57.73,"width":738,"height":593}},"other/other_attack_head":{"other/other_attack_head":{"x":-41.64,"y":111.41,"width":868,"height":698}}}},"events":{"Event":{},"Event2":{},"Hit":{},"HitEffect":{},"Sound1":{},"Sound2":{},"Sound3":{},"View":{},"Voice":{}},"animations":{"attack1":{"slots":{"DAMAGEAREA":{"attachment":[{"time":0.5333,"name":"DAMAGEAREA"},{"time":0.6,"name":"DAMAGEAREA"},{"time":0.7,"name":null},{"time":1.0333,"name":"DAMAGEAREA"},{"time":1.1,"name":"DAMAGEAREA"},{"time":1.2,"name":null}]},"EF/10000-combo_16_ef2_1B":{"attachment":[{"time":0.5333,"name":"EF/10000-combo_16_ef2_1B"},{"time":0.5666,"name":null},{"time":1.0333,"name":"EF/10000-combo_16_ef2_1B"},{"time":1.0666,"name":null}]},"EF/10000-combo_16_ef2_1F":{"attachment":[{"time":0.5333,"name":"EF/10000-combo_16_ef2_1F"},{"time":0.5666,"name":null},{"time":1.0333,"name":"EF/10000-combo_16_ef2_1F"},{"time":1.0666,"name":null}]},"MAIN":{"attachment":[{"time":0,"name":"attack1_00"},{"time":0.1,"name":"attack1_01"},{"time":0.2,"name":"attack1_02"},{"time":0.5333,"name":"attack1_03"},{"time":0.6333,"name":"attack1_04"},{"time":0.8,"name":"attack1_05"},{"time":0.8666,"name":"attack1_06"},{"time":1.0333,"name":"attack1_07"},{"time":1.1,"name":"attack1_08"},{"time":1.1333,"name":"attack1_09"},{"time":1.3666,"name":"attack1_07"},{"time":1.5333,"name":"front_00"},{"time":1.6,"name":"back_00"},{"time":1.7666,"name":"idle_00"}]},"other":{"attachment":[{"time":0,"name":"other/other_attack1_00"},{"time":0.1666,"name":"other/other_attack1_01"},{"time":0.4,"name":"other/other_attack1_02"},{"time":0.5333,"name":"other/other_attack1_03"},{"time":0.7333,"name":"other/other_attack1_00"},{"time":0.9666,"name":"other/other_attack1_01"},{"time":1.0333,"name":"other/other_attack1_02"},{"time":1.0666,"name":"other/other_attack1_03"},{"time":1.1666,"name":"other/other_attack1_00"},{"time":1.5333,"name":null},{"time":1.7666,"name":null}]}},"bones":{"MAIN":{"translate":[{"time":0,"x":0,"y":0,"curve":[0.251,0.85,0.75,1]},{"time":0.3,"x":50.75,"y":4.79,"curve":"stepped"},{"time":0.5333,"x":-18.74,"y":12.5,"curve":[0.251,0.84,0.75,1]},{"time":0.8,"x":-44.99,"y":7.5,"curve":"stepped"},{"time":1.0333,"x":-72.49,"y":7.5,"curve":[0.227,0.85,0.75,1]},{"time":1.3333,"x":-96.24,"y":1.25,"curve":"stepped"},{"time":1.5333,"x":-96.24,"y":1.25,"curve":[0.239,0.79,0.75,1]},{"time":1.7666,"x":0,"y":0}]},"other":{"translate":[{"time":0,"x":0,"y":0,"curve":[0.303,0.86,0.75,1]},{"time":0.4666,"x":27.87,"y":3.67,"curve":"stepped"},{"time":0.5333,"x":77.36,"y":32.54,"curve":[0.228,0.66,0.75,1]},{"time":0.6,"x":-94.36,"y":11.82},{"time":0.7,"x":-103.8,"y":11.82,"curve":"stepped"},{"time":0.7333,"x":-94.36,"y":11.82,"curve":[0.25,0,0.75,1]},{"time":1.0333,"x":-71,"y":15.21,"curve":[0.253,0.44,0.613,0.76]},{"time":1.0666,"x":-181.18,"y":10.13,"curve":[0.357,0.74,0.757,1]},{"time":1.1333,"x":-217.84,"y":-4.6,"curve":[0.291,0.61,0.666,0.88]},{"time":1.4333,"x":-230.37,"y":-10.54,"curve":[0.378,0.83,0.728,1]},{"time":1.5333,"x":-133.41,"y":-6.38,"curve":[0.233,0.88,0.75,1]},{"time":1.5666,"x":-223.17,"y":-7.19,"curve":[0.23,0.83,0.75,1]},{"time":1.7666,"x":-5.45,"y":-7.19}]},"EF/1000":{"rotate":[{"time":0.5333,"angle":362.51,"curve":"stepped"},{"time":1.0333,"angle":-32.61}],"translate":[{"time":0.5333,"x":427.14,"y":73.18,"curve":"stepped"},{"time":1.0333,"x":344.15,"y":22.21}],"scale":[{"time":0.5333,"x":2.101,"y":3.203,"curve":"stepped"},{"time":1.0333,"x":-1.802,"y":3.082}]},"DAMAGEAREA":{"translate":[{"time":0.5333,"x":-82.97,"y":64.56,"curve":"stepped"},{"time":0.6,"x":-121.2,"y":64.56,"curve":"stepped"},{"time":1.0333,"x":-181.11,"y":56.09,"curve":"stepped"},{"time":1.1,"x":-243.03,"y":78.8}],"scale":[{"time":0.5333,"x":1.859,"y":0.837,"curve":"stepped"},{"time":0.6,"x":2.033,"y":1.116,"curve":"stepped"},{"time":1.0333,"x":1.7,"y":0.829,"curve":"stepped"},{"time":1.1,"x":1.929,"y":1.047}]}},"drawOrder":[{"time":1.0333,"offsets":[{"slot":"EF/10000-combo_16_ef2_1B","offset":2},{"slot":"EF/10000-combo_16_ef2_1F","offset":2}]}],"events":[{"time":0,"name":"HitEffect","string":"setHitEffect(hit06b,1,1.3,1)"},{"time":0.4666,"name":"Event","float":0.1,"string":"kHitStopType_normal"},{"time":0.5,"name":"Sound2","string":"cri_se_battle_sword_swish_heavy"},{"time":0.5333,"name":"Sound1","string":"setHitSound(se_battle_018_sword_hit_02)"},{"time":0.5333,"name":"Voice","string":"cri_057_voice_attack_random"},{"time":0.5666,"name":"Event","float":0.03,"string":"kHitStopType_normal"},{"time":0.6,"name":"Hit","float":0.8,"string":"resetHitList"},{"time":0.6,"name":"HitEffect","string":"setHitEffect(hit03b,1,1,1)"},{"time":0.6,"name":"Sound1","string":"setHitSound(se_battle_monster_claw)"},{"time":1,"name":"Event","float":0.1,"string":"kHitStopType_normal"},{"time":1,"name":"Sound2","string":"cri_se_battle_sword_swish_heavy"},{"time":1.0333,"name":"Hit","float":1.25,"string":"resetHitList"},{"time":1.0333,"name":"HitEffect","float":1.25,"string":"setHitEffect(hit06b,1,1.3,1)"},{"time":1.0333,"name":"Sound1","string":"setHitSound(se_battle_018_sword_hit_02)"},{"time":1.0333,"name":"Voice","string":"cri_057_voice_attack_c"},{"time":1.0666,"name":"Event","float":0.03,"string":"kHitStopType_normal"},{"time":1.1,"name":"Hit","float":1.05,"string":"resetHitList"},{"time":1.1,"name":"HitEffect","string":"setHitEffect(hit03b,1,1,1)"},{"time":1.1,"name":"Sound1","string":"setHitSound(se_battle_monster_claw)"}]},"back":{"slots":{"MAIN":{"attachment":[{"time":0,"name":"back_00"},{"time":0.3,"name":"idle_02"},{"time":0.6666,"name":"idle_00"}]}},"bones":{"MAIN":{"translate":[{"time":0,"x":0,"y":0},{"time":0.2,"x":125,"y":0,"curve":[0.232,0.77,0.75,1]},{"time":0.6,"x":140,"y":0}]}}},"cast":{"slots":{"EF/10000-combo_16_ef2_1B":{"attachment":[{"time":0.5,"name":"EF/10000-combo_16_ef2_1B"},{"time":0.5333,"name":null}]},"EF/10000-combo_16_ef2_1F":{"attachment":[{"time":0.5,"name":"EF/10000-combo_16_ef2_1F"},{"time":0.5333,"name":null}]},"MAIN":{"attachment":[{"time":0,"name":"attack1_00"},{"time":0.0666,"name":"attack1_01"},{"time":0.1333,"name":"attack1_02"},{"time":0.5,"name":"attack1_03"},{"time":0.5666,"name":"attack1_04"},{"time":1,"name":"attack1_00"}]},"other":{"attachment":[{"time":0,"name":"other/other_attack1_00"},{"time":0.1,"name":"other/other_attack1_01"},{"time":0.2,"name":"other/other_attack1_02"},{"time":0.5,"name":"other/other_attack1_01"},{"time":0.5666,"name":"other/other_attack1_00"}]},"other/other_attack_head":{"attachment":[{"time":0,"name":"other/other_attack_head"}]}},"bones":{"EF/1000":{"rotate":[{"time":0.5,"angle":-3.7}],"translate":[{"time":0.5,"x":430.55,"y":55.62}],"scale":[{"time":0.5,"x":2.101,"y":3.203}]},"other/other_attack_head":{"rotate":[{"time":0.1,"angle":-3.86,"curve":"stepped"},{"time":0.2,"angle":-0.57,"curve":"stepped"},{"time":0.5,"angle":-2.71,"curve":"stepped"},{"time":0.5666,"angle":0}],"translate":[{"time":0,"x":-1.54,"y":7.35,"curve":"stepped"},{"time":0.1,"x":2.12,"y":10.44,"curve":"stepped"},{"time":0.2,"x":6.38,"y":19.73,"curve":"stepped"},{"time":0.5,"x":2.72,"y":9.76,"curve":"stepped"},{"time":0.5666,"x":-1.54,"y":7.35}]}},"events":[{"time":0.4666,"name":"Voice","string":"cri_057_voice_attack_random"}]},"damage":{"slots":{"MAIN":{"attachment":[{"time":0,"name":"damage_00"}]}}},"front":{"slots":{"MAIN":{"attachment":[{"time":0,"name":"front_00"}]}}},"idle":{"slots":{"MAIN":{"attachment":[{"time":0,"name":"idle_00"},{"time":0.1666,"name":"idle_01"},{"time":0.3333,"name":"idle_02"},{"time":0.5,"name":"idle_03"},{"time":0.6666,"name":"idle_04"},{"time":0.8333,"name":"idle_00"}]}}},"skill1":{"slots":{"DAMAGEAREA":{"attachment":[{"time":0.7,"name":"DAMAGEAREA"},{"time":1.8,"name":null}]},"EF/eff_0":{"attachment":[{"time":1.0333,"name":"EF/eff_0"},{"time":1.1666,"name":"EF/eff_1"},{"time":1.8666,"name":null}],"color":[{"time":1.6666,"color":"ffffffff"},{"time":1.8666,"color":"ffffff00"}]},"EF/weapon_H_1":{"attachment":[{"time":0.6666,"name":"EF/weapon_H_1"},{"time":1.7333,"name":null}]},"MAIN":{"attachment":[{"time":0,"name":"skill1_00"},{"time":0.1666,"name":"skill1_01"},{"time":0.3333,"name":"skill1_02"},{"time":0.6666,"name":"skill1_04"},{"time":0.7333,"name":"skill1_06"},{"time":1.7666,"name":"skill1_00"},{"time":1.8333,"name":"skill1_01"},{"time":1.9,"name":"skill1_02"},{"time":2.8,"name":"idle_00"}]},"other":{"attachment":[{"time":0,"name":"other/other_attack1_00"},{"time":0.5,"name":"other/other_attack1_02"},{"time":0.9333,"name":"other/other_attack1_03"},{"time":1.0333,"name":null},{"time":2.4,"name":"other/other_attack1_00"},{"time":2.6,"name":"other/other_attack1_01"},{"time":2.8,"name":null}],"color":[{"time":2.4,"color":"ffffff00"},{"time":2.8,"color":"ffffffff"}]},"other/other_attack_head":{"attachment":[{"time":0,"name":"other/other_attack_head"},{"time":0.9333,"name":null},{"time":2.5,"name":"other/other_attack_head"}],"color":[{"time":2.5,"color":"ffffff2c"},{"time":2.8,"color":"ffffffff"}]}},"bones":{"MAIN":{"translate":[{"time":0,"x":0,"y":0,"curve":[0.303,0.86,0.75,1]},{"time":0.5666,"x":46.47,"y":1.66,"curve":"stepped"},{"time":0.6666,"x":-26.56,"y":1.66},{"time":0.7333,"x":-13.28,"y":1.66,"curve":[0.227,0.5,0.61,0.81]},{"time":0.7666,"x":-38.23,"y":1.66,"curve":"stepped"},{"time":0.8,"x":-36.11,"y":1.66,"curve":"stepped"},{"time":0.8333,"x":-38.23,"y":1.66,"curve":"stepped"},{"time":0.8666,"x":-36.11,"y":1.66,"curve":"stepped"},{"time":0.9,"x":-38.23,"y":1.66,"curve":"stepped"},{"time":0.9333,"x":-36.11,"y":1.66,"curve":"stepped"},{"time":0.9666,"x":-38.23,"y":1.66,"curve":"stepped"},{"time":1,"x":-36.11,"y":1.66,"curve":"stepped"},{"time":1.0333,"x":-38.23,"y":1.66,"curve":"stepped"},{"time":1.0666,"x":-36.11,"y":1.66,"curve":"stepped"},{"time":1.1,"x":-38.23,"y":1.66,"curve":"stepped"},{"time":1.1333,"x":-36.11,"y":1.66,"curve":"stepped"},{"time":1.1666,"x":-67.87,"y":1.66,"curve":"stepped"},{"time":1.2,"x":-64.87,"y":1.66,"curve":"stepped"},{"time":1.2333,"x":-67.87,"y":1.66,"curve":"stepped"},{"time":1.2666,"x":-64.87,"y":1.66,"curve":"stepped"},{"time":1.3,"x":-67.87,"y":1.66,"curve":"stepped"},{"time":1.3333,"x":-67.87,"y":1.66,"curve":"stepped"},{"time":1.3666,"x":-64.87,"y":1.66,"curve":"stepped"},{"time":1.4,"x":-67.87,"y":1.66,"curve":"stepped"},{"time":1.4333,"x":-64.87,"y":1.66,"curve":"stepped"},{"time":1.4666,"x":-67.87,"y":1.66,"curve":"stepped"},{"time":1.5,"x":-64.87,"y":1.66,"curve":"stepped"},{"time":1.5333,"x":-67.87,"y":1.66,"curve":"stepped"},{"time":1.5666,"x":-64.87,"y":1.66,"curve":"stepped"},{"time":1.6,"x":-76.51,"y":1.66,"curve":[0.283,0.4,0.627,0.73]},{"time":1.6666,"x":-153.83,"y":0.8,"curve":[0.338,0.77,0.755,1]},{"time":1.9,"x":-105.62,"y":0}]},"EF":{"translate":[{"time":1.0333,"x":52.94,"y":255.89,"curve":[0.287,0.37,0.624,0.7]},{"time":1.1666,"x":-1.56,"y":255.89,"curve":[0.325,0.34,0.659,0.67]},{"time":1.2,"x":-2.64,"y":255.89,"curve":[0.326,0.34,0.66,0.67]},{"time":1.2333,"x":-14.79,"y":255.89,"curve":[0.327,0.34,0.661,0.67]},{"time":1.2666,"x":-12.56,"y":255.89,"curve":[0.328,0.34,0.661,0.67]},{"time":1.3,"x":-21.91,"y":255.89,"curve":[0.329,0.34,0.662,0.67]},{"time":1.3333,"x":-29.65,"y":255.89,"curve":[0.329,0.34,0.663,0.68]},{"time":1.3666,"x":-44.55,"y":255.89,"curve":[0.33,0.34,0.663,0.68]},{"time":1.4,"x":-41.54,"y":255.89,"curve":[0.331,0.34,0.664,0.68]},{"time":1.4333,"x":-59.45,"y":255.89,"curve":[0.331,0.34,0.665,0.68]},{"time":1.4666,"x":-51.78,"y":255.89,"curve":[0.332,0.34,0.665,0.68]},{"time":1.5,"x":-72.4,"y":255.89,"curve":[0.338,0.36,0.671,0.7]},{"time":1.5333,"x":-85.62,"y":255.89,"curve":[0.338,0.37,0.672,0.7]},{"time":1.5666,"x":-77.51,"y":255.89,"curve":[0.339,0.38,0.673,0.71]},{"time":1.6,"x":-90.96,"y":255.89,"curve":[0.34,0.39,0.674,0.72]},{"time":1.6333,"x":-89.88,"y":255.89,"curve":[0.344,0.68,0.678,1]},{"time":1.6666,"x":-72.11,"y":255.89,"curve":[0.371,0.53,0.826,1]},{"time":1.8666,"x":-931.37,"y":255.89}],"scale":[{"time":1.0333,"x":1,"y":1,"curve":"stepped"},{"time":1.1,"x":1,"y":-1,"curve":"stepped"},{"time":1.1666,"x":1,"y":1,"curve":"stepped"},{"time":1.2,"x":1,"y":1,"curve":"stepped"},{"time":1.2333,"x":1,"y":-1,"curve":"stepped"},{"time":1.2666,"x":1,"y":1,"curve":"stepped"},{"time":1.3,"x":1,"y":-1,"curve":"stepped"},{"time":1.3333,"x":1,"y":1,"curve":"stepped"},{"time":1.3666,"x":1,"y":1,"curve":"stepped"},{"time":1.4,"x":1,"y":-1,"curve":"stepped"},{"time":1.4333,"x":1,"y":1,"curve":"stepped"},{"time":1.4666,"x":1,"y":-1,"curve":"stepped"},{"time":1.5,"x":1,"y":1,"curve":"stepped"},{"time":1.5333,"x":1,"y":-1,"curve":"stepped"},{"time":1.5666,"x":1,"y":1,"curve":"stepped"},{"time":1.6,"x":1,"y":-1,"curve":"stepped"},{"time":1.6333,"x":1,"y":1,"curve":"stepped"},{"time":1.6666,"x":1,"y":-1}]},"weapon":{"rotate":[{"time":0.6666,"angle":-179.77,"curve":"stepped"},{"time":0.8666,"angle":-179.77}],"translate":[{"time":0.6666,"x":164.52,"y":210.37,"curve":"stepped"},{"time":0.7,"x":166.96,"y":210.37,"curve":"stepped"},{"time":0.7333,"x":164.52,"y":210.37,"curve":"stepped"},{"time":0.7666,"x":166.96,"y":210.37,"curve":"stepped"},{"time":0.8,"x":164.52,"y":210.37,"curve":"stepped"},{"time":0.8333,"x":163.46,"y":210.37,"curve":"stepped"},{"time":0.8666,"x":164.52,"y":210.37,"curve":"stepped"},{"time":0.9,"x":163.46,"y":210.37,"curve":"stepped"},{"time":0.9333,"x":164.52,"y":210.37,"curve":"stepped"},{"time":0.9666,"x":163.46,"y":210.37,"curve":"stepped"},{"time":1,"x":164.52,"y":210.37,"curve":"stepped"},{"time":1.0333,"x":163.46,"y":210.37,"curve":"stepped"},{"time":1.0666,"x":164.52,"y":210.37,"curve":"stepped"},{"time":1.1,"x":163.46,"y":210.37,"curve":"stepped"},{"time":1.1333,"x":164.52,"y":210.37,"curve":"stepped"},{"time":1.1666,"x":163.46,"y":210.37,"curve":"stepped"},{"time":1.2,"x":135.08,"y":210.37,"curve":"stepped"},{"time":1.6,"x":96.79,"y":210.37},{"time":1.6333,"x":55.63,"y":210.37,"curve":[0.28,0.54,0.75,1]},{"time":1.7333,"x":91.27,"y":210.37,"curve":"stepped"},{"time":1.8666,"x":96.79,"y":210.37}]},"other":{"rotate":[{"time":0,"angle":0,"curve":"stepped"},{"time":2.4,"angle":13.19,"curve":"stepped"},{"time":2.6,"angle":0}],"translate":[{"time":0,"x":0,"y":0,"curve":[0.303,0.86,0.75,1]},{"time":0.8,"x":67.34,"y":18.23,"curve":"stepped"},{"time":0.9333,"x":77.36,"y":32.54},{"time":1.0666,"x":-264.56,"y":13.79,"curve":"stepped"},{"time":2.4,"x":107.97,"y":13.79,"curve":[0.235,0.89,0.75,1]},{"time":2.8,"x":-122.53,"y":13.79}],"scale":[{"time":2.4,"x":0.955,"y":0.955}]},"DAMAGEAREA":{"translate":[{"time":0.7,"x":-183.51,"y":90.48,"curve":"stepped"},{"time":1.0666,"x":-278.61,"y":80.38},{"time":1.5,"x":-342.19,"y":80.38,"curve":"stepped"},{"time":1.7,"x":-361.55,"y":71.19},{"time":1.7666,"x":-364.46,"y":71.19}],"scale":[{"time":0.7,"x":2.007,"y":1,"curve":"stepped"},{"time":1.0666,"x":1.902,"y":1.353,"curve":"stepped"},{"time":1.7666,"x":4.648,"y":1.222}]},"other/other_attack_head":{"rotate":[{"time":2.6,"angle":-2.74}],"translate":[{"time":0,"x":-2.08,"y":6.41,"curve":"stepped"},{"time":0.5,"x":6.43,"y":19.24,"curve":"stepped"},{"time":2.5,"x":-1.54,"y":5.89,"curve":"stepped"},{"time":2.6,"x":2.12,"y":9.74}]}},"events":[{"time":0,"name":"HitEffect","string":"setHitEffect(hit06b,1,1,1)"},{"time":0.6333,"name":"Event","float":0.13,"string":"kHitStopType_normal"},{"time":0.6666,"name":"Event","int":70,"string":"kImpactType_normal"},{"time":0.6666,"name":"Sound1","string":"setHitSound(se_battle_hands_hit)"},{"time":0.6666,"name":"Sound2","string":"cri_se_battle_explosion_water_02"},{"time":0.6666,"name":"View","float":1.16,"string":"shakeGround_Loop"},{"time":0.6666,"name":"Voice","string":"cri_057_voice_skill_all"},{"time":0.7333,"name":"Event","float":0.05,"string":"kHitStopType_enemyonly"},{"time":0.7666,"name":"Hit","float":1.05,"string":"resetHitList"},{"time":0.7666,"name":"HitEffect","string":"setHitEffect(hit06b,1,1.2,1)"},{"time":0.8333,"name":"Hit","float":1.1,"string":"resetHitList"},{"time":0.9,"name":"Hit","float":1.2,"string":"resetHitList"},{"time":0.9,"name":"HitEffect","string":"setHitEffect(hit06b,1,1.4,1)"},{"time":0.9666,"name":"Hit","float":1.2,"string":"resetHitList"},{"time":1.0333,"name":"Hit","float":0.7,"string":"resetHitList"},{"time":1.0333,"name":"HitEffect","string":"setHitEffect(hit03b,1,0.75,100)"},{"time":1.0333,"name":"Sound2","string":"cri_se_battle_034_explosion_element_02"},{"time":1.1,"name":"Hit","float":0.7,"string":"resetHitList"},{"time":1.1666,"name":"Hit","float":0.7,"string":"resetHitList"},{"time":1.2333,"name":"Hit","float":0.7,"string":"resetHitList"},{"time":1.3,"name":"Hit","float":0.7,"string":"resetHitList"},{"time":1.3666,"name":"Hit","float":0.7,"string":"resetHitList"},{"time":1.4333,"name":"Hit","float":0.7,"string":"resetHitList"},{"time":1.5,"name":"Hit","float":0.7,"string":"resetHitList"},{"time":1.5666,"name":"Hit","float":1,"string":"resetHitList"},{"time":1.6333,"name":"Hit","float":1.5,"string":"resetHitList"},{"time":1.7,"name":"Hit","float":2,"string":"resetHitList"},{"time":1.7,"name":"HitEffect","string":"setHitEffect(hit03b,1,1.2,1)"},{"time":1.7,"name":"Sound1","string":"cri_se_battle_sword_srash"},{"time":1.7,"name":"Sound2","string":"cri_se_battle_explosion_water_02"},{"time":1.7333,"name":"Event","string":"kImpactType_knock"},{"time":1.7333,"name":"View","string":"shakeGround"},{"time":1.7666,"name":"Hit","float":2,"string":"resetHitList"}]},"skill2":{"slots":{"DAMAGEAREA":{"attachment":[{"time":1.3333,"name":"DAMAGEAREA"},{"time":3.4333,"name":null}]},"EF/510_S2_rock1/510_S2_rock1_00000":{"attachment":[{"time":1.4666,"name":"EF/510_S2_rock1/510_S2_rock1_00000"}],"color":[{"time":1.4666,"color":"ffffff00"},{"time":1.6333,"color":"ffffffff","curve":"stepped"},{"time":3.5666,"color":"ffffffff"},{"time":3.8,"color":"ffffff00"}]},"EF/610_S1_wave1/610_S1_wave1_00003":{"attachment":[{"time":2.8666,"name":"EF/610_S1_wave1/610_S1_wave1_00003"},{"time":2.9,"name":"EF/610_S1_wave1/610_S1_wave1_00005"},{"time":2.9333,"name":"EF/610_S1_wave1/610_S1_wave1_00007"},{"time":2.9666,"name":"EF/610_S1_wave1/610_S1_wave1_00009"},{"time":3,"name":"EF/610_S1_wave1/610_S1_wave1_00003"},{"time":3.0333,"name":"EF/610_S1_wave1/610_S1_wave1_00005"},{"time":3.0666,"name":"EF/610_S1_wave1/610_S1_wave1_00007"},{"time":3.1,"name":"EF/610_S1_wave1/610_S1_wave1_00009"},{"time":3.1333,"name":"EF/610_S1_wave1/610_S1_wave1_00003"},{"time":3.1666,"name":"EF/610_S1_wave1/610_S1_wave1_00005"},{"time":3.2,"name":"EF/610_S1_wave1/610_S1_wave1_00007"},{"time":3.2333,"name":"EF/610_S1_wave1/610_S1_wave1_00009"},{"time":3.2666,"name":"EF/610_S1_wave1/610_S1_wave1_00003"},{"time":3.3,"name":"EF/610_S1_wave1/610_S1_wave1_00005"},{"time":3.3333,"name":"EF/610_S1_wave1/610_S1_wave1_00007"},{"time":3.3666,"name":"EF/610_S1_wave1/610_S1_wave1_00009"},{"time":3.4,"name":"EF/610_S1_wave1/610_S1_wave1_00003"},{"time":3.4333,"name":"EF/610_S1_wave1/610_S1_wave1_00005"},{"time":3.4666,"name":"EF/610_S1_wave1/610_S1_wave1_00007"},{"time":3.5,"name":"EF/610_S1_wave1/610_S1_wave1_00009"}],"color":[{"time":2.8666,"color":"ffffffff"},{"time":2.9666,"color":"ffffff00","curve":"stepped"},{"time":3,"color":"ffffffff"},{"time":3.1,"color":"ffffff00","curve":"stepped"},{"time":3.1333,"color":"ffffffff"},{"time":3.2333,"color":"ffffff00","curve":"stepped"},{"time":3.2666,"color":"ffffffff"},{"time":3.3666,"color":"ffffff00","curve":"stepped"},{"time":3.4,"color":"ffffffff"},{"time":3.5,"color":"ffffff00"}]},"EF/610_S1_wave1/610_S1_wave1_3":{"attachment":[{"time":1.3,"name":"EF/610_S1_wave1/610_S1_wave1_00003"},{"time":1.3666,"name":"EF/610_S1_wave1/610_S1_wave1_00005"},{"time":1.4333,"name":"EF/610_S1_wave1/610_S1_wave1_00007"},{"time":1.5,"name":"EF/610_S1_wave1/610_S1_wave1_00009"},{"time":2.4333,"name":"EF/610_S1_wave1/610_S1_wave1_00005"},{"time":2.4666,"name":"EF/610_S1_wave1/610_S1_wave1_00007"},{"time":2.6333,"name":"EF/610_S1_wave1/610_S1_wave1_00005"},{"time":2.6666,"name":"EF/610_S1_wave1/610_S1_wave1_00007"},{"time":2.8333,"name":"EF/610_S1_wave1/610_S1_wave1_00005"},{"time":2.8666,"name":"EF/610_S1_wave1/610_S1_wave1_00007"},{"time":3.0333,"name":"EF/610_S1_wave1/610_S1_wave1_00005"},{"time":3.0666,"name":"EF/610_S1_wave1/610_S1_wave1_00007"},{"time":3.2333,"name":"EF/610_S1_wave1/610_S1_wave1_00005"},{"time":3.2666,"name":"EF/610_S1_wave1/610_S1_wave1_00007"}],"color":[{"time":1.4,"color":"ffffffff"},{"time":1.5666,"color":"ffffff00","curve":"stepped"},{"time":2.4333,"color":"ffffffff","curve":"stepped"},{"time":2.4666,"color":"ffffffff"},{"time":2.5666,"color":"ffffff00","curve":"stepped"},{"time":2.6333,"color":"ffffffff","curve":"stepped"},{"time":2.6666,"color":"ffffffff"},{"time":2.7666,"color":"ffffff00","curve":"stepped"},{"time":2.8333,"color":"ffffffff","curve":"stepped"},{"time":2.8666,"color":"ffffffff"},{"time":2.9666,"color":"ffffff00","curve":"stepped"},{"time":3.0333,"color":"ffffffff","curve":"stepped"},{"time":3.0666,"color":"ffffffff"},{"time":3.1666,"color":"ffffff00","curve":"stepped"},{"time":3.2333,"color":"ffffffff","curve":"stepped"},{"time":3.2666,"color":"ffffffff"},{"time":3.3666,"color":"ffffff00"}]},"EF/610_S1_wave1/610_S1_wave1_4":{"attachment":[{"time":1.6,"name":"EF/610_S1_wave1/610_S1_wave1_00003"},{"time":1.6333,"name":"EF/610_S1_wave1/610_S1_wave1_00005"},{"time":1.6666,"name":"EF/610_S1_wave1/610_S1_wave1_00007"},{"time":1.7,"name":"EF/610_S1_wave1/610_S1_wave1_00009"}],"color":[{"time":1.7,"color":"ffffffff"},{"time":1.8,"color":"ffffff00"}]},"EF/610_S1_wave1/610_S1_wave1_5":{"attachment":[{"time":1.7666,"name":"EF/610_S1_wave1/610_S1_wave1_00003"},{"time":1.8333,"name":"EF/610_S1_wave1/610_S1_wave1_00005"},{"time":1.8666,"name":"EF/610_S1_wave1/610_S1_wave1_00007"},{"time":1.9,"name":"EF/610_S1_wave1/610_S1_wave1_00009"},{"time":2,"name":"EF/610_S1_wave1/610_S1_wave1_00003"},{"time":2.0666,"name":"EF/610_S1_wave1/610_S1_wave1_00005"},{"time":2.1,"name":"EF/610_S1_wave1/610_S1_wave1_00007"},{"time":2.1333,"name":"EF/610_S1_wave1/610_S1_wave1_00009"},{"time":2.2333,"name":"EF/610_S1_wave1/610_S1_wave1_00003"},{"time":2.3,"name":"EF/610_S1_wave1/610_S1_wave1_00005"},{"time":2.3333,"name":"EF/610_S1_wave1/610_S1_wave1_00007"},{"time":2.3666,"name":"EF/610_S1_wave1/610_S1_wave1_00009"},{"time":2.4,"name":"EF/610_S1_wave1/610_S1_wave1_00003"},{"time":2.4666,"name":"EF/610_S1_wave1/610_S1_wave1_00005"},{"time":2.5,"name":"EF/610_S1_wave1/610_S1_wave1_00007"},{"time":2.5333,"name":"EF/610_S1_wave1/610_S1_wave1_00009"}],"color":[{"time":1.9,"color":"ffffffff"},{"time":1.9666,"color":"ffffff00","curve":"stepped"},{"time":2,"color":"ffffffff","curve":"stepped"},{"time":2.1333,"color":"ffffffff"},{"time":2.2,"color":"ffffff00","curve":"stepped"},{"time":2.2333,"color":"ffffffff","curve":"stepped"},{"time":2.3666,"color":"ffffffff","curve":"stepped"},{"time":2.4,"color":"ffffffff"},{"time":2.4333,"color":"ffffff00"},{"time":2.5333,"color":"ffffffff"},{"time":2.6,"color":"ffffff00"}]},"EF/610_S2_water1/610_S2_water1_00000":{"attachment":[{"time":0,"name":null},{"time":1.3666,"name":"EF/610_S2_water1/610_S2_water1_00000"},{"time":1.4,"name":"EF/610_S2_water1/610_S2_water1_00002"},{"time":1.4333,"name":"EF/610_S2_water1/610_S2_water1_00004"},{"time":1.4666,"name":"EF/610_S2_water1/610_S2_water1_00006"},{"time":1.5,"name":"EF/610_S2_water1/610_S2_water1_00007"},{"time":1.5333,"name":"EF/610_S2_water1/610_S2_water1_00009"},{"time":1.5666,"name":"EF/610_S2_water1/610_S2_water1_00011"},{"time":1.6,"name":"EF/610_S2_water1/610_S2_water1_00013"},{"time":1.6333,"name":"EF/610_S2_water1/610_S2_water1_00000"},{"time":1.6666,"name":"EF/610_S2_water1/610_S2_water1_00002"},{"time":1.7,"name":"EF/610_S2_water1/610_S2_water1_00004"},{"time":1.7333,"name":"EF/610_S2_water1/610_S2_water1_00006"},{"time":1.7666,"name":"EF/610_S2_water1/610_S2_water1_00007"},{"time":1.8,"name":"EF/610_S2_water1/610_S2_water1_00009"},{"time":1.8333,"name":"EF/610_S2_water1/610_S2_water1_00011"},{"time":1.8666,"name":"EF/610_S2_water1/610_S2_water1_00000"},{"time":1.9,"name":"EF/610_S2_water1/610_S2_water1_00002"},{"time":1.9333,"name":"EF/610_S2_water1/610_S2_water1_00004"},{"time":1.9666,"name":"EF/610_S2_water1/610_S2_water1_00006"},{"time":2,"name":"EF/610_S2_water1/610_S2_water1_00007"},{"time":2.0333,"name":"EF/610_S2_water1/610_S2_water1_00009"},{"time":2.0666,"name":"EF/610_S2_water1/610_S2_water1_00011"},{"time":2.1,"name":"EF/610_S2_water1/610_S2_water1_00013"},{"time":2.1333,"name":"EF/610_S2_water1/610_S2_water1_00000"},{"time":2.1666,"name":"EF/610_S2_water1/610_S2_water1_00002"},{"time":2.2,"name":"EF/610_S2_water1/610_S2_water1_00004"},{"time":2.2333,"name":"EF/610_S2_water1/610_S2_water1_00006"},{"time":2.2666,"name":"EF/610_S2_water1/610_S2_water1_00007"},{"time":2.3,"name":"EF/610_S2_water1/610_S2_water1_00009"},{"time":2.3333,"name":"EF/610_S2_water1/610_S2_water1_00011"},{"time":2.3666,"name":"EF/610_S2_water1/610_S2_water1_00013"},{"time":2.4,"name":"EF/610_S2_water1/610_S2_water1_00000"},{"time":2.4333,"name":"EF/610_S2_water1/610_S2_water1_00002"},{"time":2.4666,"name":"EF/610_S2_water1/610_S2_water1_00004"},{"time":2.5,"name":"EF/610_S2_water1/610_S2_water1_00006"},{"time":2.5333,"name":"EF/610_S2_water1/610_S2_water1_00007"},{"time":2.5666,"name":"EF/610_S2_water1/610_S2_water1_00009"},{"time":2.6,"name":"EF/610_S2_water1/610_S2_water1_00011"},{"time":2.6333,"name":"EF/610_S2_water1/610_S2_water1_00013"},{"time":2.6666,"name":"EF/610_S2_water1/610_S2_water1_00000"},{"time":2.7,"name":"EF/610_S2_water1/610_S2_water1_00002"},{"time":2.7333,"name":"EF/610_S2_water1/610_S2_water1_00004"},{"time":2.7666,"name":"EF/610_S2_water1/610_S2_water1_00006"},{"time":2.8,"name":"EF/610_S2_water1/610_S2_water1_00007"},{"time":2.8333,"name":"EF/610_S2_water1/610_S2_water1_00009"},{"time":2.8666,"name":"EF/610_S2_water1/610_S2_water1_00011"},{"time":2.9,"name":"EF/610_S2_water1/610_S2_water1_00013"},{"time":2.9333,"name":"EF/610_S2_water1/610_S2_water1_00000"},{"time":2.9666,"name":"EF/610_S2_water1/610_S2_water1_00002"},{"time":3,"name":"EF/610_S2_water1/610_S2_water1_00004"},{"time":3.0333,"name":"EF/610_S2_water1/610_S2_water1_00006"},{"time":3.0666,"name":"EF/610_S2_water1/610_S2_water1_00007"},{"time":3.1,"name":"EF/610_S2_water1/610_S2_water1_00009"},{"time":3.1333,"name":"EF/610_S2_water1/610_S2_water1_00011"},{"time":3.1666,"name":"EF/610_S2_water1/610_S2_water1_00013"},{"time":3.2,"name":"EF/610_S2_water1/610_S2_water1_00000"},{"time":3.2333,"name":"EF/610_S2_water1/610_S2_water1_00002"},{"time":3.2666,"name":"EF/610_S2_water1/610_S2_water1_00004"},{"time":3.3,"name":"EF/610_S2_water1/610_S2_water1_00006"},{"time":3.3333,"name":"EF/610_S2_water1/610_S2_water1_00007"},{"time":3.3666,"name":"EF/610_S2_water1/610_S2_water1_00009"},{"time":3.4,"name":"EF/610_S2_water1/610_S2_water1_00011"},{"time":3.4333,"name":"EF/610_S2_water1/610_S2_water1_00013"},{"time":3.4666,"name":"EF/610_S2_water1/610_S2_water1_00014"},{"time":3.5,"name":null}]},"EF/610_S2_water1/610_S2_water1_0":{"attachment":[{"time":1.5,"name":"EF/610_S2_water1/610_S2_water1_00000"},{"time":1.5333,"name":"EF/610_S2_water1/610_S2_water1_00002"},{"time":1.5666,"name":"EF/610_S2_water1/610_S2_water1_00004"},{"time":1.6,"name":"EF/610_S2_water1/610_S2_water1_00006"},{"time":1.6333,"name":"EF/610_S2_water1/610_S2_water1_00007"},{"time":1.6666,"name":"EF/610_S2_water1/610_S2_water1_00009"},{"time":1.7,"name":"EF/610_S2_water1/610_S2_water1_00011"},{"time":1.7333,"name":"EF/610_S2_water1/610_S2_water1_00013"},{"time":1.7666,"name":"EF/610_S2_water1/610_S2_water1_00014"},{"time":1.8,"name":"EF/610_S2_water1/610_S2_water1_00000"},{"time":1.8333,"name":"EF/610_S2_water1/610_S2_water1_00002"},{"time":1.8666,"name":"EF/610_S2_water1/610_S2_water1_00004"},{"time":1.9,"name":"EF/610_S2_water1/610_S2_water1_00006"},{"time":1.9333,"name":"EF/610_S2_water1/610_S2_water1_00007"},{"time":1.9666,"name":"EF/610_S2_water1/610_S2_water1_00009"},{"time":2,"name":"EF/610_S2_water1/610_S2_water1_00011"},{"time":2.0333,"name":"EF/610_S2_water1/610_S2_water1_00013"},{"time":2.0666,"name":"EF/610_S2_water1/610_S2_water1_00000"},{"time":2.1,"name":"EF/610_S2_water1/610_S2_water1_00002"},{"time":2.1333,"name":"EF/610_S2_water1/610_S2_water1_00004"},{"time":2.1666,"name":"EF/610_S2_water1/610_S2_water1_00006"},{"time":2.2,"name":"EF/610_S2_water1/610_S2_water1_00007"},{"time":2.2333,"name":"EF/610_S2_water1/610_S2_water1_00009"},{"time":2.2666,"name":"EF/610_S2_water1/610_S2_water1_00011"},{"time":2.3,"name":"EF/610_S2_water1/610_S2_water1_00013"},{"time":2.3333,"name":"EF/610_S2_water1/610_S2_water1_00000"},{"time":2.3666,"name":"EF/610_S2_water1/610_S2_water1_00002"},{"time":2.4,"name":"EF/610_S2_water1/610_S2_water1_00004"},{"time":2.4333,"name":"EF/610_S2_water1/610_S2_water1_00006"},{"time":2.4666,"name":"EF/610_S2_water1/610_S2_water1_00007"},{"time":2.5,"name":"EF/610_S2_water1/610_S2_water1_00009"},{"time":2.5333,"name":"EF/610_S2_water1/610_S2_water1_00011"},{"time":2.5666,"name":"EF/610_S2_water1/610_S2_water1_00013"},{"time":2.6,"name":"EF/610_S2_water1/610_S2_water1_00000"},{"time":2.6333,"name":"EF/610_S2_water1/610_S2_water1_00002"},{"time":2.6666,"name":"EF/610_S2_water1/610_S2_water1_00004"},{"time":2.7,"name":"EF/610_S2_water1/610_S2_water1_00006"},{"time":2.7333,"name":"EF/610_S2_water1/610_S2_water1_00007"},{"time":2.7666,"name":"EF/610_S2_water1/610_S2_water1_00009"},{"time":2.8,"name":"EF/610_S2_water1/610_S2_water1_00011"},{"time":2.8333,"name":"EF/610_S2_water1/610_S2_water1_00013"},{"time":2.8666,"name":"EF/610_S2_water1/610_S2_water1_00000"},{"time":2.9,"name":"EF/610_S2_water1/610_S2_water1_00002"},{"time":2.9333,"name":"EF/610_S2_water1/610_S2_water1_00004"},{"time":2.9666,"name":"EF/610_S2_water1/610_S2_water1_00006"},{"time":3,"name":"EF/610_S2_water1/610_S2_water1_00007"},{"time":3.0333,"name":"EF/610_S2_water1/610_S2_water1_00009"},{"time":3.0666,"name":"EF/610_S2_water1/610_S2_water1_00011"},{"time":3.1,"name":"EF/610_S2_water1/610_S2_water1_00013"},{"time":3.1333,"name":"EF/610_S2_water1/610_S2_water1_00000"},{"time":3.1666,"name":"EF/610_S2_water1/610_S2_water1_00002"},{"time":3.2,"name":"EF/610_S2_water1/610_S2_water1_00004"},{"time":3.2333,"name":"EF/610_S2_water1/610_S2_water1_00006"},{"time":3.2666,"name":"EF/610_S2_water1/610_S2_water1_00007"},{"time":3.3,"name":"EF/610_S2_water1/610_S2_water1_00009"},{"time":3.3333,"name":"EF/610_S2_water1/610_S2_water1_00011"},{"time":3.3666,"name":"EF/610_S2_water1/610_S2_water1_00013"},{"time":3.4,"name":"EF/610_S2_water1/610_S2_water1_00014"},{"time":3.4333,"name":null}]},"EF/eff_0":{"attachment":[{"time":1.3666,"name":"EF/eff_0"},{"time":1.4666,"name":"EF/eff_1"},{"time":1.5666,"name":null}]},"EF/weapon_H_1":{"attachment":[{"time":2.2666,"name":"EF/weapon_H_1"},{"time":2.4,"name":null},{"time":2.9333,"name":"EF/weapon_H_1"},{"time":3.2666,"name":null}],"color":[{"time":2.9333,"color":"ffffff00"},{"time":3.2666,"color":"ffffffff"}]},"MAIN":{"attachment":[{"time":0,"name":"attack1_04"},{"time":0.2666,"name":"attack1_05"},{"time":0.5666,"name":"attack1_06"},{"time":1.3,"name":"attack1_07"},{"time":1.3666,"name":"attack1_08"},{"time":1.4333,"name":"attack1_09"},{"time":1.6333,"name":"attack1_00"},{"time":1.7333,"name":"skill2_00"},{"time":1.8666,"name":"skill2_01"},{"time":2,"name":"skill2_02"},{"time":2.2666,"name":"skill2_03"},{"time":2.3333,"name":"skill2_04"},{"time":2.4,"name":"skill2_05"},{"time":2.4666,"name":"skill2_06"},{"time":3.2666,"name":"skill2_01"},{"time":3.4333,"name":"back_00"},{"time":3.5,"name":"idle_00"},{"time":3.6666,"name":"idle_00"}]},"other":{"attachment":[{"time":0,"name":"other/other_attack1_00"},{"time":0.2333,"name":"other/other_attack1_01"},{"time":0.4333,"name":"other/other_attack1_02"},{"time":1.3333,"name":"other/other_attack1_03"},{"time":1.3666,"name":null},{"time":2.8333,"name":"other/other_attack1_00"},{"time":3,"name":"other/other_attack1_00"},{"time":3.1333,"name":"other/other_attack1_01"},{"time":3.2,"name":"other/other_attack1_02"},{"time":3.5,"name":null}],"color":[{"time":2.8333,"color":"ffffff00"},{"time":3.4666,"color":"ffffffff"}]},"other/other_attack_head":{"attachment":[{"time":0,"name":"other/other_attack_head"},{"time":1.3333,"name":null},{"time":2.9333,"name":"other/other_attack_head"},{"time":3.5,"name":null}],"color":[{"time":2.9333,"color":"ffffff32"},{"time":3.5,"color":"ffffffff"}]}},"bones":{"S2_water1":{"translate":[{"time":1.3666,"x":-795,"y":-193.87}],"scale":[{"time":1.3666,"x":0.56,"y":0.56,"curve":"stepped"},{"time":2.3666,"x":0.8,"y":0.8}]},"S2_rock1":{"translate":[{"time":1.4666,"x":-18,"y":-27.01},{"time":1.5333,"x":-19.44,"y":4.42}],"scale":[{"time":1.4666,"x":1.041,"y":1.041}]},"wave1":{"translate":[{"time":2.8666,"x":-815.42,"y":-233.18,"curve":"stepped"},{"time":3,"x":-1220.28,"y":-226.51,"curve":"stepped"},{"time":3.1333,"x":-946.66,"y":-188.69,"curve":"stepped"},{"time":3.2666,"x":-1111.28,"y":-184.24,"curve":"stepped"},{"time":3.4,"x":-1093.58,"y":-224.28,"curve":"stepped"},{"time":3.5,"x":-1220.28,"y":-226.51}],"scale":[{"time":2.8666,"x":2.4,"y":2.4,"curve":"stepped"},{"time":3,"x":2.4,"y":2.4,"curve":"stepped"},{"time":3.1333,"x":2.4,"y":2.4,"curve":"stepped"},{"time":3.2666,"x":2.4,"y":2.4,"curve":"stepped"},{"time":3.4,"x":2.4,"y":2.4}]},"wave2":{"translate":[{"time":1.3,"x":-1010.6,"y":-199.74,"curve":"stepped"},{"time":2.4333,"x":-1003.66,"y":-197.41,"curve":"stepped"},{"time":2.6333,"x":-1003.66,"y":-197.41,"curve":"stepped"},{"time":2.8333,"x":-1003.66,"y":-197.41,"curve":"stepped"},{"time":3.0333,"x":-1003.66,"y":-197.41,"curve":"stepped"},{"time":3.2333,"x":-1003.66,"y":-197.41}],"scale":[{"time":1.3,"x":3,"y":3,"curve":"stepped"},{"time":1.4,"x":2.888,"y":2.888},{"time":1.5333,"x":3.777,"y":3.777,"curve":"stepped"},{"time":2.4333,"x":2.888,"y":2.888},{"time":2.4666,"x":3.111,"y":3.111,"curve":[0.277,0.64,0.75,1]},{"time":2.5666,"x":6.666,"y":4,"curve":"stepped"},{"time":2.6333,"x":2.888,"y":2.888},{"time":2.6666,"x":3.111,"y":3.111,"curve":[0.277,0.64,0.75,1]},{"time":2.7666,"x":6.666,"y":4,"curve":"stepped"},{"time":2.8333,"x":2.888,"y":2.888},{"time":2.8666,"x":3.111,"y":3.111,"curve":[0.277,0.64,0.75,1]},{"time":2.9666,"x":6.666,"y":4,"curve":"stepped"},{"time":3.0333,"x":2.888,"y":2.888},{"time":3.0666,"x":3.111,"y":3.111,"curve":[0.277,0.64,0.75,1]},{"time":3.1666,"x":6.666,"y":4,"curve":"stepped"},{"time":3.2333,"x":2.888,"y":2.888},{"time":3.2666,"x":3.111,"y":3.111,"curve":[0.277,0.64,0.75,1]},{"time":3.3666,"x":6.666,"y":4}]},"wave3":{"translate":[{"time":1.6,"x":-1004.82,"y":-206.13,"curve":"stepped"},{"time":1.7,"x":-1004.82,"y":-206.13}],"scale":[{"time":1.6,"x":3.729,"y":3.729,"curve":"stepped"},{"time":1.8,"x":3.729,"y":3.729}]},"wave4":{"translate":[{"time":1.7666,"x":-1012.67,"y":-206.16,"curve":"stepped"},{"time":2,"x":-1012.67,"y":-206.16,"curve":"stepped"},{"time":2.2333,"x":-1012.67,"y":-206.16,"curve":"stepped"},{"time":2.4,"x":-1012.67,"y":-206.16}],"scale":[{"time":1.7666,"x":3.111,"y":3.111,"curve":"stepped"},{"time":1.9,"x":3.111,"y":3.111},{"time":1.9666,"x":3.888,"y":3.888,"curve":"stepped"},{"time":2,"x":3.111,"y":3.111,"curve":"stepped"},{"time":2.1333,"x":3.111,"y":3.111},{"time":2.2,"x":3.888,"y":3.888,"curve":"stepped"},{"time":2.2333,"x":3.708,"y":3.708},{"time":2.3666,"x":3.111,"y":3.111,"curve":"stepped"},{"time":2.4,"x":3.111,"y":3.111},{"time":2.4333,"x":3.888,"y":3.888},{"time":2.5333,"x":3.111,"y":3.111},{"time":2.6,"x":3.888,"y":3.888}]},"S2_water2":{"translate":[{"time":1.5,"x":-795,"y":-202.14}],"scale":[{"time":1.5,"x":0.76,"y":0.76,"curve":"stepped"},{"time":1.8,"x":0.48,"y":0.48,"curve":"stepped"},{"time":2.3333,"x":0.76,"y":0.76}]},"MAIN":{"rotate":[{"time":2.2666,"angle":26.43,"curve":"stepped"},{"time":3.2666,"angle":-11.93,"curve":"stepped"},{"time":3.5,"angle":0}],"translate":[{"time":0,"x":0,"y":0,"curve":"stepped"},{"time":2.2666,"x":-17.85,"y":0,"curve":"stepped"},{"time":2.3,"x":-4.45,"y":0,"curve":[0.226,0.75,0.68,1]},{"time":2.6666,"x":33.49,"y":3.34,"curve":"stepped"},{"time":3.2666,"x":0,"y":0}]},"weapon":{"rotate":[{"time":2.2666,"angle":-141.67,"curve":"stepped"},{"time":2.4,"angle":-144.42,"curve":"stepped"},{"time":2.9333,"angle":157.95}],"translate":[{"time":2.2666,"x":233.16,"y":254.62},{"time":2.4,"x":-428.02,"y":-234.52,"curve":"stepped"},{"time":2.9333,"x":542.23,"y":258.94,"curve":[0.242,0.8,0.75,1]},{"time":3.2666,"x":412.11,"y":238.5}]},"other":{"rotate":[{"time":2.8333,"angle":0}],"translate":[{"time":0,"x":0,"y":0,"curve":"stepped"},{"time":1.3333,"x":-8.88,"y":47.72,"curve":"stepped"},{"time":2.8333,"x":267.46,"y":-5.11,"curve":[0.242,0.8,0.75,1]},{"time":3.4666,"x":-5.11,"y":-5.11}]},"EF":{"translate":[{"time":1.3666,"x":289.46,"y":253.91,"curve":[0.3,0.8,0.75,1]},{"time":1.5666,"x":-15.02,"y":253.91}],"scale":[{"time":1.3666,"x":1,"y":1,"curve":"stepped"},{"time":1.4666,"x":1,"y":-1,"curve":"stepped"},{"time":1.5666,"x":1,"y":1}]},"DAMAGEAREA":{"translate":[{"time":1.3333,"x":-140.01,"y":96.92,"curve":"stepped"},{"time":1.4,"x":-294.37,"y":157.95},{"time":1.4666,"x":-294.37,"y":248.23,"curve":"stepped"},{"time":1.5,"x":-294.37,"y":248.23},{"time":1.6,"x":-294.37,"y":134.31,"curve":"stepped"},{"time":2.2666,"x":-294.37,"y":149.26},{"time":2.4,"x":-294.37,"y":176.99,"curve":"stepped"},{"time":3.2666,"x":-294.37,"y":176.99,"curve":"stepped"},{"time":3.4,"x":-294.37,"y":147.09}],"scale":[{"time":1.3333,"x":1.819,"y":0.789,"curve":"stepped"},{"time":1.4,"x":1.394,"y":2.403},{"time":1.4666,"x":1.394,"y":3.675,"curve":"stepped"},{"time":1.5,"x":1.394,"y":3.675},{"time":1.6,"x":1.54,"y":1.78,"curve":"stepped"},{"time":2.2666,"x":1.749,"y":2.169},{"time":2.4,"x":2.473,"y":2.888,"curve":"stepped"},{"time":3.2666,"x":2.473,"y":2.888},{"time":3.4,"x":1.672,"y":2.279}]},"other/other_attack_head":{"rotate":[{"time":0.2333,"angle":-3.49,"curve":"stepped"},{"time":0.4333,"angle":-2.13,"curve":"stepped"},{"time":3.1333,"angle":-5.06}],"translate":[{"time":0,"x":-2.02,"y":6.82,"curve":"stepped"},{"time":0.2333,"x":2.21,"y":10.69,"curve":"stepped"},{"time":0.4333,"x":5.71,"y":20.09,"curve":"stepped"},{"time":2.9333,"x":-2.18,"y":7.27,"curve":"stepped"},{"time":3.1333,"x":2.2,"y":10.95,"curve":"stepped"},{"time":3.4333,"x":4.48,"y":9.02}]},"root":{"translate":[{"time":0,"x":-1.34,"y":-8.7}]}},"drawOrder":[{"time":2.2,"offsets":[{"slot":"EF/510_S2_rock1/510_S2_rock1_00000","offset":-8}]},{"time":2.4666,"offsets":[{"slot":"EF/510_S2_rock1/510_S2_rock1_00000","offset":-8}]},{"time":2.6666,"offsets":[{"slot":"EF/510_S2_rock1/510_S2_rock1_00000","offset":-8}]},{"time":2.7,"offsets":[{"slot":"EF/510_S2_rock1/510_S2_rock1_00000","offset":-8},{"slot":"MAIN","offset":1}]},{"time":2.8666,"offsets":[{"slot":"EF/510_S2_rock1/510_S2_rock1_00000","offset":-8}]},{"time":2.9333,"offsets":[{"slot":"EF/510_S2_rock1/510_S2_rock1_00000","offset":-8},{"slot":"MAIN","offset":1}]}],"events":[{"time":0,"name":"HitEffect","string":"setHitEffect(hit04b,1,1,75)"},{"time":0.4333,"name":"Voice","string":"cri_057_voice_fullarts_now"},{"time":1.2333,"name":"Event","float":0.3,"string":"kHitStopType_normal"},{"time":1.2666,"name":"Event","string":"setHitBack(20,0)"},{"time":1.2666,"name":"Event2","string":"setHitBackEnemy(20,0)"},{"time":1.3,"name":"Sound1","string":"cri_se_battle_explosion_water_01"},{"time":1.3333,"name":"Sound2","string":"setHitSound(se_battle_hard_hit)"},{"time":1.3666,"name":"Event","float":0.05,"string":"kHitStopType_enemyonly"},{"time":1.3666,"name":"Event2","string":"addOrbitSystemCamera_flush"},{"time":1.3666,"name":"View","string":"shakeGround"},{"time":1.4,"name":"Event","string":"setHitBack(0,0)"},{"time":1.4,"name":"Event2","string":"setHitBackEnemy(0,10)"},{"time":1.4,"name":"Hit","float":1.1,"string":"resetHitList"},{"time":1.4333,"name":"Hit","float":1.2,"string":"resetHitList"},{"time":1.4666,"name":"Hit","float":1.3,"string":"resetHitList"},{"time":1.5,"name":"Sound2","string":"cri_se_battle_storm"},{"time":1.6,"name":"Hit","string":"resetHitList"},{"time":1.6,"name":"Sound2","string":"setHitSound(se_battle_hard_hit)"},{"time":1.7333,"name":"Hit","string":"resetHitList"},{"time":1.8666,"name":"Hit","string":"resetHitList"},{"time":2,"name":"Hit","string":"resetHitList"},{"time":2.1333,"name":"Hit","string":"resetHitList"},{"time":2.2666,"name":"Hit","string":"resetHitList"},{"time":2.2666,"name":"Sound1","string":"cri_se_battle_sword_srash"},{"time":2.2666,"name":"Sound2","string":"cri_se_battle_gun_burst"},{"time":2.2666,"name":"Voice","string":"cri_057_voice_fullarts_rank4"},{"time":2.3,"name":"Event","float":0.3,"string":"kHitStopType_normal"},{"time":2.3333,"name":"Hit","float":3,"string":"resetHitList"},{"time":2.3333,"name":"HitEffect","string":"setHitEffect(hit02b,1,1,100)"},{"time":2.3333,"name":"Sound1","string":"cri_se_battle_explosion_water_01"},{"time":2.3333,"name":"Sound2","string":"cri_se_battle_storm"},{"time":2.3333,"name":"Sound3","string":"setHitSound(se_battle_hard_hit)"},{"time":2.3333,"name":"View","float":1.33,"string":"shakeGround_Loop"},{"time":2.3666,"name":"Event","float":0.05,"string":"kHitStopType_enemyonly"},{"time":2.4333,"name":"Sound1","string":"cri_se_battle_explosion_water_01"},{"time":2.4666,"name":"Hit","float":4,"string":"resetHitList"},{"time":2.4666,"name":"Sound2","string":"setHitSound(se_battle_hard_hit)"},{"time":2.5333,"name":"Sound1","string":"cri_se_battle_explosion_water_01"},{"time":2.6,"name":"Hit","float":3,"string":"resetHitList"},{"time":2.6333,"name":"Sound1","string":"cri_se_battle_explosion_water_01"},{"time":2.7333,"name":"Hit","float":4,"string":"resetHitList"},{"time":2.7333,"name":"Sound1","string":"cri_se_battle_explosion_water_01"},{"time":2.8333,"name":"Sound1","string":"cri_se_battle_explosion_water_01"},{"time":2.8666,"name":"Hit","float":3,"string":"resetHitList"},{"time":2.9333,"name":"Sound1","string":"cri_se_battle_explosion_water_01"},{"time":3,"name":"Hit","float":4,"string":"resetHitList"},{"time":3.0333,"name":"Sound1","string":"cri_se_battle_explosion_water_01"},{"time":3.1333,"name":"Hit","float":3,"string":"resetHitList"},{"time":3.1333,"name":"Sound1","string":"cri_se_battle_explosion_water_01"},{"time":3.2333,"name":"Sound1","string":"cri_se_battle_explosion_water_01"},{"time":3.2666,"name":"Event","string":"kImpactType_up"},{"time":3.2666,"name":"Hit","float":4,"string":"resetHitList"},{"time":3.3333,"name":"Sound1","string":"cri_se_battle_explosion_water_01"}]}}}