{"skeleton":{"hash":"I6//z/VTjSTCCank/i554vKL3tQ","spine":"3.0.12","width":0,"height":0,"images":"./images/"},"bones":[{"name":"root"},{"name":"MAIN","parent":"root","y":67.32,"color":"ff0015ff"},{"name":"SHADOW-OFFSET","parent":"MAIN","y":-67,"scaleX":1.5,"scaleY":1.5,"color":"58ff00ff"},{"name":"HPBAR","parent":"MAIN","x":-0.4,"y":124.23,"color":"ff0015ff"},{"name":"HITBOX","parent":"MAIN","y":-67.31,"color":"58ff00ff"},{"name":"EF","parent":"root","x":-196.6,"y":97.04,"color":"ff8c00ff"},{"name":"DAMAGEAREA","parent":"root","color":"34ff29ff"}],"slots":[{"name":"EF/100_S1_wave1/100_S1_wave1_00005","bone":"EF"},{"name":"MAIN","bone":"MAIN","attachment":"idle_04"},{"name":"DAMAGEAREA","bone":"DAMAGEAREA"},{"name":"HITBOX","bone":"HITBOX","attachment":"HITBOX"}],"skins":{"default":{"DAMAGEAREA":{"DAMAGEAREA":{"type":"boundingbox","vertices":[-99.5587,98.94613,-98.68867,-95.93387,97.06128,-97.67387,100.5413,98.0761,0,0,0,0,0,0,0,0]}},"EF/100_S1_wave1/100_S1_wave1_00005":{"EF/100_S1_wave1/100_S1_wave1_00005":{"x":0.68,"y":7.52,"width":250,"height":250},"EF/100_S1_wave1/100_S1_wave1_00007":{"x":0.68,"y":7.52,"width":250,"height":250},"EF/100_S1_wave1/100_S1_wave1_00009":{"x":0.68,"y":7.52,"width":250,"height":250}},"HITBOX":{"HITBOX":{"type":"boundingbox","vertices":[71.37168,-0.91643,70.70767,132.54759,-40.18025,133.21162,-43.50025,0.41155,0,0,0,0,0,0,0,0]}},"MAIN":{"attack1_00":{"x":36.75,"y":40.87,"width":594,"height":510},"attack1_01":{"x":36.75,"y":40.87,"width":594,"height":510},"attack1_02":{"x":36.75,"y":40.87,"width":594,"height":510},"attack1_03":{"x":36.75,"y":40.87,"width":594,"height":510},"attack1_04":{"x":36.75,"y":27.69,"width":594,"height":510},"attack1_05":{"x":36.75,"y":27.69,"width":594,"height":510},"attack1_06":{"x":36.75,"y":27.69,"width":594,"height":510},"damage_00":{"x":36.75,"y":40.87,"width":594,"height":510},"front_00":{"x":36.75,"y":40.87,"width":594,"height":510},"front_01":{"x":30.76,"y":40.87,"width":594,"height":510},"front_02":{"x":36.75,"y":40.87,"width":594,"height":510},"front_03":{"x":36.75,"y":40.87,"width":594,"height":510},"front_04":{"x":36.75,"y":40.87,"width":594,"height":510},"front_05":{"x":36.75,"y":40.87,"width":594,"height":510},"front_06":{"x":36.75,"y":40.87,"width":594,"height":510},"front_07":{"x":36.75,"y":40.87,"width":594,"height":510},"front_08":{"x":36.75,"y":40.87,"width":594,"height":510},"front_09":{"x":36.75,"y":40.87,"width":594,"height":510},"front_10":{"x":36.75,"y":40.87,"width":594,"height":510},"idle_00":{"x":49.13,"y":40.87,"width":594,"height":510},"idle_01":{"x":49.14,"y":40.87,"width":594,"height":510},"idle_02":{"x":49.14,"y":40.87,"width":594,"height":510},"idle_03":{"x":49.14,"y":40.87,"width":594,"height":510},"idle_04":{"x":49.14,"y":40.87,"width":594,"height":510},"skill2_00":{"x":36.76,"y":40.87,"width":594,"height":510},"skill2_01":{"x":36.76,"y":40.87,"width":594,"height":510},"skill2_02":{"x":36.76,"y":40.87,"width":594,"height":510},"skill2_03":{"x":36.76,"y":40.87,"width":594,"height":510},"skill2_04":{"x":36.76,"y":40.87,"width":594,"height":510},"skill2_05":{"x":36.76,"y":40.87,"width":594,"height":510},"skill2_06":{"x":36.76,"y":40.87,"width":594,"height":510},"skill2_07":{"x":36.76,"y":40.87,"width":594,"height":510},"skill2_08":{"x":36.76,"y":40.87,"width":594,"height":510},"skill2_09":{"x":36.76,"y":40.87,"width":594,"height":510},"skill2_10":{"x":36.76,"y":40.87,"width":594,"height":510},"skill2_11":{"x":36.76,"y":40.87,"width":594,"height":510},"skill2_12":{"x":36.76,"y":40.87,"width":594,"height":510},"skill2_13":{"x":36.76,"y":40.87,"width":594,"height":510}}}},"events":{"Event":{},"Hit":{},"HitEffect":{},"View":{},"Voice":{},"sound_1":{},"sound_2":{},"sound_3":{}},"animations":{"attack1":{"slots":{"MAIN":{"attachment":[{"time":0,"name":"attack1_00"},{"time":0.1,"name":"attack1_01"},{"time":0.2,"name":"attack1_02"},{"time":0.3,"name":"attack1_03"},{"time":0.6,"name":"attack1_04"},{"time":0.6666,"name":"attack1_05"},{"time":0.7333,"name":"attack1_06"},{"time":0.8,"name":"attack1_06"}]}},"bones":{"MAIN":{"translate":[{"time":0,"x":1.14,"y":0}]}},"events":[{"time":0.6,"name":"Event","string":"addOrbitSystemShot(orbitShot,orbitExplotion,1)"},{"time":0.6,"name":"Voice","string":"cri_056_voice_attack_random"}]},"back":{"slots":{"MAIN":{"attachment":[{"time":0,"name":"front_00"},{"time":0.1333,"name":"front_01"},{"time":0.2666,"name":"front_02"},{"time":0.4,"name":"front_03"},{"time":0.5,"name":"front_04"},{"time":0.6,"name":"front_05"},{"time":0.7,"name":"front_06"},{"time":0.8,"name":"front_07"},{"time":0.9,"name":"front_08"},{"time":1,"name":"front_09"},{"time":1.1,"name":"front_10"},{"time":1.2,"name":"front_00"}]}},"bones":{"MAIN":{"translate":[{"time":0,"x":0,"y":0,"curve":"stepped"},{"time":0.4,"x":0,"y":20.64},{"time":0.5333,"x":26.4,"y":32.93},{"time":0.9,"x":130.99,"y":0},{"time":1,"x":140,"y":0,"curve":"stepped"},{"time":1.0666,"x":140,"y":-5.15},{"time":1.1333,"x":140,"y":0}]}},"events":[{"time":0.1333,"name":"sound_1","string":"cri_se_battle_Flutter"},{"time":0.4,"name":"sound_1","string":"cri_se_battle_monster_jump"},{"time":0.5,"name":"sound_1","string":"cri_se_battle_Flutter"},{"time":0.7,"name":"sound_1","string":"cri_se_battle_Flutter"},{"time":1,"name":"sound_1","string":"cri_se_battle_monster_landing"}]},"cast":{"slots":{"MAIN":{"attachment":[{"time":0,"name":"attack1_00"},{"time":0.1,"name":"attack1_01"},{"time":0.2,"name":"attack1_02"},{"time":0.3,"name":"attack1_03"},{"time":0.4333,"name":"attack1_04"},{"time":0.5,"name":"attack1_05"},{"time":0.5666,"name":"attack1_06"},{"time":0.8333,"name":"idle_00"}]}},"events":[{"time":0,"name":"Voice","string":"cri_056_voice_item"}]},"damage":{"slots":{"MAIN":{"attachment":[{"time":0,"name":"damage_00"}]}}},"front":{"slots":{"MAIN":{"attachment":[{"time":0,"name":"front_00"},{"time":0.1333,"name":"front_01"},{"time":0.2666,"name":"front_02"},{"time":0.4,"name":"front_03"},{"time":0.5,"name":"front_04"},{"time":0.6,"name":"front_05"},{"time":0.7,"name":"front_06"},{"time":0.8,"name":"front_07"},{"time":0.9,"name":"front_08"},{"time":1,"name":"front_09"},{"time":1.1,"name":"front_10"},{"time":1.2,"name":"front_00"}]}},"events":[{"time":0.4,"name":"sound_1","string":"cri_se_battle_monster_jump"},{"time":0.5,"name":"sound_2","string":"cri_se_battle_Flutter"},{"time":0.7,"name":"sound_2","string":"cri_se_battle_Flutter"},{"time":1,"name":"sound_1","string":"cri_se_battle_monster_landing"}]},"idle":{"slots":{"MAIN":{"attachment":[{"time":0,"name":"idle_00"},{"time":0.2,"name":"idle_01"},{"time":0.4,"name":"idle_02"},{"time":0.6,"name":"idle_03"},{"time":0.8,"name":"idle_04"},{"time":1,"name":"idle_00"}]}}},"skill1":{"slots":{"EF/100_S1_wave1/100_S1_wave1_00005":{"attachment":[{"time":0.2,"name":"EF/100_S1_wave1/100_S1_wave1_00005"},{"time":0.3,"name":"EF/100_S1_wave1/100_S1_wave1_00007"},{"time":0.3666,"name":"EF/100_S1_wave1/100_S1_wave1_00009"},{"time":0.5,"name":null}],"color":[{"time":0,"color":"ffffff00"},{"time":0.4,"color":"ffffffff"},{"time":0.5,"color":"ffffff00"}]},"MAIN":{"attachment":[{"time":0,"name":"attack1_00"},{"time":0.1,"name":"attack1_01"},{"time":0.2,"name":"attack1_02"},{"time":0.3,"name":"attack1_03"},{"time":0.6666,"name":"attack1_04"},{"time":0.7333,"name":"attack1_05"},{"time":0.8,"name":"attack1_06"},{"time":0.8666,"name":"attack1_05"},{"time":0.9333,"name":"attack1_06"},{"time":1,"name":"attack1_05"},{"time":1.0666,"name":"attack1_06"},{"time":1.1333,"name":"attack1_05"},{"time":1.2,"name":"attack1_06"},{"time":1.2666,"name":"attack1_05"},{"time":1.3333,"name":"attack1_06"},{"time":1.4,"name":"attack1_05"},{"time":1.4666,"name":"attack1_06"},{"time":1.5333,"name":"attack1_05"},{"time":1.6,"name":"attack1_06"},{"time":1.6666,"name":"attack1_05"},{"time":1.7333,"name":"attack1_06"},{"time":1.8,"name":"attack1_05"},{"time":1.8666,"name":"attack1_06"},{"time":1.9333,"name":"attack1_05"},{"time":2,"name":"attack1_06"},{"time":2.1,"name":"attack1_05"},{"time":2.2333,"name":"attack1_04"},{"time":2.3333,"name":"front_00"}]}},"bones":{"MAIN":{"translate":[{"time":2.3333,"x":-21.02,"y":-27.07}],"scale":[{"time":2.3333,"x":1.231,"y":1.231}]},"EF":{"translate":[{"time":0,"x":196.6,"y":-97.04,"curve":"stepped"},{"time":0.2,"x":196.6,"y":-97.04}],"scale":[{"time":0,"x":3.196,"y":3.196},{"time":0.2,"x":1,"y":1},{"time":0.2666,"x":1.933,"y":1.933},{"time":0.3,"x":1.631,"y":1.631},{"time":0.3333,"x":1.74,"y":1.74},{"time":0.3666,"x":1.67,"y":1.67},{"time":0.4333,"x":3.196,"y":3.196}]},"root":{"translate":[{"time":1.8,"x":0,"y":0}]}},"events":[{"time":0.2,"name":"Event","string":"addOrbitSystem_power"},{"time":0.3,"name":"Event","string":"addOrbitSystem_smallmeteor1"},{"time":0.5,"name":"Event","string":"addOrbitSystem_smallmeteor2"},{"time":0.6666,"name":"Voice","string":"cri_056_voice_skill_a"}]},"skill2":{"slots":{"DAMAGEAREA":{"attachment":[{"time":3.6666,"name":"DAMAGEAREA"},{"time":4.4333,"name":null}]},"MAIN":{"attachment":[{"time":0,"name":"skill2_00"},{"time":0.1,"name":"skill2_01"},{"time":0.2,"name":"skill2_02"},{"time":0.3333,"name":"skill2_03"},{"time":0.4666,"name":"skill2_04"},{"time":0.5666,"name":"skill2_05"},{"time":0.6666,"name":"skill2_06"},{"time":0.7666,"name":"skill2_07"},{"time":0.8333,"name":"skill2_08"},{"time":0.9,"name":"skill2_07"},{"time":0.9666,"name":"skill2_08"},{"time":1.0333,"name":"skill2_07"},{"time":1.1,"name":"skill2_08"},{"time":1.1666,"name":"skill2_07"},{"time":1.2333,"name":"skill2_08"},{"time":1.3,"name":"skill2_07"},{"time":1.3666,"name":"skill2_08"},{"time":1.4333,"name":"skill2_07"},{"time":1.5,"name":"skill2_08"},{"time":1.5666,"name":"skill2_07"},{"time":1.6333,"name":"skill2_08"},{"time":1.7,"name":"skill2_07"},{"time":1.7666,"name":"skill2_08"},{"time":1.8333,"name":"skill2_07"},{"time":1.9,"name":"skill2_08"},{"time":1.9666,"name":"skill2_07"},{"time":2.0333,"name":"skill2_08"},{"time":2.1,"name":"skill2_07"},{"time":2.1666,"name":"skill2_08"},{"time":2.2333,"name":"skill2_07"},{"time":2.3,"name":"skill2_08"},{"time":2.3666,"name":"skill2_07"},{"time":2.4333,"name":"skill2_08"},{"time":2.5,"name":"skill2_07"},{"time":2.5666,"name":"skill2_08"},{"time":2.6333,"name":"skill2_07"},{"time":2.7,"name":"skill2_08"},{"time":2.7666,"name":"skill2_07"},{"time":2.8333,"name":"skill2_08"},{"time":2.9,"name":"skill2_07"},{"time":2.9666,"name":"skill2_08"},{"time":3.0333,"name":"skill2_07"},{"time":3.1,"name":"skill2_08"},{"time":3.1666,"name":"skill2_07"},{"time":3.2333,"name":"skill2_08"},{"time":3.3,"name":"skill2_07"},{"time":3.3666,"name":"skill2_08"},{"time":3.4333,"name":"skill2_07"},{"time":3.5,"name":"skill2_08"},{"time":3.5666,"name":"skill2_07"},{"time":3.6333,"name":"skill2_08"},{"time":3.7,"name":"skill2_07"},{"time":3.7666,"name":"skill2_08"},{"time":3.8333,"name":"skill2_09"},{"time":3.9333,"name":"skill2_10"},{"time":4.0333,"name":"skill2_11"},{"time":4.1666,"name":"skill2_12"},{"time":4.3,"name":"skill2_13"},{"time":4.6333,"name":"skill2_13"}]}},"bones":{"DAMAGEAREA":{"translate":[{"time":3.6666,"x":-11.24,"y":208,"curve":"stepped"},{"time":4.1,"x":-11.24,"y":208},{"time":4.3,"x":-11.24,"y":168.89}],"scale":[{"time":3.6666,"x":3.09,"y":3,"curve":"stepped"},{"time":4.1,"x":3.09,"y":3},{"time":4.3,"x":4.83,"y":2.413}]}},"events":[{"time":0,"name":"HitEffect","string":"setHitEffect(hit02a,1,0.75,100)"},{"time":0.0333,"name":"sound_1","string":"cri_se_battle_magic_Invocation_dark"},{"time":0.0333,"name":"sound_2","string":"cri_se_battle_charge"},{"time":0.3666,"name":"sound_1","string":"cri_se_battle_arrow_light_effect"},{"time":0.7,"name":"sound_1","string":"cri_se_battle_earthquake"},{"time":0.7666,"name":"Voice","string":"cri_056_voice_fullarts_now"},{"time":1.4,"name":"View","float":3,"string":"shakeGround_Loop"},{"time":2.7,"name":"View","float":2,"string":"shakeGround_Loop"},{"time":3.5,"name":"sound_1","string":"cri_se_battle_031_explosion_03"},{"time":3.6,"name":"Event","float":0.1,"string":"kHitStopType_normal"},{"time":3.6333,"name":"Event","string":"kImpactType_down"},{"time":3.6666,"name":"Event","string":"addOrbitSystemCamera_RockandWind"},{"time":3.6666,"name":"sound_1","string":"setHitSound(se_battle_explosion_short)"},{"time":3.7,"name":"Event","float":0.08,"string":"kHitStopType_enemyonly"},{"time":3.7333,"name":"Event","string":"setHitBackEnemy(30,30)"},{"time":3.7333,"name":"View","float":1,"string":"shakeGround_Loop"},{"time":3.7666,"name":"Event","string":"setHitBackEnemy(30,30)"},{"time":3.8,"name":"Hit","string":"resetHitList"},{"time":3.9333,"name":"Event","string":"setHitBackEnemy(30,30)"},{"time":3.9333,"name":"Hit","string":"resetHitList"},{"time":3.9666,"name":"Event","string":"setHitBackEnemy(40,30)"},{"time":4.0333,"name":"Event","string":"kImpactType_normal"},{"time":4.0333,"name":"sound_1","string":"cri_se_battle_032_explosion_04"},{"time":4.1,"name":"Hit","string":"resetHitList"},{"time":4.2666,"name":"Event","string":"setHitBackEnemy(50,50)"},{"time":4.3,"name":"Event","string":"kImpactType_up"},{"time":4.3,"name":"Hit","string":"resetHitList"}]}}}