{"skeleton":{"hash":"NKZkYGSArvOcAAZUr+x/QvOPNlU","spine":"3.0.12","width":0,"height":0},"bones":[{"name":"root"},{"name":"MAIN","parent":"root","y":67}],"slots":[{"name":"MAIN","bone":"MAIN","attachment":"idle/idle_00"}],"skins":{"default":{"MAIN":{"idle/idle_00":{"x":-24.46,"y":-4,"width":512,"height":512},"idle/idle_01":{"x":-24.86,"y":-5.79,"width":512,"height":512},"idle/idle_02":{"x":-24.46,"y":-4,"width":512,"height":512},"idle/idle_03":{"x":-24.46,"y":-4,"width":512,"height":512}}}},"events":{"Event":{},"hit":{}},"animations":{"idle":{"slots":{"MAIN":{"attachment":[{"time":0,"name":"idle/idle_00"},{"time":0.2333,"name":"idle/idle_01"},{"time":0.4666,"name":"idle/idle_02"},{"time":0.7,"name":"idle/idle_03"},{"time":0.9333,"name":"idle/idle_00"}]}}}}}