{"skeleton":{"hash":"TReTldMqQSnqbYbmK0rq6h04aRs","spine":"3.0.12","width":0,"height":0,"images":"./images2/"},"bones":[{"name":"root"},{"name":"grid","parent":"root"},{"name":"ef/330_S2_wing1/330_S2_wing1_00000_2","parent":"root","x":-133.1,"y":-58.72},{"name":"ef/330_S2_wing1/330_S2_wing1_00000_1","parent":"root","x":-133.1,"y":-58.72},{"name":"ef/130_S1_wave1/130_S1_wave1_41","parent":"root","y":-73.52,"rotation":-0.08},{"name":"ef/130_S1_wave1/130_S1_wave1_00040","parent":"root","y":-73.52,"rotation":-0.08},{"name":"ef/130_S1_wave1/130_S1_wave1_40","parent":"root","y":-73.52,"rotation":-0.08},{"name":"MAIN","parent":"root","y":100},{"name":"SHADOW-OFFSET","parent":"MAIN","y":-100},{"name":"HITBOX","parent":"MAIN","x":21.12,"y":27.13},{"name":"DAMAGEAREA","parent":"root","color":"00e013ff"}],"slots":[{"name":"grid/bg","bone":"grid"},{"name":"grid/grid","bone":"grid"},{"name":"ef/330_S2_wing1/330_S2_wing1_00000","bone":"ef/330_S2_wing1/330_S2_wing1_00000_1"},{"name":"ef/330_S2_wing1/330_S2_wing1_0","bone":"ef/330_S2_wing1/330_S2_wing1_00000_2"},{"name":"ef/130_S1_wave1/130_S1_wave1_00040","bone":"ef/130_S1_wave1/130_S1_wave1_00040","blend":"additive"},{"name":"ef/130_S1_wave1/130_S1_wave1_40","bone":"ef/130_S1_wave1/130_S1_wave1_40","blend":"additive"},{"name":"ef/130_S1_wave1/130_S1_wave1_41","bone":"ef/130_S1_wave1/130_S1_wave1_41","blend":"additive"},{"name":"MAIN","bone":"MAIN","attachment":"idle_00"},{"name":"HITBOX","bone":"HITBOX","attachment":"HITBOX"},{"name":"DAMAGEAREA","bone":"DAMAGEAREA"}],"skins":{"default":{"DAMAGEAREA":{"DAMAGEAREA":{"type":"boundingbox","vertices":[-98.4677,98.03767,-99.00368,-98.6741,98.24407,-99.21011,97.17206,96.96566]}},"HITBOX":{"HITBOX":{"type":"boundingbox","vertices":[-58.37005,67.74753,-57.82907,-128.90443,51.0989,-128.90443,50.55794,67.74753]}},"MAIN":{"attack1_skill1_00":{"width":400,"height":400},"attack1_skill1_01":{"width":400,"height":400},"attack1_skill1_02":{"width":400,"height":400},"attack1_skill1_03":{"width":400,"height":400},"attack1_skill1_04":{"width":400,"height":400},"attack1_skill1_05":{"width":400,"height":400},"back_00":{"width":400,"height":400},"damege_00":{"width":400,"height":400},"front_00":{"width":400,"height":400},"idle_00":{"x":27.92,"y":14.19,"width":400,"height":400},"idle_01":{"x":24.14,"y":13.64,"width":400,"height":400},"idle_02":{"x":23.86,"y":20.47,"width":400,"height":400},"idle_03":{"x":26.77,"y":17.84,"width":400,"height":400},"idle_04":{"x":27.29,"y":17.32,"width":400,"height":400},"skill2_00":{"x":-2.62,"width":244,"height":209},"skill2_01":{"width":400,"height":400},"skill2_02":{"width":400,"height":400},"skill2_03":{"x":7.35,"y":-6.37,"width":400,"height":400},"skill2_04":{"x":7.35,"y":2.62,"width":400,"height":400},"skill2_05":{"width":400,"height":400},"skill2_06":{"width":400,"height":400},"skill2_08":{"width":400,"height":400},"skill2_09":{"width":400,"height":400},"skill2_10":{"x":1.13,"width":400,"height":400},"skill2_11":{"x":9.56,"y":25.4,"width":400,"height":400},"skill2_12":{"x":9.56,"y":7.73,"width":400,"height":400}},"ef/130_S1_wave1/130_S1_wave1_00040":{"ef/130_S1_wave1/130_S1_wave1_00040":{"x":0.66,"y":1.32,"width":225,"height":225},"ef/130_S1_wave1/130_S1_wave1_00041":{"x":0.66,"y":1.32,"width":225,"height":225},"ef/130_S1_wave1/130_S1_wave1_00043":{"x":0.66,"y":1.32,"width":225,"height":225},"ef/130_S1_wave1/130_S1_wave1_00044":{"x":0.66,"y":1.32,"width":225,"height":225},"ef/130_S1_wave1/130_S1_wave1_00046":{"x":0.66,"y":1.32,"width":225,"height":225},"ef/130_S1_wave1/130_S1_wave1_00047":{"x":0.66,"y":1.32,"width":225,"height":225},"ef/130_S1_wave1/130_S1_wave1_00048":{"x":0.66,"y":1.32,"width":225,"height":225}},"ef/130_S1_wave1/130_S1_wave1_40":{"ef/130_S1_wave1/130_S1_wave1_00040":{"x":0.66,"y":1.32,"width":225,"height":225},"ef/130_S1_wave1/130_S1_wave1_00041":{"x":0.66,"y":1.32,"width":225,"height":225},"ef/130_S1_wave1/130_S1_wave1_00043":{"x":0.66,"y":1.32,"width":225,"height":225},"ef/130_S1_wave1/130_S1_wave1_00044":{"x":0.66,"y":1.32,"width":225,"height":225},"ef/130_S1_wave1/130_S1_wave1_00046":{"x":0.66,"y":1.32,"width":225,"height":225},"ef/130_S1_wave1/130_S1_wave1_00047":{"x":0.66,"y":1.32,"width":225,"height":225},"ef/130_S1_wave1/130_S1_wave1_00048":{"x":0.66,"y":1.32,"width":225,"height":225}},"ef/130_S1_wave1/130_S1_wave1_41":{"ef/130_S1_wave1/130_S1_wave1_00040":{"x":0.66,"y":1.32,"width":225,"height":225},"ef/130_S1_wave1/130_S1_wave1_00041":{"x":0.66,"y":1.32,"width":225,"height":225},"ef/130_S1_wave1/130_S1_wave1_00043":{"x":0.66,"y":1.32,"width":225,"height":225},"ef/130_S1_wave1/130_S1_wave1_00044":{"x":0.66,"y":1.32,"width":225,"height":225},"ef/130_S1_wave1/130_S1_wave1_00046":{"x":0.66,"y":1.32,"width":225,"height":225},"ef/130_S1_wave1/130_S1_wave1_00047":{"x":0.66,"y":1.32,"width":225,"height":225},"ef/130_S1_wave1/130_S1_wave1_00048":{"x":0.66,"y":1.32,"width":225,"height":225}},"ef/330_S2_wing1/330_S2_wing1_0":{"ef/330_S2_wing1/330_S2_wing1_00000":{"x":133.1,"y":58.72,"width":300,"height":300}},"ef/330_S2_wing1/330_S2_wing1_00000":{"ef/330_S2_wing1/330_S2_wing1_00000":{"x":133.1,"y":58.72,"width":300,"height":300}}}},"events":{"Event":{},"Hit":{},"HitEffect":{},"Sound1":{},"Sound2":{},"Sound3":{},"Sound4":{},"View":{},"Voice":{}},"animations":{"attack1":{"slots":{"MAIN":{"attachment":[{"time":0,"name":"attack1_skill1_02"},{"time":0.0666,"name":"attack1_skill1_01"},{"time":0.1666,"name":"attack1_skill1_02"},{"time":0.5,"name":"attack1_skill1_03"},{"time":0.5666,"name":"attack1_skill1_04"},{"time":0.6333,"name":"attack1_skill1_05"},{"time":0.8333,"name":"idle_00"},{"time":0.9333,"name":"idle_01"},{"time":1,"name":"idle_02"},{"time":1.1,"name":"idle_03"},{"time":1.1666,"name":"idle_04"}]}},"bones":{"MAIN":{"translate":[{"time":0,"x":88.1,"y":34.14},{"time":0.1,"x":52.26,"y":2.22},{"time":0.2,"x":88.1,"y":34.14,"curve":"stepped"},{"time":0.4666,"x":88.1,"y":34.14},{"time":0.5666,"x":108.96,"y":43.57,"curve":"stepped"},{"time":0.8333,"x":108.96,"y":43.57,"curve":[0.288,0.5,0.597,0.84]},{"time":1.1666,"x":-0.35,"y":12.88}]}},"events":[{"time":0,"name":"Event","string":"addOrbitSystemInsight(attack1bomb,empty,100,0,0,80,0)"},{"time":0.5,"name":"Sound1","string":"cri_se_battle_arrow_light_effect"},{"time":0.5,"name":"Voice","string":"cri_024_voice_attack_a"},{"time":0.5333,"name":"Sound1","string":"cri_se_battle_Flutter"}]},"back":{"slots":{"MAIN":{"attachment":[{"time":0,"name":"idle_00"},{"time":0.0333,"name":"back_00"},{"time":0.3,"name":"idle_02"},{"time":0.4,"name":"idle_03"},{"time":0.5666,"name":"idle_04"},{"time":0.6666,"name":"idle_00"}]}},"bones":{"MAIN":{"rotate":[{"time":0,"angle":16.64,"curve":"stepped"},{"time":0.3,"angle":0}],"translate":[{"time":0,"x":0,"y":0,"curve":[0,0.55,0.373,1]},{"time":0.3333,"x":140,"y":0}]}}},"cast":{"slots":{"MAIN":{"attachment":[{"time":0,"name":"idle_04"},{"time":0.5,"name":"attack1_skill1_02"},{"time":0.5666,"name":"attack1_skill1_04"},{"time":0.6333,"name":"attack1_skill1_05"},{"time":1,"name":"idle_00"}]}},"events":[{"time":0,"name":"Voice","string":"cri_024_voice_attack_b"}]},"damage":{"slots":{"MAIN":{"attachment":[{"time":0,"name":"damege_00"}]}}},"front":{"slots":{"MAIN":{"attachment":[{"time":0,"name":"front_00"}]}},"bones":{"MAIN":{"translate":[{"time":0,"x":0,"y":0}]}}},"idle":{"slots":{"MAIN":{"attachment":[{"time":0,"name":"idle_00"},{"time":0.1666,"name":"idle_01"},{"time":0.3333,"name":"idle_02"},{"time":0.5,"name":"idle_03"},{"time":0.6666,"name":"idle_04"},{"time":0.8333,"name":"idle_04"}]}},"events":[{"time":0.1666,"name":"Sound1","string":"cri_se_battle_Flutter"}]},"skill1":{"slots":{"DAMAGEAREA":{"attachment":[{"time":0.5,"name":"DAMAGEAREA"},{"time":0.9333,"name":null}]},"MAIN":{"attachment":[{"time":0,"name":"attack1_skill1_04"},{"time":0.2,"name":"attack1_skill1_01"},{"time":0.2666,"name":"attack1_skill1_02"},{"time":0.5,"name":"attack1_skill1_03"},{"time":0.5666,"name":"attack1_skill1_04"},{"time":0.6,"name":"attack1_skill1_04"},{"time":1,"name":"attack1_skill1_04"}]}},"bones":{"MAIN":{"rotate":[{"time":0,"angle":5.85}],"translate":[{"time":0,"x":108.96,"y":43.57},{"time":0.1,"x":52.26,"y":5.69},{"time":0.2,"x":88.1,"y":34.14,"curve":"stepped"},{"time":0.4666,"x":88.1,"y":34.14},{"time":0.6,"x":108.96,"y":43.57}]},"DAMAGEAREA":{"translate":[{"time":0.5,"x":81.97,"y":103.24},{"time":0.5333,"x":-109.44,"y":51.71},{"time":0.6333,"x":-648.65,"y":54.94,"curve":"stepped"},{"time":0.6666,"x":77.52,"y":67.76},{"time":0.7333,"x":-427.8,"y":10.99},{"time":0.7666,"x":-715.54,"y":-37.85,"curve":"stepped"},{"time":0.8,"x":100.74,"y":115.85},{"time":0.9,"x":-684,"y":48}],"scale":[{"time":0.5,"x":1.328,"y":1.428},{"time":0.5333,"x":1.538,"y":0.203,"curve":"stepped"},{"time":0.6333,"x":1.859,"y":0.203,"curve":"stepped"},{"time":0.6666,"x":1.34,"y":1.365},{"time":0.7,"x":2.108,"y":0.603},{"time":0.7333,"x":2.535,"y":0.568,"curve":"stepped"},{"time":0.8,"x":1.642,"y":1.357},{"time":0.8666,"x":2.357,"y":0.545}]}},"events":[{"time":0,"name":"HitEffect","string":"setHitEffect(hit02d,1,0.6,1)"},{"time":0,"name":"Voice","string":"cri_024_voice_skill"},{"time":0.0333,"name":"Sound1","string":"cri_se_battle_charge"},{"time":0.4666,"name":"Event","string":"setHitBack(20,0)"},{"time":0.5,"name":"Event","string":"setHitBackEnemy(20,0)"},{"time":0.5,"name":"Sound1","string":"cri_se_battle_beam"},{"time":0.5333,"name":"Event","float":0.05,"string":"kHitStopType_enemyonly\t"},{"time":0.5333,"name":"Sound1","string":"cri_se_battle_Flutter"},{"time":0.6666,"name":"Hit","string":"resetHitList"},{"time":0.6666,"name":"Sound1","string":"cri_se_battle_beam"},{"time":0.8,"name":"Event","float":0.2,"string":"kHitStopType_enemyonly\t"},{"time":0.8,"name":"Hit","string":"resetHitList"},{"time":0.8,"name":"Sound1","string":"cri_se_battle_beam"}]},"skill2":{"slots":{"DAMAGEAREA":{"attachment":[{"time":1.3333,"name":"DAMAGEAREA"},{"time":1.4333,"name":null},{"time":1.7333,"name":"DAMAGEAREA"},{"time":1.8333,"name":null},{"time":3.2,"name":"DAMAGEAREA"},{"time":3.3666,"name":null}]},"MAIN":{"attachment":[{"time":0,"name":"idle_03"},{"time":0.1,"name":"idle_00"},{"time":0.2,"name":"idle_01"},{"time":0.3,"name":"idle_02"},{"time":0.4,"name":"idle_03"},{"time":0.5,"name":"idle_04"},{"time":1,"name":"skill2_00"},{"time":1.1666,"name":"skill2_01"},{"time":1.3,"name":"skill2_02"},{"time":1.4333,"name":"skill2_03"},{"time":1.7,"name":"skill2_04"},{"time":1.8666,"name":"skill2_05"},{"time":2.0666,"name":"skill2_02"},{"time":2.2666,"name":"skill2_04"},{"time":2.4,"name":"skill2_08"},{"time":2.5,"name":"skill2_09"},{"time":3.2,"name":"skill2_11"},{"time":3.3,"name":"skill2_12"},{"time":3.9666,"name":"front_00"},{"time":4.2333,"name":"idle_01"},{"time":4.3333,"name":"idle_02"},{"time":4.4333,"name":"idle_03"},{"time":4.5333,"name":"idle_04"}],"color":[{"time":0.1,"color":"ffffffff"},{"time":0.5,"color":"ffffff00","curve":"stepped"},{"time":1,"color":"ffffff00"},{"time":1.2,"color":"ffffffff","curve":"stepped"},{"time":3.4333,"color":"ffffffef","curve":[0.848,0,0.853,0.45]},{"time":3.7666,"color":"ffffff00","curve":"stepped"},{"time":4,"color":"ffffff09","curve":[0.21,0.82,0.75,1]},{"time":4.4333,"color":"ffffffef"}]},"ef/330_S2_wing1/330_S2_wing1_00000":{"attachment":[{"time":3.2,"name":"ef/330_S2_wing1/330_S2_wing1_00000"}],"color":[{"time":3.4,"color":"fffffff0","curve":[0.509,0,0.687,0.18]},{"time":3.7666,"color":"ffffff00"}]},"ef/330_S2_wing1/330_S2_wing1_0":{"attachment":[{"time":3.2,"name":"ef/330_S2_wing1/330_S2_wing1_00000"}],"color":[{"time":3.4,"color":"fffffff2","curve":[0.509,0,0.687,0.18]},{"time":3.7666,"color":"ffffff00"}]}},"bones":{"MAIN":{"rotate":[{"time":1.1666,"angle":28.1,"curve":[0.25,0,0.75,1]},{"time":1.3,"angle":13.03,"curve":[0.25,0,0.75,1]},{"time":1.3666,"angle":9.31,"curve":[0.25,0,0.75,1]},{"time":1.5333,"angle":1.95,"curve":[0.25,0,0.75,1]},{"time":1.7,"angle":1.23,"curve":[0.25,0,0.75,1]},{"time":1.8,"angle":31.68,"curve":[0.26,0,0.617,0.44]},{"time":1.9,"angle":32.52,"curve":[0.333,0.33,0.687,0.73]},{"time":2,"angle":42.54,"curve":[0.351,0.41,0.688,0.75]},{"time":2.0333,"angle":58.52,"curve":[0.364,0.63,0.7,1]},{"time":2.0666,"angle":-45.26,"curve":[0.25,0,0.75,1]},{"time":2.1666,"angle":-53.48,"curve":[0.25,0,0.75,1]},{"time":2.2666,"angle":-9.04,"curve":[0.25,0,0.75,1]},{"time":2.4,"angle":0}],"translate":[{"time":0.1,"x":0,"y":0,"curve":[0.25,0,0.75,1]},{"time":0.4666,"x":0,"y":50,"curve":"stepped"},{"time":1,"x":0,"y":25,"curve":[0.25,0,0.75,1]},{"time":1.1666,"x":-161.17,"y":6.99,"curve":[0.25,0,0.75,1]},{"time":1.3,"x":-272.32,"y":121.74,"curve":[0.25,0,0.75,1]},{"time":1.3666,"x":-196.01,"y":159.32,"curve":[0.25,0,0.75,1]},{"time":1.4333,"x":-111.83,"y":167.62,"curve":[0.25,0,0.75,1]},{"time":1.5333,"x":42.96,"y":139.3,"curve":[0.25,0,0.75,1]},{"time":1.6,"x":120.94,"y":108.83,"curve":[0.25,0,0.75,1]},{"time":1.7,"x":237.37,"y":164.56,"curve":[0.264,0,0.617,0.42]},{"time":1.7333,"x":252.11,"y":220.44,"curve":[0.351,0.4,0.756,1]},{"time":1.8,"x":112.8,"y":299.88,"curve":[0.25,0,0.75,1]},{"time":1.8666,"x":20.68,"y":347.79,"curve":[0.25,0,0.75,1]},{"time":1.9,"x":-161.24,"y":306.41,"curve":[0.25,0,0.75,1]},{"time":1.9333,"x":-256.78,"y":279.61,"curve":[0.25,0,0.75,1]},{"time":2.0666,"x":-343.38,"y":151.78,"curve":[0.25,0,0.75,1]},{"time":2.1666,"x":-168.47,"y":137.7,"curve":[0.25,0,0.75,1]},{"time":2.2,"x":-65.28,"y":119.88,"curve":[0.25,0,0.75,1]},{"time":2.2666,"x":50.77,"y":169.41,"curve":[0.25,0,0.75,1]},{"time":2.3,"x":17.47,"y":213.88,"curve":[0.25,0,0.75,1]},{"time":2.5,"x":0,"y":250},{"time":3.1666,"x":0,"y":277.96,"curve":"stepped"},{"time":3.9666,"x":250.11,"y":2.68,"curve":[0.218,0.81,0.75,1]},{"time":4.4333,"x":0,"y":2.68}],"scale":[{"time":2.4,"x":1,"y":1},{"time":2.5,"x":0.95,"y":0.95,"curve":"stepped"},{"time":3.2,"x":1,"y":1},{"time":3.3,"x":1.2,"y":1.2,"curve":"stepped"},{"time":3.9666,"x":1,"y":1}]},"ef/330_S2_wing1/330_S2_wing1_00000_1":{"translate":[{"time":3.2,"x":103.1,"y":402.49}],"scale":[{"time":3.2,"x":1.7,"y":1.7,"curve":[0.222,1,0.618,1]},{"time":3.8,"x":2,"y":2}]},"ef/330_S2_wing1/330_S2_wing1_00000_2":{"translate":[{"time":3.2,"x":163.1,"y":401.46}],"scale":[{"time":3.2,"x":-1.7,"y":1.7,"curve":[0.222,1,0.618,1]},{"time":3.8,"x":-2,"y":2}]},"DAMAGEAREA":{"translate":[{"time":1.3333,"x":-254.87,"y":180.03},{"time":1.4,"x":-254.87,"y":252.74,"curve":"stepped"},{"time":1.7333,"x":255,"y":233.26},{"time":1.8,"x":255,"y":295.99,"curve":"stepped"},{"time":3.2,"x":2.15,"y":222.27},{"time":3.3,"x":2.15,"y":212.18}],"scale":[{"time":1.3333,"x":1.708,"y":1.884},{"time":1.4,"x":3.617,"y":2.961,"curve":"stepped"},{"time":1.7333,"x":1.71,"y":2.371},{"time":1.8,"x":4.366,"y":3.626,"curve":"stepped"},{"time":3.2,"x":3.718,"y":2.184},{"time":3.3,"x":5.132,"y":2.204}]}},"events":[{"time":0,"name":"HitEffect","string":"setHitEffect(hit01d,1,0.75,1)"},{"time":0.1666,"name":"Sound1","string":"cri_se_battle_Flutter"},{"time":0.6333,"name":"Event","string":"ignoreBorder_true"},{"time":0.6666,"name":"Event","int":50,"string":"setPosition_Target"},{"time":1.2333,"name":"Event","float":0.1,"string":"kHitStopType_normal"},{"time":1.3333,"name":"Sound1","string":"setHitSound(se_battle_hard_hit)"},{"time":1.3333,"name":"Sound2","string":"cri_se_battle_arrow_light_effect"},{"time":1.3333,"name":"Sound3","string":"cri_se_battle_gun_burst"},{"time":1.3666,"name":"Event","float":0.05,"string":"kHitStopType_enemyonly"},{"time":1.4,"name":"Hit","float":1.1,"string":"resetHitList"},{"time":1.6666,"name":"Event","float":0.1,"string":"kHitStopType_normal"},{"time":1.7333,"name":"Hit","string":"resetHitList"},{"time":1.7333,"name":"Sound1","string":"setHitSound(se_battle_hard_hit)"},{"time":1.7333,"name":"Sound2","string":"cri_se_battle_arrow_light_effect"},{"time":1.7333,"name":"Sound3","string":"cri_se_battle_gun_burst"},{"time":1.7666,"name":"Event","float":0.05,"string":"kHitStopType_enemyonly"},{"time":1.8,"name":"Hit","float":1.1,"string":"resetHitList"},{"time":2.7333,"name":"Event","string":"addOrbitSystemCamera_orbitflush"},{"time":3.1666,"name":"Event","float":0.15,"string":"kHitStopType_normal"},{"time":3.1666,"name":"HitEffect","string":"setHitEffect(hit01d,1,1.25,1)"},{"time":3.1666,"name":"Sound1","string":"cri_se_battle_hard_hit"},{"time":3.1666,"name":"Sound2","string":"cri_se_battle_gun_burst"},{"time":3.1666,"name":"Sound3","string":"cri_se_battle_036_explosion_element_04"},{"time":3.1666,"name":"Sound4","string":"setHitSound(se_battle_explosion_short)"},{"time":3.1666,"name":"View","string":"shakeGround"},{"time":3.1666,"name":"Voice","string":"cri_024_voice_fullarts_now"},{"time":3.2,"name":"Hit","float":3,"string":"resetHitList"},{"time":3.2,"name":"Sound2","string":"cri_se_battle_arrow_light_effect"},{"time":3.2333,"name":"Event","float":0.25,"string":"kHitStopType_enemyonly"},{"time":3.2333,"name":"Hit","float":3.2,"string":"resetHitList"},{"time":3.2666,"name":"Event","string":"kImpactType_up"},{"time":3.2666,"name":"Hit","float":3.4,"string":"resetHitList"},{"time":4.2666,"name":"Sound1","string":"cri_se_battle_Flutter"}]},"skill2-original":{"slots":{"DAMAGEAREA":{"attachment":[{"time":0.3333,"name":"DAMAGEAREA"},{"time":0.4333,"name":null},{"time":0.7333,"name":"DAMAGEAREA"},{"time":0.8333,"name":null},{"time":2.2,"name":"DAMAGEAREA"},{"time":2.3666,"name":null}]},"MAIN":{"attachment":[{"time":0,"name":"skill2_00"},{"time":0.1666,"name":"skill2_01"},{"time":0.3,"name":"skill2_02"},{"time":0.4333,"name":"skill2_03"},{"time":0.7,"name":"skill2_04"},{"time":0.8666,"name":"skill2_05"},{"time":1.0666,"name":"skill2_02"},{"time":1.2666,"name":"skill2_04"},{"time":1.4,"name":"skill2_08"},{"time":1.5,"name":"skill2_09"},{"time":2.2,"name":"skill2_11"},{"time":2.3,"name":"skill2_12"},{"time":2.9666,"name":"front_00"},{"time":3.2333,"name":"idle_01"},{"time":3.3333,"name":"idle_02"},{"time":3.4333,"name":"idle_03"},{"time":3.5,"name":"idle_04"},{"time":3.6,"name":"idle_04"}],"color":[{"time":2.4333,"color":"ffffffef","curve":[0.848,0,0.853,0.45]},{"time":2.7666,"color":"ffffff00","curve":"stepped"},{"time":3,"color":"ffffff09","curve":[0.21,0.82,0.75,1]},{"time":3.4333,"color":"ffffffef"}]},"ef/330_S2_wing1/330_S2_wing1_00000":{"attachment":[{"time":2.2,"name":"ef/330_S2_wing1/330_S2_wing1_00000"}],"color":[{"time":2.4,"color":"fffffff0","curve":[0.509,0,0.687,0.18]},{"time":2.7666,"color":"ffffff00"}]},"ef/330_S2_wing1/330_S2_wing1_0":{"attachment":[{"time":2.2,"name":"ef/330_S2_wing1/330_S2_wing1_00000"}],"color":[{"time":2.4,"color":"fffffff2","curve":[0.509,0,0.687,0.18]},{"time":2.7666,"color":"ffffff00"}]}},"bones":{"MAIN":{"rotate":[{"time":0.1666,"angle":28.1,"curve":[0.25,0,0.75,1]},{"time":0.3,"angle":13.03,"curve":[0.25,0,0.75,1]},{"time":0.3666,"angle":9.31,"curve":[0.25,0,0.75,1]},{"time":0.5333,"angle":1.95,"curve":[0.25,0,0.75,1]},{"time":0.7,"angle":1.23,"curve":[0.25,0,0.75,1]},{"time":0.8,"angle":31.68,"curve":[0.26,0,0.617,0.44]},{"time":0.9,"angle":32.52,"curve":[0.333,0.33,0.687,0.73]},{"time":1,"angle":42.54,"curve":[0.351,0.41,0.688,0.75]},{"time":1.0333,"angle":58.52,"curve":[0.364,0.63,0.7,1]},{"time":1.0666,"angle":-45.26,"curve":[0.25,0,0.75,1]},{"time":1.1666,"angle":-53.48,"curve":[0.25,0,0.75,1]},{"time":1.2666,"angle":-9.04,"curve":[0.25,0,0.75,1]},{"time":1.4,"angle":0}],"translate":[{"time":0,"x":0,"y":25,"curve":[0.25,0,0.75,1]},{"time":0.1666,"x":-161.17,"y":6.99,"curve":[0.25,0,0.75,1]},{"time":0.3,"x":-272.32,"y":121.74,"curve":[0.25,0,0.75,1]},{"time":0.3666,"x":-196.01,"y":159.32,"curve":[0.25,0,0.75,1]},{"time":0.4333,"x":-111.83,"y":167.62,"curve":[0.25,0,0.75,1]},{"time":0.5333,"x":42.96,"y":139.3,"curve":[0.25,0,0.75,1]},{"time":0.6,"x":120.94,"y":108.83,"curve":[0.25,0,0.75,1]},{"time":0.7,"x":237.37,"y":164.56,"curve":[0.264,0,0.617,0.42]},{"time":0.7333,"x":252.11,"y":220.44,"curve":[0.351,0.4,0.756,1]},{"time":0.8,"x":112.8,"y":299.88,"curve":[0.25,0,0.75,1]},{"time":0.8666,"x":20.68,"y":347.79,"curve":[0.25,0,0.75,1]},{"time":0.9,"x":-161.24,"y":306.41,"curve":[0.25,0,0.75,1]},{"time":0.9333,"x":-256.78,"y":279.61,"curve":[0.25,0,0.75,1]},{"time":1.0666,"x":-343.38,"y":151.78,"curve":[0.25,0,0.75,1]},{"time":1.1666,"x":-168.47,"y":137.7,"curve":[0.25,0,0.75,1]},{"time":1.2,"x":-65.28,"y":119.88,"curve":[0.25,0,0.75,1]},{"time":1.2666,"x":50.77,"y":169.41,"curve":[0.25,0,0.75,1]},{"time":1.3,"x":17.47,"y":213.88,"curve":[0.25,0,0.75,1]},{"time":1.5,"x":0,"y":250},{"time":2.1666,"x":0,"y":277.96,"curve":"stepped"},{"time":2.9666,"x":250.11,"y":2.68,"curve":[0.218,0.81,0.75,1]},{"time":3.4333,"x":0,"y":2.68}],"scale":[{"time":1.4,"x":1,"y":1},{"time":1.5,"x":0.95,"y":0.95,"curve":"stepped"},{"time":2.2,"x":1,"y":1},{"time":2.3,"x":1.2,"y":1.2}]},"ef/330_S2_wing1/330_S2_wing1_00000_1":{"translate":[{"time":2.2,"x":103.1,"y":402.49}],"scale":[{"time":2.2,"x":1.7,"y":1.7,"curve":[0.222,1,0.618,1]},{"time":2.8,"x":2,"y":2}]},"ef/330_S2_wing1/330_S2_wing1_00000_2":{"translate":[{"time":2.2,"x":163.1,"y":401.46}],"scale":[{"time":2.2,"x":-1.7,"y":1.7,"curve":[0.222,1,0.618,1]},{"time":2.8,"x":-2,"y":2}]},"DAMAGEAREA":{"translate":[{"time":0.3333,"x":-254.87,"y":180.03},{"time":0.4,"x":-254.87,"y":252.74,"curve":"stepped"},{"time":0.7333,"x":255,"y":233.26},{"time":0.8,"x":255,"y":295.99,"curve":"stepped"},{"time":2.2,"x":2.15,"y":270.37},{"time":2.3,"x":2.15,"y":360.48}],"scale":[{"time":0.3333,"x":1.708,"y":1.884},{"time":0.4,"x":3.617,"y":2.961,"curve":"stepped"},{"time":0.7333,"x":1.71,"y":2.371},{"time":0.8,"x":3.321,"y":3.303,"curve":"stepped"},{"time":2.2,"x":3.718,"y":2.875},{"time":2.3,"x":3.718,"y":3.862}]}},"events":[{"time":0.2333,"name":"Event","float":0.1,"string":"kHitStopType_normal"},{"time":0.3666,"name":"Event","float":0.05,"string":"kHitStopType_enemyonly"},{"time":0.4,"name":"Hit","string":"resetHitList"},{"time":0.6666,"name":"Event","float":0.1,"string":"kHitStopType_normal"},{"time":0.7333,"name":"Hit","string":"resetHitList"},{"time":0.7666,"name":"Event","float":0.05,"string":"kHitStopType_enemyonly"},{"time":0.8,"name":"Hit","string":"resetHitList"},{"time":1.7333,"name":"Event","string":"addOrbitSystemCamera_orbitflush"},{"time":2.1666,"name":"Event","float":0.15,"string":"kHitStopType_normal"},{"time":2.1666,"name":"View","string":"shakeGround"},{"time":2.2,"name":"Hit","string":"resetHitList"},{"time":2.2333,"name":"Event","float":0.05,"string":"kHitStopType_enemyonly"},{"time":2.2333,"name":"Hit","string":"resetHitList"},{"time":2.2666,"name":"Event","string":"kImpactType_up"},{"time":2.2666,"name":"Hit","string":"resetHitList"}]}}}