{"skeleton":{"hash":"j4UP5U8NuQraOa+YXhAGe9bjd9U","spine":"3.0.12","width":512,"height":512,"images":"./images/"},"bones":[{"name":"root"},{"name":"MAIN","parent":"root","y":85,"color":"ff0400ff"},{"name":"dot_EF","parent":"MAIN","y":-18.56,"scaleX":2,"scaleY":2,"color":"1b139bff"},{"name":"HITBOX","parent":"MAIN","y":-15.58,"scaleX":0.481,"scaleY":1.083,"color":"ff0400ff"},{"name":"EF_main","parent":"root","color":"9b0087ff"},{"name":"EF_wave1_2","parent":"EF_main","x":400,"color":"9b0087ff"},{"name":"EF_wave1_1","parent":"EF_main","x":400,"color":"9b0087ff"},{"name":"EF_slash6_1","parent":"EF_main","x":400,"y":50,"color":"9b0087ff"},{"name":"EF_slash5_1","parent":"EF_main","x":350,"y":50,"color":"9b0087ff"},{"name":"EF_slash4_2","parent":"EF_main","x":300,"y":50,"color":"9b0087ff"},{"name":"EF_slash4_1","parent":"EF_main","x":300,"y":50,"color":"9b0087ff"},{"name":"EF_slash3_1","parent":"EF_main","x":250,"y":50,"color":"9b0087ff"},{"name":"EF_slash2_2","parent":"EF_main","x":200,"y":50,"color":"9b0087ff"},{"name":"EF_slash2_1","parent":"EF_main","x":200,"y":50,"color":"9b0087ff"},{"name":"EF_slash1_2","parent":"EF_main","x":150,"y":50,"color":"9b0087ff"},{"name":"EF_slash1_1","parent":"EF_main","x":150,"y":50,"color":"9b0087ff"},{"name":"EF_rotwave1_1","parent":"EF_main","x":450,"color":"9b0087ff"},{"name":"EF_rock1_1","parent":"EF_main","x":300,"color":"9b0087ff"},{"name":"EF_groundshock1_1","parent":"EF_main","x":350,"color":"9b0087ff"},{"name":"EF_earthaura1_6","parent":"EF_main","x":200,"color":"9b0087ff"},{"name":"EF_earthaura1_5","parent":"EF_main","x":200,"color":"9b0087ff"},{"name":"EF_earthaura1_4","parent":"EF_main","x":200,"color":"9b0087ff"},{"name":"EF_earthaura1_3","parent":"EF_main","x":200,"color":"9b0087ff"},{"name":"EF_earthaura1_2","parent":"EF_main","x":200,"color":"9b0087ff"},{"name":"EF_earthaura1_1","parent":"EF_main","x":200,"color":"9b0087ff"},{"name":"EF_earth1_5","parent":"EF_main","x":250,"color":"9b0087ff"},{"name":"EF_earth1_4","parent":"EF_main","x":250,"color":"9b0087ff"},{"name":"EF_earth1_3","parent":"EF_main","x":250,"color":"9b0087ff"},{"name":"EF_earth1_2","parent":"EF_main","x":250,"color":"9b0087ff"},{"name":"EF_earth1_1","parent":"EF_main","x":250,"color":"9b0087ff"},{"name":"EF_dash1_1","parent":"EF_main","x":150,"color":"9b0087ff"},{"name":"DAMAGEAREA","parent":"root","color":"1aff00ff"}],"slots":[{"name":"EF_earthaura1_2","bone":"EF_earthaura1_2","blend":"additive"},{"name":"EF_earthaura1_5","bone":"EF_earthaura1_5","blend":"additive"},{"name":"EF_earthaura1_6","bone":"EF_earthaura1_6","blend":"additive"},{"name":"EF_earth1_1","bone":"EF_earth1_1","blend":"additive"},{"name":"EF_earth1_2","bone":"EF_earth1_2","blend":"additive"},{"name":"EF_earth1_3","bone":"EF_earth1_3","blend":"additive"},{"name":"EF_earth1_4","bone":"EF_earth1_4","blend":"additive"},{"name":"EF_earth1_5","bone":"EF_earth1_5","blend":"additive"},{"name":"EF_wave1_1","bone":"EF_wave1_1","blend":"additive"},{"name":"EF_wave1_2","bone":"EF_wave1_2","blend":"additive"},{"name":"EF_rotwave1_1","bone":"EF_rotwave1_1","blend":"additive"},{"name":"Dot_B_EF1","bone":"dot_EF"},{"name":"EF_rock1_1","bone":"EF_rock1_1"},{"name":"EF_earthaura1_1","bone":"EF_earthaura1_1","blend":"additive"},{"name":"EF_earthaura1_3","bone":"EF_earthaura1_3","blend":"additive"},{"name":"EF_earthaura1_4","bone":"EF_earthaura1_4","blend":"additive"},{"name":"EF_groundshock1_1","bone":"EF_groundshock1_1","blend":"additive"},{"name":"MAIN","bone":"MAIN","attachment":"idle_00"},{"name":"Dot_F_EF1","bone":"dot_EF"},{"name":"Dot_F_EF2","bone":"dot_EF"},{"name":"Dot_F_EF3","bone":"dot_EF"},{"name":"EF_dash1_1","bone":"EF_dash1_1","blend":"additive"},{"name":"EF_slash1_2","bone":"EF_slash1_2","color":"000000ff"},{"name":"EF_slash1_1","bone":"EF_slash1_1","blend":"additive"},{"name":"EF_slash2_1","bone":"EF_slash2_1","blend":"additive"},{"name":"EF_slash2_2","bone":"EF_slash2_2","color":"000000ff"},{"name":"EF_slash3_1","bone":"EF_slash3_1","blend":"additive"},{"name":"EF_slash4_1","bone":"EF_slash4_1","blend":"additive"},{"name":"EF_slash4_2","bone":"EF_slash4_2","color":"000000ff"},{"name":"EF_slash5_1","bone":"EF_slash5_1","blend":"additive"},{"name":"EF_slash6_1","bone":"EF_slash6_1","blend":"additive"},{"name":"DAMAGEAREA","bone":"DAMAGEAREA"},{"name":"HITBOX","bone":"HITBOX","attachment":"HITBOX"}],"skins":{"default":{"DAMAGEAREA":{"DAMAGEAREA":{"type":"boundingbox","vertices":[-32.19699,-32.19694,32.3809,-32.19694,32.3809,31.81695,-32.12001,31.9051]}},"Dot_B_EF1":{"EF/dot_slash/dotEF_skill1_00":{"width":256,"height":256},"EF/dot_slash/dotEF_skill1_02":{"width":256,"height":256}},"Dot_F_EF1":{"EF/dot_slash/dotEF_skill1_01":{"width":256,"height":256},"EF/dot_slash/dotEF_skill1_03":{"width":256,"height":256},"EF/dot_slash/dotEF_skill1_04":{"width":256,"height":256},"EF/dot_slash/dotEF_skill1_05":{"width":256,"height":256},"EF/dot_slash/dotEF_skill2_00":{"width":256,"height":256},"EF/dot_slash/dotEF_skill2_03":{"width":256,"height":256},"EF/dot_slash/dotEF_skill2_04":{"width":256,"height":256},"EF/dot_slash/dotEF_skill2_05":{"width":256,"height":256},"EF/dot_slash/dotEF_skill2_06":{"width":256,"height":256},"EF/dot_slash/dotEF_skill3_00":{"width":256,"height":256}},"Dot_F_EF2":{"EF/dot_slash/dotEF_skill1_06":{"width":256,"height":256},"EF/dot_slash/dotEF_skill2_01":{"width":256,"height":256}},"Dot_F_EF3":{"EF/dot_slash/dotEF_skill1_07":{"width":256,"height":256}},"EF_dash1_1":{"EF/ef_dash_main/ef_dash_main_00001":{"x":17.04,"y":61.22,"width":256,"height":256},"EF/ef_dash_main/ef_dash_main_00002":{"x":17.04,"y":61.22,"width":256,"height":256},"EF/ef_dash_main/ef_dash_main_00003":{"x":17.04,"y":61.22,"width":256,"height":256},"EF/ef_dash_main/ef_dash_main_00004":{"x":17.04,"y":61.22,"width":256,"height":256},"EF/ef_dash_main/ef_dash_main_00005":{"x":17.04,"y":61.22,"width":256,"height":256},"EF/ef_dash_main/ef_dash_main_00006":{"x":17.04,"y":61.22,"width":256,"height":256},"EF/ef_dash_main/ef_dash_main_00007":{"x":17.04,"y":61.22,"width":256,"height":256},"EF/ef_dash_main/ef_dash_main_00008":{"x":17.04,"y":61.22,"width":256,"height":256},"EF/ef_dash_main/ef_dash_main_00009":{"x":17.04,"y":61.22,"width":256,"height":256},"EF/ef_dash_main/ef_dash_main_00010":{"x":17.04,"y":61.22,"width":256,"height":256},"EF/ef_dash_main/ef_dash_main_00011":{"x":17.04,"y":61.22,"width":256,"height":256},"EF/ef_dash_main/ef_dash_main_00012":{"x":17.04,"y":61.22,"width":256,"height":256}},"EF_earth1_1":{"EF/ef_graund_earth_purple/ef_graund_earth_purple_00001":{"y":11.62,"width":250,"height":250}},"EF_earth1_2":{"EF/ef_graund_earth_purple/ef_graund_earth_purple_00001":{"y":11.62,"width":250,"height":250}},"EF_earth1_3":{"EF/ef_graund_earth_purple/ef_graund_earth_purple_00001":{"y":11.62,"width":250,"height":250}},"EF_earth1_4":{"EF/ef_graund_earth_purple/ef_graund_earth_purple_00001":{"y":11.62,"width":250,"height":250}},"EF_earth1_5":{"EF/ef_graund_earth_purple/ef_graund_earth_purple_00001":{"y":11.62,"width":250,"height":250}},"EF_earthaura1_1":{"EF/ef_earth_aura_main/ef_earth_aura_main_00001":{"y":76.72,"width":200,"height":200},"EF/ef_earth_aura_main/ef_earth_aura_main_00002":{"y":76.72,"width":200,"height":200},"EF/ef_earth_aura_main/ef_earth_aura_main_00003":{"y":76.72,"width":200,"height":200},"EF/ef_earth_aura_main/ef_earth_aura_main_00004":{"y":76.72,"width":200,"height":200},"EF/ef_earth_aura_main/ef_earth_aura_main_00005":{"y":76.72,"width":200,"height":200},"EF/ef_earth_aura_main/ef_earth_aura_main_00006":{"y":76.72,"width":200,"height":200},"EF/ef_earth_aura_main/ef_earth_aura_main_00007":{"y":76.72,"width":200,"height":200},"EF/ef_earth_aura_main/ef_earth_aura_main_00008":{"y":76.72,"width":200,"height":200},"EF/ef_earth_aura_main/ef_earth_aura_main_00009":{"y":76.72,"width":200,"height":200},"EF/ef_earth_aura_main/ef_earth_aura_main_00010":{"y":76.72,"width":200,"height":200},"EF/ef_earth_aura_main/ef_earth_aura_main_00011":{"y":76.72,"width":200,"height":200},"EF/ef_earth_aura_main/ef_earth_aura_main_00012":{"y":76.72,"width":200,"height":200},"EF/ef_earth_aura_main/ef_earth_aura_main_00013":{"y":76.72,"width":200,"height":200},"EF/ef_earth_aura_main/ef_earth_aura_main_00014":{"y":76.72,"width":200,"height":200},"EF/ef_earth_aura_main/ef_earth_aura_main_00015":{"y":76.72,"width":200,"height":200},"EF/ef_earth_aura_main/ef_earth_aura_main_00016":{"y":76.72,"width":200,"height":200}},"EF_earthaura1_2":{"EF/ef_earth_aura_main/ef_earth_aura_main_00001":{"y":76.72,"width":200,"height":200},"EF/ef_earth_aura_main/ef_earth_aura_main_00002":{"y":76.72,"width":200,"height":200},"EF/ef_earth_aura_main/ef_earth_aura_main_00003":{"y":76.72,"width":200,"height":200},"EF/ef_earth_aura_main/ef_earth_aura_main_00004":{"y":76.72,"width":200,"height":200},"EF/ef_earth_aura_main/ef_earth_aura_main_00005":{"y":76.72,"width":200,"height":200},"EF/ef_earth_aura_main/ef_earth_aura_main_00006":{"y":76.72,"width":200,"height":200},"EF/ef_earth_aura_main/ef_earth_aura_main_00007":{"y":76.72,"width":200,"height":200},"EF/ef_earth_aura_main/ef_earth_aura_main_00008":{"y":76.72,"width":200,"height":200},"EF/ef_earth_aura_main/ef_earth_aura_main_00009":{"y":76.72,"width":200,"height":200},"EF/ef_earth_aura_main/ef_earth_aura_main_00010":{"y":76.72,"width":200,"height":200},"EF/ef_earth_aura_main/ef_earth_aura_main_00011":{"y":76.72,"width":200,"height":200},"EF/ef_earth_aura_main/ef_earth_aura_main_00012":{"y":76.72,"width":200,"height":200},"EF/ef_earth_aura_main/ef_earth_aura_main_00013":{"y":76.72,"width":200,"height":200},"EF/ef_earth_aura_main/ef_earth_aura_main_00014":{"y":76.72,"width":200,"height":200},"EF/ef_earth_aura_main/ef_earth_aura_main_00015":{"y":76.72,"width":200,"height":200},"EF/ef_earth_aura_main/ef_earth_aura_main_00016":{"y":76.72,"width":200,"height":200}},"EF_earthaura1_3":{"EF/ef_earth_aura_main/ef_earth_aura_main_00001":{"y":76.72,"width":200,"height":200},"EF/ef_earth_aura_main/ef_earth_aura_main_00002":{"y":76.72,"width":200,"height":200},"EF/ef_earth_aura_main/ef_earth_aura_main_00003":{"y":76.72,"width":200,"height":200},"EF/ef_earth_aura_main/ef_earth_aura_main_00004":{"y":76.72,"width":200,"height":200},"EF/ef_earth_aura_main/ef_earth_aura_main_00005":{"y":76.72,"width":200,"height":200},"EF/ef_earth_aura_main/ef_earth_aura_main_00006":{"y":76.72,"width":200,"height":200},"EF/ef_earth_aura_main/ef_earth_aura_main_00007":{"y":76.72,"width":200,"height":200},"EF/ef_earth_aura_main/ef_earth_aura_main_00008":{"y":76.72,"width":200,"height":200},"EF/ef_earth_aura_main/ef_earth_aura_main_00009":{"y":76.72,"width":200,"height":200},"EF/ef_earth_aura_main/ef_earth_aura_main_00010":{"y":76.72,"width":200,"height":200},"EF/ef_earth_aura_main/ef_earth_aura_main_00011":{"y":76.72,"width":200,"height":200},"EF/ef_earth_aura_main/ef_earth_aura_main_00012":{"y":76.72,"width":200,"height":200},"EF/ef_earth_aura_main/ef_earth_aura_main_00013":{"y":76.72,"width":200,"height":200},"EF/ef_earth_aura_main/ef_earth_aura_main_00014":{"y":76.72,"width":200,"height":200},"EF/ef_earth_aura_main/ef_earth_aura_main_00015":{"y":76.72,"width":200,"height":200},"EF/ef_earth_aura_main/ef_earth_aura_main_00016":{"y":76.72,"width":200,"height":200}},"EF_earthaura1_4":{"EF/ef_earth_aura_main/ef_earth_aura_main_00001":{"y":76.72,"width":200,"height":200},"EF/ef_earth_aura_main/ef_earth_aura_main_00002":{"y":76.72,"width":200,"height":200},"EF/ef_earth_aura_main/ef_earth_aura_main_00003":{"y":76.72,"width":200,"height":200},"EF/ef_earth_aura_main/ef_earth_aura_main_00004":{"y":76.72,"width":200,"height":200},"EF/ef_earth_aura_main/ef_earth_aura_main_00005":{"y":76.72,"width":200,"height":200},"EF/ef_earth_aura_main/ef_earth_aura_main_00006":{"y":76.72,"width":200,"height":200},"EF/ef_earth_aura_main/ef_earth_aura_main_00007":{"y":76.72,"width":200,"height":200},"EF/ef_earth_aura_main/ef_earth_aura_main_00008":{"y":76.72,"width":200,"height":200},"EF/ef_earth_aura_main/ef_earth_aura_main_00009":{"y":76.72,"width":200,"height":200},"EF/ef_earth_aura_main/ef_earth_aura_main_00010":{"y":76.72,"width":200,"height":200},"EF/ef_earth_aura_main/ef_earth_aura_main_00011":{"y":76.72,"width":200,"height":200},"EF/ef_earth_aura_main/ef_earth_aura_main_00012":{"y":76.72,"width":200,"height":200},"EF/ef_earth_aura_main/ef_earth_aura_main_00013":{"y":76.72,"width":200,"height":200},"EF/ef_earth_aura_main/ef_earth_aura_main_00014":{"y":76.72,"width":200,"height":200},"EF/ef_earth_aura_main/ef_earth_aura_main_00015":{"y":76.72,"width":200,"height":200},"EF/ef_earth_aura_main/ef_earth_aura_main_00016":{"y":76.72,"width":200,"height":200}},"EF_earthaura1_5":{"EF/ef_earth_aura_main/ef_earth_aura_main_00001":{"y":76.72,"width":200,"height":200},"EF/ef_earth_aura_main/ef_earth_aura_main_00002":{"y":76.72,"width":200,"height":200},"EF/ef_earth_aura_main/ef_earth_aura_main_00003":{"y":76.72,"width":200,"height":200},"EF/ef_earth_aura_main/ef_earth_aura_main_00004":{"y":76.72,"width":200,"height":200},"EF/ef_earth_aura_main/ef_earth_aura_main_00005":{"y":76.72,"width":200,"height":200},"EF/ef_earth_aura_main/ef_earth_aura_main_00006":{"y":76.72,"width":200,"height":200},"EF/ef_earth_aura_main/ef_earth_aura_main_00007":{"y":76.72,"width":200,"height":200},"EF/ef_earth_aura_main/ef_earth_aura_main_00008":{"y":76.72,"width":200,"height":200},"EF/ef_earth_aura_main/ef_earth_aura_main_00009":{"y":76.72,"width":200,"height":200},"EF/ef_earth_aura_main/ef_earth_aura_main_00010":{"y":76.72,"width":200,"height":200},"EF/ef_earth_aura_main/ef_earth_aura_main_00011":{"y":76.72,"width":200,"height":200},"EF/ef_earth_aura_main/ef_earth_aura_main_00012":{"y":76.72,"width":200,"height":200},"EF/ef_earth_aura_main/ef_earth_aura_main_00013":{"y":76.72,"width":200,"height":200},"EF/ef_earth_aura_main/ef_earth_aura_main_00014":{"y":76.72,"width":200,"height":200},"EF/ef_earth_aura_main/ef_earth_aura_main_00015":{"y":76.72,"width":200,"height":200},"EF/ef_earth_aura_main/ef_earth_aura_main_00016":{"y":76.72,"width":200,"height":200}},"EF_earthaura1_6":{"EF/ef_earth_aura_main/ef_earth_aura_main_00001":{"y":76.72,"width":200,"height":200},"EF/ef_earth_aura_main/ef_earth_aura_main_00002":{"y":76.72,"width":200,"height":200},"EF/ef_earth_aura_main/ef_earth_aura_main_00003":{"y":76.72,"width":200,"height":200},"EF/ef_earth_aura_main/ef_earth_aura_main_00004":{"y":76.72,"width":200,"height":200},"EF/ef_earth_aura_main/ef_earth_aura_main_00005":{"y":76.72,"width":200,"height":200},"EF/ef_earth_aura_main/ef_earth_aura_main_00006":{"y":76.72,"width":200,"height":200},"EF/ef_earth_aura_main/ef_earth_aura_main_00007":{"y":76.72,"width":200,"height":200},"EF/ef_earth_aura_main/ef_earth_aura_main_00008":{"y":76.72,"width":200,"height":200},"EF/ef_earth_aura_main/ef_earth_aura_main_00009":{"y":76.72,"width":200,"height":200},"EF/ef_earth_aura_main/ef_earth_aura_main_00010":{"y":76.72,"width":200,"height":200},"EF/ef_earth_aura_main/ef_earth_aura_main_00011":{"y":76.72,"width":200,"height":200},"EF/ef_earth_aura_main/ef_earth_aura_main_00012":{"y":76.72,"width":200,"height":200},"EF/ef_earth_aura_main/ef_earth_aura_main_00013":{"y":76.72,"width":200,"height":200},"EF/ef_earth_aura_main/ef_earth_aura_main_00014":{"y":76.72,"width":200,"height":200},"EF/ef_earth_aura_main/ef_earth_aura_main_00015":{"y":76.72,"width":200,"height":200},"EF/ef_earth_aura_main/ef_earth_aura_main_00016":{"y":76.72,"width":200,"height":200}},"EF_groundshock1_1":{"EF/ef_graund_shock_main/ef_graund_shock_red_00001":{"y":5.92,"width":250,"height":250},"EF/ef_graund_shock_main/ef_graund_shock_red_00002":{"y":5.92,"width":250,"height":250},"EF/ef_graund_shock_main/ef_graund_shock_red_00003":{"y":5.92,"width":250,"height":250},"EF/ef_graund_shock_main/ef_graund_shock_red_00004":{"y":5.92,"width":250,"height":250}},"EF_rock1_1":{"EF/ef_graund_rock_main/ef_graund_rock_main_00003":{"y":22.47,"width":240,"height":150}},"EF_rotwave1_1":{"EF/ef_rot_wave_main/ef_rot_wave_main_00001":{"y":9.78,"width":210,"height":100},"EF/ef_rot_wave_main/ef_rot_wave_main_00002":{"y":9.78,"width":210,"height":100},"EF/ef_rot_wave_main/ef_rot_wave_main_00003":{"y":9.78,"width":210,"height":100},"EF/ef_rot_wave_main/ef_rot_wave_main_00004":{"y":9.78,"width":210,"height":100},"EF/ef_rot_wave_main/ef_rot_wave_main_00005":{"y":9.78,"width":210,"height":100},"EF/ef_rot_wave_main/ef_rot_wave_main_00006":{"y":9.78,"width":210,"height":100},"EF/ef_rot_wave_main/ef_rot_wave_main_00007":{"y":9.78,"width":210,"height":100},"EF/ef_rot_wave_main/ef_rot_wave_main_00008":{"y":9.78,"width":210,"height":100},"EF/ef_rot_wave_main/ef_rot_wave_main_00009":{"y":9.78,"width":210,"height":100},"EF/ef_rot_wave_main/ef_rot_wave_main_00010":{"y":9.78,"width":210,"height":100},"EF/ef_rot_wave_main/ef_rot_wave_main_00011":{"y":9.78,"width":210,"height":100},"EF/ef_rot_wave_main/ef_rot_wave_main_00012":{"y":9.78,"width":210,"height":100},"EF/ef_rot_wave_main/ef_rot_wave_main_00013":{"y":9.78,"width":210,"height":100},"EF/ef_rot_wave_main/ef_rot_wave_main_00014":{"y":9.78,"width":210,"height":100},"EF/ef_rot_wave_main/ef_rot_wave_main_00015":{"y":9.78,"width":210,"height":100}},"EF_slash1_1":{"EF/ef_slash_A_main/ef_slash_A_main_00001":{"width":225,"height":175},"EF/ef_slash_A_main/ef_slash_A_main_00002":{"width":225,"height":175},"EF/ef_slash_A_main/ef_slash_A_main_00003":{"width":225,"height":175},"EF/ef_slash_A_main/ef_slash_A_main_00004":{"width":225,"height":175},"EF/ef_slash_A_main/ef_slash_A_main_00005":{"width":225,"height":175},"EF/ef_slash_A_main/ef_slash_A_main_00006":{"width":225,"height":175}},"EF_slash1_2":{"EF/ef_slash_A_main/ef_slash_A_main_00001":{"width":225,"height":175},"EF/ef_slash_A_main/ef_slash_A_main_00002":{"width":225,"height":175},"EF/ef_slash_A_main/ef_slash_A_main_00003":{"width":225,"height":175},"EF/ef_slash_A_main/ef_slash_A_main_00004":{"width":225,"height":175},"EF/ef_slash_A_main/ef_slash_A_main_00005":{"width":225,"height":175},"EF/ef_slash_A_main/ef_slash_A_main_00006":{"width":225,"height":175}},"EF_slash2_1":{"EF/ef_slash_B_main/ef_slash_B_main_00001":{"width":225,"height":150},"EF/ef_slash_B_main/ef_slash_B_main_00002":{"width":225,"height":150},"EF/ef_slash_B_main/ef_slash_B_main_00003":{"width":225,"height":150},"EF/ef_slash_B_main/ef_slash_B_main_00004":{"width":225,"height":150},"EF/ef_slash_B_main/ef_slash_B_main_00005":{"width":225,"height":150},"EF/ef_slash_B_main/ef_slash_B_main_00006":{"width":225,"height":150}},"EF_slash2_2":{"EF/ef_slash_B_main/ef_slash_B_main_00001":{"width":225,"height":150},"EF/ef_slash_B_main/ef_slash_B_main_00002":{"width":225,"height":150},"EF/ef_slash_B_main/ef_slash_B_main_00003":{"width":225,"height":150},"EF/ef_slash_B_main/ef_slash_B_main_00004":{"width":225,"height":150},"EF/ef_slash_B_main/ef_slash_B_main_00005":{"width":225,"height":150},"EF/ef_slash_B_main/ef_slash_B_main_00006":{"width":225,"height":150}},"EF_slash3_1":{"EF/ef_slash_C_main/ef_slash_C_main_00001":{"width":225,"height":175},"EF/ef_slash_C_main/ef_slash_C_main_00002":{"width":225,"height":175},"EF/ef_slash_C_main/ef_slash_C_main_00003":{"width":225,"height":175},"EF/ef_slash_C_main/ef_slash_C_main_00004":{"width":225,"height":175},"EF/ef_slash_C_main/ef_slash_C_main_00005":{"width":225,"height":175},"EF/ef_slash_C_main/ef_slash_C_main_00006":{"width":225,"height":175},"EF/ef_slash_C_main/ef_slash_C_main_00007":{"width":225,"height":175}},"EF_slash4_1":{"EF/ef_slash_D_main/ef_slash_D_main_00001":{"width":225,"height":175},"EF/ef_slash_D_main/ef_slash_D_main_00002":{"width":225,"height":175},"EF/ef_slash_D_main/ef_slash_D_main_00003":{"width":225,"height":175},"EF/ef_slash_D_main/ef_slash_D_main_00004":{"width":225,"height":175},"EF/ef_slash_D_main/ef_slash_D_main_00005":{"width":225,"height":175},"EF/ef_slash_D_main/ef_slash_D_main_00006":{"width":225,"height":175}},"EF_slash4_2":{"EF/ef_slash_D_main/ef_slash_D_main_00001":{"width":225,"height":175},"EF/ef_slash_D_main/ef_slash_D_main_00002":{"width":225,"height":175},"EF/ef_slash_D_main/ef_slash_D_main_00003":{"width":225,"height":175},"EF/ef_slash_D_main/ef_slash_D_main_00004":{"width":225,"height":175},"EF/ef_slash_D_main/ef_slash_D_main_00005":{"width":225,"height":175},"EF/ef_slash_D_main/ef_slash_D_main_00006":{"width":225,"height":175}},"EF_slash5_1":{"EF/ef_slash_RR_main/ef_slash_RR_main_00001":{"width":210,"height":210},"EF/ef_slash_RR_main/ef_slash_RR_main_00002":{"width":210,"height":210},"EF/ef_slash_RR_main/ef_slash_RR_main_00003":{"width":210,"height":210},"EF/ef_slash_RR_main/ef_slash_RR_main_00004":{"width":210,"height":210},"EF/ef_slash_RR_main/ef_slash_RR_main_00005":{"width":210,"height":210},"EF/ef_slash_RR_main/ef_slash_RR_main_00006":{"width":210,"height":210}},"EF_slash6_1":{"EF/ef_slash_R_main/ef_slash_R_main_00001":{"width":210,"height":210},"EF/ef_slash_R_main/ef_slash_R_main_00002":{"width":210,"height":210},"EF/ef_slash_R_main/ef_slash_R_main_00003":{"width":210,"height":210},"EF/ef_slash_R_main/ef_slash_R_main_00004":{"width":210,"height":210},"EF/ef_slash_R_main/ef_slash_R_main_00005":{"width":210,"height":210},"EF/ef_slash_R_main/ef_slash_R_main_00006":{"width":210,"height":210},"EF/ef_slash_R_main/ef_slash_R_main_00007":{"width":210,"height":210}},"EF_wave1_1":{"EF/ef_graund_wave_main/ef_graund_wave_main_00001":{"y":9.39,"width":200,"height":120},"EF/ef_graund_wave_main/ef_graund_wave_main_00002":{"y":9.39,"width":200,"height":120},"EF/ef_graund_wave_main/ef_graund_wave_main_00003":{"y":9.39,"width":200,"height":120},"EF/ef_graund_wave_main/ef_graund_wave_main_00004":{"y":9.39,"width":200,"height":120},"EF/ef_graund_wave_main/ef_graund_wave_main_00005":{"y":9.39,"width":200,"height":120},"EF/ef_graund_wave_main/ef_graund_wave_main_00006":{"y":9.39,"width":200,"height":120},"EF/ef_graund_wave_main/ef_graund_wave_main_00007":{"y":9.39,"width":200,"height":120},"EF/ef_graund_wave_main/ef_graund_wave_main_00008":{"y":9.39,"width":200,"height":120},"EF/ef_graund_wave_main/ef_graund_wave_main_00009":{"y":9.39,"width":200,"height":120},"EF/ef_graund_wave_main/ef_graund_wave_main_00010":{"y":9.39,"width":200,"height":120},"EF/ef_graund_wave_main/ef_graund_wave_main_00011":{"y":9.39,"width":200,"height":120},"EF/ef_graund_wave_main/ef_graund_wave_main_00012":{"y":9.39,"width":200,"height":120},"EF/ef_graund_wave_main/ef_graund_wave_main_00013":{"y":9.39,"width":200,"height":120},"EF/ef_graund_wave_main/ef_graund_wave_main_00014":{"y":9.39,"width":200,"height":120}},"EF_wave1_2":{"EF/ef_graund_wave_main/ef_graund_wave_main_00001":{"y":9.39,"width":200,"height":120},"EF/ef_graund_wave_main/ef_graund_wave_main_00002":{"y":9.39,"width":200,"height":120},"EF/ef_graund_wave_main/ef_graund_wave_main_00003":{"y":9.39,"width":200,"height":120},"EF/ef_graund_wave_main/ef_graund_wave_main_00004":{"y":9.39,"width":200,"height":120},"EF/ef_graund_wave_main/ef_graund_wave_main_00005":{"y":9.39,"width":200,"height":120},"EF/ef_graund_wave_main/ef_graund_wave_main_00006":{"y":9.39,"width":200,"height":120},"EF/ef_graund_wave_main/ef_graund_wave_main_00007":{"y":9.39,"width":200,"height":120},"EF/ef_graund_wave_main/ef_graund_wave_main_00008":{"y":9.39,"width":200,"height":120},"EF/ef_graund_wave_main/ef_graund_wave_main_00009":{"y":9.39,"width":200,"height":120},"EF/ef_graund_wave_main/ef_graund_wave_main_00010":{"y":9.39,"width":200,"height":120},"EF/ef_graund_wave_main/ef_graund_wave_main_00011":{"y":9.39,"width":200,"height":120},"EF/ef_graund_wave_main/ef_graund_wave_main_00012":{"y":9.39,"width":200,"height":120},"EF/ef_graund_wave_main/ef_graund_wave_main_00013":{"y":9.39,"width":200,"height":120},"EF/ef_graund_wave_main/ef_graund_wave_main_00014":{"y":9.39,"width":200,"height":120}},"HITBOX":{"HITBOX":{"type":"boundingbox","vertices":[-63.80355,-63.67777,63.68622,-63.88677,63.89522,64.02099,-64.22155,64.23]}},"MAIN":{"attack1_00":{"y":-18.56,"scaleX":2,"scaleY":2,"width":256,"height":256},"attack1_01":{"y":-18.56,"scaleX":2,"scaleY":2,"width":256,"height":256},"attack1_02":{"y":-18.56,"scaleX":2,"scaleY":2,"width":256,"height":256},"attack1_03":{"y":-18.56,"scaleX":2,"scaleY":2,"width":256,"height":256},"attack1_04":{"y":-18.56,"scaleX":2,"scaleY":2,"width":256,"height":256},"attack1_05":{"y":-18.56,"scaleX":2,"scaleY":2,"width":256,"height":256},"attack1_06":{"y":-18.56,"scaleX":2,"scaleY":2,"width":256,"height":256},"attack1_07":{"y":-18.56,"scaleX":2,"scaleY":2,"width":256,"height":256},"attack1_08":{"y":-18.56,"scaleX":2,"scaleY":2,"width":256,"height":256},"attack1_09":{"y":-18.56,"scaleX":2,"scaleY":2,"width":256,"height":256},"attack1_10":{"y":-18.56,"scaleX":2,"scaleY":2,"width":256,"height":256},"back_00":{"y":-18.56,"scaleX":2,"scaleY":2,"width":256,"height":256},"damage_00":{"y":-18.56,"scaleX":2,"scaleY":2,"width":256,"height":256},"front_00":{"y":-18.56,"scaleX":2,"scaleY":2,"width":256,"height":256},"idle_00":{"y":-18.56,"scaleX":2,"scaleY":2,"width":256,"height":256},"idle_01":{"y":-18.56,"scaleX":2,"scaleY":2,"width":256,"height":256},"idle_02":{"y":-18.56,"scaleX":2,"scaleY":2,"width":256,"height":256},"idle_03":{"y":-18.56,"scaleX":2,"scaleY":2,"width":256,"height":256},"idle_04":{"y":-18.56,"scaleX":2,"scaleY":2,"width":256,"height":256},"skill1_00":{"y":-18.56,"scaleX":2,"scaleY":2,"width":256,"height":256},"skill1_01":{"y":-18.56,"scaleX":2,"scaleY":2,"width":256,"height":256},"skill1_02":{"y":-18.56,"scaleX":2,"scaleY":2,"width":256,"height":256},"skill1_03":{"y":-18.56,"scaleX":2,"scaleY":2,"width":256,"height":256},"skill1_04":{"y":-18.56,"scaleX":2,"scaleY":2,"width":256,"height":256},"skill1_05":{"y":-18.56,"scaleX":2,"scaleY":2,"width":256,"height":256},"skill1_06":{"y":-18.56,"scaleX":2,"scaleY":2,"width":256,"height":256},"skill1_07":{"y":-18.56,"scaleX":2,"scaleY":2,"width":256,"height":256},"skill1_08":{"y":-18.56,"scaleX":2,"scaleY":2,"width":256,"height":256},"skill1_09":{"y":-18.56,"scaleX":2,"scaleY":2,"width":256,"height":256},"skill1_10":{"y":-18.56,"scaleX":2,"scaleY":2,"width":256,"height":256},"skill1_11":{"y":-18.56,"scaleX":2,"scaleY":2,"width":256,"height":256},"skill1_12":{"y":-18.56,"scaleX":2,"scaleY":2,"width":256,"height":256},"skill2_00":{"y":-18.56,"scaleX":2,"scaleY":2,"width":256,"height":256},"skill2_01":{"y":-18.56,"scaleX":2,"scaleY":2,"width":256,"height":256},"skill2_02":{"y":-18.56,"scaleX":2,"scaleY":2,"width":256,"height":256},"skill2_03":{"y":-18.56,"scaleX":2,"scaleY":2,"width":256,"height":256},"skill2_04":{"y":-18.56,"scaleX":2,"scaleY":2,"width":256,"height":256},"skill2_05":{"y":-18.56,"scaleX":2,"scaleY":2,"width":256,"height":256},"skill2_06":{"y":-18.56,"scaleX":2,"scaleY":2,"width":256,"height":256},"skill2_07":{"y":-18.56,"scaleX":2,"scaleY":2,"width":256,"height":256},"skill2_08":{"y":-18.56,"scaleX":2,"scaleY":2,"width":256,"height":256},"skill2_09":{"y":-18.56,"scaleX":2,"scaleY":2,"width":256,"height":256},"skill2_10":{"y":-18.56,"scaleX":2,"scaleY":2,"width":256,"height":256},"skill2_11":{"y":-18.56,"scaleX":2,"scaleY":2,"width":256,"height":256},"skill2_12":{"y":-18.56,"scaleX":2,"scaleY":2,"width":256,"height":256},"skill2_13":{"y":-18.56,"scaleX":2,"scaleY":2,"width":256,"height":256},"skill2_14":{"y":-18.56,"scaleX":2,"scaleY":2,"width":256,"height":256},"skill2_15":{"y":-18.56,"scaleX":2,"scaleY":2,"width":256,"height":256},"skill2_16":{"y":-18.56,"scaleX":2,"scaleY":2,"width":256,"height":256},"skill3_00":{"y":-18.56,"scaleX":2,"scaleY":2,"width":256,"height":256},"skill3_01":{"y":-18.56,"scaleX":2,"scaleY":2,"width":256,"height":256},"skill3_02":{"y":-18.56,"scaleX":2,"scaleY":2,"width":256,"height":256},"skill3_03":{"y":-18.56,"scaleX":2,"scaleY":2,"width":256,"height":256},"skill3_04":{"y":-18.56,"scaleX":2,"scaleY":2,"width":256,"height":256},"skill3_05":{"y":-18.56,"scaleX":2,"scaleY":2,"width":256,"height":256},"skill3_06":{"y":-18.56,"scaleX":2,"scaleY":2,"width":256,"height":256},"skill3_07":{"y":-18.56,"scaleX":2,"scaleY":2,"width":256,"height":256},"skill3_08":{"y":-18.56,"scaleX":2,"scaleY":2,"width":256,"height":256},"skill3_09":{"y":-18.56,"scaleX":2,"scaleY":2,"width":256,"height":256},"skill3_10":{"y":-18.56,"scaleX":2,"scaleY":2,"width":256,"height":256},"skill3_11":{"y":-18.56,"scaleX":2,"scaleY":2,"width":256,"height":256},"skill3_12":{"y":-18.56,"scaleX":2,"scaleY":2,"width":256,"height":256},"skill3_13":{"y":-18.56,"scaleX":2,"scaleY":2,"width":256,"height":256}}}},"events":{"Event":{},"Event2":{},"Hit":{"string":"resetHitList"},"Sound1":{},"Sound2":{},"Sound3":{},"Voice":{}},"animations":{"attack1":{"slots":{"DAMAGEAREA":{"attachment":[{"time":0.1666,"name":"DAMAGEAREA"},{"time":0.2333,"name":null},{"time":0.8333,"name":"DAMAGEAREA"},{"time":0.8666,"name":null}]},"MAIN":{"attachment":[{"time":0,"name":"attack1_00"},{"time":0.1666,"name":"attack1_01"},{"time":0.2333,"name":"attack1_02"},{"time":0.3,"name":"attack1_03"},{"time":0.4333,"name":"attack1_04"},{"time":0.5666,"name":"attack1_05"},{"time":0.8333,"name":"attack1_06"},{"time":0.8666,"name":"attack1_07"},{"time":0.9666,"name":"attack1_08"},{"time":1.0666,"name":"attack1_09"},{"time":1.2333,"name":"attack1_10"},{"time":1.3333,"name":"idle_00"}]}},"bones":{"MAIN":{"translate":[{"time":0,"x":0,"y":0,"curve":"stepped"},{"time":0.1666,"x":-59.97,"y":5.71,"curve":[0.166,0.76,0.474,0.95]},{"time":0.3,"x":-64.26,"y":5.71,"curve":"stepped"},{"time":0.8,"x":-64.26,"y":5.71,"curve":[0.15,0.85,0.394,0.94]},{"time":1.0666,"x":-76.61,"y":5.71,"curve":"stepped"},{"time":1.2333,"x":-27.19,"y":5.71,"curve":"stepped"},{"time":1.3333,"x":0,"y":0}]},"DAMAGEAREA":{"translate":[{"time":0.1666,"x":-123.64,"y":52.54}],"scale":[{"time":0.1666,"x":3.962,"y":1.451}]}},"events":[{"time":0,"name":"Event","int":50,"string":"kImpactType_normal"},{"time":0.0333,"name":"Event","float":0.05,"string":"kHitStopType_normal"},{"time":0.0666,"name":"Event","string":"setForceImpact(1)"},{"time":0.1666,"name":"Sound1","string":"cri_se_battle_swish_bare_hands"},{"time":0.1666,"name":"Sound3","string":"setHitSound(se_battle_025_blow_hit)"},{"time":0.1666,"name":"Voice","string":"cri_276_voice_attack_random"},{"time":0.8333,"name":"Hit"},{"time":0.8333,"name":"Sound1","string":"cri_se_battle_swish_bare_hands"},{"time":0.8333,"name":"Voice","string":"cri_276_voice_attack_c"},{"time":1.1333,"name":"Event","string":"setForceImpact(0)"}]},"back":{"slots":{"MAIN":{"attachment":[{"time":0,"name":"attack1_00"},{"time":0.0333,"name":"back_00"},{"time":0.3333,"name":"idle_03"},{"time":0.4333,"name":"idle_04"},{"time":0.5666,"name":"idle_00"}]}},"bones":{"MAIN":{"translate":[{"time":0,"x":0,"y":0,"curve":[0.137,0.4,0.75,1]},{"time":0.1333,"x":106.98,"y":8.52},{"time":0.3333,"x":138,"y":0},{"time":0.5666,"x":140,"y":0}]}},"events":[{"time":0.0333,"name":"Sound1","string":"cri_se_battle_jump"},{"time":0.3333,"name":"Sound1","string":"cri_se_battle_landing"}]},"cast":{"slots":{"Dot_F_EF1":{"attachment":[{"time":0.5333,"name":"EF/dot_slash/dotEF_skill1_05"},{"time":0.6333,"name":null}]},"MAIN":{"attachment":[{"time":0,"name":"idle_00"},{"time":0.0333,"name":"skill1_00"},{"time":0.1333,"name":"skill1_01"},{"time":0.2,"name":"skill1_02"},{"time":0.4666,"name":"skill1_06"},{"time":0.5333,"name":"skill1_07"},{"time":0.6333,"name":"skill1_08"},{"time":0.7,"name":"skill1_09"},{"time":0.8666,"name":"skill1_10"},{"time":0.9333,"name":"skill1_11"},{"time":1,"name":"idle_00"}]}},"events":[{"time":0.4666,"name":"Voice","string":"cri_276_voice_item"}]},"damage":{"slots":{"MAIN":{"attachment":[{"time":0,"name":"damage_00"}]}}},"front":{"slots":{"MAIN":{"attachment":[{"time":0,"name":"front_00"}]}}},"idle":{"slots":{"MAIN":{"attachment":[{"time":0,"name":"idle_00"},{"time":0.2666,"name":"idle_01"},{"time":0.5333,"name":"idle_02"},{"time":0.8,"name":"idle_03"},{"time":1.0666,"name":"idle_04"},{"time":1.3333,"name":"idle_00"}]}}},"in":{"slots":{"MAIN":{"attachment":[{"time":0,"name":"front_00"},{"time":0.5,"name":"idle_00"},{"time":0.8333,"name":"idle_00"}],"color":[{"time":0,"color":"ffffff00"},{"time":0.1666,"color":"ffffffff"}]}},"bones":{"MAIN":{"translate":[{"time":0,"x":195.61,"y":0,"curve":[0.154,0.68,0.523,0.98]},{"time":0.5,"x":0,"y":0}]}}},"skill1":{"slots":{"DAMAGEAREA":{"attachment":[{"time":0.5,"name":"DAMAGEAREA"},{"time":0.5666,"name":null},{"time":0.6666,"name":"DAMAGEAREA"},{"time":0.7666,"name":null}]},"Dot_B_EF1":{"attachment":[{"time":0.5,"name":"EF/dot_slash/dotEF_skill1_00"},{"time":0.5666,"name":"EF/dot_slash/dotEF_skill1_02"},{"time":0.6666,"name":null}]},"Dot_F_EF1":{"attachment":[{"time":0.5,"name":"EF/dot_slash/dotEF_skill1_01"},{"time":0.5666,"name":null},{"time":0.6666,"name":"EF/dot_slash/dotEF_skill1_03"},{"time":0.7333,"name":"EF/dot_slash/dotEF_skill1_04"},{"time":0.8,"name":"EF/dot_slash/dotEF_skill1_05"},{"time":0.8666,"name":null}]},"EF_slash1_1":{"attachment":[{"time":0.5,"name":"EF/ef_slash_A_main/ef_slash_A_main_00002"},{"time":0.5333,"name":"EF/ef_slash_A_main/ef_slash_A_main_00003"},{"time":0.5666,"name":null}]},"EF_slash1_2":{"attachment":[{"time":0.5666,"name":"EF/ef_slash_A_main/ef_slash_A_main_00004"},{"time":0.6333,"name":"EF/ef_slash_A_main/ef_slash_A_main_00005"},{"time":0.7,"name":"EF/ef_slash_A_main/ef_slash_A_main_00006"},{"time":0.7666,"name":null}]},"EF_slash2_1":{"attachment":[{"time":0.6666,"name":"EF/ef_slash_B_main/ef_slash_B_main_00002"},{"time":0.7,"name":"EF/ef_slash_B_main/ef_slash_B_main_00003"},{"time":0.7333,"name":null}]},"EF_slash2_2":{"attachment":[{"time":0.7333,"name":"EF/ef_slash_B_main/ef_slash_B_main_00004"},{"time":0.8,"name":"EF/ef_slash_B_main/ef_slash_B_main_00005"},{"time":0.8666,"name":"EF/ef_slash_B_main/ef_slash_B_main_00006"},{"time":0.9333,"name":null}]},"EF_wave1_1":{"attachment":[{"time":0.4666,"name":"EF/ef_graund_wave_main/ef_graund_wave_main_00001"},{"time":0.5,"name":"EF/ef_graund_wave_main/ef_graund_wave_main_00002"},{"time":0.5333,"name":"EF/ef_graund_wave_main/ef_graund_wave_main_00003"},{"time":0.5666,"name":"EF/ef_graund_wave_main/ef_graund_wave_main_00004"},{"time":0.6,"name":"EF/ef_graund_wave_main/ef_graund_wave_main_00005"},{"time":0.6333,"name":"EF/ef_graund_wave_main/ef_graund_wave_main_00006"},{"time":0.6666,"name":"EF/ef_graund_wave_main/ef_graund_wave_main_00007"},{"time":0.7,"name":"EF/ef_graund_wave_main/ef_graund_wave_main_00008"},{"time":0.7333,"name":"EF/ef_graund_wave_main/ef_graund_wave_main_00009"},{"time":0.7666,"name":"EF/ef_graund_wave_main/ef_graund_wave_main_00010"},{"time":0.8,"name":"EF/ef_graund_wave_main/ef_graund_wave_main_00011"},{"time":0.8333,"name":"EF/ef_graund_wave_main/ef_graund_wave_main_00012"},{"time":0.8666,"name":"EF/ef_graund_wave_main/ef_graund_wave_main_00013"},{"time":0.9,"name":"EF/ef_graund_wave_main/ef_graund_wave_main_00014"},{"time":0.9333,"name":null}]},"EF_wave1_2":{"attachment":[{"time":0.6666,"name":"EF/ef_graund_wave_main/ef_graund_wave_main_00001"},{"time":0.7,"name":"EF/ef_graund_wave_main/ef_graund_wave_main_00002"},{"time":0.7333,"name":"EF/ef_graund_wave_main/ef_graund_wave_main_00003"},{"time":0.7666,"name":"EF/ef_graund_wave_main/ef_graund_wave_main_00004"},{"time":0.8,"name":"EF/ef_graund_wave_main/ef_graund_wave_main_00005"},{"time":0.8333,"name":"EF/ef_graund_wave_main/ef_graund_wave_main_00006"},{"time":0.8666,"name":"EF/ef_graund_wave_main/ef_graund_wave_main_00007"},{"time":0.9,"name":"EF/ef_graund_wave_main/ef_graund_wave_main_00008"},{"time":0.9333,"name":"EF/ef_graund_wave_main/ef_graund_wave_main_00009"},{"time":0.9666,"name":"EF/ef_graund_wave_main/ef_graund_wave_main_00010"},{"time":1,"name":"EF/ef_graund_wave_main/ef_graund_wave_main_00011"},{"time":1.0333,"name":"EF/ef_graund_wave_main/ef_graund_wave_main_00012"},{"time":1.0666,"name":"EF/ef_graund_wave_main/ef_graund_wave_main_00013"},{"time":1.1,"name":"EF/ef_graund_wave_main/ef_graund_wave_main_00014"},{"time":1.1333,"name":null}]},"MAIN":{"attachment":[{"time":0,"name":"idle_00"},{"time":0.0333,"name":"skill1_00"},{"time":0.1333,"name":"skill1_01"},{"time":0.2,"name":"skill1_02"},{"time":0.5,"name":"skill1_03"},{"time":0.5666,"name":"skill1_04"},{"time":0.6666,"name":"skill1_05"},{"time":0.7333,"name":"skill1_06"},{"time":0.8,"name":"skill1_07"},{"time":0.8666,"name":"skill1_08"},{"time":0.9333,"name":"skill1_09"},{"time":1.3,"name":"skill1_10"},{"time":1.3666,"name":"skill1_11"},{"time":1.6,"name":"skill1_12"},{"time":1.6666,"name":"idle_00"}]}},"bones":{"MAIN":{"translate":[{"time":0,"x":0,"y":0,"curve":[0.154,0.64,0.75,1]},{"time":0.3333,"x":6.26,"y":0,"curve":"stepped"},{"time":0.5,"x":-22.74,"y":0,"curve":[0.144,0.64,0.75,1]},{"time":0.7333,"x":-26.17,"y":0,"curve":"stepped"},{"time":1.3,"x":-26.17,"y":0,"curve":"stepped"},{"time":1.6,"x":-26.17,"y":0,"curve":"stepped"},{"time":1.6666,"x":2.86,"y":0}]},"EF_wave1_1":{"translate":[{"time":0.4666,"x":-396.14,"y":0}],"scale":[{"time":0.4666,"x":3.5,"y":3.5}]},"EF_wave1_2":{"translate":[{"time":0.6666,"x":-427.49,"y":0}],"scale":[{"time":0.6666,"x":2.78,"y":2.78}]},"EF_slash1_1":{"rotate":[{"time":0.5,"angle":-3.16}],"translate":[{"time":0.5,"x":-190.94,"y":22.8}],"scale":[{"time":0.5,"x":3,"y":3}]},"EF_slash2_1":{"translate":[{"time":0.6666,"x":-266.47,"y":19.95}],"scale":[{"time":0.6666,"x":3,"y":2}]},"EF_slash1_2":{"rotate":[{"time":0.5,"angle":-3.16}],"translate":[{"time":0.5,"x":-190.94,"y":22.8}],"scale":[{"time":0.5,"x":3,"y":3}]},"EF_slash2_2":{"translate":[{"time":0.6666,"x":-266.47,"y":19.95}],"scale":[{"time":0.6666,"x":3,"y":2}]},"DAMAGEAREA":{"translate":[{"time":0.5,"x":-155.36,"y":59.83}],"scale":[{"time":0.5,"x":4.88,"y":1.453,"curve":"stepped"},{"time":0.6666,"x":4.88,"y":2.811}]}},"events":[{"time":0,"name":"Event","float":0.3,"string":"kHitStopType_enemyonly"},{"time":0.4666,"name":"Sound1","string":"cri_se_battle_skill_shot"},{"time":0.4666,"name":"Sound3","string":"setHitSound(se_battle_007_attack_hit_01)"},{"time":0.4666,"name":"Voice","string":"cri_276_voice_skill_all"},{"time":0.6666,"name":"Hit"},{"time":0.6666,"name":"Sound1","string":"cri_se_battle_skill_shot"}]},"skill2":{"slots":{"DAMAGEAREA":{"attachment":[{"time":1,"name":"DAMAGEAREA"},{"time":1.0666,"name":null},{"time":1.4333,"name":"DAMAGEAREA"},{"time":1.7,"name":null}]},"Dot_F_EF1":{"attachment":[{"time":1,"name":"EF/dot_slash/dotEF_skill2_00"},{"time":1.0333,"name":null},{"time":1.3333,"name":"EF/dot_slash/dotEF_skill2_03"},{"time":1.4,"name":null},{"time":2.1666,"name":"EF/dot_slash/dotEF_skill2_04"},{"time":2.2666,"name":"EF/dot_slash/dotEF_skill2_05"},{"time":2.3666,"name":null},{"time":2.7,"name":"EF/dot_slash/dotEF_skill2_06"},{"time":2.7666,"name":null}]},"EF_dash1_1":{"attachment":[{"time":1,"name":"EF/ef_dash_main/ef_dash_main_00001"},{"time":1.0333,"name":"EF/ef_dash_main/ef_dash_main_00002"},{"time":1.0666,"name":"EF/ef_dash_main/ef_dash_main_00003"},{"time":1.1,"name":"EF/ef_dash_main/ef_dash_main_00004"},{"time":1.1333,"name":"EF/ef_dash_main/ef_dash_main_00005"},{"time":1.1666,"name":"EF/ef_dash_main/ef_dash_main_00006"},{"time":1.2,"name":"EF/ef_dash_main/ef_dash_main_00007"},{"time":1.2333,"name":"EF/ef_dash_main/ef_dash_main_00008"},{"time":1.2666,"name":"EF/ef_dash_main/ef_dash_main_00009"},{"time":1.3,"name":"EF/ef_dash_main/ef_dash_main_00010"},{"time":1.3333,"name":"EF/ef_dash_main/ef_dash_main_00011"},{"time":1.3666,"name":"EF/ef_dash_main/ef_dash_main_00012"},{"time":1.4,"name":null}]},"EF_earth1_1":{"attachment":[{"time":1.4,"name":"EF/ef_graund_earth_purple/ef_graund_earth_purple_00001"}],"color":[{"time":1.4,"color":"ffffffff","curve":"stepped"},{"time":1.9,"color":"ffffffff"},{"time":2.1666,"color":"ffffff00"}]},"EF_earthaura1_1":{"attachment":[{"time":1.4,"name":"EF/ef_earth_aura_main/ef_earth_aura_main_00001"},{"time":1.4333,"name":"EF/ef_earth_aura_main/ef_earth_aura_main_00002"},{"time":1.4666,"name":"EF/ef_earth_aura_main/ef_earth_aura_main_00003"},{"time":1.5,"name":"EF/ef_earth_aura_main/ef_earth_aura_main_00004"},{"time":1.5333,"name":"EF/ef_earth_aura_main/ef_earth_aura_main_00005"},{"time":1.5666,"name":"EF/ef_earth_aura_main/ef_earth_aura_main_00006"},{"time":1.6,"name":"EF/ef_earth_aura_main/ef_earth_aura_main_00007"},{"time":1.6333,"name":"EF/ef_earth_aura_main/ef_earth_aura_main_00008"},{"time":1.6666,"name":"EF/ef_earth_aura_main/ef_earth_aura_main_00009"},{"time":1.7,"name":"EF/ef_earth_aura_main/ef_earth_aura_main_00010"},{"time":1.7333,"name":"EF/ef_earth_aura_main/ef_earth_aura_main_00011"},{"time":1.7666,"name":"EF/ef_earth_aura_main/ef_earth_aura_main_00012"},{"time":1.8,"name":"EF/ef_earth_aura_main/ef_earth_aura_main_00013"},{"time":1.8333,"name":"EF/ef_earth_aura_main/ef_earth_aura_main_00014"},{"time":1.8666,"name":"EF/ef_earth_aura_main/ef_earth_aura_main_00015"},{"time":1.9,"name":"EF/ef_earth_aura_main/ef_earth_aura_main_00016"},{"time":1.9333,"name":null}],"color":[{"time":1.5,"color":"ffffffff"},{"time":1.9333,"color":"ffffff00"}]},"EF_earthaura1_2":{"attachment":[{"time":1.4,"name":"EF/ef_earth_aura_main/ef_earth_aura_main_00001"},{"time":1.4333,"name":"EF/ef_earth_aura_main/ef_earth_aura_main_00002"},{"time":1.4666,"name":"EF/ef_earth_aura_main/ef_earth_aura_main_00003"},{"time":1.5,"name":"EF/ef_earth_aura_main/ef_earth_aura_main_00004"},{"time":1.5333,"name":"EF/ef_earth_aura_main/ef_earth_aura_main_00005"},{"time":1.5666,"name":"EF/ef_earth_aura_main/ef_earth_aura_main_00006"},{"time":1.6,"name":"EF/ef_earth_aura_main/ef_earth_aura_main_00007"},{"time":1.6333,"name":"EF/ef_earth_aura_main/ef_earth_aura_main_00008"},{"time":1.6666,"name":"EF/ef_earth_aura_main/ef_earth_aura_main_00009"},{"time":1.7,"name":"EF/ef_earth_aura_main/ef_earth_aura_main_00010"},{"time":1.7333,"name":"EF/ef_earth_aura_main/ef_earth_aura_main_00011"},{"time":1.7666,"name":"EF/ef_earth_aura_main/ef_earth_aura_main_00012"},{"time":1.8,"name":"EF/ef_earth_aura_main/ef_earth_aura_main_00013"},{"time":1.8333,"name":"EF/ef_earth_aura_main/ef_earth_aura_main_00014"},{"time":1.8666,"name":"EF/ef_earth_aura_main/ef_earth_aura_main_00015"},{"time":1.9,"name":"EF/ef_earth_aura_main/ef_earth_aura_main_00016"},{"time":1.9333,"name":null}],"color":[{"time":1.5,"color":"ffffffff"},{"time":1.9333,"color":"ffffff00"}]},"EF_groundshock1_1":{"attachment":[{"time":1.4,"name":"EF/ef_graund_shock_main/ef_graund_shock_red_00001"},{"time":1.4333,"name":"EF/ef_graund_shock_main/ef_graund_shock_red_00002"},{"time":1.5,"name":"EF/ef_graund_shock_main/ef_graund_shock_red_00003"},{"time":1.5666,"name":"EF/ef_graund_shock_main/ef_graund_shock_red_00004"},{"time":1.6333,"name":null}],"color":[{"time":1.5333,"color":"ffffffff"},{"time":1.6333,"color":"ffffff00"}]},"EF_rock1_1":{"attachment":[{"time":1.4,"name":"EF/ef_graund_rock_main/ef_graund_rock_main_00003"},{"time":2.1666,"name":null}],"color":[{"time":1.4,"color":"ffffffff","curve":"stepped"},{"time":1.8333,"color":"ffffffff"},{"time":2.1666,"color":"ffffff00"}]},"EF_rotwave1_1":{"attachment":[{"time":0.1333,"name":"EF/ef_rot_wave_main/ef_rot_wave_main_00001"},{"time":0.2,"name":"EF/ef_rot_wave_main/ef_rot_wave_main_00002"},{"time":0.2666,"name":"EF/ef_rot_wave_main/ef_rot_wave_main_00003"},{"time":0.3333,"name":"EF/ef_rot_wave_main/ef_rot_wave_main_00004"},{"time":0.4,"name":"EF/ef_rot_wave_main/ef_rot_wave_main_00005"},{"time":0.4666,"name":"EF/ef_rot_wave_main/ef_rot_wave_main_00006"},{"time":0.5333,"name":"EF/ef_rot_wave_main/ef_rot_wave_main_00007"},{"time":0.5666,"name":"EF/ef_rot_wave_main/ef_rot_wave_main_00008"},{"time":0.6,"name":"EF/ef_rot_wave_main/ef_rot_wave_main_00009"},{"time":0.6333,"name":"EF/ef_rot_wave_main/ef_rot_wave_main_00010"},{"time":0.6666,"name":"EF/ef_rot_wave_main/ef_rot_wave_main_00011"},{"time":0.7,"name":"EF/ef_rot_wave_main/ef_rot_wave_main_00012"},{"time":0.7333,"name":"EF/ef_rot_wave_main/ef_rot_wave_main_00013"},{"time":0.7666,"name":"EF/ef_rot_wave_main/ef_rot_wave_main_00014"},{"time":0.8,"name":"EF/ef_rot_wave_main/ef_rot_wave_main_00015"},{"time":0.8333,"name":null}]},"EF_slash4_1":{"attachment":[{"time":1,"name":"EF/ef_slash_D_main/ef_slash_D_main_00002"},{"time":1.0333,"name":null}]},"EF_slash4_2":{"attachment":[{"time":1.0333,"name":"EF/ef_slash_D_main/ef_slash_D_main_00003"},{"time":1.0666,"name":"EF/ef_slash_D_main/ef_slash_D_main_00004"},{"time":1.1,"name":"EF/ef_slash_D_main/ef_slash_D_main_00005"},{"time":1.1333,"name":"EF/ef_slash_D_main/ef_slash_D_main_00006"},{"time":1.1666,"name":null}]},"EF_wave1_1":{"attachment":[{"time":1,"name":"EF/ef_graund_wave_main/ef_graund_wave_main_00001"},{"time":1.0333,"name":"EF/ef_graund_wave_main/ef_graund_wave_main_00003"},{"time":1.0666,"name":"EF/ef_graund_wave_main/ef_graund_wave_main_00005"},{"time":1.1,"name":"EF/ef_graund_wave_main/ef_graund_wave_main_00007"},{"time":1.1333,"name":"EF/ef_graund_wave_main/ef_graund_wave_main_00009"},{"time":1.1666,"name":"EF/ef_graund_wave_main/ef_graund_wave_main_00011"},{"time":1.2,"name":"EF/ef_graund_wave_main/ef_graund_wave_main_00013"},{"time":1.2333,"name":null},{"time":1.4666,"name":"EF/ef_graund_wave_main/ef_graund_wave_main_00001"},{"time":1.5,"name":"EF/ef_graund_wave_main/ef_graund_wave_main_00005"},{"time":1.5333,"name":"EF/ef_graund_wave_main/ef_graund_wave_main_00006"},{"time":1.5666,"name":"EF/ef_graund_wave_main/ef_graund_wave_main_00007"},{"time":1.6,"name":"EF/ef_graund_wave_main/ef_graund_wave_main_00008"},{"time":1.6333,"name":"EF/ef_graund_wave_main/ef_graund_wave_main_00009"},{"time":1.6666,"name":"EF/ef_graund_wave_main/ef_graund_wave_main_00010"},{"time":1.7,"name":"EF/ef_graund_wave_main/ef_graund_wave_main_00011"},{"time":1.7333,"name":"EF/ef_graund_wave_main/ef_graund_wave_main_00012"},{"time":1.7666,"name":"EF/ef_graund_wave_main/ef_graund_wave_main_00013"},{"time":1.8,"name":"EF/ef_graund_wave_main/ef_graund_wave_main_00014"},{"time":1.8333,"name":null}]},"MAIN":{"attachment":[{"time":0,"name":"idle_00"},{"time":0.0333,"name":"skill2_00"},{"time":0.1333,"name":"skill2_01"},{"time":0.2333,"name":"skill2_02"},{"time":0.3333,"name":"skill2_03"},{"time":1,"name":"skill2_04"},{"time":1.0333,"name":"skill2_05"},{"time":1.1,"name":"skill2_06"},{"time":1.3333,"name":"skill2_07"},{"time":1.4,"name":"skill2_08"},{"time":1.5,"name":"skill2_09"},{"time":1.6333,"name":"skill2_10"},{"time":1.7666,"name":"skill2_11"},{"time":1.9,"name":"skill2_12"},{"time":2.1666,"name":"skill2_13"},{"time":2.2666,"name":"skill2_14"},{"time":2.7,"name":"skill2_15"},{"time":2.9,"name":"skill2_16"},{"time":3,"name":"idle_00"}]}},"bones":{"MAIN":{"translate":[{"time":0,"x":0,"y":0,"curve":"stepped"},{"time":0.1333,"x":11.73,"y":0,"curve":[0.071,0.54,0.75,1]},{"time":0.3333,"x":15.64,"y":0,"curve":"stepped"},{"time":1,"x":-85.09,"y":0,"curve":[0.032,0.61,0.209,0.96]},{"time":1.3666,"x":-117.36,"y":0,"curve":"stepped"},{"time":1.4,"x":-117.36,"y":0,"curve":"stepped"},{"time":1.4333,"x":-117.36,"y":-1.95,"curve":"stepped"},{"time":1.4666,"x":-117.36,"y":5.86,"curve":"stepped"},{"time":1.5,"x":-117.36,"y":0,"curve":"stepped"},{"time":2.2666,"x":-101.8,"y":-5.18,"curve":"stepped"},{"time":3,"x":-75.25,"y":0}]},"EF_rotwave1_1":{"translate":[{"time":0.1333,"x":-429.25,"y":0}],"scale":[{"time":0.1333,"x":3,"y":3}]},"EF_wave1_1":{"translate":[{"time":1,"x":-442.05,"y":0,"curve":"stepped"},{"time":1.4666,"x":-583.64,"y":-7.12}],"scale":[{"time":1,"x":2.5,"y":2.5,"curve":"stepped"},{"time":1.4666,"x":8,"y":8}]},"EF_dash1_1":{"translate":[{"time":1,"x":-149.97,"y":0}],"scale":[{"time":1,"x":1.25,"y":1.25}]},"EF_earth1_1":{"translate":[{"time":1.4,"x":-436.59,"y":-19.5}],"scale":[{"time":1.4,"x":3.375,"y":3.375},{"time":1.4333,"x":2.5,"y":2.5}]},"EF_earthaura1_1":{"translate":[{"time":1.4,"x":-405.08,"y":0}],"scale":[{"time":1.4,"x":2.5,"y":2.5}]},"EF_earthaura1_2":{"translate":[{"time":1.4,"x":-317.79,"y":-25.73}],"scale":[{"time":1.4,"x":3,"y":3}]},"EF_groundshock1_1":{"translate":[{"time":1.4,"x":-532.2,"y":0}],"scale":[{"time":1.4,"x":6,"y":6}]},"EF_rock1_1":{"translate":[{"time":1.4,"x":-449.33,"y":18.6}],"scale":[{"time":1.4,"x":-2,"y":2}]},"EF_slash4_1":{"rotate":[{"time":1,"angle":-5.99}],"translate":[{"time":1,"x":-402.04,"y":20.46}],"scale":[{"time":1,"x":3.5,"y":3.5}]},"EF_slash4_2":{"rotate":[{"time":1,"angle":-5.99}],"translate":[{"time":1,"x":-402.04,"y":20.46}],"scale":[{"time":1,"x":3.5,"y":3.5}]},"DAMAGEAREA":{"translate":[{"time":1,"x":-160.2,"y":72.91,"curve":"stepped"},{"time":1.4333,"x":-186.67,"y":404.26}],"scale":[{"time":1,"x":8.653,"y":2.427,"curve":"stepped"},{"time":1.4333,"x":9.35,"y":16.241}]}},"drawOrder":[{"time":1.0333,"offsets":[{"slot":"EF_slash4_2","offset":-11}]},{"time":1.4,"offsets":[{"slot":"EF_earthaura1_2","offset":17}]}],"events":[{"time":0,"name":"Event","float":0.1,"string":"kHitStopType_normal"},{"time":0,"name":"Sound3","string":"setHitSound(se_battle_007_attack_hit_01)"},{"time":0,"name":"Voice","string":"cri_276_voice_fullarts_now"},{"time":0.0666,"name":"Sound1","string":"cri_se_battle_charge"},{"time":0.9333,"name":"Event","string":"setHitStopTime(0.2,0.3)"},{"time":0.9666,"name":"Sound1","string":"cri_se_battle_sword_srash"},{"time":1,"name":"Event2","string":"shakeGround"},{"time":1.2,"name":"Voice","string":"cri_276_voice_fullarts_rank5"},{"time":1.4,"name":"Event","string":"setHitStopTime(0.1,0.3)"},{"time":1.4,"name":"Sound1","string":"cri_se_battle_beam"},{"time":1.4,"name":"Sound2","string":"cri_se_battle_037_explosion_element_05"},{"time":1.4333,"name":"Event2","float":1.5,"string":"shakeGround_Loop"},{"time":1.4333,"name":"Hit"},{"time":1.4666,"name":"Event","string":"setHitStopTime(0.2,0.3)"},{"time":1.5,"name":"Event2","float":2,"string":"shakeGround"},{"time":1.5333,"name":"Hit","float":100},{"time":1.5666,"name":"Event","string":"setHitStopTime(0.01,0.3)"},{"time":1.5666,"name":"Event2","float":0.3,"string":"kHitStopType_enemyonly"},{"time":1.6,"name":"Hit"},{"time":1.6666,"name":"Hit"}]},"skill3":{"slots":{"DAMAGEAREA":{"attachment":[{"time":0.3666,"name":"DAMAGEAREA"},{"time":0.4333,"name":null},{"time":1.1333,"name":"DAMAGEAREA"},{"time":1.2,"name":null},{"time":1.8,"name":"DAMAGEAREA"},{"time":1.8666,"name":null}]},"Dot_F_EF1":{"attachment":[{"time":1.1,"name":"EF/dot_slash/dotEF_skill3_00"},{"time":1.2,"name":null},{"time":2.5,"name":"EF/dot_slash/dotEF_skill2_04"},{"time":2.6,"name":"EF/dot_slash/dotEF_skill2_05"},{"time":2.7,"name":null},{"time":2.9666,"name":"EF/dot_slash/dotEF_skill2_06"},{"time":3.0666,"name":null}]},"EF_dash1_1":{"attachment":[{"time":1.1,"name":"EF/ef_dash_main/ef_dash_main_00001"},{"time":1.1333,"name":"EF/ef_dash_main/ef_dash_main_00003"},{"time":1.1666,"name":"EF/ef_dash_main/ef_dash_main_00004"},{"time":1.2,"name":"EF/ef_dash_main/ef_dash_main_00005"},{"time":1.2333,"name":"EF/ef_dash_main/ef_dash_main_00006"},{"time":1.2666,"name":"EF/ef_dash_main/ef_dash_main_00007"},{"time":1.3,"name":"EF/ef_dash_main/ef_dash_main_00009"},{"time":1.3333,"name":"EF/ef_dash_main/ef_dash_main_00010"},{"time":1.3666,"name":"EF/ef_dash_main/ef_dash_main_00011"},{"time":1.4,"name":"EF/ef_dash_main/ef_dash_main_00012"},{"time":1.4333,"name":null}]},"EF_earth1_1":{"attachment":[{"time":0.3,"name":"EF/ef_graund_earth_purple/ef_graund_earth_purple_00001"}],"color":[{"time":0.8,"color":"ffffffff"},{"time":1.1,"color":"ffffff00"}]},"EF_earth1_2":{"attachment":[{"time":0.3666,"name":"EF/ef_graund_earth_purple/ef_graund_earth_purple_00001"}],"color":[{"time":0.8,"color":"ffffffff"},{"time":1.1,"color":"ffffff00"}]},"EF_earth1_3":{"attachment":[{"time":0.3666,"name":"EF/ef_graund_earth_purple/ef_graund_earth_purple_00001"}],"color":[{"time":0.8,"color":"ffffffff"},{"time":1.1,"color":"ffffff00"}]},"EF_earth1_4":{"attachment":[{"time":0.3666,"name":"EF/ef_graund_earth_purple/ef_graund_earth_purple_00001"}],"color":[{"time":0.8,"color":"ffffffff"},{"time":1.1,"color":"ffffff00"}]},"EF_earth1_5":{"attachment":[{"time":0.3666,"name":"EF/ef_graund_earth_purple/ef_graund_earth_purple_00001"}],"color":[{"time":0.8,"color":"ffffffff"},{"time":1.1,"color":"ffffff00"}]},"EF_earthaura1_1":{"attachment":[{"time":0.3666,"name":"EF/ef_earth_aura_main/ef_earth_aura_main_00001"},{"time":0.4333,"name":"EF/ef_earth_aura_main/ef_earth_aura_main_00002"},{"time":0.5,"name":null}],"color":[{"time":0.3666,"color":"ffffffff"},{"time":0.5,"color":"ffffff00"}]},"EF_earthaura1_2":{"attachment":[{"time":0.3666,"name":"EF/ef_earth_aura_main/ef_earth_aura_main_00005"},{"time":0.4333,"name":"EF/ef_earth_aura_main/ef_earth_aura_main_00006"},{"time":0.5,"name":null}],"color":[{"time":0.3666,"color":"ffffffff"},{"time":0.5,"color":"ffffff00"}]},"EF_earthaura1_3":{"attachment":[{"time":0.3666,"name":"EF/ef_earth_aura_main/ef_earth_aura_main_00006"},{"time":0.4333,"name":"EF/ef_earth_aura_main/ef_earth_aura_main_00007"},{"time":0.5,"name":null}],"color":[{"time":0.3666,"color":"ffffffff"},{"time":0.5,"color":"ffffff00"}]},"EF_earthaura1_4":{"attachment":[{"time":0.3666,"name":"EF/ef_earth_aura_main/ef_earth_aura_main_00004"},{"time":0.4333,"name":"EF/ef_earth_aura_main/ef_earth_aura_main_00005"},{"time":0.5,"name":null}],"color":[{"time":0.3666,"color":"ffffffff"},{"time":0.5,"color":"ffffff00"}]},"EF_earthaura1_5":{"attachment":[{"time":0.3666,"name":"EF/ef_earth_aura_main/ef_earth_aura_main_00001"},{"time":0.4333,"name":"EF/ef_earth_aura_main/ef_earth_aura_main_00002"},{"time":0.5,"name":null}],"color":[{"time":0.3666,"color":"ffffffff"},{"time":0.5,"color":"ffffff00"}]},"EF_earthaura1_6":{"attachment":[{"time":0.3666,"name":"EF/ef_earth_aura_main/ef_earth_aura_main_00011"},{"time":0.4333,"name":"EF/ef_earth_aura_main/ef_earth_aura_main_00012"},{"time":0.5,"name":null}],"color":[{"time":0.3666,"color":"ffffffff"},{"time":0.5,"color":"ffffff00"}]},"EF_groundshock1_1":{"attachment":[{"time":0.3,"name":"EF/ef_graund_shock_main/ef_graund_shock_red_00001"},{"time":0.3333,"name":"EF/ef_graund_shock_main/ef_graund_shock_red_00002"},{"time":0.3666,"name":"EF/ef_graund_shock_main/ef_graund_shock_red_00003"},{"time":0.4,"name":"EF/ef_graund_shock_main/ef_graund_shock_red_00004"},{"time":0.4333,"name":null}]},"EF_wave1_1":{"attachment":[{"time":0.3,"name":"EF/ef_graund_wave_main/ef_graund_wave_main_00001"},{"time":0.3333,"name":"EF/ef_graund_wave_main/ef_graund_wave_main_00002"},{"time":0.3666,"name":"EF/ef_graund_wave_main/ef_graund_wave_main_00003"},{"time":0.4,"name":"EF/ef_graund_wave_main/ef_graund_wave_main_00004"},{"time":0.4333,"name":"EF/ef_graund_wave_main/ef_graund_wave_main_00005"},{"time":0.4666,"name":"EF/ef_graund_wave_main/ef_graund_wave_main_00006"},{"time":0.5,"name":"EF/ef_graund_wave_main/ef_graund_wave_main_00007"},{"time":0.5333,"name":"EF/ef_graund_wave_main/ef_graund_wave_main_00008"},{"time":0.5666,"name":"EF/ef_graund_wave_main/ef_graund_wave_main_00009"},{"time":0.6,"name":"EF/ef_graund_wave_main/ef_graund_wave_main_00010"},{"time":0.6333,"name":"EF/ef_graund_wave_main/ef_graund_wave_main_00011"},{"time":0.6666,"name":"EF/ef_graund_wave_main/ef_graund_wave_main_00012"},{"time":0.7,"name":"EF/ef_graund_wave_main/ef_graund_wave_main_00013"},{"time":0.7333,"name":"EF/ef_graund_wave_main/ef_graund_wave_main_00014"},{"time":0.7666,"name":null},{"time":1.1,"name":"EF/ef_graund_wave_main/ef_graund_wave_main_00001"},{"time":1.1333,"name":"EF/ef_graund_wave_main/ef_graund_wave_main_00002"},{"time":1.1666,"name":"EF/ef_graund_wave_main/ef_graund_wave_main_00004"},{"time":1.2,"name":"EF/ef_graund_wave_main/ef_graund_wave_main_00006"},{"time":1.2333,"name":"EF/ef_graund_wave_main/ef_graund_wave_main_00008"},{"time":1.2666,"name":"EF/ef_graund_wave_main/ef_graund_wave_main_00010"},{"time":1.3,"name":"EF/ef_graund_wave_main/ef_graund_wave_main_00011"},{"time":1.3333,"name":"EF/ef_graund_wave_main/ef_graund_wave_main_00012"},{"time":1.3666,"name":"EF/ef_graund_wave_main/ef_graund_wave_main_00013"},{"time":1.4,"name":"EF/ef_graund_wave_main/ef_graund_wave_main_00014"},{"time":1.4333,"name":null}]},"MAIN":{"attachment":[{"time":0,"name":"idle_00"},{"time":0.0333,"name":"skill3_00"},{"time":0.1333,"name":"skill3_01"},{"time":0.3,"name":"skill3_02"},{"time":0.4333,"name":"skill3_03"},{"time":0.5666,"name":"skill3_04"},{"time":0.7666,"name":"skill3_05"},{"time":0.9,"name":"skill3_06"},{"time":1.1,"name":"skill3_07"},{"time":1.2,"name":"skill3_08"},{"time":1.3333,"name":"skill3_08"},{"time":1.4,"name":"skill3_09"},{"time":1.5,"name":"skill3_10"},{"time":1.7,"name":"skill3_12"},{"time":1.7333,"name":"skill3_11"},{"time":1.7666,"name":"skill3_12"},{"time":1.8,"name":"skill3_11"},{"time":1.8666,"name":"skill3_12"},{"time":1.9333,"name":"skill3_11"},{"time":2,"name":"skill3_12"},{"time":2.1,"name":"skill3_11"},{"time":2.2,"name":"skill3_13"},{"time":2.3,"name":"skill3_09"},{"time":2.5,"name":"skill2_13"},{"time":2.6,"name":"skill2_14"},{"time":2.9666,"name":"skill2_15"},{"time":3.4,"name":"skill2_16"},{"time":3.5,"name":"idle_00"}]}},"bones":{"MAIN":{"translate":[{"time":0,"x":0,"y":0,"curve":"stepped"},{"time":0.0333,"x":0,"y":0,"curve":[0.072,0.6,0.75,1]},{"time":0.1666,"x":-7.71,"y":0,"curve":"stepped"},{"time":0.3,"x":-55.45,"y":0},{"time":0.3333,"x":-55.45,"y":-12.93},{"time":0.3666,"x":-55.45,"y":1.98},{"time":0.4,"x":-55.45,"y":0,"curve":[0.112,0.8,0.376,0.95]},{"time":0.7333,"x":-56.05,"y":0,"curve":[0.035,0.93,0.227,0.93]},{"time":0.8666,"x":-54.06,"y":0,"curve":"stepped"},{"time":1.0666,"x":-52.07,"y":0,"curve":"stepped"},{"time":1.1,"x":-86.34,"y":0,"curve":"stepped"},{"time":1.2,"x":-86.34,"y":0,"curve":[0.045,0.89,0.364,0.94]},{"time":1.5,"x":-87.82,"y":0,"curve":"stepped"},{"time":2.6,"x":-73.9,"y":-6.49,"curve":"stepped"},{"time":3.5,"x":-46.39,"y":0}]},"EF_groundshock1_1":{"translate":[{"time":0.3,"x":-432.85,"y":-3.51}],"scale":[{"time":0.3,"x":1,"y":1},{"time":0.4,"x":2.5,"y":2.5}]},"EF_earth1_1":{"translate":[{"time":0.3,"x":-339.15,"y":-4.5}]},"EF_earth1_2":{"translate":[{"time":0.3666,"x":-424.84,"y":-40.58}],"scale":[{"time":0.3666,"x":1.5,"y":1.5}]},"EF_earth1_3":{"translate":[{"time":0.3666,"x":-516.84,"y":2.7}],"scale":[{"time":0.3666,"x":1.5,"y":-1.5}]},"EF_earth1_4":{"translate":[{"time":0.3666,"x":-422.76,"y":19.02}]},"EF_earth1_5":{"translate":[{"time":0.3666,"x":-221.81,"y":-22.36}],"scale":[{"time":0.3666,"x":2.025,"y":2.025}]},"EF_earthaura1_1":{"translate":[{"time":0.3666,"x":-403.47,"y":-39.18}],"scale":[{"time":0.3666,"x":-2.357,"y":0.403}]},"EF_earthaura1_2":{"translate":[{"time":0.3666,"x":-299.67,"y":6.37}],"scale":[{"time":0.3666,"x":1.9,"y":0.402}]},"EF_earthaura1_3":{"translate":[{"time":0.3666,"x":-422.3,"y":2.05}],"scale":[{"time":0.3666,"x":-2.248,"y":0.507}]},"EF_earthaura1_4":{"translate":[{"time":0.3666,"x":-104.27,"y":-11.17}],"scale":[{"time":0.3666,"x":2.875,"y":0.594}]},"EF_earthaura1_5":{"translate":[{"time":0.3666,"x":-238.4,"y":-34.05}],"scale":[{"time":0.3666,"x":2.906,"y":0.845}]},"EF_earthaura1_6":{"translate":[{"time":0.3666,"x":-377.08,"y":-23.51}],"scale":[{"time":0.3666,"x":1.988,"y":0.322}]},"EF_wave1_1":{"translate":[{"time":0.3,"x":-489.25,"y":-1.43}],"scale":[{"time":0.3,"x":1.5,"y":1.5,"curve":[0.18,0.47,0.75,1]},{"time":0.7333,"x":4.5,"y":4.5}]},"EF_dash1_1":{"translate":[{"time":1.1,"x":-136.36,"y":0}],"scale":[{"time":1.1,"x":1.5,"y":1.5}]},"DAMAGEAREA":{"translate":[{"time":0.3666,"x":-706.69,"y":20.09,"curve":"stepped"},{"time":1.1333,"x":0,"y":505.25}],"scale":[{"time":0.3666,"x":21.934,"y":1.786,"curve":"stepped"},{"time":1.1333,"x":35.069,"y":34.694}]}},"events":[{"time":0,"name":"Event","float":0.08,"string":"kHitStopType_normal"},{"time":0,"name":"Voice","string":"cri_276_voice_fullarts_now_b"},{"time":0.2666,"name":"Event","string":"setHitStopTime(0.1,0.8)"},{"time":0.3,"name":"Event","string":"setForceImpact(1)"},{"time":0.3,"name":"Sound1","string":"cri_se_battle_magic_Invocation_dark"},{"time":0.3,"name":"Sound2","string":"cri_se_battle_monster_hit"},{"time":0.3,"name":"Sound3","string":"setHitSound(se_battle_007_attack_hit_01)"},{"time":0.3333,"name":"Event","int":50,"string":"kImpactType_up"},{"time":0.3333,"name":"Event2","float":0.5,"string":"shakeGround_Loop"},{"time":1,"name":"Event","string":"setHitStopTime(0.2,0.5)"},{"time":1.0666,"name":"Event","int":50,"string":"kImpactType_knock_up"},{"time":1.0666,"name":"Sound1","string":"cri_se_battle_sword_srash"},{"time":1.0666,"name":"Sound2","string":"cri_se_battle_arrow_light_effect"},{"time":1.0666,"name":"Sound3","string":"setHitSound(se_battle_swordslash_heavy)"},{"time":1.1,"name":"Event","float":2,"string":"shakeGround"},{"time":1.1,"name":"Event2","string":"shakeGround"},{"time":1.1,"name":"Voice","string":"cri_276_voice_fullarts_rank6"},{"time":1.1333,"name":"Hit","float":2},{"time":1.7,"name":"Event","int":150,"string":"kImpactType_knock_up"},{"time":1.7,"name":"Sound1","string":"cri_se_battle_sword_srash_02"},{"time":1.7333,"name":"Event","string":"whiteOutBack(0,1.2,0.5)"},{"time":1.7666,"name":"Event","string":"setHitStopTime(0.5,0.8)"},{"time":1.8,"name":"Event","float":2,"string":"shakeGround"},{"time":1.8,"name":"Event2","string":"shakeGround"},{"time":1.8,"name":"Hit","float":5}]}}}