{"skeleton":{"hash":"KctayfgDUezm5ScmO6ap2RKqJhA","spine":"3.0.12","width":0,"height":0,"images":"./images/"},"bones":[{"name":"root"},{"name":"MAIN","parent":"root"},{"name":"EF/950_S2_dome2/950_S2_dome2_00003","parent":"MAIN","x":1268.14,"y":-145.24},{"name":"EF/9020_wind4/9020_wind4_00005","parent":"MAIN","x":1372.76,"y":-143.26},{"name":"EF/9020_wind2/9020_wind2_00023","parent":"MAIN","x":1269.11,"y":60.54},{"name":"EF/740_S2_slash5","parent":"MAIN","x":858.72,"y":-127.61},{"name":"EF/740_S2_slash4","parent":"MAIN","x":709.38,"y":-134.68},{"name":"EF/740_S2_slash3","parent":"MAIN","x":999.62,"y":33.88},{"name":"EF/740_S2_slash2","parent":"MAIN","x":857.13,"y":34.37},{"name":"EF/740_S2_slash1","parent":"MAIN","x":714.47,"y":35.61},{"name":"EF/740_S2_ex3","parent":"MAIN","x":1000.69,"y":195.17},{"name":"EF/740_S2_ex2","parent":"MAIN","x":1000.69,"y":195.17},{"name":"EF/740_S2_ex1","parent":"MAIN","x":1000.69,"y":195.17},{"name":"EF/740_S1_slash2","parent":"MAIN","x":717.9,"y":190.39},{"name":"EF/740_S1_slash1","parent":"MAIN","x":997.64,"y":351.95},{"name":"EF/740_S1_power2","parent":"MAIN","x":859.45,"y":350.11},{"name":"EF/740_S1_power1","parent":"MAIN","x":722.97,"y":347.55},{"name":"EF/740_S1_fire1","parent":"MAIN","x":995.72,"y":496.98},{"name":"EF/740_S1_dash1","parent":"MAIN","x":864.11,"y":499.33},{"name":"EF/690_S2_rock2/690_S2_rock2_00005","parent":"MAIN","x":1265.98,"y":228.28},{"name":"EF/690_S2_rock2/690_S2_rock2_5","parent":"MAIN","x":1265.98,"y":262.52},{"name":"EF/690_S2_rock2","parent":"MAIN","x":725.63,"y":499.43},{"name":"EF/690_S2_rock1","parent":"MAIN","x":725.63,"y":499.43},{"name":"EF/1070_S2_wave1/1070_S2_wave1_00003","parent":"MAIN","x":1366.84,"y":54.94},{"name":"EF/1070_S2_dome1/1070_S2_dome1_00002","parent":"MAIN","x":1158.61,"y":-140.49},{"name":"EF/1070_S2_dome1/1070_S2_dome1_2","parent":"MAIN","x":1158.61,"y":-182.9}],"slots":[{"name":"EF/740_S1_dash1/740_S1_dash1_00000","bone":"EF/740_S1_dash1","blend":"additive"},{"name":"EF/740_S1_fire1/740_S1_fire1_00000","bone":"EF/740_S1_fire1","blend":"additive"},{"name":"EF/740_S1_power1/740_S1_power1_00004","bone":"EF/740_S1_power1","blend":"additive"},{"name":"EF/740_S1_power2/740_S1_power2_00000","bone":"EF/740_S1_power2","blend":"additive"},{"name":"EF/740_S1_power2/740_S1_power2_0","bone":"EF/740_S1_power2","blend":"additive"},{"name":"EF/740_S1_slash1/740_S1_slash1_00000","bone":"EF/740_S1_slash1","blend":"additive"},{"name":"EF/740_S1_slash2/740_S1_slash2_00000","bone":"EF/740_S1_slash2","blend":"additive"},{"name":"EF/740_S2_ex1/740_S2_ex1_00000","bone":"EF/740_S2_ex1","blend":"additive"},{"name":"EF/740_S2_ex1/740_S2_ex1_0","bone":"EF/740_S2_ex2","blend":"additive"},{"name":"EF/740_S2_ex1/740_S2_ex1_1","bone":"EF/740_S2_ex3","blend":"additive"},{"name":"EF/740_S2_slash1/740_S2_slash1_00001","bone":"EF/740_S2_slash1","blend":"additive"},{"name":"EF/740_S2_slash2/740_S2_slash2_00001","bone":"EF/740_S2_slash2","blend":"additive"},{"name":"EF/740_S2_slash3/740_S2_slash3_00001","bone":"EF/740_S2_slash3","blend":"additive"},{"name":"EF/740_S2_slash4/740_S2_slash4_00001","bone":"EF/740_S2_slash4","blend":"additive"},{"name":"EF/740_S2_slash5/740_S2_slash5_00001","bone":"EF/740_S2_slash5","blend":"additive"},{"name":"EF/690_S2_rock1/690_S2_rock1_00002","bone":"EF/690_S2_rock1"},{"name":"EF/690_S2_rock1/690_S2_rock1_2","bone":"EF/690_S2_rock2"},{"name":"EF/1070_S2_dome1/1070_S2_dome1_00002","bone":"EF/1070_S2_dome1/1070_S2_dome1_00002","blend":"additive"},{"name":"EF/1070_S2_dome1/1070_S2_dome1_2","bone":"EF/1070_S2_dome1/1070_S2_dome1_2","blend":"additive"},{"name":"EF/690_S2_rock2/690_S2_rock2_00005","bone":"EF/690_S2_rock2/690_S2_rock2_00005"},{"name":"EF/690_S2_rock2/690_S2_rock2_5","bone":"EF/690_S2_rock2/690_S2_rock2_5"},{"name":"EF/1070_S2_wave1/1070_S2_wave1_00003","bone":"EF/1070_S2_wave1/1070_S2_wave1_00003","blend":"additive"},{"name":"EF/9020_wind4/9020_wind4_00005","bone":"EF/9020_wind4/9020_wind4_00005","blend":"additive"},{"name":"EF/950_S2_dome2/950_S2_dome2_00003","bone":"EF/950_S2_dome2/950_S2_dome2_00003","blend":"additive"},{"name":"EF/9020_wind2/9020_wind2_00023","bone":"EF/9020_wind2/9020_wind2_00023","blend":"additive"}],"skins":{"default":{"EF/1070_S2_dome1/1070_S2_dome1_00002":{"EF/1070_S2_dome1/1070_S2_dome1_00002":{"x":2.33,"y":-4.89,"width":300,"height":300},"EF/1070_S2_dome1/1070_S2_dome1_00003":{"x":2.33,"y":-4.89,"width":300,"height":300},"EF/1070_S2_dome1/1070_S2_dome1_00004":{"x":2.33,"y":-4.89,"width":300,"height":300},"EF/1070_S2_dome1/1070_S2_dome1_00005":{"x":2.33,"y":-4.89,"width":300,"height":300},"EF/1070_S2_dome1/1070_S2_dome1_00006":{"x":2.33,"y":-4.89,"width":300,"height":300},"EF/1070_S2_dome1/1070_S2_dome1_00008":{"x":2.33,"y":-4.89,"width":300,"height":300},"EF/1070_S2_dome1/1070_S2_dome1_00010":{"x":2.33,"y":-4.89,"width":300,"height":300},"EF/1070_S2_dome1/1070_S2_dome1_00012":{"x":2.33,"y":-4.89,"width":300,"height":300},"EF/1070_S2_dome1/1070_S2_dome1_00013":{"x":2.33,"y":-4.89,"width":300,"height":300}},"EF/1070_S2_dome1/1070_S2_dome1_2":{"EF/1070_S2_dome1/1070_S2_dome1_00002":{"x":2.33,"y":-4.89,"width":300,"height":300},"EF/1070_S2_dome1/1070_S2_dome1_00003":{"x":2.33,"y":-4.89,"width":300,"height":300},"EF/1070_S2_dome1/1070_S2_dome1_00004":{"x":2.33,"y":-4.89,"width":300,"height":300},"EF/1070_S2_dome1/1070_S2_dome1_00005":{"x":2.33,"y":-4.89,"width":300,"height":300},"EF/1070_S2_dome1/1070_S2_dome1_00006":{"x":2.33,"y":-4.89,"width":300,"height":300},"EF/1070_S2_dome1/1070_S2_dome1_00008":{"x":2.33,"y":-4.89,"width":300,"height":300},"EF/1070_S2_dome1/1070_S2_dome1_00010":{"x":2.33,"y":-4.89,"width":300,"height":300},"EF/1070_S2_dome1/1070_S2_dome1_00012":{"x":2.33,"y":-4.89,"width":300,"height":300},"EF/1070_S2_dome1/1070_S2_dome1_00013":{"x":2.33,"y":-4.89,"width":300,"height":300}},"EF/1070_S2_wave1/1070_S2_wave1_00003":{"EF/1070_S2_wave1/1070_S2_wave1_00003":{"x":3.16,"y":-2.04,"width":375,"height":375},"EF/1070_S2_wave1/1070_S2_wave1_00005":{"x":3.16,"y":-2.04,"width":375,"height":375},"EF/1070_S2_wave1/1070_S2_wave1_00007":{"x":3.16,"y":-2.04,"width":375,"height":375},"EF/1070_S2_wave1/1070_S2_wave1_00009":{"x":3.16,"y":-2.04,"width":375,"height":375}},"EF/690_S2_rock1/690_S2_rock1_00002":{"EF/690_S2_rock1/690_S2_rock1_00002":{"x":1.86,"y":49.63,"width":150,"height":150}},"EF/690_S2_rock1/690_S2_rock1_2":{"EF/690_S2_rock1/690_S2_rock1_00002":{"x":1.86,"y":49.63,"width":150,"height":150}},"EF/690_S2_rock2/690_S2_rock2_00005":{"EF/690_S2_rock2/690_S2_rock2_00005":{"x":-1.19,"y":36.33,"width":225,"height":225}},"EF/690_S2_rock2/690_S2_rock2_5":{"EF/690_S2_rock2/690_S2_rock2_00005":{"x":-1.19,"y":36.33,"width":225,"height":225}},"EF/740_S1_dash1/740_S1_dash1_00000":{"EF/740_S1_dash1/740_S1_dash1_00000":{"x":3.36,"y":19.26,"width":325,"height":325},"EF/740_S1_dash1/740_S1_dash1_00002":{"x":3.36,"y":19.26,"width":325,"height":325},"EF/740_S1_dash1/740_S1_dash1_00004":{"x":3.36,"y":19.26,"width":325,"height":325},"EF/740_S1_dash1/740_S1_dash1_00006":{"x":3.36,"y":19.26,"width":325,"height":325},"EF/740_S1_dash1/740_S1_dash1_00008":{"x":3.36,"y":19.26,"width":325,"height":325},"EF/740_S1_dash1/740_S1_dash1_00010":{"x":3.36,"y":19.26,"width":325,"height":325},"EF/740_S1_dash1/740_S1_dash1_00012":{"x":3.36,"y":19.26,"width":325,"height":325}},"EF/740_S1_fire1/740_S1_fire1_00000":{"EF/740_S1_fire1/740_S1_fire1_00000":{"x":5.54,"y":-2.55,"width":325,"height":325},"EF/740_S1_fire1/740_S1_fire1_00001":{"x":5.54,"y":-2.55,"width":325,"height":325},"EF/740_S1_fire1/740_S1_fire1_00003":{"x":5.54,"y":-2.55,"width":325,"height":325},"EF/740_S1_fire1/740_S1_fire1_00004":{"x":5.54,"y":-2.55,"width":325,"height":325},"EF/740_S1_fire1/740_S1_fire1_00005":{"x":5.54,"y":-2.55,"width":325,"height":325},"EF/740_S1_fire1/740_S1_fire1_00006":{"x":5.54,"y":-2.55,"width":325,"height":325},"EF/740_S1_fire1/740_S1_fire1_00008":{"x":5.54,"y":-2.55,"width":325,"height":325}},"EF/740_S1_power1/740_S1_power1_00004":{"EF/740_S1_power1/740_S1_power1_00004":{"x":-5.36,"y":-0.36,"width":325,"height":325},"EF/740_S1_power1/740_S1_power1_00006":{"x":-5.36,"y":-0.36,"width":325,"height":325},"EF/740_S1_power1/740_S1_power1_00008":{"x":-5.36,"y":-0.36,"width":325,"height":325},"EF/740_S1_power1/740_S1_power1_00011":{"x":-5.36,"y":-0.36,"width":325,"height":325},"EF/740_S1_power1/740_S1_power1_00013":{"x":-5.36,"y":-0.36,"width":325,"height":325}},"EF/740_S1_power2/740_S1_power2_0":{"EF/740_S1_power2/740_S1_power2_00000":{"x":-3.8,"y":-0.17,"width":325,"height":325},"EF/740_S1_power2/740_S1_power2_00002":{"x":-3.8,"y":-0.17,"width":325,"height":325},"EF/740_S1_power2/740_S1_power2_00004":{"x":-3.8,"y":-0.17,"width":325,"height":325},"EF/740_S1_power2/740_S1_power2_00006":{"x":-3.8,"y":-0.17,"width":325,"height":325},"EF/740_S1_power2/740_S1_power2_00008":{"x":-3.8,"y":-0.17,"width":325,"height":325}},"EF/740_S1_power2/740_S1_power2_00000":{"EF/740_S1_power2/740_S1_power2_00000":{"x":-3.8,"y":-0.17,"width":325,"height":325},"EF/740_S1_power2/740_S1_power2_00002":{"x":-3.8,"y":-0.17,"width":325,"height":325},"EF/740_S1_power2/740_S1_power2_00004":{"x":-3.8,"y":-0.17,"width":325,"height":325},"EF/740_S1_power2/740_S1_power2_00006":{"x":-3.8,"y":-0.17,"width":325,"height":325},"EF/740_S1_power2/740_S1_power2_00008":{"x":-3.8,"y":-0.17,"width":325,"height":325}},"EF/740_S1_slash1/740_S1_slash1_00000":{"EF/740_S1_slash1/740_S1_slash1_00000":{"x":61.6,"y":14.95,"width":325,"height":325},"EF/740_S1_slash1/740_S1_slash1_00001":{"x":61.6,"y":14.95,"width":325,"height":325},"EF/740_S1_slash1/740_S1_slash1_00002":{"x":61.6,"y":14.95,"width":325,"height":325},"EF/740_S1_slash1/740_S1_slash1_00004":{"x":61.6,"y":14.95,"width":325,"height":325},"EF/740_S1_slash1/740_S1_slash1_00005":{"x":61.6,"y":14.95,"width":325,"height":325}},"EF/740_S1_slash2/740_S1_slash2_00000":{"EF/740_S1_slash2/740_S1_slash2_00000":{"x":25.51,"y":-14.37,"width":325,"height":325},"EF/740_S1_slash2/740_S1_slash2_00002":{"x":25.51,"y":-14.37,"width":325,"height":325},"EF/740_S1_slash2/740_S1_slash2_00003":{"x":25.51,"y":-14.37,"width":325,"height":325},"EF/740_S1_slash2/740_S1_slash2_00004":{"x":25.51,"y":-14.37,"width":325,"height":325}},"EF/740_S2_ex1/740_S2_ex1_0":{"EF/740_S2_ex1/740_S2_ex1_00000":{"x":1.86,"y":23.51,"width":325,"height":325},"EF/740_S2_ex1/740_S2_ex1_00002":{"x":1.86,"y":23.51,"width":325,"height":325},"EF/740_S2_ex1/740_S2_ex1_00004":{"x":1.86,"y":23.51,"width":325,"height":325},"EF/740_S2_ex1/740_S2_ex1_00006":{"x":1.86,"y":23.51,"width":325,"height":325},"EF/740_S2_ex1/740_S2_ex1_00008":{"x":1.86,"y":23.51,"width":325,"height":325},"EF/740_S2_ex1/740_S2_ex1_00010":{"x":1.86,"y":23.51,"width":325,"height":325},"EF/740_S2_ex1/740_S2_ex1_00012":{"x":1.86,"y":23.51,"width":325,"height":325},"EF/740_S2_ex1/740_S2_ex1_00014":{"x":1.86,"y":23.51,"width":325,"height":325},"EF/740_S2_ex1/740_S2_ex1_00015":{"x":1.86,"y":23.51,"width":325,"height":325}},"EF/740_S2_ex1/740_S2_ex1_00000":{"EF/740_S2_ex1/740_S2_ex1_00000":{"x":1.86,"y":23.51,"width":325,"height":325},"EF/740_S2_ex1/740_S2_ex1_00002":{"x":1.86,"y":23.51,"width":325,"height":325},"EF/740_S2_ex1/740_S2_ex1_00004":{"x":1.86,"y":23.51,"width":325,"height":325},"EF/740_S2_ex1/740_S2_ex1_00006":{"x":1.86,"y":23.51,"width":325,"height":325},"EF/740_S2_ex1/740_S2_ex1_00008":{"x":1.86,"y":23.51,"width":325,"height":325},"EF/740_S2_ex1/740_S2_ex1_00010":{"x":1.86,"y":23.51,"width":325,"height":325},"EF/740_S2_ex1/740_S2_ex1_00012":{"x":1.86,"y":23.51,"width":325,"height":325},"EF/740_S2_ex1/740_S2_ex1_00014":{"x":1.86,"y":23.51,"width":325,"height":325},"EF/740_S2_ex1/740_S2_ex1_00015":{"x":1.86,"y":23.51,"width":325,"height":325}},"EF/740_S2_ex1/740_S2_ex1_1":{"EF/740_S2_ex1/740_S2_ex1_00000":{"x":1.86,"y":23.51,"width":325,"height":325},"EF/740_S2_ex1/740_S2_ex1_00002":{"x":1.86,"y":23.51,"width":325,"height":325},"EF/740_S2_ex1/740_S2_ex1_00004":{"x":1.86,"y":23.51,"width":325,"height":325},"EF/740_S2_ex1/740_S2_ex1_00006":{"x":1.86,"y":23.51,"width":325,"height":325},"EF/740_S2_ex1/740_S2_ex1_00008":{"x":1.86,"y":23.51,"width":325,"height":325},"EF/740_S2_ex1/740_S2_ex1_00010":{"x":1.86,"y":23.51,"width":325,"height":325},"EF/740_S2_ex1/740_S2_ex1_00012":{"x":1.86,"y":23.51,"width":325,"height":325},"EF/740_S2_ex1/740_S2_ex1_00014":{"x":1.86,"y":23.51,"width":325,"height":325},"EF/740_S2_ex1/740_S2_ex1_00015":{"x":1.86,"y":23.51,"width":325,"height":325}},"EF/740_S2_slash1/740_S2_slash1_00001":{"EF/740_S2_slash1/740_S2_slash1_00001":{"x":52.8,"y":-18.63,"width":325,"height":325}},"EF/740_S2_slash2/740_S2_slash2_00001":{"EF/740_S2_slash2/740_S2_slash2_00001":{"x":45.55,"y":-8.28,"width":325,"height":325}},"EF/740_S2_slash3/740_S2_slash3_00001":{"EF/740_S2_slash3/740_S2_slash3_00001":{"x":14.37,"y":-6.46,"width":325,"height":325}},"EF/740_S2_slash4/740_S2_slash4_00001":{"EF/740_S2_slash4/740_S2_slash4_00001":{"x":21.93,"y":36.56,"width":325,"height":325}},"EF/740_S2_slash5/740_S2_slash5_00001":{"EF/740_S2_slash5/740_S2_slash5_00001":{"x":62.55,"y":-53.47,"width":325,"height":325}},"EF/9020_wind2/9020_wind2_00023":{"EF/9020_wind2/9020_wind2_00023":{"x":0.9,"y":3.88,"width":101,"height":101},"EF/9020_wind2/9020_wind2_00024":{"x":0.9,"y":3.88,"width":101,"height":101},"EF/9020_wind2/9020_wind2_00025":{"x":0.9,"y":3.88,"width":101,"height":101}},"EF/9020_wind4/9020_wind4_00005":{"EF/9020_wind4/9020_wind4_00005":{"x":-0.69,"y":4.41,"width":19,"height":34}},"EF/950_S2_dome2/950_S2_dome2_00003":{"EF/950_S2_dome2/950_S2_dome2_00003":{"x":4.1,"y":-37.14,"width":375,"height":375},"EF/950_S2_dome2/950_S2_dome2_00004":{"x":4.1,"y":-37.14,"width":375,"height":375},"EF/950_S2_dome2/950_S2_dome2_00005":{"x":4.1,"y":-37.14,"width":375,"height":375},"EF/950_S2_dome2/950_S2_dome2_00006":{"x":4.1,"y":-37.14,"width":375,"height":375},"EF/950_S2_dome2/950_S2_dome2_00007":{"x":4.1,"y":-37.14,"width":375,"height":375},"EF/950_S2_dome2/950_S2_dome2_00010":{"x":4.1,"y":-37.14,"width":375,"height":375},"EF/950_S2_dome2/950_S2_dome2_00012":{"x":4.1,"y":-37.14,"width":375,"height":375},"EF/950_S2_dome2/950_S2_dome2_00013":{"x":4.1,"y":-37.14,"width":375,"height":375}}}},"animations":{"1-attack1":{"slots":{"EF/690_S2_rock1/690_S2_rock1_2":{"attachment":[{"time":0,"name":null}]}}},"1-skill1":{"slots":{"EF/690_S2_rock1/690_S2_rock1_00002":{"attachment":[{"time":2.5666,"name":"EF/690_S2_rock1/690_S2_rock1_00002"},{"time":2.7333,"name":"EF/690_S2_rock1/690_S2_rock1_00002"}],"color":[{"time":2.5666,"color":"ffffffff"},{"time":2.6666,"color":"ffffff00","curve":"stepped"},{"time":2.7333,"color":"ffffffff"},{"time":2.8333,"color":"ffffff00"}]},"EF/690_S2_rock1/690_S2_rock1_2":{"attachment":[{"time":2.6333,"name":"EF/690_S2_rock1/690_S2_rock1_00002"}],"color":[{"time":2.6333,"color":"ffffffff"},{"time":2.7666,"color":"ffffff00"}]},"EF/740_S1_fire1/740_S1_fire1_00000":{"attachment":[{"time":0.5666,"name":null}]},"EF/740_S1_power1/740_S1_power1_00004":{"attachment":[{"time":0,"name":"EF/740_S1_power1/740_S1_power1_00008"},{"time":0.0666,"name":"EF/740_S1_power1/740_S1_power1_00006"},{"time":0.1333,"name":"EF/740_S1_power1/740_S1_power1_00008"},{"time":0.2,"name":"EF/740_S1_power1/740_S1_power1_00011"},{"time":0.2666,"name":"EF/740_S1_power1/740_S1_power1_00013"},{"time":0.3333,"name":"EF/740_S1_power1/740_S1_power1_00004"},{"time":0.4,"name":"EF/740_S1_power1/740_S1_power1_00006"},{"time":0.4666,"name":"EF/740_S1_power1/740_S1_power1_00008"},{"time":0.5333,"name":"EF/740_S1_power1/740_S1_power1_00011"},{"time":0.6,"name":"EF/740_S1_power1/740_S1_power1_00013"},{"time":0.6666,"name":"EF/740_S1_power1/740_S1_power1_00004"},{"time":0.7333,"name":"EF/740_S1_power1/740_S1_power1_00006"},{"time":0.8,"name":"EF/740_S1_power1/740_S1_power1_00008"},{"time":0.8666,"name":"EF/740_S1_power1/740_S1_power1_00011"},{"time":0.9333,"name":"EF/740_S1_power1/740_S1_power1_00013"},{"time":1,"name":"EF/740_S1_power1/740_S1_power1_00004"},{"time":1.0666,"name":"EF/740_S1_power1/740_S1_power1_00006"},{"time":1.1333,"name":"EF/740_S1_power1/740_S1_power1_00008"},{"time":1.2,"name":"EF/740_S1_power1/740_S1_power1_00011"},{"time":1.2666,"name":"EF/740_S1_power1/740_S1_power1_00013"},{"time":1.3333,"name":"EF/740_S1_power1/740_S1_power1_00004"},{"time":1.4,"name":"EF/740_S1_power1/740_S1_power1_00006"},{"time":1.4333,"name":"EF/740_S1_power1/740_S1_power1_00008"},{"time":1.4666,"name":"EF/740_S1_power1/740_S1_power1_00011"},{"time":1.5,"name":"EF/740_S1_power1/740_S1_power1_00013"},{"time":1.5333,"name":"EF/740_S1_power1/740_S1_power1_00004"},{"time":1.5666,"name":"EF/740_S1_power1/740_S1_power1_00006"},{"time":1.6,"name":"EF/740_S1_power1/740_S1_power1_00008"},{"time":1.6333,"name":"EF/740_S1_power1/740_S1_power1_00011"},{"time":1.6666,"name":"EF/740_S1_power1/740_S1_power1_00013"},{"time":1.7,"name":"EF/740_S1_power1/740_S1_power1_00004"},{"time":1.7333,"name":"EF/740_S1_power1/740_S1_power1_00006"},{"time":1.7666,"name":"EF/740_S1_power1/740_S1_power1_00008"},{"time":1.8,"name":"EF/740_S1_power1/740_S1_power1_00004"},{"time":1.8333,"name":"EF/740_S1_power1/740_S1_power1_00006"},{"time":1.8666,"name":"EF/740_S1_power1/740_S1_power1_00008"}],"color":[{"time":0,"color":"ffffff00"},{"time":1.2666,"color":"ffffffff","curve":"stepped"},{"time":1.6666,"color":"ffffffff"},{"time":1.9333,"color":"ffffff00"}]},"EF/740_S1_power2/740_S1_power2_00000":{"attachment":[{"time":1.9333,"name":"EF/740_S1_power2/740_S1_power2_00002"},{"time":1.9666,"name":"EF/740_S1_power2/740_S1_power2_00002"},{"time":2,"name":"EF/740_S1_power2/740_S1_power2_00004"},{"time":2.0333,"name":"EF/740_S1_power2/740_S1_power2_00006"},{"time":2.0666,"name":"EF/740_S1_power2/740_S1_power2_00008"}],"color":[{"time":0,"color":"ffffff00"},{"time":2.0666,"color":"ffffffff"},{"time":2.1333,"color":"ffffff00"}]},"EF/740_S1_slash2/740_S1_slash2_00000":{"attachment":[{"time":0.5666,"name":null}]},"EF/740_S2_ex1/740_S2_ex1_00000":{"attachment":[{"time":0.5666,"name":null},{"time":2.5333,"name":"EF/740_S2_ex1/740_S2_ex1_00002"},{"time":2.5666,"name":"EF/740_S2_ex1/740_S2_ex1_00004"},{"time":2.6,"name":"EF/740_S2_ex1/740_S2_ex1_00006"},{"time":2.6333,"name":"EF/740_S2_ex1/740_S2_ex1_00002"},{"time":2.6666,"name":"EF/740_S2_ex1/740_S2_ex1_00004"},{"time":2.7,"name":"EF/740_S2_ex1/740_S2_ex1_00006"},{"time":2.7333,"name":"EF/740_S2_ex1/740_S2_ex1_00002"},{"time":2.7666,"name":"EF/740_S2_ex1/740_S2_ex1_00004"},{"time":2.8,"name":"EF/740_S2_ex1/740_S2_ex1_00006"},{"time":2.8333,"name":"EF/740_S2_ex1/740_S2_ex1_00008"},{"time":2.8666,"name":"EF/740_S2_ex1/740_S2_ex1_00010"},{"time":2.9,"name":"EF/740_S2_ex1/740_S2_ex1_00012"},{"time":2.9333,"name":"EF/740_S2_ex1/740_S2_ex1_00014"},{"time":2.9666,"name":"EF/740_S2_ex1/740_S2_ex1_00015"},{"time":3,"name":null}]},"EF/740_S2_ex1/740_S2_ex1_0":{"attachment":[{"time":2.5666,"name":"EF/740_S2_ex1/740_S2_ex1_00006"},{"time":2.6,"name":"EF/740_S2_ex1/740_S2_ex1_00004"},{"time":2.6333,"name":"EF/740_S2_ex1/740_S2_ex1_00002"},{"time":2.6666,"name":"EF/740_S2_ex1/740_S2_ex1_00006"},{"time":2.7,"name":"EF/740_S2_ex1/740_S2_ex1_00004"},{"time":2.7333,"name":"EF/740_S2_ex1/740_S2_ex1_00006"},{"time":2.7666,"name":"EF/740_S2_ex1/740_S2_ex1_00008"},{"time":2.8,"name":"EF/740_S2_ex1/740_S2_ex1_00010"},{"time":2.8333,"name":"EF/740_S2_ex1/740_S2_ex1_00012"},{"time":2.8666,"name":"EF/740_S2_ex1/740_S2_ex1_00014"},{"time":2.9,"name":"EF/740_S2_ex1/740_S2_ex1_00015"},{"time":2.9333,"name":null}]},"EF/740_S2_ex1/740_S2_ex1_1":{"attachment":[{"time":2.6,"name":"EF/740_S2_ex1/740_S2_ex1_00002"},{"time":2.6333,"name":"EF/740_S2_ex1/740_S2_ex1_00004"},{"time":2.6666,"name":"EF/740_S2_ex1/740_S2_ex1_00006"},{"time":2.7,"name":"EF/740_S2_ex1/740_S2_ex1_00002"},{"time":2.7333,"name":"EF/740_S2_ex1/740_S2_ex1_00004"},{"time":2.7666,"name":"EF/740_S2_ex1/740_S2_ex1_00006"},{"time":2.8,"name":"EF/740_S2_ex1/740_S2_ex1_00008"},{"time":2.8333,"name":"EF/740_S2_ex1/740_S2_ex1_00010"},{"time":2.8666,"name":"EF/740_S2_ex1/740_S2_ex1_00012"},{"time":2.9,"name":"EF/740_S2_ex1/740_S2_ex1_00014"},{"time":2.9333,"name":"EF/740_S2_ex1/740_S2_ex1_00015"},{"time":2.9666,"name":null}]},"EF/740_S2_slash1/740_S2_slash1_00001":{"attachment":[{"time":0.5666,"name":null},{"time":2.5333,"name":"EF/740_S2_slash1/740_S2_slash1_00001"},{"time":2.7333,"name":null}]},"EF/740_S2_slash2/740_S2_slash2_00001":{"attachment":[{"time":2.6333,"name":"EF/740_S2_slash2/740_S2_slash2_00001"},{"time":2.8333,"name":null}]},"EF/740_S2_slash3/740_S2_slash3_00001":{"attachment":[{"time":2.7333,"name":"EF/740_S2_slash3/740_S2_slash3_00001"},{"time":2.9333,"name":null}]}},"bones":{"EF/740_S2_ex1":{"translate":[{"time":2.5333,"x":-1186.99,"y":-194.66}],"scale":[{"time":2.5333,"x":1.656,"y":1.656,"curve":"stepped"},{"time":2.8,"x":1.656,"y":1.656},{"time":3.0666,"x":2.166,"y":2.166}]},"EF/740_S2_slash1":{"translate":[{"time":2.5333,"x":-980.69,"y":87.27,"curve":[0.182,0.53,0.875,1]},{"time":2.7333,"x":-1833.68,"y":92.04}],"scale":[{"time":2.5333,"x":1.301,"y":1.412}]},"EF/740_S1_power1":{"translate":[{"time":0,"x":-724.19,"y":-284.69}],"scale":[{"time":0,"x":2.503,"y":2.503,"curve":"stepped"},{"time":1.9333,"x":2.503,"y":2.503}]},"EF/740_S1_power2":{"translate":[{"time":0,"x":-857.94,"y":-268.63,"curve":"stepped"},{"time":1.9333,"x":-857.94,"y":-268.63}],"scale":[{"time":0,"x":2.9,"y":2.9},{"time":1.9333,"x":2.17,"y":2.17,"curve":"stepped"},{"time":2.0666,"x":2.17,"y":2.17},{"time":2.1333,"x":2.9,"y":2.9}]},"EF/740_S2_slash2":{"translate":[{"time":2.6333,"x":-1132.94,"y":94.25,"curve":[0.182,0.53,0.875,1]},{"time":2.8333,"x":-1993.47,"y":94.96}],"scale":[{"time":2.6333,"x":2.101,"y":2.101}]},"EF/740_S2_slash3":{"translate":[{"time":2.7333,"x":-1124.41,"y":127.15,"curve":[0.182,0.53,0.875,1]},{"time":2.9333,"x":-2079.47,"y":121.22}],"scale":[{"time":2.7333,"x":2.293,"y":3.21}]},"EF/740_S2_ex2":{"translate":[{"time":2.5666,"x":-1291.95,"y":-194.66}],"scale":[{"time":2.5666,"x":2.205,"y":2.205,"curve":"stepped"},{"time":2.6666,"x":2.205,"y":2.205,"curve":[0.25,0,0.75,1]},{"time":2.9333,"x":2.5,"y":2.5}]},"EF/740_S2_ex3":{"translate":[{"time":2.6,"x":-1401.71,"y":-194.66}],"scale":[{"time":2.6,"x":2.203,"y":2.203,"curve":"stepped"},{"time":2.7666,"x":2.203,"y":2.203,"curve":[0.25,0,0.75,1]},{"time":2.9333,"x":3,"y":3}]},"EF/690_S2_rock1":{"translate":[{"time":2.5666,"x":-914.8,"y":-505.03,"curve":[0.245,0.6,0.945,1]},{"time":2.6333,"x":-959.17,"y":-413.68,"curve":[0.22,0,0.808,0.58]},{"time":2.6666,"x":-1016.59,"y":-439.78,"curve":"stepped"},{"time":2.7333,"x":-980.05,"y":-520.69,"curve":[0.245,0.6,0.945,1]},{"time":2.8,"x":-959.17,"y":-413.68,"curve":[0.22,0,0.808,0.58]},{"time":2.8333,"x":-1016.59,"y":-431.95}],"scale":[{"time":2.5666,"x":1.269,"y":1.269,"curve":[0.245,0.6,0.75,1]},{"time":2.6666,"x":2.318,"y":2.318,"curve":"stepped"},{"time":2.7333,"x":1.269,"y":1.269,"curve":[0.245,0.6,0.75,1]},{"time":2.8333,"x":2.182,"y":2.182}]},"EF/690_S2_rock2":{"translate":[{"time":2.6333,"x":-1114.47,"y":-505.03,"curve":[0.245,0.6,0.945,1]},{"time":2.7333,"x":-1140.57,"y":-413.68,"curve":[0.22,0,0.808,0.58]},{"time":2.7666,"x":-1132.74,"y":-439.78}],"scale":[{"time":2.6333,"x":1.269,"y":1.269,"curve":[0.245,0.6,0.75,1]},{"time":2.7666,"x":2.318,"y":2.318}]},"MAIN":{"translate":[{"time":2.5333,"x":54.89,"y":0}]}}},"1-skill2":{"slots":{"EF/1070_S2_dome1/1070_S2_dome1_00002":{"attachment":[{"time":2.3666,"name":"EF/1070_S2_dome1/1070_S2_dome1_00002"},{"time":2.4666,"name":"EF/1070_S2_dome1/1070_S2_dome1_00003"},{"time":2.5666,"name":"EF/1070_S2_dome1/1070_S2_dome1_00004"},{"time":2.6666,"name":"EF/1070_S2_dome1/1070_S2_dome1_00005"},{"time":2.7666,"name":"EF/1070_S2_dome1/1070_S2_dome1_00006"},{"time":2.8666,"name":"EF/1070_S2_dome1/1070_S2_dome1_00008"},{"time":2.9666,"name":"EF/1070_S2_dome1/1070_S2_dome1_00010"},{"time":3.0666,"name":"EF/1070_S2_dome1/1070_S2_dome1_00012"},{"time":3.1666,"name":"EF/1070_S2_dome1/1070_S2_dome1_00013"}],"color":[{"time":2.9666,"color":"ffffffff"},{"time":3.2666,"color":"ffffff00"}]},"EF/1070_S2_dome1/1070_S2_dome1_2":{"attachment":[{"time":2.7666,"name":"EF/1070_S2_dome1/1070_S2_dome1_00002"},{"time":2.8666,"name":"EF/1070_S2_dome1/1070_S2_dome1_00003"},{"time":2.9666,"name":"EF/1070_S2_dome1/1070_S2_dome1_00004"},{"time":3.0666,"name":"EF/1070_S2_dome1/1070_S2_dome1_00005"},{"time":3.1666,"name":"EF/1070_S2_dome1/1070_S2_dome1_00006"},{"time":3.2666,"name":"EF/1070_S2_dome1/1070_S2_dome1_00008"},{"time":3.3666,"name":"EF/1070_S2_dome1/1070_S2_dome1_00010"},{"time":3.4666,"name":"EF/1070_S2_dome1/1070_S2_dome1_00012"},{"time":3.5666,"name":"EF/1070_S2_dome1/1070_S2_dome1_00013"}],"color":[{"time":3.3666,"color":"ffffffff"},{"time":3.5666,"color":"ffffff00"}]},"EF/1070_S2_wave1/1070_S2_wave1_00003":{"attachment":[{"time":2.4,"name":"EF/1070_S2_wave1/1070_S2_wave1_00003"},{"time":2.4333,"name":"EF/1070_S2_wave1/1070_S2_wave1_00005"},{"time":2.4666,"name":"EF/1070_S2_wave1/1070_S2_wave1_00007"},{"time":2.5,"name":"EF/1070_S2_wave1/1070_S2_wave1_00009"},{"time":2.8666,"name":"EF/1070_S2_wave1/1070_S2_wave1_00003"},{"time":2.9,"name":"EF/1070_S2_wave1/1070_S2_wave1_00005"},{"time":2.9333,"name":"EF/1070_S2_wave1/1070_S2_wave1_00007"},{"time":2.9666,"name":"EF/1070_S2_wave1/1070_S2_wave1_00009"}],"color":[{"time":2.4,"color":"ffffffff","curve":"stepped"},{"time":2.5,"color":"ffffffff"},{"time":2.6,"color":"ffffff00","curve":"stepped"},{"time":2.8666,"color":"ffffffff","curve":"stepped"},{"time":2.9666,"color":"ffffffff"},{"time":3.0666,"color":"ffffff00"}]},"EF/690_S2_rock1/690_S2_rock1_2":{"attachment":[{"time":2.5,"name":null}]},"EF/690_S2_rock1/690_S2_rock1_00002":{"attachment":[{"time":2.5,"name":null}]},"EF/690_S2_rock2/690_S2_rock2_00005":{"attachment":[{"time":2.4333,"name":"EF/690_S2_rock2/690_S2_rock2_00005"}]},"EF/690_S2_rock2/690_S2_rock2_5":{"attachment":[{"time":2.5,"name":"EF/690_S2_rock2/690_S2_rock2_00005"}]},"EF/740_S1_dash1/740_S1_dash1_00000":{"attachment":[{"time":2.3,"name":null}]},"EF/740_S1_fire1/740_S1_fire1_00000":{"attachment":[{"time":0.5666,"name":null}]},"EF/740_S1_power1/740_S1_power1_00004":{"attachment":[{"time":0,"name":"EF/740_S1_power1/740_S1_power1_00004"},{"time":0.0666,"name":"EF/740_S1_power1/740_S1_power1_00006"},{"time":0.1333,"name":"EF/740_S1_power1/740_S1_power1_00008"},{"time":0.2,"name":"EF/740_S1_power1/740_S1_power1_00011"},{"time":0.2666,"name":"EF/740_S1_power1/740_S1_power1_00013"},{"time":0.3333,"name":"EF/740_S1_power1/740_S1_power1_00004"},{"time":0.4,"name":"EF/740_S1_power1/740_S1_power1_00006"},{"time":0.4666,"name":"EF/740_S1_power1/740_S1_power1_00008"},{"time":0.5333,"name":"EF/740_S1_power1/740_S1_power1_00011"},{"time":0.6,"name":"EF/740_S1_power1/740_S1_power1_00013"},{"time":0.6666,"name":"EF/740_S1_power1/740_S1_power1_00004"},{"time":0.7333,"name":"EF/740_S1_power1/740_S1_power1_00006"},{"time":0.8,"name":"EF/740_S1_power1/740_S1_power1_00008"},{"time":0.8666,"name":"EF/740_S1_power1/740_S1_power1_00011"},{"time":0.9333,"name":"EF/740_S1_power1/740_S1_power1_00013"},{"time":1,"name":"EF/740_S1_power1/740_S1_power1_00004"},{"time":1.0666,"name":"EF/740_S1_power1/740_S1_power1_00006"},{"time":1.1333,"name":"EF/740_S1_power1/740_S1_power1_00008"},{"time":1.2,"name":"EF/740_S1_power1/740_S1_power1_00011"},{"time":1.2666,"name":"EF/740_S1_power1/740_S1_power1_00013"},{"time":1.3333,"name":"EF/740_S1_power1/740_S1_power1_00004"},{"time":1.4,"name":"EF/740_S1_power1/740_S1_power1_00006"},{"time":1.4333,"name":"EF/740_S1_power1/740_S1_power1_00008"},{"time":1.4666,"name":"EF/740_S1_power1/740_S1_power1_00011"},{"time":1.5,"name":"EF/740_S1_power1/740_S1_power1_00013"},{"time":1.5333,"name":"EF/740_S1_power1/740_S1_power1_00004"},{"time":1.5666,"name":"EF/740_S1_power1/740_S1_power1_00006"},{"time":1.6,"name":"EF/740_S1_power1/740_S1_power1_00008"},{"time":1.6333,"name":"EF/740_S1_power1/740_S1_power1_00011"},{"time":1.6666,"name":"EF/740_S1_power1/740_S1_power1_00013"},{"time":1.7,"name":"EF/740_S1_power1/740_S1_power1_00004"},{"time":1.7333,"name":"EF/740_S1_power1/740_S1_power1_00006"},{"time":1.7666,"name":"EF/740_S1_power1/740_S1_power1_00008"},{"time":1.8,"name":"EF/740_S1_power1/740_S1_power1_00011"},{"time":1.8333,"name":"EF/740_S1_power1/740_S1_power1_00013"},{"time":1.8666,"name":"EF/740_S1_power1/740_S1_power1_00004"},{"time":1.9,"name":"EF/740_S1_power1/740_S1_power1_00006"},{"time":1.9333,"name":"EF/740_S1_power1/740_S1_power1_00008"},{"time":1.9666,"name":"EF/740_S1_power1/740_S1_power1_00011"},{"time":2,"name":"EF/740_S1_power1/740_S1_power1_00013"}],"color":[{"time":0,"color":"ffffff51"},{"time":1.2666,"color":"ffffffff","curve":"stepped"},{"time":1.8333,"color":"ffffffff"},{"time":2.1,"color":"ffffff00"}]},"EF/740_S1_power2/740_S1_power2_00000":{"attachment":[{"time":2,"name":"EF/740_S1_power2/740_S1_power2_00000"},{"time":2.0333,"name":"EF/740_S1_power2/740_S1_power2_00002"},{"time":2.0666,"name":"EF/740_S1_power2/740_S1_power2_00004"},{"time":2.1,"name":"EF/740_S1_power2/740_S1_power2_00006"},{"time":2.1333,"name":"EF/740_S1_power2/740_S1_power2_00008"}],"color":[{"time":2.1333,"color":"ffffffff"},{"time":2.2333,"color":"ffffff00"}]},"EF/740_S1_slash2/740_S1_slash2_00000":{"attachment":[{"time":0.5666,"name":null}]},"EF/740_S2_ex1/740_S2_ex1_00000":{"attachment":[{"time":2.3,"name":"EF/740_S2_ex1/740_S2_ex1_00000"},{"time":2.3333,"name":"EF/740_S2_ex1/740_S2_ex1_00002"},{"time":2.3666,"name":"EF/740_S2_ex1/740_S2_ex1_00004"},{"time":2.4,"name":"EF/740_S2_ex1/740_S2_ex1_00006"},{"time":2.4333,"name":"EF/740_S2_ex1/740_S2_ex1_00008"},{"time":2.4666,"name":"EF/740_S2_ex1/740_S2_ex1_00010"},{"time":2.5,"name":"EF/740_S2_ex1/740_S2_ex1_00012"},{"time":2.5333,"name":"EF/740_S2_ex1/740_S2_ex1_00014"},{"time":2.5666,"name":"EF/740_S2_ex1/740_S2_ex1_00015"},{"time":2.6,"name":null}]},"EF/740_S2_slash1/740_S2_slash1_00001":{"attachment":[{"time":0.5666,"name":null}]},"EF/9020_wind2/9020_wind2_00023":{"attachment":[{"time":2.4333,"name":"EF/9020_wind2/9020_wind2_00023"},{"time":2.5,"name":"EF/9020_wind2/9020_wind2_00024"},{"time":2.5666,"name":"EF/9020_wind2/9020_wind2_00025"},{"time":2.6333,"name":"EF/9020_wind2/9020_wind2_00023"},{"time":2.7,"name":"EF/9020_wind2/9020_wind2_00024"},{"time":2.7666,"name":"EF/9020_wind2/9020_wind2_00025"},{"time":2.8333,"name":"EF/9020_wind2/9020_wind2_00023"},{"time":2.9,"name":"EF/9020_wind2/9020_wind2_00024"},{"time":2.9666,"name":"EF/9020_wind2/9020_wind2_00025"},{"time":3.0333,"name":"EF/9020_wind2/9020_wind2_00023"},{"time":3.1,"name":"EF/9020_wind2/9020_wind2_00024"},{"time":3.1666,"name":"EF/9020_wind2/9020_wind2_00025"},{"time":3.2333,"name":"EF/9020_wind2/9020_wind2_00023"},{"time":3.3,"name":"EF/9020_wind2/9020_wind2_00024"},{"time":3.3666,"name":"EF/9020_wind2/9020_wind2_00025"},{"time":3.4333,"name":"EF/9020_wind2/9020_wind2_00023"}],"color":[{"time":3.3,"color":"ffffffff"},{"time":3.5,"color":"ffffff00"}]},"EF/9020_wind4/9020_wind4_00005":{"attachment":[{"time":2.4333,"name":"EF/9020_wind4/9020_wind4_00005"}]},"EF/950_S2_dome2/950_S2_dome2_00003":{"attachment":[{"time":2.4333,"name":"EF/950_S2_dome2/950_S2_dome2_00003"},{"time":2.5333,"name":"EF/950_S2_dome2/950_S2_dome2_00004"},{"time":2.6333,"name":"EF/950_S2_dome2/950_S2_dome2_00005"},{"time":2.7333,"name":"EF/950_S2_dome2/950_S2_dome2_00006"},{"time":2.8333,"name":"EF/950_S2_dome2/950_S2_dome2_00003"},{"time":2.9333,"name":"EF/950_S2_dome2/950_S2_dome2_00004"},{"time":3.0333,"name":"EF/950_S2_dome2/950_S2_dome2_00005"},{"time":3.1333,"name":"EF/950_S2_dome2/950_S2_dome2_00006"},{"time":3.2333,"name":"EF/950_S2_dome2/950_S2_dome2_00007"},{"time":3.3333,"name":"EF/950_S2_dome2/950_S2_dome2_00010"},{"time":3.4333,"name":"EF/950_S2_dome2/950_S2_dome2_00012"},{"time":3.5333,"name":"EF/950_S2_dome2/950_S2_dome2_00013"}],"color":[{"time":3.1333,"color":"ffffffff"},{"time":3.6,"color":"ffffff00"}]}},"bones":{"EF/740_S2_ex1":{"translate":[{"time":2.3,"x":-1147.1,"y":-190.27}],"scale":[{"time":2.3,"x":2.501,"y":2.501}]},"EF/740_S1_power1":{"translate":[{"time":0,"x":-724.19,"y":-284.69}],"scale":[{"time":0,"x":1.003,"y":1.003,"curve":[0.321,0.02,0.859,0.1]},{"time":2.1,"x":2.503,"y":2.503}]},"EF/740_S1_power2":{"translate":[{"time":2,"x":-857.94,"y":-268.63}],"scale":[{"time":2,"x":2.17,"y":2.17,"curve":"stepped"},{"time":2.1333,"x":2.17,"y":2.17},{"time":2.2333,"x":3.893,"y":3.893}]},"EF/1070_S2_dome1/1070_S2_dome1_00002":{"translate":[{"time":2.3666,"x":-1254.89,"y":235.4},{"time":2.4333,"x":-1242.98,"y":269.84}],"scale":[{"time":2.3666,"x":2.92,"y":2.92},{"time":2.4333,"x":4.488,"y":4.488}]},"EF/950_S2_dome2/950_S2_dome2_00003":{"translate":[{"time":2.4333,"x":-1369.13,"y":383.79,"curve":"stepped"},{"time":2.8666,"x":-1369.13,"y":383.79},{"time":2.9666,"x":-1369.13,"y":400.88}],"scale":[{"time":2.4333,"x":2.87,"y":2.87,"curve":"stepped"},{"time":2.8666,"x":3.281,"y":3.281},{"time":2.9666,"x":3.482,"y":3.482}]},"EF/1070_S2_dome1/1070_S2_dome1_2":{"translate":[{"time":2.7666,"x":-1259.29,"y":201.89},{"time":2.9,"x":-1244.6,"y":310.37}],"scale":[{"time":2.7666,"x":1,"y":1},{"time":2.9,"x":5.26,"y":5.26}]},"EF/9020_wind4/9020_wind4_00005":{"translate":[{"time":2.4333,"x":-1429.23,"y":-1253.3},{"time":2.5333,"x":-1429.23,"y":2127.99,"curve":"stepped"},{"time":2.5666,"x":-1429.23,"y":-1253.3},{"time":2.6666,"x":-1429.23,"y":2127.99,"curve":"stepped"},{"time":2.7,"x":-1429.23,"y":-1253.3},{"time":2.8,"x":-1429.23,"y":2127.99,"curve":"stepped"},{"time":2.8333,"x":-1429.23,"y":-1253.3},{"time":2.9333,"x":-1429.23,"y":2127.99,"curve":"stepped"},{"time":2.9666,"x":-1429.23,"y":-1253.3},{"time":3.0666,"x":-1429.23,"y":2127.99,"curve":"stepped"},{"time":3.1,"x":-1429.23,"y":-1253.3},{"time":3.2,"x":-1429.23,"y":2127.99,"curve":"stepped"},{"time":3.2333,"x":-1429.23,"y":-1253.3},{"time":3.3333,"x":-1429.23,"y":2127.99,"curve":"stepped"},{"time":3.3666,"x":-1429.23,"y":-1253.3},{"time":3.4666,"x":-1429.23,"y":2127.99}],"scale":[{"time":2.4333,"x":123.239,"y":57.926}]},"EF/9020_wind2/9020_wind2_00023":{"translate":[{"time":2.4333,"x":-1340.66,"y":69.84}],"scale":[{"time":2.4333,"x":22.836,"y":22.836}]},"EF/690_S2_rock2/690_S2_rock2_00005":{"translate":[{"time":2.4333,"x":-1373.85,"y":-1797.72},{"time":2.5666,"x":-1373.85,"y":2260.06}],"scale":[{"time":2.4333,"x":7.804,"y":7.804}]},"EF/690_S2_rock2/690_S2_rock2_5":{"translate":[{"time":2.5,"x":-1343.02,"y":-1858.24},{"time":2.6333,"x":-1343.02,"y":2184.18}],"scale":[{"time":2.5,"x":-8.069,"y":8.068}]},"EF/1070_S2_wave1/1070_S2_wave1_00003":{"translate":[{"time":2.4,"x":-1453.46,"y":89.48}],"scale":[{"time":2.4,"x":3.48,"y":3.48},{"time":2.5,"x":4,"y":4},{"time":2.6,"x":5,"y":5,"curve":"stepped"},{"time":2.8666,"x":4.021,"y":4.021},{"time":2.9666,"x":4.231,"y":4.231},{"time":3.0666,"x":5.368,"y":5.368}]}}},"none":{}}}