{"skeleton":{"hash":"0hJpfQ4o7r3lFR2lOhD68CnozzY","spine":"3.0.12","width":0,"height":0,"images":"./images3/"},"bones":[{"name":"root"},{"name":"MAIN","parent":"root","y":68.32},{"name":"stone_root","parent":"MAIN","y":17.25},{"name":"stone6","parent":"stone_root","x":65.93,"y":11.31},{"name":"stone5","parent":"stone_root","x":33.98,"y":5.74},{"name":"stone4","parent":"stone_root","x":10.75,"y":-13.37},{"name":"stone3","parent":"stone_root","x":-17.31,"y":-19.42},{"name":"stone2","parent":"stone_root","x":-44.66,"y":-9.5},{"name":"stone1","parent":"stone_root","x":-75.62,"y":-1.99}],"slots":[{"name":"MAIN","bone":"MAIN","attachment":"idle_01"},{"name":"EF/stone/stone_1","bone":"stone1","attachment":"EF/stone/stone_1"},{"name":"EF/stone/stone_10","bone":"stone5","attachment":"EF/stone/stone_10"},{"name":"EF/stone/stone_11","bone":"stone6","attachment":"EF/stone/stone_11"},{"name":"EF/stone/stone_2","bone":"stone1","attachment":"EF/stone/stone_2"},{"name":"EF/stone/stone_3","bone":"stone2","attachment":"EF/stone/stone_3"},{"name":"EF/stone/stone_4","bone":"stone2","attachment":"EF/stone/stone_4"},{"name":"EF/stone/stone_5","bone":"stone3","attachment":"EF/stone/stone_5"},{"name":"EF/stone/stone_6","bone":"stone3","attachment":"EF/stone/stone_6"},{"name":"EF/stone/stone_7","bone":"stone4","attachment":"EF/stone/stone_7"},{"name":"EF/stone/stone_8","bone":"stone4","attachment":"EF/stone/stone_8"},{"name":"EF/stone/stone_9","bone":"stone5","attachment":"EF/stone/stone_9"}],"skins":{"default":{"EF/stone/stone_1":{"EF/stone/stone_1":{"x":75.62,"y":1.99,"width":280,"height":280}},"EF/stone/stone_10":{"EF/stone/stone_10":{"x":-33.98,"y":-5.74,"width":280,"height":280}},"EF/stone/stone_11":{"EF/stone/stone_11":{"x":-65.93,"y":-11.31,"width":280,"height":280}},"EF/stone/stone_2":{"EF/stone/stone_2":{"x":75.62,"y":1.99,"width":280,"height":280}},"EF/stone/stone_3":{"EF/stone/stone_3":{"x":44.66,"y":9.5,"width":280,"height":280}},"EF/stone/stone_4":{"EF/stone/stone_4":{"x":44.66,"y":9.5,"width":280,"height":280}},"EF/stone/stone_5":{"EF/stone/stone_5":{"x":17.31,"y":19.42,"width":280,"height":280}},"EF/stone/stone_6":{"EF/stone/stone_6":{"x":17.31,"y":19.42,"width":280,"height":280}},"EF/stone/stone_7":{"EF/stone/stone_7":{"x":-10.75,"y":13.37,"width":280,"height":280}},"EF/stone/stone_8":{"EF/stone/stone_8":{"x":-10.75,"y":13.37,"width":280,"height":280}},"EF/stone/stone_9":{"EF/stone/stone_9":{"x":-33.98,"y":-5.74,"width":280,"height":280}},"MAIN":{"idle_00":{"y":17.24,"width":511,"height":501},"idle_01":{"y":17.24,"width":511,"height":501},"idle_02":{"y":17.24,"width":511,"height":501},"idle_03":{"y":17.24,"width":511,"height":501},"idle_04":{"y":17.24,"width":511,"height":501}}}},"events":{"Event":{},"Hit":{},"Sound1":{},"Sound2":{},"Sound3":{},"Voice":{}},"animations":{"idle":{"slots":{"MAIN":{"attachment":[{"time":0,"name":"idle_00"},{"time":0.2333,"name":"idle_01"},{"time":0.4666,"name":"idle_02"},{"time":0.7,"name":"idle_03"},{"time":0.9333,"name":"idle_04"}]}},"bones":{"MAIN":{"translate":[{"time":0,"x":0,"y":0,"curve":[0.25,0,0.75,1]},{"time":0.4,"x":0,"y":-1.73,"curve":[0.25,0,0.75,1]},{"time":1.1666,"x":0,"y":0}]},"stone3":{"translate":[{"time":0,"x":0,"y":0,"curve":[0.25,0,0.75,1]},{"time":0.4,"x":0,"y":1.98,"curve":[0.248,0,0.627,0.51]},{"time":0.8,"x":0,"y":0.32,"curve":[0.376,0.51,0.748,1]},{"time":1.1666,"x":0,"y":0}]},"stone2":{"translate":[{"time":0,"x":0,"y":0,"curve":[0.25,0,0.75,1]},{"time":0.4,"x":0,"y":0.43,"curve":[0.25,0,0.623,0.48]},{"time":0.7666,"x":0,"y":-0.98,"curve":[0.372,0.48,0.751,1]},{"time":1.1666,"x":0,"y":0}]},"stone1":{"translate":[{"time":0,"x":0,"y":0,"curve":[0.25,0,0.75,1]},{"time":0.3666,"x":0,"y":-2.15,"curve":[0.25,0,0.75,1]},{"time":0.7333,"x":0,"y":-1.38,"curve":[0.25,0,0.75,1]},{"time":1.1666,"x":0,"y":0}]},"stone4":{"translate":[{"time":0,"x":0,"y":0,"curve":[0.25,0,0.75,1]},{"time":0.3666,"x":0,"y":0.52,"curve":[0.25,0,0.625,0.5]},{"time":0.7666,"x":0,"y":-0.76,"curve":[0.375,0.5,0.75,1]},{"time":1.1666,"x":0,"y":0}]},"stone5":{"translate":[{"time":0,"x":0,"y":0,"curve":[0.25,0,0.75,1]},{"time":0.3,"x":0,"y":-1.53,"curve":[0.25,0,0.75,1]},{"time":0.7333,"x":0,"y":-0.62,"curve":[0.25,0,0.75,1]},{"time":1.1666,"x":0,"y":0}]},"stone6":{"translate":[{"time":0,"x":0,"y":0,"curve":[0.25,0,0.75,1]},{"time":0.4,"x":0,"y":1.38,"curve":[0.25,0,0.75,1]},{"time":0.8333,"x":0,"y":-1.44,"curve":[0.25,0,0.75,1]},{"time":1.1666,"x":0,"y":0}]}}}}}