{"skeleton":{"hash":"mwOiLdTzr3D+7ObQcXOabDFM26o","spine":"3.0.12","width":1024,"height":931},"bones":[{"name":"root"},{"name":"MAIN","parent":"root"}],"slots":[{"name":"00","bone":"MAIN","attachment":"00"},{"name":"01","bone":"MAIN","attachment":"01"},{"name":"02","bone":"MAIN","attachment":"02"},{"name":"03","bone":"MAIN","attachment":"03"},{"name":"04","bone":"MAIN","attachment":"04"},{"name":"05","bone":"MAIN","attachment":"05"},{"name":"06","bone":"MAIN","attachment":"06"},{"name":"07","bone":"MAIN","attachment":"07"},{"name":"08","bone":"MAIN","attachment":"08"},{"name":"09","bone":"MAIN","attachment":"09"},{"name":"10","bone":"MAIN","attachment":"10"},{"name":"11","bone":"MAIN","attachment":"11"},{"name":"12","bone":"MAIN","attachment":"12"},{"name":"13","bone":"MAIN","attachment":"13"},{"name":"14","bone":"MAIN","attachment":"14"},{"name":"15","bone":"MAIN","attachment":"15"},{"name":"16","bone":"MAIN","attachment":"16"},{"name":"17","bone":"MAIN","attachment":"17"},{"name":"18","bone":"MAIN","attachment":"18"},{"name":"19","bone":"MAIN","attachment":"19"},{"name":"20","bone":"MAIN","attachment":"20"},{"name":"21","bone":"MAIN","attachment":"21"},{"name":"22","bone":"MAIN","attachment":"22"},{"name":"23","bone":"MAIN","attachment":"23"},{"name":"face_100","bone":"MAIN","attachment":"face_100"}],"skins":{"default":{"00":{"00":{"x":480,"y":74,"width":64,"height":154}},"01":{"01":{"x":-480,"y":77,"width":64,"height":160}},"02":{"02":{"x":384,"y":125,"width":128,"height":256}},"03":{"03":{"x":-384,"y":125,"width":128,"height":256}},"04":{"04":{"x":341.5,"y":305,"width":43,"height":104}},"05":{"05":{"x":-332.5,"y":304,"width":25,"height":102}},"06":{"06":{"x":461.5,"y":418,"width":101,"height":54}},"07":{"07":{"x":-488,"y":430.5,"width":48,"height":29}},"08":{"08":{"x":416,"y":467.5,"width":192,"height":45}},"09":{"09":{"y":253,"width":640,"height":512}},"10":{"10":{"x":-416,"y":474,"width":192,"height":58}},"11":{"11":{"y":541,"width":128,"height":64}},"12":{"12":{"x":-193.5,"y":555,"width":3,"height":36}},"13":{"13":{"x":194,"y":573,"width":4,"height":40}},"14":{"14":{"x":128,"y":573,"width":128,"height":128}},"15":{"15":{"x":-128,"y":573,"width":128,"height":128}},"16":{"16":{"x":111,"y":669,"width":94,"height":64}},"17":{"17":{"x":32,"y":733,"width":192,"height":64}},"18":{"18":{"x":-128,"y":701,"width":128,"height":128}},"19":{"19":{"x":156.5,"y":765,"width":57,"height":128}},"20":{"20":{"x":-160,"y":797,"width":64,"height":64}},"21":{"21":{"x":-203,"y":737.5,"width":22,"height":103}},"22":{"22":{"x":-147.5,"y":849.5,"width":39,"height":41}},"23":{"23":{"x":26,"y":878.5,"width":308,"height":99}},"face_100":{"face_100":{"y":637,"width":128,"height":128},"face_110":{"y":637,"width":128,"height":128},"face_120":{"y":637,"width":128,"height":128},"face_130":{"y":637,"width":128,"height":128},"face_140":{"y":637,"width":128,"height":128},"face_150":{"y":637,"width":128,"height":128},"face_160":{"y":637,"width":128,"height":128},"face_170":{"y":637,"width":128,"height":128},"face_180":{"y":637,"width":128,"height":128},"face_190":{"y":637,"width":128,"height":128}}}},"animations":{"100":{"slots":{"00":{"attachment":[{"time":0,"name":"00"}]},"01":{"attachment":[{"time":0,"name":"01"}]},"02":{"attachment":[{"time":0,"name":"02"}]},"03":{"attachment":[{"time":0,"name":"03"}]},"04":{"attachment":[{"time":0,"name":"04"}]},"05":{"attachment":[{"time":0,"name":"05"}]},"06":{"attachment":[{"time":0,"name":"06"}]},"07":{"attachment":[{"time":0,"name":"07"}]},"08":{"attachment":[{"time":0,"name":"08"}]},"09":{"attachment":[{"time":0,"name":"09"}]},"10":{"attachment":[{"time":0,"name":"10"}]},"11":{"attachment":[{"time":0,"name":"11"}]},"12":{"attachment":[{"time":0,"name":"12"}]},"13":{"attachment":[{"time":0,"name":"13"}]},"14":{"attachment":[{"time":0,"name":"14"}]},"15":{"attachment":[{"time":0,"name":"15"}]},"16":{"attachment":[{"time":0,"name":"16"}]},"17":{"attachment":[{"time":0,"name":"17"}]},"18":{"attachment":[{"time":0,"name":"18"}]},"19":{"attachment":[{"time":0,"name":"19"}]},"20":{"attachment":[{"time":0,"name":"20"}]},"21":{"attachment":[{"time":0,"name":"21"}]},"22":{"attachment":[{"time":0,"name":"22"}]},"23":{"attachment":[{"time":0,"name":"23"}]},"face_100":{"attachment":[{"time":0,"name":"face_100"}]}}},"110":{"slots":{"00":{"attachment":[{"time":0,"name":"00"}]},"01":{"attachment":[{"time":0,"name":"01"}]},"02":{"attachment":[{"time":0,"name":"02"}]},"03":{"attachment":[{"time":0,"name":"03"}]},"04":{"attachment":[{"time":0,"name":"04"}]},"05":{"attachment":[{"time":0,"name":"05"}]},"06":{"attachment":[{"time":0,"name":"06"}]},"07":{"attachment":[{"time":0,"name":"07"}]},"08":{"attachment":[{"time":0,"name":"08"}]},"09":{"attachment":[{"time":0,"name":"09"}]},"10":{"attachment":[{"time":0,"name":"10"}]},"11":{"attachment":[{"time":0,"name":"11"}]},"12":{"attachment":[{"time":0,"name":"12"}]},"13":{"attachment":[{"time":0,"name":"13"}]},"14":{"attachment":[{"time":0,"name":"14"}]},"15":{"attachment":[{"time":0,"name":"15"}]},"16":{"attachment":[{"time":0,"name":"16"}]},"17":{"attachment":[{"time":0,"name":"17"}]},"18":{"attachment":[{"time":0,"name":"18"}]},"19":{"attachment":[{"time":0,"name":"19"}]},"20":{"attachment":[{"time":0,"name":"20"}]},"21":{"attachment":[{"time":0,"name":"21"}]},"22":{"attachment":[{"time":0,"name":"22"}]},"23":{"attachment":[{"time":0,"name":"23"}]},"face_100":{"attachment":[{"time":0,"name":"face_110"}]}}},"120":{"slots":{"00":{"attachment":[{"time":0,"name":"00"}]},"01":{"attachment":[{"time":0,"name":"01"}]},"02":{"attachment":[{"time":0,"name":"02"}]},"03":{"attachment":[{"time":0,"name":"03"}]},"04":{"attachment":[{"time":0,"name":"04"}]},"05":{"attachment":[{"time":0,"name":"05"}]},"06":{"attachment":[{"time":0,"name":"06"}]},"07":{"attachment":[{"time":0,"name":"07"}]},"08":{"attachment":[{"time":0,"name":"08"}]},"09":{"attachment":[{"time":0,"name":"09"}]},"10":{"attachment":[{"time":0,"name":"10"}]},"11":{"attachment":[{"time":0,"name":"11"}]},"12":{"attachment":[{"time":0,"name":"12"}]},"13":{"attachment":[{"time":0,"name":"13"}]},"14":{"attachment":[{"time":0,"name":"14"}]},"15":{"attachment":[{"time":0,"name":"15"}]},"16":{"attachment":[{"time":0,"name":"16"}]},"17":{"attachment":[{"time":0,"name":"17"}]},"18":{"attachment":[{"time":0,"name":"18"}]},"19":{"attachment":[{"time":0,"name":"19"}]},"20":{"attachment":[{"time":0,"name":"20"}]},"21":{"attachment":[{"time":0,"name":"21"}]},"22":{"attachment":[{"time":0,"name":"22"}]},"23":{"attachment":[{"time":0,"name":"23"}]},"face_100":{"attachment":[{"time":0,"name":"face_120"}]}}},"130":{"slots":{"00":{"attachment":[{"time":0,"name":"00"}]},"01":{"attachment":[{"time":0,"name":"01"}]},"02":{"attachment":[{"time":0,"name":"02"}]},"03":{"attachment":[{"time":0,"name":"03"}]},"04":{"attachment":[{"time":0,"name":"04"}]},"05":{"attachment":[{"time":0,"name":"05"}]},"06":{"attachment":[{"time":0,"name":"06"}]},"07":{"attachment":[{"time":0,"name":"07"}]},"08":{"attachment":[{"time":0,"name":"08"}]},"09":{"attachment":[{"time":0,"name":"09"}]},"10":{"attachment":[{"time":0,"name":"10"}]},"11":{"attachment":[{"time":0,"name":"11"}]},"12":{"attachment":[{"time":0,"name":"12"}]},"13":{"attachment":[{"time":0,"name":"13"}]},"14":{"attachment":[{"time":0,"name":"14"}]},"15":{"attachment":[{"time":0,"name":"15"}]},"16":{"attachment":[{"time":0,"name":"16"}]},"17":{"attachment":[{"time":0,"name":"17"}]},"18":{"attachment":[{"time":0,"name":"18"}]},"19":{"attachment":[{"time":0,"name":"19"}]},"20":{"attachment":[{"time":0,"name":"20"}]},"21":{"attachment":[{"time":0,"name":"21"}]},"22":{"attachment":[{"time":0,"name":"22"}]},"23":{"attachment":[{"time":0,"name":"23"}]},"face_100":{"attachment":[{"time":0,"name":"face_130"}]}}},"140":{"slots":{"00":{"attachment":[{"time":0,"name":"00"}]},"01":{"attachment":[{"time":0,"name":"01"}]},"02":{"attachment":[{"time":0,"name":"02"}]},"03":{"attachment":[{"time":0,"name":"03"}]},"04":{"attachment":[{"time":0,"name":"04"}]},"05":{"attachment":[{"time":0,"name":"05"}]},"06":{"attachment":[{"time":0,"name":"06"}]},"07":{"attachment":[{"time":0,"name":"07"}]},"08":{"attachment":[{"time":0,"name":"08"}]},"09":{"attachment":[{"time":0,"name":"09"}]},"10":{"attachment":[{"time":0,"name":"10"}]},"11":{"attachment":[{"time":0,"name":"11"}]},"12":{"attachment":[{"time":0,"name":"12"}]},"13":{"attachment":[{"time":0,"name":"13"}]},"14":{"attachment":[{"time":0,"name":"14"}]},"15":{"attachment":[{"time":0,"name":"15"}]},"16":{"attachment":[{"time":0,"name":"16"}]},"17":{"attachment":[{"time":0,"name":"17"}]},"18":{"attachment":[{"time":0,"name":"18"}]},"19":{"attachment":[{"time":0,"name":"19"}]},"20":{"attachment":[{"time":0,"name":"20"}]},"21":{"attachment":[{"time":0,"name":"21"}]},"22":{"attachment":[{"time":0,"name":"22"}]},"23":{"attachment":[{"time":0,"name":"23"}]},"face_100":{"attachment":[{"time":0,"name":"face_140"}]}}},"150":{"slots":{"00":{"attachment":[{"time":0,"name":"00"}]},"01":{"attachment":[{"time":0,"name":"01"}]},"02":{"attachment":[{"time":0,"name":"02"}]},"03":{"attachment":[{"time":0,"name":"03"}]},"04":{"attachment":[{"time":0,"name":"04"}]},"05":{"attachment":[{"time":0,"name":"05"}]},"06":{"attachment":[{"time":0,"name":"06"}]},"07":{"attachment":[{"time":0,"name":"07"}]},"08":{"attachment":[{"time":0,"name":"08"}]},"09":{"attachment":[{"time":0,"name":"09"}]},"10":{"attachment":[{"time":0,"name":"10"}]},"11":{"attachment":[{"time":0,"name":"11"}]},"12":{"attachment":[{"time":0,"name":"12"}]},"13":{"attachment":[{"time":0,"name":"13"}]},"14":{"attachment":[{"time":0,"name":"14"}]},"15":{"attachment":[{"time":0,"name":"15"}]},"16":{"attachment":[{"time":0,"name":"16"}]},"17":{"attachment":[{"time":0,"name":"17"}]},"18":{"attachment":[{"time":0,"name":"18"}]},"19":{"attachment":[{"time":0,"name":"19"}]},"20":{"attachment":[{"time":0,"name":"20"}]},"21":{"attachment":[{"time":0,"name":"21"}]},"22":{"attachment":[{"time":0,"name":"22"}]},"23":{"attachment":[{"time":0,"name":"23"}]},"face_100":{"attachment":[{"time":0,"name":"face_150"}]}}},"160":{"slots":{"00":{"attachment":[{"time":0,"name":"00"}]},"01":{"attachment":[{"time":0,"name":"01"}]},"02":{"attachment":[{"time":0,"name":"02"}]},"03":{"attachment":[{"time":0,"name":"03"}]},"04":{"attachment":[{"time":0,"name":"04"}]},"05":{"attachment":[{"time":0,"name":"05"}]},"06":{"attachment":[{"time":0,"name":"06"}]},"07":{"attachment":[{"time":0,"name":"07"}]},"08":{"attachment":[{"time":0,"name":"08"}]},"09":{"attachment":[{"time":0,"name":"09"}]},"10":{"attachment":[{"time":0,"name":"10"}]},"11":{"attachment":[{"time":0,"name":"11"}]},"12":{"attachment":[{"time":0,"name":"12"}]},"13":{"attachment":[{"time":0,"name":"13"}]},"14":{"attachment":[{"time":0,"name":"14"}]},"15":{"attachment":[{"time":0,"name":"15"}]},"16":{"attachment":[{"time":0,"name":"16"}]},"17":{"attachment":[{"time":0,"name":"17"}]},"18":{"attachment":[{"time":0,"name":"18"}]},"19":{"attachment":[{"time":0,"name":"19"}]},"20":{"attachment":[{"time":0,"name":"20"}]},"21":{"attachment":[{"time":0,"name":"21"}]},"22":{"attachment":[{"time":0,"name":"22"}]},"23":{"attachment":[{"time":0,"name":"23"}]},"face_100":{"attachment":[{"time":0,"name":"face_160"}]}}},"170":{"slots":{"00":{"attachment":[{"time":0,"name":"00"}]},"01":{"attachment":[{"time":0,"name":"01"}]},"02":{"attachment":[{"time":0,"name":"02"}]},"03":{"attachment":[{"time":0,"name":"03"}]},"04":{"attachment":[{"time":0,"name":"04"}]},"05":{"attachment":[{"time":0,"name":"05"}]},"06":{"attachment":[{"time":0,"name":"06"}]},"07":{"attachment":[{"time":0,"name":"07"}]},"08":{"attachment":[{"time":0,"name":"08"}]},"09":{"attachment":[{"time":0,"name":"09"}]},"10":{"attachment":[{"time":0,"name":"10"}]},"11":{"attachment":[{"time":0,"name":"11"}]},"12":{"attachment":[{"time":0,"name":"12"}]},"13":{"attachment":[{"time":0,"name":"13"}]},"14":{"attachment":[{"time":0,"name":"14"}]},"15":{"attachment":[{"time":0,"name":"15"}]},"16":{"attachment":[{"time":0,"name":"16"}]},"17":{"attachment":[{"time":0,"name":"17"}]},"18":{"attachment":[{"time":0,"name":"18"}]},"19":{"attachment":[{"time":0,"name":"19"}]},"20":{"attachment":[{"time":0,"name":"20"}]},"21":{"attachment":[{"time":0,"name":"21"}]},"22":{"attachment":[{"time":0,"name":"22"}]},"23":{"attachment":[{"time":0,"name":"23"}]},"face_100":{"attachment":[{"time":0,"name":"face_170"}]}}},"180":{"slots":{"00":{"attachment":[{"time":0,"name":"00"}]},"01":{"attachment":[{"time":0,"name":"01"}]},"02":{"attachment":[{"time":0,"name":"02"}]},"03":{"attachment":[{"time":0,"name":"03"}]},"04":{"attachment":[{"time":0,"name":"04"}]},"05":{"attachment":[{"time":0,"name":"05"}]},"06":{"attachment":[{"time":0,"name":"06"}]},"07":{"attachment":[{"time":0,"name":"07"}]},"08":{"attachment":[{"time":0,"name":"08"}]},"09":{"attachment":[{"time":0,"name":"09"}]},"10":{"attachment":[{"time":0,"name":"10"}]},"11":{"attachment":[{"time":0,"name":"11"}]},"12":{"attachment":[{"time":0,"name":"12"}]},"13":{"attachment":[{"time":0,"name":"13"}]},"14":{"attachment":[{"time":0,"name":"14"}]},"15":{"attachment":[{"time":0,"name":"15"}]},"16":{"attachment":[{"time":0,"name":"16"}]},"17":{"attachment":[{"time":0,"name":"17"}]},"18":{"attachment":[{"time":0,"name":"18"}]},"19":{"attachment":[{"time":0,"name":"19"}]},"20":{"attachment":[{"time":0,"name":"20"}]},"21":{"attachment":[{"time":0,"name":"21"}]},"22":{"attachment":[{"time":0,"name":"22"}]},"23":{"attachment":[{"time":0,"name":"23"}]},"face_100":{"attachment":[{"time":0,"name":"face_180"}]}}},"190":{"slots":{"00":{"attachment":[{"time":0,"name":"00"}]},"01":{"attachment":[{"time":0,"name":"01"}]},"02":{"attachment":[{"time":0,"name":"02"}]},"03":{"attachment":[{"time":0,"name":"03"}]},"04":{"attachment":[{"time":0,"name":"04"}]},"05":{"attachment":[{"time":0,"name":"05"}]},"06":{"attachment":[{"time":0,"name":"06"}]},"07":{"attachment":[{"time":0,"name":"07"}]},"08":{"attachment":[{"time":0,"name":"08"}]},"09":{"attachment":[{"time":0,"name":"09"}]},"10":{"attachment":[{"time":0,"name":"10"}]},"11":{"attachment":[{"time":0,"name":"11"}]},"12":{"attachment":[{"time":0,"name":"12"}]},"13":{"attachment":[{"time":0,"name":"13"}]},"14":{"attachment":[{"time":0,"name":"14"}]},"15":{"attachment":[{"time":0,"name":"15"}]},"16":{"attachment":[{"time":0,"name":"16"}]},"17":{"attachment":[{"time":0,"name":"17"}]},"18":{"attachment":[{"time":0,"name":"18"}]},"19":{"attachment":[{"time":0,"name":"19"}]},"20":{"attachment":[{"time":0,"name":"20"}]},"21":{"attachment":[{"time":0,"name":"21"}]},"22":{"attachment":[{"time":0,"name":"22"}]},"23":{"attachment":[{"time":0,"name":"23"}]},"face_100":{"attachment":[{"time":0,"name":"face_190"}]}}}}}