{"skeleton":{"hash":"jxh5ONVMNyBuUtzSMu3uPSYCFp8","spine":"3.0.12","width":0,"height":0},"bones":[{"name":"root","y":37.22,"rotation":0.52},{"name":"MAIN","parent":"root","y":14.77}],"slots":[{"name":"MAIN","bone":"MAIN"}],"skins":{"default":{"MAIN":{"idle_00":{"x":-15.47,"y":18.14,"width":600,"height":500},"idle_01":{"x":-15.37,"y":18.99,"width":600,"height":500},"idle_02":{"x":-15.37,"y":18.99,"width":600,"height":500},"idle_03":{"x":-15.37,"y":18.99,"width":600,"height":500}}}},"events":{"Event":{},"hit":{}},"animations":{"idle":{"slots":{"MAIN":{"attachment":[{"time":0,"name":"idle_00"},{"time":0.2,"name":"idle_01"},{"time":0.4666,"name":"idle_02"},{"time":0.7333,"name":"idle_03"},{"time":1,"name":"idle_00"}]}},"bones":{"MAIN":{"translate":[{"time":0,"x":0,"y":0}]}}}}}