{"skeleton":{"hash":"6opEJzol8idZZCQEqBZi1vhzpiQ","spine":"3.0.12","width":0,"height":0,"images":"./images3/"},"bones":[{"name":"root"},{"name":"MAIN","parent":"root","y":35.73},{"name":"HPBAR","parent":"MAIN","x":-15,"y":144.27}],"slots":[{"name":"MAIN","bone":"MAIN","attachment":"idle_00"}],"skins":{"default":{"MAIN":{"idle_00":{"y":62.26,"rotation":0.34,"width":300,"height":300},"idle_01":{"y":62.26,"width":300,"height":300},"idle_02":{"y":62.26,"width":300,"height":300},"idle_03":{"y":62.26,"width":300,"height":300},"idle_04":{"y":62.26,"width":300,"height":300},"idle_05":{"y":62.26,"width":300,"height":300},"idle_06":{"y":62.24,"width":300,"height":300}}}},"events":{"Event":{},"Event2":{},"Hit":{},"HitEffect":{},"Sound_1":{},"Sound_2":{},"Sound_3":{},"View":{},"voice":{}},"animations":{"idle":{"slots":{"MAIN":{"attachment":[{"time":0,"name":"idle_00"},{"time":0.1666,"name":"idle_01"},{"time":0.3333,"name":"idle_00"},{"time":0.5,"name":"idle_01"},{"time":0.6666,"name":"idle_02"},{"time":0.8333,"name":"idle_03"},{"time":1,"name":"idle_04"},{"time":1.1666,"name":"idle_05"},{"time":1.3333,"name":"idle_04"},{"time":1.5,"name":"idle_05"},{"time":1.6666,"name":"idle_04"},{"time":1.8333,"name":"idle_06"},{"time":2,"name":"idle_00"}]}}}}}