{"skeleton":{"hash":"wPvpvTgi8qoh1I5zBHGM0N3fW0A","spine":"3.0.12","width":0,"height":0},"bones":[{"name":"root"},{"name":"efRoot","parent":"root"},{"name":"S2_waveC2","parent":"efRoot","x":621.53,"y":-7.98},{"name":"S2_waveC1","parent":"efRoot","x":621.53,"y":51.99},{"name":"S2_waveB2","parent":"efRoot","x":527.37,"y":-1.93},{"name":"S2_waveB1","parent":"efRoot","x":527.37,"y":52.24},{"name":"S2_lineB3","parent":"efRoot","x":704.2,"y":190.7,"scaleX":3.056,"scaleY":3.056},{"name":"S2_lineB2","parent":"efRoot","x":704.2,"y":252.57,"scaleX":3.056,"scaleY":3.056},{"name":"S2_lineB1","parent":"efRoot","x":704.2,"y":309.77,"scaleX":3,"scaleY":3},{"name":"S2_lineA3","parent":"efRoot","x":620.92,"y":185.82,"scaleX":3,"scaleY":3},{"name":"S2_lineA2","parent":"efRoot","x":620.92,"y":251.03,"scaleX":3,"scaleY":3},{"name":"S2_lineA1","parent":"efRoot","x":620.92,"y":309.59,"scaleX":3,"scaleY":3},{"name":"S2_light3","parent":"efRoot","x":528.38,"y":256.04},{"name":"S2_light2","parent":"efRoot","x":528.38,"y":310.64},{"name":"S2_ex1","parent":"efRoot","x":244.08,"y":314.08},{"name":"DAMAGEAREA","parent":"root"}],"slots":[{"name":"5250_S2_ex1/5250_S2_ex1_00002","bone":"S2_ex1","blend":"additive"},{"name":"5250_S2_light2/5250_S2_light2_00001","bone":"S2_light2","blend":"additive"},{"name":"5250_S2_light2/5250_S2_light2_1","bone":"S2_light3","blend":"additive"},{"name":"5250_S2_line1/5250_S2_line1_00006","bone":"S2_lineA1","blend":"additive"},{"name":"5250_S2_line1/5250_S2_line1_6","bone":"S2_lineA2","blend":"additive"},{"name":"5250_S2_line1/5250_S2_line1_7","bone":"S2_lineA3","blend":"additive"},{"name":"5250_S2_line2/5250_S2_line2_00006","bone":"S2_lineB1","blend":"additive"},{"name":"5250_S2_line2/5250_S2_line2_6","bone":"S2_lineB2","blend":"additive"},{"name":"5250_S2_line2/5250_S2_line2_7","bone":"S2_lineB3","blend":"additive"},{"name":"5250_S2_wave2/5250_S2_wave2_00002","bone":"S2_waveB1","blend":"additive"},{"name":"5250_S2_wave2/5250_S2_wave2_2","bone":"S2_waveB2","blend":"additive"},{"name":"5250_S2_wave3/5250_S2_wave3_00002","bone":"S2_waveC1","blend":"additive"},{"name":"5250_S2_wave3/5250_S2_wave3_2","bone":"S2_waveC2","blend":"additive"},{"name":"DAMAGEAREA","bone":"DAMAGEAREA"}],"skins":{"default":{"5250_S2_ex1/5250_S2_ex1_00002":{"5250_S2_ex1/5250_S2_ex1_00002":{"x":1.65,"y":-33.39,"width":250,"height":250},"5250_S2_ex1/5250_S2_ex1_00003":{"x":1.65,"y":-33.39,"width":250,"height":250},"5250_S2_ex1/5250_S2_ex1_00004":{"x":1.65,"y":-33.39,"width":250,"height":250},"5250_S2_ex1/5250_S2_ex1_00005":{"x":1.65,"y":-33.39,"width":250,"height":250},"5250_S2_ex1/5250_S2_ex1_00006":{"x":1.65,"y":-33.39,"width":250,"height":250},"5250_S2_ex1/5250_S2_ex1_00007":{"x":1.65,"y":-33.39,"width":250,"height":250}},"5250_S2_light2/5250_S2_light2_00001":{"5250_S2_light2/5250_S2_light2_00001":{"x":4.03,"y":78.09,"width":250,"height":250},"5250_S2_light2/5250_S2_light2_00002":{"x":4.03,"y":78.09,"width":250,"height":250},"5250_S2_light2/5250_S2_light2_00003":{"x":4.03,"y":78.09,"width":250,"height":250},"5250_S2_light2/5250_S2_light2_00004":{"x":4.03,"y":78.09,"width":250,"height":250},"5250_S2_light2/5250_S2_light2_00005":{"x":4.03,"y":78.09,"width":250,"height":250},"5250_S2_light2/5250_S2_light2_00006":{"x":4.03,"y":78.09,"width":250,"height":250},"5250_S2_light2/5250_S2_light2_00007":{"x":4.03,"y":78.09,"width":250,"height":250},"5250_S2_light2/5250_S2_light2_00008":{"x":4.03,"y":78.09,"width":250,"height":250},"5250_S2_light2/5250_S2_light2_00009":{"x":4.03,"y":78.09,"width":250,"height":250},"5250_S2_light2/5250_S2_light2_00010":{"x":4.03,"y":78.09,"width":250,"height":250},"5250_S2_light2/5250_S2_light2_00011":{"x":4.03,"y":78.09,"width":250,"height":250},"5250_S2_light2/5250_S2_light2_00012":{"x":4.03,"y":78.09,"width":250,"height":250},"5250_S2_light2/5250_S2_light2_00013":{"x":4.03,"y":78.09,"width":250,"height":250},"5250_S2_light2/5250_S2_light2_00014":{"x":4.03,"y":78.09,"width":250,"height":250},"5250_S2_light2/5250_S2_light2_00015":{"x":4.03,"y":78.09,"width":250,"height":250},"5250_S2_light2/5250_S2_light2_00016":{"x":4.03,"y":78.09,"width":250,"height":250},"5250_S2_light2/5250_S2_light2_00017":{"x":4.03,"y":78.09,"width":250,"height":250},"5250_S2_light2/5250_S2_light2_00018":{"x":4.03,"y":78.09,"width":250,"height":250},"5250_S2_light2/5250_S2_light2_00019":{"x":4.03,"y":78.09,"width":250,"height":250},"5250_S2_light2/5250_S2_light2_00020":{"x":4.03,"y":78.09,"width":250,"height":250}},"5250_S2_light2/5250_S2_light2_1":{"5250_S2_light2/5250_S2_light2_00001":{"x":4.03,"y":78.09,"width":250,"height":250},"5250_S2_light2/5250_S2_light2_00002":{"x":4.03,"y":78.09,"width":250,"height":250},"5250_S2_light2/5250_S2_light2_00003":{"x":4.03,"y":78.09,"width":250,"height":250},"5250_S2_light2/5250_S2_light2_00004":{"x":4.03,"y":78.09,"width":250,"height":250},"5250_S2_light2/5250_S2_light2_00005":{"x":4.03,"y":78.09,"width":250,"height":250},"5250_S2_light2/5250_S2_light2_00006":{"x":4.03,"y":78.09,"width":250,"height":250},"5250_S2_light2/5250_S2_light2_00007":{"x":4.03,"y":78.09,"width":250,"height":250},"5250_S2_light2/5250_S2_light2_00008":{"x":4.03,"y":78.09,"width":250,"height":250},"5250_S2_light2/5250_S2_light2_00009":{"x":4.03,"y":78.09,"width":250,"height":250},"5250_S2_light2/5250_S2_light2_00010":{"x":4.03,"y":78.09,"width":250,"height":250},"5250_S2_light2/5250_S2_light2_00011":{"x":4.03,"y":78.09,"width":250,"height":250},"5250_S2_light2/5250_S2_light2_00012":{"x":4.03,"y":78.09,"width":250,"height":250},"5250_S2_light2/5250_S2_light2_00013":{"x":4.03,"y":78.09,"width":250,"height":250},"5250_S2_light2/5250_S2_light2_00014":{"x":4.03,"y":78.09,"width":250,"height":250},"5250_S2_light2/5250_S2_light2_00015":{"x":4.03,"y":78.09,"width":250,"height":250},"5250_S2_light2/5250_S2_light2_00016":{"x":4.03,"y":78.09,"width":250,"height":250},"5250_S2_light2/5250_S2_light2_00017":{"x":4.03,"y":78.09,"width":250,"height":250},"5250_S2_light2/5250_S2_light2_00018":{"x":4.03,"y":78.09,"width":250,"height":250},"5250_S2_light2/5250_S2_light2_00019":{"x":4.03,"y":78.09,"width":250,"height":250},"5250_S2_light2/5250_S2_light2_00020":{"x":4.03,"y":78.09,"width":250,"height":250}},"5250_S2_line1/5250_S2_line1_00006":{"5250_S2_line1/5250_S2_line1_00006":{"x":-3.07,"y":-14.81,"width":250,"height":250}},"5250_S2_line1/5250_S2_line1_6":{"5250_S2_line1/5250_S2_line1_00006":{"x":-3.07,"y":-14.81,"width":250,"height":250}},"5250_S2_line1/5250_S2_line1_7":{"5250_S2_line1/5250_S2_line1_00006":{"x":-3.07,"y":-14.81,"width":250,"height":250}},"5250_S2_line2/5250_S2_line2_00006":{"5250_S2_line2/5250_S2_line2_00006":{"x":-4.69,"y":-0.66,"width":250,"height":250}},"5250_S2_line2/5250_S2_line2_6":{"5250_S2_line2/5250_S2_line2_00006":{"x":-4.69,"y":-0.66,"width":250,"height":250}},"5250_S2_line2/5250_S2_line2_7":{"5250_S2_line2/5250_S2_line2_00006":{"x":-4.69,"y":-0.66,"width":250,"height":250}},"5250_S2_wave2/5250_S2_wave2_00002":{"5250_S2_wave2/5250_S2_wave2_00002":{"x":-1.34,"y":-3.47,"width":250,"height":250},"5250_S2_wave2/5250_S2_wave2_00003":{"x":-1.34,"y":-3.47,"width":250,"height":250},"5250_S2_wave2/5250_S2_wave2_00004":{"x":-1.34,"y":-3.47,"width":250,"height":250},"5250_S2_wave2/5250_S2_wave2_00005":{"x":-1.34,"y":-3.47,"width":250,"height":250},"5250_S2_wave2/5250_S2_wave2_00006":{"x":-1.34,"y":-3.47,"width":250,"height":250}},"5250_S2_wave2/5250_S2_wave2_2":{"5250_S2_wave2/5250_S2_wave2_00002":{"x":-1.34,"y":-3.47,"width":250,"height":250},"5250_S2_wave2/5250_S2_wave2_00003":{"x":-1.34,"y":-3.47,"width":250,"height":250},"5250_S2_wave2/5250_S2_wave2_00004":{"x":-1.34,"y":-3.47,"width":250,"height":250},"5250_S2_wave2/5250_S2_wave2_00005":{"x":-1.34,"y":-3.47,"width":250,"height":250},"5250_S2_wave2/5250_S2_wave2_00006":{"x":-1.34,"y":-3.47,"width":250,"height":250}},"5250_S2_wave3/5250_S2_wave3_00002":{"5250_S2_wave3/5250_S2_wave3_00002":{"x":0.81,"y":-8.35,"width":250,"height":250},"5250_S2_wave3/5250_S2_wave3_00003":{"x":0.81,"y":-8.35,"width":250,"height":250},"5250_S2_wave3/5250_S2_wave3_00004":{"x":0.81,"y":-8.35,"width":250,"height":250},"5250_S2_wave3/5250_S2_wave3_00005":{"x":0.81,"y":-8.35,"width":250,"height":250}},"5250_S2_wave3/5250_S2_wave3_2":{"5250_S2_wave3/5250_S2_wave3_00002":{"x":0.81,"y":-8.35,"width":250,"height":250},"5250_S2_wave3/5250_S2_wave3_00003":{"x":0.81,"y":-8.35,"width":250,"height":250},"5250_S2_wave3/5250_S2_wave3_00004":{"x":0.81,"y":-8.35,"width":250,"height":250},"5250_S2_wave3/5250_S2_wave3_00005":{"x":0.81,"y":-8.35,"width":250,"height":250}},"DAMAGEAREA":{"DAMAGEAREA":{"type":"boundingbox","vertices":[-32.20879,-31.35144,30.64717,-31.35144,30.64717,30.92256,-32.20879,30.92256]}}}},"events":{"event":{},"hit":{},"sound":{}},"animations":{"attack1":{"slots":{"5250_S2_ex1/5250_S2_ex1_00002":{"attachment":[{"time":0.0666,"name":"5250_S2_ex1/5250_S2_ex1_00002"},{"time":0.1,"name":"5250_S2_ex1/5250_S2_ex1_00003"},{"time":0.1333,"name":"5250_S2_ex1/5250_S2_ex1_00004"},{"time":0.1666,"name":"5250_S2_ex1/5250_S2_ex1_00005"},{"time":0.2,"name":"5250_S2_ex1/5250_S2_ex1_00006"},{"time":0.2333,"name":"5250_S2_ex1/5250_S2_ex1_00007"},{"time":0.2666,"name":null}]},"5250_S2_light2/5250_S2_light2_00001":{"attachment":[{"time":0,"name":"5250_S2_light2/5250_S2_light2_00001"},{"time":0.0333,"name":"5250_S2_light2/5250_S2_light2_00002"},{"time":0.0666,"name":"5250_S2_light2/5250_S2_light2_00003"},{"time":0.1,"name":"5250_S2_light2/5250_S2_light2_00004"},{"time":0.1333,"name":"5250_S2_light2/5250_S2_light2_00003"},{"time":0.2,"name":"5250_S2_light2/5250_S2_light2_00003"},{"time":0.2666,"name":"5250_S2_light2/5250_S2_light2_00003"},{"time":0.3333,"name":"5250_S2_light2/5250_S2_light2_00003"},{"time":0.4,"name":"5250_S2_light2/5250_S2_light2_00003"},{"time":0.4666,"name":"5250_S2_light2/5250_S2_light2_00003"},{"time":0.5333,"name":"5250_S2_light2/5250_S2_light2_00019"},{"time":0.6666,"name":"5250_S2_light2/5250_S2_light2_00020"}],"color":[{"time":0.5333,"color":"ffffffff"},{"time":0.8666,"color":"ffffff00"}]},"5250_S2_light2/5250_S2_light2_1":{"attachment":[{"time":0.3666,"name":"5250_S2_light2/5250_S2_light2_00014"}],"color":[{"time":0.3666,"color":"ffffff90"},{"time":0.8666,"color":"ffffff00"}]},"5250_S2_line1/5250_S2_line1_00006":{"attachment":[{"time":0.0666,"name":"5250_S2_line1/5250_S2_line1_00006"},{"time":0.1666,"name":null},{"time":0.4,"name":null},{"time":0.4666,"name":"5250_S2_line1/5250_S2_line1_00006"},{"time":0.5666,"name":null},{"time":1.2666,"name":null}]},"5250_S2_line1/5250_S2_line1_6":{"attachment":[{"time":0.1333,"name":"5250_S2_line1/5250_S2_line1_00006"},{"time":0.2,"name":null},{"time":0.5333,"name":"5250_S2_line1/5250_S2_line1_00006"},{"time":0.6,"name":null}]},"5250_S2_line1/5250_S2_line1_7":{"attachment":[{"time":0.2,"name":"5250_S2_line1/5250_S2_line1_00006"},{"time":0.2666,"name":null},{"time":0.6,"name":"5250_S2_line1/5250_S2_line1_00006"},{"time":0.6666,"name":null}]},"5250_S2_line2/5250_S2_line2_00006":{"attachment":[{"time":0.1,"name":"5250_S2_line2/5250_S2_line2_00006"},{"time":0.1666,"name":null},{"time":0.5,"name":"5250_S2_line2/5250_S2_line2_00006"},{"time":0.5666,"name":null}]},"5250_S2_line2/5250_S2_line2_6":{"attachment":[{"time":0.1666,"name":"5250_S2_line2/5250_S2_line2_00006"},{"time":0.2333,"name":null},{"time":0.5666,"name":"5250_S2_line2/5250_S2_line2_00006"},{"time":0.6333,"name":null}]},"5250_S2_line2/5250_S2_line2_7":{"attachment":[{"time":0.2333,"name":"5250_S2_line2/5250_S2_line2_00006"},{"time":0.3,"name":null},{"time":0.6333,"name":"5250_S2_line2/5250_S2_line2_00006"},{"time":0.7,"name":null}]},"5250_S2_wave2/5250_S2_wave2_00002":{"attachment":[{"time":0.0666,"name":"5250_S2_wave2/5250_S2_wave2_00002"},{"time":0.1,"name":"5250_S2_wave2/5250_S2_wave2_00003"},{"time":0.1333,"name":"5250_S2_wave2/5250_S2_wave2_00004"},{"time":0.1666,"name":"5250_S2_wave2/5250_S2_wave2_00005"},{"time":0.2,"name":"5250_S2_wave2/5250_S2_wave2_00006"},{"time":0.2333,"name":null}]},"5250_S2_wave2/5250_S2_wave2_2":{"attachment":[{"time":0.0666,"name":"5250_S2_wave2/5250_S2_wave2_00002"},{"time":0.1,"name":"5250_S2_wave2/5250_S2_wave2_00003"},{"time":0.1333,"name":"5250_S2_wave2/5250_S2_wave2_00004"},{"time":0.1666,"name":"5250_S2_wave2/5250_S2_wave2_00005"},{"time":0.2,"name":"5250_S2_wave2/5250_S2_wave2_00006"},{"time":0.2333,"name":null}]},"5250_S2_wave3/5250_S2_wave3_00002":{"attachment":[{"time":0.0666,"name":"5250_S2_wave3/5250_S2_wave3_00002"},{"time":0.1,"name":"5250_S2_wave3/5250_S2_wave3_00003"},{"time":0.1333,"name":"5250_S2_wave3/5250_S2_wave3_00004"},{"time":0.1666,"name":"5250_S2_wave3/5250_S2_wave3_00005"},{"time":0.2,"name":null}]},"5250_S2_wave3/5250_S2_wave3_2":{"attachment":[{"time":0.0666,"name":"5250_S2_wave3/5250_S2_wave3_00002"},{"time":0.1,"name":"5250_S2_wave3/5250_S2_wave3_00003"},{"time":0.1333,"name":"5250_S2_wave3/5250_S2_wave3_00004"},{"time":0.1666,"name":"5250_S2_wave3/5250_S2_wave3_00005"},{"time":0.2,"name":null}]},"DAMAGEAREA":{"attachment":[{"time":0.1,"name":"DAMAGEAREA"},{"time":0.6,"name":null}]}},"bones":{"S2_light2":{"rotate":[{"time":0,"angle":39.52}],"translate":[{"time":0,"x":-466.71,"y":-561.64}],"scale":[{"time":0,"x":0.653,"y":7.897},{"time":0.0666,"x":3.484,"y":8.594},{"time":0.1,"x":2.987,"y":8.674},{"time":0.1333,"x":3.484,"y":8.594},{"time":0.1666,"x":2.987,"y":8.674},{"time":0.2,"x":3.484,"y":8.594},{"time":0.2333,"x":2.987,"y":8.674},{"time":0.2666,"x":3.484,"y":8.594},{"time":0.3,"x":2.987,"y":8.674},{"time":0.3333,"x":3.484,"y":8.594},{"time":0.3666,"x":2.987,"y":8.674},{"time":0.4,"x":3.484,"y":8.594},{"time":0.4333,"x":2.987,"y":8.674},{"time":0.4666,"x":3.484,"y":8.594},{"time":0.5,"x":2.987,"y":8.674},{"time":0.6666,"x":5.353,"y":8.924},{"time":0.8666,"x":5.013,"y":9.225}]},"S2_lineA1":{"rotate":[{"time":0.0666,"angle":41,"curve":"stepped"},{"time":0.4666,"angle":41}],"translate":[{"time":0.0666,"x":-452.18,"y":-423.58},{"time":0.1666,"x":-1335.02,"y":591.58,"curve":"stepped"},{"time":0.4666,"x":-826.91,"y":-489.29},{"time":0.5666,"x":-1638.84,"y":444.32}]},"S2_waveB1":{"rotate":[{"time":0.0666,"angle":39.03}],"translate":[{"time":0.0666,"x":-910.97,"y":264.25}],"scale":[{"time":0.0666,"x":3.5,"y":3.5}]},"S2_waveB2":{"rotate":[{"time":0.0666,"angle":42.59}],"translate":[{"time":0.0666,"x":-683.05,"y":46.44}],"scale":[{"time":0.0666,"x":3.5,"y":3.5}]},"S2_waveC1":{"rotate":[{"time":0.0666,"angle":39.63}],"translate":[{"time":0.0666,"x":-884.29,"y":110.29}],"scale":[{"time":0.0666,"x":3.5,"y":3.5}]},"S2_waveC2":{"rotate":[{"time":0.0666,"angle":39.67}],"translate":[{"time":0.0666,"x":-1112.62,"y":425.69}],"scale":[{"time":0.0666,"x":3.5,"y":3.5}]},"S2_ex1":{"rotate":[{"time":0.0666,"angle":45.9}],"translate":[{"time":0.0666,"x":-918.25,"y":322.71}],"scale":[{"time":0.0666,"x":4.286,"y":7.591}]},"S2_lineB1":{"rotate":[{"time":0.1,"angle":40.18,"curve":"stepped"},{"time":0.5,"angle":40.18}],"translate":[{"time":0.1,"x":-769.11,"y":-675.06},{"time":0.1666,"x":-1719.06,"y":449.94,"curve":"stepped"},{"time":0.5,"x":-605.18,"y":-536.64},{"time":0.5666,"x":-1550.74,"y":583.18}]},"S2_lineA2":{"rotate":[{"time":0.1333,"angle":36.13,"curve":"stepped"},{"time":0.5333,"angle":40.37}],"translate":[{"time":0.1333,"x":-696.33,"y":-540.13},{"time":0.2,"x":-1501.94,"y":398.5,"curve":"stepped"},{"time":0.5333,"x":-498.6,"y":-374.49},{"time":0.6,"x":-1358.36,"y":636.61}]},"S2_lineB2":{"rotate":[{"time":0.1666,"angle":40.97,"curve":"stepped"},{"time":0.5666,"angle":40.97}],"translate":[{"time":0.1666,"x":-433.54,"y":-417.18},{"time":0.2333,"x":-1281.65,"y":559.56,"curve":"stepped"},{"time":0.5666,"x":-992.16,"y":-492.06},{"time":0.6333,"x":-1678.83,"y":298.74}]},"S2_lineA3":{"rotate":[{"time":0.2,"angle":41.47}],"translate":[{"time":0.2,"x":-495.49,"y":-440.95},{"time":0.2666,"x":-1624.46,"y":836.3,"curve":"stepped"},{"time":0.6,"x":-430.96,"y":-301.14},{"time":0.6666,"x":-1209.16,"y":626.96}]},"S2_lineB3":{"rotate":[{"time":0.2333,"angle":37.49,"curve":"stepped"},{"time":0.6333,"angle":40.12}],"translate":[{"time":0.2333,"x":-889.43,"y":-450.44},{"time":0.3,"x":-1549.41,"y":409.76,"curve":"stepped"},{"time":0.6333,"x":-845.42,"y":-391.76},{"time":0.7,"x":-1631.25,"y":541.06}]},"S2_light3":{"rotate":[{"time":0.3666,"angle":39.29}],"translate":[{"time":0.3666,"x":-484.8,"y":-503.13}],"scale":[{"time":0.3666,"x":3.254,"y":8.293},{"time":0.8666,"x":0.938,"y":7.909}]},"efRoot":{"translate":[{"time":0,"x":76.23,"y":-41.04}],"scale":[{"time":0,"x":0.828,"y":0.828}]},"DAMAGEAREA":{"translate":[{"time":0.1,"x":-178.74,"y":280.19}],"scale":[{"time":0.1,"x":10.29,"y":14.329}]}},"events":[{"time":0,"name":"event","float":0.14,"string":"kHitStopType_normal"},{"time":0.0333,"name":"event","string":"setHitEffect(hit04d, 1)"},{"time":0.0333,"name":"sound","string":"setHitSound(se_battle_007_attack_hit_01)"},{"time":0.0666,"name":"event","string":"setHitBackEnemy(10,10)"},{"time":0.0666,"name":"sound","string":"cri_se_battle_036_explosion_element_04"},{"time":0.1,"name":"sound","string":"cri_se_battle_lightning"},{"time":0.1333,"name":"event","float":0.05,"string":"kHitStopType_enemyonly"},{"time":0.1333,"name":"hit","string":"resetHitList"},{"time":0.2,"name":"hit","string":"resetHitList"},{"time":0.2666,"name":"hit","string":"resetHitList"},{"time":0.3333,"name":"hit","string":"resetHitList"},{"time":0.4,"name":"hit","string":"resetHitList"},{"time":0.4666,"name":"hit","string":"resetHitList"},{"time":0.5333,"name":"hit","string":"resetHitList"}]},"attack2":{"slots":{"5250_S2_ex1/5250_S2_ex1_00002":{"attachment":[{"time":0.0666,"name":"5250_S2_ex1/5250_S2_ex1_00002"},{"time":0.1,"name":"5250_S2_ex1/5250_S2_ex1_00003"},{"time":0.1333,"name":"5250_S2_ex1/5250_S2_ex1_00004"},{"time":0.1666,"name":"5250_S2_ex1/5250_S2_ex1_00005"},{"time":0.2,"name":"5250_S2_ex1/5250_S2_ex1_00006"},{"time":0.2333,"name":"5250_S2_ex1/5250_S2_ex1_00007"},{"time":0.2666,"name":null}]},"5250_S2_light2/5250_S2_light2_00001":{"attachment":[{"time":0,"name":"5250_S2_light2/5250_S2_light2_00001"},{"time":0.0333,"name":"5250_S2_light2/5250_S2_light2_00002"},{"time":0.0666,"name":"5250_S2_light2/5250_S2_light2_00003"},{"time":0.1,"name":"5250_S2_light2/5250_S2_light2_00004"},{"time":0.1333,"name":"5250_S2_light2/5250_S2_light2_00003"},{"time":0.2,"name":"5250_S2_light2/5250_S2_light2_00003"},{"time":0.2666,"name":"5250_S2_light2/5250_S2_light2_00003"},{"time":0.3333,"name":"5250_S2_light2/5250_S2_light2_00003"},{"time":0.4,"name":"5250_S2_light2/5250_S2_light2_00003"},{"time":0.4666,"name":"5250_S2_light2/5250_S2_light2_00003"},{"time":0.5333,"name":"5250_S2_light2/5250_S2_light2_00019"},{"time":0.6666,"name":"5250_S2_light2/5250_S2_light2_00020"}],"color":[{"time":0.5333,"color":"ffffffff"},{"time":0.8666,"color":"ffffff00"}]},"5250_S2_light2/5250_S2_light2_1":{"attachment":[{"time":0.3666,"name":"5250_S2_light2/5250_S2_light2_00014"}],"color":[{"time":0.3666,"color":"ffffff90"},{"time":0.8666,"color":"ffffff00"}]},"5250_S2_line1/5250_S2_line1_00006":{"attachment":[{"time":0.0666,"name":"5250_S2_line1/5250_S2_line1_00006"},{"time":0.1666,"name":null},{"time":0.4,"name":null},{"time":0.4666,"name":"5250_S2_line1/5250_S2_line1_00006"},{"time":0.5666,"name":null},{"time":1.2666,"name":null}]},"5250_S2_line1/5250_S2_line1_6":{"attachment":[{"time":0.1333,"name":"5250_S2_line1/5250_S2_line1_00006"},{"time":0.2,"name":null},{"time":0.5333,"name":"5250_S2_line1/5250_S2_line1_00006"},{"time":0.6,"name":null}]},"5250_S2_line1/5250_S2_line1_7":{"attachment":[{"time":0.2,"name":"5250_S2_line1/5250_S2_line1_00006"},{"time":0.2666,"name":null},{"time":0.6,"name":"5250_S2_line1/5250_S2_line1_00006"},{"time":0.6666,"name":null}]},"5250_S2_line2/5250_S2_line2_00006":{"attachment":[{"time":0.1,"name":"5250_S2_line2/5250_S2_line2_00006"},{"time":0.1666,"name":null},{"time":0.5,"name":"5250_S2_line2/5250_S2_line2_00006"},{"time":0.5666,"name":null}]},"5250_S2_line2/5250_S2_line2_6":{"attachment":[{"time":0.1666,"name":"5250_S2_line2/5250_S2_line2_00006"},{"time":0.2333,"name":null},{"time":0.5666,"name":"5250_S2_line2/5250_S2_line2_00006"},{"time":0.6333,"name":null}]},"5250_S2_line2/5250_S2_line2_7":{"attachment":[{"time":0.2333,"name":"5250_S2_line2/5250_S2_line2_00006"},{"time":0.3,"name":null},{"time":0.6333,"name":"5250_S2_line2/5250_S2_line2_00006"},{"time":0.7,"name":null}]},"5250_S2_wave2/5250_S2_wave2_00002":{"attachment":[{"time":0.0666,"name":"5250_S2_wave2/5250_S2_wave2_00002"},{"time":0.1,"name":"5250_S2_wave2/5250_S2_wave2_00003"},{"time":0.1333,"name":"5250_S2_wave2/5250_S2_wave2_00004"},{"time":0.1666,"name":"5250_S2_wave2/5250_S2_wave2_00005"},{"time":0.2,"name":"5250_S2_wave2/5250_S2_wave2_00006"},{"time":0.2333,"name":null}]},"5250_S2_wave2/5250_S2_wave2_2":{"attachment":[{"time":0.0666,"name":"5250_S2_wave2/5250_S2_wave2_00002"},{"time":0.1,"name":"5250_S2_wave2/5250_S2_wave2_00003"},{"time":0.1333,"name":"5250_S2_wave2/5250_S2_wave2_00004"},{"time":0.1666,"name":"5250_S2_wave2/5250_S2_wave2_00005"},{"time":0.2,"name":"5250_S2_wave2/5250_S2_wave2_00006"},{"time":0.2333,"name":null}]},"5250_S2_wave3/5250_S2_wave3_00002":{"attachment":[{"time":0.0666,"name":"5250_S2_wave3/5250_S2_wave3_00002"},{"time":0.1,"name":"5250_S2_wave3/5250_S2_wave3_00003"},{"time":0.1333,"name":"5250_S2_wave3/5250_S2_wave3_00004"},{"time":0.1666,"name":"5250_S2_wave3/5250_S2_wave3_00005"},{"time":0.2,"name":null}]},"5250_S2_wave3/5250_S2_wave3_2":{"attachment":[{"time":0.0666,"name":"5250_S2_wave3/5250_S2_wave3_00002"},{"time":0.1,"name":"5250_S2_wave3/5250_S2_wave3_00003"},{"time":0.1333,"name":"5250_S2_wave3/5250_S2_wave3_00004"},{"time":0.1666,"name":"5250_S2_wave3/5250_S2_wave3_00005"},{"time":0.2,"name":null}]},"DAMAGEAREA":{"attachment":[{"time":0.1,"name":"DAMAGEAREA"},{"time":0.6,"name":null}]}},"bones":{"S2_light2":{"rotate":[{"time":0,"angle":39.52}],"translate":[{"time":0,"x":-466.71,"y":-561.64}],"scale":[{"time":0,"x":0.653,"y":7.897},{"time":0.0666,"x":3.484,"y":8.594},{"time":0.1,"x":2.987,"y":8.674},{"time":0.1333,"x":3.484,"y":8.594},{"time":0.1666,"x":2.987,"y":8.674},{"time":0.2,"x":3.484,"y":8.594},{"time":0.2333,"x":2.987,"y":8.674},{"time":0.2666,"x":3.484,"y":8.594},{"time":0.3,"x":2.987,"y":8.674},{"time":0.3333,"x":3.484,"y":8.594},{"time":0.3666,"x":2.987,"y":8.674},{"time":0.4,"x":3.484,"y":8.594},{"time":0.4333,"x":2.987,"y":8.674},{"time":0.4666,"x":3.484,"y":8.594},{"time":0.5,"x":2.987,"y":8.674},{"time":0.6666,"x":5.353,"y":8.924},{"time":0.8666,"x":5.013,"y":9.225}]},"S2_lineA1":{"rotate":[{"time":0.0666,"angle":41,"curve":"stepped"},{"time":0.4666,"angle":41}],"translate":[{"time":0.0666,"x":-452.18,"y":-423.58},{"time":0.1666,"x":-1335.02,"y":591.58,"curve":"stepped"},{"time":0.4666,"x":-826.91,"y":-489.29},{"time":0.5666,"x":-1638.84,"y":444.32}]},"S2_waveB1":{"rotate":[{"time":0.0666,"angle":39.03}],"translate":[{"time":0.0666,"x":-910.97,"y":264.25}],"scale":[{"time":0.0666,"x":3.5,"y":3.5}]},"S2_waveB2":{"rotate":[{"time":0.0666,"angle":42.59}],"translate":[{"time":0.0666,"x":-683.05,"y":46.44}],"scale":[{"time":0.0666,"x":3.5,"y":3.5}]},"S2_waveC1":{"rotate":[{"time":0.0666,"angle":39.63}],"translate":[{"time":0.0666,"x":-884.29,"y":110.29}],"scale":[{"time":0.0666,"x":3.5,"y":3.5}]},"S2_waveC2":{"rotate":[{"time":0.0666,"angle":39.67}],"translate":[{"time":0.0666,"x":-1112.62,"y":425.69}],"scale":[{"time":0.0666,"x":3.5,"y":3.5}]},"S2_ex1":{"rotate":[{"time":0.0666,"angle":45.9}],"translate":[{"time":0.0666,"x":-918.25,"y":322.71}],"scale":[{"time":0.0666,"x":4.286,"y":7.591}]},"S2_lineB1":{"rotate":[{"time":0.1,"angle":40.18,"curve":"stepped"},{"time":0.5,"angle":40.18}],"translate":[{"time":0.1,"x":-769.11,"y":-675.06},{"time":0.1666,"x":-1719.06,"y":449.94,"curve":"stepped"},{"time":0.5,"x":-605.18,"y":-536.64},{"time":0.5666,"x":-1550.74,"y":583.18}]},"S2_lineA2":{"rotate":[{"time":0.1333,"angle":36.13,"curve":"stepped"},{"time":0.5333,"angle":40.37}],"translate":[{"time":0.1333,"x":-696.33,"y":-540.13},{"time":0.2,"x":-1501.94,"y":398.5,"curve":"stepped"},{"time":0.5333,"x":-498.6,"y":-374.49},{"time":0.6,"x":-1358.36,"y":636.61}]},"S2_lineB2":{"rotate":[{"time":0.1666,"angle":40.97,"curve":"stepped"},{"time":0.5666,"angle":40.97}],"translate":[{"time":0.1666,"x":-433.54,"y":-417.18},{"time":0.2333,"x":-1281.65,"y":559.56,"curve":"stepped"},{"time":0.5666,"x":-992.16,"y":-492.06},{"time":0.6333,"x":-1678.83,"y":298.74}]},"S2_lineA3":{"rotate":[{"time":0.2,"angle":41.47}],"translate":[{"time":0.2,"x":-495.49,"y":-440.95},{"time":0.2666,"x":-1624.46,"y":836.3,"curve":"stepped"},{"time":0.6,"x":-430.96,"y":-301.14},{"time":0.6666,"x":-1209.16,"y":626.96}]},"S2_lineB3":{"rotate":[{"time":0.2333,"angle":37.49,"curve":"stepped"},{"time":0.6333,"angle":40.12}],"translate":[{"time":0.2333,"x":-889.43,"y":-450.44},{"time":0.3,"x":-1549.41,"y":409.76,"curve":"stepped"},{"time":0.6333,"x":-845.42,"y":-391.76},{"time":0.7,"x":-1631.25,"y":541.06}]},"S2_light3":{"rotate":[{"time":0.3666,"angle":39.29}],"translate":[{"time":0.3666,"x":-484.8,"y":-503.13}],"scale":[{"time":0.3666,"x":3.254,"y":8.293},{"time":0.8666,"x":0.938,"y":7.909}]},"efRoot":{"translate":[{"time":0,"x":76.23,"y":-41.04}]},"DAMAGEAREA":{"translate":[{"time":0.1,"x":-178.74,"y":280.19}],"scale":[{"time":0.1,"x":10.29,"y":14.329}]}},"events":[{"time":0,"name":"event","float":0.14,"string":"kHitStopType_normal"},{"time":0.0333,"name":"event","string":"setHitEffect(hit04d, 1)"},{"time":0.0333,"name":"sound","string":"setHitSound(se_battle_007_attack_hit_01)"},{"time":0.0666,"name":"event","string":"setHitBackEnemy(10,10)"},{"time":0.0666,"name":"sound","string":"cri_se_battle_036_explosion_element_04"},{"time":0.1,"name":"sound","string":"cri_se_battle_lightning"},{"time":0.1333,"name":"event","float":0.05,"string":"kHitStopType_enemyonly"},{"time":0.1333,"name":"hit","string":"resetHitList"},{"time":0.2,"name":"hit","string":"resetHitList"},{"time":0.2666,"name":"hit","string":"resetHitList"},{"time":0.3333,"name":"hit","string":"resetHitList"},{"time":0.4,"name":"hit","string":"resetHitList"},{"time":0.4666,"name":"hit","string":"resetHitList"},{"time":0.5333,"name":"hit","string":"resetHitList"}]},"attack3":{"slots":{"5250_S2_ex1/5250_S2_ex1_00002":{"attachment":[{"time":0.0666,"name":"5250_S2_ex1/5250_S2_ex1_00002"},{"time":0.1,"name":"5250_S2_ex1/5250_S2_ex1_00003"},{"time":0.1333,"name":"5250_S2_ex1/5250_S2_ex1_00004"},{"time":0.1666,"name":"5250_S2_ex1/5250_S2_ex1_00005"},{"time":0.2,"name":"5250_S2_ex1/5250_S2_ex1_00006"},{"time":0.2333,"name":"5250_S2_ex1/5250_S2_ex1_00007"},{"time":0.2666,"name":null}]},"5250_S2_light2/5250_S2_light2_00001":{"attachment":[{"time":0,"name":"5250_S2_light2/5250_S2_light2_00001"},{"time":0.0333,"name":"5250_S2_light2/5250_S2_light2_00002"},{"time":0.0666,"name":"5250_S2_light2/5250_S2_light2_00003"},{"time":0.1,"name":"5250_S2_light2/5250_S2_light2_00004"},{"time":0.1333,"name":"5250_S2_light2/5250_S2_light2_00003"},{"time":0.2,"name":"5250_S2_light2/5250_S2_light2_00003"},{"time":0.2666,"name":"5250_S2_light2/5250_S2_light2_00003"},{"time":0.3333,"name":"5250_S2_light2/5250_S2_light2_00003"},{"time":0.4,"name":"5250_S2_light2/5250_S2_light2_00003"},{"time":0.4666,"name":"5250_S2_light2/5250_S2_light2_00003"},{"time":0.5333,"name":"5250_S2_light2/5250_S2_light2_00019"},{"time":0.6666,"name":"5250_S2_light2/5250_S2_light2_00020"}],"color":[{"time":0.5333,"color":"ffffffff"},{"time":0.8666,"color":"ffffff00"}]},"5250_S2_light2/5250_S2_light2_1":{"attachment":[{"time":0.3666,"name":"5250_S2_light2/5250_S2_light2_00014"}],"color":[{"time":0.3666,"color":"ffffff90"},{"time":0.8666,"color":"ffffff00"}]},"5250_S2_line1/5250_S2_line1_00006":{"attachment":[{"time":0.0666,"name":"5250_S2_line1/5250_S2_line1_00006"},{"time":0.1666,"name":null},{"time":0.4,"name":null},{"time":0.4666,"name":"5250_S2_line1/5250_S2_line1_00006"},{"time":0.5666,"name":null},{"time":1.2666,"name":null}]},"5250_S2_line1/5250_S2_line1_6":{"attachment":[{"time":0.1333,"name":"5250_S2_line1/5250_S2_line1_00006"},{"time":0.2,"name":null},{"time":0.5333,"name":"5250_S2_line1/5250_S2_line1_00006"},{"time":0.6,"name":null}]},"5250_S2_line1/5250_S2_line1_7":{"attachment":[{"time":0.2,"name":"5250_S2_line1/5250_S2_line1_00006"},{"time":0.2666,"name":null},{"time":0.6,"name":"5250_S2_line1/5250_S2_line1_00006"},{"time":0.6666,"name":null}]},"5250_S2_line2/5250_S2_line2_00006":{"attachment":[{"time":0.1,"name":"5250_S2_line2/5250_S2_line2_00006"},{"time":0.1666,"name":null},{"time":0.5,"name":"5250_S2_line2/5250_S2_line2_00006"},{"time":0.5666,"name":null}]},"5250_S2_line2/5250_S2_line2_6":{"attachment":[{"time":0.1666,"name":"5250_S2_line2/5250_S2_line2_00006"},{"time":0.2333,"name":null},{"time":0.5666,"name":"5250_S2_line2/5250_S2_line2_00006"},{"time":0.6333,"name":null}]},"5250_S2_line2/5250_S2_line2_7":{"attachment":[{"time":0.2333,"name":"5250_S2_line2/5250_S2_line2_00006"},{"time":0.3,"name":null},{"time":0.6333,"name":"5250_S2_line2/5250_S2_line2_00006"},{"time":0.7,"name":null}]},"5250_S2_wave2/5250_S2_wave2_00002":{"attachment":[{"time":0.0666,"name":"5250_S2_wave2/5250_S2_wave2_00002"},{"time":0.1,"name":"5250_S2_wave2/5250_S2_wave2_00003"},{"time":0.1333,"name":"5250_S2_wave2/5250_S2_wave2_00004"},{"time":0.1666,"name":"5250_S2_wave2/5250_S2_wave2_00005"},{"time":0.2,"name":"5250_S2_wave2/5250_S2_wave2_00006"},{"time":0.2333,"name":null}]},"5250_S2_wave2/5250_S2_wave2_2":{"attachment":[{"time":0.0666,"name":"5250_S2_wave2/5250_S2_wave2_00002"},{"time":0.1,"name":"5250_S2_wave2/5250_S2_wave2_00003"},{"time":0.1333,"name":"5250_S2_wave2/5250_S2_wave2_00004"},{"time":0.1666,"name":"5250_S2_wave2/5250_S2_wave2_00005"},{"time":0.2,"name":"5250_S2_wave2/5250_S2_wave2_00006"},{"time":0.2333,"name":null}]},"5250_S2_wave3/5250_S2_wave3_00002":{"attachment":[{"time":0.0666,"name":"5250_S2_wave3/5250_S2_wave3_00002"},{"time":0.1,"name":"5250_S2_wave3/5250_S2_wave3_00003"},{"time":0.1333,"name":"5250_S2_wave3/5250_S2_wave3_00004"},{"time":0.1666,"name":"5250_S2_wave3/5250_S2_wave3_00005"},{"time":0.2,"name":null}]},"5250_S2_wave3/5250_S2_wave3_2":{"attachment":[{"time":0.0666,"name":"5250_S2_wave3/5250_S2_wave3_00002"},{"time":0.1,"name":"5250_S2_wave3/5250_S2_wave3_00003"},{"time":0.1333,"name":"5250_S2_wave3/5250_S2_wave3_00004"},{"time":0.1666,"name":"5250_S2_wave3/5250_S2_wave3_00005"},{"time":0.2,"name":null}]},"DAMAGEAREA":{"attachment":[{"time":0.1,"name":"DAMAGEAREA"},{"time":0.6,"name":null}]}},"bones":{"S2_light2":{"rotate":[{"time":0,"angle":39.52}],"translate":[{"time":0,"x":-466.71,"y":-561.64}],"scale":[{"time":0,"x":0.653,"y":7.897},{"time":0.0666,"x":3.484,"y":8.594},{"time":0.1,"x":2.987,"y":8.674},{"time":0.1333,"x":3.484,"y":8.594},{"time":0.1666,"x":2.987,"y":8.674},{"time":0.2,"x":3.484,"y":8.594},{"time":0.2333,"x":2.987,"y":8.674},{"time":0.2666,"x":3.484,"y":8.594},{"time":0.3,"x":2.987,"y":8.674},{"time":0.3333,"x":3.484,"y":8.594},{"time":0.3666,"x":2.987,"y":8.674},{"time":0.4,"x":3.484,"y":8.594},{"time":0.4333,"x":2.987,"y":8.674},{"time":0.4666,"x":3.484,"y":8.594},{"time":0.5,"x":2.987,"y":8.674},{"time":0.6666,"x":5.353,"y":8.924},{"time":0.8666,"x":5.013,"y":9.225}]},"S2_lineA1":{"rotate":[{"time":0.0666,"angle":41,"curve":"stepped"},{"time":0.4666,"angle":41}],"translate":[{"time":0.0666,"x":-452.18,"y":-423.58},{"time":0.1666,"x":-1335.02,"y":591.58,"curve":"stepped"},{"time":0.4666,"x":-826.91,"y":-489.29},{"time":0.5666,"x":-1638.84,"y":444.32}]},"S2_waveB1":{"rotate":[{"time":0.0666,"angle":39.03}],"translate":[{"time":0.0666,"x":-910.97,"y":264.25}],"scale":[{"time":0.0666,"x":3.5,"y":3.5}]},"S2_waveB2":{"rotate":[{"time":0.0666,"angle":42.59}],"translate":[{"time":0.0666,"x":-683.05,"y":46.44}],"scale":[{"time":0.0666,"x":3.5,"y":3.5}]},"S2_waveC1":{"rotate":[{"time":0.0666,"angle":39.63}],"translate":[{"time":0.0666,"x":-884.29,"y":110.29}],"scale":[{"time":0.0666,"x":3.5,"y":3.5}]},"S2_waveC2":{"rotate":[{"time":0.0666,"angle":39.67}],"translate":[{"time":0.0666,"x":-1112.62,"y":425.69}],"scale":[{"time":0.0666,"x":3.5,"y":3.5}]},"S2_ex1":{"rotate":[{"time":0.0666,"angle":45.9}],"translate":[{"time":0.0666,"x":-918.25,"y":322.71}],"scale":[{"time":0.0666,"x":4.286,"y":7.591}]},"S2_lineB1":{"rotate":[{"time":0.1,"angle":40.18,"curve":"stepped"},{"time":0.5,"angle":40.18}],"translate":[{"time":0.1,"x":-769.11,"y":-675.06},{"time":0.1666,"x":-1719.06,"y":449.94,"curve":"stepped"},{"time":0.5,"x":-605.18,"y":-536.64},{"time":0.5666,"x":-1550.74,"y":583.18}]},"S2_lineA2":{"rotate":[{"time":0.1333,"angle":36.13,"curve":"stepped"},{"time":0.5333,"angle":40.37}],"translate":[{"time":0.1333,"x":-696.33,"y":-540.13},{"time":0.2,"x":-1501.94,"y":398.5,"curve":"stepped"},{"time":0.5333,"x":-498.6,"y":-374.49},{"time":0.6,"x":-1358.36,"y":636.61}]},"S2_lineB2":{"rotate":[{"time":0.1666,"angle":40.97,"curve":"stepped"},{"time":0.5666,"angle":40.97}],"translate":[{"time":0.1666,"x":-433.54,"y":-417.18},{"time":0.2333,"x":-1281.65,"y":559.56,"curve":"stepped"},{"time":0.5666,"x":-992.16,"y":-492.06},{"time":0.6333,"x":-1678.83,"y":298.74}]},"S2_lineA3":{"rotate":[{"time":0.2,"angle":41.47}],"translate":[{"time":0.2,"x":-495.49,"y":-440.95},{"time":0.2666,"x":-1624.46,"y":836.3,"curve":"stepped"},{"time":0.6,"x":-430.96,"y":-301.14},{"time":0.6666,"x":-1209.16,"y":626.96}]},"S2_lineB3":{"rotate":[{"time":0.2333,"angle":37.49,"curve":"stepped"},{"time":0.6333,"angle":40.12}],"translate":[{"time":0.2333,"x":-889.43,"y":-450.44},{"time":0.3,"x":-1549.41,"y":409.76,"curve":"stepped"},{"time":0.6333,"x":-845.42,"y":-391.76},{"time":0.7,"x":-1631.25,"y":541.06}]},"S2_light3":{"rotate":[{"time":0.3666,"angle":39.29}],"translate":[{"time":0.3666,"x":-484.8,"y":-503.13}],"scale":[{"time":0.3666,"x":3.254,"y":8.293},{"time":0.8666,"x":0.938,"y":7.909}]},"efRoot":{"translate":[{"time":0,"x":76.23,"y":-41.04}]},"DAMAGEAREA":{"translate":[{"time":0.1,"x":-178.74,"y":280.19}],"scale":[{"time":0.1,"x":10.29,"y":14.329}]}},"events":[{"time":0,"name":"event","float":0.14,"string":"kHitStopType_normal"},{"time":0.0333,"name":"event","string":"setHitEffect(hit04d, 1)"},{"time":0.0333,"name":"sound","string":"setHitSound(se_battle_007_attack_hit_01)"},{"time":0.0666,"name":"event","string":"setHitBackEnemy(10,10)"},{"time":0.0666,"name":"sound","string":"cri_se_battle_036_explosion_element_04"},{"time":0.1,"name":"sound","string":"cri_se_battle_lightning"},{"time":0.1333,"name":"event","float":0.05,"string":"kHitStopType_enemyonly"},{"time":0.1333,"name":"hit","string":"resetHitList"},{"time":0.2,"name":"hit","string":"resetHitList"},{"time":0.2666,"name":"hit","string":"resetHitList"},{"time":0.3333,"name":"hit","string":"resetHitList"},{"time":0.4,"name":"hit","string":"resetHitList"},{"time":0.4666,"name":"hit","string":"resetHitList"},{"time":0.5333,"name":"hit","string":"resetHitList"}]}}}