{"skeleton":{"hash":"ayLA3BBbs3WU+X+6rl8TZctEsNw","spine":"3.0.12","width":0,"height":0,"images":"./images/"},"bones":[{"name":"root"},{"name":"MAIN","parent":"root"},{"name":"arrow6","parent":"MAIN","x":520.27,"y":-34.81,"scaleX":1.5,"scaleY":1.5},{"name":"arrow5","parent":"MAIN","x":520.27,"y":9.17,"scaleX":1.5,"scaleY":1.5},{"name":"arrow4","parent":"MAIN","x":520.27,"y":47.52,"scaleX":1.5,"scaleY":1.5},{"name":"arrow3","parent":"MAIN","x":520.27,"y":88.13,"scaleX":1.5,"scaleY":1.5},{"name":"arrow2","parent":"MAIN","x":520.27,"y":126.48,"scaleX":1.5,"scaleY":1.5},{"name":"arrow1","parent":"MAIN","x":520.27,"y":166.04,"scaleX":1.5,"scaleY":1.5},{"name":"Thunder6","parent":"MAIN","x":372.27,"y":-34.54,"scaleX":2,"scaleY":2},{"name":"Thunder5","parent":"MAIN","x":372.92,"y":9.33,"scaleX":2,"scaleY":2},{"name":"Thunder4","parent":"MAIN","x":372.27,"y":47.98,"scaleX":2,"scaleY":2},{"name":"Thunder3","parent":"MAIN","x":372.27,"y":92.52,"scaleX":2,"scaleY":2},{"name":"Thunder2","parent":"MAIN","x":372.27,"y":131.82,"scaleX":2,"scaleY":2},{"name":"Thunder1","parent":"MAIN","x":372.27,"y":168.5,"scaleX":2,"scaleY":2},{"name":"DAMAGEAREA","parent":"root"}],"slots":[{"name":"BLD_LGT_arrow1/BLD_LGT_arrow1_00002","bone":"arrow1","blend":"additive"},{"name":"BLD_LGT_arrow1/BLD_LGT_arrow1_2","bone":"arrow2","blend":"additive"},{"name":"BLD_LGT_arrow1/BLD_LGT_arrow1_3","bone":"arrow3","blend":"additive"},{"name":"BLD_LGT_arrow1/BLD_LGT_arrow1_4","bone":"arrow4","blend":"additive"},{"name":"BLD_LGT_arrow1/BLD_LGT_arrow1_5","bone":"arrow5","blend":"additive"},{"name":"BLD_LGT_arrow1/BLD_LGT_arrow1_6","bone":"arrow6","blend":"additive"},{"name":"BLD_LGT_arrow2b/BLD_LGT_arrow2b_00002","bone":"Thunder1","blend":"additive"},{"name":"BLD_LGT_arrow2b/BLD_LGT_arrow2b_2","bone":"Thunder2","blend":"additive"},{"name":"BLD_LGT_arrow2b/BLD_LGT_arrow2b_3","bone":"Thunder3","blend":"additive"},{"name":"BLD_LGT_arrow2b/BLD_LGT_arrow2b_4","bone":"Thunder4","blend":"additive"},{"name":"BLD_LGT_arrow2b/BLD_LGT_arrow2b_5","bone":"Thunder5","blend":"additive"},{"name":"BLD_LGT_arrow2b/BLD_LGT_arrow2b_6","bone":"Thunder6","blend":"additive"},{"name":"BLD_LGT_arrow2a/BLD_LGT_arrow2a_00002","bone":"Thunder1","blend":"additive"},{"name":"BLD_LGT_arrow2a/BLD_LGT_arrow2a_2","bone":"Thunder2","blend":"additive"},{"name":"BLD_LGT_arrow2a/BLD_LGT_arrow2a_3","bone":"Thunder3","blend":"additive"},{"name":"BLD_LGT_arrow2a/BLD_LGT_arrow2a_4","bone":"Thunder4","blend":"additive"},{"name":"BLD_LGT_arrow2a/BLD_LGT_arrow2a_5","bone":"Thunder5","blend":"additive"},{"name":"BLD_LGT_arrow2a/BLD_LGT_arrow2a_6","bone":"Thunder6","blend":"additive"},{"name":"DAMAGEAREA","bone":"DAMAGEAREA"}],"skins":{"default":{"BLD_LGT_arrow1/BLD_LGT_arrow1_00002":{"BLD_LGT_arrow1/BLD_LGT_arrow1_00002":{"x":-161.84,"y":0.2,"width":500,"height":500},"BLD_LGT_arrow1/BLD_LGT_arrow1_00003":{"x":-161.84,"y":0.2,"width":500,"height":500},"BLD_LGT_arrow1/BLD_LGT_arrow1_00004":{"x":-161.84,"y":0.2,"width":500,"height":500},"BLD_LGT_arrow1/BLD_LGT_arrow1_00005":{"x":-161.84,"y":0.2,"width":500,"height":500},"BLD_LGT_arrow1/BLD_LGT_arrow1_00006":{"x":-161.84,"y":0.2,"width":500,"height":500},"BLD_LGT_arrow1/BLD_LGT_arrow1_00007":{"x":-161.84,"y":0.2,"width":500,"height":500},"BLD_LGT_arrow1/BLD_LGT_arrow1_00009":{"x":-161.84,"y":0.2,"width":500,"height":500},"BLD_LGT_arrow1/BLD_LGT_arrow1_00010":{"x":-161.84,"y":0.2,"width":500,"height":500},"BLD_LGT_arrow1/BLD_LGT_arrow1_00013":{"x":-161.84,"y":0.2,"width":500,"height":500},"BLD_LGT_arrow1/BLD_LGT_arrow1_00015":{"x":-161.84,"y":0.2,"width":500,"height":500},"BLD_LGT_arrow1/BLD_LGT_arrow1_00016":{"x":-161.84,"y":0.2,"width":500,"height":500}},"BLD_LGT_arrow1/BLD_LGT_arrow1_2":{"BLD_LGT_arrow1/BLD_LGT_arrow1_00002":{"x":-161.84,"y":0.2,"width":500,"height":500},"BLD_LGT_arrow1/BLD_LGT_arrow1_00003":{"x":-161.84,"y":0.2,"width":500,"height":500},"BLD_LGT_arrow1/BLD_LGT_arrow1_00004":{"x":-161.84,"y":0.2,"width":500,"height":500},"BLD_LGT_arrow1/BLD_LGT_arrow1_00005":{"x":-161.84,"y":0.2,"width":500,"height":500},"BLD_LGT_arrow1/BLD_LGT_arrow1_00006":{"x":-161.84,"y":0.2,"width":500,"height":500},"BLD_LGT_arrow1/BLD_LGT_arrow1_00007":{"x":-161.84,"y":0.2,"width":500,"height":500},"BLD_LGT_arrow1/BLD_LGT_arrow1_00009":{"x":-161.84,"y":0.2,"width":500,"height":500},"BLD_LGT_arrow1/BLD_LGT_arrow1_00010":{"x":-161.84,"y":0.2,"width":500,"height":500},"BLD_LGT_arrow1/BLD_LGT_arrow1_00013":{"x":-161.84,"y":0.2,"width":500,"height":500},"BLD_LGT_arrow1/BLD_LGT_arrow1_00015":{"x":-161.84,"y":0.2,"width":500,"height":500},"BLD_LGT_arrow1/BLD_LGT_arrow1_00016":{"x":-161.84,"y":0.2,"width":500,"height":500}},"BLD_LGT_arrow1/BLD_LGT_arrow1_3":{"BLD_LGT_arrow1/BLD_LGT_arrow1_00002":{"x":-161.84,"y":0.2,"width":500,"height":500},"BLD_LGT_arrow1/BLD_LGT_arrow1_00003":{"x":-161.84,"y":0.2,"width":500,"height":500},"BLD_LGT_arrow1/BLD_LGT_arrow1_00004":{"x":-161.84,"y":0.2,"width":500,"height":500},"BLD_LGT_arrow1/BLD_LGT_arrow1_00005":{"x":-161.84,"y":0.2,"width":500,"height":500},"BLD_LGT_arrow1/BLD_LGT_arrow1_00006":{"x":-161.84,"y":0.2,"width":500,"height":500},"BLD_LGT_arrow1/BLD_LGT_arrow1_00007":{"x":-161.84,"y":0.2,"width":500,"height":500},"BLD_LGT_arrow1/BLD_LGT_arrow1_00009":{"x":-161.84,"y":0.2,"width":500,"height":500},"BLD_LGT_arrow1/BLD_LGT_arrow1_00010":{"x":-161.84,"y":0.2,"width":500,"height":500},"BLD_LGT_arrow1/BLD_LGT_arrow1_00013":{"x":-161.84,"y":0.2,"width":500,"height":500},"BLD_LGT_arrow1/BLD_LGT_arrow1_00015":{"x":-161.84,"y":0.2,"width":500,"height":500},"BLD_LGT_arrow1/BLD_LGT_arrow1_00016":{"x":-161.84,"y":0.2,"width":500,"height":500}},"BLD_LGT_arrow1/BLD_LGT_arrow1_4":{"BLD_LGT_arrow1/BLD_LGT_arrow1_00002":{"x":-161.84,"y":0.2,"width":500,"height":500},"BLD_LGT_arrow1/BLD_LGT_arrow1_00003":{"x":-161.84,"y":0.2,"width":500,"height":500},"BLD_LGT_arrow1/BLD_LGT_arrow1_00004":{"x":-161.84,"y":0.2,"width":500,"height":500},"BLD_LGT_arrow1/BLD_LGT_arrow1_00005":{"x":-161.84,"y":0.2,"width":500,"height":500},"BLD_LGT_arrow1/BLD_LGT_arrow1_00006":{"x":-161.84,"y":0.2,"width":500,"height":500},"BLD_LGT_arrow1/BLD_LGT_arrow1_00007":{"x":-161.84,"y":0.2,"width":500,"height":500},"BLD_LGT_arrow1/BLD_LGT_arrow1_00009":{"x":-161.84,"y":0.2,"width":500,"height":500},"BLD_LGT_arrow1/BLD_LGT_arrow1_00010":{"x":-161.84,"y":0.2,"width":500,"height":500},"BLD_LGT_arrow1/BLD_LGT_arrow1_00013":{"x":-161.84,"y":0.2,"width":500,"height":500},"BLD_LGT_arrow1/BLD_LGT_arrow1_00015":{"x":-161.84,"y":0.2,"width":500,"height":500},"BLD_LGT_arrow1/BLD_LGT_arrow1_00016":{"x":-161.84,"y":0.2,"width":500,"height":500}},"BLD_LGT_arrow1/BLD_LGT_arrow1_5":{"BLD_LGT_arrow1/BLD_LGT_arrow1_00002":{"x":-161.84,"y":0.2,"width":500,"height":500},"BLD_LGT_arrow1/BLD_LGT_arrow1_00003":{"x":-161.84,"y":0.2,"width":500,"height":500},"BLD_LGT_arrow1/BLD_LGT_arrow1_00004":{"x":-161.84,"y":0.2,"width":500,"height":500},"BLD_LGT_arrow1/BLD_LGT_arrow1_00005":{"x":-161.84,"y":0.2,"width":500,"height":500},"BLD_LGT_arrow1/BLD_LGT_arrow1_00006":{"x":-161.84,"y":0.2,"width":500,"height":500},"BLD_LGT_arrow1/BLD_LGT_arrow1_00007":{"x":-161.84,"y":0.2,"width":500,"height":500},"BLD_LGT_arrow1/BLD_LGT_arrow1_00009":{"x":-161.84,"y":0.2,"width":500,"height":500},"BLD_LGT_arrow1/BLD_LGT_arrow1_00010":{"x":-161.84,"y":0.2,"width":500,"height":500},"BLD_LGT_arrow1/BLD_LGT_arrow1_00013":{"x":-161.84,"y":0.2,"width":500,"height":500},"BLD_LGT_arrow1/BLD_LGT_arrow1_00015":{"x":-161.84,"y":0.2,"width":500,"height":500},"BLD_LGT_arrow1/BLD_LGT_arrow1_00016":{"x":-161.84,"y":0.2,"width":500,"height":500}},"BLD_LGT_arrow1/BLD_LGT_arrow1_6":{"BLD_LGT_arrow1/BLD_LGT_arrow1_00002":{"x":-161.84,"y":0.2,"width":500,"height":500},"BLD_LGT_arrow1/BLD_LGT_arrow1_00003":{"x":-161.84,"y":0.2,"width":500,"height":500},"BLD_LGT_arrow1/BLD_LGT_arrow1_00004":{"x":-161.84,"y":0.2,"width":500,"height":500},"BLD_LGT_arrow1/BLD_LGT_arrow1_00005":{"x":-161.84,"y":0.2,"width":500,"height":500},"BLD_LGT_arrow1/BLD_LGT_arrow1_00006":{"x":-161.84,"y":0.2,"width":500,"height":500},"BLD_LGT_arrow1/BLD_LGT_arrow1_00007":{"x":-161.84,"y":0.2,"width":500,"height":500},"BLD_LGT_arrow1/BLD_LGT_arrow1_00009":{"x":-161.84,"y":0.2,"width":500,"height":500},"BLD_LGT_arrow1/BLD_LGT_arrow1_00010":{"x":-161.84,"y":0.2,"width":500,"height":500},"BLD_LGT_arrow1/BLD_LGT_arrow1_00013":{"x":-161.84,"y":0.2,"width":500,"height":500},"BLD_LGT_arrow1/BLD_LGT_arrow1_00015":{"x":-161.84,"y":0.2,"width":500,"height":500},"BLD_LGT_arrow1/BLD_LGT_arrow1_00016":{"x":-161.84,"y":0.2,"width":500,"height":500}},"BLD_LGT_arrow2a/BLD_LGT_arrow2a_00002":{"BLD_LGT_arrow2a/BLD_LGT_arrow2a_00002":{"x":156.94,"y":10.41,"width":500,"height":500},"BLD_LGT_arrow2a/BLD_LGT_arrow2a_00003":{"x":156.94,"y":10.41,"width":500,"height":500},"BLD_LGT_arrow2a/BLD_LGT_arrow2a_00004":{"x":156.94,"y":10.41,"width":500,"height":500},"BLD_LGT_arrow2a/BLD_LGT_arrow2a_00005":{"x":156.94,"y":10.41,"width":500,"height":500},"BLD_LGT_arrow2a/BLD_LGT_arrow2a_00006":{"x":156.94,"y":10.41,"width":500,"height":500},"BLD_LGT_arrow2a/BLD_LGT_arrow2a_00007":{"x":156.94,"y":10.41,"width":500,"height":500},"BLD_LGT_arrow2a/BLD_LGT_arrow2a_00008":{"x":156.94,"y":10.41,"width":500,"height":500}},"BLD_LGT_arrow2a/BLD_LGT_arrow2a_2":{"BLD_LGT_arrow2a/BLD_LGT_arrow2a_00002":{"x":156.94,"y":10.41,"width":500,"height":500},"BLD_LGT_arrow2a/BLD_LGT_arrow2a_00003":{"x":156.94,"y":10.41,"width":500,"height":500},"BLD_LGT_arrow2a/BLD_LGT_arrow2a_00004":{"x":156.94,"y":10.41,"width":500,"height":500},"BLD_LGT_arrow2a/BLD_LGT_arrow2a_00005":{"x":156.94,"y":10.41,"width":500,"height":500},"BLD_LGT_arrow2a/BLD_LGT_arrow2a_00006":{"x":156.94,"y":10.41,"width":500,"height":500},"BLD_LGT_arrow2a/BLD_LGT_arrow2a_00007":{"x":156.94,"y":10.41,"width":500,"height":500},"BLD_LGT_arrow2a/BLD_LGT_arrow2a_00008":{"x":156.94,"y":10.41,"width":500,"height":500}},"BLD_LGT_arrow2a/BLD_LGT_arrow2a_3":{"BLD_LGT_arrow2a/BLD_LGT_arrow2a_00002":{"x":156.94,"y":10.41,"width":500,"height":500},"BLD_LGT_arrow2a/BLD_LGT_arrow2a_00003":{"x":156.94,"y":10.41,"width":500,"height":500},"BLD_LGT_arrow2a/BLD_LGT_arrow2a_00004":{"x":156.94,"y":10.41,"width":500,"height":500},"BLD_LGT_arrow2a/BLD_LGT_arrow2a_00005":{"x":156.94,"y":10.41,"width":500,"height":500},"BLD_LGT_arrow2a/BLD_LGT_arrow2a_00006":{"x":156.94,"y":10.41,"width":500,"height":500},"BLD_LGT_arrow2a/BLD_LGT_arrow2a_00007":{"x":156.94,"y":10.41,"width":500,"height":500},"BLD_LGT_arrow2a/BLD_LGT_arrow2a_00008":{"x":156.94,"y":10.41,"width":500,"height":500}},"BLD_LGT_arrow2a/BLD_LGT_arrow2a_4":{"BLD_LGT_arrow2a/BLD_LGT_arrow2a_00002":{"x":156.94,"y":10.41,"width":500,"height":500},"BLD_LGT_arrow2a/BLD_LGT_arrow2a_00003":{"x":156.94,"y":10.41,"width":500,"height":500},"BLD_LGT_arrow2a/BLD_LGT_arrow2a_00004":{"x":156.94,"y":10.41,"width":500,"height":500},"BLD_LGT_arrow2a/BLD_LGT_arrow2a_00005":{"x":156.94,"y":10.41,"width":500,"height":500},"BLD_LGT_arrow2a/BLD_LGT_arrow2a_00006":{"x":156.94,"y":10.41,"width":500,"height":500},"BLD_LGT_arrow2a/BLD_LGT_arrow2a_00007":{"x":156.94,"y":10.41,"width":500,"height":500},"BLD_LGT_arrow2a/BLD_LGT_arrow2a_00008":{"x":156.94,"y":10.41,"width":500,"height":500}},"BLD_LGT_arrow2a/BLD_LGT_arrow2a_5":{"BLD_LGT_arrow2a/BLD_LGT_arrow2a_00002":{"x":156.94,"y":10.41,"width":500,"height":500},"BLD_LGT_arrow2a/BLD_LGT_arrow2a_00003":{"x":156.94,"y":10.41,"width":500,"height":500},"BLD_LGT_arrow2a/BLD_LGT_arrow2a_00004":{"x":156.94,"y":10.41,"width":500,"height":500},"BLD_LGT_arrow2a/BLD_LGT_arrow2a_00005":{"x":156.94,"y":10.41,"width":500,"height":500},"BLD_LGT_arrow2a/BLD_LGT_arrow2a_00006":{"x":156.94,"y":10.41,"width":500,"height":500},"BLD_LGT_arrow2a/BLD_LGT_arrow2a_00007":{"x":156.94,"y":10.41,"width":500,"height":500},"BLD_LGT_arrow2a/BLD_LGT_arrow2a_00008":{"x":156.94,"y":10.41,"width":500,"height":500}},"BLD_LGT_arrow2a/BLD_LGT_arrow2a_6":{"BLD_LGT_arrow2a/BLD_LGT_arrow2a_00002":{"x":156.94,"y":10.41,"width":500,"height":500},"BLD_LGT_arrow2a/BLD_LGT_arrow2a_00003":{"x":156.94,"y":10.41,"width":500,"height":500},"BLD_LGT_arrow2a/BLD_LGT_arrow2a_00004":{"x":156.94,"y":10.41,"width":500,"height":500},"BLD_LGT_arrow2a/BLD_LGT_arrow2a_00005":{"x":156.94,"y":10.41,"width":500,"height":500},"BLD_LGT_arrow2a/BLD_LGT_arrow2a_00006":{"x":156.94,"y":10.41,"width":500,"height":500},"BLD_LGT_arrow2a/BLD_LGT_arrow2a_00007":{"x":156.94,"y":10.41,"width":500,"height":500},"BLD_LGT_arrow2a/BLD_LGT_arrow2a_00008":{"x":156.94,"y":10.41,"width":500,"height":500}},"BLD_LGT_arrow2b/BLD_LGT_arrow2b_00002":{"BLD_LGT_arrow2b/BLD_LGT_arrow2b_00002":{"x":148.26,"y":15.75,"width":500,"height":500},"BLD_LGT_arrow2b/BLD_LGT_arrow2b_00003":{"x":148.26,"y":15.75,"width":500,"height":500},"BLD_LGT_arrow2b/BLD_LGT_arrow2b_00004":{"x":148.26,"y":15.75,"width":500,"height":500},"BLD_LGT_arrow2b/BLD_LGT_arrow2b_00005":{"x":148.26,"y":15.75,"width":500,"height":500},"BLD_LGT_arrow2b/BLD_LGT_arrow2b_00006":{"x":148.26,"y":15.75,"width":500,"height":500},"BLD_LGT_arrow2b/BLD_LGT_arrow2b_00007":{"x":148.26,"y":15.75,"width":500,"height":500},"BLD_LGT_arrow2b/BLD_LGT_arrow2b_00008":{"x":148.26,"y":15.75,"width":500,"height":500}},"BLD_LGT_arrow2b/BLD_LGT_arrow2b_2":{"BLD_LGT_arrow2b/BLD_LGT_arrow2b_00002":{"x":148.26,"y":15.75,"width":500,"height":500},"BLD_LGT_arrow2b/BLD_LGT_arrow2b_00003":{"x":148.26,"y":15.75,"width":500,"height":500},"BLD_LGT_arrow2b/BLD_LGT_arrow2b_00004":{"x":148.26,"y":15.75,"width":500,"height":500},"BLD_LGT_arrow2b/BLD_LGT_arrow2b_00005":{"x":148.26,"y":15.75,"width":500,"height":500},"BLD_LGT_arrow2b/BLD_LGT_arrow2b_00006":{"x":148.26,"y":15.75,"width":500,"height":500},"BLD_LGT_arrow2b/BLD_LGT_arrow2b_00007":{"x":148.26,"y":15.75,"width":500,"height":500},"BLD_LGT_arrow2b/BLD_LGT_arrow2b_00008":{"x":148.26,"y":15.75,"width":500,"height":500}},"BLD_LGT_arrow2b/BLD_LGT_arrow2b_3":{"BLD_LGT_arrow2b/BLD_LGT_arrow2b_00002":{"x":148.26,"y":15.75,"width":500,"height":500},"BLD_LGT_arrow2b/BLD_LGT_arrow2b_00003":{"x":148.26,"y":15.75,"width":500,"height":500},"BLD_LGT_arrow2b/BLD_LGT_arrow2b_00004":{"x":148.26,"y":15.75,"width":500,"height":500},"BLD_LGT_arrow2b/BLD_LGT_arrow2b_00005":{"x":148.26,"y":15.75,"width":500,"height":500},"BLD_LGT_arrow2b/BLD_LGT_arrow2b_00006":{"x":148.26,"y":15.75,"width":500,"height":500},"BLD_LGT_arrow2b/BLD_LGT_arrow2b_00007":{"x":148.26,"y":15.75,"width":500,"height":500},"BLD_LGT_arrow2b/BLD_LGT_arrow2b_00008":{"x":148.26,"y":15.75,"width":500,"height":500}},"BLD_LGT_arrow2b/BLD_LGT_arrow2b_4":{"BLD_LGT_arrow2b/BLD_LGT_arrow2b_00002":{"x":148.26,"y":15.75,"width":500,"height":500},"BLD_LGT_arrow2b/BLD_LGT_arrow2b_00003":{"x":148.26,"y":15.75,"width":500,"height":500},"BLD_LGT_arrow2b/BLD_LGT_arrow2b_00004":{"x":148.26,"y":15.75,"width":500,"height":500},"BLD_LGT_arrow2b/BLD_LGT_arrow2b_00005":{"x":148.26,"y":15.75,"width":500,"height":500},"BLD_LGT_arrow2b/BLD_LGT_arrow2b_00006":{"x":148.26,"y":15.75,"width":500,"height":500},"BLD_LGT_arrow2b/BLD_LGT_arrow2b_00007":{"x":148.26,"y":15.75,"width":500,"height":500},"BLD_LGT_arrow2b/BLD_LGT_arrow2b_00008":{"x":148.26,"y":15.75,"width":500,"height":500}},"BLD_LGT_arrow2b/BLD_LGT_arrow2b_5":{"BLD_LGT_arrow2b/BLD_LGT_arrow2b_00002":{"x":148.26,"y":15.75,"width":500,"height":500},"BLD_LGT_arrow2b/BLD_LGT_arrow2b_00003":{"x":148.26,"y":15.75,"width":500,"height":500},"BLD_LGT_arrow2b/BLD_LGT_arrow2b_00004":{"x":148.26,"y":15.75,"width":500,"height":500},"BLD_LGT_arrow2b/BLD_LGT_arrow2b_00005":{"x":148.26,"y":15.75,"width":500,"height":500},"BLD_LGT_arrow2b/BLD_LGT_arrow2b_00006":{"x":148.26,"y":15.75,"width":500,"height":500},"BLD_LGT_arrow2b/BLD_LGT_arrow2b_00007":{"x":148.26,"y":15.75,"width":500,"height":500},"BLD_LGT_arrow2b/BLD_LGT_arrow2b_00008":{"x":148.26,"y":15.75,"width":500,"height":500}},"BLD_LGT_arrow2b/BLD_LGT_arrow2b_6":{"BLD_LGT_arrow2b/BLD_LGT_arrow2b_00002":{"x":148.26,"y":15.75,"width":500,"height":500},"BLD_LGT_arrow2b/BLD_LGT_arrow2b_00003":{"x":148.26,"y":15.75,"width":500,"height":500},"BLD_LGT_arrow2b/BLD_LGT_arrow2b_00004":{"x":148.26,"y":15.75,"width":500,"height":500},"BLD_LGT_arrow2b/BLD_LGT_arrow2b_00005":{"x":148.26,"y":15.75,"width":500,"height":500},"BLD_LGT_arrow2b/BLD_LGT_arrow2b_00006":{"x":148.26,"y":15.75,"width":500,"height":500},"BLD_LGT_arrow2b/BLD_LGT_arrow2b_00007":{"x":148.26,"y":15.75,"width":500,"height":500},"BLD_LGT_arrow2b/BLD_LGT_arrow2b_00008":{"x":148.26,"y":15.75,"width":500,"height":500}},"DAMAGEAREA":{"DAMAGEAREA":{"type":"boundingbox","vertices":[-98.40744,98.4588,-98.06413,-97.90723,97.9586,-98.25054,98.64522,97.7722]}}}},"events":{"Event":{},"Hit":{},"Sound1":{},"Sound2":{},"Sound3":{},"View":{}},"animations":{"attack1":{"slots":{"BLD_LGT_arrow1/BLD_LGT_arrow1_00002":{"attachment":[{"time":0.0333,"name":"BLD_LGT_arrow1/BLD_LGT_arrow1_00002"},{"time":0.0666,"name":"BLD_LGT_arrow1/BLD_LGT_arrow1_00003"},{"time":0.1,"name":"BLD_LGT_arrow1/BLD_LGT_arrow1_00005"},{"time":0.1333,"name":"BLD_LGT_arrow1/BLD_LGT_arrow1_00006"},{"time":0.1666,"name":"BLD_LGT_arrow1/BLD_LGT_arrow1_00007"},{"time":0.2,"name":"BLD_LGT_arrow1/BLD_LGT_arrow1_00009"},{"time":0.2333,"name":"BLD_LGT_arrow1/BLD_LGT_arrow1_00010"},{"time":0.2666,"name":"BLD_LGT_arrow1/BLD_LGT_arrow1_00013"},{"time":0.3,"name":"BLD_LGT_arrow1/BLD_LGT_arrow1_00015"},{"time":0.3333,"name":"BLD_LGT_arrow1/BLD_LGT_arrow1_00016"},{"time":0.3666,"name":null}]},"BLD_LGT_arrow1/BLD_LGT_arrow1_2":{"attachment":[{"time":0.1,"name":"BLD_LGT_arrow1/BLD_LGT_arrow1_00002"},{"time":0.1333,"name":"BLD_LGT_arrow1/BLD_LGT_arrow1_00003"},{"time":0.1666,"name":"BLD_LGT_arrow1/BLD_LGT_arrow1_00004"},{"time":0.2,"name":"BLD_LGT_arrow1/BLD_LGT_arrow1_00005"},{"time":0.2333,"name":"BLD_LGT_arrow1/BLD_LGT_arrow1_00006"},{"time":0.2666,"name":"BLD_LGT_arrow1/BLD_LGT_arrow1_00007"},{"time":0.3,"name":"BLD_LGT_arrow1/BLD_LGT_arrow1_00009"},{"time":0.3333,"name":"BLD_LGT_arrow1/BLD_LGT_arrow1_00010"},{"time":0.3666,"name":"BLD_LGT_arrow1/BLD_LGT_arrow1_00013"},{"time":0.4,"name":"BLD_LGT_arrow1/BLD_LGT_arrow1_00015"},{"time":0.4333,"name":"BLD_LGT_arrow1/BLD_LGT_arrow1_00016"},{"time":0.4666,"name":null}]},"BLD_LGT_arrow1/BLD_LGT_arrow1_3":{"attachment":[{"time":0.1666,"name":"BLD_LGT_arrow1/BLD_LGT_arrow1_00002"},{"time":0.2,"name":"BLD_LGT_arrow1/BLD_LGT_arrow1_00003"},{"time":0.2333,"name":"BLD_LGT_arrow1/BLD_LGT_arrow1_00004"},{"time":0.2666,"name":"BLD_LGT_arrow1/BLD_LGT_arrow1_00005"},{"time":0.3,"name":"BLD_LGT_arrow1/BLD_LGT_arrow1_00006"},{"time":0.3333,"name":"BLD_LGT_arrow1/BLD_LGT_arrow1_00007"},{"time":0.3666,"name":"BLD_LGT_arrow1/BLD_LGT_arrow1_00009"},{"time":0.4,"name":"BLD_LGT_arrow1/BLD_LGT_arrow1_00010"},{"time":0.4333,"name":"BLD_LGT_arrow1/BLD_LGT_arrow1_00013"},{"time":0.4666,"name":"BLD_LGT_arrow1/BLD_LGT_arrow1_00015"},{"time":0.5,"name":"BLD_LGT_arrow1/BLD_LGT_arrow1_00016"},{"time":0.5333,"name":null}]},"BLD_LGT_arrow2a/BLD_LGT_arrow2a_00002":{"attachment":[{"time":0.0666,"name":"BLD_LGT_arrow2a/BLD_LGT_arrow2a_00002"},{"time":0.1,"name":"BLD_LGT_arrow2a/BLD_LGT_arrow2a_00003"},{"time":0.1333,"name":"BLD_LGT_arrow2a/BLD_LGT_arrow2a_00004"},{"time":0.1666,"name":"BLD_LGT_arrow2a/BLD_LGT_arrow2a_00005"},{"time":0.2,"name":"BLD_LGT_arrow2a/BLD_LGT_arrow2a_00006"},{"time":0.2333,"name":"BLD_LGT_arrow2a/BLD_LGT_arrow2a_00007"},{"time":0.2666,"name":"BLD_LGT_arrow2a/BLD_LGT_arrow2a_00008"},{"time":0.3,"name":null}]},"BLD_LGT_arrow2a/BLD_LGT_arrow2a_2":{"attachment":[{"time":0.1333,"name":"BLD_LGT_arrow2a/BLD_LGT_arrow2a_00002"},{"time":0.1666,"name":"BLD_LGT_arrow2a/BLD_LGT_arrow2a_00003"},{"time":0.2,"name":"BLD_LGT_arrow2a/BLD_LGT_arrow2a_00004"},{"time":0.2333,"name":"BLD_LGT_arrow2a/BLD_LGT_arrow2a_00005"},{"time":0.2666,"name":"BLD_LGT_arrow2a/BLD_LGT_arrow2a_00006"},{"time":0.3,"name":"BLD_LGT_arrow2a/BLD_LGT_arrow2a_00007"},{"time":0.3333,"name":"BLD_LGT_arrow2a/BLD_LGT_arrow2a_00008"},{"time":0.3666,"name":null}]},"BLD_LGT_arrow2a/BLD_LGT_arrow2a_3":{"attachment":[{"time":0.2,"name":"BLD_LGT_arrow2a/BLD_LGT_arrow2a_00002"},{"time":0.2333,"name":"BLD_LGT_arrow2a/BLD_LGT_arrow2a_00003"},{"time":0.2666,"name":"BLD_LGT_arrow2a/BLD_LGT_arrow2a_00004"},{"time":0.3,"name":"BLD_LGT_arrow2a/BLD_LGT_arrow2a_00005"},{"time":0.3333,"name":"BLD_LGT_arrow2a/BLD_LGT_arrow2a_00006"},{"time":0.3666,"name":"BLD_LGT_arrow2a/BLD_LGT_arrow2a_00007"},{"time":0.4,"name":"BLD_LGT_arrow2a/BLD_LGT_arrow2a_00008"},{"time":0.4333,"name":null}]},"BLD_LGT_arrow2b/BLD_LGT_arrow2b_00002":{"attachment":[{"time":0.0666,"name":"BLD_LGT_arrow2b/BLD_LGT_arrow2b_00002"},{"time":0.1,"name":"BLD_LGT_arrow2b/BLD_LGT_arrow2b_00003"},{"time":0.1333,"name":"BLD_LGT_arrow2b/BLD_LGT_arrow2b_00004"},{"time":0.1666,"name":"BLD_LGT_arrow2b/BLD_LGT_arrow2b_00005"},{"time":0.2,"name":"BLD_LGT_arrow2b/BLD_LGT_arrow2b_00006"},{"time":0.2333,"name":"BLD_LGT_arrow2b/BLD_LGT_arrow2b_00007"},{"time":0.2666,"name":"BLD_LGT_arrow2b/BLD_LGT_arrow2b_00008"},{"time":0.3,"name":null}]},"BLD_LGT_arrow2b/BLD_LGT_arrow2b_2":{"attachment":[{"time":0.1333,"name":"BLD_LGT_arrow2b/BLD_LGT_arrow2b_00002"},{"time":0.1666,"name":"BLD_LGT_arrow2b/BLD_LGT_arrow2b_00003"},{"time":0.2,"name":"BLD_LGT_arrow2b/BLD_LGT_arrow2b_00004"},{"time":0.2333,"name":"BLD_LGT_arrow2b/BLD_LGT_arrow2b_00005"},{"time":0.2666,"name":"BLD_LGT_arrow2b/BLD_LGT_arrow2b_00006"},{"time":0.3,"name":"BLD_LGT_arrow2b/BLD_LGT_arrow2b_00007"},{"time":0.3333,"name":"BLD_LGT_arrow2b/BLD_LGT_arrow2b_00008"},{"time":0.3666,"name":null}]},"BLD_LGT_arrow2b/BLD_LGT_arrow2b_3":{"attachment":[{"time":0.2,"name":"BLD_LGT_arrow2b/BLD_LGT_arrow2b_00002"},{"time":0.2333,"name":"BLD_LGT_arrow2b/BLD_LGT_arrow2b_00003"},{"time":0.2666,"name":"BLD_LGT_arrow2b/BLD_LGT_arrow2b_00004"},{"time":0.3,"name":"BLD_LGT_arrow2b/BLD_LGT_arrow2b_00005"},{"time":0.3333,"name":"BLD_LGT_arrow2b/BLD_LGT_arrow2b_00006"},{"time":0.3666,"name":"BLD_LGT_arrow2b/BLD_LGT_arrow2b_00007"},{"time":0.4,"name":"BLD_LGT_arrow2b/BLD_LGT_arrow2b_00008"},{"time":0.4333,"name":null}]},"DAMAGEAREA":{"attachment":[{"time":0.0666,"name":"DAMAGEAREA"},{"time":0.2666,"name":null}]}},"bones":{"root":{"rotate":[{"time":1.1333,"angle":0}]},"arrow1":{"rotate":[{"time":0.0333,"angle":52.05},{"time":0.2,"angle":50.23}],"translate":[{"time":0.0333,"x":-592.02,"y":368.09}],"scale":[{"time":0.0333,"x":0.8,"y":1},{"time":0.0666,"x":1.533,"y":0.866}]},"arrow2":{"rotate":[{"time":0.1,"angle":41.23}],"translate":[{"time":0.1,"x":-589.66,"y":457.61}],"scale":[{"time":0.1,"x":0.8,"y":1},{"time":0.1333,"x":1.533,"y":0.866}]},"arrow3":{"rotate":[{"time":0.1666,"angle":59.28}],"translate":[{"time":0.1666,"x":-520.32,"y":481.64}],"scale":[{"time":0.1666,"x":0.8,"y":1},{"time":0.2,"x":1.533,"y":0.866}]},"Thunder1":{"rotate":[{"time":0.0666,"angle":47.66}],"translate":[{"time":0.0666,"x":-925,"y":-232.87}],"scale":[{"time":0.0666,"x":0.8,"y":0.65}]},"Thunder2":{"rotate":[{"time":0.1333,"angle":37.76}],"translate":[{"time":0.1333,"x":-1063.42,"y":-81.86}],"scale":[{"time":0.1333,"x":0.8,"y":0.65}]},"Thunder3":{"rotate":[{"time":0.2,"angle":54.55}],"translate":[{"time":0.2,"x":-794.7,"y":-233.53}],"scale":[{"time":0.2,"x":0.8,"y":0.65}]},"MAIN":{"translate":[{"time":0,"x":-101.04,"y":17.94}],"scale":[{"time":0,"x":0.701,"y":0.701}]},"DAMAGEAREA":{"translate":[{"time":0.0666,"x":-441.02,"y":60.92}],"scale":[{"time":0.0666,"x":1.54,"y":1.608}]}},"events":[{"time":0,"name":"Event","int":400,"string":"setPosition_Target"},{"time":0.0333,"name":"Event","float":0.05,"string":"kHitStopType_enemyonly"},{"time":0.0333,"name":"Sound1","string":"cri_se_battle_spark"},{"time":0.0333,"name":"Sound2","string":"cri_se_battle_arrow_light_effect"},{"time":0.0333,"name":"Sound3","string":"cri_se_battle_arrow"},{"time":0.1,"name":"Sound3","string":"cri_se_battle_arrow"},{"time":0.1333,"name":"Hit","string":"resetHitList"},{"time":0.1333,"name":"Sound2","string":"cri_se_battle_arrow_light_effect"},{"time":0.1666,"name":"Sound1","string":"cri_se_battle_spark"},{"time":0.1666,"name":"Sound3","string":"cri_se_battle_arrow"},{"time":0.2,"name":"Event","string":"kImpactType_down"},{"time":0.2,"name":"Hit","string":"resetHitList"},{"time":0.2333,"name":"Sound2","string":"cri_se_battle_arrow_light_effect"},{"time":0.2333,"name":"Sound3","string":"cri_se_battle_arrow"},{"time":0.3,"name":"Sound1","string":"cri_se_battle_spark"},{"time":0.3,"name":"Sound3","string":"cri_se_battle_arrow"},{"time":0.3333,"name":"Sound2","string":"cri_se_battle_arrow_light_effect"},{"time":0.3666,"name":"Sound3","string":"cri_se_battle_arrow"}]},"attack2":{"slots":{"BLD_LGT_arrow1/BLD_LGT_arrow1_00002":{"attachment":[{"time":0.0333,"name":"BLD_LGT_arrow1/BLD_LGT_arrow1_00002"},{"time":0.0666,"name":"BLD_LGT_arrow1/BLD_LGT_arrow1_00003"},{"time":0.1,"name":"BLD_LGT_arrow1/BLD_LGT_arrow1_00005"},{"time":0.1333,"name":"BLD_LGT_arrow1/BLD_LGT_arrow1_00006"},{"time":0.1666,"name":"BLD_LGT_arrow1/BLD_LGT_arrow1_00007"},{"time":0.2,"name":"BLD_LGT_arrow1/BLD_LGT_arrow1_00009"},{"time":0.2333,"name":"BLD_LGT_arrow1/BLD_LGT_arrow1_00010"},{"time":0.2666,"name":"BLD_LGT_arrow1/BLD_LGT_arrow1_00013"},{"time":0.3,"name":"BLD_LGT_arrow1/BLD_LGT_arrow1_00015"},{"time":0.3333,"name":"BLD_LGT_arrow1/BLD_LGT_arrow1_00016"},{"time":0.3666,"name":null}]},"BLD_LGT_arrow1/BLD_LGT_arrow1_2":{"attachment":[{"time":0.1,"name":"BLD_LGT_arrow1/BLD_LGT_arrow1_00002"},{"time":0.1333,"name":"BLD_LGT_arrow1/BLD_LGT_arrow1_00003"},{"time":0.1666,"name":"BLD_LGT_arrow1/BLD_LGT_arrow1_00004"},{"time":0.2,"name":"BLD_LGT_arrow1/BLD_LGT_arrow1_00005"},{"time":0.2333,"name":"BLD_LGT_arrow1/BLD_LGT_arrow1_00006"},{"time":0.2666,"name":"BLD_LGT_arrow1/BLD_LGT_arrow1_00007"},{"time":0.3,"name":"BLD_LGT_arrow1/BLD_LGT_arrow1_00009"},{"time":0.3333,"name":"BLD_LGT_arrow1/BLD_LGT_arrow1_00010"},{"time":0.3666,"name":"BLD_LGT_arrow1/BLD_LGT_arrow1_00013"},{"time":0.4,"name":"BLD_LGT_arrow1/BLD_LGT_arrow1_00015"},{"time":0.4333,"name":"BLD_LGT_arrow1/BLD_LGT_arrow1_00016"},{"time":0.4666,"name":null}]},"BLD_LGT_arrow1/BLD_LGT_arrow1_3":{"attachment":[{"time":0.1666,"name":"BLD_LGT_arrow1/BLD_LGT_arrow1_00002"},{"time":0.2,"name":"BLD_LGT_arrow1/BLD_LGT_arrow1_00003"},{"time":0.2333,"name":"BLD_LGT_arrow1/BLD_LGT_arrow1_00004"},{"time":0.2666,"name":"BLD_LGT_arrow1/BLD_LGT_arrow1_00005"},{"time":0.3,"name":"BLD_LGT_arrow1/BLD_LGT_arrow1_00006"},{"time":0.3333,"name":"BLD_LGT_arrow1/BLD_LGT_arrow1_00007"},{"time":0.3666,"name":"BLD_LGT_arrow1/BLD_LGT_arrow1_00009"},{"time":0.4,"name":"BLD_LGT_arrow1/BLD_LGT_arrow1_00010"},{"time":0.4333,"name":"BLD_LGT_arrow1/BLD_LGT_arrow1_00013"},{"time":0.4666,"name":"BLD_LGT_arrow1/BLD_LGT_arrow1_00015"},{"time":0.5,"name":"BLD_LGT_arrow1/BLD_LGT_arrow1_00016"},{"time":0.5333,"name":null}]},"BLD_LGT_arrow1/BLD_LGT_arrow1_4":{"attachment":[{"time":0.2333,"name":"BLD_LGT_arrow1/BLD_LGT_arrow1_00002"},{"time":0.2666,"name":"BLD_LGT_arrow1/BLD_LGT_arrow1_00003"},{"time":0.3,"name":"BLD_LGT_arrow1/BLD_LGT_arrow1_00004"},{"time":0.3333,"name":"BLD_LGT_arrow1/BLD_LGT_arrow1_00005"},{"time":0.3666,"name":"BLD_LGT_arrow1/BLD_LGT_arrow1_00006"},{"time":0.4,"name":"BLD_LGT_arrow1/BLD_LGT_arrow1_00007"},{"time":0.4333,"name":"BLD_LGT_arrow1/BLD_LGT_arrow1_00009"},{"time":0.4666,"name":"BLD_LGT_arrow1/BLD_LGT_arrow1_00010"},{"time":0.5,"name":"BLD_LGT_arrow1/BLD_LGT_arrow1_00013"},{"time":0.5333,"name":"BLD_LGT_arrow1/BLD_LGT_arrow1_00015"},{"time":0.5666,"name":"BLD_LGT_arrow1/BLD_LGT_arrow1_00016"},{"time":0.6,"name":null}]},"BLD_LGT_arrow2a/BLD_LGT_arrow2a_00002":{"attachment":[{"time":0.0666,"name":"BLD_LGT_arrow2a/BLD_LGT_arrow2a_00002"},{"time":0.1,"name":"BLD_LGT_arrow2a/BLD_LGT_arrow2a_00003"},{"time":0.1333,"name":"BLD_LGT_arrow2a/BLD_LGT_arrow2a_00004"},{"time":0.1666,"name":"BLD_LGT_arrow2a/BLD_LGT_arrow2a_00005"},{"time":0.2,"name":"BLD_LGT_arrow2a/BLD_LGT_arrow2a_00006"},{"time":0.2333,"name":"BLD_LGT_arrow2a/BLD_LGT_arrow2a_00007"},{"time":0.2666,"name":"BLD_LGT_arrow2a/BLD_LGT_arrow2a_00008"},{"time":0.3,"name":null}]},"BLD_LGT_arrow2a/BLD_LGT_arrow2a_2":{"attachment":[{"time":0.1333,"name":"BLD_LGT_arrow2a/BLD_LGT_arrow2a_00002"},{"time":0.1666,"name":"BLD_LGT_arrow2a/BLD_LGT_arrow2a_00003"},{"time":0.2,"name":"BLD_LGT_arrow2a/BLD_LGT_arrow2a_00004"},{"time":0.2333,"name":"BLD_LGT_arrow2a/BLD_LGT_arrow2a_00005"},{"time":0.2666,"name":"BLD_LGT_arrow2a/BLD_LGT_arrow2a_00006"},{"time":0.3,"name":"BLD_LGT_arrow2a/BLD_LGT_arrow2a_00007"},{"time":0.3333,"name":"BLD_LGT_arrow2a/BLD_LGT_arrow2a_00008"},{"time":0.3666,"name":null}]},"BLD_LGT_arrow2a/BLD_LGT_arrow2a_3":{"attachment":[{"time":0.2,"name":"BLD_LGT_arrow2a/BLD_LGT_arrow2a_00002"},{"time":0.2333,"name":"BLD_LGT_arrow2a/BLD_LGT_arrow2a_00003"},{"time":0.2666,"name":"BLD_LGT_arrow2a/BLD_LGT_arrow2a_00004"},{"time":0.3,"name":"BLD_LGT_arrow2a/BLD_LGT_arrow2a_00005"},{"time":0.3333,"name":"BLD_LGT_arrow2a/BLD_LGT_arrow2a_00006"},{"time":0.3666,"name":"BLD_LGT_arrow2a/BLD_LGT_arrow2a_00007"},{"time":0.4,"name":"BLD_LGT_arrow2a/BLD_LGT_arrow2a_00008"},{"time":0.4333,"name":null}]},"BLD_LGT_arrow2a/BLD_LGT_arrow2a_4":{"attachment":[{"time":0.2666,"name":"BLD_LGT_arrow2a/BLD_LGT_arrow2a_00002"},{"time":0.3,"name":"BLD_LGT_arrow2a/BLD_LGT_arrow2a_00003"},{"time":0.3333,"name":"BLD_LGT_arrow2a/BLD_LGT_arrow2a_00004"},{"time":0.3666,"name":"BLD_LGT_arrow2a/BLD_LGT_arrow2a_00005"},{"time":0.4,"name":"BLD_LGT_arrow2a/BLD_LGT_arrow2a_00006"},{"time":0.4333,"name":"BLD_LGT_arrow2a/BLD_LGT_arrow2a_00007"},{"time":0.4666,"name":"BLD_LGT_arrow2a/BLD_LGT_arrow2a_00008"},{"time":0.5,"name":null}]},"BLD_LGT_arrow2b/BLD_LGT_arrow2b_00002":{"attachment":[{"time":0.0666,"name":"BLD_LGT_arrow2b/BLD_LGT_arrow2b_00002"},{"time":0.1,"name":"BLD_LGT_arrow2b/BLD_LGT_arrow2b_00003"},{"time":0.1333,"name":"BLD_LGT_arrow2b/BLD_LGT_arrow2b_00004"},{"time":0.1666,"name":"BLD_LGT_arrow2b/BLD_LGT_arrow2b_00005"},{"time":0.2,"name":"BLD_LGT_arrow2b/BLD_LGT_arrow2b_00006"},{"time":0.2333,"name":"BLD_LGT_arrow2b/BLD_LGT_arrow2b_00007"},{"time":0.2666,"name":"BLD_LGT_arrow2b/BLD_LGT_arrow2b_00008"},{"time":0.3,"name":null}]},"BLD_LGT_arrow2b/BLD_LGT_arrow2b_2":{"attachment":[{"time":0.1333,"name":"BLD_LGT_arrow2b/BLD_LGT_arrow2b_00002"},{"time":0.1666,"name":"BLD_LGT_arrow2b/BLD_LGT_arrow2b_00003"},{"time":0.2,"name":"BLD_LGT_arrow2b/BLD_LGT_arrow2b_00004"},{"time":0.2333,"name":"BLD_LGT_arrow2b/BLD_LGT_arrow2b_00005"},{"time":0.2666,"name":"BLD_LGT_arrow2b/BLD_LGT_arrow2b_00006"},{"time":0.3,"name":"BLD_LGT_arrow2b/BLD_LGT_arrow2b_00007"},{"time":0.3333,"name":"BLD_LGT_arrow2b/BLD_LGT_arrow2b_00008"},{"time":0.3666,"name":null}]},"BLD_LGT_arrow2b/BLD_LGT_arrow2b_3":{"attachment":[{"time":0.2,"name":"BLD_LGT_arrow2b/BLD_LGT_arrow2b_00002"},{"time":0.2333,"name":"BLD_LGT_arrow2b/BLD_LGT_arrow2b_00003"},{"time":0.2666,"name":"BLD_LGT_arrow2b/BLD_LGT_arrow2b_00004"},{"time":0.3,"name":"BLD_LGT_arrow2b/BLD_LGT_arrow2b_00005"},{"time":0.3333,"name":"BLD_LGT_arrow2b/BLD_LGT_arrow2b_00006"},{"time":0.3666,"name":"BLD_LGT_arrow2b/BLD_LGT_arrow2b_00007"},{"time":0.4,"name":"BLD_LGT_arrow2b/BLD_LGT_arrow2b_00008"},{"time":0.4333,"name":null}]},"BLD_LGT_arrow2b/BLD_LGT_arrow2b_4":{"attachment":[{"time":0.2666,"name":"BLD_LGT_arrow2b/BLD_LGT_arrow2b_00002"},{"time":0.3,"name":"BLD_LGT_arrow2b/BLD_LGT_arrow2b_00003"},{"time":0.3333,"name":"BLD_LGT_arrow2b/BLD_LGT_arrow2b_00004"},{"time":0.3666,"name":"BLD_LGT_arrow2b/BLD_LGT_arrow2b_00005"},{"time":0.4,"name":"BLD_LGT_arrow2b/BLD_LGT_arrow2b_00006"},{"time":0.4333,"name":"BLD_LGT_arrow2b/BLD_LGT_arrow2b_00007"},{"time":0.4666,"name":"BLD_LGT_arrow2b/BLD_LGT_arrow2b_00008"},{"time":0.5,"name":null}]},"DAMAGEAREA":{"attachment":[{"time":0.0666,"name":"DAMAGEAREA"},{"time":0.3333,"name":null}]}},"bones":{"root":{"rotate":[{"time":1.1333,"angle":0}]},"arrow1":{"rotate":[{"time":0.0333,"angle":52.05}],"translate":[{"time":0.0333,"x":-592.02,"y":368.09}],"scale":[{"time":0.0333,"x":0.8,"y":1},{"time":0.0666,"x":1.533,"y":1.066}]},"arrow2":{"rotate":[{"time":0.1,"angle":41.23}],"translate":[{"time":0.1,"x":-615,"y":473.45}],"scale":[{"time":0.1,"x":0.8,"y":1},{"time":0.1333,"x":1.533,"y":1.066}]},"arrow3":{"rotate":[{"time":0.1666,"angle":59.28}],"translate":[{"time":0.1666,"x":-499.73,"y":480.06}],"scale":[{"time":0.1666,"x":0.8,"y":1},{"time":0.2,"x":1.533,"y":1.066}]},"arrow4":{"rotate":[{"time":0.2333,"angle":43.34}],"translate":[{"time":0.2333,"x":-532,"y":574.33}],"scale":[{"time":0.2333,"x":0.8,"y":1},{"time":0.2666,"x":1.533,"y":1.066}]},"Thunder1":{"rotate":[{"time":0.0666,"angle":47.85}],"translate":[{"time":0.0666,"x":-912.32,"y":-239.21}],"scale":[{"time":0.0666,"x":1,"y":0.8},{"time":0.1666,"x":0.9,"y":0.8}]},"Thunder2":{"rotate":[{"time":0.1333,"angle":37.76}],"translate":[{"time":0.1333,"x":-1072.92,"y":-64.44}],"scale":[{"time":0.1333,"x":0.9,"y":0.8}]},"Thunder3":{"rotate":[{"time":0.2,"angle":54.55}],"translate":[{"time":0.2,"x":-766.19,"y":-225.61}],"scale":[{"time":0.2,"x":0.9,"y":0.8}]},"Thunder4":{"rotate":[{"time":0.2666,"angle":39.4}],"translate":[{"time":0.2666,"x":-1022.56,"y":-35.16}],"scale":[{"time":0.2666,"x":0.9,"y":0.8}]},"MAIN":{"translate":[{"time":0,"x":-56.54,"y":0}],"scale":[{"time":0,"x":0.8,"y":0.8}]},"DAMAGEAREA":{"translate":[{"time":0.0666,"x":-441.02,"y":60.92}],"scale":[{"time":0.0666,"x":1.931,"y":2.017}]}},"events":[{"time":0,"name":"Event","int":400,"string":"setPosition_Target"},{"time":0.0333,"name":"Event","float":0.05,"string":"kHitStopType_enemyonly"},{"time":0.0333,"name":"Sound1","string":"cri_se_battle_spark"},{"time":0.0333,"name":"Sound2","string":"cri_se_battle_arrow_light_effect"},{"time":0.0333,"name":"Sound3","string":"cri_se_battle_arrow"},{"time":0.1,"name":"Event","string":"shakeGround"},{"time":0.1,"name":"Sound3","string":"cri_se_battle_arrow"},{"time":0.1333,"name":"Hit","string":"resetHitList"},{"time":0.1333,"name":"Sound2","string":"cri_se_battle_arrow_light_effect"},{"time":0.1666,"name":"Sound1","string":"cri_se_battle_spark"},{"time":0.1666,"name":"Sound3","string":"cri_se_battle_arrow"},{"time":0.2,"name":"Hit","string":"resetHitList"},{"time":0.2333,"name":"Sound2","string":"cri_se_battle_arrow_light_effect"},{"time":0.2333,"name":"Sound3","string":"cri_se_battle_arrow"},{"time":0.2666,"name":"Event","string":"kImpactType_down"},{"time":0.2666,"name":"Hit","string":"resetHitList"},{"time":0.3,"name":"Sound1","string":"cri_se_battle_spark"},{"time":0.3,"name":"Sound3","string":"cri_se_battle_arrow"},{"time":0.3333,"name":"Sound2","string":"cri_se_battle_arrow_light_effect"},{"time":0.3666,"name":"Sound3","string":"cri_se_battle_arrow"}]},"attack3":{"slots":{"BLD_LGT_arrow1/BLD_LGT_arrow1_00002":{"attachment":[{"time":0.0333,"name":"BLD_LGT_arrow1/BLD_LGT_arrow1_00002"},{"time":0.0666,"name":"BLD_LGT_arrow1/BLD_LGT_arrow1_00003"},{"time":0.1,"name":"BLD_LGT_arrow1/BLD_LGT_arrow1_00005"},{"time":0.1333,"name":"BLD_LGT_arrow1/BLD_LGT_arrow1_00006"},{"time":0.1666,"name":"BLD_LGT_arrow1/BLD_LGT_arrow1_00007"},{"time":0.2,"name":"BLD_LGT_arrow1/BLD_LGT_arrow1_00009"},{"time":0.2333,"name":"BLD_LGT_arrow1/BLD_LGT_arrow1_00010"},{"time":0.2666,"name":"BLD_LGT_arrow1/BLD_LGT_arrow1_00013"},{"time":0.3,"name":"BLD_LGT_arrow1/BLD_LGT_arrow1_00015"},{"time":0.3333,"name":"BLD_LGT_arrow1/BLD_LGT_arrow1_00016"},{"time":0.3666,"name":null}]},"BLD_LGT_arrow1/BLD_LGT_arrow1_2":{"attachment":[{"time":0.1,"name":"BLD_LGT_arrow1/BLD_LGT_arrow1_00002"},{"time":0.1333,"name":"BLD_LGT_arrow1/BLD_LGT_arrow1_00003"},{"time":0.1666,"name":"BLD_LGT_arrow1/BLD_LGT_arrow1_00004"},{"time":0.2,"name":"BLD_LGT_arrow1/BLD_LGT_arrow1_00005"},{"time":0.2333,"name":"BLD_LGT_arrow1/BLD_LGT_arrow1_00006"},{"time":0.2666,"name":"BLD_LGT_arrow1/BLD_LGT_arrow1_00007"},{"time":0.3,"name":"BLD_LGT_arrow1/BLD_LGT_arrow1_00009"},{"time":0.3333,"name":"BLD_LGT_arrow1/BLD_LGT_arrow1_00010"},{"time":0.3666,"name":"BLD_LGT_arrow1/BLD_LGT_arrow1_00013"},{"time":0.4,"name":"BLD_LGT_arrow1/BLD_LGT_arrow1_00015"},{"time":0.4333,"name":"BLD_LGT_arrow1/BLD_LGT_arrow1_00016"},{"time":0.4666,"name":null}]},"BLD_LGT_arrow1/BLD_LGT_arrow1_3":{"attachment":[{"time":0.1666,"name":"BLD_LGT_arrow1/BLD_LGT_arrow1_00002"},{"time":0.2,"name":"BLD_LGT_arrow1/BLD_LGT_arrow1_00003"},{"time":0.2333,"name":"BLD_LGT_arrow1/BLD_LGT_arrow1_00004"},{"time":0.2666,"name":"BLD_LGT_arrow1/BLD_LGT_arrow1_00005"},{"time":0.3,"name":"BLD_LGT_arrow1/BLD_LGT_arrow1_00006"},{"time":0.3333,"name":"BLD_LGT_arrow1/BLD_LGT_arrow1_00007"},{"time":0.3666,"name":"BLD_LGT_arrow1/BLD_LGT_arrow1_00009"},{"time":0.4,"name":"BLD_LGT_arrow1/BLD_LGT_arrow1_00010"},{"time":0.4333,"name":"BLD_LGT_arrow1/BLD_LGT_arrow1_00013"},{"time":0.4666,"name":"BLD_LGT_arrow1/BLD_LGT_arrow1_00015"},{"time":0.5,"name":"BLD_LGT_arrow1/BLD_LGT_arrow1_00016"},{"time":0.5333,"name":null}]},"BLD_LGT_arrow1/BLD_LGT_arrow1_4":{"attachment":[{"time":0.2333,"name":"BLD_LGT_arrow1/BLD_LGT_arrow1_00002"},{"time":0.2666,"name":"BLD_LGT_arrow1/BLD_LGT_arrow1_00003"},{"time":0.3,"name":"BLD_LGT_arrow1/BLD_LGT_arrow1_00004"},{"time":0.3333,"name":"BLD_LGT_arrow1/BLD_LGT_arrow1_00005"},{"time":0.3666,"name":"BLD_LGT_arrow1/BLD_LGT_arrow1_00006"},{"time":0.4,"name":"BLD_LGT_arrow1/BLD_LGT_arrow1_00007"},{"time":0.4333,"name":"BLD_LGT_arrow1/BLD_LGT_arrow1_00009"},{"time":0.4666,"name":"BLD_LGT_arrow1/BLD_LGT_arrow1_00010"},{"time":0.5,"name":"BLD_LGT_arrow1/BLD_LGT_arrow1_00013"},{"time":0.5333,"name":"BLD_LGT_arrow1/BLD_LGT_arrow1_00015"},{"time":0.5666,"name":"BLD_LGT_arrow1/BLD_LGT_arrow1_00016"},{"time":0.6,"name":null}]},"BLD_LGT_arrow1/BLD_LGT_arrow1_5":{"attachment":[{"time":0.3,"name":"BLD_LGT_arrow1/BLD_LGT_arrow1_00002"},{"time":0.3333,"name":"BLD_LGT_arrow1/BLD_LGT_arrow1_00003"},{"time":0.3666,"name":"BLD_LGT_arrow1/BLD_LGT_arrow1_00004"},{"time":0.4,"name":"BLD_LGT_arrow1/BLD_LGT_arrow1_00005"},{"time":0.4333,"name":"BLD_LGT_arrow1/BLD_LGT_arrow1_00006"},{"time":0.4666,"name":"BLD_LGT_arrow1/BLD_LGT_arrow1_00007"},{"time":0.5,"name":"BLD_LGT_arrow1/BLD_LGT_arrow1_00009"},{"time":0.5333,"name":"BLD_LGT_arrow1/BLD_LGT_arrow1_00010"},{"time":0.5666,"name":"BLD_LGT_arrow1/BLD_LGT_arrow1_00013"},{"time":0.6,"name":"BLD_LGT_arrow1/BLD_LGT_arrow1_00015"},{"time":0.6333,"name":"BLD_LGT_arrow1/BLD_LGT_arrow1_00016"},{"time":0.6666,"name":null}]},"BLD_LGT_arrow1/BLD_LGT_arrow1_6":{"attachment":[{"time":0.3666,"name":"BLD_LGT_arrow1/BLD_LGT_arrow1_00002"},{"time":0.4,"name":"BLD_LGT_arrow1/BLD_LGT_arrow1_00003"},{"time":0.4333,"name":"BLD_LGT_arrow1/BLD_LGT_arrow1_00004"},{"time":0.4666,"name":"BLD_LGT_arrow1/BLD_LGT_arrow1_00005"},{"time":0.5,"name":"BLD_LGT_arrow1/BLD_LGT_arrow1_00006"},{"time":0.5333,"name":"BLD_LGT_arrow1/BLD_LGT_arrow1_00007"},{"time":0.5666,"name":"BLD_LGT_arrow1/BLD_LGT_arrow1_00009"},{"time":0.6,"name":"BLD_LGT_arrow1/BLD_LGT_arrow1_00010"},{"time":0.6333,"name":"BLD_LGT_arrow1/BLD_LGT_arrow1_00013"},{"time":0.6666,"name":"BLD_LGT_arrow1/BLD_LGT_arrow1_00016"},{"time":0.7,"name":null}]},"BLD_LGT_arrow2a/BLD_LGT_arrow2a_00002":{"attachment":[{"time":0.0666,"name":"BLD_LGT_arrow2a/BLD_LGT_arrow2a_00002"},{"time":0.1,"name":"BLD_LGT_arrow2a/BLD_LGT_arrow2a_00003"},{"time":0.1333,"name":"BLD_LGT_arrow2a/BLD_LGT_arrow2a_00004"},{"time":0.1666,"name":"BLD_LGT_arrow2a/BLD_LGT_arrow2a_00005"},{"time":0.2,"name":"BLD_LGT_arrow2a/BLD_LGT_arrow2a_00006"},{"time":0.2333,"name":"BLD_LGT_arrow2a/BLD_LGT_arrow2a_00007"},{"time":0.2666,"name":"BLD_LGT_arrow2a/BLD_LGT_arrow2a_00008"},{"time":0.3,"name":null}]},"BLD_LGT_arrow2a/BLD_LGT_arrow2a_2":{"attachment":[{"time":0.1333,"name":"BLD_LGT_arrow2a/BLD_LGT_arrow2a_00002"},{"time":0.1666,"name":"BLD_LGT_arrow2a/BLD_LGT_arrow2a_00003"},{"time":0.2,"name":"BLD_LGT_arrow2a/BLD_LGT_arrow2a_00004"},{"time":0.2333,"name":"BLD_LGT_arrow2a/BLD_LGT_arrow2a_00005"},{"time":0.2666,"name":"BLD_LGT_arrow2a/BLD_LGT_arrow2a_00006"},{"time":0.3,"name":"BLD_LGT_arrow2a/BLD_LGT_arrow2a_00007"},{"time":0.3333,"name":"BLD_LGT_arrow2a/BLD_LGT_arrow2a_00008"},{"time":0.3666,"name":null}]},"BLD_LGT_arrow2a/BLD_LGT_arrow2a_3":{"attachment":[{"time":0.2,"name":"BLD_LGT_arrow2a/BLD_LGT_arrow2a_00002"},{"time":0.2333,"name":"BLD_LGT_arrow2a/BLD_LGT_arrow2a_00003"},{"time":0.2666,"name":"BLD_LGT_arrow2a/BLD_LGT_arrow2a_00004"},{"time":0.3,"name":"BLD_LGT_arrow2a/BLD_LGT_arrow2a_00005"},{"time":0.3333,"name":"BLD_LGT_arrow2a/BLD_LGT_arrow2a_00006"},{"time":0.3666,"name":"BLD_LGT_arrow2a/BLD_LGT_arrow2a_00007"},{"time":0.4,"name":"BLD_LGT_arrow2a/BLD_LGT_arrow2a_00008"},{"time":0.4333,"name":null}]},"BLD_LGT_arrow2a/BLD_LGT_arrow2a_4":{"attachment":[{"time":0.2666,"name":"BLD_LGT_arrow2a/BLD_LGT_arrow2a_00002"},{"time":0.3,"name":"BLD_LGT_arrow2a/BLD_LGT_arrow2a_00003"},{"time":0.3333,"name":"BLD_LGT_arrow2a/BLD_LGT_arrow2a_00004"},{"time":0.3666,"name":"BLD_LGT_arrow2a/BLD_LGT_arrow2a_00005"},{"time":0.4,"name":"BLD_LGT_arrow2a/BLD_LGT_arrow2a_00006"},{"time":0.4333,"name":"BLD_LGT_arrow2a/BLD_LGT_arrow2a_00007"},{"time":0.4666,"name":"BLD_LGT_arrow2a/BLD_LGT_arrow2a_00008"},{"time":0.5,"name":null}]},"BLD_LGT_arrow2a/BLD_LGT_arrow2a_5":{"attachment":[{"time":0.3333,"name":"BLD_LGT_arrow2a/BLD_LGT_arrow2a_00002"},{"time":0.3666,"name":"BLD_LGT_arrow2a/BLD_LGT_arrow2a_00003"},{"time":0.4,"name":"BLD_LGT_arrow2a/BLD_LGT_arrow2a_00004"},{"time":0.4333,"name":"BLD_LGT_arrow2a/BLD_LGT_arrow2a_00005"},{"time":0.4666,"name":"BLD_LGT_arrow2a/BLD_LGT_arrow2a_00006"},{"time":0.5,"name":"BLD_LGT_arrow2a/BLD_LGT_arrow2a_00007"},{"time":0.5333,"name":"BLD_LGT_arrow2a/BLD_LGT_arrow2a_00008"},{"time":0.5666,"name":null}]},"BLD_LGT_arrow2a/BLD_LGT_arrow2a_6":{"attachment":[{"time":0.4,"name":"BLD_LGT_arrow2a/BLD_LGT_arrow2a_00002"},{"time":0.4333,"name":"BLD_LGT_arrow2a/BLD_LGT_arrow2a_00003"},{"time":0.4666,"name":"BLD_LGT_arrow2a/BLD_LGT_arrow2a_00004"},{"time":0.5,"name":"BLD_LGT_arrow2a/BLD_LGT_arrow2a_00005"},{"time":0.5333,"name":"BLD_LGT_arrow2a/BLD_LGT_arrow2a_00006"},{"time":0.5666,"name":"BLD_LGT_arrow2a/BLD_LGT_arrow2a_00007"},{"time":0.6,"name":"BLD_LGT_arrow2a/BLD_LGT_arrow2a_00008"},{"time":0.6333,"name":null}]},"BLD_LGT_arrow2b/BLD_LGT_arrow2b_00002":{"attachment":[{"time":0.0666,"name":"BLD_LGT_arrow2b/BLD_LGT_arrow2b_00002"},{"time":0.1,"name":"BLD_LGT_arrow2b/BLD_LGT_arrow2b_00003"},{"time":0.1333,"name":"BLD_LGT_arrow2b/BLD_LGT_arrow2b_00004"},{"time":0.1666,"name":"BLD_LGT_arrow2b/BLD_LGT_arrow2b_00005"},{"time":0.2,"name":"BLD_LGT_arrow2b/BLD_LGT_arrow2b_00006"},{"time":0.2333,"name":"BLD_LGT_arrow2b/BLD_LGT_arrow2b_00007"},{"time":0.2666,"name":"BLD_LGT_arrow2b/BLD_LGT_arrow2b_00008"},{"time":0.3,"name":null}]},"BLD_LGT_arrow2b/BLD_LGT_arrow2b_2":{"attachment":[{"time":0.1333,"name":"BLD_LGT_arrow2b/BLD_LGT_arrow2b_00002"},{"time":0.1666,"name":"BLD_LGT_arrow2b/BLD_LGT_arrow2b_00003"},{"time":0.2,"name":"BLD_LGT_arrow2b/BLD_LGT_arrow2b_00004"},{"time":0.2333,"name":"BLD_LGT_arrow2b/BLD_LGT_arrow2b_00005"},{"time":0.2666,"name":"BLD_LGT_arrow2b/BLD_LGT_arrow2b_00006"},{"time":0.3,"name":"BLD_LGT_arrow2b/BLD_LGT_arrow2b_00007"},{"time":0.3333,"name":"BLD_LGT_arrow2b/BLD_LGT_arrow2b_00008"},{"time":0.3666,"name":null}]},"BLD_LGT_arrow2b/BLD_LGT_arrow2b_3":{"attachment":[{"time":0.2,"name":"BLD_LGT_arrow2b/BLD_LGT_arrow2b_00002"},{"time":0.2333,"name":"BLD_LGT_arrow2b/BLD_LGT_arrow2b_00003"},{"time":0.2666,"name":"BLD_LGT_arrow2b/BLD_LGT_arrow2b_00004"},{"time":0.3,"name":"BLD_LGT_arrow2b/BLD_LGT_arrow2b_00005"},{"time":0.3333,"name":"BLD_LGT_arrow2b/BLD_LGT_arrow2b_00006"},{"time":0.3666,"name":"BLD_LGT_arrow2b/BLD_LGT_arrow2b_00007"},{"time":0.4,"name":"BLD_LGT_arrow2b/BLD_LGT_arrow2b_00008"},{"time":0.4333,"name":null}]},"BLD_LGT_arrow2b/BLD_LGT_arrow2b_4":{"attachment":[{"time":0.2666,"name":"BLD_LGT_arrow2b/BLD_LGT_arrow2b_00002"},{"time":0.3,"name":"BLD_LGT_arrow2b/BLD_LGT_arrow2b_00003"},{"time":0.3333,"name":"BLD_LGT_arrow2b/BLD_LGT_arrow2b_00004"},{"time":0.3666,"name":"BLD_LGT_arrow2b/BLD_LGT_arrow2b_00005"},{"time":0.4,"name":"BLD_LGT_arrow2b/BLD_LGT_arrow2b_00006"},{"time":0.4333,"name":"BLD_LGT_arrow2b/BLD_LGT_arrow2b_00007"},{"time":0.4666,"name":"BLD_LGT_arrow2b/BLD_LGT_arrow2b_00008"},{"time":0.5,"name":null}]},"BLD_LGT_arrow2b/BLD_LGT_arrow2b_5":{"attachment":[{"time":0.3333,"name":"BLD_LGT_arrow2b/BLD_LGT_arrow2b_00002"},{"time":0.3666,"name":"BLD_LGT_arrow2b/BLD_LGT_arrow2b_00003"},{"time":0.4,"name":"BLD_LGT_arrow2b/BLD_LGT_arrow2b_00004"},{"time":0.4333,"name":"BLD_LGT_arrow2b/BLD_LGT_arrow2b_00005"},{"time":0.4666,"name":"BLD_LGT_arrow2b/BLD_LGT_arrow2b_00006"},{"time":0.5,"name":"BLD_LGT_arrow2b/BLD_LGT_arrow2b_00007"},{"time":0.5333,"name":"BLD_LGT_arrow2b/BLD_LGT_arrow2b_00008"},{"time":0.5666,"name":null}]},"BLD_LGT_arrow2b/BLD_LGT_arrow2b_6":{"attachment":[{"time":0.4,"name":"BLD_LGT_arrow2b/BLD_LGT_arrow2b_00002"},{"time":0.4333,"name":"BLD_LGT_arrow2b/BLD_LGT_arrow2b_00003"},{"time":0.4666,"name":"BLD_LGT_arrow2b/BLD_LGT_arrow2b_00004"},{"time":0.5,"name":"BLD_LGT_arrow2b/BLD_LGT_arrow2b_00005"},{"time":0.5333,"name":"BLD_LGT_arrow2b/BLD_LGT_arrow2b_00006"},{"time":0.5666,"name":"BLD_LGT_arrow2b/BLD_LGT_arrow2b_00007"},{"time":0.6,"name":"BLD_LGT_arrow2b/BLD_LGT_arrow2b_00008"},{"time":0.6333,"name":null}]},"DAMAGEAREA":{"attachment":[{"time":0.0666,"name":"DAMAGEAREA"},{"time":0.4,"name":null}]}},"bones":{"arrow1":{"rotate":[{"time":0.0333,"angle":52.05}],"translate":[{"time":0.0333,"x":-592.02,"y":368.09}],"scale":[{"time":0.0333,"x":0.8,"y":1},{"time":0.0666,"x":1.533,"y":1.333}]},"arrow2":{"rotate":[{"time":0.1,"angle":41.23}],"translate":[{"time":0.1,"x":-615,"y":473.45}],"scale":[{"time":0.1,"x":0.8,"y":1},{"time":0.1333,"x":1.533,"y":1.333}]},"arrow3":{"rotate":[{"time":0.1666,"angle":59.28}],"translate":[{"time":0.1666,"x":-499.73,"y":480.06}],"scale":[{"time":0.1666,"x":0.8,"y":1},{"time":0.2,"x":1.533,"y":1.333}]},"arrow4":{"rotate":[{"time":0.2333,"angle":43.34}],"translate":[{"time":0.2333,"x":-532,"y":574.33}],"scale":[{"time":0.2333,"x":0.8,"y":1},{"time":0.2666,"x":1.533,"y":1.333}]},"arrow5":{"rotate":[{"time":0.3,"angle":56.82}],"translate":[{"time":0.3,"x":-535.28,"y":595.48}],"scale":[{"time":0.3,"x":0.8,"y":1},{"time":0.3333,"x":1.533,"y":1.333}]},"arrow6":{"rotate":[{"time":0.3666,"angle":44.53}],"translate":[{"time":0.3666,"x":-472.23,"y":622.35}],"scale":[{"time":0.3666,"x":0.8,"y":1},{"time":0.4,"x":1.533,"y":1.333}]},"Thunder1":{"rotate":[{"time":0.0666,"angle":47.85}],"translate":[{"time":0.0666,"x":-926.44,"y":-252.04}],"scale":[{"time":0.0666,"x":1.1,"y":1.1}]},"Thunder2":{"rotate":[{"time":0.1333,"angle":37.76}],"translate":[{"time":0.1333,"x":-1072.92,"y":-64.44}],"scale":[{"time":0.1333,"x":1.1,"y":1.1}]},"Thunder3":{"rotate":[{"time":0.2,"angle":54.55}],"translate":[{"time":0.2,"x":-766.19,"y":-225.61}],"scale":[{"time":0.2,"x":1.1,"y":1.1}]},"Thunder4":{"rotate":[{"time":0.2666,"angle":39.4}],"translate":[{"time":0.2666,"x":-1018.72,"y":-39}],"scale":[{"time":0.2666,"x":1.1,"y":1.1}]},"Thunder5":{"rotate":[{"time":0.3333,"angle":52.01}],"translate":[{"time":0.3333,"x":-851.19,"y":-82.88}],"scale":[{"time":0.3333,"x":1.1,"y":1.1}]},"Thunder6":{"rotate":[{"time":0.4,"angle":39.93}],"translate":[{"time":0.4,"x":-950.02,"y":11.15}],"scale":[{"time":0.4,"x":1.1,"y":1.1}]},"DAMAGEAREA":{"translate":[{"time":0.0666,"x":-364.37,"y":83.41},{"time":0.1333,"x":-492.21,"y":83.41},{"time":0.2,"x":-424.53,"y":83.41}],"scale":[{"time":0.0666,"x":0.835,"y":2.241},{"time":0.1333,"x":1.872,"y":2.241},{"time":0.2,"x":2.647,"y":2.241}]}},"events":[{"time":0,"name":"Event","int":400,"string":"setPosition_Target"},{"time":0.0333,"name":"Sound1","string":"cri_se_battle_spark"},{"time":0.0333,"name":"Sound2","string":"cri_se_battle_arrow_light_effect"},{"time":0.0333,"name":"Sound3","string":"cri_se_battle_arrow"},{"time":0.0666,"name":"Event","float":0.07,"string":"kHitStopType_enemyonly"},{"time":0.1,"name":"Event","float":0.4,"string":"shakeGround_Loop"},{"time":0.1,"name":"Sound3","string":"cri_se_battle_arrow"},{"time":0.1333,"name":"Hit","string":"resetHitList"},{"time":0.1333,"name":"Sound2","string":"cri_se_battle_arrow_light_effect"},{"time":0.1666,"name":"Sound1","string":"cri_se_battle_spark"},{"time":0.1666,"name":"Sound3","string":"cri_se_battle_arrow"},{"time":0.2,"name":"Hit","string":"resetHitList"},{"time":0.2333,"name":"Sound2","string":"cri_se_battle_arrow_light_effect"},{"time":0.2333,"name":"Sound3","string":"cri_se_battle_arrow"},{"time":0.2666,"name":"Hit","string":"resetHitList"},{"time":0.3,"name":"Sound1","string":"cri_se_battle_spark"},{"time":0.3,"name":"Sound3","string":"cri_se_battle_arrow"},{"time":0.3333,"name":"Event","string":"kImpactType_down"},{"time":0.3333,"name":"Hit","string":"resetHitList"},{"time":0.3333,"name":"Sound2","string":"cri_se_battle_arrow_light_effect"},{"time":0.3666,"name":"Sound3","string":"cri_se_battle_arrow"}]}}}