{"skeleton":{"hash":"AXfe35//VPDerYpfgd5Rp498pJc","spine":"3.0.12","width":0,"height":0},"bones":[{"name":"root"},{"name":"MAIN","parent":"root"},{"name":"hit3_00","parent":"MAIN","scaleX":3,"scaleY":3},{"name":"hit2_00","parent":"MAIN","scaleX":2.5,"scaleY":2.5},{"name":"hit1_00","parent":"MAIN","scaleX":2,"scaleY":2},{"name":"DAMAGEAREA","parent":"root"},{"name":"shot1_00","parent":"MAIN","scaleX":2.5,"scaleY":2.5}],"slots":[{"name":"hit2_00","bone":"hit2_00","blend":"additive"},{"name":"hit3_00","bone":"hit3_00","blend":"additive"},{"name":"shot1_00","bone":"shot1_00","blend":"additive"},{"name":"hit1_00","bone":"hit1_00","blend":"additive"},{"name":"DAMAGEAREA","bone":"DAMAGEAREA"}],"skins":{"default":{"DAMAGEAREA":{"DAMAGEAREA":{"type":"boundingbox","vertices":[-99.57404,-99.06583,97.65586,-99.06583,98.47089,98.16407,-98.759,96.53407]}},"hit1_00":{"SHT_PSN_hit1/SHT_PSN_hit1_00001":{"width":250,"height":250},"SHT_PSN_hit1/SHT_PSN_hit1_00003":{"width":250,"height":250},"SHT_PSN_hit1/SHT_PSN_hit1_00005":{"width":250,"height":250},"SHT_PSN_hit1/SHT_PSN_hit1_00007":{"width":250,"height":250},"SHT_PSN_hit1/SHT_PSN_hit1_00009":{"width":250,"height":250},"SHT_PSN_hit1/SHT_PSN_hit1_00011":{"width":250,"height":250},"SHT_PSN_hit1/SHT_PSN_hit1_00013":{"width":250,"height":250},"SHT_PSN_hit1/SHT_PSN_hit1_00015":{"width":250,"height":250},"SHT_PSN_hit1/SHT_PSN_hit1_00017":{"width":250,"height":250},"SHT_PSN_hit1/SHT_PSN_hit1_00019":{"width":250,"height":250},"SHT_PSN_hit1/SHT_PSN_hit1_00021":{"width":250,"height":250},"SHT_PSN_hit1/SHT_PSN_hit1_00023":{"width":250,"height":250},"SHT_PSN_hit1/SHT_PSN_hit1_00025":{"width":250,"height":250}},"hit2_00":{"SHT_PSN_hit2/SHT_PSN_hit2_00001":{"width":250,"height":250},"SHT_PSN_hit2/SHT_PSN_hit2_00003":{"width":250,"height":250},"SHT_PSN_hit2/SHT_PSN_hit2_00005":{"width":250,"height":250},"SHT_PSN_hit2/SHT_PSN_hit2_00007":{"width":250,"height":250},"SHT_PSN_hit2/SHT_PSN_hit2_00009":{"width":250,"height":250},"SHT_PSN_hit2/SHT_PSN_hit2_00011":{"width":250,"height":250},"SHT_PSN_hit2/SHT_PSN_hit2_00013":{"width":250,"height":250},"SHT_PSN_hit2/SHT_PSN_hit2_00015":{"width":250,"height":250},"SHT_PSN_hit2/SHT_PSN_hit2_00017":{"width":250,"height":250},"SHT_PSN_hit2/SHT_PSN_hit2_00019":{"width":250,"height":250}},"hit3_00":{"SHT_PSN_hit3/SHT_PSN_hit3_00014":{"width":320,"height":160},"SHT_PSN_hit3/SHT_PSN_hit3_00018":{"width":320,"height":160},"SHT_PSN_hit3/SHT_PSN_hit3_00022":{"width":320,"height":160},"SHT_PSN_hit3/SHT_PSN_hit3_00026":{"width":320,"height":160},"SHT_PSN_hit3/SHT_PSN_hit3_00030":{"width":320,"height":160},"SHT_PSN_hit3/SHT_PSN_hit3_00034":{"width":320,"height":160},"SHT_PSN_hit3/SHT_PSN_hit3_00038":{"width":320,"height":160},"SHT_PSN_hit3/SHT_PSN_hit3_00042":{"width":320,"height":160},"SHT_PSN_hit3/SHT_PSN_hit3_00046":{"width":320,"height":160},"SHT_PSN_hit3/SHT_PSN_hit3_00050":{"width":320,"height":160}},"shot1_00":{"SHT_PSN_shot1/SHT_PSN_shot1_00001":{"x":19.83,"width":250,"height":250},"SHT_PSN_shot1/SHT_PSN_shot1_00002":{"x":19.83,"width":250,"height":250},"SHT_PSN_shot1/SHT_PSN_shot1_00003":{"x":19.83,"width":250,"height":250},"SHT_PSN_shot1/SHT_PSN_shot1_00004":{"x":19.83,"width":250,"height":250},"SHT_PSN_shot1/SHT_PSN_shot1_00005":{"x":19.83,"width":250,"height":250},"SHT_PSN_shot1/SHT_PSN_shot1_00006":{"x":19.83,"width":250,"height":250},"SHT_PSN_shot1/SHT_PSN_shot1_00007":{"x":19.83,"width":250,"height":250}}}},"events":{"Event":{},"Hit":{},"Sound1":{},"Sound2":{}},"animations":{"1explosion":{"slots":{"DAMAGEAREA":{"attachment":[{"time":0.6666,"name":"DAMAGEAREA"},{"time":2.7333,"name":null}]},"hit1_00":{"attachment":[{"time":0,"name":"SHT_PSN_hit1/SHT_PSN_hit1_00001"},{"time":0.0666,"name":"SHT_PSN_hit1/SHT_PSN_hit1_00003"},{"time":0.1333,"name":"SHT_PSN_hit1/SHT_PSN_hit1_00005"},{"time":0.2,"name":"SHT_PSN_hit1/SHT_PSN_hit1_00007"},{"time":0.2666,"name":"SHT_PSN_hit1/SHT_PSN_hit1_00009"},{"time":0.3333,"name":"SHT_PSN_hit1/SHT_PSN_hit1_00011"},{"time":0.4,"name":"SHT_PSN_hit1/SHT_PSN_hit1_00013"},{"time":0.4666,"name":"SHT_PSN_hit1/SHT_PSN_hit1_00015"},{"time":0.5333,"name":"SHT_PSN_hit1/SHT_PSN_hit1_00017"},{"time":0.6,"name":"SHT_PSN_hit1/SHT_PSN_hit1_00019"},{"time":0.6666,"name":"SHT_PSN_hit1/SHT_PSN_hit1_00021"},{"time":0.7333,"name":"SHT_PSN_hit1/SHT_PSN_hit1_00023"},{"time":0.8,"name":"SHT_PSN_hit1/SHT_PSN_hit1_00025"},{"time":1,"name":null}],"color":[{"time":0.7666,"color":"ffffffff"},{"time":1,"color":"ffffff00"}]},"hit2_00":{"attachment":[{"time":0,"name":"SHT_PSN_hit2/SHT_PSN_hit2_00001"},{"time":0.0666,"name":"SHT_PSN_hit2/SHT_PSN_hit2_00003"},{"time":0.1333,"name":"SHT_PSN_hit2/SHT_PSN_hit2_00005"},{"time":0.2,"name":"SHT_PSN_hit2/SHT_PSN_hit2_00007"},{"time":0.2666,"name":"SHT_PSN_hit2/SHT_PSN_hit2_00009"},{"time":0.3333,"name":"SHT_PSN_hit2/SHT_PSN_hit2_00011"},{"time":0.4,"name":"SHT_PSN_hit2/SHT_PSN_hit2_00013"},{"time":0.4666,"name":"SHT_PSN_hit2/SHT_PSN_hit2_00015"},{"time":0.5333,"name":"SHT_PSN_hit2/SHT_PSN_hit2_00017"},{"time":0.6,"name":"SHT_PSN_hit2/SHT_PSN_hit2_00019"},{"time":0.6666,"name":null}],"color":[{"time":0.6,"color":"ffffffff"},{"time":0.6666,"color":"ffffff00"}]},"hit3_00":{"attachment":[{"time":0.3,"name":"SHT_PSN_hit3/SHT_PSN_hit3_00014"},{"time":0.5666,"name":"SHT_PSN_hit3/SHT_PSN_hit3_00018"},{"time":0.8333,"name":"SHT_PSN_hit3/SHT_PSN_hit3_00022"},{"time":1.1,"name":"SHT_PSN_hit3/SHT_PSN_hit3_00026"},{"time":1.3666,"name":"SHT_PSN_hit3/SHT_PSN_hit3_00030"},{"time":1.6333,"name":"SHT_PSN_hit3/SHT_PSN_hit3_00034"},{"time":1.9,"name":"SHT_PSN_hit3/SHT_PSN_hit3_00038"},{"time":2.1666,"name":"SHT_PSN_hit3/SHT_PSN_hit3_00042"},{"time":2.4333,"name":"SHT_PSN_hit3/SHT_PSN_hit3_00046"},{"time":2.7,"name":"SHT_PSN_hit3/SHT_PSN_hit3_00050"},{"time":2.9666,"name":null}],"color":[{"time":0.3,"color":"ffffff00"},{"time":0.6666,"color":"ffffffff","curve":"stepped"},{"time":2.5666,"color":"ffffffff"},{"time":2.9666,"color":"ffffff00"}]}},"bones":{"hit2_00":{"scale":[{"time":0,"x":0.6,"y":0.6},{"time":0.6333,"x":0.8,"y":0.8}]},"hit3_00":{"scale":[{"time":0.3,"x":0.666,"y":0.666}]},"DAMAGEAREA":{"scale":[{"time":0.6666,"x":2,"y":1}]},"MAIN":{"scale":[{"time":0,"x":0.495,"y":0.495},{"time":0.1,"x":1,"y":1}]}},"events":[{"time":0,"name":"Sound1","string":"cri_se_battle_037_explosion_element_05"},{"time":0.3,"name":"Sound1","string":"cri_se_battle_fire_short"},{"time":0.6666,"name":"Event","string":"kHitStopType_none"},{"time":1.1666,"name":"Hit","string":"resetHitList"},{"time":1.6666,"name":"Hit","string":"resetHitList"},{"time":2.1666,"name":"Hit","string":"resetHitList"},{"time":2.6666,"name":"Hit","string":"resetHitList"}]},"2explosion":{"slots":{"DAMAGEAREA":{"attachment":[{"time":0.6666,"name":"DAMAGEAREA"},{"time":2.7333,"name":null}]},"hit1_00":{"attachment":[{"time":0,"name":"SHT_PSN_hit1/SHT_PSN_hit1_00001"},{"time":0.0666,"name":"SHT_PSN_hit1/SHT_PSN_hit1_00003"},{"time":0.1333,"name":"SHT_PSN_hit1/SHT_PSN_hit1_00005"},{"time":0.2,"name":"SHT_PSN_hit1/SHT_PSN_hit1_00007"},{"time":0.2666,"name":"SHT_PSN_hit1/SHT_PSN_hit1_00009"},{"time":0.3333,"name":"SHT_PSN_hit1/SHT_PSN_hit1_00011"},{"time":0.4,"name":"SHT_PSN_hit1/SHT_PSN_hit1_00013"},{"time":0.4666,"name":"SHT_PSN_hit1/SHT_PSN_hit1_00015"},{"time":0.5333,"name":"SHT_PSN_hit1/SHT_PSN_hit1_00017"},{"time":0.6,"name":"SHT_PSN_hit1/SHT_PSN_hit1_00019"},{"time":0.6666,"name":"SHT_PSN_hit1/SHT_PSN_hit1_00021"},{"time":0.7333,"name":"SHT_PSN_hit1/SHT_PSN_hit1_00023"},{"time":0.8,"name":"SHT_PSN_hit1/SHT_PSN_hit1_00025"},{"time":1,"name":null}],"color":[{"time":0.7666,"color":"ffffffff"},{"time":1,"color":"ffffff00"}]},"hit2_00":{"attachment":[{"time":0,"name":"SHT_PSN_hit2/SHT_PSN_hit2_00001"},{"time":0.0666,"name":"SHT_PSN_hit2/SHT_PSN_hit2_00003"},{"time":0.1333,"name":"SHT_PSN_hit2/SHT_PSN_hit2_00005"},{"time":0.2,"name":"SHT_PSN_hit2/SHT_PSN_hit2_00007"},{"time":0.2666,"name":"SHT_PSN_hit2/SHT_PSN_hit2_00009"},{"time":0.3333,"name":"SHT_PSN_hit2/SHT_PSN_hit2_00011"},{"time":0.4,"name":"SHT_PSN_hit2/SHT_PSN_hit2_00013"},{"time":0.4666,"name":"SHT_PSN_hit2/SHT_PSN_hit2_00015"},{"time":0.5333,"name":"SHT_PSN_hit2/SHT_PSN_hit2_00017"},{"time":0.6,"name":"SHT_PSN_hit2/SHT_PSN_hit2_00019"},{"time":0.6666,"name":null}],"color":[{"time":0.6,"color":"ffffffff"},{"time":0.6666,"color":"ffffff00"}]},"hit3_00":{"attachment":[{"time":0.3,"name":"SHT_PSN_hit3/SHT_PSN_hit3_00014"},{"time":0.5666,"name":"SHT_PSN_hit3/SHT_PSN_hit3_00018"},{"time":0.8333,"name":"SHT_PSN_hit3/SHT_PSN_hit3_00022"},{"time":1.1,"name":"SHT_PSN_hit3/SHT_PSN_hit3_00026"},{"time":1.3666,"name":"SHT_PSN_hit3/SHT_PSN_hit3_00030"},{"time":1.6333,"name":"SHT_PSN_hit3/SHT_PSN_hit3_00034"},{"time":1.9,"name":"SHT_PSN_hit3/SHT_PSN_hit3_00038"},{"time":2.1666,"name":"SHT_PSN_hit3/SHT_PSN_hit3_00042"},{"time":2.4333,"name":"SHT_PSN_hit3/SHT_PSN_hit3_00046"},{"time":2.7,"name":"SHT_PSN_hit3/SHT_PSN_hit3_00050"},{"time":2.9666,"name":null}],"color":[{"time":0.3,"color":"ffffff00"},{"time":0.6666,"color":"ffffffff","curve":"stepped"},{"time":2.5666,"color":"ffffffff"},{"time":2.9666,"color":"ffffff00"}]}},"bones":{"hit2_00":{"scale":[{"time":0,"x":0.8,"y":0.8},{"time":0.6333,"x":1,"y":1.14}]},"hit3_00":{"scale":[{"time":0.3,"x":0.833,"y":0.833}]},"DAMAGEAREA":{"scale":[{"time":0.6666,"x":2.5,"y":1}]},"MAIN":{"scale":[{"time":0,"x":0.495,"y":0.495},{"time":0.1,"x":1,"y":1}]}},"events":[{"time":0,"name":"Sound1","string":"cri_se_battle_037_explosion_element_05"},{"time":0.3,"name":"Sound1","string":"cri_se_battle_fire_short"},{"time":0.6666,"name":"Event","string":"kHitStopType_none"},{"time":1.0666,"name":"Hit","string":"resetHitList"},{"time":1.4666,"name":"Hit","string":"resetHitList"},{"time":1.8666,"name":"Hit","string":"resetHitList"},{"time":2.2666,"name":"Hit","string":"resetHitList"},{"time":2.6666,"name":"Hit","string":"resetHitList"}]},"3explosion":{"slots":{"DAMAGEAREA":{"attachment":[{"time":0.6666,"name":"DAMAGEAREA"},{"time":2.7333,"name":null}]},"hit1_00":{"attachment":[{"time":0,"name":"SHT_PSN_hit1/SHT_PSN_hit1_00001"},{"time":0.0666,"name":"SHT_PSN_hit1/SHT_PSN_hit1_00003"},{"time":0.1333,"name":"SHT_PSN_hit1/SHT_PSN_hit1_00005"},{"time":0.2,"name":"SHT_PSN_hit1/SHT_PSN_hit1_00007"},{"time":0.2666,"name":"SHT_PSN_hit1/SHT_PSN_hit1_00009"},{"time":0.3333,"name":"SHT_PSN_hit1/SHT_PSN_hit1_00011"},{"time":0.4,"name":"SHT_PSN_hit1/SHT_PSN_hit1_00013"},{"time":0.4666,"name":"SHT_PSN_hit1/SHT_PSN_hit1_00015"},{"time":0.5333,"name":"SHT_PSN_hit1/SHT_PSN_hit1_00017"},{"time":0.6,"name":"SHT_PSN_hit1/SHT_PSN_hit1_00019"},{"time":0.6666,"name":"SHT_PSN_hit1/SHT_PSN_hit1_00021"},{"time":0.7333,"name":"SHT_PSN_hit1/SHT_PSN_hit1_00023"},{"time":0.8,"name":"SHT_PSN_hit1/SHT_PSN_hit1_00025"},{"time":1,"name":null}],"color":[{"time":0.7666,"color":"ffffffff"},{"time":1,"color":"ffffff00"}]},"hit2_00":{"attachment":[{"time":0,"name":"SHT_PSN_hit2/SHT_PSN_hit2_00001"},{"time":0.0666,"name":"SHT_PSN_hit2/SHT_PSN_hit2_00003"},{"time":0.1333,"name":"SHT_PSN_hit2/SHT_PSN_hit2_00005"},{"time":0.2,"name":"SHT_PSN_hit2/SHT_PSN_hit2_00007"},{"time":0.2666,"name":"SHT_PSN_hit2/SHT_PSN_hit2_00009"},{"time":0.3333,"name":"SHT_PSN_hit2/SHT_PSN_hit2_00011"},{"time":0.4,"name":"SHT_PSN_hit2/SHT_PSN_hit2_00013"},{"time":0.4666,"name":"SHT_PSN_hit2/SHT_PSN_hit2_00015"},{"time":0.5333,"name":"SHT_PSN_hit2/SHT_PSN_hit2_00017"},{"time":0.6,"name":"SHT_PSN_hit2/SHT_PSN_hit2_00019"},{"time":0.6666,"name":null}],"color":[{"time":0.6,"color":"ffffffff"},{"time":0.6666,"color":"ffffff00"}]},"hit3_00":{"attachment":[{"time":0.3,"name":"SHT_PSN_hit3/SHT_PSN_hit3_00014"},{"time":0.5666,"name":"SHT_PSN_hit3/SHT_PSN_hit3_00018"},{"time":0.8333,"name":"SHT_PSN_hit3/SHT_PSN_hit3_00022"},{"time":1.1,"name":"SHT_PSN_hit3/SHT_PSN_hit3_00026"},{"time":1.3666,"name":"SHT_PSN_hit3/SHT_PSN_hit3_00030"},{"time":1.6333,"name":"SHT_PSN_hit3/SHT_PSN_hit3_00034"},{"time":1.9,"name":"SHT_PSN_hit3/SHT_PSN_hit3_00038"},{"time":2.1666,"name":"SHT_PSN_hit3/SHT_PSN_hit3_00042"},{"time":2.4333,"name":"SHT_PSN_hit3/SHT_PSN_hit3_00046"},{"time":2.7,"name":"SHT_PSN_hit3/SHT_PSN_hit3_00050"},{"time":2.9666,"name":null}],"color":[{"time":0.3,"color":"ffffff00"},{"time":0.6666,"color":"ffffffff","curve":"stepped"},{"time":2.5666,"color":"ffffffff"},{"time":2.9666,"color":"ffffff00"}]}},"bones":{"hit2_00":{"scale":[{"time":0,"x":1,"y":1},{"time":0.6333,"x":1.2,"y":1.2}]},"DAMAGEAREA":{"scale":[{"time":0.6666,"x":2.995,"y":1}]},"MAIN":{"scale":[{"time":0,"x":0.495,"y":0.495},{"time":0.1,"x":1,"y":1}]}},"events":[{"time":0,"name":"Sound1","string":"cri_se_battle_037_explosion_element_05"},{"time":0.3,"name":"Sound1","string":"cri_se_battle_fire_short"},{"time":0.6666,"name":"Event","string":"kHitStopType_none"},{"time":1,"name":"Hit","string":"resetHitList"},{"time":1.3333,"name":"Hit","string":"resetHitList"},{"time":1.6666,"name":"Hit","string":"resetHitList"},{"time":2,"name":"Hit","string":"resetHitList"},{"time":2.3333,"name":"Hit","string":"resetHitList"},{"time":2.6666,"name":"Hit","string":"resetHitList"}]},"attack1":{"slots":{"DAMAGEAREA":{"attachment":[{"time":0.0333,"name":"DAMAGEAREA"},{"time":0.2666,"name":null}]},"shot1_00":{"attachment":[{"time":0,"name":"SHT_PSN_shot1/SHT_PSN_shot1_00001"},{"time":0.0333,"name":"SHT_PSN_shot1/SHT_PSN_shot1_00002"},{"time":0.0666,"name":"SHT_PSN_shot1/SHT_PSN_shot1_00003"},{"time":0.1,"name":"SHT_PSN_shot1/SHT_PSN_shot1_00004"},{"time":0.1333,"name":"SHT_PSN_shot1/SHT_PSN_shot1_00005"},{"time":0.1666,"name":"SHT_PSN_shot1/SHT_PSN_shot1_00006"},{"time":0.2,"name":"SHT_PSN_shot1/SHT_PSN_shot1_00007"},{"time":0.2666,"name":null}],"color":[{"time":0.2,"color":"ffffffff"},{"time":0.2666,"color":"ffffff00"}]}},"bones":{"shot1_00":{"scale":[{"time":0,"x":0.6,"y":0.6}]},"MAIN":{"translate":[{"time":0,"x":-158.5,"y":57.94},{"time":0.2333,"x":-347.9,"y":57.94}]},"DAMAGEAREA":{"translate":[{"time":0,"x":-109.16,"y":59.27},{"time":0.2333,"x":-295.36,"y":59.27}],"scale":[{"time":0,"x":0.373,"y":0.373}]}},"events":[{"time":0,"name":"Event","string":"setShotEndAnimationName_1explosion"},{"time":0,"name":"Sound1","string":"cri_se_battle_skill_swish"},{"time":0.0333,"name":"Event","float":0.05,"string":"kHitStopType_enemyonly"}]},"attack2":{"slots":{"DAMAGEAREA":{"attachment":[{"time":0.0333,"name":"DAMAGEAREA"},{"time":0.2666,"name":null}]},"shot1_00":{"attachment":[{"time":0,"name":"SHT_PSN_shot1/SHT_PSN_shot1_00001"},{"time":0.0333,"name":"SHT_PSN_shot1/SHT_PSN_shot1_00002"},{"time":0.0666,"name":"SHT_PSN_shot1/SHT_PSN_shot1_00003"},{"time":0.1,"name":"SHT_PSN_shot1/SHT_PSN_shot1_00004"},{"time":0.1333,"name":"SHT_PSN_shot1/SHT_PSN_shot1_00005"},{"time":0.1666,"name":"SHT_PSN_shot1/SHT_PSN_shot1_00006"},{"time":0.2,"name":"SHT_PSN_shot1/SHT_PSN_shot1_00007"},{"time":0.2666,"name":null}],"color":[{"time":0.2,"color":"ffffffff"},{"time":0.2666,"color":"ffffff00"}]}},"bones":{"shot1_00":{"scale":[{"time":0,"x":0.8,"y":0.8}]},"MAIN":{"translate":[{"time":0,"x":-158.5,"y":57.94},{"time":0.2333,"x":-347.9,"y":57.94}]},"DAMAGEAREA":{"translate":[{"time":0,"x":-101.91,"y":61.73},{"time":0.2333,"x":-288.11,"y":61.73}],"scale":[{"time":0,"x":0.421,"y":0.421}]}},"events":[{"time":0,"name":"Event","string":"setShotEndAnimationName_2explosion"},{"time":0,"name":"Sound1","string":"cri_se_battle_skill_swish"},{"time":0.0333,"name":"Event","float":0.05,"string":"kHitStopType_enemyonly"}]},"attack3":{"slots":{"DAMAGEAREA":{"attachment":[{"time":0,"name":"DAMAGEAREA"},{"time":0.3666,"name":null}]},"shot1_00":{"attachment":[{"time":0,"name":"SHT_PSN_shot1/SHT_PSN_shot1_00001"},{"time":0.0666,"name":"SHT_PSN_shot1/SHT_PSN_shot1_00002"},{"time":0.1333,"name":"SHT_PSN_shot1/SHT_PSN_shot1_00003"},{"time":0.2,"name":"SHT_PSN_shot1/SHT_PSN_shot1_00004"},{"time":0.2666,"name":"SHT_PSN_shot1/SHT_PSN_shot1_00005"},{"time":0.3333,"name":"SHT_PSN_shot1/SHT_PSN_shot1_00006"}]}},"bones":{"shot1_00":{"translate":[{"time":0,"x":-85,"y":0}],"scale":[{"time":0,"x":1.4,"y":1.4}]},"MAIN":{"translate":[{"time":0,"x":-45.32,"y":57.94},{"time":0.3333,"x":-565.79,"y":57.94}]},"DAMAGEAREA":{"translate":[{"time":0,"x":-26.7,"y":55.85},{"time":0.3333,"x":-544.95,"y":55.85}],"scale":[{"time":0,"x":0.764,"y":0.764}]}},"events":[{"time":0,"name":"Event","string":"setShotEndAnimationName_3explosion"},{"time":0,"name":"Sound1","string":"cri_se_battle_skill_swish"},{"time":0.0333,"name":"Event","float":0.05,"string":"kHitStopType_enemyonly"}]},"mist":{"slots":{"hit3_00":{"attachment":[{"time":0,"name":"SHT_PSN_hit3/SHT_PSN_hit3_00014"},{"time":0.2666,"name":"SHT_PSN_hit3/SHT_PSN_hit3_00018"},{"time":0.5333,"name":"SHT_PSN_hit3/SHT_PSN_hit3_00022"},{"time":0.8,"name":"SHT_PSN_hit3/SHT_PSN_hit3_00026"},{"time":1.0666,"name":"SHT_PSN_hit3/SHT_PSN_hit3_00030"},{"time":1.3333,"name":"SHT_PSN_hit3/SHT_PSN_hit3_00034"},{"time":1.6,"name":"SHT_PSN_hit3/SHT_PSN_hit3_00038"},{"time":1.8666,"name":"SHT_PSN_hit3/SHT_PSN_hit3_00042"},{"time":2.1333,"name":"SHT_PSN_hit3/SHT_PSN_hit3_00046"},{"time":2.4,"name":"SHT_PSN_hit3/SHT_PSN_hit3_00050"},{"time":2.6666,"name":null}],"color":[{"time":0,"color":"ffffff00"},{"time":0.3666,"color":"ffffffff","curve":"stepped"},{"time":2.2666,"color":"ffffffff"},{"time":2.6666,"color":"ffffff00"}]}}}}}