{"skeleton":{"hash":"i2l8zO3d4R2YbEKmKwNJlWfdCVw","spine":"3.0.12","width":0,"height":0},"bones":[{"name":"root"},{"name":"MAIN","parent":"root","y":65},{"name":"icebreak4","parent":"MAIN","x":100,"y":35},{"name":"icebreak3","parent":"MAIN","x":100,"y":35},{"name":"icebreak2","parent":"MAIN","x":100,"y":35},{"name":"icebreak1","parent":"MAIN","x":100,"y":35},{"name":"ice_A_5","parent":"MAIN","x":100,"y":-65},{"name":"ice_A_4","parent":"MAIN","x":100,"y":-65},{"name":"ice_A_3","parent":"MAIN","x":100,"y":-65},{"name":"ice_A_2","parent":"MAIN","x":100,"y":-65},{"name":"ice_A_1","parent":"MAIN","x":100,"y":-65},{"name":"ice_3","parent":"MAIN","x":100,"y":235},{"name":"ice_2","parent":"MAIN","x":100,"y":235},{"name":"ice_1","parent":"MAIN","x":100,"y":235},{"name":"front_wave_1","parent":"MAIN","x":-200,"y":35},{"name":"dusty_breath_2","parent":"MAIN","x":200,"y":235},{"name":"dusty_breath_1","parent":"MAIN","x":200,"y":235},{"name":"DAMAGEAREA","parent":"root"},{"name":"shock_1","parent":"MAIN","x":300,"y":35},{"name":"shock_2","parent":"MAIN","x":300,"y":35},{"name":"shock_3","parent":"MAIN","x":300,"y":35},{"name":"shock_4","parent":"MAIN","x":300,"y":35},{"name":"shock_wave_1","parent":"MAIN","x":200,"y":-65},{"name":"shock_wave_2","parent":"MAIN","x":200,"y":-65},{"name":"shock_wave_3","parent":"MAIN","x":200,"y":-65},{"name":"slash_A_1","parent":"MAIN","x":200,"y":35},{"name":"slash_ice","parent":"MAIN","x":200,"y":135},{"name":"spear_1","parent":"MAIN","x":300,"y":-65}],"slots":[{"name":"ef_fire_wave_A_main/ef_fire_wave_A_main_00003","bone":"shock_1","blend":"additive"},{"name":"ef_fire_wave_A_main/ef_fire_wave_A_main_3","bone":"shock_2","blend":"additive"},{"name":"ef_fire_wave_A_main/ef_fire_wave_A_main_4","bone":"shock_3","blend":"additive"},{"name":"ef_fire_wave_A_main/ef_fire_wave_A_main_5","bone":"shock_4","blend":"additive"},{"name":"ef_ice_A_blue_main/ef_ice_A_blue_main_00002","bone":"ice_A_1","blend":"additive"},{"name":"ef_ice_A_blue_main/ef_ice_A_blue_main_2","bone":"ice_A_2","blend":"additive"},{"name":"ef_ice_A_blue_main/ef_ice_A_blue_main_3","bone":"ice_A_3","blend":"additive"},{"name":"ef_ice_A_blue_main/ef_ice_A_blue_main_4","bone":"ice_A_4","blend":"additive"},{"name":"ef_ice_A_blue_main/ef_ice_A_blue_main_5","bone":"ice_A_5","blend":"additive"},{"name":"ef_shock_wave_A_main/ef_shock_wave_A_main_00001","bone":"shock_wave_1","blend":"additive"},{"name":"ef_shock_wave_A_main/ef_shock_wave_A_main_1","bone":"shock_wave_2","blend":"additive"},{"name":"ef_shock_wave_A_main/ef_shock_wave_A_main_2","bone":"shock_wave_3","blend":"additive"},{"name":"ef_slash_A_main/ef_slash_A_main_00001","bone":"slash_A_1","blend":"additive"},{"name":"ef_slash_ice_main/ef_slash_ice_main_00002","bone":"slash_ice","blend":"additive"},{"name":"all_EF/stab_A_blue/ef_stab_A_blue_00004","bone":"spear_1","blend":"additive"},{"name":"all_EF/110_S2_ice2_00000","bone":"ice_1","blend":"additive"},{"name":"all_EF/110_S2_ice2_0","bone":"ice_2","blend":"additive"},{"name":"all_EF/110_S2_ice2_1","bone":"ice_3","blend":"additive"},{"name":"110_S1_icebreak1/110_S1_icebreak1_00000","bone":"icebreak1","blend":"additive"},{"name":"110_S1_icebreak1/110_S1_icebreak1_0","bone":"icebreak2","blend":"additive"},{"name":"110_S1_icebreak1/110_S1_icebreak1_1","bone":"icebreak3","blend":"additive"},{"name":"110_S1_icebreak1/110_S1_icebreak1_2","bone":"icebreak4","blend":"additive"},{"name":"S1_breath1/9040A_S1_breath1_00005","bone":"dusty_breath_1","blend":"additive"},{"name":"S1_breath1/9040A_S1_breath1_5","bone":"dusty_breath_2","blend":"additive"},{"name":"EF/M_front_wave/980_S1_power2_00003","bone":"front_wave_1","blend":"additive"},{"name":"DAMAGEAREA","bone":"DAMAGEAREA"}],"skins":{"default":{"110_S1_icebreak1/110_S1_icebreak1_0":{"110_S1_icebreak1/110_S1_icebreak1_00000":{"x":5.72,"y":23.43,"width":300,"height":300},"110_S1_icebreak1/110_S1_icebreak1_00002":{"x":5.72,"y":23.43,"width":300,"height":300},"110_S1_icebreak1/110_S1_icebreak1_00004":{"x":5.72,"y":23.43,"width":300,"height":300},"110_S1_icebreak1/110_S1_icebreak1_00006":{"x":5.72,"y":23.43,"width":300,"height":300}},"110_S1_icebreak1/110_S1_icebreak1_00000":{"110_S1_icebreak1/110_S1_icebreak1_00000":{"x":5.72,"y":23.43,"width":300,"height":300},"110_S1_icebreak1/110_S1_icebreak1_00002":{"x":5.72,"y":23.43,"width":300,"height":300},"110_S1_icebreak1/110_S1_icebreak1_00004":{"x":5.72,"y":23.43,"width":300,"height":300},"110_S1_icebreak1/110_S1_icebreak1_00006":{"x":5.72,"y":23.43,"width":300,"height":300}},"110_S1_icebreak1/110_S1_icebreak1_1":{"110_S1_icebreak1/110_S1_icebreak1_00000":{"x":5.72,"y":23.43,"width":300,"height":300},"110_S1_icebreak1/110_S1_icebreak1_00002":{"x":5.72,"y":23.43,"width":300,"height":300},"110_S1_icebreak1/110_S1_icebreak1_00004":{"x":5.72,"y":23.43,"width":300,"height":300},"110_S1_icebreak1/110_S1_icebreak1_00006":{"x":5.72,"y":23.43,"width":300,"height":300}},"110_S1_icebreak1/110_S1_icebreak1_2":{"110_S1_icebreak1/110_S1_icebreak1_00000":{"x":5.72,"y":23.43,"width":300,"height":300},"110_S1_icebreak1/110_S1_icebreak1_00002":{"x":5.72,"y":23.43,"width":300,"height":300},"110_S1_icebreak1/110_S1_icebreak1_00004":{"x":5.72,"y":23.43,"width":300,"height":300},"110_S1_icebreak1/110_S1_icebreak1_00006":{"x":5.72,"y":23.43,"width":300,"height":300}},"DAMAGEAREA":{"DAMAGEAREA":{"type":"boundingbox","vertices":[-65.34224,64.34205,-65.34224,-64.86785,63.13772,-64.86785,63.13772,64.34205]}},"S1_breath1/9040A_S1_breath1_00005":{"S1_breath1/9040A_S1_breath1_00021":{"width":150,"height":150},"S1_breath1/9040A_S1_breath1_00029":{"width":150,"height":150},"S1_breath1/9040A_S1_breath1_00037":{"width":150,"height":150},"S1_breath1/9040A_S1_breath1_00041":{"width":150,"height":150},"S1_breath1/9040A_S1_breath1_00045":{"width":150,"height":150},"S1_breath1/9040A_S1_breath1_00049":{"width":150,"height":150},"S1_breath1/9040A_S1_breath1_00053":{"width":150,"height":150},"S1_breath1/9040A_S1_breath1_00057":{"width":150,"height":150},"S1_breath1/9040A_S1_breath1_00061":{"width":150,"height":150},"S1_breath1/9040A_S1_breath1_00065":{"width":150,"height":150},"S1_breath1/9040A_S1_breath1_00069":{"width":150,"height":150},"S1_breath1/9040A_S1_breath1_00073":{"width":150,"height":150},"S1_breath1/9040A_S1_breath1_00077":{"width":150,"height":150},"S1_breath1/9040A_S1_breath1_00081":{"width":150,"height":150},"S1_breath1/9040A_S1_breath1_00085":{"width":150,"height":150},"S1_breath1/9040A_S1_breath1_00089":{"width":150,"height":150},"S1_breath1/9040A_S1_breath1_00093":{"width":150,"height":150},"S1_breath1/9040A_S1_breath1_00097":{"width":150,"height":150},"S1_breath1/9040A_S1_breath1_00101":{"width":150,"height":150}},"S1_breath1/9040A_S1_breath1_5":{"S1_breath1/9040A_S1_breath1_00005":{"width":150,"height":150},"S1_breath1/9040A_S1_breath1_00013":{"width":150,"height":150},"S1_breath1/9040A_S1_breath1_00021":{"width":150,"height":150},"S1_breath1/9040A_S1_breath1_00029":{"width":150,"height":150},"S1_breath1/9040A_S1_breath1_00037":{"width":150,"height":150},"S1_breath1/9040A_S1_breath1_00041":{"width":150,"height":150},"S1_breath1/9040A_S1_breath1_00045":{"width":150,"height":150},"S1_breath1/9040A_S1_breath1_00049":{"width":150,"height":150},"S1_breath1/9040A_S1_breath1_00053":{"width":150,"height":150},"S1_breath1/9040A_S1_breath1_00057":{"width":150,"height":150},"S1_breath1/9040A_S1_breath1_00061":{"width":150,"height":150},"S1_breath1/9040A_S1_breath1_00065":{"width":150,"height":150},"S1_breath1/9040A_S1_breath1_00069":{"width":150,"height":150},"S1_breath1/9040A_S1_breath1_00073":{"width":150,"height":150},"S1_breath1/9040A_S1_breath1_00077":{"width":150,"height":150},"S1_breath1/9040A_S1_breath1_00081":{"width":150,"height":150},"S1_breath1/9040A_S1_breath1_00085":{"width":150,"height":150},"S1_breath1/9040A_S1_breath1_00089":{"width":150,"height":150},"S1_breath1/9040A_S1_breath1_00093":{"width":150,"height":150},"S1_breath1/9040A_S1_breath1_00097":{"width":150,"height":150},"S1_breath1/9040A_S1_breath1_00101":{"width":150,"height":150}},"all_EF/110_S2_ice2_0":{"all_EF/110_S2_ice2_00000":{"x":-3.51,"y":2.62,"width":250,"height":250}},"all_EF/110_S2_ice2_00000":{"all_EF/110_S2_ice2_00000":{"x":-3.51,"y":2.62,"width":250,"height":250}},"all_EF/110_S2_ice2_1":{"all_EF/110_S2_ice2_00000":{"x":-3.51,"y":2.62,"width":250,"height":250}},"all_EF/stab_A_blue/ef_stab_A_blue_00004":{"all_EF/stab_A_blue/ef_stab_A_blue_00004":{"x":-37.52,"y":2.83,"width":300,"height":300}},"ef_fire_wave_A_main/ef_fire_wave_A_main_00003":{"ef_fire_wave_A_main/ef_fire_wave_A_main_00003":{"x":56.94,"width":200,"height":200},"ef_fire_wave_A_main/ef_fire_wave_A_main_00004":{"x":56.94,"width":200,"height":200},"ef_fire_wave_A_main/ef_fire_wave_A_main_00005":{"x":56.94,"width":200,"height":200},"ef_fire_wave_A_main/ef_fire_wave_A_main_00006":{"x":56.94,"width":200,"height":200},"ef_fire_wave_A_main/ef_fire_wave_A_main_00007":{"x":56.94,"width":200,"height":200}},"ef_fire_wave_A_main/ef_fire_wave_A_main_3":{"ef_fire_wave_A_main/ef_fire_wave_A_main_00003":{"x":56.94,"width":200,"height":200},"ef_fire_wave_A_main/ef_fire_wave_A_main_00004":{"x":56.94,"width":200,"height":200},"ef_fire_wave_A_main/ef_fire_wave_A_main_00005":{"x":56.94,"width":200,"height":200},"ef_fire_wave_A_main/ef_fire_wave_A_main_00006":{"x":56.94,"width":200,"height":200},"ef_fire_wave_A_main/ef_fire_wave_A_main_00007":{"x":56.94,"width":200,"height":200}},"ef_fire_wave_A_main/ef_fire_wave_A_main_4":{"ef_fire_wave_A_main/ef_fire_wave_A_main_00003":{"x":56.94,"width":200,"height":200},"ef_fire_wave_A_main/ef_fire_wave_A_main_00004":{"x":56.94,"width":200,"height":200},"ef_fire_wave_A_main/ef_fire_wave_A_main_00005":{"x":56.94,"width":200,"height":200},"ef_fire_wave_A_main/ef_fire_wave_A_main_00006":{"x":56.94,"width":200,"height":200},"ef_fire_wave_A_main/ef_fire_wave_A_main_00007":{"x":56.94,"width":200,"height":200}},"ef_fire_wave_A_main/ef_fire_wave_A_main_5":{"ef_fire_wave_A_main/ef_fire_wave_A_main_00003":{"x":56.94,"width":200,"height":200},"ef_fire_wave_A_main/ef_fire_wave_A_main_00004":{"x":56.94,"width":200,"height":200},"ef_fire_wave_A_main/ef_fire_wave_A_main_00005":{"x":56.94,"width":200,"height":200},"ef_fire_wave_A_main/ef_fire_wave_A_main_00006":{"x":56.94,"width":200,"height":200},"ef_fire_wave_A_main/ef_fire_wave_A_main_00007":{"x":56.94,"width":200,"height":200}},"ef_ice_A_blue_main/ef_ice_A_blue_main_00002":{"ef_ice_A_blue_main/ef_ice_A_blue_main_00002":{"x":19.12,"y":7.45,"width":250,"height":150},"ef_ice_A_blue_main/ef_ice_A_blue_main_00004":{"x":19.12,"y":7.45,"width":250,"height":150},"ef_ice_A_blue_main/ef_ice_A_blue_main_00006":{"x":19.12,"y":7.45,"width":250,"height":150},"ef_ice_A_blue_main/ef_ice_A_blue_main_00008":{"x":19.12,"y":7.45,"width":250,"height":150},"ef_ice_A_blue_main/ef_ice_A_blue_main_00010":{"x":19.12,"y":7.45,"width":250,"height":150},"ef_ice_A_blue_main/ef_ice_A_blue_main_00012":{"x":19.12,"y":7.45,"width":250,"height":150},"ef_ice_A_blue_main/ef_ice_A_blue_main_00013":{"x":19.12,"y":7.45,"width":250,"height":150},"ef_ice_A_blue_main/ef_ice_A_blue_main_00014":{"x":19.12,"y":7.45,"width":250,"height":150}},"ef_ice_A_blue_main/ef_ice_A_blue_main_2":{"ef_ice_A_blue_main/ef_ice_A_blue_main_00002":{"x":19.12,"y":7.45,"width":250,"height":150},"ef_ice_A_blue_main/ef_ice_A_blue_main_00004":{"x":19.12,"y":7.45,"width":250,"height":150},"ef_ice_A_blue_main/ef_ice_A_blue_main_00006":{"x":19.12,"y":7.45,"width":250,"height":150},"ef_ice_A_blue_main/ef_ice_A_blue_main_00008":{"x":19.12,"y":7.45,"width":250,"height":150},"ef_ice_A_blue_main/ef_ice_A_blue_main_00010":{"x":19.12,"y":7.45,"width":250,"height":150},"ef_ice_A_blue_main/ef_ice_A_blue_main_00012":{"x":19.12,"y":7.45,"width":250,"height":150},"ef_ice_A_blue_main/ef_ice_A_blue_main_00013":{"x":19.12,"y":7.45,"width":250,"height":150},"ef_ice_A_blue_main/ef_ice_A_blue_main_00014":{"x":19.12,"y":7.45,"width":250,"height":150}},"ef_ice_A_blue_main/ef_ice_A_blue_main_3":{"ef_ice_A_blue_main/ef_ice_A_blue_main_00002":{"x":19.12,"y":7.45,"width":250,"height":150},"ef_ice_A_blue_main/ef_ice_A_blue_main_00004":{"x":19.12,"y":7.45,"width":250,"height":150},"ef_ice_A_blue_main/ef_ice_A_blue_main_00006":{"x":19.12,"y":7.45,"width":250,"height":150},"ef_ice_A_blue_main/ef_ice_A_blue_main_00008":{"x":19.12,"y":7.45,"width":250,"height":150},"ef_ice_A_blue_main/ef_ice_A_blue_main_00010":{"x":19.12,"y":7.45,"width":250,"height":150},"ef_ice_A_blue_main/ef_ice_A_blue_main_00012":{"x":19.12,"y":7.45,"width":250,"height":150},"ef_ice_A_blue_main/ef_ice_A_blue_main_00013":{"x":19.12,"y":7.45,"width":250,"height":150},"ef_ice_A_blue_main/ef_ice_A_blue_main_00014":{"x":19.12,"y":7.45,"width":250,"height":150}},"ef_ice_A_blue_main/ef_ice_A_blue_main_4":{"ef_ice_A_blue_main/ef_ice_A_blue_main_00002":{"x":19.12,"y":7.45,"width":250,"height":150},"ef_ice_A_blue_main/ef_ice_A_blue_main_00004":{"x":19.12,"y":7.45,"width":250,"height":150},"ef_ice_A_blue_main/ef_ice_A_blue_main_00006":{"x":19.12,"y":7.45,"width":250,"height":150},"ef_ice_A_blue_main/ef_ice_A_blue_main_00008":{"x":19.12,"y":7.45,"width":250,"height":150},"ef_ice_A_blue_main/ef_ice_A_blue_main_00010":{"x":19.12,"y":7.45,"width":250,"height":150},"ef_ice_A_blue_main/ef_ice_A_blue_main_00012":{"x":19.12,"y":7.45,"width":250,"height":150},"ef_ice_A_blue_main/ef_ice_A_blue_main_00013":{"x":19.12,"y":7.45,"width":250,"height":150},"ef_ice_A_blue_main/ef_ice_A_blue_main_00014":{"x":19.12,"y":7.45,"width":250,"height":150}},"ef_ice_A_blue_main/ef_ice_A_blue_main_5":{"ef_ice_A_blue_main/ef_ice_A_blue_main_00002":{"x":19.12,"y":7.45,"width":250,"height":150},"ef_ice_A_blue_main/ef_ice_A_blue_main_00004":{"x":19.12,"y":7.45,"width":250,"height":150},"ef_ice_A_blue_main/ef_ice_A_blue_main_00006":{"x":19.12,"y":7.45,"width":250,"height":150},"ef_ice_A_blue_main/ef_ice_A_blue_main_00008":{"x":19.12,"y":7.45,"width":250,"height":150},"ef_ice_A_blue_main/ef_ice_A_blue_main_00010":{"x":19.12,"y":7.45,"width":250,"height":150},"ef_ice_A_blue_main/ef_ice_A_blue_main_00012":{"x":19.12,"y":7.45,"width":250,"height":150},"ef_ice_A_blue_main/ef_ice_A_blue_main_00013":{"x":19.12,"y":7.45,"width":250,"height":150},"ef_ice_A_blue_main/ef_ice_A_blue_main_00014":{"x":19.12,"y":7.45,"width":250,"height":150}},"ef_shock_wave_A_main/ef_shock_wave_A_main_00001":{"ef_shock_wave_A_main/ef_shock_wave_A_main_00001":{"y":-0.62,"width":150,"height":250},"ef_shock_wave_A_main/ef_shock_wave_A_main_00002":{"y":-0.62,"width":150,"height":250},"ef_shock_wave_A_main/ef_shock_wave_A_main_00003":{"y":-0.62,"width":150,"height":250},"ef_shock_wave_A_main/ef_shock_wave_A_main_00004":{"y":-0.62,"width":150,"height":250},"ef_shock_wave_A_main/ef_shock_wave_A_main_00005":{"y":-0.62,"width":150,"height":250},"ef_shock_wave_A_main/ef_shock_wave_A_main_00006":{"y":-0.62,"width":150,"height":250}},"ef_shock_wave_A_main/ef_shock_wave_A_main_1":{"ef_shock_wave_A_main/ef_shock_wave_A_main_00001":{"y":-0.62,"width":150,"height":250},"ef_shock_wave_A_main/ef_shock_wave_A_main_00002":{"y":-0.62,"width":150,"height":250},"ef_shock_wave_A_main/ef_shock_wave_A_main_00003":{"y":-0.62,"width":150,"height":250},"ef_shock_wave_A_main/ef_shock_wave_A_main_00004":{"y":-0.62,"width":150,"height":250},"ef_shock_wave_A_main/ef_shock_wave_A_main_00005":{"y":-0.62,"width":150,"height":250},"ef_shock_wave_A_main/ef_shock_wave_A_main_00006":{"y":-0.62,"width":150,"height":250}},"ef_shock_wave_A_main/ef_shock_wave_A_main_2":{"ef_shock_wave_A_main/ef_shock_wave_A_main_00001":{"y":-0.62,"width":150,"height":250},"ef_shock_wave_A_main/ef_shock_wave_A_main_00002":{"y":-0.62,"width":150,"height":250},"ef_shock_wave_A_main/ef_shock_wave_A_main_00003":{"y":-0.62,"width":150,"height":250},"ef_shock_wave_A_main/ef_shock_wave_A_main_00004":{"y":-0.62,"width":150,"height":250},"ef_shock_wave_A_main/ef_shock_wave_A_main_00005":{"y":-0.62,"width":150,"height":250},"ef_shock_wave_A_main/ef_shock_wave_A_main_00006":{"y":-0.62,"width":150,"height":250}},"ef_slash_A_main/ef_slash_A_main_00001":{"ef_slash_A_main/ef_slash_A_main_00001":{"x":13.67,"y":-10.12,"width":200,"height":200},"ef_slash_A_main/ef_slash_A_main_00002":{"x":13.67,"y":-10.12,"width":200,"height":200},"ef_slash_A_main/ef_slash_A_main_00003":{"x":13.67,"y":-10.12,"width":200,"height":200},"ef_slash_A_main/ef_slash_A_main_00005":{"x":13.67,"y":-10.12,"width":200,"height":200},"ef_slash_A_main/ef_slash_A_main_00007":{"x":13.67,"y":-10.12,"width":200,"height":200},"ef_slash_A_main/ef_slash_A_main_00009":{"x":13.67,"y":-10.12,"width":200,"height":200},"ef_slash_A_main/ef_slash_A_main_00011":{"x":13.67,"y":-10.12,"width":200,"height":200},"ef_slash_A_main/ef_slash_A_main_00013":{"x":13.67,"y":-10.12,"width":200,"height":200}},"ef_slash_ice_main/ef_slash_ice_main_00002":{"ef_slash_ice_main/ef_slash_ice_main_00002":{"x":19,"y":-7.05,"width":200,"height":200},"ef_slash_ice_main/ef_slash_ice_main_00007":{"x":19,"y":-7.05,"width":200,"height":200},"ef_slash_ice_main/ef_slash_ice_main_00009":{"x":19,"y":-7.05,"width":200,"height":200},"ef_slash_ice_main/ef_slash_ice_main_00011":{"x":19,"y":-7.05,"width":200,"height":200},"ef_slash_ice_main/ef_slash_ice_main_00013":{"x":19,"y":-7.05,"width":200,"height":200},"ef_slash_ice_main/ef_slash_ice_main_00015":{"x":19,"y":-7.05,"width":200,"height":200},"ef_slash_ice_main/ef_slash_ice_main_00017":{"x":19,"y":-7.05,"width":200,"height":200}}}},"events":{"Event":{},"Event2":{},"Hit":{},"Sound1":{},"Sound2":{},"Sound3":{}},"animations":{"attack1":{"slots":{"110_S1_icebreak1/110_S1_icebreak1_0":{"attachment":[{"time":0.8666,"name":"110_S1_icebreak1/110_S1_icebreak1_00000"},{"time":0.9333,"name":"110_S1_icebreak1/110_S1_icebreak1_00002"},{"time":1,"name":"110_S1_icebreak1/110_S1_icebreak1_00004"},{"time":1.0666,"name":"110_S1_icebreak1/110_S1_icebreak1_00006"},{"time":1.1333,"name":null}]},"110_S1_icebreak1/110_S1_icebreak1_00000":{"attachment":[{"time":0.8,"name":"110_S1_icebreak1/110_S1_icebreak1_00000"},{"time":0.8666,"name":"110_S1_icebreak1/110_S1_icebreak1_00002"},{"time":0.9333,"name":"110_S1_icebreak1/110_S1_icebreak1_00004"},{"time":1,"name":"110_S1_icebreak1/110_S1_icebreak1_00006"},{"time":1.0666,"name":null}]},"110_S1_icebreak1/110_S1_icebreak1_1":{"attachment":[{"time":0.9333,"name":"110_S1_icebreak1/110_S1_icebreak1_00000"},{"time":1,"name":"110_S1_icebreak1/110_S1_icebreak1_00002"},{"time":1.0666,"name":"110_S1_icebreak1/110_S1_icebreak1_00004"},{"time":1.1333,"name":"110_S1_icebreak1/110_S1_icebreak1_00006"},{"time":1.2,"name":null}]},"DAMAGEAREA":{"attachment":[{"time":0.4,"name":"DAMAGEAREA"},{"time":0.6333,"name":null}]},"S1_breath1/9040A_S1_breath1_5":{"attachment":[{"time":0.4333,"name":"S1_breath1/9040A_S1_breath1_00005"},{"time":0.4666,"name":"S1_breath1/9040A_S1_breath1_00013"},{"time":0.5,"name":"S1_breath1/9040A_S1_breath1_00021"},{"time":0.5333,"name":"S1_breath1/9040A_S1_breath1_00029"},{"time":0.5666,"name":"S1_breath1/9040A_S1_breath1_00037"},{"time":0.6,"name":"S1_breath1/9040A_S1_breath1_00041"},{"time":0.6333,"name":"S1_breath1/9040A_S1_breath1_00045"},{"time":0.6666,"name":"S1_breath1/9040A_S1_breath1_00049"},{"time":0.7,"name":"S1_breath1/9040A_S1_breath1_00053"},{"time":0.7333,"name":"S1_breath1/9040A_S1_breath1_00057"},{"time":0.7666,"name":"S1_breath1/9040A_S1_breath1_00061"},{"time":0.8333,"name":"S1_breath1/9040A_S1_breath1_00065"},{"time":0.9,"name":"S1_breath1/9040A_S1_breath1_00069"},{"time":0.9666,"name":"S1_breath1/9040A_S1_breath1_00073"},{"time":1.0333,"name":"S1_breath1/9040A_S1_breath1_00077"},{"time":1.1,"name":"S1_breath1/9040A_S1_breath1_00081"},{"time":1.1666,"name":"S1_breath1/9040A_S1_breath1_00085"},{"time":1.2333,"name":"S1_breath1/9040A_S1_breath1_00089"},{"time":1.3,"name":"S1_breath1/9040A_S1_breath1_00093"},{"time":1.3666,"name":"S1_breath1/9040A_S1_breath1_00097"},{"time":1.4,"name":null}],"color":[{"time":1.1,"color":"ffffffff"},{"time":1.3666,"color":"ffffff00"}]},"S1_breath1/9040A_S1_breath1_00005":{"attachment":[{"time":0.4333,"name":"S1_breath1/9040A_S1_breath1_00021"},{"time":0.4666,"name":"S1_breath1/9040A_S1_breath1_00029"},{"time":0.5,"name":"S1_breath1/9040A_S1_breath1_00037"},{"time":0.5333,"name":"S1_breath1/9040A_S1_breath1_00041"},{"time":0.5666,"name":"S1_breath1/9040A_S1_breath1_00045"},{"time":0.6,"name":"S1_breath1/9040A_S1_breath1_00049"},{"time":0.6333,"name":"S1_breath1/9040A_S1_breath1_00053"},{"time":0.6666,"name":"S1_breath1/9040A_S1_breath1_00057"},{"time":0.7,"name":"S1_breath1/9040A_S1_breath1_00061"},{"time":0.7666,"name":"S1_breath1/9040A_S1_breath1_00065"},{"time":0.8333,"name":"S1_breath1/9040A_S1_breath1_00069"},{"time":0.9,"name":"S1_breath1/9040A_S1_breath1_00073"},{"time":0.9666,"name":"S1_breath1/9040A_S1_breath1_00077"},{"time":1.0333,"name":"S1_breath1/9040A_S1_breath1_00081"},{"time":1.1,"name":"S1_breath1/9040A_S1_breath1_00085"},{"time":1.1666,"name":"S1_breath1/9040A_S1_breath1_00089"},{"time":1.2333,"name":"S1_breath1/9040A_S1_breath1_00093"},{"time":1.3,"name":"S1_breath1/9040A_S1_breath1_00097"},{"time":1.3666,"name":"S1_breath1/9040A_S1_breath1_00101"},{"time":1.4,"name":null}],"color":[{"time":0.9666,"color":"ffffffff"},{"time":1.2333,"color":"ffffff00"}]},"all_EF/110_S2_ice2_00000":{"attachment":[{"time":0.4333,"name":"all_EF/110_S2_ice2_00000"},{"time":0.6,"name":null}]},"all_EF/110_S2_ice2_0":{"attachment":[{"time":0.4666,"name":"all_EF/110_S2_ice2_00000"},{"time":0.6333,"name":null}]},"all_EF/110_S2_ice2_1":{"attachment":[{"time":0.5,"name":"all_EF/110_S2_ice2_00000"},{"time":0.6666,"name":null}]},"ef_ice_A_blue_main/ef_ice_A_blue_main_2":{"attachment":[{"time":0.4666,"name":"ef_ice_A_blue_main/ef_ice_A_blue_main_00002"},{"time":0.5333,"name":"ef_ice_A_blue_main/ef_ice_A_blue_main_00004"},{"time":0.6,"name":"ef_ice_A_blue_main/ef_ice_A_blue_main_00006"},{"time":0.6666,"name":"ef_ice_A_blue_main/ef_ice_A_blue_main_00008"},{"time":0.7333,"name":"ef_ice_A_blue_main/ef_ice_A_blue_main_00010"},{"time":0.8,"name":"ef_ice_A_blue_main/ef_ice_A_blue_main_00012"},{"time":0.8666,"name":"ef_ice_A_blue_main/ef_ice_A_blue_main_00013"},{"time":0.9333,"name":"ef_ice_A_blue_main/ef_ice_A_blue_main_00014"},{"time":1,"name":null}]},"ef_ice_A_blue_main/ef_ice_A_blue_main_00002":{"attachment":[{"time":0.4,"name":"ef_ice_A_blue_main/ef_ice_A_blue_main_00002"},{"time":0.4666,"name":"ef_ice_A_blue_main/ef_ice_A_blue_main_00004"},{"time":0.5333,"name":"ef_ice_A_blue_main/ef_ice_A_blue_main_00006"},{"time":0.6,"name":"ef_ice_A_blue_main/ef_ice_A_blue_main_00008"},{"time":0.6666,"name":"ef_ice_A_blue_main/ef_ice_A_blue_main_00010"},{"time":0.7333,"name":"ef_ice_A_blue_main/ef_ice_A_blue_main_00012"},{"time":0.8,"name":"ef_ice_A_blue_main/ef_ice_A_blue_main_00013"},{"time":0.8666,"name":"ef_ice_A_blue_main/ef_ice_A_blue_main_00014"},{"time":0.9333,"name":null}]},"ef_ice_A_blue_main/ef_ice_A_blue_main_3":{"attachment":[{"time":0.4333,"name":"ef_ice_A_blue_main/ef_ice_A_blue_main_00002"},{"time":0.5,"name":"ef_ice_A_blue_main/ef_ice_A_blue_main_00004"},{"time":0.5333,"name":"ef_ice_A_blue_main/ef_ice_A_blue_main_00002"},{"time":0.5666,"name":"ef_ice_A_blue_main/ef_ice_A_blue_main_00006"},{"time":0.6,"name":"ef_ice_A_blue_main/ef_ice_A_blue_main_00004"},{"time":0.6333,"name":"ef_ice_A_blue_main/ef_ice_A_blue_main_00008"},{"time":0.6666,"name":"ef_ice_A_blue_main/ef_ice_A_blue_main_00006"},{"time":0.7,"name":"ef_ice_A_blue_main/ef_ice_A_blue_main_00010"},{"time":0.7333,"name":"ef_ice_A_blue_main/ef_ice_A_blue_main_00008"},{"time":0.8,"name":"ef_ice_A_blue_main/ef_ice_A_blue_main_00010"},{"time":0.8666,"name":"ef_ice_A_blue_main/ef_ice_A_blue_main_00012"},{"time":0.9333,"name":"ef_ice_A_blue_main/ef_ice_A_blue_main_00013"},{"time":1,"name":"ef_ice_A_blue_main/ef_ice_A_blue_main_00014"},{"time":1.0666,"name":null}]},"ef_shock_wave_A_main/ef_shock_wave_A_main_1":{"attachment":[{"time":0.4666,"name":"ef_shock_wave_A_main/ef_shock_wave_A_main_00001"},{"time":0.5,"name":"ef_shock_wave_A_main/ef_shock_wave_A_main_00002"},{"time":0.5333,"name":"ef_shock_wave_A_main/ef_shock_wave_A_main_00003"},{"time":0.5666,"name":"ef_shock_wave_A_main/ef_shock_wave_A_main_00004"},{"time":0.6,"name":"ef_shock_wave_A_main/ef_shock_wave_A_main_00005"},{"time":0.6333,"name":"ef_shock_wave_A_main/ef_shock_wave_A_main_00006"},{"time":0.6666,"name":null}]},"ef_shock_wave_A_main/ef_shock_wave_A_main_00001":{"attachment":[{"time":0.4333,"name":"ef_shock_wave_A_main/ef_shock_wave_A_main_00001"},{"time":0.4666,"name":"ef_shock_wave_A_main/ef_shock_wave_A_main_00002"},{"time":0.5,"name":"ef_shock_wave_A_main/ef_shock_wave_A_main_00003"},{"time":0.5333,"name":"ef_shock_wave_A_main/ef_shock_wave_A_main_00004"},{"time":0.5666,"name":"ef_shock_wave_A_main/ef_shock_wave_A_main_00005"},{"time":0.6,"name":"ef_shock_wave_A_main/ef_shock_wave_A_main_00006"},{"time":0.6333,"name":null}]},"ef_shock_wave_A_main/ef_shock_wave_A_main_2":{"attachment":[{"time":0.5,"name":"ef_shock_wave_A_main/ef_shock_wave_A_main_00001"},{"time":0.5333,"name":"ef_shock_wave_A_main/ef_shock_wave_A_main_00002"},{"time":0.5666,"name":"ef_shock_wave_A_main/ef_shock_wave_A_main_00003"},{"time":0.6,"name":"ef_shock_wave_A_main/ef_shock_wave_A_main_00004"},{"time":0.6333,"name":"ef_shock_wave_A_main/ef_shock_wave_A_main_00005"},{"time":0.6666,"name":"ef_shock_wave_A_main/ef_shock_wave_A_main_00006"},{"time":0.7,"name":null}]},"ef_slash_A_main/ef_slash_A_main_00001":{"attachment":[{"time":0.3666,"name":"ef_slash_A_main/ef_slash_A_main_00001"},{"time":0.4,"name":"ef_slash_A_main/ef_slash_A_main_00002"},{"time":0.4333,"name":"ef_slash_A_main/ef_slash_A_main_00003"},{"time":0.6666,"name":"ef_slash_A_main/ef_slash_A_main_00005"},{"time":0.7,"name":"ef_slash_A_main/ef_slash_A_main_00007"},{"time":0.7333,"name":"ef_slash_A_main/ef_slash_A_main_00009"},{"time":0.7666,"name":"ef_slash_A_main/ef_slash_A_main_00011"},{"time":0.8,"name":"ef_slash_A_main/ef_slash_A_main_00013"},{"time":0.8333,"name":null}]},"ef_slash_ice_main/ef_slash_ice_main_00002":{"attachment":[{"time":0.5,"name":"ef_slash_ice_main/ef_slash_ice_main_00002"},{"time":0.5333,"name":"ef_slash_ice_main/ef_slash_ice_main_00007"},{"time":0.9,"name":"ef_slash_ice_main/ef_slash_ice_main_00009"},{"time":0.9333,"name":"ef_slash_ice_main/ef_slash_ice_main_00011"},{"time":0.9666,"name":"ef_slash_ice_main/ef_slash_ice_main_00013"},{"time":1,"name":"ef_slash_ice_main/ef_slash_ice_main_00015"},{"time":1.0333,"name":"ef_slash_ice_main/ef_slash_ice_main_00017"},{"time":1.0666,"name":null}],"color":[{"time":0.9666,"color":"ffffffff"},{"time":1.0666,"color":"ffffff00"}]}},"bones":{"icebreak2":{"translate":[{"time":0.8666,"x":-436.49,"y":-76.01}],"scale":[{"time":0.8666,"x":2.04,"y":2.04}]},"icebreak1":{"translate":[{"time":0.8,"x":-254.52,"y":-112.86}],"scale":[{"time":0.8,"x":2.46,"y":2.46}]},"icebreak3":{"translate":[{"time":0.9333,"x":-342.05,"y":41.46}],"scale":[{"time":0.9333,"x":2.214,"y":2.214}]},"DAMAGEAREA":{"translate":[{"time":0.4,"x":-228.15,"y":105.98},{"time":0.6,"x":-748.44,"y":105.98}],"scale":[{"time":0.4,"x":3.85,"y":2.298},{"time":0.6,"x":10.465,"y":2.298}]},"dusty_breath_2":{"translate":[{"time":0.4333,"x":-547.39,"y":-171.35,"curve":[0.088,0.5,0.557,1]},{"time":0.6666,"x":-581.03,"y":-139.5}],"scale":[{"time":0.4333,"x":3.044,"y":3.044}]},"dusty_breath_1":{"translate":[{"time":0.3666,"x":-348.66,"y":-266.49,"curve":[0.088,0.5,0.557,1]},{"time":0.6,"x":-402.76,"y":-268.93}],"scale":[{"time":0.3666,"x":3.044,"y":3.044}]},"ice_1":{"rotate":[{"time":0.4333,"angle":-90.26}],"translate":[{"time":0.4333,"x":-360.37,"y":-317.01},{"time":0.6,"x":-1378.98,"y":-310.91}],"scale":[{"time":0.4333,"x":3.221,"y":3.4}]},"ice_2":{"rotate":[{"time":0.4666,"angle":-90.26}],"translate":[{"time":0.4666,"x":-266.06,"y":-223.01},{"time":0.6666,"x":-1608.47,"y":-223.01}],"scale":[{"time":0.4666,"x":2.832,"y":2.989}]},"ice_3":{"rotate":[{"time":0.5,"angle":-90.26}],"translate":[{"time":0.5,"x":-248.31,"y":-142.69},{"time":0.6666,"x":-1613.83,"y":-136.49}],"scale":[{"time":0.5,"x":1.907,"y":2.013}]},"ice_A_2":{"translate":[{"time":0.4666,"x":-444.67,"y":112.69}],"scale":[{"time":0.4666,"x":2.43,"y":2.43}]},"ice_A_1":{"translate":[{"time":0.4,"x":-353.59,"y":-24.61}],"scale":[{"time":0.4,"x":2.43,"y":2.43}]},"ice_A_3":{"translate":[{"time":0.4333,"x":-122.94,"y":36.66,"curve":"stepped"},{"time":0.5333,"x":-295.22,"y":203.35}],"scale":[{"time":0.4333,"x":2.947,"y":2.947,"curve":"stepped"},{"time":0.5333,"x":2.43,"y":2.43}]},"shock_wave_2":{"translate":[{"time":0.4333,"x":0,"y":0},{"time":0.4666,"x":-362.95,"y":61.91}],"scale":[{"time":0.4666,"x":1.952,"y":1.952}]},"shock_wave_1":{"translate":[{"time":0.4333,"x":-462.23,"y":-15.57}],"scale":[{"time":0.4333,"x":1.952,"y":1.952}]},"shock_wave_3":{"translate":[{"time":0.5,"x":-380.03,"y":157.64}],"scale":[{"time":0.5,"x":1.952,"y":1.952}]},"slash_A_1":{"translate":[{"time":0.3666,"x":-423.63,"y":19.99}],"scale":[{"time":0.3666,"x":2.36,"y":1.795}]},"slash_ice":{"translate":[{"time":0.5,"x":-492.52,"y":-84.97}],"scale":[{"time":0.5,"x":4.244,"y":3.153,"curve":"stepped"},{"time":0.9,"x":3.717,"y":2.761,"curve":"stepped"},{"time":1.0666,"x":4.202,"y":3.121}]},"root":{"translate":[{"time":0,"x":167.68,"y":-60.65}]}},"events":[{"time":0.3666,"name":"Event","string":"setHitBackEnemy(35,0)"},{"time":0.3666,"name":"Sound1","string":"cri_se_battle_skill_icebreak"},{"time":0.3666,"name":"Sound2","string":"cri_se_battle_arrow_light_effect"},{"time":0.4,"name":"Event","float":0.1,"string":"kHitStopType_normal"},{"time":0.4,"name":"Event2","float":1.5,"string":"shakeGround"},{"time":0.4666,"name":"Event","float":0.06,"string":"kHitStopType_enemyonly"},{"time":0.5,"name":"Hit","string":"resetHitList"},{"time":0.5666,"name":"Hit","string":"resetHitList"},{"time":0.7,"name":"Sound1","string":"cri_se_battle_skill_icebreak"}]},"attack2":{"slots":{"110_S1_icebreak1/110_S1_icebreak1_00000":{"attachment":[{"time":0.2666,"name":"110_S1_icebreak1/110_S1_icebreak1_00000"},{"time":0.3333,"name":"110_S1_icebreak1/110_S1_icebreak1_00002"},{"time":0.4,"name":"110_S1_icebreak1/110_S1_icebreak1_00004"},{"time":0.5,"name":"110_S1_icebreak1/110_S1_icebreak1_00006"},{"time":0.6,"name":null}]},"110_S1_icebreak1/110_S1_icebreak1_0":{"attachment":[{"time":0.3333,"name":"110_S1_icebreak1/110_S1_icebreak1_00000"},{"time":0.4,"name":"110_S1_icebreak1/110_S1_icebreak1_00002"},{"time":0.4666,"name":"110_S1_icebreak1/110_S1_icebreak1_00004"},{"time":0.5666,"name":"110_S1_icebreak1/110_S1_icebreak1_00006"},{"time":0.6666,"name":null}]},"110_S1_icebreak1/110_S1_icebreak1_1":{"attachment":[{"time":0.4,"name":"110_S1_icebreak1/110_S1_icebreak1_00000"},{"time":0.4666,"name":"110_S1_icebreak1/110_S1_icebreak1_00002"},{"time":0.5333,"name":"110_S1_icebreak1/110_S1_icebreak1_00004"},{"time":0.6333,"name":"110_S1_icebreak1/110_S1_icebreak1_00006"},{"time":0.7333,"name":null}]},"110_S1_icebreak1/110_S1_icebreak1_2":{"attachment":[{"time":0.4666,"name":"110_S1_icebreak1/110_S1_icebreak1_00000"},{"time":0.5333,"name":"110_S1_icebreak1/110_S1_icebreak1_00002"},{"time":0.6,"name":"110_S1_icebreak1/110_S1_icebreak1_00004"},{"time":0.7,"name":"110_S1_icebreak1/110_S1_icebreak1_00006"},{"time":0.8,"name":null}]},"DAMAGEAREA":{"attachment":[{"time":0.2333,"name":"DAMAGEAREA"},{"time":0.6333,"name":null}]},"all_EF/stab_A_blue/ef_stab_A_blue_00004":{"attachment":[{"time":0.2333,"name":"all_EF/stab_A_blue/ef_stab_A_blue_00004"}],"color":[{"time":0.3333,"color":"ffffffff"},{"time":0.5333,"color":"ffffff00"}]},"ef_fire_wave_A_main/ef_fire_wave_A_main_00003":{"attachment":[{"time":0.2333,"name":"ef_fire_wave_A_main/ef_fire_wave_A_main_00003"},{"time":0.2666,"name":"ef_fire_wave_A_main/ef_fire_wave_A_main_00004"},{"time":0.3,"name":"ef_fire_wave_A_main/ef_fire_wave_A_main_00005"},{"time":0.3333,"name":"ef_fire_wave_A_main/ef_fire_wave_A_main_00006"},{"time":0.3666,"name":"ef_fire_wave_A_main/ef_fire_wave_A_main_00007"},{"time":0.6,"name":null}],"color":[{"time":0.3333,"color":"ffffffff","curve":[0.066,0.49,0.75,1]},{"time":0.6,"color":"ffffff00"}]},"ef_fire_wave_A_main/ef_fire_wave_A_main_3":{"attachment":[{"time":0.2333,"name":"ef_fire_wave_A_main/ef_fire_wave_A_main_00003"},{"time":0.2666,"name":"ef_fire_wave_A_main/ef_fire_wave_A_main_00004"},{"time":0.3,"name":"ef_fire_wave_A_main/ef_fire_wave_A_main_00005"},{"time":0.3333,"name":"ef_fire_wave_A_main/ef_fire_wave_A_main_00006"},{"time":0.3666,"name":"ef_fire_wave_A_main/ef_fire_wave_A_main_00007"},{"time":0.6,"name":null}],"color":[{"time":0.3333,"color":"ffffffff","curve":[0.066,0.49,0.75,1]},{"time":0.6,"color":"ffffff00"}]},"ef_fire_wave_A_main/ef_fire_wave_A_main_4":{"attachment":[{"time":0.3,"name":"ef_fire_wave_A_main/ef_fire_wave_A_main_00003"},{"time":0.3333,"name":"ef_fire_wave_A_main/ef_fire_wave_A_main_00004"},{"time":0.3666,"name":"ef_fire_wave_A_main/ef_fire_wave_A_main_00005"},{"time":0.4,"name":"ef_fire_wave_A_main/ef_fire_wave_A_main_00006"},{"time":0.4333,"name":"ef_fire_wave_A_main/ef_fire_wave_A_main_00007"},{"time":0.6333,"name":null}],"color":[{"time":0.4,"color":"ffffffff","curve":[0.066,0.49,0.75,1]},{"time":0.6333,"color":"ffffff03"}]},"ef_fire_wave_A_main/ef_fire_wave_A_main_5":{"attachment":[{"time":0.3666,"name":"ef_fire_wave_A_main/ef_fire_wave_A_main_00003"},{"time":0.4,"name":"ef_fire_wave_A_main/ef_fire_wave_A_main_00004"},{"time":0.4333,"name":"ef_fire_wave_A_main/ef_fire_wave_A_main_00005"},{"time":0.4666,"name":"ef_fire_wave_A_main/ef_fire_wave_A_main_00006"},{"time":0.5,"name":"ef_fire_wave_A_main/ef_fire_wave_A_main_00007"},{"time":0.7,"name":null}],"color":[{"time":0.4666,"color":"ffffffff","curve":[0.066,0.49,0.75,1]},{"time":0.7,"color":"ffffff00"}]},"ef_ice_A_blue_main/ef_ice_A_blue_main_00002":{"attachment":[{"time":0.3333,"name":"ef_ice_A_blue_main/ef_ice_A_blue_main_00002"},{"time":0.4,"name":"ef_ice_A_blue_main/ef_ice_A_blue_main_00004"},{"time":0.4666,"name":"ef_ice_A_blue_main/ef_ice_A_blue_main_00006"},{"time":0.5333,"name":"ef_ice_A_blue_main/ef_ice_A_blue_main_00008"},{"time":0.6,"name":"ef_ice_A_blue_main/ef_ice_A_blue_main_00010"},{"time":0.7,"name":"ef_ice_A_blue_main/ef_ice_A_blue_main_00012"},{"time":0.8,"name":"ef_ice_A_blue_main/ef_ice_A_blue_main_00013"},{"time":0.9,"name":"ef_ice_A_blue_main/ef_ice_A_blue_main_00014"},{"time":1.1333,"name":null}],"color":[{"time":0.9,"color":"ffffffff"},{"time":1.1333,"color":"ffffff00"}]},"ef_ice_A_blue_main/ef_ice_A_blue_main_2":{"attachment":[{"time":0.3333,"name":"ef_ice_A_blue_main/ef_ice_A_blue_main_00002"},{"time":0.4,"name":"ef_ice_A_blue_main/ef_ice_A_blue_main_00004"},{"time":0.4666,"name":"ef_ice_A_blue_main/ef_ice_A_blue_main_00006"},{"time":0.5666,"name":"ef_ice_A_blue_main/ef_ice_A_blue_main_00008"},{"time":0.6666,"name":"ef_ice_A_blue_main/ef_ice_A_blue_main_00010"},{"time":0.7666,"name":"ef_ice_A_blue_main/ef_ice_A_blue_main_00012"},{"time":0.8666,"name":"ef_ice_A_blue_main/ef_ice_A_blue_main_00013"},{"time":0.9666,"name":"ef_ice_A_blue_main/ef_ice_A_blue_main_00014"},{"time":1.2,"name":null}],"color":[{"time":0.9666,"color":"ffffffff"},{"time":1.2,"color":"ffffff00"}]},"ef_ice_A_blue_main/ef_ice_A_blue_main_3":{"attachment":[{"time":0.4,"name":"ef_ice_A_blue_main/ef_ice_A_blue_main_00002"},{"time":0.4666,"name":"ef_ice_A_blue_main/ef_ice_A_blue_main_00004"},{"time":0.5333,"name":"ef_ice_A_blue_main/ef_ice_A_blue_main_00006"},{"time":0.6333,"name":"ef_ice_A_blue_main/ef_ice_A_blue_main_00008"},{"time":0.7333,"name":"ef_ice_A_blue_main/ef_ice_A_blue_main_00010"},{"time":0.8333,"name":"ef_ice_A_blue_main/ef_ice_A_blue_main_00012"},{"time":0.9333,"name":"ef_ice_A_blue_main/ef_ice_A_blue_main_00013"},{"time":1.0333,"name":"ef_ice_A_blue_main/ef_ice_A_blue_main_00014"},{"time":1.2666,"name":null}],"color":[{"time":1.0333,"color":"ffffffff"},{"time":1.2666,"color":"ffffff00"}]},"ef_ice_A_blue_main/ef_ice_A_blue_main_4":{"attachment":[{"time":0.4666,"name":"ef_ice_A_blue_main/ef_ice_A_blue_main_00002"},{"time":0.5333,"name":"ef_ice_A_blue_main/ef_ice_A_blue_main_00004"},{"time":0.6,"name":"ef_ice_A_blue_main/ef_ice_A_blue_main_00006"},{"time":0.7,"name":"ef_ice_A_blue_main/ef_ice_A_blue_main_00008"},{"time":0.8,"name":"ef_ice_A_blue_main/ef_ice_A_blue_main_00010"},{"time":0.9,"name":"ef_ice_A_blue_main/ef_ice_A_blue_main_00012"},{"time":1,"name":"ef_ice_A_blue_main/ef_ice_A_blue_main_00013"},{"time":1.1,"name":"ef_ice_A_blue_main/ef_ice_A_blue_main_00014"},{"time":1.3333,"name":null}],"color":[{"time":1.1,"color":"ffffffff"},{"time":1.3333,"color":"ffffff00"}]},"ef_ice_A_blue_main/ef_ice_A_blue_main_5":{"attachment":[{"time":0.5,"name":"ef_ice_A_blue_main/ef_ice_A_blue_main_00002"},{"time":0.5666,"name":"ef_ice_A_blue_main/ef_ice_A_blue_main_00004"},{"time":0.6333,"name":"ef_ice_A_blue_main/ef_ice_A_blue_main_00006"},{"time":0.7333,"name":"ef_ice_A_blue_main/ef_ice_A_blue_main_00008"},{"time":0.8333,"name":"ef_ice_A_blue_main/ef_ice_A_blue_main_00010"},{"time":0.9333,"name":"ef_ice_A_blue_main/ef_ice_A_blue_main_00012"},{"time":1.0333,"name":"ef_ice_A_blue_main/ef_ice_A_blue_main_00013"},{"time":1.1333,"name":"ef_ice_A_blue_main/ef_ice_A_blue_main_00014"},{"time":1.3666,"name":null}],"color":[{"time":1.1333,"color":"ffffffff"},{"time":1.3666,"color":"ffffff00"}]},"ef_shock_wave_A_main/ef_shock_wave_A_main_1":{"attachment":[{"time":0.2666,"name":"ef_shock_wave_A_main/ef_shock_wave_A_main_00001"},{"time":0.3,"name":"ef_shock_wave_A_main/ef_shock_wave_A_main_00002"},{"time":0.3333,"name":"ef_shock_wave_A_main/ef_shock_wave_A_main_00003"},{"time":0.3666,"name":"ef_shock_wave_A_main/ef_shock_wave_A_main_00004"},{"time":0.4,"name":"ef_shock_wave_A_main/ef_shock_wave_A_main_00005"},{"time":0.4333,"name":"ef_shock_wave_A_main/ef_shock_wave_A_main_00006"},{"time":0.4666,"name":null}]},"ef_shock_wave_A_main/ef_shock_wave_A_main_00001":{"attachment":[{"time":0.2333,"name":"ef_shock_wave_A_main/ef_shock_wave_A_main_00001"},{"time":0.2666,"name":"ef_shock_wave_A_main/ef_shock_wave_A_main_00002"},{"time":0.3,"name":"ef_shock_wave_A_main/ef_shock_wave_A_main_00003"},{"time":0.3333,"name":"ef_shock_wave_A_main/ef_shock_wave_A_main_00004"},{"time":0.3666,"name":"ef_shock_wave_A_main/ef_shock_wave_A_main_00005"},{"time":0.4,"name":"ef_shock_wave_A_main/ef_shock_wave_A_main_00006"},{"time":0.4333,"name":null}],"color":[{"time":0.2333,"color":"ffffffff"}]},"ef_shock_wave_A_main/ef_shock_wave_A_main_2":{"attachment":[{"time":0.3,"name":"ef_shock_wave_A_main/ef_shock_wave_A_main_00001"},{"time":0.3333,"name":"ef_shock_wave_A_main/ef_shock_wave_A_main_00002"},{"time":0.3666,"name":"ef_shock_wave_A_main/ef_shock_wave_A_main_00003"},{"time":0.4,"name":"ef_shock_wave_A_main/ef_shock_wave_A_main_00004"},{"time":0.4333,"name":"ef_shock_wave_A_main/ef_shock_wave_A_main_00005"},{"time":0.4666,"name":"ef_shock_wave_A_main/ef_shock_wave_A_main_00006"},{"time":0.5,"name":null}]}},"bones":{"icebreak1":{"translate":[{"time":0.2666,"x":-66.67,"y":-64.82}],"scale":[{"time":0.2666,"x":3.014,"y":3.014}]},"icebreak2":{"translate":[{"time":0.3333,"x":-300.01,"y":-98.15}],"scale":[{"time":0.3333,"x":3.014,"y":3.014}]},"icebreak3":{"translate":[{"time":0.4,"x":-701.9,"y":-81.48}],"scale":[{"time":0.4,"x":3.014,"y":3.014}]},"icebreak4":{"translate":[{"time":0.4666,"x":-1079.18,"y":-89.56}],"scale":[{"time":0.4666,"x":3.014,"y":3.014}]},"DAMAGEAREA":{"translate":[{"time":0.2333,"x":-166.2,"y":67.71},{"time":0.3,"x":-480.15,"y":67.71}],"scale":[{"time":0.2333,"x":8.052,"y":3.051},{"time":0.3,"x":11.179,"y":3.051}]},"spear_1":{"translate":[{"time":0.2333,"x":-595.46,"y":58.38},{"time":0.3333,"x":-832.88,"y":58.38,"curve":[0.092,0.6,0.75,1]},{"time":0.5333,"x":-683.31,"y":58.38}],"scale":[{"time":0.2333,"x":3.185,"y":3.185,"curve":"stepped"},{"time":0.3333,"x":3.185,"y":3.185,"curve":[0.092,0.6,0.75,1]},{"time":0.5333,"x":9.774,"y":0.271}]},"shock_1":{"translate":[{"time":0.2333,"x":-544.8,"y":-44.75}],"scale":[{"time":0.2333,"x":5.381,"y":5.381,"curve":"stepped"},{"time":0.3333,"x":5.381,"y":5.381,"curve":[0.066,0.49,0.75,1]},{"time":0.6,"x":5.566,"y":5.577}]},"shock_2":{"translate":[{"time":0.2333,"x":-887.25,"y":-44.88}],"scale":[{"time":0.2333,"x":5.994,"y":3.733,"curve":"stepped"},{"time":0.3333,"x":5.994,"y":3.733,"curve":[0.066,0.49,0.75,1]},{"time":0.6,"x":6.721,"y":4.186}]},"shock_3":{"translate":[{"time":0.3,"x":-1087.99,"y":-44.88}],"scale":[{"time":0.3,"x":5.994,"y":2.704,"curve":"stepped"},{"time":0.4,"x":5.994,"y":2.704,"curve":[0.066,0.49,0.75,1]},{"time":0.6333,"x":6.72,"y":2.751}]},"shock_4":{"translate":[{"time":0.3666,"x":-1408.1,"y":-44.88}],"scale":[{"time":0.3666,"x":5.994,"y":1.796,"curve":"stepped"},{"time":0.4666,"x":5.994,"y":1.796,"curve":[0.066,0.49,0.75,1]},{"time":0.7,"x":6.72,"y":2.099}]},"ice_A_1":{"translate":[{"time":0.3333,"x":-135.5,"y":44.66,"curve":"stepped"},{"time":0.6,"x":-135.5,"y":44.66,"curve":[0.507,0,1,1]},{"time":1.4666,"x":-135.5,"y":14.01}],"scale":[{"time":0.3333,"x":2.409,"y":2.409}]},"ice_A_2":{"translate":[{"time":0.3333,"x":-322.51,"y":108.52,"curve":"stepped"},{"time":0.6,"x":-322.51,"y":108.52,"curve":[0.507,0,1,1]},{"time":1.4666,"x":-322.51,"y":77.87}],"scale":[{"time":0.3333,"x":-3.28,"y":3.277}]},"ice_A_3":{"translate":[{"time":0.4,"x":-658.42,"y":24.49,"curve":"stepped"},{"time":0.7,"x":-658.42,"y":24.49,"curve":[0.507,0,1,1]},{"time":1.4666,"x":-658.42,"y":-6.14}],"scale":[{"time":0.4,"x":2.947,"y":2.947}]},"ice_A_4":{"translate":[{"time":0.4666,"x":-869.53,"y":144.07,"curve":"stepped"},{"time":0.7666,"x":-869.53,"y":144.07,"curve":[0.507,0,1,1]},{"time":1.4666,"x":-869.53,"y":113.42}],"scale":[{"time":0.4666,"x":2.947,"y":2.947}]},"ice_A_5":{"translate":[{"time":0.5,"x":-1106.81,"y":77.55,"curve":"stepped"},{"time":0.8,"x":-1106.81,"y":77.55,"curve":[0.507,0,1,1]},{"time":1.4666,"x":-1106.81,"y":46.9}],"scale":[{"time":0.5,"x":2.947,"y":2.947}]},"shock_wave_2":{"translate":[{"time":0.2666,"x":-803.7,"y":54.16}],"scale":[{"time":0.2666,"x":4.306,"y":4.306,"curve":[0.079,0.47,0.715,1]},{"time":0.4666,"x":6.952,"y":6.952}]},"shock_wave_1":{"translate":[{"time":0.2333,"x":-436.44,"y":53.4}],"scale":[{"time":0.2333,"x":6.285,"y":6.285,"curve":[0.079,0.47,0.715,1]},{"time":0.4333,"x":6.952,"y":6.952}]},"shock_wave_3":{"translate":[{"time":0.3,"x":-1066.65,"y":59.03}],"scale":[{"time":0.3,"x":4.306,"y":4.306,"curve":[0.079,0.47,0.715,1]},{"time":0.5,"x":6.952,"y":6.952}]},"front_wave_1":{"scale":[{"time":0.2,"x":0.054,"y":0.054}]}},"events":[{"time":0,"name":"Sound3","string":"setHitSound(se_battle_007_attack_hit_01)"},{"time":0.2333,"name":"Event","float":0.25,"string":"kHitStopType_normal"},{"time":0.2333,"name":"Event2","float":3,"string":"shakeGround"},{"time":0.2333,"name":"Sound1","string":"cri_se_battle_044_freeze"},{"time":0.2333,"name":"Sound2","string":"cri_se_battle_skill_swish"},{"time":0.2333,"name":"Sound3","string":"cri_se_battle_darkness_explosion"},{"time":0.3,"name":"Event","float":0.06,"string":"kHitStopType_normal"},{"time":0.3,"name":"Hit","float":7,"string":"resetHitList"},{"time":0.3666,"name":"Hit","float":7,"string":"resetHitList"},{"time":0.4333,"name":"Event2","float":2,"string":"shakeGround"},{"time":0.4333,"name":"Hit","float":7,"string":"resetHitList"},{"time":0.5,"name":"Hit","float":7,"string":"resetHitList"},{"time":0.5666,"name":"Event","float":0.25,"string":"kHitStopType_enemyonly"},{"time":0.5666,"name":"Hit","float":7,"string":"resetHitList"},{"time":0.6333,"name":"Event2","float":1,"string":"shakeGround"},{"time":0.8333,"name":"Event2","float":1,"string":"shakeGround"},{"time":1.0333,"name":"Event2","float":1,"string":"shakeGround"}]}}}