{
"skeleton": { "hash": "9TsLvn/1FJI1Aq9V7D7ilazkKCA", "spine": "3.0.12", "width": 0, "height": 0, "images": "./images/" },
"bones": [
	{ "name": "root" },
	{ "name": "MAIN", "parent": "root" },
	{ "name": "EF_wing1_4", "parent": "MAIN", "x": 250, "y": 50 },
	{ "name": "EF_wing1_3", "parent": "MAIN", "x": 250, "y": 50 },
	{ "name": "EF_wing1_2", "parent": "MAIN", "x": 250, "y": 50 },
	{ "name": "EF_wing1_1", "parent": "MAIN", "x": 250, "y": 50 },
	{ "name": "EF_waterdash1_7", "parent": "MAIN", "x": 300 },
	{ "name": "EF_waterdash1_6", "parent": "MAIN", "x": 300 },
	{ "name": "EF_waterdash1_5", "parent": "MAIN", "x": 300 },
	{ "name": "EF_waterdash1_4", "parent": "MAIN", "x": 300 },
	{ "name": "EF_waterdash1_3", "parent": "MAIN", "x": 300 },
	{ "name": "EF_waterdash1_2", "parent": "MAIN", "x": 300 },
	{ "name": "EF_waterdash1_1", "parent": "MAIN", "x": 300 },
	{ "name": "DAMAGEAREA", "parent": "root" }
],
"slots": [
	{ "name": "EF_wing1_1", "bone": "EF_wing1_1", "blend": "additive" },
	{ "name": "EF_wing1_2", "bone": "EF_wing1_2", "blend": "additive" },
	{ "name": "EF_wing1_3", "bone": "EF_wing1_3", "blend": "additive" },
	{ "name": "EF_wing1_4", "bone": "EF_wing1_4", "blend": "additive" },
	{ "name": "EF_waterdash1_1", "bone": "EF_waterdash1_1", "blend": "additive" },
	{ "name": "EF_waterdash1_7", "bone": "EF_waterdash1_7", "blend": "additive" },
	{ "name": "EF_waterdash1_2", "bone": "EF_waterdash1_2", "blend": "additive" },
	{ "name": "EF_waterdash1_3", "bone": "EF_waterdash1_3", "blend": "additive" },
	{ "name": "EF_waterdash1_4", "bone": "EF_waterdash1_4", "blend": "additive" },
	{ "name": "EF_waterdash1_5", "bone": "EF_waterdash1_5", "blend": "additive" },
	{ "name": "EF_waterdash1_6", "bone": "EF_waterdash1_6", "blend": "additive" },
	{ "name": "DAMAGEAREA", "bone": "DAMAGEAREA" }
],
"skins": {
	"default": {
		"DAMAGEAREA": {
			"DAMAGEAREA": {
				"type": "boundingbox",
				"vertices": [ -63.05615, 63.30941, -63.05615, -64.61044, 64.20768, -64.61044, 64.20768, 63.30941 ]
			}
		},
		"EF_waterdash1_1": {
			"EF/ef_water_dash_main/ef_water_dash_main_00001": { "y": 57.12, "width": 102, "height": 138 },
			"EF/ef_water_dash_main/ef_water_dash_main_00002": { "y": 57.12, "width": 104, "height": 147 },
			"EF/ef_water_dash_main/ef_water_dash_main_00003": { "y": 57.12, "width": 108, "height": 153 },
			"EF/ef_water_dash_main/ef_water_dash_main_00004": { "y": 57.12, "width": 113, "height": 156 },
			"EF/ef_water_dash_main/ef_water_dash_main_00005": { "y": 57.12, "width": 119, "height": 160 },
			"EF/ef_water_dash_main/ef_water_dash_main_00006": { "y": 57.12, "width": 116, "height": 158 },
			"EF/ef_water_dash_main/ef_water_dash_main_00007": { "y": 57.12, "width": 118, "height": 126 },
			"EF/ef_water_dash_main/ef_water_dash_main_00008": { "y": 57.12, "width": 126, "height": 112 },
			"EF/ef_water_dash_main/ef_water_dash_main_00009": { "y": 57.12, "width": 135, "height": 114 },
			"EF/ef_water_dash_main/ef_water_dash_main_00010": { "y": 57.12, "width": 144, "height": 105 },
			"EF/ef_water_dash_main/ef_water_dash_main_00011": { "y": 57.12, "width": 147, "height": 105 },
			"EF/ef_water_dash_main/ef_water_dash_main_00012": { "y": 57.12, "width": 144, "height": 75 },
			"EF/ef_water_dash_main/ef_water_dash_main_00013": { "y": 57.12, "width": 146, "height": 62 },
			"EF/ef_water_dash_main/ef_water_dash_main_00014": { "y": 57.12, "width": 144, "height": 34 }
		},
		"EF_waterdash1_2": {
			"EF/ef_water_dash_main/ef_water_dash_main_00001": { "y": 57.12, "width": 102, "height": 138 },
			"EF/ef_water_dash_main/ef_water_dash_main_00002": { "y": 57.12, "width": 104, "height": 147 },
			"EF/ef_water_dash_main/ef_water_dash_main_00003": { "y": 57.12, "width": 108, "height": 153 },
			"EF/ef_water_dash_main/ef_water_dash_main_00004": { "y": 57.12, "width": 113, "height": 156 },
			"EF/ef_water_dash_main/ef_water_dash_main_00005": { "y": 57.12, "width": 119, "height": 160 },
			"EF/ef_water_dash_main/ef_water_dash_main_00006": { "y": 57.12, "width": 116, "height": 158 },
			"EF/ef_water_dash_main/ef_water_dash_main_00007": { "y": 57.12, "width": 118, "height": 126 },
			"EF/ef_water_dash_main/ef_water_dash_main_00008": { "y": 57.12, "width": 126, "height": 112 },
			"EF/ef_water_dash_main/ef_water_dash_main_00009": { "y": 57.12, "width": 135, "height": 114 },
			"EF/ef_water_dash_main/ef_water_dash_main_00010": { "y": 57.12, "width": 144, "height": 105 },
			"EF/ef_water_dash_main/ef_water_dash_main_00011": { "y": 57.12, "width": 147, "height": 105 },
			"EF/ef_water_dash_main/ef_water_dash_main_00012": { "y": 57.12, "width": 144, "height": 75 },
			"EF/ef_water_dash_main/ef_water_dash_main_00013": { "y": 57.12, "width": 146, "height": 62 },
			"EF/ef_water_dash_main/ef_water_dash_main_00014": { "y": 57.12, "width": 144, "height": 34 }
		},
		"EF_waterdash1_3": {
			"EF/ef_water_dash_main/ef_water_dash_main_00001": { "y": 57.12, "width": 102, "height": 138 },
			"EF/ef_water_dash_main/ef_water_dash_main_00002": { "y": 57.12, "width": 104, "height": 147 },
			"EF/ef_water_dash_main/ef_water_dash_main_00003": { "y": 57.12, "width": 108, "height": 153 },
			"EF/ef_water_dash_main/ef_water_dash_main_00004": { "y": 57.12, "width": 113, "height": 156 },
			"EF/ef_water_dash_main/ef_water_dash_main_00005": { "y": 57.12, "width": 119, "height": 160 },
			"EF/ef_water_dash_main/ef_water_dash_main_00006": { "y": 57.12, "width": 116, "height": 158 },
			"EF/ef_water_dash_main/ef_water_dash_main_00007": { "y": 57.12, "width": 118, "height": 126 },
			"EF/ef_water_dash_main/ef_water_dash_main_00008": { "y": 57.12, "width": 126, "height": 112 },
			"EF/ef_water_dash_main/ef_water_dash_main_00009": { "y": 57.12, "width": 135, "height": 114 },
			"EF/ef_water_dash_main/ef_water_dash_main_00010": { "y": 57.12, "width": 144, "height": 105 },
			"EF/ef_water_dash_main/ef_water_dash_main_00011": { "y": 57.12, "width": 147, "height": 105 },
			"EF/ef_water_dash_main/ef_water_dash_main_00012": { "y": 57.12, "width": 144, "height": 75 },
			"EF/ef_water_dash_main/ef_water_dash_main_00013": { "y": 57.12, "width": 146, "height": 62 },
			"EF/ef_water_dash_main/ef_water_dash_main_00014": { "y": 57.12, "width": 144, "height": 34 }
		},
		"EF_waterdash1_4": {
			"EF/ef_water_dash_main/ef_water_dash_main_00001": { "y": 57.12, "width": 102, "height": 138 },
			"EF/ef_water_dash_main/ef_water_dash_main_00002": { "y": 57.12, "width": 104, "height": 147 },
			"EF/ef_water_dash_main/ef_water_dash_main_00003": { "y": 57.12, "width": 108, "height": 153 },
			"EF/ef_water_dash_main/ef_water_dash_main_00004": { "y": 57.12, "width": 113, "height": 156 },
			"EF/ef_water_dash_main/ef_water_dash_main_00005": { "y": 57.12, "width": 119, "height": 160 },
			"EF/ef_water_dash_main/ef_water_dash_main_00006": { "y": 57.12, "width": 116, "height": 158 },
			"EF/ef_water_dash_main/ef_water_dash_main_00007": { "y": 57.12, "width": 118, "height": 126 },
			"EF/ef_water_dash_main/ef_water_dash_main_00008": { "y": 57.12, "width": 126, "height": 112 },
			"EF/ef_water_dash_main/ef_water_dash_main_00009": { "y": 57.12, "width": 135, "height": 114 },
			"EF/ef_water_dash_main/ef_water_dash_main_00010": { "y": 57.12, "width": 144, "height": 105 },
			"EF/ef_water_dash_main/ef_water_dash_main_00011": { "y": 57.12, "width": 147, "height": 105 },
			"EF/ef_water_dash_main/ef_water_dash_main_00012": { "y": 57.12, "width": 144, "height": 75 },
			"EF/ef_water_dash_main/ef_water_dash_main_00013": { "y": 57.12, "width": 146, "height": 62 },
			"EF/ef_water_dash_main/ef_water_dash_main_00014": { "y": 57.12, "width": 144, "height": 34 }
		},
		"EF_waterdash1_5": {
			"EF/ef_water_dash_main/ef_water_dash_main_00001": { "y": 57.12, "width": 102, "height": 138 },
			"EF/ef_water_dash_main/ef_water_dash_main_00002": { "y": 57.12, "width": 104, "height": 147 },
			"EF/ef_water_dash_main/ef_water_dash_main_00003": { "y": 57.12, "width": 108, "height": 153 },
			"EF/ef_water_dash_main/ef_water_dash_main_00004": { "y": 57.12, "width": 113, "height": 156 },
			"EF/ef_water_dash_main/ef_water_dash_main_00005": { "y": 57.12, "width": 119, "height": 160 },
			"EF/ef_water_dash_main/ef_water_dash_main_00006": { "y": 57.12, "width": 116, "height": 158 },
			"EF/ef_water_dash_main/ef_water_dash_main_00007": { "y": 57.12, "width": 118, "height": 126 },
			"EF/ef_water_dash_main/ef_water_dash_main_00008": { "y": 57.12, "width": 126, "height": 112 },
			"EF/ef_water_dash_main/ef_water_dash_main_00009": { "y": 57.12, "width": 135, "height": 114 },
			"EF/ef_water_dash_main/ef_water_dash_main_00010": { "y": 57.12, "width": 144, "height": 105 },
			"EF/ef_water_dash_main/ef_water_dash_main_00011": { "y": 57.12, "width": 147, "height": 105 },
			"EF/ef_water_dash_main/ef_water_dash_main_00012": { "y": 57.12, "width": 144, "height": 75 },
			"EF/ef_water_dash_main/ef_water_dash_main_00013": { "y": 57.12, "width": 146, "height": 62 },
			"EF/ef_water_dash_main/ef_water_dash_main_00014": { "y": 57.12, "width": 144, "height": 34 }
		},
		"EF_waterdash1_6": {
			"EF/ef_water_dash_main/ef_water_dash_main_00001": { "y": 57.12, "width": 102, "height": 138 },
			"EF/ef_water_dash_main/ef_water_dash_main_00002": { "y": 57.12, "width": 104, "height": 147 },
			"EF/ef_water_dash_main/ef_water_dash_main_00003": { "y": 57.12, "width": 108, "height": 153 },
			"EF/ef_water_dash_main/ef_water_dash_main_00004": { "y": 57.12, "width": 113, "height": 156 },
			"EF/ef_water_dash_main/ef_water_dash_main_00005": { "y": 57.12, "width": 119, "height": 160 },
			"EF/ef_water_dash_main/ef_water_dash_main_00006": { "y": 57.12, "width": 116, "height": 158 },
			"EF/ef_water_dash_main/ef_water_dash_main_00007": { "y": 57.12, "width": 118, "height": 126 },
			"EF/ef_water_dash_main/ef_water_dash_main_00008": { "y": 57.12, "width": 126, "height": 112 },
			"EF/ef_water_dash_main/ef_water_dash_main_00009": { "y": 57.12, "width": 135, "height": 114 },
			"EF/ef_water_dash_main/ef_water_dash_main_00010": { "y": 57.12, "width": 144, "height": 105 },
			"EF/ef_water_dash_main/ef_water_dash_main_00011": { "y": 57.12, "width": 147, "height": 105 },
			"EF/ef_water_dash_main/ef_water_dash_main_00012": { "y": 57.12, "width": 144, "height": 75 },
			"EF/ef_water_dash_main/ef_water_dash_main_00013": { "y": 57.12, "width": 146, "height": 62 },
			"EF/ef_water_dash_main/ef_water_dash_main_00014": { "y": 57.12, "width": 144, "height": 34 }
		},
		"EF_waterdash1_7": {
			"EF/ef_water_dash_main/ef_water_dash_main_00001": { "y": 57.12, "width": 102, "height": 138 },
			"EF/ef_water_dash_main/ef_water_dash_main_00002": { "y": 57.12, "width": 104, "height": 147 },
			"EF/ef_water_dash_main/ef_water_dash_main_00003": { "y": 57.12, "width": 108, "height": 153 },
			"EF/ef_water_dash_main/ef_water_dash_main_00004": { "y": 57.12, "width": 113, "height": 156 },
			"EF/ef_water_dash_main/ef_water_dash_main_00005": { "y": 57.12, "width": 119, "height": 160 },
			"EF/ef_water_dash_main/ef_water_dash_main_00006": { "y": 57.12, "width": 116, "height": 158 },
			"EF/ef_water_dash_main/ef_water_dash_main_00007": { "y": 57.12, "width": 118, "height": 126 },
			"EF/ef_water_dash_main/ef_water_dash_main_00008": { "y": 57.12, "width": 126, "height": 112 },
			"EF/ef_water_dash_main/ef_water_dash_main_00009": { "y": 57.12, "width": 135, "height": 114 },
			"EF/ef_water_dash_main/ef_water_dash_main_00010": { "y": 57.12, "width": 144, "height": 105 },
			"EF/ef_water_dash_main/ef_water_dash_main_00011": { "y": 57.12, "width": 147, "height": 105 },
			"EF/ef_water_dash_main/ef_water_dash_main_00012": { "y": 57.12, "width": 144, "height": 75 },
			"EF/ef_water_dash_main/ef_water_dash_main_00013": { "y": 57.12, "width": 146, "height": 62 },
			"EF/ef_water_dash_main/ef_water_dash_main_00014": { "y": 57.12, "width": 144, "height": 34 }
		},
		"EF_wing1_1": {
			"EF/wing/330_S2_wing2_00002": { "width": 215, "height": 98 },
			"EF/wing/330_S2_wing2_00004": { "width": 212, "height": 117 },
			"EF/wing/330_S2_wing2_00008": { "width": 212, "height": 114 },
			"EF/wing/330_S2_wing2_00012": { "width": 208, "height": 111 },
			"EF/wing/330_S2_wing2_00016": { "width": 212, "height": 108 },
			"EF/wing/330_S2_wing2_00020": { "width": 207, "height": 102 },
			"EF/wing/330_S2_wing2_00022": { "width": 204, "height": 99 },
			"EF/wing/330_S2_wing2_00024": { "width": 193, "height": 96 }
		},
		"EF_wing1_2": {
			"EF/wing/330_S2_wing2_00002": { "width": 215, "height": 98 },
			"EF/wing/330_S2_wing2_00004": { "width": 212, "height": 117 },
			"EF/wing/330_S2_wing2_00008": { "width": 212, "height": 114 },
			"EF/wing/330_S2_wing2_00012": { "width": 208, "height": 111 },
			"EF/wing/330_S2_wing2_00016": { "width": 212, "height": 108 },
			"EF/wing/330_S2_wing2_00020": { "width": 207, "height": 102 },
			"EF/wing/330_S2_wing2_00022": { "width": 204, "height": 99 },
			"EF/wing/330_S2_wing2_00024": { "width": 193, "height": 96 }
		},
		"EF_wing1_3": {
			"EF/wing/330_S2_wing2_00002": { "width": 215, "height": 98 },
			"EF/wing/330_S2_wing2_00004": { "width": 212, "height": 117 },
			"EF/wing/330_S2_wing2_00008": { "width": 212, "height": 114 },
			"EF/wing/330_S2_wing2_00012": { "width": 208, "height": 111 },
			"EF/wing/330_S2_wing2_00016": { "width": 212, "height": 108 },
			"EF/wing/330_S2_wing2_00020": { "width": 207, "height": 102 },
			"EF/wing/330_S2_wing2_00022": { "width": 204, "height": 99 },
			"EF/wing/330_S2_wing2_00024": { "width": 193, "height": 96 }
		},
		"EF_wing1_4": {
			"EF/wing/330_S2_wing2_00002": { "width": 215, "height": 98 },
			"EF/wing/330_S2_wing2_00004": { "width": 212, "height": 117 },
			"EF/wing/330_S2_wing2_00008": { "width": 212, "height": 114 },
			"EF/wing/330_S2_wing2_00012": { "width": 208, "height": 111 },
			"EF/wing/330_S2_wing2_00016": { "width": 212, "height": 108 },
			"EF/wing/330_S2_wing2_00020": { "width": 207, "height": 102 },
			"EF/wing/330_S2_wing2_00022": { "width": 204, "height": 99 },
			"EF/wing/330_S2_wing2_00024": { "width": 193, "height": 96 }
		}
	}
},
"events": {
	"Event": {},
	"Event2": {},
	"Hit": {},
	"Sound1": {},
	"Sound2": {},
	"Sound3": {}
},
"animations": {
	"attack1": {
		"slots": {
			"DAMAGEAREA": {
				"attachment": [
					{ "time": 0.3333, "name": "DAMAGEAREA" },
					{ "time": 0.6333, "name": null }
				]
			},
			"EF_waterdash1_1": {
				"attachment": [
					{ "time": 0.4, "name": "EF/ef_water_dash_main/ef_water_dash_main_00001" },
					{ "time": 0.4333, "name": "EF/ef_water_dash_main/ef_water_dash_main_00002" },
					{ "time": 0.4666, "name": "EF/ef_water_dash_main/ef_water_dash_main_00003" },
					{ "time": 0.5, "name": "EF/ef_water_dash_main/ef_water_dash_main_00004" },
					{ "time": 0.5333, "name": "EF/ef_water_dash_main/ef_water_dash_main_00005" },
					{ "time": 0.5666, "name": "EF/ef_water_dash_main/ef_water_dash_main_00006" },
					{ "time": 0.6, "name": "EF/ef_water_dash_main/ef_water_dash_main_00007" },
					{ "time": 0.6333, "name": "EF/ef_water_dash_main/ef_water_dash_main_00008" },
					{ "time": 0.6666, "name": "EF/ef_water_dash_main/ef_water_dash_main_00009" },
					{ "time": 0.7, "name": "EF/ef_water_dash_main/ef_water_dash_main_00010" },
					{ "time": 0.7333, "name": "EF/ef_water_dash_main/ef_water_dash_main_00011" },
					{ "time": 0.7666, "name": "EF/ef_water_dash_main/ef_water_dash_main_00012" },
					{ "time": 0.8, "name": "EF/ef_water_dash_main/ef_water_dash_main_00013" },
					{ "time": 0.8333, "name": "EF/ef_water_dash_main/ef_water_dash_main_00014" },
					{ "time": 0.8666, "name": null }
				]
			},
			"EF_waterdash1_2": {
				"attachment": [
					{ "time": 0.4333, "name": "EF/ef_water_dash_main/ef_water_dash_main_00001" },
					{ "time": 0.4666, "name": "EF/ef_water_dash_main/ef_water_dash_main_00002" },
					{ "time": 0.5, "name": "EF/ef_water_dash_main/ef_water_dash_main_00003" },
					{ "time": 0.5333, "name": "EF/ef_water_dash_main/ef_water_dash_main_00004" },
					{ "time": 0.5666, "name": "EF/ef_water_dash_main/ef_water_dash_main_00005" },
					{ "time": 0.6, "name": "EF/ef_water_dash_main/ef_water_dash_main_00006" },
					{ "time": 0.6333, "name": "EF/ef_water_dash_main/ef_water_dash_main_00007" },
					{ "time": 0.6666, "name": "EF/ef_water_dash_main/ef_water_dash_main_00008" },
					{ "time": 0.7, "name": "EF/ef_water_dash_main/ef_water_dash_main_00009" },
					{ "time": 0.7333, "name": "EF/ef_water_dash_main/ef_water_dash_main_00010" },
					{ "time": 0.7666, "name": "EF/ef_water_dash_main/ef_water_dash_main_00011" },
					{ "time": 0.8, "name": "EF/ef_water_dash_main/ef_water_dash_main_00012" },
					{ "time": 0.8333, "name": "EF/ef_water_dash_main/ef_water_dash_main_00013" },
					{ "time": 0.8666, "name": "EF/ef_water_dash_main/ef_water_dash_main_00014" },
					{ "time": 0.9, "name": null }
				]
			},
			"EF_waterdash1_3": {
				"attachment": [
					{ "time": 0.4666, "name": "EF/ef_water_dash_main/ef_water_dash_main_00001" },
					{ "time": 0.5, "name": "EF/ef_water_dash_main/ef_water_dash_main_00002" },
					{ "time": 0.5333, "name": "EF/ef_water_dash_main/ef_water_dash_main_00003" },
					{ "time": 0.5666, "name": "EF/ef_water_dash_main/ef_water_dash_main_00004" },
					{ "time": 0.6, "name": "EF/ef_water_dash_main/ef_water_dash_main_00005" },
					{ "time": 0.6333, "name": "EF/ef_water_dash_main/ef_water_dash_main_00006" },
					{ "time": 0.6666, "name": "EF/ef_water_dash_main/ef_water_dash_main_00007" },
					{ "time": 0.7, "name": "EF/ef_water_dash_main/ef_water_dash_main_00008" },
					{ "time": 0.7333, "name": "EF/ef_water_dash_main/ef_water_dash_main_00009" },
					{ "time": 0.7666, "name": "EF/ef_water_dash_main/ef_water_dash_main_00010" },
					{ "time": 0.8, "name": "EF/ef_water_dash_main/ef_water_dash_main_00011" },
					{ "time": 0.8333, "name": "EF/ef_water_dash_main/ef_water_dash_main_00012" },
					{ "time": 0.8666, "name": "EF/ef_water_dash_main/ef_water_dash_main_00013" },
					{ "time": 0.9, "name": "EF/ef_water_dash_main/ef_water_dash_main_00014" },
					{ "time": 0.9333, "name": null }
				]
			},
			"EF_waterdash1_4": {
				"attachment": [
					{ "time": 0.5, "name": "EF/ef_water_dash_main/ef_water_dash_main_00001" },
					{ "time": 0.5333, "name": "EF/ef_water_dash_main/ef_water_dash_main_00002" },
					{ "time": 0.5666, "name": "EF/ef_water_dash_main/ef_water_dash_main_00003" },
					{ "time": 0.6, "name": "EF/ef_water_dash_main/ef_water_dash_main_00004" },
					{ "time": 0.6333, "name": "EF/ef_water_dash_main/ef_water_dash_main_00005" },
					{ "time": 0.6666, "name": "EF/ef_water_dash_main/ef_water_dash_main_00006" },
					{ "time": 0.7, "name": "EF/ef_water_dash_main/ef_water_dash_main_00007" },
					{ "time": 0.7333, "name": "EF/ef_water_dash_main/ef_water_dash_main_00008" },
					{ "time": 0.7666, "name": "EF/ef_water_dash_main/ef_water_dash_main_00009" },
					{ "time": 0.8, "name": "EF/ef_water_dash_main/ef_water_dash_main_00010" },
					{ "time": 0.8333, "name": "EF/ef_water_dash_main/ef_water_dash_main_00011" },
					{ "time": 0.8666, "name": "EF/ef_water_dash_main/ef_water_dash_main_00012" },
					{ "time": 0.9, "name": "EF/ef_water_dash_main/ef_water_dash_main_00013" },
					{ "time": 0.9333, "name": "EF/ef_water_dash_main/ef_water_dash_main_00014" },
					{ "time": 0.9666, "name": null }
				]
			},
			"EF_waterdash1_5": {
				"attachment": [
					{ "time": 0.5333, "name": "EF/ef_water_dash_main/ef_water_dash_main_00001" },
					{ "time": 0.5666, "name": "EF/ef_water_dash_main/ef_water_dash_main_00002" },
					{ "time": 0.6, "name": "EF/ef_water_dash_main/ef_water_dash_main_00003" },
					{ "time": 0.6333, "name": "EF/ef_water_dash_main/ef_water_dash_main_00004" },
					{ "time": 0.6666, "name": "EF/ef_water_dash_main/ef_water_dash_main_00005" },
					{ "time": 0.7, "name": "EF/ef_water_dash_main/ef_water_dash_main_00006" },
					{ "time": 0.7333, "name": "EF/ef_water_dash_main/ef_water_dash_main_00007" },
					{ "time": 0.7666, "name": "EF/ef_water_dash_main/ef_water_dash_main_00008" },
					{ "time": 0.8, "name": "EF/ef_water_dash_main/ef_water_dash_main_00009" },
					{ "time": 0.8333, "name": "EF/ef_water_dash_main/ef_water_dash_main_00010" },
					{ "time": 0.8666, "name": "EF/ef_water_dash_main/ef_water_dash_main_00011" },
					{ "time": 0.9, "name": "EF/ef_water_dash_main/ef_water_dash_main_00012" },
					{ "time": 0.9333, "name": "EF/ef_water_dash_main/ef_water_dash_main_00013" },
					{ "time": 0.9666, "name": "EF/ef_water_dash_main/ef_water_dash_main_00014" },
					{ "time": 1, "name": null }
				]
			},
			"EF_waterdash1_6": {
				"attachment": [
					{ "time": 0.5666, "name": "EF/ef_water_dash_main/ef_water_dash_main_00001" },
					{ "time": 0.6, "name": "EF/ef_water_dash_main/ef_water_dash_main_00002" },
					{ "time": 0.6333, "name": "EF/ef_water_dash_main/ef_water_dash_main_00003" },
					{ "time": 0.6666, "name": "EF/ef_water_dash_main/ef_water_dash_main_00004" },
					{ "time": 0.7, "name": "EF/ef_water_dash_main/ef_water_dash_main_00005" },
					{ "time": 0.7333, "name": "EF/ef_water_dash_main/ef_water_dash_main_00006" },
					{ "time": 0.7666, "name": "EF/ef_water_dash_main/ef_water_dash_main_00007" },
					{ "time": 0.8, "name": "EF/ef_water_dash_main/ef_water_dash_main_00008" },
					{ "time": 0.8333, "name": "EF/ef_water_dash_main/ef_water_dash_main_00009" },
					{ "time": 0.8666, "name": "EF/ef_water_dash_main/ef_water_dash_main_00010" },
					{ "time": 0.9, "name": "EF/ef_water_dash_main/ef_water_dash_main_00011" },
					{ "time": 0.9333, "name": "EF/ef_water_dash_main/ef_water_dash_main_00012" },
					{ "time": 0.9666, "name": "EF/ef_water_dash_main/ef_water_dash_main_00013" },
					{ "time": 1, "name": "EF/ef_water_dash_main/ef_water_dash_main_00014" },
					{ "time": 1.0333, "name": null }
				]
			},
			"EF_waterdash1_7": {
				"attachment": [
					{ "time": 0.3333, "name": "EF/ef_water_dash_main/ef_water_dash_main_00001" },
					{ "time": 0.3666, "name": "EF/ef_water_dash_main/ef_water_dash_main_00002" },
					{ "time": 0.4, "name": "EF/ef_water_dash_main/ef_water_dash_main_00003" },
					{ "time": 0.4333, "name": "EF/ef_water_dash_main/ef_water_dash_main_00004" },
					{ "time": 0.4666, "name": "EF/ef_water_dash_main/ef_water_dash_main_00005" },
					{ "time": 0.5, "name": "EF/ef_water_dash_main/ef_water_dash_main_00006" },
					{ "time": 0.5333, "name": "EF/ef_water_dash_main/ef_water_dash_main_00007" },
					{ "time": 0.5666, "name": "EF/ef_water_dash_main/ef_water_dash_main_00008" },
					{ "time": 0.6, "name": "EF/ef_water_dash_main/ef_water_dash_main_00009" },
					{ "time": 0.6333, "name": "EF/ef_water_dash_main/ef_water_dash_main_00010" },
					{ "time": 0.6666, "name": "EF/ef_water_dash_main/ef_water_dash_main_00011" },
					{ "time": 0.7, "name": "EF/ef_water_dash_main/ef_water_dash_main_00012" },
					{ "time": 0.7333, "name": "EF/ef_water_dash_main/ef_water_dash_main_00013" },
					{ "time": 0.7666, "name": "EF/ef_water_dash_main/ef_water_dash_main_00014" },
					{ "time": 0.8, "name": null }
				]
			},
			"EF_wing1_1": {
				"attachment": [
					{ "time": 0.4, "name": "EF/wing/330_S2_wing2_00002" },
					{ "time": 0.4666, "name": "EF/wing/330_S2_wing2_00004" },
					{ "time": 0.5333, "name": "EF/wing/330_S2_wing2_00008" },
					{ "time": 0.6, "name": "EF/wing/330_S2_wing2_00012" },
					{ "time": 0.6666, "name": "EF/wing/330_S2_wing2_00016" },
					{ "time": 0.7333, "name": "EF/wing/330_S2_wing2_00020" },
					{ "time": 0.8, "name": "EF/wing/330_S2_wing2_00022" },
					{ "time": 0.8666, "name": "EF/wing/330_S2_wing2_00024" },
					{ "time": 0.9333, "name": null }
				]
			},
			"EF_wing1_2": {
				"attachment": [
					{ "time": 0.4333, "name": "EF/wing/330_S2_wing2_00002" },
					{ "time": 0.5, "name": "EF/wing/330_S2_wing2_00004" },
					{ "time": 0.5666, "name": "EF/wing/330_S2_wing2_00008" },
					{ "time": 0.6333, "name": "EF/wing/330_S2_wing2_00012" },
					{ "time": 0.7, "name": "EF/wing/330_S2_wing2_00016" },
					{ "time": 0.7666, "name": "EF/wing/330_S2_wing2_00020" },
					{ "time": 0.8333, "name": "EF/wing/330_S2_wing2_00022" },
					{ "time": 0.9, "name": "EF/wing/330_S2_wing2_00024" },
					{ "time": 0.9666, "name": null }
				]
			},
			"EF_wing1_3": {
				"attachment": [
					{ "time": 0.4666, "name": "EF/wing/330_S2_wing2_00002" },
					{ "time": 0.5333, "name": "EF/wing/330_S2_wing2_00004" },
					{ "time": 0.6, "name": "EF/wing/330_S2_wing2_00008" },
					{ "time": 0.6666, "name": "EF/wing/330_S2_wing2_00012" },
					{ "time": 0.7333, "name": "EF/wing/330_S2_wing2_00016" },
					{ "time": 0.8, "name": "EF/wing/330_S2_wing2_00020" },
					{ "time": 0.8666, "name": "EF/wing/330_S2_wing2_00022" },
					{ "time": 0.9333, "name": "EF/wing/330_S2_wing2_00024" },
					{ "time": 1, "name": null }
				]
			},
			"EF_wing1_4": {
				"attachment": [
					{ "time": 0.5, "name": "EF/wing/330_S2_wing2_00002" },
					{ "time": 0.5666, "name": "EF/wing/330_S2_wing2_00004" },
					{ "time": 0.6333, "name": "EF/wing/330_S2_wing2_00008" },
					{ "time": 0.7, "name": "EF/wing/330_S2_wing2_00012" },
					{ "time": 0.7666, "name": "EF/wing/330_S2_wing2_00016" },
					{ "time": 0.8333, "name": "EF/wing/330_S2_wing2_00020" },
					{ "time": 0.9, "name": "EF/wing/330_S2_wing2_00022" },
					{ "time": 0.9666, "name": "EF/wing/330_S2_wing2_00024" },
					{ "time": 1.0333, "name": null }
				]
			}
		},
		"bones": {
			"DAMAGEAREA": {
				"translate": [
					{
						"time": 0.3333,
						"x": -133.99,
						"y": 121.39,
						"curve": [ 0.252, 0, 0.492, 0.58 ]
					},
					{ "time": 0.5666, "x": -451.45, "y": 128.52 }
				],
				"scale": [
					{
						"time": 0.3333,
						"x": 1.654,
						"y": 2.47,
						"curve": [ 0.478, 0.01, 0.75, 1 ]
					},
					{ "time": 0.5666, "x": 7.1, "y": 2.47 }
				]
			},
			"EF_waterdash1_1": {
				"translate": [
					{ "time": 0.4, "x": -698.51, "y": 0 }
				],
				"scale": [
					{ "time": 0.4, "x": 3, "y": 3 }
				]
			},
			"EF_waterdash1_2": {
				"translate": [
					{ "time": 0.4333, "x": -808.67, "y": 0 }
				],
				"scale": [
					{ "time": 0.4333, "x": 3, "y": 3 }
				]
			},
			"EF_waterdash1_3": {
				"translate": [
					{ "time": 0.4666, "x": -918.84, "y": 0 }
				],
				"scale": [
					{ "time": 0.4666, "x": 3, "y": 3 }
				]
			},
			"EF_waterdash1_4": {
				"translate": [
					{ "time": 0.5, "x": -1024.31, "y": 0 }
				],
				"scale": [
					{ "time": 0.5, "x": 3, "y": 3 }
				]
			},
			"EF_waterdash1_5": {
				"translate": [
					{ "time": 0.5333, "x": -1139.18, "y": 0 }
				],
				"scale": [
					{ "time": 0.5333, "x": 3, "y": 3 }
				]
			},
			"EF_waterdash1_6": {
				"translate": [
					{ "time": 0.5666, "x": -1260.68, "y": 0 }
				],
				"scale": [
					{ "time": 0.5666, "x": 3, "y": 3 }
				]
			},
			"EF_waterdash1_7": {
				"translate": [
					{ "time": 0.3333, "x": -569.05, "y": 0 }
				],
				"scale": [
					{ "time": 0.3333, "x": 3, "y": 3 }
				]
			},
			"EF_wing1_1": {
				"translate": [
					{ "time": 0.4, "x": -567.08, "y": 100 }
				],
				"scale": [
					{ "time": 0.4, "x": 1.753, "y": 1.753 }
				]
			},
			"EF_wing1_2": {
				"translate": [
					{ "time": 0.4333, "x": -637.89, "y": 100 }
				],
				"scale": [
					{ "time": 0.4333, "x": 1.753, "y": 1.753 }
				]
			},
			"EF_wing1_3": {
				"translate": [
					{ "time": 0.4666, "x": -878.15, "y": 100 }
				],
				"scale": [
					{ "time": 0.4666, "x": 1.753, "y": 1.753 }
				]
			},
			"EF_wing1_4": {
				"translate": [
					{ "time": 0.5, "x": -1204.39, "y": 100 }
				],
				"scale": [
					{ "time": 0.5, "x": 1.753, "y": 1.753 }
				]
			},
			"MAIN": {
				"translate": [
					{ "time": 0, "x": 139.11, "y": 0 }
				]
			}
		},
		"events": [
			{ "time": 0, "name": "Event", "string": "setHitEffect(hit02b, 0)" },
			{ "time": 0.0333, "name": "Event", "float": 0.1, "string": "kHitStopType_normal" },
			{ "time": 0.0666, "name": "Event", "string": "setHitBackEnemy(30,0)" },
			{ "time": 0.3333, "name": "Sound1", "string": "cri_se_battle_arrow_light_effect" },
			{ "time": 0.3333, "name": "Sound2", "string": "cri_se_battle_thunder_small" },
			{ "time": 0.3333, "name": "Sound3", "string": "setHitSound(se_battle_thrustviolently)" },
			{ "time": 0.4333, "name": "Event", "float": 0.03, "string": "kHitStopType_normal" },
			{ "time": 0.4333, "name": "Hit", "string": "resetHitList" },
			{ "time": 0.5, "name": "Hit", "string": "resetHitList" },
			{ "time": 0.5666, "name": "Hit", "string": "resetHitList" }
		]
	}
}
}