{"skeleton":{"hash":"Kn+izi7/3EZMCK6g/i7uZu6c8yw","spine":"3.0.12","width":165,"height":165},"bones":[{"name":"root"},{"name":"main","parent":"root","y":45},{"name":"ef_spot_light_main6","parent":"main","y":-45},{"name":"ef_spot_light_main5","parent":"main","y":-45},{"name":"ef_spot_light_main4","parent":"main","y":-45},{"name":"ef_spot_light_main3","parent":"main","y":-45},{"name":"ef_spot_light_main2","parent":"main","y":-45},{"name":"ef_spot_light_main1","parent":"main","y":-45},{"name":"ef","parent":"root"},{"name":"ef_smoke_main","parent":"ef","x":300,"y":300},{"name":"ef_shock_wave_main","parent":"ef","x":300,"y":400},{"name":"ef_meet_crash_main","parent":"ef"},{"name":"ef_kabo_crash","parent":"ef","y":45},{"name":"9140_A2_fire","parent":"ef","x":300,"y":500},{"name":"5240_S1_wave2","parent":"ef","x":300,"y":600},{"name":"DAMAGEAREA","parent":"root"}],"slots":[{"name":"ef_meet_crash_main/ef_meet_crash_main_00002","bone":"ef_meet_crash_main"},{"name":"pumpkinhead00","bone":"main","attachment":"pumpkinhead00"},{"name":"ef_kabo_crash","bone":"ef_kabo_crash"},{"name":"5240_S1_wave2","bone":"5240_S1_wave2","blend":"additive"},{"name":"9140_A2_fire","bone":"9140_A2_fire","blend":"additive"},{"name":"ef_shock_wave_main","bone":"ef_shock_wave_main","blend":"additive"},{"name":"ef_smoke_main","bone":"ef_smoke_main","blend":"additive"},{"name":"pumpkinhead_eye01","bone":"main","attachment":"pumpkinhead_eye01"},{"name":"pumpkinhead_eye00","bone":"main","attachment":"pumpkinhead_eye00"},{"name":"pumpkinhead_eye0","bone":"main","attachment":"pumpkinhead_eye00"},{"name":"ef_spot_light_main_00001","bone":"ef_spot_light_main1","blend":"additive"},{"name":"ef_spot_light_main_1","bone":"ef_spot_light_main3","blend":"additive"},{"name":"ef_spot_light_main_3","bone":"ef_spot_light_main4","blend":"additive"},{"name":"ef_spot_light_main_4","bone":"ef_spot_light_main5","blend":"additive"},{"name":"ef_spot_light_main_5","bone":"ef_spot_light_main6","blend":"additive"},{"name":"ef_spot_light_main_2","bone":"ef_spot_light_main2","blend":"additive"},{"name":"DAMAGEAREA","bone":"DAMAGEAREA"}],"skins":{"default":{"5240_S1_wave2":{"5240_S1_wave2/5240_S1_wave2_00001":{"width":250,"height":250},"5240_S1_wave2/5240_S1_wave2_00002":{"width":250,"height":250},"5240_S1_wave2/5240_S1_wave2_00003":{"width":250,"height":250},"5240_S1_wave2/5240_S1_wave2_00004":{"width":250,"height":250},"5240_S1_wave2/5240_S1_wave2_00005":{"width":250,"height":250},"5240_S1_wave2/5240_S1_wave2_00006":{"width":250,"height":250},"5240_S1_wave2/5240_S1_wave2_00007":{"width":250,"height":250},"5240_S1_wave2/5240_S1_wave2_00008":{"width":250,"height":250},"5240_S1_wave2/5240_S1_wave2_00009":{"width":250,"height":250},"5240_S1_wave2/5240_S1_wave2_00010":{"width":250,"height":250}},"9140_A2_fire":{"9140_A2_fire1/9140_A2_fire1_00000":{"width":125,"height":125},"9140_A2_fire1/9140_A2_fire1_00001":{"width":125,"height":125},"9140_A2_fire1/9140_A2_fire1_00002":{"width":125,"height":125},"9140_A2_fire1/9140_A2_fire1_00003":{"width":125,"height":125},"9140_A2_fire1/9140_A2_fire1_00004":{"width":125,"height":125},"9140_A2_fire1/9140_A2_fire1_00006":{"width":125,"height":125},"9140_A2_fire1/9140_A2_fire1_00008":{"width":125,"height":125},"9140_A2_fire1/9140_A2_fire1_00010":{"width":125,"height":125},"9140_A2_fire1/9140_A2_fire1_00012":{"width":125,"height":125},"9140_A2_fire1/9140_A2_fire1_00014":{"width":125,"height":125}},"DAMAGEAREA":{"DAMAGEAREA":{"type":"boundingbox","vertices":[63.41859,64.01298,-64.96633,64.41797,-64.56131,-64.37195,63.8236,-63.56196]}},"ef_kabo_crash":{"ef_kabo_crash_03":{"y":10.45,"scaleX":1.5,"scaleY":1.5,"width":150,"height":150},"ef_kabo_crash_05":{"y":10.45,"scaleX":1.5,"scaleY":1.5,"width":150,"height":150},"ef_kabo_crash_07":{"y":10.45,"scaleX":1.5,"scaleY":1.5,"width":150,"height":150},"ef_kabo_crash_09":{"y":10.45,"scaleX":1.5,"scaleY":1.5,"width":150,"height":150},"ef_kabo_crash_11":{"y":10.45,"scaleX":1.5,"scaleY":1.5,"width":150,"height":150},"ef_kabo_crash_13":{"y":10.45,"scaleX":1.5,"scaleY":1.5,"width":150,"height":150},"ef_kabo_crash_15":{"y":10.45,"scaleX":1.5,"scaleY":1.5,"width":150,"height":150},"ef_kabo_crash_17":{"y":10.45,"scaleX":1.5,"scaleY":1.5,"width":150,"height":150},"ef_kabo_crash_19":{"y":10.45,"scaleX":1.5,"scaleY":1.5,"width":150,"height":150},"ef_kabo_crash_21":{"y":10.45,"scaleX":1.5,"scaleY":1.5,"width":150,"height":150},"ef_kabo_crash_23":{"y":10.45,"scaleX":1.5,"scaleY":1.5,"width":150,"height":150},"ef_kabo_crash_25":{"y":10.45,"scaleX":1.5,"scaleY":1.5,"width":150,"height":150},"ef_kabo_crash_27":{"y":10.45,"scaleX":1.5,"scaleY":1.5,"width":150,"height":150},"ef_kabo_crash_29":{"y":10.45,"scaleX":1.5,"scaleY":1.5,"width":150,"height":150}},"ef_meet_crash_main/ef_meet_crash_main_00002":{"ef_meet_crash_main/ef_meet_crash_main_00002":{"width":150,"height":150},"ef_meet_crash_main/ef_meet_crash_main_00003":{"width":150,"height":150},"ef_meet_crash_main/ef_meet_crash_main_00004":{"width":150,"height":150},"ef_meet_crash_main/ef_meet_crash_main_00005":{"width":150,"height":150},"ef_meet_crash_main/ef_meet_crash_main_00006":{"width":150,"height":150},"ef_meet_crash_main/ef_meet_crash_main_00007":{"width":150,"height":150},"ef_meet_crash_main/ef_meet_crash_main_00008":{"width":150,"height":150},"ef_meet_crash_main/ef_meet_crash_main_00009":{"width":150,"height":150},"ef_meet_crash_main/ef_meet_crash_main_00010":{"width":150,"height":150},"ef_meet_crash_main/ef_meet_crash_main_00011":{"width":150,"height":150},"ef_meet_crash_main/ef_meet_crash_main_00012":{"width":150,"height":150}},"ef_shock_wave_main":{"ef_shock_wave_main/ef_shock_wave_main_00001":{"width":150,"height":150},"ef_shock_wave_main/ef_shock_wave_main_00002":{"width":150,"height":150},"ef_shock_wave_main/ef_shock_wave_main_00003":{"width":150,"height":150},"ef_shock_wave_main/ef_shock_wave_main_00004":{"width":150,"height":150},"ef_shock_wave_main/ef_shock_wave_main_00005":{"width":150,"height":150},"ef_shock_wave_main/ef_shock_wave_main_00006":{"width":150,"height":150},"ef_shock_wave_main/ef_shock_wave_main_00007":{"width":150,"height":150},"ef_shock_wave_main/ef_shock_wave_main_00009":{"width":150,"height":150},"ef_shock_wave_main/ef_shock_wave_main_00010":{"width":150,"height":150}},"ef_smoke_main":{"ef_smoke_main/ef_smoke_main_00001":{"width":240,"height":240},"ef_smoke_main/ef_smoke_main_00003":{"width":240,"height":240},"ef_smoke_main/ef_smoke_main_00005":{"width":240,"height":240},"ef_smoke_main/ef_smoke_main_00007":{"width":240,"height":240},"ef_smoke_main/ef_smoke_main_00009":{"width":240,"height":240},"ef_smoke_main/ef_smoke_main_00011":{"width":240,"height":240},"ef_smoke_main/ef_smoke_main_00013":{"width":240,"height":240},"ef_smoke_main/ef_smoke_main_00015":{"width":240,"height":240},"ef_smoke_main/ef_smoke_main_00016":{"width":240,"height":240},"ef_smoke_main/ef_smoke_main_00017":{"width":240,"height":240},"ef_smoke_main/ef_smoke_main_00018":{"width":240,"height":240}},"ef_spot_light_main_00001":{"ef_spot_light_main_00002":{"type":"mesh","uvs":[1,1,0,1,0,0,0.51107,0,1,0],"triangles":[1,2,3,3,4,0,1,3,0],"vertices":[-19.31,215.99,18.68,216.09,19.31,0.1,0.7,-0.3,-18.68,0],"hull":5}},"ef_spot_light_main_1":{"ef_spot_light_main_00002":{"type":"mesh","uvs":[1,1,0,1,0,0,0.51107,0,1,0],"triangles":[1,2,3,3,4,0,1,3,0],"vertices":[-19.31,215.99,18.68,216.09,19.31,0.1,0.7,-0.3,-18.68,0],"hull":5}},"ef_spot_light_main_2":{"ef_spot_light_main_00002":{"type":"mesh","uvs":[1,1,0,1,0,0,1,0],"triangles":[1,2,3,1,3,0],"vertices":[-19.31,215.99,18.68,216.09,19.31,0.1,-18.68,0],"hull":4}},"ef_spot_light_main_3":{"ef_spot_light_main_00002":{"type":"mesh","uvs":[1,1,0,1,0,0,0.51107,0,1,0],"triangles":[1,2,3,3,4,0,1,3,0],"vertices":[-19.31,215.99,18.68,216.09,19.31,0.1,0.7,-0.3,-18.68,0],"hull":5}},"ef_spot_light_main_4":{"ef_spot_light_main_00002":{"type":"mesh","uvs":[1,1,0,1,0,0,0.32656,0,0.70127,0,1,0],"triangles":[1,2,3,4,5,0,3,4,0,1,3,0],"vertices":[-19.31,215.99,18.68,216.09,19.31,0.1,6.98,0.03,-7.3,0.01,-18.68,0],"hull":6}},"ef_spot_light_main_5":{"ef_spot_light_main_00002":{"type":"mesh","uvs":[1,1,0,1,0,0,0.52311,0,1,0],"triangles":[1,2,3,3,4,0,1,3,0],"vertices":[-19.31,215.99,18.68,216.09,19.31,0.1,-0.51,0.02,-18.68,0],"hull":5}},"pumpkinhead00":{"pumpkinhead00":{"y":11.7,"width":165,"height":165}},"pumpkinhead_eye0":{"pumpkinhead_eye00":{"y":11.7,"width":165,"height":165}},"pumpkinhead_eye00":{"pumpkinhead_eye00":{"y":11.7,"width":165,"height":165}},"pumpkinhead_eye01":{"pumpkinhead_eye01":{"y":11.7,"width":165,"height":165}}}},"events":{"Sound1":{}},"animations":{"attack1":{"slots":{"5240_S1_wave2":{"attachment":[{"time":1.4,"name":"5240_S1_wave2/5240_S1_wave2_00001"},{"time":1.4333,"name":"5240_S1_wave2/5240_S1_wave2_00002"},{"time":1.4666,"name":"5240_S1_wave2/5240_S1_wave2_00003"},{"time":1.5,"name":"5240_S1_wave2/5240_S1_wave2_00004"},{"time":1.5333,"name":"5240_S1_wave2/5240_S1_wave2_00005"},{"time":1.5666,"name":"5240_S1_wave2/5240_S1_wave2_00006"},{"time":1.6,"name":"5240_S1_wave2/5240_S1_wave2_00007"},{"time":1.6333,"name":"5240_S1_wave2/5240_S1_wave2_00008"},{"time":1.6666,"name":"5240_S1_wave2/5240_S1_wave2_00009"},{"time":1.7,"name":"5240_S1_wave2/5240_S1_wave2_00010"},{"time":1.8333,"name":null}],"color":[{"time":1.7,"color":"ffffffff"},{"time":1.8333,"color":"ffffff00"}]},"9140_A2_fire":{"attachment":[{"time":1.3666,"name":"9140_A2_fire1/9140_A2_fire1_00000"},{"time":1.4,"name":"9140_A2_fire1/9140_A2_fire1_00001"},{"time":1.4333,"name":"9140_A2_fire1/9140_A2_fire1_00002"},{"time":1.4666,"name":"9140_A2_fire1/9140_A2_fire1_00003"},{"time":1.5,"name":"9140_A2_fire1/9140_A2_fire1_00004"},{"time":1.5333,"name":"9140_A2_fire1/9140_A2_fire1_00006"},{"time":1.5666,"name":"9140_A2_fire1/9140_A2_fire1_00008"},{"time":1.6,"name":"9140_A2_fire1/9140_A2_fire1_00010"},{"time":1.6333,"name":"9140_A2_fire1/9140_A2_fire1_00012"},{"time":1.6666,"name":"9140_A2_fire1/9140_A2_fire1_00014"},{"time":1.7,"name":null}]},"DAMAGEAREA":{"attachment":[{"time":1.3666,"name":"DAMAGEAREA"},{"time":1.7,"name":null}]},"ef_kabo_crash":{"attachment":[{"time":1.3666,"name":"ef_kabo_crash_03"},{"time":1.4,"name":"ef_kabo_crash_05"},{"time":1.4333,"name":"ef_kabo_crash_07"},{"time":1.4666,"name":"ef_kabo_crash_09"},{"time":1.5,"name":"ef_kabo_crash_11"},{"time":1.5333,"name":"ef_kabo_crash_13"},{"time":1.5666,"name":"ef_kabo_crash_15"},{"time":1.6,"name":"ef_kabo_crash_17"},{"time":1.6333,"name":"ef_kabo_crash_19"},{"time":1.6666,"name":"ef_kabo_crash_21"},{"time":1.7,"name":"ef_kabo_crash_23"},{"time":1.7333,"name":"ef_kabo_crash_25"},{"time":1.7666,"name":"ef_kabo_crash_27"},{"time":1.8,"name":"ef_kabo_crash_29"},{"time":1.8333,"name":null}],"color":[{"time":1.6666,"color":"ffffffff","curve":[0.25,0,0.823,0.44]},{"time":1.8333,"color":"ffffff00"}]},"ef_meet_crash_main/ef_meet_crash_main_00002":{"attachment":[{"time":1.3666,"name":"ef_meet_crash_main/ef_meet_crash_main_00002"},{"time":1.4,"name":"ef_meet_crash_main/ef_meet_crash_main_00003"},{"time":1.4333,"name":"ef_meet_crash_main/ef_meet_crash_main_00004"},{"time":1.4666,"name":"ef_meet_crash_main/ef_meet_crash_main_00005"},{"time":1.5,"name":"ef_meet_crash_main/ef_meet_crash_main_00006"},{"time":1.5333,"name":"ef_meet_crash_main/ef_meet_crash_main_00007"},{"time":1.5666,"name":"ef_meet_crash_main/ef_meet_crash_main_00008"},{"time":1.6,"name":"ef_meet_crash_main/ef_meet_crash_main_00009"},{"time":1.6333,"name":"ef_meet_crash_main/ef_meet_crash_main_00010"},{"time":1.6666,"name":"ef_meet_crash_main/ef_meet_crash_main_00011"},{"time":1.7,"name":"ef_meet_crash_main/ef_meet_crash_main_00012"},{"time":1.8333,"name":null}],"color":[{"time":1.5,"color":"ffffffff","curve":[0.215,0.55,0.196,0.97]},{"time":1.8333,"color":"ffffff00"}]},"ef_shock_wave_main":{"attachment":[{"time":1.3666,"name":"ef_shock_wave_main/ef_shock_wave_main_00001"},{"time":1.4,"name":"ef_shock_wave_main/ef_shock_wave_main_00002"},{"time":1.4333,"name":"ef_shock_wave_main/ef_shock_wave_main_00003"},{"time":1.4666,"name":"ef_shock_wave_main/ef_shock_wave_main_00004"},{"time":1.5,"name":"ef_shock_wave_main/ef_shock_wave_main_00005"},{"time":1.5333,"name":"ef_shock_wave_main/ef_shock_wave_main_00006"},{"time":1.5666,"name":"ef_shock_wave_main/ef_shock_wave_main_00007"},{"time":1.6,"name":"ef_shock_wave_main/ef_shock_wave_main_00009"},{"time":1.6333,"name":"ef_shock_wave_main/ef_shock_wave_main_00010"},{"time":1.6666,"name":null}],"color":[{"time":1.5666,"color":"ffffffff","curve":[0.089,0.89,0.75,1]},{"time":1.6666,"color":"ffffff00"}]},"ef_smoke_main":{"attachment":[{"time":1.4666,"name":"ef_smoke_main/ef_smoke_main_00001"},{"time":1.5,"name":"ef_smoke_main/ef_smoke_main_00003"},{"time":1.5333,"name":"ef_smoke_main/ef_smoke_main_00005"},{"time":1.5666,"name":"ef_smoke_main/ef_smoke_main_00007"},{"time":1.6,"name":"ef_smoke_main/ef_smoke_main_00009"},{"time":1.6333,"name":"ef_smoke_main/ef_smoke_main_00011"},{"time":1.6666,"name":"ef_smoke_main/ef_smoke_main_00013"},{"time":1.7,"name":"ef_smoke_main/ef_smoke_main_00015"},{"time":1.7333,"name":"ef_smoke_main/ef_smoke_main_00016"},{"time":1.7666,"name":"ef_smoke_main/ef_smoke_main_00017"},{"time":1.8,"name":"ef_smoke_main/ef_smoke_main_00018"},{"time":1.8333,"name":null}]},"ef_spot_light_main_00001":{"attachment":[{"time":0.9666,"name":"ef_spot_light_main_00002"},{"time":1.3666,"name":null}],"color":[{"time":0.9666,"color":"ffffff00"},{"time":1.1666,"color":"ffffffff","curve":"stepped"},{"time":1.3666,"color":"ffffff00"}]},"ef_spot_light_main_1":{"attachment":[{"time":0.9666,"name":"ef_spot_light_main_00002"},{"time":1.3666,"name":null}],"color":[{"time":0.9666,"color":"ffffff00"},{"time":1.1666,"color":"ffffffff"}]},"ef_spot_light_main_2":{"attachment":[{"time":0.9666,"name":"ef_spot_light_main_00002"},{"time":1.3666,"name":null}],"color":[{"time":0.9666,"color":"ffffff00"},{"time":1.1666,"color":"ffffffff","curve":"stepped"},{"time":1.3666,"color":"ffffff00"}]},"ef_spot_light_main_3":{"attachment":[{"time":0.9666,"name":"ef_spot_light_main_00002"},{"time":1.3666,"name":null}],"color":[{"time":0.9666,"color":"ffffff00"},{"time":1.1666,"color":"ffffffff"}]},"ef_spot_light_main_4":{"attachment":[{"time":0.9666,"name":"ef_spot_light_main_00002"},{"time":1.3666,"name":null}],"color":[{"time":0.9666,"color":"ffffff00"},{"time":1.1666,"color":"ffffffff"}]},"ef_spot_light_main_5":{"attachment":[{"time":0.9666,"name":"ef_spot_light_main_00002"},{"time":1.3666,"name":null}],"color":[{"time":0.9666,"color":"ffffff00"},{"time":1.1666,"color":"ffffffff"}]},"pumpkinhead00":{"attachment":[{"time":0,"name":"pumpkinhead00"},{"time":1.8333,"name":null}],"color":[{"time":0,"color":"ffffff00","curve":[0.452,0.33,0.755,0.68]},{"time":0.3,"color":"ffffffff","curve":"stepped"},{"time":0.8,"color":"ffffffff"},{"time":0.9666,"color":"000000ff","curve":"stepped"},{"time":1.3333,"color":"000000ff","curve":[0.08,0.76,0.041,0.97]},{"time":1.8,"color":"00000000"}]},"pumpkinhead_eye00":{"attachment":[{"time":0,"name":"pumpkinhead_eye00"},{"time":1.8333,"name":null}],"color":[{"time":0,"color":"ffffff00","curve":"stepped"},{"time":0.3,"color":"ffffff00"},{"time":0.4666,"color":"ffffffff"},{"time":0.6333,"color":"ffffff00","curve":"stepped"},{"time":0.8,"color":"ffffff00","curve":[0.452,0.33,0.755,0.68]},{"time":0.9666,"color":"ffffffff","curve":"stepped"},{"time":1.1666,"color":"ffffffa8","curve":[0.584,0.01,0.597,0.79]},{"time":1.3333,"color":"ffffffff","curve":[0,1,0.087,0.95]},{"time":1.8,"color":"ffffff00"}]},"pumpkinhead_eye0":{"color":[{"time":0,"color":"ffffff00","curve":[0.452,0.33,0.755,0.68]},{"time":0.3,"color":"ffffffff"},{"time":0.4666,"color":"ffffff00","curve":"stepped"},{"time":1.3333,"color":"ffffff00"}]},"pumpkinhead_eye01":{"attachment":[{"time":0,"name":"pumpkinhead_eye01"},{"time":1.1666,"name":"pumpkinhead_eye01"},{"time":1.8333,"name":null}],"color":[{"time":0,"color":"ffffff00","curve":[0.452,0.33,0.755,0.68]},{"time":0.3,"color":"ffffffff","curve":[0.235,0.41,0.422,0.77]},{"time":1.1666,"color":"ffffffce","curve":[0.443,0.4,0.407,0.79]},{"time":1.3333,"color":"ffffffff","curve":[0.452,0.09,0.946,0.57]},{"time":1.8,"color":"ffffff00"}]}},"bones":{"main":{"rotate":[{"time":0,"angle":-35.83},{"time":0.1333,"angle":-37.33},{"time":0.4666,"angle":-7.45},{"time":0.5,"angle":-0.16},{"time":0.8333,"angle":0,"curve":"stepped"},{"time":0.9666,"angle":0},{"time":1,"angle":5},{"time":1.0333,"angle":355},{"time":1.0666,"angle":7},{"time":1.1,"angle":353},{"time":1.1333,"angle":7},{"time":1.1666,"angle":353},{"time":1.2,"angle":8},{"time":1.2333,"angle":352},{"time":1.2666,"angle":5},{"time":1.3,"angle":0}],"translate":[{"time":0,"x":950,"y":-45},{"time":0.1666,"x":628.57,"y":374.77},{"time":0.2333,"x":500,"y":455},{"time":0.2666,"x":407.49,"y":449.4},{"time":0.3,"x":314.99,"y":412.89},{"time":0.3333,"x":231.85,"y":350.52},{"time":0.3666,"x":168.7,"y":279.63},{"time":0.4,"x":120.29,"y":184.15,"curve":[0.147,0.52,0.756,1]},{"time":0.4666,"x":40,"y":0,"curve":[0,0.35,0.336,0.68]},{"time":0.5,"x":25,"y":-5,"curve":[0.223,0.35,0.558,0.68]},{"time":0.5333,"x":20,"y":1,"curve":[0.225,0.37,0.561,0.7]},{"time":0.6,"x":8,"y":0,"curve":[0.155,0.82,0.511,1]},{"time":0.9666,"x":0,"y":0},{"time":1,"x":-1.74,"y":0},{"time":1.0333,"x":1.22,"y":0},{"time":1.0666,"x":-1.74,"y":0},{"time":1.1,"x":1.22,"y":0},{"time":1.1333,"x":-1.74,"y":0},{"time":1.1666,"x":1.22,"y":0},{"time":1.2,"x":-1.74,"y":0},{"time":1.2333,"x":1.22,"y":0},{"time":1.2666,"x":-1.04,"y":0},{"time":1.3,"x":0.52,"y":0},{"time":1.3333,"x":0.52,"y":-7.47},{"time":1.3666,"x":0.52,"y":0}],"scale":[{"time":0.4666,"x":1,"y":0.9},{"time":0.5,"x":1,"y":1,"curve":"stepped"},{"time":1.1666,"x":1,"y":1,"curve":[0.243,0,0.838,0.39]},{"time":1.3,"x":0.98,"y":0.98,"curve":[0.004,0.96,0.225,0.96]},{"time":1.3333,"x":0.8,"y":0.8,"curve":[0.094,0.35,0.421,0.68]},{"time":1.3666,"x":2.663,"y":2.663,"curve":[0.036,0.77,0.291,0.94]},{"time":1.8333,"x":3.982,"y":3.982}]},"ef_kabo_crash":{"scale":[{"time":1.3666,"x":3,"y":3,"curve":[0.477,0.43,0.604,0.94]},{"time":1.8333,"x":7,"y":7}]},"ef_meet_crash_main":{"translate":[{"time":1.3666,"x":0,"y":121.6}],"scale":[{"time":1.3666,"x":2,"y":2},{"time":1.4333,"x":3,"y":3,"curve":[0.11,0.9,0.332,0.98]},{"time":1.8333,"x":4,"y":4}]},"5240_S1_wave2":{"translate":[{"time":1.4,"x":-300,"y":-540}],"scale":[{"time":1.4,"x":2,"y":2,"curve":[0.25,0,0.785,0.18]},{"time":1.8333,"x":5,"y":5}]},"9140_A2_fire":{"translate":[{"time":1.3666,"x":-300,"y":-440}],"scale":[{"time":1.3666,"x":4,"y":4},{"time":1.7,"x":10,"y":10}]},"ef_shock_wave_main":{"translate":[{"time":1.3666,"x":-300,"y":-340}],"scale":[{"time":1.3666,"x":4,"y":4,"curve":[0.212,0.56,0.75,1]},{"time":1.6666,"x":7,"y":7}]},"ef_smoke_main":{"translate":[{"time":1.4666,"x":-300,"y":-240}],"scale":[{"time":1.4666,"x":3,"y":3},{"time":1.8333,"x":4,"y":4}]},"ef_spot_light_main1":{"translate":[{"time":0.9666,"x":-25.04,"y":59.2}]},"ef_spot_light_main2":{"translate":[{"time":0.9666,"x":24.67,"y":62.84}],"scale":[{"time":0.9666,"x":-1,"y":1}]},"ef_spot_light_main3":{"rotate":[{"time":0.9666,"angle":150.39}],"translate":[{"time":0.9666,"x":-31.53,"y":35.32}]},"ef_spot_light_main4":{"rotate":[{"time":0.9666,"angle":-171.28}],"translate":[{"time":0.9666,"x":-2.76,"y":31.83}]},"ef_spot_light_main5":{"rotate":[{"time":0.9666,"angle":-167.76}],"translate":[{"time":0.9666,"x":39.59,"y":44.38}]},"ef_spot_light_main6":{"rotate":[{"time":0.9666,"angle":8.08}],"translate":[{"time":0.9666,"x":-1.35,"y":49.19}]},"DAMAGEAREA":{"translate":[{"time":1.3666,"x":0,"y":40.29}],"scale":[{"time":1.3666,"x":3.828,"y":3.828},{"time":1.7,"x":5.759,"y":5.759}]}},"ffd":{"default":{"ef_spot_light_main_00001":{"ef_spot_light_main_00002":[{"time":0.9666,"vertices":[-34.41595,-188.8099,-20.07592,-188.8099,-4.04184,1.09041,-3.27662,0.68331,6.38397,-0.91199],"curve":[0.968,0.01,0.397,0.99]},{"time":1.3,"vertices":[-233.29594,7.52232,-61.8254,7.13049,-5.01599,0.228,-3.44794,0.68374,6.38397,-0.91199],"curve":"stepped"},{"time":1.3333,"vertices":[-297.20654,244.05203,-258.3843,243.9907,-5.01599,0.228,-3.39699,1.20841,6.38397,-0.91199],"curve":[0.248,0.6,0.573,0.96]},{"time":1.3666,"vertices":[-240.11655,14.25554,-63.2572,13.85026,-5.01599,0.228,0,0,6.38397,-0.91199]}]},"ef_spot_light_main_1":{"ef_spot_light_main_00002":[{"time":0.9666,"vertices":[-3.91592,-202.44588,34.97019,-173.1894,0,0,0.7078,-0.28216,14.02955,-15.05406],"curve":[0.968,0.01,0.397,0.99]},{"time":1.3,"vertices":[-27.31689,-104.328,98.92554,-47.44415,0,0,0.7078,-0.28216,14.02955,-15.05406]},{"time":1.3333,"vertices":[37.25523,88.10693,82.15138,114.15015,-0.22887,-0.64595,1.26857,0.72395,14.09084,-14.78968]}]},"ef_spot_light_main_2":{"ef_spot_light_main_00002":[{"time":0.9666,"vertices":[-40.68905,-179.09991,-22.75195,-179.09991,-6.32196,-3.37898,6.21295,2.17998],"curve":[0.968,0.01,0.397,0.99]},{"time":1.3,"vertices":[-266.76636,4.71966,-111.46541,4.82336,-6.32196,-3.37898,6.21295,2.17998],"curve":"stepped"},{"time":1.3333,"vertices":[-320.13046,235.33632,-268.30295,234.03625,-6.32196,-3.37898,6.21295,2.17998],"curve":[0.248,0.6,0.574,0.96]},{"time":1.3666,"vertices":[-274.28888,10.83608,-136.17917,10.88882,-6.32196,-3.37898,6.21295,2.17998]}]},"ef_spot_light_main_3":{"ef_spot_light_main_00002":[{"time":0.9666,"vertices":[-25.6268,-201.05148,-1.31123,-184.7199,-4.42158,-16.69765,0.36918,1.84506,1.32562,-6.80608],"curve":[0.968,0.01,0.397,0.99]},{"time":1.3,"vertices":[-140.66574,-103.61709,40.81314,-95.1743,-4.34095,-16.71005,0.36918,1.84506,1.531,-6.54875]},{"time":1.3333,"vertices":[-117.35639,22.00858,7.54908,6.51064,-4.34095,-16.71005,0.36918,1.84506,1.531,-6.54875]}]},"ef_spot_light_main_4":{"ef_spot_light_main_00002":[{"time":0.9666,"vertices":[-4.65309,-189.13602,-30.34783,-185.88062,-1.39701,4.96174,1.00556,-4.59905,6.66696,0.35071,7.05601,-8.71917],"curve":[0.968,0.01,0.397,0.99]},{"time":1.3,"vertices":[-130.2388,-113.09571,-146.19049,-78.47306,-1.1148,5.48476,1.00556,-4.59905,6.66696,0.35071,7.05601,-8.71917]},{"time":1.3333,"vertices":[-270.1147,-33.79458,-237.6423,13.2439,-1.1148,5.48476,1.00556,-4.59905,6.66696,0.35071,7.05601,-8.71917]}]},"ef_spot_light_main_5":{"ef_spot_light_main_00002":[{"time":0.9666,"vertices":[4.20315,-191.63377,4.20315,-191.63377,-9.85791,-6.36608,0.29777,0.33382,11.00779,-4.06641],"curve":[0.735,0,0.577,1]},{"time":1.3,"vertices":[44.76697,-29.15014,139.74176,-48.82013,-9.85791,-6.36608,0.29777,0.33382,11.00779,-4.06641]},{"time":1.3333,"vertices":[123.66255,245.91122,174.4282,239.22627,-9.85791,-6.36608,0.29777,0.33382,11.00779,-4.06641]},{"time":1.3666,"vertices":[54.95228,21.24768,105.7179,14.56272,-9.85791,-6.36608,0.29777,0.33382,11.00779,-4.06641]}]}}},"events":[{"time":0,"name":"Sound1","int":100,"string":"setPosition_Target"},{"time":0.4666,"name":"Sound1","string":"cri_se_battle_pop_landing"},{"time":0.8666,"name":"Sound1","string":"cri_se_battle_charge"},{"time":1.3333,"name":"Sound1","string":"cri_se_battle_030_explosion_02"}]}}}