{"skeleton":{"hash":"p/Deq7wdxzHTKA1JIT2LzILdXj0","spine":"3.0.12","width":0,"height":0},"bones":[{"name":"root"},{"name":"ef_M","parent":"root"},{"name":"magic2","parent":"ef_M"},{"name":"ef_summon_aura_main","parent":"ef_M","x":250},{"name":"ef_smash_attack_A","parent":"ef_M","x":100},{"name":"ef_graund_wave_A_purple2","parent":"ef_M","x":350},{"name":"ef_graund_wave_A_purple","parent":"ef_M","x":350},{"name":"ef_fire_aura_A_purple","parent":"ef_M","x":200},{"name":"ef_dash_A_purple5","parent":"ef_M","x":300},{"name":"ef_dash_A_purple4","parent":"ef_M","x":300},{"name":"ef_dash_A_purple3","parent":"ef_M","x":300},{"name":"ef_dash_A_purple2","parent":"ef_M","x":300},{"name":"ef_dash_A_purple","parent":"ef_M","x":300},{"name":"butler","parent":"root","y":180},{"name":"DAMAGEAREA","parent":"root"},{"name":"s23_graund_smoke_A_purple","parent":"ef_M","x":450},{"name":"s23_graund_smoke_A_purple2","parent":"ef_M","x":450}],"slots":[{"name":"EF/0h/magic_5dark2","bone":"magic2","blend":"additive"},{"name":"EF/0h/s23_graund_wave_A_purple/ef_graund_wave_A_purple_00001","bone":"ef_graund_wave_A_purple","blend":"additive"},{"name":"EF/0h/s23_graund_wave_A_purple/ef_graund_wave_A_purple_2","bone":"ef_graund_wave_A_purple2","blend":"additive"},{"name":"EF/0h/s23_graund_smoke_A_purple/ef_graund_smoke_A_purple_00001","bone":"s23_graund_smoke_A_purple","blend":"additive"},{"name":"EF/0h/s23_graund_smoke_A_purple/ef_graund_smoke_A_purple_1","bone":"s23_graund_smoke_A_purple2","blend":"additive"},{"name":"butler","bone":"butler"},{"name":"EF/0h/s2_ef_dash_A_purple/ef_dash_A_purple_00001","bone":"ef_dash_A_purple","blend":"additive"},{"name":"EF/0h/s2_ef_dash_A_purple/ef_dash_A_purple_1","bone":"ef_dash_A_purple2","blend":"additive"},{"name":"EF/0h/s2_ef_dash_A_purple/ef_dash_A_purple_2","bone":"ef_dash_A_purple3","blend":"additive"},{"name":"EF/0h/s2_ef_dash_A_purple/ef_dash_A_purple_3","bone":"ef_dash_A_purple4","blend":"additive"},{"name":"EF/0h/s2_ef_dash_A_purple/ef_dash_A_purple_4","bone":"ef_dash_A_purple5","blend":"additive"},{"name":"EF/0h/s2_ef_summon_aura_main/ef_summon_aura_main_00001","bone":"ef_summon_aura_main","blend":"additive"},{"name":"EF/0h/s2_fire_aura_A_purple/ef_fire_aura_A_purple_00001","bone":"ef_fire_aura_A_purple","blend":"additive"},{"name":"EF/0h/s2_smash_attack_A_purple/ef_smash_attack_A_purple_00001","bone":"ef_smash_attack_A","blend":"additive"},{"name":"DAMAGEAREA","bone":"DAMAGEAREA"}],"skins":{"default":{"DAMAGEAREA":{"DAMAGEAREA":{"type":"boundingbox","vertices":[-64.03286,63.38501,-64.03286,-63.34987,64.48696,-63.34987,64.48696,62.79002]}},"EF/0h/magic_5dark2":{"EF/0h/magic_5dark":{"type":"mesh","uvs":[1,1,0,1,0,0,1,0],"triangles":[1,2,3,1,3,0],"vertices":[135,-135,-135,-135,-135,135,135,135],"hull":4}},"EF/0h/s23_graund_smoke_A_purple/ef_graund_smoke_A_purple_00001":{"EF/0h/s23_graund_smoke_A_purple/ef_graund_smoke_A_purple_00001":{"x":2.47,"y":7.19,"width":180,"height":180},"EF/0h/s23_graund_smoke_A_purple/ef_graund_smoke_A_purple_00002":{"x":2.47,"y":7.19,"width":180,"height":180},"EF/0h/s23_graund_smoke_A_purple/ef_graund_smoke_A_purple_00003":{"x":2.47,"y":7.19,"width":180,"height":180},"EF/0h/s23_graund_smoke_A_purple/ef_graund_smoke_A_purple_00004":{"x":2.47,"y":7.19,"width":180,"height":180},"EF/0h/s23_graund_smoke_A_purple/ef_graund_smoke_A_purple_00005":{"x":2.47,"y":7.19,"width":180,"height":180},"EF/0h/s23_graund_smoke_A_purple/ef_graund_smoke_A_purple_00006":{"x":2.47,"y":7.19,"width":180,"height":180},"EF/0h/s23_graund_smoke_A_purple/ef_graund_smoke_A_purple_00007":{"x":2.47,"y":7.19,"width":180,"height":180},"EF/0h/s23_graund_smoke_A_purple/ef_graund_smoke_A_purple_00008":{"x":2.47,"y":7.19,"width":180,"height":180},"EF/0h/s23_graund_smoke_A_purple/ef_graund_smoke_A_purple_00009":{"x":2.47,"y":7.19,"width":180,"height":180},"EF/0h/s23_graund_smoke_A_purple/ef_graund_smoke_A_purple_00010":{"x":2.47,"y":7.19,"width":180,"height":180},"EF/0h/s23_graund_smoke_A_purple/ef_graund_smoke_A_purple_00011":{"x":2.47,"y":7.19,"width":180,"height":180},"EF/0h/s23_graund_smoke_A_purple/ef_graund_smoke_A_purple_00012":{"x":2.47,"y":7.19,"width":180,"height":180},"EF/0h/s23_graund_smoke_A_purple/ef_graund_smoke_A_purple_00013":{"x":2.47,"y":7.19,"width":180,"height":180},"EF/0h/s23_graund_smoke_A_purple/ef_graund_smoke_A_purple_00014":{"x":2.47,"y":7.19,"width":180,"height":180},"EF/0h/s23_graund_smoke_A_purple/ef_graund_smoke_A_purple_00015":{"x":2.47,"y":7.19,"width":180,"height":180},"EF/0h/s23_graund_smoke_A_purple/ef_graund_smoke_A_purple_00016":{"x":2.47,"y":7.19,"width":180,"height":180},"EF/0h/s23_graund_smoke_A_purple/ef_graund_smoke_A_purple_00017":{"x":2.47,"y":7.19,"width":180,"height":180}},"EF/0h/s23_graund_smoke_A_purple/ef_graund_smoke_A_purple_1":{"EF/0h/s23_graund_smoke_A_purple/ef_graund_smoke_A_purple_00001":{"x":2.47,"y":7.19,"width":180,"height":180},"EF/0h/s23_graund_smoke_A_purple/ef_graund_smoke_A_purple_00002":{"x":2.47,"y":7.19,"width":180,"height":180},"EF/0h/s23_graund_smoke_A_purple/ef_graund_smoke_A_purple_00003":{"x":2.47,"y":7.19,"width":180,"height":180},"EF/0h/s23_graund_smoke_A_purple/ef_graund_smoke_A_purple_00004":{"x":2.47,"y":7.19,"width":180,"height":180},"EF/0h/s23_graund_smoke_A_purple/ef_graund_smoke_A_purple_00005":{"x":2.47,"y":7.19,"width":180,"height":180},"EF/0h/s23_graund_smoke_A_purple/ef_graund_smoke_A_purple_00006":{"x":2.47,"y":7.19,"width":180,"height":180},"EF/0h/s23_graund_smoke_A_purple/ef_graund_smoke_A_purple_00007":{"x":2.47,"y":7.19,"width":180,"height":180},"EF/0h/s23_graund_smoke_A_purple/ef_graund_smoke_A_purple_00008":{"x":2.47,"y":7.19,"width":180,"height":180},"EF/0h/s23_graund_smoke_A_purple/ef_graund_smoke_A_purple_00009":{"x":2.47,"y":7.19,"width":180,"height":180},"EF/0h/s23_graund_smoke_A_purple/ef_graund_smoke_A_purple_00010":{"x":2.47,"y":7.19,"width":180,"height":180},"EF/0h/s23_graund_smoke_A_purple/ef_graund_smoke_A_purple_00011":{"x":2.47,"y":7.19,"width":180,"height":180},"EF/0h/s23_graund_smoke_A_purple/ef_graund_smoke_A_purple_00012":{"x":2.47,"y":7.19,"width":180,"height":180},"EF/0h/s23_graund_smoke_A_purple/ef_graund_smoke_A_purple_00013":{"x":2.47,"y":7.19,"width":180,"height":180},"EF/0h/s23_graund_smoke_A_purple/ef_graund_smoke_A_purple_00014":{"x":2.47,"y":7.19,"width":180,"height":180},"EF/0h/s23_graund_smoke_A_purple/ef_graund_smoke_A_purple_00015":{"x":2.47,"y":7.19,"width":180,"height":180},"EF/0h/s23_graund_smoke_A_purple/ef_graund_smoke_A_purple_00016":{"x":2.47,"y":7.19,"width":180,"height":180},"EF/0h/s23_graund_smoke_A_purple/ef_graund_smoke_A_purple_00017":{"x":2.47,"y":7.19,"width":180,"height":180}},"EF/0h/s23_graund_wave_A_purple/ef_graund_wave_A_purple_00001":{"EF/0h/s23_graund_wave_A_purple/ef_graund_wave_A_purple_00001":{"y":8.42,"width":200,"height":200},"EF/0h/s23_graund_wave_A_purple/ef_graund_wave_A_purple_00002":{"y":8.42,"width":200,"height":200},"EF/0h/s23_graund_wave_A_purple/ef_graund_wave_A_purple_00004":{"y":8.42,"width":200,"height":200},"EF/0h/s23_graund_wave_A_purple/ef_graund_wave_A_purple_00006":{"y":8.42,"width":200,"height":200},"EF/0h/s23_graund_wave_A_purple/ef_graund_wave_A_purple_00008":{"y":8.42,"width":200,"height":200},"EF/0h/s23_graund_wave_A_purple/ef_graund_wave_A_purple_00010":{"y":8.42,"width":200,"height":200},"EF/0h/s23_graund_wave_A_purple/ef_graund_wave_A_purple_00012":{"y":8.42,"width":200,"height":200},"EF/0h/s23_graund_wave_A_purple/ef_graund_wave_A_purple_00014":{"y":8.42,"width":200,"height":200}},"EF/0h/s23_graund_wave_A_purple/ef_graund_wave_A_purple_2":{"EF/0h/s23_graund_wave_A_purple/ef_graund_wave_A_purple_00001":{"y":8.42,"width":200,"height":200},"EF/0h/s23_graund_wave_A_purple/ef_graund_wave_A_purple_00002":{"y":8.42,"width":200,"height":200},"EF/0h/s23_graund_wave_A_purple/ef_graund_wave_A_purple_00004":{"y":8.42,"width":200,"height":200},"EF/0h/s23_graund_wave_A_purple/ef_graund_wave_A_purple_00006":{"y":8.42,"width":200,"height":200},"EF/0h/s23_graund_wave_A_purple/ef_graund_wave_A_purple_00008":{"y":8.42,"width":200,"height":200},"EF/0h/s23_graund_wave_A_purple/ef_graund_wave_A_purple_00010":{"y":8.42,"width":200,"height":200},"EF/0h/s23_graund_wave_A_purple/ef_graund_wave_A_purple_00012":{"y":8.42,"width":200,"height":200},"EF/0h/s23_graund_wave_A_purple/ef_graund_wave_A_purple_00013":{"y":8.42,"width":200,"height":200},"EF/0h/s23_graund_wave_A_purple/ef_graund_wave_A_purple_00014":{"y":8.42,"width":200,"height":200}},"EF/0h/s2_ef_dash_A_purple/ef_dash_A_purple_00001":{"EF/0h/s2_ef_dash_A_purple/ef_dash_A_purple_00001":{"x":-8.6,"y":44.02,"width":150,"height":150},"EF/0h/s2_ef_dash_A_purple/ef_dash_A_purple_00002":{"x":-8.6,"y":44.02,"width":150,"height":150},"EF/0h/s2_ef_dash_A_purple/ef_dash_A_purple_00003":{"x":-8.6,"y":44.02,"width":150,"height":150},"EF/0h/s2_ef_dash_A_purple/ef_dash_A_purple_00004":{"x":-8.6,"y":44.02,"width":150,"height":150},"EF/0h/s2_ef_dash_A_purple/ef_dash_A_purple_00005":{"x":-8.6,"y":44.02,"width":150,"height":150},"EF/0h/s2_ef_dash_A_purple/ef_dash_A_purple_00006":{"x":-8.6,"y":44.02,"width":150,"height":150},"EF/0h/s2_ef_dash_A_purple/ef_dash_A_purple_00007":{"x":-8.6,"y":44.02,"width":150,"height":150},"EF/0h/s2_ef_dash_A_purple/ef_dash_A_purple_00008":{"x":-8.6,"y":44.02,"width":150,"height":150},"EF/0h/s2_ef_dash_A_purple/ef_dash_A_purple_00009":{"x":-8.6,"y":44.02,"width":150,"height":150},"EF/0h/s2_ef_dash_A_purple/ef_dash_A_purple_00010":{"x":-8.6,"y":44.02,"width":150,"height":150},"EF/0h/s2_ef_dash_A_purple/ef_dash_A_purple_00011":{"x":-8.6,"y":44.02,"width":150,"height":150},"EF/0h/s2_ef_dash_A_purple/ef_dash_A_purple_00012":{"x":-8.6,"y":44.02,"width":150,"height":150}},"EF/0h/s2_ef_dash_A_purple/ef_dash_A_purple_1":{"EF/0h/s2_ef_dash_A_purple/ef_dash_A_purple_00001":{"x":-8.6,"y":44.02,"width":150,"height":150},"EF/0h/s2_ef_dash_A_purple/ef_dash_A_purple_00002":{"x":-8.6,"y":44.02,"width":150,"height":150},"EF/0h/s2_ef_dash_A_purple/ef_dash_A_purple_00003":{"x":-8.6,"y":44.02,"width":150,"height":150},"EF/0h/s2_ef_dash_A_purple/ef_dash_A_purple_00004":{"x":-8.6,"y":44.02,"width":150,"height":150},"EF/0h/s2_ef_dash_A_purple/ef_dash_A_purple_00005":{"x":-8.6,"y":44.02,"width":150,"height":150},"EF/0h/s2_ef_dash_A_purple/ef_dash_A_purple_00006":{"x":-8.6,"y":44.02,"width":150,"height":150},"EF/0h/s2_ef_dash_A_purple/ef_dash_A_purple_00007":{"x":-8.6,"y":44.02,"width":150,"height":150},"EF/0h/s2_ef_dash_A_purple/ef_dash_A_purple_00008":{"x":-8.6,"y":44.02,"width":150,"height":150},"EF/0h/s2_ef_dash_A_purple/ef_dash_A_purple_00009":{"x":-8.6,"y":44.02,"width":150,"height":150},"EF/0h/s2_ef_dash_A_purple/ef_dash_A_purple_00010":{"x":-8.6,"y":44.02,"width":150,"height":150},"EF/0h/s2_ef_dash_A_purple/ef_dash_A_purple_00011":{"x":-8.6,"y":44.02,"width":150,"height":150},"EF/0h/s2_ef_dash_A_purple/ef_dash_A_purple_00012":{"x":-8.6,"y":44.02,"width":150,"height":150}},"EF/0h/s2_ef_dash_A_purple/ef_dash_A_purple_2":{"EF/0h/s2_ef_dash_A_purple/ef_dash_A_purple_00001":{"x":-8.6,"y":44.02,"width":150,"height":150},"EF/0h/s2_ef_dash_A_purple/ef_dash_A_purple_00002":{"x":-8.6,"y":44.02,"width":150,"height":150},"EF/0h/s2_ef_dash_A_purple/ef_dash_A_purple_00003":{"x":-8.6,"y":44.02,"width":150,"height":150},"EF/0h/s2_ef_dash_A_purple/ef_dash_A_purple_00004":{"x":-8.6,"y":44.02,"width":150,"height":150},"EF/0h/s2_ef_dash_A_purple/ef_dash_A_purple_00005":{"x":-8.6,"y":44.02,"width":150,"height":150},"EF/0h/s2_ef_dash_A_purple/ef_dash_A_purple_00006":{"x":-8.6,"y":44.02,"width":150,"height":150},"EF/0h/s2_ef_dash_A_purple/ef_dash_A_purple_00007":{"x":-8.6,"y":44.02,"width":150,"height":150},"EF/0h/s2_ef_dash_A_purple/ef_dash_A_purple_00008":{"x":-8.6,"y":44.02,"width":150,"height":150},"EF/0h/s2_ef_dash_A_purple/ef_dash_A_purple_00009":{"x":-8.6,"y":44.02,"width":150,"height":150},"EF/0h/s2_ef_dash_A_purple/ef_dash_A_purple_00010":{"x":-8.6,"y":44.02,"width":150,"height":150},"EF/0h/s2_ef_dash_A_purple/ef_dash_A_purple_00011":{"x":-8.6,"y":44.02,"width":150,"height":150},"EF/0h/s2_ef_dash_A_purple/ef_dash_A_purple_00012":{"x":-8.6,"y":44.02,"width":150,"height":150}},"EF/0h/s2_ef_dash_A_purple/ef_dash_A_purple_3":{"EF/0h/s2_ef_dash_A_purple/ef_dash_A_purple_00001":{"x":-8.6,"y":44.02,"width":150,"height":150},"EF/0h/s2_ef_dash_A_purple/ef_dash_A_purple_00002":{"x":-8.6,"y":44.02,"width":150,"height":150},"EF/0h/s2_ef_dash_A_purple/ef_dash_A_purple_00003":{"x":-8.6,"y":44.02,"width":150,"height":150},"EF/0h/s2_ef_dash_A_purple/ef_dash_A_purple_00004":{"x":-8.6,"y":44.02,"width":150,"height":150},"EF/0h/s2_ef_dash_A_purple/ef_dash_A_purple_00005":{"x":-8.6,"y":44.02,"width":150,"height":150},"EF/0h/s2_ef_dash_A_purple/ef_dash_A_purple_00006":{"x":-8.6,"y":44.02,"width":150,"height":150},"EF/0h/s2_ef_dash_A_purple/ef_dash_A_purple_00007":{"x":-8.6,"y":44.02,"width":150,"height":150},"EF/0h/s2_ef_dash_A_purple/ef_dash_A_purple_00008":{"x":-8.6,"y":44.02,"width":150,"height":150},"EF/0h/s2_ef_dash_A_purple/ef_dash_A_purple_00009":{"x":-8.6,"y":44.02,"width":150,"height":150},"EF/0h/s2_ef_dash_A_purple/ef_dash_A_purple_00010":{"x":-8.6,"y":44.02,"width":150,"height":150},"EF/0h/s2_ef_dash_A_purple/ef_dash_A_purple_00011":{"x":-8.6,"y":44.02,"width":150,"height":150},"EF/0h/s2_ef_dash_A_purple/ef_dash_A_purple_00012":{"x":-8.6,"y":44.02,"width":150,"height":150}},"EF/0h/s2_ef_dash_A_purple/ef_dash_A_purple_4":{"EF/0h/s2_ef_dash_A_purple/ef_dash_A_purple_00001":{"x":-8.6,"y":44.02,"width":150,"height":150},"EF/0h/s2_ef_dash_A_purple/ef_dash_A_purple_00002":{"x":-8.6,"y":44.02,"width":150,"height":150},"EF/0h/s2_ef_dash_A_purple/ef_dash_A_purple_00003":{"x":-8.6,"y":44.02,"width":150,"height":150},"EF/0h/s2_ef_dash_A_purple/ef_dash_A_purple_00004":{"x":-8.6,"y":44.02,"width":150,"height":150},"EF/0h/s2_ef_dash_A_purple/ef_dash_A_purple_00005":{"x":-8.6,"y":44.02,"width":150,"height":150},"EF/0h/s2_ef_dash_A_purple/ef_dash_A_purple_00006":{"x":-8.6,"y":44.02,"width":150,"height":150},"EF/0h/s2_ef_dash_A_purple/ef_dash_A_purple_00007":{"x":-8.6,"y":44.02,"width":150,"height":150},"EF/0h/s2_ef_dash_A_purple/ef_dash_A_purple_00008":{"x":-8.6,"y":44.02,"width":150,"height":150},"EF/0h/s2_ef_dash_A_purple/ef_dash_A_purple_00009":{"x":-8.6,"y":44.02,"width":150,"height":150},"EF/0h/s2_ef_dash_A_purple/ef_dash_A_purple_00010":{"x":-8.6,"y":44.02,"width":150,"height":150},"EF/0h/s2_ef_dash_A_purple/ef_dash_A_purple_00011":{"x":-8.6,"y":44.02,"width":150,"height":150},"EF/0h/s2_ef_dash_A_purple/ef_dash_A_purple_00012":{"x":-8.6,"y":44.02,"width":150,"height":150}},"EF/0h/s2_ef_summon_aura_main/ef_summon_aura_main_00001":{"EF/0h/s2_ef_summon_aura_main/ef_summon_aura_main_00001":{"y":56.77,"width":150,"height":180},"EF/0h/s2_ef_summon_aura_main/ef_summon_aura_main_00002":{"y":56.77,"width":150,"height":180},"EF/0h/s2_ef_summon_aura_main/ef_summon_aura_main_00003":{"y":56.77,"width":150,"height":180},"EF/0h/s2_ef_summon_aura_main/ef_summon_aura_main_00004":{"y":56.77,"width":150,"height":180},"EF/0h/s2_ef_summon_aura_main/ef_summon_aura_main_00005":{"y":56.77,"width":150,"height":180},"EF/0h/s2_ef_summon_aura_main/ef_summon_aura_main_00006":{"y":56.77,"width":150,"height":180},"EF/0h/s2_ef_summon_aura_main/ef_summon_aura_main_00007":{"y":56.77,"width":150,"height":180},"EF/0h/s2_ef_summon_aura_main/ef_summon_aura_main_00008":{"y":56.77,"width":150,"height":180},"EF/0h/s2_ef_summon_aura_main/ef_summon_aura_main_00010":{"y":56.77,"width":150,"height":180},"EF/0h/s2_ef_summon_aura_main/ef_summon_aura_main_00011":{"y":56.77,"width":150,"height":180},"EF/0h/s2_ef_summon_aura_main/ef_summon_aura_main_00012":{"y":56.77,"width":150,"height":180},"EF/0h/s2_ef_summon_aura_main/ef_summon_aura_main_00013":{"y":56.77,"width":150,"height":180},"EF/0h/s2_ef_summon_aura_main/ef_summon_aura_main_00014":{"y":56.77,"width":150,"height":180}},"EF/0h/s2_fire_aura_A_purple/ef_fire_aura_A_purple_00001":{"EF/0h/s2_fire_aura_A_purple/ef_fire_aura_A_purple_00001":{"x":75.25,"width":300,"height":300},"EF/0h/s2_fire_aura_A_purple/ef_fire_aura_A_purple_00002":{"x":75.25,"width":300,"height":300},"EF/0h/s2_fire_aura_A_purple/ef_fire_aura_A_purple_00003":{"x":75.25,"width":300,"height":300},"EF/0h/s2_fire_aura_A_purple/ef_fire_aura_A_purple_00004":{"x":75.25,"width":300,"height":300},"EF/0h/s2_fire_aura_A_purple/ef_fire_aura_A_purple_00005":{"x":75.25,"width":300,"height":300},"EF/0h/s2_fire_aura_A_purple/ef_fire_aura_A_purple_00006":{"x":75.25,"width":300,"height":300},"EF/0h/s2_fire_aura_A_purple/ef_fire_aura_A_purple_00007":{"x":75.25,"width":300,"height":300},"EF/0h/s2_fire_aura_A_purple/ef_fire_aura_A_purple_00011":{"x":75.25,"width":300,"height":300},"EF/0h/s2_fire_aura_A_purple/ef_fire_aura_A_purple_00012":{"x":75.25,"width":300,"height":300}},"EF/0h/s2_smash_attack_A_purple/ef_smash_attack_A_purple_00001":{"EF/0h/s2_smash_attack_A_purple/ef_smash_attack_A_purple_00001":{"x":22.48,"width":250,"height":250},"EF/0h/s2_smash_attack_A_purple/ef_smash_attack_A_purple_00002":{"x":22.48,"width":250,"height":250},"EF/0h/s2_smash_attack_A_purple/ef_smash_attack_A_purple_00003":{"x":22.48,"width":250,"height":250},"EF/0h/s2_smash_attack_A_purple/ef_smash_attack_A_purple_00004":{"x":22.48,"width":250,"height":250}},"butler":{"butler_00":{"y":-97.35,"scaleX":2,"scaleY":2,"width":256,"height":256},"butler_01":{"y":-97.35,"scaleX":2,"scaleY":2,"width":256,"height":256},"butler_02":{"y":-97.35,"scaleX":2,"scaleY":2,"width":256,"height":256},"butler_03":{"y":-97.35,"scaleX":2,"scaleY":2,"width":256,"height":256},"butler_04":{"y":-97.35,"scaleX":2,"scaleY":2,"width":256,"height":256}}}},"events":{"Event":{},"Hit":{},"Sound1":{},"Sound2":{},"Sound3":{}},"animations":{"attack1":{"slots":{"DAMAGEAREA":{"attachment":[{"time":1.1666,"name":"DAMAGEAREA"},{"time":1.7333,"name":null}]},"EF/0h/magic_5dark2":{"attachment":[{"time":0.0333,"name":"EF/0h/magic_5dark"},{"time":3.2,"name":null}],"color":[{"time":3.0333,"color":"ffffffff"},{"time":3.2,"color":"ffffff00"}]},"EF/0h/s23_graund_smoke_A_purple/ef_graund_smoke_A_purple_00001":{"attachment":[{"time":1.1666,"name":"EF/0h/s23_graund_smoke_A_purple/ef_graund_smoke_A_purple_00001"},{"time":1.2,"name":"EF/0h/s23_graund_smoke_A_purple/ef_graund_smoke_A_purple_00002"},{"time":1.2333,"name":"EF/0h/s23_graund_smoke_A_purple/ef_graund_smoke_A_purple_00003"},{"time":1.2666,"name":"EF/0h/s23_graund_smoke_A_purple/ef_graund_smoke_A_purple_00004"},{"time":1.3,"name":"EF/0h/s23_graund_smoke_A_purple/ef_graund_smoke_A_purple_00005"},{"time":1.3333,"name":"EF/0h/s23_graund_smoke_A_purple/ef_graund_smoke_A_purple_00006"},{"time":1.3666,"name":"EF/0h/s23_graund_smoke_A_purple/ef_graund_smoke_A_purple_00007"},{"time":1.4,"name":"EF/0h/s23_graund_smoke_A_purple/ef_graund_smoke_A_purple_00008"},{"time":1.4333,"name":"EF/0h/s23_graund_smoke_A_purple/ef_graund_smoke_A_purple_00009"},{"time":1.4666,"name":"EF/0h/s23_graund_smoke_A_purple/ef_graund_smoke_A_purple_00010"},{"time":1.5,"name":"EF/0h/s23_graund_smoke_A_purple/ef_graund_smoke_A_purple_00011"},{"time":1.5333,"name":"EF/0h/s23_graund_smoke_A_purple/ef_graund_smoke_A_purple_00012"},{"time":1.5666,"name":"EF/0h/s23_graund_smoke_A_purple/ef_graund_smoke_A_purple_00013"},{"time":1.6,"name":"EF/0h/s23_graund_smoke_A_purple/ef_graund_smoke_A_purple_00014"},{"time":1.6333,"name":"EF/0h/s23_graund_smoke_A_purple/ef_graund_smoke_A_purple_00015"},{"time":1.6666,"name":"EF/0h/s23_graund_smoke_A_purple/ef_graund_smoke_A_purple_00016"},{"time":1.7,"name":"EF/0h/s23_graund_smoke_A_purple/ef_graund_smoke_A_purple_00017"},{"time":1.7333,"name":null}]},"EF/0h/s23_graund_smoke_A_purple/ef_graund_smoke_A_purple_1":{"attachment":[{"time":1.2333,"name":"EF/0h/s23_graund_smoke_A_purple/ef_graund_smoke_A_purple_00001"},{"time":1.2666,"name":"EF/0h/s23_graund_smoke_A_purple/ef_graund_smoke_A_purple_00002"},{"time":1.3,"name":"EF/0h/s23_graund_smoke_A_purple/ef_graund_smoke_A_purple_00003"},{"time":1.3333,"name":"EF/0h/s23_graund_smoke_A_purple/ef_graund_smoke_A_purple_00004"},{"time":1.3666,"name":"EF/0h/s23_graund_smoke_A_purple/ef_graund_smoke_A_purple_00005"},{"time":1.4,"name":"EF/0h/s23_graund_smoke_A_purple/ef_graund_smoke_A_purple_00006"},{"time":1.4333,"name":"EF/0h/s23_graund_smoke_A_purple/ef_graund_smoke_A_purple_00007"},{"time":1.4666,"name":"EF/0h/s23_graund_smoke_A_purple/ef_graund_smoke_A_purple_00008"},{"time":1.5,"name":"EF/0h/s23_graund_smoke_A_purple/ef_graund_smoke_A_purple_00009"},{"time":1.5333,"name":"EF/0h/s23_graund_smoke_A_purple/ef_graund_smoke_A_purple_00010"},{"time":1.5666,"name":"EF/0h/s23_graund_smoke_A_purple/ef_graund_smoke_A_purple_00011"},{"time":1.6,"name":"EF/0h/s23_graund_smoke_A_purple/ef_graund_smoke_A_purple_00012"},{"time":1.6333,"name":"EF/0h/s23_graund_smoke_A_purple/ef_graund_smoke_A_purple_00013"},{"time":1.6666,"name":"EF/0h/s23_graund_smoke_A_purple/ef_graund_smoke_A_purple_00014"},{"time":1.7,"name":"EF/0h/s23_graund_smoke_A_purple/ef_graund_smoke_A_purple_00015"},{"time":1.7333,"name":"EF/0h/s23_graund_smoke_A_purple/ef_graund_smoke_A_purple_00016"},{"time":1.7666,"name":"EF/0h/s23_graund_smoke_A_purple/ef_graund_smoke_A_purple_00017"},{"time":1.8,"name":null}]},"EF/0h/s23_graund_wave_A_purple/ef_graund_wave_A_purple_00001":{"attachment":[{"time":0.0333,"name":"EF/0h/s23_graund_wave_A_purple/ef_graund_wave_A_purple_00001"},{"time":0.0666,"name":"EF/0h/s23_graund_wave_A_purple/ef_graund_wave_A_purple_00002"},{"time":0.1333,"name":"EF/0h/s23_graund_wave_A_purple/ef_graund_wave_A_purple_00004"},{"time":0.2,"name":"EF/0h/s23_graund_wave_A_purple/ef_graund_wave_A_purple_00006"},{"time":0.2666,"name":"EF/0h/s23_graund_wave_A_purple/ef_graund_wave_A_purple_00008"},{"time":0.3333,"name":"EF/0h/s23_graund_wave_A_purple/ef_graund_wave_A_purple_00010"},{"time":0.4,"name":"EF/0h/s23_graund_wave_A_purple/ef_graund_wave_A_purple_00012"},{"time":0.4666,"name":"EF/0h/s23_graund_wave_A_purple/ef_graund_wave_A_purple_00014"},{"time":0.5,"name":null},{"time":1.1666,"name":"EF/0h/s23_graund_wave_A_purple/ef_graund_wave_A_purple_00001"},{"time":1.2,"name":"EF/0h/s23_graund_wave_A_purple/ef_graund_wave_A_purple_00002"},{"time":1.2666,"name":"EF/0h/s23_graund_wave_A_purple/ef_graund_wave_A_purple_00004"},{"time":1.3333,"name":"EF/0h/s23_graund_wave_A_purple/ef_graund_wave_A_purple_00006"},{"time":1.4,"name":"EF/0h/s23_graund_wave_A_purple/ef_graund_wave_A_purple_00008"},{"time":1.4666,"name":"EF/0h/s23_graund_wave_A_purple/ef_graund_wave_A_purple_00010"},{"time":1.5333,"name":"EF/0h/s23_graund_wave_A_purple/ef_graund_wave_A_purple_00012"},{"time":1.6,"name":"EF/0h/s23_graund_wave_A_purple/ef_graund_wave_A_purple_00014"},{"time":1.6333,"name":null}]},"EF/0h/s23_graund_wave_A_purple/ef_graund_wave_A_purple_2":{"attachment":[{"time":1.2333,"name":"EF/0h/s23_graund_wave_A_purple/ef_graund_wave_A_purple_00001"},{"time":1.2666,"name":"EF/0h/s23_graund_wave_A_purple/ef_graund_wave_A_purple_00002"},{"time":1.3333,"name":"EF/0h/s23_graund_wave_A_purple/ef_graund_wave_A_purple_00004"},{"time":1.4,"name":"EF/0h/s23_graund_wave_A_purple/ef_graund_wave_A_purple_00006"},{"time":1.4666,"name":"EF/0h/s23_graund_wave_A_purple/ef_graund_wave_A_purple_00008"},{"time":1.5333,"name":"EF/0h/s23_graund_wave_A_purple/ef_graund_wave_A_purple_00010"},{"time":1.6,"name":"EF/0h/s23_graund_wave_A_purple/ef_graund_wave_A_purple_00012"},{"time":1.6333,"name":"EF/0h/s23_graund_wave_A_purple/ef_graund_wave_A_purple_00013"},{"time":1.6666,"name":"EF/0h/s23_graund_wave_A_purple/ef_graund_wave_A_purple_00014"},{"time":1.7,"name":null},{"time":3.1666,"name":"EF/0h/s23_graund_wave_A_purple/ef_graund_wave_A_purple_00001"},{"time":3.2,"name":"EF/0h/s23_graund_wave_A_purple/ef_graund_wave_A_purple_00002"},{"time":3.2666,"name":"EF/0h/s23_graund_wave_A_purple/ef_graund_wave_A_purple_00004"},{"time":3.3333,"name":"EF/0h/s23_graund_wave_A_purple/ef_graund_wave_A_purple_00006"},{"time":3.4,"name":"EF/0h/s23_graund_wave_A_purple/ef_graund_wave_A_purple_00008"},{"time":3.4666,"name":"EF/0h/s23_graund_wave_A_purple/ef_graund_wave_A_purple_00010"},{"time":3.5333,"name":"EF/0h/s23_graund_wave_A_purple/ef_graund_wave_A_purple_00012"},{"time":3.5666,"name":"EF/0h/s23_graund_wave_A_purple/ef_graund_wave_A_purple_00013"},{"time":3.6,"name":"EF/0h/s23_graund_wave_A_purple/ef_graund_wave_A_purple_00014"},{"time":3.6333,"name":null}]},"EF/0h/s2_ef_dash_A_purple/ef_dash_A_purple_00001":{"attachment":[{"time":1.1333,"name":"EF/0h/s2_ef_dash_A_purple/ef_dash_A_purple_00001"},{"time":1.1666,"name":"EF/0h/s2_ef_dash_A_purple/ef_dash_A_purple_00002"},{"time":1.2,"name":"EF/0h/s2_ef_dash_A_purple/ef_dash_A_purple_00003"},{"time":1.2333,"name":"EF/0h/s2_ef_dash_A_purple/ef_dash_A_purple_00004"},{"time":1.2666,"name":"EF/0h/s2_ef_dash_A_purple/ef_dash_A_purple_00005"},{"time":1.3,"name":"EF/0h/s2_ef_dash_A_purple/ef_dash_A_purple_00006"},{"time":1.3333,"name":"EF/0h/s2_ef_dash_A_purple/ef_dash_A_purple_00007"},{"time":1.3666,"name":"EF/0h/s2_ef_dash_A_purple/ef_dash_A_purple_00008"},{"time":1.4,"name":"EF/0h/s2_ef_dash_A_purple/ef_dash_A_purple_00009"},{"time":1.4333,"name":"EF/0h/s2_ef_dash_A_purple/ef_dash_A_purple_00010"},{"time":1.4666,"name":"EF/0h/s2_ef_dash_A_purple/ef_dash_A_purple_00011"},{"time":1.5,"name":"EF/0h/s2_ef_dash_A_purple/ef_dash_A_purple_00012"},{"time":1.5333,"name":null}]},"EF/0h/s2_ef_dash_A_purple/ef_dash_A_purple_1":{"attachment":[{"time":1.2333,"name":"EF/0h/s2_ef_dash_A_purple/ef_dash_A_purple_00001"},{"time":1.2666,"name":"EF/0h/s2_ef_dash_A_purple/ef_dash_A_purple_00002"},{"time":1.3,"name":"EF/0h/s2_ef_dash_A_purple/ef_dash_A_purple_00003"},{"time":1.3333,"name":"EF/0h/s2_ef_dash_A_purple/ef_dash_A_purple_00004"},{"time":1.3666,"name":"EF/0h/s2_ef_dash_A_purple/ef_dash_A_purple_00005"},{"time":1.4,"name":"EF/0h/s2_ef_dash_A_purple/ef_dash_A_purple_00006"},{"time":1.4333,"name":"EF/0h/s2_ef_dash_A_purple/ef_dash_A_purple_00007"},{"time":1.4666,"name":"EF/0h/s2_ef_dash_A_purple/ef_dash_A_purple_00008"},{"time":1.5,"name":"EF/0h/s2_ef_dash_A_purple/ef_dash_A_purple_00009"},{"time":1.5333,"name":"EF/0h/s2_ef_dash_A_purple/ef_dash_A_purple_00010"},{"time":1.5666,"name":"EF/0h/s2_ef_dash_A_purple/ef_dash_A_purple_00011"},{"time":1.6,"name":"EF/0h/s2_ef_dash_A_purple/ef_dash_A_purple_00012"},{"time":1.6333,"name":null}]},"EF/0h/s2_ef_dash_A_purple/ef_dash_A_purple_2":{"attachment":[{"time":1.3,"name":"EF/0h/s2_ef_dash_A_purple/ef_dash_A_purple_00001"},{"time":1.3333,"name":"EF/0h/s2_ef_dash_A_purple/ef_dash_A_purple_00002"},{"time":1.3666,"name":"EF/0h/s2_ef_dash_A_purple/ef_dash_A_purple_00003"},{"time":1.4,"name":"EF/0h/s2_ef_dash_A_purple/ef_dash_A_purple_00004"},{"time":1.4333,"name":"EF/0h/s2_ef_dash_A_purple/ef_dash_A_purple_00005"},{"time":1.4666,"name":"EF/0h/s2_ef_dash_A_purple/ef_dash_A_purple_00006"},{"time":1.5,"name":"EF/0h/s2_ef_dash_A_purple/ef_dash_A_purple_00007"},{"time":1.5333,"name":"EF/0h/s2_ef_dash_A_purple/ef_dash_A_purple_00008"},{"time":1.5666,"name":"EF/0h/s2_ef_dash_A_purple/ef_dash_A_purple_00009"},{"time":1.6,"name":"EF/0h/s2_ef_dash_A_purple/ef_dash_A_purple_00010"},{"time":1.6333,"name":"EF/0h/s2_ef_dash_A_purple/ef_dash_A_purple_00011"},{"time":1.6666,"name":"EF/0h/s2_ef_dash_A_purple/ef_dash_A_purple_00012"},{"time":1.7,"name":null}]},"EF/0h/s2_ef_dash_A_purple/ef_dash_A_purple_3":{"attachment":[{"time":1.3666,"name":"EF/0h/s2_ef_dash_A_purple/ef_dash_A_purple_00001"},{"time":1.4,"name":"EF/0h/s2_ef_dash_A_purple/ef_dash_A_purple_00002"},{"time":1.4333,"name":"EF/0h/s2_ef_dash_A_purple/ef_dash_A_purple_00003"},{"time":1.4666,"name":"EF/0h/s2_ef_dash_A_purple/ef_dash_A_purple_00004"},{"time":1.5,"name":"EF/0h/s2_ef_dash_A_purple/ef_dash_A_purple_00005"},{"time":1.5333,"name":"EF/0h/s2_ef_dash_A_purple/ef_dash_A_purple_00006"},{"time":1.5666,"name":"EF/0h/s2_ef_dash_A_purple/ef_dash_A_purple_00007"},{"time":1.6,"name":"EF/0h/s2_ef_dash_A_purple/ef_dash_A_purple_00008"},{"time":1.6333,"name":"EF/0h/s2_ef_dash_A_purple/ef_dash_A_purple_00009"},{"time":1.6666,"name":"EF/0h/s2_ef_dash_A_purple/ef_dash_A_purple_00010"},{"time":1.7,"name":"EF/0h/s2_ef_dash_A_purple/ef_dash_A_purple_00011"},{"time":1.7333,"name":"EF/0h/s2_ef_dash_A_purple/ef_dash_A_purple_00012"},{"time":1.7666,"name":null}]},"EF/0h/s2_ef_dash_A_purple/ef_dash_A_purple_4":{"attachment":[{"time":1.4333,"name":"EF/0h/s2_ef_dash_A_purple/ef_dash_A_purple_00001"},{"time":1.4666,"name":"EF/0h/s2_ef_dash_A_purple/ef_dash_A_purple_00002"},{"time":1.5,"name":"EF/0h/s2_ef_dash_A_purple/ef_dash_A_purple_00003"},{"time":1.5333,"name":"EF/0h/s2_ef_dash_A_purple/ef_dash_A_purple_00004"},{"time":1.5666,"name":"EF/0h/s2_ef_dash_A_purple/ef_dash_A_purple_00005"},{"time":1.6,"name":"EF/0h/s2_ef_dash_A_purple/ef_dash_A_purple_00006"},{"time":1.6333,"name":"EF/0h/s2_ef_dash_A_purple/ef_dash_A_purple_00007"},{"time":1.6666,"name":"EF/0h/s2_ef_dash_A_purple/ef_dash_A_purple_00008"},{"time":1.7,"name":"EF/0h/s2_ef_dash_A_purple/ef_dash_A_purple_00009"},{"time":1.7333,"name":"EF/0h/s2_ef_dash_A_purple/ef_dash_A_purple_00010"},{"time":1.7666,"name":"EF/0h/s2_ef_dash_A_purple/ef_dash_A_purple_00011"},{"time":1.8,"name":"EF/0h/s2_ef_dash_A_purple/ef_dash_A_purple_00012"},{"time":1.8333,"name":null}]},"EF/0h/s2_ef_summon_aura_main/ef_summon_aura_main_00001":{"attachment":[{"time":0.1666,"name":"EF/0h/s2_ef_summon_aura_main/ef_summon_aura_main_00001"},{"time":0.2,"name":"EF/0h/s2_ef_summon_aura_main/ef_summon_aura_main_00002"},{"time":0.2333,"name":"EF/0h/s2_ef_summon_aura_main/ef_summon_aura_main_00003"},{"time":0.2666,"name":"EF/0h/s2_ef_summon_aura_main/ef_summon_aura_main_00004"},{"time":0.3,"name":"EF/0h/s2_ef_summon_aura_main/ef_summon_aura_main_00005"},{"time":0.3333,"name":"EF/0h/s2_ef_summon_aura_main/ef_summon_aura_main_00006"},{"time":0.3666,"name":"EF/0h/s2_ef_summon_aura_main/ef_summon_aura_main_00007"},{"time":0.4,"name":"EF/0h/s2_ef_summon_aura_main/ef_summon_aura_main_00008"},{"time":0.4666,"name":"EF/0h/s2_ef_summon_aura_main/ef_summon_aura_main_00010"},{"time":0.5,"name":"EF/0h/s2_ef_summon_aura_main/ef_summon_aura_main_00011"},{"time":0.5333,"name":"EF/0h/s2_ef_summon_aura_main/ef_summon_aura_main_00012"},{"time":0.5666,"name":"EF/0h/s2_ef_summon_aura_main/ef_summon_aura_main_00013"},{"time":0.6,"name":"EF/0h/s2_ef_summon_aura_main/ef_summon_aura_main_00014"},{"time":0.6666,"name":"EF/0h/s2_ef_summon_aura_main/ef_summon_aura_main_00001"},{"time":0.7,"name":"EF/0h/s2_ef_summon_aura_main/ef_summon_aura_main_00002"},{"time":0.7333,"name":"EF/0h/s2_ef_summon_aura_main/ef_summon_aura_main_00003"},{"time":0.7666,"name":"EF/0h/s2_ef_summon_aura_main/ef_summon_aura_main_00004"},{"time":0.8,"name":"EF/0h/s2_ef_summon_aura_main/ef_summon_aura_main_00005"},{"time":0.8333,"name":"EF/0h/s2_ef_summon_aura_main/ef_summon_aura_main_00006"},{"time":0.8666,"name":"EF/0h/s2_ef_summon_aura_main/ef_summon_aura_main_00007"},{"time":0.9,"name":"EF/0h/s2_ef_summon_aura_main/ef_summon_aura_main_00008"},{"time":0.9666,"name":"EF/0h/s2_ef_summon_aura_main/ef_summon_aura_main_00010"},{"time":1,"name":"EF/0h/s2_ef_summon_aura_main/ef_summon_aura_main_00011"},{"time":1.0333,"name":"EF/0h/s2_ef_summon_aura_main/ef_summon_aura_main_00012"},{"time":1.0666,"name":"EF/0h/s2_ef_summon_aura_main/ef_summon_aura_main_00013"},{"time":1.1,"name":"EF/0h/s2_ef_summon_aura_main/ef_summon_aura_main_00014"},{"time":1.1666,"name":null}]},"EF/0h/s2_fire_aura_A_purple/ef_fire_aura_A_purple_00001":{"attachment":[{"time":1.1333,"name":"EF/0h/s2_fire_aura_A_purple/ef_fire_aura_A_purple_00001"},{"time":1.1666,"name":"EF/0h/s2_fire_aura_A_purple/ef_fire_aura_A_purple_00002"},{"time":1.2,"name":"EF/0h/s2_fire_aura_A_purple/ef_fire_aura_A_purple_00003"},{"time":1.2333,"name":"EF/0h/s2_fire_aura_A_purple/ef_fire_aura_A_purple_00004"},{"time":1.2666,"name":"EF/0h/s2_fire_aura_A_purple/ef_fire_aura_A_purple_00005"},{"time":1.3,"name":"EF/0h/s2_fire_aura_A_purple/ef_fire_aura_A_purple_00006"},{"time":1.3333,"name":"EF/0h/s2_fire_aura_A_purple/ef_fire_aura_A_purple_00007"},{"time":1.4666,"name":"EF/0h/s2_fire_aura_A_purple/ef_fire_aura_A_purple_00011"},{"time":1.5,"name":"EF/0h/s2_fire_aura_A_purple/ef_fire_aura_A_purple_00012"},{"time":1.5333,"name":null},{"time":2.5333,"name":"EF/0h/s2_fire_aura_A_purple/ef_fire_aura_A_purple_00005"},{"time":2.5666,"name":"EF/0h/s2_fire_aura_A_purple/ef_fire_aura_A_purple_00006"},{"time":2.6,"name":"EF/0h/s2_fire_aura_A_purple/ef_fire_aura_A_purple_00007"},{"time":2.7333,"name":"EF/0h/s2_fire_aura_A_purple/ef_fire_aura_A_purple_00011"},{"time":2.7666,"name":"EF/0h/s2_fire_aura_A_purple/ef_fire_aura_A_purple_00012"},{"time":2.8,"name":null}],"color":[{"time":2.5333,"color":"ffffff10"},{"time":2.6333,"color":"ffffffc2"},{"time":2.8,"color":"ffffff00"}]},"EF/0h/s2_smash_attack_A_purple/ef_smash_attack_A_purple_00001":{"attachment":[{"time":1.1333,"name":"EF/0h/s2_smash_attack_A_purple/ef_smash_attack_A_purple_00001"},{"time":1.1666,"name":"EF/0h/s2_smash_attack_A_purple/ef_smash_attack_A_purple_00002"},{"time":1.2,"name":"EF/0h/s2_smash_attack_A_purple/ef_smash_attack_A_purple_00003"},{"time":1.2333,"name":"EF/0h/s2_smash_attack_A_purple/ef_smash_attack_A_purple_00004"},{"time":1.2666,"name":null}]},"butler":{"attachment":[{"time":0.2,"name":"butler_00"},{"time":0.2666,"name":"butler_01"},{"time":0.3333,"name":"butler_02"},{"time":0.4,"name":"butler_03"},{"time":0.9333,"name":"butler_04"},{"time":2.7666,"name":"butler_03"},{"time":3.0333,"name":"butler_02"},{"time":3.1,"name":"butler_01"},{"time":3.1666,"name":"butler_00"},{"time":3.2333,"name":null}],"color":[{"time":1.1,"color":"ffffffff"},{"time":1.4333,"color":"ffffff00","curve":"stepped"},{"time":2.5,"color":"ffffff00"},{"time":2.7666,"color":"ffffffff"}]}},"bones":{"DAMAGEAREA":{"translate":[{"time":1.1666,"x":-410.24,"y":76.41}],"scale":[{"time":1.1666,"x":6.9,"y":1.804}]},"magic2":{"translate":[{"time":0.0333,"x":90,"y":0}],"scale":[{"time":0.0333,"x":0.554,"y":0.554},{"time":0.4333,"x":2,"y":2,"curve":"stepped"},{"time":3.0333,"x":2,"y":2},{"time":3.2,"x":0.289,"y":0.289}]},"s23_graund_smoke_A_purple":{"translate":[{"time":1.1666,"x":-575.15,"y":0}],"scale":[{"time":1.1666,"x":5,"y":5}]},"s23_graund_smoke_A_purple2":{"translate":[{"time":1.2333,"x":-1012.88,"y":0}],"scale":[{"time":1.2333,"x":5,"y":4}]},"ef_graund_wave_A_purple":{"translate":[{"time":0.0333,"x":-260.16,"y":0,"curve":"stepped"},{"time":1.1666,"x":-475.07,"y":0}],"scale":[{"time":0.0333,"x":3.5,"y":3.5,"curve":"stepped"},{"time":1.1666,"x":5.5,"y":5.5}]},"ef_graund_wave_A_purple2":{"translate":[{"time":1.2333,"x":-912.98,"y":0,"curve":"stepped"},{"time":3.1666,"x":-260,"y":0}],"scale":[{"time":1.2333,"x":5.5,"y":5.5,"curve":"stepped"},{"time":3.1666,"x":4,"y":4}]},"ef_dash_A_purple":{"translate":[{"time":1.1333,"x":-146.58,"y":19.28}],"scale":[{"time":1.1333,"x":-5,"y":5}]},"ef_dash_A_purple2":{"translate":[{"time":1.2333,"x":-384.13,"y":19.28}],"scale":[{"time":1.2333,"x":-5,"y":4}]},"ef_dash_A_purple3":{"translate":[{"time":1.3,"x":-575.82,"y":19.28}],"scale":[{"time":1.3,"x":-5,"y":4}]},"ef_dash_A_purple4":{"translate":[{"time":1.3666,"x":-800.59,"y":19.28}],"scale":[{"time":1.3666,"x":-5,"y":4}]},"ef_dash_A_purple5":{"translate":[{"time":1.4333,"x":-1029.05,"y":19.28}],"scale":[{"time":1.4333,"x":-5,"y":4}]},"ef_summon_aura_main":{"translate":[{"time":0.1666,"x":-160,"y":0}],"scale":[{"time":0.1666,"x":3,"y":3}]},"ef_fire_aura_A_purple":{"translate":[{"time":1.1333,"x":-119.79,"y":184.19},{"time":1.1666,"x":-389.8,"y":184.19},{"time":1.4,"x":-1402.61,"y":184.19},{"time":1.5,"x":-1586.41,"y":184.19,"curve":"stepped"},{"time":2.5333,"x":203.18,"y":184.19},{"time":2.7333,"x":-156.36,"y":184.19}],"scale":[{"time":1.1333,"x":3,"y":3}]},"ef_smash_attack_A":{"translate":[{"time":1.1333,"x":-20.01,"y":184.09}],"scale":[{"time":1.1333,"x":3,"y":3},{"time":1.2333,"x":4,"y":4}]},"butler":{"rotate":[{"time":1.1,"angle":0},{"time":1.2666,"angle":13.84,"curve":"stepped"},{"time":2.5,"angle":0}],"translate":[{"time":0.2,"x":90,"y":20,"curve":"stepped"},{"time":0.9333,"x":90,"y":20},{"time":1,"x":94.25,"y":20,"curve":"stepped"},{"time":1.1,"x":94.25,"y":20},{"time":1.4333,"x":-1200,"y":20,"curve":"stepped"},{"time":2.5,"x":500,"y":20,"curve":[0.25,0,0.75,1]},{"time":2.7666,"x":105,"y":20,"curve":[0.091,0.54,0.75,1]},{"time":3,"x":90,"y":20}]}},"ffd":{"default":{"EF/0h/magic_5dark2":{"EF/0h/magic_5dark":[{"time":0.0333,"offset":1,"vertices":[108.52362,0,108.52362,0,-108.52362,0,-108.52362]},{"time":2.9666,"vertices":[-62.47896,100.27444,-40.03378,120.77703,62.47896,-100.27444,40.03378,-120.77703]}]}}},"events":[{"time":0.0333,"name":"Sound1","string":"cri_se_battle_magic_Invocation_dark"},{"time":1.1333,"name":"Event","float":0.03,"string":"kHitStopType_normal"},{"time":1.1666,"name":"Event","string":"setHitBackEnemy(20,0)"},{"time":1.2666,"name":"Hit","string":"resetHitList"},{"time":1.3666,"name":"Hit","string":"resetHitList"},{"time":1.4666,"name":"Hit","string":"resetHitList"},{"time":1.5666,"name":"Hit","string":"resetHitList"},{"time":1.6666,"name":"Event","float":0.15,"string":"kHitStopType_enemyonly"},{"time":1.6666,"name":"Hit","string":"resetHitList"},{"time":2.1,"name":"Sound1","string":"cri_se_battle_magic_Invocation_dark"},{"time":3,"name":"Sound3","string":"setHitSound(se_battle_007_attack_hit_01)"},{"time":3.1666,"name":"Sound2","string":"cri_se_battle_thunder_small"},{"time":3.1666,"name":"Sound3","string":"cri_se_battle_skill_swish"},{"time":4.6,"name":"Sound3","string":"cri_se_battle_skill_shot"}]}}}