{"skeleton":{"hash":"KA3GKF9re/r7CL11pnmmH0+/mxI","spine":"3.0.12","width":0,"height":0,"images":"./images/EF/"},"bones":[{"name":"root"},{"name":"MAIN","parent":"root"},{"name":"S2_waveA2","parent":"MAIN","x":995.21,"y":231.12,"scaleX":2.498,"scaleY":2.498,"color":"00ff02ff"},{"name":"S2_waveA1","parent":"MAIN","x":995.21,"y":291.4,"scaleX":2.498,"scaleY":2.498,"color":"00ff02ff"},{"name":"S2_myst","parent":"MAIN","x":571.2,"y":294.2,"scaleX":10,"scaleY":8,"color":"00ff02ff"},{"name":"S1_slash","parent":"MAIN","x":837.61,"y":532.71,"scaleX":2,"scaleY":2,"color":"000bffff"},{"name":"S1_rock2","parent":"MAIN","x":708.47,"y":465.84,"scaleX":1.998,"scaleY":1.998,"color":"001bffff"},{"name":"S1_rock","parent":"MAIN","x":708.47,"y":535.94,"scaleX":1.998,"scaleY":1.998,"color":"001bffff"},{"name":"S1_fire","parent":"MAIN","x":571.89,"y":539.18,"scaleX":1.504,"scaleY":1.504,"color":"000bffff"},{"name":"S1_attack","parent":"MAIN","x":298.65,"y":545.51,"color":"001bffff"},{"name":"S1,2_ex2","parent":"MAIN","x":848.92,"y":-48.97,"scaleX":3.004,"scaleY":3.004,"color":"00feffff"},{"name":"S1,2_ex1","parent":"MAIN","x":855.39,"y":4.39,"scaleX":3.004,"scaleY":3.004,"color":"00feffff"},{"name":"S1,2_attackE","parent":"MAIN","x":711.05,"y":5.72,"scaleX":1.997,"scaleY":1.997,"color":"00feffff"},{"name":"S1,2_attackD","parent":"MAIN","x":572.78,"y":2.43,"scaleX":2.498,"scaleY":2.498,"color":"00feffff"},{"name":"S1,2_attackA","parent":"MAIN","x":283.54,"y":5.17,"scaleX":1.999,"scaleY":1.999,"color":"00feffff"},{"name":"DAMAGEAREA","parent":"root"}],"slots":[{"name":"5160_A3_ex1/5160_A3_ex1_00000","bone":"S1,2_ex1","blend":"additive"},{"name":"5160_A3_ex1/5160_A3_ex1_0","bone":"S1,2_ex2","blend":"additive"},{"name":"5160_A3_ex1/5160_A3_ex1_1","bone":"S1,2_ex2","blend":"additive"},{"name":"5160_A3_ex1/5160_A3_ex1_2","bone":"S1,2_ex2","blend":"additive"},{"name":"5160_S2_wave1/5160_S2_wave1_00002","bone":"S2_waveA1","blend":"additive"},{"name":"5160_S2_wave1/5160_S2_wave1_2","bone":"S2_waveA2","blend":"additive"},{"name":"5180_S1_slash1/5180_S1_slash1_00000","bone":"S1_slash","blend":"additive"},{"name":"5180_S1_fire1/5180_S1_fire1_00000","bone":"S1_fire","blend":"additive"},{"name":"590_S2_myst1/590_S2_myst1_00014","bone":"S2_myst","blend":"additive"},{"name":"9100_A5D_attack1/9100_A5D_attack1_00001","bone":"S1,2_attackA","blend":"additive"},{"name":"9100_A5D_attack2/9100_A5D_attack2_00002","bone":"S1_attack","blend":"additive"},{"name":"9100_A5D_attack4/9100_A5D_attack4_00001","bone":"S1,2_attackD","blend":"additive"},{"name":"9100_A5D_attack5/9100_A5D_attack5_00001","bone":"S1,2_attackE","blend":"additive"},{"name":"690_S2_rock1/690_S2_rock1_00000","bone":"S1_rock"},{"name":"690_S2_rock1/690_S2_rock1_0","bone":"S1_rock2"},{"name":"DAMAGEAREA","bone":"DAMAGEAREA"}],"skins":{"default":{"5160_A3_ex1/5160_A3_ex1_0":{"5160_A3_ex1/5160_A3_ex1_00000":{"x":0.16,"y":8.87,"width":225,"height":225},"5160_A3_ex1/5160_A3_ex1_00002":{"x":0.16,"y":8.87,"width":225,"height":225},"5160_A3_ex1/5160_A3_ex1_00004":{"x":0.16,"y":8.87,"width":225,"height":225},"5160_A3_ex1/5160_A3_ex1_00006":{"x":0.16,"y":8.87,"width":225,"height":225},"5160_A3_ex1/5160_A3_ex1_00008":{"x":0.16,"y":8.87,"width":225,"height":225},"5160_A3_ex1/5160_A3_ex1_00010":{"x":0.16,"y":8.87,"width":225,"height":225},"5160_A3_ex1/5160_A3_ex1_00012":{"x":0.16,"y":8.87,"width":225,"height":225}},"5160_A3_ex1/5160_A3_ex1_00000":{"5160_A3_ex1/5160_A3_ex1_00000":{"x":0.16,"y":8.87,"width":225,"height":225},"5160_A3_ex1/5160_A3_ex1_00002":{"x":0.16,"y":8.87,"width":225,"height":225},"5160_A3_ex1/5160_A3_ex1_00004":{"x":0.16,"y":8.87,"width":225,"height":225},"5160_A3_ex1/5160_A3_ex1_00006":{"x":0.16,"y":8.87,"width":225,"height":225},"5160_A3_ex1/5160_A3_ex1_00008":{"x":0.16,"y":8.87,"width":225,"height":225},"5160_A3_ex1/5160_A3_ex1_00010":{"x":0.16,"y":8.87,"width":225,"height":225},"5160_A3_ex1/5160_A3_ex1_00012":{"x":0.16,"y":8.87,"width":225,"height":225}},"5160_A3_ex1/5160_A3_ex1_1":{"5160_A3_ex1/5160_A3_ex1_00000":{"x":0.16,"y":8.87,"width":225,"height":225},"5160_A3_ex1/5160_A3_ex1_00002":{"x":0.16,"y":8.87,"width":225,"height":225},"5160_A3_ex1/5160_A3_ex1_00004":{"x":0.16,"y":8.87,"width":225,"height":225},"5160_A3_ex1/5160_A3_ex1_00006":{"x":0.16,"y":8.87,"width":225,"height":225}},"5160_A3_ex1/5160_A3_ex1_2":{"5160_A3_ex1/5160_A3_ex1_00000":{"x":0.16,"y":8.87,"width":225,"height":225},"5160_A3_ex1/5160_A3_ex1_00002":{"x":0.16,"y":8.87,"width":225,"height":225}},"5180_S1_fire1/5180_S1_fire1_00000":{"5180_S1_fire1/5180_S1_fire1_00000":{"x":6.31,"y":-4.85,"width":250,"height":250},"5180_S1_fire1/5180_S1_fire1_00001":{"x":6.31,"y":-4.85,"width":250,"height":250},"5180_S1_fire1/5180_S1_fire1_00002":{"x":6.31,"y":-4.85,"width":250,"height":250},"5180_S1_fire1/5180_S1_fire1_00003":{"x":6.31,"y":-4.85,"width":250,"height":250},"5180_S1_fire1/5180_S1_fire1_00004":{"x":6.31,"y":-4.85,"width":250,"height":250},"5180_S1_fire1/5180_S1_fire1_00005":{"x":6.31,"y":-4.85,"width":250,"height":250},"5180_S1_fire1/5180_S1_fire1_00006":{"x":6.31,"y":-4.85,"width":250,"height":250},"5180_S1_fire1/5180_S1_fire1_00007":{"x":6.31,"y":-4.85,"width":250,"height":250}},"5180_S1_slash1/5180_S1_slash1_00000":{"5180_S1_slash1/5180_S1_slash1_00000":{"x":8.43,"y":-20.57,"width":250,"height":250},"5180_S1_slash1/5180_S1_slash1_00001":{"x":8.43,"y":-20.57,"width":250,"height":250},"5180_S1_slash1/5180_S1_slash1_00002":{"x":8.43,"y":-20.57,"width":250,"height":250},"5180_S1_slash1/5180_S1_slash1_00003":{"x":8.43,"y":-20.57,"width":250,"height":250},"5180_S1_slash1/5180_S1_slash1_00004":{"x":8.43,"y":-20.57,"width":250,"height":250}},"590_S2_myst1/590_S2_myst1_00014":{"590_S2_myst1/590_S2_myst1_00014":{"x":-3.33,"y":8.89,"width":144,"height":144},"590_S2_myst1/590_S2_myst1_00016":{"x":-3.33,"y":8.89,"width":144,"height":144},"590_S2_myst1/590_S2_myst1_00018":{"x":-3.33,"y":8.89,"width":144,"height":144},"590_S2_myst1/590_S2_myst1_00020":{"x":-3.33,"y":8.89,"width":144,"height":144},"590_S2_myst1/590_S2_myst1_00022":{"x":-3.33,"y":8.89,"width":144,"height":144},"590_S2_myst1/590_S2_myst1_00024":{"x":-3.33,"y":8.89,"width":144,"height":144},"590_S2_myst1/590_S2_myst1_00026":{"x":-3.33,"y":8.89,"width":144,"height":144},"590_S2_myst1/590_S2_myst1_00028":{"x":-3.33,"y":8.89,"width":144,"height":144},"590_S2_myst1/590_S2_myst1_00030":{"x":-3.33,"y":8.89,"width":144,"height":144},"590_S2_myst1/590_S2_myst1_00032":{"x":-3.33,"y":8.89,"width":144,"height":144},"590_S2_myst1/590_S2_myst1_00034":{"x":-3.33,"y":8.89,"width":144,"height":144}},"690_S2_rock1/690_S2_rock1_0":{"690_S2_rock1/690_S2_rock1_00000":{"x":1.39,"y":25.72,"width":125,"height":125},"690_S2_rock1/690_S2_rock1_00002":{"x":1.39,"y":25.72,"width":125,"height":125},"690_S2_rock1/690_S2_rock1_00004":{"x":1.39,"y":25.72,"width":125,"height":125},"690_S2_rock1/690_S2_rock1_00006":{"x":1.39,"y":25.72,"width":125,"height":125},"690_S2_rock1/690_S2_rock1_00007":{"x":1.39,"y":25.72,"width":125,"height":125},"690_S2_rock1/690_S2_rock1_00008":{"x":1.39,"y":25.72,"width":125,"height":125}},"690_S2_rock1/690_S2_rock1_00000":{"690_S2_rock1/690_S2_rock1_00000":{"x":1.39,"y":25.72,"width":125,"height":125},"690_S2_rock1/690_S2_rock1_00002":{"x":1.39,"y":25.72,"width":125,"height":125},"690_S2_rock1/690_S2_rock1_00004":{"x":1.39,"y":25.72,"width":125,"height":125},"690_S2_rock1/690_S2_rock1_00006":{"x":1.39,"y":25.72,"width":125,"height":125},"690_S2_rock1/690_S2_rock1_00007":{"x":1.39,"y":25.72,"width":125,"height":125},"690_S2_rock1/690_S2_rock1_00008":{"x":1.39,"y":25.72,"width":125,"height":125}},"9100_A5D_attack1/9100_A5D_attack1_00001":{"9100_A5D_attack1/9100_A5D_attack1_00001":{"x":3.67,"y":-0.98,"scaleX":-1,"width":225,"height":225},"9100_A5D_attack1/9100_A5D_attack1_00002":{"x":3.67,"y":-0.98,"scaleX":-1,"width":225,"height":225},"9100_A5D_attack1/9100_A5D_attack1_00004":{"x":3.67,"y":-0.98,"scaleX":-1,"width":225,"height":225},"9100_A5D_attack1/9100_A5D_attack1_00005":{"x":3.67,"y":-0.98,"scaleX":-1,"width":225,"height":225}},"9100_A5D_attack2/9100_A5D_attack2_00002":{"9100_A5D_attack2/9100_A5D_attack2_00002":{"x":-10.24,"y":-2.08,"rotation":180,"width":225,"height":225}},"9100_A5D_attack4/9100_A5D_attack4_00001":{"9100_A5D_attack4/9100_A5D_attack4_00001":{"x":0.18,"y":-0.63,"rotation":180,"width":225,"height":225},"9100_A5D_attack4/9100_A5D_attack4_00002":{"x":0.18,"y":-0.63,"rotation":180,"width":225,"height":225},"9100_A5D_attack4/9100_A5D_attack4_00003":{"x":0.18,"y":-0.63,"rotation":180,"width":225,"height":225},"9100_A5D_attack4/9100_A5D_attack4_00004":{"x":0.18,"y":-0.63,"rotation":180,"width":225,"height":225}},"9100_A5D_attack5/9100_A5D_attack5_00001":{"9100_A5D_attack5/9100_A5D_attack5_00001":{"x":-1.09,"y":-0.34,"scaleX":-1,"width":225,"height":225},"9100_A5D_attack5/9100_A5D_attack5_00002":{"x":-1.09,"y":-0.34,"scaleX":-1,"width":225,"height":225},"9100_A5D_attack5/9100_A5D_attack5_00003":{"x":-1.09,"y":-0.34,"scaleX":-1,"width":225,"height":225},"9100_A5D_attack5/9100_A5D_attack5_00004":{"x":-1.09,"y":-0.34,"scaleX":-1,"width":225,"height":225}},"DAMAGEAREA":{"DAMAGEAREA":{"type":"boundingbox","vertices":[-62.81616,-64.74547,62.58378,-63.0735,62.58378,62.32641,-63.65216,61.49043]}}}},"events":{"EFEvent":{},"EFHit":{},"EFHitEffect":{},"Sound1":{},"Sound2":{}},"animations":{"attack1":{"slots":{"5160_A3_ex1/5160_A3_ex1_00000":{"attachment":[{"time":0.3,"name":"5160_A3_ex1/5160_A3_ex1_00000"},{"time":0.3666,"name":"5160_A3_ex1/5160_A3_ex1_00002"},{"time":0.4333,"name":"5160_A3_ex1/5160_A3_ex1_00004"},{"time":0.5,"name":"5160_A3_ex1/5160_A3_ex1_00006"},{"time":0.5666,"name":"5160_A3_ex1/5160_A3_ex1_00008"},{"time":0.6,"name":"5160_A3_ex1/5160_A3_ex1_00010"},{"time":0.6666,"name":"5160_A3_ex1/5160_A3_ex1_00012"}],"color":[{"time":0.7,"color":"ffffffff"},{"time":0.8,"color":"ffffff00"}]},"5160_A3_ex1/5160_A3_ex1_0":{"attachment":[{"time":0.6666,"name":"5160_A3_ex1/5160_A3_ex1_00000"},{"time":0.7333,"name":"5160_A3_ex1/5160_A3_ex1_00002"},{"time":0.8,"name":"5160_A3_ex1/5160_A3_ex1_00004"},{"time":0.8666,"name":"5160_A3_ex1/5160_A3_ex1_00006"},{"time":0.9333,"name":"5160_A3_ex1/5160_A3_ex1_00008"},{"time":1,"name":"5160_A3_ex1/5160_A3_ex1_00010"},{"time":1.1333,"name":"5160_A3_ex1/5160_A3_ex1_00012"}],"color":[{"time":1.0333,"color":"ffffffff"},{"time":1.2666,"color":"ffffff00"}]},"5160_A3_ex1/5160_A3_ex1_1":{"attachment":[{"time":0.6666,"name":"5160_A3_ex1/5160_A3_ex1_00000"},{"time":0.7333,"name":"5160_A3_ex1/5160_A3_ex1_00002"},{"time":0.8,"name":"5160_A3_ex1/5160_A3_ex1_00004"},{"time":0.8666,"name":"5160_A3_ex1/5160_A3_ex1_00006"}],"color":[{"time":0.8,"color":"ffffffff"},{"time":0.9,"color":"ffffff00"}]},"5160_A3_ex1/5160_A3_ex1_2":{"attachment":[{"time":0.6666,"name":"5160_A3_ex1/5160_A3_ex1_00000"},{"time":0.7333,"name":"5160_A3_ex1/5160_A3_ex1_00002"}],"color":[{"time":0.7,"color":"ffffffff"},{"time":0.7666,"color":"ffffff00"}]},"5160_S2_wave1/5160_S2_wave1_00002":{"attachment":[{"time":0.6666,"name":null}]},"5160_S2_wave1/5160_S2_wave1_2":{"attachment":[{"time":0.6666,"name":null}]},"5180_S1_fire1/5180_S1_fire1_00000":{"attachment":[{"time":0.3,"name":"5180_S1_fire1/5180_S1_fire1_00000"},{"time":0.3333,"name":"5180_S1_fire1/5180_S1_fire1_00001"},{"time":0.3666,"name":"5180_S1_fire1/5180_S1_fire1_00002"},{"time":0.4,"name":"5180_S1_fire1/5180_S1_fire1_00003"},{"time":0.4333,"name":"5180_S1_fire1/5180_S1_fire1_00004"},{"time":0.4666,"name":"5180_S1_fire1/5180_S1_fire1_00005"},{"time":0.5,"name":"5180_S1_fire1/5180_S1_fire1_00006"},{"time":0.5333,"name":"5180_S1_fire1/5180_S1_fire1_00007"},{"time":0.5666,"name":null},{"time":0.6666,"name":"5180_S1_fire1/5180_S1_fire1_00000"},{"time":0.7,"name":"5180_S1_fire1/5180_S1_fire1_00001"},{"time":0.7333,"name":"5180_S1_fire1/5180_S1_fire1_00002"},{"time":0.7666,"name":"5180_S1_fire1/5180_S1_fire1_00003"},{"time":0.8,"name":"5180_S1_fire1/5180_S1_fire1_00004"},{"time":0.8333,"name":"5180_S1_fire1/5180_S1_fire1_00005"},{"time":0.8666,"name":"5180_S1_fire1/5180_S1_fire1_00006"},{"time":0.9,"name":"5180_S1_fire1/5180_S1_fire1_00007"},{"time":0.9333,"name":null}]},"5180_S1_slash1/5180_S1_slash1_00000":{"attachment":[{"time":0.3,"name":"5180_S1_slash1/5180_S1_slash1_00000"},{"time":0.3333,"name":"5180_S1_slash1/5180_S1_slash1_00001"},{"time":0.3666,"name":"5180_S1_slash1/5180_S1_slash1_00002"},{"time":0.4,"name":"5180_S1_slash1/5180_S1_slash1_00003"},{"time":0.4333,"name":"5180_S1_slash1/5180_S1_slash1_00004"},{"time":0.4666,"name":null}]},"590_S2_myst1/590_S2_myst1_00014":{"attachment":[{"time":0.7,"name":"590_S2_myst1/590_S2_myst1_00014"},{"time":0.7333,"name":"590_S2_myst1/590_S2_myst1_00016"},{"time":0.7666,"name":"590_S2_myst1/590_S2_myst1_00018"},{"time":0.8,"name":"590_S2_myst1/590_S2_myst1_00020"},{"time":0.8333,"name":"590_S2_myst1/590_S2_myst1_00022"},{"time":0.8666,"name":"590_S2_myst1/590_S2_myst1_00024"},{"time":0.9,"name":"590_S2_myst1/590_S2_myst1_00026"},{"time":0.9333,"name":"590_S2_myst1/590_S2_myst1_00028"},{"time":0.9666,"name":"590_S2_myst1/590_S2_myst1_00030"},{"time":1,"name":"590_S2_myst1/590_S2_myst1_00032"},{"time":1.0333,"name":"590_S2_myst1/590_S2_myst1_00034"}],"color":[{"time":0.7,"color":"ffffff00"},{"time":0.8,"color":"ffffff76","curve":"stepped"},{"time":0.9666,"color":"ffffff76"},{"time":1.0666,"color":"ffffff00"}]},"690_S2_rock1/690_S2_rock1_00000":{"attachment":[{"time":0.3,"name":"690_S2_rock1/690_S2_rock1_00000"},{"time":0.3333,"name":"690_S2_rock1/690_S2_rock1_00002"},{"time":0.3666,"name":"690_S2_rock1/690_S2_rock1_00004"},{"time":0.4,"name":"690_S2_rock1/690_S2_rock1_00006"},{"time":0.4333,"name":"690_S2_rock1/690_S2_rock1_00007"},{"time":0.4666,"name":"690_S2_rock1/690_S2_rock1_00008"},{"time":0.5,"name":null},{"time":0.6666,"name":"690_S2_rock1/690_S2_rock1_00000"},{"time":0.7,"name":"690_S2_rock1/690_S2_rock1_00002"},{"time":0.7333,"name":"690_S2_rock1/690_S2_rock1_00004"},{"time":0.7666,"name":"690_S2_rock1/690_S2_rock1_00006"},{"time":0.8,"name":"690_S2_rock1/690_S2_rock1_00007"},{"time":0.8333,"name":"690_S2_rock1/690_S2_rock1_00008"},{"time":0.8666,"name":null}]},"690_S2_rock1/690_S2_rock1_0":{"attachment":[{"time":0.7333,"name":"690_S2_rock1/690_S2_rock1_00000"},{"time":0.7666,"name":"690_S2_rock1/690_S2_rock1_00002"},{"time":0.8,"name":"690_S2_rock1/690_S2_rock1_00004"},{"time":0.8333,"name":"690_S2_rock1/690_S2_rock1_00006"},{"time":0.8666,"name":"690_S2_rock1/690_S2_rock1_00007"},{"time":0.9,"name":"690_S2_rock1/690_S2_rock1_00008"},{"time":0.9333,"name":null}]},"9100_A5D_attack1/9100_A5D_attack1_00001":{"attachment":[{"time":0.6666,"name":"9100_A5D_attack1/9100_A5D_attack1_00001"},{"time":0.7,"name":"9100_A5D_attack1/9100_A5D_attack1_00002"},{"time":0.7333,"name":"9100_A5D_attack1/9100_A5D_attack1_00004"},{"time":0.7666,"name":"9100_A5D_attack1/9100_A5D_attack1_00005"},{"time":0.8,"name":null}]},"9100_A5D_attack2/9100_A5D_attack2_00002":{"attachment":[{"time":0.3,"name":"9100_A5D_attack2/9100_A5D_attack2_00002"},{"time":0.3666,"name":null},{"time":0.6666,"name":"9100_A5D_attack2/9100_A5D_attack2_00002"},{"time":0.7333,"name":null}]},"9100_A5D_attack4/9100_A5D_attack4_00001":{"attachment":[{"time":0.6666,"name":"9100_A5D_attack4/9100_A5D_attack4_00001"},{"time":0.7,"name":"9100_A5D_attack4/9100_A5D_attack4_00002"},{"time":0.7333,"name":"9100_A5D_attack4/9100_A5D_attack4_00003"},{"time":0.7666,"name":"9100_A5D_attack4/9100_A5D_attack4_00004"},{"time":0.8333,"name":null}]},"9100_A5D_attack5/9100_A5D_attack5_00001":{"attachment":[{"time":0.6666,"name":"9100_A5D_attack5/9100_A5D_attack5_00001"},{"time":0.7,"name":"9100_A5D_attack5/9100_A5D_attack5_00002"},{"time":0.7333,"name":"9100_A5D_attack5/9100_A5D_attack5_00003"},{"time":0.7666,"name":"9100_A5D_attack5/9100_A5D_attack5_00004"},{"time":0.8333,"name":null}]},"DAMAGEAREA":{"attachment":[{"time":0.3,"name":"DAMAGEAREA"},{"time":0.4666,"name":null},{"time":0.6666,"name":"DAMAGEAREA"},{"time":0.8666,"name":null}]}},"bones":{"S1,2_ex1":{"translate":[{"time":0.3,"x":-1215.62,"y":32.28}],"scale":[{"time":0.3,"x":1.498,"y":1.498,"curve":"stepped"},{"time":0.7,"x":1.498,"y":1.498},{"time":0.8,"x":1.497,"y":1.497}]},"S1,2_ex2":{"translate":[{"time":0.6666,"x":-1211.49,"y":106.52}],"scale":[{"time":0.6666,"x":2.163,"y":2.163,"curve":"stepped"},{"time":1.0333,"x":2.163,"y":2.163},{"time":1.2666,"x":2.316,"y":2.163}]},"S1_fire":{"rotate":[{"time":0.3,"angle":0}],"translate":[{"time":0.3,"x":-803.76,"y":-374.84,"curve":"stepped"},{"time":0.6666,"x":-691.34,"y":-301.16}],"scale":[{"time":0.3,"x":1.843,"y":1.843,"curve":"stepped"},{"time":0.6666,"x":2.325,"y":2.325}]},"S1_slash":{"rotate":[{"time":0.3,"angle":0}],"translate":[{"time":0.3,"x":-878.29,"y":-378.59}],"scale":[{"time":0.3,"x":1.6,"y":1.6}]},"S2_myst":{"translate":[{"time":0.7,"x":-774.05,"y":-271.15}],"scale":[{"time":0.7,"x":0.639,"y":0.639},{"time":1.0666,"x":0.739,"y":0.739}]},"S1_rock":{"translate":[{"time":0.3,"x":-1061.3,"y":-483.39,"curve":"stepped"},{"time":0.6666,"x":-1068.81,"y":-485.29}],"scale":[{"time":0.3,"x":1.501,"y":1.501,"curve":"stepped"},{"time":0.6666,"x":1.901,"y":1.901}]},"S1_rock2":{"translate":[{"time":0.7333,"x":-1030.37,"y":-424.17}],"scale":[{"time":0.7333,"x":1.854,"y":1.854}]},"S1,2_attackA":{"rotate":[{"time":0.6666,"angle":36.64}],"translate":[{"time":0.6666,"x":-614.11,"y":85.17},{"time":0.7,"x":-633.96,"y":66.62}],"scale":[{"time":0.6666,"x":2.284,"y":2.284}]},"S1_attack":{"rotate":[{"time":0.3,"angle":36.9,"curve":"stepped"},{"time":0.6666,"angle":37.7}],"translate":[{"time":0.3,"x":-594.65,"y":-472.91,"curve":"stepped"},{"time":0.6666,"x":-635.15,"y":-482.45}],"scale":[{"time":0.3,"x":1.999,"y":1.999},{"time":0.3666,"x":1.999,"y":0.192,"curve":"stepped"},{"time":0.6666,"x":1.999,"y":1.999},{"time":0.7,"x":1.999,"y":0.27}]},"S1,2_attackD":{"rotate":[{"time":0.6666,"angle":43.57}],"translate":[{"time":0.6666,"x":-744.59,"y":177.43}],"scale":[{"time":0.6666,"x":1.599,"y":1.599}]},"S1,2_attackE":{"rotate":[{"time":0.6666,"angle":44.19}],"translate":[{"time":0.6666,"x":-824.21,"y":236.69}],"scale":[{"time":0.6666,"x":2.447,"y":2.447}]},"root":{"rotate":[{"time":0.3,"angle":0,"curve":"stepped"},{"time":0.3666,"angle":0}],"translate":[{"time":0.3,"x":0,"y":0,"curve":"stepped"},{"time":0.3666,"x":0,"y":0}],"scale":[{"time":0.3,"x":1,"y":1,"curve":"stepped"},{"time":0.3666,"x":1,"y":1}]},"DAMAGEAREA":{"translate":[{"time":0.3,"x":-256.09,"y":94.73,"curve":"stepped"},{"time":0.6666,"x":-352.91,"y":94.73}],"scale":[{"time":0.3,"x":4.05,"y":1.468}]}},"events":[{"time":0,"name":"EFEvent","float":0.1,"string":"kHitStopType_normal"},{"time":0.3,"name":"EFEvent","string":"shakeGround"},{"time":0.3666,"name":"EFHit","string":"resetHitList"},{"time":0.5666,"name":"EFEvent","float":0.25,"string":"kHitStopType_normal"},{"time":0.6666,"name":"EFEvent","string":"shakeGround"},{"time":0.6666,"name":"EFHit","string":"resetHitList"}]}}}