{"skeleton":{"hash":"nOrwiK4reSZSgCt5yhH4Rwp81Xc","spine":"3.0.12","width":0,"height":0,"images":"./images/"},"bones":[{"name":"root"},{"name":"MAIN","parent":"root"},{"name":"S2_line2_00","parent":"MAIN","x":698.28,"y":-620.62,"color":"2bff00ff"},{"name":"S2_line1_04","parent":"MAIN","x":1616.99,"y":-428.13,"color":"2bff00ff"},{"name":"S2_line1_03","parent":"MAIN","x":1490.24,"y":-428.13,"color":"2bff00ff"},{"name":"S2_line1_02","parent":"MAIN","x":1490.24,"y":-428.13,"color":"2bff00ff"},{"name":"S2_line1_01","parent":"MAIN","x":1424.75,"y":-428.13,"color":"2bff00ff"},{"name":"S2_line1_00","parent":"MAIN","x":1364.26,"y":-428.13,"color":"2bff00ff"},{"name":"S2_ene1_00","parent":"MAIN","x":2196.01,"y":-756.51,"color":"2bff00ff"},{"name":"S1_ex1_09","parent":"MAIN","x":1239.43,"y":-515.23,"scaleX":1.1,"scaleY":1.1,"color":"000fffff"},{"name":"S1_ex1_08","parent":"MAIN","x":1111.37,"y":-515.23,"scaleX":1.1,"scaleY":1.1,"color":"000fffff"},{"name":"S1_ex1_07","parent":"MAIN","x":982.64,"y":-515.23,"scaleX":1.1,"scaleY":1.1,"color":"000fffff"},{"name":"S1_ex1_06","parent":"MAIN","x":851.24,"y":-515.23,"scaleX":1.1,"scaleY":1.1,"color":"000fffff"},{"name":"S1_ex1_05","parent":"MAIN","x":724.51,"y":-515.23,"scaleX":1.1,"scaleY":1.1,"color":"000fffff"},{"name":"S1_ex1_04","parent":"MAIN","x":724.51,"y":-422.51,"scaleX":1.101,"scaleY":1.101,"color":"000fffff"},{"name":"S1_ex1_03","parent":"MAIN","x":724.51,"y":-422.51,"scaleX":1.101,"scaleY":1.101,"color":"000fffff"},{"name":"S1_ex1_02","parent":"MAIN","x":724.51,"y":-422.51,"scaleX":1.101,"scaleY":1.101,"color":"000fffff"},{"name":"S1_ex1_01","parent":"MAIN","x":724.51,"y":-422.51,"scaleX":1.101,"scaleY":1.101,"color":"000fffff"},{"name":"S1_ex1_00","parent":"MAIN","x":724.51,"y":-422.51,"scaleX":1.101,"scaleY":1.101,"color":"000fffff"},{"name":"A1_sword_04","parent":"MAIN","x":1543.07,"y":3.67,"rotation":-90,"color":"ff0c00ff"},{"name":"A1_sword_03","parent":"MAIN","x":1151.59,"y":3.67,"rotation":-90,"color":"ff0c00ff"},{"name":"A1_sword_02","parent":"MAIN","x":1151.59,"y":3.67,"rotation":-90,"color":"ff0c00ff"},{"name":"A1_sword_01","parent":"MAIN","x":960.6,"y":3.67,"rotation":-90,"color":"ff0c00ff"},{"name":"A1_sword_00","parent":"MAIN","x":767.68,"y":3.67,"rotation":-90,"color":"ff0c00ff"},{"name":"DAMAGEAREA","parent":"root"}],"slots":[{"name":"A1_sword1b_00","bone":"A1_sword_00"},{"name":"A1_sword1b_01","bone":"A1_sword_01"},{"name":"A1_sword1b_02","bone":"A1_sword_02"},{"name":"A1_sword1b_03","bone":"A1_sword_03"},{"name":"A1_sword1b_04","bone":"A1_sword_04"},{"name":"A1_sword2b_00","bone":"A1_sword_00"},{"name":"A1_sword2b_01","bone":"A1_sword_01"},{"name":"A1_sword2b_02","bone":"A1_sword_02"},{"name":"A1_sword2b_03","bone":"A1_sword_03"},{"name":"A1_sword2b_04","bone":"A1_sword_04"},{"name":"A1_sword2_00","bone":"A1_sword_00"},{"name":"A1_sword2_01","bone":"A1_sword_01"},{"name":"A1_sword2_02","bone":"A1_sword_02"},{"name":"A1_sword2_03","bone":"A1_sword_03"},{"name":"A1_sword2_04","bone":"A1_sword_04"},{"name":"A1_sword1_00","bone":"A1_sword_00"},{"name":"A1_sword1_01","bone":"A1_sword_01"},{"name":"A1_sword1_02","bone":"A1_sword_02"},{"name":"A1_sword1_03","bone":"A1_sword_03"},{"name":"A1_sword1_04","bone":"A1_sword_04"},{"name":"S2_line2_00","bone":"S2_line2_00","blend":"additive"},{"name":"S2_line1_00","bone":"S2_line1_00","blend":"additive"},{"name":"S2_line1_01","bone":"S2_line1_01","blend":"additive"},{"name":"S2_line1_02","bone":"S2_line1_02","blend":"additive"},{"name":"S2_line1_03","bone":"S2_line1_03","blend":"additive"},{"name":"S2_line1_04","bone":"S2_line1_04","blend":"additive"},{"name":"S2_ene1_00","bone":"S2_ene1_00","blend":"additive"},{"name":"S1_ex1_00","bone":"S1_ex1_00","blend":"additive"},{"name":"S1_ex1_01","bone":"S1_ex1_01","blend":"additive"},{"name":"S1_ex1_02","bone":"S1_ex1_02","blend":"additive"},{"name":"S1_ex1_03","bone":"S1_ex1_03","blend":"additive"},{"name":"S1_ex1_04","bone":"S1_ex1_04","blend":"additive"},{"name":"S1_ex1_05","bone":"S1_ex1_05","blend":"additive"},{"name":"S1_ex1_06","bone":"S1_ex1_06","blend":"additive"},{"name":"S1_ex1_07","bone":"S1_ex1_07","blend":"additive"},{"name":"S1_ex1_08","bone":"S1_ex1_08","blend":"additive"},{"name":"S1_ex1_09","bone":"S1_ex1_09","blend":"additive"},{"name":"DAMAGEAREA","bone":"DAMAGEAREA"}],"skins":{"default":{"A1_sword1_00":{"EF/490_A1_sword1/490_A1_sword1_00016":{"x":-0.5,"y":-47.72,"width":383,"height":383}},"A1_sword1_01":{"EF/490_A1_sword1/490_A1_sword1_00016":{"x":-0.5,"y":-47.72,"width":383,"height":383}},"A1_sword1_02":{"EF/490_A1_sword1/490_A1_sword1_00016":{"x":-0.5,"y":-47.72,"width":383,"height":383}},"A1_sword1_03":{"EF/490_A1_sword1/490_A1_sword1_00016":{"x":-0.5,"y":-47.72,"width":383,"height":383}},"A1_sword1_04":{"EF/490_A1_sword1/490_A1_sword1_00016":{"x":-0.5,"y":-47.72,"width":383,"height":383}},"A1_sword1b_00":{"EF/490_A1_sword2b/490_A1_sword1b_00000":{"x":-0.5,"y":-47.72,"width":383,"height":383}},"A1_sword1b_01":{"EF/490_A1_sword2b/490_A1_sword1b_00000":{"x":-0.5,"y":-47.72,"width":383,"height":383}},"A1_sword1b_02":{"EF/490_A1_sword2b/490_A1_sword1b_00000":{"x":-0.5,"y":-47.72,"width":383,"height":383}},"A1_sword1b_03":{"EF/490_A1_sword2b/490_A1_sword1b_00000":{"x":-0.5,"y":-47.72,"width":383,"height":383}},"A1_sword1b_04":{"EF/490_A1_sword2b/490_A1_sword1b_00000":{"x":-0.5,"y":-47.72,"width":383,"height":383}},"A1_sword2_00":{"EF/490_A1_sword2/490_A1_sword2_00016":{"x":-0.5,"y":-47.72,"width":383,"height":383}},"A1_sword2_01":{"EF/490_A1_sword2/490_A1_sword2_00016":{"x":-0.5,"y":-47.72,"width":383,"height":383}},"A1_sword2_02":{"EF/490_A1_sword2/490_A1_sword2_00016":{"x":-0.5,"y":-47.72,"width":383,"height":383}},"A1_sword2_03":{"EF/490_A1_sword2/490_A1_sword2_00016":{"x":-0.5,"y":-47.72,"width":383,"height":383}},"A1_sword2_04":{"EF/490_A1_sword2/490_A1_sword2_00016":{"x":-0.5,"y":-47.72,"width":383,"height":383}},"A1_sword2b_00":{"EF/490_A1_sword1b/490_A1_sword2b_00000":{"x":-0.5,"y":-47.72,"width":383,"height":383}},"A1_sword2b_01":{"EF/490_A1_sword1b/490_A1_sword2b_00000":{"x":-0.5,"y":-47.72,"width":383,"height":383}},"A1_sword2b_02":{"EF/490_A1_sword1b/490_A1_sword2b_00000":{"x":-0.5,"y":-47.72,"width":383,"height":383}},"A1_sword2b_03":{"EF/490_A1_sword1b/490_A1_sword2b_00000":{"x":-0.5,"y":-47.72,"width":383,"height":383}},"A1_sword2b_04":{"EF/490_A1_sword1b/490_A1_sword2b_00000":{"x":-0.5,"y":-47.72,"width":383,"height":383}},"DAMAGEAREA":{"DAMAGEAREA":{"type":"boundingbox","vertices":[-98.77682,97.55268,-98.77682,-97.72931,98.21518,-97.72931,97.87317,97.55268]}},"S1_ex1_00":{"EF/490_S1_ex1/490_S1_ex1_00000":{"x":-3.45,"y":35.67,"width":149,"height":95},"EF/490_S1_ex1/490_S1_ex1_00002":{"x":-3.45,"y":35.67,"width":149,"height":95},"EF/490_S1_ex1/490_S1_ex1_00003":{"x":-3.45,"y":35.67,"width":149,"height":95},"EF/490_S1_ex1/490_S1_ex1_00004":{"x":-3.45,"y":35.67,"width":149,"height":95},"EF/490_S1_ex1/490_S1_ex1_00005":{"x":-3.45,"y":35.67,"width":149,"height":95},"EF/490_S1_ex1/490_S1_ex1_00007":{"x":-3.45,"y":35.67,"width":149,"height":95},"EF/490_S1_ex1/490_S1_ex1_00008":{"x":-3.45,"y":35.67,"width":149,"height":95},"EF/490_S1_ex1/490_S1_ex1_00009":{"x":-3.45,"y":35.67,"width":149,"height":95},"EF/490_S1_ex1/490_S1_ex1_00010":{"x":-3.45,"y":35.67,"width":149,"height":95},"EF/490_S1_ex1/490_S1_ex1_00011":{"x":-3.45,"y":35.67,"width":149,"height":95},"EF/490_S1_ex1/490_S1_ex1_00013":{"x":-3.45,"y":35.67,"width":149,"height":95}},"S1_ex1_01":{"EF/490_S1_ex1/490_S1_ex1_00000":{"x":-3.45,"y":35.67,"width":149,"height":95},"EF/490_S1_ex1/490_S1_ex1_00002":{"x":-3.45,"y":35.67,"width":149,"height":95},"EF/490_S1_ex1/490_S1_ex1_00003":{"x":-3.45,"y":35.67,"width":149,"height":95},"EF/490_S1_ex1/490_S1_ex1_00004":{"x":-3.45,"y":35.67,"width":149,"height":95},"EF/490_S1_ex1/490_S1_ex1_00005":{"x":-3.45,"y":35.67,"width":149,"height":95},"EF/490_S1_ex1/490_S1_ex1_00007":{"x":-3.45,"y":35.67,"width":149,"height":95},"EF/490_S1_ex1/490_S1_ex1_00008":{"x":-3.45,"y":35.67,"width":149,"height":95},"EF/490_S1_ex1/490_S1_ex1_00009":{"x":-3.45,"y":35.67,"width":149,"height":95},"EF/490_S1_ex1/490_S1_ex1_00010":{"x":-3.45,"y":35.67,"width":149,"height":95},"EF/490_S1_ex1/490_S1_ex1_00011":{"x":-3.45,"y":35.67,"width":149,"height":95},"EF/490_S1_ex1/490_S1_ex1_00013":{"x":-3.45,"y":35.67,"width":149,"height":95}},"S1_ex1_02":{"EF/490_S1_ex1/490_S1_ex1_00000":{"x":-3.45,"y":35.67,"width":149,"height":95},"EF/490_S1_ex1/490_S1_ex1_00002":{"x":-3.45,"y":35.67,"width":149,"height":95},"EF/490_S1_ex1/490_S1_ex1_00003":{"x":-3.45,"y":35.67,"width":149,"height":95},"EF/490_S1_ex1/490_S1_ex1_00004":{"x":-3.45,"y":35.67,"width":149,"height":95},"EF/490_S1_ex1/490_S1_ex1_00005":{"x":-3.45,"y":35.67,"width":149,"height":95},"EF/490_S1_ex1/490_S1_ex1_00007":{"x":-3.45,"y":35.67,"width":149,"height":95},"EF/490_S1_ex1/490_S1_ex1_00008":{"x":-3.45,"y":35.67,"width":149,"height":95},"EF/490_S1_ex1/490_S1_ex1_00009":{"x":-3.45,"y":35.67,"width":149,"height":95},"EF/490_S1_ex1/490_S1_ex1_00010":{"x":-3.45,"y":35.67,"width":149,"height":95},"EF/490_S1_ex1/490_S1_ex1_00011":{"x":-3.45,"y":35.67,"width":149,"height":95},"EF/490_S1_ex1/490_S1_ex1_00013":{"x":-3.45,"y":35.67,"width":149,"height":95}},"S1_ex1_03":{"EF/490_S1_ex1/490_S1_ex1_00000":{"x":-3.45,"y":35.67,"width":149,"height":95},"EF/490_S1_ex1/490_S1_ex1_00002":{"x":-3.45,"y":35.67,"width":149,"height":95},"EF/490_S1_ex1/490_S1_ex1_00003":{"x":-3.45,"y":35.67,"width":149,"height":95},"EF/490_S1_ex1/490_S1_ex1_00004":{"x":-3.45,"y":35.67,"width":149,"height":95},"EF/490_S1_ex1/490_S1_ex1_00005":{"x":-3.45,"y":35.67,"width":149,"height":95},"EF/490_S1_ex1/490_S1_ex1_00007":{"x":-3.45,"y":35.67,"width":149,"height":95},"EF/490_S1_ex1/490_S1_ex1_00008":{"x":-3.45,"y":35.67,"width":149,"height":95},"EF/490_S1_ex1/490_S1_ex1_00009":{"x":-3.45,"y":35.67,"width":149,"height":95},"EF/490_S1_ex1/490_S1_ex1_00010":{"x":-3.45,"y":35.67,"width":149,"height":95},"EF/490_S1_ex1/490_S1_ex1_00011":{"x":-3.45,"y":35.67,"width":149,"height":95},"EF/490_S1_ex1/490_S1_ex1_00013":{"x":-3.45,"y":35.67,"width":149,"height":95}},"S1_ex1_04":{"EF/490_S1_ex1/490_S1_ex1_00000":{"x":-3.45,"y":35.67,"width":149,"height":95},"EF/490_S1_ex1/490_S1_ex1_00002":{"x":-3.45,"y":35.67,"width":149,"height":95},"EF/490_S1_ex1/490_S1_ex1_00003":{"x":-3.45,"y":35.67,"width":149,"height":95},"EF/490_S1_ex1/490_S1_ex1_00004":{"x":-3.45,"y":35.67,"width":149,"height":95},"EF/490_S1_ex1/490_S1_ex1_00005":{"x":-3.45,"y":35.67,"width":149,"height":95},"EF/490_S1_ex1/490_S1_ex1_00007":{"x":-3.45,"y":35.67,"width":149,"height":95},"EF/490_S1_ex1/490_S1_ex1_00008":{"x":-3.45,"y":35.67,"width":149,"height":95},"EF/490_S1_ex1/490_S1_ex1_00009":{"x":-3.45,"y":35.67,"width":149,"height":95},"EF/490_S1_ex1/490_S1_ex1_00010":{"x":-3.45,"y":35.67,"width":149,"height":95},"EF/490_S1_ex1/490_S1_ex1_00011":{"x":-3.45,"y":35.67,"width":149,"height":95},"EF/490_S1_ex1/490_S1_ex1_00013":{"x":-3.45,"y":35.67,"width":149,"height":95}},"S1_ex1_05":{"EF/490_S1_ex1/490_S1_ex1_00000":{"x":-3.45,"y":35.67,"width":149,"height":95},"EF/490_S1_ex1/490_S1_ex1_00002":{"x":-3.45,"y":35.67,"width":149,"height":95},"EF/490_S1_ex1/490_S1_ex1_00003":{"x":-3.45,"y":35.67,"width":149,"height":95},"EF/490_S1_ex1/490_S1_ex1_00004":{"x":-3.45,"y":35.67,"width":149,"height":95},"EF/490_S1_ex1/490_S1_ex1_00005":{"x":-3.45,"y":35.67,"width":149,"height":95},"EF/490_S1_ex1/490_S1_ex1_00007":{"x":-3.45,"y":35.67,"width":149,"height":95},"EF/490_S1_ex1/490_S1_ex1_00008":{"x":-3.45,"y":35.67,"width":149,"height":95},"EF/490_S1_ex1/490_S1_ex1_00009":{"x":-3.45,"y":35.67,"width":149,"height":95},"EF/490_S1_ex1/490_S1_ex1_00010":{"x":-3.45,"y":35.67,"width":149,"height":95},"EF/490_S1_ex1/490_S1_ex1_00011":{"x":-3.45,"y":35.67,"width":149,"height":95},"EF/490_S1_ex1/490_S1_ex1_00013":{"x":-3.45,"y":35.67,"width":149,"height":95}},"S1_ex1_06":{"EF/490_S1_ex1/490_S1_ex1_00000":{"x":-3.45,"y":35.67,"width":149,"height":95},"EF/490_S1_ex1/490_S1_ex1_00002":{"x":-3.45,"y":35.67,"width":149,"height":95},"EF/490_S1_ex1/490_S1_ex1_00003":{"x":-3.45,"y":35.67,"width":149,"height":95},"EF/490_S1_ex1/490_S1_ex1_00004":{"x":-3.45,"y":35.67,"width":149,"height":95},"EF/490_S1_ex1/490_S1_ex1_00005":{"x":-3.45,"y":35.67,"width":149,"height":95},"EF/490_S1_ex1/490_S1_ex1_00007":{"x":-3.45,"y":35.67,"width":149,"height":95},"EF/490_S1_ex1/490_S1_ex1_00008":{"x":-3.45,"y":35.67,"width":149,"height":95},"EF/490_S1_ex1/490_S1_ex1_00009":{"x":-3.45,"y":35.67,"width":149,"height":95},"EF/490_S1_ex1/490_S1_ex1_00010":{"x":-3.45,"y":35.67,"width":149,"height":95},"EF/490_S1_ex1/490_S1_ex1_00011":{"x":-3.45,"y":35.67,"width":149,"height":95},"EF/490_S1_ex1/490_S1_ex1_00013":{"x":-3.45,"y":35.67,"width":149,"height":95}},"S1_ex1_07":{"EF/490_S1_ex1/490_S1_ex1_00000":{"x":-3.45,"y":35.67,"width":149,"height":95},"EF/490_S1_ex1/490_S1_ex1_00002":{"x":-3.45,"y":35.67,"width":149,"height":95},"EF/490_S1_ex1/490_S1_ex1_00003":{"x":-3.45,"y":35.67,"width":149,"height":95},"EF/490_S1_ex1/490_S1_ex1_00004":{"x":-3.45,"y":35.67,"width":149,"height":95},"EF/490_S1_ex1/490_S1_ex1_00005":{"x":-3.45,"y":35.67,"width":149,"height":95},"EF/490_S1_ex1/490_S1_ex1_00007":{"x":-3.45,"y":35.67,"width":149,"height":95},"EF/490_S1_ex1/490_S1_ex1_00008":{"x":-3.45,"y":35.67,"width":149,"height":95},"EF/490_S1_ex1/490_S1_ex1_00009":{"x":-3.45,"y":35.67,"width":149,"height":95},"EF/490_S1_ex1/490_S1_ex1_00010":{"x":-3.45,"y":35.67,"width":149,"height":95},"EF/490_S1_ex1/490_S1_ex1_00011":{"x":-3.45,"y":35.67,"width":149,"height":95},"EF/490_S1_ex1/490_S1_ex1_00013":{"x":-3.45,"y":35.67,"width":149,"height":95}},"S1_ex1_08":{"EF/490_S1_ex1/490_S1_ex1_00000":{"x":-3.45,"y":35.67,"width":149,"height":95},"EF/490_S1_ex1/490_S1_ex1_00002":{"x":-3.45,"y":35.67,"width":149,"height":95},"EF/490_S1_ex1/490_S1_ex1_00003":{"x":-3.45,"y":35.67,"width":149,"height":95},"EF/490_S1_ex1/490_S1_ex1_00004":{"x":-3.45,"y":35.67,"width":149,"height":95},"EF/490_S1_ex1/490_S1_ex1_00005":{"x":-3.45,"y":35.67,"width":149,"height":95},"EF/490_S1_ex1/490_S1_ex1_00007":{"x":-3.45,"y":35.67,"width":149,"height":95},"EF/490_S1_ex1/490_S1_ex1_00008":{"x":-3.45,"y":35.67,"width":149,"height":95},"EF/490_S1_ex1/490_S1_ex1_00009":{"x":-3.45,"y":35.67,"width":149,"height":95},"EF/490_S1_ex1/490_S1_ex1_00010":{"x":-3.45,"y":35.67,"width":149,"height":95},"EF/490_S1_ex1/490_S1_ex1_00011":{"x":-3.45,"y":35.67,"width":149,"height":95},"EF/490_S1_ex1/490_S1_ex1_00013":{"x":-3.45,"y":35.67,"width":149,"height":95}},"S1_ex1_09":{"EF/490_S1_ex1/490_S1_ex1_00000":{"x":-3.45,"y":35.67,"width":149,"height":95},"EF/490_S1_ex1/490_S1_ex1_00002":{"x":-3.45,"y":35.67,"width":149,"height":95},"EF/490_S1_ex1/490_S1_ex1_00003":{"x":-3.45,"y":35.67,"width":149,"height":95},"EF/490_S1_ex1/490_S1_ex1_00004":{"x":-3.45,"y":35.67,"width":149,"height":95},"EF/490_S1_ex1/490_S1_ex1_00005":{"x":-3.45,"y":35.67,"width":149,"height":95},"EF/490_S1_ex1/490_S1_ex1_00007":{"x":-3.45,"y":35.67,"width":149,"height":95},"EF/490_S1_ex1/490_S1_ex1_00008":{"x":-3.45,"y":35.67,"width":149,"height":95},"EF/490_S1_ex1/490_S1_ex1_00009":{"x":-3.45,"y":35.67,"width":149,"height":95},"EF/490_S1_ex1/490_S1_ex1_00010":{"x":-3.45,"y":35.67,"width":149,"height":95},"EF/490_S1_ex1/490_S1_ex1_00011":{"x":-3.45,"y":35.67,"width":149,"height":95},"EF/490_S1_ex1/490_S1_ex1_00013":{"x":-3.45,"y":35.67,"width":149,"height":95}},"S2_ene1_00":{"EF/490_S2_ene1/490_S2_ene1_00005":{"x":-0.4,"y":0.43,"width":104,"height":88},"EF/490_S2_ene1/490_S2_ene1_00006":{"x":-0.4,"y":0.43,"width":104,"height":88},"EF/490_S2_ene1/490_S2_ene1_00007":{"x":-0.4,"y":0.43,"width":104,"height":88}},"S2_line1_00":{"EF/490_S2_line1/490_S2_line1_00000":{"x":0.45,"y":7.67,"width":27,"height":255}},"S2_line1_01":{"EF/490_S2_line1/490_S2_line1_00000":{"x":0.45,"y":7.67,"width":27,"height":255}},"S2_line1_02":{"EF/490_S2_line1/490_S2_line1_00000":{"x":0.45,"y":7.67,"width":27,"height":255}},"S2_line1_03":{"EF/490_S2_line1/490_S2_line1_00000":{"x":0.45,"y":7.67,"width":27,"height":255}},"S2_line1_04":{"EF/490_S2_line1/490_S2_line1_00000":{"x":0.45,"y":7.67,"width":27,"height":255}},"S2_line2_00":{"EF/490_S2_line2/490_S2_line2_00000":{"x":6.72,"y":-148.8,"width":76,"height":311}}}},"events":{"EFEvent":{},"EFEvent2":{"string":"setHitEffect(hit07e, 1)"},"EFHit":{},"EFHitEffect":{},"EFView":{},"Sound1":{},"Sound2":{},"Sound3":{}},"animations":{"attack1":{"slots":{"A1_sword1_00":{"attachment":[{"time":0.0666,"name":"EF/490_A1_sword1/490_A1_sword1_00016"},{"time":0.2,"name":null},{"time":0.2333,"name":"EF/490_A1_sword1/490_A1_sword1_00016"},{"time":0.3666,"name":null},{"time":0.4,"name":"EF/490_A1_sword1/490_A1_sword1_00016"},{"time":0.5333,"name":null},{"time":0.5666,"name":"EF/490_A1_sword1/490_A1_sword1_00016"},{"time":0.7,"name":null},{"time":0.7333,"name":"EF/490_A1_sword1/490_A1_sword1_00016"},{"time":0.8666,"name":null},{"time":0.9,"name":"EF/490_A1_sword1/490_A1_sword1_00016"},{"time":1.0333,"name":null},{"time":1.3333,"name":"EF/490_A1_sword1/490_A1_sword1_00016"},{"time":1.4,"name":null}]},"A1_sword1_01":{"attachment":[{"time":0.1,"name":"EF/490_A1_sword1/490_A1_sword1_00016"},{"time":0.2333,"name":null},{"time":0.2666,"name":"EF/490_A1_sword1/490_A1_sword1_00016"},{"time":0.4,"name":null},{"time":0.4333,"name":"EF/490_A1_sword1/490_A1_sword1_00016"},{"time":0.5666,"name":null},{"time":0.6,"name":"EF/490_A1_sword1/490_A1_sword1_00016"},{"time":0.7333,"name":null},{"time":0.7666,"name":"EF/490_A1_sword1/490_A1_sword1_00016"},{"time":0.9,"name":null},{"time":0.9333,"name":"EF/490_A1_sword1/490_A1_sword1_00016"},{"time":1.0666,"name":null}]},"A1_sword1_02":{"attachment":[{"time":0.1666,"name":"EF/490_A1_sword1/490_A1_sword1_00016"},{"time":0.3,"name":null},{"time":0.3333,"name":"EF/490_A1_sword1/490_A1_sword1_00016"},{"time":0.4666,"name":null},{"time":0.5,"name":"EF/490_A1_sword1/490_A1_sword1_00016"},{"time":0.6333,"name":null},{"time":0.6666,"name":"EF/490_A1_sword1/490_A1_sword1_00016"},{"time":0.8,"name":null},{"time":0.8333,"name":"EF/490_A1_sword1/490_A1_sword1_00016"},{"time":0.9666,"name":null},{"time":1,"name":"EF/490_A1_sword1/490_A1_sword1_00016"},{"time":1.1333,"name":null}]},"A1_sword1_03":{"attachment":[{"time":0.2,"name":"EF/490_A1_sword1/490_A1_sword1_00016"},{"time":0.3333,"name":null},{"time":0.3666,"name":"EF/490_A1_sword1/490_A1_sword1_00016"},{"time":0.5,"name":null},{"time":0.5333,"name":"EF/490_A1_sword1/490_A1_sword1_00016"},{"time":0.6666,"name":null},{"time":0.7,"name":"EF/490_A1_sword1/490_A1_sword1_00016"},{"time":0.8333,"name":null},{"time":0.8666,"name":"EF/490_A1_sword1/490_A1_sword1_00016"},{"time":1,"name":null},{"time":1.0333,"name":"EF/490_A1_sword1/490_A1_sword1_00016"},{"time":1.1666,"name":null}]},"A1_sword1_04":{"attachment":[{"time":0.1333,"name":"EF/490_A1_sword1/490_A1_sword1_00016"},{"time":0.2666,"name":null},{"time":0.3,"name":"EF/490_A1_sword1/490_A1_sword1_00016"},{"time":0.4333,"name":null},{"time":0.4666,"name":"EF/490_A1_sword1/490_A1_sword1_00016"},{"time":0.6,"name":null},{"time":0.6333,"name":"EF/490_A1_sword1/490_A1_sword1_00016"},{"time":0.7666,"name":null},{"time":0.8,"name":"EF/490_A1_sword1/490_A1_sword1_00016"},{"time":0.9333,"name":null},{"time":0.9666,"name":"EF/490_A1_sword1/490_A1_sword1_00016"},{"time":1.1,"name":null}]},"A1_sword1b_00":{"attachment":[{"time":1.4,"name":"EF/490_A1_sword2b/490_A1_sword1b_00000"}],"color":[{"time":1.8,"color":"ffffffff","curve":[0.173,0.04,0.185,1]},{"time":2.2666,"color":"ffffff00"}]},"A1_sword2_00":{"attachment":[{"time":0.0666,"name":"EF/490_A1_sword2/490_A1_sword2_00016"},{"time":0.2,"name":null},{"time":0.2333,"name":"EF/490_A1_sword2/490_A1_sword2_00016"},{"time":0.3666,"name":null},{"time":0.4,"name":"EF/490_A1_sword2/490_A1_sword2_00016"},{"time":0.5333,"name":null},{"time":0.5666,"name":"EF/490_A1_sword2/490_A1_sword2_00016"},{"time":0.7,"name":null},{"time":0.7333,"name":"EF/490_A1_sword2/490_A1_sword2_00016"},{"time":0.8666,"name":null},{"time":0.9,"name":"EF/490_A1_sword2/490_A1_sword2_00016"},{"time":1.0333,"name":null},{"time":1.3333,"name":"EF/490_A1_sword2/490_A1_sword2_00016"},{"time":1.4,"name":null}]},"A1_sword2_01":{"attachment":[{"time":0.1,"name":"EF/490_A1_sword2/490_A1_sword2_00016"},{"time":0.2333,"name":null},{"time":0.2666,"name":"EF/490_A1_sword2/490_A1_sword2_00016"},{"time":0.4,"name":null},{"time":0.4333,"name":"EF/490_A1_sword2/490_A1_sword2_00016"},{"time":0.5666,"name":null},{"time":0.6,"name":"EF/490_A1_sword2/490_A1_sword2_00016"},{"time":0.7333,"name":null},{"time":0.7666,"name":"EF/490_A1_sword2/490_A1_sword2_00016"},{"time":0.9,"name":null},{"time":0.9333,"name":"EF/490_A1_sword2/490_A1_sword2_00016"},{"time":1.0666,"name":null}]},"A1_sword2_02":{"attachment":[{"time":0.1666,"name":"EF/490_A1_sword2/490_A1_sword2_00016"},{"time":0.3,"name":null},{"time":0.3333,"name":"EF/490_A1_sword2/490_A1_sword2_00016"},{"time":0.4666,"name":null},{"time":0.5,"name":"EF/490_A1_sword2/490_A1_sword2_00016"},{"time":0.6333,"name":null},{"time":0.6666,"name":"EF/490_A1_sword2/490_A1_sword2_00016"},{"time":0.8,"name":null},{"time":0.8333,"name":"EF/490_A1_sword2/490_A1_sword2_00016"},{"time":0.9666,"name":null},{"time":1,"name":"EF/490_A1_sword2/490_A1_sword2_00016"},{"time":1.1333,"name":null}]},"A1_sword2_03":{"attachment":[{"time":0.2,"name":"EF/490_A1_sword2/490_A1_sword2_00016"},{"time":0.3333,"name":null},{"time":0.3666,"name":"EF/490_A1_sword2/490_A1_sword2_00016"},{"time":0.5,"name":null},{"time":0.5333,"name":"EF/490_A1_sword2/490_A1_sword2_00016"},{"time":0.6666,"name":null},{"time":0.7,"name":"EF/490_A1_sword2/490_A1_sword2_00016"},{"time":0.8333,"name":null},{"time":0.8666,"name":"EF/490_A1_sword2/490_A1_sword2_00016"},{"time":1,"name":null},{"time":1.0333,"name":"EF/490_A1_sword2/490_A1_sword2_00016"},{"time":1.1666,"name":null}]},"A1_sword2_04":{"attachment":[{"time":0.1333,"name":"EF/490_A1_sword2/490_A1_sword2_00016"},{"time":0.2666,"name":null},{"time":0.3,"name":"EF/490_A1_sword2/490_A1_sword2_00016"},{"time":0.4333,"name":null},{"time":0.4666,"name":"EF/490_A1_sword2/490_A1_sword2_00016"},{"time":0.6,"name":null},{"time":0.6333,"name":"EF/490_A1_sword2/490_A1_sword2_00016"},{"time":0.7666,"name":null},{"time":0.8,"name":"EF/490_A1_sword2/490_A1_sword2_00016"},{"time":0.9333,"name":null},{"time":0.9666,"name":"EF/490_A1_sword2/490_A1_sword2_00016"},{"time":1.1,"name":null}]},"A1_sword2b_00":{"attachment":[{"time":1.4,"name":"EF/490_A1_sword1b/490_A1_sword2b_00000"}],"color":[{"time":2.3,"color":"ffffffff"},{"time":2.6666,"color":"ffffff00"}]},"DAMAGEAREA":{"attachment":[{"time":0,"name":null},{"time":0.2,"name":"DAMAGEAREA"},{"time":1.1666,"name":null},{"time":1.5,"name":"DAMAGEAREA"},{"time":1.6333,"name":null}]},"S1_ex1_00":{"attachment":[{"time":0.1666,"name":"EF/490_S1_ex1/490_S1_ex1_00000"},{"time":0.2,"name":"EF/490_S1_ex1/490_S1_ex1_00002"},{"time":0.2333,"name":"EF/490_S1_ex1/490_S1_ex1_00003"},{"time":0.2666,"name":"EF/490_S1_ex1/490_S1_ex1_00004"},{"time":0.3,"name":"EF/490_S1_ex1/490_S1_ex1_00005"},{"time":0.3333,"name":"EF/490_S1_ex1/490_S1_ex1_00007"},{"time":0.3666,"name":"EF/490_S1_ex1/490_S1_ex1_00008"},{"time":0.4,"name":"EF/490_S1_ex1/490_S1_ex1_00009"},{"time":0.4333,"name":"EF/490_S1_ex1/490_S1_ex1_00010"},{"time":0.4666,"name":"EF/490_S1_ex1/490_S1_ex1_00011"},{"time":0.5,"name":"EF/490_S1_ex1/490_S1_ex1_00013"},{"time":0.5333,"name":"EF/490_S1_ex1/490_S1_ex1_00000"},{"time":0.5666,"name":"EF/490_S1_ex1/490_S1_ex1_00002"},{"time":0.6,"name":"EF/490_S1_ex1/490_S1_ex1_00003"},{"time":0.6333,"name":"EF/490_S1_ex1/490_S1_ex1_00004"},{"time":0.6666,"name":"EF/490_S1_ex1/490_S1_ex1_00005"},{"time":0.7,"name":"EF/490_S1_ex1/490_S1_ex1_00007"},{"time":0.7333,"name":"EF/490_S1_ex1/490_S1_ex1_00008"},{"time":0.7666,"name":"EF/490_S1_ex1/490_S1_ex1_00009"},{"time":0.8,"name":"EF/490_S1_ex1/490_S1_ex1_00010"},{"time":0.8333,"name":"EF/490_S1_ex1/490_S1_ex1_00011"},{"time":0.8666,"name":"EF/490_S1_ex1/490_S1_ex1_00013"},{"time":0.9,"name":null},{"time":1.4333,"name":"EF/490_S1_ex1/490_S1_ex1_00000"},{"time":1.4666,"name":"EF/490_S1_ex1/490_S1_ex1_00002"},{"time":1.5,"name":"EF/490_S1_ex1/490_S1_ex1_00003"},{"time":1.5333,"name":"EF/490_S1_ex1/490_S1_ex1_00004"},{"time":1.5666,"name":"EF/490_S1_ex1/490_S1_ex1_00005"},{"time":1.6,"name":"EF/490_S1_ex1/490_S1_ex1_00007"},{"time":1.6333,"name":"EF/490_S1_ex1/490_S1_ex1_00008"},{"time":1.6666,"name":"EF/490_S1_ex1/490_S1_ex1_00009"},{"time":1.7,"name":"EF/490_S1_ex1/490_S1_ex1_00010"},{"time":1.7333,"name":"EF/490_S1_ex1/490_S1_ex1_00011"},{"time":1.7666,"name":"EF/490_S1_ex1/490_S1_ex1_00013"},{"time":1.8,"name":null}]},"S1_ex1_01":{"attachment":[{"time":0.2,"name":"EF/490_S1_ex1/490_S1_ex1_00000"},{"time":0.2333,"name":"EF/490_S1_ex1/490_S1_ex1_00002"},{"time":0.2666,"name":"EF/490_S1_ex1/490_S1_ex1_00003"},{"time":0.3,"name":"EF/490_S1_ex1/490_S1_ex1_00004"},{"time":0.3333,"name":"EF/490_S1_ex1/490_S1_ex1_00005"},{"time":0.3666,"name":"EF/490_S1_ex1/490_S1_ex1_00007"},{"time":0.4,"name":"EF/490_S1_ex1/490_S1_ex1_00008"},{"time":0.4333,"name":"EF/490_S1_ex1/490_S1_ex1_00009"},{"time":0.4666,"name":"EF/490_S1_ex1/490_S1_ex1_00010"},{"time":0.5,"name":"EF/490_S1_ex1/490_S1_ex1_00011"},{"time":0.5333,"name":"EF/490_S1_ex1/490_S1_ex1_00013"},{"time":0.5666,"name":"EF/490_S1_ex1/490_S1_ex1_00000"},{"time":0.6,"name":"EF/490_S1_ex1/490_S1_ex1_00002"},{"time":0.6333,"name":"EF/490_S1_ex1/490_S1_ex1_00003"},{"time":0.6666,"name":"EF/490_S1_ex1/490_S1_ex1_00004"},{"time":0.7,"name":"EF/490_S1_ex1/490_S1_ex1_00005"},{"time":0.7333,"name":"EF/490_S1_ex1/490_S1_ex1_00007"},{"time":0.7666,"name":"EF/490_S1_ex1/490_S1_ex1_00008"},{"time":0.8,"name":"EF/490_S1_ex1/490_S1_ex1_00009"},{"time":0.8333,"name":"EF/490_S1_ex1/490_S1_ex1_00010"},{"time":0.8666,"name":"EF/490_S1_ex1/490_S1_ex1_00011"},{"time":0.9,"name":"EF/490_S1_ex1/490_S1_ex1_00013"},{"time":0.9333,"name":null}]},"S1_ex1_02":{"attachment":[{"time":0.2333,"name":"EF/490_S1_ex1/490_S1_ex1_00000"},{"time":0.2666,"name":"EF/490_S1_ex1/490_S1_ex1_00002"},{"time":0.3,"name":"EF/490_S1_ex1/490_S1_ex1_00003"},{"time":0.3333,"name":"EF/490_S1_ex1/490_S1_ex1_00004"},{"time":0.3666,"name":"EF/490_S1_ex1/490_S1_ex1_00005"},{"time":0.4,"name":"EF/490_S1_ex1/490_S1_ex1_00007"},{"time":0.4333,"name":"EF/490_S1_ex1/490_S1_ex1_00008"},{"time":0.4666,"name":"EF/490_S1_ex1/490_S1_ex1_00009"},{"time":0.5,"name":"EF/490_S1_ex1/490_S1_ex1_00010"},{"time":0.5333,"name":"EF/490_S1_ex1/490_S1_ex1_00011"},{"time":0.5666,"name":"EF/490_S1_ex1/490_S1_ex1_00013"},{"time":0.6,"name":"EF/490_S1_ex1/490_S1_ex1_00000"},{"time":0.6333,"name":"EF/490_S1_ex1/490_S1_ex1_00002"},{"time":0.6666,"name":"EF/490_S1_ex1/490_S1_ex1_00003"},{"time":0.7,"name":"EF/490_S1_ex1/490_S1_ex1_00004"},{"time":0.7333,"name":"EF/490_S1_ex1/490_S1_ex1_00005"},{"time":0.7666,"name":"EF/490_S1_ex1/490_S1_ex1_00007"},{"time":0.8,"name":"EF/490_S1_ex1/490_S1_ex1_00008"},{"time":0.8333,"name":"EF/490_S1_ex1/490_S1_ex1_00009"},{"time":0.8666,"name":"EF/490_S1_ex1/490_S1_ex1_00010"},{"time":0.9,"name":"EF/490_S1_ex1/490_S1_ex1_00011"},{"time":0.9333,"name":"EF/490_S1_ex1/490_S1_ex1_00013"},{"time":0.9666,"name":null}]},"S1_ex1_03":{"attachment":[{"time":0.2666,"name":"EF/490_S1_ex1/490_S1_ex1_00000"},{"time":0.3,"name":"EF/490_S1_ex1/490_S1_ex1_00002"},{"time":0.3333,"name":"EF/490_S1_ex1/490_S1_ex1_00003"},{"time":0.3666,"name":"EF/490_S1_ex1/490_S1_ex1_00004"},{"time":0.4,"name":"EF/490_S1_ex1/490_S1_ex1_00005"},{"time":0.4333,"name":"EF/490_S1_ex1/490_S1_ex1_00007"},{"time":0.4666,"name":"EF/490_S1_ex1/490_S1_ex1_00008"},{"time":0.5,"name":"EF/490_S1_ex1/490_S1_ex1_00009"},{"time":0.5333,"name":"EF/490_S1_ex1/490_S1_ex1_00010"},{"time":0.5666,"name":"EF/490_S1_ex1/490_S1_ex1_00011"},{"time":0.6,"name":"EF/490_S1_ex1/490_S1_ex1_00013"},{"time":0.6333,"name":"EF/490_S1_ex1/490_S1_ex1_00000"},{"time":0.6666,"name":"EF/490_S1_ex1/490_S1_ex1_00002"},{"time":0.7,"name":"EF/490_S1_ex1/490_S1_ex1_00003"},{"time":0.7333,"name":"EF/490_S1_ex1/490_S1_ex1_00004"},{"time":0.7666,"name":"EF/490_S1_ex1/490_S1_ex1_00005"},{"time":0.8,"name":"EF/490_S1_ex1/490_S1_ex1_00007"},{"time":0.8333,"name":"EF/490_S1_ex1/490_S1_ex1_00008"},{"time":0.8666,"name":"EF/490_S1_ex1/490_S1_ex1_00009"},{"time":0.9,"name":"EF/490_S1_ex1/490_S1_ex1_00010"},{"time":0.9333,"name":"EF/490_S1_ex1/490_S1_ex1_00011"},{"time":0.9666,"name":"EF/490_S1_ex1/490_S1_ex1_00013"},{"time":1,"name":null}]},"S1_ex1_04":{"attachment":[{"time":0.3,"name":"EF/490_S1_ex1/490_S1_ex1_00000"},{"time":0.3333,"name":"EF/490_S1_ex1/490_S1_ex1_00002"},{"time":0.3666,"name":"EF/490_S1_ex1/490_S1_ex1_00003"},{"time":0.4,"name":"EF/490_S1_ex1/490_S1_ex1_00004"},{"time":0.4333,"name":"EF/490_S1_ex1/490_S1_ex1_00005"},{"time":0.4666,"name":"EF/490_S1_ex1/490_S1_ex1_00007"},{"time":0.5,"name":"EF/490_S1_ex1/490_S1_ex1_00008"},{"time":0.5333,"name":"EF/490_S1_ex1/490_S1_ex1_00009"},{"time":0.5666,"name":"EF/490_S1_ex1/490_S1_ex1_00010"},{"time":0.6,"name":"EF/490_S1_ex1/490_S1_ex1_00011"},{"time":0.6333,"name":"EF/490_S1_ex1/490_S1_ex1_00013"},{"time":0.6666,"name":"EF/490_S1_ex1/490_S1_ex1_00000"},{"time":0.7,"name":"EF/490_S1_ex1/490_S1_ex1_00002"},{"time":0.7333,"name":"EF/490_S1_ex1/490_S1_ex1_00003"},{"time":0.7666,"name":"EF/490_S1_ex1/490_S1_ex1_00004"},{"time":0.8,"name":"EF/490_S1_ex1/490_S1_ex1_00005"},{"time":0.8333,"name":"EF/490_S1_ex1/490_S1_ex1_00007"},{"time":0.8666,"name":"EF/490_S1_ex1/490_S1_ex1_00008"},{"time":0.9,"name":"EF/490_S1_ex1/490_S1_ex1_00009"},{"time":0.9333,"name":"EF/490_S1_ex1/490_S1_ex1_00010"},{"time":0.9666,"name":"EF/490_S1_ex1/490_S1_ex1_00011"},{"time":1,"name":"EF/490_S1_ex1/490_S1_ex1_00013"},{"time":1.0333,"name":null}]},"S1_ex1_05":{"attachment":[{"time":0.3333,"name":"EF/490_S1_ex1/490_S1_ex1_00000"},{"time":0.3666,"name":"EF/490_S1_ex1/490_S1_ex1_00002"},{"time":0.4,"name":"EF/490_S1_ex1/490_S1_ex1_00003"},{"time":0.4333,"name":"EF/490_S1_ex1/490_S1_ex1_00004"},{"time":0.4666,"name":"EF/490_S1_ex1/490_S1_ex1_00005"},{"time":0.5,"name":"EF/490_S1_ex1/490_S1_ex1_00007"},{"time":0.5333,"name":"EF/490_S1_ex1/490_S1_ex1_00008"},{"time":0.5666,"name":"EF/490_S1_ex1/490_S1_ex1_00009"},{"time":0.6,"name":"EF/490_S1_ex1/490_S1_ex1_00010"},{"time":0.6333,"name":"EF/490_S1_ex1/490_S1_ex1_00011"},{"time":0.6666,"name":"EF/490_S1_ex1/490_S1_ex1_00013"},{"time":0.7,"name":"EF/490_S1_ex1/490_S1_ex1_00000"},{"time":0.7333,"name":"EF/490_S1_ex1/490_S1_ex1_00002"},{"time":0.7666,"name":"EF/490_S1_ex1/490_S1_ex1_00003"},{"time":0.8,"name":"EF/490_S1_ex1/490_S1_ex1_00004"},{"time":0.8333,"name":"EF/490_S1_ex1/490_S1_ex1_00005"},{"time":0.8666,"name":"EF/490_S1_ex1/490_S1_ex1_00007"},{"time":0.9,"name":"EF/490_S1_ex1/490_S1_ex1_00008"},{"time":0.9333,"name":"EF/490_S1_ex1/490_S1_ex1_00009"},{"time":0.9666,"name":"EF/490_S1_ex1/490_S1_ex1_00010"},{"time":1,"name":"EF/490_S1_ex1/490_S1_ex1_00011"},{"time":1.0333,"name":"EF/490_S1_ex1/490_S1_ex1_00013"},{"time":1.0666,"name":null}]},"S1_ex1_06":{"attachment":[{"time":0.3666,"name":"EF/490_S1_ex1/490_S1_ex1_00000"},{"time":0.4,"name":"EF/490_S1_ex1/490_S1_ex1_00002"},{"time":0.4333,"name":"EF/490_S1_ex1/490_S1_ex1_00003"},{"time":0.4666,"name":"EF/490_S1_ex1/490_S1_ex1_00004"},{"time":0.5,"name":"EF/490_S1_ex1/490_S1_ex1_00005"},{"time":0.5333,"name":"EF/490_S1_ex1/490_S1_ex1_00007"},{"time":0.5666,"name":"EF/490_S1_ex1/490_S1_ex1_00008"},{"time":0.6,"name":"EF/490_S1_ex1/490_S1_ex1_00009"},{"time":0.6333,"name":"EF/490_S1_ex1/490_S1_ex1_00010"},{"time":0.6666,"name":"EF/490_S1_ex1/490_S1_ex1_00011"},{"time":0.7,"name":"EF/490_S1_ex1/490_S1_ex1_00013"},{"time":0.7333,"name":"EF/490_S1_ex1/490_S1_ex1_00000"},{"time":0.7666,"name":"EF/490_S1_ex1/490_S1_ex1_00002"},{"time":0.8,"name":"EF/490_S1_ex1/490_S1_ex1_00003"},{"time":0.8333,"name":"EF/490_S1_ex1/490_S1_ex1_00004"},{"time":0.8666,"name":"EF/490_S1_ex1/490_S1_ex1_00005"},{"time":0.9,"name":"EF/490_S1_ex1/490_S1_ex1_00007"},{"time":0.9333,"name":"EF/490_S1_ex1/490_S1_ex1_00008"},{"time":0.9666,"name":"EF/490_S1_ex1/490_S1_ex1_00009"},{"time":1,"name":"EF/490_S1_ex1/490_S1_ex1_00010"},{"time":1.0333,"name":"EF/490_S1_ex1/490_S1_ex1_00011"},{"time":1.0666,"name":"EF/490_S1_ex1/490_S1_ex1_00013"},{"time":1.1,"name":null}]},"S1_ex1_07":{"attachment":[{"time":0.4,"name":"EF/490_S1_ex1/490_S1_ex1_00000"},{"time":0.4333,"name":"EF/490_S1_ex1/490_S1_ex1_00002"},{"time":0.4666,"name":"EF/490_S1_ex1/490_S1_ex1_00003"},{"time":0.5,"name":"EF/490_S1_ex1/490_S1_ex1_00004"},{"time":0.5333,"name":"EF/490_S1_ex1/490_S1_ex1_00005"},{"time":0.5666,"name":"EF/490_S1_ex1/490_S1_ex1_00007"},{"time":0.6,"name":"EF/490_S1_ex1/490_S1_ex1_00008"},{"time":0.6333,"name":"EF/490_S1_ex1/490_S1_ex1_00009"},{"time":0.6666,"name":"EF/490_S1_ex1/490_S1_ex1_00010"},{"time":0.7,"name":"EF/490_S1_ex1/490_S1_ex1_00011"},{"time":0.7333,"name":"EF/490_S1_ex1/490_S1_ex1_00013"},{"time":0.7666,"name":"EF/490_S1_ex1/490_S1_ex1_00000"},{"time":0.8,"name":"EF/490_S1_ex1/490_S1_ex1_00002"},{"time":0.8333,"name":"EF/490_S1_ex1/490_S1_ex1_00003"},{"time":0.8666,"name":"EF/490_S1_ex1/490_S1_ex1_00004"},{"time":0.9,"name":"EF/490_S1_ex1/490_S1_ex1_00005"},{"time":0.9333,"name":"EF/490_S1_ex1/490_S1_ex1_00007"},{"time":0.9666,"name":"EF/490_S1_ex1/490_S1_ex1_00008"},{"time":1,"name":"EF/490_S1_ex1/490_S1_ex1_00009"},{"time":1.0333,"name":"EF/490_S1_ex1/490_S1_ex1_00010"},{"time":1.0666,"name":"EF/490_S1_ex1/490_S1_ex1_00011"},{"time":1.1,"name":"EF/490_S1_ex1/490_S1_ex1_00013"},{"time":1.1333,"name":null}]},"S1_ex1_08":{"attachment":[{"time":0.4333,"name":"EF/490_S1_ex1/490_S1_ex1_00000"},{"time":0.4666,"name":"EF/490_S1_ex1/490_S1_ex1_00002"},{"time":0.5,"name":"EF/490_S1_ex1/490_S1_ex1_00003"},{"time":0.5333,"name":"EF/490_S1_ex1/490_S1_ex1_00004"},{"time":0.5666,"name":"EF/490_S1_ex1/490_S1_ex1_00005"},{"time":0.6,"name":"EF/490_S1_ex1/490_S1_ex1_00007"},{"time":0.6333,"name":"EF/490_S1_ex1/490_S1_ex1_00008"},{"time":0.6666,"name":"EF/490_S1_ex1/490_S1_ex1_00009"},{"time":0.7,"name":"EF/490_S1_ex1/490_S1_ex1_00010"},{"time":0.7333,"name":"EF/490_S1_ex1/490_S1_ex1_00011"},{"time":0.7666,"name":"EF/490_S1_ex1/490_S1_ex1_00013"},{"time":0.8,"name":"EF/490_S1_ex1/490_S1_ex1_00000"},{"time":0.8333,"name":"EF/490_S1_ex1/490_S1_ex1_00002"},{"time":0.8666,"name":"EF/490_S1_ex1/490_S1_ex1_00003"},{"time":0.9,"name":"EF/490_S1_ex1/490_S1_ex1_00004"},{"time":0.9333,"name":"EF/490_S1_ex1/490_S1_ex1_00005"},{"time":0.9666,"name":"EF/490_S1_ex1/490_S1_ex1_00007"},{"time":1,"name":"EF/490_S1_ex1/490_S1_ex1_00008"},{"time":1.0333,"name":"EF/490_S1_ex1/490_S1_ex1_00009"},{"time":1.0666,"name":"EF/490_S1_ex1/490_S1_ex1_00010"},{"time":1.1,"name":"EF/490_S1_ex1/490_S1_ex1_00011"},{"time":1.1333,"name":"EF/490_S1_ex1/490_S1_ex1_00013"},{"time":1.1666,"name":null}]},"S1_ex1_09":{"attachment":[{"time":0.4666,"name":"EF/490_S1_ex1/490_S1_ex1_00000"},{"time":0.5,"name":"EF/490_S1_ex1/490_S1_ex1_00002"},{"time":0.5333,"name":"EF/490_S1_ex1/490_S1_ex1_00003"},{"time":0.5666,"name":"EF/490_S1_ex1/490_S1_ex1_00004"},{"time":0.6,"name":"EF/490_S1_ex1/490_S1_ex1_00005"},{"time":0.6333,"name":"EF/490_S1_ex1/490_S1_ex1_00007"},{"time":0.6666,"name":"EF/490_S1_ex1/490_S1_ex1_00008"},{"time":0.7,"name":"EF/490_S1_ex1/490_S1_ex1_00009"},{"time":0.7333,"name":"EF/490_S1_ex1/490_S1_ex1_00010"},{"time":0.7666,"name":"EF/490_S1_ex1/490_S1_ex1_00011"},{"time":0.8,"name":"EF/490_S1_ex1/490_S1_ex1_00013"},{"time":0.8333,"name":"EF/490_S1_ex1/490_S1_ex1_00000"},{"time":0.8666,"name":"EF/490_S1_ex1/490_S1_ex1_00002"},{"time":0.9,"name":"EF/490_S1_ex1/490_S1_ex1_00003"},{"time":0.9333,"name":"EF/490_S1_ex1/490_S1_ex1_00004"},{"time":0.9666,"name":"EF/490_S1_ex1/490_S1_ex1_00005"},{"time":1,"name":"EF/490_S1_ex1/490_S1_ex1_00007"},{"time":1.0333,"name":"EF/490_S1_ex1/490_S1_ex1_00008"},{"time":1.0666,"name":"EF/490_S1_ex1/490_S1_ex1_00009"},{"time":1.1,"name":"EF/490_S1_ex1/490_S1_ex1_00010"},{"time":1.1333,"name":"EF/490_S1_ex1/490_S1_ex1_00011"},{"time":1.1666,"name":"EF/490_S1_ex1/490_S1_ex1_00013"},{"time":1.2,"name":null}]},"S2_ene1_00":{"attachment":[{"time":0,"name":"EF/490_S2_ene1/490_S2_ene1_00005"},{"time":0.1333,"name":"EF/490_S2_ene1/490_S2_ene1_00006"},{"time":0.1666,"name":"EF/490_S2_ene1/490_S2_ene1_00007"},{"time":0.2,"name":"EF/490_S2_ene1/490_S2_ene1_00005"},{"time":0.2333,"name":"EF/490_S2_ene1/490_S2_ene1_00006"},{"time":0.2666,"name":"EF/490_S2_ene1/490_S2_ene1_00007"},{"time":0.3,"name":"EF/490_S2_ene1/490_S2_ene1_00005"},{"time":0.3333,"name":"EF/490_S2_ene1/490_S2_ene1_00006"},{"time":0.3666,"name":"EF/490_S2_ene1/490_S2_ene1_00007"},{"time":0.4,"name":"EF/490_S2_ene1/490_S2_ene1_00005"},{"time":0.4333,"name":"EF/490_S2_ene1/490_S2_ene1_00006"},{"time":0.4666,"name":"EF/490_S2_ene1/490_S2_ene1_00007"},{"time":0.5,"name":"EF/490_S2_ene1/490_S2_ene1_00005"},{"time":0.5333,"name":"EF/490_S2_ene1/490_S2_ene1_00006"},{"time":0.5666,"name":"EF/490_S2_ene1/490_S2_ene1_00007"},{"time":0.6,"name":"EF/490_S2_ene1/490_S2_ene1_00005"},{"time":0.6333,"name":"EF/490_S2_ene1/490_S2_ene1_00006"},{"time":0.6666,"name":"EF/490_S2_ene1/490_S2_ene1_00007"},{"time":0.7,"name":"EF/490_S2_ene1/490_S2_ene1_00005"},{"time":0.7333,"name":"EF/490_S2_ene1/490_S2_ene1_00006"},{"time":0.7666,"name":"EF/490_S2_ene1/490_S2_ene1_00007"},{"time":0.8,"name":"EF/490_S2_ene1/490_S2_ene1_00005"},{"time":0.8333,"name":"EF/490_S2_ene1/490_S2_ene1_00006"},{"time":0.8666,"name":"EF/490_S2_ene1/490_S2_ene1_00007"},{"time":0.9,"name":"EF/490_S2_ene1/490_S2_ene1_00005"},{"time":0.9333,"name":"EF/490_S2_ene1/490_S2_ene1_00006"},{"time":0.9666,"name":"EF/490_S2_ene1/490_S2_ene1_00007"},{"time":1,"name":"EF/490_S2_ene1/490_S2_ene1_00005"},{"time":1.0333,"name":"EF/490_S2_ene1/490_S2_ene1_00006"},{"time":1.0666,"name":"EF/490_S2_ene1/490_S2_ene1_00007"},{"time":1.1,"name":"EF/490_S2_ene1/490_S2_ene1_00005"},{"time":1.1333,"name":"EF/490_S2_ene1/490_S2_ene1_00006"},{"time":1.1666,"name":"EF/490_S2_ene1/490_S2_ene1_00007"},{"time":1.2,"name":"EF/490_S2_ene1/490_S2_ene1_00005"},{"time":1.2333,"name":"EF/490_S2_ene1/490_S2_ene1_00006"},{"time":1.2666,"name":"EF/490_S2_ene1/490_S2_ene1_00007"},{"time":1.3,"name":"EF/490_S2_ene1/490_S2_ene1_00005"},{"time":1.3333,"name":"EF/490_S2_ene1/490_S2_ene1_00006"},{"time":1.3666,"name":"EF/490_S2_ene1/490_S2_ene1_00007"},{"time":1.4,"name":"EF/490_S2_ene1/490_S2_ene1_00005"},{"time":1.4333,"name":"EF/490_S2_ene1/490_S2_ene1_00006"},{"time":1.4666,"name":"EF/490_S2_ene1/490_S2_ene1_00007"},{"time":1.5,"name":null}]},"S2_line1_00":{"attachment":[{"time":0,"name":null},{"time":0.0666,"name":"EF/490_S2_line1/490_S2_line1_00000"},{"time":1,"name":null}]},"S2_line1_01":{"attachment":[{"time":0.1,"name":"EF/490_S2_line1/490_S2_line1_00000"},{"time":1.0333,"name":null}]},"S2_line1_02":{"attachment":[{"time":0.1333,"name":"EF/490_S2_line1/490_S2_line1_00000"},{"time":1.0666,"name":null}]},"S2_line1_03":{"attachment":[{"time":0.1666,"name":"EF/490_S2_line1/490_S2_line1_00000"},{"time":1.1,"name":null}]},"S2_line1_04":{"attachment":[{"time":0.2,"name":"EF/490_S2_line1/490_S2_line1_00000"},{"time":1.1333,"name":null}]}},"bones":{"S2_line1_00":{"translate":[{"time":0.0666,"x":-1264.26,"y":1364.73},{"time":0.1666,"x":-1264.26,"y":626.78,"curve":"stepped"},{"time":0.2,"x":-1264.26,"y":1364.73},{"time":0.3,"x":-1264.26,"y":626.78,"curve":"stepped"},{"time":0.3333,"x":-1264.26,"y":1364.73},{"time":0.4333,"x":-1264.26,"y":626.78,"curve":"stepped"},{"time":0.4666,"x":-1264.26,"y":1364.73},{"time":0.5666,"x":-1264.26,"y":626.78,"curve":"stepped"},{"time":0.6,"x":-1264.26,"y":1364.73},{"time":0.7,"x":-1264.26,"y":626.78,"curve":"stepped"},{"time":0.7333,"x":-1264.26,"y":1364.73},{"time":0.8333,"x":-1264.26,"y":626.78,"curve":"stepped"},{"time":0.8666,"x":-1264.26,"y":1364.73},{"time":0.9666,"x":-1264.26,"y":626.78}],"scale":[{"time":0.0666,"x":0.857,"y":1.982}]},"S2_ene1_00":{"translate":[{"time":0,"x":-2196.01,"y":1316.51}],"scale":[{"time":0,"x":0.202,"y":13.19},{"time":0.1,"x":4.922,"y":13.19,"curve":"stepped"},{"time":0.9333,"x":4.922,"y":13.19},{"time":1.3,"x":2.013,"y":13.19,"curve":"stepped"},{"time":1.4,"x":2.013,"y":13.19},{"time":1.4333,"x":0.246,"y":13.19}]},"A1_sword_00":{"rotate":[{"time":0.0666,"angle":90}],"translate":[{"time":0.0666,"x":-767.68,"y":797.29},{"time":0.1666,"x":-767.68,"y":116.16,"curve":"stepped"},{"time":0.2333,"x":-767.68,"y":797.29},{"time":0.3333,"x":-767.68,"y":116.16,"curve":"stepped"},{"time":0.4,"x":-767.68,"y":797.29},{"time":0.5,"x":-767.68,"y":116.16,"curve":"stepped"},{"time":0.5666,"x":-767.68,"y":797.29},{"time":0.6666,"x":-767.68,"y":116.16,"curve":"stepped"},{"time":0.7333,"x":-767.68,"y":797.29},{"time":0.8333,"x":-767.68,"y":116.16,"curve":"stepped"},{"time":0.9,"x":-767.68,"y":797.29},{"time":1,"x":-767.68,"y":116.16,"curve":"stepped"},{"time":1.3333,"x":-767.68,"y":1366.32,"curve":[0.68,0.04,0.5,0.99]},{"time":1.4333,"x":-767.68,"y":133.58}],"scale":[{"time":0.0666,"x":0.9,"y":0.9,"curve":"stepped"},{"time":1.3333,"x":1.78,"y":1.78}]},"A1_sword_01":{"rotate":[{"time":0.1,"angle":90,"curve":"stepped"},{"time":0.2666,"angle":90,"curve":"stepped"},{"time":0.4333,"angle":90,"curve":"stepped"},{"time":0.6,"angle":90,"curve":"stepped"},{"time":0.7666,"angle":90,"curve":"stepped"},{"time":0.9333,"angle":90}],"translate":[{"time":0.1,"x":-1025.96,"y":958.61},{"time":0.2,"x":-1025.96,"y":88,"curve":"stepped"},{"time":0.2666,"x":-1025.96,"y":958.61},{"time":0.3666,"x":-1025.96,"y":88,"curve":"stepped"},{"time":0.4333,"x":-1025.96,"y":958.61},{"time":0.5333,"x":-1025.96,"y":88,"curve":"stepped"},{"time":0.6,"x":-1025.96,"y":958.61},{"time":0.7,"x":-1025.96,"y":88,"curve":"stepped"},{"time":0.7666,"x":-1025.96,"y":958.61},{"time":0.8666,"x":-1025.96,"y":88,"curve":"stepped"},{"time":0.9333,"x":-1025.96,"y":958.61},{"time":1.0333,"x":-1025.96,"y":88}],"scale":[{"time":0.1,"x":0.9,"y":0.9}]},"A1_sword_02":{"rotate":[{"time":0.1666,"angle":90}],"translate":[{"time":0.1666,"x":-1176.96,"y":825.4},{"time":0.2666,"x":-1176.96,"y":112.52,"curve":"stepped"},{"time":0.3333,"x":-1176.96,"y":825.4},{"time":0.4333,"x":-1176.96,"y":112.52,"curve":"stepped"},{"time":0.5,"x":-1176.96,"y":825.4},{"time":0.6,"x":-1176.96,"y":112.52,"curve":"stepped"},{"time":0.6666,"x":-1176.96,"y":825.4},{"time":0.7666,"x":-1176.96,"y":112.52,"curve":"stepped"},{"time":0.8333,"x":-1176.96,"y":825.4},{"time":0.9333,"x":-1176.96,"y":112.52,"curve":"stepped"},{"time":1,"x":-1176.96,"y":825.4},{"time":1.1,"x":-1176.96,"y":112.52}],"scale":[{"time":0.1666,"x":0.9,"y":0.9}]},"A1_sword_04":{"rotate":[{"time":0.1333,"angle":90}],"translate":[{"time":0.1333,"x":-1508.62,"y":810.48},{"time":0.2333,"x":-1508.63,"y":106.13,"curve":"stepped"},{"time":0.3,"x":-1508.62,"y":810.48},{"time":0.4,"x":-1508.63,"y":106.13,"curve":"stepped"},{"time":0.4666,"x":-1508.62,"y":810.48},{"time":0.5666,"x":-1508.63,"y":106.13,"curve":"stepped"},{"time":0.6333,"x":-1508.62,"y":810.48},{"time":0.7333,"x":-1508.63,"y":106.13,"curve":"stepped"},{"time":0.8,"x":-1508.62,"y":810.48},{"time":0.9,"x":-1508.63,"y":106.13,"curve":"stepped"},{"time":0.9666,"x":-1508.62,"y":810.48},{"time":1.0666,"x":-1508.63,"y":106.13}],"scale":[{"time":0.1333,"x":0.9,"y":0.9}]},"S1_ex1_00":{"translate":[{"time":0.1666,"x":-724.73,"y":449.28,"curve":"stepped"},{"time":1.4333,"x":-724.51,"y":434.73}],"scale":[{"time":0.1666,"x":1,"y":1},{"time":0.5,"x":2,"y":2,"curve":"stepped"},{"time":0.5333,"x":1,"y":1},{"time":0.8666,"x":2,"y":2,"curve":"stepped"},{"time":1.4333,"x":1.726,"y":1.726},{"time":1.7666,"x":2.973,"y":2.973}]},"S1_ex1_05":{"translate":[{"time":0.3333,"x":-572.85,"y":525.36}],"scale":[{"time":0.3333,"x":1,"y":1},{"time":0.6666,"x":2,"y":2,"curve":"stepped"},{"time":0.7,"x":1,"y":1},{"time":1.0333,"x":2,"y":2}]},"S1_ex1_06":{"translate":[{"time":0.3666,"x":-896.99,"y":487.9}],"scale":[{"time":0.3666,"x":1,"y":1},{"time":0.7,"x":2,"y":2,"curve":"stepped"},{"time":0.7333,"x":1,"y":1},{"time":1.0666,"x":2,"y":2}]},"S1_ex1_07":{"translate":[{"time":0.4,"x":-930.14,"y":514.03}],"scale":[{"time":0.4,"x":1,"y":1},{"time":0.7333,"x":2,"y":2,"curve":"stepped"},{"time":0.7666,"x":1,"y":1},{"time":1.1,"x":2,"y":2}]},"S1_ex1_08":{"translate":[{"time":0.4333,"x":-1243.07,"y":520.46}],"scale":[{"time":0.4333,"x":1,"y":1},{"time":0.7666,"x":2,"y":2,"curve":"stepped"},{"time":0.8,"x":1,"y":1},{"time":1.1333,"x":2,"y":2}]},"S1_ex1_09":{"translate":[{"time":0.4666,"x":-1149.83,"y":516.92}],"scale":[{"time":0.4666,"x":1,"y":1},{"time":0.8,"x":2,"y":2,"curve":"stepped"},{"time":0.8333,"x":1,"y":1},{"time":1.1666,"x":2,"y":2}]},"S2_line1_01":{"translate":[{"time":0.1,"x":-1452.02,"y":1381.03},{"time":0.2,"x":-1452.02,"y":566.61,"curve":"stepped"},{"time":0.2333,"x":-1452.02,"y":1381.03},{"time":0.3333,"x":-1452.02,"y":566.61,"curve":"stepped"},{"time":0.3666,"x":-1452.02,"y":1381.03},{"time":0.4666,"x":-1452.02,"y":566.61,"curve":"stepped"},{"time":0.5,"x":-1452.02,"y":1381.03},{"time":0.6,"x":-1452.02,"y":566.61,"curve":"stepped"},{"time":0.6333,"x":-1452.02,"y":1381.03},{"time":0.7333,"x":-1452.02,"y":566.61,"curve":"stepped"},{"time":0.7666,"x":-1452.02,"y":1381.03},{"time":0.8666,"x":-1452.02,"y":566.61,"curve":"stepped"},{"time":0.9,"x":-1452.02,"y":1381.03},{"time":1,"x":-1452.02,"y":566.61}],"scale":[{"time":0.1,"x":1.988,"y":1.401}]},"S2_line1_02":{"translate":[{"time":0.1333,"x":-1436.46,"y":1374.97},{"time":0.2333,"x":-1436.46,"y":572.59,"curve":"stepped"},{"time":0.2666,"x":-1436.46,"y":1374.97},{"time":0.3666,"x":-1436.46,"y":572.59,"curve":"stepped"},{"time":0.4,"x":-1436.46,"y":1374.97},{"time":0.5,"x":-1436.46,"y":572.59,"curve":"stepped"},{"time":0.5333,"x":-1436.46,"y":1374.97},{"time":0.6333,"x":-1436.46,"y":572.59,"curve":"stepped"},{"time":0.6666,"x":-1436.46,"y":1374.97},{"time":0.7666,"x":-1436.46,"y":572.59,"curve":"stepped"},{"time":0.8,"x":-1436.46,"y":1374.97},{"time":0.9,"x":-1436.46,"y":572.59,"curve":"stepped"},{"time":0.9333,"x":-1436.46,"y":1374.97},{"time":1.0333,"x":-1436.46,"y":572.59}],"scale":[{"time":0.1333,"x":1.011,"y":1.866}]},"S2_line1_04":{"translate":[{"time":0.2,"x":-1671.88,"y":1441.18},{"time":0.3,"x":-1671.88,"y":596.62,"curve":"stepped"},{"time":0.3333,"x":-1671.88,"y":1441.18},{"time":0.4333,"x":-1671.88,"y":596.62,"curve":"stepped"},{"time":0.4666,"x":-1671.88,"y":1441.18},{"time":0.5666,"x":-1671.88,"y":596.62,"curve":"stepped"},{"time":0.6,"x":-1671.88,"y":1441.18},{"time":0.7,"x":-1671.88,"y":596.62,"curve":"stepped"},{"time":0.7333,"x":-1671.88,"y":1441.18},{"time":0.8333,"x":-1671.88,"y":596.62,"curve":"stepped"},{"time":0.8666,"x":-1671.88,"y":1441.18},{"time":0.9666,"x":-1671.88,"y":596.62,"curve":"stepped"},{"time":1,"x":-1671.88,"y":1441.18},{"time":1.1,"x":-1671.88,"y":596.62}],"scale":[{"time":0.2,"x":0.598,"y":0.933}]},"DAMAGEAREA":{"translate":[{"time":0.2,"x":0,"y":283.87,"curve":"stepped"},{"time":1.4,"x":0,"y":283.87},{"time":1.5,"x":0,"y":99.76}],"scale":[{"time":0.2,"x":1,"y":2.962,"curve":"stepped"},{"time":1.4,"x":1,"y":2.962},{"time":1.5,"x":1.003,"y":1.012}]},"A1_sword_03":{"rotate":[{"time":0.2,"angle":90}],"translate":[{"time":0.2,"x":-1068.59,"y":803.42},{"time":0.3,"x":-1068.59,"y":96.82,"curve":"stepped"},{"time":0.3666,"x":-1068.59,"y":803.42},{"time":0.4666,"x":-1068.59,"y":96.82,"curve":"stepped"},{"time":0.5333,"x":-1068.59,"y":803.42},{"time":0.6333,"x":-1068.59,"y":96.82,"curve":"stepped"},{"time":0.7,"x":-1068.59,"y":803.42},{"time":0.8,"x":-1068.59,"y":96.82,"curve":"stepped"},{"time":0.8666,"x":-1068.59,"y":803.42},{"time":0.9666,"x":-1068.59,"y":96.82,"curve":"stepped"},{"time":1.0333,"x":-1068.59,"y":803.42},{"time":1.1333,"x":-1068.59,"y":96.82}],"scale":[{"time":0.2,"x":0.9,"y":0.9}]},"S2_line1_03":{"translate":[{"time":0.1666,"x":-1590.24,"y":1436.13},{"time":0.2666,"x":-1590.24,"y":673.23,"curve":"stepped"},{"time":0.3,"x":-1590.24,"y":1436.13},{"time":0.4,"x":-1590.24,"y":673.23,"curve":"stepped"},{"time":0.4333,"x":-1590.24,"y":1436.13},{"time":0.5333,"x":-1590.24,"y":673.23,"curve":"stepped"},{"time":0.5666,"x":-1590.24,"y":1436.13},{"time":0.6666,"x":-1590.24,"y":673.23,"curve":"stepped"},{"time":0.7,"x":-1590.24,"y":1436.13},{"time":0.8,"x":-1590.24,"y":673.23,"curve":"stepped"},{"time":0.8333,"x":-1590.24,"y":1436.13},{"time":0.9333,"x":-1590.24,"y":673.23,"curve":"stepped"},{"time":0.9666,"x":-1590.24,"y":1436.13},{"time":1.0666,"x":-1590.24,"y":673.23}],"scale":[{"time":0.1666,"x":1.52,"y":2.12}]},"S1_ex1_01":{"translate":[{"time":0.2,"x":-817.63,"y":464.37}],"scale":[{"time":0.2,"x":1,"y":1},{"time":0.5333,"x":1.997,"y":1.997,"curve":"stepped"},{"time":0.5666,"x":1,"y":1},{"time":0.9,"x":1.997,"y":1.997}]},"S1_ex1_02":{"translate":[{"time":0.2333,"x":-659.81,"y":409.59}],"scale":[{"time":0.2333,"x":1,"y":1},{"time":0.5666,"x":1.997,"y":1.997,"curve":"stepped"},{"time":0.6,"x":1,"y":1},{"time":0.9333,"x":1.997,"y":1.997}]},"S1_ex1_03":{"translate":[{"time":0.2666,"x":-631.45,"y":463.05}],"scale":[{"time":0.2666,"x":1,"y":1},{"time":0.6,"x":1.997,"y":1.997,"curve":"stepped"},{"time":0.6333,"x":1,"y":1},{"time":0.9666,"x":1.997,"y":1.997}]},"S1_ex1_04":{"translate":[{"time":0.3,"x":-806.53,"y":406.78}],"scale":[{"time":0.3,"x":1,"y":1},{"time":0.6333,"x":1.997,"y":1.997,"curve":"stepped"},{"time":0.6666,"x":1,"y":1},{"time":1,"x":1.997,"y":1.997}]}},"events":[{"time":0,"name":"EFEvent","string":"setPosition_Target"},{"time":0,"name":"EFEvent2","string":"setHitEffect(hit07e,1)"},{"time":0.1,"name":"Sound2","string":"cri_se_battle_arrow"},{"time":0.1333,"name":"EFEvent","float":0.15,"string":"kHitStopType_enemyonly"},{"time":0.1666,"name":"EFView","float":1,"string":"shakeGround_Loop"},{"time":0.1666,"name":"Sound2","string":"cri_se_battle_arrow"},{"time":0.2,"name":"Sound1","string":"setHitSound(se_battle_026_stab)"},{"time":0.2333,"name":"Sound2","string":"cri_se_battle_arrow"},{"time":0.2666,"name":"EFHit","float":1,"string":"resetHitList"},{"time":0.3,"name":"Sound2","string":"cri_se_battle_arrow"},{"time":0.3333,"name":"EFHit","float":1,"string":"resetHitList"},{"time":0.3666,"name":"Sound2","string":"cri_se_battle_arrow"},{"time":0.4,"name":"EFHit","float":1,"string":"resetHitList"},{"time":0.4333,"name":"Sound2","string":"cri_se_battle_arrow"},{"time":0.4666,"name":"EFHit","float":1,"string":"resetHitList"},{"time":0.5,"name":"Sound2","string":"cri_se_battle_arrow"},{"time":0.5333,"name":"EFHit","float":1,"string":"resetHitList"},{"time":0.5666,"name":"Sound2","string":"cri_se_battle_arrow"},{"time":0.6,"name":"EFHit","float":1,"string":"resetHitList"},{"time":0.6333,"name":"Sound2","string":"cri_se_battle_arrow"},{"time":0.6666,"name":"EFHit","float":1,"string":"resetHitList"},{"time":0.7,"name":"Sound2","string":"cri_se_battle_arrow"},{"time":0.7333,"name":"EFHit","float":1,"string":"resetHitList"},{"time":0.8,"name":"EFHit","float":1,"string":"resetHitList"},{"time":0.8666,"name":"EFHit","float":1,"string":"resetHitList"},{"time":0.9333,"name":"EFHit","float":1,"string":"resetHitList"},{"time":1,"name":"EFHit","float":1,"string":"resetHitList"},{"time":1.0666,"name":"EFHit","float":1,"string":"resetHitList"},{"time":1.1,"name":"EFEvent","float":0.3,"string":"kHitStopType_enemyonly"},{"time":1.1333,"name":"EFHit","float":1,"string":"resetHitList"},{"time":1.4333,"name":"EFEvent2","string":"setHitEffect(hit06e,1,1.25,1)"},{"time":1.4333,"name":"EFView","float":3,"string":"shakeGround"},{"time":1.4333,"name":"Sound1","string":"cri_se_battle_thrustviolently"},{"time":1.4333,"name":"Sound2","string":"cri_se_battle_hard_hit"},{"time":1.5,"name":"EFEvent","float":0.4,"string":"kHitStopType_normal"},{"time":1.5,"name":"EFHit","float":30,"string":"resetHitList"}]}}}