{"skeleton":{"hash":"w54cW6rhIvLQwJztQvmj1ehTfw0","spine":"3.0.12","width":0,"height":0,"images":"./images/"},"bones":[{"name":"root"},{"name":"MAIN","parent":"root"},{"name":"EF","parent":"MAIN","x":600,"y":200,"color":"25ff00ff"},{"name":"line","parent":"EF","x":-600,"y":-200,"color":"25ff00ff"},{"name":"efr_SKL2_line4","parent":"line","x":1650,"color":"ff0005ff"},{"name":"efr_SKL2_line3","parent":"line","x":1650,"color":"ff0005ff"},{"name":"efr_SKL2_line2","parent":"line","x":1650,"color":"ff0005ff"},{"name":"efr_SKL2_line1","parent":"line","x":1650,"color":"ff0005ff"},{"name":"efr_SKL2_wave2","parent":"EF","x":1200,"y":-200,"color":"ff0005ff"},{"name":"efr_SKL2_wave1","parent":"EF","x":1150,"y":-200,"color":"ff0005ff"},{"name":"efr_SKL2_dome1","parent":"EF","x":1000,"y":-200,"color":"ff0005ff"},{"name":"DAMAGEAREA","parent":"root"}],"slots":[{"name":"EF/efr_SKL2_dome1/efr_SKL2_dome1_00002","bone":"efr_SKL2_dome1","blend":"additive"},{"name":"EF/efr_SKL2_wave1/efr_SKL2_wave1_00003","bone":"efr_SKL2_wave1","blend":"additive"},{"name":"EF/efr_SKL2_wave2/efr_SKL2_wave2_00003","bone":"efr_SKL2_wave2","blend":"additive"},{"name":"EF/efr_SKL2_line1/efr_SKL2_line1_00007","bone":"efr_SKL2_line1","blend":"additive"},{"name":"EF/efr_SKL2_line1/efr_SKL2_line1_7","bone":"efr_SKL2_line2","blend":"additive"},{"name":"EF/efr_SKL2_line1/efr_SKL2_line1_8","bone":"efr_SKL2_line3","blend":"additive"},{"name":"EF/efr_SKL2_line1/efr_SKL2_line1_9","bone":"efr_SKL2_line4","blend":"additive"},{"name":"DAMAGEAREA","bone":"DAMAGEAREA"}],"skins":{"default":{"DAMAGEAREA":{"DAMAGEAREA":{"type":"boundingbox","vertices":[-31.32451,-30.76886,31.15542,-30.76886,32.03541,31.71107,-28.24451,30.83108]}},"EF/efr_SKL2_dome1/efr_SKL2_dome1_00002":{"EF/efr_SKL2_dome1/efr_SKL2_dome1_00002":{"x":6.25,"y":20.61,"width":200,"height":200},"EF/efr_SKL2_dome1/efr_SKL2_dome1_00003":{"x":6.25,"y":20.61,"width":200,"height":200},"EF/efr_SKL2_dome1/efr_SKL2_dome1_00004":{"x":6.25,"y":20.61,"width":200,"height":200},"EF/efr_SKL2_dome1/efr_SKL2_dome1_00005":{"x":6.25,"y":20.61,"width":200,"height":200},"EF/efr_SKL2_dome1/efr_SKL2_dome1_00006":{"x":6.25,"y":20.61,"width":200,"height":200},"EF/efr_SKL2_dome1/efr_SKL2_dome1_00007":{"x":6.25,"y":20.61,"width":200,"height":200},"EF/efr_SKL2_dome1/efr_SKL2_dome1_00008":{"x":6.25,"y":20.61,"width":200,"height":200},"EF/efr_SKL2_dome1/efr_SKL2_dome1_00009":{"x":6.25,"y":20.61,"width":200,"height":200},"EF/efr_SKL2_dome1/efr_SKL2_dome1_00010":{"x":6.25,"y":20.61,"width":200,"height":200},"EF/efr_SKL2_dome1/efr_SKL2_dome1_00011":{"x":6.25,"y":20.61,"width":200,"height":200},"EF/efr_SKL2_dome1/efr_SKL2_dome1_00013":{"x":6.25,"y":20.61,"width":200,"height":200},"EF/efr_SKL2_dome1/efr_SKL2_dome1_00014":{"x":6.25,"y":20.61,"width":200,"height":200},"EF/efr_SKL2_dome1/efr_SKL2_dome1_00015":{"x":6.25,"y":20.61,"width":200,"height":200},"EF/efr_SKL2_dome1/efr_SKL2_dome1_00016":{"x":6.25,"y":20.61,"width":200,"height":200},"EF/efr_SKL2_dome1/efr_SKL2_dome1_00017":{"x":6.25,"y":20.61,"width":200,"height":200},"EF/efr_SKL2_dome1/efr_SKL2_dome1_00018":{"x":6.25,"y":20.61,"width":200,"height":200},"EF/efr_SKL2_dome1/efr_SKL2_dome1_00019":{"x":6.25,"y":20.61,"width":200,"height":200}},"EF/efr_SKL2_line1/efr_SKL2_line1_00007":{"EF/efr_SKL2_line1/efr_SKL2_line1_00007":{"x":1.93,"width":200,"height":200}},"EF/efr_SKL2_line1/efr_SKL2_line1_7":{"EF/efr_SKL2_line1/efr_SKL2_line1_00007":{"x":1.93,"width":200,"height":200}},"EF/efr_SKL2_line1/efr_SKL2_line1_8":{"EF/efr_SKL2_line1/efr_SKL2_line1_00007":{"x":1.93,"width":200,"height":200}},"EF/efr_SKL2_line1/efr_SKL2_line1_9":{"EF/efr_SKL2_line1/efr_SKL2_line1_00007":{"x":1.93,"width":200,"height":200}},"EF/efr_SKL2_wave1/efr_SKL2_wave1_00003":{"EF/efr_SKL2_wave1/efr_SKL2_wave1_00003":{"y":10.07,"width":200,"height":200},"EF/efr_SKL2_wave1/efr_SKL2_wave1_00005":{"y":10.07,"width":200,"height":200},"EF/efr_SKL2_wave1/efr_SKL2_wave1_00007":{"y":10.07,"width":200,"height":200},"EF/efr_SKL2_wave1/efr_SKL2_wave1_00009":{"y":10.07,"width":200,"height":200},"EF/efr_SKL2_wave1/efr_SKL2_wave1_00012":{"y":10.07,"width":200,"height":200},"EF/efr_SKL2_wave1/efr_SKL2_wave1_00013":{"y":10.07,"width":200,"height":200},"EF/efr_SKL2_wave1/efr_SKL2_wave1_00014":{"y":10.07,"width":200,"height":200},"EF/efr_SKL2_wave1/efr_SKL2_wave1_00015":{"y":10.07,"width":200,"height":200},"EF/efr_SKL2_wave1/efr_SKL2_wave1_00016":{"y":10.07,"width":200,"height":200}},"EF/efr_SKL2_wave2/efr_SKL2_wave2_00003":{"EF/efr_SKL2_wave2/efr_SKL2_wave2_00003":{"y":11.36,"width":200,"height":200},"EF/efr_SKL2_wave2/efr_SKL2_wave2_00005":{"y":11.36,"width":200,"height":200},"EF/efr_SKL2_wave2/efr_SKL2_wave2_00007":{"y":11.36,"width":200,"height":200},"EF/efr_SKL2_wave2/efr_SKL2_wave2_00009":{"y":11.36,"width":200,"height":200},"EF/efr_SKL2_wave2/efr_SKL2_wave2_00010":{"y":11.36,"width":200,"height":200},"EF/efr_SKL2_wave2/efr_SKL2_wave2_00012":{"y":11.36,"width":200,"height":200},"EF/efr_SKL2_wave2/efr_SKL2_wave2_00013":{"y":11.36,"width":200,"height":200},"EF/efr_SKL2_wave2/efr_SKL2_wave2_00014":{"y":11.36,"width":200,"height":200}}}},"events":{"EFEvent":{},"hit":{},"sound":{}},"animations":{"attack1":{"slots":{"DAMAGEAREA":{"attachment":[{"time":0.2333,"name":"DAMAGEAREA"},{"time":0.8333,"name":null}]},"EF/efr_SKL2_dome1/efr_SKL2_dome1_00002":{"attachment":[{"time":0.1,"name":"EF/efr_SKL2_dome1/efr_SKL2_dome1_00002"},{"time":0.1666,"name":"EF/efr_SKL2_dome1/efr_SKL2_dome1_00003"},{"time":0.2333,"name":"EF/efr_SKL2_dome1/efr_SKL2_dome1_00004"},{"time":0.3,"name":"EF/efr_SKL2_dome1/efr_SKL2_dome1_00005"},{"time":0.3666,"name":"EF/efr_SKL2_dome1/efr_SKL2_dome1_00006"},{"time":0.4333,"name":"EF/efr_SKL2_dome1/efr_SKL2_dome1_00007"},{"time":0.5,"name":"EF/efr_SKL2_dome1/efr_SKL2_dome1_00008"},{"time":0.5666,"name":"EF/efr_SKL2_dome1/efr_SKL2_dome1_00009"},{"time":0.6333,"name":"EF/efr_SKL2_dome1/efr_SKL2_dome1_00010"},{"time":0.7,"name":"EF/efr_SKL2_dome1/efr_SKL2_dome1_00011"},{"time":0.7666,"name":"EF/efr_SKL2_dome1/efr_SKL2_dome1_00013"},{"time":0.8333,"name":"EF/efr_SKL2_dome1/efr_SKL2_dome1_00014"},{"time":0.9,"name":"EF/efr_SKL2_dome1/efr_SKL2_dome1_00015"},{"time":0.9666,"name":"EF/efr_SKL2_dome1/efr_SKL2_dome1_00016"},{"time":1.0333,"name":"EF/efr_SKL2_dome1/efr_SKL2_dome1_00017"},{"time":1.1,"name":"EF/efr_SKL2_dome1/efr_SKL2_dome1_00018"},{"time":1.1666,"name":"EF/efr_SKL2_dome1/efr_SKL2_dome1_00019"},{"time":1.2333,"name":null}],"color":[{"time":0.8333,"color":"ffffffff"},{"time":1.2333,"color":"ffffff00"}]},"EF/efr_SKL2_line1/efr_SKL2_line1_00007":{"attachment":[{"time":0.9333,"name":"EF/efr_SKL2_line1/efr_SKL2_line1_00007"},{"time":1.1333,"name":"EF/efr_SKL2_line1/efr_SKL2_line1_00007"},{"time":1.3333,"name":"EF/efr_SKL2_line1/efr_SKL2_line1_00007"},{"time":1.5,"name":null}]},"EF/efr_SKL2_line1/efr_SKL2_line1_7":{"attachment":[{"time":0.8,"name":"EF/efr_SKL2_line1/efr_SKL2_line1_00007"},{"time":1.0666,"name":"EF/efr_SKL2_line1/efr_SKL2_line1_00007"},{"time":1.2333,"name":"EF/efr_SKL2_line1/efr_SKL2_line1_00007"},{"time":1.4,"name":null}]},"EF/efr_SKL2_line1/efr_SKL2_line1_8":{"attachment":[{"time":0.7666,"name":"EF/efr_SKL2_line1/efr_SKL2_line1_00007"},{"time":0.9666,"name":"EF/efr_SKL2_line1/efr_SKL2_line1_00007"},{"time":1.1666,"name":"EF/efr_SKL2_line1/efr_SKL2_line1_00007"},{"time":1.3333,"name":null}]},"EF/efr_SKL2_line1/efr_SKL2_line1_9":{"attachment":[{"time":0.7,"name":"EF/efr_SKL2_line1/efr_SKL2_line1_00007"},{"time":0.8666,"name":null},{"time":1.0333,"name":"EF/efr_SKL2_line1/efr_SKL2_line1_00007"},{"time":1.2,"name":"EF/efr_SKL2_line1/efr_SKL2_line1_00007"},{"time":1.3666,"name":null}]},"EF/efr_SKL2_wave1/efr_SKL2_wave1_00003":{"attachment":[{"time":0.1,"name":"EF/efr_SKL2_wave1/efr_SKL2_wave1_00003"},{"time":0.2333,"name":"EF/efr_SKL2_wave1/efr_SKL2_wave1_00005"},{"time":0.3666,"name":"EF/efr_SKL2_wave1/efr_SKL2_wave1_00007"},{"time":0.5,"name":"EF/efr_SKL2_wave1/efr_SKL2_wave1_00009"},{"time":0.6333,"name":"EF/efr_SKL2_wave1/efr_SKL2_wave1_00012"},{"time":0.7,"name":"EF/efr_SKL2_wave1/efr_SKL2_wave1_00013"},{"time":0.7666,"name":"EF/efr_SKL2_wave1/efr_SKL2_wave1_00014"},{"time":0.8333,"name":"EF/efr_SKL2_wave1/efr_SKL2_wave1_00015"},{"time":0.9,"name":"EF/efr_SKL2_wave1/efr_SKL2_wave1_00016"},{"time":0.9666,"name":null}]},"EF/efr_SKL2_wave2/efr_SKL2_wave2_00003":{"attachment":[{"time":0.2333,"name":"EF/efr_SKL2_wave2/efr_SKL2_wave2_00003"},{"time":0.3666,"name":"EF/efr_SKL2_wave2/efr_SKL2_wave2_00005"},{"time":0.5,"name":"EF/efr_SKL2_wave2/efr_SKL2_wave2_00007"},{"time":0.6333,"name":"EF/efr_SKL2_wave2/efr_SKL2_wave2_00009"},{"time":0.7,"name":"EF/efr_SKL2_wave2/efr_SKL2_wave2_00010"},{"time":0.8333,"name":"EF/efr_SKL2_wave2/efr_SKL2_wave2_00012"},{"time":0.9,"name":"EF/efr_SKL2_wave2/efr_SKL2_wave2_00013"},{"time":0.9666,"name":"EF/efr_SKL2_wave2/efr_SKL2_wave2_00014"},{"time":1.0333,"name":null}]}},"bones":{"efr_SKL2_dome1":{"translate":[{"time":0.1,"x":-1639.56,"y":-27.51},{"time":0.1666,"x":-1639.56,"y":28.85}],"scale":[{"time":0.1,"x":10.221,"y":10.221},{"time":0.1666,"x":23.08,"y":23.08}]},"efr_SKL2_wave1":{"translate":[{"time":0.1,"x":-1766.34,"y":-67.8}],"scale":[{"time":0.1,"x":16.074,"y":16.074}]},"efr_SKL2_wave2":{"translate":[{"time":0.2333,"x":-1815.8,"y":-181.45}],"scale":[{"time":0.2333,"x":12.377,"y":12.377},{"time":0.8,"x":23.143,"y":23.143}]},"efr_SKL2_line1":{"translate":[{"time":0.9333,"x":-1772.28,"y":-115.36},{"time":1.0666,"x":-1772.28,"y":700.63,"curve":"stepped"},{"time":1.1333,"x":-1746.76,"y":-115.36},{"time":1.2666,"x":-1746.76,"y":621.16,"curve":"stepped"},{"time":1.3333,"x":-1787.58,"y":-115.36},{"time":1.4666,"x":-1787.58,"y":750.44},{"time":2.5666,"x":-1797.58,"y":750.44}],"scale":[{"time":0.9333,"x":2.632,"y":4.321,"curve":"stepped"},{"time":1.1333,"x":2.632,"y":4.321,"curve":"stepped"},{"time":1.3333,"x":2.632,"y":4.321}]},"efr_SKL2_line2":{"translate":[{"time":0.8,"x":-1646.64,"y":-27.41},{"time":0.9333,"x":-1646.64,"y":756.35,"curve":"stepped"},{"time":1.0666,"x":-1595.23,"y":-125.33},{"time":1.2,"x":-1595.23,"y":709.42,"curve":"stepped"},{"time":1.2333,"x":-1532.29,"y":-125.33},{"time":1.3666,"x":-1532.29,"y":716.65}],"scale":[{"time":0.8,"x":2.39,"y":4.321,"curve":"stepped"},{"time":1.0666,"x":2.39,"y":4.321,"curve":"stepped"},{"time":1.2333,"x":2.39,"y":4.321}]},"efr_SKL2_line3":{"translate":[{"time":0.7666,"x":-1601.96,"y":-115.6},{"time":0.9,"x":-1601.96,"y":756.07,"curve":"stepped"},{"time":0.9666,"x":-1668.2,"y":-146.65},{"time":1.1,"x":-1668.2,"y":652.36,"curve":"stepped"},{"time":1.1666,"x":-1729.44,"y":-146.65},{"time":1.3,"x":-1729.44,"y":622.2}],"scale":[{"time":0.7666,"x":2.209,"y":4.321,"curve":"stepped"},{"time":0.9666,"x":2.209,"y":4.321,"curve":"stepped"},{"time":1.1666,"x":2.209,"y":4.321}]},"efr_SKL2_line4":{"translate":[{"time":0.7,"x":-1747.15,"y":-87.44},{"time":0.8333,"x":-1747.15,"y":767.57,"curve":"stepped"},{"time":1.0333,"x":-1710.65,"y":-162.18},{"time":1.1666,"x":-1710.65,"y":685.96,"curve":"stepped"},{"time":1.2,"x":-1629,"y":-235.32},{"time":1.3333,"x":-1629,"y":708.73}],"scale":[{"time":0.7,"x":4.321,"y":4.321,"curve":"stepped"},{"time":1.0333,"x":4.321,"y":4.321,"curve":"stepped"},{"time":1.2,"x":4.321,"y":4.321}]},"line":{"scale":[{"time":0,"x":2.94,"y":1.517}]},"DAMAGEAREA":{"translate":[{"time":0.2333,"x":0,"y":184.2},{"time":0.8333,"x":0,"y":1344.09}],"scale":[{"time":0.2333,"x":15.121,"y":9.227},{"time":0.8333,"x":52.261,"y":61.919}]}},"events":[{"time":0,"name":"EFEvent","string":"kImpactType-knock"},{"time":0,"name":"sound","string":"cri_se_battle_029_explosion_01"},{"time":0.0333,"name":"EFEvent","string":"shakeGround"},{"time":0.0333,"name":"sound","string":"cri_se_battle_032_explosion_04"},{"time":0.0666,"name":"EFEvent","float":0.1,"string":"kHitStopType-enemyonly"},{"time":0.1,"name":"EFEvent","string":"setHitBackEnemy(5,10)"},{"time":0.2333,"name":"EFEvent","string":"shakeGround"},{"time":0.3,"name":"hit","string":"resetHitList"},{"time":0.3666,"name":"hit","string":"resetHitList"},{"time":0.4333,"name":"hit","string":"resetHitList"},{"time":0.5,"name":"EFEvent","string":"shakeGround"},{"time":0.5,"name":"hit","string":"resetHitList"},{"time":0.5666,"name":"hit","string":"resetHitList"},{"time":0.6333,"name":"hit","string":"resetHitList"},{"time":0.7,"name":"hit","string":"resetHitList"},{"time":0.7333,"name":"EFEvent","string":"shakeGround"},{"time":0.7666,"name":"EFEvent","float":0.3,"string":"kHitStopType-enemyonly"},{"time":0.7666,"name":"hit","string":"resetHitList"},{"time":0.9333,"name":"EFEvent","string":"shakeGround"}]}}}