{"skeleton":{"hash":"ArzPINWJCJeprdw3ubQ3cRPhfho","spine":"3.0.12","width":0,"height":0},"bones":[{"name":"root"},{"name":"MAIN","parent":"root"},{"name":"EF","parent":"MAIN","y":70},{"name":"ef_time_wave_main","parent":"EF"},{"name":"ef_graund_wave_rev_main2","parent":"EF"},{"name":"ef_dash_main","parent":"EF"},{"name":"ef_Debuff_particle_main","parent":"EF"},{"name":"ef_Debuff_aura_main3","parent":"EF"},{"name":"ef_Debuff_aura_main2","parent":"EF"},{"name":"ef_Debuff_aura_main","parent":"EF"}],"slots":[{"name":"EF/a/ef_Debuff_aura_main/ef_Debuff_aura_main_3","bone":"ef_Debuff_aura_main3","blend":"additive"},{"name":"EF/a/ef_time_wave_main/ef_time_wave_main_00001","bone":"ef_time_wave_main"},{"name":"EF/a/ef_Debuff_aura_main/ef_Debuff_aura_main_00002","bone":"ef_Debuff_aura_main","blend":"additive"},{"name":"EF/a/ef_Debuff_aura_main/ef_Debuff_aura_main_2","bone":"ef_Debuff_aura_main2","blend":"additive"},{"name":"EF/a/ef_Debuff_particle_main/ef_Debuff_particle_main_00004","bone":"ef_Debuff_particle_main","blend":"additive"},{"name":"EF/a/ef_dash_main/ef_dash_main_00001","bone":"ef_dash_main","blend":"additive"},{"name":"EF/a/ef_graund_wave_rev_main 2/ef_graund_wave_rev_main 2_00001","bone":"ef_graund_wave_rev_main2","blend":"additive"}],"skins":{"default":{"EF/a/ef_Debuff_aura_main/ef_Debuff_aura_main_00002":{"EF/a/ef_Debuff_aura_main/ef_Debuff_aura_main_00002":{"y":-70,"width":91,"height":182},"EF/a/ef_Debuff_aura_main/ef_Debuff_aura_main_00003":{"y":-70,"width":91,"height":182},"EF/a/ef_Debuff_aura_main/ef_Debuff_aura_main_00004":{"y":-70,"width":91,"height":182},"EF/a/ef_Debuff_aura_main/ef_Debuff_aura_main_00005":{"y":-70,"width":91,"height":182},"EF/a/ef_Debuff_aura_main/ef_Debuff_aura_main_00006":{"y":-70,"width":91,"height":182},"EF/a/ef_Debuff_aura_main/ef_Debuff_aura_main_00007":{"y":-70,"width":91,"height":182},"EF/a/ef_Debuff_aura_main/ef_Debuff_aura_main_00008":{"y":-70,"width":91,"height":182},"EF/a/ef_Debuff_aura_main/ef_Debuff_aura_main_00009":{"y":-70,"width":91,"height":182},"EF/a/ef_Debuff_aura_main/ef_Debuff_aura_main_00010":{"y":-70,"width":91,"height":182},"EF/a/ef_Debuff_aura_main/ef_Debuff_aura_main_00011":{"y":-70,"width":91,"height":182},"EF/a/ef_Debuff_aura_main/ef_Debuff_aura_main_00013":{"y":-70,"width":91,"height":182},"EF/a/ef_Debuff_aura_main/ef_Debuff_aura_main_00015":{"y":-70,"width":91,"height":182},"EF/a/ef_Debuff_aura_main/ef_Debuff_aura_main_00017":{"y":-70,"width":91,"height":182},"EF/a/ef_Debuff_aura_main/ef_Debuff_aura_main_00019":{"y":-70,"width":91,"height":182},"EF/a/ef_Debuff_aura_main/ef_Debuff_aura_main_00021":{"y":-70,"width":91,"height":182},"EF/a/ef_Debuff_aura_main/ef_Debuff_aura_main_00023":{"y":-70,"width":91,"height":182},"EF/a/ef_Debuff_aura_main/ef_Debuff_aura_main_00025":{"y":-70,"width":91,"height":182},"EF/a/ef_Debuff_aura_main/ef_Debuff_aura_main_00027":{"y":-70,"width":91,"height":182},"EF/a/ef_Debuff_aura_main/ef_Debuff_aura_main_00029":{"y":-70,"width":91,"height":182},"EF/a/ef_Debuff_aura_main/ef_Debuff_aura_main_00031":{"y":-70,"width":91,"height":182},"EF/a/ef_Debuff_aura_main/ef_Debuff_aura_main_00033":{"y":-70,"width":91,"height":182},"EF/a/ef_Debuff_aura_main/ef_Debuff_aura_main_00035":{"y":-70,"width":91,"height":182},"EF/a/ef_Debuff_aura_main/ef_Debuff_aura_main_00037":{"y":-70,"width":91,"height":182},"EF/a/ef_Debuff_aura_main/ef_Debuff_aura_main_00039":{"y":-70,"width":91,"height":182},"EF/a/ef_Debuff_aura_main/ef_Debuff_aura_main_00041":{"y":-70,"width":91,"height":182},"EF/a/ef_Debuff_aura_main/ef_Debuff_aura_main_00043":{"y":-70,"width":91,"height":182},"EF/a/ef_Debuff_aura_main/ef_Debuff_aura_main_00045":{"y":-70,"width":91,"height":182},"EF/a/ef_Debuff_aura_main/ef_Debuff_aura_main_00047":{"y":-70,"width":91,"height":182},"EF/a/ef_Debuff_aura_main/ef_Debuff_aura_main_00049":{"y":-70,"width":91,"height":182},"EF/a/ef_Debuff_aura_main/ef_Debuff_aura_main_00051":{"y":-70,"width":91,"height":182},"EF/a/ef_Debuff_aura_main/ef_Debuff_aura_main_00053":{"y":-70,"width":91,"height":182},"EF/a/ef_Debuff_aura_main/ef_Debuff_aura_main_00055":{"y":-70,"width":91,"height":182},"EF/a/ef_Debuff_aura_main/ef_Debuff_aura_main_00057":{"y":-70,"width":91,"height":182},"EF/a/ef_Debuff_aura_main/ef_Debuff_aura_main_00059":{"y":-70,"width":91,"height":182},"EF/a/ef_Debuff_aura_main/ef_Debuff_aura_main_00061":{"y":-70,"width":91,"height":182},"EF/a/ef_Debuff_aura_main/ef_Debuff_aura_main_00063":{"y":-70,"width":91,"height":182},"EF/a/ef_Debuff_aura_main/ef_Debuff_aura_main_00065":{"y":-70,"width":91,"height":182},"EF/a/ef_Debuff_aura_main/ef_Debuff_aura_main_00067":{"y":-70,"width":91,"height":182},"EF/a/ef_Debuff_aura_main/ef_Debuff_aura_main_00069":{"y":-70,"width":91,"height":182},"EF/a/ef_Debuff_aura_main/ef_Debuff_aura_main_00071":{"y":-70,"width":91,"height":182},"EF/a/ef_Debuff_aura_main/ef_Debuff_aura_main_00073":{"y":-70,"width":91,"height":182},"EF/a/ef_Debuff_aura_main/ef_Debuff_aura_main_00075":{"y":-70,"width":91,"height":182},"EF/a/ef_Debuff_aura_main/ef_Debuff_aura_main_00077":{"y":-70,"width":91,"height":182},"EF/a/ef_Debuff_aura_main/ef_Debuff_aura_main_00079":{"y":-70,"width":91,"height":182},"EF/a/ef_Debuff_aura_main/ef_Debuff_aura_main_00081":{"y":-70,"width":91,"height":182},"EF/a/ef_Debuff_aura_main/ef_Debuff_aura_main_00082":{"y":-70,"width":91,"height":182},"EF/a/ef_Debuff_aura_main/ef_Debuff_aura_main_00083":{"y":-70,"width":91,"height":182},"EF/a/ef_Debuff_aura_main/ef_Debuff_aura_main_00085":{"y":-70,"width":91,"height":182},"EF/a/ef_Debuff_aura_main/ef_Debuff_aura_main_00086":{"y":-70,"width":91,"height":182},"EF/a/ef_Debuff_aura_main/ef_Debuff_aura_main_00088":{"y":-70,"width":91,"height":182},"EF/a/ef_Debuff_aura_main/ef_Debuff_aura_main_00089":{"y":-70,"width":91,"height":182}},"EF/a/ef_Debuff_aura_main/ef_Debuff_aura_main_2":{"EF/a/ef_Debuff_aura_main/ef_Debuff_aura_main_00002":{"y":-70,"width":91,"height":182},"EF/a/ef_Debuff_aura_main/ef_Debuff_aura_main_00003":{"y":-70,"width":91,"height":182},"EF/a/ef_Debuff_aura_main/ef_Debuff_aura_main_00004":{"y":-70,"width":91,"height":182},"EF/a/ef_Debuff_aura_main/ef_Debuff_aura_main_00005":{"y":-70,"width":91,"height":182},"EF/a/ef_Debuff_aura_main/ef_Debuff_aura_main_00006":{"y":-70,"width":91,"height":182},"EF/a/ef_Debuff_aura_main/ef_Debuff_aura_main_00007":{"y":-70,"width":91,"height":182},"EF/a/ef_Debuff_aura_main/ef_Debuff_aura_main_00008":{"y":-70,"width":91,"height":182},"EF/a/ef_Debuff_aura_main/ef_Debuff_aura_main_00009":{"y":-70,"width":91,"height":182},"EF/a/ef_Debuff_aura_main/ef_Debuff_aura_main_00010":{"y":-70,"width":91,"height":182},"EF/a/ef_Debuff_aura_main/ef_Debuff_aura_main_00011":{"y":-70,"width":91,"height":182},"EF/a/ef_Debuff_aura_main/ef_Debuff_aura_main_00013":{"y":-70,"width":91,"height":182},"EF/a/ef_Debuff_aura_main/ef_Debuff_aura_main_00015":{"y":-70,"width":91,"height":182},"EF/a/ef_Debuff_aura_main/ef_Debuff_aura_main_00017":{"y":-70,"width":91,"height":182},"EF/a/ef_Debuff_aura_main/ef_Debuff_aura_main_00019":{"y":-70,"width":91,"height":182},"EF/a/ef_Debuff_aura_main/ef_Debuff_aura_main_00021":{"y":-70,"width":91,"height":182},"EF/a/ef_Debuff_aura_main/ef_Debuff_aura_main_00023":{"y":-70,"width":91,"height":182},"EF/a/ef_Debuff_aura_main/ef_Debuff_aura_main_00025":{"y":-70,"width":91,"height":182},"EF/a/ef_Debuff_aura_main/ef_Debuff_aura_main_00027":{"y":-70,"width":91,"height":182},"EF/a/ef_Debuff_aura_main/ef_Debuff_aura_main_00029":{"y":-70,"width":91,"height":182},"EF/a/ef_Debuff_aura_main/ef_Debuff_aura_main_00031":{"y":-70,"width":91,"height":182},"EF/a/ef_Debuff_aura_main/ef_Debuff_aura_main_00033":{"y":-70,"width":91,"height":182},"EF/a/ef_Debuff_aura_main/ef_Debuff_aura_main_00035":{"y":-70,"width":91,"height":182},"EF/a/ef_Debuff_aura_main/ef_Debuff_aura_main_00037":{"y":-70,"width":91,"height":182},"EF/a/ef_Debuff_aura_main/ef_Debuff_aura_main_00039":{"y":-70,"width":91,"height":182},"EF/a/ef_Debuff_aura_main/ef_Debuff_aura_main_00041":{"y":-70,"width":91,"height":182},"EF/a/ef_Debuff_aura_main/ef_Debuff_aura_main_00043":{"y":-70,"width":91,"height":182},"EF/a/ef_Debuff_aura_main/ef_Debuff_aura_main_00045":{"y":-70,"width":91,"height":182},"EF/a/ef_Debuff_aura_main/ef_Debuff_aura_main_00047":{"y":-70,"width":91,"height":182},"EF/a/ef_Debuff_aura_main/ef_Debuff_aura_main_00049":{"y":-70,"width":91,"height":182},"EF/a/ef_Debuff_aura_main/ef_Debuff_aura_main_00051":{"y":-70,"width":91,"height":182},"EF/a/ef_Debuff_aura_main/ef_Debuff_aura_main_00053":{"y":-70,"width":91,"height":182},"EF/a/ef_Debuff_aura_main/ef_Debuff_aura_main_00055":{"y":-70,"width":91,"height":182},"EF/a/ef_Debuff_aura_main/ef_Debuff_aura_main_00057":{"y":-70,"width":91,"height":182},"EF/a/ef_Debuff_aura_main/ef_Debuff_aura_main_00059":{"y":-70,"width":91,"height":182},"EF/a/ef_Debuff_aura_main/ef_Debuff_aura_main_00061":{"y":-70,"width":91,"height":182},"EF/a/ef_Debuff_aura_main/ef_Debuff_aura_main_00063":{"y":-70,"width":91,"height":182},"EF/a/ef_Debuff_aura_main/ef_Debuff_aura_main_00065":{"y":-70,"width":91,"height":182},"EF/a/ef_Debuff_aura_main/ef_Debuff_aura_main_00067":{"y":-70,"width":91,"height":182},"EF/a/ef_Debuff_aura_main/ef_Debuff_aura_main_00069":{"y":-70,"width":91,"height":182},"EF/a/ef_Debuff_aura_main/ef_Debuff_aura_main_00071":{"y":-70,"width":91,"height":182},"EF/a/ef_Debuff_aura_main/ef_Debuff_aura_main_00073":{"y":-70,"width":91,"height":182},"EF/a/ef_Debuff_aura_main/ef_Debuff_aura_main_00075":{"y":-70,"width":91,"height":182},"EF/a/ef_Debuff_aura_main/ef_Debuff_aura_main_00077":{"y":-70,"width":91,"height":182},"EF/a/ef_Debuff_aura_main/ef_Debuff_aura_main_00079":{"y":-70,"width":91,"height":182},"EF/a/ef_Debuff_aura_main/ef_Debuff_aura_main_00081":{"y":-70,"width":91,"height":182},"EF/a/ef_Debuff_aura_main/ef_Debuff_aura_main_00082":{"y":-70,"width":91,"height":182},"EF/a/ef_Debuff_aura_main/ef_Debuff_aura_main_00083":{"y":-70,"width":91,"height":182},"EF/a/ef_Debuff_aura_main/ef_Debuff_aura_main_00085":{"y":-70,"width":91,"height":182},"EF/a/ef_Debuff_aura_main/ef_Debuff_aura_main_00086":{"y":-70,"width":91,"height":182},"EF/a/ef_Debuff_aura_main/ef_Debuff_aura_main_00088":{"y":-70,"width":91,"height":182},"EF/a/ef_Debuff_aura_main/ef_Debuff_aura_main_00089":{"y":-70,"width":91,"height":182}},"EF/a/ef_Debuff_aura_main/ef_Debuff_aura_main_3":{"EF/a/ef_Debuff_aura_main/ef_Debuff_aura_main_00002":{"y":-70,"width":91,"height":182},"EF/a/ef_Debuff_aura_main/ef_Debuff_aura_main_00003":{"y":-70,"width":91,"height":182},"EF/a/ef_Debuff_aura_main/ef_Debuff_aura_main_00004":{"y":-70,"width":91,"height":182},"EF/a/ef_Debuff_aura_main/ef_Debuff_aura_main_00005":{"y":-70,"width":91,"height":182},"EF/a/ef_Debuff_aura_main/ef_Debuff_aura_main_00006":{"y":-70,"width":91,"height":182},"EF/a/ef_Debuff_aura_main/ef_Debuff_aura_main_00007":{"y":-70,"width":91,"height":182},"EF/a/ef_Debuff_aura_main/ef_Debuff_aura_main_00008":{"y":-70,"width":91,"height":182},"EF/a/ef_Debuff_aura_main/ef_Debuff_aura_main_00009":{"y":-70,"width":91,"height":182},"EF/a/ef_Debuff_aura_main/ef_Debuff_aura_main_00010":{"y":-70,"width":91,"height":182},"EF/a/ef_Debuff_aura_main/ef_Debuff_aura_main_00011":{"y":-70,"width":91,"height":182},"EF/a/ef_Debuff_aura_main/ef_Debuff_aura_main_00013":{"y":-70,"width":91,"height":182},"EF/a/ef_Debuff_aura_main/ef_Debuff_aura_main_00015":{"y":-70,"width":91,"height":182},"EF/a/ef_Debuff_aura_main/ef_Debuff_aura_main_00017":{"y":-70,"width":91,"height":182},"EF/a/ef_Debuff_aura_main/ef_Debuff_aura_main_00019":{"y":-70,"width":91,"height":182},"EF/a/ef_Debuff_aura_main/ef_Debuff_aura_main_00021":{"y":-70,"width":91,"height":182},"EF/a/ef_Debuff_aura_main/ef_Debuff_aura_main_00023":{"y":-70,"width":91,"height":182},"EF/a/ef_Debuff_aura_main/ef_Debuff_aura_main_00025":{"y":-70,"width":91,"height":182},"EF/a/ef_Debuff_aura_main/ef_Debuff_aura_main_00027":{"y":-70,"width":91,"height":182},"EF/a/ef_Debuff_aura_main/ef_Debuff_aura_main_00029":{"y":-70,"width":91,"height":182},"EF/a/ef_Debuff_aura_main/ef_Debuff_aura_main_00031":{"y":-70,"width":91,"height":182},"EF/a/ef_Debuff_aura_main/ef_Debuff_aura_main_00033":{"y":-70,"width":91,"height":182},"EF/a/ef_Debuff_aura_main/ef_Debuff_aura_main_00035":{"y":-70,"width":91,"height":182},"EF/a/ef_Debuff_aura_main/ef_Debuff_aura_main_00037":{"y":-70,"width":91,"height":182},"EF/a/ef_Debuff_aura_main/ef_Debuff_aura_main_00039":{"y":-70,"width":91,"height":182},"EF/a/ef_Debuff_aura_main/ef_Debuff_aura_main_00041":{"y":-70,"width":91,"height":182},"EF/a/ef_Debuff_aura_main/ef_Debuff_aura_main_00043":{"y":-70,"width":91,"height":182},"EF/a/ef_Debuff_aura_main/ef_Debuff_aura_main_00045":{"y":-70,"width":91,"height":182},"EF/a/ef_Debuff_aura_main/ef_Debuff_aura_main_00047":{"y":-70,"width":91,"height":182},"EF/a/ef_Debuff_aura_main/ef_Debuff_aura_main_00049":{"y":-70,"width":91,"height":182},"EF/a/ef_Debuff_aura_main/ef_Debuff_aura_main_00051":{"y":-70,"width":91,"height":182},"EF/a/ef_Debuff_aura_main/ef_Debuff_aura_main_00053":{"y":-70,"width":91,"height":182},"EF/a/ef_Debuff_aura_main/ef_Debuff_aura_main_00055":{"y":-70,"width":91,"height":182},"EF/a/ef_Debuff_aura_main/ef_Debuff_aura_main_00057":{"y":-70,"width":91,"height":182},"EF/a/ef_Debuff_aura_main/ef_Debuff_aura_main_00059":{"y":-70,"width":91,"height":182},"EF/a/ef_Debuff_aura_main/ef_Debuff_aura_main_00061":{"y":-70,"width":91,"height":182},"EF/a/ef_Debuff_aura_main/ef_Debuff_aura_main_00063":{"y":-70,"width":91,"height":182},"EF/a/ef_Debuff_aura_main/ef_Debuff_aura_main_00065":{"y":-70,"width":91,"height":182},"EF/a/ef_Debuff_aura_main/ef_Debuff_aura_main_00067":{"y":-70,"width":91,"height":182},"EF/a/ef_Debuff_aura_main/ef_Debuff_aura_main_00069":{"y":-70,"width":91,"height":182},"EF/a/ef_Debuff_aura_main/ef_Debuff_aura_main_00071":{"y":-70,"width":91,"height":182},"EF/a/ef_Debuff_aura_main/ef_Debuff_aura_main_00073":{"y":-70,"width":91,"height":182},"EF/a/ef_Debuff_aura_main/ef_Debuff_aura_main_00075":{"y":-70,"width":91,"height":182},"EF/a/ef_Debuff_aura_main/ef_Debuff_aura_main_00077":{"y":-70,"width":91,"height":182},"EF/a/ef_Debuff_aura_main/ef_Debuff_aura_main_00079":{"y":-70,"width":91,"height":182},"EF/a/ef_Debuff_aura_main/ef_Debuff_aura_main_00081":{"y":-70,"width":91,"height":182},"EF/a/ef_Debuff_aura_main/ef_Debuff_aura_main_00082":{"y":-70,"width":91,"height":182},"EF/a/ef_Debuff_aura_main/ef_Debuff_aura_main_00083":{"y":-70,"width":91,"height":182},"EF/a/ef_Debuff_aura_main/ef_Debuff_aura_main_00085":{"y":-70,"width":91,"height":182},"EF/a/ef_Debuff_aura_main/ef_Debuff_aura_main_00086":{"y":-70,"width":91,"height":182},"EF/a/ef_Debuff_aura_main/ef_Debuff_aura_main_00088":{"y":-70,"width":91,"height":182},"EF/a/ef_Debuff_aura_main/ef_Debuff_aura_main_00089":{"y":-70,"width":91,"height":182}},"EF/a/ef_Debuff_particle_main/ef_Debuff_particle_main_00004":{"EF/a/ef_Debuff_particle_main/ef_Debuff_particle_main_00004":{"y":-70,"width":162,"height":162},"EF/a/ef_Debuff_particle_main/ef_Debuff_particle_main_00005":{"y":-70,"width":162,"height":162},"EF/a/ef_Debuff_particle_main/ef_Debuff_particle_main_00007":{"y":-70,"width":162,"height":162},"EF/a/ef_Debuff_particle_main/ef_Debuff_particle_main_00008":{"y":-70,"width":162,"height":162},"EF/a/ef_Debuff_particle_main/ef_Debuff_particle_main_00010":{"y":-70,"width":162,"height":162},"EF/a/ef_Debuff_particle_main/ef_Debuff_particle_main_00011":{"y":-70,"width":162,"height":162},"EF/a/ef_Debuff_particle_main/ef_Debuff_particle_main_00013":{"y":-70,"width":162,"height":162},"EF/a/ef_Debuff_particle_main/ef_Debuff_particle_main_00014":{"y":-70,"width":162,"height":162},"EF/a/ef_Debuff_particle_main/ef_Debuff_particle_main_00016":{"y":-70,"width":162,"height":162},"EF/a/ef_Debuff_particle_main/ef_Debuff_particle_main_00017":{"y":-70,"width":162,"height":162},"EF/a/ef_Debuff_particle_main/ef_Debuff_particle_main_00019":{"y":-70,"width":162,"height":162},"EF/a/ef_Debuff_particle_main/ef_Debuff_particle_main_00020":{"y":-70,"width":162,"height":162},"EF/a/ef_Debuff_particle_main/ef_Debuff_particle_main_00022":{"y":-70,"width":162,"height":162},"EF/a/ef_Debuff_particle_main/ef_Debuff_particle_main_00023":{"y":-70,"width":162,"height":162},"EF/a/ef_Debuff_particle_main/ef_Debuff_particle_main_00025":{"y":-70,"width":162,"height":162},"EF/a/ef_Debuff_particle_main/ef_Debuff_particle_main_00026":{"y":-70,"width":162,"height":162},"EF/a/ef_Debuff_particle_main/ef_Debuff_particle_main_00028":{"y":-70,"width":162,"height":162},"EF/a/ef_Debuff_particle_main/ef_Debuff_particle_main_00029":{"y":-70,"width":162,"height":162},"EF/a/ef_Debuff_particle_main/ef_Debuff_particle_main_00031":{"y":-70,"width":162,"height":162},"EF/a/ef_Debuff_particle_main/ef_Debuff_particle_main_00032":{"y":-70,"width":162,"height":162},"EF/a/ef_Debuff_particle_main/ef_Debuff_particle_main_00034":{"y":-70,"width":162,"height":162},"EF/a/ef_Debuff_particle_main/ef_Debuff_particle_main_00035":{"y":-70,"width":162,"height":162},"EF/a/ef_Debuff_particle_main/ef_Debuff_particle_main_00037":{"y":-70,"width":162,"height":162},"EF/a/ef_Debuff_particle_main/ef_Debuff_particle_main_00038":{"y":-70,"width":162,"height":162},"EF/a/ef_Debuff_particle_main/ef_Debuff_particle_main_00040":{"y":-70,"width":162,"height":162},"EF/a/ef_Debuff_particle_main/ef_Debuff_particle_main_00041":{"y":-70,"width":162,"height":162},"EF/a/ef_Debuff_particle_main/ef_Debuff_particle_main_00043":{"y":-70,"width":162,"height":162},"EF/a/ef_Debuff_particle_main/ef_Debuff_particle_main_00044":{"y":-70,"width":162,"height":162},"EF/a/ef_Debuff_particle_main/ef_Debuff_particle_main_00046":{"y":-70,"width":162,"height":162},"EF/a/ef_Debuff_particle_main/ef_Debuff_particle_main_00047":{"y":-70,"width":162,"height":162},"EF/a/ef_Debuff_particle_main/ef_Debuff_particle_main_00049":{"y":-70,"width":162,"height":162},"EF/a/ef_Debuff_particle_main/ef_Debuff_particle_main_00050":{"y":-70,"width":162,"height":162},"EF/a/ef_Debuff_particle_main/ef_Debuff_particle_main_00052":{"y":-70,"width":162,"height":162},"EF/a/ef_Debuff_particle_main/ef_Debuff_particle_main_00053":{"y":-70,"width":162,"height":162},"EF/a/ef_Debuff_particle_main/ef_Debuff_particle_main_00055":{"y":-70,"width":162,"height":162},"EF/a/ef_Debuff_particle_main/ef_Debuff_particle_main_00056":{"y":-70,"width":162,"height":162},"EF/a/ef_Debuff_particle_main/ef_Debuff_particle_main_00057":{"y":-70,"width":162,"height":162},"EF/a/ef_Debuff_particle_main/ef_Debuff_particle_main_00058":{"y":-70,"width":162,"height":162}},"EF/a/ef_graund_wave_rev_main 2/ef_graund_wave_rev_main 2_00001":{"EF/a/ef_graund_wave_rev_main 2/ef_graund_wave_rev_main 2_00001":{"y":-70,"width":320,"height":160},"EF/a/ef_graund_wave_rev_main 2/ef_graund_wave_rev_main 2_00002":{"y":-70,"width":320,"height":160},"EF/a/ef_graund_wave_rev_main 2/ef_graund_wave_rev_main 2_00003":{"y":-70,"width":320,"height":160},"EF/a/ef_graund_wave_rev_main 2/ef_graund_wave_rev_main 2_00004":{"y":-70,"width":320,"height":160},"EF/a/ef_graund_wave_rev_main 2/ef_graund_wave_rev_main 2_00005":{"y":-70,"width":320,"height":160},"EF/a/ef_graund_wave_rev_main 2/ef_graund_wave_rev_main 2_00006":{"y":-70,"width":320,"height":160},"EF/a/ef_graund_wave_rev_main 2/ef_graund_wave_rev_main 2_00007":{"y":-70,"width":320,"height":160},"EF/a/ef_graund_wave_rev_main 2/ef_graund_wave_rev_main 2_00008":{"y":-70,"width":320,"height":160},"EF/a/ef_graund_wave_rev_main 2/ef_graund_wave_rev_main 2_00009":{"y":-70,"width":320,"height":160}},"EF/a/ef_time_wave_main/ef_time_wave_main_00001":{"EF/a/ef_time_wave_main/ef_time_wave_main_00001":{"y":-70,"width":180,"height":180},"EF/a/ef_time_wave_main/ef_time_wave_main_00002":{"y":-70,"width":180,"height":180},"EF/a/ef_time_wave_main/ef_time_wave_main_00003":{"y":-70,"width":180,"height":180},"EF/a/ef_time_wave_main/ef_time_wave_main_00004":{"y":-70,"width":180,"height":180},"EF/a/ef_time_wave_main/ef_time_wave_main_00005":{"y":-70,"width":180,"height":180},"EF/a/ef_time_wave_main/ef_time_wave_main_00006":{"y":-70,"width":180,"height":180},"EF/a/ef_time_wave_main/ef_time_wave_main_00007":{"y":-70,"width":180,"height":180},"EF/a/ef_time_wave_main/ef_time_wave_main_00008":{"y":-70,"width":180,"height":180},"EF/a/ef_time_wave_main/ef_time_wave_main_00009":{"y":-70,"width":180,"height":180},"EF/a/ef_time_wave_main/ef_time_wave_main_00010":{"y":-70,"width":180,"height":180},"EF/a/ef_time_wave_main/ef_time_wave_main_00011":{"y":-70,"width":180,"height":180},"EF/a/ef_time_wave_main/ef_time_wave_main_00012":{"y":-70,"width":180,"height":180},"EF/a/ef_time_wave_main/ef_time_wave_main_00013":{"y":-70,"width":180,"height":180},"EF/a/ef_time_wave_main/ef_time_wave_main_00014":{"y":-70,"width":180,"height":180},"EF/a/ef_time_wave_main/ef_time_wave_main_00015":{"y":-70,"width":180,"height":180},"EF/a/ef_time_wave_main/ef_time_wave_main_00016":{"y":-70,"width":180,"height":180},"EF/a/ef_time_wave_main/ef_time_wave_main_00017":{"y":-70,"width":180,"height":180},"EF/a/ef_time_wave_main/ef_time_wave_main_00018":{"y":-70,"width":180,"height":180},"EF/a/ef_time_wave_main/ef_time_wave_main_00019":{"y":-70,"width":180,"height":180},"EF/a/ef_time_wave_main/ef_time_wave_main_00020":{"y":-70,"width":180,"height":180},"EF/a/ef_time_wave_main/ef_time_wave_main_00021":{"y":-70,"width":180,"height":180},"EF/a/ef_time_wave_main/ef_time_wave_main_00022":{"y":-70,"width":180,"height":180},"EF/a/ef_time_wave_main/ef_time_wave_main_00023":{"y":-70,"width":180,"height":180},"EF/a/ef_time_wave_main/ef_time_wave_main_00024":{"y":-70,"width":180,"height":180},"EF/a/ef_time_wave_main/ef_time_wave_main_00025":{"y":-70,"width":180,"height":180},"EF/a/ef_time_wave_main/ef_time_wave_main_00026":{"y":-70,"width":180,"height":180},"EF/a/ef_time_wave_main/ef_time_wave_main_00027":{"y":-70,"width":180,"height":180},"EF/a/ef_time_wave_main/ef_time_wave_main_00028":{"y":-70,"width":180,"height":180},"EF/a/ef_time_wave_main/ef_time_wave_main_00029":{"y":-70,"width":180,"height":180},"EF/a/ef_time_wave_main/ef_time_wave_main_00030":{"y":-70,"width":180,"height":180},"EF/a/ef_time_wave_main/ef_time_wave_main_00031":{"y":-70,"width":180,"height":180},"EF/a/ef_time_wave_main/ef_time_wave_main_00032":{"y":-70,"width":180,"height":180},"EF/a/ef_time_wave_main/ef_time_wave_main_00033":{"y":-70,"width":180,"height":180},"EF/a/ef_time_wave_main/ef_time_wave_main_00034":{"y":-70,"width":180,"height":180},"EF/a/ef_time_wave_main/ef_time_wave_main_00035":{"y":-70,"width":180,"height":180},"EF/a/ef_time_wave_main/ef_time_wave_main_00036":{"y":-70,"width":180,"height":180},"EF/a/ef_time_wave_main/ef_time_wave_main_00037":{"y":-70,"width":180,"height":180},"EF/a/ef_time_wave_main/ef_time_wave_main_00038":{"y":-70,"width":180,"height":180},"EF/a/ef_time_wave_main/ef_time_wave_main_00039":{"y":-70,"width":180,"height":180},"EF/a/ef_time_wave_main/ef_time_wave_main_00040":{"y":-70,"width":180,"height":180},"EF/a/ef_time_wave_main/ef_time_wave_main_00041":{"y":-70,"width":180,"height":180},"EF/a/ef_time_wave_main/ef_time_wave_main_00042":{"y":-70,"width":180,"height":180},"EF/a/ef_time_wave_main/ef_time_wave_main_00043":{"y":-70,"width":180,"height":180},"EF/a/ef_time_wave_main/ef_time_wave_main_00044":{"y":-70,"width":180,"height":180},"EF/a/ef_time_wave_main/ef_time_wave_main_00045":{"y":-70,"width":180,"height":180}}}},"events":{"EFEvent":{},"EFHit":{},"Sound1":{}},"animations":{"attack1":{"slots":{"EF/a/ef_Debuff_aura_main/ef_Debuff_aura_main_00002":{"attachment":[{"time":0.1,"name":"EF/a/ef_Debuff_aura_main/ef_Debuff_aura_main_00002"},{"time":0.1333,"name":"EF/a/ef_Debuff_aura_main/ef_Debuff_aura_main_00003"},{"time":0.1666,"name":"EF/a/ef_Debuff_aura_main/ef_Debuff_aura_main_00004"},{"time":0.2,"name":"EF/a/ef_Debuff_aura_main/ef_Debuff_aura_main_00005"},{"time":0.2333,"name":"EF/a/ef_Debuff_aura_main/ef_Debuff_aura_main_00006"},{"time":0.2666,"name":"EF/a/ef_Debuff_aura_main/ef_Debuff_aura_main_00007"},{"time":0.3,"name":"EF/a/ef_Debuff_aura_main/ef_Debuff_aura_main_00008"},{"time":0.3333,"name":"EF/a/ef_Debuff_aura_main/ef_Debuff_aura_main_00009"},{"time":0.3666,"name":"EF/a/ef_Debuff_aura_main/ef_Debuff_aura_main_00010"},{"time":0.4,"name":"EF/a/ef_Debuff_aura_main/ef_Debuff_aura_main_00011"},{"time":0.4333,"name":"EF/a/ef_Debuff_aura_main/ef_Debuff_aura_main_00013"},{"time":0.4666,"name":"EF/a/ef_Debuff_aura_main/ef_Debuff_aura_main_00015"},{"time":0.5333,"name":"EF/a/ef_Debuff_aura_main/ef_Debuff_aura_main_00017"},{"time":0.6,"name":"EF/a/ef_Debuff_aura_main/ef_Debuff_aura_main_00019"},{"time":0.6333,"name":"EF/a/ef_Debuff_aura_main/ef_Debuff_aura_main_00021"},{"time":0.7,"name":"EF/a/ef_Debuff_aura_main/ef_Debuff_aura_main_00023"},{"time":0.7333,"name":"EF/a/ef_Debuff_aura_main/ef_Debuff_aura_main_00025"},{"time":0.8,"name":"EF/a/ef_Debuff_aura_main/ef_Debuff_aura_main_00027"},{"time":0.8333,"name":"EF/a/ef_Debuff_aura_main/ef_Debuff_aura_main_00029"},{"time":0.9,"name":"EF/a/ef_Debuff_aura_main/ef_Debuff_aura_main_00031"},{"time":0.9333,"name":"EF/a/ef_Debuff_aura_main/ef_Debuff_aura_main_00033"},{"time":1,"name":"EF/a/ef_Debuff_aura_main/ef_Debuff_aura_main_00035"},{"time":1.0333,"name":"EF/a/ef_Debuff_aura_main/ef_Debuff_aura_main_00037"},{"time":1.1,"name":"EF/a/ef_Debuff_aura_main/ef_Debuff_aura_main_00039"},{"time":1.1333,"name":"EF/a/ef_Debuff_aura_main/ef_Debuff_aura_main_00041"},{"time":1.2,"name":"EF/a/ef_Debuff_aura_main/ef_Debuff_aura_main_00043"},{"time":1.2333,"name":"EF/a/ef_Debuff_aura_main/ef_Debuff_aura_main_00045"},{"time":1.3,"name":"EF/a/ef_Debuff_aura_main/ef_Debuff_aura_main_00047"},{"time":1.3333,"name":"EF/a/ef_Debuff_aura_main/ef_Debuff_aura_main_00049"},{"time":1.4,"name":"EF/a/ef_Debuff_aura_main/ef_Debuff_aura_main_00051"},{"time":1.4333,"name":"EF/a/ef_Debuff_aura_main/ef_Debuff_aura_main_00053"},{"time":1.5,"name":"EF/a/ef_Debuff_aura_main/ef_Debuff_aura_main_00055"},{"time":1.5333,"name":"EF/a/ef_Debuff_aura_main/ef_Debuff_aura_main_00057"},{"time":1.6,"name":"EF/a/ef_Debuff_aura_main/ef_Debuff_aura_main_00059"},{"time":1.6333,"name":"EF/a/ef_Debuff_aura_main/ef_Debuff_aura_main_00061"},{"time":1.7,"name":"EF/a/ef_Debuff_aura_main/ef_Debuff_aura_main_00063"},{"time":1.7333,"name":"EF/a/ef_Debuff_aura_main/ef_Debuff_aura_main_00065"},{"time":1.8,"name":"EF/a/ef_Debuff_aura_main/ef_Debuff_aura_main_00067"},{"time":1.8333,"name":"EF/a/ef_Debuff_aura_main/ef_Debuff_aura_main_00069"},{"time":1.9,"name":"EF/a/ef_Debuff_aura_main/ef_Debuff_aura_main_00071"},{"time":1.9333,"name":"EF/a/ef_Debuff_aura_main/ef_Debuff_aura_main_00073"},{"time":1.9666,"name":"EF/a/ef_Debuff_aura_main/ef_Debuff_aura_main_00075"},{"time":2,"name":"EF/a/ef_Debuff_aura_main/ef_Debuff_aura_main_00077"},{"time":2.0333,"name":"EF/a/ef_Debuff_aura_main/ef_Debuff_aura_main_00079"},{"time":2.0666,"name":"EF/a/ef_Debuff_aura_main/ef_Debuff_aura_main_00081"},{"time":2.1,"name":"EF/a/ef_Debuff_aura_main/ef_Debuff_aura_main_00082"},{"time":2.1333,"name":"EF/a/ef_Debuff_aura_main/ef_Debuff_aura_main_00083"},{"time":2.1666,"name":"EF/a/ef_Debuff_aura_main/ef_Debuff_aura_main_00085"},{"time":2.2,"name":"EF/a/ef_Debuff_aura_main/ef_Debuff_aura_main_00086"},{"time":2.2333,"name":"EF/a/ef_Debuff_aura_main/ef_Debuff_aura_main_00088"},{"time":2.2666,"name":"EF/a/ef_Debuff_aura_main/ef_Debuff_aura_main_00089"},{"time":2.3,"name":null}],"color":[{"time":0.1,"color":"ffffff00","curve":[0.963,0,0.75,1]},{"time":0.4,"color":"ffffff80","curve":"stepped"},{"time":1.8666,"color":"ffffff80"},{"time":2.3,"color":"ffffff00"}]},"EF/a/ef_Debuff_aura_main/ef_Debuff_aura_main_2":{"attachment":[{"time":0.1,"name":"EF/a/ef_Debuff_aura_main/ef_Debuff_aura_main_00002"},{"time":0.1333,"name":"EF/a/ef_Debuff_aura_main/ef_Debuff_aura_main_00003"},{"time":0.1666,"name":"EF/a/ef_Debuff_aura_main/ef_Debuff_aura_main_00004"},{"time":0.2,"name":"EF/a/ef_Debuff_aura_main/ef_Debuff_aura_main_00005"},{"time":0.2333,"name":"EF/a/ef_Debuff_aura_main/ef_Debuff_aura_main_00006"},{"time":0.2666,"name":"EF/a/ef_Debuff_aura_main/ef_Debuff_aura_main_00007"},{"time":0.3,"name":"EF/a/ef_Debuff_aura_main/ef_Debuff_aura_main_00008"},{"time":0.3333,"name":"EF/a/ef_Debuff_aura_main/ef_Debuff_aura_main_00009"},{"time":0.3666,"name":"EF/a/ef_Debuff_aura_main/ef_Debuff_aura_main_00010"},{"time":0.4,"name":"EF/a/ef_Debuff_aura_main/ef_Debuff_aura_main_00011"},{"time":0.4333,"name":"EF/a/ef_Debuff_aura_main/ef_Debuff_aura_main_00013"},{"time":0.4666,"name":"EF/a/ef_Debuff_aura_main/ef_Debuff_aura_main_00015"},{"time":0.5333,"name":"EF/a/ef_Debuff_aura_main/ef_Debuff_aura_main_00017"},{"time":0.6,"name":"EF/a/ef_Debuff_aura_main/ef_Debuff_aura_main_00019"},{"time":0.6333,"name":"EF/a/ef_Debuff_aura_main/ef_Debuff_aura_main_00021"},{"time":0.7,"name":"EF/a/ef_Debuff_aura_main/ef_Debuff_aura_main_00023"},{"time":0.7333,"name":"EF/a/ef_Debuff_aura_main/ef_Debuff_aura_main_00025"},{"time":0.8,"name":"EF/a/ef_Debuff_aura_main/ef_Debuff_aura_main_00027"},{"time":0.8333,"name":"EF/a/ef_Debuff_aura_main/ef_Debuff_aura_main_00029"},{"time":0.9,"name":"EF/a/ef_Debuff_aura_main/ef_Debuff_aura_main_00031"},{"time":0.9333,"name":"EF/a/ef_Debuff_aura_main/ef_Debuff_aura_main_00033"},{"time":1,"name":"EF/a/ef_Debuff_aura_main/ef_Debuff_aura_main_00035"},{"time":1.0333,"name":"EF/a/ef_Debuff_aura_main/ef_Debuff_aura_main_00037"},{"time":1.1,"name":"EF/a/ef_Debuff_aura_main/ef_Debuff_aura_main_00039"},{"time":1.1333,"name":"EF/a/ef_Debuff_aura_main/ef_Debuff_aura_main_00041"},{"time":1.2,"name":"EF/a/ef_Debuff_aura_main/ef_Debuff_aura_main_00043"},{"time":1.2333,"name":"EF/a/ef_Debuff_aura_main/ef_Debuff_aura_main_00045"},{"time":1.3,"name":"EF/a/ef_Debuff_aura_main/ef_Debuff_aura_main_00047"},{"time":1.3333,"name":"EF/a/ef_Debuff_aura_main/ef_Debuff_aura_main_00049"},{"time":1.4,"name":"EF/a/ef_Debuff_aura_main/ef_Debuff_aura_main_00051"},{"time":1.4333,"name":"EF/a/ef_Debuff_aura_main/ef_Debuff_aura_main_00053"},{"time":1.5,"name":"EF/a/ef_Debuff_aura_main/ef_Debuff_aura_main_00055"},{"time":1.5333,"name":"EF/a/ef_Debuff_aura_main/ef_Debuff_aura_main_00057"},{"time":1.6,"name":"EF/a/ef_Debuff_aura_main/ef_Debuff_aura_main_00059"},{"time":1.6333,"name":"EF/a/ef_Debuff_aura_main/ef_Debuff_aura_main_00061"},{"time":1.7,"name":"EF/a/ef_Debuff_aura_main/ef_Debuff_aura_main_00063"},{"time":1.7333,"name":"EF/a/ef_Debuff_aura_main/ef_Debuff_aura_main_00065"},{"time":1.8,"name":"EF/a/ef_Debuff_aura_main/ef_Debuff_aura_main_00067"},{"time":1.8333,"name":"EF/a/ef_Debuff_aura_main/ef_Debuff_aura_main_00069"},{"time":1.9,"name":"EF/a/ef_Debuff_aura_main/ef_Debuff_aura_main_00071"},{"time":1.9333,"name":"EF/a/ef_Debuff_aura_main/ef_Debuff_aura_main_00073"},{"time":1.9666,"name":"EF/a/ef_Debuff_aura_main/ef_Debuff_aura_main_00075"},{"time":2,"name":"EF/a/ef_Debuff_aura_main/ef_Debuff_aura_main_00077"},{"time":2.0333,"name":"EF/a/ef_Debuff_aura_main/ef_Debuff_aura_main_00079"},{"time":2.0666,"name":"EF/a/ef_Debuff_aura_main/ef_Debuff_aura_main_00081"},{"time":2.1,"name":"EF/a/ef_Debuff_aura_main/ef_Debuff_aura_main_00082"},{"time":2.1333,"name":"EF/a/ef_Debuff_aura_main/ef_Debuff_aura_main_00083"},{"time":2.1666,"name":"EF/a/ef_Debuff_aura_main/ef_Debuff_aura_main_00085"},{"time":2.2,"name":"EF/a/ef_Debuff_aura_main/ef_Debuff_aura_main_00086"},{"time":2.2333,"name":"EF/a/ef_Debuff_aura_main/ef_Debuff_aura_main_00088"},{"time":2.2666,"name":"EF/a/ef_Debuff_aura_main/ef_Debuff_aura_main_00089"},{"time":2.3,"name":null}],"color":[{"time":0.1,"color":"ffffff00"},{"time":0.2666,"color":"ffffffa5"},{"time":1.8666,"color":"ffffff88"},{"time":2.3,"color":"ffffff00"}]},"EF/a/ef_Debuff_aura_main/ef_Debuff_aura_main_3":{"attachment":[{"time":0.4333,"name":"EF/a/ef_Debuff_aura_main/ef_Debuff_aura_main_00008"},{"time":0.4666,"name":"EF/a/ef_Debuff_aura_main/ef_Debuff_aura_main_00009"},{"time":0.5,"name":"EF/a/ef_Debuff_aura_main/ef_Debuff_aura_main_00010"},{"time":0.5333,"name":"EF/a/ef_Debuff_aura_main/ef_Debuff_aura_main_00011"},{"time":0.5666,"name":"EF/a/ef_Debuff_aura_main/ef_Debuff_aura_main_00013"},{"time":0.6,"name":"EF/a/ef_Debuff_aura_main/ef_Debuff_aura_main_00015"},{"time":0.6333,"name":"EF/a/ef_Debuff_aura_main/ef_Debuff_aura_main_00017"},{"time":0.6666,"name":"EF/a/ef_Debuff_aura_main/ef_Debuff_aura_main_00019"},{"time":0.7,"name":"EF/a/ef_Debuff_aura_main/ef_Debuff_aura_main_00021"},{"time":0.7333,"name":"EF/a/ef_Debuff_aura_main/ef_Debuff_aura_main_00023"},{"time":0.7666,"name":"EF/a/ef_Debuff_aura_main/ef_Debuff_aura_main_00025"},{"time":0.8,"name":"EF/a/ef_Debuff_aura_main/ef_Debuff_aura_main_00027"},{"time":0.8333,"name":"EF/a/ef_Debuff_aura_main/ef_Debuff_aura_main_00029"},{"time":0.8666,"name":"EF/a/ef_Debuff_aura_main/ef_Debuff_aura_main_00031"},{"time":0.9,"name":"EF/a/ef_Debuff_aura_main/ef_Debuff_aura_main_00033"},{"time":0.9333,"name":"EF/a/ef_Debuff_aura_main/ef_Debuff_aura_main_00035"},{"time":0.9666,"name":"EF/a/ef_Debuff_aura_main/ef_Debuff_aura_main_00037"},{"time":1,"name":"EF/a/ef_Debuff_aura_main/ef_Debuff_aura_main_00039"},{"time":1.0333,"name":"EF/a/ef_Debuff_aura_main/ef_Debuff_aura_main_00041"},{"time":1.1,"name":"EF/a/ef_Debuff_aura_main/ef_Debuff_aura_main_00043"},{"time":1.1333,"name":"EF/a/ef_Debuff_aura_main/ef_Debuff_aura_main_00045"},{"time":1.1666,"name":"EF/a/ef_Debuff_aura_main/ef_Debuff_aura_main_00047"},{"time":1.2,"name":"EF/a/ef_Debuff_aura_main/ef_Debuff_aura_main_00049"},{"time":1.2333,"name":"EF/a/ef_Debuff_aura_main/ef_Debuff_aura_main_00051"},{"time":1.3,"name":"EF/a/ef_Debuff_aura_main/ef_Debuff_aura_main_00053"},{"time":1.3333,"name":"EF/a/ef_Debuff_aura_main/ef_Debuff_aura_main_00055"},{"time":1.4,"name":"EF/a/ef_Debuff_aura_main/ef_Debuff_aura_main_00057"},{"time":1.4333,"name":"EF/a/ef_Debuff_aura_main/ef_Debuff_aura_main_00059"},{"time":1.5,"name":"EF/a/ef_Debuff_aura_main/ef_Debuff_aura_main_00061"},{"time":1.5333,"name":"EF/a/ef_Debuff_aura_main/ef_Debuff_aura_main_00063"},{"time":1.6,"name":"EF/a/ef_Debuff_aura_main/ef_Debuff_aura_main_00065"},{"time":1.6333,"name":"EF/a/ef_Debuff_aura_main/ef_Debuff_aura_main_00067"},{"time":1.7,"name":"EF/a/ef_Debuff_aura_main/ef_Debuff_aura_main_00069"},{"time":1.7333,"name":"EF/a/ef_Debuff_aura_main/ef_Debuff_aura_main_00071"},{"time":1.7666,"name":"EF/a/ef_Debuff_aura_main/ef_Debuff_aura_main_00073"},{"time":1.8,"name":"EF/a/ef_Debuff_aura_main/ef_Debuff_aura_main_00075"},{"time":1.8333,"name":"EF/a/ef_Debuff_aura_main/ef_Debuff_aura_main_00077"},{"time":1.8666,"name":"EF/a/ef_Debuff_aura_main/ef_Debuff_aura_main_00079"},{"time":1.9,"name":"EF/a/ef_Debuff_aura_main/ef_Debuff_aura_main_00081"},{"time":1.9333,"name":"EF/a/ef_Debuff_aura_main/ef_Debuff_aura_main_00082"},{"time":1.9666,"name":"EF/a/ef_Debuff_aura_main/ef_Debuff_aura_main_00083"},{"time":2,"name":"EF/a/ef_Debuff_aura_main/ef_Debuff_aura_main_00085"},{"time":2.0333,"name":"EF/a/ef_Debuff_aura_main/ef_Debuff_aura_main_00086"},{"time":2.0666,"name":"EF/a/ef_Debuff_aura_main/ef_Debuff_aura_main_00088"},{"time":2.1,"name":"EF/a/ef_Debuff_aura_main/ef_Debuff_aura_main_00089"},{"time":2.1333,"name":null}],"color":[{"time":0.4333,"color":"ffffff00"},{"time":0.8,"color":"ffffff47","curve":"stepped"},{"time":1.8666,"color":"ffffff47"},{"time":2.1333,"color":"ffffff00"}]},"EF/a/ef_Debuff_particle_main/ef_Debuff_particle_main_00004":{"attachment":[{"time":0.5,"name":"EF/a/ef_Debuff_particle_main/ef_Debuff_particle_main_00004"},{"time":0.5333,"name":"EF/a/ef_Debuff_particle_main/ef_Debuff_particle_main_00005"},{"time":0.5666,"name":"EF/a/ef_Debuff_particle_main/ef_Debuff_particle_main_00007"},{"time":0.6,"name":"EF/a/ef_Debuff_particle_main/ef_Debuff_particle_main_00008"},{"time":0.6333,"name":"EF/a/ef_Debuff_particle_main/ef_Debuff_particle_main_00010"},{"time":0.6666,"name":"EF/a/ef_Debuff_particle_main/ef_Debuff_particle_main_00011"},{"time":0.7,"name":"EF/a/ef_Debuff_particle_main/ef_Debuff_particle_main_00013"},{"time":0.7333,"name":"EF/a/ef_Debuff_particle_main/ef_Debuff_particle_main_00014"},{"time":0.7666,"name":"EF/a/ef_Debuff_particle_main/ef_Debuff_particle_main_00016"},{"time":0.8,"name":"EF/a/ef_Debuff_particle_main/ef_Debuff_particle_main_00017"},{"time":0.8333,"name":"EF/a/ef_Debuff_particle_main/ef_Debuff_particle_main_00019"},{"time":0.8666,"name":"EF/a/ef_Debuff_particle_main/ef_Debuff_particle_main_00020"},{"time":0.9,"name":"EF/a/ef_Debuff_particle_main/ef_Debuff_particle_main_00022"},{"time":0.9333,"name":"EF/a/ef_Debuff_particle_main/ef_Debuff_particle_main_00023"},{"time":0.9666,"name":"EF/a/ef_Debuff_particle_main/ef_Debuff_particle_main_00025"},{"time":1,"name":"EF/a/ef_Debuff_particle_main/ef_Debuff_particle_main_00026"},{"time":1.0333,"name":"EF/a/ef_Debuff_particle_main/ef_Debuff_particle_main_00028"},{"time":1.0666,"name":"EF/a/ef_Debuff_particle_main/ef_Debuff_particle_main_00029"},{"time":1.1,"name":"EF/a/ef_Debuff_particle_main/ef_Debuff_particle_main_00031"},{"time":1.1333,"name":"EF/a/ef_Debuff_particle_main/ef_Debuff_particle_main_00032"},{"time":1.1666,"name":"EF/a/ef_Debuff_particle_main/ef_Debuff_particle_main_00034"},{"time":1.2,"name":"EF/a/ef_Debuff_particle_main/ef_Debuff_particle_main_00035"},{"time":1.2333,"name":"EF/a/ef_Debuff_particle_main/ef_Debuff_particle_main_00037"},{"time":1.2666,"name":"EF/a/ef_Debuff_particle_main/ef_Debuff_particle_main_00038"},{"time":1.3,"name":"EF/a/ef_Debuff_particle_main/ef_Debuff_particle_main_00040"},{"time":1.3333,"name":"EF/a/ef_Debuff_particle_main/ef_Debuff_particle_main_00041"},{"time":1.3666,"name":"EF/a/ef_Debuff_particle_main/ef_Debuff_particle_main_00043"},{"time":1.4,"name":"EF/a/ef_Debuff_particle_main/ef_Debuff_particle_main_00044"},{"time":1.4333,"name":"EF/a/ef_Debuff_particle_main/ef_Debuff_particle_main_00046"},{"time":1.4666,"name":"EF/a/ef_Debuff_particle_main/ef_Debuff_particle_main_00047"},{"time":1.5,"name":"EF/a/ef_Debuff_particle_main/ef_Debuff_particle_main_00049"},{"time":1.5333,"name":"EF/a/ef_Debuff_particle_main/ef_Debuff_particle_main_00050"},{"time":1.5666,"name":"EF/a/ef_Debuff_particle_main/ef_Debuff_particle_main_00052"},{"time":1.6,"name":"EF/a/ef_Debuff_particle_main/ef_Debuff_particle_main_00053"},{"time":1.6333,"name":"EF/a/ef_Debuff_particle_main/ef_Debuff_particle_main_00055"},{"time":1.6666,"name":"EF/a/ef_Debuff_particle_main/ef_Debuff_particle_main_00056"},{"time":1.7,"name":"EF/a/ef_Debuff_particle_main/ef_Debuff_particle_main_00057"},{"time":1.7333,"name":"EF/a/ef_Debuff_particle_main/ef_Debuff_particle_main_00058"},{"time":1.7666,"name":null}],"color":[{"time":0.5,"color":"ffffff00"},{"time":0.6666,"color":"ffffffff","curve":"stepped"},{"time":1.6333,"color":"ffffffff"},{"time":1.7666,"color":"ffffff00"}]},"EF/a/ef_dash_main/ef_dash_main_00001":{"attachment":[{"time":0,"name":null}],"color":[{"time":1.9666,"color":"ffffffff"},{"time":2.1666,"color":"ffffff00"}]},"EF/a/ef_graund_wave_rev_main 2/ef_graund_wave_rev_main 2_00001":{"attachment":[{"time":0.5,"name":"EF/a/ef_graund_wave_rev_main 2/ef_graund_wave_rev_main 2_00001"},{"time":0.5666,"name":"EF/a/ef_graund_wave_rev_main 2/ef_graund_wave_rev_main 2_00002"},{"time":0.6333,"name":"EF/a/ef_graund_wave_rev_main 2/ef_graund_wave_rev_main 2_00003"},{"time":0.7,"name":"EF/a/ef_graund_wave_rev_main 2/ef_graund_wave_rev_main 2_00004"},{"time":0.7666,"name":"EF/a/ef_graund_wave_rev_main 2/ef_graund_wave_rev_main 2_00005"},{"time":0.8333,"name":"EF/a/ef_graund_wave_rev_main 2/ef_graund_wave_rev_main 2_00006"},{"time":0.9,"name":"EF/a/ef_graund_wave_rev_main 2/ef_graund_wave_rev_main 2_00007"},{"time":0.9666,"name":"EF/a/ef_graund_wave_rev_main 2/ef_graund_wave_rev_main 2_00008"},{"time":1.0333,"name":"EF/a/ef_graund_wave_rev_main 2/ef_graund_wave_rev_main 2_00009"},{"time":1.1,"name":null},{"time":1.1333,"name":"EF/a/ef_graund_wave_rev_main 2/ef_graund_wave_rev_main 2_00001"},{"time":1.2,"name":"EF/a/ef_graund_wave_rev_main 2/ef_graund_wave_rev_main 2_00002"},{"time":1.2666,"name":"EF/a/ef_graund_wave_rev_main 2/ef_graund_wave_rev_main 2_00003"},{"time":1.3333,"name":"EF/a/ef_graund_wave_rev_main 2/ef_graund_wave_rev_main 2_00004"},{"time":1.4,"name":"EF/a/ef_graund_wave_rev_main 2/ef_graund_wave_rev_main 2_00005"},{"time":1.4666,"name":"EF/a/ef_graund_wave_rev_main 2/ef_graund_wave_rev_main 2_00006"},{"time":1.5333,"name":"EF/a/ef_graund_wave_rev_main 2/ef_graund_wave_rev_main 2_00007"},{"time":1.6,"name":"EF/a/ef_graund_wave_rev_main 2/ef_graund_wave_rev_main 2_00008"},{"time":1.6666,"name":"EF/a/ef_graund_wave_rev_main 2/ef_graund_wave_rev_main 2_00009"},{"time":1.7333,"name":null},{"time":1.8,"name":null},{"time":1.8333,"name":"EF/a/ef_graund_wave_rev_main 2/ef_graund_wave_rev_main 2_00001"},{"time":1.8666,"name":"EF/a/ef_graund_wave_rev_main 2/ef_graund_wave_rev_main 2_00002"},{"time":1.9,"name":"EF/a/ef_graund_wave_rev_main 2/ef_graund_wave_rev_main 2_00003"},{"time":1.9333,"name":"EF/a/ef_graund_wave_rev_main 2/ef_graund_wave_rev_main 2_00004"},{"time":1.9666,"name":"EF/a/ef_graund_wave_rev_main 2/ef_graund_wave_rev_main 2_00005"},{"time":2,"name":"EF/a/ef_graund_wave_rev_main 2/ef_graund_wave_rev_main 2_00006"},{"time":2.0333,"name":"EF/a/ef_graund_wave_rev_main 2/ef_graund_wave_rev_main 2_00007"},{"time":2.0666,"name":"EF/a/ef_graund_wave_rev_main 2/ef_graund_wave_rev_main 2_00008"},{"time":2.1,"name":"EF/a/ef_graund_wave_rev_main 2/ef_graund_wave_rev_main 2_00009"},{"time":2.1333,"name":null}],"color":[{"time":1.9666,"color":"ffffffff"},{"time":2.1,"color":"ffffff00"}]},"EF/a/ef_time_wave_main/ef_time_wave_main_00001":{"attachment":[{"time":0.4666,"name":"EF/a/ef_time_wave_main/ef_time_wave_main_00001"},{"time":0.5,"name":"EF/a/ef_time_wave_main/ef_time_wave_main_00002"},{"time":0.5333,"name":"EF/a/ef_time_wave_main/ef_time_wave_main_00003"},{"time":0.5666,"name":"EF/a/ef_time_wave_main/ef_time_wave_main_00004"},{"time":0.6,"name":"EF/a/ef_time_wave_main/ef_time_wave_main_00005"},{"time":0.6333,"name":"EF/a/ef_time_wave_main/ef_time_wave_main_00006"},{"time":0.6666,"name":"EF/a/ef_time_wave_main/ef_time_wave_main_00007"},{"time":0.7,"name":"EF/a/ef_time_wave_main/ef_time_wave_main_00008"},{"time":0.7333,"name":"EF/a/ef_time_wave_main/ef_time_wave_main_00009"},{"time":0.7666,"name":"EF/a/ef_time_wave_main/ef_time_wave_main_00010"},{"time":0.8,"name":"EF/a/ef_time_wave_main/ef_time_wave_main_00011"},{"time":0.8333,"name":"EF/a/ef_time_wave_main/ef_time_wave_main_00012"},{"time":0.8666,"name":"EF/a/ef_time_wave_main/ef_time_wave_main_00013"},{"time":0.9,"name":"EF/a/ef_time_wave_main/ef_time_wave_main_00014"},{"time":0.9333,"name":"EF/a/ef_time_wave_main/ef_time_wave_main_00015"},{"time":0.9666,"name":"EF/a/ef_time_wave_main/ef_time_wave_main_00016"},{"time":1,"name":"EF/a/ef_time_wave_main/ef_time_wave_main_00017"},{"time":1.0333,"name":"EF/a/ef_time_wave_main/ef_time_wave_main_00018"},{"time":1.0666,"name":"EF/a/ef_time_wave_main/ef_time_wave_main_00019"},{"time":1.1,"name":"EF/a/ef_time_wave_main/ef_time_wave_main_00020"},{"time":1.1333,"name":"EF/a/ef_time_wave_main/ef_time_wave_main_00021"},{"time":1.1666,"name":"EF/a/ef_time_wave_main/ef_time_wave_main_00022"},{"time":1.2,"name":"EF/a/ef_time_wave_main/ef_time_wave_main_00023"},{"time":1.2333,"name":"EF/a/ef_time_wave_main/ef_time_wave_main_00024"},{"time":1.2666,"name":"EF/a/ef_time_wave_main/ef_time_wave_main_00025"},{"time":1.3,"name":"EF/a/ef_time_wave_main/ef_time_wave_main_00026"},{"time":1.3333,"name":"EF/a/ef_time_wave_main/ef_time_wave_main_00027"},{"time":1.3666,"name":"EF/a/ef_time_wave_main/ef_time_wave_main_00028"},{"time":1.4,"name":"EF/a/ef_time_wave_main/ef_time_wave_main_00029"},{"time":1.4333,"name":"EF/a/ef_time_wave_main/ef_time_wave_main_00030"},{"time":1.4666,"name":"EF/a/ef_time_wave_main/ef_time_wave_main_00031"},{"time":1.5,"name":"EF/a/ef_time_wave_main/ef_time_wave_main_00032"},{"time":1.5333,"name":"EF/a/ef_time_wave_main/ef_time_wave_main_00033"},{"time":1.5666,"name":"EF/a/ef_time_wave_main/ef_time_wave_main_00034"},{"time":1.6,"name":"EF/a/ef_time_wave_main/ef_time_wave_main_00035"},{"time":1.6333,"name":"EF/a/ef_time_wave_main/ef_time_wave_main_00036"},{"time":1.6666,"name":"EF/a/ef_time_wave_main/ef_time_wave_main_00037"},{"time":1.7,"name":"EF/a/ef_time_wave_main/ef_time_wave_main_00038"},{"time":1.7333,"name":"EF/a/ef_time_wave_main/ef_time_wave_main_00039"},{"time":1.7666,"name":"EF/a/ef_time_wave_main/ef_time_wave_main_00040"},{"time":1.8,"name":"EF/a/ef_time_wave_main/ef_time_wave_main_00041"},{"time":1.8333,"name":"EF/a/ef_time_wave_main/ef_time_wave_main_00042"},{"time":1.8666,"name":"EF/a/ef_time_wave_main/ef_time_wave_main_00043"},{"time":1.9,"name":"EF/a/ef_time_wave_main/ef_time_wave_main_00044"},{"time":1.9333,"name":"EF/a/ef_time_wave_main/ef_time_wave_main_00045"},{"time":1.9666,"name":null}],"color":[{"time":0.4666,"color":"ffffff00"},{"time":0.6666,"color":"ffffffab","curve":"stepped"},{"time":1.7666,"color":"ffffffab"},{"time":1.9666,"color":"ffffff00"}]}},"bones":{"ef_Debuff_aura_main":{"translate":[{"time":0.1,"x":-396.28,"y":677.56}],"scale":[{"time":0.1,"x":5,"y":5},{"time":0.4333,"x":6.572,"y":5}]},"ef_Debuff_aura_main2":{"translate":[{"time":0.1,"x":-396.28,"y":-99.79}],"scale":[{"time":0.1,"x":5,"y":-5},{"time":0.4333,"x":6.572,"y":-5}]},"ef_Debuff_aura_main3":{"translate":[{"time":0.4333,"x":-401.08,"y":675.27}],"scale":[{"time":0.4333,"x":8.576,"y":5.225}]},"ef_Debuff_particle_main":{"translate":[{"time":0.5,"x":-393.36,"y":891.42,"curve":[0.456,0,0.75,1]},{"time":1.7666,"x":-393.4,"y":529.02}],"scale":[{"time":0.5,"x":3,"y":3},{"time":0.7666,"x":6,"y":6}]},"ef_dash_main":{"translate":[{"time":0,"x":-102.25,"y":204.28}]},"ef_graund_wave_rev_main2":{"translate":[{"time":0.5,"x":-400.04,"y":912.5},{"time":1.0333,"x":-400.04,"y":230.7,"curve":"stepped"},{"time":1.1333,"x":-400.04,"y":912.5},{"time":1.6666,"x":-400.04,"y":230.7,"curve":"stepped"},{"time":1.8333,"x":-400.04,"y":869.49},{"time":2.1,"x":-400.04,"y":174.85}],"scale":[{"time":0.5,"x":3,"y":3,"curve":"stepped"},{"time":1.1333,"x":3,"y":3,"curve":"stepped"},{"time":1.8333,"x":3,"y":3},{"time":2.1,"x":2.352,"y":2.352}]},"ef_time_wave_main":{"translate":[{"time":0.4666,"x":-391.03,"y":850.05},{"time":2.1333,"x":-391.03,"y":246.55}],"scale":[{"time":0.4666,"x":4,"y":4},{"time":0.6666,"x":4.5,"y":4.5}]},"MAIN":{"translate":[{"time":0,"x":394.91,"y":0}]}},"events":[{"time":0,"name":"EFEvent","string":"setPosition_Target"}]}}}