{"skeleton":{"hash":"/HxFsYktHmJtnCF65Ksj6jeDFU4","spine":"3.0.12","width":0,"height":0},"bones":[{"name":"root"},{"name":"MAIN","parent":"root"},{"name":"icebreak_black_7","parent":"MAIN","x":100,"y":100},{"name":"icebreak_black_6","parent":"MAIN","x":100,"y":100},{"name":"icebreak_black_5","parent":"MAIN","x":100,"y":100},{"name":"icebreak_black_4","parent":"MAIN","x":100,"y":100},{"name":"icebreak_black_3","parent":"MAIN","x":100,"y":100},{"name":"icebreak_black_2","parent":"MAIN","x":100,"y":100},{"name":"icebreak_black_1","parent":"MAIN","x":100,"y":100},{"name":"ice_A_black_9","parent":"MAIN","x":100},{"name":"ice_A_black_8","parent":"MAIN","x":100},{"name":"ice_A_black_7","parent":"MAIN","x":100},{"name":"ice_A_black_6","parent":"MAIN","x":100},{"name":"ice_A_black_5","parent":"MAIN","x":100},{"name":"ice_A_black_4","parent":"MAIN","x":100},{"name":"ice_A_black_3","parent":"MAIN","x":100},{"name":"ice_A_black_2","parent":"MAIN","x":100},{"name":"ice_A_black_1","parent":"MAIN","x":100},{"name":"dragon_8","parent":"MAIN","x":600,"y":-100},{"name":"dragon_root_15","parent":"dragon_8"},{"name":"dragon_head17","parent":"dragon_root_15","x":-100,"y":100},{"name":"dragon_7","parent":"MAIN","x":600,"y":-100},{"name":"dragon_root_14","parent":"dragon_7"},{"name":"dragon_head16","parent":"dragon_root_14","x":-100,"y":100},{"name":"dragon_body_192","parent":"dragon_root_14","y":100},{"name":"dragon_body_191","parent":"dragon_root_14","y":100},{"name":"dragon_body_190","parent":"dragon_root_14","y":100},{"name":"dragon_body_189","parent":"dragon_root_14","y":100},{"name":"dragon_body_188","parent":"dragon_root_14","y":100},{"name":"dragon_body_187","parent":"dragon_root_14","y":100},{"name":"dragon_body_186","parent":"dragon_root_14","y":100},{"name":"dragon_body_185","parent":"dragon_root_14","y":100},{"name":"dragon_body_184","parent":"dragon_root_14","y":100},{"name":"dragon_body_183","parent":"dragon_root_14","y":100},{"name":"dragon_body_182","parent":"dragon_root_14","y":100},{"name":"dragon_body_181","parent":"dragon_root_14","y":100},{"name":"dragon_root_13","parent":"dragon_7"},{"name":"dragon_head15","parent":"dragon_root_13","x":-100,"y":100},{"name":"dragon_body_180","parent":"dragon_root_13","y":100},{"name":"dragon_body_179","parent":"dragon_root_13","y":100},{"name":"dragon_body_178","parent":"dragon_root_13","y":100},{"name":"dragon_body_177","parent":"dragon_root_13","y":100},{"name":"dragon_body_176","parent":"dragon_root_13","y":100},{"name":"dragon_body_175","parent":"dragon_root_13","y":100},{"name":"dragon_body_174","parent":"dragon_root_13","y":100},{"name":"dragon_body_173","parent":"dragon_root_13","y":100},{"name":"dragon_body_172","parent":"dragon_root_13","y":100},{"name":"dragon_body_171","parent":"dragon_root_13","y":100},{"name":"dragon_body_170","parent":"dragon_root_13","y":100},{"name":"dragon_body_169","parent":"dragon_root_13","y":100},{"name":"DAMAGEAREA","parent":"root"},{"name":"shock_black_1","parent":"MAIN","x":300,"y":100},{"name":"shock_black_2","parent":"MAIN","x":300,"y":100},{"name":"shock_black_3","parent":"MAIN","x":300,"y":100},{"name":"shock_black_4","parent":"MAIN","x":300,"y":100},{"name":"shock_black_5","parent":"MAIN","x":300,"y":100},{"name":"shock_wave_black_1","parent":"MAIN","x":200},{"name":"shock_wave_black_2","parent":"MAIN","x":200},{"name":"shock_wave_black_3","parent":"MAIN","x":200},{"name":"shock_wave_black_4","parent":"MAIN","x":200},{"name":"spear_black_1","parent":"MAIN","x":300},{"name":"wind_slash_black_1","parent":"MAIN","x":300,"y":200},{"name":"wind_slash_black_2","parent":"MAIN","x":300,"y":200},{"name":"wind_slash_black_3","parent":"MAIN","x":300,"y":200}],"slots":[{"name":"ef_fire_wave_A_main/ef_fire_wave_A_main_6","bone":"shock_black_1","blend":"additive"},{"name":"ef_fire_wave_A_main/ef_fire_wave_A_main_7","bone":"shock_black_2","blend":"additive"},{"name":"ef_fire_wave_A_main/ef_fire_wave_A_main_8","bone":"shock_black_3","blend":"additive"},{"name":"ef_fire_wave_A_main/ef_fire_wave_A_main_9","bone":"shock_black_4","blend":"additive"},{"name":"ef_fire_wave_A_main/ef_fire_wave_A_main_10","bone":"shock_black_5","blend":"additive"},{"name":"ef_ice_A_blue_main/ef_ice_A_blue_main_6","bone":"ice_A_black_1","blend":"additive"},{"name":"ef_ice_A_blue_main/ef_ice_A_blue_main_7","bone":"ice_A_black_2","blend":"additive"},{"name":"ef_ice_A_blue_main/ef_ice_A_blue_main_8","bone":"ice_A_black_3","blend":"additive"},{"name":"ef_ice_A_blue_main/ef_ice_A_blue_main_9","bone":"ice_A_black_4","blend":"additive"},{"name":"ef_ice_A_blue_main/ef_ice_A_blue_main_10","bone":"ice_A_black_5","blend":"additive"},{"name":"ef_ice_A_blue_main/ef_ice_A_blue_main_11","bone":"ice_A_black_6","blend":"additive"},{"name":"ef_ice_A_blue_main/ef_ice_A_blue_main_12","bone":"ice_A_black_7","blend":"additive"},{"name":"ef_ice_A_blue_main/ef_ice_A_blue_main_13","bone":"ice_A_black_8","blend":"additive"},{"name":"ef_ice_A_blue_main/ef_ice_A_blue_main_14","bone":"ice_A_black_9","blend":"additive"},{"name":"ef_shock_wave_A_main/ef_shock_wave_A_main_3","bone":"shock_wave_black_1","blend":"additive"},{"name":"ef_shock_wave_A_main/ef_shock_wave_A_main_4","bone":"shock_wave_black_2","blend":"additive"},{"name":"ef_shock_wave_A_main/ef_shock_wave_A_main_5","bone":"shock_wave_black_3","blend":"additive"},{"name":"ef_shock_wave_A_main/ef_shock_wave_A_main_6","bone":"shock_wave_black_4","blend":"additive"},{"name":"ef_wind_slash_main/ef_wind_slash_main_4","bone":"wind_slash_black_1","blend":"additive"},{"name":"ef_wind_slash_main/ef_wind_slash_main_5","bone":"wind_slash_black_2","blend":"additive"},{"name":"ef_wind_slash_main/ef_wind_slash_main_6","bone":"wind_slash_black_3","blend":"additive"},{"name":"all_EF/stab_A_blue/ef_stab_A_blue_4","bone":"spear_black_1","blend":"additive"},{"name":"110_S1_icebreak1/110_S1_icebreak1_5","bone":"icebreak_black_1","blend":"additive"},{"name":"110_S1_icebreak1/110_S1_icebreak1_6","bone":"icebreak_black_2","blend":"additive"},{"name":"110_S1_icebreak1/110_S1_icebreak1_7","bone":"icebreak_black_3","blend":"additive"},{"name":"110_S1_icebreak1/110_S1_icebreak1_8","bone":"icebreak_black_4","blend":"additive"},{"name":"110_S1_icebreak1/110_S1_icebreak1_9","bone":"icebreak_black_5","blend":"additive"},{"name":"110_S1_icebreak1/110_S1_icebreak1_10","bone":"icebreak_black_6","blend":"additive"},{"name":"110_S1_icebreak1/110_S1_icebreak1_11","bone":"icebreak_black_7","blend":"additive"},{"name":"ef_dragon_body_main_191","bone":"dragon_body_192"},{"name":"ef_dragon_body_main_190","bone":"dragon_body_191"},{"name":"ef_dragon_body_main_189","bone":"dragon_body_190"},{"name":"ef_dragon_body_main_188","bone":"dragon_body_189"},{"name":"ef_dragon_body_main_187","bone":"dragon_body_188"},{"name":"ef_dragon_body_main_186","bone":"dragon_body_187"},{"name":"ef_dragon_body_main_185","bone":"dragon_body_186"},{"name":"ef_dragon_body_main_184","bone":"dragon_body_185"},{"name":"ef_dragon_body_main_183","bone":"dragon_body_184"},{"name":"ef_dragon_body_main_182","bone":"dragon_body_183"},{"name":"ef_dragon_body_main_181","bone":"dragon_body_182"},{"name":"ef_dragon_body_main_180","bone":"dragon_body_181"},{"name":"ef_dragon_body_main_179","bone":"dragon_body_180"},{"name":"ef_dragon_body_main_178","bone":"dragon_body_179"},{"name":"ef_dragon_body_main_177","bone":"dragon_body_178"},{"name":"ef_dragon_body_main_176","bone":"dragon_body_177"},{"name":"ef_dragon_body_main_175","bone":"dragon_body_176"},{"name":"ef_dragon_body_main_174","bone":"dragon_body_175"},{"name":"ef_dragon_body_main_173","bone":"dragon_body_174"},{"name":"ef_dragon_body_main_172","bone":"dragon_body_173"},{"name":"ef_dragon_body_main_171","bone":"dragon_body_172"},{"name":"ef_dragon_body_main_170","bone":"dragon_body_171"},{"name":"ef_dragon_body_main_169","bone":"dragon_body_170"},{"name":"ef_dragon_body_main_168","bone":"dragon_body_169"},{"name":"ef_dragon_head_mian_15","bone":"dragon_head16"},{"name":"ef_dragon_head_mian_16","bone":"dragon_head17","color":"000000ff"},{"name":"ef_dragon_head_mian_14","bone":"dragon_head15"},{"name":"DAMAGEAREA","bone":"DAMAGEAREA"}],"skins":{"default":{"110_S1_icebreak1/110_S1_icebreak1_10":{"110_S1_icebreak1/110_S1_icebreak1_00000":{"x":5.72,"y":23.43,"width":300,"height":300},"110_S1_icebreak1/110_S1_icebreak1_00002":{"x":5.72,"y":23.43,"width":300,"height":300},"110_S1_icebreak1/110_S1_icebreak1_00004":{"x":5.72,"y":23.43,"width":300,"height":300},"110_S1_icebreak1/110_S1_icebreak1_00006":{"x":5.72,"y":23.43,"width":300,"height":300}},"110_S1_icebreak1/110_S1_icebreak1_11":{"110_S1_icebreak1/110_S1_icebreak1_00000":{"x":5.72,"y":23.43,"width":300,"height":300},"110_S1_icebreak1/110_S1_icebreak1_00002":{"x":5.72,"y":23.43,"width":300,"height":300},"110_S1_icebreak1/110_S1_icebreak1_00004":{"x":5.72,"y":23.43,"width":300,"height":300},"110_S1_icebreak1/110_S1_icebreak1_00006":{"x":5.72,"y":23.43,"width":300,"height":300}},"110_S1_icebreak1/110_S1_icebreak1_5":{"110_S1_icebreak1/110_S1_icebreak1_00000":{"x":5.72,"y":23.43,"width":300,"height":300},"110_S1_icebreak1/110_S1_icebreak1_00002":{"x":5.72,"y":23.43,"width":300,"height":300},"110_S1_icebreak1/110_S1_icebreak1_00004":{"x":5.72,"y":23.43,"width":300,"height":300},"110_S1_icebreak1/110_S1_icebreak1_00006":{"x":5.72,"y":23.43,"width":300,"height":300}},"110_S1_icebreak1/110_S1_icebreak1_6":{"110_S1_icebreak1/110_S1_icebreak1_00000":{"x":5.72,"y":23.43,"width":300,"height":300},"110_S1_icebreak1/110_S1_icebreak1_00002":{"x":5.72,"y":23.43,"width":300,"height":300},"110_S1_icebreak1/110_S1_icebreak1_00004":{"x":5.72,"y":23.43,"width":300,"height":300},"110_S1_icebreak1/110_S1_icebreak1_00006":{"x":5.72,"y":23.43,"width":300,"height":300}},"110_S1_icebreak1/110_S1_icebreak1_7":{"110_S1_icebreak1/110_S1_icebreak1_00000":{"x":5.72,"y":23.43,"width":300,"height":300},"110_S1_icebreak1/110_S1_icebreak1_00002":{"x":5.72,"y":23.43,"width":300,"height":300},"110_S1_icebreak1/110_S1_icebreak1_00004":{"x":5.72,"y":23.43,"width":300,"height":300},"110_S1_icebreak1/110_S1_icebreak1_00006":{"x":5.72,"y":23.43,"width":300,"height":300}},"110_S1_icebreak1/110_S1_icebreak1_8":{"110_S1_icebreak1/110_S1_icebreak1_00000":{"x":5.72,"y":23.43,"width":300,"height":300},"110_S1_icebreak1/110_S1_icebreak1_00002":{"x":5.72,"y":23.43,"width":300,"height":300},"110_S1_icebreak1/110_S1_icebreak1_00004":{"x":5.72,"y":23.43,"width":300,"height":300},"110_S1_icebreak1/110_S1_icebreak1_00006":{"x":5.72,"y":23.43,"width":300,"height":300}},"110_S1_icebreak1/110_S1_icebreak1_9":{"110_S1_icebreak1/110_S1_icebreak1_00000":{"x":5.72,"y":23.43,"width":300,"height":300},"110_S1_icebreak1/110_S1_icebreak1_00002":{"x":5.72,"y":23.43,"width":300,"height":300},"110_S1_icebreak1/110_S1_icebreak1_00004":{"x":5.72,"y":23.43,"width":300,"height":300},"110_S1_icebreak1/110_S1_icebreak1_00006":{"x":5.72,"y":23.43,"width":300,"height":300}},"DAMAGEAREA":{"DAMAGEAREA":{"type":"boundingbox","vertices":[-63.94131,-63.83153,64.06863,-63.32953,64.06863,63.67643,-63.99119,62.99297]}},"all_EF/stab_A_blue/ef_stab_A_blue_4":{"all_EF/stab_A_blue/ef_stab_A_blue_00004":{"x":-37.52,"y":2.83,"width":300,"height":300}},"ef_dragon_body_main_168":{"ef_dragon_body_main_00001":{"x":2.47,"y":3.16,"width":154,"height":140}},"ef_dragon_body_main_169":{"ef_dragon_body_main_00001":{"x":2.47,"y":3.16,"width":154,"height":140}},"ef_dragon_body_main_170":{"ef_dragon_body_main_00001":{"x":2.47,"y":3.16,"width":154,"height":140}},"ef_dragon_body_main_171":{"ef_dragon_body_main_00001":{"x":2.47,"y":3.16,"width":154,"height":140}},"ef_dragon_body_main_172":{"ef_dragon_body_main_00001":{"x":2.47,"y":3.16,"width":154,"height":140}},"ef_dragon_body_main_173":{"ef_dragon_body_main_00001":{"x":2.47,"y":3.16,"width":154,"height":140}},"ef_dragon_body_main_174":{"ef_dragon_body_main_00001":{"x":2.47,"y":3.16,"width":154,"height":140}},"ef_dragon_body_main_175":{"ef_dragon_body_main_00001":{"x":2.47,"y":3.16,"width":154,"height":140}},"ef_dragon_body_main_176":{"ef_dragon_body_main_00001":{"x":2.47,"y":3.16,"width":154,"height":140}},"ef_dragon_body_main_177":{"ef_dragon_body_main_00001":{"x":2.47,"y":3.16,"width":154,"height":140}},"ef_dragon_body_main_178":{"ef_dragon_body_main_00001":{"x":2.47,"y":3.16,"width":154,"height":140}},"ef_dragon_body_main_179":{"ef_dragon_body_main_00001":{"x":2.47,"y":3.16,"width":154,"height":140}},"ef_dragon_body_main_180":{"ef_dragon_body_main_00001":{"x":2.47,"y":3.16,"width":154,"height":140}},"ef_dragon_body_main_181":{"ef_dragon_body_main_00001":{"x":2.47,"y":3.16,"width":154,"height":140}},"ef_dragon_body_main_182":{"ef_dragon_body_main_00001":{"x":2.47,"y":3.16,"width":154,"height":140}},"ef_dragon_body_main_183":{"ef_dragon_body_main_00001":{"x":2.47,"y":3.16,"width":154,"height":140}},"ef_dragon_body_main_184":{"ef_dragon_body_main_00001":{"x":2.47,"y":3.16,"width":154,"height":140}},"ef_dragon_body_main_185":{"ef_dragon_body_main_00001":{"x":2.47,"y":3.16,"width":154,"height":140}},"ef_dragon_body_main_186":{"ef_dragon_body_main_00001":{"x":2.47,"y":3.16,"width":154,"height":140}},"ef_dragon_body_main_187":{"ef_dragon_body_main_00001":{"x":2.47,"y":3.16,"width":154,"height":140}},"ef_dragon_body_main_188":{"ef_dragon_body_main_00001":{"x":2.47,"y":3.16,"width":154,"height":140}},"ef_dragon_body_main_189":{"ef_dragon_body_main_00001":{"x":2.47,"y":3.16,"width":154,"height":140}},"ef_dragon_body_main_190":{"ef_dragon_body_main_00001":{"x":2.47,"y":3.16,"width":154,"height":140}},"ef_dragon_body_main_191":{"ef_dragon_body_main_00001":{"x":2.47,"y":3.16,"width":154,"height":140}},"ef_dragon_head_mian_14":{"ef_dragon_head_mian_00001":{"x":-21.33,"y":10.55,"width":210,"height":168}},"ef_dragon_head_mian_15":{"ef_dragon_head_mian_00001":{"x":-21.33,"y":10.55,"width":210,"height":168}},"ef_dragon_head_mian_16":{"ef_dragon_head_mian_00001":{"x":-21.33,"y":10.55,"width":210,"height":168}},"ef_fire_wave_A_main/ef_fire_wave_A_main_10":{"ef_fire_wave_A_main/ef_fire_wave_A_main_00003":{"x":56.94,"width":200,"height":200},"ef_fire_wave_A_main/ef_fire_wave_A_main_00004":{"x":56.94,"width":200,"height":200},"ef_fire_wave_A_main/ef_fire_wave_A_main_00005":{"x":56.94,"width":200,"height":200},"ef_fire_wave_A_main/ef_fire_wave_A_main_00006":{"x":56.94,"width":200,"height":200},"ef_fire_wave_A_main/ef_fire_wave_A_main_00007":{"x":56.94,"width":200,"height":200}},"ef_fire_wave_A_main/ef_fire_wave_A_main_6":{"ef_fire_wave_A_main/ef_fire_wave_A_main_00003":{"x":56.94,"width":200,"height":200},"ef_fire_wave_A_main/ef_fire_wave_A_main_00004":{"x":56.94,"width":200,"height":200},"ef_fire_wave_A_main/ef_fire_wave_A_main_00005":{"x":56.94,"width":200,"height":200},"ef_fire_wave_A_main/ef_fire_wave_A_main_00006":{"x":56.94,"width":200,"height":200},"ef_fire_wave_A_main/ef_fire_wave_A_main_00007":{"x":56.94,"width":200,"height":200}},"ef_fire_wave_A_main/ef_fire_wave_A_main_7":{"ef_fire_wave_A_main/ef_fire_wave_A_main_00003":{"x":56.94,"width":200,"height":200},"ef_fire_wave_A_main/ef_fire_wave_A_main_00004":{"x":56.94,"width":200,"height":200},"ef_fire_wave_A_main/ef_fire_wave_A_main_00005":{"x":56.94,"width":200,"height":200},"ef_fire_wave_A_main/ef_fire_wave_A_main_00006":{"x":56.94,"width":200,"height":200},"ef_fire_wave_A_main/ef_fire_wave_A_main_00007":{"x":56.94,"width":200,"height":200}},"ef_fire_wave_A_main/ef_fire_wave_A_main_8":{"ef_fire_wave_A_main/ef_fire_wave_A_main_00003":{"x":56.94,"width":200,"height":200},"ef_fire_wave_A_main/ef_fire_wave_A_main_00004":{"x":56.94,"width":200,"height":200},"ef_fire_wave_A_main/ef_fire_wave_A_main_00005":{"x":56.94,"width":200,"height":200},"ef_fire_wave_A_main/ef_fire_wave_A_main_00006":{"x":56.94,"width":200,"height":200},"ef_fire_wave_A_main/ef_fire_wave_A_main_00007":{"x":56.94,"width":200,"height":200}},"ef_fire_wave_A_main/ef_fire_wave_A_main_9":{"ef_fire_wave_A_main/ef_fire_wave_A_main_00003":{"x":56.94,"width":200,"height":200},"ef_fire_wave_A_main/ef_fire_wave_A_main_00004":{"x":56.94,"width":200,"height":200},"ef_fire_wave_A_main/ef_fire_wave_A_main_00005":{"x":56.94,"width":200,"height":200},"ef_fire_wave_A_main/ef_fire_wave_A_main_00006":{"x":56.94,"width":200,"height":200},"ef_fire_wave_A_main/ef_fire_wave_A_main_00007":{"x":56.94,"width":200,"height":200}},"ef_ice_A_blue_main/ef_ice_A_blue_main_10":{"ef_ice_A_blue_main/ef_ice_A_blue_main_00002":{"x":19.12,"y":7.45,"width":250,"height":150},"ef_ice_A_blue_main/ef_ice_A_blue_main_00004":{"x":19.12,"y":7.45,"width":250,"height":150},"ef_ice_A_blue_main/ef_ice_A_blue_main_00006":{"x":19.12,"y":7.45,"width":250,"height":150},"ef_ice_A_blue_main/ef_ice_A_blue_main_00008":{"x":19.12,"y":7.45,"width":250,"height":150},"ef_ice_A_blue_main/ef_ice_A_blue_main_00010":{"x":19.12,"y":7.45,"width":250,"height":150},"ef_ice_A_blue_main/ef_ice_A_blue_main_00012":{"x":19.12,"y":7.45,"width":250,"height":150},"ef_ice_A_blue_main/ef_ice_A_blue_main_00013":{"x":19.12,"y":7.45,"width":250,"height":150},"ef_ice_A_blue_main/ef_ice_A_blue_main_00014":{"x":19.12,"y":7.45,"width":250,"height":150}},"ef_ice_A_blue_main/ef_ice_A_blue_main_11":{"ef_ice_A_blue_main/ef_ice_A_blue_main_00002":{"x":19.12,"y":7.45,"width":250,"height":150},"ef_ice_A_blue_main/ef_ice_A_blue_main_00004":{"x":19.12,"y":7.45,"width":250,"height":150},"ef_ice_A_blue_main/ef_ice_A_blue_main_00006":{"x":19.12,"y":7.45,"width":250,"height":150},"ef_ice_A_blue_main/ef_ice_A_blue_main_00008":{"x":19.12,"y":7.45,"width":250,"height":150},"ef_ice_A_blue_main/ef_ice_A_blue_main_00010":{"x":19.12,"y":7.45,"width":250,"height":150},"ef_ice_A_blue_main/ef_ice_A_blue_main_00012":{"x":19.12,"y":7.45,"width":250,"height":150},"ef_ice_A_blue_main/ef_ice_A_blue_main_00013":{"x":19.12,"y":7.45,"width":250,"height":150},"ef_ice_A_blue_main/ef_ice_A_blue_main_00014":{"x":19.12,"y":7.45,"width":250,"height":150}},"ef_ice_A_blue_main/ef_ice_A_blue_main_12":{"ef_ice_A_blue_main/ef_ice_A_blue_main_00002":{"x":19.12,"y":7.45,"width":250,"height":150},"ef_ice_A_blue_main/ef_ice_A_blue_main_00004":{"x":19.12,"y":7.45,"width":250,"height":150},"ef_ice_A_blue_main/ef_ice_A_blue_main_00006":{"x":19.12,"y":7.45,"width":250,"height":150},"ef_ice_A_blue_main/ef_ice_A_blue_main_00008":{"x":19.12,"y":7.45,"width":250,"height":150},"ef_ice_A_blue_main/ef_ice_A_blue_main_00010":{"x":19.12,"y":7.45,"width":250,"height":150},"ef_ice_A_blue_main/ef_ice_A_blue_main_00012":{"x":19.12,"y":7.45,"width":250,"height":150},"ef_ice_A_blue_main/ef_ice_A_blue_main_00013":{"x":19.12,"y":7.45,"width":250,"height":150},"ef_ice_A_blue_main/ef_ice_A_blue_main_00014":{"x":19.12,"y":7.45,"width":250,"height":150}},"ef_ice_A_blue_main/ef_ice_A_blue_main_13":{"ef_ice_A_blue_main/ef_ice_A_blue_main_00002":{"x":19.12,"y":7.45,"width":250,"height":150},"ef_ice_A_blue_main/ef_ice_A_blue_main_00004":{"x":19.12,"y":7.45,"width":250,"height":150},"ef_ice_A_blue_main/ef_ice_A_blue_main_00006":{"x":19.12,"y":7.45,"width":250,"height":150},"ef_ice_A_blue_main/ef_ice_A_blue_main_00008":{"x":19.12,"y":7.45,"width":250,"height":150},"ef_ice_A_blue_main/ef_ice_A_blue_main_00010":{"x":19.12,"y":7.45,"width":250,"height":150},"ef_ice_A_blue_main/ef_ice_A_blue_main_00012":{"x":19.12,"y":7.45,"width":250,"height":150},"ef_ice_A_blue_main/ef_ice_A_blue_main_00013":{"x":19.12,"y":7.45,"width":250,"height":150},"ef_ice_A_blue_main/ef_ice_A_blue_main_00014":{"x":19.12,"y":7.45,"width":250,"height":150}},"ef_ice_A_blue_main/ef_ice_A_blue_main_14":{"ef_ice_A_blue_main/ef_ice_A_blue_main_00002":{"x":19.12,"y":7.45,"width":250,"height":150},"ef_ice_A_blue_main/ef_ice_A_blue_main_00004":{"x":19.12,"y":7.45,"width":250,"height":150},"ef_ice_A_blue_main/ef_ice_A_blue_main_00006":{"x":19.12,"y":7.45,"width":250,"height":150},"ef_ice_A_blue_main/ef_ice_A_blue_main_00008":{"x":19.12,"y":7.45,"width":250,"height":150},"ef_ice_A_blue_main/ef_ice_A_blue_main_00010":{"x":19.12,"y":7.45,"width":250,"height":150},"ef_ice_A_blue_main/ef_ice_A_blue_main_00012":{"x":19.12,"y":7.45,"width":250,"height":150},"ef_ice_A_blue_main/ef_ice_A_blue_main_00013":{"x":19.12,"y":7.45,"width":250,"height":150},"ef_ice_A_blue_main/ef_ice_A_blue_main_00014":{"x":19.12,"y":7.45,"width":250,"height":150}},"ef_ice_A_blue_main/ef_ice_A_blue_main_6":{"ef_ice_A_blue_main/ef_ice_A_blue_main_00002":{"x":19.12,"y":7.45,"width":250,"height":150},"ef_ice_A_blue_main/ef_ice_A_blue_main_00004":{"x":19.12,"y":7.45,"width":250,"height":150},"ef_ice_A_blue_main/ef_ice_A_blue_main_00006":{"x":19.12,"y":7.45,"width":250,"height":150},"ef_ice_A_blue_main/ef_ice_A_blue_main_00008":{"x":19.12,"y":7.45,"width":250,"height":150},"ef_ice_A_blue_main/ef_ice_A_blue_main_00010":{"x":19.12,"y":7.45,"width":250,"height":150},"ef_ice_A_blue_main/ef_ice_A_blue_main_00012":{"x":19.12,"y":7.45,"width":250,"height":150},"ef_ice_A_blue_main/ef_ice_A_blue_main_00013":{"x":19.12,"y":7.45,"width":250,"height":150},"ef_ice_A_blue_main/ef_ice_A_blue_main_00014":{"x":19.12,"y":7.45,"width":250,"height":150}},"ef_ice_A_blue_main/ef_ice_A_blue_main_7":{"ef_ice_A_blue_main/ef_ice_A_blue_main_00002":{"x":19.12,"y":7.45,"width":250,"height":150},"ef_ice_A_blue_main/ef_ice_A_blue_main_00004":{"x":19.12,"y":7.45,"width":250,"height":150},"ef_ice_A_blue_main/ef_ice_A_blue_main_00006":{"x":19.12,"y":7.45,"width":250,"height":150},"ef_ice_A_blue_main/ef_ice_A_blue_main_00008":{"x":19.12,"y":7.45,"width":250,"height":150},"ef_ice_A_blue_main/ef_ice_A_blue_main_00010":{"x":19.12,"y":7.45,"width":250,"height":150},"ef_ice_A_blue_main/ef_ice_A_blue_main_00012":{"x":19.12,"y":7.45,"width":250,"height":150},"ef_ice_A_blue_main/ef_ice_A_blue_main_00013":{"x":19.12,"y":7.45,"width":250,"height":150},"ef_ice_A_blue_main/ef_ice_A_blue_main_00014":{"x":19.12,"y":7.45,"width":250,"height":150}},"ef_ice_A_blue_main/ef_ice_A_blue_main_8":{"ef_ice_A_blue_main/ef_ice_A_blue_main_00002":{"x":19.12,"y":7.45,"width":250,"height":150},"ef_ice_A_blue_main/ef_ice_A_blue_main_00004":{"x":19.12,"y":7.45,"width":250,"height":150},"ef_ice_A_blue_main/ef_ice_A_blue_main_00006":{"x":19.12,"y":7.45,"width":250,"height":150},"ef_ice_A_blue_main/ef_ice_A_blue_main_00008":{"x":19.12,"y":7.45,"width":250,"height":150},"ef_ice_A_blue_main/ef_ice_A_blue_main_00010":{"x":19.12,"y":7.45,"width":250,"height":150},"ef_ice_A_blue_main/ef_ice_A_blue_main_00012":{"x":19.12,"y":7.45,"width":250,"height":150},"ef_ice_A_blue_main/ef_ice_A_blue_main_00013":{"x":19.12,"y":7.45,"width":250,"height":150},"ef_ice_A_blue_main/ef_ice_A_blue_main_00014":{"x":19.12,"y":7.45,"width":250,"height":150}},"ef_ice_A_blue_main/ef_ice_A_blue_main_9":{"ef_ice_A_blue_main/ef_ice_A_blue_main_00002":{"x":19.12,"y":7.45,"width":250,"height":150},"ef_ice_A_blue_main/ef_ice_A_blue_main_00004":{"x":19.12,"y":7.45,"width":250,"height":150},"ef_ice_A_blue_main/ef_ice_A_blue_main_00006":{"x":19.12,"y":7.45,"width":250,"height":150},"ef_ice_A_blue_main/ef_ice_A_blue_main_00008":{"x":19.12,"y":7.45,"width":250,"height":150},"ef_ice_A_blue_main/ef_ice_A_blue_main_00010":{"x":19.12,"y":7.45,"width":250,"height":150},"ef_ice_A_blue_main/ef_ice_A_blue_main_00012":{"x":19.12,"y":7.45,"width":250,"height":150},"ef_ice_A_blue_main/ef_ice_A_blue_main_00013":{"x":19.12,"y":7.45,"width":250,"height":150},"ef_ice_A_blue_main/ef_ice_A_blue_main_00014":{"x":19.12,"y":7.45,"width":250,"height":150}},"ef_shock_wave_A_main/ef_shock_wave_A_main_3":{"ef_shock_wave_A_main/ef_shock_wave_A_main_00001":{"y":-0.62,"width":150,"height":250},"ef_shock_wave_A_main/ef_shock_wave_A_main_00002":{"y":-0.62,"width":150,"height":250},"ef_shock_wave_A_main/ef_shock_wave_A_main_00003":{"y":-0.62,"width":150,"height":250},"ef_shock_wave_A_main/ef_shock_wave_A_main_00004":{"y":-0.62,"width":150,"height":250},"ef_shock_wave_A_main/ef_shock_wave_A_main_00005":{"y":-0.62,"width":150,"height":250},"ef_shock_wave_A_main/ef_shock_wave_A_main_00006":{"y":-0.62,"width":150,"height":250}},"ef_shock_wave_A_main/ef_shock_wave_A_main_4":{"ef_shock_wave_A_main/ef_shock_wave_A_main_00001":{"y":-0.62,"width":150,"height":250},"ef_shock_wave_A_main/ef_shock_wave_A_main_00002":{"y":-0.62,"width":150,"height":250},"ef_shock_wave_A_main/ef_shock_wave_A_main_00003":{"y":-0.62,"width":150,"height":250},"ef_shock_wave_A_main/ef_shock_wave_A_main_00004":{"y":-0.62,"width":150,"height":250},"ef_shock_wave_A_main/ef_shock_wave_A_main_00005":{"y":-0.62,"width":150,"height":250},"ef_shock_wave_A_main/ef_shock_wave_A_main_00006":{"y":-0.62,"width":150,"height":250}},"ef_shock_wave_A_main/ef_shock_wave_A_main_5":{"ef_shock_wave_A_main/ef_shock_wave_A_main_00001":{"y":-0.62,"width":150,"height":250},"ef_shock_wave_A_main/ef_shock_wave_A_main_00002":{"y":-0.62,"width":150,"height":250},"ef_shock_wave_A_main/ef_shock_wave_A_main_00003":{"y":-0.62,"width":150,"height":250},"ef_shock_wave_A_main/ef_shock_wave_A_main_00004":{"y":-0.62,"width":150,"height":250},"ef_shock_wave_A_main/ef_shock_wave_A_main_00005":{"y":-0.62,"width":150,"height":250},"ef_shock_wave_A_main/ef_shock_wave_A_main_00006":{"y":-0.62,"width":150,"height":250}},"ef_shock_wave_A_main/ef_shock_wave_A_main_6":{"ef_shock_wave_A_main/ef_shock_wave_A_main_00001":{"y":-0.62,"width":150,"height":250},"ef_shock_wave_A_main/ef_shock_wave_A_main_00002":{"y":-0.62,"width":150,"height":250},"ef_shock_wave_A_main/ef_shock_wave_A_main_00003":{"y":-0.62,"width":150,"height":250},"ef_shock_wave_A_main/ef_shock_wave_A_main_00004":{"y":-0.62,"width":150,"height":250},"ef_shock_wave_A_main/ef_shock_wave_A_main_00005":{"y":-0.62,"width":150,"height":250},"ef_shock_wave_A_main/ef_shock_wave_A_main_00006":{"y":-0.62,"width":150,"height":250}},"ef_wind_slash_main/ef_wind_slash_main_4":{"ef_wind_slash_main/ef_wind_slash_main_00002":{"y":8.12,"width":300,"height":300},"ef_wind_slash_main/ef_wind_slash_main_00003":{"y":8.12,"width":300,"height":300},"ef_wind_slash_main/ef_wind_slash_main_00004":{"y":8.12,"width":300,"height":300},"ef_wind_slash_main/ef_wind_slash_main_00005":{"y":8.12,"width":300,"height":300},"ef_wind_slash_main/ef_wind_slash_main_00006":{"y":8.12,"width":300,"height":300},"ef_wind_slash_main/ef_wind_slash_main_00007":{"y":8.12,"width":300,"height":300},"ef_wind_slash_main/ef_wind_slash_main_00008":{"y":8.12,"width":300,"height":300},"ef_wind_slash_main/ef_wind_slash_main_00009":{"y":8.12,"width":300,"height":300}},"ef_wind_slash_main/ef_wind_slash_main_5":{"ef_wind_slash_main/ef_wind_slash_main_00002":{"y":8.12,"width":300,"height":300},"ef_wind_slash_main/ef_wind_slash_main_00003":{"y":8.12,"width":300,"height":300},"ef_wind_slash_main/ef_wind_slash_main_00004":{"y":8.12,"width":300,"height":300},"ef_wind_slash_main/ef_wind_slash_main_00005":{"y":8.12,"width":300,"height":300},"ef_wind_slash_main/ef_wind_slash_main_00006":{"y":8.12,"width":300,"height":300},"ef_wind_slash_main/ef_wind_slash_main_00007":{"y":8.12,"width":300,"height":300},"ef_wind_slash_main/ef_wind_slash_main_00008":{"y":8.12,"width":300,"height":300},"ef_wind_slash_main/ef_wind_slash_main_00009":{"y":8.12,"width":300,"height":300}},"ef_wind_slash_main/ef_wind_slash_main_6":{"ef_wind_slash_main/ef_wind_slash_main_00002":{"y":8.12,"width":300,"height":300},"ef_wind_slash_main/ef_wind_slash_main_00003":{"y":8.12,"width":300,"height":300},"ef_wind_slash_main/ef_wind_slash_main_00004":{"y":8.12,"width":300,"height":300},"ef_wind_slash_main/ef_wind_slash_main_00005":{"y":8.12,"width":300,"height":300},"ef_wind_slash_main/ef_wind_slash_main_00006":{"y":8.12,"width":300,"height":300},"ef_wind_slash_main/ef_wind_slash_main_00007":{"y":8.12,"width":300,"height":300},"ef_wind_slash_main/ef_wind_slash_main_00008":{"y":8.12,"width":300,"height":300},"ef_wind_slash_main/ef_wind_slash_main_00009":{"y":8.12,"width":300,"height":300}}}},"events":{"Event":{},"Hit":{},"Sound":{}},"animations":{"attack1":{"slots":{"110_S1_icebreak1/110_S1_icebreak1_5":{"attachment":[{"time":0.0333,"name":"110_S1_icebreak1/110_S1_icebreak1_00000"},{"time":0.1,"name":"110_S1_icebreak1/110_S1_icebreak1_00002"},{"time":0.1666,"name":"110_S1_icebreak1/110_S1_icebreak1_00004"},{"time":0.2666,"name":"110_S1_icebreak1/110_S1_icebreak1_00006"},{"time":0.3666,"name":null}]},"110_S1_icebreak1/110_S1_icebreak1_6":{"attachment":[{"time":0.1,"name":"110_S1_icebreak1/110_S1_icebreak1_00000"},{"time":0.1666,"name":"110_S1_icebreak1/110_S1_icebreak1_00002"},{"time":0.2333,"name":"110_S1_icebreak1/110_S1_icebreak1_00004"},{"time":0.3333,"name":"110_S1_icebreak1/110_S1_icebreak1_00006"},{"time":0.4333,"name":null}]},"110_S1_icebreak1/110_S1_icebreak1_7":{"attachment":[{"time":0.1666,"name":"110_S1_icebreak1/110_S1_icebreak1_00000"},{"time":0.2333,"name":"110_S1_icebreak1/110_S1_icebreak1_00002"},{"time":0.3,"name":"110_S1_icebreak1/110_S1_icebreak1_00004"},{"time":0.4,"name":"110_S1_icebreak1/110_S1_icebreak1_00006"},{"time":0.5,"name":null}]},"110_S1_icebreak1/110_S1_icebreak1_8":{"attachment":[{"time":0.1,"name":"110_S1_icebreak1/110_S1_icebreak1_00000"},{"time":0.2,"name":"110_S1_icebreak1/110_S1_icebreak1_00002"},{"time":0.3,"name":"110_S1_icebreak1/110_S1_icebreak1_00004"},{"time":0.4,"name":"110_S1_icebreak1/110_S1_icebreak1_00006"},{"time":0.5,"name":null}]},"110_S1_icebreak1/110_S1_icebreak1_9":{"attachment":[{"time":0.2,"name":"110_S1_icebreak1/110_S1_icebreak1_00000"},{"time":0.2666,"name":"110_S1_icebreak1/110_S1_icebreak1_00002"},{"time":0.3333,"name":"110_S1_icebreak1/110_S1_icebreak1_00004"},{"time":0.4333,"name":"110_S1_icebreak1/110_S1_icebreak1_00006"},{"time":0.5333,"name":null}]},"110_S1_icebreak1/110_S1_icebreak1_10":{"attachment":[{"time":0.1333,"name":"110_S1_icebreak1/110_S1_icebreak1_00000"},{"time":0.2,"name":"110_S1_icebreak1/110_S1_icebreak1_00002"},{"time":0.2666,"name":"110_S1_icebreak1/110_S1_icebreak1_00004"},{"time":0.3666,"name":"110_S1_icebreak1/110_S1_icebreak1_00006"},{"time":0.4666,"name":null}]},"110_S1_icebreak1/110_S1_icebreak1_11":{"attachment":[{"time":0.1333,"name":"110_S1_icebreak1/110_S1_icebreak1_00000"},{"time":0.2,"name":"110_S1_icebreak1/110_S1_icebreak1_00002"},{"time":0.2666,"name":"110_S1_icebreak1/110_S1_icebreak1_00004"},{"time":0.3666,"name":"110_S1_icebreak1/110_S1_icebreak1_00006"},{"time":0.4666,"name":null}]},"DAMAGEAREA":{"attachment":[{"time":0.0666,"name":"DAMAGEAREA"},{"time":0.3,"name":null}]},"all_EF/stab_A_blue/ef_stab_A_blue_4":{"attachment":[{"time":0.0333,"name":"all_EF/stab_A_blue/ef_stab_A_blue_00004"}],"color":[{"time":0.4666,"color":"ffffffff"},{"time":0.7,"color":"ffffff00"}]},"ef_dragon_body_main_168":{"attachment":[{"time":0.0666,"name":"ef_dragon_body_main_00001"},{"time":0.3,"name":null}],"color":[{"time":0.1,"color":"ffffffff"},{"time":0.2666,"color":"ffffff00"}]},"ef_dragon_body_main_169":{"attachment":[{"time":0.0666,"name":"ef_dragon_body_main_00001"},{"time":0.3,"name":null}],"color":[{"time":0.1,"color":"ffffffff"},{"time":0.2666,"color":"ffffff00"}]},"ef_dragon_body_main_170":{"attachment":[{"time":0.0666,"name":"ef_dragon_body_main_00001"},{"time":0.3,"name":null}],"color":[{"time":0.1,"color":"ffffffff"},{"time":0.2666,"color":"ffffff00"}]},"ef_dragon_body_main_171":{"attachment":[{"time":0.0666,"name":"ef_dragon_body_main_00001"},{"time":0.3,"name":null}],"color":[{"time":0.1,"color":"ffffffff"},{"time":0.2666,"color":"ffffff00"}]},"ef_dragon_body_main_172":{"attachment":[{"time":0.0666,"name":"ef_dragon_body_main_00001"},{"time":0.3,"name":null}],"color":[{"time":0.1,"color":"ffffffff"},{"time":0.2666,"color":"ffffff00"}]},"ef_dragon_body_main_173":{"attachment":[{"time":0.0666,"name":"ef_dragon_body_main_00001"},{"time":0.3,"name":null}],"color":[{"time":0.1,"color":"ffffffff"},{"time":0.2666,"color":"ffffff00"}]},"ef_dragon_body_main_174":{"attachment":[{"time":0.0666,"name":"ef_dragon_body_main_00001"},{"time":0.3,"name":null}],"color":[{"time":0.1,"color":"ffffffff"},{"time":0.2666,"color":"ffffff00"}]},"ef_dragon_body_main_175":{"attachment":[{"time":0.0666,"name":"ef_dragon_body_main_00001"},{"time":0.3,"name":null}],"color":[{"time":0.1,"color":"ffffffff"},{"time":0.2666,"color":"ffffff00"}]},"ef_dragon_body_main_176":{"attachment":[{"time":0.0666,"name":"ef_dragon_body_main_00001"},{"time":0.3,"name":null}],"color":[{"time":0.1,"color":"ffffffff"},{"time":0.2666,"color":"ffffff00"}]},"ef_dragon_body_main_177":{"color":[{"time":0.1,"color":"ffffffff"}]},"ef_dragon_head_mian_14":{"attachment":[{"time":0.0666,"name":"ef_dragon_head_mian_00001"},{"time":0.3,"name":null}],"color":[{"time":0.1,"color":"ffffffff"},{"time":0.2666,"color":"ffffff00"}]},"ef_fire_wave_A_main/ef_fire_wave_A_main_6":{"attachment":[{"time":0.0333,"name":"ef_fire_wave_A_main/ef_fire_wave_A_main_00003"},{"time":0.0666,"name":"ef_fire_wave_A_main/ef_fire_wave_A_main_00004"},{"time":0.1,"name":"ef_fire_wave_A_main/ef_fire_wave_A_main_00005"},{"time":0.1333,"name":"ef_fire_wave_A_main/ef_fire_wave_A_main_00006"},{"time":0.1666,"name":"ef_fire_wave_A_main/ef_fire_wave_A_main_00007"},{"time":0.4,"name":null}],"color":[{"time":0.1333,"color":"ffffffff","curve":[0.066,0.49,0.75,1]},{"time":0.4,"color":"ffffff00"}]},"ef_fire_wave_A_main/ef_fire_wave_A_main_7":{"attachment":[{"time":0.0666,"name":"ef_fire_wave_A_main/ef_fire_wave_A_main_00003"},{"time":0.1,"name":"ef_fire_wave_A_main/ef_fire_wave_A_main_00004"},{"time":0.1333,"name":"ef_fire_wave_A_main/ef_fire_wave_A_main_00005"},{"time":0.1666,"name":"ef_fire_wave_A_main/ef_fire_wave_A_main_00006"},{"time":0.2,"name":"ef_fire_wave_A_main/ef_fire_wave_A_main_00007"},{"time":0.4333,"name":null}],"color":[{"time":0.1666,"color":"ffffffff","curve":[0.066,0.49,0.75,1]},{"time":0.4333,"color":"ffffff00"}]},"ef_fire_wave_A_main/ef_fire_wave_A_main_8":{"attachment":[{"time":0.1,"name":"ef_fire_wave_A_main/ef_fire_wave_A_main_00003"},{"time":0.1333,"name":"ef_fire_wave_A_main/ef_fire_wave_A_main_00004"},{"time":0.1666,"name":"ef_fire_wave_A_main/ef_fire_wave_A_main_00005"},{"time":0.2,"name":"ef_fire_wave_A_main/ef_fire_wave_A_main_00006"},{"time":0.2333,"name":"ef_fire_wave_A_main/ef_fire_wave_A_main_00007"},{"time":0.4333,"name":null}],"color":[{"time":0.2,"color":"ffffffff","curve":[0.066,0.49,0.75,1]},{"time":0.4333,"color":"ffffff00"}]},"ef_fire_wave_A_main/ef_fire_wave_A_main_9":{"attachment":[{"time":0.1333,"name":"ef_fire_wave_A_main/ef_fire_wave_A_main_00003"},{"time":0.1666,"name":"ef_fire_wave_A_main/ef_fire_wave_A_main_00004"},{"time":0.2,"name":"ef_fire_wave_A_main/ef_fire_wave_A_main_00005"},{"time":0.2333,"name":"ef_fire_wave_A_main/ef_fire_wave_A_main_00006"},{"time":0.2666,"name":"ef_fire_wave_A_main/ef_fire_wave_A_main_00007"},{"time":0.4666,"name":null}],"color":[{"time":0.2333,"color":"ffffffff","curve":[0.066,0.49,0.75,1]},{"time":0.4666,"color":"ffffff00"}]},"ef_fire_wave_A_main/ef_fire_wave_A_main_10":{"attachment":[{"time":0.0666,"name":"ef_fire_wave_A_main/ef_fire_wave_A_main_00003"},{"time":0.1333,"name":null}]},"ef_ice_A_blue_main/ef_ice_A_blue_main_6":{"attachment":[{"time":0.1,"name":"ef_ice_A_blue_main/ef_ice_A_blue_main_00002"},{"time":0.1666,"name":"ef_ice_A_blue_main/ef_ice_A_blue_main_00004"},{"time":0.2333,"name":"ef_ice_A_blue_main/ef_ice_A_blue_main_00006"},{"time":0.3,"name":"ef_ice_A_blue_main/ef_ice_A_blue_main_00008"},{"time":0.3666,"name":"ef_ice_A_blue_main/ef_ice_A_blue_main_00010"},{"time":0.4666,"name":"ef_ice_A_blue_main/ef_ice_A_blue_main_00012"},{"time":0.5666,"name":"ef_ice_A_blue_main/ef_ice_A_blue_main_00013"},{"time":0.6666,"name":"ef_ice_A_blue_main/ef_ice_A_blue_main_00014"},{"time":0.8333,"name":null}],"color":[{"time":0.6666,"color":"ffffffff"},{"time":0.8333,"color":"ffffff00"}]},"ef_ice_A_blue_main/ef_ice_A_blue_main_7":{"attachment":[{"time":0.1,"name":"ef_ice_A_blue_main/ef_ice_A_blue_main_00002"},{"time":0.1666,"name":"ef_ice_A_blue_main/ef_ice_A_blue_main_00004"},{"time":0.2333,"name":"ef_ice_A_blue_main/ef_ice_A_blue_main_00006"},{"time":0.3333,"name":"ef_ice_A_blue_main/ef_ice_A_blue_main_00008"},{"time":0.4333,"name":"ef_ice_A_blue_main/ef_ice_A_blue_main_00010"},{"time":0.5333,"name":"ef_ice_A_blue_main/ef_ice_A_blue_main_00012"},{"time":0.6333,"name":"ef_ice_A_blue_main/ef_ice_A_blue_main_00013"},{"time":0.7333,"name":"ef_ice_A_blue_main/ef_ice_A_blue_main_00014"},{"time":0.9333,"name":null}],"color":[{"time":0.7333,"color":"ffffffff"},{"time":0.9333,"color":"ffffff00"}]},"ef_ice_A_blue_main/ef_ice_A_blue_main_8":{"attachment":[{"time":0.1666,"name":"ef_ice_A_blue_main/ef_ice_A_blue_main_00002"},{"time":0.2333,"name":"ef_ice_A_blue_main/ef_ice_A_blue_main_00004"},{"time":0.3,"name":"ef_ice_A_blue_main/ef_ice_A_blue_main_00006"},{"time":0.4,"name":"ef_ice_A_blue_main/ef_ice_A_blue_main_00008"},{"time":0.5,"name":"ef_ice_A_blue_main/ef_ice_A_blue_main_00010"},{"time":0.6,"name":"ef_ice_A_blue_main/ef_ice_A_blue_main_00012"},{"time":0.7,"name":"ef_ice_A_blue_main/ef_ice_A_blue_main_00013"},{"time":0.8,"name":"ef_ice_A_blue_main/ef_ice_A_blue_main_00014"},{"time":1.0333,"name":null}],"color":[{"time":0.8,"color":"ffffffff"},{"time":1.0333,"color":"ffffff00"}]},"ef_ice_A_blue_main/ef_ice_A_blue_main_9":{"attachment":[{"time":0.2333,"name":"ef_ice_A_blue_main/ef_ice_A_blue_main_00002"},{"time":0.3,"name":"ef_ice_A_blue_main/ef_ice_A_blue_main_00004"},{"time":0.3666,"name":"ef_ice_A_blue_main/ef_ice_A_blue_main_00006"},{"time":0.4666,"name":"ef_ice_A_blue_main/ef_ice_A_blue_main_00008"},{"time":0.5666,"name":"ef_ice_A_blue_main/ef_ice_A_blue_main_00010"},{"time":0.6666,"name":"ef_ice_A_blue_main/ef_ice_A_blue_main_00012"},{"time":0.7666,"name":"ef_ice_A_blue_main/ef_ice_A_blue_main_00013"},{"time":0.8666,"name":"ef_ice_A_blue_main/ef_ice_A_blue_main_00014"},{"time":1.1,"name":null}],"color":[{"time":0.6666,"color":"ffffffff"},{"time":1.1,"color":"ffffff00"}]},"ef_ice_A_blue_main/ef_ice_A_blue_main_10":{"attachment":[{"time":0.0666,"name":"ef_ice_A_blue_main/ef_ice_A_blue_main_00010"},{"time":0.1333,"name":"ef_ice_A_blue_main/ef_ice_A_blue_main_00012"},{"time":0.2,"name":"ef_ice_A_blue_main/ef_ice_A_blue_main_00013"},{"time":0.2333,"name":null},{"time":0.2666,"name":"ef_ice_A_blue_main/ef_ice_A_blue_main_00002"},{"time":0.3333,"name":"ef_ice_A_blue_main/ef_ice_A_blue_main_00004"},{"time":0.4,"name":"ef_ice_A_blue_main/ef_ice_A_blue_main_00006"},{"time":0.5,"name":"ef_ice_A_blue_main/ef_ice_A_blue_main_00008"},{"time":0.6,"name":"ef_ice_A_blue_main/ef_ice_A_blue_main_00010"},{"time":0.7,"name":"ef_ice_A_blue_main/ef_ice_A_blue_main_00012"},{"time":0.8,"name":"ef_ice_A_blue_main/ef_ice_A_blue_main_00013"},{"time":0.9,"name":"ef_ice_A_blue_main/ef_ice_A_blue_main_00014"},{"time":1.1333,"name":null}],"color":[{"time":0.9,"color":"ffffffff"},{"time":1.1333,"color":"ffffff00"}]},"ef_ice_A_blue_main/ef_ice_A_blue_main_11":{"attachment":[{"time":0.0666,"name":"ef_ice_A_blue_main/ef_ice_A_blue_main_00002"},{"time":0.1333,"name":"ef_ice_A_blue_main/ef_ice_A_blue_main_00004"},{"time":0.2,"name":"ef_ice_A_blue_main/ef_ice_A_blue_main_00006"},{"time":0.2666,"name":"ef_ice_A_blue_main/ef_ice_A_blue_main_00008"},{"time":0.3666,"name":"ef_ice_A_blue_main/ef_ice_A_blue_main_00010"},{"time":0.4666,"name":"ef_ice_A_blue_main/ef_ice_A_blue_main_00012"},{"time":0.5666,"name":"ef_ice_A_blue_main/ef_ice_A_blue_main_00013"},{"time":0.6666,"name":"ef_ice_A_blue_main/ef_ice_A_blue_main_00014"},{"time":0.9666,"name":null}],"color":[{"time":0.6666,"color":"ffffffff"},{"time":0.9666,"color":"ffffff00"}]},"ef_ice_A_blue_main/ef_ice_A_blue_main_12":{"attachment":[{"time":0.0666,"name":"ef_ice_A_blue_main/ef_ice_A_blue_main_00002"},{"time":0.1333,"name":"ef_ice_A_blue_main/ef_ice_A_blue_main_00004"},{"time":0.2,"name":"ef_ice_A_blue_main/ef_ice_A_blue_main_00006"},{"time":0.2666,"name":"ef_ice_A_blue_main/ef_ice_A_blue_main_00008"},{"time":0.3666,"name":"ef_ice_A_blue_main/ef_ice_A_blue_main_00010"},{"time":0.4666,"name":"ef_ice_A_blue_main/ef_ice_A_blue_main_00012"},{"time":0.5666,"name":"ef_ice_A_blue_main/ef_ice_A_blue_main_00013"},{"time":0.6666,"name":"ef_ice_A_blue_main/ef_ice_A_blue_main_00014"},{"time":0.8666,"name":null}],"color":[{"time":0.6666,"color":"ffffffff"},{"time":0.8666,"color":"ffffff00"}]},"ef_ice_A_blue_main/ef_ice_A_blue_main_13":{"attachment":[{"time":0.0666,"name":"ef_ice_A_blue_main/ef_ice_A_blue_main_00002"},{"time":0.1333,"name":"ef_ice_A_blue_main/ef_ice_A_blue_main_00004"},{"time":0.2,"name":"ef_ice_A_blue_main/ef_ice_A_blue_main_00006"},{"time":0.2666,"name":"ef_ice_A_blue_main/ef_ice_A_blue_main_00008"},{"time":0.3666,"name":"ef_ice_A_blue_main/ef_ice_A_blue_main_00010"},{"time":0.4666,"name":"ef_ice_A_blue_main/ef_ice_A_blue_main_00012"},{"time":0.5666,"name":"ef_ice_A_blue_main/ef_ice_A_blue_main_00013"},{"time":0.6666,"name":"ef_ice_A_blue_main/ef_ice_A_blue_main_00014"},{"time":0.9,"name":null}],"color":[{"time":0.6666,"color":"ffffffff"},{"time":0.9,"color":"ffffff00"}]},"ef_ice_A_blue_main/ef_ice_A_blue_main_14":{"attachment":[{"time":0.0666,"name":"ef_ice_A_blue_main/ef_ice_A_blue_main_00002"},{"time":0.1333,"name":"ef_ice_A_blue_main/ef_ice_A_blue_main_00004"},{"time":0.2,"name":"ef_ice_A_blue_main/ef_ice_A_blue_main_00006"},{"time":0.2666,"name":"ef_ice_A_blue_main/ef_ice_A_blue_main_00008"},{"time":0.3666,"name":"ef_ice_A_blue_main/ef_ice_A_blue_main_00010"},{"time":0.4666,"name":"ef_ice_A_blue_main/ef_ice_A_blue_main_00012"},{"time":0.5666,"name":"ef_ice_A_blue_main/ef_ice_A_blue_main_00013"},{"time":0.6666,"name":"ef_ice_A_blue_main/ef_ice_A_blue_main_00014"},{"time":0.9,"name":null}],"color":[{"time":0.6666,"color":"ffffffff"},{"time":0.9,"color":"ffffff00"}]},"ef_shock_wave_A_main/ef_shock_wave_A_main_3":{"attachment":[{"time":0.0333,"name":"ef_shock_wave_A_main/ef_shock_wave_A_main_00001"},{"time":0.0666,"name":"ef_shock_wave_A_main/ef_shock_wave_A_main_00003"},{"time":0.1,"name":"ef_shock_wave_A_main/ef_shock_wave_A_main_00004"},{"time":0.1333,"name":"ef_shock_wave_A_main/ef_shock_wave_A_main_00005"},{"time":0.1666,"name":"ef_shock_wave_A_main/ef_shock_wave_A_main_00006"},{"time":0.2,"name":null}]},"ef_shock_wave_A_main/ef_shock_wave_A_main_4":{"attachment":[{"time":0.0333,"name":"ef_shock_wave_A_main/ef_shock_wave_A_main_00001"},{"time":0.0666,"name":"ef_shock_wave_A_main/ef_shock_wave_A_main_00002"},{"time":0.1,"name":"ef_shock_wave_A_main/ef_shock_wave_A_main_00003"},{"time":0.1333,"name":"ef_shock_wave_A_main/ef_shock_wave_A_main_00004"},{"time":0.1666,"name":"ef_shock_wave_A_main/ef_shock_wave_A_main_00005"},{"time":0.2,"name":"ef_shock_wave_A_main/ef_shock_wave_A_main_00006"},{"time":0.2333,"name":null}]},"ef_shock_wave_A_main/ef_shock_wave_A_main_5":{"attachment":[{"time":0.0666,"name":"ef_shock_wave_A_main/ef_shock_wave_A_main_00001"},{"time":0.1,"name":"ef_shock_wave_A_main/ef_shock_wave_A_main_00002"},{"time":0.1333,"name":"ef_shock_wave_A_main/ef_shock_wave_A_main_00003"},{"time":0.1666,"name":"ef_shock_wave_A_main/ef_shock_wave_A_main_00004"},{"time":0.2,"name":"ef_shock_wave_A_main/ef_shock_wave_A_main_00005"},{"time":0.2333,"name":"ef_shock_wave_A_main/ef_shock_wave_A_main_00006"},{"time":0.2666,"name":null}]},"ef_shock_wave_A_main/ef_shock_wave_A_main_6":{"attachment":[{"time":0.1,"name":"ef_shock_wave_A_main/ef_shock_wave_A_main_00001"},{"time":0.1333,"name":"ef_shock_wave_A_main/ef_shock_wave_A_main_00002"},{"time":0.1666,"name":"ef_shock_wave_A_main/ef_shock_wave_A_main_00003"},{"time":0.2,"name":"ef_shock_wave_A_main/ef_shock_wave_A_main_00004"},{"time":0.2333,"name":"ef_shock_wave_A_main/ef_shock_wave_A_main_00005"},{"time":0.2666,"name":"ef_shock_wave_A_main/ef_shock_wave_A_main_00006"},{"time":0.3,"name":null}]},"ef_wind_slash_main/ef_wind_slash_main_4":{"attachment":[{"time":0.0333,"name":"ef_wind_slash_main/ef_wind_slash_main_00002"},{"time":0.1,"name":"ef_wind_slash_main/ef_wind_slash_main_00003"},{"time":0.2,"name":null}],"color":[{"time":0.0333,"color":"ffffffff"},{"time":0.2,"color":"ffffff00"}]},"ef_wind_slash_main/ef_wind_slash_main_5":{"attachment":[{"time":0.0666,"name":"ef_wind_slash_main/ef_wind_slash_main_00002"},{"time":0.1666,"name":"ef_wind_slash_main/ef_wind_slash_main_00003"},{"time":0.2666,"name":null}],"color":[{"time":0.0666,"color":"ffffffff"},{"time":0.2666,"color":"ffffff00"}]},"ef_wind_slash_main/ef_wind_slash_main_6":{"attachment":[{"time":0.1333,"name":"ef_wind_slash_main/ef_wind_slash_main_00002"},{"time":0.2333,"name":"ef_wind_slash_main/ef_wind_slash_main_00003"},{"time":0.3333,"name":null}],"color":[{"time":0.1333,"color":"ffffffff"},{"time":0.3333,"color":"ffffff00"}]}},"bones":{"dragon_root_14":{"rotate":[{"time":0.2666,"angle":-179.81,"curve":"stepped"},{"time":0.8,"angle":90.05}]},"shock_black_1":{"rotate":[{"time":0.0333,"angle":0}],"translate":[{"time":0.0333,"x":147.97,"y":-44.75,"curve":[0.07,0.49,0.75,1]},{"time":0.5,"x":-7.66,"y":-44.75}],"scale":[{"time":0.0333,"x":7.141,"y":7.141,"curve":[0.066,0.49,0.75,1]},{"time":0.4,"x":11.505,"y":7.195}]},"shock_black_2":{"rotate":[{"time":0.0666,"angle":0}],"translate":[{"time":0.0666,"x":-252.71,"y":-44.88,"curve":[0.07,0.49,0.75,1]},{"time":0.5,"x":-408.35,"y":-44.88}],"scale":[{"time":0.0666,"x":9.01,"y":4.637,"curve":[0.066,0.49,0.75,1]},{"time":0.4333,"x":11.854,"y":5.698}]},"shock_black_3":{"translate":[{"time":0.1,"x":-789.49,"y":-44.88}],"scale":[{"time":0.1,"x":8.265,"y":4.876,"curve":[0.066,0.49,0.75,1]},{"time":0.4333,"x":13.374,"y":4.386}]},"shock_wave_black_3":{"translate":[{"time":0.0666,"x":-13.69,"y":59.03}],"scale":[{"time":0.0666,"x":7.676,"y":7.676,"curve":[0.079,0.47,0.715,1]},{"time":0.2666,"x":10.398,"y":10.398}]},"shock_wave_black_2":{"rotate":[{"time":0.0333,"angle":0}],"translate":[{"time":0.0333,"x":333.31,"y":54.16}],"scale":[{"time":0.0333,"x":7.676,"y":7.676,"curve":[0.079,0.47,0.715,1]},{"time":0.2333,"x":10.398,"y":10.398}]},"shock_wave_black_1":{"rotate":[{"time":0.0333,"angle":0}],"translate":[{"time":0.0333,"x":700.57,"y":53.4}],"scale":[{"time":0.0333,"x":7.676,"y":7.676,"curve":[0.079,0.47,0.715,1]},{"time":0.2,"x":10.398,"y":10.398}]},"ice_A_black_5":{"translate":[{"time":0.2666,"x":-690.47,"y":77.55,"curve":[0.082,0.7,0.595,1]},{"time":0.6,"x":-690.37,"y":114.43,"curve":[0.987,0,1,1]},{"time":1.1333,"x":-689.81,"y":80.89}],"scale":[{"time":0.2666,"x":2.947,"y":2.947}]},"ice_A_black_4":{"translate":[{"time":0.2333,"x":-229.43,"y":202.8}],"scale":[{"time":0.2333,"x":2.947,"y":2.947}]},"ice_A_black_3":{"translate":[{"time":0.1666,"x":-242.06,"y":24.49,"curve":"stepped"},{"time":0.4666,"x":-242.06,"y":24.49,"curve":[0.36,0,0.717,0.47]},{"time":0.7666,"x":-241.91,"y":19.29,"curve":[0.594,0.47,1,1]},{"time":1.1333,"x":-241.4,"y":-6.14}],"scale":[{"time":0.1666,"x":2.947,"y":2.947}]},"ice_A_black_2":{"translate":[{"time":0.1,"x":169.15,"y":108.52,"curve":"stepped"},{"time":0.3666,"x":169.15,"y":108.52,"curve":[0.37,0,0.735,0.51]},{"time":0.7666,"x":169.94,"y":101.04,"curve":[0.605,0.51,1,1]},{"time":1.1333,"x":171.79,"y":77.88}],"scale":[{"time":0.1,"x":-3.814,"y":4.581}]},"ice_A_black_1":{"translate":[{"time":0.1,"x":569.49,"y":171.43,"curve":[0.652,0.63,1,1]},{"time":0.7666,"x":569.49,"y":173.17}],"scale":[{"time":0.1,"x":3.916,"y":3.916}]},"icebreak_black_4":{"translate":[{"time":0.1,"x":-738.62,"y":-89.56}],"scale":[{"time":0.1,"x":3.014,"y":3.014}]},"icebreak_black_3":{"translate":[{"time":0.1666,"x":-270.16,"y":-81.48}],"scale":[{"time":0.1666,"x":3.014,"y":3.014}]},"icebreak_black_2":{"translate":[{"time":0.1,"x":209.02,"y":-98.15}],"scale":[{"time":0.1,"x":3.014,"y":3.014}]},"icebreak_black_1":{"translate":[{"time":0.0333,"x":575.16,"y":-64.82}],"scale":[{"time":0.0333,"x":3.014,"y":3.014}]},"spear_black_1":{"translate":[{"time":0,"x":507.79,"y":42.28}],"scale":[{"time":0,"x":3.185,"y":3.185},{"time":0.0666,"x":23.714,"y":3.757,"curve":[0.092,0.6,0.75,1]},{"time":0.3,"x":19.055,"y":1.267},{"time":0.7,"x":19.055,"y":0.064}]},"ice_A_black_7":{"translate":[{"time":0.0666,"x":402.69,"y":414.8},{"time":0.7666,"x":402.69,"y":416.54}],"scale":[{"time":0.0666,"x":5.478,"y":5.478}]},"ice_A_black_6":{"translate":[{"time":0.0666,"x":-238.81,"y":246.02},{"time":0.7666,"x":-238.81,"y":247.76}],"scale":[{"time":0.0666,"x":5.478,"y":5.478}]},"ice_A_black_9":{"translate":[{"time":0.0666,"x":447.07,"y":-124.55},{"time":0.7666,"x":447.07,"y":-122.81}],"scale":[{"time":0.0666,"x":5.478,"y":5.478}]},"ice_A_black_8":{"translate":[{"time":0.0666,"x":-100.55,"y":-106.75},{"time":0.7666,"x":-100.55,"y":-105.01}],"scale":[{"time":0.0666,"x":5.478,"y":5.478}]},"wind_slash_black_3":{"translate":[{"time":0.1333,"x":-544.67,"y":-185.04}],"scale":[{"time":0.1333,"x":4.662,"y":3.145,"curve":[0.058,0.39,0.75,1]},{"time":0.3333,"x":5.287,"y":3.566}]},"wind_slash_black_2":{"translate":[{"time":0.0666,"x":-201.95,"y":17.69,"curve":[0.058,0.39,0.75,1]},{"time":0.2333,"x":-65.41,"y":17.69}],"scale":[{"time":0.0666,"x":3.706,"y":-3.612,"curve":[0.058,0.39,0.75,1]},{"time":0.2333,"x":6.925,"y":-4.67}]},"wind_slash_black_1":{"rotate":[{"time":0.0333,"angle":0}],"translate":[{"time":0.0333,"x":-27.85,"y":-194.04,"curve":[0.058,0.39,0.75,1]},{"time":0.1666,"x":270.63,"y":-194.04}],"scale":[{"time":0.0333,"x":6.112,"y":4.123,"curve":[0.239,0.47,0.777,1]},{"time":0.1666,"x":6.925,"y":4.671}]},"shock_wave_black_4":{"translate":[{"time":0.1,"x":-354.6,"y":59.03}],"scale":[{"time":0.1,"x":7.676,"y":7.676,"curve":[0.079,0.47,0.715,1]},{"time":0.3,"x":10.398,"y":10.398}]},"shock_black_4":{"translate":[{"time":0.1333,"x":-923.39,"y":-44.88,"curve":[0.07,0.49,0.75,1]},{"time":0.6,"x":-1059.17,"y":-44.88}],"scale":[{"time":0.1333,"x":14.44,"y":2.854,"curve":[0.066,0.49,0.75,1]},{"time":0.4666,"x":32.89,"y":2.854}]},"shock_black_5":{"translate":[{"time":0.0666,"x":-306.22,"y":-66.96}],"scale":[{"time":0.0666,"x":1,"y":2.517}]},"dragon_head15":{"rotate":[{"time":0.0666,"angle":-15.42}],"translate":[{"time":0.0666,"x":0,"y":-6.03}]},"dragon_body_170":{"translate":[{"time":0.0666,"x":92.3,"y":0}]},"dragon_body_171":{"translate":[{"time":0.0666,"x":189.13,"y":0}]},"dragon_body_172":{"translate":[{"time":0.0666,"x":285.05,"y":0}]},"dragon_body_173":{"translate":[{"time":0.0666,"x":384.6,"y":0}]},"dragon_body_174":{"translate":[{"time":0.0666,"x":485.22,"y":0}]},"dragon_body_175":{"translate":[{"time":0.0666,"x":584.16,"y":0}]},"dragon_body_176":{"translate":[{"time":0.0666,"x":681.98,"y":0}]},"dragon_body_177":{"translate":[{"time":0.0666,"x":781.98,"y":0}]},"dragon_7":{"translate":[{"time":0.0666,"x":-500.88,"y":-80.43},{"time":0.3333,"x":-4583.49,"y":-80.43}],"scale":[{"time":0.0666,"x":2.386,"y":2.386}]},"icebreak_black_7":{"rotate":[{"time":0.1333,"angle":0}],"translate":[{"time":0.1333,"x":8.4,"y":-132.29}],"scale":[{"time":0.1333,"x":2.493,"y":2.493}]},"icebreak_black_6":{"rotate":[{"time":0.1333,"angle":0}],"translate":[{"time":0.1333,"x":86.07,"y":114.16}],"scale":[{"time":0.1333,"x":3.014,"y":3.014}]},"icebreak_black_5":{"rotate":[{"time":0.2,"angle":0}],"translate":[{"time":0.2,"x":-239.42,"y":17.56}],"scale":[{"time":0.2,"x":3.014,"y":3.014}]},"DAMAGEAREA":{"translate":[{"time":0.0666,"x":789.87,"y":60.3},{"time":0.2,"x":-427.94,"y":60.3}],"scale":[{"time":0.0666,"x":19.968,"y":3.668},{"time":0.2,"x":33.257,"y":3.668}]}},"drawOrder":[{"time":0.0666,"offsets":[{"slot":"ef_dragon_body_main_191","offset":-29},{"slot":"ef_dragon_body_main_190","offset":-29},{"slot":"ef_dragon_body_main_189","offset":-29},{"slot":"ef_dragon_body_main_188","offset":-29},{"slot":"ef_dragon_body_main_187","offset":-29},{"slot":"ef_dragon_body_main_186","offset":-29},{"slot":"ef_dragon_body_main_185","offset":-29},{"slot":"ef_dragon_body_main_184","offset":-29},{"slot":"ef_dragon_body_main_183","offset":-29},{"slot":"ef_dragon_body_main_182","offset":-29},{"slot":"ef_dragon_body_main_181","offset":-29},{"slot":"ef_dragon_body_main_180","offset":-29},{"slot":"ef_dragon_body_main_179","offset":-29},{"slot":"ef_dragon_body_main_178","offset":-29},{"slot":"ef_dragon_body_main_177","offset":-29},{"slot":"ef_dragon_body_main_176","offset":-29},{"slot":"ef_dragon_body_main_175","offset":-29},{"slot":"ef_dragon_body_main_174","offset":-29},{"slot":"ef_dragon_body_main_173","offset":-29},{"slot":"ef_dragon_body_main_172","offset":-29},{"slot":"ef_dragon_body_main_171","offset":-29},{"slot":"ef_dragon_body_main_170","offset":-29},{"slot":"ef_dragon_body_main_169","offset":-29},{"slot":"ef_dragon_body_main_168","offset":-29},{"slot":"ef_dragon_head_mian_15","offset":-29},{"slot":"ef_dragon_head_mian_16","offset":-10},{"slot":"ef_dragon_head_mian_14","offset":-30}]}],"events":[{"time":0,"name":"Event","float":0.25,"string":"kHitStopType_normal"},{"time":0,"name":"Sound","string":"setHitSound(se_battle_007_attack_hit_01)"},{"time":0.0333,"name":"Sound","string":"cri_se_battle_040_weapon_swing"},{"time":0.0666,"name":"Event","string":"shakeGround"},{"time":0.0666,"name":"Sound","string":"cri_se_battle_darkness_explosion"},{"time":0.1666,"name":"Event","float":0.1,"string":"kHitStopType_enemyonly"},{"time":0.1666,"name":"Hit","string":"resetHitList"},{"time":0.2333,"name":"Hit","string":"resetHitList"}]}}}