{"skeleton":{"hash":"Mkq4/weZJE5THvHgIAWxTTC4yzw","spine":"3.0.12","width":0,"height":0},"bones":[{"name":"root"},{"name":"MAIN","parent":"root"},{"name":"EF_smash1_1","parent":"MAIN","x":300,"y":50},{"name":"EF_BG","parent":"root","scaleX":80,"scaleY":80},{"name":"DAMAGEAREA","parent":"root"}],"slots":[{"name":"EF_smash1_1","bone":"EF_smash1_1","blend":"additive"},{"name":"EF_BG","bone":"EF_BG","color":"ffe47fff"},{"name":"DAMAGEAREA","bone":"DAMAGEAREA"}],"skins":{"default":{"DAMAGEAREA":{"DAMAGEAREA":{"type":"boundingbox","vertices":[63.84159,-64.18276,63.84159,63.86719,-64.20832,63.86719,-64.20832,-64.50776]}},"EF_BG":{"EF/white-BG":{"width":64,"height":64}},"EF_smash1_1":{"EF/ef_smash_main/ef_smash_main_00001":{"x":40.95,"width":200,"height":240},"EF/ef_smash_main/ef_smash_main_00002":{"x":40.95,"width":200,"height":240},"EF/ef_smash_main/ef_smash_main_00003":{"x":40.95,"width":200,"height":240},"EF/ef_smash_main/ef_smash_main_00004":{"x":40.95,"width":200,"height":240},"EF/ef_smash_main/ef_smash_main_00005":{"x":40.95,"width":200,"height":240},"EF/ef_smash_main/ef_smash_main_00006":{"x":40.95,"width":200,"height":240},"EF/ef_smash_main/ef_smash_main_00007":{"x":40.95,"width":200,"height":240},"EF/ef_smash_main/ef_smash_main_00008":{"x":40.95,"width":200,"height":240},"EF/ef_smash_main/ef_smash_main_00009":{"x":40.95,"width":200,"height":240}}}},"events":{"Event":{},"Hit":{},"Sound1":{}},"animations":{"1-skill2-old":{"slots":{"EF_BG":{"attachment":[{"time":2.7,"name":"EF/white-BG"},{"time":2.8333,"name":null}],"color":[{"time":2.7,"color":"000000ff","curve":"stepped"},{"time":2.8,"color":"ffe47fff"}]},"EF_smash1_1":{"attachment":[{"time":2.6333,"name":"EF/ef_smash_main/ef_smash_main_00001"},{"time":2.6666,"name":"EF/ef_smash_main/ef_smash_main_00002"},{"time":2.7,"name":"EF/ef_smash_main/ef_smash_main_00003"},{"time":2.7333,"name":"EF/ef_smash_main/ef_smash_main_00004"},{"time":2.7666,"name":"EF/ef_smash_main/ef_smash_main_00005"},{"time":2.8,"name":"EF/ef_smash_main/ef_smash_main_00007"},{"time":2.8333,"name":"EF/ef_smash_main/ef_smash_main_00008"},{"time":2.8666,"name":"EF/ef_smash_main/ef_smash_main_00009"},{"time":2.9,"name":null}]}},"bones":{"EF_smash1_1":{"rotate":[{"time":2.6333,"angle":77.98}],"translate":[{"time":2.6333,"x":-644.32,"y":-4.16}],"scale":[{"time":2.6333,"x":3.974,"y":3.974}]}}},"2-attack1":{},"2-skill1":{"slots":{"EF_smash1_1":{"attachment":[{"time":0.3,"name":"EF/ef_smash_main/ef_smash_main_00001"},{"time":0.3333,"name":"EF/ef_smash_main/ef_smash_main_00002"},{"time":0.3666,"name":"EF/ef_smash_main/ef_smash_main_00003"},{"time":0.4,"name":"EF/ef_smash_main/ef_smash_main_00004"},{"time":0.4333,"name":"EF/ef_smash_main/ef_smash_main_00005"},{"time":0.4666,"name":"EF/ef_smash_main/ef_smash_main_00006"},{"time":0.5,"name":"EF/ef_smash_main/ef_smash_main_00007"},{"time":0.5333,"name":"EF/ef_smash_main/ef_smash_main_00008"},{"time":0.5666,"name":"EF/ef_smash_main/ef_smash_main_00009"},{"time":0.6,"name":null}]}},"bones":{"EF_smash1_1":{"rotate":[{"time":0.3,"angle":34.05}],"translate":[{"time":0.3,"x":-459.87,"y":53.53}],"scale":[{"time":0.3,"x":2,"y":2}]}}},"2-skill2":{"slots":{"EF_BG":{"attachment":[{"time":3.4666,"name":"EF/white-BG"},{"time":3.8,"name":null}],"color":[{"time":3.4666,"color":"000000ff","curve":"stepped"},{"time":3.6666,"color":"ffffffff"},{"time":3.8,"color":"ffffff00"}]},"EF_smash1_1":{"attachment":[{"time":3.4,"name":"EF/ef_smash_main/ef_smash_main_00001"},{"time":3.4333,"name":"EF/ef_smash_main/ef_smash_main_00002"},{"time":3.4666,"name":"EF/ef_smash_main/ef_smash_main_00003"},{"time":3.5333,"name":"EF/ef_smash_main/ef_smash_main_00004"},{"time":3.6,"name":"EF/ef_smash_main/ef_smash_main_00005"},{"time":3.6666,"name":"EF/ef_smash_main/ef_smash_main_00007"},{"time":3.7333,"name":"EF/ef_smash_main/ef_smash_main_00008"},{"time":3.7666,"name":"EF/ef_smash_main/ef_smash_main_00009"},{"time":3.8,"name":null}]}},"bones":{"EF_smash1_1":{"rotate":[{"time":3.4,"angle":77.98}],"translate":[{"time":3.4,"x":-644.32,"y":-4.16}],"scale":[{"time":3.4,"x":3.974,"y":3.974}]}}},"2-skill3":{"slots":{"EF_BG":{"attachment":[{"time":3.8333,"name":"EF/white-BG"}],"color":[{"time":3.8333,"color":"ffffff00","curve":[0.25,0,0.767,0.39]},{"time":4.8333,"color":"ffffffff","curve":"stepped"},{"time":6.0333,"color":"ffffffff"},{"time":6.5,"color":"ffffff00"}]}}},"attack1":{"slots":{"DAMAGEAREA":{"attachment":[{"time":0.0333,"name":"DAMAGEAREA"},{"time":0.1333,"name":null}]},"EF_smash1_1":{"attachment":[{"time":0,"name":"EF/ef_smash_main/ef_smash_main_00001"},{"time":0.0333,"name":"EF/ef_smash_main/ef_smash_main_00002"},{"time":0.0666,"name":"EF/ef_smash_main/ef_smash_main_00003"},{"time":0.1,"name":"EF/ef_smash_main/ef_smash_main_00004"},{"time":0.1333,"name":"EF/ef_smash_main/ef_smash_main_00005"},{"time":0.1666,"name":"EF/ef_smash_main/ef_smash_main_00006"},{"time":0.2,"name":"EF/ef_smash_main/ef_smash_main_00007"},{"time":0.2333,"name":"EF/ef_smash_main/ef_smash_main_00008"},{"time":0.2666,"name":"EF/ef_smash_main/ef_smash_main_00009"},{"time":0.3,"name":null}]}},"bones":{"EF_smash1_1":{"rotate":[{"time":0,"angle":0}],"translate":[{"time":0,"x":-510.06,"y":53.53}],"scale":[{"time":0,"x":2,"y":2}]},"DAMAGEAREA":{"translate":[{"time":0.0333,"x":-122.36,"y":65.33}],"scale":[{"time":0.0333,"x":2.318,"y":1}]}},"events":[{"time":0,"name":"Event","float":0.2,"string":"kHitStopType_normal"},{"time":0,"name":"Sound1","string":"cri_se_battle_monster_swish"},{"time":0.0333,"name":"Event","string":"shakeGround"},{"time":0.0333,"name":"Sound1","string":"cri_se_battle_hard_hit"}]}}}