{"skeleton":{"hash":"CHeF77icJO73nb+bV7xhLEkfABE","spine":"3.0.12","width":0,"height":0},"bones":[{"name":"root"},{"name":"MAIN","parent":"root","x":-150},{"name":"ef_smoke1_6","parent":"MAIN","x":200,"y":100},{"name":"ef_smoke1_5","parent":"MAIN","x":100},{"name":"ef_smoke1_4","parent":"MAIN","x":300,"y":100},{"name":"ef_smoke1_3","parent":"MAIN","x":200},{"name":"ef_smoke1_2","parent":"MAIN","x":400,"y":100},{"name":"ef_smoke1_1","parent":"MAIN","x":300},{"name":"EF_groundwave1_6","parent":"MAIN","x":-50,"y":100},{"name":"EF_groundwave1_5","parent":"MAIN","x":-150},{"name":"EF_groundwave1_4","parent":"MAIN","x":50,"y":100},{"name":"EF_groundwave1_3","parent":"MAIN","x":-50},{"name":"EF_groundwave1_2","parent":"MAIN","x":150,"y":100},{"name":"EF_groundwave1_1","parent":"MAIN","x":50},{"name":"EF_firework1_6","parent":"MAIN","x":100,"y":100},{"name":"EF_firework1_5","parent":"MAIN"},{"name":"EF_firework1_4","parent":"MAIN","x":200,"y":100},{"name":"EF_firework1_3","parent":"MAIN","x":100},{"name":"EF_firework1_2","parent":"MAIN","x":300,"y":100},{"name":"EF_firework1_1","parent":"MAIN","x":200},{"name":"EF_dust2_6","parent":"MAIN","y":100},{"name":"EF_dust2_5","parent":"MAIN","x":-100},{"name":"EF_dust2_4","parent":"MAIN","x":100,"y":100},{"name":"EF_dust2_3","parent":"MAIN"},{"name":"EF_dust2_2","parent":"MAIN","x":200,"y":100},{"name":"EF_dust2_1","parent":"MAIN","x":100},{"name":"EF_dust1_6","parent":"MAIN","y":100},{"name":"EF_dust1_5","parent":"MAIN","x":-100},{"name":"EF_dust1_4","parent":"MAIN","x":100,"y":100},{"name":"EF_dust1_3","parent":"MAIN"},{"name":"EF_dust1_2","parent":"MAIN","x":200,"y":100},{"name":"EF_dust1_1","parent":"MAIN","x":100},{"name":"EF_dome1_6","parent":"MAIN","x":50,"y":100},{"name":"EF_dome1_5","parent":"MAIN","x":-50},{"name":"EF_dome1_4","parent":"MAIN","x":150,"y":100},{"name":"EF_dome1_3","parent":"MAIN","x":50},{"name":"EF_dome1_2","parent":"MAIN","x":250,"y":100},{"name":"EF_dome1_1","parent":"MAIN","x":150},{"name":"EF_canon1_6","parent":"MAIN","x":150,"y":100},{"name":"EF_canon1_5","parent":"MAIN","x":50},{"name":"EF_canon1_4","parent":"MAIN","x":250,"y":100},{"name":"EF_canon1_3","parent":"MAIN","x":150},{"name":"EF_canon1_2","parent":"MAIN","x":350,"y":100},{"name":"EF_canon1_1","parent":"MAIN","x":250},{"name":"DAMAGEAREA","parent":"root"}],"slots":[{"name":"EF_dust1_2","bone":"EF_dust2_1","color":"000000ff"},{"name":"EF_dust1_8","bone":"EF_dust2_2","color":"000000ff"},{"name":"EF_dust1_9","bone":"EF_dust2_3","color":"000000ff"},{"name":"EF_dust1_10","bone":"EF_dust2_4","color":"000000ff"},{"name":"EF_dust1_11","bone":"EF_dust2_5","color":"000000ff"},{"name":"EF_dust1_12","bone":"EF_dust2_6","color":"000000ff"},{"name":"ef_smoke1_1","bone":"ef_smoke1_1"},{"name":"ef_smoke1_2","bone":"ef_smoke1_2"},{"name":"ef_smoke1_3","bone":"ef_smoke1_3"},{"name":"ef_smoke1_4","bone":"ef_smoke1_4"},{"name":"ef_smoke1_5","bone":"ef_smoke1_5"},{"name":"ef_smoke1_6","bone":"ef_smoke1_6"},{"name":"EF_dome1_1","bone":"EF_dome1_1","blend":"additive"},{"name":"EF_dome1_2","bone":"EF_dome1_2","blend":"additive"},{"name":"EF_dome1_3","bone":"EF_dome1_3","blend":"additive"},{"name":"EF_dome1_4","bone":"EF_dome1_4","blend":"additive"},{"name":"EF_dome1_5","bone":"EF_dome1_5","blend":"additive"},{"name":"EF_dome1_6","bone":"EF_dome1_6","blend":"additive"},{"name":"EF_firework1_1","bone":"EF_firework1_1","blend":"additive"},{"name":"EF_firework1_2","bone":"EF_firework1_2","blend":"additive"},{"name":"EF_firework1_3","bone":"EF_firework1_3","blend":"additive"},{"name":"EF_firework1_4","bone":"EF_firework1_4","blend":"additive"},{"name":"EF_firework1_5","bone":"EF_firework1_5","blend":"additive"},{"name":"EF_firework1_6","bone":"EF_firework1_6","blend":"additive"},{"name":"EF_groundwave1_1","bone":"EF_groundwave1_1","blend":"additive"},{"name":"EF_groundwave1_2","bone":"EF_groundwave1_2","blend":"additive"},{"name":"EF_groundwave1_3","bone":"EF_groundwave1_3","blend":"additive"},{"name":"EF_groundwave1_4","bone":"EF_groundwave1_4","blend":"additive"},{"name":"EF_groundwave1_5","bone":"EF_groundwave1_5","blend":"additive"},{"name":"EF_groundwave1_6","bone":"EF_groundwave1_6","blend":"additive"},{"name":"EF_canon1_1","bone":"EF_canon1_1","blend":"additive"},{"name":"EF_canon1_2","bone":"EF_canon1_2","blend":"additive"},{"name":"EF_canon1_3","bone":"EF_canon1_3","blend":"additive"},{"name":"EF_canon1_4","bone":"EF_canon1_4","blend":"additive"},{"name":"EF_canon1_5","bone":"EF_canon1_5","blend":"additive"},{"name":"EF_canon1_6","bone":"EF_canon1_6","blend":"additive"},{"name":"EF_dust1_1","bone":"EF_dust1_1","blend":"additive"},{"name":"EF_dust1_3","bone":"EF_dust1_2","blend":"additive"},{"name":"EF_dust1_4","bone":"EF_dust1_3","blend":"additive"},{"name":"EF_dust1_5","bone":"EF_dust1_4","blend":"additive"},{"name":"EF_dust1_6","bone":"EF_dust1_5","blend":"additive"},{"name":"EF_dust1_7","bone":"EF_dust1_6","blend":"additive"},{"name":"DAMAGEAREA","bone":"DAMAGEAREA"}],"skins":{"default":{"DAMAGEAREA":{"DAMAGEAREA":{"type":"boundingbox","vertices":[-31.22207,-32.42775,32.13787,-32.10776,31.49786,31.25218,-32.50208,31.57217]}},"EF_canon1_1":{"ef_missile_main/ef_missile_main_00006":{"x":-22.75,"width":200,"height":200}},"EF_canon1_2":{"ef_missile_main/ef_missile_main_00006":{"x":-22.75,"width":200,"height":200}},"EF_canon1_3":{"ef_missile_main/ef_missile_main_00006":{"x":-22.75,"width":200,"height":200}},"EF_canon1_4":{"ef_missile_main/ef_missile_main_00006":{"x":-22.75,"width":200,"height":200}},"EF_canon1_5":{"ef_missile_main/ef_missile_main_00006":{"x":-22.75,"width":200,"height":200}},"EF_canon1_6":{"ef_missile_main/ef_missile_main_00006":{"x":-22.75,"width":200,"height":200}},"EF_dome1_1":{"ef_dome_main/ef_dome_main_00001":{"y":51.42,"width":210,"height":140},"ef_dome_main/ef_dome_main_00002":{"y":51.42,"width":210,"height":140},"ef_dome_main/ef_dome_main_00003":{"y":51.42,"width":210,"height":140},"ef_dome_main/ef_dome_main_00004":{"y":51.42,"width":210,"height":140},"ef_dome_main/ef_dome_main_00005":{"y":51.42,"width":210,"height":140},"ef_dome_main/ef_dome_main_00006":{"y":51.42,"width":210,"height":140},"ef_dome_main/ef_dome_main_00007":{"y":51.42,"width":210,"height":140},"ef_dome_main/ef_dome_main_00008":{"y":51.42,"width":210,"height":140},"ef_dome_main/ef_dome_main_00009":{"y":51.42,"width":210,"height":140},"ef_dome_main/ef_dome_main_00010":{"y":51.42,"width":210,"height":140},"ef_dome_main/ef_dome_main_00011":{"y":51.42,"width":210,"height":140},"ef_dome_main/ef_dome_main_00012":{"y":51.42,"width":210,"height":140},"ef_dome_main/ef_dome_main_00013":{"y":51.42,"width":210,"height":140}},"EF_dome1_2":{"ef_dome_main/ef_dome_main_00001":{"y":51.42,"width":210,"height":140},"ef_dome_main/ef_dome_main_00002":{"y":51.42,"width":210,"height":140},"ef_dome_main/ef_dome_main_00003":{"y":51.42,"width":210,"height":140},"ef_dome_main/ef_dome_main_00004":{"y":51.42,"width":210,"height":140},"ef_dome_main/ef_dome_main_00005":{"y":51.42,"width":210,"height":140},"ef_dome_main/ef_dome_main_00006":{"y":51.42,"width":210,"height":140},"ef_dome_main/ef_dome_main_00007":{"y":51.42,"width":210,"height":140},"ef_dome_main/ef_dome_main_00008":{"y":51.42,"width":210,"height":140},"ef_dome_main/ef_dome_main_00009":{"y":51.42,"width":210,"height":140},"ef_dome_main/ef_dome_main_00010":{"y":51.42,"width":210,"height":140},"ef_dome_main/ef_dome_main_00011":{"y":51.42,"width":210,"height":140},"ef_dome_main/ef_dome_main_00012":{"y":51.42,"width":210,"height":140},"ef_dome_main/ef_dome_main_00013":{"y":51.42,"width":210,"height":140}},"EF_dome1_3":{"ef_dome_main/ef_dome_main_00001":{"y":51.42,"width":210,"height":140},"ef_dome_main/ef_dome_main_00002":{"y":51.42,"width":210,"height":140},"ef_dome_main/ef_dome_main_00003":{"y":51.42,"width":210,"height":140},"ef_dome_main/ef_dome_main_00004":{"y":51.42,"width":210,"height":140},"ef_dome_main/ef_dome_main_00005":{"y":51.42,"width":210,"height":140},"ef_dome_main/ef_dome_main_00006":{"y":51.42,"width":210,"height":140},"ef_dome_main/ef_dome_main_00007":{"y":51.42,"width":210,"height":140},"ef_dome_main/ef_dome_main_00008":{"y":51.42,"width":210,"height":140},"ef_dome_main/ef_dome_main_00009":{"y":51.42,"width":210,"height":140},"ef_dome_main/ef_dome_main_00010":{"y":51.42,"width":210,"height":140},"ef_dome_main/ef_dome_main_00011":{"y":51.42,"width":210,"height":140},"ef_dome_main/ef_dome_main_00012":{"y":51.42,"width":210,"height":140},"ef_dome_main/ef_dome_main_00013":{"y":51.42,"width":210,"height":140}},"EF_dome1_4":{"ef_dome_main/ef_dome_main_00001":{"y":51.42,"width":210,"height":140},"ef_dome_main/ef_dome_main_00002":{"y":51.42,"width":210,"height":140},"ef_dome_main/ef_dome_main_00003":{"y":51.42,"width":210,"height":140},"ef_dome_main/ef_dome_main_00004":{"y":51.42,"width":210,"height":140},"ef_dome_main/ef_dome_main_00005":{"y":51.42,"width":210,"height":140},"ef_dome_main/ef_dome_main_00006":{"y":51.42,"width":210,"height":140},"ef_dome_main/ef_dome_main_00007":{"y":51.42,"width":210,"height":140},"ef_dome_main/ef_dome_main_00008":{"y":51.42,"width":210,"height":140},"ef_dome_main/ef_dome_main_00009":{"y":51.42,"width":210,"height":140},"ef_dome_main/ef_dome_main_00010":{"y":51.42,"width":210,"height":140},"ef_dome_main/ef_dome_main_00011":{"y":51.42,"width":210,"height":140},"ef_dome_main/ef_dome_main_00012":{"y":51.42,"width":210,"height":140},"ef_dome_main/ef_dome_main_00013":{"y":51.42,"width":210,"height":140}},"EF_dome1_5":{"ef_dome_main/ef_dome_main_00001":{"y":51.42,"width":210,"height":140},"ef_dome_main/ef_dome_main_00002":{"y":51.42,"width":210,"height":140},"ef_dome_main/ef_dome_main_00003":{"y":51.42,"width":210,"height":140},"ef_dome_main/ef_dome_main_00004":{"y":51.42,"width":210,"height":140},"ef_dome_main/ef_dome_main_00005":{"y":51.42,"width":210,"height":140},"ef_dome_main/ef_dome_main_00006":{"y":51.42,"width":210,"height":140},"ef_dome_main/ef_dome_main_00007":{"y":51.42,"width":210,"height":140},"ef_dome_main/ef_dome_main_00008":{"y":51.42,"width":210,"height":140},"ef_dome_main/ef_dome_main_00009":{"y":51.42,"width":210,"height":140},"ef_dome_main/ef_dome_main_00010":{"y":51.42,"width":210,"height":140},"ef_dome_main/ef_dome_main_00011":{"y":51.42,"width":210,"height":140},"ef_dome_main/ef_dome_main_00012":{"y":51.42,"width":210,"height":140},"ef_dome_main/ef_dome_main_00013":{"y":51.42,"width":210,"height":140}},"EF_dome1_6":{"ef_dome_main/ef_dome_main_00001":{"y":51.42,"width":210,"height":140},"ef_dome_main/ef_dome_main_00002":{"y":51.42,"width":210,"height":140},"ef_dome_main/ef_dome_main_00003":{"y":51.42,"width":210,"height":140},"ef_dome_main/ef_dome_main_00004":{"y":51.42,"width":210,"height":140},"ef_dome_main/ef_dome_main_00005":{"y":51.42,"width":210,"height":140},"ef_dome_main/ef_dome_main_00006":{"y":51.42,"width":210,"height":140},"ef_dome_main/ef_dome_main_00007":{"y":51.42,"width":210,"height":140},"ef_dome_main/ef_dome_main_00008":{"y":51.42,"width":210,"height":140},"ef_dome_main/ef_dome_main_00009":{"y":51.42,"width":210,"height":140},"ef_dome_main/ef_dome_main_00010":{"y":51.42,"width":210,"height":140},"ef_dome_main/ef_dome_main_00011":{"y":51.42,"width":210,"height":140},"ef_dome_main/ef_dome_main_00012":{"y":51.42,"width":210,"height":140},"ef_dome_main/ef_dome_main_00013":{"y":51.42,"width":210,"height":140}},"EF_dust1_1":{"ef_tuti_main/ef_tuti_main_00001":{"y":7.37,"width":200,"height":120},"ef_tuti_main/ef_tuti_main_00003":{"y":7.37,"width":200,"height":120},"ef_tuti_main/ef_tuti_main_00005":{"y":7.37,"width":200,"height":120},"ef_tuti_main/ef_tuti_main_00007":{"y":7.37,"width":200,"height":120},"ef_tuti_main/ef_tuti_main_00009":{"y":7.37,"width":200,"height":120},"ef_tuti_main/ef_tuti_main_00011":{"y":7.37,"width":200,"height":120},"ef_tuti_main/ef_tuti_main_00013":{"y":7.37,"width":200,"height":120},"ef_tuti_main/ef_tuti_main_00015":{"y":7.37,"width":200,"height":120},"ef_tuti_main/ef_tuti_main_00017":{"y":7.37,"width":200,"height":120}},"EF_dust1_10":{"ef_tuti_main/ef_tuti_main_00001":{"y":7.37,"width":200,"height":120},"ef_tuti_main/ef_tuti_main_00003":{"y":7.37,"width":200,"height":120},"ef_tuti_main/ef_tuti_main_00005":{"y":7.37,"width":200,"height":120},"ef_tuti_main/ef_tuti_main_00007":{"y":7.37,"width":200,"height":120},"ef_tuti_main/ef_tuti_main_00009":{"y":7.37,"width":200,"height":120},"ef_tuti_main/ef_tuti_main_00011":{"y":7.37,"width":200,"height":120},"ef_tuti_main/ef_tuti_main_00013":{"y":7.37,"width":200,"height":120},"ef_tuti_main/ef_tuti_main_00015":{"y":7.37,"width":200,"height":120},"ef_tuti_main/ef_tuti_main_00017":{"y":7.37,"width":200,"height":120}},"EF_dust1_11":{"ef_tuti_main/ef_tuti_main_00001":{"y":7.37,"width":200,"height":120},"ef_tuti_main/ef_tuti_main_00003":{"y":7.37,"width":200,"height":120},"ef_tuti_main/ef_tuti_main_00005":{"y":7.37,"width":200,"height":120},"ef_tuti_main/ef_tuti_main_00007":{"y":7.37,"width":200,"height":120},"ef_tuti_main/ef_tuti_main_00009":{"y":7.37,"width":200,"height":120},"ef_tuti_main/ef_tuti_main_00011":{"y":7.37,"width":200,"height":120},"ef_tuti_main/ef_tuti_main_00013":{"y":7.37,"width":200,"height":120},"ef_tuti_main/ef_tuti_main_00015":{"y":7.37,"width":200,"height":120},"ef_tuti_main/ef_tuti_main_00017":{"y":7.37,"width":200,"height":120}},"EF_dust1_12":{"ef_tuti_main/ef_tuti_main_00001":{"y":7.37,"width":200,"height":120},"ef_tuti_main/ef_tuti_main_00003":{"y":7.37,"width":200,"height":120},"ef_tuti_main/ef_tuti_main_00005":{"y":7.37,"width":200,"height":120},"ef_tuti_main/ef_tuti_main_00007":{"y":7.37,"width":200,"height":120},"ef_tuti_main/ef_tuti_main_00009":{"y":7.37,"width":200,"height":120},"ef_tuti_main/ef_tuti_main_00011":{"y":7.37,"width":200,"height":120},"ef_tuti_main/ef_tuti_main_00013":{"y":7.37,"width":200,"height":120},"ef_tuti_main/ef_tuti_main_00015":{"y":7.37,"width":200,"height":120},"ef_tuti_main/ef_tuti_main_00017":{"y":7.37,"width":200,"height":120}},"EF_dust1_2":{"ef_tuti_main/ef_tuti_main_00001":{"y":7.37,"width":200,"height":120},"ef_tuti_main/ef_tuti_main_00003":{"y":7.37,"width":200,"height":120},"ef_tuti_main/ef_tuti_main_00005":{"y":7.37,"width":200,"height":120},"ef_tuti_main/ef_tuti_main_00007":{"y":7.37,"width":200,"height":120},"ef_tuti_main/ef_tuti_main_00009":{"y":7.37,"width":200,"height":120},"ef_tuti_main/ef_tuti_main_00011":{"y":7.37,"width":200,"height":120},"ef_tuti_main/ef_tuti_main_00013":{"y":7.37,"width":200,"height":120},"ef_tuti_main/ef_tuti_main_00015":{"y":7.37,"width":200,"height":120},"ef_tuti_main/ef_tuti_main_00017":{"y":7.37,"width":200,"height":120}},"EF_dust1_3":{"ef_tuti_main/ef_tuti_main_00001":{"y":7.37,"width":200,"height":120},"ef_tuti_main/ef_tuti_main_00003":{"y":7.37,"width":200,"height":120},"ef_tuti_main/ef_tuti_main_00005":{"y":7.37,"width":200,"height":120},"ef_tuti_main/ef_tuti_main_00007":{"y":7.37,"width":200,"height":120},"ef_tuti_main/ef_tuti_main_00009":{"y":7.37,"width":200,"height":120},"ef_tuti_main/ef_tuti_main_00011":{"y":7.37,"width":200,"height":120},"ef_tuti_main/ef_tuti_main_00013":{"y":7.37,"width":200,"height":120},"ef_tuti_main/ef_tuti_main_00015":{"y":7.37,"width":200,"height":120},"ef_tuti_main/ef_tuti_main_00017":{"y":7.37,"width":200,"height":120}},"EF_dust1_4":{"ef_tuti_main/ef_tuti_main_00001":{"y":7.37,"width":200,"height":120},"ef_tuti_main/ef_tuti_main_00003":{"y":7.37,"width":200,"height":120},"ef_tuti_main/ef_tuti_main_00005":{"y":7.37,"width":200,"height":120},"ef_tuti_main/ef_tuti_main_00007":{"y":7.37,"width":200,"height":120},"ef_tuti_main/ef_tuti_main_00009":{"y":7.37,"width":200,"height":120},"ef_tuti_main/ef_tuti_main_00011":{"y":7.37,"width":200,"height":120},"ef_tuti_main/ef_tuti_main_00013":{"y":7.37,"width":200,"height":120},"ef_tuti_main/ef_tuti_main_00015":{"y":7.37,"width":200,"height":120},"ef_tuti_main/ef_tuti_main_00017":{"y":7.37,"width":200,"height":120}},"EF_dust1_5":{"ef_tuti_main/ef_tuti_main_00001":{"y":7.37,"width":200,"height":120},"ef_tuti_main/ef_tuti_main_00003":{"y":7.37,"width":200,"height":120},"ef_tuti_main/ef_tuti_main_00005":{"y":7.37,"width":200,"height":120},"ef_tuti_main/ef_tuti_main_00007":{"y":7.37,"width":200,"height":120},"ef_tuti_main/ef_tuti_main_00009":{"y":7.37,"width":200,"height":120},"ef_tuti_main/ef_tuti_main_00011":{"y":7.37,"width":200,"height":120},"ef_tuti_main/ef_tuti_main_00013":{"y":7.37,"width":200,"height":120},"ef_tuti_main/ef_tuti_main_00015":{"y":7.37,"width":200,"height":120},"ef_tuti_main/ef_tuti_main_00017":{"y":7.37,"width":200,"height":120}},"EF_dust1_6":{"ef_tuti_main/ef_tuti_main_00001":{"y":7.37,"width":200,"height":120},"ef_tuti_main/ef_tuti_main_00003":{"y":7.37,"width":200,"height":120},"ef_tuti_main/ef_tuti_main_00005":{"y":7.37,"width":200,"height":120},"ef_tuti_main/ef_tuti_main_00007":{"y":7.37,"width":200,"height":120},"ef_tuti_main/ef_tuti_main_00009":{"y":7.37,"width":200,"height":120},"ef_tuti_main/ef_tuti_main_00011":{"y":7.37,"width":200,"height":120},"ef_tuti_main/ef_tuti_main_00013":{"y":7.37,"width":200,"height":120},"ef_tuti_main/ef_tuti_main_00015":{"y":7.37,"width":200,"height":120},"ef_tuti_main/ef_tuti_main_00017":{"y":7.37,"width":200,"height":120}},"EF_dust1_7":{"ef_tuti_main/ef_tuti_main_00001":{"y":7.37,"width":200,"height":120},"ef_tuti_main/ef_tuti_main_00003":{"y":7.37,"width":200,"height":120},"ef_tuti_main/ef_tuti_main_00005":{"y":7.37,"width":200,"height":120},"ef_tuti_main/ef_tuti_main_00007":{"y":7.37,"width":200,"height":120},"ef_tuti_main/ef_tuti_main_00009":{"y":7.37,"width":200,"height":120},"ef_tuti_main/ef_tuti_main_00011":{"y":7.37,"width":200,"height":120},"ef_tuti_main/ef_tuti_main_00013":{"y":7.37,"width":200,"height":120},"ef_tuti_main/ef_tuti_main_00015":{"y":7.37,"width":200,"height":120},"ef_tuti_main/ef_tuti_main_00017":{"y":7.37,"width":200,"height":120}},"EF_dust1_8":{"ef_tuti_main/ef_tuti_main_00001":{"y":7.37,"width":200,"height":120},"ef_tuti_main/ef_tuti_main_00003":{"y":7.37,"width":200,"height":120},"ef_tuti_main/ef_tuti_main_00005":{"y":7.37,"width":200,"height":120},"ef_tuti_main/ef_tuti_main_00007":{"y":7.37,"width":200,"height":120},"ef_tuti_main/ef_tuti_main_00009":{"y":7.37,"width":200,"height":120},"ef_tuti_main/ef_tuti_main_00011":{"y":7.37,"width":200,"height":120},"ef_tuti_main/ef_tuti_main_00013":{"y":7.37,"width":200,"height":120},"ef_tuti_main/ef_tuti_main_00015":{"y":7.37,"width":200,"height":120},"ef_tuti_main/ef_tuti_main_00017":{"y":7.37,"width":200,"height":120}},"EF_dust1_9":{"ef_tuti_main/ef_tuti_main_00001":{"y":7.37,"width":200,"height":120},"ef_tuti_main/ef_tuti_main_00003":{"y":7.37,"width":200,"height":120},"ef_tuti_main/ef_tuti_main_00005":{"y":7.37,"width":200,"height":120},"ef_tuti_main/ef_tuti_main_00007":{"y":7.37,"width":200,"height":120},"ef_tuti_main/ef_tuti_main_00009":{"y":7.37,"width":200,"height":120},"ef_tuti_main/ef_tuti_main_00011":{"y":7.37,"width":200,"height":120},"ef_tuti_main/ef_tuti_main_00013":{"y":7.37,"width":200,"height":120},"ef_tuti_main/ef_tuti_main_00015":{"y":7.37,"width":200,"height":120},"ef_tuti_main/ef_tuti_main_00017":{"y":7.37,"width":200,"height":120}},"EF_firework1_1":{"ef_firework_main/ef_firework_main_00001":{"y":73.79,"width":210,"height":210},"ef_firework_main/ef_firework_main_00003":{"y":73.79,"width":210,"height":210},"ef_firework_main/ef_firework_main_00005":{"y":73.79,"width":210,"height":210},"ef_firework_main/ef_firework_main_00007":{"y":73.79,"width":210,"height":210},"ef_firework_main/ef_firework_main_00009":{"y":73.79,"width":210,"height":210},"ef_firework_main/ef_firework_main_00011":{"y":73.79,"width":210,"height":210},"ef_firework_main/ef_firework_main_00013":{"y":73.79,"width":210,"height":210},"ef_firework_main/ef_firework_main_00015":{"y":73.79,"width":210,"height":210},"ef_firework_main/ef_firework_main_00017":{"y":73.79,"width":210,"height":210},"ef_firework_main/ef_firework_main_00019":{"y":73.79,"width":210,"height":210},"ef_firework_main/ef_firework_main_00021":{"y":73.79,"width":210,"height":210},"ef_firework_main/ef_firework_main_00023":{"y":73.79,"width":210,"height":210},"ef_firework_main/ef_firework_main_00025":{"y":73.79,"width":210,"height":210},"ef_firework_main/ef_firework_main_00027":{"y":73.79,"width":210,"height":210}},"EF_firework1_2":{"ef_firework_main/ef_firework_main_00001":{"y":73.79,"width":210,"height":210},"ef_firework_main/ef_firework_main_00003":{"y":73.79,"width":210,"height":210},"ef_firework_main/ef_firework_main_00005":{"y":73.79,"width":210,"height":210},"ef_firework_main/ef_firework_main_00007":{"y":73.79,"width":210,"height":210},"ef_firework_main/ef_firework_main_00009":{"y":73.79,"width":210,"height":210},"ef_firework_main/ef_firework_main_00011":{"y":73.79,"width":210,"height":210},"ef_firework_main/ef_firework_main_00013":{"y":73.79,"width":210,"height":210},"ef_firework_main/ef_firework_main_00015":{"y":73.79,"width":210,"height":210},"ef_firework_main/ef_firework_main_00017":{"y":73.79,"width":210,"height":210},"ef_firework_main/ef_firework_main_00019":{"y":73.79,"width":210,"height":210},"ef_firework_main/ef_firework_main_00021":{"y":73.79,"width":210,"height":210},"ef_firework_main/ef_firework_main_00023":{"y":73.79,"width":210,"height":210},"ef_firework_main/ef_firework_main_00025":{"y":73.79,"width":210,"height":210},"ef_firework_main/ef_firework_main_00027":{"y":73.79,"width":210,"height":210}},"EF_firework1_3":{"ef_firework_main/ef_firework_main_00001":{"y":73.79,"width":210,"height":210},"ef_firework_main/ef_firework_main_00003":{"y":73.79,"width":210,"height":210},"ef_firework_main/ef_firework_main_00005":{"y":73.79,"width":210,"height":210},"ef_firework_main/ef_firework_main_00007":{"y":73.79,"width":210,"height":210},"ef_firework_main/ef_firework_main_00009":{"y":73.79,"width":210,"height":210},"ef_firework_main/ef_firework_main_00011":{"y":73.79,"width":210,"height":210},"ef_firework_main/ef_firework_main_00013":{"y":73.79,"width":210,"height":210},"ef_firework_main/ef_firework_main_00015":{"y":73.79,"width":210,"height":210},"ef_firework_main/ef_firework_main_00017":{"y":73.79,"width":210,"height":210},"ef_firework_main/ef_firework_main_00019":{"y":73.79,"width":210,"height":210},"ef_firework_main/ef_firework_main_00021":{"y":73.79,"width":210,"height":210},"ef_firework_main/ef_firework_main_00023":{"y":73.79,"width":210,"height":210},"ef_firework_main/ef_firework_main_00025":{"y":73.79,"width":210,"height":210},"ef_firework_main/ef_firework_main_00027":{"y":73.79,"width":210,"height":210}},"EF_firework1_4":{"ef_firework_main/ef_firework_main_00001":{"y":73.79,"width":210,"height":210},"ef_firework_main/ef_firework_main_00003":{"y":73.79,"width":210,"height":210},"ef_firework_main/ef_firework_main_00005":{"y":73.79,"width":210,"height":210},"ef_firework_main/ef_firework_main_00007":{"y":73.79,"width":210,"height":210},"ef_firework_main/ef_firework_main_00009":{"y":73.79,"width":210,"height":210},"ef_firework_main/ef_firework_main_00011":{"y":73.79,"width":210,"height":210},"ef_firework_main/ef_firework_main_00013":{"y":73.79,"width":210,"height":210},"ef_firework_main/ef_firework_main_00015":{"y":73.79,"width":210,"height":210},"ef_firework_main/ef_firework_main_00017":{"y":73.79,"width":210,"height":210},"ef_firework_main/ef_firework_main_00019":{"y":73.79,"width":210,"height":210},"ef_firework_main/ef_firework_main_00021":{"y":73.79,"width":210,"height":210},"ef_firework_main/ef_firework_main_00023":{"y":73.79,"width":210,"height":210},"ef_firework_main/ef_firework_main_00025":{"y":73.79,"width":210,"height":210},"ef_firework_main/ef_firework_main_00027":{"y":73.79,"width":210,"height":210}},"EF_firework1_5":{"ef_firework_main/ef_firework_main_00001":{"y":73.79,"width":210,"height":210},"ef_firework_main/ef_firework_main_00003":{"y":73.79,"width":210,"height":210},"ef_firework_main/ef_firework_main_00005":{"y":73.79,"width":210,"height":210},"ef_firework_main/ef_firework_main_00007":{"y":73.79,"width":210,"height":210},"ef_firework_main/ef_firework_main_00009":{"y":73.79,"width":210,"height":210},"ef_firework_main/ef_firework_main_00011":{"y":73.79,"width":210,"height":210},"ef_firework_main/ef_firework_main_00013":{"y":73.79,"width":210,"height":210},"ef_firework_main/ef_firework_main_00015":{"y":73.79,"width":210,"height":210},"ef_firework_main/ef_firework_main_00017":{"y":73.79,"width":210,"height":210},"ef_firework_main/ef_firework_main_00019":{"y":73.79,"width":210,"height":210},"ef_firework_main/ef_firework_main_00021":{"y":73.79,"width":210,"height":210},"ef_firework_main/ef_firework_main_00023":{"y":73.79,"width":210,"height":210},"ef_firework_main/ef_firework_main_00025":{"y":73.79,"width":210,"height":210},"ef_firework_main/ef_firework_main_00027":{"y":73.79,"width":210,"height":210}},"EF_firework1_6":{"ef_firework_main/ef_firework_main_00001":{"y":73.79,"width":210,"height":210},"ef_firework_main/ef_firework_main_00003":{"y":73.79,"width":210,"height":210},"ef_firework_main/ef_firework_main_00005":{"y":73.79,"width":210,"height":210},"ef_firework_main/ef_firework_main_00007":{"y":73.79,"width":210,"height":210},"ef_firework_main/ef_firework_main_00009":{"y":73.79,"width":210,"height":210},"ef_firework_main/ef_firework_main_00011":{"y":73.79,"width":210,"height":210},"ef_firework_main/ef_firework_main_00013":{"y":73.79,"width":210,"height":210},"ef_firework_main/ef_firework_main_00015":{"y":73.79,"width":210,"height":210},"ef_firework_main/ef_firework_main_00017":{"y":73.79,"width":210,"height":210},"ef_firework_main/ef_firework_main_00019":{"y":73.79,"width":210,"height":210},"ef_firework_main/ef_firework_main_00021":{"y":73.79,"width":210,"height":210},"ef_firework_main/ef_firework_main_00023":{"y":73.79,"width":210,"height":210},"ef_firework_main/ef_firework_main_00025":{"y":73.79,"width":210,"height":210},"ef_firework_main/ef_firework_main_00027":{"y":73.79,"width":210,"height":210}},"EF_groundwave1_1":{"ef_graund_wave_main/ef_graund_wave_main_00001":{"y":11.68,"width":200,"height":120},"ef_graund_wave_main/ef_graund_wave_main_00003":{"y":11.68,"width":200,"height":120},"ef_graund_wave_main/ef_graund_wave_main_00005":{"y":11.68,"width":200,"height":120},"ef_graund_wave_main/ef_graund_wave_main_00007":{"y":11.68,"width":200,"height":120},"ef_graund_wave_main/ef_graund_wave_main_00009":{"y":11.68,"width":200,"height":120},"ef_graund_wave_main/ef_graund_wave_main_00011":{"y":11.68,"width":200,"height":120},"ef_graund_wave_main/ef_graund_wave_main_00013":{"y":11.68,"width":200,"height":120}},"EF_groundwave1_2":{"ef_graund_wave_main/ef_graund_wave_main_00001":{"y":11.68,"width":200,"height":120},"ef_graund_wave_main/ef_graund_wave_main_00003":{"y":11.68,"width":200,"height":120},"ef_graund_wave_main/ef_graund_wave_main_00005":{"y":11.68,"width":200,"height":120},"ef_graund_wave_main/ef_graund_wave_main_00007":{"y":11.68,"width":200,"height":120},"ef_graund_wave_main/ef_graund_wave_main_00009":{"y":11.68,"width":200,"height":120},"ef_graund_wave_main/ef_graund_wave_main_00011":{"y":11.68,"width":200,"height":120},"ef_graund_wave_main/ef_graund_wave_main_00013":{"y":11.68,"width":200,"height":120}},"EF_groundwave1_3":{"ef_graund_wave_main/ef_graund_wave_main_00001":{"y":11.68,"width":200,"height":120},"ef_graund_wave_main/ef_graund_wave_main_00003":{"y":11.68,"width":200,"height":120},"ef_graund_wave_main/ef_graund_wave_main_00005":{"y":11.68,"width":200,"height":120},"ef_graund_wave_main/ef_graund_wave_main_00007":{"y":11.68,"width":200,"height":120},"ef_graund_wave_main/ef_graund_wave_main_00009":{"y":11.68,"width":200,"height":120},"ef_graund_wave_main/ef_graund_wave_main_00011":{"y":11.68,"width":200,"height":120},"ef_graund_wave_main/ef_graund_wave_main_00013":{"y":11.68,"width":200,"height":120}},"EF_groundwave1_4":{"ef_graund_wave_main/ef_graund_wave_main_00001":{"y":11.68,"width":200,"height":120},"ef_graund_wave_main/ef_graund_wave_main_00003":{"y":11.68,"width":200,"height":120},"ef_graund_wave_main/ef_graund_wave_main_00005":{"y":11.68,"width":200,"height":120},"ef_graund_wave_main/ef_graund_wave_main_00007":{"y":11.68,"width":200,"height":120},"ef_graund_wave_main/ef_graund_wave_main_00009":{"y":11.68,"width":200,"height":120},"ef_graund_wave_main/ef_graund_wave_main_00011":{"y":11.68,"width":200,"height":120},"ef_graund_wave_main/ef_graund_wave_main_00013":{"y":11.68,"width":200,"height":120}},"EF_groundwave1_5":{"ef_graund_wave_main/ef_graund_wave_main_00001":{"y":11.68,"width":200,"height":120},"ef_graund_wave_main/ef_graund_wave_main_00003":{"y":11.68,"width":200,"height":120},"ef_graund_wave_main/ef_graund_wave_main_00005":{"y":11.68,"width":200,"height":120},"ef_graund_wave_main/ef_graund_wave_main_00007":{"y":11.68,"width":200,"height":120},"ef_graund_wave_main/ef_graund_wave_main_00009":{"y":11.68,"width":200,"height":120},"ef_graund_wave_main/ef_graund_wave_main_00011":{"y":11.68,"width":200,"height":120},"ef_graund_wave_main/ef_graund_wave_main_00013":{"y":11.68,"width":200,"height":120}},"EF_groundwave1_6":{"ef_graund_wave_main/ef_graund_wave_main_00001":{"y":11.68,"width":200,"height":120},"ef_graund_wave_main/ef_graund_wave_main_00003":{"y":11.68,"width":200,"height":120},"ef_graund_wave_main/ef_graund_wave_main_00005":{"y":11.68,"width":200,"height":120},"ef_graund_wave_main/ef_graund_wave_main_00007":{"y":11.68,"width":200,"height":120},"ef_graund_wave_main/ef_graund_wave_main_00009":{"y":11.68,"width":200,"height":120},"ef_graund_wave_main/ef_graund_wave_main_00011":{"y":11.68,"width":200,"height":120},"ef_graund_wave_main/ef_graund_wave_main_00013":{"y":11.68,"width":200,"height":120}},"ef_smoke1_1":{"ef_smoke_R_main/ef_smoke_R_main_00001":{"y":84.25,"width":210,"height":210},"ef_smoke_R_main/ef_smoke_R_main_00003":{"y":84.25,"width":210,"height":210},"ef_smoke_R_main/ef_smoke_R_main_00005":{"y":84.25,"width":210,"height":210},"ef_smoke_R_main/ef_smoke_R_main_00007":{"y":84.25,"width":210,"height":210},"ef_smoke_R_main/ef_smoke_R_main_00009":{"y":84.25,"width":210,"height":210},"ef_smoke_R_main/ef_smoke_R_main_00011":{"y":84.25,"width":210,"height":210},"ef_smoke_R_main/ef_smoke_R_main_00013":{"y":84.25,"width":210,"height":210},"ef_smoke_R_main/ef_smoke_R_main_00015":{"y":84.25,"width":210,"height":210},"ef_smoke_R_main/ef_smoke_R_main_00017":{"y":84.25,"width":210,"height":210},"ef_smoke_R_main/ef_smoke_R_main_00019":{"y":84.25,"width":210,"height":210},"ef_smoke_R_main/ef_smoke_R_main_00021":{"y":84.25,"width":210,"height":210},"ef_smoke_R_main/ef_smoke_R_main_00023":{"y":84.25,"width":210,"height":210},"ef_smoke_R_main/ef_smoke_R_main_00025":{"y":84.25,"width":210,"height":210},"ef_smoke_R_main/ef_smoke_R_main_00027":{"y":84.25,"width":210,"height":210}},"ef_smoke1_2":{"ef_smoke_R_main/ef_smoke_R_main_00001":{"y":84.25,"width":210,"height":210},"ef_smoke_R_main/ef_smoke_R_main_00003":{"y":84.25,"width":210,"height":210},"ef_smoke_R_main/ef_smoke_R_main_00005":{"y":84.25,"width":210,"height":210},"ef_smoke_R_main/ef_smoke_R_main_00007":{"y":84.25,"width":210,"height":210},"ef_smoke_R_main/ef_smoke_R_main_00009":{"y":84.25,"width":210,"height":210},"ef_smoke_R_main/ef_smoke_R_main_00011":{"y":84.25,"width":210,"height":210},"ef_smoke_R_main/ef_smoke_R_main_00013":{"y":84.25,"width":210,"height":210},"ef_smoke_R_main/ef_smoke_R_main_00015":{"y":84.25,"width":210,"height":210},"ef_smoke_R_main/ef_smoke_R_main_00017":{"y":84.25,"width":210,"height":210},"ef_smoke_R_main/ef_smoke_R_main_00019":{"y":84.25,"width":210,"height":210},"ef_smoke_R_main/ef_smoke_R_main_00021":{"y":84.25,"width":210,"height":210},"ef_smoke_R_main/ef_smoke_R_main_00023":{"y":84.25,"width":210,"height":210},"ef_smoke_R_main/ef_smoke_R_main_00025":{"y":84.25,"width":210,"height":210},"ef_smoke_R_main/ef_smoke_R_main_00027":{"y":84.25,"width":210,"height":210}},"ef_smoke1_3":{"ef_smoke_R_main/ef_smoke_R_main_00001":{"y":84.25,"width":210,"height":210},"ef_smoke_R_main/ef_smoke_R_main_00003":{"y":84.25,"width":210,"height":210},"ef_smoke_R_main/ef_smoke_R_main_00005":{"y":84.25,"width":210,"height":210},"ef_smoke_R_main/ef_smoke_R_main_00007":{"y":84.25,"width":210,"height":210},"ef_smoke_R_main/ef_smoke_R_main_00009":{"y":84.25,"width":210,"height":210},"ef_smoke_R_main/ef_smoke_R_main_00011":{"y":84.25,"width":210,"height":210},"ef_smoke_R_main/ef_smoke_R_main_00013":{"y":84.25,"width":210,"height":210},"ef_smoke_R_main/ef_smoke_R_main_00015":{"y":84.25,"width":210,"height":210},"ef_smoke_R_main/ef_smoke_R_main_00017":{"y":84.25,"width":210,"height":210},"ef_smoke_R_main/ef_smoke_R_main_00019":{"y":84.25,"width":210,"height":210},"ef_smoke_R_main/ef_smoke_R_main_00021":{"y":84.25,"width":210,"height":210},"ef_smoke_R_main/ef_smoke_R_main_00023":{"y":84.25,"width":210,"height":210},"ef_smoke_R_main/ef_smoke_R_main_00025":{"y":84.25,"width":210,"height":210},"ef_smoke_R_main/ef_smoke_R_main_00027":{"y":84.25,"width":210,"height":210}},"ef_smoke1_4":{"ef_smoke_R_main/ef_smoke_R_main_00001":{"y":84.25,"width":210,"height":210},"ef_smoke_R_main/ef_smoke_R_main_00003":{"y":84.25,"width":210,"height":210},"ef_smoke_R_main/ef_smoke_R_main_00005":{"y":84.25,"width":210,"height":210},"ef_smoke_R_main/ef_smoke_R_main_00007":{"y":84.25,"width":210,"height":210},"ef_smoke_R_main/ef_smoke_R_main_00009":{"y":84.25,"width":210,"height":210},"ef_smoke_R_main/ef_smoke_R_main_00011":{"y":84.25,"width":210,"height":210},"ef_smoke_R_main/ef_smoke_R_main_00013":{"y":84.25,"width":210,"height":210},"ef_smoke_R_main/ef_smoke_R_main_00015":{"y":84.25,"width":210,"height":210},"ef_smoke_R_main/ef_smoke_R_main_00017":{"y":84.25,"width":210,"height":210},"ef_smoke_R_main/ef_smoke_R_main_00019":{"y":84.25,"width":210,"height":210},"ef_smoke_R_main/ef_smoke_R_main_00021":{"y":84.25,"width":210,"height":210},"ef_smoke_R_main/ef_smoke_R_main_00023":{"y":84.25,"width":210,"height":210},"ef_smoke_R_main/ef_smoke_R_main_00025":{"y":84.25,"width":210,"height":210},"ef_smoke_R_main/ef_smoke_R_main_00027":{"y":84.25,"width":210,"height":210}},"ef_smoke1_5":{"ef_smoke_R_main/ef_smoke_R_main_00001":{"y":84.25,"width":210,"height":210},"ef_smoke_R_main/ef_smoke_R_main_00003":{"y":84.25,"width":210,"height":210},"ef_smoke_R_main/ef_smoke_R_main_00005":{"y":84.25,"width":210,"height":210},"ef_smoke_R_main/ef_smoke_R_main_00007":{"y":84.25,"width":210,"height":210},"ef_smoke_R_main/ef_smoke_R_main_00009":{"y":84.25,"width":210,"height":210},"ef_smoke_R_main/ef_smoke_R_main_00011":{"y":84.25,"width":210,"height":210},"ef_smoke_R_main/ef_smoke_R_main_00013":{"y":84.25,"width":210,"height":210},"ef_smoke_R_main/ef_smoke_R_main_00015":{"y":84.25,"width":210,"height":210},"ef_smoke_R_main/ef_smoke_R_main_00017":{"y":84.25,"width":210,"height":210},"ef_smoke_R_main/ef_smoke_R_main_00019":{"y":84.25,"width":210,"height":210},"ef_smoke_R_main/ef_smoke_R_main_00021":{"y":84.25,"width":210,"height":210},"ef_smoke_R_main/ef_smoke_R_main_00023":{"y":84.25,"width":210,"height":210},"ef_smoke_R_main/ef_smoke_R_main_00025":{"y":84.25,"width":210,"height":210},"ef_smoke_R_main/ef_smoke_R_main_00027":{"y":84.25,"width":210,"height":210}},"ef_smoke1_6":{"ef_smoke_R_main/ef_smoke_R_main_00001":{"y":84.25,"width":210,"height":210},"ef_smoke_R_main/ef_smoke_R_main_00003":{"y":84.25,"width":210,"height":210},"ef_smoke_R_main/ef_smoke_R_main_00005":{"y":84.25,"width":210,"height":210},"ef_smoke_R_main/ef_smoke_R_main_00007":{"y":84.25,"width":210,"height":210},"ef_smoke_R_main/ef_smoke_R_main_00009":{"y":84.25,"width":210,"height":210},"ef_smoke_R_main/ef_smoke_R_main_00011":{"y":84.25,"width":210,"height":210},"ef_smoke_R_main/ef_smoke_R_main_00013":{"y":84.25,"width":210,"height":210},"ef_smoke_R_main/ef_smoke_R_main_00015":{"y":84.25,"width":210,"height":210},"ef_smoke_R_main/ef_smoke_R_main_00017":{"y":84.25,"width":210,"height":210},"ef_smoke_R_main/ef_smoke_R_main_00019":{"y":84.25,"width":210,"height":210},"ef_smoke_R_main/ef_smoke_R_main_00021":{"y":84.25,"width":210,"height":210},"ef_smoke_R_main/ef_smoke_R_main_00023":{"y":84.25,"width":210,"height":210},"ef_smoke_R_main/ef_smoke_R_main_00025":{"y":84.25,"width":210,"height":210},"ef_smoke_R_main/ef_smoke_R_main_00027":{"y":84.25,"width":210,"height":210}}}},"events":{"Sound1":{},"Sound2":{},"event":{},"hit":{}},"animations":{"attack1":{"slots":{"DAMAGEAREA":{"attachment":[{"time":0.2333,"name":"DAMAGEAREA"},{"time":1.2333,"name":null}]},"EF_canon1_1":{"attachment":[{"time":0,"name":"ef_missile_main/ef_missile_main_00006"}],"color":[{"time":0.1333,"color":"ffffffff"},{"time":0.2,"color":"ffffff00"}]},"EF_canon1_2":{"attachment":[{"time":0.0666,"name":"ef_missile_main/ef_missile_main_00006"}],"color":[{"time":0.2,"color":"ffffffff"},{"time":0.2666,"color":"ffffff00"}]},"EF_canon1_3":{"attachment":[{"time":0.3333,"name":"ef_missile_main/ef_missile_main_00006"}],"color":[{"time":0.4666,"color":"ffffffff"},{"time":0.5333,"color":"ffffff00"}]},"EF_canon1_4":{"attachment":[{"time":0.4,"name":"ef_missile_main/ef_missile_main_00006"}],"color":[{"time":0.5333,"color":"ffffffff"},{"time":0.6,"color":"ffffff00"}]},"EF_canon1_5":{"attachment":[{"time":0.6666,"name":"ef_missile_main/ef_missile_main_00006"}],"color":[{"time":0.8,"color":"ffffffff"},{"time":0.8666,"color":"ffffff00"}]},"EF_canon1_6":{"attachment":[{"time":0.7333,"name":"ef_missile_main/ef_missile_main_00006"}],"color":[{"time":0.8666,"color":"ffffffff"},{"time":0.9333,"color":"ffffff00"}]},"EF_dome1_1":{"attachment":[{"time":0.1666,"name":"ef_dome_main/ef_dome_main_00001"},{"time":0.2,"name":"ef_dome_main/ef_dome_main_00002"},{"time":0.2333,"name":"ef_dome_main/ef_dome_main_00003"},{"time":0.2666,"name":"ef_dome_main/ef_dome_main_00004"},{"time":0.3,"name":"ef_dome_main/ef_dome_main_00005"},{"time":0.3333,"name":"ef_dome_main/ef_dome_main_00006"},{"time":0.3666,"name":"ef_dome_main/ef_dome_main_00007"},{"time":0.4,"name":"ef_dome_main/ef_dome_main_00008"},{"time":0.4333,"name":"ef_dome_main/ef_dome_main_00009"},{"time":0.4666,"name":"ef_dome_main/ef_dome_main_00010"},{"time":0.5,"name":"ef_dome_main/ef_dome_main_00011"},{"time":0.5333,"name":"ef_dome_main/ef_dome_main_00012"},{"time":0.5666,"name":"ef_dome_main/ef_dome_main_00013"},{"time":0.6,"name":null}],"color":[{"time":0.1666,"color":"ffffffff","curve":"stepped"},{"time":0.5,"color":"ffffffff"},{"time":0.6,"color":"ffffff00"}]},"EF_dome1_2":{"attachment":[{"time":0.2333,"name":"ef_dome_main/ef_dome_main_00001"},{"time":0.2666,"name":"ef_dome_main/ef_dome_main_00002"},{"time":0.3,"name":"ef_dome_main/ef_dome_main_00003"},{"time":0.3333,"name":"ef_dome_main/ef_dome_main_00004"},{"time":0.3666,"name":"ef_dome_main/ef_dome_main_00005"},{"time":0.4,"name":"ef_dome_main/ef_dome_main_00006"},{"time":0.4333,"name":"ef_dome_main/ef_dome_main_00007"},{"time":0.4666,"name":"ef_dome_main/ef_dome_main_00008"},{"time":0.5,"name":"ef_dome_main/ef_dome_main_00009"},{"time":0.5333,"name":"ef_dome_main/ef_dome_main_00010"},{"time":0.5666,"name":"ef_dome_main/ef_dome_main_00011"},{"time":0.6,"name":"ef_dome_main/ef_dome_main_00012"},{"time":0.6333,"name":"ef_dome_main/ef_dome_main_00013"},{"time":0.6666,"name":null}],"color":[{"time":0.2333,"color":"ffffffff","curve":"stepped"},{"time":0.5666,"color":"ffffffff"},{"time":0.6666,"color":"ffffff00"}]},"EF_dome1_3":{"attachment":[{"time":0.5,"name":"ef_dome_main/ef_dome_main_00001"},{"time":0.5333,"name":"ef_dome_main/ef_dome_main_00002"},{"time":0.5666,"name":"ef_dome_main/ef_dome_main_00003"},{"time":0.6,"name":"ef_dome_main/ef_dome_main_00004"},{"time":0.6333,"name":"ef_dome_main/ef_dome_main_00005"},{"time":0.6666,"name":"ef_dome_main/ef_dome_main_00006"},{"time":0.7,"name":"ef_dome_main/ef_dome_main_00007"},{"time":0.7333,"name":"ef_dome_main/ef_dome_main_00008"},{"time":0.7666,"name":"ef_dome_main/ef_dome_main_00009"},{"time":0.8,"name":"ef_dome_main/ef_dome_main_00010"},{"time":0.8333,"name":"ef_dome_main/ef_dome_main_00011"},{"time":0.8666,"name":"ef_dome_main/ef_dome_main_00012"},{"time":0.9,"name":"ef_dome_main/ef_dome_main_00013"},{"time":0.9333,"name":null}],"color":[{"time":0.5,"color":"ffffffff","curve":"stepped"},{"time":0.8333,"color":"ffffffff"},{"time":0.9333,"color":"ffffff00"}]},"EF_dome1_4":{"attachment":[{"time":0.5666,"name":"ef_dome_main/ef_dome_main_00001"},{"time":0.6,"name":"ef_dome_main/ef_dome_main_00002"},{"time":0.6333,"name":"ef_dome_main/ef_dome_main_00003"},{"time":0.6666,"name":"ef_dome_main/ef_dome_main_00004"},{"time":0.7,"name":"ef_dome_main/ef_dome_main_00005"},{"time":0.7333,"name":"ef_dome_main/ef_dome_main_00006"},{"time":0.7666,"name":"ef_dome_main/ef_dome_main_00007"},{"time":0.8,"name":"ef_dome_main/ef_dome_main_00008"},{"time":0.8333,"name":"ef_dome_main/ef_dome_main_00009"},{"time":0.8666,"name":"ef_dome_main/ef_dome_main_00010"},{"time":0.9,"name":"ef_dome_main/ef_dome_main_00011"},{"time":0.9333,"name":"ef_dome_main/ef_dome_main_00012"},{"time":0.9666,"name":"ef_dome_main/ef_dome_main_00013"},{"time":1,"name":null}],"color":[{"time":0.5666,"color":"ffffffff","curve":"stepped"},{"time":0.9,"color":"ffffffff"},{"time":1,"color":"ffffff00"}]},"EF_dome1_5":{"attachment":[{"time":0.8333,"name":"ef_dome_main/ef_dome_main_00001"},{"time":0.8666,"name":"ef_dome_main/ef_dome_main_00002"},{"time":0.9,"name":"ef_dome_main/ef_dome_main_00003"},{"time":0.9333,"name":"ef_dome_main/ef_dome_main_00004"},{"time":0.9666,"name":"ef_dome_main/ef_dome_main_00005"},{"time":1,"name":"ef_dome_main/ef_dome_main_00006"},{"time":1.0333,"name":"ef_dome_main/ef_dome_main_00007"},{"time":1.0666,"name":"ef_dome_main/ef_dome_main_00008"},{"time":1.1,"name":"ef_dome_main/ef_dome_main_00009"},{"time":1.1333,"name":"ef_dome_main/ef_dome_main_00010"},{"time":1.1666,"name":"ef_dome_main/ef_dome_main_00011"},{"time":1.2,"name":"ef_dome_main/ef_dome_main_00012"},{"time":1.2333,"name":"ef_dome_main/ef_dome_main_00013"},{"time":1.2666,"name":null}],"color":[{"time":0.8333,"color":"ffffffff","curve":"stepped"},{"time":1.1666,"color":"ffffffff"},{"time":1.2666,"color":"ffffff00"}]},"EF_dome1_6":{"attachment":[{"time":0.9,"name":"ef_dome_main/ef_dome_main_00001"},{"time":0.9333,"name":"ef_dome_main/ef_dome_main_00002"},{"time":0.9666,"name":"ef_dome_main/ef_dome_main_00003"},{"time":1,"name":"ef_dome_main/ef_dome_main_00004"},{"time":1.0333,"name":"ef_dome_main/ef_dome_main_00005"},{"time":1.0666,"name":"ef_dome_main/ef_dome_main_00006"},{"time":1.1,"name":"ef_dome_main/ef_dome_main_00007"},{"time":1.1333,"name":"ef_dome_main/ef_dome_main_00008"},{"time":1.1666,"name":"ef_dome_main/ef_dome_main_00009"},{"time":1.2,"name":"ef_dome_main/ef_dome_main_00010"},{"time":1.2333,"name":"ef_dome_main/ef_dome_main_00011"},{"time":1.2666,"name":"ef_dome_main/ef_dome_main_00012"},{"time":1.3,"name":"ef_dome_main/ef_dome_main_00013"},{"time":1.3333,"name":null}],"color":[{"time":0.9,"color":"ffffffff","curve":"stepped"},{"time":1.2333,"color":"ffffffff"},{"time":1.3333,"color":"ffffff00"}]},"EF_dust1_1":{"attachment":[{"time":0.1666,"name":"ef_tuti_main/ef_tuti_main_00001"},{"time":0.2333,"name":"ef_tuti_main/ef_tuti_main_00003"},{"time":0.3,"name":"ef_tuti_main/ef_tuti_main_00005"},{"time":0.3666,"name":"ef_tuti_main/ef_tuti_main_00007"},{"time":0.4333,"name":"ef_tuti_main/ef_tuti_main_00009"},{"time":0.5,"name":"ef_tuti_main/ef_tuti_main_00011"},{"time":0.5666,"name":"ef_tuti_main/ef_tuti_main_00013"},{"time":0.6333,"name":"ef_tuti_main/ef_tuti_main_00015"},{"time":0.7,"name":"ef_tuti_main/ef_tuti_main_00017"},{"time":0.7666,"name":null}]},"EF_dust1_2":{"attachment":[{"time":0.1666,"name":"ef_tuti_main/ef_tuti_main_00001"},{"time":0.2333,"name":"ef_tuti_main/ef_tuti_main_00003"},{"time":0.3,"name":"ef_tuti_main/ef_tuti_main_00005"},{"time":0.3666,"name":"ef_tuti_main/ef_tuti_main_00007"},{"time":0.4333,"name":"ef_tuti_main/ef_tuti_main_00009"},{"time":0.5,"name":"ef_tuti_main/ef_tuti_main_00011"},{"time":0.5666,"name":"ef_tuti_main/ef_tuti_main_00013"},{"time":0.6333,"name":"ef_tuti_main/ef_tuti_main_00015"},{"time":0.7,"name":"ef_tuti_main/ef_tuti_main_00017"},{"time":0.7666,"name":null}]},"EF_dust1_3":{"attachment":[{"time":0.2333,"name":"ef_tuti_main/ef_tuti_main_00001"},{"time":0.3,"name":"ef_tuti_main/ef_tuti_main_00003"},{"time":0.3666,"name":"ef_tuti_main/ef_tuti_main_00005"},{"time":0.4333,"name":"ef_tuti_main/ef_tuti_main_00007"},{"time":0.5,"name":"ef_tuti_main/ef_tuti_main_00009"},{"time":0.5666,"name":"ef_tuti_main/ef_tuti_main_00011"},{"time":0.6333,"name":"ef_tuti_main/ef_tuti_main_00013"},{"time":0.7,"name":"ef_tuti_main/ef_tuti_main_00015"},{"time":0.7666,"name":"ef_tuti_main/ef_tuti_main_00017"},{"time":0.8333,"name":null}]},"EF_dust1_4":{"attachment":[{"time":0.5,"name":"ef_tuti_main/ef_tuti_main_00001"},{"time":0.5666,"name":"ef_tuti_main/ef_tuti_main_00003"},{"time":0.6333,"name":"ef_tuti_main/ef_tuti_main_00005"},{"time":0.7,"name":"ef_tuti_main/ef_tuti_main_00007"},{"time":0.7666,"name":"ef_tuti_main/ef_tuti_main_00009"},{"time":0.8333,"name":"ef_tuti_main/ef_tuti_main_00011"},{"time":0.9,"name":"ef_tuti_main/ef_tuti_main_00013"},{"time":0.9666,"name":"ef_tuti_main/ef_tuti_main_00015"},{"time":1.0333,"name":"ef_tuti_main/ef_tuti_main_00017"},{"time":1.1,"name":null}]},"EF_dust1_5":{"attachment":[{"time":0.5666,"name":"ef_tuti_main/ef_tuti_main_00001"},{"time":0.6333,"name":"ef_tuti_main/ef_tuti_main_00003"},{"time":0.7,"name":"ef_tuti_main/ef_tuti_main_00005"},{"time":0.7666,"name":"ef_tuti_main/ef_tuti_main_00007"},{"time":0.8333,"name":"ef_tuti_main/ef_tuti_main_00009"},{"time":0.9,"name":"ef_tuti_main/ef_tuti_main_00011"},{"time":0.9666,"name":"ef_tuti_main/ef_tuti_main_00013"},{"time":1.0333,"name":"ef_tuti_main/ef_tuti_main_00015"},{"time":1.1,"name":"ef_tuti_main/ef_tuti_main_00017"},{"time":1.1666,"name":null}]},"EF_dust1_6":{"attachment":[{"time":0.8333,"name":"ef_tuti_main/ef_tuti_main_00001"},{"time":0.9,"name":"ef_tuti_main/ef_tuti_main_00003"},{"time":0.9666,"name":"ef_tuti_main/ef_tuti_main_00005"},{"time":1.0333,"name":"ef_tuti_main/ef_tuti_main_00007"},{"time":1.1,"name":"ef_tuti_main/ef_tuti_main_00009"},{"time":1.1666,"name":"ef_tuti_main/ef_tuti_main_00011"},{"time":1.2333,"name":"ef_tuti_main/ef_tuti_main_00013"},{"time":1.3,"name":"ef_tuti_main/ef_tuti_main_00015"},{"time":1.3666,"name":"ef_tuti_main/ef_tuti_main_00017"},{"time":1.4333,"name":null}]},"EF_dust1_7":{"attachment":[{"time":0.9,"name":"ef_tuti_main/ef_tuti_main_00001"},{"time":0.9666,"name":"ef_tuti_main/ef_tuti_main_00003"},{"time":1.0333,"name":"ef_tuti_main/ef_tuti_main_00005"},{"time":1.1,"name":"ef_tuti_main/ef_tuti_main_00007"},{"time":1.1666,"name":"ef_tuti_main/ef_tuti_main_00009"},{"time":1.2333,"name":"ef_tuti_main/ef_tuti_main_00011"},{"time":1.3,"name":"ef_tuti_main/ef_tuti_main_00013"},{"time":1.3666,"name":"ef_tuti_main/ef_tuti_main_00015"},{"time":1.4333,"name":"ef_tuti_main/ef_tuti_main_00017"},{"time":1.5,"name":null}]},"EF_dust1_8":{"attachment":[{"time":0.2333,"name":"ef_tuti_main/ef_tuti_main_00001"},{"time":0.3,"name":"ef_tuti_main/ef_tuti_main_00003"},{"time":0.3666,"name":"ef_tuti_main/ef_tuti_main_00005"},{"time":0.4333,"name":"ef_tuti_main/ef_tuti_main_00007"},{"time":0.5,"name":"ef_tuti_main/ef_tuti_main_00009"},{"time":0.5666,"name":"ef_tuti_main/ef_tuti_main_00011"},{"time":0.6333,"name":"ef_tuti_main/ef_tuti_main_00013"},{"time":0.7,"name":"ef_tuti_main/ef_tuti_main_00015"},{"time":0.7666,"name":"ef_tuti_main/ef_tuti_main_00017"},{"time":0.8333,"name":null}]},"EF_dust1_9":{"attachment":[{"time":0.5,"name":"ef_tuti_main/ef_tuti_main_00001"},{"time":0.5666,"name":"ef_tuti_main/ef_tuti_main_00003"},{"time":0.6333,"name":"ef_tuti_main/ef_tuti_main_00005"},{"time":0.7,"name":"ef_tuti_main/ef_tuti_main_00007"},{"time":0.7666,"name":"ef_tuti_main/ef_tuti_main_00009"},{"time":0.8333,"name":"ef_tuti_main/ef_tuti_main_00011"},{"time":0.9,"name":"ef_tuti_main/ef_tuti_main_00013"},{"time":0.9666,"name":"ef_tuti_main/ef_tuti_main_00015"},{"time":1.0333,"name":"ef_tuti_main/ef_tuti_main_00017"},{"time":1.1,"name":null}]},"EF_dust1_10":{"attachment":[{"time":0.5666,"name":"ef_tuti_main/ef_tuti_main_00001"},{"time":0.6333,"name":"ef_tuti_main/ef_tuti_main_00003"},{"time":0.7,"name":"ef_tuti_main/ef_tuti_main_00005"},{"time":0.7666,"name":"ef_tuti_main/ef_tuti_main_00007"},{"time":0.8333,"name":"ef_tuti_main/ef_tuti_main_00009"},{"time":0.9,"name":"ef_tuti_main/ef_tuti_main_00011"},{"time":0.9666,"name":"ef_tuti_main/ef_tuti_main_00013"},{"time":1.0333,"name":"ef_tuti_main/ef_tuti_main_00015"},{"time":1.1,"name":"ef_tuti_main/ef_tuti_main_00017"},{"time":1.1666,"name":null}]},"EF_dust1_11":{"attachment":[{"time":0.8333,"name":"ef_tuti_main/ef_tuti_main_00001"},{"time":0.9,"name":"ef_tuti_main/ef_tuti_main_00003"},{"time":0.9666,"name":"ef_tuti_main/ef_tuti_main_00005"},{"time":1.0333,"name":"ef_tuti_main/ef_tuti_main_00007"},{"time":1.1,"name":"ef_tuti_main/ef_tuti_main_00009"},{"time":1.1666,"name":"ef_tuti_main/ef_tuti_main_00011"},{"time":1.2333,"name":"ef_tuti_main/ef_tuti_main_00013"},{"time":1.3,"name":"ef_tuti_main/ef_tuti_main_00015"},{"time":1.3666,"name":"ef_tuti_main/ef_tuti_main_00017"},{"time":1.4333,"name":null}]},"EF_dust1_12":{"attachment":[{"time":0.9,"name":"ef_tuti_main/ef_tuti_main_00001"},{"time":0.9666,"name":"ef_tuti_main/ef_tuti_main_00003"},{"time":1.0333,"name":"ef_tuti_main/ef_tuti_main_00005"},{"time":1.1,"name":"ef_tuti_main/ef_tuti_main_00007"},{"time":1.1666,"name":"ef_tuti_main/ef_tuti_main_00009"},{"time":1.2333,"name":"ef_tuti_main/ef_tuti_main_00011"},{"time":1.3,"name":"ef_tuti_main/ef_tuti_main_00013"},{"time":1.3666,"name":"ef_tuti_main/ef_tuti_main_00015"},{"time":1.4333,"name":"ef_tuti_main/ef_tuti_main_00017"},{"time":1.5,"name":null}]},"EF_firework1_1":{"attachment":[{"time":0.2,"name":"ef_firework_main/ef_firework_main_00001"},{"time":0.2666,"name":"ef_firework_main/ef_firework_main_00003"},{"time":0.3333,"name":"ef_firework_main/ef_firework_main_00005"},{"time":0.4,"name":"ef_firework_main/ef_firework_main_00007"},{"time":0.4666,"name":"ef_firework_main/ef_firework_main_00009"},{"time":0.5333,"name":"ef_firework_main/ef_firework_main_00011"},{"time":0.6,"name":"ef_firework_main/ef_firework_main_00013"},{"time":0.6666,"name":"ef_firework_main/ef_firework_main_00015"},{"time":0.7333,"name":"ef_firework_main/ef_firework_main_00017"},{"time":0.8,"name":"ef_firework_main/ef_firework_main_00019"},{"time":0.8666,"name":"ef_firework_main/ef_firework_main_00021"},{"time":0.9333,"name":"ef_firework_main/ef_firework_main_00023"},{"time":1,"name":"ef_firework_main/ef_firework_main_00025"},{"time":1.0666,"name":"ef_firework_main/ef_firework_main_00027"},{"time":1.1333,"name":null}]},"EF_firework1_2":{"attachment":[{"time":0.2666,"name":"ef_firework_main/ef_firework_main_00001"},{"time":0.3333,"name":"ef_firework_main/ef_firework_main_00003"},{"time":0.4,"name":"ef_firework_main/ef_firework_main_00005"},{"time":0.4666,"name":"ef_firework_main/ef_firework_main_00007"},{"time":0.5333,"name":"ef_firework_main/ef_firework_main_00009"},{"time":0.6,"name":"ef_firework_main/ef_firework_main_00011"},{"time":0.6666,"name":"ef_firework_main/ef_firework_main_00013"},{"time":0.7333,"name":"ef_firework_main/ef_firework_main_00015"},{"time":0.8,"name":"ef_firework_main/ef_firework_main_00017"},{"time":0.8666,"name":"ef_firework_main/ef_firework_main_00019"},{"time":0.9333,"name":"ef_firework_main/ef_firework_main_00021"},{"time":1,"name":"ef_firework_main/ef_firework_main_00023"},{"time":1.0666,"name":"ef_firework_main/ef_firework_main_00025"},{"time":1.1333,"name":"ef_firework_main/ef_firework_main_00027"},{"time":1.2,"name":null}]},"EF_firework1_3":{"attachment":[{"time":0.5333,"name":"ef_firework_main/ef_firework_main_00001"},{"time":0.6,"name":"ef_firework_main/ef_firework_main_00003"},{"time":0.6666,"name":"ef_firework_main/ef_firework_main_00005"},{"time":0.7333,"name":"ef_firework_main/ef_firework_main_00007"},{"time":0.8,"name":"ef_firework_main/ef_firework_main_00009"},{"time":0.8666,"name":"ef_firework_main/ef_firework_main_00011"},{"time":0.9333,"name":"ef_firework_main/ef_firework_main_00013"},{"time":1,"name":"ef_firework_main/ef_firework_main_00015"},{"time":1.0666,"name":"ef_firework_main/ef_firework_main_00017"},{"time":1.1333,"name":"ef_firework_main/ef_firework_main_00019"},{"time":1.2,"name":"ef_firework_main/ef_firework_main_00021"},{"time":1.2666,"name":"ef_firework_main/ef_firework_main_00023"},{"time":1.3333,"name":"ef_firework_main/ef_firework_main_00025"},{"time":1.4,"name":"ef_firework_main/ef_firework_main_00027"},{"time":1.4666,"name":null}]},"EF_firework1_4":{"attachment":[{"time":0.6,"name":"ef_firework_main/ef_firework_main_00001"},{"time":0.6666,"name":"ef_firework_main/ef_firework_main_00003"},{"time":0.7333,"name":"ef_firework_main/ef_firework_main_00005"},{"time":0.8,"name":"ef_firework_main/ef_firework_main_00007"},{"time":0.8666,"name":"ef_firework_main/ef_firework_main_00009"},{"time":0.9333,"name":"ef_firework_main/ef_firework_main_00011"},{"time":1,"name":"ef_firework_main/ef_firework_main_00013"},{"time":1.0666,"name":"ef_firework_main/ef_firework_main_00015"},{"time":1.1333,"name":"ef_firework_main/ef_firework_main_00017"},{"time":1.2,"name":"ef_firework_main/ef_firework_main_00019"},{"time":1.2666,"name":"ef_firework_main/ef_firework_main_00021"},{"time":1.3333,"name":"ef_firework_main/ef_firework_main_00023"},{"time":1.4,"name":"ef_firework_main/ef_firework_main_00025"},{"time":1.4666,"name":"ef_firework_main/ef_firework_main_00027"},{"time":1.5333,"name":null}]},"EF_firework1_5":{"attachment":[{"time":0.8666,"name":"ef_firework_main/ef_firework_main_00001"},{"time":0.9333,"name":"ef_firework_main/ef_firework_main_00003"},{"time":1,"name":"ef_firework_main/ef_firework_main_00005"},{"time":1.0666,"name":"ef_firework_main/ef_firework_main_00007"},{"time":1.1333,"name":"ef_firework_main/ef_firework_main_00009"},{"time":1.2,"name":"ef_firework_main/ef_firework_main_00011"},{"time":1.2666,"name":"ef_firework_main/ef_firework_main_00013"},{"time":1.3333,"name":"ef_firework_main/ef_firework_main_00015"},{"time":1.4,"name":"ef_firework_main/ef_firework_main_00017"},{"time":1.4666,"name":"ef_firework_main/ef_firework_main_00019"},{"time":1.5333,"name":"ef_firework_main/ef_firework_main_00021"},{"time":1.6,"name":"ef_firework_main/ef_firework_main_00023"},{"time":1.6666,"name":"ef_firework_main/ef_firework_main_00025"},{"time":1.7333,"name":"ef_firework_main/ef_firework_main_00027"},{"time":1.8,"name":null}]},"EF_firework1_6":{"attachment":[{"time":0.9333,"name":"ef_firework_main/ef_firework_main_00001"},{"time":1,"name":"ef_firework_main/ef_firework_main_00003"},{"time":1.0666,"name":"ef_firework_main/ef_firework_main_00005"},{"time":1.1333,"name":"ef_firework_main/ef_firework_main_00007"},{"time":1.2,"name":"ef_firework_main/ef_firework_main_00009"},{"time":1.2666,"name":"ef_firework_main/ef_firework_main_00011"},{"time":1.3333,"name":"ef_firework_main/ef_firework_main_00013"},{"time":1.4,"name":"ef_firework_main/ef_firework_main_00015"},{"time":1.4666,"name":"ef_firework_main/ef_firework_main_00017"},{"time":1.5333,"name":"ef_firework_main/ef_firework_main_00019"},{"time":1.6,"name":"ef_firework_main/ef_firework_main_00021"},{"time":1.6666,"name":"ef_firework_main/ef_firework_main_00023"},{"time":1.7333,"name":"ef_firework_main/ef_firework_main_00025"},{"time":1.8,"name":"ef_firework_main/ef_firework_main_00027"},{"time":1.8666,"name":null}]},"EF_groundwave1_1":{"attachment":[{"time":0.1666,"name":"ef_graund_wave_main/ef_graund_wave_main_00001"},{"time":0.2333,"name":"ef_graund_wave_main/ef_graund_wave_main_00003"},{"time":0.3,"name":"ef_graund_wave_main/ef_graund_wave_main_00005"},{"time":0.3666,"name":"ef_graund_wave_main/ef_graund_wave_main_00007"},{"time":0.4333,"name":"ef_graund_wave_main/ef_graund_wave_main_00009"},{"time":0.5,"name":"ef_graund_wave_main/ef_graund_wave_main_00011"},{"time":0.5666,"name":"ef_graund_wave_main/ef_graund_wave_main_00013"},{"time":0.6333,"name":null}],"color":[{"time":0.5333,"color":"ffffffff"},{"time":0.6333,"color":"ffffff00"}]},"EF_groundwave1_2":{"attachment":[{"time":0.2333,"name":"ef_graund_wave_main/ef_graund_wave_main_00001"},{"time":0.3,"name":"ef_graund_wave_main/ef_graund_wave_main_00003"},{"time":0.3666,"name":"ef_graund_wave_main/ef_graund_wave_main_00005"},{"time":0.4333,"name":"ef_graund_wave_main/ef_graund_wave_main_00007"},{"time":0.5,"name":"ef_graund_wave_main/ef_graund_wave_main_00009"},{"time":0.5666,"name":"ef_graund_wave_main/ef_graund_wave_main_00011"},{"time":0.6333,"name":"ef_graund_wave_main/ef_graund_wave_main_00013"},{"time":0.7,"name":null}],"color":[{"time":0.6,"color":"ffffffff"},{"time":0.7,"color":"ffffff00"}]},"EF_groundwave1_3":{"attachment":[{"time":0.5,"name":"ef_graund_wave_main/ef_graund_wave_main_00001"},{"time":0.5666,"name":"ef_graund_wave_main/ef_graund_wave_main_00003"},{"time":0.6333,"name":"ef_graund_wave_main/ef_graund_wave_main_00005"},{"time":0.7,"name":"ef_graund_wave_main/ef_graund_wave_main_00007"},{"time":0.7666,"name":"ef_graund_wave_main/ef_graund_wave_main_00009"},{"time":0.8333,"name":"ef_graund_wave_main/ef_graund_wave_main_00011"},{"time":0.9,"name":"ef_graund_wave_main/ef_graund_wave_main_00013"},{"time":0.9666,"name":null}],"color":[{"time":0.8666,"color":"ffffffff"},{"time":0.9666,"color":"ffffff00"}]},"EF_groundwave1_4":{"attachment":[{"time":0.5666,"name":"ef_graund_wave_main/ef_graund_wave_main_00001"},{"time":0.6333,"name":"ef_graund_wave_main/ef_graund_wave_main_00003"},{"time":0.7,"name":"ef_graund_wave_main/ef_graund_wave_main_00005"},{"time":0.7666,"name":"ef_graund_wave_main/ef_graund_wave_main_00007"},{"time":0.8333,"name":"ef_graund_wave_main/ef_graund_wave_main_00009"},{"time":0.9,"name":"ef_graund_wave_main/ef_graund_wave_main_00011"},{"time":0.9666,"name":"ef_graund_wave_main/ef_graund_wave_main_00013"},{"time":1.0333,"name":null}],"color":[{"time":0.9333,"color":"ffffffff"},{"time":1.0333,"color":"ffffff00"}]},"EF_groundwave1_5":{"attachment":[{"time":0.8333,"name":"ef_graund_wave_main/ef_graund_wave_main_00001"},{"time":0.9,"name":"ef_graund_wave_main/ef_graund_wave_main_00003"},{"time":0.9666,"name":"ef_graund_wave_main/ef_graund_wave_main_00005"},{"time":1.0333,"name":"ef_graund_wave_main/ef_graund_wave_main_00007"},{"time":1.1,"name":"ef_graund_wave_main/ef_graund_wave_main_00009"},{"time":1.1666,"name":"ef_graund_wave_main/ef_graund_wave_main_00011"},{"time":1.2333,"name":"ef_graund_wave_main/ef_graund_wave_main_00013"},{"time":1.3,"name":null}],"color":[{"time":1.2,"color":"ffffffff"},{"time":1.3,"color":"ffffff00"}]},"EF_groundwave1_6":{"attachment":[{"time":0.8333,"name":"ef_graund_wave_main/ef_graund_wave_main_00001"},{"time":0.9,"name":"ef_graund_wave_main/ef_graund_wave_main_00003"},{"time":0.9666,"name":"ef_graund_wave_main/ef_graund_wave_main_00005"},{"time":1.0333,"name":"ef_graund_wave_main/ef_graund_wave_main_00007"},{"time":1.1,"name":"ef_graund_wave_main/ef_graund_wave_main_00009"},{"time":1.1666,"name":"ef_graund_wave_main/ef_graund_wave_main_00011"},{"time":1.2333,"name":"ef_graund_wave_main/ef_graund_wave_main_00013"},{"time":1.3,"name":null}],"color":[{"time":1.2,"color":"ffffffff"},{"time":1.3,"color":"ffffff00"}]},"ef_smoke1_1":{"attachment":[{"time":0.2333,"name":"ef_smoke_R_main/ef_smoke_R_main_00001"},{"time":0.3,"name":"ef_smoke_R_main/ef_smoke_R_main_00003"},{"time":0.3666,"name":"ef_smoke_R_main/ef_smoke_R_main_00005"},{"time":0.4333,"name":"ef_smoke_R_main/ef_smoke_R_main_00007"},{"time":0.5,"name":"ef_smoke_R_main/ef_smoke_R_main_00009"},{"time":0.5666,"name":"ef_smoke_R_main/ef_smoke_R_main_00011"},{"time":0.6333,"name":"ef_smoke_R_main/ef_smoke_R_main_00013"},{"time":0.7,"name":"ef_smoke_R_main/ef_smoke_R_main_00015"},{"time":0.7666,"name":"ef_smoke_R_main/ef_smoke_R_main_00017"},{"time":0.8333,"name":"ef_smoke_R_main/ef_smoke_R_main_00019"},{"time":0.9,"name":"ef_smoke_R_main/ef_smoke_R_main_00021"},{"time":0.9666,"name":"ef_smoke_R_main/ef_smoke_R_main_00023"},{"time":1.0333,"name":"ef_smoke_R_main/ef_smoke_R_main_00025"},{"time":1.1,"name":"ef_smoke_R_main/ef_smoke_R_main_00027"},{"time":1.1666,"name":null}]},"ef_smoke1_2":{"attachment":[{"time":0.3,"name":"ef_smoke_R_main/ef_smoke_R_main_00001"},{"time":0.3666,"name":"ef_smoke_R_main/ef_smoke_R_main_00003"},{"time":0.4333,"name":"ef_smoke_R_main/ef_smoke_R_main_00005"},{"time":0.5,"name":"ef_smoke_R_main/ef_smoke_R_main_00007"},{"time":0.5666,"name":"ef_smoke_R_main/ef_smoke_R_main_00009"},{"time":0.6333,"name":"ef_smoke_R_main/ef_smoke_R_main_00011"},{"time":0.7,"name":"ef_smoke_R_main/ef_smoke_R_main_00013"},{"time":0.7666,"name":"ef_smoke_R_main/ef_smoke_R_main_00015"},{"time":0.8333,"name":"ef_smoke_R_main/ef_smoke_R_main_00017"},{"time":0.9,"name":"ef_smoke_R_main/ef_smoke_R_main_00019"},{"time":0.9666,"name":"ef_smoke_R_main/ef_smoke_R_main_00021"},{"time":1.0333,"name":"ef_smoke_R_main/ef_smoke_R_main_00023"},{"time":1.1,"name":"ef_smoke_R_main/ef_smoke_R_main_00025"},{"time":1.1666,"name":"ef_smoke_R_main/ef_smoke_R_main_00027"},{"time":1.2333,"name":null}]},"ef_smoke1_3":{"attachment":[{"time":0.5666,"name":"ef_smoke_R_main/ef_smoke_R_main_00001"},{"time":0.6333,"name":"ef_smoke_R_main/ef_smoke_R_main_00003"},{"time":0.7,"name":"ef_smoke_R_main/ef_smoke_R_main_00005"},{"time":0.7666,"name":"ef_smoke_R_main/ef_smoke_R_main_00007"},{"time":0.8333,"name":"ef_smoke_R_main/ef_smoke_R_main_00009"},{"time":0.9,"name":"ef_smoke_R_main/ef_smoke_R_main_00011"},{"time":0.9666,"name":"ef_smoke_R_main/ef_smoke_R_main_00013"},{"time":1.0333,"name":"ef_smoke_R_main/ef_smoke_R_main_00015"},{"time":1.1,"name":"ef_smoke_R_main/ef_smoke_R_main_00017"},{"time":1.1666,"name":"ef_smoke_R_main/ef_smoke_R_main_00019"},{"time":1.2333,"name":"ef_smoke_R_main/ef_smoke_R_main_00021"},{"time":1.3,"name":"ef_smoke_R_main/ef_smoke_R_main_00023"},{"time":1.3666,"name":"ef_smoke_R_main/ef_smoke_R_main_00025"},{"time":1.4333,"name":"ef_smoke_R_main/ef_smoke_R_main_00027"},{"time":1.5,"name":null}]},"ef_smoke1_4":{"attachment":[{"time":0.6333,"name":"ef_smoke_R_main/ef_smoke_R_main_00001"},{"time":0.7,"name":"ef_smoke_R_main/ef_smoke_R_main_00003"},{"time":0.7666,"name":"ef_smoke_R_main/ef_smoke_R_main_00005"},{"time":0.8333,"name":"ef_smoke_R_main/ef_smoke_R_main_00007"},{"time":0.9,"name":"ef_smoke_R_main/ef_smoke_R_main_00009"},{"time":0.9666,"name":"ef_smoke_R_main/ef_smoke_R_main_00011"},{"time":1.0333,"name":"ef_smoke_R_main/ef_smoke_R_main_00013"},{"time":1.1,"name":"ef_smoke_R_main/ef_smoke_R_main_00015"},{"time":1.1666,"name":"ef_smoke_R_main/ef_smoke_R_main_00017"},{"time":1.2333,"name":"ef_smoke_R_main/ef_smoke_R_main_00019"},{"time":1.3,"name":"ef_smoke_R_main/ef_smoke_R_main_00021"},{"time":1.3666,"name":"ef_smoke_R_main/ef_smoke_R_main_00023"},{"time":1.4333,"name":"ef_smoke_R_main/ef_smoke_R_main_00025"},{"time":1.5,"name":"ef_smoke_R_main/ef_smoke_R_main_00027"},{"time":1.5666,"name":null}]},"ef_smoke1_5":{"attachment":[{"time":0.9,"name":"ef_smoke_R_main/ef_smoke_R_main_00001"},{"time":0.9666,"name":"ef_smoke_R_main/ef_smoke_R_main_00003"},{"time":1.0333,"name":"ef_smoke_R_main/ef_smoke_R_main_00005"},{"time":1.1,"name":"ef_smoke_R_main/ef_smoke_R_main_00007"},{"time":1.1666,"name":"ef_smoke_R_main/ef_smoke_R_main_00009"},{"time":1.2333,"name":"ef_smoke_R_main/ef_smoke_R_main_00011"},{"time":1.3,"name":"ef_smoke_R_main/ef_smoke_R_main_00013"},{"time":1.3666,"name":"ef_smoke_R_main/ef_smoke_R_main_00015"},{"time":1.4333,"name":"ef_smoke_R_main/ef_smoke_R_main_00017"},{"time":1.5,"name":"ef_smoke_R_main/ef_smoke_R_main_00019"},{"time":1.5666,"name":"ef_smoke_R_main/ef_smoke_R_main_00021"},{"time":1.6333,"name":"ef_smoke_R_main/ef_smoke_R_main_00023"},{"time":1.7,"name":"ef_smoke_R_main/ef_smoke_R_main_00025"},{"time":1.7666,"name":"ef_smoke_R_main/ef_smoke_R_main_00027"},{"time":1.8333,"name":null}]},"ef_smoke1_6":{"attachment":[{"time":0.9666,"name":"ef_smoke_R_main/ef_smoke_R_main_00001"},{"time":1.0333,"name":"ef_smoke_R_main/ef_smoke_R_main_00003"},{"time":1.1,"name":"ef_smoke_R_main/ef_smoke_R_main_00005"},{"time":1.1666,"name":"ef_smoke_R_main/ef_smoke_R_main_00007"},{"time":1.2333,"name":"ef_smoke_R_main/ef_smoke_R_main_00009"},{"time":1.3,"name":"ef_smoke_R_main/ef_smoke_R_main_00011"},{"time":1.3666,"name":"ef_smoke_R_main/ef_smoke_R_main_00013"},{"time":1.4333,"name":"ef_smoke_R_main/ef_smoke_R_main_00015"},{"time":1.5,"name":"ef_smoke_R_main/ef_smoke_R_main_00017"},{"time":1.5666,"name":"ef_smoke_R_main/ef_smoke_R_main_00019"},{"time":1.6333,"name":"ef_smoke_R_main/ef_smoke_R_main_00021"},{"time":1.7,"name":"ef_smoke_R_main/ef_smoke_R_main_00023"},{"time":1.7666,"name":"ef_smoke_R_main/ef_smoke_R_main_00025"},{"time":1.8333,"name":"ef_smoke_R_main/ef_smoke_R_main_00027"},{"time":1.9,"name":null}]}},"bones":{"EF_canon1_1":{"rotate":[{"time":0,"angle":0.01,"curve":[0.235,0.45,0.564,0.83]},{"time":0.1666,"angle":14.07}],"translate":[{"time":0,"x":711.2,"y":143.1,"curve":[0.142,0.35,0.75,1]},{"time":0.1666,"x":43.25,"y":42.25}]},"EF_dome1_1":{"translate":[{"time":0.1666,"x":90.35,"y":0}],"scale":[{"time":0.1666,"x":2.5,"y":2.5}]},"EF_dust1_1":{"translate":[{"time":0.1666,"x":134.23,"y":0}],"scale":[{"time":0.1666,"x":3.5,"y":3.5},{"time":0.7333,"x":4,"y":4}]},"EF_dust2_1":{"translate":[{"time":0.1666,"x":134.23,"y":0}],"scale":[{"time":0.1666,"x":3.6,"y":3.6},{"time":0.7333,"x":4.5,"y":4.5}]},"EF_firework1_1":{"translate":[{"time":0.2,"x":32.32,"y":6.42}],"scale":[{"time":0.2,"x":3,"y":3,"curve":[0.186,0.43,0.75,1]},{"time":1.1,"x":3.5,"y":3.5}]},"EF_groundwave1_1":{"translate":[{"time":0.1666,"x":182.37,"y":-7.84}],"scale":[{"time":0.1666,"x":3.5,"y":3.5,"curve":[0.152,0.59,0.75,1]},{"time":0.6,"x":4,"y":4}]},"ef_smoke1_1":{"translate":[{"time":0.2333,"x":-75.12,"y":17.67}],"scale":[{"time":0.2333,"x":3,"y":3,"curve":[0.186,0.43,0.75,1]},{"time":1.1333,"x":3.5,"y":3.5}]},"EF_canon1_6":{"rotate":[{"time":0.7333,"angle":0.01,"curve":[0.235,0.45,0.564,0.83]},{"time":0.9,"angle":14.07}],"translate":[{"time":0.7333,"x":711.2,"y":143.1,"curve":[0.142,0.35,0.75,1]},{"time":0.9,"x":43.25,"y":42.25}]},"EF_canon1_5":{"rotate":[{"time":0.6666,"angle":0.01,"curve":[0.235,0.45,0.564,0.83]},{"time":0.8333,"angle":14.07}],"translate":[{"time":0.6666,"x":711.2,"y":143.1,"curve":[0.142,0.35,0.75,1]},{"time":0.8333,"x":43.25,"y":42.25}]},"EF_canon1_4":{"rotate":[{"time":0.4,"angle":0.01,"curve":[0.235,0.45,0.564,0.83]},{"time":0.5666,"angle":14.07}],"translate":[{"time":0.4,"x":711.2,"y":143.1,"curve":[0.142,0.35,0.75,1]},{"time":0.5666,"x":43.25,"y":42.25}]},"EF_canon1_3":{"rotate":[{"time":0.3333,"angle":0.01,"curve":[0.235,0.45,0.564,0.83]},{"time":0.5,"angle":14.07}],"translate":[{"time":0.3333,"x":711.2,"y":143.1,"curve":[0.142,0.35,0.75,1]},{"time":0.5,"x":43.25,"y":42.25}]},"EF_canon1_2":{"rotate":[{"time":0.0666,"angle":0.01,"curve":[0.235,0.45,0.564,0.83]},{"time":0.2333,"angle":14.07}],"translate":[{"time":0.0666,"x":711.2,"y":143.1,"curve":[0.142,0.35,0.75,1]},{"time":0.2333,"x":43.25,"y":42.25}]},"EF_dome1_6":{"translate":[{"time":0.9,"x":90.35,"y":0}],"scale":[{"time":0.9,"x":2.5,"y":2.5}]},"EF_dome1_5":{"translate":[{"time":0.8333,"x":90.35,"y":0}],"scale":[{"time":0.8333,"x":2.5,"y":2.5}]},"EF_dome1_4":{"translate":[{"time":0.5666,"x":90.35,"y":0}],"scale":[{"time":0.5666,"x":2.5,"y":2.5}]},"EF_dome1_3":{"translate":[{"time":0.5,"x":90.35,"y":0}],"scale":[{"time":0.5,"x":2.5,"y":2.5}]},"EF_dome1_2":{"translate":[{"time":0.2333,"x":90.35,"y":0}],"scale":[{"time":0.2333,"x":2.5,"y":2.5}]},"EF_dust1_6":{"translate":[{"time":0.9,"x":134.23,"y":0}],"scale":[{"time":0.9,"x":3.5,"y":3.5},{"time":1.4666,"x":4,"y":4}]},"EF_dust1_5":{"translate":[{"time":0.8333,"x":134.23,"y":0}],"scale":[{"time":0.8333,"x":3.5,"y":3.5},{"time":1.4,"x":4,"y":4}]},"EF_dust1_4":{"translate":[{"time":0.5666,"x":134.23,"y":0}],"scale":[{"time":0.5666,"x":3.5,"y":3.5},{"time":1.1333,"x":4,"y":4}]},"EF_dust1_3":{"translate":[{"time":0.5,"x":134.23,"y":0}],"scale":[{"time":0.5,"x":3.5,"y":3.5},{"time":1.0666,"x":4,"y":4}]},"EF_dust1_2":{"translate":[{"time":0.2333,"x":134.23,"y":0}],"scale":[{"time":0.2333,"x":3.5,"y":3.5},{"time":0.8,"x":4,"y":4}]},"EF_dust2_6":{"translate":[{"time":0.9,"x":134.23,"y":0}],"scale":[{"time":0.9,"x":3.6,"y":3.6},{"time":1.4666,"x":4.5,"y":4.5}]},"EF_dust2_5":{"translate":[{"time":0.8333,"x":134.23,"y":0}],"scale":[{"time":0.8333,"x":3.6,"y":3.6},{"time":1.4,"x":4.5,"y":4.5}]},"EF_dust2_4":{"translate":[{"time":0.5666,"x":134.23,"y":0}],"scale":[{"time":0.5666,"x":3.6,"y":3.6},{"time":1.1333,"x":4.5,"y":4.5}]},"EF_dust2_3":{"translate":[{"time":0.5,"x":134.23,"y":0}],"scale":[{"time":0.5,"x":3.6,"y":3.6},{"time":1.0666,"x":4.5,"y":4.5}]},"EF_dust2_2":{"translate":[{"time":0.2333,"x":134.23,"y":0}],"scale":[{"time":0.2333,"x":3.6,"y":3.6},{"time":0.8,"x":4.5,"y":4.5}]},"EF_firework1_6":{"translate":[{"time":0.9333,"x":32.32,"y":6.42}],"scale":[{"time":0.9333,"x":3,"y":3,"curve":[0.186,0.43,0.75,1]},{"time":1.8333,"x":3.5,"y":3.5}]},"EF_firework1_4":{"translate":[{"time":0.6,"x":32.32,"y":6.42}],"scale":[{"time":0.6,"x":3,"y":3,"curve":[0.186,0.43,0.75,1]},{"time":1.5,"x":3.5,"y":3.5}]},"EF_firework1_5":{"translate":[{"time":0.8666,"x":32.32,"y":6.42}],"scale":[{"time":0.8666,"x":3,"y":3,"curve":[0.186,0.43,0.75,1]},{"time":1.7666,"x":3.5,"y":3.5}]},"EF_firework1_3":{"translate":[{"time":0.5333,"x":32.32,"y":6.42}],"scale":[{"time":0.5333,"x":3,"y":3,"curve":[0.186,0.43,0.75,1]},{"time":1.4333,"x":3.5,"y":3.5}]},"EF_firework1_2":{"translate":[{"time":0.2666,"x":32.32,"y":6.42}],"scale":[{"time":0.2666,"x":3,"y":3,"curve":[0.186,0.43,0.75,1]},{"time":1.1666,"x":3.5,"y":3.5}]},"EF_groundwave1_6":{"translate":[{"time":0.8333,"x":182.37,"y":-7.84}],"scale":[{"time":0.8333,"x":3.5,"y":3.5,"curve":[0.152,0.59,0.75,1]},{"time":1.2666,"x":4,"y":4}]},"EF_groundwave1_5":{"translate":[{"time":0.8333,"x":182.37,"y":-7.84}],"scale":[{"time":0.8333,"x":3.5,"y":3.5,"curve":[0.152,0.59,0.75,1]},{"time":1.2666,"x":4,"y":4}]},"EF_groundwave1_4":{"translate":[{"time":0.5666,"x":182.37,"y":-7.84}],"scale":[{"time":0.5666,"x":3.5,"y":3.5,"curve":[0.152,0.59,0.75,1]},{"time":1,"x":4,"y":4}]},"EF_groundwave1_3":{"translate":[{"time":0.5,"x":182.37,"y":-7.84}],"scale":[{"time":0.5,"x":3.5,"y":3.5,"curve":[0.152,0.59,0.75,1]},{"time":0.9333,"x":4,"y":4}]},"EF_groundwave1_2":{"translate":[{"time":0.2333,"x":182.37,"y":-7.84}],"scale":[{"time":0.2333,"x":3.5,"y":3.5,"curve":[0.152,0.59,0.75,1]},{"time":0.6666,"x":4,"y":4}]},"ef_smoke1_6":{"translate":[{"time":0.9666,"x":-75.12,"y":17.67}],"scale":[{"time":0.9666,"x":3,"y":3,"curve":[0.186,0.43,0.75,1]},{"time":1.8666,"x":3.5,"y":3.5}]},"ef_smoke1_5":{"translate":[{"time":0.9,"x":-75.12,"y":17.67}],"scale":[{"time":0.9,"x":3,"y":3,"curve":[0.186,0.43,0.75,1]},{"time":1.8,"x":3.5,"y":3.5}]},"ef_smoke1_4":{"translate":[{"time":0.6333,"x":-75.12,"y":17.67}],"scale":[{"time":0.6333,"x":3,"y":3,"curve":[0.186,0.43,0.75,1]},{"time":1.5333,"x":3.5,"y":3.5}]},"ef_smoke1_3":{"translate":[{"time":0.5666,"x":-75.12,"y":17.67}],"scale":[{"time":0.5666,"x":3,"y":3,"curve":[0.186,0.43,0.75,1]},{"time":1.4666,"x":3.5,"y":3.5}]},"ef_smoke1_2":{"translate":[{"time":0.3,"x":-75.12,"y":17.67}],"scale":[{"time":0.3,"x":3,"y":3,"curve":[0.186,0.43,0.75,1]},{"time":1.2,"x":3.5,"y":3.5}]},"DAMAGEAREA":{"translate":[{"time":0.2333,"x":72.87,"y":99.86}],"scale":[{"time":0.2333,"x":9.002,"y":4.27}]}},"events":[{"time":0,"name":"Sound2","string":"cri_se_battle_gun_burst"},{"time":0,"name":"event","float":-40,"string":"setPositionY"},{"time":0.0333,"name":"event","string":"setPositionX_Target"},{"time":0.0666,"name":"event","float":0.1,"string":"kHitStopType-enemyonly"},{"time":0.1666,"name":"Sound1","string":"cri_se_battle_031_explosion_03"},{"time":0.1666,"name":"Sound2","string":"setHitSound(se_battle_explosion_short)"},{"time":0.3333,"name":"event","string":"shakeGround"},{"time":0.3333,"name":"hit","string":"resetHitList"},{"time":0.4666,"name":"hit","string":"resetHitList"},{"time":0.6,"name":"hit","string":"resetHitList"},{"time":0.7333,"name":"Sound1","string":"cri_se_battle_030_explosion_02"},{"time":0.7333,"name":"event","string":"shakeGround"},{"time":0.7333,"name":"hit","string":"resetHitList"},{"time":0.8666,"name":"hit","string":"resetHitList"},{"time":1,"name":"hit","string":"resetHitList"},{"time":1.1333,"name":"hit","string":"resetHitList"}]}}}