{"skeleton":{"hash":"supDW5S8h4YB0AlWAUWa/OqXnDs","spine":"3.0.12","width":0,"height":0},"bones":[{"name":"root"},{"name":"MAIN","parent":"root"},{"name":"DAMAGEAREA","parent":"root"},{"name":"slash1","parent":"MAIN","scaleX":1.8,"scaleY":1.8},{"name":"slash2","parent":"MAIN","scaleX":1.8,"scaleY":1.8},{"name":"slash3","parent":"MAIN","scaleX":1.8,"scaleY":1.8}],"slots":[{"name":"BLD_DRK_slash1/BLD_DRK_slash1_00001","bone":"slash1"},{"name":"BLD_DRK_slash2/BLD_DRK_slash2_00001","bone":"slash2"},{"name":"BLD_DRK_slash3/BLD_DRK_slash3_00001","bone":"slash3"},{"name":"DAMAGEAREA","bone":"DAMAGEAREA"}],"skins":{"default":{"BLD_DRK_slash1/BLD_DRK_slash1_00001":{"BLD_DRK_slash1/BLD_DRK_slash1_00001":{"width":300,"height":300},"BLD_DRK_slash1/BLD_DRK_slash1_00002":{"width":300,"height":300},"BLD_DRK_slash1/BLD_DRK_slash1_00003":{"width":300,"height":300},"BLD_DRK_slash1/BLD_DRK_slash1_00004":{"width":300,"height":300},"BLD_DRK_slash1/BLD_DRK_slash1_00005":{"width":300,"height":300},"BLD_DRK_slash1/BLD_DRK_slash1_00006":{"width":300,"height":300}},"BLD_DRK_slash2/BLD_DRK_slash2_00001":{"BLD_DRK_slash2/BLD_DRK_slash2_00001":{"width":300,"height":300},"BLD_DRK_slash2/BLD_DRK_slash2_00005":{"width":300,"height":300},"BLD_DRK_slash2/BLD_DRK_slash2_00006":{"width":300,"height":300}},"BLD_DRK_slash3/BLD_DRK_slash3_00001":{"BLD_DRK_slash3/BLD_DRK_slash3_00001":{"width":300,"height":300},"BLD_DRK_slash3/BLD_DRK_slash3_00002":{"width":300,"height":300},"BLD_DRK_slash3/BLD_DRK_slash3_00003":{"width":300,"height":300},"BLD_DRK_slash3/BLD_DRK_slash3_00004":{"width":300,"height":300},"BLD_DRK_slash3/BLD_DRK_slash3_00005":{"width":300,"height":300}},"DAMAGEAREA":{"DAMAGEAREA":{"type":"boundingbox","vertices":[-98.58714,97.74352,-98.58714,-98.39448,97.73498,-98.04547,98.43297,97.7435]}}}},"events":{"Event":{},"Hit":{},"Sound1":{},"Sound2":{},"View":{}},"animations":{"attack1":{"slots":{"BLD_DRK_slash1/BLD_DRK_slash1_00001":{"attachment":[{"time":0,"name":"BLD_DRK_slash1/BLD_DRK_slash1_00001"},{"time":0.0333,"name":"BLD_DRK_slash1/BLD_DRK_slash1_00002"},{"time":0.0666,"name":"BLD_DRK_slash1/BLD_DRK_slash1_00003"},{"time":0.1333,"name":"BLD_DRK_slash1/BLD_DRK_slash1_00004"},{"time":0.1666,"name":"BLD_DRK_slash1/BLD_DRK_slash1_00005"},{"time":0.2,"name":"BLD_DRK_slash1/BLD_DRK_slash1_00006"},{"time":0.2666,"name":null},{"time":0.8333,"name":null}]},"BLD_DRK_slash2/BLD_DRK_slash2_00001":{"attachment":[{"time":0.1,"name":"BLD_DRK_slash2/BLD_DRK_slash2_00001"},{"time":0.2666,"name":"BLD_DRK_slash2/BLD_DRK_slash2_00005"},{"time":0.3,"name":"BLD_DRK_slash2/BLD_DRK_slash2_00006"},{"time":0.3666,"name":null}]},"BLD_DRK_slash3/BLD_DRK_slash3_00001":{"attachment":[{"time":0.2333,"name":"BLD_DRK_slash3/BLD_DRK_slash3_00001"},{"time":0.2666,"name":"BLD_DRK_slash3/BLD_DRK_slash3_00002"},{"time":0.3,"name":"BLD_DRK_slash3/BLD_DRK_slash3_00003"},{"time":0.3333,"name":"BLD_DRK_slash3/BLD_DRK_slash3_00004"},{"time":0.4,"name":"BLD_DRK_slash3/BLD_DRK_slash3_00005"},{"time":0.5333,"name":null}]},"DAMAGEAREA":{"attachment":[{"time":0,"name":"DAMAGEAREA"},{"time":0.4333,"name":null}]}},"bones":{"slash1":{"translate":[{"time":0,"x":-64.84,"y":46.22,"curve":[0.199,0.9,0.351,1]},{"time":0.2666,"x":-657.3,"y":67.33}],"scale":[{"time":0,"x":0.277,"y":0.277},{"time":0.2666,"x":0.5,"y":0.5}]},"slash2":{"translate":[{"time":0.1,"x":-39.2,"y":46.22,"curve":[0.223,0.77,0.283,0.98]},{"time":0.3666,"x":-657.3,"y":67.33}],"scale":[{"time":0.1,"x":0.277,"y":0.277},{"time":0.3666,"x":0.5,"y":0.5}]},"slash3":{"translate":[{"time":0.2333,"x":-54.16,"y":63.31,"curve":[0.22,0.65,0.254,1]},{"time":0.5333,"x":-657.3,"y":67.33}],"scale":[{"time":0.2333,"x":0.333,"y":0.333},{"time":0.5333,"x":0.555,"y":0.555}]},"DAMAGEAREA":{"translate":[{"time":0,"x":-64.84,"y":46.22,"curve":[0.334,0.41,0.648,0.74]},{"time":0.0666,"x":-509.96,"y":61.13,"curve":"stepped"},{"time":0.1,"x":-43.55,"y":48.22,"curve":[0.246,0.57,0.554,0.86]},{"time":0.2,"x":-563.4,"y":65.6,"curve":"stepped"},{"time":0.2333,"x":-57.32,"y":65.6,"curve":[0.222,0.53,0.618,0.97]},{"time":0.4,"x":-613.58,"y":48.15}],"scale":[{"time":0,"x":0.392,"y":0.262}]}},"events":[{"time":0,"name":"Event","float":0.05,"string":"kHitStopType_normal"},{"time":0,"name":"Sound1","string":"cri_se_battle_gun_burst.wav"},{"time":0,"name":"Sound2","string":"setHitSound(se_battle_018_sword_hit_02)"},{"time":0.1,"name":"Sound1","string":"cri_se_battle_gun_burst.wav"},{"time":0.1333,"name":"Hit","string":"resetHitList"},{"time":0.2333,"name":"Sound1","string":"cri_se_battle_gun_burst.wav"},{"time":0.3,"name":"Event","string":"kImpactType_knock"},{"time":0.3,"name":"Hit","string":"resetHitList"},{"time":0.3,"name":"View","string":"shakeGround"}]},"attack2":{"slots":{"BLD_DRK_slash1/BLD_DRK_slash1_00001":{"attachment":[{"time":0,"name":"BLD_DRK_slash1/BLD_DRK_slash1_00001"},{"time":0.0333,"name":"BLD_DRK_slash1/BLD_DRK_slash1_00002"},{"time":0.0666,"name":"BLD_DRK_slash1/BLD_DRK_slash1_00003"},{"time":0.1333,"name":"BLD_DRK_slash1/BLD_DRK_slash1_00004"},{"time":0.1666,"name":"BLD_DRK_slash1/BLD_DRK_slash1_00005"},{"time":0.2,"name":"BLD_DRK_slash1/BLD_DRK_slash1_00006"},{"time":0.2666,"name":null},{"time":0.8333,"name":null}]},"BLD_DRK_slash2/BLD_DRK_slash2_00001":{"attachment":[{"time":0,"name":null},{"time":0.1,"name":"BLD_DRK_slash2/BLD_DRK_slash2_00001"},{"time":0.2666,"name":"BLD_DRK_slash2/BLD_DRK_slash2_00005"},{"time":0.3,"name":"BLD_DRK_slash2/BLD_DRK_slash2_00006"},{"time":0.3666,"name":null}]},"BLD_DRK_slash3/BLD_DRK_slash3_00001":{"attachment":[{"time":0.2333,"name":"BLD_DRK_slash3/BLD_DRK_slash3_00001"},{"time":0.2666,"name":"BLD_DRK_slash3/BLD_DRK_slash3_00002"},{"time":0.3,"name":"BLD_DRK_slash3/BLD_DRK_slash3_00003"},{"time":0.3333,"name":"BLD_DRK_slash3/BLD_DRK_slash3_00004"},{"time":0.4,"name":"BLD_DRK_slash3/BLD_DRK_slash3_00005"},{"time":0.5333,"name":null}]},"DAMAGEAREA":{"attachment":[{"time":0,"name":"DAMAGEAREA"},{"time":0.4333,"name":null}]}},"bones":{"slash1":{"translate":[{"time":0,"x":-64.84,"y":46.22,"curve":[0.199,0.9,0.351,1]},{"time":0.2666,"x":-657.3,"y":67.33}],"scale":[{"time":0,"x":0.555,"y":0.555},{"time":0.2666,"x":0.666,"y":0.666}]},"slash2":{"translate":[{"time":0.1,"x":-39.2,"y":46.22,"curve":[0.223,0.77,0.283,0.98]},{"time":0.3666,"x":-657.3,"y":67.33}],"scale":[{"time":0.1,"x":0.666,"y":0.666},{"time":0.3666,"x":0.722,"y":0.722}]},"slash3":{"translate":[{"time":0.2333,"x":-54.16,"y":63.31,"curve":[0.22,0.65,0.254,1]},{"time":0.5333,"x":-657.3,"y":67.33}],"scale":[{"time":0.2333,"x":0.666,"y":0.666},{"time":0.5333,"x":0.722,"y":0.722}]},"DAMAGEAREA":{"translate":[{"time":0,"x":-64.84,"y":46.22,"curve":[0.334,0.41,0.648,0.74]},{"time":0.0666,"x":-556.15,"y":47.64,"curve":"stepped"},{"time":0.1,"x":-40.22,"y":47.83,"curve":[0.285,0.44,0.606,0.77]},{"time":0.2,"x":-496.55,"y":48.08,"curve":"stepped"},{"time":0.2333,"x":-20.99,"y":48.11,"curve":[0.449,0.55,0.575,0.95]},{"time":0.4,"x":-613.58,"y":48.15}],"scale":[{"time":0,"x":0.574,"y":0.581,"curve":[0.199,0.9,0.351,1]},{"time":0.4,"x":0.973,"y":0.956}]}},"events":[{"time":0,"name":"Event","float":0.07,"string":"kHitStopType_normal"},{"time":0,"name":"Sound1","string":"cri_se_battle_gun_burst.wav"},{"time":0,"name":"Sound2","string":"setHitSound(se_battle_018_sword_hit_02)"},{"time":0.1,"name":"Sound1","string":"cri_se_battle_gun_burst.wav"},{"time":0.1333,"name":"Hit","string":"resetHitList"},{"time":0.2333,"name":"Sound1","string":"cri_se_battle_gun_burst.wav"},{"time":0.3,"name":"Event","string":"kImpactType_knock"},{"time":0.3,"name":"Hit","string":"resetHitList"},{"time":0.3,"name":"View","string":"shakeGround"}]},"attack3":{"slots":{"BLD_DRK_slash1/BLD_DRK_slash1_00001":{"attachment":[{"time":0,"name":"BLD_DRK_slash1/BLD_DRK_slash1_00001"},{"time":0.0333,"name":"BLD_DRK_slash1/BLD_DRK_slash1_00002"},{"time":0.0666,"name":"BLD_DRK_slash1/BLD_DRK_slash1_00003"},{"time":0.1333,"name":"BLD_DRK_slash1/BLD_DRK_slash1_00004"},{"time":0.1666,"name":"BLD_DRK_slash1/BLD_DRK_slash1_00005"},{"time":0.2,"name":"BLD_DRK_slash1/BLD_DRK_slash1_00006"},{"time":0.2666,"name":null},{"time":0.8666,"name":null}]},"BLD_DRK_slash2/BLD_DRK_slash2_00001":{"attachment":[{"time":0.1,"name":"BLD_DRK_slash2/BLD_DRK_slash2_00001"},{"time":0.2666,"name":"BLD_DRK_slash2/BLD_DRK_slash2_00005"},{"time":0.3,"name":"BLD_DRK_slash2/BLD_DRK_slash2_00006"},{"time":0.3666,"name":null}]},"BLD_DRK_slash3/BLD_DRK_slash3_00001":{"attachment":[{"time":0.2333,"name":"BLD_DRK_slash3/BLD_DRK_slash3_00001"},{"time":0.2666,"name":"BLD_DRK_slash3/BLD_DRK_slash3_00002"},{"time":0.3,"name":"BLD_DRK_slash3/BLD_DRK_slash3_00003"},{"time":0.3333,"name":"BLD_DRK_slash3/BLD_DRK_slash3_00004"},{"time":0.4,"name":"BLD_DRK_slash3/BLD_DRK_slash3_00005"},{"time":0.5333,"name":null}]},"DAMAGEAREA":{"attachment":[{"time":0,"name":"DAMAGEAREA"},{"time":0.4333,"name":null}]}},"bones":{"slash1":{"translate":[{"time":0,"x":-64.84,"y":46.22,"curve":[0.199,0.9,0.351,1]},{"time":0.2666,"x":-657.3,"y":67.33}],"scale":[{"time":0,"x":1.111,"y":1.111}]},"slash2":{"translate":[{"time":0.1,"x":-39.2,"y":46.22,"curve":[0.223,0.77,0.283,0.98]},{"time":0.3666,"x":-657.3,"y":67.33}],"scale":[{"time":0.1,"x":1,"y":1}]},"slash3":{"translate":[{"time":0.2333,"x":-54.16,"y":63.31,"curve":[0.22,0.65,0.254,1]},{"time":0.5333,"x":-657.3,"y":75.87}],"scale":[{"time":0.2333,"x":1,"y":1}]},"DAMAGEAREA":{"translate":[{"time":0,"x":-64.84,"y":46.22,"curve":[0.24,0.42,0.75,1]},{"time":0.0666,"x":-502.76,"y":46.22,"curve":"stepped"},{"time":0.1,"x":-49.39,"y":46.22,"curve":[0.173,0.42,0.75,1]},{"time":0.2,"x":-555.47,"y":46.22,"curve":"stepped"},{"time":0.2333,"x":-55.71,"y":46.22,"curve":[0.164,0.35,0.75,1]},{"time":0.4,"x":-606.07,"y":46.22}],"scale":[{"time":0,"x":1.211,"y":0.895,"curve":"stepped"},{"time":0.2333,"x":1.211,"y":1.518}]}},"events":[{"time":0,"name":"Event","float":0.1,"string":"kHitStopType_normal"},{"time":0,"name":"Sound1","string":"cri_se_battle_gun_burst.wav"},{"time":0,"name":"Sound2","string":"setHitSound(se_battle_019_sword_hit_03)"},{"time":0.1,"name":"Sound1","string":"cri_se_battle_gun_burst.wav"},{"time":0.1333,"name":"Hit","string":"resetHitList"},{"time":0.2333,"name":"Sound1","string":"cri_se_battle_gun_burst.wav"},{"time":0.3,"name":"Event","string":"kImpactType_knock"},{"time":0.3,"name":"Hit","string":"resetHitList"},{"time":0.3,"name":"View","string":"shakeGround"}]}}}