{"skeleton":{"hash":"OB51xg8koXX4yv69VQshFi2AdZc","spine":"3.0.12","width":0,"height":0},"bones":[{"name":"root"},{"name":"MAIN","parent":"root"},{"name":"EF/wave_shock2/730_S1_arrow1_00005","parent":"MAIN","x":550},{"name":"EF/wave_shock1/470_S1_wave1_00000","parent":"MAIN","x":550,"y":10},{"name":"EF/shock3/470_S1_smash2_00000","parent":"MAIN","x":550,"y":97.17},{"name":"EF/line2/120_S2_slash1_2","parent":"MAIN","x":591.87,"y":184.17},{"name":"EF/line2/120_S2_slash1_00002","parent":"MAIN","x":550,"y":184.17},{"name":"EF/leaf/370_S1_leaf1_00001","parent":"MAIN","x":736.11,"y":145.31},{"name":"EF/arrow/480_S1_arrow1_00038","parent":"MAIN","x":550,"y":412.12},{"name":"DAMAGEAREA","parent":"root"}],"slots":[{"name":"EF/arrow/480_S1_arrow1_00038","bone":"EF/arrow/480_S1_arrow1_00038","blend":"additive"},{"name":"EF/line2/120_S2_slash1_00002","bone":"EF/line2/120_S2_slash1_00002","blend":"additive"},{"name":"EF/line2/120_S2_slash1_2","bone":"EF/line2/120_S2_slash1_2","blend":"additive"},{"name":"EF/shock3/470_S1_smash2_00000","bone":"EF/shock3/470_S1_smash2_00000","blend":"additive"},{"name":"EF/wave_shock1/470_S1_wave1_00000","bone":"EF/wave_shock1/470_S1_wave1_00000","blend":"additive"},{"name":"EF/wave_shock2/730_S1_arrow1_00005","bone":"EF/wave_shock2/730_S1_arrow1_00005","blend":"additive"},{"name":"EF/leaf/370_S1_leaf1_00001","bone":"EF/leaf/370_S1_leaf1_00001","blend":"additive"},{"name":"DAMAGEAREA","bone":"DAMAGEAREA"}],"skins":{"default":{"DAMAGEAREA":{"DAMAGEAREA":{"type":"boundingbox","vertices":[-64.05391,-65.65237,63.81289,-63.73935,63.2799,63.43242,-65.32889,64.33642]}},"EF/arrow/480_S1_arrow1_00038":{"EF/arrow/480_S1_arrow1_00038":{"x":-24.93,"rotation":90,"width":225,"height":225}},"EF/leaf/370_S1_leaf1_00001":{"EF/leaf/370_S1_leaf1_00001":{"width":200,"height":200},"EF/leaf/370_S1_leaf1_00003":{"width":200,"height":200},"EF/leaf/370_S1_leaf1_00005":{"width":200,"height":200}},"EF/line2/120_S2_slash1_00002":{"EF/line2/120_S2_slash1_00002":{"width":250,"height":250},"EF/line2/120_S2_slash1_00004":{"width":250,"height":250}},"EF/line2/120_S2_slash1_2":{"EF/line2/120_S2_slash1_00002":{"width":250,"height":250},"EF/line2/120_S2_slash1_00004":{"width":250,"height":250}},"EF/shock3/470_S1_smash2_00000":{"EF/shock3/470_S1_smash2_00000":{"width":250,"height":250},"EF/shock3/470_S1_smash2_00001":{"width":250,"height":250},"EF/shock3/470_S1_smash2_00002":{"width":250,"height":250},"EF/shock3/470_S1_smash2_00003":{"width":250,"height":250},"EF/shock3/470_S1_smash2_00004":{"width":250,"height":250}},"EF/wave_shock1/470_S1_wave1_00000":{"EF/wave_shock1/470_S1_wave1_00000":{"x":3.77,"width":250,"height":250},"EF/wave_shock1/470_S1_wave1_00001":{"x":3.77,"width":250,"height":250},"EF/wave_shock1/470_S1_wave1_00002":{"x":3.77,"width":250,"height":250},"EF/wave_shock1/470_S1_wave1_00003":{"x":3.77,"width":250,"height":250},"EF/wave_shock1/470_S1_wave1_00004":{"x":3.77,"width":250,"height":250}},"EF/wave_shock2/730_S1_arrow1_00005":{"EF/wave_shock2/730_S1_arrow1_00007":{"width":250,"height":250},"EF/wave_shock2/730_S1_arrow1_00008":{"width":250,"height":250},"EF/wave_shock2/730_S1_arrow1_00009":{"width":250,"height":250}}}},"events":{"Event":{},"Event2":{},"Hit":{},"Sound1":{},"Sound2":{}},"animations":{"attack1":{"slots":{"DAMAGEAREA":{"attachment":[{"time":0.1,"name":"DAMAGEAREA"},{"time":0.2,"name":null}]},"EF/arrow/480_S1_arrow1_00038":{"attachment":[{"time":0.0666,"name":"EF/arrow/480_S1_arrow1_00038"}],"color":[{"time":0.1,"color":"ffffffff","curve":[0.25,0,0.887,0.1]},{"time":0.1666,"color":"ffffff00"}]},"EF/leaf/370_S1_leaf1_00001":{"attachment":[{"time":0.0666,"name":"EF/leaf/370_S1_leaf1_00001"},{"time":0.1,"name":"EF/leaf/370_S1_leaf1_00003"},{"time":0.1666,"name":"EF/leaf/370_S1_leaf1_00005"}],"color":[{"time":0.0666,"color":"ffffffff","curve":"stepped"},{"time":0.1666,"color":"ffffffff"},{"time":0.2666,"color":"ffffff00"}]},"EF/line2/120_S2_slash1_00002":{"attachment":[{"time":0.0666,"name":"EF/line2/120_S2_slash1_00002"}],"color":[{"time":0.1,"color":"ffffffff","curve":[0.25,0,0.817,0.4]},{"time":0.2,"color":"ffffff00"}]},"EF/shock3/470_S1_smash2_00000":{"attachment":[{"time":0.1,"name":"EF/shock3/470_S1_smash2_00000"},{"time":0.1333,"name":"EF/shock3/470_S1_smash2_00001"},{"time":0.1666,"name":"EF/shock3/470_S1_smash2_00002"},{"time":0.2,"name":"EF/shock3/470_S1_smash2_00003"},{"time":0.2333,"name":"EF/shock3/470_S1_smash2_00004"},{"time":0.3,"name":null}],"color":[{"time":0.2,"color":"ffffffff"},{"time":0.3,"color":"ffffff00"}]},"EF/wave_shock1/470_S1_wave1_00000":{"attachment":[{"time":0.1666,"name":"EF/wave_shock1/470_S1_wave1_00000"},{"time":0.2,"name":"EF/wave_shock1/470_S1_wave1_00002"},{"time":0.2333,"name":"EF/wave_shock1/470_S1_wave1_00003"}],"color":[{"time":0.2333,"color":"ffffffff","curve":[0.216,0.47,0.75,1]},{"time":0.3333,"color":"ffffff00"}]},"EF/wave_shock2/730_S1_arrow1_00005":{"attachment":[{"time":0.1,"name":"EF/wave_shock2/730_S1_arrow1_00007"},{"time":0.1333,"name":"EF/wave_shock2/730_S1_arrow1_00008"},{"time":0.1666,"name":"EF/wave_shock2/730_S1_arrow1_00009"}],"color":[{"time":0.1666,"color":"ffffffff"},{"time":0.2666,"color":"ffffff00"}]}},"bones":{"EF/shock3/470_S1_smash2_00000":{"translate":[{"time":0.1,"x":-361.59,"y":-15.05}],"scale":[{"time":0.1,"x":3.606,"y":3.606}]},"EF/wave_shock1/470_S1_wave1_00000":{"translate":[{"time":0.1666,"x":-458.46,"y":79.18},{"time":0.3333,"x":-459.5,"y":79.18}],"scale":[{"time":0.1666,"x":3.848,"y":3.848,"curve":"stepped"},{"time":0.2333,"x":3.848,"y":3.848},{"time":0.3333,"x":4.266,"y":4.266}]},"EF/wave_shock2/730_S1_arrow1_00005":{"translate":[{"time":0.0666,"x":-503.11,"y":87.14}],"scale":[{"time":0.0666,"x":3.37,"y":3.37,"curve":"stepped"},{"time":0.1666,"x":3.37,"y":3.37},{"time":0.2666,"x":4.131,"y":4.131}]},"EF/arrow/480_S1_arrow1_00038":{"translate":[{"time":0.0666,"x":-386.68,"y":-325.09},{"time":0.1666,"x":-2340.84,"y":-325.09}],"scale":[{"time":0.0666,"x":1.984,"y":1.984}]},"EF/line2/120_S2_slash1_00002":{"rotate":[{"time":0.0666,"angle":-90.96}],"translate":[{"time":0.0666,"x":-328.89,"y":-98.8},{"time":0.1666,"x":-2265.21,"y":-99.71}],"scale":[{"time":0.0666,"x":1,"y":1}]},"EF/leaf/370_S1_leaf1_00001":{"rotate":[{"time":0.0666,"angle":180}],"translate":[{"time":0.0666,"x":-892.64,"y":-63.5,"curve":[0.167,0.52,0.763,0.99]},{"time":0.2666,"x":-870.81,"y":-63.5}],"scale":[{"time":0.0666,"x":2.684,"y":2.684},{"time":0.2666,"x":4.018,"y":4.018}]},"DAMAGEAREA":{"translate":[{"time":0.1,"x":-476.85,"y":80.54}],"scale":[{"time":0.1,"x":8.945,"y":1},{"time":0.1333,"x":8.945,"y":1.613}]},"MAIN":{"translate":[{"time":0,"x":-235.2,"y":-9.66}]}},"events":[{"time":0.0666,"name":"Event","float":0.05,"string":"kHitStopType-normal"},{"time":0.0666,"name":"Sound1","string":"cri_se_battle_gun_burst"}]}}}