{"skeleton":{"hash":"uaHcrtwlND7JJWUzzQVdZZLp2js","spine":"3.0.12","width":0,"height":0,"images":"./images/"},"bones":[{"name":"root"},{"name":"MAIN","parent":"root"},{"name":"efroot","parent":"MAIN"},{"name":"ef_slash_main 4_00","parent":"efroot"},{"name":"ef_fire4","parent":"efroot","x":400,"color":"9b0100ff"},{"name":"ef_fire3","parent":"efroot","x":150,"color":"9b0005ff"},{"name":"ef_fire2","parent":"efroot","x":150,"color":"9b0005ff"},{"name":"ef_fire","parent":"efroot","x":150,"color":"9b0005ff"},{"name":"ef_OF_main_00","parent":"efroot"},{"name":"DAMAGEAREA","parent":"root"}],"slots":[{"name":"EF/140_S2_fire3/140_S2_fire3_00000_1","bone":"ef_fire","blend":"additive"},{"name":"EF/140_S2_fire3/140_S2_fire3_00000_2","bone":"ef_fire2","blend":"additive"},{"name":"EF/140_S2_fire3/140_S2_fire3_00000_3","bone":"ef_fire3","blend":"additive"},{"name":"EF/140_S2_fire1/140_S2_fire1_00001","bone":"ef_fire4","blend":"additive"},{"name":"ef_slash_main 4_00","bone":"ef_slash_main 4_00","blend":"additive"},{"name":"ef_OF_main_00","bone":"ef_OF_main_00","blend":"additive"},{"name":"DAMAGEAREA","bone":"DAMAGEAREA"}],"skins":{"default":{"DAMAGEAREA":{"DAMAGEAREA":{"type":"boundingbox","vertices":[-32.50386,-32.28507,28.78106,-31.69008,31.16104,31.37983,-31.31388,30.78484]}},"EF/140_S2_fire1/140_S2_fire1_00001":{"EF/140_S2_fire1/140_S2_fire1_00001":{"width":250,"height":250},"EF/140_S2_fire1/140_S2_fire1_00002":{"width":250,"height":250},"EF/140_S2_fire1/140_S2_fire1_00003":{"width":250,"height":250},"EF/140_S2_fire1/140_S2_fire1_00004":{"width":250,"height":250},"EF/140_S2_fire1/140_S2_fire1_00006":{"width":250,"height":250},"EF/140_S2_fire1/140_S2_fire1_00007":{"width":250,"height":250},"EF/140_S2_fire1/140_S2_fire1_00008":{"width":250,"height":250}},"EF/140_S2_fire3/140_S2_fire3_00000_1":{"EF/140_S2_fire3/140_S2_fire3_00000_1":{"x":44.4,"y":102.42,"width":250,"height":250},"EF/140_S2_fire3/140_S2_fire3_00001_1":{"x":44.39,"y":102.42,"width":250,"height":250},"EF/140_S2_fire3/140_S2_fire3_00002_1":{"x":44.39,"y":102.42,"width":250,"height":250},"EF/140_S2_fire3/140_S2_fire3_00003_1":{"x":44.39,"y":102.42,"width":250,"height":250},"EF/140_S2_fire3/140_S2_fire3_00004_1":{"x":44.39,"y":102.42,"width":250,"height":250},"EF/140_S2_fire3/140_S2_fire3_00005_1":{"x":44.39,"y":102.42,"width":250,"height":250},"EF/140_S2_fire3/140_S2_fire3_00006_1":{"x":44.39,"y":102.42,"width":250,"height":250},"EF/140_S2_fire3/140_S2_fire3_00007_1":{"x":44.39,"y":102.42,"width":250,"height":250}},"EF/140_S2_fire3/140_S2_fire3_00000_2":{"EF/140_S2_fire3/140_S2_fire3_00000_1":{"x":44.4,"y":102.42,"width":250,"height":250},"EF/140_S2_fire3/140_S2_fire3_00001_1":{"x":44.39,"y":102.42,"width":250,"height":250},"EF/140_S2_fire3/140_S2_fire3_00002_1":{"x":44.39,"y":102.42,"width":250,"height":250},"EF/140_S2_fire3/140_S2_fire3_00003_1":{"x":44.39,"y":102.42,"width":250,"height":250},"EF/140_S2_fire3/140_S2_fire3_00004_1":{"x":44.39,"y":102.42,"width":250,"height":250},"EF/140_S2_fire3/140_S2_fire3_00005_1":{"x":44.39,"y":102.42,"width":250,"height":250},"EF/140_S2_fire3/140_S2_fire3_00006_1":{"x":44.39,"y":102.42,"width":250,"height":250},"EF/140_S2_fire3/140_S2_fire3_00007_1":{"x":44.39,"y":102.42,"width":250,"height":250}},"EF/140_S2_fire3/140_S2_fire3_00000_3":{"EF/140_S2_fire3/140_S2_fire3_00000_1":{"x":44.4,"y":102.42,"width":250,"height":250},"EF/140_S2_fire3/140_S2_fire3_00001_1":{"x":44.39,"y":102.42,"width":250,"height":250},"EF/140_S2_fire3/140_S2_fire3_00002_1":{"x":44.39,"y":102.42,"width":250,"height":250},"EF/140_S2_fire3/140_S2_fire3_00003_1":{"x":44.39,"y":102.42,"width":250,"height":250},"EF/140_S2_fire3/140_S2_fire3_00004_1":{"x":44.39,"y":102.42,"width":250,"height":250},"EF/140_S2_fire3/140_S2_fire3_00005_1":{"x":44.39,"y":102.42,"width":250,"height":250},"EF/140_S2_fire3/140_S2_fire3_00006_1":{"x":44.39,"y":102.42,"width":250,"height":250},"EF/140_S2_fire3/140_S2_fire3_00007_1":{"x":44.39,"y":102.42,"width":250,"height":250}},"ef_OF_main_00":{"EF/ef_OF_main/ef_OF_main_00001":{"y":4.81,"width":160,"height":160},"EF/ef_OF_main/ef_OF_main_00002":{"y":4.81,"width":160,"height":160},"EF/ef_OF_main/ef_OF_main_00003":{"y":4.81,"width":160,"height":160}},"ef_slash_main 4_00":{"EF/ef_slash_main 4/ef_slash_main 4_00001":{"width":192,"height":152},"EF/ef_slash_main 4/ef_slash_main 4_00002":{"width":192,"height":152},"EF/ef_slash_main 4/ef_slash_main 4_00003":{"width":192,"height":152},"EF/ef_slash_main 4/ef_slash_main 4_00004":{"width":192,"height":152},"EF/ef_slash_main 4/ef_slash_main 4_00005":{"width":192,"height":152},"EF/ef_slash_main 4/ef_slash_main 4_00006":{"width":192,"height":152},"EF/ef_slash_main 4/ef_slash_main 4_00007":{"width":192,"height":152},"EF/ef_slash_main 4/ef_slash_main 4_00008":{"width":192,"height":152},"EF/ef_slash_main 4/ef_slash_main 4_00009":{"width":192,"height":152}}}},"events":{"event":{},"hit":{},"sound":{}},"animations":{"attack1":{"slots":{"DAMAGEAREA":{"attachment":[{"time":0.0666,"name":"DAMAGEAREA"},{"time":0.2,"name":null}]},"EF/140_S2_fire1/140_S2_fire1_00001":{"attachment":[{"time":0.0666,"name":"EF/140_S2_fire1/140_S2_fire1_00001"},{"time":0.1,"name":"EF/140_S2_fire1/140_S2_fire1_00002"},{"time":0.1333,"name":"EF/140_S2_fire1/140_S2_fire1_00003"},{"time":0.1666,"name":"EF/140_S2_fire1/140_S2_fire1_00004"},{"time":0.2,"name":"EF/140_S2_fire1/140_S2_fire1_00006"},{"time":0.2333,"name":"EF/140_S2_fire1/140_S2_fire1_00007"},{"time":0.2666,"name":"EF/140_S2_fire1/140_S2_fire1_00008"},{"time":0.3,"name":null}],"color":[{"time":0.2666,"color":"ffffffff","curve":[0.25,0,0.804,0.49]},{"time":0.3,"color":"ffffff00"}]},"EF/140_S2_fire3/140_S2_fire3_00000_1":{"attachment":[{"time":0.2,"name":"EF/140_S2_fire3/140_S2_fire3_00000_1"},{"time":0.2333,"name":"EF/140_S2_fire3/140_S2_fire3_00001_1"},{"time":0.2666,"name":"EF/140_S2_fire3/140_S2_fire3_00002_1"},{"time":0.3,"name":"EF/140_S2_fire3/140_S2_fire3_00003_1"},{"time":0.3333,"name":"EF/140_S2_fire3/140_S2_fire3_00004_1"},{"time":0.3666,"name":"EF/140_S2_fire3/140_S2_fire3_00005_1"},{"time":0.4,"name":"EF/140_S2_fire3/140_S2_fire3_00006_1"},{"time":0.4333,"name":"EF/140_S2_fire3/140_S2_fire3_00007_1"},{"time":0.4666,"name":null}]},"EF/140_S2_fire3/140_S2_fire3_00000_2":{"attachment":[{"time":0.1666,"name":"EF/140_S2_fire3/140_S2_fire3_00000_1"},{"time":0.2,"name":"EF/140_S2_fire3/140_S2_fire3_00001_1"},{"time":0.2333,"name":"EF/140_S2_fire3/140_S2_fire3_00002_1"},{"time":0.2666,"name":"EF/140_S2_fire3/140_S2_fire3_00003_1"},{"time":0.3,"name":"EF/140_S2_fire3/140_S2_fire3_00004_1"},{"time":0.3333,"name":"EF/140_S2_fire3/140_S2_fire3_00005_1"},{"time":0.3666,"name":"EF/140_S2_fire3/140_S2_fire3_00006_1"},{"time":0.4,"name":"EF/140_S2_fire3/140_S2_fire3_00007_1"},{"time":0.4333,"name":null}],"color":[{"time":0.3666,"color":"ffffffff"},{"time":0.4333,"color":"ffffff00"}]},"EF/140_S2_fire3/140_S2_fire3_00000_3":{"attachment":[{"time":0.2333,"name":"EF/140_S2_fire3/140_S2_fire3_00000_1"},{"time":0.2666,"name":"EF/140_S2_fire3/140_S2_fire3_00001_1"},{"time":0.3,"name":"EF/140_S2_fire3/140_S2_fire3_00002_1"},{"time":0.3333,"name":"EF/140_S2_fire3/140_S2_fire3_00003_1"},{"time":0.3666,"name":"EF/140_S2_fire3/140_S2_fire3_00004_1"},{"time":0.4,"name":"EF/140_S2_fire3/140_S2_fire3_00005_1"},{"time":0.4333,"name":"EF/140_S2_fire3/140_S2_fire3_00006_1"},{"time":0.4666,"name":"EF/140_S2_fire3/140_S2_fire3_00007_1"},{"time":0.5,"name":null}]},"ef_slash_main 4_00":{"attachment":[{"time":0.0666,"name":"EF/ef_slash_main 4/ef_slash_main 4_00001"},{"time":0.1,"name":"EF/ef_slash_main 4/ef_slash_main 4_00002"},{"time":0.1333,"name":"EF/ef_slash_main 4/ef_slash_main 4_00003"},{"time":0.1666,"name":"EF/ef_slash_main 4/ef_slash_main 4_00004"},{"time":0.2,"name":"EF/ef_slash_main 4/ef_slash_main 4_00005"},{"time":0.2333,"name":"EF/ef_slash_main 4/ef_slash_main 4_00006"},{"time":0.2666,"name":"EF/ef_slash_main 4/ef_slash_main 4_00007"},{"time":0.3,"name":"EF/ef_slash_main 4/ef_slash_main 4_00008"},{"time":0.3333,"name":"EF/ef_slash_main 4/ef_slash_main 4_00009"},{"time":0.3666,"name":null}]}},"bones":{"ef_slash_main 4_00":{"translate":[{"time":0.0666,"x":-84.66,"y":153.73}],"scale":[{"time":0.0666,"x":2.925,"y":2.925}]},"ef_fire":{"rotate":[{"time":0.2,"angle":-27.41}],"translate":[{"time":0.2,"x":-302.36,"y":78.34}]},"ef_fire2":{"rotate":[{"time":0.1666,"angle":-26.25}],"translate":[{"time":0.1666,"x":-138.18,"y":168.57}],"scale":[{"time":0.1666,"x":1.478,"y":1.478}]},"ef_fire4":{"translate":[{"time":0.0666,"x":-488.95,"y":166.9,"curve":[0.204,0.58,0.75,1]},{"time":0.2666,"x":-488.95,"y":184.12}],"scale":[{"time":0.0666,"x":1.429,"y":1.429}]},"ef_fire3":{"rotate":[{"time":0.2333,"angle":-72.16}],"translate":[{"time":0.2333,"x":-453.15,"y":68.36}],"scale":[{"time":0.2333,"x":-1,"y":1}]},"efroot":{"rotate":[{"time":0,"angle":-10.61}],"translate":[{"time":0,"x":-67.51,"y":-73.69}]},"DAMAGEAREA":{"translate":[{"time":0,"x":-5892.65,"y":213.65},{"time":0.0666,"x":-200.9,"y":48.24}],"scale":[{"time":0.0666,"x":10.408,"y":4.034}]}},"events":[{"time":0,"name":"event","float":0.05,"string":"kHitStopType-normal"},{"time":0.0333,"name":"sound","string":"cri_se_battle_magic_Invocation_dark"},{"time":0.1333,"name":"hit","string":"resetHitList"}]},"empty":{}}}