{"skeleton":{"hash":"0dSIeQoY1wQtBXn9jUFulBHiEW8","spine":"3.0.12","width":0,"height":0},"bones":[{"name":"root"},{"name":"ef","parent":"root"},{"name":"ef_tuti_blue","parent":"ef","x":-100},{"name":"ef_slash_F","parent":"ef","x":-350},{"name":"ef_slash_C2","parent":"ef"},{"name":"ef_slash_C","parent":"ef"},{"name":"ef_graund_wave_blue","parent":"ef","x":-50},{"name":"DAMAGEAREA","parent":"root"}],"slots":[{"name":"EF/0h/s123_ef_graund_wave_blue/ef_graund_wave_blue_00001","bone":"ef_graund_wave_blue","blend":"additive"},{"name":"EF/0h/s123_ef_graund_wave_blue/ef_graund_wave_blue_1","bone":"ef_graund_wave_blue","blend":"additive"},{"name":"EF/0h/s12_ef_tuti_blue/ef_tuti_blue_00001","bone":"ef_tuti_blue","blend":"additive"},{"name":"EF/0h/s23_ef_slash_C_main/ef_slash_C_main_00001","bone":"ef_slash_C","blend":"additive"},{"name":"EF/0h/s23_ef_slash_C_main/ef_slash_C_main_1","bone":"ef_slash_C2","blend":"additive"},{"name":"EF/0h/s2_ef_slash_F_main/ef_slash_F_main_00001","bone":"ef_slash_F","blend":"additive"},{"name":"DAMAGEAREA","bone":"DAMAGEAREA"}],"skins":{"default":{"DAMAGEAREA":{"DAMAGEAREA":{"type":"boundingbox","vertices":[-64.07776,63.85316,-64.07776,-64.01877,64.17814,-64.01877,63.6005,63.64361]}},"EF/0h/s123_ef_graund_wave_blue/ef_graund_wave_blue_00001":{"EF/0h/s123_ef_graund_wave_blue/ef_graund_wave_blue_00001":{"y":14.91,"width":320,"height":192},"EF/0h/s123_ef_graund_wave_blue/ef_graund_wave_blue_00002":{"y":14.91,"width":320,"height":192},"EF/0h/s123_ef_graund_wave_blue/ef_graund_wave_blue_00003":{"y":14.91,"width":320,"height":192},"EF/0h/s123_ef_graund_wave_blue/ef_graund_wave_blue_00004":{"y":14.91,"width":320,"height":192},"EF/0h/s123_ef_graund_wave_blue/ef_graund_wave_blue_00005":{"y":14.91,"width":320,"height":192},"EF/0h/s123_ef_graund_wave_blue/ef_graund_wave_blue_00006":{"y":14.91,"width":320,"height":192},"EF/0h/s123_ef_graund_wave_blue/ef_graund_wave_blue_00007":{"y":14.91,"width":320,"height":192},"EF/0h/s123_ef_graund_wave_blue/ef_graund_wave_blue_00008":{"y":14.91,"width":320,"height":192},"EF/0h/s123_ef_graund_wave_blue/ef_graund_wave_blue_00009":{"y":14.91,"width":320,"height":192},"EF/0h/s123_ef_graund_wave_blue/ef_graund_wave_blue_00010":{"y":14.91,"width":320,"height":192},"EF/0h/s123_ef_graund_wave_blue/ef_graund_wave_blue_00011":{"y":14.91,"width":320,"height":192},"EF/0h/s123_ef_graund_wave_blue/ef_graund_wave_blue_00012":{"y":14.91,"width":320,"height":192},"EF/0h/s123_ef_graund_wave_blue/ef_graund_wave_blue_00013":{"y":14.91,"width":320,"height":192},"EF/0h/s123_ef_graund_wave_blue/ef_graund_wave_blue_00014":{"y":14.91,"width":320,"height":192}},"EF/0h/s123_ef_graund_wave_blue/ef_graund_wave_blue_1":{"EF/0h/s123_ef_graund_wave_blue/ef_graund_wave_blue_00001":{"y":14.91,"width":320,"height":192},"EF/0h/s123_ef_graund_wave_blue/ef_graund_wave_blue_00002":{"y":14.91,"width":320,"height":192},"EF/0h/s123_ef_graund_wave_blue/ef_graund_wave_blue_00003":{"y":14.91,"width":320,"height":192},"EF/0h/s123_ef_graund_wave_blue/ef_graund_wave_blue_00004":{"y":14.91,"width":320,"height":192},"EF/0h/s123_ef_graund_wave_blue/ef_graund_wave_blue_00005":{"y":14.91,"width":320,"height":192},"EF/0h/s123_ef_graund_wave_blue/ef_graund_wave_blue_00006":{"y":14.91,"width":320,"height":192},"EF/0h/s123_ef_graund_wave_blue/ef_graund_wave_blue_00007":{"y":14.91,"width":320,"height":192},"EF/0h/s123_ef_graund_wave_blue/ef_graund_wave_blue_00008":{"y":14.91,"width":320,"height":192},"EF/0h/s123_ef_graund_wave_blue/ef_graund_wave_blue_00009":{"y":14.91,"width":320,"height":192},"EF/0h/s123_ef_graund_wave_blue/ef_graund_wave_blue_00010":{"y":14.91,"width":320,"height":192},"EF/0h/s123_ef_graund_wave_blue/ef_graund_wave_blue_00011":{"y":14.91,"width":320,"height":192},"EF/0h/s123_ef_graund_wave_blue/ef_graund_wave_blue_00012":{"y":14.91,"width":320,"height":192},"EF/0h/s123_ef_graund_wave_blue/ef_graund_wave_blue_00013":{"y":14.91,"width":320,"height":192},"EF/0h/s123_ef_graund_wave_blue/ef_graund_wave_blue_00014":{"y":14.91,"width":320,"height":192}},"EF/0h/s12_ef_tuti_blue/ef_tuti_blue_00001":{"EF/0h/s12_ef_tuti_blue/ef_tuti_blue_00001":{"y":10.71,"width":230,"height":139},"EF/0h/s12_ef_tuti_blue/ef_tuti_blue_00002":{"y":10.71,"width":230,"height":139},"EF/0h/s12_ef_tuti_blue/ef_tuti_blue_00003":{"y":10.71,"width":230,"height":139},"EF/0h/s12_ef_tuti_blue/ef_tuti_blue_00004":{"y":10.71,"width":230,"height":139},"EF/0h/s12_ef_tuti_blue/ef_tuti_blue_00005":{"y":10.71,"width":230,"height":139},"EF/0h/s12_ef_tuti_blue/ef_tuti_blue_00006":{"y":10.71,"width":230,"height":139},"EF/0h/s12_ef_tuti_blue/ef_tuti_blue_00007":{"y":10.71,"width":230,"height":139},"EF/0h/s12_ef_tuti_blue/ef_tuti_blue_00008":{"y":10.71,"width":230,"height":139},"EF/0h/s12_ef_tuti_blue/ef_tuti_blue_00009":{"y":10.71,"width":230,"height":139},"EF/0h/s12_ef_tuti_blue/ef_tuti_blue_00010":{"y":10.71,"width":230,"height":139},"EF/0h/s12_ef_tuti_blue/ef_tuti_blue_00011":{"y":10.71,"width":230,"height":139},"EF/0h/s12_ef_tuti_blue/ef_tuti_blue_00012":{"y":10.71,"width":230,"height":139},"EF/0h/s12_ef_tuti_blue/ef_tuti_blue_00013":{"y":10.71,"width":230,"height":139},"EF/0h/s12_ef_tuti_blue/ef_tuti_blue_00014":{"y":10.71,"width":230,"height":139},"EF/0h/s12_ef_tuti_blue/ef_tuti_blue_00015":{"y":10.71,"width":230,"height":139},"EF/0h/s12_ef_tuti_blue/ef_tuti_blue_00016":{"y":10.71,"width":230,"height":139},"EF/0h/s12_ef_tuti_blue/ef_tuti_blue_00017":{"y":10.71,"width":230,"height":139}},"EF/0h/s23_ef_slash_C_main/ef_slash_C_main_00001":{"EF/0h/s23_ef_slash_C_main/ef_slash_C_main_00001":{"width":200,"height":200},"EF/0h/s23_ef_slash_C_main/ef_slash_C_main_00002":{"width":200,"height":200},"EF/0h/s23_ef_slash_C_main/ef_slash_C_main_00003":{"width":200,"height":200},"EF/0h/s23_ef_slash_C_main/ef_slash_C_main_00004":{"width":200,"height":200},"EF/0h/s23_ef_slash_C_main/ef_slash_C_main_00005":{"width":200,"height":200}},"EF/0h/s23_ef_slash_C_main/ef_slash_C_main_1":{"EF/0h/s23_ef_slash_C_main/ef_slash_C_main_00001":{"width":200,"height":200},"EF/0h/s23_ef_slash_C_main/ef_slash_C_main_00002":{"width":200,"height":200},"EF/0h/s23_ef_slash_C_main/ef_slash_C_main_00003":{"width":200,"height":200},"EF/0h/s23_ef_slash_C_main/ef_slash_C_main_00004":{"width":200,"height":200},"EF/0h/s23_ef_slash_C_main/ef_slash_C_main_00005":{"width":200,"height":200}},"EF/0h/s2_ef_slash_F_main/ef_slash_F_main_00001":{"EF/0h/s2_ef_slash_F_main/ef_slash_F_main_00001":{"width":192,"height":192},"EF/0h/s2_ef_slash_F_main/ef_slash_F_main_00002":{"width":192,"height":192},"EF/0h/s2_ef_slash_F_main/ef_slash_F_main_00003":{"width":192,"height":192},"EF/0h/s2_ef_slash_F_main/ef_slash_F_main_00004":{"width":192,"height":192},"EF/0h/s2_ef_slash_F_main/ef_slash_F_main_00005":{"width":192,"height":192},"EF/0h/s2_ef_slash_F_main/ef_slash_F_main_00006":{"width":192,"height":192}}}},"events":{"Event":{},"Event2":{},"Hit":{},"Sound":{}},"animations":{"attack1":{"slots":{"DAMAGEAREA":{"attachment":[{"time":0.1666,"name":"DAMAGEAREA"},{"time":0.3,"name":null}]},"EF/0h/s123_ef_graund_wave_blue/ef_graund_wave_blue_00001":{"attachment":[{"time":0.0666,"name":"EF/0h/s123_ef_graund_wave_blue/ef_graund_wave_blue_00001"},{"time":0.1,"name":"EF/0h/s123_ef_graund_wave_blue/ef_graund_wave_blue_00002"},{"time":0.1333,"name":"EF/0h/s123_ef_graund_wave_blue/ef_graund_wave_blue_00003"},{"time":0.1666,"name":"EF/0h/s123_ef_graund_wave_blue/ef_graund_wave_blue_00004"},{"time":0.2,"name":"EF/0h/s123_ef_graund_wave_blue/ef_graund_wave_blue_00005"},{"time":0.2333,"name":"EF/0h/s123_ef_graund_wave_blue/ef_graund_wave_blue_00006"},{"time":0.2666,"name":"EF/0h/s123_ef_graund_wave_blue/ef_graund_wave_blue_00007"},{"time":0.3,"name":"EF/0h/s123_ef_graund_wave_blue/ef_graund_wave_blue_00008"},{"time":0.3333,"name":"EF/0h/s123_ef_graund_wave_blue/ef_graund_wave_blue_00009"},{"time":0.3666,"name":"EF/0h/s123_ef_graund_wave_blue/ef_graund_wave_blue_00010"},{"time":0.4,"name":"EF/0h/s123_ef_graund_wave_blue/ef_graund_wave_blue_00011"},{"time":0.4333,"name":"EF/0h/s123_ef_graund_wave_blue/ef_graund_wave_blue_00012"},{"time":0.4666,"name":"EF/0h/s123_ef_graund_wave_blue/ef_graund_wave_blue_00013"},{"time":0.5,"name":"EF/0h/s123_ef_graund_wave_blue/ef_graund_wave_blue_00014"},{"time":0.5333,"name":null}]},"EF/0h/s12_ef_tuti_blue/ef_tuti_blue_00001":{"attachment":[{"time":0.1333,"name":"EF/0h/s12_ef_tuti_blue/ef_tuti_blue_00001"},{"time":0.1666,"name":"EF/0h/s12_ef_tuti_blue/ef_tuti_blue_00002"},{"time":0.2,"name":"EF/0h/s12_ef_tuti_blue/ef_tuti_blue_00003"},{"time":0.2333,"name":"EF/0h/s12_ef_tuti_blue/ef_tuti_blue_00004"},{"time":0.2666,"name":"EF/0h/s12_ef_tuti_blue/ef_tuti_blue_00005"},{"time":0.3,"name":"EF/0h/s12_ef_tuti_blue/ef_tuti_blue_00006"},{"time":0.3333,"name":"EF/0h/s12_ef_tuti_blue/ef_tuti_blue_00007"},{"time":0.3666,"name":"EF/0h/s12_ef_tuti_blue/ef_tuti_blue_00008"},{"time":0.4,"name":"EF/0h/s12_ef_tuti_blue/ef_tuti_blue_00009"},{"time":0.4333,"name":"EF/0h/s12_ef_tuti_blue/ef_tuti_blue_00010"},{"time":0.4666,"name":"EF/0h/s12_ef_tuti_blue/ef_tuti_blue_00011"},{"time":0.5,"name":"EF/0h/s12_ef_tuti_blue/ef_tuti_blue_00012"},{"time":0.5333,"name":"EF/0h/s12_ef_tuti_blue/ef_tuti_blue_00013"},{"time":0.5666,"name":"EF/0h/s12_ef_tuti_blue/ef_tuti_blue_00014"},{"time":0.6,"name":"EF/0h/s12_ef_tuti_blue/ef_tuti_blue_00015"},{"time":0.6333,"name":"EF/0h/s12_ef_tuti_blue/ef_tuti_blue_00016"},{"time":0.6666,"name":"EF/0h/s12_ef_tuti_blue/ef_tuti_blue_00017"},{"time":0.7,"name":null}],"color":[{"time":0.5,"color":"ffffffff"},{"time":0.7,"color":"ffffff00"}]},"EF/0h/s23_ef_slash_C_main/ef_slash_C_main_00001":{"attachment":[{"time":0.1333,"name":"EF/0h/s23_ef_slash_C_main/ef_slash_C_main_00001"},{"time":0.1666,"name":"EF/0h/s23_ef_slash_C_main/ef_slash_C_main_00002"},{"time":0.2,"name":"EF/0h/s23_ef_slash_C_main/ef_slash_C_main_00003"},{"time":0.2333,"name":"EF/0h/s23_ef_slash_C_main/ef_slash_C_main_00004"},{"time":0.2666,"name":"EF/0h/s23_ef_slash_C_main/ef_slash_C_main_00005"},{"time":0.3,"name":null}]},"EF/0h/s23_ef_slash_C_main/ef_slash_C_main_1":{"attachment":[{"time":0.1666,"name":"EF/0h/s23_ef_slash_C_main/ef_slash_C_main_00001"},{"time":0.2,"name":"EF/0h/s23_ef_slash_C_main/ef_slash_C_main_00002"},{"time":0.2333,"name":"EF/0h/s23_ef_slash_C_main/ef_slash_C_main_00003"},{"time":0.2666,"name":"EF/0h/s23_ef_slash_C_main/ef_slash_C_main_00004"},{"time":0.3,"name":"EF/0h/s23_ef_slash_C_main/ef_slash_C_main_00005"},{"time":0.3333,"name":null}]},"EF/0h/s2_ef_slash_F_main/ef_slash_F_main_00001":{"attachment":[{"time":0.1,"name":"EF/0h/s2_ef_slash_F_main/ef_slash_F_main_00001"},{"time":0.1333,"name":"EF/0h/s2_ef_slash_F_main/ef_slash_F_main_00002"},{"time":0.1666,"name":"EF/0h/s2_ef_slash_F_main/ef_slash_F_main_00003"},{"time":0.2,"name":"EF/0h/s2_ef_slash_F_main/ef_slash_F_main_00004"},{"time":0.2333,"name":"EF/0h/s2_ef_slash_F_main/ef_slash_F_main_00005"},{"time":0.2666,"name":"EF/0h/s2_ef_slash_F_main/ef_slash_F_main_00006"},{"time":0.3,"name":null}]}},"bones":{"DAMAGEAREA":{"translate":[{"time":0.1666,"x":-254.95,"y":115.65}],"scale":[{"time":0.1666,"x":6.859,"y":2.077}]},"ef_graund_wave_blue":{"translate":[{"time":0.0666,"x":-49.3,"y":0}],"scale":[{"time":0.0666,"x":2.5,"y":2.5},{"time":0.5333,"x":3,"y":3}]},"ef_tuti_blue":{"translate":[{"time":0.1333,"x":-92.36,"y":-6.27}],"scale":[{"time":0.1333,"x":3,"y":3},{"time":0.5,"x":3.631,"y":3.306}]},"ef_slash_C":{"rotate":[{"time":0.1333,"angle":-28.36},{"time":0.1666,"angle":-10.66}],"translate":[{"time":0.1333,"x":-11.9,"y":88.65},{"time":0.1666,"x":-6.36,"y":78.5}],"scale":[{"time":0.1333,"x":-1.8,"y":1.8}]},"ef_slash_C2":{"rotate":[{"time":0.1666,"angle":178.45},{"time":0.2666,"angle":170.89},{"time":0.3333,"angle":162.42}],"translate":[{"time":0.1666,"x":-358.9,"y":213.57},{"time":0.2666,"x":-304.6,"y":214},{"time":0.3333,"x":-291.41,"y":206.46}],"scale":[{"time":0.1666,"x":-1.5,"y":1.5},{"time":0.2666,"x":-2.05,"y":1.5}]},"ef_slash_F":{"rotate":[{"time":0.1,"angle":93.79,"curve":"stepped"},{"time":0.1333,"angle":0},{"time":0.2333,"angle":27.79}],"translate":[{"time":0.1,"x":342.98,"y":245.23,"curve":"stepped"},{"time":0.1333,"x":160.34,"y":-3.37,"curve":[0.077,0.77,0.75,1]},{"time":0.2333,"x":89.29,"y":98.83}],"scale":[{"time":0.1,"x":4,"y":4,"curve":"stepped"},{"time":0.1333,"x":4.48,"y":4.986,"curve":[0.065,0.45,0.75,1]},{"time":0.2333,"x":4.224,"y":4.224}]}},"events":[{"time":0,"name":"Event","float":0.3,"string":"kHitStopType_normal"},{"time":0,"name":"Sound","string":"setHitSound(se_battle_sword_heavy_hit)"},{"time":0.0333,"name":"Event","string":"kImpactType_up"},{"time":0.0333,"name":"Sound","string":"cri_se_battle_monster_hit"},{"time":0.0666,"name":"Event","string":"setHitBackEnemy(50,50)"},{"time":0.1,"name":"Event2","string":"shakeGround"},{"time":0.1666,"name":"Event2","float":3,"string":"shakeGround"}]}}}