{
"skeleton": { "hash": "c9sVx8Hy1AzF7mSOpLpeOFYRQrI", "spine": "3.0.12", "width": 0, "height": 0 },
"bones": [
	{ "name": "root" },
	{ "name": "MAIN", "parent": "root", "y": 70.58 },
	{ "name": "EF_cross2_1", "parent": "MAIN", "x": 200, "y": 50 },
	{ "name": "EF_burn1_1", "parent": "MAIN" },
	{ "name": "EF_bomb2_black", "parent": "MAIN", "x": 350 },
	{ "name": "EF_bomb2_1", "parent": "MAIN", "x": 350 },
	{ "name": "EF_bomb1_black", "parent": "MAIN", "x": 150 },
	{ "name": "EF_bomb1_1", "parent": "MAIN", "x": 150 },
	{ "name": "EF", "parent": "root" },
	{ "name": "EF_wave1_1", "parent": "EF", "x": 200 },
	{ "name": "EF_skill1_smoke", "parent": "EF", "x": 250, "y": 100, "rotation": 45 },
	{ "name": "EF_skill1_missile", "parent": "EF", "x": 200, "y": 100, "rotation": 48.01 },
	{ "name": "EF_skill1_light", "parent": "EF", "x": 150, "y": 100 },
	{ "name": "EF_of_blue1_1", "parent": "EF" },
	{ "name": "EF_missile_smoke1_1", "parent": "EF", "x": 150, "y": 50 },
	{ "name": "DAMAGEAREA", "parent": "root" }
],
"slots": [
	{ "name": "EF_wave1_1", "bone": "EF_wave1_1", "blend": "additive" },
	{ "name": "EF_skill1_missile", "bone": "EF_skill1_missile" },
	{ "name": "EF_missile_smoke1_1", "bone": "EF_missile_smoke1_1" },
	{ "name": "EF_skill1_smoke", "bone": "EF_skill1_smoke" },
	{ "name": "EF_skill1_light", "bone": "EF_skill1_light" },
	{ "name": "DAMAGEAREA", "bone": "DAMAGEAREA" },
	{ "name": "EF_of_blue1_1", "bone": "EF_of_blue1_1", "blend": "additive" },
	{ "name": "FE_cross2_1", "bone": "EF_cross2_1", "blend": "additive" },
	{ "name": "EF_bomb2_2", "bone": "EF_bomb2_black", "color": "0000008b" },
	{ "name": "EF_bomb1_2", "bone": "EF_bomb1_black", "color": "0000008c" },
	{ "name": "EF_bomb1_1", "bone": "EF_bomb1_1", "blend": "additive" },
	{ "name": "EF_burn1_1", "bone": "EF_burn1_1", "blend": "additive" },
	{ "name": "EF_bomb2_1", "bone": "EF_bomb2_1", "blend": "additive" }
],
"skins": {
	"default": {
		"DAMAGEAREA": {
			"DAMAGEAREA": {
				"type": "boundingbox",
				"vertices": [ -99.98256, -98.54772, 99.19234, -98.54772, 99.19234, 98.30216, -99.98256, 98.30216 ]
			}
		},
		"EF_bomb1_1": {
			"EF/ef_graund_bom_main/ef_graund_bom_main_00002": { "y": 40.75, "width": 300, "height": 200 },
			"EF/ef_graund_bom_main/ef_graund_bom_main_00004": { "y": 40.75, "width": 300, "height": 200 },
			"EF/ef_graund_bom_main/ef_graund_bom_main_00006": { "y": 40.75, "width": 300, "height": 200 },
			"EF/ef_graund_bom_main/ef_graund_bom_main_00008": { "y": 40.75, "width": 300, "height": 200 },
			"EF/ef_graund_bom_main/ef_graund_bom_main_00010": { "y": 40.75, "width": 300, "height": 200 },
			"EF/ef_graund_bom_main/ef_graund_bom_main_00012": { "y": 40.75, "width": 300, "height": 200 },
			"EF/ef_graund_bom_main/ef_graund_bom_main_00014": { "y": 40.75, "width": 300, "height": 200 },
			"EF/ef_graund_bom_main/ef_graund_bom_main_00015": { "y": 40.75, "width": 300, "height": 200 },
			"EF/ef_graund_bom_main/ef_graund_bom_main_00016": { "y": 40.75, "width": 300, "height": 200 },
			"EF/ef_graund_bom_main/ef_graund_bom_main_00017": { "y": 40.75, "width": 300, "height": 200 }
		},
		"EF_bomb1_2": {
			"EF/ef_graund_bom_main/ef_graund_bom_main_00002": { "y": 40.75, "width": 300, "height": 200 },
			"EF/ef_graund_bom_main/ef_graund_bom_main_00004": { "y": 40.75, "width": 300, "height": 200 },
			"EF/ef_graund_bom_main/ef_graund_bom_main_00006": { "y": 40.75, "width": 300, "height": 200 },
			"EF/ef_graund_bom_main/ef_graund_bom_main_00008": { "y": 40.75, "width": 300, "height": 200 },
			"EF/ef_graund_bom_main/ef_graund_bom_main_00010": { "y": 40.75, "width": 300, "height": 200 },
			"EF/ef_graund_bom_main/ef_graund_bom_main_00012": { "y": 40.75, "width": 300, "height": 200 },
			"EF/ef_graund_bom_main/ef_graund_bom_main_00014": { "y": 40.75, "width": 300, "height": 200 },
			"EF/ef_graund_bom_main/ef_graund_bom_main_00015": { "y": 40.75, "width": 300, "height": 200 },
			"EF/ef_graund_bom_main/ef_graund_bom_main_00016": { "y": 40.75, "width": 300, "height": 200 },
			"EF/ef_graund_bom_main/ef_graund_bom_main_00017": { "y": 40.75, "width": 300, "height": 200 }
		},
		"EF_bomb2_1": {
			"EF/ef_smoke_tower_main/ef_smoke_tower_main_00001": { "x": 7.22, "y": 123.66, "width": 300, "height": 300 },
			"EF/ef_smoke_tower_main/ef_smoke_tower_main_00003": { "x": 7.22, "y": 123.66, "width": 300, "height": 300 },
			"EF/ef_smoke_tower_main/ef_smoke_tower_main_00005": { "x": 7.22, "y": 123.66, "width": 300, "height": 300 },
			"EF/ef_smoke_tower_main/ef_smoke_tower_main_00007": { "x": 7.22, "y": 123.66, "width": 300, "height": 300 },
			"EF/ef_smoke_tower_main/ef_smoke_tower_main_00009": { "x": 7.22, "y": 123.66, "width": 300, "height": 300 },
			"EF/ef_smoke_tower_main/ef_smoke_tower_main_00011": { "x": 7.22, "y": 123.66, "width": 300, "height": 300 },
			"EF/ef_smoke_tower_main/ef_smoke_tower_main_00013": { "x": 7.22, "y": 123.66, "width": 300, "height": 300 },
			"EF/ef_smoke_tower_main/ef_smoke_tower_main_00015": { "x": 7.22, "y": 123.66, "width": 300, "height": 300 },
			"EF/ef_smoke_tower_main/ef_smoke_tower_main_00017": { "x": 7.22, "y": 123.66, "width": 300, "height": 300 },
			"EF/ef_smoke_tower_main/ef_smoke_tower_main_00019": { "x": 7.22, "y": 123.66, "width": 300, "height": 300 },
			"EF/ef_smoke_tower_main/ef_smoke_tower_main_00021": { "x": 7.22, "y": 123.66, "width": 300, "height": 300 },
			"EF/ef_smoke_tower_main/ef_smoke_tower_main_00023": { "x": 7.22, "y": 123.66, "width": 300, "height": 300 },
			"EF/ef_smoke_tower_main/ef_smoke_tower_main_00025": { "x": 7.22, "y": 123.66, "width": 300, "height": 300 },
			"EF/ef_smoke_tower_main/ef_smoke_tower_main_00026": { "x": 7.22, "y": 123.66, "width": 300, "height": 300 }
		},
		"EF_bomb2_2": {
			"EF/ef_smoke_tower_main/ef_smoke_tower_main_00001": { "x": 7.22, "y": 123.66, "width": 300, "height": 300 },
			"EF/ef_smoke_tower_main/ef_smoke_tower_main_00003": { "x": 7.22, "y": 123.66, "width": 300, "height": 300 },
			"EF/ef_smoke_tower_main/ef_smoke_tower_main_00005": { "x": 7.22, "y": 123.66, "width": 300, "height": 300 },
			"EF/ef_smoke_tower_main/ef_smoke_tower_main_00007": { "x": 7.22, "y": 123.66, "width": 300, "height": 300 },
			"EF/ef_smoke_tower_main/ef_smoke_tower_main_00009": { "x": 7.22, "y": 123.66, "width": 300, "height": 300 },
			"EF/ef_smoke_tower_main/ef_smoke_tower_main_00011": { "x": 7.22, "y": 123.66, "width": 300, "height": 300 },
			"EF/ef_smoke_tower_main/ef_smoke_tower_main_00013": { "x": 7.22, "y": 123.66, "width": 300, "height": 300 },
			"EF/ef_smoke_tower_main/ef_smoke_tower_main_00015": { "x": 7.22, "y": 123.66, "width": 300, "height": 300 },
			"EF/ef_smoke_tower_main/ef_smoke_tower_main_00017": { "x": 7.22, "y": 123.66, "width": 300, "height": 300 },
			"EF/ef_smoke_tower_main/ef_smoke_tower_main_00019": { "x": 7.22, "y": 123.66, "width": 300, "height": 300 },
			"EF/ef_smoke_tower_main/ef_smoke_tower_main_00021": { "x": 7.22, "y": 123.66, "width": 300, "height": 300 },
			"EF/ef_smoke_tower_main/ef_smoke_tower_main_00023": { "x": 7.22, "y": 123.66, "width": 300, "height": 300 },
			"EF/ef_smoke_tower_main/ef_smoke_tower_main_00025": { "x": 7.22, "y": 123.66, "width": 300, "height": 300 },
			"EF/ef_smoke_tower_main/ef_smoke_tower_main_00026": { "x": 7.22, "y": 123.66, "width": 300, "height": 300 }
		},
		"EF_burn1_1": {
			"EF/ef_smoke_bom_main/ef_smoke_bom_main_00006": { "width": 200, "height": 200 },
			"EF/ef_smoke_bom_main/ef_smoke_bom_main_00007": { "width": 200, "height": 200 },
			"EF/ef_smoke_bom_main/ef_smoke_bom_main_00008": { "width": 200, "height": 200 },
			"EF/ef_smoke_bom_main/ef_smoke_bom_main_00009": { "width": 200, "height": 200 },
			"EF/ef_smoke_bom_main/ef_smoke_bom_main_00010": { "width": 200, "height": 200 }
		},
		"EF_missile_smoke1_1": {
			"EF/ef_PT_main/ef_PT_main_00005": { "x": -70.4, "y": -4.59, "rotation": -2.25, "width": 160, "height": 160 },
			"EF/ef_PT_main/ef_PT_main_00007": { "x": -70.4, "y": -4.59, "rotation": -2.25, "width": 160, "height": 160 },
			"EF/ef_PT_main/ef_PT_main_00009": { "x": -70.4, "y": -4.59, "rotation": -2.25, "width": 160, "height": 160 },
			"EF/ef_PT_main/ef_PT_main_00011": { "x": -70.4, "y": -4.59, "rotation": -2.25, "width": 160, "height": 160 },
			"EF/ef_PT_main/ef_PT_main_00013": { "x": -70.4, "y": -4.59, "rotation": -2.25, "width": 160, "height": 160 },
			"EF/ef_PT_main/ef_PT_main_00015": { "x": -70.4, "y": -4.59, "rotation": -2.25, "width": 160, "height": 160 },
			"EF/ef_PT_main/ef_PT_main_00017": { "x": -70.4, "y": -4.59, "rotation": -2.25, "width": 160, "height": 160 }
		},
		"EF_of_blue1_1": {
			"EF/ef_OF_blue/ef_OF_blue_00001": { "width": 120, "height": 120 }
		},
		"EF_skill1_light": {
			"EF/dot/ef_skill1_light/skill_EF_light_1": { "x": -11.43, "y": 9.35, "scaleX": 2, "scaleY": 2, "width": 280, "height": 260 },
			"EF/dot/ef_skill1_light/skill_EF_light_2": { "x": -11.43, "y": 9.35, "scaleX": 2, "scaleY": 2, "width": 280, "height": 260 },
			"EF/dot/ef_skill1_light/skill_EF_light_3": { "x": -11.43, "y": 9.35, "scaleX": 2, "scaleY": 2, "width": 280, "height": 260 },
			"EF/dot/ef_skill1_light/skill_EF_light_4": { "x": -11.43, "y": 9.35, "scaleX": 2, "scaleY": 2, "width": 280, "height": 260 }
		},
		"EF_skill1_missile": {
			"EF/dot/ef_skill1_missile/skill_EF_missile_1": { "x": 139.69, "y": 6.88, "scaleX": 2, "scaleY": 2, "rotation": -48.01, "width": 280, "height": 260 },
			"EF/dot/ef_skill1_missile/skill_EF_missile_2": { "x": 139.69, "y": 6.88, "scaleX": 2, "scaleY": 2, "rotation": -48.01, "width": 280, "height": 260 }
		},
		"EF_skill1_smoke": {
			"EF/dot/ef_skill1_smoke/skill_EF_smoke_1": { "x": 1.59, "y": 13.82, "scaleX": 2, "scaleY": 2, "rotation": -45, "width": 280, "height": 260 },
			"EF/dot/ef_skill1_smoke/skill_EF_smoke_2": { "x": 1.59, "y": 13.82, "scaleX": 2, "scaleY": 2, "rotation": -45, "width": 280, "height": 260 },
			"EF/dot/ef_skill1_smoke/skill_EF_smoke_3": { "x": 1.59, "y": 13.82, "scaleX": 2, "scaleY": 2, "rotation": -45, "width": 280, "height": 260 },
			"EF/dot/ef_skill1_smoke/skill_EF_smoke_5": { "x": 1.59, "y": 13.82, "scaleX": 2, "scaleY": 2, "rotation": -45, "width": 280, "height": 260 }
		},
		"EF_wave1_1": {
			"EF/ef_graund_wave_yellow/ef_graund_wave_yellow_00002": { "y": 10.39, "width": 200, "height": 120 },
			"EF/ef_graund_wave_yellow/ef_graund_wave_yellow_00004": { "y": 10.39, "width": 200, "height": 120 },
			"EF/ef_graund_wave_yellow/ef_graund_wave_yellow_00006": { "y": 10.39, "width": 200, "height": 120 },
			"EF/ef_graund_wave_yellow/ef_graund_wave_yellow_00014": { "y": 10.39, "width": 200, "height": 120 },
			"EF/ef_wave_main 2/ef_wave_main 2_00001": { "y": 3.98, "width": 250, "height": 100 },
			"EF/ef_wave_main 2/ef_wave_main 2_00002": { "y": 3.98, "width": 250, "height": 100 },
			"EF/ef_wave_main 2/ef_wave_main 2_00003": { "y": 3.98, "width": 250, "height": 100 },
			"EF/ef_wave_main 2/ef_wave_main 2_00004": { "y": 3.98, "width": 250, "height": 100 },
			"EF/ef_wave_main 2/ef_wave_main 2_00005": { "y": 3.98, "width": 250, "height": 100 }
		},
		"FE_cross2_1": {
			"EF/ef_cross_yellow_main/ef_cross_yellow_main_00001": { "width": 150, "height": 150 },
			"EF/ef_cross_yellow_main/ef_cross_yellow_main_00003": { "width": 150, "height": 150 }
		}
	}
},
"events": {
	"Event2": {},
	"Hit": {},
	"Sound1": {},
	"Sound2": {},
	"Sound3": {},
	"Voice": {},
	"event": {}
},
"animations": {
	"attack1": {
		"slots": {
			"DAMAGEAREA": {
				"attachment": [
					{ "time": 0.7, "name": "DAMAGEAREA" },
					{ "time": 0.9, "name": null }
				]
			},
			"EF_bomb1_1": {
				"attachment": [
					{ "time": 0.7, "name": "EF/ef_graund_bom_main/ef_graund_bom_main_00002" },
					{ "time": 0.7666, "name": "EF/ef_graund_bom_main/ef_graund_bom_main_00004" },
					{ "time": 0.8333, "name": "EF/ef_graund_bom_main/ef_graund_bom_main_00006" },
					{ "time": 0.9, "name": "EF/ef_graund_bom_main/ef_graund_bom_main_00008" },
					{ "time": 0.9666, "name": "EF/ef_graund_bom_main/ef_graund_bom_main_00010" },
					{ "time": 1.0333, "name": "EF/ef_graund_bom_main/ef_graund_bom_main_00012" },
					{ "time": 1.1, "name": "EF/ef_graund_bom_main/ef_graund_bom_main_00014" },
					{ "time": 1.1666, "name": "EF/ef_graund_bom_main/ef_graund_bom_main_00015" },
					{ "time": 1.2333, "name": "EF/ef_graund_bom_main/ef_graund_bom_main_00016" },
					{ "time": 1.3, "name": "EF/ef_graund_bom_main/ef_graund_bom_main_00017" },
					{ "time": 1.3666, "name": null }
				],
				"color": [
					{ "time": 0.7, "color": "ffffffff", "curve": "stepped" },
					{ "time": 1.2666, "color": "ffffffff" },
					{ "time": 1.3666, "color": "ffffff00" }
				]
			},
			"EF_bomb1_2": {
				"attachment": [
					{ "time": 0.7333, "name": "EF/ef_graund_bom_main/ef_graund_bom_main_00002" },
					{ "time": 0.8, "name": "EF/ef_graund_bom_main/ef_graund_bom_main_00004" },
					{ "time": 0.8666, "name": "EF/ef_graund_bom_main/ef_graund_bom_main_00006" },
					{ "time": 0.9333, "name": "EF/ef_graund_bom_main/ef_graund_bom_main_00008" },
					{ "time": 1, "name": "EF/ef_graund_bom_main/ef_graund_bom_main_00010" },
					{ "time": 1.0666, "name": "EF/ef_graund_bom_main/ef_graund_bom_main_00012" },
					{ "time": 1.1333, "name": "EF/ef_graund_bom_main/ef_graund_bom_main_00014" },
					{ "time": 1.2, "name": "EF/ef_graund_bom_main/ef_graund_bom_main_00015" },
					{ "time": 1.2666, "name": "EF/ef_graund_bom_main/ef_graund_bom_main_00016" },
					{ "time": 1.3333, "name": "EF/ef_graund_bom_main/ef_graund_bom_main_00017" },
					{ "time": 1.4, "name": null }
				],
				"color": [
					{ "time": 0.7333, "color": "0000008c", "curve": "stepped" },
					{ "time": 1.1666, "color": "0000008c" },
					{ "time": 1.4, "color": "00000000" }
				]
			},
			"EF_bomb2_1": {
				"attachment": [
					{ "time": 0.7, "name": "EF/ef_smoke_tower_main/ef_smoke_tower_main_00001" },
					{ "time": 0.7666, "name": "EF/ef_smoke_tower_main/ef_smoke_tower_main_00003" },
					{ "time": 0.8333, "name": "EF/ef_smoke_tower_main/ef_smoke_tower_main_00005" },
					{ "time": 0.9, "name": "EF/ef_smoke_tower_main/ef_smoke_tower_main_00007" },
					{ "time": 0.9666, "name": "EF/ef_smoke_tower_main/ef_smoke_tower_main_00009" },
					{ "time": 1.0333, "name": "EF/ef_smoke_tower_main/ef_smoke_tower_main_00011" },
					{ "time": 1.1, "name": "EF/ef_smoke_tower_main/ef_smoke_tower_main_00013" },
					{ "time": 1.1666, "name": "EF/ef_smoke_tower_main/ef_smoke_tower_main_00015" },
					{ "time": 1.2333, "name": "EF/ef_smoke_tower_main/ef_smoke_tower_main_00017" },
					{ "time": 1.3, "name": "EF/ef_smoke_tower_main/ef_smoke_tower_main_00019" },
					{ "time": 1.3666, "name": "EF/ef_smoke_tower_main/ef_smoke_tower_main_00021" },
					{ "time": 1.4333, "name": "EF/ef_smoke_tower_main/ef_smoke_tower_main_00023" },
					{ "time": 1.5, "name": "EF/ef_smoke_tower_main/ef_smoke_tower_main_00025" },
					{ "time": 1.5666, "name": "EF/ef_smoke_tower_main/ef_smoke_tower_main_00026" },
					{ "time": 1.6333, "name": null }
				],
				"color": [
					{ "time": 0.7, "color": "ffffffff", "curve": "stepped" },
					{ "time": 1.4666, "color": "ffffffff" },
					{ "time": 1.6333, "color": "ffffff00" }
				]
			},
			"EF_bomb2_2": {
				"attachment": [
					{ "time": 0.7333, "name": "EF/ef_smoke_tower_main/ef_smoke_tower_main_00001" },
					{ "time": 0.8, "name": "EF/ef_smoke_tower_main/ef_smoke_tower_main_00003" },
					{ "time": 0.8666, "name": "EF/ef_smoke_tower_main/ef_smoke_tower_main_00005" },
					{ "time": 0.9333, "name": "EF/ef_smoke_tower_main/ef_smoke_tower_main_00007" },
					{ "time": 1, "name": "EF/ef_smoke_tower_main/ef_smoke_tower_main_00009" },
					{ "time": 1.0666, "name": "EF/ef_smoke_tower_main/ef_smoke_tower_main_00011" },
					{ "time": 1.1333, "name": "EF/ef_smoke_tower_main/ef_smoke_tower_main_00013" },
					{ "time": 1.2, "name": "EF/ef_smoke_tower_main/ef_smoke_tower_main_00015" },
					{ "time": 1.2666, "name": "EF/ef_smoke_tower_main/ef_smoke_tower_main_00017" },
					{ "time": 1.3333, "name": "EF/ef_smoke_tower_main/ef_smoke_tower_main_00019" },
					{ "time": 1.4, "name": "EF/ef_smoke_tower_main/ef_smoke_tower_main_00021" },
					{ "time": 1.4666, "name": "EF/ef_smoke_tower_main/ef_smoke_tower_main_00023" },
					{ "time": 1.5333, "name": "EF/ef_smoke_tower_main/ef_smoke_tower_main_00025" },
					{ "time": 1.6, "name": "EF/ef_smoke_tower_main/ef_smoke_tower_main_00026" },
					{ "time": 1.6666, "name": null }
				],
				"color": [
					{ "time": 0.7333, "color": "0000008b", "curve": "stepped" },
					{ "time": 1.3666, "color": "0000008b" },
					{ "time": 1.6666, "color": "00000000" }
				]
			},
			"EF_burn1_1": {
				"attachment": [
					{ "time": 0.6, "name": "EF/ef_smoke_bom_main/ef_smoke_bom_main_00006" },
					{ "time": 0.6666, "name": "EF/ef_smoke_bom_main/ef_smoke_bom_main_00007" },
					{ "time": 0.7333, "name": "EF/ef_smoke_bom_main/ef_smoke_bom_main_00008" },
					{ "time": 0.8, "name": "EF/ef_smoke_bom_main/ef_smoke_bom_main_00009" },
					{ "time": 0.8666, "name": "EF/ef_smoke_bom_main/ef_smoke_bom_main_00010" },
					{ "time": 0.9333, "name": null }
				],
				"color": [
					{ "time": 0.6, "color": "ffffffff", "curve": "stepped" },
					{ "time": 0.8333, "color": "ffffffff" },
					{ "time": 0.9333, "color": "ffffff00" }
				]
			},
			"EF_missile_smoke1_1": {
				"attachment": [
					{ "time": 0.3666, "name": "EF/ef_PT_main/ef_PT_main_00005" },
					{ "time": 0.4333, "name": "EF/ef_PT_main/ef_PT_main_00007" },
					{ "time": 0.4666, "name": "EF/ef_PT_main/ef_PT_main_00009" },
					{ "time": 0.5, "name": "EF/ef_PT_main/ef_PT_main_00011" },
					{ "time": 0.5333, "name": "EF/ef_PT_main/ef_PT_main_00013" },
					{ "time": 0.5666, "name": "EF/ef_PT_main/ef_PT_main_00015" },
					{ "time": 0.6, "name": "EF/ef_PT_main/ef_PT_main_00017" },
					{ "time": 0.6333, "name": null }
				]
			},
			"EF_of_blue1_1": {
				"attachment": [
					{ "time": 0.2666, "name": "EF/ef_OF_blue/ef_OF_blue_00001" }
				],
				"color": [
					{
						"time": 0.2666,
						"color": "ffffffff",
						"curve": [ 0.25, 0, 0.861, 0.29 ]
					},
					{ "time": 0.4666, "color": "ffffff00" }
				]
			},
			"EF_skill1_light": {
				"attachment": [
					{ "time": 0.2666, "name": "EF/dot/ef_skill1_light/skill_EF_light_1" },
					{ "time": 0.3, "name": "EF/dot/ef_skill1_light/skill_EF_light_2" },
					{ "time": 0.3333, "name": "EF/dot/ef_skill1_light/skill_EF_light_3" },
					{ "time": 0.3666, "name": "EF/dot/ef_skill1_light/skill_EF_light_4" },
					{ "time": 0.4333, "name": null }
				],
				"color": [
					{ "time": 0.3666, "color": "ffffffff" },
					{ "time": 0.4333, "color": "ffffff00" }
				]
			},
			"EF_skill1_missile": {
				"attachment": [
					{ "time": 0.2666, "name": "EF/dot/ef_skill1_missile/skill_EF_missile_1" },
					{ "time": 0.4, "name": "EF/dot/ef_skill1_missile/skill_EF_missile_2" },
					{ "time": 0.6333, "name": null }
				]
			},
			"EF_skill1_smoke": {
				"attachment": [
					{ "time": 0.2666, "name": "EF/dot/ef_skill1_smoke/skill_EF_smoke_1" },
					{ "time": 0.3333, "name": "EF/dot/ef_skill1_smoke/skill_EF_smoke_2" },
					{ "time": 0.4, "name": "EF/dot/ef_skill1_smoke/skill_EF_smoke_3" },
					{ "time": 0.4333, "name": "EF/dot/ef_skill1_smoke/skill_EF_smoke_5" },
					{ "time": 0.4666, "name": null }
				]
			},
			"EF_wave1_1": {
				"attachment": [
					{ "time": 0.6, "name": "EF/ef_graund_wave_yellow/ef_graund_wave_yellow_00002" },
					{ "time": 0.6333, "name": "EF/ef_graund_wave_yellow/ef_graund_wave_yellow_00004" },
					{ "time": 0.6666, "name": "EF/ef_graund_wave_yellow/ef_graund_wave_yellow_00006" },
					{ "time": 0.7, "name": "EF/ef_wave_main 2/ef_wave_main 2_00001" },
					{ "time": 0.7333, "name": "EF/ef_wave_main 2/ef_wave_main 2_00002" },
					{ "time": 0.7666, "name": "EF/ef_wave_main 2/ef_wave_main 2_00003" },
					{ "time": 0.8, "name": "EF/ef_graund_wave_yellow/ef_graund_wave_yellow_00014" },
					{ "time": 0.8333, "name": "EF/ef_wave_main 2/ef_wave_main 2_00004" },
					{ "time": 0.9, "name": "EF/ef_wave_main 2/ef_wave_main 2_00005" },
					{ "time": 0.9666, "name": null }
				],
				"color": [
					{ "time": 0.7666, "color": "ffffffff" },
					{ "time": 0.9666, "color": "ffffff00" }
				]
			},
			"FE_cross2_1": {
				"attachment": [
					{ "time": 0.5666, "name": "EF/ef_cross_yellow_main/ef_cross_yellow_main_00001" },
					{ "time": 0.6, "name": "EF/ef_cross_yellow_main/ef_cross_yellow_main_00003" }
				],
				"color": [
					{
						"time": 0.5666,
						"color": "ffffffff",
						"curve": [ 0.135, 0.54, 0.75, 1 ]
					},
					{ "time": 0.7, "color": "ffffff00" }
				]
			}
		},
		"bones": {
			"DAMAGEAREA": {
				"translate": [
					{ "time": 0.7, "x": -150.56, "y": 110 }
				],
				"scale": [
					{ "time": 0.7, "x": 1.889, "y": 1.889 },
					{ "time": 0.8666, "x": 2.608, "y": 2.608 }
				]
			},
			"EF_bomb1_1": {
				"translate": [
					{ "time": 0.7, "x": -518.36, "y": -237.15 },
					{ "time": 0.7666, "x": -518.71, "y": -155.97 },
					{ "time": 0.8333, "x": -519.03, "y": -74.78 },
					{ "time": 0.9, "x": -519.03, "y": -72.6 },
					{ "time": 0.9666, "x": -519.03, "y": -71.26 },
					{ "time": 1.0333, "x": -519.03, "y": -70.58 }
				],
				"scale": [
					{
						"time": 0.7,
						"x": 2.5,
						"y": 2.5,
						"curve": [ 0.186, 0.49, 0.75, 1 ]
					},
					{ "time": 1.3333, "x": 3, "y": 3 }
				]
			},
			"EF_bomb1_black": {
				"translate": [
					{ "time": 0.7333, "x": -508.17, "y": -196.55 },
					{ "time": 0.8, "x": -508.17, "y": -115.37 },
					{ "time": 0.8666, "x": -508.17, "y": -73.69 },
					{ "time": 0.9333, "x": -508.17, "y": -71.93 },
					{ "time": 1, "x": -508.17, "y": -70.58 }
				],
				"scale": [
					{
						"time": 0.7333,
						"x": 3,
						"y": 3,
						"curve": [ 0.186, 0.49, 0.75, 1 ]
					},
					{ "time": 1.3666, "x": 3.5, "y": 3.5 }
				]
			},
			"EF_bomb2_1": {
				"translate": [
					{ "time": 0.7, "x": -745.99, "y": -241.37 },
					{ "time": 0.7333, "x": -727.78, "y": -196.55 },
					{ "time": 0.7666, "x": -727.78, "y": -155.97 },
					{ "time": 0.8333, "x": -727.78, "y": -74.78 },
					{ "time": 0.9, "x": -727.78, "y": -72.6 },
					{ "time": 0.9666, "x": -727.78, "y": -71.26 },
					{ "time": 1.0333, "x": -727.78, "y": -70.58 }
				],
				"scale": [
					{
						"time": 0.7,
						"x": 2.5,
						"y": 2.5,
						"curve": [ 0.109, 0.39, 0.75, 1 ]
					},
					{ "time": 1.6, "x": 3.5, "y": 3 }
				]
			},
			"EF_bomb2_black": {
				"translate": [
					{ "time": 0.7333, "x": -733.92, "y": -196.55 },
					{ "time": 0.8, "x": -733.92, "y": -115.37 },
					{ "time": 0.8666, "x": -733.92, "y": -73.69 },
					{ "time": 0.9333, "x": -733.92, "y": -71.93 },
					{ "time": 1, "x": -733.92, "y": -70.58 }
				],
				"scale": [
					{
						"time": 0.7333,
						"x": -4,
						"y": 4,
						"curve": [ 0.12, 0.31, 0.719, 0.96 ]
					},
					{ "time": 1.6333, "x": -4.2, "y": 4.2 }
				]
			},
			"EF_burn1_1": {
				"translate": [
					{ "time": 0.6, "x": -382.77, "y": -348.31 },
					{ "time": 0.6333, "x": -382.77, "y": -327.49 },
					{ "time": 0.6666, "x": -382.77, "y": -277.74 },
					{ "time": 0.7, "x": -382.77, "y": -237.15 },
					{ "time": 0.7333, "x": -382.77, "y": -196.55 },
					{ "time": 0.7666, "x": -382.77, "y": -155.97 },
					{ "time": 0.8, "x": -382.77, "y": -115.37 },
					{ "time": 0.8333, "x": -382.77, "y": -74.78 },
					{ "time": 0.8666, "x": -382.77, "y": -73.69 }
				],
				"scale": [
					{
						"time": 0.6,
						"x": 1,
						"y": 1,
						"curve": [ 0.168, 0.52, 0.75, 1 ]
					},
					{ "time": 0.9, "x": 1.5, "y": 1.5 }
				]
			},
			"EF_missile_smoke1_1": {
				"rotate": [
					{ "time": 0.3666, "angle": 43.1 }
				],
				"translate": [
					{ "time": 0.3666, "x": -26.81, "y": 228.36, "curve": "stepped" },
					{ "time": 0.4666, "x": -2.99, "y": 250.65, "curve": "stepped" },
					{ "time": 0.5, "x": 5.51, "y": 254.37, "curve": "stepped" },
					{ "time": 0.5333, "x": -15.48, "y": 225.18, "curve": "stepped" },
					{ "time": 0.5666, "x": -48.33, "y": 194.44, "curve": "stepped" },
					{ "time": 0.6, "x": -80.05, "y": 164.75 }
				],
				"scale": [
					{ "time": 0.3666, "x": 2, "y": 2 }
				]
			},
			"EF_of_blue1_1": {
				"rotate": [
					{ "time": 0.2666, "angle": -14.46 },
					{ "time": 0.4666, "angle": -75.4 }
				],
				"translate": [
					{ "time": 0.2666, "x": 73.24, "y": 240.8 }
				]
			},
			"EF_skill1_light": {
				"translate": [
					{ "time": 0.2666, "x": -76.9, "y": 141.53 }
				]
			},
			"EF_skill1_missile": {
				"rotate": [
					{ "time": 0.2666, "angle": -0.04 }
				],
				"translate": [
					{ "time": 0.2666, "x": -140.16, "y": 126.11 },
					{ "time": 0.4, "x": -151.38, "y": 113.63 },
					{ "time": 0.5666, "x": -310.04, "y": -62.7 },
					{ "time": 0.6333, "x": -348.17, "y": -105.07 }
				]
			},
			"EF_skill1_smoke": {
				"translate": [
					{ "time": 0.2666, "x": -176.85, "y": 141.67 }
				],
				"scale": [
					{ "time": 0.2666, "x": 1, "y": 1 }
				]
			},
			"EF_wave1_1": {
				"translate": [
					{ "time": 0.6, "x": -330.06, "y": 0 }
				],
				"scale": [
					{ "time": 0.6, "x": 4, "y": 4 },
					{ "time": 0.7, "x": 3.5, "y": 3.5, "curve": "stepped" },
					{ "time": 0.7666, "x": 3.5, "y": 3.5 },
					{ "time": 0.9333, "x": 3.7, "y": 3.7 }
				]
			},
			"EF_cross2_1": {
				"rotate": [
					{ "time": 0.5666, "angle": 70.39 },
					{ "time": 0.6333, "angle": 0 }
				],
				"translate": [
					{ "time": 0.5666, "x": -574.88, "y": -399.51 },
					{ "time": 0.6, "x": -574.88, "y": -398.31 },
					{ "time": 0.6333, "x": -574.88, "y": -397.49 },
					{ "time": 0.6666, "x": -574.88, "y": -327.74 },
					{ "time": 0.7, "x": -574.88, "y": -287.15 }
				],
				"scale": [
					{ "time": 0.5666, "x": 3.335, "y": 3.335 },
					{ "time": 0.6, "x": 4.54, "y": 4.54 },
					{ "time": 0.6666, "x": 4.976, "y": 4.976 }
				]
			},
			"MAIN": {
				"translate": [
					{ "time": 0.3, "x": 162.69, "y": 241.41, "curve": "stepped" },
					{
						"time": 0.3333,
						"x": 214.35,
						"y": 298.35,
						"curve": [ 0.13, 0.47, 0.695, 0.93 ]
					},
					{ "time": 0.6333, "x": 266.13, "y": 276.9 },
					{ "time": 0.6666, "x": 266.13, "y": 207.15 },
					{ "time": 0.8333, "x": 266.94, "y": 4.19 },
					{ "time": 0.9, "x": 266.94, "y": 2.02 },
					{ "time": 1, "x": 266.9, "y": 0, "curve": "stepped" },
					{ "time": 1.8333, "x": 266.9, "y": 0 }
				]
			},
			"root": {
				"translate": [
					{ "time": 0, "x": -140.8, "y": 0 }
				]
			}
		},
		"events": [
			{ "time": 0, "name": "Event2", "string": "movePosition_Target(0,230,0)" },
			{ "time": 0.2333, "name": "Sound1", "string": "cri_se_battle_machine_missile" },
			{ "time": 0.5666, "name": "Sound1", "string": "cri_se_battle_030_explosion_02" },
			{ "time": 0.5666, "name": "Sound2", "string": "setHitSound(se_battle_explosion_short)" },
			{ "time": 0.6, "name": "event", "string": "setHitEffect(hit04a, 0)" },
			{ "time": 0.6333, "name": "event", "float": 0.2, "string": "kHitStopType_normal" },
			{ "time": 0.6666, "name": "event", "string": "setHitBackEnemy(50,150)" }
		]
	}
}
}