{"skeleton":{"hash":"l2W7KUT4jGs27cBBV6r2bx9uoww","spine":"3.0.12","width":0,"height":0},"bones":[{"name":"root"},{"name":"MAIN","parent":"root","x":400},{"name":"ef_PT2_root","parent":"MAIN","x":-100},{"name":"ef_tuti_1","parent":"ef_PT2_root","x":400,"y":300},{"name":"ef_tuti_0","parent":"ef_PT2_root","x":400,"y":300},{"name":"ef_hit_red_0","parent":"ef_PT2_root","x":500,"y":100},{"name":"ef_fire_attack_1","parent":"ef_PT2_root","x":100,"y":400},{"name":"ef_fire_attack_0","parent":"ef_PT2_root","x":100,"y":400},{"name":"DAMAGEAREA","parent":"root","x":400,"y":-100},{"name":"tower_storm_0","parent":"MAIN","x":100}],"slots":[{"name":"ef_fire_attack/ef_fire_attack_purple_00002","bone":"ef_fire_attack_0","blend":"additive"},{"name":"ef_fire_attack/ef_fire_attack_purple_2","bone":"ef_fire_attack_1","blend":"additive"},{"name":"ef_tuti/ef_tuti_purple_00002","bone":"ef_tuti_0","blend":"additive"},{"name":"ef_tuti/ef_tuti_purple_2","bone":"ef_tuti_1","blend":"additive"},{"name":"ef_hit_red/ef_hit_purple_00001","bone":"ef_hit_red_0","blend":"additive"},{"name":"DAMAGEAREA","bone":"DAMAGEAREA"},{"name":"ef_tower_storm_main/ef_tower_storm_main_00003","bone":"tower_storm_0","blend":"additive"}],"skins":{"default":{"DAMAGEAREA":{"DAMAGEAREA":{"type":"boundingbox","vertices":[-41.66824,36.14907,-39.62548,-42.52122,38.54031,-41.06245,38.91262,37.47561]}},"ef_fire_attack/ef_fire_attack_purple_00002":{"ef_fire_attack/ef_fire_attack_red_00002":{"x":1.17,"y":109.75,"width":200,"height":267},"ef_fire_attack/ef_fire_attack_red_00004":{"x":1.17,"y":109.75,"width":200,"height":267},"ef_fire_attack/ef_fire_attack_red_00006":{"x":1.17,"y":109.75,"width":200,"height":267},"ef_fire_attack/ef_fire_attack_red_00008":{"x":1.17,"y":109.75,"width":200,"height":267},"ef_fire_attack/ef_fire_attack_red_00010":{"x":1.17,"y":109.75,"width":200,"height":267},"ef_fire_attack/ef_fire_attack_red_00012":{"x":1.17,"y":109.75,"width":200,"height":267}},"ef_fire_attack/ef_fire_attack_purple_2":{"ef_fire_attack/ef_fire_attack_red_00002":{"x":1.17,"y":109.75,"width":200,"height":267},"ef_fire_attack/ef_fire_attack_red_00004":{"x":1.17,"y":109.75,"width":200,"height":267},"ef_fire_attack/ef_fire_attack_red_00006":{"x":1.17,"y":109.75,"width":200,"height":267},"ef_fire_attack/ef_fire_attack_red_00008":{"x":1.17,"y":109.75,"width":200,"height":267},"ef_fire_attack/ef_fire_attack_red_00010":{"x":1.17,"y":109.75,"width":200,"height":267},"ef_fire_attack/ef_fire_attack_red_00012":{"x":1.17,"y":109.75,"width":200,"height":267}},"ef_tower_storm_main/ef_tower_storm_main_00003":{"ef_tower_storm_main/ef_tower_storm_main_00003":{"x":-0.48,"y":144.98,"width":200,"height":320},"ef_tower_storm_main/ef_tower_storm_main_00004":{"x":-0.48,"y":144.98,"width":200,"height":320}},"ef_tuti/ef_tuti_purple_00002":{"ef_tuti/ef_tuti_red_00002":{"x":-0.31,"y":6.31,"width":200,"height":133},"ef_tuti/ef_tuti_red_00004":{"x":-0.31,"y":6.31,"width":200,"height":133},"ef_tuti/ef_tuti_red_00006":{"x":-0.31,"y":6.31,"width":200,"height":133},"ef_tuti/ef_tuti_red_00008":{"x":-0.31,"y":6.31,"width":200,"height":133},"ef_tuti/ef_tuti_red_00010":{"x":-0.31,"y":6.31,"width":200,"height":133},"ef_tuti/ef_tuti_red_00012":{"x":-0.31,"y":6.31,"width":200,"height":133},"ef_tuti/ef_tuti_red_00014":{"x":-0.31,"y":6.31,"width":200,"height":133},"ef_tuti/ef_tuti_red_00016":{"x":-0.31,"y":6.31,"width":200,"height":133}},"ef_tuti/ef_tuti_purple_2":{"ef_tuti/ef_tuti_red_00002":{"x":-0.31,"y":6.31,"width":200,"height":133},"ef_tuti/ef_tuti_red_00004":{"x":-0.31,"y":6.31,"width":200,"height":133},"ef_tuti/ef_tuti_red_00006":{"x":-0.31,"y":6.31,"width":200,"height":133},"ef_tuti/ef_tuti_red_00008":{"x":-0.31,"y":6.31,"width":200,"height":133},"ef_tuti/ef_tuti_red_00010":{"x":-0.31,"y":6.31,"width":200,"height":133},"ef_tuti/ef_tuti_red_00012":{"x":-0.31,"y":6.31,"width":200,"height":133},"ef_tuti/ef_tuti_red_00014":{"x":-0.31,"y":6.31,"width":200,"height":133},"ef_tuti/ef_tuti_red_00016":{"x":-0.31,"y":6.31,"width":200,"height":133}}}},"events":{"Event":{},"Hit":{},"Sound":{}},"animations":{"attack1":{"slots":{"DAMAGEAREA":{"attachment":[{"time":0.2333,"name":"DAMAGEAREA"},{"time":0.5666,"name":null}]},"ef_fire_attack/ef_fire_attack_purple_00002":{"attachment":[{"time":0.1666,"name":"ef_fire_attack/ef_fire_attack_red_00002"},{"time":0.2,"name":"ef_fire_attack/ef_fire_attack_red_00004"},{"time":0.2333,"name":"ef_fire_attack/ef_fire_attack_red_00006"},{"time":0.2666,"name":"ef_fire_attack/ef_fire_attack_red_00008"},{"time":0.3,"name":"ef_fire_attack/ef_fire_attack_red_00010"},{"time":0.3333,"name":"ef_fire_attack/ef_fire_attack_red_00012"},{"time":0.7,"name":null}],"color":[{"time":0.1333,"color":"ffffffff","curve":"stepped"},{"time":0.2666,"color":"ffffffff"},{"time":0.5333,"color":"ffffff00"}]},"ef_fire_attack/ef_fire_attack_purple_2":{"attachment":[{"time":0.1666,"name":"ef_fire_attack/ef_fire_attack_red_00002"},{"time":0.2,"name":"ef_fire_attack/ef_fire_attack_red_00004"},{"time":0.2333,"name":"ef_fire_attack/ef_fire_attack_red_00006"},{"time":0.2666,"name":"ef_fire_attack/ef_fire_attack_red_00008"},{"time":0.3,"name":"ef_fire_attack/ef_fire_attack_red_00010"},{"time":0.3333,"name":"ef_fire_attack/ef_fire_attack_red_00012"}],"color":[{"time":0.1666,"color":"ffffffff","curve":"stepped"},{"time":0.2666,"color":"ffffffff"},{"time":0.5333,"color":"ffffff00"}]},"ef_hit_red/ef_hit_purple_00001":{"attachment":[{"time":0,"name":null}]},"ef_tower_storm_main/ef_tower_storm_main_00003":{"attachment":[{"time":0.1666,"name":"ef_tower_storm_main/ef_tower_storm_main_00003"},{"time":0.2,"name":"ef_tower_storm_main/ef_tower_storm_main_00004"},{"time":0.6333,"name":null}],"color":[{"time":0.1333,"color":"ffffffff","curve":"stepped"},{"time":0.3,"color":"ffffffff"},{"time":0.4333,"color":"ffffff00"}]},"ef_tuti/ef_tuti_purple_00002":{"attachment":[{"time":0.1666,"name":"ef_tuti/ef_tuti_red_00002"},{"time":0.2,"name":"ef_tuti/ef_tuti_red_00004"},{"time":0.2333,"name":"ef_tuti/ef_tuti_red_00006"},{"time":0.2666,"name":"ef_tuti/ef_tuti_red_00008"},{"time":0.3,"name":"ef_tuti/ef_tuti_red_00010"},{"time":0.3333,"name":"ef_tuti/ef_tuti_red_00012"},{"time":0.3666,"name":"ef_tuti/ef_tuti_red_00014"},{"time":0.4,"name":"ef_tuti/ef_tuti_red_00016"},{"time":0.7,"name":null}],"color":[{"time":0.1333,"color":"ffffffff","curve":"stepped"},{"time":0.2666,"color":"ffffffff"},{"time":0.5333,"color":"ffffff00"}]},"ef_tuti/ef_tuti_purple_2":{"attachment":[{"time":0.2333,"name":"ef_tuti/ef_tuti_red_00002"},{"time":0.2666,"name":"ef_tuti/ef_tuti_red_00004"},{"time":0.3,"name":"ef_tuti/ef_tuti_red_00006"},{"time":0.3333,"name":"ef_tuti/ef_tuti_red_00008"},{"time":0.3666,"name":"ef_tuti/ef_tuti_red_00010"},{"time":0.4,"name":"ef_tuti/ef_tuti_red_00012"},{"time":0.4333,"name":"ef_tuti/ef_tuti_red_00014"},{"time":0.4666,"name":"ef_tuti/ef_tuti_red_00016"},{"time":0.7666,"name":null}],"color":[{"time":0.2333,"color":"ffffffff","curve":"stepped"},{"time":0.4,"color":"ffffffff"},{"time":0.6,"color":"ffffff00"}]}},"bones":{"DAMAGEAREA":{"translate":[{"time":0.2333,"x":-394.47,"y":405.99}],"scale":[{"time":0.2333,"x":5.894,"y":9.321}]},"ef_fire_attack_0":{"rotate":[{"time":0.0666,"angle":-6.78}],"translate":[{"time":0.0666,"x":-443.29,"y":-425.41,"curve":"stepped"},{"time":0.1,"x":-549.28,"y":-425.41}],"scale":[{"time":0.1666,"x":1.674,"y":1.722,"curve":[0.138,0.63,0.75,1]},{"time":0.2666,"x":1.674,"y":4.085,"curve":[0.138,0.63,0.75,1]},{"time":0.5333,"x":2.234,"y":4.443}]},"ef_fire_attack_1":{"translate":[{"time":0.1,"x":-533.69,"y":-425.68}],"scale":[{"time":0.1666,"x":2.751,"y":1.294,"curve":[0.138,0.63,0.75,1]},{"time":0.5333,"x":4.148,"y":2.665}]},"tower_storm_0":{"rotate":[{"time":0.1666,"angle":-3.71}],"translate":[{"time":0.1666,"x":-638.02,"y":-21.96}],"scale":[{"time":0.1666,"x":2.508,"y":2.966,"curve":"stepped"},{"time":0.2,"x":1.051,"y":3.524},{"time":0.2666,"x":0.116,"y":5.506},{"time":0.4333,"x":0.023,"y":5.506}]},"ef_tuti_0":{"translate":[{"time":0.0666,"x":-863.7,"y":-307.09}],"scale":[{"time":0.1666,"x":4.216,"y":4.216,"curve":[0.138,0.63,0.75,1]},{"time":0.5333,"x":4.806,"y":4.806}]},"ef_tuti_1":{"translate":[{"time":0.2333,"x":-829.31,"y":-329.11}],"scale":[{"time":0.2333,"x":4.216,"y":4.216,"curve":[0.138,0.63,0.75,1]},{"time":0.6,"x":4.806,"y":4.806}]},"MAIN":{"translate":[{"time":0,"x":141.08,"y":0}]}},"events":[{"time":0,"name":"Event","string":"setPosition_Target"},{"time":0,"name":"Sound","string":"setHitSound(se_battle_swordslash_heavy)"},{"time":0.0333,"name":"Event","float":0.3,"string":"kHitStopType_normal"},{"time":0.1,"name":"Sound","string":"cri_se_battle_sword_srash"},{"time":0.2,"name":"Event","string":"shakeGround"}]}}}