{"skeleton":{"hash":"h+DZRtWiRwZnAvv8PuCLHesyJ2c","spine":"3.0.12","width":0,"height":0},"bones":[{"name":"root"},{"name":"MAIN","parent":"root"},{"name":"S1_line_o_1","parent":"MAIN","x":214.12,"y":141.45},{"name":"S1_line1","parent":"MAIN","x":238.47,"y":141.6},{"name":"FIRE","parent":"MAIN"},{"name":"A2_fire5","parent":"FIRE","x":497.87,"y":83.84},{"name":"A2_fire4","parent":"FIRE","x":497.87,"y":83.84},{"name":"A2_fire3","parent":"FIRE","x":497.87,"y":83.84},{"name":"A2_fire2","parent":"FIRE","x":497.87,"y":83.84},{"name":"A2_fire1","parent":"FIRE","x":497.87,"y":83.84},{"name":"DAMAGEAREA","parent":"root"}],"slots":[{"name":"9140_A2_fire1/9140_A2_fire1_00000","bone":"A2_fire1","blend":"additive"},{"name":"9140_A2_fire1/9140_A2_fire1_2","bone":"A2_fire4","blend":"additive"},{"name":"9140_A2_fire1/9140_A2_fire1_3","bone":"A2_fire5","blend":"additive"},{"name":"9140_A2_fire1/9140_A2_fire1_0","bone":"A2_fire2","blend":"additive"},{"name":"9140_A2_fire1/9140_A2_fire1_1","bone":"A2_fire3","blend":"additive"},{"name":"9140_S1_line1/9140_S1_line1_00002","bone":"S1_line1","blend":"additive"},{"name":"9140_S1_line2/9140_S1_line2_00003","bone":"S1_line_o_1","blend":"additive"},{"name":"DAMAGEAREA","bone":"DAMAGEAREA"}],"skins":{"default":{"9140_A2_fire1/9140_A2_fire1_0":{"9140_A2_fire1/9140_A2_fire1_00000":{"width":250,"height":250},"9140_A2_fire1/9140_A2_fire1_00001":{"width":250,"height":250},"9140_A2_fire1/9140_A2_fire1_00002":{"width":250,"height":250},"9140_A2_fire1/9140_A2_fire1_00003":{"width":250,"height":250},"9140_A2_fire1/9140_A2_fire1_00005":{"width":250,"height":250},"9140_A2_fire1/9140_A2_fire1_00007":{"width":250,"height":250},"9140_A2_fire1/9140_A2_fire1_00009":{"width":250,"height":250},"9140_A2_fire1/9140_A2_fire1_00011":{"width":250,"height":250},"9140_A2_fire1/9140_A2_fire1_00013":{"width":250,"height":250}},"9140_A2_fire1/9140_A2_fire1_00000":{"9140_A2_fire1/9140_A2_fire1_00000":{"width":250,"height":250},"9140_A2_fire1/9140_A2_fire1_00001":{"width":250,"height":250},"9140_A2_fire1/9140_A2_fire1_00002":{"width":250,"height":250},"9140_A2_fire1/9140_A2_fire1_00003":{"width":250,"height":250},"9140_A2_fire1/9140_A2_fire1_00005":{"width":250,"height":250},"9140_A2_fire1/9140_A2_fire1_00007":{"width":250,"height":250},"9140_A2_fire1/9140_A2_fire1_00009":{"width":250,"height":250},"9140_A2_fire1/9140_A2_fire1_00011":{"width":250,"height":250},"9140_A2_fire1/9140_A2_fire1_00013":{"width":250,"height":250}},"9140_A2_fire1/9140_A2_fire1_1":{"9140_A2_fire1/9140_A2_fire1_00000":{"width":250,"height":250},"9140_A2_fire1/9140_A2_fire1_00001":{"width":250,"height":250},"9140_A2_fire1/9140_A2_fire1_00002":{"width":250,"height":250},"9140_A2_fire1/9140_A2_fire1_00003":{"width":250,"height":250},"9140_A2_fire1/9140_A2_fire1_00005":{"width":250,"height":250},"9140_A2_fire1/9140_A2_fire1_00007":{"width":250,"height":250},"9140_A2_fire1/9140_A2_fire1_00009":{"width":250,"height":250},"9140_A2_fire1/9140_A2_fire1_00011":{"width":250,"height":250},"9140_A2_fire1/9140_A2_fire1_00013":{"width":250,"height":250}},"9140_A2_fire1/9140_A2_fire1_2":{"9140_A2_fire1/9140_A2_fire1_00000":{"width":250,"height":250},"9140_A2_fire1/9140_A2_fire1_00001":{"width":250,"height":250},"9140_A2_fire1/9140_A2_fire1_00002":{"width":250,"height":250},"9140_A2_fire1/9140_A2_fire1_00003":{"width":250,"height":250},"9140_A2_fire1/9140_A2_fire1_00005":{"width":250,"height":250},"9140_A2_fire1/9140_A2_fire1_00007":{"width":250,"height":250},"9140_A2_fire1/9140_A2_fire1_00009":{"width":250,"height":250},"9140_A2_fire1/9140_A2_fire1_00011":{"width":250,"height":250},"9140_A2_fire1/9140_A2_fire1_00013":{"width":250,"height":250}},"9140_A2_fire1/9140_A2_fire1_3":{"9140_A2_fire1/9140_A2_fire1_00000":{"width":250,"height":250},"9140_A2_fire1/9140_A2_fire1_00001":{"width":250,"height":250},"9140_A2_fire1/9140_A2_fire1_00002":{"width":250,"height":250},"9140_A2_fire1/9140_A2_fire1_00003":{"width":250,"height":250},"9140_A2_fire1/9140_A2_fire1_00005":{"width":250,"height":250},"9140_A2_fire1/9140_A2_fire1_00007":{"width":250,"height":250},"9140_A2_fire1/9140_A2_fire1_00009":{"width":250,"height":250},"9140_A2_fire1/9140_A2_fire1_00011":{"width":250,"height":250},"9140_A2_fire1/9140_A2_fire1_00013":{"width":250,"height":250}},"9140_S1_line1/9140_S1_line1_00002":{"9140_S1_line1/9140_S1_line1_00002":{"x":101.22,"y":1.96,"width":250,"height":250},"9140_S1_line1/9140_S1_line1_00003":{"x":101.22,"y":1.96,"width":250,"height":250},"9140_S1_line1/9140_S1_line1_00004":{"x":101.22,"y":1.96,"width":250,"height":250},"9140_S1_line1/9140_S1_line1_00005":{"x":101.22,"y":1.96,"width":250,"height":250}},"9140_S1_line2/9140_S1_line2_00003":{"9140_S1_line2/9140_S1_line2_00003":{"x":100.28,"y":2.73,"width":250,"height":250},"9140_S1_line2/9140_S1_line2_00004":{"x":100.28,"y":2.73,"width":250,"height":250},"9140_S1_line2/9140_S1_line2_00005":{"x":100.28,"y":2.73,"width":250,"height":250},"9140_S1_line2/9140_S1_line2_00006":{"x":100.28,"y":2.73,"width":250,"height":250},"9140_S1_line2/9140_S1_line2_00007":{"x":100.28,"y":2.73,"width":250,"height":250},"9140_S1_line2/9140_S1_line2_00008":{"x":100.28,"y":2.73,"width":250,"height":250},"9140_S1_line2/9140_S1_line2_00009":{"x":100.28,"y":2.73,"width":250,"height":250},"9140_S1_line2/9140_S1_line2_00010":{"x":100.28,"y":2.73,"width":250,"height":250},"9140_S1_line2/9140_S1_line2_00011":{"x":100.28,"y":2.73,"width":250,"height":250}},"DAMAGEAREA":{"DAMAGEAREA":{"type":"boundingbox","vertices":[-32.24765,-32.15388,31.40015,-31.86588,31.68814,31.78191,-31.67165,32.06991]}}}},"events":{"event":{},"hit":{},"sound":{}},"animations":{"attack1":{"slots":{"9140_A2_fire1/9140_A2_fire1_00000":{"attachment":[{"time":0.2666,"name":"9140_A2_fire1/9140_A2_fire1_00000"},{"time":0.3,"name":"9140_A2_fire1/9140_A2_fire1_00001"},{"time":0.3333,"name":"9140_A2_fire1/9140_A2_fire1_00002"},{"time":0.3666,"name":"9140_A2_fire1/9140_A2_fire1_00003"},{"time":0.4,"name":"9140_A2_fire1/9140_A2_fire1_00005"},{"time":0.4333,"name":"9140_A2_fire1/9140_A2_fire1_00007"},{"time":0.4666,"name":"9140_A2_fire1/9140_A2_fire1_00009"},{"time":0.5,"name":"9140_A2_fire1/9140_A2_fire1_00011"},{"time":0.5333,"name":"9140_A2_fire1/9140_A2_fire1_00013"},{"time":0.5666,"name":null}]},"9140_A2_fire1/9140_A2_fire1_0":{"attachment":[{"time":0.1666,"name":"9140_A2_fire1/9140_A2_fire1_00000"},{"time":0.2,"name":"9140_A2_fire1/9140_A2_fire1_00001"},{"time":0.2333,"name":"9140_A2_fire1/9140_A2_fire1_00002"},{"time":0.2666,"name":"9140_A2_fire1/9140_A2_fire1_00003"},{"time":0.3,"name":"9140_A2_fire1/9140_A2_fire1_00005"},{"time":0.3333,"name":"9140_A2_fire1/9140_A2_fire1_00007"},{"time":0.3666,"name":"9140_A2_fire1/9140_A2_fire1_00009"},{"time":0.4,"name":"9140_A2_fire1/9140_A2_fire1_00011"},{"time":0.4333,"name":"9140_A2_fire1/9140_A2_fire1_00013"},{"time":0.4666,"name":null}]},"9140_A2_fire1/9140_A2_fire1_1":{"attachment":[{"time":0.1,"name":"9140_A2_fire1/9140_A2_fire1_00000"},{"time":0.1333,"name":"9140_A2_fire1/9140_A2_fire1_00001"},{"time":0.1666,"name":"9140_A2_fire1/9140_A2_fire1_00002"},{"time":0.2,"name":"9140_A2_fire1/9140_A2_fire1_00003"},{"time":0.2333,"name":"9140_A2_fire1/9140_A2_fire1_00005"},{"time":0.2666,"name":"9140_A2_fire1/9140_A2_fire1_00007"},{"time":0.3,"name":"9140_A2_fire1/9140_A2_fire1_00009"},{"time":0.3333,"name":"9140_A2_fire1/9140_A2_fire1_00011"},{"time":0.3666,"name":"9140_A2_fire1/9140_A2_fire1_00013"},{"time":0.4,"name":null}]},"9140_A2_fire1/9140_A2_fire1_2":{"attachment":[{"time":0.1333,"name":"9140_A2_fire1/9140_A2_fire1_00000"},{"time":0.1666,"name":"9140_A2_fire1/9140_A2_fire1_00001"},{"time":0.2,"name":"9140_A2_fire1/9140_A2_fire1_00002"},{"time":0.2333,"name":"9140_A2_fire1/9140_A2_fire1_00003"},{"time":0.2666,"name":"9140_A2_fire1/9140_A2_fire1_00005"},{"time":0.3,"name":"9140_A2_fire1/9140_A2_fire1_00007"},{"time":0.3333,"name":"9140_A2_fire1/9140_A2_fire1_00009"},{"time":0.3666,"name":"9140_A2_fire1/9140_A2_fire1_00011"},{"time":0.4,"name":"9140_A2_fire1/9140_A2_fire1_00013"},{"time":0.4333,"name":null}]},"9140_A2_fire1/9140_A2_fire1_3":{"attachment":[{"time":0.2333,"name":"9140_A2_fire1/9140_A2_fire1_00000"},{"time":0.2666,"name":"9140_A2_fire1/9140_A2_fire1_00001"},{"time":0.3,"name":"9140_A2_fire1/9140_A2_fire1_00002"},{"time":0.3333,"name":"9140_A2_fire1/9140_A2_fire1_00003"},{"time":0.3666,"name":"9140_A2_fire1/9140_A2_fire1_00005"},{"time":0.4,"name":"9140_A2_fire1/9140_A2_fire1_00007"},{"time":0.4333,"name":"9140_A2_fire1/9140_A2_fire1_00009"},{"time":0.4666,"name":"9140_A2_fire1/9140_A2_fire1_00011"},{"time":0.5,"name":"9140_A2_fire1/9140_A2_fire1_00013"},{"time":0.5333,"name":null}]},"9140_S1_line1/9140_S1_line1_00002":{"attachment":[{"time":0.1,"name":"9140_S1_line1/9140_S1_line1_00002"},{"time":0.1666,"name":"9140_S1_line1/9140_S1_line1_00003"},{"time":0.2333,"name":"9140_S1_line1/9140_S1_line1_00004"},{"time":0.2666,"name":"9140_S1_line1/9140_S1_line1_00005"}],"color":[{"time":0.3333,"color":"ffffffff"},{"time":0.4666,"color":"ffffff00"}]},"9140_S1_line2/9140_S1_line2_00003":{"attachment":[{"time":0.1,"name":"9140_S1_line2/9140_S1_line2_00003"},{"time":0.1666,"name":"9140_S1_line2/9140_S1_line2_00004"},{"time":0.2,"name":"9140_S1_line2/9140_S1_line2_00005"},{"time":0.2333,"name":"9140_S1_line2/9140_S1_line2_00006"},{"time":0.3,"name":"9140_S1_line2/9140_S1_line2_00007"},{"time":0.3333,"name":"9140_S1_line2/9140_S1_line2_00008"},{"time":0.4,"name":"9140_S1_line2/9140_S1_line2_00009"}],"color":[{"time":0.2333,"color":"fffffff3"},{"time":0.3,"color":"ffffff00"}]},"DAMAGEAREA":{"attachment":[{"time":0.1333,"name":"DAMAGEAREA"},{"time":0.4,"name":null}]}},"bones":{"A2_fire1":{"translate":[{"time":0.2666,"x":-792.91,"y":5.31}],"scale":[{"time":0.2666,"x":3.931,"y":3.931}]},"A2_fire2":{"translate":[{"time":0.1666,"x":-493.25,"y":71.97}],"scale":[{"time":0.1666,"x":2.772,"y":2.772}]},"S1_line1":{"rotate":[{"time":0.1,"angle":0}],"translate":[{"time":0.1,"x":-514.98,"y":-56.45},{"time":0.1666,"x":-675.45,"y":-56.45,"curve":"stepped"},{"time":0.3,"x":-675.45,"y":-56.45,"curve":[0.167,0.73,0.75,1]},{"time":0.4333,"x":-834.11,"y":-56.45}],"scale":[{"time":0.1,"x":3.316,"y":14.331,"curve":[0.48,0,0.787,0.41]},{"time":0.1666,"x":5.931,"y":14.331,"curve":"stepped"},{"time":0.3,"x":5.931,"y":14.331,"curve":[0.606,0,0.847,0.5]},{"time":0.4,"x":5.996,"y":2.117,"curve":[0.327,0.5,0.463,1]},{"time":0.4666,"x":6.257,"y":1.401}]},"S1_line_o_1":{"rotate":[{"time":0.1,"angle":-0.07}],"translate":[{"time":0.1,"x":-646.23,"y":-52.66}],"scale":[{"time":0.1,"x":5.384,"y":1.188},{"time":0.1333,"x":5.966,"y":8.33,"curve":"stepped"},{"time":0.2666,"x":5.966,"y":8.33,"curve":[0.82,0,0.648,1]},{"time":0.4,"x":6.254,"y":0.114}]},"A2_fire3":{"translate":[{"time":0.1,"x":-228.26,"y":-52.77}],"scale":[{"time":0.1,"x":2.212,"y":2.212}]},"A2_fire4":{"translate":[{"time":0.1333,"x":-331.57,"y":43.4}],"scale":[{"time":0.1333,"x":1.01,"y":1.01}]},"A2_fire5":{"translate":[{"time":0.2333,"x":-609.33,"y":-55.55}],"scale":[{"time":0.2333,"x":1.583,"y":1.583}]},"DAMAGEAREA":{"translate":[{"time":0.1333,"x":113.57,"y":0}],"scale":[{"time":0.1333,"x":15.018,"y":2.33}]},"MAIN":{"translate":[{"time":0,"x":-53.84,"y":-52.22}],"scale":[{"time":0,"x":0.7,"y":0.7}]},"FIRE":{"translate":[{"time":0,"x":291.1,"y":0}]}},"events":[{"time":0,"name":"event","string":"setPosition_TargetMain"},{"time":0,"name":"sound","string":"setHitSound(se_battle_019_sword_hit_03)"},{"time":0.0333,"name":"event","float":0.03,"string":"kHitStopType-normal"},{"time":0.0666,"name":"sound","string":"cri_se_battle_033_explosion_element_01"},{"time":0.2,"name":"hit","string":"resetHitList"},{"time":0.2666,"name":"hit","string":"resetHitList"},{"time":0.3333,"name":"hit","string":"resetHitList"}]}}}