{
"skeleton": { "hash": "woGYzPmscxYlYEtqAdVQMIwP0uk", "spine": "3.0.12", "width": 0, "height": 0, "images": "./images/" },
"bones": [
	{ "name": "root" },
	{ "name": "ef", "parent": "root" },
	{ "name": "ef_shot_A", "parent": "ef", "x": 50 },
	{ "name": "MAIN", "parent": "root" },
	{ "name": "ef_smash_wave_main", "parent": "MAIN", "x": 700, "y": 450 },
	{ "name": "ef_smash_sprash_main", "parent": "MAIN", "x": 600, "y": 150 },
	{ "name": "ef_smash_attack_main", "parent": "MAIN", "x": 600, "y": 250 },
	{ "name": "ef_MZL_main", "parent": "MAIN", "x": 400, "y": 250 },
	{ "name": "EF", "parent": "root" },
	{ "name": "ef_smash_wave_A_purple", "parent": "EF", "x": -250 },
	{ "name": "ef_smash_sprash_B_purple", "parent": "EF", "x": -350 },
	{ "name": "ef_smash_attack_A_purple", "parent": "EF", "x": -300 },
	{ "name": "DAMAGEAREA", "parent": "root" }
],
"slots": [
	{ "name": "ef_MZL_main", "bone": "ef_MZL_main", "blend": "additive" },
	{ "name": "ef_smash_attack_main", "bone": "ef_smash_attack_main", "blend": "additive" },
	{ "name": "ef_smash_sprash_main", "bone": "ef_smash_sprash_main", "blend": "additive" },
	{ "name": "ef_smash_wave_main", "bone": "ef_smash_wave_main", "blend": "additive" },
	{ "name": "ef_smash_wave_main2", "bone": "ef_smash_wave_main", "color": "000000ff" },
	{ "name": "DAMAGEAREA", "bone": "DAMAGEAREA" },
	{ "name": "EF/0h/s1_shot_A_purple/ef_shot_A_purple_00001", "bone": "ef_shot_A", "blend": "additive" },
	{ "name": "0e/s1_smash_attack_A_purple/ef_smash_attack_A_purple_00001", "bone": "ef_smash_attack_A_purple", "blend": "additive" },
	{ "name": "0e/s1_smash_sprash_B/ef_smash_sprash_B_purple_00001", "bone": "ef_smash_sprash_B_purple", "blend": "additive" },
	{ "name": "0e/s1_smash_wave_A_purple/ef_smash_wave_A_purple_00001", "bone": "ef_smash_wave_A_purple", "blend": "additive" }
],
"skins": {
	"default": {
		"0e/s1_smash_attack_A_purple/ef_smash_attack_A_purple_00001": {
			"0e/s1_smash_attack_A_purple/ef_smash_attack_A_purple_00001": { "width": 450, "height": 450 },
			"0e/s1_smash_attack_A_purple/ef_smash_attack_A_purple_00002": { "width": 450, "height": 450 },
			"0e/s1_smash_attack_A_purple/ef_smash_attack_A_purple_00003": { "width": 450, "height": 450 },
			"0e/s1_smash_attack_A_purple/ef_smash_attack_A_purple_00004": { "width": 450, "height": 450 }
		},
		"0e/s1_smash_sprash_B/ef_smash_sprash_B_purple_00001": {
			"0e/s1_smash_sprash_B/ef_smash_sprash_B_purple_00001": { "width": 450, "height": 450 },
			"0e/s1_smash_sprash_B/ef_smash_sprash_B_purple_00002": { "width": 450, "height": 450 },
			"0e/s1_smash_sprash_B/ef_smash_sprash_B_purple_00003": { "width": 450, "height": 450 },
			"0e/s1_smash_sprash_B/ef_smash_sprash_B_purple_00004": { "width": 450, "height": 450 }
		},
		"0e/s1_smash_wave_A_purple/ef_smash_wave_A_purple_00001": {
			"0e/s1_smash_wave_A_purple/ef_smash_wave_A_purple_00001": { "width": 500, "height": 500 },
			"0e/s1_smash_wave_A_purple/ef_smash_wave_A_purple_00002": { "width": 500, "height": 500 },
			"0e/s1_smash_wave_A_purple/ef_smash_wave_A_purple_00003": { "width": 500, "height": 500 },
			"0e/s1_smash_wave_A_purple/ef_smash_wave_A_purple_00004": { "width": 500, "height": 500 },
			"0e/s1_smash_wave_A_purple/ef_smash_wave_A_purple_00005": { "width": 500, "height": 500 }
		},
		"DAMAGEAREA": {
			"DAMAGEAREA": {
				"type": "boundingbox",
				"vertices": [ -63.22482, 64.09544, -63.22482, -63.72455, 63.35018, -63.72455, 63.76518, 63.68043 ]
			}
		},
		"EF/0h/s1_shot_A_purple/ef_shot_A_purple_00001": {
			"EF/0h/s1_shot_A_purple/ef_shot_A_purple_00001": { "x": -60.89, "width": 300, "height": 300 },
			"EF/0h/s1_shot_A_purple/ef_shot_A_purple_00002": { "x": -60.89, "width": 300, "height": 300 },
			"EF/0h/s1_shot_A_purple/ef_shot_A_purple_00003": { "x": -60.89, "width": 300, "height": 300 },
			"EF/0h/s1_shot_A_purple/ef_shot_A_purple_00004": { "x": -60.89, "width": 300, "height": 300 },
			"EF/0h/s1_shot_A_purple/ef_shot_A_purple_00005": { "x": -60.89, "width": 300, "height": 300 },
			"EF/0h/s1_shot_A_purple/ef_shot_A_purple_00006": { "x": -60.89, "width": 300, "height": 300 },
			"EF/0h/s1_shot_A_purple/ef_shot_A_purple_00007": { "x": -60.89, "width": 300, "height": 300 },
			"EF/0h/s1_shot_A_purple/ef_shot_A_purple_00008": { "x": -60.89, "width": 300, "height": 300 },
			"EF/0h/s1_shot_A_purple/ef_shot_A_purple_00009": { "x": -60.89, "width": 300, "height": 300 },
			"EF/0h/s1_shot_A_purple/ef_shot_A_purple_00010": { "x": -60.89, "width": 300, "height": 300 },
			"EF/0h/s1_shot_A_purple/ef_shot_A_purple_00011": { "x": -60.89, "width": 300, "height": 300 },
			"EF/0h/s1_shot_A_purple/ef_shot_A_purple_00012": { "x": -60.89, "width": 300, "height": 300 },
			"EF/0h/s1_shot_A_purple/ef_shot_A_purple_00013": { "x": -60.89, "width": 300, "height": 300 }
		},
		"ef_MZL_main": {
			"EF/ef_MZL_main/ef_MZL_main_00002": { "x": -46.5, "y": 0.41, "width": 200, "height": 200 },
			"EF/ef_MZL_main/ef_MZL_main_00003": { "x": -46.5, "y": 0.41, "width": 200, "height": 200 },
			"EF/ef_MZL_main/ef_MZL_main_00004": { "x": -46.5, "y": 0.41, "width": 200, "height": 200 },
			"EF/ef_MZL_main/ef_MZL_main_00005": { "x": -46.5, "y": 0.41, "width": 200, "height": 200 },
			"EF/ef_MZL_main/ef_MZL_main_00006": { "x": -46.5, "y": 0.41, "width": 200, "height": 200 },
			"EF/ef_MZL_main/ef_MZL_main_00007": { "x": -46.5, "y": 0.41, "width": 200, "height": 200 },
			"EF/ef_MZL_main/ef_MZL_main_00008": { "x": -46.5, "y": 0.41, "width": 200, "height": 200 },
			"EF/ef_MZL_main/ef_MZL_main_00009": { "x": -46.5, "y": 0.41, "width": 200, "height": 200 },
			"EF/ef_MZL_main/ef_MZL_main_00010": { "x": -46.5, "y": 0.41, "width": 200, "height": 200 },
			"EF/ef_MZL_main/ef_MZL_main_00011": { "x": -46.5, "y": 0.41, "width": 200, "height": 200 },
			"EF/ef_MZL_main/ef_MZL_main_00012": { "x": -46.5, "y": 0.41, "width": 200, "height": 200 },
			"EF/ef_MZL_main/ef_MZL_main_00014": { "x": -46.5, "y": 0.41, "width": 200, "height": 200 }
		},
		"ef_smash_attack_main": {
			"EF/ef_smash_attack_main/ef_smash_attack_main_00001": { "x": 26.62, "width": 100, "height": 100 },
			"EF/ef_smash_attack_main/ef_smash_attack_main_00003": { "x": 26.62, "width": 100, "height": 100 },
			"EF/ef_smash_attack_main/ef_smash_attack_main_00004": { "x": 26.62, "width": 100, "height": 100 }
		},
		"ef_smash_sprash_main": {
			"EF/ef_smash_sprash_main/ef_smash_sprash_main_00001": { "x": 48.51, "y": -6.41, "width": 200, "height": 200 },
			"EF/ef_smash_sprash_main/ef_smash_sprash_main_00002": { "x": 48.51, "y": -6.41, "width": 200, "height": 200 },
			"EF/ef_smash_sprash_main/ef_smash_sprash_main_00003": { "x": 48.51, "y": -6.41, "width": 200, "height": 200 }
		},
		"ef_smash_wave_main": {
			"EF/ef_smash_wave_main/ef_smash_wave_main_00001": { "x": 1.4, "y": 0.87, "width": 150, "height": 250 },
			"EF/ef_smash_wave_main/ef_smash_wave_main_00002": { "x": 1.4, "y": 0.87, "width": 150, "height": 250 },
			"EF/ef_smash_wave_main/ef_smash_wave_main_00003": { "x": 1.4, "y": 0.87, "width": 150, "height": 250 },
			"EF/ef_smash_wave_main/ef_smash_wave_main_00004": { "x": 1.4, "y": 0.87, "width": 150, "height": 250 },
			"EF/ef_smash_wave_main/ef_smash_wave_main_00005": { "x": 1.4, "y": 0.87, "width": 150, "height": 250 }
		},
		"ef_smash_wave_main2": {
			"EF/ef_smash_wave_main/ef_smash_wave_main_00001": { "x": 1.4, "y": 0.87, "width": 150, "height": 250 },
			"EF/ef_smash_wave_main/ef_smash_wave_main_00002": { "x": 1.4, "y": 0.87, "width": 150, "height": 250 },
			"EF/ef_smash_wave_main/ef_smash_wave_main_00003": { "x": 1.4, "y": 0.87, "width": 150, "height": 250 },
			"EF/ef_smash_wave_main/ef_smash_wave_main_00004": { "x": 1.4, "y": 0.87, "width": 150, "height": 250 },
			"EF/ef_smash_wave_main/ef_smash_wave_main_00005": { "x": 1.4, "y": 0.87, "width": 150, "height": 250 }
		}
	}
},
"events": {
	"Event": {},
	"Event2": {},
	"Sound": {},
	"hit": {}
},
"animations": {
	"attack1": {
		"slots": {
			"DAMAGEAREA": {
				"attachment": [
					{ "time": 0.2333, "name": "DAMAGEAREA" },
					{ "time": 0.3333, "name": null }
				]
			},
			"ef_MZL_main": {
				"attachment": [
					{ "time": 0.1, "name": "EF/ef_MZL_main/ef_MZL_main_00002" },
					{ "time": 0.1333, "name": "EF/ef_MZL_main/ef_MZL_main_00003" },
					{ "time": 0.1666, "name": "EF/ef_MZL_main/ef_MZL_main_00004" },
					{ "time": 0.2, "name": "EF/ef_MZL_main/ef_MZL_main_00005" },
					{ "time": 0.2333, "name": "EF/ef_MZL_main/ef_MZL_main_00006" },
					{ "time": 0.2666, "name": "EF/ef_MZL_main/ef_MZL_main_00007" },
					{ "time": 0.3, "name": "EF/ef_MZL_main/ef_MZL_main_00008" },
					{ "time": 0.3333, "name": "EF/ef_MZL_main/ef_MZL_main_00009" },
					{ "time": 0.3666, "name": "EF/ef_MZL_main/ef_MZL_main_00010" },
					{ "time": 0.4, "name": "EF/ef_MZL_main/ef_MZL_main_00011" },
					{ "time": 0.4333, "name": "EF/ef_MZL_main/ef_MZL_main_00012" },
					{ "time": 0.4666, "name": "EF/ef_MZL_main/ef_MZL_main_00014" },
					{ "time": 0.6333, "name": null }
				],
				"color": [
					{
						"time": 0.4666,
						"color": "ffffffff",
						"curve": [ 0.25, 0, 0.879, 0 ]
					},
					{ "time": 0.6333, "color": "ffffff00" }
				]
			},
			"ef_smash_attack_main": {
				"attachment": [
					{ "time": 0.1, "name": "EF/ef_smash_attack_main/ef_smash_attack_main_00001" },
					{ "time": 0.1666, "name": "EF/ef_smash_attack_main/ef_smash_attack_main_00003" },
					{ "time": 0.2333, "name": "EF/ef_smash_attack_main/ef_smash_attack_main_00004" },
					{ "time": 0.3, "name": null }
				],
				"color": [
					{ "time": 0.2333, "color": "ffffffff" },
					{ "time": 0.3, "color": "ffffff00" }
				]
			},
			"ef_smash_sprash_main": {
				"attachment": [
					{ "time": 0.1333, "name": "EF/ef_smash_sprash_main/ef_smash_sprash_main_00001" },
					{ "time": 0.2, "name": "EF/ef_smash_sprash_main/ef_smash_sprash_main_00002" },
					{ "time": 0.2666, "name": "EF/ef_smash_sprash_main/ef_smash_sprash_main_00003" },
					{ "time": 0.3333, "name": null }
				],
				"color": [
					{ "time": 0.2666, "color": "ffffffff" },
					{ "time": 0.3333, "color": "ffffff00" }
				]
			},
			"ef_smash_wave_main": {
				"attachment": [
					{ "time": 0.1, "name": "EF/ef_smash_wave_main/ef_smash_wave_main_00001" },
					{ "time": 0.1333, "name": "EF/ef_smash_wave_main/ef_smash_wave_main_00002" },
					{ "time": 0.1666, "name": "EF/ef_smash_wave_main/ef_smash_wave_main_00003" },
					{ "time": 0.2, "name": "EF/ef_smash_wave_main/ef_smash_wave_main_00004" },
					{ "time": 0.2333, "name": "EF/ef_smash_wave_main/ef_smash_wave_main_00005" },
					{ "time": 0.3333, "name": null }
				],
				"color": [
					{ "time": 0.2333, "color": "ffffffff" },
					{ "time": 0.3333, "color": "ffffff00" }
				]
			}
		},
		"bones": {
			"DAMAGEAREA": {
				"translate": [
					{ "time": 0.2333, "x": -742.69, "y": 71.33 }
				],
				"scale": [
					{ "time": 0.2333, "x": 13.218, "y": 0.965 }
				]
			},
			"ef_MZL_main": {
				"translate": [
					{ "time": 0.1, "x": -339.99, "y": -180.55 }
				],
				"scale": [
					{ "time": 0.1, "x": 2, "y": 2 },
					{ "time": 0.3333, "x": 2.2, "y": 2.2 },
					{ "time": 0.6333, "x": 3, "y": 3 }
				]
			},
			"ef_smash_attack_main": {
				"translate": [
					{ "time": 0.1, "x": -522.03, "y": -179.8 }
				],
				"scale": [
					{ "time": 0.1, "x": 2, "y": 2 },
					{ "time": 0.3, "x": 3, "y": 3 }
				]
			},
			"ef_smash_sprash_main": {
				"rotate": [
					{ "time": 0.1333, "angle": 17.52 }
				],
				"translate": [
					{ "time": 0.1333, "x": -482.9, "y": -80.58 }
				],
				"scale": [
					{ "time": 0.1333, "x": 1, "y": 1 },
					{ "time": 0.3333, "x": 1.5, "y": 1.1 }
				]
			},
			"ef_smash_wave_main": {
				"translate": [
					{ "time": 0.1, "x": -622.23, "y": -380.29 }
				],
				"scale": [
					{ "time": 0.1, "x": 0.25, "y": 0.5 },
					{ "time": 0.3333, "x": 1.5, "y": 2 }
				]
			},
			"MAIN": {
				"translate": [
					{ "time": 0.1, "x": -161.99, "y": 0 }
				],
				"scale": [
					{ "time": 0.2333, "x": 0.98, "y": 0.98 }
				]
			}
		},
		"events": [
			{ "time": 0, "name": "Event", "float": 0.2, "string": "kHitStopType_enemyonly" },
			{ "time": 0.1, "name": "Sound", "string": "cri_se_battle_gun_burst" }
		]
	},
	"attack2": {
		"slots": {
			"0e/s1_smash_attack_A_purple/ef_smash_attack_A_purple_00001": {
				"attachment": [
					{ "time": 0.0666, "name": "0e/s1_smash_attack_A_purple/ef_smash_attack_A_purple_00001" },
					{ "time": 0.1, "name": "0e/s1_smash_attack_A_purple/ef_smash_attack_A_purple_00002" },
					{ "time": 0.1333, "name": "0e/s1_smash_attack_A_purple/ef_smash_attack_A_purple_00003" },
					{ "time": 0.1666, "name": "0e/s1_smash_attack_A_purple/ef_smash_attack_A_purple_00004" },
					{ "time": 0.2, "name": null },
					{ "time": 0.7666, "name": "0e/s1_smash_attack_A_purple/ef_smash_attack_A_purple_00001" },
					{ "time": 0.8, "name": "0e/s1_smash_attack_A_purple/ef_smash_attack_A_purple_00002" },
					{ "time": 0.8333, "name": "0e/s1_smash_attack_A_purple/ef_smash_attack_A_purple_00003" },
					{ "time": 0.8666, "name": "0e/s1_smash_attack_A_purple/ef_smash_attack_A_purple_00004" },
					{ "time": 0.9, "name": null }
				]
			},
			"0e/s1_smash_sprash_B/ef_smash_sprash_B_purple_00001": {
				"attachment": [
					{ "time": 0.1, "name": "0e/s1_smash_sprash_B/ef_smash_sprash_B_purple_00001" },
					{ "time": 0.1333, "name": "0e/s1_smash_sprash_B/ef_smash_sprash_B_purple_00002" },
					{ "time": 0.1666, "name": "0e/s1_smash_sprash_B/ef_smash_sprash_B_purple_00003" },
					{ "time": 0.2, "name": "0e/s1_smash_sprash_B/ef_smash_sprash_B_purple_00004" },
					{ "time": 0.2666, "name": null },
					{ "time": 0.8, "name": "0e/s1_smash_sprash_B/ef_smash_sprash_B_purple_00001" },
					{ "time": 0.8333, "name": "0e/s1_smash_sprash_B/ef_smash_sprash_B_purple_00002" },
					{ "time": 0.8666, "name": "0e/s1_smash_sprash_B/ef_smash_sprash_B_purple_00003" },
					{ "time": 0.9, "name": "0e/s1_smash_sprash_B/ef_smash_sprash_B_purple_00004" },
					{ "time": 0.9666, "name": null }
				],
				"color": [
					{ "time": 0.2, "color": "ffffffff" },
					{ "time": 0.2666, "color": "ffffff00", "curve": "stepped" },
					{ "time": 0.8, "color": "ffffffff", "curve": "stepped" },
					{ "time": 0.9, "color": "ffffffff" },
					{ "time": 0.9666, "color": "ffffff00" }
				]
			},
			"0e/s1_smash_wave_A_purple/ef_smash_wave_A_purple_00001": {
				"attachment": [
					{ "time": 0.0666, "name": "0e/s1_smash_wave_A_purple/ef_smash_wave_A_purple_00001" },
					{ "time": 0.1, "name": "0e/s1_smash_wave_A_purple/ef_smash_wave_A_purple_00002" },
					{ "time": 0.1333, "name": "0e/s1_smash_wave_A_purple/ef_smash_wave_A_purple_00003" },
					{ "time": 0.1666, "name": "0e/s1_smash_wave_A_purple/ef_smash_wave_A_purple_00004" },
					{ "time": 0.2, "name": "0e/s1_smash_wave_A_purple/ef_smash_wave_A_purple_00005" },
					{ "time": 0.2333, "name": null },
					{ "time": 0.7666, "name": "0e/s1_smash_wave_A_purple/ef_smash_wave_A_purple_00001" },
					{ "time": 0.8, "name": "0e/s1_smash_wave_A_purple/ef_smash_wave_A_purple_00002" },
					{ "time": 0.8333, "name": "0e/s1_smash_wave_A_purple/ef_smash_wave_A_purple_00003" },
					{ "time": 0.8666, "name": "0e/s1_smash_wave_A_purple/ef_smash_wave_A_purple_00004" },
					{ "time": 0.9, "name": "0e/s1_smash_wave_A_purple/ef_smash_wave_A_purple_00005" },
					{ "time": 0.9333, "name": null }
				]
			},
			"DAMAGEAREA": {
				"attachment": [
					{ "time": 0.1333, "name": "DAMAGEAREA" },
					{ "time": 0.2333, "name": null },
					{ "time": 0.7666, "name": "DAMAGEAREA" },
					{ "time": 0.8666, "name": null }
				]
			},
			"EF/0h/s1_shot_A_purple/ef_shot_A_purple_00001": {
				"attachment": [
					{ "time": 0.0333, "name": "EF/0h/s1_shot_A_purple/ef_shot_A_purple_00001" },
					{ "time": 0.0666, "name": "EF/0h/s1_shot_A_purple/ef_shot_A_purple_00002" },
					{ "time": 0.1, "name": "EF/0h/s1_shot_A_purple/ef_shot_A_purple_00003" },
					{ "time": 0.1333, "name": "EF/0h/s1_shot_A_purple/ef_shot_A_purple_00004" },
					{ "time": 0.1666, "name": "EF/0h/s1_shot_A_purple/ef_shot_A_purple_00005" },
					{ "time": 0.2, "name": "EF/0h/s1_shot_A_purple/ef_shot_A_purple_00006" },
					{ "time": 0.2333, "name": "EF/0h/s1_shot_A_purple/ef_shot_A_purple_00007" },
					{ "time": 0.2666, "name": "EF/0h/s1_shot_A_purple/ef_shot_A_purple_00008" },
					{ "time": 0.3, "name": "EF/0h/s1_shot_A_purple/ef_shot_A_purple_00009" },
					{ "time": 0.3333, "name": "EF/0h/s1_shot_A_purple/ef_shot_A_purple_00010" },
					{ "time": 0.3666, "name": "EF/0h/s1_shot_A_purple/ef_shot_A_purple_00011" },
					{ "time": 0.4, "name": "EF/0h/s1_shot_A_purple/ef_shot_A_purple_00012" },
					{ "time": 0.4333, "name": "EF/0h/s1_shot_A_purple/ef_shot_A_purple_00013" },
					{ "time": 0.4666, "name": null },
					{ "time": 0.7333, "name": "EF/0h/s1_shot_A_purple/ef_shot_A_purple_00001" },
					{ "time": 0.7666, "name": "EF/0h/s1_shot_A_purple/ef_shot_A_purple_00002" },
					{ "time": 0.8, "name": "EF/0h/s1_shot_A_purple/ef_shot_A_purple_00003" },
					{ "time": 0.8333, "name": "EF/0h/s1_shot_A_purple/ef_shot_A_purple_00004" },
					{ "time": 0.8666, "name": "EF/0h/s1_shot_A_purple/ef_shot_A_purple_00005" },
					{ "time": 0.9, "name": "EF/0h/s1_shot_A_purple/ef_shot_A_purple_00006" },
					{ "time": 0.9333, "name": "EF/0h/s1_shot_A_purple/ef_shot_A_purple_00007" },
					{ "time": 0.9666, "name": "EF/0h/s1_shot_A_purple/ef_shot_A_purple_00008" },
					{ "time": 1, "name": "EF/0h/s1_shot_A_purple/ef_shot_A_purple_00009" },
					{ "time": 1.0333, "name": "EF/0h/s1_shot_A_purple/ef_shot_A_purple_00010" },
					{ "time": 1.0666, "name": "EF/0h/s1_shot_A_purple/ef_shot_A_purple_00011" },
					{ "time": 1.1, "name": "EF/0h/s1_shot_A_purple/ef_shot_A_purple_00012" },
					{ "time": 1.1333, "name": "EF/0h/s1_shot_A_purple/ef_shot_A_purple_00013" },
					{ "time": 1.1666, "name": null }
				]
			}
		},
		"bones": {
			"ef_smash_attack_A_purple": {
				"translate": [
					{ "time": 0.0666, "x": 261.26, "y": 94.59, "curve": "stepped" },
					{ "time": 0.7666, "x": 261.26, "y": 94.59 }
				],
				"scale": [
					{ "time": 0.0666, "x": 1, "y": 1 },
					{ "time": 0.1666, "x": 1.2, "y": 1.2, "curve": "stepped" },
					{ "time": 0.7666, "x": 1, "y": 1 },
					{ "time": 0.8666, "x": 1.2, "y": 1.2 }
				]
			},
			"ef_smash_sprash_B_purple": {
				"translate": [
					{ "time": 0.1, "x": 311.35, "y": 93.98, "curve": "stepped" },
					{ "time": 0.8, "x": 311.35, "y": 93.98 }
				],
				"scale": [
					{ "time": 0.2, "x": 1, "y": 1 },
					{ "time": 0.2666, "x": 1.058, "y": 1.058, "curve": "stepped" },
					{ "time": 0.8, "x": 1, "y": 1, "curve": "stepped" },
					{ "time": 0.9, "x": 1, "y": 1 },
					{ "time": 0.9666, "x": 1.058, "y": 1.058 }
				]
			},
			"ef_smash_wave_A_purple": {
				"translate": [
					{ "time": 0.0666, "x": 197.77, "y": 89.78, "curve": "stepped" },
					{ "time": 0.7666, "x": 197.77, "y": 89.78 }
				]
			},
			"ef_shot_A": {
				"translate": [
					{ "time": 0.0333, "x": -142.45, "y": 86.8, "curve": "stepped" },
					{ "time": 0.7333, "x": -139.86, "y": 86.8 }
				]
			},
			"DAMAGEAREA": {
				"translate": [
					{ "time": 0.1333, "x": -687.1, "y": 90.49 }
				],
				"scale": [
					{ "time": 0.1333, "x": 10.589, "y": 1.382 }
				]
			}
		},
		"events": [
			{ "time": 0, "name": "Event", "float": 0.2, "string": "kHitStopType_enemyonly" },
			{ "time": 0.0333, "name": "Event", "string": "setHitEffect(hit03e,1,1,0)" },
			{ "time": 0.0333, "name": "Sound", "string": "cri_se_battle_gun_burst" },
			{ "time": 0.1333, "name": "Event2", "string": "shakeGround" },
			{ "time": 0.7666, "name": "Event", "string": "resetHitList" },
			{ "time": 0.7666, "name": "Event2", "string": "shakeGround" }
		]
	}
}
}