{"skeleton":{"hash":"QaBQEghjmD70SWGL/iBWV4AoWwo","spine":"3.0.12","width":0,"height":0},"bones":[{"name":"root"},{"name":"EF_MAIN","parent":"root"},{"name":"EF_windslash1_6","parent":"EF_MAIN","x":300,"y":150},{"name":"EF_windslash1_5","parent":"EF_MAIN","x":300,"y":150},{"name":"EF_windslash1_4","parent":"EF_MAIN","x":300,"y":150},{"name":"EF_windslash1_3","parent":"EF_MAIN","x":300,"y":150},{"name":"EF_windslash1_2","parent":"EF_MAIN","x":300,"y":150},{"name":"EF_windslash1_1","parent":"EF_MAIN","x":300,"y":150},{"name":"EF_firetower1_6","parent":"EF_MAIN","x":350},{"name":"EF_firetower1_5","parent":"EF_MAIN","x":350},{"name":"EF_firetower1_4","parent":"EF_MAIN","x":350},{"name":"EF_firetower1_3","parent":"EF_MAIN","x":350},{"name":"EF_firetower1_2","parent":"EF_MAIN","x":350},{"name":"EF_firetower1_1","parent":"EF_MAIN","x":350},{"name":"EF_firecircle1_6","parent":"EF_MAIN","x":300},{"name":"EF_firecircle1_5","parent":"EF_MAIN","x":300},{"name":"EF_firecircle1_4","parent":"EF_MAIN","x":300},{"name":"EF_firecircle1_3","parent":"EF_MAIN","x":300},{"name":"EF_firecircle1_2","parent":"EF_MAIN","x":300},{"name":"EF_firecircle1_1","parent":"EF_MAIN","x":300},{"name":"EF_fire1_1","parent":"EF_MAIN","x":350,"y":50},{"name":"DAMAGEAREA","parent":"root"}],"slots":[{"name":"EF_firecircle1_1","bone":"EF_firecircle1_1","blend":"additive"},{"name":"EF_firecircle1_2","bone":"EF_firecircle1_2","blend":"additive"},{"name":"EF_firecircle1_3","bone":"EF_firecircle1_3","blend":"additive"},{"name":"EF_firecircle1_4","bone":"EF_firecircle1_4","blend":"additive"},{"name":"EF_firecircle1_5","bone":"EF_firecircle1_5","blend":"additive"},{"name":"EF_firecircle1_6","bone":"EF_firecircle1_6","blend":"additive"},{"name":"EF_fire1_1","bone":"EF_fire1_1","blend":"additive"},{"name":"EF_windslash1_1","bone":"EF_windslash1_1","blend":"additive"},{"name":"EF_windslash1_2","bone":"EF_windslash1_2","blend":"additive"},{"name":"EF_windslash1_3","bone":"EF_windslash1_3","blend":"additive"},{"name":"EF_windslash1_4","bone":"EF_windslash1_4","blend":"additive"},{"name":"EF_windslash1_5","bone":"EF_windslash1_5","blend":"additive"},{"name":"EF_windslash1_6","bone":"EF_windslash1_6","blend":"additive"},{"name":"EF_firetower1_1","bone":"EF_firetower1_1","blend":"additive"},{"name":"EF_firetower1_2","bone":"EF_firetower1_2","blend":"additive"},{"name":"EF_firetower1_3","bone":"EF_firetower1_3","blend":"additive"},{"name":"EF_firetower1_4","bone":"EF_firetower1_4","blend":"additive"},{"name":"EF_firetower1_5","bone":"EF_firetower1_5","blend":"additive"},{"name":"EF_firetower1_6","bone":"EF_firetower1_6","blend":"additive"},{"name":"DAMAGEAREA","bone":"DAMAGEAREA"}],"skins":{"default":{"DAMAGEAREA":{"DAMAGEAREA":{"type":"boundingbox","vertices":[-64.11719,62.96112,-64.11719,-65.12774,63.97171,-65.12774,63.97171,62.96112]}},"EF_fire1_1":{"EF/ef_fire_main/ef_fire_main_00003":{"x":26.55,"y":53.76,"width":160,"height":160},"EF/ef_fire_main/ef_fire_main_00004":{"x":26.55,"y":53.76,"width":160,"height":160},"EF/ef_fire_main/ef_fire_main_00005":{"x":26.55,"y":53.76,"width":160,"height":160},"EF/ef_fire_main/ef_fire_main_00006":{"x":26.55,"y":53.76,"width":160,"height":160},"EF/ef_fire_main/ef_fire_main_00007":{"x":26.55,"y":53.76,"width":160,"height":160},"EF/ef_fire_main/ef_fire_main_00008":{"x":26.55,"y":53.76,"width":160,"height":160},"EF/ef_fire_main/ef_fire_main_00009":{"x":26.55,"y":53.76,"width":160,"height":160},"EF/ef_fire_main/ef_fire_main_00010":{"x":26.55,"y":53.76,"width":160,"height":160}},"EF_firecircle1_1":{"EF/EF_firecircle2/ef_graund_fire_circle_main_00003":{"y":32.18,"width":180,"height":180},"EF/EF_firecircle2/ef_graund_fire_circle_main_00004":{"y":32.18,"width":180,"height":180},"EF/EF_firecircle2/ef_graund_fire_circle_main_00005":{"y":32.18,"width":180,"height":180},"EF/EF_firecircle2/ef_graund_fire_circle_main_00006":{"y":32.18,"width":180,"height":180},"EF/EF_firecircle2/ef_graund_fire_circle_main_00007":{"y":32.18,"width":180,"height":180},"EF/EF_firecircle2/ef_graund_fire_circle_main_00008":{"y":32.18,"width":180,"height":180},"EF/EF_firecircle2/ef_graund_fire_circle_main_00009":{"y":32.18,"width":180,"height":180},"EF/EF_firecircle2/ef_graund_fire_circle_main_00010":{"y":32.18,"width":180,"height":180},"EF/EF_firecircle2/ef_graund_fire_circle_main_00011":{"y":32.18,"width":180,"height":180},"EF/EF_firecircle2/ef_graund_fire_circle_main_00012":{"y":32.18,"width":180,"height":180},"EF/EF_firecircle2/ef_graund_fire_circle_main_00013":{"y":32.18,"width":180,"height":180},"EF/EF_firecircle2/ef_graund_fire_circle_main_00014":{"y":32.18,"width":180,"height":180}},"EF_firecircle1_2":{"EF/EF_firecircle2/ef_graund_fire_circle_main_00003":{"y":32.18,"width":180,"height":180},"EF/EF_firecircle2/ef_graund_fire_circle_main_00004":{"y":32.18,"width":180,"height":180},"EF/EF_firecircle2/ef_graund_fire_circle_main_00005":{"y":32.18,"width":180,"height":180},"EF/EF_firecircle2/ef_graund_fire_circle_main_00006":{"y":32.18,"width":180,"height":180},"EF/EF_firecircle2/ef_graund_fire_circle_main_00007":{"y":32.18,"width":180,"height":180},"EF/EF_firecircle2/ef_graund_fire_circle_main_00008":{"y":32.18,"width":180,"height":180},"EF/EF_firecircle2/ef_graund_fire_circle_main_00009":{"y":32.18,"width":180,"height":180},"EF/EF_firecircle2/ef_graund_fire_circle_main_00010":{"y":32.18,"width":180,"height":180},"EF/EF_firecircle2/ef_graund_fire_circle_main_00011":{"y":32.18,"width":180,"height":180},"EF/EF_firecircle2/ef_graund_fire_circle_main_00012":{"y":32.18,"width":180,"height":180},"EF/EF_firecircle2/ef_graund_fire_circle_main_00013":{"y":32.18,"width":180,"height":180},"EF/EF_firecircle2/ef_graund_fire_circle_main_00014":{"y":32.18,"width":180,"height":180}},"EF_firecircle1_3":{"EF/EF_firecircle2/ef_graund_fire_circle_main_00003":{"y":32.18,"width":180,"height":180},"EF/EF_firecircle2/ef_graund_fire_circle_main_00004":{"y":32.18,"width":180,"height":180},"EF/EF_firecircle2/ef_graund_fire_circle_main_00005":{"y":32.18,"width":180,"height":180},"EF/EF_firecircle2/ef_graund_fire_circle_main_00006":{"y":32.18,"width":180,"height":180},"EF/EF_firecircle2/ef_graund_fire_circle_main_00007":{"y":32.18,"width":180,"height":180},"EF/EF_firecircle2/ef_graund_fire_circle_main_00008":{"y":32.18,"width":180,"height":180},"EF/EF_firecircle2/ef_graund_fire_circle_main_00009":{"y":32.18,"width":180,"height":180},"EF/EF_firecircle2/ef_graund_fire_circle_main_00010":{"y":32.18,"width":180,"height":180},"EF/EF_firecircle2/ef_graund_fire_circle_main_00011":{"y":32.18,"width":180,"height":180},"EF/EF_firecircle2/ef_graund_fire_circle_main_00012":{"y":32.18,"width":180,"height":180},"EF/EF_firecircle2/ef_graund_fire_circle_main_00013":{"y":32.18,"width":180,"height":180},"EF/EF_firecircle2/ef_graund_fire_circle_main_00014":{"y":32.18,"width":180,"height":180}},"EF_firecircle1_4":{"EF/EF_firecircle2/ef_graund_fire_circle_main_00003":{"y":32.18,"width":180,"height":180},"EF/EF_firecircle2/ef_graund_fire_circle_main_00004":{"y":32.18,"width":180,"height":180},"EF/EF_firecircle2/ef_graund_fire_circle_main_00005":{"y":32.18,"width":180,"height":180},"EF/EF_firecircle2/ef_graund_fire_circle_main_00006":{"y":32.18,"width":180,"height":180},"EF/EF_firecircle2/ef_graund_fire_circle_main_00007":{"y":32.18,"width":180,"height":180},"EF/EF_firecircle2/ef_graund_fire_circle_main_00008":{"y":32.18,"width":180,"height":180},"EF/EF_firecircle2/ef_graund_fire_circle_main_00009":{"y":32.18,"width":180,"height":180},"EF/EF_firecircle2/ef_graund_fire_circle_main_00010":{"y":32.18,"width":180,"height":180},"EF/EF_firecircle2/ef_graund_fire_circle_main_00011":{"y":32.18,"width":180,"height":180},"EF/EF_firecircle2/ef_graund_fire_circle_main_00012":{"y":32.18,"width":180,"height":180},"EF/EF_firecircle2/ef_graund_fire_circle_main_00013":{"y":32.18,"width":180,"height":180},"EF/EF_firecircle2/ef_graund_fire_circle_main_00014":{"y":32.18,"width":180,"height":180}},"EF_firecircle1_5":{"EF/EF_firecircle2/ef_graund_fire_circle_main_00003":{"y":32.18,"width":180,"height":180},"EF/EF_firecircle2/ef_graund_fire_circle_main_00004":{"y":32.18,"width":180,"height":180},"EF/EF_firecircle2/ef_graund_fire_circle_main_00005":{"y":32.18,"width":180,"height":180},"EF/EF_firecircle2/ef_graund_fire_circle_main_00006":{"y":32.18,"width":180,"height":180},"EF/EF_firecircle2/ef_graund_fire_circle_main_00007":{"y":32.18,"width":180,"height":180},"EF/EF_firecircle2/ef_graund_fire_circle_main_00008":{"y":32.18,"width":180,"height":180},"EF/EF_firecircle2/ef_graund_fire_circle_main_00009":{"y":32.18,"width":180,"height":180},"EF/EF_firecircle2/ef_graund_fire_circle_main_00010":{"y":32.18,"width":180,"height":180},"EF/EF_firecircle2/ef_graund_fire_circle_main_00011":{"y":32.18,"width":180,"height":180},"EF/EF_firecircle2/ef_graund_fire_circle_main_00012":{"y":32.18,"width":180,"height":180},"EF/EF_firecircle2/ef_graund_fire_circle_main_00013":{"y":32.18,"width":180,"height":180},"EF/EF_firecircle2/ef_graund_fire_circle_main_00014":{"y":32.18,"width":180,"height":180}},"EF_firecircle1_6":{"EF/EF_firecircle2/ef_graund_fire_circle_main_00003":{"y":32.18,"width":180,"height":180},"EF/EF_firecircle2/ef_graund_fire_circle_main_00004":{"y":32.18,"width":180,"height":180},"EF/EF_firecircle2/ef_graund_fire_circle_main_00005":{"y":32.18,"width":180,"height":180},"EF/EF_firecircle2/ef_graund_fire_circle_main_00006":{"y":32.18,"width":180,"height":180},"EF/EF_firecircle2/ef_graund_fire_circle_main_00007":{"y":32.18,"width":180,"height":180},"EF/EF_firecircle2/ef_graund_fire_circle_main_00008":{"y":32.18,"width":180,"height":180},"EF/EF_firecircle2/ef_graund_fire_circle_main_00009":{"y":32.18,"width":180,"height":180},"EF/EF_firecircle2/ef_graund_fire_circle_main_00010":{"y":32.18,"width":180,"height":180},"EF/EF_firecircle2/ef_graund_fire_circle_main_00011":{"y":32.18,"width":180,"height":180},"EF/EF_firecircle2/ef_graund_fire_circle_main_00012":{"y":32.18,"width":180,"height":180},"EF/EF_firecircle2/ef_graund_fire_circle_main_00013":{"y":32.18,"width":180,"height":180},"EF/EF_firecircle2/ef_graund_fire_circle_main_00014":{"y":32.18,"width":180,"height":180}},"EF_firetower1_1":{"EF/ef_tower_short_main/ef_tower_00":{"y":91.45,"width":192,"height":208},"EF/ef_tower_short_main/ef_tower_01":{"y":91.45,"width":192,"height":208},"EF/ef_tower_short_main/ef_tower_02":{"y":91.45,"width":192,"height":208},"EF/ef_tower_short_main/ef_tower_04":{"y":91.45,"width":192,"height":208},"EF/ef_tower_short_main/ef_tower_06":{"y":91.45,"width":192,"height":208},"EF/ef_tower_short_main/ef_tower_14":{"y":91.45,"width":192,"height":208},"EF/ef_tower_short_main/ef_tower_15":{"y":91.45,"width":192,"height":208},"EF/ef_tower_short_main/ef_tower_16":{"y":91.45,"width":192,"height":208},"EF/ef_tower_short_main/ef_tower_17":{"y":91.45,"width":192,"height":208}},"EF_firetower1_2":{"EF/ef_tower_short_main/ef_tower_00":{"y":91.45,"width":192,"height":208},"EF/ef_tower_short_main/ef_tower_01":{"y":91.45,"width":192,"height":208},"EF/ef_tower_short_main/ef_tower_02":{"y":91.45,"width":192,"height":208},"EF/ef_tower_short_main/ef_tower_04":{"y":91.45,"width":192,"height":208},"EF/ef_tower_short_main/ef_tower_06":{"y":91.45,"width":192,"height":208},"EF/ef_tower_short_main/ef_tower_14":{"y":91.45,"width":192,"height":208},"EF/ef_tower_short_main/ef_tower_15":{"y":91.45,"width":192,"height":208},"EF/ef_tower_short_main/ef_tower_16":{"y":91.45,"width":192,"height":208},"EF/ef_tower_short_main/ef_tower_17":{"y":91.45,"width":192,"height":208}},"EF_firetower1_3":{"EF/ef_tower_short_main/ef_tower_00":{"y":91.45,"width":192,"height":208},"EF/ef_tower_short_main/ef_tower_01":{"y":91.45,"width":192,"height":208},"EF/ef_tower_short_main/ef_tower_02":{"y":91.45,"width":192,"height":208},"EF/ef_tower_short_main/ef_tower_04":{"y":91.45,"width":192,"height":208},"EF/ef_tower_short_main/ef_tower_06":{"y":91.45,"width":192,"height":208},"EF/ef_tower_short_main/ef_tower_14":{"y":91.45,"width":192,"height":208},"EF/ef_tower_short_main/ef_tower_15":{"y":91.45,"width":192,"height":208},"EF/ef_tower_short_main/ef_tower_16":{"y":91.45,"width":192,"height":208},"EF/ef_tower_short_main/ef_tower_17":{"y":91.45,"width":192,"height":208}},"EF_firetower1_4":{"EF/ef_tower_short_main/ef_tower_00":{"y":91.45,"width":192,"height":208},"EF/ef_tower_short_main/ef_tower_01":{"y":91.45,"width":192,"height":208},"EF/ef_tower_short_main/ef_tower_02":{"y":91.45,"width":192,"height":208},"EF/ef_tower_short_main/ef_tower_04":{"y":91.45,"width":192,"height":208},"EF/ef_tower_short_main/ef_tower_06":{"y":91.45,"width":192,"height":208},"EF/ef_tower_short_main/ef_tower_14":{"y":91.45,"width":192,"height":208},"EF/ef_tower_short_main/ef_tower_15":{"y":91.45,"width":192,"height":208},"EF/ef_tower_short_main/ef_tower_16":{"y":91.45,"width":192,"height":208},"EF/ef_tower_short_main/ef_tower_17":{"y":91.45,"width":192,"height":208}},"EF_firetower1_5":{"EF/ef_tower_short_main/ef_tower_00":{"y":91.45,"width":192,"height":208},"EF/ef_tower_short_main/ef_tower_01":{"y":91.45,"width":192,"height":208},"EF/ef_tower_short_main/ef_tower_02":{"y":91.45,"width":192,"height":208},"EF/ef_tower_short_main/ef_tower_04":{"y":91.45,"width":192,"height":208},"EF/ef_tower_short_main/ef_tower_06":{"y":91.45,"width":192,"height":208},"EF/ef_tower_short_main/ef_tower_14":{"y":91.45,"width":192,"height":208},"EF/ef_tower_short_main/ef_tower_15":{"y":91.45,"width":192,"height":208},"EF/ef_tower_short_main/ef_tower_16":{"y":91.45,"width":192,"height":208},"EF/ef_tower_short_main/ef_tower_17":{"y":91.45,"width":192,"height":208}},"EF_firetower1_6":{"EF/ef_tower_short_main/ef_tower_00":{"y":91.45,"width":192,"height":208},"EF/ef_tower_short_main/ef_tower_01":{"y":91.45,"width":192,"height":208},"EF/ef_tower_short_main/ef_tower_02":{"y":91.45,"width":192,"height":208},"EF/ef_tower_short_main/ef_tower_04":{"y":91.45,"width":192,"height":208},"EF/ef_tower_short_main/ef_tower_06":{"y":91.45,"width":192,"height":208},"EF/ef_tower_short_main/ef_tower_14":{"y":91.45,"width":192,"height":208},"EF/ef_tower_short_main/ef_tower_15":{"y":91.45,"width":192,"height":208},"EF/ef_tower_short_main/ef_tower_16":{"y":91.45,"width":192,"height":208},"EF/ef_tower_short_main/ef_tower_17":{"y":91.45,"width":192,"height":208}},"EF_windslash1_1":{"EF/ef_wind_slash_main/ef_wind_slash_main_00001":{"width":200,"height":200},"EF/ef_wind_slash_main/ef_wind_slash_main_00002":{"width":200,"height":200},"EF/ef_wind_slash_main/ef_wind_slash_main_00003":{"width":200,"height":200},"EF/ef_wind_slash_main/ef_wind_slash_main_00004":{"width":200,"height":200},"EF/ef_wind_slash_main/ef_wind_slash_main_00005":{"width":200,"height":200},"EF/ef_wind_slash_main/ef_wind_slash_main_00006":{"width":200,"height":200},"EF/ef_wind_slash_main/ef_wind_slash_main_00007":{"width":200,"height":200},"EF/ef_wind_slash_main/ef_wind_slash_main_00008":{"width":200,"height":200},"EF/ef_wind_slash_main/ef_wind_slash_main_00009":{"width":200,"height":200},"EF/ef_wind_slash_main/ef_wind_slash_main_00010":{"width":200,"height":200},"EF/ef_wind_slash_main/ef_wind_slash_main_00011":{"width":200,"height":200}},"EF_windslash1_2":{"EF/ef_wind_slash_main/ef_wind_slash_main_00001":{"width":200,"height":200},"EF/ef_wind_slash_main/ef_wind_slash_main_00002":{"width":200,"height":200},"EF/ef_wind_slash_main/ef_wind_slash_main_00003":{"width":200,"height":200},"EF/ef_wind_slash_main/ef_wind_slash_main_00004":{"width":200,"height":200},"EF/ef_wind_slash_main/ef_wind_slash_main_00005":{"width":200,"height":200},"EF/ef_wind_slash_main/ef_wind_slash_main_00006":{"width":200,"height":200},"EF/ef_wind_slash_main/ef_wind_slash_main_00007":{"width":200,"height":200},"EF/ef_wind_slash_main/ef_wind_slash_main_00008":{"width":200,"height":200},"EF/ef_wind_slash_main/ef_wind_slash_main_00009":{"width":200,"height":200},"EF/ef_wind_slash_main/ef_wind_slash_main_00010":{"width":200,"height":200},"EF/ef_wind_slash_main/ef_wind_slash_main_00011":{"width":200,"height":200}},"EF_windslash1_3":{"EF/ef_wind_slash_main/ef_wind_slash_main_00001":{"width":200,"height":200},"EF/ef_wind_slash_main/ef_wind_slash_main_00002":{"width":200,"height":200},"EF/ef_wind_slash_main/ef_wind_slash_main_00003":{"width":200,"height":200},"EF/ef_wind_slash_main/ef_wind_slash_main_00004":{"width":200,"height":200},"EF/ef_wind_slash_main/ef_wind_slash_main_00005":{"width":200,"height":200},"EF/ef_wind_slash_main/ef_wind_slash_main_00006":{"width":200,"height":200},"EF/ef_wind_slash_main/ef_wind_slash_main_00007":{"width":200,"height":200},"EF/ef_wind_slash_main/ef_wind_slash_main_00008":{"width":200,"height":200},"EF/ef_wind_slash_main/ef_wind_slash_main_00009":{"width":200,"height":200},"EF/ef_wind_slash_main/ef_wind_slash_main_00010":{"width":200,"height":200},"EF/ef_wind_slash_main/ef_wind_slash_main_00011":{"width":200,"height":200}},"EF_windslash1_4":{"EF/ef_wind_slash_main/ef_wind_slash_main_00001":{"width":200,"height":200},"EF/ef_wind_slash_main/ef_wind_slash_main_00002":{"width":200,"height":200},"EF/ef_wind_slash_main/ef_wind_slash_main_00003":{"width":200,"height":200},"EF/ef_wind_slash_main/ef_wind_slash_main_00004":{"width":200,"height":200},"EF/ef_wind_slash_main/ef_wind_slash_main_00005":{"width":200,"height":200},"EF/ef_wind_slash_main/ef_wind_slash_main_00006":{"width":200,"height":200},"EF/ef_wind_slash_main/ef_wind_slash_main_00007":{"width":200,"height":200},"EF/ef_wind_slash_main/ef_wind_slash_main_00008":{"width":200,"height":200},"EF/ef_wind_slash_main/ef_wind_slash_main_00009":{"width":200,"height":200},"EF/ef_wind_slash_main/ef_wind_slash_main_00010":{"width":200,"height":200},"EF/ef_wind_slash_main/ef_wind_slash_main_00011":{"width":200,"height":200}},"EF_windslash1_5":{"EF/ef_wind_slash_main/ef_wind_slash_main_00001":{"width":200,"height":200},"EF/ef_wind_slash_main/ef_wind_slash_main_00002":{"width":200,"height":200},"EF/ef_wind_slash_main/ef_wind_slash_main_00003":{"width":200,"height":200},"EF/ef_wind_slash_main/ef_wind_slash_main_00004":{"width":200,"height":200},"EF/ef_wind_slash_main/ef_wind_slash_main_00005":{"width":200,"height":200},"EF/ef_wind_slash_main/ef_wind_slash_main_00006":{"width":200,"height":200},"EF/ef_wind_slash_main/ef_wind_slash_main_00007":{"width":200,"height":200},"EF/ef_wind_slash_main/ef_wind_slash_main_00008":{"width":200,"height":200},"EF/ef_wind_slash_main/ef_wind_slash_main_00009":{"width":200,"height":200},"EF/ef_wind_slash_main/ef_wind_slash_main_00010":{"width":200,"height":200},"EF/ef_wind_slash_main/ef_wind_slash_main_00011":{"width":200,"height":200}},"EF_windslash1_6":{"EF/ef_wind_slash_main/ef_wind_slash_main_00001":{"width":200,"height":200},"EF/ef_wind_slash_main/ef_wind_slash_main_00002":{"width":200,"height":200},"EF/ef_wind_slash_main/ef_wind_slash_main_00003":{"width":200,"height":200},"EF/ef_wind_slash_main/ef_wind_slash_main_00004":{"width":200,"height":200},"EF/ef_wind_slash_main/ef_wind_slash_main_00005":{"width":200,"height":200},"EF/ef_wind_slash_main/ef_wind_slash_main_00006":{"width":200,"height":200},"EF/ef_wind_slash_main/ef_wind_slash_main_00007":{"width":200,"height":200},"EF/ef_wind_slash_main/ef_wind_slash_main_00008":{"width":200,"height":200},"EF/ef_wind_slash_main/ef_wind_slash_main_00009":{"width":200,"height":200},"EF/ef_wind_slash_main/ef_wind_slash_main_00010":{"width":200,"height":200},"EF/ef_wind_slash_main/ef_wind_slash_main_00011":{"width":200,"height":200}}}},"events":{"Event":{},"Event2":{},"Hit":{},"Sound1":{},"Sound2":{}},"animations":{"attack1":{"slots":{"DAMAGEAREA":{"attachment":[{"time":0.4333,"name":"DAMAGEAREA"},{"time":0.9,"name":null}]},"EF_fire1_1":{"attachment":[{"time":0.2666,"name":"EF/ef_fire_main/ef_fire_main_00003"},{"time":0.3,"name":"EF/ef_fire_main/ef_fire_main_00004"},{"time":0.3333,"name":"EF/ef_fire_main/ef_fire_main_00005"},{"time":0.3666,"name":"EF/ef_fire_main/ef_fire_main_00006"},{"time":0.4,"name":"EF/ef_fire_main/ef_fire_main_00007"},{"time":0.4333,"name":"EF/ef_fire_main/ef_fire_main_00008"},{"time":0.4666,"name":"EF/ef_fire_main/ef_fire_main_00009"},{"time":0.5,"name":"EF/ef_fire_main/ef_fire_main_00010"},{"time":0.5333,"name":null}]},"EF_firecircle1_1":{"attachment":[{"time":0.3666,"name":"EF/EF_firecircle2/ef_graund_fire_circle_main_00003"},{"time":0.4,"name":"EF/EF_firecircle2/ef_graund_fire_circle_main_00004"},{"time":0.4333,"name":"EF/EF_firecircle2/ef_graund_fire_circle_main_00005"},{"time":0.4666,"name":"EF/EF_firecircle2/ef_graund_fire_circle_main_00006"},{"time":0.5,"name":"EF/EF_firecircle2/ef_graund_fire_circle_main_00007"},{"time":0.5333,"name":"EF/EF_firecircle2/ef_graund_fire_circle_main_00008"},{"time":0.5666,"name":"EF/EF_firecircle2/ef_graund_fire_circle_main_00009"},{"time":0.6,"name":"EF/EF_firecircle2/ef_graund_fire_circle_main_00010"},{"time":0.6333,"name":"EF/EF_firecircle2/ef_graund_fire_circle_main_00011"},{"time":0.6666,"name":"EF/EF_firecircle2/ef_graund_fire_circle_main_00012"},{"time":0.7,"name":"EF/EF_firecircle2/ef_graund_fire_circle_main_00013"},{"time":0.7333,"name":"EF/EF_firecircle2/ef_graund_fire_circle_main_00014"},{"time":0.7666,"name":null}]},"EF_firecircle1_2":{"attachment":[{"time":0.4333,"name":"EF/EF_firecircle2/ef_graund_fire_circle_main_00003"},{"time":0.4666,"name":"EF/EF_firecircle2/ef_graund_fire_circle_main_00004"},{"time":0.5,"name":"EF/EF_firecircle2/ef_graund_fire_circle_main_00005"},{"time":0.5333,"name":"EF/EF_firecircle2/ef_graund_fire_circle_main_00006"},{"time":0.5666,"name":"EF/EF_firecircle2/ef_graund_fire_circle_main_00007"},{"time":0.6,"name":"EF/EF_firecircle2/ef_graund_fire_circle_main_00008"},{"time":0.6333,"name":"EF/EF_firecircle2/ef_graund_fire_circle_main_00009"},{"time":0.6666,"name":"EF/EF_firecircle2/ef_graund_fire_circle_main_00010"},{"time":0.7,"name":"EF/EF_firecircle2/ef_graund_fire_circle_main_00011"},{"time":0.7333,"name":"EF/EF_firecircle2/ef_graund_fire_circle_main_00012"},{"time":0.7666,"name":"EF/EF_firecircle2/ef_graund_fire_circle_main_00013"},{"time":0.8,"name":"EF/EF_firecircle2/ef_graund_fire_circle_main_00014"},{"time":0.8333,"name":null}]},"EF_firecircle1_3":{"attachment":[{"time":0.5,"name":"EF/EF_firecircle2/ef_graund_fire_circle_main_00003"},{"time":0.5333,"name":"EF/EF_firecircle2/ef_graund_fire_circle_main_00004"},{"time":0.5666,"name":"EF/EF_firecircle2/ef_graund_fire_circle_main_00005"},{"time":0.6,"name":"EF/EF_firecircle2/ef_graund_fire_circle_main_00006"},{"time":0.6333,"name":"EF/EF_firecircle2/ef_graund_fire_circle_main_00007"},{"time":0.6666,"name":"EF/EF_firecircle2/ef_graund_fire_circle_main_00008"},{"time":0.7,"name":"EF/EF_firecircle2/ef_graund_fire_circle_main_00009"},{"time":0.7333,"name":"EF/EF_firecircle2/ef_graund_fire_circle_main_00010"},{"time":0.7666,"name":"EF/EF_firecircle2/ef_graund_fire_circle_main_00011"},{"time":0.8,"name":"EF/EF_firecircle2/ef_graund_fire_circle_main_00012"},{"time":0.8333,"name":"EF/EF_firecircle2/ef_graund_fire_circle_main_00013"},{"time":0.8666,"name":"EF/EF_firecircle2/ef_graund_fire_circle_main_00014"},{"time":0.9,"name":null}]},"EF_firecircle1_4":{"attachment":[{"time":0.5666,"name":"EF/EF_firecircle2/ef_graund_fire_circle_main_00003"},{"time":0.6,"name":"EF/EF_firecircle2/ef_graund_fire_circle_main_00004"},{"time":0.6333,"name":"EF/EF_firecircle2/ef_graund_fire_circle_main_00005"},{"time":0.6666,"name":"EF/EF_firecircle2/ef_graund_fire_circle_main_00006"},{"time":0.7,"name":"EF/EF_firecircle2/ef_graund_fire_circle_main_00007"},{"time":0.7333,"name":"EF/EF_firecircle2/ef_graund_fire_circle_main_00008"},{"time":0.7666,"name":"EF/EF_firecircle2/ef_graund_fire_circle_main_00009"},{"time":0.8,"name":"EF/EF_firecircle2/ef_graund_fire_circle_main_00010"},{"time":0.8333,"name":"EF/EF_firecircle2/ef_graund_fire_circle_main_00011"},{"time":0.8666,"name":"EF/EF_firecircle2/ef_graund_fire_circle_main_00012"},{"time":0.9,"name":"EF/EF_firecircle2/ef_graund_fire_circle_main_00013"},{"time":0.9333,"name":"EF/EF_firecircle2/ef_graund_fire_circle_main_00014"},{"time":0.9666,"name":null}]},"EF_firecircle1_5":{"attachment":[{"time":0.6333,"name":"EF/EF_firecircle2/ef_graund_fire_circle_main_00003"},{"time":0.6666,"name":"EF/EF_firecircle2/ef_graund_fire_circle_main_00004"},{"time":0.7,"name":"EF/EF_firecircle2/ef_graund_fire_circle_main_00005"},{"time":0.7333,"name":"EF/EF_firecircle2/ef_graund_fire_circle_main_00006"},{"time":0.7666,"name":"EF/EF_firecircle2/ef_graund_fire_circle_main_00007"},{"time":0.8,"name":"EF/EF_firecircle2/ef_graund_fire_circle_main_00008"},{"time":0.8333,"name":"EF/EF_firecircle2/ef_graund_fire_circle_main_00009"},{"time":0.8666,"name":"EF/EF_firecircle2/ef_graund_fire_circle_main_00010"},{"time":0.9,"name":"EF/EF_firecircle2/ef_graund_fire_circle_main_00011"},{"time":0.9333,"name":"EF/EF_firecircle2/ef_graund_fire_circle_main_00012"},{"time":0.9666,"name":"EF/EF_firecircle2/ef_graund_fire_circle_main_00013"},{"time":1,"name":"EF/EF_firecircle2/ef_graund_fire_circle_main_00014"},{"time":1.0333,"name":null}]},"EF_firecircle1_6":{"attachment":[{"time":0.7,"name":"EF/EF_firecircle2/ef_graund_fire_circle_main_00003"},{"time":0.7333,"name":"EF/EF_firecircle2/ef_graund_fire_circle_main_00004"},{"time":0.7666,"name":"EF/EF_firecircle2/ef_graund_fire_circle_main_00005"},{"time":0.8,"name":"EF/EF_firecircle2/ef_graund_fire_circle_main_00006"},{"time":0.8333,"name":"EF/EF_firecircle2/ef_graund_fire_circle_main_00007"},{"time":0.8666,"name":"EF/EF_firecircle2/ef_graund_fire_circle_main_00008"},{"time":0.9,"name":"EF/EF_firecircle2/ef_graund_fire_circle_main_00009"},{"time":0.9333,"name":"EF/EF_firecircle2/ef_graund_fire_circle_main_00010"},{"time":0.9666,"name":"EF/EF_firecircle2/ef_graund_fire_circle_main_00011"},{"time":1,"name":"EF/EF_firecircle2/ef_graund_fire_circle_main_00012"},{"time":1.0333,"name":"EF/EF_firecircle2/ef_graund_fire_circle_main_00013"},{"time":1.0666,"name":"EF/EF_firecircle2/ef_graund_fire_circle_main_00014"},{"time":1.1,"name":null}]},"EF_firetower1_1":{"attachment":[{"time":0.4,"name":"EF/ef_tower_short_main/ef_tower_00"},{"time":0.4333,"name":"EF/ef_tower_short_main/ef_tower_01"},{"time":0.4666,"name":"EF/ef_tower_short_main/ef_tower_02"},{"time":0.5,"name":"EF/ef_tower_short_main/ef_tower_04"},{"time":0.5333,"name":"EF/ef_tower_short_main/ef_tower_06"},{"time":0.6,"name":"EF/ef_tower_short_main/ef_tower_14"},{"time":0.6666,"name":"EF/ef_tower_short_main/ef_tower_15"},{"time":0.7333,"name":"EF/ef_tower_short_main/ef_tower_16"},{"time":0.8,"name":"EF/ef_tower_short_main/ef_tower_17"},{"time":0.8666,"name":null}],"color":[{"time":0.4,"color":"ffffffff","curve":"stepped"},{"time":0.7,"color":"ffffffff"},{"time":0.8666,"color":"ffffff00"}]},"EF_firetower1_2":{"attachment":[{"time":0.4666,"name":"EF/ef_tower_short_main/ef_tower_00"},{"time":0.5,"name":"EF/ef_tower_short_main/ef_tower_01"},{"time":0.5333,"name":"EF/ef_tower_short_main/ef_tower_02"},{"time":0.5666,"name":"EF/ef_tower_short_main/ef_tower_04"},{"time":0.6,"name":"EF/ef_tower_short_main/ef_tower_06"},{"time":0.6666,"name":"EF/ef_tower_short_main/ef_tower_14"},{"time":0.7333,"name":"EF/ef_tower_short_main/ef_tower_15"},{"time":0.8,"name":"EF/ef_tower_short_main/ef_tower_16"},{"time":0.8666,"name":"EF/ef_tower_short_main/ef_tower_17"},{"time":0.9333,"name":null}],"color":[{"time":0.4666,"color":"ffffffff","curve":"stepped"},{"time":0.7666,"color":"ffffffff"},{"time":0.9333,"color":"ffffff00"}]},"EF_firetower1_3":{"attachment":[{"time":0.5333,"name":"EF/ef_tower_short_main/ef_tower_00"},{"time":0.5666,"name":"EF/ef_tower_short_main/ef_tower_01"},{"time":0.6,"name":"EF/ef_tower_short_main/ef_tower_02"},{"time":0.6333,"name":"EF/ef_tower_short_main/ef_tower_04"},{"time":0.6666,"name":"EF/ef_tower_short_main/ef_tower_06"},{"time":0.7333,"name":"EF/ef_tower_short_main/ef_tower_14"},{"time":0.8,"name":"EF/ef_tower_short_main/ef_tower_15"},{"time":0.8666,"name":"EF/ef_tower_short_main/ef_tower_16"},{"time":0.9333,"name":"EF/ef_tower_short_main/ef_tower_17"},{"time":1,"name":null}],"color":[{"time":0.5333,"color":"ffffffff","curve":"stepped"},{"time":0.8333,"color":"ffffffff"},{"time":1,"color":"ffffff00"}]},"EF_firetower1_4":{"attachment":[{"time":0.6,"name":"EF/ef_tower_short_main/ef_tower_00"},{"time":0.6333,"name":"EF/ef_tower_short_main/ef_tower_01"},{"time":0.6666,"name":"EF/ef_tower_short_main/ef_tower_02"},{"time":0.7,"name":"EF/ef_tower_short_main/ef_tower_04"},{"time":0.7333,"name":"EF/ef_tower_short_main/ef_tower_06"},{"time":0.8,"name":"EF/ef_tower_short_main/ef_tower_14"},{"time":0.8666,"name":"EF/ef_tower_short_main/ef_tower_15"},{"time":0.9333,"name":"EF/ef_tower_short_main/ef_tower_16"},{"time":1,"name":"EF/ef_tower_short_main/ef_tower_17"},{"time":1.0666,"name":null}],"color":[{"time":0.6,"color":"ffffffff","curve":"stepped"},{"time":0.9,"color":"ffffffff"},{"time":1.0666,"color":"ffffff00"}]},"EF_firetower1_5":{"attachment":[{"time":0.6666,"name":"EF/ef_tower_short_main/ef_tower_00"},{"time":0.7,"name":"EF/ef_tower_short_main/ef_tower_01"},{"time":0.7333,"name":"EF/ef_tower_short_main/ef_tower_02"},{"time":0.7666,"name":"EF/ef_tower_short_main/ef_tower_04"},{"time":0.8,"name":"EF/ef_tower_short_main/ef_tower_06"},{"time":0.8666,"name":"EF/ef_tower_short_main/ef_tower_14"},{"time":0.9333,"name":"EF/ef_tower_short_main/ef_tower_15"},{"time":1,"name":"EF/ef_tower_short_main/ef_tower_16"},{"time":1.0666,"name":"EF/ef_tower_short_main/ef_tower_17"},{"time":1.1333,"name":null}],"color":[{"time":0.6666,"color":"ffffffff","curve":"stepped"},{"time":0.9666,"color":"ffffffff"},{"time":1.1333,"color":"ffffff00"}]},"EF_firetower1_6":{"attachment":[{"time":0.7333,"name":"EF/ef_tower_short_main/ef_tower_00"},{"time":0.7666,"name":"EF/ef_tower_short_main/ef_tower_01"},{"time":0.8,"name":"EF/ef_tower_short_main/ef_tower_02"},{"time":0.8333,"name":"EF/ef_tower_short_main/ef_tower_04"},{"time":0.8666,"name":"EF/ef_tower_short_main/ef_tower_06"},{"time":0.9333,"name":"EF/ef_tower_short_main/ef_tower_14"},{"time":1,"name":"EF/ef_tower_short_main/ef_tower_15"},{"time":1.0666,"name":"EF/ef_tower_short_main/ef_tower_16"},{"time":1.1333,"name":"EF/ef_tower_short_main/ef_tower_17"},{"time":1.2,"name":null}],"color":[{"time":0.7333,"color":"ffffffff","curve":"stepped"},{"time":1.0333,"color":"ffffffff"},{"time":1.2,"color":"ffffff00"}]},"EF_windslash1_1":{"attachment":[{"time":0.4666,"name":"EF/ef_wind_slash_main/ef_wind_slash_main_00001"},{"time":0.5,"name":"EF/ef_wind_slash_main/ef_wind_slash_main_00002"},{"time":0.5333,"name":"EF/ef_wind_slash_main/ef_wind_slash_main_00003"},{"time":0.5666,"name":"EF/ef_wind_slash_main/ef_wind_slash_main_00004"},{"time":0.6,"name":"EF/ef_wind_slash_main/ef_wind_slash_main_00005"},{"time":0.6333,"name":"EF/ef_wind_slash_main/ef_wind_slash_main_00006"},{"time":0.6666,"name":"EF/ef_wind_slash_main/ef_wind_slash_main_00007"},{"time":0.7,"name":"EF/ef_wind_slash_main/ef_wind_slash_main_00008"},{"time":0.7333,"name":"EF/ef_wind_slash_main/ef_wind_slash_main_00009"},{"time":0.7666,"name":"EF/ef_wind_slash_main/ef_wind_slash_main_00010"},{"time":0.8,"name":"EF/ef_wind_slash_main/ef_wind_slash_main_00011"},{"time":0.8333,"name":null}]},"EF_windslash1_2":{"attachment":[{"time":0.5333,"name":"EF/ef_wind_slash_main/ef_wind_slash_main_00001"},{"time":0.5666,"name":"EF/ef_wind_slash_main/ef_wind_slash_main_00002"},{"time":0.6,"name":"EF/ef_wind_slash_main/ef_wind_slash_main_00003"},{"time":0.6333,"name":"EF/ef_wind_slash_main/ef_wind_slash_main_00004"},{"time":0.6666,"name":"EF/ef_wind_slash_main/ef_wind_slash_main_00005"},{"time":0.7,"name":"EF/ef_wind_slash_main/ef_wind_slash_main_00006"},{"time":0.7333,"name":"EF/ef_wind_slash_main/ef_wind_slash_main_00007"},{"time":0.7666,"name":"EF/ef_wind_slash_main/ef_wind_slash_main_00008"},{"time":0.8,"name":"EF/ef_wind_slash_main/ef_wind_slash_main_00009"},{"time":0.8333,"name":"EF/ef_wind_slash_main/ef_wind_slash_main_00010"},{"time":0.8666,"name":"EF/ef_wind_slash_main/ef_wind_slash_main_00011"},{"time":0.9,"name":null}]},"EF_windslash1_3":{"attachment":[{"time":0.6,"name":"EF/ef_wind_slash_main/ef_wind_slash_main_00001"},{"time":0.6333,"name":"EF/ef_wind_slash_main/ef_wind_slash_main_00002"},{"time":0.6666,"name":"EF/ef_wind_slash_main/ef_wind_slash_main_00003"},{"time":0.7,"name":"EF/ef_wind_slash_main/ef_wind_slash_main_00004"},{"time":0.7333,"name":"EF/ef_wind_slash_main/ef_wind_slash_main_00005"},{"time":0.7666,"name":"EF/ef_wind_slash_main/ef_wind_slash_main_00006"},{"time":0.8,"name":"EF/ef_wind_slash_main/ef_wind_slash_main_00007"},{"time":0.8333,"name":"EF/ef_wind_slash_main/ef_wind_slash_main_00008"},{"time":0.8666,"name":"EF/ef_wind_slash_main/ef_wind_slash_main_00009"},{"time":0.9,"name":"EF/ef_wind_slash_main/ef_wind_slash_main_00010"},{"time":0.9333,"name":"EF/ef_wind_slash_main/ef_wind_slash_main_00011"},{"time":0.9666,"name":null}]},"EF_windslash1_4":{"attachment":[{"time":0.6666,"name":"EF/ef_wind_slash_main/ef_wind_slash_main_00001"},{"time":0.7,"name":"EF/ef_wind_slash_main/ef_wind_slash_main_00002"},{"time":0.7333,"name":"EF/ef_wind_slash_main/ef_wind_slash_main_00003"},{"time":0.7666,"name":"EF/ef_wind_slash_main/ef_wind_slash_main_00004"},{"time":0.8,"name":"EF/ef_wind_slash_main/ef_wind_slash_main_00005"},{"time":0.8333,"name":"EF/ef_wind_slash_main/ef_wind_slash_main_00006"},{"time":0.8666,"name":"EF/ef_wind_slash_main/ef_wind_slash_main_00007"},{"time":0.9,"name":"EF/ef_wind_slash_main/ef_wind_slash_main_00008"},{"time":0.9333,"name":"EF/ef_wind_slash_main/ef_wind_slash_main_00009"},{"time":0.9666,"name":"EF/ef_wind_slash_main/ef_wind_slash_main_00010"},{"time":1,"name":"EF/ef_wind_slash_main/ef_wind_slash_main_00011"},{"time":1.0333,"name":null}]},"EF_windslash1_5":{"attachment":[{"time":0.7333,"name":"EF/ef_wind_slash_main/ef_wind_slash_main_00001"},{"time":0.7666,"name":"EF/ef_wind_slash_main/ef_wind_slash_main_00002"},{"time":0.8,"name":"EF/ef_wind_slash_main/ef_wind_slash_main_00003"},{"time":0.8333,"name":"EF/ef_wind_slash_main/ef_wind_slash_main_00004"},{"time":0.8666,"name":"EF/ef_wind_slash_main/ef_wind_slash_main_00005"},{"time":0.9,"name":"EF/ef_wind_slash_main/ef_wind_slash_main_00006"},{"time":0.9333,"name":"EF/ef_wind_slash_main/ef_wind_slash_main_00007"},{"time":0.9666,"name":"EF/ef_wind_slash_main/ef_wind_slash_main_00008"},{"time":1,"name":"EF/ef_wind_slash_main/ef_wind_slash_main_00009"},{"time":1.0333,"name":"EF/ef_wind_slash_main/ef_wind_slash_main_00010"},{"time":1.0666,"name":"EF/ef_wind_slash_main/ef_wind_slash_main_00011"},{"time":1.1,"name":null}]},"EF_windslash1_6":{"attachment":[{"time":0.8,"name":"EF/ef_wind_slash_main/ef_wind_slash_main_00001"},{"time":0.8333,"name":"EF/ef_wind_slash_main/ef_wind_slash_main_00002"},{"time":0.8666,"name":"EF/ef_wind_slash_main/ef_wind_slash_main_00003"},{"time":0.9,"name":"EF/ef_wind_slash_main/ef_wind_slash_main_00004"},{"time":0.9333,"name":"EF/ef_wind_slash_main/ef_wind_slash_main_00005"},{"time":0.9666,"name":"EF/ef_wind_slash_main/ef_wind_slash_main_00006"},{"time":1,"name":"EF/ef_wind_slash_main/ef_wind_slash_main_00007"},{"time":1.0333,"name":"EF/ef_wind_slash_main/ef_wind_slash_main_00008"},{"time":1.0666,"name":"EF/ef_wind_slash_main/ef_wind_slash_main_00009"},{"time":1.1,"name":"EF/ef_wind_slash_main/ef_wind_slash_main_00010"},{"time":1.1333,"name":"EF/ef_wind_slash_main/ef_wind_slash_main_00011"},{"time":1.1666,"name":null}]}},"bones":{"DAMAGEAREA":{"translate":[{"time":0.4333,"x":-222.27,"y":117.15,"curve":[0.473,-0.01,0.815,0.99]},{"time":0.8333,"x":-548,"y":103.24}],"scale":[{"time":0.4333,"x":3.292,"y":2.185,"curve":[0.337,0.03,0.692,0.99]},{"time":0.8333,"x":4.437,"y":2.185}]},"EF_fire1_1":{"rotate":[{"time":0.2666,"angle":-17.04}],"translate":[{"time":0.2666,"x":-542.15,"y":-26.94}],"scale":[{"time":0.2666,"x":2,"y":2}]},"EF_firecircle1_1":{"translate":[{"time":0.3666,"x":-525,"y":0}],"scale":[{"time":0.3666,"x":2.5,"y":2.5}]},"EF_firecircle1_2":{"translate":[{"time":0.4333,"x":-625,"y":0}],"scale":[{"time":0.4333,"x":2.5,"y":2.5}]},"EF_firecircle1_3":{"translate":[{"time":0.5,"x":-721.8,"y":0}],"scale":[{"time":0.5,"x":2.5,"y":2.5}]},"EF_firecircle1_4":{"translate":[{"time":0.5666,"x":-821.8,"y":0}],"scale":[{"time":0.5666,"x":2.5,"y":2.5}]},"EF_firecircle1_5":{"translate":[{"time":0.6333,"x":-921.8,"y":0}],"scale":[{"time":0.6333,"x":2.5,"y":2.5}]},"EF_firecircle1_6":{"translate":[{"time":0.7,"x":-1021.8,"y":0}],"scale":[{"time":0.7,"x":2.5,"y":2.5}]},"EF_firetower1_1":{"translate":[{"time":0.4,"x":-575,"y":0}],"scale":[{"time":0.4,"x":2,"y":2}]},"EF_firetower1_2":{"translate":[{"time":0.4666,"x":-675,"y":0}],"scale":[{"time":0.4666,"x":2,"y":2}]},"EF_firetower1_3":{"translate":[{"time":0.5333,"x":-775,"y":0}],"scale":[{"time":0.5333,"x":2,"y":2}]},"EF_firetower1_4":{"translate":[{"time":0.6,"x":-875,"y":0}],"scale":[{"time":0.6,"x":2,"y":2}]},"EF_firetower1_5":{"translate":[{"time":0.6666,"x":-975,"y":0}],"scale":[{"time":0.6666,"x":2,"y":2}]},"EF_firetower1_6":{"translate":[{"time":0.7333,"x":-1075,"y":0}],"scale":[{"time":0.7333,"x":2,"y":2}]},"EF_windslash1_1":{"translate":[{"time":0.4666,"x":-526.03,"y":-29.87}],"scale":[{"time":0.4666,"x":2.28,"y":2.28}]},"EF_windslash1_2":{"translate":[{"time":0.5333,"x":-625.46,"y":-29.87}],"scale":[{"time":0.5333,"x":2.28,"y":2.28}]},"EF_windslash1_3":{"translate":[{"time":0.6,"x":-723.95,"y":-29.87}],"scale":[{"time":0.6,"x":2.28,"y":2.28}]},"EF_windslash1_4":{"translate":[{"time":0.6666,"x":-821.2,"y":-29.87}],"scale":[{"time":0.6666,"x":2.28,"y":2.28}]},"EF_windslash1_5":{"translate":[{"time":0.7333,"x":-922.75,"y":-29.87}],"scale":[{"time":0.7333,"x":2.28,"y":2.28}]},"EF_windslash1_6":{"translate":[{"time":0.8,"x":-1024.3,"y":-29.87}],"scale":[{"time":0.8,"x":2.28,"y":2.28}]},"root":{"translate":[{"time":0,"x":93.87,"y":0}]}},"events":[{"time":0.2666,"name":"Sound1","string":"cri_se_battle_explosion_short"},{"time":0.3333,"name":"Sound1","string":"cri_se_battle_explosion_short"},{"time":0.4,"name":"Event","string":"setHitBackEnemy(50,0)"},{"time":0.4,"name":"Sound1","string":"cri_se_battle_explosion_short"},{"time":0.4333,"name":"Event","float":0.1,"string":"kHitStopType_enemyonly"},{"time":0.4666,"name":"Sound1","string":"cri_se_battle_explosion_short"},{"time":0.5333,"name":"Hit","string":"resetHitList"},{"time":0.5333,"name":"Sound1","string":"cri_se_battle_explosion_short"},{"time":0.6,"name":"Hit","string":"resetHitList"},{"time":0.6,"name":"Sound1","string":"cri_se_battle_explosion_short"},{"time":0.6666,"name":"Hit","string":"resetHitList"},{"time":0.7333,"name":"Hit","string":"resetHitList"},{"time":0.8,"name":"Hit","string":"resetHitList"}]}}}