{"skeleton":{"hash":"JX8yubD3hsuSBiraHyjoRtoqOAg","spine":"3.0.12","width":0,"height":0},"bones":[{"name":"root"},{"name":"MAIN_EF","parent":"root"},{"name":"ef_wind_wall_blue","parent":"MAIN_EF","x":600,"y":500},{"name":"ef_water_wall_main2","parent":"MAIN_EF","x":300,"y":300},{"name":"ef_water_wall_main","parent":"MAIN_EF","x":300,"y":300},{"name":"ef_smash_wave_main5","parent":"MAIN_EF","x":500,"y":600,"rotation":90},{"name":"ef_smash_wave_main4","parent":"MAIN_EF","x":500,"y":600,"rotation":90},{"name":"ef_smash_wave_main3","parent":"MAIN_EF","x":500,"y":600,"rotation":90},{"name":"ef_smash_wave_main2","parent":"MAIN_EF","x":500,"y":600,"rotation":90},{"name":"ef_smash_wave_main","parent":"MAIN_EF","x":500,"y":600,"rotation":90},{"name":"ef_smash_sprash_main6","parent":"MAIN_EF","x":400,"y":300},{"name":"ef_smash_sprash_main5","parent":"MAIN_EF","x":400,"y":300},{"name":"ef_smash_sprash_main4","parent":"MAIN_EF","x":400,"y":300},{"name":"ef_smash_sprash_main3","parent":"MAIN_EF","x":400,"y":300},{"name":"ef_smash_sprash_main2","parent":"MAIN_EF","x":400,"y":300},{"name":"ef_smash_sprash_main","parent":"MAIN_EF","x":400,"y":300},{"name":"ef_smash_attack_main2","parent":"MAIN_EF","x":400,"y":400},{"name":"ef_smash_attack_main","parent":"MAIN_EF","x":400,"y":400},{"name":"ef_slash_water_main8","parent":"MAIN_EF","x":400,"y":500},{"name":"ef_slash_water_main7","parent":"MAIN_EF","x":400,"y":500},{"name":"ef_slash_water_main6","parent":"MAIN_EF","x":400,"y":500},{"name":"ef_slash_water_main5","parent":"MAIN_EF","x":400,"y":500},{"name":"ef_slash_water_main4","parent":"MAIN_EF","x":400,"y":500},{"name":"ef_slash_water_main3","parent":"MAIN_EF","x":400,"y":500},{"name":"ef_slash_water_main2","parent":"MAIN_EF","x":400,"y":500},{"name":"ef_slash_water_main","parent":"MAIN_EF","x":400,"y":500},{"name":"ef_slash_bolt_main","parent":"MAIN_EF","x":400,"y":600},{"name":"ef_particle_main_b7","parent":"MAIN_EF","x":300,"y":500},{"name":"ef_particle_main_b6","parent":"MAIN_EF","x":300,"y":500},{"name":"ef_particle_main_b5","parent":"MAIN_EF","x":300,"y":500},{"name":"ef_particle_main_b4","parent":"MAIN_EF","x":300,"y":500},{"name":"ef_particle_main_b3","parent":"MAIN_EF","x":300,"y":500},{"name":"ef_particle_main_b2","parent":"MAIN_EF","x":300,"y":500},{"name":"ef_particle_main_b","parent":"MAIN_EF","x":300,"y":500},{"name":"ef_line_arrow_blue12","parent":"MAIN_EF","x":300,"y":600},{"name":"ef_line_arrow_blue11","parent":"MAIN_EF","x":300,"y":600},{"name":"ef_line_arrow_blue10","parent":"MAIN_EF","x":300,"y":600},{"name":"ef_line_arrow_blue9","parent":"MAIN_EF","x":300,"y":600},{"name":"ef_line_arrow_blue8","parent":"MAIN_EF","x":300,"y":600},{"name":"ef_line_arrow_blue7","parent":"MAIN_EF","x":300,"y":600},{"name":"ef_line_arrow_blue6","parent":"MAIN_EF","x":300,"y":600},{"name":"ef_line_arrow_blue5","parent":"MAIN_EF","x":300,"y":600},{"name":"ef_line_arrow_blue4","parent":"MAIN_EF","x":300,"y":600},{"name":"ef_line_arrow_blue3","parent":"MAIN_EF","x":300,"y":600},{"name":"ef_line_arrow_blue2","parent":"MAIN_EF","x":300,"y":600},{"name":"ef_line_arrow_blue","parent":"MAIN_EF","x":300,"y":600},{"name":"DAMAGEAREA","parent":"root"}],"slots":[{"name":"ef_line_arrow_blue","bone":"ef_line_arrow_blue","blend":"additive"},{"name":"ef_line_arrow_blue2","bone":"ef_line_arrow_blue2","blend":"additive"},{"name":"ef_line_arrow_blue3","bone":"ef_line_arrow_blue3","blend":"additive"},{"name":"ef_line_arrow_blue4","bone":"ef_line_arrow_blue4","blend":"additive"},{"name":"ef_line_arrow_blue5","bone":"ef_line_arrow_blue5","blend":"additive"},{"name":"ef_line_arrow_blue6","bone":"ef_line_arrow_blue6","blend":"additive"},{"name":"ef_line_arrow_blue7","bone":"ef_line_arrow_blue7","blend":"additive"},{"name":"ef_line_arrow_blue8","bone":"ef_line_arrow_blue8","blend":"additive"},{"name":"ef_line_arrow_blue9","bone":"ef_line_arrow_blue9","blend":"additive"},{"name":"ef_line_arrow_blue10","bone":"ef_line_arrow_blue10","blend":"additive"},{"name":"ef_line_arrow_blue11","bone":"ef_line_arrow_blue11","blend":"additive"},{"name":"ef_line_arrow_blue12","bone":"ef_line_arrow_blue12","blend":"additive"},{"name":"ef_particle_main_b","bone":"ef_particle_main_b","blend":"additive"},{"name":"ef_particle_main_b2","bone":"ef_particle_main_b2","blend":"additive"},{"name":"ef_particle_main_b3","bone":"ef_particle_main_b3","blend":"additive"},{"name":"ef_particle_main_b4","bone":"ef_particle_main_b4","blend":"additive"},{"name":"ef_particle_main_b5","bone":"ef_particle_main_b5","blend":"additive"},{"name":"ef_particle_main_b6","bone":"ef_particle_main_b6","blend":"additive"},{"name":"ef_particle_main_b7","bone":"ef_particle_main_b7","blend":"additive"},{"name":"ef_slash_bolt_main","bone":"ef_slash_bolt_main","blend":"additive"},{"name":"ef_slash_water_main","bone":"ef_slash_water_main","blend":"additive"},{"name":"ef_slash_water_main3","bone":"ef_slash_water_main3","blend":"additive"},{"name":"ef_slash_water_main4","bone":"ef_slash_water_main4","blend":"additive"},{"name":"ef_slash_water_main5","bone":"ef_slash_water_main5","blend":"additive"},{"name":"ef_slash_water_main6","bone":"ef_slash_water_main6","blend":"additive"},{"name":"ef_slash_water_main7","bone":"ef_slash_water_main7","blend":"additive"},{"name":"ef_slash_water_main8","bone":"ef_slash_water_main8","blend":"additive"},{"name":"ef_slash_water_main2","bone":"ef_slash_water_main2","blend":"additive"},{"name":"ef_smash_attack_main","bone":"ef_smash_attack_main","blend":"additive"},{"name":"ef_smash_attack_main2","bone":"ef_smash_attack_main2","blend":"additive"},{"name":"ef_smash_sprash_main","bone":"ef_smash_sprash_main","blend":"additive"},{"name":"ef_smash_sprash_main2","bone":"ef_smash_sprash_main2","blend":"additive"},{"name":"ef_smash_sprash_main4","bone":"ef_smash_sprash_main4","blend":"additive"},{"name":"ef_smash_sprash_main5","bone":"ef_smash_sprash_main5","blend":"additive"},{"name":"ef_smash_sprash_main6","bone":"ef_smash_sprash_main6","blend":"additive"},{"name":"ef_smash_sprash_main3","bone":"ef_smash_sprash_main3","blend":"additive"},{"name":"ef_smash_wave_main","bone":"ef_smash_wave_main","blend":"additive"},{"name":"ef_smash_wave_main2","bone":"ef_smash_wave_main2","blend":"additive"},{"name":"ef_smash_wave_main3","bone":"ef_smash_wave_main3","blend":"additive"},{"name":"ef_smash_wave_main4","bone":"ef_smash_wave_main4","blend":"additive"},{"name":"ef_smash_wave_main5","bone":"ef_smash_wave_main5","blend":"additive"},{"name":"ef_wind_wall_blue","bone":"ef_wind_wall_blue","blend":"additive"},{"name":"ef_water_wall_main","bone":"ef_water_wall_main","blend":"additive"},{"name":"ef_water_wall_main2","bone":"ef_water_wall_main2","blend":"additive"},{"name":"DAMAGEAREA","bone":"DAMAGEAREA"}],"skins":{"default":{"DAMAGEAREA":{"DAMAGEAREA":{"type":"boundingbox","vertices":[-63.96009,-65.70417,65.51983,-65.70417,64.19183,64.43976,-64.62409,64.43976]}},"ef_line_arrow_blue":{"ef_line_arrow_blue/ef_line_arrow_blue_00004":{"y":235.45,"width":200,"height":500}},"ef_line_arrow_blue10":{"ef_line_arrow_blue/ef_line_arrow_blue_00004":{"y":235.45,"width":200,"height":500}},"ef_line_arrow_blue11":{"ef_line_arrow_blue/ef_line_arrow_blue_00004":{"y":235.45,"width":200,"height":500}},"ef_line_arrow_blue12":{"ef_line_arrow_blue/ef_line_arrow_blue_00004":{"y":235.45,"width":200,"height":500}},"ef_line_arrow_blue2":{"ef_line_arrow_blue/ef_line_arrow_blue_00004":{"y":235.45,"width":200,"height":500}},"ef_line_arrow_blue3":{"ef_line_arrow_blue/ef_line_arrow_blue_00004":{"y":235.45,"width":200,"height":500}},"ef_line_arrow_blue4":{"ef_line_arrow_blue/ef_line_arrow_blue_00004":{"y":235.45,"width":200,"height":500}},"ef_line_arrow_blue5":{"ef_line_arrow_blue/ef_line_arrow_blue_00004":{"y":235.45,"width":200,"height":500}},"ef_line_arrow_blue6":{"ef_line_arrow_blue/ef_line_arrow_blue_00004":{"y":235.45,"width":200,"height":500}},"ef_line_arrow_blue7":{"ef_line_arrow_blue/ef_line_arrow_blue_00004":{"y":235.45,"width":200,"height":500}},"ef_line_arrow_blue8":{"ef_line_arrow_blue/ef_line_arrow_blue_00004":{"y":235.45,"width":200,"height":500}},"ef_line_arrow_blue9":{"ef_line_arrow_blue/ef_line_arrow_blue_00004":{"y":235.45,"width":200,"height":500}},"ef_particle_main_b":{"ef_particle_main 2/ef_particle_main 2_00002":{"width":120,"height":115},"ef_particle_main 2/ef_particle_main 2_00003":{"width":120,"height":115},"ef_particle_main 2/ef_particle_main 2_00004":{"width":120,"height":115},"ef_particle_main 2/ef_particle_main 2_00005":{"width":120,"height":115},"ef_particle_main 2/ef_particle_main 2_00006":{"width":120,"height":115},"ef_particle_main 2/ef_particle_main 2_00007":{"width":120,"height":115},"ef_particle_main 2/ef_particle_main 2_00008":{"width":120,"height":115},"ef_particle_main 2/ef_particle_main 2_00009":{"width":120,"height":115},"ef_particle_main 2/ef_particle_main 2_00010":{"width":120,"height":115},"ef_particle_main 2/ef_particle_main 2_00011":{"width":120,"height":115},"ef_particle_main 2/ef_particle_main 2_00012":{"width":120,"height":115},"ef_particle_main 2/ef_particle_main 2_00013":{"width":120,"height":115},"ef_particle_main 2/ef_particle_main 2_00014":{"width":120,"height":115},"ef_particle_main 2/ef_particle_main 2_00015":{"width":120,"height":115},"ef_particle_main 2/ef_particle_main 2_00016":{"width":120,"height":115},"ef_particle_main 2/ef_particle_main 2_00017":{"width":120,"height":115},"ef_particle_main 2/ef_particle_main 2_00018":{"width":120,"height":115},"ef_particle_main 2/ef_particle_main 2_00019":{"width":120,"height":115},"ef_particle_main 2/ef_particle_main 2_00020":{"width":120,"height":115},"ef_particle_main 2/ef_particle_main 2_00021":{"width":120,"height":115},"ef_particle_main 2/ef_particle_main 2_00022":{"width":120,"height":115},"ef_particle_main 2/ef_particle_main 2_00023":{"width":120,"height":115},"ef_particle_main 2/ef_particle_main 2_00024":{"width":120,"height":115},"ef_particle_main 2/ef_particle_main 2_00025":{"width":120,"height":115},"ef_particle_main 2/ef_particle_main 2_00026":{"width":120,"height":115},"ef_particle_main 2/ef_particle_main 2_00027":{"width":120,"height":115},"ef_particle_main 2/ef_particle_main 2_00028":{"width":120,"height":115},"ef_particle_main 2/ef_particle_main 2_00029":{"width":120,"height":115},"ef_particle_main 2/ef_particle_main 2_00030":{"width":120,"height":115},"ef_particle_main 2/ef_particle_main 2_00031":{"width":120,"height":115},"ef_particle_main 2/ef_particle_main 2_00032":{"width":120,"height":115},"ef_particle_main 2/ef_particle_main 2_00033":{"width":120,"height":115},"ef_particle_main 2/ef_particle_main 2_00034":{"width":120,"height":115},"ef_particle_main 2/ef_particle_main 2_00035":{"width":120,"height":115},"ef_particle_main 2/ef_particle_main 2_00036":{"width":120,"height":115},"ef_particle_main 2/ef_particle_main 2_00037":{"width":120,"height":115},"ef_particle_main 2/ef_particle_main 2_00038":{"width":120,"height":115},"ef_particle_main 2/ef_particle_main 2_00039":{"width":120,"height":115},"ef_particle_main 2/ef_particle_main 2_00040":{"width":120,"height":115},"ef_particle_main 2/ef_particle_main 2_00041":{"width":120,"height":115},"ef_particle_main 2/ef_particle_main 2_00042":{"width":120,"height":115},"ef_particle_main 2/ef_particle_main 2_00043":{"width":120,"height":115},"ef_particle_main 2/ef_particle_main 2_00044":{"width":120,"height":115},"ef_particle_main 2/ef_particle_main 2_00045":{"width":120,"height":115}},"ef_particle_main_b2":{"ef_particle_main 2/ef_particle_main 2_00002":{"width":120,"height":115},"ef_particle_main 2/ef_particle_main 2_00003":{"width":120,"height":115},"ef_particle_main 2/ef_particle_main 2_00004":{"width":120,"height":115},"ef_particle_main 2/ef_particle_main 2_00005":{"width":120,"height":115},"ef_particle_main 2/ef_particle_main 2_00006":{"width":120,"height":115},"ef_particle_main 2/ef_particle_main 2_00007":{"width":120,"height":115},"ef_particle_main 2/ef_particle_main 2_00008":{"width":120,"height":115},"ef_particle_main 2/ef_particle_main 2_00009":{"width":120,"height":115},"ef_particle_main 2/ef_particle_main 2_00010":{"width":120,"height":115},"ef_particle_main 2/ef_particle_main 2_00011":{"width":120,"height":115},"ef_particle_main 2/ef_particle_main 2_00012":{"width":120,"height":115},"ef_particle_main 2/ef_particle_main 2_00013":{"width":120,"height":115},"ef_particle_main 2/ef_particle_main 2_00014":{"width":120,"height":115},"ef_particle_main 2/ef_particle_main 2_00015":{"width":120,"height":115},"ef_particle_main 2/ef_particle_main 2_00016":{"width":120,"height":115},"ef_particle_main 2/ef_particle_main 2_00017":{"width":120,"height":115},"ef_particle_main 2/ef_particle_main 2_00018":{"width":120,"height":115},"ef_particle_main 2/ef_particle_main 2_00019":{"width":120,"height":115},"ef_particle_main 2/ef_particle_main 2_00020":{"width":120,"height":115},"ef_particle_main 2/ef_particle_main 2_00021":{"width":120,"height":115},"ef_particle_main 2/ef_particle_main 2_00022":{"width":120,"height":115},"ef_particle_main 2/ef_particle_main 2_00023":{"width":120,"height":115},"ef_particle_main 2/ef_particle_main 2_00024":{"width":120,"height":115},"ef_particle_main 2/ef_particle_main 2_00025":{"width":120,"height":115},"ef_particle_main 2/ef_particle_main 2_00026":{"width":120,"height":115},"ef_particle_main 2/ef_particle_main 2_00027":{"width":120,"height":115},"ef_particle_main 2/ef_particle_main 2_00028":{"width":120,"height":115},"ef_particle_main 2/ef_particle_main 2_00029":{"width":120,"height":115},"ef_particle_main 2/ef_particle_main 2_00030":{"width":120,"height":115},"ef_particle_main 2/ef_particle_main 2_00031":{"width":120,"height":115},"ef_particle_main 2/ef_particle_main 2_00032":{"width":120,"height":115},"ef_particle_main 2/ef_particle_main 2_00033":{"width":120,"height":115},"ef_particle_main 2/ef_particle_main 2_00034":{"width":120,"height":115},"ef_particle_main 2/ef_particle_main 2_00035":{"width":120,"height":115},"ef_particle_main 2/ef_particle_main 2_00036":{"width":120,"height":115},"ef_particle_main 2/ef_particle_main 2_00037":{"width":120,"height":115},"ef_particle_main 2/ef_particle_main 2_00038":{"width":120,"height":115},"ef_particle_main 2/ef_particle_main 2_00039":{"width":120,"height":115},"ef_particle_main 2/ef_particle_main 2_00040":{"width":120,"height":115},"ef_particle_main 2/ef_particle_main 2_00041":{"width":120,"height":115},"ef_particle_main 2/ef_particle_main 2_00042":{"width":120,"height":115},"ef_particle_main 2/ef_particle_main 2_00043":{"width":120,"height":115},"ef_particle_main 2/ef_particle_main 2_00044":{"width":120,"height":115},"ef_particle_main 2/ef_particle_main 2_00045":{"width":120,"height":115}},"ef_particle_main_b3":{"ef_particle_main 2/ef_particle_main 2_00002":{"width":120,"height":115},"ef_particle_main 2/ef_particle_main 2_00003":{"width":120,"height":115},"ef_particle_main 2/ef_particle_main 2_00004":{"width":120,"height":115},"ef_particle_main 2/ef_particle_main 2_00005":{"width":120,"height":115},"ef_particle_main 2/ef_particle_main 2_00006":{"width":120,"height":115},"ef_particle_main 2/ef_particle_main 2_00007":{"width":120,"height":115},"ef_particle_main 2/ef_particle_main 2_00008":{"width":120,"height":115},"ef_particle_main 2/ef_particle_main 2_00009":{"width":120,"height":115},"ef_particle_main 2/ef_particle_main 2_00010":{"width":120,"height":115},"ef_particle_main 2/ef_particle_main 2_00011":{"width":120,"height":115},"ef_particle_main 2/ef_particle_main 2_00012":{"width":120,"height":115},"ef_particle_main 2/ef_particle_main 2_00013":{"width":120,"height":115},"ef_particle_main 2/ef_particle_main 2_00014":{"width":120,"height":115},"ef_particle_main 2/ef_particle_main 2_00015":{"width":120,"height":115},"ef_particle_main 2/ef_particle_main 2_00016":{"width":120,"height":115},"ef_particle_main 2/ef_particle_main 2_00017":{"width":120,"height":115},"ef_particle_main 2/ef_particle_main 2_00018":{"width":120,"height":115},"ef_particle_main 2/ef_particle_main 2_00019":{"width":120,"height":115},"ef_particle_main 2/ef_particle_main 2_00020":{"width":120,"height":115},"ef_particle_main 2/ef_particle_main 2_00021":{"width":120,"height":115},"ef_particle_main 2/ef_particle_main 2_00022":{"width":120,"height":115},"ef_particle_main 2/ef_particle_main 2_00023":{"width":120,"height":115},"ef_particle_main 2/ef_particle_main 2_00024":{"width":120,"height":115},"ef_particle_main 2/ef_particle_main 2_00025":{"width":120,"height":115},"ef_particle_main 2/ef_particle_main 2_00026":{"width":120,"height":115},"ef_particle_main 2/ef_particle_main 2_00027":{"width":120,"height":115},"ef_particle_main 2/ef_particle_main 2_00028":{"width":120,"height":115},"ef_particle_main 2/ef_particle_main 2_00029":{"width":120,"height":115},"ef_particle_main 2/ef_particle_main 2_00030":{"width":120,"height":115},"ef_particle_main 2/ef_particle_main 2_00031":{"width":120,"height":115},"ef_particle_main 2/ef_particle_main 2_00032":{"width":120,"height":115},"ef_particle_main 2/ef_particle_main 2_00033":{"width":120,"height":115},"ef_particle_main 2/ef_particle_main 2_00034":{"width":120,"height":115},"ef_particle_main 2/ef_particle_main 2_00035":{"width":120,"height":115},"ef_particle_main 2/ef_particle_main 2_00036":{"width":120,"height":115},"ef_particle_main 2/ef_particle_main 2_00037":{"width":120,"height":115},"ef_particle_main 2/ef_particle_main 2_00038":{"width":120,"height":115},"ef_particle_main 2/ef_particle_main 2_00039":{"width":120,"height":115},"ef_particle_main 2/ef_particle_main 2_00040":{"width":120,"height":115},"ef_particle_main 2/ef_particle_main 2_00041":{"width":120,"height":115},"ef_particle_main 2/ef_particle_main 2_00042":{"width":120,"height":115},"ef_particle_main 2/ef_particle_main 2_00043":{"width":120,"height":115},"ef_particle_main 2/ef_particle_main 2_00044":{"width":120,"height":115},"ef_particle_main 2/ef_particle_main 2_00045":{"width":120,"height":115}},"ef_particle_main_b4":{"ef_particle_main 2/ef_particle_main 2_00002":{"width":120,"height":115},"ef_particle_main 2/ef_particle_main 2_00003":{"width":120,"height":115},"ef_particle_main 2/ef_particle_main 2_00004":{"width":120,"height":115},"ef_particle_main 2/ef_particle_main 2_00005":{"width":120,"height":115},"ef_particle_main 2/ef_particle_main 2_00006":{"width":120,"height":115},"ef_particle_main 2/ef_particle_main 2_00007":{"width":120,"height":115},"ef_particle_main 2/ef_particle_main 2_00008":{"width":120,"height":115},"ef_particle_main 2/ef_particle_main 2_00009":{"width":120,"height":115},"ef_particle_main 2/ef_particle_main 2_00010":{"width":120,"height":115},"ef_particle_main 2/ef_particle_main 2_00011":{"width":120,"height":115},"ef_particle_main 2/ef_particle_main 2_00012":{"width":120,"height":115},"ef_particle_main 2/ef_particle_main 2_00013":{"width":120,"height":115},"ef_particle_main 2/ef_particle_main 2_00014":{"width":120,"height":115},"ef_particle_main 2/ef_particle_main 2_00015":{"width":120,"height":115},"ef_particle_main 2/ef_particle_main 2_00016":{"width":120,"height":115},"ef_particle_main 2/ef_particle_main 2_00017":{"width":120,"height":115},"ef_particle_main 2/ef_particle_main 2_00018":{"width":120,"height":115},"ef_particle_main 2/ef_particle_main 2_00019":{"width":120,"height":115},"ef_particle_main 2/ef_particle_main 2_00020":{"width":120,"height":115},"ef_particle_main 2/ef_particle_main 2_00021":{"width":120,"height":115},"ef_particle_main 2/ef_particle_main 2_00022":{"width":120,"height":115},"ef_particle_main 2/ef_particle_main 2_00023":{"width":120,"height":115},"ef_particle_main 2/ef_particle_main 2_00024":{"width":120,"height":115},"ef_particle_main 2/ef_particle_main 2_00025":{"width":120,"height":115},"ef_particle_main 2/ef_particle_main 2_00026":{"width":120,"height":115},"ef_particle_main 2/ef_particle_main 2_00027":{"width":120,"height":115},"ef_particle_main 2/ef_particle_main 2_00028":{"width":120,"height":115},"ef_particle_main 2/ef_particle_main 2_00029":{"width":120,"height":115},"ef_particle_main 2/ef_particle_main 2_00030":{"width":120,"height":115},"ef_particle_main 2/ef_particle_main 2_00031":{"width":120,"height":115},"ef_particle_main 2/ef_particle_main 2_00032":{"width":120,"height":115},"ef_particle_main 2/ef_particle_main 2_00033":{"width":120,"height":115},"ef_particle_main 2/ef_particle_main 2_00034":{"width":120,"height":115},"ef_particle_main 2/ef_particle_main 2_00035":{"width":120,"height":115},"ef_particle_main 2/ef_particle_main 2_00036":{"width":120,"height":115},"ef_particle_main 2/ef_particle_main 2_00037":{"width":120,"height":115},"ef_particle_main 2/ef_particle_main 2_00038":{"width":120,"height":115},"ef_particle_main 2/ef_particle_main 2_00039":{"width":120,"height":115},"ef_particle_main 2/ef_particle_main 2_00040":{"width":120,"height":115},"ef_particle_main 2/ef_particle_main 2_00041":{"width":120,"height":115},"ef_particle_main 2/ef_particle_main 2_00042":{"width":120,"height":115},"ef_particle_main 2/ef_particle_main 2_00043":{"width":120,"height":115},"ef_particle_main 2/ef_particle_main 2_00044":{"width":120,"height":115},"ef_particle_main 2/ef_particle_main 2_00045":{"width":120,"height":115}},"ef_particle_main_b5":{"ef_particle_main 2/ef_particle_main 2_00002":{"width":120,"height":115},"ef_particle_main 2/ef_particle_main 2_00003":{"width":120,"height":115},"ef_particle_main 2/ef_particle_main 2_00004":{"width":120,"height":115},"ef_particle_main 2/ef_particle_main 2_00005":{"width":120,"height":115},"ef_particle_main 2/ef_particle_main 2_00006":{"width":120,"height":115},"ef_particle_main 2/ef_particle_main 2_00007":{"width":120,"height":115},"ef_particle_main 2/ef_particle_main 2_00008":{"width":120,"height":115},"ef_particle_main 2/ef_particle_main 2_00009":{"width":120,"height":115},"ef_particle_main 2/ef_particle_main 2_00010":{"width":120,"height":115},"ef_particle_main 2/ef_particle_main 2_00011":{"width":120,"height":115},"ef_particle_main 2/ef_particle_main 2_00012":{"width":120,"height":115},"ef_particle_main 2/ef_particle_main 2_00013":{"width":120,"height":115},"ef_particle_main 2/ef_particle_main 2_00014":{"width":120,"height":115},"ef_particle_main 2/ef_particle_main 2_00015":{"width":120,"height":115},"ef_particle_main 2/ef_particle_main 2_00016":{"width":120,"height":115},"ef_particle_main 2/ef_particle_main 2_00017":{"width":120,"height":115},"ef_particle_main 2/ef_particle_main 2_00018":{"width":120,"height":115},"ef_particle_main 2/ef_particle_main 2_00019":{"width":120,"height":115},"ef_particle_main 2/ef_particle_main 2_00020":{"width":120,"height":115},"ef_particle_main 2/ef_particle_main 2_00021":{"width":120,"height":115},"ef_particle_main 2/ef_particle_main 2_00022":{"width":120,"height":115},"ef_particle_main 2/ef_particle_main 2_00023":{"width":120,"height":115},"ef_particle_main 2/ef_particle_main 2_00024":{"width":120,"height":115},"ef_particle_main 2/ef_particle_main 2_00025":{"width":120,"height":115},"ef_particle_main 2/ef_particle_main 2_00026":{"width":120,"height":115},"ef_particle_main 2/ef_particle_main 2_00027":{"width":120,"height":115},"ef_particle_main 2/ef_particle_main 2_00028":{"width":120,"height":115},"ef_particle_main 2/ef_particle_main 2_00029":{"width":120,"height":115},"ef_particle_main 2/ef_particle_main 2_00030":{"width":120,"height":115},"ef_particle_main 2/ef_particle_main 2_00031":{"width":120,"height":115},"ef_particle_main 2/ef_particle_main 2_00032":{"width":120,"height":115},"ef_particle_main 2/ef_particle_main 2_00033":{"width":120,"height":115},"ef_particle_main 2/ef_particle_main 2_00034":{"width":120,"height":115},"ef_particle_main 2/ef_particle_main 2_00035":{"width":120,"height":115},"ef_particle_main 2/ef_particle_main 2_00036":{"width":120,"height":115},"ef_particle_main 2/ef_particle_main 2_00037":{"width":120,"height":115},"ef_particle_main 2/ef_particle_main 2_00038":{"width":120,"height":115},"ef_particle_main 2/ef_particle_main 2_00039":{"width":120,"height":115},"ef_particle_main 2/ef_particle_main 2_00040":{"width":120,"height":115},"ef_particle_main 2/ef_particle_main 2_00041":{"width":120,"height":115},"ef_particle_main 2/ef_particle_main 2_00042":{"width":120,"height":115},"ef_particle_main 2/ef_particle_main 2_00043":{"width":120,"height":115},"ef_particle_main 2/ef_particle_main 2_00044":{"width":120,"height":115},"ef_particle_main 2/ef_particle_main 2_00045":{"width":120,"height":115}},"ef_particle_main_b6":{"ef_particle_main 2/ef_particle_main 2_00002":{"width":120,"height":115},"ef_particle_main 2/ef_particle_main 2_00003":{"width":120,"height":115},"ef_particle_main 2/ef_particle_main 2_00004":{"width":120,"height":115},"ef_particle_main 2/ef_particle_main 2_00005":{"width":120,"height":115},"ef_particle_main 2/ef_particle_main 2_00006":{"width":120,"height":115},"ef_particle_main 2/ef_particle_main 2_00007":{"width":120,"height":115},"ef_particle_main 2/ef_particle_main 2_00008":{"width":120,"height":115},"ef_particle_main 2/ef_particle_main 2_00009":{"width":120,"height":115},"ef_particle_main 2/ef_particle_main 2_00010":{"width":120,"height":115},"ef_particle_main 2/ef_particle_main 2_00011":{"width":120,"height":115},"ef_particle_main 2/ef_particle_main 2_00012":{"width":120,"height":115},"ef_particle_main 2/ef_particle_main 2_00013":{"width":120,"height":115},"ef_particle_main 2/ef_particle_main 2_00014":{"width":120,"height":115},"ef_particle_main 2/ef_particle_main 2_00015":{"width":120,"height":115},"ef_particle_main 2/ef_particle_main 2_00016":{"width":120,"height":115},"ef_particle_main 2/ef_particle_main 2_00017":{"width":120,"height":115},"ef_particle_main 2/ef_particle_main 2_00018":{"width":120,"height":115},"ef_particle_main 2/ef_particle_main 2_00019":{"width":120,"height":115},"ef_particle_main 2/ef_particle_main 2_00020":{"width":120,"height":115},"ef_particle_main 2/ef_particle_main 2_00021":{"width":120,"height":115},"ef_particle_main 2/ef_particle_main 2_00022":{"width":120,"height":115},"ef_particle_main 2/ef_particle_main 2_00023":{"width":120,"height":115},"ef_particle_main 2/ef_particle_main 2_00024":{"width":120,"height":115},"ef_particle_main 2/ef_particle_main 2_00025":{"width":120,"height":115},"ef_particle_main 2/ef_particle_main 2_00026":{"width":120,"height":115},"ef_particle_main 2/ef_particle_main 2_00027":{"width":120,"height":115},"ef_particle_main 2/ef_particle_main 2_00028":{"width":120,"height":115},"ef_particle_main 2/ef_particle_main 2_00029":{"width":120,"height":115},"ef_particle_main 2/ef_particle_main 2_00030":{"width":120,"height":115},"ef_particle_main 2/ef_particle_main 2_00031":{"width":120,"height":115},"ef_particle_main 2/ef_particle_main 2_00032":{"width":120,"height":115},"ef_particle_main 2/ef_particle_main 2_00033":{"width":120,"height":115},"ef_particle_main 2/ef_particle_main 2_00034":{"width":120,"height":115},"ef_particle_main 2/ef_particle_main 2_00035":{"width":120,"height":115},"ef_particle_main 2/ef_particle_main 2_00036":{"width":120,"height":115},"ef_particle_main 2/ef_particle_main 2_00037":{"width":120,"height":115},"ef_particle_main 2/ef_particle_main 2_00038":{"width":120,"height":115},"ef_particle_main 2/ef_particle_main 2_00039":{"width":120,"height":115},"ef_particle_main 2/ef_particle_main 2_00040":{"width":120,"height":115},"ef_particle_main 2/ef_particle_main 2_00041":{"width":120,"height":115},"ef_particle_main 2/ef_particle_main 2_00042":{"width":120,"height":115},"ef_particle_main 2/ef_particle_main 2_00043":{"width":120,"height":115},"ef_particle_main 2/ef_particle_main 2_00044":{"width":120,"height":115},"ef_particle_main 2/ef_particle_main 2_00045":{"width":120,"height":115}},"ef_particle_main_b7":{"ef_particle_main 2/ef_particle_main 2_00002":{"width":120,"height":115},"ef_particle_main 2/ef_particle_main 2_00003":{"width":120,"height":115},"ef_particle_main 2/ef_particle_main 2_00004":{"width":120,"height":115},"ef_particle_main 2/ef_particle_main 2_00005":{"width":120,"height":115},"ef_particle_main 2/ef_particle_main 2_00006":{"width":120,"height":115},"ef_particle_main 2/ef_particle_main 2_00007":{"width":120,"height":115},"ef_particle_main 2/ef_particle_main 2_00008":{"width":120,"height":115},"ef_particle_main 2/ef_particle_main 2_00009":{"width":120,"height":115},"ef_particle_main 2/ef_particle_main 2_00010":{"width":120,"height":115},"ef_particle_main 2/ef_particle_main 2_00011":{"width":120,"height":115},"ef_particle_main 2/ef_particle_main 2_00012":{"width":120,"height":115},"ef_particle_main 2/ef_particle_main 2_00013":{"width":120,"height":115},"ef_particle_main 2/ef_particle_main 2_00014":{"width":120,"height":115},"ef_particle_main 2/ef_particle_main 2_00015":{"width":120,"height":115},"ef_particle_main 2/ef_particle_main 2_00016":{"width":120,"height":115},"ef_particle_main 2/ef_particle_main 2_00017":{"width":120,"height":115},"ef_particle_main 2/ef_particle_main 2_00018":{"width":120,"height":115},"ef_particle_main 2/ef_particle_main 2_00019":{"width":120,"height":115},"ef_particle_main 2/ef_particle_main 2_00020":{"width":120,"height":115},"ef_particle_main 2/ef_particle_main 2_00021":{"width":120,"height":115},"ef_particle_main 2/ef_particle_main 2_00022":{"width":120,"height":115},"ef_particle_main 2/ef_particle_main 2_00023":{"width":120,"height":115},"ef_particle_main 2/ef_particle_main 2_00024":{"width":120,"height":115},"ef_particle_main 2/ef_particle_main 2_00025":{"width":120,"height":115},"ef_particle_main 2/ef_particle_main 2_00026":{"width":120,"height":115},"ef_particle_main 2/ef_particle_main 2_00027":{"width":120,"height":115},"ef_particle_main 2/ef_particle_main 2_00028":{"width":120,"height":115},"ef_particle_main 2/ef_particle_main 2_00029":{"width":120,"height":115},"ef_particle_main 2/ef_particle_main 2_00030":{"width":120,"height":115},"ef_particle_main 2/ef_particle_main 2_00031":{"width":120,"height":115},"ef_particle_main 2/ef_particle_main 2_00032":{"width":120,"height":115},"ef_particle_main 2/ef_particle_main 2_00033":{"width":120,"height":115},"ef_particle_main 2/ef_particle_main 2_00034":{"width":120,"height":115},"ef_particle_main 2/ef_particle_main 2_00035":{"width":120,"height":115},"ef_particle_main 2/ef_particle_main 2_00036":{"width":120,"height":115},"ef_particle_main 2/ef_particle_main 2_00037":{"width":120,"height":115},"ef_particle_main 2/ef_particle_main 2_00038":{"width":120,"height":115},"ef_particle_main 2/ef_particle_main 2_00039":{"width":120,"height":115},"ef_particle_main 2/ef_particle_main 2_00040":{"width":120,"height":115},"ef_particle_main 2/ef_particle_main 2_00041":{"width":120,"height":115},"ef_particle_main 2/ef_particle_main 2_00042":{"width":120,"height":115},"ef_particle_main 2/ef_particle_main 2_00043":{"width":120,"height":115},"ef_particle_main 2/ef_particle_main 2_00044":{"width":120,"height":115},"ef_particle_main 2/ef_particle_main 2_00045":{"width":120,"height":115}},"ef_slash_bolt_main":{"ef_slash_bolt_main/ef_slash_bolt_main_00001":{"width":500,"height":200},"ef_slash_bolt_main/ef_slash_bolt_main_00002":{"width":500,"height":200},"ef_slash_bolt_main/ef_slash_bolt_main_00003":{"width":500,"height":200},"ef_slash_bolt_main/ef_slash_bolt_main_00004":{"width":500,"height":200}},"ef_slash_water_main":{"ef_slash_water_main/ef_slash_water_main_00001":{"y":65.98,"width":200,"height":250},"ef_slash_water_main/ef_slash_water_main_00002":{"y":65.98,"width":200,"height":250},"ef_slash_water_main/ef_slash_water_main_00003":{"y":65.98,"width":200,"height":250},"ef_slash_water_main/ef_slash_water_main_00004":{"y":65.98,"width":200,"height":250},"ef_slash_water_main/ef_slash_water_main_00005":{"y":65.98,"width":200,"height":250},"ef_slash_water_main/ef_slash_water_main_00006":{"y":65.98,"width":200,"height":250},"ef_slash_water_main/ef_slash_water_main_00007":{"y":65.98,"width":200,"height":250}},"ef_slash_water_main2":{"ef_slash_water_main/ef_slash_water_main_00001":{"y":65.98,"width":200,"height":250},"ef_slash_water_main/ef_slash_water_main_00002":{"y":65.98,"width":200,"height":250},"ef_slash_water_main/ef_slash_water_main_00003":{"y":65.98,"width":200,"height":250},"ef_slash_water_main/ef_slash_water_main_00004":{"y":65.98,"width":200,"height":250},"ef_slash_water_main/ef_slash_water_main_00005":{"y":65.98,"width":200,"height":250},"ef_slash_water_main/ef_slash_water_main_00006":{"y":65.98,"width":200,"height":250},"ef_slash_water_main/ef_slash_water_main_00007":{"y":65.98,"width":200,"height":250}},"ef_slash_water_main3":{"ef_slash_water_main/ef_slash_water_main_00001":{"y":65.98,"width":200,"height":250},"ef_slash_water_main/ef_slash_water_main_00002":{"y":65.98,"width":200,"height":250},"ef_slash_water_main/ef_slash_water_main_00003":{"y":65.98,"width":200,"height":250},"ef_slash_water_main/ef_slash_water_main_00004":{"y":65.98,"width":200,"height":250},"ef_slash_water_main/ef_slash_water_main_00005":{"y":65.98,"width":200,"height":250},"ef_slash_water_main/ef_slash_water_main_00006":{"y":65.98,"width":200,"height":250},"ef_slash_water_main/ef_slash_water_main_00007":{"y":65.98,"width":200,"height":250}},"ef_slash_water_main4":{"ef_slash_water_main/ef_slash_water_main_00001":{"y":65.98,"width":200,"height":250},"ef_slash_water_main/ef_slash_water_main_00002":{"y":65.98,"width":200,"height":250},"ef_slash_water_main/ef_slash_water_main_00003":{"y":65.98,"width":200,"height":250},"ef_slash_water_main/ef_slash_water_main_00004":{"y":65.98,"width":200,"height":250},"ef_slash_water_main/ef_slash_water_main_00005":{"y":65.98,"width":200,"height":250},"ef_slash_water_main/ef_slash_water_main_00006":{"y":65.98,"width":200,"height":250},"ef_slash_water_main/ef_slash_water_main_00007":{"y":65.98,"width":200,"height":250}},"ef_slash_water_main5":{"ef_slash_water_main/ef_slash_water_main_00001":{"y":65.98,"width":200,"height":250},"ef_slash_water_main/ef_slash_water_main_00002":{"y":65.98,"width":200,"height":250},"ef_slash_water_main/ef_slash_water_main_00003":{"y":65.98,"width":200,"height":250},"ef_slash_water_main/ef_slash_water_main_00004":{"y":65.98,"width":200,"height":250},"ef_slash_water_main/ef_slash_water_main_00005":{"y":65.98,"width":200,"height":250},"ef_slash_water_main/ef_slash_water_main_00006":{"y":65.98,"width":200,"height":250},"ef_slash_water_main/ef_slash_water_main_00007":{"y":65.98,"width":200,"height":250}},"ef_slash_water_main6":{"ef_slash_water_main/ef_slash_water_main_00001":{"y":65.98,"width":200,"height":250},"ef_slash_water_main/ef_slash_water_main_00002":{"y":65.98,"width":200,"height":250},"ef_slash_water_main/ef_slash_water_main_00003":{"y":65.98,"width":200,"height":250},"ef_slash_water_main/ef_slash_water_main_00004":{"y":65.98,"width":200,"height":250},"ef_slash_water_main/ef_slash_water_main_00005":{"y":65.98,"width":200,"height":250},"ef_slash_water_main/ef_slash_water_main_00006":{"y":65.98,"width":200,"height":250},"ef_slash_water_main/ef_slash_water_main_00007":{"y":65.98,"width":200,"height":250}},"ef_slash_water_main7":{"ef_slash_water_main/ef_slash_water_main_00001":{"y":65.98,"width":200,"height":250},"ef_slash_water_main/ef_slash_water_main_00002":{"y":65.98,"width":200,"height":250},"ef_slash_water_main/ef_slash_water_main_00003":{"y":65.98,"width":200,"height":250},"ef_slash_water_main/ef_slash_water_main_00004":{"y":65.98,"width":200,"height":250},"ef_slash_water_main/ef_slash_water_main_00005":{"y":65.98,"width":200,"height":250},"ef_slash_water_main/ef_slash_water_main_00006":{"y":65.98,"width":200,"height":250},"ef_slash_water_main/ef_slash_water_main_00007":{"y":65.98,"width":200,"height":250}},"ef_slash_water_main8":{"ef_slash_water_main/ef_slash_water_main_00001":{"y":65.98,"width":200,"height":250},"ef_slash_water_main/ef_slash_water_main_00002":{"y":65.98,"width":200,"height":250},"ef_slash_water_main/ef_slash_water_main_00003":{"y":65.98,"width":200,"height":250},"ef_slash_water_main/ef_slash_water_main_00004":{"y":65.98,"width":200,"height":250},"ef_slash_water_main/ef_slash_water_main_00005":{"y":65.98,"width":200,"height":250},"ef_slash_water_main/ef_slash_water_main_00006":{"y":65.98,"width":200,"height":250},"ef_slash_water_main/ef_slash_water_main_00007":{"y":65.98,"width":200,"height":250}},"ef_smash_attack_main":{"ef_smash_attack_main/ef_smash_attack_main_00001":{"x":57.43,"width":200,"height":200},"ef_smash_attack_main/ef_smash_attack_main_00002":{"x":57.43,"width":200,"height":200},"ef_smash_attack_main/ef_smash_attack_main_00003":{"x":57.43,"width":200,"height":200},"ef_smash_attack_main/ef_smash_attack_main_00004":{"x":57.43,"width":200,"height":200}},"ef_smash_attack_main2":{"ef_smash_attack_main/ef_smash_attack_main_00001":{"x":57.43,"width":200,"height":200},"ef_smash_attack_main/ef_smash_attack_main_00002":{"x":57.43,"width":200,"height":200},"ef_smash_attack_main/ef_smash_attack_main_00003":{"x":57.43,"width":200,"height":200},"ef_smash_attack_main/ef_smash_attack_main_00004":{"x":57.43,"width":200,"height":200}},"ef_smash_sprash_main":{"ef_smash_sprash_main/ef_smash_sprash_main_00001":{"x":44.6,"width":200,"height":200},"ef_smash_sprash_main/ef_smash_sprash_main_00002":{"x":44.6,"width":200,"height":200},"ef_smash_sprash_main/ef_smash_sprash_main_00004":{"x":44.6,"width":200,"height":200},"ef_smash_sprash_main/ef_smash_sprash_main_00005":{"x":44.6,"width":200,"height":200},"ef_smash_sprash_main/ef_smash_sprash_main_00007":{"x":44.6,"width":200,"height":200},"ef_smash_sprash_main/ef_smash_sprash_main_00008":{"x":44.6,"width":200,"height":200}},"ef_smash_sprash_main2":{"ef_smash_sprash_main/ef_smash_sprash_main_00001":{"x":44.6,"width":200,"height":200},"ef_smash_sprash_main/ef_smash_sprash_main_00002":{"x":44.6,"width":200,"height":200},"ef_smash_sprash_main/ef_smash_sprash_main_00004":{"x":44.6,"width":200,"height":200},"ef_smash_sprash_main/ef_smash_sprash_main_00005":{"x":44.6,"width":200,"height":200},"ef_smash_sprash_main/ef_smash_sprash_main_00007":{"x":44.6,"width":200,"height":200},"ef_smash_sprash_main/ef_smash_sprash_main_00008":{"x":44.6,"width":200,"height":200}},"ef_smash_sprash_main3":{"ef_smash_sprash_main/ef_smash_sprash_main_00001":{"x":44.6,"width":200,"height":200},"ef_smash_sprash_main/ef_smash_sprash_main_00002":{"x":44.6,"width":200,"height":200},"ef_smash_sprash_main/ef_smash_sprash_main_00004":{"x":44.6,"width":200,"height":200},"ef_smash_sprash_main/ef_smash_sprash_main_00005":{"x":44.6,"width":200,"height":200},"ef_smash_sprash_main/ef_smash_sprash_main_00007":{"x":44.6,"width":200,"height":200},"ef_smash_sprash_main/ef_smash_sprash_main_00008":{"x":44.6,"width":200,"height":200}},"ef_smash_sprash_main4":{"ef_smash_sprash_main/ef_smash_sprash_main_00001":{"x":44.6,"width":200,"height":200},"ef_smash_sprash_main/ef_smash_sprash_main_00002":{"x":44.6,"width":200,"height":200},"ef_smash_sprash_main/ef_smash_sprash_main_00004":{"x":44.6,"width":200,"height":200},"ef_smash_sprash_main/ef_smash_sprash_main_00005":{"x":44.6,"width":200,"height":200},"ef_smash_sprash_main/ef_smash_sprash_main_00007":{"x":44.6,"width":200,"height":200},"ef_smash_sprash_main/ef_smash_sprash_main_00008":{"x":44.6,"width":200,"height":200}},"ef_smash_sprash_main5":{"ef_smash_sprash_main/ef_smash_sprash_main_00001":{"x":44.6,"width":200,"height":200},"ef_smash_sprash_main/ef_smash_sprash_main_00002":{"x":44.6,"width":200,"height":200},"ef_smash_sprash_main/ef_smash_sprash_main_00004":{"x":44.6,"width":200,"height":200},"ef_smash_sprash_main/ef_smash_sprash_main_00005":{"x":44.6,"width":200,"height":200},"ef_smash_sprash_main/ef_smash_sprash_main_00007":{"x":44.6,"width":200,"height":200},"ef_smash_sprash_main/ef_smash_sprash_main_00008":{"x":44.6,"width":200,"height":200}},"ef_smash_sprash_main6":{"ef_smash_sprash_main/ef_smash_sprash_main_00001":{"x":44.6,"width":200,"height":200},"ef_smash_sprash_main/ef_smash_sprash_main_00002":{"x":44.6,"width":200,"height":200},"ef_smash_sprash_main/ef_smash_sprash_main_00004":{"x":44.6,"width":200,"height":200},"ef_smash_sprash_main/ef_smash_sprash_main_00005":{"x":44.6,"width":200,"height":200},"ef_smash_sprash_main/ef_smash_sprash_main_00007":{"x":44.6,"width":200,"height":200},"ef_smash_sprash_main/ef_smash_sprash_main_00008":{"x":44.6,"width":200,"height":200}},"ef_smash_wave_main":{"ef_smash_wave_main/ef_smash_wave_main_00001":{"y":-31.12,"rotation":-90,"width":200,"height":300},"ef_smash_wave_main/ef_smash_wave_main_00002":{"y":-31.12,"rotation":-90,"width":200,"height":300},"ef_smash_wave_main/ef_smash_wave_main_00003":{"y":-31.12,"rotation":-90,"width":200,"height":300},"ef_smash_wave_main/ef_smash_wave_main_00004":{"y":-31.12,"rotation":-90,"width":200,"height":300},"ef_smash_wave_main/ef_smash_wave_main_00005":{"y":-31.12,"rotation":-90,"width":200,"height":300}},"ef_smash_wave_main2":{"ef_smash_wave_main/ef_smash_wave_main_00001":{"y":-31.12,"rotation":-90,"width":200,"height":300},"ef_smash_wave_main/ef_smash_wave_main_00002":{"y":-31.12,"rotation":-90,"width":200,"height":300},"ef_smash_wave_main/ef_smash_wave_main_00003":{"y":-31.12,"rotation":-90,"width":200,"height":300},"ef_smash_wave_main/ef_smash_wave_main_00004":{"y":-31.12,"rotation":-90,"width":200,"height":300},"ef_smash_wave_main/ef_smash_wave_main_00005":{"y":-31.12,"rotation":-90,"width":200,"height":300}},"ef_smash_wave_main3":{"ef_smash_wave_main/ef_smash_wave_main_00001":{"y":-31.12,"rotation":-90,"width":200,"height":300},"ef_smash_wave_main/ef_smash_wave_main_00002":{"y":-31.12,"rotation":-90,"width":200,"height":300},"ef_smash_wave_main/ef_smash_wave_main_00003":{"y":-31.12,"rotation":-90,"width":200,"height":300},"ef_smash_wave_main/ef_smash_wave_main_00004":{"y":-31.12,"rotation":-90,"width":200,"height":300},"ef_smash_wave_main/ef_smash_wave_main_00005":{"y":-31.12,"rotation":-90,"width":200,"height":300}},"ef_smash_wave_main4":{"ef_smash_wave_main/ef_smash_wave_main_00001":{"y":-31.12,"rotation":-90,"width":200,"height":300},"ef_smash_wave_main/ef_smash_wave_main_00002":{"y":-31.12,"rotation":-90,"width":200,"height":300},"ef_smash_wave_main/ef_smash_wave_main_00003":{"y":-31.12,"rotation":-90,"width":200,"height":300},"ef_smash_wave_main/ef_smash_wave_main_00004":{"y":-31.12,"rotation":-90,"width":200,"height":300},"ef_smash_wave_main/ef_smash_wave_main_00005":{"y":-31.12,"rotation":-90,"width":200,"height":300}},"ef_smash_wave_main5":{"ef_smash_wave_main/ef_smash_wave_main_00001":{"y":-31.12,"rotation":-90,"width":200,"height":300},"ef_smash_wave_main/ef_smash_wave_main_00002":{"y":-31.12,"rotation":-90,"width":200,"height":300},"ef_smash_wave_main/ef_smash_wave_main_00003":{"y":-31.12,"rotation":-90,"width":200,"height":300},"ef_smash_wave_main/ef_smash_wave_main_00004":{"y":-31.12,"rotation":-90,"width":200,"height":300},"ef_smash_wave_main/ef_smash_wave_main_00005":{"y":-31.12,"rotation":-90,"width":200,"height":300}},"ef_water_wall_main":{"ef_water_wall_main/ef_water_wall_main_00020":{"width":150,"height":250},"ef_water_wall_main/ef_water_wall_main_00021":{"width":150,"height":250},"ef_water_wall_main/ef_water_wall_main_00022":{"width":150,"height":250},"ef_water_wall_main/ef_water_wall_main_00023":{"width":150,"height":250},"ef_water_wall_main/ef_water_wall_main_00024":{"width":150,"height":250},"ef_water_wall_main/ef_water_wall_main_00025":{"width":150,"height":250},"ef_water_wall_main/ef_water_wall_main_00026":{"width":150,"height":250},"ef_water_wall_main/ef_water_wall_main_00027":{"width":150,"height":250},"ef_water_wall_main/ef_water_wall_main_00028":{"width":150,"height":250},"ef_water_wall_main/ef_water_wall_main_00029":{"width":150,"height":250},"ef_water_wall_main/ef_water_wall_main_00030":{"width":150,"height":250}},"ef_water_wall_main2":{"ef_water_wall_main/ef_water_wall_main_00020":{"width":150,"height":250},"ef_water_wall_main/ef_water_wall_main_00021":{"width":150,"height":250},"ef_water_wall_main/ef_water_wall_main_00022":{"width":150,"height":250},"ef_water_wall_main/ef_water_wall_main_00023":{"width":150,"height":250},"ef_water_wall_main/ef_water_wall_main_00024":{"width":150,"height":250},"ef_water_wall_main/ef_water_wall_main_00025":{"width":150,"height":250},"ef_water_wall_main/ef_water_wall_main_00026":{"width":150,"height":250},"ef_water_wall_main/ef_water_wall_main_00027":{"width":150,"height":250},"ef_water_wall_main/ef_water_wall_main_00028":{"width":150,"height":250},"ef_water_wall_main/ef_water_wall_main_00029":{"width":150,"height":250},"ef_water_wall_main/ef_water_wall_main_00030":{"width":150,"height":250}},"ef_wind_wall_blue":{"ef_wind_wall_blue/ef_wind_wall_blue_00001":{"width":40,"height":71}}}},"events":{"Event":{},"Event2":{"float":0.15,"string":"kHitStopType_normal"},"Sound1":{}},"animations":{"attack1":{"slots":{"DAMAGEAREA":{"attachment":[{"time":0.2,"name":"DAMAGEAREA"},{"time":0.4666,"name":null}]},"ef_particle_main_b":{"attachment":[{"time":0.4,"name":"ef_particle_main 2/ef_particle_main 2_00019"},{"time":0.4333,"name":"ef_particle_main 2/ef_particle_main 2_00020"},{"time":0.4666,"name":"ef_particle_main 2/ef_particle_main 2_00021"},{"time":0.5,"name":"ef_particle_main 2/ef_particle_main 2_00022"},{"time":0.5333,"name":"ef_particle_main 2/ef_particle_main 2_00023"},{"time":0.5666,"name":"ef_particle_main 2/ef_particle_main 2_00024"},{"time":0.6,"name":"ef_particle_main 2/ef_particle_main 2_00025"},{"time":0.6333,"name":"ef_particle_main 2/ef_particle_main 2_00026"},{"time":0.6666,"name":"ef_particle_main 2/ef_particle_main 2_00027"},{"time":0.7,"name":"ef_particle_main 2/ef_particle_main 2_00028"},{"time":0.7333,"name":"ef_particle_main 2/ef_particle_main 2_00029"},{"time":0.7666,"name":"ef_particle_main 2/ef_particle_main 2_00030"},{"time":0.8,"name":"ef_particle_main 2/ef_particle_main 2_00031"},{"time":0.8333,"name":"ef_particle_main 2/ef_particle_main 2_00032"},{"time":0.8666,"name":"ef_particle_main 2/ef_particle_main 2_00033"},{"time":0.9,"name":"ef_particle_main 2/ef_particle_main 2_00034"},{"time":0.9333,"name":"ef_particle_main 2/ef_particle_main 2_00035"},{"time":0.9666,"name":"ef_particle_main 2/ef_particle_main 2_00036"},{"time":1,"name":"ef_particle_main 2/ef_particle_main 2_00037"},{"time":1.0333,"name":"ef_particle_main 2/ef_particle_main 2_00038"},{"time":1.0666,"name":"ef_particle_main 2/ef_particle_main 2_00039"},{"time":1.1,"name":"ef_particle_main 2/ef_particle_main 2_00040"},{"time":1.1333,"name":"ef_particle_main 2/ef_particle_main 2_00041"},{"time":1.1666,"name":"ef_particle_main 2/ef_particle_main 2_00042"},{"time":1.2,"name":"ef_particle_main 2/ef_particle_main 2_00043"},{"time":1.2333,"name":"ef_particle_main 2/ef_particle_main 2_00044"},{"time":1.2666,"name":"ef_particle_main 2/ef_particle_main 2_00045"},{"time":1.3,"name":"ef_particle_main 2/ef_particle_main 2_00038"},{"time":1.3333,"name":"ef_particle_main 2/ef_particle_main 2_00039"},{"time":1.3666,"name":"ef_particle_main 2/ef_particle_main 2_00040"},{"time":1.4,"name":"ef_particle_main 2/ef_particle_main 2_00041"},{"time":1.4333,"name":"ef_particle_main 2/ef_particle_main 2_00042"},{"time":1.4666,"name":"ef_particle_main 2/ef_particle_main 2_00043"},{"time":1.5,"name":"ef_particle_main 2/ef_particle_main 2_00044"},{"time":1.5333,"name":"ef_particle_main 2/ef_particle_main 2_00045"},{"time":1.5666,"name":null}],"color":[{"time":1.3,"color":"ffffffff"},{"time":1.5666,"color":"ffffff00"}]},"ef_particle_main_b2":{"attachment":[{"time":0.3333,"name":"ef_particle_main 2/ef_particle_main 2_00019"},{"time":0.3666,"name":"ef_particle_main 2/ef_particle_main 2_00020"},{"time":0.4,"name":"ef_particle_main 2/ef_particle_main 2_00021"},{"time":0.4333,"name":"ef_particle_main 2/ef_particle_main 2_00022"},{"time":0.4666,"name":"ef_particle_main 2/ef_particle_main 2_00023"},{"time":0.5,"name":"ef_particle_main 2/ef_particle_main 2_00024"},{"time":0.5333,"name":"ef_particle_main 2/ef_particle_main 2_00025"},{"time":0.5666,"name":"ef_particle_main 2/ef_particle_main 2_00026"},{"time":0.6,"name":"ef_particle_main 2/ef_particle_main 2_00027"},{"time":0.6333,"name":"ef_particle_main 2/ef_particle_main 2_00028"},{"time":0.6666,"name":"ef_particle_main 2/ef_particle_main 2_00029"},{"time":0.7,"name":"ef_particle_main 2/ef_particle_main 2_00030"},{"time":0.7333,"name":"ef_particle_main 2/ef_particle_main 2_00031"},{"time":0.7666,"name":"ef_particle_main 2/ef_particle_main 2_00032"},{"time":0.8,"name":"ef_particle_main 2/ef_particle_main 2_00033"},{"time":0.8333,"name":"ef_particle_main 2/ef_particle_main 2_00034"},{"time":0.8666,"name":"ef_particle_main 2/ef_particle_main 2_00035"},{"time":0.9,"name":"ef_particle_main 2/ef_particle_main 2_00036"},{"time":0.9333,"name":"ef_particle_main 2/ef_particle_main 2_00037"},{"time":0.9666,"name":"ef_particle_main 2/ef_particle_main 2_00038"},{"time":1,"name":"ef_particle_main 2/ef_particle_main 2_00039"},{"time":1.0333,"name":"ef_particle_main 2/ef_particle_main 2_00040"},{"time":1.0666,"name":"ef_particle_main 2/ef_particle_main 2_00041"},{"time":1.1,"name":"ef_particle_main 2/ef_particle_main 2_00042"},{"time":1.1333,"name":"ef_particle_main 2/ef_particle_main 2_00043"},{"time":1.1666,"name":"ef_particle_main 2/ef_particle_main 2_00044"},{"time":1.2,"name":"ef_particle_main 2/ef_particle_main 2_00045"},{"time":1.2333,"name":"ef_particle_main 2/ef_particle_main 2_00038"},{"time":1.2666,"name":"ef_particle_main 2/ef_particle_main 2_00039"},{"time":1.3,"name":"ef_particle_main 2/ef_particle_main 2_00040"},{"time":1.3333,"name":"ef_particle_main 2/ef_particle_main 2_00041"},{"time":1.3666,"name":"ef_particle_main 2/ef_particle_main 2_00042"},{"time":1.4,"name":"ef_particle_main 2/ef_particle_main 2_00043"},{"time":1.4333,"name":"ef_particle_main 2/ef_particle_main 2_00044"},{"time":1.4666,"name":"ef_particle_main 2/ef_particle_main 2_00045"},{"time":1.5,"name":null}],"color":[{"time":1.2333,"color":"ffffffff"},{"time":1.5,"color":"ffffff00"}]},"ef_particle_main_b3":{"attachment":[{"time":0.2,"name":"ef_particle_main 2/ef_particle_main 2_00023"},{"time":0.2333,"name":"ef_particle_main 2/ef_particle_main 2_00024"},{"time":0.2666,"name":"ef_particle_main 2/ef_particle_main 2_00025"},{"time":0.3,"name":"ef_particle_main 2/ef_particle_main 2_00026"},{"time":0.3333,"name":"ef_particle_main 2/ef_particle_main 2_00027"},{"time":0.3666,"name":"ef_particle_main 2/ef_particle_main 2_00028"},{"time":0.4,"name":"ef_particle_main 2/ef_particle_main 2_00029"},{"time":0.4333,"name":"ef_particle_main 2/ef_particle_main 2_00030"},{"time":0.4666,"name":"ef_particle_main 2/ef_particle_main 2_00031"},{"time":0.5,"name":"ef_particle_main 2/ef_particle_main 2_00032"},{"time":0.5333,"name":"ef_particle_main 2/ef_particle_main 2_00033"},{"time":0.5666,"name":"ef_particle_main 2/ef_particle_main 2_00034"},{"time":0.6,"name":"ef_particle_main 2/ef_particle_main 2_00035"},{"time":0.6333,"name":"ef_particle_main 2/ef_particle_main 2_00036"},{"time":0.6666,"name":"ef_particle_main 2/ef_particle_main 2_00037"},{"time":0.7,"name":"ef_particle_main 2/ef_particle_main 2_00038"},{"time":0.7666,"name":"ef_particle_main 2/ef_particle_main 2_00039"},{"time":0.8333,"name":"ef_particle_main 2/ef_particle_main 2_00040"},{"time":0.9,"name":"ef_particle_main 2/ef_particle_main 2_00041"},{"time":0.9666,"name":"ef_particle_main 2/ef_particle_main 2_00042"},{"time":1.0666,"name":"ef_particle_main 2/ef_particle_main 2_00043"},{"time":1.1666,"name":"ef_particle_main 2/ef_particle_main 2_00044"},{"time":1.2666,"name":"ef_particle_main 2/ef_particle_main 2_00045"},{"time":1.3666,"name":null}],"color":[{"time":0.2333,"color":"ffffff00"},{"time":0.3333,"color":"ffffffff","curve":"stepped"},{"time":1.0666,"color":"ffffffff"},{"time":1.3666,"color":"ffffff00"}]},"ef_particle_main_b4":{"attachment":[{"time":0.3666,"name":"ef_particle_main 2/ef_particle_main 2_00019"},{"time":0.4,"name":"ef_particle_main 2/ef_particle_main 2_00020"},{"time":0.4333,"name":"ef_particle_main 2/ef_particle_main 2_00021"},{"time":0.4666,"name":"ef_particle_main 2/ef_particle_main 2_00022"},{"time":0.5,"name":"ef_particle_main 2/ef_particle_main 2_00023"},{"time":0.5333,"name":"ef_particle_main 2/ef_particle_main 2_00024"},{"time":0.5666,"name":"ef_particle_main 2/ef_particle_main 2_00025"},{"time":0.6,"name":"ef_particle_main 2/ef_particle_main 2_00026"},{"time":0.6333,"name":"ef_particle_main 2/ef_particle_main 2_00027"},{"time":0.6666,"name":"ef_particle_main 2/ef_particle_main 2_00028"},{"time":0.7,"name":"ef_particle_main 2/ef_particle_main 2_00029"},{"time":0.7333,"name":"ef_particle_main 2/ef_particle_main 2_00030"},{"time":0.7666,"name":"ef_particle_main 2/ef_particle_main 2_00031"},{"time":0.8,"name":"ef_particle_main 2/ef_particle_main 2_00032"},{"time":0.8333,"name":"ef_particle_main 2/ef_particle_main 2_00033"},{"time":0.8666,"name":"ef_particle_main 2/ef_particle_main 2_00034"},{"time":0.9,"name":"ef_particle_main 2/ef_particle_main 2_00035"},{"time":0.9333,"name":"ef_particle_main 2/ef_particle_main 2_00036"},{"time":0.9666,"name":"ef_particle_main 2/ef_particle_main 2_00037"},{"time":1,"name":"ef_particle_main 2/ef_particle_main 2_00038"},{"time":1.0666,"name":"ef_particle_main 2/ef_particle_main 2_00039"},{"time":1.1333,"name":"ef_particle_main 2/ef_particle_main 2_00040"},{"time":1.2,"name":"ef_particle_main 2/ef_particle_main 2_00041"},{"time":1.2666,"name":"ef_particle_main 2/ef_particle_main 2_00042"},{"time":1.3333,"name":"ef_particle_main 2/ef_particle_main 2_00043"},{"time":1.4,"name":"ef_particle_main 2/ef_particle_main 2_00044"},{"time":1.4666,"name":"ef_particle_main 2/ef_particle_main 2_00045"},{"time":1.5333,"name":null}],"color":[{"time":1.3333,"color":"ffffffff"},{"time":1.5333,"color":"ffffff00"}]},"ef_particle_main_b5":{"attachment":[{"time":0.3666,"name":"ef_particle_main 2/ef_particle_main 2_00019"},{"time":0.4,"name":"ef_particle_main 2/ef_particle_main 2_00020"},{"time":0.4333,"name":"ef_particle_main 2/ef_particle_main 2_00021"},{"time":0.4666,"name":"ef_particle_main 2/ef_particle_main 2_00022"},{"time":0.5,"name":"ef_particle_main 2/ef_particle_main 2_00023"},{"time":0.5333,"name":"ef_particle_main 2/ef_particle_main 2_00024"},{"time":0.5666,"name":"ef_particle_main 2/ef_particle_main 2_00025"},{"time":0.6,"name":"ef_particle_main 2/ef_particle_main 2_00026"},{"time":0.6333,"name":"ef_particle_main 2/ef_particle_main 2_00027"},{"time":0.6666,"name":"ef_particle_main 2/ef_particle_main 2_00028"},{"time":0.7,"name":"ef_particle_main 2/ef_particle_main 2_00029"},{"time":0.7333,"name":"ef_particle_main 2/ef_particle_main 2_00030"},{"time":0.7666,"name":"ef_particle_main 2/ef_particle_main 2_00031"},{"time":0.8,"name":"ef_particle_main 2/ef_particle_main 2_00032"},{"time":0.8333,"name":"ef_particle_main 2/ef_particle_main 2_00033"},{"time":0.8666,"name":"ef_particle_main 2/ef_particle_main 2_00034"},{"time":0.9,"name":"ef_particle_main 2/ef_particle_main 2_00035"},{"time":0.9333,"name":"ef_particle_main 2/ef_particle_main 2_00036"},{"time":0.9666,"name":"ef_particle_main 2/ef_particle_main 2_00037"},{"time":1,"name":"ef_particle_main 2/ef_particle_main 2_00038"},{"time":1.0666,"name":"ef_particle_main 2/ef_particle_main 2_00039"},{"time":1.1333,"name":"ef_particle_main 2/ef_particle_main 2_00040"},{"time":1.2,"name":"ef_particle_main 2/ef_particle_main 2_00041"},{"time":1.2666,"name":"ef_particle_main 2/ef_particle_main 2_00042"},{"time":1.3333,"name":"ef_particle_main 2/ef_particle_main 2_00043"},{"time":1.4,"name":"ef_particle_main 2/ef_particle_main 2_00044"},{"time":1.4666,"name":"ef_particle_main 2/ef_particle_main 2_00045"},{"time":1.5333,"name":null}],"color":[{"time":1.3333,"color":"ffffffff"},{"time":1.5333,"color":"ffffff00"}]},"ef_particle_main_b6":{"attachment":[{"time":0.3666,"name":"ef_particle_main 2/ef_particle_main 2_00019"},{"time":0.4,"name":"ef_particle_main 2/ef_particle_main 2_00020"},{"time":0.4333,"name":"ef_particle_main 2/ef_particle_main 2_00021"},{"time":0.4666,"name":"ef_particle_main 2/ef_particle_main 2_00022"},{"time":0.5,"name":"ef_particle_main 2/ef_particle_main 2_00023"},{"time":0.5333,"name":"ef_particle_main 2/ef_particle_main 2_00024"},{"time":0.5666,"name":"ef_particle_main 2/ef_particle_main 2_00025"},{"time":0.6,"name":"ef_particle_main 2/ef_particle_main 2_00026"},{"time":0.6333,"name":"ef_particle_main 2/ef_particle_main 2_00027"},{"time":0.6666,"name":"ef_particle_main 2/ef_particle_main 2_00028"},{"time":0.7,"name":"ef_particle_main 2/ef_particle_main 2_00029"},{"time":0.7333,"name":"ef_particle_main 2/ef_particle_main 2_00030"},{"time":0.7666,"name":"ef_particle_main 2/ef_particle_main 2_00031"},{"time":0.8,"name":"ef_particle_main 2/ef_particle_main 2_00032"},{"time":0.8333,"name":"ef_particle_main 2/ef_particle_main 2_00033"},{"time":0.8666,"name":"ef_particle_main 2/ef_particle_main 2_00034"},{"time":0.9,"name":"ef_particle_main 2/ef_particle_main 2_00035"},{"time":0.9333,"name":"ef_particle_main 2/ef_particle_main 2_00036"},{"time":0.9666,"name":"ef_particle_main 2/ef_particle_main 2_00037"},{"time":1,"name":"ef_particle_main 2/ef_particle_main 2_00038"},{"time":1.0666,"name":"ef_particle_main 2/ef_particle_main 2_00039"},{"time":1.1333,"name":"ef_particle_main 2/ef_particle_main 2_00040"},{"time":1.2,"name":"ef_particle_main 2/ef_particle_main 2_00041"},{"time":1.2666,"name":"ef_particle_main 2/ef_particle_main 2_00042"},{"time":1.3333,"name":"ef_particle_main 2/ef_particle_main 2_00043"},{"time":1.4,"name":"ef_particle_main 2/ef_particle_main 2_00044"},{"time":1.4666,"name":"ef_particle_main 2/ef_particle_main 2_00045"},{"time":1.5333,"name":null}],"color":[{"time":0.9666,"color":"ffffffff"},{"time":1.5333,"color":"ffffff00"}]},"ef_particle_main_b7":{"attachment":[{"time":0.3666,"name":"ef_particle_main 2/ef_particle_main 2_00019"},{"time":0.4,"name":"ef_particle_main 2/ef_particle_main 2_00020"},{"time":0.4333,"name":"ef_particle_main 2/ef_particle_main 2_00021"},{"time":0.4666,"name":"ef_particle_main 2/ef_particle_main 2_00022"},{"time":0.5,"name":"ef_particle_main 2/ef_particle_main 2_00023"},{"time":0.5333,"name":"ef_particle_main 2/ef_particle_main 2_00024"},{"time":0.5666,"name":"ef_particle_main 2/ef_particle_main 2_00025"},{"time":0.6,"name":"ef_particle_main 2/ef_particle_main 2_00026"},{"time":0.6333,"name":"ef_particle_main 2/ef_particle_main 2_00027"},{"time":0.6666,"name":"ef_particle_main 2/ef_particle_main 2_00028"},{"time":0.7,"name":"ef_particle_main 2/ef_particle_main 2_00029"},{"time":0.7333,"name":"ef_particle_main 2/ef_particle_main 2_00030"},{"time":0.7666,"name":"ef_particle_main 2/ef_particle_main 2_00031"},{"time":0.8,"name":"ef_particle_main 2/ef_particle_main 2_00032"},{"time":0.8333,"name":"ef_particle_main 2/ef_particle_main 2_00033"},{"time":0.9,"name":"ef_particle_main 2/ef_particle_main 2_00034"},{"time":0.9666,"name":"ef_particle_main 2/ef_particle_main 2_00035"},{"time":1.0333,"name":"ef_particle_main 2/ef_particle_main 2_00036"},{"time":1.1,"name":"ef_particle_main 2/ef_particle_main 2_00037"},{"time":1.1666,"name":"ef_particle_main 2/ef_particle_main 2_00038"},{"time":1.2333,"name":"ef_particle_main 2/ef_particle_main 2_00039"},{"time":1.3,"name":"ef_particle_main 2/ef_particle_main 2_00040"},{"time":1.3666,"name":"ef_particle_main 2/ef_particle_main 2_00041"},{"time":1.4333,"name":"ef_particle_main 2/ef_particle_main 2_00042"},{"time":1.5,"name":"ef_particle_main 2/ef_particle_main 2_00043"},{"time":1.5666,"name":"ef_particle_main 2/ef_particle_main 2_00044"},{"time":1.6333,"name":"ef_particle_main 2/ef_particle_main 2_00045"},{"time":1.7333,"name":null}],"color":[{"time":1.1666,"color":"ffffffff"},{"time":1.7333,"color":"ffffff00"}]},"ef_slash_bolt_main":{"attachment":[{"time":0.2,"name":"ef_slash_bolt_main/ef_slash_bolt_main_00001"},{"time":0.2333,"name":"ef_slash_bolt_main/ef_slash_bolt_main_00002"},{"time":0.2666,"name":"ef_slash_bolt_main/ef_slash_bolt_main_00001"},{"time":0.3,"name":"ef_slash_bolt_main/ef_slash_bolt_main_00002"},{"time":0.3333,"name":"ef_slash_bolt_main/ef_slash_bolt_main_00003"},{"time":0.4,"name":"ef_slash_bolt_main/ef_slash_bolt_main_00004"},{"time":1,"name":null}],"color":[{"time":0.4,"color":"ffffffff"},{"time":1,"color":"ffffff00"}]},"ef_slash_water_main":{"attachment":[{"time":0.2333,"name":"ef_slash_water_main/ef_slash_water_main_00001"},{"time":0.2666,"name":"ef_slash_water_main/ef_slash_water_main_00002"},{"time":0.3,"name":"ef_slash_water_main/ef_slash_water_main_00003"},{"time":0.3333,"name":"ef_slash_water_main/ef_slash_water_main_00004"},{"time":0.3666,"name":"ef_slash_water_main/ef_slash_water_main_00005"},{"time":0.4333,"name":"ef_slash_water_main/ef_slash_water_main_00006"},{"time":0.5,"name":"ef_slash_water_main/ef_slash_water_main_00007"},{"time":0.6,"name":null}],"color":[{"time":0.2333,"color":"ffffffff","curve":"stepped"},{"time":0.3666,"color":"ffffffff"},{"time":0.6,"color":"ffffff00"}]},"ef_slash_water_main2":{"attachment":[{"time":0.3,"name":"ef_slash_water_main/ef_slash_water_main_00001"},{"time":0.3333,"name":"ef_slash_water_main/ef_slash_water_main_00002"},{"time":0.3666,"name":"ef_slash_water_main/ef_slash_water_main_00003"},{"time":0.4,"name":"ef_slash_water_main/ef_slash_water_main_00004"},{"time":0.4333,"name":"ef_slash_water_main/ef_slash_water_main_00005"},{"time":0.4666,"name":"ef_slash_water_main/ef_slash_water_main_00007"},{"time":0.7,"name":null}],"color":[{"time":0.3,"color":"ffffffff","curve":"stepped"},{"time":0.4666,"color":"ffffffff"},{"time":0.7,"color":"ffffff00"}]},"ef_slash_water_main3":{"attachment":[{"time":0.2333,"name":null},{"time":0.2666,"name":"ef_slash_water_main/ef_slash_water_main_00001"},{"time":0.3,"name":"ef_slash_water_main/ef_slash_water_main_00002"},{"time":0.3333,"name":"ef_slash_water_main/ef_slash_water_main_00003"},{"time":0.3666,"name":"ef_slash_water_main/ef_slash_water_main_00004"},{"time":0.4,"name":"ef_slash_water_main/ef_slash_water_main_00005"},{"time":0.4666,"name":"ef_slash_water_main/ef_slash_water_main_00006"},{"time":0.5,"name":"ef_slash_water_main/ef_slash_water_main_00007"},{"time":0.6333,"name":null}],"color":[{"time":0.2333,"color":"ffffff00","curve":"stepped"},{"time":0.2666,"color":"ffffffff","curve":"stepped"},{"time":0.4,"color":"ffffffff"},{"time":0.6333,"color":"ffffff00"}]},"ef_slash_water_main4":{"attachment":[{"time":0.2333,"name":null},{"time":0.3333,"name":"ef_slash_water_main/ef_slash_water_main_00001"},{"time":0.3666,"name":"ef_slash_water_main/ef_slash_water_main_00002"},{"time":0.4,"name":"ef_slash_water_main/ef_slash_water_main_00003"},{"time":0.4333,"name":"ef_slash_water_main/ef_slash_water_main_00004"},{"time":0.4666,"name":"ef_slash_water_main/ef_slash_water_main_00005"},{"time":0.5,"name":"ef_slash_water_main/ef_slash_water_main_00006"},{"time":0.5333,"name":"ef_slash_water_main/ef_slash_water_main_00007"},{"time":0.7333,"name":null}],"color":[{"time":0.2333,"color":"ffffff00","curve":"stepped"},{"time":0.3333,"color":"ffffffff","curve":"stepped"},{"time":0.5,"color":"ffffffff"},{"time":0.7333,"color":"ffffff00"}]},"ef_slash_water_main5":{"attachment":[{"time":0.2,"name":"ef_slash_water_main/ef_slash_water_main_00007"},{"time":0.2666,"name":null},{"time":0.3,"name":"ef_slash_water_main/ef_slash_water_main_00001"},{"time":0.3333,"name":"ef_slash_water_main/ef_slash_water_main_00002"},{"time":0.3666,"name":"ef_slash_water_main/ef_slash_water_main_00003"},{"time":0.4,"name":"ef_slash_water_main/ef_slash_water_main_00004"},{"time":0.4666,"name":"ef_slash_water_main/ef_slash_water_main_00005"},{"time":0.5333,"name":"ef_slash_water_main/ef_slash_water_main_00006"},{"time":0.6,"name":"ef_slash_water_main/ef_slash_water_main_00007"},{"time":0.6666,"name":null}],"color":[{"time":0.2666,"color":"ffffff00","curve":"stepped"},{"time":0.3,"color":"ffffffff","curve":"stepped"},{"time":0.4333,"color":"ffffffff"},{"time":0.6666,"color":"ffffff00"}]},"ef_slash_water_main6":{"attachment":[{"time":0.2333,"name":"ef_slash_water_main/ef_slash_water_main_00006"},{"time":0.2666,"name":"ef_slash_water_main/ef_slash_water_main_00007"},{"time":0.3,"name":null},{"time":0.3666,"name":"ef_slash_water_main/ef_slash_water_main_00001"},{"time":0.4,"name":"ef_slash_water_main/ef_slash_water_main_00002"},{"time":0.4333,"name":"ef_slash_water_main/ef_slash_water_main_00003"},{"time":0.4666,"name":"ef_slash_water_main/ef_slash_water_main_00004"},{"time":0.5,"name":"ef_slash_water_main/ef_slash_water_main_00005"},{"time":0.5333,"name":"ef_slash_water_main/ef_slash_water_main_00006"},{"time":0.5666,"name":"ef_slash_water_main/ef_slash_water_main_00007"},{"time":0.7666,"name":null}],"color":[{"time":0.3,"color":"ffffff00","curve":"stepped"},{"time":0.3666,"color":"ffffffff","curve":"stepped"},{"time":0.5333,"color":"ffffffff"},{"time":0.7666,"color":"ffffff00"}]},"ef_slash_water_main7":{"attachment":[{"time":0.3333,"name":"ef_slash_water_main/ef_slash_water_main_00001"},{"time":0.3666,"name":"ef_slash_water_main/ef_slash_water_main_00002"},{"time":0.4,"name":"ef_slash_water_main/ef_slash_water_main_00003"},{"time":0.4333,"name":"ef_slash_water_main/ef_slash_water_main_00004"},{"time":0.4666,"name":"ef_slash_water_main/ef_slash_water_main_00005"},{"time":0.5,"name":"ef_slash_water_main/ef_slash_water_main_00006"},{"time":0.5333,"name":"ef_slash_water_main/ef_slash_water_main_00007"},{"time":0.7,"name":null}],"color":[{"time":0.3333,"color":"ffffffff","curve":"stepped"},{"time":0.4666,"color":"ffffffff"},{"time":0.7,"color":"ffffff00"}]},"ef_slash_water_main8":{"attachment":[{"time":0.3666,"name":"ef_slash_water_main/ef_slash_water_main_00001"},{"time":0.4,"name":"ef_slash_water_main/ef_slash_water_main_00002"},{"time":0.4333,"name":"ef_slash_water_main/ef_slash_water_main_00003"},{"time":0.4666,"name":"ef_slash_water_main/ef_slash_water_main_00004"},{"time":0.5,"name":"ef_slash_water_main/ef_slash_water_main_00005"},{"time":0.5333,"name":"ef_slash_water_main/ef_slash_water_main_00006"},{"time":0.5666,"name":"ef_slash_water_main/ef_slash_water_main_00007"},{"time":0.7666,"name":null}],"color":[{"time":0.3666,"color":"ffffffff","curve":"stepped"},{"time":0.5333,"color":"ffffffff"},{"time":0.7666,"color":"ffffff00"}]},"ef_smash_attack_main":{"attachment":[{"time":0.2333,"name":"ef_smash_attack_main/ef_smash_attack_main_00001"},{"time":0.2666,"name":"ef_smash_attack_main/ef_smash_attack_main_00002"},{"time":0.3,"name":"ef_smash_attack_main/ef_smash_attack_main_00003"},{"time":0.3333,"name":"ef_smash_attack_main/ef_smash_attack_main_00004"},{"time":0.4,"name":null}]},"ef_smash_attack_main2":{"attachment":[{"time":0.2666,"name":"ef_smash_attack_main/ef_smash_attack_main_00001"},{"time":0.3,"name":"ef_smash_attack_main/ef_smash_attack_main_00002"},{"time":0.3333,"name":"ef_smash_attack_main/ef_smash_attack_main_00003"},{"time":0.3666,"name":"ef_smash_attack_main/ef_smash_attack_main_00004"},{"time":0.4333,"name":null}]},"ef_smash_sprash_main":{"attachment":[{"time":0.2333,"name":"ef_smash_sprash_main/ef_smash_sprash_main_00001"},{"time":0.2666,"name":"ef_smash_sprash_main/ef_smash_sprash_main_00002"},{"time":0.3333,"name":"ef_smash_sprash_main/ef_smash_sprash_main_00004"},{"time":0.3666,"name":"ef_smash_sprash_main/ef_smash_sprash_main_00005"},{"time":0.4333,"name":"ef_smash_sprash_main/ef_smash_sprash_main_00007"},{"time":0.4666,"name":"ef_smash_sprash_main/ef_smash_sprash_main_00008"},{"time":0.5,"name":null}]},"ef_smash_sprash_main2":{"attachment":[{"time":0.2666,"name":"ef_smash_sprash_main/ef_smash_sprash_main_00001"},{"time":0.3,"name":"ef_smash_sprash_main/ef_smash_sprash_main_00002"},{"time":0.3666,"name":"ef_smash_sprash_main/ef_smash_sprash_main_00004"},{"time":0.4,"name":"ef_smash_sprash_main/ef_smash_sprash_main_00005"},{"time":0.4666,"name":"ef_smash_sprash_main/ef_smash_sprash_main_00007"},{"time":0.5,"name":"ef_smash_sprash_main/ef_smash_sprash_main_00008"},{"time":0.5333,"name":null}]},"ef_smash_sprash_main3":{"attachment":[{"time":0.3666,"name":"ef_smash_sprash_main/ef_smash_sprash_main_00001"},{"time":0.4,"name":"ef_smash_sprash_main/ef_smash_sprash_main_00002"},{"time":0.4666,"name":"ef_smash_sprash_main/ef_smash_sprash_main_00004"},{"time":0.5,"name":"ef_smash_sprash_main/ef_smash_sprash_main_00005"},{"time":0.5666,"name":"ef_smash_sprash_main/ef_smash_sprash_main_00007"},{"time":0.6,"name":"ef_smash_sprash_main/ef_smash_sprash_main_00008"},{"time":0.6333,"name":null}]},"ef_smash_sprash_main6":{"attachment":[{"time":0.2,"name":"ef_smash_sprash_main/ef_smash_sprash_main_00004"},{"time":0.2333,"name":"ef_smash_sprash_main/ef_smash_sprash_main_00005"},{"time":0.3,"name":"ef_smash_sprash_main/ef_smash_sprash_main_00007"},{"time":0.3333,"name":"ef_smash_sprash_main/ef_smash_sprash_main_00008"},{"time":0.3666,"name":null}]},"ef_smash_wave_main":{"attachment":[{"time":0.2,"name":"ef_smash_wave_main/ef_smash_wave_main_00001"},{"time":0.2333,"name":"ef_smash_wave_main/ef_smash_wave_main_00002"},{"time":0.2666,"name":"ef_smash_wave_main/ef_smash_wave_main_00003"},{"time":0.3,"name":"ef_smash_wave_main/ef_smash_wave_main_00004"},{"time":0.3333,"name":"ef_smash_wave_main/ef_smash_wave_main_00005"},{"time":0.3666,"name":null}]},"ef_smash_wave_main2":{"attachment":[{"time":0.2333,"name":"ef_smash_wave_main/ef_smash_wave_main_00001"},{"time":0.2666,"name":"ef_smash_wave_main/ef_smash_wave_main_00002"},{"time":0.3,"name":"ef_smash_wave_main/ef_smash_wave_main_00003"},{"time":0.3333,"name":"ef_smash_wave_main/ef_smash_wave_main_00004"},{"time":0.3666,"name":"ef_smash_wave_main/ef_smash_wave_main_00005"},{"time":0.4,"name":null}]},"ef_smash_wave_main3":{"attachment":[{"time":0.2666,"name":"ef_smash_wave_main/ef_smash_wave_main_00001"},{"time":0.3,"name":"ef_smash_wave_main/ef_smash_wave_main_00002"},{"time":0.3333,"name":"ef_smash_wave_main/ef_smash_wave_main_00003"},{"time":0.3666,"name":"ef_smash_wave_main/ef_smash_wave_main_00004"},{"time":0.4,"name":"ef_smash_wave_main/ef_smash_wave_main_00005"},{"time":0.4333,"name":null}]},"ef_smash_wave_main4":{"attachment":[{"time":0.3,"name":"ef_smash_wave_main/ef_smash_wave_main_00001"},{"time":0.3333,"name":"ef_smash_wave_main/ef_smash_wave_main_00002"},{"time":0.3666,"name":"ef_smash_wave_main/ef_smash_wave_main_00003"},{"time":0.4,"name":"ef_smash_wave_main/ef_smash_wave_main_00004"},{"time":0.4333,"name":"ef_smash_wave_main/ef_smash_wave_main_00005"},{"time":0.4666,"name":null}]},"ef_smash_wave_main5":{"attachment":[{"time":0.3333,"name":"ef_smash_wave_main/ef_smash_wave_main_00001"},{"time":0.3666,"name":"ef_smash_wave_main/ef_smash_wave_main_00002"},{"time":0.4,"name":"ef_smash_wave_main/ef_smash_wave_main_00003"},{"time":0.4333,"name":"ef_smash_wave_main/ef_smash_wave_main_00004"},{"time":0.4666,"name":"ef_smash_wave_main/ef_smash_wave_main_00005"},{"time":0.5,"name":null}]},"ef_water_wall_main":{"attachment":[{"time":0.2,"name":"ef_water_wall_main/ef_water_wall_main_00020"},{"time":0.2333,"name":"ef_water_wall_main/ef_water_wall_main_00021"},{"time":0.2666,"name":"ef_water_wall_main/ef_water_wall_main_00022"},{"time":0.3,"name":"ef_water_wall_main/ef_water_wall_main_00023"},{"time":0.3333,"name":"ef_water_wall_main/ef_water_wall_main_00024"},{"time":0.3666,"name":"ef_water_wall_main/ef_water_wall_main_00025"},{"time":0.4,"name":"ef_water_wall_main/ef_water_wall_main_00026"},{"time":0.4333,"name":"ef_water_wall_main/ef_water_wall_main_00027"},{"time":0.4666,"name":"ef_water_wall_main/ef_water_wall_main_00028"},{"time":0.5,"name":"ef_water_wall_main/ef_water_wall_main_00029"},{"time":0.5333,"name":"ef_water_wall_main/ef_water_wall_main_00030"},{"time":0.5666,"name":null}]},"ef_water_wall_main2":{"attachment":[{"time":0.3,"name":"ef_water_wall_main/ef_water_wall_main_00020"},{"time":0.3333,"name":"ef_water_wall_main/ef_water_wall_main_00021"},{"time":0.3666,"name":"ef_water_wall_main/ef_water_wall_main_00022"},{"time":0.4,"name":"ef_water_wall_main/ef_water_wall_main_00023"},{"time":0.4333,"name":"ef_water_wall_main/ef_water_wall_main_00024"},{"time":0.4666,"name":"ef_water_wall_main/ef_water_wall_main_00025"},{"time":0.5,"name":"ef_water_wall_main/ef_water_wall_main_00026"},{"time":0.5333,"name":"ef_water_wall_main/ef_water_wall_main_00027"},{"time":0.5666,"name":"ef_water_wall_main/ef_water_wall_main_00028"},{"time":0.6,"name":"ef_water_wall_main/ef_water_wall_main_00029"},{"time":0.6333,"name":"ef_water_wall_main/ef_water_wall_main_00030"},{"time":0.6666,"name":null}]},"ef_wind_wall_blue":{"attachment":[{"time":0.3666,"name":null}]}},"bones":{"ef_slash_bolt_main":{"rotate":[{"time":0.2,"angle":107.76,"curve":"stepped"},{"time":0.2333,"angle":-74.77}],"translate":[{"time":0.2,"x":-689.09,"y":-365.6,"curve":"stepped"},{"time":0.2333,"x":-701.96,"y":-285.98,"curve":"stepped"},{"time":0.2666,"x":-756.17,"y":-86.99,"curve":"stepped"},{"time":0.3,"x":-763.4,"y":-60.45,"curve":"stepped"},{"time":0.3333,"x":-774.3,"y":-20.46}],"scale":[{"time":0.2,"x":1,"y":1,"curve":"stepped"},{"time":0.2333,"x":2.165,"y":1.664,"curve":"stepped"},{"time":0.2666,"x":2.328,"y":2.042,"curve":"stepped"},{"time":0.3,"x":4.436,"y":2.421,"curve":"stepped"},{"time":0.3333,"x":3.176,"y":14.755,"curve":"stepped"},{"time":0.3666,"x":3.176,"y":0.336,"curve":"stepped"},{"time":0.4,"x":3.176,"y":4.453,"curve":"stepped"},{"time":0.4333,"x":3.176,"y":0.291}]},"ef_smash_wave_main":{"rotate":[{"time":0.2,"angle":-73.09}],"translate":[{"time":0.2,"x":-762,"y":-431.39}],"scale":[{"time":0.2,"x":5,"y":5}]},"ef_smash_wave_main2":{"rotate":[{"time":0.2333,"angle":-73.09}],"translate":[{"time":0.2333,"x":-807.11,"y":-282.99}],"scale":[{"time":0.2333,"x":5,"y":5}]},"ef_smash_wave_main3":{"rotate":[{"time":0.2666,"angle":-73.09}],"translate":[{"time":0.2666,"x":-863.21,"y":-98.43}],"scale":[{"time":0.2666,"x":5,"y":5}]},"ef_smash_wave_main4":{"rotate":[{"time":0.3,"angle":-73.09}],"translate":[{"time":0.3,"x":-916.32,"y":76.26}],"scale":[{"time":0.3,"x":5,"y":5}]},"ef_smash_wave_main5":{"rotate":[{"time":0.3333,"angle":-73.09}],"translate":[{"time":0.3333,"x":-966.43,"y":241.13}],"scale":[{"time":0.3333,"x":5,"y":5}]},"ef_smash_attack_main":{"rotate":[{"time":0.2333,"angle":-74.5}],"translate":[{"time":0.2333,"x":-722.2,"y":-25.05}],"scale":[{"time":0.2333,"x":3,"y":3}]},"ef_smash_attack_main2":{"rotate":[{"time":0.2666,"angle":-74.5}],"translate":[{"time":0.2666,"x":-805.23,"y":274.29}],"scale":[{"time":0.2666,"x":3,"y":3}]},"ef_slash_water_main":{"rotate":[{"time":0.2333,"angle":30.87}],"translate":[{"time":0.2333,"x":-610.14,"y":-491.52}],"scale":[{"time":0.2333,"x":2,"y":2,"curve":[0.325,0.58,0.526,0.99]},{"time":0.6,"x":3.5,"y":3.5}]},"ef_slash_water_main2":{"rotate":[{"time":0.3,"angle":42.55}],"translate":[{"time":0.3,"x":-771.92,"y":-381.41}],"scale":[{"time":0.3,"x":-1.5,"y":1.5,"curve":[0.25,0,0.432,0.77]},{"time":0.7,"x":-2.5,"y":2.5}]},"ef_slash_water_main3":{"rotate":[{"time":0.2666,"angle":-31.28}],"translate":[{"time":0.2666,"x":-586.98,"y":-485.36}],"scale":[{"time":0.2333,"x":2,"y":2,"curve":"stepped"},{"time":0.2666,"x":2,"y":2,"curve":[0.325,0.58,0.526,0.99]},{"time":0.6333,"x":3.5,"y":3.5}]},"ef_slash_water_main4":{"rotate":[{"time":0.3333,"angle":-14.98}],"translate":[{"time":0.3333,"x":-488.89,"y":-315.53}],"scale":[{"time":0.2333,"x":2,"y":2.2,"curve":"stepped"},{"time":0.3333,"x":-1.5,"y":1.5,"curve":[0.25,0,0.432,0.77]},{"time":0.7333,"x":-2.5,"y":2.5}]},"ef_slash_water_main5":{"rotate":[{"time":0.3,"angle":15.98}],"translate":[{"time":0.3,"x":-755.34,"y":-199.88}],"scale":[{"time":0.2666,"x":2.5,"y":2.5,"curve":"stepped"},{"time":0.3,"x":2.5,"y":2.25,"curve":[0.325,0.58,0.526,0.99]},{"time":0.6666,"x":3.934,"y":3.934}]},"ef_slash_water_main6":{"rotate":[{"time":0.3666,"angle":47.14}],"translate":[{"time":0.3666,"x":-730.45,"y":-167.67}],"scale":[{"time":0.3,"x":2.5,"y":2.5,"curve":"stepped"},{"time":0.3666,"x":-1.5,"y":1.5,"curve":[0.25,0,0.432,0.77]},{"time":0.7666,"x":-2.5,"y":2.5}]},"ef_slash_water_main7":{"rotate":[{"time":0.3333,"angle":-20.28}],"translate":[{"time":0.3333,"x":-641.15,"y":-167.67}],"scale":[{"time":0.3333,"x":1.56,"y":1.56,"curve":[0.325,0.58,0.526,0.99]},{"time":0.7,"x":3.8,"y":3.8}]},"ef_slash_water_main8":{"rotate":[{"time":0.3666,"angle":-9.83}],"translate":[{"time":0.3666,"x":-641.62,"y":-221.83}],"scale":[{"time":0.3666,"x":1.2,"y":1.3,"curve":[0.25,0,0.432,0.77]},{"time":0.7666,"x":2.75,"y":2.75}]},"ef_smash_sprash_main":{"rotate":[{"time":0.2333,"angle":71.28}],"translate":[{"time":0.2333,"x":-667.13,"y":-100.06}],"scale":[{"time":0.2333,"x":-3,"y":3}]},"ef_smash_sprash_main2":{"rotate":[{"time":0.2666,"angle":-78.85}],"translate":[{"time":0.2666,"x":-758.35,"y":165.43}],"scale":[{"time":0.2666,"x":5.138,"y":-4.564}]},"ef_smash_sprash_main3":{"rotate":[{"time":0.3666,"angle":-55.97}],"translate":[{"time":0.3666,"x":-743.71,"y":144.93}],"scale":[{"time":0.3666,"x":3.161,"y":3.161}]},"ef_wind_wall_blue":{"translate":[{"time":0.3666,"x":-600,"y":600}],"scale":[{"time":0.2666,"x":80,"y":20,"curve":[0.69,0,0.863,0.55]},{"time":0.3666,"x":80,"y":8.341}]},"ef_water_wall_main":{"rotate":[{"time":0.2,"angle":16.01}],"translate":[{"time":0.2,"x":-566.95,"y":-126.16,"curve":"stepped"},{"time":0.3333,"x":-566.95,"y":-126.16,"curve":[0.25,0.01,0.133,0.97]},{"time":0.5666,"x":-729.38,"y":439.21}],"scale":[{"time":0.2,"x":3.732,"y":3},{"time":0.3333,"x":5.171,"y":2.468,"curve":[0.25,0,0.19,0.17]},{"time":0.5666,"x":4,"y":4}]},"ef_particle_main_b2":{"rotate":[{"time":0.3333,"angle":25.16,"curve":[0.133,0.88,0.75,1]},{"time":0.5,"angle":0}],"translate":[{"time":0.3333,"x":-700,"y":15.37,"curve":[0.177,0.84,0.338,0.91]},{"time":0.5333,"x":-750,"y":230.97,"curve":[0.07,0.92,0.75,1]},{"time":0.7333,"x":-750,"y":240.77,"curve":[0.302,0.12,0.723,0.59]},{"time":1.5,"x":-750,"y":134.14}],"scale":[{"time":0.3333,"x":1,"y":1},{"time":0.5,"x":3.729,"y":3.729}]},"ef_particle_main_b":{"rotate":[{"time":0.4,"angle":-22.32,"curve":[0.168,0.81,0.454,0.96]},{"time":0.5666,"angle":0}],"translate":[{"time":0.4,"x":-509.26,"y":-38},{"time":0.6,"x":-512,"y":196.95,"curve":[0.136,0.94,0.75,1]},{"time":0.8,"x":-512,"y":237.56,"curve":[0.25,0,0.784,0.73]},{"time":1.5666,"x":-512,"y":163.72}],"scale":[{"time":0.4,"x":-1,"y":1},{"time":0.5666,"x":-3.5,"y":3.5}]},"ef_particle_main_b3":{"rotate":[{"time":0.2333,"angle":18.3,"curve":[0.25,0,0.75,1]},{"time":0.3333,"angle":0}],"translate":[{"time":0.2333,"x":-603.32,"y":248.31,"curve":[0.224,0.7,0.75,1]},{"time":0.3333,"x":-629.01,"y":326.02,"curve":[0.224,1,0.75,1]},{"time":0.4666,"x":-629.01,"y":338.42},{"time":1.3666,"x":-629.01,"y":252.48}],"scale":[{"time":0.2333,"x":5,"y":5},{"time":0.3333,"x":10,"y":10}]},"ef_water_wall_main2":{"rotate":[{"time":0.3,"angle":15.75}],"translate":[{"time":0.3,"x":-540.93,"y":-218.48},{"time":0.4333,"x":-576.03,"y":-56.42,"curve":[0.171,0.7,0.133,0.97]},{"time":0.5666,"x":-729.38,"y":439.21}],"scale":[{"time":0.3,"x":-3.176,"y":1.247},{"time":0.3333,"x":-3.176,"y":1.933},{"time":0.3666,"x":-3.176,"y":3.108},{"time":0.4,"x":-2.987,"y":4.889},{"time":0.4333,"x":-4.577,"y":4.889}]},"ef_particle_main_b4":{"rotate":[{"time":0.3666,"angle":30.4,"curve":[0.133,0.81,0.75,1]},{"time":0.6,"angle":0}],"translate":[{"time":0.3666,"x":-709.19,"y":-152.42,"curve":[0.227,1,0.75,1]},{"time":0.5666,"x":-791.47,"y":-12.17,"curve":[0.196,0.97,0.75,1]},{"time":0.7666,"x":-791.47,"y":32.28,"curve":[0.25,0,0.863,0.55]},{"time":1.4333,"x":-791.47,"y":-52.39}],"scale":[{"time":0.3666,"x":1,"y":1},{"time":0.5666,"x":-2,"y":2}]},"ef_particle_main_b5":{"rotate":[{"time":0.3666,"angle":0.78,"curve":[0.133,0.81,0.75,1]},{"time":0.6,"angle":0}],"translate":[{"time":0.3666,"x":-475.62,"y":-186.72,"curve":[0.227,1,0.75,1]},{"time":0.5666,"x":-490.86,"y":93.67,"curve":[0.196,0.97,0.75,1]},{"time":0.7666,"x":-490.86,"y":123.31,"curve":[0.667,0,0.781,0.68]},{"time":1.5333,"x":-490.86,"y":92.54}],"scale":[{"time":0.3666,"x":-1,"y":1},{"time":0.5666,"x":-3,"y":3}]},"ef_particle_main_b6":{"rotate":[{"time":0.3666,"angle":43.25,"curve":[0.133,0.81,0.75,1]},{"time":0.5666,"angle":0}],"translate":[{"time":0.3666,"x":-613.14,"y":-302.97,"curve":[0.227,1,0.75,1]},{"time":0.5666,"x":-920.72,"y":23.95,"curve":[0.227,1,0.75,1]},{"time":0.7333,"x":-920.72,"y":85.34},{"time":1.5333,"x":-920.72,"y":-16.26}],"scale":[{"time":0.3666,"x":1,"y":1},{"time":0.5666,"x":-3,"y":3}]},"ef_particle_main_b7":{"rotate":[{"time":0.3666,"angle":-17.77,"curve":[0.133,0.81,0.75,1]},{"time":0.5666,"angle":0}],"translate":[{"time":0.3666,"x":-613.14,"y":-302.97,"curve":[0.227,1,0.75,1]},{"time":0.5666,"x":-515.72,"y":48.21,"curve":[0.227,1,0.75,1]},{"time":0.7333,"x":-515.72,"y":74.22,"curve":[0.378,0.55,0.758,0.98]},{"time":1.7333,"x":-515.72,"y":24.57}],"scale":[{"time":0.3666,"x":-2,"y":2},{"time":0.5666,"x":-3,"y":3}]},"DAMAGEAREA":{"translate":[{"time":0.2,"x":-243.56,"y":267.85},{"time":0.3333,"x":-336.28,"y":535.7}],"scale":[{"time":0.2,"x":3.924,"y":4.396},{"time":0.3333,"x":5.339,"y":8.846}]}},"events":[{"time":0,"name":"Event","int":250,"string":"setPosition_Target"},{"time":0.1666,"name":"Event","string":"setHitBackEnemy(15,50)"},{"time":0.2,"name":"Event","float":0.15,"string":"kHitStopType_normal"},{"time":0.2,"name":"Event2","float":1.7,"string":"shakeGround"}]}}}