{"skeleton":{"hash":"nPhYlv+Tn+WrNE8v3USIILtxA2I","spine":"3.0.12","width":129,"height":127,"images":"./image/"},"bones":[{"name":"root"},{"name":"MAIN2","parent":"root","x":3.6,"y":31.8,"scaleX":-1,"color":"ffee00ff"},{"name":"HITBOX","parent":"MAIN2","x":1.64,"y":31.16,"scaleX":0.619,"scaleY":0.942,"color":"ffee00ff"},{"name":"MAIN","parent":"root"}],"slots":[{"name":"scenario_9013-idle_0","bone":"MAIN2","attachment":"scenario_9013-idle_0"},{"name":"HITBOX","bone":"HITBOX","attachment":"HITBOX"}],"skins":{"default":{"HITBOX":{"HITBOX":{"type":"boundingbox","vertices":[63.51547,62.945,-63.27623,61.96592,-63.76578,-63.8467,64.49455,-64.82579]}},"scenario_9013-idle_0":{"scenario_9013-bouncing_tansyuku_0":{"x":22.3,"y":65.9,"width":145,"height":197},"scenario_9013-bouncing_tansyuku_1":{"x":22.3,"y":65.91,"width":145,"height":197},"scenario_9013-bouncing_tansyuku_2":{"x":22.3,"y":65.91,"width":145,"height":197},"scenario_9013-bouncing_tansyuku_3":{"x":22.3,"y":65.91,"width":145,"height":197},"scenario_9013-bouncing_tansyuku_4":{"x":22.3,"y":65.91,"width":145,"height":197},"scenario_9013-bouncing_tansyuku_5":{"x":22.3,"y":65.91,"width":145,"height":197},"scenario_9013-idle_0":{"x":34.02,"y":31.56,"width":129,"height":127},"scenario_9013-idle_1":{"x":34.02,"y":31.56,"width":129,"height":127},"scenario_9013-idle_2":{"x":34.02,"y":31.56,"width":129,"height":127},"scenario_9013-idle_3":{"x":34.02,"y":31.56,"width":129,"height":127},"scenario_9013-idle_4":{"x":34.02,"y":31.56,"width":129,"height":127},"scenario_9013-suri_tansyuku_5":{"x":44.14,"y":29.97,"width":186,"height":131},"scenario_9013-suri_tansyuku_6":{"x":44.14,"y":29.97,"width":186,"height":131},"scenario_9013-suri_tansyuku_7":{"x":44.14,"y":29.97,"width":186,"height":131},"scenario_9013-suri_tansyuku_8":{"x":44.14,"y":29.97,"width":186,"height":131}}}},"events":{"Event":{},"Sound1":{}},"animations":{"back":{"slots":{"scenario_9013-idle_0":{"attachment":[{"time":0,"name":"scenario_9013-suri_tansyuku_5"},{"time":0.0666,"name":"scenario_9013-suri_tansyuku_6"},{"time":0.1333,"name":"scenario_9013-suri_tansyuku_7"},{"time":0.2,"name":"scenario_9013-suri_tansyuku_8"},{"time":0.2666,"name":"scenario_9013-suri_tansyuku_5"},{"time":0.3333,"name":"scenario_9013-suri_tansyuku_6"},{"time":0.4,"name":"scenario_9013-suri_tansyuku_7"},{"time":0.4666,"name":"scenario_9013-suri_tansyuku_8"},{"time":0.5333,"name":"scenario_9013-suri_tansyuku_5"},{"time":0.6,"name":"scenario_9013-suri_tansyuku_6"},{"time":0.6666,"name":"scenario_9013-suri_tansyuku_7"}]}},"bones":{"MAIN2":{"scale":[{"time":0,"x":-1,"y":1}]}}},"cast":{"slots":{"scenario_9013-idle_0":{"attachment":[{"time":0,"name":"scenario_9013-bouncing_tansyuku_0"},{"time":0.0666,"name":"scenario_9013-bouncing_tansyuku_1"},{"time":0.1333,"name":"scenario_9013-bouncing_tansyuku_2"},{"time":0.2666,"name":"scenario_9013-bouncing_tansyuku_3"},{"time":0.4333,"name":"scenario_9013-bouncing_tansyuku_4"},{"time":0.5,"name":"scenario_9013-bouncing_tansyuku_5"},{"time":0.5666,"name":"scenario_9013-bouncing_tansyuku_0"},{"time":0.6666,"name":"scenario_9013-bouncing_tansyuku_0"}]}},"events":[{"time":0,"name":"Sound1","string":"cri_se_battle_pop_jump"},{"time":0.6333,"name":"Event","string":"runScript-ruItemUseEnd"}]},"front":{"slots":{"scenario_9013-idle_0":{"attachment":[{"time":0,"name":"scenario_9013-suri_tansyuku_5"},{"time":0.0666,"name":"scenario_9013-suri_tansyuku_6"},{"time":0.1333,"name":"scenario_9013-suri_tansyuku_7"},{"time":0.2,"name":"scenario_9013-suri_tansyuku_8"},{"time":0.2666,"name":"scenario_9013-suri_tansyuku_5"},{"time":0.3333,"name":"scenario_9013-suri_tansyuku_6"},{"time":0.4,"name":"scenario_9013-suri_tansyuku_7"},{"time":0.4666,"name":"scenario_9013-suri_tansyuku_8"},{"time":0.5333,"name":"scenario_9013-suri_tansyuku_5"},{"time":0.6,"name":"scenario_9013-suri_tansyuku_6"},{"time":0.6666,"name":"scenario_9013-suri_tansyuku_7"}]}}},"idle":{"slots":{"scenario_9013-idle_0":{"attachment":[{"time":0,"name":"scenario_9013-idle_0"},{"time":0.1666,"name":"scenario_9013-idle_1"},{"time":0.3333,"name":"scenario_9013-idle_2"},{"time":0.5,"name":"scenario_9013-idle_3"},{"time":0.6666,"name":"scenario_9013-idle_4"},{"time":0.8333,"name":"scenario_9013-idle_0"}]}}}}}