{"skeleton":{"hash":"ADXiAZDpb88Ko+d+OT1zNW0MgQ0","spine":"3.0.12","width":0,"height":0},"bones":[{"name":"root"},{"name":"MAIN","parent":"root"},{"name":"ef_fire_dash1","parent":"MAIN"},{"name":"ef_cross2_skill1","parent":"MAIN"},{"name":"ef_cross1_skill1","parent":"MAIN"},{"name":"DAMAGEAREA","parent":"root"}],"slots":[{"name":"EF/skill1/ef/SKI1_6_ef_cross_main2/ef_cross_main 2_00001","bone":"ef_cross2_skill1","blend":"additive"},{"name":"EF/skill1/ef/SKI1_6_ef_cross_main/ef_cross_main_00001","bone":"ef_cross1_skill1","blend":"additive"},{"name":"EF/skill1/ef/SKI1_ef_fire_dash_main/ef_fire_dash_main_00001","bone":"ef_fire_dash1","blend":"additive"},{"name":"DAMAGEAREA","bone":"DAMAGEAREA"}],"skins":{"default":{"DAMAGEAREA":{"DAMAGEAREA":{"type":"boundingbox","vertices":[-64.52195,-64.49846,63.87488,-64.49846,63.87488,63.51739,-64.52195,63.51739]}},"EF/skill1/ef/SKI1_6_ef_cross_main/ef_cross_main_00001":{"EF/skill1/ef/SKI1_6_ef_cross_main/ef_cross_main_00001":{"width":360,"height":360},"EF/skill1/ef/SKI1_6_ef_cross_main/ef_cross_main_00003":{"width":360,"height":360},"EF/skill1/ef/SKI1_6_ef_cross_main/ef_cross_main_00006":{"width":360,"height":360},"EF/skill1/ef/SKI1_6_ef_cross_main/ef_cross_main_00011":{"width":360,"height":360},"EF/skill1/ef/SKI1_6_ef_cross_main/ef_cross_main_00012":{"width":360,"height":360}},"EF/skill1/ef/SKI1_6_ef_cross_main2/ef_cross_main 2_00001":{"EF/skill1/ef/SKI1_6_ef_cross_main2/ef_cross_main 2_00001":{"width":360,"height":360},"EF/skill1/ef/SKI1_6_ef_cross_main2/ef_cross_main 2_00003":{"width":360,"height":360},"EF/skill1/ef/SKI1_6_ef_cross_main2/ef_cross_main 2_00006":{"width":360,"height":360},"EF/skill1/ef/SKI1_6_ef_cross_main2/ef_cross_main 2_00011":{"width":360,"height":360},"EF/skill1/ef/SKI1_6_ef_cross_main2/ef_cross_main 2_00012":{"width":360,"height":360}},"EF/skill1/ef/SKI1_ef_fire_dash_main/ef_fire_dash_main_00001":{"EF/skill1/ef/SKI1_ef_fire_dash_main/ef_fire_dash_main_00001":{"y":55.59,"width":240,"height":240},"EF/skill1/ef/SKI1_ef_fire_dash_main/ef_fire_dash_main_00003":{"y":55.59,"width":240,"height":240},"EF/skill1/ef/SKI1_ef_fire_dash_main/ef_fire_dash_main_00004":{"y":55.59,"width":240,"height":240},"EF/skill1/ef/SKI1_ef_fire_dash_main/ef_fire_dash_main_00006":{"y":55.59,"width":240,"height":240},"EF/skill1/ef/SKI1_ef_fire_dash_main/ef_fire_dash_main_00007":{"y":55.59,"width":240,"height":240},"EF/skill1/ef/SKI1_ef_fire_dash_main/ef_fire_dash_main_00009":{"y":55.59,"width":240,"height":240},"EF/skill1/ef/SKI1_ef_fire_dash_main/ef_fire_dash_main_00010":{"y":55.59,"width":240,"height":240},"EF/skill1/ef/SKI1_ef_fire_dash_main/ef_fire_dash_main_00011":{"y":55.59,"width":240,"height":240},"EF/skill1/ef/SKI1_ef_fire_dash_main/ef_fire_dash_main_00013":{"y":55.59,"width":240,"height":240},"EF/skill1/ef/SKI1_ef_fire_dash_main/ef_fire_dash_main_00014":{"y":55.59,"width":240,"height":240},"EF/skill1/ef/SKI1_ef_fire_dash_main/ef_fire_dash_main_00016":{"y":55.59,"width":240,"height":240}}}},"events":{"Event":{},"Hit":{},"Sound":{},"Sound1":{},"Sound2":{},"Sound3":{}},"animations":{"attack1":{"slots":{"DAMAGEAREA":{"attachment":[{"time":0.1,"name":"DAMAGEAREA"},{"time":0.2666,"name":null}]},"EF/skill1/ef/SKI1_6_ef_cross_main/ef_cross_main_00001":{"attachment":[{"time":0.0666,"name":"EF/skill1/ef/SKI1_6_ef_cross_main/ef_cross_main_00001"},{"time":0.1,"name":"EF/skill1/ef/SKI1_6_ef_cross_main/ef_cross_main_00003"},{"time":0.1333,"name":"EF/skill1/ef/SKI1_6_ef_cross_main/ef_cross_main_00006"},{"time":0.2,"name":"EF/skill1/ef/SKI1_6_ef_cross_main/ef_cross_main_00011"},{"time":0.2333,"name":"EF/skill1/ef/SKI1_6_ef_cross_main/ef_cross_main_00012"},{"time":0.3,"name":null}],"color":[{"time":0.2333,"color":"ffffffff"},{"time":0.3,"color":"ffffff00"}]},"EF/skill1/ef/SKI1_6_ef_cross_main2/ef_cross_main 2_00001":{"attachment":[{"time":0.0666,"name":"EF/skill1/ef/SKI1_6_ef_cross_main2/ef_cross_main 2_00001"},{"time":0.1,"name":"EF/skill1/ef/SKI1_6_ef_cross_main2/ef_cross_main 2_00003"},{"time":0.1333,"name":"EF/skill1/ef/SKI1_6_ef_cross_main2/ef_cross_main 2_00006"},{"time":0.2,"name":"EF/skill1/ef/SKI1_6_ef_cross_main2/ef_cross_main 2_00011"},{"time":0.2333,"name":"EF/skill1/ef/SKI1_6_ef_cross_main2/ef_cross_main 2_00012"},{"time":0.3,"name":null}],"color":[{"time":0.2333,"color":"ffffffff"},{"time":0.3,"color":"ffffff00"}]},"EF/skill1/ef/SKI1_ef_fire_dash_main/ef_fire_dash_main_00001":{"attachment":[{"time":0.0666,"name":"EF/skill1/ef/SKI1_ef_fire_dash_main/ef_fire_dash_main_00001"},{"time":0.1,"name":"EF/skill1/ef/SKI1_ef_fire_dash_main/ef_fire_dash_main_00003"},{"time":0.1333,"name":"EF/skill1/ef/SKI1_ef_fire_dash_main/ef_fire_dash_main_00004"},{"time":0.1666,"name":"EF/skill1/ef/SKI1_ef_fire_dash_main/ef_fire_dash_main_00006"},{"time":0.2,"name":"EF/skill1/ef/SKI1_ef_fire_dash_main/ef_fire_dash_main_00007"},{"time":0.2333,"name":"EF/skill1/ef/SKI1_ef_fire_dash_main/ef_fire_dash_main_00009"},{"time":0.2666,"name":"EF/skill1/ef/SKI1_ef_fire_dash_main/ef_fire_dash_main_00010"},{"time":0.3,"name":"EF/skill1/ef/SKI1_ef_fire_dash_main/ef_fire_dash_main_00011"},{"time":0.3333,"name":"EF/skill1/ef/SKI1_ef_fire_dash_main/ef_fire_dash_main_00013"},{"time":0.3666,"name":"EF/skill1/ef/SKI1_ef_fire_dash_main/ef_fire_dash_main_00014"},{"time":0.4,"name":"EF/skill1/ef/SKI1_ef_fire_dash_main/ef_fire_dash_main_00016"},{"time":0.4333,"name":null}]}},"bones":{"DAMAGEAREA":{"translate":[{"time":0.1,"x":-69.81,"y":74.72},{"time":0.1666,"x":-358.09,"y":75.32},{"time":0.2333,"x":-638.36,"y":75.32}],"scale":[{"time":0.1,"x":3.488,"y":4.004}]},"ef_cross1_skill1":{"translate":[{"time":0.0666,"x":-66.51,"y":103.5},{"time":0.3333,"x":-1156.46,"y":123.11}],"scale":[{"time":0.0666,"x":1.7,"y":1.7},{"time":0.1333,"x":2.5,"y":2.5},{"time":0.2666,"x":3,"y":3}]},"ef_cross2_skill1":{"translate":[{"time":0.0666,"x":-133.83,"y":83.59},{"time":0.3333,"x":-1223.78,"y":103.2}],"scale":[{"time":0.0666,"x":1.7,"y":1.7},{"time":0.1333,"x":2.5,"y":2.5},{"time":0.2666,"x":3,"y":3}]},"ef_fire_dash1":{"translate":[{"time":0.0666,"x":-120.94,"y":0.76}],"scale":[{"time":0.0666,"x":2.5,"y":2.5},{"time":0.1666,"x":2.7,"y":2.7}]},"MAIN":{"translate":[{"time":0,"x":114.65,"y":0}]}},"events":[{"time":0,"name":"Event","string":"kImpactType_knock"},{"time":0.0333,"name":"Event","string":"shakeGround"},{"time":0.0333,"name":"Sound1","string":"cri_se_battle_skill_swish"},{"time":0.0333,"name":"Sound2","string":"cri_se_battle_arrow_light_effect"},{"time":0.0666,"name":"Event","float":0.2,"string":"kHitStopType_normal"},{"time":0.1,"name":"Sound2","string":"setHitSound(se_battle_007_attack_hit_01)"},{"time":0.1666,"name":"Event","float":0.05,"string":"kHitStopType_normal"}]}}}