{
"skeleton": { "hash": "wTqZ4Dt20g1JPdohFd4clhOkrt8", "spine": "3.0.12", "width": 2249.28, "height": 744.8, "images": "" },
"bones": [
	{ "name": "root", "scaleX": 0.968, "scaleY": 0.968 },
	{ "name": "MAIN", "parent": "root" },
	{ "name": "ef_wind_wall_red", "parent": "MAIN", "x": 3504.04, "y": -2.69 },
	{ "name": "ef_wave_red", "parent": "MAIN", "x": 2800.38 },
	{ "name": "ef_slash_bolt_main2", "parent": "MAIN", "x": 3303.64, "y": 619.43 },
	{ "name": "ef_slash_bolt_main", "parent": "MAIN", "x": 3303.64, "y": 619.43 },
	{ "name": "ef_shock_wave_main", "parent": "MAIN", "x": 2100, "y": 600 },
	{ "name": "ef_fire_trrnade_main", "parent": "MAIN", "x": 1800, "y": 600 },
	{ "name": "ef_fire_sprash_main", "parent": "MAIN", "x": 1500 },
	{ "name": "ef_fire_sink_main", "parent": "MAIN", "x": 1500, "y": 300 },
	{ "name": "ef_fire_roll_main2", "parent": "MAIN", "x": 1500, "y": 600, "color": "fb00ffff" },
	{ "name": "ef_fire_roll_main", "parent": "MAIN", "x": 1500, "y": 600, "color": "fb00ffff" },
	{ "name": "ef_fire_red4", "parent": "MAIN", "x": 1200, "color": "00ff15ff" },
	{ "name": "ef_fire_red3", "parent": "MAIN", "x": 1200, "color": "00ff15ff" },
	{ "name": "ef_fire_red2", "parent": "MAIN", "x": 1200, "color": "00ff15ff" },
	{ "name": "ef_fire_red", "parent": "MAIN", "x": 1200, "color": "00ff15ff" },
	{ "name": "ef_fire_circle_B_main5", "parent": "MAIN", "x": 1200, "y": 300, "color": "00ffddff" },
	{ "name": "ef_fire_circle_B_main4", "parent": "MAIN", "x": 1200, "y": 300, "color": "00ffddff" },
	{ "name": "ef_fire_circle_B_main3", "parent": "MAIN", "x": 1200, "y": 300, "color": "00ffddff" },
	{ "name": "ef_fire_circle_B_main2", "parent": "MAIN", "x": 1200, "y": 300, "color": "00ffddff" },
	{ "name": "ef_fire_circle_B_main", "parent": "MAIN", "x": 1200, "y": 300, "color": "00ffddff" },
	{ "name": "ef_fire_circle_A_main4", "parent": "MAIN", "x": 1200, "y": 600, "color": "bb00ffff" },
	{ "name": "ef_fire_circle_A_main3", "parent": "MAIN", "x": 1200, "y": 600, "color": "bb00ffff" },
	{ "name": "ef_fire_circle_A_main2", "parent": "MAIN", "x": 1200, "y": 600, "color": "bb00ffff" },
	{ "name": "ef_fire_circle_A_main", "parent": "MAIN", "x": 1200, "y": 600, "color": "bb00ffff" },
	{ "name": "ef_OF_red", "parent": "MAIN", "x": 600, "y": 300 },
	{ "name": "DAMAGEAREA", "parent": "root" }
],
"slots": [
	{ "name": "ef_fire_sprash_main", "bone": "ef_fire_sprash_main" },
	{ "name": "ef_OF_red", "bone": "ef_OF_red", "blend": "additive" },
	{ "name": "ef_fire_circle_A_main", "bone": "ef_fire_circle_A_main", "blend": "additive" },
	{ "name": "ef_fire_circle_A_main2", "bone": "ef_fire_circle_A_main2", "blend": "additive" },
	{ "name": "ef_fire_circle_A_main3", "bone": "ef_fire_circle_A_main3", "blend": "additive" },
	{ "name": "ef_fire_circle_A_main4", "bone": "ef_fire_circle_A_main4", "blend": "additive" },
	{ "name": "ef_fire_circle_B_main", "bone": "ef_fire_circle_B_main", "blend": "additive" },
	{ "name": "ef_fire_circle_B_main4", "bone": "ef_fire_circle_B_main4", "blend": "additive" },
	{ "name": "ef_fire_circle_B_main2", "bone": "ef_fire_circle_B_main2", "blend": "additive" },
	{ "name": "ef_fire_circle_B_main5", "bone": "ef_fire_circle_B_main5", "blend": "additive" },
	{ "name": "ef_fire_circle_B_main3", "bone": "ef_fire_circle_B_main3", "blend": "additive" },
	{ "name": "ef_fire_red", "bone": "ef_fire_red", "attachment": "image2/EF/ef_fire_red/ef_fire_red_00001", "blend": "additive" },
	{ "name": "ef_fire_red2", "bone": "ef_fire_red2", "blend": "additive" },
	{ "name": "ef_fire_red3", "bone": "ef_fire_red3", "blend": "additive" },
	{ "name": "ef_fire_red4", "bone": "ef_fire_red4", "blend": "additive" },
	{ "name": "ef_fire_roll_main", "bone": "ef_fire_roll_main", "blend": "additive" },
	{ "name": "ef_fire_roll_main2", "bone": "ef_fire_roll_main2", "blend": "additive" },
	{ "name": "ef_fire_sink_main", "bone": "ef_fire_sink_main", "blend": "additive" },
	{ "name": "ef_fire_trrnade_main", "bone": "ef_fire_trrnade_main", "blend": "additive" },
	{ "name": "ef_shock_wave_main", "bone": "ef_shock_wave_main", "blend": "additive" },
	{ "name": "ef_wave_red", "bone": "ef_wave_red", "blend": "additive" },
	{ "name": "ef_wind_wall_red", "bone": "ef_wind_wall_red", "blend": "additive" },
	{
		"name": "ef_slash_bolt_main",
		"bone": "ef_slash_bolt_main",
		"attachment": "image2/EF/ef_slash_bolt_main/ef_slash_bolt_main_00001_png",
		"blend": "additive"
	},
	{ "name": "ef_slash_bolt_main2", "bone": "ef_slash_bolt_main2", "blend": "additive" },
	{ "name": "DAMAGEAREA", "bone": "DAMAGEAREA" }
],
"skins": {
	"default": {
		"DAMAGEAREA": {
			"DAMAGEAREA": {
				"type": "boundingbox",
				"vertices": [ -66.63583, 66.48807, -66.16507, -67.12129, 66.54923, -66.52665, 65.03884, 66.48807 ]
			}
		},
		"ef_OF_red": {
			"image2/EF/ef_OF_red/ef_OF_red_00001": { "scaleX": 2, "scaleY": 2, "width": 100, "height": 100 },
			"image2/EF/ef_OF_red/ef_OF_red_00003": { "scaleX": 2, "scaleY": 2, "width": 100, "height": 100 },
			"image2/EF/ef_OF_red/ef_OF_red_00005": { "scaleX": 2, "scaleY": 2, "width": 100, "height": 100 },
			"image2/EF/ef_OF_red/ef_OF_red_00006": { "scaleX": 2, "scaleY": 2, "width": 100, "height": 100 }
		},
		"ef_fire_circle_A_main": {
			"image2/EF/ef_fire_circle_A_main/ef_fire_circle_A_main_00001": { "scaleX": 4, "scaleY": 4, "width": 100, "height": 100 },
			"image2/EF/ef_fire_circle_A_main/ef_fire_circle_A_main_00002": { "scaleX": 4, "scaleY": 4, "width": 100, "height": 100 },
			"image2/EF/ef_fire_circle_A_main/ef_fire_circle_A_main_00003": { "scaleX": 4, "scaleY": 4, "width": 100, "height": 100 },
			"image2/EF/ef_fire_circle_A_main/ef_fire_circle_A_main_00004": { "scaleX": 4, "scaleY": 4, "width": 100, "height": 100 },
			"image2/EF/ef_fire_circle_A_main/ef_fire_circle_A_main_00005": { "scaleX": 4, "scaleY": 4, "width": 100, "height": 100 },
			"image2/EF/ef_fire_circle_A_main/ef_fire_circle_A_main_00006": { "scaleX": 4, "scaleY": 4, "width": 100, "height": 100 },
			"image2/EF/ef_fire_circle_A_main/ef_fire_circle_A_main_00007": { "scaleX": 4, "scaleY": 4, "width": 100, "height": 100 },
			"image2/EF/ef_fire_circle_A_main/ef_fire_circle_A_main_00008": { "scaleX": 4, "scaleY": 4, "width": 100, "height": 100 },
			"image2/EF/ef_fire_circle_A_main/ef_fire_circle_A_main_00009": { "scaleX": 4, "scaleY": 4, "width": 100, "height": 100 },
			"image2/EF/ef_fire_circle_A_main/ef_fire_circle_A_main_00010": { "scaleX": 4, "scaleY": 4, "width": 100, "height": 100 },
			"image2/EF/ef_fire_circle_A_main/ef_fire_circle_A_main_00011": { "scaleX": 4, "scaleY": 4, "width": 100, "height": 100 },
			"image2/EF/ef_fire_circle_A_main/ef_fire_circle_A_main_00012": { "scaleX": 4, "scaleY": 4, "width": 100, "height": 100 },
			"image2/EF/ef_fire_circle_A_main/ef_fire_circle_A_main_00013": { "scaleX": 4, "scaleY": 4, "width": 100, "height": 100 },
			"image2/EF/ef_fire_circle_A_main/ef_fire_circle_A_main_00014": { "scaleX": 4, "scaleY": 4, "width": 100, "height": 100 },
			"image2/EF/ef_fire_circle_A_main/ef_fire_circle_A_main_00015": { "scaleX": 4, "scaleY": 4, "width": 100, "height": 100 }
		},
		"ef_fire_circle_A_main2": {
			"image2/EF/ef_fire_circle_A_main/ef_fire_circle_A_main_00001": { "scaleX": 4, "scaleY": 4, "width": 100, "height": 100 },
			"image2/EF/ef_fire_circle_A_main/ef_fire_circle_A_main_00002": { "scaleX": 4, "scaleY": 4, "width": 100, "height": 100 },
			"image2/EF/ef_fire_circle_A_main/ef_fire_circle_A_main_00003": { "scaleX": 4, "scaleY": 4, "width": 100, "height": 100 },
			"image2/EF/ef_fire_circle_A_main/ef_fire_circle_A_main_00004": { "scaleX": 4, "scaleY": 4, "width": 100, "height": 100 },
			"image2/EF/ef_fire_circle_A_main/ef_fire_circle_A_main_00005": { "scaleX": 4, "scaleY": 4, "width": 100, "height": 100 },
			"image2/EF/ef_fire_circle_A_main/ef_fire_circle_A_main_00006": { "scaleX": 4, "scaleY": 4, "width": 100, "height": 100 },
			"image2/EF/ef_fire_circle_A_main/ef_fire_circle_A_main_00007": { "scaleX": 4, "scaleY": 4, "width": 100, "height": 100 },
			"image2/EF/ef_fire_circle_A_main/ef_fire_circle_A_main_00008": { "scaleX": 4, "scaleY": 4, "width": 100, "height": 100 },
			"image2/EF/ef_fire_circle_A_main/ef_fire_circle_A_main_00009": { "scaleX": 4, "scaleY": 4, "width": 100, "height": 100 },
			"image2/EF/ef_fire_circle_A_main/ef_fire_circle_A_main_00010": { "scaleX": 4, "scaleY": 4, "width": 100, "height": 100 },
			"image2/EF/ef_fire_circle_A_main/ef_fire_circle_A_main_00011": { "scaleX": 4, "scaleY": 4, "width": 100, "height": 100 },
			"image2/EF/ef_fire_circle_A_main/ef_fire_circle_A_main_00012": { "scaleX": 4, "scaleY": 4, "width": 100, "height": 100 },
			"image2/EF/ef_fire_circle_A_main/ef_fire_circle_A_main_00013": { "scaleX": 4, "scaleY": 4, "width": 100, "height": 100 },
			"image2/EF/ef_fire_circle_A_main/ef_fire_circle_A_main_00014": { "scaleX": 4, "scaleY": 4, "width": 100, "height": 100 },
			"image2/EF/ef_fire_circle_A_main/ef_fire_circle_A_main_00015": { "scaleX": 4, "scaleY": 4, "width": 100, "height": 100 }
		},
		"ef_fire_circle_A_main3": {
			"image2/EF/ef_fire_circle_A_main/ef_fire_circle_A_main_00001": { "scaleX": 4, "scaleY": 4, "width": 100, "height": 100 },
			"image2/EF/ef_fire_circle_A_main/ef_fire_circle_A_main_00002": { "scaleX": 4, "scaleY": 4, "width": 100, "height": 100 },
			"image2/EF/ef_fire_circle_A_main/ef_fire_circle_A_main_00003": { "scaleX": 4, "scaleY": 4, "width": 100, "height": 100 },
			"image2/EF/ef_fire_circle_A_main/ef_fire_circle_A_main_00004": { "scaleX": 4, "scaleY": 4, "width": 100, "height": 100 },
			"image2/EF/ef_fire_circle_A_main/ef_fire_circle_A_main_00005": { "scaleX": 4, "scaleY": 4, "width": 100, "height": 100 },
			"image2/EF/ef_fire_circle_A_main/ef_fire_circle_A_main_00006": { "scaleX": 4, "scaleY": 4, "width": 100, "height": 100 },
			"image2/EF/ef_fire_circle_A_main/ef_fire_circle_A_main_00007": { "scaleX": 4, "scaleY": 4, "width": 100, "height": 100 },
			"image2/EF/ef_fire_circle_A_main/ef_fire_circle_A_main_00008": { "scaleX": 4, "scaleY": 4, "width": 100, "height": 100 },
			"image2/EF/ef_fire_circle_A_main/ef_fire_circle_A_main_00009": { "scaleX": 4, "scaleY": 4, "width": 100, "height": 100 },
			"image2/EF/ef_fire_circle_A_main/ef_fire_circle_A_main_00010": { "scaleX": 4, "scaleY": 4, "width": 100, "height": 100 },
			"image2/EF/ef_fire_circle_A_main/ef_fire_circle_A_main_00011": { "scaleX": 4, "scaleY": 4, "width": 100, "height": 100 },
			"image2/EF/ef_fire_circle_A_main/ef_fire_circle_A_main_00012": { "scaleX": 4, "scaleY": 4, "width": 100, "height": 100 },
			"image2/EF/ef_fire_circle_A_main/ef_fire_circle_A_main_00013": { "scaleX": 4, "scaleY": 4, "width": 100, "height": 100 },
			"image2/EF/ef_fire_circle_A_main/ef_fire_circle_A_main_00014": { "scaleX": 4, "scaleY": 4, "width": 100, "height": 100 },
			"image2/EF/ef_fire_circle_A_main/ef_fire_circle_A_main_00015": { "scaleX": 4, "scaleY": 4, "width": 100, "height": 100 }
		},
		"ef_fire_circle_A_main4": {
			"image2/EF/ef_fire_circle_A_main/ef_fire_circle_A_main_00001": { "scaleX": 4, "scaleY": 4, "width": 100, "height": 100 },
			"image2/EF/ef_fire_circle_A_main/ef_fire_circle_A_main_00002": { "scaleX": 4, "scaleY": 4, "width": 100, "height": 100 },
			"image2/EF/ef_fire_circle_A_main/ef_fire_circle_A_main_00003": { "scaleX": 4, "scaleY": 4, "width": 100, "height": 100 },
			"image2/EF/ef_fire_circle_A_main/ef_fire_circle_A_main_00004": { "scaleX": 4, "scaleY": 4, "width": 100, "height": 100 },
			"image2/EF/ef_fire_circle_A_main/ef_fire_circle_A_main_00005": { "scaleX": 4, "scaleY": 4, "width": 100, "height": 100 },
			"image2/EF/ef_fire_circle_A_main/ef_fire_circle_A_main_00006": { "scaleX": 4, "scaleY": 4, "width": 100, "height": 100 },
			"image2/EF/ef_fire_circle_A_main/ef_fire_circle_A_main_00007": { "scaleX": 4, "scaleY": 4, "width": 100, "height": 100 },
			"image2/EF/ef_fire_circle_A_main/ef_fire_circle_A_main_00008": { "scaleX": 4, "scaleY": 4, "width": 100, "height": 100 },
			"image2/EF/ef_fire_circle_A_main/ef_fire_circle_A_main_00009": { "scaleX": 4, "scaleY": 4, "width": 100, "height": 100 },
			"image2/EF/ef_fire_circle_A_main/ef_fire_circle_A_main_00010": { "scaleX": 4, "scaleY": 4, "width": 100, "height": 100 },
			"image2/EF/ef_fire_circle_A_main/ef_fire_circle_A_main_00011": { "scaleX": 4, "scaleY": 4, "width": 100, "height": 100 },
			"image2/EF/ef_fire_circle_A_main/ef_fire_circle_A_main_00012": { "scaleX": 4, "scaleY": 4, "width": 100, "height": 100 },
			"image2/EF/ef_fire_circle_A_main/ef_fire_circle_A_main_00013": { "scaleX": 4, "scaleY": 4, "width": 100, "height": 100 },
			"image2/EF/ef_fire_circle_A_main/ef_fire_circle_A_main_00014": { "scaleX": 4, "scaleY": 4, "width": 100, "height": 100 },
			"image2/EF/ef_fire_circle_A_main/ef_fire_circle_A_main_00015": { "scaleX": 4, "scaleY": 4, "width": 100, "height": 100 }
		},
		"ef_fire_circle_B_main": {
			"image2/EF/ef_fire_circle_B_main/ef_fire_circle_B_main_00001": { "scaleX": 4, "scaleY": 4, "width": 100, "height": 100 },
			"image2/EF/ef_fire_circle_B_main/ef_fire_circle_B_main_00002": { "scaleX": 4, "scaleY": 4, "width": 100, "height": 100 },
			"image2/EF/ef_fire_circle_B_main/ef_fire_circle_B_main_00003": { "scaleX": 4, "scaleY": 4, "width": 100, "height": 100 },
			"image2/EF/ef_fire_circle_B_main/ef_fire_circle_B_main_00004": { "scaleX": 4, "scaleY": 4, "width": 100, "height": 100 },
			"image2/EF/ef_fire_circle_B_main/ef_fire_circle_B_main_00005": { "scaleX": 4, "scaleY": 4, "width": 100, "height": 100 },
			"image2/EF/ef_fire_circle_B_main/ef_fire_circle_B_main_00006": { "scaleX": 4, "scaleY": 4, "width": 100, "height": 100 },
			"image2/EF/ef_fire_circle_B_main/ef_fire_circle_B_main_00007": { "scaleX": 4, "scaleY": 4, "width": 100, "height": 100 },
			"image2/EF/ef_fire_circle_B_main/ef_fire_circle_B_main_00008": { "scaleX": 4, "scaleY": 4, "width": 100, "height": 100 },
			"image2/EF/ef_fire_circle_B_main/ef_fire_circle_B_main_00009": { "scaleX": 4, "scaleY": 4, "width": 100, "height": 100 },
			"image2/EF/ef_fire_circle_B_main/ef_fire_circle_B_main_00010": { "scaleX": 4, "scaleY": 4, "width": 100, "height": 100 },
			"image2/EF/ef_fire_circle_B_main/ef_fire_circle_B_main_00011": { "scaleX": 4, "scaleY": 4, "width": 100, "height": 100 },
			"image2/EF/ef_fire_circle_B_main/ef_fire_circle_B_main_00012": { "scaleX": 4, "scaleY": 4, "width": 100, "height": 100 },
			"image2/EF/ef_fire_circle_B_main/ef_fire_circle_B_main_00013": { "scaleX": 4, "scaleY": 4, "width": 100, "height": 100 },
			"image2/EF/ef_fire_circle_B_main/ef_fire_circle_B_main_00014": { "scaleX": 4, "scaleY": 4, "width": 100, "height": 100 },
			"image2/EF/ef_fire_circle_B_main/ef_fire_circle_B_main_00015": { "scaleX": 4, "scaleY": 4, "width": 100, "height": 100 }
		},
		"ef_fire_circle_B_main2": {
			"image2/EF/ef_fire_circle_B_main/ef_fire_circle_B_main_00001": { "scaleX": 4, "scaleY": 4, "width": 100, "height": 100 },
			"image2/EF/ef_fire_circle_B_main/ef_fire_circle_B_main_00002": { "scaleX": 4, "scaleY": 4, "width": 100, "height": 100 },
			"image2/EF/ef_fire_circle_B_main/ef_fire_circle_B_main_00003": { "scaleX": 4, "scaleY": 4, "width": 100, "height": 100 },
			"image2/EF/ef_fire_circle_B_main/ef_fire_circle_B_main_00004": { "scaleX": 4, "scaleY": 4, "width": 100, "height": 100 },
			"image2/EF/ef_fire_circle_B_main/ef_fire_circle_B_main_00005": { "scaleX": 4, "scaleY": 4, "width": 100, "height": 100 },
			"image2/EF/ef_fire_circle_B_main/ef_fire_circle_B_main_00006": { "scaleX": 4, "scaleY": 4, "width": 100, "height": 100 },
			"image2/EF/ef_fire_circle_B_main/ef_fire_circle_B_main_00007": { "scaleX": 4, "scaleY": 4, "width": 100, "height": 100 },
			"image2/EF/ef_fire_circle_B_main/ef_fire_circle_B_main_00008": { "scaleX": 4, "scaleY": 4, "width": 100, "height": 100 },
			"image2/EF/ef_fire_circle_B_main/ef_fire_circle_B_main_00009": { "scaleX": 4, "scaleY": 4, "width": 100, "height": 100 },
			"image2/EF/ef_fire_circle_B_main/ef_fire_circle_B_main_00010": { "scaleX": 4, "scaleY": 4, "width": 100, "height": 100 },
			"image2/EF/ef_fire_circle_B_main/ef_fire_circle_B_main_00011": { "scaleX": 4, "scaleY": 4, "width": 100, "height": 100 },
			"image2/EF/ef_fire_circle_B_main/ef_fire_circle_B_main_00012": { "scaleX": 4, "scaleY": 4, "width": 100, "height": 100 },
			"image2/EF/ef_fire_circle_B_main/ef_fire_circle_B_main_00013": { "scaleX": 4, "scaleY": 4, "width": 100, "height": 100 },
			"image2/EF/ef_fire_circle_B_main/ef_fire_circle_B_main_00014": { "scaleX": 4, "scaleY": 4, "width": 100, "height": 100 },
			"image2/EF/ef_fire_circle_B_main/ef_fire_circle_B_main_00015": { "scaleX": 4, "scaleY": 4, "width": 100, "height": 100 }
		},
		"ef_fire_circle_B_main3": {
			"image2/EF/ef_fire_circle_B_main/ef_fire_circle_B_main_00001": { "scaleX": 4, "scaleY": 4, "width": 100, "height": 100 },
			"image2/EF/ef_fire_circle_B_main/ef_fire_circle_B_main_00002": { "scaleX": 4, "scaleY": 4, "width": 100, "height": 100 },
			"image2/EF/ef_fire_circle_B_main/ef_fire_circle_B_main_00003": { "scaleX": 4, "scaleY": 4, "width": 100, "height": 100 },
			"image2/EF/ef_fire_circle_B_main/ef_fire_circle_B_main_00004": { "scaleX": 4, "scaleY": 4, "width": 100, "height": 100 },
			"image2/EF/ef_fire_circle_B_main/ef_fire_circle_B_main_00005": { "scaleX": 4, "scaleY": 4, "width": 100, "height": 100 },
			"image2/EF/ef_fire_circle_B_main/ef_fire_circle_B_main_00006": { "scaleX": 4, "scaleY": 4, "width": 100, "height": 100 },
			"image2/EF/ef_fire_circle_B_main/ef_fire_circle_B_main_00007": { "scaleX": 4, "scaleY": 4, "width": 100, "height": 100 },
			"image2/EF/ef_fire_circle_B_main/ef_fire_circle_B_main_00008": { "scaleX": 4, "scaleY": 4, "width": 100, "height": 100 },
			"image2/EF/ef_fire_circle_B_main/ef_fire_circle_B_main_00009": { "scaleX": 4, "scaleY": 4, "width": 100, "height": 100 },
			"image2/EF/ef_fire_circle_B_main/ef_fire_circle_B_main_00010": { "scaleX": 4, "scaleY": 4, "width": 100, "height": 100 },
			"image2/EF/ef_fire_circle_B_main/ef_fire_circle_B_main_00011": { "scaleX": 4, "scaleY": 4, "width": 100, "height": 100 },
			"image2/EF/ef_fire_circle_B_main/ef_fire_circle_B_main_00012": { "scaleX": 4, "scaleY": 4, "width": 100, "height": 100 },
			"image2/EF/ef_fire_circle_B_main/ef_fire_circle_B_main_00013": { "scaleX": 4, "scaleY": 4, "width": 100, "height": 100 },
			"image2/EF/ef_fire_circle_B_main/ef_fire_circle_B_main_00014": { "scaleX": 4, "scaleY": 4, "width": 100, "height": 100 },
			"image2/EF/ef_fire_circle_B_main/ef_fire_circle_B_main_00015": { "scaleX": 4, "scaleY": 4, "width": 100, "height": 100 }
		},
		"ef_fire_circle_B_main4": {
			"image2/EF/ef_fire_circle_B_main/ef_fire_circle_B_main_00001": { "scaleX": 4, "scaleY": 4, "width": 100, "height": 100 },
			"image2/EF/ef_fire_circle_B_main/ef_fire_circle_B_main_00002": { "scaleX": 4, "scaleY": 4, "width": 100, "height": 100 },
			"image2/EF/ef_fire_circle_B_main/ef_fire_circle_B_main_00003": { "scaleX": 4, "scaleY": 4, "width": 100, "height": 100 },
			"image2/EF/ef_fire_circle_B_main/ef_fire_circle_B_main_00004": { "scaleX": 4, "scaleY": 4, "width": 100, "height": 100 },
			"image2/EF/ef_fire_circle_B_main/ef_fire_circle_B_main_00005": { "scaleX": 4, "scaleY": 4, "width": 100, "height": 100 },
			"image2/EF/ef_fire_circle_B_main/ef_fire_circle_B_main_00006": { "scaleX": 4, "scaleY": 4, "width": 100, "height": 100 },
			"image2/EF/ef_fire_circle_B_main/ef_fire_circle_B_main_00007": { "scaleX": 4, "scaleY": 4, "width": 100, "height": 100 },
			"image2/EF/ef_fire_circle_B_main/ef_fire_circle_B_main_00008": { "scaleX": 4, "scaleY": 4, "width": 100, "height": 100 },
			"image2/EF/ef_fire_circle_B_main/ef_fire_circle_B_main_00009": { "scaleX": 4, "scaleY": 4, "width": 100, "height": 100 },
			"image2/EF/ef_fire_circle_B_main/ef_fire_circle_B_main_00010": { "scaleX": 4, "scaleY": 4, "width": 100, "height": 100 },
			"image2/EF/ef_fire_circle_B_main/ef_fire_circle_B_main_00011": { "scaleX": 4, "scaleY": 4, "width": 100, "height": 100 },
			"image2/EF/ef_fire_circle_B_main/ef_fire_circle_B_main_00012": { "scaleX": 4, "scaleY": 4, "width": 100, "height": 100 },
			"image2/EF/ef_fire_circle_B_main/ef_fire_circle_B_main_00013": { "scaleX": 4, "scaleY": 4, "width": 100, "height": 100 },
			"image2/EF/ef_fire_circle_B_main/ef_fire_circle_B_main_00014": { "scaleX": 4, "scaleY": 4, "width": 100, "height": 100 },
			"image2/EF/ef_fire_circle_B_main/ef_fire_circle_B_main_00015": { "scaleX": 4, "scaleY": 4, "width": 100, "height": 100 }
		},
		"ef_fire_circle_B_main5": {
			"image2/EF/ef_fire_circle_B_main/ef_fire_circle_B_main_00001": { "scaleX": 4, "scaleY": 4, "width": 100, "height": 100 },
			"image2/EF/ef_fire_circle_B_main/ef_fire_circle_B_main_00002": { "scaleX": 4, "scaleY": 4, "width": 100, "height": 100 },
			"image2/EF/ef_fire_circle_B_main/ef_fire_circle_B_main_00003": { "scaleX": 4, "scaleY": 4, "width": 100, "height": 100 },
			"image2/EF/ef_fire_circle_B_main/ef_fire_circle_B_main_00004": { "scaleX": 4, "scaleY": 4, "width": 100, "height": 100 },
			"image2/EF/ef_fire_circle_B_main/ef_fire_circle_B_main_00005": { "scaleX": 4, "scaleY": 4, "width": 100, "height": 100 },
			"image2/EF/ef_fire_circle_B_main/ef_fire_circle_B_main_00006": { "scaleX": 4, "scaleY": 4, "width": 100, "height": 100 },
			"image2/EF/ef_fire_circle_B_main/ef_fire_circle_B_main_00007": { "scaleX": 4, "scaleY": 4, "width": 100, "height": 100 },
			"image2/EF/ef_fire_circle_B_main/ef_fire_circle_B_main_00008": { "scaleX": 4, "scaleY": 4, "width": 100, "height": 100 },
			"image2/EF/ef_fire_circle_B_main/ef_fire_circle_B_main_00009": { "scaleX": 4, "scaleY": 4, "width": 100, "height": 100 },
			"image2/EF/ef_fire_circle_B_main/ef_fire_circle_B_main_00010": { "scaleX": 4, "scaleY": 4, "width": 100, "height": 100 },
			"image2/EF/ef_fire_circle_B_main/ef_fire_circle_B_main_00011": { "scaleX": 4, "scaleY": 4, "width": 100, "height": 100 },
			"image2/EF/ef_fire_circle_B_main/ef_fire_circle_B_main_00012": { "scaleX": 4, "scaleY": 4, "width": 100, "height": 100 },
			"image2/EF/ef_fire_circle_B_main/ef_fire_circle_B_main_00013": { "scaleX": 4, "scaleY": 4, "width": 100, "height": 100 },
			"image2/EF/ef_fire_circle_B_main/ef_fire_circle_B_main_00014": { "scaleX": 4, "scaleY": 4, "width": 100, "height": 100 },
			"image2/EF/ef_fire_circle_B_main/ef_fire_circle_B_main_00015": { "scaleX": 4, "scaleY": 4, "width": 100, "height": 100 }
		},
		"ef_fire_red": {
			"image2/EF/ef_fire_red/ef_fire_red_00001": { "width": 200, "height": 200 },
			"image2/EF/ef_fire_red/ef_fire_red_00002": { "width": 200, "height": 200 },
			"image2/EF/ef_fire_red/ef_fire_red_00004": { "width": 200, "height": 200 },
			"image2/EF/ef_fire_red/ef_fire_red_00005": { "width": 200, "height": 200 },
			"image2/EF/ef_fire_red/ef_fire_red_00006": { "width": 200, "height": 200 },
			"image2/EF/ef_fire_red/ef_fire_red_00007": { "width": 200, "height": 200 },
			"image2/EF/ef_fire_red/ef_fire_red_00009": { "width": 200, "height": 200 },
			"image2/EF/ef_fire_red/ef_fire_red_00011": { "width": 200, "height": 200 }
		},
		"ef_fire_red2": {
			"image2/EF/ef_fire_red/ef_fire_red_00001": { "width": 200, "height": 200 },
			"image2/EF/ef_fire_red/ef_fire_red_00002": { "width": 200, "height": 200 },
			"image2/EF/ef_fire_red/ef_fire_red_00004": { "width": 200, "height": 200 },
			"image2/EF/ef_fire_red/ef_fire_red_00005": { "width": 200, "height": 200 },
			"image2/EF/ef_fire_red/ef_fire_red_00006": { "width": 200, "height": 200 },
			"image2/EF/ef_fire_red/ef_fire_red_00007": { "width": 200, "height": 200 },
			"image2/EF/ef_fire_red/ef_fire_red_00009": { "width": 200, "height": 200 },
			"image2/EF/ef_fire_red/ef_fire_red_00011": { "width": 200, "height": 200 }
		},
		"ef_fire_red3": {
			"image2/EF/ef_fire_red/ef_fire_red_00001": { "width": 200, "height": 200 },
			"image2/EF/ef_fire_red/ef_fire_red_00002": { "width": 200, "height": 200 },
			"image2/EF/ef_fire_red/ef_fire_red_00004": { "width": 200, "height": 200 },
			"image2/EF/ef_fire_red/ef_fire_red_00005": { "width": 200, "height": 200 },
			"image2/EF/ef_fire_red/ef_fire_red_00006": { "width": 200, "height": 200 },
			"image2/EF/ef_fire_red/ef_fire_red_00007": { "width": 200, "height": 200 },
			"image2/EF/ef_fire_red/ef_fire_red_00009": { "width": 200, "height": 200 },
			"image2/EF/ef_fire_red/ef_fire_red_00011": { "width": 200, "height": 200 }
		},
		"ef_fire_red4": {
			"image2/EF/ef_fire_red/ef_fire_red_00001": { "width": 200, "height": 200 },
			"image2/EF/ef_fire_red/ef_fire_red_00002": { "width": 200, "height": 200 },
			"image2/EF/ef_fire_red/ef_fire_red_00004": { "width": 200, "height": 200 },
			"image2/EF/ef_fire_red/ef_fire_red_00005": { "width": 200, "height": 200 },
			"image2/EF/ef_fire_red/ef_fire_red_00006": { "width": 200, "height": 200 },
			"image2/EF/ef_fire_red/ef_fire_red_00007": { "width": 200, "height": 200 },
			"image2/EF/ef_fire_red/ef_fire_red_00009": { "width": 200, "height": 200 },
			"image2/EF/ef_fire_red/ef_fire_red_00011": { "width": 200, "height": 200 }
		},
		"ef_fire_roll_main": {
			"image2/EF/ef_fire_roll_main/ef_fire_roll_main_00001": { "scaleX": 2, "scaleY": 2, "width": 200, "height": 150 },
			"image2/EF/ef_fire_roll_main/ef_fire_roll_main_00002": { "scaleX": 2, "scaleY": 2, "width": 200, "height": 150 },
			"image2/EF/ef_fire_roll_main/ef_fire_roll_main_00003": { "scaleX": 2, "scaleY": 2, "width": 200, "height": 150 },
			"image2/EF/ef_fire_roll_main/ef_fire_roll_main_00004": { "scaleX": 2, "scaleY": 2, "width": 200, "height": 150 },
			"image2/EF/ef_fire_roll_main/ef_fire_roll_main_00006": { "scaleX": 2, "scaleY": 2, "width": 200, "height": 150 },
			"image2/EF/ef_fire_roll_main/ef_fire_roll_main_00008": { "scaleX": 2, "scaleY": 2, "width": 200, "height": 150 },
			"image2/EF/ef_fire_roll_main/ef_fire_roll_main_00010": { "scaleX": 2, "scaleY": 2, "width": 200, "height": 150 },
			"image2/EF/ef_fire_roll_main/ef_fire_roll_main_00012": { "scaleX": 2, "scaleY": 2, "width": 200, "height": 150 },
			"image2/EF/ef_fire_roll_main/ef_fire_roll_main_00014": { "scaleX": 2, "scaleY": 2, "width": 200, "height": 150 },
			"image2/EF/ef_fire_roll_main/ef_fire_roll_main_00016": { "scaleX": 2, "scaleY": 2, "width": 200, "height": 150 },
			"image2/EF/ef_fire_roll_main/ef_fire_roll_main_00018": { "scaleX": 2, "scaleY": 2, "width": 200, "height": 150 },
			"image2/EF/ef_fire_roll_main/ef_fire_roll_main_00020": { "scaleX": 2, "scaleY": 2, "width": 200, "height": 150 }
		},
		"ef_fire_roll_main2": {
			"image2/EF/ef_fire_roll_main/ef_fire_roll_main_00001": { "scaleX": 2, "scaleY": 2, "width": 200, "height": 150 },
			"image2/EF/ef_fire_roll_main/ef_fire_roll_main_00002": { "scaleX": 2, "scaleY": 2, "width": 200, "height": 150 },
			"image2/EF/ef_fire_roll_main/ef_fire_roll_main_00003": { "scaleX": 2, "scaleY": 2, "width": 200, "height": 150 },
			"image2/EF/ef_fire_roll_main/ef_fire_roll_main_00004": { "scaleX": 2, "scaleY": 2, "width": 200, "height": 150 },
			"image2/EF/ef_fire_roll_main/ef_fire_roll_main_00006": { "scaleX": 2, "scaleY": 2, "width": 200, "height": 150 },
			"image2/EF/ef_fire_roll_main/ef_fire_roll_main_00008": { "scaleX": 2, "scaleY": 2, "width": 200, "height": 150 },
			"image2/EF/ef_fire_roll_main/ef_fire_roll_main_00010": { "scaleX": 2, "scaleY": 2, "width": 200, "height": 150 },
			"image2/EF/ef_fire_roll_main/ef_fire_roll_main_00012": { "scaleX": 2, "scaleY": 2, "width": 200, "height": 150 },
			"image2/EF/ef_fire_roll_main/ef_fire_roll_main_00014": { "scaleX": 2, "scaleY": 2, "width": 200, "height": 150 },
			"image2/EF/ef_fire_roll_main/ef_fire_roll_main_00016": { "scaleX": 2, "scaleY": 2, "width": 200, "height": 150 },
			"image2/EF/ef_fire_roll_main/ef_fire_roll_main_00018": { "scaleX": 2, "scaleY": 2, "width": 200, "height": 150 },
			"image2/EF/ef_fire_roll_main/ef_fire_roll_main_00020": { "scaleX": 2, "scaleY": 2, "width": 200, "height": 150 }
		},
		"ef_fire_sink_main": {
			"image2/EF/ef_fire_sink_main/ef_fire_sink_main_00016": { "scaleX": 2, "scaleY": 2, "width": 200, "height": 200 },
			"image2/EF/ef_fire_sink_main/ef_fire_sink_main_00017": { "scaleX": 2, "scaleY": 2, "width": 200, "height": 200 },
			"image2/EF/ef_fire_sink_main/ef_fire_sink_main_00019": { "scaleX": 2, "scaleY": 2, "width": 200, "height": 200 },
			"image2/EF/ef_fire_sink_main/ef_fire_sink_main_00020": { "scaleX": 2, "scaleY": 2, "width": 200, "height": 200 },
			"image2/EF/ef_fire_sink_main/ef_fire_sink_main_00022": { "scaleX": 2, "scaleY": 2, "width": 200, "height": 200 },
			"image2/EF/ef_fire_sink_main/ef_fire_sink_main_00023": { "scaleX": 2, "scaleY": 2, "width": 200, "height": 200 },
			"image2/EF/ef_fire_sink_main/ef_fire_sink_main_00024": { "scaleX": 2, "scaleY": 2, "width": 200, "height": 200 },
			"image2/EF/ef_fire_sink_main/ef_fire_sink_main_00025": { "scaleX": 2, "scaleY": 2, "width": 200, "height": 200 },
			"image2/EF/ef_fire_sink_main/ef_fire_sink_main_00026": { "scaleX": 2, "scaleY": 2, "width": 200, "height": 200 },
			"image2/EF/ef_fire_sink_main/ef_fire_sink_main_00027": { "scaleX": 2, "scaleY": 2, "width": 200, "height": 200 },
			"image2/EF/ef_fire_sink_main/ef_fire_sink_main_00029": { "scaleX": 2, "scaleY": 2, "width": 200, "height": 200 },
			"image2/EF/ef_fire_sink_main/ef_fire_sink_main_00030": { "scaleX": 2, "scaleY": 2, "width": 200, "height": 200 }
		},
		"ef_fire_sprash_main": {
			"image2/EF/ef_fire_sprash_main/ef_fire_sprash_main_00001": { "y": 79.24, "scaleX": 2, "scaleY": 2, "width": 100, "height": 100 },
			"image2/EF/ef_fire_sprash_main/ef_fire_sprash_main_00003": { "y": 79.24, "scaleX": 2, "scaleY": 2, "width": 100, "height": 100 },
			"image2/EF/ef_fire_sprash_main/ef_fire_sprash_main_00005": { "y": 79.24, "scaleX": 2, "scaleY": 2, "width": 100, "height": 100 },
			"image2/EF/ef_fire_sprash_main/ef_fire_sprash_main_00006": { "y": 79.24, "scaleX": 2, "scaleY": 2, "width": 100, "height": 100 },
			"image2/EF/ef_fire_sprash_main/ef_fire_sprash_main_00009": { "y": 79.24, "scaleX": 2, "scaleY": 2, "width": 100, "height": 100 },
			"image2/EF/ef_fire_sprash_main/ef_fire_sprash_main_00010": { "y": 79.24, "scaleX": 2, "scaleY": 2, "width": 100, "height": 100 },
			"image2/EF/ef_fire_sprash_main/ef_fire_sprash_main_00012": { "y": 79.24, "scaleX": 2, "scaleY": 2, "width": 100, "height": 100 },
			"image2/EF/ef_fire_sprash_main/ef_fire_sprash_main_00013": { "y": 79.24, "scaleX": 2, "scaleY": 2, "width": 100, "height": 100 }
		},
		"ef_fire_trrnade_main": {
			"image2/EF/ef_fire_trrnade_main/ef_fire_trrnade_main_00001": { "x": 7.59, "y": 157.17, "scaleX": 2, "scaleY": 2, "width": 240, "height": 240 },
			"image2/EF/ef_fire_trrnade_main/ef_fire_trrnade_main_00003": { "x": 7.59, "y": 157.17, "scaleX": 2, "scaleY": 2, "width": 240, "height": 240 },
			"image2/EF/ef_fire_trrnade_main/ef_fire_trrnade_main_00006": { "x": 7.59, "y": 157.17, "scaleX": 2, "scaleY": 2, "width": 240, "height": 240 },
			"image2/EF/ef_fire_trrnade_main/ef_fire_trrnade_main_00010": { "x": 7.59, "y": 157.17, "scaleX": 2, "scaleY": 2, "width": 240, "height": 240 },
			"image2/EF/ef_fire_trrnade_main/ef_fire_trrnade_main_00014": { "x": 7.59, "y": 157.17, "scaleX": 2, "scaleY": 2, "width": 240, "height": 240 },
			"image2/EF/ef_fire_trrnade_main/ef_fire_trrnade_main_00016": { "x": 7.59, "y": 157.17, "scaleX": 2, "scaleY": 2, "width": 240, "height": 240 },
			"image2/EF/ef_fire_trrnade_main/ef_fire_trrnade_main_00018": { "x": 7.59, "y": 157.17, "scaleX": 2, "scaleY": 2, "width": 240, "height": 240 }
		},
		"ef_shock_wave_main": {
			"image2/EF/ef_shock_wave_main/ef_shock_wave_main_00001": { "scaleX": 2, "scaleY": 2, "width": 150, "height": 150 },
			"image2/EF/ef_shock_wave_main/ef_shock_wave_main_00003": { "scaleX": 2, "scaleY": 2, "width": 150, "height": 150 },
			"image2/EF/ef_shock_wave_main/ef_shock_wave_main_00004": { "scaleX": 2, "scaleY": 2, "width": 150, "height": 150 },
			"image2/EF/ef_shock_wave_main/ef_shock_wave_main_00005": { "scaleX": 2, "scaleY": 2, "width": 150, "height": 150 },
			"image2/EF/ef_shock_wave_main/ef_shock_wave_main_00006": { "scaleX": 2, "scaleY": 2, "width": 150, "height": 150 },
			"image2/EF/ef_shock_wave_main/ef_shock_wave_main_00007": { "scaleX": 2, "scaleY": 2, "width": 150, "height": 150 },
			"image2/EF/ef_shock_wave_main/ef_shock_wave_main_00009": { "scaleX": 2, "scaleY": 2, "width": 150, "height": 150 }
		},
		"ef_slash_bolt_main": {
			"image2/EF/ef_slash_bolt_main/ef_slash_bolt_main_00001_png": { "width": 240, "height": 100 },
			"image2/EF/ef_slash_bolt_main/ef_slash_bolt_main_00002_png": { "width": 200, "height": 100 },
			"image2/EF/ef_slash_bolt_main/ef_slash_bolt_main_00003_png": { "width": 200, "height": 100 },
			"image2/EF/ef_slash_bolt_main/ef_slash_bolt_main_00006_png": { "width": 240, "height": 100 }
		},
		"ef_slash_bolt_main2": {
			"image2/EF/ef_slash_bolt_main/ef_slash_bolt_main_00001_png": { "width": 240, "height": 100 },
			"image2/EF/ef_slash_bolt_main/ef_slash_bolt_main_00002_png": { "width": 200, "height": 100 },
			"image2/EF/ef_slash_bolt_main/ef_slash_bolt_main_00003_png": { "width": 200, "height": 100 },
			"image2/EF/ef_slash_bolt_main/ef_slash_bolt_main_00006_png": { "width": 240, "height": 100 }
		},
		"ef_wave_red": {
			"image2/EF/ef_wave_red/ef_wave_red_00001": { "x": -0.38, "width": 100, "height": 100 },
			"image2/EF/ef_wave_red/ef_wave_red_00002": { "x": -0.38, "width": 100, "height": 100 },
			"image2/EF/ef_wave_red/ef_wave_red_00003": { "x": -0.38, "width": 100, "height": 100 },
			"image2/EF/ef_wave_red/ef_wave_red_00004": { "x": -0.38, "width": 100, "height": 100 },
			"image2/EF/ef_wave_red/ef_wave_red_00005": { "x": -0.38, "width": 100, "height": 100 }
		}
	}
},
"events": {
	"Event": {},
	"Event2": {},
	"Hit": {},
	"Sound1": {},
	"Sound2": {},
	"Sound3": {}
},
"animations": {
	"attack1": {
		"slots": {
			"DAMAGEAREA": {
				"attachment": [
					{ "time": 0.1, "name": "DAMAGEAREA" },
					{ "time": 0.7666, "name": null }
				]
			},
			"ef_OF_red": {
				"attachment": [
					{ "time": 0.0333, "name": "image2/EF/ef_OF_red/ef_OF_red_00001" },
					{ "time": 0.1333, "name": "image2/EF/ef_OF_red/ef_OF_red_00003" },
					{ "time": 0.1666, "name": "image2/EF/ef_OF_red/ef_OF_red_00005" },
					{ "time": 0.2, "name": "image2/EF/ef_OF_red/ef_OF_red_00006" },
					{ "time": 0.2333, "name": null }
				],
				"color": [
					{ "time": 0.0333, "color": "ffffffff", "curve": "stepped" },
					{
						"time": 0.1333,
						"color": "ffffffff",
						"curve": [ 0.212, 0.68, 0.256, 0.97 ]
					},
					{ "time": 0.2333, "color": "ffffff00" }
				]
			},
			"ef_fire_circle_A_main": {
				"attachment": [
					{ "time": 0.0666, "name": "image2/EF/ef_fire_circle_A_main/ef_fire_circle_A_main_00001" },
					{ "time": 0.1, "name": "image2/EF/ef_fire_circle_A_main/ef_fire_circle_A_main_00002" },
					{ "time": 0.1333, "name": "image2/EF/ef_fire_circle_A_main/ef_fire_circle_A_main_00003" },
					{ "time": 0.1666, "name": "image2/EF/ef_fire_circle_A_main/ef_fire_circle_A_main_00004" },
					{ "time": 0.2, "name": "image2/EF/ef_fire_circle_A_main/ef_fire_circle_A_main_00005" },
					{ "time": 0.2333, "name": "image2/EF/ef_fire_circle_A_main/ef_fire_circle_A_main_00006" },
					{ "time": 0.2666, "name": "image2/EF/ef_fire_circle_A_main/ef_fire_circle_A_main_00007" },
					{ "time": 0.3, "name": "image2/EF/ef_fire_circle_A_main/ef_fire_circle_A_main_00008" },
					{ "time": 0.3333, "name": "image2/EF/ef_fire_circle_A_main/ef_fire_circle_A_main_00009" },
					{ "time": 0.3666, "name": "image2/EF/ef_fire_circle_A_main/ef_fire_circle_A_main_00010" },
					{ "time": 0.4, "name": "image2/EF/ef_fire_circle_A_main/ef_fire_circle_A_main_00011" },
					{ "time": 0.4333, "name": "image2/EF/ef_fire_circle_A_main/ef_fire_circle_A_main_00012" },
					{ "time": 0.4666, "name": "image2/EF/ef_fire_circle_A_main/ef_fire_circle_A_main_00013" },
					{ "time": 0.5, "name": "image2/EF/ef_fire_circle_A_main/ef_fire_circle_A_main_00014" },
					{ "time": 0.5333, "name": "image2/EF/ef_fire_circle_A_main/ef_fire_circle_A_main_00015" },
					{ "time": 0.5666, "name": null }
				]
			},
			"ef_fire_circle_A_main2": {
				"attachment": [
					{ "time": 0.1, "name": "image2/EF/ef_fire_circle_A_main/ef_fire_circle_A_main_00001" },
					{ "time": 0.1333, "name": "image2/EF/ef_fire_circle_A_main/ef_fire_circle_A_main_00002" },
					{ "time": 0.1666, "name": "image2/EF/ef_fire_circle_A_main/ef_fire_circle_A_main_00003" },
					{ "time": 0.2, "name": "image2/EF/ef_fire_circle_A_main/ef_fire_circle_A_main_00004" },
					{ "time": 0.2333, "name": "image2/EF/ef_fire_circle_A_main/ef_fire_circle_A_main_00005" },
					{ "time": 0.2666, "name": "image2/EF/ef_fire_circle_A_main/ef_fire_circle_A_main_00006" },
					{ "time": 0.3, "name": "image2/EF/ef_fire_circle_A_main/ef_fire_circle_A_main_00007" },
					{ "time": 0.3333, "name": "image2/EF/ef_fire_circle_A_main/ef_fire_circle_A_main_00008" },
					{ "time": 0.3666, "name": "image2/EF/ef_fire_circle_A_main/ef_fire_circle_A_main_00009" },
					{ "time": 0.4, "name": "image2/EF/ef_fire_circle_A_main/ef_fire_circle_A_main_00010" },
					{ "time": 0.4333, "name": "image2/EF/ef_fire_circle_A_main/ef_fire_circle_A_main_00011" },
					{ "time": 0.4666, "name": "image2/EF/ef_fire_circle_A_main/ef_fire_circle_A_main_00012" },
					{ "time": 0.5, "name": "image2/EF/ef_fire_circle_A_main/ef_fire_circle_A_main_00013" },
					{ "time": 0.5333, "name": "image2/EF/ef_fire_circle_A_main/ef_fire_circle_A_main_00014" },
					{ "time": 0.5666, "name": "image2/EF/ef_fire_circle_A_main/ef_fire_circle_A_main_00015" },
					{ "time": 0.6, "name": null }
				]
			},
			"ef_fire_circle_A_main3": {
				"attachment": [
					{ "time": 0.1333, "name": "image2/EF/ef_fire_circle_A_main/ef_fire_circle_A_main_00001" },
					{ "time": 0.1666, "name": "image2/EF/ef_fire_circle_A_main/ef_fire_circle_A_main_00002" },
					{ "time": 0.2, "name": "image2/EF/ef_fire_circle_A_main/ef_fire_circle_A_main_00003" },
					{ "time": 0.2333, "name": "image2/EF/ef_fire_circle_A_main/ef_fire_circle_A_main_00004" },
					{ "time": 0.2666, "name": "image2/EF/ef_fire_circle_A_main/ef_fire_circle_A_main_00005" },
					{ "time": 0.3, "name": "image2/EF/ef_fire_circle_A_main/ef_fire_circle_A_main_00006" },
					{ "time": 0.3333, "name": "image2/EF/ef_fire_circle_A_main/ef_fire_circle_A_main_00007" },
					{ "time": 0.3666, "name": "image2/EF/ef_fire_circle_A_main/ef_fire_circle_A_main_00008" },
					{ "time": 0.4, "name": "image2/EF/ef_fire_circle_A_main/ef_fire_circle_A_main_00009" },
					{ "time": 0.4333, "name": "image2/EF/ef_fire_circle_A_main/ef_fire_circle_A_main_00010" },
					{ "time": 0.4666, "name": "image2/EF/ef_fire_circle_A_main/ef_fire_circle_A_main_00011" },
					{ "time": 0.5, "name": "image2/EF/ef_fire_circle_A_main/ef_fire_circle_A_main_00012" },
					{ "time": 0.5333, "name": "image2/EF/ef_fire_circle_A_main/ef_fire_circle_A_main_00013" },
					{ "time": 0.5666, "name": "image2/EF/ef_fire_circle_A_main/ef_fire_circle_A_main_00014" },
					{ "time": 0.6, "name": "image2/EF/ef_fire_circle_A_main/ef_fire_circle_A_main_00015" },
					{ "time": 0.6333, "name": null }
				]
			},
			"ef_fire_circle_A_main4": {
				"attachment": [
					{ "time": 0.2333, "name": "image2/EF/ef_fire_circle_A_main/ef_fire_circle_A_main_00001" },
					{ "time": 0.2666, "name": "image2/EF/ef_fire_circle_A_main/ef_fire_circle_A_main_00002" },
					{ "time": 0.3, "name": "image2/EF/ef_fire_circle_A_main/ef_fire_circle_A_main_00003" },
					{ "time": 0.3333, "name": "image2/EF/ef_fire_circle_A_main/ef_fire_circle_A_main_00004" },
					{ "time": 0.3666, "name": "image2/EF/ef_fire_circle_A_main/ef_fire_circle_A_main_00005" },
					{ "time": 0.4, "name": "image2/EF/ef_fire_circle_A_main/ef_fire_circle_A_main_00006" },
					{ "time": 0.4333, "name": "image2/EF/ef_fire_circle_A_main/ef_fire_circle_A_main_00007" },
					{ "time": 0.4666, "name": "image2/EF/ef_fire_circle_A_main/ef_fire_circle_A_main_00008" },
					{ "time": 0.5, "name": "image2/EF/ef_fire_circle_A_main/ef_fire_circle_A_main_00009" },
					{ "time": 0.5333, "name": "image2/EF/ef_fire_circle_A_main/ef_fire_circle_A_main_00010" },
					{ "time": 0.5666, "name": "image2/EF/ef_fire_circle_A_main/ef_fire_circle_A_main_00011" },
					{ "time": 0.6, "name": "image2/EF/ef_fire_circle_A_main/ef_fire_circle_A_main_00012" },
					{ "time": 0.6333, "name": "image2/EF/ef_fire_circle_A_main/ef_fire_circle_A_main_00013" },
					{ "time": 0.6666, "name": "image2/EF/ef_fire_circle_A_main/ef_fire_circle_A_main_00014" },
					{ "time": 0.7, "name": "image2/EF/ef_fire_circle_A_main/ef_fire_circle_A_main_00015" },
					{ "time": 0.7333, "name": null }
				]
			},
			"ef_fire_circle_B_main": {
				"attachment": [
					{ "time": 0.1666, "name": "image2/EF/ef_fire_circle_B_main/ef_fire_circle_B_main_00001" },
					{ "time": 0.2, "name": "image2/EF/ef_fire_circle_B_main/ef_fire_circle_B_main_00002" },
					{ "time": 0.2333, "name": "image2/EF/ef_fire_circle_B_main/ef_fire_circle_B_main_00003" },
					{ "time": 0.2666, "name": "image2/EF/ef_fire_circle_B_main/ef_fire_circle_B_main_00004" },
					{ "time": 0.3, "name": "image2/EF/ef_fire_circle_B_main/ef_fire_circle_B_main_00005" },
					{ "time": 0.3333, "name": "image2/EF/ef_fire_circle_B_main/ef_fire_circle_B_main_00006" },
					{ "time": 0.3666, "name": "image2/EF/ef_fire_circle_B_main/ef_fire_circle_B_main_00007" },
					{ "time": 0.4, "name": "image2/EF/ef_fire_circle_B_main/ef_fire_circle_B_main_00008" },
					{ "time": 0.4333, "name": "image2/EF/ef_fire_circle_B_main/ef_fire_circle_B_main_00009" },
					{ "time": 0.4666, "name": "image2/EF/ef_fire_circle_B_main/ef_fire_circle_B_main_00010" },
					{ "time": 0.5, "name": "image2/EF/ef_fire_circle_B_main/ef_fire_circle_B_main_00011" },
					{ "time": 0.5333, "name": "image2/EF/ef_fire_circle_B_main/ef_fire_circle_B_main_00012" },
					{ "time": 0.5666, "name": "image2/EF/ef_fire_circle_B_main/ef_fire_circle_B_main_00013" },
					{ "time": 0.6, "name": "image2/EF/ef_fire_circle_B_main/ef_fire_circle_B_main_00014" },
					{ "time": 0.6333, "name": "image2/EF/ef_fire_circle_B_main/ef_fire_circle_B_main_00015" },
					{ "time": 0.6666, "name": null }
				]
			},
			"ef_fire_circle_B_main2": {
				"attachment": [
					{ "time": 0.2333, "name": "image2/EF/ef_fire_circle_B_main/ef_fire_circle_B_main_00001" },
					{ "time": 0.2666, "name": "image2/EF/ef_fire_circle_B_main/ef_fire_circle_B_main_00002" },
					{ "time": 0.3, "name": "image2/EF/ef_fire_circle_B_main/ef_fire_circle_B_main_00003" },
					{ "time": 0.3333, "name": "image2/EF/ef_fire_circle_B_main/ef_fire_circle_B_main_00004" },
					{ "time": 0.3666, "name": "image2/EF/ef_fire_circle_B_main/ef_fire_circle_B_main_00005" },
					{ "time": 0.4, "name": "image2/EF/ef_fire_circle_B_main/ef_fire_circle_B_main_00006" },
					{ "time": 0.4333, "name": "image2/EF/ef_fire_circle_B_main/ef_fire_circle_B_main_00007" },
					{ "time": 0.4666, "name": "image2/EF/ef_fire_circle_B_main/ef_fire_circle_B_main_00008" },
					{ "time": 0.5, "name": "image2/EF/ef_fire_circle_B_main/ef_fire_circle_B_main_00009" },
					{ "time": 0.5333, "name": "image2/EF/ef_fire_circle_B_main/ef_fire_circle_B_main_00010" },
					{ "time": 0.5666, "name": "image2/EF/ef_fire_circle_B_main/ef_fire_circle_B_main_00011" },
					{ "time": 0.6, "name": "image2/EF/ef_fire_circle_B_main/ef_fire_circle_B_main_00012" },
					{ "time": 0.6333, "name": "image2/EF/ef_fire_circle_B_main/ef_fire_circle_B_main_00013" },
					{ "time": 0.6666, "name": "image2/EF/ef_fire_circle_B_main/ef_fire_circle_B_main_00014" },
					{ "time": 0.7, "name": "image2/EF/ef_fire_circle_B_main/ef_fire_circle_B_main_00015" },
					{ "time": 0.7333, "name": null }
				]
			},
			"ef_fire_circle_B_main3": {
				"attachment": [
					{ "time": 0.3, "name": "image2/EF/ef_fire_circle_B_main/ef_fire_circle_B_main_00001" },
					{ "time": 0.3333, "name": "image2/EF/ef_fire_circle_B_main/ef_fire_circle_B_main_00002" },
					{ "time": 0.3666, "name": "image2/EF/ef_fire_circle_B_main/ef_fire_circle_B_main_00003" },
					{ "time": 0.4, "name": "image2/EF/ef_fire_circle_B_main/ef_fire_circle_B_main_00004" },
					{ "time": 0.4333, "name": "image2/EF/ef_fire_circle_B_main/ef_fire_circle_B_main_00005" },
					{ "time": 0.4666, "name": "image2/EF/ef_fire_circle_B_main/ef_fire_circle_B_main_00006" },
					{ "time": 0.5, "name": "image2/EF/ef_fire_circle_B_main/ef_fire_circle_B_main_00007" },
					{ "time": 0.5333, "name": "image2/EF/ef_fire_circle_B_main/ef_fire_circle_B_main_00008" },
					{ "time": 0.5666, "name": "image2/EF/ef_fire_circle_B_main/ef_fire_circle_B_main_00009" },
					{ "time": 0.6, "name": "image2/EF/ef_fire_circle_B_main/ef_fire_circle_B_main_00010" },
					{ "time": 0.6333, "name": "image2/EF/ef_fire_circle_B_main/ef_fire_circle_B_main_00011" },
					{ "time": 0.6666, "name": "image2/EF/ef_fire_circle_B_main/ef_fire_circle_B_main_00012" },
					{ "time": 0.7, "name": "image2/EF/ef_fire_circle_B_main/ef_fire_circle_B_main_00013" },
					{ "time": 0.7333, "name": "image2/EF/ef_fire_circle_B_main/ef_fire_circle_B_main_00014" },
					{ "time": 0.7666, "name": "image2/EF/ef_fire_circle_B_main/ef_fire_circle_B_main_00015" },
					{ "time": 0.8, "name": null }
				]
			},
			"ef_fire_circle_B_main4": {
				"attachment": [
					{ "time": 0.1, "name": "image2/EF/ef_fire_circle_B_main/ef_fire_circle_B_main_00001" },
					{ "time": 0.1333, "name": "image2/EF/ef_fire_circle_B_main/ef_fire_circle_B_main_00002" },
					{ "time": 0.1666, "name": "image2/EF/ef_fire_circle_B_main/ef_fire_circle_B_main_00003" },
					{ "time": 0.2, "name": "image2/EF/ef_fire_circle_B_main/ef_fire_circle_B_main_00004" },
					{ "time": 0.2333, "name": "image2/EF/ef_fire_circle_B_main/ef_fire_circle_B_main_00005" },
					{ "time": 0.2666, "name": "image2/EF/ef_fire_circle_B_main/ef_fire_circle_B_main_00006" },
					{ "time": 0.3, "name": "image2/EF/ef_fire_circle_B_main/ef_fire_circle_B_main_00007" },
					{ "time": 0.3333, "name": "image2/EF/ef_fire_circle_B_main/ef_fire_circle_B_main_00008" },
					{ "time": 0.3666, "name": "image2/EF/ef_fire_circle_B_main/ef_fire_circle_B_main_00009" },
					{ "time": 0.4, "name": "image2/EF/ef_fire_circle_B_main/ef_fire_circle_B_main_00010" },
					{ "time": 0.4333, "name": "image2/EF/ef_fire_circle_B_main/ef_fire_circle_B_main_00011" },
					{ "time": 0.4666, "name": "image2/EF/ef_fire_circle_B_main/ef_fire_circle_B_main_00012" },
					{ "time": 0.5, "name": "image2/EF/ef_fire_circle_B_main/ef_fire_circle_B_main_00013" },
					{ "time": 0.5333, "name": "image2/EF/ef_fire_circle_B_main/ef_fire_circle_B_main_00014" },
					{ "time": 0.5666, "name": "image2/EF/ef_fire_circle_B_main/ef_fire_circle_B_main_00015" },
					{ "time": 0.6, "name": null }
				]
			},
			"ef_fire_circle_B_main5": {
				"attachment": [
					{ "time": 0.2, "name": "image2/EF/ef_fire_circle_B_main/ef_fire_circle_B_main_00001" },
					{ "time": 0.2333, "name": "image2/EF/ef_fire_circle_B_main/ef_fire_circle_B_main_00002" },
					{ "time": 0.2666, "name": "image2/EF/ef_fire_circle_B_main/ef_fire_circle_B_main_00003" },
					{ "time": 0.3, "name": "image2/EF/ef_fire_circle_B_main/ef_fire_circle_B_main_00004" },
					{ "time": 0.3333, "name": "image2/EF/ef_fire_circle_B_main/ef_fire_circle_B_main_00005" },
					{ "time": 0.3666, "name": "image2/EF/ef_fire_circle_B_main/ef_fire_circle_B_main_00006" },
					{ "time": 0.4, "name": "image2/EF/ef_fire_circle_B_main/ef_fire_circle_B_main_00007" },
					{ "time": 0.4333, "name": "image2/EF/ef_fire_circle_B_main/ef_fire_circle_B_main_00008" },
					{ "time": 0.4666, "name": "image2/EF/ef_fire_circle_B_main/ef_fire_circle_B_main_00009" },
					{ "time": 0.5, "name": "image2/EF/ef_fire_circle_B_main/ef_fire_circle_B_main_00010" },
					{ "time": 0.5333, "name": "image2/EF/ef_fire_circle_B_main/ef_fire_circle_B_main_00011" },
					{ "time": 0.5666, "name": "image2/EF/ef_fire_circle_B_main/ef_fire_circle_B_main_00012" },
					{ "time": 0.6, "name": "image2/EF/ef_fire_circle_B_main/ef_fire_circle_B_main_00013" },
					{ "time": 0.6333, "name": "image2/EF/ef_fire_circle_B_main/ef_fire_circle_B_main_00014" },
					{ "time": 0.6666, "name": "image2/EF/ef_fire_circle_B_main/ef_fire_circle_B_main_00015" },
					{ "time": 0.7, "name": null }
				]
			},
			"ef_fire_red4": {
				"attachment": [
					{ "time": 0.0333, "name": "image2/EF/ef_fire_red/ef_fire_red_00001" },
					{ "time": 0.0666, "name": "image2/EF/ef_fire_red/ef_fire_red_00002" },
					{ "time": 0.1, "name": "image2/EF/ef_fire_red/ef_fire_red_00004" },
					{ "time": 0.1333, "name": "image2/EF/ef_fire_red/ef_fire_red_00005" },
					{ "time": 0.1666, "name": "image2/EF/ef_fire_red/ef_fire_red_00006" },
					{ "time": 0.2, "name": "image2/EF/ef_fire_red/ef_fire_red_00007" },
					{ "time": 0.2333, "name": "image2/EF/ef_fire_red/ef_fire_red_00009" },
					{ "time": 0.2666, "name": "image2/EF/ef_fire_red/ef_fire_red_00011" },
					{ "time": 0.3, "name": null },
					{ "time": 0.3333, "name": "image2/EF/ef_fire_red/ef_fire_red_00001" },
					{ "time": 0.3666, "name": "image2/EF/ef_fire_red/ef_fire_red_00002" },
					{ "time": 0.4, "name": "image2/EF/ef_fire_red/ef_fire_red_00004" },
					{ "time": 0.4333, "name": "image2/EF/ef_fire_red/ef_fire_red_00005" },
					{ "time": 0.4666, "name": "image2/EF/ef_fire_red/ef_fire_red_00006" },
					{ "time": 0.5, "name": "image2/EF/ef_fire_red/ef_fire_red_00007" },
					{ "time": 0.5333, "name": "image2/EF/ef_fire_red/ef_fire_red_00009" },
					{ "time": 0.5666, "name": "image2/EF/ef_fire_red/ef_fire_red_00011" },
					{ "time": 0.6, "name": null }
				]
			},
			"ef_fire_trrnade_main": {
				"attachment": [
					{ "time": 0.0333, "name": "image2/EF/ef_fire_trrnade_main/ef_fire_trrnade_main_00001" },
					{ "time": 0.1, "name": "image2/EF/ef_fire_trrnade_main/ef_fire_trrnade_main_00003" },
					{ "time": 0.1666, "name": "image2/EF/ef_fire_trrnade_main/ef_fire_trrnade_main_00006" },
					{ "time": 0.2333, "name": "image2/EF/ef_fire_trrnade_main/ef_fire_trrnade_main_00010" },
					{ "time": 0.3666, "name": "image2/EF/ef_fire_trrnade_main/ef_fire_trrnade_main_00014" },
					{ "time": 0.5333, "name": "image2/EF/ef_fire_trrnade_main/ef_fire_trrnade_main_00016" },
					{ "time": 0.7, "name": "image2/EF/ef_fire_trrnade_main/ef_fire_trrnade_main_00018" },
					{ "time": 0.7666, "name": null }
				],
				"color": [
					{ "time": 0, "color": "ffffff00" },
					{ "time": 0.1666, "color": "ffffffff", "curve": "stepped" },
					{ "time": 0.6333, "color": "ffffffff" },
					{ "time": 0.7666, "color": "ffffff00" }
				]
			},
			"ef_wave_red": {
				"attachment": [
					{ "time": 0.0333, "name": "image2/EF/ef_wave_red/ef_wave_red_00001" },
					{ "time": 0.0666, "name": "image2/EF/ef_wave_red/ef_wave_red_00002" },
					{ "time": 0.1, "name": "image2/EF/ef_wave_red/ef_wave_red_00003" },
					{ "time": 0.1666, "name": "image2/EF/ef_wave_red/ef_wave_red_00004" },
					{ "time": 0.2333, "name": "image2/EF/ef_wave_red/ef_wave_red_00005" },
					{ "time": 0.2666, "name": null }
				],
				"color": [
					{ "time": 0.0333, "color": "ffffff32" },
					{ "time": 0.0666, "color": "ffffffff", "curve": "stepped" },
					{ "time": 0.1, "color": "ffffffff" },
					{ "time": 0.2666, "color": "ffffff32" }
				]
			}
		},
		"bones": {
			"DAMAGEAREA": {
				"translate": [
					{
						"time": 0.1,
						"x": -66.31,
						"y": 178.36,
						"curve": [ 0, 0.7, 0.75, 1 ]
					},
					{ "time": 0.7666, "x": -242.4, "y": 216.25 }
				],
				"scale": [
					{
						"time": 0.1,
						"x": 1.978,
						"y": 3.12,
						"curve": [ 0, 0.7, 0.75, 1 ]
					},
					{ "time": 0.7666, "x": 2.88, "y": 3.27 }
				]
			},
			"ef_OF_red": {
				"rotate": [
					{ "time": 0.0333, "angle": 115.89 }
				],
				"translate": [
					{ "time": 0.0333, "x": -837.78, "y": -249.61 }
				],
				"scale": [
					{ "time": 0.0333, "x": 2, "y": 2 }
				]
			},
			"ef_fire_circle_A_main": {
				"translate": [
					{ "time": 0.0666, "x": -1442.2, "y": -560.28 }
				],
				"scale": [
					{ "time": 0.0666, "x": 0.3, "y": 0.3 }
				]
			},
			"ef_fire_circle_A_main2": {
				"rotate": [
					{ "time": 0.1, "angle": -29.93 }
				],
				"translate": [
					{ "time": 0.1, "x": -1463.44, "y": -494.48 }
				],
				"scale": [
					{ "time": 0.1, "x": 0.35, "y": 0.75 }
				]
			},
			"ef_fire_circle_A_main3": {
				"rotate": [
					{ "time": 0.1333, "angle": -17.54 },
					{ "time": 0.2, "angle": -25.13 }
				],
				"translate": [
					{ "time": 0.1333, "x": -1489.33, "y": -451.1 }
				],
				"scale": [
					{ "time": 0.1333, "x": 0.6, "y": 0.6 }
				]
			},
			"ef_fire_circle_A_main4": {
				"rotate": [
					{ "time": 0.2333, "angle": -36.77 }
				],
				"translate": [
					{ "time": 0.2333, "x": -1575.33, "y": -254.73 }
				],
				"scale": [
					{ "time": 0.2333, "x": 1.3, "y": 1.3 }
				]
			},
			"ef_fire_circle_B_main": {
				"rotate": [
					{ "time": 0.1666, "angle": 11.34 }
				],
				"translate": [
					{ "time": 0.1666, "x": -1537.02, "y": -36.43 }
				],
				"scale": [
					{ "time": 0.1666, "x": 1, "y": 1 }
				]
			},
			"ef_fire_circle_B_main2": {
				"rotate": [
					{ "time": 0.2333, "angle": 3.64 }
				],
				"translate": [
					{ "time": 0.2333, "x": -1565.13, "y": 10.57 }
				],
				"scale": [
					{ "time": 0.2333, "x": 1.1, "y": 1.1 }
				]
			},
			"ef_fire_circle_B_main3": {
				"rotate": [
					{ "time": 0.3, "angle": -13.64 }
				],
				"translate": [
					{ "time": 0.3, "x": -1566.03, "y": 120.61 }
				],
				"scale": [
					{ "time": 0.3, "x": 1.4, "y": 1.4 }
				]
			},
			"ef_fire_circle_B_main4": {
				"rotate": [
					{ "time": 0.1, "angle": 21.48 }
				],
				"translate": [
					{ "time": 0.1, "x": -1460.51, "y": -236.59 }
				],
				"scale": [
					{ "time": 0.1, "x": 0.4, "y": 0.4 }
				]
			},
			"ef_fire_circle_B_main5": {
				"rotate": [
					{ "time": 0.2, "angle": 12.91 }
				],
				"translate": [
					{ "time": 0.2, "x": -1513.07, "y": -104.93 }
				],
				"scale": [
					{ "time": 0.2, "x": 0.8, "y": 0.8 }
				]
			},
			"ef_fire_red4": {
				"translate": [
					{ "time": 0.0333, "x": -1516.4, "y": 65.94, "curve": "stepped" },
					{ "time": 0.3333, "x": -1576, "y": 65.94 }
				],
				"scale": [
					{ "time": 0.0333, "x": 1, "y": 1, "curve": "stepped" },
					{ "time": 0.3333, "x": -1, "y": 1 }
				]
			},
			"ef_fire_trrnade_main": {
				"translate": [
					{ "time": 0.0333, "x": -2039.9, "y": -581.19 }
				],
				"scale": [
					{
						"time": 0.0333,
						"x": 1,
						"y": 1,
						"curve": [ 0.564, 0, 0.834, 0.27 ]
					},
					{ "time": 0.7666, "x": 2, "y": 2 }
				]
			},
			"ef_wave_red": {
				"translate": [
					{ "time": 0.0333, "x": -3038.82, "y": 48.73 }
				],
				"scale": [
					{
						"time": 0.0333,
						"x": 1,
						"y": 1,
						"curve": [ 0.25, 0, 0.865, 0 ]
					},
					{ "time": 0.2666, "x": 32, "y": 32 }
				]
			},
			"MAIN": {
				"translate": [
					{ "time": 0.0333, "x": 173.85, "y": 0, "curve": "stepped" },
					{
						"time": 0.1,
						"x": 173.85,
						"y": 0,
						"curve": [ 0.054, 0.74, 0.75, 1 ]
					},
					{ "time": 1.3666, "x": 59.52, "y": 0 }
				]
			}
		},
		"events": [
			{ "time": 0, "name": "Event", "float": 0.1, "string": "kHitStopType_enemyonly" },
			{ "time": 0.0333, "name": "Sound1", "string": "cri_se_battle_sword_srash" },
			{ "time": 0.1, "name": "Event2", "string": "shakeGround" },
			{ "time": 0.1, "name": "Sound1", "string": "cri_se_battle_030_explosion_02" },
			{ "time": 0.1666, "name": "Hit", "string": "resetHitList" },
			{ "time": 0.2333, "name": "Event", "float": 0.15, "string": "kHitStopType_normal" },
			{ "time": 0.2333, "name": "Event2", "string": "shakeGround" },
			{ "time": 0.2333, "name": "Hit", "string": "resetHitList" },
			{ "time": 0.3, "name": "Event", "float": 0.1, "string": "kHitStopType_enemyonly" },
			{ "time": 0.3, "name": "Hit", "string": "resetHitList" },
			{ "time": 0.3666, "name": "Hit", "string": "resetHitList" },
			{ "time": 0.4333, "name": "Hit", "string": "resetHitList" },
			{ "time": 0.5, "name": "Hit", "string": "resetHitList" },
			{ "time": 0.5666, "name": "Hit", "string": "resetHitList" },
			{ "time": 0.6333, "name": "Hit", "string": "resetHitList" },
			{ "time": 0.7, "name": "Hit", "string": "resetHitList" }
		]
	},
	"attack2": {
		"slots": {
			"DAMAGEAREA": {
				"attachment": [
					{ "time": 0.0666, "name": "DAMAGEAREA" },
					{ "time": 0.1333, "name": null },
					{ "time": 0.4333, "name": "DAMAGEAREA" },
					{ "time": 0.7, "name": null }
				]
			},
			"ef_OF_red": {
				"attachment": [
					{ "time": 0.4333, "name": "image2/EF/ef_OF_red/ef_OF_red_00001" },
					{ "time": 0.4666, "name": "image2/EF/ef_OF_red/ef_OF_red_00003" },
					{ "time": 0.5333, "name": "image2/EF/ef_OF_red/ef_OF_red_00005" },
					{ "time": 0.5666, "name": "image2/EF/ef_OF_red/ef_OF_red_00006" },
					{ "time": 0.6333, "name": null }
				]
			},
			"ef_fire_red": {
				"attachment": [
					{ "time": 0, "name": "image2/EF/ef_fire_red/ef_fire_red_00001" },
					{ "time": 0.0333, "name": "image2/EF/ef_fire_red/ef_fire_red_00002" },
					{ "time": 0.0666, "name": "image2/EF/ef_fire_red/ef_fire_red_00004" },
					{ "time": 0.1, "name": "image2/EF/ef_fire_red/ef_fire_red_00005" },
					{ "time": 0.1333, "name": "image2/EF/ef_fire_red/ef_fire_red_00006" },
					{ "time": 0.1666, "name": "image2/EF/ef_fire_red/ef_fire_red_00007" },
					{ "time": 0.2, "name": "image2/EF/ef_fire_red/ef_fire_red_00009" },
					{ "time": 0.2333, "name": "image2/EF/ef_fire_red/ef_fire_red_00011" },
					{ "time": 0.2666, "name": null },
					{ "time": 0.5, "name": "image2/EF/ef_fire_red/ef_fire_red_00011" },
					{ "time": 0.5333, "name": "image2/EF/ef_fire_red/ef_fire_red_00001" },
					{ "time": 0.5666, "name": "image2/EF/ef_fire_red/ef_fire_red_00002" },
					{ "time": 0.6, "name": "image2/EF/ef_fire_red/ef_fire_red_00004" },
					{ "time": 0.6333, "name": "image2/EF/ef_fire_red/ef_fire_red_00005" },
					{ "time": 0.6666, "name": "image2/EF/ef_fire_red/ef_fire_red_00006" },
					{ "time": 0.7, "name": "image2/EF/ef_fire_red/ef_fire_red_00007" },
					{ "time": 0.7333, "name": "image2/EF/ef_fire_red/ef_fire_red_00009" },
					{ "time": 0.7666, "name": "image2/EF/ef_fire_red/ef_fire_red_00011" },
					{ "time": 0.8, "name": null }
				]
			},
			"ef_fire_red2": {
				"attachment": [
					{ "time": 0.0333, "name": "image2/EF/ef_fire_red/ef_fire_red_00001" },
					{ "time": 0.0666, "name": "image2/EF/ef_fire_red/ef_fire_red_00002" },
					{ "time": 0.1, "name": "image2/EF/ef_fire_red/ef_fire_red_00004" },
					{ "time": 0.1333, "name": "image2/EF/ef_fire_red/ef_fire_red_00005" },
					{ "time": 0.1666, "name": "image2/EF/ef_fire_red/ef_fire_red_00006" },
					{ "time": 0.2, "name": "image2/EF/ef_fire_red/ef_fire_red_00007" },
					{ "time": 0.2333, "name": "image2/EF/ef_fire_red/ef_fire_red_00009" },
					{ "time": 0.2666, "name": "image2/EF/ef_fire_red/ef_fire_red_00011" },
					{ "time": 0.3, "name": null },
					{ "time": 0.9, "name": "image2/EF/ef_fire_red/ef_fire_red_00001" }
				],
				"color": [
					{ "time": 0.8666, "color": "ffffff00" }
				]
			},
			"ef_fire_red3": {
				"attachment": [
					{ "time": 0.0666, "name": "image2/EF/ef_fire_red/ef_fire_red_00001" },
					{ "time": 0.1, "name": "image2/EF/ef_fire_red/ef_fire_red_00002" },
					{ "time": 0.1333, "name": "image2/EF/ef_fire_red/ef_fire_red_00004" },
					{ "time": 0.1666, "name": "image2/EF/ef_fire_red/ef_fire_red_00005" },
					{ "time": 0.2, "name": "image2/EF/ef_fire_red/ef_fire_red_00006" },
					{ "time": 0.2333, "name": "image2/EF/ef_fire_red/ef_fire_red_00007" },
					{ "time": 0.2666, "name": "image2/EF/ef_fire_red/ef_fire_red_00009" },
					{ "time": 0.3, "name": "image2/EF/ef_fire_red/ef_fire_red_00011" },
					{ "time": 0.3333, "name": null }
				]
			},
			"ef_fire_red4": {
				"attachment": [
					{ "time": 0.0666, "name": "image2/EF/ef_fire_red/ef_fire_red_00001" },
					{ "time": 0.1, "name": "image2/EF/ef_fire_red/ef_fire_red_00002" },
					{ "time": 0.1333, "name": "image2/EF/ef_fire_red/ef_fire_red_00004" },
					{ "time": 0.1666, "name": "image2/EF/ef_fire_red/ef_fire_red_00005" },
					{ "time": 0.2, "name": "image2/EF/ef_fire_red/ef_fire_red_00006" },
					{ "time": 0.2333, "name": "image2/EF/ef_fire_red/ef_fire_red_00007" },
					{ "time": 0.2666, "name": "image2/EF/ef_fire_red/ef_fire_red_00009" },
					{ "time": 0.3, "name": "image2/EF/ef_fire_red/ef_fire_red_00011" },
					{ "time": 0.3333, "name": null }
				],
				"color": [
					{ "time": 0.0666, "color": "ffffffff", "curve": "stepped" },
					{ "time": 0.2666, "color": "ffffffff" }
				]
			},
			"ef_fire_roll_main": {
				"attachment": [
					{ "time": 0.5, "name": "image2/EF/ef_fire_roll_main/ef_fire_roll_main_00001" },
					{ "time": 0.5333, "name": "image2/EF/ef_fire_roll_main/ef_fire_roll_main_00002" },
					{ "time": 0.5666, "name": "image2/EF/ef_fire_roll_main/ef_fire_roll_main_00003" },
					{ "time": 0.6, "name": "image2/EF/ef_fire_roll_main/ef_fire_roll_main_00004" },
					{ "time": 0.6333, "name": "image2/EF/ef_fire_roll_main/ef_fire_roll_main_00006" },
					{ "time": 0.6666, "name": "image2/EF/ef_fire_roll_main/ef_fire_roll_main_00008" },
					{ "time": 0.7, "name": "image2/EF/ef_fire_roll_main/ef_fire_roll_main_00010" },
					{ "time": 0.7333, "name": "image2/EF/ef_fire_roll_main/ef_fire_roll_main_00012" },
					{ "time": 0.7666, "name": "image2/EF/ef_fire_roll_main/ef_fire_roll_main_00014" },
					{ "time": 0.8, "name": "image2/EF/ef_fire_roll_main/ef_fire_roll_main_00016" },
					{ "time": 0.8333, "name": "image2/EF/ef_fire_roll_main/ef_fire_roll_main_00018" },
					{ "time": 0.8666, "name": "image2/EF/ef_fire_roll_main/ef_fire_roll_main_00020" },
					{ "time": 0.9, "name": null }
				],
				"color": [
					{ "time": 0.5, "color": "ffffffff" }
				]
			},
			"ef_fire_roll_main2": {
				"attachment": [
					{ "time": 0.5, "name": "image2/EF/ef_fire_roll_main/ef_fire_roll_main_00001" },
					{ "time": 0.5333, "name": "image2/EF/ef_fire_roll_main/ef_fire_roll_main_00002" },
					{ "time": 0.5666, "name": "image2/EF/ef_fire_roll_main/ef_fire_roll_main_00003" },
					{ "time": 0.6, "name": "image2/EF/ef_fire_roll_main/ef_fire_roll_main_00004" },
					{ "time": 0.6333, "name": "image2/EF/ef_fire_roll_main/ef_fire_roll_main_00006" },
					{ "time": 0.6666, "name": "image2/EF/ef_fire_roll_main/ef_fire_roll_main_00008" },
					{ "time": 0.7, "name": "image2/EF/ef_fire_roll_main/ef_fire_roll_main_00010" },
					{ "time": 0.7333, "name": "image2/EF/ef_fire_roll_main/ef_fire_roll_main_00012" },
					{ "time": 0.7666, "name": "image2/EF/ef_fire_roll_main/ef_fire_roll_main_00014" },
					{ "time": 0.8, "name": "image2/EF/ef_fire_roll_main/ef_fire_roll_main_00016" },
					{ "time": 0.8333, "name": "image2/EF/ef_fire_roll_main/ef_fire_roll_main_00018" },
					{ "time": 0.8666, "name": "image2/EF/ef_fire_roll_main/ef_fire_roll_main_00020" },
					{ "time": 0.9, "name": null }
				]
			},
			"ef_fire_sink_main": {
				"attachment": [
					{ "time": 0.5, "name": "image2/EF/ef_fire_sink_main/ef_fire_sink_main_00016" },
					{ "time": 0.5333, "name": "image2/EF/ef_fire_sink_main/ef_fire_sink_main_00017" },
					{ "time": 0.5666, "name": "image2/EF/ef_fire_sink_main/ef_fire_sink_main_00019" },
					{ "time": 0.6, "name": "image2/EF/ef_fire_sink_main/ef_fire_sink_main_00020" },
					{ "time": 0.6333, "name": "image2/EF/ef_fire_sink_main/ef_fire_sink_main_00022" },
					{ "time": 0.6666, "name": "image2/EF/ef_fire_sink_main/ef_fire_sink_main_00023" },
					{ "time": 0.7, "name": "image2/EF/ef_fire_sink_main/ef_fire_sink_main_00024" },
					{ "time": 0.7333, "name": "image2/EF/ef_fire_sink_main/ef_fire_sink_main_00025" },
					{ "time": 0.7666, "name": "image2/EF/ef_fire_sink_main/ef_fire_sink_main_00026" },
					{ "time": 0.8, "name": "image2/EF/ef_fire_sink_main/ef_fire_sink_main_00027" },
					{ "time": 0.8333, "name": "image2/EF/ef_fire_sink_main/ef_fire_sink_main_00029" },
					{ "time": 0.8666, "name": "image2/EF/ef_fire_sink_main/ef_fire_sink_main_00030" },
					{ "time": 0.9666, "name": null }
				],
				"color": [
					{ "time": 0.8666, "color": "ffffffff" },
					{ "time": 0.9666, "color": "ffffff00" }
				]
			},
			"ef_fire_sprash_main": {
				"attachment": [
					{ "time": 0.5, "name": "image2/EF/ef_fire_sprash_main/ef_fire_sprash_main_00001" },
					{ "time": 0.5333, "name": "image2/EF/ef_fire_sprash_main/ef_fire_sprash_main_00003" },
					{ "time": 0.5666, "name": "image2/EF/ef_fire_sprash_main/ef_fire_sprash_main_00005" },
					{ "time": 0.6, "name": "image2/EF/ef_fire_sprash_main/ef_fire_sprash_main_00006" },
					{ "time": 0.6333, "name": "image2/EF/ef_fire_sprash_main/ef_fire_sprash_main_00009" },
					{ "time": 0.6666, "name": "image2/EF/ef_fire_sprash_main/ef_fire_sprash_main_00010" },
					{ "time": 0.7, "name": "image2/EF/ef_fire_sprash_main/ef_fire_sprash_main_00012" },
					{ "time": 0.7333, "name": "image2/EF/ef_fire_sprash_main/ef_fire_sprash_main_00013" },
					{ "time": 0.7666, "name": null }
				],
				"color": [
					{
						"time": 0.5,
						"color": "ffffff95",
						"curve": [ 0.25, 0, 0.88, 0 ]
					},
					{ "time": 0.7, "color": "ffffffff" },
					{ "time": 0.7666, "color": "ffffff00" }
				]
			},
			"ef_shock_wave_main": {
				"attachment": [
					{ "time": 0.4, "name": "image2/EF/ef_shock_wave_main/ef_shock_wave_main_00001" },
					{ "time": 0.4333, "name": "image2/EF/ef_shock_wave_main/ef_shock_wave_main_00003" },
					{ "time": 0.4666, "name": "image2/EF/ef_shock_wave_main/ef_shock_wave_main_00004" },
					{ "time": 0.5, "name": "image2/EF/ef_shock_wave_main/ef_shock_wave_main_00005" },
					{ "time": 0.5333, "name": "image2/EF/ef_shock_wave_main/ef_shock_wave_main_00006" },
					{ "time": 0.5666, "name": "image2/EF/ef_shock_wave_main/ef_shock_wave_main_00007" },
					{ "time": 0.6666, "name": "image2/EF/ef_shock_wave_main/ef_shock_wave_main_00009" },
					{ "time": 0.7, "name": null }
				],
				"color": [
					{ "time": 0.5666, "color": "ffffffff" },
					{ "time": 0.7, "color": "ffffff00" }
				]
			},
			"ef_slash_bolt_main": {
				"attachment": [
					{ "time": 0, "name": "image2/EF/ef_slash_bolt_main/ef_slash_bolt_main_00001_png" },
					{ "time": 0.0333, "name": "image2/EF/ef_slash_bolt_main/ef_slash_bolt_main_00002_png" },
					{ "time": 0.0666, "name": "image2/EF/ef_slash_bolt_main/ef_slash_bolt_main_00003_png" },
					{ "time": 0.1666, "name": "image2/EF/ef_slash_bolt_main/ef_slash_bolt_main_00006_png" },
					{ "time": 0.3, "name": null },
					{ "time": 0.3333, "name": "image2/EF/ef_slash_bolt_main/ef_slash_bolt_main_00001_png" },
					{ "time": 0.3666, "name": "image2/EF/ef_slash_bolt_main/ef_slash_bolt_main_00002_png" },
					{ "time": 0.4, "name": "image2/EF/ef_slash_bolt_main/ef_slash_bolt_main_00003_png" },
					{ "time": 0.5, "name": "image2/EF/ef_slash_bolt_main/ef_slash_bolt_main_00006_png" },
					{ "time": 0.6333, "name": null }
				],
				"color": [
					{ "time": 0, "color": "ffffffff", "curve": "stepped" },
					{ "time": 0.2333, "color": "ffffffff" },
					{ "time": 0.3, "color": "ffffff00", "curve": "stepped" },
					{ "time": 0.3333, "color": "ffffffff", "curve": "stepped" },
					{ "time": 0.4, "color": "ffffffff", "curve": "stepped" },
					{ "time": 0.5, "color": "ffffffff", "curve": "stepped" },
					{ "time": 0.5666, "color": "ffffffff", "curve": "stepped" },
					{ "time": 0.6333, "color": "ffffffff" },
					{ "time": 0.7, "color": "ffffff00", "curve": "stepped" },
					{ "time": 0.7333, "color": "ffffffff" },
					{ "time": 0.8, "color": "ffffff00" }
				]
			},
			"ef_slash_bolt_main2": {
				"attachment": [
					{ "time": 0.4, "name": "image2/EF/ef_slash_bolt_main/ef_slash_bolt_main_00001_png" },
					{ "time": 0.4333, "name": "image2/EF/ef_slash_bolt_main/ef_slash_bolt_main_00002_png" },
					{ "time": 0.4666, "name": "image2/EF/ef_slash_bolt_main/ef_slash_bolt_main_00003_png" },
					{ "time": 0.5666, "name": "image2/EF/ef_slash_bolt_main/ef_slash_bolt_main_00006_png" },
					{ "time": 0.7, "name": null }
				]
			},
			"ef_wave_red": {
				"attachment": [
					{ "time": 0.4, "name": "image2/EF/ef_wave_red/ef_wave_red_00001" },
					{ "time": 0.4333, "name": "image2/EF/ef_wave_red/ef_wave_red_00002" },
					{ "time": 0.4666, "name": "image2/EF/ef_wave_red/ef_wave_red_00003" },
					{ "time": 0.5333, "name": "image2/EF/ef_wave_red/ef_wave_red_00004" },
					{ "time": 0.6, "name": "image2/EF/ef_wave_red/ef_wave_red_00005" },
					{ "time": 0.7, "name": null }
				],
				"color": [
					{ "time": 0.6, "color": "ffffffff" },
					{ "time": 0.7, "color": "ffffff00" }
				]
			},
			"ef_wind_wall_red": {
				"attachment": [
					{ "time": 1.5333, "name": null }
				],
				"color": [
					{ "time": 0.7, "color": "ffffffc7" },
					{ "time": 1.5333, "color": "ffffff64" }
				]
			}
		},
		"bones": {
			"DAMAGEAREA": {
				"translate": [
					{ "time": 0.0666, "x": 0, "y": 60.5 }
				],
				"scale": [
					{ "time": 0.0666, "x": 15.098, "y": 1, "curve": "stepped" },
					{ "time": 0.5666, "x": 5.792, "y": 4.803 }
				]
			},
			"ef_OF_red": {
				"translate": [
					{ "time": 0.4, "x": -596.59, "y": -239.73 }
				],
				"scale": [
					{ "time": 0.4, "x": 1, "y": 1 },
					{ "time": 0.6333, "x": 1.2, "y": 1.2 }
				]
			},
			"ef_fire_red": {
				"rotate": [
					{ "time": 0, "angle": 329.76, "curve": "stepped" },
					{ "time": 0.5333, "angle": -177.13 }
				],
				"translate": [
					{ "time": 0, "x": -1201.39, "y": 92.51, "curve": "stepped" },
					{ "time": 0.5333, "x": -1400.44, "y": 63.21 }
				],
				"scale": [
					{ "time": 0, "x": 2, "y": 2, "curve": "stepped" },
					{ "time": 0.5333, "x": -1.5, "y": -1.5 }
				]
			},
			"ef_fire_red2": {
				"rotate": [
					{ "time": 0.0333, "angle": 329.51, "curve": "stepped" },
					{ "time": 0.9, "angle": -0.4 }
				],
				"translate": [
					{ "time": 0.0333, "x": -1295.35, "y": 68.26 },
					{ "time": 0.9, "x": -1269.84, "y": 18.14 }
				],
				"scale": [
					{ "time": 0.0333, "x": 1.5, "y": 1.5, "curve": "stepped" },
					{ "time": 0.9, "x": -0.25, "y": 0.25 }
				]
			},
			"ef_fire_red3": {
				"rotate": [
					{ "time": 0.0666, "angle": 329.51 }
				],
				"translate": [
					{ "time": 0.0666, "x": -1379.3, "y": 55.38 }
				],
				"scale": [
					{ "time": 0.0666, "x": 1, "y": 1 }
				]
			},
			"ef_fire_red4": {
				"rotate": [
					{ "time": 0.0666, "angle": -71.79 }
				],
				"translate": [
					{ "time": 0.0666, "x": -1526.55, "y": 117.6 }
				],
				"scale": [
					{ "time": 0.0666, "x": 2, "y": 2 }
				]
			},
			"ef_fire_roll_main": {
				"rotate": [
					{ "time": 0.5, "angle": 30 }
				],
				"translate": [
					{ "time": 0.5, "x": -1495.6, "y": -538.7 }
				],
				"scale": [
					{ "time": 0.5, "x": -2.5, "y": -2.5 },
					{ "time": 0.9, "x": -5, "y": -5 }
				]
			},
			"ef_fire_roll_main2": {
				"rotate": [
					{ "time": 0.5, "angle": 30 }
				],
				"translate": [
					{ "time": 0.5, "x": -1495.6, "y": -538.7 }
				],
				"scale": [
					{ "time": 0.5, "x": 2.5, "y": 2.5 },
					{ "time": 0.9, "x": 5, "y": 5 }
				]
			},
			"ef_fire_sink_main": {
				"rotate": [
					{ "time": 0.8, "angle": 0 },
					{ "time": 0.9666, "angle": 7.2 }
				],
				"translate": [
					{ "time": 0.5, "x": -1499.33, "y": -239.66 }
				]
			},
			"ef_fire_sprash_main": {
				"rotate": [
					{ "time": 0.5, "angle": 0 }
				],
				"translate": [
					{ "time": 0.5, "x": -1623.25, "y": -9.53 }
				],
				"scale": [
					{ "time": 0.5, "x": 2, "y": 2 }
				]
			},
			"ef_shock_wave_main": {
				"translate": [
					{ "time": 0.4, "x": -2097.37, "y": -537.15 }
				],
				"scale": [
					{ "time": 0.4, "x": 1, "y": 1 },
					{ "time": 0.7, "x": 5, "y": 5 }
				]
			},
			"ef_slash_bolt_main": {
				"rotate": [
					{ "time": 0.3333, "angle": 8.95 }
				],
				"translate": [
					{ "time": 0, "x": -3233.75, "y": -576.21, "curve": "stepped" },
					{ "time": 0.0666, "x": -3386.8, "y": -585.45, "curve": "stepped" },
					{ "time": 0.1666, "x": -3386.8, "y": -535.31 },
					{ "time": 0.3, "x": -4743.67, "y": -535.31, "curve": "stepped" },
					{ "time": 0.3333, "x": -3233.75, "y": -576.21, "curve": "stepped" },
					{ "time": 0.4, "x": -3386.8, "y": -585.45 }
				],
				"scale": [
					{ "time": 0, "x": 8.5, "y": 8.5, "curve": "stepped" },
					{ "time": 0.0666, "x": 12, "y": 8 },
					{ "time": 0.1333, "x": 12, "y": 1, "curve": "stepped" },
					{ "time": 0.1666, "x": 12, "y": 6 },
					{ "time": 0.3, "x": 12, "y": 0.5, "curve": "stepped" },
					{ "time": 0.3333, "x": 8.5, "y": 8.5, "curve": "stepped" },
					{ "time": 0.4, "x": 12, "y": 8 },
					{ "time": 0.4666, "x": 12, "y": 1, "curve": "stepped" },
					{ "time": 0.5, "x": 12, "y": 6 },
					{ "time": 0.6333, "x": 12, "y": 0.5 }
				]
			},
			"ef_slash_bolt_main2": {
				"rotate": [
					{ "time": 0.4, "angle": -10.07 }
				],
				"translate": [
					{ "time": 0.4, "x": -3209.5, "y": -569.28 }
				],
				"scale": [
					{ "time": 0.4, "x": 8.5, "y": 8.5, "curve": "stepped" },
					{ "time": 0.4666, "x": 12, "y": 8 },
					{ "time": 0.5333, "x": 12, "y": 1, "curve": "stepped" },
					{ "time": 0.5666, "x": 12, "y": 6 },
					{ "time": 0.7, "x": 12, "y": 0.5 }
				]
			},
			"ef_wave_red": {
				"translate": [
					{ "time": 0.4, "x": -2796.98, "y": 62.82 }
				],
				"scale": [
					{ "time": 0.4, "x": 1, "y": 1 },
					{ "time": 0.7, "x": 10, "y": 10 }
				]
			},
			"ef_wind_wall_red": {
				"translate": [
					{ "time": 0.6333, "x": -3491.53, "y": 2706.15, "curve": "stepped" },
					{ "time": 0.7, "x": -3491.53, "y": -1944.84 },
					{ "time": 1.1, "x": -3491.53, "y": 2706.15, "curve": "stepped" },
					{ "time": 1.1333, "x": -3491.53, "y": -1944.84 },
					{ "time": 1.5333, "x": -3491.53, "y": 2706.15 }
				]
			}
		},
		"events": [
			{ "time": 0, "name": "Event", "float": 0.2, "string": "kHitStopType_normal" },
			{ "time": 0.0666, "name": "Event2", "string": "shakeGround" },
			{ "time": 0.0666, "name": "Sound1", "string": "cri_se_battle_sword_srash" },
			{ "time": 0.0666, "name": "Sound3", "string": "setHitSound(se_battle_sword_heavy_hit)" },
			{ "time": 0.4333, "name": "Event", "float": 0.1, "string": "kHitStopType_normal" },
			{ "time": 0.4333, "name": "Event2", "string": "shakeGround" },
			{ "time": 0.4333, "name": "Hit", "string": "resetHitList" },
			{ "time": 0.4333, "name": "Sound1", "string": "cri_se_battle_sword_srash" },
			{ "time": 0.4333, "name": "Sound3", "string": "setHitSound(se_battle_sword_heavy_hit)" },
			{ "time": 0.5, "name": "Hit", "string": "resetHitList" },
			{ "time": 0.5, "name": "Sound1", "string": "cri_se_battle_sword_srash" },
			{ "time": 0.5, "name": "Sound3", "string": "setHitSound(se_battle_sword_heavy_hit)" },
			{ "time": 0.5666, "name": "Event", "float": 0.1, "string": "kHitStopType_enemyonly" },
			{ "time": 0.5666, "name": "Hit", "string": "resetHitList" },
			{ "time": 0.5666, "name": "Sound1", "string": "cri_se_battle_030_explosion_02" },
			{ "time": 0.6333, "name": "Hit", "string": "resetHitList" }
		]
	},
	"skill3": {
		"slots": {
			"DAMAGEAREA": {
				"attachment": [
					{ "time": 1.5666, "name": "DAMAGEAREA" },
					{ "time": 1.7666, "name": null },
					{ "time": 1.9, "name": "DAMAGEAREA" },
					{ "time": 2.1, "name": null },
					{ "time": 2.2333, "name": "DAMAGEAREA" },
					{ "time": 2.4333, "name": null },
					{ "time": 2.6, "name": "DAMAGEAREA" },
					{ "time": 2.7, "name": null },
					{ "time": 3.8666, "name": "DAMAGEAREA" },
					{ "time": 3.9666, "name": "DAMAGEAREA" },
					{ "time": 5.1666, "name": null }
				]
			}
		},
		"bones": {
			"DAMAGEAREA": {
				"translate": [
					{ "time": 1.5666, "x": -4.12, "y": 15.68, "curve": "stepped" },
					{ "time": 3.8666, "x": -140.08, "y": 284.67, "curve": "stepped" },
					{ "time": 3.9666, "x": -134.96, "y": 67.08 }
				],
				"scale": [
					{ "time": 1.5666, "x": 16.121, "y": 2.527, "curve": "stepped" },
					{ "time": 3.8666, "x": 3.008, "y": 5.727, "curve": "stepped" },
					{ "time": 3.9666, "x": 9.742, "y": 7.698 }
				]
			},
			"MAIN": {
				"rotate": [
					{ "time": 3.8666, "angle": 0 }
				],
				"translate": [
					{ "time": 0, "x": 0, "y": 0, "curve": "stepped" },
					{ "time": 1.3333, "x": 0, "y": 0, "curve": "stepped" },
					{ "time": 1.3666, "x": -48.74, "y": 0, "curve": "stepped" },
					{ "time": 1.5, "x": -94.89, "y": 0 },
					{
						"time": 1.6,
						"x": -363,
						"y": 0,
						"curve": [ 0.203, 0.64, 0.75, 1 ]
					},
					{ "time": 1.8, "x": -373, "y": 0 },
					{ "time": 1.8333, "x": -253.7, "y": 0 },
					{ "time": 1.8666, "x": -115.3, "y": 0 },
					{ "time": 1.9333, "x": 161.57, "y": 0, "curve": "stepped" },
					{ "time": 2.1333, "x": 161.57, "y": 0 },
					{ "time": 2.1666, "x": 51.73, "y": 0 },
					{
						"time": 2.2666,
						"x": -363,
						"y": 0,
						"curve": [ 0.203, 0.64, 0.75, 1 ]
					},
					{ "time": 2.4333, "x": -373, "y": 0, "curve": "stepped" },
					{
						"time": 2.5333,
						"x": -208.51,
						"y": 0,
						"curve": [ 0.187, 0.7, 0.75, 1 ]
					},
					{ "time": 2.7, "x": -0.76, "y": 0, "curve": "stepped" },
					{
						"time": 2.7666,
						"x": 82.82,
						"y": -10.14,
						"curve": [ 0.147, 0.82, 0.75, 1 ]
					},
					{
						"time": 3,
						"x": -9.03,
						"y": 292.71,
						"curve": [ 0.124, 0.51, 0.57, 0.93 ]
					},
					{
						"time": 3.6666,
						"x": -24.13,
						"y": 314.79,
						"curve": [ 0.267, 0.03, 0.756, 0.51 ]
					},
					{
						"time": 3.8,
						"x": -37.71,
						"y": 346.9,
						"curve": [ 0.052, 0.49, 0.482, 0.81 ]
					},
					{
						"time": 3.8333,
						"x": -58.2,
						"y": -28.96,
						"curve": [ 0.339, 0.74, 0.736, 1 ]
					},
					{ "time": 3.8666, "x": -61.45, "y": -16.71 },
					{ "time": 3.9, "x": -61.45, "y": -7.56, "curve": "stepped" },
					{ "time": 5.6666, "x": -61.45, "y": -7.56, "curve": "stepped" },
					{ "time": 6.1, "x": 0, "y": 0, "curve": "stepped" },
					{ "time": 6.3333, "x": 0, "y": 0 }
				],
				"scale": [
					{ "time": 0, "x": 1, "y": 1, "curve": "stepped" },
					{ "time": 1.8333, "x": -1, "y": 1, "curve": "stepped" },
					{ "time": 2.1666, "x": 1, "y": 1, "curve": "stepped" },
					{ "time": 2.5333, "x": -1, "y": 1, "curve": "stepped" },
					{ "time": 2.5666, "x": 1, "y": 1 }
				]
			}
		},
		"events": [
			{ "time": 0, "name": "Event", "int": 1, "float": 0.15, "string": "setHitEffect(hit03a, 1)" },
			{ "time": 0.0333, "name": "Event", "int": 1, "float": 0.15, "string": "kImpactType_knock" },
			{ "time": 0.0333, "name": "Sound1", "string": "cri_se_battle_040_weapon_swing" },
			{ "time": 0.9666, "name": "Sound1", "string": "cri_se_battle_033_explosion_element_01" },
			{ "time": 1.2, "name": "Event", "string": "ignoreBorder-true" },
			{ "time": 1.5, "name": "Sound1", "string": "cri_se_battle_sword_srash" },
			{ "time": 1.5, "name": "Sound3", "string": "setHitSound(se_battle_sword_heavy_hit)" },
			{ "time": 1.5666, "name": "Event", "int": 1, "float": 0.1, "string": "kHitStopType_normal" },
			{ "time": 1.5666, "name": "Event2", "float": 0.5, "string": "shakeGround" },
			{ "time": 1.8333, "name": "Sound1", "string": "cri_se_battle_sword_srash" },
			{ "time": 1.8333, "name": "Sound2", "string": "cri_se_battle_skill_dash_ef" },
			{ "time": 1.9, "name": "Event2", "float": 0.5, "string": "shakeGround" },
			{ "time": 1.9, "name": "Hit", "string": "resetHitList" },
			{ "time": 2.1666, "name": "Sound1", "string": "cri_se_battle_sword_srash" },
			{ "time": 2.1666, "name": "Sound2", "string": "cri_se_battle_skill_dash_ef" },
			{ "time": 2.2333, "name": "Event2", "float": 0.5, "string": "shakeGround" },
			{ "time": 2.2333, "name": "Hit", "string": "resetHitList" },
			{ "time": 2.5333, "name": "Sound1", "string": "cri_se_battle_sword_srash" },
			{ "time": 2.5333, "name": "Sound2", "string": "cri_se_battle_skill_dash_ef" },
			{ "time": 2.6, "name": "Event", "int": 1, "float": 0.2, "string": "kHitStopType_normal" },
			{ "time": 2.6, "name": "Event2", "float": 0.5, "string": "shakeGround" },
			{ "time": 2.6, "name": "Hit", "string": "resetHitList" },
			{ "time": 2.8, "name": "Event", "string": "movePosition_Target(0.1,100,0)" },
			{ "time": 2.9, "name": "Sound1", "string": "cri_se_battle_flutter_02" },
			{ "time": 3.5333, "name": "Sound1", "string": "cri_se_battle_030_explosion_02" },
			{ "time": 3.7666, "name": "Event", "int": 1, "float": 0.2, "string": "kHitStopType_normal" },
			{ "time": 3.7666, "name": "Event2", "string": "movePosition_Target(0,150,0)" },
			{ "time": 3.8, "name": "Event", "int": 1, "float": 0.15, "string": "setHitEffect(hit02a, 1)" },
			{ "time": 3.8666, "name": "Event", "string": "setHitBackEnemy(0,20)" },
			{ "time": 3.8666, "name": "Event2", "float": 6, "string": "shakeGround" },
			{ "time": 3.8666, "name": "Hit", "float": 0.15, "string": "resetHitList" },
			{ "time": 3.8666, "name": "Sound1", "string": "cri_se_battle_skill_elxplosion" },
			{ "time": 3.9666, "name": "Event", "int": 1, "float": 0.05, "string": "kHitStopType_enemyonly" },
			{ "time": 3.9666, "name": "Event2", "float": 3, "string": "shakeGround" },
			{ "time": 3.9666, "name": "Hit", "float": 0.15, "string": "resetHitList" },
			{ "time": 4.0333, "name": "Event2", "float": 3, "string": "shakeGround" },
			{ "time": 4.0333, "name": "Hit", "float": 0.15, "string": "resetHitList" },
			{ "time": 4.1, "name": "Event2", "float": 3, "string": "shakeGround" },
			{ "time": 4.1, "name": "Hit", "float": 0.15, "string": "resetHitList" },
			{ "time": 4.1666, "name": "Event2", "float": 3, "string": "shakeGround" },
			{ "time": 4.1666, "name": "Hit", "float": 0.15, "string": "resetHitList" },
			{ "time": 4.2333, "name": "Event2", "float": 3, "string": "shakeGround" },
			{ "time": 4.2333, "name": "Hit", "float": 0.15, "string": "resetHitList" },
			{ "time": 4.3, "name": "Event2", "float": 3, "string": "shakeGround" },
			{ "time": 4.3, "name": "Hit", "float": 0.15, "string": "resetHitList" },
			{ "time": 4.3666, "name": "Event2", "float": 3, "string": "shakeGround" },
			{ "time": 4.3666, "name": "Hit", "float": 0.15, "string": "resetHitList" },
			{ "time": 4.4333, "name": "Event2", "float": 3, "string": "shakeGround" },
			{ "time": 4.4333, "name": "Hit", "float": 0.15, "string": "resetHitList" },
			{ "time": 4.5, "name": "Event2", "float": 3, "string": "shakeGround" },
			{ "time": 4.5, "name": "Hit", "float": 0.15, "string": "resetHitList" },
			{ "time": 4.5, "name": "Sound1", "string": "cri_se_battle_029_explosion_01" },
			{ "time": 4.5666, "name": "Event2", "float": 3, "string": "shakeGround" },
			{ "time": 4.5666, "name": "Hit", "float": 0.15, "string": "resetHitList" },
			{ "time": 4.6333, "name": "Event2", "float": 3, "string": "shakeGround" },
			{ "time": 4.6333, "name": "Hit", "float": 0.15, "string": "resetHitList" },
			{ "time": 4.7, "name": "Event2", "float": 3, "string": "shakeGround" },
			{ "time": 4.7, "name": "Hit", "float": 0.15, "string": "resetHitList" },
			{ "time": 4.7666, "name": "Event2", "float": 3, "string": "shakeGround" },
			{ "time": 4.7666, "name": "Hit", "float": 0.15, "string": "resetHitList" },
			{ "time": 4.8333, "name": "Event2", "float": 3, "string": "shakeGround" },
			{ "time": 4.8333, "name": "Hit", "float": 0.15, "string": "resetHitList" },
			{ "time": 4.9, "name": "Event2", "float": 3, "string": "shakeGround" },
			{ "time": 4.9, "name": "Hit", "float": 0.15, "string": "resetHitList" },
			{ "time": 4.9666, "name": "Event2", "float": 3, "string": "shakeGround" },
			{ "time": 4.9666, "name": "Hit", "float": 0.15, "string": "resetHitList" },
			{ "time": 5.0333, "name": "Event2", "float": 3, "string": "shakeGround" },
			{ "time": 5.0333, "name": "Hit", "float": 0.15, "string": "resetHitList" },
			{ "time": 5.1, "name": "Event", "int": 1, "float": 0.2, "string": "kHitStopType_enemyonly" },
			{ "time": 5.1, "name": "Event2", "float": 3, "string": "shakeGround" },
			{ "time": 5.1, "name": "Hit", "float": 0.15, "string": "resetHitList" }
		]
	}
}
}