{"skeleton":{"hash":"XhVrfs096ZV39dk9rFaPdLad848","spine":"3.0.12","width":0,"height":0},"bones":[{"name":"root"},{"name":"EF","parent":"root"},{"name":"EF_waterwave1_6","parent":"EF","x":450},{"name":"EF_waterwave1_5","parent":"EF","x":450},{"name":"EF_waterwave1_4","parent":"EF","x":450},{"name":"EF_waterwave1_3","parent":"EF","x":450},{"name":"EF_waterwave1_2","parent":"EF","x":450},{"name":"EF_waterwave1_1","parent":"EF","x":450},{"name":"EF_particle1_9","parent":"EF","x":150,"y":100},{"name":"EF_particle1_8","parent":"EF","x":150,"y":100},{"name":"EF_particle1_7","parent":"EF","x":150,"y":100},{"name":"EF_particle1_6","parent":"EF","x":150,"y":100},{"name":"EF_particle1_5","parent":"EF","x":150,"y":100},{"name":"EF_particle1_4","parent":"EF","x":150,"y":100},{"name":"EF_particle1_3","parent":"EF","x":150,"y":100},{"name":"EF_particle1_2","parent":"EF","x":150,"y":100},{"name":"EF_particle1_1","parent":"EF","x":150,"y":100},{"name":"EF_ex1_6","parent":"EF","x":500},{"name":"EF_ex1_5","parent":"EF","x":500},{"name":"EF_ex1_4","parent":"EF","x":500},{"name":"EF_ex1_3","parent":"EF","x":500},{"name":"EF_ex1_2","parent":"EF","x":500},{"name":"EF_ex1_1","parent":"EF","x":500},{"name":"EF_bound1_9","parent":"EF","x":100},{"name":"EF_bound1_8","parent":"EF","x":100},{"name":"EF_bound1_7","parent":"EF","x":100},{"name":"EF_bound1_6","parent":"EF","x":100},{"name":"EF_bound1_5","parent":"EF","x":100},{"name":"EF_bound1_4","parent":"EF","x":100},{"name":"EF_bound1_3","parent":"EF","x":100},{"name":"EF_bound1_2","parent":"EF","x":100},{"name":"EF_bound1_1","parent":"EF","x":100},{"name":"DAMAGEAREA","parent":"root"}],"slots":[{"name":"EF_bound1_1","bone":"EF_bound1_1","blend":"additive"},{"name":"EF_bound1_2","bone":"EF_bound1_2","blend":"additive"},{"name":"EF_bound1_3","bone":"EF_bound1_3","blend":"additive"},{"name":"EF_bound1_4","bone":"EF_bound1_4","blend":"additive"},{"name":"EF_bound1_5","bone":"EF_bound1_5","blend":"additive"},{"name":"EF_bound1_6","bone":"EF_bound1_6","blend":"additive"},{"name":"EF_bound1_7","bone":"EF_bound1_7","blend":"additive"},{"name":"EF_bound1_8","bone":"EF_bound1_8","blend":"additive"},{"name":"EF_bound1_9","bone":"EF_bound1_9","blend":"additive"},{"name":"EF_waterwave1_1","bone":"EF_waterwave1_1","blend":"additive"},{"name":"EF_waterwave1_2","bone":"EF_waterwave1_2","blend":"additive"},{"name":"EF_waterwave1_3","bone":"EF_waterwave1_3","blend":"additive"},{"name":"EF_waterwave1_4","bone":"EF_waterwave1_4","blend":"additive"},{"name":"EF_waterwave1_5","bone":"EF_waterwave1_5","blend":"additive"},{"name":"EF_waterwave1_6","bone":"EF_waterwave1_6","blend":"additive"},{"name":"EF_ex1_1","bone":"EF_ex1_1","blend":"additive"},{"name":"EF_ex1_2","bone":"EF_ex1_2","blend":"additive"},{"name":"EF_ex1_3","bone":"EF_ex1_3","blend":"additive"},{"name":"EF_ex1_4","bone":"EF_ex1_4","blend":"additive"},{"name":"EF_ex1_5","bone":"EF_ex1_5","blend":"additive"},{"name":"EF_ex1_6","bone":"EF_ex1_6","blend":"additive"},{"name":"EF_particle1_1","bone":"EF_particle1_1","blend":"additive"},{"name":"EF_particle1_2","bone":"EF_particle1_2","blend":"additive"},{"name":"EF_particle1_3","bone":"EF_particle1_3","blend":"additive"},{"name":"EF_particle1_4","bone":"EF_particle1_4","blend":"additive"},{"name":"EF_particle1_5","bone":"EF_particle1_5","blend":"additive"},{"name":"EF_particle1_6","bone":"EF_particle1_6","blend":"additive"},{"name":"EF_particle1_7","bone":"EF_particle1_7","blend":"additive"},{"name":"EF_particle1_8","bone":"EF_particle1_8","blend":"additive"},{"name":"EF_particle1_9","bone":"EF_particle1_9","blend":"additive"},{"name":"DAMAGEAREA","bone":"DAMAGEAREA"}],"skins":{"default":{"DAMAGEAREA":{"DAMAGEAREA":{"type":"boundingbox","vertices":[-63.3706,62.68628,-63.3706,-63.16952,64.23321,-63.60653,62.4852,62.68628]}},"EF_bound1_1":{"EF/bound/ef_rain_bound_main_00001":{"y":151.66,"width":224,"height":336},"EF/bound/ef_rain_bound_main_00002":{"y":151.66,"width":224,"height":336},"EF/bound/ef_rain_bound_main_00003":{"y":151.66,"width":224,"height":336},"EF/bound/ef_rain_bound_main_00004":{"y":151.66,"width":224,"height":336},"EF/bound/ef_rain_bound_main_00005":{"y":151.66,"width":224,"height":336},"EF/bound/ef_rain_bound_main_00006":{"y":151.66,"width":224,"height":336},"EF/bound/ef_rain_bound_main_00008":{"y":151.66,"width":224,"height":336},"EF/bound/ef_rain_bound_main_00009":{"y":151.66,"width":224,"height":336}},"EF_bound1_2":{"EF/bound/ef_rain_bound_main_00001":{"y":151.66,"width":224,"height":336},"EF/bound/ef_rain_bound_main_00002":{"y":151.66,"width":224,"height":336},"EF/bound/ef_rain_bound_main_00003":{"y":151.66,"width":224,"height":336},"EF/bound/ef_rain_bound_main_00004":{"y":151.66,"width":224,"height":336},"EF/bound/ef_rain_bound_main_00005":{"y":151.66,"width":224,"height":336},"EF/bound/ef_rain_bound_main_00006":{"y":151.66,"width":224,"height":336},"EF/bound/ef_rain_bound_main_00008":{"y":151.66,"width":224,"height":336},"EF/bound/ef_rain_bound_main_00009":{"y":151.66,"width":224,"height":336}},"EF_bound1_3":{"EF/bound/ef_rain_bound_main_00001":{"y":151.66,"width":224,"height":336},"EF/bound/ef_rain_bound_main_00002":{"y":151.66,"width":224,"height":336},"EF/bound/ef_rain_bound_main_00003":{"y":151.66,"width":224,"height":336},"EF/bound/ef_rain_bound_main_00004":{"y":151.66,"width":224,"height":336},"EF/bound/ef_rain_bound_main_00005":{"y":151.66,"width":224,"height":336},"EF/bound/ef_rain_bound_main_00006":{"y":151.66,"width":224,"height":336},"EF/bound/ef_rain_bound_main_00008":{"y":151.66,"width":224,"height":336},"EF/bound/ef_rain_bound_main_00009":{"y":151.66,"width":224,"height":336}},"EF_bound1_4":{"EF/bound/ef_rain_bound_main_00001":{"y":151.66,"width":224,"height":336},"EF/bound/ef_rain_bound_main_00002":{"y":151.66,"width":224,"height":336},"EF/bound/ef_rain_bound_main_00003":{"y":151.66,"width":224,"height":336},"EF/bound/ef_rain_bound_main_00004":{"y":151.66,"width":224,"height":336},"EF/bound/ef_rain_bound_main_00005":{"y":151.66,"width":224,"height":336},"EF/bound/ef_rain_bound_main_00006":{"y":151.66,"width":224,"height":336},"EF/bound/ef_rain_bound_main_00008":{"y":151.66,"width":224,"height":336},"EF/bound/ef_rain_bound_main_00009":{"y":151.66,"width":224,"height":336}},"EF_bound1_5":{"EF/bound/ef_rain_bound_main_00001":{"y":151.66,"width":224,"height":336},"EF/bound/ef_rain_bound_main_00002":{"y":151.66,"width":224,"height":336},"EF/bound/ef_rain_bound_main_00003":{"y":151.66,"width":224,"height":336},"EF/bound/ef_rain_bound_main_00004":{"y":151.66,"width":224,"height":336},"EF/bound/ef_rain_bound_main_00005":{"y":151.66,"width":224,"height":336},"EF/bound/ef_rain_bound_main_00006":{"y":151.66,"width":224,"height":336},"EF/bound/ef_rain_bound_main_00008":{"y":151.66,"width":224,"height":336},"EF/bound/ef_rain_bound_main_00009":{"y":151.66,"width":224,"height":336}},"EF_bound1_6":{"EF/bound/ef_rain_bound_main_00001":{"y":151.66,"width":224,"height":336},"EF/bound/ef_rain_bound_main_00002":{"y":151.66,"width":224,"height":336},"EF/bound/ef_rain_bound_main_00003":{"y":151.66,"width":224,"height":336},"EF/bound/ef_rain_bound_main_00004":{"y":151.66,"width":224,"height":336},"EF/bound/ef_rain_bound_main_00005":{"y":151.66,"width":224,"height":336},"EF/bound/ef_rain_bound_main_00006":{"y":151.66,"width":224,"height":336},"EF/bound/ef_rain_bound_main_00008":{"y":151.66,"width":224,"height":336},"EF/bound/ef_rain_bound_main_00009":{"y":151.66,"width":224,"height":336}},"EF_bound1_7":{"EF/bound/ef_rain_bound_main_00001":{"y":151.66,"width":224,"height":336},"EF/bound/ef_rain_bound_main_00002":{"y":151.66,"width":224,"height":336},"EF/bound/ef_rain_bound_main_00003":{"y":151.66,"width":224,"height":336},"EF/bound/ef_rain_bound_main_00004":{"y":151.66,"width":224,"height":336},"EF/bound/ef_rain_bound_main_00005":{"y":151.66,"width":224,"height":336},"EF/bound/ef_rain_bound_main_00006":{"y":151.66,"width":224,"height":336},"EF/bound/ef_rain_bound_main_00008":{"y":151.66,"width":224,"height":336},"EF/bound/ef_rain_bound_main_00009":{"y":151.66,"width":224,"height":336}},"EF_bound1_8":{"EF/bound/ef_rain_bound_main_00001":{"y":151.66,"width":224,"height":336},"EF/bound/ef_rain_bound_main_00002":{"y":151.66,"width":224,"height":336},"EF/bound/ef_rain_bound_main_00003":{"y":151.66,"width":224,"height":336},"EF/bound/ef_rain_bound_main_00004":{"y":151.66,"width":224,"height":336},"EF/bound/ef_rain_bound_main_00005":{"y":151.66,"width":224,"height":336},"EF/bound/ef_rain_bound_main_00006":{"y":151.66,"width":224,"height":336},"EF/bound/ef_rain_bound_main_00008":{"y":151.66,"width":224,"height":336},"EF/bound/ef_rain_bound_main_00009":{"y":151.66,"width":224,"height":336}},"EF_bound1_9":{"EF/bound/ef_rain_bound_main_00001":{"y":151.66,"width":224,"height":336},"EF/bound/ef_rain_bound_main_00002":{"y":151.66,"width":224,"height":336},"EF/bound/ef_rain_bound_main_00003":{"y":151.66,"width":224,"height":336},"EF/bound/ef_rain_bound_main_00004":{"y":151.66,"width":224,"height":336},"EF/bound/ef_rain_bound_main_00005":{"y":151.66,"width":224,"height":336},"EF/bound/ef_rain_bound_main_00006":{"y":151.66,"width":224,"height":336},"EF/bound/ef_rain_bound_main_00008":{"y":151.66,"width":224,"height":336},"EF/bound/ef_rain_bound_main_00009":{"y":151.66,"width":224,"height":336}},"EF_ex1_1":{"EF/ex/5110_S1_ex2_00000":{"y":26.3,"width":250,"height":250},"EF/ex/5110_S1_ex2_00001":{"y":26.3,"width":250,"height":250},"EF/ex/5110_S1_ex2_00002":{"y":26.3,"width":250,"height":250},"EF/ex/5110_S1_ex2_00003":{"y":26.3,"width":250,"height":250},"EF/ex/5110_S1_ex2_00004":{"y":26.3,"width":250,"height":250},"EF/ex/5110_S1_ex2_00005":{"y":26.3,"width":250,"height":250},"EF/ex/5110_S1_ex2_00006":{"y":26.3,"width":250,"height":250},"EF/ex/5110_S1_ex2_00007":{"y":26.3,"width":250,"height":250},"EF/ex/5110_S1_ex2_00008":{"y":26.3,"width":250,"height":250},"EF/ex/5110_S1_ex2_00009":{"y":26.3,"width":250,"height":250},"EF/ex/5110_S1_ex2_00010":{"y":26.3,"width":250,"height":250},"EF/ex/5110_S1_ex2_00011":{"y":26.3,"width":250,"height":250},"EF/ex/5110_S1_ex2_00012":{"y":26.3,"width":250,"height":250},"EF/ex/5110_S1_ex2_00013":{"y":26.3,"width":250,"height":250}},"EF_ex1_2":{"EF/ex/5110_S1_ex2_00000":{"y":26.3,"width":250,"height":250},"EF/ex/5110_S1_ex2_00001":{"y":26.3,"width":250,"height":250},"EF/ex/5110_S1_ex2_00002":{"y":26.3,"width":250,"height":250},"EF/ex/5110_S1_ex2_00003":{"y":26.3,"width":250,"height":250},"EF/ex/5110_S1_ex2_00004":{"y":26.3,"width":250,"height":250},"EF/ex/5110_S1_ex2_00005":{"y":26.3,"width":250,"height":250},"EF/ex/5110_S1_ex2_00006":{"y":26.3,"width":250,"height":250},"EF/ex/5110_S1_ex2_00007":{"y":26.3,"width":250,"height":250},"EF/ex/5110_S1_ex2_00008":{"y":26.3,"width":250,"height":250},"EF/ex/5110_S1_ex2_00009":{"y":26.3,"width":250,"height":250},"EF/ex/5110_S1_ex2_00010":{"y":26.3,"width":250,"height":250},"EF/ex/5110_S1_ex2_00011":{"y":26.3,"width":250,"height":250},"EF/ex/5110_S1_ex2_00012":{"y":26.3,"width":250,"height":250},"EF/ex/5110_S1_ex2_00013":{"y":26.3,"width":250,"height":250}},"EF_ex1_3":{"EF/ex/5110_S1_ex2_00000":{"y":26.3,"width":250,"height":250},"EF/ex/5110_S1_ex2_00001":{"y":26.3,"width":250,"height":250},"EF/ex/5110_S1_ex2_00002":{"y":26.3,"width":250,"height":250},"EF/ex/5110_S1_ex2_00003":{"y":26.3,"width":250,"height":250},"EF/ex/5110_S1_ex2_00004":{"y":26.3,"width":250,"height":250},"EF/ex/5110_S1_ex2_00005":{"y":26.3,"width":250,"height":250},"EF/ex/5110_S1_ex2_00006":{"y":26.3,"width":250,"height":250},"EF/ex/5110_S1_ex2_00007":{"y":26.3,"width":250,"height":250},"EF/ex/5110_S1_ex2_00008":{"y":26.3,"width":250,"height":250},"EF/ex/5110_S1_ex2_00009":{"y":26.3,"width":250,"height":250},"EF/ex/5110_S1_ex2_00010":{"y":26.3,"width":250,"height":250},"EF/ex/5110_S1_ex2_00011":{"y":26.3,"width":250,"height":250},"EF/ex/5110_S1_ex2_00012":{"y":26.3,"width":250,"height":250},"EF/ex/5110_S1_ex2_00013":{"y":26.3,"width":250,"height":250}},"EF_ex1_4":{"EF/ex/5110_S1_ex2_00000":{"y":26.3,"width":250,"height":250},"EF/ex/5110_S1_ex2_00001":{"y":26.3,"width":250,"height":250},"EF/ex/5110_S1_ex2_00002":{"y":26.3,"width":250,"height":250},"EF/ex/5110_S1_ex2_00003":{"y":26.3,"width":250,"height":250},"EF/ex/5110_S1_ex2_00004":{"y":26.3,"width":250,"height":250},"EF/ex/5110_S1_ex2_00005":{"y":26.3,"width":250,"height":250},"EF/ex/5110_S1_ex2_00006":{"y":26.3,"width":250,"height":250},"EF/ex/5110_S1_ex2_00007":{"y":26.3,"width":250,"height":250},"EF/ex/5110_S1_ex2_00008":{"y":26.3,"width":250,"height":250},"EF/ex/5110_S1_ex2_00009":{"y":26.3,"width":250,"height":250},"EF/ex/5110_S1_ex2_00010":{"y":26.3,"width":250,"height":250},"EF/ex/5110_S1_ex2_00011":{"y":26.3,"width":250,"height":250},"EF/ex/5110_S1_ex2_00012":{"y":26.3,"width":250,"height":250},"EF/ex/5110_S1_ex2_00013":{"y":26.3,"width":250,"height":250}},"EF_ex1_5":{"EF/ex/5110_S1_ex2_00000":{"y":26.3,"width":250,"height":250},"EF/ex/5110_S1_ex2_00001":{"y":26.3,"width":250,"height":250},"EF/ex/5110_S1_ex2_00002":{"y":26.3,"width":250,"height":250},"EF/ex/5110_S1_ex2_00003":{"y":26.3,"width":250,"height":250},"EF/ex/5110_S1_ex2_00004":{"y":26.3,"width":250,"height":250},"EF/ex/5110_S1_ex2_00005":{"y":26.3,"width":250,"height":250},"EF/ex/5110_S1_ex2_00006":{"y":26.3,"width":250,"height":250},"EF/ex/5110_S1_ex2_00007":{"y":26.3,"width":250,"height":250},"EF/ex/5110_S1_ex2_00008":{"y":26.3,"width":250,"height":250},"EF/ex/5110_S1_ex2_00009":{"y":26.3,"width":250,"height":250},"EF/ex/5110_S1_ex2_00010":{"y":26.3,"width":250,"height":250},"EF/ex/5110_S1_ex2_00011":{"y":26.3,"width":250,"height":250},"EF/ex/5110_S1_ex2_00012":{"y":26.3,"width":250,"height":250},"EF/ex/5110_S1_ex2_00013":{"y":26.3,"width":250,"height":250}},"EF_ex1_6":{"EF/ex/5110_S1_ex2_00000":{"y":26.3,"width":250,"height":250},"EF/ex/5110_S1_ex2_00001":{"y":26.3,"width":250,"height":250},"EF/ex/5110_S1_ex2_00002":{"y":26.3,"width":250,"height":250},"EF/ex/5110_S1_ex2_00003":{"y":26.3,"width":250,"height":250},"EF/ex/5110_S1_ex2_00004":{"y":26.3,"width":250,"height":250},"EF/ex/5110_S1_ex2_00005":{"y":26.3,"width":250,"height":250},"EF/ex/5110_S1_ex2_00006":{"y":26.3,"width":250,"height":250},"EF/ex/5110_S1_ex2_00007":{"y":26.3,"width":250,"height":250},"EF/ex/5110_S1_ex2_00008":{"y":26.3,"width":250,"height":250},"EF/ex/5110_S1_ex2_00009":{"y":26.3,"width":250,"height":250},"EF/ex/5110_S1_ex2_00010":{"y":26.3,"width":250,"height":250},"EF/ex/5110_S1_ex2_00011":{"y":26.3,"width":250,"height":250},"EF/ex/5110_S1_ex2_00012":{"y":26.3,"width":250,"height":250},"EF/ex/5110_S1_ex2_00013":{"y":26.3,"width":250,"height":250}},"EF_particle1_1":{"EF/ef_particle_blue/ef_particle_blue_02":{"width":240,"height":240},"EF/ef_particle_blue/ef_particle_blue_03":{"width":240,"height":240},"EF/ef_particle_blue/ef_particle_blue_04":{"width":240,"height":240},"EF/ef_particle_blue/ef_particle_blue_05":{"width":240,"height":240},"EF/ef_particle_blue/ef_particle_blue_06":{"width":240,"height":240},"EF/ef_particle_blue/ef_particle_blue_07":{"width":240,"height":240},"EF/ef_particle_blue/ef_particle_blue_08":{"width":240,"height":240},"EF/ef_particle_blue/ef_particle_blue_10":{"width":240,"height":240},"EF/ef_particle_blue/ef_particle_blue_11":{"width":240,"height":240}},"EF_particle1_2":{"EF/ef_particle_blue/ef_particle_blue_02":{"width":240,"height":240},"EF/ef_particle_blue/ef_particle_blue_03":{"width":240,"height":240},"EF/ef_particle_blue/ef_particle_blue_04":{"width":240,"height":240},"EF/ef_particle_blue/ef_particle_blue_05":{"width":240,"height":240},"EF/ef_particle_blue/ef_particle_blue_06":{"width":240,"height":240},"EF/ef_particle_blue/ef_particle_blue_07":{"width":240,"height":240},"EF/ef_particle_blue/ef_particle_blue_08":{"width":240,"height":240},"EF/ef_particle_blue/ef_particle_blue_10":{"width":240,"height":240},"EF/ef_particle_blue/ef_particle_blue_11":{"width":240,"height":240}},"EF_particle1_3":{"EF/ef_particle_blue/ef_particle_blue_02":{"width":240,"height":240},"EF/ef_particle_blue/ef_particle_blue_03":{"width":240,"height":240},"EF/ef_particle_blue/ef_particle_blue_04":{"width":240,"height":240},"EF/ef_particle_blue/ef_particle_blue_05":{"width":240,"height":240},"EF/ef_particle_blue/ef_particle_blue_06":{"width":240,"height":240},"EF/ef_particle_blue/ef_particle_blue_07":{"width":240,"height":240},"EF/ef_particle_blue/ef_particle_blue_08":{"width":240,"height":240},"EF/ef_particle_blue/ef_particle_blue_10":{"width":240,"height":240},"EF/ef_particle_blue/ef_particle_blue_11":{"width":240,"height":240}},"EF_particle1_4":{"EF/ef_particle_blue/ef_particle_blue_02":{"width":240,"height":240},"EF/ef_particle_blue/ef_particle_blue_03":{"width":240,"height":240},"EF/ef_particle_blue/ef_particle_blue_04":{"width":240,"height":240},"EF/ef_particle_blue/ef_particle_blue_05":{"width":240,"height":240},"EF/ef_particle_blue/ef_particle_blue_06":{"width":240,"height":240},"EF/ef_particle_blue/ef_particle_blue_07":{"width":240,"height":240},"EF/ef_particle_blue/ef_particle_blue_08":{"width":240,"height":240},"EF/ef_particle_blue/ef_particle_blue_10":{"width":240,"height":240},"EF/ef_particle_blue/ef_particle_blue_11":{"width":240,"height":240}},"EF_particle1_5":{"EF/ef_particle_blue/ef_particle_blue_02":{"width":240,"height":240},"EF/ef_particle_blue/ef_particle_blue_03":{"width":240,"height":240},"EF/ef_particle_blue/ef_particle_blue_04":{"width":240,"height":240},"EF/ef_particle_blue/ef_particle_blue_05":{"width":240,"height":240},"EF/ef_particle_blue/ef_particle_blue_06":{"width":240,"height":240},"EF/ef_particle_blue/ef_particle_blue_07":{"width":240,"height":240},"EF/ef_particle_blue/ef_particle_blue_08":{"width":240,"height":240},"EF/ef_particle_blue/ef_particle_blue_10":{"width":240,"height":240},"EF/ef_particle_blue/ef_particle_blue_11":{"width":240,"height":240}},"EF_particle1_6":{"EF/ef_particle_blue/ef_particle_blue_02":{"width":240,"height":240},"EF/ef_particle_blue/ef_particle_blue_03":{"width":240,"height":240},"EF/ef_particle_blue/ef_particle_blue_04":{"width":240,"height":240},"EF/ef_particle_blue/ef_particle_blue_05":{"width":240,"height":240},"EF/ef_particle_blue/ef_particle_blue_06":{"width":240,"height":240},"EF/ef_particle_blue/ef_particle_blue_07":{"width":240,"height":240},"EF/ef_particle_blue/ef_particle_blue_08":{"width":240,"height":240},"EF/ef_particle_blue/ef_particle_blue_10":{"width":240,"height":240},"EF/ef_particle_blue/ef_particle_blue_11":{"width":240,"height":240}},"EF_particle1_7":{"EF/ef_particle_blue/ef_particle_blue_02":{"width":240,"height":240},"EF/ef_particle_blue/ef_particle_blue_03":{"width":240,"height":240},"EF/ef_particle_blue/ef_particle_blue_04":{"width":240,"height":240},"EF/ef_particle_blue/ef_particle_blue_05":{"width":240,"height":240},"EF/ef_particle_blue/ef_particle_blue_06":{"width":240,"height":240},"EF/ef_particle_blue/ef_particle_blue_07":{"width":240,"height":240},"EF/ef_particle_blue/ef_particle_blue_08":{"width":240,"height":240},"EF/ef_particle_blue/ef_particle_blue_10":{"width":240,"height":240},"EF/ef_particle_blue/ef_particle_blue_11":{"width":240,"height":240}},"EF_particle1_8":{"EF/ef_particle_blue/ef_particle_blue_02":{"width":240,"height":240},"EF/ef_particle_blue/ef_particle_blue_03":{"width":240,"height":240},"EF/ef_particle_blue/ef_particle_blue_04":{"width":240,"height":240},"EF/ef_particle_blue/ef_particle_blue_05":{"width":240,"height":240},"EF/ef_particle_blue/ef_particle_blue_06":{"width":240,"height":240},"EF/ef_particle_blue/ef_particle_blue_07":{"width":240,"height":240},"EF/ef_particle_blue/ef_particle_blue_08":{"width":240,"height":240},"EF/ef_particle_blue/ef_particle_blue_10":{"width":240,"height":240},"EF/ef_particle_blue/ef_particle_blue_11":{"width":240,"height":240}},"EF_particle1_9":{"EF/ef_particle_blue/ef_particle_blue_02":{"width":240,"height":240},"EF/ef_particle_blue/ef_particle_blue_03":{"width":240,"height":240},"EF/ef_particle_blue/ef_particle_blue_04":{"width":240,"height":240},"EF/ef_particle_blue/ef_particle_blue_05":{"width":240,"height":240},"EF/ef_particle_blue/ef_particle_blue_06":{"width":240,"height":240},"EF/ef_particle_blue/ef_particle_blue_07":{"width":240,"height":240},"EF/ef_particle_blue/ef_particle_blue_08":{"width":240,"height":240},"EF/ef_particle_blue/ef_particle_blue_10":{"width":240,"height":240},"EF/ef_particle_blue/ef_particle_blue_11":{"width":240,"height":240}},"EF_waterwave1_1":{"EF/water_wave3/ef_water_wave 2_main_00001":{"width":240,"height":100},"EF/water_wave3/ef_water_wave 2_main_00002":{"width":240,"height":100},"EF/water_wave3/ef_water_wave 2_main_00003":{"width":240,"height":100},"EF/water_wave3/ef_water_wave 2_main_00004":{"width":240,"height":100},"EF/water_wave3/ef_water_wave 2_main_00006":{"width":240,"height":100},"EF/water_wave3/ef_water_wave 2_main_00007":{"width":240,"height":100},"EF/water_wave3/ef_water_wave 2_main_00008":{"width":240,"height":100},"EF/water_wave3/ef_water_wave 2_main_00009":{"width":240,"height":100},"EF/water_wave3/ef_water_wave 2_main_00010":{"width":240,"height":100},"EF/water_wave3/ef_water_wave 2_main_00011":{"width":240,"height":100}},"EF_waterwave1_2":{"EF/water_wave3/ef_water_wave 2_main_00001":{"width":240,"height":100},"EF/water_wave3/ef_water_wave 2_main_00002":{"width":240,"height":100},"EF/water_wave3/ef_water_wave 2_main_00003":{"width":240,"height":100},"EF/water_wave3/ef_water_wave 2_main_00004":{"width":240,"height":100},"EF/water_wave3/ef_water_wave 2_main_00006":{"width":240,"height":100},"EF/water_wave3/ef_water_wave 2_main_00007":{"width":240,"height":100},"EF/water_wave3/ef_water_wave 2_main_00008":{"width":240,"height":100},"EF/water_wave3/ef_water_wave 2_main_00009":{"width":240,"height":100},"EF/water_wave3/ef_water_wave 2_main_00010":{"width":240,"height":100},"EF/water_wave3/ef_water_wave 2_main_00011":{"width":240,"height":100}},"EF_waterwave1_3":{"EF/water_wave3/ef_water_wave 2_main_00001":{"width":240,"height":100},"EF/water_wave3/ef_water_wave 2_main_00002":{"width":240,"height":100},"EF/water_wave3/ef_water_wave 2_main_00003":{"width":240,"height":100},"EF/water_wave3/ef_water_wave 2_main_00004":{"width":240,"height":100},"EF/water_wave3/ef_water_wave 2_main_00006":{"width":240,"height":100},"EF/water_wave3/ef_water_wave 2_main_00007":{"width":240,"height":100},"EF/water_wave3/ef_water_wave 2_main_00008":{"width":240,"height":100},"EF/water_wave3/ef_water_wave 2_main_00009":{"width":240,"height":100},"EF/water_wave3/ef_water_wave 2_main_00010":{"width":240,"height":100},"EF/water_wave3/ef_water_wave 2_main_00011":{"width":240,"height":100}},"EF_waterwave1_4":{"EF/water_wave3/ef_water_wave 2_main_00001":{"width":240,"height":100},"EF/water_wave3/ef_water_wave 2_main_00002":{"width":240,"height":100},"EF/water_wave3/ef_water_wave 2_main_00003":{"width":240,"height":100},"EF/water_wave3/ef_water_wave 2_main_00004":{"width":240,"height":100},"EF/water_wave3/ef_water_wave 2_main_00006":{"width":240,"height":100},"EF/water_wave3/ef_water_wave 2_main_00007":{"width":240,"height":100},"EF/water_wave3/ef_water_wave 2_main_00008":{"width":240,"height":100},"EF/water_wave3/ef_water_wave 2_main_00009":{"width":240,"height":100},"EF/water_wave3/ef_water_wave 2_main_00010":{"width":240,"height":100},"EF/water_wave3/ef_water_wave 2_main_00011":{"width":240,"height":100}},"EF_waterwave1_5":{"EF/water_wave3/ef_water_wave 2_main_00001":{"width":240,"height":100},"EF/water_wave3/ef_water_wave 2_main_00002":{"width":240,"height":100},"EF/water_wave3/ef_water_wave 2_main_00003":{"width":240,"height":100},"EF/water_wave3/ef_water_wave 2_main_00004":{"width":240,"height":100},"EF/water_wave3/ef_water_wave 2_main_00006":{"width":240,"height":100},"EF/water_wave3/ef_water_wave 2_main_00007":{"width":240,"height":100},"EF/water_wave3/ef_water_wave 2_main_00008":{"width":240,"height":100},"EF/water_wave3/ef_water_wave 2_main_00009":{"width":240,"height":100},"EF/water_wave3/ef_water_wave 2_main_00010":{"width":240,"height":100},"EF/water_wave3/ef_water_wave 2_main_00011":{"width":240,"height":100}},"EF_waterwave1_6":{"EF/water_wave3/ef_water_wave 2_main_00001":{"width":240,"height":100},"EF/water_wave3/ef_water_wave 2_main_00002":{"width":240,"height":100},"EF/water_wave3/ef_water_wave 2_main_00003":{"width":240,"height":100},"EF/water_wave3/ef_water_wave 2_main_00004":{"width":240,"height":100},"EF/water_wave3/ef_water_wave 2_main_00006":{"width":240,"height":100},"EF/water_wave3/ef_water_wave 2_main_00007":{"width":240,"height":100},"EF/water_wave3/ef_water_wave 2_main_00008":{"width":240,"height":100},"EF/water_wave3/ef_water_wave 2_main_00009":{"width":240,"height":100},"EF/water_wave3/ef_water_wave 2_main_00010":{"width":240,"height":100},"EF/water_wave3/ef_water_wave 2_main_00011":{"width":240,"height":100}}}},"events":{"Sound1":{},"Sound2":{},"Sound3":{},"Voice":{},"e":{},"e2":{},"e3":{},"hit":{}},"animations":{"attack1":{"slots":{"DAMAGEAREA":{"attachment":[{"time":0.0666,"name":"DAMAGEAREA"},{"time":0.8,"name":null}]},"EF_bound1_1":{"attachment":[{"time":0.1,"name":"EF/bound/ef_rain_bound_main_00001"},{"time":0.1333,"name":"EF/bound/ef_rain_bound_main_00002"},{"time":0.1666,"name":"EF/bound/ef_rain_bound_main_00003"},{"time":0.2,"name":"EF/bound/ef_rain_bound_main_00004"},{"time":0.2333,"name":"EF/bound/ef_rain_bound_main_00005"},{"time":0.2666,"name":"EF/bound/ef_rain_bound_main_00006"},{"time":0.3333,"name":"EF/bound/ef_rain_bound_main_00008"},{"time":0.3666,"name":"EF/bound/ef_rain_bound_main_00009"},{"time":0.4,"name":null}],"color":[{"time":0.3333,"color":"ffffffff"},{"time":0.4,"color":"ffffff00"}]},"EF_bound1_2":{"attachment":[{"time":0.1666,"name":"EF/bound/ef_rain_bound_main_00001"},{"time":0.2,"name":"EF/bound/ef_rain_bound_main_00002"},{"time":0.2333,"name":"EF/bound/ef_rain_bound_main_00003"},{"time":0.2666,"name":"EF/bound/ef_rain_bound_main_00004"},{"time":0.3,"name":"EF/bound/ef_rain_bound_main_00005"},{"time":0.3333,"name":"EF/bound/ef_rain_bound_main_00006"},{"time":0.4,"name":"EF/bound/ef_rain_bound_main_00008"},{"time":0.4333,"name":"EF/bound/ef_rain_bound_main_00009"},{"time":0.4666,"name":null}],"color":[{"time":0.4,"color":"ffffffff"},{"time":0.4666,"color":"ffffff00"}]},"EF_bound1_3":{"attachment":[{"time":0.2333,"name":"EF/bound/ef_rain_bound_main_00001"},{"time":0.2666,"name":"EF/bound/ef_rain_bound_main_00002"},{"time":0.3,"name":"EF/bound/ef_rain_bound_main_00003"},{"time":0.3333,"name":"EF/bound/ef_rain_bound_main_00004"},{"time":0.3666,"name":"EF/bound/ef_rain_bound_main_00005"},{"time":0.4,"name":"EF/bound/ef_rain_bound_main_00006"},{"time":0.4666,"name":"EF/bound/ef_rain_bound_main_00008"},{"time":0.5,"name":null}],"color":[{"time":0.4333,"color":"ffffffff"},{"time":0.5,"color":"ffffff00"}]},"EF_bound1_4":{"attachment":[{"time":0.3,"name":"EF/bound/ef_rain_bound_main_00001"},{"time":0.3333,"name":"EF/bound/ef_rain_bound_main_00002"},{"time":0.3666,"name":"EF/bound/ef_rain_bound_main_00003"},{"time":0.4,"name":"EF/bound/ef_rain_bound_main_00004"},{"time":0.4333,"name":"EF/bound/ef_rain_bound_main_00005"},{"time":0.4666,"name":"EF/bound/ef_rain_bound_main_00006"},{"time":0.5333,"name":"EF/bound/ef_rain_bound_main_00008"},{"time":0.5666,"name":"EF/bound/ef_rain_bound_main_00009"},{"time":0.6,"name":null}],"color":[{"time":0.5333,"color":"ffffffff"},{"time":0.6,"color":"ffffff00"}]},"EF_bound1_5":{"attachment":[{"time":0.3666,"name":"EF/bound/ef_rain_bound_main_00001"},{"time":0.4,"name":"EF/bound/ef_rain_bound_main_00002"},{"time":0.4333,"name":"EF/bound/ef_rain_bound_main_00003"},{"time":0.4666,"name":"EF/bound/ef_rain_bound_main_00004"},{"time":0.5,"name":"EF/bound/ef_rain_bound_main_00005"},{"time":0.5333,"name":"EF/bound/ef_rain_bound_main_00006"},{"time":0.6,"name":"EF/bound/ef_rain_bound_main_00008"},{"time":0.6333,"name":"EF/bound/ef_rain_bound_main_00009"},{"time":0.6666,"name":null}],"color":[{"time":0.6,"color":"ffffffff"},{"time":0.6666,"color":"ffffff00"}]},"EF_bound1_6":{"attachment":[{"time":0.4333,"name":"EF/bound/ef_rain_bound_main_00001"},{"time":0.4666,"name":"EF/bound/ef_rain_bound_main_00002"},{"time":0.5,"name":"EF/bound/ef_rain_bound_main_00003"},{"time":0.5333,"name":"EF/bound/ef_rain_bound_main_00004"},{"time":0.5666,"name":"EF/bound/ef_rain_bound_main_00005"},{"time":0.6,"name":"EF/bound/ef_rain_bound_main_00006"},{"time":0.6666,"name":"EF/bound/ef_rain_bound_main_00008"},{"time":0.7,"name":"EF/bound/ef_rain_bound_main_00009"},{"time":0.7333,"name":null}],"color":[{"time":0.6666,"color":"ffffffff"},{"time":0.7333,"color":"ffffff00"}]},"EF_bound1_7":{"attachment":[{"time":0.5,"name":"EF/bound/ef_rain_bound_main_00001"},{"time":0.5333,"name":"EF/bound/ef_rain_bound_main_00002"},{"time":0.5666,"name":"EF/bound/ef_rain_bound_main_00003"},{"time":0.6,"name":"EF/bound/ef_rain_bound_main_00004"},{"time":0.6333,"name":"EF/bound/ef_rain_bound_main_00005"},{"time":0.6666,"name":"EF/bound/ef_rain_bound_main_00006"},{"time":0.7333,"name":"EF/bound/ef_rain_bound_main_00008"},{"time":0.7666,"name":"EF/bound/ef_rain_bound_main_00009"},{"time":0.8,"name":null}],"color":[{"time":0.7333,"color":"ffffffff"},{"time":0.8,"color":"ffffff00"}]},"EF_bound1_8":{"attachment":[{"time":0.5666,"name":"EF/bound/ef_rain_bound_main_00001"},{"time":0.6,"name":"EF/bound/ef_rain_bound_main_00002"},{"time":0.6333,"name":"EF/bound/ef_rain_bound_main_00003"},{"time":0.6666,"name":"EF/bound/ef_rain_bound_main_00004"},{"time":0.7,"name":"EF/bound/ef_rain_bound_main_00005"},{"time":0.7333,"name":"EF/bound/ef_rain_bound_main_00006"},{"time":0.8,"name":"EF/bound/ef_rain_bound_main_00008"},{"time":0.8333,"name":"EF/bound/ef_rain_bound_main_00009"},{"time":0.8666,"name":null}],"color":[{"time":0.8,"color":"ffffffff"},{"time":0.8666,"color":"ffffff00"}]},"EF_bound1_9":{"attachment":[{"time":0.6333,"name":"EF/bound/ef_rain_bound_main_00001"},{"time":0.6666,"name":"EF/bound/ef_rain_bound_main_00002"},{"time":0.7,"name":"EF/bound/ef_rain_bound_main_00003"},{"time":0.7333,"name":"EF/bound/ef_rain_bound_main_00004"},{"time":0.7666,"name":"EF/bound/ef_rain_bound_main_00005"},{"time":0.8,"name":"EF/bound/ef_rain_bound_main_00006"},{"time":0.8666,"name":"EF/bound/ef_rain_bound_main_00008"},{"time":0.9,"name":"EF/bound/ef_rain_bound_main_00009"},{"time":0.9333,"name":null}],"color":[{"time":0.8666,"color":"ffffffff"},{"time":0.9333,"color":"ffffff00"}]},"EF_ex1_1":{"attachment":[{"time":0.0666,"name":"EF/ex/5110_S1_ex2_00000"},{"time":0.1,"name":"EF/ex/5110_S1_ex2_00001"},{"time":0.1333,"name":"EF/ex/5110_S1_ex2_00002"},{"time":0.1666,"name":"EF/ex/5110_S1_ex2_00003"},{"time":0.2,"name":"EF/ex/5110_S1_ex2_00004"},{"time":0.2333,"name":"EF/ex/5110_S1_ex2_00005"},{"time":0.2666,"name":"EF/ex/5110_S1_ex2_00006"},{"time":0.3,"name":"EF/ex/5110_S1_ex2_00007"},{"time":0.3333,"name":"EF/ex/5110_S1_ex2_00008"},{"time":0.3666,"name":"EF/ex/5110_S1_ex2_00009"},{"time":0.4,"name":"EF/ex/5110_S1_ex2_00010"},{"time":0.4333,"name":"EF/ex/5110_S1_ex2_00011"},{"time":0.4666,"name":"EF/ex/5110_S1_ex2_00012"},{"time":0.5,"name":"EF/ex/5110_S1_ex2_00013"},{"time":0.5666,"name":null}]},"EF_ex1_2":{"attachment":[{"time":0.1333,"name":"EF/ex/5110_S1_ex2_00000"},{"time":0.1666,"name":"EF/ex/5110_S1_ex2_00001"},{"time":0.2,"name":"EF/ex/5110_S1_ex2_00002"},{"time":0.2333,"name":"EF/ex/5110_S1_ex2_00003"},{"time":0.2666,"name":"EF/ex/5110_S1_ex2_00004"},{"time":0.3,"name":"EF/ex/5110_S1_ex2_00005"},{"time":0.3333,"name":"EF/ex/5110_S1_ex2_00006"},{"time":0.3666,"name":"EF/ex/5110_S1_ex2_00007"},{"time":0.4,"name":"EF/ex/5110_S1_ex2_00008"},{"time":0.4333,"name":"EF/ex/5110_S1_ex2_00009"},{"time":0.4666,"name":"EF/ex/5110_S1_ex2_00010"},{"time":0.5,"name":"EF/ex/5110_S1_ex2_00011"},{"time":0.5333,"name":"EF/ex/5110_S1_ex2_00012"},{"time":0.5666,"name":"EF/ex/5110_S1_ex2_00013"},{"time":0.6333,"name":null}]},"EF_ex1_3":{"attachment":[{"time":0.2,"name":"EF/ex/5110_S1_ex2_00000"},{"time":0.2333,"name":"EF/ex/5110_S1_ex2_00001"},{"time":0.2666,"name":"EF/ex/5110_S1_ex2_00002"},{"time":0.3,"name":"EF/ex/5110_S1_ex2_00003"},{"time":0.3333,"name":"EF/ex/5110_S1_ex2_00004"},{"time":0.3666,"name":"EF/ex/5110_S1_ex2_00005"},{"time":0.4,"name":"EF/ex/5110_S1_ex2_00006"},{"time":0.4333,"name":"EF/ex/5110_S1_ex2_00007"},{"time":0.4666,"name":"EF/ex/5110_S1_ex2_00008"},{"time":0.5,"name":"EF/ex/5110_S1_ex2_00009"},{"time":0.5333,"name":"EF/ex/5110_S1_ex2_00010"},{"time":0.5666,"name":"EF/ex/5110_S1_ex2_00011"},{"time":0.6,"name":"EF/ex/5110_S1_ex2_00012"},{"time":0.6333,"name":"EF/ex/5110_S1_ex2_00013"},{"time":0.7,"name":null}]},"EF_ex1_4":{"attachment":[{"time":0.2666,"name":"EF/ex/5110_S1_ex2_00000"},{"time":0.3,"name":"EF/ex/5110_S1_ex2_00001"},{"time":0.3333,"name":"EF/ex/5110_S1_ex2_00002"},{"time":0.3666,"name":"EF/ex/5110_S1_ex2_00003"},{"time":0.4,"name":"EF/ex/5110_S1_ex2_00004"},{"time":0.4333,"name":"EF/ex/5110_S1_ex2_00005"},{"time":0.4666,"name":"EF/ex/5110_S1_ex2_00006"},{"time":0.5,"name":"EF/ex/5110_S1_ex2_00007"},{"time":0.5333,"name":"EF/ex/5110_S1_ex2_00008"},{"time":0.5666,"name":"EF/ex/5110_S1_ex2_00009"},{"time":0.6,"name":"EF/ex/5110_S1_ex2_00010"},{"time":0.6333,"name":"EF/ex/5110_S1_ex2_00011"},{"time":0.6666,"name":"EF/ex/5110_S1_ex2_00012"},{"time":0.7,"name":"EF/ex/5110_S1_ex2_00013"},{"time":0.7666,"name":null}]},"EF_ex1_5":{"attachment":[{"time":0.3333,"name":"EF/ex/5110_S1_ex2_00000"},{"time":0.3666,"name":"EF/ex/5110_S1_ex2_00001"},{"time":0.4,"name":"EF/ex/5110_S1_ex2_00002"},{"time":0.4333,"name":"EF/ex/5110_S1_ex2_00003"},{"time":0.4666,"name":"EF/ex/5110_S1_ex2_00004"},{"time":0.5,"name":"EF/ex/5110_S1_ex2_00005"},{"time":0.5333,"name":"EF/ex/5110_S1_ex2_00006"},{"time":0.5666,"name":"EF/ex/5110_S1_ex2_00007"},{"time":0.6,"name":"EF/ex/5110_S1_ex2_00008"},{"time":0.6333,"name":"EF/ex/5110_S1_ex2_00009"},{"time":0.6666,"name":"EF/ex/5110_S1_ex2_00010"},{"time":0.7,"name":"EF/ex/5110_S1_ex2_00011"},{"time":0.7333,"name":"EF/ex/5110_S1_ex2_00012"},{"time":0.7666,"name":"EF/ex/5110_S1_ex2_00013"},{"time":0.8333,"name":null}]},"EF_ex1_6":{"attachment":[{"time":0.4,"name":"EF/ex/5110_S1_ex2_00000"},{"time":0.4333,"name":"EF/ex/5110_S1_ex2_00001"},{"time":0.4666,"name":"EF/ex/5110_S1_ex2_00002"},{"time":0.5,"name":"EF/ex/5110_S1_ex2_00003"},{"time":0.5333,"name":"EF/ex/5110_S1_ex2_00004"},{"time":0.5666,"name":"EF/ex/5110_S1_ex2_00005"},{"time":0.6,"name":"EF/ex/5110_S1_ex2_00006"},{"time":0.6333,"name":"EF/ex/5110_S1_ex2_00007"},{"time":0.6666,"name":"EF/ex/5110_S1_ex2_00008"},{"time":0.7,"name":"EF/ex/5110_S1_ex2_00009"},{"time":0.7333,"name":"EF/ex/5110_S1_ex2_00010"},{"time":0.7666,"name":"EF/ex/5110_S1_ex2_00011"},{"time":0.8,"name":"EF/ex/5110_S1_ex2_00012"},{"time":0.8333,"name":"EF/ex/5110_S1_ex2_00013"},{"time":0.9,"name":null}]},"EF_particle1_1":{"attachment":[{"time":0.2333,"name":"EF/ef_particle_blue/ef_particle_blue_02"},{"time":0.3,"name":"EF/ef_particle_blue/ef_particle_blue_03"},{"time":0.3666,"name":"EF/ef_particle_blue/ef_particle_blue_04"},{"time":0.4333,"name":"EF/ef_particle_blue/ef_particle_blue_05"},{"time":0.5,"name":"EF/ef_particle_blue/ef_particle_blue_06"},{"time":0.5666,"name":"EF/ef_particle_blue/ef_particle_blue_08"},{"time":0.7,"name":"EF/ef_particle_blue/ef_particle_blue_10"},{"time":0.7666,"name":"EF/ef_particle_blue/ef_particle_blue_11"},{"time":0.8333,"name":null}],"color":[{"time":0.6,"color":"ffffffff"},{"time":0.8333,"color":"ffffff00"}]},"EF_particle1_2":{"attachment":[{"time":0.2666,"name":"EF/ef_particle_blue/ef_particle_blue_02"},{"time":0.3333,"name":"EF/ef_particle_blue/ef_particle_blue_03"},{"time":0.4,"name":"EF/ef_particle_blue/ef_particle_blue_04"},{"time":0.4666,"name":"EF/ef_particle_blue/ef_particle_blue_05"},{"time":0.5333,"name":"EF/ef_particle_blue/ef_particle_blue_06"},{"time":0.6,"name":"EF/ef_particle_blue/ef_particle_blue_07"},{"time":0.6666,"name":"EF/ef_particle_blue/ef_particle_blue_08"},{"time":0.8,"name":"EF/ef_particle_blue/ef_particle_blue_10"},{"time":0.8666,"name":"EF/ef_particle_blue/ef_particle_blue_11"},{"time":0.9333,"name":null}],"color":[{"time":0.6666,"color":"ffffffff"},{"time":0.9,"color":"ffffff00"}]},"EF_particle1_3":{"attachment":[{"time":0.3,"name":"EF/ef_particle_blue/ef_particle_blue_02"},{"time":0.3666,"name":"EF/ef_particle_blue/ef_particle_blue_03"},{"time":0.4333,"name":"EF/ef_particle_blue/ef_particle_blue_04"},{"time":0.5,"name":"EF/ef_particle_blue/ef_particle_blue_05"},{"time":0.5666,"name":"EF/ef_particle_blue/ef_particle_blue_06"},{"time":0.6333,"name":"EF/ef_particle_blue/ef_particle_blue_07"},{"time":0.7,"name":"EF/ef_particle_blue/ef_particle_blue_08"},{"time":0.8333,"name":"EF/ef_particle_blue/ef_particle_blue_10"},{"time":0.9,"name":"EF/ef_particle_blue/ef_particle_blue_11"},{"time":0.9666,"name":null}],"color":[{"time":0.7333,"color":"ffffffff"},{"time":0.9666,"color":"ffffff00"}]},"EF_particle1_4":{"attachment":[{"time":0.3333,"name":"EF/ef_particle_blue/ef_particle_blue_02"},{"time":0.4,"name":"EF/ef_particle_blue/ef_particle_blue_03"},{"time":0.4666,"name":"EF/ef_particle_blue/ef_particle_blue_04"},{"time":0.5333,"name":"EF/ef_particle_blue/ef_particle_blue_05"},{"time":0.6,"name":"EF/ef_particle_blue/ef_particle_blue_06"},{"time":0.6666,"name":"EF/ef_particle_blue/ef_particle_blue_07"},{"time":0.7333,"name":"EF/ef_particle_blue/ef_particle_blue_08"},{"time":0.8666,"name":"EF/ef_particle_blue/ef_particle_blue_10"},{"time":0.9333,"name":"EF/ef_particle_blue/ef_particle_blue_11"},{"time":1,"name":null}],"color":[{"time":0.7666,"color":"ffffffff"},{"time":1,"color":"ffffff00"}]},"EF_particle1_5":{"attachment":[{"time":0.3666,"name":"EF/ef_particle_blue/ef_particle_blue_02"},{"time":0.4333,"name":"EF/ef_particle_blue/ef_particle_blue_03"},{"time":0.5,"name":"EF/ef_particle_blue/ef_particle_blue_04"},{"time":0.5666,"name":"EF/ef_particle_blue/ef_particle_blue_05"},{"time":0.6333,"name":"EF/ef_particle_blue/ef_particle_blue_06"},{"time":0.7,"name":"EF/ef_particle_blue/ef_particle_blue_07"},{"time":0.7666,"name":"EF/ef_particle_blue/ef_particle_blue_08"},{"time":0.9,"name":"EF/ef_particle_blue/ef_particle_blue_10"},{"time":0.9666,"name":"EF/ef_particle_blue/ef_particle_blue_11"},{"time":1.0333,"name":null}],"color":[{"time":0.8,"color":"ffffffff"},{"time":1.0333,"color":"ffffff00"}]},"EF_particle1_6":{"attachment":[{"time":0.4,"name":"EF/ef_particle_blue/ef_particle_blue_02"},{"time":0.4666,"name":"EF/ef_particle_blue/ef_particle_blue_03"},{"time":0.5333,"name":"EF/ef_particle_blue/ef_particle_blue_04"},{"time":0.6,"name":"EF/ef_particle_blue/ef_particle_blue_05"},{"time":0.6666,"name":"EF/ef_particle_blue/ef_particle_blue_06"},{"time":0.7333,"name":"EF/ef_particle_blue/ef_particle_blue_07"},{"time":0.8,"name":"EF/ef_particle_blue/ef_particle_blue_08"},{"time":0.9333,"name":"EF/ef_particle_blue/ef_particle_blue_10"},{"time":1,"name":"EF/ef_particle_blue/ef_particle_blue_11"},{"time":1.0666,"name":null}],"color":[{"time":0.8333,"color":"ffffffff"},{"time":1.0666,"color":"ffffff00"}]},"EF_particle1_7":{"attachment":[{"time":0.4333,"name":"EF/ef_particle_blue/ef_particle_blue_02"},{"time":0.5,"name":"EF/ef_particle_blue/ef_particle_blue_03"},{"time":0.5666,"name":"EF/ef_particle_blue/ef_particle_blue_04"},{"time":0.6333,"name":"EF/ef_particle_blue/ef_particle_blue_05"},{"time":0.7,"name":"EF/ef_particle_blue/ef_particle_blue_06"},{"time":0.7666,"name":"EF/ef_particle_blue/ef_particle_blue_07"},{"time":0.8333,"name":"EF/ef_particle_blue/ef_particle_blue_08"},{"time":0.9666,"name":"EF/ef_particle_blue/ef_particle_blue_10"},{"time":1.0333,"name":"EF/ef_particle_blue/ef_particle_blue_11"},{"time":1.1,"name":null}],"color":[{"time":0.8666,"color":"ffffffff"},{"time":1.1,"color":"ffffff00"}]},"EF_particle1_8":{"attachment":[{"time":0.4666,"name":"EF/ef_particle_blue/ef_particle_blue_02"},{"time":0.5333,"name":"EF/ef_particle_blue/ef_particle_blue_03"},{"time":0.6,"name":"EF/ef_particle_blue/ef_particle_blue_04"},{"time":0.6666,"name":"EF/ef_particle_blue/ef_particle_blue_05"},{"time":0.7333,"name":"EF/ef_particle_blue/ef_particle_blue_06"},{"time":0.8,"name":"EF/ef_particle_blue/ef_particle_blue_07"},{"time":0.8666,"name":"EF/ef_particle_blue/ef_particle_blue_08"},{"time":1,"name":"EF/ef_particle_blue/ef_particle_blue_10"},{"time":1.0666,"name":"EF/ef_particle_blue/ef_particle_blue_11"},{"time":1.1333,"name":null}],"color":[{"time":0.9,"color":"ffffffff"},{"time":1.1333,"color":"ffffff00"}]},"EF_particle1_9":{"attachment":[{"time":0.5,"name":"EF/ef_particle_blue/ef_particle_blue_02"},{"time":0.5666,"name":"EF/ef_particle_blue/ef_particle_blue_03"},{"time":0.6333,"name":"EF/ef_particle_blue/ef_particle_blue_04"},{"time":0.7,"name":"EF/ef_particle_blue/ef_particle_blue_05"},{"time":0.7666,"name":"EF/ef_particle_blue/ef_particle_blue_06"},{"time":0.8333,"name":"EF/ef_particle_blue/ef_particle_blue_07"},{"time":0.9,"name":"EF/ef_particle_blue/ef_particle_blue_08"},{"time":1.0333,"name":"EF/ef_particle_blue/ef_particle_blue_10"},{"time":1.1,"name":"EF/ef_particle_blue/ef_particle_blue_11"},{"time":1.1666,"name":null}],"color":[{"time":1,"color":"ffffffff"},{"time":1.1666,"color":"ffffff00"}]},"EF_waterwave1_1":{"attachment":[{"time":0.0666,"name":"EF/water_wave3/ef_water_wave 2_main_00001"},{"time":0.1,"name":"EF/water_wave3/ef_water_wave 2_main_00002"},{"time":0.1333,"name":"EF/water_wave3/ef_water_wave 2_main_00003"},{"time":0.1666,"name":"EF/water_wave3/ef_water_wave 2_main_00004"},{"time":0.2333,"name":"EF/water_wave3/ef_water_wave 2_main_00006"},{"time":0.3,"name":"EF/water_wave3/ef_water_wave 2_main_00007"},{"time":0.3666,"name":"EF/water_wave3/ef_water_wave 2_main_00008"},{"time":0.4333,"name":"EF/water_wave3/ef_water_wave 2_main_00009"},{"time":0.5,"name":"EF/water_wave3/ef_water_wave 2_main_00010"},{"time":0.5666,"name":"EF/water_wave3/ef_water_wave 2_main_00011"},{"time":0.7,"name":null}]},"EF_waterwave1_2":{"attachment":[{"time":0.1333,"name":"EF/water_wave3/ef_water_wave 2_main_00001"},{"time":0.1666,"name":"EF/water_wave3/ef_water_wave 2_main_00002"},{"time":0.2,"name":"EF/water_wave3/ef_water_wave 2_main_00003"},{"time":0.2333,"name":"EF/water_wave3/ef_water_wave 2_main_00004"},{"time":0.3,"name":"EF/water_wave3/ef_water_wave 2_main_00006"},{"time":0.3666,"name":"EF/water_wave3/ef_water_wave 2_main_00007"},{"time":0.4333,"name":"EF/water_wave3/ef_water_wave 2_main_00008"},{"time":0.5,"name":"EF/water_wave3/ef_water_wave 2_main_00009"},{"time":0.5666,"name":"EF/water_wave3/ef_water_wave 2_main_00010"},{"time":0.6333,"name":"EF/water_wave3/ef_water_wave 2_main_00011"},{"time":0.7666,"name":null}]},"EF_waterwave1_3":{"attachment":[{"time":0.2,"name":"EF/water_wave3/ef_water_wave 2_main_00001"},{"time":0.2333,"name":"EF/water_wave3/ef_water_wave 2_main_00002"},{"time":0.2666,"name":"EF/water_wave3/ef_water_wave 2_main_00003"},{"time":0.3,"name":"EF/water_wave3/ef_water_wave 2_main_00004"},{"time":0.3666,"name":"EF/water_wave3/ef_water_wave 2_main_00006"},{"time":0.4333,"name":"EF/water_wave3/ef_water_wave 2_main_00007"},{"time":0.5,"name":"EF/water_wave3/ef_water_wave 2_main_00008"},{"time":0.5666,"name":"EF/water_wave3/ef_water_wave 2_main_00009"},{"time":0.6333,"name":"EF/water_wave3/ef_water_wave 2_main_00010"},{"time":0.7,"name":"EF/water_wave3/ef_water_wave 2_main_00011"},{"time":0.8333,"name":null}]},"EF_waterwave1_4":{"attachment":[{"time":0.2666,"name":"EF/water_wave3/ef_water_wave 2_main_00001"},{"time":0.3,"name":"EF/water_wave3/ef_water_wave 2_main_00002"},{"time":0.3333,"name":"EF/water_wave3/ef_water_wave 2_main_00003"},{"time":0.3666,"name":"EF/water_wave3/ef_water_wave 2_main_00004"},{"time":0.4333,"name":"EF/water_wave3/ef_water_wave 2_main_00006"},{"time":0.4666,"name":"EF/water_wave3/ef_water_wave 2_main_00007"},{"time":0.5333,"name":"EF/water_wave3/ef_water_wave 2_main_00008"},{"time":0.6,"name":"EF/water_wave3/ef_water_wave 2_main_00009"},{"time":0.6666,"name":"EF/water_wave3/ef_water_wave 2_main_00010"},{"time":0.7333,"name":"EF/water_wave3/ef_water_wave 2_main_00011"},{"time":0.8666,"name":null}]},"EF_waterwave1_5":{"attachment":[{"time":0.3333,"name":"EF/water_wave3/ef_water_wave 2_main_00001"},{"time":0.3666,"name":"EF/water_wave3/ef_water_wave 2_main_00002"},{"time":0.4,"name":"EF/water_wave3/ef_water_wave 2_main_00003"},{"time":0.4333,"name":"EF/water_wave3/ef_water_wave 2_main_00004"},{"time":0.5,"name":"EF/water_wave3/ef_water_wave 2_main_00006"},{"time":0.5333,"name":"EF/water_wave3/ef_water_wave 2_main_00007"},{"time":0.6,"name":"EF/water_wave3/ef_water_wave 2_main_00008"},{"time":0.6666,"name":"EF/water_wave3/ef_water_wave 2_main_00009"},{"time":0.7333,"name":"EF/water_wave3/ef_water_wave 2_main_00010"},{"time":0.8,"name":"EF/water_wave3/ef_water_wave 2_main_00011"},{"time":0.9333,"name":null}]},"EF_waterwave1_6":{"attachment":[{"time":0.4,"name":"EF/water_wave3/ef_water_wave 2_main_00001"},{"time":0.4333,"name":"EF/water_wave3/ef_water_wave 2_main_00002"},{"time":0.4666,"name":"EF/water_wave3/ef_water_wave 2_main_00003"},{"time":0.5,"name":"EF/water_wave3/ef_water_wave 2_main_00004"},{"time":0.5666,"name":"EF/water_wave3/ef_water_wave 2_main_00006"},{"time":0.6333,"name":"EF/water_wave3/ef_water_wave 2_main_00007"},{"time":0.7,"name":"EF/water_wave3/ef_water_wave 2_main_00008"},{"time":0.7666,"name":"EF/water_wave3/ef_water_wave 2_main_00009"},{"time":0.8333,"name":"EF/water_wave3/ef_water_wave 2_main_00010"},{"time":0.9,"name":"EF/water_wave3/ef_water_wave 2_main_00011"},{"time":1.0333,"name":null}]}},"bones":{"DAMAGEAREA":{"translate":[{"time":0.0666,"x":-125.69,"y":51.75},{"time":0.4,"x":-273.57,"y":229.21}],"scale":[{"time":0.0666,"x":1.739,"y":1.591},{"time":0.4,"x":4.285,"y":4.992}]},"EF_bound1_1":{"translate":[{"time":0.1,"x":-209.9,"y":0}],"scale":[{"time":0.1,"x":2,"y":2}]},"EF_bound1_2":{"translate":[{"time":0.1666,"x":-347.01,"y":0}],"scale":[{"time":0.1666,"x":2,"y":2}]},"EF_bound1_3":{"translate":[{"time":0.2333,"x":-466.97,"y":0}],"scale":[{"time":0.2333,"x":2,"y":2}]},"EF_bound1_4":{"translate":[{"time":0.3,"x":-270.14,"y":0}],"scale":[{"time":0.3,"x":2,"y":2}]},"EF_bound1_5":{"translate":[{"time":0.3666,"x":-412.64,"y":0}],"scale":[{"time":0.3666,"x":2,"y":2}]},"EF_bound1_6":{"translate":[{"time":0.4333,"x":-353.79,"y":0}],"scale":[{"time":0.4333,"x":2,"y":2}]},"EF_bound1_7":{"translate":[{"time":0.5,"x":-271.51,"y":0}],"scale":[{"time":0.5,"x":2.5,"y":2.384}]},"EF_bound1_8":{"translate":[{"time":0.5666,"x":-427.13,"y":0}],"scale":[{"time":0.5666,"x":2.5,"y":2.384}]},"EF_bound1_9":{"translate":[{"time":0.6333,"x":-393.06,"y":-9.7}],"scale":[{"time":0.6333,"x":3,"y":3}]},"EF_ex1_1":{"translate":[{"time":0.0666,"x":-607.92,"y":0}],"scale":[{"time":0.0666,"x":2,"y":2}]},"EF_ex1_2":{"translate":[{"time":0.1333,"x":-746.55,"y":0}],"scale":[{"time":0.1333,"x":2,"y":2}]},"EF_ex1_3":{"translate":[{"time":0.2,"x":-854.02,"y":0}],"scale":[{"time":0.2,"x":2,"y":2}]},"EF_ex1_4":{"translate":[{"time":0.2666,"x":-607.92,"y":0}],"scale":[{"time":0.2666,"x":2,"y":2}]},"EF_ex1_5":{"translate":[{"time":0.3333,"x":-891.18,"y":0}],"scale":[{"time":0.3333,"x":2,"y":2}]},"EF_ex1_6":{"translate":[{"time":0.4,"x":-762.68,"y":0}],"scale":[{"time":0.4,"x":2.726,"y":2.726}]},"EF_particle1_1":{"translate":[{"time":0.1666,"x":-273.01,"y":120.73}],"scale":[{"time":0.1666,"x":2,"y":2}]},"EF_particle1_2":{"translate":[{"time":0.2,"x":-382.78,"y":124.85}],"scale":[{"time":0.2,"x":2,"y":2}]},"EF_particle1_3":{"translate":[{"time":0.2333,"x":-518.61,"y":124.85}],"scale":[{"time":0.2333,"x":2,"y":2}]},"EF_particle1_4":{"translate":[{"time":0.2666,"x":-325.59,"y":196.09}],"scale":[{"time":0.2666,"x":2,"y":2}]},"EF_particle1_5":{"translate":[{"time":0.3,"x":-462.49,"y":196.09}],"scale":[{"time":0.3,"x":2,"y":2}]},"EF_particle1_6":{"translate":[{"time":0.3333,"x":-462.49,"y":196.09}],"scale":[{"time":0.3333,"x":2,"y":2}]},"EF_particle1_7":{"translate":[{"time":0.3666,"x":-264.89,"y":216.72}],"scale":[{"time":0.3666,"x":2,"y":2}]},"EF_particle1_8":{"translate":[{"time":0.4,"x":-619.53,"y":188.26}],"scale":[{"time":0.4,"x":-2,"y":2}]},"EF_particle1_9":{"translate":[{"time":0.4333,"x":-450.97,"y":188.26}],"scale":[{"time":0.4333,"x":2,"y":2}]},"EF_waterwave1_1":{"translate":[{"time":0.0666,"x":-566.15,"y":0}],"scale":[{"time":0.0666,"x":2,"y":2}]},"EF_waterwave1_2":{"translate":[{"time":0.1333,"x":-705.98,"y":0}],"scale":[{"time":0.1333,"x":2,"y":2}]},"EF_waterwave1_3":{"translate":[{"time":0.2,"x":-820.56,"y":0}],"scale":[{"time":0.2,"x":2,"y":2}]},"EF_waterwave1_4":{"translate":[{"time":0.2666,"x":-610.46,"y":0}],"scale":[{"time":0.2666,"x":2,"y":2}]},"EF_waterwave1_5":{"translate":[{"time":0.3333,"x":-737.23,"y":0}],"scale":[{"time":0.3333,"x":2,"y":2}]},"EF_waterwave1_6":{"translate":[{"time":0.4,"x":-706.88,"y":0}],"scale":[{"time":0.4,"x":2,"y":2}]}},"events":[{"time":0,"name":"e","int":120,"string":"setPosition_Target"},{"time":0.0333,"name":"Sound1","string":"cri_se_battle_gun_burst"},{"time":0.0666,"name":"Sound2","string":"cri_se_battle_044_freeze"},{"time":0.0666,"name":"e","int":50,"string":"kImpactType_up"},{"time":0.0666,"name":"e2","string":"setHitBackEnemy(40,0)"},{"time":0.1333,"name":"e","float":0.12,"string":"kHitStopType_normal"},{"time":0.1333,"name":"e3","float":1,"string":"shakeGround"},{"time":0.1333,"name":"hit","string":"resetHitList"},{"time":0.1666,"name":"Sound1","string":"cri_se_battle_gun_burst"},{"time":0.2,"name":"Sound2","string":"cri_se_battle_044_freeze"},{"time":0.2333,"name":"e","float":0.05,"string":"kHitStopType_enemyonly"},{"time":0.2333,"name":"e3","float":1,"string":"shakeGround"},{"time":0.2333,"name":"hit","string":"resetHitList"},{"time":0.3,"name":"Sound1","string":"cri_se_battle_gun_burst"},{"time":0.3333,"name":"Sound2","string":"cri_se_battle_044_freeze"},{"time":0.3333,"name":"e3","float":1,"string":"shakeGround"},{"time":0.3333,"name":"hit","string":"resetHitList"},{"time":0.4333,"name":"e3","float":1,"string":"shakeGround"},{"time":0.4333,"name":"hit","string":"resetHitList"},{"time":0.5333,"name":"e2","string":"setHitBackEnemy(0,0)"},{"time":0.5333,"name":"e3","float":1,"string":"shakeGround"},{"time":0.5333,"name":"hit","string":"resetHitList"},{"time":0.6333,"name":"e3","float":1,"string":"shakeGround"},{"time":0.6333,"name":"hit","string":"resetHitList"},{"time":0.7,"name":"Sound2","string":"cri_se_battle_landing"},{"time":0.7333,"name":"e3","float":1,"string":"shakeGround"},{"time":0.7333,"name":"hit","string":"resetHitList"}]}}}