{"skeleton":{"hash":"NrRNPqwQDVNOo44k8U9fCfP1OOs","spine":"3.0.12","width":0,"height":0},"bones":[{"name":"root"},{"name":"body_main","parent":"root","y":150.1,"scaleX":2.5,"scaleY":2.5},{"name":"SHADOW-OFFSET","parent":"root","scaleX":1.9},{"name":"MAIN","parent":"root","y":150},{"name":"DAMAGEAREA","parent":"root"}],"slots":[{"name":"MAIN","bone":"body_main","attachment":"houou/kof98080"},{"name":"EF_houou-2","bone":"body_main"},{"name":"EF_houou","bone":"body_main"},{"name":"DAMAGEAREA","bone":"DAMAGEAREA"}],"skins":{"default":{"DAMAGEAREA":{"DAMAGEAREA":{"type":"boundingbox","vertices":[-64.31582,-65.39882,63.93119,-64.74783,63.93119,65.45218,-64.31582,65.45218]}},"EF_houou":{"houou/kof98110-2":{"x":84.94,"y":38.48,"width":304,"height":250},"houou/kof98112-2":{"x":84.94,"y":38.48,"width":304,"height":250},"houou/kof98114-2":{"x":84.94,"y":38.48,"width":304,"height":250},"houou/kof98116-2":{"x":84.94,"y":38.48,"width":304,"height":250},"houou/kof98120-2":{"x":84.94,"y":38.48,"width":304,"height":250},"houou/kof98122-2":{"x":84.94,"y":38.48,"width":304,"height":250},"houou/kof98124-2":{"x":84.94,"y":38.48,"width":304,"height":250},"houou/kof98126-2":{"x":84.94,"y":38.48,"width":304,"height":250},"houou/kof98128-2":{"x":84.94,"y":38.48,"width":304,"height":250},"houou/kof98130-2":{"x":84.94,"y":38.48,"width":304,"height":250},"houou/kof98132-2":{"x":84.94,"y":38.48,"width":304,"height":250},"houou/kof98134-2":{"x":84.94,"y":38.48,"width":304,"height":250},"houou/kof98136-2":{"x":84.94,"y":38.48,"width":304,"height":250},"houou/kof98138-2":{"x":84.94,"y":38.48,"width":304,"height":250},"houou/kof98140-2":{"x":84.94,"y":38.48,"width":304,"height":250},"houou/kof98142-2":{"x":84.94,"y":38.48,"width":304,"height":250},"houou/kof98144-2":{"x":84.94,"y":38.48,"width":304,"height":250},"houou/kof98146-2":{"x":84.94,"y":38.48,"width":304,"height":250},"houou/kof98148-2":{"x":84.94,"y":38.48,"width":304,"height":250},"houou/kof98150-2":{"x":84.94,"y":38.48,"width":304,"height":250},"houou/kof98152-2":{"x":84.94,"y":38.48,"width":304,"height":250},"houou/kof98154-2":{"x":84.94,"y":38.48,"width":304,"height":250},"houou/kof98156-2":{"x":84.94,"y":38.48,"width":304,"height":250},"houou/kof98158-2":{"x":84.94,"y":38.48,"width":304,"height":250},"houou/kof98160-2":{"x":84.94,"y":38.48,"width":304,"height":250}},"EF_houou-2":{"houou/kof98120-2":{"x":73.26,"y":128.78,"rotation":-172.74,"width":304,"height":250},"houou/kof98120-3":{"path":"houou/kof98120-2","x":73.67,"y":120.84,"rotation":-172.74,"width":304,"height":250}},"MAIN":{"houou/kof98080":{"x":84.94,"y":38.48,"width":304,"height":250},"houou/kof98081":{"x":84.94,"y":38.48,"width":304,"height":250},"houou/kof98082":{"x":84.94,"y":38.48,"width":304,"height":250},"houou/kof98083":{"x":84.94,"y":38.48,"width":304,"height":250},"houou/kof98084":{"x":84.94,"y":38.48,"width":304,"height":250},"houou/kof98085":{"x":84.94,"y":38.48,"width":304,"height":250},"houou/kof98086":{"x":84.94,"y":38.48,"width":304,"height":250},"houou/kof98087":{"x":84.94,"y":38.48,"width":304,"height":250},"houou/kof98088":{"x":84.94,"y":38.48,"width":304,"height":250},"houou/kof98089":{"x":84.94,"y":38.48,"width":304,"height":250},"houou/kof98090":{"x":84.94,"y":38.48,"width":304,"height":250},"houou/kof98091":{"x":84.94,"y":38.48,"width":304,"height":250},"houou/kof98092":{"x":84.94,"y":38.48,"width":304,"height":250},"houou/kof98093":{"x":84.94,"y":38.48,"width":304,"height":250},"houou/kof98094":{"x":84.94,"y":38.48,"width":304,"height":250},"houou/kof98095":{"x":84.94,"y":38.48,"width":304,"height":250},"houou/kof98096":{"x":84.94,"y":38.48,"width":304,"height":250},"houou/kof98097":{"x":84.94,"y":38.48,"width":304,"height":250},"houou/kof98098":{"x":84.94,"y":38.48,"width":304,"height":250},"houou/kof98099":{"x":84.94,"y":38.48,"width":304,"height":250},"houou/kof98100":{"x":84.94,"y":38.48,"width":304,"height":250},"houou/kof98101":{"x":84.94,"y":38.48,"width":304,"height":250},"houou/kof98102":{"x":84.94,"y":38.48,"width":304,"height":250},"houou/kof98103":{"x":84.94,"y":38.48,"width":304,"height":250},"houou/kof98104":{"x":84.94,"y":38.48,"width":304,"height":250},"houou/kof98105":{"x":84.94,"y":38.48,"width":304,"height":250},"houou/kof98106":{"x":84.94,"y":38.48,"width":304,"height":250},"houou/kof98107":{"x":84.94,"y":38.48,"width":304,"height":250},"houou/kof98108":{"x":84.94,"y":38.48,"width":304,"height":250},"houou/kof98109":{"x":84.94,"y":38.48,"width":304,"height":250},"houou/kof98110":{"x":84.94,"y":38.48,"width":304,"height":250},"houou/kof98112":{"x":84.94,"y":38.48,"width":304,"height":250},"houou/kof98114":{"x":84.94,"y":38.48,"width":304,"height":250},"houou/kof98116":{"x":84.94,"y":38.48,"width":304,"height":250},"houou/kof98118":{"x":84.94,"y":38.48,"width":304,"height":250},"houou/kof98120":{"x":84.94,"y":38.48,"width":304,"height":250},"houou/kof98122":{"x":84.94,"y":38.48,"width":304,"height":250},"houou/kof98124":{"x":84.94,"y":38.48,"width":304,"height":250},"houou/kof98126":{"x":84.94,"y":38.48,"width":304,"height":250},"houou/kof98128":{"x":84.94,"y":38.48,"width":304,"height":250},"houou/kof98130":{"x":84.94,"y":38.48,"width":304,"height":250},"houou/kof98132":{"x":84.94,"y":38.48,"width":304,"height":250},"houou/kof98134":{"x":84.94,"y":38.48,"width":304,"height":250},"houou/kof98136":{"x":84.94,"y":38.48,"width":304,"height":250},"houou/kof98138":{"x":84.94,"y":38.48,"width":304,"height":250},"houou/kof98140":{"x":84.94,"y":38.48,"width":304,"height":250},"houou/kof98142":{"x":84.94,"y":38.48,"width":304,"height":250},"houou/kof98144":{"x":84.94,"y":38.48,"width":304,"height":250},"houou/kof98146":{"x":84.94,"y":38.48,"width":304,"height":250},"houou/kof98148":{"x":84.94,"y":38.48,"width":304,"height":250},"houou/kof98150":{"x":84.94,"y":38.48,"width":304,"height":250},"houou/kof98152":{"x":84.94,"y":38.48,"width":304,"height":250},"houou/kof98154":{"x":84.94,"y":38.48,"width":304,"height":250},"houou/kof98156":{"x":84.94,"y":38.48,"width":304,"height":250},"houou/kof98158":{"x":84.94,"y":38.48,"width":304,"height":250},"houou/kof98160":{"x":84.94,"y":38.48,"width":304,"height":250},"houou/kof98162":{"x":84.94,"y":38.48,"width":304,"height":250}}}},"events":{"Event":{},"Hit":{},"Sound1":{},"Sound2":{},"Sound3":{},"Voice":{}},"animations":{"attack1":{"slots":{"DAMAGEAREA":{"attachment":[{"time":1.3333,"name":"DAMAGEAREA"},{"time":1.8,"name":null}]},"EF_houou":{"attachment":[{"time":1.3,"name":"houou/kof98110-2"},{"time":1.3333,"name":"houou/kof98112-2"},{"time":1.3666,"name":"houou/kof98114-2"},{"time":1.4,"name":"houou/kof98116-2"},{"time":1.4333,"name":"houou/kof98120-2"},{"time":1.4666,"name":"houou/kof98122-2"},{"time":1.5,"name":"houou/kof98124-2"},{"time":1.5333,"name":"houou/kof98126-2"},{"time":1.5666,"name":"houou/kof98128-2"},{"time":1.6,"name":"houou/kof98130-2"},{"time":1.6333,"name":"houou/kof98132-2"},{"time":1.6666,"name":"houou/kof98134-2"},{"time":1.7,"name":"houou/kof98136-2"},{"time":1.7333,"name":"houou/kof98138-2"},{"time":1.7666,"name":"houou/kof98140-2"},{"time":1.8,"name":"houou/kof98142-2"},{"time":1.8333,"name":"houou/kof98144-2"},{"time":1.8666,"name":"houou/kof98146-2"},{"time":1.9,"name":"houou/kof98148-2"},{"time":1.9333,"name":"houou/kof98150-2"},{"time":1.9666,"name":"houou/kof98152-2"},{"time":2,"name":"houou/kof98154-2"},{"time":2.0333,"name":"houou/kof98156-2"},{"time":2.0666,"name":"houou/kof98158-2"},{"time":2.1,"name":"houou/kof98160-2"},{"time":2.1333,"name":null}]},"EF_houou-2":{"attachment":[{"time":1.3,"name":"houou/kof98120-2"},{"time":1.3333,"name":"houou/kof98120-3"},{"time":1.3666,"name":null}]},"MAIN":{"attachment":[{"time":0,"name":"houou/kof98080"},{"time":0.3333,"name":"houou/kof98081"},{"time":0.3666,"name":"houou/kof98082"},{"time":0.4,"name":"houou/kof98083"},{"time":0.4333,"name":"houou/kof98084"},{"time":0.4666,"name":"houou/kof98085"},{"time":0.5,"name":"houou/kof98086"},{"time":0.5333,"name":"houou/kof98087"},{"time":0.5666,"name":"houou/kof98088"},{"time":0.6,"name":"houou/kof98089"},{"time":0.6333,"name":"houou/kof98090"},{"time":0.6666,"name":"houou/kof98091"},{"time":0.7,"name":"houou/kof98092"},{"time":0.7333,"name":"houou/kof98093"},{"time":0.7666,"name":"houou/kof98094"},{"time":0.8,"name":"houou/kof98095"},{"time":0.8333,"name":"houou/kof98096"},{"time":0.8666,"name":"houou/kof98097"},{"time":0.9,"name":"houou/kof98098"},{"time":0.9333,"name":"houou/kof98099"},{"time":0.9666,"name":"houou/kof98100"},{"time":1,"name":"houou/kof98101"},{"time":1.0333,"name":"houou/kof98102"},{"time":1.0666,"name":"houou/kof98103"},{"time":1.1,"name":"houou/kof98104"},{"time":1.1333,"name":"houou/kof98105"},{"time":1.1666,"name":"houou/kof98106"},{"time":1.2,"name":"houou/kof98107"},{"time":1.2333,"name":"houou/kof98108"},{"time":1.2666,"name":"houou/kof98109"},{"time":1.3,"name":"houou/kof98110"},{"time":1.3333,"name":"houou/kof98112"},{"time":1.3666,"name":"houou/kof98114"},{"time":1.4,"name":"houou/kof98116"},{"time":1.4333,"name":"houou/kof98118"},{"time":1.4666,"name":"houou/kof98120"},{"time":1.5,"name":"houou/kof98122"},{"time":1.5333,"name":"houou/kof98124"},{"time":1.5666,"name":"houou/kof98126"},{"time":1.6,"name":"houou/kof98128"},{"time":1.6333,"name":"houou/kof98130"},{"time":1.6666,"name":"houou/kof98132"},{"time":1.7,"name":"houou/kof98134"},{"time":1.7333,"name":"houou/kof98136"},{"time":1.7666,"name":"houou/kof98138"},{"time":1.8,"name":"houou/kof98140"},{"time":1.8333,"name":"houou/kof98142"},{"time":1.8666,"name":"houou/kof98144"},{"time":1.9,"name":"houou/kof98146"},{"time":1.9333,"name":"houou/kof98148"},{"time":1.9666,"name":"houou/kof98150"},{"time":2,"name":"houou/kof98152"},{"time":2.0333,"name":"houou/kof98154"},{"time":2.0666,"name":"houou/kof98156"},{"time":2.1,"name":"houou/kof98158"},{"time":2.1333,"name":"houou/kof98160"},{"time":2.1666,"name":"houou/kof98162"}],"color":[{"time":0,"color":"ffffff00","curve":"stepped"},{"time":0.0333,"color":"ffffff00"},{"time":0.1666,"color":"ffffffff","curve":"stepped"},{"time":2.1666,"color":"ffffffff"},{"time":2.2666,"color":"ffffff00"}]}},"bones":{"DAMAGEAREA":{"translate":[{"time":1.3333,"x":197.36,"y":357.88},{"time":1.7,"x":296.37,"y":153.08}],"scale":[{"time":1.3333,"x":2.194,"y":2.116}]},"body_main":{"rotate":[{"time":1.4333,"angle":0.09}]},"MAIN":{"translate":[{"time":0,"x":0,"y":0},{"time":0.8,"x":109.66,"y":0},{"time":1.2666,"x":182.21,"y":0},{"time":1.7666,"x":307.06,"y":0}]}},"events":[{"time":0,"name":"Event","string":"setFlipX"},{"time":0,"name":"Hit","string":"setPositionY"},{"time":0.0333,"name":"Event","int":300,"string":"setPosition-Target"},{"time":0.0666,"name":"Event","string":"shakeGround"},{"time":0.1,"name":"Event","string":"enableShadow"},{"time":0.3333,"name":"Sound1","string":"cri_se_battle_kohou_l"},{"time":0.5333,"name":"Event","float":0.18,"string":"kHitStopType_enemyonly"},{"time":0.5666,"name":"Event","string":"setHitBackEnemy(10,0)"},{"time":1.2333,"name":"Voice","string":"cri_40080_voice_skill_c"},{"time":1.3,"name":"Event","string":"shakeGround"},{"time":1.3,"name":"Sound1","string":"cri_se_battle_sara_2"},{"time":1.3,"name":"Sound2","string":"cri_se_battle_f_hit_f"},{"time":1.3,"name":"Sound3","string":"setHitSound(se_battle_hi_2)"},{"time":1.4,"name":"Hit","string":"resetHitList"},{"time":1.5,"name":"Hit","string":"resetHitList"},{"time":1.6,"name":"Hit","string":"resetHitList"},{"time":1.7,"name":"Event","string":"shakeGround"},{"time":1.7333,"name":"Event","float":0.18,"string":"kHitStopType_normal"},{"time":1.7666,"name":"Hit","string":"resetHitList"}]}}}