{"skeleton":{"hash":"mWeu3XUGFy7ZKM6NnsABCSrVdbw","spine":"3.0.12","width":0,"height":0},"bones":[{"name":"root"},{"name":"MAIN","parent":"root"},{"name":"EFOffset","parent":"MAIN"},{"name":"EF_S2_wave1_3","parent":"EFOffset","scaleX":2.5,"scaleY":2.5},{"name":"EF_S2_wave1_2","parent":"EFOffset","scaleX":2.5,"scaleY":2.5},{"name":"EF_S2_wave1_1","parent":"EFOffset","scaleX":2.5,"scaleY":2.5},{"name":"EF_S2_slash2","parent":"EFOffset","scaleX":2.5,"scaleY":2.5},{"name":"EF_S2_slash1","parent":"EFOffset","scaleX":2.5,"scaleY":2.5},{"name":"EF_S2_ex3","parent":"EFOffset","scaleX":2.5,"scaleY":2.5},{"name":"EF_S2_ex2","parent":"EFOffset","scaleX":2.5,"scaleY":2.5},{"name":"EF_S2_dash","parent":"EFOffset","scaleX":3,"scaleY":3},{"name":"DAMAGEAREA","parent":"root"}],"slots":[{"name":"EF/5130_S2_dash1/5130_S2_dash1_00000","bone":"EF_S2_dash","blend":"additive"},{"name":"EF_S2_ex3","bone":"EF_S2_ex3","blend":"additive"},{"name":"EF_S2_ex2","bone":"EF_S2_ex2","blend":"additive"},{"name":"EF_S2_slash1","bone":"EF_S2_slash1","blend":"additive"},{"name":"EF_S2_slash2","bone":"EF_S2_slash2","blend":"additive"},{"name":"EF_S2_wave","bone":"EF_S2_wave1_1","blend":"additive"},{"name":"EF_S2_wave3","bone":"EF_S2_wave1_2","blend":"additive"},{"name":"EF_S2_wave4","bone":"EF_S2_wave1_3","blend":"additive"},{"name":"DAMAGEAREA","bone":"DAMAGEAREA"}],"skins":{"default":{"DAMAGEAREA":{"DAMAGEAREA":{"type":"boundingbox","vertices":[-31.72265,-33.17871,32.77721,-32.92071,32.0032,31.32115,-31.72265,31.32115]}},"EF/5130_S2_dash1/5130_S2_dash1_00000":{"EF/5130_S2_dash1/5130_S2_dash1_00000":{"y":22.72,"width":250,"height":250},"EF/5130_S2_dash1/5130_S2_dash1_00001":{"y":22.72,"width":250,"height":250},"EF/5130_S2_dash1/5130_S2_dash1_00002":{"y":22.72,"width":250,"height":250},"EF/5130_S2_dash1/5130_S2_dash1_00003":{"y":22.72,"width":250,"height":250},"EF/5130_S2_dash1/5130_S2_dash1_00004":{"y":22.72,"width":250,"height":250},"EF/5130_S2_dash1/5130_S2_dash1_00005":{"y":22.72,"width":250,"height":250},"EF/5130_S2_dash1/5130_S2_dash1_00006":{"y":22.72,"width":250,"height":250},"EF/5130_S2_dash1/5130_S2_dash1_00007":{"y":22.72,"width":250,"height":250},"EF/5130_S2_dash1/5130_S2_dash1_00008":{"y":22.72,"width":250,"height":250},"EF/5130_S2_dash1/5130_S2_dash1_00009":{"y":22.72,"width":250,"height":250},"EF/5130_S2_dash1/5130_S2_dash1_00010":{"y":22.72,"width":250,"height":250},"EF/5130_S2_dash1/5130_S2_dash1_00011":{"y":22.72,"width":250,"height":250}},"EF_S2_ex2":{"EF/5130_S2_ex1/5130_S2_ex1_00000":{"x":2.15,"y":11.86,"width":250,"height":250},"EF/5130_S2_ex1/5130_S2_ex1_00001":{"x":2.15,"y":11.86,"width":250,"height":250},"EF/5130_S2_ex1/5130_S2_ex1_00002":{"x":2.15,"y":11.86,"width":250,"height":250},"EF/5130_S2_ex1/5130_S2_ex1_00003":{"x":2.15,"y":11.86,"width":250,"height":250},"EF/5130_S2_ex1/5130_S2_ex1_00004":{"x":2.15,"y":11.86,"width":250,"height":250},"EF/5130_S2_ex1/5130_S2_ex1_00005":{"x":2.15,"y":11.86,"width":250,"height":250},"EF/5130_S2_ex1/5130_S2_ex1_00006":{"x":2.15,"y":11.86,"width":250,"height":250},"EF/5130_S2_ex1/5130_S2_ex1_00007":{"x":2.15,"y":11.86,"width":250,"height":250},"EF/5130_S2_ex1/5130_S2_ex1_00008":{"x":2.15,"y":11.86,"width":250,"height":250},"EF/5130_S2_ex1/5130_S2_ex1_00009":{"x":2.15,"y":11.86,"width":250,"height":250},"EF/5130_S2_ex1/5130_S2_ex1_00010":{"x":2.15,"y":11.86,"width":250,"height":250},"EF/5130_S2_ex1/5130_S2_ex1_00011":{"x":2.15,"y":11.86,"width":250,"height":250},"EF/5130_S2_ex1/5130_S2_ex1_00012":{"x":2.15,"y":11.86,"width":250,"height":250}},"EF_S2_ex3":{"EF/5130_S2_ex1/5130_S2_ex1_00000":{"x":2.15,"y":11.86,"width":250,"height":250},"EF/5130_S2_ex1/5130_S2_ex1_00001":{"x":2.15,"y":11.86,"width":250,"height":250},"EF/5130_S2_ex1/5130_S2_ex1_00002":{"x":2.15,"y":11.86,"width":250,"height":250},"EF/5130_S2_ex1/5130_S2_ex1_00003":{"x":2.15,"y":11.86,"width":250,"height":250},"EF/5130_S2_ex1/5130_S2_ex1_00004":{"x":2.15,"y":11.86,"width":250,"height":250},"EF/5130_S2_ex1/5130_S2_ex1_00005":{"x":2.15,"y":11.86,"width":250,"height":250},"EF/5130_S2_ex1/5130_S2_ex1_00006":{"x":2.15,"y":11.86,"width":250,"height":250},"EF/5130_S2_ex1/5130_S2_ex1_00007":{"x":2.15,"y":11.86,"width":250,"height":250},"EF/5130_S2_ex1/5130_S2_ex1_00008":{"x":2.15,"y":11.86,"width":250,"height":250},"EF/5130_S2_ex1/5130_S2_ex1_00009":{"x":2.15,"y":11.86,"width":250,"height":250},"EF/5130_S2_ex1/5130_S2_ex1_00010":{"x":2.15,"y":11.86,"width":250,"height":250},"EF/5130_S2_ex1/5130_S2_ex1_00011":{"x":2.15,"y":11.86,"width":250,"height":250},"EF/5130_S2_ex1/5130_S2_ex1_00012":{"x":2.15,"y":11.86,"width":250,"height":250}},"EF_S2_slash1":{"EF/5130_S2_slash1/5130_S2_slash1_00000":{"width":250,"height":250},"EF/5130_S2_slash1/5130_S2_slash1_00001":{"width":250,"height":250},"EF/5130_S2_slash1/5130_S2_slash1_00002":{"width":250,"height":250},"EF/5130_S2_slash1/5130_S2_slash1_00003":{"width":250,"height":250},"EF/5130_S2_slash1/5130_S2_slash1_00004":{"width":250,"height":250},"EF/5130_S2_slash1/5130_S2_slash1_00005":{"width":250,"height":250}},"EF_S2_slash2":{"EF/5130_S2_slash2/5130_S2_slash2_00000":{"x":16.66,"y":8.9,"width":250,"height":250},"EF/5130_S2_slash2/5130_S2_slash2_00001":{"x":16.66,"y":8.9,"width":250,"height":250},"EF/5130_S2_slash2/5130_S2_slash2_00002":{"x":16.66,"y":8.9,"width":250,"height":250},"EF/5130_S2_slash2/5130_S2_slash2_00003":{"x":16.66,"y":8.9,"width":250,"height":250},"EF/5130_S2_slash2/5130_S2_slash2_00004":{"x":16.66,"y":8.9,"width":250,"height":250}},"EF_S2_wave":{"EF/5130_S2_wave1/5130_S2_wave1_00000":{"y":5.43,"width":250,"height":250},"EF/5130_S2_wave1/5130_S2_wave1_00001":{"y":5.43,"width":250,"height":250},"EF/5130_S2_wave1/5130_S2_wave1_00002":{"y":5.43,"width":250,"height":250},"EF/5130_S2_wave1/5130_S2_wave1_00003":{"y":5.43,"width":250,"height":250},"EF/5130_S2_wave1/5130_S2_wave1_00004":{"y":5.43,"width":250,"height":250},"EF/5130_S2_wave1/5130_S2_wave1_00005":{"y":5.43,"width":250,"height":250},"EF/5130_S2_wave1/5130_S2_wave1_00006":{"y":5.43,"width":250,"height":250},"EF/5130_S2_wave1/5130_S2_wave1_00007":{"y":5.43,"width":250,"height":250},"EF/5130_S2_wave1/5130_S2_wave1_00008":{"y":5.43,"width":250,"height":250},"EF/5130_S2_wave1/5130_S2_wave1_00009":{"y":5.43,"width":250,"height":250},"EF/5130_S2_wave1/5130_S2_wave1_00010":{"y":5.43,"width":250,"height":250}},"EF_S2_wave3":{"EF/5130_S2_wave1/5130_S2_wave1_00000":{"y":5.43,"width":250,"height":250},"EF/5130_S2_wave1/5130_S2_wave1_00001":{"y":5.43,"width":250,"height":250},"EF/5130_S2_wave1/5130_S2_wave1_00002":{"y":5.43,"width":250,"height":250},"EF/5130_S2_wave1/5130_S2_wave1_00003":{"y":5.43,"width":250,"height":250},"EF/5130_S2_wave1/5130_S2_wave1_00004":{"y":5.43,"width":250,"height":250},"EF/5130_S2_wave1/5130_S2_wave1_00005":{"y":5.43,"width":250,"height":250},"EF/5130_S2_wave1/5130_S2_wave1_00006":{"y":5.43,"width":250,"height":250},"EF/5130_S2_wave1/5130_S2_wave1_00007":{"y":5.43,"width":250,"height":250},"EF/5130_S2_wave1/5130_S2_wave1_00008":{"y":5.43,"width":250,"height":250},"EF/5130_S2_wave1/5130_S2_wave1_00009":{"y":5.43,"width":250,"height":250},"EF/5130_S2_wave1/5130_S2_wave1_00010":{"y":5.43,"width":250,"height":250}},"EF_S2_wave4":{"EF/5130_S2_wave1/5130_S2_wave1_00000":{"y":5.43,"width":250,"height":250},"EF/5130_S2_wave1/5130_S2_wave1_00001":{"y":5.43,"width":250,"height":250},"EF/5130_S2_wave1/5130_S2_wave1_00002":{"y":5.43,"width":250,"height":250},"EF/5130_S2_wave1/5130_S2_wave1_00003":{"y":5.43,"width":250,"height":250},"EF/5130_S2_wave1/5130_S2_wave1_00004":{"y":5.43,"width":250,"height":250},"EF/5130_S2_wave1/5130_S2_wave1_00005":{"y":5.43,"width":250,"height":250},"EF/5130_S2_wave1/5130_S2_wave1_00006":{"y":5.43,"width":250,"height":250},"EF/5130_S2_wave1/5130_S2_wave1_00007":{"y":5.43,"width":250,"height":250},"EF/5130_S2_wave1/5130_S2_wave1_00008":{"y":5.43,"width":250,"height":250},"EF/5130_S2_wave1/5130_S2_wave1_00009":{"y":5.43,"width":250,"height":250},"EF/5130_S2_wave1/5130_S2_wave1_00010":{"y":5.43,"width":250,"height":250}}}},"events":{"EFEvent":{},"Sound1":{},"hit":{}},"animations":{"attack1":{"slots":{"DAMAGEAREA":{"attachment":[{"time":0.0333,"name":null},{"time":0.3333,"name":"DAMAGEAREA"},{"time":0.7333,"name":null}]},"EF/5130_S2_dash1/5130_S2_dash1_00000":{"attachment":[{"time":0.1,"name":null},{"time":0.2666,"name":"EF/5130_S2_dash1/5130_S2_dash1_00000"},{"time":0.3,"name":"EF/5130_S2_dash1/5130_S2_dash1_00001"},{"time":0.3333,"name":"EF/5130_S2_dash1/5130_S2_dash1_00002"},{"time":0.3666,"name":"EF/5130_S2_dash1/5130_S2_dash1_00003"},{"time":0.4,"name":"EF/5130_S2_dash1/5130_S2_dash1_00004"},{"time":0.4333,"name":"EF/5130_S2_dash1/5130_S2_dash1_00005"},{"time":0.4666,"name":"EF/5130_S2_dash1/5130_S2_dash1_00006"},{"time":0.5,"name":"EF/5130_S2_dash1/5130_S2_dash1_00007"},{"time":0.5333,"name":"EF/5130_S2_dash1/5130_S2_dash1_00008"},{"time":0.5666,"name":"EF/5130_S2_dash1/5130_S2_dash1_00009"},{"time":0.6,"name":"EF/5130_S2_dash1/5130_S2_dash1_00010"},{"time":0.6333,"name":"EF/5130_S2_dash1/5130_S2_dash1_00011"},{"time":0.7666,"name":null}],"color":[{"time":0.2666,"color":"ffffffff","curve":"stepped"},{"time":0.5333,"color":"ffffffff"},{"time":0.7333,"color":"ffffff00"}]},"EF_S2_ex2":{"attachment":[{"time":0.3,"name":"EF/5130_S2_ex1/5130_S2_ex1_00000"},{"time":0.3333,"name":"EF/5130_S2_ex1/5130_S2_ex1_00001"},{"time":0.3666,"name":"EF/5130_S2_ex1/5130_S2_ex1_00002"},{"time":0.4,"name":"EF/5130_S2_ex1/5130_S2_ex1_00003"},{"time":0.4333,"name":"EF/5130_S2_ex1/5130_S2_ex1_00004"},{"time":0.4666,"name":"EF/5130_S2_ex1/5130_S2_ex1_00005"},{"time":0.5,"name":"EF/5130_S2_ex1/5130_S2_ex1_00006"},{"time":0.5333,"name":"EF/5130_S2_ex1/5130_S2_ex1_00007"},{"time":0.5666,"name":"EF/5130_S2_ex1/5130_S2_ex1_00008"},{"time":0.6,"name":"EF/5130_S2_ex1/5130_S2_ex1_00009"},{"time":0.6333,"name":"EF/5130_S2_ex1/5130_S2_ex1_00010"},{"time":0.6666,"name":"EF/5130_S2_ex1/5130_S2_ex1_00011"},{"time":0.7,"name":"EF/5130_S2_ex1/5130_S2_ex1_00012"},{"time":0.8666,"name":null}],"color":[{"time":0.3,"color":"ffffffff","curve":"stepped"},{"time":0.7,"color":"ffffffff"},{"time":0.8333,"color":"ffffff00"}]},"EF_S2_ex3":{"attachment":[{"time":0.4333,"name":"EF/5130_S2_ex1/5130_S2_ex1_00000"},{"time":0.4666,"name":"EF/5130_S2_ex1/5130_S2_ex1_00001"},{"time":0.5,"name":"EF/5130_S2_ex1/5130_S2_ex1_00002"},{"time":0.5333,"name":"EF/5130_S2_ex1/5130_S2_ex1_00003"},{"time":0.5666,"name":"EF/5130_S2_ex1/5130_S2_ex1_00004"},{"time":0.6,"name":"EF/5130_S2_ex1/5130_S2_ex1_00005"},{"time":0.6333,"name":"EF/5130_S2_ex1/5130_S2_ex1_00006"},{"time":0.6666,"name":"EF/5130_S2_ex1/5130_S2_ex1_00007"},{"time":0.7,"name":"EF/5130_S2_ex1/5130_S2_ex1_00008"},{"time":0.7333,"name":"EF/5130_S2_ex1/5130_S2_ex1_00009"},{"time":0.7666,"name":"EF/5130_S2_ex1/5130_S2_ex1_00010"},{"time":0.8,"name":"EF/5130_S2_ex1/5130_S2_ex1_00011"},{"time":0.8333,"name":"EF/5130_S2_ex1/5130_S2_ex1_00012"},{"time":1,"name":null}],"color":[{"time":0.4333,"color":"ffffffff","curve":"stepped"},{"time":0.8333,"color":"ffffffff"},{"time":0.9666,"color":"ffffff00"}]},"EF_S2_slash1":{"attachment":[{"time":0.1,"name":null}]},"EF_S2_slash2":{"attachment":[{"time":0.3,"name":"EF/5130_S2_slash2/5130_S2_slash2_00000"},{"time":0.3333,"name":"EF/5130_S2_slash2/5130_S2_slash2_00001"},{"time":0.3666,"name":"EF/5130_S2_slash2/5130_S2_slash2_00002"},{"time":0.4,"name":"EF/5130_S2_slash2/5130_S2_slash2_00003"},{"time":0.4333,"name":"EF/5130_S2_slash2/5130_S2_slash2_00004"},{"time":0.4666,"name":null}]},"EF_S2_wave3":{"attachment":[{"time":0.3,"name":"EF/5130_S2_wave1/5130_S2_wave1_00000"},{"time":0.3333,"name":"EF/5130_S2_wave1/5130_S2_wave1_00001"},{"time":0.3666,"name":"EF/5130_S2_wave1/5130_S2_wave1_00002"},{"time":0.4,"name":"EF/5130_S2_wave1/5130_S2_wave1_00003"},{"time":0.4333,"name":"EF/5130_S2_wave1/5130_S2_wave1_00004"},{"time":0.4666,"name":"EF/5130_S2_wave1/5130_S2_wave1_00005"},{"time":0.5,"name":"EF/5130_S2_wave1/5130_S2_wave1_00006"},{"time":0.5333,"name":"EF/5130_S2_wave1/5130_S2_wave1_00007"},{"time":0.5666,"name":"EF/5130_S2_wave1/5130_S2_wave1_00008"},{"time":0.6,"name":"EF/5130_S2_wave1/5130_S2_wave1_00009"},{"time":0.6333,"name":"EF/5130_S2_wave1/5130_S2_wave1_00010"},{"time":0.8,"name":null}],"color":[{"time":0.3,"color":"ffffffff","curve":"stepped"},{"time":0.6333,"color":"ffffffff"},{"time":0.7666,"color":"ffffff00"}]},"EF_S2_wave4":{"attachment":[{"time":0.4333,"name":"EF/5130_S2_wave1/5130_S2_wave1_00000"},{"time":0.4666,"name":"EF/5130_S2_wave1/5130_S2_wave1_00001"},{"time":0.5,"name":"EF/5130_S2_wave1/5130_S2_wave1_00002"},{"time":0.5333,"name":"EF/5130_S2_wave1/5130_S2_wave1_00003"},{"time":0.5666,"name":"EF/5130_S2_wave1/5130_S2_wave1_00004"},{"time":0.6,"name":"EF/5130_S2_wave1/5130_S2_wave1_00005"},{"time":0.6333,"name":"EF/5130_S2_wave1/5130_S2_wave1_00006"},{"time":0.6666,"name":"EF/5130_S2_wave1/5130_S2_wave1_00007"},{"time":0.7,"name":"EF/5130_S2_wave1/5130_S2_wave1_00008"},{"time":0.7333,"name":"EF/5130_S2_wave1/5130_S2_wave1_00009"},{"time":0.7666,"name":"EF/5130_S2_wave1/5130_S2_wave1_00010"},{"time":0.9333,"name":null}],"color":[{"time":0.4333,"color":"ffffffff","curve":"stepped"},{"time":0.7666,"color":"ffffffff"},{"time":0.9,"color":"ffffff00"}]}},"bones":{"EF_S2_dash":{"translate":[{"time":0.2666,"x":-149.15,"y":-34.69}],"scale":[{"time":0.2666,"x":1.501,"y":1.501,"curve":"stepped"},{"time":0.6333,"x":1.501,"y":1.501},{"time":0.7,"x":1.557,"y":1.528}]},"EF_S2_slash2":{"translate":[{"time":0.3,"x":-336.04,"y":54.08}],"scale":[{"time":0.3,"x":1.142,"y":1.24}]},"EF_S2_ex2":{"translate":[{"time":0.3,"x":-369.56,"y":0}],"scale":[{"time":0.3,"x":1.76,"y":1.76,"curve":"stepped"},{"time":0.7,"x":1.76,"y":1.76,"curve":"stepped"},{"time":0.8333,"x":1.86,"y":1.86}]},"EF_S2_ex3":{"translate":[{"time":0.4333,"x":-470.44,"y":-32.54}],"scale":[{"time":0.4333,"x":1.76,"y":1.76,"curve":"stepped"},{"time":0.8333,"x":1.76,"y":1.76,"curve":"stepped"},{"time":0.9666,"x":1.86,"y":1.86}]},"EF_S2_wave1_2":{"translate":[{"time":0.3,"x":-374.22,"y":0}],"scale":[{"time":0.3,"x":1.4,"y":1.4,"curve":"stepped"},{"time":0.6333,"x":1.4,"y":1.4},{"time":0.7666,"x":1.447,"y":1.447}]},"EF_S2_wave1_3":{"translate":[{"time":0.4333,"x":-470.52,"y":-32.48}],"scale":[{"time":0.4333,"x":1.4,"y":1.4,"curve":"stepped"},{"time":0.7666,"x":1.4,"y":1.4},{"time":0.9,"x":1.462,"y":1.462}]},"MAIN":{"translate":[{"time":0,"x":216.11,"y":-4.36}]},"DAMAGEAREA":{"translate":[{"time":0.3333,"x":-146.66,"y":62.85}],"scale":[{"time":0.3333,"x":6.47,"y":2.955}]}},"events":[{"time":0,"name":"EFEvent","float":0.05,"string":"kHitStopType-normal"},{"time":0.2666,"name":"Sound1","string":"setHitSound(se_battle_explosion_short)"},{"time":0.3,"name":"Sound1","string":"cri_se_battle_gun_burst"},{"time":0.3333,"name":"Sound1","string":"cri_se_battle_018_sword_hit_02"},{"time":0.4,"name":"hit","string":"resetHitList"},{"time":0.4666,"name":"hit","string":"resetHitList"},{"time":0.5333,"name":"hit","string":"resetHitList"},{"time":0.6,"name":"hit","string":"resetHitList"}]}}}