{"skeleton":{"hash":"Ie3DURdUMmPhbSCagAIERZilCZ0","spine":"3.0.12","width":0,"height":0},"bones":[{"name":"root","scaleX":2,"scaleY":2},{"name":"MAIN","parent":"root"},{"name":"100_S2_fire2_2","parent":"MAIN","x":565.59,"y":146.88},{"name":"100_S2_fire2_1","parent":"MAIN","x":597.78,"y":146.88},{"name":"100_S2_fire1","parent":"MAIN","x":712.38,"y":242.34},{"name":"100_S2_beam1","parent":"MAIN","x":872.09,"y":-36.21},{"name":"100_S1_wave2_1","parent":"MAIN","x":682.12,"y":1.14},{"name":"DAMAGEAREA","parent":"root"}],"slots":[{"name":"100_S1_wave2","bone":"100_S1_wave2_1","blend":"additive"},{"name":"100_S2_beam1","bone":"100_S2_beam1","blend":"additive"},{"name":"100_S2_fire1","bone":"100_S2_fire1","blend":"additive"},{"name":"100_S2_fire2","bone":"100_S2_fire2_1","blend":"additive"},{"name":"100_S2_fire3","bone":"100_S2_fire2_2","blend":"additive"},{"name":"DAMAGEAREA","bone":"DAMAGEAREA"}],"skins":{"default":{"100_S1_wave2":{"100_S1_wave2/100_S1_wave2_00003":{"x":0.95,"y":-1.14,"width":225,"height":225}},"100_S2_beam1":{"100_S2_beam1/100_S2_beam1_00002":{"x":0.28,"y":92.99,"width":225,"height":225},"100_S2_beam1/100_S2_beam1_00004":{"x":0.28,"y":92.99,"width":225,"height":225},"100_S2_beam1/100_S2_beam1_00006":{"x":0.28,"y":92.99,"width":225,"height":225},"100_S2_beam1/100_S2_beam1_00008":{"x":0.28,"y":92.99,"width":225,"height":225},"100_S2_beam1/100_S2_beam1_00010":{"x":0.28,"y":92.99,"width":225,"height":225},"100_S2_beam1/100_S2_beam1_00012":{"x":0.28,"y":92.99,"width":225,"height":225},"100_S2_beam1/100_S2_beam1_00014":{"x":0.28,"y":92.99,"width":225,"height":225},"100_S2_beam1/100_S2_beam1_00016":{"x":0.28,"y":92.99,"width":225,"height":225},"100_S2_beam1/100_S2_beam1_00018":{"x":0.28,"y":92.99,"width":225,"height":225},"100_S2_beam1/100_S2_beam1_00020":{"x":0.28,"y":92.99,"width":225,"height":225},"100_S2_beam1/100_S2_beam1_00022":{"x":0.28,"y":92.99,"width":225,"height":225},"100_S2_beam1/100_S2_beam1_00024":{"x":0.28,"y":92.99,"width":225,"height":225},"100_S2_beam1/100_S2_beam1_00026":{"x":0.28,"y":92.99,"width":225,"height":225},"100_S2_beam1/100_S2_beam1_00028":{"x":0.28,"y":92.99,"width":225,"height":225},"100_S2_beam1/100_S2_beam1_00030":{"x":0.28,"y":92.99,"width":225,"height":225}},"100_S2_fire1":{"100_S2_fire1/100_S2_fire1_00000":{"x":-37.44,"y":21.6,"width":125,"height":125},"100_S2_fire1/100_S2_fire1_00004":{"x":-37.44,"y":21.6,"width":125,"height":125},"100_S2_fire1/100_S2_fire1_00005":{"x":-37.44,"y":21.6,"width":125,"height":125},"100_S2_fire1/100_S2_fire1_00006":{"x":-37.44,"y":21.6,"width":125,"height":125},"100_S2_fire1/100_S2_fire1_00011":{"x":-37.44,"y":21.6,"width":125,"height":125},"100_S2_fire1/100_S2_fire1_00013":{"x":-37.44,"y":21.6,"width":125,"height":125}},"100_S2_fire2":{"100_S2_fire2/100_S2_fire2_00000":{"x":2.32,"y":81.82,"width":225,"height":225},"100_S2_fire2/100_S2_fire2_00002":{"x":2.32,"y":81.82,"width":225,"height":225},"100_S2_fire2/100_S2_fire2_00004":{"x":2.32,"y":81.82,"width":225,"height":225},"100_S2_fire2/100_S2_fire2_00006":{"x":2.32,"y":81.82,"width":225,"height":225},"100_S2_fire2/100_S2_fire2_00008":{"x":2.32,"y":81.82,"width":225,"height":225},"100_S2_fire2/100_S2_fire2_00010":{"x":2.32,"y":81.82,"width":225,"height":225},"100_S2_fire2/100_S2_fire2_00012":{"x":2.32,"y":81.82,"width":225,"height":225},"100_S2_fire2/100_S2_fire2_00014":{"x":2.32,"y":81.82,"width":225,"height":225},"100_S2_fire2/100_S2_fire2_00016":{"x":2.32,"y":81.82,"width":225,"height":225},"100_S2_fire2/100_S2_fire2_00018":{"x":2.32,"y":81.82,"width":225,"height":225},"100_S2_fire2/100_S2_fire2_00020":{"x":2.32,"y":81.82,"width":225,"height":225},"100_S2_fire2/100_S2_fire2_00022":{"x":2.32,"y":81.82,"width":225,"height":225},"100_S2_fire2/100_S2_fire2_00024":{"x":2.32,"y":81.82,"width":225,"height":225}},"100_S2_fire3":{"100_S2_fire2/100_S2_fire2_00000":{"x":2.32,"y":81.82,"width":225,"height":225},"100_S2_fire2/100_S2_fire2_00002":{"x":2.32,"y":81.82,"width":225,"height":225},"100_S2_fire2/100_S2_fire2_00004":{"x":2.32,"y":81.82,"width":225,"height":225},"100_S2_fire2/100_S2_fire2_00006":{"x":2.32,"y":81.82,"width":225,"height":225},"100_S2_fire2/100_S2_fire2_00008":{"x":2.32,"y":81.82,"width":225,"height":225},"100_S2_fire2/100_S2_fire2_00010":{"x":2.32,"y":81.82,"width":225,"height":225},"100_S2_fire2/100_S2_fire2_00012":{"x":2.32,"y":81.82,"width":225,"height":225},"100_S2_fire2/100_S2_fire2_00014":{"x":2.32,"y":81.82,"width":225,"height":225},"100_S2_fire2/100_S2_fire2_00016":{"x":2.32,"y":81.82,"width":225,"height":225},"100_S2_fire2/100_S2_fire2_00018":{"x":2.32,"y":81.82,"width":225,"height":225},"100_S2_fire2/100_S2_fire2_00020":{"x":2.32,"y":81.82,"width":225,"height":225},"100_S2_fire2/100_S2_fire2_00022":{"x":2.32,"y":81.82,"width":225,"height":225},"100_S2_fire2/100_S2_fire2_00024":{"x":2.32,"y":81.82,"width":225,"height":225}},"DAMAGEAREA":{"DAMAGEAREA":{"type":"boundingbox","vertices":[-32.49305,-32.88771,31.96593,-31.9922,32.40742,32.23976,-32.26604,31.98776]}}}},"events":{"Event":{},"Hit":{},"Sound":{},"Sound_2":{},"Sound_4":{}},"animations":{"attack1":{"slots":{"100_S1_wave2":{"attachment":[{"time":0.1,"name":null}]},"100_S2_beam1":{"attachment":[{"time":0.1,"name":"100_S2_beam1/100_S2_beam1_00002"},{"time":0.1666,"name":"100_S2_beam1/100_S2_beam1_00004"},{"time":0.2333,"name":"100_S2_beam1/100_S2_beam1_00006"},{"time":0.3,"name":"100_S2_beam1/100_S2_beam1_00008"},{"time":0.3666,"name":"100_S2_beam1/100_S2_beam1_00010"},{"time":0.4666,"name":"100_S2_beam1/100_S2_beam1_00024"},{"time":0.7,"name":"100_S2_beam1/100_S2_beam1_00026"},{"time":1.0666,"name":null}]},"100_S2_fire1":{"attachment":[{"time":0.7,"name":"100_S2_fire1/100_S2_fire1_00000"},{"time":0.7333,"name":"100_S2_fire1/100_S2_fire1_00004"},{"time":0.7666,"name":"100_S2_fire1/100_S2_fire1_00005"},{"time":0.8,"name":"100_S2_fire1/100_S2_fire1_00006"},{"time":0.8333,"name":"100_S2_fire1/100_S2_fire1_00004"},{"time":0.8666,"name":"100_S2_fire1/100_S2_fire1_00005"},{"time":0.9,"name":"100_S2_fire1/100_S2_fire1_00006"},{"time":0.9333,"name":"100_S2_fire1/100_S2_fire1_00004"},{"time":0.9666,"name":"100_S2_fire1/100_S2_fire1_00005"},{"time":1,"name":"100_S2_fire1/100_S2_fire1_00006"},{"time":1.0333,"name":"100_S2_fire1/100_S2_fire1_00004"},{"time":1.0666,"name":"100_S2_fire1/100_S2_fire1_00006"},{"time":1.1,"name":null}],"color":[{"time":1.0666,"color":"ffffffff"},{"time":1.1,"color":"ffffff00"}]},"100_S2_fire2":{"attachment":[{"time":0.1,"name":"100_S2_fire2/100_S2_fire2_00000"},{"time":0.1333,"name":"100_S2_fire2/100_S2_fire2_00008"},{"time":0.1666,"name":"100_S2_fire2/100_S2_fire2_00016"},{"time":0.2,"name":"100_S2_fire2/100_S2_fire2_00022"},{"time":0.2333,"name":null}]},"100_S2_fire3":{"attachment":[{"time":0.2333,"name":"100_S2_fire2/100_S2_fire2_00000"},{"time":0.2666,"name":"100_S2_fire2/100_S2_fire2_00008"},{"time":0.3,"name":"100_S2_fire2/100_S2_fire2_00014"},{"time":0.3333,"name":"100_S2_fire2/100_S2_fire2_00022"},{"time":0.3666,"name":null}]},"DAMAGEAREA":{"attachment":[{"time":0.7,"name":"DAMAGEAREA"},{"time":1.0333,"name":null}]}},"bones":{"100_S2_beam1":{"rotate":[{"time":0.4333,"angle":0},{"time":0.4666,"angle":-123.67},{"time":0.6,"angle":-127.59,"curve":[0.405,0.03,0.781,0.02]},{"time":0.6666,"angle":-49.91,"curve":[0.566,0.2,0.927,0.52]},{"time":0.7,"angle":89.85}],"translate":[{"time":0.1,"x":-871.5,"y":87.64,"curve":"stepped"},{"time":0.4666,"x":-861.32,"y":95.04,"curve":"stepped"},{"time":0.7,"x":-877.25,"y":40.87}],"scale":[{"time":0.1,"x":0.8,"y":2.1,"curve":"stepped"},{"time":0.1333,"x":1.8,"y":2.1,"curve":"stepped"},{"time":0.1666,"x":1.8,"y":2.1,"curve":"stepped"},{"time":0.2,"x":1.72,"y":2.1,"curve":"stepped"},{"time":0.2333,"x":1.8,"y":2.1,"curve":"stepped"},{"time":0.2666,"x":1.72,"y":2.1,"curve":"stepped"},{"time":0.3,"x":1.8,"y":2.1,"curve":"stepped"},{"time":0.3333,"x":1.72,"y":2.1,"curve":"stepped"},{"time":0.3666,"x":1.8,"y":2.1,"curve":"stepped"},{"time":0.4,"x":1.72,"y":2.1,"curve":"stepped"},{"time":0.4333,"x":1.72,"y":2.1,"curve":"stepped"},{"time":0.4666,"x":1.8,"y":2.2,"curve":"stepped"},{"time":0.5333,"x":1.72,"y":2.2,"curve":"stepped"},{"time":0.7,"x":2.2,"y":2.2,"curve":"stepped"},{"time":1.0333,"x":2.2,"y":2.2},{"time":1.0666,"x":0.8,"y":2.2}]},"100_S2_fire2_1":{"translate":[{"time":0.1,"x":-594.15,"y":-96.12}],"scale":[{"time":0.1,"x":1.75,"y":1.75}]},"100_S2_fire1":{"translate":[{"time":0.7,"x":-742.72,"y":-230.36,"curve":"stepped"},{"time":0.7333,"x":-762.74,"y":-230.36}],"scale":[{"time":0.7,"x":2,"y":2}]},"100_S2_fire2_2":{"translate":[{"time":0,"x":-564.13,"y":-99.25,"curve":"stepped"},{"time":0.2333,"x":-564.13,"y":-99.25}],"scale":[{"time":0,"x":1.75,"y":1.75,"curve":"stepped"},{"time":0.2333,"x":1.75,"y":1.75}]},"DAMAGEAREA":{"translate":[{"time":0.7,"x":-239.54,"y":0}],"scale":[{"time":0.7,"x":6.733,"y":1}]}},"events":[{"time":0,"name":"Event","float":0.2,"string":"kHitStopType_normal"},{"time":0.1,"name":"Event","string":"shakeGround"},{"time":0.1,"name":"Sound","string":"cri_se_battle_033_explosion_element_01"},{"time":0.6,"name":"Sound","string":"cri_se_battle_skill_swish"},{"time":0.7,"name":"Event","string":"shakeGround"},{"time":0.7,"name":"Sound","string":"cri_se_battle_031_explosion_03"},{"time":0.7,"name":"Sound_2","string":"setHitSound(se_battle_explosion_short)"},{"time":0.7666,"name":"Event","float":0.2,"string":"kHitStopType_enemyonly"},{"time":0.7666,"name":"Hit","string":"resetHitList"},{"time":0.8333,"name":"Hit","string":"resetHitList"},{"time":0.9,"name":"Hit","string":"resetHitList"},{"time":0.9666,"name":"Hit","string":"resetHitList"}]}}}