{
"skeleton": { "hash": "IDNugJlLKwFRnX0h50Brqq80+0w", "spine": "3.0.12", "width": 0, "height": 0 },
"bones": [
	{ "name": "root" },
	{ "name": "EF_MAIN", "parent": "root" },
	{ "name": "EF_smashwave1_1", "parent": "EF_MAIN", "x": 250, "y": 50 },
	{ "name": "EF_smash1_1", "parent": "EF_MAIN", "x": 200, "y": 100 },
	{ "name": "EF_slashwind1_2", "parent": "EF_MAIN", "x": 450, "y": 150 },
	{ "name": "EF_slashline1_1", "parent": "EF_MAIN", "x": 450, "y": 100 },
	{ "name": "EF_slash1_1", "parent": "EF_MAIN", "x": 350, "y": 100 },
	{ "name": "EF_of1_1", "parent": "EF_MAIN", "x": 400, "y": 150 },
	{ "name": "EF_fire1_5", "parent": "EF_MAIN", "x": 300, "y": 150 },
	{ "name": "EF_fire1_4", "parent": "EF_MAIN", "x": 300, "y": 150 },
	{ "name": "EF_fire1_3", "parent": "EF_MAIN", "x": 300, "y": 150 },
	{ "name": "EF_fire1_2", "parent": "EF_MAIN", "x": 300, "y": 150 },
	{ "name": "EF_fire1_1", "parent": "EF_MAIN", "x": 300, "y": 150 },
	{ "name": "DAMAGEAREA", "parent": "root" }
],
"slots": [
	{ "name": "EF_slash2_1", "bone": "EF_slash1_1", "blend": "additive" },
	{ "name": "EF_slash1_1", "bone": "EF_slash1_1", "color": "000000ff" },
	{ "name": "EF_fire1_1", "bone": "EF_fire1_1", "blend": "additive" },
	{ "name": "EF_fire1_2", "bone": "EF_fire1_2", "blend": "additive" },
	{ "name": "EF_fire1_3", "bone": "EF_fire1_3", "blend": "additive" },
	{ "name": "EF_fire1_4", "bone": "EF_fire1_4", "blend": "additive" },
	{ "name": "EF_fire1_5", "bone": "EF_fire1_5", "blend": "additive" },
	{ "name": "EF_slashwind1_2", "bone": "EF_slashwind1_2", "blend": "additive" },
	{ "name": "EF_slashline1_1", "bone": "EF_slashline1_1", "blend": "additive" },
	{ "name": "DAMAGEAREA", "bone": "DAMAGEAREA" },
	{ "name": "EF_smash1_1", "bone": "EF_smash1_1", "blend": "additive" },
	{ "name": "EF_smashwave1_1", "bone": "EF_smashwave1_1", "blend": "additive" },
	{ "name": "EF_of1_1", "bone": "EF_of1_1", "blend": "additive" }
],
"skins": {
	"default": {
		"DAMAGEAREA": {
			"DAMAGEAREA": {
				"type": "boundingbox",
				"vertices": [ -31.83805, -31.6903, 31.87481, -31.6903, 31.87481, 32.02256, -32.00706, 32.02256 ]
			}
		},
		"EF_fire1_1": {
			"EF/ef_wepon_fire_main/ef_wepon_fire_main_00001": { "x": 79.11, "y": -17.92, "width": 240, "height": 160 },
			"EF/ef_wepon_fire_main/ef_wepon_fire_main_00004": { "x": 79.11, "y": -17.92, "width": 240, "height": 160 },
			"EF/ef_wepon_fire_main/ef_wepon_fire_main_00006": { "x": 79.11, "y": -17.92, "width": 240, "height": 160 },
			"EF/ef_wepon_fire_main/ef_wepon_fire_main_00007": { "x": 79.11, "y": -17.92, "width": 240, "height": 160 },
			"EF/ef_wepon_fire_main/ef_wepon_fire_main_00008": { "x": 79.11, "y": -17.92, "width": 240, "height": 160 },
			"EF/ef_wepon_fire_main/ef_wepon_fire_main_00009": { "x": 79.11, "y": -17.92, "width": 240, "height": 160 },
			"EF/ef_wepon_fire_main/ef_wepon_fire_main_00010": { "x": 79.11, "y": -17.92, "width": 240, "height": 160 },
			"EF/ef_wepon_fire_main/ef_wepon_fire_main_00011": { "x": 79.11, "y": -17.92, "width": 240, "height": 160 },
			"EF/ef_wepon_fire_main/ef_wepon_fire_main_00012": { "x": 79.11, "y": -17.92, "width": 240, "height": 160 },
			"EF/ef_wepon_fire_main/ef_wepon_fire_main_00013": { "x": 79.11, "y": -17.92, "width": 240, "height": 160 }
		},
		"EF_fire1_2": {
			"EF/ef_wepon_fire_main/ef_wepon_fire_main_00001": { "x": 79.11, "y": -17.92, "width": 240, "height": 160 },
			"EF/ef_wepon_fire_main/ef_wepon_fire_main_00004": { "x": 79.11, "y": -17.92, "width": 240, "height": 160 },
			"EF/ef_wepon_fire_main/ef_wepon_fire_main_00006": { "x": 79.11, "y": -17.92, "width": 240, "height": 160 },
			"EF/ef_wepon_fire_main/ef_wepon_fire_main_00007": { "x": 79.11, "y": -17.92, "width": 240, "height": 160 },
			"EF/ef_wepon_fire_main/ef_wepon_fire_main_00008": { "x": 79.11, "y": -17.92, "width": 240, "height": 160 },
			"EF/ef_wepon_fire_main/ef_wepon_fire_main_00009": { "x": 79.11, "y": -17.92, "width": 240, "height": 160 },
			"EF/ef_wepon_fire_main/ef_wepon_fire_main_00010": { "x": 79.11, "y": -17.92, "width": 240, "height": 160 },
			"EF/ef_wepon_fire_main/ef_wepon_fire_main_00011": { "x": 79.11, "y": -17.92, "width": 240, "height": 160 },
			"EF/ef_wepon_fire_main/ef_wepon_fire_main_00012": { "x": 79.11, "y": -17.92, "width": 240, "height": 160 },
			"EF/ef_wepon_fire_main/ef_wepon_fire_main_00013": { "x": 79.11, "y": -17.92, "width": 240, "height": 160 }
		},
		"EF_fire1_3": {
			"EF/ef_wepon_fire_main/ef_wepon_fire_main_00001": { "x": 79.11, "y": -17.92, "width": 240, "height": 160 },
			"EF/ef_wepon_fire_main/ef_wepon_fire_main_00004": { "x": 79.11, "y": -17.92, "width": 240, "height": 160 },
			"EF/ef_wepon_fire_main/ef_wepon_fire_main_00006": { "x": 79.11, "y": -17.92, "width": 240, "height": 160 },
			"EF/ef_wepon_fire_main/ef_wepon_fire_main_00007": { "x": 79.11, "y": -17.92, "width": 240, "height": 160 },
			"EF/ef_wepon_fire_main/ef_wepon_fire_main_00008": { "x": 79.11, "y": -17.92, "width": 240, "height": 160 },
			"EF/ef_wepon_fire_main/ef_wepon_fire_main_00009": { "x": 79.11, "y": -17.92, "width": 240, "height": 160 },
			"EF/ef_wepon_fire_main/ef_wepon_fire_main_00010": { "x": 79.11, "y": -17.92, "width": 240, "height": 160 },
			"EF/ef_wepon_fire_main/ef_wepon_fire_main_00011": { "x": 79.11, "y": -17.92, "width": 240, "height": 160 },
			"EF/ef_wepon_fire_main/ef_wepon_fire_main_00012": { "x": 79.11, "y": -17.92, "width": 240, "height": 160 },
			"EF/ef_wepon_fire_main/ef_wepon_fire_main_00013": { "x": 79.11, "y": -17.92, "width": 240, "height": 160 }
		},
		"EF_fire1_4": {
			"EF/ef_wepon_fire_main/ef_wepon_fire_main_00001": { "x": 79.11, "y": -17.92, "width": 240, "height": 160 },
			"EF/ef_wepon_fire_main/ef_wepon_fire_main_00004": { "x": 79.11, "y": -17.92, "width": 240, "height": 160 },
			"EF/ef_wepon_fire_main/ef_wepon_fire_main_00006": { "x": 79.11, "y": -17.92, "width": 240, "height": 160 },
			"EF/ef_wepon_fire_main/ef_wepon_fire_main_00007": { "x": 79.11, "y": -17.92, "width": 240, "height": 160 },
			"EF/ef_wepon_fire_main/ef_wepon_fire_main_00008": { "x": 79.11, "y": -17.92, "width": 240, "height": 160 },
			"EF/ef_wepon_fire_main/ef_wepon_fire_main_00009": { "x": 79.11, "y": -17.92, "width": 240, "height": 160 },
			"EF/ef_wepon_fire_main/ef_wepon_fire_main_00010": { "x": 79.11, "y": -17.92, "width": 240, "height": 160 },
			"EF/ef_wepon_fire_main/ef_wepon_fire_main_00011": { "x": 79.11, "y": -17.92, "width": 240, "height": 160 },
			"EF/ef_wepon_fire_main/ef_wepon_fire_main_00012": { "x": 79.11, "y": -17.92, "width": 240, "height": 160 },
			"EF/ef_wepon_fire_main/ef_wepon_fire_main_00013": { "x": 79.11, "y": -17.92, "width": 240, "height": 160 }
		},
		"EF_fire1_5": {
			"EF/ef_wepon_fire_main/ef_wepon_fire_main_00001": { "x": 79.11, "y": -17.92, "width": 240, "height": 160 },
			"EF/ef_wepon_fire_main/ef_wepon_fire_main_00004": { "x": 79.11, "y": -17.92, "width": 240, "height": 160 },
			"EF/ef_wepon_fire_main/ef_wepon_fire_main_00006": { "x": 79.11, "y": -17.92, "width": 240, "height": 160 },
			"EF/ef_wepon_fire_main/ef_wepon_fire_main_00007": { "x": 79.11, "y": -17.92, "width": 240, "height": 160 },
			"EF/ef_wepon_fire_main/ef_wepon_fire_main_00008": { "x": 79.11, "y": -17.92, "width": 240, "height": 160 },
			"EF/ef_wepon_fire_main/ef_wepon_fire_main_00009": { "x": 79.11, "y": -17.92, "width": 240, "height": 160 },
			"EF/ef_wepon_fire_main/ef_wepon_fire_main_00010": { "x": 79.11, "y": -17.92, "width": 240, "height": 160 },
			"EF/ef_wepon_fire_main/ef_wepon_fire_main_00011": { "x": 79.11, "y": -17.92, "width": 240, "height": 160 },
			"EF/ef_wepon_fire_main/ef_wepon_fire_main_00012": { "x": 79.11, "y": -17.92, "width": 240, "height": 160 },
			"EF/ef_wepon_fire_main/ef_wepon_fire_main_00013": { "x": 79.11, "y": -17.92, "width": 240, "height": 160 }
		},
		"EF_of1_1": {
			"EF/ef_OF_mian/ef_OF_mian_00001": { "width": 280, "height": 175 },
			"EF/ef_OF_mian/ef_OF_mian_00002": { "width": 280, "height": 175 },
			"EF/ef_OF_mian/ef_OF_mian_00003": { "width": 280, "height": 175 },
			"EF/ef_OF_mian/ef_OF_mian_00005": { "width": 280, "height": 175 }
		},
		"EF_slash1_1": {
			"EF/ef_slash_text_main/ef_slash_text_main_00001": { "width": 240, "height": 160 },
			"EF/ef_slash_text_main/ef_slash_text_main_00002": { "width": 240, "height": 160 },
			"EF/ef_slash_text_main/ef_slash_text_main_00003": { "width": 240, "height": 160 },
			"EF/ef_slash_text_main/ef_slash_text_main_00005": { "width": 240, "height": 160 },
			"EF/ef_slash_text_main/ef_slash_text_main_00007": { "width": 240, "height": 160 }
		},
		"EF_slash2_1": {
			"EF/ef_slash_wave_main/ef_slash_wave_main_00001": { "width": 240, "height": 160 },
			"EF/ef_slash_wave_main/ef_slash_wave_main_00002": { "width": 240, "height": 160 },
			"EF/ef_slash_wave_main/ef_slash_wave_main_00003": { "width": 240, "height": 160 },
			"EF/ef_slash_wave_main/ef_slash_wave_main_00004": { "width": 240, "height": 160 },
			"EF/ef_slash_wave_main/ef_slash_wave_main_00005": { "width": 240, "height": 160 },
			"EF/ef_slash_wave_main/ef_slash_wave_main_00006": { "width": 240, "height": 160 },
			"EF/ef_slash_wave_main/ef_slash_wave_main_00007": { "width": 240, "height": 160 }
		},
		"EF_slashline1_1": {
			"EF/ef_slash_line_mian_00005": { "width": 200, "height": 420 }
		},
		"EF_smash1_1": {
			"EF/ef_smash_sprash_main/ef_smash_sprash_main_00001": { "x": 49.9, "width": 160, "height": 160 },
			"EF/ef_smash_sprash_main/ef_smash_sprash_main_00002": { "x": 49.9, "width": 160, "height": 160 },
			"EF/ef_smash_sprash_main/ef_smash_sprash_main_00003": { "x": 49.9, "width": 160, "height": 160 },
			"EF/ef_smash_sprash_main/ef_smash_sprash_main_00004": { "x": 49.9, "width": 160, "height": 160 }
		},
		"EF_smashwave1_1": {
			"EF/ef_smash_wave_main/ef_smash_wave_main_00001": { "width": 120, "height": 200 },
			"EF/ef_smash_wave_main/ef_smash_wave_main_00002": { "width": 120, "height": 200 },
			"EF/ef_smash_wave_main/ef_smash_wave_main_00003": { "width": 120, "height": 200 },
			"EF/ef_smash_wave_main/ef_smash_wave_main_00004": { "width": 120, "height": 200 },
			"EF/ef_smash_wave_main/ef_smash_wave_main_00005": { "width": 120, "height": 200 }
		}
	}
},
"events": {
	"Event": {},
	"Event1": {},
	"Event2": {},
	"Hit": { "string": "resetHitList" },
	"Sound1": {},
	"Sound2": {},
	"Sound3": {},
	"Voice": {}
},
"animations": {
	"attack1": {
		"slots": {
			"DAMAGEAREA": {
				"attachment": [
					{ "time": 0.3333, "name": "DAMAGEAREA" },
					{ "time": 0.4, "name": null }
				]
			},
			"EF_fire1_1": {
				"attachment": [
					{ "time": 0.2333, "name": "EF/ef_wepon_fire_main/ef_wepon_fire_main_00001" },
					{ "time": 0.2666, "name": "EF/ef_wepon_fire_main/ef_wepon_fire_main_00004" },
					{ "time": 0.3, "name": "EF/ef_wepon_fire_main/ef_wepon_fire_main_00006" },
					{ "time": 0.3333, "name": "EF/ef_wepon_fire_main/ef_wepon_fire_main_00007" },
					{ "time": 0.3666, "name": "EF/ef_wepon_fire_main/ef_wepon_fire_main_00008" },
					{ "time": 0.4, "name": "EF/ef_wepon_fire_main/ef_wepon_fire_main_00009" },
					{ "time": 0.4333, "name": "EF/ef_wepon_fire_main/ef_wepon_fire_main_00010" },
					{ "time": 0.4666, "name": "EF/ef_wepon_fire_main/ef_wepon_fire_main_00011" },
					{ "time": 0.5, "name": "EF/ef_wepon_fire_main/ef_wepon_fire_main_00012" },
					{ "time": 0.5333, "name": "EF/ef_wepon_fire_main/ef_wepon_fire_main_00013" },
					{ "time": 0.5666, "name": null }
				]
			},
			"EF_fire1_2": {
				"attachment": [
					{ "time": 0.2666, "name": "EF/ef_wepon_fire_main/ef_wepon_fire_main_00007" },
					{ "time": 0.3, "name": "EF/ef_wepon_fire_main/ef_wepon_fire_main_00008" },
					{ "time": 0.3333, "name": "EF/ef_wepon_fire_main/ef_wepon_fire_main_00009" },
					{ "time": 0.3666, "name": "EF/ef_wepon_fire_main/ef_wepon_fire_main_00010" },
					{ "time": 0.4, "name": "EF/ef_wepon_fire_main/ef_wepon_fire_main_00011" },
					{ "time": 0.4333, "name": "EF/ef_wepon_fire_main/ef_wepon_fire_main_00012" },
					{ "time": 0.4666, "name": "EF/ef_wepon_fire_main/ef_wepon_fire_main_00013" },
					{ "time": 0.5, "name": null }
				]
			},
			"EF_fire1_3": {
				"attachment": [
					{ "time": 0.3333, "name": "EF/ef_wepon_fire_main/ef_wepon_fire_main_00006" },
					{ "time": 0.3666, "name": "EF/ef_wepon_fire_main/ef_wepon_fire_main_00007" },
					{ "time": 0.4, "name": "EF/ef_wepon_fire_main/ef_wepon_fire_main_00008" },
					{ "time": 0.4333, "name": "EF/ef_wepon_fire_main/ef_wepon_fire_main_00009" },
					{ "time": 0.4666, "name": "EF/ef_wepon_fire_main/ef_wepon_fire_main_00010" },
					{ "time": 0.5, "name": "EF/ef_wepon_fire_main/ef_wepon_fire_main_00011" },
					{ "time": 0.5333, "name": "EF/ef_wepon_fire_main/ef_wepon_fire_main_00012" },
					{ "time": 0.5666, "name": "EF/ef_wepon_fire_main/ef_wepon_fire_main_00013" },
					{ "time": 0.6, "name": null }
				]
			},
			"EF_fire1_4": {
				"attachment": [
					{ "time": 0.3333, "name": "EF/ef_wepon_fire_main/ef_wepon_fire_main_00001" },
					{ "time": 0.3666, "name": "EF/ef_wepon_fire_main/ef_wepon_fire_main_00004" },
					{ "time": 0.4, "name": "EF/ef_wepon_fire_main/ef_wepon_fire_main_00007" },
					{ "time": 0.4333, "name": "EF/ef_wepon_fire_main/ef_wepon_fire_main_00008" },
					{ "time": 0.4666, "name": "EF/ef_wepon_fire_main/ef_wepon_fire_main_00009" },
					{ "time": 0.5, "name": "EF/ef_wepon_fire_main/ef_wepon_fire_main_00010" },
					{ "time": 0.5333, "name": "EF/ef_wepon_fire_main/ef_wepon_fire_main_00011" },
					{ "time": 0.5666, "name": "EF/ef_wepon_fire_main/ef_wepon_fire_main_00012" },
					{ "time": 0.6, "name": "EF/ef_wepon_fire_main/ef_wepon_fire_main_00013" },
					{ "time": 0.6333, "name": null }
				]
			},
			"EF_fire1_5": {
				"attachment": [
					{ "time": 0.3666, "name": "EF/ef_wepon_fire_main/ef_wepon_fire_main_00007" },
					{ "time": 0.4, "name": "EF/ef_wepon_fire_main/ef_wepon_fire_main_00008" },
					{ "time": 0.4333, "name": "EF/ef_wepon_fire_main/ef_wepon_fire_main_00009" },
					{ "time": 0.4666, "name": "EF/ef_wepon_fire_main/ef_wepon_fire_main_00010" },
					{ "time": 0.5, "name": "EF/ef_wepon_fire_main/ef_wepon_fire_main_00011" },
					{ "time": 0.5333, "name": "EF/ef_wepon_fire_main/ef_wepon_fire_main_00012" },
					{ "time": 0.5666, "name": "EF/ef_wepon_fire_main/ef_wepon_fire_main_00013" },
					{ "time": 0.6, "name": null }
				]
			},
			"EF_of1_1": {
				"attachment": [
					{ "time": 0.2333, "name": "EF/ef_OF_mian/ef_OF_mian_00001" },
					{ "time": 0.3333, "name": "EF/ef_OF_mian/ef_OF_mian_00002" },
					{ "time": 0.3666, "name": "EF/ef_OF_mian/ef_OF_mian_00003" },
					{ "time": 0.4, "name": "EF/ef_OF_mian/ef_OF_mian_00005" },
					{ "time": 0.4333, "name": null }
				]
			},
			"EF_slash1_1": {
				"attachment": [
					{ "time": 0.3, "name": "EF/ef_slash_text_main/ef_slash_text_main_00001" },
					{ "time": 0.3333, "name": "EF/ef_slash_text_main/ef_slash_text_main_00002" },
					{ "time": 0.3666, "name": "EF/ef_slash_text_main/ef_slash_text_main_00003" },
					{ "time": 0.4, "name": "EF/ef_slash_text_main/ef_slash_text_main_00005" },
					{ "time": 0.4333, "name": "EF/ef_slash_text_main/ef_slash_text_main_00007" },
					{ "time": 0.4666, "name": null }
				]
			},
			"EF_slash2_1": {
				"attachment": [
					{ "time": 0.2333, "name": "EF/ef_slash_wave_main/ef_slash_wave_main_00001" },
					{ "time": 0.2666, "name": "EF/ef_slash_wave_main/ef_slash_wave_main_00002" },
					{ "time": 0.3, "name": "EF/ef_slash_wave_main/ef_slash_wave_main_00003" },
					{ "time": 0.3333, "name": "EF/ef_slash_wave_main/ef_slash_wave_main_00004" },
					{ "time": 0.3666, "name": "EF/ef_slash_wave_main/ef_slash_wave_main_00005" },
					{ "time": 0.4, "name": "EF/ef_slash_wave_main/ef_slash_wave_main_00006" },
					{ "time": 0.4333, "name": "EF/ef_slash_wave_main/ef_slash_wave_main_00007" },
					{ "time": 0.4666, "name": null }
				],
				"color": [
					{ "time": 0.3666, "color": "ffffffff" },
					{ "time": 0.4666, "color": "ffffff00" }
				]
			},
			"EF_slashline1_1": {
				"attachment": [
					{ "time": 0.3333, "name": "EF/ef_slash_line_mian_00005" },
					{ "time": 0.6666, "name": null }
				]
			},
			"EF_smash1_1": {
				"attachment": [
					{ "time": 0.2333, "name": "EF/ef_smash_sprash_main/ef_smash_sprash_main_00001" },
					{ "time": 0.2666, "name": "EF/ef_smash_sprash_main/ef_smash_sprash_main_00002" },
					{ "time": 0.3, "name": "EF/ef_smash_sprash_main/ef_smash_sprash_main_00003" },
					{ "time": 0.3333, "name": "EF/ef_smash_sprash_main/ef_smash_sprash_main_00004" },
					{ "time": 0.3666, "name": null }
				]
			},
			"EF_smashwave1_1": {
				"attachment": [
					{ "time": 0.2333, "name": "EF/ef_smash_wave_main/ef_smash_wave_main_00001" },
					{ "time": 0.2666, "name": "EF/ef_smash_wave_main/ef_smash_wave_main_00002" },
					{ "time": 0.3, "name": "EF/ef_smash_wave_main/ef_smash_wave_main_00003" },
					{ "time": 0.3333, "name": "EF/ef_smash_wave_main/ef_smash_wave_main_00004" },
					{ "time": 0.3666, "name": "EF/ef_smash_wave_main/ef_smash_wave_main_00005" },
					{ "time": 0.4, "name": null }
				]
			}
		},
		"bones": {
			"DAMAGEAREA": {
				"translate": [
					{ "time": 0.3333, "x": -479.03, "y": 93.14 }
				],
				"scale": [
					{ "time": 0.3333, "x": 15.347, "y": 5.356 }
				]
			},
			"EF_fire1_1": {
				"rotate": [
					{ "time": 0.2333, "angle": 22.31 }
				],
				"translate": [
					{ "time": 0.2333, "x": -615.09, "y": -6.86 }
				],
				"scale": [
					{ "time": 0.2333, "x": 2, "y": 2 }
				]
			},
			"EF_fire1_2": {
				"rotate": [
					{ "time": 0.2666, "angle": 22.31 }
				],
				"translate": [
					{ "time": 0.2666, "x": -764.76, "y": -24.71 }
				],
				"scale": [
					{ "time": 0.2666, "x": 2, "y": 2 }
				]
			},
			"EF_fire1_3": {
				"rotate": [
					{ "time": 0.3333, "angle": 27.89 }
				],
				"translate": [
					{ "time": 0.3333, "x": -926.77, "y": -75.51 }
				],
				"scale": [
					{ "time": 0.3333, "x": 2, "y": 2 }
				]
			},
			"EF_fire1_4": {
				"rotate": [
					{ "time": 0.3333, "angle": 9 }
				],
				"translate": [
					{ "time": 0.3333, "x": -832.03, "y": -76.87 }
				],
				"scale": [
					{ "time": 0.3333, "x": 2, "y": -2 }
				]
			},
			"EF_fire1_5": {
				"rotate": [
					{ "time": 0.3666, "angle": 18.37 }
				],
				"translate": [
					{ "time": 0.3666, "x": -1208.23, "y": -145.53 }
				],
				"scale": [
					{ "time": 0.3666, "x": 2, "y": 2 }
				]
			},
			"EF_of1_1": {
				"rotate": [
					{ "time": 0.2333, "angle": 16.18 },
					{ "time": 0.3333, "angle": 18 }
				],
				"translate": [
					{ "time": 0.2333, "x": -709.73, "y": -10.1 },
					{ "time": 0.3333, "x": -878.13, "y": -50.97 }
				],
				"scale": [
					{ "time": 0.2333, "x": 2, "y": 2 },
					{ "time": 0.2666, "x": 4.595, "y": 4.595 },
					{ "time": 0.3333, "x": 8, "y": 8 }
				]
			},
			"EF_slash1_1": {
				"rotate": [
					{ "time": 0.2333, "angle": 14.54 }
				],
				"translate": [
					{
						"time": 0.2333,
						"x": -528.59,
						"y": 68.64,
						"curve": [ 0.25, 0, 0.669, 0.4 ]
					},
					{ "time": 0.4333, "x": -1334.54, "y": -140.63 }
				],
				"scale": [
					{ "time": 0.2333, "x": 2, "y": 2 },
					{ "time": 0.4333, "x": 3, "y": 3 }
				]
			},
			"EF_slashline1_1": {
				"rotate": [
					{ "time": 0.3333, "angle": -71.79 }
				],
				"translate": [
					{ "time": 0.3333, "x": -928.19, "y": -1.7 }
				],
				"scale": [
					{ "time": 0.3333, "x": 5.334, "y": 14.041 },
					{ "time": 0.4, "x": 0.063, "y": 14.041 },
					{ "time": 0.6666, "x": 0.014, "y": 3.546 }
				]
			},
			"EF_smash1_1": {
				"rotate": [
					{ "time": 0.2333, "angle": 15.92 }
				],
				"translate": [
					{ "time": 0.2333, "x": -372.12, "y": 69.18 }
				],
				"scale": [
					{ "time": 0.2333, "x": 2, "y": 2 }
				]
			},
			"EF_smashwave1_1": {
				"rotate": [
					{ "time": 0.2333, "angle": 14.96 }
				],
				"translate": [
					{ "time": 0.2333, "x": -356.98, "y": 135.14 }
				],
				"scale": [
					{ "time": 0.2333, "x": 2.5, "y": 2.5 }
				]
			},
			"EF_slashwind1_2": {
				"scale": [
					{ "time": 0, "x": 1, "y": 0.956 }
				]
			},
			"root": {
				"translate": [
					{ "time": 0, "x": 81.97, "y": -43.22 }
				]
			}
		},
		"events": [
			{ "time": 0.1666, "name": "Sound1", "string": "cri_se_battle_040_weapon_swing" },
			{ "time": 0.2, "name": "Event1", "string": "setHitEffect(hit03a, 0)" },
			{ "time": 0.2333, "name": "Event1", "float": 0.12, "string": "kHitStopType_normal" },
			{ "time": 0.2333, "name": "Sound1", "string": "cri_se_battle_gun_burst" },
			{ "time": 0.2333, "name": "Sound2", "string": "cri_se_battle_skill_swish" },
			{ "time": 0.2333, "name": "Sound3", "string": "cri_se_battle_arrow_light_effect" },
			{ "time": 0.3333, "name": "Event1", "string": "shakeGround" },
			{ "time": 0.5666, "name": "Sound1", "string": "cri_se_battle_landing" }
		]
	}
}
}