{"skeleton":{"hash":"lGpiFrqW3Xc8yXyroaOe8v7Ip0c","spine":"3.0.12","width":0,"height":0,"images":"./images/EF/"},"bones":[{"name":"root"},{"name":"MAIN","parent":"root"},{"name":"S2_windB","parent":"MAIN","x":1327.58,"y":-46.99,"scaleX":3.999,"scaleY":3.999,"color":"1fff00ff"},{"name":"S2_windA","parent":"MAIN","x":1166.42,"y":-48.19,"scaleX":5,"scaleY":5,"color":"1fff00ff"},{"name":"S2_line5","parent":"MAIN","x":657.16,"y":-205.76,"scaleX":2.5,"scaleY":2.5,"color":"17ff00ff"},{"name":"S2_line4","parent":"MAIN","x":657.16,"y":-165.33,"scaleX":2.5,"scaleY":2.5,"color":"17ff00ff"},{"name":"S2_line3","parent":"MAIN","x":657.16,"y":-127.22,"scaleX":2.5,"scaleY":2.5,"color":"17ff00ff"},{"name":"S2_line2","parent":"MAIN","x":657.16,"y":-85.64,"scaleX":2.5,"scaleY":2.5,"color":"17ff00ff"},{"name":"S2_line1","parent":"MAIN","x":657.16,"y":-47.52,"scaleX":2.5,"scaleY":2.5,"color":"17ff00ff"},{"name":"S2_ene2","parent":"MAIN","x":471.68,"y":-93.59,"scaleX":5.001,"scaleY":5.001,"color":"17ff00ff"},{"name":"S2_ene","parent":"MAIN","x":471.68,"y":-48.8,"scaleX":5.001,"scaleY":5.001,"color":"17ff00ff"},{"name":"S1,2_attackB2","parent":"MAIN","x":289.45,"y":483.91,"scaleX":2,"scaleY":2,"color":"00fff8ff"},{"name":"S1,2_attackB1","parent":"MAIN","x":289.45,"y":548.3,"scaleX":2,"scaleY":2,"color":"00fff8ff"},{"name":"S1,2_attackA1","parent":"MAIN","x":465.41,"y":550.45,"scaleX":2.3,"scaleY":2.3,"color":"00ffffff"},{"name":"DAMAGEAREA","parent":"root"}],"slots":[{"name":"5110_S2_attack1/5110_S2_attack1_00001","bone":"S1,2_attackA1","blend":"additive"},{"name":"5110_S2_attack2/5110_S2_attack2_00003","bone":"S1,2_attackB1","blend":"additive"},{"name":"5110_S2_attack2/5110_S2_attack2_3","bone":"S1,2_attackB2","blend":"additive"},{"name":"5110_S2_ene1/5110_S2_ene1_00000","bone":"S2_ene","blend":"additive"},{"name":"5110_S2_ene1/5110_S2_ene1_0","bone":"S2_ene2","blend":"additive"},{"name":"5110_S2_line1/5110_S2_line1_00002","bone":"S2_line1","blend":"additive"},{"name":"5110_S2_line1/5110_S2_line1_2","bone":"S2_line2","blend":"additive"},{"name":"5110_S2_line1/5110_S2_line1_3","bone":"S2_line3","blend":"additive"},{"name":"5110_S2_line1/5110_S2_line1_4","bone":"S2_line4","blend":"additive"},{"name":"5110_S2_line1/5110_S2_line1_5","bone":"S2_line5","blend":"additive"},{"name":"5110_S2_wind1/5110_S2_wind1_00000","bone":"S2_windA","blend":"additive"},{"name":"5110_S2_wind2/5110_S2_wind2_00005","bone":"S2_windB","blend":"additive"},{"name":"DAMAGEAREA","bone":"DAMAGEAREA"}],"skins":{"default":{"5110_S2_attack1/5110_S2_attack1_00001":{"5110_S2_attack1/5110_S2_attack1_00001":{"x":5.21,"y":-29.44,"width":225,"height":225},"5110_S2_attack1/5110_S2_attack1_00002":{"x":5.21,"y":-29.44,"width":225,"height":225},"5110_S2_attack1/5110_S2_attack1_00003":{"x":5.21,"y":-29.44,"width":225,"height":225},"5110_S2_attack1/5110_S2_attack1_00004":{"x":5.21,"y":-29.44,"width":225,"height":225},"5110_S2_attack1/5110_S2_attack1_00005":{"x":5.21,"y":-29.44,"width":225,"height":225},"5110_S2_attack1/5110_S2_attack1_00006":{"x":5.21,"y":-29.44,"width":225,"height":225},"5110_S2_attack1/5110_S2_attack1_00007":{"x":5.21,"y":-29.44,"width":225,"height":225},"5110_S2_attack1/5110_S2_attack1_00008":{"x":5.21,"y":-29.44,"width":225,"height":225}},"5110_S2_attack2/5110_S2_attack2_00003":{"5110_S2_attack2/5110_S2_attack2_00003":{"x":-3.41,"y":9.9,"width":250,"height":250},"5110_S2_attack2/5110_S2_attack2_00004":{"x":-3.41,"y":7.34,"width":250,"height":250},"5110_S2_attack2/5110_S2_attack2_00005":{"x":-3.41,"y":4.78,"width":250,"height":250},"5110_S2_attack2/5110_S2_attack2_00006":{"x":-3.41,"y":2.98,"width":250,"height":250}},"5110_S2_attack2/5110_S2_attack2_3":{"5110_S2_attack2/5110_S2_attack2_00003":{"x":-3.41,"y":9.9,"width":250,"height":250},"5110_S2_attack2/5110_S2_attack2_00004":{"x":-3.41,"y":7.49,"width":250,"height":250},"5110_S2_attack2/5110_S2_attack2_00005":{"x":-3.41,"y":5.39,"width":250,"height":250},"5110_S2_attack2/5110_S2_attack2_00006":{"x":-3.41,"y":2.98,"width":250,"height":250}},"5110_S2_ene1/5110_S2_ene1_0":{"5110_S2_ene1/5110_S2_ene1_00000":{"x":0.59,"y":73.57,"width":225,"height":225},"5110_S2_ene1/5110_S2_ene1_00001":{"x":0.59,"y":73.57,"width":225,"height":225},"5110_S2_ene1/5110_S2_ene1_00002":{"x":0.59,"y":73.57,"width":225,"height":225},"5110_S2_ene1/5110_S2_ene1_00003":{"x":0.59,"y":73.57,"width":225,"height":225},"5110_S2_ene1/5110_S2_ene1_00004":{"x":0.59,"y":73.57,"width":225,"height":225},"5110_S2_ene1/5110_S2_ene1_00005":{"x":0.59,"y":73.57,"width":225,"height":225},"5110_S2_ene1/5110_S2_ene1_00006":{"x":0.59,"y":73.57,"width":225,"height":225}},"5110_S2_ene1/5110_S2_ene1_00000":{"5110_S2_ene1/5110_S2_ene1_00000":{"x":0.59,"y":73.57,"width":225,"height":225},"5110_S2_ene1/5110_S2_ene1_00001":{"x":0.59,"y":73.57,"width":225,"height":225},"5110_S2_ene1/5110_S2_ene1_00002":{"x":0.59,"y":73.57,"width":225,"height":225},"5110_S2_ene1/5110_S2_ene1_00003":{"x":0.59,"y":73.57,"width":225,"height":225},"5110_S2_ene1/5110_S2_ene1_00004":{"x":0.59,"y":73.57,"width":225,"height":225},"5110_S2_ene1/5110_S2_ene1_00005":{"x":0.59,"y":73.57,"width":225,"height":225},"5110_S2_ene1/5110_S2_ene1_00006":{"x":0.59,"y":73.57,"width":225,"height":225}},"5110_S2_line1/5110_S2_line1_00002":{"5110_S2_line1/5110_S2_line1_00002":{"x":-0.38,"y":6.93,"scaleX":0.989,"scaleY":0.989,"width":250,"height":250}},"5110_S2_line1/5110_S2_line1_2":{"5110_S2_line1/5110_S2_line1_00002":{"x":-0.38,"y":6.93,"scaleX":0.989,"scaleY":0.989,"width":250,"height":250}},"5110_S2_line1/5110_S2_line1_3":{"5110_S2_line1/5110_S2_line1_00002":{"x":-0.38,"y":6.93,"scaleX":0.989,"scaleY":0.989,"width":250,"height":250}},"5110_S2_line1/5110_S2_line1_4":{"5110_S2_line1/5110_S2_line1_00002":{"x":-0.38,"y":6.93,"scaleX":0.989,"scaleY":0.989,"width":250,"height":250}},"5110_S2_line1/5110_S2_line1_5":{"5110_S2_line1/5110_S2_line1_00002":{"x":-0.38,"y":6.93,"scaleX":0.989,"scaleY":0.989,"width":250,"height":250}},"5110_S2_wind1/5110_S2_wind1_00000":{"5110_S2_wind1/5110_S2_wind1_00000":{"x":-0.94,"y":6.67,"width":183,"height":183},"5110_S2_wind1/5110_S2_wind1_00001":{"x":-0.94,"y":6.67,"width":183,"height":183},"5110_S2_wind1/5110_S2_wind1_00002":{"x":-0.94,"y":6.67,"width":183,"height":183},"5110_S2_wind1/5110_S2_wind1_00003":{"x":-0.94,"y":6.67,"width":183,"height":183}},"5110_S2_wind2/5110_S2_wind2_00005":{"5110_S2_wind2/5110_S2_wind2_00005":{"x":-5.77,"y":32.99,"width":203,"height":203}},"DAMAGEAREA":{"DAMAGEAREA":{"type":"boundingbox","vertices":[-99.50504,-99.03069,98.83492,-99.87466,98.83492,97.62128,-99.50504,95.93329]}}}},"events":{"event":{},"hit":{},"sound1":{},"sound2":{}},"animations":{"attack1":{"slots":{"5110_S2_attack1/5110_S2_attack1_00001":{"attachment":[{"time":0.0666,"name":"5110_S2_attack1/5110_S2_attack1_00001"},{"time":0.1,"name":"5110_S2_attack1/5110_S2_attack1_00004"},{"time":0.1333,"name":"5110_S2_attack1/5110_S2_attack1_00005"},{"time":0.1666,"name":"5110_S2_attack1/5110_S2_attack1_00006"},{"time":0.2,"name":"5110_S2_attack1/5110_S2_attack1_00007"},{"time":0.2333,"name":"5110_S2_attack1/5110_S2_attack1_00008"},{"time":0.2666,"name":null}]},"5110_S2_attack2/5110_S2_attack2_00003":{"attachment":[{"time":0.0666,"name":"5110_S2_attack2/5110_S2_attack2_00003"},{"time":0.1,"name":"5110_S2_attack2/5110_S2_attack2_00004"},{"time":0.1333,"name":"5110_S2_attack2/5110_S2_attack2_00005"},{"time":0.1666,"name":"5110_S2_attack2/5110_S2_attack2_00006"},{"time":0.2,"name":null}],"color":[{"time":0.0666,"color":"ffffffff"}]},"5110_S2_attack2/5110_S2_attack2_3":{"attachment":[{"time":0.0666,"name":"5110_S2_attack2/5110_S2_attack2_00003"},{"time":0.1,"name":"5110_S2_attack2/5110_S2_attack2_00004"},{"time":0.1333,"name":"5110_S2_attack2/5110_S2_attack2_00005"},{"time":0.1666,"name":"5110_S2_attack2/5110_S2_attack2_00006"},{"time":0.2,"name":null}],"color":[{"time":0.0666,"color":"ffffffff"}]},"5110_S2_ene1/5110_S2_ene1_00000":{"attachment":[{"time":0,"name":"5110_S2_ene1/5110_S2_ene1_00000"},{"time":0.0333,"name":"5110_S2_ene1/5110_S2_ene1_00001"},{"time":0.0666,"name":"5110_S2_ene1/5110_S2_ene1_00002"},{"time":0.1,"name":"5110_S2_ene1/5110_S2_ene1_00003"},{"time":0.1333,"name":"5110_S2_ene1/5110_S2_ene1_00004"},{"time":0.1666,"name":"5110_S2_ene1/5110_S2_ene1_00005"},{"time":0.2,"name":"5110_S2_ene1/5110_S2_ene1_00006"},{"time":0.2333,"name":"5110_S2_ene1/5110_S2_ene1_00000"},{"time":0.2666,"name":"5110_S2_ene1/5110_S2_ene1_00001"},{"time":0.3,"name":"5110_S2_ene1/5110_S2_ene1_00002"},{"time":0.3333,"name":"5110_S2_ene1/5110_S2_ene1_00003"},{"time":0.3666,"name":"5110_S2_ene1/5110_S2_ene1_00004"},{"time":0.4,"name":"5110_S2_ene1/5110_S2_ene1_00005"},{"time":0.4333,"name":"5110_S2_ene1/5110_S2_ene1_00006"},{"time":0.4666,"name":"5110_S2_ene1/5110_S2_ene1_00000"},{"time":0.5,"name":"5110_S2_ene1/5110_S2_ene1_00001"},{"time":0.5333,"name":"5110_S2_ene1/5110_S2_ene1_00002"},{"time":0.5666,"name":"5110_S2_ene1/5110_S2_ene1_00003"},{"time":0.6,"name":"5110_S2_ene1/5110_S2_ene1_00004"},{"time":0.6333,"name":"5110_S2_ene1/5110_S2_ene1_00005"},{"time":0.6666,"name":"5110_S2_ene1/5110_S2_ene1_00006"},{"time":0.7,"name":"5110_S2_ene1/5110_S2_ene1_00000"},{"time":0.7666,"name":"5110_S2_ene1/5110_S2_ene1_00001"},{"time":0.8333,"name":"5110_S2_ene1/5110_S2_ene1_00002"},{"time":0.9,"name":"5110_S2_ene1/5110_S2_ene1_00003"},{"time":0.9666,"name":"5110_S2_ene1/5110_S2_ene1_00004"},{"time":1.0333,"name":"5110_S2_ene1/5110_S2_ene1_00005"}],"color":[{"time":0.7,"color":"ffffffff"},{"time":1.2,"color":"ffffff00"}]},"5110_S2_ene1/5110_S2_ene1_0":{"attachment":[{"time":0.6333,"name":"5110_S2_ene1/5110_S2_ene1_00000"}],"color":[{"time":0.6333,"color":"ffffffe7"},{"time":1.1333,"color":"ffffff00"}]},"5110_S2_line1/5110_S2_line1_2":{"attachment":[{"time":0.0333,"name":"5110_S2_line1/5110_S2_line1_00002"},{"time":0.9,"name":null}]},"5110_S2_line1/5110_S2_line1_00002":{"attachment":[{"time":0,"name":"5110_S2_line1/5110_S2_line1_00002"},{"time":0.8666,"name":null}]},"5110_S2_line1/5110_S2_line1_3":{"attachment":[{"time":0.0666,"name":"5110_S2_line1/5110_S2_line1_00002"},{"time":0.9333,"name":null}]},"5110_S2_line1/5110_S2_line1_5":{"attachment":[{"time":0.7333,"name":null}]},"5110_S2_wind1/5110_S2_wind1_00000":{"attachment":[{"time":0,"name":"5110_S2_wind1/5110_S2_wind1_00000"},{"time":0.0333,"name":"5110_S2_wind1/5110_S2_wind1_00001"},{"time":0.0666,"name":"5110_S2_wind1/5110_S2_wind1_00002"},{"time":0.1,"name":"5110_S2_wind1/5110_S2_wind1_00003"},{"time":0.1333,"name":"5110_S2_wind1/5110_S2_wind1_00000"},{"time":0.1666,"name":"5110_S2_wind1/5110_S2_wind1_00001"},{"time":0.2,"name":"5110_S2_wind1/5110_S2_wind1_00002"},{"time":0.2333,"name":"5110_S2_wind1/5110_S2_wind1_00003"},{"time":0.2666,"name":"5110_S2_wind1/5110_S2_wind1_00000"},{"time":0.3,"name":"5110_S2_wind1/5110_S2_wind1_00001"},{"time":0.3333,"name":"5110_S2_wind1/5110_S2_wind1_00002"},{"time":0.3666,"name":"5110_S2_wind1/5110_S2_wind1_00003"},{"time":0.4,"name":"5110_S2_wind1/5110_S2_wind1_00000"},{"time":0.4333,"name":"5110_S2_wind1/5110_S2_wind1_00001"},{"time":0.4666,"name":"5110_S2_wind1/5110_S2_wind1_00002"},{"time":0.5,"name":"5110_S2_wind1/5110_S2_wind1_00003"},{"time":0.5333,"name":"5110_S2_wind1/5110_S2_wind1_00000"},{"time":0.5666,"name":"5110_S2_wind1/5110_S2_wind1_00001"},{"time":0.6,"name":"5110_S2_wind1/5110_S2_wind1_00002"},{"time":0.6333,"name":"5110_S2_wind1/5110_S2_wind1_00003"},{"time":0.6666,"name":"5110_S2_wind1/5110_S2_wind1_00000"},{"time":0.7,"name":"5110_S2_wind1/5110_S2_wind1_00001"},{"time":0.7333,"name":"5110_S2_wind1/5110_S2_wind1_00002"},{"time":0.7666,"name":"5110_S2_wind1/5110_S2_wind1_00003"},{"time":0.8,"name":"5110_S2_wind1/5110_S2_wind1_00000"},{"time":0.8333,"name":"5110_S2_wind1/5110_S2_wind1_00001"},{"time":0.8666,"name":"5110_S2_wind1/5110_S2_wind1_00002"},{"time":0.9,"name":"5110_S2_wind1/5110_S2_wind1_00003"}],"color":[{"time":0.8,"color":"ffffffff"},{"time":0.9333,"color":"ffffff00"}]},"5110_S2_wind2/5110_S2_wind2_00005":{"attachment":[{"time":0,"name":"5110_S2_wind2/5110_S2_wind2_00005"},{"time":0.9,"name":null}]},"DAMAGEAREA":{"attachment":[{"time":0.0666,"name":"DAMAGEAREA"},{"time":0.9666,"name":null}]}},"bones":{"S2_line3":{"rotate":[{"time":0.0666,"angle":12.87,"curve":"stepped"},{"time":0.1666,"angle":12.84,"curve":"stepped"},{"time":0.2666,"angle":12.87,"curve":"stepped"},{"time":0.3666,"angle":12.84,"curve":"stepped"},{"time":0.4666,"angle":12.87,"curve":"stepped"},{"time":0.5666,"angle":12.84,"curve":"stepped"},{"time":0.6666,"angle":12.87,"curve":"stepped"},{"time":0.7666,"angle":12.84,"curve":"stepped"},{"time":0.8666,"angle":12.87}],"translate":[{"time":0.0666,"x":-685.86,"y":-99.77},{"time":0.1333,"x":-934.71,"y":989.81,"curve":"stepped"},{"time":0.1666,"x":-986.12,"y":-168.34},{"time":0.2333,"x":-1255.72,"y":1014.21,"curve":"stepped"},{"time":0.2666,"x":-685.86,"y":-99.77},{"time":0.3333,"x":-934.71,"y":989.81,"curve":"stepped"},{"time":0.3666,"x":-986.12,"y":-168.34},{"time":0.4333,"x":-1255.72,"y":1014.21,"curve":"stepped"},{"time":0.4666,"x":-685.86,"y":-99.77},{"time":0.5333,"x":-934.71,"y":989.81,"curve":"stepped"},{"time":0.5666,"x":-986.12,"y":-168.34},{"time":0.6333,"x":-1255.72,"y":1014.21,"curve":"stepped"},{"time":0.6666,"x":-685.86,"y":-99.77},{"time":0.7333,"x":-934.71,"y":989.81,"curve":"stepped"},{"time":0.7666,"x":-986.12,"y":-168.34},{"time":0.8333,"x":-1255.72,"y":1014.21,"curve":"stepped"},{"time":0.8666,"x":-685.86,"y":-99.77},{"time":0.9333,"x":-934.71,"y":989.81}]},"S2_ene":{"rotate":[{"time":0,"angle":8.51}],"translate":[{"time":0,"x":-686.93,"y":-171.59}],"scale":[{"time":0,"x":0.43,"y":1.266},{"time":0.0666,"x":1.613,"y":1.586,"curve":"stepped"},{"time":0.1,"x":1.513,"y":1.568,"curve":"stepped"},{"time":0.1333,"x":1.613,"y":1.586,"curve":"stepped"},{"time":0.1666,"x":1.513,"y":1.568,"curve":"stepped"},{"time":0.2,"x":1.613,"y":1.586,"curve":"stepped"},{"time":0.2333,"x":1.513,"y":1.568,"curve":"stepped"},{"time":0.2666,"x":1.613,"y":1.586,"curve":"stepped"},{"time":0.3,"x":1.513,"y":1.568,"curve":"stepped"},{"time":0.3333,"x":1.613,"y":1.586,"curve":"stepped"},{"time":0.3666,"x":1.513,"y":1.568,"curve":"stepped"},{"time":0.4,"x":1.613,"y":1.586,"curve":"stepped"},{"time":0.4333,"x":1.513,"y":1.568,"curve":"stepped"},{"time":0.4666,"x":1.613,"y":1.586,"curve":"stepped"},{"time":0.5,"x":1.513,"y":1.568,"curve":"stepped"},{"time":0.5333,"x":1.613,"y":1.586,"curve":"stepped"},{"time":0.5666,"x":1.513,"y":1.568,"curve":"stepped"},{"time":0.6,"x":1.613,"y":1.586,"curve":"stepped"},{"time":0.6333,"x":1.513,"y":1.568,"curve":"stepped"},{"time":0.6666,"x":1.613,"y":1.586,"curve":"stepped"},{"time":0.7,"x":1.613,"y":1.586},{"time":1.2,"x":1.427,"y":1.476}]},"S2_windA":{"translate":[{"time":0,"x":-1340.21,"y":235.47}],"scale":[{"time":0,"x":1.6,"y":1.6}]},"S2_line2":{"rotate":[{"time":0.0333,"angle":11.89,"curve":"stepped"},{"time":0.1333,"angle":13.47,"curve":"stepped"},{"time":0.2333,"angle":11.89,"curve":"stepped"},{"time":0.3333,"angle":13.47,"curve":"stepped"},{"time":0.4333,"angle":11.89,"curve":"stepped"},{"time":0.5333,"angle":13.47,"curve":"stepped"},{"time":0.6333,"angle":11.89,"curve":"stepped"},{"time":0.7333,"angle":13.47,"curve":"stepped"},{"time":0.8333,"angle":11.89}],"translate":[{"time":0.0333,"x":-1045.98,"y":-47.69},{"time":0.1,"x":-1250.11,"y":921.11,"curve":"stepped"},{"time":0.1333,"x":-617,"y":-44.83},{"time":0.2,"x":-846.44,"y":912.32,"curve":"stepped"},{"time":0.2333,"x":-1045.98,"y":-47.69},{"time":0.3,"x":-1250.11,"y":921.11,"curve":"stepped"},{"time":0.3333,"x":-617,"y":-44.83},{"time":0.4,"x":-846.44,"y":912.32,"curve":"stepped"},{"time":0.4333,"x":-1045.98,"y":-47.69},{"time":0.5,"x":-1250.11,"y":921.11,"curve":"stepped"},{"time":0.5333,"x":-617,"y":-44.83},{"time":0.6,"x":-846.44,"y":912.32,"curve":"stepped"},{"time":0.6333,"x":-1045.98,"y":-47.69},{"time":0.7,"x":-1250.11,"y":921.11,"curve":"stepped"},{"time":0.7333,"x":-617,"y":-44.83},{"time":0.8,"x":-846.44,"y":912.32,"curve":"stepped"},{"time":0.8333,"x":-1045.98,"y":-47.69},{"time":0.9,"x":-1250.11,"y":921.11}]},"S1,2_attackB1":{"rotate":[{"time":0.0666,"angle":7.02}],"translate":[{"time":0.0666,"x":-564.53,"y":-203.02}],"scale":[{"time":0.0666,"x":3.501,"y":3.501}]},"S2_line1":{"rotate":[{"time":0,"angle":10.86,"curve":"stepped"},{"time":0.1,"angle":12.54,"curve":"stepped"},{"time":0.2,"angle":10.86,"curve":"stepped"},{"time":0.3,"angle":12.54,"curve":"stepped"},{"time":0.4,"angle":10.86,"curve":"stepped"},{"time":0.5,"angle":12.54,"curve":"stepped"},{"time":0.6,"angle":10.86,"curve":"stepped"},{"time":0.7,"angle":12.54,"curve":"stepped"},{"time":0.8,"angle":10.86}],"translate":[{"time":0,"x":-689.47,"y":-175.44},{"time":0.0666,"x":-898.37,"y":912.92,"curve":"stepped"},{"time":0.1,"x":-1043.48,"y":-243.39},{"time":0.1666,"x":-1302.1,"y":919.77,"curve":"stepped"},{"time":0.2,"x":-689.47,"y":-175.44},{"time":0.2666,"x":-898.37,"y":912.92,"curve":"stepped"},{"time":0.3,"x":-1043.48,"y":-243.39},{"time":0.3666,"x":-1302.1,"y":919.77,"curve":"stepped"},{"time":0.4,"x":-689.47,"y":-175.44},{"time":0.4666,"x":-898.37,"y":912.92,"curve":"stepped"},{"time":0.5,"x":-1043.48,"y":-243.39},{"time":0.5666,"x":-1302.1,"y":919.77,"curve":"stepped"},{"time":0.6,"x":-689.47,"y":-175.44},{"time":0.6666,"x":-898.37,"y":912.92,"curve":"stepped"},{"time":0.7,"x":-1043.48,"y":-243.39},{"time":0.7666,"x":-1302.1,"y":919.77,"curve":"stepped"},{"time":0.8,"x":-689.47,"y":-175.44},{"time":0.8666,"x":-898.37,"y":912.92}]},"S2_windB":{"translate":[{"time":0,"x":-1491.64,"y":-714.43},{"time":0.1,"x":-1491.64,"y":1266.47,"curve":"stepped"},{"time":0.1333,"x":-1491.64,"y":-714.43},{"time":0.2333,"x":-1491.64,"y":1266.47,"curve":"stepped"},{"time":0.2666,"x":-1491.64,"y":-714.43},{"time":0.3666,"x":-1491.64,"y":1266.47,"curve":"stepped"},{"time":0.4,"x":-1491.64,"y":-714.43},{"time":0.5,"x":-1491.64,"y":1266.47,"curve":"stepped"},{"time":0.5333,"x":-1491.64,"y":-714.43},{"time":0.6333,"x":-1491.64,"y":1266.47,"curve":"stepped"},{"time":0.6666,"x":-1491.64,"y":-714.43},{"time":0.7666,"x":-1491.64,"y":1266.47,"curve":"stepped"},{"time":0.8,"x":-1491.64,"y":-714.43},{"time":0.9,"x":-1491.64,"y":1266.47,"curve":"stepped"},{"time":0.9333,"x":-10886.03,"y":1644.14}],"scale":[{"time":0,"x":2,"y":2}]},"S1,2_attackB2":{"rotate":[{"time":0.0666,"angle":7.13}],"translate":[{"time":0.0666,"x":-529.1,"y":-444.47}],"scale":[{"time":0.0666,"x":3.526,"y":3.526}]},"S2_ene2":{"rotate":[{"time":0.6333,"angle":9.68}],"translate":[{"time":0.6333,"x":-661.15,"y":-16.44}],"scale":[{"time":0.6333,"x":0.563,"y":1.653},{"time":1.1,"x":0.305,"y":1.653}]},"S1,2_attackA1":{"rotate":[{"time":0.0666,"angle":15.9}],"translate":[{"time":0.0666,"x":-799.7,"y":74.85}],"scale":[{"time":0.0666,"x":2.608,"y":2.608}]},"DAMAGEAREA":{"translate":[{"time":0.0666,"x":-259.15,"y":385.37}],"scale":[{"time":0.0666,"x":2.76,"y":7.962}]}},"events":[{"time":0,"name":"event","string":"setHitEffect(hit02b,1,1,200)"},{"time":0,"name":"sound1","string":"cri_se_battle_explosion_water_01"},{"time":0,"name":"sound2","string":"cri_se_battle_hard_hit"},{"time":0.0333,"name":"event","string":"kHitStopType_enemyonly"},{"time":0.0333,"name":"sound1","string":"cri_se_battle_skill_elxplosion"},{"time":0.0666,"name":"event","float":1,"string":"shakeGround-Loop"},{"time":0.1,"name":"hit","string":"resetHitList"},{"time":0.1333,"name":"hit","string":"resetHitList"},{"time":0.1666,"name":"hit","string":"resetHitList"},{"time":0.2,"name":"hit","string":"resetHitList"},{"time":0.2,"name":"sound2","string":"cri_se_battle_034_explosion_element_02"},{"time":0.2333,"name":"hit","string":"resetHitList"},{"time":0.2666,"name":"hit","string":"resetHitList"},{"time":0.3,"name":"hit","string":"resetHitList"},{"time":0.3,"name":"sound1","string":"cri_se_battle_032_explosion_04"},{"time":0.3333,"name":"hit","string":"resetHitList"},{"time":0.3333,"name":"sound2","string":"cri_se_battle_explosion_water_01"},{"time":0.3666,"name":"hit","string":"resetHitList"},{"time":0.4,"name":"hit","string":"resetHitList"},{"time":0.4,"name":"sound2","string":"setHitSound(se_battle_hands_hit)"},{"time":0.4333,"name":"hit","string":"resetHitList"},{"time":0.4666,"name":"hit","string":"resetHitList"},{"time":0.5,"name":"hit","string":"resetHitList"},{"time":0.5333,"name":"hit","string":"resetHitList"},{"time":0.5666,"name":"hit","string":"resetHitList"},{"time":0.6,"name":"hit","string":"resetHitList"},{"time":0.6,"name":"sound1","string":"cri_se_battle_031_explosion_03"},{"time":0.6333,"name":"hit","string":"resetHitList"},{"time":0.6666,"name":"hit","string":"resetHitList"},{"time":0.7,"name":"hit","string":"resetHitList"},{"time":0.7333,"name":"hit","string":"resetHitList"},{"time":0.7666,"name":"hit","string":"resetHitList"},{"time":0.8,"name":"hit","string":"resetHitList"},{"time":0.8333,"name":"hit","string":"resetHitList"},{"time":0.8666,"name":"hit","string":"resetHitList"},{"time":0.9,"name":"hit","string":"resetHitList"},{"time":0.9333,"name":"hit","string":"resetHitList"}]},"none":{"slots":{"DAMAGEAREA":{"attachment":[{"time":0,"name":"DAMAGEAREA"}]}},"bones":{"root":{"translate":[{"time":0,"x":0,"y":0}]}}}}}