{
"skeleton": { "hash": "xj81hBvioYdMC3RedprpatkPMD0", "spine": "3.0.12", "width": 0, "height": 0 },
"bones": [
	{ "name": "root" },
	{ "name": "ef_MAIN", "parent": "root", "x": 2.93, "y": 93.98 },
	{ "name": "ex2", "parent": "ef_MAIN", "x": 355.37, "y": -300.89 },
	{ "name": "ex1", "parent": "ef_MAIN", "x": 355.52, "y": -270.07 },
	{ "name": "S3_line8", "parent": "ef_MAIN", "x": 247.84, "y": -228.1 },
	{ "name": "S3_line7", "parent": "ef_MAIN", "x": 247.94, "y": -207.96 },
	{ "name": "S3_line6", "parent": "ef_MAIN", "x": 248.05, "y": -185.9 },
	{ "name": "S3_line5", "parent": "ef_MAIN", "x": 248.16, "y": -162.89 },
	{ "name": "S3_line4", "parent": "ef_MAIN", "x": 247.32, "y": -136.99 },
	{ "name": "S3_line3", "parent": "ef_MAIN", "x": 246.48, "y": -112.05 },
	{ "name": "S3_line2", "parent": "ef_MAIN", "x": 245.63, "y": -89.03 },
	{ "name": "S3_line1", "parent": "ef_MAIN", "x": 245.74, "y": -66.01 },
	{ "name": "S2.3_waveA2", "parent": "ef_MAIN", "x": 370.94, "y": 124.03 },
	{ "name": "S2.3_waveA", "parent": "ef_MAIN", "x": 371.1, "y": 157.62 },
	{ "name": "S2.3_charge", "parent": "ef_MAIN", "x": 249.77, "y": 157.02 },
	{ "name": "S1.3_powerA", "parent": "ef_MAIN", "x": 832.61, "y": 363.12 },
	{ "name": "DAMAGEAREA", "parent": "root" },
	{ "name": "shine", "parent": "ef_MAIN", "x": 480.66, "y": -273.5 },
	{ "name": "summon_root", "parent": "root", "x": 99.57, "y": 195.77 },
	{ "name": "summon_hair1", "parent": "summon_root", "length": 22.14, "x": 9.67, "y": 80.72, "rotation": 39.54 },
	{ "name": "summon_hair", "parent": "summon_hair1", "length": 18.68, "x": 25.37, "y": -4.44, "rotation": -69.01 },
	{ "name": "summon_big_ring", "parent": "summon_root", "x": -5.25, "y": -93.99 },
	{ "name": "summon_R_wing", "parent": "summon_root", "length": 104.69, "x": -22.37, "y": 29.36, "rotation": -141.42 },
	{ "name": "summon_R_skirt", "parent": "summon_root", "length": 46.95, "x": -44.76, "y": -48.77, "rotation": -131.66 },
	{ "name": "summon_R_shoulder", "parent": "summon_root", "x": -16.37, "y": 42.04 },
	{ "name": "summon_R_cloth1", "parent": "summon_root", "length": 45.05, "x": -31.91, "y": -39.88, "rotation": -119.87 },
	{ "name": "summon_R_cloth2", "parent": "summon_R_cloth1", "length": 34.28, "x": 53.24, "y": 0.04, "rotation": 16.59 },
	{ "name": "summon_R_arm", "parent": "summon_root", "length": 51.59, "x": -23.84, "y": 36.52, "rotation": -165.29 },
	{ "name": "summon_R_hand", "parent": "summon_R_arm", "x": 55.82, "y": -5.11 },
	{ "name": "summon_L_wing", "parent": "summon_root", "length": 124.85, "x": 32.06, "y": 31.99, "rotation": -36.97 },
	{ "name": "summon_L_skirt", "parent": "summon_root", "length": 45.42, "x": 50.49, "y": -54.48, "rotation": -56.95 },
	{ "name": "summon_L_shoulder", "parent": "summon_root", "x": 13.31, "y": 40.54 },
	{ "name": "summon_L_cloth1", "parent": "summon_root", "length": 45.39, "x": 18.45, "y": -36.04, "rotation": -80.51 },
	{ "name": "summon_L_cloth2", "parent": "summon_L_cloth1", "length": 51.35, "x": 52.25, "y": 1.05, "rotation": 20.92 },
	{ "name": "summon_L_arm", "parent": "summon_root", "length": 65.51, "x": 26.84, "y": 39.59, "rotation": -11.86 },
	{ "name": "summon_L_hand", "parent": "summon_L_arm", "x": 74.16, "y": 1.82 },
	{ "name": "ef_summon", "parent": "summon_root", "x": 31.01, "y": 6.23 },
	{ "name": "chain_weight_R", "parent": "summon_root", "x": -18.98, "y": 44.08 },
	{ "name": "chain_weight_L", "parent": "summon_root", "x": 18.48, "y": 44.13 },
	{ "name": "summon_white", "parent": "summon_root", "x": 1.24, "y": -0.66 },
	{ "name": "wave1", "parent": "root", "x": 241.68, "y": -480.73 },
	{ "name": "wave2", "parent": "root", "x": 287.91, "y": -480.73 },
	{ "name": "wave3", "parent": "root", "x": 331.56, "y": -480.73 },
	{ "name": "weaponA", "parent": "root", "x": 251.15, "y": -363.11, "rotation": 90.03 },
	{ "name": "weaponA1", "parent": "root", "x": 239.39, "y": -363.05, "scaleY": -1, "rotation": 90.03 },
	{ "name": "weaponB", "parent": "root", "x": 384.32, "y": -363.14, "rotation": 90.95 },
	{ "name": "weaponB1", "parent": "root", "x": 378.16, "y": -364.89, "scaleY": -1, "rotation": 90.95 },
	{ "name": "weaponC", "parent": "root", "x": 513.8, "y": -357.87, "rotation": 91.61 },
	{ "name": "weaponC1", "parent": "root", "x": 502.59, "y": -358.18, "scaleY": -1, "rotation": 91.61 },
	{ "name": "weaponD", "parent": "root", "x": 618.96, "y": -363.66, "rotation": 90.33 },
	{ "name": "weaponD1", "parent": "root", "x": 607.58, "y": -363.6, "scaleY": -1, "rotation": 90.33 }
],
"slots": [
	{ "name": "EF/magic_2water", "bone": "ef_summon", "blend": "additive" },
	{ "name": "summon/ring", "bone": "summon_root", "blend": "additive" },
	{ "name": "summon/ring2", "bone": "summon_root", "blend": "additive" },
	{ "name": "summon/L_wing", "bone": "summon_L_wing" },
	{ "name": "summon/L_wing2", "bone": "summon_L_wing", "blend": "additive" },
	{ "name": "summon/R_wing", "bone": "summon_R_wing" },
	{ "name": "summon/R_wing2", "bone": "summon_R_wing", "blend": "additive" },
	{ "name": "summon/BL_skirt", "bone": "summon_root" },
	{ "name": "summon/BL_skirt2", "bone": "summon_root", "blend": "additive" },
	{ "name": "summon/BR_skirt", "bone": "summon_root" },
	{ "name": "summon/BR_skirt2", "bone": "summon_root", "blend": "additive" },
	{ "name": "summon/F_cloth", "bone": "summon_root" },
	{ "name": "summon/F_cloth2", "bone": "summon_root", "blend": "additive" },
	{ "name": "summon/hiar", "bone": "summon_hair1" },
	{ "name": "summon/hiar2", "bone": "summon_hair1", "blend": "additive" },
	{ "name": "summon/BIG_ring", "bone": "summon_big_ring" },
	{ "name": "summon/BIG_ring2", "bone": "summon_big_ring" },
	{ "name": "summon/L_cloth", "bone": "summon_L_cloth1" },
	{ "name": "summon/L_cloth2", "bone": "summon_L_cloth1", "blend": "additive" },
	{ "name": "summon/R_cloth", "bone": "summon_R_cloth1" },
	{ "name": "summon/R_cloth2", "bone": "summon_R_cloth1", "blend": "additive" },
	{ "name": "summon/L_chain_1", "bone": "chain_weight_L" },
	{ "name": "summon/L_chain_2", "bone": "chain_weight_L" },
	{ "name": "summon/R_arm", "bone": "summon_R_arm" },
	{ "name": "summon/R_arm2", "bone": "summon_R_arm", "blend": "additive" },
	{ "name": "summon/R_chain_1", "bone": "chain_weight_R" },
	{ "name": "summon/R_chain_2", "bone": "chain_weight_R" },
	{ "name": "summon/R_hand", "bone": "summon_R_hand" },
	{ "name": "summon/R_hand2", "bone": "summon_R_hand", "blend": "additive" },
	{ "name": "summon/R_shoulder", "bone": "summon_R_shoulder" },
	{ "name": "summon/R_shoulder2", "bone": "summon_R_shoulder", "blend": "additive" },
	{ "name": "summon/body", "bone": "summon_root" },
	{ "name": "summon/body2", "bone": "summon_root", "blend": "additive" },
	{ "name": "summon/L_arm", "bone": "summon_L_arm" },
	{ "name": "summon/L_arm2", "bone": "summon_L_arm", "blend": "additive" },
	{ "name": "summon/L_hand", "bone": "summon_L_hand" },
	{ "name": "summon/L_hand2", "bone": "summon_L_hand", "blend": "additive" },
	{ "name": "summon/L_shoulder", "bone": "summon_L_shoulder" },
	{ "name": "summon/L_shoulder2", "bone": "summon_L_shoulder", "blend": "additive" },
	{ "name": "summon/summon", "bone": "summon_white", "blend": "additive" },
	{ "name": "wave", "bone": "wave1", "blend": "additive" },
	{ "name": "wave2", "bone": "wave2", "blend": "additive" },
	{ "name": "wave3", "bone": "wave3", "blend": "additive" },
	{ "name": "weaponD_01_no", "bone": "weaponD1" },
	{ "name": "weaponB_00_no", "bone": "weaponB" },
	{ "name": "weaponA_00_no", "bone": "weaponA" },
	{ "name": "weaponC_01_no", "bone": "weaponC1", "blend": "additive" },
	{ "name": "weaponB_01_no", "bone": "weaponB1" },
	{ "name": "weaponA_01_no", "bone": "weaponA1", "blend": "additive" },
	{ "name": "weaponD_00_no", "bone": "weaponD" },
	{ "name": "weaponC_00_no", "bone": "weaponC" },
	{ "name": "5110_S2_power2/5110_S2_power2_00000", "bone": "S1.3_powerA", "blend": "additive" },
	{ "name": "5220_S1_ex1/5220_S1_ex1_00000", "bone": "ex1", "blend": "additive" },
	{ "name": "5220_S1_ex1/5220_S1_ex1_0", "bone": "ex2", "blend": "additive" },
	{ "name": "5220_S2_power1/5220_S2_power1_00000", "bone": "S2.3_charge", "blend": "additive" },
	{ "name": "5220_S2_power2a/5220_S2_power2a_00001", "bone": "S2.3_waveA", "blend": "additive" },
	{ "name": "5220_S2_power2a/5220_S2_power2a_1", "bone": "S2.3_waveA2", "blend": "additive" },
	{ "name": "5220_S2_power2b/5220_S2_power2b_00000", "bone": "shine", "blend": "additive" },
	{ "name": "5220_S3_slash1/5220_S3_slash1_00006", "bone": "S3_line1", "blend": "additive" },
	{ "name": "5220_S3_slash1/5220_S3_slash1_6", "bone": "S3_line2", "blend": "additive" },
	{ "name": "5220_S3_slash1/5220_S3_slash1_7", "bone": "S3_line3", "blend": "additive" },
	{ "name": "5220_S3_slash1/5220_S3_slash1_8", "bone": "S3_line4", "blend": "additive" },
	{ "name": "5220_S3_slash1/5220_S3_slash1_9", "bone": "S3_line5", "blend": "additive" },
	{ "name": "5220_S3_slash1/5220_S3_slash1_10", "bone": "S3_line6", "blend": "additive" },
	{ "name": "5220_S3_slash1/5220_S3_slash1_11", "bone": "S3_line7", "blend": "additive" },
	{ "name": "5220_S3_slash1/5220_S3_slash1_12", "bone": "S3_line8", "blend": "additive" },
	{ "name": "weaponD_01_ad", "bone": "weaponD1" },
	{ "name": "weaponC_01_ad", "bone": "weaponC1", "blend": "additive" },
	{ "name": "weaponA_01_ad", "bone": "weaponA1", "blend": "additive" },
	{ "name": "weaponB_01_ad", "bone": "weaponB1" },
	{ "name": "weaponD_00_ad", "bone": "weaponD" },
	{ "name": "weaponC_00_ad", "bone": "weaponC" },
	{ "name": "weaponB_00_ad", "bone": "weaponB" },
	{ "name": "weaponA_00_ad", "bone": "weaponA" },
	{ "name": "DAMAGEAREA", "bone": "DAMAGEAREA" }
],
"skins": {
	"default": {
		"5110_S2_power2/5110_S2_power2_00000": {
			"5110_S2_power2/5110_S2_power2_00000": { "x": 1.21, "y": -2.48, "width": 250, "height": 250 },
			"5110_S2_power2/5110_S2_power2_00001": { "x": 1.21, "y": -2.48, "width": 250, "height": 250 },
			"5110_S2_power2/5110_S2_power2_00002": { "x": 1.21, "y": -2.48, "width": 250, "height": 250 },
			"5110_S2_power2/5110_S2_power2_00003": { "x": 1.21, "y": -2.48, "width": 250, "height": 250 },
			"5110_S2_power2/5110_S2_power2_00004": { "x": 1.21, "y": -2.48, "width": 250, "height": 250 },
			"5110_S2_power2/5110_S2_power2_00005": { "x": 1.21, "y": -2.48, "width": 250, "height": 250 },
			"5110_S2_power2/5110_S2_power2_00006": { "x": 1.21, "y": -2.48, "width": 250, "height": 250 },
			"5110_S2_power2/5110_S2_power2_00007": { "x": 1.21, "y": -2.48, "width": 250, "height": 250 },
			"5110_S2_power2/5110_S2_power2_00008": { "x": 1.21, "y": -2.48, "width": 250, "height": 250 }
		},
		"5220_S1_ex1/5220_S1_ex1_0": {
			"5220_S1_ex1/5220_S1_ex1_00000": { "x": -0.33, "y": 19.81, "width": 250, "height": 250 },
			"5220_S1_ex1/5220_S1_ex1_00001": { "x": -0.33, "y": 19.81, "width": 250, "height": 250 },
			"5220_S1_ex1/5220_S1_ex1_00002": { "x": -0.33, "y": 19.81, "width": 250, "height": 250 },
			"5220_S1_ex1/5220_S1_ex1_00003": { "x": -0.33, "y": 19.81, "width": 250, "height": 250 },
			"5220_S1_ex1/5220_S1_ex1_00004": { "x": -0.33, "y": 19.81, "width": 250, "height": 250 },
			"5220_S1_ex1/5220_S1_ex1_00005": { "x": -0.33, "y": 19.81, "width": 250, "height": 250 },
			"5220_S1_ex1/5220_S1_ex1_00006": { "x": -0.33, "y": 19.81, "width": 250, "height": 250 },
			"5220_S1_ex1/5220_S1_ex1_00007": { "x": -0.33, "y": 19.81, "width": 250, "height": 250 },
			"5220_S1_ex1/5220_S1_ex1_00008": { "x": -0.33, "y": 19.81, "width": 250, "height": 250 },
			"5220_S1_ex1/5220_S1_ex1_00009": { "x": -0.33, "y": 19.81, "width": 250, "height": 250 },
			"5220_S1_ex1/5220_S1_ex1_00010": { "x": -0.33, "y": 19.81, "width": 250, "height": 250 },
			"5220_S1_ex1/5220_S1_ex1_00011": { "x": -0.33, "y": 19.81, "width": 250, "height": 250 },
			"5220_S1_ex1/5220_S1_ex1_00012": { "x": -0.33, "y": 19.81, "width": 250, "height": 250 }
		},
		"5220_S1_ex1/5220_S1_ex1_00000": {
			"5220_S1_ex1/5220_S1_ex1_00000": { "x": -0.33, "y": 19.81, "width": 250, "height": 250 },
			"5220_S1_ex1/5220_S1_ex1_00001": { "x": -0.33, "y": 19.81, "width": 250, "height": 250 },
			"5220_S1_ex1/5220_S1_ex1_00002": { "x": -0.33, "y": 19.81, "width": 250, "height": 250 },
			"5220_S1_ex1/5220_S1_ex1_00003": { "x": -0.33, "y": 19.81, "width": 250, "height": 250 },
			"5220_S1_ex1/5220_S1_ex1_00004": { "x": -0.33, "y": 19.81, "width": 250, "height": 250 },
			"5220_S1_ex1/5220_S1_ex1_00005": { "x": -0.33, "y": 19.81, "width": 250, "height": 250 },
			"5220_S1_ex1/5220_S1_ex1_00006": { "x": -0.33, "y": 19.81, "width": 250, "height": 250 },
			"5220_S1_ex1/5220_S1_ex1_00007": { "x": -0.33, "y": 19.81, "width": 250, "height": 250 },
			"5220_S1_ex1/5220_S1_ex1_00008": { "x": -0.33, "y": 19.81, "width": 250, "height": 250 },
			"5220_S1_ex1/5220_S1_ex1_00009": { "x": -0.33, "y": 19.81, "width": 250, "height": 250 },
			"5220_S1_ex1/5220_S1_ex1_00010": { "x": -0.33, "y": 19.81, "width": 250, "height": 250 },
			"5220_S1_ex1/5220_S1_ex1_00011": { "x": -0.33, "y": 19.81, "width": 250, "height": 250 },
			"5220_S1_ex1/5220_S1_ex1_00012": { "x": -0.33, "y": 19.81, "width": 250, "height": 250 }
		},
		"5220_S2_power1/5220_S2_power1_00000": {
			"5220_S2_power1/5220_S2_power1_00000": { "x": 1.2, "y": -1.19, "width": 250, "height": 250 },
			"5220_S2_power1/5220_S2_power1_00002": { "x": 1.2, "y": -1.19, "width": 250, "height": 250 },
			"5220_S2_power1/5220_S2_power1_00004": { "x": 1.2, "y": -1.19, "width": 250, "height": 250 },
			"5220_S2_power1/5220_S2_power1_00006": { "x": 1.2, "y": -1.19, "width": 250, "height": 250 },
			"5220_S2_power1/5220_S2_power1_00008": { "x": 1.2, "y": -1.19, "width": 250, "height": 250 },
			"5220_S2_power1/5220_S2_power1_00010": { "x": 1.2, "y": -1.19, "width": 250, "height": 250 },
			"5220_S2_power1/5220_S2_power1_00012": { "x": 1.2, "y": -1.19, "width": 250, "height": 250 },
			"5220_S2_power1/5220_S2_power1_00014": { "x": 1.2, "y": -1.19, "width": 250, "height": 250 }
		},
		"5220_S2_power2a/5220_S2_power2a_00001": {
			"5220_S2_power2a/5220_S2_power2a_00002": { "x": 0.36, "y": -0.07, "width": 250, "height": 250 },
			"5220_S2_power2a/5220_S2_power2a_00004": { "x": 0.36, "y": -0.07, "width": 250, "height": 250 },
			"5220_S2_power2a/5220_S2_power2a_00006": { "x": 0.36, "y": -0.07, "width": 250, "height": 250 },
			"5220_S2_power2a/5220_S2_power2a_00008": { "x": 0.36, "y": -0.07, "width": 250, "height": 250 },
			"5220_S2_power2a/5220_S2_power2a_00010": { "x": 0.36, "y": -0.07, "width": 250, "height": 250 },
			"5220_S2_power2a/5220_S2_power2a_00012": { "x": 0.36, "y": -0.07, "width": 250, "height": 250 }
		},
		"5220_S2_power2a/5220_S2_power2a_1": {
			"5220_S2_power2a/5220_S2_power2a_00002": { "x": 0.36, "y": -0.07, "width": 250, "height": 250 },
			"5220_S2_power2a/5220_S2_power2a_00004": { "x": 0.36, "y": -0.07, "width": 250, "height": 250 },
			"5220_S2_power2a/5220_S2_power2a_00006": { "x": 0.36, "y": -0.07, "width": 250, "height": 250 },
			"5220_S2_power2a/5220_S2_power2a_00008": { "x": 0.36, "y": -0.07, "width": 250, "height": 250 },
			"5220_S2_power2a/5220_S2_power2a_00010": { "x": 0.36, "y": -0.07, "width": 250, "height": 250 },
			"5220_S2_power2a/5220_S2_power2a_00012": { "x": 0.36, "y": -0.07, "width": 250, "height": 250 }
		},
		"5220_S2_power2b/5220_S2_power2b_00000": {
			"5220_S2_power2b/5220_S2_power2b_00000": { "x": 0.4, "y": 0.14, "width": 250, "height": 250 }
		},
		"5220_S3_slash1/5220_S3_slash1_00006": {
			"5220_S3_slash1/5220_S3_slash1_00006": { "x": -8.43, "y": -0.11, "width": 250, "height": 250 }
		},
		"5220_S3_slash1/5220_S3_slash1_10": {
			"5220_S3_slash1/5220_S3_slash1_00006": { "x": -8.43, "y": -0.11, "width": 250, "height": 250 }
		},
		"5220_S3_slash1/5220_S3_slash1_11": {
			"5220_S3_slash1/5220_S3_slash1_00006": { "x": -8.43, "y": -0.11, "width": 250, "height": 250 }
		},
		"5220_S3_slash1/5220_S3_slash1_12": {
			"5220_S3_slash1/5220_S3_slash1_00006": { "x": -8.43, "y": -0.11, "width": 250, "height": 250 }
		},
		"5220_S3_slash1/5220_S3_slash1_6": {
			"5220_S3_slash1/5220_S3_slash1_00006": { "x": -8.43, "y": -0.11, "width": 250, "height": 250 }
		},
		"5220_S3_slash1/5220_S3_slash1_7": {
			"5220_S3_slash1/5220_S3_slash1_00006": { "x": -8.43, "y": -0.11, "width": 250, "height": 250 }
		},
		"5220_S3_slash1/5220_S3_slash1_8": {
			"5220_S3_slash1/5220_S3_slash1_00006": { "x": -8.43, "y": -0.11, "width": 250, "height": 250 }
		},
		"5220_S3_slash1/5220_S3_slash1_9": {
			"5220_S3_slash1/5220_S3_slash1_00006": { "x": -8.43, "y": -0.11, "width": 250, "height": 250 }
		},
		"DAMAGEAREA": {
			"DAMAGEAREA": {
				"type": "boundingbox",
				"vertices": [ -63.92134, -66.04682, 63.97457, -64.29481, 64.41256, 63.16309, -63.48335, 63.16309 ]
			}
		},
		"EF/magic_2water": {
			"EF/magic_2water": { "x": 1.45, "y": -1.48, "scaleX": 2, "scaleY": 2, "width": 150, "height": 150 }
		},
		"summon/BIG_ring": {
			"summon/BIG_ring": { "x": 25.09, "y": 86.56, "width": 356, "height": 324 }
		},
		"summon/BIG_ring2": {
			"summon/BIG_ring": { "x": 25.09, "y": 86.56, "width": 356, "height": 324 }
		},
		"summon/BL_skirt": {
			"summon/BL_skirt": {
				"type": "mesh",
				"uvs": [ 1, 1, 0, 1, 0, 0, 1, 0 ],
				"triangles": [ 1, 2, 3, 1, 3, 0 ],
				"vertices": [ 83.54, -116.11, -10.45, -116.11, -10.45, -32.11, 83.54, -32.11 ],
				"hull": 4
			}
		},
		"summon/BL_skirt2": {
			"summon/BL_skirt": {
				"type": "weightedmesh",
				"uvs": [ 0, 0.38095, 0.34042, 0.38095, 0.34042, 0.24952, 0.28807, 0.12295, 0.23722, 0, 0, 0, 0.14476, 0.22588 ],
				"triangles": [ 6, 3, 2, 0, 6, 1, 6, 2, 1, 6, 4, 3, 6, 5, 4, 0, 5, 6 ],
				"vertices": [ 2, 18, -6.31, -113.5, 0.23999, 30, 18.5, -79.82, 0.76, 1, 30, 69.76, -1.01, 1, 1, 30, 45.46, 14.78, 1, 2, 18, 73.22, -56.62, 0.19199, 30, 14.18, 17.87, 0.808, 1, 18, 59.18, -29.5, 1, 2, 18, -6.31, -29.5, 0.984, 30, -51.92, -34, 0.01599, 2, 18, 33.65, -79.31, 0.36799, 30, 11.63, -27.66, 0.632 ],
				"hull": 6
			}
		},
		"summon/BR_skirt": {
			"summon/BR_skirt": {
				"type": "mesh",
				"uvs": [ 1, 1, 0, 1, 0, 0, 1, 0 ],
				"triangles": [ 1, 2, 3, 1, 3, 0 ],
				"vertices": [ 4.28, -121.74, -81.71, -121.74, -81.71, -35.74, 4.28, -35.74 ],
				"hull": 4
			}
		},
		"summon/BR_skirt2": {
			"summon/BR_skirt": {
				"type": "weightedmesh",
				"uvs": [ 0, 0.30033, 0.2528, 0.37209, 0.37209, 0.37209, 0.37209, 0, 0.16488, 0, 0.09952, 0.07942, 0, 0.15832, 0.1987, 0.26877, 0.2528, 0.12901 ],
				"triangles": [ 8, 4, 3, 5, 4, 8, 2, 8, 3, 7, 5, 8, 6, 5, 7, 0, 6, 7, 8, 2, 7, 1, 7, 2, 0, 7, 1 ],
				"vertices": [ 1, 23, 69.76, 5.13, 1, 2, 23, 43.33, 59.81, 0.584, 18, -28.86, -120.91, 0.41599, 2, 23, 25.01, 80.42, 0.496, 18, -1.29, -120.91, 0.504, 1, 18, -1.29, -34.91, 1, 1, 18, -49.18, -34.91, 1, 1, 23, 16.33, -11.6, 1, 1, 23, 45.24, -16.67, 1, 2, 23, 33.8, 34.59, 0.56, 18, -41.36, -97.03, 0.43999, 2, 23, 1.35, 22.48, 0.48799, 18, -28.86, -64.73, 0.512 ],
				"hull": 7
			}
		},
		"summon/F_cloth": {
			"summon/F_cloth": { "x": 19.84, "y": -7.42, "width": 356, "height": 324 }
		},
		"summon/F_cloth2": {
			"summon/F_cloth": { "x": 19.84, "y": -7.42, "width": 356, "height": 324 }
		},
		"summon/L_arm": {
			"summon/L_arm": { "x": 2.79, "y": -47.46, "rotation": 11.85, "width": 356, "height": 324 }
		},
		"summon/L_arm2": {
			"summon/L_arm": { "x": 2.79, "y": -47.46, "rotation": 11.85, "width": 356, "height": 324 }
		},
		"summon/L_chain_1": {
			"summon/L_chain_1": { "x": 1.35, "y": -51.55, "width": 356, "height": 324 }
		},
		"summon/L_chain_2": {
			"summon/L_chain_2": { "x": 1.35, "y": -51.55, "width": 356, "height": 324 }
		},
		"summon/L_cloth": {
			"summon/L_cloth": {
				"type": "mesh",
				"uvs": [ 1, 1, 0, 1, 0, 0, 1, 0 ],
				"triangles": [ 1, 2, 3, 1, 3, 0 ],
				"vertices": [ 75.68, -58.25, 25.68, -58.25, 25.68, 65.74, 75.68, 65.74 ],
				"hull": 4
			}
		},
		"summon/L_cloth2": {
			"summon/L_cloth": {
				"type": "weightedmesh",
				"uvs": [ 0, 0.04963, 0, 0.08882, 0.03635, 0.12353, 0.07856, 0.16384, 0.29893, 0.23214, 0.47797, 0.25806, 0.64, 0.25806, 0.64, 0.20415, 0.54419, 0.15349, 0.44661, 0.11974, 0.30581, 0.07987, 0.30581, 0.04851, 0.30581, 0, 0, 0, 0.16808, 0.05523, 0.22318, 0.11458, 0.36779, 0.17168, 0.19186, 0.08521 ],
				"triangles": [ 16, 3, 15, 5, 7, 6, 4, 16, 5, 5, 8, 7, 5, 16, 8, 4, 3, 16, 16, 9, 8, 14, 13, 12, 16, 15, 9, 12, 11, 14, 14, 0, 13, 9, 15, 10, 3, 2, 15, 2, 17, 15, 2, 1, 17, 15, 17, 10, 1, 14, 17, 1, 0, 14, 10, 17, 11, 17, 14, 11 ],
				"vertices": [ 2, 32, 7.69, -11.83, 0.77599, 18, 8.04, -45.58, 0.224, 2, 32, 26.49, -14.98, 0.864, 18, 8.03, -64.64, 0.136, 2, 32, 43.16, -14.89, 0.85859, 33, -14.18, -11.66, 0.14139, 2, 32, 62.53, -14.79, 0.25334, 33, 3.93, -18.48, 0.74665, 1, 33, 40.93, -20.26, 1, 1, 33, 58.77, -14.51, 1, 1, 33, 65.18, -3.59, 1, 1, 33, 42.84, 9.52, 1, 2, 32, 63.63, 21.9, 0.00684, 33, 18.07, 15.39, 0.99315, 2, 32, 46.37, 17.06, 0.54527, 33, 0.22, 17.04, 0.45472, 2, 32, 25.66, 9.37, 0.83199, 18, 31.92, -59.81, 0.168, 2, 32, 10.8, 11.86, 0.76, 18, 31.93, -44.75, 0.23999, 1, 18, 31.94, -21.43, 1, 1, 18, 8.05, -21.42, 1, 2, 32, 12.28, 0.7, 0.74399, 18, 21.17, -48.04, 0.256, 1, 32, 41.04, 0.25, 1, 2, 32, 69.97, 6.86, 0.112, 33, 18.62, -0.9, 0.88799, 1, 32, 26.76, 0.16, 0.99999 ],
				"hull": 14
			}
		},
		"summon/L_hand": {
			"summon/L_hand": { "x": -71.37, "y": -49.28, "rotation": 11.85, "width": 356, "height": 324 }
		},
		"summon/L_hand2": {
			"summon/L_hand": { "x": -71.37, "y": -49.28, "rotation": 11.85, "width": 356, "height": 324 }
		},
		"summon/L_shoulder": {
			"summon/L_shoulder": { "x": 6.52, "y": -47.96, "width": 356, "height": 324 }
		},
		"summon/L_shoulder2": {
			"summon/L_shoulder": { "x": 6.52, "y": -47.96, "width": 356, "height": 324 }
		},
		"summon/L_wing": {
			"summon/L_wing": { "x": 13.93, "y": -38.84, "rotation": 37.2, "width": 356, "height": 324 }
		},
		"summon/L_wing2": {
			"summon/L_wing": { "x": 13.93, "y": -38.84, "rotation": 37.2, "width": 356, "height": 324 }
		},
		"summon/R_arm": {
			"summon/R_arm": { "x": -31.07, "y": 53.61, "rotation": 165.21, "width": 356, "height": 324 }
		},
		"summon/R_arm2": {
			"summon/R_arm": { "x": -31.07, "y": 53.61, "rotation": 165.21, "width": 356, "height": 324 }
		},
		"summon/R_chain_1": {
			"summon/R_chain_1": { "x": 38.82, "y": -51.51, "width": 356, "height": 324 }
		},
		"summon/R_chain_2": {
			"summon/R_chain_2": { "x": 38.82, "y": -51.51, "width": 356, "height": 324 }
		},
		"summon/R_cloth": {
			"summon/R_cloth": {
				"type": "weightedmesh",
				"uvs": [ 0.40287, 0, 0.37337, 0.04795, 0.28223, 0.07084, 0.20903, 0.08923, 0.08208, 0.12934, 0, 0.15528, 0, 0.26229, 0.20903, 0.26229, 0.32627, 0.18143, 0.37767, 0.14621, 0.43311, 0.11496, 0.5157, 0.09052, 0.59259, 0.06776, 0.59259, 0, 0.49979, 0.05373, 0.32702, 0.10327, 0.15424, 0.16601, 0.22588, 0.13546, 0.39444, 0.08428 ],
				"triangles": [ 6, 16, 7, 16, 5, 4, 16, 6, 5, 8, 16, 17, 8, 7, 16, 8, 17, 9, 16, 4, 17, 17, 15, 9, 4, 3, 17, 15, 17, 3, 18, 14, 11, 11, 14, 12, 14, 13, 12, 18, 1, 14, 1, 0, 14, 10, 18, 11, 2, 1, 18, 15, 18, 10, 15, 2, 18, 15, 3, 2, 9, 15, 10, 14, 0, 13 ],
				"vertices": [ 1, 18, -41.72, -24.71, 1, 2, 18, -44.3, -47.03, 0.104, 25, 12.37, -7.19, 0.89599, 1, 25, 25.75, -9.03, 1, 2, 25, 36.49, -10.51, 0.792, 26, -19.06, -5.33, 0.20799, 2, 25, 58.43, -11.16, 0.384, 26, 1.77, -12.22, 0.616, 2, 25, 72.62, -11.58, 0.16799, 26, 15.25, -16.68, 0.832, 1, 26, 63.64, -5.04, 1, 1, 26, 59.19, 13.47, 1, 2, 25, 68.23, 20.23, 0.09599, 26, 20.12, 15.07, 0.904, 2, 25, 51.71, 16.07, 0.26117, 26, 3.11, 15.79, 0.73882, 2, 25, 36.59, 13.14, 0.83999, 26, -12.2, 17.31, 0.16, 2, 18, -31.24, -66.76, 0.024, 25, 22.99, 13.95, 0.97599, 2, 18, -24.29, -56.16, 0.112, 25, 10.32, 14.7, 0.88799, 1, 18, -24.43, -24.63, 1, 2, 18, -32.77, -49.67, 0.216, 25, 8.91, 4.11, 0.78399, 2, 25, 36.74, 2.05, 0.85599, 26, -15.23, 6.64, 0.14399, 2, 25, 69.89, 3.08, 0.168, 26, 16.82, -1.84, 0.83199, 2, 25, 54.32, 1.59, 0.232, 26, 1.48, 1.16999, 0.76799, 1, 25, 26.02, 2.94, 1 ],
				"hull": 14
			}
		},
		"summon/R_cloth2": {
			"summon/R_cloth": {
				"type": "weightedmesh",
				"uvs": [ 0.40287, 0, 0.37337, 0.04795, 0.28223, 0.07084, 0.20903, 0.08923, 0.08208, 0.12934, 0, 0.15528, 0, 0.26229, 0.20903, 0.26229, 0.32627, 0.18143, 0.37767, 0.14621, 0.43311, 0.11496, 0.5157, 0.09052, 0.59259, 0.06776, 0.59259, 0, 0.49979, 0.05373, 0.32702, 0.10327, 0.15424, 0.16601, 0.22588, 0.13546, 0.39444, 0.08428 ],
				"triangles": [ 6, 16, 7, 16, 5, 4, 16, 6, 5, 8, 16, 17, 8, 7, 16, 8, 17, 9, 16, 4, 17, 17, 15, 9, 4, 3, 17, 15, 17, 3, 18, 14, 11, 11, 14, 12, 14, 13, 12, 18, 1, 14, 1, 0, 14, 10, 18, 11, 2, 1, 18, 15, 18, 10, 15, 2, 18, 15, 3, 2, 9, 15, 10, 14, 0, 13 ],
				"vertices": [ 1, 18, -41.72, -24.71, 1, 2, 18, -44.3, -47.03, 0.104, 25, 12.37, -7.19, 0.89599, 1, 25, 25.75, -9.03, 1, 2, 25, 36.49, -10.51, 0.792, 26, -19.06, -5.33, 0.20799, 2, 25, 58.43, -11.16, 0.384, 26, 1.77, -12.22, 0.616, 2, 25, 72.62, -11.58, 0.16799, 26, 15.25, -16.68, 0.832, 1, 26, 63.64, -5.04, 1, 1, 26, 59.19, 13.47, 1, 2, 25, 68.23, 20.23, 0.09599, 26, 20.12, 15.07, 0.904, 2, 25, 51.71, 16.07, 0.26117, 26, 3.11, 15.79, 0.73882, 2, 25, 36.59, 13.14, 0.83999, 26, -12.2, 17.31, 0.16, 2, 18, -31.24, -66.76, 0.024, 25, 22.99, 13.95, 0.97599, 2, 18, -24.29, -56.16, 0.112, 25, 10.32, 14.7, 0.88799, 1, 18, -24.43, -24.63, 1, 2, 18, -32.77, -49.67, 0.216, 25, 8.91, 4.11, 0.78399, 2, 25, 36.74, 2.05, 0.85599, 26, -15.23, 6.64, 0.14399, 2, 25, 69.89, 3.08, 0.168, 26, 16.82, -1.84, 0.83199, 2, 25, 54.32, 1.59, 0.232, 26, 1.48, 1.16999, 0.76799, 1, 25, 26.02, 2.94, 1 ],
				"hull": 14
			}
		},
		"summon/R_hand": {
			"summon/R_hand": { "x": -86.89, "y": 58.73, "rotation": 165.21, "width": 356, "height": 324 }
		},
		"summon/R_hand2": {
			"summon/R_hand": { "x": -86.89, "y": 58.73, "rotation": 165.21, "width": 356, "height": 324 }
		},
		"summon/R_shoulder": {
			"summon/R_shoulder": { "x": 36.22, "y": -49.46, "width": 356, "height": 324 }
		},
		"summon/R_shoulder2": {
			"summon/R_shoulder": { "x": 36.22, "y": -49.46, "width": 356, "height": 324 }
		},
		"summon/R_wing": {
			"summon/R_wing": { "x": -10.04, "y": 55.09, "rotation": 141.19, "width": 356, "height": 324 }
		},
		"summon/R_wing2": {
			"summon/R_wing": { "x": -10.04, "y": 55.09, "rotation": 141.19, "width": 356, "height": 324 }
		},
		"summon/body": {
			"summon/body": { "x": 19.84, "y": -7.42, "width": 356, "height": 324 }
		},
		"summon/body2": {
			"summon/body": { "x": 19.84, "y": -7.42, "width": 356, "height": 324 }
		},
		"summon/hiar": {
			"summon/hiar": {
				"type": "weightedmesh",
				"uvs": [ 0, 0.32892, 0.08453, 0, 0.1627, 0, 0.24087, 0, 0.32224, 0.53367, 0.43243, 0, 0.43243, 1, 0.32224, 1, 0.21375, 1, 0.16589, 0.50637, 0.08134, 0.80667, 0.05741, 1, 0, 1, 0.10048, 0.35622, 0.24247, 0.52002, 0.16589, 0.21972 ],
				"triangles": [ 6, 4, 5, 7, 14, 4, 6, 7, 4, 7, 8, 14, 8, 9, 14, 14, 15, 3, 4, 14, 3, 14, 9, 15, 15, 2, 3, 11, 12, 10, 12, 0, 10, 10, 13, 9, 10, 0, 13, 13, 15, 9, 0, 1, 13, 15, 1, 2, 15, 13, 1 ],
				"vertices": [ 2, 19, -0.7, 10.58, 0.65599, 18, 2.38, 88.44, 0.344, 2, 19, 14.62, 6.4, 0.99572, 20, -13.98, -6.15, 0.00427, 2, 19, 24.91, -2.13, 0.86677, 20, -2.31, 0.4, 0.13322, 1, 20, 9.34, 6.95, 1, 1, 20, 26.71, 4.46, 1, 1, 20, 37.91, 23.01, 1, 1, 20, 47.72, 5.57, 1, 1, 20, 31.28, -3.66, 1, 1, 20, 15.09, -12.75, 1, 2, 19, 18.87, -10.27, 0.2789, 20, 3.11, -8.16, 0.72109, 1, 19, 3.9, -5.65, 1, 2, 19, -1.71, -6.01, 0.49599, 18, 12.17, 74.99, 0.504, 1, 18, 2.33999, 75.01, 0.99999, 2, 19, 12.17, -0.81, 0.98728, 20, -8.1, -11.02, 0.01271, 1, 20, 14.67, -1.97, 1, 2, 19, 22.53, -5.86, 0.29627, 20, 0.31, -3.16, 0.70372 ],
				"hull": 13
			}
		},
		"summon/hiar2": {
			"summon/hiar": {
				"type": "weightedmesh",
				"uvs": [ 0, 0.32892, 0.08453, 0, 0.1627, 0, 0.24087, 0, 0.32224, 0.53367, 0.43243, 0, 0.43243, 1, 0.32224, 1, 0.21375, 1, 0.16589, 0.50637, 0.08134, 0.80667, 0.05741, 1, 0, 1, 0.10048, 0.35622, 0.24247, 0.52002, 0.16589, 0.21972 ],
				"triangles": [ 6, 4, 5, 7, 14, 4, 6, 7, 4, 7, 8, 14, 8, 9, 14, 14, 15, 3, 4, 14, 3, 14, 9, 15, 15, 2, 3, 11, 12, 10, 12, 0, 10, 10, 13, 9, 10, 0, 13, 13, 15, 9, 0, 1, 13, 15, 1, 2, 15, 13, 1 ],
				"vertices": [ 2, 19, -0.7, 10.58, 0.65599, 18, 2.38, 88.44, 0.344, 2, 19, 14.62, 6.4, 0.99572, 20, -13.98, -6.15, 0.00427, 2, 19, 24.91, -2.13, 0.86677, 20, -2.31, 0.4, 0.13322, 1, 20, 9.34, 6.95, 1, 1, 20, 26.71, 4.46, 1, 1, 20, 37.91, 23.01, 1, 1, 20, 47.72, 5.57, 1, 1, 20, 31.28, -3.66, 1, 1, 20, 15.09, -12.75, 1, 2, 19, 18.87, -10.27, 0.2789, 20, 3.11, -8.16, 0.72109, 1, 19, 3.9, -5.65, 1, 2, 19, -1.71, -6.01, 0.49599, 18, 12.17, 74.99, 0.504, 1, 18, 2.33999, 75.01, 0.99999, 2, 19, 12.17, -0.81, 0.98728, 20, -8.1, -11.02, 0.01271, 1, 20, 14.67, -1.97, 1, 2, 19, 22.53, -5.86, 0.29627, 20, 0.31, -3.16, 0.70372 ],
				"hull": 13
			}
		},
		"summon/ring": {
			"summon/ring": { "x": 19.84, "y": -7.42, "width": 356, "height": 324 }
		},
		"summon/ring2": {
			"summon/ring": { "x": 19.84, "y": -7.42, "width": 356, "height": 324 }
		},
		"summon/summon": {
			"summon/summon": { "x": 21, "y": -15.43, "width": 326, "height": 265 }
		},
		"wave": {
			"EF/5220_S1_wave1/5220_S1_wave1_00000": { "x": -1.34, "y": 1.83, "width": 250, "height": 250 },
			"EF/5220_S1_wave1/5220_S1_wave1_00002": { "x": -1.34, "y": 1.83, "width": 250, "height": 250 },
			"EF/5220_S1_wave1/5220_S1_wave1_00004": { "x": -1.34, "y": 1.83, "width": 250, "height": 250 },
			"EF/5220_S1_wave1/5220_S1_wave1_00006": { "x": -1.34, "y": 1.83, "width": 250, "height": 250 },
			"EF/5220_S1_wave1/5220_S1_wave1_00008": { "x": -1.34, "y": 1.83, "width": 250, "height": 250 }
		},
		"wave2": {
			"EF/5220_S1_wave1/5220_S1_wave1_00000": { "x": -1.34, "y": 1.83, "width": 250, "height": 250 },
			"EF/5220_S1_wave1/5220_S1_wave1_00002": { "x": -1.34, "y": 1.83, "width": 250, "height": 250 },
			"EF/5220_S1_wave1/5220_S1_wave1_00004": { "x": -1.34, "y": 1.83, "width": 250, "height": 250 },
			"EF/5220_S1_wave1/5220_S1_wave1_00006": { "x": -1.34, "y": 1.83, "width": 250, "height": 250 },
			"EF/5220_S1_wave1/5220_S1_wave1_00008": { "x": -1.34, "y": 1.83, "width": 250, "height": 250 }
		},
		"wave3": {
			"EF/5220_S1_wave1/5220_S1_wave1_00000": { "x": -1.34, "y": 1.83, "width": 250, "height": 250 },
			"EF/5220_S1_wave1/5220_S1_wave1_00002": { "x": -1.34, "y": 1.83, "width": 250, "height": 250 },
			"EF/5220_S1_wave1/5220_S1_wave1_00004": { "x": -1.34, "y": 1.83, "width": 250, "height": 250 },
			"EF/5220_S1_wave1/5220_S1_wave1_00006": { "x": -1.34, "y": 1.83, "width": 250, "height": 250 },
			"EF/5220_S1_wave1/5220_S1_wave1_00008": { "x": -1.34, "y": 1.83, "width": 250, "height": 250 }
		},
		"weaponA_00_ad": {
			"weapon/weapon_1": { "x": -17.5, "y": -1.86, "width": 86, "height": 16 },
			"weapon/weapon_1cut": { "x": -17.5, "y": -1.86, "width": 86, "height": 16 }
		},
		"weaponA_00_no": {
			"weapon/weapon_1": { "x": -17.29, "y": -0.82, "width": 86, "height": 16 },
			"weapon/weapon_1cut2": { "path": "weapon/weapon_1cut", "x": -17.29, "y": -0.82, "width": 86, "height": 16 }
		},
		"weaponA_01_ad": {
			"weapon/weapon_1": { "x": -17.29, "y": -0.82, "width": 86, "height": 16 }
		},
		"weaponA_01_no": {
			"weapon/weapon_1": { "x": -17.29, "y": -0.82, "width": 86, "height": 16 }
		},
		"weaponB_00_ad": {
			"weapon/weapon_2": { "x": -24.37, "y": 1.38, "width": 94, "height": 19 },
			"weapon/weapon_2cut": { "x": -24.37, "y": 1.38, "width": 94, "height": 19 }
		},
		"weaponB_00_no": {
			"weapon/weapon_2": { "x": -24.41, "y": 1.37, "width": 94, "height": 19 },
			"weapon/weapon_2cut2": { "path": "weapon/weapon_2cut", "x": -24.41, "y": 1.37, "width": 94, "height": 19 }
		},
		"weaponB_01_ad": {
			"weapon/weapon_2": { "x": -19.21, "y": 0.21, "width": 94, "height": 19 }
		},
		"weaponB_01_no": {
			"weapon/weapon_2": { "x": -19.21, "y": 0.21, "width": 94, "height": 19 }
		},
		"weaponC_00_ad": {
			"weapon/weapon_3": { "x": -7.42, "y": -1.04, "width": 83, "height": 16 },
			"weapon/weapon_3cut": { "x": -7.42, "y": -1.04, "width": 75, "height": 16 }
		},
		"weaponC_00_no": {
			"weapon/weapon_3": { "x": -7.44, "y": -1.05, "width": 83, "height": 16 },
			"weapon/weapon_3cut2": { "path": "weapon/weapon_3cut", "x": -7.44, "y": -1.05, "width": 75, "height": 16 }
		},
		"weaponC_01_ad": {
			"weapon/weapon_3": { "x": -9.53, "y": 0.01, "width": 83, "height": 16 }
		},
		"weaponC_01_no": {
			"weapon/weapon_3": { "x": -9.53, "y": 0.01, "width": 83, "height": 16 }
		},
		"weaponD_00_ad": {
			"weapon/weapon_4": { "x": -27.45, "y": -0.28, "width": 102, "height": 27 }
		},
		"weaponD_00_no": {
			"weapon/weapon_4": { "x": -27.45, "y": -0.28, "width": 102, "height": 27 }
		},
		"weaponD_01_ad": {
			"weapon/weapon_4": { "x": -27.45, "y": -0.28, "width": 102, "height": 27 }
		},
		"weaponD_01_no": {
			"weapon/weapon_4": { "x": -27.45, "y": -0.28, "width": 102, "height": 27 }
		}
	}
},
"events": {
	"Event": {},
	"Hit": {},
	"Sound1": {},
	"Sound2": {},
	"Sound3": {},
	"Voice": {}
},
"animations": {
	"attack1": {
		"slots": {
			"5110_S2_power2/5110_S2_power2_00000": {
				"attachment": [
					{ "time": 0.2333, "name": "5110_S2_power2/5110_S2_power2_00001" },
					{ "time": 0.2666, "name": "5110_S2_power2/5110_S2_power2_00003" },
					{ "time": 0.3, "name": "5110_S2_power2/5110_S2_power2_00005" },
					{ "time": 0.3333, "name": "5110_S2_power2/5110_S2_power2_00007" },
					{ "time": 0.3666, "name": "5110_S2_power2/5110_S2_power2_00008" },
					{ "time": 2, "name": "5110_S2_power2/5110_S2_power2_00001" },
					{ "time": 2.0333, "name": "5110_S2_power2/5110_S2_power2_00003" },
					{ "time": 2.0666, "name": "5110_S2_power2/5110_S2_power2_00005" },
					{ "time": 2.1, "name": "5110_S2_power2/5110_S2_power2_00007" },
					{ "time": 2.1333, "name": "5110_S2_power2/5110_S2_power2_00008" },
					{ "time": 3.2666, "name": "5110_S2_power2/5110_S2_power2_00001" },
					{ "time": 3.3, "name": "5110_S2_power2/5110_S2_power2_00003" },
					{ "time": 3.3666, "name": "5110_S2_power2/5110_S2_power2_00005" },
					{ "time": 3.4, "name": "5110_S2_power2/5110_S2_power2_00007" },
					{ "time": 3.4666, "name": "5110_S2_power2/5110_S2_power2_00008" }
				],
				"color": [
					{ "time": 0.3666, "color": "ffffffff" },
					{ "time": 0.4666, "color": "ffffff00", "curve": "stepped" },
					{ "time": 2.1333, "color": "ffffffff" },
					{ "time": 2.2333, "color": "ffffff00", "curve": "stepped" },
					{ "time": 3.2666, "color": "ffffffff", "curve": "stepped" },
					{ "time": 3.4666, "color": "ffffffff" },
					{ "time": 3.5666, "color": "ffffff00" }
				]
			},
			"5220_S1_ex1/5220_S1_ex1_0": {
				"attachment": [
					{ "time": 3.0333, "name": "5220_S1_ex1/5220_S1_ex1_00000" },
					{ "time": 3.0666, "name": "5220_S1_ex1/5220_S1_ex1_00001" },
					{ "time": 3.1, "name": "5220_S1_ex1/5220_S1_ex1_00002" },
					{ "time": 3.1333, "name": "5220_S1_ex1/5220_S1_ex1_00003" },
					{ "time": 3.1666, "name": "5220_S1_ex1/5220_S1_ex1_00004" },
					{ "time": 3.2, "name": "5220_S1_ex1/5220_S1_ex1_00005" },
					{ "time": 3.2333, "name": "5220_S1_ex1/5220_S1_ex1_00006" },
					{ "time": 3.2666, "name": "5220_S1_ex1/5220_S1_ex1_00007" },
					{ "time": 3.3, "name": "5220_S1_ex1/5220_S1_ex1_00008" },
					{ "time": 3.3333, "name": "5220_S1_ex1/5220_S1_ex1_00009" },
					{ "time": 3.3666, "name": "5220_S1_ex1/5220_S1_ex1_00010" },
					{ "time": 3.4, "name": "5220_S1_ex1/5220_S1_ex1_00011" },
					{ "time": 3.4666, "name": "5220_S1_ex1/5220_S1_ex1_00012" }
				],
				"color": [
					{ "time": 3.0333, "color": "ffffffff", "curve": "stepped" },
					{ "time": 3.5, "color": "ffffffff" },
					{ "time": 3.6, "color": "ffffff00" }
				]
			},
			"5220_S1_ex1/5220_S1_ex1_00000": {
				"attachment": [
					{ "time": 3.0333, "name": "5220_S1_ex1/5220_S1_ex1_00000" },
					{ "time": 3.0666, "name": "5220_S1_ex1/5220_S1_ex1_00001" },
					{ "time": 3.1, "name": "5220_S1_ex1/5220_S1_ex1_00002" },
					{ "time": 3.1333, "name": "5220_S1_ex1/5220_S1_ex1_00003" },
					{ "time": 3.1666, "name": "5220_S1_ex1/5220_S1_ex1_00004" },
					{ "time": 3.2, "name": "5220_S1_ex1/5220_S1_ex1_00005" },
					{ "time": 3.2333, "name": "5220_S1_ex1/5220_S1_ex1_00006" },
					{ "time": 3.2666, "name": "5220_S1_ex1/5220_S1_ex1_00007" },
					{ "time": 3.3, "name": "5220_S1_ex1/5220_S1_ex1_00008" },
					{ "time": 3.3333, "name": "5220_S1_ex1/5220_S1_ex1_00009" },
					{ "time": 3.3666, "name": "5220_S1_ex1/5220_S1_ex1_00010" },
					{ "time": 3.4, "name": "5220_S1_ex1/5220_S1_ex1_00011" },
					{ "time": 3.4666, "name": "5220_S1_ex1/5220_S1_ex1_00012" }
				],
				"color": [
					{ "time": 3.0333, "color": "ffffffff", "curve": "stepped" },
					{ "time": 3.5, "color": "ffffffff" },
					{ "time": 3.6, "color": "ffffff00" }
				]
			},
			"5220_S2_power1/5220_S2_power1_00000": {
				"attachment": [
					{ "time": 2.2666, "name": "5220_S2_power1/5220_S2_power1_00000" },
					{ "time": 2.3666, "name": "5220_S2_power1/5220_S2_power1_00002" },
					{ "time": 2.4666, "name": "5220_S2_power1/5220_S2_power1_00004" },
					{ "time": 2.5333, "name": "5220_S2_power1/5220_S2_power1_00006" },
					{ "time": 2.6, "name": null }
				],
				"color": [
					{ "time": 2.2666, "color": "ffffff3a" },
					{ "time": 2.4, "color": "ffffffff", "curve": "stepped" },
					{ "time": 2.5, "color": "ffffffff" },
					{ "time": 2.6, "color": "ffffff00" }
				]
			},
			"5220_S2_power2a/5220_S2_power2a_00001": {
				"attachment": [
					{ "time": 3.2666, "name": "5220_S2_power2a/5220_S2_power2a_00002" },
					{ "time": 3.3333, "name": "5220_S2_power2a/5220_S2_power2a_00004" },
					{ "time": 3.3666, "name": "5220_S2_power2a/5220_S2_power2a_00006" },
					{ "time": 3.4333, "name": "5220_S2_power2a/5220_S2_power2a_00008" },
					{ "time": 3.4666, "name": "5220_S2_power2a/5220_S2_power2a_00010" },
					{ "time": 3.5, "name": "5220_S2_power2a/5220_S2_power2a_00012" }
				],
				"color": [
					{ "time": 3.2666, "color": "ffffffff", "curve": "stepped" },
					{ "time": 3.5, "color": "ffffffff" },
					{ "time": 3.5666, "color": "ffffff00" }
				]
			},
			"5220_S2_power2a/5220_S2_power2a_1": {
				"attachment": [
					{ "time": 3.2666, "name": "5220_S2_power2a/5220_S2_power2a_00002" },
					{ "time": 3.3333, "name": "5220_S2_power2a/5220_S2_power2a_00004" },
					{ "time": 3.3666, "name": "5220_S2_power2a/5220_S2_power2a_00006" },
					{ "time": 3.4333, "name": "5220_S2_power2a/5220_S2_power2a_00008" },
					{ "time": 3.4666, "name": "5220_S2_power2a/5220_S2_power2a_00010" },
					{ "time": 3.5, "name": "5220_S2_power2a/5220_S2_power2a_00012" }
				],
				"color": [
					{ "time": 3.2666, "color": "ffffffff", "curve": "stepped" },
					{ "time": 3.4666, "color": "ffffffff" },
					{ "time": 3.5666, "color": "ffffff00" }
				]
			},
			"5220_S2_power2b/5220_S2_power2b_00000": {
				"attachment": [
					{ "time": 0.2666, "name": "5220_S2_power2b/5220_S2_power2b_00000" },
					{ "time": 0.4, "name": null },
					{ "time": 2.0333, "name": "5220_S2_power2b/5220_S2_power2b_00000" },
					{ "time": 2.1666, "name": null },
					{ "time": 3.3333, "name": "5220_S2_power2b/5220_S2_power2b_00000" },
					{ "time": 3.5666, "name": null }
				]
			},
			"5220_S3_slash1/5220_S3_slash1_00006": {
				"attachment": [
					{ "time": 0.5, "name": "5220_S3_slash1/5220_S3_slash1_00006" },
					{ "time": 0.9666, "name": "5220_S3_slash1/5220_S3_slash1_00006" },
					{ "time": 1, "name": null },
					{ "time": 1.2333, "name": "5220_S3_slash1/5220_S3_slash1_00006" },
					{ "time": 1.2666, "name": null },
					{ "time": 1.6, "name": "5220_S3_slash1/5220_S3_slash1_00006" },
					{ "time": 1.6333, "name": null },
					{ "time": 1.8333, "name": "5220_S3_slash1/5220_S3_slash1_00006" },
					{ "time": 1.8666, "name": null },
					{ "time": 2.6, "name": "5220_S3_slash1/5220_S3_slash1_00006" },
					{ "time": 2.6666, "name": null }
				],
				"color": [
					{ "time": 0.5, "color": "ffffff00" },
					{ "time": 0.5333, "color": "ffffffff" }
				]
			},
			"5220_S3_slash1/5220_S3_slash1_6": {
				"attachment": [
					{ "time": 0.5, "name": "5220_S3_slash1/5220_S3_slash1_00006" },
					{ "time": 1.1, "name": "5220_S3_slash1/5220_S3_slash1_00006" },
					{ "time": 1.1333, "name": null },
					{ "time": 1.3666, "name": "5220_S3_slash1/5220_S3_slash1_00006" },
					{ "time": 1.4, "name": null },
					{ "time": 1.6666, "name": "5220_S3_slash1/5220_S3_slash1_00006" },
					{ "time": 1.7, "name": null },
					{ "time": 2.6, "name": "5220_S3_slash1/5220_S3_slash1_00006" },
					{ "time": 2.6666, "name": null }
				],
				"color": [
					{ "time": 0.5, "color": "ffffff00" },
					{ "time": 0.5333, "color": "ffffffff" }
				]
			},
			"5220_S3_slash1/5220_S3_slash1_7": {
				"attachment": [
					{ "time": 0.5, "name": "5220_S3_slash1/5220_S3_slash1_00006" },
					{ "time": 0.7666, "name": "5220_S3_slash1/5220_S3_slash1_00006" },
					{ "time": 0.8333, "name": null },
					{ "time": 1, "name": "5220_S3_slash1/5220_S3_slash1_00006" },
					{ "time": 1.0666, "name": null },
					{ "time": 1.2666, "name": "5220_S3_slash1/5220_S3_slash1_00006" },
					{ "time": 1.3666, "name": null },
					{ "time": 1.5666, "name": "5220_S3_slash1/5220_S3_slash1_00006" },
					{ "time": 1.6333, "name": null },
					{ "time": 1.8, "name": "5220_S3_slash1/5220_S3_slash1_00006" },
					{ "time": 1.8666, "name": null },
					{ "time": 2.6, "name": "5220_S3_slash1/5220_S3_slash1_00006" },
					{ "time": 2.6666, "name": null }
				],
				"color": [
					{ "time": 0.5, "color": "ffffff00" },
					{ "time": 0.5333, "color": "ffffffff" }
				]
			},
			"5220_S3_slash1/5220_S3_slash1_8": {
				"attachment": [
					{ "time": 0.5, "name": "5220_S3_slash1/5220_S3_slash1_00006" },
					{ "time": 0.9, "name": "5220_S3_slash1/5220_S3_slash1_00006" },
					{ "time": 1, "name": null },
					{ "time": 1.0666, "name": "5220_S3_slash1/5220_S3_slash1_00006" },
					{ "time": 1.2, "name": null },
					{ "time": 1.2333, "name": "5220_S3_slash1/5220_S3_slash1_00006" },
					{ "time": 1.3666, "name": null },
					{ "time": 1.4333, "name": "5220_S3_slash1/5220_S3_slash1_00006" },
					{ "time": 1.6, "name": null },
					{ "time": 2.6, "name": "5220_S3_slash1/5220_S3_slash1_00006" },
					{ "time": 2.6666, "name": null }
				],
				"color": [
					{ "time": 0.5, "color": "ffffff00" },
					{ "time": 0.5333, "color": "ffffffff" }
				]
			},
			"5220_S3_slash1/5220_S3_slash1_9": {
				"attachment": [
					{ "time": 0.5, "name": "5220_S3_slash1/5220_S3_slash1_00006" },
					{ "time": 1.0333, "name": null },
					{ "time": 1.1, "name": "5220_S3_slash1/5220_S3_slash1_00006" },
					{ "time": 1.2333, "name": null },
					{ "time": 1.3666, "name": "5220_S3_slash1/5220_S3_slash1_00006" },
					{ "time": 1.5, "name": null },
					{ "time": 1.7333, "name": "5220_S3_slash1/5220_S3_slash1_00006" },
					{ "time": 1.8333, "name": null },
					{ "time": 2.6, "name": "5220_S3_slash1/5220_S3_slash1_00006" },
					{ "time": 2.6666, "name": null }
				],
				"color": [
					{ "time": 0.5, "color": "ffffff00" },
					{ "time": 0.5333, "color": "ffffffff" }
				]
			},
			"5220_S3_slash1/5220_S3_slash1_10": {
				"attachment": [
					{ "time": 0.5, "name": "5220_S3_slash1/5220_S3_slash1_00006" },
					{ "time": 1.1333, "name": null },
					{ "time": 1.3, "name": null },
					{ "time": 1.5666, "name": null },
					{ "time": 2.6, "name": "5220_S3_slash1/5220_S3_slash1_00006" },
					{ "time": 2.6666, "name": null }
				],
				"color": [
					{ "time": 0.5, "color": "ffffff00" },
					{ "time": 0.5333, "color": "ffffffff" }
				]
			},
			"5220_S3_slash1/5220_S3_slash1_11": {
				"attachment": [
					{ "time": 0.5, "name": "5220_S3_slash1/5220_S3_slash1_00006" },
					{ "time": 0.7333, "name": "5220_S3_slash1/5220_S3_slash1_00006" },
					{ "time": 0.8, "name": null },
					{ "time": 0.8333, "name": "5220_S3_slash1/5220_S3_slash1_00006" },
					{ "time": 0.9, "name": null },
					{ "time": 0.9666, "name": "5220_S3_slash1/5220_S3_slash1_00006" },
					{ "time": 1.0333, "name": null },
					{ "time": 1.1, "name": "5220_S3_slash1/5220_S3_slash1_00006" },
					{ "time": 1.2, "name": null },
					{ "time": 2.6, "name": "5220_S3_slash1/5220_S3_slash1_00006" },
					{ "time": 2.6666, "name": null }
				],
				"color": [
					{ "time": 0.5, "color": "ffffff00" },
					{ "time": 0.5333, "color": "ffffffff" }
				]
			},
			"5220_S3_slash1/5220_S3_slash1_12": {
				"attachment": [
					{ "time": 0.5, "name": "5220_S3_slash1/5220_S3_slash1_00006" },
					{ "time": 1.0333, "name": "5220_S3_slash1/5220_S3_slash1_00006" },
					{ "time": 1.0666, "name": null },
					{ "time": 1.2666, "name": "5220_S3_slash1/5220_S3_slash1_00006" },
					{ "time": 1.3, "name": null },
					{ "time": 1.5, "name": "5220_S3_slash1/5220_S3_slash1_00006" },
					{ "time": 1.5666, "name": null },
					{ "time": 2.6, "name": "5220_S3_slash1/5220_S3_slash1_00006" },
					{ "time": 2.6666, "name": null }
				],
				"color": [
					{ "time": 0.5, "color": "ffffff00" },
					{ "time": 0.5333, "color": "ffffffff" }
				]
			},
			"DAMAGEAREA": {
				"attachment": [
					{ "time": 0.7666, "name": "DAMAGEAREA" },
					{ "time": 1.8, "name": null },
					{ "time": 2.6333, "name": "DAMAGEAREA" },
					{ "time": 2.8666, "name": null },
					{ "time": 3.0666, "name": "DAMAGEAREA" },
					{ "time": 3.2333, "name": null }
				]
			},
			"EF/magic_2water": {
				"attachment": [
					{ "time": 0.2333, "name": "EF/magic_2water" }
				],
				"color": [
					{ "time": 0.2333, "color": "ffffff00" },
					{ "time": 0.5666, "color": "ffffffff", "curve": "stepped" },
					{ "time": 0.7333, "color": "ffffffff", "curve": "stepped" },
					{ "time": 2.9, "color": "ffffffff", "curve": "stepped" },
					{ "time": 3.3666, "color": "ffffffff" },
					{ "time": 3.4333, "color": "ffffff00" }
				]
			},
			"summon/BIG_ring": {
				"attachment": [
					{ "time": 0.2333, "name": "summon/BIG_ring" }
				],
				"color": [
					{ "time": 0.2333, "color": "ffffff00" },
					{ "time": 0.5666, "color": "ffffffff", "curve": "stepped" },
					{ "time": 0.7333, "color": "ffffffff", "curve": "stepped" },
					{ "time": 2.9, "color": "ffffffff", "curve": "stepped" },
					{ "time": 3.4, "color": "ffffffff" },
					{ "time": 3.4666, "color": "ffffff00" }
				]
			},
			"summon/BIG_ring2": {
				"attachment": [
					{ "time": 0.6666, "name": "summon/BIG_ring" }
				],
				"color": [
					{
						"time": 0.6666,
						"color": "fff8f300",
						"curve": [ 0.25, 0, 0.811, 0.52 ]
					},
					{ "time": 2.4666, "color": "fff8f3ff", "curve": "stepped" },
					{ "time": 2.5, "color": "fff8f3ff" },
					{ "time": 2.5333, "color": "fff8f300" }
				]
			},
			"summon/BL_skirt": {
				"attachment": [
					{ "time": 0.2333, "name": "summon/BL_skirt" }
				],
				"color": [
					{ "time": 0.2333, "color": "ffffff00" },
					{ "time": 0.5666, "color": "ffffffff", "curve": "stepped" },
					{ "time": 0.7333, "color": "ffffffff", "curve": "stepped" },
					{ "time": 2.9, "color": "ffffffff", "curve": "stepped" },
					{ "time": 3.4, "color": "ffffffff" },
					{ "time": 3.4666, "color": "ffffff00" }
				]
			},
			"summon/BL_skirt2": {
				"attachment": [
					{ "time": 0.6666, "name": "summon/BL_skirt" }
				],
				"color": [
					{
						"time": 0.6666,
						"color": "fff8f300",
						"curve": [ 0.25, 0, 0.811, 0.52 ]
					},
					{ "time": 2.4666, "color": "fff8f3ff", "curve": "stepped" },
					{ "time": 2.5, "color": "fff8f3ff" },
					{ "time": 2.5333, "color": "fff8f300" }
				]
			},
			"summon/BR_skirt": {
				"attachment": [
					{ "time": 0.2333, "name": "summon/BR_skirt" }
				],
				"color": [
					{ "time": 0.2333, "color": "ffffff00" },
					{ "time": 0.5666, "color": "ffffffff", "curve": "stepped" },
					{ "time": 0.7333, "color": "ffffffff", "curve": "stepped" },
					{ "time": 2.9, "color": "ffffffff", "curve": "stepped" },
					{ "time": 3.4, "color": "ffffffff" },
					{ "time": 3.4666, "color": "ffffff00" }
				]
			},
			"summon/BR_skirt2": {
				"attachment": [
					{ "time": 0.6666, "name": "summon/BR_skirt" }
				],
				"color": [
					{
						"time": 0.6666,
						"color": "fff8f300",
						"curve": [ 0.25, 0, 0.811, 0.52 ]
					},
					{ "time": 2.4666, "color": "fff8f3ff", "curve": "stepped" },
					{ "time": 2.5, "color": "fff8f3ff" },
					{ "time": 2.5333, "color": "fff8f300" }
				]
			},
			"summon/F_cloth": {
				"attachment": [
					{ "time": 0.2333, "name": "summon/F_cloth" }
				],
				"color": [
					{ "time": 0.2333, "color": "ffffff00" },
					{ "time": 0.5666, "color": "ffffffff", "curve": "stepped" },
					{ "time": 0.7333, "color": "ffffffff", "curve": "stepped" },
					{ "time": 2.9, "color": "ffffffff", "curve": "stepped" },
					{ "time": 3.4, "color": "ffffffff" },
					{ "time": 3.4666, "color": "ffffff00" }
				]
			},
			"summon/F_cloth2": {
				"attachment": [
					{ "time": 0.6666, "name": "summon/F_cloth" }
				],
				"color": [
					{
						"time": 0.6666,
						"color": "fff8f300",
						"curve": [ 0.25, 0, 0.811, 0.52 ]
					},
					{ "time": 2.4666, "color": "fff8f3ff", "curve": "stepped" },
					{ "time": 2.5, "color": "fff8f3ff" },
					{ "time": 2.5333, "color": "fff8f300" }
				]
			},
			"summon/L_arm": {
				"attachment": [
					{ "time": 0.2333, "name": "summon/L_arm" }
				],
				"color": [
					{ "time": 0.2333, "color": "ffffff00" },
					{ "time": 0.5666, "color": "ffffffff", "curve": "stepped" },
					{ "time": 0.7333, "color": "ffffffff", "curve": "stepped" },
					{ "time": 2.9, "color": "ffffffff", "curve": "stepped" },
					{ "time": 3.4, "color": "ffffffff" },
					{ "time": 3.4666, "color": "ffffff00" }
				]
			},
			"summon/L_arm2": {
				"attachment": [
					{ "time": 0.6666, "name": "summon/L_arm" }
				],
				"color": [
					{
						"time": 0.6666,
						"color": "fff8f300",
						"curve": [ 0.25, 0, 0.811, 0.52 ]
					},
					{ "time": 2.4666, "color": "fff8f3ff", "curve": "stepped" },
					{ "time": 2.5, "color": "fff8f3ff" },
					{ "time": 2.5333, "color": "fff8f300" }
				]
			},
			"summon/L_chain_1": {
				"attachment": [
					{ "time": 0.2333, "name": "summon/L_chain_1" }
				],
				"color": [
					{ "time": 0.2333, "color": "ffffff00" },
					{ "time": 0.5666, "color": "ffffffff", "curve": "stepped" },
					{ "time": 0.7333, "color": "ffffffff", "curve": "stepped" },
					{ "time": 2.9, "color": "ffffffff", "curve": "stepped" },
					{ "time": 3.4, "color": "ffffffff" },
					{ "time": 3.4666, "color": "ffffff00" }
				]
			},
			"summon/L_chain_2": {
				"attachment": [
					{ "time": 0.2333, "name": "summon/L_chain_2" }
				],
				"color": [
					{ "time": 0.2333, "color": "ffffff00" },
					{ "time": 0.5, "color": "ffffffff", "curve": "stepped" },
					{ "time": 0.5666, "color": "ffffffff", "curve": "stepped" },
					{ "time": 0.6666, "color": "ffffffff", "curve": "stepped" },
					{ "time": 0.7333, "color": "ffffffff" },
					{ "time": 2.4666, "color": "fffcfaff" },
					{ "time": 2.8333, "color": "ffffffff", "curve": "stepped" },
					{ "time": 2.9, "color": "ffffffff", "curve": "stepped" },
					{ "time": 3.4, "color": "ffffffff" },
					{ "time": 3.4666, "color": "ffffff00" }
				]
			},
			"summon/L_cloth": {
				"attachment": [
					{ "time": 0.2333, "name": "summon/L_cloth" }
				],
				"color": [
					{ "time": 0, "color": "ffffff00", "curve": "stepped" },
					{ "time": 0.2333, "color": "ffffff00" },
					{ "time": 0.5666, "color": "ffffffff", "curve": "stepped" },
					{ "time": 0.7333, "color": "ffffffff", "curve": "stepped" },
					{ "time": 2.9, "color": "ffffffff", "curve": "stepped" },
					{ "time": 3.4, "color": "ffffffff" },
					{ "time": 3.4666, "color": "ffffff00" }
				]
			},
			"summon/L_cloth2": {
				"attachment": [
					{ "time": 0.6666, "name": "summon/L_cloth" }
				],
				"color": [
					{
						"time": 0.6666,
						"color": "fff8f300",
						"curve": [ 0.25, 0, 0.811, 0.52 ]
					},
					{ "time": 2.4666, "color": "fff8f3ff", "curve": "stepped" },
					{ "time": 2.5, "color": "fff8f3ff" },
					{ "time": 2.5333, "color": "fff8f300" }
				]
			},
			"summon/L_hand": {
				"attachment": [
					{ "time": 0.2333, "name": "summon/L_hand" }
				],
				"color": [
					{ "time": 0.2333, "color": "ffffff00" },
					{ "time": 0.5666, "color": "ffffffff", "curve": "stepped" },
					{ "time": 0.7333, "color": "ffffffff", "curve": "stepped" },
					{ "time": 2.9, "color": "ffffffff", "curve": "stepped" },
					{ "time": 3.4, "color": "ffffffff" },
					{ "time": 3.4666, "color": "ffffff00" }
				]
			},
			"summon/L_hand2": {
				"attachment": [
					{ "time": 0.6666, "name": "summon/L_hand" }
				],
				"color": [
					{
						"time": 0.6666,
						"color": "fff8f300",
						"curve": [ 0.25, 0, 0.811, 0.52 ]
					},
					{ "time": 2.4666, "color": "fff8f3ff", "curve": "stepped" },
					{ "time": 2.5, "color": "fff8f3ff" },
					{ "time": 2.5333, "color": "fff8f300" }
				]
			},
			"summon/L_shoulder": {
				"attachment": [
					{ "time": 0.2333, "name": "summon/L_shoulder" }
				],
				"color": [
					{ "time": 0.2333, "color": "ffffff00" },
					{ "time": 0.5666, "color": "ffffffff", "curve": "stepped" },
					{ "time": 0.7333, "color": "ffffffff", "curve": "stepped" },
					{ "time": 2.9, "color": "ffffffff", "curve": "stepped" },
					{ "time": 3.4, "color": "ffffffff" },
					{ "time": 3.4666, "color": "ffffff00" }
				]
			},
			"summon/L_shoulder2": {
				"attachment": [
					{ "time": 0.6666, "name": "summon/L_shoulder" }
				],
				"color": [
					{
						"time": 0.6666,
						"color": "fff8f300",
						"curve": [ 0.25, 0, 0.811, 0.52 ]
					},
					{ "time": 2.4666, "color": "fff8f3ff", "curve": "stepped" },
					{ "time": 2.5, "color": "fff8f3ff" },
					{ "time": 2.5333, "color": "fff8f300" }
				]
			},
			"summon/L_wing": {
				"attachment": [
					{ "time": 0.2333, "name": "summon/L_wing" }
				],
				"color": [
					{ "time": 0.2333, "color": "ffffff00" },
					{ "time": 0.5666, "color": "ffffffff", "curve": "stepped" },
					{ "time": 0.7333, "color": "ffffffff", "curve": "stepped" },
					{ "time": 2.9, "color": "ffffffff", "curve": "stepped" },
					{ "time": 3.4, "color": "ffffffff" },
					{ "time": 3.4666, "color": "ffffff00" }
				]
			},
			"summon/L_wing2": {
				"attachment": [
					{ "time": 0.6666, "name": "summon/L_wing" }
				],
				"color": [
					{
						"time": 0.6666,
						"color": "fff8f300",
						"curve": [ 0.25, 0, 0.811, 0.52 ]
					},
					{ "time": 2.4666, "color": "fff8f3ff", "curve": "stepped" },
					{ "time": 2.5, "color": "fff8f3ff" },
					{ "time": 2.5333, "color": "fff8f300" }
				]
			},
			"summon/R_arm": {
				"attachment": [
					{ "time": 0.2333, "name": "summon/R_arm" }
				],
				"color": [
					{ "time": 0.2333, "color": "ffffff00" },
					{ "time": 0.5666, "color": "ffffffff", "curve": "stepped" },
					{ "time": 0.7333, "color": "ffffffff", "curve": "stepped" },
					{ "time": 2.9, "color": "ffffffff", "curve": "stepped" },
					{ "time": 3.4, "color": "ffffffff" },
					{ "time": 3.4666, "color": "ffffff00" }
				]
			},
			"summon/R_arm2": {
				"attachment": [
					{ "time": 0.6666, "name": "summon/R_arm" }
				],
				"color": [
					{
						"time": 0.6666,
						"color": "fff8f300",
						"curve": [ 0.25, 0, 0.811, 0.52 ]
					},
					{ "time": 2.4666, "color": "fff8f3ff", "curve": "stepped" },
					{ "time": 2.5, "color": "fff8f3ff" },
					{ "time": 2.5333, "color": "fff8f300" }
				]
			},
			"summon/R_chain_1": {
				"attachment": [
					{ "time": 0.2333, "name": "summon/R_chain_1" }
				],
				"color": [
					{ "time": 0.2333, "color": "ffffff00" },
					{ "time": 0.5666, "color": "ffffffff", "curve": "stepped" },
					{ "time": 0.7333, "color": "ffffffff", "curve": "stepped" },
					{ "time": 2.9, "color": "ffffffff", "curve": "stepped" },
					{ "time": 3.4, "color": "ffffffff" },
					{ "time": 3.4666, "color": "ffffff00" }
				]
			},
			"summon/R_chain_2": {
				"attachment": [
					{ "time": 0.2333, "name": "summon/R_chain_2" }
				],
				"color": [
					{ "time": 0.2333, "color": "ffffff00" },
					{ "time": 0.5, "color": "ffffffff", "curve": "stepped" },
					{ "time": 0.6666, "color": "ffffffff", "curve": "stepped" },
					{ "time": 2.8333, "color": "ffffffff", "curve": "stepped" },
					{ "time": 3.4, "color": "ffffffff" },
					{ "time": 3.4666, "color": "ffffff00" }
				]
			},
			"summon/R_cloth": {
				"attachment": [
					{ "time": 0.2333, "name": "summon/R_cloth" }
				],
				"color": [
					{ "time": 0.2333, "color": "ffffff00" },
					{ "time": 0.5666, "color": "ffffffff", "curve": "stepped" },
					{ "time": 0.7333, "color": "ffffffff", "curve": "stepped" },
					{ "time": 2.9, "color": "ffffffff", "curve": "stepped" },
					{ "time": 3.4, "color": "ffffffff" },
					{ "time": 3.4666, "color": "ffffff00" }
				]
			},
			"summon/R_cloth2": {
				"attachment": [
					{ "time": 0.6666, "name": "summon/R_cloth" }
				],
				"color": [
					{
						"time": 0.6666,
						"color": "fff8f300",
						"curve": [ 0.25, 0, 0.811, 0.52 ]
					},
					{ "time": 2.4666, "color": "fff8f3ff", "curve": "stepped" },
					{ "time": 2.5, "color": "fff8f3ff" },
					{ "time": 2.5333, "color": "fff8f300" }
				]
			},
			"summon/R_hand": {
				"attachment": [
					{ "time": 0.2333, "name": "summon/R_hand" }
				],
				"color": [
					{ "time": 0.2333, "color": "ffffff00" },
					{ "time": 0.5666, "color": "ffffffff", "curve": "stepped" },
					{ "time": 0.7333, "color": "ffffffff", "curve": "stepped" },
					{ "time": 2.9, "color": "ffffffff", "curve": "stepped" },
					{ "time": 3.4, "color": "ffffffff" },
					{ "time": 3.4666, "color": "ffffff00" }
				]
			},
			"summon/R_hand2": {
				"attachment": [
					{ "time": 0.6666, "name": "summon/R_hand" }
				],
				"color": [
					{
						"time": 0.6666,
						"color": "fff8f300",
						"curve": [ 0.25, 0, 0.811, 0.52 ]
					},
					{ "time": 2.4666, "color": "fff8f3ff", "curve": "stepped" },
					{ "time": 2.5, "color": "fff8f3ff" },
					{ "time": 2.5333, "color": "fff8f300" }
				]
			},
			"summon/R_shoulder": {
				"attachment": [
					{ "time": 0.2333, "name": "summon/R_shoulder" }
				],
				"color": [
					{ "time": 0.2333, "color": "ffffff00" },
					{ "time": 0.5666, "color": "ffffffff", "curve": "stepped" },
					{ "time": 0.7333, "color": "ffffffff", "curve": "stepped" },
					{ "time": 2.9, "color": "ffffffff", "curve": "stepped" },
					{ "time": 3.4, "color": "ffffffff" },
					{ "time": 3.4666, "color": "ffffff00" }
				]
			},
			"summon/R_shoulder2": {
				"attachment": [
					{ "time": 0.6666, "name": "summon/R_shoulder" }
				],
				"color": [
					{
						"time": 0.6666,
						"color": "fff8f300",
						"curve": [ 0.25, 0, 0.811, 0.52 ]
					},
					{ "time": 2.4666, "color": "fff8f3ff", "curve": "stepped" },
					{ "time": 2.5, "color": "fff8f3ff" },
					{ "time": 2.5333, "color": "fff8f300" }
				]
			},
			"summon/R_wing": {
				"attachment": [
					{ "time": 0.2333, "name": "summon/R_wing" }
				],
				"color": [
					{ "time": 0.2333, "color": "ffffff00" },
					{ "time": 0.5666, "color": "ffffffff", "curve": "stepped" },
					{ "time": 0.7333, "color": "ffffffff", "curve": "stepped" },
					{ "time": 2.9, "color": "ffffffff", "curve": "stepped" },
					{ "time": 3.4, "color": "ffffffff" },
					{ "time": 3.4666, "color": "ffffff00" }
				]
			},
			"summon/R_wing2": {
				"attachment": [
					{ "time": 0.6666, "name": "summon/R_wing" }
				],
				"color": [
					{
						"time": 0.6666,
						"color": "fff8f300",
						"curve": [ 0.25, 0, 0.811, 0.52 ]
					},
					{ "time": 2.4666, "color": "fff8f3ff", "curve": "stepped" },
					{ "time": 2.5, "color": "fff8f3ff" },
					{ "time": 2.5333, "color": "fff8f300" }
				]
			},
			"summon/body": {
				"attachment": [
					{ "time": 0.2333, "name": "summon/body" }
				],
				"color": [
					{ "time": 0.2333, "color": "ffffff00" },
					{ "time": 0.5666, "color": "ffffffff", "curve": "stepped" },
					{ "time": 0.7333, "color": "ffffffff", "curve": "stepped" },
					{ "time": 2.9, "color": "ffffffff", "curve": "stepped" },
					{ "time": 3.4, "color": "ffffffff" },
					{ "time": 3.4666, "color": "ffffff00" }
				]
			},
			"summon/body2": {
				"attachment": [
					{ "time": 0.6666, "name": "summon/body" }
				],
				"color": [
					{
						"time": 0.6666,
						"color": "fff8f300",
						"curve": [ 0.25, 0, 0.811, 0.52 ]
					},
					{ "time": 2.4666, "color": "fff8f3ff", "curve": "stepped" },
					{ "time": 2.5, "color": "fff8f3ff" },
					{ "time": 2.5333, "color": "fff8f300" }
				]
			},
			"summon/hiar": {
				"attachment": [
					{ "time": 0.2333, "name": "summon/hiar" }
				],
				"color": [
					{ "time": 0.2333, "color": "ffffff00" },
					{ "time": 0.5666, "color": "ffffffff", "curve": "stepped" },
					{ "time": 0.7333, "color": "ffffffff", "curve": "stepped" },
					{ "time": 2.9, "color": "ffffffff", "curve": "stepped" },
					{ "time": 3.4, "color": "ffffffff" },
					{ "time": 3.4666, "color": "ffffff00" }
				]
			},
			"summon/hiar2": {
				"attachment": [
					{ "time": 0.6666, "name": "summon/hiar" }
				],
				"color": [
					{
						"time": 0.6666,
						"color": "fff8f300",
						"curve": [ 0.25, 0, 0.811, 0.52 ]
					},
					{ "time": 2.4666, "color": "fff8f3ff", "curve": "stepped" },
					{ "time": 2.5, "color": "fff8f3ff" },
					{ "time": 2.5333, "color": "fff8f300" }
				]
			},
			"summon/ring": {
				"attachment": [
					{ "time": 0.2333, "name": "summon/ring" }
				],
				"color": [
					{ "time": 0.2333, "color": "ffffff00" },
					{ "time": 0.5666, "color": "ffffffff", "curve": "stepped" },
					{ "time": 0.7333, "color": "ffffffff", "curve": "stepped" },
					{ "time": 2.9, "color": "ffffffff", "curve": "stepped" },
					{ "time": 3.4, "color": "ffffffff" },
					{ "time": 3.4666, "color": "ffffff00" }
				]
			},
			"summon/ring2": {
				"attachment": [
					{ "time": 0.6666, "name": "summon/ring" }
				],
				"color": [
					{
						"time": 0.6666,
						"color": "fff8f300",
						"curve": [ 0.25, 0, 0.811, 0.52 ]
					},
					{ "time": 2.4666, "color": "fff8f3ff", "curve": "stepped" },
					{ "time": 2.5, "color": "fff8f3ff" },
					{ "time": 2.5333, "color": "fff8f300" }
				]
			},
			"summon/summon": {
				"attachment": [
					{ "time": 0.2333, "name": "summon/summon" },
					{ "time": 2.8333, "name": null }
				],
				"color": [
					{ "time": 0.2333, "color": "fafeffff" },
					{ "time": 0.5333, "color": "f9edff00", "curve": "stepped" },
					{ "time": 0.7, "color": "f9edff00", "curve": "stepped" },
					{
						"time": 2.5666,
						"color": "ff8b00ff",
						"curve": [ 0.229, 0.57, 0.75, 1 ]
					},
					{ "time": 2.8333, "color": "ffebee00" },
					{ "time": 2.9, "color": "f9edff00" }
				]
			},
			"wave2": {
				"attachment": [
					{ "time": 0.2333, "name": "EF/5220_S1_wave1/5220_S1_wave1_00000" },
					{ "time": 0.3, "name": "EF/5220_S1_wave1/5220_S1_wave1_00002" },
					{ "time": 0.3666, "name": "EF/5220_S1_wave1/5220_S1_wave1_00004" },
					{ "time": 0.4333, "name": "EF/5220_S1_wave1/5220_S1_wave1_00006" },
					{ "time": 0.5, "name": "EF/5220_S1_wave1/5220_S1_wave1_00008" },
					{ "time": 2.9666, "name": "EF/5220_S1_wave1/5220_S1_wave1_00000" },
					{ "time": 3.0333, "name": "EF/5220_S1_wave1/5220_S1_wave1_00002" },
					{ "time": 3.1, "name": "EF/5220_S1_wave1/5220_S1_wave1_00004" },
					{ "time": 3.1666, "name": "EF/5220_S1_wave1/5220_S1_wave1_00006" },
					{ "time": 3.2333, "name": "EF/5220_S1_wave1/5220_S1_wave1_00008" }
				],
				"color": [
					{ "time": 0.2333, "color": "ffffffff", "curve": "stepped" },
					{ "time": 0.5666, "color": "ffffffff" },
					{ "time": 0.6333, "color": "ffffff00", "curve": "stepped" },
					{ "time": 2.9666, "color": "ffffffff", "curve": "stepped" },
					{ "time": 3.3, "color": "ffffffff" },
					{ "time": 3.3666, "color": "ffffff00" }
				]
			},
			"wave3": {
				"attachment": [
					{ "time": 2.6666, "name": "EF/5220_S1_wave1/5220_S1_wave1_00002" },
					{ "time": 2.7333, "name": "EF/5220_S1_wave1/5220_S1_wave1_00004" },
					{ "time": 2.8, "name": "EF/5220_S1_wave1/5220_S1_wave1_00006" },
					{ "time": 2.8666, "name": "EF/5220_S1_wave1/5220_S1_wave1_00008" },
					{ "time": 3, "name": "EF/5220_S1_wave1/5220_S1_wave1_00002" },
					{ "time": 3.0666, "name": "EF/5220_S1_wave1/5220_S1_wave1_00004" },
					{ "time": 3.1333, "name": "EF/5220_S1_wave1/5220_S1_wave1_00006" },
					{ "time": 3.2, "name": "EF/5220_S1_wave1/5220_S1_wave1_00008" }
				],
				"color": [
					{ "time": 2.6666, "color": "ffffffff", "curve": "stepped" },
					{ "time": 2.8666, "color": "ffffffff" },
					{ "time": 2.9333, "color": "ffffff00", "curve": "stepped" },
					{ "time": 3, "color": "ffffffff", "curve": "stepped" },
					{ "time": 3.2, "color": "ffffffff" },
					{ "time": 3.2666, "color": "ffffff00" }
				]
			},
			"weaponA_00_ad": {
				"attachment": [
					{ "time": 0.3333, "name": "weapon/weapon_1" },
					{ "time": 1.1333, "name": null },
					{ "time": 2.0666, "name": "weapon/weapon_1" },
					{ "time": 3.1, "name": null }
				],
				"color": [
					{ "time": 0.3333, "color": "ffffff00" },
					{ "time": 0.5, "color": "ffffffff" }
				]
			},
			"weaponA_00_no": {
				"attachment": [
					{ "time": 0.5666, "name": "weapon/weapon_1" },
					{ "time": 1.1333, "name": null },
					{ "time": 2.0666, "name": "weapon/weapon_1" },
					{ "time": 3.1, "name": null }
				]
			},
			"weaponA_01_ad": {
				"attachment": [
					{ "time": 0.3333, "name": "weapon/weapon_1" },
					{ "time": 1.1, "name": null },
					{ "time": 1.1333, "name": null },
					{ "time": 2.0666, "name": "weapon/weapon_1" },
					{ "time": 3.1, "name": null }
				],
				"color": [
					{ "time": 0.3333, "color": "ffffff00" },
					{ "time": 0.5, "color": "ffffffff" }
				]
			},
			"weaponA_01_no": {
				"attachment": [
					{ "time": 0.5666, "name": "weapon/weapon_1" },
					{ "time": 1.1, "name": null },
					{ "time": 1.1333, "name": null },
					{ "time": 2.0666, "name": "weapon/weapon_1" },
					{ "time": 3.1, "name": null }
				]
			},
			"weaponB_00_ad": {
				"attachment": [
					{ "time": 0.3333, "name": "weapon/weapon_2" },
					{ "time": 1.0333, "name": null },
					{ "time": 1.0666, "name": "weapon/weapon_2" },
					{ "time": 1.2333, "name": null },
					{ "time": 2.0666, "name": "weapon/weapon_2" },
					{ "time": 3.1, "name": null }
				],
				"color": [
					{ "time": 0.3333, "color": "ffffff00" },
					{ "time": 0.5, "color": "ffffffff" }
				]
			},
			"weaponB_00_no": {
				"attachment": [
					{ "time": 0.5666, "name": "weapon/weapon_2" },
					{ "time": 1.0333, "name": null },
					{ "time": 1.0666, "name": "weapon/weapon_2" },
					{ "time": 1.2333, "name": null },
					{ "time": 2.0666, "name": "weapon/weapon_2" },
					{ "time": 3.1, "name": null }
				]
			},
			"weaponB_01_ad": {
				"attachment": [
					{ "time": 0.5666, "name": "weapon/weapon_2" },
					{ "time": 1.1333, "name": null },
					{ "time": 2.0666, "name": "weapon/weapon_2" },
					{ "time": 3.1, "name": null }
				]
			},
			"weaponB_01_no": {
				"attachment": [
					{ "time": 0.3333, "name": "weapon/weapon_2" },
					{ "time": 1.1333, "name": null },
					{ "time": 2.0666, "name": "weapon/weapon_2" },
					{ "time": 3.1, "name": null }
				],
				"color": [
					{ "time": 0.3333, "color": "ffffff00" },
					{ "time": 0.5, "color": "ffffffff" }
				]
			},
			"weaponC_00_ad": {
				"attachment": [
					{ "time": 0.3333, "name": "weapon/weapon_3" },
					{ "time": 1, "name": null },
					{ "time": 2.0666, "name": "weapon/weapon_3" },
					{ "time": 3.1, "name": null }
				],
				"color": [
					{ "time": 0.3333, "color": "ffffff00" },
					{ "time": 0.5, "color": "ffffffff" }
				]
			},
			"weaponC_00_no": {
				"attachment": [
					{ "time": 0.5666, "name": "weapon/weapon_3" },
					{ "time": 1, "name": null },
					{ "time": 2.0666, "name": "weapon/weapon_3" },
					{ "time": 3.1, "name": null }
				]
			},
			"weaponC_01_ad": {
				"attachment": [
					{ "time": 0.5666, "name": "weapon/weapon_3" },
					{ "time": 1.1, "name": null },
					{ "time": 2.0666, "name": "weapon/weapon_3" },
					{ "time": 3.1, "name": null }
				]
			},
			"weaponC_01_no": {
				"attachment": [
					{ "time": 0.3333, "name": "weapon/weapon_3" },
					{ "time": 1.1, "name": null },
					{ "time": 2.0666, "name": "weapon/weapon_3" },
					{ "time": 3.1, "name": null }
				],
				"color": [
					{ "time": 0.3333, "color": "ffffff00" },
					{ "time": 0.5, "color": "ffffffff" }
				]
			},
			"weaponD_00_ad": {
				"attachment": [
					{ "time": 0.3333, "name": "weapon/weapon_4" },
					{ "time": 0.9666, "name": null },
					{ "time": 2.0666, "name": "weapon/weapon_4" },
					{ "time": 3.1, "name": null }
				],
				"color": [
					{ "time": 0.3333, "color": "ffffff00" },
					{ "time": 0.5, "color": "ffffffff" }
				]
			},
			"weaponD_00_no": {
				"attachment": [
					{ "time": 0.5666, "name": "weapon/weapon_4" },
					{ "time": 0.9666, "name": null },
					{ "time": 2.0666, "name": "weapon/weapon_4" },
					{ "time": 3.1, "name": null }
				]
			},
			"weaponD_01_ad": {
				"attachment": [
					{ "time": 0.3333, "name": "weapon/weapon_4" },
					{ "time": 0.8333, "name": null },
					{ "time": 2.0666, "name": "weapon/weapon_4" },
					{ "time": 3.1, "name": null }
				],
				"color": [
					{ "time": 0.3333, "color": "ffffff00" },
					{ "time": 0.5, "color": "ffffffff" }
				]
			},
			"weaponD_01_no": {
				"attachment": [
					{ "time": 0.5666, "name": "weapon/weapon_4" },
					{ "time": 0.8333, "name": null },
					{ "time": 2.0666, "name": "weapon/weapon_4" },
					{ "time": 3.1, "name": null }
				]
			}
		},
		"bones": {
			"ef_summon": {
				"rotate": [
					{ "time": 0.2333, "angle": 0 },
					{ "time": 3.5333, "angle": -98.55 }
				],
				"scale": [
					{ "time": 3.3333, "x": 1, "y": 1 },
					{ "time": 3.3666, "x": 1.237, "y": 1.237 },
					{ "time": 3.4333, "x": 1, "y": 1 }
				]
			},
			"summon_big_ring": {
				"translate": [
					{ "time": 0.2333, "x": 0, "y": -4.98 },
					{ "time": 0.9333, "x": 0, "y": 0 },
					{
						"time": 1.8,
						"x": 0,
						"y": -2.33,
						"curve": [ 0.25, 0, 0.75, 1 ]
					},
					{ "time": 2.8, "x": 0, "y": 0 }
				]
			},
			"summon_root": {
				"translate": [
					{ "time": 0.2333, "x": 0, "y": -9.63 },
					{ "time": 1.0666, "x": 0, "y": 0 },
					{ "time": 1.9333, "x": 0, "y": 6.14 },
					{ "time": 2.4666, "x": 0, "y": 15.33 },
					{ "time": 2.9, "x": 0, "y": 15.63 }
				]
			},
			"summon_L_arm": {
				"rotate": [
					{ "time": 0.2333, "angle": -15.3 },
					{ "time": 0.5, "angle": -15.61, "curve": "stepped" },
					{ "time": 0.6666, "angle": -15.61 },
					{ "time": 0.9333, "angle": 0, "curve": "stepped" },
					{ "time": 0.9666, "angle": 0 },
					{ "time": 2.1333, "angle": -5.28 },
					{ "time": 2.8333, "angle": -15.61 },
					{ "time": 3.4333, "angle": 0 }
				]
			},
			"chain_weight_L": {
				"rotate": [
					{ "time": 0.2333, "angle": -15.3 },
					{ "time": 0.9333, "angle": 0, "curve": "stepped" },
					{ "time": 0.9666, "angle": 0 },
					{ "time": 2.1333, "angle": -3.93 },
					{ "time": 3.4333, "angle": 0 }
				],
				"scale": [
					{ "time": 0.9333, "x": 1, "y": 1, "curve": "stepped" },
					{ "time": 0.9666, "x": 1, "y": 1 },
					{ "time": 2.5, "x": 1, "y": 0.946 },
					{ "time": 3.4333, "x": 1, "y": 1 }
				]
			},
			"summon_L_cloth1": {
				"rotate": [
					{ "time": 0.2333, "angle": 0 },
					{ "time": 1, "angle": 7.2 },
					{ "time": 2.4333, "angle": 7.52 },
					{ "time": 3.6333, "angle": 0 }
				]
			},
			"summon_L_hand": {
				"rotate": [
					{ "time": 0.2333, "angle": 34.22 },
					{ "time": 0.9333, "angle": 0, "curve": "stepped" },
					{ "time": 0.9666, "angle": 0 },
					{ "time": 2.1333, "angle": 7.47 },
					{ "time": 3.4333, "angle": 0 }
				]
			},
			"summon_L_shoulder": {
				"rotate": [
					{ "time": 0.2333, "angle": -14.27 },
					{ "time": 0.8333, "angle": -2.08 },
					{ "time": 0.9, "angle": -2.68 }
				]
			},
			"summon_L_wing": {
				"rotate": [
					{ "time": 0.9333, "angle": 0, "curve": "stepped" },
					{
						"time": 0.9666,
						"angle": 0,
						"curve": [ 0.221, 0.19, 0.75, 1 ]
					},
					{ "time": 2.1333, "angle": 5.61 },
					{ "time": 3.4333, "angle": 0 }
				]
			},
			"summon_R_arm": {
				"rotate": [
					{ "time": 0.2333, "angle": 0 },
					{ "time": 0.4, "angle": 21.18 },
					{ "time": 0.5, "angle": 22.25, "curve": "stepped" },
					{ "time": 0.6666, "angle": 22.25 },
					{ "time": 0.9666, "angle": 0 },
					{ "time": 2.1333, "angle": 5.28 },
					{ "time": 2.8333, "angle": 22.25 },
					{ "time": 3.4333, "angle": -1.48 }
				]
			},
			"chain_weight_R": {
				"rotate": [
					{ "time": 0.2333, "angle": 21.18 },
					{ "time": 0.9666, "angle": 0 },
					{ "time": 2.1333, "angle": 3.44 },
					{ "time": 3.4333, "angle": 0 }
				],
				"scale": [
					{ "time": 0.9333, "x": 1, "y": 1, "curve": "stepped" },
					{ "time": 0.9666, "x": 1, "y": 1 },
					{ "time": 2.5, "x": 1, "y": 0.911 },
					{ "time": 3.4333, "x": 1, "y": 1 }
				]
			},
			"summon_R_cloth1": {
				"rotate": [
					{ "time": 0.2333, "angle": 7.21 },
					{ "time": 0.9333, "angle": 6.76 },
					{ "time": 2.3666, "angle": -1.01 },
					{ "time": 3.6333, "angle": 7.21 }
				]
			},
			"summon_R_hand": {
				"rotate": [
					{ "time": 0.2333, "angle": -38.65 },
					{ "time": 0.9333, "angle": 0, "curve": "stepped" },
					{ "time": 0.9666, "angle": 0 },
					{ "time": 2.1333, "angle": -9.46 },
					{ "time": 3.4333, "angle": 0 }
				]
			},
			"summon_R_shoulder": {
				"rotate": [
					{ "time": 0.2333, "angle": 7.43 }
				]
			},
			"summon_R_wing": {
				"rotate": [
					{
						"time": 0.9666,
						"angle": 0,
						"curve": [ 0.221, 0.19, 0.75, 1 ]
					},
					{ "time": 2.1333, "angle": -8.85 },
					{ "time": 3.4333, "angle": 0 }
				]
			},
			"summon_hair1": {
				"rotate": [
					{ "time": 0.9333, "angle": 0 },
					{ "time": 0.9666, "angle": -7.45 },
					{ "time": 1.9, "angle": -11.34 },
					{ "time": 2.8, "angle": 0 },
					{ "time": 3, "angle": 14.97 }
				]
			},
			"summon_white": {
				"scale": [
					{ "time": 0.2333, "x": 0.678, "y": 0.678 },
					{ "time": 0.5333, "x": 1.499, "y": 1.499, "curve": "stepped" },
					{ "time": 0.7, "x": 1.499, "y": 1.499, "curve": "stepped" },
					{
						"time": 2.5666,
						"x": 1,
						"y": 1,
						"curve": [ 0.162, 0.88, 0.72, 0.94 ]
					},
					{ "time": 2.8333, "x": 1.542, "y": 1.542 },
					{ "time": 2.9, "x": 1.499, "y": 1.499 }
				]
			},
			"wave2": {
				"translate": [
					{ "time": 0.2333, "x": -177.45, "y": 489.26, "curve": "stepped" },
					{ "time": 2.9666, "x": -523.9, "y": 464.96 }
				],
				"scale": [
					{ "time": 0.2333, "x": 1.995, "y": 1.995 },
					{ "time": 0.5666, "x": 1.869, "y": 1.869, "curve": "stepped" },
					{ "time": 2.9666, "x": 1.995, "y": 1.995 },
					{ "time": 3.3666, "x": 2.973, "y": 2.973 }
				]
			},
			"wave3": {
				"translate": [
					{ "time": 2.6666, "x": -566.77, "y": 462.99, "curve": "stepped" },
					{ "time": 3, "x": -566.77, "y": 462.99 }
				],
				"scale": [
					{ "time": 2.6666, "x": 2.003, "y": 2.003, "curve": "stepped" },
					{ "time": 2.8666, "x": 2.003, "y": 2.003 },
					{ "time": 2.9333, "x": 2.197, "y": 2.197, "curve": "stepped" },
					{ "time": 3, "x": 2.003, "y": 3.637 },
					{ "time": 3.2666, "x": 3.447, "y": 3.447 }
				]
			},
			"summon_hair": {
				"rotate": [
					{ "time": 0.9333, "angle": 0 },
					{ "time": 0.9666, "angle": 27.44 },
					{ "time": 1.9, "angle": 17.68 },
					{ "time": 2.8, "angle": 0 },
					{ "time": 3.4333, "angle": -6.72 }
				]
			},
			"summon_R_skirt": {
				"rotate": [
					{ "time": 0.2333, "angle": -16.36 },
					{ "time": 0.9333, "angle": 0 },
					{
						"time": 1.6333,
						"angle": -7.79,
						"curve": [ 0.244, 0, 0.64, 0.57 ]
					},
					{
						"time": 2.5333,
						"angle": 18,
						"curve": [ 0.344, 0.37, 0.681, 0.71 ]
					},
					{ "time": 3.0666, "angle": -21.02 }
				]
			},
			"summon_L_cloth2": {
				"rotate": [
					{ "time": 0.2333, "angle": 0 },
					{ "time": 0.9666, "angle": -22.36 },
					{ "time": 2.4333, "angle": 6.4 },
					{ "time": 3.6333, "angle": 0 }
				]
			},
			"summon_L_skirt": {
				"rotate": [
					{ "time": 0.2333, "angle": 11.2 },
					{ "time": 0.9333, "angle": 0 },
					{
						"time": 1.6333,
						"angle": 4.15,
						"curve": [ 0.244, 0, 0.64, 0.57 ]
					},
					{
						"time": 2.5333,
						"angle": -26.22,
						"curve": [ 0.343, 0.36, 0.679, 0.7 ]
					},
					{ "time": 3.0333, "angle": 28.01 }
				]
			},
			"summon_R_cloth2": {
				"rotate": [
					{ "time": 0.2333, "angle": -25.02 },
					{ "time": 0.9333, "angle": -7.13 },
					{ "time": 2.3666, "angle": -25.95 },
					{ "time": 3.6333, "angle": -25.02 }
				]
			},
			"weaponD1": {
				"rotate": [
					{ "time": 0.3333, "angle": -92.46, "curve": "stepped" },
					{ "time": 2.0666, "angle": 0 },
					{ "time": 2.1666, "angle": -19.5, "curve": "stepped" },
					{ "time": 2.5666, "angle": -19.5 }
				],
				"translate": [
					{ "time": 0.3333, "x": -631.71, "y": 628.02 },
					{ "time": 0.9, "x": -631.68, "y": 635.36, "curve": "stepped" },
					{ "time": 2.0666, "x": -854.06, "y": 873.41 },
					{ "time": 2.1666, "x": -742.09, "y": 872.87 },
					{ "time": 2.3666, "x": -742.61, "y": 872.87 },
					{ "time": 2.5666, "x": -735.98, "y": 917.5 },
					{ "time": 2.6666, "x": -804.67, "y": 427.71 }
				]
			},
			"S3_line7": {
				"rotate": [
					{ "time": 2.6, "angle": -112.77 }
				],
				"translate": [
					{ "time": 0.5, "x": -294.29, "y": 386.83 },
					{ "time": 0.7333, "x": -294.29, "y": 388.37, "curve": "stepped" },
					{ "time": 0.7666, "x": -555.95, "y": 389.62, "curve": "stepped" },
					{ "time": 0.8333, "x": -294.29, "y": 388.37, "curve": "stepped" },
					{ "time": 0.8666, "x": -555.95, "y": 389.62, "curve": "stepped" },
					{ "time": 0.9666, "x": -294.29, "y": 388.37, "curve": "stepped" },
					{ "time": 1, "x": -555.95, "y": 389.62, "curve": "stepped" },
					{ "time": 1.1, "x": -294.29, "y": 388.37, "curve": "stepped" },
					{ "time": 1.1333, "x": -555.95, "y": 389.62, "curve": "stepped" },
					{ "time": 2.6, "x": -348.44, "y": 433.85 }
				],
				"scale": [
					{ "time": 0.5, "x": 0.765, "y": 0.765, "curve": "stepped" },
					{ "time": 0.7333, "x": 1, "y": 1 },
					{ "time": 0.7666, "x": 2.432, "y": 2.432, "curve": "stepped" },
					{ "time": 0.8333, "x": 1, "y": 1 },
					{ "time": 0.8666, "x": 2.432, "y": 2.432, "curve": "stepped" },
					{ "time": 0.9666, "x": 1, "y": 1 },
					{ "time": 1, "x": 2.432, "y": 2.432, "curve": "stepped" },
					{ "time": 1.1, "x": 1, "y": 1 },
					{ "time": 1.1333, "x": 2.432, "y": 2.432 }
				]
			},
			"weaponB1": {
				"rotate": [
					{ "time": 0.3333, "angle": -92.29, "curve": "stepped" },
					{ "time": 2.0666, "angle": 0 },
					{ "time": 2.1666, "angle": 24.02, "curve": "stepped" },
					{ "time": 2.5666, "angle": 24.02 }
				],
				"translate": [
					{ "time": 0.3333, "x": -445.51, "y": 539.55 },
					{ "time": 0.9, "x": -445.47, "y": 546.9, "curve": "stepped" },
					{ "time": 2.0666, "x": -625.56, "y": 862 },
					{ "time": 2.1666, "x": -773.21, "y": 843.55 },
					{ "time": 2.3666, "x": -773.73, "y": 843.55 },
					{ "time": 2.5666, "x": -819.13, "y": 916.64 },
					{ "time": 2.6666, "x": -675.08, "y": 451.39 }
				],
				"scale": [
					{ "time": 2.0666, "x": 1.603, "y": 1.696 }
				]
			},
			"S1.3_powerA": {
				"translate": [
					{ "time": 0.2333, "x": -733.18, "y": -270.07, "curve": "stepped" },
					{ "time": 2, "x": -1079.29, "y": 19.83, "curve": "stepped" },
					{ "time": 3.2666, "x": -743.89, "y": -247.68 }
				],
				"scale": [
					{ "time": 0.2333, "x": 2, "y": 2, "curve": "stepped" },
					{ "time": 0.3666, "x": 2, "y": 2 },
					{ "time": 0.4666, "x": 2.496, "y": 2.496, "curve": "stepped" },
					{ "time": 2, "x": 2, "y": 2, "curve": "stepped" },
					{ "time": 2.1333, "x": 2, "y": 2 },
					{ "time": 2.2333, "x": 2.496, "y": 2.496, "curve": "stepped" },
					{ "time": 3.2666, "x": 1.68, "y": 1.68, "curve": "stepped" },
					{ "time": 3.4666, "x": 1.68, "y": 1.68 },
					{ "time": 3.5666, "x": 2.015, "y": 2.015 }
				]
			},
			"S3_line1": {
				"rotate": [
					{ "time": 2.6, "angle": -56.72 }
				],
				"translate": [
					{ "time": 0.5, "x": -107.8, "y": 323.79 },
					{ "time": 0.9333, "x": -107.79, "y": 325.54, "curve": "stepped" },
					{ "time": 0.9666, "x": -482.96, "y": 327.35, "curve": "stepped" },
					{ "time": 1.2, "x": -107.79, "y": 325.54, "curve": "stepped" },
					{ "time": 1.2333, "x": -482.96, "y": 327.35, "curve": "stepped" },
					{ "time": 1.5666, "x": -107.79, "y": 325.54, "curve": "stepped" },
					{ "time": 1.6, "x": -482.96, "y": 327.35, "curve": "stepped" },
					{ "time": 1.8, "x": -107.79, "y": 325.54, "curve": "stepped" },
					{ "time": 1.8333, "x": -482.96, "y": 327.35, "curve": "stepped" },
					{ "time": 2.6, "x": -686.07, "y": 271.43 }
				],
				"scale": [
					{ "time": 0.9333, "x": 1.551, "y": 1 },
					{ "time": 0.9666, "x": 2.876, "y": 1.853, "curve": "stepped" },
					{ "time": 1.2, "x": 1.551, "y": 1 },
					{ "time": 1.2333, "x": 2.876, "y": 1.853, "curve": "stepped" },
					{ "time": 1.5666, "x": 1.551, "y": 1 },
					{ "time": 1.6, "x": 2.876, "y": 1.853, "curve": "stepped" },
					{ "time": 1.8, "x": 1.551, "y": 1 },
					{ "time": 1.8333, "x": 2.876, "y": 1.853, "curve": "stepped" },
					{ "time": 2.6, "x": 2.783, "y": 1.416 }
				]
			},
			"S3_line4": {
				"rotate": [
					{ "time": 1.6, "angle": 160.6, "curve": "stepped" },
					{ "time": 2.6, "angle": -87.6 }
				],
				"translate": [
					{ "time": 0.5, "x": -40.34, "y": 188.21 },
					{ "time": 0.9, "x": -40.33, "y": 190.06, "curve": "stepped" },
					{ "time": 0.9666, "x": -356.21, "y": 191.57, "curve": "stepped" },
					{ "time": 1.0666, "x": -40.33, "y": 190.06, "curve": "stepped" },
					{ "time": 1.1333, "x": -356.21, "y": 191.57, "curve": "stepped" },
					{ "time": 1.2333, "x": -40.33, "y": 190.06, "curve": "stepped" },
					{ "time": 1.3, "x": -356.21, "y": 191.57, "curve": "stepped" },
					{ "time": 1.4333, "x": -530.37, "y": 312.49, "curve": "stepped" },
					{ "time": 2.6, "x": -508.65, "y": 392.88 }
				],
				"scale": [
					{ "time": 0.9666, "x": 3.725, "y": 3.725, "curve": "stepped" },
					{ "time": 1.1333, "x": 3.725, "y": 3.725, "curve": "stepped" },
					{ "time": 1.3, "x": 3.725, "y": 3.725, "curve": "stepped" },
					{ "time": 1.4333, "x": 1, "y": 1 },
					{ "time": 1.6, "x": 2.699, "y": 2.699 }
				]
			},
			"ex2": {
				"translate": [
					{ "time": 3.0333, "x": -663.5, "y": 230.15 }
				],
				"scale": [
					{ "time": 3.0333, "x": 3.686, "y": 4.021 }
				]
			},
			"weaponB": {
				"rotate": [
					{ "time": 0.3333, "angle": -91.2, "curve": "stepped" },
					{ "time": 1.0666, "angle": -89.28, "curve": "stepped" },
					{ "time": 2.0666, "angle": 0 },
					{ "time": 2.1666, "angle": -7.1, "curve": "stepped" },
					{ "time": 2.5666, "angle": -7.1 }
				],
				"translate": [
					{ "time": 0.3333, "x": -228.08, "y": 707.89 },
					{ "time": 0.9, "x": -228.05, "y": 715.24, "curve": "stepped" },
					{ "time": 1.0666, "x": -361.05, "y": 481.82 },
					{ "time": 1.2333, "x": -1007.83, "y": 484.92, "curve": "stepped" },
					{ "time": 2.0666, "x": -623.8, "y": 868.55 },
					{ "time": 2.1666, "x": -589.33, "y": 868.38 },
					{ "time": 2.3666, "x": -589.86, "y": 868.39 },
					{ "time": 2.5666, "x": -583.64, "y": 935.33 },
					{ "time": 2.6666, "x": -607.69, "y": 438.81 }
				],
				"scale": [
					{ "time": 0.3333, "x": 1.488, "y": 1.488 }
				]
			},
			"weaponA1": {
				"rotate": [
					{ "time": 0.3333, "angle": -90.76, "curve": "stepped" },
					{ "time": 2.0666, "angle": 0 },
					{ "time": 2.1666, "angle": 3.56, "curve": "stepped" },
					{ "time": 2.5666, "angle": 3.56 }
				],
				"translate": [
					{ "time": 0.3333, "x": -215.44, "y": 676.66 },
					{ "time": 0.9, "x": -215.4, "y": 684, "curve": "stepped" },
					{ "time": 2.0666, "x": -484.84, "y": 865.39 },
					{ "time": 2.1666, "x": -500.54, "y": 865.02 },
					{ "time": 2.3666, "x": -501.07, "y": 865.02 },
					{ "time": 2.5666, "x": -507.68, "y": 934.44 },
					{ "time": 2.6666, "x": -482.77, "y": 418.68 }
				],
				"scale": [
					{ "time": 0.3333, "x": 1, "y": -1, "curve": "stepped" },
					{ "time": 1.1333, "x": 1, "y": 1 }
				]
			},
			"ex1": {
				"translate": [
					{ "time": 3.0333, "x": -535.84, "y": 218.78 }
				],
				"scale": [
					{ "time": 3.0333, "x": -3.924, "y": 5.174 }
				]
			},
			"S3_line5": {
				"rotate": [
					{ "time": 2.6, "angle": -95.93 }
				],
				"translate": [
					{ "time": 0.5, "x": -276.78, "y": 205.77 },
					{ "time": 0.9666, "x": -276.76, "y": 207.28, "curve": "stepped" },
					{ "time": 1, "x": -548.9, "y": 208.59, "curve": "stepped" },
					{ "time": 1.1, "x": -478.37, "y": 335.2, "curve": "stepped" },
					{ "time": 1.3666, "x": -478.37, "y": 335.2, "curve": "stepped" },
					{ "time": 1.7333, "x": -478.15, "y": 382.36, "curve": "stepped" },
					{ "time": 2.6, "x": -461.03, "y": 409.87 }
				],
				"scale": [
					{ "time": 0.5, "x": 0.612, "y": 0.612, "curve": "stepped" },
					{ "time": 1, "x": 2.68, "y": 2.68, "curve": "stepped" },
					{ "time": 1.1, "x": 1, "y": 1 },
					{ "time": 1.2333, "x": 2.872, "y": 2.872, "curve": "stepped" },
					{ "time": 1.3666, "x": 1, "y": 1 },
					{ "time": 1.5, "x": 2.872, "y": 2.872, "curve": "stepped" },
					{ "time": 1.7333, "x": 1, "y": 1 },
					{ "time": 1.8333, "x": 2.872, "y": 2.872 }
				]
			},
			"S3_line3": {
				"rotate": [
					{ "time": 2.6, "angle": -79.5 }
				],
				"translate": [
					{ "time": 0.5, "x": -10.48, "y": 233.66, "curve": "stepped" },
					{ "time": 0.7666, "x": -250.73, "y": 72.68, "curve": "stepped" },
					{ "time": 0.8, "x": -458.12, "y": 73.68, "curve": "stepped" },
					{ "time": 1, "x": -250.73, "y": 72.68, "curve": "stepped" },
					{ "time": 1.0333, "x": -458.12, "y": 73.68, "curve": "stepped" },
					{ "time": 1.2666, "x": -250.73, "y": 72.68, "curve": "stepped" },
					{ "time": 1.3, "x": -458.12, "y": 73.68, "curve": "stepped" },
					{ "time": 1.5666, "x": -631.77, "y": 133.38, "curve": "stepped" },
					{ "time": 1.8, "x": -587.15, "y": 326.79, "curve": "stepped" },
					{ "time": 2.6, "x": -544.31, "y": 326.35 }
				],
				"scale": [
					{ "time": 0.7666, "x": 1, "y": 1 },
					{ "time": 0.8333, "x": 2.973, "y": 2.973, "curve": "stepped" },
					{ "time": 1, "x": 1, "y": 1 },
					{ "time": 1.0666, "x": 2.973, "y": 2.973, "curve": "stepped" },
					{ "time": 1.2666, "x": 1, "y": 1 },
					{ "time": 1.3666, "x": 2.973, "y": 2.973, "curve": "stepped" },
					{ "time": 1.5666, "x": 1, "y": 1 },
					{ "time": 1.6333, "x": 2.973, "y": 2.973, "curve": "stepped" },
					{ "time": 1.8, "x": 1, "y": 1 },
					{ "time": 1.8666, "x": 2.973, "y": 2.973, "curve": "stepped" },
					{ "time": 2.6, "x": 2.973, "y": 5.612 }
				]
			},
			"weaponD": {
				"rotate": [
					{ "time": 0.3333, "angle": -90.76, "curve": "stepped" },
					{ "time": 2.0666, "angle": 0 },
					{ "time": 2.1666, "angle": 9.88, "curve": "stepped" },
					{ "time": 2.5666, "angle": 9.88 }
				],
				"translate": [
					{ "time": 0.3333, "x": -401.24, "y": 498.65 },
					{ "time": 0.9, "x": -401.21, "y": 505.99, "curve": "stepped" },
					{ "time": 2.0666, "x": -863.52, "y": 869.14 },
					{ "time": 2.1666, "x": -918.77, "y": 873.28 },
					{ "time": 2.3666, "x": -919.3, "y": 873.28 },
					{ "time": 2.5666, "x": -950.65, "y": 933.96 },
					{ "time": 2.6666, "x": -882.24, "y": 439.19 }
				],
				"scale": [
					{ "time": 0.3333, "x": 1.267, "y": 1.267, "curve": "stepped" },
					{ "time": 2.0666, "x": 1, "y": 1 }
				]
			},
			"shine": {
				"translate": [
					{ "time": 0.2666, "x": -380.75, "y": 369.93, "curve": "stepped" },
					{ "time": 2.0333, "x": -726.86, "y": 659.84, "curve": "stepped" },
					{ "time": 3.3333, "x": -391.46, "y": 392.32 }
				],
				"scale": [
					{ "time": 0.2666, "x": 1.993, "y": 1.993 },
					{ "time": 0.3, "x": 2.498, "y": 2.498 },
					{ "time": 0.4, "x": 0.155, "y": 0.155, "curve": "stepped" },
					{ "time": 2.0333, "x": 1.993, "y": 1.993 },
					{ "time": 2.0666, "x": 2.498, "y": 2.498 },
					{ "time": 2.1666, "x": 0.155, "y": 0.155, "curve": "stepped" },
					{ "time": 3.3333, "x": 1.993, "y": 1.993 },
					{ "time": 3.4, "x": 2.498, "y": 2.498 },
					{ "time": 3.5666, "x": 0.155, "y": 0.155 }
				]
			},
			"S3_line6": {
				"rotate": [
					{ "time": 2.6, "angle": 74.03 }
				],
				"translate": [
					{ "time": 0.5, "x": -326.01, "y": 273.62, "curve": "stepped" },
					{ "time": 1.1, "x": -498.65, "y": 274.45, "curve": "stepped" },
					{ "time": 1.2666, "x": -498.65, "y": 274.45, "curve": "stepped" },
					{ "time": 1.5, "x": -498.65, "y": 274.45, "curve": "stepped" },
					{ "time": 2.6, "x": -412.3, "y": 431.22 }
				],
				"scale": [
					{ "time": 0.5, "x": 0.771, "y": 0.771, "curve": "stepped" },
					{ "time": 1.1, "x": 3.315, "y": 3.315, "curve": "stepped" },
					{ "time": 1.2666, "x": 3.315, "y": 3.315, "curve": "stepped" },
					{ "time": 1.5, "x": 3.315, "y": 3.315, "curve": "stepped" },
					{ "time": 2.6, "x": 2.917, "y": 5.566 }
				]
			},
			"S3_line8": {
				"rotate": [
					{ "time": 2.6, "angle": 56.01 }
				],
				"translate": [
					{ "time": 0.5, "x": -240.13, "y": 452.9 },
					{ "time": 1, "x": -240.12, "y": 455.05, "curve": "stepped" },
					{ "time": 1.0333, "x": -459.26, "y": 456.1, "curve": "stepped" },
					{ "time": 1.2333, "x": -240.12, "y": 455.05, "curve": "stepped" },
					{ "time": 1.2666, "x": -459.26, "y": 456.1, "curve": "stepped" },
					{ "time": 1.4333, "x": -240.12, "y": 455.05, "curve": "stepped" },
					{ "time": 1.5, "x": -459.26, "y": 456.1, "curve": "stepped" },
					{ "time": 2.6, "x": -279.82, "y": 429.37 }
				],
				"scale": [
					{ "time": 0.5, "x": 0.664, "y": 0.664, "curve": "stepped" },
					{ "time": 1, "x": 1, "y": 1 },
					{ "time": 1.0333, "x": 2.308, "y": 2.308, "curve": "stepped" },
					{ "time": 1.2333, "x": 1, "y": 1 },
					{ "time": 1.2666, "x": 2.308, "y": 2.308, "curve": "stepped" },
					{ "time": 1.4333, "x": 1, "y": 1 },
					{ "time": 1.5, "x": 2.308, "y": 2.308, "curve": "stepped" },
					{ "time": 2.6, "x": 2.308, "y": 2.308 }
				]
			},
			"weaponC": {
				"rotate": [
					{ "time": 0.3333, "angle": -90.91, "curve": "stepped" },
					{ "time": 2.0666, "angle": 0 },
					{ "time": 2.1666, "angle": 33.34, "curve": "stepped" },
					{ "time": 2.5666, "angle": 33.34 }
				],
				"translate": [
					{ "time": 0.3333, "x": -538.8, "y": 488.04 },
					{ "time": 0.9, "x": -538.77, "y": 495.39, "curve": "stepped" },
					{ "time": 2.0333, "x": -993.55, "y": 770.24 },
					{ "time": 2.0666, "x": -756.55, "y": 855.48 },
					{ "time": 2.1666, "x": -962.42, "y": 776.27 },
					{ "time": 2.3666, "x": -962.95, "y": 776.27 },
					{ "time": 2.5666, "x": -1045.14, "y": 843.78 },
					{ "time": 2.6666, "x": -836.47, "y": 428.41 }
				],
				"scale": [
					{ "time": 2.0666, "x": 2.346, "y": 2.346 }
				]
			},
			"weaponC1": {
				"rotate": [
					{ "time": 0.3333, "angle": -94.03, "curve": "stepped" },
					{ "time": 2.0666, "angle": 0 },
					{ "time": 2.1666, "angle": -26.39, "curve": "stepped" },
					{ "time": 2.5666, "angle": -26.39 }
				],
				"translate": [
					{ "time": 0.3333, "x": -290.21, "y": 653.27 },
					{ "time": 0.9, "x": -290.17, "y": 660.62, "curve": "stepped" },
					{ "time": 2.0666, "x": -747.81, "y": 856.31 },
					{ "time": 2.1666, "x": -568.94, "y": 818.83 },
					{ "time": 2.3666, "x": -569.46, "y": 818.83 },
					{ "time": 2.5666, "x": -546.14, "y": 875.64 },
					{ "time": 2.6666, "x": -679.61, "y": 416.29 }
				],
				"scale": [
					{ "time": 2.0666, "x": 1.469, "y": 1.62 }
				]
			},
			"S2.3_waveA": {
				"rotate": [
					{ "time": 3.2666, "angle": -27.68 }
				],
				"translate": [
					{ "time": 3.2666, "x": -285.17, "y": -39.12 }
				],
				"scale": [
					{ "time": 3.2666, "x": 2.401, "y": 2.401, "curve": "stepped" },
					{ "time": 3.5, "x": 2.401, "y": 2.401 },
					{ "time": 3.5666, "x": 2.803, "y": 2.803 }
				]
			},
			"weaponA": {
				"rotate": [
					{ "time": 0.3333, "angle": -90.15, "curve": "stepped" },
					{ "time": 2.0666, "angle": 0 },
					{ "time": 2.1666, "angle": -35.34 }
				],
				"translate": [
					{ "time": 0.3333, "x": -9.27, "y": 573.71 },
					{ "time": 0.9, "x": -9.22, "y": 581.06, "curve": "stepped" },
					{ "time": 2.0666, "x": -492.2, "y": 865.43 },
					{ "time": 2.1666, "x": -265.66, "y": 787.42 },
					{ "time": 2.3666, "x": -266.19, "y": 787.43 },
					{ "time": 2.5666, "x": -194.81, "y": 838.99 },
					{ "time": 2.6666, "x": -385.88, "y": 444.71 }
				],
				"scale": [
					{ "time": 0.3333, "x": 1.289, "y": 1.289, "curve": "stepped" },
					{ "time": 2.0666, "x": 2.15, "y": 2.15 }
				]
			},
			"S2.3_waveA2": {
				"rotate": [
					{ "time": 3.2666, "angle": 28.39 }
				],
				"translate": [
					{ "time": 3.2666, "x": -284.85, "y": -5.79 }
				],
				"scale": [
					{ "time": 3.2666, "x": 2.401, "y": 2.401, "curve": "stepped" },
					{ "time": 3.4666, "x": 2.401, "y": 2.401 },
					{ "time": 3.5666, "x": 2.803, "y": 2.803 }
				]
			},
			"S3_line2": {
				"rotate": [
					{ "time": 2.6, "angle": 112.74 }
				],
				"translate": [
					{ "time": 0.5, "x": -10.18, "y": 294.6 },
					{ "time": 1.0666, "x": -10.18, "y": 295.74, "curve": "stepped" },
					{ "time": 1.1, "x": -416.96, "y": 297.69, "curve": "stepped" },
					{ "time": 1.3666, "x": -416.96, "y": 297.69, "curve": "stepped" },
					{ "time": 1.6666, "x": -416.96, "y": 297.69, "curve": "stepped" },
					{ "time": 2.6, "x": -620.34, "y": 321.07 }
				],
				"scale": [
					{ "time": 1.1, "x": 2.483, "y": 2.483, "curve": "stepped" },
					{ "time": 1.3666, "x": 2.483, "y": 2.483, "curve": "stepped" },
					{ "time": 1.6666, "x": 2.483, "y": 2.483 }
				]
			},
			"S2.3_charge": {
				"translate": [
					{ "time": 2.2666, "x": -154.33, "y": -45.03 }
				],
				"scale": [
					{ "time": 2.2666, "x": 3.062, "y": 3.062 }
				]
			},
			"DAMAGEAREA": {
				"translate": [
					{ "time": 0.7666, "x": -211.92, "y": 198.14, "curve": "stepped" },
					{ "time": 2.6333, "x": -223.98, "y": 94.76, "curve": "stepped" },
					{ "time": 3.0666, "x": -223.98, "y": 251.55 }
				],
				"scale": [
					{ "time": 0.7666, "x": 6.151, "y": 2.981, "curve": "stepped" },
					{ "time": 2.6333, "x": 1.911, "y": 1.491, "curve": "stepped" },
					{ "time": 3.0666, "x": 3.567, "y": 3.702 }
				]
			}
		},
		"ffd": {
			"default": {
				"summon/L_cloth": {
					"summon/L_cloth": [
						{
							"time": 0,
							"vertices": [ 39.19487, 80.65506, 84.17979, 30.90854, -39.19169, -80.65391, -84.17661, -30.90734 ]
						}
					]
				}
			}
		},
		"drawOrder": [
			{ "time": 0 },
			{ "time": 0.5333 },
			{ "time": 1.3 },
			{ "time": 1.4333 },
			{ "time": 1.4666 },
			{ "time": 1.5 },
			{ "time": 1.6 },
			{ "time": 1.6666 },
			{ "time": 1.8 },
			{ "time": 2.6666 },
			{ "time": 3.6333 }
		],
		"events": [
			{ "time": 0, "name": "Event", "string": "setForceImpact(1)" },
			{ "time": 0.0333, "name": "Event", "float": 0.1, "string": "kHitStopType_enemyonly" },
			{ "time": 0.0666, "name": "Event", "string": "ignoreBorder_true" },
			{ "time": 0.2333, "name": "Event", "string": "shakeGround" },
			{ "time": 0.2333, "name": "Sound1", "string": "cri_se_battle_teleport" },
			{ "time": 0.7333, "name": "Sound1", "string": "cri_se_battle_gun_burst" },
			{ "time": 0.7333, "name": "Sound2", "string": "cri_se_battle_arrow" },
			{ "time": 0.7333, "name": "Sound3", "string": "setHitSound(se_battle_thrustviolently)" },
			{ "time": 0.7666, "name": "Event", "string": "shakeGround" },
			{ "time": 0.8333, "name": "Hit", "string": "resetHitList" },
			{ "time": 0.8333, "name": "Sound2", "string": "cri_se_battle_arrow" },
			{ "time": 0.8666, "name": "Sound1", "string": "cri_se_battle_gun_burst" },
			{ "time": 0.9, "name": "Hit", "string": "resetHitList" },
			{ "time": 0.9333, "name": "Sound2", "string": "cri_se_battle_arrow" },
			{ "time": 0.9666, "name": "Hit", "string": "resetHitList" },
			{ "time": 1, "name": "Sound1", "string": "cri_se_battle_gun_burst" },
			{ "time": 1.0333, "name": "Hit", "string": "resetHitList" },
			{ "time": 1.0333, "name": "Sound2", "string": "cri_se_battle_arrow" },
			{ "time": 1.0666, "name": "Sound3", "string": "setHitSound(se_battle_sword_heavy_hit)" },
			{ "time": 1.1, "name": "Hit", "string": "resetHitList" },
			{ "time": 1.1, "name": "Sound3", "string": "setHitSound(se_battle_thrustviolently)" },
			{ "time": 1.1333, "name": "Sound1", "string": "cri_se_battle_gun_burst" },
			{ "time": 1.1333, "name": "Sound2", "string": "cri_se_battle_arrow" },
			{ "time": 1.1666, "name": "Hit", "string": "resetHitList" },
			{ "time": 1.2333, "name": "Hit", "string": "resetHitList" },
			{ "time": 1.2333, "name": "Sound2", "string": "cri_se_battle_arrow" },
			{ "time": 1.2666, "name": "Sound1", "string": "cri_se_battle_gun_burst" },
			{ "time": 1.3, "name": "Hit", "string": "resetHitList" },
			{ "time": 1.3, "name": "Sound3", "string": "setHitSound(se_battle_sword_heavy_hit)" },
			{ "time": 1.3333, "name": "Sound2", "string": "cri_se_battle_arrow" },
			{ "time": 1.3333, "name": "Sound3", "string": "setHitSound(se_battle_thrustviolently)" },
			{ "time": 1.3666, "name": "Hit", "string": "resetHitList" },
			{ "time": 1.4, "name": "Sound1", "string": "cri_se_battle_gun_burst" },
			{ "time": 1.4333, "name": "Hit", "string": "resetHitList" },
			{ "time": 1.4333, "name": "Sound2", "string": "cri_se_battle_arrow" },
			{ "time": 1.5, "name": "Hit", "string": "resetHitList" },
			{ "time": 1.5, "name": "Sound3", "string": "setHitSound(se_battle_sword_heavy_hit)" },
			{ "time": 1.5333, "name": "Sound1", "string": "cri_se_battle_gun_burst" },
			{ "time": 1.5333, "name": "Sound2", "string": "cri_se_battle_arrow" },
			{ "time": 1.5333, "name": "Sound3", "string": "setHitSound(se_battle_thrustviolently)" },
			{ "time": 1.6, "name": "Hit", "string": "resetHitList" },
			{ "time": 1.6333, "name": "Sound2", "string": "cri_se_battle_arrow" },
			{ "time": 1.6666, "name": "Hit", "string": "resetHitList" },
			{ "time": 1.6666, "name": "Sound1", "string": "cri_se_battle_gun_burst" },
			{ "time": 1.6666, "name": "Sound3", "string": "setHitSound(se_battle_sword_heavy_hit)" },
			{ "time": 1.7, "name": "Sound3", "string": "setHitSound(se_battle_thrustviolently)" },
			{ "time": 2.0333, "name": "Event", "float": 0.2, "string": "kHitStopType_normal" },
			{ "time": 2.0333, "name": "Sound1", "string": "cri_se_battle_magic_Invocation_dark" },
			{ "time": 2.0666, "name": "Event", "string": "shakeGround" },
			{ "time": 2.0666, "name": "Sound1", "string": "cri_se_battle_skill_swish" },
			{ "time": 2.0666, "name": "Sound2", "string": "setHitSound(se_battle_thrustviolently)" },
			{ "time": 2.0666, "name": "Sound3", "string": "cri_se_battle_sword_srash" },
			{ "time": 2.4666, "name": "Sound1", "string": "cri_se_battle_magic_Invocation_dark" },
			{ "time": 2.5, "name": "Sound1", "string": "cri_se_battle_skill_swish" },
			{ "time": 2.5, "name": "Sound2", "string": "setHitSound(se_battle_thrustviolently)" },
			{ "time": 2.5, "name": "Sound3", "string": "cri_se_battle_sword_srash" },
			{ "time": 2.6333, "name": "Event", "string": "shakeGround" },
			{ "time": 2.6333, "name": "Hit", "string": "resetHitList" },
			{ "time": 2.6333, "name": "Sound1", "string": "cri_se_battle_sword_heavy_hit" },
			{ "time": 2.9, "name": "Sound1", "string": "cri_se_battle_skill_swish" },
			{ "time": 3.0333, "name": "Event", "string": "kImpactType_knock_up" },
			{ "time": 3.0666, "name": "Event", "float": 0.2, "string": "kHitStopType_normal" },
			{ "time": 3.0666, "name": "Hit", "string": "resetHitList" },
			{ "time": 3.0666, "name": "Sound1", "string": "cri_se_battle_explosion_water_01" },
			{ "time": 3.1, "name": "Event", "string": "shakeGround" },
			{ "time": 3.2666, "name": "Sound1", "string": "cri_se_battle_charge_completion" }
		]
	}
}
}