{
"skeleton": { "hash": "2atw8HMHsHZTJ9gEimV8xXzrRtM", "spine": "3.0.12", "width": 0, "height": 0 },
"bones": [
	{ "name": "root", "x": -70.06, "y": -6.92 },
	{ "name": "MAIN", "parent": "root" },
	{ "name": "EF_wave1_1", "parent": "MAIN", "x": 350, "y": 100 },
	{ "name": "EF_smoke1_1", "parent": "MAIN", "x": 400, "y": 100 },
	{ "name": "EF_fire1_1", "parent": "MAIN", "x": 150, "y": 150 },
	{ "name": "EF_dot", "parent": "MAIN", "x": 50, "y": -34.7 },
	{ "name": "EF", "parent": "root" },
	{ "name": "EF_dust1_1", "parent": "EF", "x": 100 },
	{ "name": "EF_dash1_1", "parent": "EF", "x": 150 },
	{ "name": "DAMAGEAREA", "parent": "root", "x": 7.01, "y": -3.5 }
],
"slots": [
	{ "name": "EF_fire1_1", "bone": "EF_fire1_1", "blend": "additive" },
	{ "name": "EF_wave2_1", "bone": "EF_wave1_1", "blend": "additive" },
	{ "name": "EF_smoke1_1", "bone": "EF_smoke1_1", "blend": "additive" },
	{ "name": "EF_damage", "bone": "EF_dot" },
	{ "name": "EF_skill1", "bone": "EF_dot" },
	{ "name": "EF_skill2", "bone": "EF_dot" },
	{ "name": "EF_dash1_1", "bone": "EF_dash1_1", "blend": "additive" },
	{ "name": "EF_dust1_1", "bone": "EF_dust1_1", "blend": "additive" },
	{ "name": "DAMAGEAREA", "bone": "DAMAGEAREA" }
],
"skins": {
	"default": {
		"DAMAGEAREA": {
			"DAMAGEAREA": {
				"type": "boundingbox",
				"vertices": [ -63.02073, 61.94636, -62.18873, -60.35759, 64.2752, -61.18961, 64.2752, 62.77838 ]
			}
		},
		"EF_dash1_1": {
			"EF/ef_dash_yellow/ef_dash_yellow_00003": { "x": 29.54, "y": 18.69, "width": 200, "height": 200 },
			"EF/ef_dash_yellow/ef_dash_yellow_00005": { "x": 29.54, "y": 18.69, "width": 200, "height": 200 },
			"EF/ef_dash_yellow/ef_dash_yellow_00007": { "x": 29.54, "y": 18.69, "width": 200, "height": 200 },
			"EF/ef_dash_yellow/ef_dash_yellow_00009": { "x": 29.54, "y": 18.69, "width": 200, "height": 200 },
			"EF/ef_dash_yellow/ef_dash_yellow_00013": { "x": 29.54, "y": 18.69, "width": 200, "height": 200 }
		},
		"EF_dust1_1": {
			"EF/ef_tuti_yellow/ef_tuti_yellow_00001": { "y": 15, "width": 360, "height": 240 },
			"EF/ef_tuti_yellow/ef_tuti_yellow_00003": { "y": 15, "width": 360, "height": 240 },
			"EF/ef_tuti_yellow/ef_tuti_yellow_00005": { "y": 15, "width": 360, "height": 240 },
			"EF/ef_tuti_yellow/ef_tuti_yellow_00007": { "y": 15, "width": 360, "height": 240 },
			"EF/ef_tuti_yellow/ef_tuti_yellow_00009": { "y": 15, "width": 360, "height": 240 },
			"EF/ef_tuti_yellow/ef_tuti_yellow_00011": { "y": 15, "width": 360, "height": 240 },
			"EF/ef_tuti_yellow/ef_tuti_yellow_00013": { "y": 15, "width": 360, "height": 240 },
			"EF/ef_tuti_yellow/ef_tuti_yellow_00015": { "y": 15, "width": 360, "height": 240 },
			"EF/ef_tuti_yellow/ef_tuti_yellow_00017": { "y": 15, "width": 360, "height": 240 }
		},
		"EF_fire1_1": {
			"ef_fire_wave_A_main/ef_fire_wave_A_main_00002": { "x": 72.55, "width": 210, "height": 210 },
			"ef_fire_wave_A_main/ef_fire_wave_A_main_00003": { "x": 72.55, "width": 210, "height": 210 },
			"ef_fire_wave_A_main/ef_fire_wave_A_main_00004": { "x": 72.55, "width": 210, "height": 210 },
			"ef_fire_wave_A_main/ef_fire_wave_A_main_00005": { "x": 72.55, "width": 210, "height": 210 },
			"ef_fire_wave_A_main/ef_fire_wave_A_main_00006": { "x": 72.55, "width": 210, "height": 210 },
			"ef_fire_wave_A_main/ef_fire_wave_A_main_00007": { "x": 72.55, "width": 210, "height": 210 },
			"ef_fire_wave_A_main/ef_fire_wave_A_main_00008": { "x": 72.55, "width": 210, "height": 210 }
		},
		"EF_skill1": {
			"EF/dot/EF_skill1_00": { "x": 77.62, "scaleX": 1.999, "scaleY": 2, "width": 256, "height": 256 },
			"EF/dot/EF_skill1_01": { "x": 77.62, "scaleX": 1.999, "scaleY": 2, "width": 256, "height": 256 }
		},
		"EF_wave2_1": {
			"ef_shock_wave_B_main/ef_shock_wave_B_main_00001": { "width": 160, "height": 272 },
			"ef_shock_wave_B_main/ef_shock_wave_B_main_00003": { "width": 160, "height": 272 },
			"ef_shock_wave_B_main/ef_shock_wave_B_main_00005": { "width": 160, "height": 272 },
			"ef_shock_wave_B_main/ef_shock_wave_B_main_00006": { "width": 160, "height": 272 },
			"ef_shock_wave_B_main/ef_shock_wave_B_main_00007": { "width": 160, "height": 272 }
		}
	}
},
"events": {
	"Event": {},
	"Event2": {},
	"Hit": {},
	"Sound1": {},
	"Sound2": {},
	"Sound3": {}
},
"animations": {
	"attack1": {
		"slots": {
			"DAMAGEAREA": {
				"attachment": [
					{ "time": 0.2, "name": "DAMAGEAREA" },
					{ "time": 0.4, "name": null }
				]
			},
			"EF_dash1_1": {
				"attachment": [
					{ "time": 0.2666, "name": "EF/ef_dash_yellow/ef_dash_yellow_00003" },
					{ "time": 0.3333, "name": "EF/ef_dash_yellow/ef_dash_yellow_00005" },
					{ "time": 0.3666, "name": "EF/ef_dash_yellow/ef_dash_yellow_00007" },
					{ "time": 0.4, "name": "EF/ef_dash_yellow/ef_dash_yellow_00009" },
					{ "time": 0.4666, "name": "EF/ef_dash_yellow/ef_dash_yellow_00013" },
					{ "time": 0.5, "name": null }
				]
			},
			"EF_dust1_1": {
				"attachment": [
					{ "time": 0.2666, "name": "EF/ef_tuti_yellow/ef_tuti_yellow_00001" },
					{ "time": 0.3, "name": "EF/ef_tuti_yellow/ef_tuti_yellow_00003" },
					{ "time": 0.3333, "name": "EF/ef_tuti_yellow/ef_tuti_yellow_00005" },
					{ "time": 0.3666, "name": "EF/ef_tuti_yellow/ef_tuti_yellow_00007" },
					{ "time": 0.4, "name": "EF/ef_tuti_yellow/ef_tuti_yellow_00009" },
					{ "time": 0.4666, "name": "EF/ef_tuti_yellow/ef_tuti_yellow_00011" },
					{ "time": 0.5333, "name": "EF/ef_tuti_yellow/ef_tuti_yellow_00013" },
					{ "time": 0.6, "name": "EF/ef_tuti_yellow/ef_tuti_yellow_00015" },
					{ "time": 0.6666, "name": "EF/ef_tuti_yellow/ef_tuti_yellow_00017" },
					{ "time": 0.7333, "name": null }
				]
			},
			"EF_fire1_1": {
				"attachment": [
					{ "time": 0.1666, "name": "ef_fire_wave_A_main/ef_fire_wave_A_main_00002" },
					{ "time": 0.2, "name": "ef_fire_wave_A_main/ef_fire_wave_A_main_00003" },
					{ "time": 0.2333, "name": "ef_fire_wave_A_main/ef_fire_wave_A_main_00004" },
					{ "time": 0.2666, "name": "ef_fire_wave_A_main/ef_fire_wave_A_main_00005" },
					{ "time": 0.3, "name": "ef_fire_wave_A_main/ef_fire_wave_A_main_00006" },
					{ "time": 0.3333, "name": "ef_fire_wave_A_main/ef_fire_wave_A_main_00007" },
					{ "time": 0.3666, "name": "ef_fire_wave_A_main/ef_fire_wave_A_main_00008" },
					{ "time": 0.4666, "name": null }
				],
				"color": [
					{ "time": 0.1666, "color": "ffffffff", "curve": "stepped" },
					{
						"time": 0.2666,
						"color": "ffffffff",
						"curve": [ 0.152, 0.46, 0.75, 1 ]
					},
					{ "time": 0.4666, "color": "ffffff00" }
				]
			},
			"EF_skill1": {
				"attachment": [
					{ "time": 0.3, "name": "EF/dot/EF_skill1_00" },
					{ "time": 0.3666, "name": "EF/dot/EF_skill1_01" },
					{ "time": 0.4, "name": null }
				]
			},
			"EF_smoke1_1": {
				"attachment": [
					{ "time": 0.3, "name": null },
					{ "time": 0.3333, "name": null },
					{ "time": 0.3666, "name": null },
					{ "time": 0.4, "name": null },
					{ "time": 0.4333, "name": null },
					{ "time": 0.4666, "name": null },
					{ "time": 0.5, "name": null },
					{ "time": 0.5333, "name": null }
				]
			},
			"EF_wave2_1": {
				"attachment": [
					{ "time": 0.2, "name": "ef_shock_wave_B_main/ef_shock_wave_B_main_00001" },
					{ "time": 0.2333, "name": "ef_shock_wave_B_main/ef_shock_wave_B_main_00003" },
					{ "time": 0.2666, "name": "ef_shock_wave_B_main/ef_shock_wave_B_main_00005" },
					{ "time": 0.3, "name": "ef_shock_wave_B_main/ef_shock_wave_B_main_00006" },
					{ "time": 0.3333, "name": "ef_shock_wave_B_main/ef_shock_wave_B_main_00007" },
					{ "time": 0.3666, "name": null }
				]
			}
		},
		"bones": {
			"DAMAGEAREA": {
				"translate": [
					{ "time": 0.2, "x": -79.1, "y": 84.19 }
				],
				"scale": [
					{ "time": 0.2, "x": 2.149, "y": 1.729 }
				]
			},
			"EF_dash1_1": {
				"translate": [
					{ "time": 0.2, "x": -77.11, "y": 0 }
				],
				"scale": [
					{ "time": 0.2, "x": 1.5, "y": 1.5 }
				]
			},
			"EF_dust1_1": {
				"translate": [
					{ "time": 0.2666, "x": -136.87, "y": 0 }
				],
				"scale": [
					{ "time": 0.2666, "x": 1, "y": 1 }
				]
			},
			"EF_fire1_1": {
				"translate": [
					{ "time": 0.1666, "x": -297.1, "y": -70.56, "curve": "stepped" },
					{
						"time": 0.2666,
						"x": -297.1,
						"y": -70.56,
						"curve": [ 0.101, 0.6, 0.75, 1 ]
					},
					{ "time": 0.4333, "x": -253.63, "y": -70.56 }
				],
				"scale": [
					{ "time": 0.1666, "x": 2.5, "y": 2.5, "curve": "stepped" },
					{
						"time": 0.2666,
						"x": 2.5,
						"y": 2.5,
						"curve": [ 0.101, 0.6, 0.75, 1 ]
					},
					{ "time": 0.4333, "x": 2.7, "y": 2.7 }
				]
			},
			"EF_dot": {
				"translate": [
					{ "time": 0.3, "x": -142.14, "y": 30 }
				]
			},
			"EF_smoke1_1": {
				"rotate": [
					{ "time": 0.3, "angle": -58.69 }
				],
				"translate": [
					{ "time": 0.3, "x": -318.82, "y": -15.36 }
				],
				"scale": [
					{ "time": 0.3, "x": 3.423, "y": 3.423 }
				]
			},
			"EF_wave1_1": {
				"translate": [
					{ "time": 0.2, "x": -514.71, "y": -21.37 }
				],
				"scale": [
					{ "time": 0.2, "x": 2.5, "y": 2.5 }
				]
			},
			"MAIN": {
				"translate": [
					{ "time": 0, "x": 0, "y": 0, "curve": "stepped" },
					{ "time": 0.3, "x": -36.13, "y": 0, "curve": "stepped" },
					{ "time": 0.6, "x": -78.83, "y": 0 }
				]
			},
			"root": {
				"translate": [
					{ "time": 0.1, "x": 0, "y": 1.88 }
				],
				"scale": [
					{ "time": 0.2, "x": 1.03, "y": 1.03 }
				]
			}
		},
		"events": [
			{ "time": 0, "name": "Event", "int": 50, "string": "kImpactType_knock" },
			{ "time": 0.0333, "name": "Event", "float": 0.2, "string": "kHitStopType_normal" },
			{ "time": 0.0333, "name": "Sound1", "string": "cri_se_battle_033_explosion_element_01" },
			{ "time": 0.0333, "name": "Sound2", "string": "cri_se_battle_skill_shot" },
			{ "time": 0.0333, "name": "Sound3", "string": "setHitSound(se_battle_hard_hit)" },
			{ "time": 0.2, "name": "Event2", "float": 1, "string": "shakeGround" }
		]
	},
	"skill1": {
		"slots": {
			"DAMAGEAREA": {
				"attachment": [
					{ "time": 0.5666, "name": "DAMAGEAREA" },
					{ "time": 0.7666, "name": null }
				]
			},
			"EF_dash1_1": {
				"attachment": [
					{ "time": 0.6333, "name": "EF/ef_dash_yellow/ef_dash_yellow_00003" },
					{ "time": 0.7, "name": "EF/ef_dash_yellow/ef_dash_yellow_00005" },
					{ "time": 0.7333, "name": "EF/ef_dash_yellow/ef_dash_yellow_00007" },
					{ "time": 0.7666, "name": "EF/ef_dash_yellow/ef_dash_yellow_00009" },
					{ "time": 0.8333, "name": "EF/ef_dash_yellow/ef_dash_yellow_00013" },
					{ "time": 0.8666, "name": null }
				]
			},
			"EF_dust1_1": {
				"attachment": [
					{ "time": 0.6333, "name": "EF/ef_tuti_yellow/ef_tuti_yellow_00001" },
					{ "time": 0.6666, "name": "EF/ef_tuti_yellow/ef_tuti_yellow_00003" },
					{ "time": 0.7, "name": "EF/ef_tuti_yellow/ef_tuti_yellow_00005" },
					{ "time": 0.7333, "name": "EF/ef_tuti_yellow/ef_tuti_yellow_00007" },
					{ "time": 0.7666, "name": "EF/ef_tuti_yellow/ef_tuti_yellow_00009" },
					{ "time": 0.8333, "name": "EF/ef_tuti_yellow/ef_tuti_yellow_00011" },
					{ "time": 0.9, "name": "EF/ef_tuti_yellow/ef_tuti_yellow_00013" },
					{ "time": 0.9666, "name": "EF/ef_tuti_yellow/ef_tuti_yellow_00015" },
					{ "time": 1.0333, "name": "EF/ef_tuti_yellow/ef_tuti_yellow_00017" },
					{ "time": 1.1, "name": null }
				]
			},
			"EF_skill1": {
				"attachment": [
					{ "time": 0.6666, "name": "EF/dot/EF_skill1_00" },
					{ "time": 0.7333, "name": "EF/dot/EF_skill1_01" },
					{ "time": 0.7666, "name": null }
				]
			},
			"EF_smoke1_1": {
				"attachment": [
					{ "time": 0.9, "name": null }
				]
			}
		},
		"bones": {
			"MAIN": {
				"translate": [
					{ "time": 0, "x": 0, "y": 0, "curve": "stepped" },
					{ "time": 0.6666, "x": -36.13, "y": 0, "curve": "stepped" },
					{ "time": 0.9666, "x": -78.84, "y": 0 }
				]
			},
			"EF_dot": {
				"translate": [
					{ "time": 0.6666, "x": -142.14, "y": 30 }
				]
			},
			"EF_dash1_1": {
				"translate": [
					{ "time": 0.5666, "x": -77.11, "y": 0 }
				],
				"scale": [
					{ "time": 0.5666, "x": 1.5, "y": 1.5 }
				]
			},
			"EF_dust1_1": {
				"translate": [
					{ "time": 0.6333, "x": -136.87, "y": 0 }
				],
				"scale": [
					{
						"time": 0.6333,
						"x": 1,
						"y": 1,
						"curve": [ 0.178, 0.46, 0.75, 1 ]
					},
					{ "time": 1.1, "x": 1.5, "y": 1.5 }
				]
			},
			"EF_smoke1_1": {
				"rotate": [
					{ "time": 0.6666, "angle": -58.69 }
				],
				"translate": [
					{ "time": 0.6666, "x": -318.83, "y": -15.36 }
				],
				"scale": [
					{ "time": 0.6666, "x": 3.423, "y": 3.423 }
				]
			},
			"DAMAGEAREA": {
				"translate": [
					{ "time": 0.5666, "x": -75.34, "y": 71.03 }
				],
				"scale": [
					{ "time": 0.5666, "x": 2.818, "y": 2.046 }
				]
			}
		},
		"events": [
			{ "time": 0, "name": "Event", "int": 50, "string": "kImpactType_knock" },
			{ "time": 0.0333, "name": "Event", "float": 0.25, "string": "kHitStopType_normal" },
			{ "time": 0.1666, "name": "Event", "int": 150, "float": 150, "string": "setPosition_Target" },
			{ "time": 0.5333, "name": "Sound1", "string": "cri_se_battle_033_explosion_element_01" },
			{ "time": 0.5333, "name": "Sound2", "string": "cri_se_battle_skill_shot" },
			{ "time": 0.5333, "name": "Sound3", "string": "setHitSound(se_battle_hard_hit)" },
			{ "time": 0.5666, "name": "Event2", "float": 1, "string": "shakeGround" }
		]
	}
}
}