{"skeleton":{"hash":"NxD/qXWSXdO7FNe92H/L/gfnqJ4","spine":"3.0.12","width":0,"height":0},"bones":[{"name":"root"},{"name":"MAIN","parent":"root"},{"name":"EF/5170_A3_wind1","parent":"MAIN","x":1170.58,"y":419.59},{"name":"DAMAGEAREA","parent":"root"}],"slots":[{"name":"EF/5170_A3_wind1","bone":"EF/5170_A3_wind1","blend":"additive"},{"name":"DAMAGEAREA","bone":"DAMAGEAREA"}],"skins":{"default":{"DAMAGEAREA":{"DAMAGEAREA":{"type":"boundingbox","vertices":[-99.46449,-97.97697,98.37552,-96.79797,100.55858,97.64705,-97.84544,97.64705]}},"EF/5170_A3_wind1":{"EF/5170_A3_wind1/5170_A3_wind1_00003":{"x":3.66,"y":48.7,"width":250,"height":250},"EF/5170_A3_wind1/5170_A3_wind1_00004":{"x":3.66,"y":48.7,"width":250,"height":250},"EF/5170_A3_wind1/5170_A3_wind1_00005":{"x":3.66,"y":48.7,"width":250,"height":250},"EF/5170_A3_wind1/5170_A3_wind1_00006":{"x":3.66,"y":48.7,"width":250,"height":250},"EF/5170_A3_wind1/5170_A3_wind1_00007":{"x":3.66,"y":48.7,"width":250,"height":250},"EF/5170_A3_wind1/5170_A3_wind1_00013":{"x":3.66,"y":48.7,"width":250,"height":250},"EF/5170_A3_wind1/5170_A3_wind1_00014":{"x":3.66,"y":48.7,"width":250,"height":250},"EF/5170_A3_wind1/5170_A3_wind1_00015":{"x":3.66,"y":48.7,"width":250,"height":250},"EF/5170_A3_wind1/5170_A3_wind1_00016":{"x":3.66,"y":48.7,"width":250,"height":250},"EF/5170_A3_wind1/5170_A3_wind1_00017":{"x":3.66,"y":48.7,"width":250,"height":250}}}},"events":{"EFEvent":{},"EFHit":{},"EFHitEffect":{},"Sound1":{},"Sound2":{}},"animations":{"attack1":{"slots":{"DAMAGEAREA":{"attachment":[{"time":0.1333,"name":"DAMAGEAREA"},{"time":0.7333,"name":null}]},"EF/5170_A3_wind1":{"attachment":[{"time":0.1,"name":"EF/5170_A3_wind1/5170_A3_wind1_00003"},{"time":0.1666,"name":"EF/5170_A3_wind1/5170_A3_wind1_00004"},{"time":0.2333,"name":"EF/5170_A3_wind1/5170_A3_wind1_00005"},{"time":0.3,"name":"EF/5170_A3_wind1/5170_A3_wind1_00006"},{"time":0.3666,"name":"EF/5170_A3_wind1/5170_A3_wind1_00007"},{"time":0.4333,"name":"EF/5170_A3_wind1/5170_A3_wind1_00013"},{"time":0.5,"name":"EF/5170_A3_wind1/5170_A3_wind1_00015"},{"time":0.5666,"name":"EF/5170_A3_wind1/5170_A3_wind1_00006"},{"time":0.6333,"name":"EF/5170_A3_wind1/5170_A3_wind1_00007"},{"time":0.7,"name":"EF/5170_A3_wind1/5170_A3_wind1_00013"},{"time":0.7666,"name":"EF/5170_A3_wind1/5170_A3_wind1_00015"},{"time":0.8333,"name":"EF/5170_A3_wind1/5170_A3_wind1_00016"},{"time":0.9,"name":null}],"color":[{"time":0.8,"color":"ffffffff"},{"time":0.9,"color":"ffffff00"}]}},"bones":{"EF/5170_A3_wind1":{"translate":[{"time":0.1,"x":-1170.58,"y":-403.3}],"scale":[{"time":0.1,"x":2.031,"y":2.031}]},"DAMAGEAREA":{"translate":[{"time":0.1,"x":0,"y":92}],"scale":[{"time":0.1,"x":1,"y":1.062}]},"MAIN":{"translate":[{"time":0,"x":0,"y":-23}],"scale":[{"time":0,"x":1.3,"y":1.3}]}},"events":[{"time":0,"name":"EFEvent","string":"setPosition-target"},{"time":0.0333,"name":"EFEvent","float":0.03,"string":"kHitStopType-normal"},{"time":0.0666,"name":"EFEvent","string":"setHitSound(se_battle_019_sword_hit_03)"},{"time":0.1,"name":"EFEvent","string":"setHitBackEnemy(10,15)"},{"time":0.2333,"name":"EFHitEffect","string":"resetHitList"},{"time":0.3666,"name":"EFHitEffect","string":"resetHitList"},{"time":0.5,"name":"EFHitEffect","string":"resetHitList"},{"time":0.6333,"name":"EFHitEffect","string":"resetHitList"}]}}}