{"skeleton":{"hash":"TKSeFOOMbHhy4TsE7b1qfyq9mAY","spine":"3.0.12","width":0,"height":0},"bones":[{"name":"root"},{"name":"ef","parent":"root"},{"name":"ef_slash_shake2","parent":"ef","x":150},{"name":"ef_slash_2","parent":"ef","x":250},{"name":"ef_graund_wave_red","parent":"ef","x":50},{"name":"ef_fire_main","parent":"ef","x":700},{"name":"DAMAGEAREA","parent":"root"}],"slots":[{"name":"ef_graund_wave_red","bone":"ef_graund_wave_red","blend":"additive"},{"name":"ef_graund_wave_red2","bone":"ef_graund_wave_red","blend":"additive"},{"name":"ef_graund_wave_red3","bone":"ef_graund_wave_red","blend":"additive"},{"name":"ef_slash_shake2","bone":"ef_slash_shake2","blend":"additive"},{"name":"ef_slash_2","bone":"ef_slash_2","blend":"additive"},{"name":"EF/ef_fire_main/ef_fire_main_00001","bone":"ef_fire_main","blend":"additive"},{"name":"DAMAGEAREA","bone":"DAMAGEAREA"}],"skins":{"default":{"DAMAGEAREA":{"DAMAGEAREA":{"type":"boundingbox","vertices":[-98.2394,96.76169,-98.2394,-96.17299,98.23541,-97.94301,97.35034,97.6467]}},"EF/ef_fire_main/ef_fire_main_00001":{"EF/ef_fire_main/ef_fire_main_00001":{"width":160,"height":160},"EF/ef_fire_main/ef_fire_main_00002":{"width":160,"height":160},"EF/ef_fire_main/ef_fire_main_00003":{"width":160,"height":160},"EF/ef_fire_main/ef_fire_main_00004":{"width":160,"height":160},"EF/ef_fire_main/ef_fire_main_00005":{"width":160,"height":160},"EF/ef_fire_main/ef_fire_main_00006":{"width":160,"height":160},"EF/ef_fire_main/ef_fire_main_00007":{"width":160,"height":160},"EF/ef_fire_main/ef_fire_main_00008":{"width":160,"height":160},"EF/ef_fire_main/ef_fire_main_00009":{"width":160,"height":160},"EF/ef_fire_main/ef_fire_main_00010":{"width":160,"height":160}},"ef_graund_wave_red":{"EF/0h/s123_ef_graund_wave_red/ef_graund_wave_red_00001":{"y":8.68,"width":200,"height":200},"EF/0h/s123_ef_graund_wave_red/ef_graund_wave_red_00002":{"y":8.68,"width":200,"height":200},"EF/0h/s123_ef_graund_wave_red/ef_graund_wave_red_00003":{"y":8.68,"width":200,"height":200},"EF/0h/s123_ef_graund_wave_red/ef_graund_wave_red_00004":{"y":8.68,"width":200,"height":200},"EF/0h/s123_ef_graund_wave_red/ef_graund_wave_red_00005":{"y":8.68,"width":200,"height":200},"EF/0h/s123_ef_graund_wave_red/ef_graund_wave_red_00006":{"y":8.68,"width":200,"height":200},"EF/0h/s123_ef_graund_wave_red/ef_graund_wave_red_00007":{"y":8.68,"width":200,"height":200},"EF/0h/s123_ef_graund_wave_red/ef_graund_wave_red_00008":{"y":8.68,"width":200,"height":200},"EF/0h/s123_ef_graund_wave_red/ef_graund_wave_red_00009":{"y":8.68,"width":200,"height":200},"EF/0h/s123_ef_graund_wave_red/ef_graund_wave_red_00010":{"y":8.68,"width":200,"height":200},"EF/0h/s123_ef_graund_wave_red/ef_graund_wave_red_00011":{"y":8.68,"width":200,"height":200},"EF/0h/s123_ef_graund_wave_red/ef_graund_wave_red_00012":{"y":8.68,"width":200,"height":200},"EF/0h/s123_ef_graund_wave_red/ef_graund_wave_red_00013":{"y":8.68,"width":200,"height":200},"EF/0h/s123_ef_graund_wave_red/ef_graund_wave_red_00014":{"y":8.68,"width":200,"height":200}},"ef_graund_wave_red2":{"EF/0h/s123_ef_graund_wave_red/ef_graund_wave_red_00001":{"y":8.68,"width":200,"height":200},"EF/0h/s123_ef_graund_wave_red/ef_graund_wave_red_00002":{"y":8.68,"width":200,"height":200},"EF/0h/s123_ef_graund_wave_red/ef_graund_wave_red_00003":{"y":8.68,"width":200,"height":200},"EF/0h/s123_ef_graund_wave_red/ef_graund_wave_red_00004":{"y":8.68,"width":200,"height":200},"EF/0h/s123_ef_graund_wave_red/ef_graund_wave_red_00005":{"y":8.68,"width":200,"height":200},"EF/0h/s123_ef_graund_wave_red/ef_graund_wave_red_00006":{"y":8.68,"width":200,"height":200},"EF/0h/s123_ef_graund_wave_red/ef_graund_wave_red_00007":{"y":8.68,"width":200,"height":200},"EF/0h/s123_ef_graund_wave_red/ef_graund_wave_red_00008":{"y":8.68,"width":200,"height":200},"EF/0h/s123_ef_graund_wave_red/ef_graund_wave_red_00009":{"y":8.68,"width":200,"height":200},"EF/0h/s123_ef_graund_wave_red/ef_graund_wave_red_00010":{"y":8.68,"width":200,"height":200},"EF/0h/s123_ef_graund_wave_red/ef_graund_wave_red_00011":{"y":8.68,"width":200,"height":200},"EF/0h/s123_ef_graund_wave_red/ef_graund_wave_red_00012":{"y":8.68,"width":200,"height":200},"EF/0h/s123_ef_graund_wave_red/ef_graund_wave_red_00013":{"y":8.68,"width":200,"height":200},"EF/0h/s123_ef_graund_wave_red/ef_graund_wave_red_00014":{"y":8.68,"width":200,"height":200}},"ef_graund_wave_red3":{"EF/0h/s123_ef_graund_wave_red/ef_graund_wave_red_00001":{"y":8.68,"width":200,"height":200},"EF/0h/s123_ef_graund_wave_red/ef_graund_wave_red_00002":{"y":8.68,"width":200,"height":200},"EF/0h/s123_ef_graund_wave_red/ef_graund_wave_red_00003":{"y":8.68,"width":200,"height":200},"EF/0h/s123_ef_graund_wave_red/ef_graund_wave_red_00004":{"y":8.68,"width":200,"height":200},"EF/0h/s123_ef_graund_wave_red/ef_graund_wave_red_00005":{"y":8.68,"width":200,"height":200},"EF/0h/s123_ef_graund_wave_red/ef_graund_wave_red_00006":{"y":8.68,"width":200,"height":200},"EF/0h/s123_ef_graund_wave_red/ef_graund_wave_red_00007":{"y":8.68,"width":200,"height":200},"EF/0h/s123_ef_graund_wave_red/ef_graund_wave_red_00008":{"y":8.68,"width":200,"height":200},"EF/0h/s123_ef_graund_wave_red/ef_graund_wave_red_00009":{"y":8.68,"width":200,"height":200},"EF/0h/s123_ef_graund_wave_red/ef_graund_wave_red_00010":{"y":8.68,"width":200,"height":200},"EF/0h/s123_ef_graund_wave_red/ef_graund_wave_red_00011":{"y":8.68,"width":200,"height":200},"EF/0h/s123_ef_graund_wave_red/ef_graund_wave_red_00012":{"y":8.68,"width":200,"height":200},"EF/0h/s123_ef_graund_wave_red/ef_graund_wave_red_00013":{"y":8.68,"width":200,"height":200},"EF/0h/s123_ef_graund_wave_red/ef_graund_wave_red_00014":{"y":8.68,"width":200,"height":200}},"ef_slash_2":{"EF/0h/s2_ef_slash_main2/ef_slash_main 2_00001":{"width":224,"height":168},"EF/0h/s2_ef_slash_main2/ef_slash_main 2_00002":{"width":224,"height":168},"EF/0h/s2_ef_slash_main2/ef_slash_main 2_00003":{"width":224,"height":168},"EF/0h/s2_ef_slash_main2/ef_slash_main 2_00004":{"width":224,"height":168},"EF/0h/s2_ef_slash_main2/ef_slash_main 2_00005":{"width":224,"height":168},"EF/0h/s2_ef_slash_main2/ef_slash_main 2_00006":{"width":224,"height":168},"EF/0h/s2_ef_slash_main2/ef_slash_main 2_00007":{"width":224,"height":168},"EF/0h/s2_ef_slash_main2/ef_slash_main 2_00008":{"width":224,"height":168},"EF/0h/s2_ef_slash_main2/ef_slash_main 2_00009":{"width":224,"height":168}},"ef_slash_shake2":{"EF/0h/s123_ef_slash_shake_main2/ef_slash_shake_main 2_00001":{"width":200,"height":200},"EF/0h/s123_ef_slash_shake_main2/ef_slash_shake_main 2_00002":{"width":200,"height":200},"EF/0h/s123_ef_slash_shake_main2/ef_slash_shake_main 2_00003":{"width":200,"height":200},"EF/0h/s123_ef_slash_shake_main2/ef_slash_shake_main 2_00004":{"width":200,"height":200},"EF/0h/s123_ef_slash_shake_main2/ef_slash_shake_main 2_00005":{"width":200,"height":200},"EF/0h/s123_ef_slash_shake_main2/ef_slash_shake_main 2_00006":{"width":200,"height":200},"EF/0h/s123_ef_slash_shake_main2/ef_slash_shake_main 2_00007":{"width":200,"height":200},"EF/0h/s123_ef_slash_shake_main2/ef_slash_shake_main 2_00008":{"width":200,"height":200}}}},"events":{"Event":{},"Event2":{},"Hit":{},"Sound1":{},"Sound2":{},"Sound3":{},"Voice":{}},"animations":{"attack1":{"slots":{"DAMAGEAREA":{"attachment":[{"time":0.2666,"name":"DAMAGEAREA"},{"time":0.4,"name":null}]},"EF/ef_fire_main/ef_fire_main_00001":{"attachment":[{"time":0.2666,"name":"EF/ef_fire_main/ef_fire_main_00001"},{"time":0.3,"name":"EF/ef_fire_main/ef_fire_main_00002"},{"time":0.3333,"name":"EF/ef_fire_main/ef_fire_main_00003"},{"time":0.3666,"name":"EF/ef_fire_main/ef_fire_main_00004"},{"time":0.4,"name":"EF/ef_fire_main/ef_fire_main_00005"},{"time":0.4333,"name":"EF/ef_fire_main/ef_fire_main_00006"},{"time":0.4666,"name":"EF/ef_fire_main/ef_fire_main_00007"},{"time":0.5,"name":"EF/ef_fire_main/ef_fire_main_00008"},{"time":0.5333,"name":"EF/ef_fire_main/ef_fire_main_00009"},{"time":0.5666,"name":"EF/ef_fire_main/ef_fire_main_00010"},{"time":0.6,"name":null}],"color":[{"time":0.4666,"color":"ffffffff"},{"time":0.6,"color":"ffffff00"}]},"ef_graund_wave_red":{"attachment":[{"time":0.2333,"name":"EF/0h/s123_ef_graund_wave_red/ef_graund_wave_red_00001"},{"time":0.2666,"name":"EF/0h/s123_ef_graund_wave_red/ef_graund_wave_red_00002"},{"time":0.3,"name":"EF/0h/s123_ef_graund_wave_red/ef_graund_wave_red_00003"},{"time":0.3333,"name":"EF/0h/s123_ef_graund_wave_red/ef_graund_wave_red_00004"},{"time":0.3666,"name":"EF/0h/s123_ef_graund_wave_red/ef_graund_wave_red_00005"},{"time":0.4,"name":"EF/0h/s123_ef_graund_wave_red/ef_graund_wave_red_00006"},{"time":0.4333,"name":"EF/0h/s123_ef_graund_wave_red/ef_graund_wave_red_00007"},{"time":0.4666,"name":"EF/0h/s123_ef_graund_wave_red/ef_graund_wave_red_00008"},{"time":0.5,"name":"EF/0h/s123_ef_graund_wave_red/ef_graund_wave_red_00009"},{"time":0.5333,"name":"EF/0h/s123_ef_graund_wave_red/ef_graund_wave_red_00010"},{"time":0.5666,"name":"EF/0h/s123_ef_graund_wave_red/ef_graund_wave_red_00011"},{"time":0.6,"name":"EF/0h/s123_ef_graund_wave_red/ef_graund_wave_red_00012"},{"time":0.6333,"name":"EF/0h/s123_ef_graund_wave_red/ef_graund_wave_red_00013"},{"time":0.6666,"name":"EF/0h/s123_ef_graund_wave_red/ef_graund_wave_red_00014"}]},"ef_slash_2":{"attachment":[{"time":0.2333,"name":"EF/0h/s2_ef_slash_main2/ef_slash_main 2_00001"},{"time":0.2666,"name":"EF/0h/s2_ef_slash_main2/ef_slash_main 2_00002"},{"time":0.3,"name":"EF/0h/s2_ef_slash_main2/ef_slash_main 2_00003"},{"time":0.3333,"name":"EF/0h/s2_ef_slash_main2/ef_slash_main 2_00004"},{"time":0.3666,"name":"EF/0h/s2_ef_slash_main2/ef_slash_main 2_00005"},{"time":0.4,"name":"EF/0h/s2_ef_slash_main2/ef_slash_main 2_00006"},{"time":0.4333,"name":"EF/0h/s2_ef_slash_main2/ef_slash_main 2_00007"},{"time":0.4666,"name":"EF/0h/s2_ef_slash_main2/ef_slash_main 2_00008"},{"time":0.5,"name":"EF/0h/s2_ef_slash_main2/ef_slash_main 2_00009"},{"time":0.5333,"name":null}],"color":[{"time":0.4333,"color":"ffffffff"},{"time":0.5333,"color":"ffffff00"}]},"ef_slash_shake2":{"attachment":[{"time":0.2333,"name":"EF/0h/s123_ef_slash_shake_main2/ef_slash_shake_main 2_00001"},{"time":0.2666,"name":"EF/0h/s123_ef_slash_shake_main2/ef_slash_shake_main 2_00002"},{"time":0.3,"name":"EF/0h/s123_ef_slash_shake_main2/ef_slash_shake_main 2_00003"},{"time":0.3333,"name":"EF/0h/s123_ef_slash_shake_main2/ef_slash_shake_main 2_00004"},{"time":0.3666,"name":"EF/0h/s123_ef_slash_shake_main2/ef_slash_shake_main 2_00005"},{"time":0.4,"name":"EF/0h/s123_ef_slash_shake_main2/ef_slash_shake_main 2_00006"},{"time":0.4333,"name":"EF/0h/s123_ef_slash_shake_main2/ef_slash_shake_main 2_00007"},{"time":0.4666,"name":"EF/0h/s123_ef_slash_shake_main2/ef_slash_shake_main 2_00008"},{"time":0.5,"name":null}]}},"bones":{"DAMAGEAREA":{"translate":[{"time":0.2666,"x":-79.17,"y":118.34}],"scale":[{"time":0.2666,"x":3.571,"y":2.143}]},"ef_fire_main":{"rotate":[{"time":0.2666,"angle":64.12}],"translate":[{"time":0.2666,"x":-661.48,"y":71.53}],"scale":[{"time":0.2666,"x":3,"y":-3}]},"ef_graund_wave_red":{"translate":[{"time":0.2333,"x":75,"y":-7}],"scale":[{"time":0.2333,"x":3,"y":3},{"time":0.6666,"x":5,"y":5}]},"ef_slash_2":{"rotate":[{"time":0.2333,"angle":180}],"translate":[{"time":0.2333,"x":-289.19,"y":64.46}],"scale":[{"time":0.2333,"x":4.5,"y":4.5}]},"ef_slash_shake2":{"rotate":[{"time":0.2333,"angle":0},{"time":0.2666,"angle":122.4},{"time":0.3,"angle":134.66},{"time":0.3666,"angle":142.74}],"translate":[{"time":0.2333,"x":-28.15,"y":80.44},{"time":0.2666,"x":-211.16,"y":97.53},{"time":0.3,"x":-221.22,"y":92.51}],"scale":[{"time":0.2333,"x":3,"y":-3},{"time":0.3,"x":3.616,"y":-4.154},{"time":0.3666,"x":3.818,"y":-3.321}]},"root":{"translate":[{"time":0,"x":-122.51,"y":0}]}},"events":[{"time":0.2,"name":"Event","string":"setHitBackEnemy(80,0)"},{"time":0.2,"name":"Sound1","string":"cri_se_battle_skill_swish"},{"time":0.2,"name":"Sound2","string":"cri_se_battle_033_explosion_element_01"},{"time":0.2,"name":"Sound3","string":"cri_se_battle_sword_srash"},{"time":0.2333,"name":"Event","string":"kHitStopType_normal"},{"time":0.2666,"name":"Event","string":"setHitStopTime(0.18,0.6)"},{"time":0.2666,"name":"Event2","float":2,"string":"shakeGround"}]}}}