{"skeleton":{"hash":"iZhKFlgVYBlas/lQSAJOLgcEoLI","spine":"3.0.12","width":0,"height":0},"bones":[{"name":"root"},{"name":"MAIN","parent":"root","y":25.11},{"name":"EF_smoke","parent":"MAIN","x":40,"y":-25.11},{"name":"EF_dash","parent":"MAIN","x":40,"y":-25.11},{"name":"DAMAGEAREA","parent":"root"}],"slots":[{"name":"MAIN","bone":"MAIN"},{"name":"DAMAGEAREA","bone":"DAMAGEAREA"},{"name":"EF_dash1","bone":"EF_dash"},{"name":"EF_dash2","bone":"EF_dash"},{"name":"EF_smoke1","bone":"EF_smoke"},{"name":"EF_smoke2","bone":"EF_smoke"},{"name":"EF_smoke3","bone":"EF_smoke"},{"name":"EF_smoke4","bone":"EF_smoke"}],"skins":{"default":{"DAMAGEAREA":{"DAMAGEAREA":{"type":"boundingbox","vertices":[-32.26606,31.81594,-32.26606,-32.19287,31.99575,-32.19287,31.99575,31.56295]}},"EF_dash1":{"ef_dash/ef_dash_main_00001":{"x":1.84,"y":49.66,"width":150,"height":150},"ef_dash/ef_dash_main_00002":{"x":1.84,"y":49.66,"width":150,"height":150},"ef_dash/ef_dash_main_00003":{"x":1.84,"y":49.66,"width":150,"height":150},"ef_dash/ef_dash_main_00004":{"x":1.84,"y":49.66,"width":150,"height":150},"ef_dash/ef_dash_main_00005":{"x":1.84,"y":49.66,"width":150,"height":150},"ef_dash/ef_dash_main_00006":{"x":1.84,"y":49.66,"width":150,"height":150}},"EF_dash2":{"ef_dash/ef_dash_main_00001":{"x":1.84,"y":49.66,"width":150,"height":150},"ef_dash/ef_dash_main_00002":{"x":1.84,"y":49.66,"width":150,"height":150},"ef_dash/ef_dash_main_00003":{"x":1.84,"y":49.66,"width":150,"height":150},"ef_dash/ef_dash_main_00004":{"x":1.84,"y":49.66,"width":150,"height":150},"ef_dash/ef_dash_main_00005":{"x":1.84,"y":49.66,"width":150,"height":150},"ef_dash/ef_dash_main_00006":{"x":1.84,"y":49.66,"width":150,"height":150}},"EF_smoke1":{"ef_smoke/guts_smoke_00001":{"x":98.81,"y":51.37,"width":256,"height":256},"ef_smoke/guts_smoke_00002":{"x":98.81,"y":51.37,"width":256,"height":256},"ef_smoke/guts_smoke_00003":{"x":98.81,"y":51.37,"width":256,"height":256},"ef_smoke/guts_smoke_00004":{"x":98.81,"y":51.37,"width":256,"height":256},"ef_smoke/guts_smoke_00005":{"x":98.81,"y":51.37,"width":256,"height":256},"ef_smoke/guts_smoke_00006":{"x":98.81,"y":51.37,"width":256,"height":256},"ef_smoke/guts_smoke_00007":{"x":98.81,"y":51.37,"width":256,"height":256},"ef_smoke/guts_smoke_00008":{"x":98.81,"y":51.37,"width":256,"height":256},"ef_smoke/guts_smoke_00009":{"x":98.81,"y":51.37,"width":256,"height":256},"ef_smoke/guts_smoke_00010":{"x":98.81,"y":51.37,"width":256,"height":256},"ef_smoke/guts_smoke_00011":{"x":98.81,"y":51.37,"width":256,"height":256},"ef_smoke/guts_smoke_00012":{"x":98.81,"y":51.37,"width":256,"height":256},"ef_smoke/guts_smoke_00013":{"x":98.81,"y":51.37,"width":256,"height":256},"ef_smoke/guts_smoke_00014":{"x":98.81,"y":51.37,"width":256,"height":256},"ef_smoke/guts_smoke_00015":{"x":98.81,"y":51.37,"width":256,"height":256},"ef_smoke/guts_smoke_00016":{"x":98.81,"y":51.37,"width":256,"height":256},"ef_smoke/guts_smoke_00017":{"x":98.81,"y":51.37,"width":256,"height":256},"ef_smoke/guts_smoke_00018":{"x":98.81,"y":51.37,"width":256,"height":256},"ef_smoke/guts_smoke_00019":{"x":98.81,"y":51.37,"width":256,"height":256},"ef_smoke/guts_smoke_00020":{"x":98.81,"y":51.37,"width":256,"height":256}},"EF_smoke2":{"ef_smoke/guts_smoke_00001":{"x":98.81,"y":51.37,"width":256,"height":256},"ef_smoke/guts_smoke_00002":{"x":98.81,"y":51.37,"width":256,"height":256},"ef_smoke/guts_smoke_00003":{"x":98.81,"y":51.37,"width":256,"height":256},"ef_smoke/guts_smoke_00004":{"x":98.81,"y":51.37,"width":256,"height":256},"ef_smoke/guts_smoke_00005":{"x":98.81,"y":51.37,"width":256,"height":256},"ef_smoke/guts_smoke_00006":{"x":98.81,"y":51.37,"width":256,"height":256},"ef_smoke/guts_smoke_00007":{"x":98.81,"y":51.37,"width":256,"height":256},"ef_smoke/guts_smoke_00008":{"x":98.81,"y":51.37,"width":256,"height":256},"ef_smoke/guts_smoke_00009":{"x":98.81,"y":51.37,"width":256,"height":256},"ef_smoke/guts_smoke_00010":{"x":98.81,"y":51.37,"width":256,"height":256},"ef_smoke/guts_smoke_00011":{"x":98.81,"y":51.37,"width":256,"height":256},"ef_smoke/guts_smoke_00012":{"x":98.81,"y":51.37,"width":256,"height":256},"ef_smoke/guts_smoke_00013":{"x":98.81,"y":51.37,"width":256,"height":256},"ef_smoke/guts_smoke_00014":{"x":98.81,"y":51.37,"width":256,"height":256},"ef_smoke/guts_smoke_00015":{"x":98.81,"y":51.37,"width":256,"height":256},"ef_smoke/guts_smoke_00016":{"x":98.81,"y":51.37,"width":256,"height":256},"ef_smoke/guts_smoke_00017":{"x":98.81,"y":51.37,"width":256,"height":256},"ef_smoke/guts_smoke_00018":{"x":98.81,"y":51.37,"width":256,"height":256},"ef_smoke/guts_smoke_00019":{"x":98.81,"y":51.37,"width":256,"height":256},"ef_smoke/guts_smoke_00020":{"x":98.81,"y":51.37,"width":256,"height":256}},"EF_smoke3":{"ef_smoke/guts_smoke_00001":{"x":98.81,"y":51.37,"width":256,"height":256},"ef_smoke/guts_smoke_00002":{"x":98.81,"y":51.37,"width":256,"height":256},"ef_smoke/guts_smoke_00003":{"x":98.81,"y":51.37,"width":256,"height":256},"ef_smoke/guts_smoke_00004":{"x":98.81,"y":51.37,"width":256,"height":256},"ef_smoke/guts_smoke_00005":{"x":98.81,"y":51.37,"width":256,"height":256},"ef_smoke/guts_smoke_00006":{"x":98.81,"y":51.37,"width":256,"height":256},"ef_smoke/guts_smoke_00007":{"x":98.81,"y":51.37,"width":256,"height":256},"ef_smoke/guts_smoke_00008":{"x":98.81,"y":51.37,"width":256,"height":256},"ef_smoke/guts_smoke_00009":{"x":98.81,"y":51.37,"width":256,"height":256},"ef_smoke/guts_smoke_00010":{"x":98.81,"y":51.37,"width":256,"height":256},"ef_smoke/guts_smoke_00011":{"x":98.81,"y":51.37,"width":256,"height":256},"ef_smoke/guts_smoke_00012":{"x":98.81,"y":51.37,"width":256,"height":256},"ef_smoke/guts_smoke_00013":{"x":98.81,"y":51.37,"width":256,"height":256},"ef_smoke/guts_smoke_00014":{"x":98.81,"y":51.37,"width":256,"height":256},"ef_smoke/guts_smoke_00015":{"x":98.81,"y":51.37,"width":256,"height":256},"ef_smoke/guts_smoke_00016":{"x":98.81,"y":51.37,"width":256,"height":256},"ef_smoke/guts_smoke_00017":{"x":98.81,"y":51.37,"width":256,"height":256},"ef_smoke/guts_smoke_00018":{"x":98.81,"y":51.37,"width":256,"height":256},"ef_smoke/guts_smoke_00019":{"x":98.81,"y":51.37,"width":256,"height":256},"ef_smoke/guts_smoke_00020":{"x":98.81,"y":51.37,"width":256,"height":256}},"EF_smoke4":{"ef_smoke/guts_smoke_00001":{"x":98.81,"y":51.37,"width":256,"height":256},"ef_smoke/guts_smoke_00002":{"x":98.81,"y":51.37,"width":256,"height":256},"ef_smoke/guts_smoke_00003":{"x":98.81,"y":51.37,"width":256,"height":256},"ef_smoke/guts_smoke_00004":{"x":98.81,"y":51.37,"width":256,"height":256},"ef_smoke/guts_smoke_00005":{"x":98.81,"y":51.37,"width":256,"height":256},"ef_smoke/guts_smoke_00006":{"x":98.81,"y":51.37,"width":256,"height":256},"ef_smoke/guts_smoke_00007":{"x":98.81,"y":51.37,"width":256,"height":256},"ef_smoke/guts_smoke_00008":{"x":98.81,"y":51.37,"width":256,"height":256},"ef_smoke/guts_smoke_00009":{"x":98.81,"y":51.37,"width":256,"height":256},"ef_smoke/guts_smoke_00010":{"x":98.81,"y":51.37,"width":256,"height":256},"ef_smoke/guts_smoke_00011":{"x":98.81,"y":51.37,"width":256,"height":256},"ef_smoke/guts_smoke_00012":{"x":98.81,"y":51.37,"width":256,"height":256},"ef_smoke/guts_smoke_00013":{"x":98.81,"y":51.37,"width":256,"height":256},"ef_smoke/guts_smoke_00014":{"x":98.81,"y":51.37,"width":256,"height":256},"ef_smoke/guts_smoke_00015":{"x":98.81,"y":51.37,"width":256,"height":256},"ef_smoke/guts_smoke_00016":{"x":98.81,"y":51.37,"width":256,"height":256},"ef_smoke/guts_smoke_00017":{"x":98.81,"y":51.37,"width":256,"height":256},"ef_smoke/guts_smoke_00018":{"x":98.81,"y":51.37,"width":256,"height":256},"ef_smoke/guts_smoke_00019":{"x":98.81,"y":51.37,"width":256,"height":256},"ef_smoke/guts_smoke_00020":{"x":98.81,"y":51.37,"width":256,"height":256}},"MAIN":{"Guts_00":{"y":10.82,"width":100,"height":100},"Guts_01":{"y":10.82,"width":100,"height":100},"Guts_02":{"y":10.82,"width":100,"height":100}}}},"events":{"Event":{},"Event2":{},"Hit":{},"Sound1":{},"Sound2":{}},"animations":{"attack1":{"slots":{"DAMAGEAREA":{"attachment":[{"time":0,"name":"DAMAGEAREA"}]},"EF_dash1":{"attachment":[{"time":0,"name":"ef_dash/ef_dash_main_00001"},{"time":0.0333,"name":"ef_dash/ef_dash_main_00002"},{"time":0.0666,"name":"ef_dash/ef_dash_main_00003"},{"time":0.1,"name":"ef_dash/ef_dash_main_00004"},{"time":0.1333,"name":"ef_dash/ef_dash_main_00005"},{"time":0.1666,"name":"ef_dash/ef_dash_main_00006"},{"time":0.2,"name":null},{"time":0.3333,"name":"ef_dash/ef_dash_main_00001"},{"time":0.3666,"name":"ef_dash/ef_dash_main_00002"},{"time":0.4,"name":"ef_dash/ef_dash_main_00003"},{"time":0.4333,"name":"ef_dash/ef_dash_main_00004"},{"time":0.4666,"name":"ef_dash/ef_dash_main_00005"},{"time":0.5,"name":"ef_dash/ef_dash_main_00006"},{"time":0.5333,"name":null},{"time":0.6666,"name":"ef_dash/ef_dash_main_00001"},{"time":0.7,"name":"ef_dash/ef_dash_main_00002"},{"time":0.7333,"name":"ef_dash/ef_dash_main_00003"},{"time":0.7666,"name":"ef_dash/ef_dash_main_00004"},{"time":0.8,"name":"ef_dash/ef_dash_main_00005"},{"time":0.8333,"name":"ef_dash/ef_dash_main_00006"},{"time":0.8666,"name":null},{"time":1,"name":"ef_dash/ef_dash_main_00001"},{"time":1.0333,"name":"ef_dash/ef_dash_main_00002"},{"time":1.0666,"name":"ef_dash/ef_dash_main_00003"},{"time":1.1,"name":"ef_dash/ef_dash_main_00004"},{"time":1.1333,"name":"ef_dash/ef_dash_main_00005"},{"time":1.1666,"name":"ef_dash/ef_dash_main_00006"},{"time":1.2,"name":null},{"time":1.3333,"name":"ef_dash/ef_dash_main_00001"},{"time":1.3666,"name":"ef_dash/ef_dash_main_00002"},{"time":1.4,"name":"ef_dash/ef_dash_main_00003"},{"time":1.4333,"name":"ef_dash/ef_dash_main_00004"},{"time":1.4666,"name":"ef_dash/ef_dash_main_00005"},{"time":1.5,"name":"ef_dash/ef_dash_main_00006"},{"time":1.5333,"name":null}],"color":[{"time":0,"color":"ffffff00"},{"time":0.1,"color":"ffffffff","curve":"stepped"},{"time":1.4333,"color":"ffffffff"},{"time":1.5333,"color":"ffffff00"}]},"EF_dash2":{"attachment":[{"time":0.1666,"name":"ef_dash/ef_dash_main_00001"},{"time":0.2,"name":"ef_dash/ef_dash_main_00002"},{"time":0.2333,"name":"ef_dash/ef_dash_main_00003"},{"time":0.2666,"name":"ef_dash/ef_dash_main_00004"},{"time":0.3,"name":"ef_dash/ef_dash_main_00005"},{"time":0.3333,"name":"ef_dash/ef_dash_main_00006"},{"time":0.3666,"name":null},{"time":0.5,"name":"ef_dash/ef_dash_main_00001"},{"time":0.5333,"name":"ef_dash/ef_dash_main_00002"},{"time":0.5666,"name":"ef_dash/ef_dash_main_00003"},{"time":0.6,"name":"ef_dash/ef_dash_main_00004"},{"time":0.6333,"name":"ef_dash/ef_dash_main_00005"},{"time":0.6666,"name":"ef_dash/ef_dash_main_00006"},{"time":0.7,"name":null},{"time":0.8333,"name":"ef_dash/ef_dash_main_00001"},{"time":0.8666,"name":"ef_dash/ef_dash_main_00002"},{"time":0.9,"name":"ef_dash/ef_dash_main_00003"},{"time":0.9333,"name":"ef_dash/ef_dash_main_00004"},{"time":0.9666,"name":"ef_dash/ef_dash_main_00005"},{"time":1,"name":"ef_dash/ef_dash_main_00006"},{"time":1.0333,"name":null},{"time":1.1666,"name":"ef_dash/ef_dash_main_00001"},{"time":1.2,"name":"ef_dash/ef_dash_main_00002"},{"time":1.2333,"name":"ef_dash/ef_dash_main_00003"},{"time":1.2666,"name":"ef_dash/ef_dash_main_00004"},{"time":1.3,"name":"ef_dash/ef_dash_main_00005"},{"time":1.3333,"name":"ef_dash/ef_dash_main_00006"},{"time":1.3666,"name":null}]},"EF_smoke1":{"attachment":[{"time":0,"name":"ef_smoke/guts_smoke_00001"},{"time":0.0333,"name":"ef_smoke/guts_smoke_00002"},{"time":0.0666,"name":"ef_smoke/guts_smoke_00003"},{"time":0.1,"name":"ef_smoke/guts_smoke_00004"},{"time":0.1333,"name":"ef_smoke/guts_smoke_00005"},{"time":0.1666,"name":"ef_smoke/guts_smoke_00006"},{"time":0.2,"name":"ef_smoke/guts_smoke_00007"},{"time":0.2333,"name":"ef_smoke/guts_smoke_00008"},{"time":0.2666,"name":"ef_smoke/guts_smoke_00012"},{"time":0.3,"name":"ef_smoke/guts_smoke_00013"},{"time":0.3333,"name":"ef_smoke/guts_smoke_00014"},{"time":0.3666,"name":"ef_smoke/guts_smoke_00015"},{"time":0.4,"name":"ef_smoke/guts_smoke_00016"},{"time":0.4333,"name":"ef_smoke/guts_smoke_00017"},{"time":0.4666,"name":"ef_smoke/guts_smoke_00018"},{"time":0.5,"name":"ef_smoke/guts_smoke_00019"},{"time":0.5333,"name":"ef_smoke/guts_smoke_00020"},{"time":0.5666,"name":null},{"time":0.8,"name":"ef_smoke/guts_smoke_00003"},{"time":0.8333,"name":"ef_smoke/guts_smoke_00004"},{"time":0.8666,"name":"ef_smoke/guts_smoke_00005"},{"time":0.9,"name":"ef_smoke/guts_smoke_00006"},{"time":0.9333,"name":"ef_smoke/guts_smoke_00007"},{"time":0.9666,"name":"ef_smoke/guts_smoke_00008"},{"time":1,"name":"ef_smoke/guts_smoke_00012"},{"time":1.0333,"name":"ef_smoke/guts_smoke_00013"},{"time":1.0666,"name":"ef_smoke/guts_smoke_00014"},{"time":1.1,"name":"ef_smoke/guts_smoke_00015"},{"time":1.1333,"name":"ef_smoke/guts_smoke_00016"},{"time":1.1666,"name":"ef_smoke/guts_smoke_00017"},{"time":1.2,"name":"ef_smoke/guts_smoke_00018"},{"time":1.2333,"name":"ef_smoke/guts_smoke_00019"},{"time":1.2666,"name":"ef_smoke/guts_smoke_00020"},{"time":1.3,"name":null}],"color":[{"time":0,"color":"ffffff00"},{"time":0.1,"color":"ffffffff","curve":"stepped"},{"time":0.4,"color":"ffffffff"},{"time":0.5666,"color":"ffffff00","curve":"stepped"},{"time":0.8,"color":"ffffffff","curve":"stepped"},{"time":1.1333,"color":"ffffffff"},{"time":1.3,"color":"ffffff00"}]},"EF_smoke2":{"attachment":[{"time":0.2333,"name":"ef_smoke/guts_smoke_00003"},{"time":0.2666,"name":"ef_smoke/guts_smoke_00004"},{"time":0.3,"name":"ef_smoke/guts_smoke_00005"},{"time":0.3333,"name":"ef_smoke/guts_smoke_00006"},{"time":0.3666,"name":"ef_smoke/guts_smoke_00007"},{"time":0.4,"name":"ef_smoke/guts_smoke_00008"},{"time":0.4333,"name":"ef_smoke/guts_smoke_00012"},{"time":0.4666,"name":"ef_smoke/guts_smoke_00013"},{"time":0.5,"name":"ef_smoke/guts_smoke_00014"},{"time":0.5333,"name":"ef_smoke/guts_smoke_00015"},{"time":0.5666,"name":"ef_smoke/guts_smoke_00016"},{"time":0.6,"name":"ef_smoke/guts_smoke_00017"},{"time":0.6333,"name":"ef_smoke/guts_smoke_00018"},{"time":0.6666,"name":"ef_smoke/guts_smoke_00019"},{"time":0.7,"name":"ef_smoke/guts_smoke_00020"},{"time":0.7333,"name":null},{"time":0.9666,"name":"ef_smoke/guts_smoke_00001"},{"time":1,"name":"ef_smoke/guts_smoke_00002"},{"time":1.0333,"name":"ef_smoke/guts_smoke_00003"},{"time":1.0666,"name":"ef_smoke/guts_smoke_00004"},{"time":1.1,"name":"ef_smoke/guts_smoke_00005"},{"time":1.1333,"name":"ef_smoke/guts_smoke_00006"},{"time":1.1666,"name":"ef_smoke/guts_smoke_00007"},{"time":1.2,"name":"ef_smoke/guts_smoke_00008"},{"time":1.2333,"name":"ef_smoke/guts_smoke_00012"},{"time":1.2666,"name":"ef_smoke/guts_smoke_00013"},{"time":1.3,"name":"ef_smoke/guts_smoke_00014"},{"time":1.3333,"name":"ef_smoke/guts_smoke_00015"},{"time":1.3666,"name":"ef_smoke/guts_smoke_00016"},{"time":1.4,"name":"ef_smoke/guts_smoke_00017"},{"time":1.4333,"name":"ef_smoke/guts_smoke_00018"},{"time":1.4666,"name":"ef_smoke/guts_smoke_00019"},{"time":1.5,"name":"ef_smoke/guts_smoke_00020"},{"time":1.5333,"name":null}],"color":[{"time":0.5666,"color":"ffffffff"},{"time":0.7333,"color":"ffffff00","curve":"stepped"},{"time":0.9666,"color":"ffffffff","curve":"stepped"},{"time":1.3666,"color":"ffffffff"},{"time":1.5333,"color":"ffffff00"}]},"EF_smoke3":{"attachment":[{"time":0.4,"name":"ef_smoke/guts_smoke_00003"},{"time":0.4333,"name":"ef_smoke/guts_smoke_00004"},{"time":0.4666,"name":"ef_smoke/guts_smoke_00005"},{"time":0.5,"name":"ef_smoke/guts_smoke_00006"},{"time":0.5333,"name":"ef_smoke/guts_smoke_00007"},{"time":0.5666,"name":"ef_smoke/guts_smoke_00008"},{"time":0.6,"name":"ef_smoke/guts_smoke_00012"},{"time":0.6333,"name":"ef_smoke/guts_smoke_00013"},{"time":0.6666,"name":"ef_smoke/guts_smoke_00014"},{"time":0.7,"name":"ef_smoke/guts_smoke_00015"},{"time":0.7333,"name":"ef_smoke/guts_smoke_00016"},{"time":0.7666,"name":"ef_smoke/guts_smoke_00017"},{"time":0.8,"name":"ef_smoke/guts_smoke_00018"},{"time":0.8333,"name":"ef_smoke/guts_smoke_00019"},{"time":0.8666,"name":"ef_smoke/guts_smoke_00020"},{"time":0.9,"name":null}],"color":[{"time":0.7333,"color":"ffffffff"},{"time":0.9,"color":"ffffff00"}]},"EF_smoke4":{"attachment":[{"time":0.5666,"name":"ef_smoke/guts_smoke_00003"},{"time":0.6,"name":"ef_smoke/guts_smoke_00004"},{"time":0.6333,"name":"ef_smoke/guts_smoke_00005"},{"time":0.6666,"name":"ef_smoke/guts_smoke_00006"},{"time":0.7,"name":"ef_smoke/guts_smoke_00007"},{"time":0.7333,"name":"ef_smoke/guts_smoke_00008"},{"time":0.7666,"name":"ef_smoke/guts_smoke_00012"},{"time":0.8,"name":"ef_smoke/guts_smoke_00013"},{"time":0.8333,"name":"ef_smoke/guts_smoke_00014"},{"time":0.8666,"name":"ef_smoke/guts_smoke_00015"},{"time":0.9,"name":"ef_smoke/guts_smoke_00016"},{"time":0.9333,"name":"ef_smoke/guts_smoke_00017"},{"time":0.9666,"name":"ef_smoke/guts_smoke_00018"},{"time":1,"name":"ef_smoke/guts_smoke_00019"},{"time":1.0333,"name":"ef_smoke/guts_smoke_00020"},{"time":1.0666,"name":null}],"color":[{"time":0.9,"color":"ffffffff"},{"time":1.0666,"color":"ffffff00"}]},"MAIN":{"attachment":[{"time":0,"name":"Guts_00"},{"time":0.0666,"name":"Guts_01"},{"time":0.1333,"name":"Guts_02"},{"time":0.2,"name":"Guts_00"},{"time":0.2666,"name":"Guts_01"},{"time":0.3333,"name":"Guts_02"},{"time":0.4,"name":"Guts_00"},{"time":0.4666,"name":"Guts_01"},{"time":0.5333,"name":"Guts_02"},{"time":0.6,"name":"Guts_00"},{"time":0.6666,"name":"Guts_01"},{"time":0.7333,"name":"Guts_02"},{"time":0.8,"name":"Guts_00"},{"time":0.8666,"name":"Guts_01"},{"time":0.9333,"name":"Guts_02"},{"time":1,"name":"Guts_00"},{"time":1.0666,"name":"Guts_01"},{"time":1.1333,"name":"Guts_02"},{"time":1.2,"name":"Guts_00"},{"time":1.2666,"name":"Guts_01"},{"time":1.3333,"name":"Guts_02"},{"time":1.4,"name":"Guts_00"},{"time":1.4666,"name":"Guts_01"},{"time":1.5333,"name":"Guts_02"}],"color":[{"time":0,"color":"ffffff00"},{"time":0.1,"color":"ffffffff","curve":"stepped"},{"time":1.4333,"color":"ffffffff"},{"time":1.5333,"color":"ffffff00"}]}},"bones":{"DAMAGEAREA":{"translate":[{"time":0,"x":900,"y":25},{"time":1.5333,"x":-900,"y":25}],"scale":[{"time":0,"x":1.259,"y":2.069}]},"EF_smoke":{"scale":[{"time":0,"x":2,"y":2}]},"MAIN":{"translate":[{"time":0,"x":900,"y":0},{"time":1.5333,"x":-900,"y":0}]}},"events":[{"time":0,"name":"Event","string":"setHitEffect(hit05a,0,1.2)"},{"time":0,"name":"Sound1","string":"cri_se_battle_pop_landing"},{"time":0,"name":"Sound2","string":"setHitSound(se_battle_025_blow_hit)"},{"time":0.0333,"name":"Event","string":"setHitBackEnemy(50,75)"},{"time":0.0666,"name":"Event","string":"kHitStopType_normal"},{"time":0.0666,"name":"Event2","float":0.5,"string":"shakeGround"},{"time":0.1,"name":"Event","string":"setHitStopTime(0.23,0.52)"},{"time":0.1,"name":"Sound1","string":"cri_se_battle_pop_landing"},{"time":0.1666,"name":"Event2","float":0.5,"string":"shakeGround"},{"time":0.2,"name":"Sound1","string":"cri_se_battle_pop_landing"},{"time":0.2666,"name":"Event2","float":0.5,"string":"shakeGround"},{"time":0.3,"name":"Sound1","string":"cri_se_battle_pop_landing"},{"time":0.3666,"name":"Event2","float":0.5,"string":"shakeGround"},{"time":0.4,"name":"Sound1","string":"cri_se_battle_pop_landing"},{"time":0.4666,"name":"Event2","float":0.5,"string":"shakeGround"},{"time":0.5,"name":"Sound1","string":"cri_se_battle_pop_landing"},{"time":0.5666,"name":"Event2","float":0.5,"string":"shakeGround"},{"time":0.6,"name":"Sound1","string":"cri_se_battle_pop_landing"},{"time":0.6666,"name":"Event2","float":0.5,"string":"shakeGround"},{"time":0.7,"name":"Sound1","string":"cri_se_battle_pop_landing"},{"time":0.7666,"name":"Event2","float":0.5,"string":"shakeGround"},{"time":0.8,"name":"Sound1","string":"cri_se_battle_pop_landing"},{"time":0.8666,"name":"Event2","float":0.5,"string":"shakeGround"},{"time":0.9,"name":"Sound1","string":"cri_se_battle_pop_landing"},{"time":0.9666,"name":"Event2","float":0.5,"string":"shakeGround"},{"time":1,"name":"Sound1","string":"cri_se_battle_pop_landing"},{"time":1.0666,"name":"Event2","float":0.5,"string":"shakeGround"},{"time":1.1,"name":"Sound1","string":"cri_se_battle_pop_landing"},{"time":1.1666,"name":"Event2","float":0.5,"string":"shakeGround"},{"time":1.2,"name":"Sound1","string":"cri_se_battle_pop_landing"},{"time":1.2666,"name":"Event2","float":0.5,"string":"shakeGround"},{"time":1.3,"name":"Sound1","string":"cri_se_battle_pop_landing"},{"time":1.3666,"name":"Event2","float":0.5,"string":"shakeGround"},{"time":1.4,"name":"Sound1","string":"cri_se_battle_pop_landing"},{"time":1.4666,"name":"Event2","float":0.5,"string":"shakeGround"},{"time":1.5,"name":"Sound1","string":"cri_se_battle_pop_landing"}]}}}