{"skeleton":{"hash":"RvCCZa44khXYJxVfqD6y7SRcLjg","spine":"3.0.12","width":0,"height":0},"bones":[{"name":"root"},{"name":"MAIN","parent":"root"},{"name":"ef_wave_D_purple2","parent":"MAIN","x":150},{"name":"ef_wave_D_purple","parent":"MAIN","x":150},{"name":"ef_skall_bom","parent":"MAIN","x":250},{"name":"ef_shock_wave","parent":"MAIN","x":50},{"name":"ef_energy_ball_hit3","parent":"MAIN"},{"name":"ef_energy_ball_hit","parent":"MAIN"},{"name":"ef_energy_arm2","parent":"MAIN","x":100},{"name":"ef_energy_arm","parent":"MAIN","x":100},{"name":"ef_dark_purple","parent":"MAIN","x":200},{"name":"DAMAGEAREA","parent":"root"}],"slots":[{"name":"0e/s12_ef_shock_wave_main/ef_shock_wave_main_00001","bone":"ef_shock_wave","blend":"additive"},{"name":"0e/s1_ef_energy_arm_mian/ef_energy_arm_mian_00001","bone":"ef_energy_arm","blend":"additive"},{"name":"0e/s1_ef_energy_arm_mian/ef_energy_arm_mian_1","bone":"ef_energy_arm2","blend":"additive"},{"name":"0e/s1_ef_energy_ball_mian2/ef_energy_ball_mian 2_00001","bone":"ef_energy_ball_hit","blend":"additive"},{"name":"0e/s1_ef_energy_ball_mian2/ef_energy_ball_mian 2_2","bone":"ef_energy_ball_hit3","blend":"additive"},{"name":"0e/s1_ef_wave_D_purple/ef_wave_D_purple_00001","bone":"ef_wave_D_purple","blend":"additive"},{"name":"0e/s1_ef_wave_D_purple/ef_wave_D_purple_1","bone":"ef_wave_D_purple2","blend":"additive"},{"name":"0e/s2_ef_dark_purple/ef_dark_purple_00001","bone":"ef_dark_purple","blend":"additive"},{"name":"0e/s2_ef_skall_bom_main/ef_skall_bom_main_00005","bone":"ef_skall_bom","blend":"additive"},{"name":"DAMAGEAREA","bone":"DAMAGEAREA"}],"skins":{"default":{"0e/s12_ef_shock_wave_main/ef_shock_wave_main_00001":{"0e/s12_ef_shock_wave_main/ef_shock_wave_main_00001":{"width":240,"height":240},"0e/s12_ef_shock_wave_main/ef_shock_wave_main_00002":{"width":240,"height":240},"0e/s12_ef_shock_wave_main/ef_shock_wave_main_00003":{"width":240,"height":240},"0e/s12_ef_shock_wave_main/ef_shock_wave_main_00004":{"width":240,"height":240},"0e/s12_ef_shock_wave_main/ef_shock_wave_main_00005":{"width":240,"height":240},"0e/s12_ef_shock_wave_main/ef_shock_wave_main_00006":{"width":240,"height":240},"0e/s12_ef_shock_wave_main/ef_shock_wave_main_00007":{"width":240,"height":240},"0e/s12_ef_shock_wave_main/ef_shock_wave_main_00008":{"width":240,"height":240},"0e/s12_ef_shock_wave_main/ef_shock_wave_main_00009":{"width":240,"height":240},"0e/s12_ef_shock_wave_main/ef_shock_wave_main_00010":{"width":240,"height":240},"0e/s12_ef_shock_wave_main/ef_shock_wave_main_00011":{"width":240,"height":240}},"0e/s1_ef_energy_arm_mian/ef_energy_arm_mian_00001":{"0e/s1_ef_energy_arm_mian/ef_energy_arm_mian_00001":{"width":160,"height":160},"0e/s1_ef_energy_arm_mian/ef_energy_arm_mian_00002":{"width":160,"height":160},"0e/s1_ef_energy_arm_mian/ef_energy_arm_mian_00003":{"width":160,"height":160},"0e/s1_ef_energy_arm_mian/ef_energy_arm_mian_00004":{"width":160,"height":160},"0e/s1_ef_energy_arm_mian/ef_energy_arm_mian_00005":{"width":160,"height":160},"0e/s1_ef_energy_arm_mian/ef_energy_arm_mian_00006":{"width":160,"height":160},"0e/s1_ef_energy_arm_mian/ef_energy_arm_mian_00007":{"width":160,"height":160},"0e/s1_ef_energy_arm_mian/ef_energy_arm_mian_00008":{"width":160,"height":160}},"0e/s1_ef_energy_arm_mian/ef_energy_arm_mian_1":{"0e/s1_ef_energy_arm_mian/ef_energy_arm_mian_00001":{"width":160,"height":160},"0e/s1_ef_energy_arm_mian/ef_energy_arm_mian_00002":{"width":160,"height":160},"0e/s1_ef_energy_arm_mian/ef_energy_arm_mian_00003":{"width":160,"height":160},"0e/s1_ef_energy_arm_mian/ef_energy_arm_mian_00004":{"width":160,"height":160},"0e/s1_ef_energy_arm_mian/ef_energy_arm_mian_00005":{"width":160,"height":160},"0e/s1_ef_energy_arm_mian/ef_energy_arm_mian_00006":{"width":160,"height":160},"0e/s1_ef_energy_arm_mian/ef_energy_arm_mian_00007":{"width":160,"height":160},"0e/s1_ef_energy_arm_mian/ef_energy_arm_mian_00008":{"width":160,"height":160}},"0e/s1_ef_energy_ball_mian2/ef_energy_ball_mian 2_00001":{"0e/s1_ef_energy_ball_mian2/ef_energy_ball_mian 2_00001":{"width":300,"height":300},"0e/s1_ef_energy_ball_mian2/ef_energy_ball_mian 2_00002":{"width":300,"height":300},"0e/s1_ef_energy_ball_mian2/ef_energy_ball_mian 2_00003":{"width":300,"height":300},"0e/s1_ef_energy_ball_mian2/ef_energy_ball_mian 2_00004":{"width":300,"height":300},"0e/s1_ef_energy_ball_mian2/ef_energy_ball_mian 2_00005":{"width":300,"height":300},"0e/s1_ef_energy_ball_mian2/ef_energy_ball_mian 2_00006":{"width":300,"height":300},"0e/s1_ef_energy_ball_mian2/ef_energy_ball_mian 2_00007":{"width":300,"height":300},"0e/s1_ef_energy_ball_mian2/ef_energy_ball_mian 2_00008":{"width":300,"height":300},"0e/s1_ef_energy_ball_mian2/ef_energy_ball_mian 2_00009":{"width":300,"height":300},"0e/s1_ef_energy_ball_mian2/ef_energy_ball_mian 2_00010":{"width":300,"height":300},"0e/s1_ef_energy_ball_mian2/ef_energy_ball_mian 2_00011":{"width":300,"height":300},"0e/s1_ef_energy_ball_mian2/ef_energy_ball_mian 2_00012":{"width":300,"height":300},"0e/s1_ef_energy_ball_mian2/ef_energy_ball_mian 2_00013":{"width":300,"height":300},"0e/s1_ef_energy_ball_mian2/ef_energy_ball_mian 2_00014":{"width":300,"height":300},"0e/s1_ef_energy_ball_mian2/ef_energy_ball_mian 2_00015":{"width":300,"height":300},"0e/s1_ef_energy_ball_mian2/ef_energy_ball_mian 2_00016":{"width":300,"height":300}},"0e/s1_ef_energy_ball_mian2/ef_energy_ball_mian 2_2":{"0e/s1_ef_energy_ball_mian2/ef_energy_ball_mian 2_00001":{"width":300,"height":300},"0e/s1_ef_energy_ball_mian2/ef_energy_ball_mian 2_00002":{"width":300,"height":300},"0e/s1_ef_energy_ball_mian2/ef_energy_ball_mian 2_00003":{"width":300,"height":300},"0e/s1_ef_energy_ball_mian2/ef_energy_ball_mian 2_00004":{"width":300,"height":300},"0e/s1_ef_energy_ball_mian2/ef_energy_ball_mian 2_00005":{"width":300,"height":300},"0e/s1_ef_energy_ball_mian2/ef_energy_ball_mian 2_00006":{"width":300,"height":300},"0e/s1_ef_energy_ball_mian2/ef_energy_ball_mian 2_00007":{"width":300,"height":300},"0e/s1_ef_energy_ball_mian2/ef_energy_ball_mian 2_00008":{"width":300,"height":300},"0e/s1_ef_energy_ball_mian2/ef_energy_ball_mian 2_00009":{"width":300,"height":300},"0e/s1_ef_energy_ball_mian2/ef_energy_ball_mian 2_00010":{"width":300,"height":300},"0e/s1_ef_energy_ball_mian2/ef_energy_ball_mian 2_00011":{"width":300,"height":300},"0e/s1_ef_energy_ball_mian2/ef_energy_ball_mian 2_00012":{"width":300,"height":300},"0e/s1_ef_energy_ball_mian2/ef_energy_ball_mian 2_00013":{"width":300,"height":300},"0e/s1_ef_energy_ball_mian2/ef_energy_ball_mian 2_00014":{"width":300,"height":300},"0e/s1_ef_energy_ball_mian2/ef_energy_ball_mian 2_00015":{"width":300,"height":300},"0e/s1_ef_energy_ball_mian2/ef_energy_ball_mian 2_00016":{"width":300,"height":300}},"0e/s1_ef_wave_D_purple/ef_wave_D_purple_00001":{"0e/s1_ef_wave_D_purple/ef_wave_D_purple_00001":{"width":200,"height":200},"0e/s1_ef_wave_D_purple/ef_wave_D_purple_00002":{"width":200,"height":200},"0e/s1_ef_wave_D_purple/ef_wave_D_purple_00003":{"width":200,"height":200},"0e/s1_ef_wave_D_purple/ef_wave_D_purple_00004":{"width":200,"height":200},"0e/s1_ef_wave_D_purple/ef_wave_D_purple_00005":{"width":200,"height":200},"0e/s1_ef_wave_D_purple/ef_wave_D_purple_00006":{"width":200,"height":200},"0e/s1_ef_wave_D_purple/ef_wave_D_purple_00007":{"width":200,"height":200},"0e/s1_ef_wave_D_purple/ef_wave_D_purple_00008":{"width":200,"height":200}},"0e/s1_ef_wave_D_purple/ef_wave_D_purple_1":{"0e/s1_ef_wave_D_purple/ef_wave_D_purple_00001":{"width":200,"height":200},"0e/s1_ef_wave_D_purple/ef_wave_D_purple_00002":{"width":200,"height":200},"0e/s1_ef_wave_D_purple/ef_wave_D_purple_00003":{"width":200,"height":200},"0e/s1_ef_wave_D_purple/ef_wave_D_purple_00004":{"width":200,"height":200},"0e/s1_ef_wave_D_purple/ef_wave_D_purple_00005":{"width":200,"height":200},"0e/s1_ef_wave_D_purple/ef_wave_D_purple_00006":{"width":200,"height":200},"0e/s1_ef_wave_D_purple/ef_wave_D_purple_00007":{"width":200,"height":200},"0e/s1_ef_wave_D_purple/ef_wave_D_purple_00008":{"width":200,"height":200}},"0e/s2_ef_dark_purple/ef_dark_purple_00001":{"0e/s2_ef_dark_purple/ef_dark_purple_00001":{"width":160,"height":160},"0e/s2_ef_dark_purple/ef_dark_purple_00002":{"width":160,"height":160},"0e/s2_ef_dark_purple/ef_dark_purple_00003":{"width":160,"height":160},"0e/s2_ef_dark_purple/ef_dark_purple_00004":{"width":160,"height":160},"0e/s2_ef_dark_purple/ef_dark_purple_00005":{"width":160,"height":160},"0e/s2_ef_dark_purple/ef_dark_purple_00006":{"width":160,"height":160},"0e/s2_ef_dark_purple/ef_dark_purple_00007":{"width":160,"height":160},"0e/s2_ef_dark_purple/ef_dark_purple_00008":{"width":160,"height":160},"0e/s2_ef_dark_purple/ef_dark_purple_00009":{"width":160,"height":160},"0e/s2_ef_dark_purple/ef_dark_purple_00010":{"width":160,"height":160},"0e/s2_ef_dark_purple/ef_dark_purple_00011":{"width":160,"height":160}},"0e/s2_ef_skall_bom_main/ef_skall_bom_main_00005":{"0e/s2_ef_skall_bom_main/ef_skall_bom_main_00005":{"x":-5.47,"y":-1.02,"width":200,"height":200},"0e/s2_ef_skall_bom_main/ef_skall_bom_main_00006":{"x":-5.47,"y":-1.02,"width":200,"height":200},"0e/s2_ef_skall_bom_main/ef_skall_bom_main_00007":{"x":-5.47,"y":-1.02,"width":200,"height":200},"0e/s2_ef_skall_bom_main/ef_skall_bom_main_00008":{"x":-5.47,"y":-1.02,"width":200,"height":200},"0e/s2_ef_skall_bom_main/ef_skall_bom_main_00009":{"x":-5.47,"y":-1.02,"width":200,"height":200},"0e/s2_ef_skall_bom_main/ef_skall_bom_main_00010":{"x":-5.47,"y":-1.02,"width":200,"height":200},"0e/s2_ef_skall_bom_main/ef_skall_bom_main_00011":{"x":-5.47,"y":-1.02,"width":200,"height":200},"0e/s2_ef_skall_bom_main/ef_skall_bom_main_00012":{"x":-5.47,"y":-1.02,"width":200,"height":200},"0e/s2_ef_skall_bom_main/ef_skall_bom_main_00013":{"x":-5.47,"y":-1.02,"width":200,"height":200},"0e/s2_ef_skall_bom_main/ef_skall_bom_main_00014":{"x":-5.47,"y":-1.02,"width":200,"height":200},"0e/s2_ef_skall_bom_main/ef_skall_bom_main_00015":{"x":-5.47,"y":-1.02,"width":200,"height":200},"0e/s2_ef_skall_bom_main/ef_skall_bom_main_00016":{"x":-5.47,"y":-1.02,"width":200,"height":200}},"DAMAGEAREA":{"DAMAGEAREA":{"type":"boundingbox","vertices":[-63.62901,63.62339,-63.62901,-63.88258,63.877,-64.83058,64.35099,63.14939]}}}},"events":{"Event":{},"Hit":{},"Sound1":{},"Sound2":{},"Sound3":{}},"animations":{"attack1":{"slots":{"0e/s12_ef_shock_wave_main/ef_shock_wave_main_00001":{"attachment":[{"time":0.4333,"name":"0e/s12_ef_shock_wave_main/ef_shock_wave_main_00001"},{"time":0.4666,"name":"0e/s12_ef_shock_wave_main/ef_shock_wave_main_00002"},{"time":0.5,"name":"0e/s12_ef_shock_wave_main/ef_shock_wave_main_00003"},{"time":0.5333,"name":"0e/s12_ef_shock_wave_main/ef_shock_wave_main_00004"},{"time":0.5666,"name":"0e/s12_ef_shock_wave_main/ef_shock_wave_main_00005"},{"time":0.6,"name":"0e/s12_ef_shock_wave_main/ef_shock_wave_main_00006"},{"time":0.6333,"name":"0e/s12_ef_shock_wave_main/ef_shock_wave_main_00007"},{"time":0.6666,"name":"0e/s12_ef_shock_wave_main/ef_shock_wave_main_00008"},{"time":0.7,"name":"0e/s12_ef_shock_wave_main/ef_shock_wave_main_00009"},{"time":0.7333,"name":"0e/s12_ef_shock_wave_main/ef_shock_wave_main_00010"},{"time":0.7666,"name":"0e/s12_ef_shock_wave_main/ef_shock_wave_main_00011"},{"time":0.8,"name":null}]},"0e/s1_ef_energy_arm_mian/ef_energy_arm_mian_00001":{"attachment":[{"time":0.1333,"name":"0e/s1_ef_energy_arm_mian/ef_energy_arm_mian_00001"},{"time":0.1666,"name":"0e/s1_ef_energy_arm_mian/ef_energy_arm_mian_00002"},{"time":0.2,"name":"0e/s1_ef_energy_arm_mian/ef_energy_arm_mian_00003"},{"time":0.2333,"name":"0e/s1_ef_energy_arm_mian/ef_energy_arm_mian_00004"},{"time":0.2666,"name":"0e/s1_ef_energy_arm_mian/ef_energy_arm_mian_00005"},{"time":0.3,"name":"0e/s1_ef_energy_arm_mian/ef_energy_arm_mian_00006"},{"time":0.3333,"name":"0e/s1_ef_energy_arm_mian/ef_energy_arm_mian_00007"},{"time":0.3666,"name":"0e/s1_ef_energy_arm_mian/ef_energy_arm_mian_00008"},{"time":0.4333,"name":null}],"color":[{"time":0.3333,"color":"ffffffff"},{"time":0.4333,"color":"ffffff00"}]},"0e/s1_ef_energy_arm_mian/ef_energy_arm_mian_1":{"attachment":[{"time":0.1333,"name":"0e/s1_ef_energy_arm_mian/ef_energy_arm_mian_00001"},{"time":0.1666,"name":"0e/s1_ef_energy_arm_mian/ef_energy_arm_mian_00002"},{"time":0.2,"name":"0e/s1_ef_energy_arm_mian/ef_energy_arm_mian_00003"},{"time":0.2333,"name":"0e/s1_ef_energy_arm_mian/ef_energy_arm_mian_00004"},{"time":0.2666,"name":"0e/s1_ef_energy_arm_mian/ef_energy_arm_mian_00005"},{"time":0.3,"name":"0e/s1_ef_energy_arm_mian/ef_energy_arm_mian_00006"},{"time":0.3333,"name":"0e/s1_ef_energy_arm_mian/ef_energy_arm_mian_00007"},{"time":0.3666,"name":"0e/s1_ef_energy_arm_mian/ef_energy_arm_mian_00008"},{"time":0.4333,"name":null}],"color":[{"time":0.3333,"color":"ffffffff"},{"time":0.4333,"color":"ffffff00"}]},"0e/s1_ef_energy_ball_mian2/ef_energy_ball_mian 2_00001":{"attachment":[{"time":0.1333,"name":"0e/s1_ef_energy_ball_mian2/ef_energy_ball_mian 2_00001"},{"time":0.1666,"name":"0e/s1_ef_energy_ball_mian2/ef_energy_ball_mian 2_00002"},{"time":0.2,"name":"0e/s1_ef_energy_ball_mian2/ef_energy_ball_mian 2_00003"},{"time":0.2333,"name":"0e/s1_ef_energy_ball_mian2/ef_energy_ball_mian 2_00004"},{"time":0.2666,"name":"0e/s1_ef_energy_ball_mian2/ef_energy_ball_mian 2_00005"},{"time":0.3,"name":"0e/s1_ef_energy_ball_mian2/ef_energy_ball_mian 2_00006"},{"time":0.3333,"name":"0e/s1_ef_energy_ball_mian2/ef_energy_ball_mian 2_00007"},{"time":0.3666,"name":"0e/s1_ef_energy_ball_mian2/ef_energy_ball_mian 2_00008"},{"time":0.4,"name":"0e/s1_ef_energy_ball_mian2/ef_energy_ball_mian 2_00009"},{"time":0.4333,"name":"0e/s1_ef_energy_ball_mian2/ef_energy_ball_mian 2_00010"},{"time":0.4666,"name":"0e/s1_ef_energy_ball_mian2/ef_energy_ball_mian 2_00011"},{"time":0.5,"name":"0e/s1_ef_energy_ball_mian2/ef_energy_ball_mian 2_00012"},{"time":0.5333,"name":"0e/s1_ef_energy_ball_mian2/ef_energy_ball_mian 2_00013"},{"time":0.5666,"name":"0e/s1_ef_energy_ball_mian2/ef_energy_ball_mian 2_00014"},{"time":0.6,"name":"0e/s1_ef_energy_ball_mian2/ef_energy_ball_mian 2_00015"},{"time":0.6333,"name":"0e/s1_ef_energy_ball_mian2/ef_energy_ball_mian 2_00016"},{"time":0.7,"name":null}],"color":[{"time":0.5666,"color":"ffffffff"},{"time":0.7,"color":"ffffff00"}]},"0e/s1_ef_wave_D_purple/ef_wave_D_purple_00001":{"attachment":[{"time":0.4333,"name":"0e/s1_ef_wave_D_purple/ef_wave_D_purple_00001"},{"time":0.4666,"name":"0e/s1_ef_wave_D_purple/ef_wave_D_purple_00002"},{"time":0.5,"name":"0e/s1_ef_wave_D_purple/ef_wave_D_purple_00003"},{"time":0.5333,"name":"0e/s1_ef_wave_D_purple/ef_wave_D_purple_00004"},{"time":0.5666,"name":"0e/s1_ef_wave_D_purple/ef_wave_D_purple_00005"},{"time":0.6,"name":"0e/s1_ef_wave_D_purple/ef_wave_D_purple_00006"},{"time":0.6333,"name":"0e/s1_ef_wave_D_purple/ef_wave_D_purple_00007"},{"time":0.6666,"name":"0e/s1_ef_wave_D_purple/ef_wave_D_purple_00008"},{"time":0.7,"name":null}]},"0e/s1_ef_wave_D_purple/ef_wave_D_purple_1":{"attachment":[{"time":0.4333,"name":"0e/s1_ef_wave_D_purple/ef_wave_D_purple_00001"},{"time":0.4666,"name":"0e/s1_ef_wave_D_purple/ef_wave_D_purple_00002"},{"time":0.5,"name":"0e/s1_ef_wave_D_purple/ef_wave_D_purple_00003"},{"time":0.5333,"name":"0e/s1_ef_wave_D_purple/ef_wave_D_purple_00004"},{"time":0.5666,"name":"0e/s1_ef_wave_D_purple/ef_wave_D_purple_00005"},{"time":0.6,"name":"0e/s1_ef_wave_D_purple/ef_wave_D_purple_00006"},{"time":0.6333,"name":"0e/s1_ef_wave_D_purple/ef_wave_D_purple_00007"},{"time":0.6666,"name":"0e/s1_ef_wave_D_purple/ef_wave_D_purple_00008"},{"time":0.7,"name":null}]},"DAMAGEAREA":{"attachment":[{"time":0.4666,"name":"DAMAGEAREA"},{"time":0.6666,"name":null}]}},"bones":{"ef_shock_wave":{"translate":[{"time":0.4333,"x":-50,"y":0}],"scale":[{"time":0.4333,"x":2,"y":2},{"time":0.7666,"x":5,"y":5}]},"ef_energy_arm":{"translate":[{"time":0.1333,"x":-100,"y":0}],"scale":[{"time":0.1333,"x":2,"y":2}]},"ef_energy_arm2":{"rotate":[{"time":0.1333,"angle":180}],"translate":[{"time":0.1333,"x":-100,"y":0}],"scale":[{"time":0.1333,"x":2,"y":2}]},"ef_energy_ball_hit":{"scale":[{"time":0.1333,"x":1.426,"y":1.426,"curve":"stepped"},{"time":0.4,"x":1.426,"y":1.426,"curve":[0.147,0.52,0.75,1]},{"time":0.5333,"x":2,"y":2},{"time":0.6666,"x":3,"y":3}]},"ef_wave_D_purple":{"rotate":[{"time":0.4333,"angle":45}],"translate":[{"time":0.4333,"x":-150,"y":0}],"scale":[{"time":0.4333,"x":3,"y":3,"curve":[0.151,0.4,0.75,1]},{"time":0.6666,"x":7,"y":7}]},"ef_wave_D_purple2":{"rotate":[{"time":0.4333,"angle":-45}],"translate":[{"time":0.4333,"x":-150,"y":0}],"scale":[{"time":0.4333,"x":3,"y":3,"curve":[0.151,0.4,0.75,1]},{"time":0.6666,"x":7,"y":7}]},"DAMAGEAREA":{"scale":[{"time":0.4666,"x":1.418,"y":1.288},{"time":0.6333,"x":4.296,"y":4.051}]}},"events":[{"time":0,"name":"Sound1","string":"setHitSound(se_battle_007_attack_hit_01)"},{"time":0,"name":"Sound2","string":"cri_se_battle_stoptime"},{"time":0.1,"name":"Event","string":"setPosition_Target"},{"time":0.3,"name":"Sound1","string":"cri_se_battle_037_explosion_element_05"},{"time":0.4666,"name":"Event","float":0.12,"string":"kHitStopType_normal"}]}}}