{"skeleton":{"hash":"DpIHrQT2Uu7oS8oeWd1z1ZKB/h4","spine":"3.0.12","width":0,"height":0},"bones":[{"name":"root"},{"name":"MAIN","parent":"root"},{"name":"EF_ex8","parent":"MAIN","scaleX":3,"scaleY":3},{"name":"EF_ex7","parent":"MAIN","scaleX":3,"scaleY":3},{"name":"EF_ex6","parent":"MAIN","scaleX":3,"scaleY":3},{"name":"EF_ex5","parent":"MAIN","scaleX":3,"scaleY":3},{"name":"EF_bomb1","parent":"MAIN","scaleX":2.5,"scaleY":2.5},{"name":"EF_magic3","parent":"EF_bomb1","scaleX":0.254,"scaleY":0.704,"rotation":41.3},{"name":"EF_magic2","parent":"EF_bomb1","scaleX":0.423,"scaleY":0.654,"rotation":32.52},{"name":"EF_magic1","parent":"EF_bomb1","scaleX":0.197,"scaleY":0.711,"rotation":5.59},{"name":"DAMAGEAREA","parent":"root"}],"slots":[{"name":"EF_bomb1","bone":"EF_bomb1","blend":"additive"},{"name":"EF_ex5","bone":"EF_ex5","blend":"additive"},{"name":"EF_ex6","bone":"EF_ex6","blend":"additive"},{"name":"EF_ex7","bone":"EF_ex7","blend":"additive"},{"name":"EF_ex8","bone":"EF_ex8","blend":"additive"},{"name":"EF_magic1","bone":"EF_magic1","blend":"additive"},{"name":"EF_magic2","bone":"EF_magic2","blend":"additive"},{"name":"EF_magic3","bone":"EF_magic3","blend":"additive"},{"name":"DAMAGEAREA","bone":"DAMAGEAREA"}],"skins":{"default":{"DAMAGEAREA":{"DAMAGEAREA":{"type":"boundingbox","vertices":[-63.43041,-63.82725,62.51352,-63.09925,61.78552,63.57269,-64.15841,62.1167]}},"EF_bomb1":{"EF/5150_S1_bomb1/5150_S1_bomb1_00000":{"width":300,"height":300},"EF/5150_S1_bomb1/5150_S1_bomb1_00005":{"width":300,"height":300},"EF/5150_S1_bomb1/5150_S1_bomb1_00027":{"width":300,"height":300},"EF/5150_S1_bomb1/5150_S1_bomb1_00037":{"width":300,"height":300},"EF/5150_S1_bomb1/5150_S1_bomb1_00047":{"width":300,"height":300},"EF/5150_S1_bomb1/5150_S1_bomb1_00051":{"width":300,"height":300}},"EF_ex5":{"EF/5150_S1_ex1/5150_S1_ex1_00001":{"x":3.21,"y":61.16,"width":300,"height":300},"EF/5150_S1_ex1/5150_S1_ex1_00003":{"x":3.21,"y":61.16,"width":300,"height":300},"EF/5150_S1_ex1/5150_S1_ex1_00005":{"x":3.21,"y":61.16,"width":300,"height":300},"EF/5150_S1_ex1/5150_S1_ex1_00007":{"x":3.21,"y":61.16,"width":300,"height":300},"EF/5150_S1_ex1/5150_S1_ex1_00014":{"x":3.21,"y":61.16,"width":300,"height":300},"EF/5150_S1_ex1/5150_S1_ex1_00018":{"x":3.21,"y":61.16,"width":300,"height":300},"EF/5150_S1_ex1/5150_S1_ex1_00021":{"x":3.21,"y":61.16,"width":300,"height":300},"EF/5150_S1_ex1/5150_S1_ex1_00023":{"x":3.21,"y":61.16,"width":300,"height":300},"EF/5150_S1_ex1/5150_S1_ex1_00025":{"x":3.21,"y":61.16,"width":300,"height":300}},"EF_ex6":{"EF/5150_S1_ex1/5150_S1_ex1_00001":{"x":3.19,"y":59.37,"width":300,"height":300},"EF/5150_S1_ex1/5150_S1_ex1_00003":{"x":3.19,"y":59.37,"width":300,"height":300},"EF/5150_S1_ex1/5150_S1_ex1_00005":{"x":3.19,"y":59.37,"width":300,"height":300},"EF/5150_S1_ex1/5150_S1_ex1_00007":{"x":3.19,"y":59.37,"width":300,"height":300},"EF/5150_S1_ex1/5150_S1_ex1_00014":{"x":3.19,"y":59.37,"width":300,"height":300},"EF/5150_S1_ex1/5150_S1_ex1_00016":{"x":3.19,"y":59.37,"width":300,"height":300},"EF/5150_S1_ex1/5150_S1_ex1_00018":{"x":3.19,"y":59.37,"width":300,"height":300},"EF/5150_S1_ex1/5150_S1_ex1_00021":{"x":3.19,"y":59.37,"width":300,"height":300},"EF/5150_S1_ex1/5150_S1_ex1_00023":{"x":3.19,"y":59.37,"width":300,"height":300},"EF/5150_S1_ex1/5150_S1_ex1_00025":{"x":3.19,"y":59.37,"width":300,"height":300}},"EF_ex7":{"EF/5150_S1_ex2/5150_S1_ex2_00001":{"x":9.71,"y":33.61,"width":300,"height":300},"EF/5150_S1_ex2/5150_S1_ex2_00003":{"x":9.71,"y":33.61,"width":300,"height":300},"EF/5150_S1_ex2/5150_S1_ex2_00006":{"x":9.71,"y":33.61,"width":300,"height":300},"EF/5150_S1_ex2/5150_S1_ex2_00010":{"x":9.71,"y":33.61,"width":300,"height":300},"EF/5150_S1_ex2/5150_S1_ex2_00013":{"x":9.71,"y":33.61,"width":300,"height":300},"EF/5150_S1_ex2/5150_S1_ex2_00016":{"x":9.71,"y":33.61,"width":300,"height":300},"EF/5150_S1_ex2/5150_S1_ex2_00020":{"x":9.71,"y":33.61,"width":300,"height":300}},"EF_ex8":{"EF/5150_S1_ex2/5150_S1_ex2_00001":{"x":9.71,"y":33.61,"width":300,"height":300},"EF/5150_S1_ex2/5150_S1_ex2_00003":{"x":9.71,"y":33.61,"width":300,"height":300},"EF/5150_S1_ex2/5150_S1_ex2_00006":{"x":9.71,"y":33.61,"width":300,"height":300},"EF/5150_S1_ex2/5150_S1_ex2_00010":{"x":9.71,"y":33.61,"width":300,"height":300},"EF/5150_S1_ex2/5150_S1_ex2_00013":{"x":9.71,"y":33.61,"width":300,"height":300},"EF/5150_S1_ex2/5150_S1_ex2_00016":{"x":9.71,"y":33.61,"width":300,"height":300},"EF/5150_S1_ex2/5150_S1_ex2_00020":{"x":9.71,"y":33.61,"width":300,"height":300}},"EF_magic1":{"EF/5150_S1_magic1":{"type":"mesh","uvs":[1,1,0,1,0,0,1,0],"triangles":[1,2,3,1,3,0],"vertices":[110,-110,-110,-110,-110,110,110,110],"hull":4}},"EF_magic2":{"EF/5150_S1_magic1":{"type":"mesh","uvs":[1,1,0,1,0,0,1,0],"triangles":[1,2,3,1,3,0],"vertices":[110,-110,-110,-110,-110,110,110,110],"hull":4}},"EF_magic3":{"EF/5150_S1_magic1":{"type":"mesh","uvs":[1,1,0,1,0,0,1,0],"triangles":[1,2,3,1,3,0],"vertices":[110,-110,-110,-110,-110,110,110,110],"hull":4}}}},"events":{"Event":{},"Hit":{},"Sound1":{},"Sound2":{}},"animations":{"attack1":{"slots":{"DAMAGEAREA":{"attachment":[{"time":2.3333,"name":"DAMAGEAREA"},{"time":2.6666,"name":null}]},"EF_bomb1":{"attachment":[{"time":0.3,"name":"EF/5150_S1_bomb1/5150_S1_bomb1_00000"},{"time":0.4,"name":"EF/5150_S1_bomb1/5150_S1_bomb1_00005"},{"time":0.5,"name":"EF/5150_S1_bomb1/5150_S1_bomb1_00000"},{"time":0.6,"name":"EF/5150_S1_bomb1/5150_S1_bomb1_00005"},{"time":0.7,"name":"EF/5150_S1_bomb1/5150_S1_bomb1_00000"},{"time":0.8,"name":"EF/5150_S1_bomb1/5150_S1_bomb1_00005"},{"time":0.9,"name":"EF/5150_S1_bomb1/5150_S1_bomb1_00000"},{"time":1,"name":"EF/5150_S1_bomb1/5150_S1_bomb1_00005"},{"time":1.1,"name":"EF/5150_S1_bomb1/5150_S1_bomb1_00000"},{"time":1.2,"name":"EF/5150_S1_bomb1/5150_S1_bomb1_00005"},{"time":1.3,"name":"EF/5150_S1_bomb1/5150_S1_bomb1_00000"},{"time":1.4,"name":"EF/5150_S1_bomb1/5150_S1_bomb1_00005"},{"time":1.5,"name":"EF/5150_S1_bomb1/5150_S1_bomb1_00000"},{"time":1.6,"name":"EF/5150_S1_bomb1/5150_S1_bomb1_00005"},{"time":1.7,"name":"EF/5150_S1_bomb1/5150_S1_bomb1_00000"},{"time":1.8,"name":"EF/5150_S1_bomb1/5150_S1_bomb1_00005"},{"time":1.9,"name":"EF/5150_S1_bomb1/5150_S1_bomb1_00000"},{"time":2,"name":"EF/5150_S1_bomb1/5150_S1_bomb1_00005"},{"time":2.1,"name":"EF/5150_S1_bomb1/5150_S1_bomb1_00000"},{"time":2.2,"name":"EF/5150_S1_bomb1/5150_S1_bomb1_00005"},{"time":2.2333,"name":"EF/5150_S1_bomb1/5150_S1_bomb1_00027"},{"time":2.4,"name":"EF/5150_S1_bomb1/5150_S1_bomb1_00037"},{"time":2.5,"name":"EF/5150_S1_bomb1/5150_S1_bomb1_00047"},{"time":2.5666,"name":"EF/5150_S1_bomb1/5150_S1_bomb1_00051"},{"time":2.6,"name":null}]},"EF_ex5":{"attachment":[{"time":2.2666,"name":"EF/5150_S1_ex1/5150_S1_ex1_00001"},{"time":2.3333,"name":"EF/5150_S1_ex1/5150_S1_ex1_00003"},{"time":2.3666,"name":"EF/5150_S1_ex1/5150_S1_ex1_00005"},{"time":2.4,"name":"EF/5150_S1_ex1/5150_S1_ex1_00007"},{"time":2.5333,"name":"EF/5150_S1_ex1/5150_S1_ex1_00014"},{"time":2.6333,"name":"EF/5150_S1_ex1/5150_S1_ex1_00018"},{"time":2.7,"name":"EF/5150_S1_ex1/5150_S1_ex1_00021"},{"time":2.8,"name":"EF/5150_S1_ex1/5150_S1_ex1_00023"},{"time":2.9333,"name":"EF/5150_S1_ex1/5150_S1_ex1_00025"},{"time":3,"name":null}],"color":[{"time":2.7333,"color":"ffffffff"},{"time":3,"color":"ffffff00"}]},"EF_ex6":{"attachment":[{"time":2.3,"name":"EF/5150_S1_ex1/5150_S1_ex1_00001"},{"time":2.3666,"name":"EF/5150_S1_ex1/5150_S1_ex1_00003"},{"time":2.4,"name":"EF/5150_S1_ex1/5150_S1_ex1_00005"},{"time":2.4333,"name":"EF/5150_S1_ex1/5150_S1_ex1_00007"},{"time":2.5666,"name":"EF/5150_S1_ex1/5150_S1_ex1_00014"},{"time":2.6,"name":"EF/5150_S1_ex1/5150_S1_ex1_00016"},{"time":2.6333,"name":"EF/5150_S1_ex1/5150_S1_ex1_00018"},{"time":2.7333,"name":"EF/5150_S1_ex1/5150_S1_ex1_00021"},{"time":2.8333,"name":"EF/5150_S1_ex1/5150_S1_ex1_00023"},{"time":2.9333,"name":"EF/5150_S1_ex1/5150_S1_ex1_00025"},{"time":3.0333,"name":null}],"color":[{"time":2.7666,"color":"ffffffff"},{"time":3.0333,"color":"ffffff00"}]},"EF_ex7":{"attachment":[{"time":2.4,"name":"EF/5150_S1_ex2/5150_S1_ex2_00001"},{"time":2.4666,"name":"EF/5150_S1_ex2/5150_S1_ex2_00003"},{"time":2.5333,"name":"EF/5150_S1_ex2/5150_S1_ex2_00006"},{"time":2.6333,"name":"EF/5150_S1_ex2/5150_S1_ex2_00010"},{"time":2.7,"name":"EF/5150_S1_ex2/5150_S1_ex2_00013"},{"time":2.7666,"name":"EF/5150_S1_ex2/5150_S1_ex2_00016"},{"time":2.8333,"name":"EF/5150_S1_ex2/5150_S1_ex2_00020"},{"time":2.8666,"name":null}]},"EF_ex8":{"attachment":[{"time":2.4,"name":"EF/5150_S1_ex2/5150_S1_ex2_00001"},{"time":2.4666,"name":"EF/5150_S1_ex2/5150_S1_ex2_00003"},{"time":2.5333,"name":"EF/5150_S1_ex2/5150_S1_ex2_00006"},{"time":2.6333,"name":"EF/5150_S1_ex2/5150_S1_ex2_00010"},{"time":2.7,"name":"EF/5150_S1_ex2/5150_S1_ex2_00013"},{"time":2.7666,"name":"EF/5150_S1_ex2/5150_S1_ex2_00016"},{"time":2.8333,"name":"EF/5150_S1_ex2/5150_S1_ex2_00020"},{"time":2.8666,"name":null}]},"EF_magic1":{"attachment":[{"time":0.3,"name":"EF/5150_S1_magic1"},{"time":2.3,"name":null}]},"EF_magic2":{"attachment":[{"time":0.4,"name":"EF/5150_S1_magic1"},{"time":2.3,"name":null}]},"EF_magic3":{"attachment":[{"time":0.5,"name":"EF/5150_S1_magic1"},{"time":2.3,"name":null}]}},"bones":{"EF_bomb1":{"translate":[{"time":0.3,"x":-204.96,"y":275,"curve":"stepped"},{"time":2.0666,"x":-204.96,"y":275},{"time":2.3,"x":-393.98,"y":35.32}],"scale":[{"time":0.3,"x":0.019,"y":0.019,"curve":[0.62,0.25,0.717,0.32]},{"time":0.8,"x":1.401,"y":1.401,"curve":"stepped"},{"time":2.3,"x":1.401,"y":1.401},{"time":2.4,"x":0.97,"y":0.97,"curve":[0.147,0.53,0.542,0.96]},{"time":2.5,"x":1.098,"y":1.098}]},"EF_magic1":{"rotate":[{"time":0.3,"angle":-51.92},{"time":2.3,"angle":51.41}],"scale":[{"time":0.3,"x":0.467,"y":0.467},{"time":0.4,"x":2.359,"y":1.21},{"time":0.8,"x":1.869,"y":0.959},{"time":2.2,"x":1.594,"y":0.996},{"time":2.3,"x":0.4,"y":0.205}]},"EF_magic2":{"scale":[{"time":0.4,"x":0.467,"y":0.467},{"time":0.5,"x":1.088,"y":1.285},{"time":0.8,"x":0.956,"y":1.007},{"time":2.2,"x":1.667,"y":1.027},{"time":2.3,"x":0.583,"y":0.359}]},"EF_magic3":{"rotate":[{"time":0.5,"angle":0},{"time":2.2,"angle":-69.24}],"scale":[{"time":0.5,"x":0.467,"y":0.467},{"time":0.6,"x":1.055,"y":1.055},{"time":0.8,"x":0.838,"y":0.838},{"time":2.2,"x":0.983,"y":0.983},{"time":2.3,"x":0.337,"y":0.337}]},"EF_ex5":{"translate":[{"time":2.2666,"x":-394.61,"y":-62.18,"curve":"stepped"},{"time":2.7333,"x":-394.61,"y":-55.06},{"time":2.9666,"x":-394.61,"y":-27.79}],"scale":[{"time":2.2666,"x":1,"y":1},{"time":2.3666,"x":0.531,"y":0.531,"curve":[0.134,0.63,0.75,1]},{"time":2.4666,"x":1.166,"y":1.166,"curve":"stepped"},{"time":2.9666,"x":1.507,"y":1.066}]},"EF_ex6":{"translate":[{"time":2.3,"x":-246.21,"y":-52.65,"curve":"stepped"},{"time":2.7666,"x":-289.66,"y":-16.11},{"time":3,"x":-289.66,"y":-19.18}],"scale":[{"time":2.3,"x":1,"y":1},{"time":2.4,"x":0.531,"y":0.531,"curve":[0.134,0.63,0.75,1]},{"time":2.4666,"x":1,"y":1},{"time":3,"x":1.507,"y":1.066}]},"EF_ex7":{"translate":[{"time":2.4,"x":-266.13,"y":53.57},{"time":2.5,"x":-266.13,"y":87.48}]},"EF_ex8":{"rotate":[{"time":2.4,"angle":-20.38}],"translate":[{"time":2.4,"x":-411.16,"y":116.87},{"time":2.5,"x":-411.16,"y":183.8}],"scale":[{"time":2.4,"x":-1,"y":1}]},"DAMAGEAREA":{"translate":[{"time":2.3333,"x":-382.98,"y":38.89},{"time":2.6333,"x":-382.98,"y":145.68}],"scale":[{"time":2.3333,"x":2.655,"y":2.133}]}},"ffd":{"default":{"EF_magic1":{"EF/5150_S1_magic1":[{"time":0.3},{"time":2.2,"vertices":[17.32495,111.06365,107.46494,-36.04765,-17.32391,-111.06337,-107.46397,36.04819]},{"time":2.3,"vertices":[43.86007,114.92989,114.93015,-43.85927,-43.85919,-114.92957,-114.92944,43.8599]}]},"EF_magic2":{"EF/5150_S1_magic1":[{"time":0.4},{"time":2.3,"vertices":[40.83551,148.05942,148.05884,-40.83569,-40.83653,-148.05893,-148.05963,40.83639]}]},"EF_magic3":{"EF/5150_S1_magic1":[{"time":0.5},{"time":2.3,"vertices":[38.7944,64.6138,64.6127,-38.79554,-38.79657,-64.61415,-64.61505,38.79548]}]}}},"events":[{"time":0.0333,"name":"Event","string":"kImpactType_up"},{"time":0.1333,"name":"Sound1","string":"cri_se_battle_magic_Invocation_dark"},{"time":0.1666,"name":"Event","int":380,"string":"setPosition_Target"},{"time":0.3,"name":"Sound1","string":"cri_se_battle_magic_Invocation_dark"},{"time":0.3,"name":"Sound2","string":"cri_se_battle_darkness_explosion"},{"time":0.5,"name":"Sound2","string":"cri_se_battle_skill_electric_1"},{"time":2.1,"name":"Sound1","string":"cri_se_battle_skill_shot"},{"time":2.1,"name":"Sound2","string":"cri_se_battle_arrow_light_effect"},{"time":2.2333,"name":"Event","float":0.1,"string":"kHitStopType_normal"},{"time":2.3,"name":"Event","string":"shakeGround"},{"time":2.4,"name":"Event","float":0.1,"string":"kHitStopType_enemyonly"},{"time":2.4,"name":"Sound1","string":"setHitSound(se_battle_explosion_short)"},{"time":2.4,"name":"Sound2","string":"cri_se_battle_033_explosion_element_01"},{"time":2.4666,"name":"Hit","string":"resetHitList"},{"time":2.5333,"name":"Hit","string":"resetHitList"},{"time":2.6,"name":"Hit","string":"resetHitList"},{"time":2.7333,"name":"Sound1","string":"cri_se_battle_magic_Invocation_dark"}]}}}