{
"skeleton": { "hash": "Jfh0IHNBQKC8RSqHRoenK1U9Id0", "spine": "3.0.12", "width": 0, "height": 0, "images": "./images2/" },
"bones": [
	{ "name": "root", "y": 0.72 },
	{ "name": "MAIN", "parent": "root", "y": 128.01 },
	{ "name": "ef_energy_sink_main", "parent": "MAIN", "x": 1796.08, "y": 348.51 },
	{ "name": "S1_hit_root", "parent": "MAIN", "x": 1200.24, "y": 171.98 },
	{ "name": "S1_hit3", "parent": "S1_hit_root", "x": -300.24 },
	{ "name": "S1_hit2", "parent": "S1_hit_root", "x": -300.24 },
	{ "name": "S1_hit1", "parent": "S1_hit_root", "x": -300.24 },
	{ "name": "460_S1_hit1", "parent": "MAIN", "x": 900, "y": 171.98 },
	{ "name": "460_S1_beam4", "parent": "MAIN", "x": 900, "y": 371.98 },
	{ "name": "460_S1_beam3", "parent": "MAIN", "x": 900, "y": 371.98 },
	{ "name": "DAMAGEAREA", "parent": "root" },
	{ "name": "shotRoot", "parent": "MAIN" },
	{ "name": "ef_energy_ball_ray_main_skill3", "parent": "shotRoot", "x": 1500, "y": 171.98, "color": "75ff8cff" },
	{ "name": "ef_energy_ball_ray_main_skill2", "parent": "shotRoot", "x": 1500, "y": 171.98, "color": "75ff8cff" },
	{ "name": "ef_energy_ball_ray_main_skill1", "parent": "shotRoot", "x": 1500, "y": 171.25, "color": "75ff8cff" }
],
"slots": [
	{ "name": "460_S1_beam3", "bone": "460_S1_beam3", "blend": "additive" },
	{ "name": "460_S1_beam4", "bone": "460_S1_beam4", "blend": "additive" },
	{ "name": "460_S1_hit1", "bone": "460_S1_hit1", "blend": "additive" },
	{ "name": "460_S1_hit2", "bone": "S1_hit1", "blend": "additive" },
	{ "name": "460_S1_hit3", "bone": "S1_hit2", "blend": "additive" },
	{ "name": "460_S1_hit4", "bone": "S1_hit3", "blend": "additive" },
	{ "name": "ef_energy_ball_ray_main_skill1", "bone": "ef_energy_ball_ray_main_skill1", "blend": "additive" },
	{ "name": "ef_energy_ball_ray_main_skill2", "bone": "ef_energy_ball_ray_main_skill2", "blend": "additive" },
	{ "name": "ef_energy_ball_ray_main_skill3", "bone": "ef_energy_ball_ray_main_skill3", "blend": "additive" },
	{ "name": "ef_energy_sink_main", "bone": "ef_energy_sink_main", "blend": "additive" },
	{ "name": "DAMAGEAREA", "bone": "DAMAGEAREA" }
],
"skins": {
	"default": {
		"460_S1_beam3": {
			"EF/460_S1_beam3/460_S1_beam3_00000": { "width": 250, "height": 250 },
			"EF/460_S1_beam3/460_S1_beam3_00001": { "width": 250, "height": 250 },
			"EF/460_S1_beam3/460_S1_beam3_00002": { "width": 250, "height": 250 },
			"EF/460_S1_beam3/460_S1_beam3_00003": { "width": 250, "height": 250 },
			"EF/460_S1_beam3/460_S1_beam3_00004": { "width": 250, "height": 250 },
			"EF/460_S1_beam3/460_S1_beam3_00005": { "width": 250, "height": 250 },
			"EF/460_S1_beam3/460_S1_beam3_00006": { "width": 250, "height": 250 },
			"EF/460_S1_beam3/460_S1_beam3_00007": { "width": 250, "height": 250 }
		},
		"460_S1_beam4": {
			"EF/460_S1_beam3/460_S1_beam3_00000": { "width": 250, "height": 250 },
			"EF/460_S1_beam3/460_S1_beam3_00001": { "width": 250, "height": 250 },
			"EF/460_S1_beam3/460_S1_beam3_00002": { "width": 250, "height": 250 },
			"EF/460_S1_beam3/460_S1_beam3_00003": { "width": 250, "height": 250 },
			"EF/460_S1_beam3/460_S1_beam3_00004": { "width": 250, "height": 250 },
			"EF/460_S1_beam3/460_S1_beam3_00005": { "width": 250, "height": 250 },
			"EF/460_S1_beam3/460_S1_beam3_00006": { "width": 250, "height": 250 },
			"EF/460_S1_beam3/460_S1_beam3_00007": { "width": 250, "height": 250 }
		},
		"460_S1_hit1": {
			"EF/460_S1_hit1/460_S1_hit1_00000": { "width": 125, "height": 125 },
			"EF/460_S1_hit1/460_S1_hit1_00001": { "width": 125, "height": 125 },
			"EF/460_S1_hit1/460_S1_hit1_00002": { "width": 125, "height": 125 },
			"EF/460_S1_hit1/460_S1_hit1_00003": { "width": 125, "height": 125 },
			"EF/460_S1_hit1/460_S1_hit1_00004": { "width": 125, "height": 125 },
			"EF/460_S1_hit1/460_S1_hit1_00005": { "width": 125, "height": 125 },
			"EF/460_S1_hit1/460_S1_hit1_00006": { "width": 125, "height": 125 },
			"EF/460_S1_hit1/460_S1_hit1_00007": { "width": 125, "height": 125 },
			"EF/460_S1_hit1/460_S1_hit1_00008": { "width": 125, "height": 125 },
			"EF/460_S1_hit1/460_S1_hit1_00009": { "width": 125, "height": 125 },
			"EF/460_S1_hit1/460_S1_hit1_00010": { "width": 125, "height": 125 },
			"EF/460_S1_hit1/460_S1_hit1_00011": { "width": 125, "height": 125 },
			"EF/460_S1_hit1/460_S1_hit1_00012": { "width": 125, "height": 125 }
		},
		"460_S1_hit2": {
			"EF/460_S1_hit1/460_S1_hit1_00000": { "width": 125, "height": 125 },
			"EF/460_S1_hit1/460_S1_hit1_00001": { "width": 125, "height": 125 },
			"EF/460_S1_hit1/460_S1_hit1_00002": { "width": 125, "height": 125 },
			"EF/460_S1_hit1/460_S1_hit1_00003": { "width": 125, "height": 125 },
			"EF/460_S1_hit1/460_S1_hit1_00004": { "width": 125, "height": 125 },
			"EF/460_S1_hit1/460_S1_hit1_00005": { "width": 125, "height": 125 },
			"EF/460_S1_hit1/460_S1_hit1_00006": { "width": 125, "height": 125 },
			"EF/460_S1_hit1/460_S1_hit1_00007": { "width": 125, "height": 125 },
			"EF/460_S1_hit1/460_S1_hit1_00008": { "width": 125, "height": 125 },
			"EF/460_S1_hit1/460_S1_hit1_00009": { "width": 125, "height": 125 },
			"EF/460_S1_hit1/460_S1_hit1_00010": { "width": 125, "height": 125 },
			"EF/460_S1_hit1/460_S1_hit1_00011": { "width": 125, "height": 125 },
			"EF/460_S1_hit1/460_S1_hit1_00012": { "width": 125, "height": 125 }
		},
		"460_S1_hit3": {
			"EF/460_S1_hit1/460_S1_hit1_00000": { "width": 125, "height": 125 },
			"EF/460_S1_hit1/460_S1_hit1_00001": { "width": 125, "height": 125 },
			"EF/460_S1_hit1/460_S1_hit1_00002": { "width": 125, "height": 125 },
			"EF/460_S1_hit1/460_S1_hit1_00003": { "width": 125, "height": 125 },
			"EF/460_S1_hit1/460_S1_hit1_00004": { "width": 125, "height": 125 },
			"EF/460_S1_hit1/460_S1_hit1_00005": { "width": 125, "height": 125 },
			"EF/460_S1_hit1/460_S1_hit1_00006": { "width": 125, "height": 125 },
			"EF/460_S1_hit1/460_S1_hit1_00007": { "width": 125, "height": 125 },
			"EF/460_S1_hit1/460_S1_hit1_00008": { "width": 125, "height": 125 },
			"EF/460_S1_hit1/460_S1_hit1_00009": { "width": 125, "height": 125 },
			"EF/460_S1_hit1/460_S1_hit1_00010": { "width": 125, "height": 125 },
			"EF/460_S1_hit1/460_S1_hit1_00011": { "width": 125, "height": 125 },
			"EF/460_S1_hit1/460_S1_hit1_00012": { "width": 125, "height": 125 }
		},
		"460_S1_hit4": {
			"EF/460_S1_hit1/460_S1_hit1_00000": { "width": 125, "height": 125 },
			"EF/460_S1_hit1/460_S1_hit1_00001": { "width": 125, "height": 125 },
			"EF/460_S1_hit1/460_S1_hit1_00002": { "width": 125, "height": 125 },
			"EF/460_S1_hit1/460_S1_hit1_00003": { "width": 125, "height": 125 },
			"EF/460_S1_hit1/460_S1_hit1_00004": { "width": 125, "height": 125 },
			"EF/460_S1_hit1/460_S1_hit1_00005": { "width": 125, "height": 125 },
			"EF/460_S1_hit1/460_S1_hit1_00006": { "width": 125, "height": 125 },
			"EF/460_S1_hit1/460_S1_hit1_00007": { "width": 125, "height": 125 },
			"EF/460_S1_hit1/460_S1_hit1_00008": { "width": 125, "height": 125 },
			"EF/460_S1_hit1/460_S1_hit1_00009": { "width": 125, "height": 125 },
			"EF/460_S1_hit1/460_S1_hit1_00010": { "width": 125, "height": 125 },
			"EF/460_S1_hit1/460_S1_hit1_00011": { "width": 125, "height": 125 },
			"EF/460_S1_hit1/460_S1_hit1_00012": { "width": 125, "height": 125 }
		},
		"DAMAGEAREA": {
			"DAMAGEAREA": {
				"type": "boundingbox",
				"vertices": [ -99.95137, -97.37529, 99.95136, -97.37529, 99.95136, 97.37529, -99.95137, 97.37529 ]
			}
		},
		"ef_energy_ball_ray_main_skill1": {
			"EF/ef_energy_ball_ray_main_skill1/ef_energy_ball_ray_main_00001": { "width": 150, "height": 150 },
			"EF/ef_energy_ball_ray_main_skill1/ef_energy_ball_ray_main_00002": { "width": 150, "height": 150 },
			"EF/ef_energy_ball_ray_main_skill1/ef_energy_ball_ray_main_00003": { "width": 150, "height": 150 },
			"EF/ef_energy_ball_ray_main_skill1/ef_energy_ball_ray_main_00004": { "width": 150, "height": 150 },
			"EF/ef_energy_ball_ray_main_skill1/ef_energy_ball_ray_main_00005": { "width": 150, "height": 150 },
			"EF/ef_energy_ball_ray_main_skill1/ef_energy_ball_ray_main_00008": { "width": 150, "height": 150 },
			"EF/ef_energy_ball_ray_main_skill1/ef_energy_ball_ray_main_00009": { "width": 150, "height": 150 },
			"EF/ef_energy_ball_ray_main_skill1/ef_energy_ball_ray_main_00010": { "width": 150, "height": 150 },
			"EF/ef_energy_ball_ray_main_skill1/ef_energy_ball_ray_main_00011": { "width": 150, "height": 150 },
			"EF/ef_energy_ball_ray_main_skill1/ef_energy_ball_ray_main_00012": { "width": 150, "height": 150 },
			"EF/ef_energy_ball_ray_main_skill1/ef_energy_ball_ray_main_00013": { "width": 150, "height": 150 },
			"EF/ef_energy_ball_ray_main_skill1/ef_energy_ball_ray_main_00014": { "width": 150, "height": 150 },
			"EF/ef_energy_ball_ray_main_skill1/ef_energy_ball_ray_main_00015": { "width": 150, "height": 150 },
			"EF/ef_energy_ball_ray_main_skill1/ef_energy_ball_ray_main_00016": { "width": 150, "height": 150 }
		},
		"ef_energy_ball_ray_main_skill2": {
			"EF/ef_energy_ball_ray_main_skill1/ef_energy_ball_ray_main_00001": { "width": 150, "height": 150 },
			"EF/ef_energy_ball_ray_main_skill1/ef_energy_ball_ray_main_00005": { "width": 150, "height": 150 },
			"EF/ef_energy_ball_ray_main_skill1/ef_energy_ball_ray_main_00009": { "width": 150, "height": 150 },
			"EF/ef_energy_ball_ray_main_skill1/ef_energy_ball_ray_main_00011": { "width": 150, "height": 150 },
			"EF/ef_energy_ball_ray_main_skill1/ef_energy_ball_ray_main_00013": { "width": 150, "height": 150 },
			"EF/ef_energy_ball_ray_main_skill1/ef_energy_ball_ray_main_00015": { "width": 150, "height": 150 }
		},
		"ef_energy_ball_ray_main_skill3": {
			"EF/ef_energy_ball_ray_main_skill1/ef_energy_ball_ray_main_00001": { "width": 150, "height": 150 },
			"EF/ef_energy_ball_ray_main_skill1/ef_energy_ball_ray_main_00005": { "width": 150, "height": 150 },
			"EF/ef_energy_ball_ray_main_skill1/ef_energy_ball_ray_main_00009": { "width": 150, "height": 150 },
			"EF/ef_energy_ball_ray_main_skill1/ef_energy_ball_ray_main_00011": { "width": 150, "height": 150 },
			"EF/ef_energy_ball_ray_main_skill1/ef_energy_ball_ray_main_00013": { "width": 150, "height": 150 },
			"EF/ef_energy_ball_ray_main_skill1/ef_energy_ball_ray_main_00015": { "width": 150, "height": 150 }
		},
		"ef_energy_sink_main": {
			"EF/ef_energy_sink_main/ef_energy_sink_main_00001": { "width": 200, "height": 200 },
			"EF/ef_energy_sink_main/ef_energy_sink_main_00002": { "width": 200, "height": 200 },
			"EF/ef_energy_sink_main/ef_energy_sink_main_00003": { "width": 200, "height": 200 },
			"EF/ef_energy_sink_main/ef_energy_sink_main_00004": { "width": 200, "height": 200 },
			"EF/ef_energy_sink_main/ef_energy_sink_main_00005": { "width": 200, "height": 200 },
			"EF/ef_energy_sink_main/ef_energy_sink_main_00006": { "width": 200, "height": 200 },
			"EF/ef_energy_sink_main/ef_energy_sink_main_00007": { "width": 200, "height": 200 },
			"EF/ef_energy_sink_main/ef_energy_sink_main_00008": { "width": 200, "height": 200 },
			"EF/ef_energy_sink_main/ef_energy_sink_main_00009": { "width": 200, "height": 200 },
			"EF/ef_energy_sink_main/ef_energy_sink_main_00010": { "width": 200, "height": 200 },
			"EF/ef_energy_sink_main/ef_energy_sink_main_00011": { "width": 200, "height": 200 },
			"EF/ef_energy_sink_main/ef_energy_sink_main_00012": { "width": 200, "height": 200 },
			"EF/ef_energy_sink_main/ef_energy_sink_main_00013": { "width": 200, "height": 200 },
			"EF/ef_energy_sink_main/ef_energy_sink_main_00014": { "width": 200, "height": 200 },
			"EF/ef_energy_sink_main/ef_energy_sink_main_00015": { "width": 200, "height": 200 },
			"EF/ef_energy_sink_main/ef_energy_sink_main_00016": { "width": 200, "height": 200 },
			"EF/ef_energy_sink_main/ef_energy_sink_main_00017": { "width": 200, "height": 200 },
			"EF/ef_energy_sink_main/ef_energy_sink_main_00018": { "width": 200, "height": 200 },
			"EF/ef_energy_sink_main/ef_energy_sink_main_00019": { "width": 200, "height": 200 }
		}
	}
},
"events": {
	"Events": {},
	"Hiteffect": {},
	"Sound1": {},
	"Sound2": {},
	"Sound3": {}
},
"animations": {
	"attack1": {
		"slots": {
			"460_S1_beam3": {
				"attachment": [
					{ "time": 0.0333, "name": "EF/460_S1_beam3/460_S1_beam3_00000" },
					{ "time": 0.0666, "name": "EF/460_S1_beam3/460_S1_beam3_00001" },
					{ "time": 0.1, "name": "EF/460_S1_beam3/460_S1_beam3_00002" },
					{ "time": 0.1333, "name": "EF/460_S1_beam3/460_S1_beam3_00003" },
					{ "time": 0.1666, "name": "EF/460_S1_beam3/460_S1_beam3_00004" },
					{ "time": 0.2, "name": "EF/460_S1_beam3/460_S1_beam3_00005" },
					{ "time": 0.2333, "name": "EF/460_S1_beam3/460_S1_beam3_00006" },
					{ "time": 0.2666, "name": "EF/460_S1_beam3/460_S1_beam3_00007" },
					{ "time": 0.3, "name": null }
				]
			},
			"460_S1_beam4": {
				"attachment": [
					{ "time": 0.0333, "name": "EF/460_S1_beam3/460_S1_beam3_00000" },
					{ "time": 0.0666, "name": "EF/460_S1_beam3/460_S1_beam3_00001" },
					{ "time": 0.1, "name": "EF/460_S1_beam3/460_S1_beam3_00002" },
					{ "time": 0.1333, "name": "EF/460_S1_beam3/460_S1_beam3_00003" },
					{ "time": 0.1666, "name": "EF/460_S1_beam3/460_S1_beam3_00004" },
					{ "time": 0.2, "name": "EF/460_S1_beam3/460_S1_beam3_00005" },
					{ "time": 0.2333, "name": "EF/460_S1_beam3/460_S1_beam3_00006" },
					{ "time": 0.2666, "name": "EF/460_S1_beam3/460_S1_beam3_00007" },
					{ "time": 0.3, "name": null }
				]
			},
			"460_S1_hit1": {
				"attachment": [
					{ "time": 0, "name": "EF/460_S1_hit1/460_S1_hit1_00000" },
					{ "time": 0.0333, "name": "EF/460_S1_hit1/460_S1_hit1_00001" },
					{ "time": 0.0666, "name": "EF/460_S1_hit1/460_S1_hit1_00002" },
					{ "time": 0.1, "name": "EF/460_S1_hit1/460_S1_hit1_00003" },
					{ "time": 0.1333, "name": "EF/460_S1_hit1/460_S1_hit1_00004" },
					{ "time": 0.1666, "name": "EF/460_S1_hit1/460_S1_hit1_00005" },
					{ "time": 0.2, "name": "EF/460_S1_hit1/460_S1_hit1_00006" },
					{ "time": 0.2333, "name": "EF/460_S1_hit1/460_S1_hit1_00007" },
					{ "time": 0.2666, "name": "EF/460_S1_hit1/460_S1_hit1_00008" },
					{ "time": 0.3, "name": "EF/460_S1_hit1/460_S1_hit1_00009" },
					{ "time": 0.3333, "name": "EF/460_S1_hit1/460_S1_hit1_00010" },
					{ "time": 0.3666, "name": "EF/460_S1_hit1/460_S1_hit1_00011" },
					{ "time": 0.4, "name": "EF/460_S1_hit1/460_S1_hit1_00012" },
					{ "time": 0.4333, "name": null }
				],
				"color": [
					{ "time": 0, "color": "0209ffff" }
				]
			},
			"460_S1_hit2": {
				"attachment": [
					{ "time": 0.2333, "name": "EF/460_S1_hit1/460_S1_hit1_00000" },
					{ "time": 0.2666, "name": "EF/460_S1_hit1/460_S1_hit1_00001" },
					{ "time": 0.3, "name": "EF/460_S1_hit1/460_S1_hit1_00002" },
					{ "time": 0.3333, "name": "EF/460_S1_hit1/460_S1_hit1_00003" },
					{ "time": 0.3666, "name": "EF/460_S1_hit1/460_S1_hit1_00004" },
					{ "time": 0.4, "name": "EF/460_S1_hit1/460_S1_hit1_00005" },
					{ "time": 0.4333, "name": "EF/460_S1_hit1/460_S1_hit1_00006" },
					{ "time": 0.4666, "name": "EF/460_S1_hit1/460_S1_hit1_00007" },
					{ "time": 0.5, "name": "EF/460_S1_hit1/460_S1_hit1_00008" },
					{ "time": 0.5333, "name": "EF/460_S1_hit1/460_S1_hit1_00009" },
					{ "time": 0.5666, "name": "EF/460_S1_hit1/460_S1_hit1_00010" },
					{ "time": 0.6, "name": "EF/460_S1_hit1/460_S1_hit1_00011" },
					{ "time": 0.6333, "name": "EF/460_S1_hit1/460_S1_hit1_00012" }
				],
				"color": [
					{ "time": 0.2333, "color": "5bb4ffff" },
					{ "time": 0.5666, "color": "ffffffff" },
					{ "time": 0.6333, "color": "ffffff00" }
				]
			},
			"460_S1_hit3": {
				"attachment": [
					{ "time": 0.3333, "name": "EF/460_S1_hit1/460_S1_hit1_00000" },
					{ "time": 0.3666, "name": "EF/460_S1_hit1/460_S1_hit1_00001" },
					{ "time": 0.4, "name": "EF/460_S1_hit1/460_S1_hit1_00002" },
					{ "time": 0.4333, "name": "EF/460_S1_hit1/460_S1_hit1_00003" },
					{ "time": 0.4666, "name": "EF/460_S1_hit1/460_S1_hit1_00004" },
					{ "time": 0.5, "name": "EF/460_S1_hit1/460_S1_hit1_00005" },
					{ "time": 0.5333, "name": "EF/460_S1_hit1/460_S1_hit1_00006" },
					{ "time": 0.5666, "name": "EF/460_S1_hit1/460_S1_hit1_00007" },
					{ "time": 0.6, "name": "EF/460_S1_hit1/460_S1_hit1_00008" },
					{ "time": 0.6333, "name": "EF/460_S1_hit1/460_S1_hit1_00009" },
					{ "time": 0.6666, "name": "EF/460_S1_hit1/460_S1_hit1_00010" },
					{ "time": 0.7, "name": "EF/460_S1_hit1/460_S1_hit1_00011" },
					{ "time": 0.7333, "name": "EF/460_S1_hit1/460_S1_hit1_00012" },
					{ "time": 0.7666, "name": null }
				],
				"color": [
					{ "time": 0.3333, "color": "7900ffff", "curve": "stepped" },
					{ "time": 0.6666, "color": "7900ffff" },
					{ "time": 0.7666, "color": "7900ff00" }
				]
			},
			"460_S1_hit4": {
				"attachment": [
					{ "time": 0.2, "name": "EF/460_S1_hit1/460_S1_hit1_00000" },
					{ "time": 0.2333, "name": "EF/460_S1_hit1/460_S1_hit1_00001" },
					{ "time": 0.2666, "name": "EF/460_S1_hit1/460_S1_hit1_00002" },
					{ "time": 0.3, "name": "EF/460_S1_hit1/460_S1_hit1_00003" },
					{ "time": 0.3333, "name": "EF/460_S1_hit1/460_S1_hit1_00004" },
					{ "time": 0.3666, "name": "EF/460_S1_hit1/460_S1_hit1_00005" },
					{ "time": 0.4, "name": "EF/460_S1_hit1/460_S1_hit1_00006" },
					{ "time": 0.4333, "name": "EF/460_S1_hit1/460_S1_hit1_00007" },
					{ "time": 0.4666, "name": "EF/460_S1_hit1/460_S1_hit1_00008" },
					{ "time": 0.5, "name": "EF/460_S1_hit1/460_S1_hit1_00009" },
					{ "time": 0.5333, "name": "EF/460_S1_hit1/460_S1_hit1_00010" },
					{ "time": 0.5666, "name": "EF/460_S1_hit1/460_S1_hit1_00011" },
					{ "time": 0.6, "name": "EF/460_S1_hit1/460_S1_hit1_00012" },
					{ "time": 0.6333, "name": null }
				],
				"color": [
					{ "time": 0.1666, "color": "ffffffff" },
					{ "time": 0.2, "color": "4e00ffff", "curve": "stepped" },
					{ "time": 0.6, "color": "4e00ffff" },
					{ "time": 0.6333, "color": "ffffffff" }
				]
			},
			"DAMAGEAREA": {
				"attachment": [
					{ "time": 0.1666, "name": "DAMAGEAREA" },
					{ "time": 0.3333, "name": null }
				]
			},
			"ef_energy_ball_ray_main_skill1": {
				"attachment": [
					{ "time": 0.0333, "name": "EF/ef_energy_ball_ray_main_skill1/ef_energy_ball_ray_main_00001" },
					{ "time": 0.0666, "name": "EF/ef_energy_ball_ray_main_skill1/ef_energy_ball_ray_main_00003" },
					{ "time": 0.1, "name": "EF/ef_energy_ball_ray_main_skill1/ef_energy_ball_ray_main_00005" },
					{ "time": 0.1333, "name": "EF/ef_energy_ball_ray_main_skill1/ef_energy_ball_ray_main_00009" },
					{ "time": 0.1666, "name": "EF/ef_energy_ball_ray_main_skill1/ef_energy_ball_ray_main_00011" },
					{ "time": 0.2, "name": "EF/ef_energy_ball_ray_main_skill1/ef_energy_ball_ray_main_00012" },
					{ "time": 0.2666, "name": "EF/ef_energy_ball_ray_main_skill1/ef_energy_ball_ray_main_00015" },
					{ "time": 0.3666, "name": null }
				],
				"color": [
					{ "time": 0.0333, "color": "ffffffff", "curve": "stepped" },
					{ "time": 0.2666, "color": "ffffffff" },
					{ "time": 0.3666, "color": "ffffff00" }
				]
			},
			"ef_energy_ball_ray_main_skill3": {
				"attachment": [
					{ "time": 0.2, "name": "EF/ef_energy_ball_ray_main_skill1/ef_energy_ball_ray_main_00001" },
					{ "time": 0.2333, "name": "EF/ef_energy_ball_ray_main_skill1/ef_energy_ball_ray_main_00005" },
					{ "time": 0.2666, "name": "EF/ef_energy_ball_ray_main_skill1/ef_energy_ball_ray_main_00009" },
					{ "time": 0.3, "name": "EF/ef_energy_ball_ray_main_skill1/ef_energy_ball_ray_main_00011" },
					{ "time": 0.3333, "name": "EF/ef_energy_ball_ray_main_skill1/ef_energy_ball_ray_main_00013" },
					{ "time": 0.3666, "name": "EF/ef_energy_ball_ray_main_skill1/ef_energy_ball_ray_main_00015" },
					{ "time": 0.4333, "name": null }
				],
				"color": [
					{ "time": 0.2, "color": "fc98abff", "curve": "stepped" },
					{ "time": 0.3666, "color": "fc98abff" },
					{ "time": 0.4333, "color": "fc98ab00" }
				]
			}
		},
		"bones": {
			"ef_energy_ball_ray_main_skill1": {
				"translate": [
					{ "time": 0.0333, "x": -1500, "y": -300 }
				],
				"scale": [
					{ "time": 0.0333, "x": 1, "y": 1 },
					{ "time": 0.3666, "x": 6, "y": 6 }
				]
			},
			"ef_energy_ball_ray_main_skill3": {
				"translate": [
					{ "time": 0.2, "x": -1500, "y": -300.72 }
				],
				"scale": [
					{ "time": 0.2, "x": 1.8, "y": 1.8 }
				]
			},
			"460_S1_beam3": {
				"rotate": [
					{ "time": 0.0333, "angle": 99.2 }
				],
				"translate": [
					{ "time": 0.0333, "x": -900, "y": -500.72, "curve": "stepped" },
					{ "time": 0.3, "x": -900, "y": -500.72 }
				],
				"scale": [
					{ "time": 0.0333, "x": 1, "y": 1 },
					{ "time": 0.3, "x": 12, "y": 12 }
				]
			},
			"ef_energy_sink_main": {
				"translate": [
					{ "time": 0.0333, "x": -1796.08, "y": -477.25 }
				]
			},
			"460_S1_beam4": {
				"rotate": [
					{ "time": 0.0333, "angle": 45 }
				],
				"translate": [
					{ "time": 0.0333, "x": -902.92, "y": -502.74 }
				],
				"scale": [
					{ "time": 0.0333, "x": 1, "y": 1 },
					{ "time": 0.3, "x": 12, "y": 12 }
				]
			},
			"460_S1_hit1": {
				"translate": [
					{ "time": 0, "x": -900, "y": -300.72 }
				],
				"scale": [
					{ "time": 0, "x": 1, "y": 1 },
					{ "time": 0.4333, "x": 24, "y": 24 }
				]
			},
			"S1_hit1": {
				"translate": [
					{ "time": 0.2333, "x": -900, "y": -300.72 }
				],
				"scale": [
					{ "time": 0.2333, "x": 4, "y": 4 },
					{ "time": 0.6333, "x": 8, "y": 8 }
				]
			},
			"S1_hit2": {
				"translate": [
					{ "time": 0.3333, "x": -900, "y": -300.72 }
				],
				"scale": [
					{ "time": 0.3333, "x": 2, "y": 2 },
					{ "time": 0.7666, "x": 6, "y": 6 }
				]
			},
			"S1_hit3": {
				"translate": [
					{ "time": 0.2, "x": -900, "y": -300.72 }
				],
				"scale": [
					{ "time": 0.2, "x": 10, "y": 10 },
					{ "time": 0.6333, "x": 15, "y": 15 }
				]
			},
			"root": {
				"scale": [
					{ "time": 0, "x": 1.2, "y": 1.2 }
				]
			},
			"DAMAGEAREA": {
				"scale": [
					{ "time": 0.1666, "x": 2.464, "y": 2.464 }
				]
			}
		},
		"drawOrder": [
			{
				"time": 0.3666,
				"offsets": [
					{ "slot": "460_S1_hit1", "offset": 7 }
				]
			}
		],
		"events": [
			{ "time": 0, "name": "Events", "string": "setHitStopSync(1)" },
			{ "time": 0, "name": "Hiteffect", "string": "setPosition_Target" },
			{ "time": 0, "name": "Sound1", "string": "setHitSound(se_battle_007_attack_hit_01)" },
			{ "time": 0.0333, "name": "Events", "float": 0.3, "string": "kHitStopType_normal" }
		]
	}
}
}