{"skeleton":{"hash":"XBfKYescyfRBeFEQUp3OXBdTcDs","spine":"3.0.12","width":0,"height":0,"images":""},"bones":[{"name":"root"},{"name":"MAIN","parent":"root"},{"name":"efroot","parent":"MAIN"},{"name":"rock","parent":"efroot"},{"name":"fire","parent":"efroot"},{"name":"DAMAGEAREA","parent":"MAIN"},{"name":"slash","parent":"efroot"},{"name":"slash2","parent":"efroot"}],"slots":[{"name":"rock","bone":"rock"},{"name":"fire","bone":"fire","blend":"additive"},{"name":"slash","bone":"slash","blend":"additive"},{"name":"slash2","bone":"slash2","blend":"additive"},{"name":"DAMAGEAREA","bone":"DAMAGEAREA"}],"skins":{"default":{"DAMAGEAREA":{"DAMAGEAREA":{"type":"boundingbox","vertices":[-32.03859,-32.18743,32.20031,-31.75043,31.32631,31.61446,-31.16459,31.61446]}},"fire":{"images/CO_iskl_db_fire1/CO_iskl_db_fire1_00000":{"width":250,"height":250},"images/CO_iskl_db_fire1/CO_iskl_db_fire1_00001":{"width":250,"height":250},"images/CO_iskl_db_fire1/CO_iskl_db_fire1_00002":{"width":250,"height":250},"images/CO_iskl_db_fire1/CO_iskl_db_fire1_00003":{"width":250,"height":250},"images/CO_iskl_db_fire1/CO_iskl_db_fire1_00004":{"width":250,"height":250},"images/CO_iskl_db_fire1/CO_iskl_db_fire1_00005":{"width":250,"height":250},"images/CO_iskl_db_fire1/CO_iskl_db_fire1_00006":{"width":250,"height":250},"images/CO_iskl_db_fire1/CO_iskl_db_fire1_00007":{"width":250,"height":250},"images/CO_iskl_db_fire1/CO_iskl_db_fire1_00008":{"width":250,"height":250},"images/CO_iskl_db_fire1/CO_iskl_db_fire1_00009":{"width":250,"height":250},"images/CO_iskl_db_fire1/CO_iskl_db_fire1_00010":{"width":250,"height":250},"images/CO_iskl_db_fire1/CO_iskl_db_fire1_00011":{"width":250,"height":250},"images/CO_iskl_db_fire1/CO_iskl_db_fire1_00012":{"width":250,"height":250},"images/CO_iskl_db_fire1/CO_iskl_db_fire1_00013":{"width":250,"height":250},"images/CO_iskl_db_fire1/CO_iskl_db_fire1_00014":{"width":250,"height":250},"images/CO_iskl_db_fire1/CO_iskl_db_fire1_00015":{"width":250,"height":250}},"rock":{"images/690_S2_rock1/690_S2_rock1_00000":{"width":250,"height":250},"images/690_S2_rock1/690_S2_rock1_00001":{"width":250,"height":250},"images/690_S2_rock1/690_S2_rock1_00002":{"width":250,"height":250},"images/690_S2_rock1/690_S2_rock1_00003":{"width":250,"height":250},"images/690_S2_rock1/690_S2_rock1_00004":{"width":250,"height":250},"images/690_S2_rock1/690_S2_rock1_00005":{"width":250,"height":250},"images/690_S2_rock1/690_S2_rock1_00006":{"width":250,"height":250},"images/690_S2_rock1/690_S2_rock1_00007":{"width":250,"height":250},"images/690_S2_rock1/690_S2_rock1_00008":{"width":250,"height":250}},"slash":{"images/CO_iskl_db_slash1/CO_iskl_db_slash1_00000":{"width":250,"height":250},"images/CO_iskl_db_slash1/CO_iskl_db_slash1_00001":{"width":250,"height":250},"images/CO_iskl_db_slash1/CO_iskl_db_slash1_00002":{"width":250,"height":250},"images/CO_iskl_db_slash1/CO_iskl_db_slash1_00003":{"width":250,"height":250},"images/CO_iskl_db_slash1/CO_iskl_db_slash1_00004":{"width":250,"height":250},"images/CO_iskl_db_slash1/CO_iskl_db_slash1_00005":{"width":250,"height":250},"images/CO_iskl_db_slash1/CO_iskl_db_slash1_00006":{"width":250,"height":250},"images/CO_iskl_db_slash1/CO_iskl_db_slash1_00007":{"width":250,"height":250},"images/CO_iskl_db_slash1/CO_iskl_db_slash1_00008":{"width":250,"height":250}},"slash2":{"images/CO_iskl_db_slash1/CO_iskl_db_slash1_00000":{"width":250,"height":250},"images/CO_iskl_db_slash1/CO_iskl_db_slash1_00001":{"width":250,"height":250},"images/CO_iskl_db_slash1/CO_iskl_db_slash1_00002":{"width":250,"height":250},"images/CO_iskl_db_slash1/CO_iskl_db_slash1_00003":{"width":250,"height":250},"images/CO_iskl_db_slash1/CO_iskl_db_slash1_00004":{"width":250,"height":250},"images/CO_iskl_db_slash1/CO_iskl_db_slash1_00005":{"width":250,"height":250},"images/CO_iskl_db_slash1/CO_iskl_db_slash1_00006":{"width":250,"height":250},"images/CO_iskl_db_slash1/CO_iskl_db_slash1_00007":{"width":250,"height":250},"images/CO_iskl_db_slash1/CO_iskl_db_slash1_00008":{"width":250,"height":250}}}},"events":{"event":{},"hit":{},"sound":{}},"animations":{"attack1":{"slots":{"DAMAGEAREA":{"attachment":[{"time":0,"name":null},{"time":0.0666,"name":"DAMAGEAREA"},{"time":0.1666,"name":null}]},"fire":{"attachment":[{"time":0.0333,"name":"images/CO_iskl_db_fire1/CO_iskl_db_fire1_00000"},{"time":0.0666,"name":"images/CO_iskl_db_fire1/CO_iskl_db_fire1_00001"},{"time":0.1,"name":"images/CO_iskl_db_fire1/CO_iskl_db_fire1_00002"},{"time":0.1333,"name":"images/CO_iskl_db_fire1/CO_iskl_db_fire1_00003"},{"time":0.1666,"name":"images/CO_iskl_db_fire1/CO_iskl_db_fire1_00004"},{"time":0.2,"name":"images/CO_iskl_db_fire1/CO_iskl_db_fire1_00005"},{"time":0.2333,"name":"images/CO_iskl_db_fire1/CO_iskl_db_fire1_00006"},{"time":0.2666,"name":"images/CO_iskl_db_fire1/CO_iskl_db_fire1_00007"},{"time":0.3,"name":"images/CO_iskl_db_fire1/CO_iskl_db_fire1_00008"},{"time":0.3333,"name":"images/CO_iskl_db_fire1/CO_iskl_db_fire1_00009"},{"time":0.3666,"name":"images/CO_iskl_db_fire1/CO_iskl_db_fire1_00010"},{"time":0.4,"name":"images/CO_iskl_db_fire1/CO_iskl_db_fire1_00011"},{"time":0.4333,"name":"images/CO_iskl_db_fire1/CO_iskl_db_fire1_00012"},{"time":0.4666,"name":"images/CO_iskl_db_fire1/CO_iskl_db_fire1_00013"},{"time":0.5,"name":"images/CO_iskl_db_fire1/CO_iskl_db_fire1_00014"},{"time":0.5333,"name":"images/CO_iskl_db_fire1/CO_iskl_db_fire1_00015"},{"time":0.5666,"name":null}]},"rock":{"attachment":[{"time":0.0333,"name":"images/690_S2_rock1/690_S2_rock1_00000"},{"time":0.0666,"name":"images/690_S2_rock1/690_S2_rock1_00001"},{"time":0.1,"name":"images/690_S2_rock1/690_S2_rock1_00002"},{"time":0.1333,"name":"images/690_S2_rock1/690_S2_rock1_00003"},{"time":0.1666,"name":"images/690_S2_rock1/690_S2_rock1_00004"},{"time":0.2,"name":"images/690_S2_rock1/690_S2_rock1_00005"},{"time":0.2333,"name":"images/690_S2_rock1/690_S2_rock1_00006"},{"time":0.2666,"name":"images/690_S2_rock1/690_S2_rock1_00007"},{"time":0.3,"name":"images/690_S2_rock1/690_S2_rock1_00008"},{"time":0.3333,"name":null}]},"slash":{"attachment":[{"time":0,"name":"images/CO_iskl_db_slash1/CO_iskl_db_slash1_00000"},{"time":0.0333,"name":"images/CO_iskl_db_slash1/CO_iskl_db_slash1_00001"},{"time":0.0666,"name":"images/CO_iskl_db_slash1/CO_iskl_db_slash1_00002"},{"time":0.1,"name":"images/CO_iskl_db_slash1/CO_iskl_db_slash1_00003"},{"time":0.1333,"name":"images/CO_iskl_db_slash1/CO_iskl_db_slash1_00004"},{"time":0.1666,"name":"images/CO_iskl_db_slash1/CO_iskl_db_slash1_00005"},{"time":0.2,"name":"images/CO_iskl_db_slash1/CO_iskl_db_slash1_00006"},{"time":0.2333,"name":"images/CO_iskl_db_slash1/CO_iskl_db_slash1_00007"},{"time":0.2666,"name":"images/CO_iskl_db_slash1/CO_iskl_db_slash1_00008"},{"time":0.3,"name":null},{"time":0.9666,"name":"images/CO_iskl_db_slash1/CO_iskl_db_slash1_00008"}]}},"bones":{"efroot":{"translate":[{"time":0,"x":-3.66,"y":182.28}],"scale":[{"time":0,"x":3,"y":3}]},"slash2":{"rotate":[{"time":0.1,"angle":11.33}],"translate":[{"time":0.0666,"x":-40.01,"y":0.98}]},"fire":{"translate":[{"time":0.0333,"x":-11.77,"y":-36.78}]},"rock":{"translate":[{"time":0.0333,"x":-17.16,"y":0}],"scale":[{"time":0.0333,"x":0.7,"y":0.7}]},"DAMAGEAREA":{"translate":[{"time":0.0666,"x":-41.94,"y":127.78,"curve":"stepped"},{"time":0.1,"x":-146.86,"y":127.78}],"scale":[{"time":0.0666,"x":4.767,"y":5.003}]}},"events":[{"time":0,"name":"event","float":0.1,"string":"kHitStopType-normal"},{"time":0,"name":"sound","string":"cri-SE_BATTLE_019_SWORD_HIT_03"},{"time":0.0333,"name":"event","string":"setHitEffect(fire1,1)"},{"time":0.0333,"name":"sound","string":"cri-SE_BATTLE_SKILL_ELXPLOSION"},{"time":0.1,"name":"hit","string":"resetHitList"},{"time":0.1,"name":"sound","string":"cri-SE_BATTLE_SKILL_ELXPLOSION"},{"time":0.1333,"name":"sound","string":"cri-SE_BATTLE_019_SWORD_HIT_03"}]},"attack2":{"slots":{"DAMAGEAREA":{"attachment":[{"time":0,"name":null},{"time":0.0666,"name":"DAMAGEAREA"},{"time":0.1666,"name":null}]},"fire":{"attachment":[{"time":0.0333,"name":"images/CO_iskl_db_fire1/CO_iskl_db_fire1_00000"},{"time":0.0666,"name":"images/CO_iskl_db_fire1/CO_iskl_db_fire1_00001"},{"time":0.1,"name":"images/CO_iskl_db_fire1/CO_iskl_db_fire1_00002"},{"time":0.1333,"name":"images/CO_iskl_db_fire1/CO_iskl_db_fire1_00003"},{"time":0.1666,"name":"images/CO_iskl_db_fire1/CO_iskl_db_fire1_00004"},{"time":0.2,"name":"images/CO_iskl_db_fire1/CO_iskl_db_fire1_00005"},{"time":0.2333,"name":"images/CO_iskl_db_fire1/CO_iskl_db_fire1_00006"},{"time":0.2666,"name":"images/CO_iskl_db_fire1/CO_iskl_db_fire1_00007"},{"time":0.3,"name":"images/CO_iskl_db_fire1/CO_iskl_db_fire1_00008"},{"time":0.3333,"name":"images/CO_iskl_db_fire1/CO_iskl_db_fire1_00009"},{"time":0.3666,"name":"images/CO_iskl_db_fire1/CO_iskl_db_fire1_00010"},{"time":0.4,"name":"images/CO_iskl_db_fire1/CO_iskl_db_fire1_00011"},{"time":0.4333,"name":"images/CO_iskl_db_fire1/CO_iskl_db_fire1_00012"},{"time":0.4666,"name":"images/CO_iskl_db_fire1/CO_iskl_db_fire1_00013"},{"time":0.5,"name":"images/CO_iskl_db_fire1/CO_iskl_db_fire1_00014"},{"time":0.5333,"name":"images/CO_iskl_db_fire1/CO_iskl_db_fire1_00015"},{"time":0.5666,"name":null}]},"rock":{"attachment":[{"time":0.0333,"name":"images/690_S2_rock1/690_S2_rock1_00000"},{"time":0.0666,"name":"images/690_S2_rock1/690_S2_rock1_00001"},{"time":0.1,"name":"images/690_S2_rock1/690_S2_rock1_00002"},{"time":0.1333,"name":"images/690_S2_rock1/690_S2_rock1_00003"},{"time":0.1666,"name":"images/690_S2_rock1/690_S2_rock1_00004"},{"time":0.2,"name":"images/690_S2_rock1/690_S2_rock1_00005"},{"time":0.2333,"name":"images/690_S2_rock1/690_S2_rock1_00006"},{"time":0.2666,"name":"images/690_S2_rock1/690_S2_rock1_00007"},{"time":0.3,"name":"images/690_S2_rock1/690_S2_rock1_00008"},{"time":0.3333,"name":null}]},"slash":{"attachment":[{"time":0,"name":"images/CO_iskl_db_slash1/CO_iskl_db_slash1_00000"},{"time":0.0333,"name":"images/CO_iskl_db_slash1/CO_iskl_db_slash1_00001"},{"time":0.0666,"name":"images/CO_iskl_db_slash1/CO_iskl_db_slash1_00002"},{"time":0.1,"name":"images/CO_iskl_db_slash1/CO_iskl_db_slash1_00003"},{"time":0.1333,"name":"images/CO_iskl_db_slash1/CO_iskl_db_slash1_00004"},{"time":0.1666,"name":"images/CO_iskl_db_slash1/CO_iskl_db_slash1_00005"},{"time":0.2,"name":"images/CO_iskl_db_slash1/CO_iskl_db_slash1_00006"},{"time":0.2333,"name":"images/CO_iskl_db_slash1/CO_iskl_db_slash1_00007"},{"time":0.2666,"name":"images/CO_iskl_db_slash1/CO_iskl_db_slash1_00008"},{"time":0.3,"name":null},{"time":0.9666,"name":"images/CO_iskl_db_slash1/CO_iskl_db_slash1_00008"}]},"slash2":{"attachment":[{"time":0.1,"name":"images/CO_iskl_db_slash1/CO_iskl_db_slash1_00000"},{"time":0.1333,"name":"images/CO_iskl_db_slash1/CO_iskl_db_slash1_00001"},{"time":0.1666,"name":"images/CO_iskl_db_slash1/CO_iskl_db_slash1_00002"},{"time":0.2,"name":"images/CO_iskl_db_slash1/CO_iskl_db_slash1_00003"},{"time":0.2333,"name":"images/CO_iskl_db_slash1/CO_iskl_db_slash1_00004"},{"time":0.2666,"name":"images/CO_iskl_db_slash1/CO_iskl_db_slash1_00005"},{"time":0.3,"name":"images/CO_iskl_db_slash1/CO_iskl_db_slash1_00006"},{"time":0.3333,"name":"images/CO_iskl_db_slash1/CO_iskl_db_slash1_00007"},{"time":0.3666,"name":"images/CO_iskl_db_slash1/CO_iskl_db_slash1_00008"},{"time":0.4,"name":null}]}},"bones":{"efroot":{"translate":[{"time":0,"x":-3.66,"y":182.28}],"scale":[{"time":0,"x":3,"y":3}]},"slash2":{"rotate":[{"time":0.1,"angle":11.33}],"translate":[{"time":0.0666,"x":-40.01,"y":0.98}]},"fire":{"translate":[{"time":0.0333,"x":-11.77,"y":-36.78}]},"rock":{"translate":[{"time":0.0333,"x":-17.16,"y":0}],"scale":[{"time":0.0333,"x":0.7,"y":0.7}]},"DAMAGEAREA":{"translate":[{"time":0.0666,"x":-62.58,"y":120.9,"curve":"stepped"},{"time":0.1,"x":-198.09,"y":117.5}],"scale":[{"time":0.0666,"x":3.714,"y":5.202}]}},"events":[{"time":0,"name":"event","float":0.1,"string":"kHitStopType-normal"},{"time":0,"name":"sound","string":"cri-SE_BATTLE_019_SWORD_HIT_03"},{"time":0.0333,"name":"event","string":"setHitEffect(fire1,1)"},{"time":0.0333,"name":"sound","string":"cri-SE_BATTLE_SKILL_ELXPLOSION"},{"time":0.1,"name":"hit","string":"resetHitList"},{"time":0.1,"name":"sound","string":"cri-SE_BATTLE_SKILL_ELXPLOSION"},{"time":0.1333,"name":"hit","string":"resetHitList"},{"time":0.1333,"name":"sound","string":"cri-SE_BATTLE_019_SWORD_HIT_03"}]},"attack3":{"slots":{"DAMAGEAREA":{"attachment":[{"time":0,"name":null},{"time":0.0666,"name":"DAMAGEAREA"},{"time":0.1666,"name":null}]},"fire":{"attachment":[{"time":0.0333,"name":"images/CO_iskl_db_fire1/CO_iskl_db_fire1_00000"},{"time":0.0666,"name":"images/CO_iskl_db_fire1/CO_iskl_db_fire1_00001"},{"time":0.1,"name":"images/CO_iskl_db_fire1/CO_iskl_db_fire1_00002"},{"time":0.1333,"name":"images/CO_iskl_db_fire1/CO_iskl_db_fire1_00003"},{"time":0.1666,"name":"images/CO_iskl_db_fire1/CO_iskl_db_fire1_00004"},{"time":0.2,"name":"images/CO_iskl_db_fire1/CO_iskl_db_fire1_00005"},{"time":0.2333,"name":"images/CO_iskl_db_fire1/CO_iskl_db_fire1_00006"},{"time":0.2666,"name":"images/CO_iskl_db_fire1/CO_iskl_db_fire1_00007"},{"time":0.3,"name":"images/CO_iskl_db_fire1/CO_iskl_db_fire1_00008"},{"time":0.3333,"name":"images/CO_iskl_db_fire1/CO_iskl_db_fire1_00009"},{"time":0.3666,"name":"images/CO_iskl_db_fire1/CO_iskl_db_fire1_00010"},{"time":0.4,"name":"images/CO_iskl_db_fire1/CO_iskl_db_fire1_00011"},{"time":0.4333,"name":"images/CO_iskl_db_fire1/CO_iskl_db_fire1_00012"},{"time":0.4666,"name":"images/CO_iskl_db_fire1/CO_iskl_db_fire1_00013"},{"time":0.5,"name":"images/CO_iskl_db_fire1/CO_iskl_db_fire1_00014"},{"time":0.5333,"name":"images/CO_iskl_db_fire1/CO_iskl_db_fire1_00015"},{"time":0.5666,"name":null}]},"rock":{"attachment":[{"time":0.0333,"name":"images/690_S2_rock1/690_S2_rock1_00000"},{"time":0.0666,"name":"images/690_S2_rock1/690_S2_rock1_00001"},{"time":0.1,"name":"images/690_S2_rock1/690_S2_rock1_00002"},{"time":0.1333,"name":"images/690_S2_rock1/690_S2_rock1_00003"},{"time":0.1666,"name":"images/690_S2_rock1/690_S2_rock1_00004"},{"time":0.2,"name":"images/690_S2_rock1/690_S2_rock1_00005"},{"time":0.2333,"name":"images/690_S2_rock1/690_S2_rock1_00006"},{"time":0.2666,"name":"images/690_S2_rock1/690_S2_rock1_00007"},{"time":0.3,"name":"images/690_S2_rock1/690_S2_rock1_00008"},{"time":0.3333,"name":null}]},"slash":{"attachment":[{"time":0,"name":"images/CO_iskl_db_slash1/CO_iskl_db_slash1_00000"},{"time":0.0333,"name":"images/CO_iskl_db_slash1/CO_iskl_db_slash1_00001"},{"time":0.0666,"name":"images/CO_iskl_db_slash1/CO_iskl_db_slash1_00002"},{"time":0.1,"name":"images/CO_iskl_db_slash1/CO_iskl_db_slash1_00003"},{"time":0.1333,"name":"images/CO_iskl_db_slash1/CO_iskl_db_slash1_00004"},{"time":0.1666,"name":"images/CO_iskl_db_slash1/CO_iskl_db_slash1_00005"},{"time":0.2,"name":"images/CO_iskl_db_slash1/CO_iskl_db_slash1_00006"},{"time":0.2333,"name":"images/CO_iskl_db_slash1/CO_iskl_db_slash1_00007"},{"time":0.2666,"name":"images/CO_iskl_db_slash1/CO_iskl_db_slash1_00008"},{"time":0.3,"name":null},{"time":0.9666,"name":"images/CO_iskl_db_slash1/CO_iskl_db_slash1_00008"}]},"slash2":{"attachment":[{"time":0.1,"name":"images/CO_iskl_db_slash1/CO_iskl_db_slash1_00000"},{"time":0.1333,"name":"images/CO_iskl_db_slash1/CO_iskl_db_slash1_00001"},{"time":0.1666,"name":"images/CO_iskl_db_slash1/CO_iskl_db_slash1_00002"},{"time":0.2,"name":"images/CO_iskl_db_slash1/CO_iskl_db_slash1_00003"},{"time":0.2333,"name":"images/CO_iskl_db_slash1/CO_iskl_db_slash1_00004"},{"time":0.2666,"name":"images/CO_iskl_db_slash1/CO_iskl_db_slash1_00005"},{"time":0.3,"name":"images/CO_iskl_db_slash1/CO_iskl_db_slash1_00006"},{"time":0.3333,"name":"images/CO_iskl_db_slash1/CO_iskl_db_slash1_00007"},{"time":0.3666,"name":"images/CO_iskl_db_slash1/CO_iskl_db_slash1_00008"},{"time":0.4,"name":null}]}},"bones":{"efroot":{"translate":[{"time":0,"x":-3.66,"y":182.28}],"scale":[{"time":0,"x":3,"y":3}]},"slash2":{"rotate":[{"time":0.1,"angle":11.33}],"translate":[{"time":0.0666,"x":-40.01,"y":0.98}]},"fire":{"translate":[{"time":0.0333,"x":-11.77,"y":-36.78}]},"rock":{"translate":[{"time":0.0333,"x":-17.16,"y":0}],"scale":[{"time":0.0333,"x":0.7,"y":0.7}]},"DAMAGEAREA":{"translate":[{"time":0.0666,"x":-72.9,"y":83.01,"curve":"stepped"},{"time":0.1,"x":-176.21,"y":109.18}],"scale":[{"time":0.0666,"x":3.664,"y":4.114}]}},"events":[{"time":0,"name":"event","float":0.1,"string":"kHitStopType-normal"},{"time":0,"name":"sound","string":"cri-SE_BATTLE_019_SWORD_HIT_03"},{"time":0.0333,"name":"event","string":"setHitEffect(fire1,1)"},{"time":0.0333,"name":"sound","string":"cri-SE_BATTLE_SKILL_ELXPLOSION"},{"time":0.1,"name":"hit","string":"resetHitList"},{"time":0.1,"name":"sound","string":"cri-SE_BATTLE_SKILL_ELXPLOSION"},{"time":0.1333,"name":"hit","string":"resetHitList"},{"time":0.1333,"name":"sound","string":"cri-SE_BATTLE_019_SWORD_HIT_03"}]}}}