{"skeleton":{"hash":"FfgJLcLfxoRsp5uJ4/1oUALs4yM","spine":"3.0.12","width":0,"height":0},"bones":[{"name":"root"},{"name":"MAIN","parent":"root"},{"name":"9070_A1_ex1","parent":"MAIN","x":120},{"name":"DAMAGEAREA","parent":"root"}],"slots":[{"name":"EF/9070/9070_A1_ex1/9070_A1_ex1_00001","bone":"9070_A1_ex1","blend":"additive"},{"name":"EF/9070/9070_A1_ex1/9070_A1_ex1_1","bone":"9070_A1_ex1","blend":"additive"},{"name":"EF/9070/9070_S1_torunedo1/9070_S1_torunedo1_00001","bone":"MAIN","blend":"additive"},{"name":"EF/9070/9070_S1_torunedo1/9070_S1_torunedo1_1","bone":"MAIN","blend":"additive"},{"name":"EF/9070/9070_S1_torunedo1/9070_S1_torunedo1_2","bone":"MAIN","blend":"additive"},{"name":"DAMAGEAREA","bone":"DAMAGEAREA"}],"skins":{"default":{"DAMAGEAREA":{"DAMAGEAREA":{"type":"boundingbox","vertices":[-30.59895,-34.25077,32.92105,-32.66277,32.12704,30.06321,-30.59895,30.06321]}},"EF/9070/9070_A1_ex1/9070_A1_ex1_00001":{"EF/9070/9070_A1_ex1/9070_A1_ex1_00001":{"width":200,"height":200},"EF/9070/9070_A1_ex1/9070_A1_ex1_00002":{"width":200,"height":200},"EF/9070/9070_A1_ex1/9070_A1_ex1_00003":{"width":200,"height":200},"EF/9070/9070_A1_ex1/9070_A1_ex1_00004":{"width":200,"height":200},"EF/9070/9070_A1_ex1/9070_A1_ex1_00005":{"width":200,"height":200},"EF/9070/9070_A1_ex1/9070_A1_ex1_00006":{"width":200,"height":200},"EF/9070/9070_A1_ex1/9070_A1_ex1_00007":{"width":200,"height":200},"EF/9070/9070_A1_ex1/9070_A1_ex1_00008":{"width":200,"height":200},"EF/9070/9070_A1_ex1/9070_A1_ex1_00009":{"width":200,"height":200},"EF/9070/9070_A1_ex1/9070_A1_ex1_00010":{"width":200,"height":200},"EF/9070/9070_A1_ex1/9070_A1_ex1_00011":{"width":200,"height":200},"EF/9070/9070_A1_ex1/9070_A1_ex1_00012":{"width":200,"height":200},"EF/9070/9070_A1_ex1/9070_A1_ex1_00013":{"width":200,"height":200},"EF/9070/9070_A1_ex1/9070_A1_ex1_00014":{"width":200,"height":200},"EF/9070/9070_A1_ex1/9070_A1_ex1_00015":{"width":200,"height":200},"EF/9070/9070_A1_ex1/9070_A1_ex1_00016":{"width":200,"height":200},"EF/9070/9070_A1_ex1/9070_A1_ex1_00017":{"width":200,"height":200},"EF/9070/9070_A1_ex1/9070_A1_ex1_00018":{"width":200,"height":200}},"EF/9070/9070_A1_ex1/9070_A1_ex1_1":{"EF/9070/9070_A1_ex1/9070_A1_ex1_00001":{"width":200,"height":200},"EF/9070/9070_A1_ex1/9070_A1_ex1_00002":{"width":200,"height":200},"EF/9070/9070_A1_ex1/9070_A1_ex1_00003":{"width":200,"height":200},"EF/9070/9070_A1_ex1/9070_A1_ex1_00004":{"width":200,"height":200},"EF/9070/9070_A1_ex1/9070_A1_ex1_00005":{"width":200,"height":200},"EF/9070/9070_A1_ex1/9070_A1_ex1_00006":{"width":200,"height":200},"EF/9070/9070_A1_ex1/9070_A1_ex1_00007":{"width":200,"height":200},"EF/9070/9070_A1_ex1/9070_A1_ex1_00008":{"width":200,"height":200},"EF/9070/9070_A1_ex1/9070_A1_ex1_00009":{"width":200,"height":200},"EF/9070/9070_A1_ex1/9070_A1_ex1_00010":{"width":200,"height":200},"EF/9070/9070_A1_ex1/9070_A1_ex1_00011":{"width":200,"height":200},"EF/9070/9070_A1_ex1/9070_A1_ex1_00012":{"width":200,"height":200},"EF/9070/9070_A1_ex1/9070_A1_ex1_00013":{"width":200,"height":200},"EF/9070/9070_A1_ex1/9070_A1_ex1_00014":{"width":200,"height":200},"EF/9070/9070_A1_ex1/9070_A1_ex1_00015":{"width":200,"height":200},"EF/9070/9070_A1_ex1/9070_A1_ex1_00016":{"width":200,"height":200},"EF/9070/9070_A1_ex1/9070_A1_ex1_00017":{"width":200,"height":200},"EF/9070/9070_A1_ex1/9070_A1_ex1_00018":{"width":200,"height":200}},"EF/9070/9070_S1_torunedo1/9070_S1_torunedo1_00001":{"EF/9070/9070_S1_torunedo1/9070_S1_torunedo1_00001":{"width":288,"height":288},"EF/9070/9070_S1_torunedo1/9070_S1_torunedo1_00003":{"width":288,"height":288},"EF/9070/9070_S1_torunedo1/9070_S1_torunedo1_00005":{"width":288,"height":288},"EF/9070/9070_S1_torunedo1/9070_S1_torunedo1_00007":{"width":288,"height":288},"EF/9070/9070_S1_torunedo1/9070_S1_torunedo1_00009":{"width":288,"height":288},"EF/9070/9070_S1_torunedo1/9070_S1_torunedo1_00011":{"width":288,"height":288},"EF/9070/9070_S1_torunedo1/9070_S1_torunedo1_00013":{"width":288,"height":288}},"EF/9070/9070_S1_torunedo1/9070_S1_torunedo1_1":{"EF/9070/9070_S1_torunedo1/9070_S1_torunedo1_00001":{"width":288,"height":288},"EF/9070/9070_S1_torunedo1/9070_S1_torunedo1_00003":{"width":288,"height":288},"EF/9070/9070_S1_torunedo1/9070_S1_torunedo1_00005":{"width":288,"height":288},"EF/9070/9070_S1_torunedo1/9070_S1_torunedo1_00007":{"width":288,"height":288},"EF/9070/9070_S1_torunedo1/9070_S1_torunedo1_00009":{"width":288,"height":288},"EF/9070/9070_S1_torunedo1/9070_S1_torunedo1_00011":{"width":288,"height":288},"EF/9070/9070_S1_torunedo1/9070_S1_torunedo1_00013":{"width":288,"height":288}},"EF/9070/9070_S1_torunedo1/9070_S1_torunedo1_2":{"EF/9070/9070_S1_torunedo1/9070_S1_torunedo1_00001":{"width":288,"height":288},"EF/9070/9070_S1_torunedo1/9070_S1_torunedo1_00003":{"width":288,"height":288},"EF/9070/9070_S1_torunedo1/9070_S1_torunedo1_00005":{"width":288,"height":288},"EF/9070/9070_S1_torunedo1/9070_S1_torunedo1_00007":{"width":288,"height":288},"EF/9070/9070_S1_torunedo1/9070_S1_torunedo1_00009":{"width":288,"height":288},"EF/9070/9070_S1_torunedo1/9070_S1_torunedo1_00011":{"width":288,"height":288},"EF/9070/9070_S1_torunedo1/9070_S1_torunedo1_00013":{"width":288,"height":288}}}},"events":{"event":{}},"animations":{"attack1":{"slots":{"DAMAGEAREA":{"attachment":[{"time":0.2,"name":"DAMAGEAREA"},{"time":3.2666,"name":null}]},"EF/9070/9070_A1_ex1/9070_A1_ex1_1":{"attachment":[{"time":0.4,"name":"EF/9070/9070_A1_ex1/9070_A1_ex1_00001"},{"time":0.4333,"name":"EF/9070/9070_A1_ex1/9070_A1_ex1_00002"},{"time":0.4666,"name":"EF/9070/9070_A1_ex1/9070_A1_ex1_00003"},{"time":0.5,"name":"EF/9070/9070_A1_ex1/9070_A1_ex1_00004"},{"time":0.5333,"name":"EF/9070/9070_A1_ex1/9070_A1_ex1_00005"},{"time":0.5666,"name":"EF/9070/9070_A1_ex1/9070_A1_ex1_00006"},{"time":0.6,"name":"EF/9070/9070_A1_ex1/9070_A1_ex1_00007"},{"time":0.6333,"name":"EF/9070/9070_A1_ex1/9070_A1_ex1_00008"},{"time":0.6666,"name":"EF/9070/9070_A1_ex1/9070_A1_ex1_00009"},{"time":0.7,"name":null},{"time":0.7333,"name":"EF/9070/9070_A1_ex1/9070_A1_ex1_00001"},{"time":0.7666,"name":"EF/9070/9070_A1_ex1/9070_A1_ex1_00002"},{"time":0.8,"name":"EF/9070/9070_A1_ex1/9070_A1_ex1_00003"},{"time":0.8333,"name":"EF/9070/9070_A1_ex1/9070_A1_ex1_00004"},{"time":0.8666,"name":"EF/9070/9070_A1_ex1/9070_A1_ex1_00005"},{"time":0.9,"name":"EF/9070/9070_A1_ex1/9070_A1_ex1_00006"},{"time":0.9333,"name":"EF/9070/9070_A1_ex1/9070_A1_ex1_00007"},{"time":0.9666,"name":"EF/9070/9070_A1_ex1/9070_A1_ex1_00008"},{"time":1,"name":"EF/9070/9070_A1_ex1/9070_A1_ex1_00009"},{"time":1.0333,"name":null},{"time":1.0666,"name":"EF/9070/9070_A1_ex1/9070_A1_ex1_00001"},{"time":1.1,"name":"EF/9070/9070_A1_ex1/9070_A1_ex1_00002"},{"time":1.1333,"name":"EF/9070/9070_A1_ex1/9070_A1_ex1_00003"},{"time":1.1666,"name":"EF/9070/9070_A1_ex1/9070_A1_ex1_00004"},{"time":1.2,"name":"EF/9070/9070_A1_ex1/9070_A1_ex1_00005"},{"time":1.2333,"name":"EF/9070/9070_A1_ex1/9070_A1_ex1_00006"},{"time":1.2666,"name":"EF/9070/9070_A1_ex1/9070_A1_ex1_00007"},{"time":1.3,"name":"EF/9070/9070_A1_ex1/9070_A1_ex1_00008"},{"time":1.3333,"name":"EF/9070/9070_A1_ex1/9070_A1_ex1_00009"},{"time":1.3666,"name":null},{"time":1.4,"name":"EF/9070/9070_A1_ex1/9070_A1_ex1_00001"},{"time":1.4333,"name":"EF/9070/9070_A1_ex1/9070_A1_ex1_00002"},{"time":1.4666,"name":"EF/9070/9070_A1_ex1/9070_A1_ex1_00003"},{"time":1.5,"name":"EF/9070/9070_A1_ex1/9070_A1_ex1_00004"},{"time":1.5333,"name":"EF/9070/9070_A1_ex1/9070_A1_ex1_00005"},{"time":1.5666,"name":"EF/9070/9070_A1_ex1/9070_A1_ex1_00006"},{"time":1.6,"name":"EF/9070/9070_A1_ex1/9070_A1_ex1_00007"},{"time":1.6333,"name":"EF/9070/9070_A1_ex1/9070_A1_ex1_00008"},{"time":1.6666,"name":"EF/9070/9070_A1_ex1/9070_A1_ex1_00009"},{"time":1.7,"name":null},{"time":1.7333,"name":"EF/9070/9070_A1_ex1/9070_A1_ex1_00001"},{"time":1.7666,"name":"EF/9070/9070_A1_ex1/9070_A1_ex1_00002"},{"time":1.8,"name":"EF/9070/9070_A1_ex1/9070_A1_ex1_00003"},{"time":1.8333,"name":"EF/9070/9070_A1_ex1/9070_A1_ex1_00004"},{"time":1.8666,"name":"EF/9070/9070_A1_ex1/9070_A1_ex1_00005"},{"time":1.9,"name":"EF/9070/9070_A1_ex1/9070_A1_ex1_00006"},{"time":1.9333,"name":"EF/9070/9070_A1_ex1/9070_A1_ex1_00007"},{"time":1.9666,"name":"EF/9070/9070_A1_ex1/9070_A1_ex1_00008"},{"time":2,"name":"EF/9070/9070_A1_ex1/9070_A1_ex1_00009"},{"time":2.0333,"name":null},{"time":2.0666,"name":"EF/9070/9070_A1_ex1/9070_A1_ex1_00001"},{"time":2.1,"name":"EF/9070/9070_A1_ex1/9070_A1_ex1_00002"},{"time":2.1333,"name":"EF/9070/9070_A1_ex1/9070_A1_ex1_00003"},{"time":2.1666,"name":"EF/9070/9070_A1_ex1/9070_A1_ex1_00004"},{"time":2.2,"name":"EF/9070/9070_A1_ex1/9070_A1_ex1_00005"},{"time":2.2333,"name":"EF/9070/9070_A1_ex1/9070_A1_ex1_00006"},{"time":2.2666,"name":"EF/9070/9070_A1_ex1/9070_A1_ex1_00007"},{"time":2.3,"name":"EF/9070/9070_A1_ex1/9070_A1_ex1_00008"},{"time":2.3333,"name":"EF/9070/9070_A1_ex1/9070_A1_ex1_00009"},{"time":2.3666,"name":null},{"time":2.4,"name":"EF/9070/9070_A1_ex1/9070_A1_ex1_00001"},{"time":2.4333,"name":"EF/9070/9070_A1_ex1/9070_A1_ex1_00002"},{"time":2.4666,"name":"EF/9070/9070_A1_ex1/9070_A1_ex1_00003"},{"time":2.5,"name":"EF/9070/9070_A1_ex1/9070_A1_ex1_00004"},{"time":2.5333,"name":"EF/9070/9070_A1_ex1/9070_A1_ex1_00005"},{"time":2.5666,"name":"EF/9070/9070_A1_ex1/9070_A1_ex1_00006"},{"time":2.6,"name":"EF/9070/9070_A1_ex1/9070_A1_ex1_00007"},{"time":2.6333,"name":"EF/9070/9070_A1_ex1/9070_A1_ex1_00008"},{"time":2.6666,"name":"EF/9070/9070_A1_ex1/9070_A1_ex1_00009"},{"time":2.7,"name":null},{"time":2.7333,"name":"EF/9070/9070_A1_ex1/9070_A1_ex1_00001"},{"time":2.7666,"name":"EF/9070/9070_A1_ex1/9070_A1_ex1_00002"},{"time":2.8,"name":"EF/9070/9070_A1_ex1/9070_A1_ex1_00003"},{"time":2.8333,"name":"EF/9070/9070_A1_ex1/9070_A1_ex1_00004"},{"time":2.8666,"name":"EF/9070/9070_A1_ex1/9070_A1_ex1_00005"},{"time":2.9,"name":"EF/9070/9070_A1_ex1/9070_A1_ex1_00006"},{"time":2.9333,"name":"EF/9070/9070_A1_ex1/9070_A1_ex1_00007"},{"time":2.9666,"name":"EF/9070/9070_A1_ex1/9070_A1_ex1_00008"},{"time":3,"name":"EF/9070/9070_A1_ex1/9070_A1_ex1_00009"},{"time":3.0333,"name":null},{"time":3.0666,"name":"EF/9070/9070_A1_ex1/9070_A1_ex1_00001"},{"time":3.1,"name":"EF/9070/9070_A1_ex1/9070_A1_ex1_00002"},{"time":3.1333,"name":"EF/9070/9070_A1_ex1/9070_A1_ex1_00003"},{"time":3.1666,"name":"EF/9070/9070_A1_ex1/9070_A1_ex1_00004"},{"time":3.2,"name":"EF/9070/9070_A1_ex1/9070_A1_ex1_00005"},{"time":3.2333,"name":"EF/9070/9070_A1_ex1/9070_A1_ex1_00006"},{"time":3.2666,"name":"EF/9070/9070_A1_ex1/9070_A1_ex1_00007"},{"time":3.3,"name":"EF/9070/9070_A1_ex1/9070_A1_ex1_00008"},{"time":3.3333,"name":"EF/9070/9070_A1_ex1/9070_A1_ex1_00009"},{"time":3.3666,"name":null}],"color":[{"time":0.4,"color":"0084ffff"}]},"EF/9070/9070_S1_torunedo1/9070_S1_torunedo1_00001":{"attachment":[{"time":0.2,"name":"EF/9070/9070_S1_torunedo1/9070_S1_torunedo1_00001"},{"time":0.2666,"name":"EF/9070/9070_S1_torunedo1/9070_S1_torunedo1_00003"},{"time":0.3333,"name":"EF/9070/9070_S1_torunedo1/9070_S1_torunedo1_00005"},{"time":0.4,"name":"EF/9070/9070_S1_torunedo1/9070_S1_torunedo1_00007"},{"time":0.4666,"name":"EF/9070/9070_S1_torunedo1/9070_S1_torunedo1_00009"},{"time":0.5333,"name":"EF/9070/9070_S1_torunedo1/9070_S1_torunedo1_00011"},{"time":0.6,"name":"EF/9070/9070_S1_torunedo1/9070_S1_torunedo1_00013"},{"time":0.6333,"name":null},{"time":0.6666,"name":"EF/9070/9070_S1_torunedo1/9070_S1_torunedo1_00001"},{"time":0.7333,"name":"EF/9070/9070_S1_torunedo1/9070_S1_torunedo1_00003"},{"time":0.8,"name":"EF/9070/9070_S1_torunedo1/9070_S1_torunedo1_00005"},{"time":0.8666,"name":"EF/9070/9070_S1_torunedo1/9070_S1_torunedo1_00007"},{"time":0.9333,"name":"EF/9070/9070_S1_torunedo1/9070_S1_torunedo1_00009"},{"time":1,"name":"EF/9070/9070_S1_torunedo1/9070_S1_torunedo1_00011"},{"time":1.0666,"name":"EF/9070/9070_S1_torunedo1/9070_S1_torunedo1_00013"},{"time":1.1,"name":null},{"time":1.1333,"name":"EF/9070/9070_S1_torunedo1/9070_S1_torunedo1_00001"},{"time":1.2,"name":"EF/9070/9070_S1_torunedo1/9070_S1_torunedo1_00003"},{"time":1.2666,"name":"EF/9070/9070_S1_torunedo1/9070_S1_torunedo1_00005"},{"time":1.3333,"name":"EF/9070/9070_S1_torunedo1/9070_S1_torunedo1_00007"},{"time":1.4,"name":"EF/9070/9070_S1_torunedo1/9070_S1_torunedo1_00009"},{"time":1.4666,"name":"EF/9070/9070_S1_torunedo1/9070_S1_torunedo1_00011"},{"time":1.5333,"name":"EF/9070/9070_S1_torunedo1/9070_S1_torunedo1_00013"},{"time":1.5666,"name":null},{"time":1.6,"name":"EF/9070/9070_S1_torunedo1/9070_S1_torunedo1_00001"},{"time":1.6666,"name":"EF/9070/9070_S1_torunedo1/9070_S1_torunedo1_00003"},{"time":1.7333,"name":"EF/9070/9070_S1_torunedo1/9070_S1_torunedo1_00005"},{"time":1.8,"name":"EF/9070/9070_S1_torunedo1/9070_S1_torunedo1_00007"},{"time":1.8666,"name":"EF/9070/9070_S1_torunedo1/9070_S1_torunedo1_00009"},{"time":1.9333,"name":"EF/9070/9070_S1_torunedo1/9070_S1_torunedo1_00011"},{"time":2,"name":"EF/9070/9070_S1_torunedo1/9070_S1_torunedo1_00013"},{"time":2.0333,"name":null},{"time":2.0666,"name":"EF/9070/9070_S1_torunedo1/9070_S1_torunedo1_00001"},{"time":2.1333,"name":"EF/9070/9070_S1_torunedo1/9070_S1_torunedo1_00003"},{"time":2.2,"name":"EF/9070/9070_S1_torunedo1/9070_S1_torunedo1_00005"},{"time":2.2666,"name":"EF/9070/9070_S1_torunedo1/9070_S1_torunedo1_00007"},{"time":2.3333,"name":"EF/9070/9070_S1_torunedo1/9070_S1_torunedo1_00009"},{"time":2.4,"name":"EF/9070/9070_S1_torunedo1/9070_S1_torunedo1_00011"},{"time":2.4666,"name":"EF/9070/9070_S1_torunedo1/9070_S1_torunedo1_00013"},{"time":2.5,"name":null},{"time":2.5333,"name":"EF/9070/9070_S1_torunedo1/9070_S1_torunedo1_00001"},{"time":2.6,"name":"EF/9070/9070_S1_torunedo1/9070_S1_torunedo1_00003"},{"time":2.6666,"name":"EF/9070/9070_S1_torunedo1/9070_S1_torunedo1_00005"},{"time":2.7333,"name":"EF/9070/9070_S1_torunedo1/9070_S1_torunedo1_00007"},{"time":2.8,"name":"EF/9070/9070_S1_torunedo1/9070_S1_torunedo1_00009"},{"time":2.8666,"name":"EF/9070/9070_S1_torunedo1/9070_S1_torunedo1_00011"},{"time":2.9333,"name":"EF/9070/9070_S1_torunedo1/9070_S1_torunedo1_00013"},{"time":2.9666,"name":null},{"time":3,"name":"EF/9070/9070_S1_torunedo1/9070_S1_torunedo1_00001"},{"time":3.0666,"name":"EF/9070/9070_S1_torunedo1/9070_S1_torunedo1_00003"},{"time":3.1333,"name":"EF/9070/9070_S1_torunedo1/9070_S1_torunedo1_00005"},{"time":3.2,"name":"EF/9070/9070_S1_torunedo1/9070_S1_torunedo1_00007"},{"time":3.2666,"name":"EF/9070/9070_S1_torunedo1/9070_S1_torunedo1_00009"},{"time":3.3333,"name":"EF/9070/9070_S1_torunedo1/9070_S1_torunedo1_00011"},{"time":3.4,"name":"EF/9070/9070_S1_torunedo1/9070_S1_torunedo1_00013"},{"time":3.4333,"name":null}],"color":[{"time":0.2,"color":"0070ff24"},{"time":0.5666,"color":"0070ffff","curve":"stepped"},{"time":3.2,"color":"0070ffff"},{"time":3.6666,"color":"0070ff00"}]},"EF/9070/9070_S1_torunedo1/9070_S1_torunedo1_1":{"attachment":[{"time":0.2,"name":"EF/9070/9070_S1_torunedo1/9070_S1_torunedo1_00001"},{"time":0.2666,"name":"EF/9070/9070_S1_torunedo1/9070_S1_torunedo1_00003"},{"time":0.3333,"name":"EF/9070/9070_S1_torunedo1/9070_S1_torunedo1_00005"},{"time":0.4,"name":"EF/9070/9070_S1_torunedo1/9070_S1_torunedo1_00007"},{"time":0.4666,"name":"EF/9070/9070_S1_torunedo1/9070_S1_torunedo1_00009"},{"time":0.5333,"name":"EF/9070/9070_S1_torunedo1/9070_S1_torunedo1_00011"},{"time":0.6,"name":"EF/9070/9070_S1_torunedo1/9070_S1_torunedo1_00013"},{"time":0.6333,"name":null},{"time":0.6666,"name":"EF/9070/9070_S1_torunedo1/9070_S1_torunedo1_00001"},{"time":0.7333,"name":"EF/9070/9070_S1_torunedo1/9070_S1_torunedo1_00003"},{"time":0.8,"name":"EF/9070/9070_S1_torunedo1/9070_S1_torunedo1_00005"},{"time":0.8666,"name":"EF/9070/9070_S1_torunedo1/9070_S1_torunedo1_00007"},{"time":0.9333,"name":"EF/9070/9070_S1_torunedo1/9070_S1_torunedo1_00009"},{"time":1,"name":"EF/9070/9070_S1_torunedo1/9070_S1_torunedo1_00011"},{"time":1.0666,"name":"EF/9070/9070_S1_torunedo1/9070_S1_torunedo1_00013"},{"time":1.1,"name":null},{"time":1.1333,"name":"EF/9070/9070_S1_torunedo1/9070_S1_torunedo1_00001"},{"time":1.2,"name":"EF/9070/9070_S1_torunedo1/9070_S1_torunedo1_00003"},{"time":1.2666,"name":"EF/9070/9070_S1_torunedo1/9070_S1_torunedo1_00005"},{"time":1.3333,"name":"EF/9070/9070_S1_torunedo1/9070_S1_torunedo1_00007"},{"time":1.4,"name":"EF/9070/9070_S1_torunedo1/9070_S1_torunedo1_00009"},{"time":1.4666,"name":"EF/9070/9070_S1_torunedo1/9070_S1_torunedo1_00011"},{"time":1.5333,"name":"EF/9070/9070_S1_torunedo1/9070_S1_torunedo1_00013"},{"time":1.5666,"name":null},{"time":1.6,"name":"EF/9070/9070_S1_torunedo1/9070_S1_torunedo1_00001"},{"time":1.6666,"name":"EF/9070/9070_S1_torunedo1/9070_S1_torunedo1_00003"},{"time":1.7333,"name":"EF/9070/9070_S1_torunedo1/9070_S1_torunedo1_00005"},{"time":1.8,"name":"EF/9070/9070_S1_torunedo1/9070_S1_torunedo1_00007"},{"time":1.8666,"name":"EF/9070/9070_S1_torunedo1/9070_S1_torunedo1_00009"},{"time":1.9333,"name":"EF/9070/9070_S1_torunedo1/9070_S1_torunedo1_00011"},{"time":2,"name":"EF/9070/9070_S1_torunedo1/9070_S1_torunedo1_00013"},{"time":2.0333,"name":null},{"time":2.0666,"name":"EF/9070/9070_S1_torunedo1/9070_S1_torunedo1_00001"},{"time":2.1333,"name":"EF/9070/9070_S1_torunedo1/9070_S1_torunedo1_00003"},{"time":2.2,"name":"EF/9070/9070_S1_torunedo1/9070_S1_torunedo1_00005"},{"time":2.2666,"name":"EF/9070/9070_S1_torunedo1/9070_S1_torunedo1_00007"},{"time":2.3333,"name":"EF/9070/9070_S1_torunedo1/9070_S1_torunedo1_00009"},{"time":2.4,"name":"EF/9070/9070_S1_torunedo1/9070_S1_torunedo1_00011"},{"time":2.4666,"name":"EF/9070/9070_S1_torunedo1/9070_S1_torunedo1_00013"},{"time":2.5,"name":null},{"time":2.5333,"name":"EF/9070/9070_S1_torunedo1/9070_S1_torunedo1_00001"},{"time":2.6,"name":"EF/9070/9070_S1_torunedo1/9070_S1_torunedo1_00003"},{"time":2.6666,"name":"EF/9070/9070_S1_torunedo1/9070_S1_torunedo1_00005"},{"time":2.7333,"name":"EF/9070/9070_S1_torunedo1/9070_S1_torunedo1_00007"},{"time":2.8,"name":"EF/9070/9070_S1_torunedo1/9070_S1_torunedo1_00009"},{"time":2.8666,"name":"EF/9070/9070_S1_torunedo1/9070_S1_torunedo1_00011"},{"time":2.9333,"name":"EF/9070/9070_S1_torunedo1/9070_S1_torunedo1_00013"},{"time":2.9666,"name":null},{"time":3,"name":"EF/9070/9070_S1_torunedo1/9070_S1_torunedo1_00001"},{"time":3.0666,"name":"EF/9070/9070_S1_torunedo1/9070_S1_torunedo1_00003"},{"time":3.1333,"name":"EF/9070/9070_S1_torunedo1/9070_S1_torunedo1_00005"},{"time":3.2,"name":"EF/9070/9070_S1_torunedo1/9070_S1_torunedo1_00007"},{"time":3.2666,"name":"EF/9070/9070_S1_torunedo1/9070_S1_torunedo1_00009"},{"time":3.3333,"name":"EF/9070/9070_S1_torunedo1/9070_S1_torunedo1_00011"},{"time":3.4,"name":"EF/9070/9070_S1_torunedo1/9070_S1_torunedo1_00013"},{"time":3.4333,"name":null}],"color":[{"time":0.2,"color":"0070ff24"},{"time":0.5666,"color":"0070ffff","curve":"stepped"},{"time":3.2,"color":"0070ffff"},{"time":3.6666,"color":"0070ff00"}]},"EF/9070/9070_S1_torunedo1/9070_S1_torunedo1_2":{"attachment":[{"time":0.4333,"name":"EF/9070/9070_S1_torunedo1/9070_S1_torunedo1_00001"},{"time":0.5,"name":"EF/9070/9070_S1_torunedo1/9070_S1_torunedo1_00003"},{"time":0.5666,"name":"EF/9070/9070_S1_torunedo1/9070_S1_torunedo1_00005"},{"time":0.6333,"name":"EF/9070/9070_S1_torunedo1/9070_S1_torunedo1_00007"},{"time":0.7,"name":"EF/9070/9070_S1_torunedo1/9070_S1_torunedo1_00009"},{"time":0.7666,"name":"EF/9070/9070_S1_torunedo1/9070_S1_torunedo1_00011"},{"time":0.8333,"name":"EF/9070/9070_S1_torunedo1/9070_S1_torunedo1_00013"},{"time":0.8666,"name":null},{"time":0.9,"name":"EF/9070/9070_S1_torunedo1/9070_S1_torunedo1_00001"},{"time":0.9666,"name":"EF/9070/9070_S1_torunedo1/9070_S1_torunedo1_00003"},{"time":1.0333,"name":"EF/9070/9070_S1_torunedo1/9070_S1_torunedo1_00005"},{"time":1.1,"name":"EF/9070/9070_S1_torunedo1/9070_S1_torunedo1_00007"},{"time":1.1666,"name":"EF/9070/9070_S1_torunedo1/9070_S1_torunedo1_00009"},{"time":1.2333,"name":"EF/9070/9070_S1_torunedo1/9070_S1_torunedo1_00011"},{"time":1.3,"name":"EF/9070/9070_S1_torunedo1/9070_S1_torunedo1_00013"},{"time":1.3333,"name":null},{"time":1.3666,"name":"EF/9070/9070_S1_torunedo1/9070_S1_torunedo1_00001"},{"time":1.4333,"name":"EF/9070/9070_S1_torunedo1/9070_S1_torunedo1_00003"},{"time":1.5,"name":"EF/9070/9070_S1_torunedo1/9070_S1_torunedo1_00005"},{"time":1.5666,"name":"EF/9070/9070_S1_torunedo1/9070_S1_torunedo1_00007"},{"time":1.6333,"name":"EF/9070/9070_S1_torunedo1/9070_S1_torunedo1_00009"},{"time":1.7,"name":"EF/9070/9070_S1_torunedo1/9070_S1_torunedo1_00011"},{"time":1.7666,"name":"EF/9070/9070_S1_torunedo1/9070_S1_torunedo1_00013"},{"time":1.8,"name":null},{"time":1.8333,"name":"EF/9070/9070_S1_torunedo1/9070_S1_torunedo1_00001"},{"time":1.9,"name":"EF/9070/9070_S1_torunedo1/9070_S1_torunedo1_00003"},{"time":1.9666,"name":"EF/9070/9070_S1_torunedo1/9070_S1_torunedo1_00005"},{"time":2.0333,"name":"EF/9070/9070_S1_torunedo1/9070_S1_torunedo1_00007"},{"time":2.1,"name":"EF/9070/9070_S1_torunedo1/9070_S1_torunedo1_00009"},{"time":2.1666,"name":"EF/9070/9070_S1_torunedo1/9070_S1_torunedo1_00011"},{"time":2.2333,"name":"EF/9070/9070_S1_torunedo1/9070_S1_torunedo1_00013"},{"time":2.2666,"name":null},{"time":2.3,"name":"EF/9070/9070_S1_torunedo1/9070_S1_torunedo1_00001"},{"time":2.3666,"name":"EF/9070/9070_S1_torunedo1/9070_S1_torunedo1_00003"},{"time":2.4333,"name":"EF/9070/9070_S1_torunedo1/9070_S1_torunedo1_00005"},{"time":2.5,"name":"EF/9070/9070_S1_torunedo1/9070_S1_torunedo1_00007"},{"time":2.5666,"name":"EF/9070/9070_S1_torunedo1/9070_S1_torunedo1_00009"},{"time":2.6333,"name":"EF/9070/9070_S1_torunedo1/9070_S1_torunedo1_00011"},{"time":2.7,"name":"EF/9070/9070_S1_torunedo1/9070_S1_torunedo1_00013"},{"time":2.7333,"name":null},{"time":2.7666,"name":"EF/9070/9070_S1_torunedo1/9070_S1_torunedo1_00001"},{"time":2.8333,"name":"EF/9070/9070_S1_torunedo1/9070_S1_torunedo1_00003"},{"time":2.9,"name":"EF/9070/9070_S1_torunedo1/9070_S1_torunedo1_00005"},{"time":2.9666,"name":"EF/9070/9070_S1_torunedo1/9070_S1_torunedo1_00007"},{"time":3.0333,"name":"EF/9070/9070_S1_torunedo1/9070_S1_torunedo1_00009"},{"time":3.1,"name":"EF/9070/9070_S1_torunedo1/9070_S1_torunedo1_00011"},{"time":3.1666,"name":"EF/9070/9070_S1_torunedo1/9070_S1_torunedo1_00013"},{"time":3.2,"name":null},{"time":3.2333,"name":"EF/9070/9070_S1_torunedo1/9070_S1_torunedo1_00001"},{"time":3.3,"name":"EF/9070/9070_S1_torunedo1/9070_S1_torunedo1_00003"},{"time":3.3666,"name":"EF/9070/9070_S1_torunedo1/9070_S1_torunedo1_00005"},{"time":3.4333,"name":"EF/9070/9070_S1_torunedo1/9070_S1_torunedo1_00007"},{"time":3.5,"name":"EF/9070/9070_S1_torunedo1/9070_S1_torunedo1_00009"},{"time":3.5666,"name":"EF/9070/9070_S1_torunedo1/9070_S1_torunedo1_00011"},{"time":3.6333,"name":"EF/9070/9070_S1_torunedo1/9070_S1_torunedo1_00013"},{"time":3.6666,"name":null}],"color":[{"time":0.2,"color":"0070ff24"},{"time":0.5666,"color":"0070ffff","curve":"stepped"},{"time":3.2,"color":"0070ffff"},{"time":3.6666,"color":"0070ff00"}]}},"bones":{"MAIN":{"translate":[{"time":0.2,"x":-50.97,"y":118.33},{"time":1.8,"x":-166.84,"y":152.34},{"time":3.6666,"x":-302.03,"y":152}],"scale":[{"time":0.2,"x":-1.5,"y":1.5},{"time":1.8,"x":-2,"y":2}]},"9070_A1_ex1":{"translate":[{"time":0.3666,"x":-153.49,"y":-72.49}],"scale":[{"time":0.4,"x":1.474,"y":1.474}]},"DAMAGEAREA":{"translate":[{"time":0.2,"x":-58.77,"y":126.45},{"time":3.3,"x":-283.17,"y":126.45}],"scale":[{"time":0.2,"x":2.599,"y":3.715},{"time":3.3,"x":3.464,"y":3.715}]}},"events":[{"time":0,"name":"event","int":150,"string":"setPositionX_Target"},{"time":0.0333,"name":"event","string":"setHitBackEnemy(25,0)"},{"time":0.2666,"name":"event","string":"resetHitList"},{"time":0.3333,"name":"event","string":"resetHitList"},{"time":0.4,"name":"event","string":"resetHitList"},{"time":0.4666,"name":"event","string":"resetHitList"},{"time":0.5333,"name":"event","string":"resetHitList"},{"time":0.6,"name":"event","string":"resetHitList"},{"time":0.6666,"name":"event","string":"resetHitList"},{"time":0.7333,"name":"event","string":"resetHitList"},{"time":0.8,"name":"event","string":"resetHitList"},{"time":0.8666,"name":"event","string":"resetHitList"},{"time":0.9333,"name":"event","string":"resetHitList"},{"time":1,"name":"event","string":"resetHitList"},{"time":1.0666,"name":"event","string":"resetHitList"},{"time":1.1333,"name":"event","string":"resetHitList"},{"time":1.2,"name":"event","string":"resetHitList"},{"time":1.2666,"name":"event","string":"resetHitList"},{"time":1.3333,"name":"event","string":"resetHitList"},{"time":1.4,"name":"event","string":"resetHitList"},{"time":1.4666,"name":"event","string":"resetHitList"},{"time":1.5333,"name":"event","string":"resetHitList"},{"time":1.6,"name":"event","string":"resetHitList"},{"time":1.6666,"name":"event","string":"resetHitList"},{"time":1.7333,"name":"event","string":"resetHitList"},{"time":1.8,"name":"event","string":"resetHitList"},{"time":1.8666,"name":"event","string":"resetHitList"},{"time":1.9333,"name":"event","string":"resetHitList"},{"time":2,"name":"event","string":"resetHitList"},{"time":2.0666,"name":"event","string":"resetHitList"},{"time":2.1333,"name":"event","string":"resetHitList"},{"time":2.2,"name":"event","string":"resetHitList"},{"time":2.2666,"name":"event","string":"resetHitList"},{"time":2.3333,"name":"event","string":"resetHitList"},{"time":2.4,"name":"event","string":"resetHitList"},{"time":2.4666,"name":"event","string":"resetHitList"},{"time":2.5333,"name":"event","string":"resetHitList"},{"time":2.6,"name":"event","string":"resetHitList"},{"time":2.6666,"name":"event","string":"resetHitList"},{"time":2.7333,"name":"event","string":"resetHitList"},{"time":2.8,"name":"event","string":"resetHitList"},{"time":2.8666,"name":"event","string":"resetHitList"},{"time":2.9333,"name":"event","string":"resetHitList"},{"time":3,"name":"event","string":"resetHitList"},{"time":3.0666,"name":"event","string":"resetHitList"},{"time":3.1333,"name":"event","string":"resetHitList"},{"time":3.2,"name":"event","string":"resetHitList"}]}}}