{"skeleton":{"hash":"iiNDypYM+IFdyi1B4dTxAFSxY/E","spine":"3.0.12","width":0,"height":0},"bones":[{"name":"root"},{"name":"EF","parent":"root"},{"name":"ef_sprash_sumi2","parent":"EF","x":400,"y":297.97},{"name":"ef_sprash_sumi","parent":"EF","x":400,"y":297.97,"rotation":-0.29},{"name":"ef_slash_sprash_sumi3","parent":"EF","x":500,"y":300},{"name":"ef_slash_sprash_sumi2","parent":"EF","x":500,"y":300},{"name":"ef_slash_bolt_sumi","parent":"EF","x":400,"y":500},{"name":"ef_shock_wave_sumi","parent":"EF","x":400,"y":600,"scaleX":2,"scaleY":2},{"name":"ef_line_arrow_sumi4","parent":"EF","x":300,"y":400,"rotation":-0.03},{"name":"ef_line_arrow_sumi","parent":"EF","x":300,"y":400},{"name":"ef_fire_wave_sumi","parent":"EF","x":300,"y":500},{"name":"ef_burst_aura_sumi_b2","parent":"EF","x":500,"y":400},{"name":"ef_burst_aura_sumi_b","parent":"EF","x":500,"y":400,"rotation":-0.32},{"name":"ef_burst_aura_sumi","parent":"EF","x":300,"y":600},{"name":"DAMAGEAREA","parent":"root"}],"slots":[{"name":"ef_sprash_sumi_a","bone":"ef_sprash_sumi","blend":"additive"},{"name":"ef_sprash_sumi_n","bone":"ef_sprash_sumi"},{"name":"ef_burst_aura_sumi_n","bone":"ef_burst_aura_sumi"},{"name":"ef_burst_aura_sumi_b_n","bone":"ef_burst_aura_sumi_b"},{"name":"ef_burst_aura_sumi_b_n2","bone":"ef_burst_aura_sumi_b2"},{"name":"ef_fire_wave_sumi_n","bone":"ef_fire_wave_sumi"},{"name":"ef_line_arrow_sumi_n","bone":"ef_line_arrow_sumi"},{"name":"ef_line_arrow_sumi_n4","bone":"ef_line_arrow_sumi4"},{"name":"ef_shock_wave_sumi_n","bone":"ef_shock_wave_sumi"},{"name":"ef_slash_bolt_sumi_n","bone":"ef_slash_bolt_sumi"},{"name":"ef_sprash_sumi_n2","bone":"ef_sprash_sumi2"},{"name":"ef_slash_sprash_sumi_n2","bone":"ef_slash_sprash_sumi2"},{"name":"ef_slash_sprash_sumi_n3","bone":"ef_slash_sprash_sumi3","blend":"additive"},{"name":"ef_burst_aura_sumi_b_a","bone":"ef_burst_aura_sumi_b","blend":"additive"},{"name":"ef_burst_aura_sumi_b_a2","bone":"ef_burst_aura_sumi_b2","blend":"additive"},{"name":"ef_slash_sprash_sumi_a2","bone":"ef_slash_sprash_sumi2"},{"name":"ef_slash_sprash_sumi_a3","bone":"ef_slash_sprash_sumi3"},{"name":"ef_slash_bolt_sumi_a","bone":"ef_slash_bolt_sumi","blend":"additive"},{"name":"ef_burst_aura_sumi_a","bone":"ef_burst_aura_sumi","blend":"additive"},{"name":"ef_fire_wave_sumi_a","bone":"ef_fire_wave_sumi","blend":"additive"},{"name":"ef_line_arrow_sumi_a","bone":"ef_line_arrow_sumi","blend":"additive"},{"name":"ef_line_arrow_sumi_a4","bone":"ef_line_arrow_sumi4","blend":"additive"},{"name":"ef_shock_wave_sumi_a","bone":"ef_shock_wave_sumi"},{"name":"ef_sprash_sumi_a2","bone":"ef_sprash_sumi2","blend":"additive"},{"name":"DAMAGEAREA","bone":"DAMAGEAREA"}],"skins":{"default":{"DAMAGEAREA":{"DAMAGEAREA":{"type":"boundingbox","vertices":[-64.90123,-62.98938,63.41063,-62.98938,62.66464,63.08451,-65.64724,62.33852]}},"ef_burst_aura_sumi_a":{"ef_burst_aura_sumi/ef_burst_aura_sumi_00001":{"y":23.72,"scaleX":2,"scaleY":2,"width":150,"height":150},"ef_burst_aura_sumi/ef_burst_aura_sumi_00003":{"y":23.72,"scaleX":2,"scaleY":2,"width":150,"height":150},"ef_burst_aura_sumi/ef_burst_aura_sumi_00004":{"y":23.72,"scaleX":2,"scaleY":2,"width":150,"height":150},"ef_burst_aura_sumi/ef_burst_aura_sumi_00005":{"y":23.72,"scaleX":2,"scaleY":2,"width":150,"height":150},"ef_burst_aura_sumi/ef_burst_aura_sumi_00007":{"y":23.72,"scaleX":2,"scaleY":2,"width":150,"height":150},"ef_burst_aura_sumi/ef_burst_aura_sumi_00008":{"y":23.72,"scaleX":2,"scaleY":2,"width":150,"height":150}},"ef_burst_aura_sumi_b_a":{"ef_burst_aura_sumi 2/ef_burst_aura_sumi 2_00001":{"y":36.13,"width":200,"height":200},"ef_burst_aura_sumi 2/ef_burst_aura_sumi 2_00002":{"y":36.13,"width":200,"height":200},"ef_burst_aura_sumi 2/ef_burst_aura_sumi 2_00003":{"y":36.13,"width":200,"height":200},"ef_burst_aura_sumi 2/ef_burst_aura_sumi 2_00004":{"y":36.13,"width":200,"height":200},"ef_burst_aura_sumi 2/ef_burst_aura_sumi 2_00005":{"y":36.13,"width":200,"height":200},"ef_burst_aura_sumi 2/ef_burst_aura_sumi 2_00007":{"y":36.13,"width":200,"height":200},"ef_burst_aura_sumi 2/ef_burst_aura_sumi 2_00008":{"y":36.13,"width":200,"height":200}},"ef_burst_aura_sumi_b_a2":{"ef_burst_aura_sumi 2/ef_burst_aura_sumi 2_00001":{"y":36.13,"width":200,"height":200},"ef_burst_aura_sumi 2/ef_burst_aura_sumi 2_00003":{"y":36.13,"width":200,"height":200},"ef_burst_aura_sumi 2/ef_burst_aura_sumi 2_00004":{"y":36.13,"width":200,"height":200},"ef_burst_aura_sumi 2/ef_burst_aura_sumi 2_00005":{"y":36.13,"width":200,"height":200},"ef_burst_aura_sumi 2/ef_burst_aura_sumi 2_00007":{"y":36.13,"width":200,"height":200},"ef_burst_aura_sumi 2/ef_burst_aura_sumi 2_00008":{"y":36.13,"width":200,"height":200}},"ef_burst_aura_sumi_b_n":{"ef_burst_aura_sumi 2/ef_burst_aura_sumi 2_00001":{"y":36.13,"width":200,"height":200},"ef_burst_aura_sumi 2/ef_burst_aura_sumi 2_00003":{"y":36.13,"width":200,"height":200},"ef_burst_aura_sumi 2/ef_burst_aura_sumi 2_00004":{"y":36.13,"width":200,"height":200},"ef_burst_aura_sumi 2/ef_burst_aura_sumi 2_00005":{"y":36.13,"width":200,"height":200},"ef_burst_aura_sumi 2/ef_burst_aura_sumi 2_00007":{"y":36.13,"width":200,"height":200},"ef_burst_aura_sumi 2/ef_burst_aura_sumi 2_00008":{"y":36.13,"width":200,"height":200}},"ef_burst_aura_sumi_b_n2":{"ef_burst_aura_sumi 2/ef_burst_aura_sumi 2_00001":{"y":36.13,"width":200,"height":200},"ef_burst_aura_sumi 2/ef_burst_aura_sumi 2_00003":{"y":36.13,"width":200,"height":200},"ef_burst_aura_sumi 2/ef_burst_aura_sumi 2_00004":{"y":36.13,"width":200,"height":200},"ef_burst_aura_sumi 2/ef_burst_aura_sumi 2_00005":{"y":36.13,"width":200,"height":200},"ef_burst_aura_sumi 2/ef_burst_aura_sumi 2_00007":{"y":36.13,"width":200,"height":200},"ef_burst_aura_sumi 2/ef_burst_aura_sumi 2_00008":{"y":36.13,"width":200,"height":200}},"ef_burst_aura_sumi_n":{"ef_burst_aura_sumi/ef_burst_aura_sumi_00001":{"y":23.72,"scaleX":2,"scaleY":2,"width":150,"height":150},"ef_burst_aura_sumi/ef_burst_aura_sumi_00003":{"y":23.72,"scaleX":2,"scaleY":2,"width":150,"height":150},"ef_burst_aura_sumi/ef_burst_aura_sumi_00004":{"y":23.72,"scaleX":2,"scaleY":2,"width":150,"height":150},"ef_burst_aura_sumi/ef_burst_aura_sumi_00005":{"y":23.72,"scaleX":2,"scaleY":2,"width":150,"height":150},"ef_burst_aura_sumi/ef_burst_aura_sumi_00007":{"y":23.72,"scaleX":2,"scaleY":2,"width":150,"height":150},"ef_burst_aura_sumi/ef_burst_aura_sumi_00008":{"y":23.72,"scaleX":2,"scaleY":2,"width":150,"height":150}},"ef_fire_wave_sumi_a":{"ef_fire_wave_sumi/ef_fire_wave_sumi_00002":{"x":197.11,"scaleX":2,"scaleY":2,"width":300,"height":300},"ef_fire_wave_sumi/ef_fire_wave_sumi_00004":{"x":197.11,"scaleX":2,"scaleY":2,"width":300,"height":300},"ef_fire_wave_sumi/ef_fire_wave_sumi_00005":{"x":197.11,"scaleX":2,"scaleY":2,"width":300,"height":300},"ef_fire_wave_sumi/ef_fire_wave_sumi_00006":{"x":197.11,"scaleX":2,"scaleY":2,"width":300,"height":300},"ef_fire_wave_sumi/ef_fire_wave_sumi_00008":{"x":197.11,"scaleX":2,"scaleY":2,"width":300,"height":300},"ef_fire_wave_sumi/ef_fire_wave_sumi_00011":{"x":197.11,"scaleX":2,"scaleY":2,"width":300,"height":300}},"ef_fire_wave_sumi_n":{"ef_fire_wave_sumi/ef_fire_wave_sumi_00002":{"x":197.11,"scaleX":2,"scaleY":2,"width":300,"height":300},"ef_fire_wave_sumi/ef_fire_wave_sumi_00004":{"x":197.11,"scaleX":2,"scaleY":2,"width":300,"height":300},"ef_fire_wave_sumi/ef_fire_wave_sumi_00005":{"x":197.11,"scaleX":2,"scaleY":2,"width":300,"height":300},"ef_fire_wave_sumi/ef_fire_wave_sumi_00006":{"x":197.11,"scaleX":2,"scaleY":2,"width":300,"height":300},"ef_fire_wave_sumi/ef_fire_wave_sumi_00008":{"x":197.11,"scaleX":2,"scaleY":2,"width":300,"height":300},"ef_fire_wave_sumi/ef_fire_wave_sumi_00011":{"x":197.11,"scaleX":2,"scaleY":2,"width":300,"height":300}},"ef_line_arrow_sumi_a":{"ef_line_arrow_sumi/ef_line_arrow_sumi_00004":{"rotation":90,"width":100,"height":500}},"ef_line_arrow_sumi_a4":{"ef_line_arrow_sumi/ef_line_arrow_sumi_00004":{"rotation":90,"width":100,"height":500}},"ef_line_arrow_sumi_n":{"ef_line_arrow_sumi/ef_line_arrow_sumi_00004":{"rotation":90,"width":100,"height":500}},"ef_line_arrow_sumi_n4":{"ef_line_arrow_sumi/ef_line_arrow_sumi_00004":{"rotation":90,"width":100,"height":500}},"ef_shock_wave_sumi_a":{"ef_shock_wave_sumi/ef_shock_wave_sumi_00001":{"width":225,"height":225},"ef_shock_wave_sumi/ef_shock_wave_sumi_00002":{"width":225,"height":225},"ef_shock_wave_sumi/ef_shock_wave_sumi_00003":{"width":225,"height":225},"ef_shock_wave_sumi/ef_shock_wave_sumi_00004":{"width":225,"height":225},"ef_shock_wave_sumi/ef_shock_wave_sumi_00005":{"width":225,"height":225},"ef_shock_wave_sumi/ef_shock_wave_sumi_00006":{"width":225,"height":225},"ef_shock_wave_sumi/ef_shock_wave_sumi_00007":{"width":225,"height":225},"ef_shock_wave_sumi/ef_shock_wave_sumi_00008":{"width":225,"height":225}},"ef_shock_wave_sumi_n":{"ef_shock_wave_sumi/ef_shock_wave_sumi_00001":{"width":225,"height":225},"ef_shock_wave_sumi/ef_shock_wave_sumi_00002":{"width":225,"height":225},"ef_shock_wave_sumi/ef_shock_wave_sumi_00003":{"width":225,"height":225},"ef_shock_wave_sumi/ef_shock_wave_sumi_00004":{"width":225,"height":225},"ef_shock_wave_sumi/ef_shock_wave_sumi_00005":{"width":225,"height":225},"ef_shock_wave_sumi/ef_shock_wave_sumi_00006":{"width":225,"height":225},"ef_shock_wave_sumi/ef_shock_wave_sumi_00007":{"width":225,"height":225},"ef_shock_wave_sumi/ef_shock_wave_sumi_00008":{"width":225,"height":225}},"ef_slash_bolt_sumi_a":{"ef_slash_bolt_sumi/ef_slash_bolt_sumi_00002":{"width":750,"height":300},"ef_slash_bolt_sumi/ef_slash_bolt_sumi_00003":{"width":750,"height":300},"ef_slash_bolt_sumi/ef_slash_bolt_sumi_00005":{"width":750,"height":300},"ef_slash_bolt_sumi/ef_slash_bolt_sumi_00007":{"width":750,"height":300},"ef_slash_bolt_sumi/ef_slash_bolt_sumi_00011":{"width":750,"height":300}},"ef_slash_bolt_sumi_n":{"ef_slash_bolt_sumi/ef_slash_bolt_sumi_00002":{"width":750,"height":300},"ef_slash_bolt_sumi/ef_slash_bolt_sumi_00003":{"width":750,"height":300},"ef_slash_bolt_sumi/ef_slash_bolt_sumi_00005":{"width":750,"height":300},"ef_slash_bolt_sumi/ef_slash_bolt_sumi_00007":{"width":750,"height":300},"ef_slash_bolt_sumi/ef_slash_bolt_sumi_00011":{"width":750,"height":300}},"ef_slash_sprash_sumi_a2":{"ef_slash_sprash_sumi/ef_slash_sprash_sumi_00001":{"x":10.77,"y":66.8,"width":200,"height":200},"ef_slash_sprash_sumi/ef_slash_sprash_sumi_00002":{"x":10.77,"y":66.8,"width":200,"height":200},"ef_slash_sprash_sumi/ef_slash_sprash_sumi_00003":{"x":10.77,"y":66.8,"width":200,"height":200},"ef_slash_sprash_sumi/ef_slash_sprash_sumi_00005":{"x":10.77,"y":66.8,"width":200,"height":200},"ef_slash_sprash_sumi/ef_slash_sprash_sumi_00006":{"x":10.77,"y":66.8,"width":200,"height":200},"ef_slash_sprash_sumi/ef_slash_sprash_sumi_00007":{"x":10.77,"y":66.8,"width":200,"height":200},"ef_slash_sprash_sumi/ef_slash_sprash_sumi_00008":{"x":10.77,"y":66.8,"width":200,"height":200},"ef_slash_sprash_sumi/ef_slash_sprash_sumi_00010":{"x":10.77,"y":66.8,"width":200,"height":200},"ef_slash_sprash_sumi/ef_slash_sprash_sumi_00011":{"x":10.77,"y":66.8,"width":200,"height":200},"ef_slash_sprash_sumi/ef_slash_sprash_sumi_00012":{"x":10.77,"y":66.8,"width":200,"height":200},"ef_slash_sprash_sumi/ef_slash_sprash_sumi_00014":{"x":10.77,"y":66.8,"width":200,"height":200},"ef_slash_sprash_sumi/ef_slash_sprash_sumi_00015":{"x":10.77,"y":66.8,"width":200,"height":200}},"ef_slash_sprash_sumi_a3":{"ef_slash_sprash_sumi/ef_slash_sprash_sumi_00001":{"x":10.77,"y":66.8,"width":200,"height":200},"ef_slash_sprash_sumi/ef_slash_sprash_sumi_00002":{"x":10.77,"y":66.8,"width":200,"height":200},"ef_slash_sprash_sumi/ef_slash_sprash_sumi_00003":{"x":10.77,"y":66.8,"width":200,"height":200},"ef_slash_sprash_sumi/ef_slash_sprash_sumi_00005":{"x":10.77,"y":66.8,"width":200,"height":200},"ef_slash_sprash_sumi/ef_slash_sprash_sumi_00006":{"x":10.77,"y":66.8,"width":200,"height":200},"ef_slash_sprash_sumi/ef_slash_sprash_sumi_00007":{"x":10.77,"y":66.8,"width":200,"height":200},"ef_slash_sprash_sumi/ef_slash_sprash_sumi_00008":{"x":10.77,"y":66.8,"width":200,"height":200},"ef_slash_sprash_sumi/ef_slash_sprash_sumi_00010":{"x":10.77,"y":66.8,"width":200,"height":200},"ef_slash_sprash_sumi/ef_slash_sprash_sumi_00011":{"x":10.77,"y":66.8,"width":200,"height":200},"ef_slash_sprash_sumi/ef_slash_sprash_sumi_00012":{"x":10.77,"y":66.8,"width":200,"height":200},"ef_slash_sprash_sumi/ef_slash_sprash_sumi_00014":{"x":10.77,"y":66.8,"width":200,"height":200}},"ef_slash_sprash_sumi_n2":{"ef_slash_sprash_sumi/ef_slash_sprash_sumi_00001":{"x":10.77,"y":66.8,"width":200,"height":200},"ef_slash_sprash_sumi/ef_slash_sprash_sumi_00002":{"x":10.77,"y":66.8,"width":200,"height":200},"ef_slash_sprash_sumi/ef_slash_sprash_sumi_00003":{"x":10.77,"y":66.8,"width":200,"height":200},"ef_slash_sprash_sumi/ef_slash_sprash_sumi_00005":{"x":10.77,"y":66.8,"width":200,"height":200},"ef_slash_sprash_sumi/ef_slash_sprash_sumi_00006":{"x":10.77,"y":66.8,"width":200,"height":200},"ef_slash_sprash_sumi/ef_slash_sprash_sumi_00007":{"x":10.77,"y":66.8,"width":200,"height":200},"ef_slash_sprash_sumi/ef_slash_sprash_sumi_00008":{"x":10.77,"y":66.8,"width":200,"height":200},"ef_slash_sprash_sumi/ef_slash_sprash_sumi_00010":{"x":10.77,"y":66.8,"width":200,"height":200},"ef_slash_sprash_sumi/ef_slash_sprash_sumi_00011":{"x":10.77,"y":66.8,"width":200,"height":200},"ef_slash_sprash_sumi/ef_slash_sprash_sumi_00012":{"x":10.77,"y":66.8,"width":200,"height":200},"ef_slash_sprash_sumi/ef_slash_sprash_sumi_00014":{"x":10.77,"y":66.8,"width":200,"height":200}},"ef_slash_sprash_sumi_n3":{"ef_slash_sprash_sumi/ef_slash_sprash_sumi_00001":{"x":10.77,"y":66.8,"width":200,"height":200},"ef_slash_sprash_sumi/ef_slash_sprash_sumi_00002":{"x":10.77,"y":66.8,"width":200,"height":200},"ef_slash_sprash_sumi/ef_slash_sprash_sumi_00003":{"x":10.77,"y":66.8,"width":200,"height":200},"ef_slash_sprash_sumi/ef_slash_sprash_sumi_00005":{"x":10.77,"y":66.8,"width":200,"height":200},"ef_slash_sprash_sumi/ef_slash_sprash_sumi_00006":{"x":10.77,"y":66.8,"width":200,"height":200},"ef_slash_sprash_sumi/ef_slash_sprash_sumi_00007":{"x":10.77,"y":66.8,"width":200,"height":200},"ef_slash_sprash_sumi/ef_slash_sprash_sumi_00008":{"x":10.77,"y":66.8,"width":200,"height":200},"ef_slash_sprash_sumi/ef_slash_sprash_sumi_00010":{"x":10.77,"y":66.8,"width":200,"height":200},"ef_slash_sprash_sumi/ef_slash_sprash_sumi_00011":{"x":10.77,"y":66.8,"width":200,"height":200},"ef_slash_sprash_sumi/ef_slash_sprash_sumi_00012":{"x":10.77,"y":66.8,"width":200,"height":200},"ef_slash_sprash_sumi/ef_slash_sprash_sumi_00014":{"x":10.77,"y":66.8,"width":200,"height":200}},"ef_sprash_sumi_a":{"ef_sprash_sumi/ef_sprash_sumi_00001":{"y":140.92,"scaleX":2,"scaleY":2,"width":200,"height":200},"ef_sprash_sumi/ef_sprash_sumi_00002":{"y":140.92,"scaleX":2,"scaleY":2,"width":200,"height":200},"ef_sprash_sumi/ef_sprash_sumi_00003":{"y":140.92,"scaleX":2,"scaleY":2,"width":200,"height":200},"ef_sprash_sumi/ef_sprash_sumi_00005":{"y":140.92,"scaleX":2,"scaleY":2,"width":200,"height":200},"ef_sprash_sumi/ef_sprash_sumi_00006":{"y":140.92,"scaleX":2,"scaleY":2,"width":200,"height":200},"ef_sprash_sumi/ef_sprash_sumi_00007":{"y":140.92,"scaleX":2,"scaleY":2,"width":200,"height":200},"ef_sprash_sumi/ef_sprash_sumi_00008":{"y":140.92,"scaleX":2,"scaleY":2,"width":200,"height":200},"ef_sprash_sumi/ef_sprash_sumi_00010":{"y":140.92,"scaleX":2,"scaleY":2,"width":200,"height":200},"ef_sprash_sumi/ef_sprash_sumi_00011":{"y":140.92,"scaleX":2,"scaleY":2,"width":200,"height":200},"ef_sprash_sumi/ef_sprash_sumi_00012":{"y":140.92,"scaleX":2,"scaleY":2,"width":200,"height":200}},"ef_sprash_sumi_a2":{"ef_sprash_sumi/ef_sprash_sumi_00001":{"y":140.92,"scaleX":2,"scaleY":2,"width":200,"height":200},"ef_sprash_sumi/ef_sprash_sumi_00002":{"y":140.92,"scaleX":2,"scaleY":2,"width":200,"height":200},"ef_sprash_sumi/ef_sprash_sumi_00003":{"y":140.92,"scaleX":2,"scaleY":2,"width":200,"height":200},"ef_sprash_sumi/ef_sprash_sumi_00005":{"y":140.92,"scaleX":2,"scaleY":2,"width":200,"height":200},"ef_sprash_sumi/ef_sprash_sumi_00006":{"y":140.92,"scaleX":2,"scaleY":2,"width":200,"height":200},"ef_sprash_sumi/ef_sprash_sumi_00007":{"y":140.92,"scaleX":2,"scaleY":2,"width":200,"height":200},"ef_sprash_sumi/ef_sprash_sumi_00008":{"y":140.92,"scaleX":2,"scaleY":2,"width":200,"height":200},"ef_sprash_sumi/ef_sprash_sumi_00010":{"y":140.92,"scaleX":2,"scaleY":2,"width":200,"height":200},"ef_sprash_sumi/ef_sprash_sumi_00011":{"y":140.92,"scaleX":2,"scaleY":2,"width":200,"height":200},"ef_sprash_sumi/ef_sprash_sumi_00012":{"y":140.92,"scaleX":2,"scaleY":2,"width":200,"height":200}},"ef_sprash_sumi_n":{"ef_sprash_sumi/ef_sprash_sumi_00001":{"y":140.92,"scaleX":2,"scaleY":2,"width":200,"height":200},"ef_sprash_sumi/ef_sprash_sumi_00002":{"y":140.92,"scaleX":2,"scaleY":2,"width":200,"height":200},"ef_sprash_sumi/ef_sprash_sumi_00003":{"y":140.92,"scaleX":2,"scaleY":2,"width":200,"height":200},"ef_sprash_sumi/ef_sprash_sumi_00005":{"y":140.92,"scaleX":2,"scaleY":2,"width":200,"height":200},"ef_sprash_sumi/ef_sprash_sumi_00006":{"y":140.92,"scaleX":2,"scaleY":2,"width":200,"height":200},"ef_sprash_sumi/ef_sprash_sumi_00007":{"y":140.92,"scaleX":2,"scaleY":2,"width":200,"height":200},"ef_sprash_sumi/ef_sprash_sumi_00008":{"y":140.92,"scaleX":2,"scaleY":2,"width":200,"height":200},"ef_sprash_sumi/ef_sprash_sumi_00010":{"y":140.92,"scaleX":2,"scaleY":2,"width":200,"height":200},"ef_sprash_sumi/ef_sprash_sumi_00011":{"y":140.92,"scaleX":2,"scaleY":2,"width":200,"height":200},"ef_sprash_sumi/ef_sprash_sumi_00012":{"y":140.92,"scaleX":2,"scaleY":2,"width":200,"height":200}},"ef_sprash_sumi_n2":{"ef_sprash_sumi/ef_sprash_sumi_00001":{"y":140.92,"scaleX":2,"scaleY":2,"width":200,"height":200},"ef_sprash_sumi/ef_sprash_sumi_00002":{"y":140.92,"scaleX":2,"scaleY":2,"width":200,"height":200},"ef_sprash_sumi/ef_sprash_sumi_00003":{"y":140.92,"scaleX":2,"scaleY":2,"width":200,"height":200},"ef_sprash_sumi/ef_sprash_sumi_00005":{"y":140.92,"scaleX":2,"scaleY":2,"width":200,"height":200},"ef_sprash_sumi/ef_sprash_sumi_00006":{"y":140.92,"scaleX":2,"scaleY":2,"width":200,"height":200},"ef_sprash_sumi/ef_sprash_sumi_00007":{"y":140.92,"scaleX":2,"scaleY":2,"width":200,"height":200},"ef_sprash_sumi/ef_sprash_sumi_00008":{"y":140.92,"scaleX":2,"scaleY":2,"width":200,"height":200},"ef_sprash_sumi/ef_sprash_sumi_00010":{"y":140.92,"scaleX":2,"scaleY":2,"width":200,"height":200},"ef_sprash_sumi/ef_sprash_sumi_00011":{"y":140.92,"scaleX":2,"scaleY":2,"width":200,"height":200},"ef_sprash_sumi/ef_sprash_sumi_00012":{"y":140.92,"scaleX":2,"scaleY":2,"width":200,"height":200}}}},"events":{"Event":{},"Event2":{},"Hit":{},"Sound1":{},"Sound2":{},"Sound3":{},"Voice":{}},"animations":{"attack1":{"slots":{"DAMAGEAREA":{"attachment":[{"time":0.2,"name":"DAMAGEAREA"},{"time":1.3666,"name":null}]},"ef_burst_aura_sumi_a":{"attachment":[{"time":0.2,"name":"ef_burst_aura_sumi/ef_burst_aura_sumi_00001"},{"time":0.2666,"name":"ef_burst_aura_sumi/ef_burst_aura_sumi_00003"},{"time":0.3,"name":"ef_burst_aura_sumi/ef_burst_aura_sumi_00004"},{"time":0.3333,"name":"ef_burst_aura_sumi/ef_burst_aura_sumi_00005"},{"time":0.4,"name":"ef_burst_aura_sumi/ef_burst_aura_sumi_00007"},{"time":0.4666,"name":"ef_burst_aura_sumi/ef_burst_aura_sumi_00008"},{"time":0.6,"name":null}],"color":[{"time":0.2,"color":"ffffffff","curve":"stepped"},{"time":0.4666,"color":"ffffffff"},{"time":0.6,"color":"ffffff00"}]},"ef_burst_aura_sumi_b_a":{"attachment":[{"time":0.2,"name":"ef_burst_aura_sumi 2/ef_burst_aura_sumi 2_00001"},{"time":0.2333,"name":"ef_burst_aura_sumi 2/ef_burst_aura_sumi 2_00002"},{"time":0.2666,"name":"ef_burst_aura_sumi 2/ef_burst_aura_sumi 2_00003"},{"time":0.3,"name":"ef_burst_aura_sumi 2/ef_burst_aura_sumi 2_00004"},{"time":0.3333,"name":"ef_burst_aura_sumi 2/ef_burst_aura_sumi 2_00005"},{"time":0.4,"name":"ef_burst_aura_sumi 2/ef_burst_aura_sumi 2_00007"},{"time":0.4333,"name":"ef_burst_aura_sumi 2/ef_burst_aura_sumi 2_00008"},{"time":0.4666,"name":null},{"time":0.5,"name":"ef_burst_aura_sumi 2/ef_burst_aura_sumi 2_00001"},{"time":0.5333,"name":"ef_burst_aura_sumi 2/ef_burst_aura_sumi 2_00002"},{"time":0.5666,"name":"ef_burst_aura_sumi 2/ef_burst_aura_sumi 2_00003"},{"time":0.6,"name":"ef_burst_aura_sumi 2/ef_burst_aura_sumi 2_00004"},{"time":0.6333,"name":"ef_burst_aura_sumi 2/ef_burst_aura_sumi 2_00005"},{"time":0.7,"name":"ef_burst_aura_sumi 2/ef_burst_aura_sumi 2_00007"},{"time":0.7333,"name":"ef_burst_aura_sumi 2/ef_burst_aura_sumi 2_00008"},{"time":0.7666,"name":null},{"time":0.8,"name":"ef_burst_aura_sumi 2/ef_burst_aura_sumi 2_00001"},{"time":0.8333,"name":"ef_burst_aura_sumi 2/ef_burst_aura_sumi 2_00002"},{"time":0.8666,"name":"ef_burst_aura_sumi 2/ef_burst_aura_sumi 2_00003"},{"time":0.9,"name":"ef_burst_aura_sumi 2/ef_burst_aura_sumi 2_00004"},{"time":0.9333,"name":"ef_burst_aura_sumi 2/ef_burst_aura_sumi 2_00005"},{"time":1,"name":"ef_burst_aura_sumi 2/ef_burst_aura_sumi 2_00007"},{"time":1.0333,"name":"ef_burst_aura_sumi 2/ef_burst_aura_sumi 2_00008"},{"time":1.0666,"name":null},{"time":1.1,"name":"ef_burst_aura_sumi 2/ef_burst_aura_sumi 2_00001"},{"time":1.1333,"name":"ef_burst_aura_sumi 2/ef_burst_aura_sumi 2_00002"},{"time":1.1666,"name":"ef_burst_aura_sumi 2/ef_burst_aura_sumi 2_00003"},{"time":1.2,"name":"ef_burst_aura_sumi 2/ef_burst_aura_sumi 2_00004"},{"time":1.2333,"name":"ef_burst_aura_sumi 2/ef_burst_aura_sumi 2_00005"},{"time":1.3,"name":"ef_burst_aura_sumi 2/ef_burst_aura_sumi 2_00007"},{"time":1.3333,"name":"ef_burst_aura_sumi 2/ef_burst_aura_sumi 2_00008"},{"time":1.3666,"name":null}]},"ef_burst_aura_sumi_b_a2":{"attachment":[{"time":0.1333,"name":"ef_burst_aura_sumi 2/ef_burst_aura_sumi 2_00008"},{"time":0.1666,"name":null},{"time":0.2666,"name":"ef_burst_aura_sumi 2/ef_burst_aura_sumi 2_00001"},{"time":0.3333,"name":"ef_burst_aura_sumi 2/ef_burst_aura_sumi 2_00003"},{"time":0.3666,"name":"ef_burst_aura_sumi 2/ef_burst_aura_sumi 2_00004"},{"time":0.4,"name":"ef_burst_aura_sumi 2/ef_burst_aura_sumi 2_00005"},{"time":0.4666,"name":"ef_burst_aura_sumi 2/ef_burst_aura_sumi 2_00007"},{"time":0.5,"name":"ef_burst_aura_sumi 2/ef_burst_aura_sumi 2_00008"},{"time":0.5333,"name":null},{"time":0.5666,"name":"ef_burst_aura_sumi 2/ef_burst_aura_sumi 2_00001"},{"time":0.6333,"name":"ef_burst_aura_sumi 2/ef_burst_aura_sumi 2_00003"},{"time":0.6666,"name":"ef_burst_aura_sumi 2/ef_burst_aura_sumi 2_00004"},{"time":0.7,"name":"ef_burst_aura_sumi 2/ef_burst_aura_sumi 2_00005"},{"time":0.7666,"name":"ef_burst_aura_sumi 2/ef_burst_aura_sumi 2_00007"},{"time":0.8,"name":"ef_burst_aura_sumi 2/ef_burst_aura_sumi 2_00008"},{"time":0.8333,"name":null},{"time":0.8666,"name":"ef_burst_aura_sumi 2/ef_burst_aura_sumi 2_00001"},{"time":0.9333,"name":"ef_burst_aura_sumi 2/ef_burst_aura_sumi 2_00003"},{"time":0.9666,"name":"ef_burst_aura_sumi 2/ef_burst_aura_sumi 2_00004"},{"time":1,"name":"ef_burst_aura_sumi 2/ef_burst_aura_sumi 2_00005"},{"time":1.0666,"name":"ef_burst_aura_sumi 2/ef_burst_aura_sumi 2_00007"},{"time":1.1,"name":"ef_burst_aura_sumi 2/ef_burst_aura_sumi 2_00008"},{"time":1.1333,"name":null}]},"ef_burst_aura_sumi_b_n":{"attachment":[{"time":0.2,"name":"ef_burst_aura_sumi 2/ef_burst_aura_sumi 2_00001"},{"time":0.2666,"name":"ef_burst_aura_sumi 2/ef_burst_aura_sumi 2_00003"},{"time":0.3,"name":"ef_burst_aura_sumi 2/ef_burst_aura_sumi 2_00004"},{"time":0.3333,"name":"ef_burst_aura_sumi 2/ef_burst_aura_sumi 2_00005"},{"time":0.4,"name":"ef_burst_aura_sumi 2/ef_burst_aura_sumi 2_00007"},{"time":0.4333,"name":"ef_burst_aura_sumi 2/ef_burst_aura_sumi 2_00008"},{"time":0.4666,"name":null},{"time":0.5,"name":"ef_burst_aura_sumi 2/ef_burst_aura_sumi 2_00001"},{"time":0.5666,"name":"ef_burst_aura_sumi 2/ef_burst_aura_sumi 2_00003"},{"time":0.6,"name":"ef_burst_aura_sumi 2/ef_burst_aura_sumi 2_00004"},{"time":0.6333,"name":"ef_burst_aura_sumi 2/ef_burst_aura_sumi 2_00005"},{"time":0.7,"name":"ef_burst_aura_sumi 2/ef_burst_aura_sumi 2_00007"},{"time":0.7333,"name":"ef_burst_aura_sumi 2/ef_burst_aura_sumi 2_00008"},{"time":0.7666,"name":null},{"time":0.8,"name":"ef_burst_aura_sumi 2/ef_burst_aura_sumi 2_00001"},{"time":0.8666,"name":"ef_burst_aura_sumi 2/ef_burst_aura_sumi 2_00003"},{"time":0.9,"name":"ef_burst_aura_sumi 2/ef_burst_aura_sumi 2_00004"},{"time":0.9333,"name":"ef_burst_aura_sumi 2/ef_burst_aura_sumi 2_00005"},{"time":1,"name":"ef_burst_aura_sumi 2/ef_burst_aura_sumi 2_00007"},{"time":1.0333,"name":"ef_burst_aura_sumi 2/ef_burst_aura_sumi 2_00008"},{"time":1.0666,"name":null},{"time":1.1,"name":"ef_burst_aura_sumi 2/ef_burst_aura_sumi 2_00001"},{"time":1.1666,"name":"ef_burst_aura_sumi 2/ef_burst_aura_sumi 2_00003"},{"time":1.2,"name":"ef_burst_aura_sumi 2/ef_burst_aura_sumi 2_00004"},{"time":1.2333,"name":"ef_burst_aura_sumi 2/ef_burst_aura_sumi 2_00005"},{"time":1.3,"name":"ef_burst_aura_sumi 2/ef_burst_aura_sumi 2_00007"},{"time":1.3333,"name":"ef_burst_aura_sumi 2/ef_burst_aura_sumi 2_00008"},{"time":1.3666,"name":null}]},"ef_burst_aura_sumi_b_n2":{"attachment":[{"time":0.1333,"name":"ef_burst_aura_sumi 2/ef_burst_aura_sumi 2_00008"},{"time":0.1666,"name":null},{"time":0.2666,"name":"ef_burst_aura_sumi 2/ef_burst_aura_sumi 2_00001"},{"time":0.3333,"name":"ef_burst_aura_sumi 2/ef_burst_aura_sumi 2_00003"},{"time":0.3666,"name":"ef_burst_aura_sumi 2/ef_burst_aura_sumi 2_00004"},{"time":0.4,"name":"ef_burst_aura_sumi 2/ef_burst_aura_sumi 2_00005"},{"time":0.4666,"name":"ef_burst_aura_sumi 2/ef_burst_aura_sumi 2_00007"},{"time":0.5,"name":"ef_burst_aura_sumi 2/ef_burst_aura_sumi 2_00008"},{"time":0.5333,"name":null},{"time":0.5666,"name":"ef_burst_aura_sumi 2/ef_burst_aura_sumi 2_00001"},{"time":0.6333,"name":"ef_burst_aura_sumi 2/ef_burst_aura_sumi 2_00003"},{"time":0.6666,"name":"ef_burst_aura_sumi 2/ef_burst_aura_sumi 2_00004"},{"time":0.7,"name":"ef_burst_aura_sumi 2/ef_burst_aura_sumi 2_00005"},{"time":0.7666,"name":"ef_burst_aura_sumi 2/ef_burst_aura_sumi 2_00007"},{"time":0.8,"name":"ef_burst_aura_sumi 2/ef_burst_aura_sumi 2_00008"},{"time":0.8333,"name":null},{"time":0.8666,"name":"ef_burst_aura_sumi 2/ef_burst_aura_sumi 2_00001"},{"time":0.9333,"name":"ef_burst_aura_sumi 2/ef_burst_aura_sumi 2_00003"},{"time":0.9666,"name":"ef_burst_aura_sumi 2/ef_burst_aura_sumi 2_00004"},{"time":1,"name":"ef_burst_aura_sumi 2/ef_burst_aura_sumi 2_00005"},{"time":1.0666,"name":"ef_burst_aura_sumi 2/ef_burst_aura_sumi 2_00007"},{"time":1.1,"name":"ef_burst_aura_sumi 2/ef_burst_aura_sumi 2_00008"},{"time":1.1333,"name":null}]},"ef_burst_aura_sumi_n":{"attachment":[{"time":0.2,"name":"ef_burst_aura_sumi/ef_burst_aura_sumi_00001"},{"time":0.2666,"name":"ef_burst_aura_sumi/ef_burst_aura_sumi_00003"},{"time":0.3,"name":"ef_burst_aura_sumi/ef_burst_aura_sumi_00004"},{"time":0.3333,"name":"ef_burst_aura_sumi/ef_burst_aura_sumi_00005"},{"time":0.4,"name":"ef_burst_aura_sumi/ef_burst_aura_sumi_00007"},{"time":0.4666,"name":"ef_burst_aura_sumi/ef_burst_aura_sumi_00008"},{"time":0.6,"name":null}],"color":[{"time":0.2,"color":"ffffffff","curve":"stepped"},{"time":0.4666,"color":"ffffffff"},{"time":0.6,"color":"ffffff00"}]},"ef_fire_wave_sumi_a":{"attachment":[{"time":0.2,"name":"ef_fire_wave_sumi/ef_fire_wave_sumi_00004"},{"time":0.2666,"name":"ef_fire_wave_sumi/ef_fire_wave_sumi_00005"},{"time":0.3,"name":"ef_fire_wave_sumi/ef_fire_wave_sumi_00006"},{"time":0.3666,"name":"ef_fire_wave_sumi/ef_fire_wave_sumi_00008"},{"time":0.4666,"name":"ef_fire_wave_sumi/ef_fire_wave_sumi_00011"},{"time":0.5333,"name":null}],"color":[{"time":0.2,"color":"ffffff32","curve":[0.25,0,0.827,0.31]},{"time":0.3666,"color":"ffffffff"}]},"ef_fire_wave_sumi_n":{"attachment":[{"time":0.2,"name":"ef_fire_wave_sumi/ef_fire_wave_sumi_00004"},{"time":0.2666,"name":"ef_fire_wave_sumi/ef_fire_wave_sumi_00005"},{"time":0.3,"name":"ef_fire_wave_sumi/ef_fire_wave_sumi_00006"},{"time":0.3666,"name":"ef_fire_wave_sumi/ef_fire_wave_sumi_00008"},{"time":0.4666,"name":"ef_fire_wave_sumi/ef_fire_wave_sumi_00011"},{"time":0.5333,"name":null}],"color":[{"time":0.2,"color":"ffffff5b","curve":[0.079,0.8,0.325,0.75]},{"time":0.3666,"color":"ffffffff"}]},"ef_line_arrow_sumi_a":{"attachment":[{"time":0.2,"name":"ef_line_arrow_sumi/ef_line_arrow_sumi_00004"},{"time":0.5,"name":null},{"time":0.9666,"name":"ef_line_arrow_sumi/ef_line_arrow_sumi_00004"},{"time":1.2333,"name":null}],"color":[{"time":0.2,"color":"ffffffff","curve":"stepped"},{"time":0.3333,"color":"ffffffff"},{"time":0.5,"color":"ffffff00","curve":"stepped"},{"time":0.9666,"color":"ffffffff"},{"time":1.2333,"color":"ffffff00"}]},"ef_line_arrow_sumi_a4":{"attachment":[{"time":0.2,"name":"ef_line_arrow_sumi/ef_line_arrow_sumi_00004"},{"time":0.3333,"name":null},{"time":0.4333,"name":"ef_line_arrow_sumi/ef_line_arrow_sumi_00004"},{"time":0.5,"name":null},{"time":0.5666,"name":"ef_line_arrow_sumi/ef_line_arrow_sumi_00004"},{"time":0.6333,"name":null},{"time":0.6666,"name":"ef_line_arrow_sumi/ef_line_arrow_sumi_00004"},{"time":0.7333,"name":null},{"time":0.7666,"name":"ef_line_arrow_sumi/ef_line_arrow_sumi_00004"},{"time":0.8333,"name":null}]},"ef_line_arrow_sumi_n":{"attachment":[{"time":0.2,"name":"ef_line_arrow_sumi/ef_line_arrow_sumi_00004"},{"time":0.5,"name":null},{"time":0.9666,"name":"ef_line_arrow_sumi/ef_line_arrow_sumi_00004"},{"time":1.2333,"name":null}],"color":[{"time":0.2,"color":"ffffffff","curve":"stepped"},{"time":0.3333,"color":"ffffffff"},{"time":0.5,"color":"ffffff00","curve":"stepped"},{"time":0.9666,"color":"ffffffff"},{"time":1.2333,"color":"ffffff00"}]},"ef_shock_wave_sumi_a":{"attachment":[{"time":0.2,"name":"ef_shock_wave_sumi/ef_shock_wave_sumi_00001"},{"time":0.2333,"name":"ef_shock_wave_sumi/ef_shock_wave_sumi_00002"},{"time":0.2666,"name":"ef_shock_wave_sumi/ef_shock_wave_sumi_00003"},{"time":0.3,"name":"ef_shock_wave_sumi/ef_shock_wave_sumi_00004"},{"time":0.3333,"name":"ef_shock_wave_sumi/ef_shock_wave_sumi_00005"},{"time":0.3666,"name":"ef_shock_wave_sumi/ef_shock_wave_sumi_00006"},{"time":0.4,"name":"ef_shock_wave_sumi/ef_shock_wave_sumi_00007"},{"time":0.4333,"name":"ef_shock_wave_sumi/ef_shock_wave_sumi_00008"},{"time":0.5333,"name":null}],"color":[{"time":0.2,"color":"ffffffff","curve":"stepped"},{"time":0.4333,"color":"ffffffff"},{"time":0.5333,"color":"ffffff00"}]},"ef_shock_wave_sumi_n":{"attachment":[{"time":0.2,"name":"ef_shock_wave_sumi/ef_shock_wave_sumi_00001"},{"time":0.2333,"name":"ef_shock_wave_sumi/ef_shock_wave_sumi_00002"},{"time":0.2666,"name":"ef_shock_wave_sumi/ef_shock_wave_sumi_00003"},{"time":0.3,"name":"ef_shock_wave_sumi/ef_shock_wave_sumi_00004"},{"time":0.3333,"name":"ef_shock_wave_sumi/ef_shock_wave_sumi_00005"},{"time":0.3666,"name":"ef_shock_wave_sumi/ef_shock_wave_sumi_00006"},{"time":0.4,"name":"ef_shock_wave_sumi/ef_shock_wave_sumi_00007"},{"time":0.4333,"name":"ef_shock_wave_sumi/ef_shock_wave_sumi_00008"},{"time":0.5333,"name":null}],"color":[{"time":0.2,"color":"ffffffff","curve":"stepped"},{"time":0.4333,"color":"ffffffff"},{"time":0.5333,"color":"ffffff00"}]},"ef_slash_bolt_sumi_a":{"attachment":[{"time":0.1666,"name":"ef_slash_bolt_sumi/ef_slash_bolt_sumi_00002"},{"time":0.3333,"name":"ef_slash_bolt_sumi/ef_slash_bolt_sumi_00003"},{"time":0.3666,"name":"ef_slash_bolt_sumi/ef_slash_bolt_sumi_00005"},{"time":0.4,"name":"ef_slash_bolt_sumi/ef_slash_bolt_sumi_00007"},{"time":0.4666,"name":"ef_slash_bolt_sumi/ef_slash_bolt_sumi_00011"},{"time":0.5666,"name":"ef_slash_bolt_sumi/ef_slash_bolt_sumi_00003"},{"time":0.6,"name":"ef_slash_bolt_sumi/ef_slash_bolt_sumi_00005"},{"time":0.6333,"name":"ef_slash_bolt_sumi/ef_slash_bolt_sumi_00007"},{"time":0.7,"name":"ef_slash_bolt_sumi/ef_slash_bolt_sumi_00011"},{"time":0.8,"name":"ef_slash_bolt_sumi/ef_slash_bolt_sumi_00003"},{"time":0.8333,"name":"ef_slash_bolt_sumi/ef_slash_bolt_sumi_00007"},{"time":0.9,"name":"ef_slash_bolt_sumi/ef_slash_bolt_sumi_00011"},{"time":0.9666,"name":"ef_slash_bolt_sumi/ef_slash_bolt_sumi_00003"},{"time":1,"name":"ef_slash_bolt_sumi/ef_slash_bolt_sumi_00005"},{"time":1.0333,"name":"ef_slash_bolt_sumi/ef_slash_bolt_sumi_00007"},{"time":1.1,"name":"ef_slash_bolt_sumi/ef_slash_bolt_sumi_00011"},{"time":1.2,"name":"ef_slash_bolt_sumi/ef_slash_bolt_sumi_00003"},{"time":1.2333,"name":"ef_slash_bolt_sumi/ef_slash_bolt_sumi_00005"},{"time":1.2666,"name":"ef_slash_bolt_sumi/ef_slash_bolt_sumi_00007"},{"time":1.3333,"name":"ef_slash_bolt_sumi/ef_slash_bolt_sumi_00011"},{"time":1.4666,"name":null}],"color":[{"time":0.1666,"color":"ffffff4c"},{"time":0.2333,"color":"ffffffff","curve":"stepped"},{"time":1.3333,"color":"ffffffff"},{"time":1.4666,"color":"ffffff00"}]},"ef_slash_bolt_sumi_n":{"attachment":[{"time":0.1666,"name":"ef_slash_bolt_sumi/ef_slash_bolt_sumi_00002"},{"time":0.3333,"name":"ef_slash_bolt_sumi/ef_slash_bolt_sumi_00003"},{"time":0.3666,"name":"ef_slash_bolt_sumi/ef_slash_bolt_sumi_00005"},{"time":0.4,"name":"ef_slash_bolt_sumi/ef_slash_bolt_sumi_00007"},{"time":0.4666,"name":"ef_slash_bolt_sumi/ef_slash_bolt_sumi_00011"},{"time":0.5666,"name":"ef_slash_bolt_sumi/ef_slash_bolt_sumi_00003"},{"time":0.6,"name":"ef_slash_bolt_sumi/ef_slash_bolt_sumi_00005"},{"time":0.6333,"name":"ef_slash_bolt_sumi/ef_slash_bolt_sumi_00007"},{"time":0.7,"name":"ef_slash_bolt_sumi/ef_slash_bolt_sumi_00011"},{"time":0.8,"name":"ef_slash_bolt_sumi/ef_slash_bolt_sumi_00003"},{"time":0.8333,"name":"ef_slash_bolt_sumi/ef_slash_bolt_sumi_00007"},{"time":0.9,"name":"ef_slash_bolt_sumi/ef_slash_bolt_sumi_00011"},{"time":0.9666,"name":"ef_slash_bolt_sumi/ef_slash_bolt_sumi_00003"},{"time":1,"name":"ef_slash_bolt_sumi/ef_slash_bolt_sumi_00005"},{"time":1.0333,"name":"ef_slash_bolt_sumi/ef_slash_bolt_sumi_00007"},{"time":1.1,"name":"ef_slash_bolt_sumi/ef_slash_bolt_sumi_00011"},{"time":1.2,"name":"ef_slash_bolt_sumi/ef_slash_bolt_sumi_00003"},{"time":1.2333,"name":"ef_slash_bolt_sumi/ef_slash_bolt_sumi_00005"},{"time":1.2666,"name":"ef_slash_bolt_sumi/ef_slash_bolt_sumi_00007"},{"time":1.3333,"name":"ef_slash_bolt_sumi/ef_slash_bolt_sumi_00011"},{"time":1.4666,"name":null}],"color":[{"time":0.1666,"color":"ffffff4c"},{"time":0.2333,"color":"ffffffff","curve":"stepped"},{"time":1.3333,"color":"ffffffff"},{"time":1.4666,"color":"ffffff00"}]},"ef_sprash_sumi_a":{"attachment":[{"time":1.1666,"name":"ef_sprash_sumi/ef_sprash_sumi_00001"},{"time":1.2,"name":"ef_sprash_sumi/ef_sprash_sumi_00002"},{"time":1.2666,"name":"ef_sprash_sumi/ef_sprash_sumi_00005"},{"time":1.3,"name":"ef_sprash_sumi/ef_sprash_sumi_00006"},{"time":1.3333,"name":"ef_sprash_sumi/ef_sprash_sumi_00008"},{"time":1.4,"name":"ef_sprash_sumi/ef_sprash_sumi_00011"},{"time":1.4333,"name":"ef_sprash_sumi/ef_sprash_sumi_00012"},{"time":1.6333,"name":null}]},"ef_sprash_sumi_n":{"attachment":[{"time":1.1666,"name":"ef_sprash_sumi/ef_sprash_sumi_00001"},{"time":1.2,"name":"ef_sprash_sumi/ef_sprash_sumi_00002"},{"time":1.2666,"name":"ef_sprash_sumi/ef_sprash_sumi_00005"},{"time":1.3,"name":"ef_sprash_sumi/ef_sprash_sumi_00006"},{"time":1.4,"name":"ef_sprash_sumi/ef_sprash_sumi_00011"},{"time":1.4333,"name":"ef_sprash_sumi/ef_sprash_sumi_00012"},{"time":1.6333,"name":null}]}},"bones":{"ef_burst_aura_sumi":{"rotate":[{"time":0.2,"angle":-17.4}],"translate":[{"time":0.2,"x":-696.4,"y":-600}],"scale":[{"time":0.2,"x":1.5,"y":1.51,"curve":[0.1,0.87,0.75,1]},{"time":0.6,"x":6,"y":6}]},"ef_fire_wave_sumi":{"rotate":[{"time":0.2,"angle":79.02}],"translate":[{"time":0.2,"x":-696.96,"y":-500.84}],"scale":[{"time":0.2,"x":1.695,"y":-2.527},{"time":0.5333,"x":2.5,"y":-4}]},"ef_burst_aura_sumi_b":{"rotate":[{"time":0.2,"angle":-36.74,"curve":"stepped"},{"time":0.5,"angle":-50.47,"curve":"stepped"},{"time":0.8,"angle":-56.43,"curve":"stepped"},{"time":1.1,"angle":-37.42}],"translate":[{"time":0.2,"x":-723,"y":-401.81,"curve":"stepped"},{"time":0.5,"x":-818.02,"y":-388.47,"curve":"stepped"},{"time":0.8,"x":-677.99,"y":-426.82,"curve":"stepped"},{"time":1.1,"x":-744.15,"y":-406.51}],"scale":[{"time":0.2,"x":-4,"y":4,"curve":"stepped"},{"time":0.5,"x":-4,"y":4,"curve":"stepped"},{"time":0.8,"x":4,"y":4,"curve":"stepped"},{"time":1.1,"x":-3.957,"y":4.433}]},"ef_burst_aura_sumi_b2":{"rotate":[{"time":0.2666,"angle":-40.62,"curve":"stepped"},{"time":0.5666,"angle":-74.27,"curve":"stepped"},{"time":0.8666,"angle":-10.06}],"translate":[{"time":0.2666,"x":-722.58,"y":-400,"curve":"stepped"},{"time":0.5666,"x":-727.58,"y":-441.67,"curve":"stepped"},{"time":0.8666,"x":-797.6,"y":-399.46}],"scale":[{"time":0.1666,"x":3.72,"y":3.241,"curve":"stepped"},{"time":0.2666,"x":-5,"y":5,"curve":"stepped"},{"time":0.5666,"x":5,"y":5,"curve":"stepped"},{"time":0.8666,"x":-5,"y":5}]},"ef_slash_bolt_sumi":{"rotate":[{"time":0.1666,"angle":75.75}],"translate":[{"time":0.1666,"x":-623.97,"y":69.49,"curve":"stepped"},{"time":0.2,"x":-692.33,"y":-99.29},{"time":0.3,"x":-793,"y":-495.69,"curve":"stepped"},{"time":0.4333,"x":-793,"y":-495.69},{"time":1.1333,"x":-760.86,"y":-495.69},{"time":1.4666,"x":-758.7,"y":-556.63}],"scale":[{"time":0.1666,"x":0.717,"y":-0.54,"curve":"stepped"},{"time":0.2,"x":2.284,"y":2.908,"curve":"stepped"},{"time":0.2333,"x":3.323,"y":2.908,"curve":"stepped"},{"time":0.3,"x":5.339,"y":1.149},{"time":0.3333,"x":5.579,"y":26.372},{"time":0.3666,"x":6.169,"y":2.943},{"time":0.4,"x":6.136,"y":4.675},{"time":0.4333,"x":5.229,"y":6.406,"curve":[0.25,0,0.869,0.06]},{"time":1.1333,"x":5.593,"y":2.291},{"time":1.1666,"x":6.297,"y":8.91,"curve":[0.082,0.77,0.75,1]},{"time":1.4666,"x":9.114,"y":0.978}]},"ef_line_arrow_sumi":{"rotate":[{"time":0.2,"angle":75.75}],"translate":[{"time":0.2,"x":-660,"y":-399.98,"curve":"stepped"},{"time":0.3333,"x":-660,"y":-399.98,"curve":[0.25,0,0.865,0.18]},{"time":0.5,"x":-1125.13,"y":-2231.54,"curve":"stepped"},{"time":0.9666,"x":-214.97,"y":1479.71,"curve":[0.329,0.11,0.795,0.58]},{"time":1.2333,"x":-1282.74,"y":-2724.88}],"scale":[{"time":0.2,"x":1,"y":1},{"time":0.2666,"x":5.297,"y":14.324},{"time":0.3333,"x":9.032,"y":32.362},{"time":0.5,"x":9.032,"y":1.392,"curve":"stepped"},{"time":0.9666,"x":7.506,"y":15.929,"curve":[0.408,0.01,0.818,0.53]},{"time":1.2333,"x":9.032,"y":1.392}]},"ef_sprash_sumi":{"rotate":[{"time":1.1666,"angle":-20.46}],"translate":[{"time":1.1666,"x":-796.35,"y":-287.32}],"scale":[{"time":1.1666,"x":2,"y":2},{"time":1.6333,"x":3,"y":3}]},"ef_shock_wave_sumi":{"translate":[{"time":0.2,"x":-796.77,"y":-600}],"scale":[{"time":0.2,"x":0.961,"y":0.961,"curve":[0.231,0.62,0.24,0.89]},{"time":0.5333,"x":4,"y":4}]},"ef_line_arrow_sumi4":{"rotate":[{"time":0.2,"angle":75.75}],"translate":[{"time":0.2,"x":-530.96,"y":112.16,"curve":[0.354,0.17,0.794,0.61]},{"time":0.3333,"x":-1282.74,"y":-2724.88,"curve":"stepped"},{"time":0.4333,"x":-674.07,"y":-328.12,"curve":[0.301,0.15,0.664,0.52]},{"time":0.5,"x":-884.07,"y":-1155.04,"curve":"stepped"},{"time":0.5666,"x":-674.07,"y":-328.12,"curve":[0.301,0.15,0.664,0.52]},{"time":0.6333,"x":-914.18,"y":-1273.61,"curve":"stepped"},{"time":0.6666,"x":-652.03,"y":-333.72,"curve":[0.301,0.15,0.664,0.52]},{"time":0.7333,"x":-1038.67,"y":-1856.21,"curve":"stepped"},{"time":0.7666,"x":-658.06,"y":-332.18,"curve":[0.301,0.15,0.664,0.52]},{"time":0.8333,"x":-1007.85,"y":-1709.53}],"scale":[{"time":0.2,"x":3.007,"y":4.413,"curve":[0.417,0.1,0.813,0.57]},{"time":0.3333,"x":9.032,"y":1.392,"curve":"stepped"},{"time":0.4333,"x":7.506,"y":15.929,"curve":[0.349,0.01,0.698,0.42]},{"time":0.5,"x":7.881,"y":12.354,"curve":"stepped"},{"time":0.5666,"x":7.506,"y":15.929,"curve":[0.349,0.01,0.698,0.42]},{"time":0.6333,"x":7.881,"y":12.354,"curve":"stepped"},{"time":0.6666,"x":7.506,"y":15.929,"curve":[0.349,0.01,0.698,0.42]},{"time":0.7333,"x":7.881,"y":12.354,"curve":"stepped"},{"time":0.7666,"x":7.506,"y":15.929,"curve":[0.349,0.01,0.698,0.42]},{"time":0.8333,"x":7.881,"y":12.354}]},"DAMAGEAREA":{"translate":[{"time":0.2,"x":-328.24,"y":304.66},{"time":0.4,"x":-328.24,"y":82.66}],"scale":[{"time":0.2,"x":6.764,"y":7.581},{"time":0.4,"x":11.912,"y":9.024}]}},"drawOrder":[{"time":0.3333,"offsets":[{"slot":"ef_line_arrow_sumi_n","offset":4},{"slot":"ef_line_arrow_sumi_n4","offset":16},{"slot":"ef_burst_aura_sumi_b_a","offset":-8},{"slot":"ef_burst_aura_sumi_b_a2","offset":-8}]}],"events":[{"time":0.1666,"name":"Sound1","string":"cri_se_battle_sword_srash_02"},{"time":0.1666,"name":"Sound2","string":"cri_se_battle_skill_reaper"},{"time":0.2,"name":"Event","float":2.2,"string":"shakeGround"},{"time":0.2,"name":"Event2","float":0.1,"string":"kHitStopType_normal"},{"time":0.3,"name":"Event","float":2.2,"string":"shakeGround"},{"time":0.3,"name":"Event2","float":0.14,"string":"kHitStopType_normal"},{"time":0.3,"name":"Hit","string":"resetHitList"},{"time":0.3666,"name":"Event2","float":0.3,"string":"kHitStopType_enemyonly"},{"time":0.3666,"name":"Hit","string":"resetHitList"},{"time":0.4333,"name":"Hit","string":"resetHitList"},{"time":0.5,"name":"Event","float":2.2,"string":"shakeGround"},{"time":0.5,"name":"Hit","string":"resetHitList"},{"time":0.5666,"name":"Hit","string":"resetHitList"},{"time":0.6333,"name":"Hit","string":"resetHitList"},{"time":0.7,"name":"Event","float":2.2,"string":"shakeGround"},{"time":0.7,"name":"Event2","float":0.04,"string":"kHitStopType_normal"},{"time":0.7,"name":"Hit","string":"resetHitList"},{"time":0.7666,"name":"Event2","float":0.3,"string":"kHitStopType_enemyonly"},{"time":0.7666,"name":"Hit","string":"resetHitList"},{"time":0.8333,"name":"Hit","string":"resetHitList"},{"time":0.9,"name":"Hit","string":"resetHitList"},{"time":0.9333,"name":"Event","float":2.2,"string":"shakeGround"},{"time":0.9666,"name":"Hit","string":"resetHitList"},{"time":1.0333,"name":"Hit","string":"resetHitList"},{"time":1.1,"name":"Hit","string":"resetHitList"},{"time":1.1666,"name":"Event","float":2.2,"string":"shakeGround"},{"time":1.1666,"name":"Event2","float":0.04,"string":"kHitStopType_normal"},{"time":1.1666,"name":"Hit","string":"resetHitList"},{"time":1.2333,"name":"Event2","float":0.3,"string":"kHitStopType_enemyonly"},{"time":1.2333,"name":"Hit","string":"resetHitList"},{"time":1.3,"name":"Hit","string":"resetHitList"}]}}}