{"skeleton":{"hash":"jtsmE9Wm/YndUTYC2XL8ZxiPAWU","spine":"3.0.12","width":0,"height":0},"bones":[{"name":"root"},{"name":"EF","parent":"root"},{"name":"ef_smoke_particle","parent":"EF"},{"name":"ef_smoke_main0","parent":"EF"},{"name":"ef_smoke_main4","parent":"ef_smoke_main0"},{"name":"ef_smoke_main3","parent":"ef_smoke_main0"},{"name":"ef_smoke_main2","parent":"ef_smoke_main0"},{"name":"ef_smoke_main","parent":"ef_smoke_main0"},{"name":"DAMAGEAREA","parent":"root"}],"slots":[{"name":"0e/ef_smoke_main/ef_smokemain_00001","bone":"ef_smoke_main","blend":"additive"},{"name":"0e/ef_smoke_main/ef_smokemain_1","bone":"ef_smoke_main2","blend":"additive"},{"name":"0e/ef_smoke_main/ef_smokemain_2","bone":"ef_smoke_main3","blend":"additive"},{"name":"0e/ef_smoke_main/ef_smokemain_3","bone":"ef_smoke_main4","blend":"additive"},{"name":"0e/s13_ef_smoke_particle_main/ef_smoke_particle_main_00001","bone":"ef_smoke_particle","blend":"additive"},{"name":"DAMAGEAREA","bone":"DAMAGEAREA"}],"skins":{"default":{"0e/ef_smoke_main/ef_smokemain_00001":{"0e/ef_smoke_main/ef_smokemain_00001":{"width":180,"height":180},"0e/ef_smoke_main/ef_smokemain_00002":{"width":180,"height":180},"0e/ef_smoke_main/ef_smokemain_00003":{"width":180,"height":180},"0e/ef_smoke_main/ef_smokemain_00004":{"width":180,"height":180},"0e/ef_smoke_main/ef_smokemain_00005":{"width":180,"height":180},"0e/ef_smoke_main/ef_smokemain_00006":{"width":180,"height":180},"0e/ef_smoke_main/ef_smokemain_00007":{"width":180,"height":180},"0e/ef_smoke_main/ef_smokemain_00008":{"width":180,"height":180},"0e/ef_smoke_main/ef_smokemain_00009":{"width":180,"height":180},"0e/ef_smoke_main/ef_smokemain_0010":{"width":180,"height":180},"0e/ef_smoke_main/ef_smokemain_0011":{"width":180,"height":180},"0e/ef_smoke_main/ef_smokemain_0012":{"width":180,"height":180},"0e/ef_smoke_main/ef_smokemain_0013":{"width":180,"height":180},"0e/ef_smoke_main/ef_smokemain_0014":{"width":180,"height":180},"0e/ef_smoke_main/ef_smokemain_0015":{"width":180,"height":180},"0e/ef_smoke_main/ef_smokemain_0016":{"width":180,"height":180},"0e/ef_smoke_main/ef_smokemain_0017":{"width":180,"height":180},"0e/ef_smoke_main/ef_smokemain_0018":{"width":180,"height":180},"0e/ef_smoke_main/ef_smokemain_0019":{"width":180,"height":180},"0e/ef_smoke_main/ef_smokemain_0020":{"width":180,"height":180}},"0e/ef_smoke_main/ef_smokemain_1":{"0e/ef_smoke_main/ef_smokemain_00001":{"width":180,"height":180},"0e/ef_smoke_main/ef_smokemain_00002":{"width":180,"height":180},"0e/ef_smoke_main/ef_smokemain_00003":{"width":180,"height":180},"0e/ef_smoke_main/ef_smokemain_00004":{"width":180,"height":180},"0e/ef_smoke_main/ef_smokemain_00005":{"width":180,"height":180},"0e/ef_smoke_main/ef_smokemain_00006":{"width":180,"height":180},"0e/ef_smoke_main/ef_smokemain_00007":{"width":180,"height":180},"0e/ef_smoke_main/ef_smokemain_00008":{"width":180,"height":180},"0e/ef_smoke_main/ef_smokemain_00009":{"width":180,"height":180},"0e/ef_smoke_main/ef_smokemain_0010":{"width":180,"height":180},"0e/ef_smoke_main/ef_smokemain_0011":{"width":180,"height":180},"0e/ef_smoke_main/ef_smokemain_0012":{"width":180,"height":180},"0e/ef_smoke_main/ef_smokemain_0013":{"width":180,"height":180},"0e/ef_smoke_main/ef_smokemain_0014":{"width":180,"height":180},"0e/ef_smoke_main/ef_smokemain_0015":{"width":180,"height":180},"0e/ef_smoke_main/ef_smokemain_0016":{"width":180,"height":180},"0e/ef_smoke_main/ef_smokemain_0017":{"width":180,"height":180},"0e/ef_smoke_main/ef_smokemain_0018":{"width":180,"height":180},"0e/ef_smoke_main/ef_smokemain_0019":{"width":180,"height":180},"0e/ef_smoke_main/ef_smokemain_0020":{"width":180,"height":180}},"0e/ef_smoke_main/ef_smokemain_2":{"0e/ef_smoke_main/ef_smokemain_00001":{"width":180,"height":180},"0e/ef_smoke_main/ef_smokemain_00002":{"width":180,"height":180},"0e/ef_smoke_main/ef_smokemain_00003":{"width":180,"height":180},"0e/ef_smoke_main/ef_smokemain_00004":{"width":180,"height":180},"0e/ef_smoke_main/ef_smokemain_00005":{"width":180,"height":180},"0e/ef_smoke_main/ef_smokemain_00006":{"width":180,"height":180},"0e/ef_smoke_main/ef_smokemain_00007":{"width":180,"height":180},"0e/ef_smoke_main/ef_smokemain_00008":{"width":180,"height":180},"0e/ef_smoke_main/ef_smokemain_00009":{"width":180,"height":180},"0e/ef_smoke_main/ef_smokemain_0010":{"width":180,"height":180},"0e/ef_smoke_main/ef_smokemain_0011":{"width":180,"height":180},"0e/ef_smoke_main/ef_smokemain_0012":{"width":180,"height":180},"0e/ef_smoke_main/ef_smokemain_0013":{"width":180,"height":180},"0e/ef_smoke_main/ef_smokemain_0014":{"width":180,"height":180},"0e/ef_smoke_main/ef_smokemain_0015":{"width":180,"height":180},"0e/ef_smoke_main/ef_smokemain_0016":{"width":180,"height":180},"0e/ef_smoke_main/ef_smokemain_0017":{"width":180,"height":180},"0e/ef_smoke_main/ef_smokemain_0018":{"width":180,"height":180},"0e/ef_smoke_main/ef_smokemain_0019":{"width":180,"height":180},"0e/ef_smoke_main/ef_smokemain_0020":{"width":180,"height":180}},"0e/ef_smoke_main/ef_smokemain_3":{"0e/ef_smoke_main/ef_smokemain_00001":{"width":180,"height":180},"0e/ef_smoke_main/ef_smokemain_00002":{"width":180,"height":180},"0e/ef_smoke_main/ef_smokemain_00003":{"width":180,"height":180},"0e/ef_smoke_main/ef_smokemain_00004":{"width":180,"height":180},"0e/ef_smoke_main/ef_smokemain_00005":{"width":180,"height":180},"0e/ef_smoke_main/ef_smokemain_00006":{"width":180,"height":180},"0e/ef_smoke_main/ef_smokemain_00007":{"width":180,"height":180},"0e/ef_smoke_main/ef_smokemain_00008":{"width":180,"height":180},"0e/ef_smoke_main/ef_smokemain_00009":{"width":180,"height":180},"0e/ef_smoke_main/ef_smokemain_0010":{"width":180,"height":180},"0e/ef_smoke_main/ef_smokemain_0011":{"width":180,"height":180},"0e/ef_smoke_main/ef_smokemain_0012":{"width":180,"height":180},"0e/ef_smoke_main/ef_smokemain_0013":{"width":180,"height":180},"0e/ef_smoke_main/ef_smokemain_0014":{"width":180,"height":180},"0e/ef_smoke_main/ef_smokemain_0015":{"width":180,"height":180},"0e/ef_smoke_main/ef_smokemain_0016":{"width":180,"height":180},"0e/ef_smoke_main/ef_smokemain_0017":{"width":180,"height":180},"0e/ef_smoke_main/ef_smokemain_0018":{"width":180,"height":180},"0e/ef_smoke_main/ef_smokemain_0019":{"width":180,"height":180},"0e/ef_smoke_main/ef_smokemain_0020":{"width":180,"height":180}},"0e/s13_ef_smoke_particle_main/ef_smoke_particle_main_00001":{"0e/s13_ef_smoke_particle_main/ef_smoke_particle_main_00001":{"width":120,"height":120},"0e/s13_ef_smoke_particle_main/ef_smoke_particle_main_00002":{"width":120,"height":120},"0e/s13_ef_smoke_particle_main/ef_smoke_particle_main_00003":{"width":120,"height":120},"0e/s13_ef_smoke_particle_main/ef_smoke_particle_main_00004":{"width":120,"height":120},"0e/s13_ef_smoke_particle_main/ef_smoke_particle_main_00005":{"width":120,"height":120},"0e/s13_ef_smoke_particle_main/ef_smoke_particle_main_00006":{"width":120,"height":120},"0e/s13_ef_smoke_particle_main/ef_smoke_particle_main_00007":{"width":120,"height":120},"0e/s13_ef_smoke_particle_main/ef_smoke_particle_main_00008":{"width":120,"height":120},"0e/s13_ef_smoke_particle_main/ef_smoke_particle_main_00009":{"width":120,"height":120},"0e/s13_ef_smoke_particle_main/ef_smoke_particle_main_00010":{"width":120,"height":120},"0e/s13_ef_smoke_particle_main/ef_smoke_particle_main_00011":{"width":120,"height":120},"0e/s13_ef_smoke_particle_main/ef_smoke_particle_main_00012":{"width":120,"height":120},"0e/s13_ef_smoke_particle_main/ef_smoke_particle_main_00013":{"width":120,"height":120},"0e/s13_ef_smoke_particle_main/ef_smoke_particle_main_00014":{"width":120,"height":120},"0e/s13_ef_smoke_particle_main/ef_smoke_particle_main_00015":{"width":120,"height":120},"0e/s13_ef_smoke_particle_main/ef_smoke_particle_main_00016":{"width":120,"height":120},"0e/s13_ef_smoke_particle_main/ef_smoke_particle_main_00017":{"width":120,"height":120},"0e/s13_ef_smoke_particle_main/ef_smoke_particle_main_00018":{"width":120,"height":120},"0e/s13_ef_smoke_particle_main/ef_smoke_particle_main_00019":{"width":120,"height":120},"0e/s13_ef_smoke_particle_main/ef_smoke_particle_main_00020":{"width":120,"height":120}},"DAMAGEAREA":{"DAMAGEAREA":{"type":"boundingbox","vertices":[-64.13217,63.03549,-64.13217,-64.21037,63.11366,-64.21037,62.25969,62.18149]}}}},"events":{"Event":{},"Event2":{},"Hit":{},"Sound1":{},"Sound2":{},"Sound3":{}},"animations":{"attack1":{"slots":{"0e/ef_smoke_main/ef_smokemain_00001":{"attachment":[{"time":0.0333,"name":"0e/ef_smoke_main/ef_smokemain_00001"},{"time":0.0666,"name":"0e/ef_smoke_main/ef_smokemain_00002"},{"time":0.1,"name":"0e/ef_smoke_main/ef_smokemain_00003"},{"time":0.1333,"name":"0e/ef_smoke_main/ef_smokemain_00004"},{"time":0.1666,"name":"0e/ef_smoke_main/ef_smokemain_00005"},{"time":0.2,"name":"0e/ef_smoke_main/ef_smokemain_00006"},{"time":0.2333,"name":"0e/ef_smoke_main/ef_smokemain_00007"},{"time":0.2666,"name":"0e/ef_smoke_main/ef_smokemain_00008"},{"time":0.3,"name":"0e/ef_smoke_main/ef_smokemain_00009"},{"time":0.3333,"name":"0e/ef_smoke_main/ef_smokemain_0010"},{"time":0.3666,"name":"0e/ef_smoke_main/ef_smokemain_0011"},{"time":0.4,"name":"0e/ef_smoke_main/ef_smokemain_0012"},{"time":0.4333,"name":"0e/ef_smoke_main/ef_smokemain_0013"},{"time":0.4666,"name":"0e/ef_smoke_main/ef_smokemain_0014"},{"time":0.5,"name":"0e/ef_smoke_main/ef_smokemain_0015"},{"time":0.5333,"name":"0e/ef_smoke_main/ef_smokemain_0016"},{"time":0.5666,"name":"0e/ef_smoke_main/ef_smokemain_0017"},{"time":0.6,"name":"0e/ef_smoke_main/ef_smokemain_0018"},{"time":0.6333,"name":"0e/ef_smoke_main/ef_smokemain_0019"},{"time":0.6666,"name":"0e/ef_smoke_main/ef_smokemain_0020"},{"time":0.7,"name":null},{"time":1.6333,"name":"0e/ef_smoke_main/ef_smokemain_00001"},{"time":1.6666,"name":"0e/ef_smoke_main/ef_smokemain_00002"},{"time":1.7,"name":"0e/ef_smoke_main/ef_smokemain_00003"},{"time":1.7333,"name":"0e/ef_smoke_main/ef_smokemain_00004"},{"time":1.7666,"name":"0e/ef_smoke_main/ef_smokemain_00005"},{"time":1.8,"name":"0e/ef_smoke_main/ef_smokemain_00006"},{"time":1.8333,"name":"0e/ef_smoke_main/ef_smokemain_00007"},{"time":1.8666,"name":"0e/ef_smoke_main/ef_smokemain_00008"},{"time":1.9,"name":"0e/ef_smoke_main/ef_smokemain_00009"},{"time":1.9333,"name":"0e/ef_smoke_main/ef_smokemain_0010"},{"time":1.9666,"name":"0e/ef_smoke_main/ef_smokemain_0011"},{"time":2,"name":"0e/ef_smoke_main/ef_smokemain_0012"},{"time":2.0333,"name":"0e/ef_smoke_main/ef_smokemain_0013"},{"time":2.0666,"name":"0e/ef_smoke_main/ef_smokemain_0014"},{"time":2.1,"name":"0e/ef_smoke_main/ef_smokemain_0015"},{"time":2.1333,"name":"0e/ef_smoke_main/ef_smokemain_0016"},{"time":2.1666,"name":"0e/ef_smoke_main/ef_smokemain_0017"},{"time":2.2,"name":"0e/ef_smoke_main/ef_smokemain_0018"},{"time":2.2333,"name":"0e/ef_smoke_main/ef_smokemain_0019"},{"time":2.2666,"name":"0e/ef_smoke_main/ef_smokemain_0020"},{"time":2.3,"name":null}],"color":[{"time":1.6333,"color":"ffffff21"},{"time":1.7,"color":"ffffffff"}]},"0e/ef_smoke_main/ef_smokemain_1":{"attachment":[{"time":0.4333,"name":"0e/ef_smoke_main/ef_smokemain_00001"},{"time":0.4666,"name":"0e/ef_smoke_main/ef_smokemain_00002"},{"time":0.5,"name":"0e/ef_smoke_main/ef_smokemain_00003"},{"time":0.5333,"name":"0e/ef_smoke_main/ef_smokemain_00004"},{"time":0.5666,"name":"0e/ef_smoke_main/ef_smokemain_00005"},{"time":0.6,"name":"0e/ef_smoke_main/ef_smokemain_00006"},{"time":0.6333,"name":"0e/ef_smoke_main/ef_smokemain_00007"},{"time":0.6666,"name":"0e/ef_smoke_main/ef_smokemain_00008"},{"time":0.7,"name":"0e/ef_smoke_main/ef_smokemain_00009"},{"time":0.7333,"name":"0e/ef_smoke_main/ef_smokemain_0010"},{"time":0.7666,"name":"0e/ef_smoke_main/ef_smokemain_0011"},{"time":0.8,"name":"0e/ef_smoke_main/ef_smokemain_0012"},{"time":0.8333,"name":"0e/ef_smoke_main/ef_smokemain_0013"},{"time":0.8666,"name":"0e/ef_smoke_main/ef_smokemain_0014"},{"time":0.9,"name":"0e/ef_smoke_main/ef_smokemain_0015"},{"time":0.9333,"name":"0e/ef_smoke_main/ef_smokemain_0016"},{"time":0.9666,"name":"0e/ef_smoke_main/ef_smokemain_0017"},{"time":1,"name":"0e/ef_smoke_main/ef_smokemain_0018"},{"time":1.0333,"name":"0e/ef_smoke_main/ef_smokemain_0019"},{"time":1.0666,"name":"0e/ef_smoke_main/ef_smokemain_0020"},{"time":1.1,"name":null},{"time":2.0333,"name":"0e/ef_smoke_main/ef_smokemain_00001"},{"time":2.0666,"name":"0e/ef_smoke_main/ef_smokemain_00002"},{"time":2.1,"name":"0e/ef_smoke_main/ef_smokemain_00003"},{"time":2.1333,"name":"0e/ef_smoke_main/ef_smokemain_00004"},{"time":2.1666,"name":"0e/ef_smoke_main/ef_smokemain_00005"},{"time":2.2,"name":"0e/ef_smoke_main/ef_smokemain_00006"},{"time":2.2333,"name":"0e/ef_smoke_main/ef_smokemain_00007"},{"time":2.2666,"name":"0e/ef_smoke_main/ef_smokemain_00008"},{"time":2.3,"name":"0e/ef_smoke_main/ef_smokemain_00009"},{"time":2.3333,"name":"0e/ef_smoke_main/ef_smokemain_0010"},{"time":2.3666,"name":"0e/ef_smoke_main/ef_smokemain_0011"},{"time":2.4,"name":"0e/ef_smoke_main/ef_smokemain_0012"},{"time":2.4333,"name":"0e/ef_smoke_main/ef_smokemain_0013"},{"time":2.4666,"name":"0e/ef_smoke_main/ef_smokemain_0014"},{"time":2.5,"name":"0e/ef_smoke_main/ef_smokemain_0015"},{"time":2.5333,"name":"0e/ef_smoke_main/ef_smokemain_0016"},{"time":2.5666,"name":"0e/ef_smoke_main/ef_smokemain_0017"},{"time":2.6,"name":"0e/ef_smoke_main/ef_smokemain_0018"},{"time":2.6333,"name":"0e/ef_smoke_main/ef_smokemain_0019"},{"time":2.6666,"name":"0e/ef_smoke_main/ef_smokemain_0020"},{"time":2.7,"name":null}],"color":[{"time":0.4333,"color":"ffffff21"},{"time":0.5,"color":"ffffffff","curve":"stepped"},{"time":2.0333,"color":"ffffff21"},{"time":2.1,"color":"ffffffff"}]},"0e/ef_smoke_main/ef_smokemain_2":{"attachment":[{"time":0.8333,"name":"0e/ef_smoke_main/ef_smokemain_00001"},{"time":0.8666,"name":"0e/ef_smoke_main/ef_smokemain_00002"},{"time":0.9,"name":"0e/ef_smoke_main/ef_smokemain_00003"},{"time":0.9333,"name":"0e/ef_smoke_main/ef_smokemain_00004"},{"time":0.9666,"name":"0e/ef_smoke_main/ef_smokemain_00005"},{"time":1,"name":"0e/ef_smoke_main/ef_smokemain_00006"},{"time":1.0333,"name":"0e/ef_smoke_main/ef_smokemain_00007"},{"time":1.0666,"name":"0e/ef_smoke_main/ef_smokemain_00008"},{"time":1.1,"name":"0e/ef_smoke_main/ef_smokemain_00009"},{"time":1.1333,"name":"0e/ef_smoke_main/ef_smokemain_0010"},{"time":1.1666,"name":"0e/ef_smoke_main/ef_smokemain_0011"},{"time":1.2,"name":"0e/ef_smoke_main/ef_smokemain_0012"},{"time":1.2333,"name":"0e/ef_smoke_main/ef_smokemain_0013"},{"time":1.2666,"name":"0e/ef_smoke_main/ef_smokemain_0014"},{"time":1.3,"name":"0e/ef_smoke_main/ef_smokemain_0015"},{"time":1.3333,"name":"0e/ef_smoke_main/ef_smokemain_0016"},{"time":1.3666,"name":"0e/ef_smoke_main/ef_smokemain_0017"},{"time":1.4,"name":"0e/ef_smoke_main/ef_smokemain_0018"},{"time":1.4333,"name":"0e/ef_smoke_main/ef_smokemain_0019"},{"time":1.4666,"name":"0e/ef_smoke_main/ef_smokemain_0020"},{"time":1.5,"name":null},{"time":2.4333,"name":"0e/ef_smoke_main/ef_smokemain_00001"},{"time":2.4666,"name":"0e/ef_smoke_main/ef_smokemain_00002"},{"time":2.5,"name":"0e/ef_smoke_main/ef_smokemain_00003"},{"time":2.5333,"name":"0e/ef_smoke_main/ef_smokemain_00004"},{"time":2.5666,"name":"0e/ef_smoke_main/ef_smokemain_00005"},{"time":2.6,"name":"0e/ef_smoke_main/ef_smokemain_00006"},{"time":2.6333,"name":"0e/ef_smoke_main/ef_smokemain_00007"},{"time":2.6666,"name":"0e/ef_smoke_main/ef_smokemain_00008"},{"time":2.7,"name":"0e/ef_smoke_main/ef_smokemain_00009"},{"time":2.7333,"name":"0e/ef_smoke_main/ef_smokemain_0010"},{"time":2.7666,"name":"0e/ef_smoke_main/ef_smokemain_0011"},{"time":2.8,"name":"0e/ef_smoke_main/ef_smokemain_0012"},{"time":2.8333,"name":"0e/ef_smoke_main/ef_smokemain_0013"},{"time":2.8666,"name":"0e/ef_smoke_main/ef_smokemain_0014"},{"time":2.9,"name":"0e/ef_smoke_main/ef_smokemain_0015"},{"time":2.9333,"name":"0e/ef_smoke_main/ef_smokemain_0016"},{"time":2.9666,"name":"0e/ef_smoke_main/ef_smokemain_0017"},{"time":3,"name":"0e/ef_smoke_main/ef_smokemain_0018"},{"time":3.0333,"name":"0e/ef_smoke_main/ef_smokemain_0019"},{"time":3.1,"name":"0e/ef_smoke_main/ef_smokemain_0020"},{"time":3.1666,"name":null}],"color":[{"time":0.8333,"color":"ffffff21"},{"time":0.9,"color":"ffffffff","curve":"stepped"},{"time":2.4333,"color":"ffffff21"},{"time":2.5,"color":"ffffffff","curve":"stepped"},{"time":3.0333,"color":"ffffffff"},{"time":3.1666,"color":"ffffff00"}]},"0e/ef_smoke_main/ef_smokemain_3":{"attachment":[{"time":1.2333,"name":"0e/ef_smoke_main/ef_smokemain_00001"},{"time":1.2666,"name":"0e/ef_smoke_main/ef_smokemain_00002"},{"time":1.3,"name":"0e/ef_smoke_main/ef_smokemain_00003"},{"time":1.3333,"name":"0e/ef_smoke_main/ef_smokemain_00004"},{"time":1.3666,"name":"0e/ef_smoke_main/ef_smokemain_00005"},{"time":1.4,"name":"0e/ef_smoke_main/ef_smokemain_00006"},{"time":1.4333,"name":"0e/ef_smoke_main/ef_smokemain_00007"},{"time":1.4666,"name":"0e/ef_smoke_main/ef_smokemain_00008"},{"time":1.5,"name":"0e/ef_smoke_main/ef_smokemain_00009"},{"time":1.5333,"name":"0e/ef_smoke_main/ef_smokemain_0010"},{"time":1.5666,"name":"0e/ef_smoke_main/ef_smokemain_0011"},{"time":1.6,"name":"0e/ef_smoke_main/ef_smokemain_0012"},{"time":1.6333,"name":"0e/ef_smoke_main/ef_smokemain_0013"},{"time":1.6666,"name":"0e/ef_smoke_main/ef_smokemain_0014"},{"time":1.7,"name":"0e/ef_smoke_main/ef_smokemain_0015"},{"time":1.7333,"name":"0e/ef_smoke_main/ef_smokemain_0016"},{"time":1.7666,"name":"0e/ef_smoke_main/ef_smokemain_0017"},{"time":1.8,"name":"0e/ef_smoke_main/ef_smokemain_0018"},{"time":1.8333,"name":"0e/ef_smoke_main/ef_smokemain_0019"},{"time":1.8666,"name":"0e/ef_smoke_main/ef_smokemain_0020"},{"time":1.9,"name":null}],"color":[{"time":1.2333,"color":"ffffff21"},{"time":1.3,"color":"ffffffff"}]},"DAMAGEAREA":{"attachment":[{"time":0.0333,"name":"DAMAGEAREA"},{"time":0.6666,"name":"DAMAGEAREA"},{"time":1.5333,"name":"DAMAGEAREA"},{"time":2.3666,"name":"DAMAGEAREA"},{"time":3.1,"name":null}]}},"bones":{"ef_smoke_main":{"translate":[{"time":0.0333,"x":-100,"y":140,"curve":"stepped"},{"time":1.6333,"x":-300,"y":140}],"scale":[{"time":0.0333,"x":3,"y":3,"curve":"stepped"},{"time":1.6333,"x":-3,"y":3}]},"ef_smoke_main2":{"rotate":[{"time":0.4333,"angle":-45,"curve":"stepped"},{"time":2.0333,"angle":-45}],"translate":[{"time":0.4333,"x":-150,"y":140,"curve":"stepped"},{"time":2.0333,"x":-350,"y":140}],"scale":[{"time":0.4333,"x":-3,"y":3,"curve":"stepped"},{"time":2.0333,"x":3,"y":-3}]},"ef_smoke_main3":{"translate":[{"time":0.8333,"x":-200,"y":140,"curve":"stepped"},{"time":2.4333,"x":-400,"y":140}],"scale":[{"time":0.8333,"x":3,"y":-3,"curve":"stepped"},{"time":2.4333,"x":-3,"y":-3,"curve":"stepped"},{"time":2.8333,"x":-3,"y":-3},{"time":3.1666,"x":-3.5,"y":-3.5}]},"ef_smoke_main4":{"rotate":[{"time":1.2333,"angle":45}],"translate":[{"time":1.2333,"x":-250,"y":140}],"scale":[{"time":1.2333,"x":3,"y":3}]},"DAMAGEAREA":{"translate":[{"time":0.0333,"x":-140.17,"y":127.99,"curve":"stepped"},{"time":0.6666,"x":-186.61,"y":127.99,"curve":"stepped"},{"time":1.5333,"x":-291,"y":127.99,"curve":"stepped"},{"time":2.3666,"x":-370.86,"y":127.99}],"scale":[{"time":0.0333,"x":2.125,"y":1.532,"curve":"stepped"},{"time":0.6666,"x":2.17,"y":1.532,"curve":"stepped"},{"time":1.5333,"x":2.256,"y":1.532,"curve":"stepped"},{"time":2.3666,"x":2.256,"y":1.532}]}},"events":[{"time":0,"name":"Event","float":0.15,"string":"kHitStopType_enemyonly"},{"time":0,"name":"Sound1","string":"cri_se_battle_charge_completion"},{"time":0,"name":"Sound2","string":"cri_se_battle_cure_01"},{"time":0.0333,"name":"Event","float":0.15,"string":"kHitStopType_enemyonly"},{"time":0.4,"name":"Hit","string":"resetHitList"},{"time":0.7666,"name":"Hit","string":"resetHitList"},{"time":1.1333,"name":"Hit","string":"resetHitList"},{"time":1.5,"name":"Hit","string":"resetHitList"},{"time":1.8666,"name":"Hit","string":"resetHitList"},{"time":2.2333,"name":"Hit","string":"resetHitList"},{"time":2.6,"name":"Hit","string":"resetHitList"},{"time":2.9666,"name":"Hit","string":"resetHitList"}]}}}