{"skeleton":{"hash":"New5UJjstWH3DGIc0YzoPijNBW0","spine":"3.0.12","width":0,"height":0},"bones":[{"name":"root"},{"name":"MAIN","parent":"root"},{"name":"charge_slash_main_00","parent":"MAIN"},{"name":"DAMAGEAREA","parent":"root"},{"name":"slash_a_main 2_00","parent":"MAIN"},{"name":"wing1_00","parent":"MAIN"}],"slots":[{"name":"slash_a_main 2_00","bone":"slash_a_main 2_00","blend":"additive"},{"name":"charge_slash_main_00","bone":"charge_slash_main_00","blend":"additive"},{"name":"wing1_00","bone":"wing1_00","blend":"additive"},{"name":"DAMAGEAREA","bone":"DAMAGEAREA"}],"skins":{"default":{"DAMAGEAREA":{"DAMAGEAREA":{"type":"boundingbox","vertices":[-32.20234,-33.48938,31.42157,-33.48938,32.38556,30.61654,-31.72035,31.09853]}},"charge_slash_main_00":{"EF/ef_charge_slash_main/ef_charge_slash_main_00002":{"width":280,"height":120},"EF/ef_charge_slash_main/ef_charge_slash_main_00004":{"width":280,"height":120},"EF/ef_charge_slash_main/ef_charge_slash_main_00005":{"width":280,"height":120},"EF/ef_charge_slash_main/ef_charge_slash_main_00006":{"width":280,"height":120},"EF/ef_charge_slash_main/ef_charge_slash_main_00007":{"width":280,"height":120},"EF/ef_charge_slash_main/ef_charge_slash_main_00008":{"width":280,"height":120},"EF/ef_charge_slash_main/ef_charge_slash_main_00009":{"width":280,"height":120}},"slash_a_main 2_00":{"EF/ef_slash_a_main 2/ef_slash_a_main 2_00001":{"width":576,"height":511},"EF/ef_slash_a_main 2/ef_slash_a_main 2_00002":{"width":576,"height":511},"EF/ef_slash_a_main 2/ef_slash_a_main 2_00003":{"width":576,"height":511},"EF/ef_slash_a_main 2/ef_slash_a_main 2_00004":{"width":576,"height":511},"EF/ef_slash_a_main 2/ef_slash_a_main 2_00005":{"width":576,"height":511},"EF/ef_slash_a_main 2/ef_slash_a_main 2_00007":{"width":576,"height":511},"EF/ef_slash_a_main 2/ef_slash_a_main 2_00009":{"width":576,"height":511},"EF/ef_slash_a_main 2/ef_slash_a_main 2_00010":{"width":576,"height":511},"EF/ef_slash_a_main 2/ef_slash_a_main 2_00011":{"width":576,"height":511}},"wing1_00":{"EF/130_S1_wing1/130_S1_wing1_00013":{"width":270,"height":270},"EF/130_S1_wing1/130_S1_wing1_00015":{"width":270,"height":270},"EF/130_S1_wing1/130_S1_wing1_00016":{"width":270,"height":270},"EF/130_S1_wing1/130_S1_wing1_00018":{"width":270,"height":270},"EF/130_S1_wing1/130_S1_wing1_00019":{"width":270,"height":270},"EF/130_S1_wing1/130_S1_wing1_00021":{"width":270,"height":270},"EF/130_S1_wing1/130_S1_wing1_00022":{"width":270,"height":270},"EF/130_S1_wing1/130_S1_wing1_00024":{"width":270,"height":270},"EF/130_S1_wing1/130_S1_wing1_00025":{"width":270,"height":270}}}},"events":{"event":{},"hit":{},"sound":{}},"animations":{"attack1":{"slots":{"DAMAGEAREA":{"attachment":[{"time":0.1666,"name":"DAMAGEAREA"},{"time":0.3666,"name":null}]},"charge_slash_main_00":{"attachment":[{"time":0.1,"name":"EF/ef_charge_slash_main/ef_charge_slash_main_00002"},{"time":0.1333,"name":"EF/ef_charge_slash_main/ef_charge_slash_main_00004"},{"time":0.1666,"name":"EF/ef_charge_slash_main/ef_charge_slash_main_00005"},{"time":0.2,"name":"EF/ef_charge_slash_main/ef_charge_slash_main_00006"},{"time":0.2333,"name":"EF/ef_charge_slash_main/ef_charge_slash_main_00007"},{"time":0.2666,"name":"EF/ef_charge_slash_main/ef_charge_slash_main_00008"},{"time":0.3,"name":"EF/ef_charge_slash_main/ef_charge_slash_main_00009"},{"time":0.3333,"name":null}]},"slash_a_main 2_00":{"attachment":[{"time":0.1,"name":"EF/ef_slash_a_main 2/ef_slash_a_main 2_00002"},{"time":0.1666,"name":"EF/ef_slash_a_main 2/ef_slash_a_main 2_00003"},{"time":0.2,"name":"EF/ef_slash_a_main 2/ef_slash_a_main 2_00004"},{"time":0.2333,"name":"EF/ef_slash_a_main 2/ef_slash_a_main 2_00005"},{"time":0.4,"name":null}],"color":[{"time":0.2333,"color":"ffffffff"},{"time":0.4,"color":"ffffff00"}]},"wing1_00":{"attachment":[{"time":0.2,"name":"EF/130_S1_wing1/130_S1_wing1_00013"},{"time":0.3,"name":"EF/130_S1_wing1/130_S1_wing1_00015"},{"time":0.3333,"name":"EF/130_S1_wing1/130_S1_wing1_00016"},{"time":0.3666,"name":"EF/130_S1_wing1/130_S1_wing1_00018"},{"time":0.4,"name":"EF/130_S1_wing1/130_S1_wing1_00019"},{"time":0.4333,"name":"EF/130_S1_wing1/130_S1_wing1_00021"},{"time":0.5,"name":"EF/130_S1_wing1/130_S1_wing1_00022"},{"time":0.5666,"name":"EF/130_S1_wing1/130_S1_wing1_00024"},{"time":0.6333,"name":"EF/130_S1_wing1/130_S1_wing1_00025"},{"time":0.8,"name":null}],"color":[{"time":0.2,"color":"ffffff00"},{"time":0.3333,"color":"ffffffff","curve":"stepped"},{"time":0.7,"color":"ffffffff"},{"time":0.8,"color":"ffffff00"}]}},"bones":{"charge_slash_main_00":{"translate":[{"time":0.1,"x":-141.16,"y":103.51}],"scale":[{"time":0.1,"x":3.5,"y":3.5}]},"slash_a_main 2_00":{"rotate":[{"time":0.1,"angle":-164.42,"curve":"stepped"},{"time":0.1666,"angle":-166.73}],"translate":[{"time":0.1,"x":121.29,"y":117.03,"curve":"stepped"},{"time":0.1666,"x":-26.57,"y":106.39}],"scale":[{"time":0.1,"x":-3.677,"y":2.612,"curve":"stepped"},{"time":0.1666,"x":-3.947,"y":2.667,"curve":[0.151,0.63,0.75,1]},{"time":0.4,"x":-4.892,"y":3.785}]},"wing1_00":{"translate":[{"time":0.2,"x":-234.7,"y":50.17},{"time":0.7333,"x":-234.7,"y":75.26}],"scale":[{"time":0.2,"x":2.573,"y":2.573},{"time":0.3333,"x":3.363,"y":3.363}]},"MAIN":{"translate":[{"time":0,"x":216.42,"y":-16.64}],"scale":[{"time":0,"x":1,"y":0.854}]},"DAMAGEAREA":{"translate":[{"time":0.1666,"x":-168.56,"y":37.45}],"scale":[{"time":0.1666,"x":8.492,"y":2.394}]}},"events":[{"time":0,"name":"event","float":0.05,"string":"kHitStopType-normal"},{"time":0,"name":"sound","string":"cri_se_battle_arrow_light_effect"},{"time":0.0333,"name":"event","string":"setHitBackEnemy(30,0)"},{"time":0.1,"name":"sound","string":"cri_se_battle_sword_srash"},{"time":0.2333,"name":"hit","string":"resetHitList"},{"time":0.3,"name":"event","float":0.1,"string":"kHitStopType-normal"},{"time":0.3,"name":"hit","string":"resetHitList"}]}}}