{"skeleton":{"hash":"uUfttfr8J4i/n0eqj28PthkuBaI","spine":"3.0.12","width":0,"height":0,"images":"./images/"},"bones":[{"name":"root","rotation":-0.01},{"name":"MAIN","parent":"root"},{"name":"ef_root","parent":"MAIN","x":-1.95,"y":-71.96,"color":"000000ff"},{"name":"9140_A2_slash2","parent":"ef_root","x":220,"y":0.04,"color":"ff0008ff"},{"name":"9140_A2_slash1","parent":"ef_root","x":200,"y":0.03,"color":"ff0008ff"},{"name":"9140_A2_fire5","parent":"ef_root","x":180,"y":0.03,"color":"ff00c8ff"},{"name":"9140_A2_fire4","parent":"ef_root","x":180,"y":0.03,"color":"ff00c8ff"},{"name":"9140_A2_fire3","parent":"ef_root","x":180,"y":0.03,"color":"ff00c8ff"},{"name":"9140_A2_fire2","parent":"ef_root","x":180,"y":0.03,"color":"ff00c8ff"},{"name":"9140_A2_fire1","parent":"ef_root","x":180,"y":0.03,"color":"ff00c8ff"},{"name":"DAMAGEAREA","parent":"root"}],"slots":[{"name":"EF/9140_A2_fire1/9140_A2_fire1_00000","bone":"9140_A2_fire1","blend":"additive"},{"name":"EF/9140_A2_fire1/9140_A2_fire1_0","bone":"9140_A2_fire2","blend":"additive"},{"name":"EF/9140_A2_fire1/9140_A2_fire1_1","bone":"9140_A2_fire3","blend":"additive"},{"name":"EF/9140_A2_fire1/9140_A2_fire1_2","bone":"9140_A2_fire4","blend":"additive"},{"name":"EF/9140_A2_fire1/9140_A2_fire1_3","bone":"9140_A2_fire5","blend":"additive"},{"name":"EF/9140_A2_slash1/9140_A2_slash1_00000","bone":"9140_A2_slash1"},{"name":"EF/9140_A2_slash2/9140_A2_slash2_00000","bone":"9140_A2_slash2"},{"name":"DAMAGEAREA","bone":"DAMAGEAREA"}],"skins":{"default":{"DAMAGEAREA":{"DAMAGEAREA":{"type":"boundingbox","vertices":[-63.96025,-63.39045,65.74371,-63.91344,63.65169,63.6985,-63.43724,63.17549]}},"EF/9140_A2_fire1/9140_A2_fire1_0":{"EF/9140_A2_fire1/9140_A2_fire1_00000":{"width":250,"height":250},"EF/9140_A2_fire1/9140_A2_fire1_00001":{"width":250,"height":250},"EF/9140_A2_fire1/9140_A2_fire1_00002":{"width":250,"height":250},"EF/9140_A2_fire1/9140_A2_fire1_00003":{"width":250,"height":250},"EF/9140_A2_fire1/9140_A2_fire1_00004":{"width":250,"height":250},"EF/9140_A2_fire1/9140_A2_fire1_00005":{"width":250,"height":250},"EF/9140_A2_fire1/9140_A2_fire1_00006":{"width":250,"height":250},"EF/9140_A2_fire1/9140_A2_fire1_00007":{"width":250,"height":250},"EF/9140_A2_fire1/9140_A2_fire1_00008":{"width":250,"height":250},"EF/9140_A2_fire1/9140_A2_fire1_00009":{"width":250,"height":250},"EF/9140_A2_fire1/9140_A2_fire1_00010":{"width":250,"height":250},"EF/9140_A2_fire1/9140_A2_fire1_00011":{"width":250,"height":250},"EF/9140_A2_fire1/9140_A2_fire1_00012":{"width":250,"height":250},"EF/9140_A2_fire1/9140_A2_fire1_00013":{"width":250,"height":250},"EF/9140_A2_fire1/9140_A2_fire1_00014":{"width":250,"height":250}},"EF/9140_A2_fire1/9140_A2_fire1_00000":{"EF/9140_A2_fire1/9140_A2_fire1_00000":{"width":250,"height":250},"EF/9140_A2_fire1/9140_A2_fire1_00001":{"width":250,"height":250},"EF/9140_A2_fire1/9140_A2_fire1_00002":{"width":250,"height":250},"EF/9140_A2_fire1/9140_A2_fire1_00003":{"width":250,"height":250},"EF/9140_A2_fire1/9140_A2_fire1_00004":{"width":250,"height":250},"EF/9140_A2_fire1/9140_A2_fire1_00005":{"width":250,"height":250},"EF/9140_A2_fire1/9140_A2_fire1_00006":{"width":250,"height":250},"EF/9140_A2_fire1/9140_A2_fire1_00007":{"width":250,"height":250},"EF/9140_A2_fire1/9140_A2_fire1_00008":{"width":250,"height":250},"EF/9140_A2_fire1/9140_A2_fire1_00009":{"width":250,"height":250},"EF/9140_A2_fire1/9140_A2_fire1_00010":{"width":250,"height":250},"EF/9140_A2_fire1/9140_A2_fire1_00011":{"width":250,"height":250},"EF/9140_A2_fire1/9140_A2_fire1_00012":{"width":250,"height":250},"EF/9140_A2_fire1/9140_A2_fire1_00013":{"width":250,"height":250},"EF/9140_A2_fire1/9140_A2_fire1_00014":{"width":250,"height":250}},"EF/9140_A2_fire1/9140_A2_fire1_1":{"EF/9140_A2_fire1/9140_A2_fire1_00000":{"width":250,"height":250},"EF/9140_A2_fire1/9140_A2_fire1_00001":{"width":250,"height":250},"EF/9140_A2_fire1/9140_A2_fire1_00002":{"width":250,"height":250},"EF/9140_A2_fire1/9140_A2_fire1_00003":{"width":250,"height":250},"EF/9140_A2_fire1/9140_A2_fire1_00004":{"width":250,"height":250},"EF/9140_A2_fire1/9140_A2_fire1_00005":{"width":250,"height":250},"EF/9140_A2_fire1/9140_A2_fire1_00006":{"width":250,"height":250},"EF/9140_A2_fire1/9140_A2_fire1_00007":{"width":250,"height":250},"EF/9140_A2_fire1/9140_A2_fire1_00008":{"width":250,"height":250},"EF/9140_A2_fire1/9140_A2_fire1_00009":{"width":250,"height":250},"EF/9140_A2_fire1/9140_A2_fire1_00010":{"width":250,"height":250},"EF/9140_A2_fire1/9140_A2_fire1_00011":{"width":250,"height":250},"EF/9140_A2_fire1/9140_A2_fire1_00012":{"width":250,"height":250},"EF/9140_A2_fire1/9140_A2_fire1_00013":{"width":250,"height":250},"EF/9140_A2_fire1/9140_A2_fire1_00014":{"width":250,"height":250}},"EF/9140_A2_fire1/9140_A2_fire1_2":{"EF/9140_A2_fire1/9140_A2_fire1_00000":{"width":250,"height":250},"EF/9140_A2_fire1/9140_A2_fire1_00001":{"width":250,"height":250},"EF/9140_A2_fire1/9140_A2_fire1_00002":{"width":250,"height":250},"EF/9140_A2_fire1/9140_A2_fire1_00003":{"width":250,"height":250},"EF/9140_A2_fire1/9140_A2_fire1_00004":{"width":250,"height":250},"EF/9140_A2_fire1/9140_A2_fire1_00005":{"width":250,"height":250},"EF/9140_A2_fire1/9140_A2_fire1_00006":{"width":250,"height":250},"EF/9140_A2_fire1/9140_A2_fire1_00007":{"width":250,"height":250},"EF/9140_A2_fire1/9140_A2_fire1_00008":{"width":250,"height":250},"EF/9140_A2_fire1/9140_A2_fire1_00009":{"width":250,"height":250},"EF/9140_A2_fire1/9140_A2_fire1_00010":{"width":250,"height":250},"EF/9140_A2_fire1/9140_A2_fire1_00011":{"width":250,"height":250},"EF/9140_A2_fire1/9140_A2_fire1_00012":{"width":250,"height":250},"EF/9140_A2_fire1/9140_A2_fire1_00013":{"width":250,"height":250},"EF/9140_A2_fire1/9140_A2_fire1_00014":{"width":250,"height":250}},"EF/9140_A2_fire1/9140_A2_fire1_3":{"EF/9140_A2_fire1/9140_A2_fire1_00000":{"width":250,"height":250},"EF/9140_A2_fire1/9140_A2_fire1_00001":{"width":250,"height":250},"EF/9140_A2_fire1/9140_A2_fire1_00002":{"width":250,"height":250},"EF/9140_A2_fire1/9140_A2_fire1_00003":{"width":250,"height":250},"EF/9140_A2_fire1/9140_A2_fire1_00004":{"width":250,"height":250},"EF/9140_A2_fire1/9140_A2_fire1_00005":{"width":250,"height":250},"EF/9140_A2_fire1/9140_A2_fire1_00006":{"width":250,"height":250},"EF/9140_A2_fire1/9140_A2_fire1_00007":{"width":250,"height":250},"EF/9140_A2_fire1/9140_A2_fire1_00008":{"width":250,"height":250},"EF/9140_A2_fire1/9140_A2_fire1_00009":{"width":250,"height":250},"EF/9140_A2_fire1/9140_A2_fire1_00010":{"width":250,"height":250},"EF/9140_A2_fire1/9140_A2_fire1_00011":{"width":250,"height":250},"EF/9140_A2_fire1/9140_A2_fire1_00012":{"width":250,"height":250},"EF/9140_A2_fire1/9140_A2_fire1_00013":{"width":250,"height":250},"EF/9140_A2_fire1/9140_A2_fire1_00014":{"width":250,"height":250}},"EF/9140_A2_slash1/9140_A2_slash1_00000":{"EF/9140_A2_slash1/9140_A2_slash1_00000":{"x":34.12,"y":79.4,"width":200,"height":200},"EF/9140_A2_slash1/9140_A2_slash1_00001":{"x":34.12,"y":79.4,"width":200,"height":200},"EF/9140_A2_slash1/9140_A2_slash1_00002":{"x":34.12,"y":79.4,"width":200,"height":200},"EF/9140_A2_slash1/9140_A2_slash1_00003":{"x":34.12,"y":79.4,"width":200,"height":200},"EF/9140_A2_slash1/9140_A2_slash1_00004":{"x":34.12,"y":79.4,"width":200,"height":200}},"EF/9140_A2_slash2/9140_A2_slash2_00000":{"EF/9140_A2_slash2/9140_A2_slash2_00000":{"x":100.43,"y":-51.65,"width":250,"height":250},"EF/9140_A2_slash2/9140_A2_slash2_00001":{"x":100.43,"y":-51.65,"width":250,"height":250},"EF/9140_A2_slash2/9140_A2_slash2_00002":{"x":100.43,"y":-51.65,"width":250,"height":250},"EF/9140_A2_slash2/9140_A2_slash2_00003":{"x":100.43,"y":-51.65,"width":250,"height":250},"EF/9140_A2_slash2/9140_A2_slash2_00004":{"x":100.43,"y":-51.65,"width":250,"height":250}}}},"events":{"EFEvent":{},"EFEvent2":{},"EFHit":{},"Event":{},"Hit":{},"Sound1":{},"Sound2":{},"Sound3":{}},"animations":{"attack1":{"slots":{"DAMAGEAREA":{"attachment":[{"time":0.0666,"name":"DAMAGEAREA"},{"time":0.2,"name":null}]},"EF/9140_A2_fire1/9140_A2_fire1_00000":{"attachment":[{"time":0.0333,"name":"EF/9140_A2_fire1/9140_A2_fire1_00000"},{"time":0.0666,"name":"EF/9140_A2_fire1/9140_A2_fire1_00001"},{"time":0.1,"name":"EF/9140_A2_fire1/9140_A2_fire1_00002"},{"time":0.1333,"name":"EF/9140_A2_fire1/9140_A2_fire1_00003"},{"time":0.1666,"name":"EF/9140_A2_fire1/9140_A2_fire1_00004"},{"time":0.2,"name":"EF/9140_A2_fire1/9140_A2_fire1_00005"},{"time":0.2333,"name":"EF/9140_A2_fire1/9140_A2_fire1_00006"},{"time":0.2666,"name":"EF/9140_A2_fire1/9140_A2_fire1_00007"},{"time":0.3,"name":"EF/9140_A2_fire1/9140_A2_fire1_00008"},{"time":0.3333,"name":"EF/9140_A2_fire1/9140_A2_fire1_00009"},{"time":0.3666,"name":"EF/9140_A2_fire1/9140_A2_fire1_00010"},{"time":0.4,"name":"EF/9140_A2_fire1/9140_A2_fire1_00011"},{"time":0.4333,"name":"EF/9140_A2_fire1/9140_A2_fire1_00012"},{"time":0.4666,"name":"EF/9140_A2_fire1/9140_A2_fire1_00013"},{"time":0.5,"name":"EF/9140_A2_fire1/9140_A2_fire1_00014"},{"time":0.5333,"name":null}]},"EF/9140_A2_fire1/9140_A2_fire1_0":{"attachment":[{"time":0.0666,"name":"EF/9140_A2_fire1/9140_A2_fire1_00000"},{"time":0.1,"name":"EF/9140_A2_fire1/9140_A2_fire1_00001"},{"time":0.1333,"name":"EF/9140_A2_fire1/9140_A2_fire1_00002"},{"time":0.1666,"name":"EF/9140_A2_fire1/9140_A2_fire1_00003"},{"time":0.2,"name":"EF/9140_A2_fire1/9140_A2_fire1_00004"},{"time":0.2333,"name":"EF/9140_A2_fire1/9140_A2_fire1_00005"},{"time":0.2666,"name":"EF/9140_A2_fire1/9140_A2_fire1_00006"},{"time":0.3,"name":"EF/9140_A2_fire1/9140_A2_fire1_00007"},{"time":0.3333,"name":"EF/9140_A2_fire1/9140_A2_fire1_00008"},{"time":0.3666,"name":"EF/9140_A2_fire1/9140_A2_fire1_00009"},{"time":0.4,"name":"EF/9140_A2_fire1/9140_A2_fire1_00010"},{"time":0.4333,"name":"EF/9140_A2_fire1/9140_A2_fire1_00011"},{"time":0.4666,"name":"EF/9140_A2_fire1/9140_A2_fire1_00012"},{"time":0.5,"name":"EF/9140_A2_fire1/9140_A2_fire1_00013"},{"time":0.5333,"name":"EF/9140_A2_fire1/9140_A2_fire1_00014"},{"time":0.5666,"name":null}]},"EF/9140_A2_fire1/9140_A2_fire1_1":{"attachment":[{"time":0.1,"name":"EF/9140_A2_fire1/9140_A2_fire1_00000"},{"time":0.1333,"name":"EF/9140_A2_fire1/9140_A2_fire1_00001"},{"time":0.1666,"name":"EF/9140_A2_fire1/9140_A2_fire1_00002"},{"time":0.2,"name":"EF/9140_A2_fire1/9140_A2_fire1_00003"},{"time":0.2333,"name":"EF/9140_A2_fire1/9140_A2_fire1_00004"},{"time":0.2666,"name":"EF/9140_A2_fire1/9140_A2_fire1_00005"},{"time":0.3,"name":"EF/9140_A2_fire1/9140_A2_fire1_00006"},{"time":0.3333,"name":"EF/9140_A2_fire1/9140_A2_fire1_00007"},{"time":0.3666,"name":"EF/9140_A2_fire1/9140_A2_fire1_00008"},{"time":0.4,"name":"EF/9140_A2_fire1/9140_A2_fire1_00009"},{"time":0.4333,"name":"EF/9140_A2_fire1/9140_A2_fire1_00010"},{"time":0.4666,"name":"EF/9140_A2_fire1/9140_A2_fire1_00011"},{"time":0.5,"name":"EF/9140_A2_fire1/9140_A2_fire1_00012"},{"time":0.5333,"name":"EF/9140_A2_fire1/9140_A2_fire1_00013"},{"time":0.5666,"name":"EF/9140_A2_fire1/9140_A2_fire1_00014"},{"time":0.6,"name":null}]},"EF/9140_A2_fire1/9140_A2_fire1_2":{"attachment":[{"time":0.1666,"name":"EF/9140_A2_fire1/9140_A2_fire1_00000"},{"time":0.2,"name":"EF/9140_A2_fire1/9140_A2_fire1_00001"},{"time":0.2333,"name":"EF/9140_A2_fire1/9140_A2_fire1_00002"},{"time":0.2666,"name":"EF/9140_A2_fire1/9140_A2_fire1_00003"},{"time":0.3,"name":"EF/9140_A2_fire1/9140_A2_fire1_00004"},{"time":0.3333,"name":"EF/9140_A2_fire1/9140_A2_fire1_00005"},{"time":0.3666,"name":"EF/9140_A2_fire1/9140_A2_fire1_00006"},{"time":0.4,"name":"EF/9140_A2_fire1/9140_A2_fire1_00007"},{"time":0.4333,"name":"EF/9140_A2_fire1/9140_A2_fire1_00008"},{"time":0.4666,"name":"EF/9140_A2_fire1/9140_A2_fire1_00009"},{"time":0.5,"name":"EF/9140_A2_fire1/9140_A2_fire1_00010"},{"time":0.5333,"name":"EF/9140_A2_fire1/9140_A2_fire1_00011"},{"time":0.5666,"name":"EF/9140_A2_fire1/9140_A2_fire1_00012"},{"time":0.6,"name":"EF/9140_A2_fire1/9140_A2_fire1_00013"},{"time":0.6333,"name":"EF/9140_A2_fire1/9140_A2_fire1_00014"},{"time":0.6666,"name":null}]},"EF/9140_A2_fire1/9140_A2_fire1_3":{"attachment":[{"time":0.2,"name":"EF/9140_A2_fire1/9140_A2_fire1_00000"},{"time":0.2333,"name":"EF/9140_A2_fire1/9140_A2_fire1_00001"},{"time":0.2666,"name":"EF/9140_A2_fire1/9140_A2_fire1_00002"},{"time":0.3,"name":"EF/9140_A2_fire1/9140_A2_fire1_00003"},{"time":0.3333,"name":"EF/9140_A2_fire1/9140_A2_fire1_00004"},{"time":0.3666,"name":"EF/9140_A2_fire1/9140_A2_fire1_00005"},{"time":0.4,"name":"EF/9140_A2_fire1/9140_A2_fire1_00006"},{"time":0.4333,"name":"EF/9140_A2_fire1/9140_A2_fire1_00007"},{"time":0.4666,"name":"EF/9140_A2_fire1/9140_A2_fire1_00008"},{"time":0.5,"name":"EF/9140_A2_fire1/9140_A2_fire1_00009"},{"time":0.5333,"name":"EF/9140_A2_fire1/9140_A2_fire1_00010"},{"time":0.5666,"name":"EF/9140_A2_fire1/9140_A2_fire1_00011"},{"time":0.6,"name":"EF/9140_A2_fire1/9140_A2_fire1_00012"},{"time":0.6333,"name":"EF/9140_A2_fire1/9140_A2_fire1_00013"},{"time":0.6666,"name":"EF/9140_A2_fire1/9140_A2_fire1_00014"},{"time":0.7,"name":null}]},"EF/9140_A2_slash1/9140_A2_slash1_00000":{"attachment":[{"time":0.0333,"name":"EF/9140_A2_slash1/9140_A2_slash1_00000"},{"time":0.0666,"name":"EF/9140_A2_slash1/9140_A2_slash1_00001"},{"time":0.1,"name":"EF/9140_A2_slash1/9140_A2_slash1_00002"},{"time":0.1333,"name":"EF/9140_A2_slash1/9140_A2_slash1_00003"},{"time":0.1666,"name":"EF/9140_A2_slash1/9140_A2_slash1_00004"},{"time":0.2,"name":null}],"color":[{"time":0,"color":"000000ff"}]},"EF/9140_A2_slash2/9140_A2_slash2_00000":{"attachment":[{"time":0.1333,"name":"EF/9140_A2_slash2/9140_A2_slash2_00000"},{"time":0.1666,"name":"EF/9140_A2_slash2/9140_A2_slash2_00001"},{"time":0.2,"name":"EF/9140_A2_slash2/9140_A2_slash2_00002"},{"time":0.2333,"name":"EF/9140_A2_slash2/9140_A2_slash2_00003"},{"time":0.2666,"name":"EF/9140_A2_slash2/9140_A2_slash2_00004"},{"time":0.3,"name":null}],"color":[{"time":0.1333,"color":"000000ff"}]}},"bones":{"9140_A2_slash1":{"translate":[{"time":0.0333,"x":-171.37,"y":-164.8}],"scale":[{"time":0.0333,"x":3.706,"y":3.884}]},"9140_A2_slash2":{"translate":[{"time":0.1333,"x":-454.46,"y":328.87}],"scale":[{"time":0.1333,"x":3.218,"y":3.218}]},"9140_A2_fire1":{"translate":[{"time":0.0333,"x":-33.92,"y":456.83}],"scale":[{"time":0.0333,"x":2.499,"y":2.499}]},"9140_A2_fire5":{"translate":[{"time":0.2,"x":-154.94,"y":142.21}],"scale":[{"time":0.2,"x":2.667,"y":2.667}]},"9140_A2_fire2":{"translate":[{"time":0.0666,"x":99.38,"y":287.23}],"scale":[{"time":0.0666,"x":2.395,"y":2.395}]},"9140_A2_fire3":{"translate":[{"time":0.1,"x":119.6,"y":41.79}],"scale":[{"time":0.1,"x":2.6,"y":2.6}]},"9140_A2_fire4":{"translate":[{"time":0.1666,"x":81.47,"y":150.49}],"scale":[{"time":0.1666,"x":2.443,"y":2.443}]},"MAIN":{"scale":[{"time":0,"x":-1,"y":1}]},"DAMAGEAREA":{"translate":[{"time":0.0666,"x":-217.23,"y":94.75}],"scale":[{"time":0.0666,"x":3.68,"y":4.142}]}},"events":[{"time":0,"name":"Event","float":0.05,"string":"kHitStopType_normal"},{"time":0,"name":"Sound1","string":"cri_se_battle_skill_swish"},{"time":0.0333,"name":"Event","string":"setHitEffect(hit03a, 0)"},{"time":0.0666,"name":"Sound1","string":"setHitSound(se_battle_019_sword_hit_03)"},{"time":0.0666,"name":"Sound2","string":"cri_se_battle_033_explosion_element_01"},{"time":0.1333,"name":"EFEvent2","string":"shakeGround"},{"time":0.1333,"name":"Event","float":0.2,"string":"kHitStopType_normal"},{"time":0.1333,"name":"Hit","string":"resetHitList"},{"time":0.1333,"name":"Sound1","string":"setHitSound(se_battle_explosion_short)"}]}}}