{"skeleton":{"hash":"Ony4PQlZ1X7W04UG5Z6ZIlx8GUQ","spine":"3.0.12","width":186,"height":131,"images":"./images/"},"bones":[{"name":"root"},{"name":"MAIN","parent":"root"},{"name":"hit2_00","parent":"MAIN"},{"name":"hit1_00","parent":"MAIN"},{"name":"DAMAGEAREA","parent":"root"},{"name":"roux","parent":"root","y":43.62,"color":"ff0011ff"}],"slots":[{"name":"hit1_00","bone":"hit1_00","blend":"additive"},{"name":"hit2_00","bone":"hit2_00","blend":"additive"},{"name":"roux","bone":"roux","attachment":"scenario_9013-suri_tansyuku_8"},{"name":"DAMAGEAREA","bone":"DAMAGEAREA"}],"skins":{"default":{"DAMAGEAREA":{"DAMAGEAREA":{"type":"boundingbox","vertices":[-62.87655,-62.27676,63.31547,-62.27676,63.31547,62.48123,-62.87655,62.48123]}},"hit1_00":{"EF/SHT_LGT_hit1/SHT_LGT_hit1_00001":{"width":300,"height":300},"EF/SHT_LGT_hit1/SHT_LGT_hit1_00003":{"width":300,"height":300},"EF/SHT_LGT_hit1/SHT_LGT_hit1_00005":{"width":300,"height":300},"EF/SHT_LGT_hit1/SHT_LGT_hit1_00007":{"width":300,"height":300},"EF/SHT_LGT_hit1/SHT_LGT_hit1_00009":{"width":300,"height":300},"EF/SHT_LGT_hit1/SHT_LGT_hit1_00011":{"width":300,"height":300},"EF/SHT_LGT_hit1/SHT_LGT_hit1_00013":{"width":300,"height":300},"EF/SHT_LGT_hit1/SHT_LGT_hit1_00015":{"width":300,"height":300},"EF/SHT_LGT_hit1/SHT_LGT_hit1_00017":{"width":300,"height":300},"EF/SHT_LGT_hit1/SHT_LGT_hit1_00019":{"width":300,"height":300},"EF/SHT_LGT_hit1/SHT_LGT_hit1_00021":{"width":300,"height":300},"EF/SHT_LGT_hit1/SHT_LGT_hit1_00023":{"width":300,"height":300},"EF/SHT_LGT_hit1/SHT_LGT_hit1_00025":{"width":300,"height":300},"EF/SHT_LGT_hit1/SHT_LGT_hit1_00027":{"width":300,"height":300}},"hit2_00":{"EF/SHT_LGT_hit2/SHT_LGT_hit2_00001":{"width":300,"height":300},"EF/SHT_LGT_hit2/SHT_LGT_hit2_00003":{"width":300,"height":300},"EF/SHT_LGT_hit2/SHT_LGT_hit2_00005":{"width":300,"height":300},"EF/SHT_LGT_hit2/SHT_LGT_hit2_00007":{"width":300,"height":300},"EF/SHT_LGT_hit2/SHT_LGT_hit2_00009":{"width":300,"height":300},"EF/SHT_LGT_hit2/SHT_LGT_hit2_00011":{"width":300,"height":300},"EF/SHT_LGT_hit2/SHT_LGT_hit2_00013":{"width":300,"height":300},"EF/SHT_LGT_hit2/SHT_LGT_hit2_00015":{"width":300,"height":300},"EF/SHT_LGT_hit2/SHT_LGT_hit2_00017":{"width":300,"height":300},"EF/SHT_LGT_hit2/SHT_LGT_hit2_00019":{"width":300,"height":300},"EF/SHT_LGT_hit2/SHT_LGT_hit2_00021":{"width":300,"height":300},"EF/SHT_LGT_hit2/SHT_LGT_hit2_00023":{"width":300,"height":300},"EF/SHT_LGT_hit2/SHT_LGT_hit2_00025":{"width":300,"height":300},"EF/SHT_LGT_hit2/SHT_LGT_hit2_00027":{"width":300,"height":300},"EF/SHT_LGT_hit2/SHT_LGT_hit2_00029":{"width":300,"height":300}},"roux":{"Landing_00":{"x":33.74,"y":31.08,"width":171,"height":168},"Landing_01":{"x":33.74,"y":31.08,"width":171,"height":168},"Landing_02":{"x":33.74,"y":31.08,"width":171,"height":168},"scenario_9013-bouncing_tansyuku_0":{"x":34.41,"y":53.94,"width":145,"height":197},"scenario_9013-bouncing_tansyuku_1":{"x":34.41,"y":53.94,"width":145,"height":197},"scenario_9013-bouncing_tansyuku_2":{"x":26.01,"y":-15.25,"width":145,"height":197},"scenario_9013-bouncing_tansyuku_3":{"x":28.01,"y":-21.65,"width":145,"height":197},"scenario_9013-bouncing_tansyuku_4":{"x":34.41,"y":15.14,"width":145,"height":197},"scenario_9013-bouncing_tansyuku_5":{"x":34.41,"y":53.94,"width":145,"height":197},"scenario_9013-suri_tansyuku_5":{"x":39.44,"y":17.68,"width":186,"height":131},"scenario_9013-suri_tansyuku_6":{"x":39.44,"y":17.68,"width":186,"height":131},"scenario_9013-suri_tansyuku_7":{"x":39.44,"y":17.68,"width":186,"height":131},"scenario_9013-suri_tansyuku_8":{"x":39.44,"y":17.68,"width":186,"height":131}}}},"events":{"Event":{},"Sound1":{},"Sound2":{}},"animations":{"attack1":{"slots":{"DAMAGEAREA":{"attachment":[{"time":0.6666,"name":"DAMAGEAREA"},{"time":0.7333,"name":null}]},"hit1_00":{"attachment":[{"time":0.6,"name":"EF/SHT_LGT_hit1/SHT_LGT_hit1_00005"},{"time":0.6666,"name":"EF/SHT_LGT_hit1/SHT_LGT_hit1_00007"},{"time":0.7333,"name":"EF/SHT_LGT_hit1/SHT_LGT_hit1_00009"},{"time":0.8,"name":"EF/SHT_LGT_hit1/SHT_LGT_hit1_00011"},{"time":0.8666,"name":"EF/SHT_LGT_hit1/SHT_LGT_hit1_00013"},{"time":0.9333,"name":"EF/SHT_LGT_hit1/SHT_LGT_hit1_00015"},{"time":1,"name":"EF/SHT_LGT_hit1/SHT_LGT_hit1_00017"},{"time":1.0666,"name":"EF/SHT_LGT_hit1/SHT_LGT_hit1_00019"},{"time":1.1333,"name":"EF/SHT_LGT_hit1/SHT_LGT_hit1_00021"},{"time":1.2,"name":"EF/SHT_LGT_hit1/SHT_LGT_hit1_00023"},{"time":1.2666,"name":"EF/SHT_LGT_hit1/SHT_LGT_hit1_00025"},{"time":1.3333,"name":"EF/SHT_LGT_hit1/SHT_LGT_hit1_00027"},{"time":1.4,"name":null}],"color":[{"time":0.6,"color":"ffffffff","curve":"stepped"},{"time":1.3,"color":"ffffffff"},{"time":1.4,"color":"ffffff00"}]},"hit2_00":{"attachment":[{"time":0.6,"name":"EF/SHT_LGT_hit2/SHT_LGT_hit2_00001"},{"time":0.6333,"name":"EF/SHT_LGT_hit2/SHT_LGT_hit2_00027"},{"time":0.6666,"name":"EF/SHT_LGT_hit2/SHT_LGT_hit2_00003"},{"time":0.7,"name":"EF/SHT_LGT_hit2/SHT_LGT_hit2_00029"},{"time":0.7333,"name":"EF/SHT_LGT_hit2/SHT_LGT_hit2_00005"},{"time":0.7666,"name":null},{"time":0.8,"name":"EF/SHT_LGT_hit2/SHT_LGT_hit2_00007"},{"time":0.8666,"name":"EF/SHT_LGT_hit2/SHT_LGT_hit2_00009"},{"time":0.9333,"name":"EF/SHT_LGT_hit2/SHT_LGT_hit2_00011"},{"time":1,"name":"EF/SHT_LGT_hit2/SHT_LGT_hit2_00013"},{"time":1.0666,"name":"EF/SHT_LGT_hit2/SHT_LGT_hit2_00015"},{"time":1.1333,"name":"EF/SHT_LGT_hit2/SHT_LGT_hit2_00017"},{"time":1.2,"name":"EF/SHT_LGT_hit2/SHT_LGT_hit2_00019"},{"time":1.2666,"name":"EF/SHT_LGT_hit2/SHT_LGT_hit2_00021"},{"time":1.3333,"name":"EF/SHT_LGT_hit2/SHT_LGT_hit2_00023"},{"time":1.4,"name":"EF/SHT_LGT_hit2/SHT_LGT_hit2_00025"},{"time":1.4666,"name":"EF/SHT_LGT_hit2/SHT_LGT_hit2_00027"},{"time":1.5333,"name":"EF/SHT_LGT_hit2/SHT_LGT_hit2_00029"},{"time":1.6,"name":null}],"color":[{"time":0.6666,"color":"ffffffff"},{"time":0.7666,"color":"ffffff00"},{"time":1.5,"color":"ffffffff"},{"time":1.6,"color":"ffffff00"}]},"roux":{"attachment":[{"time":0,"name":"scenario_9013-bouncing_tansyuku_2"},{"time":0.1,"name":"scenario_9013-bouncing_tansyuku_3"},{"time":0.1333,"name":"scenario_9013-bouncing_tansyuku_4"},{"time":0.1666,"name":"scenario_9013-bouncing_tansyuku_5"},{"time":0.2,"name":"Landing_00"},{"time":0.2666,"name":"Landing_01"},{"time":0.3666,"name":"Landing_02"},{"time":0.4666,"name":"scenario_9013-bouncing_tansyuku_0"},{"time":0.5333,"name":"scenario_9013-bouncing_tansyuku_1"},{"time":0.5666,"name":"scenario_9013-bouncing_tansyuku_2"},{"time":0.7,"name":"scenario_9013-bouncing_tansyuku_3"},{"time":0.8666,"name":"scenario_9013-bouncing_tansyuku_4"},{"time":0.9333,"name":"scenario_9013-bouncing_tansyuku_5"},{"time":1,"name":"scenario_9013-suri_tansyuku_5"},{"time":1.0666,"name":"scenario_9013-suri_tansyuku_6"},{"time":1.1333,"name":"scenario_9013-suri_tansyuku_7"},{"time":1.2,"name":"scenario_9013-suri_tansyuku_8"},{"time":1.2666,"name":"scenario_9013-suri_tansyuku_5"},{"time":1.3333,"name":"scenario_9013-suri_tansyuku_6"},{"time":1.4,"name":"scenario_9013-suri_tansyuku_7"},{"time":1.4666,"name":"scenario_9013-suri_tansyuku_8"},{"time":1.5333,"name":"scenario_9013-suri_tansyuku_5"},{"time":1.6,"name":"scenario_9013-suri_tansyuku_6"},{"time":1.6666,"name":"scenario_9013-suri_tansyuku_7"},{"time":1.7333,"name":"scenario_9013-suri_tansyuku_8"},{"time":1.8,"name":"scenario_9013-suri_tansyuku_5"},{"time":1.8666,"name":"scenario_9013-suri_tansyuku_6"},{"time":1.9333,"name":"scenario_9013-suri_tansyuku_7"},{"time":2,"name":"scenario_9013-suri_tansyuku_8"}],"color":[{"time":0,"color":"ffffff00","curve":[0.207,0.61,0.75,1]},{"time":0.2666,"color":"ffffffff","curve":"stepped"},{"time":1.7666,"color":"ffffffff"},{"time":2,"color":"ffffff00"}]}},"bones":{"hit1_00":{"translate":[{"time":0.6,"x":-90.28,"y":82.07}],"scale":[{"time":0.6,"x":1.029,"y":1.029,"curve":[0.2,0.64,0.498,0.89]},{"time":0.7,"x":2,"y":2}]},"hit2_00":{"translate":[{"time":0.6,"x":-90.28,"y":82.07}],"scale":[{"time":0.6,"x":1.029,"y":1.029,"curve":[0.25,0,0.75,1]},{"time":0.7333,"x":1.385,"y":1.385}]},"roux":{"translate":[{"time":0,"x":0,"y":828.52},{"time":0.2,"x":0,"y":-0.49,"curve":"stepped"},{"time":0.5333,"x":0,"y":-0.49},{"time":0.6,"x":0,"y":41.86,"curve":"stepped"},{"time":0.8666,"x":0,"y":41.86},{"time":0.9333,"x":0,"y":-0.49,"curve":"stepped"},{"time":1,"x":0,"y":-0.49},{"time":2,"x":549.54,"y":-0.49}],"scale":[{"time":0,"x":1,"y":1,"curve":"stepped"},{"time":1,"x":-1,"y":1}]},"DAMAGEAREA":{"translate":[{"time":0.6666,"x":-90.21,"y":83.76}],"scale":[{"time":0.6666,"x":1.335,"y":1.335}]}},"events":[{"time":0,"name":"Event","int":100,"string":"setPosition_Target"},{"time":0.0333,"name":"Event","float":0.2,"string":"kHitStopType_enemyonly"},{"time":0.2,"name":"Sound1","string":"cri_se_battle_pop_landing"},{"time":0.6,"name":"Sound1","string":"cri_se_battle_033_explosion_element_01"},{"time":0.6,"name":"Sound2","string":"setHitSound(se_battle_monster_hit)"},{"time":1,"name":"Sound1","string":"cri_se_scenario_lou_run"}]}}}