{"skeleton":{"hash":"02CXwgiHDt/cAk1sIrDAdoZwWm4","spine":"3.0.12","width":0,"height":0},"bones":[{"name":"root"},{"name":"MAIN","parent":"root"},{"name":"S1_ex4_00001","parent":"MAIN","y":9.55},{"name":"S1_ex1_00001","parent":"MAIN"},{"name":"S1_dust1_3","parent":"MAIN","x":0.91,"y":-47.2},{"name":"S1_dust1_2","parent":"MAIN","x":-0.91,"y":-25.29},{"name":"S1_dust1_1","parent":"MAIN","y":-10.68},{"name":"S1_dust1_00001","parent":"MAIN","y":-10.68},{"name":"S1_dragon2","parent":"MAIN","x":429.14,"y":192.41},{"name":"S1_dragon1","parent":"MAIN","x":437.88,"y":245.58},{"name":"DAMAGEAREA","parent":"root"}],"slots":[{"name":"EF/10121_S1_dragon1","bone":"S1_dragon1"},{"name":"EF/10121_S1_dragon2","bone":"S1_dragon2"},{"name":"EF/10121_S1_dust1/10121_S1_dust1_00001","bone":"S1_dust1_00001"},{"name":"EF/10121_S1_dust1/10121_S1_dust1_2","bone":"S1_dust1_2"},{"name":"EF/10121_S1_dust1/10121_S1_dust1_3","bone":"S1_dust1_3"},{"name":"EF/10121_S1_dust1/10121_S1_dust1_1","bone":"S1_dust1_1"},{"name":"EF/10121_S1_ex1/10121_S1_ex1_00001","bone":"S1_ex1_00001","blend":"additive"},{"name":"EF/10121_S1_ex4/10121_S1_ex4_00001","bone":"S1_ex4_00001","blend":"additive"},{"name":"EF/10121_S1_dragon_BLUR","bone":"S1_dragon1","blend":"additive"},{"name":"DAMAGEAREA","bone":"DAMAGEAREA"}],"skins":{"default":{"DAMAGEAREA":{"DAMAGEAREA":{"type":"boundingbox","vertices":[-31.93671,-32.05279,31.98888,-32.16124,31.86214,32.03269,-32.01285,32.03269]}},"EF/10121_S1_dragon1":{"EF/10121_S1_dragon1":{"x":-8.43,"y":58.99,"width":235,"height":151}},"EF/10121_S1_dragon2":{"EF/10121_S1_dragon2":{"x":-58.08,"y":6.67,"width":160,"height":56}},"EF/10121_S1_dragon_BLUR":{"EF/10121_S1_dragon_BLUR":{"x":-9.34,"y":59.55,"scaleX":2.044,"scaleY":2.044,"width":118,"height":76}},"EF/10121_S1_dust1/10121_S1_dust1_00001":{"EF/10121_S1_dust1/10121_S1_dust1_00001":{"y":10.68,"width":160,"height":160},"EF/10121_S1_dust1/10121_S1_dust1_00003":{"y":10.68,"width":160,"height":160},"EF/10121_S1_dust1/10121_S1_dust1_00004":{"y":10.68,"width":160,"height":160},"EF/10121_S1_dust1/10121_S1_dust1_00006":{"y":10.68,"width":160,"height":160},"EF/10121_S1_dust1/10121_S1_dust1_00008":{"y":10.68,"width":160,"height":160},"EF/10121_S1_dust1/10121_S1_dust1_00010":{"y":10.68,"width":160,"height":160},"EF/10121_S1_dust1/10121_S1_dust1_00012":{"y":10.68,"width":160,"height":160},"EF/10121_S1_dust1/10121_S1_dust1_00014":{"y":10.68,"width":160,"height":160}},"EF/10121_S1_dust1/10121_S1_dust1_1":{"EF/10121_S1_dust1/10121_S1_dust1_00001":{"y":10.68,"width":160,"height":160},"EF/10121_S1_dust1/10121_S1_dust1_00003":{"y":10.68,"width":160,"height":160},"EF/10121_S1_dust1/10121_S1_dust1_00004":{"y":10.68,"width":160,"height":160},"EF/10121_S1_dust1/10121_S1_dust1_00006":{"y":10.68,"width":160,"height":160},"EF/10121_S1_dust1/10121_S1_dust1_00008":{"y":10.68,"width":160,"height":160},"EF/10121_S1_dust1/10121_S1_dust1_00010":{"y":10.68,"width":160,"height":160},"EF/10121_S1_dust1/10121_S1_dust1_00012":{"y":10.68,"width":160,"height":160},"EF/10121_S1_dust1/10121_S1_dust1_00014":{"y":10.68,"width":160,"height":160}},"EF/10121_S1_dust1/10121_S1_dust1_2":{"EF/10121_S1_dust1/10121_S1_dust1_00001":{"y":10.68,"width":160,"height":160},"EF/10121_S1_dust1/10121_S1_dust1_00003":{"y":10.68,"width":160,"height":160},"EF/10121_S1_dust1/10121_S1_dust1_00004":{"y":10.68,"width":160,"height":160},"EF/10121_S1_dust1/10121_S1_dust1_00006":{"y":10.68,"width":160,"height":160},"EF/10121_S1_dust1/10121_S1_dust1_00008":{"y":10.68,"width":160,"height":160},"EF/10121_S1_dust1/10121_S1_dust1_00010":{"y":10.68,"width":160,"height":160},"EF/10121_S1_dust1/10121_S1_dust1_00012":{"y":10.68,"width":160,"height":160},"EF/10121_S1_dust1/10121_S1_dust1_00014":{"y":10.68,"width":160,"height":160}},"EF/10121_S1_dust1/10121_S1_dust1_3":{"EF/10121_S1_dust1/10121_S1_dust1_00001":{"y":10.68,"width":160,"height":160},"EF/10121_S1_dust1/10121_S1_dust1_00003":{"y":10.68,"width":160,"height":160},"EF/10121_S1_dust1/10121_S1_dust1_00004":{"y":10.68,"width":160,"height":160},"EF/10121_S1_dust1/10121_S1_dust1_00006":{"y":10.68,"width":160,"height":160},"EF/10121_S1_dust1/10121_S1_dust1_00008":{"y":10.68,"width":160,"height":160},"EF/10121_S1_dust1/10121_S1_dust1_00010":{"y":10.68,"width":160,"height":160},"EF/10121_S1_dust1/10121_S1_dust1_00012":{"y":10.68,"width":160,"height":160},"EF/10121_S1_dust1/10121_S1_dust1_00014":{"y":10.68,"width":160,"height":160}},"EF/10121_S1_ex1/10121_S1_ex1_00001":{"EF/10121_S1_ex1/10121_S1_ex1_00001":{"width":188,"height":188},"EF/10121_S1_ex1/10121_S1_ex1_00003":{"width":188,"height":188},"EF/10121_S1_ex1/10121_S1_ex1_00005":{"width":188,"height":188},"EF/10121_S1_ex1/10121_S1_ex1_00007":{"width":188,"height":188},"EF/10121_S1_ex1/10121_S1_ex1_00009":{"width":188,"height":188}},"EF/10121_S1_ex4/10121_S1_ex4_00001":{"EF/10121_S1_ex4/10121_S1_ex4_00003":{"y":9.25,"width":250,"height":250},"EF/10121_S1_ex4/10121_S1_ex4_00005":{"y":9.25,"width":250,"height":250},"EF/10121_S1_ex4/10121_S1_ex4_00006":{"y":9.25,"width":250,"height":250},"EF/10121_S1_ex4/10121_S1_ex4_00007":{"y":9.25,"width":250,"height":250},"EF/10121_S1_ex4/10121_S1_ex4_00009":{"y":9.25,"width":250,"height":250}}}},"events":{"event":{},"hit":{},"sound":{}},"animations":{"attack1":{"slots":{"DAMAGEAREA":{"attachment":[{"time":0.2,"name":"DAMAGEAREA"},{"time":0.3333,"name":null},{"time":1.0333,"name":"DAMAGEAREA"},{"time":1.1666,"name":null}]},"EF/10121_S1_dragon1":{"attachment":[{"time":0.3333,"name":"EF/10121_S1_dragon1"}],"color":[{"time":0.3333,"color":"ffffff00"},{"time":0.4333,"color":"ffffffff","curve":"stepped"},{"time":0.9666,"color":"ffffffff"},{"time":1.0666,"color":"ffffff00"}]},"EF/10121_S1_dragon2":{"attachment":[{"time":0.2,"name":"EF/10121_S1_dragon2"}],"color":[{"time":0.2,"color":"ffffff00"},{"time":0.3,"color":"ffffffff","curve":"stepped"},{"time":0.9666,"color":"ffffffff"},{"time":1.0666,"color":"ffffff00"}]},"EF/10121_S1_dragon_BLUR":{"attachment":[{"time":0.2,"name":"EF/10121_S1_dragon_BLUR"},{"time":1.1333,"name":null}],"color":[{"time":0.2,"color":"ff00a469"},{"time":0.3333,"color":"ff008dff"},{"time":0.4333,"color":"ff007c00"},{"time":0.9,"color":"ff002d00"},{"time":0.9666,"color":"ff002d4e"},{"time":1.0333,"color":"ff002dff"},{"time":1.1333,"color":"ff002d00"}]},"EF/10121_S1_dust1/10121_S1_dust1_00001":{"attachment":[{"time":0.1333,"name":"EF/10121_S1_dust1/10121_S1_dust1_00001"},{"time":0.1666,"name":"EF/10121_S1_dust1/10121_S1_dust1_00003"},{"time":0.2333,"name":"EF/10121_S1_dust1/10121_S1_dust1_00004"},{"time":0.3333,"name":"EF/10121_S1_dust1/10121_S1_dust1_00006"},{"time":0.4,"name":"EF/10121_S1_dust1/10121_S1_dust1_00008"},{"time":0.4666,"name":"EF/10121_S1_dust1/10121_S1_dust1_00010"},{"time":0.5666,"name":"EF/10121_S1_dust1/10121_S1_dust1_00012"},{"time":0.6333,"name":"EF/10121_S1_dust1/10121_S1_dust1_00014"},{"time":0.7,"name":null},{"time":0.7333,"name":"EF/10121_S1_dust1/10121_S1_dust1_00001"},{"time":0.7666,"name":"EF/10121_S1_dust1/10121_S1_dust1_00003"},{"time":0.8333,"name":"EF/10121_S1_dust1/10121_S1_dust1_00004"},{"time":0.9333,"name":"EF/10121_S1_dust1/10121_S1_dust1_00006"},{"time":1,"name":"EF/10121_S1_dust1/10121_S1_dust1_00008"},{"time":1.0666,"name":"EF/10121_S1_dust1/10121_S1_dust1_00010"},{"time":1.1666,"name":"EF/10121_S1_dust1/10121_S1_dust1_00012"},{"time":1.2333,"name":"EF/10121_S1_dust1/10121_S1_dust1_00014"},{"time":1.3,"name":null}],"color":[{"time":0.1333,"color":"ffffffff","curve":"stepped"},{"time":0.5666,"color":"ffffffff"},{"time":0.7,"color":"ffffff00","curve":"stepped"},{"time":0.7333,"color":"ffffffff","curve":"stepped"},{"time":1.1666,"color":"ffffffff"},{"time":1.3,"color":"ffffff00"}]},"EF/10121_S1_dust1/10121_S1_dust1_1":{"attachment":[{"time":0.4,"name":"EF/10121_S1_dust1/10121_S1_dust1_00001"},{"time":0.4666,"name":"EF/10121_S1_dust1/10121_S1_dust1_00003"},{"time":0.5666,"name":"EF/10121_S1_dust1/10121_S1_dust1_00004"},{"time":0.6666,"name":"EF/10121_S1_dust1/10121_S1_dust1_00006"},{"time":0.7333,"name":"EF/10121_S1_dust1/10121_S1_dust1_00008"},{"time":0.8333,"name":"EF/10121_S1_dust1/10121_S1_dust1_00010"},{"time":0.9333,"name":"EF/10121_S1_dust1/10121_S1_dust1_00012"},{"time":1,"name":"EF/10121_S1_dust1/10121_S1_dust1_00014"},{"time":1.0666,"name":null}]},"EF/10121_S1_dust1/10121_S1_dust1_2":{"attachment":[{"time":0.5666,"name":"EF/10121_S1_dust1/10121_S1_dust1_00001"},{"time":0.6333,"name":"EF/10121_S1_dust1/10121_S1_dust1_00003"},{"time":0.7,"name":"EF/10121_S1_dust1/10121_S1_dust1_00004"},{"time":0.7666,"name":"EF/10121_S1_dust1/10121_S1_dust1_00006"},{"time":0.8333,"name":"EF/10121_S1_dust1/10121_S1_dust1_00008"},{"time":0.9,"name":"EF/10121_S1_dust1/10121_S1_dust1_00010"},{"time":0.9666,"name":"EF/10121_S1_dust1/10121_S1_dust1_00012"},{"time":1.0333,"name":"EF/10121_S1_dust1/10121_S1_dust1_00014"},{"time":1.1,"name":null}]},"EF/10121_S1_dust1/10121_S1_dust1_3":{"attachment":[{"time":0.2,"name":"EF/10121_S1_dust1/10121_S1_dust1_00001"},{"time":0.2666,"name":"EF/10121_S1_dust1/10121_S1_dust1_00003"},{"time":0.3333,"name":"EF/10121_S1_dust1/10121_S1_dust1_00004"},{"time":0.4333,"name":"EF/10121_S1_dust1/10121_S1_dust1_00006"},{"time":0.5,"name":"EF/10121_S1_dust1/10121_S1_dust1_00008"},{"time":0.5666,"name":"EF/10121_S1_dust1/10121_S1_dust1_00010"},{"time":0.6333,"name":"EF/10121_S1_dust1/10121_S1_dust1_00012"},{"time":0.7,"name":"EF/10121_S1_dust1/10121_S1_dust1_00014"},{"time":0.7666,"name":null}]},"EF/10121_S1_ex1/10121_S1_ex1_00001":{"attachment":[{"time":0.9666,"name":"EF/10121_S1_ex1/10121_S1_ex1_00001"},{"time":1.0333,"name":"EF/10121_S1_ex1/10121_S1_ex1_00003"},{"time":1.0666,"name":"EF/10121_S1_ex1/10121_S1_ex1_00005"},{"time":1.1333,"name":"EF/10121_S1_ex1/10121_S1_ex1_00007"},{"time":1.1666,"name":"EF/10121_S1_ex1/10121_S1_ex1_00009"},{"time":1.2333,"name":null}]},"EF/10121_S1_ex4/10121_S1_ex4_00001":{"attachment":[{"time":0.2,"name":"EF/10121_S1_ex4/10121_S1_ex4_00003"},{"time":0.2666,"name":"EF/10121_S1_ex4/10121_S1_ex4_00005"},{"time":0.3,"name":"EF/10121_S1_ex4/10121_S1_ex4_00006"},{"time":0.3666,"name":"EF/10121_S1_ex4/10121_S1_ex4_00007"},{"time":0.4,"name":"EF/10121_S1_ex4/10121_S1_ex4_00009"},{"time":0.4666,"name":null},{"time":0.9666,"name":"EF/10121_S1_ex4/10121_S1_ex4_00003"},{"time":1.0333,"name":"EF/10121_S1_ex4/10121_S1_ex4_00005"},{"time":1.1,"name":"EF/10121_S1_ex4/10121_S1_ex4_00006"},{"time":1.1666,"name":"EF/10121_S1_ex4/10121_S1_ex4_00007"},{"time":1.2333,"name":"EF/10121_S1_ex4/10121_S1_ex4_00009"},{"time":1.4,"name":null}],"color":[{"time":0.4,"color":"ffffffff"},{"time":0.4666,"color":"ffffff00","curve":"stepped"},{"time":0.9666,"color":"ffffffff","curve":"stepped"},{"time":1.2333,"color":"ffffffff"},{"time":1.3666,"color":"ffffff00"}]}},"bones":{"S1_dust1_00001":{"translate":[{"time":0.1333,"x":-152.45,"y":-2.5,"curve":"stepped"},{"time":0.7333,"x":-155.18,"y":-13.45}],"scale":[{"time":0.1333,"x":3.946,"y":2.99,"curve":"stepped"},{"time":0.7333,"x":-3.95,"y":2.99}]},"S1_dragon1":{"rotate":[{"time":0.1333,"angle":-33.36,"curve":[0.279,0.25,0.713,0.31]},{"time":0.3333,"angle":-10.89},{"time":0.4666,"angle":-10.59},{"time":0.7,"angle":-7.88},{"time":0.8333,"angle":-2.87,"curve":[0.21,0.81,0.771,0.59]},{"time":0.9666,"angle":46.91},{"time":1.1333,"angle":78.37}],"translate":[{"time":0.1333,"x":-474.1,"y":-343.09,"curve":[0.206,0.69,0.44,0.86]},{"time":0.3333,"x":-591.78,"y":-213.03},{"time":0.4666,"x":-606.1,"y":-211.1},{"time":0.7,"x":-619.23,"y":-205.07},{"time":0.9666,"x":-628.04,"y":-204.51},{"time":1.1333,"x":-801.85,"y":-354.07}],"scale":[{"time":0.1333,"x":1,"y":1},{"time":0.3333,"x":1.378,"y":1.378}]},"S1_ex4_00001":{"translate":[{"time":0.2,"x":-121.49,"y":-10.39,"curve":"stepped"},{"time":0.4,"x":-121.49,"y":-10.39},{"time":0.4666,"x":-121.49,"y":91.2,"curve":"stepped"},{"time":0.9666,"x":-329.96,"y":-10.39,"curve":"stepped"},{"time":1.2333,"x":-292.83,"y":-10.39,"curve":"stepped"},{"time":1.3666,"x":-292.83,"y":67.22}],"scale":[{"time":0.2,"x":2.626,"y":1.28},{"time":0.2666,"x":3.647,"y":3.23,"curve":"stepped"},{"time":0.4,"x":3.647,"y":3.23},{"time":0.4666,"x":1.979,"y":1.979,"curve":"stepped"},{"time":0.9666,"x":2.93,"y":1.28},{"time":1.0333,"x":3.959,"y":3.23}]},"S1_ex1_00001":{"translate":[{"time":0.9666,"x":-293.07,"y":41.28,"curve":"stepped"},{"time":1.0666,"x":-293.07,"y":41.28},{"time":1.2333,"x":-293.07,"y":-4.91}],"scale":[{"time":0.9666,"x":1.41,"y":1.41},{"time":1.0666,"x":4.196,"y":4.196,"curve":"stepped"},{"time":1.1333,"x":4.196,"y":4.196},{"time":1.2333,"x":5.661,"y":5.661}]},"S1_dragon2":{"rotate":[{"time":0.1333,"angle":-58,"curve":[0.209,0,0.596,0.4]},{"time":0.2333,"angle":-28.33,"curve":[0.338,0.29,0.682,0.63]},{"time":0.3333,"angle":-13.25},{"time":0.4666,"angle":-3.55},{"time":0.7,"angle":11.14,"curve":[0.452,0,0.94,0.2]},{"time":0.9666,"angle":10.42},{"time":1.1333,"angle":72.77}],"translate":[{"time":0.1333,"x":-451.44,"y":-289.53,"curve":[0.23,0.62,0.487,0.85]},{"time":0.3333,"x":-580.35,"y":-160.12},{"time":0.4666,"x":-594.67,"y":-158.19},{"time":0.7,"x":-607.92,"y":-159.12,"curve":[0.342,0.35,0.685,0.71]},{"time":0.8333,"x":-617.35,"y":-147.29,"curve":[0.379,0.51,0.725,0.9]},{"time":0.9666,"x":-623.86,"y":-149.27},{"time":1.1333,"x":-797.67,"y":-298.82}],"scale":[{"time":0.1333,"x":1,"y":1},{"time":0.3333,"x":1.378,"y":1.378}]},"S1_dust1_1":{"translate":[{"time":0.4,"x":-218.18,"y":-7.06}],"scale":[{"time":0.4,"x":3.946,"y":2.99}]},"S1_dust1_3":{"translate":[{"time":0.2,"x":-97.69,"y":27.38}],"scale":[{"time":0.2,"x":-2.74,"y":2.737}]},"S1_dust1_2":{"translate":[{"time":0.5666,"x":-149.73,"y":25.56}],"scale":[{"time":0.5666,"x":2.617,"y":2.617}]},"MAIN":{"translate":[{"time":0,"x":251.23,"y":0}]},"DAMAGEAREA":{"translate":[{"time":0.2,"x":88.05,"y":59.5,"curve":"stepped"},{"time":1.0333,"x":-78.54,"y":59.5}],"scale":[{"time":0.2,"x":4.998,"y":2.404,"curve":"stepped"},{"time":1.0333,"x":5.712,"y":2.976}]}},"events":[{"time":0,"name":"event","int":30,"string":"setPositionX_Target"},{"time":0.0333,"name":"event","string":"setForceImpact(1)"},{"time":0.0666,"name":"event","string":"kImpactType_knock"},{"time":0.1,"name":"event","float":0.1,"string":"kHitStopType_enemyonly"},{"time":0.2666,"name":"sound","string":"cri_se_battle_037_explosion_element_05"},{"time":0.3333,"name":"event","string":"shakeGround"},{"time":0.8333,"name":"event","string":"setForceImpact(0)"},{"time":0.8666,"name":"hit","string":"resetHitList"},{"time":0.9,"name":"event","float":0.1,"string":"kHitStopType_normal"},{"time":1,"name":"sound","string":"cri_se_battle_037_explosion_element_05"},{"time":1.0666,"name":"event"}]},"empty":{}}}