{"skeleton":{"hash":"8tYmaiVcN9rZ6+yplpihckzw+RY","spine":"3.0.12","width":0,"height":0},"bones":[{"name":"root"},{"name":"MAIN","parent":"root"},{"name":"EFSkill1","parent":"MAIN"},{"name":"EFWave2","parent":"EFSkill1"},{"name":"S1_wave4","parent":"EFWave2","scaleX":2,"rotation":28.56},{"name":"S1_wave3","parent":"EFWave2","scaleX":2,"rotation":28.56},{"name":"S1_wave2","parent":"EFWave2","scaleX":2,"rotation":28.56},{"name":"EFWave","parent":"EFSkill1"},{"name":"S1_wave","parent":"EFWave","scaleX":2,"scaleY":2},{"name":"EFDash","parent":"EFSkill1"},{"name":"S1_dash","parent":"EFDash","scaleX":2.4,"scaleY":2},{"name":"EFOther","parent":"MAIN"},{"name":"EFExprod","parent":"EFOther"},{"name":"exprod2","parent":"EFExprod","scaleX":2,"scaleY":2},{"name":"exprod","parent":"EFExprod","scaleX":2,"scaleY":2},{"name":"EFBlossom2","parent":"EFOther"},{"name":"blossom2","parent":"EFBlossom2","scaleX":2,"scaleY":2},{"name":"EFBlossom","parent":"EFOther"},{"name":"blossom","parent":"EFBlossom","scaleX":2,"scaleY":2},{"name":"DAMAGEAREA","parent":"root"}],"slots":[{"name":"710_S1_wave2/710_S1_wave2_00039","bone":"S1_wave","blend":"additive"},{"name":"710_S1_wave2/710_S1_wave2_39","bone":"S1_wave2","blend":"additive"},{"name":"710_S1_wave2/710_S1_wave2_40","bone":"S1_wave3","blend":"additive"},{"name":"710_S1_wave2/710_S1_wave2_41","bone":"S1_wave4","blend":"additive"},{"name":"710_S1_blossom1/710_S1_blossom1_00038","bone":"blossom","blend":"additive"},{"name":"710_S1_blossom1/710_S1_blossom1_38","bone":"blossom2","blend":"additive"},{"name":"710_S1_dash1/710_S1_dash1_00038","bone":"S1_dash","blend":"additive"},{"name":"710_S1_ex1/710_S1_ex1_00038","bone":"exprod","blend":"additive"},{"name":"710_S1_ex1/710_S1_ex1_38","bone":"exprod2","blend":"additive"},{"name":"DAMAGEAREA","bone":"DAMAGEAREA"}],"skins":{"default":{"710_S1_blossom1/710_S1_blossom1_00038":{"710_S1_blossom1/710_S1_blossom1_00047":{"width":260,"height":260},"710_S1_blossom1/710_S1_blossom1_00049":{"width":260,"height":260},"710_S1_blossom1/710_S1_blossom1_00050":{"width":260,"height":260},"710_S1_blossom1/710_S1_blossom1_00053":{"width":260,"height":260},"710_S1_blossom1/710_S1_blossom1_00056":{"width":260,"height":260},"710_S1_blossom1/710_S1_blossom1_00058":{"width":260,"height":260},"710_S1_blossom1/710_S1_blossom1_00059":{"width":260,"height":260},"710_S1_blossom1/710_S1_blossom1_00062":{"width":260,"height":260},"710_S1_blossom1/710_S1_blossom1_00064":{"width":260,"height":260},"710_S1_blossom1/710_S1_blossom1_00066":{"width":260,"height":260}},"710_S1_blossom1/710_S1_blossom1_38":{"710_S1_blossom1/710_S1_blossom1_00047":{"width":260,"height":260},"710_S1_blossom1/710_S1_blossom1_00049":{"width":260,"height":260},"710_S1_blossom1/710_S1_blossom1_00050":{"width":260,"height":260},"710_S1_blossom1/710_S1_blossom1_00053":{"width":260,"height":260},"710_S1_blossom1/710_S1_blossom1_00056":{"width":260,"height":260},"710_S1_blossom1/710_S1_blossom1_00058":{"width":260,"height":260},"710_S1_blossom1/710_S1_blossom1_00059":{"width":260,"height":260},"710_S1_blossom1/710_S1_blossom1_00062":{"width":260,"height":260},"710_S1_blossom1/710_S1_blossom1_00064":{"width":260,"height":260},"710_S1_blossom1/710_S1_blossom1_00066":{"width":260,"height":260}},"710_S1_dash1/710_S1_dash1_00038":{"710_S1_dash1/710_S1_dash1_00039":{"x":12.79,"y":2.47,"width":216,"height":216},"710_S1_dash1/710_S1_dash1_00040":{"x":12.79,"y":2.47,"width":400,"height":400},"710_S1_dash1/710_S1_dash1_00041":{"x":12.79,"y":2.47,"width":400,"height":400}},"710_S1_ex1/710_S1_ex1_00038":{"710_S1_ex1/710_S1_ex1_00038":{"width":300,"height":300},"710_S1_ex1/710_S1_ex1_00040":{"width":300,"height":300},"710_S1_ex1/710_S1_ex1_00042":{"width":300,"height":300},"710_S1_ex1/710_S1_ex1_00045":{"width":300,"height":300},"710_S1_ex1/710_S1_ex1_00047":{"width":300,"height":300}},"710_S1_ex1/710_S1_ex1_38":{"710_S1_ex1/710_S1_ex1_00038":{"width":300,"height":300},"710_S1_ex1/710_S1_ex1_00040":{"width":300,"height":300},"710_S1_ex1/710_S1_ex1_00042":{"width":300,"height":300},"710_S1_ex1/710_S1_ex1_00045":{"width":300,"height":300},"710_S1_ex1/710_S1_ex1_00047":{"width":300,"height":300}},"710_S1_wave2/710_S1_wave2_00039":{"710_S1_wave2/710_S1_wave2_00040":{"x":1.09,"y":1.99,"width":200,"height":200},"710_S1_wave2/710_S1_wave2_00044":{"x":1.09,"y":1.99,"width":200,"height":200},"710_S1_wave2/710_S1_wave2_00046":{"x":1.09,"y":1.99,"width":200,"height":200}},"710_S1_wave2/710_S1_wave2_39":{"710_S1_wave2/710_S1_wave2_00040":{"x":1.09,"y":1.99,"width":200,"height":200},"710_S1_wave2/710_S1_wave2_00044":{"x":1.09,"y":1.99,"width":200,"height":200},"710_S1_wave2/710_S1_wave2_00046":{"x":1.09,"y":1.99,"width":200,"height":200}},"710_S1_wave2/710_S1_wave2_40":{"710_S1_wave2/710_S1_wave2_00040":{"x":1.09,"y":1.99,"width":200,"height":200},"710_S1_wave2/710_S1_wave2_00044":{"x":1.09,"y":1.99,"width":200,"height":200},"710_S1_wave2/710_S1_wave2_00046":{"x":1.09,"y":1.99,"width":200,"height":200}},"710_S1_wave2/710_S1_wave2_41":{"710_S1_wave2/710_S1_wave2_00040":{"x":1.09,"y":1.99,"width":200,"height":200},"710_S1_wave2/710_S1_wave2_00044":{"x":1.09,"y":1.99,"width":200,"height":200},"710_S1_wave2/710_S1_wave2_00046":{"x":1.09,"y":1.99,"width":200,"height":200}},"DAMAGEAREA":{"DAMAGEAREA":{"type":"boundingbox","vertices":[-65.08422,-65.46908,64.51174,-65.46908,64.51174,63.41086,-63.65223,63.41086]}}}},"events":{"Event":{},"Hit":{},"Sound1":{},"Sound2":{},"Sound3":{}},"animations":{"attack1":{"slots":{"710_S1_blossom1/710_S1_blossom1_00038":{"attachment":[{"time":0.1666,"name":null},{"time":0.2,"name":"710_S1_blossom1/710_S1_blossom1_00047"},{"time":0.2333,"name":"710_S1_blossom1/710_S1_blossom1_00049"},{"time":0.2666,"name":"710_S1_blossom1/710_S1_blossom1_00050"},{"time":0.3,"name":"710_S1_blossom1/710_S1_blossom1_00053"},{"time":0.3333,"name":"710_S1_blossom1/710_S1_blossom1_00056"},{"time":0.3666,"name":"710_S1_blossom1/710_S1_blossom1_00058"},{"time":0.4,"name":"710_S1_blossom1/710_S1_blossom1_00059"},{"time":0.4333,"name":"710_S1_blossom1/710_S1_blossom1_00062"},{"time":0.4666,"name":"710_S1_blossom1/710_S1_blossom1_00064"},{"time":0.5,"name":"710_S1_blossom1/710_S1_blossom1_00066"},{"time":0.5333,"name":null}]},"710_S1_blossom1/710_S1_blossom1_38":{"attachment":[{"time":0.3,"name":"710_S1_blossom1/710_S1_blossom1_00049"},{"time":0.3333,"name":"710_S1_blossom1/710_S1_blossom1_00050"},{"time":0.3666,"name":"710_S1_blossom1/710_S1_blossom1_00053"},{"time":0.4,"name":"710_S1_blossom1/710_S1_blossom1_00056"},{"time":0.4333,"name":"710_S1_blossom1/710_S1_blossom1_00056"},{"time":0.4666,"name":"710_S1_blossom1/710_S1_blossom1_00058"},{"time":0.5,"name":"710_S1_blossom1/710_S1_blossom1_00059"},{"time":0.5333,"name":"710_S1_blossom1/710_S1_blossom1_00062"}]},"710_S1_dash1/710_S1_dash1_00038":{"attachment":[{"time":0.1333,"name":"710_S1_dash1/710_S1_dash1_00039"},{"time":0.1666,"name":"710_S1_dash1/710_S1_dash1_00040"},{"time":0.2,"name":"710_S1_dash1/710_S1_dash1_00041"},{"time":0.3333,"name":null}],"color":[{"time":0.2333,"color":"ffffffff"},{"time":0.3333,"color":"ffffff00"}]},"710_S1_ex1/710_S1_ex1_00038":{"attachment":[{"time":0.1333,"name":"710_S1_ex1/710_S1_ex1_00038"},{"time":0.2,"name":"710_S1_ex1/710_S1_ex1_00040"},{"time":0.2333,"name":"710_S1_ex1/710_S1_ex1_00042"},{"time":0.2666,"name":"710_S1_ex1/710_S1_ex1_00045"},{"time":0.3,"name":"710_S1_ex1/710_S1_ex1_00047"},{"time":0.3333,"name":null}]},"710_S1_wave2/710_S1_wave2_00039":{"attachment":[{"time":0.1,"name":null}]},"DAMAGEAREA":{"attachment":[{"time":0.2,"name":"DAMAGEAREA"}]}},"bones":{"S1_dash":{"translate":[{"time":0.1333,"x":-102.05,"y":41.44,"curve":"stepped"},{"time":0.1666,"x":-85.55,"y":41.44}],"scale":[{"time":0.1333,"x":1.333,"y":2.104},{"time":0.3333,"x":1.333,"y":0.159}]},"exprod":{"translate":[{"time":0.1333,"x":68.14,"y":64.71},{"time":0.1666,"x":68.14,"y":68.46}],"scale":[{"time":0.1333,"x":1.52,"y":1.52},{"time":0.1666,"x":1.719,"y":1.719}]},"blossom":{"rotate":[{"time":0.1666,"angle":-90.67}],"translate":[{"time":0.1666,"x":-348.01,"y":56.8},{"time":0.5333,"x":-84.56,"y":95.88}],"scale":[{"time":0.1666,"x":2.23,"y":1.438}]},"blossom2":{"rotate":[{"time":0.3,"angle":-91.85}],"translate":[{"time":0.3,"x":-222.75,"y":58.85}],"scale":[{"time":0.3,"x":2.255,"y":1.527}]},"DAMAGEAREA":{"translate":[{"time":0.2,"x":-119.07,"y":55.88}],"scale":[{"time":0.2,"x":7.525,"y":1}]}},"events":[{"time":0,"name":"Event","float":0.2,"string":"kHitStopType_normal"},{"time":0.0666,"name":"Sound1","string":"cri_se_battle_sword_srash"},{"time":0.0666,"name":"Sound2","string":"cri_se_battle_teleport"},{"time":0.1,"name":"Sound1","string":"cri_se_battle_skill_dash_ef"},{"time":0.1,"name":"Sound2","string":"setHitSound(se_battle_sword_heavy_hit)"}]}}}