{"skeleton":{"hash":"P5s5RrtXD0yav3LaOM/GI/HrIgA","spine":"3.0.12","width":0,"height":0},"bones":[{"name":"root"},{"name":"MAIN","parent":"root"},{"name":"ef_fire_slash2","parent":"MAIN"},{"name":"ef_fire_slash1","parent":"MAIN"},{"name":"ef_fire_main2","parent":"MAIN"},{"name":"ef_fire_dash2_d","parent":"MAIN"},{"name":"ef_fire_dash2_c","parent":"MAIN"},{"name":"ef_fire_dash2_b","parent":"MAIN"},{"name":"ef_fire_dash2","parent":"MAIN"},{"name":"DAMAGEAREA","parent":"root"}],"slots":[{"name":"EF/skill1/ef/SKI1_ef_fire_dash_main2/ef_fire_dash_main 2_00001","bone":"ef_fire_dash2"},{"name":"EF/skill1/ef/SKI1_ef_fire_dash_main2/ef_fire_dash_main 2_1","bone":"ef_fire_dash2_b"},{"name":"EF/skill1/ef/SKI1_ef_fire_dash_main2/ef_fire_dash_main 2_2","bone":"ef_fire_dash2_c"},{"name":"EF/skill1/ef/SKI1_ef_fire_dash_main2/ef_fire_dash_main 2_3","bone":"ef_fire_dash2_d"},{"name":"EF/skill1/ef/SKI1_ef_fire_main2/ef_fire_main 2_00001","bone":"ef_fire_main2"},{"name":"EF/skill1/ef/SKI1_ef_fire_slash_main/ef_fire_slash_main_00002","bone":"ef_fire_slash1","blend":"additive"},{"name":"EF/skill1/ef/SKI1_ef_fire_slash_main2/ef_fire_slash_main 2_00002","bone":"ef_fire_slash2"},{"name":"DAMAGEAREA","bone":"DAMAGEAREA"}],"skins":{"default":{"DAMAGEAREA":{"DAMAGEAREA":{"type":"boundingbox","vertices":[-63.91809,-63.83902,64.32321,-63.30018,64.32321,64.40226,-63.91809,64.40226]}},"EF/skill1/ef/SKI1_ef_fire_dash_main2/ef_fire_dash_main 2_00001":{"EF/skill1/ef/SKI1_ef_fire_dash_main2/ef_fire_dash_main 2_00001":{"y":55.59,"width":240,"height":240},"EF/skill1/ef/SKI1_ef_fire_dash_main2/ef_fire_dash_main 2_00003":{"y":55.59,"width":240,"height":240},"EF/skill1/ef/SKI1_ef_fire_dash_main2/ef_fire_dash_main 2_00004":{"y":55.59,"width":240,"height":240},"EF/skill1/ef/SKI1_ef_fire_dash_main2/ef_fire_dash_main 2_00006":{"y":55.59,"width":240,"height":240},"EF/skill1/ef/SKI1_ef_fire_dash_main2/ef_fire_dash_main 2_00007":{"y":55.59,"width":240,"height":240},"EF/skill1/ef/SKI1_ef_fire_dash_main2/ef_fire_dash_main 2_00009":{"y":55.59,"width":240,"height":240},"EF/skill1/ef/SKI1_ef_fire_dash_main2/ef_fire_dash_main 2_00010":{"y":55.59,"width":240,"height":240},"EF/skill1/ef/SKI1_ef_fire_dash_main2/ef_fire_dash_main 2_00011":{"y":55.59,"width":240,"height":240},"EF/skill1/ef/SKI1_ef_fire_dash_main2/ef_fire_dash_main 2_00013":{"y":55.59,"width":240,"height":240},"EF/skill1/ef/SKI1_ef_fire_dash_main2/ef_fire_dash_main 2_00014":{"y":55.59,"width":240,"height":240},"EF/skill1/ef/SKI1_ef_fire_dash_main2/ef_fire_dash_main 2_00016":{"y":55.59,"width":240,"height":240}},"EF/skill1/ef/SKI1_ef_fire_dash_main2/ef_fire_dash_main 2_1":{"EF/skill1/ef/SKI1_ef_fire_dash_main2/ef_fire_dash_main 2_00001":{"y":55.59,"width":240,"height":240},"EF/skill1/ef/SKI1_ef_fire_dash_main2/ef_fire_dash_main 2_00003":{"y":55.59,"width":240,"height":240},"EF/skill1/ef/SKI1_ef_fire_dash_main2/ef_fire_dash_main 2_00004":{"y":55.59,"width":240,"height":240},"EF/skill1/ef/SKI1_ef_fire_dash_main2/ef_fire_dash_main 2_00006":{"y":55.59,"width":240,"height":240},"EF/skill1/ef/SKI1_ef_fire_dash_main2/ef_fire_dash_main 2_00007":{"y":55.59,"width":240,"height":240},"EF/skill1/ef/SKI1_ef_fire_dash_main2/ef_fire_dash_main 2_00009":{"y":55.59,"width":240,"height":240},"EF/skill1/ef/SKI1_ef_fire_dash_main2/ef_fire_dash_main 2_00010":{"y":55.59,"width":240,"height":240},"EF/skill1/ef/SKI1_ef_fire_dash_main2/ef_fire_dash_main 2_00011":{"y":55.59,"width":240,"height":240},"EF/skill1/ef/SKI1_ef_fire_dash_main2/ef_fire_dash_main 2_00013":{"y":55.59,"width":240,"height":240},"EF/skill1/ef/SKI1_ef_fire_dash_main2/ef_fire_dash_main 2_00014":{"y":55.59,"width":240,"height":240},"EF/skill1/ef/SKI1_ef_fire_dash_main2/ef_fire_dash_main 2_00016":{"y":55.59,"width":240,"height":240}},"EF/skill1/ef/SKI1_ef_fire_dash_main2/ef_fire_dash_main 2_2":{"EF/skill1/ef/SKI1_ef_fire_dash_main2/ef_fire_dash_main 2_00001":{"y":55.59,"width":240,"height":240},"EF/skill1/ef/SKI1_ef_fire_dash_main2/ef_fire_dash_main 2_00003":{"y":55.59,"width":240,"height":240},"EF/skill1/ef/SKI1_ef_fire_dash_main2/ef_fire_dash_main 2_00004":{"y":55.59,"width":240,"height":240},"EF/skill1/ef/SKI1_ef_fire_dash_main2/ef_fire_dash_main 2_00006":{"y":55.59,"width":240,"height":240},"EF/skill1/ef/SKI1_ef_fire_dash_main2/ef_fire_dash_main 2_00007":{"y":55.59,"width":240,"height":240},"EF/skill1/ef/SKI1_ef_fire_dash_main2/ef_fire_dash_main 2_00009":{"y":55.59,"width":240,"height":240},"EF/skill1/ef/SKI1_ef_fire_dash_main2/ef_fire_dash_main 2_00010":{"y":55.59,"width":240,"height":240},"EF/skill1/ef/SKI1_ef_fire_dash_main2/ef_fire_dash_main 2_00011":{"y":55.59,"width":240,"height":240},"EF/skill1/ef/SKI1_ef_fire_dash_main2/ef_fire_dash_main 2_00013":{"y":55.59,"width":240,"height":240},"EF/skill1/ef/SKI1_ef_fire_dash_main2/ef_fire_dash_main 2_00014":{"y":55.59,"width":240,"height":240},"EF/skill1/ef/SKI1_ef_fire_dash_main2/ef_fire_dash_main 2_00016":{"y":55.59,"width":240,"height":240}},"EF/skill1/ef/SKI1_ef_fire_dash_main2/ef_fire_dash_main 2_3":{"EF/skill1/ef/SKI1_ef_fire_dash_main2/ef_fire_dash_main 2_00001":{"y":55.59,"width":240,"height":240},"EF/skill1/ef/SKI1_ef_fire_dash_main2/ef_fire_dash_main 2_00003":{"y":55.59,"width":240,"height":240},"EF/skill1/ef/SKI1_ef_fire_dash_main2/ef_fire_dash_main 2_00004":{"y":55.59,"width":240,"height":240},"EF/skill1/ef/SKI1_ef_fire_dash_main2/ef_fire_dash_main 2_00006":{"y":55.59,"width":240,"height":240},"EF/skill1/ef/SKI1_ef_fire_dash_main2/ef_fire_dash_main 2_00007":{"y":55.59,"width":240,"height":240},"EF/skill1/ef/SKI1_ef_fire_dash_main2/ef_fire_dash_main 2_00009":{"y":55.59,"width":240,"height":240},"EF/skill1/ef/SKI1_ef_fire_dash_main2/ef_fire_dash_main 2_00010":{"y":55.59,"width":240,"height":240},"EF/skill1/ef/SKI1_ef_fire_dash_main2/ef_fire_dash_main 2_00011":{"y":55.59,"width":240,"height":240},"EF/skill1/ef/SKI1_ef_fire_dash_main2/ef_fire_dash_main 2_00013":{"y":55.59,"width":240,"height":240},"EF/skill1/ef/SKI1_ef_fire_dash_main2/ef_fire_dash_main 2_00014":{"y":55.59,"width":240,"height":240},"EF/skill1/ef/SKI1_ef_fire_dash_main2/ef_fire_dash_main 2_00016":{"y":55.59,"width":240,"height":240}},"EF/skill1/ef/SKI1_ef_fire_main2/ef_fire_main 2_00001":{"EF/skill1/ef/SKI1_ef_fire_main2/ef_fire_main 2_00001":{"y":78.01,"width":180,"height":204},"EF/skill1/ef/SKI1_ef_fire_main2/ef_fire_main 2_00002":{"y":78.01,"width":180,"height":204},"EF/skill1/ef/SKI1_ef_fire_main2/ef_fire_main 2_00003":{"y":78.01,"width":180,"height":204},"EF/skill1/ef/SKI1_ef_fire_main2/ef_fire_main 2_00004":{"y":78.01,"width":180,"height":204},"EF/skill1/ef/SKI1_ef_fire_main2/ef_fire_main 2_00005":{"y":78.01,"width":180,"height":204},"EF/skill1/ef/SKI1_ef_fire_main2/ef_fire_main 2_00006":{"y":78.01,"width":180,"height":204},"EF/skill1/ef/SKI1_ef_fire_main2/ef_fire_main 2_00007":{"y":78.01,"width":180,"height":204},"EF/skill1/ef/SKI1_ef_fire_main2/ef_fire_main 2_00008":{"y":78.01,"width":180,"height":204},"EF/skill1/ef/SKI1_ef_fire_main2/ef_fire_main 2_00009":{"y":78.01,"width":180,"height":204},"EF/skill1/ef/SKI1_ef_fire_main2/ef_fire_main 2_00010":{"y":78.01,"width":180,"height":204},"EF/skill1/ef/SKI1_ef_fire_main2/ef_fire_main 2_00011":{"y":78.01,"width":180,"height":204},"EF/skill1/ef/SKI1_ef_fire_main2/ef_fire_main 2_00012":{"y":78.01,"width":180,"height":204}},"EF/skill1/ef/SKI1_ef_fire_slash_main2/ef_fire_slash_main 2_00002":{"EF/skill1/ef/SKI1_ef_fire_slash_main2/ef_fire_slash_main 2_00004":{"width":300,"height":300},"EF/skill1/ef/SKI1_ef_fire_slash_main2/ef_fire_slash_main 2_00005":{"width":300,"height":300},"EF/skill1/ef/SKI1_ef_fire_slash_main2/ef_fire_slash_main 2_00006":{"width":300,"height":300},"EF/skill1/ef/SKI1_ef_fire_slash_main2/ef_fire_slash_main 2_00010":{"width":300,"height":300},"EF/skill1/ef/SKI1_ef_fire_slash_main2/ef_fire_slash_main 2_00015":{"width":300,"height":300}}}},"events":{"Event":{},"Event2":{},"Hit":{},"Sound1":{},"Sound2":{},"Sound3":{}},"animations":{"attack1":{"slots":{"DAMAGEAREA":{"attachment":[{"time":0.1,"name":"DAMAGEAREA"},{"time":0.3666,"name":null}]},"EF/skill1/ef/SKI1_ef_fire_dash_main2/ef_fire_dash_main 2_1":{"attachment":[{"time":0.1666,"name":"EF/skill1/ef/SKI1_ef_fire_dash_main2/ef_fire_dash_main 2_00001"},{"time":0.2,"name":"EF/skill1/ef/SKI1_ef_fire_dash_main2/ef_fire_dash_main 2_00003"},{"time":0.2333,"name":"EF/skill1/ef/SKI1_ef_fire_dash_main2/ef_fire_dash_main 2_00004"},{"time":0.2666,"name":"EF/skill1/ef/SKI1_ef_fire_dash_main2/ef_fire_dash_main 2_00006"},{"time":0.3,"name":"EF/skill1/ef/SKI1_ef_fire_dash_main2/ef_fire_dash_main 2_00007"},{"time":0.3333,"name":"EF/skill1/ef/SKI1_ef_fire_dash_main2/ef_fire_dash_main 2_00009"},{"time":0.3666,"name":"EF/skill1/ef/SKI1_ef_fire_dash_main2/ef_fire_dash_main 2_00010"},{"time":0.4,"name":"EF/skill1/ef/SKI1_ef_fire_dash_main2/ef_fire_dash_main 2_00011"},{"time":0.4333,"name":"EF/skill1/ef/SKI1_ef_fire_dash_main2/ef_fire_dash_main 2_00013"},{"time":0.4666,"name":"EF/skill1/ef/SKI1_ef_fire_dash_main2/ef_fire_dash_main 2_00014"},{"time":0.5,"name":"EF/skill1/ef/SKI1_ef_fire_dash_main2/ef_fire_dash_main 2_00016"},{"time":0.5333,"name":null}]},"EF/skill1/ef/SKI1_ef_fire_dash_main2/ef_fire_dash_main 2_00001":{"attachment":[{"time":0.1,"name":"EF/skill1/ef/SKI1_ef_fire_dash_main2/ef_fire_dash_main 2_00001"},{"time":0.1333,"name":"EF/skill1/ef/SKI1_ef_fire_dash_main2/ef_fire_dash_main 2_00003"},{"time":0.1666,"name":"EF/skill1/ef/SKI1_ef_fire_dash_main2/ef_fire_dash_main 2_00004"},{"time":0.2,"name":"EF/skill1/ef/SKI1_ef_fire_dash_main2/ef_fire_dash_main 2_00006"},{"time":0.2333,"name":"EF/skill1/ef/SKI1_ef_fire_dash_main2/ef_fire_dash_main 2_00007"},{"time":0.2666,"name":"EF/skill1/ef/SKI1_ef_fire_dash_main2/ef_fire_dash_main 2_00009"},{"time":0.3,"name":"EF/skill1/ef/SKI1_ef_fire_dash_main2/ef_fire_dash_main 2_00010"},{"time":0.3333,"name":"EF/skill1/ef/SKI1_ef_fire_dash_main2/ef_fire_dash_main 2_00011"},{"time":0.3666,"name":"EF/skill1/ef/SKI1_ef_fire_dash_main2/ef_fire_dash_main 2_00013"},{"time":0.4,"name":"EF/skill1/ef/SKI1_ef_fire_dash_main2/ef_fire_dash_main 2_00014"},{"time":0.4333,"name":"EF/skill1/ef/SKI1_ef_fire_dash_main2/ef_fire_dash_main 2_00016"},{"time":0.4666,"name":null}]},"EF/skill1/ef/SKI1_ef_fire_dash_main2/ef_fire_dash_main 2_2":{"attachment":[{"time":0.2333,"name":"EF/skill1/ef/SKI1_ef_fire_dash_main2/ef_fire_dash_main 2_00001"},{"time":0.2666,"name":"EF/skill1/ef/SKI1_ef_fire_dash_main2/ef_fire_dash_main 2_00003"},{"time":0.3,"name":"EF/skill1/ef/SKI1_ef_fire_dash_main2/ef_fire_dash_main 2_00004"},{"time":0.3333,"name":"EF/skill1/ef/SKI1_ef_fire_dash_main2/ef_fire_dash_main 2_00006"},{"time":0.3666,"name":"EF/skill1/ef/SKI1_ef_fire_dash_main2/ef_fire_dash_main 2_00007"},{"time":0.4,"name":"EF/skill1/ef/SKI1_ef_fire_dash_main2/ef_fire_dash_main 2_00009"},{"time":0.4333,"name":"EF/skill1/ef/SKI1_ef_fire_dash_main2/ef_fire_dash_main 2_00010"},{"time":0.4666,"name":"EF/skill1/ef/SKI1_ef_fire_dash_main2/ef_fire_dash_main 2_00011"},{"time":0.5,"name":"EF/skill1/ef/SKI1_ef_fire_dash_main2/ef_fire_dash_main 2_00013"},{"time":0.5333,"name":"EF/skill1/ef/SKI1_ef_fire_dash_main2/ef_fire_dash_main 2_00014"},{"time":0.5666,"name":"EF/skill1/ef/SKI1_ef_fire_dash_main2/ef_fire_dash_main 2_00016"},{"time":0.6,"name":null}]},"EF/skill1/ef/SKI1_ef_fire_dash_main2/ef_fire_dash_main 2_3":{"attachment":[{"time":0.3,"name":"EF/skill1/ef/SKI1_ef_fire_dash_main2/ef_fire_dash_main 2_00001"},{"time":0.3333,"name":"EF/skill1/ef/SKI1_ef_fire_dash_main2/ef_fire_dash_main 2_00003"},{"time":0.3666,"name":"EF/skill1/ef/SKI1_ef_fire_dash_main2/ef_fire_dash_main 2_00004"},{"time":0.4,"name":"EF/skill1/ef/SKI1_ef_fire_dash_main2/ef_fire_dash_main 2_00006"},{"time":0.4333,"name":"EF/skill1/ef/SKI1_ef_fire_dash_main2/ef_fire_dash_main 2_00007"},{"time":0.4666,"name":"EF/skill1/ef/SKI1_ef_fire_dash_main2/ef_fire_dash_main 2_00009"},{"time":0.5,"name":"EF/skill1/ef/SKI1_ef_fire_dash_main2/ef_fire_dash_main 2_00010"},{"time":0.5333,"name":"EF/skill1/ef/SKI1_ef_fire_dash_main2/ef_fire_dash_main 2_00011"},{"time":0.5666,"name":"EF/skill1/ef/SKI1_ef_fire_dash_main2/ef_fire_dash_main 2_00013"},{"time":0.6,"name":"EF/skill1/ef/SKI1_ef_fire_dash_main2/ef_fire_dash_main 2_00014"},{"time":0.6333,"name":"EF/skill1/ef/SKI1_ef_fire_dash_main2/ef_fire_dash_main 2_00016"},{"time":0.6666,"name":null}]},"EF/skill1/ef/SKI1_ef_fire_main2/ef_fire_main 2_00001":{"attachment":[{"time":0.1,"name":"EF/skill1/ef/SKI1_ef_fire_main2/ef_fire_main 2_00001"},{"time":0.1333,"name":"EF/skill1/ef/SKI1_ef_fire_main2/ef_fire_main 2_00002"},{"time":0.1666,"name":"EF/skill1/ef/SKI1_ef_fire_main2/ef_fire_main 2_00003"},{"time":0.2,"name":"EF/skill1/ef/SKI1_ef_fire_main2/ef_fire_main 2_00004"},{"time":0.2333,"name":"EF/skill1/ef/SKI1_ef_fire_main2/ef_fire_main 2_00005"},{"time":0.2666,"name":"EF/skill1/ef/SKI1_ef_fire_main2/ef_fire_main 2_00006"},{"time":0.3,"name":"EF/skill1/ef/SKI1_ef_fire_main2/ef_fire_main 2_00007"},{"time":0.3333,"name":"EF/skill1/ef/SKI1_ef_fire_main2/ef_fire_main 2_00008"},{"time":0.3666,"name":"EF/skill1/ef/SKI1_ef_fire_main2/ef_fire_main 2_00009"},{"time":0.4,"name":"EF/skill1/ef/SKI1_ef_fire_main2/ef_fire_main 2_00010"},{"time":0.4333,"name":"EF/skill1/ef/SKI1_ef_fire_main2/ef_fire_main 2_00011"},{"time":0.4666,"name":"EF/skill1/ef/SKI1_ef_fire_main2/ef_fire_main 2_00012"},{"time":0.5,"name":null}]},"EF/skill1/ef/SKI1_ef_fire_slash_main/ef_fire_slash_main_00002":{"attachment":[{"time":0,"name":null}],"color":[{"time":0,"color":"ffffff00"}]},"EF/skill1/ef/SKI1_ef_fire_slash_main2/ef_fire_slash_main 2_00002":{"attachment":[{"time":0.1,"name":"EF/skill1/ef/SKI1_ef_fire_slash_main2/ef_fire_slash_main 2_00004"},{"time":0.1333,"name":"EF/skill1/ef/SKI1_ef_fire_slash_main2/ef_fire_slash_main 2_00005"},{"time":0.2,"name":"EF/skill1/ef/SKI1_ef_fire_slash_main2/ef_fire_slash_main 2_00006"},{"time":0.2666,"name":"EF/skill1/ef/SKI1_ef_fire_slash_main2/ef_fire_slash_main 2_00010"},{"time":0.3333,"name":"EF/skill1/ef/SKI1_ef_fire_slash_main2/ef_fire_slash_main 2_00015"},{"time":0.4,"name":null}],"color":[{"time":0.3,"color":"ffffffff"},{"time":0.4,"color":"ffffff00"}]}},"bones":{"DAMAGEAREA":{"translate":[{"time":0.1,"x":-156.31,"y":111.15},{"time":0.3333,"x":-487.06,"y":114.92}],"scale":[{"time":0.1,"x":2.472,"y":2.22},{"time":0.3333,"x":8.135,"y":2.548}]},"ef_fire_dash2_b":{"translate":[{"time":0.1666,"x":-200,"y":-20}],"scale":[{"time":0.1666,"x":-3.5,"y":3.2}]},"ef_fire_dash2":{"translate":[{"time":0.1,"x":0,"y":-20}],"scale":[{"time":0.1,"x":-3.5,"y":3.2}]},"ef_fire_dash2_c":{"translate":[{"time":0.2333,"x":-400,"y":-20}],"scale":[{"time":0.2333,"x":-3.5,"y":3.2}]},"ef_fire_dash2_d":{"translate":[{"time":0.3,"x":-600,"y":-20}],"scale":[{"time":0.3,"x":-3.5,"y":3.2}]},"ef_fire_main2":{"rotate":[{"time":0.1,"angle":-45},{"time":0.2666,"angle":-66.46}],"translate":[{"time":0.1,"x":-64.44,"y":0},{"time":0.2666,"x":-387.92,"y":141.05}],"scale":[{"time":0.1,"x":4,"y":4}]},"ef_fire_slash1":{"translate":[{"time":0,"x":-874.06,"y":130.7}]},"ef_fire_slash2":{"rotate":[{"time":0.1,"angle":15.15}],"translate":[{"time":0.1,"x":224.53,"y":68.73},{"time":0.4,"x":-874.06,"y":76.71}],"scale":[{"time":0.1,"x":2.5,"y":-2.5}]},"MAIN":{"translate":[{"time":0,"x":-191.05,"y":0}]}},"events":[{"time":0,"name":"Event","float":0.3,"string":"kHitStopType_normal"},{"time":0.0666,"name":"Sound1","string":"cri_se_battle_030_explosion_02"},{"time":0.1,"name":"Event","string":"shakeGround"},{"time":0.1,"name":"Sound3"},{"time":0.1333,"name":"Event","float":0.05,"string":"kHitStopType_normal"},{"time":0.1333,"name":"Sound3","string":"cri_se_battle_explosion_short"},{"time":0.2333,"name":"Sound3","string":"cri_se_battle_explosion_short"},{"time":0.3,"name":"Sound3","string":"cri_se_battle_explosion_short"}]}}}