{"skeleton":{"hash":"YjbHFdCMxXCkfvOgAkYR+DE6Mi4","spine":"3.0.12","width":773.66,"height":1427.76},"bones":[{"name":"root"},{"name":"MAIN","parent":"root"},{"name":"S2_ballet_rain_root","parent":"MAIN"},{"name":"ballet_11","parent":"S2_ballet_rain_root","x":838.46,"y":224.59,"scaleX":2.004,"scaleY":2.004},{"name":"ballet_10","parent":"S2_ballet_rain_root","x":784.34,"y":224.59,"scaleX":2.004,"scaleY":2.004},{"name":"ballet_9","parent":"S2_ballet_rain_root","x":734.29,"y":224.59,"scaleX":2.004,"scaleY":2.004},{"name":"ballet_8","parent":"S2_ballet_rain_root","x":685.12,"y":224.59,"scaleX":2.004,"scaleY":2.004},{"name":"ballet_7","parent":"S2_ballet_rain_root","x":635.96,"y":224.59,"scaleX":2.004,"scaleY":2.004},{"name":"ballet_6","parent":"S2_ballet_rain_root","x":580.37,"y":224.59,"scaleX":2.004,"scaleY":2.004},{"name":"ballet_5","parent":"S2_ballet_rain_root","x":524.78,"y":224.59,"scaleX":2.004,"scaleY":2.004},{"name":"ballet_4","parent":"S2_ballet_rain_root","x":467.49,"y":224.59,"scaleX":2.004,"scaleY":2.004},{"name":"ballet_3","parent":"S2_ballet_rain_root","x":408.47,"y":224.59,"scaleX":2.004,"scaleY":2.004},{"name":"ballet_2","parent":"S2_ballet_rain_root","x":343.73,"y":224.59,"scaleX":2.004,"scaleY":2.004},{"name":"ballet_1","parent":"S2_ballet_rain_root","x":281.26,"y":224.59,"scaleX":2.004,"scaleY":2.004},{"name":"S2_wave_ground_11","parent":"S2_ballet_rain_root","x":273.66,"y":-144.44},{"name":"S2_wave_ground_10","parent":"S2_ballet_rain_root","x":521,"y":-96.3},{"name":"S2_wave_ground_9","parent":"S2_ballet_rain_root","x":465.26,"y":-96.3},{"name":"S2_wave_ground_8","parent":"S2_ballet_rain_root","x":404.86,"y":-96.3},{"name":"S2_wave_ground_7","parent":"S2_ballet_rain_root","x":339.35,"y":-96.3},{"name":"S2_wave_ground_6","parent":"S2_ballet_rain_root","x":273.85,"y":-94.16},{"name":"S2_wave_ground_5","parent":"S2_ballet_rain_root","x":522.05,"y":-42.66},{"name":"S2_wave_ground_4","parent":"S2_ballet_rain_root","x":465.76,"y":-42.66},{"name":"S2_wave_ground_3","parent":"S2_ballet_rain_root","x":406.01,"y":-42.66},{"name":"S2_wave_ground_2","parent":"S2_ballet_rain_root","x":340.2,"y":-42.66},{"name":"S2_wave_ground_1","parent":"S2_ballet_rain_root","x":273.51,"y":-42.66},{"name":"S2_OF_C","parent":"MAIN","x":406.79,"y":167.74},{"name":"DAMAGEAREA","parent":"root"}],"slots":[{"name":"ballet_01","bone":"ballet_1"},{"name":"ballet_02","bone":"ballet_2"},{"name":"ballet_03","bone":"ballet_3"},{"name":"ballet_04","bone":"ballet_4"},{"name":"ballet_05","bone":"ballet_5"},{"name":"ballet_06","bone":"ballet_6"},{"name":"ballet_07","bone":"ballet_7","blend":"additive"},{"name":"ballet_08","bone":"ballet_8"},{"name":"ballet_09","bone":"ballet_9"},{"name":"ballet_10","bone":"ballet_10"},{"name":"ballet_11","bone":"ballet_11"},{"name":"ef_OF3_main/ef_OF3_main_00002","bone":"S2_OF_C","blend":"additive"},{"name":"S2_balletrain_01","bone":"ballet_1","blend":"additive"},{"name":"S2_balletrain_02","bone":"ballet_2","blend":"additive"},{"name":"S2_balletrain_03","bone":"ballet_3","blend":"additive"},{"name":"S2_balletrain_04","bone":"ballet_4","blend":"additive"},{"name":"S2_balletrain_05","bone":"ballet_5","blend":"additive"},{"name":"S2_balletrain_06","bone":"ballet_6","blend":"additive"},{"name":"S2_balletrain_07","bone":"ballet_7","blend":"additive"},{"name":"S2_balletrain_08","bone":"ballet_8","blend":"additive"},{"name":"S2_balletrain_09","bone":"ballet_9","blend":"additive"},{"name":"S2_balletrain_10","bone":"ballet_10","blend":"additive"},{"name":"S2_balletrain_11","bone":"ballet_11","blend":"additive"},{"name":"S2_ballet_crack_01","bone":"ballet_1","attachment":"ef_bullet_rain_render 2/ef_bullet_rain_render 2_00010","blend":"additive"},{"name":"S2_ballet_crack_02","bone":"ballet_2","blend":"additive"},{"name":"S2_ballet_crack_03","bone":"ballet_3","blend":"additive"},{"name":"S2_ballet_crack_04","bone":"ballet_4","blend":"additive"},{"name":"S2_ballet_crack_05","bone":"ballet_5","blend":"additive"},{"name":"S2_ballet_crack_06","bone":"ballet_6","blend":"additive"},{"name":"S2_ballet_crack_07","bone":"ballet_7","blend":"additive"},{"name":"S2_ballet_crack_08","bone":"ballet_8","attachment":"ef_bullet_rain_render 2/ef_bullet_rain_render 2_00011","blend":"additive"},{"name":"S2_ballet_crack_09","bone":"ballet_9","attachment":"ef_bullet_rain_render 2/ef_bullet_rain_render 2_00012","blend":"additive"},{"name":"S2_ballet_crack_10","bone":"ballet_10","blend":"additive"},{"name":"S2_ballet_crack_11","bone":"ballet_11","blend":"additive"},{"name":"wave_ground/740_S1_wave1_00003","bone":"S2_wave_ground_1","attachment":"wave_ground/740_S1_wave1_00006","blend":"additive"},{"name":"wave_ground/740_S1_wave1_3","bone":"S2_wave_ground_2","blend":"additive"},{"name":"wave_ground/740_S1_wave1_4","bone":"S2_wave_ground_3","blend":"additive"},{"name":"wave_ground/740_S1_wave1_5","bone":"S2_wave_ground_4","blend":"additive"},{"name":"wave_ground/740_S1_wave1_6","bone":"S2_wave_ground_5","blend":"additive"},{"name":"wave_ground/740_S1_wave1_7","bone":"S2_wave_ground_6","attachment":"wave_ground/740_S1_wave1_00010","blend":"additive"},{"name":"wave_ground/740_S1_wave1_8","bone":"S2_wave_ground_7","attachment":"wave_ground/740_S1_wave1_00009","blend":"additive"},{"name":"wave_ground/740_S1_wave1_9","bone":"S2_wave_ground_8","attachment":"wave_ground/740_S1_wave1_00007","blend":"additive"},{"name":"wave_ground/740_S1_wave1_10","bone":"S2_wave_ground_9","attachment":"wave_ground/740_S1_wave1_00008","blend":"additive"},{"name":"wave_ground/740_S1_wave1_11","bone":"S2_wave_ground_10","blend":"additive"},{"name":"wave_ground/740_S1_wave1_12","bone":"S2_wave_ground_11","blend":"additive"},{"name":"DAMAGEAREA","bone":"DAMAGEAREA"}],"skins":{"default":{"DAMAGEAREA":{"DAMAGEAREA":{"type":"boundingbox","vertices":[-98.43201,97.50792,-98.43201,-98.01188,97.6078,-98.01188,97.6078,98.02792]}},"S2_ballet_crack_01":{"ef_bullet_rain_render 2/ef_bullet_rain_render 2_00007":{"x":1.2,"y":234.64,"width":160,"height":520},"ef_bullet_rain_render 2/ef_bullet_rain_render 2_00008":{"x":1.2,"y":234.64,"width":160,"height":520},"ef_bullet_rain_render 2/ef_bullet_rain_render 2_00009":{"x":1.2,"y":234.64,"width":160,"height":520},"ef_bullet_rain_render 2/ef_bullet_rain_render 2_00010":{"x":1.2,"y":234.64,"width":160,"height":520},"ef_bullet_rain_render 2/ef_bullet_rain_render 2_00011":{"x":1.2,"y":234.64,"width":160,"height":520},"ef_bullet_rain_render 2/ef_bullet_rain_render 2_00012":{"x":1.2,"y":234.64,"width":160,"height":520}},"S2_ballet_crack_02":{"ef_bullet_rain_render 2/ef_bullet_rain_render 2_00007":{"x":1.2,"y":234.64,"width":160,"height":520},"ef_bullet_rain_render 2/ef_bullet_rain_render 2_00008":{"x":1.2,"y":234.64,"width":160,"height":520},"ef_bullet_rain_render 2/ef_bullet_rain_render 2_00009":{"x":1.2,"y":234.64,"width":160,"height":520},"ef_bullet_rain_render 2/ef_bullet_rain_render 2_00010":{"x":1.2,"y":234.64,"width":160,"height":520},"ef_bullet_rain_render 2/ef_bullet_rain_render 2_00011":{"x":1.2,"y":234.64,"width":160,"height":520},"ef_bullet_rain_render 2/ef_bullet_rain_render 2_00012":{"x":1.2,"y":234.64,"width":160,"height":520}},"S2_ballet_crack_03":{"ef_bullet_rain_render 2/ef_bullet_rain_render 2_00007":{"x":1.2,"y":234.64,"width":160,"height":520},"ef_bullet_rain_render 2/ef_bullet_rain_render 2_00008":{"x":1.2,"y":234.64,"width":160,"height":520},"ef_bullet_rain_render 2/ef_bullet_rain_render 2_00009":{"x":1.2,"y":234.64,"width":160,"height":520},"ef_bullet_rain_render 2/ef_bullet_rain_render 2_00010":{"x":1.2,"y":234.64,"width":160,"height":520},"ef_bullet_rain_render 2/ef_bullet_rain_render 2_00011":{"x":1.2,"y":234.64,"width":160,"height":520},"ef_bullet_rain_render 2/ef_bullet_rain_render 2_00012":{"x":1.2,"y":234.64,"width":160,"height":520}},"S2_ballet_crack_04":{"ef_bullet_rain_render 2/ef_bullet_rain_render 2_00007":{"x":1.2,"y":234.64,"width":160,"height":520},"ef_bullet_rain_render 2/ef_bullet_rain_render 2_00008":{"x":1.2,"y":234.64,"width":160,"height":520},"ef_bullet_rain_render 2/ef_bullet_rain_render 2_00009":{"x":1.2,"y":234.64,"width":160,"height":520},"ef_bullet_rain_render 2/ef_bullet_rain_render 2_00010":{"x":1.2,"y":234.64,"width":160,"height":520},"ef_bullet_rain_render 2/ef_bullet_rain_render 2_00011":{"x":1.2,"y":234.64,"width":160,"height":520},"ef_bullet_rain_render 2/ef_bullet_rain_render 2_00012":{"x":1.2,"y":234.64,"width":160,"height":520}},"S2_ballet_crack_05":{"ef_bullet_rain_render 2/ef_bullet_rain_render 2_00007":{"x":1.2,"y":234.64,"width":160,"height":520},"ef_bullet_rain_render 2/ef_bullet_rain_render 2_00008":{"x":1.2,"y":234.64,"width":160,"height":520},"ef_bullet_rain_render 2/ef_bullet_rain_render 2_00009":{"x":1.2,"y":234.64,"width":160,"height":520},"ef_bullet_rain_render 2/ef_bullet_rain_render 2_00010":{"x":1.2,"y":234.64,"width":160,"height":520},"ef_bullet_rain_render 2/ef_bullet_rain_render 2_00011":{"x":1.2,"y":234.64,"width":160,"height":520},"ef_bullet_rain_render 2/ef_bullet_rain_render 2_00012":{"x":1.2,"y":234.64,"width":160,"height":520}},"S2_ballet_crack_06":{"ef_bullet_rain_render 2/ef_bullet_rain_render 2_00007":{"x":1.2,"y":234.64,"width":160,"height":520},"ef_bullet_rain_render 2/ef_bullet_rain_render 2_00008":{"x":1.2,"y":234.64,"width":160,"height":520},"ef_bullet_rain_render 2/ef_bullet_rain_render 2_00009":{"x":1.2,"y":234.64,"width":160,"height":520},"ef_bullet_rain_render 2/ef_bullet_rain_render 2_00010":{"x":1.2,"y":234.64,"width":160,"height":520},"ef_bullet_rain_render 2/ef_bullet_rain_render 2_00011":{"x":1.2,"y":234.64,"width":160,"height":520},"ef_bullet_rain_render 2/ef_bullet_rain_render 2_00012":{"x":1.2,"y":234.64,"width":160,"height":520}},"S2_ballet_crack_07":{"ef_bullet_rain_render 2/ef_bullet_rain_render 2_00007":{"x":1.2,"y":234.64,"width":160,"height":520},"ef_bullet_rain_render 2/ef_bullet_rain_render 2_00008":{"x":1.2,"y":234.64,"width":160,"height":520},"ef_bullet_rain_render 2/ef_bullet_rain_render 2_00009":{"x":1.2,"y":234.64,"width":160,"height":520},"ef_bullet_rain_render 2/ef_bullet_rain_render 2_00010":{"x":1.2,"y":234.64,"width":160,"height":520},"ef_bullet_rain_render 2/ef_bullet_rain_render 2_00011":{"x":1.2,"y":234.64,"width":160,"height":520},"ef_bullet_rain_render 2/ef_bullet_rain_render 2_00012":{"x":1.2,"y":234.64,"width":160,"height":520}},"S2_ballet_crack_08":{"ef_bullet_rain_render 2/ef_bullet_rain_render 2_00007":{"x":1.2,"y":234.64,"width":160,"height":520},"ef_bullet_rain_render 2/ef_bullet_rain_render 2_00008":{"x":1.2,"y":234.64,"width":160,"height":520},"ef_bullet_rain_render 2/ef_bullet_rain_render 2_00009":{"x":1.2,"y":234.64,"width":160,"height":520},"ef_bullet_rain_render 2/ef_bullet_rain_render 2_00010":{"x":1.2,"y":234.64,"width":160,"height":520},"ef_bullet_rain_render 2/ef_bullet_rain_render 2_00011":{"x":1.2,"y":234.64,"width":160,"height":520},"ef_bullet_rain_render 2/ef_bullet_rain_render 2_00012":{"x":1.2,"y":234.64,"width":160,"height":520}},"S2_ballet_crack_09":{"ef_bullet_rain_render 2/ef_bullet_rain_render 2_00007":{"x":1.2,"y":234.64,"width":160,"height":520},"ef_bullet_rain_render 2/ef_bullet_rain_render 2_00008":{"x":1.2,"y":234.64,"width":160,"height":520},"ef_bullet_rain_render 2/ef_bullet_rain_render 2_00009":{"x":1.2,"y":234.64,"width":160,"height":520},"ef_bullet_rain_render 2/ef_bullet_rain_render 2_00010":{"x":1.2,"y":234.64,"width":160,"height":520},"ef_bullet_rain_render 2/ef_bullet_rain_render 2_00011":{"x":1.2,"y":234.64,"width":160,"height":520},"ef_bullet_rain_render 2/ef_bullet_rain_render 2_00012":{"x":1.2,"y":234.64,"width":160,"height":520}},"S2_ballet_crack_10":{"ef_bullet_rain_render 2/ef_bullet_rain_render 2_00007":{"x":1.2,"y":234.64,"width":160,"height":520},"ef_bullet_rain_render 2/ef_bullet_rain_render 2_00008":{"x":1.2,"y":234.64,"width":160,"height":520},"ef_bullet_rain_render 2/ef_bullet_rain_render 2_00009":{"x":1.2,"y":234.64,"width":160,"height":520},"ef_bullet_rain_render 2/ef_bullet_rain_render 2_00010":{"x":1.2,"y":234.64,"width":160,"height":520},"ef_bullet_rain_render 2/ef_bullet_rain_render 2_00011":{"x":1.2,"y":234.64,"width":160,"height":520},"ef_bullet_rain_render 2/ef_bullet_rain_render 2_00012":{"x":1.2,"y":234.64,"width":160,"height":520}},"S2_ballet_crack_11":{"ef_bullet_rain_render 2/ef_bullet_rain_render 2_00007":{"x":1.2,"y":234.64,"width":160,"height":520},"ef_bullet_rain_render 2/ef_bullet_rain_render 2_00008":{"x":1.2,"y":234.64,"width":160,"height":520},"ef_bullet_rain_render 2/ef_bullet_rain_render 2_00009":{"x":1.2,"y":234.64,"width":160,"height":520},"ef_bullet_rain_render 2/ef_bullet_rain_render 2_00010":{"x":1.2,"y":234.64,"width":160,"height":520},"ef_bullet_rain_render 2/ef_bullet_rain_render 2_00011":{"x":1.2,"y":234.64,"width":160,"height":520},"ef_bullet_rain_render 2/ef_bullet_rain_render 2_00012":{"x":1.2,"y":234.64,"width":160,"height":520}},"S2_balletrain_01":{"ef_bullet_rain_render/ef_bullet_rain_render_00004":{"x":0.2,"y":72.99,"width":80,"height":260}},"S2_balletrain_02":{"ef_bullet_rain_render/ef_bullet_rain_render_00004":{"x":0.2,"y":72.99,"width":80,"height":260}},"S2_balletrain_03":{"ef_bullet_rain_render/ef_bullet_rain_render_00004":{"x":0.2,"y":72.99,"width":80,"height":260}},"S2_balletrain_04":{"ef_bullet_rain_render/ef_bullet_rain_render_00004":{"x":0.2,"y":72.99,"width":80,"height":260}},"S2_balletrain_05":{"ef_bullet_rain_render/ef_bullet_rain_render_00004":{"x":0.2,"y":72.99,"width":80,"height":260}},"S2_balletrain_06":{"ef_bullet_rain_render/ef_bullet_rain_render_00004":{"x":0.2,"y":72.99,"width":80,"height":260}},"S2_balletrain_07":{"ef_bullet_rain_render/ef_bullet_rain_render_00004":{"x":0.2,"y":72.99,"width":80,"height":260}},"S2_balletrain_08":{"ef_bullet_rain_render/ef_bullet_rain_render_00004":{"x":0.2,"y":72.99,"width":80,"height":260}},"S2_balletrain_09":{"ef_bullet_rain_render/ef_bullet_rain_render_00004":{"x":0.2,"y":72.99,"width":80,"height":260}},"S2_balletrain_10":{"ef_bullet_rain_render/ef_bullet_rain_render_00004":{"x":0.2,"y":72.99,"width":80,"height":260}},"S2_balletrain_11":{"ef_bullet_rain_render/ef_bullet_rain_render_00004":{"x":0.2,"y":72.99,"width":80,"height":260}},"ballet_01":{"bullet_00001":{"x":0.06,"y":6.06,"scaleX":0.5,"scaleY":0.5,"rotation":90,"width":60,"height":50}},"ballet_02":{"bullet_00001":{"x":0.06,"y":6.06,"scaleX":0.5,"scaleY":0.5,"rotation":90,"width":60,"height":50}},"ballet_03":{"bullet_00001":{"x":0.06,"y":6.06,"scaleX":0.5,"scaleY":0.5,"rotation":90,"width":60,"height":50}},"ballet_04":{"bullet_00001":{"x":0.06,"y":6.06,"scaleX":0.5,"scaleY":0.5,"rotation":90,"width":60,"height":50}},"ballet_05":{"bullet_00001":{"x":0.06,"y":6.06,"scaleX":0.5,"scaleY":0.5,"rotation":90,"width":60,"height":50}},"ballet_06":{"bullet_00001":{"x":0.06,"y":6.06,"scaleX":0.5,"scaleY":0.5,"rotation":90,"width":60,"height":50}},"ballet_07":{"bullet_00001":{"x":0.06,"y":6.06,"scaleX":0.5,"scaleY":0.5,"rotation":90,"width":60,"height":50}},"ballet_08":{"bullet_00001":{"x":0.06,"y":6.06,"scaleX":0.5,"scaleY":0.5,"rotation":90,"width":60,"height":50}},"ballet_09":{"bullet_00001":{"x":0.06,"y":6.06,"scaleX":0.5,"scaleY":0.5,"rotation":90,"width":60,"height":50}},"ballet_10":{"bullet_00001":{"x":0.06,"y":6.06,"scaleX":0.5,"scaleY":0.5,"rotation":90,"width":60,"height":50}},"ballet_11":{"bullet_00001":{"x":0.06,"y":6.06,"scaleX":0.5,"scaleY":0.5,"rotation":90,"width":60,"height":50}},"ef_OF3_main/ef_OF3_main_00002":{"ef_OF3_main/ef_OF3_main_00002":{"x":-0.04,"y":-57.45,"width":160,"height":140},"ef_OF3_main/ef_OF3_main_00003":{"x":-0.04,"y":-57.45,"width":160,"height":140},"ef_OF3_main/ef_OF3_main_00004":{"x":-0.04,"y":-57.45,"width":160,"height":140},"ef_OF3_main/ef_OF3_main_00005":{"x":-0.04,"y":-57.45,"width":160,"height":140},"ef_OF3_main/ef_OF3_main_00006":{"x":-0.04,"y":-57.45,"width":160,"height":140}},"wave_ground/740_S1_wave1_00003":{"wave_ground/740_S1_wave1_00003":{"x":-1.94,"y":9.38,"width":250,"height":250},"wave_ground/740_S1_wave1_00004":{"x":-1.94,"y":9.38,"width":250,"height":250},"wave_ground/740_S1_wave1_00005":{"x":-1.94,"y":9.38,"width":250,"height":250},"wave_ground/740_S1_wave1_00006":{"x":-1.94,"y":9.38,"width":250,"height":250},"wave_ground/740_S1_wave1_00007":{"x":-1.94,"y":9.38,"width":250,"height":250},"wave_ground/740_S1_wave1_00008":{"x":-1.94,"y":9.38,"width":250,"height":250},"wave_ground/740_S1_wave1_00009":{"x":-1.94,"y":9.38,"width":250,"height":250},"wave_ground/740_S1_wave1_00010":{"x":-1.94,"y":9.38,"width":250,"height":250}},"wave_ground/740_S1_wave1_10":{"wave_ground/740_S1_wave1_00003":{"x":-1.94,"y":9.38,"width":250,"height":250},"wave_ground/740_S1_wave1_00004":{"x":-1.94,"y":9.38,"width":250,"height":250},"wave_ground/740_S1_wave1_00005":{"x":-1.94,"y":9.38,"width":250,"height":250},"wave_ground/740_S1_wave1_00006":{"x":-1.94,"y":9.38,"width":250,"height":250},"wave_ground/740_S1_wave1_00007":{"x":-1.94,"y":9.38,"width":250,"height":250},"wave_ground/740_S1_wave1_00008":{"x":-1.94,"y":9.38,"width":250,"height":250},"wave_ground/740_S1_wave1_00009":{"x":-1.94,"y":9.38,"width":250,"height":250},"wave_ground/740_S1_wave1_00010":{"x":-1.94,"y":9.38,"width":250,"height":250}},"wave_ground/740_S1_wave1_11":{"wave_ground/740_S1_wave1_00003":{"x":-1.94,"y":9.38,"width":250,"height":250},"wave_ground/740_S1_wave1_00004":{"x":-1.94,"y":9.38,"width":250,"height":250},"wave_ground/740_S1_wave1_00005":{"x":-1.94,"y":9.38,"width":250,"height":250},"wave_ground/740_S1_wave1_00006":{"x":-1.94,"y":9.38,"width":250,"height":250},"wave_ground/740_S1_wave1_00007":{"x":-1.94,"y":9.38,"width":250,"height":250},"wave_ground/740_S1_wave1_00008":{"x":-1.94,"y":9.38,"width":250,"height":250},"wave_ground/740_S1_wave1_00009":{"x":-1.94,"y":9.38,"width":250,"height":250},"wave_ground/740_S1_wave1_00010":{"x":-1.94,"y":9.38,"width":250,"height":250}},"wave_ground/740_S1_wave1_12":{"wave_ground/740_S1_wave1_00003":{"x":-1.94,"y":9.38,"width":250,"height":250},"wave_ground/740_S1_wave1_00004":{"x":-1.94,"y":9.38,"width":250,"height":250},"wave_ground/740_S1_wave1_00005":{"x":-1.94,"y":9.38,"width":250,"height":250},"wave_ground/740_S1_wave1_00006":{"x":-1.94,"y":9.38,"width":250,"height":250},"wave_ground/740_S1_wave1_00007":{"x":-1.94,"y":9.38,"width":250,"height":250},"wave_ground/740_S1_wave1_00008":{"x":-1.94,"y":9.38,"width":250,"height":250},"wave_ground/740_S1_wave1_00009":{"x":-1.94,"y":9.38,"width":250,"height":250},"wave_ground/740_S1_wave1_00010":{"x":-1.94,"y":9.38,"width":250,"height":250}},"wave_ground/740_S1_wave1_3":{"wave_ground/740_S1_wave1_00003":{"x":-1.94,"y":9.38,"width":250,"height":250},"wave_ground/740_S1_wave1_00004":{"x":-1.94,"y":9.38,"width":250,"height":250},"wave_ground/740_S1_wave1_00005":{"x":-1.94,"y":9.38,"width":250,"height":250},"wave_ground/740_S1_wave1_00006":{"x":-1.94,"y":9.38,"width":250,"height":250},"wave_ground/740_S1_wave1_00007":{"x":-1.94,"y":9.38,"width":250,"height":250},"wave_ground/740_S1_wave1_00008":{"x":-1.94,"y":9.38,"width":250,"height":250},"wave_ground/740_S1_wave1_00009":{"x":-1.94,"y":9.38,"width":250,"height":250},"wave_ground/740_S1_wave1_00010":{"x":-1.94,"y":9.38,"width":250,"height":250}},"wave_ground/740_S1_wave1_4":{"wave_ground/740_S1_wave1_00003":{"x":-1.94,"y":9.38,"width":250,"height":250},"wave_ground/740_S1_wave1_00004":{"x":-1.94,"y":9.38,"width":250,"height":250},"wave_ground/740_S1_wave1_00005":{"x":-1.94,"y":9.38,"width":250,"height":250},"wave_ground/740_S1_wave1_00006":{"x":-1.94,"y":9.38,"width":250,"height":250},"wave_ground/740_S1_wave1_00007":{"x":-1.94,"y":9.38,"width":250,"height":250},"wave_ground/740_S1_wave1_00008":{"x":-1.94,"y":9.38,"width":250,"height":250},"wave_ground/740_S1_wave1_00009":{"x":-1.94,"y":9.38,"width":250,"height":250},"wave_ground/740_S1_wave1_00010":{"x":-1.94,"y":9.38,"width":250,"height":250}},"wave_ground/740_S1_wave1_5":{"wave_ground/740_S1_wave1_00003":{"x":-1.94,"y":9.38,"width":250,"height":250},"wave_ground/740_S1_wave1_00004":{"x":-1.94,"y":9.38,"width":250,"height":250},"wave_ground/740_S1_wave1_00005":{"x":-1.94,"y":9.38,"width":250,"height":250},"wave_ground/740_S1_wave1_00006":{"x":-1.94,"y":9.38,"width":250,"height":250},"wave_ground/740_S1_wave1_00007":{"x":-1.94,"y":9.38,"width":250,"height":250},"wave_ground/740_S1_wave1_00008":{"x":-1.94,"y":9.38,"width":250,"height":250},"wave_ground/740_S1_wave1_00009":{"x":-1.94,"y":9.38,"width":250,"height":250},"wave_ground/740_S1_wave1_00010":{"x":-1.94,"y":9.38,"width":250,"height":250}},"wave_ground/740_S1_wave1_6":{"wave_ground/740_S1_wave1_00003":{"x":-1.94,"y":9.38,"width":250,"height":250},"wave_ground/740_S1_wave1_00004":{"x":-1.94,"y":9.38,"width":250,"height":250},"wave_ground/740_S1_wave1_00005":{"x":-1.94,"y":9.38,"width":250,"height":250},"wave_ground/740_S1_wave1_00006":{"x":-1.94,"y":9.38,"width":250,"height":250},"wave_ground/740_S1_wave1_00007":{"x":-1.94,"y":9.38,"width":250,"height":250},"wave_ground/740_S1_wave1_00008":{"x":-1.94,"y":9.38,"width":250,"height":250},"wave_ground/740_S1_wave1_00009":{"x":-1.94,"y":9.38,"width":250,"height":250},"wave_ground/740_S1_wave1_00010":{"x":-1.94,"y":9.38,"width":250,"height":250}},"wave_ground/740_S1_wave1_7":{"wave_ground/740_S1_wave1_00003":{"x":-1.94,"y":9.38,"width":250,"height":250},"wave_ground/740_S1_wave1_00004":{"x":-1.94,"y":9.38,"width":250,"height":250},"wave_ground/740_S1_wave1_00005":{"x":-1.94,"y":9.38,"width":250,"height":250},"wave_ground/740_S1_wave1_00006":{"x":-1.94,"y":9.38,"width":250,"height":250},"wave_ground/740_S1_wave1_00007":{"x":-1.94,"y":9.38,"width":250,"height":250},"wave_ground/740_S1_wave1_00008":{"x":-1.94,"y":9.38,"width":250,"height":250},"wave_ground/740_S1_wave1_00009":{"x":-1.94,"y":9.38,"width":250,"height":250},"wave_ground/740_S1_wave1_00010":{"x":-1.94,"y":9.38,"width":250,"height":250}},"wave_ground/740_S1_wave1_8":{"wave_ground/740_S1_wave1_00003":{"x":-1.94,"y":9.38,"width":250,"height":250},"wave_ground/740_S1_wave1_00004":{"x":-1.94,"y":9.38,"width":250,"height":250},"wave_ground/740_S1_wave1_00005":{"x":-1.94,"y":9.38,"width":250,"height":250},"wave_ground/740_S1_wave1_00006":{"x":-1.94,"y":9.38,"width":250,"height":250},"wave_ground/740_S1_wave1_00007":{"x":-1.94,"y":9.38,"width":250,"height":250},"wave_ground/740_S1_wave1_00008":{"x":-1.94,"y":9.38,"width":250,"height":250},"wave_ground/740_S1_wave1_00009":{"x":-1.94,"y":9.38,"width":250,"height":250},"wave_ground/740_S1_wave1_00010":{"x":-1.94,"y":9.38,"width":250,"height":250}},"wave_ground/740_S1_wave1_9":{"wave_ground/740_S1_wave1_00003":{"x":-1.94,"y":9.38,"width":250,"height":250},"wave_ground/740_S1_wave1_00004":{"x":-1.94,"y":9.38,"width":250,"height":250},"wave_ground/740_S1_wave1_00005":{"x":-1.94,"y":9.38,"width":250,"height":250},"wave_ground/740_S1_wave1_00006":{"x":-1.94,"y":9.38,"width":250,"height":250},"wave_ground/740_S1_wave1_00007":{"x":-1.94,"y":9.38,"width":250,"height":250},"wave_ground/740_S1_wave1_00008":{"x":-1.94,"y":9.38,"width":250,"height":250},"wave_ground/740_S1_wave1_00009":{"x":-1.94,"y":9.38,"width":250,"height":250},"wave_ground/740_S1_wave1_00010":{"x":-1.94,"y":9.38,"width":250,"height":250}}}},"events":{"Sound1":{},"efEvent":{},"efEvent2":{},"efHit":{}},"animations":{"attack1":{"slots":{"DAMAGEAREA":{"attachment":[{"time":0.1666,"name":"DAMAGEAREA"},{"time":1.0666,"name":null}]},"S2_ballet_crack_01":{"attachment":[{"time":0,"name":null},{"time":0.1666,"name":"ef_bullet_rain_render 2/ef_bullet_rain_render 2_00007"},{"time":0.2,"name":"ef_bullet_rain_render 2/ef_bullet_rain_render 2_00008"},{"time":0.2333,"name":"ef_bullet_rain_render 2/ef_bullet_rain_render 2_00009"},{"time":0.2666,"name":"ef_bullet_rain_render 2/ef_bullet_rain_render 2_00010"},{"time":0.3,"name":"ef_bullet_rain_render 2/ef_bullet_rain_render 2_00011"},{"time":0.3333,"name":"ef_bullet_rain_render 2/ef_bullet_rain_render 2_00012"},{"time":0.3666,"name":null},{"time":0.4666,"name":"ef_bullet_rain_render 2/ef_bullet_rain_render 2_00007"},{"time":0.5,"name":"ef_bullet_rain_render 2/ef_bullet_rain_render 2_00008"},{"time":0.5333,"name":"ef_bullet_rain_render 2/ef_bullet_rain_render 2_00009"},{"time":0.5666,"name":"ef_bullet_rain_render 2/ef_bullet_rain_render 2_00010"},{"time":0.6,"name":"ef_bullet_rain_render 2/ef_bullet_rain_render 2_00011"},{"time":0.6333,"name":"ef_bullet_rain_render 2/ef_bullet_rain_render 2_00012"},{"time":0.6666,"name":null},{"time":0.7666,"name":"ef_bullet_rain_render 2/ef_bullet_rain_render 2_00007"},{"time":0.8,"name":"ef_bullet_rain_render 2/ef_bullet_rain_render 2_00008"},{"time":0.8333,"name":"ef_bullet_rain_render 2/ef_bullet_rain_render 2_00009"},{"time":0.8666,"name":"ef_bullet_rain_render 2/ef_bullet_rain_render 2_00010"},{"time":0.9,"name":"ef_bullet_rain_render 2/ef_bullet_rain_render 2_00011"},{"time":0.9333,"name":"ef_bullet_rain_render 2/ef_bullet_rain_render 2_00012"},{"time":0.9666,"name":null},{"time":1.0333,"name":"ef_bullet_rain_render 2/ef_bullet_rain_render 2_00007"},{"time":1.0666,"name":"ef_bullet_rain_render 2/ef_bullet_rain_render 2_00008"},{"time":1.1,"name":"ef_bullet_rain_render 2/ef_bullet_rain_render 2_00009"},{"time":1.1333,"name":"ef_bullet_rain_render 2/ef_bullet_rain_render 2_00010"},{"time":1.1666,"name":"ef_bullet_rain_render 2/ef_bullet_rain_render 2_00011"},{"time":1.2,"name":"ef_bullet_rain_render 2/ef_bullet_rain_render 2_00012"},{"time":1.2333,"name":null}]},"S2_ballet_crack_02":{"attachment":[{"time":0.2,"name":"ef_bullet_rain_render 2/ef_bullet_rain_render 2_00007"},{"time":0.2333,"name":"ef_bullet_rain_render 2/ef_bullet_rain_render 2_00008"},{"time":0.2666,"name":"ef_bullet_rain_render 2/ef_bullet_rain_render 2_00009"},{"time":0.3,"name":"ef_bullet_rain_render 2/ef_bullet_rain_render 2_00010"},{"time":0.3333,"name":"ef_bullet_rain_render 2/ef_bullet_rain_render 2_00011"},{"time":0.3666,"name":"ef_bullet_rain_render 2/ef_bullet_rain_render 2_00012"},{"time":0.4,"name":null},{"time":0.4666,"name":"ef_bullet_rain_render 2/ef_bullet_rain_render 2_00007"},{"time":0.5,"name":"ef_bullet_rain_render 2/ef_bullet_rain_render 2_00007"},{"time":0.5333,"name":"ef_bullet_rain_render 2/ef_bullet_rain_render 2_00008"},{"time":0.5666,"name":"ef_bullet_rain_render 2/ef_bullet_rain_render 2_00009"},{"time":0.6,"name":"ef_bullet_rain_render 2/ef_bullet_rain_render 2_00010"},{"time":0.6333,"name":"ef_bullet_rain_render 2/ef_bullet_rain_render 2_00011"},{"time":0.6666,"name":"ef_bullet_rain_render 2/ef_bullet_rain_render 2_00012"},{"time":0.7,"name":null},{"time":0.8,"name":"ef_bullet_rain_render 2/ef_bullet_rain_render 2_00007"},{"time":0.8333,"name":"ef_bullet_rain_render 2/ef_bullet_rain_render 2_00008"},{"time":0.8666,"name":"ef_bullet_rain_render 2/ef_bullet_rain_render 2_00009"},{"time":0.9,"name":"ef_bullet_rain_render 2/ef_bullet_rain_render 2_00010"},{"time":0.9333,"name":"ef_bullet_rain_render 2/ef_bullet_rain_render 2_00011"},{"time":0.9666,"name":"ef_bullet_rain_render 2/ef_bullet_rain_render 2_00012"},{"time":1,"name":null}]},"S2_ballet_crack_03":{"attachment":[{"time":0.2333,"name":"ef_bullet_rain_render 2/ef_bullet_rain_render 2_00007"},{"time":0.2666,"name":"ef_bullet_rain_render 2/ef_bullet_rain_render 2_00008"},{"time":0.3,"name":"ef_bullet_rain_render 2/ef_bullet_rain_render 2_00009"},{"time":0.3333,"name":"ef_bullet_rain_render 2/ef_bullet_rain_render 2_00010"},{"time":0.3666,"name":"ef_bullet_rain_render 2/ef_bullet_rain_render 2_00011"},{"time":0.4,"name":"ef_bullet_rain_render 2/ef_bullet_rain_render 2_00012"},{"time":0.4333,"name":null},{"time":0.5333,"name":"ef_bullet_rain_render 2/ef_bullet_rain_render 2_00007"},{"time":0.5666,"name":"ef_bullet_rain_render 2/ef_bullet_rain_render 2_00008"},{"time":0.6,"name":"ef_bullet_rain_render 2/ef_bullet_rain_render 2_00009"},{"time":0.6333,"name":"ef_bullet_rain_render 2/ef_bullet_rain_render 2_00010"},{"time":0.6666,"name":"ef_bullet_rain_render 2/ef_bullet_rain_render 2_00011"},{"time":0.7,"name":"ef_bullet_rain_render 2/ef_bullet_rain_render 2_00012"},{"time":0.7333,"name":null},{"time":0.8333,"name":"ef_bullet_rain_render 2/ef_bullet_rain_render 2_00007"},{"time":0.8666,"name":"ef_bullet_rain_render 2/ef_bullet_rain_render 2_00008"},{"time":0.9,"name":"ef_bullet_rain_render 2/ef_bullet_rain_render 2_00009"},{"time":0.9333,"name":"ef_bullet_rain_render 2/ef_bullet_rain_render 2_00010"},{"time":0.9666,"name":"ef_bullet_rain_render 2/ef_bullet_rain_render 2_00011"},{"time":1,"name":"ef_bullet_rain_render 2/ef_bullet_rain_render 2_00012"},{"time":1.0333,"name":null}]},"S2_ballet_crack_04":{"attachment":[{"time":0.2666,"name":"ef_bullet_rain_render 2/ef_bullet_rain_render 2_00007"},{"time":0.3,"name":"ef_bullet_rain_render 2/ef_bullet_rain_render 2_00008"},{"time":0.3333,"name":"ef_bullet_rain_render 2/ef_bullet_rain_render 2_00009"},{"time":0.3666,"name":"ef_bullet_rain_render 2/ef_bullet_rain_render 2_00010"},{"time":0.4,"name":"ef_bullet_rain_render 2/ef_bullet_rain_render 2_00011"},{"time":0.4333,"name":"ef_bullet_rain_render 2/ef_bullet_rain_render 2_00012"},{"time":0.4666,"name":null},{"time":0.5666,"name":"ef_bullet_rain_render 2/ef_bullet_rain_render 2_00007"},{"time":0.6,"name":"ef_bullet_rain_render 2/ef_bullet_rain_render 2_00008"},{"time":0.6333,"name":"ef_bullet_rain_render 2/ef_bullet_rain_render 2_00009"},{"time":0.6666,"name":"ef_bullet_rain_render 2/ef_bullet_rain_render 2_00010"},{"time":0.7,"name":"ef_bullet_rain_render 2/ef_bullet_rain_render 2_00011"},{"time":0.7333,"name":"ef_bullet_rain_render 2/ef_bullet_rain_render 2_00012"},{"time":0.7666,"name":null},{"time":0.8666,"name":"ef_bullet_rain_render 2/ef_bullet_rain_render 2_00007"},{"time":0.9,"name":"ef_bullet_rain_render 2/ef_bullet_rain_render 2_00008"},{"time":0.9333,"name":"ef_bullet_rain_render 2/ef_bullet_rain_render 2_00009"},{"time":0.9666,"name":"ef_bullet_rain_render 2/ef_bullet_rain_render 2_00010"},{"time":1,"name":"ef_bullet_rain_render 2/ef_bullet_rain_render 2_00011"},{"time":1.0333,"name":"ef_bullet_rain_render 2/ef_bullet_rain_render 2_00012"},{"time":1.0666,"name":null}]},"S2_ballet_crack_05":{"attachment":[{"time":0.3,"name":"ef_bullet_rain_render 2/ef_bullet_rain_render 2_00007"},{"time":0.3333,"name":"ef_bullet_rain_render 2/ef_bullet_rain_render 2_00008"},{"time":0.3666,"name":"ef_bullet_rain_render 2/ef_bullet_rain_render 2_00009"},{"time":0.4,"name":"ef_bullet_rain_render 2/ef_bullet_rain_render 2_00010"},{"time":0.4333,"name":"ef_bullet_rain_render 2/ef_bullet_rain_render 2_00011"},{"time":0.4666,"name":"ef_bullet_rain_render 2/ef_bullet_rain_render 2_00012"},{"time":0.5,"name":null},{"time":0.6,"name":"ef_bullet_rain_render 2/ef_bullet_rain_render 2_00007"},{"time":0.6333,"name":"ef_bullet_rain_render 2/ef_bullet_rain_render 2_00008"},{"time":0.6666,"name":"ef_bullet_rain_render 2/ef_bullet_rain_render 2_00009"},{"time":0.7,"name":"ef_bullet_rain_render 2/ef_bullet_rain_render 2_00010"},{"time":0.7333,"name":"ef_bullet_rain_render 2/ef_bullet_rain_render 2_00011"},{"time":0.7666,"name":"ef_bullet_rain_render 2/ef_bullet_rain_render 2_00012"},{"time":0.8,"name":null},{"time":0.9,"name":"ef_bullet_rain_render 2/ef_bullet_rain_render 2_00007"},{"time":0.9333,"name":"ef_bullet_rain_render 2/ef_bullet_rain_render 2_00008"},{"time":0.9666,"name":"ef_bullet_rain_render 2/ef_bullet_rain_render 2_00009"},{"time":1,"name":"ef_bullet_rain_render 2/ef_bullet_rain_render 2_00010"},{"time":1.0333,"name":"ef_bullet_rain_render 2/ef_bullet_rain_render 2_00011"},{"time":1.0666,"name":"ef_bullet_rain_render 2/ef_bullet_rain_render 2_00012"},{"time":1.1,"name":null}]},"S2_ballet_crack_06":{"attachment":[{"time":0.3333,"name":"ef_bullet_rain_render 2/ef_bullet_rain_render 2_00007"},{"time":0.3666,"name":"ef_bullet_rain_render 2/ef_bullet_rain_render 2_00008"},{"time":0.4,"name":"ef_bullet_rain_render 2/ef_bullet_rain_render 2_00009"},{"time":0.4333,"name":"ef_bullet_rain_render 2/ef_bullet_rain_render 2_00010"},{"time":0.4666,"name":"ef_bullet_rain_render 2/ef_bullet_rain_render 2_00011"},{"time":0.5,"name":"ef_bullet_rain_render 2/ef_bullet_rain_render 2_00012"},{"time":0.5333,"name":null},{"time":0.6333,"name":"ef_bullet_rain_render 2/ef_bullet_rain_render 2_00007"},{"time":0.6666,"name":"ef_bullet_rain_render 2/ef_bullet_rain_render 2_00008"},{"time":0.7,"name":"ef_bullet_rain_render 2/ef_bullet_rain_render 2_00009"},{"time":0.7333,"name":"ef_bullet_rain_render 2/ef_bullet_rain_render 2_00010"},{"time":0.7666,"name":"ef_bullet_rain_render 2/ef_bullet_rain_render 2_00011"},{"time":0.8,"name":"ef_bullet_rain_render 2/ef_bullet_rain_render 2_00012"},{"time":0.8333,"name":null},{"time":0.9333,"name":"ef_bullet_rain_render 2/ef_bullet_rain_render 2_00007"},{"time":0.9666,"name":"ef_bullet_rain_render 2/ef_bullet_rain_render 2_00008"},{"time":1,"name":"ef_bullet_rain_render 2/ef_bullet_rain_render 2_00009"},{"time":1.0333,"name":"ef_bullet_rain_render 2/ef_bullet_rain_render 2_00010"},{"time":1.0666,"name":"ef_bullet_rain_render 2/ef_bullet_rain_render 2_00011"},{"time":1.1,"name":"ef_bullet_rain_render 2/ef_bullet_rain_render 2_00012"},{"time":1.1333,"name":null}]},"S2_ballet_crack_07":{"attachment":[{"time":0.3666,"name":"ef_bullet_rain_render 2/ef_bullet_rain_render 2_00007"},{"time":0.4,"name":"ef_bullet_rain_render 2/ef_bullet_rain_render 2_00008"},{"time":0.4333,"name":"ef_bullet_rain_render 2/ef_bullet_rain_render 2_00009"},{"time":0.4666,"name":"ef_bullet_rain_render 2/ef_bullet_rain_render 2_00010"},{"time":0.5,"name":"ef_bullet_rain_render 2/ef_bullet_rain_render 2_00011"},{"time":0.5333,"name":"ef_bullet_rain_render 2/ef_bullet_rain_render 2_00012"},{"time":0.5666,"name":null},{"time":0.6666,"name":"ef_bullet_rain_render 2/ef_bullet_rain_render 2_00007"},{"time":0.7,"name":"ef_bullet_rain_render 2/ef_bullet_rain_render 2_00008"},{"time":0.7333,"name":"ef_bullet_rain_render 2/ef_bullet_rain_render 2_00009"},{"time":0.7666,"name":"ef_bullet_rain_render 2/ef_bullet_rain_render 2_00010"},{"time":0.8,"name":"ef_bullet_rain_render 2/ef_bullet_rain_render 2_00011"},{"time":0.8333,"name":"ef_bullet_rain_render 2/ef_bullet_rain_render 2_00012"},{"time":0.8666,"name":null},{"time":0.9666,"name":"ef_bullet_rain_render 2/ef_bullet_rain_render 2_00007"},{"time":1,"name":"ef_bullet_rain_render 2/ef_bullet_rain_render 2_00008"},{"time":1.0333,"name":"ef_bullet_rain_render 2/ef_bullet_rain_render 2_00009"},{"time":1.0666,"name":"ef_bullet_rain_render 2/ef_bullet_rain_render 2_00010"},{"time":1.1,"name":"ef_bullet_rain_render 2/ef_bullet_rain_render 2_00011"},{"time":1.1333,"name":"ef_bullet_rain_render 2/ef_bullet_rain_render 2_00012"},{"time":1.1666,"name":null}]},"S2_ballet_crack_08":{"attachment":[{"time":0,"name":null},{"time":0.3666,"name":"ef_bullet_rain_render 2/ef_bullet_rain_render 2_00007"},{"time":0.4,"name":"ef_bullet_rain_render 2/ef_bullet_rain_render 2_00008"},{"time":0.4333,"name":"ef_bullet_rain_render 2/ef_bullet_rain_render 2_00009"},{"time":0.4666,"name":"ef_bullet_rain_render 2/ef_bullet_rain_render 2_00010"},{"time":0.5,"name":"ef_bullet_rain_render 2/ef_bullet_rain_render 2_00011"},{"time":0.5333,"name":"ef_bullet_rain_render 2/ef_bullet_rain_render 2_00012"},{"time":0.5666,"name":null},{"time":0.7,"name":"ef_bullet_rain_render 2/ef_bullet_rain_render 2_00007"},{"time":0.7333,"name":"ef_bullet_rain_render 2/ef_bullet_rain_render 2_00008"},{"time":0.7666,"name":"ef_bullet_rain_render 2/ef_bullet_rain_render 2_00009"},{"time":0.8,"name":"ef_bullet_rain_render 2/ef_bullet_rain_render 2_00010"},{"time":0.8333,"name":"ef_bullet_rain_render 2/ef_bullet_rain_render 2_00011"},{"time":0.8666,"name":"ef_bullet_rain_render 2/ef_bullet_rain_render 2_00012"},{"time":0.9,"name":null},{"time":1,"name":"ef_bullet_rain_render 2/ef_bullet_rain_render 2_00007"},{"time":1.0333,"name":"ef_bullet_rain_render 2/ef_bullet_rain_render 2_00008"},{"time":1.0666,"name":"ef_bullet_rain_render 2/ef_bullet_rain_render 2_00009"},{"time":1.1,"name":"ef_bullet_rain_render 2/ef_bullet_rain_render 2_00010"},{"time":1.1333,"name":"ef_bullet_rain_render 2/ef_bullet_rain_render 2_00011"},{"time":1.1666,"name":"ef_bullet_rain_render 2/ef_bullet_rain_render 2_00012"},{"time":1.2,"name":null}]},"S2_ballet_crack_09":{"attachment":[{"time":0,"name":null},{"time":0.3333,"name":"ef_bullet_rain_render 2/ef_bullet_rain_render 2_00007"},{"time":0.3666,"name":"ef_bullet_rain_render 2/ef_bullet_rain_render 2_00008"},{"time":0.4,"name":"ef_bullet_rain_render 2/ef_bullet_rain_render 2_00009"},{"time":0.4333,"name":"ef_bullet_rain_render 2/ef_bullet_rain_render 2_00010"},{"time":0.4666,"name":"ef_bullet_rain_render 2/ef_bullet_rain_render 2_00011"},{"time":0.5,"name":"ef_bullet_rain_render 2/ef_bullet_rain_render 2_00012"},{"time":0.5333,"name":null},{"time":0.6666,"name":"ef_bullet_rain_render 2/ef_bullet_rain_render 2_00007"},{"time":0.7,"name":"ef_bullet_rain_render 2/ef_bullet_rain_render 2_00008"},{"time":0.7333,"name":"ef_bullet_rain_render 2/ef_bullet_rain_render 2_00009"},{"time":0.7666,"name":"ef_bullet_rain_render 2/ef_bullet_rain_render 2_00010"},{"time":0.8,"name":"ef_bullet_rain_render 2/ef_bullet_rain_render 2_00011"},{"time":0.8333,"name":"ef_bullet_rain_render 2/ef_bullet_rain_render 2_00012"},{"time":0.8666,"name":null},{"time":0.9666,"name":"ef_bullet_rain_render 2/ef_bullet_rain_render 2_00007"},{"time":1,"name":"ef_bullet_rain_render 2/ef_bullet_rain_render 2_00008"},{"time":1.0333,"name":"ef_bullet_rain_render 2/ef_bullet_rain_render 2_00009"},{"time":1.0666,"name":"ef_bullet_rain_render 2/ef_bullet_rain_render 2_00010"},{"time":1.1,"name":"ef_bullet_rain_render 2/ef_bullet_rain_render 2_00011"},{"time":1.1333,"name":"ef_bullet_rain_render 2/ef_bullet_rain_render 2_00012"},{"time":1.1666,"name":null}]},"S2_ballet_crack_10":{"attachment":[{"time":0.4,"name":"ef_bullet_rain_render 2/ef_bullet_rain_render 2_00007"},{"time":0.4333,"name":"ef_bullet_rain_render 2/ef_bullet_rain_render 2_00008"},{"time":0.4666,"name":"ef_bullet_rain_render 2/ef_bullet_rain_render 2_00009"},{"time":0.5,"name":"ef_bullet_rain_render 2/ef_bullet_rain_render 2_00010"},{"time":0.5333,"name":"ef_bullet_rain_render 2/ef_bullet_rain_render 2_00011"},{"time":0.5666,"name":"ef_bullet_rain_render 2/ef_bullet_rain_render 2_00012"},{"time":0.6,"name":null},{"time":0.7333,"name":"ef_bullet_rain_render 2/ef_bullet_rain_render 2_00007"},{"time":0.7666,"name":"ef_bullet_rain_render 2/ef_bullet_rain_render 2_00008"},{"time":0.8,"name":"ef_bullet_rain_render 2/ef_bullet_rain_render 2_00009"},{"time":0.8333,"name":"ef_bullet_rain_render 2/ef_bullet_rain_render 2_00010"},{"time":0.8666,"name":"ef_bullet_rain_render 2/ef_bullet_rain_render 2_00011"},{"time":0.9,"name":"ef_bullet_rain_render 2/ef_bullet_rain_render 2_00012"},{"time":0.9333,"name":null}]},"S2_ballet_crack_11":{"attachment":[{"time":0.4333,"name":"ef_bullet_rain_render 2/ef_bullet_rain_render 2_00007"},{"time":0.4666,"name":"ef_bullet_rain_render 2/ef_bullet_rain_render 2_00008"},{"time":0.5,"name":"ef_bullet_rain_render 2/ef_bullet_rain_render 2_00009"},{"time":0.5333,"name":"ef_bullet_rain_render 2/ef_bullet_rain_render 2_00010"},{"time":0.5666,"name":"ef_bullet_rain_render 2/ef_bullet_rain_render 2_00011"},{"time":0.6,"name":"ef_bullet_rain_render 2/ef_bullet_rain_render 2_00012"},{"time":0.6333,"name":null},{"time":0.7666,"name":"ef_bullet_rain_render 2/ef_bullet_rain_render 2_00007"},{"time":0.8,"name":"ef_bullet_rain_render 2/ef_bullet_rain_render 2_00008"},{"time":0.8333,"name":"ef_bullet_rain_render 2/ef_bullet_rain_render 2_00009"},{"time":0.8666,"name":"ef_bullet_rain_render 2/ef_bullet_rain_render 2_00010"},{"time":0.9,"name":"ef_bullet_rain_render 2/ef_bullet_rain_render 2_00011"},{"time":0.9333,"name":"ef_bullet_rain_render 2/ef_bullet_rain_render 2_00012"},{"time":0.9666,"name":null}]},"S2_balletrain_01":{"attachment":[{"time":0.1,"name":"ef_bullet_rain_render/ef_bullet_rain_render_00004"},{"time":0.2,"name":null},{"time":0.4,"name":"ef_bullet_rain_render/ef_bullet_rain_render_00004"},{"time":0.5,"name":null},{"time":0.7,"name":"ef_bullet_rain_render/ef_bullet_rain_render_00004"},{"time":0.8,"name":null},{"time":1,"name":"ef_bullet_rain_render/ef_bullet_rain_render_00004"},{"time":1.0666,"name":null}]},"S2_balletrain_02":{"attachment":[{"time":0.1333,"name":"ef_bullet_rain_render/ef_bullet_rain_render_00004"},{"time":0.2333,"name":null},{"time":0.4333,"name":"ef_bullet_rain_render/ef_bullet_rain_render_00004"},{"time":0.5333,"name":null},{"time":0.7333,"name":"ef_bullet_rain_render/ef_bullet_rain_render_00004"},{"time":0.8333,"name":null}]},"S2_balletrain_03":{"attachment":[{"time":0.1666,"name":"ef_bullet_rain_render/ef_bullet_rain_render_00004"},{"time":0.2666,"name":null},{"time":0.4666,"name":"ef_bullet_rain_render/ef_bullet_rain_render_00004"},{"time":0.5666,"name":null},{"time":0.7666,"name":"ef_bullet_rain_render/ef_bullet_rain_render_00004"},{"time":0.8666,"name":null}]},"S2_balletrain_04":{"attachment":[{"time":0.2,"name":"ef_bullet_rain_render/ef_bullet_rain_render_00004"},{"time":0.3,"name":null},{"time":0.5,"name":"ef_bullet_rain_render/ef_bullet_rain_render_00004"},{"time":0.6,"name":null},{"time":0.8,"name":"ef_bullet_rain_render/ef_bullet_rain_render_00004"},{"time":0.9,"name":null}]},"S2_balletrain_05":{"attachment":[{"time":0.2333,"name":"ef_bullet_rain_render/ef_bullet_rain_render_00004"},{"time":0.3333,"name":null},{"time":0.5333,"name":"ef_bullet_rain_render/ef_bullet_rain_render_00004"},{"time":0.6333,"name":null},{"time":0.8333,"name":"ef_bullet_rain_render/ef_bullet_rain_render_00004"},{"time":0.9333,"name":null}]},"S2_balletrain_06":{"attachment":[{"time":0.2666,"name":"ef_bullet_rain_render/ef_bullet_rain_render_00004"},{"time":0.3666,"name":null},{"time":0.5666,"name":"ef_bullet_rain_render/ef_bullet_rain_render_00004"},{"time":0.6666,"name":null},{"time":0.8666,"name":"ef_bullet_rain_render/ef_bullet_rain_render_00004"},{"time":0.9666,"name":null}]},"S2_balletrain_07":{"attachment":[{"time":0.3,"name":"ef_bullet_rain_render/ef_bullet_rain_render_00004"},{"time":0.4,"name":null},{"time":0.6,"name":"ef_bullet_rain_render/ef_bullet_rain_render_00004"},{"time":0.7,"name":null},{"time":0.9,"name":"ef_bullet_rain_render/ef_bullet_rain_render_00004"},{"time":1,"name":null}]},"S2_balletrain_08":{"attachment":[{"time":0.2666,"name":"ef_bullet_rain_render/ef_bullet_rain_render_00004"},{"time":0.4,"name":null},{"time":0.6,"name":"ef_bullet_rain_render/ef_bullet_rain_render_00004"},{"time":0.7333,"name":null},{"time":0.9333,"name":"ef_bullet_rain_render/ef_bullet_rain_render_00004"},{"time":1.0333,"name":null}]},"S2_balletrain_09":{"attachment":[{"time":0.2333,"name":"ef_bullet_rain_render/ef_bullet_rain_render_00004"},{"time":0.3666,"name":null},{"time":0.5666,"name":"ef_bullet_rain_render/ef_bullet_rain_render_00004"},{"time":0.7,"name":null},{"time":0.9,"name":"ef_bullet_rain_render/ef_bullet_rain_render_00004"},{"time":1,"name":null}]},"S2_balletrain_10":{"attachment":[{"time":0.3,"name":"ef_bullet_rain_render/ef_bullet_rain_render_00004"},{"time":0.4333,"name":null},{"time":0.6333,"name":"ef_bullet_rain_render/ef_bullet_rain_render_00004"},{"time":0.7666,"name":null}]},"S2_balletrain_11":{"attachment":[{"time":0.3333,"name":"ef_bullet_rain_render/ef_bullet_rain_render_00004"},{"time":0.4666,"name":null},{"time":0.6666,"name":"ef_bullet_rain_render/ef_bullet_rain_render_00004"},{"time":0.8,"name":null}]},"ballet_01":{"attachment":[{"time":0.1,"name":"bullet_00001"},{"time":0.1666,"name":null},{"time":0.4,"name":"bullet_00001"},{"time":0.4666,"name":null},{"time":0.7,"name":"bullet_00001"},{"time":0.7666,"name":null},{"time":1,"name":"bullet_00001"},{"time":1.0333,"name":null}]},"ballet_02":{"attachment":[{"time":0.1333,"name":"bullet_00001"},{"time":0.2,"name":null},{"time":0.4333,"name":"bullet_00001"},{"time":0.5,"name":null},{"time":0.7333,"name":"bullet_00001"},{"time":0.8,"name":null}]},"ballet_03":{"attachment":[{"time":0.1666,"name":"bullet_00001"},{"time":0.2333,"name":null},{"time":0.4666,"name":"bullet_00001"},{"time":0.5333,"name":null},{"time":0.7666,"name":"bullet_00001"},{"time":0.8333,"name":null}]},"ballet_04":{"attachment":[{"time":0.2,"name":"bullet_00001"},{"time":0.2666,"name":null},{"time":0.5,"name":"bullet_00001"},{"time":0.5666,"name":null},{"time":0.8,"name":"bullet_00001"},{"time":0.8666,"name":null}]},"ballet_05":{"attachment":[{"time":0.2333,"name":"bullet_00001"},{"time":0.3,"name":null},{"time":0.5333,"name":"bullet_00001"},{"time":0.6,"name":null},{"time":0.8333,"name":"bullet_00001"},{"time":0.9,"name":null}]},"ballet_06":{"attachment":[{"time":0.2666,"name":"bullet_00001"},{"time":0.3333,"name":null},{"time":0.5666,"name":"bullet_00001"},{"time":0.6333,"name":null},{"time":0.8666,"name":"bullet_00001"},{"time":0.9333,"name":null}]},"ballet_07":{"attachment":[{"time":0.3,"name":"bullet_00001"},{"time":0.3666,"name":null},{"time":0.6,"name":"bullet_00001"},{"time":0.6666,"name":null},{"time":0.9,"name":"bullet_00001"},{"time":0.9666,"name":null}]},"ballet_08":{"attachment":[{"time":0.2666,"name":"bullet_00001"},{"time":0.3666,"name":null},{"time":0.6,"name":"bullet_00001"},{"time":0.7,"name":null},{"time":0.9333,"name":"bullet_00001"},{"time":1,"name":null}]},"ballet_09":{"attachment":[{"time":0.2333,"name":"bullet_00001"},{"time":0.3333,"name":null},{"time":0.5666,"name":"bullet_00001"},{"time":0.6666,"name":null},{"time":0.9,"name":"bullet_00001"},{"time":0.9666,"name":null}]},"ballet_10":{"attachment":[{"time":0.3,"name":"bullet_00001"},{"time":0.4,"name":null},{"time":0.6333,"name":"bullet_00001"},{"time":0.7333,"name":null}]},"ballet_11":{"attachment":[{"time":0.3333,"name":"bullet_00001"},{"time":0.4333,"name":null},{"time":0.6666,"name":"bullet_00001"},{"time":0.7666,"name":null}]},"ef_OF3_main/ef_OF3_main_00002":{"attachment":[{"time":0.1333,"name":"ef_OF3_main/ef_OF3_main_00002"},{"time":0.1666,"name":"ef_OF3_main/ef_OF3_main_00003"},{"time":0.2,"name":"ef_OF3_main/ef_OF3_main_00004"},{"time":0.2333,"name":"ef_OF3_main/ef_OF3_main_00005"},{"time":0.2666,"name":"ef_OF3_main/ef_OF3_main_00006"},{"time":0.3,"name":null},{"time":0.3333,"name":"ef_OF3_main/ef_OF3_main_00002"},{"time":0.3666,"name":"ef_OF3_main/ef_OF3_main_00003"},{"time":0.4,"name":"ef_OF3_main/ef_OF3_main_00004"},{"time":0.4333,"name":"ef_OF3_main/ef_OF3_main_00005"},{"time":0.4666,"name":"ef_OF3_main/ef_OF3_main_00006"},{"time":0.5,"name":null},{"time":0.5333,"name":"ef_OF3_main/ef_OF3_main_00002"},{"time":0.5666,"name":"ef_OF3_main/ef_OF3_main_00003"},{"time":0.6,"name":"ef_OF3_main/ef_OF3_main_00004"},{"time":0.6333,"name":"ef_OF3_main/ef_OF3_main_00005"},{"time":0.6666,"name":"ef_OF3_main/ef_OF3_main_00006"},{"time":0.7,"name":null},{"time":0.7333,"name":"ef_OF3_main/ef_OF3_main_00002"},{"time":0.7666,"name":"ef_OF3_main/ef_OF3_main_00003"},{"time":0.8,"name":"ef_OF3_main/ef_OF3_main_00004"},{"time":0.8333,"name":"ef_OF3_main/ef_OF3_main_00005"},{"time":0.8666,"name":"ef_OF3_main/ef_OF3_main_00006"},{"time":0.9,"name":null},{"time":0.9333,"name":"ef_OF3_main/ef_OF3_main_00002"},{"time":0.9666,"name":"ef_OF3_main/ef_OF3_main_00003"},{"time":1,"name":"ef_OF3_main/ef_OF3_main_00004"},{"time":1.0333,"name":"ef_OF3_main/ef_OF3_main_00005"},{"time":1.0666,"name":"ef_OF3_main/ef_OF3_main_00006"},{"time":1.1,"name":null}],"color":[{"time":0.1333,"color":"ffffffb4"}]},"wave_ground/740_S1_wave1_00003":{"attachment":[{"time":0,"name":null},{"time":0.1666,"name":"wave_ground/740_S1_wave1_00003"},{"time":0.2,"name":"wave_ground/740_S1_wave1_00004"},{"time":0.2333,"name":"wave_ground/740_S1_wave1_00005"},{"time":0.2666,"name":"wave_ground/740_S1_wave1_00006"},{"time":0.3,"name":"wave_ground/740_S1_wave1_00007"},{"time":0.3333,"name":"wave_ground/740_S1_wave1_00008"},{"time":0.3666,"name":"wave_ground/740_S1_wave1_00009"},{"time":0.4,"name":"wave_ground/740_S1_wave1_00010"},{"time":0.4333,"name":null},{"time":0.4666,"name":"wave_ground/740_S1_wave1_00003"},{"time":0.5,"name":"wave_ground/740_S1_wave1_00004"},{"time":0.5333,"name":"wave_ground/740_S1_wave1_00005"},{"time":0.5666,"name":"wave_ground/740_S1_wave1_00006"},{"time":0.6,"name":"wave_ground/740_S1_wave1_00007"},{"time":0.6333,"name":"wave_ground/740_S1_wave1_00008"},{"time":0.6666,"name":"wave_ground/740_S1_wave1_00009"},{"time":0.7,"name":"wave_ground/740_S1_wave1_00010"},{"time":0.7333,"name":null},{"time":0.7666,"name":"wave_ground/740_S1_wave1_00003"},{"time":0.8,"name":"wave_ground/740_S1_wave1_00004"},{"time":0.8333,"name":"wave_ground/740_S1_wave1_00005"},{"time":0.8666,"name":"wave_ground/740_S1_wave1_00006"},{"time":0.9,"name":"wave_ground/740_S1_wave1_00007"},{"time":0.9333,"name":"wave_ground/740_S1_wave1_00008"},{"time":0.9666,"name":"wave_ground/740_S1_wave1_00009"},{"time":1,"name":"wave_ground/740_S1_wave1_00010"},{"time":1.0333,"name":"wave_ground/740_S1_wave1_00003"},{"time":1.0666,"name":"wave_ground/740_S1_wave1_00004"},{"time":1.1,"name":"wave_ground/740_S1_wave1_00005"},{"time":1.1333,"name":"wave_ground/740_S1_wave1_00006"},{"time":1.1666,"name":"wave_ground/740_S1_wave1_00007"},{"time":1.2,"name":"wave_ground/740_S1_wave1_00008"},{"time":1.2333,"name":"wave_ground/740_S1_wave1_00009"},{"time":1.2666,"name":"wave_ground/740_S1_wave1_00010"},{"time":1.3,"name":null}],"color":[{"time":0,"color":"ffffffb4"}]},"wave_ground/740_S1_wave1_3":{"attachment":[{"time":0.2,"name":"wave_ground/740_S1_wave1_00003"},{"time":0.2333,"name":"wave_ground/740_S1_wave1_00004"},{"time":0.2666,"name":"wave_ground/740_S1_wave1_00005"},{"time":0.3,"name":"wave_ground/740_S1_wave1_00006"},{"time":0.3333,"name":"wave_ground/740_S1_wave1_00007"},{"time":0.3666,"name":"wave_ground/740_S1_wave1_00008"},{"time":0.4,"name":"wave_ground/740_S1_wave1_00009"},{"time":0.4333,"name":"wave_ground/740_S1_wave1_00010"},{"time":0.4666,"name":null},{"time":0.5,"name":"wave_ground/740_S1_wave1_00003"},{"time":0.5333,"name":"wave_ground/740_S1_wave1_00004"},{"time":0.5666,"name":"wave_ground/740_S1_wave1_00005"},{"time":0.6,"name":"wave_ground/740_S1_wave1_00006"},{"time":0.6333,"name":"wave_ground/740_S1_wave1_00007"},{"time":0.6666,"name":"wave_ground/740_S1_wave1_00008"},{"time":0.7,"name":"wave_ground/740_S1_wave1_00009"},{"time":0.7333,"name":"wave_ground/740_S1_wave1_00010"},{"time":0.7666,"name":null},{"time":0.8,"name":"wave_ground/740_S1_wave1_00003"},{"time":0.8333,"name":"wave_ground/740_S1_wave1_00004"},{"time":0.8666,"name":"wave_ground/740_S1_wave1_00005"},{"time":0.9,"name":"wave_ground/740_S1_wave1_00006"},{"time":0.9333,"name":"wave_ground/740_S1_wave1_00007"},{"time":0.9666,"name":"wave_ground/740_S1_wave1_00008"},{"time":1,"name":"wave_ground/740_S1_wave1_00009"},{"time":1.0333,"name":"wave_ground/740_S1_wave1_00010"},{"time":1.0666,"name":null}],"color":[{"time":0,"color":"ffffffb4"}]},"wave_ground/740_S1_wave1_4":{"attachment":[{"time":0.2333,"name":"wave_ground/740_S1_wave1_00003"},{"time":0.2666,"name":"wave_ground/740_S1_wave1_00004"},{"time":0.3,"name":"wave_ground/740_S1_wave1_00005"},{"time":0.3333,"name":"wave_ground/740_S1_wave1_00006"},{"time":0.3666,"name":"wave_ground/740_S1_wave1_00007"},{"time":0.4,"name":"wave_ground/740_S1_wave1_00008"},{"time":0.4333,"name":"wave_ground/740_S1_wave1_00009"},{"time":0.4666,"name":"wave_ground/740_S1_wave1_00010"},{"time":0.5,"name":null},{"time":0.5333,"name":"wave_ground/740_S1_wave1_00003"},{"time":0.5666,"name":"wave_ground/740_S1_wave1_00004"},{"time":0.6,"name":"wave_ground/740_S1_wave1_00005"},{"time":0.6333,"name":"wave_ground/740_S1_wave1_00006"},{"time":0.6666,"name":"wave_ground/740_S1_wave1_00007"},{"time":0.7,"name":"wave_ground/740_S1_wave1_00008"},{"time":0.7333,"name":"wave_ground/740_S1_wave1_00009"},{"time":0.7666,"name":"wave_ground/740_S1_wave1_00010"},{"time":0.8,"name":null},{"time":0.8333,"name":"wave_ground/740_S1_wave1_00003"},{"time":0.8666,"name":"wave_ground/740_S1_wave1_00004"},{"time":0.9,"name":"wave_ground/740_S1_wave1_00005"},{"time":0.9333,"name":"wave_ground/740_S1_wave1_00006"},{"time":0.9666,"name":"wave_ground/740_S1_wave1_00007"},{"time":1,"name":"wave_ground/740_S1_wave1_00008"},{"time":1.0333,"name":"wave_ground/740_S1_wave1_00009"},{"time":1.0666,"name":"wave_ground/740_S1_wave1_00010"},{"time":1.1,"name":null}],"color":[{"time":0,"color":"ffffffb4"}]},"wave_ground/740_S1_wave1_5":{"attachment":[{"time":0.2666,"name":"wave_ground/740_S1_wave1_00003"},{"time":0.3,"name":"wave_ground/740_S1_wave1_00004"},{"time":0.3333,"name":"wave_ground/740_S1_wave1_00005"},{"time":0.3666,"name":"wave_ground/740_S1_wave1_00006"},{"time":0.4,"name":"wave_ground/740_S1_wave1_00007"},{"time":0.4333,"name":"wave_ground/740_S1_wave1_00008"},{"time":0.4666,"name":"wave_ground/740_S1_wave1_00009"},{"time":0.5,"name":"wave_ground/740_S1_wave1_00010"},{"time":0.5333,"name":null},{"time":0.5666,"name":"wave_ground/740_S1_wave1_00003"},{"time":0.6,"name":"wave_ground/740_S1_wave1_00004"},{"time":0.6333,"name":"wave_ground/740_S1_wave1_00005"},{"time":0.6666,"name":"wave_ground/740_S1_wave1_00006"},{"time":0.7,"name":"wave_ground/740_S1_wave1_00007"},{"time":0.7333,"name":"wave_ground/740_S1_wave1_00008"},{"time":0.7666,"name":"wave_ground/740_S1_wave1_00009"},{"time":0.8,"name":"wave_ground/740_S1_wave1_00010"},{"time":0.8333,"name":null},{"time":0.8666,"name":"wave_ground/740_S1_wave1_00003"},{"time":0.9,"name":"wave_ground/740_S1_wave1_00004"},{"time":0.9333,"name":"wave_ground/740_S1_wave1_00005"},{"time":0.9666,"name":"wave_ground/740_S1_wave1_00006"},{"time":1,"name":"wave_ground/740_S1_wave1_00007"},{"time":1.0333,"name":"wave_ground/740_S1_wave1_00008"},{"time":1.0666,"name":"wave_ground/740_S1_wave1_00009"},{"time":1.1,"name":"wave_ground/740_S1_wave1_00010"},{"time":1.1333,"name":null}],"color":[{"time":0,"color":"ffffffb4"}]},"wave_ground/740_S1_wave1_6":{"attachment":[{"time":0.3,"name":"wave_ground/740_S1_wave1_00003"},{"time":0.3333,"name":"wave_ground/740_S1_wave1_00004"},{"time":0.3666,"name":"wave_ground/740_S1_wave1_00005"},{"time":0.4,"name":"wave_ground/740_S1_wave1_00006"},{"time":0.4333,"name":"wave_ground/740_S1_wave1_00007"},{"time":0.4666,"name":"wave_ground/740_S1_wave1_00008"},{"time":0.5,"name":"wave_ground/740_S1_wave1_00009"},{"time":0.5333,"name":"wave_ground/740_S1_wave1_00010"},{"time":0.5666,"name":null},{"time":0.6,"name":"wave_ground/740_S1_wave1_00003"},{"time":0.6333,"name":"wave_ground/740_S1_wave1_00004"},{"time":0.6666,"name":"wave_ground/740_S1_wave1_00005"},{"time":0.7,"name":"wave_ground/740_S1_wave1_00006"},{"time":0.7333,"name":"wave_ground/740_S1_wave1_00007"},{"time":0.7666,"name":"wave_ground/740_S1_wave1_00008"},{"time":0.8,"name":"wave_ground/740_S1_wave1_00009"},{"time":0.8333,"name":"wave_ground/740_S1_wave1_00010"},{"time":0.8666,"name":null},{"time":0.9,"name":"wave_ground/740_S1_wave1_00003"},{"time":0.9333,"name":"wave_ground/740_S1_wave1_00004"},{"time":0.9666,"name":"wave_ground/740_S1_wave1_00005"},{"time":1,"name":"wave_ground/740_S1_wave1_00006"},{"time":1.0333,"name":"wave_ground/740_S1_wave1_00007"},{"time":1.0666,"name":"wave_ground/740_S1_wave1_00008"},{"time":1.1,"name":"wave_ground/740_S1_wave1_00009"},{"time":1.1333,"name":"wave_ground/740_S1_wave1_00010"},{"time":1.1666,"name":null}],"color":[{"time":0,"color":"ffffffb4"}]},"wave_ground/740_S1_wave1_7":{"attachment":[{"time":0,"name":null},{"time":0.3333,"name":"wave_ground/740_S1_wave1_00003"},{"time":0.3666,"name":"wave_ground/740_S1_wave1_00004"},{"time":0.4,"name":"wave_ground/740_S1_wave1_00005"},{"time":0.4333,"name":"wave_ground/740_S1_wave1_00006"},{"time":0.4666,"name":"wave_ground/740_S1_wave1_00007"},{"time":0.5,"name":"wave_ground/740_S1_wave1_00008"},{"time":0.5333,"name":"wave_ground/740_S1_wave1_00009"},{"time":0.5666,"name":"wave_ground/740_S1_wave1_00010"},{"time":0.6,"name":null},{"time":0.6333,"name":"wave_ground/740_S1_wave1_00003"},{"time":0.6666,"name":"wave_ground/740_S1_wave1_00004"},{"time":0.7,"name":"wave_ground/740_S1_wave1_00005"},{"time":0.7333,"name":"wave_ground/740_S1_wave1_00006"},{"time":0.7666,"name":"wave_ground/740_S1_wave1_00007"},{"time":0.8,"name":"wave_ground/740_S1_wave1_00008"},{"time":0.8333,"name":"wave_ground/740_S1_wave1_00009"},{"time":0.8666,"name":"wave_ground/740_S1_wave1_00010"},{"time":0.9,"name":null},{"time":0.9333,"name":"wave_ground/740_S1_wave1_00003"},{"time":0.9666,"name":"wave_ground/740_S1_wave1_00004"},{"time":1,"name":"wave_ground/740_S1_wave1_00005"},{"time":1.0333,"name":"wave_ground/740_S1_wave1_00006"},{"time":1.0666,"name":"wave_ground/740_S1_wave1_00007"},{"time":1.1,"name":"wave_ground/740_S1_wave1_00008"},{"time":1.1333,"name":"wave_ground/740_S1_wave1_00009"},{"time":1.1666,"name":"wave_ground/740_S1_wave1_00010"},{"time":1.2,"name":null}],"color":[{"time":0,"color":"ffffffb4"}]},"wave_ground/740_S1_wave1_8":{"attachment":[{"time":0,"name":null},{"time":0.3666,"name":"wave_ground/740_S1_wave1_00003"},{"time":0.4,"name":"wave_ground/740_S1_wave1_00004"},{"time":0.4333,"name":"wave_ground/740_S1_wave1_00005"},{"time":0.4666,"name":"wave_ground/740_S1_wave1_00006"},{"time":0.5,"name":"wave_ground/740_S1_wave1_00007"},{"time":0.5333,"name":"wave_ground/740_S1_wave1_00008"},{"time":0.5666,"name":"wave_ground/740_S1_wave1_00009"},{"time":0.6,"name":"wave_ground/740_S1_wave1_00010"},{"time":0.6333,"name":null},{"time":0.6666,"name":"wave_ground/740_S1_wave1_00003"},{"time":0.7,"name":"wave_ground/740_S1_wave1_00004"},{"time":0.7333,"name":"wave_ground/740_S1_wave1_00005"},{"time":0.7666,"name":"wave_ground/740_S1_wave1_00006"},{"time":0.8,"name":"wave_ground/740_S1_wave1_00007"},{"time":0.8333,"name":"wave_ground/740_S1_wave1_00008"},{"time":0.8666,"name":"wave_ground/740_S1_wave1_00009"},{"time":0.9,"name":"wave_ground/740_S1_wave1_00010"},{"time":0.9333,"name":null},{"time":0.9666,"name":"wave_ground/740_S1_wave1_00003"},{"time":1,"name":"wave_ground/740_S1_wave1_00004"},{"time":1.0333,"name":"wave_ground/740_S1_wave1_00005"},{"time":1.0666,"name":"wave_ground/740_S1_wave1_00006"},{"time":1.1,"name":"wave_ground/740_S1_wave1_00007"},{"time":1.1333,"name":"wave_ground/740_S1_wave1_00008"},{"time":1.1666,"name":"wave_ground/740_S1_wave1_00009"},{"time":1.2,"name":"wave_ground/740_S1_wave1_00010"},{"time":1.2333,"name":null}],"color":[{"time":0,"color":"ffffffb4"}]},"wave_ground/740_S1_wave1_9":{"attachment":[{"time":0,"name":null},{"time":0.3666,"name":"wave_ground/740_S1_wave1_00003"},{"time":0.4,"name":"wave_ground/740_S1_wave1_00004"},{"time":0.4333,"name":"wave_ground/740_S1_wave1_00005"},{"time":0.4666,"name":"wave_ground/740_S1_wave1_00006"},{"time":0.5,"name":"wave_ground/740_S1_wave1_00007"},{"time":0.5333,"name":"wave_ground/740_S1_wave1_00008"},{"time":0.5666,"name":"wave_ground/740_S1_wave1_00009"},{"time":0.6,"name":"wave_ground/740_S1_wave1_00010"},{"time":0.6333,"name":null},{"time":0.7,"name":"wave_ground/740_S1_wave1_00003"},{"time":0.7333,"name":"wave_ground/740_S1_wave1_00004"},{"time":0.7666,"name":"wave_ground/740_S1_wave1_00005"},{"time":0.8,"name":"wave_ground/740_S1_wave1_00006"},{"time":0.8333,"name":"wave_ground/740_S1_wave1_00007"},{"time":0.8666,"name":"wave_ground/740_S1_wave1_00008"},{"time":0.9,"name":"wave_ground/740_S1_wave1_00009"},{"time":0.9333,"name":"wave_ground/740_S1_wave1_00010"},{"time":0.9666,"name":null},{"time":1,"name":"wave_ground/740_S1_wave1_00003"},{"time":1.0333,"name":"wave_ground/740_S1_wave1_00004"},{"time":1.0666,"name":"wave_ground/740_S1_wave1_00005"},{"time":1.1,"name":"wave_ground/740_S1_wave1_00006"},{"time":1.1333,"name":"wave_ground/740_S1_wave1_00007"},{"time":1.1666,"name":"wave_ground/740_S1_wave1_00008"},{"time":1.2,"name":"wave_ground/740_S1_wave1_00009"},{"time":1.2333,"name":"wave_ground/740_S1_wave1_00010"},{"time":1.2666,"name":null}],"color":[{"time":0,"color":"ffffffb4"}]},"wave_ground/740_S1_wave1_10":{"attachment":[{"time":0,"name":null},{"time":0.3333,"name":"wave_ground/740_S1_wave1_00003"},{"time":0.3666,"name":"wave_ground/740_S1_wave1_00004"},{"time":0.4,"name":"wave_ground/740_S1_wave1_00005"},{"time":0.4333,"name":"wave_ground/740_S1_wave1_00006"},{"time":0.4666,"name":"wave_ground/740_S1_wave1_00007"},{"time":0.5,"name":"wave_ground/740_S1_wave1_00008"},{"time":0.5333,"name":"wave_ground/740_S1_wave1_00009"},{"time":0.5666,"name":"wave_ground/740_S1_wave1_00010"},{"time":0.6,"name":null},{"time":0.6666,"name":"wave_ground/740_S1_wave1_00003"},{"time":0.7,"name":"wave_ground/740_S1_wave1_00004"},{"time":0.7333,"name":"wave_ground/740_S1_wave1_00005"},{"time":0.7666,"name":"wave_ground/740_S1_wave1_00006"},{"time":0.8,"name":"wave_ground/740_S1_wave1_00007"},{"time":0.8333,"name":"wave_ground/740_S1_wave1_00008"},{"time":0.8666,"name":"wave_ground/740_S1_wave1_00009"},{"time":0.9,"name":"wave_ground/740_S1_wave1_00010"},{"time":0.9333,"name":null},{"time":0.9666,"name":"wave_ground/740_S1_wave1_00003"},{"time":1,"name":"wave_ground/740_S1_wave1_00004"},{"time":1.0333,"name":"wave_ground/740_S1_wave1_00005"},{"time":1.0666,"name":"wave_ground/740_S1_wave1_00006"},{"time":1.1,"name":"wave_ground/740_S1_wave1_00007"},{"time":1.1333,"name":"wave_ground/740_S1_wave1_00008"},{"time":1.1666,"name":"wave_ground/740_S1_wave1_00009"},{"time":1.2,"name":"wave_ground/740_S1_wave1_00010"},{"time":1.2333,"name":null}],"color":[{"time":0,"color":"ffffffb4"}]},"wave_ground/740_S1_wave1_11":{"attachment":[{"time":0.4,"name":"wave_ground/740_S1_wave1_00003"},{"time":0.4333,"name":"wave_ground/740_S1_wave1_00004"},{"time":0.4666,"name":"wave_ground/740_S1_wave1_00005"},{"time":0.5,"name":"wave_ground/740_S1_wave1_00006"},{"time":0.5333,"name":"wave_ground/740_S1_wave1_00007"},{"time":0.5666,"name":"wave_ground/740_S1_wave1_00008"},{"time":0.6,"name":"wave_ground/740_S1_wave1_00009"},{"time":0.6333,"name":"wave_ground/740_S1_wave1_00010"},{"time":0.6666,"name":null},{"time":0.7333,"name":"wave_ground/740_S1_wave1_00003"},{"time":0.7666,"name":"wave_ground/740_S1_wave1_00004"},{"time":0.8,"name":"wave_ground/740_S1_wave1_00005"},{"time":0.8333,"name":"wave_ground/740_S1_wave1_00006"},{"time":0.8666,"name":"wave_ground/740_S1_wave1_00007"},{"time":0.9,"name":"wave_ground/740_S1_wave1_00008"},{"time":0.9333,"name":"wave_ground/740_S1_wave1_00009"},{"time":0.9666,"name":"wave_ground/740_S1_wave1_00010"},{"time":1,"name":null}],"color":[{"time":0,"color":"ffffffb4"}]},"wave_ground/740_S1_wave1_12":{"attachment":[{"time":0.4333,"name":"wave_ground/740_S1_wave1_00003"},{"time":0.4666,"name":"wave_ground/740_S1_wave1_00004"},{"time":0.5,"name":"wave_ground/740_S1_wave1_00005"},{"time":0.5333,"name":"wave_ground/740_S1_wave1_00006"},{"time":0.5666,"name":"wave_ground/740_S1_wave1_00007"},{"time":0.6,"name":"wave_ground/740_S1_wave1_00008"},{"time":0.6333,"name":"wave_ground/740_S1_wave1_00009"},{"time":0.6666,"name":"wave_ground/740_S1_wave1_00010"},{"time":0.7,"name":null},{"time":0.7666,"name":"wave_ground/740_S1_wave1_00003"},{"time":0.8,"name":"wave_ground/740_S1_wave1_00004"},{"time":0.8333,"name":"wave_ground/740_S1_wave1_00005"},{"time":0.8666,"name":"wave_ground/740_S1_wave1_00006"},{"time":0.9,"name":"wave_ground/740_S1_wave1_00007"},{"time":0.9333,"name":"wave_ground/740_S1_wave1_00008"},{"time":0.9666,"name":"wave_ground/740_S1_wave1_00009"},{"time":1,"name":"wave_ground/740_S1_wave1_00010"},{"time":1.0333,"name":null}],"color":[{"time":0,"color":"ffffffb4"}]}},"bones":{"DAMAGEAREA":{"translate":[{"time":0.1666,"x":0,"y":121.17}],"scale":[{"time":0.1666,"x":2.342,"y":2.093}]},"ballet_1":{"translate":[{"time":0.1,"x":-318.14,"y":357.65},{"time":0.1666,"x":-318.14,"y":-218.13,"curve":"stepped"},{"time":0.4,"x":-318.14,"y":357.65},{"time":0.4666,"x":-318.14,"y":-218.13,"curve":"stepped"},{"time":0.7,"x":-318.14,"y":357.65},{"time":0.7666,"x":-318.14,"y":-218.13,"curve":"stepped"},{"time":1,"x":-318.14,"y":357.65},{"time":1.0333,"x":-318.14,"y":-218.13}],"scale":[{"time":0.1,"x":-0.997,"y":1,"curve":"stepped"},{"time":0.4,"x":-0.997,"y":1,"curve":"stepped"},{"time":0.7,"x":-0.997,"y":1,"curve":"stepped"},{"time":1,"x":-0.997,"y":1}]},"ballet_2":{"translate":[{"time":0.1333,"x":-305,"y":351.49},{"time":0.2,"x":-305,"y":-237.74,"curve":"stepped"},{"time":0.4333,"x":-305,"y":351.49},{"time":0.5,"x":-305,"y":-237.74,"curve":"stepped"},{"time":0.7333,"x":-305,"y":351.49},{"time":0.8,"x":-305,"y":-237.74}],"scale":[{"time":0.1333,"x":-0.997,"y":1}]},"ballet_3":{"translate":[{"time":0.1666,"x":-519.92,"y":357.91},{"time":0.2333,"x":-519.92,"y":-231.46,"curve":"stepped"},{"time":0.4666,"x":-519.92,"y":357.91},{"time":0.5333,"x":-519.92,"y":-231.46,"curve":"stepped"},{"time":0.7666,"x":-519.92,"y":357.91},{"time":0.8333,"x":-519.92,"y":-231.46}]},"ballet_4":{"translate":[{"time":0.2,"x":-341.44,"y":362.14},{"time":0.2666,"x":-341.44,"y":-209.28,"curve":"stepped"},{"time":0.5,"x":-341.44,"y":362.14},{"time":0.5666,"x":-341.44,"y":-209.28,"curve":"stepped"},{"time":0.8,"x":-341.44,"y":362.14},{"time":0.8666,"x":-341.44,"y":-209.28}]},"ballet_5":{"translate":[{"time":0.2333,"x":-689.78,"y":351.44},{"time":0.3,"x":-689.78,"y":-216.59,"curve":"stepped"},{"time":0.5333,"x":-689.78,"y":351.44},{"time":0.6,"x":-689.78,"y":-216.59,"curve":"stepped"},{"time":0.8333,"x":-689.78,"y":351.44},{"time":0.9,"x":-689.78,"y":-216.59}]},"ballet_6":{"translate":[{"time":0.2666,"x":-627.15,"y":360.95},{"time":0.3333,"x":-627.15,"y":-256.04,"curve":"stepped"},{"time":0.5666,"x":-627.15,"y":360.95},{"time":0.6333,"x":-627.15,"y":-256.04,"curve":"stepped"},{"time":0.8666,"x":-627.15,"y":360.95},{"time":0.9333,"x":-627.15,"y":-256.04}]},"ballet_7":{"translate":[{"time":0.3,"x":-551.32,"y":372.27},{"time":0.3666,"x":-551.32,"y":-234.7,"curve":"stepped"},{"time":0.6,"x":-551.32,"y":372.27},{"time":0.6666,"x":-551.32,"y":-234.7,"curve":"stepped"},{"time":0.9,"x":-551.32,"y":372.27},{"time":0.9666,"x":-551.32,"y":-234.7}]},"ballet_8":{"translate":[{"time":0.2666,"x":-838.57,"y":362.68},{"time":0.3666,"x":-838.57,"y":-263.71,"curve":"stepped"},{"time":0.6,"x":-838.57,"y":362.68},{"time":0.7,"x":-838.57,"y":-263.71,"curve":"stepped"},{"time":0.9333,"x":-792.68,"y":391.19},{"time":1,"x":-792.06,"y":-226.61}],"scale":[{"time":0.2666,"x":-0.997,"y":1,"curve":"stepped"},{"time":0.6,"x":-0.997,"y":1,"curve":"stepped"},{"time":0.9333,"x":0.997,"y":1}]},"ballet_9":{"translate":[{"time":0.2333,"x":-618.96,"y":380.62},{"time":0.3333,"x":-618.96,"y":-252.37,"curve":"stepped"},{"time":0.5666,"x":-618.96,"y":380.62},{"time":0.6666,"x":-618.96,"y":-252.37,"curve":"stepped"},{"time":0.9,"x":-697.13,"y":387.22},{"time":0.9666,"x":-697.13,"y":-227.25}]},"ballet_10":{"translate":[{"time":0.3,"x":-778.05,"y":368.37},{"time":0.4,"x":-778.05,"y":-235.03,"curve":"stepped"},{"time":0.6333,"x":-778.05,"y":368.37},{"time":0.7333,"x":-778.05,"y":-235.03}]},"ballet_11":{"translate":[{"time":0.3333,"x":-933.7,"y":463.07},{"time":0.4333,"x":-933.7,"y":-198.04,"curve":"stepped"},{"time":0.6666,"x":-933.7,"y":463.07},{"time":0.7666,"x":-933.7,"y":-198.04}],"scale":[{"time":0.3333,"x":-0.997,"y":1,"curve":"stepped"},{"time":0.6666,"x":-0.997,"y":1}]},"S2_OF_C":{"translate":[{"time":0.1333,"x":-406.79,"y":414.23}],"scale":[{"time":0.1333,"x":6.997,"y":6.997}]},"S2_wave_ground_1":{"translate":[{"time":0.1666,"x":-310.2,"y":42.1}]},"S2_wave_ground_2":{"translate":[{"time":0.2,"x":-301.51,"y":16.91}]},"S2_wave_ground_3":{"translate":[{"time":0.2333,"x":-517.51,"y":23.73}]},"S2_wave_ground_4":{"translate":[{"time":0.2666,"x":-339.71,"y":45.34}]},"S2_wave_ground_5":{"translate":[{"time":0.3,"x":-687,"y":43.25}]},"S2_wave_ground_6":{"translate":[{"time":0.3333,"x":-320.85,"y":54.11}]},"S2_wave_ground_7":{"translate":[{"time":0.3666,"x":-256.85,"y":78.53}]},"S2_wave_ground_8":{"translate":[{"time":0.3666,"x":-558.51,"y":49.13,"curve":"stepped"},{"time":1,"x":-512.2,"y":85.39}]},"S2_wave_ground_9":{"translate":[{"time":0.3333,"x":-351.43,"y":53.77,"curve":"stepped"},{"time":0.9666,"x":-429.16,"y":84.36}]},"S2_wave_ground_10":{"translate":[{"time":0.4,"x":-514.86,"y":76.23}]},"S2_wave_ground_11":{"translate":[{"time":0.4333,"x":-367.98,"y":158.47}]},"S2_ballet_rain_root":{"translate":[{"time":0,"x":29.71,"y":0}]}},"events":[{"time":0,"name":"Sound1","string":"cri_se_battle_darkness_explosion"},{"time":0,"name":"efEvent","string":"setPositionX_Target"},{"time":0.0333,"name":"efEvent","string":"setHitEffect(empty,0)"},{"time":0.0666,"name":"efEvent","string":"kDamageTextStyle_around"},{"time":0.1,"name":"efEvent","float":0.2,"string":"kHitStopType_enemyonly"},{"time":0.1333,"name":"efEvent","int":90,"string":"kImpactType_up"},{"time":0.1666,"name":"Sound1","string":"setHitSound(se_battle_thrustviolently)"},{"time":0.2,"name":"Sound1","string":"setHitSound(empty)"},{"time":0.2333,"name":"efHit","string":"resetHitList"},{"time":0.2666,"name":"Sound1","string":"setHitSound(se_battle_thrustviolently)"},{"time":0.3,"name":"Sound1","string":"setHitSound(empty)"},{"time":0.3,"name":"efHit","string":"resetHitList"},{"time":0.3666,"name":"Sound1","string":"setHitSound(se_battle_thrustviolently)"},{"time":0.3666,"name":"efHit","string":"resetHitList"},{"time":0.4,"name":"Sound1","string":"setHitSound(empty)"},{"time":0.4333,"name":"efHit","string":"resetHitList"},{"time":0.4666,"name":"Sound1","string":"setHitSound(se_battle_thrustviolently)"},{"time":0.5,"name":"Sound1","string":"setHitSound(empty)"},{"time":0.5,"name":"efHit","string":"resetHitList"},{"time":0.5666,"name":"Sound1","string":"setHitSound(se_battle_thrustviolently)"},{"time":0.5666,"name":"efHit","string":"resetHitList"},{"time":0.6,"name":"Sound1","string":"setHitSound(empty)"},{"time":0.6333,"name":"efHit","string":"resetHitList"},{"time":0.6666,"name":"Sound1","string":"setHitSound(se_battle_thrustviolently)"},{"time":0.7,"name":"Sound1","string":"setHitSound(empty)"},{"time":0.7,"name":"efHit","string":"resetHitList"},{"time":0.7666,"name":"Sound1","string":"setHitSound(se_battle_thrustviolently)"},{"time":0.7666,"name":"efHit","string":"resetHitList"},{"time":0.8,"name":"Sound1","string":"setHitSound(empty)"},{"time":0.8333,"name":"efHit","string":"resetHitList"},{"time":0.8666,"name":"Sound1","string":"setHitSound(se_battle_thrustviolently)"},{"time":0.9,"name":"Sound1","string":"setHitSound(empty)"},{"time":0.9,"name":"efHit","string":"resetHitList"},{"time":0.9666,"name":"Sound1","string":"setHitSound(se_battle_thrustviolently)"},{"time":0.9666,"name":"efHit","string":"resetHitList"},{"time":1,"name":"Sound1","string":"setHitSound(empty)"},{"time":1.0333,"name":"efHit","string":"resetHitList"}]}}}