{"skeleton":{"hash":"/90ALU2ayqe+dP6rsV/ygnBg/GA","spine":"3.0.12","width":0,"height":0},"bones":[{"name":"root"},{"name":"MAIN","parent":"root"},{"name":"BALL5","parent":"MAIN","x":0.31,"rotation":-0.09},{"name":"EF_ATK6","parent":"BALL5","x":120.76,"y":-7.25},{"name":"EF_ATK2_wave5","parent":"EF_ATK6","x":-108.57,"y":7.25},{"name":"EF_ATK2_root5","parent":"EF_ATK6","x":-103.45,"y":7.25},{"name":"EF_ATK2_beam5","parent":"EF_ATK6","x":-108.57,"y":7.25},{"name":"BALL4","parent":"MAIN","x":0.31},{"name":"EF_ATK5","parent":"BALL4","x":120.76,"y":-7.25},{"name":"EF_ATK2_wave4","parent":"EF_ATK5","x":-108.57,"y":7.25},{"name":"EF_ATK2_root4","parent":"EF_ATK5","x":-103.45,"y":7.25},{"name":"EF_ATK2_beam4","parent":"EF_ATK5","x":-108.57,"y":7.25},{"name":"BALL3","parent":"MAIN","x":0.31},{"name":"EF_ATK4","parent":"BALL3","x":120.76,"y":-7.25},{"name":"EF_ATK2_wave3","parent":"EF_ATK4","x":-108.57,"y":7.25},{"name":"EF_ATK2_root3","parent":"EF_ATK4","x":-103.45,"y":7.25},{"name":"EF_ATK2_beam3","parent":"EF_ATK4","x":-108.57,"y":7.25},{"name":"BALL2","parent":"MAIN","x":0.31},{"name":"EF_ATK3","parent":"BALL2","x":120.76,"y":-7.25},{"name":"EF_ATK2_wave2","parent":"EF_ATK3","x":-108.57,"y":7.25},{"name":"EF_ATK2_root2","parent":"EF_ATK3","x":-103.45,"y":7.25},{"name":"EF_ATK2_beam2","parent":"EF_ATK3","x":-108.57,"y":7.25},{"name":"BALL1","parent":"MAIN","x":0.31},{"name":"EF_ATK2","parent":"BALL1","x":120.76,"y":-7.25},{"name":"EF_ATK2_wave","parent":"EF_ATK2","x":-108.57,"y":7.25},{"name":"EF_ATK2_root","parent":"EF_ATK2","x":-103.45,"y":7.25},{"name":"EF_ATK2_beam","parent":"EF_ATK2","x":-108.57,"y":7.25},{"name":"DAMAGEAREA","parent":"root"}],"slots":[{"name":"funnel_a5","bone":"BALL5"},{"name":"EF/ATK5/9050_beam2_42","bone":"EF_ATK2_wave5"},{"name":"funnel_a","bone":"BALL1"},{"name":"EF/ATK5/9050_beam2_00039","bone":"EF_ATK2_wave"},{"name":"funnel_a2","bone":"BALL2"},{"name":"EF/ATK5/9050_beam2_39","bone":"EF_ATK2_wave2"},{"name":"funnel_a3","bone":"BALL3"},{"name":"EF/ATK5/9050_beam2_40","bone":"EF_ATK2_wave3"},{"name":"funnel_a4","bone":"BALL4"},{"name":"EF/ATK5/9050_beam2_41","bone":"EF_ATK2_wave4"},{"name":"EF/ATK5/9110_A5_laser1_00001","bone":"EF_ATK2_beam"},{"name":"EF/ATK5/9110_A5_laser1_1","bone":"EF_ATK2_beam2"},{"name":"EF/ATK5/9110_A5_laser1_2","bone":"EF_ATK2_beam3"},{"name":"EF/ATK5/9110_A5_laser1_3","bone":"EF_ATK2_beam4"},{"name":"EF/ATK5/9110_A5_laser1_4","bone":"EF_ATK2_beam5"},{"name":"EF/ATK5/9050_beam3_38","bone":"EF_ATK2_root"},{"name":"EF/ATK5/9050_beam3_39","bone":"EF_ATK2_root2"},{"name":"EF/ATK5/9050_beam3_40","bone":"EF_ATK2_root3"},{"name":"EF/ATK5/9050_beam3_41","bone":"EF_ATK2_root4"},{"name":"EF/ATK5/9050_beam3_42","bone":"EF_ATK2_root5"},{"name":"DAMAGEAREA","bone":"DAMAGEAREA"}],"skins":{"default":{"DAMAGEAREA":{"DAMAGEAREA":{"type":"boundingbox","vertices":[-96.86288,98.7719,-96.11183,-97.23899,99.14801,-99.49201,99.14801,100.27388]}},"EF/ATK5/9050_beam2_00039":{"EF/ATK5/9050_beam2_00039":{"x":0.61,"width":200,"height":200},"EF/ATK5/9050_beam2_00043":{"x":0.61,"width":200,"height":200}},"EF/ATK5/9050_beam2_39":{"EF/ATK5/9050_beam2_00039":{"x":0.61,"width":200,"height":200},"EF/ATK5/9050_beam2_00043":{"x":0.61,"width":200,"height":200}},"EF/ATK5/9050_beam2_40":{"EF/ATK5/9050_beam2_00039":{"x":0.61,"width":200,"height":200},"EF/ATK5/9050_beam2_00043":{"x":0.61,"width":200,"height":200}},"EF/ATK5/9050_beam2_41":{"EF/ATK5/9050_beam2_00039":{"x":0.61,"width":200,"height":200},"EF/ATK5/9050_beam2_00043":{"x":0.61,"width":200,"height":200}},"EF/ATK5/9050_beam2_42":{"EF/ATK5/9050_beam2_00039":{"x":0.61,"width":200,"height":200},"EF/ATK5/9050_beam2_00043":{"x":0.61,"width":200,"height":200}},"EF/ATK5/9050_beam3_38":{"EF/ATK5/9050_beam3_00038":{"x":-0.23,"width":200,"height":200},"EF/ATK5/9050_beam3_00042":{"x":-0.23,"width":200,"height":200}},"EF/ATK5/9050_beam3_39":{"EF/ATK5/9050_beam3_00038":{"x":-0.23,"width":200,"height":200},"EF/ATK5/9050_beam3_00042":{"x":-0.23,"width":200,"height":200}},"EF/ATK5/9050_beam3_40":{"EF/ATK5/9050_beam3_00038":{"x":-0.23,"width":200,"height":200},"EF/ATK5/9050_beam3_00042":{"x":-0.23,"width":200,"height":200}},"EF/ATK5/9050_beam3_41":{"EF/ATK5/9050_beam3_00038":{"x":-0.23,"width":200,"height":200},"EF/ATK5/9050_beam3_00042":{"x":-0.23,"width":200,"height":200}},"EF/ATK5/9050_beam3_42":{"EF/ATK5/9050_beam3_00038":{"x":-0.23,"width":200,"height":200},"EF/ATK5/9050_beam3_00042":{"x":-0.23,"width":200,"height":200}},"EF/ATK5/9110_A5_laser1_00001":{"EF/ATK5/9110_A5_laser1_00001":{"x":118.34,"width":250,"height":250},"EF/ATK5/9110_A5_laser1_00002":{"x":118.34,"width":250,"height":250}},"EF/ATK5/9110_A5_laser1_1":{"EF/ATK5/9110_A5_laser1_00001":{"x":118.34,"width":250,"height":250},"EF/ATK5/9110_A5_laser1_00002":{"x":118.34,"width":250,"height":250}},"EF/ATK5/9110_A5_laser1_2":{"EF/ATK5/9110_A5_laser1_00001":{"x":118.34,"width":250,"height":250},"EF/ATK5/9110_A5_laser1_00002":{"x":118.34,"width":250,"height":250}},"EF/ATK5/9110_A5_laser1_3":{"EF/ATK5/9110_A5_laser1_00001":{"x":118.34,"width":250,"height":250},"EF/ATK5/9110_A5_laser1_00002":{"x":118.34,"width":250,"height":250}},"EF/ATK5/9110_A5_laser1_4":{"EF/ATK5/9110_A5_laser1_00001":{"x":118.34,"width":250,"height":250},"EF/ATK5/9110_A5_laser1_00002":{"x":118.34,"width":250,"height":250}},"funnel_a":{"funnel_b":{"x":0.36,"y":0.4,"scaleX":0.521,"scaleY":0.521,"width":70,"height":68}},"funnel_a2":{"funnel_b":{"x":0.36,"y":0.4,"scaleX":0.521,"scaleY":0.521,"width":70,"height":68}},"funnel_a3":{"funnel_b":{"x":0.36,"y":0.4,"scaleX":0.521,"scaleY":0.521,"width":70,"height":68}},"funnel_a4":{"funnel_b":{"x":0.36,"y":0.4,"scaleX":0.521,"scaleY":0.521,"width":70,"height":68}},"funnel_a5":{"funnel_b":{"x":0.36,"y":0.4,"scaleX":0.521,"scaleY":0.521,"width":70,"height":68}}}},"events":{"EFEvent":{},"EFHit":{},"Sound1":{},"Sound2":{}},"animations":{"attack1":{"slots":{"DAMAGEAREA":{"attachment":[{"time":1.1,"name":"DAMAGEAREA"},{"time":1.5666,"name":null}]},"EF/ATK5/9050_beam2_00039":{"attachment":[{"time":1.0333,"name":"EF/ATK5/9050_beam2_00039"},{"time":1.2,"name":"EF/ATK5/9050_beam2_00043"},{"time":1.3,"name":null}],"color":[{"time":1.1333,"color":"ffffffff"},{"time":1.3,"color":"ffffff00"}]},"EF/ATK5/9050_beam2_39":{"attachment":[{"time":1.0333,"name":"EF/ATK5/9050_beam2_00039"},{"time":1.2,"name":"EF/ATK5/9050_beam2_00043"},{"time":1.3,"name":null}],"color":[{"time":1.1333,"color":"ffffffff"},{"time":1.3,"color":"ffffff00"}]},"EF/ATK5/9050_beam2_40":{"attachment":[{"time":1.0666,"name":"EF/ATK5/9050_beam2_00039"},{"time":1.2333,"name":"EF/ATK5/9050_beam2_00043"},{"time":1.3333,"name":null}],"color":[{"time":1.1666,"color":"ffffffff"},{"time":1.3333,"color":"ffffff00"}]},"EF/ATK5/9050_beam2_41":{"attachment":[{"time":1.1,"name":"EF/ATK5/9050_beam2_00039"},{"time":1.2666,"name":"EF/ATK5/9050_beam2_00043"},{"time":1.3666,"name":null}],"color":[{"time":1.2,"color":"ffffffff"},{"time":1.3666,"color":"ffffff00"}]},"EF/ATK5/9050_beam2_42":{"attachment":[{"time":1.1333,"name":"EF/ATK5/9050_beam2_00039"},{"time":1.3,"name":"EF/ATK5/9050_beam2_00043"},{"time":1.4,"name":null}]},"EF/ATK5/9050_beam3_38":{"attachment":[{"time":1.0333,"name":"EF/ATK5/9050_beam3_00038"},{"time":1.2,"name":"EF/ATK5/9050_beam3_00042"},{"time":1.2666,"name":null}],"color":[{"time":1.1666,"color":"ffffffff"},{"time":1.2666,"color":"ffffff00"}]},"EF/ATK5/9050_beam3_39":{"attachment":[{"time":1.0333,"name":"EF/ATK5/9050_beam3_00038"},{"time":1.2,"name":"EF/ATK5/9050_beam3_00042"},{"time":1.2666,"name":null}]},"EF/ATK5/9050_beam3_40":{"attachment":[{"time":1.0666,"name":"EF/ATK5/9050_beam3_00038"},{"time":1.2,"name":"EF/ATK5/9050_beam3_00042"},{"time":1.2333,"name":null}]},"EF/ATK5/9050_beam3_41":{"attachment":[{"time":1.1,"name":"EF/ATK5/9050_beam3_00038"},{"time":1.2333,"name":"EF/ATK5/9050_beam3_00042"},{"time":1.2666,"name":null}]},"EF/ATK5/9050_beam3_42":{"attachment":[{"time":1.1333,"name":"EF/ATK5/9050_beam3_00038"},{"time":1.2666,"name":"EF/ATK5/9050_beam3_00042"},{"time":1.3,"name":null}]},"EF/ATK5/9110_A5_laser1_00001":{"attachment":[{"time":1,"name":"EF/ATK5/9110_A5_laser1_00001"},{"time":1.0333,"name":"EF/ATK5/9110_A5_laser1_00002"},{"time":1.1333,"name":"EF/ATK5/9110_A5_laser1_00001"},{"time":1.2,"name":"EF/ATK5/9110_A5_laser1_00002"}]},"EF/ATK5/9110_A5_laser1_1":{"attachment":[{"time":1.0333,"name":"EF/ATK5/9110_A5_laser1_00001"},{"time":1.0666,"name":"EF/ATK5/9110_A5_laser1_00002"},{"time":1.1666,"name":"EF/ATK5/9110_A5_laser1_00001"},{"time":1.2333,"name":"EF/ATK5/9110_A5_laser1_00002"}]},"EF/ATK5/9110_A5_laser1_2":{"attachment":[{"time":1.0666,"name":"EF/ATK5/9110_A5_laser1_00001"},{"time":1.1,"name":"EF/ATK5/9110_A5_laser1_00002"},{"time":1.2,"name":"EF/ATK5/9110_A5_laser1_00001"},{"time":1.2666,"name":"EF/ATK5/9110_A5_laser1_00002"}]},"EF/ATK5/9110_A5_laser1_3":{"attachment":[{"time":1.1,"name":"EF/ATK5/9110_A5_laser1_00001"},{"time":1.1333,"name":"EF/ATK5/9110_A5_laser1_00002"},{"time":1.2333,"name":"EF/ATK5/9110_A5_laser1_00001"},{"time":1.3,"name":"EF/ATK5/9110_A5_laser1_00002"}]},"EF/ATK5/9110_A5_laser1_4":{"attachment":[{"time":1.1333,"name":"EF/ATK5/9110_A5_laser1_00001"},{"time":1.1666,"name":"EF/ATK5/9110_A5_laser1_00002"},{"time":1.2666,"name":"EF/ATK5/9110_A5_laser1_00001"},{"time":1.3333,"name":"EF/ATK5/9110_A5_laser1_00002"}]},"funnel_a":{"attachment":[{"time":0,"name":"funnel_b"}],"color":[{"time":1.6666,"color":"ffffffff"},{"time":1.8,"color":"ffffff03"}]},"funnel_a2":{"attachment":[{"time":0,"name":"funnel_b"},{"time":0.6,"name":"funnel_b"}],"color":[{"time":1.6666,"color":"ffffffff"},{"time":1.8,"color":"ffffff00"}]},"funnel_a3":{"attachment":[{"time":0,"name":"funnel_b"}],"color":[{"time":1.6666,"color":"ffffffff"},{"time":1.8,"color":"ffffff00"}]},"funnel_a4":{"attachment":[{"time":0,"name":"funnel_b"}],"color":[{"time":1.6666,"color":"ffffffff"},{"time":1.8,"color":"ffffff00"}]},"funnel_a5":{"attachment":[{"time":0,"name":"funnel_b"}],"color":[{"time":1.6666,"color":"ffffffff"},{"time":1.8,"color":"ffffff00"}]}},"bones":{"BALL1":{"rotate":[{"time":0,"angle":0},{"time":0.3333,"angle":179.67}],"translate":[{"time":0,"x":0,"y":0,"curve":[0,0.61,0.75,1]},{"time":0.3333,"x":179.62,"y":-47.24}]},"EF_ATK2_wave":{"rotate":[{"time":1.0333,"angle":-14.76}],"scale":[{"time":1.0333,"x":0.592,"y":0.592},{"time":1.3,"x":2.424,"y":2.424}]},"EF_ATK2_root":{"scale":[{"time":1.0333,"x":1,"y":1},{"time":1.1666,"x":0.376,"y":0.376},{"time":1.2,"x":1,"y":1}]},"EF_ATK2_beam":{"translate":[{"time":1,"x":-7,"y":-0.61,"curve":"stepped"},{"time":1.5666,"x":-7,"y":-0.61},{"time":1.7333,"x":635.86,"y":0}],"scale":[{"time":1,"x":0.097,"y":3},{"time":1.2666,"x":3.819,"y":3},{"time":1.5666,"x":3.819,"y":1},{"time":1.7333,"x":0,"y":0}]},"MAIN":{"rotate":[{"time":0,"angle":0,"curve":[0,0.5,0.75,1]},{"time":0.3333,"angle":175,"curve":[0.009,1,0.75,1]},{"time":0.5666,"angle":180}]},"BALL2":{"rotate":[{"time":0,"angle":0},{"time":0.3333,"angle":-109.42}],"translate":[{"time":0,"x":0,"y":0,"curve":[0,0.61,0.75,1]},{"time":0.3333,"x":110.77,"y":154.41}]},"EF_ATK2_beam2":{"translate":[{"time":1.0333,"x":-7,"y":-0.61,"curve":"stepped"},{"time":1.6,"x":-7,"y":-0.61},{"time":1.7666,"x":635.86,"y":0}],"scale":[{"time":1.0333,"x":0.097,"y":3},{"time":1.3,"x":3.819,"y":3},{"time":1.6,"x":3.819,"y":1},{"time":1.7666,"x":0,"y":0}]},"BALL3":{"rotate":[{"time":0,"angle":0},{"time":0.3333,"angle":-37.29}],"translate":[{"time":0,"x":0,"y":0,"curve":[0,0.61,0.75,1]},{"time":0.3333,"x":-114.3,"y":153.17}],"scale":[{"time":0,"x":1,"y":-1}]},"BALL4":{"rotate":[{"time":0,"angle":0},{"time":0.3333,"angle":33.38}],"translate":[{"time":0,"x":0,"y":0,"curve":[0,0.61,0.75,1]},{"time":0.3333,"x":-175.73,"y":-47.53}],"scale":[{"time":0,"x":1,"y":-1}]},"BALL5":{"rotate":[{"time":0,"angle":0},{"time":0.3333,"angle":107.41}],"translate":[{"time":0,"x":0,"y":0,"curve":[0,0.61,0.75,1]},{"time":0.3333,"x":-0.65,"y":-191.17}]},"EF_ATK2_beam3":{"translate":[{"time":1.0666,"x":-7,"y":-0.61,"curve":"stepped"},{"time":1.6333,"x":-7,"y":-0.61},{"time":1.8,"x":635.86,"y":0}],"scale":[{"time":1.0666,"x":0.097,"y":3},{"time":1.3333,"x":3.819,"y":3},{"time":1.6333,"x":3.819,"y":1},{"time":1.8,"x":0,"y":0}]},"EF_ATK2_beam4":{"translate":[{"time":1.1,"x":-7,"y":-0.61,"curve":"stepped"},{"time":1.6666,"x":-7,"y":-0.61},{"time":1.8333,"x":635.86,"y":0}],"scale":[{"time":1.1,"x":0.097,"y":3},{"time":1.3666,"x":3.819,"y":3},{"time":1.6666,"x":3.819,"y":1},{"time":1.8333,"x":0,"y":0}]},"EF_ATK2_beam5":{"translate":[{"time":1.1333,"x":-7,"y":-0.61,"curve":"stepped"},{"time":1.7,"x":-7,"y":-0.61},{"time":1.8666,"x":635.86,"y":0}],"scale":[{"time":1.1333,"x":0.097,"y":3},{"time":1.4,"x":3.819,"y":3},{"time":1.7,"x":3.819,"y":1},{"time":1.8666,"x":0,"y":0}]},"EF_ATK2_root2":{"scale":[{"time":1.0333,"x":1,"y":1},{"time":1.1666,"x":0.376,"y":0.376},{"time":1.2,"x":1,"y":1}]},"EF_ATK2_root3":{"scale":[{"time":1.0666,"x":1,"y":1},{"time":1.2,"x":0.376,"y":0.376},{"time":1.2333,"x":1,"y":1}]},"EF_ATK2_root4":{"scale":[{"time":1.1,"x":1,"y":1},{"time":1.2333,"x":0.376,"y":0.376},{"time":1.2666,"x":1,"y":1}]},"EF_ATK2_root5":{"scale":[{"time":1.1333,"x":1,"y":1},{"time":1.2666,"x":0.376,"y":0.376},{"time":1.3,"x":1,"y":1}]},"EF_ATK2_wave2":{"rotate":[{"time":1.0333,"angle":-13.36}],"scale":[{"time":1.0333,"x":0.592,"y":0.592},{"time":1.3,"x":2.424,"y":2.424}]},"EF_ATK2_wave3":{"rotate":[{"time":1.0666,"angle":12.6}],"scale":[{"time":1.0666,"x":0.592,"y":0.592},{"time":1.3333,"x":2.424,"y":2.424}]},"EF_ATK2_wave4":{"rotate":[{"time":1.1,"angle":14.95}],"scale":[{"time":1.1,"x":0.592,"y":0.592},{"time":1.3666,"x":2.424,"y":2.424}]},"EF_ATK2_wave5":{"rotate":[{"time":1.1333,"angle":-17.53}],"scale":[{"time":1.1333,"x":0.592,"y":0.592},{"time":1.4,"x":2.424,"y":2.424}]},"DAMAGEAREA":{"scale":[{"time":1.1,"x":1.592,"y":1.705}]}},"events":[{"time":0,"name":"EFEvent","string":"movePosition_Target(0.3,0,50)"},{"time":1.0666,"name":"EFEvent","float":0.04,"string":"kHitStopType-normal"},{"time":1.0666,"name":"EFHit"},{"time":1.1,"name":"Sound1","string":"cri_se_battle_machine_laser_01"},{"time":1.1666,"name":"EFEvent","string":"resetHitList"},{"time":1.1666,"name":"Sound1","string":"cri_se_battle_machine_laser_01"},{"time":1.2333,"name":"EFEvent","string":"resetHitList"},{"time":1.2333,"name":"Sound1","string":"cri_se_battle_machine_laser_01"},{"time":1.3,"name":"EFEvent","string":"resetHitList"},{"time":1.3,"name":"Sound1","string":"cri_se_battle_machine_laser_01"},{"time":1.3666,"name":"EFEvent","string":"resetHitList"},{"time":1.3666,"name":"Sound1","string":"cri_se_battle_machine_laser_01"},{"time":1.4333,"name":"EFEvent","string":"resetHitList"},{"time":1.5,"name":"EFEvent","string":"resetHitList"}]}}}