{"skeleton":{"hash":"dRst7ta7H/7mJjFo5yqQoyfKWyA","spine":"3.0.12","width":0,"height":0,"images":"./images/EF/"},"bones":[{"name":"root"},{"name":"MAIN","parent":"root"},{"name":"S1_wave3","parent":"MAIN","x":653.96,"y":282.35,"color":"0007ffff"},{"name":"S1_wave2","parent":"MAIN","x":653.96,"y":282.35,"color":"0007ffff"},{"name":"S1_power2","parent":"MAIN","x":573.92,"y":281.33,"color":"0007ffff"},{"name":"S1_power","parent":"MAIN","x":573.92,"y":281.33,"color":"0007ffff"},{"name":"S1_neko","parent":"MAIN","x":496.96,"y":283,"color":"0007ffff"},{"name":"S1_attack","parent":"MAIN","x":247.69,"y":282.94,"color":"0013ffff"},{"name":"DAMAGEAREA","parent":"root"},{"name":"s1","parent":"MAIN","x":250.8,"y":370.88,"color":"ff3600ff"}],"slots":[{"name":"S1_neko2","bone":"S1_neko"},{"name":"S1_neko","bone":"S1_neko","blend":"additive"},{"name":"S1_wave2","bone":"S1_wave2","blend":"additive"},{"name":"S1_wave3","bone":"S1_wave3","blend":"additive"},{"name":"s1","bone":"s1","blend":"additive"},{"name":"S1_power","bone":"S1_power","blend":"additive"},{"name":"S1_power2","bone":"S1_power2","blend":"additive"},{"name":"S1_attack1","bone":"S1_attack","blend":"additive"},{"name":"DAMAGEAREA","bone":"DAMAGEAREA"}],"skins":{"default":{"DAMAGEAREA":{"DAMAGEAREA":{"type":"boundingbox","vertices":[-31.41333,-33.93579,31.82656,-33.4258,31.82656,31.3441,-31.41333,31.85413]}},"S1_attack1":{"slash4/5240_S1_attack1_00001":{"x":-1.35,"y":5.09,"width":250,"height":250},"slash4/5240_S1_attack1_00003":{"x":-1.35,"y":5.09,"width":250,"height":250},"slash4/5240_S1_attack1_00004":{"x":-1.35,"y":5.09,"width":250,"height":250},"slash4/5240_S1_attack1_00005":{"x":-1.35,"y":5.09,"width":250,"height":250},"slash4/5240_S1_attack1_00006":{"x":-1.35,"y":5.09,"width":250,"height":250}},"S1_neko":{"5240_S1_neko1/5240_S1_neko1_00016_1":{"width":250,"height":250}},"S1_neko2":{"5240_S1_neko1/5240_S1_neko1_00018_1":{"width":250,"height":250}},"S1_power":{"flash_ring/450_S2_power2_00001":{"width":200,"height":200},"flash_ring/450_S2_power2_00002":{"x":-0.04,"width":200,"height":200},"flash_ring/450_S2_power2_00003":{"x":-0.04,"width":200,"height":200},"flash_ring/450_S2_power2_00004":{"x":-0.04,"width":200,"height":200},"flash_ring/450_S2_power2_00005":{"x":-0.04,"width":200,"height":200},"flash_ring/450_S2_power2_00006":{"x":-0.04,"width":200,"height":200},"flash_ring/450_S2_power2_00007":{"x":-0.04,"width":200,"height":200}},"S1_power2":{"flash_ring/450_S2_power2_00001":{"width":200,"height":200},"flash_ring/450_S2_power2_00002":{"x":-0.04,"width":200,"height":200},"flash_ring/450_S2_power2_00003":{"x":-0.04,"width":200,"height":200},"flash_ring/450_S2_power2_00004":{"x":-0.04,"width":200,"height":200},"flash_ring/450_S2_power2_00005":{"x":-0.04,"width":200,"height":200},"flash_ring/450_S2_power2_00006":{"x":-0.04,"width":200,"height":200},"flash_ring/450_S2_power2_00007":{"x":-0.04,"width":200,"height":200}},"S1_wave2":{"5240_S1_wave2/5240_S1_wave2_00001":{"width":250,"height":250},"5240_S1_wave2/5240_S1_wave2_00002":{"width":250,"height":250},"5240_S1_wave2/5240_S1_wave2_00003":{"width":250,"height":250},"5240_S1_wave2/5240_S1_wave2_00004":{"width":250,"height":250},"5240_S1_wave2/5240_S1_wave2_00005":{"width":250,"height":250},"5240_S1_wave2/5240_S1_wave2_00006":{"width":250,"height":250},"5240_S1_wave2/5240_S1_wave2_00007":{"width":250,"height":250},"5240_S1_wave2/5240_S1_wave2_00008":{"width":250,"height":250},"5240_S1_wave2/5240_S1_wave2_00009":{"width":250,"height":250}},"S1_wave3":{"5240_S1_wave2/5240_S1_wave2_00001":{"width":250,"height":250},"5240_S1_wave2/5240_S1_wave2_00002":{"width":250,"height":250},"5240_S1_wave2/5240_S1_wave2_00003":{"width":250,"height":250},"5240_S1_wave2/5240_S1_wave2_00004":{"width":250,"height":250},"5240_S1_wave2/5240_S1_wave2_00005":{"width":250,"height":250},"5240_S1_wave2/5240_S1_wave2_00006":{"width":250,"height":250},"5240_S1_wave2/5240_S1_wave2_00007":{"width":250,"height":250},"5240_S1_wave2/5240_S1_wave2_00008":{"width":250,"height":250},"5240_S1_wave2/5240_S1_wave2_00009":{"width":250,"height":250}},"s1":{"fire4/700_S1_fire2_00002":{"width":250,"height":250},"fire4/700_S1_fire2_00003":{"x":-0.04,"width":250,"height":250},"fire4/700_S1_fire2_00004":{"x":-0.04,"width":250,"height":250},"fire4/700_S1_fire2_00005":{"x":-0.04,"width":250,"height":250},"fire4/700_S1_fire2_00006":{"x":-0.04,"width":250,"height":250},"fire4/700_S1_fire2_00007":{"x":-0.04,"width":250,"height":250},"fire4/700_S1_fire2_00008":{"x":-0.04,"width":250,"height":250},"fire4/700_S1_fire2_00009":{"x":-0.04,"width":250,"height":250},"fire4/700_S1_fire2_00010":{"x":-0.04,"width":250,"height":250},"fire4/700_S1_fire2_00011":{"x":-0.04,"width":250,"height":250},"fire4/700_S1_fire2_00012":{"x":-0.04,"width":250,"height":250},"fire4/700_S1_fire2_00013":{"x":-0.04,"width":250,"height":250},"fire4/700_S1_fire2_00014":{"x":-0.04,"width":250,"height":250},"fire4/700_S1_fire2_00015":{"x":-0.04,"width":250,"height":250}}}},"events":{"event":{},"sound":{}},"animations":{"attack1":{"slots":{"DAMAGEAREA":{"attachment":[{"time":0.2,"name":"DAMAGEAREA"},{"time":0.3,"name":null}]},"S1_attack1":{"attachment":[{"time":0.0333,"name":"slash4/5240_S1_attack1_00001"},{"time":0.0666,"name":"slash4/5240_S1_attack1_00003"},{"time":0.1,"name":"slash4/5240_S1_attack1_00004"},{"time":0.1333,"name":"slash4/5240_S1_attack1_00005"},{"time":0.1666,"name":"slash4/5240_S1_attack1_00006"},{"time":0.2,"name":null}]},"S1_neko":{"attachment":[{"time":0.0333,"name":"5240_S1_neko1/5240_S1_neko1_00016_1"}],"color":[{"time":0.0333,"color":"ffffff00"},{"time":0.1333,"color":"ffffffff","curve":"stepped"},{"time":0.2,"color":"ffffffff"},{"time":0.4333,"color":"ffffff00"}]},"S1_neko2":{"attachment":[{"time":0.0333,"name":"5240_S1_neko1/5240_S1_neko1_00018_1"}],"color":[{"time":0.1333,"color":"ffffffff","curve":"stepped"},{"time":0.2,"color":"ffffffff"},{"time":0.4333,"color":"ffffff00"}]},"S1_power":{"attachment":[{"time":0.0333,"name":"flash_ring/450_S2_power2_00002"},{"time":0.0666,"name":"flash_ring/450_S2_power2_00003"},{"time":0.1,"name":"flash_ring/450_S2_power2_00004"},{"time":0.1333,"name":"flash_ring/450_S2_power2_00005"},{"time":0.1666,"name":"flash_ring/450_S2_power2_00006"},{"time":0.2,"name":"flash_ring/450_S2_power2_00007"}],"color":[{"time":0.2,"color":"ffffffff"},{"time":0.3666,"color":"ffffff00"}]},"S1_power2":{"attachment":[{"time":0.1,"name":"flash_ring/450_S2_power2_00002"},{"time":0.1333,"name":"flash_ring/450_S2_power2_00003"},{"time":0.1666,"name":"flash_ring/450_S2_power2_00004"},{"time":0.2,"name":"flash_ring/450_S2_power2_00005"},{"time":0.2333,"name":"flash_ring/450_S2_power2_00006"},{"time":0.2666,"name":"flash_ring/450_S2_power2_00007"}],"color":[{"time":0.2666,"color":"ffffffff"},{"time":0.4333,"color":"ffffff00"}]},"S1_wave2":{"attachment":[{"time":0.0333,"name":"5240_S1_wave2/5240_S1_wave2_00001"},{"time":0.0666,"name":"5240_S1_wave2/5240_S1_wave2_00002"},{"time":0.1,"name":"5240_S1_wave2/5240_S1_wave2_00003"},{"time":0.1333,"name":"5240_S1_wave2/5240_S1_wave2_00004"},{"time":0.1666,"name":"5240_S1_wave2/5240_S1_wave2_00005"},{"time":0.2,"name":"5240_S1_wave2/5240_S1_wave2_00006"},{"time":0.2333,"name":"5240_S1_wave2/5240_S1_wave2_00007"},{"time":0.2666,"name":"5240_S1_wave2/5240_S1_wave2_00008"},{"time":0.3,"name":"5240_S1_wave2/5240_S1_wave2_00009"}],"color":[{"time":0.2666,"color":"ffffffff"},{"time":0.3666,"color":"ffffff00"}]},"S1_wave3":{"attachment":[{"time":0.0333,"name":"5240_S1_wave2/5240_S1_wave2_00001"},{"time":0.0666,"name":"5240_S1_wave2/5240_S1_wave2_00002"},{"time":0.1,"name":"5240_S1_wave2/5240_S1_wave2_00003"},{"time":0.1333,"name":"5240_S1_wave2/5240_S1_wave2_00004"},{"time":0.1666,"name":"5240_S1_wave2/5240_S1_wave2_00005"},{"time":0.2,"name":"5240_S1_wave2/5240_S1_wave2_00006"},{"time":0.2333,"name":"5240_S1_wave2/5240_S1_wave2_00007"},{"time":0.2666,"name":"5240_S1_wave2/5240_S1_wave2_00008"},{"time":0.3,"name":"5240_S1_wave2/5240_S1_wave2_00009"}],"color":[{"time":0.2666,"color":"ffffffff"},{"time":0.3666,"color":"ffffff00"}]},"s1":{"attachment":[{"time":0.0666,"name":"fire4/700_S1_fire2_00005"},{"time":0.1,"name":"fire4/700_S1_fire2_00006"},{"time":0.1333,"name":"fire4/700_S1_fire2_00007"},{"time":0.1666,"name":"fire4/700_S1_fire2_00008"},{"time":0.2,"name":"fire4/700_S1_fire2_00009"},{"time":0.2333,"name":"fire4/700_S1_fire2_00010"},{"time":0.2666,"name":"fire4/700_S1_fire2_00011"},{"time":0.3,"name":"fire4/700_S1_fire2_00012"},{"time":0.3333,"name":"fire4/700_S1_fire2_00013"},{"time":0.3666,"name":"fire4/700_S1_fire2_00014"},{"time":0.4,"name":"fire4/700_S1_fire2_00015"}],"color":[{"time":0.2666,"color":"ffffffff"},{"time":0.4333,"color":"ffffff00"}]}},"bones":{"S1_attack":{"translate":[{"time":0,"x":-371.31,"y":-193.36}],"scale":[{"time":0.0333,"x":2.509,"y":2.509}]},"S1_power":{"translate":[{"time":0.0333,"x":-804.56,"y":-207.06}],"scale":[{"time":0.0333,"x":2,"y":2,"curve":[0.18,0.48,0.557,0.98]},{"time":0.3666,"x":6,"y":6}]},"S1_neko":{"translate":[{"time":0.0333,"x":-729.8,"y":-212.29}],"scale":[{"time":0.0333,"x":4,"y":4}]},"S1_wave2":{"translate":[{"time":0.0333,"x":-885.67,"y":-207.68}],"scale":[{"time":0.0333,"x":3,"y":3}]},"s1":{"translate":[{"time":0.0666,"x":-485.72,"y":-314.08}],"scale":[{"time":0.0666,"x":2.004,"y":2.004},{"time":0.2,"x":3.595,"y":3.595}]},"S1_wave3":{"translate":[{"time":0.0333,"x":-885.67,"y":-207.68}],"scale":[{"time":0.0333,"x":3,"y":-3}]},"S1_power2":{"translate":[{"time":0.1,"x":-804.56,"y":-207.06}],"scale":[{"time":0.1,"x":2,"y":2,"curve":[0.18,0.48,0.557,0.98]},{"time":0.4333,"x":6,"y":6}]},"DAMAGEAREA":{"translate":[{"time":0.2,"x":-238.27,"y":74.59}],"scale":[{"time":0.2,"x":5.708,"y":5.407}]}},"drawOrder":[{"time":0.0333,"offsets":[{"slot":"S1_neko2","offset":7},{"slot":"S1_neko","offset":7}]}],"events":[{"time":0,"name":"event","float":0.2,"string":"kHitStopType_normal"},{"time":0.0333,"name":"sound","string":"cri_se_battle_033_explosion_element_01"},{"time":0.0666,"name":"sound","string":"cri_se_battle_cat_punch"}]},"attack2":{"slots":{"DAMAGEAREA":{"attachment":[{"time":0.2,"name":"DAMAGEAREA"},{"time":0.3,"name":null}]},"S1_attack1":{"attachment":[{"time":0.0333,"name":"slash4/5240_S1_attack1_00001"},{"time":0.0666,"name":"slash4/5240_S1_attack1_00003"},{"time":0.1,"name":"slash4/5240_S1_attack1_00004"},{"time":0.1333,"name":"slash4/5240_S1_attack1_00005"},{"time":0.1666,"name":"slash4/5240_S1_attack1_00006"},{"time":0.2,"name":null}],"color":[{"time":0,"color":"00ff15ff"}]},"S1_neko":{"attachment":[{"time":0.0333,"name":"5240_S1_neko1/5240_S1_neko1_00016_1"}],"color":[{"time":0.0333,"color":"ffffff00"},{"time":0.1333,"color":"ffffffff","curve":"stepped"},{"time":0.2,"color":"ffffffff"},{"time":0.4333,"color":"ffffff00"}]},"S1_neko2":{"attachment":[{"time":0.0333,"name":"5240_S1_neko1/5240_S1_neko1_00018_1"}],"color":[{"time":0.1333,"color":"ffffffff","curve":"stepped"},{"time":0.2,"color":"ffffffff"},{"time":0.4333,"color":"ffffff00"}]},"S1_power":{"attachment":[{"time":0.0333,"name":"flash_ring/450_S2_power2_00002"},{"time":0.0666,"name":"flash_ring/450_S2_power2_00003"},{"time":0.1,"name":"flash_ring/450_S2_power2_00004"},{"time":0.1333,"name":"flash_ring/450_S2_power2_00005"},{"time":0.1666,"name":"flash_ring/450_S2_power2_00006"},{"time":0.2,"name":"flash_ring/450_S2_power2_00007"}],"color":[{"time":0,"color":"00ff15ff"},{"time":0.2,"color":"03ff00ff"},{"time":0.3666,"color":"00ff0000"}]},"S1_power2":{"attachment":[{"time":0.1,"name":"flash_ring/450_S2_power2_00002"},{"time":0.1333,"name":"flash_ring/450_S2_power2_00003"},{"time":0.1666,"name":"flash_ring/450_S2_power2_00004"},{"time":0.2,"name":"flash_ring/450_S2_power2_00005"},{"time":0.2333,"name":"flash_ring/450_S2_power2_00006"},{"time":0.2666,"name":"flash_ring/450_S2_power2_00007"}],"color":[{"time":0,"color":"00ff15ff"},{"time":0.2666,"color":"04ff00ff"},{"time":0.4333,"color":"01ff0000"}]},"S1_wave2":{"attachment":[{"time":0.0333,"name":"5240_S1_wave2/5240_S1_wave2_00001"},{"time":0.0666,"name":"5240_S1_wave2/5240_S1_wave2_00002"},{"time":0.1,"name":"5240_S1_wave2/5240_S1_wave2_00003"},{"time":0.1333,"name":"5240_S1_wave2/5240_S1_wave2_00004"},{"time":0.1666,"name":"5240_S1_wave2/5240_S1_wave2_00005"},{"time":0.2,"name":"5240_S1_wave2/5240_S1_wave2_00006"},{"time":0.2333,"name":"5240_S1_wave2/5240_S1_wave2_00007"},{"time":0.2666,"name":"5240_S1_wave2/5240_S1_wave2_00008"},{"time":0.3,"name":"5240_S1_wave2/5240_S1_wave2_00009"}],"color":[{"time":0,"color":"00ff15ff"},{"time":0.2666,"color":"ffffffff"},{"time":0.3666,"color":"ffffff00"}]},"S1_wave3":{"attachment":[{"time":0.0333,"name":"5240_S1_wave2/5240_S1_wave2_00001"},{"time":0.0666,"name":"5240_S1_wave2/5240_S1_wave2_00002"},{"time":0.1,"name":"5240_S1_wave2/5240_S1_wave2_00003"},{"time":0.1333,"name":"5240_S1_wave2/5240_S1_wave2_00004"},{"time":0.1666,"name":"5240_S1_wave2/5240_S1_wave2_00005"},{"time":0.2,"name":"5240_S1_wave2/5240_S1_wave2_00006"},{"time":0.2333,"name":"5240_S1_wave2/5240_S1_wave2_00007"},{"time":0.2666,"name":"5240_S1_wave2/5240_S1_wave2_00008"},{"time":0.3,"name":"5240_S1_wave2/5240_S1_wave2_00009"}],"color":[{"time":0,"color":"00ff15ff"},{"time":0.2666,"color":"ffffffff"},{"time":0.3666,"color":"ffffff00"}]},"s1":{"attachment":[{"time":0.0666,"name":"fire4/700_S1_fire2_00005"},{"time":0.1,"name":"fire4/700_S1_fire2_00006"},{"time":0.1333,"name":"fire4/700_S1_fire2_00007"},{"time":0.1666,"name":"fire4/700_S1_fire2_00008"},{"time":0.2,"name":"fire4/700_S1_fire2_00009"},{"time":0.2333,"name":"fire4/700_S1_fire2_00010"},{"time":0.2666,"name":"fire4/700_S1_fire2_00011"},{"time":0.3,"name":"fire4/700_S1_fire2_00012"},{"time":0.3333,"name":"fire4/700_S1_fire2_00013"},{"time":0.3666,"name":"fire4/700_S1_fire2_00014"},{"time":0.4,"name":"fire4/700_S1_fire2_00015"}],"color":[{"time":0,"color":"00ff15ff"},{"time":0.2666,"color":"00ff00ff"},{"time":0.4333,"color":"01ff0000"}]}},"bones":{"S1_attack":{"translate":[{"time":0,"x":-371.31,"y":-193.36}],"scale":[{"time":0.0333,"x":2.509,"y":2.509}]},"S1_power":{"translate":[{"time":0.0333,"x":-804.56,"y":-207.06}],"scale":[{"time":0.0333,"x":2,"y":2,"curve":[0.18,0.48,0.557,0.98]},{"time":0.3666,"x":6,"y":6}]},"S1_neko":{"translate":[{"time":0.0333,"x":-729.8,"y":-212.29}],"scale":[{"time":0.0333,"x":4,"y":4}]},"S1_wave2":{"translate":[{"time":0.0333,"x":-885.67,"y":-207.68}],"scale":[{"time":0.0333,"x":3,"y":3}]},"s1":{"translate":[{"time":0.0666,"x":-485.72,"y":-314.08}],"scale":[{"time":0.0666,"x":2.004,"y":2.004},{"time":0.2,"x":3.595,"y":3.595}]},"S1_wave3":{"translate":[{"time":0.0333,"x":-885.67,"y":-207.68}],"scale":[{"time":0.0333,"x":3,"y":-3}]},"S1_power2":{"translate":[{"time":0.1,"x":-804.56,"y":-207.06}],"scale":[{"time":0.1,"x":2,"y":2,"curve":[0.18,0.48,0.557,0.98]},{"time":0.4333,"x":6,"y":6}]},"DAMAGEAREA":{"translate":[{"time":0.2,"x":-238.27,"y":74.59}],"scale":[{"time":0.2,"x":5.708,"y":5.407}]}},"drawOrder":[{"time":0.0333,"offsets":[{"slot":"S1_neko2","offset":7},{"slot":"S1_neko","offset":7}]}],"events":[{"time":0,"name":"event","float":0.2,"string":"kHitStopType_normal"},{"time":0.0333,"name":"sound","string":"cri_se_battle_033_explosion_element_01"},{"time":0.0666,"name":"sound","string":"cri_se_battle_cat_punch"}]},"none":{}}}