{"skeleton":{"hash":"844WmXP6F1VZqfbpQDaKE7MOF6A","spine":"3.0.12","width":0,"height":0},"bones":[{"name":"root"},{"name":"MAIN","parent":"root"},{"name":"dusty_4","parent":"MAIN","x":297.07},{"name":"dusty_3","parent":"MAIN","x":297.07},{"name":"dusty_2","parent":"MAIN","x":297.07},{"name":"dusty_1","parent":"MAIN","x":297.07},{"name":"dash1_5","parent":"MAIN","x":100,"y":200},{"name":"dash1_4","parent":"MAIN","x":100,"y":200},{"name":"dash1_3","parent":"MAIN","x":100,"y":200},{"name":"dash1_2","parent":"MAIN","x":100,"y":200},{"name":"dash1_1","parent":"MAIN","x":100,"y":200},{"name":"bomb_ground_3","parent":"MAIN","x":200,"y":200},{"name":"bomb_ground_2","parent":"MAIN","x":200,"y":200},{"name":"bomb_ground_1","parent":"MAIN","x":200,"y":200},{"name":"PT4_1","parent":"MAIN","x":-115.2,"y":-201.13},{"name":"PT2_1","parent":"MAIN","x":-115.2,"y":-169.74},{"name":"PT1_1","parent":"MAIN","x":-115.2,"y":-131.37},{"name":"DAMAGEAREA","parent":"root"},{"name":"slash1","parent":"MAIN","x":300,"y":200},{"name":"slash_1","parent":"MAIN","x":200,"y":100},{"name":"slash_2","parent":"MAIN","x":200,"y":100},{"name":"smoke_1","parent":"MAIN","x":420},{"name":"smoke_2","parent":"MAIN","x":420},{"name":"smoke_3","parent":"MAIN","x":420},{"name":"wave_green1","parent":"MAIN","x":3.06,"y":-17.67},{"name":"wave_green2","parent":"MAIN","x":3.06,"y":-17.67},{"name":"wave_green3","parent":"MAIN","x":3.06,"y":-17.67}],"slots":[{"name":"320_S1_dusty1/320_S1_dusty1_00038","bone":"dusty_1","blend":"additive"},{"name":"320_S1_dusty1/320_S1_dusty1_38","bone":"dusty_2","blend":"additive"},{"name":"320_S1_dusty1/320_S1_dusty1_39","bone":"dusty_3","blend":"additive"},{"name":"320_S1_dusty1/320_S1_dusty1_40","bone":"dusty_4","blend":"additive"},{"name":"ef_PT2_main/ef_PT2_main_00002","bone":"PT1_1"},{"name":"ef_PT4_main/ef_PT4_main_00002","bone":"PT2_1"},{"name":"ef_PT3_main/ef_PT3_main_00002","bone":"PT4_1"},{"name":"smoke/700_S1_exex1_00002","bone":"smoke_1","blend":"additive"},{"name":"smoke/700_S1_exex1_2","bone":"smoke_2","blend":"additive"},{"name":"smoke/700_S1_exex1_3","bone":"smoke_3","blend":"additive"},{"name":"wave_green/370_S1_wave1_00002","bone":"wave_green1","blend":"additive"},{"name":"wave_green/370_S1_wave1_2","bone":"wave_green2","blend":"additive"},{"name":"wave_green/370_S1_wave1_3","bone":"wave_green3","blend":"additive"},{"name":"5140_S2_slash2/5140_S2_slash2_00000","bone":"slash_1","blend":"additive"},{"name":"5140_S2_slash2/5140_S2_slash2_0","bone":"slash_2","blend":"additive"},{"name":"730_S1_dash2/5120_S1_dash1_00000","bone":"dash1_1","blend":"additive"},{"name":"730_S1_dash2/5120_S1_dash1_0","bone":"dash1_2","blend":"additive"},{"name":"730_S1_dash2/5120_S1_dash1_1","bone":"dash1_3","blend":"additive"},{"name":"730_S1_dash2/5120_S1_dash1_2","bone":"dash1_4","blend":"additive"},{"name":"730_S1_dash2/5120_S1_dash1_3","bone":"dash1_5","blend":"additive"},{"name":"bomb_ground/520B_S1_ex1_00000","bone":"bomb_ground_1","blend":"additive"},{"name":"bomb_ground/520B_S1_ex1_0","bone":"bomb_ground_2","blend":"additive"},{"name":"bomb_ground/520B_S1_ex1_1","bone":"bomb_ground_3","blend":"additive"},{"name":"5130_S2_slash1/5130_S2_slash1_00000","bone":"slash1","blend":"additive"},{"name":"DAMAGEAREA","bone":"DAMAGEAREA"}],"skins":{"default":{"320_S1_dusty1/320_S1_dusty1_00038":{"320_S1_dusty1/320_S1_dusty1_00040":{"x":-3.57,"y":25.03,"width":300,"height":300},"320_S1_dusty1/320_S1_dusty1_00042":{"x":-3.57,"y":25.03,"width":300,"height":300},"320_S1_dusty1/320_S1_dusty1_00044":{"x":-3.57,"y":25.03,"width":300,"height":300},"320_S1_dusty1/320_S1_dusty1_00046":{"x":-3.57,"y":25.03,"width":300,"height":300},"320_S1_dusty1/320_S1_dusty1_00048":{"x":-3.57,"y":25.03,"width":300,"height":300},"320_S1_dusty1/320_S1_dusty1_00050":{"x":-3.57,"y":25.03,"width":300,"height":300},"320_S1_dusty1/320_S1_dusty1_00052":{"x":-3.57,"y":25.03,"width":300,"height":300},"320_S1_dusty1/320_S1_dusty1_00054":{"x":-3.57,"y":25.03,"width":300,"height":300}},"320_S1_dusty1/320_S1_dusty1_38":{"320_S1_dusty1/320_S1_dusty1_00040":{"x":-3.57,"y":25.03,"width":300,"height":300},"320_S1_dusty1/320_S1_dusty1_00042":{"x":-3.57,"y":25.03,"width":300,"height":300},"320_S1_dusty1/320_S1_dusty1_00044":{"x":-3.57,"y":25.03,"width":300,"height":300},"320_S1_dusty1/320_S1_dusty1_00046":{"x":-3.57,"y":25.03,"width":300,"height":300},"320_S1_dusty1/320_S1_dusty1_00048":{"x":-3.57,"y":25.03,"width":300,"height":300},"320_S1_dusty1/320_S1_dusty1_00050":{"x":-3.57,"y":25.03,"width":300,"height":300},"320_S1_dusty1/320_S1_dusty1_00052":{"x":-3.57,"y":25.03,"width":300,"height":300},"320_S1_dusty1/320_S1_dusty1_00054":{"x":-3.57,"y":25.03,"width":300,"height":300}},"320_S1_dusty1/320_S1_dusty1_39":{"320_S1_dusty1/320_S1_dusty1_00040":{"x":-3.57,"y":25.03,"width":300,"height":300},"320_S1_dusty1/320_S1_dusty1_00042":{"x":-3.57,"y":25.03,"width":300,"height":300},"320_S1_dusty1/320_S1_dusty1_00044":{"x":-3.57,"y":25.03,"width":300,"height":300},"320_S1_dusty1/320_S1_dusty1_00046":{"x":-3.57,"y":25.03,"width":300,"height":300},"320_S1_dusty1/320_S1_dusty1_00048":{"x":-3.57,"y":25.03,"width":300,"height":300},"320_S1_dusty1/320_S1_dusty1_00050":{"x":-3.57,"y":25.03,"width":300,"height":300},"320_S1_dusty1/320_S1_dusty1_00052":{"x":-3.57,"y":25.03,"width":300,"height":300},"320_S1_dusty1/320_S1_dusty1_00054":{"x":-3.57,"y":25.03,"width":300,"height":300}},"320_S1_dusty1/320_S1_dusty1_40":{"320_S1_dusty1/320_S1_dusty1_00040":{"x":-3.57,"y":25.03,"width":300,"height":300},"320_S1_dusty1/320_S1_dusty1_00042":{"x":-3.57,"y":25.03,"width":300,"height":300},"320_S1_dusty1/320_S1_dusty1_00044":{"x":-3.57,"y":25.03,"width":300,"height":300},"320_S1_dusty1/320_S1_dusty1_00046":{"x":-3.57,"y":25.03,"width":300,"height":300},"320_S1_dusty1/320_S1_dusty1_00048":{"x":-3.57,"y":25.03,"width":300,"height":300},"320_S1_dusty1/320_S1_dusty1_00050":{"x":-3.57,"y":25.03,"width":300,"height":300},"320_S1_dusty1/320_S1_dusty1_00052":{"x":-3.57,"y":25.03,"width":300,"height":300},"320_S1_dusty1/320_S1_dusty1_00054":{"x":-3.57,"y":25.03,"width":300,"height":300}},"5130_S2_slash1/5130_S2_slash1_00000":{"5130_S2_slash1/5130_S2_slash1_00001":{"x":9.26,"y":-4.69,"width":250,"height":250},"5130_S2_slash1/5130_S2_slash1_00002":{"x":9.26,"y":-4.69,"width":250,"height":250},"5130_S2_slash1/5130_S2_slash1_00003":{"x":9.26,"y":-4.69,"width":250,"height":250},"5130_S2_slash1/5130_S2_slash1_00004":{"x":9.26,"y":-4.69,"width":250,"height":250},"5130_S2_slash1/5130_S2_slash1_00005":{"x":9.26,"y":-4.69,"width":250,"height":250}},"5140_S2_slash2/5140_S2_slash2_0":{"5140_S2_slash2/5140_S2_slash2_00000":{"x":16.35,"y":-4.62,"width":250,"height":250},"5140_S2_slash2/5140_S2_slash2_00001":{"x":16.35,"y":-4.62,"width":250,"height":250},"5140_S2_slash2/5140_S2_slash2_00002":{"x":16.35,"y":-4.62,"width":250,"height":250},"5140_S2_slash2/5140_S2_slash2_00003":{"x":16.35,"y":-4.62,"width":250,"height":250}},"5140_S2_slash2/5140_S2_slash2_00000":{"5140_S2_slash2/5140_S2_slash2_00000":{"x":16.35,"y":-4.62,"width":250,"height":250},"5140_S2_slash2/5140_S2_slash2_00001":{"x":16.35,"y":-4.62,"width":250,"height":250},"5140_S2_slash2/5140_S2_slash2_00002":{"x":16.35,"y":-4.62,"width":250,"height":250},"5140_S2_slash2/5140_S2_slash2_00003":{"x":16.35,"y":-4.62,"width":250,"height":250}},"730_S1_dash2/5120_S1_dash1_0":{"730_S1_dash2/5120_S1_dash1_00000":{"x":-4.05,"y":17.43,"width":250,"height":250},"730_S1_dash2/5120_S1_dash1_00001":{"x":-4.05,"y":17.43,"width":250,"height":250},"730_S1_dash2/5120_S1_dash1_00002":{"x":-4.05,"y":17.43,"width":250,"height":250},"730_S1_dash2/5120_S1_dash1_00003":{"x":-4.05,"y":17.43,"width":250,"height":250},"730_S1_dash2/5120_S1_dash1_00004":{"x":-4.05,"y":17.43,"width":250,"height":250},"730_S1_dash2/5120_S1_dash1_00005":{"x":-4.05,"y":17.43,"width":250,"height":250},"730_S1_dash2/5120_S1_dash1_00006":{"x":-4.05,"y":17.43,"width":250,"height":250},"730_S1_dash2/5120_S1_dash1_00007":{"x":-4.05,"y":17.43,"width":250,"height":250},"730_S1_dash2/5120_S1_dash1_00008":{"x":-4.05,"y":17.43,"width":250,"height":250},"730_S1_dash2/5120_S1_dash1_00009":{"x":-4.05,"y":17.43,"width":250,"height":250}},"730_S1_dash2/5120_S1_dash1_00000":{"730_S1_dash2/5120_S1_dash1_00000":{"x":-4.05,"y":17.43,"width":250,"height":250},"730_S1_dash2/5120_S1_dash1_00001":{"x":-4.05,"y":17.43,"width":250,"height":250},"730_S1_dash2/5120_S1_dash1_00002":{"x":-4.05,"y":17.43,"width":250,"height":250},"730_S1_dash2/5120_S1_dash1_00003":{"x":-4.05,"y":17.43,"width":250,"height":250},"730_S1_dash2/5120_S1_dash1_00004":{"x":-4.05,"y":17.43,"width":250,"height":250},"730_S1_dash2/5120_S1_dash1_00005":{"x":-4.05,"y":17.43,"width":250,"height":250},"730_S1_dash2/5120_S1_dash1_00006":{"x":-4.05,"y":17.43,"width":250,"height":250},"730_S1_dash2/5120_S1_dash1_00007":{"x":-4.05,"y":17.43,"width":250,"height":250},"730_S1_dash2/5120_S1_dash1_00008":{"x":-4.05,"y":17.43,"width":250,"height":250},"730_S1_dash2/5120_S1_dash1_00009":{"x":-4.05,"y":17.43,"width":250,"height":250}},"730_S1_dash2/5120_S1_dash1_1":{"730_S1_dash2/5120_S1_dash1_00000":{"x":-4.05,"y":17.43,"width":250,"height":250},"730_S1_dash2/5120_S1_dash1_00001":{"x":-4.05,"y":17.43,"width":250,"height":250},"730_S1_dash2/5120_S1_dash1_00002":{"x":-4.05,"y":17.43,"width":250,"height":250},"730_S1_dash2/5120_S1_dash1_00003":{"x":-4.05,"y":17.43,"width":250,"height":250},"730_S1_dash2/5120_S1_dash1_00004":{"x":-4.05,"y":17.43,"width":250,"height":250},"730_S1_dash2/5120_S1_dash1_00005":{"x":-4.05,"y":17.43,"width":250,"height":250},"730_S1_dash2/5120_S1_dash1_00006":{"x":-4.05,"y":17.43,"width":250,"height":250},"730_S1_dash2/5120_S1_dash1_00007":{"x":-4.05,"y":17.43,"width":250,"height":250},"730_S1_dash2/5120_S1_dash1_00008":{"x":-4.05,"y":17.43,"width":250,"height":250},"730_S1_dash2/5120_S1_dash1_00009":{"x":-4.05,"y":17.43,"width":250,"height":250}},"730_S1_dash2/5120_S1_dash1_2":{"730_S1_dash2/5120_S1_dash1_00000":{"x":-4.05,"y":17.43,"width":250,"height":250},"730_S1_dash2/5120_S1_dash1_00001":{"x":-4.05,"y":17.43,"width":250,"height":250},"730_S1_dash2/5120_S1_dash1_00002":{"x":-4.05,"y":17.43,"width":250,"height":250},"730_S1_dash2/5120_S1_dash1_00003":{"x":-4.05,"y":17.43,"width":250,"height":250},"730_S1_dash2/5120_S1_dash1_00004":{"x":-4.05,"y":17.43,"width":250,"height":250},"730_S1_dash2/5120_S1_dash1_00005":{"x":-4.05,"y":17.43,"width":250,"height":250},"730_S1_dash2/5120_S1_dash1_00006":{"x":-4.05,"y":17.43,"width":250,"height":250},"730_S1_dash2/5120_S1_dash1_00007":{"x":-4.05,"y":17.43,"width":250,"height":250},"730_S1_dash2/5120_S1_dash1_00008":{"x":-4.05,"y":17.43,"width":250,"height":250},"730_S1_dash2/5120_S1_dash1_00009":{"x":-4.05,"y":17.43,"width":250,"height":250}},"730_S1_dash2/5120_S1_dash1_3":{"730_S1_dash2/5120_S1_dash1_00000":{"x":-4.05,"y":17.43,"width":250,"height":250},"730_S1_dash2/5120_S1_dash1_00001":{"x":-4.05,"y":17.43,"width":250,"height":250},"730_S1_dash2/5120_S1_dash1_00002":{"x":-4.05,"y":17.43,"width":250,"height":250},"730_S1_dash2/5120_S1_dash1_00003":{"x":-4.05,"y":17.43,"width":250,"height":250},"730_S1_dash2/5120_S1_dash1_00004":{"x":-4.05,"y":17.43,"width":250,"height":250},"730_S1_dash2/5120_S1_dash1_00005":{"x":-4.05,"y":17.43,"width":250,"height":250},"730_S1_dash2/5120_S1_dash1_00006":{"x":-4.05,"y":17.43,"width":250,"height":250},"730_S1_dash2/5120_S1_dash1_00007":{"x":-4.05,"y":17.43,"width":250,"height":250},"730_S1_dash2/5120_S1_dash1_00008":{"x":-4.05,"y":17.43,"width":250,"height":250},"730_S1_dash2/5120_S1_dash1_00009":{"x":-4.05,"y":17.43,"width":250,"height":250}},"DAMAGEAREA":{"DAMAGEAREA":{"type":"boundingbox","vertices":[-64.7958,64.19743,-64.7958,-64.14245,63.54413,-64.14245,63.54413,63.63943]}},"bomb_ground/520B_S1_ex1_0":{"bomb_ground/520B_S1_ex1_00000":{"x":1.37,"y":16.68,"width":300,"height":300},"bomb_ground/520B_S1_ex1_00001":{"x":1.37,"y":16.68,"width":300,"height":300},"bomb_ground/520B_S1_ex1_00002":{"x":1.37,"y":16.68,"width":300,"height":300},"bomb_ground/520B_S1_ex1_00003":{"x":1.37,"y":16.68,"width":300,"height":300},"bomb_ground/520B_S1_ex1_00004":{"x":1.37,"y":16.68,"width":300,"height":300},"bomb_ground/520B_S1_ex1_00005":{"x":1.37,"y":16.68,"width":300,"height":300},"bomb_ground/520B_S1_ex1_00006":{"x":1.37,"y":16.68,"width":300,"height":300},"bomb_ground/520B_S1_ex1_00007":{"x":1.37,"y":16.68,"width":300,"height":300},"bomb_ground/520B_S1_ex1_00008":{"x":1.37,"y":16.68,"width":300,"height":300},"bomb_ground/520B_S1_ex1_00009":{"x":1.37,"y":16.68,"width":300,"height":300}},"bomb_ground/520B_S1_ex1_00000":{"bomb_ground/520B_S1_ex1_00000":{"x":1.37,"y":16.68,"width":300,"height":300},"bomb_ground/520B_S1_ex1_00001":{"x":1.37,"y":16.68,"width":300,"height":300},"bomb_ground/520B_S1_ex1_00002":{"x":1.37,"y":16.68,"width":300,"height":300},"bomb_ground/520B_S1_ex1_00003":{"x":1.37,"y":16.68,"width":300,"height":300},"bomb_ground/520B_S1_ex1_00004":{"x":1.37,"y":16.68,"width":300,"height":300},"bomb_ground/520B_S1_ex1_00005":{"x":1.37,"y":16.68,"width":300,"height":300},"bomb_ground/520B_S1_ex1_00006":{"x":1.37,"y":16.68,"width":300,"height":300},"bomb_ground/520B_S1_ex1_00007":{"x":1.37,"y":16.68,"width":300,"height":300},"bomb_ground/520B_S1_ex1_00008":{"x":1.37,"y":16.68,"width":300,"height":300},"bomb_ground/520B_S1_ex1_00009":{"x":1.37,"y":16.68,"width":300,"height":300}},"bomb_ground/520B_S1_ex1_1":{"bomb_ground/520B_S1_ex1_00000":{"x":1.37,"y":16.68,"width":300,"height":300},"bomb_ground/520B_S1_ex1_00001":{"x":1.37,"y":16.68,"width":300,"height":300},"bomb_ground/520B_S1_ex1_00002":{"x":1.37,"y":16.68,"width":300,"height":300},"bomb_ground/520B_S1_ex1_00003":{"x":1.37,"y":16.68,"width":300,"height":300},"bomb_ground/520B_S1_ex1_00004":{"x":1.37,"y":16.68,"width":300,"height":300},"bomb_ground/520B_S1_ex1_00005":{"x":1.37,"y":16.68,"width":300,"height":300},"bomb_ground/520B_S1_ex1_00006":{"x":1.37,"y":16.68,"width":300,"height":300},"bomb_ground/520B_S1_ex1_00007":{"x":1.37,"y":16.68,"width":300,"height":300},"bomb_ground/520B_S1_ex1_00008":{"x":1.37,"y":16.68,"width":300,"height":300},"bomb_ground/520B_S1_ex1_00009":{"x":1.37,"y":16.68,"width":300,"height":300}},"ef_PT2_main/ef_PT2_main_00002":{"ef_PT2_main/ef_PT2_main_00002":{"x":-43.74,"y":-39.18,"width":200,"height":200},"ef_PT2_main/ef_PT2_main_00003":{"x":-43.74,"y":-39.18,"width":200,"height":200},"ef_PT2_main/ef_PT2_main_00005":{"x":-43.74,"y":-39.18,"width":200,"height":200},"ef_PT2_main/ef_PT2_main_00007":{"x":-43.74,"y":-39.18,"width":200,"height":200},"ef_PT2_main/ef_PT2_main_00009":{"x":-43.74,"y":-39.18,"width":200,"height":200},"ef_PT2_main/ef_PT2_main_00011":{"x":-43.74,"y":-39.18,"width":200,"height":200},"ef_PT2_main/ef_PT2_main_00013":{"x":-43.74,"y":-39.18,"width":200,"height":200},"ef_PT2_main/ef_PT2_main_00015":{"x":-43.74,"y":-39.18,"width":200,"height":200},"ef_PT2_main/ef_PT2_main_00016":{"x":-43.74,"y":-39.18,"width":200,"height":200}},"ef_PT3_main/ef_PT3_main_00002":{"ef_PT3_main/ef_PT3_main_00002":{"x":-68.31,"y":1.52,"width":200,"height":200},"ef_PT3_main/ef_PT3_main_00003":{"x":-68.31,"y":1.52,"width":200,"height":200},"ef_PT3_main/ef_PT3_main_00005":{"x":-68.31,"y":1.52,"width":200,"height":200},"ef_PT3_main/ef_PT3_main_00007":{"x":-68.31,"y":1.52,"width":200,"height":200},"ef_PT3_main/ef_PT3_main_00009":{"x":-68.31,"y":1.52,"width":200,"height":200},"ef_PT3_main/ef_PT3_main_00011":{"x":-68.31,"y":1.52,"width":200,"height":200},"ef_PT3_main/ef_PT3_main_00013":{"x":-68.31,"y":1.52,"width":200,"height":200},"ef_PT3_main/ef_PT3_main_00015":{"x":-68.31,"y":1.52,"width":200,"height":200},"ef_PT3_main/ef_PT3_main_00017":{"x":-68.31,"y":1.52,"width":200,"height":200}},"ef_PT4_main/ef_PT4_main_00002":{"ef_PT4_main/ef_PT4_main_00002":{"x":-13.01,"y":-26.43,"width":200,"height":200},"ef_PT4_main/ef_PT4_main_00003":{"x":-13.01,"y":-26.43,"width":200,"height":200},"ef_PT4_main/ef_PT4_main_00005":{"x":-13.01,"y":-26.43,"width":200,"height":200},"ef_PT4_main/ef_PT4_main_00007":{"x":-13.01,"y":-26.43,"width":200,"height":200},"ef_PT4_main/ef_PT4_main_00009":{"x":-13.01,"y":-26.43,"width":200,"height":200},"ef_PT4_main/ef_PT4_main_00011":{"x":-13.01,"y":-26.43,"width":200,"height":200},"ef_PT4_main/ef_PT4_main_00013":{"x":-13.01,"y":-26.43,"width":200,"height":200},"ef_PT4_main/ef_PT4_main_00015":{"x":-13.01,"y":-26.43,"width":200,"height":200},"ef_PT4_main/ef_PT4_main_00017":{"x":-13.01,"y":-26.43,"width":200,"height":200}},"smoke/700_S1_exex1_00002":{"smoke/700_S1_exex1_00002":{"x":0.08,"y":33.07,"width":250,"height":250},"smoke/700_S1_exex1_00003":{"x":0.08,"y":33.07,"width":250,"height":250},"smoke/700_S1_exex1_00005":{"x":0.08,"y":33.07,"width":250,"height":250},"smoke/700_S1_exex1_00007":{"x":0.08,"y":33.07,"width":250,"height":250},"smoke/700_S1_exex1_00009":{"x":0.08,"y":33.07,"width":250,"height":250},"smoke/700_S1_exex1_00011":{"x":0.08,"y":33.07,"width":250,"height":250},"smoke/700_S1_exex1_00013":{"x":0.08,"y":33.07,"width":250,"height":250},"smoke/700_S1_exex1_00015":{"x":0.08,"y":33.07,"width":250,"height":250},"smoke/700_S1_exex1_00017":{"x":0.08,"y":33.07,"width":250,"height":250},"smoke/700_S1_exex1_00019":{"x":0.08,"y":33.07,"width":250,"height":250},"smoke/700_S1_exex1_00021":{"x":0.08,"y":33.07,"width":250,"height":250},"smoke/700_S1_exex1_00022":{"x":0.08,"y":33.07,"width":250,"height":250},"smoke/700_S1_exex1_00023":{"x":0.08,"y":33.07,"width":250,"height":250},"smoke/700_S1_exex1_00024":{"x":0.08,"y":33.07,"width":250,"height":250},"smoke/700_S1_exex1_00025":{"x":0.08,"y":33.07,"width":250,"height":250}},"smoke/700_S1_exex1_2":{"smoke/700_S1_exex1_00002":{"x":0.08,"y":33.07,"width":250,"height":250},"smoke/700_S1_exex1_00003":{"x":0.08,"y":33.07,"width":250,"height":250},"smoke/700_S1_exex1_00005":{"x":0.08,"y":33.07,"width":250,"height":250},"smoke/700_S1_exex1_00007":{"x":0.08,"y":33.07,"width":250,"height":250},"smoke/700_S1_exex1_00009":{"x":0.08,"y":33.07,"width":250,"height":250},"smoke/700_S1_exex1_00011":{"x":0.08,"y":33.07,"width":250,"height":250},"smoke/700_S1_exex1_00013":{"x":0.08,"y":33.07,"width":250,"height":250},"smoke/700_S1_exex1_00015":{"x":0.08,"y":33.07,"width":250,"height":250},"smoke/700_S1_exex1_00017":{"x":0.08,"y":33.07,"width":250,"height":250},"smoke/700_S1_exex1_00019":{"x":0.08,"y":33.07,"width":250,"height":250},"smoke/700_S1_exex1_00021":{"x":0.08,"y":33.07,"width":250,"height":250},"smoke/700_S1_exex1_00022":{"x":0.08,"y":33.07,"width":250,"height":250},"smoke/700_S1_exex1_00023":{"x":0.08,"y":33.07,"width":250,"height":250},"smoke/700_S1_exex1_00024":{"x":0.08,"y":33.07,"width":250,"height":250},"smoke/700_S1_exex1_00025":{"x":0.08,"y":33.07,"width":250,"height":250}},"smoke/700_S1_exex1_3":{"smoke/700_S1_exex1_00002":{"x":0.08,"y":33.07,"width":250,"height":250},"smoke/700_S1_exex1_00003":{"x":0.08,"y":33.07,"width":250,"height":250},"smoke/700_S1_exex1_00005":{"x":0.08,"y":33.07,"width":250,"height":250},"smoke/700_S1_exex1_00007":{"x":0.08,"y":33.07,"width":250,"height":250},"smoke/700_S1_exex1_00009":{"x":0.08,"y":33.07,"width":250,"height":250},"smoke/700_S1_exex1_00011":{"x":0.08,"y":33.07,"width":250,"height":250},"smoke/700_S1_exex1_00013":{"x":0.08,"y":33.07,"width":250,"height":250},"smoke/700_S1_exex1_00015":{"x":0.08,"y":33.07,"width":250,"height":250},"smoke/700_S1_exex1_00017":{"x":0.08,"y":33.07,"width":250,"height":250},"smoke/700_S1_exex1_00019":{"x":0.08,"y":33.07,"width":250,"height":250},"smoke/700_S1_exex1_00021":{"x":0.08,"y":33.07,"width":250,"height":250},"smoke/700_S1_exex1_00022":{"x":0.08,"y":33.07,"width":250,"height":250},"smoke/700_S1_exex1_00023":{"x":0.08,"y":33.07,"width":250,"height":250},"smoke/700_S1_exex1_00024":{"x":0.08,"y":33.07,"width":250,"height":250},"smoke/700_S1_exex1_00025":{"x":0.08,"y":33.07,"width":250,"height":250}},"wave_green/370_S1_wave1_00002":{"wave_green/370_S1_wave1_00002":{"x":-3.06,"y":17.67,"width":500,"height":500},"wave_green/370_S1_wave1_00004":{"x":-3.06,"y":17.67,"width":500,"height":500},"wave_green/370_S1_wave1_00006":{"x":-3.06,"y":17.67,"width":500,"height":500},"wave_green/370_S1_wave1_00009":{"x":-3.06,"y":17.67,"width":500,"height":500}},"wave_green/370_S1_wave1_2":{"wave_green/370_S1_wave1_00002":{"x":-3.06,"y":17.67,"width":500,"height":500},"wave_green/370_S1_wave1_00004":{"x":-3.06,"y":17.67,"width":500,"height":500},"wave_green/370_S1_wave1_00006":{"x":-3.06,"y":17.67,"width":500,"height":500},"wave_green/370_S1_wave1_00009":{"x":-3.06,"y":17.67,"width":500,"height":500}},"wave_green/370_S1_wave1_3":{"wave_green/370_S1_wave1_00002":{"x":-3.06,"y":17.67,"width":500,"height":500},"wave_green/370_S1_wave1_00004":{"x":-3.06,"y":17.67,"width":500,"height":500},"wave_green/370_S1_wave1_00006":{"x":-3.06,"y":17.67,"width":500,"height":500},"wave_green/370_S1_wave1_00009":{"x":-3.06,"y":17.67,"width":500,"height":500}}}},"events":{"Event":{},"Event2":{},"Hit":{},"Sound1":{},"Sound2":{},"Sound3":{}},"animations":{"attack1":{"slots":{"320_S1_dusty1/320_S1_dusty1_00038":{"attachment":[{"time":0.5,"name":"320_S1_dusty1/320_S1_dusty1_00040"},{"time":0.5333,"name":"320_S1_dusty1/320_S1_dusty1_00042"},{"time":0.6,"name":"320_S1_dusty1/320_S1_dusty1_00044"},{"time":0.6666,"name":"320_S1_dusty1/320_S1_dusty1_00046"},{"time":0.7333,"name":"320_S1_dusty1/320_S1_dusty1_00048"},{"time":0.8,"name":"320_S1_dusty1/320_S1_dusty1_00050"},{"time":0.8666,"name":"320_S1_dusty1/320_S1_dusty1_00052"},{"time":0.9333,"name":"320_S1_dusty1/320_S1_dusty1_00054"},{"time":1,"name":null}],"color":[{"time":0.5,"color":"5dfcffff","curve":"stepped"},{"time":0.8666,"color":"5dfcffff"},{"time":1,"color":"00ffff00"}]},"320_S1_dusty1/320_S1_dusty1_38":{"attachment":[{"time":0.5666,"name":"320_S1_dusty1/320_S1_dusty1_00040"},{"time":0.6,"name":"320_S1_dusty1/320_S1_dusty1_00042"},{"time":0.6666,"name":"320_S1_dusty1/320_S1_dusty1_00044"},{"time":0.7333,"name":"320_S1_dusty1/320_S1_dusty1_00046"},{"time":0.8,"name":"320_S1_dusty1/320_S1_dusty1_00048"},{"time":0.8666,"name":"320_S1_dusty1/320_S1_dusty1_00050"},{"time":0.9333,"name":"320_S1_dusty1/320_S1_dusty1_00052"},{"time":1,"name":"320_S1_dusty1/320_S1_dusty1_00054"},{"time":1.0666,"name":null}],"color":[{"time":0.5666,"color":"5dfcffff","curve":"stepped"},{"time":0.9333,"color":"5dfcffff"},{"time":1.0666,"color":"00ffff00"}]},"320_S1_dusty1/320_S1_dusty1_39":{"attachment":[{"time":0.6333,"name":"320_S1_dusty1/320_S1_dusty1_00040"},{"time":0.6666,"name":"320_S1_dusty1/320_S1_dusty1_00042"},{"time":0.7333,"name":"320_S1_dusty1/320_S1_dusty1_00044"},{"time":0.8,"name":"320_S1_dusty1/320_S1_dusty1_00046"},{"time":0.8666,"name":"320_S1_dusty1/320_S1_dusty1_00048"},{"time":0.9333,"name":"320_S1_dusty1/320_S1_dusty1_00050"},{"time":1,"name":"320_S1_dusty1/320_S1_dusty1_00052"},{"time":1.0666,"name":"320_S1_dusty1/320_S1_dusty1_00054"},{"time":1.1333,"name":null}],"color":[{"time":0.6333,"color":"5dfcffff","curve":"stepped"},{"time":0.9666,"color":"5dfcffff"},{"time":1.1333,"color":"00ffff00"}]},"320_S1_dusty1/320_S1_dusty1_40":{"attachment":[{"time":0.7,"name":"320_S1_dusty1/320_S1_dusty1_00040"},{"time":0.7333,"name":"320_S1_dusty1/320_S1_dusty1_00042"},{"time":0.8,"name":"320_S1_dusty1/320_S1_dusty1_00044"},{"time":0.8666,"name":"320_S1_dusty1/320_S1_dusty1_00046"},{"time":0.9333,"name":"320_S1_dusty1/320_S1_dusty1_00048"},{"time":1,"name":"320_S1_dusty1/320_S1_dusty1_00050"},{"time":1.0666,"name":"320_S1_dusty1/320_S1_dusty1_00052"},{"time":1.1333,"name":"320_S1_dusty1/320_S1_dusty1_00054"},{"time":1.2,"name":null}],"color":[{"time":0.7,"color":"5dfcffff","curve":"stepped"},{"time":1,"color":"5dfcffff"},{"time":1.2,"color":"00ffff00"}]},"5130_S2_slash1/5130_S2_slash1_00000":{"attachment":[{"time":0.4333,"name":"5130_S2_slash1/5130_S2_slash1_00001"},{"time":0.4666,"name":"5130_S2_slash1/5130_S2_slash1_00002"},{"time":0.5,"name":"5130_S2_slash1/5130_S2_slash1_00003"},{"time":0.5333,"name":"5130_S2_slash1/5130_S2_slash1_00004"},{"time":0.5666,"name":"5130_S2_slash1/5130_S2_slash1_00005"},{"time":0.6,"name":null}],"color":[{"time":0.4333,"color":"a8f1ffff"}]},"5140_S2_slash2/5140_S2_slash2_00000":{"attachment":[{"time":0.4333,"name":"5140_S2_slash2/5140_S2_slash2_00000"},{"time":0.4666,"name":"5140_S2_slash2/5140_S2_slash2_00001"},{"time":0.5,"name":"5140_S2_slash2/5140_S2_slash2_00002"},{"time":0.5333,"name":"5140_S2_slash2/5140_S2_slash2_00003"},{"time":0.5666,"name":"5140_S2_slash2/5140_S2_slash2_00002"},{"time":0.6,"name":"5140_S2_slash2/5140_S2_slash2_00003"},{"time":0.6333,"name":"5140_S2_slash2/5140_S2_slash2_00002"},{"time":0.6666,"name":"5140_S2_slash2/5140_S2_slash2_00003"},{"time":0.7333,"name":null}],"color":[{"time":0.4333,"color":"00faffff","curve":"stepped"},{"time":0.6,"color":"00faffff"},{"time":0.7333,"color":"09ff0000"}]},"5140_S2_slash2/5140_S2_slash2_0":{"attachment":[{"time":0.4333,"name":"5140_S2_slash2/5140_S2_slash2_00000"},{"time":0.4666,"name":"5140_S2_slash2/5140_S2_slash2_00001"},{"time":0.5,"name":"5140_S2_slash2/5140_S2_slash2_00002"},{"time":0.5333,"name":"5140_S2_slash2/5140_S2_slash2_00003"},{"time":0.5666,"name":"5140_S2_slash2/5140_S2_slash2_00002"},{"time":0.6,"name":"5140_S2_slash2/5140_S2_slash2_00003"},{"time":0.6333,"name":"5140_S2_slash2/5140_S2_slash2_00002"},{"time":0.6666,"name":"5140_S2_slash2/5140_S2_slash2_00003"},{"time":0.7333,"name":null}],"color":[{"time":0.4333,"color":"f6ff00ff","curve":"stepped"},{"time":0.6,"color":"f6ff00ff"},{"time":0.7333,"color":"6cfaff00"}]},"730_S1_dash2/5120_S1_dash1_00000":{"attachment":[{"time":0.4333,"name":"730_S1_dash2/5120_S1_dash1_00000"},{"time":0.5,"name":"730_S1_dash2/5120_S1_dash1_00001"},{"time":0.5333,"name":"730_S1_dash2/5120_S1_dash1_00002"},{"time":0.5666,"name":"730_S1_dash2/5120_S1_dash1_00003"},{"time":0.6,"name":"730_S1_dash2/5120_S1_dash1_00004"},{"time":0.6333,"name":"730_S1_dash2/5120_S1_dash1_00005"},{"time":0.6666,"name":"730_S1_dash2/5120_S1_dash1_00006"},{"time":0.7,"name":"730_S1_dash2/5120_S1_dash1_00007"},{"time":0.7333,"name":"730_S1_dash2/5120_S1_dash1_00008"},{"time":0.7666,"name":"730_S1_dash2/5120_S1_dash1_00009"},{"time":0.8333,"name":null}],"color":[{"time":0.6666,"color":"ffffffff"},{"time":0.8333,"color":"ffffff00"}]},"730_S1_dash2/5120_S1_dash1_0":{"attachment":[{"time":0.5333,"name":"730_S1_dash2/5120_S1_dash1_00000"},{"time":0.5666,"name":"730_S1_dash2/5120_S1_dash1_00001"},{"time":0.6,"name":"730_S1_dash2/5120_S1_dash1_00002"},{"time":0.6333,"name":"730_S1_dash2/5120_S1_dash1_00003"},{"time":0.6666,"name":"730_S1_dash2/5120_S1_dash1_00004"},{"time":0.7,"name":"730_S1_dash2/5120_S1_dash1_00005"},{"time":0.7333,"name":"730_S1_dash2/5120_S1_dash1_00006"},{"time":0.7666,"name":"730_S1_dash2/5120_S1_dash1_00007"},{"time":0.8,"name":"730_S1_dash2/5120_S1_dash1_00008"},{"time":0.8333,"name":"730_S1_dash2/5120_S1_dash1_00009"},{"time":0.9,"name":null}],"color":[{"time":0.5333,"color":"ffffffff"},{"time":0.7666,"color":"7085ffff"},{"time":0.9,"color":"ffffff00"}]},"730_S1_dash2/5120_S1_dash1_1":{"attachment":[{"time":0.5666,"name":"730_S1_dash2/5120_S1_dash1_00000"},{"time":0.6,"name":"730_S1_dash2/5120_S1_dash1_00001"},{"time":0.6333,"name":"730_S1_dash2/5120_S1_dash1_00002"},{"time":0.6666,"name":"730_S1_dash2/5120_S1_dash1_00003"},{"time":0.7,"name":"730_S1_dash2/5120_S1_dash1_00004"},{"time":0.7333,"name":"730_S1_dash2/5120_S1_dash1_00005"},{"time":0.7666,"name":"730_S1_dash2/5120_S1_dash1_00006"},{"time":0.8,"name":"730_S1_dash2/5120_S1_dash1_00007"},{"time":0.8333,"name":"730_S1_dash2/5120_S1_dash1_00008"},{"time":0.8666,"name":"730_S1_dash2/5120_S1_dash1_00009"},{"time":0.9333,"name":null}],"color":[{"time":0.5666,"color":"ffffffff"},{"time":0.8,"color":"7085ffff"},{"time":0.9333,"color":"ffffff00"}]},"730_S1_dash2/5120_S1_dash1_2":{"attachment":[{"time":0.6,"name":"730_S1_dash2/5120_S1_dash1_00000"},{"time":0.6333,"name":"730_S1_dash2/5120_S1_dash1_00001"},{"time":0.6666,"name":"730_S1_dash2/5120_S1_dash1_00002"},{"time":0.7,"name":"730_S1_dash2/5120_S1_dash1_00003"},{"time":0.7333,"name":"730_S1_dash2/5120_S1_dash1_00004"},{"time":0.7666,"name":"730_S1_dash2/5120_S1_dash1_00005"},{"time":0.8,"name":"730_S1_dash2/5120_S1_dash1_00006"},{"time":0.8333,"name":"730_S1_dash2/5120_S1_dash1_00007"},{"time":0.8666,"name":"730_S1_dash2/5120_S1_dash1_00008"},{"time":0.9,"name":"730_S1_dash2/5120_S1_dash1_00009"},{"time":0.9666,"name":null}],"color":[{"time":0.6,"color":"ffffffff"},{"time":0.8333,"color":"7085ffff"},{"time":0.9666,"color":"ffffff00"}]},"730_S1_dash2/5120_S1_dash1_3":{"attachment":[{"time":0.6333,"name":"730_S1_dash2/5120_S1_dash1_00000"},{"time":0.6666,"name":"730_S1_dash2/5120_S1_dash1_00001"},{"time":0.7,"name":"730_S1_dash2/5120_S1_dash1_00002"},{"time":0.7333,"name":"730_S1_dash2/5120_S1_dash1_00003"},{"time":0.7666,"name":"730_S1_dash2/5120_S1_dash1_00004"},{"time":0.8,"name":"730_S1_dash2/5120_S1_dash1_00005"},{"time":0.8333,"name":"730_S1_dash2/5120_S1_dash1_00006"},{"time":0.8666,"name":"730_S1_dash2/5120_S1_dash1_00007"},{"time":0.9,"name":"730_S1_dash2/5120_S1_dash1_00008"},{"time":0.9333,"name":"730_S1_dash2/5120_S1_dash1_00009"},{"time":1,"name":null}],"color":[{"time":0.6333,"color":"ffffffff"},{"time":0.8666,"color":"7085ffff"},{"time":1,"color":"ffffff00"}]},"DAMAGEAREA":{"attachment":[{"time":0.5,"name":"DAMAGEAREA"},{"time":0.7666,"name":null}]},"bomb_ground/520B_S1_ex1_00000":{"attachment":[{"time":0.4333,"name":"bomb_ground/520B_S1_ex1_00000"},{"time":0.4666,"name":"bomb_ground/520B_S1_ex1_00001"},{"time":0.5,"name":"bomb_ground/520B_S1_ex1_00002"},{"time":0.5333,"name":"bomb_ground/520B_S1_ex1_00003"},{"time":0.5666,"name":"bomb_ground/520B_S1_ex1_00004"},{"time":0.6,"name":"bomb_ground/520B_S1_ex1_00005"},{"time":0.6333,"name":"bomb_ground/520B_S1_ex1_00006"},{"time":0.6666,"name":"bomb_ground/520B_S1_ex1_00007"},{"time":0.7,"name":"bomb_ground/520B_S1_ex1_00008"},{"time":0.7333,"name":"bomb_ground/520B_S1_ex1_00009"},{"time":0.7666,"name":null}]}},"bones":{"dusty_1":{"translate":[{"time":0.5,"x":-487.07,"y":0}],"scale":[{"time":0.5,"x":2,"y":2}]},"dusty_2":{"translate":[{"time":0.5666,"x":-637.07,"y":0}],"scale":[{"time":0.5666,"x":-2,"y":2}]},"dusty_3":{"translate":[{"time":0.6333,"x":-787.07,"y":0}],"scale":[{"time":0.6333,"x":2,"y":2}]},"dusty_4":{"translate":[{"time":0.7,"x":-937.07,"y":0}],"scale":[{"time":0.7,"x":-2,"y":2}]},"slash1":{"translate":[{"time":0.4333,"x":-337.75,"y":-125.16}],"scale":[{"time":0.4333,"x":2,"y":4.522}]},"slash_1":{"translate":[{"time":0.4333,"x":-190.22,"y":10.89},{"time":0.5,"x":-330,"y":42.9,"curve":[0.191,0.21,0.75,1]},{"time":0.7,"x":-1100,"y":137.11}],"scale":[{"time":0.4333,"x":2,"y":2},{"time":0.5,"x":2,"y":2.5,"curve":[0.128,0.62,0.75,1]},{"time":0.7,"x":3.5,"y":4}]},"slash_2":{"translate":[{"time":0.4333,"x":-166.42,"y":10.89},{"time":0.5,"x":-256.9,"y":42.9,"curve":[0.191,0.21,0.75,1]},{"time":0.7,"x":-1030.61,"y":137.11}],"scale":[{"time":0.4333,"x":2,"y":2},{"time":0.5,"x":2,"y":2.5,"curve":[0.128,0.62,0.75,1]},{"time":0.7,"x":3.5,"y":4}]},"dash1_1":{"translate":[{"time":0.4333,"x":-155.64,"y":-203.1}],"scale":[{"time":0.4333,"x":-3,"y":3}]},"dash1_2":{"translate":[{"time":0.5333,"x":-300,"y":-200}],"scale":[{"time":0.5333,"x":6,"y":5}]},"dash1_3":{"translate":[{"time":0.5666,"x":-475,"y":-200}],"scale":[{"time":0.5666,"x":6,"y":5}]},"dash1_4":{"translate":[{"time":0.6,"x":-650,"y":-200}],"scale":[{"time":0.6,"x":6,"y":5}]},"dash1_5":{"translate":[{"time":0.6333,"x":-825,"y":-200}],"scale":[{"time":0.6333,"x":6,"y":5}]},"DAMAGEAREA":{"translate":[{"time":0.5,"x":-156.63,"y":88.36},{"time":0.6666,"x":-460.37,"y":88.36}],"scale":[{"time":0.5,"x":2.86,"y":1.625},{"time":0.6666,"x":6.956,"y":1.625}]},"bomb_ground_1":{"translate":[{"time":0.4333,"x":-274.99,"y":-191.8}],"scale":[{"time":0.4333,"x":2.177,"y":3.074}]}},"events":[{"time":0,"name":"Event","float":0.25,"string":"kHitStopType_normal"},{"time":0.4,"name":"Sound1","string":"cri_se_battle_darkness_explosion"},{"time":0.4,"name":"Sound2","string":"cri_se_battle_thunder_small"},{"time":0.4,"name":"Sound3","string":"setHitSound(se_battle_swordslash_heavy)"},{"time":0.5,"name":"Event2","float":1,"string":"shakeGround"},{"time":0.5666,"name":"Event","float":0.1,"string":"kHitStopType_enemyonly"},{"time":0.5666,"name":"Event2","float":1,"string":"shakeGround"},{"time":0.5666,"name":"Hit","string":"resetHitList"},{"time":0.6333,"name":"Event2","float":1,"string":"shakeGround"},{"time":0.6333,"name":"Hit","string":"resetHitList"},{"time":0.7,"name":"Event2","float":1,"string":"shakeGround"},{"time":0.7,"name":"Hit","string":"resetHitList"}]},"attack2":{"slots":{"320_S1_dusty1/320_S1_dusty1_00038":{"attachment":[{"time":0.7,"name":"320_S1_dusty1/320_S1_dusty1_00040"},{"time":0.7666,"name":"320_S1_dusty1/320_S1_dusty1_00042"},{"time":0.8333,"name":"320_S1_dusty1/320_S1_dusty1_00044"},{"time":0.9,"name":"320_S1_dusty1/320_S1_dusty1_00046"},{"time":0.9666,"name":"320_S1_dusty1/320_S1_dusty1_00048"},{"time":1.0333,"name":"320_S1_dusty1/320_S1_dusty1_00050"},{"time":1.1,"name":"320_S1_dusty1/320_S1_dusty1_00052"},{"time":1.1666,"name":"320_S1_dusty1/320_S1_dusty1_00054"},{"time":1.2333,"name":null}],"color":[{"time":1.1,"color":"ffffffff"},{"time":1.2333,"color":"ffffff00"}]},"320_S1_dusty1/320_S1_dusty1_38":{"attachment":[{"time":0.7666,"name":"320_S1_dusty1/320_S1_dusty1_00040"},{"time":0.8333,"name":"320_S1_dusty1/320_S1_dusty1_00042"},{"time":0.9,"name":"320_S1_dusty1/320_S1_dusty1_00044"},{"time":0.9666,"name":"320_S1_dusty1/320_S1_dusty1_00046"},{"time":1.0333,"name":"320_S1_dusty1/320_S1_dusty1_00048"},{"time":1.1,"name":"320_S1_dusty1/320_S1_dusty1_00050"},{"time":1.1666,"name":"320_S1_dusty1/320_S1_dusty1_00052"},{"time":1.2333,"name":"320_S1_dusty1/320_S1_dusty1_00054"},{"time":1.3,"name":null}],"color":[{"time":1.1666,"color":"ffffffff"},{"time":1.3,"color":"ffffff00"}]},"320_S1_dusty1/320_S1_dusty1_39":{"attachment":[{"time":0.8333,"name":"320_S1_dusty1/320_S1_dusty1_00040"},{"time":0.9,"name":"320_S1_dusty1/320_S1_dusty1_00042"},{"time":0.9666,"name":"320_S1_dusty1/320_S1_dusty1_00044"},{"time":1.0333,"name":"320_S1_dusty1/320_S1_dusty1_00046"},{"time":1.1,"name":"320_S1_dusty1/320_S1_dusty1_00048"},{"time":1.1666,"name":"320_S1_dusty1/320_S1_dusty1_00050"},{"time":1.2333,"name":"320_S1_dusty1/320_S1_dusty1_00052"},{"time":1.3,"name":"320_S1_dusty1/320_S1_dusty1_00054"},{"time":1.3666,"name":null}],"color":[{"time":1.2333,"color":"ffffffff"},{"time":1.3666,"color":"ffffff00"}]},"DAMAGEAREA":{"attachment":[{"time":0.7,"name":"DAMAGEAREA"},{"time":1.0333,"name":null}]},"bomb_ground/520B_S1_ex1_00000":{"attachment":[{"time":0.6666,"name":"bomb_ground/520B_S1_ex1_00000"},{"time":0.7,"name":"bomb_ground/520B_S1_ex1_00001"},{"time":0.7333,"name":"bomb_ground/520B_S1_ex1_00002"},{"time":0.7666,"name":"bomb_ground/520B_S1_ex1_00003"},{"time":0.8,"name":"bomb_ground/520B_S1_ex1_00004"},{"time":0.8333,"name":"bomb_ground/520B_S1_ex1_00005"},{"time":0.8666,"name":"bomb_ground/520B_S1_ex1_00006"},{"time":0.9,"name":"bomb_ground/520B_S1_ex1_00007"},{"time":0.9333,"name":"bomb_ground/520B_S1_ex1_00008"},{"time":0.9666,"name":"bomb_ground/520B_S1_ex1_00009"},{"time":1,"name":null}]},"bomb_ground/520B_S1_ex1_0":{"attachment":[{"time":0.7333,"name":"bomb_ground/520B_S1_ex1_00000"},{"time":0.7666,"name":"bomb_ground/520B_S1_ex1_00001"},{"time":0.8,"name":"bomb_ground/520B_S1_ex1_00002"},{"time":0.8333,"name":"bomb_ground/520B_S1_ex1_00003"},{"time":0.8666,"name":"bomb_ground/520B_S1_ex1_00004"},{"time":0.9,"name":"bomb_ground/520B_S1_ex1_00005"},{"time":0.9333,"name":"bomb_ground/520B_S1_ex1_00006"},{"time":0.9666,"name":"bomb_ground/520B_S1_ex1_00007"},{"time":1,"name":"bomb_ground/520B_S1_ex1_00008"},{"time":1.0333,"name":"bomb_ground/520B_S1_ex1_00009"},{"time":1.0666,"name":null}]},"bomb_ground/520B_S1_ex1_1":{"attachment":[{"time":0.8,"name":"bomb_ground/520B_S1_ex1_00000"},{"time":0.8333,"name":"bomb_ground/520B_S1_ex1_00001"},{"time":0.8666,"name":"bomb_ground/520B_S1_ex1_00002"},{"time":0.9,"name":"bomb_ground/520B_S1_ex1_00003"},{"time":0.9333,"name":"bomb_ground/520B_S1_ex1_00004"},{"time":0.9666,"name":"bomb_ground/520B_S1_ex1_00005"},{"time":1,"name":"bomb_ground/520B_S1_ex1_00006"},{"time":1.0333,"name":"bomb_ground/520B_S1_ex1_00007"},{"time":1.0666,"name":"bomb_ground/520B_S1_ex1_00008"},{"time":1.1,"name":"bomb_ground/520B_S1_ex1_00009"},{"time":1.1333,"name":null}]},"ef_PT2_main/ef_PT2_main_00002":{"attachment":[{"time":0.5666,"name":"ef_PT2_main/ef_PT2_main_00002"},{"time":0.6333,"name":"ef_PT2_main/ef_PT2_main_00003"},{"time":0.6666,"name":"ef_PT2_main/ef_PT2_main_00005"},{"time":0.7333,"name":"ef_PT2_main/ef_PT2_main_00007"},{"time":0.7666,"name":"ef_PT2_main/ef_PT2_main_00009"},{"time":0.8,"name":"ef_PT2_main/ef_PT2_main_00011"},{"time":0.8333,"name":"ef_PT2_main/ef_PT2_main_00013"},{"time":0.8666,"name":"ef_PT2_main/ef_PT2_main_00015"},{"time":0.9,"name":"ef_PT2_main/ef_PT2_main_00016"},{"time":0.9333,"name":null}]},"ef_PT3_main/ef_PT3_main_00002":{"attachment":[{"time":0.5,"name":"ef_PT3_main/ef_PT3_main_00002"},{"time":0.5666,"name":"ef_PT3_main/ef_PT3_main_00003"},{"time":0.6,"name":"ef_PT3_main/ef_PT3_main_00005"},{"time":0.6333,"name":"ef_PT3_main/ef_PT3_main_00007"},{"time":0.6666,"name":"ef_PT3_main/ef_PT3_main_00009"},{"time":0.7333,"name":"ef_PT3_main/ef_PT3_main_00011"},{"time":0.7666,"name":"ef_PT3_main/ef_PT3_main_00013"},{"time":0.8,"name":"ef_PT3_main/ef_PT3_main_00015"},{"time":0.8333,"name":"ef_PT3_main/ef_PT3_main_00017"},{"time":0.8666,"name":null}]},"ef_PT4_main/ef_PT4_main_00002":{"attachment":[{"time":0.4333,"name":"ef_PT4_main/ef_PT4_main_00002"},{"time":0.5,"name":"ef_PT4_main/ef_PT4_main_00003"},{"time":0.5333,"name":"ef_PT4_main/ef_PT4_main_00005"},{"time":0.5666,"name":"ef_PT4_main/ef_PT4_main_00007"},{"time":0.6333,"name":"ef_PT4_main/ef_PT4_main_00009"},{"time":0.6666,"name":"ef_PT4_main/ef_PT4_main_00011"},{"time":0.7,"name":"ef_PT4_main/ef_PT4_main_00013"},{"time":0.7333,"name":"ef_PT4_main/ef_PT4_main_00015"},{"time":0.7666,"name":"ef_PT4_main/ef_PT4_main_00017"},{"time":0.8,"name":null}]},"smoke/700_S1_exex1_00002":{"attachment":[{"time":0.7333,"name":"smoke/700_S1_exex1_00002"},{"time":0.7666,"name":"smoke/700_S1_exex1_00003"},{"time":0.8,"name":"smoke/700_S1_exex1_00005"},{"time":0.8333,"name":"smoke/700_S1_exex1_00007"},{"time":0.8666,"name":"smoke/700_S1_exex1_00009"},{"time":0.9,"name":"smoke/700_S1_exex1_00011"},{"time":0.9333,"name":"smoke/700_S1_exex1_00013"},{"time":0.9666,"name":"smoke/700_S1_exex1_00015"},{"time":1,"name":"smoke/700_S1_exex1_00017"},{"time":1.0333,"name":"smoke/700_S1_exex1_00019"},{"time":1.0666,"name":"smoke/700_S1_exex1_00021"},{"time":1.1,"name":"smoke/700_S1_exex1_00022"},{"time":1.1333,"name":"smoke/700_S1_exex1_00023"},{"time":1.2,"name":"smoke/700_S1_exex1_00024"},{"time":1.2666,"name":"smoke/700_S1_exex1_00025"},{"time":1.3333,"name":null}]},"smoke/700_S1_exex1_2":{"attachment":[{"time":0.8,"name":"smoke/700_S1_exex1_00002"},{"time":0.8333,"name":"smoke/700_S1_exex1_00003"},{"time":0.8666,"name":"smoke/700_S1_exex1_00005"},{"time":0.9,"name":"smoke/700_S1_exex1_00007"},{"time":0.9333,"name":"smoke/700_S1_exex1_00009"},{"time":0.9666,"name":"smoke/700_S1_exex1_00011"},{"time":1,"name":"smoke/700_S1_exex1_00013"},{"time":1.0333,"name":"smoke/700_S1_exex1_00015"},{"time":1.0666,"name":"smoke/700_S1_exex1_00017"},{"time":1.1,"name":"smoke/700_S1_exex1_00019"},{"time":1.1333,"name":"smoke/700_S1_exex1_00021"},{"time":1.1666,"name":"smoke/700_S1_exex1_00022"},{"time":1.2,"name":"smoke/700_S1_exex1_00023"},{"time":1.2666,"name":"smoke/700_S1_exex1_00024"},{"time":1.3333,"name":"smoke/700_S1_exex1_00025"},{"time":1.4,"name":null}]},"smoke/700_S1_exex1_3":{"attachment":[{"time":0.8666,"name":"smoke/700_S1_exex1_00002"},{"time":0.9,"name":"smoke/700_S1_exex1_00003"},{"time":0.9333,"name":"smoke/700_S1_exex1_00005"},{"time":0.9666,"name":"smoke/700_S1_exex1_00007"},{"time":1,"name":"smoke/700_S1_exex1_00009"},{"time":1.0333,"name":"smoke/700_S1_exex1_00011"},{"time":1.0666,"name":"smoke/700_S1_exex1_00013"},{"time":1.1,"name":"smoke/700_S1_exex1_00015"},{"time":1.1333,"name":"smoke/700_S1_exex1_00017"},{"time":1.1666,"name":"smoke/700_S1_exex1_00019"},{"time":1.2,"name":"smoke/700_S1_exex1_00021"},{"time":1.2333,"name":"smoke/700_S1_exex1_00022"},{"time":1.2666,"name":"smoke/700_S1_exex1_00023"},{"time":1.3333,"name":"smoke/700_S1_exex1_00024"},{"time":1.4,"name":"smoke/700_S1_exex1_00025"},{"time":1.4666,"name":null}]},"wave_green/370_S1_wave1_00002":{"attachment":[{"time":0.6666,"name":"wave_green/370_S1_wave1_00002"},{"time":0.7333,"name":"wave_green/370_S1_wave1_00004"},{"time":0.8,"name":"wave_green/370_S1_wave1_00006"},{"time":0.9,"name":"wave_green/370_S1_wave1_00009"},{"time":0.9666,"name":null}],"color":[{"time":0.6666,"color":"faff00ff","curve":"stepped"},{"time":0.8666,"color":"faff00ff"},{"time":0.9666,"color":"ffffff00"}]},"wave_green/370_S1_wave1_2":{"attachment":[{"time":0.7333,"name":"wave_green/370_S1_wave1_00002"},{"time":0.8,"name":"wave_green/370_S1_wave1_00004"},{"time":0.8666,"name":"wave_green/370_S1_wave1_00006"},{"time":0.9666,"name":"wave_green/370_S1_wave1_00009"},{"time":1.0333,"name":null}],"color":[{"time":0.7333,"color":"faff00ff","curve":"stepped"},{"time":0.9333,"color":"faff00ff"},{"time":1.0333,"color":"ffffff00"}]},"wave_green/370_S1_wave1_3":{"attachment":[{"time":0.8,"name":"wave_green/370_S1_wave1_00002"},{"time":0.8666,"name":"wave_green/370_S1_wave1_00004"},{"time":0.9333,"name":"wave_green/370_S1_wave1_00006"},{"time":1.0333,"name":"wave_green/370_S1_wave1_00009"},{"time":1.1,"name":null}],"color":[{"time":0.8,"color":"faff00ff","curve":"stepped"},{"time":1,"color":"faff00ff"},{"time":1.1,"color":"ffffff00"}]}},"bones":{"dusty_1":{"translate":[{"time":0.7,"x":-517.07,"y":-35.08}],"scale":[{"time":0.7,"x":1,"y":1},{"time":0.8333,"x":2,"y":2}]},"dusty_2":{"translate":[{"time":0.7666,"x":-927.55,"y":18.65}],"scale":[{"time":0.7666,"x":-1,"y":1},{"time":0.9,"x":-2.2,"y":2.2}]},"dusty_3":{"translate":[{"time":0.8333,"x":-748.61,"y":-0.23}],"scale":[{"time":0.8333,"x":1,"y":1},{"time":0.9666,"x":2.5,"y":2.5}]},"DAMAGEAREA":{"translate":[{"time":0.7,"x":-412.46,"y":51.11}],"scale":[{"time":0.7,"x":5.214,"y":1.752}]},"bomb_ground_1":{"translate":[{"time":0.6666,"x":-420,"y":-235.08}],"scale":[{"time":0.6666,"x":1.5,"y":1.5},{"time":0.8,"x":2,"y":2}]},"bomb_ground_2":{"translate":[{"time":0.7333,"x":-830.63,"y":-181.39}],"scale":[{"time":0.7333,"x":-1.5,"y":1.5},{"time":0.8666,"x":-2.5,"y":2}]},"bomb_ground_3":{"translate":[{"time":0.8,"x":-651.55,"y":-200.27}],"scale":[{"time":0.8,"x":1.5,"y":1.5},{"time":0.9333,"x":2,"y":2.5}]},"PT1_1":{"translate":[{"time":0.5666,"x":178.4,"y":246.2},{"time":0.6333,"x":116.83,"y":290.85},{"time":0.7333,"x":78.17,"y":343.34}],"scale":[{"time":0.5666,"x":3,"y":3},{"time":0.8333,"x":3.622,"y":3.182}]},"PT4_1":{"rotate":[{"time":0.5,"angle":52.03},{"time":0.6666,"angle":-11.31}],"translate":[{"time":0.5,"x":120.29,"y":307.78}],"scale":[{"time":0.5,"x":3,"y":3},{"time":0.6666,"x":4.138,"y":3}]},"PT2_1":{"rotate":[{"time":0.4333,"angle":0},{"time":0.6666,"angle":-22.04}],"translate":[{"time":0.4333,"x":122.66,"y":251.34},{"time":0.5666,"x":188.11,"y":252.55}],"scale":[{"time":0.4333,"x":3,"y":3},{"time":0.7,"x":3.186,"y":4.073}]},"smoke_1":{"translate":[{"time":0.7333,"x":-640,"y":-35.08}],"scale":[{"time":0.7333,"x":3,"y":3}]},"smoke_2":{"translate":[{"time":0.8,"x":-1050.73,"y":18.58}],"scale":[{"time":0.8,"x":-3,"y":3.5}]},"smoke_3":{"translate":[{"time":0.8666,"x":-871.18,"y":0.2}],"scale":[{"time":0.8666,"x":-3.5,"y":3.5}]},"wave_green1":{"translate":[{"time":0.6666,"x":-222.83,"y":-17.34}],"scale":[{"time":0.6666,"x":1,"y":1},{"time":0.9666,"x":2.5,"y":2.5}]},"wave_green2":{"translate":[{"time":0.7333,"x":-633.98,"y":35.91}],"scale":[{"time":0.7333,"x":1,"y":1},{"time":1.0333,"x":2.3,"y":2.3}]},"wave_green3":{"translate":[{"time":0.8,"x":-454.68,"y":17.59}],"scale":[{"time":0.8,"x":1,"y":1},{"time":1.1,"x":2.7,"y":2.7}]}},"events":[{"time":0,"name":"Event","float":0.1,"string":"kHitStopType_enemyonly"},{"time":0.4666,"name":"Sound1","string":"cri_se_battle_machine_missile"},{"time":0.5666,"name":"Event2","float":1,"string":"shakeGround"},{"time":0.6333,"name":"Sound1","string":"cri_se_battle_machine_missile"},{"time":0.7,"name":"Event2","float":1,"string":"shakeGround"},{"time":0.7,"name":"Sound1","string":"cri_se_battle_031_explosion_03"},{"time":0.7,"name":"Sound2","string":"cri_se_battle_explosion_short"},{"time":0.7,"name":"Sound3","string":"setHitSound(se_battle_007_attack_hit_01)"},{"time":0.7666,"name":"Hit","string":"resetHitList"},{"time":0.7666,"name":"Sound2","string":"cri_se_battle_explosion_short"},{"time":0.8333,"name":"Event2","float":1,"string":"shakeGround"},{"time":0.8333,"name":"Hit","string":"resetHitList"},{"time":0.8333,"name":"Sound2","string":"cri_se_battle_explosion_short"},{"time":0.9,"name":"Hit","string":"resetHitList"},{"time":0.9666,"name":"Event2","float":1,"string":"shakeGround"},{"time":0.9666,"name":"Hit","string":"resetHitList"},{"time":1.0666,"name":"Event2","float":1,"string":"shakeGround"}]}}}