{"skeleton":{"hash":"P4DROFnXAoV2qGPJZX1khpba4vo","spine":"3.0.12","width":0,"height":0},"bones":[{"name":"root"},{"name":"MAIN","parent":"root"},{"name":"EF","parent":"MAIN","y":300},{"name":"S2_dome2_root","parent":"EF","x":1800,"y":-200},{"name":"S2_dome5","parent":"S2_dome2_root","y":-100},{"name":"S2_dome4","parent":"S2_dome2_root","y":-100},{"name":"S2_dome2","parent":"S2_dome2_root","y":-100},{"name":"S1_wing2","parent":"EF","x":1650,"y":-300},{"name":"S1_wing1","parent":"EF","x":1650,"y":-300},{"name":"S1_tower2","parent":"EF","x":1600,"y":-300},{"name":"S1_tower1","parent":"EF","x":1600,"y":-300},{"name":"DAMAGEAREA","parent":"root"}],"slots":[{"name":"9100_S1_wing1/9100_S1_wing1_00003","bone":"S1_wing1","blend":"additive"},{"name":"9100_S1_wing1/9100_S1_wing1_3","bone":"S1_wing2","blend":"additive"},{"name":"9100_S2_dome2/9100_S2_dome2_00002","bone":"S2_dome2","blend":"additive"},{"name":"9100_S2_dome2/9100_S2_dome2_2","bone":"S2_dome4","blend":"additive"},{"name":"9100_S2_dome2/9100_S2_dome2_3","bone":"S2_dome5","blend":"additive"},{"name":"9100_S1_tower1/9100_S1_tower1_00000","bone":"S1_tower1","blend":"additive"},{"name":"9100_S1_tower1/9100_S1_tower1_0","bone":"S1_tower2","blend":"additive"},{"name":"DAMAGEAREA","bone":"DAMAGEAREA"}],"skins":{"default":{"9100_S1_tower1/9100_S1_tower1_0":{"9100_S1_tower1/9100_S1_tower1_00000":{"width":140,"height":140},"9100_S1_tower1/9100_S1_tower1_00001":{"width":140,"height":140},"9100_S1_tower1/9100_S1_tower1_00002":{"width":140,"height":140},"9100_S1_tower1/9100_S1_tower1_00003":{"width":140,"height":140},"9100_S1_tower1/9100_S1_tower1_00004":{"width":140,"height":140},"9100_S1_tower1/9100_S1_tower1_00005":{"width":140,"height":140},"9100_S1_tower1/9100_S1_tower1_00007":{"width":140,"height":140},"9100_S1_tower1/9100_S1_tower1_00009":{"width":140,"height":140},"9100_S1_tower1/9100_S1_tower1_00011":{"width":140,"height":140},"9100_S1_tower1/9100_S1_tower1_00013":{"width":140,"height":140},"9100_S1_tower1/9100_S1_tower1_00015":{"width":140,"height":140},"9100_S1_tower1/9100_S1_tower1_00017":{"width":140,"height":140},"9100_S1_tower1/9100_S1_tower1_00018":{"width":140,"height":140},"9100_S1_tower1/9100_S1_tower1_00019":{"width":140,"height":140},"9100_S1_tower1/9100_S1_tower1_00020":{"width":140,"height":140},"9100_S1_tower1/9100_S1_tower1_00021":{"width":140,"height":140},"9100_S1_tower1/9100_S1_tower1_00022":{"width":140,"height":140}},"9100_S1_tower1/9100_S1_tower1_00000":{"9100_S1_tower1/9100_S1_tower1_00000":{"width":140,"height":140},"9100_S1_tower1/9100_S1_tower1_00001":{"width":140,"height":140},"9100_S1_tower1/9100_S1_tower1_00002":{"width":140,"height":140},"9100_S1_tower1/9100_S1_tower1_00003":{"width":140,"height":140},"9100_S1_tower1/9100_S1_tower1_00004":{"width":140,"height":140},"9100_S1_tower1/9100_S1_tower1_00005":{"width":140,"height":140},"9100_S1_tower1/9100_S1_tower1_00007":{"width":140,"height":140},"9100_S1_tower1/9100_S1_tower1_00009":{"width":140,"height":140},"9100_S1_tower1/9100_S1_tower1_00011":{"width":140,"height":140},"9100_S1_tower1/9100_S1_tower1_00013":{"width":140,"height":140},"9100_S1_tower1/9100_S1_tower1_00015":{"width":140,"height":140},"9100_S1_tower1/9100_S1_tower1_00017":{"width":140,"height":140},"9100_S1_tower1/9100_S1_tower1_00018":{"width":140,"height":140},"9100_S1_tower1/9100_S1_tower1_00019":{"width":140,"height":140},"9100_S1_tower1/9100_S1_tower1_00020":{"width":140,"height":140},"9100_S1_tower1/9100_S1_tower1_00021":{"width":140,"height":140},"9100_S1_tower1/9100_S1_tower1_00022":{"width":140,"height":140}},"9100_S1_wing1/9100_S1_wing1_00003":{"9100_S1_wing1/9100_S1_wing1_00003":{"width":250,"height":250},"9100_S1_wing1/9100_S1_wing1_00004":{"width":250,"height":250},"9100_S1_wing1/9100_S1_wing1_00005":{"width":250,"height":250},"9100_S1_wing1/9100_S1_wing1_00006":{"width":250,"height":250},"9100_S1_wing1/9100_S1_wing1_00007":{"width":250,"height":250},"9100_S1_wing1/9100_S1_wing1_00008":{"width":250,"height":250},"9100_S1_wing1/9100_S1_wing1_00009":{"width":250,"height":250},"9100_S1_wing1/9100_S1_wing1_00010":{"width":250,"height":250},"9100_S1_wing1/9100_S1_wing1_00011":{"width":250,"height":250},"9100_S1_wing1/9100_S1_wing1_00012":{"width":250,"height":250},"9100_S1_wing1/9100_S1_wing1_00013":{"width":250,"height":250},"9100_S1_wing1/9100_S1_wing1_00014":{"width":250,"height":250},"9100_S1_wing1/9100_S1_wing1_00015":{"width":250,"height":250},"9100_S1_wing1/9100_S1_wing1_00016":{"width":250,"height":250},"9100_S1_wing1/9100_S1_wing1_00017":{"width":250,"height":250},"9100_S1_wing1/9100_S1_wing1_00018":{"width":250,"height":250},"9100_S1_wing1/9100_S1_wing1_00019":{"width":250,"height":250},"9100_S1_wing1/9100_S1_wing1_00020":{"width":250,"height":250},"9100_S1_wing1/9100_S1_wing1_00021":{"width":250,"height":250},"9100_S1_wing1/9100_S1_wing1_00022":{"width":250,"height":250},"9100_S1_wing1/9100_S1_wing1_00023":{"width":250,"height":250},"9100_S1_wing1/9100_S1_wing1_00024":{"width":250,"height":250},"9100_S1_wing1/9100_S1_wing1_00025":{"width":250,"height":250},"9100_S1_wing1/9100_S1_wing1_00026":{"width":250,"height":250},"9100_S1_wing1/9100_S1_wing1_00027":{"width":250,"height":250},"9100_S1_wing1/9100_S1_wing1_00028":{"width":250,"height":250}},"9100_S1_wing1/9100_S1_wing1_3":{"9100_S1_wing1/9100_S1_wing1_00003":{"width":250,"height":250},"9100_S1_wing1/9100_S1_wing1_00004":{"width":250,"height":250},"9100_S1_wing1/9100_S1_wing1_00005":{"width":250,"height":250},"9100_S1_wing1/9100_S1_wing1_00006":{"width":250,"height":250},"9100_S1_wing1/9100_S1_wing1_00007":{"width":250,"height":250},"9100_S1_wing1/9100_S1_wing1_00008":{"width":250,"height":250},"9100_S1_wing1/9100_S1_wing1_00009":{"width":250,"height":250},"9100_S1_wing1/9100_S1_wing1_00010":{"width":250,"height":250},"9100_S1_wing1/9100_S1_wing1_00011":{"width":250,"height":250},"9100_S1_wing1/9100_S1_wing1_00012":{"width":250,"height":250},"9100_S1_wing1/9100_S1_wing1_00013":{"width":250,"height":250},"9100_S1_wing1/9100_S1_wing1_00014":{"width":250,"height":250},"9100_S1_wing1/9100_S1_wing1_00015":{"width":250,"height":250},"9100_S1_wing1/9100_S1_wing1_00016":{"width":250,"height":250},"9100_S1_wing1/9100_S1_wing1_00017":{"width":250,"height":250},"9100_S1_wing1/9100_S1_wing1_00018":{"width":250,"height":250},"9100_S1_wing1/9100_S1_wing1_00019":{"width":250,"height":250},"9100_S1_wing1/9100_S1_wing1_00020":{"width":250,"height":250},"9100_S1_wing1/9100_S1_wing1_00021":{"width":250,"height":250},"9100_S1_wing1/9100_S1_wing1_00022":{"width":250,"height":250},"9100_S1_wing1/9100_S1_wing1_00023":{"width":250,"height":250},"9100_S1_wing1/9100_S1_wing1_00024":{"width":250,"height":250},"9100_S1_wing1/9100_S1_wing1_00025":{"width":250,"height":250},"9100_S1_wing1/9100_S1_wing1_00026":{"width":250,"height":250},"9100_S1_wing1/9100_S1_wing1_00027":{"width":250,"height":250},"9100_S1_wing1/9100_S1_wing1_00028":{"width":250,"height":250}},"9100_S2_dome2/9100_S2_dome2_00002":{"9100_S2_dome2/9100_S2_dome2_00002":{"width":200,"height":200},"9100_S2_dome2/9100_S2_dome2_00003":{"width":200,"height":200},"9100_S2_dome2/9100_S2_dome2_00004":{"width":200,"height":200},"9100_S2_dome2/9100_S2_dome2_00005":{"width":200,"height":200},"9100_S2_dome2/9100_S2_dome2_00006":{"width":200,"height":200},"9100_S2_dome2/9100_S2_dome2_00007":{"width":200,"height":200},"9100_S2_dome2/9100_S2_dome2_00009":{"width":200,"height":200},"9100_S2_dome2/9100_S2_dome2_00010":{"width":200,"height":200},"9100_S2_dome2/9100_S2_dome2_00011":{"width":200,"height":200},"9100_S2_dome2/9100_S2_dome2_00013":{"width":200,"height":200},"9100_S2_dome2/9100_S2_dome2_00014":{"width":200,"height":200},"9100_S2_dome2/9100_S2_dome2_00016":{"width":200,"height":200},"9100_S2_dome2/9100_S2_dome2_00017":{"width":200,"height":200},"9100_S2_dome2/9100_S2_dome2_00018":{"width":200,"height":200}},"9100_S2_dome2/9100_S2_dome2_2":{"9100_S2_dome2/9100_S2_dome2_00002":{"width":200,"height":200},"9100_S2_dome2/9100_S2_dome2_00003":{"width":200,"height":200},"9100_S2_dome2/9100_S2_dome2_00004":{"width":200,"height":200},"9100_S2_dome2/9100_S2_dome2_00005":{"width":200,"height":200},"9100_S2_dome2/9100_S2_dome2_00006":{"width":200,"height":200},"9100_S2_dome2/9100_S2_dome2_00007":{"width":200,"height":200},"9100_S2_dome2/9100_S2_dome2_00009":{"width":200,"height":200},"9100_S2_dome2/9100_S2_dome2_00010":{"width":200,"height":200},"9100_S2_dome2/9100_S2_dome2_00011":{"width":200,"height":200},"9100_S2_dome2/9100_S2_dome2_00013":{"width":200,"height":200},"9100_S2_dome2/9100_S2_dome2_00014":{"width":200,"height":200},"9100_S2_dome2/9100_S2_dome2_00016":{"width":200,"height":200},"9100_S2_dome2/9100_S2_dome2_00017":{"width":200,"height":200},"9100_S2_dome2/9100_S2_dome2_00018":{"width":200,"height":200}},"9100_S2_dome2/9100_S2_dome2_3":{"9100_S2_dome2/9100_S2_dome2_00002":{"width":200,"height":200},"9100_S2_dome2/9100_S2_dome2_00003":{"width":200,"height":200},"9100_S2_dome2/9100_S2_dome2_00004":{"width":200,"height":200},"9100_S2_dome2/9100_S2_dome2_00005":{"width":200,"height":200},"9100_S2_dome2/9100_S2_dome2_00006":{"width":200,"height":200},"9100_S2_dome2/9100_S2_dome2_00007":{"width":200,"height":200},"9100_S2_dome2/9100_S2_dome2_00009":{"width":200,"height":200},"9100_S2_dome2/9100_S2_dome2_00010":{"width":200,"height":200},"9100_S2_dome2/9100_S2_dome2_00011":{"width":200,"height":200},"9100_S2_dome2/9100_S2_dome2_00013":{"width":200,"height":200},"9100_S2_dome2/9100_S2_dome2_00014":{"width":200,"height":200},"9100_S2_dome2/9100_S2_dome2_00016":{"width":200,"height":200},"9100_S2_dome2/9100_S2_dome2_00017":{"width":200,"height":200},"9100_S2_dome2/9100_S2_dome2_00018":{"width":200,"height":200}},"DAMAGEAREA":{"DAMAGEAREA":{"type":"boundingbox","vertices":[-64.51581,-66.25575,63.25992,-65.55177,63.61192,62.57596,-64.51581,63.98396]}}}},"events":{"EFEvent":{},"EFHit":{},"sound":{}},"animations":{"attack1":{"slots":{"9100_S1_tower1/9100_S1_tower1_00000":{"attachment":[{"time":0.1333,"name":"9100_S1_tower1/9100_S1_tower1_00000"},{"time":0.1666,"name":"9100_S1_tower1/9100_S1_tower1_00001"},{"time":0.2,"name":"9100_S1_tower1/9100_S1_tower1_00002"},{"time":0.2666,"name":"9100_S1_tower1/9100_S1_tower1_00003"},{"time":0.3333,"name":"9100_S1_tower1/9100_S1_tower1_00004"},{"time":0.4,"name":"9100_S1_tower1/9100_S1_tower1_00005"},{"time":0.4666,"name":"9100_S1_tower1/9100_S1_tower1_00007"},{"time":0.5333,"name":"9100_S1_tower1/9100_S1_tower1_00009"},{"time":0.6,"name":"9100_S1_tower1/9100_S1_tower1_00011"},{"time":0.6666,"name":"9100_S1_tower1/9100_S1_tower1_00013"},{"time":0.7333,"name":"9100_S1_tower1/9100_S1_tower1_00015"},{"time":0.8,"name":"9100_S1_tower1/9100_S1_tower1_00017"},{"time":0.8666,"name":"9100_S1_tower1/9100_S1_tower1_00009"},{"time":0.9333,"name":"9100_S1_tower1/9100_S1_tower1_00011"},{"time":1,"name":"9100_S1_tower1/9100_S1_tower1_00013"},{"time":1.0666,"name":"9100_S1_tower1/9100_S1_tower1_00015"},{"time":1.1333,"name":"9100_S1_tower1/9100_S1_tower1_00017"},{"time":1.2,"name":"9100_S1_tower1/9100_S1_tower1_00007"},{"time":1.2666,"name":"9100_S1_tower1/9100_S1_tower1_00009"},{"time":1.3333,"name":"9100_S1_tower1/9100_S1_tower1_00011"},{"time":1.4,"name":"9100_S1_tower1/9100_S1_tower1_00013"},{"time":1.4666,"name":"9100_S1_tower1/9100_S1_tower1_00015"},{"time":1.5333,"name":"9100_S1_tower1/9100_S1_tower1_00017"},{"time":1.6,"name":"9100_S1_tower1/9100_S1_tower1_00009"},{"time":1.7,"name":"9100_S1_tower1/9100_S1_tower1_00015"},{"time":1.7666,"name":"9100_S1_tower1/9100_S1_tower1_00017"},{"time":1.8333,"name":"9100_S1_tower1/9100_S1_tower1_00009"},{"time":1.9,"name":"9100_S1_tower1/9100_S1_tower1_00011"},{"time":1.9666,"name":"9100_S1_tower1/9100_S1_tower1_00013"},{"time":2.0333,"name":"9100_S1_tower1/9100_S1_tower1_00015"},{"time":2.1,"name":"9100_S1_tower1/9100_S1_tower1_00017"},{"time":2.1666,"name":"9100_S1_tower1/9100_S1_tower1_00015"},{"time":2.2333,"name":"9100_S1_tower1/9100_S1_tower1_00017"},{"time":2.3,"name":"9100_S1_tower1/9100_S1_tower1_00018"},{"time":2.3666,"name":"9100_S1_tower1/9100_S1_tower1_00019"},{"time":2.4333,"name":"9100_S1_tower1/9100_S1_tower1_00020"},{"time":2.5,"name":"9100_S1_tower1/9100_S1_tower1_00021"},{"time":2.5666,"name":"9100_S1_tower1/9100_S1_tower1_00022"},{"time":2.6333,"name":"9100_S1_tower1/9100_S1_tower1_00001"},{"time":2.7,"name":"9100_S1_tower1/9100_S1_tower1_00000"},{"time":2.7333,"name":null}],"color":[{"time":2.5333,"color":"ffffffff"},{"time":2.7333,"color":"ffffff00"}]},"9100_S1_tower1/9100_S1_tower1_0":{"attachment":[{"time":0.6333,"name":"9100_S1_tower1/9100_S1_tower1_00005"},{"time":0.6666,"name":"9100_S1_tower1/9100_S1_tower1_00007"},{"time":0.7,"name":"9100_S1_tower1/9100_S1_tower1_00009"},{"time":0.7333,"name":"9100_S1_tower1/9100_S1_tower1_00011"},{"time":0.7666,"name":"9100_S1_tower1/9100_S1_tower1_00013"},{"time":0.8,"name":"9100_S1_tower1/9100_S1_tower1_00015"},{"time":0.8333,"name":"9100_S1_tower1/9100_S1_tower1_00017"},{"time":0.8666,"name":"9100_S1_tower1/9100_S1_tower1_00005"},{"time":0.9,"name":"9100_S1_tower1/9100_S1_tower1_00007"},{"time":0.9333,"name":"9100_S1_tower1/9100_S1_tower1_00009"},{"time":0.9666,"name":"9100_S1_tower1/9100_S1_tower1_00011"},{"time":1,"name":"9100_S1_tower1/9100_S1_tower1_00013"},{"time":1.0333,"name":"9100_S1_tower1/9100_S1_tower1_00015"},{"time":1.0666,"name":"9100_S1_tower1/9100_S1_tower1_00017"},{"time":1.1,"name":"9100_S1_tower1/9100_S1_tower1_00005"},{"time":1.1333,"name":"9100_S1_tower1/9100_S1_tower1_00007"},{"time":1.1666,"name":"9100_S1_tower1/9100_S1_tower1_00009"},{"time":1.2,"name":"9100_S1_tower1/9100_S1_tower1_00011"},{"time":1.2333,"name":"9100_S1_tower1/9100_S1_tower1_00013"},{"time":1.2666,"name":"9100_S1_tower1/9100_S1_tower1_00015"},{"time":1.3,"name":"9100_S1_tower1/9100_S1_tower1_00017"},{"time":1.3333,"name":"9100_S1_tower1/9100_S1_tower1_00005"},{"time":1.3666,"name":"9100_S1_tower1/9100_S1_tower1_00007"},{"time":1.4,"name":"9100_S1_tower1/9100_S1_tower1_00009"},{"time":1.4333,"name":"9100_S1_tower1/9100_S1_tower1_00011"},{"time":1.4666,"name":"9100_S1_tower1/9100_S1_tower1_00013"},{"time":1.5,"name":"9100_S1_tower1/9100_S1_tower1_00015"},{"time":1.5333,"name":"9100_S1_tower1/9100_S1_tower1_00017"},{"time":1.5666,"name":"9100_S1_tower1/9100_S1_tower1_00005"},{"time":1.6,"name":"9100_S1_tower1/9100_S1_tower1_00007"},{"time":1.6333,"name":"9100_S1_tower1/9100_S1_tower1_00009"},{"time":1.6666,"name":"9100_S1_tower1/9100_S1_tower1_00013"},{"time":1.7,"name":"9100_S1_tower1/9100_S1_tower1_00015"},{"time":1.7333,"name":"9100_S1_tower1/9100_S1_tower1_00017"},{"time":1.7666,"name":"9100_S1_tower1/9100_S1_tower1_00005"},{"time":1.8,"name":"9100_S1_tower1/9100_S1_tower1_00007"},{"time":1.8333,"name":"9100_S1_tower1/9100_S1_tower1_00009"},{"time":1.8666,"name":"9100_S1_tower1/9100_S1_tower1_00011"},{"time":1.9,"name":"9100_S1_tower1/9100_S1_tower1_00013"},{"time":1.9333,"name":"9100_S1_tower1/9100_S1_tower1_00015"},{"time":1.9666,"name":"9100_S1_tower1/9100_S1_tower1_00017"},{"time":2,"name":"9100_S1_tower1/9100_S1_tower1_00005"},{"time":2.0333,"name":"9100_S1_tower1/9100_S1_tower1_00007"},{"time":2.0666,"name":"9100_S1_tower1/9100_S1_tower1_00009"},{"time":2.1,"name":"9100_S1_tower1/9100_S1_tower1_00011"},{"time":2.1333,"name":"9100_S1_tower1/9100_S1_tower1_00013"},{"time":2.1666,"name":"9100_S1_tower1/9100_S1_tower1_00015"},{"time":2.2,"name":"9100_S1_tower1/9100_S1_tower1_00017"},{"time":2.2333,"name":"9100_S1_tower1/9100_S1_tower1_00005"},{"time":2.2666,"name":"9100_S1_tower1/9100_S1_tower1_00007"},{"time":2.3,"name":"9100_S1_tower1/9100_S1_tower1_00009"},{"time":2.3333,"name":"9100_S1_tower1/9100_S1_tower1_00011"},{"time":2.3666,"name":"9100_S1_tower1/9100_S1_tower1_00013"},{"time":2.4,"name":"9100_S1_tower1/9100_S1_tower1_00015"},{"time":2.4333,"name":"9100_S1_tower1/9100_S1_tower1_00017"},{"time":2.4666,"name":null}],"color":[{"time":0.6333,"color":"ffffffb6"}]},"9100_S1_wing1/9100_S1_wing1_00003":{"attachment":[{"time":0.1666,"name":"9100_S1_wing1/9100_S1_wing1_00003"},{"time":0.2,"name":"9100_S1_wing1/9100_S1_wing1_00004"},{"time":0.2333,"name":"9100_S1_wing1/9100_S1_wing1_00005"},{"time":0.2666,"name":"9100_S1_wing1/9100_S1_wing1_00006"},{"time":0.3,"name":"9100_S1_wing1/9100_S1_wing1_00007"},{"time":0.3333,"name":"9100_S1_wing1/9100_S1_wing1_00008"},{"time":0.3666,"name":"9100_S1_wing1/9100_S1_wing1_00009"},{"time":0.4,"name":"9100_S1_wing1/9100_S1_wing1_00010"},{"time":0.4333,"name":"9100_S1_wing1/9100_S1_wing1_00011"},{"time":0.4666,"name":"9100_S1_wing1/9100_S1_wing1_00012"},{"time":0.5,"name":"9100_S1_wing1/9100_S1_wing1_00013"},{"time":0.5333,"name":"9100_S1_wing1/9100_S1_wing1_00014"},{"time":0.5666,"name":"9100_S1_wing1/9100_S1_wing1_00015"},{"time":0.6,"name":"9100_S1_wing1/9100_S1_wing1_00016"},{"time":0.6333,"name":"9100_S1_wing1/9100_S1_wing1_00017"},{"time":0.6666,"name":"9100_S1_wing1/9100_S1_wing1_00018"},{"time":0.7,"name":"9100_S1_wing1/9100_S1_wing1_00019"},{"time":0.7333,"name":"9100_S1_wing1/9100_S1_wing1_00020"},{"time":0.7666,"name":"9100_S1_wing1/9100_S1_wing1_00021"},{"time":0.8,"name":"9100_S1_wing1/9100_S1_wing1_00022"},{"time":0.8333,"name":"9100_S1_wing1/9100_S1_wing1_00023"},{"time":0.8666,"name":"9100_S1_wing1/9100_S1_wing1_00024"},{"time":0.9,"name":"9100_S1_wing1/9100_S1_wing1_00025"},{"time":0.9333,"name":"9100_S1_wing1/9100_S1_wing1_00026"},{"time":0.9666,"name":"9100_S1_wing1/9100_S1_wing1_00027"},{"time":1,"name":"9100_S1_wing1/9100_S1_wing1_00028"},{"time":1.0333,"name":null}],"color":[{"time":0.1666,"color":"eeffe0ff"}]},"9100_S1_wing1/9100_S1_wing1_3":{"attachment":[{"time":0.1666,"name":"9100_S1_wing1/9100_S1_wing1_00003"},{"time":0.2,"name":"9100_S1_wing1/9100_S1_wing1_00004"},{"time":0.2333,"name":"9100_S1_wing1/9100_S1_wing1_00005"},{"time":0.2666,"name":"9100_S1_wing1/9100_S1_wing1_00006"},{"time":0.3,"name":"9100_S1_wing1/9100_S1_wing1_00007"},{"time":0.3333,"name":"9100_S1_wing1/9100_S1_wing1_00008"},{"time":0.3666,"name":"9100_S1_wing1/9100_S1_wing1_00009"},{"time":0.4,"name":"9100_S1_wing1/9100_S1_wing1_00010"},{"time":0.4333,"name":"9100_S1_wing1/9100_S1_wing1_00011"},{"time":0.4666,"name":"9100_S1_wing1/9100_S1_wing1_00012"},{"time":0.5,"name":"9100_S1_wing1/9100_S1_wing1_00013"},{"time":0.5333,"name":"9100_S1_wing1/9100_S1_wing1_00014"},{"time":0.5666,"name":"9100_S1_wing1/9100_S1_wing1_00015"},{"time":0.6,"name":"9100_S1_wing1/9100_S1_wing1_00016"},{"time":0.6333,"name":"9100_S1_wing1/9100_S1_wing1_00017"},{"time":0.6666,"name":"9100_S1_wing1/9100_S1_wing1_00018"},{"time":0.7,"name":"9100_S1_wing1/9100_S1_wing1_00019"},{"time":0.7333,"name":"9100_S1_wing1/9100_S1_wing1_00020"},{"time":0.7666,"name":"9100_S1_wing1/9100_S1_wing1_00021"},{"time":0.8,"name":"9100_S1_wing1/9100_S1_wing1_00022"},{"time":0.8333,"name":"9100_S1_wing1/9100_S1_wing1_00023"},{"time":0.8666,"name":"9100_S1_wing1/9100_S1_wing1_00024"},{"time":0.9,"name":"9100_S1_wing1/9100_S1_wing1_00025"},{"time":0.9333,"name":"9100_S1_wing1/9100_S1_wing1_00026"},{"time":0.9666,"name":"9100_S1_wing1/9100_S1_wing1_00027"},{"time":1,"name":"9100_S1_wing1/9100_S1_wing1_00028"},{"time":1.0333,"name":null}]},"9100_S2_dome2/9100_S2_dome2_00002":{"attachment":[{"time":0.3333,"name":"9100_S2_dome2/9100_S2_dome2_00005"},{"time":0.3666,"name":"9100_S2_dome2/9100_S2_dome2_00006"},{"time":0.4,"name":"9100_S2_dome2/9100_S2_dome2_00007"},{"time":0.4333,"name":"9100_S2_dome2/9100_S2_dome2_00009"},{"time":0.4666,"name":"9100_S2_dome2/9100_S2_dome2_00010"},{"time":0.5,"name":"9100_S2_dome2/9100_S2_dome2_00011"},{"time":0.5333,"name":"9100_S2_dome2/9100_S2_dome2_00013"},{"time":0.5666,"name":"9100_S2_dome2/9100_S2_dome2_00014"},{"time":0.6,"name":"9100_S2_dome2/9100_S2_dome2_00016"},{"time":0.6333,"name":"9100_S2_dome2/9100_S2_dome2_00017"},{"time":0.6666,"name":"9100_S2_dome2/9100_S2_dome2_00018"},{"time":0.7,"name":null},{"time":0.8,"name":"9100_S2_dome2/9100_S2_dome2_00005"},{"time":0.8333,"name":"9100_S2_dome2/9100_S2_dome2_00006"},{"time":0.8666,"name":"9100_S2_dome2/9100_S2_dome2_00007"},{"time":0.9,"name":"9100_S2_dome2/9100_S2_dome2_00009"},{"time":0.9333,"name":"9100_S2_dome2/9100_S2_dome2_00010"},{"time":0.9666,"name":"9100_S2_dome2/9100_S2_dome2_00011"},{"time":1,"name":"9100_S2_dome2/9100_S2_dome2_00013"},{"time":1.0333,"name":"9100_S2_dome2/9100_S2_dome2_00014"},{"time":1.0666,"name":"9100_S2_dome2/9100_S2_dome2_00016"},{"time":1.1,"name":"9100_S2_dome2/9100_S2_dome2_00017"},{"time":1.1333,"name":"9100_S2_dome2/9100_S2_dome2_00018"},{"time":1.1666,"name":null},{"time":1.2666,"name":"9100_S2_dome2/9100_S2_dome2_00005"},{"time":1.3,"name":"9100_S2_dome2/9100_S2_dome2_00006"},{"time":1.3333,"name":"9100_S2_dome2/9100_S2_dome2_00007"},{"time":1.3666,"name":"9100_S2_dome2/9100_S2_dome2_00009"},{"time":1.4,"name":"9100_S2_dome2/9100_S2_dome2_00010"},{"time":1.4333,"name":"9100_S2_dome2/9100_S2_dome2_00011"},{"time":1.4666,"name":"9100_S2_dome2/9100_S2_dome2_00013"},{"time":1.5,"name":"9100_S2_dome2/9100_S2_dome2_00014"},{"time":1.5333,"name":"9100_S2_dome2/9100_S2_dome2_00016"},{"time":1.5666,"name":"9100_S2_dome2/9100_S2_dome2_00017"},{"time":1.6,"name":"9100_S2_dome2/9100_S2_dome2_00018"},{"time":1.6333,"name":null},{"time":1.7,"name":"9100_S2_dome2/9100_S2_dome2_00005"},{"time":1.7333,"name":"9100_S2_dome2/9100_S2_dome2_00006"},{"time":1.7666,"name":"9100_S2_dome2/9100_S2_dome2_00007"},{"time":1.8,"name":"9100_S2_dome2/9100_S2_dome2_00009"},{"time":1.8333,"name":"9100_S2_dome2/9100_S2_dome2_00010"},{"time":1.8666,"name":"9100_S2_dome2/9100_S2_dome2_00011"},{"time":1.9,"name":"9100_S2_dome2/9100_S2_dome2_00013"},{"time":1.9333,"name":"9100_S2_dome2/9100_S2_dome2_00014"},{"time":1.9666,"name":"9100_S2_dome2/9100_S2_dome2_00016"},{"time":2,"name":"9100_S2_dome2/9100_S2_dome2_00017"},{"time":2.0333,"name":"9100_S2_dome2/9100_S2_dome2_00018"},{"time":2.0666,"name":null},{"time":2.1666,"name":"9100_S2_dome2/9100_S2_dome2_00005"},{"time":2.2,"name":"9100_S2_dome2/9100_S2_dome2_00006"},{"time":2.2333,"name":"9100_S2_dome2/9100_S2_dome2_00007"},{"time":2.2666,"name":"9100_S2_dome2/9100_S2_dome2_00009"},{"time":2.3,"name":"9100_S2_dome2/9100_S2_dome2_00010"},{"time":2.3333,"name":"9100_S2_dome2/9100_S2_dome2_00011"},{"time":2.3666,"name":"9100_S2_dome2/9100_S2_dome2_00013"},{"time":2.4,"name":"9100_S2_dome2/9100_S2_dome2_00014"},{"time":2.4333,"name":"9100_S2_dome2/9100_S2_dome2_00016"},{"time":2.4666,"name":"9100_S2_dome2/9100_S2_dome2_00017"},{"time":2.5,"name":"9100_S2_dome2/9100_S2_dome2_00018"},{"time":2.5333,"name":null}]},"9100_S2_dome2/9100_S2_dome2_2":{"attachment":[{"time":0.5666,"name":"9100_S2_dome2/9100_S2_dome2_00005"},{"time":0.6,"name":"9100_S2_dome2/9100_S2_dome2_00006"},{"time":0.6333,"name":"9100_S2_dome2/9100_S2_dome2_00007"},{"time":0.6666,"name":"9100_S2_dome2/9100_S2_dome2_00009"},{"time":0.7,"name":"9100_S2_dome2/9100_S2_dome2_00010"},{"time":0.7333,"name":"9100_S2_dome2/9100_S2_dome2_00011"},{"time":0.7666,"name":"9100_S2_dome2/9100_S2_dome2_00013"},{"time":0.8,"name":"9100_S2_dome2/9100_S2_dome2_00014"},{"time":0.8333,"name":"9100_S2_dome2/9100_S2_dome2_00016"},{"time":0.8666,"name":"9100_S2_dome2/9100_S2_dome2_00017"},{"time":0.9,"name":"9100_S2_dome2/9100_S2_dome2_00018"},{"time":0.9333,"name":null},{"time":1.0333,"name":"9100_S2_dome2/9100_S2_dome2_00005"},{"time":1.0666,"name":"9100_S2_dome2/9100_S2_dome2_00006"},{"time":1.1,"name":"9100_S2_dome2/9100_S2_dome2_00007"},{"time":1.1333,"name":"9100_S2_dome2/9100_S2_dome2_00009"},{"time":1.1666,"name":"9100_S2_dome2/9100_S2_dome2_00010"},{"time":1.2,"name":"9100_S2_dome2/9100_S2_dome2_00011"},{"time":1.2333,"name":"9100_S2_dome2/9100_S2_dome2_00013"},{"time":1.2666,"name":"9100_S2_dome2/9100_S2_dome2_00014"},{"time":1.3,"name":"9100_S2_dome2/9100_S2_dome2_00016"},{"time":1.3333,"name":"9100_S2_dome2/9100_S2_dome2_00017"},{"time":1.3666,"name":"9100_S2_dome2/9100_S2_dome2_00018"},{"time":1.4,"name":null},{"time":1.5,"name":"9100_S2_dome2/9100_S2_dome2_00005"},{"time":1.5333,"name":"9100_S2_dome2/9100_S2_dome2_00006"},{"time":1.5666,"name":"9100_S2_dome2/9100_S2_dome2_00007"},{"time":1.6,"name":"9100_S2_dome2/9100_S2_dome2_00009"},{"time":1.6333,"name":"9100_S2_dome2/9100_S2_dome2_00010"},{"time":1.6666,"name":"9100_S2_dome2/9100_S2_dome2_00013"},{"time":1.7,"name":"9100_S2_dome2/9100_S2_dome2_00014"},{"time":1.7333,"name":"9100_S2_dome2/9100_S2_dome2_00016"},{"time":1.7666,"name":"9100_S2_dome2/9100_S2_dome2_00017"},{"time":1.8,"name":"9100_S2_dome2/9100_S2_dome2_00018"},{"time":1.8333,"name":null},{"time":1.9333,"name":"9100_S2_dome2/9100_S2_dome2_00005"},{"time":1.9666,"name":"9100_S2_dome2/9100_S2_dome2_00006"},{"time":2,"name":"9100_S2_dome2/9100_S2_dome2_00007"},{"time":2.0333,"name":"9100_S2_dome2/9100_S2_dome2_00009"},{"time":2.0666,"name":"9100_S2_dome2/9100_S2_dome2_00010"},{"time":2.1,"name":"9100_S2_dome2/9100_S2_dome2_00011"},{"time":2.1333,"name":"9100_S2_dome2/9100_S2_dome2_00013"},{"time":2.1666,"name":"9100_S2_dome2/9100_S2_dome2_00014"},{"time":2.2,"name":"9100_S2_dome2/9100_S2_dome2_00016"},{"time":2.2333,"name":"9100_S2_dome2/9100_S2_dome2_00017"},{"time":2.2666,"name":"9100_S2_dome2/9100_S2_dome2_00018"},{"time":2.3,"name":null},{"time":2.3666,"name":"9100_S2_dome2/9100_S2_dome2_00005"},{"time":2.4,"name":"9100_S2_dome2/9100_S2_dome2_00006"},{"time":2.4333,"name":"9100_S2_dome2/9100_S2_dome2_00007"},{"time":2.4666,"name":"9100_S2_dome2/9100_S2_dome2_00009"},{"time":2.5,"name":"9100_S2_dome2/9100_S2_dome2_00010"},{"time":2.5333,"name":"9100_S2_dome2/9100_S2_dome2_00013"},{"time":2.5666,"name":"9100_S2_dome2/9100_S2_dome2_00014"},{"time":2.6,"name":"9100_S2_dome2/9100_S2_dome2_00016"},{"time":2.6333,"name":"9100_S2_dome2/9100_S2_dome2_00017"},{"time":2.6666,"name":"9100_S2_dome2/9100_S2_dome2_00018"},{"time":2.7,"name":null}]},"DAMAGEAREA":{"attachment":[{"time":0.3,"name":"DAMAGEAREA"},{"time":2.4,"name":null}]}},"bones":{"S1_tower1":{"translate":[{"time":0.1333,"x":-1217.31,"y":320.51}],"scale":[{"time":0.1333,"x":5.991,"y":8.99},{"time":0.2666,"x":10.921,"y":8.99},{"time":0.4666,"x":14.515,"y":8.99},{"time":0.6333,"x":16.444,"y":8.99}]},"S1_tower2":{"translate":[{"time":0.6333,"x":-1217.31,"y":320.5}],"scale":[{"time":0.6333,"x":16.444,"y":8.99}]},"S2_dome2":{"scale":[{"time":0.3333,"x":1.594,"y":2.102},{"time":0.6666,"x":2.227,"y":2.102,"curve":"stepped"},{"time":0.8,"x":1.594,"y":2.102},{"time":1.1333,"x":2.227,"y":2.102,"curve":"stepped"},{"time":1.2666,"x":1.594,"y":2.102},{"time":1.6,"x":2.227,"y":2.102,"curve":"stepped"},{"time":1.7,"x":1.594,"y":2.102},{"time":2.0333,"x":2.227,"y":2.102,"curve":"stepped"},{"time":2.1666,"x":1.594,"y":2.102},{"time":2.5,"x":2.227,"y":2.102}]},"S2_dome2_root":{"translate":[{"time":0.3333,"x":-1411.87,"y":61.02}],"scale":[{"time":0.3333,"x":2.227,"y":2.102}]},"S2_dome4":{"scale":[{"time":0.5666,"x":1.594,"y":2.102},{"time":0.9,"x":2.227,"y":2.102,"curve":"stepped"},{"time":1.0333,"x":1.594,"y":2.102},{"time":1.3666,"x":2.227,"y":2.102,"curve":"stepped"},{"time":1.5,"x":1.594,"y":2.102},{"time":1.8,"x":2.227,"y":2.102,"curve":"stepped"},{"time":1.9333,"x":1.594,"y":2.102},{"time":2.2666,"x":2.227,"y":2.102,"curve":"stepped"},{"time":2.3666,"x":1.594,"y":2.102},{"time":2.6666,"x":2.669,"y":2.52}]},"S1_wing1":{"translate":[{"time":0.1666,"x":-1254.33,"y":-10.89},{"time":0.4,"x":-1254.33,"y":7},{"time":0.8333,"x":-1254.33,"y":11.5}],"scale":[{"time":0.1666,"x":2,"y":2},{"time":0.4,"x":4.353,"y":5.408},{"time":0.8333,"x":3.96,"y":4.187}]},"S1_wing2":{"rotate":[{"time":0.4666,"angle":0},{"time":1.0333,"angle":-8.41}],"translate":[{"time":0.1666,"x":-1254.33,"y":-10.89},{"time":0.4666,"x":-1254.33,"y":83.89},{"time":1.0333,"x":-1269.24,"y":190.17}],"scale":[{"time":0.1666,"x":-2,"y":2},{"time":0.4666,"x":-4.587,"y":4.416},{"time":1.0333,"x":-5.014,"y":8.759}]},"MAIN":{"translate":[{"time":0,"x":-392.8,"y":74.99}]},"DAMAGEAREA":{"translate":[{"time":0.3,"x":0,"y":158.72}],"scale":[{"time":0.3,"x":3.592,"y":3.273}]}},"drawOrder":[{"time":0.3,"offsets":[{"slot":"9100_S1_tower1/9100_S1_tower1_00000","offset":-5},{"slot":"9100_S1_tower1/9100_S1_tower1_0","offset":-5}]}],"events":[{"time":0.0666,"name":"EFEvent","string":"setZorder(100)"},{"time":0.1,"name":"EFEvent","string":"setPosition_Target"},{"time":0.1333,"name":"EFEvent","float":0.2,"string":"kHitStopType-enemyonly"},{"time":0.1666,"name":"EFEvent","int":1,"string":"setPositionY_Target"},{"time":0.2333,"name":"sound","string":"cri_se_battle_032_explosion_04"},{"time":0.3,"name":"sound","string":"cri_se_battle_031_explosion_03"},{"time":0.3666,"name":"EFHit","string":"resetHitList"},{"time":0.4666,"name":"EFHit","string":"resetHitList"},{"time":0.5666,"name":"EFHit","string":"resetHitList"},{"time":0.5666,"name":"sound","string":"cri_se_battle_031_explosion_03"},{"time":0.6666,"name":"EFHit","string":"resetHitList"},{"time":0.7666,"name":"EFHit","string":"resetHitList"},{"time":0.8333,"name":"sound","string":"cri_se_battle_031_explosion_03"},{"time":0.8666,"name":"EFHit","string":"resetHitList"},{"time":0.9666,"name":"EFHit","string":"resetHitList"},{"time":1.0666,"name":"EFHit","string":"resetHitList"},{"time":1.1,"name":"sound","string":"cri_se_battle_031_explosion_03"},{"time":1.1666,"name":"EFHit","string":"resetHitList"},{"time":1.2666,"name":"EFHit","string":"resetHitList"},{"time":1.3666,"name":"EFHit","string":"resetHitList"},{"time":1.3666,"name":"sound","string":"cri_se_battle_031_explosion_03"},{"time":1.4666,"name":"EFHit","string":"resetHitList"},{"time":1.5666,"name":"EFHit","string":"resetHitList"},{"time":1.6333,"name":"sound","string":"cri_se_battle_031_explosion_03"},{"time":1.6666,"name":"EFHit","string":"resetHitList"},{"time":1.7666,"name":"EFHit","string":"resetHitList"},{"time":1.8666,"name":"EFHit","string":"resetHitList"},{"time":1.9,"name":"sound","string":"cri_se_battle_031_explosion_03"},{"time":1.9666,"name":"EFHit","string":"resetHitList"},{"time":2.0666,"name":"EFHit","string":"resetHitList"},{"time":2.1666,"name":"EFHit","string":"resetHitList"},{"time":2.1666,"name":"sound","string":"cri_se_battle_031_explosion_03"},{"time":2.2666,"name":"EFHit","string":"resetHitList"}]}}}