{"skeleton":{"hash":"SAPVEWzWzJykwNbvWWJWI/T5TMA","spine":"3.0.12","width":0,"height":0},"bones":[{"name":"root"},{"name":"MAIN","parent":"root"},{"name":"610_S2_water1_4","parent":"MAIN","x":814.97,"y":119.97,"scaleX":2,"scaleY":2},{"name":"610_S2_water1_3","parent":"MAIN","x":756.97,"y":119.97,"scaleX":2,"scaleY":2},{"name":"610_S2_water1_2","parent":"MAIN","x":691.72,"y":119.97,"scaleX":2,"scaleY":2},{"name":"610_S2_water1_1","parent":"MAIN","x":632.27,"y":119.97,"scaleX":2,"scaleY":2},{"name":"110_S2_ice2_5","parent":"MAIN","x":1154.14,"y":30.77},{"name":"110_S2_ice2_4","parent":"MAIN","x":1084.34,"y":30.77},{"name":"110_S2_ice2_3","parent":"MAIN","x":1002.22,"y":30.77},{"name":"110_S2_ice2_2","parent":"MAIN","x":918.42,"y":30.77},{"name":"110_S2_ice2_1","parent":"MAIN","x":837.97,"y":30.77},{"name":"110_S2_ice1_3","parent":"MAIN","x":1193.59,"y":290.4},{"name":"110_S2_ice1_2","parent":"MAIN","x":1099.73,"y":290.4},{"name":"110_S2_ice1_1","parent":"MAIN","x":1010.9,"y":290.4},{"name":"110_S1_icebreak1_4","parent":"MAIN","x":643.9,"y":374.42},{"name":"110_S1_icebreak1_3","parent":"MAIN","x":543.13,"y":376.56},{"name":"110_S1_icebreak1_2","parent":"MAIN","x":639.61,"y":466.61},{"name":"110_S1_icebreak1_1","parent":"MAIN","x":536.7,"y":466.61},{"name":"110_S1_ice1_4","parent":"MAIN","x":565.09,"y":216.49},{"name":"110_S1_ice1_3","parent":"MAIN","x":496.36,"y":216.49},{"name":"110_S1_ice1_2","parent":"MAIN","x":422.19,"y":216.49},{"name":"110_S1_ice1_1","parent":"MAIN","x":346.45,"y":216.49},{"name":"110_S1_ex1_4","parent":"MAIN","x":413.12,"y":399.59,"scaleX":2,"scaleY":2},{"name":"110_S1_ex1_3","parent":"MAIN","x":333.86,"y":409.44,"scaleX":2,"scaleY":2},{"name":"110_S1_ex1_2","parent":"MAIN","x":389.74,"y":484.61,"scaleX":2,"scaleY":2},{"name":"110_S1_ex1_1","parent":"MAIN","x":302.91,"y":491.85,"scaleX":2,"scaleY":2},{"name":"DAMAGEAREA","parent":"root"}],"slots":[{"name":"110_S1_ice1_4","bone":"110_S1_ice1_4","blend":"additive"},{"name":"110_S1_ice1_3","bone":"110_S1_ice1_3","blend":"additive"},{"name":"110_S1_ice1_2","bone":"110_S1_ice1_2","blend":"additive"},{"name":"110_S1_ice1_1","bone":"110_S1_ice1_1","blend":"additive"},{"name":"110_S1_ex1_1","bone":"110_S1_ex1_1","blend":"additive"},{"name":"110_S1_ex1_2","bone":"110_S1_ex1_2","blend":"additive"},{"name":"110_S1_ex1_3","bone":"110_S1_ex1_3","blend":"additive"},{"name":"110_S1_ex1_4","bone":"110_S1_ex1_4","blend":"additive"},{"name":"110_S1_icebreak1_1","bone":"110_S1_icebreak1_1","blend":"additive"},{"name":"110_S1_icebreak1_2","bone":"110_S1_icebreak1_2","blend":"additive"},{"name":"110_S1_icebreak1_3","bone":"110_S1_icebreak1_3","blend":"additive"},{"name":"110_S1_icebreak1_4","bone":"110_S1_icebreak1_4","blend":"additive"},{"name":"110_S2_ice1_1","bone":"110_S2_ice1_1","blend":"additive"},{"name":"110_S2_ice1_2","bone":"110_S2_ice1_2","blend":"additive"},{"name":"110_S2_ice1_3","bone":"110_S2_ice1_3","blend":"additive"},{"name":"110_S2_ice2_1","bone":"110_S2_ice2_1","blend":"additive"},{"name":"110_S2_ice2_2","bone":"110_S2_ice2_2","blend":"additive"},{"name":"110_S2_ice2_3","bone":"110_S2_ice2_3","blend":"additive"},{"name":"110_S2_ice2_4","bone":"110_S2_ice2_4","blend":"additive"},{"name":"110_S2_ice2_5","bone":"110_S2_ice2_5","blend":"additive"},{"name":"610_S2_water1_1","bone":"610_S2_water1_1","blend":"additive"},{"name":"610_S2_water1_2","bone":"610_S2_water1_2","blend":"additive"},{"name":"610_S2_water1_3","bone":"610_S2_water1_3","blend":"additive"},{"name":"610_S2_water1_4","bone":"610_S2_water1_4","blend":"additive"},{"name":"DAMAGEAREA","bone":"DAMAGEAREA"}],"skins":{"default":{"110_S1_ex1_1":{"110_S1_ex1/110_S1_ex1_00000":{"x":-5.32,"y":35.11,"width":250,"height":250},"110_S1_ex1/110_S1_ex1_00002":{"x":-5.32,"y":35.11,"width":250,"height":250},"110_S1_ex1/110_S1_ex1_00004":{"x":-5.32,"y":35.11,"width":250,"height":250},"110_S1_ex1/110_S1_ex1_00006":{"x":-5.32,"y":35.11,"width":250,"height":250},"110_S1_ex1/110_S1_ex1_00008":{"x":-5.32,"y":35.11,"width":250,"height":250},"110_S1_ex1/110_S1_ex1_00010":{"x":-5.32,"y":35.11,"width":250,"height":250}},"110_S1_ex1_2":{"110_S1_ex1/110_S1_ex1_00000":{"x":-5.32,"y":35.11,"width":250,"height":250},"110_S1_ex1/110_S1_ex1_00002":{"x":-5.32,"y":35.11,"width":250,"height":250},"110_S1_ex1/110_S1_ex1_00004":{"x":-5.32,"y":35.11,"width":250,"height":250},"110_S1_ex1/110_S1_ex1_00006":{"x":-5.32,"y":35.11,"width":250,"height":250},"110_S1_ex1/110_S1_ex1_00008":{"x":-5.32,"y":35.11,"width":250,"height":250},"110_S1_ex1/110_S1_ex1_00010":{"x":-5.32,"y":35.11,"width":250,"height":250}},"110_S1_ex1_3":{"110_S1_ex1/110_S1_ex1_00000":{"x":-5.32,"y":35.11,"width":250,"height":250},"110_S1_ex1/110_S1_ex1_00002":{"x":-5.32,"y":35.11,"width":250,"height":250},"110_S1_ex1/110_S1_ex1_00004":{"x":-5.32,"y":35.11,"width":250,"height":250},"110_S1_ex1/110_S1_ex1_00006":{"x":-5.32,"y":35.11,"width":250,"height":250},"110_S1_ex1/110_S1_ex1_00008":{"x":-5.32,"y":35.11,"width":250,"height":250},"110_S1_ex1/110_S1_ex1_00010":{"x":-5.32,"y":35.11,"width":250,"height":250}},"110_S1_ex1_4":{"110_S1_ex1/110_S1_ex1_00000":{"x":-5.32,"y":35.11,"width":250,"height":250},"110_S1_ex1/110_S1_ex1_00002":{"x":-5.32,"y":35.11,"width":250,"height":250},"110_S1_ex1/110_S1_ex1_00004":{"x":-5.32,"y":35.11,"width":250,"height":250},"110_S1_ex1/110_S1_ex1_00006":{"x":-5.32,"y":35.11,"width":250,"height":250},"110_S1_ex1/110_S1_ex1_00008":{"x":-5.32,"y":35.11,"width":250,"height":250},"110_S1_ex1/110_S1_ex1_00010":{"x":-5.32,"y":35.11,"width":250,"height":250}},"110_S1_ice1_1":{"110_S1_ice1/110_S1_ice1_00000":{"x":3.63,"y":41.25,"width":500,"height":500},"110_S1_ice2/110_S1_ice2_00000":{"x":3.63,"y":41.25,"width":500,"height":500}},"110_S1_ice1_2":{"110_S1_ice1/110_S1_ice1_00000":{"x":3.63,"y":41.25,"width":500,"height":500},"110_S1_ice2/110_S1_ice2_00000":{"x":3.63,"y":41.25,"width":500,"height":500}},"110_S1_ice1_3":{"110_S1_ice1/110_S1_ice1_00000":{"x":3.63,"y":41.25,"width":500,"height":500},"110_S1_ice2/110_S1_ice2_00000":{"x":3.63,"y":41.25,"width":500,"height":500}},"110_S1_ice1_4":{"110_S1_ice1/110_S1_ice1_00000":{"x":3.63,"y":41.25,"width":500,"height":500},"110_S1_ice2/110_S1_ice2_00000":{"x":3.63,"y":41.25,"width":500,"height":500}},"110_S1_icebreak1_1":{"110_S1_icebreak1/110_S1_icebreak1_00000":{"x":14.71,"y":39.33,"width":500,"height":500},"110_S1_icebreak1/110_S1_icebreak1_00002":{"x":14.71,"y":39.33,"width":500,"height":500},"110_S1_icebreak1/110_S1_icebreak1_00004":{"x":14.71,"y":39.33,"width":500,"height":500}},"110_S1_icebreak1_2":{"110_S1_icebreak1/110_S1_icebreak1_00000":{"x":14.71,"y":39.33,"width":500,"height":500},"110_S1_icebreak1/110_S1_icebreak1_00002":{"x":14.71,"y":39.33,"width":500,"height":500},"110_S1_icebreak1/110_S1_icebreak1_00004":{"x":14.71,"y":39.33,"width":500,"height":500}},"110_S1_icebreak1_3":{"110_S1_icebreak1/110_S1_icebreak1_00000":{"x":14.71,"y":39.33,"width":500,"height":500},"110_S1_icebreak1/110_S1_icebreak1_00002":{"x":14.71,"y":39.33,"width":500,"height":500},"110_S1_icebreak1/110_S1_icebreak1_00004":{"x":14.71,"y":39.33,"width":500,"height":500}},"110_S1_icebreak1_4":{"110_S1_icebreak1/110_S1_icebreak1_00000":{"x":14.71,"y":39.33,"width":500,"height":500},"110_S1_icebreak1/110_S1_icebreak1_00002":{"x":14.71,"y":39.33,"width":500,"height":500},"110_S1_icebreak1/110_S1_icebreak1_00004":{"x":14.71,"y":39.33,"width":500,"height":500}},"110_S2_ice1_1":{"110_S2_ice1/110_S2_ice1_00000":{"x":-9.68,"y":16.94,"width":500,"height":500}},"110_S2_ice1_2":{"110_S2_ice1/110_S2_ice1_00000":{"x":-9.68,"y":16.94,"width":500,"height":500}},"110_S2_ice1_3":{"110_S2_ice1/110_S2_ice1_00000":{"x":-9.68,"y":16.94,"width":500,"height":500}},"110_S2_ice2_1":{"110_S2_ice2/110_S2_ice2_00000":{"x":-9.68,"y":9.68,"width":500,"height":500}},"110_S2_ice2_2":{"110_S2_ice2/110_S2_ice2_00000":{"x":-9.68,"y":9.68,"width":500,"height":500}},"110_S2_ice2_3":{"110_S2_ice2/110_S2_ice2_00000":{"x":-9.68,"y":9.68,"width":500,"height":500}},"110_S2_ice2_4":{"110_S2_ice2/110_S2_ice2_00000":{"x":-9.68,"y":9.68,"width":500,"height":500}},"110_S2_ice2_5":{"110_S2_ice2/110_S2_ice2_00000":{"x":-9.68,"y":9.68,"width":500,"height":500}},"610_S2_water1_1":{"610_S2_water1/610_S2_water1_00000":{"x":-1.53,"y":13.39,"width":250,"height":250},"610_S2_water1/610_S2_water1_00002":{"x":-1.53,"y":13.39,"width":250,"height":250},"610_S2_water1/610_S2_water1_00004":{"x":-1.53,"y":13.39,"width":250,"height":250},"610_S2_water1/610_S2_water1_00006":{"x":-1.53,"y":13.39,"width":250,"height":250},"610_S2_water1/610_S2_water1_00010":{"x":-1.53,"y":13.39,"width":250,"height":250},"610_S2_water1/610_S2_water1_00012":{"x":-1.53,"y":13.39,"width":250,"height":250}},"610_S2_water1_2":{"610_S2_water1/610_S2_water1_00000":{"x":-1.53,"y":13.39,"width":250,"height":250},"610_S2_water1/610_S2_water1_00002":{"x":-1.53,"y":13.39,"width":250,"height":250},"610_S2_water1/610_S2_water1_00004":{"x":-1.53,"y":13.39,"width":250,"height":250},"610_S2_water1/610_S2_water1_00006":{"x":-1.53,"y":13.39,"width":250,"height":250},"610_S2_water1/610_S2_water1_00010":{"x":-1.53,"y":13.39,"width":250,"height":250},"610_S2_water1/610_S2_water1_00012":{"x":-1.53,"y":13.39,"width":250,"height":250}},"610_S2_water1_3":{"610_S2_water1/610_S2_water1_00000":{"x":-1.53,"y":13.39,"width":250,"height":250},"610_S2_water1/610_S2_water1_00002":{"x":-1.53,"y":13.39,"width":250,"height":250},"610_S2_water1/610_S2_water1_00004":{"x":-1.53,"y":13.39,"width":250,"height":250},"610_S2_water1/610_S2_water1_00006":{"x":-1.53,"y":13.39,"width":250,"height":250},"610_S2_water1/610_S2_water1_00010":{"x":-1.53,"y":13.39,"width":250,"height":250},"610_S2_water1/610_S2_water1_00012":{"x":-1.53,"y":13.39,"width":250,"height":250}},"610_S2_water1_4":{"610_S2_water1/610_S2_water1_00000":{"x":-1.53,"y":13.39,"width":250,"height":250},"610_S2_water1/610_S2_water1_00002":{"x":-1.53,"y":13.39,"width":250,"height":250},"610_S2_water1/610_S2_water1_00004":{"x":-1.53,"y":13.39,"width":250,"height":250},"610_S2_water1/610_S2_water1_00006":{"x":-1.53,"y":13.39,"width":250,"height":250},"610_S2_water1/610_S2_water1_00010":{"x":-1.53,"y":13.39,"width":250,"height":250},"610_S2_water1/610_S2_water1_00012":{"x":-1.53,"y":13.39,"width":250,"height":250}},"DAMAGEAREA":{"DAMAGEAREA":{"type":"boundingbox","vertices":[-62.28872,-63.80222,62.35026,-63.80222,61.24728,65.24875,-64.49475,64.14578]}}}},"events":{"EFEvent":{},"Event":{},"Sound":{},"Sound1":{},"Sound2":{},"Sound3":{},"Sound4":{}},"animations":{"attack1":{"slots":{"110_S1_ex1_1":{"attachment":[{"time":0.5666,"name":"110_S1_ex1/110_S1_ex1_00000"},{"time":0.6,"name":"110_S1_ex1/110_S1_ex1_00002"},{"time":0.6666,"name":"110_S1_ex1/110_S1_ex1_00004"},{"time":0.7333,"name":"110_S1_ex1/110_S1_ex1_00006"},{"time":0.8,"name":"110_S1_ex1/110_S1_ex1_00008"},{"time":0.8666,"name":"110_S1_ex1/110_S1_ex1_00010"},{"time":0.9,"name":null}]},"110_S1_ex1_2":{"attachment":[{"time":0.6,"name":"110_S1_ex1/110_S1_ex1_00000"},{"time":0.6333,"name":"110_S1_ex1/110_S1_ex1_00002"},{"time":0.7,"name":"110_S1_ex1/110_S1_ex1_00004"},{"time":0.7666,"name":"110_S1_ex1/110_S1_ex1_00006"},{"time":0.8333,"name":"110_S1_ex1/110_S1_ex1_00008"},{"time":0.9,"name":"110_S1_ex1/110_S1_ex1_00010"},{"time":0.9333,"name":null}]},"110_S1_ex1_3":{"attachment":[{"time":0.6666,"name":"110_S1_ex1/110_S1_ex1_00000"},{"time":0.7,"name":"110_S1_ex1/110_S1_ex1_00002"},{"time":0.8,"name":"110_S1_ex1/110_S1_ex1_00006"},{"time":0.8666,"name":"110_S1_ex1/110_S1_ex1_00008"},{"time":0.9333,"name":"110_S1_ex1/110_S1_ex1_00010"},{"time":0.9666,"name":null}]},"110_S1_ex1_4":{"attachment":[{"time":0.7,"name":"110_S1_ex1/110_S1_ex1_00000"},{"time":0.7333,"name":"110_S1_ex1/110_S1_ex1_00002"},{"time":0.8,"name":"110_S1_ex1/110_S1_ex1_00004"},{"time":0.8666,"name":"110_S1_ex1/110_S1_ex1_00006"},{"time":0.9333,"name":"110_S1_ex1/110_S1_ex1_00008"},{"time":1,"name":"110_S1_ex1/110_S1_ex1_00010"},{"time":1.0333,"name":null}]},"110_S1_ice1_1":{"attachment":[{"time":0.1,"name":null},{"time":0.2,"name":"110_S1_ice2/110_S1_ice2_00000"},{"time":0.5666,"name":"110_S1_ice1/110_S1_ice1_00000"},{"time":0.6,"name":null}]},"110_S1_ice1_2":{"attachment":[{"time":0.2333,"name":"110_S1_ice2/110_S1_ice2_00000"},{"time":0.5666,"name":"110_S1_ice2/110_S1_ice2_00000"},{"time":0.6,"name":"110_S1_ice1/110_S1_ice1_00000"},{"time":0.6333,"name":null}]},"110_S1_ice1_3":{"attachment":[{"time":0.3,"name":"110_S1_ice2/110_S1_ice2_00000"},{"time":0.6666,"name":"110_S1_ice1/110_S1_ice1_00000"},{"time":0.7,"name":null}]},"110_S1_ice1_4":{"attachment":[{"time":0.3333,"name":"110_S1_ice2/110_S1_ice2_00000"},{"time":0.7,"name":"110_S1_ice1/110_S1_ice1_00000"},{"time":0.7333,"name":null}]},"110_S1_icebreak1_1":{"attachment":[{"time":0.5666,"name":"110_S1_icebreak1/110_S1_icebreak1_00000"},{"time":0.6333,"name":"110_S1_icebreak1/110_S1_icebreak1_00002"},{"time":0.7,"name":"110_S1_icebreak1/110_S1_icebreak1_00004"},{"time":0.8,"name":null}]},"110_S1_icebreak1_2":{"attachment":[{"time":0.6,"name":"110_S1_icebreak1/110_S1_icebreak1_00000"},{"time":0.6666,"name":"110_S1_icebreak1/110_S1_icebreak1_00002"},{"time":0.7333,"name":"110_S1_icebreak1/110_S1_icebreak1_00004"},{"time":0.8333,"name":null}]},"110_S1_icebreak1_3":{"attachment":[{"time":0.6666,"name":"110_S1_icebreak1/110_S1_icebreak1_00000"},{"time":0.7333,"name":"110_S1_icebreak1/110_S1_icebreak1_00002"},{"time":0.8,"name":"110_S1_icebreak1/110_S1_icebreak1_00004"},{"time":0.9,"name":null}]},"110_S1_icebreak1_4":{"attachment":[{"time":0.7,"name":"110_S1_icebreak1/110_S1_icebreak1_00000"},{"time":0.7666,"name":"110_S1_icebreak1/110_S1_icebreak1_00002"},{"time":0.8333,"name":"110_S1_icebreak1/110_S1_icebreak1_00004"},{"time":0.9333,"name":null}]},"110_S2_ice1_1":{"attachment":[{"time":0.1666,"name":"110_S2_ice1/110_S2_ice1_00000"},{"time":0.2666,"name":null},{"time":0.3666,"name":"110_S2_ice1/110_S2_ice1_00000"},{"time":0.4666,"name":null}]},"110_S2_ice1_2":{"attachment":[{"time":0.1333,"name":"110_S2_ice1/110_S2_ice1_00000"},{"time":0.2333,"name":null},{"time":0.3,"name":"110_S2_ice1/110_S2_ice1_00000"},{"time":0.4,"name":null}]},"110_S2_ice1_3":{"attachment":[{"time":0.2333,"name":"110_S2_ice1/110_S2_ice1_00000"},{"time":0.3333,"name":null},{"time":0.4333,"name":"110_S2_ice1/110_S2_ice1_00000"},{"time":0.5333,"name":null}]},"110_S2_ice2_1":{"attachment":[{"time":0.1,"name":"110_S2_ice2/110_S2_ice2_00000"},{"time":0.2,"name":null},{"time":0.2666,"name":"110_S2_ice2/110_S2_ice2_00000"},{"time":0.3666,"name":null},{"time":0.4333,"name":null}]},"110_S2_ice2_2":{"attachment":[{"time":0.1333,"name":"110_S2_ice2/110_S2_ice2_00000"},{"time":0.2333,"name":null},{"time":0.3,"name":"110_S2_ice2/110_S2_ice2_00000"},{"time":0.4,"name":null}]},"110_S2_ice2_3":{"attachment":[{"time":0.2333,"name":"110_S2_ice2/110_S2_ice2_00000"},{"time":0.3333,"name":null},{"time":0.4333,"name":"110_S2_ice2/110_S2_ice2_00000"},{"time":0.5333,"name":null}]},"110_S2_ice2_4":{"attachment":[{"time":0.1666,"name":"110_S2_ice2/110_S2_ice2_00000"},{"time":0.2666,"name":null},{"time":0.3666,"name":"110_S2_ice2/110_S2_ice2_00000"},{"time":0.4666,"name":null}]},"110_S2_ice2_5":{"attachment":[{"time":0.2,"name":"110_S2_ice2/110_S2_ice2_00000"},{"time":0.3,"name":null},{"time":0.4,"name":"110_S2_ice2/110_S2_ice2_00000"},{"time":0.5,"name":null}]},"610_S2_water1_1":{"attachment":[{"time":0.2,"name":"610_S2_water1/610_S2_water1_00000"},{"time":0.2666,"name":"610_S2_water1/610_S2_water1_00002"},{"time":0.3333,"name":"610_S2_water1/610_S2_water1_00004"},{"time":0.4,"name":"610_S2_water1/610_S2_water1_00006"},{"time":0.5333,"name":"610_S2_water1/610_S2_water1_00010"},{"time":0.6,"name":"610_S2_water1/610_S2_water1_00012"},{"time":0.6666,"name":null}]},"610_S2_water1_2":{"attachment":[{"time":0.2333,"name":"610_S2_water1/610_S2_water1_00000"},{"time":0.3,"name":"610_S2_water1/610_S2_water1_00002"},{"time":0.3666,"name":"610_S2_water1/610_S2_water1_00004"},{"time":0.4333,"name":"610_S2_water1/610_S2_water1_00006"},{"time":0.5666,"name":"610_S2_water1/610_S2_water1_00010"},{"time":0.6333,"name":"610_S2_water1/610_S2_water1_00012"},{"time":0.6666,"name":null}]},"610_S2_water1_3":{"attachment":[{"time":0.3,"name":"610_S2_water1/610_S2_water1_00000"},{"time":0.3666,"name":"610_S2_water1/610_S2_water1_00002"},{"time":0.4333,"name":"610_S2_water1/610_S2_water1_00004"},{"time":0.5,"name":"610_S2_water1/610_S2_water1_00006"},{"time":0.6333,"name":"610_S2_water1/610_S2_water1_00010"},{"time":0.7,"name":"610_S2_water1/610_S2_water1_00012"},{"time":0.7333,"name":null}]},"610_S2_water1_4":{"attachment":[{"time":0.3333,"name":"610_S2_water1/610_S2_water1_00000"},{"time":0.4,"name":"610_S2_water1/610_S2_water1_00002"},{"time":0.4666,"name":"610_S2_water1/610_S2_water1_00004"},{"time":0.5333,"name":"610_S2_water1/610_S2_water1_00006"},{"time":0.6666,"name":"610_S2_water1/610_S2_water1_00010"},{"time":0.7333,"name":"610_S2_water1/610_S2_water1_00012"},{"time":0.7666,"name":null}]},"DAMAGEAREA":{"attachment":[{"time":0.1666,"name":"DAMAGEAREA"},{"time":0.5666,"name":null}]}},"bones":{"110_S1_ex1_1":{"translate":[{"time":0.5666,"x":-771.06,"y":-682}],"scale":[{"time":0.5666,"x":1.75,"y":1.75}]},"110_S1_ex1_2":{"translate":[{"time":0.6,"x":-326.92,"y":-619.09}],"scale":[{"time":0.6,"x":1.75,"y":1.75}]},"110_S1_ex1_3":{"translate":[{"time":0.6666,"x":-555.51,"y":-643.84}],"scale":[{"time":0.6666,"x":1.5,"y":1.5}]},"110_S1_ex1_4":{"translate":[{"time":0.7,"x":-808.78,"y":-447.21},{"time":0.7333,"x":-803.81,"y":-484.29}],"scale":[{"time":0.7,"x":1.9,"y":1.9}]},"110_S1_ice1_1":{"translate":[{"time":0.2,"x":-819.21,"y":-384.6}],"scale":[{"time":0.2,"x":1.2,"y":1.2}]},"110_S1_ice1_2":{"translate":[{"time":0.2333,"x":-385.28,"y":-325.04}],"scale":[{"time":0.2333,"x":1.3,"y":1.3}]},"110_S1_ice1_3":{"translate":[{"time":0.3,"x":-722.16,"y":-438.12}]},"110_S1_ice1_4":{"translate":[{"time":0.3333,"x":-968.08,"y":-294.5}],"scale":[{"time":0.3333,"x":1.4,"y":1.4}]},"110_S1_icebreak1_1":{"translate":[{"time":0.5666,"x":-1008.29,"y":-613.84}],"scale":[{"time":0.5666,"x":1.5,"y":1.5}]},"110_S1_icebreak1_2":{"translate":[{"time":0.6,"x":-591.9,"y":-575.15}],"scale":[{"time":0.6,"x":1.5,"y":1.5}]},"110_S1_icebreak1_3":{"translate":[{"time":0.6666,"x":-777.98,"y":-595.42}],"scale":[{"time":0.6666,"x":1.3,"y":1.3}]},"110_S1_icebreak1_4":{"translate":[{"time":0.7,"x":-1040.98,"y":-383.89},{"time":0.7333,"x":-1036.01,"y":-420.98}],"scale":[{"time":0.7,"x":1.7,"y":1.7}]},"110_S2_ice1_1":{"rotate":[{"time":0.1666,"angle":-44.89,"curve":"stepped"},{"time":0.3666,"angle":-44.89}],"translate":[{"time":0.1666,"x":-1129.54,"y":212.55},{"time":0.2666,"x":-1825.04,"y":-485.62,"curve":"stepped"},{"time":0.3666,"x":-1129.54,"y":212.55},{"time":0.4666,"x":-1825.04,"y":-485.62}],"scale":[{"time":0.1666,"x":2.5,"y":2.5,"curve":"stepped"},{"time":0.3666,"x":2.5,"y":2.5}]},"110_S2_ice1_2":{"rotate":[{"time":0.1333,"angle":-33.33,"curve":"stepped"},{"time":0.3,"angle":-33.33}],"translate":[{"time":0.1333,"x":-918.39,"y":-158.86},{"time":0.2333,"x":-1292.09,"y":-727.15,"curve":"stepped"},{"time":0.3,"x":-918.39,"y":-158.86},{"time":0.4,"x":-1292.09,"y":-727.15}],"scale":[{"time":0.1333,"x":2,"y":2,"curve":"stepped"},{"time":0.3,"x":2,"y":2}]},"110_S2_ice1_3":{"rotate":[{"time":0.2333,"angle":-33.83,"curve":"stepped"},{"time":0.4333,"angle":-33.83}],"translate":[{"time":0.2333,"x":-1041.74,"y":-70.44},{"time":0.3333,"x":-1461.48,"y":-697.15,"curve":"stepped"},{"time":0.4333,"x":-1041.74,"y":-70.44},{"time":0.5333,"x":-1461.48,"y":-697.15}],"scale":[{"time":0.2333,"x":2,"y":2,"curve":"stepped"},{"time":0.4333,"x":2,"y":2}]},"110_S2_ice2_1":{"rotate":[{"time":0.1,"angle":-33.46,"curve":"stepped"},{"time":0.2666,"angle":-33.46}],"translate":[{"time":0.1,"x":-707.95,"y":444.33},{"time":0.2,"x":-1351.5,"y":-529.43,"curve":"stepped"},{"time":0.2666,"x":-707.95,"y":444.33},{"time":0.3666,"x":-1351.5,"y":-529.43}],"scale":[{"time":0.1,"x":2.5,"y":2.5,"curve":"stepped"},{"time":0.2666,"x":2.5,"y":2.5}]},"110_S2_ice2_2":{"rotate":[{"time":0.1333,"angle":-39.59,"curve":"stepped"},{"time":0.3,"angle":-39.59}],"translate":[{"time":0.1333,"x":-927.14,"y":356.92},{"time":0.2333,"x":-1497.41,"y":-332.59,"curve":"stepped"},{"time":0.3,"x":-927.14,"y":356.92},{"time":0.4,"x":-1497.41,"y":-332.59}],"scale":[{"time":0.1333,"x":2,"y":2,"curve":"stepped"},{"time":0.3,"x":2,"y":2}]},"110_S2_ice2_3":{"rotate":[{"time":0.2333,"angle":-50.75,"curve":"stepped"},{"time":0.4333,"angle":-50.75}],"translate":[{"time":0.2333,"x":-978.88,"y":478.56},{"time":0.3333,"x":-1829.01,"y":-215.79,"curve":"stepped"},{"time":0.4333,"x":-978.88,"y":478.56},{"time":0.5333,"x":-1829.01,"y":-215.79}],"scale":[{"time":0.2333,"x":2,"y":2,"curve":"stepped"},{"time":0.4333,"x":2,"y":2}]},"110_S2_ice2_4":{"rotate":[{"time":0.1666,"angle":-35.59,"curve":"stepped"},{"time":0.3666,"angle":-35.59}],"translate":[{"time":0.1666,"x":-882.78,"y":341.2},{"time":0.2666,"x":-1460.42,"y":-465.87,"curve":"stepped"},{"time":0.3666,"x":-882.78,"y":341.2},{"time":0.4666,"x":-1460.42,"y":-465.87}],"scale":[{"time":0.1666,"x":2,"y":2,"curve":"stepped"},{"time":0.3666,"x":2,"y":2}]},"110_S2_ice2_5":{"rotate":[{"time":0.2,"angle":-45.31,"curve":"stepped"},{"time":0.4,"angle":-45.31}],"translate":[{"time":0.2,"x":-1098.92,"y":457.46},{"time":0.3,"x":-1926.51,"y":-361.27,"curve":"stepped"},{"time":0.4,"x":-1098.92,"y":457.46},{"time":0.5,"x":-1926.51,"y":-361.27}],"scale":[{"time":0.2,"x":2,"y":2,"curve":"stepped"},{"time":0.4,"x":2,"y":2}]},"610_S2_water1_1":{"translate":[{"time":0.2,"x":-1087.93,"y":-322.78}],"scale":[{"time":0.2,"x":1.25,"y":1.25}]},"610_S2_water1_2":{"translate":[{"time":0.2333,"x":-635.59,"y":-275.48}],"scale":[{"time":0.2333,"x":1.25,"y":1.25}]},"610_S2_water1_3":{"translate":[{"time":0.3,"x":-967.79,"y":-367.66}],"scale":[{"time":0.3,"x":1.1,"y":1.1}]},"610_S2_water1_4":{"translate":[{"time":0.3333,"x":-1186.56,"y":-241.67}],"scale":[{"time":0.3333,"x":1.4,"y":1.4}]},"DAMAGEAREA":{"translate":[{"time":0.1666,"x":52.53,"y":276.99}],"scale":[{"time":0.1666,"x":7.473,"y":7.504}]},"MAIN":{"translate":[{"time":0,"x":221.75,"y":104.59}]}},"events":[{"time":0,"name":"EFEvent","float":0.2,"string":"kHitStopType_enemyonly"},{"time":0.0333,"name":"EFEvent","string":"setPosition_Target"},{"time":0.0333,"name":"Sound1","string":"setHitSound(se_battle_thrustviolently)"},{"time":0.0666,"name":"Sound2","string":"setHitSound(se_battle_thrustviolently)"},{"time":0.1333,"name":"Sound1","string":"cri_se_battle_skill_shot"},{"time":0.1333,"name":"Sound2","string":"setHitSound(se_battle_thrustviolently)"},{"time":0.1333,"name":"Sound3","string":"cri_se_battle_attack_ice"},{"time":0.1666,"name":"Sound3","string":"cri_se_battle_skill_ice_short"},{"time":0.2,"name":"Sound3","string":"cri_se_battle_skill_ice_short"},{"time":0.2333,"name":"Event","string":"resetHitList"},{"time":0.2333,"name":"Sound2","string":"setHitSound(se_battle_thrustviolently)"},{"time":0.2666,"name":"Sound3","string":"cri_se_battle_skill_ice_short"},{"time":0.3,"name":"Event","string":"resetHitList"},{"time":0.3,"name":"Sound2","string":"setHitSound(se_battle_thrustviolently)"},{"time":0.3,"name":"Sound3","string":"cri_se_battle_skill_ice"},{"time":0.3666,"name":"Event","string":"resetHitList"},{"time":0.3666,"name":"Sound2","string":"setHitSound(se_battle_thrustviolently)"},{"time":0.4333,"name":"Event","string":"resetHitList"},{"time":0.4333,"name":"Sound2","string":"setHitSound(se_battle_thrustviolently)"},{"time":0.5,"name":"Event","string":"resetHitList"},{"time":0.5,"name":"Sound2","string":"setHitSound(se_battle_thrustviolently)"},{"time":0.5333,"name":"Sound3","string":"cri_se_battle_skill_icebreak"},{"time":0.5666,"name":"Sound3","string":"cri_se_battle_skill_icebreak"},{"time":0.6333,"name":"Sound3","string":"cri_se_battle_skill_icebreak"},{"time":0.6666,"name":"Sound3","string":"cri_se_battle_skill_icebreak"}]}}}