{
"skeleton": { "hash": "pG4kdd85YtMjNkdKBFqFc6+IEe0", "spine": "3.0.12", "width": 0, "height": 0, "images": "" },
"bones": [
	{ "name": "root" },
	{ "name": "MAIN", "parent": "root" },
	{ "name": "ef_trunade_line_main2", "parent": "MAIN", "x": 1800, "y": 600, "rotation": 0.73, "color": "fb00ffff" },
	{ "name": "ef_trunade_line_main", "parent": "MAIN", "x": 1800, "y": 600, "rotation": 0.73, "color": "fb00ffff" },
	{ "name": "ef_smash_main", "parent": "MAIN", "x": 1200, "y": 300 },
	{ "name": "ef_line_main", "parent": "MAIN", "x": 2700, "y": 600 },
	{ "name": "ef_fire_red2", "parent": "MAIN", "x": 2200, "y": 900, "color": "2b0affff" },
	{ "name": "ef_dash_red2", "parent": "MAIN", "x": 1800, "y": 200, "color": "08ff00ff" },
	{ "name": "DAMAGEAREA", "parent": "root" }
],
"slots": [
	{ "name": "ef_line_main", "bone": "ef_line_main", "blend": "additive" },
	{ "name": "ef_trunade_line_main", "bone": "ef_trunade_line_main", "blend": "additive" },
	{ "name": "ef_trunade_line_main2", "bone": "ef_trunade_line_main2", "blend": "additive" },
	{ "name": "ef_dash_red2", "bone": "ef_dash_red2", "blend": "additive" },
	{ "name": "ef_fire_red2", "bone": "ef_fire_red2", "blend": "additive" },
	{ "name": "ef_smash_main", "bone": "ef_smash_main", "blend": "additive" },
	{ "name": "DAMAGEAREA", "bone": "DAMAGEAREA" }
],
"skins": {
	"default": {
		"DAMAGEAREA": {
			"DAMAGEAREA": {
				"type": "boundingbox",
				"vertices": [ -64.10132, 63.96305, -64.39647, -64.20357, 64.15451, -64.05755, 64.38851, 63.13643 ]
			}
		},
		"ef_dash_red2": {
			"images2/ef/ef_dash_red/ef_dash_red_00007": { "scaleX": 2, "scaleY": 2, "width": 200, "height": 200 },
			"images2/ef/ef_dash_red/ef_dash_red_00008": { "scaleX": 2, "scaleY": 2, "width": 200, "height": 200 },
			"images2/ef/ef_dash_red/ef_dash_red_00009": { "scaleX": 2, "scaleY": 2, "width": 200, "height": 200 },
			"images2/ef/ef_dash_red/ef_dash_red_00010": { "scaleX": 2, "scaleY": 2, "width": 200, "height": 200 },
			"images2/ef/ef_dash_red/ef_dash_red_00011": { "scaleX": 2, "scaleY": 2, "width": 200, "height": 200 },
			"images2/ef/ef_dash_red/ef_dash_red_00012": { "scaleX": 2, "scaleY": 2, "width": 200, "height": 200 },
			"images2/ef/ef_dash_red/ef_dash_red_00013": { "scaleX": 2, "scaleY": 2, "width": 200, "height": 200 }
		},
		"ef_fire_red2": {
			"images2/ef/ef_fire_red/ef_fire_red_00001": { "scaleX": 2, "scaleY": 2, "width": 200, "height": 200 },
			"images2/ef/ef_fire_red/ef_fire_red_00002": { "scaleX": 2, "scaleY": 2, "width": 200, "height": 200 },
			"images2/ef/ef_fire_red/ef_fire_red_00003": { "scaleX": 2, "scaleY": 2, "width": 200, "height": 200 },
			"images2/ef/ef_fire_red/ef_fire_red_00004": { "scaleX": 2, "scaleY": 2, "width": 200, "height": 200 },
			"images2/ef/ef_fire_red/ef_fire_red_00005": { "scaleX": 2, "scaleY": 2, "width": 200, "height": 200 },
			"images2/ef/ef_fire_red/ef_fire_red_00006": { "scaleX": 2, "scaleY": 2, "width": 200, "height": 200 },
			"images2/ef/ef_fire_red/ef_fire_red_00007": { "scaleX": 2, "scaleY": 2, "width": 200, "height": 200 },
			"images2/ef/ef_fire_red/ef_fire_red_00008": { "scaleX": 2, "scaleY": 2, "width": 200, "height": 200 },
			"images2/ef/ef_fire_red/ef_fire_red_00009": { "scaleX": 2, "scaleY": 2, "width": 200, "height": 200 },
			"images2/ef/ef_fire_red/ef_fire_red_00010": { "scaleX": 2, "scaleY": 2, "width": 200, "height": 200 },
			"images2/ef/ef_fire_red/ef_fire_red_00011": { "scaleX": 2, "scaleY": 2, "width": 200, "height": 200 }
		},
		"ef_line_main": {
			"images2/ef/ef_line_main/ef_line_main_00004": { "scaleX": 2, "scaleY": 2, "width": 200, "height": 75 }
		},
		"ef_smash_main": {
			"images2/ef/ef_smash_main/ef_smash_main_00002": { "scaleX": 2, "scaleY": 2, "width": 320, "height": 320 },
			"images2/ef/ef_smash_main/ef_smash_main_00003": { "scaleX": 2, "scaleY": 2, "width": 320, "height": 320 },
			"images2/ef/ef_smash_main/ef_smash_main_00004": { "scaleX": 2, "scaleY": 2, "width": 320, "height": 320 },
			"images2/ef/ef_smash_main/ef_smash_main_00005": { "scaleX": 2, "scaleY": 2, "width": 320, "height": 320 },
			"images2/ef/ef_smash_main/ef_smash_main_00006": { "scaleX": 2, "scaleY": 2, "width": 320, "height": 320 },
			"images2/ef/ef_smash_main/ef_smash_main_00007": { "scaleX": 2, "scaleY": 2, "width": 320, "height": 320 },
			"images2/ef/ef_smash_main/ef_smash_main_00008": { "scaleX": 2, "scaleY": 2, "width": 320, "height": 320 },
			"images2/ef/ef_smash_main/ef_smash_main_00009": { "scaleX": 2, "scaleY": 2, "width": 320, "height": 320 },
			"images2/ef/ef_smash_main/ef_smash_main_00010": { "scaleX": 2, "scaleY": 2, "width": 320, "height": 320 },
			"images2/ef/ef_smash_main/ef_smash_main_00011": { "scaleX": 2, "scaleY": 2, "width": 320, "height": 320 },
			"images2/ef/ef_smash_main/ef_smash_main_00012": { "scaleX": 2, "scaleY": 2, "rotation": -0.05, "width": 320, "height": 320 }
		},
		"ef_trunade_line_main": {
			"images2/ef/ef_trunade_line_main/ef_trunade_line_main_00001": { "scaleX": 2, "scaleY": 2, "width": 150, "height": 300 },
			"images2/ef/ef_trunade_line_main/ef_trunade_line_main_00002": { "scaleX": 2, "scaleY": 2, "width": 150, "height": 300 },
			"images2/ef/ef_trunade_line_main/ef_trunade_line_main_00003": { "scaleX": 2, "scaleY": 2, "width": 150, "height": 300 },
			"images2/ef/ef_trunade_line_main/ef_trunade_line_main_00004": { "scaleX": 2, "scaleY": 2, "width": 150, "height": 300 },
			"images2/ef/ef_trunade_line_main/ef_trunade_line_main_00005": { "scaleX": 2, "scaleY": 2, "width": 150, "height": 300 },
			"images2/ef/ef_trunade_line_main/ef_trunade_line_main_00006": { "scaleX": 2, "scaleY": 2, "width": 150, "height": 300 },
			"images2/ef/ef_trunade_line_main/ef_trunade_line_main_00007": { "scaleX": 2, "scaleY": 2, "width": 150, "height": 300 },
			"images2/ef/ef_trunade_line_main/ef_trunade_line_main_00008": { "scaleX": 2, "scaleY": 2, "width": 150, "height": 300 },
			"images2/ef/ef_trunade_line_main/ef_trunade_line_main_00009": { "scaleX": 2, "scaleY": 2, "width": 150, "height": 300 },
			"images2/ef/ef_trunade_line_main/ef_trunade_line_main_00010": { "scaleX": 2, "scaleY": 2, "width": 150, "height": 300 },
			"images2/ef/ef_trunade_line_main/ef_trunade_line_main_00011": { "scaleX": 2, "scaleY": 2, "width": 150, "height": 300 },
			"images2/ef/ef_trunade_line_main/ef_trunade_line_main_00012": { "scaleX": 2, "scaleY": 2, "width": 150, "height": 300 },
			"images2/ef/ef_trunade_line_main/ef_trunade_line_main_00013": { "scaleX": 2, "scaleY": 2, "width": 150, "height": 300 }
		},
		"ef_trunade_line_main2": {
			"images2/ef/ef_trunade_line_main/ef_trunade_line_main_00001": { "scaleX": 2, "scaleY": 2, "width": 150, "height": 300 },
			"images2/ef/ef_trunade_line_main/ef_trunade_line_main_00002": { "scaleX": 2, "scaleY": 2, "width": 150, "height": 300 },
			"images2/ef/ef_trunade_line_main/ef_trunade_line_main_00003": { "scaleX": 2, "scaleY": 2, "width": 150, "height": 300 },
			"images2/ef/ef_trunade_line_main/ef_trunade_line_main_00004": { "scaleX": 2, "scaleY": 2, "width": 150, "height": 300 },
			"images2/ef/ef_trunade_line_main/ef_trunade_line_main_00005": { "scaleX": 2, "scaleY": 2, "width": 150, "height": 300 },
			"images2/ef/ef_trunade_line_main/ef_trunade_line_main_00006": { "scaleX": 2, "scaleY": 2, "width": 150, "height": 300 },
			"images2/ef/ef_trunade_line_main/ef_trunade_line_main_00007": { "scaleX": 2, "scaleY": 2, "width": 150, "height": 300 },
			"images2/ef/ef_trunade_line_main/ef_trunade_line_main_00008": { "scaleX": 2, "scaleY": 2, "width": 150, "height": 300 },
			"images2/ef/ef_trunade_line_main/ef_trunade_line_main_00009": { "scaleX": 2, "scaleY": 2, "width": 150, "height": 300 },
			"images2/ef/ef_trunade_line_main/ef_trunade_line_main_00010": { "scaleX": 2, "scaleY": 2, "width": 150, "height": 300 },
			"images2/ef/ef_trunade_line_main/ef_trunade_line_main_00011": { "scaleX": 2, "scaleY": 2, "width": 150, "height": 300 },
			"images2/ef/ef_trunade_line_main/ef_trunade_line_main_00012": { "scaleX": 2, "scaleY": 2, "width": 150, "height": 300 },
			"images2/ef/ef_trunade_line_main/ef_trunade_line_main_00013": { "scaleX": 2, "scaleY": 2, "width": 150, "height": 300 }
		}
	}
},
"events": {
	"Event": {},
	"Hit": {},
	"Sound1": {},
	"Sound2": {},
	"Sound3": {}
},
"animations": {
	"attack1": {
		"slots": {
			"DAMAGEAREA": {
				"attachment": [
					{ "time": 0.0666, "name": "DAMAGEAREA" },
					{ "time": 0.3333, "name": null }
				]
			},
			"ef_dash_red2": {
				"attachment": [
					{ "time": 0.1333, "name": "images2/ef/ef_dash_red/ef_dash_red_00007" },
					{ "time": 0.1666, "name": "images2/ef/ef_dash_red/ef_dash_red_00008" },
					{ "time": 0.2, "name": "images2/ef/ef_dash_red/ef_dash_red_00009" },
					{ "time": 0.2333, "name": "images2/ef/ef_dash_red/ef_dash_red_00010" },
					{ "time": 0.2666, "name": "images2/ef/ef_dash_red/ef_dash_red_00011" },
					{ "time": 0.3, "name": "images2/ef/ef_dash_red/ef_dash_red_00012" },
					{ "time": 0.3333, "name": "images2/ef/ef_dash_red/ef_dash_red_00013" },
					{ "time": 0.3666, "name": null }
				],
				"color": [
					{ "time": 0.1, "color": "ffffff00" },
					{ "time": 0.2666, "color": "ffffffff", "curve": "stepped" },
					{ "time": 0.3, "color": "ffffffff" },
					{ "time": 0.3666, "color": "ffffff00" }
				]
			},
			"ef_fire_red2": {
				"attachment": [
					{ "time": 0.0666, "name": "images2/ef/ef_fire_red/ef_fire_red_00001" },
					{ "time": 0.1, "name": "images2/ef/ef_fire_red/ef_fire_red_00002" },
					{ "time": 0.1333, "name": "images2/ef/ef_fire_red/ef_fire_red_00003" },
					{ "time": 0.1666, "name": "images2/ef/ef_fire_red/ef_fire_red_00004" },
					{ "time": 0.2, "name": "images2/ef/ef_fire_red/ef_fire_red_00005" },
					{ "time": 0.2333, "name": "images2/ef/ef_fire_red/ef_fire_red_00006" },
					{ "time": 0.2666, "name": "images2/ef/ef_fire_red/ef_fire_red_00007" },
					{ "time": 0.3, "name": "images2/ef/ef_fire_red/ef_fire_red_00008" },
					{ "time": 0.3333, "name": "images2/ef/ef_fire_red/ef_fire_red_00009" },
					{ "time": 0.3666, "name": "images2/ef/ef_fire_red/ef_fire_red_00010" },
					{ "time": 0.4, "name": "images2/ef/ef_fire_red/ef_fire_red_00011" },
					{ "time": 0.4333, "name": null }
				],
				"color": [
					{ "time": 0.0333, "color": "ffffff00" },
					{ "time": 0.1, "color": "ffffffff", "curve": "stepped" },
					{ "time": 0.4, "color": "ffffffff" },
					{ "time": 0.4333, "color": "ffffff00" }
				]
			},
			"ef_line_main": {
				"attachment": [
					{ "time": 0, "name": "images2/ef/ef_line_main/ef_line_main_00004" },
					{ "time": 0.3333, "name": null }
				],
				"color": [
					{ "time": 0, "color": "ffffff00" },
					{ "time": 0.0666, "color": "ffffffff", "curve": "stepped" },
					{ "time": 0.2333, "color": "ffffffff" },
					{ "time": 0.3333, "color": "ffffff00" }
				]
			},
			"ef_smash_main": {
				"attachment": [
					{ "time": 0, "name": "images2/ef/ef_smash_main/ef_smash_main_00002" },
					{ "time": 0.0333, "name": "images2/ef/ef_smash_main/ef_smash_main_00003" },
					{ "time": 0.0666, "name": "images2/ef/ef_smash_main/ef_smash_main_00004" },
					{ "time": 0.1, "name": "images2/ef/ef_smash_main/ef_smash_main_00005" },
					{ "time": 0.1333, "name": "images2/ef/ef_smash_main/ef_smash_main_00006" },
					{ "time": 0.1666, "name": "images2/ef/ef_smash_main/ef_smash_main_00007" },
					{ "time": 0.2, "name": "images2/ef/ef_smash_main/ef_smash_main_00008" },
					{ "time": 0.2333, "name": "images2/ef/ef_smash_main/ef_smash_main_00009" },
					{ "time": 0.2666, "name": "images2/ef/ef_smash_main/ef_smash_main_00010" },
					{ "time": 0.3, "name": "images2/ef/ef_smash_main/ef_smash_main_00011" },
					{ "time": 0.3333, "name": "images2/ef/ef_smash_main/ef_smash_main_00012" },
					{ "time": 0.3666, "name": null }
				],
				"color": [
					{ "time": 0, "color": "ffffff00" },
					{ "time": 0.0333, "color": "ffffffff", "curve": "stepped" },
					{ "time": 0.3, "color": "ffffffff" },
					{ "time": 0.3666, "color": "ffffff00" }
				]
			},
			"ef_trunade_line_main": {
				"attachment": [
					{ "time": 0.0333, "name": "images2/ef/ef_trunade_line_main/ef_trunade_line_main_00001" },
					{ "time": 0.0666, "name": "images2/ef/ef_trunade_line_main/ef_trunade_line_main_00002" },
					{ "time": 0.1, "name": "images2/ef/ef_trunade_line_main/ef_trunade_line_main_00003" },
					{ "time": 0.1333, "name": "images2/ef/ef_trunade_line_main/ef_trunade_line_main_00004" },
					{ "time": 0.1666, "name": "images2/ef/ef_trunade_line_main/ef_trunade_line_main_00005" },
					{ "time": 0.2, "name": "images2/ef/ef_trunade_line_main/ef_trunade_line_main_00006" },
					{ "time": 0.2333, "name": "images2/ef/ef_trunade_line_main/ef_trunade_line_main_00007" },
					{ "time": 0.2666, "name": "images2/ef/ef_trunade_line_main/ef_trunade_line_main_00008" },
					{ "time": 0.3, "name": "images2/ef/ef_trunade_line_main/ef_trunade_line_main_00009" },
					{ "time": 0.3333, "name": "images2/ef/ef_trunade_line_main/ef_trunade_line_main_00010" },
					{ "time": 0.3666, "name": "images2/ef/ef_trunade_line_main/ef_trunade_line_main_00011" },
					{ "time": 0.4, "name": "images2/ef/ef_trunade_line_main/ef_trunade_line_main_00012" },
					{ "time": 0.4333, "name": null }
				],
				"color": [
					{ "time": 0.0333, "color": "ffffff00" },
					{ "time": 0.1, "color": "ffffffff", "curve": "stepped" },
					{
						"time": 0.3,
						"color": "ffffffff",
						"curve": [ 0.203, 0.9, 0.75, 1 ]
					},
					{ "time": 0.4333, "color": "ffffff00" }
				]
			},
			"ef_trunade_line_main2": {
				"attachment": [
					{ "time": 0.0333, "name": "images2/ef/ef_trunade_line_main/ef_trunade_line_main_00001" },
					{ "time": 0.0666, "name": "images2/ef/ef_trunade_line_main/ef_trunade_line_main_00002" },
					{ "time": 0.1, "name": "images2/ef/ef_trunade_line_main/ef_trunade_line_main_00003" },
					{ "time": 0.1333, "name": "images2/ef/ef_trunade_line_main/ef_trunade_line_main_00004" },
					{ "time": 0.1666, "name": "images2/ef/ef_trunade_line_main/ef_trunade_line_main_00005" },
					{ "time": 0.2, "name": "images2/ef/ef_trunade_line_main/ef_trunade_line_main_00006" },
					{ "time": 0.2333, "name": "images2/ef/ef_trunade_line_main/ef_trunade_line_main_00007" },
					{ "time": 0.2666, "name": "images2/ef/ef_trunade_line_main/ef_trunade_line_main_00008" },
					{ "time": 0.3, "name": "images2/ef/ef_trunade_line_main/ef_trunade_line_main_00009" },
					{ "time": 0.3333, "name": "images2/ef/ef_trunade_line_main/ef_trunade_line_main_00010" },
					{ "time": 0.3666, "name": "images2/ef/ef_trunade_line_main/ef_trunade_line_main_00011" },
					{ "time": 0.4, "name": "images2/ef/ef_trunade_line_main/ef_trunade_line_main_00012" },
					{ "time": 0.4333, "name": "images2/ef/ef_trunade_line_main/ef_trunade_line_main_00013" },
					{ "time": 0.4666, "name": null }
				],
				"color": [
					{ "time": 0, "color": "ffffff00" },
					{ "time": 0.0666, "color": "ffffffff", "curve": "stepped" },
					{
						"time": 0.3,
						"color": "ffffffff",
						"curve": [ 0.147, 0.67, 0.75, 1 ]
					},
					{ "time": 0.4666, "color": "ffffff00" }
				]
			}
		},
		"bones": {
			"DAMAGEAREA": {
				"translate": [
					{ "time": 0.0666, "x": 1.74, "y": 66.42 },
					{ "time": 0.2333, "x": -437.46, "y": 66.42 }
				],
				"scale": [
					{ "time": 0.0666, "x": 6.289, "y": 1 },
					{ "time": 0.2333, "x": 8.424, "y": 1 }
				]
			},
			"ef_dash_red2": {
				"rotate": [
					{ "time": 0.1333, "angle": 30 }
				],
				"translate": [
					{ "time": 0.1333, "x": -1916.84, "y": -114.89 },
					{ "time": 0.3666, "x": -1826.48, "y": -102.65 }
				],
				"scale": [
					{ "time": 0.1333, "x": 1, "y": -1 },
					{ "time": 0.3666, "x": 3.8, "y": -3.8 }
				]
			},
			"ef_fire_red2": {
				"translate": [
					{ "time": 0.0666, "x": -2290.61, "y": -830.28 }
				],
				"scale": [
					{ "time": 0.0666, "x": -1, "y": 1 },
					{ "time": 0.4333, "x": -1.8, "y": 1.8 }
				]
			},
			"ef_line_main": {
				"translate": [
					{
						"time": 0,
						"x": -2598.02,
						"y": -533.73,
						"curve": [ 0.468, 0, 0, 0.43 ]
					},
					{ "time": 0.3333, "x": -3385.84, "y": -533.73 }
				],
				"scale": [
					{ "time": 0, "x": 1.5, "y": 0.5 },
					{ "time": 0.2333, "x": 3, "y": 2 },
					{ "time": 0.3333, "x": 1.5, "y": 0.5 }
				]
			},
			"ef_smash_main": {
				"translate": [
					{ "time": 0, "x": -1292.66, "y": -226.13 }
				],
				"scale": [
					{ "time": 0, "x": 1, "y": 1 },
					{ "time": 0.3666, "x": 1.5, "y": 1.5 }
				]
			},
			"ef_trunade_line_main": {
				"rotate": [
					{ "time": 0.0333, "angle": 89.26 }
				],
				"translate": [
					{
						"time": 0.0333,
						"x": -1616.09,
						"y": -528.84,
						"curve": [ 0.342, 0, 0.097, 0.77 ]
					},
					{ "time": 0.4333, "x": -2662.8, "y": -528.84 }
				],
				"scale": [
					{ "time": 0.0333, "x": -1, "y": 1, "curve": "stepped" },
					{ "time": 0.4333, "x": -1, "y": 1 }
				]
			},
			"ef_trunade_line_main2": {
				"rotate": [
					{ "time": 0.0333, "angle": 89.26 }
				],
				"translate": [
					{
						"time": 0.0333,
						"x": -1616.09,
						"y": -528.84,
						"curve": [ 0.342, 0, 0.097, 0.77 ]
					},
					{ "time": 0.4333, "x": -2662.8, "y": -528.84 }
				],
				"scale": [
					{ "time": 0.0333, "x": 1, "y": 1 }
				]
			}
		},
		"events": [
			{ "time": 0, "name": "Event", "float": 0.2, "string": "kHitStopType_normal" },
			{ "time": 0.0333, "name": "Sound1", "string": "cri_se_battle_030_explosion_02" },
			{ "time": 0.1333, "name": "Event", "float": 0.1, "string": "kHitStopType_enemyonly" },
			{ "time": 0.1333, "name": "Hit", "string": "resetHitList" },
			{ "time": 0.2, "name": "Hit", "string": "resetHitList" },
			{ "time": 0.2666, "name": "Hit", "string": "resetHitList" }
		]
	}
}
}