{"skeleton":{"hash":"fjejDngwi7hxQiFH/gFPu6vPswY","spine":"3.0.12","width":0,"height":0},"bones":[{"name":"root"},{"name":"MAIN","parent":"root"},{"name":"EF_wind","parent":"MAIN","x":683.22,"y":-355.74},{"name":"610_S2_water1_6","parent":"MAIN","x":814.97,"y":119.97,"scaleX":2,"scaleY":2},{"name":"610_S2_water1_5","parent":"MAIN","x":814.97,"y":119.97,"scaleX":2,"scaleY":2},{"name":"610_S2_water1_4","parent":"MAIN","x":814.97,"y":119.97,"scaleX":2,"scaleY":2},{"name":"610_S2_water1_3","parent":"MAIN","x":756.97,"y":119.97,"scaleX":2,"scaleY":2},{"name":"610_S2_water1_2","parent":"MAIN","x":691.72,"y":119.97,"scaleX":2,"scaleY":2},{"name":"610_S2_water1_1","parent":"MAIN","x":632.27,"y":119.97,"scaleX":2,"scaleY":2},{"name":"130_S1_shine1_00041b2","parent":"MAIN","x":351.53,"y":99.82},{"name":"110_S3_dragon10","parent":"MAIN","x":979.07,"y":-382.31},{"name":"110_S3_dragon9","parent":"MAIN","x":979.07,"y":-382.31},{"name":"110_S3_dragon8","parent":"MAIN","x":979.07,"y":-382.31},{"name":"110_S3_dragon7","parent":"MAIN","x":979.07,"y":-382.31},{"name":"110_S3_dragon6","parent":"MAIN","x":979.07,"y":-382.31},{"name":"110_S3_dragon5","parent":"MAIN","x":979.07,"y":-382.31},{"name":"110_S3_dragon4","parent":"MAIN","x":979.07,"y":-214.96},{"name":"110_S3_dragon3","parent":"MAIN","x":979.07,"y":-45.55},{"name":"110_S3_dragon1","parent":"MAIN","x":790.81,"y":-53.88},{"name":"110_S3_dragon2","parent":"110_S3_dragon1","x":130.07,"y":8.32},{"name":"110_S2_slash1_8","parent":"MAIN","x":1430.69,"y":-233.77,"scaleX":2,"scaleY":2},{"name":"110_S2_slash1_7","parent":"MAIN","x":1364.3,"y":-233.77,"scaleX":2,"scaleY":2},{"name":"110_S2_slash1_6","parent":"MAIN","x":1276.95,"y":-233.77,"scaleX":2,"scaleY":2},{"name":"110_S2_slash1_5","parent":"MAIN","x":1187.12,"y":-233.77,"scaleX":2,"scaleY":2},{"name":"110_S2_slash1_4","parent":"MAIN","x":1108.14,"y":-233.77,"scaleX":2,"scaleY":2},{"name":"110_S2_slash1_3","parent":"MAIN","x":1036.24,"y":-233.77,"scaleX":2,"scaleY":2},{"name":"110_S2_slash1_2","parent":"MAIN","x":967.47,"y":-233.77,"scaleX":2,"scaleY":2},{"name":"110_S2_slash1_1","parent":"MAIN","x":894.01,"y":-233.77,"scaleX":2,"scaleY":2},{"name":"110_S2_pt3","parent":"MAIN","x":772.28,"y":349.79,"scaleX":2,"scaleY":2},{"name":"110_S2_pt2","parent":"MAIN","x":772.28,"y":349.79,"scaleX":2,"scaleY":2},{"name":"110_S2_pt1","parent":"MAIN","x":772.28,"y":349.79,"scaleX":2,"scaleY":2},{"name":"110_S2_ice2_5","parent":"MAIN","x":1154.14,"y":30.77},{"name":"110_S2_ice2_4","parent":"MAIN","x":1084.34,"y":30.77},{"name":"110_S2_ice2_3","parent":"MAIN","x":1002.22,"y":30.77},{"name":"110_S2_ice2_2","parent":"MAIN","x":918.42,"y":30.77},{"name":"110_S2_ice2_1","parent":"MAIN","x":837.97,"y":30.77},{"name":"110_S2_ice1_3","parent":"MAIN","x":1193.59,"y":290.4},{"name":"110_S2_ice1_2","parent":"MAIN","x":1099.73,"y":290.4},{"name":"110_S2_ice1_1","parent":"MAIN","x":1010.9,"y":290.4},{"name":"110_S1_slash1_2","parent":"MAIN","x":389.98,"y":759.43,"scaleX":2,"scaleY":2},{"name":"110_S1_slash1_1","parent":"MAIN","x":279.2,"y":759.43,"scaleX":2,"scaleY":2},{"name":"110_S1_slash2","parent":"MAIN","x":576.3,"y":734.01,"scaleX":2,"scaleY":2},{"name":"110_S1_icebreak1_16","parent":"MAIN","x":643.9,"y":374.42},{"name":"110_S1_icebreak1_15","parent":"MAIN","x":643.9,"y":374.42},{"name":"110_S1_icebreak1_14","parent":"MAIN","x":643.9,"y":374.42},{"name":"110_S1_icebreak1_13","parent":"MAIN","x":643.9,"y":374.42},{"name":"110_S1_icebreak1_12","parent":"MAIN","x":643.9,"y":374.42},{"name":"110_S1_icebreak1_11","parent":"MAIN","x":643.9,"y":374.42},{"name":"110_S1_icebreak1_10","parent":"MAIN","x":643.9,"y":374.42},{"name":"110_S1_icebreak1_9","parent":"MAIN","x":643.9,"y":374.42},{"name":"110_S1_icebreak1_8","parent":"MAIN","x":643.9,"y":374.42},{"name":"110_S1_icebreak1_7","parent":"MAIN","x":643.9,"y":374.42},{"name":"110_S1_icebreak1_6","parent":"MAIN","x":643.9,"y":374.42},{"name":"110_S1_icebreak1_5","parent":"MAIN","x":643.9,"y":374.42},{"name":"110_S1_icebreak1_4","parent":"MAIN","x":643.9,"y":374.42},{"name":"110_S1_icebreak1_3","parent":"MAIN","x":543.13,"y":376.56},{"name":"110_S1_icebreak1_2","parent":"MAIN","x":639.61,"y":466.61},{"name":"110_S1_icebreak1_1","parent":"MAIN","x":536.7,"y":466.61},{"name":"110_S1_ice1_12","parent":"MAIN","x":565.1,"y":216.49},{"name":"110_S1_ice1_11","parent":"MAIN","x":565.1,"y":216.49},{"name":"110_S1_ice1_10","parent":"MAIN","x":565.1,"y":216.49},{"name":"110_S1_ice1_9","parent":"MAIN","x":565.1,"y":216.49},{"name":"110_S1_ice1_8","parent":"MAIN","x":565.1,"y":216.49},{"name":"110_S1_ice1_7","parent":"MAIN","x":565.1,"y":216.49},{"name":"110_S1_ice1_6","parent":"MAIN","x":565.1,"y":216.49},{"name":"110_S1_ice1_5","parent":"MAIN","x":565.1,"y":216.49},{"name":"110_S1_ice1_4","parent":"MAIN","x":565.1,"y":216.49},{"name":"110_S1_ice1_3","parent":"MAIN","x":496.36,"y":216.49},{"name":"110_S1_ice1_2","parent":"MAIN","x":422.19,"y":216.49},{"name":"110_S1_ice1_1","parent":"MAIN","x":346.45,"y":216.49},{"name":"110_S1_ex1_12","parent":"MAIN","x":413.12,"y":399.59,"scaleX":2,"scaleY":2},{"name":"110_S1_ex1_11","parent":"MAIN","x":413.12,"y":399.59,"scaleX":2,"scaleY":2},{"name":"110_S1_ex1_10","parent":"MAIN","x":413.12,"y":399.59,"scaleX":2,"scaleY":2},{"name":"110_S1_ex1_9","parent":"MAIN","x":413.12,"y":399.59,"scaleX":2,"scaleY":2},{"name":"110_S1_ex1_8","parent":"MAIN","x":413.12,"y":399.59,"scaleX":2,"scaleY":2},{"name":"110_S1_ex1_7","parent":"MAIN","x":413.12,"y":399.59,"scaleX":2,"scaleY":2},{"name":"110_S1_ex1_6","parent":"MAIN","x":413.12,"y":399.59,"scaleX":2,"scaleY":2},{"name":"110_S1_ex1_5","parent":"MAIN","x":413.12,"y":399.59,"scaleX":2,"scaleY":2},{"name":"110_S1_ex1_4","parent":"MAIN","x":413.12,"y":399.59,"scaleX":2,"scaleY":2},{"name":"110_S1_ex1_3","parent":"MAIN","x":333.86,"y":409.44,"scaleX":2,"scaleY":2},{"name":"110_S1_ex1_2","parent":"MAIN","x":389.74,"y":484.61,"scaleX":2,"scaleY":2},{"name":"110_S1_ex1_1","parent":"MAIN","x":302.91,"y":491.85,"scaleX":2,"scaleY":2}],"slots":[{"name":"110_S1_ice1_4","bone":"110_S1_ice1_4","blend":"additive"},{"name":"110_S1_ice1_5","bone":"110_S1_ice1_5","blend":"additive"},{"name":"110_S1_ice1_6","bone":"110_S1_ice1_6","blend":"additive"},{"name":"110_S1_ice1_7","bone":"110_S1_ice1_7","blend":"additive"},{"name":"110_S1_ice1_8","bone":"110_S1_ice1_8","blend":"additive"},{"name":"110_S1_ice1_9","bone":"110_S1_ice1_9","blend":"additive"},{"name":"110_S1_ice1_10","bone":"110_S1_ice1_10","blend":"additive"},{"name":"110_S1_ice1_11","bone":"110_S1_ice1_11","blend":"additive"},{"name":"110_S1_ice1_12","bone":"110_S1_ice1_12","blend":"additive"},{"name":"110_S1_ice1_3","bone":"110_S1_ice1_3","blend":"additive"},{"name":"110_S1_ice1_2","bone":"110_S1_ice1_2","blend":"additive"},{"name":"110_S1_ice1_1","bone":"110_S1_ice1_1","blend":"additive"},{"name":"110_S1_ex1_1","bone":"110_S1_ex1_1","blend":"additive"},{"name":"110_S1_ex1_2","bone":"110_S1_ex1_2","blend":"additive"},{"name":"110_S1_ex1_3","bone":"110_S1_ex1_3","blend":"additive"},{"name":"110_S1_ex1_4","bone":"110_S1_ex1_4","blend":"additive"},{"name":"110_S1_ex1_5","bone":"110_S1_ex1_5","blend":"additive"},{"name":"110_S1_ex1_6","bone":"110_S1_ex1_6","blend":"additive"},{"name":"110_S1_ex1_7","bone":"110_S1_ex1_7","blend":"additive"},{"name":"110_S1_ex1_8","bone":"110_S1_ex1_8","blend":"additive"},{"name":"110_S1_ex1_9","bone":"110_S1_ex1_9","blend":"additive"},{"name":"110_S1_ex1_10","bone":"110_S1_ex1_10","blend":"additive"},{"name":"110_S1_ex1_11","bone":"110_S1_ex1_11","blend":"additive"},{"name":"110_S1_ex1_12","bone":"110_S1_ex1_12","blend":"additive"},{"name":"110_S1_icebreak1_1","bone":"110_S1_icebreak1_1","blend":"additive"},{"name":"110_S1_icebreak1_2","bone":"110_S1_icebreak1_2","blend":"additive"},{"name":"110_S1_icebreak1_3","bone":"110_S1_icebreak1_3","blend":"additive"},{"name":"110_S1_icebreak1_4","bone":"110_S1_icebreak1_4","blend":"additive"},{"name":"110_S1_icebreak1_5","bone":"110_S1_icebreak1_5","blend":"additive"},{"name":"110_S1_icebreak1_6","bone":"110_S1_icebreak1_6","blend":"additive"},{"name":"110_S1_icebreak1_7","bone":"110_S1_icebreak1_7","blend":"additive"},{"name":"110_S1_icebreak1_8","bone":"110_S1_icebreak1_8","blend":"additive"},{"name":"110_S1_icebreak1_9","bone":"110_S1_icebreak1_9","blend":"additive"},{"name":"110_S1_icebreak1_10","bone":"110_S1_icebreak1_10","blend":"additive"},{"name":"110_S1_icebreak1_11","bone":"110_S1_icebreak1_11","blend":"additive"},{"name":"110_S1_icebreak1_12","bone":"110_S1_icebreak1_12","blend":"additive"},{"name":"110_S1_icebreak1_13","bone":"110_S1_icebreak1_13","blend":"additive"},{"name":"110_S1_icebreak1_14","bone":"110_S1_icebreak1_14","blend":"additive"},{"name":"110_S1_icebreak1_15","bone":"110_S1_icebreak1_15","blend":"additive"},{"name":"110_S1_icebreak1_16","bone":"110_S1_icebreak1_16","blend":"additive"},{"name":"110_S1_slash1_1","bone":"110_S1_slash1_1","blend":"additive"},{"name":"110_S1_slash1_2","bone":"110_S1_slash1_2","blend":"additive"},{"name":"110_S1_slash2","bone":"110_S1_slash2","blend":"additive"},{"name":"110_S2_ice1_1","bone":"110_S2_ice1_1","blend":"additive"},{"name":"110_S2_ice1_2","bone":"110_S2_ice1_2","blend":"additive"},{"name":"110_S2_ice1_3","bone":"110_S2_ice1_3","blend":"additive"},{"name":"110_S2_ice2_1","bone":"110_S2_ice2_1","blend":"additive"},{"name":"110_S2_ice2_2","bone":"110_S2_ice2_2","blend":"additive"},{"name":"110_S2_ice2_3","bone":"110_S2_ice2_3","blend":"additive"},{"name":"110_S2_ice2_4","bone":"110_S2_ice2_4","blend":"additive"},{"name":"110_S2_ice2_5","bone":"110_S2_ice2_5","blend":"additive"},{"name":"110_S2_pt1","bone":"110_S2_pt1","blend":"additive"},{"name":"110_S2_pt2","bone":"110_S2_pt2","blend":"additive"},{"name":"110_S2_pt3","bone":"110_S2_pt3","blend":"additive"},{"name":"110_S2_slash1_1","bone":"110_S2_slash1_1","blend":"additive"},{"name":"110_S2_slash1_2","bone":"110_S2_slash1_2","blend":"additive"},{"name":"110_S2_slash1_3","bone":"110_S2_slash1_3","blend":"additive"},{"name":"110_S2_slash1_4","bone":"110_S2_slash1_4","blend":"additive"},{"name":"110_S2_slash1_5","bone":"110_S2_slash1_5","blend":"additive"},{"name":"110_S2_slash1_6","bone":"110_S2_slash1_6","blend":"additive"},{"name":"110_S2_slash7","bone":"110_S2_slash1_7","blend":"additive"},{"name":"110_S2_slash1_8","bone":"110_S2_slash1_8","blend":"additive"},{"name":"610_S2_water1_1","bone":"610_S2_water1_1","blend":"additive"},{"name":"610_S2_water1_2","bone":"610_S2_water1_2","blend":"additive"},{"name":"610_S2_water1_3","bone":"610_S2_water1_3","blend":"additive"},{"name":"610_S2_water1_4","bone":"610_S2_water1_4","blend":"additive"},{"name":"610_S2_water1_5","bone":"610_S2_water1_5","blend":"additive"},{"name":"610_S2_water1_6","bone":"610_S2_water1_6","blend":"additive"},{"name":"110_S3_dragon74","bone":"110_S3_dragon10"},{"name":"110_S3_dragon75","bone":"110_S3_dragon10"},{"name":"110_S3_dragon76","bone":"110_S3_dragon10"},{"name":"110_S3_dragon77","bone":"110_S3_dragon10"},{"name":"110_S3_dragon78","bone":"110_S3_dragon10"},{"name":"110_S3_dragon79","bone":"110_S3_dragon10"},{"name":"110_S3_dragon80","bone":"110_S3_dragon10"},{"name":"110_S3_dragon81","bone":"110_S3_dragon10"},{"name":"110_S3_dragon82","bone":"110_S3_dragon10"},{"name":"110_S3_dragon65","bone":"110_S3_dragon9"},{"name":"110_S3_dragon66","bone":"110_S3_dragon9"},{"name":"110_S3_dragon67","bone":"110_S3_dragon9"},{"name":"110_S3_dragon68","bone":"110_S3_dragon9"},{"name":"110_S3_dragon69","bone":"110_S3_dragon9"},{"name":"110_S3_dragon70","bone":"110_S3_dragon9"},{"name":"110_S3_dragon71","bone":"110_S3_dragon9"},{"name":"110_S3_dragon72","bone":"110_S3_dragon9"},{"name":"110_S3_dragon73","bone":"110_S3_dragon9"},{"name":"110_S3_dragon56","bone":"110_S3_dragon8"},{"name":"110_S3_dragon57","bone":"110_S3_dragon8"},{"name":"110_S3_dragon58","bone":"110_S3_dragon8"},{"name":"110_S3_dragon59","bone":"110_S3_dragon8"},{"name":"110_S3_dragon60","bone":"110_S3_dragon8"},{"name":"110_S3_dragon61","bone":"110_S3_dragon8"},{"name":"110_S3_dragon62","bone":"110_S3_dragon8"},{"name":"110_S3_dragon63","bone":"110_S3_dragon8"},{"name":"110_S3_dragon64","bone":"110_S3_dragon8"},{"name":"110_S3_dragon47","bone":"110_S3_dragon7"},{"name":"110_S3_dragon48","bone":"110_S3_dragon7"},{"name":"110_S3_dragon49","bone":"110_S3_dragon7"},{"name":"110_S3_dragon50","bone":"110_S3_dragon7"},{"name":"110_S3_dragon51","bone":"110_S3_dragon7"},{"name":"110_S3_dragon52","bone":"110_S3_dragon7"},{"name":"110_S3_dragon53","bone":"110_S3_dragon7"},{"name":"110_S3_dragon54","bone":"110_S3_dragon7"},{"name":"110_S3_dragon55","bone":"110_S3_dragon7"},{"name":"110_S3_dragon38","bone":"110_S3_dragon6"},{"name":"110_S3_dragon39","bone":"110_S3_dragon6"},{"name":"110_S3_dragon40","bone":"110_S3_dragon6"},{"name":"110_S3_dragon41","bone":"110_S3_dragon6"},{"name":"110_S3_dragon42","bone":"110_S3_dragon6"},{"name":"110_S3_dragon43","bone":"110_S3_dragon6"},{"name":"110_S3_dragon44","bone":"110_S3_dragon6"},{"name":"110_S3_dragon45","bone":"110_S3_dragon6"},{"name":"110_S3_dragon46","bone":"110_S3_dragon6"},{"name":"110_S3_dragon29","bone":"110_S3_dragon5"},{"name":"110_S3_dragon30","bone":"110_S3_dragon5"},{"name":"110_S3_dragon31","bone":"110_S3_dragon5"},{"name":"110_S3_dragon32","bone":"110_S3_dragon5"},{"name":"110_S3_dragon33","bone":"110_S3_dragon5"},{"name":"110_S3_dragon34","bone":"110_S3_dragon5"},{"name":"110_S3_dragon35","bone":"110_S3_dragon5"},{"name":"110_S3_dragon36","bone":"110_S3_dragon5"},{"name":"110_S3_dragon37","bone":"110_S3_dragon5"},{"name":"110_S3_dragon20","bone":"110_S3_dragon4"},{"name":"110_S3_dragon21","bone":"110_S3_dragon4"},{"name":"110_S3_dragon22","bone":"110_S3_dragon4"},{"name":"110_S3_dragon23","bone":"110_S3_dragon4"},{"name":"110_S3_dragon24","bone":"110_S3_dragon4"},{"name":"110_S3_dragon25","bone":"110_S3_dragon4"},{"name":"110_S3_dragon26","bone":"110_S3_dragon4"},{"name":"110_S3_dragon27","bone":"110_S3_dragon4"},{"name":"110_S3_dragon28","bone":"110_S3_dragon4"},{"name":"110_S3_dragon11","bone":"110_S3_dragon3"},{"name":"110_S3_dragon12","bone":"110_S3_dragon3"},{"name":"110_S3_dragon13","bone":"110_S3_dragon3"},{"name":"110_S3_dragon14","bone":"110_S3_dragon3"},{"name":"110_S3_dragon15","bone":"110_S3_dragon3"},{"name":"110_S3_dragon16","bone":"110_S3_dragon3"},{"name":"110_S3_dragon17","bone":"110_S3_dragon3"},{"name":"110_S3_dragon18","bone":"110_S3_dragon3"},{"name":"110_S3_dragon19","bone":"110_S3_dragon3"},{"name":"110_S3_dragon10","bone":"110_S3_dragon2"},{"name":"110_S3_dragon9","bone":"110_S3_dragon2"},{"name":"110_S3_dragon8","bone":"110_S3_dragon2"},{"name":"110_S3_dragon7","bone":"110_S3_dragon2"},{"name":"110_S3_dragon6","bone":"110_S3_dragon2"},{"name":"110_S3_dragon5","bone":"110_S3_dragon2"},{"name":"110_S3_dragon4","bone":"110_S3_dragon2"},{"name":"110_S3_dragon3","bone":"110_S3_dragon2"},{"name":"110_S3_dragon2","bone":"110_S3_dragon2"},{"name":"110_S3_dragon1","bone":"110_S3_dragon1"},{"name":"130_S1_shine1_00041b2","bone":"130_S1_shine1_00041b2","blend":"additive"},{"name":"EF_wind","bone":"EF_wind","blend":"additive"},{"name":"EF_wind2","bone":"EF_wind","blend":"additive"}],"skins":{"default":{"110_S1_ex1_1":{"110_S1_ex1/110_S1_ex1_00000":{"x":-5.32,"y":35.11,"width":250,"height":250},"110_S1_ex1/110_S1_ex1_00002":{"x":-5.32,"y":35.11,"width":250,"height":250},"110_S1_ex1/110_S1_ex1_00003":{"x":-5.32,"y":35.11,"width":250,"height":250},"110_S1_ex1/110_S1_ex1_00004":{"x":-5.32,"y":35.11,"width":250,"height":250},"110_S1_ex1/110_S1_ex1_00005":{"x":-5.32,"y":35.11,"width":250,"height":250},"110_S1_ex1/110_S1_ex1_00006":{"x":-5.32,"y":35.11,"width":250,"height":250},"110_S1_ex1/110_S1_ex1_00007":{"x":-5.32,"y":35.11,"width":250,"height":250},"110_S1_ex1/110_S1_ex1_00008":{"x":-5.32,"y":35.11,"width":250,"height":250},"110_S1_ex1/110_S1_ex1_00009":{"x":-5.32,"y":35.11,"width":250,"height":250},"110_S1_ex1/110_S1_ex1_00010":{"x":-5.32,"y":35.11,"width":250,"height":250}},"110_S1_ex1_10":{"110_S1_ex1/110_S1_ex1_00000":{"x":-5.32,"y":35.11,"width":250,"height":250},"110_S1_ex1/110_S1_ex1_00002":{"x":-5.32,"y":35.11,"width":250,"height":250},"110_S1_ex1/110_S1_ex1_00003":{"x":-5.32,"y":35.11,"width":250,"height":250},"110_S1_ex1/110_S1_ex1_00004":{"x":-5.32,"y":35.11,"width":250,"height":250},"110_S1_ex1/110_S1_ex1_00005":{"x":-5.32,"y":35.11,"width":250,"height":250},"110_S1_ex1/110_S1_ex1_00006":{"x":-5.32,"y":35.11,"width":250,"height":250},"110_S1_ex1/110_S1_ex1_00007":{"x":-5.32,"y":35.11,"width":250,"height":250},"110_S1_ex1/110_S1_ex1_00008":{"x":-5.32,"y":35.11,"width":250,"height":250},"110_S1_ex1/110_S1_ex1_00009":{"x":-5.32,"y":35.11,"width":250,"height":250},"110_S1_ex1/110_S1_ex1_00010":{"x":-5.32,"y":35.11,"width":250,"height":250}},"110_S1_ex1_11":{"110_S1_ex1/110_S1_ex1_00000":{"x":-5.32,"y":35.11,"width":250,"height":250},"110_S1_ex1/110_S1_ex1_00002":{"x":-5.32,"y":35.11,"width":250,"height":250},"110_S1_ex1/110_S1_ex1_00003":{"x":-5.32,"y":35.11,"width":250,"height":250},"110_S1_ex1/110_S1_ex1_00004":{"x":-5.32,"y":35.11,"width":250,"height":250},"110_S1_ex1/110_S1_ex1_00005":{"x":-5.32,"y":35.11,"width":250,"height":250},"110_S1_ex1/110_S1_ex1_00006":{"x":-5.32,"y":35.11,"width":250,"height":250},"110_S1_ex1/110_S1_ex1_00007":{"x":-5.32,"y":35.11,"width":250,"height":250},"110_S1_ex1/110_S1_ex1_00008":{"x":-5.32,"y":35.11,"width":250,"height":250},"110_S1_ex1/110_S1_ex1_00009":{"x":-5.32,"y":35.11,"width":250,"height":250},"110_S1_ex1/110_S1_ex1_00010":{"x":-5.32,"y":35.11,"width":250,"height":250}},"110_S1_ex1_12":{"110_S1_ex1/110_S1_ex1_00000":{"x":-5.32,"y":35.11,"width":250,"height":250},"110_S1_ex1/110_S1_ex1_00002":{"x":-5.32,"y":35.11,"width":250,"height":250},"110_S1_ex1/110_S1_ex1_00003":{"x":-5.32,"y":35.11,"width":250,"height":250},"110_S1_ex1/110_S1_ex1_00004":{"x":-5.32,"y":35.11,"width":250,"height":250},"110_S1_ex1/110_S1_ex1_00005":{"x":-5.32,"y":35.11,"width":250,"height":250},"110_S1_ex1/110_S1_ex1_00006":{"x":-5.32,"y":35.11,"width":250,"height":250},"110_S1_ex1/110_S1_ex1_00007":{"x":-5.32,"y":35.11,"width":250,"height":250},"110_S1_ex1/110_S1_ex1_00008":{"x":-5.32,"y":35.11,"width":250,"height":250},"110_S1_ex1/110_S1_ex1_00009":{"x":-5.32,"y":35.11,"width":250,"height":250},"110_S1_ex1/110_S1_ex1_00010":{"x":-5.32,"y":35.11,"width":250,"height":250}},"110_S1_ex1_2":{"110_S1_ex1/110_S1_ex1_00000":{"x":-5.32,"y":35.11,"width":250,"height":250},"110_S1_ex1/110_S1_ex1_00002":{"x":-5.32,"y":35.11,"width":250,"height":250},"110_S1_ex1/110_S1_ex1_00003":{"x":-5.32,"y":35.11,"width":250,"height":250},"110_S1_ex1/110_S1_ex1_00004":{"x":-5.32,"y":35.11,"width":250,"height":250},"110_S1_ex1/110_S1_ex1_00005":{"x":-5.32,"y":35.11,"width":250,"height":250},"110_S1_ex1/110_S1_ex1_00006":{"x":-5.32,"y":35.11,"width":250,"height":250},"110_S1_ex1/110_S1_ex1_00007":{"x":-5.32,"y":35.11,"width":250,"height":250},"110_S1_ex1/110_S1_ex1_00008":{"x":-5.32,"y":35.11,"width":250,"height":250},"110_S1_ex1/110_S1_ex1_00009":{"x":-5.32,"y":35.11,"width":250,"height":250},"110_S1_ex1/110_S1_ex1_00010":{"x":-5.32,"y":35.11,"width":250,"height":250}},"110_S1_ex1_3":{"110_S1_ex1/110_S1_ex1_00000":{"x":-5.32,"y":35.11,"width":250,"height":250},"110_S1_ex1/110_S1_ex1_00002":{"x":-5.32,"y":35.11,"width":250,"height":250},"110_S1_ex1/110_S1_ex1_00003":{"x":-5.32,"y":35.11,"width":250,"height":250},"110_S1_ex1/110_S1_ex1_00004":{"x":-5.32,"y":35.11,"width":250,"height":250},"110_S1_ex1/110_S1_ex1_00005":{"x":-5.32,"y":35.11,"width":250,"height":250},"110_S1_ex1/110_S1_ex1_00006":{"x":-5.32,"y":35.11,"width":250,"height":250},"110_S1_ex1/110_S1_ex1_00007":{"x":-5.32,"y":35.11,"width":250,"height":250},"110_S1_ex1/110_S1_ex1_00008":{"x":-5.32,"y":35.11,"width":250,"height":250},"110_S1_ex1/110_S1_ex1_00009":{"x":-5.32,"y":35.11,"width":250,"height":250},"110_S1_ex1/110_S1_ex1_00010":{"x":-5.32,"y":35.11,"width":250,"height":250}},"110_S1_ex1_4":{"110_S1_ex1/110_S1_ex1_00000":{"x":-5.32,"y":35.11,"width":250,"height":250},"110_S1_ex1/110_S1_ex1_00002":{"x":-5.32,"y":35.11,"width":250,"height":250},"110_S1_ex1/110_S1_ex1_00003":{"x":-5.32,"y":35.11,"width":250,"height":250},"110_S1_ex1/110_S1_ex1_00004":{"x":-5.32,"y":35.11,"width":250,"height":250},"110_S1_ex1/110_S1_ex1_00005":{"x":-5.32,"y":35.11,"width":250,"height":250},"110_S1_ex1/110_S1_ex1_00006":{"x":-5.32,"y":35.11,"width":250,"height":250},"110_S1_ex1/110_S1_ex1_00007":{"x":-5.32,"y":35.11,"width":250,"height":250},"110_S1_ex1/110_S1_ex1_00008":{"x":-5.32,"y":35.11,"width":250,"height":250},"110_S1_ex1/110_S1_ex1_00009":{"x":-5.32,"y":35.11,"width":250,"height":250},"110_S1_ex1/110_S1_ex1_00010":{"x":-5.32,"y":35.11,"width":250,"height":250}},"110_S1_ex1_5":{"110_S1_ex1/110_S1_ex1_00000":{"x":-5.32,"y":35.11,"width":250,"height":250},"110_S1_ex1/110_S1_ex1_00002":{"x":-5.32,"y":35.11,"width":250,"height":250},"110_S1_ex1/110_S1_ex1_00003":{"x":-5.32,"y":35.11,"width":250,"height":250},"110_S1_ex1/110_S1_ex1_00004":{"x":-5.32,"y":35.11,"width":250,"height":250},"110_S1_ex1/110_S1_ex1_00005":{"x":-5.32,"y":35.11,"width":250,"height":250},"110_S1_ex1/110_S1_ex1_00006":{"x":-5.32,"y":35.11,"width":250,"height":250},"110_S1_ex1/110_S1_ex1_00007":{"x":-5.32,"y":35.11,"width":250,"height":250},"110_S1_ex1/110_S1_ex1_00008":{"x":-5.32,"y":35.11,"width":250,"height":250},"110_S1_ex1/110_S1_ex1_00009":{"x":-5.32,"y":35.11,"width":250,"height":250},"110_S1_ex1/110_S1_ex1_00010":{"x":-5.32,"y":35.11,"width":250,"height":250}},"110_S1_ex1_6":{"110_S1_ex1/110_S1_ex1_00000":{"x":-5.32,"y":35.11,"width":250,"height":250},"110_S1_ex1/110_S1_ex1_00002":{"x":-5.32,"y":35.11,"width":250,"height":250},"110_S1_ex1/110_S1_ex1_00003":{"x":-5.32,"y":35.11,"width":250,"height":250},"110_S1_ex1/110_S1_ex1_00004":{"x":-5.32,"y":35.11,"width":250,"height":250},"110_S1_ex1/110_S1_ex1_00005":{"x":-5.32,"y":35.11,"width":250,"height":250},"110_S1_ex1/110_S1_ex1_00006":{"x":-5.32,"y":35.11,"width":250,"height":250},"110_S1_ex1/110_S1_ex1_00007":{"x":-5.32,"y":35.11,"width":250,"height":250},"110_S1_ex1/110_S1_ex1_00008":{"x":-5.32,"y":35.11,"width":250,"height":250},"110_S1_ex1/110_S1_ex1_00009":{"x":-5.32,"y":35.11,"width":250,"height":250},"110_S1_ex1/110_S1_ex1_00010":{"x":-5.32,"y":35.11,"width":250,"height":250}},"110_S1_ex1_7":{"110_S1_ex1/110_S1_ex1_00000":{"x":-5.32,"y":35.11,"width":250,"height":250},"110_S1_ex1/110_S1_ex1_00002":{"x":-5.32,"y":35.11,"width":250,"height":250},"110_S1_ex1/110_S1_ex1_00003":{"x":-5.32,"y":35.11,"width":250,"height":250},"110_S1_ex1/110_S1_ex1_00004":{"x":-5.32,"y":35.11,"width":250,"height":250},"110_S1_ex1/110_S1_ex1_00005":{"x":-5.32,"y":35.11,"width":250,"height":250},"110_S1_ex1/110_S1_ex1_00006":{"x":-5.32,"y":35.11,"width":250,"height":250},"110_S1_ex1/110_S1_ex1_00007":{"x":-5.32,"y":35.11,"width":250,"height":250},"110_S1_ex1/110_S1_ex1_00008":{"x":-5.32,"y":35.11,"width":250,"height":250},"110_S1_ex1/110_S1_ex1_00009":{"x":-5.32,"y":35.11,"width":250,"height":250},"110_S1_ex1/110_S1_ex1_00010":{"x":-5.32,"y":35.11,"width":250,"height":250}},"110_S1_ex1_8":{"110_S1_ex1/110_S1_ex1_00000":{"x":-5.32,"y":35.11,"width":250,"height":250},"110_S1_ex1/110_S1_ex1_00002":{"x":-5.32,"y":35.11,"width":250,"height":250},"110_S1_ex1/110_S1_ex1_00003":{"x":-5.32,"y":35.11,"width":250,"height":250},"110_S1_ex1/110_S1_ex1_00004":{"x":-5.32,"y":35.11,"width":250,"height":250},"110_S1_ex1/110_S1_ex1_00005":{"x":-5.32,"y":35.11,"width":250,"height":250},"110_S1_ex1/110_S1_ex1_00006":{"x":-5.32,"y":35.11,"width":250,"height":250},"110_S1_ex1/110_S1_ex1_00007":{"x":-5.32,"y":35.11,"width":250,"height":250},"110_S1_ex1/110_S1_ex1_00008":{"x":-5.32,"y":35.11,"width":250,"height":250},"110_S1_ex1/110_S1_ex1_00009":{"x":-5.32,"y":35.11,"width":250,"height":250},"110_S1_ex1/110_S1_ex1_00010":{"x":-5.32,"y":35.11,"width":250,"height":250}},"110_S1_ex1_9":{"110_S1_ex1/110_S1_ex1_00000":{"x":-5.32,"y":35.11,"width":250,"height":250},"110_S1_ex1/110_S1_ex1_00002":{"x":-5.32,"y":35.11,"width":250,"height":250},"110_S1_ex1/110_S1_ex1_00003":{"x":-5.32,"y":35.11,"width":250,"height":250},"110_S1_ex1/110_S1_ex1_00004":{"x":-5.32,"y":35.11,"width":250,"height":250},"110_S1_ex1/110_S1_ex1_00005":{"x":-5.32,"y":35.11,"width":250,"height":250},"110_S1_ex1/110_S1_ex1_00006":{"x":-5.32,"y":35.11,"width":250,"height":250},"110_S1_ex1/110_S1_ex1_00007":{"x":-5.32,"y":35.11,"width":250,"height":250},"110_S1_ex1/110_S1_ex1_00008":{"x":-5.32,"y":35.11,"width":250,"height":250},"110_S1_ex1/110_S1_ex1_00009":{"x":-5.32,"y":35.11,"width":250,"height":250},"110_S1_ex1/110_S1_ex1_00010":{"x":-5.32,"y":35.11,"width":250,"height":250}},"110_S1_ice1_1":{"110_S1_ice1/110_S1_ice1_00000":{"x":3.63,"y":41.25,"width":500,"height":500},"110_S1_ice2/110_S1_ice2_00000":{"x":3.63,"y":41.25,"width":500,"height":500}},"110_S1_ice1_10":{"110_S1_ice1/110_S1_ice1_00000":{"x":3.63,"y":41.25,"width":500,"height":500},"110_S1_ice2/110_S1_ice2_00000":{"x":3.63,"y":41.25,"width":500,"height":500}},"110_S1_ice1_11":{"110_S1_ice1/110_S1_ice1_00000":{"x":3.63,"y":41.25,"width":500,"height":500},"110_S1_ice2/110_S1_ice2_00000":{"x":3.63,"y":41.25,"width":500,"height":500}},"110_S1_ice1_12":{"110_S1_ice1/110_S1_ice1_00000":{"x":3.63,"y":41.25,"width":500,"height":500},"110_S1_ice2/110_S1_ice2_00000":{"x":3.63,"y":41.25,"width":500,"height":500}},"110_S1_ice1_2":{"110_S1_ice1/110_S1_ice1_00000":{"x":3.63,"y":41.25,"width":500,"height":500},"110_S1_ice2/110_S1_ice2_00000":{"x":3.63,"y":41.25,"width":500,"height":500}},"110_S1_ice1_3":{"110_S1_ice1/110_S1_ice1_00000":{"x":3.63,"y":41.25,"width":500,"height":500},"110_S1_ice2/110_S1_ice2_00000":{"x":3.63,"y":41.25,"width":500,"height":500}},"110_S1_ice1_4":{"110_S1_ice1/110_S1_ice1_00000":{"x":3.63,"y":41.25,"width":500,"height":500},"110_S1_ice2/110_S1_ice2_00000":{"x":3.63,"y":41.25,"width":500,"height":500}},"110_S1_ice1_5":{"110_S1_ice1/110_S1_ice1_00000":{"x":3.63,"y":41.25,"width":500,"height":500},"110_S1_ice2/110_S1_ice2_00000":{"x":3.63,"y":41.25,"width":500,"height":500}},"110_S1_ice1_6":{"110_S1_ice1/110_S1_ice1_00000":{"x":3.63,"y":41.25,"width":500,"height":500},"110_S1_ice2/110_S1_ice2_00000":{"x":3.63,"y":41.25,"width":500,"height":500}},"110_S1_ice1_7":{"110_S1_ice1/110_S1_ice1_00000":{"x":3.63,"y":41.25,"width":500,"height":500},"110_S1_ice2/110_S1_ice2_00000":{"x":3.63,"y":41.25,"width":500,"height":500}},"110_S1_ice1_8":{"110_S1_ice1/110_S1_ice1_00000":{"x":3.63,"y":41.25,"width":500,"height":500},"110_S1_ice2/110_S1_ice2_00000":{"x":3.63,"y":41.25,"width":500,"height":500}},"110_S1_ice1_9":{"110_S1_ice1/110_S1_ice1_00000":{"x":3.63,"y":41.25,"width":500,"height":500},"110_S1_ice2/110_S1_ice2_00000":{"x":3.63,"y":41.25,"width":500,"height":500}},"110_S1_icebreak1_1":{"110_S1_icebreak1/110_S1_icebreak1_00000":{"x":14.71,"y":39.33,"width":500,"height":500},"110_S1_icebreak1/110_S1_icebreak1_00001":{"x":14.71,"y":39.33,"width":500,"height":500},"110_S1_icebreak1/110_S1_icebreak1_00002":{"x":14.71,"y":39.33,"width":500,"height":500},"110_S1_icebreak1/110_S1_icebreak1_00003":{"x":14.71,"y":39.33,"width":500,"height":500},"110_S1_icebreak1/110_S1_icebreak1_00004":{"x":14.71,"y":39.33,"width":500,"height":500},"110_S1_icebreak1/110_S1_icebreak1_00005":{"x":14.71,"y":39.33,"width":500,"height":500},"110_S1_icebreak1/110_S1_icebreak1_00006":{"x":14.71,"y":39.33,"width":500,"height":500}},"110_S1_icebreak1_10":{"110_S1_icebreak1/110_S1_icebreak1_00000":{"x":14.71,"y":39.33,"width":500,"height":500},"110_S1_icebreak1/110_S1_icebreak1_00001":{"x":14.71,"y":39.33,"width":500,"height":500},"110_S1_icebreak1/110_S1_icebreak1_00002":{"x":14.71,"y":39.33,"width":500,"height":500},"110_S1_icebreak1/110_S1_icebreak1_00003":{"x":14.71,"y":39.33,"width":500,"height":500},"110_S1_icebreak1/110_S1_icebreak1_00004":{"x":14.71,"y":39.33,"width":500,"height":500},"110_S1_icebreak1/110_S1_icebreak1_00005":{"x":14.71,"y":39.33,"width":500,"height":500},"110_S1_icebreak1/110_S1_icebreak1_00006":{"x":14.71,"y":39.33,"width":500,"height":500}},"110_S1_icebreak1_11":{"110_S1_icebreak1/110_S1_icebreak1_00000":{"x":14.71,"y":39.33,"width":500,"height":500},"110_S1_icebreak1/110_S1_icebreak1_00001":{"x":14.71,"y":39.33,"width":500,"height":500},"110_S1_icebreak1/110_S1_icebreak1_00002":{"x":14.71,"y":39.33,"width":500,"height":500},"110_S1_icebreak1/110_S1_icebreak1_00003":{"x":14.71,"y":39.33,"width":500,"height":500},"110_S1_icebreak1/110_S1_icebreak1_00004":{"x":14.71,"y":39.33,"width":500,"height":500},"110_S1_icebreak1/110_S1_icebreak1_00005":{"x":14.71,"y":39.33,"width":500,"height":500},"110_S1_icebreak1/110_S1_icebreak1_00006":{"x":14.71,"y":39.33,"width":500,"height":500}},"110_S1_icebreak1_12":{"110_S1_icebreak1/110_S1_icebreak1_00000":{"x":14.71,"y":39.33,"width":500,"height":500},"110_S1_icebreak1/110_S1_icebreak1_00001":{"x":14.71,"y":39.33,"width":500,"height":500},"110_S1_icebreak1/110_S1_icebreak1_00002":{"x":14.71,"y":39.33,"width":500,"height":500},"110_S1_icebreak1/110_S1_icebreak1_00003":{"x":14.71,"y":39.33,"width":500,"height":500},"110_S1_icebreak1/110_S1_icebreak1_00004":{"x":14.71,"y":39.33,"width":500,"height":500},"110_S1_icebreak1/110_S1_icebreak1_00005":{"x":14.71,"y":39.33,"width":500,"height":500},"110_S1_icebreak1/110_S1_icebreak1_00006":{"x":14.71,"y":39.33,"width":500,"height":500}},"110_S1_icebreak1_13":{"110_S1_icebreak1/110_S1_icebreak1_00000":{"x":14.71,"y":39.33,"width":500,"height":500},"110_S1_icebreak1/110_S1_icebreak1_00001":{"x":14.71,"y":39.33,"width":500,"height":500},"110_S1_icebreak1/110_S1_icebreak1_00002":{"x":14.71,"y":39.33,"width":500,"height":500},"110_S1_icebreak1/110_S1_icebreak1_00003":{"x":14.71,"y":39.33,"width":500,"height":500},"110_S1_icebreak1/110_S1_icebreak1_00004":{"x":14.71,"y":39.33,"width":500,"height":500},"110_S1_icebreak1/110_S1_icebreak1_00005":{"x":14.71,"y":39.33,"width":500,"height":500},"110_S1_icebreak1/110_S1_icebreak1_00006":{"x":14.71,"y":39.33,"width":500,"height":500}},"110_S1_icebreak1_14":{"110_S1_icebreak1/110_S1_icebreak1_00000":{"x":14.71,"y":39.33,"width":500,"height":500},"110_S1_icebreak1/110_S1_icebreak1_00001":{"x":14.71,"y":39.33,"width":500,"height":500},"110_S1_icebreak1/110_S1_icebreak1_00002":{"x":14.71,"y":39.33,"width":500,"height":500},"110_S1_icebreak1/110_S1_icebreak1_00003":{"x":14.71,"y":39.33,"width":500,"height":500},"110_S1_icebreak1/110_S1_icebreak1_00004":{"x":14.71,"y":39.33,"width":500,"height":500},"110_S1_icebreak1/110_S1_icebreak1_00005":{"x":14.71,"y":39.33,"width":500,"height":500},"110_S1_icebreak1/110_S1_icebreak1_00006":{"x":14.71,"y":39.33,"width":500,"height":500}},"110_S1_icebreak1_15":{"110_S1_icebreak1/110_S1_icebreak1_00000":{"x":14.71,"y":39.33,"width":500,"height":500},"110_S1_icebreak1/110_S1_icebreak1_00001":{"x":14.71,"y":39.33,"width":500,"height":500},"110_S1_icebreak1/110_S1_icebreak1_00002":{"x":14.71,"y":39.33,"width":500,"height":500},"110_S1_icebreak1/110_S1_icebreak1_00003":{"x":14.71,"y":39.33,"width":500,"height":500},"110_S1_icebreak1/110_S1_icebreak1_00004":{"x":14.71,"y":39.33,"width":500,"height":500},"110_S1_icebreak1/110_S1_icebreak1_00005":{"x":14.71,"y":39.33,"width":500,"height":500},"110_S1_icebreak1/110_S1_icebreak1_00006":{"x":14.71,"y":39.33,"width":500,"height":500}},"110_S1_icebreak1_16":{"110_S1_icebreak1/110_S1_icebreak1_00000":{"x":14.71,"y":39.33,"width":500,"height":500},"110_S1_icebreak1/110_S1_icebreak1_00001":{"x":14.71,"y":39.33,"width":500,"height":500},"110_S1_icebreak1/110_S1_icebreak1_00002":{"x":14.71,"y":39.33,"width":500,"height":500},"110_S1_icebreak1/110_S1_icebreak1_00003":{"x":14.71,"y":39.33,"width":500,"height":500},"110_S1_icebreak1/110_S1_icebreak1_00004":{"x":14.71,"y":39.33,"width":500,"height":500},"110_S1_icebreak1/110_S1_icebreak1_00005":{"x":14.71,"y":39.33,"width":500,"height":500},"110_S1_icebreak1/110_S1_icebreak1_00006":{"x":14.71,"y":39.33,"width":500,"height":500}},"110_S1_icebreak1_2":{"110_S1_icebreak1/110_S1_icebreak1_00000":{"x":14.71,"y":39.33,"width":500,"height":500},"110_S1_icebreak1/110_S1_icebreak1_00001":{"x":14.71,"y":39.33,"width":500,"height":500},"110_S1_icebreak1/110_S1_icebreak1_00002":{"x":14.71,"y":39.33,"width":500,"height":500},"110_S1_icebreak1/110_S1_icebreak1_00003":{"x":14.71,"y":39.33,"width":500,"height":500},"110_S1_icebreak1/110_S1_icebreak1_00004":{"x":14.71,"y":39.33,"width":500,"height":500},"110_S1_icebreak1/110_S1_icebreak1_00005":{"x":14.71,"y":39.33,"width":500,"height":500},"110_S1_icebreak1/110_S1_icebreak1_00006":{"x":14.71,"y":39.33,"width":500,"height":500}},"110_S1_icebreak1_3":{"110_S1_icebreak1/110_S1_icebreak1_00000":{"x":14.71,"y":39.33,"width":500,"height":500},"110_S1_icebreak1/110_S1_icebreak1_00001":{"x":14.71,"y":39.33,"width":500,"height":500},"110_S1_icebreak1/110_S1_icebreak1_00002":{"x":14.71,"y":39.33,"width":500,"height":500},"110_S1_icebreak1/110_S1_icebreak1_00003":{"x":14.71,"y":39.33,"width":500,"height":500},"110_S1_icebreak1/110_S1_icebreak1_00004":{"x":14.71,"y":39.33,"width":500,"height":500},"110_S1_icebreak1/110_S1_icebreak1_00005":{"x":14.71,"y":39.33,"width":500,"height":500},"110_S1_icebreak1/110_S1_icebreak1_00006":{"x":14.71,"y":39.33,"width":500,"height":500}},"110_S1_icebreak1_4":{"110_S1_icebreak1/110_S1_icebreak1_00000":{"x":14.71,"y":39.33,"width":500,"height":500},"110_S1_icebreak1/110_S1_icebreak1_00001":{"x":14.71,"y":39.33,"width":500,"height":500},"110_S1_icebreak1/110_S1_icebreak1_00002":{"x":14.71,"y":39.33,"width":500,"height":500},"110_S1_icebreak1/110_S1_icebreak1_00003":{"x":14.71,"y":39.33,"width":500,"height":500},"110_S1_icebreak1/110_S1_icebreak1_00004":{"x":14.71,"y":39.33,"width":500,"height":500},"110_S1_icebreak1/110_S1_icebreak1_00005":{"x":14.71,"y":39.33,"width":500,"height":500},"110_S1_icebreak1/110_S1_icebreak1_00006":{"x":14.71,"y":39.33,"width":500,"height":500}},"110_S1_icebreak1_5":{"110_S1_icebreak1/110_S1_icebreak1_00000":{"x":14.71,"y":39.33,"width":500,"height":500},"110_S1_icebreak1/110_S1_icebreak1_00001":{"x":14.71,"y":39.33,"width":500,"height":500},"110_S1_icebreak1/110_S1_icebreak1_00002":{"x":14.71,"y":39.33,"width":500,"height":500},"110_S1_icebreak1/110_S1_icebreak1_00003":{"x":14.71,"y":39.33,"width":500,"height":500},"110_S1_icebreak1/110_S1_icebreak1_00004":{"x":14.71,"y":39.33,"width":500,"height":500},"110_S1_icebreak1/110_S1_icebreak1_00005":{"x":14.71,"y":39.33,"width":500,"height":500},"110_S1_icebreak1/110_S1_icebreak1_00006":{"x":14.71,"y":39.33,"width":500,"height":500}},"110_S1_icebreak1_6":{"110_S1_icebreak1/110_S1_icebreak1_00000":{"x":14.71,"y":39.33,"width":500,"height":500},"110_S1_icebreak1/110_S1_icebreak1_00001":{"x":14.71,"y":39.33,"width":500,"height":500},"110_S1_icebreak1/110_S1_icebreak1_00002":{"x":14.71,"y":39.33,"width":500,"height":500},"110_S1_icebreak1/110_S1_icebreak1_00003":{"x":14.71,"y":39.33,"width":500,"height":500},"110_S1_icebreak1/110_S1_icebreak1_00004":{"x":14.71,"y":39.33,"width":500,"height":500},"110_S1_icebreak1/110_S1_icebreak1_00005":{"x":14.71,"y":39.33,"width":500,"height":500},"110_S1_icebreak1/110_S1_icebreak1_00006":{"x":14.71,"y":39.33,"width":500,"height":500}},"110_S1_icebreak1_7":{"110_S1_icebreak1/110_S1_icebreak1_00000":{"x":14.71,"y":39.33,"width":500,"height":500},"110_S1_icebreak1/110_S1_icebreak1_00001":{"x":14.71,"y":39.33,"width":500,"height":500},"110_S1_icebreak1/110_S1_icebreak1_00002":{"x":14.71,"y":39.33,"width":500,"height":500},"110_S1_icebreak1/110_S1_icebreak1_00003":{"x":14.71,"y":39.33,"width":500,"height":500},"110_S1_icebreak1/110_S1_icebreak1_00004":{"x":14.71,"y":39.33,"width":500,"height":500},"110_S1_icebreak1/110_S1_icebreak1_00005":{"x":14.71,"y":39.33,"width":500,"height":500},"110_S1_icebreak1/110_S1_icebreak1_00006":{"x":14.71,"y":39.33,"width":500,"height":500}},"110_S1_icebreak1_8":{"110_S1_icebreak1/110_S1_icebreak1_00000":{"x":14.71,"y":39.33,"width":500,"height":500},"110_S1_icebreak1/110_S1_icebreak1_00001":{"x":14.71,"y":39.33,"width":500,"height":500},"110_S1_icebreak1/110_S1_icebreak1_00002":{"x":14.71,"y":39.33,"width":500,"height":500},"110_S1_icebreak1/110_S1_icebreak1_00003":{"x":14.71,"y":39.33,"width":500,"height":500},"110_S1_icebreak1/110_S1_icebreak1_00004":{"x":14.71,"y":39.33,"width":500,"height":500},"110_S1_icebreak1/110_S1_icebreak1_00005":{"x":14.71,"y":39.33,"width":500,"height":500},"110_S1_icebreak1/110_S1_icebreak1_00006":{"x":14.71,"y":39.33,"width":500,"height":500}},"110_S1_icebreak1_9":{"110_S1_icebreak1/110_S1_icebreak1_00000":{"x":14.71,"y":39.33,"width":500,"height":500},"110_S1_icebreak1/110_S1_icebreak1_00001":{"x":14.71,"y":39.33,"width":500,"height":500},"110_S1_icebreak1/110_S1_icebreak1_00002":{"x":14.71,"y":39.33,"width":500,"height":500},"110_S1_icebreak1/110_S1_icebreak1_00003":{"x":14.71,"y":39.33,"width":500,"height":500},"110_S1_icebreak1/110_S1_icebreak1_00004":{"x":14.71,"y":39.33,"width":500,"height":500},"110_S1_icebreak1/110_S1_icebreak1_00005":{"x":14.71,"y":39.33,"width":500,"height":500},"110_S1_icebreak1/110_S1_icebreak1_00006":{"x":14.71,"y":39.33,"width":500,"height":500}},"110_S1_slash1_1":{"110_S1_slash1/110_S1_slash1_00000":{"x":7.84,"y":-2.69,"width":450,"height":450},"110_S1_slash1/110_S1_slash1_00001":{"x":7.84,"y":-2.69,"width":450,"height":450},"110_S1_slash1/110_S1_slash1_00002":{"x":7.84,"y":-2.69,"width":450,"height":450},"110_S1_slash1/110_S1_slash1_00003":{"x":7.84,"y":-2.69,"width":450,"height":450},"110_S1_slash1/110_S1_slash1_00004":{"x":7.84,"y":-2.69,"width":450,"height":450},"110_S1_slash1/110_S1_slash1_00005":{"x":7.84,"y":-1.54,"width":450,"height":450}},"110_S1_slash1_2":{"110_S1_slash1/110_S1_slash1_00000":{"x":7.84,"y":-2.69,"width":450,"height":450},"110_S1_slash1/110_S1_slash1_00001":{"x":7.84,"y":-2.69,"width":450,"height":450},"110_S1_slash1/110_S1_slash1_00002":{"x":7.84,"y":-2.69,"width":450,"height":450},"110_S1_slash1/110_S1_slash1_00003":{"x":7.84,"y":-2.69,"width":450,"height":450},"110_S1_slash1/110_S1_slash1_00004":{"x":7.84,"y":-2.69,"width":450,"height":450},"110_S1_slash1/110_S1_slash1_00005":{"x":7.84,"y":-1.54,"width":450,"height":450}},"110_S1_slash2":{"110_S1_slash2/110_S1_slash2_00000":{"x":-28.68,"y":8.59,"width":375,"height":375},"110_S1_slash2/110_S1_slash2_00001":{"x":-28.68,"y":8.59,"width":375,"height":375},"110_S1_slash2/110_S1_slash2_00002":{"x":-28.68,"y":8.59,"width":375,"height":375},"110_S1_slash2/110_S1_slash2_00003":{"x":-28.68,"y":8.59,"width":375,"height":375},"110_S1_slash2/110_S1_slash2_00004":{"x":-28.68,"y":8.59,"width":375,"height":375},"110_S1_slash2/110_S1_slash2_00005":{"x":-28.68,"y":8.59,"width":375,"height":375},"110_S1_slash2/110_S1_slash2_00006":{"x":-28.68,"y":8.59,"width":375,"height":375},"110_S1_slash2/110_S1_slash2_00007":{"x":-28.68,"y":8.59,"width":375,"height":375}},"110_S2_ice1_1":{"110_S2_ice1/110_S2_ice1_00000":{"x":-9.68,"y":16.94,"width":500,"height":500}},"110_S2_ice1_2":{"110_S2_ice1/110_S2_ice1_00000":{"x":-9.68,"y":16.94,"width":500,"height":500}},"110_S2_ice1_3":{"110_S2_ice1/110_S2_ice1_00000":{"x":-9.68,"y":16.94,"width":500,"height":500}},"110_S2_ice2_1":{"110_S2_ice2/110_S2_ice2_00000":{"x":-9.68,"y":9.68,"width":500,"height":500}},"110_S2_ice2_2":{"110_S2_ice2/110_S2_ice2_00000":{"x":-9.68,"y":9.68,"width":500,"height":500}},"110_S2_ice2_3":{"110_S2_ice2/110_S2_ice2_00000":{"x":-9.68,"y":9.68,"width":500,"height":500}},"110_S2_ice2_4":{"110_S2_ice2/110_S2_ice2_00000":{"x":-9.68,"y":9.68,"width":500,"height":500}},"110_S2_ice2_5":{"110_S2_ice2/110_S2_ice2_00000":{"x":-9.68,"y":9.68,"width":500,"height":500}},"110_S2_pt1":{"110_S2_pt1/110_S2_pt1_00001":{"x":15.18,"y":49.97,"width":250,"height":250},"110_S2_pt1/110_S2_pt1_00002":{"x":15.18,"y":49.97,"width":250,"height":250},"110_S2_pt1/110_S2_pt1_00003":{"x":15.18,"y":49.97,"width":250,"height":250},"110_S2_pt1/110_S2_pt1_00004":{"x":15.18,"y":49.97,"width":250,"height":250},"110_S2_pt1/110_S2_pt1_00006":{"x":15.18,"y":49.97,"width":250,"height":250},"110_S2_pt1/110_S2_pt1_00008":{"x":15.18,"y":49.97,"width":250,"height":250},"110_S2_pt1/110_S2_pt1_00010":{"x":15.18,"y":49.97,"width":250,"height":250},"110_S2_pt1/110_S2_pt1_00012":{"x":15.18,"y":49.97,"width":250,"height":250},"110_S2_pt1/110_S2_pt1_00014":{"x":15.18,"y":49.97,"width":250,"height":250},"110_S2_pt1/110_S2_pt1_00016":{"x":15.18,"y":49.97,"width":250,"height":250},"110_S2_pt1/110_S2_pt1_00018":{"x":15.18,"y":49.97,"width":250,"height":250},"110_S2_pt1/110_S2_pt1_00020":{"x":15.18,"y":49.97,"width":250,"height":250},"110_S2_pt1/110_S2_pt1_00022":{"x":15.18,"y":49.97,"width":250,"height":250},"110_S2_pt1/110_S2_pt1_00024":{"x":15.18,"y":49.97,"width":250,"height":250},"110_S2_pt1/110_S2_pt1_00026":{"x":15.18,"y":49.97,"width":250,"height":250},"110_S2_pt1/110_S2_pt1_00028":{"x":15.18,"y":49.97,"width":250,"height":250}},"110_S2_pt2":{"110_S2_pt1/110_S2_pt1_00001":{"x":15.18,"y":49.97,"width":250,"height":250},"110_S2_pt1/110_S2_pt1_00002":{"x":15.18,"y":49.97,"width":250,"height":250},"110_S2_pt1/110_S2_pt1_00003":{"x":15.18,"y":49.97,"width":250,"height":250},"110_S2_pt1/110_S2_pt1_00004":{"x":15.18,"y":49.97,"width":250,"height":250},"110_S2_pt1/110_S2_pt1_00006":{"x":15.18,"y":49.97,"width":250,"height":250},"110_S2_pt1/110_S2_pt1_00008":{"x":15.18,"y":49.97,"width":250,"height":250},"110_S2_pt1/110_S2_pt1_00010":{"x":15.18,"y":49.97,"width":250,"height":250},"110_S2_pt1/110_S2_pt1_00012":{"x":15.18,"y":49.97,"width":250,"height":250},"110_S2_pt1/110_S2_pt1_00014":{"x":15.18,"y":49.97,"width":250,"height":250},"110_S2_pt1/110_S2_pt1_00016":{"x":15.18,"y":49.97,"width":250,"height":250},"110_S2_pt1/110_S2_pt1_00018":{"x":15.18,"y":49.97,"width":250,"height":250},"110_S2_pt1/110_S2_pt1_00020":{"x":15.18,"y":49.97,"width":250,"height":250},"110_S2_pt1/110_S2_pt1_00022":{"x":15.18,"y":49.97,"width":250,"height":250},"110_S2_pt1/110_S2_pt1_00024":{"x":15.18,"y":49.97,"width":250,"height":250},"110_S2_pt1/110_S2_pt1_00026":{"x":15.18,"y":49.97,"width":250,"height":250},"110_S2_pt1/110_S2_pt1_00028":{"x":15.18,"y":49.97,"width":250,"height":250}},"110_S2_pt3":{"110_S2_pt1/110_S2_pt1_00001":{"x":15.18,"y":49.97,"width":250,"height":250},"110_S2_pt1/110_S2_pt1_00002":{"x":15.18,"y":49.97,"width":250,"height":250},"110_S2_pt1/110_S2_pt1_00003":{"x":15.18,"y":49.97,"width":250,"height":250},"110_S2_pt1/110_S2_pt1_00004":{"x":15.18,"y":49.97,"width":250,"height":250},"110_S2_pt1/110_S2_pt1_00006":{"x":15.18,"y":49.97,"width":250,"height":250},"110_S2_pt1/110_S2_pt1_00008":{"x":15.18,"y":49.97,"width":250,"height":250},"110_S2_pt1/110_S2_pt1_00010":{"x":15.18,"y":49.97,"width":250,"height":250},"110_S2_pt1/110_S2_pt1_00012":{"x":15.18,"y":49.97,"width":250,"height":250},"110_S2_pt1/110_S2_pt1_00014":{"x":15.18,"y":49.97,"width":250,"height":250},"110_S2_pt1/110_S2_pt1_00016":{"x":15.18,"y":49.97,"width":250,"height":250},"110_S2_pt1/110_S2_pt1_00018":{"x":15.18,"y":49.97,"width":250,"height":250},"110_S2_pt1/110_S2_pt1_00020":{"x":15.18,"y":49.97,"width":250,"height":250},"110_S2_pt1/110_S2_pt1_00022":{"x":15.18,"y":49.97,"width":250,"height":250},"110_S2_pt1/110_S2_pt1_00024":{"x":15.18,"y":49.97,"width":250,"height":250},"110_S2_pt1/110_S2_pt1_00026":{"x":15.18,"y":49.97,"width":250,"height":250},"110_S2_pt1/110_S2_pt1_00028":{"x":15.18,"y":49.97,"width":250,"height":250}},"110_S2_slash1_1":{"110_S2_slash1/110_S2_slash1_00000":{"x":-0.55,"y":117.87,"width":500,"height":500}},"110_S2_slash1_2":{"110_S2_slash1/110_S2_slash1_00000":{"x":-0.55,"y":117.87,"width":500,"height":500}},"110_S2_slash1_3":{"110_S2_slash1/110_S2_slash1_00000":{"x":-0.55,"y":117.87,"width":500,"height":500}},"110_S2_slash1_4":{"110_S2_slash1/110_S2_slash1_00000":{"x":-0.55,"y":117.87,"width":500,"height":500}},"110_S2_slash1_5":{"110_S2_slash1/110_S2_slash1_00000":{"x":-0.55,"y":117.87,"width":500,"height":500}},"110_S2_slash1_6":{"110_S2_slash1/110_S2_slash1_00000":{"x":-0.55,"y":117.87,"width":500,"height":500}},"110_S2_slash1_8":{"110_S2_slash1/110_S2_slash1_00000":{"x":-0.55,"y":117.87,"width":500,"height":500}},"110_S2_slash7":{"110_S2_slash1/110_S2_slash1_00000":{"x":-0.55,"y":117.87,"width":500,"height":500}},"110_S3_dragon1":{"110_S3_dragon1":{"x":-18.34,"y":21.82,"width":286,"height":214}},"110_S3_dragon10":{"110_S3_dragon2":{"x":1272.87,"y":7.02,"width":208,"height":168}},"110_S3_dragon11":{"110_S3_dragon2":{"x":1272.87,"y":7.02,"width":208,"height":168}},"110_S3_dragon12":{"110_S3_dragon2":{"x":1109.07,"y":7.02,"width":208,"height":168}},"110_S3_dragon13":{"110_S3_dragon2":{"x":960.56,"y":7.02,"width":208,"height":168}},"110_S3_dragon14":{"110_S3_dragon2":{"x":804.13,"y":7.02,"width":208,"height":168}},"110_S3_dragon15":{"110_S3_dragon2":{"x":649.39,"y":7.02,"width":208,"height":168}},"110_S3_dragon16":{"110_S3_dragon2":{"x":489.6,"y":7.02,"width":208,"height":168}},"110_S3_dragon17":{"110_S3_dragon2":{"x":331.5,"y":7.02,"width":208,"height":168}},"110_S3_dragon18":{"110_S3_dragon2":{"x":168.34,"y":7.02,"width":208,"height":168}},"110_S3_dragon19":{"110_S3_dragon2":{"x":6.87,"y":7.02,"width":208,"height":168}},"110_S3_dragon2":{"110_S3_dragon2":{"x":6.87,"y":7.02,"width":208,"height":168}},"110_S3_dragon20":{"110_S3_dragon2":{"x":1272.87,"y":7.02,"width":208,"height":168}},"110_S3_dragon21":{"110_S3_dragon2":{"x":1109.07,"y":7.02,"width":208,"height":168}},"110_S3_dragon22":{"110_S3_dragon2":{"x":960.56,"y":7.02,"width":208,"height":168}},"110_S3_dragon23":{"110_S3_dragon2":{"x":804.13,"y":7.02,"width":208,"height":168}},"110_S3_dragon24":{"110_S3_dragon2":{"x":649.39,"y":7.02,"width":208,"height":168}},"110_S3_dragon25":{"110_S3_dragon2":{"x":489.6,"y":7.02,"width":208,"height":168}},"110_S3_dragon26":{"110_S3_dragon2":{"x":331.5,"y":7.02,"width":208,"height":168}},"110_S3_dragon27":{"110_S3_dragon2":{"x":168.34,"y":7.02,"width":208,"height":168}},"110_S3_dragon28":{"110_S3_dragon2":{"x":6.87,"y":7.02,"width":208,"height":168}},"110_S3_dragon29":{"110_S3_dragon2":{"x":1272.87,"y":7.02,"width":208,"height":168}},"110_S3_dragon3":{"110_S3_dragon2":{"x":168.34,"y":7.02,"width":208,"height":168}},"110_S3_dragon30":{"110_S3_dragon2":{"x":1109.07,"y":7.02,"width":208,"height":168}},"110_S3_dragon31":{"110_S3_dragon2":{"x":960.56,"y":7.02,"width":208,"height":168}},"110_S3_dragon32":{"110_S3_dragon2":{"x":804.13,"y":7.02,"width":208,"height":168}},"110_S3_dragon33":{"110_S3_dragon2":{"x":649.39,"y":7.02,"width":208,"height":168}},"110_S3_dragon34":{"110_S3_dragon2":{"x":489.6,"y":7.02,"width":208,"height":168}},"110_S3_dragon35":{"110_S3_dragon2":{"x":331.5,"y":7.02,"width":208,"height":168}},"110_S3_dragon36":{"110_S3_dragon2":{"x":168.34,"y":7.02,"width":208,"height":168}},"110_S3_dragon37":{"110_S3_dragon2":{"x":6.87,"y":7.02,"width":208,"height":168}},"110_S3_dragon38":{"110_S3_dragon2":{"x":1272.87,"y":7.02,"width":208,"height":168}},"110_S3_dragon39":{"110_S3_dragon2":{"x":1109.07,"y":7.02,"width":208,"height":168}},"110_S3_dragon4":{"110_S3_dragon2":{"x":331.5,"y":7.02,"width":208,"height":168}},"110_S3_dragon40":{"110_S3_dragon2":{"x":960.56,"y":7.02,"width":208,"height":168}},"110_S3_dragon41":{"110_S3_dragon2":{"x":804.13,"y":7.02,"width":208,"height":168}},"110_S3_dragon42":{"110_S3_dragon2":{"x":649.39,"y":7.02,"width":208,"height":168}},"110_S3_dragon43":{"110_S3_dragon2":{"x":489.6,"y":7.02,"width":208,"height":168}},"110_S3_dragon44":{"110_S3_dragon2":{"x":331.5,"y":7.02,"width":208,"height":168}},"110_S3_dragon45":{"110_S3_dragon2":{"x":168.34,"y":7.02,"width":208,"height":168}},"110_S3_dragon46":{"110_S3_dragon2":{"x":6.87,"y":7.02,"width":208,"height":168}},"110_S3_dragon47":{"110_S3_dragon2":{"x":1272.87,"y":7.02,"width":208,"height":168}},"110_S3_dragon48":{"110_S3_dragon2":{"x":1109.07,"y":7.02,"width":208,"height":168}},"110_S3_dragon49":{"110_S3_dragon2":{"x":960.56,"y":7.02,"width":208,"height":168}},"110_S3_dragon5":{"110_S3_dragon2":{"x":489.6,"y":7.02,"width":208,"height":168}},"110_S3_dragon50":{"110_S3_dragon2":{"x":804.13,"y":7.02,"width":208,"height":168}},"110_S3_dragon51":{"110_S3_dragon2":{"x":649.39,"y":7.02,"width":208,"height":168}},"110_S3_dragon52":{"110_S3_dragon2":{"x":489.6,"y":7.02,"width":208,"height":168}},"110_S3_dragon53":{"110_S3_dragon2":{"x":331.5,"y":7.02,"width":208,"height":168}},"110_S3_dragon54":{"110_S3_dragon2":{"x":168.34,"y":7.02,"width":208,"height":168}},"110_S3_dragon55":{"110_S3_dragon2":{"x":6.87,"y":7.02,"width":208,"height":168}},"110_S3_dragon56":{"110_S3_dragon2":{"x":1272.87,"y":7.02,"width":208,"height":168}},"110_S3_dragon57":{"110_S3_dragon2":{"x":1109.07,"y":7.02,"width":208,"height":168}},"110_S3_dragon58":{"110_S3_dragon2":{"x":960.56,"y":7.02,"width":208,"height":168}},"110_S3_dragon59":{"110_S3_dragon2":{"x":804.13,"y":7.02,"width":208,"height":168}},"110_S3_dragon6":{"110_S3_dragon2":{"x":649.39,"y":7.02,"width":208,"height":168}},"110_S3_dragon60":{"110_S3_dragon2":{"x":649.39,"y":7.02,"width":208,"height":168}},"110_S3_dragon61":{"110_S3_dragon2":{"x":489.6,"y":7.02,"width":208,"height":168}},"110_S3_dragon62":{"110_S3_dragon2":{"x":331.5,"y":7.02,"width":208,"height":168}},"110_S3_dragon63":{"110_S3_dragon2":{"x":168.34,"y":7.02,"width":208,"height":168}},"110_S3_dragon64":{"110_S3_dragon2":{"x":6.87,"y":7.02,"width":208,"height":168}},"110_S3_dragon65":{"110_S3_dragon2":{"x":1272.87,"y":7.02,"width":208,"height":168}},"110_S3_dragon66":{"110_S3_dragon2":{"x":1109.07,"y":7.02,"width":208,"height":168}},"110_S3_dragon67":{"110_S3_dragon2":{"x":960.56,"y":7.02,"width":208,"height":168}},"110_S3_dragon68":{"110_S3_dragon2":{"x":804.13,"y":7.02,"width":208,"height":168}},"110_S3_dragon69":{"110_S3_dragon2":{"x":649.39,"y":7.02,"width":208,"height":168}},"110_S3_dragon7":{"110_S3_dragon2":{"x":804.13,"y":7.02,"width":208,"height":168}},"110_S3_dragon70":{"110_S3_dragon2":{"x":489.6,"y":7.02,"width":208,"height":168}},"110_S3_dragon71":{"110_S3_dragon2":{"x":331.5,"y":7.02,"width":208,"height":168}},"110_S3_dragon72":{"110_S3_dragon2":{"x":168.34,"y":7.02,"width":208,"height":168}},"110_S3_dragon73":{"110_S3_dragon2":{"x":6.87,"y":7.02,"width":208,"height":168}},"110_S3_dragon74":{"110_S3_dragon2":{"x":1272.87,"y":7.02,"width":208,"height":168}},"110_S3_dragon75":{"110_S3_dragon2":{"x":1109.07,"y":7.02,"width":208,"height":168}},"110_S3_dragon76":{"110_S3_dragon2":{"x":960.56,"y":7.02,"width":208,"height":168}},"110_S3_dragon77":{"110_S3_dragon2":{"x":804.13,"y":7.02,"width":208,"height":168}},"110_S3_dragon78":{"110_S3_dragon2":{"x":649.39,"y":7.02,"width":208,"height":168}},"110_S3_dragon79":{"110_S3_dragon2":{"x":489.6,"y":7.02,"width":208,"height":168}},"110_S3_dragon8":{"110_S3_dragon2":{"x":960.56,"y":7.02,"width":208,"height":168}},"110_S3_dragon80":{"110_S3_dragon2":{"x":331.5,"y":7.02,"width":208,"height":168}},"110_S3_dragon81":{"110_S3_dragon2":{"x":168.34,"y":7.02,"width":208,"height":168}},"110_S3_dragon82":{"110_S3_dragon2":{"x":6.87,"y":7.02,"width":208,"height":168}},"110_S3_dragon9":{"110_S3_dragon2":{"x":1109.07,"y":7.02,"width":208,"height":168}},"130_S1_shine1_00041b2":{"130_S1_shine1_00041b2":{"x":-1.68,"y":-2.8,"width":315,"height":315}},"610_S2_water1_1":{"610_S2_water1/610_S2_water1_00000":{"x":-1.53,"y":13.39,"width":250,"height":250},"610_S2_water1/610_S2_water1_00001":{"x":-1.53,"y":13.39,"width":250,"height":250},"610_S2_water1/610_S2_water1_00002":{"x":-1.53,"y":13.39,"width":250,"height":250},"610_S2_water1/610_S2_water1_00003":{"x":-1.53,"y":13.39,"width":250,"height":250},"610_S2_water1/610_S2_water1_00004":{"x":-1.53,"y":13.39,"width":250,"height":250},"610_S2_water1/610_S2_water1_00005":{"x":-1.53,"y":13.39,"width":250,"height":250},"610_S2_water1/610_S2_water1_00006":{"x":-1.53,"y":13.39,"width":250,"height":250},"610_S2_water1/610_S2_water1_00008":{"x":-1.53,"y":13.39,"width":250,"height":250},"610_S2_water1/610_S2_water1_00010":{"x":-1.53,"y":13.39,"width":250,"height":250},"610_S2_water1/610_S2_water1_00012":{"x":-1.53,"y":13.39,"width":250,"height":250}},"610_S2_water1_2":{"610_S2_water1/610_S2_water1_00000":{"x":-1.53,"y":13.39,"width":250,"height":250},"610_S2_water1/610_S2_water1_00001":{"x":-1.53,"y":13.39,"width":250,"height":250},"610_S2_water1/610_S2_water1_00002":{"x":-1.53,"y":13.39,"width":250,"height":250},"610_S2_water1/610_S2_water1_00003":{"x":-1.53,"y":13.39,"width":250,"height":250},"610_S2_water1/610_S2_water1_00004":{"x":-1.53,"y":13.39,"width":250,"height":250},"610_S2_water1/610_S2_water1_00005":{"x":-1.53,"y":13.39,"width":250,"height":250},"610_S2_water1/610_S2_water1_00006":{"x":-1.53,"y":13.39,"width":250,"height":250},"610_S2_water1/610_S2_water1_00008":{"x":-1.53,"y":13.39,"width":250,"height":250},"610_S2_water1/610_S2_water1_00010":{"x":-1.53,"y":13.39,"width":250,"height":250},"610_S2_water1/610_S2_water1_00012":{"x":-1.53,"y":13.39,"width":250,"height":250}},"610_S2_water1_3":{"610_S2_water1/610_S2_water1_00000":{"x":-1.53,"y":13.39,"width":250,"height":250},"610_S2_water1/610_S2_water1_00001":{"x":-1.53,"y":13.39,"width":250,"height":250},"610_S2_water1/610_S2_water1_00002":{"x":-1.53,"y":13.39,"width":250,"height":250},"610_S2_water1/610_S2_water1_00003":{"x":-1.53,"y":13.39,"width":250,"height":250},"610_S2_water1/610_S2_water1_00004":{"x":-1.53,"y":13.39,"width":250,"height":250},"610_S2_water1/610_S2_water1_00005":{"x":-1.53,"y":13.39,"width":250,"height":250},"610_S2_water1/610_S2_water1_00006":{"x":-1.53,"y":13.39,"width":250,"height":250},"610_S2_water1/610_S2_water1_00008":{"x":-1.53,"y":13.39,"width":250,"height":250},"610_S2_water1/610_S2_water1_00010":{"x":-1.53,"y":13.39,"width":250,"height":250},"610_S2_water1/610_S2_water1_00012":{"x":-1.53,"y":13.39,"width":250,"height":250}},"610_S2_water1_4":{"610_S2_water1/610_S2_water1_00000":{"x":-1.53,"y":13.39,"width":250,"height":250},"610_S2_water1/610_S2_water1_00001":{"x":-1.53,"y":13.39,"width":250,"height":250},"610_S2_water1/610_S2_water1_00002":{"x":-1.53,"y":13.39,"width":250,"height":250},"610_S2_water1/610_S2_water1_00003":{"x":-1.53,"y":13.39,"width":250,"height":250},"610_S2_water1/610_S2_water1_00004":{"x":-1.53,"y":13.39,"width":250,"height":250},"610_S2_water1/610_S2_water1_00005":{"x":-1.53,"y":13.39,"width":250,"height":250},"610_S2_water1/610_S2_water1_00006":{"x":-1.53,"y":13.39,"width":250,"height":250},"610_S2_water1/610_S2_water1_00008":{"x":-1.53,"y":13.39,"width":250,"height":250},"610_S2_water1/610_S2_water1_00010":{"x":-1.53,"y":13.39,"width":250,"height":250},"610_S2_water1/610_S2_water1_00012":{"x":-1.53,"y":13.39,"width":250,"height":250}},"610_S2_water1_5":{"610_S2_water1/610_S2_water1_00000":{"x":-1.53,"y":13.39,"width":250,"height":250},"610_S2_water1/610_S2_water1_00001":{"x":-1.53,"y":13.39,"width":250,"height":250},"610_S2_water1/610_S2_water1_00002":{"x":-1.53,"y":13.39,"width":250,"height":250},"610_S2_water1/610_S2_water1_00003":{"x":-1.53,"y":13.39,"width":250,"height":250},"610_S2_water1/610_S2_water1_00004":{"x":-1.53,"y":13.39,"width":250,"height":250},"610_S2_water1/610_S2_water1_00005":{"x":-1.53,"y":13.39,"width":250,"height":250},"610_S2_water1/610_S2_water1_00006":{"x":-1.53,"y":13.39,"width":250,"height":250},"610_S2_water1/610_S2_water1_00008":{"x":-1.53,"y":13.39,"width":250,"height":250},"610_S2_water1/610_S2_water1_00010":{"x":-1.53,"y":13.39,"width":250,"height":250},"610_S2_water1/610_S2_water1_00012":{"x":-1.53,"y":13.39,"width":250,"height":250}},"610_S2_water1_6":{"610_S2_water1/610_S2_water1_00000":{"x":-1.53,"y":13.39,"width":250,"height":250},"610_S2_water1/610_S2_water1_00001":{"x":-1.53,"y":13.39,"width":250,"height":250},"610_S2_water1/610_S2_water1_00002":{"x":-1.53,"y":13.39,"width":250,"height":250},"610_S2_water1/610_S2_water1_00003":{"x":-1.53,"y":13.39,"width":250,"height":250},"610_S2_water1/610_S2_water1_00004":{"x":-1.53,"y":13.39,"width":250,"height":250},"610_S2_water1/610_S2_water1_00005":{"x":-1.53,"y":13.39,"width":250,"height":250},"610_S2_water1/610_S2_water1_00006":{"x":-1.53,"y":13.39,"width":250,"height":250},"610_S2_water1/610_S2_water1_00008":{"x":-1.53,"y":13.39,"width":250,"height":250},"610_S2_water1/610_S2_water1_00010":{"x":-1.53,"y":13.39,"width":250,"height":250},"610_S2_water1/610_S2_water1_00012":{"x":-1.53,"y":13.39,"width":250,"height":250}},"EF_wind":{"9020_wind4_00005":{"x":-8.52,"y":29.83,"width":160,"height":284}},"EF_wind2":{"9020_wind4_00005":{"x":-8.52,"y":29.83,"width":160,"height":284}}}},"animations":{"attack1":{"slots":{"110_S1_ex1_1":{"attachment":[{"time":1.1,"name":"110_S1_ex1/110_S1_ex1_00000"},{"time":1.1333,"name":"110_S1_ex1/110_S1_ex1_00002"},{"time":1.1666,"name":"110_S1_ex1/110_S1_ex1_00003"},{"time":1.2,"name":"110_S1_ex1/110_S1_ex1_00004"},{"time":1.2333,"name":"110_S1_ex1/110_S1_ex1_00005"},{"time":1.2666,"name":"110_S1_ex1/110_S1_ex1_00006"},{"time":1.3,"name":"110_S1_ex1/110_S1_ex1_00007"},{"time":1.3333,"name":"110_S1_ex1/110_S1_ex1_00008"},{"time":1.3666,"name":"110_S1_ex1/110_S1_ex1_00009"},{"time":1.4,"name":"110_S1_ex1/110_S1_ex1_00010"},{"time":1.4333,"name":null}]},"110_S1_ex1_2":{"attachment":[{"time":1.1,"name":"110_S1_ex1/110_S1_ex1_00000"},{"time":1.1333,"name":"110_S1_ex1/110_S1_ex1_00002"},{"time":1.1666,"name":"110_S1_ex1/110_S1_ex1_00003"},{"time":1.2,"name":"110_S1_ex1/110_S1_ex1_00004"},{"time":1.2333,"name":"110_S1_ex1/110_S1_ex1_00005"},{"time":1.2666,"name":"110_S1_ex1/110_S1_ex1_00006"},{"time":1.3,"name":"110_S1_ex1/110_S1_ex1_00007"},{"time":1.3333,"name":"110_S1_ex1/110_S1_ex1_00008"},{"time":1.3666,"name":"110_S1_ex1/110_S1_ex1_00009"},{"time":1.4,"name":"110_S1_ex1/110_S1_ex1_00010"},{"time":1.4333,"name":null}]},"110_S1_ex1_3":{"attachment":[{"time":1.1,"name":"110_S1_ex1/110_S1_ex1_00000"},{"time":1.1333,"name":"110_S1_ex1/110_S1_ex1_00002"},{"time":1.1666,"name":"110_S1_ex1/110_S1_ex1_00003"},{"time":1.2,"name":"110_S1_ex1/110_S1_ex1_00004"},{"time":1.2333,"name":"110_S1_ex1/110_S1_ex1_00005"},{"time":1.2666,"name":"110_S1_ex1/110_S1_ex1_00006"},{"time":1.3,"name":"110_S1_ex1/110_S1_ex1_00007"},{"time":1.3333,"name":"110_S1_ex1/110_S1_ex1_00008"},{"time":1.3666,"name":"110_S1_ex1/110_S1_ex1_00009"},{"time":1.4,"name":"110_S1_ex1/110_S1_ex1_00010"},{"time":1.4333,"name":null}]},"110_S1_ex1_4":{"attachment":[{"time":1.1,"name":"110_S1_ex1/110_S1_ex1_00000"},{"time":1.1333,"name":"110_S1_ex1/110_S1_ex1_00002"},{"time":1.1666,"name":"110_S1_ex1/110_S1_ex1_00003"},{"time":1.2,"name":"110_S1_ex1/110_S1_ex1_00004"},{"time":1.2333,"name":"110_S1_ex1/110_S1_ex1_00005"},{"time":1.2666,"name":"110_S1_ex1/110_S1_ex1_00006"},{"time":1.3,"name":"110_S1_ex1/110_S1_ex1_00007"},{"time":1.3333,"name":"110_S1_ex1/110_S1_ex1_00008"},{"time":1.3666,"name":"110_S1_ex1/110_S1_ex1_00009"},{"time":1.4,"name":"110_S1_ex1/110_S1_ex1_00010"},{"time":1.4333,"name":null}]},"110_S1_ex1_5":{"attachment":[{"time":1.1,"name":"110_S1_ex1/110_S1_ex1_00000"},{"time":1.1333,"name":"110_S1_ex1/110_S1_ex1_00002"},{"time":1.1666,"name":"110_S1_ex1/110_S1_ex1_00003"},{"time":1.2,"name":"110_S1_ex1/110_S1_ex1_00004"},{"time":1.2333,"name":"110_S1_ex1/110_S1_ex1_00005"},{"time":1.2666,"name":"110_S1_ex1/110_S1_ex1_00006"},{"time":1.3,"name":"110_S1_ex1/110_S1_ex1_00007"},{"time":1.3333,"name":"110_S1_ex1/110_S1_ex1_00008"},{"time":1.3666,"name":"110_S1_ex1/110_S1_ex1_00009"},{"time":1.4,"name":"110_S1_ex1/110_S1_ex1_00010"},{"time":1.4333,"name":null}]},"110_S1_ex1_6":{"attachment":[{"time":1.1,"name":"110_S1_ex1/110_S1_ex1_00000"},{"time":1.1333,"name":"110_S1_ex1/110_S1_ex1_00002"},{"time":1.1666,"name":"110_S1_ex1/110_S1_ex1_00003"},{"time":1.2,"name":"110_S1_ex1/110_S1_ex1_00004"},{"time":1.2333,"name":"110_S1_ex1/110_S1_ex1_00005"},{"time":1.2666,"name":"110_S1_ex1/110_S1_ex1_00006"},{"time":1.3,"name":"110_S1_ex1/110_S1_ex1_00007"},{"time":1.3333,"name":"110_S1_ex1/110_S1_ex1_00008"},{"time":1.3666,"name":"110_S1_ex1/110_S1_ex1_00009"},{"time":1.4,"name":"110_S1_ex1/110_S1_ex1_00010"},{"time":1.4333,"name":null}]},"110_S1_ex1_7":{"attachment":[{"time":1.1,"name":"110_S1_ex1/110_S1_ex1_00000"},{"time":1.1333,"name":"110_S1_ex1/110_S1_ex1_00002"},{"time":1.1666,"name":"110_S1_ex1/110_S1_ex1_00003"},{"time":1.2,"name":"110_S1_ex1/110_S1_ex1_00004"},{"time":1.2333,"name":"110_S1_ex1/110_S1_ex1_00005"},{"time":1.2666,"name":"110_S1_ex1/110_S1_ex1_00006"},{"time":1.3,"name":"110_S1_ex1/110_S1_ex1_00007"},{"time":1.3333,"name":"110_S1_ex1/110_S1_ex1_00008"},{"time":1.3666,"name":"110_S1_ex1/110_S1_ex1_00009"},{"time":1.4,"name":"110_S1_ex1/110_S1_ex1_00010"},{"time":1.4333,"name":null}]},"110_S1_ex1_8":{"attachment":[{"time":1.1,"name":"110_S1_ex1/110_S1_ex1_00000"},{"time":1.1333,"name":"110_S1_ex1/110_S1_ex1_00002"},{"time":1.1666,"name":"110_S1_ex1/110_S1_ex1_00003"},{"time":1.2,"name":"110_S1_ex1/110_S1_ex1_00004"},{"time":1.2333,"name":"110_S1_ex1/110_S1_ex1_00005"},{"time":1.2666,"name":"110_S1_ex1/110_S1_ex1_00006"},{"time":1.3,"name":"110_S1_ex1/110_S1_ex1_00007"},{"time":1.3333,"name":"110_S1_ex1/110_S1_ex1_00008"},{"time":1.3666,"name":"110_S1_ex1/110_S1_ex1_00009"},{"time":1.4,"name":"110_S1_ex1/110_S1_ex1_00010"},{"time":1.4333,"name":null}]},"110_S1_ex1_9":{"attachment":[{"time":1.1,"name":"110_S1_ex1/110_S1_ex1_00000"},{"time":1.1333,"name":"110_S1_ex1/110_S1_ex1_00002"},{"time":1.1666,"name":"110_S1_ex1/110_S1_ex1_00003"},{"time":1.2,"name":"110_S1_ex1/110_S1_ex1_00004"},{"time":1.2333,"name":"110_S1_ex1/110_S1_ex1_00005"},{"time":1.2666,"name":"110_S1_ex1/110_S1_ex1_00006"},{"time":1.3,"name":"110_S1_ex1/110_S1_ex1_00007"},{"time":1.3333,"name":"110_S1_ex1/110_S1_ex1_00008"},{"time":1.3666,"name":"110_S1_ex1/110_S1_ex1_00009"},{"time":1.4,"name":"110_S1_ex1/110_S1_ex1_00010"},{"time":1.4333,"name":null}]},"110_S1_ex1_10":{"attachment":[{"time":1.1,"name":"110_S1_ex1/110_S1_ex1_00000"},{"time":1.1333,"name":"110_S1_ex1/110_S1_ex1_00002"},{"time":1.1666,"name":"110_S1_ex1/110_S1_ex1_00003"},{"time":1.2,"name":"110_S1_ex1/110_S1_ex1_00004"},{"time":1.2333,"name":"110_S1_ex1/110_S1_ex1_00005"},{"time":1.2666,"name":"110_S1_ex1/110_S1_ex1_00006"},{"time":1.3,"name":"110_S1_ex1/110_S1_ex1_00007"},{"time":1.3333,"name":"110_S1_ex1/110_S1_ex1_00008"},{"time":1.3666,"name":"110_S1_ex1/110_S1_ex1_00009"},{"time":1.4,"name":"110_S1_ex1/110_S1_ex1_00010"},{"time":1.4333,"name":null}]},"110_S1_ex1_11":{"attachment":[{"time":1.1,"name":"110_S1_ex1/110_S1_ex1_00000"},{"time":1.1333,"name":"110_S1_ex1/110_S1_ex1_00002"},{"time":1.1666,"name":"110_S1_ex1/110_S1_ex1_00003"},{"time":1.2,"name":"110_S1_ex1/110_S1_ex1_00004"},{"time":1.2333,"name":"110_S1_ex1/110_S1_ex1_00005"},{"time":1.2666,"name":"110_S1_ex1/110_S1_ex1_00006"},{"time":1.3,"name":"110_S1_ex1/110_S1_ex1_00007"},{"time":1.3333,"name":"110_S1_ex1/110_S1_ex1_00008"},{"time":1.3666,"name":"110_S1_ex1/110_S1_ex1_00009"},{"time":1.4,"name":"110_S1_ex1/110_S1_ex1_00010"},{"time":1.4333,"name":null}]},"110_S1_ex1_12":{"attachment":[{"time":0.0333,"name":"110_S1_ex1/110_S1_ex1_00000"},{"time":0.0666,"name":"110_S1_ex1/110_S1_ex1_00002"},{"time":0.1,"name":"110_S1_ex1/110_S1_ex1_00003"},{"time":0.1333,"name":"110_S1_ex1/110_S1_ex1_00004"},{"time":0.1666,"name":"110_S1_ex1/110_S1_ex1_00005"},{"time":0.2,"name":"110_S1_ex1/110_S1_ex1_00006"},{"time":0.2333,"name":"110_S1_ex1/110_S1_ex1_00007"},{"time":0.2666,"name":"110_S1_ex1/110_S1_ex1_00008"},{"time":0.3,"name":"110_S1_ex1/110_S1_ex1_00009"},{"time":0.3333,"name":"110_S1_ex1/110_S1_ex1_00010"},{"time":0.3666,"name":null}]},"110_S1_ice1_1":{"attachment":[{"time":0,"name":"110_S1_ice1/110_S1_ice1_00000"},{"time":0.1333,"name":"110_S1_ice2/110_S1_ice2_00000"},{"time":1.1,"name":"110_S1_ice1/110_S1_ice1_00000"}],"color":[{"time":0,"color":"ffffff00"},{"time":0.0666,"color":"ffffffff","curve":"stepped"},{"time":1.1333,"color":"ffffff00"}]},"110_S1_ice1_2":{"attachment":[{"time":0,"name":"110_S1_ice1/110_S1_ice1_00000"},{"time":0.1666,"name":"110_S1_ice2/110_S1_ice2_00000"},{"time":1.1,"name":"110_S1_ice1/110_S1_ice1_00000"}],"color":[{"time":0,"color":"ffffff00"},{"time":0.0666,"color":"ffffffff","curve":"stepped"},{"time":1.1333,"color":"ffffff00"}]},"110_S1_ice1_3":{"attachment":[{"time":0,"name":"110_S1_ice1/110_S1_ice1_00000"},{"time":0.2,"name":"110_S1_ice2/110_S1_ice2_00000"},{"time":1.1,"name":"110_S1_ice1/110_S1_ice1_00000"}],"color":[{"time":0,"color":"ffffff00"},{"time":0.0666,"color":"ffffffff","curve":"stepped"},{"time":1.1333,"color":"ffffff00"}]},"110_S1_ice1_4":{"attachment":[{"time":0,"name":"110_S1_ice1/110_S1_ice1_00000"},{"time":0.2333,"name":"110_S1_ice2/110_S1_ice2_00000"},{"time":1.1,"name":"110_S1_ice1/110_S1_ice1_00000"}],"color":[{"time":0,"color":"ffffff00"},{"time":0.0666,"color":"ffffffff","curve":"stepped"},{"time":1.1333,"color":"ffffff00"}]},"110_S1_ice1_5":{"attachment":[{"time":0,"name":"110_S1_ice1/110_S1_ice1_00000"},{"time":0.1333,"name":"110_S1_ice2/110_S1_ice2_00000"},{"time":1.1,"name":"110_S1_ice1/110_S1_ice1_00000"}],"color":[{"time":0,"color":"ffffff00"},{"time":0.0666,"color":"ffffffff","curve":"stepped"},{"time":1.1333,"color":"ffffff00"}]},"110_S1_ice1_6":{"attachment":[{"time":0,"name":"110_S1_ice1/110_S1_ice1_00000"},{"time":0.2,"name":"110_S1_ice2/110_S1_ice2_00000"},{"time":1.1,"name":"110_S1_ice1/110_S1_ice1_00000"}],"color":[{"time":0,"color":"ffffff00"},{"time":0.0666,"color":"ffffffff","curve":"stepped"},{"time":1.1333,"color":"ffffff00"}]},"110_S1_ice1_7":{"attachment":[{"time":0,"name":"110_S1_ice1/110_S1_ice1_00000"},{"time":0.1666,"name":"110_S1_ice2/110_S1_ice2_00000"},{"time":1.1,"name":"110_S1_ice1/110_S1_ice1_00000"}],"color":[{"time":0,"color":"ffffff00"},{"time":0.0666,"color":"ffffffff","curve":"stepped"},{"time":1.1333,"color":"ffffff00"}]},"110_S1_ice1_8":{"attachment":[{"time":0,"name":"110_S1_ice1/110_S1_ice1_00000"},{"time":0.2333,"name":"110_S1_ice2/110_S1_ice2_00000"},{"time":1.1,"name":"110_S1_ice1/110_S1_ice1_00000"}],"color":[{"time":0,"color":"ffffff00"},{"time":0.0666,"color":"ffffffff","curve":"stepped"},{"time":1.1333,"color":"ffffff00"}]},"110_S1_ice1_9":{"attachment":[{"time":0,"name":"110_S1_ice1/110_S1_ice1_00000"},{"time":0.2,"name":"110_S1_ice2/110_S1_ice2_00000"},{"time":1.1,"name":"110_S1_ice1/110_S1_ice1_00000"}],"color":[{"time":0,"color":"ffffff00"},{"time":0.0666,"color":"ffffffff","curve":"stepped"},{"time":1.1333,"color":"ffffff00"}]},"110_S1_ice1_10":{"attachment":[{"time":0,"name":"110_S1_ice1/110_S1_ice1_00000"},{"time":0.1666,"name":"110_S1_ice2/110_S1_ice2_00000"},{"time":1.1,"name":"110_S1_ice1/110_S1_ice1_00000"}],"color":[{"time":0,"color":"ffffff00"},{"time":0.0666,"color":"ffffffff","curve":"stepped"},{"time":1.1333,"color":"ffffff00"}]},"110_S1_ice1_11":{"attachment":[{"time":0,"name":"110_S1_ice1/110_S1_ice1_00000"},{"time":0.2,"name":"110_S1_ice2/110_S1_ice2_00000"},{"time":1.1,"name":"110_S1_ice1/110_S1_ice1_00000"}],"color":[{"time":0,"color":"ffffff00"},{"time":0.0666,"color":"ffffffff","curve":"stepped"},{"time":1.1333,"color":"ffffff00"}]},"110_S1_ice1_12":{"attachment":[{"time":0,"name":"110_S1_ice1/110_S1_ice1_00000"},{"time":0.2333,"name":"110_S1_ice2/110_S1_ice2_00000"},{"time":1.1,"name":"110_S1_ice1/110_S1_ice1_00000"}],"color":[{"time":0,"color":"ffffff00"},{"time":0.0666,"color":"ffffffff","curve":"stepped"},{"time":1.1333,"color":"ffffff00"}]},"110_S1_icebreak1_1":{"attachment":[{"time":1.1,"name":"110_S1_icebreak1/110_S1_icebreak1_00000"},{"time":1.1333,"name":"110_S1_icebreak1/110_S1_icebreak1_00001"},{"time":1.1666,"name":"110_S1_icebreak1/110_S1_icebreak1_00002"},{"time":1.2,"name":"110_S1_icebreak1/110_S1_icebreak1_00003"},{"time":1.2333,"name":"110_S1_icebreak1/110_S1_icebreak1_00004"},{"time":1.2666,"name":"110_S1_icebreak1/110_S1_icebreak1_00005"},{"time":1.3,"name":"110_S1_icebreak1/110_S1_icebreak1_00006"},{"time":1.3333,"name":null},{"time":1.3666,"name":"110_S1_icebreak1/110_S1_icebreak1_00005"},{"time":1.4,"name":"110_S1_icebreak1/110_S1_icebreak1_00006"},{"time":1.4333,"name":null}]},"110_S1_icebreak1_2":{"attachment":[{"time":1.1,"name":"110_S1_icebreak1/110_S1_icebreak1_00000"},{"time":1.1333,"name":"110_S1_icebreak1/110_S1_icebreak1_00001"},{"time":1.1666,"name":"110_S1_icebreak1/110_S1_icebreak1_00002"},{"time":1.2,"name":"110_S1_icebreak1/110_S1_icebreak1_00003"},{"time":1.2333,"name":"110_S1_icebreak1/110_S1_icebreak1_00004"},{"time":1.2666,"name":"110_S1_icebreak1/110_S1_icebreak1_00005"},{"time":1.3,"name":"110_S1_icebreak1/110_S1_icebreak1_00006"},{"time":1.3333,"name":null},{"time":1.3666,"name":"110_S1_icebreak1/110_S1_icebreak1_00005"},{"time":1.4,"name":"110_S1_icebreak1/110_S1_icebreak1_00006"},{"time":1.4333,"name":null}]},"110_S1_icebreak1_3":{"attachment":[{"time":1.1,"name":"110_S1_icebreak1/110_S1_icebreak1_00000"},{"time":1.1333,"name":"110_S1_icebreak1/110_S1_icebreak1_00001"},{"time":1.1666,"name":"110_S1_icebreak1/110_S1_icebreak1_00002"},{"time":1.2,"name":"110_S1_icebreak1/110_S1_icebreak1_00003"},{"time":1.2333,"name":"110_S1_icebreak1/110_S1_icebreak1_00004"},{"time":1.2666,"name":"110_S1_icebreak1/110_S1_icebreak1_00005"},{"time":1.3,"name":"110_S1_icebreak1/110_S1_icebreak1_00006"},{"time":1.3333,"name":null},{"time":1.3666,"name":"110_S1_icebreak1/110_S1_icebreak1_00005"},{"time":1.4,"name":"110_S1_icebreak1/110_S1_icebreak1_00006"},{"time":1.4333,"name":null}]},"110_S1_icebreak1_4":{"attachment":[{"time":1.1,"name":"110_S1_icebreak1/110_S1_icebreak1_00000"},{"time":1.1333,"name":"110_S1_icebreak1/110_S1_icebreak1_00001"},{"time":1.1666,"name":"110_S1_icebreak1/110_S1_icebreak1_00002"},{"time":1.2,"name":"110_S1_icebreak1/110_S1_icebreak1_00003"},{"time":1.2333,"name":"110_S1_icebreak1/110_S1_icebreak1_00004"},{"time":1.2666,"name":"110_S1_icebreak1/110_S1_icebreak1_00005"},{"time":1.3,"name":"110_S1_icebreak1/110_S1_icebreak1_00006"},{"time":1.3333,"name":null},{"time":1.3666,"name":"110_S1_icebreak1/110_S1_icebreak1_00005"},{"time":1.4,"name":"110_S1_icebreak1/110_S1_icebreak1_00006"},{"time":1.4333,"name":null}]},"110_S1_icebreak1_5":{"attachment":[{"time":1.1333,"name":"110_S1_icebreak1/110_S1_icebreak1_00000"},{"time":1.1666,"name":"110_S1_icebreak1/110_S1_icebreak1_00001"},{"time":1.2,"name":"110_S1_icebreak1/110_S1_icebreak1_00002"},{"time":1.2333,"name":"110_S1_icebreak1/110_S1_icebreak1_00003"},{"time":1.2666,"name":"110_S1_icebreak1/110_S1_icebreak1_00004"},{"time":1.3,"name":"110_S1_icebreak1/110_S1_icebreak1_00005"},{"time":1.3333,"name":"110_S1_icebreak1/110_S1_icebreak1_00006"},{"time":1.3666,"name":null},{"time":1.4,"name":"110_S1_icebreak1/110_S1_icebreak1_00005"},{"time":1.4333,"name":"110_S1_icebreak1/110_S1_icebreak1_00006"},{"time":1.4666,"name":null}]},"110_S1_icebreak1_6":{"attachment":[{"time":1.1333,"name":"110_S1_icebreak1/110_S1_icebreak1_00000"},{"time":1.1666,"name":"110_S1_icebreak1/110_S1_icebreak1_00001"},{"time":1.2,"name":"110_S1_icebreak1/110_S1_icebreak1_00002"},{"time":1.2333,"name":"110_S1_icebreak1/110_S1_icebreak1_00003"},{"time":1.2666,"name":"110_S1_icebreak1/110_S1_icebreak1_00004"},{"time":1.3,"name":"110_S1_icebreak1/110_S1_icebreak1_00005"},{"time":1.3333,"name":"110_S1_icebreak1/110_S1_icebreak1_00006"},{"time":1.3666,"name":null},{"time":1.4,"name":"110_S1_icebreak1/110_S1_icebreak1_00005"},{"time":1.4333,"name":"110_S1_icebreak1/110_S1_icebreak1_00006"},{"time":1.4666,"name":null}]},"110_S1_icebreak1_7":{"attachment":[{"time":1.1,"name":"110_S1_icebreak1/110_S1_icebreak1_00000"},{"time":1.1333,"name":"110_S1_icebreak1/110_S1_icebreak1_00001"},{"time":1.1666,"name":"110_S1_icebreak1/110_S1_icebreak1_00002"},{"time":1.2,"name":"110_S1_icebreak1/110_S1_icebreak1_00003"},{"time":1.2333,"name":"110_S1_icebreak1/110_S1_icebreak1_00004"},{"time":1.2666,"name":"110_S1_icebreak1/110_S1_icebreak1_00005"},{"time":1.3,"name":"110_S1_icebreak1/110_S1_icebreak1_00006"},{"time":1.3333,"name":null},{"time":1.3666,"name":"110_S1_icebreak1/110_S1_icebreak1_00005"},{"time":1.4,"name":"110_S1_icebreak1/110_S1_icebreak1_00006"},{"time":1.4333,"name":null}]},"110_S1_icebreak1_8":{"attachment":[{"time":1.1333,"name":"110_S1_icebreak1/110_S1_icebreak1_00000"},{"time":1.1666,"name":"110_S1_icebreak1/110_S1_icebreak1_00001"},{"time":1.2,"name":"110_S1_icebreak1/110_S1_icebreak1_00002"},{"time":1.2333,"name":"110_S1_icebreak1/110_S1_icebreak1_00003"},{"time":1.2666,"name":"110_S1_icebreak1/110_S1_icebreak1_00004"},{"time":1.3,"name":"110_S1_icebreak1/110_S1_icebreak1_00005"},{"time":1.3333,"name":"110_S1_icebreak1/110_S1_icebreak1_00006"},{"time":1.3666,"name":null},{"time":1.4,"name":"110_S1_icebreak1/110_S1_icebreak1_00005"},{"time":1.4333,"name":"110_S1_icebreak1/110_S1_icebreak1_00006"},{"time":1.4666,"name":null}]},"110_S1_icebreak1_9":{"attachment":[{"time":1.1333,"name":"110_S1_icebreak1/110_S1_icebreak1_00000"},{"time":1.1666,"name":"110_S1_icebreak1/110_S1_icebreak1_00001"},{"time":1.2,"name":"110_S1_icebreak1/110_S1_icebreak1_00002"},{"time":1.2333,"name":"110_S1_icebreak1/110_S1_icebreak1_00003"},{"time":1.2666,"name":"110_S1_icebreak1/110_S1_icebreak1_00004"},{"time":1.3,"name":"110_S1_icebreak1/110_S1_icebreak1_00005"},{"time":1.3333,"name":"110_S1_icebreak1/110_S1_icebreak1_00006"},{"time":1.3666,"name":null},{"time":1.4,"name":"110_S1_icebreak1/110_S1_icebreak1_00005"},{"time":1.4333,"name":"110_S1_icebreak1/110_S1_icebreak1_00006"},{"time":1.4666,"name":null}]},"110_S1_icebreak1_10":{"attachment":[{"time":1.1,"name":"110_S1_icebreak1/110_S1_icebreak1_00000"},{"time":1.1333,"name":"110_S1_icebreak1/110_S1_icebreak1_00001"},{"time":1.1666,"name":"110_S1_icebreak1/110_S1_icebreak1_00002"},{"time":1.2,"name":"110_S1_icebreak1/110_S1_icebreak1_00003"},{"time":1.2333,"name":"110_S1_icebreak1/110_S1_icebreak1_00004"},{"time":1.2666,"name":"110_S1_icebreak1/110_S1_icebreak1_00005"},{"time":1.3,"name":"110_S1_icebreak1/110_S1_icebreak1_00006"},{"time":1.3333,"name":null},{"time":1.3666,"name":"110_S1_icebreak1/110_S1_icebreak1_00005"},{"time":1.4,"name":"110_S1_icebreak1/110_S1_icebreak1_00006"},{"time":1.4333,"name":null}]},"110_S1_icebreak1_11":{"attachment":[{"time":1.1666,"name":"110_S1_icebreak1/110_S1_icebreak1_00000"},{"time":1.2,"name":"110_S1_icebreak1/110_S1_icebreak1_00001"},{"time":1.2333,"name":"110_S1_icebreak1/110_S1_icebreak1_00002"},{"time":1.2666,"name":"110_S1_icebreak1/110_S1_icebreak1_00003"},{"time":1.3,"name":"110_S1_icebreak1/110_S1_icebreak1_00004"},{"time":1.3333,"name":"110_S1_icebreak1/110_S1_icebreak1_00005"},{"time":1.3666,"name":"110_S1_icebreak1/110_S1_icebreak1_00006"},{"time":1.4,"name":null},{"time":1.4333,"name":"110_S1_icebreak1/110_S1_icebreak1_00005"},{"time":1.4666,"name":"110_S1_icebreak1/110_S1_icebreak1_00006"},{"time":1.5,"name":null}]},"110_S1_icebreak1_12":{"attachment":[{"time":1.1666,"name":"110_S1_icebreak1/110_S1_icebreak1_00000"},{"time":1.2333,"name":"110_S1_icebreak1/110_S1_icebreak1_00001"},{"time":1.3,"name":"110_S1_icebreak1/110_S1_icebreak1_00002"},{"time":1.3666,"name":"110_S1_icebreak1/110_S1_icebreak1_00003"},{"time":1.4333,"name":"110_S1_icebreak1/110_S1_icebreak1_00004"},{"time":1.5,"name":"110_S1_icebreak1/110_S1_icebreak1_00005"},{"time":1.5666,"name":"110_S1_icebreak1/110_S1_icebreak1_00006"},{"time":1.6333,"name":null}]},"110_S1_icebreak1_13":{"attachment":[{"time":1.1666,"name":"110_S1_icebreak1/110_S1_icebreak1_00000"},{"time":1.2333,"name":"110_S1_icebreak1/110_S1_icebreak1_00001"},{"time":1.3,"name":"110_S1_icebreak1/110_S1_icebreak1_00002"},{"time":1.3666,"name":"110_S1_icebreak1/110_S1_icebreak1_00003"},{"time":1.4333,"name":"110_S1_icebreak1/110_S1_icebreak1_00004"},{"time":1.5,"name":"110_S1_icebreak1/110_S1_icebreak1_00005"},{"time":1.5666,"name":"110_S1_icebreak1/110_S1_icebreak1_00006"},{"time":1.6333,"name":null}]},"110_S1_icebreak1_14":{"attachment":[{"time":1.1666,"name":"110_S1_icebreak1/110_S1_icebreak1_00000"},{"time":1.2333,"name":"110_S1_icebreak1/110_S1_icebreak1_00001"},{"time":1.3,"name":"110_S1_icebreak1/110_S1_icebreak1_00002"},{"time":1.3666,"name":"110_S1_icebreak1/110_S1_icebreak1_00003"},{"time":1.4333,"name":"110_S1_icebreak1/110_S1_icebreak1_00004"},{"time":1.5,"name":"110_S1_icebreak1/110_S1_icebreak1_00005"},{"time":1.5666,"name":"110_S1_icebreak1/110_S1_icebreak1_00006"},{"time":1.6333,"name":null}]},"110_S1_icebreak1_15":{"attachment":[{"time":1.1666,"name":"110_S1_icebreak1/110_S1_icebreak1_00000"},{"time":1.2333,"name":"110_S1_icebreak1/110_S1_icebreak1_00001"},{"time":1.3,"name":"110_S1_icebreak1/110_S1_icebreak1_00002"},{"time":1.3666,"name":"110_S1_icebreak1/110_S1_icebreak1_00003"},{"time":1.4333,"name":"110_S1_icebreak1/110_S1_icebreak1_00004"},{"time":1.5,"name":"110_S1_icebreak1/110_S1_icebreak1_00005"},{"time":1.5666,"name":"110_S1_icebreak1/110_S1_icebreak1_00006"},{"time":1.6333,"name":null}]},"110_S1_icebreak1_16":{"attachment":[{"time":1.1666,"name":"110_S1_icebreak1/110_S1_icebreak1_00000"},{"time":1.2333,"name":"110_S1_icebreak1/110_S1_icebreak1_00001"},{"time":1.3,"name":"110_S1_icebreak1/110_S1_icebreak1_00002"},{"time":1.3666,"name":"110_S1_icebreak1/110_S1_icebreak1_00003"},{"time":1.4333,"name":"110_S1_icebreak1/110_S1_icebreak1_00004"},{"time":1.5,"name":"110_S1_icebreak1/110_S1_icebreak1_00005"},{"time":1.5666,"name":"110_S1_icebreak1/110_S1_icebreak1_00006"},{"time":1.6333,"name":null}]},"110_S2_pt1":{"attachment":[{"time":1.3,"name":"110_S2_pt1/110_S2_pt1_00001"},{"time":1.3333,"name":"110_S2_pt1/110_S2_pt1_00002"},{"time":1.3666,"name":"110_S2_pt1/110_S2_pt1_00003"},{"time":1.4,"name":"110_S2_pt1/110_S2_pt1_00004"},{"time":1.4333,"name":"110_S2_pt1/110_S2_pt1_00006"},{"time":1.4666,"name":"110_S2_pt1/110_S2_pt1_00008"},{"time":1.5,"name":"110_S2_pt1/110_S2_pt1_00010"},{"time":1.5333,"name":"110_S2_pt1/110_S2_pt1_00012"},{"time":1.5666,"name":"110_S2_pt1/110_S2_pt1_00014"},{"time":1.6,"name":"110_S2_pt1/110_S2_pt1_00016"},{"time":1.6333,"name":"110_S2_pt1/110_S2_pt1_00018"},{"time":1.6666,"name":"110_S2_pt1/110_S2_pt1_00020"},{"time":1.7,"name":"110_S2_pt1/110_S2_pt1_00022"},{"time":1.7333,"name":"110_S2_pt1/110_S2_pt1_00024"},{"time":1.7666,"name":"110_S2_pt1/110_S2_pt1_00026"},{"time":1.8,"name":"110_S2_pt1/110_S2_pt1_00028"},{"time":1.8333,"name":null}],"color":[{"time":1.3,"color":"ffffffff","curve":"stepped"},{"time":1.6666,"color":"ffffffff"},{"time":1.8333,"color":"ffffff00"}]},"110_S2_pt2":{"attachment":[{"time":1.3333,"name":"110_S2_pt1/110_S2_pt1_00001"},{"time":1.3666,"name":"110_S2_pt1/110_S2_pt1_00002"},{"time":1.4,"name":"110_S2_pt1/110_S2_pt1_00003"},{"time":1.4333,"name":"110_S2_pt1/110_S2_pt1_00004"},{"time":1.4666,"name":"110_S2_pt1/110_S2_pt1_00006"},{"time":1.5,"name":"110_S2_pt1/110_S2_pt1_00008"},{"time":1.5333,"name":"110_S2_pt1/110_S2_pt1_00010"},{"time":1.5666,"name":"110_S2_pt1/110_S2_pt1_00012"},{"time":1.6,"name":"110_S2_pt1/110_S2_pt1_00014"},{"time":1.6333,"name":"110_S2_pt1/110_S2_pt1_00016"},{"time":1.6666,"name":"110_S2_pt1/110_S2_pt1_00018"},{"time":1.7,"name":"110_S2_pt1/110_S2_pt1_00020"},{"time":1.7333,"name":"110_S2_pt1/110_S2_pt1_00022"},{"time":1.7666,"name":"110_S2_pt1/110_S2_pt1_00024"},{"time":1.8,"name":"110_S2_pt1/110_S2_pt1_00026"},{"time":1.8333,"name":"110_S2_pt1/110_S2_pt1_00028"},{"time":1.8666,"name":null}],"color":[{"time":1.3333,"color":"ffffffff","curve":"stepped"},{"time":1.7,"color":"ffffffff"},{"time":1.8666,"color":"ffffff00"}]},"110_S2_pt3":{"attachment":[{"time":1.3,"name":"110_S2_pt1/110_S2_pt1_00001"},{"time":1.3333,"name":"110_S2_pt1/110_S2_pt1_00002"},{"time":1.3666,"name":"110_S2_pt1/110_S2_pt1_00003"},{"time":1.4,"name":"110_S2_pt1/110_S2_pt1_00004"},{"time":1.4333,"name":"110_S2_pt1/110_S2_pt1_00006"},{"time":1.4666,"name":"110_S2_pt1/110_S2_pt1_00008"},{"time":1.5,"name":"110_S2_pt1/110_S2_pt1_00010"},{"time":1.5333,"name":"110_S2_pt1/110_S2_pt1_00012"},{"time":1.5666,"name":"110_S2_pt1/110_S2_pt1_00014"},{"time":1.6,"name":"110_S2_pt1/110_S2_pt1_00016"},{"time":1.6333,"name":"110_S2_pt1/110_S2_pt1_00018"},{"time":1.6666,"name":"110_S2_pt1/110_S2_pt1_00020"},{"time":1.7,"name":"110_S2_pt1/110_S2_pt1_00022"},{"time":1.7333,"name":"110_S2_pt1/110_S2_pt1_00024"},{"time":1.7666,"name":"110_S2_pt1/110_S2_pt1_00026"},{"time":1.8,"name":"110_S2_pt1/110_S2_pt1_00028"},{"time":1.8333,"name":null}]},"110_S2_slash7":{"attachment":[{"time":0.1666,"name":"110_S2_slash1/110_S2_slash1_00000"},{"time":1.1,"name":"110_S2_slash1/110_S2_slash1_00000"},{"time":1.4333,"name":null}]},"110_S2_slash1_1":{"attachment":[{"time":0.1666,"name":"110_S2_slash1/110_S2_slash1_00000"},{"time":1.1,"name":"110_S2_slash1/110_S2_slash1_00000"},{"time":1.4333,"name":null}]},"110_S2_slash1_2":{"attachment":[{"time":0.1666,"name":"110_S2_slash1/110_S2_slash1_00000"},{"time":1.1,"name":"110_S2_slash1/110_S2_slash1_00000"},{"time":1.4333,"name":null}]},"110_S2_slash1_3":{"attachment":[{"time":0.1666,"name":"110_S2_slash1/110_S2_slash1_00000"},{"time":1.1,"name":"110_S2_slash1/110_S2_slash1_00000"},{"time":1.4333,"name":null}]},"110_S2_slash1_4":{"attachment":[{"time":0.1666,"name":"110_S2_slash1/110_S2_slash1_00000"},{"time":1.1,"name":"110_S2_slash1/110_S2_slash1_00000"},{"time":1.4333,"name":null}]},"110_S2_slash1_5":{"attachment":[{"time":0.1666,"name":"110_S2_slash1/110_S2_slash1_00000"},{"time":1.1,"name":"110_S2_slash1/110_S2_slash1_00000"},{"time":1.4333,"name":null}]},"110_S2_slash1_6":{"attachment":[{"time":0.1666,"name":"110_S2_slash1/110_S2_slash1_00000"},{"time":1.1,"name":"110_S2_slash1/110_S2_slash1_00000"},{"time":1.4333,"name":null}]},"110_S2_slash1_8":{"attachment":[{"time":0.1666,"name":"110_S2_slash1/110_S2_slash1_00000"},{"time":1.1,"name":"110_S2_slash1/110_S2_slash1_00000"},{"time":1.4333,"name":null}]},"110_S3_dragon1":{"color":[{"time":0.0666,"color":"ffffffff"},{"time":0.1666,"color":"ffffff00"}]},"110_S3_dragon2":{"color":[{"time":0.0666,"color":"ffffffff"},{"time":0.1666,"color":"ffffff00"}]},"110_S3_dragon3":{"color":[{"time":0.0666,"color":"ffffffff"},{"time":0.1666,"color":"ffffff00"}]},"110_S3_dragon4":{"color":[{"time":0.0666,"color":"ffffffff"},{"time":0.1666,"color":"ffffff00"}]},"110_S3_dragon5":{"color":[{"time":0.0666,"color":"ffffffff"},{"time":0.1666,"color":"ffffff00"}]},"110_S3_dragon6":{"color":[{"time":0.0666,"color":"ffffffff"},{"time":0.1666,"color":"ffffff00"}]},"110_S3_dragon7":{"color":[{"time":0.0666,"color":"ffffffff"},{"time":0.1666,"color":"ffffff00"}]},"110_S3_dragon8":{"color":[{"time":0.0666,"color":"ffffffff"},{"time":0.1666,"color":"ffffff00"}]},"110_S3_dragon9":{"color":[{"time":0.0666,"color":"ffffffff"},{"time":0.1666,"color":"ffffff00"}]},"110_S3_dragon10":{"color":[{"time":0.0666,"color":"ffffffff"},{"time":0.1666,"color":"ffffff00"}]},"130_S1_shine1_00041b2":{"attachment":[{"time":1.0666,"name":"130_S1_shine1_00041b2"}],"color":[{"time":1.0666,"color":"ffffffff","curve":"stepped"},{"time":1.1333,"color":"ffffffff"},{"time":1.5,"color":"ffffff00"}]},"610_S2_water1_1":{"attachment":[{"time":1.0333,"name":"610_S2_water1/610_S2_water1_00000"},{"time":1.1,"name":"610_S2_water1/610_S2_water1_00001"},{"time":1.1666,"name":"610_S2_water1/610_S2_water1_00002"},{"time":1.2333,"name":"610_S2_water1/610_S2_water1_00003"},{"time":1.3,"name":"610_S2_water1/610_S2_water1_00004"},{"time":1.3666,"name":"610_S2_water1/610_S2_water1_00005"},{"time":1.4333,"name":"610_S2_water1/610_S2_water1_00006"},{"time":1.5,"name":"610_S2_water1/610_S2_water1_00008"},{"time":1.5666,"name":"610_S2_water1/610_S2_water1_00010"},{"time":1.6333,"name":"610_S2_water1/610_S2_water1_00012"},{"time":1.7,"name":null}],"color":[{"time":1.5333,"color":"ffffffff","curve":[0.222,0.44,0.639,0.82]},{"time":1.7,"color":"ffffff00"}]},"610_S2_water1_2":{"attachment":[{"time":1.0333,"name":"610_S2_water1/610_S2_water1_00000"},{"time":1.1,"name":"610_S2_water1/610_S2_water1_00001"},{"time":1.1666,"name":"610_S2_water1/610_S2_water1_00002"},{"time":1.2333,"name":"610_S2_water1/610_S2_water1_00003"},{"time":1.3,"name":"610_S2_water1/610_S2_water1_00004"},{"time":1.3666,"name":"610_S2_water1/610_S2_water1_00005"},{"time":1.4333,"name":"610_S2_water1/610_S2_water1_00006"},{"time":1.5,"name":"610_S2_water1/610_S2_water1_00008"},{"time":1.5666,"name":"610_S2_water1/610_S2_water1_00010"},{"time":1.6333,"name":"610_S2_water1/610_S2_water1_00012"},{"time":1.7,"name":null}],"color":[{"time":1.5333,"color":"ffffffff","curve":[0.222,0.44,0.639,0.82]},{"time":1.7,"color":"ffffff00"}]},"610_S2_water1_3":{"attachment":[{"time":1.0333,"name":"610_S2_water1/610_S2_water1_00000"},{"time":1.1,"name":"610_S2_water1/610_S2_water1_00001"},{"time":1.1666,"name":"610_S2_water1/610_S2_water1_00002"},{"time":1.2333,"name":"610_S2_water1/610_S2_water1_00003"},{"time":1.3,"name":"610_S2_water1/610_S2_water1_00004"},{"time":1.3666,"name":"610_S2_water1/610_S2_water1_00005"},{"time":1.4333,"name":"610_S2_water1/610_S2_water1_00006"},{"time":1.5,"name":"610_S2_water1/610_S2_water1_00008"},{"time":1.5666,"name":"610_S2_water1/610_S2_water1_00010"},{"time":1.6333,"name":"610_S2_water1/610_S2_water1_00012"},{"time":1.7,"name":null}],"color":[{"time":1.5333,"color":"ffffffff","curve":[0.222,0.44,0.639,0.82]},{"time":1.7,"color":"ffffff00"}]},"610_S2_water1_4":{"attachment":[{"time":1.0333,"name":"610_S2_water1/610_S2_water1_00000"},{"time":1.1,"name":"610_S2_water1/610_S2_water1_00001"},{"time":1.1666,"name":"610_S2_water1/610_S2_water1_00002"},{"time":1.2333,"name":"610_S2_water1/610_S2_water1_00003"},{"time":1.3,"name":"610_S2_water1/610_S2_water1_00004"},{"time":1.3666,"name":"610_S2_water1/610_S2_water1_00005"},{"time":1.4333,"name":"610_S2_water1/610_S2_water1_00006"},{"time":1.5,"name":"610_S2_water1/610_S2_water1_00008"},{"time":1.5666,"name":"610_S2_water1/610_S2_water1_00010"},{"time":1.6333,"name":"610_S2_water1/610_S2_water1_00012"},{"time":1.7,"name":null}],"color":[{"time":1.5333,"color":"ffffffff","curve":[0.222,0.44,0.639,0.82]},{"time":1.7,"color":"ffffff00"}]},"EF_wind":{"attachment":[{"time":0.0333,"name":"9020_wind4_00005"},{"time":0.1666,"name":null},{"time":0.2666,"name":"9020_wind4_00005"},{"time":1.2333,"name":null}],"color":[{"time":0.2666,"color":"ffffff51"},{"time":0.3666,"color":"ffffffba"}]},"EF_wind2":{"attachment":[{"time":1.1,"name":"9020_wind4_00005"},{"time":1.2333,"name":null}]}},"bones":{"110_S2_slash1_4":{"rotate":[{"time":0.1666,"angle":67.68,"curve":"stepped"},{"time":1.1,"angle":67.68}],"translate":[{"time":0.1666,"x":-759.91,"y":42.48,"curve":"stepped"},{"time":1.1,"x":-759.91,"y":42.48}],"scale":[{"time":0.1666,"x":0.292,"y":2.63},{"time":0.2333,"x":1.385,"y":2.63,"curve":"stepped"},{"time":0.2666,"x":1.172,"y":2.63,"curve":"stepped"},{"time":0.3,"x":1.65,"y":2.63,"curve":"stepped"},{"time":1.1,"x":0.292,"y":2.63},{"time":1.1666,"x":3.269,"y":2.63,"curve":[0.25,0,0.797,0.34]},{"time":1.2333,"x":0.027,"y":2.63},{"time":1.4,"x":0.002,"y":2.63}]},"110_S2_slash1_3":{"rotate":[{"time":0.1666,"angle":-60.49,"curve":"stepped"},{"time":1.1,"angle":-60.49}],"translate":[{"time":0.1666,"x":-1480.98,"y":423.58,"curve":"stepped"},{"time":1.1,"x":-1480.98,"y":423.58}],"scale":[{"time":0.1666,"x":0.292,"y":2.63},{"time":0.2333,"x":1.385,"y":2.63,"curve":"stepped"},{"time":0.2666,"x":1.172,"y":2.63,"curve":"stepped"},{"time":0.3,"x":1.65,"y":2.63,"curve":"stepped"},{"time":1.1,"x":0.292,"y":2.63},{"time":1.1666,"x":3.269,"y":2.63,"curve":[0.25,0,0.797,0.34]},{"time":1.2333,"x":0.027,"y":2.63},{"time":1.4,"x":0.002,"y":2.63}]},"EF_wind":{"translate":[{"time":0.0333,"x":-622.25,"y":-638.02},{"time":0.1666,"x":-622.25,"y":1944.64,"curve":"stepped"},{"time":0.2666,"x":-622.25,"y":809.74}],"scale":[{"time":0.0333,"x":6.253,"y":6.253,"curve":"stepped"},{"time":0.2666,"x":6.253,"y":6.253}]},"110_S1_icebreak1_3":{"translate":[{"time":1.1,"x":-93.1,"y":-149.9,"curve":"stepped"},{"time":1.2,"x":-93.1,"y":-149.9}],"scale":[{"time":1.1,"x":1.5,"y":1.5,"curve":"stepped"},{"time":1.2,"x":1.5,"y":1.5}]},"110_S2_slash1_5":{"rotate":[{"time":0.1666,"angle":24.37,"curve":"stepped"},{"time":1.1,"angle":24.37}],"translate":[{"time":0.1666,"x":-1209.66,"y":-92.2,"curve":"stepped"},{"time":1.1,"x":-1209.66,"y":-92.2}],"scale":[{"time":0.1666,"x":0.292,"y":2.63},{"time":0.2333,"x":1.385,"y":2.63,"curve":"stepped"},{"time":0.2666,"x":1.172,"y":2.63,"curve":"stepped"},{"time":0.3,"x":1.65,"y":2.63,"curve":"stepped"},{"time":1.1,"x":0.292,"y":2.63},{"time":1.1666,"x":3.269,"y":2.63,"curve":[0.25,0,0.797,0.34]},{"time":1.2333,"x":0.027,"y":2.63},{"time":1.4,"x":0.002,"y":2.63}]},"110_S1_icebreak1_6":{"translate":[{"time":1.1333,"x":-685.46,"y":-190.28,"curve":"stepped"},{"time":1.2333,"x":-685.46,"y":-190.28}],"scale":[{"time":1.1333,"x":2.5,"y":2.5,"curve":"stepped"},{"time":1.2333,"x":2.5,"y":2.5}]},"110_S1_icebreak1_1":{"translate":[{"time":1.1,"x":-5.06,"y":-412.66,"curve":"stepped"},{"time":1.2,"x":-5.06,"y":-412.66}],"scale":[{"time":1.1,"x":2.5,"y":2.5,"curve":"stepped"},{"time":1.2,"x":2.5,"y":2.5}]},"110_S1_icebreak1_4":{"translate":[{"time":1.1,"x":-412.57,"y":-279.1,"curve":"stepped"},{"time":1.2,"x":-412.57,"y":-279.1}],"scale":[{"time":1.1,"x":-1.5,"y":1.5,"curve":"stepped"},{"time":1.2,"x":-1.5,"y":1.5}]},"110_S2_slash1_2":{"rotate":[{"time":0.1666,"angle":48.68,"curve":"stepped"},{"time":1.1,"angle":48.68}],"translate":[{"time":0.1666,"x":-473.74,"y":39.65,"curve":"stepped"},{"time":1.1,"x":-473.74,"y":39.65}],"scale":[{"time":0.1666,"x":0.292,"y":2.63},{"time":0.2333,"x":1.385,"y":2.63,"curve":"stepped"},{"time":0.2666,"x":1.172,"y":2.63,"curve":"stepped"},{"time":0.3,"x":1.65,"y":2.63,"curve":"stepped"},{"time":1.1,"x":0.292,"y":2.63},{"time":1.1666,"x":3.269,"y":2.63,"curve":[0.25,0,0.797,0.34]},{"time":1.2333,"x":0.027,"y":2.63},{"time":1.4,"x":0.002,"y":2.63}]},"110_S1_icebreak1_8":{"translate":[{"time":1.1333,"x":-873.18,"y":-228.19,"curve":"stepped"},{"time":1.2333,"x":-873.18,"y":-228.19}],"scale":[{"time":1.1333,"x":2.5,"y":2.5,"curve":"stepped"},{"time":1.2333,"x":2.5,"y":2.5}]},"110_S1_icebreak1_16":{"rotate":[{"time":1.1666,"angle":151.96}],"translate":[{"time":1.1666,"x":-903.54,"y":-181.13}],"scale":[{"time":1.1666,"x":3,"y":3}]},"110_S1_icebreak1_11":{"translate":[{"time":1.1666,"x":-1240.32,"y":-253.67,"curve":"stepped"},{"time":1.2666,"x":-1240.32,"y":-253.67}],"scale":[{"time":1.1666,"x":2.5,"y":2.5,"curve":"stepped"},{"time":1.2666,"x":2.5,"y":2.5}]},"110_S2_slash1_8":{"rotate":[{"time":0.1666,"angle":-17.08,"curve":"stepped"},{"time":1.1,"angle":-17.08}],"translate":[{"time":0.1666,"x":-1738.78,"y":-371.02,"curve":"stepped"},{"time":1.1,"x":-1738.78,"y":-371.02}],"scale":[{"time":0.1666,"x":0.292,"y":2.63},{"time":0.2333,"x":1.385,"y":2.63,"curve":"stepped"},{"time":0.2666,"x":1.172,"y":2.63,"curve":"stepped"},{"time":0.3,"x":1.65,"y":2.63,"curve":"stepped"},{"time":1.1,"x":0.292,"y":2.63},{"time":1.1666,"x":3.269,"y":2.63,"curve":[0.25,0,0.797,0.34]},{"time":1.2333,"x":0.027,"y":2.63},{"time":1.4,"x":0.002,"y":2.63}]},"110_S1_icebreak1_5":{"translate":[{"time":1.1333,"x":-543.74,"y":-293.08,"curve":"stepped"},{"time":1.2333,"x":-543.74,"y":-293.08}],"scale":[{"time":1.1333,"x":2.5,"y":2.5,"curve":"stepped"},{"time":1.2333,"x":2.5,"y":2.5}]},"110_S1_icebreak1_13":{"translate":[{"time":1.1666,"x":-400.62,"y":-147.03}],"scale":[{"time":1.1666,"x":3,"y":3}]},"110_S2_slash1_1":{"rotate":[{"time":0.1666,"angle":-32.27,"curve":"stepped"},{"time":1.1,"angle":-32.27}],"translate":[{"time":0.1666,"x":-1097.56,"y":-269.77,"curve":"stepped"},{"time":1.1,"x":-1097.56,"y":-269.77}],"scale":[{"time":0.1666,"x":0.292,"y":2.63},{"time":0.2333,"x":1.385,"y":2.63,"curve":"stepped"},{"time":0.2666,"x":1.172,"y":2.63,"curve":"stepped"},{"time":0.3,"x":1.65,"y":2.63,"curve":"stepped"},{"time":1.1,"x":0.292,"y":2.63},{"time":1.1666,"x":3.269,"y":2.63,"curve":[0.25,0,0.797,0.34]},{"time":1.2333,"x":0.027,"y":2.63},{"time":1.4,"x":0.002,"y":2.63}]},"110_S1_icebreak1_12":{"translate":[{"time":1.1666,"x":-359.79,"y":130.66}],"scale":[{"time":1.1666,"x":3,"y":3}]},"110_S1_icebreak1_14":{"rotate":[{"time":1.1666,"angle":47.31}],"translate":[{"time":1.1666,"x":-1014.35,"y":115.07}],"scale":[{"time":1.1666,"x":-3,"y":3}]},"110_S2_slash1_6":{"rotate":[{"time":0.1666,"angle":-8.95,"curve":"stepped"},{"time":1.1,"angle":-8.95}],"translate":[{"time":0.1666,"x":-1131.94,"y":-128.91,"curve":"stepped"},{"time":1.1,"x":-1131.94,"y":-128.91}],"scale":[{"time":0.1666,"x":0.292,"y":2.63},{"time":0.2333,"x":1.385,"y":2.63,"curve":"stepped"},{"time":0.2666,"x":1.172,"y":2.63,"curve":"stepped"},{"time":0.3,"x":1.65,"y":2.63,"curve":"stepped"},{"time":1.1,"x":0.292,"y":2.63},{"time":1.1666,"x":3.269,"y":2.63,"curve":[0.25,0,0.797,0.34]},{"time":1.2333,"x":0.027,"y":2.63},{"time":1.4,"x":0.002,"y":2.63}]},"110_S1_icebreak1_15":{"rotate":[{"time":1.1666,"angle":23.08}],"translate":[{"time":1.1666,"x":-669.13,"y":21.3}],"scale":[{"time":1.1666,"x":3,"y":3}]},"110_S1_icebreak1_10":{"translate":[{"time":1.1,"x":-1099.5,"y":-254.04,"curve":"stepped"},{"time":1.2,"x":-1099.5,"y":-254.04}],"scale":[{"time":1.1,"x":2.5,"y":2.5,"curve":"stepped"},{"time":1.2,"x":2.5,"y":2.5}]},"110_S2_slash1_7":{"rotate":[{"time":0.1666,"angle":-93.95,"curve":"stepped"},{"time":1.1,"angle":-93.95}],"translate":[{"time":0.1666,"x":-2278.27,"y":855.03}],"scale":[{"time":0.1666,"x":0.292,"y":2.63},{"time":0.2333,"x":1.385,"y":2.63,"curve":"stepped"},{"time":0.2666,"x":1.172,"y":2.63,"curve":"stepped"},{"time":0.3,"x":1.65,"y":2.63,"curve":"stepped"},{"time":1.1,"x":0.292,"y":2.63},{"time":1.1666,"x":3.269,"y":2.63,"curve":[0.25,0,0.797,0.34]},{"time":1.2333,"x":0.027,"y":2.63},{"time":1.4,"x":0.002,"y":2.63}]},"110_S1_icebreak1_9":{"translate":[{"time":1.1333,"x":-1017.72,"y":-158.64,"curve":"stepped"},{"time":1.2333,"x":-1017.72,"y":-158.64}],"scale":[{"time":1.1333,"x":-1.5,"y":1.5,"curve":"stepped"},{"time":1.2333,"x":-1.5,"y":1.5}]},"110_S1_icebreak1_2":{"translate":[{"time":1.1,"x":-249.77,"y":-398.74,"curve":"stepped"},{"time":1.2,"x":-249.77,"y":-398.74}],"scale":[{"time":1.1,"x":2.5,"y":2.5,"curve":"stepped"},{"time":1.2,"x":2.5,"y":2.5}]},"110_S1_icebreak1_7":{"translate":[{"time":1.1,"x":-793.13,"y":-264.98,"curve":"stepped"},{"time":1.2,"x":-793.13,"y":-264.98}],"scale":[{"time":1.1,"x":1.5,"y":1.5,"curve":"stepped"},{"time":1.2,"x":1.5,"y":1.5}]},"110_S1_ice1_8":{"translate":[{"time":0,"x":-1019.64,"y":-242.48}],"scale":[{"time":0,"x":1.2,"y":1.2,"curve":"stepped"},{"time":0.0666,"x":1.2,"y":1.2},{"time":0.2333,"x":1.3,"y":1.3}]},"110_S2_pt3":{"translate":[{"time":1.3,"x":-1011.83,"y":-351.16}],"scale":[{"time":1.3,"x":1.25,"y":1.25}]},"110_S1_ice1_12":{"translate":[{"time":0,"x":-33.03,"y":-312.18}],"scale":[{"time":0,"x":-1.5,"y":1.5,"curve":"stepped"},{"time":0.0666,"x":-1.5,"y":1.5},{"time":0.2333,"x":-1.6,"y":1.6}]},"110_S1_ex1_4":{"translate":[{"time":1.1,"x":-180.63,"y":-514.98}],"scale":[{"time":1.1,"x":2.5,"y":2.5}]},"110_S1_ex1_6":{"translate":[{"time":1.1,"x":-454.22,"y":-521.14}],"scale":[{"time":1.1,"x":2.5,"y":2.5}]},"110_S1_ex1_8":{"translate":[{"time":1.1,"x":-643.82,"y":-520.09}],"scale":[{"time":1.1,"x":2.5,"y":2.5}]},"110_S2_pt1":{"translate":[{"time":1.3,"x":-698.08,"y":-183.82}],"scale":[{"time":1.3,"x":1.25,"y":1.25}]},"110_S1_ice1_11":{"translate":[{"time":0,"x":-713.24,"y":-330.29}],"scale":[{"time":0,"x":1.5,"y":1.5,"curve":"stepped"},{"time":0.0666,"x":1.5,"y":1.5},{"time":0.2,"x":1.6,"y":1.6}]},"110_S1_ex1_3":{"translate":[{"time":1.1,"x":-12.38,"y":-513.9}],"scale":[{"time":1.1,"x":2.5,"y":2.5}]},"110_S2_pt2":{"translate":[{"time":1.3333,"x":-566.31,"y":-339.52}],"scale":[{"time":1.3333,"x":1.25,"y":1.25}]},"110_S1_ex1_10":{"translate":[{"time":1.1,"x":-866.02,"y":-466.34}],"scale":[{"time":1.1,"x":2.5,"y":2.5}]},"110_S1_ex1_1":{"translate":[{"time":1.1,"x":226.78,"y":-617.62}],"scale":[{"time":1.1,"x":2.5,"y":2.5}]},"110_S1_ice1_5":{"translate":[{"time":0,"x":-1116.83,"y":-310.16}],"scale":[{"time":0,"x":-1.2,"y":1.2,"curve":"stepped"},{"time":0.0666,"x":-1.2,"y":1.2},{"time":0.1333,"x":-1.3,"y":1.3}]},"110_S1_ice1_9":{"translate":[{"time":0,"x":-938.74,"y":-319.72}],"scale":[{"time":0,"x":1.5,"y":1.5,"curve":"stepped"},{"time":0.0666,"x":1.5,"y":1.5},{"time":0.2,"x":1.6,"y":1.6}]},"110_S1_ice1_10":{"translate":[{"time":0,"x":-464.88,"y":-338.02}],"scale":[{"time":0,"x":-1.5,"y":1.5,"curve":"stepped"},{"time":0.0666,"x":-1.5,"y":1.5},{"time":0.1666,"x":-1.6,"y":1.6}]},"610_S2_water1_1":{"translate":[{"time":1.0333,"x":-651.05,"y":-106.49}],"scale":[{"time":1.0333,"x":1.5,"y":1.5,"curve":[0.226,0.48,0.75,1]},{"time":1.7,"x":1.75,"y":1.75}]},"110_S1_ex1_5":{"translate":[{"time":1.1,"x":-312.52,"y":-540.15}],"scale":[{"time":1.1,"x":1.5,"y":1.5}]},"110_S1_ice1_3":{"translate":[{"time":0,"x":-64.38,"y":-258.5}],"scale":[{"time":0.0666,"x":1,"y":1},{"time":0.2,"x":1.1,"y":1.1}]},"110_S1_ex1_12":{"translate":[{"time":0.0333,"x":-413.12,"y":-535.05}],"scale":[{"time":0.0333,"x":5.42,"y":5.42}]},"110_S1_ice1_2":{"translate":[{"time":0,"x":-101.65,"y":-313.97}],"scale":[{"time":0.0666,"x":1,"y":1},{"time":0.1666,"x":1.1,"y":1.1}]},"610_S2_water1_3":{"translate":[{"time":1.0333,"x":-1061.27,"y":-143.19}],"scale":[{"time":1.0333,"x":1.5,"y":1.5,"curve":[0.226,0.48,0.75,1]},{"time":1.7,"x":1.75,"y":1.75}]},"110_S1_ex1_11":{"translate":[{"time":1.1,"x":-965.02,"y":-508.32}],"scale":[{"time":1.1,"x":2.5,"y":2.5}]},"110_S1_ex1_7":{"translate":[{"time":1.1,"x":-562.02,"y":-535.88}],"scale":[{"time":1.1,"x":2.5,"y":2.5}]},"110_S1_ice1_4":{"translate":[{"time":0,"x":-795.7,"y":-290.32}],"scale":[{"time":0.0666,"x":1,"y":1},{"time":0.2333,"x":1.1,"y":1.1}]},"610_S2_water1_2":{"translate":[{"time":1.0333,"x":-376.91,"y":-125.57}],"scale":[{"time":1.0333,"x":1.5,"y":1.5,"curve":[0.226,0.48,0.75,1]},{"time":1.7,"x":1.75,"y":1.75}]},"110_S1_ice1_7":{"translate":[{"time":0,"x":-606.76,"y":-317.76}],"scale":[{"time":0,"x":1.2,"y":1.2,"curve":"stepped"},{"time":0.0666,"x":1.2,"y":1.2},{"time":0.1666,"x":1.3,"y":1.3}]},"110_S1_ice1_6":{"translate":[{"time":0,"x":-332.9,"y":-310.93}],"scale":[{"time":0,"x":-1.2,"y":1.2,"curve":"stepped"},{"time":0.0666,"x":-1.2,"y":1.2},{"time":0.2,"x":-1.3,"y":1.3}]},"110_S1_ex1_2":{"translate":[{"time":1.1,"x":-3.34,"y":-640.54}],"scale":[{"time":1.1,"x":2.5,"y":2.5}]},"110_S1_ice1_1":{"translate":[{"time":0,"x":39.97,"y":-363.28}],"scale":[{"time":0.0666,"x":1,"y":1},{"time":0.1333,"x":1.1,"y":1.1}]},"610_S2_water1_4":{"translate":[{"time":1.0333,"x":-690.2,"y":-190.87}],"scale":[{"time":1.0333,"x":1.5,"y":1.5,"curve":[0.224,0.45,0.75,1]},{"time":1.7,"x":1.75,"y":1.75}]},"110_S1_ex1_9":{"translate":[{"time":1.1,"x":-788.42,"y":-515.92}],"scale":[{"time":1.1,"x":2.5,"y":2.5}]},"130_S1_shine1_00041b2":{"translate":[{"time":1.0666,"x":-343.52,"y":-39.42}],"scale":[{"time":1.0666,"x":5.43,"y":5.43},{"time":1.3666,"x":14.586,"y":3.181}]},"110_S3_dragon1":{"translate":[{"time":0.0666,"x":-790.81,"y":-736.06}]},"MAIN":{"translate":[{"time":0,"x":0,"y":-96.38}]}},"drawOrder":[{"time":0,"offsets":[{"slot":"110_S3_dragon56","offset":45},{"slot":"110_S3_dragon57","offset":45},{"slot":"110_S3_dragon58","offset":45},{"slot":"110_S3_dragon59","offset":45},{"slot":"110_S3_dragon60","offset":45},{"slot":"110_S3_dragon61","offset":45},{"slot":"110_S3_dragon62","offset":45},{"slot":"110_S3_dragon63","offset":45},{"slot":"110_S3_dragon64","offset":45},{"slot":"110_S3_dragon47","offset":9},{"slot":"110_S3_dragon48","offset":9},{"slot":"110_S3_dragon49","offset":9},{"slot":"110_S3_dragon50","offset":9},{"slot":"110_S3_dragon51","offset":9},{"slot":"110_S3_dragon52","offset":9},{"slot":"110_S3_dragon53","offset":9},{"slot":"110_S3_dragon54","offset":9},{"slot":"110_S3_dragon55","offset":9},{"slot":"110_S3_dragon20","offset":-45},{"slot":"110_S3_dragon21","offset":-45},{"slot":"110_S3_dragon22","offset":-45},{"slot":"110_S3_dragon23","offset":-45},{"slot":"110_S3_dragon24","offset":-45},{"slot":"110_S3_dragon25","offset":-45},{"slot":"110_S3_dragon26","offset":-45},{"slot":"110_S3_dragon27","offset":-45},{"slot":"110_S3_dragon28","offset":-45}]}]}}}