{"skeleton":{"hash":"JeLu3LbOyW87C/YMhPh6XVW+wKU","spine":"3.0.12","width":0,"height":0},"bones":[{"name":"root"},{"name":"MAIN","parent":"root"},{"name":"hit2_02","parent":"MAIN","y":200,"scaleX":1.5,"scaleY":1.5},{"name":"hit2_01","parent":"MAIN","y":200,"scaleX":1.5,"scaleY":1.5},{"name":"hit2_00","parent":"MAIN","y":200,"scaleX":1.5,"scaleY":1.5},{"name":"hit1_00","parent":"MAIN","scaleX":1.5,"scaleY":1.5},{"name":"attack2_00","parent":"MAIN","y":100,"scaleX":2,"scaleY":2},{"name":"attack1_00","parent":"MAIN","y":50,"scaleX":2,"scaleY":2},{"name":"DAMAGEAREA","parent":"root"}],"slots":[{"name":"attack1_00","bone":"attack1_00","blend":"additive"},{"name":"attack2_00","bone":"attack2_00","blend":"additive"},{"name":"hit1_00","bone":"hit1_00","blend":"additive"},{"name":"hit2_00","bone":"hit2_00","blend":"additive"},{"name":"hit2_01","bone":"hit2_01","blend":"additive"},{"name":"hit2_02","bone":"hit2_02","blend":"additive"},{"name":"DAMAGEAREA","bone":"DAMAGEAREA"}],"skins":{"default":{"DAMAGEAREA":{"DAMAGEAREA":{"type":"boundingbox","vertices":[-98.45575,97.43369,-99.21176,-97.61394,97.72587,-97.99194,98.48187,98.18969]}},"attack1_00":{"TMP_attack1/TMP_attack1_00001":{"y":13.94,"width":300,"height":300},"TMP_attack1/TMP_attack1_00002":{"y":13.94,"width":300,"height":300},"TMP_attack1/TMP_attack1_00004":{"y":13.94,"width":300,"height":300},"TMP_attack1/TMP_attack1_00005":{"y":13.94,"width":300,"height":300},"TMP_attack1/TMP_attack1_00006":{"y":13.94,"width":300,"height":300}},"attack2_00":{"TMP_attack2/TMP_attack2_00001":{"x":28.75,"y":21.18,"width":300,"height":300},"TMP_attack2/TMP_attack2_00002":{"x":28.75,"y":21.18,"width":300,"height":300},"TMP_attack2/TMP_attack2_00003":{"x":28.75,"y":21.18,"width":300,"height":300},"TMP_attack2/TMP_attack2_00004":{"x":28.75,"y":21.18,"width":300,"height":300},"TMP_attack2/TMP_attack2_00005":{"x":28.75,"y":21.18,"width":300,"height":300},"TMP_attack2/TMP_attack2_00006":{"x":28.75,"y":21.18,"width":300,"height":300},"TMP_attack2/TMP_attack2_00007":{"x":28.75,"y":21.18,"width":300,"height":300},"TMP_attack2/TMP_attack2_00008":{"x":28.75,"y":21.18,"width":300,"height":300}},"hit1_00":{"TMP_hit1/TMP_hit1_00001":{"y":1.74,"width":300,"height":300},"TMP_hit1/TMP_hit1_00002":{"y":1.74,"width":300,"height":300},"TMP_hit1/TMP_hit1_00003":{"y":1.74,"width":300,"height":300},"TMP_hit1/TMP_hit1_00004":{"y":1.74,"width":300,"height":300},"TMP_hit1/TMP_hit1_00005":{"y":1.74,"width":300,"height":300},"TMP_hit1/TMP_hit1_00006":{"y":1.74,"width":300,"height":300},"TMP_hit1/TMP_hit1_00007":{"y":1.74,"width":300,"height":300}},"hit2_00":{"TMP_hit2/TMP_hit2_00001":{"y":-1.19,"width":300,"height":300},"TMP_hit2/TMP_hit2_00003":{"y":-1.19,"width":300,"height":300},"TMP_hit2/TMP_hit2_00005":{"y":-1.19,"width":300,"height":300},"TMP_hit2/TMP_hit2_00007":{"y":-1.19,"width":300,"height":300},"TMP_hit2/TMP_hit2_00009":{"y":-1.19,"width":300,"height":300},"TMP_hit2/TMP_hit2_00011":{"y":-1.19,"width":300,"height":300},"TMP_hit2/TMP_hit2_00013":{"y":-1.19,"width":300,"height":300},"TMP_hit2/TMP_hit2_00015":{"y":-1.19,"width":300,"height":300},"TMP_hit2/TMP_hit2_00017":{"y":-1.19,"width":300,"height":300}},"hit2_01":{"TMP_hit2/TMP_hit2_00001":{"y":-1.19,"width":300,"height":300},"TMP_hit2/TMP_hit2_00003":{"y":-1.19,"width":300,"height":300},"TMP_hit2/TMP_hit2_00005":{"y":-1.19,"width":300,"height":300},"TMP_hit2/TMP_hit2_00007":{"y":-1.19,"width":300,"height":300},"TMP_hit2/TMP_hit2_00009":{"y":-1.19,"width":300,"height":300},"TMP_hit2/TMP_hit2_00011":{"y":-1.19,"width":300,"height":300},"TMP_hit2/TMP_hit2_00013":{"y":-1.19,"width":300,"height":300},"TMP_hit2/TMP_hit2_00015":{"y":-1.19,"width":300,"height":300},"TMP_hit2/TMP_hit2_00017":{"y":-1.19,"width":300,"height":300}},"hit2_02":{"TMP_hit2/TMP_hit2_00001":{"y":-1.19,"width":300,"height":300},"TMP_hit2/TMP_hit2_00003":{"y":-1.19,"width":300,"height":300},"TMP_hit2/TMP_hit2_00005":{"y":-1.19,"width":300,"height":300},"TMP_hit2/TMP_hit2_00007":{"y":-1.19,"width":300,"height":300},"TMP_hit2/TMP_hit2_00009":{"y":-1.19,"width":300,"height":300},"TMP_hit2/TMP_hit2_00011":{"y":-1.19,"width":300,"height":300},"TMP_hit2/TMP_hit2_00013":{"y":-1.19,"width":300,"height":300},"TMP_hit2/TMP_hit2_00015":{"y":-1.19,"width":300,"height":300},"TMP_hit2/TMP_hit2_00017":{"y":-1.19,"width":300,"height":300}}}},"events":{"Event":{},"Hit":{},"Sound1":{},"Sound2":{},"View":{}},"animations":{"attack1":{"slots":{"DAMAGEAREA":{"attachment":[{"time":0.0666,"name":"DAMAGEAREA"},{"time":0.2333,"name":null}]},"attack1_00":{"attachment":[{"time":0,"name":"TMP_attack1/TMP_attack1_00001"},{"time":0.0333,"name":"TMP_attack1/TMP_attack1_00002"},{"time":0.0666,"name":"TMP_attack1/TMP_attack1_00004"},{"time":0.1,"name":"TMP_attack1/TMP_attack1_00005"},{"time":0.1666,"name":"TMP_attack1/TMP_attack1_00006"},{"time":0.2333,"name":null}],"color":[{"time":0.1333,"color":"ffffffff"},{"time":0.2333,"color":"ffffff00"}]},"attack2_00":{"attachment":[{"time":0,"name":"TMP_attack2/TMP_attack2_00001"},{"time":0.0333,"name":"TMP_attack2/TMP_attack2_00002"},{"time":0.0666,"name":"TMP_attack2/TMP_attack2_00003"},{"time":0.1,"name":"TMP_attack2/TMP_attack2_00004"},{"time":0.1333,"name":"TMP_attack2/TMP_attack2_00005"},{"time":0.1666,"name":"TMP_attack2/TMP_attack2_00006"},{"time":0.2,"name":"TMP_attack2/TMP_attack2_00007"},{"time":0.2333,"name":"TMP_attack2/TMP_attack2_00008"},{"time":0.3,"name":null}],"color":[{"time":0.2,"color":"ffffffff"},{"time":0.3,"color":"ffffff00"}]},"hit1_00":{"attachment":[{"time":0.0666,"name":"TMP_hit1/TMP_hit1_00001"},{"time":0.1,"name":"TMP_hit1/TMP_hit1_00002"},{"time":0.1333,"name":"TMP_hit1/TMP_hit1_00002"},{"time":0.1666,"name":"TMP_hit1/TMP_hit1_00003"},{"time":0.2,"name":"TMP_hit1/TMP_hit1_00004"},{"time":0.2333,"name":"TMP_hit1/TMP_hit1_00005"},{"time":0.2666,"name":"TMP_hit1/TMP_hit1_00006"},{"time":0.3,"name":"TMP_hit1/TMP_hit1_00007"},{"time":0.3666,"name":null}],"color":[{"time":0.3,"color":"ffffffff"},{"time":0.3666,"color":"ffffff00"}]},"hit2_00":{"attachment":[{"time":0.0666,"name":"TMP_hit2/TMP_hit2_00001"},{"time":0.1333,"name":"TMP_hit2/TMP_hit2_00003"},{"time":0.2,"name":"TMP_hit2/TMP_hit2_00005"},{"time":0.2666,"name":"TMP_hit2/TMP_hit2_00007"},{"time":0.3333,"name":"TMP_hit2/TMP_hit2_00009"},{"time":0.4,"name":"TMP_hit2/TMP_hit2_00011"},{"time":0.4666,"name":"TMP_hit2/TMP_hit2_00013"},{"time":0.5333,"name":"TMP_hit2/TMP_hit2_00015"},{"time":0.6,"name":"TMP_hit2/TMP_hit2_00017"},{"time":0.6666,"name":null}],"color":[{"time":0.5666,"color":"ffffffff"},{"time":0.6666,"color":"ffffff00"}]}},"bones":{"attack1_00":{"translate":[{"time":0,"x":-100,"y":-50}],"scale":[{"time":0,"x":0.75,"y":0.75}]},"attack2_00":{"translate":[{"time":0,"x":-177.69,"y":-100}],"scale":[{"time":0,"x":0.75,"y":0.75}]},"hit1_00":{"translate":[{"time":0.0666,"x":-250,"y":18.56}]},"hit2_00":{"translate":[{"time":0.0666,"x":-252.9,"y":-163.65}],"scale":[{"time":0.0666,"x":1,"y":1},{"time":0.6333,"x":1.158,"y":1.158}]},"DAMAGEAREA":{"translate":[{"time":0.0666,"x":-138.65,"y":24.93}],"scale":[{"time":0.0666,"x":1.404,"y":0.682}]},"MAIN":{"translate":[{"time":0,"x":60,"y":0}]}},"events":[{"time":0,"name":"Event","float":0.2,"string":"kHitStopType_normal"},{"time":0,"name":"Sound1","string":"cri_se_battle_arrow_light_effect"},{"time":0,"name":"Sound2","string":"cri_se_battle_036_explosion_element_04"},{"time":0.0333,"name":"Event","string":"kImpactType_knock"},{"time":0.0666,"name":"Sound1","string":"cri_se_battle_thunder_small"}]},"attack2":{"slots":{"DAMAGEAREA":{"attachment":[{"time":0.0666,"name":"DAMAGEAREA"},{"time":0.2333,"name":null}]},"attack1_00":{"attachment":[{"time":0,"name":"TMP_attack1/TMP_attack1_00001"},{"time":0.0333,"name":"TMP_attack1/TMP_attack1_00002"},{"time":0.0666,"name":"TMP_attack1/TMP_attack1_00004"},{"time":0.1,"name":"TMP_attack1/TMP_attack1_00005"},{"time":0.1666,"name":"TMP_attack1/TMP_attack1_00006"},{"time":0.2333,"name":null}],"color":[{"time":0.1333,"color":"ffffffff"},{"time":0.2333,"color":"ffffff00"}]},"attack2_00":{"attachment":[{"time":0,"name":"TMP_attack2/TMP_attack2_00001"},{"time":0.0333,"name":"TMP_attack2/TMP_attack2_00002"},{"time":0.0666,"name":"TMP_attack2/TMP_attack2_00003"},{"time":0.1,"name":"TMP_attack2/TMP_attack2_00004"},{"time":0.1333,"name":"TMP_attack2/TMP_attack2_00005"},{"time":0.1666,"name":"TMP_attack2/TMP_attack2_00006"},{"time":0.2,"name":"TMP_attack2/TMP_attack2_00007"},{"time":0.2333,"name":"TMP_attack2/TMP_attack2_00008"},{"time":0.3,"name":null}],"color":[{"time":0.2,"color":"ffffffff"},{"time":0.3,"color":"ffffff00"}]},"hit1_00":{"attachment":[{"time":0.0666,"name":"TMP_hit1/TMP_hit1_00001"},{"time":0.1,"name":"TMP_hit1/TMP_hit1_00002"},{"time":0.1333,"name":"TMP_hit1/TMP_hit1_00002"},{"time":0.1666,"name":"TMP_hit1/TMP_hit1_00003"},{"time":0.2,"name":"TMP_hit1/TMP_hit1_00004"},{"time":0.2333,"name":"TMP_hit1/TMP_hit1_00005"},{"time":0.2666,"name":"TMP_hit1/TMP_hit1_00006"},{"time":0.3,"name":"TMP_hit1/TMP_hit1_00007"},{"time":0.3666,"name":null}],"color":[{"time":0.3,"color":"ffffffff"},{"time":0.3666,"color":"ffffff00"}]},"hit2_00":{"attachment":[{"time":0.0666,"name":"TMP_hit2/TMP_hit2_00001"},{"time":0.1333,"name":"TMP_hit2/TMP_hit2_00003"},{"time":0.2,"name":"TMP_hit2/TMP_hit2_00005"},{"time":0.2666,"name":"TMP_hit2/TMP_hit2_00007"},{"time":0.3333,"name":"TMP_hit2/TMP_hit2_00009"},{"time":0.4,"name":"TMP_hit2/TMP_hit2_00011"},{"time":0.4666,"name":"TMP_hit2/TMP_hit2_00013"},{"time":0.5333,"name":"TMP_hit2/TMP_hit2_00015"},{"time":0.6,"name":"TMP_hit2/TMP_hit2_00017"},{"time":0.6666,"name":null}],"color":[{"time":0.5666,"color":"ffffffff"},{"time":0.6666,"color":"ffffff00"}]},"hit2_01":{"attachment":[{"time":0.1,"name":"TMP_hit2/TMP_hit2_00001"},{"time":0.1666,"name":"TMP_hit2/TMP_hit2_00003"},{"time":0.2333,"name":"TMP_hit2/TMP_hit2_00005"},{"time":0.3,"name":"TMP_hit2/TMP_hit2_00007"},{"time":0.3666,"name":"TMP_hit2/TMP_hit2_00009"},{"time":0.4333,"name":"TMP_hit2/TMP_hit2_00011"},{"time":0.5,"name":"TMP_hit2/TMP_hit2_00013"},{"time":0.5666,"name":"TMP_hit2/TMP_hit2_00015"},{"time":0.6333,"name":"TMP_hit2/TMP_hit2_00017"},{"time":0.7,"name":null}],"color":[{"time":0.6,"color":"ffffffff"},{"time":0.7,"color":"ffffff00"}]}},"bones":{"attack1_00":{"translate":[{"time":0,"x":-100,"y":-50}]},"attack2_00":{"translate":[{"time":0,"x":-200,"y":-100}]},"hit1_00":{"translate":[{"time":0.0666,"x":-250,"y":18.56}]},"hit2_00":{"translate":[{"time":0.0666,"x":-262.49,"y":-185.21}],"scale":[{"time":0.0666,"x":1,"y":1},{"time":0.6333,"x":1.199,"y":1.199}]},"hit2_01":{"translate":[{"time":0.1,"x":-251.9,"y":-119.39}],"scale":[{"time":0.1,"x":1,"y":-1},{"time":0.6666,"x":1.133,"y":-1.133}]},"DAMAGEAREA":{"translate":[{"time":0.0666,"x":-160.53,"y":24.93}],"scale":[{"time":0.0666,"x":2.075,"y":0.874}]}},"events":[{"time":0,"name":"Event","float":0.1,"string":"kHitStopType_normal"},{"time":0,"name":"Sound1","string":"cri_se_battle_arrow_light_effect"},{"time":0,"name":"Sound2","string":"cri_se_battle_036_explosion_element_04"},{"time":0.0333,"name":"Event","string":"kImpactType_knock"},{"time":0.0666,"name":"Sound1","string":"cri_se_battle_thunder_small"}]},"attack3":{"slots":{"DAMAGEAREA":{"attachment":[{"time":0.0666,"name":"DAMAGEAREA"},{"time":0.2333,"name":null}]},"attack1_00":{"attachment":[{"time":0,"name":"TMP_attack1/TMP_attack1_00001"},{"time":0.0333,"name":"TMP_attack1/TMP_attack1_00002"},{"time":0.0666,"name":"TMP_attack1/TMP_attack1_00004"},{"time":0.1,"name":"TMP_attack1/TMP_attack1_00005"},{"time":0.1666,"name":"TMP_attack1/TMP_attack1_00006"},{"time":0.2333,"name":null}],"color":[{"time":0.1333,"color":"ffffffff"},{"time":0.2333,"color":"ffffff00"}]},"attack2_00":{"attachment":[{"time":0,"name":"TMP_attack2/TMP_attack2_00001"},{"time":0.0333,"name":"TMP_attack2/TMP_attack2_00002"},{"time":0.0666,"name":"TMP_attack2/TMP_attack2_00003"},{"time":0.1,"name":"TMP_attack2/TMP_attack2_00004"},{"time":0.1333,"name":"TMP_attack2/TMP_attack2_00005"},{"time":0.1666,"name":"TMP_attack2/TMP_attack2_00006"},{"time":0.2,"name":"TMP_attack2/TMP_attack2_00007"},{"time":0.2333,"name":"TMP_attack2/TMP_attack2_00008"},{"time":0.3,"name":null}],"color":[{"time":0.2,"color":"ffffffff"},{"time":0.3,"color":"ffffff00"}]},"hit1_00":{"attachment":[{"time":0.0666,"name":"TMP_hit1/TMP_hit1_00001"},{"time":0.1,"name":"TMP_hit1/TMP_hit1_00002"},{"time":0.1333,"name":"TMP_hit1/TMP_hit1_00002"},{"time":0.1666,"name":"TMP_hit1/TMP_hit1_00003"},{"time":0.2,"name":"TMP_hit1/TMP_hit1_00004"},{"time":0.2333,"name":"TMP_hit1/TMP_hit1_00005"},{"time":0.2666,"name":"TMP_hit1/TMP_hit1_00006"},{"time":0.3,"name":"TMP_hit1/TMP_hit1_00007"},{"time":0.3666,"name":null}],"color":[{"time":0.3,"color":"ffffffff"},{"time":0.3666,"color":"ffffff00"}]},"hit2_00":{"attachment":[{"time":0.1666,"name":"TMP_hit2/TMP_hit2_00001"},{"time":0.2333,"name":"TMP_hit2/TMP_hit2_00003"},{"time":0.3,"name":"TMP_hit2/TMP_hit2_00005"},{"time":0.3666,"name":"TMP_hit2/TMP_hit2_00007"},{"time":0.4333,"name":"TMP_hit2/TMP_hit2_00009"},{"time":0.5,"name":"TMP_hit2/TMP_hit2_00011"},{"time":0.5666,"name":"TMP_hit2/TMP_hit2_00013"},{"time":0.6333,"name":"TMP_hit2/TMP_hit2_00015"},{"time":0.7,"name":"TMP_hit2/TMP_hit2_00017"},{"time":0.7666,"name":null}],"color":[{"time":0.6666,"color":"ffffffff"},{"time":0.7666,"color":"ffffff00"}]},"hit2_01":{"attachment":[{"time":0.1333,"name":"TMP_hit2/TMP_hit2_00001"},{"time":0.2,"name":"TMP_hit2/TMP_hit2_00003"},{"time":0.2666,"name":"TMP_hit2/TMP_hit2_00005"},{"time":0.3333,"name":"TMP_hit2/TMP_hit2_00007"},{"time":0.4,"name":"TMP_hit2/TMP_hit2_00009"},{"time":0.4666,"name":"TMP_hit2/TMP_hit2_00011"},{"time":0.5333,"name":"TMP_hit2/TMP_hit2_00013"},{"time":0.6,"name":"TMP_hit2/TMP_hit2_00015"},{"time":0.6666,"name":"TMP_hit2/TMP_hit2_00017"},{"time":0.7333,"name":null}],"color":[{"time":0.6333,"color":"ffffffff"},{"time":0.7333,"color":"ffffff00"}]},"hit2_02":{"attachment":[{"time":0.2,"name":"TMP_hit2/TMP_hit2_00001"},{"time":0.2666,"name":"TMP_hit2/TMP_hit2_00003"},{"time":0.3333,"name":"TMP_hit2/TMP_hit2_00005"},{"time":0.4,"name":"TMP_hit2/TMP_hit2_00007"},{"time":0.4666,"name":"TMP_hit2/TMP_hit2_00009"},{"time":0.5333,"name":"TMP_hit2/TMP_hit2_00011"},{"time":0.6,"name":"TMP_hit2/TMP_hit2_00013"},{"time":0.6666,"name":"TMP_hit2/TMP_hit2_00015"},{"time":0.7333,"name":"TMP_hit2/TMP_hit2_00017"},{"time":0.8,"name":null}],"color":[{"time":0.7,"color":"ffffffff"},{"time":0.8,"color":"ffffff00"}]}},"bones":{"attack1_00":{"translate":[{"time":0,"x":-100,"y":-50}],"scale":[{"time":0,"x":1.25,"y":1.25}]},"attack2_00":{"translate":[{"time":0,"x":-200,"y":-100}],"scale":[{"time":0,"x":1.25,"y":1.25}]},"hit1_00":{"translate":[{"time":0.0666,"x":-250,"y":18.56}]},"root":{"translate":[{"time":0,"x":0,"y":0}]},"hit2_01":{"rotate":[{"time":0.1333,"angle":-32.48}],"translate":[{"time":0.1333,"x":-206.09,"y":-134.1}],"scale":[{"time":0.1333,"x":1,"y":1},{"time":0.7,"x":1.333,"y":1.333}]},"hit2_00":{"rotate":[{"time":0.1666,"angle":24.36}],"translate":[{"time":0.1666,"x":-221.21,"y":-215.66}],"scale":[{"time":0.1666,"x":1,"y":1},{"time":0.7333,"x":1.333,"y":1.333}]},"hit2_02":{"rotate":[{"time":0.2,"angle":-114.57}],"translate":[{"time":0.2,"x":-335.68,"y":-168.47}],"scale":[{"time":0.2,"x":1,"y":1},{"time":0.7666,"x":1.333,"y":1.333}]},"DAMAGEAREA":{"translate":[{"time":0.0666,"x":-123.12,"y":24.93}],"scale":[{"time":0.0666,"x":2.179,"y":1}]}},"events":[{"time":0,"name":"Event","float":0.15,"string":"kHitStopType_normal"},{"time":0,"name":"Sound1","string":"cri_se_battle_arrow_light_effect"},{"time":0,"name":"Sound2","string":"cri_se_battle_036_explosion_element_04"},{"time":0.0333,"name":"Event","string":"kImpactType_knock"},{"time":0.0666,"name":"Sound1","string":"cri_se_battle_thunder_small"},{"time":0.0666,"name":"View","string":"shakeGround"}]}}}