{"skeleton":{"hash":"eEY93uB33fe+lqOk8y25lBqn1Es","spine":"3.0.12","width":0,"height":0},"bones":[{"name":"root"},{"name":"MAIN","parent":"root","y":51.5},{"name":"FIRE1","parent":"MAIN"},{"name":"EF_wave1","parent":"FIRE1","x":-461.83,"y":-257.14},{"name":"EF_fire_EX","parent":"FIRE1","x":945.41,"y":-259.45},{"name":"EF_kemuri2","parent":"MAIN","x":-54.27,"y":-387.07},{"name":"EF_kemuri","parent":"MAIN","x":-79.56,"y":-387.07,"scaleX":-1},{"name":"EF_fire_dash2","parent":"MAIN","x":98.69,"y":-395.65},{"name":"EF_fire_dash","parent":"MAIN","x":72.07,"y":-395.65,"scaleX":-1},{"name":"DAMAGEAREA","parent":"root","y":51.5}],"slots":[{"name":"EF/130_S1_wave1/130_S1_wave1_00000","bone":"EF_wave1","blend":"additive"},{"name":"EF/9090A_A2_ex1/9090A_A2_ex1_00000","bone":"EF_fire_EX"},{"name":"EF/A4_kemuri1/610_S2_kemuri1_00000","bone":"EF_kemuri","color":"949494ff","blend":"additive"},{"name":"EF/A4_kemuri1/610_S2_kemuri1_0","bone":"EF_kemuri2","color":"949494ff","blend":"additive"},{"name":"EF/A4_ex1/ef_ex1","bone":"EF_fire_dash"},{"name":"EF/A4_ex1/ef_ex2","bone":"EF_fire_dash2"},{"name":"DAMAGEAREA","bone":"DAMAGEAREA"}],"skins":{"default":{"DAMAGEAREA":{"DAMAGEAREA":{"type":"boundingbox","vertices":[-32.06977,31.77606,-32.49776,-31.70483,31.22011,-32.37783,31.54113,31.84305]}},"EF/130_S1_wave1/130_S1_wave1_00000":{"EF/130_S1_wave1/130_S1_wave1_00000":{"x":0.8,"y":11.62,"width":200,"height":200},"EF/130_S1_wave1/130_S1_wave1_00002":{"x":0.8,"y":11.62,"width":200,"height":200},"EF/130_S1_wave1/130_S1_wave1_00004":{"x":0.8,"y":11.62,"width":200,"height":200},"EF/130_S1_wave1/130_S1_wave1_00006":{"x":0.8,"y":11.62,"width":200,"height":200},"EF/130_S1_wave1/130_S1_wave1_00008":{"x":0.8,"y":11.62,"width":200,"height":200},"EF/130_S1_wave1/130_S1_wave1_00010":{"x":0.8,"y":11.62,"width":200,"height":200}},"EF/9090A_A2_ex1/9090A_A2_ex1_00000":{"EF/9090A_A2_ex1/9090A_A2_ex1_00000":{"x":13.61,"y":-4.76,"width":250,"height":250},"EF/9090A_A2_ex1/9090A_A2_ex1_00001":{"x":13.61,"y":-4.76,"width":250,"height":250},"EF/9090A_A2_ex1/9090A_A2_ex1_00002":{"x":13.61,"y":-4.76,"width":250,"height":250},"EF/9090A_A2_ex1/9090A_A2_ex1_00003":{"x":13.61,"y":-4.76,"width":250,"height":250},"EF/9090A_A2_ex1/9090A_A2_ex1_00004":{"x":13.61,"y":-4.76,"width":250,"height":250},"EF/9090A_A2_ex1/9090A_A2_ex1_00005":{"x":13.61,"y":-4.76,"width":250,"height":250},"EF/9090A_A2_ex1/9090A_A2_ex1_00006":{"x":13.61,"y":-4.76,"width":250,"height":250},"EF/9090A_A2_ex1/9090A_A2_ex1_00007":{"x":13.61,"y":-4.76,"width":250,"height":250},"EF/9090A_A2_ex1/9090A_A2_ex1_00008":{"x":13.61,"y":-4.76,"width":250,"height":250}},"EF/A4_ex1/ef_ex1":{"EF/A4_ex1/ef_ex1":{"x":-7.2,"y":33.84,"width":120,"height":120},"EF/A4_ex1/ef_ex2":{"x":-7.2,"y":33.84,"width":120,"height":120},"EF/A4_ex1/ef_ex3":{"x":-7.2,"y":33.84,"width":120,"height":120},"EF/A4_ex1/ef_ex4":{"x":-7.2,"y":33.84,"width":120,"height":120}},"EF/A4_ex1/ef_ex2":{"EF/A4_ex1/ef_ex1":{"x":-7.2,"y":33.84,"width":120,"height":120},"EF/A4_ex1/ef_ex2":{"x":-7.2,"y":33.84,"width":120,"height":120},"EF/A4_ex1/ef_ex3":{"x":-7.2,"y":33.84,"width":120,"height":120},"EF/A4_ex1/ef_ex4":{"x":-7.2,"y":33.84,"width":120,"height":120}},"EF/A4_kemuri1/610_S2_kemuri1_0":{"EF/A4_kemuri1/610_S2_kemuri1_00000":{"x":-23.65,"y":3.14,"width":200,"height":200},"EF/A4_kemuri1/610_S2_kemuri1_00002":{"x":-23.65,"y":3.14,"width":200,"height":200},"EF/A4_kemuri1/610_S2_kemuri1_00004":{"x":-23.65,"y":3.14,"width":200,"height":200},"EF/A4_kemuri1/610_S2_kemuri1_00006":{"x":-23.65,"y":3.14,"width":200,"height":200},"EF/A4_kemuri1/610_S2_kemuri1_00008":{"x":-23.65,"y":3.14,"width":200,"height":200},"EF/A4_kemuri1/610_S2_kemuri1_00010":{"x":-23.65,"y":3.14,"width":200,"height":200},"EF/A4_kemuri1/610_S2_kemuri1_00012":{"x":-23.65,"y":3.14,"width":200,"height":200},"EF/A4_kemuri1/610_S2_kemuri1_00014":{"x":-23.65,"y":3.14,"width":200,"height":200},"EF/A4_kemuri1/610_S2_kemuri1_00016":{"x":-23.65,"y":3.14,"width":200,"height":200}},"EF/A4_kemuri1/610_S2_kemuri1_00000":{"EF/A4_kemuri1/610_S2_kemuri1_00000":{"x":-23.65,"y":3.14,"width":200,"height":200},"EF/A4_kemuri1/610_S2_kemuri1_00002":{"x":-23.65,"y":3.14,"width":200,"height":200},"EF/A4_kemuri1/610_S2_kemuri1_00004":{"x":-23.65,"y":3.14,"width":200,"height":200},"EF/A4_kemuri1/610_S2_kemuri1_00006":{"x":-23.65,"y":3.14,"width":200,"height":200},"EF/A4_kemuri1/610_S2_kemuri1_00008":{"x":-23.65,"y":3.14,"width":200,"height":200},"EF/A4_kemuri1/610_S2_kemuri1_00010":{"x":-23.65,"y":3.14,"width":200,"height":200},"EF/A4_kemuri1/610_S2_kemuri1_00012":{"x":-23.65,"y":3.14,"width":200,"height":200},"EF/A4_kemuri1/610_S2_kemuri1_00014":{"x":-23.65,"y":3.14,"width":200,"height":200},"EF/A4_kemuri1/610_S2_kemuri1_00016":{"x":-23.65,"y":3.14,"width":200,"height":200}}}},"events":{"Event":{},"Hit":{},"Sound1":{},"Sound2":{}},"animations":{"attack1":{"slots":{"DAMAGEAREA":{"attachment":[{"time":0,"name":"DAMAGEAREA"},{"time":0.2666,"name":null}]},"EF/130_S1_wave1/130_S1_wave1_00000":{"attachment":[{"time":0.0333,"name":"EF/130_S1_wave1/130_S1_wave1_00000"},{"time":0.1333,"name":"EF/130_S1_wave1/130_S1_wave1_00002"},{"time":0.1666,"name":"EF/130_S1_wave1/130_S1_wave1_00004"},{"time":0.2,"name":"EF/130_S1_wave1/130_S1_wave1_00006"},{"time":0.2333,"name":"EF/130_S1_wave1/130_S1_wave1_00008"},{"time":0.2666,"name":"EF/130_S1_wave1/130_S1_wave1_00010"},{"time":0.3666,"name":null}],"color":[{"time":0.2666,"color":"ffffffff"},{"time":0.3666,"color":"ffffff00"}]},"EF/9090A_A2_ex1/9090A_A2_ex1_00000":{"attachment":[{"time":0.1,"name":"EF/9090A_A2_ex1/9090A_A2_ex1_00000"},{"time":0.1333,"name":"EF/9090A_A2_ex1/9090A_A2_ex1_00001"},{"time":0.1666,"name":"EF/9090A_A2_ex1/9090A_A2_ex1_00002"},{"time":0.2,"name":"EF/9090A_A2_ex1/9090A_A2_ex1_00003"},{"time":0.2333,"name":"EF/9090A_A2_ex1/9090A_A2_ex1_00004"},{"time":0.2666,"name":"EF/9090A_A2_ex1/9090A_A2_ex1_00005"},{"time":0.3,"name":"EF/9090A_A2_ex1/9090A_A2_ex1_00006"},{"time":0.3333,"name":"EF/9090A_A2_ex1/9090A_A2_ex1_00007"},{"time":0.3666,"name":"EF/9090A_A2_ex1/9090A_A2_ex1_00008"},{"time":0.4333,"name":null}],"color":[{"time":0.3666,"color":"ffffffff"},{"time":0.4333,"color":"ffffff00"}]},"EF/A4_ex1/ef_ex1":{"attachment":[{"time":0,"name":"EF/A4_ex1/ef_ex1"},{"time":0.0666,"name":"EF/A4_ex1/ef_ex2"},{"time":0.1,"name":"EF/A4_ex1/ef_ex3"},{"time":0.1666,"name":"EF/A4_ex1/ef_ex4"},{"time":0.2333,"name":null}],"color":[{"time":0.1666,"color":"ffffffff"},{"time":0.2333,"color":"ffffff00"}]},"EF/A4_ex1/ef_ex2":{"attachment":[{"time":0,"name":"EF/A4_ex1/ef_ex1"},{"time":0.0666,"name":"EF/A4_ex1/ef_ex2"},{"time":0.1,"name":"EF/A4_ex1/ef_ex3"},{"time":0.1666,"name":"EF/A4_ex1/ef_ex4"},{"time":0.2333,"name":null}],"color":[{"time":0.1666,"color":"ffffffff"},{"time":0.2333,"color":"ffffff00"}]},"EF/A4_kemuri1/610_S2_kemuri1_00000":{"attachment":[{"time":0.1666,"name":"EF/A4_kemuri1/610_S2_kemuri1_00000"},{"time":0.2333,"name":"EF/A4_kemuri1/610_S2_kemuri1_00002"},{"time":0.2666,"name":"EF/A4_kemuri1/610_S2_kemuri1_00004"},{"time":0.3333,"name":"EF/A4_kemuri1/610_S2_kemuri1_00006"},{"time":0.3666,"name":"EF/A4_kemuri1/610_S2_kemuri1_00008"},{"time":0.4333,"name":"EF/A4_kemuri1/610_S2_kemuri1_00010"},{"time":0.4666,"name":"EF/A4_kemuri1/610_S2_kemuri1_00012"},{"time":0.5333,"name":"EF/A4_kemuri1/610_S2_kemuri1_00014"},{"time":0.5666,"name":"EF/A4_kemuri1/610_S2_kemuri1_00016"},{"time":0.6333,"name":null}],"color":[{"time":0.4666,"color":"949494ff"},{"time":0.6333,"color":"94949400"}]},"EF/A4_kemuri1/610_S2_kemuri1_0":{"attachment":[{"time":0.0666,"name":"EF/A4_kemuri1/610_S2_kemuri1_00000"},{"time":0.1333,"name":"EF/A4_kemuri1/610_S2_kemuri1_00002"},{"time":0.1666,"name":"EF/A4_kemuri1/610_S2_kemuri1_00004"},{"time":0.2333,"name":"EF/A4_kemuri1/610_S2_kemuri1_00006"},{"time":0.2666,"name":"EF/A4_kemuri1/610_S2_kemuri1_00008"},{"time":0.3333,"name":"EF/A4_kemuri1/610_S2_kemuri1_00010"},{"time":0.3666,"name":"EF/A4_kemuri1/610_S2_kemuri1_00012"},{"time":0.4333,"name":"EF/A4_kemuri1/610_S2_kemuri1_00014"},{"time":0.4666,"name":"EF/A4_kemuri1/610_S2_kemuri1_00016"},{"time":0.5333,"name":null}]}},"bones":{"DAMAGEAREA":{"translate":[{"time":0,"x":5.88,"y":-11.24}],"scale":[{"time":0,"x":1.224,"y":2.703},{"time":0.2,"x":15.578,"y":3.185}]},"EF_wave1":{"translate":[{"time":0.0333,"x":592.69,"y":192.52},{"time":0.1,"x":592.69,"y":206.17},{"time":0.2666,"x":592.69,"y":210.01}],"scale":[{"time":0.0333,"x":0.386,"y":0.386},{"time":0.1,"x":2.632,"y":2.632},{"time":0.2666,"x":7.6,"y":6.458}]},"EF_fire_EX":{"translate":[{"time":0.1,"x":-841.11,"y":265.82}],"scale":[{"time":0.1,"x":1.922,"y":1.765,"curve":"stepped"},{"time":0.3666,"x":1.922,"y":1.765},{"time":0.4333,"x":2.19,"y":2.01}]},"EF_fire_dash":{"translate":[{"time":0,"x":104.78,"y":335.78},{"time":0.1666,"x":488.13,"y":289.07}],"scale":[{"time":0,"x":1.632,"y":1.432},{"time":0.1666,"x":3.85,"y":2.378}]},"EF_fire_dash2":{"translate":[{"time":0,"x":-21.91,"y":334.27},{"time":0.1666,"x":-300.29,"y":290.43}],"scale":[{"time":0,"x":1.632,"y":1.432},{"time":0.1666,"x":3.85,"y":2.378}]},"EF_kemuri":{"translate":[{"time":0.1666,"x":420.15,"y":431.01},{"time":0.3333,"x":429.98,"y":463.33}],"scale":[{"time":0.1666,"x":3.97,"y":2.72},{"time":0.3333,"x":5.29,"y":3.745}]},"EF_kemuri2":{"translate":[{"time":0.0666,"x":122.23,"y":302.07}],"scale":[{"time":0.0666,"x":2.531,"y":2.01},{"time":0.3666,"x":9.601,"y":7.564},{"time":0.5333,"x":13.378,"y":12.134}]},"MAIN":{"translate":[{"time":0,"x":-130.03,"y":0}]}},"events":[{"time":0,"name":"Event","float":0.15,"string":"kHitStopType_normal"},{"time":0,"name":"Hit","string":"kImpactType_knock"},{"time":0.0333,"name":"Event","string":"shakeGround"},{"time":0.0333,"name":"Sound1","string":"cri_se_battle_hard_hit"},{"time":0.0333,"name":"Sound2","string":"cri_se_battle_029_explosion_01"}]}}}