{"skeleton":{"hash":"h95K6W3elK/4JKZVO87Uvd48S0k","spine":"3.0.12","width":0,"height":0,"images":"./images2/"},"bones":[{"name":"root"},{"name":"body_main","parent":"root","y":188.5,"scaleX":2.5,"scaleY":2.5,"color":"9c0700ff"},{"name":"SHADOW-OFFSET","parent":"root","scaleX":1.9},{"name":"MAIN","parent":"root","y":200,"color":"9c009aff"},{"name":"DAMAGEAREA","parent":"root"}],"slots":[{"name":"MAIN","bone":"body_main"},{"name":"DAMAGEAREA","bone":"DAMAGEAREA"}],"skins":{"default":{"DAMAGEAREA":{"DAMAGEAREA":{"type":"boundingbox","vertices":[-63.03404,-63.32211,64.64594,-63.93012,64.34192,63.74983,-64.25003,63.44584]}},"MAIN":{"dash/kyo_d (1)":{"x":11.64,"y":11.64,"width":304,"height":224},"dash/kyo_d (3)":{"x":11.64,"y":11.64,"width":304,"height":224},"dash/kyo_d (4)":{"x":11.64,"y":11.64,"width":304,"height":224},"dash/kyo_d (5)":{"x":11.64,"y":11.64,"width":304,"height":224},"dash/kyo_d (6)":{"x":11.64,"y":11.64,"width":304,"height":224},"dash/kyo_d (7)":{"x":11.64,"y":11.64,"width":304,"height":224},"nue/kof98221":{"x":21.64,"y":11.64,"width":304,"height":224},"nue/kof98222":{"x":21.64,"y":11.64,"width":304,"height":224},"nue/kof98223":{"x":21.64,"y":11.64,"width":304,"height":224},"nue/kof98224":{"x":21.64,"y":11.64,"width":304,"height":224},"nue/kof98225":{"x":21.64,"y":11.64,"width":304,"height":224},"nue/kof98226":{"x":21.64,"y":11.64,"width":304,"height":224},"nue/kof98227":{"x":21.64,"y":11.64,"width":304,"height":224},"nue/kof98228":{"x":21.64,"y":11.64,"width":304,"height":224},"nue/kof98229":{"x":21.64,"y":11.64,"width":304,"height":224},"nue/kof98230":{"x":21.64,"y":11.64,"width":304,"height":224},"nue/kof98231":{"x":21.64,"y":11.64,"width":304,"height":224}}}},"events":{"Event":{},"Hit":{},"Sound1":{},"Sound2":{},"Sound3":{},"Voice":{},"event2":{}},"animations":{"attack1":{"slots":{"DAMAGEAREA":{"attachment":[{"time":0.3666,"name":"DAMAGEAREA"},{"time":0.4333,"name":null}]},"MAIN":{"attachment":[{"time":0,"name":"dash/kyo_d (1)"},{"time":0.0666,"name":"dash/kyo_d (3)"},{"time":0.1333,"name":"dash/kyo_d (4)"},{"time":0.2,"name":"dash/kyo_d (5)"},{"time":0.2333,"name":"nue/kof98221"},{"time":0.2666,"name":"nue/kof98222"},{"time":0.3,"name":"nue/kof98223"},{"time":0.3333,"name":"nue/kof98224"},{"time":0.3666,"name":"nue/kof98225"},{"time":0.4,"name":"nue/kof98226"},{"time":0.4333,"name":"nue/kof98227"},{"time":0.4666,"name":"nue/kof98228"},{"time":0.5,"name":"nue/kof98229"},{"time":0.5333,"name":"nue/kof98230"},{"time":0.5666,"name":"nue/kof98231"}],"color":[{"time":0,"color":"ffffff00"},{"time":0.1,"color":"ffffffff","curve":"stepped"},{"time":0.8,"color":"ffffffff"},{"time":0.9666,"color":"ffffff00"}]}},"bones":{"DAMAGEAREA":{"translate":[{"time":0.3666,"x":82.88,"y":125.21}],"scale":[{"time":0.3666,"x":1.39,"y":1.997}]},"body_main":{"translate":[{"time":0,"x":-421.98,"y":0},{"time":0.2,"x":-158.13,"y":0,"curve":"stepped"},{"time":0.2333,"x":2.16,"y":0}]},"MAIN":{"translate":[{"time":0,"x":-292.99,"y":0,"curve":[0.197,0.4,0.75,1]},{"time":0.4,"x":87.7,"y":0},{"time":0.4333,"x":53.45,"y":0},{"time":0.5666,"x":12.4,"y":0},{"time":0.7,"x":4.76,"y":0},{"time":0.7666,"x":0,"y":0}]}},"events":[{"time":0,"name":"Event","string":"setPositionY"},{"time":0,"name":"event2","string":"setFlipX"},{"time":0.0333,"name":"Event","int":130,"string":"setPosition_Target"},{"time":0.0333,"name":"event2","string":"enableShadow"},{"time":0.2333,"name":"Event","float":0.18,"string":"kHitStopType_normal"},{"time":0.2333,"name":"Sound1","string":"cri_se_battle_kara_h"},{"time":0.2333,"name":"Sound2","string":"setHitSound(se_battle_p_17)"},{"time":0.2333,"name":"Voice","string":"cri_40079_voice_attack_f"},{"time":0.2666,"name":"Event","string":"kImpactType_up"},{"time":0.4333,"name":"Event","string":"runScript-addSP"}]}}}