{"skeleton":{"hash":"syHxNJgUxpchKuOOxE7mJtTXjhU","spine":"3.0.12","width":0,"height":0,"images":"./images/EF/"},"bones":[{"name":"root"},{"name":"MAIN","parent":"root"},{"name":"rock3","parent":"MAIN","x":251.37,"y":-264.63,"scaleX":1.995,"scaleY":1.995},{"name":"rock2","parent":"MAIN","x":251.37,"y":-209.14,"scaleX":1.995,"scaleY":1.995},{"name":"rock","parent":"MAIN","x":251.37,"y":-166.37,"scaleX":1.995,"scaleY":1.995},{"name":"exA3","parent":"MAIN","x":628.44,"y":273.37,"scaleX":2,"scaleY":2},{"name":"exA2","parent":"MAIN","x":628.44,"y":318.26,"scaleX":2,"scaleY":2},{"name":"exA1","parent":"MAIN","x":628.44,"y":363.15,"scaleX":2,"scaleY":2},{"name":"DAMAGEAREA","parent":"MAIN"},{"name":"slashB","parent":"MAIN","x":444,"y":-164.76,"scaleX":2,"scaleY":2,"color":"0000ffff"}],"slots":[{"name":"5160_S1_ex1/5160_S1_ex1_00000","bone":"exA1","blend":"additive"},{"name":"5160_S1_ex1/5160_S1_ex1_0","bone":"exA2","blend":"additive"},{"name":"5160_S1_ex1/5160_S1_ex1_1","bone":"exA3","blend":"additive"},{"name":"5160_S1_slash2/5160_S1_slash2_00000","bone":"slashB","blend":"additive"},{"name":"690_S2_rock1/690_S2_rock1_00000","bone":"rock"},{"name":"690_S2_rock1/690_S2_rock1_0","bone":"rock2"},{"name":"690_S2_rock1/690_S2_rock1_1","bone":"rock3"},{"name":"DAMAGEAREA","bone":"DAMAGEAREA"}],"skins":{"default":{"5160_S1_ex1/5160_S1_ex1_0":{"5160_S1_ex1/5160_S1_ex1_00000":{"x":4.44,"y":21.47,"width":225,"height":225},"5160_S1_ex1/5160_S1_ex1_00001":{"x":4.44,"y":21.47,"width":225,"height":225},"5160_S1_ex1/5160_S1_ex1_00002":{"x":4.44,"y":21.47,"width":225,"height":225},"5160_S1_ex1/5160_S1_ex1_00003":{"x":4.44,"y":21.47,"width":225,"height":225},"5160_S1_ex1/5160_S1_ex1_00004":{"x":4.44,"y":21.47,"width":225,"height":225},"5160_S1_ex1/5160_S1_ex1_00005":{"x":4.44,"y":21.47,"width":225,"height":225},"5160_S1_ex1/5160_S1_ex1_00006":{"x":4.44,"y":21.47,"width":225,"height":225},"5160_S1_ex1/5160_S1_ex1_00007":{"x":4.44,"y":21.47,"width":225,"height":225},"5160_S1_ex1/5160_S1_ex1_00008":{"x":4.44,"y":21.47,"width":225,"height":225},"5160_S1_ex1/5160_S1_ex1_00009":{"x":4.44,"y":21.47,"width":225,"height":225},"5160_S1_ex1/5160_S1_ex1_00010":{"x":4.44,"y":21.47,"width":225,"height":225},"5160_S1_ex1/5160_S1_ex1_00011":{"x":4.44,"y":21.47,"width":225,"height":225},"5160_S1_ex1/5160_S1_ex1_00012":{"x":4.44,"y":21.47,"width":225,"height":225}},"5160_S1_ex1/5160_S1_ex1_00000":{"5160_S1_ex1/5160_S1_ex1_00000":{"x":4.44,"y":21.47,"width":225,"height":225},"5160_S1_ex1/5160_S1_ex1_00001":{"x":4.44,"y":21.47,"width":225,"height":225},"5160_S1_ex1/5160_S1_ex1_00002":{"x":4.44,"y":21.47,"width":225,"height":225},"5160_S1_ex1/5160_S1_ex1_00003":{"x":4.44,"y":21.47,"width":225,"height":225},"5160_S1_ex1/5160_S1_ex1_00004":{"x":4.44,"y":21.47,"width":225,"height":225},"5160_S1_ex1/5160_S1_ex1_00005":{"x":4.44,"y":21.47,"width":225,"height":225},"5160_S1_ex1/5160_S1_ex1_00006":{"x":4.44,"y":21.47,"width":225,"height":225},"5160_S1_ex1/5160_S1_ex1_00007":{"x":4.44,"y":21.47,"width":225,"height":225},"5160_S1_ex1/5160_S1_ex1_00008":{"x":4.44,"y":21.47,"width":225,"height":225},"5160_S1_ex1/5160_S1_ex1_00009":{"x":4.44,"y":21.47,"width":225,"height":225},"5160_S1_ex1/5160_S1_ex1_00010":{"x":4.44,"y":21.47,"width":225,"height":225},"5160_S1_ex1/5160_S1_ex1_00011":{"x":4.44,"y":21.47,"width":225,"height":225},"5160_S1_ex1/5160_S1_ex1_00012":{"x":4.44,"y":21.47,"width":225,"height":225}},"5160_S1_ex1/5160_S1_ex1_1":{"5160_S1_ex1/5160_S1_ex1_00000":{"x":4.44,"y":21.47,"width":225,"height":225},"5160_S1_ex1/5160_S1_ex1_00001":{"x":4.44,"y":21.47,"width":225,"height":225},"5160_S1_ex1/5160_S1_ex1_00002":{"x":4.44,"y":21.47,"width":225,"height":225},"5160_S1_ex1/5160_S1_ex1_00003":{"x":4.44,"y":21.47,"width":225,"height":225},"5160_S1_ex1/5160_S1_ex1_00004":{"x":4.44,"y":21.47,"width":225,"height":225},"5160_S1_ex1/5160_S1_ex1_00005":{"x":4.44,"y":21.47,"width":225,"height":225},"5160_S1_ex1/5160_S1_ex1_00006":{"x":4.44,"y":21.47,"width":225,"height":225},"5160_S1_ex1/5160_S1_ex1_00007":{"x":4.44,"y":21.47,"width":225,"height":225},"5160_S1_ex1/5160_S1_ex1_00008":{"x":4.44,"y":21.47,"width":225,"height":225},"5160_S1_ex1/5160_S1_ex1_00009":{"x":4.44,"y":21.47,"width":225,"height":225},"5160_S1_ex1/5160_S1_ex1_00010":{"x":4.44,"y":21.47,"width":225,"height":225},"5160_S1_ex1/5160_S1_ex1_00011":{"x":4.44,"y":21.47,"width":225,"height":225},"5160_S1_ex1/5160_S1_ex1_00012":{"x":4.44,"y":21.47,"width":225,"height":225}},"5160_S1_slash2/5160_S1_slash2_00000":{"5160_S1_slash2/5160_S1_slash2_00003":{"x":-13.25,"y":39.52,"width":225,"height":225}},"690_S2_rock1/690_S2_rock1_0":{"690_S2_rock1/690_S2_rock1_00000":{"x":1.69,"y":25.96,"width":125,"height":125},"690_S2_rock1/690_S2_rock1_00002":{"x":1.69,"y":25.96,"width":125,"height":125},"690_S2_rock1/690_S2_rock1_00004":{"x":1.69,"y":25.96,"width":125,"height":125},"690_S2_rock1/690_S2_rock1_00006":{"x":1.69,"y":25.96,"width":125,"height":125},"690_S2_rock1/690_S2_rock1_00007":{"x":1.69,"y":25.96,"width":125,"height":125},"690_S2_rock1/690_S2_rock1_00008":{"x":1.69,"y":25.96,"width":125,"height":125}},"690_S2_rock1/690_S2_rock1_00000":{"690_S2_rock1/690_S2_rock1_00000":{"x":1.69,"y":25.96,"width":125,"height":125},"690_S2_rock1/690_S2_rock1_00002":{"x":1.69,"y":25.96,"width":125,"height":125},"690_S2_rock1/690_S2_rock1_00004":{"x":1.69,"y":25.96,"width":125,"height":125},"690_S2_rock1/690_S2_rock1_00006":{"x":1.69,"y":25.96,"width":125,"height":125},"690_S2_rock1/690_S2_rock1_00007":{"x":1.69,"y":25.96,"width":125,"height":125},"690_S2_rock1/690_S2_rock1_00008":{"x":1.69,"y":25.96,"width":125,"height":125}},"690_S2_rock1/690_S2_rock1_1":{"690_S2_rock1/690_S2_rock1_00000":{"x":1.69,"y":25.96,"width":125,"height":125},"690_S2_rock1/690_S2_rock1_00002":{"x":1.69,"y":25.96,"width":125,"height":125},"690_S2_rock1/690_S2_rock1_00004":{"x":1.69,"y":25.96,"width":125,"height":125},"690_S2_rock1/690_S2_rock1_00006":{"x":1.69,"y":25.96,"width":125,"height":125},"690_S2_rock1/690_S2_rock1_00007":{"x":1.69,"y":25.96,"width":125,"height":125},"690_S2_rock1/690_S2_rock1_00008":{"x":1.69,"y":25.96,"width":125,"height":125}},"DAMAGEAREA":{"DAMAGEAREA":{"type":"boundingbox","vertices":[-32.34228,-32.5851,31.80973,-32.09909,30.35173,32.05291,-31.85627,32.05291]}}}},"events":{"event":{},"hit":{},"sound":{}},"animations":{"attack1":{"slots":{"5160_S1_ex1/5160_S1_ex1_00000":{"attachment":[{"time":0.1,"name":"5160_S1_ex1/5160_S1_ex1_00000"},{"time":0.1666,"name":"5160_S1_ex1/5160_S1_ex1_00001"},{"time":0.2333,"name":"5160_S1_ex1/5160_S1_ex1_00002"},{"time":0.3,"name":"5160_S1_ex1/5160_S1_ex1_00003"},{"time":0.3333,"name":"5160_S1_ex1/5160_S1_ex1_00004"},{"time":0.3666,"name":"5160_S1_ex1/5160_S1_ex1_00005"},{"time":0.4,"name":"5160_S1_ex1/5160_S1_ex1_00006"},{"time":0.4333,"name":"5160_S1_ex1/5160_S1_ex1_00007"},{"time":0.4666,"name":"5160_S1_ex1/5160_S1_ex1_00008"},{"time":0.5,"name":"5160_S1_ex1/5160_S1_ex1_00009"},{"time":0.5666,"name":"5160_S1_ex1/5160_S1_ex1_00010"},{"time":0.6,"name":"5160_S1_ex1/5160_S1_ex1_00011"},{"time":0.6333,"name":"5160_S1_ex1/5160_S1_ex1_00012"}],"color":[{"time":0.1,"color":"ffffffff","curve":"stepped"},{"time":0.6333,"color":"ffffffff"},{"time":0.8,"color":"ffffff00"}]},"5160_S1_ex1/5160_S1_ex1_0":{"attachment":[{"time":0.1666,"name":"5160_S1_ex1/5160_S1_ex1_00000"},{"time":0.2333,"name":"5160_S1_ex1/5160_S1_ex1_00001"},{"time":0.3,"name":"5160_S1_ex1/5160_S1_ex1_00002"},{"time":0.3666,"name":"5160_S1_ex1/5160_S1_ex1_00003"},{"time":0.4,"name":"5160_S1_ex1/5160_S1_ex1_00004"},{"time":0.4333,"name":"5160_S1_ex1/5160_S1_ex1_00005"},{"time":0.4666,"name":"5160_S1_ex1/5160_S1_ex1_00006"},{"time":0.5,"name":"5160_S1_ex1/5160_S1_ex1_00007"},{"time":0.5333,"name":"5160_S1_ex1/5160_S1_ex1_00008"},{"time":0.5666,"name":"5160_S1_ex1/5160_S1_ex1_00009"},{"time":0.6333,"name":"5160_S1_ex1/5160_S1_ex1_00010"},{"time":0.6666,"name":"5160_S1_ex1/5160_S1_ex1_00011"},{"time":0.7,"name":"5160_S1_ex1/5160_S1_ex1_00012"}],"color":[{"time":0.1666,"color":"ffffffff","curve":"stepped"},{"time":0.7,"color":"ffffffff"},{"time":0.8666,"color":"ffffff00"}]},"5160_S1_ex1/5160_S1_ex1_1":{"attachment":[{"time":0.2333,"name":"5160_S1_ex1/5160_S1_ex1_00000"},{"time":0.3,"name":"5160_S1_ex1/5160_S1_ex1_00001"},{"time":0.3666,"name":"5160_S1_ex1/5160_S1_ex1_00002"},{"time":0.4333,"name":"5160_S1_ex1/5160_S1_ex1_00003"},{"time":0.4666,"name":"5160_S1_ex1/5160_S1_ex1_00004"},{"time":0.5,"name":"5160_S1_ex1/5160_S1_ex1_00005"},{"time":0.5333,"name":"5160_S1_ex1/5160_S1_ex1_00006"},{"time":0.5666,"name":"5160_S1_ex1/5160_S1_ex1_00007"},{"time":0.6,"name":"5160_S1_ex1/5160_S1_ex1_00008"},{"time":0.6333,"name":"5160_S1_ex1/5160_S1_ex1_00009"},{"time":0.7,"name":"5160_S1_ex1/5160_S1_ex1_00010"},{"time":0.7333,"name":"5160_S1_ex1/5160_S1_ex1_00011"},{"time":0.7666,"name":"5160_S1_ex1/5160_S1_ex1_00012"}],"color":[{"time":0.1,"color":"ffffff7b","curve":[0.25,0,0.75,1]},{"time":0.2333,"color":"ffffffff","curve":"stepped"},{"time":0.7666,"color":"ffffffff"},{"time":0.9333,"color":"ffffff00"}]},"5160_S1_slash2/5160_S1_slash2_00000":{"attachment":[{"time":0.1,"name":"5160_S1_slash2/5160_S1_slash2_00003"},{"time":0.4666,"name":null}],"color":[{"time":0.3,"color":"ffffffff"},{"time":0.4333,"color":"ffffff00"}]},"690_S2_rock1/690_S2_rock1_00000":{"attachment":[{"time":0.1,"name":"690_S2_rock1/690_S2_rock1_00000"},{"time":0.1333,"name":"690_S2_rock1/690_S2_rock1_00002"},{"time":0.1666,"name":"690_S2_rock1/690_S2_rock1_00004"},{"time":0.2,"name":"690_S2_rock1/690_S2_rock1_00006"},{"time":0.2333,"name":"690_S2_rock1/690_S2_rock1_00007"},{"time":0.2666,"name":"690_S2_rock1/690_S2_rock1_00008"},{"time":0.3,"name":null}]},"690_S2_rock1/690_S2_rock1_0":{"attachment":[{"time":0.1666,"name":"690_S2_rock1/690_S2_rock1_00000"},{"time":0.2,"name":"690_S2_rock1/690_S2_rock1_00002"},{"time":0.2333,"name":"690_S2_rock1/690_S2_rock1_00004"},{"time":0.2666,"name":"690_S2_rock1/690_S2_rock1_00006"},{"time":0.3,"name":"690_S2_rock1/690_S2_rock1_00007"},{"time":0.3333,"name":"690_S2_rock1/690_S2_rock1_00008"},{"time":0.3666,"name":null}]},"690_S2_rock1/690_S2_rock1_1":{"attachment":[{"time":0.2333,"name":"690_S2_rock1/690_S2_rock1_00000"},{"time":0.2666,"name":"690_S2_rock1/690_S2_rock1_00002"},{"time":0.3,"name":"690_S2_rock1/690_S2_rock1_00004"},{"time":0.3333,"name":"690_S2_rock1/690_S2_rock1_00006"},{"time":0.3666,"name":"690_S2_rock1/690_S2_rock1_00007"},{"time":0.4,"name":"690_S2_rock1/690_S2_rock1_00008"},{"time":0.4333,"name":null}]},"DAMAGEAREA":{"attachment":[{"time":0.1,"name":"DAMAGEAREA"},{"time":0.4333,"name":null}]}},"bones":{"slashB":{"rotate":[{"time":0.1,"angle":-8.88}],"translate":[{"time":0.1,"x":-561.81,"y":190.07,"curve":[0.613,0,0.782,0.54]},{"time":0.3666,"x":-1473.86,"y":190.07}],"scale":[{"time":0.1,"x":2.125,"y":2.125}]},"rock":{"translate":[{"time":0.1,"x":-458.27,"y":188.04}],"scale":[{"time":0.1,"x":1.485,"y":1.485}]},"exA1":{"translate":[{"time":0.1,"x":-835.62,"y":-346}],"scale":[{"time":0.1,"x":1.75,"y":1.75},{"time":0.1333,"x":1.8,"y":1.8},{"time":0.1666,"x":1.75,"y":1.75},{"time":0.2,"x":1.8,"y":1.8},{"time":0.2333,"x":1.75,"y":1.75},{"time":0.2666,"x":1.8,"y":1.8},{"time":0.3,"x":1.75,"y":1.75,"curve":"stepped"},{"time":0.6333,"x":1.75,"y":1.75},{"time":0.8,"x":2,"y":1.8}]},"exA2":{"translate":[{"time":0.1666,"x":-937.82,"y":-298.57}],"scale":[{"time":0.1666,"x":1.8,"y":1.8},{"time":0.2,"x":1.85,"y":1.85},{"time":0.2333,"x":1.8,"y":1.8},{"time":0.2666,"x":1.85,"y":1.85},{"time":0.3,"x":1.8,"y":1.8},{"time":0.3333,"x":1.85,"y":1.85},{"time":0.3666,"x":1.8,"y":1.8,"curve":"stepped"},{"time":0.7,"x":1.8,"y":1.8},{"time":0.8666,"x":2.05,"y":1.85}]},"exA3":{"translate":[{"time":0.2333,"x":-1056.41,"y":-255.39}],"scale":[{"time":0.2333,"x":1.85,"y":1.85},{"time":0.2666,"x":1.9,"y":1.9},{"time":0.3,"x":1.85,"y":1.85},{"time":0.3333,"x":1.9,"y":1.9},{"time":0.3666,"x":1.85,"y":1.85},{"time":0.4,"x":1.9,"y":1.9},{"time":0.4333,"x":1.85,"y":1.85,"curve":"stepped"},{"time":0.7666,"x":1.85,"y":1.85},{"time":0.9333,"x":2.1,"y":1.9}]},"rock2":{"translate":[{"time":0.1666,"x":-561.11,"y":233.96}],"scale":[{"time":0.1666,"x":1.484,"y":1.484}]},"rock3":{"translate":[{"time":0.2333,"x":-679.83,"y":288.95}],"scale":[{"time":0.2333,"x":1.485,"y":1.485}]},"root":{"translate":[{"time":0,"x":0,"y":0}]},"MAIN":{"translate":[{"time":0,"x":42.75,"y":0}]},"DAMAGEAREA":{"translate":[{"time":0.1,"x":-166.15,"y":174.4},{"time":0.3,"x":-493.14,"y":174.4},{"time":0.3666,"x":-665.48,"y":174.4}],"scale":[{"time":0.1,"x":5.482,"y":6.051},{"time":0.3,"x":9.603,"y":6.051},{"time":0.3666,"x":15.207,"y":6.051}]}},"events":[{"time":0,"name":"event","string":"kImpactType-knock"},{"time":0.0333,"name":"event","string":"setHitBackEnemy(35,0)"},{"time":0.0666,"name":"event","float":0.25,"string":"kHitStopType-normal"},{"time":0.0666,"name":"sound","string":"cri_se_battle_033_explosion_element_01"},{"time":0.1,"name":"event","string":"shakeGround"},{"time":0.1,"name":"sound","string":"cri_se_battle_monster_hit"},{"time":0.1333,"name":"sound","string":"cri_se_battle_033_explosion_element_01"},{"time":0.1666,"name":"event","float":0.08,"string":"kHitStopType-enemyonly"},{"time":0.1666,"name":"hit","float":0.1,"string":"resetHitList"},{"time":0.1666,"name":"sound","string":"cri_se_battle_monster_hit"},{"time":0.2,"name":"event","string":"setForceImpact(1)"},{"time":0.2,"name":"sound","string":"cri_se_battle_033_explosion_element_01"},{"time":0.2333,"name":"hit","float":0.1,"string":"resetHitList"},{"time":0.2333,"name":"sound","string":"cri_se_battle_monster_hit"},{"time":0.2666,"name":"event","string":"shakeGround"},{"time":0.2666,"name":"sound","string":"cri_se_battle_033_explosion_element_01"},{"time":0.3,"name":"hit","float":0.1,"string":"resetHitList"},{"time":0.3666,"name":"hit","float":0.1,"string":"resetHitList"}]},"none":{}}}