{
"skeleton": { "hash": "joTip55RNplXaMy5vyVbqJWSD4s", "spine": "3.0.12", "width": 0, "height": 0 },
"bones": [
	{ "name": "root" },
	{ "name": "EF_MAIN", "parent": "root" },
	{ "name": "EF", "parent": "root" },
	{ "name": "ef_wave_mian", "parent": "EF", "x": 200, "y": 400 },
	{ "name": "ef_slash_cross_A_mian2", "parent": "EF", "x": 500, "y": 600 },
	{ "name": "ef_slash_cross_A_mian", "parent": "EF", "x": 500, "y": 600 },
	{ "name": "ef_hit_main2", "parent": "EF", "x": 100, "y": 300, "scaleX": 2, "scaleY": 2 },
	{ "name": "ef_hit_main", "parent": "EF", "x": 100, "y": 300, "scaleX": 2, "scaleY": 2 },
	{ "name": "ef_cross_smoke_main_B4", "parent": "EF", "x": 100, "y": 400, "scaleX": 2, "scaleY": 2 },
	{ "name": "ef_cross_smoke_main_B3", "parent": "EF", "x": 100, "y": 400, "scaleX": 2, "scaleY": 2 },
	{ "name": "ef_cross_smoke_main_B2", "parent": "EF", "x": 100, "y": 400, "scaleX": 2, "scaleY": 2 },
	{ "name": "ef_cross_smoke_main_B1", "parent": "EF", "x": 100, "y": 400, "scaleX": 2, "scaleY": 2 },
	{ "name": "ef_cross_smoke_main_A4", "parent": "EF", "x": 100, "y": 500 },
	{ "name": "ef_cross_smoke_main_A3", "parent": "EF", "x": 100, "y": 500 },
	{ "name": "ef_cross_smoke_main_A2", "parent": "EF", "x": 100, "y": 500 },
	{ "name": "ef_cross_smoke_main_A1", "parent": "EF", "x": 100, "y": 500 },
	{ "name": "ef_OF_main2", "parent": "EF" },
	{ "name": "ef_OF_main", "parent": "EF" },
	{ "name": "DAMAGEAREA", "parent": "root" },
	{ "name": "wing_A_yellow", "parent": "EF_MAIN", "x": 300, "y": 300 },
	{ "name": "wing_A_yellow2", "parent": "EF_MAIN", "x": 300, "y": 300 },
	{ "name": "wing_A_yellow3", "parent": "EF_MAIN", "x": 300, "y": 300 },
	{ "name": "wing_A_yellow4", "parent": "EF_MAIN", "x": 300, "y": 300 },
	{ "name": "wing_A_yellow5", "parent": "EF_MAIN", "x": 300, "y": 300 },
	{ "name": "wing_A_yellow6", "parent": "EF_MAIN", "x": 300, "y": 300 },
	{ "name": "wing_A_yellow7", "parent": "EF_MAIN", "x": 300, "y": 300 },
	{ "name": "wing_A_yellow8", "parent": "EF_MAIN", "x": 300, "y": 300 }
],
"slots": [
	{ "name": "ef_OF_main/ef_OF_main_00001", "bone": "ef_OF_main", "blend": "additive" },
	{ "name": "ef_OF_main/ef_OF_main_1", "bone": "ef_OF_main2", "blend": "additive" },
	{ "name": "ef_cross_smoke_main", "bone": "ef_cross_smoke_main_A1", "blend": "additive" },
	{ "name": "ef_cross_smoke_main3", "bone": "ef_cross_smoke_main_A2", "blend": "additive" },
	{ "name": "ef_cross_smoke_main4", "bone": "ef_cross_smoke_main_A3", "blend": "additive" },
	{ "name": "ef_cross_smoke_main5", "bone": "ef_cross_smoke_main_A4", "blend": "additive" },
	{ "name": "ef_cross_smoke_main2", "bone": "ef_cross_smoke_main_B1", "blend": "additive" },
	{ "name": "ef_cross_smoke_main6", "bone": "ef_cross_smoke_main_B2", "blend": "additive" },
	{ "name": "ef_cross_smoke_main7", "bone": "ef_cross_smoke_main_B3", "blend": "additive" },
	{ "name": "ef_cross_smoke_main8", "bone": "ef_cross_smoke_main_B4", "blend": "additive" },
	{ "name": "ef_hit_main", "bone": "ef_hit_main", "blend": "additive" },
	{ "name": "ef_hit_main2", "bone": "ef_hit_main2", "blend": "additive" },
	{ "name": "ef_wave_mian", "bone": "ef_wave_mian", "blend": "additive" },
	{ "name": "ef_slash_cross_A_mian", "bone": "ef_slash_cross_A_mian", "blend": "additive" },
	{ "name": "ef_slash_cross_A_mian2", "bone": "ef_slash_cross_A_mian2", "blend": "additive" },
	{ "name": "wing_A_yellow", "bone": "wing_A_yellow", "blend": "additive" },
	{ "name": "wing_A_yellow2", "bone": "wing_A_yellow2", "blend": "additive" },
	{ "name": "wing_A_yellow3", "bone": "wing_A_yellow3", "blend": "additive" },
	{ "name": "wing_A_yellow4", "bone": "wing_A_yellow4", "blend": "additive" },
	{ "name": "wing_A_yellow5", "bone": "wing_A_yellow5", "blend": "additive" },
	{ "name": "wing_A_yellow6", "bone": "wing_A_yellow6", "blend": "additive" },
	{ "name": "wing_A_yellow7", "bone": "wing_A_yellow7", "blend": "additive" },
	{ "name": "wing_A_yellow8", "bone": "wing_A_yellow8", "blend": "additive" },
	{ "name": "DAMAGEAREA", "bone": "DAMAGEAREA" }
],
"skins": {
	"default": {
		"DAMAGEAREA": {
			"DAMAGEAREA": {
				"type": "boundingbox",
				"vertices": [ -64.57197, 63.82548, -64.27797, -63.47639, 63.61187, -63.77038, 63.97099, 63.8905 ]
			}
		},
		"ef_OF_main/ef_OF_main_00001": {
			"ef_OF_main/ef_OF_main_00001": { "width": 300, "height": 300 }
		},
		"ef_OF_main/ef_OF_main_1": {
			"ef_OF_main/ef_OF_main_00001": { "width": 300, "height": 300 }
		},
		"ef_cross_smoke_main": {
			"ef_cross_smoke_main/ef_cross_smoke_main_00001": { "y": 77.54, "scaleX": 2, "scaleY": 2, "width": 100, "height": 175 },
			"ef_cross_smoke_main/ef_cross_smoke_main_00002": { "y": 77.54, "scaleX": 2, "scaleY": 2, "width": 100, "height": 175 },
			"ef_cross_smoke_main/ef_cross_smoke_main_00003": { "y": 77.54, "scaleX": 2, "scaleY": 2, "width": 100, "height": 175 },
			"ef_cross_smoke_main/ef_cross_smoke_main_00004": { "y": 77.54, "scaleX": 2, "scaleY": 2, "width": 100, "height": 175 },
			"ef_cross_smoke_main/ef_cross_smoke_main_00005": { "y": 77.54, "scaleX": 2, "scaleY": 2, "width": 100, "height": 175 },
			"ef_cross_smoke_main/ef_cross_smoke_main_00007": { "y": 77.54, "scaleX": 2, "scaleY": 2, "width": 100, "height": 175 },
			"ef_cross_smoke_main/ef_cross_smoke_main_00009": { "y": 77.54, "scaleX": 2, "scaleY": 2, "width": 100, "height": 175 },
			"ef_cross_smoke_main/ef_cross_smoke_main_00011": { "y": 77.54, "scaleX": 2, "scaleY": 2, "width": 100, "height": 175 },
			"ef_cross_smoke_main/ef_cross_smoke_main_00013": { "y": 77.54, "scaleX": 2, "scaleY": 2, "width": 100, "height": 175 },
			"ef_cross_smoke_main/ef_cross_smoke_main_00015": { "y": 77.54, "scaleX": 2, "scaleY": 2, "width": 100, "height": 175 },
			"ef_cross_smoke_main/ef_cross_smoke_main_00016": { "y": 77.54, "scaleX": 2, "scaleY": 2, "width": 100, "height": 175 },
			"ef_cross_smoke_main/ef_cross_smoke_main_00018": { "y": 77.54, "scaleX": 2, "scaleY": 2, "width": 100, "height": 175 },
			"ef_cross_smoke_main/ef_cross_smoke_main_00020": { "y": 77.54, "scaleX": 2, "scaleY": 2, "width": 100, "height": 175 },
			"ef_cross_smoke_main/ef_cross_smoke_main_00022": { "y": 77.54, "scaleX": 2, "scaleY": 2, "width": 100, "height": 175 },
			"ef_cross_smoke_main/ef_cross_smoke_main_00024": { "y": 77.54, "scaleX": 2, "scaleY": 2, "width": 100, "height": 175 },
			"ef_cross_smoke_main/ef_cross_smoke_main_00026": { "y": 77.54, "scaleX": 2, "scaleY": 2, "width": 100, "height": 175 }
		},
		"ef_cross_smoke_main2": {
			"ef_cross_smoke_main2/ef_cross_smoke_main 2_00001": { "width": 125, "height": 125 },
			"ef_cross_smoke_main2/ef_cross_smoke_main 2_00002": { "width": 125, "height": 125 },
			"ef_cross_smoke_main2/ef_cross_smoke_main 2_00003": { "width": 125, "height": 125 },
			"ef_cross_smoke_main2/ef_cross_smoke_main 2_00005": { "width": 125, "height": 125 },
			"ef_cross_smoke_main2/ef_cross_smoke_main 2_00007": { "width": 125, "height": 125 },
			"ef_cross_smoke_main2/ef_cross_smoke_main 2_00009": { "width": 125, "height": 125 },
			"ef_cross_smoke_main2/ef_cross_smoke_main 2_00011": { "width": 125, "height": 125 },
			"ef_cross_smoke_main2/ef_cross_smoke_main 2_00013": { "width": 125, "height": 125 },
			"ef_cross_smoke_main2/ef_cross_smoke_main 2_00015": { "width": 125, "height": 125 },
			"ef_cross_smoke_main2/ef_cross_smoke_main 2_00017": { "width": 125, "height": 125 },
			"ef_cross_smoke_main2/ef_cross_smoke_main 2_00019": { "width": 125, "height": 125 },
			"ef_cross_smoke_main2/ef_cross_smoke_main 2_00021": { "width": 125, "height": 125 },
			"ef_cross_smoke_main2/ef_cross_smoke_main 2_00023": { "width": 125, "height": 125 },
			"ef_cross_smoke_main2/ef_cross_smoke_main 2_00025": { "width": 125, "height": 125 },
			"ef_cross_smoke_main2/ef_cross_smoke_main 2_00027": { "width": 125, "height": 125 },
			"ef_cross_smoke_main2/ef_cross_smoke_main 2_00029": { "width": 125, "height": 125 }
		},
		"ef_cross_smoke_main3": {
			"ef_cross_smoke_main/ef_cross_smoke_main_00001": { "y": 77.54, "scaleX": 2, "scaleY": 2, "width": 100, "height": 175 },
			"ef_cross_smoke_main/ef_cross_smoke_main_00002": { "y": 77.54, "scaleX": 2, "scaleY": 2, "width": 100, "height": 175 },
			"ef_cross_smoke_main/ef_cross_smoke_main_00003": { "y": 77.54, "scaleX": 2, "scaleY": 2, "width": 100, "height": 175 },
			"ef_cross_smoke_main/ef_cross_smoke_main_00004": { "y": 77.54, "scaleX": 2, "scaleY": 2, "width": 100, "height": 175 },
			"ef_cross_smoke_main/ef_cross_smoke_main_00005": { "y": 77.54, "scaleX": 2, "scaleY": 2, "width": 100, "height": 175 },
			"ef_cross_smoke_main/ef_cross_smoke_main_00007": { "y": 77.54, "scaleX": 2, "scaleY": 2, "width": 100, "height": 175 },
			"ef_cross_smoke_main/ef_cross_smoke_main_00009": { "y": 77.54, "scaleX": 2, "scaleY": 2, "width": 100, "height": 175 },
			"ef_cross_smoke_main/ef_cross_smoke_main_00011": { "y": 77.54, "scaleX": 2, "scaleY": 2, "width": 100, "height": 175 },
			"ef_cross_smoke_main/ef_cross_smoke_main_00013": { "y": 77.54, "scaleX": 2, "scaleY": 2, "width": 100, "height": 175 },
			"ef_cross_smoke_main/ef_cross_smoke_main_00015": { "y": 77.54, "scaleX": 2, "scaleY": 2, "width": 100, "height": 175 },
			"ef_cross_smoke_main/ef_cross_smoke_main_00016": { "y": 77.54, "scaleX": 2, "scaleY": 2, "width": 100, "height": 175 },
			"ef_cross_smoke_main/ef_cross_smoke_main_00018": { "y": 77.54, "scaleX": 2, "scaleY": 2, "width": 100, "height": 175 },
			"ef_cross_smoke_main/ef_cross_smoke_main_00020": { "y": 77.54, "scaleX": 2, "scaleY": 2, "width": 100, "height": 175 },
			"ef_cross_smoke_main/ef_cross_smoke_main_00022": { "y": 77.54, "scaleX": 2, "scaleY": 2, "width": 100, "height": 175 },
			"ef_cross_smoke_main/ef_cross_smoke_main_00024": { "y": 77.54, "scaleX": 2, "scaleY": 2, "width": 100, "height": 175 },
			"ef_cross_smoke_main/ef_cross_smoke_main_00026": { "y": 77.54, "scaleX": 2, "scaleY": 2, "width": 100, "height": 175 }
		},
		"ef_cross_smoke_main4": {
			"ef_cross_smoke_main/ef_cross_smoke_main_00001": { "y": 77.54, "scaleX": 2, "scaleY": 2, "width": 100, "height": 175 },
			"ef_cross_smoke_main/ef_cross_smoke_main_00002": { "y": 77.54, "scaleX": 2, "scaleY": 2, "width": 100, "height": 175 },
			"ef_cross_smoke_main/ef_cross_smoke_main_00003": { "y": 77.54, "scaleX": 2, "scaleY": 2, "width": 100, "height": 175 },
			"ef_cross_smoke_main/ef_cross_smoke_main_00004": { "y": 77.54, "scaleX": 2, "scaleY": 2, "width": 100, "height": 175 },
			"ef_cross_smoke_main/ef_cross_smoke_main_00005": { "y": 77.54, "scaleX": 2, "scaleY": 2, "width": 100, "height": 175 },
			"ef_cross_smoke_main/ef_cross_smoke_main_00007": { "y": 77.54, "scaleX": 2, "scaleY": 2, "width": 100, "height": 175 },
			"ef_cross_smoke_main/ef_cross_smoke_main_00009": { "y": 77.54, "scaleX": 2, "scaleY": 2, "width": 100, "height": 175 },
			"ef_cross_smoke_main/ef_cross_smoke_main_00011": { "y": 77.54, "scaleX": 2, "scaleY": 2, "width": 100, "height": 175 },
			"ef_cross_smoke_main/ef_cross_smoke_main_00013": { "y": 77.54, "scaleX": 2, "scaleY": 2, "width": 100, "height": 175 },
			"ef_cross_smoke_main/ef_cross_smoke_main_00015": { "y": 77.54, "scaleX": 2, "scaleY": 2, "width": 100, "height": 175 },
			"ef_cross_smoke_main/ef_cross_smoke_main_00016": { "y": 77.54, "scaleX": 2, "scaleY": 2, "width": 100, "height": 175 },
			"ef_cross_smoke_main/ef_cross_smoke_main_00018": { "y": 77.54, "scaleX": 2, "scaleY": 2, "width": 100, "height": 175 },
			"ef_cross_smoke_main/ef_cross_smoke_main_00020": { "y": 77.54, "scaleX": 2, "scaleY": 2, "width": 100, "height": 175 },
			"ef_cross_smoke_main/ef_cross_smoke_main_00022": { "y": 77.54, "scaleX": 2, "scaleY": 2, "width": 100, "height": 175 },
			"ef_cross_smoke_main/ef_cross_smoke_main_00024": { "y": 77.54, "scaleX": 2, "scaleY": 2, "width": 100, "height": 175 },
			"ef_cross_smoke_main/ef_cross_smoke_main_00026": { "y": 77.54, "scaleX": 2, "scaleY": 2, "width": 100, "height": 175 }
		},
		"ef_cross_smoke_main5": {
			"ef_cross_smoke_main/ef_cross_smoke_main_00001": { "y": 77.54, "scaleX": 2, "scaleY": 2, "width": 100, "height": 175 },
			"ef_cross_smoke_main/ef_cross_smoke_main_00002": { "y": 77.54, "scaleX": 2, "scaleY": 2, "width": 100, "height": 175 },
			"ef_cross_smoke_main/ef_cross_smoke_main_00003": { "y": 77.54, "scaleX": 2, "scaleY": 2, "width": 100, "height": 175 },
			"ef_cross_smoke_main/ef_cross_smoke_main_00004": { "y": 77.54, "scaleX": 2, "scaleY": 2, "width": 100, "height": 175 },
			"ef_cross_smoke_main/ef_cross_smoke_main_00005": { "y": 77.54, "scaleX": 2, "scaleY": 2, "width": 100, "height": 175 },
			"ef_cross_smoke_main/ef_cross_smoke_main_00007": { "y": 77.54, "scaleX": 2, "scaleY": 2, "width": 100, "height": 175 },
			"ef_cross_smoke_main/ef_cross_smoke_main_00009": { "y": 77.54, "scaleX": 2, "scaleY": 2, "width": 100, "height": 175 },
			"ef_cross_smoke_main/ef_cross_smoke_main_00011": { "y": 77.54, "scaleX": 2, "scaleY": 2, "width": 100, "height": 175 },
			"ef_cross_smoke_main/ef_cross_smoke_main_00013": { "y": 77.54, "scaleX": 2, "scaleY": 2, "width": 100, "height": 175 },
			"ef_cross_smoke_main/ef_cross_smoke_main_00015": { "y": 77.54, "scaleX": 2, "scaleY": 2, "width": 100, "height": 175 },
			"ef_cross_smoke_main/ef_cross_smoke_main_00016": { "y": 77.54, "scaleX": 2, "scaleY": 2, "width": 100, "height": 175 },
			"ef_cross_smoke_main/ef_cross_smoke_main_00018": { "y": 77.54, "scaleX": 2, "scaleY": 2, "width": 100, "height": 175 },
			"ef_cross_smoke_main/ef_cross_smoke_main_00020": { "y": 77.54, "scaleX": 2, "scaleY": 2, "width": 100, "height": 175 },
			"ef_cross_smoke_main/ef_cross_smoke_main_00022": { "y": 77.54, "scaleX": 2, "scaleY": 2, "width": 100, "height": 175 },
			"ef_cross_smoke_main/ef_cross_smoke_main_00024": { "y": 77.54, "scaleX": 2, "scaleY": 2, "width": 100, "height": 175 },
			"ef_cross_smoke_main/ef_cross_smoke_main_00026": { "y": 77.54, "scaleX": 2, "scaleY": 2, "width": 100, "height": 175 }
		},
		"ef_cross_smoke_main6": {
			"ef_cross_smoke_main2/ef_cross_smoke_main 2_00001": { "width": 125, "height": 125 },
			"ef_cross_smoke_main2/ef_cross_smoke_main 2_00002": { "width": 125, "height": 125 },
			"ef_cross_smoke_main2/ef_cross_smoke_main 2_00003": { "width": 125, "height": 125 },
			"ef_cross_smoke_main2/ef_cross_smoke_main 2_00005": { "width": 125, "height": 125 },
			"ef_cross_smoke_main2/ef_cross_smoke_main 2_00007": { "width": 125, "height": 125 },
			"ef_cross_smoke_main2/ef_cross_smoke_main 2_00009": { "width": 125, "height": 125 },
			"ef_cross_smoke_main2/ef_cross_smoke_main 2_00011": { "width": 125, "height": 125 },
			"ef_cross_smoke_main2/ef_cross_smoke_main 2_00013": { "width": 125, "height": 125 },
			"ef_cross_smoke_main2/ef_cross_smoke_main 2_00015": { "width": 125, "height": 125 },
			"ef_cross_smoke_main2/ef_cross_smoke_main 2_00017": { "width": 125, "height": 125 },
			"ef_cross_smoke_main2/ef_cross_smoke_main 2_00019": { "width": 125, "height": 125 },
			"ef_cross_smoke_main2/ef_cross_smoke_main 2_00021": { "width": 125, "height": 125 },
			"ef_cross_smoke_main2/ef_cross_smoke_main 2_00023": { "width": 125, "height": 125 },
			"ef_cross_smoke_main2/ef_cross_smoke_main 2_00025": { "width": 125, "height": 125 },
			"ef_cross_smoke_main2/ef_cross_smoke_main 2_00027": { "width": 125, "height": 125 },
			"ef_cross_smoke_main2/ef_cross_smoke_main 2_00029": { "width": 125, "height": 125 }
		},
		"ef_cross_smoke_main7": {
			"ef_cross_smoke_main2/ef_cross_smoke_main 2_00001": { "width": 125, "height": 125 },
			"ef_cross_smoke_main2/ef_cross_smoke_main 2_00002": { "width": 125, "height": 125 },
			"ef_cross_smoke_main2/ef_cross_smoke_main 2_00003": { "width": 125, "height": 125 },
			"ef_cross_smoke_main2/ef_cross_smoke_main 2_00005": { "width": 125, "height": 125 },
			"ef_cross_smoke_main2/ef_cross_smoke_main 2_00007": { "width": 125, "height": 125 },
			"ef_cross_smoke_main2/ef_cross_smoke_main 2_00009": { "width": 125, "height": 125 },
			"ef_cross_smoke_main2/ef_cross_smoke_main 2_00011": { "width": 125, "height": 125 },
			"ef_cross_smoke_main2/ef_cross_smoke_main 2_00013": { "width": 125, "height": 125 },
			"ef_cross_smoke_main2/ef_cross_smoke_main 2_00015": { "width": 125, "height": 125 },
			"ef_cross_smoke_main2/ef_cross_smoke_main 2_00017": { "width": 125, "height": 125 },
			"ef_cross_smoke_main2/ef_cross_smoke_main 2_00019": { "width": 125, "height": 125 },
			"ef_cross_smoke_main2/ef_cross_smoke_main 2_00021": { "width": 125, "height": 125 },
			"ef_cross_smoke_main2/ef_cross_smoke_main 2_00023": { "width": 125, "height": 125 },
			"ef_cross_smoke_main2/ef_cross_smoke_main 2_00025": { "width": 125, "height": 125 },
			"ef_cross_smoke_main2/ef_cross_smoke_main 2_00027": { "width": 125, "height": 125 },
			"ef_cross_smoke_main2/ef_cross_smoke_main 2_00029": { "width": 125, "height": 125 }
		},
		"ef_cross_smoke_main8": {
			"ef_cross_smoke_main2/ef_cross_smoke_main 2_00001": { "width": 125, "height": 125 },
			"ef_cross_smoke_main2/ef_cross_smoke_main 2_00002": { "width": 125, "height": 125 },
			"ef_cross_smoke_main2/ef_cross_smoke_main 2_00003": { "width": 125, "height": 125 },
			"ef_cross_smoke_main2/ef_cross_smoke_main 2_00005": { "width": 125, "height": 125 },
			"ef_cross_smoke_main2/ef_cross_smoke_main 2_00007": { "width": 125, "height": 125 },
			"ef_cross_smoke_main2/ef_cross_smoke_main 2_00009": { "width": 125, "height": 125 },
			"ef_cross_smoke_main2/ef_cross_smoke_main 2_00011": { "width": 125, "height": 125 },
			"ef_cross_smoke_main2/ef_cross_smoke_main 2_00013": { "width": 125, "height": 125 },
			"ef_cross_smoke_main2/ef_cross_smoke_main 2_00015": { "width": 125, "height": 125 },
			"ef_cross_smoke_main2/ef_cross_smoke_main 2_00017": { "width": 125, "height": 125 },
			"ef_cross_smoke_main2/ef_cross_smoke_main 2_00019": { "width": 125, "height": 125 },
			"ef_cross_smoke_main2/ef_cross_smoke_main 2_00021": { "width": 125, "height": 125 },
			"ef_cross_smoke_main2/ef_cross_smoke_main 2_00023": { "width": 125, "height": 125 },
			"ef_cross_smoke_main2/ef_cross_smoke_main 2_00025": { "width": 125, "height": 125 },
			"ef_cross_smoke_main2/ef_cross_smoke_main 2_00027": { "width": 125, "height": 125 },
			"ef_cross_smoke_main2/ef_cross_smoke_main 2_00029": { "width": 125, "height": 125 }
		},
		"ef_hit_main": {
			"ef_hit_main/ef_hit_main_00001": { "width": 200, "height": 200 },
			"ef_hit_main/ef_hit_main_00002": { "width": 200, "height": 200 },
			"ef_hit_main/ef_hit_main_00003": { "width": 200, "height": 200 },
			"ef_hit_main/ef_hit_main_00004": { "width": 200, "height": 200 },
			"ef_hit_main/ef_hit_main_00005": { "width": 200, "height": 200 },
			"ef_hit_main/ef_hit_main_00006": { "width": 200, "height": 200 }
		},
		"ef_hit_main2": {
			"ef_hit_main/ef_hit_main_00002": { "width": 200, "height": 200 },
			"ef_hit_main/ef_hit_main_00003": { "width": 200, "height": 200 },
			"ef_hit_main/ef_hit_main_00004": { "width": 200, "height": 200 },
			"ef_hit_main/ef_hit_main_00005": { "width": 200, "height": 200 }
		},
		"ef_slash_cross_A_mian": {
			"ef_slash_cross_A_mian/ef_slash_cross_A_mian_00013": { "width": 400, "height": 100 }
		},
		"ef_slash_cross_A_mian2": {
			"ef_slash_cross_A_mian/ef_slash_cross_A_mian_00013": { "width": 400, "height": 100 }
		},
		"ef_wave_mian": {
			"ef_wave_mian/ef_wave_mian_00001": { "width": 300, "height": 300 },
			"ef_wave_mian/ef_wave_mian_00003": { "width": 300, "height": 300 },
			"ef_wave_mian/ef_wave_mian_00004": { "width": 300, "height": 300 },
			"ef_wave_mian/ef_wave_mian_00005": { "width": 300, "height": 300 }
		},
		"wing_A_yellow": {
			"ef/wing_A_yellow/ef_wing_A_yellow_00006": { "width": 375, "height": 375 },
			"ef/wing_A_yellow/ef_wing_A_yellow_00010": { "width": 375, "height": 375 },
			"ef/wing_A_yellow/ef_wing_A_yellow_00014": { "width": 375, "height": 375 },
			"ef/wing_A_yellow/ef_wing_A_yellow_00018": { "width": 375, "height": 375 },
			"ef/wing_A_yellow/ef_wing_A_yellow_00020": { "width": 375, "height": 375 },
			"ef/wing_A_yellow/ef_wing_A_yellow_00022": { "width": 375, "height": 375 },
			"ef/wing_A_yellow/ef_wing_A_yellow_00024": { "width": 375, "height": 375 }
		},
		"wing_A_yellow2": {
			"ef/wing_A_yellow/ef_wing_A_yellow_00006": { "width": 375, "height": 375 },
			"ef/wing_A_yellow/ef_wing_A_yellow_00010": { "width": 375, "height": 375 },
			"ef/wing_A_yellow/ef_wing_A_yellow_00014": { "width": 375, "height": 375 },
			"ef/wing_A_yellow/ef_wing_A_yellow_00018": { "width": 375, "height": 375 },
			"ef/wing_A_yellow/ef_wing_A_yellow_00020": { "width": 375, "height": 375 },
			"ef/wing_A_yellow/ef_wing_A_yellow_00022": { "width": 375, "height": 375 },
			"ef/wing_A_yellow/ef_wing_A_yellow_00024": { "width": 375, "height": 375 }
		},
		"wing_A_yellow3": {
			"ef/wing_A_yellow/ef_wing_A_yellow_00006": { "width": 375, "height": 375 },
			"ef/wing_A_yellow/ef_wing_A_yellow_00010": { "width": 375, "height": 375 },
			"ef/wing_A_yellow/ef_wing_A_yellow_00014": { "width": 375, "height": 375 },
			"ef/wing_A_yellow/ef_wing_A_yellow_00018": { "width": 375, "height": 375 },
			"ef/wing_A_yellow/ef_wing_A_yellow_00020": { "width": 375, "height": 375 },
			"ef/wing_A_yellow/ef_wing_A_yellow_00022": { "width": 375, "height": 375 },
			"ef/wing_A_yellow/ef_wing_A_yellow_00024": { "width": 375, "height": 375 }
		},
		"wing_A_yellow4": {
			"ef/wing_A_yellow/ef_wing_A_yellow_00006": { "width": 375, "height": 375 },
			"ef/wing_A_yellow/ef_wing_A_yellow_00010": { "width": 375, "height": 375 },
			"ef/wing_A_yellow/ef_wing_A_yellow_00014": { "width": 375, "height": 375 },
			"ef/wing_A_yellow/ef_wing_A_yellow_00018": { "width": 375, "height": 375 },
			"ef/wing_A_yellow/ef_wing_A_yellow_00020": { "width": 375, "height": 375 },
			"ef/wing_A_yellow/ef_wing_A_yellow_00022": { "width": 375, "height": 375 },
			"ef/wing_A_yellow/ef_wing_A_yellow_00024": { "width": 375, "height": 375 }
		},
		"wing_A_yellow5": {
			"ef/wing_A_yellow/ef_wing_A_yellow_00006": { "width": 375, "height": 375 },
			"ef/wing_A_yellow/ef_wing_A_yellow_00010": { "width": 375, "height": 375 },
			"ef/wing_A_yellow/ef_wing_A_yellow_00014": { "width": 375, "height": 375 },
			"ef/wing_A_yellow/ef_wing_A_yellow_00018": { "width": 375, "height": 375 },
			"ef/wing_A_yellow/ef_wing_A_yellow_00020": { "width": 375, "height": 375 },
			"ef/wing_A_yellow/ef_wing_A_yellow_00022": { "width": 375, "height": 375 },
			"ef/wing_A_yellow/ef_wing_A_yellow_00024": { "width": 375, "height": 375 }
		},
		"wing_A_yellow6": {
			"ef/wing_A_yellow/ef_wing_A_yellow_00006": { "width": 375, "height": 375 },
			"ef/wing_A_yellow/ef_wing_A_yellow_00010": { "width": 375, "height": 375 },
			"ef/wing_A_yellow/ef_wing_A_yellow_00014": { "width": 375, "height": 375 },
			"ef/wing_A_yellow/ef_wing_A_yellow_00018": { "width": 375, "height": 375 },
			"ef/wing_A_yellow/ef_wing_A_yellow_00020": { "width": 375, "height": 375 },
			"ef/wing_A_yellow/ef_wing_A_yellow_00022": { "width": 375, "height": 375 },
			"ef/wing_A_yellow/ef_wing_A_yellow_00024": { "width": 375, "height": 375 }
		},
		"wing_A_yellow7": {
			"ef/wing_A_yellow/ef_wing_A_yellow_00006": { "width": 375, "height": 375 },
			"ef/wing_A_yellow/ef_wing_A_yellow_00010": { "width": 375, "height": 375 },
			"ef/wing_A_yellow/ef_wing_A_yellow_00014": { "width": 375, "height": 375 },
			"ef/wing_A_yellow/ef_wing_A_yellow_00018": { "width": 375, "height": 375 },
			"ef/wing_A_yellow/ef_wing_A_yellow_00020": { "width": 375, "height": 375 },
			"ef/wing_A_yellow/ef_wing_A_yellow_00022": { "width": 375, "height": 375 },
			"ef/wing_A_yellow/ef_wing_A_yellow_00024": { "width": 375, "height": 375 }
		},
		"wing_A_yellow8": {
			"ef/wing_A_yellow/ef_wing_A_yellow_00006": { "width": 375, "height": 375 },
			"ef/wing_A_yellow/ef_wing_A_yellow_00010": { "width": 375, "height": 375 },
			"ef/wing_A_yellow/ef_wing_A_yellow_00014": { "width": 375, "height": 375 },
			"ef/wing_A_yellow/ef_wing_A_yellow_00018": { "width": 375, "height": 375 },
			"ef/wing_A_yellow/ef_wing_A_yellow_00020": { "width": 375, "height": 375 },
			"ef/wing_A_yellow/ef_wing_A_yellow_00022": { "width": 375, "height": 375 },
			"ef/wing_A_yellow/ef_wing_A_yellow_00024": { "width": 375, "height": 375 }
		}
	}
},
"events": {
	"Event": {},
	"Event2": {},
	"Sound1": {},
	"Sound2": {},
	"Sound3": {},
	"Voice": {},
	"hit": {}
},
"animations": {
	"attack1": {
		"slots": {
			"DAMAGEAREA": {
				"attachment": [
					{ "time": 0.3333, "name": "DAMAGEAREA" },
					{ "time": 1.1333, "name": null }
				]
			},
			"ef_OF_main/ef_OF_main_1": {
				"attachment": [
					{ "time": 0.1666, "name": "ef_OF_main/ef_OF_main_00001" },
					{ "time": 0.6333, "name": null }
				],
				"color": [
					{
						"time": 0.3666,
						"color": "ffffffff",
						"curve": [ 0.103, 0.48, 0.75, 1 ]
					},
					{ "time": 0.6333, "color": "ffffff00" }
				]
			},
			"ef_OF_main/ef_OF_main_00001": {
				"attachment": [
					{ "time": 0.1666, "name": "ef_OF_main/ef_OF_main_00001" },
					{ "time": 0.6333, "name": null }
				],
				"color": [
					{
						"time": 0.3666,
						"color": "ffffffff",
						"curve": [ 0.103, 0.48, 0.75, 1 ]
					},
					{ "time": 0.6333, "color": "ffffff00" }
				]
			},
			"ef_cross_smoke_main": {
				"attachment": [
					{ "time": 0.2666, "name": "ef_cross_smoke_main/ef_cross_smoke_main_00001" },
					{ "time": 0.3333, "name": "ef_cross_smoke_main/ef_cross_smoke_main_00002" },
					{ "time": 0.4, "name": "ef_cross_smoke_main/ef_cross_smoke_main_00003" },
					{ "time": 0.4666, "name": "ef_cross_smoke_main/ef_cross_smoke_main_00004" },
					{ "time": 0.5333, "name": "ef_cross_smoke_main/ef_cross_smoke_main_00005" },
					{ "time": 0.6, "name": "ef_cross_smoke_main/ef_cross_smoke_main_00007" },
					{ "time": 0.6666, "name": "ef_cross_smoke_main/ef_cross_smoke_main_00009" },
					{ "time": 0.7333, "name": "ef_cross_smoke_main/ef_cross_smoke_main_00011" },
					{ "time": 0.8, "name": "ef_cross_smoke_main/ef_cross_smoke_main_00013" },
					{ "time": 0.8666, "name": "ef_cross_smoke_main/ef_cross_smoke_main_00015" },
					{ "time": 0.9333, "name": "ef_cross_smoke_main/ef_cross_smoke_main_00016" },
					{ "time": 1, "name": "ef_cross_smoke_main/ef_cross_smoke_main_00018" },
					{ "time": 1.0666, "name": "ef_cross_smoke_main/ef_cross_smoke_main_00020" },
					{ "time": 1.1333, "name": "ef_cross_smoke_main/ef_cross_smoke_main_00022" },
					{ "time": 1.2, "name": "ef_cross_smoke_main/ef_cross_smoke_main_00024" },
					{ "time": 1.2666, "name": "ef_cross_smoke_main/ef_cross_smoke_main_00026" },
					{ "time": 1.3333, "name": null }
				]
			},
			"ef_cross_smoke_main2": {
				"attachment": [
					{ "time": 0.6333, "name": "ef_cross_smoke_main2/ef_cross_smoke_main 2_00001" },
					{ "time": 0.6666, "name": "ef_cross_smoke_main2/ef_cross_smoke_main 2_00002" },
					{ "time": 0.7, "name": "ef_cross_smoke_main2/ef_cross_smoke_main 2_00003" },
					{ "time": 0.7333, "name": "ef_cross_smoke_main2/ef_cross_smoke_main 2_00005" },
					{ "time": 0.7666, "name": "ef_cross_smoke_main2/ef_cross_smoke_main 2_00007" },
					{ "time": 0.8, "name": "ef_cross_smoke_main2/ef_cross_smoke_main 2_00009" },
					{ "time": 0.8333, "name": "ef_cross_smoke_main2/ef_cross_smoke_main 2_00011" },
					{ "time": 0.8666, "name": "ef_cross_smoke_main2/ef_cross_smoke_main 2_00013" },
					{ "time": 0.9333, "name": "ef_cross_smoke_main2/ef_cross_smoke_main 2_00015" },
					{ "time": 1, "name": "ef_cross_smoke_main2/ef_cross_smoke_main 2_00017" },
					{ "time": 1.0666, "name": "ef_cross_smoke_main2/ef_cross_smoke_main 2_00019" },
					{ "time": 1.1333, "name": "ef_cross_smoke_main2/ef_cross_smoke_main 2_00021" },
					{ "time": 1.2, "name": "ef_cross_smoke_main2/ef_cross_smoke_main 2_00023" },
					{ "time": 1.2666, "name": "ef_cross_smoke_main2/ef_cross_smoke_main 2_00025" },
					{ "time": 1.3333, "name": "ef_cross_smoke_main2/ef_cross_smoke_main 2_00027" },
					{ "time": 1.4, "name": "ef_cross_smoke_main2/ef_cross_smoke_main 2_00029" },
					{ "time": 1.5333, "name": null }
				],
				"color": [
					{ "time": 1.4, "color": "ffffffff" },
					{ "time": 1.5333, "color": "ffffff00" }
				]
			},
			"ef_cross_smoke_main3": {
				"attachment": [
					{ "time": 0.2666, "name": "ef_cross_smoke_main/ef_cross_smoke_main_00001" },
					{ "time": 0.3333, "name": "ef_cross_smoke_main/ef_cross_smoke_main_00002" },
					{ "time": 0.4, "name": "ef_cross_smoke_main/ef_cross_smoke_main_00003" },
					{ "time": 0.4666, "name": "ef_cross_smoke_main/ef_cross_smoke_main_00004" },
					{ "time": 0.5333, "name": "ef_cross_smoke_main/ef_cross_smoke_main_00005" },
					{ "time": 0.6, "name": "ef_cross_smoke_main/ef_cross_smoke_main_00007" },
					{ "time": 0.6666, "name": "ef_cross_smoke_main/ef_cross_smoke_main_00009" },
					{ "time": 0.7333, "name": "ef_cross_smoke_main/ef_cross_smoke_main_00011" },
					{ "time": 0.8, "name": "ef_cross_smoke_main/ef_cross_smoke_main_00013" },
					{ "time": 0.8666, "name": "ef_cross_smoke_main/ef_cross_smoke_main_00015" },
					{ "time": 0.9333, "name": "ef_cross_smoke_main/ef_cross_smoke_main_00016" },
					{ "time": 1, "name": "ef_cross_smoke_main/ef_cross_smoke_main_00018" },
					{ "time": 1.0666, "name": "ef_cross_smoke_main/ef_cross_smoke_main_00020" },
					{ "time": 1.1333, "name": "ef_cross_smoke_main/ef_cross_smoke_main_00022" },
					{ "time": 1.2, "name": "ef_cross_smoke_main/ef_cross_smoke_main_00024" },
					{ "time": 1.2666, "name": "ef_cross_smoke_main/ef_cross_smoke_main_00026" },
					{ "time": 1.3333, "name": null }
				]
			},
			"ef_cross_smoke_main4": {
				"attachment": [
					{ "time": 0.2666, "name": "ef_cross_smoke_main/ef_cross_smoke_main_00001" },
					{ "time": 0.3333, "name": "ef_cross_smoke_main/ef_cross_smoke_main_00002" },
					{ "time": 0.4, "name": "ef_cross_smoke_main/ef_cross_smoke_main_00003" },
					{ "time": 0.4666, "name": "ef_cross_smoke_main/ef_cross_smoke_main_00004" },
					{ "time": 0.5333, "name": "ef_cross_smoke_main/ef_cross_smoke_main_00005" },
					{ "time": 0.6, "name": "ef_cross_smoke_main/ef_cross_smoke_main_00007" },
					{ "time": 0.6666, "name": "ef_cross_smoke_main/ef_cross_smoke_main_00009" },
					{ "time": 0.7333, "name": "ef_cross_smoke_main/ef_cross_smoke_main_00011" },
					{ "time": 0.8, "name": "ef_cross_smoke_main/ef_cross_smoke_main_00013" },
					{ "time": 0.8666, "name": "ef_cross_smoke_main/ef_cross_smoke_main_00015" },
					{ "time": 0.9333, "name": "ef_cross_smoke_main/ef_cross_smoke_main_00016" },
					{ "time": 1, "name": "ef_cross_smoke_main/ef_cross_smoke_main_00018" },
					{ "time": 1.0666, "name": "ef_cross_smoke_main/ef_cross_smoke_main_00020" },
					{ "time": 1.1333, "name": "ef_cross_smoke_main/ef_cross_smoke_main_00022" },
					{ "time": 1.2, "name": "ef_cross_smoke_main/ef_cross_smoke_main_00024" },
					{ "time": 1.2666, "name": "ef_cross_smoke_main/ef_cross_smoke_main_00026" },
					{ "time": 1.3333, "name": null }
				]
			},
			"ef_cross_smoke_main5": {
				"attachment": [
					{ "time": 0.2666, "name": "ef_cross_smoke_main/ef_cross_smoke_main_00001" },
					{ "time": 0.3333, "name": "ef_cross_smoke_main/ef_cross_smoke_main_00002" },
					{ "time": 0.4, "name": "ef_cross_smoke_main/ef_cross_smoke_main_00003" },
					{ "time": 0.4666, "name": "ef_cross_smoke_main/ef_cross_smoke_main_00004" },
					{ "time": 0.5333, "name": "ef_cross_smoke_main/ef_cross_smoke_main_00005" },
					{ "time": 0.6, "name": "ef_cross_smoke_main/ef_cross_smoke_main_00007" },
					{ "time": 0.6666, "name": "ef_cross_smoke_main/ef_cross_smoke_main_00009" },
					{ "time": 0.7333, "name": "ef_cross_smoke_main/ef_cross_smoke_main_00011" },
					{ "time": 0.8, "name": "ef_cross_smoke_main/ef_cross_smoke_main_00013" },
					{ "time": 0.8666, "name": "ef_cross_smoke_main/ef_cross_smoke_main_00015" },
					{ "time": 0.9333, "name": "ef_cross_smoke_main/ef_cross_smoke_main_00016" },
					{ "time": 1, "name": "ef_cross_smoke_main/ef_cross_smoke_main_00018" },
					{ "time": 1.0666, "name": "ef_cross_smoke_main/ef_cross_smoke_main_00020" },
					{ "time": 1.1333, "name": "ef_cross_smoke_main/ef_cross_smoke_main_00022" },
					{ "time": 1.2, "name": "ef_cross_smoke_main/ef_cross_smoke_main_00024" },
					{ "time": 1.2666, "name": "ef_cross_smoke_main/ef_cross_smoke_main_00026" },
					{ "time": 1.3333, "name": null }
				]
			},
			"ef_cross_smoke_main6": {
				"attachment": [
					{ "time": 0.6333, "name": "ef_cross_smoke_main2/ef_cross_smoke_main 2_00001" },
					{ "time": 0.6666, "name": "ef_cross_smoke_main2/ef_cross_smoke_main 2_00002" },
					{ "time": 0.7, "name": "ef_cross_smoke_main2/ef_cross_smoke_main 2_00003" },
					{ "time": 0.7333, "name": "ef_cross_smoke_main2/ef_cross_smoke_main 2_00005" },
					{ "time": 0.7666, "name": "ef_cross_smoke_main2/ef_cross_smoke_main 2_00007" },
					{ "time": 0.8, "name": "ef_cross_smoke_main2/ef_cross_smoke_main 2_00009" },
					{ "time": 0.8333, "name": "ef_cross_smoke_main2/ef_cross_smoke_main 2_00011" },
					{ "time": 0.8666, "name": "ef_cross_smoke_main2/ef_cross_smoke_main 2_00013" },
					{ "time": 0.9333, "name": "ef_cross_smoke_main2/ef_cross_smoke_main 2_00015" },
					{ "time": 1, "name": "ef_cross_smoke_main2/ef_cross_smoke_main 2_00017" },
					{ "time": 1.0666, "name": "ef_cross_smoke_main2/ef_cross_smoke_main 2_00019" },
					{ "time": 1.1333, "name": "ef_cross_smoke_main2/ef_cross_smoke_main 2_00021" },
					{ "time": 1.2, "name": "ef_cross_smoke_main2/ef_cross_smoke_main 2_00023" },
					{ "time": 1.2666, "name": "ef_cross_smoke_main2/ef_cross_smoke_main 2_00025" },
					{ "time": 1.3333, "name": "ef_cross_smoke_main2/ef_cross_smoke_main 2_00027" },
					{ "time": 1.4, "name": "ef_cross_smoke_main2/ef_cross_smoke_main 2_00029" },
					{ "time": 1.5333, "name": null }
				],
				"color": [
					{ "time": 1.4, "color": "ffffffff" },
					{ "time": 1.5333, "color": "ffffff00" }
				]
			},
			"ef_cross_smoke_main7": {
				"attachment": [
					{ "time": 0.6333, "name": "ef_cross_smoke_main2/ef_cross_smoke_main 2_00001" },
					{ "time": 0.6666, "name": "ef_cross_smoke_main2/ef_cross_smoke_main 2_00002" },
					{ "time": 0.7, "name": "ef_cross_smoke_main2/ef_cross_smoke_main 2_00003" },
					{ "time": 0.7333, "name": "ef_cross_smoke_main2/ef_cross_smoke_main 2_00005" },
					{ "time": 0.7666, "name": "ef_cross_smoke_main2/ef_cross_smoke_main 2_00007" },
					{ "time": 0.8, "name": "ef_cross_smoke_main2/ef_cross_smoke_main 2_00009" },
					{ "time": 0.8333, "name": "ef_cross_smoke_main2/ef_cross_smoke_main 2_00011" },
					{ "time": 0.8666, "name": "ef_cross_smoke_main2/ef_cross_smoke_main 2_00013" },
					{ "time": 0.9333, "name": "ef_cross_smoke_main2/ef_cross_smoke_main 2_00015" },
					{ "time": 1, "name": "ef_cross_smoke_main2/ef_cross_smoke_main 2_00017" },
					{ "time": 1.0666, "name": "ef_cross_smoke_main2/ef_cross_smoke_main 2_00019" },
					{ "time": 1.1333, "name": "ef_cross_smoke_main2/ef_cross_smoke_main 2_00021" },
					{ "time": 1.2, "name": "ef_cross_smoke_main2/ef_cross_smoke_main 2_00023" },
					{ "time": 1.2666, "name": "ef_cross_smoke_main2/ef_cross_smoke_main 2_00025" },
					{ "time": 1.3333, "name": "ef_cross_smoke_main2/ef_cross_smoke_main 2_00027" },
					{ "time": 1.4, "name": "ef_cross_smoke_main2/ef_cross_smoke_main 2_00029" },
					{ "time": 1.5333, "name": null }
				],
				"color": [
					{ "time": 1.4, "color": "ffffffff" },
					{ "time": 1.5333, "color": "ffffff00" }
				]
			},
			"ef_cross_smoke_main8": {
				"attachment": [
					{ "time": 0.6333, "name": "ef_cross_smoke_main2/ef_cross_smoke_main 2_00001" },
					{ "time": 0.6666, "name": "ef_cross_smoke_main2/ef_cross_smoke_main 2_00002" },
					{ "time": 0.7, "name": "ef_cross_smoke_main2/ef_cross_smoke_main 2_00003" },
					{ "time": 0.7333, "name": "ef_cross_smoke_main2/ef_cross_smoke_main 2_00005" },
					{ "time": 0.7666, "name": "ef_cross_smoke_main2/ef_cross_smoke_main 2_00007" },
					{ "time": 0.8, "name": "ef_cross_smoke_main2/ef_cross_smoke_main 2_00009" },
					{ "time": 0.8333, "name": "ef_cross_smoke_main2/ef_cross_smoke_main 2_00011" },
					{ "time": 0.8666, "name": "ef_cross_smoke_main2/ef_cross_smoke_main 2_00013" },
					{ "time": 0.9333, "name": "ef_cross_smoke_main2/ef_cross_smoke_main 2_00015" },
					{ "time": 1, "name": "ef_cross_smoke_main2/ef_cross_smoke_main 2_00017" },
					{ "time": 1.0666, "name": "ef_cross_smoke_main2/ef_cross_smoke_main 2_00019" },
					{ "time": 1.1333, "name": "ef_cross_smoke_main2/ef_cross_smoke_main 2_00021" },
					{ "time": 1.1666, "name": "ef_cross_smoke_main2/ef_cross_smoke_main 2_00021" },
					{ "time": 1.2, "name": "ef_cross_smoke_main2/ef_cross_smoke_main 2_00023" },
					{ "time": 1.2666, "name": "ef_cross_smoke_main2/ef_cross_smoke_main 2_00025" },
					{ "time": 1.3333, "name": "ef_cross_smoke_main2/ef_cross_smoke_main 2_00027" },
					{ "time": 1.4, "name": "ef_cross_smoke_main2/ef_cross_smoke_main 2_00029" },
					{ "time": 1.5, "name": "ef_cross_smoke_main2/ef_cross_smoke_main 2_00029" },
					{ "time": 1.5333, "name": null }
				],
				"color": [
					{ "time": 1.4, "color": "ffffffff" },
					{ "time": 1.5333, "color": "ffffff00" }
				]
			},
			"ef_hit_main": {
				"attachment": [
					{ "time": 0.3, "name": null }
				],
				"color": [
					{ "time": 0.3, "color": "ffffff00" }
				]
			},
			"ef_hit_main2": {
				"attachment": [
					{ "time": 0.3666, "name": null },
					{ "time": 0.4666, "name": "ef_hit_main/ef_hit_main_00002" },
					{ "time": 0.5333, "name": "ef_hit_main/ef_hit_main_00003" },
					{ "time": 0.6, "name": "ef_hit_main/ef_hit_main_00004" },
					{ "time": 0.6666, "name": "ef_hit_main/ef_hit_main_00005" },
					{ "time": 0.7333, "name": null },
					{ "time": 0.8333, "name": null }
				],
				"color": [
					{ "time": 0.7333, "color": "ffffffff" },
					{ "time": 0.8333, "color": "ffffff00" }
				]
			},
			"ef_slash_cross_A_mian": {
				"attachment": [
					{ "time": 0.3, "name": "ef_slash_cross_A_mian/ef_slash_cross_A_mian_00013" }
				],
				"color": [
					{ "time": 1.1333, "color": "ffffffff" },
					{ "time": 1.3, "color": "ffffff00" }
				]
			},
			"ef_slash_cross_A_mian2": {
				"attachment": [
					{ "time": 0.3, "name": "ef_slash_cross_A_mian/ef_slash_cross_A_mian_00013" }
				],
				"color": [
					{ "time": 1.1333, "color": "ffffffff" },
					{ "time": 1.3, "color": "ffffff00" }
				]
			},
			"wing_A_yellow": {
				"attachment": [
					{ "time": 1.3, "name": "ef/wing_A_yellow/ef_wing_A_yellow_00006" },
					{ "time": 1.3666, "name": "ef/wing_A_yellow/ef_wing_A_yellow_00010" },
					{ "time": 1.4333, "name": "ef/wing_A_yellow/ef_wing_A_yellow_00014" },
					{ "time": 1.5, "name": "ef/wing_A_yellow/ef_wing_A_yellow_00018" },
					{ "time": 1.5666, "name": "ef/wing_A_yellow/ef_wing_A_yellow_00020" },
					{ "time": 1.6333, "name": "ef/wing_A_yellow/ef_wing_A_yellow_00022" },
					{ "time": 1.7, "name": "ef/wing_A_yellow/ef_wing_A_yellow_00024" },
					{ "time": 1.8333, "name": null }
				],
				"color": [
					{ "time": 1.7, "color": "ffffffff" },
					{ "time": 1.8333, "color": "ffffff00" }
				]
			},
			"wing_A_yellow2": {
				"attachment": [
					{ "time": 1.3, "name": "ef/wing_A_yellow/ef_wing_A_yellow_00006" },
					{ "time": 1.3666, "name": "ef/wing_A_yellow/ef_wing_A_yellow_00010" },
					{ "time": 1.4333, "name": "ef/wing_A_yellow/ef_wing_A_yellow_00014" },
					{ "time": 1.5, "name": "ef/wing_A_yellow/ef_wing_A_yellow_00018" },
					{ "time": 1.5666, "name": "ef/wing_A_yellow/ef_wing_A_yellow_00020" },
					{ "time": 1.6333, "name": "ef/wing_A_yellow/ef_wing_A_yellow_00022" },
					{ "time": 1.7, "name": "ef/wing_A_yellow/ef_wing_A_yellow_00024" },
					{ "time": 1.8333, "name": null }
				],
				"color": [
					{ "time": 1.7, "color": "ffffffff" },
					{ "time": 1.8333, "color": "ffffff00" }
				]
			},
			"wing_A_yellow3": {
				"attachment": [
					{ "time": 1.3, "name": "ef/wing_A_yellow/ef_wing_A_yellow_00006" },
					{ "time": 1.3666, "name": "ef/wing_A_yellow/ef_wing_A_yellow_00010" },
					{ "time": 1.4333, "name": "ef/wing_A_yellow/ef_wing_A_yellow_00014" },
					{ "time": 1.5, "name": "ef/wing_A_yellow/ef_wing_A_yellow_00018" },
					{ "time": 1.5666, "name": "ef/wing_A_yellow/ef_wing_A_yellow_00020" },
					{ "time": 1.6333, "name": "ef/wing_A_yellow/ef_wing_A_yellow_00022" },
					{ "time": 1.7333, "name": "ef/wing_A_yellow/ef_wing_A_yellow_00024" },
					{ "time": 1.8333, "name": null }
				],
				"color": [
					{ "time": 1.7333, "color": "ffffffff" },
					{ "time": 1.8333, "color": "ffffff00" }
				]
			},
			"wing_A_yellow4": {
				"attachment": [
					{ "time": 1.3, "name": "ef/wing_A_yellow/ef_wing_A_yellow_00006" },
					{ "time": 1.3666, "name": "ef/wing_A_yellow/ef_wing_A_yellow_00010" },
					{ "time": 1.4333, "name": "ef/wing_A_yellow/ef_wing_A_yellow_00014" },
					{ "time": 1.5, "name": "ef/wing_A_yellow/ef_wing_A_yellow_00018" },
					{ "time": 1.5666, "name": "ef/wing_A_yellow/ef_wing_A_yellow_00020" },
					{ "time": 1.6333, "name": "ef/wing_A_yellow/ef_wing_A_yellow_00022" },
					{ "time": 1.7, "name": "ef/wing_A_yellow/ef_wing_A_yellow_00024" },
					{ "time": 1.8333, "name": null }
				],
				"color": [
					{ "time": 1.7333, "color": "ffffffff" },
					{ "time": 1.8333, "color": "ffffff00" }
				]
			}
		},
		"bones": {
			"DAMAGEAREA": {
				"translate": [
					{ "time": 0.3333, "x": -165.51, "y": 178.81 }
				],
				"scale": [
					{ "time": 0.3333, "x": 6.68, "y": 6.68 }
				]
			},
			"ef_OF_main2": {
				"rotate": [
					{ "time": 0.1666, "angle": -40 }
				],
				"translate": [
					{ "time": 0.1666, "x": -165, "y": 185.9 }
				],
				"scale": [
					{ "time": 0.1666, "x": 0.1, "y": 0.1 },
					{ "time": 0.2666, "x": 6, "y": 4 },
					{
						"time": 0.3666,
						"x": 6,
						"y": 1,
						"curve": [ 0.103, 0.48, 0.75, 1 ]
					},
					{ "time": 0.6333, "x": 6, "y": 0.1 }
				]
			},
			"ef_OF_main": {
				"rotate": [
					{ "time": 0.1666, "angle": 40 }
				],
				"translate": [
					{ "time": 0.1666, "x": -165, "y": 185.84 }
				],
				"scale": [
					{ "time": 0.1666, "x": 0.1, "y": 0.1 },
					{ "time": 0.2666, "x": 6, "y": 4 },
					{
						"time": 0.3666,
						"x": 6,
						"y": 1,
						"curve": [ 0.103, 0.48, 0.75, 1 ]
					},
					{ "time": 0.6333, "x": 6, "y": 0.1 }
				]
			},
			"ef_cross_smoke_main_A1": {
				"rotate": [
					{ "time": 0.2666, "angle": -49.08 }
				],
				"translate": [
					{ "time": 0.2666, "x": -265, "y": -313.93 }
				],
				"scale": [
					{ "time": 0.2666, "x": -2, "y": 2 },
					{ "time": 1.3333, "x": -3, "y": 3 }
				]
			},
			"ef_cross_smoke_main_B1": {
				"rotate": [
					{ "time": 0.6333, "angle": 270 }
				],
				"translate": [
					{ "time": 0.6333, "x": -215, "y": -214.6 }
				],
				"scale": [
					{ "time": 0.6333, "x": 1.5, "y": 1.5 },
					{ "time": 1.5333, "x": 2, "y": 2 }
				]
			},
			"ef_cross_smoke_main_A2": {
				"rotate": [
					{ "time": 0.2666, "angle": -129.94 }
				],
				"translate": [
					{ "time": 0.2666, "x": -265, "y": -314.44 }
				],
				"scale": [
					{ "time": 0.2666, "x": -2, "y": -2 },
					{ "time": 1.3333, "x": -3, "y": -3 }
				]
			},
			"ef_cross_smoke_main_A3": {
				"rotate": [
					{ "time": 0.2666, "angle": -129.41 }
				],
				"translate": [
					{ "time": 0.2666, "x": -265, "y": -313.84 }
				],
				"scale": [
					{ "time": 0.2666, "x": 2, "y": 2 },
					{ "time": 1.3333, "x": 3, "y": 3 }
				]
			},
			"ef_cross_smoke_main_A4": {
				"rotate": [
					{ "time": 0.2666, "angle": 129.88 }
				],
				"translate": [
					{ "time": 0.2666, "x": -265, "y": -313.84 }
				],
				"scale": [
					{ "time": 0.2666, "x": -2, "y": 2 },
					{ "time": 1.3333, "x": -3, "y": 3 }
				]
			},
			"ef_cross_smoke_main_B2": {
				"rotate": [
					{ "time": 0.6333, "angle": 90 }
				],
				"translate": [
					{ "time": 0.6333, "x": -315, "y": -213.8 }
				],
				"scale": [
					{ "time": 0.6333, "x": 1.5, "y": 1.5 },
					{ "time": 1.5333, "x": 2, "y": 2 }
				]
			},
			"ef_cross_smoke_main_B3": {
				"rotate": [
					{ "time": 0.6333, "angle": 180 }
				],
				"translate": [
					{ "time": 0.6333, "x": -265, "y": -260.91 }
				],
				"scale": [
					{ "time": 0.6333, "x": 1.5, "y": 1.5 },
					{ "time": 1.5333, "x": 2, "y": 2 }
				]
			},
			"ef_cross_smoke_main_B4": {
				"rotate": [
					{ "time": 0.6333, "angle": 0 }
				],
				"translate": [
					{ "time": 0.6333, "x": -265, "y": -163.88 }
				],
				"scale": [
					{ "time": 0.6333, "x": 1.5, "y": 1.5 },
					{ "time": 1.5333, "x": 2, "y": 2 }
				]
			},
			"ef_hit_main": {
				"scale": [
					{ "time": 0.3, "x": 2, "y": 2 }
				]
			},
			"ef_hit_main2": {
				"rotate": [
					{ "time": 0.1666, "angle": 7.02 }
				],
				"translate": [
					{ "time": 0.1666, "x": -265, "y": -114.1 }
				],
				"scale": [
					{ "time": 0.1666, "x": 0.25, "y": 0.25 },
					{ "time": 0.3666, "x": 1.5, "y": 1.5 },
					{ "time": 0.8333, "x": 2, "y": 2 }
				]
			},
			"ef_slash_cross_A_mian": {
				"rotate": [
					{ "time": 0.3, "angle": 40.41 }
				],
				"translate": [
					{ "time": 0.3, "x": -665, "y": -413.8 }
				],
				"scale": [
					{ "time": 0.3, "x": 1, "y": 1 },
					{
						"time": 0.4666,
						"x": 5,
						"y": 5,
						"curve": [ 0.25, 0, 0.731, 0.3 ]
					},
					{ "time": 1.3, "x": 8, "y": 0.5 }
				]
			},
			"ef_slash_cross_A_mian2": {
				"rotate": [
					{ "time": 0.3, "angle": 139.99 }
				],
				"translate": [
					{ "time": 0.3, "x": -665, "y": -413.8 }
				],
				"scale": [
					{ "time": 0.3, "x": 1, "y": 1 },
					{
						"time": 0.4666,
						"x": 5,
						"y": 5,
						"curve": [ 0.25, 0, 0.731, 0.3 ]
					},
					{ "time": 1.3, "x": 8, "y": 0.5 }
				]
			},
			"wing_A_yellow": {
				"rotate": [
					{ "time": 1.1666, "angle": -133.92 }
				],
				"translate": [
					{ "time": 1.1666, "x": -523.9, "y": -162.6 }
				],
				"scale": [
					{ "time": 1.1666, "x": 0.8, "y": 0.8 },
					{ "time": 1.8333, "x": 1.2, "y": 1.2 }
				]
			},
			"wing_A_yellow2": {
				"rotate": [
					{ "time": 1.1666, "angle": -36.53 }
				],
				"translate": [
					{ "time": 1.1666, "x": -523.9, "y": -65.08 }
				],
				"scale": [
					{ "time": 1.1666, "x": -1, "y": 1 },
					{ "time": 1.8333, "x": -1.4, "y": 1.4 }
				]
			},
			"wing_A_yellow3": {
				"rotate": [
					{ "time": 1.1666, "angle": 39.49 }
				],
				"translate": [
					{ "time": 1.1666, "x": -403.3, "y": -65.1 }
				],
				"scale": [
					{ "time": 1.1666, "x": -0.8, "y": 0.8 },
					{ "time": 1.8333, "x": -1.2, "y": 1.2 }
				]
			},
			"wing_A_yellow4": {
				"rotate": [
					{ "time": 1.1666, "angle": -41.15 }
				],
				"translate": [
					{ "time": 1.1666, "x": -403.3, "y": -162.6 }
				],
				"scale": [
					{ "time": 1.1666, "x": 0.8, "y": 0.8 },
					{ "time": 1.8333, "x": 1.2, "y": 1.2 }
				]
			},
			"root": {
				"rotate": [
					{ "time": 0, "angle": 0.22 }
				],
				"scale": [
					{ "time": 0, "x": 0.4, "y": 0.4 }
				]
			}
		},
		"events": [
			{ "time": 0, "name": "Event", "string": "setHitEffect(hit04e, 1)" },
			{ "time": 0.0333, "name": "Event", "float": 1, "string": "kImpactType_normal" },
			{ "time": 0.0666, "name": "Event", "float": 0.15, "string": "kHitStopType_normal" },
			{ "time": 0.1, "name": "Event", "string": "ignoreBorder_true" },
			{ "time": 0.1333, "name": "Event", "string": "movePosition_Target(0,40,0)" },
			{ "time": 0.1666, "name": "Sound1", "string": "cri_se_battle_darkness_explosion" },
			{ "time": 0.1666, "name": "Sound2", "string": "cri_se_battle_030_explosion_02" },
			{ "time": 0.3333, "name": "Event2", "float": 3, "string": "shakeGround" },
			{ "time": 0.5, "name": "Event", "float": 0.1, "string": "kHitStopType_enemyonly" },
			{ "time": 0.5, "name": "Event2", "string": "shakeGround" },
			{ "time": 0.5, "name": "hit", "string": "resetHitList" },
			{ "time": 0.6333, "name": "Event2", "string": "shakeGround" },
			{ "time": 0.6333, "name": "hit", "string": "resetHitList" },
			{ "time": 0.7666, "name": "Event2", "string": "shakeGround" },
			{ "time": 0.7666, "name": "hit", "string": "resetHitList" },
			{ "time": 0.9, "name": "Event2", "string": "shakeGround" },
			{ "time": 0.9, "name": "hit", "string": "resetHitList" },
			{ "time": 1.0333, "name": "Event2", "string": "shakeGround" },
			{ "time": 1.0333, "name": "hit", "string": "resetHitList" }
		]
	},
	"attack2": {
		"slots": {
			"DAMAGEAREA": {
				"attachment": [
					{ "time": 0.3333, "name": "DAMAGEAREA" },
					{ "time": 1.1333, "name": null }
				]
			},
			"ef_OF_main/ef_OF_main_1": {
				"attachment": [
					{ "time": 0.1666, "name": "ef_OF_main/ef_OF_main_00001" },
					{ "time": 0.6333, "name": null }
				],
				"color": [
					{
						"time": 0.3666,
						"color": "ffffffff",
						"curve": [ 0.103, 0.48, 0.75, 1 ]
					},
					{ "time": 0.6333, "color": "ffffff00" }
				]
			},
			"ef_OF_main/ef_OF_main_00001": {
				"attachment": [
					{ "time": 0.1666, "name": "ef_OF_main/ef_OF_main_00001" },
					{ "time": 0.6333, "name": null }
				],
				"color": [
					{
						"time": 0.3666,
						"color": "ffffffff",
						"curve": [ 0.103, 0.48, 0.75, 1 ]
					},
					{ "time": 0.6333, "color": "ffffff00" }
				]
			},
			"ef_cross_smoke_main": {
				"attachment": [
					{ "time": 0.2666, "name": "ef_cross_smoke_main/ef_cross_smoke_main_00001" },
					{ "time": 0.3333, "name": "ef_cross_smoke_main/ef_cross_smoke_main_00002" },
					{ "time": 0.4, "name": "ef_cross_smoke_main/ef_cross_smoke_main_00003" },
					{ "time": 0.4666, "name": "ef_cross_smoke_main/ef_cross_smoke_main_00004" },
					{ "time": 0.5333, "name": "ef_cross_smoke_main/ef_cross_smoke_main_00005" },
					{ "time": 0.6, "name": "ef_cross_smoke_main/ef_cross_smoke_main_00007" },
					{ "time": 0.6666, "name": "ef_cross_smoke_main/ef_cross_smoke_main_00009" },
					{ "time": 0.7333, "name": "ef_cross_smoke_main/ef_cross_smoke_main_00011" },
					{ "time": 0.8, "name": "ef_cross_smoke_main/ef_cross_smoke_main_00013" },
					{ "time": 0.8666, "name": "ef_cross_smoke_main/ef_cross_smoke_main_00015" },
					{ "time": 0.9333, "name": "ef_cross_smoke_main/ef_cross_smoke_main_00016" },
					{ "time": 1, "name": "ef_cross_smoke_main/ef_cross_smoke_main_00018" },
					{ "time": 1.0666, "name": "ef_cross_smoke_main/ef_cross_smoke_main_00020" },
					{ "time": 1.1333, "name": "ef_cross_smoke_main/ef_cross_smoke_main_00022" },
					{ "time": 1.2, "name": "ef_cross_smoke_main/ef_cross_smoke_main_00024" },
					{ "time": 1.2666, "name": "ef_cross_smoke_main/ef_cross_smoke_main_00026" },
					{ "time": 1.3333, "name": null }
				]
			},
			"ef_cross_smoke_main2": {
				"attachment": [
					{ "time": 0.6333, "name": "ef_cross_smoke_main2/ef_cross_smoke_main 2_00001" },
					{ "time": 0.6666, "name": "ef_cross_smoke_main2/ef_cross_smoke_main 2_00002" },
					{ "time": 0.7, "name": "ef_cross_smoke_main2/ef_cross_smoke_main 2_00003" },
					{ "time": 0.7333, "name": "ef_cross_smoke_main2/ef_cross_smoke_main 2_00005" },
					{ "time": 0.7666, "name": "ef_cross_smoke_main2/ef_cross_smoke_main 2_00007" },
					{ "time": 0.8, "name": "ef_cross_smoke_main2/ef_cross_smoke_main 2_00009" },
					{ "time": 0.8333, "name": "ef_cross_smoke_main2/ef_cross_smoke_main 2_00011" },
					{ "time": 0.8666, "name": "ef_cross_smoke_main2/ef_cross_smoke_main 2_00013" },
					{ "time": 0.9333, "name": "ef_cross_smoke_main2/ef_cross_smoke_main 2_00015" },
					{ "time": 1, "name": "ef_cross_smoke_main2/ef_cross_smoke_main 2_00017" },
					{ "time": 1.0666, "name": "ef_cross_smoke_main2/ef_cross_smoke_main 2_00019" },
					{ "time": 1.1333, "name": "ef_cross_smoke_main2/ef_cross_smoke_main 2_00021" },
					{ "time": 1.2, "name": "ef_cross_smoke_main2/ef_cross_smoke_main 2_00023" },
					{ "time": 1.2666, "name": "ef_cross_smoke_main2/ef_cross_smoke_main 2_00025" },
					{ "time": 1.3333, "name": "ef_cross_smoke_main2/ef_cross_smoke_main 2_00027" },
					{ "time": 1.4, "name": "ef_cross_smoke_main2/ef_cross_smoke_main 2_00029" },
					{ "time": 1.5333, "name": null }
				],
				"color": [
					{ "time": 1.4, "color": "ffffffff" },
					{ "time": 1.5333, "color": "ffffff00" }
				]
			},
			"ef_cross_smoke_main3": {
				"attachment": [
					{ "time": 0.2666, "name": "ef_cross_smoke_main/ef_cross_smoke_main_00001" },
					{ "time": 0.3333, "name": "ef_cross_smoke_main/ef_cross_smoke_main_00002" },
					{ "time": 0.4, "name": "ef_cross_smoke_main/ef_cross_smoke_main_00003" },
					{ "time": 0.4666, "name": "ef_cross_smoke_main/ef_cross_smoke_main_00004" },
					{ "time": 0.5333, "name": "ef_cross_smoke_main/ef_cross_smoke_main_00005" },
					{ "time": 0.6, "name": "ef_cross_smoke_main/ef_cross_smoke_main_00007" },
					{ "time": 0.6666, "name": "ef_cross_smoke_main/ef_cross_smoke_main_00009" },
					{ "time": 0.7333, "name": "ef_cross_smoke_main/ef_cross_smoke_main_00011" },
					{ "time": 0.8, "name": "ef_cross_smoke_main/ef_cross_smoke_main_00013" },
					{ "time": 0.8666, "name": "ef_cross_smoke_main/ef_cross_smoke_main_00015" },
					{ "time": 0.9333, "name": "ef_cross_smoke_main/ef_cross_smoke_main_00016" },
					{ "time": 1, "name": "ef_cross_smoke_main/ef_cross_smoke_main_00018" },
					{ "time": 1.0666, "name": "ef_cross_smoke_main/ef_cross_smoke_main_00020" },
					{ "time": 1.1333, "name": "ef_cross_smoke_main/ef_cross_smoke_main_00022" },
					{ "time": 1.2, "name": "ef_cross_smoke_main/ef_cross_smoke_main_00024" },
					{ "time": 1.2666, "name": "ef_cross_smoke_main/ef_cross_smoke_main_00026" },
					{ "time": 1.3333, "name": null }
				]
			},
			"ef_cross_smoke_main4": {
				"attachment": [
					{ "time": 0.2666, "name": "ef_cross_smoke_main/ef_cross_smoke_main_00001" },
					{ "time": 0.3333, "name": "ef_cross_smoke_main/ef_cross_smoke_main_00002" },
					{ "time": 0.4, "name": "ef_cross_smoke_main/ef_cross_smoke_main_00003" },
					{ "time": 0.4666, "name": "ef_cross_smoke_main/ef_cross_smoke_main_00004" },
					{ "time": 0.5333, "name": "ef_cross_smoke_main/ef_cross_smoke_main_00005" },
					{ "time": 0.6, "name": "ef_cross_smoke_main/ef_cross_smoke_main_00007" },
					{ "time": 0.6666, "name": "ef_cross_smoke_main/ef_cross_smoke_main_00009" },
					{ "time": 0.7333, "name": "ef_cross_smoke_main/ef_cross_smoke_main_00011" },
					{ "time": 0.8, "name": "ef_cross_smoke_main/ef_cross_smoke_main_00013" },
					{ "time": 0.8666, "name": "ef_cross_smoke_main/ef_cross_smoke_main_00015" },
					{ "time": 0.9333, "name": "ef_cross_smoke_main/ef_cross_smoke_main_00016" },
					{ "time": 1, "name": "ef_cross_smoke_main/ef_cross_smoke_main_00018" },
					{ "time": 1.0666, "name": "ef_cross_smoke_main/ef_cross_smoke_main_00020" },
					{ "time": 1.1333, "name": "ef_cross_smoke_main/ef_cross_smoke_main_00022" },
					{ "time": 1.2, "name": "ef_cross_smoke_main/ef_cross_smoke_main_00024" },
					{ "time": 1.2666, "name": "ef_cross_smoke_main/ef_cross_smoke_main_00026" },
					{ "time": 1.3333, "name": null }
				]
			},
			"ef_cross_smoke_main5": {
				"attachment": [
					{ "time": 0.2666, "name": "ef_cross_smoke_main/ef_cross_smoke_main_00001" },
					{ "time": 0.3333, "name": "ef_cross_smoke_main/ef_cross_smoke_main_00002" },
					{ "time": 0.4, "name": "ef_cross_smoke_main/ef_cross_smoke_main_00003" },
					{ "time": 0.4666, "name": "ef_cross_smoke_main/ef_cross_smoke_main_00004" },
					{ "time": 0.5333, "name": "ef_cross_smoke_main/ef_cross_smoke_main_00005" },
					{ "time": 0.6, "name": "ef_cross_smoke_main/ef_cross_smoke_main_00007" },
					{ "time": 0.6666, "name": "ef_cross_smoke_main/ef_cross_smoke_main_00009" },
					{ "time": 0.7333, "name": "ef_cross_smoke_main/ef_cross_smoke_main_00011" },
					{ "time": 0.8, "name": "ef_cross_smoke_main/ef_cross_smoke_main_00013" },
					{ "time": 0.8666, "name": "ef_cross_smoke_main/ef_cross_smoke_main_00015" },
					{ "time": 0.9333, "name": "ef_cross_smoke_main/ef_cross_smoke_main_00016" },
					{ "time": 1, "name": "ef_cross_smoke_main/ef_cross_smoke_main_00018" },
					{ "time": 1.0666, "name": "ef_cross_smoke_main/ef_cross_smoke_main_00020" },
					{ "time": 1.1333, "name": "ef_cross_smoke_main/ef_cross_smoke_main_00022" },
					{ "time": 1.2, "name": "ef_cross_smoke_main/ef_cross_smoke_main_00024" },
					{ "time": 1.2666, "name": "ef_cross_smoke_main/ef_cross_smoke_main_00026" },
					{ "time": 1.3333, "name": null }
				]
			},
			"ef_cross_smoke_main6": {
				"attachment": [
					{ "time": 0.6333, "name": "ef_cross_smoke_main2/ef_cross_smoke_main 2_00001" },
					{ "time": 0.6666, "name": "ef_cross_smoke_main2/ef_cross_smoke_main 2_00002" },
					{ "time": 0.7, "name": "ef_cross_smoke_main2/ef_cross_smoke_main 2_00003" },
					{ "time": 0.7333, "name": "ef_cross_smoke_main2/ef_cross_smoke_main 2_00005" },
					{ "time": 0.7666, "name": "ef_cross_smoke_main2/ef_cross_smoke_main 2_00007" },
					{ "time": 0.8, "name": "ef_cross_smoke_main2/ef_cross_smoke_main 2_00009" },
					{ "time": 0.8333, "name": "ef_cross_smoke_main2/ef_cross_smoke_main 2_00011" },
					{ "time": 0.8666, "name": "ef_cross_smoke_main2/ef_cross_smoke_main 2_00013" },
					{ "time": 0.9333, "name": "ef_cross_smoke_main2/ef_cross_smoke_main 2_00015" },
					{ "time": 1, "name": "ef_cross_smoke_main2/ef_cross_smoke_main 2_00017" },
					{ "time": 1.0666, "name": "ef_cross_smoke_main2/ef_cross_smoke_main 2_00019" },
					{ "time": 1.1333, "name": "ef_cross_smoke_main2/ef_cross_smoke_main 2_00021" },
					{ "time": 1.2, "name": "ef_cross_smoke_main2/ef_cross_smoke_main 2_00023" },
					{ "time": 1.2666, "name": "ef_cross_smoke_main2/ef_cross_smoke_main 2_00025" },
					{ "time": 1.3333, "name": "ef_cross_smoke_main2/ef_cross_smoke_main 2_00027" },
					{ "time": 1.4, "name": "ef_cross_smoke_main2/ef_cross_smoke_main 2_00029" },
					{ "time": 1.5333, "name": null }
				],
				"color": [
					{ "time": 1.4, "color": "ffffffff" },
					{ "time": 1.5333, "color": "ffffff00" }
				]
			},
			"ef_cross_smoke_main7": {
				"attachment": [
					{ "time": 0.6333, "name": "ef_cross_smoke_main2/ef_cross_smoke_main 2_00001" },
					{ "time": 0.6666, "name": "ef_cross_smoke_main2/ef_cross_smoke_main 2_00002" },
					{ "time": 0.7, "name": "ef_cross_smoke_main2/ef_cross_smoke_main 2_00003" },
					{ "time": 0.7333, "name": "ef_cross_smoke_main2/ef_cross_smoke_main 2_00005" },
					{ "time": 0.7666, "name": "ef_cross_smoke_main2/ef_cross_smoke_main 2_00007" },
					{ "time": 0.8, "name": "ef_cross_smoke_main2/ef_cross_smoke_main 2_00009" },
					{ "time": 0.8333, "name": "ef_cross_smoke_main2/ef_cross_smoke_main 2_00011" },
					{ "time": 0.8666, "name": "ef_cross_smoke_main2/ef_cross_smoke_main 2_00013" },
					{ "time": 0.9333, "name": "ef_cross_smoke_main2/ef_cross_smoke_main 2_00015" },
					{ "time": 1, "name": "ef_cross_smoke_main2/ef_cross_smoke_main 2_00017" },
					{ "time": 1.0666, "name": "ef_cross_smoke_main2/ef_cross_smoke_main 2_00019" },
					{ "time": 1.1333, "name": "ef_cross_smoke_main2/ef_cross_smoke_main 2_00021" },
					{ "time": 1.2, "name": "ef_cross_smoke_main2/ef_cross_smoke_main 2_00023" },
					{ "time": 1.2666, "name": "ef_cross_smoke_main2/ef_cross_smoke_main 2_00025" },
					{ "time": 1.3333, "name": "ef_cross_smoke_main2/ef_cross_smoke_main 2_00027" },
					{ "time": 1.4, "name": "ef_cross_smoke_main2/ef_cross_smoke_main 2_00029" },
					{ "time": 1.5333, "name": null }
				],
				"color": [
					{ "time": 1.4, "color": "ffffffff" },
					{ "time": 1.5333, "color": "ffffff00" }
				]
			},
			"ef_cross_smoke_main8": {
				"attachment": [
					{ "time": 0.6333, "name": "ef_cross_smoke_main2/ef_cross_smoke_main 2_00001" },
					{ "time": 0.6666, "name": "ef_cross_smoke_main2/ef_cross_smoke_main 2_00002" },
					{ "time": 0.7, "name": "ef_cross_smoke_main2/ef_cross_smoke_main 2_00003" },
					{ "time": 0.7333, "name": "ef_cross_smoke_main2/ef_cross_smoke_main 2_00005" },
					{ "time": 0.7666, "name": "ef_cross_smoke_main2/ef_cross_smoke_main 2_00007" },
					{ "time": 0.8, "name": "ef_cross_smoke_main2/ef_cross_smoke_main 2_00009" },
					{ "time": 0.8333, "name": "ef_cross_smoke_main2/ef_cross_smoke_main 2_00011" },
					{ "time": 0.8666, "name": "ef_cross_smoke_main2/ef_cross_smoke_main 2_00013" },
					{ "time": 0.9333, "name": "ef_cross_smoke_main2/ef_cross_smoke_main 2_00015" },
					{ "time": 1, "name": "ef_cross_smoke_main2/ef_cross_smoke_main 2_00017" },
					{ "time": 1.0666, "name": "ef_cross_smoke_main2/ef_cross_smoke_main 2_00019" },
					{ "time": 1.1333, "name": "ef_cross_smoke_main2/ef_cross_smoke_main 2_00021" },
					{ "time": 1.2, "name": "ef_cross_smoke_main2/ef_cross_smoke_main 2_00023" },
					{ "time": 1.2666, "name": "ef_cross_smoke_main2/ef_cross_smoke_main 2_00025" },
					{ "time": 1.3333, "name": "ef_cross_smoke_main2/ef_cross_smoke_main 2_00027" },
					{ "time": 1.4, "name": "ef_cross_smoke_main2/ef_cross_smoke_main 2_00029" },
					{ "time": 1.5333, "name": null }
				],
				"color": [
					{ "time": 1.4, "color": "ffffffff" },
					{ "time": 1.5333, "color": "ffffff00" }
				]
			},
			"ef_hit_main": {
				"attachment": [
					{ "time": 0.3, "name": null }
				],
				"color": [
					{ "time": 0.3, "color": "ffffff00" }
				]
			},
			"ef_hit_main2": {
				"attachment": [
					{ "time": 0.4666, "name": "ef_hit_main/ef_hit_main_00002" },
					{ "time": 0.5333, "name": "ef_hit_main/ef_hit_main_00003" },
					{ "time": 0.6, "name": "ef_hit_main/ef_hit_main_00004" },
					{ "time": 0.6666, "name": "ef_hit_main/ef_hit_main_00005" },
					{ "time": 0.8333, "name": null }
				],
				"color": [
					{ "time": 0.7333, "color": "ffffffff" },
					{ "time": 0.8333, "color": "ffffff00" }
				]
			},
			"ef_slash_cross_A_mian": {
				"attachment": [
					{ "time": 0.3, "name": "ef_slash_cross_A_mian/ef_slash_cross_A_mian_00013" }
				],
				"color": [
					{ "time": 1.1333, "color": "ffffffff" },
					{ "time": 1.3, "color": "ffffff00" }
				]
			},
			"ef_slash_cross_A_mian2": {
				"attachment": [
					{ "time": 0.3, "name": "ef_slash_cross_A_mian/ef_slash_cross_A_mian_00013" }
				],
				"color": [
					{ "time": 1.1333, "color": "ffffffff" },
					{ "time": 1.3, "color": "ffffff00" }
				]
			},
			"ef_wave_mian": {
				"attachment": [
					{ "time": 0.2, "name": "ef_wave_mian/ef_wave_mian_00001" },
					{ "time": 0.3333, "name": "ef_wave_mian/ef_wave_mian_00003" },
					{ "time": 0.4333, "name": "ef_wave_mian/ef_wave_mian_00004" },
					{ "time": 0.5666, "name": "ef_wave_mian/ef_wave_mian_00005" },
					{ "time": 0.6666, "name": null }
				],
				"color": [
					{ "time": 0.5666, "color": "ffffffff" },
					{ "time": 0.6666, "color": "ffffff00" }
				]
			},
			"wing_A_yellow": {
				"attachment": [
					{ "time": 1.3, "name": "ef/wing_A_yellow/ef_wing_A_yellow_00006" },
					{ "time": 1.3666, "name": "ef/wing_A_yellow/ef_wing_A_yellow_00010" },
					{ "time": 1.4333, "name": "ef/wing_A_yellow/ef_wing_A_yellow_00014" },
					{ "time": 1.5, "name": "ef/wing_A_yellow/ef_wing_A_yellow_00018" },
					{ "time": 1.5666, "name": "ef/wing_A_yellow/ef_wing_A_yellow_00020" },
					{ "time": 1.6333, "name": "ef/wing_A_yellow/ef_wing_A_yellow_00022" },
					{ "time": 1.7, "name": "ef/wing_A_yellow/ef_wing_A_yellow_00024" },
					{ "time": 1.8333, "name": null }
				],
				"color": [
					{ "time": 1.7, "color": "ffffffff" },
					{ "time": 1.8333, "color": "ffffff00" }
				]
			},
			"wing_A_yellow2": {
				"attachment": [
					{ "time": 1.3, "name": "ef/wing_A_yellow/ef_wing_A_yellow_00006" },
					{ "time": 1.3666, "name": "ef/wing_A_yellow/ef_wing_A_yellow_00010" },
					{ "time": 1.4333, "name": "ef/wing_A_yellow/ef_wing_A_yellow_00014" },
					{ "time": 1.5, "name": "ef/wing_A_yellow/ef_wing_A_yellow_00018" },
					{ "time": 1.5666, "name": "ef/wing_A_yellow/ef_wing_A_yellow_00020" },
					{ "time": 1.6333, "name": "ef/wing_A_yellow/ef_wing_A_yellow_00022" },
					{ "time": 1.7, "name": "ef/wing_A_yellow/ef_wing_A_yellow_00024" },
					{ "time": 1.8333, "name": null }
				],
				"color": [
					{ "time": 1.7, "color": "ffffffff" },
					{ "time": 1.8333, "color": "ffffff00" }
				]
			},
			"wing_A_yellow3": {
				"attachment": [
					{ "time": 1.3, "name": "ef/wing_A_yellow/ef_wing_A_yellow_00006" },
					{ "time": 1.3666, "name": "ef/wing_A_yellow/ef_wing_A_yellow_00010" },
					{ "time": 1.4333, "name": "ef/wing_A_yellow/ef_wing_A_yellow_00014" },
					{ "time": 1.5, "name": "ef/wing_A_yellow/ef_wing_A_yellow_00018" },
					{ "time": 1.5666, "name": "ef/wing_A_yellow/ef_wing_A_yellow_00020" },
					{ "time": 1.6333, "name": "ef/wing_A_yellow/ef_wing_A_yellow_00022" },
					{ "time": 1.7333, "name": "ef/wing_A_yellow/ef_wing_A_yellow_00024" },
					{ "time": 1.8333, "name": null }
				],
				"color": [
					{ "time": 1.7333, "color": "ffffffff" },
					{ "time": 1.8333, "color": "ffffff00" }
				]
			},
			"wing_A_yellow4": {
				"attachment": [
					{ "time": 1.3, "name": "ef/wing_A_yellow/ef_wing_A_yellow_00006" },
					{ "time": 1.3666, "name": "ef/wing_A_yellow/ef_wing_A_yellow_00010" },
					{ "time": 1.4333, "name": "ef/wing_A_yellow/ef_wing_A_yellow_00014" },
					{ "time": 1.5, "name": "ef/wing_A_yellow/ef_wing_A_yellow_00018" },
					{ "time": 1.5666, "name": "ef/wing_A_yellow/ef_wing_A_yellow_00020" },
					{ "time": 1.6333, "name": "ef/wing_A_yellow/ef_wing_A_yellow_00022" },
					{ "time": 1.7, "name": "ef/wing_A_yellow/ef_wing_A_yellow_00024" },
					{ "time": 1.8333, "name": null }
				],
				"color": [
					{ "time": 1.7333, "color": "ffffffff" },
					{ "time": 1.8333, "color": "ffffff00" }
				]
			},
			"wing_A_yellow5": {
				"attachment": [
					{ "time": 1.4333, "name": "ef/wing_A_yellow/ef_wing_A_yellow_00006" },
					{ "time": 1.5, "name": "ef/wing_A_yellow/ef_wing_A_yellow_00010" },
					{ "time": 1.5333, "name": "ef/wing_A_yellow/ef_wing_A_yellow_00014" },
					{ "time": 1.6, "name": "ef/wing_A_yellow/ef_wing_A_yellow_00018" },
					{ "time": 1.6333, "name": "ef/wing_A_yellow/ef_wing_A_yellow_00020" },
					{ "time": 1.7, "name": "ef/wing_A_yellow/ef_wing_A_yellow_00022" },
					{ "time": 1.7333, "name": "ef/wing_A_yellow/ef_wing_A_yellow_00024" },
					{ "time": 1.8333, "name": null }
				],
				"color": [
					{ "time": 1.7333, "color": "ffffffff" },
					{ "time": 1.8333, "color": "ffffff00" }
				]
			},
			"wing_A_yellow6": {
				"attachment": [
					{ "time": 1.4333, "name": "ef/wing_A_yellow/ef_wing_A_yellow_00006" },
					{ "time": 1.5, "name": "ef/wing_A_yellow/ef_wing_A_yellow_00010" },
					{ "time": 1.5333, "name": "ef/wing_A_yellow/ef_wing_A_yellow_00014" },
					{ "time": 1.6, "name": "ef/wing_A_yellow/ef_wing_A_yellow_00018" },
					{ "time": 1.6333, "name": "ef/wing_A_yellow/ef_wing_A_yellow_00020" },
					{ "time": 1.7, "name": "ef/wing_A_yellow/ef_wing_A_yellow_00022" },
					{ "time": 1.7333, "name": "ef/wing_A_yellow/ef_wing_A_yellow_00024" },
					{ "time": 1.8333, "name": null }
				],
				"color": [
					{ "time": 1.7333, "color": "ffffffff" },
					{ "time": 1.8333, "color": "ffffff00" }
				]
			},
			"wing_A_yellow7": {
				"attachment": [
					{ "time": 1.4333, "name": "ef/wing_A_yellow/ef_wing_A_yellow_00006" },
					{ "time": 1.5, "name": "ef/wing_A_yellow/ef_wing_A_yellow_00010" },
					{ "time": 1.5333, "name": "ef/wing_A_yellow/ef_wing_A_yellow_00014" },
					{ "time": 1.6, "name": "ef/wing_A_yellow/ef_wing_A_yellow_00018" },
					{ "time": 1.6333, "name": "ef/wing_A_yellow/ef_wing_A_yellow_00020" },
					{ "time": 1.7, "name": "ef/wing_A_yellow/ef_wing_A_yellow_00022" },
					{ "time": 1.7333, "name": "ef/wing_A_yellow/ef_wing_A_yellow_00024" },
					{ "time": 1.8333, "name": null }
				],
				"color": [
					{ "time": 1.7333, "color": "ffffffff" },
					{ "time": 1.8333, "color": "ffffff00" }
				]
			},
			"wing_A_yellow8": {
				"attachment": [
					{ "time": 1.4333, "name": "ef/wing_A_yellow/ef_wing_A_yellow_00006" },
					{ "time": 1.5, "name": "ef/wing_A_yellow/ef_wing_A_yellow_00010" },
					{ "time": 1.5333, "name": "ef/wing_A_yellow/ef_wing_A_yellow_00014" },
					{ "time": 1.6, "name": "ef/wing_A_yellow/ef_wing_A_yellow_00018" },
					{ "time": 1.6333, "name": "ef/wing_A_yellow/ef_wing_A_yellow_00020" },
					{ "time": 1.7, "name": "ef/wing_A_yellow/ef_wing_A_yellow_00022" },
					{ "time": 1.7333, "name": "ef/wing_A_yellow/ef_wing_A_yellow_00024" },
					{ "time": 1.8333, "name": null }
				],
				"color": [
					{ "time": 1.7333, "color": "ffffffff" },
					{ "time": 1.8333, "color": "ffffff00" }
				]
			}
		},
		"bones": {
			"DAMAGEAREA": {
				"translate": [
					{ "time": 0.3333, "x": -165.51, "y": 178.81 }
				],
				"scale": [
					{ "time": 0.3333, "x": 6.68, "y": 6.68 }
				]
			},
			"ef_OF_main2": {
				"rotate": [
					{ "time": 0.1666, "angle": -40 }
				],
				"translate": [
					{ "time": 0.1666, "x": -165, "y": 185.9 }
				],
				"scale": [
					{ "time": 0.1666, "x": 0.1, "y": 0.1 },
					{ "time": 0.2666, "x": 6, "y": 4 },
					{
						"time": 0.3666,
						"x": 6,
						"y": 1,
						"curve": [ 0.103, 0.48, 0.75, 1 ]
					},
					{ "time": 0.6333, "x": 6, "y": 0.1 }
				]
			},
			"ef_OF_main": {
				"rotate": [
					{ "time": 0.1666, "angle": 40 }
				],
				"translate": [
					{ "time": 0.1666, "x": -165, "y": 185.84 }
				],
				"scale": [
					{ "time": 0.1666, "x": 0.1, "y": 0.1 },
					{ "time": 0.2666, "x": 6, "y": 4 },
					{
						"time": 0.3666,
						"x": 6,
						"y": 1,
						"curve": [ 0.103, 0.48, 0.75, 1 ]
					},
					{ "time": 0.6333, "x": 6, "y": 0.1 }
				]
			},
			"ef_cross_smoke_main_A1": {
				"rotate": [
					{ "time": 0.2666, "angle": -49.08 }
				],
				"translate": [
					{ "time": 0.2666, "x": -265, "y": -313.93 }
				],
				"scale": [
					{ "time": 0.2666, "x": -2, "y": 2 },
					{ "time": 1.3333, "x": -3, "y": 3 }
				]
			},
			"ef_cross_smoke_main_B1": {
				"rotate": [
					{ "time": 0.6333, "angle": 270 }
				],
				"translate": [
					{ "time": 0.6333, "x": -215, "y": -214.6 }
				],
				"scale": [
					{ "time": 0.6333, "x": 1.5, "y": 1.5 },
					{ "time": 1.5333, "x": 2, "y": 2 }
				]
			},
			"ef_cross_smoke_main_A2": {
				"rotate": [
					{ "time": 0.2666, "angle": -129.94 }
				],
				"translate": [
					{ "time": 0.2666, "x": -265, "y": -314.44 }
				],
				"scale": [
					{ "time": 0.2666, "x": -2, "y": -2 },
					{ "time": 1.3333, "x": -3, "y": -3 }
				]
			},
			"ef_cross_smoke_main_A3": {
				"rotate": [
					{ "time": 0.2666, "angle": -129.41 }
				],
				"translate": [
					{ "time": 0.2666, "x": -265, "y": -313.84 }
				],
				"scale": [
					{ "time": 0.2666, "x": 2, "y": 2 },
					{ "time": 1.3333, "x": 3, "y": 3 }
				]
			},
			"ef_cross_smoke_main_A4": {
				"rotate": [
					{ "time": 0.2666, "angle": 129.88 }
				],
				"translate": [
					{ "time": 0.2666, "x": -265, "y": -313.84 }
				],
				"scale": [
					{ "time": 0.2666, "x": -2, "y": 2 },
					{ "time": 1.3333, "x": -3, "y": 3 }
				]
			},
			"ef_cross_smoke_main_B2": {
				"rotate": [
					{ "time": 0.6333, "angle": 90 }
				],
				"translate": [
					{ "time": 0.6333, "x": -315, "y": -213.8 }
				],
				"scale": [
					{ "time": 0.6333, "x": 1.5, "y": 1.5 },
					{ "time": 1.5333, "x": 2, "y": 2 }
				]
			},
			"ef_cross_smoke_main_B3": {
				"rotate": [
					{ "time": 0.6333, "angle": 180 }
				],
				"translate": [
					{ "time": 0.6333, "x": -265, "y": -260.91 }
				],
				"scale": [
					{ "time": 0.6333, "x": 1.5, "y": 1.5 },
					{ "time": 1.5333, "x": 2, "y": 2 }
				]
			},
			"ef_cross_smoke_main_B4": {
				"rotate": [
					{ "time": 0.6333, "angle": 0 }
				],
				"translate": [
					{ "time": 0.6333, "x": -265, "y": -163.88 }
				],
				"scale": [
					{ "time": 0.6333, "x": 1.5, "y": 1.5 },
					{ "time": 1.5333, "x": 2, "y": 2 }
				]
			},
			"ef_hit_main": {
				"scale": [
					{ "time": 0.3, "x": 2, "y": 2 }
				]
			},
			"ef_hit_main2": {
				"rotate": [
					{ "time": 0.1666, "angle": 7.02 }
				],
				"translate": [
					{ "time": 0.1666, "x": -265, "y": -114.1 }
				],
				"scale": [
					{ "time": 0.1666, "x": 0.25, "y": 0.25 },
					{ "time": 0.3666, "x": 2.5, "y": 2.5 },
					{ "time": 0.8333, "x": 3, "y": 3 }
				]
			},
			"ef_slash_cross_A_mian": {
				"rotate": [
					{ "time": 0.3, "angle": 40.41 }
				],
				"translate": [
					{ "time": 0.3, "x": -665, "y": -413.8 }
				],
				"scale": [
					{ "time": 0.3, "x": 1, "y": 1 },
					{
						"time": 0.4666,
						"x": 5,
						"y": 5,
						"curve": [ 0.25, 0, 0.731, 0.3 ]
					},
					{ "time": 1.3, "x": 8, "y": 0.5 }
				]
			},
			"ef_slash_cross_A_mian2": {
				"rotate": [
					{ "time": 0.3, "angle": 139.99 }
				],
				"translate": [
					{ "time": 0.3, "x": -665, "y": -413.8 }
				],
				"scale": [
					{ "time": 0.3, "x": 1, "y": 1 },
					{
						"time": 0.4666,
						"x": 5,
						"y": 5,
						"curve": [ 0.25, 0, 0.731, 0.3 ]
					},
					{ "time": 1.3, "x": 8, "y": 0.5 }
				]
			},
			"ef_wave_mian": {
				"translate": [
					{ "time": 0.2, "x": -365, "y": -213.84 },
					{ "time": 0.6333, "x": -365, "y": -213.8 }
				],
				"scale": [
					{
						"time": 0.2,
						"x": 1,
						"y": 1,
						"curve": [ 0.075, 0.44, 0.509, 0.47 ]
					},
					{ "time": 0.6666, "x": 6, "y": 6 }
				]
			},
			"wing_A_yellow": {
				"rotate": [
					{ "time": 1.1666, "angle": -133.92 }
				],
				"translate": [
					{ "time": 1.1666, "x": -515.5, "y": -154.34 }
				],
				"scale": [
					{ "time": 1.1666, "x": 0.8, "y": 0.8 },
					{ "time": 1.8333, "x": 1.2, "y": 1.2 }
				]
			},
			"wing_A_yellow2": {
				"rotate": [
					{ "time": 1.1666, "angle": -36.53 }
				],
				"translate": [
					{ "time": 1.1666, "x": -532.25, "y": -55.11 }
				],
				"scale": [
					{ "time": 1.1666, "x": -1, "y": 1 },
					{ "time": 1.8333, "x": -1.4, "y": 1.4 }
				]
			},
			"wing_A_yellow3": {
				"rotate": [
					{ "time": 1.1666, "angle": 39.49 }
				],
				"translate": [
					{ "time": 1.1666, "x": -379.27, "y": -56.02 }
				],
				"scale": [
					{ "time": 1.1666, "x": -0.8, "y": 0.8 },
					{ "time": 1.8333, "x": -1.2, "y": 1.2 }
				]
			},
			"wing_A_yellow4": {
				"rotate": [
					{ "time": 1.1666, "angle": -41.15 }
				],
				"translate": [
					{ "time": 1.1666, "x": -380.02, "y": -181.66 }
				],
				"scale": [
					{ "time": 1.1666, "x": 0.8, "y": 0.8 },
					{ "time": 1.8333, "x": 1.2, "y": 1.2 }
				]
			},
			"wing_A_yellow5": {
				"rotate": [
					{ "time": 1.3333, "angle": 52.77 }
				],
				"translate": [
					{ "time": 1.3333, "x": -619.98, "y": 23.77 }
				],
				"scale": [
					{ "time": 1.3333, "x": -0.7, "y": 0.7 }
				]
			},
			"wing_A_yellow6": {
				"rotate": [
					{ "time": 1.3333, "angle": -37.21 }
				],
				"translate": [
					{ "time": 1.3333, "x": -311.49, "y": 43.16 }
				],
				"scale": [
					{ "time": 1.3333, "x": -0.7, "y": 0.7 }
				]
			},
			"wing_A_yellow7": {
				"rotate": [
					{ "time": 1.3333, "angle": -123.97 }
				],
				"translate": [
					{ "time": 1.3333, "x": -318.85, "y": -228.91 }
				],
				"scale": [
					{ "time": 1.3333, "x": 0.7, "y": 0.7 }
				]
			},
			"wing_A_yellow8": {
				"rotate": [
					{ "time": 1.3333, "angle": -42.35 }
				],
				"translate": [
					{ "time": 1.3333, "x": -552.71, "y": -199.89 }
				],
				"scale": [
					{ "time": 1.3333, "x": 0.7, "y": 0.7 }
				]
			},
			"root": {
				"scale": [
					{ "time": 0, "x": 0.4, "y": 0.4 }
				]
			}
		},
		"events": [
			{ "time": 0, "name": "Event", "string": "setHitEffect(hit04e, 1)" },
			{ "time": 0.0333, "name": "Event", "float": 1, "string": "kImpactType_normal" },
			{ "time": 0.0666, "name": "Event", "float": 0.15, "string": "kHitStopType_normal" },
			{ "time": 0.1, "name": "Event", "string": "ignoreBorder_true" },
			{ "time": 0.1333, "name": "Event", "string": "movePosition_Target(0,40,0)" },
			{ "time": 0.1666, "name": "Sound1", "string": "cri_se_battle_darkness_explosion" },
			{ "time": 0.1666, "name": "Sound2", "string": "cri_se_battle_030_explosion_02" },
			{ "time": 0.3333, "name": "Event2", "float": 3, "string": "shakeGround" },
			{ "time": 0.5, "name": "Event", "float": 0.1, "string": "kHitStopType_enemyonly" },
			{ "time": 0.5, "name": "Event2", "string": "shakeGround" },
			{ "time": 0.5, "name": "hit", "string": "resetHitList" },
			{ "time": 0.6333, "name": "Event2", "string": "shakeGround" },
			{ "time": 0.6333, "name": "hit", "string": "resetHitList" },
			{ "time": 0.7666, "name": "Event2", "string": "shakeGround" },
			{ "time": 0.7666, "name": "hit", "string": "resetHitList" },
			{ "time": 0.9, "name": "Event2", "string": "shakeGround" },
			{ "time": 0.9, "name": "hit", "string": "resetHitList" },
			{ "time": 1.0333, "name": "Event2", "string": "shakeGround" },
			{ "time": 1.0333, "name": "hit", "string": "resetHitList" }
		]
	}
}
}