{"skeleton":{"hash":"hVBeqr8lD4zqQaXEBPCztTupu6Y","spine":"3.0.12","width":0,"height":0},"bones":[{"name":"root"},{"name":"MAIN","parent":"root"},{"name":"A1_beam4","parent":"MAIN","x":607.41,"y":339.55,"scaleX":2.491,"scaleY":2.491},{"name":"A1_beam3","parent":"MAIN","x":486.55,"y":341.72,"scaleX":2.5,"scaleY":2.5},{"name":"A1_beam2","parent":"MAIN","x":365.44,"y":341.29,"scaleX":2.5,"scaleY":2.5},{"name":"A1_beam1","parent":"MAIN","x":241.96,"y":342.45,"scaleX":2.5,"scaleY":2.5},{"name":"A1,S2_magic1","parent":"MAIN","x":235.27,"y":-121.08},{"name":"DAMAGEAREA","parent":"root"}],"slots":[{"name":"5100_A2_beam1/5100_A2_beam1_00000","bone":"A1_beam1","blend":"additive"},{"name":"5100_A2_beam2/5100_A2_beam2_00001","bone":"A1_beam2","blend":"additive"},{"name":"5100_A2_beam3/5100_A2_beam3_00001","bone":"A1_beam3","blend":"additive"},{"name":"5100_A2_beam4/5100_A2_beam4_00000","bone":"A1_beam4","blend":"additive"},{"name":"5100_S2_magic1","bone":"A1,S2_magic1","blend":"additive"},{"name":"DAMAGEAREA","bone":"DAMAGEAREA"}],"skins":{"default":{"5100_A2_beam1/5100_A2_beam1_00000":{"5100_A2_beam1/5100_A2_beam1_00000":{"x":-1.37,"y":0.47,"width":250,"height":250}},"5100_A2_beam2/5100_A2_beam2_00001":{"5100_A2_beam2/5100_A2_beam2_00001":{"x":-71.86,"y":5.04,"width":250,"height":250}},"5100_A2_beam3/5100_A2_beam3_00001":{"5100_A2_beam3/5100_A2_beam3_00001":{"x":-58.5,"y":5.57,"width":250,"height":250},"5100_A2_beam3/5100_A2_beam3_00002":{"x":-58.5,"y":5.57,"width":250,"height":250},"5100_A2_beam3/5100_A2_beam3_00003":{"x":-58.5,"y":5.57,"width":250,"height":250},"5100_A2_beam3/5100_A2_beam3_00004":{"x":-58.5,"y":5.57,"width":250,"height":250},"5100_A2_beam3/5100_A2_beam3_00005":{"x":-58.5,"y":5.57,"width":250,"height":250}},"5100_A2_beam4/5100_A2_beam4_00000":{"5100_A2_beam4/5100_A2_beam4_00000":{"x":1.08,"y":0.47,"width":250,"height":250},"5100_A2_beam4/5100_A2_beam4_00001":{"x":1.08,"y":0.47,"width":250,"height":250},"5100_A2_beam4/5100_A2_beam4_00002":{"x":1.08,"y":0.47,"width":250,"height":250},"5100_A2_beam4/5100_A2_beam4_00003":{"x":1.08,"y":0.47,"width":250,"height":250},"5100_A2_beam4/5100_A2_beam4_00004":{"x":1.08,"y":0.47,"width":250,"height":250},"5100_A2_beam4/5100_A2_beam4_00005":{"x":1.08,"y":0.47,"width":250,"height":250}},"5100_S2_magic1":{"5100_S2_magic1":{"type":"mesh","uvs":[1,1,0,1,0,0,1,0],"triangles":[1,2,3,1,3,0],"vertices":[90.58,-87.42,-91.41,-87.42,-91.41,94.57,90.58,94.57],"hull":4}},"DAMAGEAREA":{"DAMAGEAREA":{"type":"boundingbox","vertices":[-98.46351,-99.24213,98.0884,-98.62015,98.0884,97.30978,-98.46351,97.30978]}}}},"events":{"EFEvent":{},"EFHit":{},"sound":{}},"animations":{"attack1":{"slots":{"5100_A2_beam1/5100_A2_beam1_00000":{"attachment":[{"time":0.1333,"name":"5100_A2_beam1/5100_A2_beam1_00000"},{"time":0.3666,"name":null}]},"5100_A2_beam2/5100_A2_beam2_00001":{"attachment":[{"time":0.1333,"name":"5100_A2_beam2/5100_A2_beam2_00001"},{"time":0.3,"name":null}]},"5100_A2_beam3/5100_A2_beam3_00001":{"attachment":[{"time":0.1333,"name":null},{"time":0.1666,"name":"5100_A2_beam3/5100_A2_beam3_00001"},{"time":0.2,"name":"5100_A2_beam3/5100_A2_beam3_00002"},{"time":0.2333,"name":"5100_A2_beam3/5100_A2_beam3_00003"},{"time":0.2666,"name":"5100_A2_beam3/5100_A2_beam3_00004"},{"time":0.3,"name":"5100_A2_beam3/5100_A2_beam3_00005"},{"time":0.3333,"name":null}],"color":[{"time":0.2666,"color":"ffffffff"},{"time":0.3333,"color":"ffffff00"}]},"5100_A2_beam4/5100_A2_beam4_00000":{"attachment":[{"time":0.1333,"name":"5100_A2_beam4/5100_A2_beam4_00000"},{"time":0.1666,"name":"5100_A2_beam4/5100_A2_beam4_00001"},{"time":0.2,"name":"5100_A2_beam4/5100_A2_beam4_00002"},{"time":0.2333,"name":"5100_A2_beam4/5100_A2_beam4_00003"},{"time":0.2666,"name":"5100_A2_beam4/5100_A2_beam4_00004"},{"time":0.3,"name":"5100_A2_beam4/5100_A2_beam4_00005"}],"color":[{"time":0.3,"color":"ffffffff"},{"time":0.3666,"color":"ffffff00"}]},"5100_S2_magic1":{"attachment":[{"time":0,"name":null},{"time":0.2666,"name":"5100_S2_magic1"}],"color":[{"time":0.4,"color":"ffffffff"},{"time":0.5,"color":"ffffff00"}]},"DAMAGEAREA":{"attachment":[{"time":0.1666,"name":"DAMAGEAREA"},{"time":0.3,"name":null}]}},"bones":{"A1,S2_magic1":{"translate":[{"time":0.2666,"x":-313.88,"y":209.27}],"scale":[{"time":0.2666,"x":0.356,"y":1.245}]},"A1_beam1":{"translate":[{"time":0.1333,"x":-348.87,"y":-243.26}],"scale":[{"time":0.1333,"x":1,"y":1},{"time":0.1666,"x":0.503,"y":0.503},{"time":0.2,"x":1,"y":1},{"time":0.3333,"x":0.075,"y":0.075}]},"A1_beam2":{"translate":[{"time":0.1333,"x":-497.91,"y":-246.67}],"scale":[{"time":0.1333,"x":0.158,"y":1},{"time":0.1666,"x":2.705,"y":1.117},{"time":0.2,"x":2.705,"y":2.162},{"time":0.3,"x":2.705,"y":0.18}]},"A1_beam3":{"translate":[{"time":0.1666,"x":-621.69,"y":-245.48}],"scale":[{"time":0.1666,"x":2.615,"y":1.626}]},"A1_beam4":{"translate":[{"time":0.1333,"x":-687.79,"y":-246.33}],"scale":[{"time":0.3,"x":1,"y":1},{"time":0.3666,"x":1.138,"y":1.138}]},"MAIN":{"translate":[{"time":0,"x":0,"y":-30.98}]},"DAMAGEAREA":{"translate":[{"time":0.1666,"x":-568.33,"y":62.53}],"scale":[{"time":0.1666,"x":5.656,"y":0.432}]}},"ffd":{"default":{"5100_S2_magic1":{"5100_S2_magic1":[{"time":0.2666},{"time":0.4666,"vertices":[-29.90541,-22.24983,-22.24932,29.9058,29.90632,22.24984,22.2503,-29.90577]}]}}},"events":[{"time":0.1333,"name":"EFEvent","float":0.03,"string":"kHitStopType-normal"},{"time":0.2,"name":"sound","string":"cri_se_battle_machine_laser_01"},{"time":0.2333,"name":"EFHit","string":"resetHitList"}]}}}