{"skeleton":{"hash":"PPabxRF9fvBdeG3dAfWIQIqdQcU","spine":"3.0.12","width":0,"height":0},"bones":[{"name":"root"},{"name":"MAIN","parent":"root"},{"name":"EF","parent":"MAIN","y":70},{"name":"ef_Debuff_particle_main","parent":"EF"},{"name":"card1_7","parent":"EF","x":200,"y":30},{"name":"card1_6","parent":"EF","x":200,"y":30},{"name":"card1_5","parent":"EF","x":200,"y":30},{"name":"card1_4","parent":"EF","x":200,"y":30},{"name":"card1_3","parent":"EF","x":200,"y":30},{"name":"card1_2","parent":"EF","x":200,"y":30},{"name":"card1_1","parent":"EF","x":200,"y":30},{"name":"460_S1_beam3","parent":"EF","y":-70},{"name":"DAMAGEAREA","parent":"root"}],"slots":[{"name":"EF/a/ef_Debuff_particle_main/ef_Debuff_particle_main_00004","bone":"ef_Debuff_particle_main","blend":"additive"},{"name":"EF/a/460_S1_beam3/460_S1_beam3_00000","bone":"460_S1_beam3","blend":"additive"},{"name":"EF/a/ef_card_aura_main/ef_card_aura_main_45","bone":"card1_1","blend":"additive"},{"name":"EF/a/ef_card_aura_main/ef_card_aura_main_15","bone":"card1_1","blend":"additive"},{"name":"EF/a/ef_card_aura_main/ef_card_aura_main_16","bone":"card1_1","blend":"additive"},{"name":"EF/a/ef_card_aura_main/ef_card_aura_main_1","bone":"card1_2","blend":"additive"},{"name":"EF/a/ef_card_aura_main/ef_card_aura_main_17","bone":"card1_2","blend":"additive"},{"name":"EF/a/ef_card_aura_main/ef_card_aura_main_18","bone":"card1_2","blend":"additive"},{"name":"EF/a/ef_card_aura_main/ef_card_aura_main_2","bone":"card1_3","blend":"additive"},{"name":"EF/a/ef_card_aura_main/ef_card_aura_main_19","bone":"card1_3","blend":"additive"},{"name":"EF/a/ef_card_aura_main/ef_card_aura_main_20","bone":"card1_3","blend":"additive"},{"name":"EF/a/ef_card_aura_main/ef_card_aura_main_3","bone":"card1_4","blend":"additive"},{"name":"EF/a/ef_card_aura_main/ef_card_aura_main_21","bone":"card1_4","blend":"additive"},{"name":"EF/a/ef_card_aura_main/ef_card_aura_main_22","bone":"card1_4","blend":"additive"},{"name":"EF/a/ef_card_aura_main/ef_card_aura_main_4","bone":"card1_5","blend":"additive"},{"name":"EF/a/ef_card_aura_main/ef_card_aura_main_23","bone":"card1_5","blend":"additive"},{"name":"EF/a/ef_card_aura_main/ef_card_aura_main_24","bone":"card1_5","blend":"additive"},{"name":"EF/a/ef_card_aura_main/ef_card_aura_main_5","bone":"card1_6","blend":"additive"},{"name":"EF/a/ef_card_aura_main/ef_card_aura_main_25","bone":"card1_6","blend":"additive"},{"name":"EF/a/ef_card_aura_main/ef_card_aura_main_26","bone":"card1_6","blend":"additive"},{"name":"EF/a/ef_card_aura_main/ef_card_aura_main_6","bone":"card1_7","blend":"additive"},{"name":"EF/a/ef_card_aura_main/ef_card_aura_main_27","bone":"card1_7","blend":"additive"},{"name":"EF/a/ef_card_aura_main/ef_card_aura_main_28","bone":"card1_7","blend":"additive"},{"name":"DAMAGEAREA","bone":"DAMAGEAREA"}],"skins":{"default":{"DAMAGEAREA":{"DAMAGEAREA":{"type":"boundingbox","vertices":[-63.8625,-64.64516,63.95827,-64.64516,63.95827,63.17559,-63.45149,63.58659]}},"EF/a/460_S1_beam3/460_S1_beam3_00000":{"EF/a/460_S1_beam3/460_S1_beam3_00000":{"width":250,"height":250},"EF/a/460_S1_beam3/460_S1_beam3_00001":{"width":250,"height":250},"EF/a/460_S1_beam3/460_S1_beam3_00002":{"width":250,"height":250},"EF/a/460_S1_beam3/460_S1_beam3_00003":{"width":250,"height":250},"EF/a/460_S1_beam3/460_S1_beam3_00004":{"width":250,"height":250},"EF/a/460_S1_beam3/460_S1_beam3_00005":{"width":250,"height":250},"EF/a/460_S1_beam3/460_S1_beam3_00006":{"width":250,"height":250}},"EF/a/ef_Debuff_particle_main/ef_Debuff_particle_main_00004":{"EF/a/ef_Debuff_particle_main/ef_Debuff_particle_main_00004":{"y":-70,"width":162,"height":162},"EF/a/ef_Debuff_particle_main/ef_Debuff_particle_main_00005":{"y":-70,"width":162,"height":162},"EF/a/ef_Debuff_particle_main/ef_Debuff_particle_main_00007":{"y":-70,"width":162,"height":162},"EF/a/ef_Debuff_particle_main/ef_Debuff_particle_main_00008":{"y":-70,"width":162,"height":162},"EF/a/ef_Debuff_particle_main/ef_Debuff_particle_main_00010":{"y":-70,"width":162,"height":162},"EF/a/ef_Debuff_particle_main/ef_Debuff_particle_main_00011":{"y":-70,"width":162,"height":162},"EF/a/ef_Debuff_particle_main/ef_Debuff_particle_main_00013":{"y":-70,"width":162,"height":162},"EF/a/ef_Debuff_particle_main/ef_Debuff_particle_main_00014":{"y":-70,"width":162,"height":162},"EF/a/ef_Debuff_particle_main/ef_Debuff_particle_main_00016":{"y":-70,"width":162,"height":162},"EF/a/ef_Debuff_particle_main/ef_Debuff_particle_main_00017":{"y":-70,"width":162,"height":162},"EF/a/ef_Debuff_particle_main/ef_Debuff_particle_main_00019":{"y":-70,"width":162,"height":162},"EF/a/ef_Debuff_particle_main/ef_Debuff_particle_main_00020":{"y":-70,"width":162,"height":162},"EF/a/ef_Debuff_particle_main/ef_Debuff_particle_main_00022":{"y":-70,"width":162,"height":162},"EF/a/ef_Debuff_particle_main/ef_Debuff_particle_main_00023":{"y":-70,"width":162,"height":162},"EF/a/ef_Debuff_particle_main/ef_Debuff_particle_main_00025":{"y":-70,"width":162,"height":162},"EF/a/ef_Debuff_particle_main/ef_Debuff_particle_main_00026":{"y":-70,"width":162,"height":162},"EF/a/ef_Debuff_particle_main/ef_Debuff_particle_main_00028":{"y":-70,"width":162,"height":162},"EF/a/ef_Debuff_particle_main/ef_Debuff_particle_main_00029":{"y":-70,"width":162,"height":162},"EF/a/ef_Debuff_particle_main/ef_Debuff_particle_main_00031":{"y":-70,"width":162,"height":162},"EF/a/ef_Debuff_particle_main/ef_Debuff_particle_main_00032":{"y":-70,"width":162,"height":162},"EF/a/ef_Debuff_particle_main/ef_Debuff_particle_main_00034":{"y":-70,"width":162,"height":162},"EF/a/ef_Debuff_particle_main/ef_Debuff_particle_main_00035":{"y":-70,"width":162,"height":162},"EF/a/ef_Debuff_particle_main/ef_Debuff_particle_main_00037":{"y":-70,"width":162,"height":162},"EF/a/ef_Debuff_particle_main/ef_Debuff_particle_main_00038":{"y":-70,"width":162,"height":162},"EF/a/ef_Debuff_particle_main/ef_Debuff_particle_main_00040":{"y":-70,"width":162,"height":162},"EF/a/ef_Debuff_particle_main/ef_Debuff_particle_main_00041":{"y":-70,"width":162,"height":162},"EF/a/ef_Debuff_particle_main/ef_Debuff_particle_main_00043":{"y":-70,"width":162,"height":162},"EF/a/ef_Debuff_particle_main/ef_Debuff_particle_main_00044":{"y":-70,"width":162,"height":162},"EF/a/ef_Debuff_particle_main/ef_Debuff_particle_main_00046":{"y":-70,"width":162,"height":162},"EF/a/ef_Debuff_particle_main/ef_Debuff_particle_main_00047":{"y":-70,"width":162,"height":162},"EF/a/ef_Debuff_particle_main/ef_Debuff_particle_main_00049":{"y":-70,"width":162,"height":162},"EF/a/ef_Debuff_particle_main/ef_Debuff_particle_main_00050":{"y":-70,"width":162,"height":162},"EF/a/ef_Debuff_particle_main/ef_Debuff_particle_main_00052":{"y":-70,"width":162,"height":162},"EF/a/ef_Debuff_particle_main/ef_Debuff_particle_main_00053":{"y":-70,"width":162,"height":162},"EF/a/ef_Debuff_particle_main/ef_Debuff_particle_main_00055":{"y":-70,"width":162,"height":162},"EF/a/ef_Debuff_particle_main/ef_Debuff_particle_main_00056":{"y":-70,"width":162,"height":162},"EF/a/ef_Debuff_particle_main/ef_Debuff_particle_main_00057":{"y":-70,"width":162,"height":162},"EF/a/ef_Debuff_particle_main/ef_Debuff_particle_main_00058":{"y":-70,"width":162,"height":162}},"EF/a/ef_card_aura_main/ef_card_aura_main_1":{"EF/a/ef_card_aura_main/ef_card_aura_main_00001":{"scaleX":2.5,"scaleY":2.5,"rotation":90,"width":40,"height":40}},"EF/a/ef_card_aura_main/ef_card_aura_main_15":{"EF/a/ef_card_aura_main/ef_card_aura_main_00001":{"x":75,"scaleX":2.5,"scaleY":2.5,"rotation":90,"width":40,"height":40}},"EF/a/ef_card_aura_main/ef_card_aura_main_16":{"EF/a/ef_card_aura_main/ef_card_aura_main_00001":{"x":150,"scaleX":2.5,"scaleY":2.5,"rotation":90,"width":40,"height":40}},"EF/a/ef_card_aura_main/ef_card_aura_main_17":{"EF/a/ef_card_aura_main/ef_card_aura_main_00001":{"x":75,"scaleX":2.5,"scaleY":2.5,"rotation":90,"width":40,"height":40}},"EF/a/ef_card_aura_main/ef_card_aura_main_18":{"EF/a/ef_card_aura_main/ef_card_aura_main_00001":{"x":150,"scaleX":2.5,"scaleY":2.5,"rotation":90,"width":40,"height":40}},"EF/a/ef_card_aura_main/ef_card_aura_main_19":{"EF/a/ef_card_aura_main/ef_card_aura_main_00001":{"x":75,"scaleX":2.5,"scaleY":2.5,"rotation":90,"width":40,"height":40}},"EF/a/ef_card_aura_main/ef_card_aura_main_2":{"EF/a/ef_card_aura_main/ef_card_aura_main_00001":{"scaleX":2.5,"scaleY":2.5,"rotation":90,"width":40,"height":40}},"EF/a/ef_card_aura_main/ef_card_aura_main_20":{"EF/a/ef_card_aura_main/ef_card_aura_main_00001":{"x":150,"scaleX":2.5,"scaleY":2.5,"rotation":90,"width":40,"height":40}},"EF/a/ef_card_aura_main/ef_card_aura_main_21":{"EF/a/ef_card_aura_main/ef_card_aura_main_00001":{"x":75,"scaleX":2.5,"scaleY":2.5,"rotation":90,"width":40,"height":40}},"EF/a/ef_card_aura_main/ef_card_aura_main_22":{"EF/a/ef_card_aura_main/ef_card_aura_main_00001":{"x":150,"scaleX":2.5,"scaleY":2.5,"rotation":90,"width":40,"height":40}},"EF/a/ef_card_aura_main/ef_card_aura_main_23":{"EF/a/ef_card_aura_main/ef_card_aura_main_00001":{"x":75,"scaleX":2.5,"scaleY":2.5,"rotation":90,"width":40,"height":40}},"EF/a/ef_card_aura_main/ef_card_aura_main_24":{"EF/a/ef_card_aura_main/ef_card_aura_main_00001":{"x":150,"scaleX":2.5,"scaleY":2.5,"rotation":90,"width":40,"height":40}},"EF/a/ef_card_aura_main/ef_card_aura_main_25":{"EF/a/ef_card_aura_main/ef_card_aura_main_00001":{"x":75,"scaleX":2.5,"scaleY":2.5,"rotation":90,"width":40,"height":40}},"EF/a/ef_card_aura_main/ef_card_aura_main_26":{"EF/a/ef_card_aura_main/ef_card_aura_main_00001":{"x":150,"scaleX":2.5,"scaleY":2.5,"rotation":90,"width":40,"height":40}},"EF/a/ef_card_aura_main/ef_card_aura_main_27":{"EF/a/ef_card_aura_main/ef_card_aura_main_00001":{"x":75,"scaleX":2.5,"scaleY":2.5,"rotation":90,"width":40,"height":40}},"EF/a/ef_card_aura_main/ef_card_aura_main_28":{"EF/a/ef_card_aura_main/ef_card_aura_main_00001":{"x":150,"scaleX":2.5,"scaleY":2.5,"rotation":90,"width":40,"height":40}},"EF/a/ef_card_aura_main/ef_card_aura_main_3":{"EF/a/ef_card_aura_main/ef_card_aura_main_00001":{"scaleX":2.5,"scaleY":2.5,"rotation":90,"width":40,"height":40}},"EF/a/ef_card_aura_main/ef_card_aura_main_4":{"EF/a/ef_card_aura_main/ef_card_aura_main_00001":{"scaleX":2.5,"scaleY":2.5,"rotation":90,"width":40,"height":40}},"EF/a/ef_card_aura_main/ef_card_aura_main_45":{"EF/a/ef_card_aura_main/ef_card_aura_main_00001":{"scaleX":2.5,"scaleY":2.5,"rotation":90,"width":40,"height":40}},"EF/a/ef_card_aura_main/ef_card_aura_main_5":{"EF/a/ef_card_aura_main/ef_card_aura_main_00001":{"scaleX":2.5,"scaleY":2.5,"rotation":90,"width":40,"height":40}},"EF/a/ef_card_aura_main/ef_card_aura_main_6":{"EF/a/ef_card_aura_main/ef_card_aura_main_00001":{"scaleX":2.5,"scaleY":2.5,"rotation":90,"width":40,"height":40}}}},"events":{"Event":{},"Hit":{}},"animations":{"attack1":{"slots":{"DAMAGEAREA":{"attachment":[{"time":0.1333,"name":"DAMAGEAREA"},{"time":0.4666,"name":null}]},"EF/a/460_S1_beam3/460_S1_beam3_00000":{"attachment":[{"time":0.0666,"name":"EF/a/460_S1_beam3/460_S1_beam3_00000"},{"time":0.1,"name":"EF/a/460_S1_beam3/460_S1_beam3_00001"},{"time":0.1333,"name":"EF/a/460_S1_beam3/460_S1_beam3_00002"},{"time":0.1666,"name":"EF/a/460_S1_beam3/460_S1_beam3_00003"},{"time":0.2,"name":"EF/a/460_S1_beam3/460_S1_beam3_00004"},{"time":0.2333,"name":"EF/a/460_S1_beam3/460_S1_beam3_00005"},{"time":0.2666,"name":"EF/a/460_S1_beam3/460_S1_beam3_00006"},{"time":0.3,"name":null}]},"EF/a/ef_Debuff_particle_main/ef_Debuff_particle_main_00004":{"attachment":[{"time":0.0666,"name":"EF/a/ef_Debuff_particle_main/ef_Debuff_particle_main_00058"},{"time":0.1,"name":"EF/a/ef_Debuff_particle_main/ef_Debuff_particle_main_00053"},{"time":0.1333,"name":"EF/a/ef_Debuff_particle_main/ef_Debuff_particle_main_00047"},{"time":0.1666,"name":"EF/a/ef_Debuff_particle_main/ef_Debuff_particle_main_00041"},{"time":0.2,"name":"EF/a/ef_Debuff_particle_main/ef_Debuff_particle_main_00035"},{"time":0.2333,"name":"EF/a/ef_Debuff_particle_main/ef_Debuff_particle_main_00029"},{"time":0.2666,"name":"EF/a/ef_Debuff_particle_main/ef_Debuff_particle_main_00023"},{"time":0.3,"name":"EF/a/ef_Debuff_particle_main/ef_Debuff_particle_main_00017"},{"time":0.3333,"name":null}],"color":[{"time":0.0666,"color":"ffffffff","curve":"stepped"},{"time":0.2,"color":"ffffffff"},{"time":0.3333,"color":"ffffff00"}]},"EF/a/ef_card_aura_main/ef_card_aura_main_1":{"attachment":[{"time":0.1,"name":"EF/a/ef_card_aura_main/ef_card_aura_main_00001"},{"time":0.2666,"name":null}]},"EF/a/ef_card_aura_main/ef_card_aura_main_2":{"attachment":[{"time":0.1333,"name":"EF/a/ef_card_aura_main/ef_card_aura_main_00001"},{"time":0.3,"name":null}]},"EF/a/ef_card_aura_main/ef_card_aura_main_3":{"attachment":[{"time":0.1666,"name":"EF/a/ef_card_aura_main/ef_card_aura_main_00001"},{"time":0.3333,"name":null}]},"EF/a/ef_card_aura_main/ef_card_aura_main_4":{"attachment":[{"time":0.2,"name":"EF/a/ef_card_aura_main/ef_card_aura_main_00001"},{"time":0.3666,"name":null}]},"EF/a/ef_card_aura_main/ef_card_aura_main_5":{"attachment":[{"time":0.2333,"name":"EF/a/ef_card_aura_main/ef_card_aura_main_00001"},{"time":0.4,"name":null}]},"EF/a/ef_card_aura_main/ef_card_aura_main_6":{"attachment":[{"time":0.2666,"name":"EF/a/ef_card_aura_main/ef_card_aura_main_00001"},{"time":0.4333,"name":null}]},"EF/a/ef_card_aura_main/ef_card_aura_main_15":{"attachment":[{"time":0.1,"name":"EF/a/ef_card_aura_main/ef_card_aura_main_00001"},{"time":0.2333,"name":null}]},"EF/a/ef_card_aura_main/ef_card_aura_main_16":{"attachment":[{"time":0.1,"name":"EF/a/ef_card_aura_main/ef_card_aura_main_00001"},{"time":0.2333,"name":null}]},"EF/a/ef_card_aura_main/ef_card_aura_main_17":{"attachment":[{"time":0.1333,"name":"EF/a/ef_card_aura_main/ef_card_aura_main_00001"},{"time":0.2666,"name":null}]},"EF/a/ef_card_aura_main/ef_card_aura_main_18":{"attachment":[{"time":0.1333,"name":"EF/a/ef_card_aura_main/ef_card_aura_main_00001"},{"time":0.2666,"name":null}]},"EF/a/ef_card_aura_main/ef_card_aura_main_19":{"attachment":[{"time":0.1666,"name":"EF/a/ef_card_aura_main/ef_card_aura_main_00001"},{"time":0.3,"name":null}]},"EF/a/ef_card_aura_main/ef_card_aura_main_20":{"attachment":[{"time":0.1666,"name":"EF/a/ef_card_aura_main/ef_card_aura_main_00001"},{"time":0.3,"name":null}]},"EF/a/ef_card_aura_main/ef_card_aura_main_21":{"attachment":[{"time":0.2,"name":"EF/a/ef_card_aura_main/ef_card_aura_main_00001"},{"time":0.3333,"name":null}]},"EF/a/ef_card_aura_main/ef_card_aura_main_22":{"attachment":[{"time":0.2,"name":"EF/a/ef_card_aura_main/ef_card_aura_main_00001"},{"time":0.3333,"name":null}]},"EF/a/ef_card_aura_main/ef_card_aura_main_23":{"attachment":[{"time":0.2333,"name":"EF/a/ef_card_aura_main/ef_card_aura_main_00001"},{"time":0.3666,"name":null}]},"EF/a/ef_card_aura_main/ef_card_aura_main_24":{"attachment":[{"time":0.2333,"name":"EF/a/ef_card_aura_main/ef_card_aura_main_00001"},{"time":0.3666,"name":null}]},"EF/a/ef_card_aura_main/ef_card_aura_main_25":{"attachment":[{"time":0.2666,"name":"EF/a/ef_card_aura_main/ef_card_aura_main_00001"},{"time":0.4,"name":null}]},"EF/a/ef_card_aura_main/ef_card_aura_main_26":{"attachment":[{"time":0.2666,"name":"EF/a/ef_card_aura_main/ef_card_aura_main_00001"},{"time":0.4,"name":null}]},"EF/a/ef_card_aura_main/ef_card_aura_main_27":{"attachment":[{"time":0.3,"name":"EF/a/ef_card_aura_main/ef_card_aura_main_00001"},{"time":0.4333,"name":null}]},"EF/a/ef_card_aura_main/ef_card_aura_main_28":{"attachment":[{"time":0.3,"name":"EF/a/ef_card_aura_main/ef_card_aura_main_00001"},{"time":0.4333,"name":null}]},"EF/a/ef_card_aura_main/ef_card_aura_main_45":{"attachment":[{"time":0.0666,"name":"EF/a/ef_card_aura_main/ef_card_aura_main_00001"},{"time":0.2333,"name":null}]}},"bones":{"card1_2":{"rotate":[{"time":0.1,"angle":0}],"translate":[{"time":0.1,"x":-291.63,"y":-20},{"time":0.1333,"x":-397.67,"y":-20},{"time":0.2666,"x":-1410.52,"y":-20}],"scale":[{"time":0.1,"x":0.5,"y":0.5}]},"card1_4":{"rotate":[{"time":0.1666,"angle":0}],"translate":[{"time":0.1666,"x":-296.72,"y":-20},{"time":0.2,"x":-414.66,"y":-20},{"time":0.3333,"x":-1410.52,"y":-20}],"scale":[{"time":0.1666,"x":0.5,"y":0.5}]},"card1_3":{"rotate":[{"time":0.1333,"angle":0}],"translate":[{"time":0.1333,"x":-280.6,"y":-20},{"time":0.3,"x":-1410.52,"y":-20}],"scale":[{"time":0.1333,"x":0.5,"y":0.5}]},"card1_5":{"rotate":[{"time":0.2,"angle":0}],"translate":[{"time":0.2,"x":-299.67,"y":-20},{"time":0.2333,"x":-402.5,"y":-20},{"time":0.3666,"x":-1410.52,"y":-20}],"scale":[{"time":0.2,"x":0.5,"y":0.5}]},"card1_1":{"rotate":[{"time":0.0666,"angle":0}],"translate":[{"time":0.0666,"x":-296.11,"y":-20},{"time":0.1,"x":-404.49,"y":-20},{"time":0.2333,"x":-1410.52,"y":-20}],"scale":[{"time":0.0666,"x":0.5,"y":0.5}]},"460_S1_beam3":{"translate":[{"time":0.0666,"x":-84.36,"y":80}],"scale":[{"time":0.0666,"x":2.5,"y":2.5}]},"card1_6":{"translate":[{"time":0.2333,"x":-283.21,"y":-20},{"time":0.2666,"x":-412.34,"y":-20},{"time":0.4,"x":-1412.7,"y":-20}],"scale":[{"time":0.2333,"x":0.5,"y":0.5}]},"card1_7":{"translate":[{"time":0.2666,"x":-294,"y":-20},{"time":0.3,"x":-419.47,"y":-20},{"time":0.4333,"x":-1413.23,"y":-20}],"scale":[{"time":0.2666,"x":0.5,"y":0.5}]},"ef_Debuff_particle_main":{"translate":[{"time":0.0666,"x":-54.96,"y":96.42}],"scale":[{"time":0.0666,"x":1.5,"y":1.5}]},"DAMAGEAREA":{"translate":[{"time":0.1333,"x":-639.5,"y":42.47}],"scale":[{"time":0.1333,"x":10.38,"y":0.67}]}},"events":[{"time":0,"name":"Event","float":0.1,"string":"kHitStopType_enemyonly"},{"time":0.2,"name":"Hit","string":"resetHitList"},{"time":0.2666,"name":"Hit","string":"resetHitList"},{"time":0.3333,"name":"Hit","string":"resetHitList"},{"time":0.4,"name":"Event","string":"kImpactType_knock"},{"time":0.4,"name":"Hit","string":"resetHitList"}]}}}