{"skeleton":{"hash":"TNl+rNT71P1MlX95N6G20Qacw1E","spine":"3.0.12","width":0,"height":0},"bones":[{"name":"root"},{"name":"EF_main","parent":"root"},{"name":"arrow","parent":"EF_main","x":200,"y":100},{"name":"EF_arrow1_1","parent":"arrow"},{"name":"EF_wave1_1","parent":"EF_main","x":150,"y":50},{"name":"EF_sprash2_1","parent":"EF_main","x":250.4,"y":50},{"name":"EF_sprash1_1","parent":"EF_main","x":200,"y":50},{"name":"EF_line1_1","parent":"EF_main","x":250,"y":100},{"name":"DAMAGEAREA","parent":"root"}],"slots":[{"name":"EF_line1_1","bone":"EF_line1_1","blend":"additive"},{"name":"arrow","bone":"arrow"},{"name":"EF_wave1_1","bone":"EF_wave1_1","blend":"additive"},{"name":"EF_sprash1_1","bone":"EF_sprash1_1","blend":"additive"},{"name":"EF_sprash2_1","bone":"EF_sprash2_1","blend":"additive"},{"name":"EF_arrow1_1","bone":"EF_arrow1_1","blend":"additive"},{"name":"DAMAGEAREA","bone":"DAMAGEAREA"}],"skins":{"default":{"DAMAGEAREA":{"DAMAGEAREA":{"type":"boundingbox","vertices":[-64.26296,64.41629,-64.26296,-63.9635,63.59283,-63.9635,63.59283,63.8923]}},"EF_arrow1_1":{"tsut_wind/ef_trust_dash_main_00001":{"x":93.33,"y":0.46,"rotation":-90,"width":210,"height":250},"tsut_wind/ef_trust_dash_main_00002":{"x":93.33,"y":0.46,"rotation":-90,"width":210,"height":250},"tsut_wind/ef_trust_dash_main_00003":{"x":93.33,"y":0.46,"rotation":-90,"width":210,"height":250},"tsut_wind/ef_trust_dash_main_00004":{"x":93.33,"y":0.46,"rotation":-90,"width":210,"height":250},"tsut_wind/ef_trust_dash_main_00005":{"x":93.33,"y":0.46,"rotation":-90,"width":210,"height":250},"tsut_wind/ef_trust_dash_main_00006":{"x":93.33,"y":0.46,"rotation":-90,"width":210,"height":250},"tsut_wind/ef_trust_dash_main_00007":{"x":93.33,"y":0.46,"rotation":-90,"width":210,"height":250},"tsut_wind/ef_trust_dash_main_00008":{"x":93.33,"y":0.46,"rotation":-90,"width":210,"height":250},"tsut_wind/ef_trust_dash_main_00009":{"x":93.33,"y":0.46,"rotation":-90,"width":210,"height":250},"tsut_wind/ef_trust_dash_main_00010":{"x":93.33,"y":0.46,"rotation":-90,"width":210,"height":250},"tsut_wind/ef_trust_dash_main_00011":{"x":93.33,"y":0.46,"rotation":-90,"width":210,"height":250}},"EF_line1_1":{"s1_line_A_yellow/ef_line_A_yellow_00005":{"y":3.87,"width":250,"height":250},"s1_line_A_yellow/ef_line_A_yellow_00006":{"y":3.87,"width":250,"height":250},"s1_line_A_yellow/ef_line_A_yellow_00007":{"y":3.87,"width":250,"height":250},"s1_line_A_yellow/ef_line_A_yellow_00008":{"y":3.87,"width":250,"height":250},"s1_line_A_yellow/ef_line_A_yellow_00009":{"y":3.87,"width":250,"height":250},"s1_line_A_yellow/ef_line_A_yellow_00010":{"y":3.87,"width":250,"height":250},"s1_line_A_yellow/ef_line_A_yellow_00011":{"y":3.87,"width":250,"height":250},"s1_line_A_yellow/ef_line_A_yellow_00012":{"y":3.87,"width":250,"height":250},"s1_line_A_yellow/ef_line_A_yellow_00013":{"y":3.87,"width":250,"height":250}},"EF_sprash1_1":{"s1_smash_attack_A_yellow/ef_smash_attack_A_yellow_00001":{"x":35.17,"width":200,"height":200},"s1_smash_attack_A_yellow/ef_smash_attack_A_yellow_00002":{"x":35.17,"width":200,"height":200},"s1_smash_attack_A_yellow/ef_smash_attack_A_yellow_00003":{"x":35.17,"width":200,"height":200},"s1_smash_attack_A_yellow/ef_smash_attack_A_yellow_00004":{"x":35.17,"width":200,"height":200}},"EF_sprash2_1":{"s1_smash_sprash_A_yellow/ef_smash_sprash_A_yellow_00001":{"x":16.41,"y":-4.69,"width":200,"height":200},"s1_smash_sprash_A_yellow/ef_smash_sprash_A_yellow_00002":{"x":16.41,"y":-4.69,"width":200,"height":200},"s1_smash_sprash_A_yellow/ef_smash_sprash_A_yellow_00003":{"x":16.41,"y":-4.69,"width":200,"height":200},"s1_smash_sprash_A_yellow/ef_smash_sprash_A_yellow_00004":{"x":16.41,"y":-4.69,"width":200,"height":200},"s1_smash_sprash_A_yellow/ef_smash_sprash_A_yellow_00005":{"x":16.41,"y":-4.69,"width":200,"height":200},"s1_smash_sprash_A_yellow/ef_smash_sprash_A_yellow_00006":{"x":16.41,"y":-4.69,"width":200,"height":200},"s1_smash_sprash_A_yellow/ef_smash_sprash_A_yellow_00007":{"x":16.41,"y":-4.69,"width":200,"height":200},"s1_smash_sprash_A_yellow/ef_smash_sprash_A_yellow_00008":{"x":16.41,"y":-4.69,"width":200,"height":200},"s1_smash_sprash_A_yellow/ef_smash_sprash_A_yellow_00009":{"x":16.41,"y":-4.69,"width":200,"height":200},"s1_smash_sprash_A_yellow/ef_smash_sprash_A_yellow_00010":{"x":16.41,"y":-4.69,"width":200,"height":200}},"EF_wave1_1":{"a1_smash_wave_A_yellow/ef_smash_wave_A_yellow_00001":{"y":-7.13,"width":250,"height":250},"a1_smash_wave_A_yellow/ef_smash_wave_A_yellow_00002":{"y":-7.13,"width":250,"height":250},"a1_smash_wave_A_yellow/ef_smash_wave_A_yellow_00003":{"y":-7.13,"width":250,"height":250},"a1_smash_wave_A_yellow/ef_smash_wave_A_yellow_00004":{"y":-7.13,"width":250,"height":250},"a1_smash_wave_A_yellow/ef_smash_wave_A_yellow_00005":{"y":-7.13,"width":250,"height":250}},"arrow":{"arrow":{"x":110.68,"y":-2.71,"width":274,"height":31}}}},"events":{"Event":{},"Event2":{},"Sound1":{},"Sound2":{}},"animations":{"attack1":{"slots":{"DAMAGEAREA":{"attachment":[{"time":0.1,"name":"DAMAGEAREA"},{"time":0.3666,"name":null}]},"EF_arrow1_1":{"attachment":[{"time":0.0666,"name":"tsut_wind/ef_trust_dash_main_00001"},{"time":0.1,"name":"tsut_wind/ef_trust_dash_main_00002"},{"time":0.1333,"name":"tsut_wind/ef_trust_dash_main_00003"},{"time":0.1666,"name":"tsut_wind/ef_trust_dash_main_00004"},{"time":0.2,"name":"tsut_wind/ef_trust_dash_main_00005"},{"time":0.2333,"name":"tsut_wind/ef_trust_dash_main_00006"},{"time":0.2666,"name":"tsut_wind/ef_trust_dash_main_00007"},{"time":0.3,"name":"tsut_wind/ef_trust_dash_main_00008"},{"time":0.3333,"name":"tsut_wind/ef_trust_dash_main_00009"},{"time":0.3666,"name":"tsut_wind/ef_trust_dash_main_00010"},{"time":0.4,"name":"tsut_wind/ef_trust_dash_main_00011"},{"time":0.4333,"name":null}],"color":[{"time":0.0666,"color":"ffffffff","curve":"stepped"},{"time":0.2666,"color":"ffffffff","curve":[0.25,0,0.813,0.36]},{"time":0.4333,"color":"ffffff00"}]},"EF_line1_1":{"attachment":[{"time":0.0666,"name":"s1_line_A_yellow/ef_line_A_yellow_00005"},{"time":0.1,"name":"s1_line_A_yellow/ef_line_A_yellow_00006"},{"time":0.1333,"name":"s1_line_A_yellow/ef_line_A_yellow_00007"},{"time":0.1666,"name":"s1_line_A_yellow/ef_line_A_yellow_00008"},{"time":0.2,"name":"s1_line_A_yellow/ef_line_A_yellow_00009"},{"time":0.2333,"name":"s1_line_A_yellow/ef_line_A_yellow_00010"},{"time":0.2666,"name":"s1_line_A_yellow/ef_line_A_yellow_00011"},{"time":0.3,"name":"s1_line_A_yellow/ef_line_A_yellow_00012"},{"time":0.3333,"name":"s1_line_A_yellow/ef_line_A_yellow_00013"},{"time":0.3666,"name":null}]},"EF_sprash1_1":{"attachment":[{"time":0.0666,"name":"s1_smash_attack_A_yellow/ef_smash_attack_A_yellow_00001"},{"time":0.1,"name":"s1_smash_attack_A_yellow/ef_smash_attack_A_yellow_00002"},{"time":0.1333,"name":"s1_smash_attack_A_yellow/ef_smash_attack_A_yellow_00003"},{"time":0.1666,"name":"s1_smash_attack_A_yellow/ef_smash_attack_A_yellow_00004"},{"time":0.2,"name":null}]},"EF_sprash2_1":{"attachment":[{"time":0.0666,"name":"s1_smash_sprash_A_yellow/ef_smash_sprash_A_yellow_00001"},{"time":0.1,"name":"s1_smash_sprash_A_yellow/ef_smash_sprash_A_yellow_00002"},{"time":0.1333,"name":"s1_smash_sprash_A_yellow/ef_smash_sprash_A_yellow_00003"},{"time":0.1666,"name":"s1_smash_sprash_A_yellow/ef_smash_sprash_A_yellow_00004"},{"time":0.2,"name":"s1_smash_sprash_A_yellow/ef_smash_sprash_A_yellow_00005"},{"time":0.2333,"name":"s1_smash_sprash_A_yellow/ef_smash_sprash_A_yellow_00006"},{"time":0.2666,"name":"s1_smash_sprash_A_yellow/ef_smash_sprash_A_yellow_00007"},{"time":0.3,"name":"s1_smash_sprash_A_yellow/ef_smash_sprash_A_yellow_00008"},{"time":0.3333,"name":"s1_smash_sprash_A_yellow/ef_smash_sprash_A_yellow_00009"},{"time":0.3666,"name":"s1_smash_sprash_A_yellow/ef_smash_sprash_A_yellow_00010"},{"time":0.4,"name":null}]},"EF_wave1_1":{"attachment":[{"time":0.0666,"name":"a1_smash_wave_A_yellow/ef_smash_wave_A_yellow_00001"},{"time":0.1,"name":"a1_smash_wave_A_yellow/ef_smash_wave_A_yellow_00002"},{"time":0.1333,"name":"a1_smash_wave_A_yellow/ef_smash_wave_A_yellow_00003"},{"time":0.1666,"name":"a1_smash_wave_A_yellow/ef_smash_wave_A_yellow_00004"},{"time":0.2,"name":"a1_smash_wave_A_yellow/ef_smash_wave_A_yellow_00005"},{"time":0.2333,"name":null}]},"arrow":{"attachment":[{"time":0,"name":"arrow"}],"color":[{"time":0,"color":"ffffff00"},{"time":0.1,"color":"ffffffff","curve":"stepped"},{"time":0.3333,"color":"ffffffff"},{"time":0.5,"color":"ffffff00"}]}},"bones":{"arrow":{"translate":[{"time":0,"x":-314.87,"y":-99.75},{"time":0.0666,"x":-312.83,"y":-99.75,"curve":[0.194,0.59,0.75,1]},{"time":0.5,"x":-1614.37,"y":-99.75}],"scale":[{"time":0,"x":0.75,"y":0.75}]},"EF_line1_1":{"translate":[{"time":0.0666,"x":-467.6,"y":-100},{"time":0.2666,"x":-1103.65,"y":-100},{"time":0.3333,"x":-1265.03,"y":-100}],"scale":[{"time":0.0666,"x":2.5,"y":0.43}]},"EF_arrow1_1":{"translate":[{"time":0.0666,"x":-31.93,"y":0}],"scale":[{"time":0.0666,"x":0.962,"y":0.5}]},"EF_wave1_1":{"translate":[{"time":0.0666,"x":-263.18,"y":-50}],"scale":[{"time":0.0666,"x":1.5,"y":1.5}]},"EF_sprash2_1":{"translate":[{"time":0.0666,"x":-389.4,"y":-50}],"scale":[{"time":0.0666,"x":1.5,"y":1.5}]},"EF_sprash1_1":{"translate":[{"time":0.0666,"x":-337.89,"y":-50}]},"DAMAGEAREA":{"translate":[{"time":0.1,"x":-315.07,"y":3.78,"curve":[0.25,0.35,0.855,0.92]},{"time":0.3333,"x":-1083.47,"y":3.78}],"scale":[{"time":0.1,"x":1.265,"y":1.363,"curve":[0.179,0.8,0.75,1]},{"time":0.3333,"x":3.195,"y":1.363}]}},"events":[{"time":0.0666,"name":"Sound1","string":"cri_se_battle_gun_burst"},{"time":0.0666,"name":"Sound2","string":"setHitSound(se_battle_swordslash_heavy)"},{"time":0.1,"name":"Event","float":0.35,"string":"kHitStopType_enemyonly"},{"time":0.1,"name":"Event2","float":1.6,"string":"shakeGround"}]}}}