{"skeleton":{"hash":"qYkylOV2Vr0MbcfuG0X5pSlDIxY","spine":"3.0.12","width":0,"height":0,"images":"./images/"},"bones":[{"name":"root"},{"name":"MAIN","parent":"root","x":0.74,"y":55.43},{"name":"BSH_hit2/BSH_hit2_00001","parent":"MAIN","x":438.85,"y":81.15},{"name":"BSH_hit1/BSH_hit1_00001","parent":"MAIN","x":438.72,"y":111.06},{"name":"BSH_attack2/BSH_attack2_00001","parent":"MAIN","x":438.72,"y":143},{"name":"BSH_attack1/BSH_attack1_00001","parent":"MAIN","x":438.72,"y":172.04},{"name":"DAMAGEAREA","parent":"root"}],"slots":[{"name":"BSH_attack1/BSH_attack1_00001","bone":"BSH_attack1/BSH_attack1_00001","blend":"additive"},{"name":"BSH_attack2/BSH_attack2_00001","bone":"BSH_attack2/BSH_attack2_00001","blend":"additive"},{"name":"BSH_hit1/BSH_hit1_00001","bone":"BSH_hit1/BSH_hit1_00001","blend":"additive"},{"name":"BSH_hit2/BSH_hit2_00001","bone":"BSH_hit2/BSH_hit2_00001","blend":"additive"},{"name":"DAMAGEAREA","bone":"DAMAGEAREA"}],"skins":{"default":{"BSH_attack1/BSH_attack1_00001":{"BSH_attack1/BSH_attack1_00001":{"width":375,"height":375},"BSH_attack1/BSH_attack1_00002":{"width":375,"height":375},"BSH_attack1/BSH_attack1_00003":{"width":375,"height":375},"BSH_attack1/BSH_attack1_00004":{"width":375,"height":375},"BSH_attack1/BSH_attack1_00005":{"width":375,"height":375}},"BSH_attack2/BSH_attack2_00001":{"BSH_attack2/BSH_attack2_00001":{"width":375,"height":375},"BSH_attack2/BSH_attack2_00002":{"width":375,"height":375},"BSH_attack2/BSH_attack2_00003":{"width":375,"height":375},"BSH_attack2/BSH_attack2_00004":{"width":375,"height":375},"BSH_attack2/BSH_attack2_00006":{"width":375,"height":375},"BSH_attack2/BSH_attack2_00007":{"width":375,"height":375}},"BSH_hit1/BSH_hit1_00001":{"BSH_hit1/BSH_hit1_00001":{"width":375,"height":375},"BSH_hit1/BSH_hit1_00002":{"width":375,"height":375},"BSH_hit1/BSH_hit1_00003":{"width":375,"height":375},"BSH_hit1/BSH_hit1_00004":{"width":375,"height":375},"BSH_hit1/BSH_hit1_00005":{"width":375,"height":375},"BSH_hit1/BSH_hit1_00006":{"width":375,"height":375}},"BSH_hit2/BSH_hit2_00001":{"BSH_hit2/BSH_hit2_00001":{"width":375,"height":375},"BSH_hit2/BSH_hit2_00002":{"width":375,"height":375},"BSH_hit2/BSH_hit2_00003":{"width":375,"height":375},"BSH_hit2/BSH_hit2_00004":{"width":375,"height":375},"BSH_hit2/BSH_hit2_00005":{"width":375,"height":375},"BSH_hit2/BSH_hit2_00006":{"width":375,"height":375}},"DAMAGEAREA":{"DAMAGEAREA":{"type":"boundingbox","vertices":[-97.98459,97.92509,-97.46861,-98.15483,97.57933,-98.15483,97.57933,98.4411]}}}},"events":{"Event":{},"Hit":{},"Sound1":{},"Sound2":{},"View":{}},"animations":{"attack1":{"slots":{"BSH_attack1/BSH_attack1_00001":{"attachment":[{"time":0.0333,"name":"BSH_attack1/BSH_attack1_00001"},{"time":0.0666,"name":"BSH_attack1/BSH_attack1_00002"},{"time":0.1,"name":"BSH_attack1/BSH_attack1_00003"},{"time":0.1333,"name":"BSH_attack1/BSH_attack1_00004"},{"time":0.1666,"name":"BSH_attack1/BSH_attack1_00005"}],"color":[{"time":0.1666,"color":"ffffffff"},{"time":0.2333,"color":"ffffff00"}]},"BSH_attack2/BSH_attack2_00001":{"attachment":[{"time":0.0666,"name":"BSH_attack2/BSH_attack2_00001"},{"time":0.1,"name":"BSH_attack2/BSH_attack2_00002"},{"time":0.1333,"name":"BSH_attack2/BSH_attack2_00003"},{"time":0.1666,"name":"BSH_attack2/BSH_attack2_00004"},{"time":0.2,"name":"BSH_attack2/BSH_attack2_00006"},{"time":0.2333,"name":"BSH_attack2/BSH_attack2_00007"}],"color":[{"time":0.2333,"color":"ffffffff"},{"time":0.3,"color":"ffffff00"}]},"BSH_hit1/BSH_hit1_00001":{"attachment":[{"time":0.1,"name":"BSH_hit1/BSH_hit1_00001"},{"time":0.1333,"name":"BSH_hit1/BSH_hit1_00002"},{"time":0.1666,"name":"BSH_hit1/BSH_hit1_00003"},{"time":0.2,"name":"BSH_hit1/BSH_hit1_00004"},{"time":0.2666,"name":"BSH_hit1/BSH_hit1_00005"},{"time":0.3333,"name":"BSH_hit1/BSH_hit1_00006"}],"color":[{"time":0.2666,"color":"ffffffff"},{"time":0.5666,"color":"ffffff00"}]},"BSH_hit2/BSH_hit2_00001":{"attachment":[{"time":0.1,"name":"BSH_hit2/BSH_hit2_00001"},{"time":0.1333,"name":"BSH_hit2/BSH_hit2_00002"},{"time":0.1666,"name":"BSH_hit2/BSH_hit2_00003"},{"time":0.2333,"name":"BSH_hit2/BSH_hit2_00004"},{"time":0.3,"name":"BSH_hit2/BSH_hit2_00005"},{"time":0.3666,"name":"BSH_hit2/BSH_hit2_00006"}],"color":[{"time":0.2666,"color":"ffffffff"},{"time":0.5333,"color":"ffffff00"}]},"DAMAGEAREA":{"attachment":[{"time":0.1,"name":"DAMAGEAREA"},{"time":0.2666,"name":null}]}},"bones":{"BSH_attack1/BSH_attack1_00001":{"translate":[{"time":0.0333,"x":-374.1,"y":-245.07}],"scale":[{"time":0.0333,"x":1.5,"y":1.5}]},"BSH_attack2/BSH_attack2_00001":{"translate":[{"time":0.0666,"x":-494.82,"y":-182.51}],"scale":[{"time":0.0666,"x":1.747,"y":1.747}]},"BSH_hit1/BSH_hit1_00001":{"translate":[{"time":0.1,"x":-559.34,"y":-178.91}],"scale":[{"time":0.1,"x":1.7,"y":1.7,"curve":"stepped"},{"time":0.2666,"x":1.7,"y":1.7},{"time":0.5666,"x":1.8,"y":1.8}]},"BSH_hit2/BSH_hit2_00001":{"translate":[{"time":0.1,"x":-557.13,"y":-160.6,"curve":"stepped"},{"time":0.2666,"x":-557.13,"y":-160.6},{"time":0.5333,"x":-557.13,"y":-185.68}],"scale":[{"time":0.1,"x":1.254,"y":1.254,"curve":"stepped"},{"time":0.2666,"x":1.254,"y":1.254},{"time":0.5333,"x":1.404,"y":1.404}]},"MAIN":{"translate":[{"time":0,"x":-208.48,"y":31.02}],"scale":[{"time":0,"x":0.601,"y":0.601}]},"root":{"rotate":[{"time":0.6666,"angle":0}]},"DAMAGEAREA":{"translate":[{"time":0.1,"x":-276.41,"y":40.71}],"scale":[{"time":0.1,"x":0.608,"y":0.615}]}},"events":[{"time":0,"name":"Sound1","string":"cri_se_battle_skill_shot"},{"time":0.0333,"name":"Event","float":0.05,"string":"kHitStopType_enemyonly"},{"time":0.0666,"name":"Event","string":"kImpactType_knock"},{"time":0.0666,"name":"Sound1","string":"cri_se_battle_033_explosion_element_01"},{"time":0.0666,"name":"Sound2","string":"cri_se_battle_thunder_small"}]},"attack2":{"slots":{"BSH_attack1/BSH_attack1_00001":{"attachment":[{"time":0.0333,"name":"BSH_attack1/BSH_attack1_00001"},{"time":0.0666,"name":"BSH_attack1/BSH_attack1_00002"},{"time":0.1,"name":"BSH_attack1/BSH_attack1_00003"},{"time":0.1333,"name":"BSH_attack1/BSH_attack1_00004"},{"time":0.1666,"name":"BSH_attack1/BSH_attack1_00005"}],"color":[{"time":0.1666,"color":"ffffffff"},{"time":0.2333,"color":"ffffff00"}]},"BSH_attack2/BSH_attack2_00001":{"attachment":[{"time":0.0666,"name":"BSH_attack2/BSH_attack2_00001"},{"time":0.1,"name":"BSH_attack2/BSH_attack2_00002"},{"time":0.1333,"name":"BSH_attack2/BSH_attack2_00003"},{"time":0.1666,"name":"BSH_attack2/BSH_attack2_00004"},{"time":0.2,"name":"BSH_attack2/BSH_attack2_00006"},{"time":0.2333,"name":"BSH_attack2/BSH_attack2_00007"}],"color":[{"time":0.2333,"color":"ffffffff"},{"time":0.3,"color":"ffffff00"}]},"BSH_hit1/BSH_hit1_00001":{"attachment":[{"time":0.1,"name":"BSH_hit1/BSH_hit1_00001"},{"time":0.1333,"name":"BSH_hit1/BSH_hit1_00002"},{"time":0.1666,"name":"BSH_hit1/BSH_hit1_00003"},{"time":0.2,"name":"BSH_hit1/BSH_hit1_00004"},{"time":0.2666,"name":"BSH_hit1/BSH_hit1_00005"},{"time":0.3333,"name":"BSH_hit1/BSH_hit1_00006"}],"color":[{"time":0.2666,"color":"ffffffff"},{"time":0.5666,"color":"ffffff00"}]},"BSH_hit2/BSH_hit2_00001":{"attachment":[{"time":0.1,"name":"BSH_hit2/BSH_hit2_00001"},{"time":0.1333,"name":"BSH_hit2/BSH_hit2_00002"},{"time":0.1666,"name":"BSH_hit2/BSH_hit2_00003"},{"time":0.2333,"name":"BSH_hit2/BSH_hit2_00004"},{"time":0.3,"name":"BSH_hit2/BSH_hit2_00005"},{"time":0.3666,"name":"BSH_hit2/BSH_hit2_00006"}],"color":[{"time":0.2666,"color":"ffffffff"},{"time":0.5333,"color":"ffffff00"}]},"DAMAGEAREA":{"attachment":[{"time":0.1,"name":"DAMAGEAREA"},{"time":0.2666,"name":null}]}},"bones":{"BSH_attack1/BSH_attack1_00001":{"translate":[{"time":0.0333,"x":-374.1,"y":-245.07}],"scale":[{"time":0.0333,"x":1.5,"y":1.5}]},"BSH_attack2/BSH_attack2_00001":{"translate":[{"time":0.0666,"x":-494.82,"y":-182.51}],"scale":[{"time":0.0666,"x":1.747,"y":1.747}]},"BSH_hit1/BSH_hit1_00001":{"translate":[{"time":0.1,"x":-559.34,"y":-178.91}],"scale":[{"time":0.1,"x":1.7,"y":1.7,"curve":"stepped"},{"time":0.2666,"x":1.7,"y":1.7},{"time":0.5666,"x":1.8,"y":1.8}]},"BSH_hit2/BSH_hit2_00001":{"translate":[{"time":0.1,"x":-557.13,"y":-160.6,"curve":"stepped"},{"time":0.2666,"x":-557.13,"y":-160.6},{"time":0.5333,"x":-557.13,"y":-185.68}],"scale":[{"time":0.1,"x":1.254,"y":1.254,"curve":"stepped"},{"time":0.2666,"x":1.254,"y":1.254},{"time":0.5333,"x":1.404,"y":1.404}]},"MAIN":{"translate":[{"time":0,"x":-160.59,"y":44.43}],"scale":[{"time":0,"x":0.899,"y":0.899}]},"root":{"rotate":[{"time":0.6666,"angle":0}]},"DAMAGEAREA":{"translate":[{"time":0.1,"x":-262.2,"y":40.71}],"scale":[{"time":0.1,"x":1.032,"y":0.889}]}},"events":[{"time":0,"name":"Sound1","string":"cri_se_battle_skill_shot"},{"time":0.0333,"name":"Event","float":0.1,"string":"kHitStopType_enemyonly"},{"time":0.0666,"name":"Event","string":"kImpactType_knock"},{"time":0.0666,"name":"Sound1","string":"cri_se_battle_033_explosion_element_01"},{"time":0.0666,"name":"Sound2","string":"cri_se_battle_thunder_small"}]},"attack3":{"slots":{"BSH_attack1/BSH_attack1_00001":{"attachment":[{"time":0,"name":"BSH_attack1/BSH_attack1_00001"},{"time":0.0333,"name":"BSH_attack1/BSH_attack1_00002"},{"time":0.0666,"name":"BSH_attack1/BSH_attack1_00003"},{"time":0.1,"name":"BSH_attack1/BSH_attack1_00004"},{"time":0.1333,"name":"BSH_attack1/BSH_attack1_00005"}],"color":[{"time":0.1333,"color":"ffffffff"},{"time":0.2,"color":"ffffff00"}]},"BSH_attack2/BSH_attack2_00001":{"attachment":[{"time":0.0333,"name":"BSH_attack2/BSH_attack2_00001"},{"time":0.0666,"name":"BSH_attack2/BSH_attack2_00002"},{"time":0.1,"name":"BSH_attack2/BSH_attack2_00003"},{"time":0.1333,"name":"BSH_attack2/BSH_attack2_00004"},{"time":0.1666,"name":"BSH_attack2/BSH_attack2_00006"},{"time":0.2,"name":"BSH_attack2/BSH_attack2_00007"}],"color":[{"time":0.2,"color":"ffffffff"},{"time":0.2666,"color":"ffffff00"}]},"BSH_hit1/BSH_hit1_00001":{"attachment":[{"time":0.0666,"name":"BSH_hit1/BSH_hit1_00001"},{"time":0.1,"name":"BSH_hit1/BSH_hit1_00002"},{"time":0.1333,"name":"BSH_hit1/BSH_hit1_00003"},{"time":0.1666,"name":"BSH_hit1/BSH_hit1_00004"},{"time":0.2333,"name":"BSH_hit1/BSH_hit1_00005"},{"time":0.3,"name":"BSH_hit1/BSH_hit1_00006"}],"color":[{"time":0.2333,"color":"ffffffff"},{"time":0.5333,"color":"ffffff00"}]},"BSH_hit2/BSH_hit2_00001":{"attachment":[{"time":0.0666,"name":"BSH_hit2/BSH_hit2_00001"},{"time":0.1,"name":"BSH_hit2/BSH_hit2_00002"},{"time":0.1333,"name":"BSH_hit2/BSH_hit2_00003"},{"time":0.2,"name":"BSH_hit2/BSH_hit2_00004"},{"time":0.2666,"name":"BSH_hit2/BSH_hit2_00005"},{"time":0.3333,"name":"BSH_hit2/BSH_hit2_00006"}],"color":[{"time":0.2333,"color":"ffffffff"},{"time":0.5,"color":"ffffff00"}]},"DAMAGEAREA":{"attachment":[{"time":0.0666,"name":"DAMAGEAREA"},{"time":0.2333,"name":null}]}},"bones":{"BSH_attack1/BSH_attack1_00001":{"translate":[{"time":0,"x":-374.1,"y":-245.07}],"scale":[{"time":0,"x":1.5,"y":1.5}]},"BSH_attack2/BSH_attack2_00001":{"translate":[{"time":0.0333,"x":-494.82,"y":-182.51}],"scale":[{"time":0.0333,"x":1.747,"y":1.747}]},"BSH_hit1/BSH_hit1_00001":{"translate":[{"time":0.0666,"x":-559.34,"y":-178.91}],"scale":[{"time":0.0666,"x":1.7,"y":1.7,"curve":"stepped"},{"time":0.2333,"x":1.7,"y":1.7},{"time":0.5333,"x":1.8,"y":1.8}]},"BSH_hit2/BSH_hit2_00001":{"translate":[{"time":0.0666,"x":-557.13,"y":-160.6,"curve":"stepped"},{"time":0.2333,"x":-557.13,"y":-160.6},{"time":0.5,"x":-557.13,"y":-185.68}],"scale":[{"time":0.0666,"x":1.254,"y":1.254,"curve":"stepped"},{"time":0.2333,"x":1.254,"y":1.254},{"time":0.5,"x":1.404,"y":1.404}]},"MAIN":{"translate":[{"time":0,"x":-102.8,"y":90.47}],"scale":[{"time":0,"x":1.301,"y":1.301}]},"DAMAGEAREA":{"translate":[{"time":0.0666,"x":-193.76,"y":49.13}],"scale":[{"time":0.0666,"x":2.16,"y":1.158}]}},"events":[{"time":0,"name":"Event","float":0.15,"string":"kHitStopType_enemyonly"},{"time":0,"name":"Sound1","string":"cri_se_battle_skill_shot"},{"time":0.0333,"name":"Event","string":"kImpactType_knock"},{"time":0.0666,"name":"Sound1","string":"cri_se_battle_033_explosion_element_01"},{"time":0.0666,"name":"Sound2","string":"cri_se_battle_thunder_small"},{"time":0.0666,"name":"View","string":"shakeGround"}]}}}