{"skeleton":{"hash":"yV+KyL+sphfcgHIi6vJVSFC4D4s","spine":"3.0.12","width":0,"height":0},"bones":[{"name":"root"},{"name":"EF_MAIN","parent":"root"},{"name":"EF_fireearth1_5","parent":"EF_MAIN","x":350},{"name":"EF_fireearth1_4","parent":"EF_MAIN","x":350},{"name":"EF_fireearth1_3","parent":"EF_MAIN","x":350},{"name":"EF_fireearth1_2","parent":"EF_MAIN","x":350},{"name":"EF_fireearth1_1","parent":"EF_MAIN","x":350},{"name":"DAMAGEAREA","parent":"root"}],"slots":[{"name":"EF_fireearth1_1","bone":"EF_fireearth1_1","blend":"additive"},{"name":"EF_fireearth1_2","bone":"EF_fireearth1_2","blend":"additive"},{"name":"EF_fireearth1_3","bone":"EF_fireearth1_3","blend":"additive"},{"name":"EF_fireearth1_4","bone":"EF_fireearth1_4","blend":"additive"},{"name":"EF_fireearth1_5","bone":"EF_fireearth1_5","blend":"additive"},{"name":"DAMAGEAREA","bone":"DAMAGEAREA"}],"skins":{"default":{"DAMAGEAREA":{"DAMAGEAREA":{"type":"boundingbox","vertices":[-64.8769,-64.15831,63.73911,-64.15831,63.73911,62.80172,-64.32489,63.35372]}},"EF_fireearth1_1":{"EF/ef_fire_earth_B_main/ef_fire_earth_B_main_00001":{"y":49.42,"width":200,"height":120},"EF/ef_fire_earth_B_main/ef_fire_earth_B_main_00002":{"y":49.42,"width":200,"height":120},"EF/ef_fire_earth_B_main/ef_fire_earth_B_main_00003":{"y":49.42,"width":200,"height":120},"EF/ef_fire_earth_B_main/ef_fire_earth_B_main_00004":{"y":49.42,"width":200,"height":120},"EF/ef_fire_earth_B_main/ef_fire_earth_B_main_00005":{"y":49.42,"width":200,"height":120},"EF/ef_fire_earth_B_main/ef_fire_earth_B_main_00006":{"y":49.42,"width":200,"height":120},"EF/ef_fire_earth_B_main/ef_fire_earth_B_main_00007":{"y":49.42,"width":200,"height":120},"EF/ef_fire_earth_B_main/ef_fire_earth_B_main_00008":{"y":49.42,"width":200,"height":120},"EF/ef_fire_earth_B_main/ef_fire_earth_B_main_00009":{"y":49.42,"width":200,"height":120},"EF/ef_fire_earth_B_main/ef_fire_earth_B_main_00010":{"y":49.42,"width":200,"height":120},"EF/ef_fire_earth_B_main/ef_fire_earth_B_main_00011":{"y":49.42,"width":200,"height":120},"EF/ef_fire_earth_B_main/ef_fire_earth_B_main_00012":{"y":49.42,"width":200,"height":120}},"EF_fireearth1_2":{"EF/ef_fire_earth_B_main/ef_fire_earth_B_main_00001":{"y":49.42,"width":200,"height":120},"EF/ef_fire_earth_B_main/ef_fire_earth_B_main_00002":{"y":49.42,"width":200,"height":120},"EF/ef_fire_earth_B_main/ef_fire_earth_B_main_00003":{"y":49.42,"width":200,"height":120},"EF/ef_fire_earth_B_main/ef_fire_earth_B_main_00004":{"y":49.42,"width":200,"height":120},"EF/ef_fire_earth_B_main/ef_fire_earth_B_main_00005":{"y":49.42,"width":200,"height":120},"EF/ef_fire_earth_B_main/ef_fire_earth_B_main_00006":{"y":49.42,"width":200,"height":120},"EF/ef_fire_earth_B_main/ef_fire_earth_B_main_00007":{"y":49.42,"width":200,"height":120},"EF/ef_fire_earth_B_main/ef_fire_earth_B_main_00008":{"y":49.42,"width":200,"height":120},"EF/ef_fire_earth_B_main/ef_fire_earth_B_main_00009":{"y":49.42,"width":200,"height":120},"EF/ef_fire_earth_B_main/ef_fire_earth_B_main_00010":{"y":49.42,"width":200,"height":120},"EF/ef_fire_earth_B_main/ef_fire_earth_B_main_00011":{"y":49.42,"width":200,"height":120},"EF/ef_fire_earth_B_main/ef_fire_earth_B_main_00012":{"y":49.42,"width":200,"height":120}},"EF_fireearth1_3":{"EF/ef_fire_earth_B_main/ef_fire_earth_B_main_00001":{"y":49.42,"width":200,"height":120},"EF/ef_fire_earth_B_main/ef_fire_earth_B_main_00002":{"y":49.42,"width":200,"height":120},"EF/ef_fire_earth_B_main/ef_fire_earth_B_main_00003":{"y":49.42,"width":200,"height":120},"EF/ef_fire_earth_B_main/ef_fire_earth_B_main_00004":{"y":49.42,"width":200,"height":120},"EF/ef_fire_earth_B_main/ef_fire_earth_B_main_00005":{"y":49.42,"width":200,"height":120},"EF/ef_fire_earth_B_main/ef_fire_earth_B_main_00006":{"y":49.42,"width":200,"height":120},"EF/ef_fire_earth_B_main/ef_fire_earth_B_main_00007":{"y":49.42,"width":200,"height":120},"EF/ef_fire_earth_B_main/ef_fire_earth_B_main_00008":{"y":49.42,"width":200,"height":120},"EF/ef_fire_earth_B_main/ef_fire_earth_B_main_00009":{"y":49.42,"width":200,"height":120},"EF/ef_fire_earth_B_main/ef_fire_earth_B_main_00010":{"y":49.42,"width":200,"height":120},"EF/ef_fire_earth_B_main/ef_fire_earth_B_main_00011":{"y":49.42,"width":200,"height":120},"EF/ef_fire_earth_B_main/ef_fire_earth_B_main_00012":{"y":49.42,"width":200,"height":120}},"EF_fireearth1_4":{"EF/ef_fire_earth_B_main/ef_fire_earth_B_main_00001":{"y":49.42,"width":200,"height":120},"EF/ef_fire_earth_B_main/ef_fire_earth_B_main_00002":{"y":49.42,"width":200,"height":120},"EF/ef_fire_earth_B_main/ef_fire_earth_B_main_00003":{"y":49.42,"width":200,"height":120},"EF/ef_fire_earth_B_main/ef_fire_earth_B_main_00004":{"y":49.42,"width":200,"height":120},"EF/ef_fire_earth_B_main/ef_fire_earth_B_main_00005":{"y":49.42,"width":200,"height":120},"EF/ef_fire_earth_B_main/ef_fire_earth_B_main_00006":{"y":49.42,"width":200,"height":120},"EF/ef_fire_earth_B_main/ef_fire_earth_B_main_00007":{"y":49.42,"width":200,"height":120},"EF/ef_fire_earth_B_main/ef_fire_earth_B_main_00008":{"y":49.42,"width":200,"height":120},"EF/ef_fire_earth_B_main/ef_fire_earth_B_main_00009":{"y":49.42,"width":200,"height":120},"EF/ef_fire_earth_B_main/ef_fire_earth_B_main_00010":{"y":49.42,"width":200,"height":120},"EF/ef_fire_earth_B_main/ef_fire_earth_B_main_00011":{"y":49.42,"width":200,"height":120},"EF/ef_fire_earth_B_main/ef_fire_earth_B_main_00012":{"y":49.42,"width":200,"height":120}},"EF_fireearth1_5":{"EF/ef_fire_earth_B_main/ef_fire_earth_B_main_00001":{"y":49.42,"width":200,"height":120},"EF/ef_fire_earth_B_main/ef_fire_earth_B_main_00002":{"y":49.42,"width":200,"height":120},"EF/ef_fire_earth_B_main/ef_fire_earth_B_main_00003":{"y":49.42,"width":200,"height":120},"EF/ef_fire_earth_B_main/ef_fire_earth_B_main_00004":{"y":49.42,"width":200,"height":120},"EF/ef_fire_earth_B_main/ef_fire_earth_B_main_00005":{"y":49.42,"width":200,"height":120},"EF/ef_fire_earth_B_main/ef_fire_earth_B_main_00006":{"y":49.42,"width":200,"height":120},"EF/ef_fire_earth_B_main/ef_fire_earth_B_main_00007":{"y":49.42,"width":200,"height":120},"EF/ef_fire_earth_B_main/ef_fire_earth_B_main_00008":{"y":49.42,"width":200,"height":120},"EF/ef_fire_earth_B_main/ef_fire_earth_B_main_00009":{"y":49.42,"width":200,"height":120},"EF/ef_fire_earth_B_main/ef_fire_earth_B_main_00010":{"y":49.42,"width":200,"height":120},"EF/ef_fire_earth_B_main/ef_fire_earth_B_main_00011":{"y":49.42,"width":200,"height":120},"EF/ef_fire_earth_B_main/ef_fire_earth_B_main_00012":{"y":49.42,"width":200,"height":120}}}},"events":{"Event":{},"Event2":{},"Hit":{},"Sound":{},"Sound2":{},"Sound3":{}},"animations":{"attack1":{"slots":{"DAMAGEAREA":{"attachment":[{"time":0.3,"name":"DAMAGEAREA"},{"time":0.7333,"name":null}]},"EF_fireearth1_1":{"attachment":[{"time":0.3,"name":"EF/ef_fire_earth_B_main/ef_fire_earth_B_main_00001"},{"time":0.3333,"name":"EF/ef_fire_earth_B_main/ef_fire_earth_B_main_00002"},{"time":0.3666,"name":"EF/ef_fire_earth_B_main/ef_fire_earth_B_main_00003"},{"time":0.4,"name":"EF/ef_fire_earth_B_main/ef_fire_earth_B_main_00004"},{"time":0.4333,"name":"EF/ef_fire_earth_B_main/ef_fire_earth_B_main_00005"},{"time":0.4666,"name":"EF/ef_fire_earth_B_main/ef_fire_earth_B_main_00006"},{"time":0.5,"name":"EF/ef_fire_earth_B_main/ef_fire_earth_B_main_00007"},{"time":0.5333,"name":"EF/ef_fire_earth_B_main/ef_fire_earth_B_main_00008"},{"time":0.5666,"name":"EF/ef_fire_earth_B_main/ef_fire_earth_B_main_00009"},{"time":0.6,"name":"EF/ef_fire_earth_B_main/ef_fire_earth_B_main_00010"},{"time":0.6333,"name":"EF/ef_fire_earth_B_main/ef_fire_earth_B_main_00011"},{"time":0.6666,"name":"EF/ef_fire_earth_B_main/ef_fire_earth_B_main_00012"},{"time":0.7,"name":null}]},"EF_fireearth1_2":{"attachment":[{"time":0.3666,"name":"EF/ef_fire_earth_B_main/ef_fire_earth_B_main_00002"},{"time":0.4,"name":"EF/ef_fire_earth_B_main/ef_fire_earth_B_main_00003"},{"time":0.4333,"name":"EF/ef_fire_earth_B_main/ef_fire_earth_B_main_00004"},{"time":0.4666,"name":"EF/ef_fire_earth_B_main/ef_fire_earth_B_main_00005"},{"time":0.5,"name":"EF/ef_fire_earth_B_main/ef_fire_earth_B_main_00006"},{"time":0.5333,"name":"EF/ef_fire_earth_B_main/ef_fire_earth_B_main_00007"},{"time":0.5666,"name":"EF/ef_fire_earth_B_main/ef_fire_earth_B_main_00008"},{"time":0.6,"name":"EF/ef_fire_earth_B_main/ef_fire_earth_B_main_00009"},{"time":0.6333,"name":"EF/ef_fire_earth_B_main/ef_fire_earth_B_main_00010"},{"time":0.6666,"name":"EF/ef_fire_earth_B_main/ef_fire_earth_B_main_00011"},{"time":0.7,"name":"EF/ef_fire_earth_B_main/ef_fire_earth_B_main_00012"},{"time":0.7333,"name":null}]},"EF_fireearth1_3":{"attachment":[{"time":0.4333,"name":"EF/ef_fire_earth_B_main/ef_fire_earth_B_main_00001"},{"time":0.4666,"name":"EF/ef_fire_earth_B_main/ef_fire_earth_B_main_00002"},{"time":0.5,"name":"EF/ef_fire_earth_B_main/ef_fire_earth_B_main_00003"},{"time":0.5333,"name":"EF/ef_fire_earth_B_main/ef_fire_earth_B_main_00004"},{"time":0.5666,"name":"EF/ef_fire_earth_B_main/ef_fire_earth_B_main_00005"},{"time":0.6,"name":"EF/ef_fire_earth_B_main/ef_fire_earth_B_main_00006"},{"time":0.6333,"name":"EF/ef_fire_earth_B_main/ef_fire_earth_B_main_00007"},{"time":0.6666,"name":"EF/ef_fire_earth_B_main/ef_fire_earth_B_main_00008"},{"time":0.7,"name":"EF/ef_fire_earth_B_main/ef_fire_earth_B_main_00009"},{"time":0.7333,"name":"EF/ef_fire_earth_B_main/ef_fire_earth_B_main_00010"},{"time":0.7666,"name":"EF/ef_fire_earth_B_main/ef_fire_earth_B_main_00011"},{"time":0.8,"name":"EF/ef_fire_earth_B_main/ef_fire_earth_B_main_00012"},{"time":0.8333,"name":null}]},"EF_fireearth1_4":{"attachment":[{"time":0.5,"name":"EF/ef_fire_earth_B_main/ef_fire_earth_B_main_00001"},{"time":0.5333,"name":"EF/ef_fire_earth_B_main/ef_fire_earth_B_main_00002"},{"time":0.5666,"name":"EF/ef_fire_earth_B_main/ef_fire_earth_B_main_00003"},{"time":0.6,"name":"EF/ef_fire_earth_B_main/ef_fire_earth_B_main_00004"},{"time":0.6333,"name":"EF/ef_fire_earth_B_main/ef_fire_earth_B_main_00005"},{"time":0.6666,"name":"EF/ef_fire_earth_B_main/ef_fire_earth_B_main_00006"},{"time":0.7,"name":"EF/ef_fire_earth_B_main/ef_fire_earth_B_main_00007"},{"time":0.7333,"name":"EF/ef_fire_earth_B_main/ef_fire_earth_B_main_00008"},{"time":0.7666,"name":"EF/ef_fire_earth_B_main/ef_fire_earth_B_main_00009"},{"time":0.8,"name":"EF/ef_fire_earth_B_main/ef_fire_earth_B_main_00010"},{"time":0.8333,"name":"EF/ef_fire_earth_B_main/ef_fire_earth_B_main_00011"},{"time":0.8666,"name":"EF/ef_fire_earth_B_main/ef_fire_earth_B_main_00012"},{"time":0.9,"name":null}]},"EF_fireearth1_5":{"attachment":[{"time":0.5666,"name":"EF/ef_fire_earth_B_main/ef_fire_earth_B_main_00001"},{"time":0.6,"name":"EF/ef_fire_earth_B_main/ef_fire_earth_B_main_00002"},{"time":0.6333,"name":"EF/ef_fire_earth_B_main/ef_fire_earth_B_main_00003"},{"time":0.6666,"name":"EF/ef_fire_earth_B_main/ef_fire_earth_B_main_00004"},{"time":0.7,"name":"EF/ef_fire_earth_B_main/ef_fire_earth_B_main_00005"},{"time":0.7333,"name":"EF/ef_fire_earth_B_main/ef_fire_earth_B_main_00006"},{"time":0.7666,"name":"EF/ef_fire_earth_B_main/ef_fire_earth_B_main_00007"},{"time":0.8,"name":"EF/ef_fire_earth_B_main/ef_fire_earth_B_main_00008"},{"time":0.8333,"name":"EF/ef_fire_earth_B_main/ef_fire_earth_B_main_00009"},{"time":0.8666,"name":"EF/ef_fire_earth_B_main/ef_fire_earth_B_main_00010"},{"time":0.9,"name":"EF/ef_fire_earth_B_main/ef_fire_earth_B_main_00011"},{"time":0.9333,"name":"EF/ef_fire_earth_B_main/ef_fire_earth_B_main_00012"}]}},"bones":{"DAMAGEAREA":{"translate":[{"time":0.3,"x":-5.55,"y":68.03,"curve":[0.17,0.11,0.589,0.58]},{"time":0.5,"x":-353.11,"y":68.03}],"scale":[{"time":0.3,"x":5.057,"y":3.401},{"time":0.5,"x":10.424,"y":3.401}]},"EF_fireearth1_1":{"translate":[{"time":0.3,"x":-281.28,"y":0}],"scale":[{"time":0.3,"x":4.5,"y":4.5}]},"EF_fireearth1_2":{"translate":[{"time":0.3666,"x":-443.84,"y":0}],"scale":[{"time":0.3666,"x":4.5,"y":4.5}]},"EF_fireearth1_3":{"translate":[{"time":0.4333,"x":-669.79,"y":0}],"scale":[{"time":0.4333,"x":4.5,"y":4.5}]},"EF_fireearth1_4":{"translate":[{"time":0.5,"x":-909.21,"y":0}],"scale":[{"time":0.5,"x":4.5,"y":4.5}]},"EF_fireearth1_5":{"translate":[{"time":0.5666,"x":-1107.8,"y":0}],"scale":[{"time":0.5666,"x":4.5,"y":4.5}]},"root":{"translate":[{"time":0,"x":-187.86,"y":-13.74}]}},"events":[{"time":0.2333,"name":"Sound2","string":"cri_se_battle_skill_swish"},{"time":0.2666,"name":"Event","string":"setHitBackEnemy(25,0)"},{"time":0.3,"name":"Event","float":0.2,"string":"kHitStopType_enemyonly"},{"time":0.3,"name":"Event2","float":0.7,"string":"shakeGround"},{"time":0.3666,"name":"Hit","string":"resetHitList"},{"time":0.4333,"name":"Event2","float":0.7,"string":"shakeGround"},{"time":0.4333,"name":"Hit","string":"resetHitList"},{"time":0.5,"name":"Hit","string":"resetHitList"},{"time":0.5666,"name":"Event2","float":0.7,"string":"shakeGround"},{"time":0.5666,"name":"Hit","string":"resetHitList"},{"time":0.6333,"name":"Hit","string":"resetHitList"},{"time":0.9,"name":"Sound2","string":"cri_se_battle_skill_swish"}]}}}