{"skeleton":{"hash":"Y3kpUZltBWOuc/lMKobHG6mNo78","spine":"3.0.12","width":0,"height":0,"images":"./images/"},"bones":[{"name":"root"},{"name":"MAIN","parent":"root","color":"ff0033ff"},{"name":"EF_splash1_20","parent":"MAIN","x":100,"y":150,"rotation":270,"color":"ff00bfff"},{"name":"EF_splash1_19","parent":"MAIN","x":100,"y":150,"rotation":270,"color":"ff00bfff"},{"name":"EF_splash1_18","parent":"MAIN","x":100,"y":150,"rotation":270,"color":"ff00bfff"},{"name":"EF_splash1_17","parent":"MAIN","x":100,"y":150,"rotation":270,"color":"ff00bfff"},{"name":"EF_splash1_16","parent":"MAIN","x":100,"y":150,"rotation":270,"color":"ff00bfff"},{"name":"EF_splash1_15","parent":"MAIN","x":100,"y":150,"rotation":270,"color":"ff00bfff"},{"name":"EF_splash1_14","parent":"MAIN","x":100,"y":150,"rotation":270,"color":"ff00bfff"},{"name":"EF_splash1_13","parent":"MAIN","x":100,"y":150,"rotation":270,"color":"ff00bfff"},{"name":"EF_splash1_12","parent":"MAIN","x":100,"y":150,"rotation":270,"color":"ff00bfff"},{"name":"EF_splash1_11","parent":"MAIN","x":100,"y":150,"rotation":270,"color":"ff00bfff"},{"name":"EF_splash1_10","parent":"MAIN","x":100,"y":150,"rotation":270,"color":"ff00bfff"},{"name":"EF_splash1_9","parent":"MAIN","x":100,"y":150,"rotation":270,"color":"ff00bfff"},{"name":"EF_splash1_8","parent":"MAIN","x":100,"y":150,"rotation":270,"color":"ff00bfff"},{"name":"EF_splash1_7","parent":"MAIN","x":100,"y":150,"rotation":270,"color":"ff00bfff"},{"name":"EF_splash1_6","parent":"MAIN","x":100,"y":150,"rotation":270,"color":"ff00bfff"},{"name":"EF_splash1_5","parent":"MAIN","x":100,"y":150,"rotation":270,"color":"ff00bfff"},{"name":"EF_splash1_4","parent":"MAIN","x":100,"y":150,"rotation":270,"color":"ff00bfff"},{"name":"EF_splash1_3","parent":"MAIN","x":100,"y":150,"rotation":270,"color":"ff00bfff"},{"name":"EF_splash1_2","parent":"MAIN","x":100,"y":150,"rotation":270,"color":"ff00bfff"},{"name":"EF_splash1_1","parent":"MAIN","x":100,"y":150,"rotation":270,"color":"ff00bfff"},{"name":"EF_smash2_3","parent":"MAIN","x":250,"y":100,"color":"ff0033ff"},{"name":"EF_slashwind1_4","parent":"MAIN","x":200,"y":50,"color":"ff0033ff"},{"name":"EF_slashwind1_3","parent":"MAIN","x":200,"y":50,"color":"ff0033ff"},{"name":"EF_slashwind1_2","parent":"MAIN","x":200,"y":50,"color":"ff0033ff"},{"name":"EF_slash2_1","parent":"MAIN","x":200,"y":100,"rotation":90,"color":"ff0033ff"},{"name":"EF_slash1_1","parent":"MAIN","x":150,"y":100,"color":"ff0033ff"},{"name":"EF_OF1_1","parent":"MAIN","x":100,"y":100,"color":"ff0033ff"},{"name":"DAMAGEAREA","parent":"root"}],"slots":[{"name":"EF_OF1_1","bone":"EF_OF1_1","blend":"additive"},{"name":"EF_splash1_1","bone":"EF_splash1_1"},{"name":"EF_splash1_2","bone":"EF_splash1_2"},{"name":"EF_splash1_3","bone":"EF_splash1_3"},{"name":"EF_splash1_4","bone":"EF_splash1_4"},{"name":"EF_splash1_5","bone":"EF_splash1_5"},{"name":"EF_splash1_6","bone":"EF_splash1_6"},{"name":"EF_splash1_7","bone":"EF_splash1_7"},{"name":"EF_splash1_8","bone":"EF_splash1_8"},{"name":"EF_splash1_9","bone":"EF_splash1_9"},{"name":"EF_splash1_10","bone":"EF_splash1_10"},{"name":"EF_splash1_11","bone":"EF_splash1_11"},{"name":"EF_splash1_12","bone":"EF_splash1_12"},{"name":"EF_splash1_13","bone":"EF_splash1_13"},{"name":"EF_splash1_14","bone":"EF_splash1_14"},{"name":"EF_splash1_15","bone":"EF_splash1_15"},{"name":"EF_splash1_16","bone":"EF_splash1_16"},{"name":"EF_splash1_17","bone":"EF_splash1_17"},{"name":"EF_splash1_18","bone":"EF_splash1_18"},{"name":"EF_splash1_19","bone":"EF_splash1_19"},{"name":"EF_splash1_20","bone":"EF_splash1_20"},{"name":"EF_slashwind1_2","bone":"EF_slashwind1_2","color":"000000ff"},{"name":"EF_slashwind1_3","bone":"EF_slashwind1_3","color":"000000ff"},{"name":"EF_slashwind1_4","bone":"EF_slashwind1_4","color":"000000ff"},{"name":"EF_smash2_3","bone":"EF_smash2_3","color":"000000ff"},{"name":"EF_slash1_1","bone":"EF_slash1_1","blend":"additive"},{"name":"EF_slash1_2","bone":"EF_slash1_1","color":"000000ff"},{"name":"EF_slash2_1","bone":"EF_slash2_1"},{"name":"DAMAGEAREA","bone":"DAMAGEAREA"}],"skins":{"default":{"DAMAGEAREA":{"DAMAGEAREA":{"type":"boundingbox","vertices":[-64.06196,-63.88797,63.8011,-63.88797,63.8011,63.13662,-63.64273,63.55584]}},"EF_OF1_1":{"EF/ef_OF_mian/ef_OF_mian_00001":{"width":200,"height":125}},"EF_slash1_1":{"EF/ef_slash_bolt_main/ef_line_arrow_main_00004":{"width":200,"height":500}},"EF_slash1_2":{"EF/ef_slash_bolt_main/ef_line_arrow_main_00004":{"width":200,"height":500}},"EF_slash2_1":{"EF/ef_big_slash_sumi/ef_big_slash_sumi_00008":{"width":300,"height":1000}},"EF_slashwind1_2":{"EF/ef_wind_slash_purple/ef_wind_slash_purple_00003":{"width":182,"height":161},"EF/ef_wind_slash_purple/ef_wind_slash_purple_00004":{"width":182,"height":161},"EF/ef_wind_slash_purple/ef_wind_slash_purple_00005":{"width":182,"height":161},"EF/ef_wind_slash_purple/ef_wind_slash_purple_00006":{"width":182,"height":161},"EF/ef_wind_slash_purple/ef_wind_slash_purple_00007":{"width":182,"height":161},"EF/ef_wind_slash_purple/ef_wind_slash_purple_00008":{"width":182,"height":161},"EF/ef_wind_slash_purple/ef_wind_slash_purple_00009":{"width":182,"height":161},"EF/ef_wind_slash_purple/ef_wind_slash_purple_00010":{"width":182,"height":161},"EF/ef_wind_slash_purple/ef_wind_slash_purple_00011":{"width":182,"height":161},"EF/ef_wind_slash_purple/ef_wind_slash_purple_00012":{"width":182,"height":161},"EF/ef_wind_slash_purple/ef_wind_slash_purple_00013":{"width":182,"height":161},"EF/ef_wind_slash_purple/ef_wind_slash_purple_00014":{"width":182,"height":161},"EF/ef_wind_slash_purple/ef_wind_slash_purple_00015":{"width":182,"height":161},"EF/ef_wind_slash_purple/ef_wind_slash_purple_00016":{"width":182,"height":161}},"EF_slashwind1_3":{"EF/ef_wind_slash_purple/ef_wind_slash_purple_00003":{"width":182,"height":161},"EF/ef_wind_slash_purple/ef_wind_slash_purple_00004":{"width":182,"height":161},"EF/ef_wind_slash_purple/ef_wind_slash_purple_00005":{"width":182,"height":161},"EF/ef_wind_slash_purple/ef_wind_slash_purple_00006":{"width":182,"height":161},"EF/ef_wind_slash_purple/ef_wind_slash_purple_00007":{"width":182,"height":161},"EF/ef_wind_slash_purple/ef_wind_slash_purple_00008":{"width":182,"height":161},"EF/ef_wind_slash_purple/ef_wind_slash_purple_00009":{"width":182,"height":161},"EF/ef_wind_slash_purple/ef_wind_slash_purple_00010":{"width":182,"height":161},"EF/ef_wind_slash_purple/ef_wind_slash_purple_00011":{"width":182,"height":161},"EF/ef_wind_slash_purple/ef_wind_slash_purple_00012":{"width":182,"height":161},"EF/ef_wind_slash_purple/ef_wind_slash_purple_00013":{"width":182,"height":161},"EF/ef_wind_slash_purple/ef_wind_slash_purple_00014":{"width":182,"height":161},"EF/ef_wind_slash_purple/ef_wind_slash_purple_00015":{"width":182,"height":161},"EF/ef_wind_slash_purple/ef_wind_slash_purple_00016":{"width":182,"height":161}},"EF_slashwind1_4":{"EF/ef_wind_slash_purple/ef_wind_slash_purple_00003":{"width":182,"height":161},"EF/ef_wind_slash_purple/ef_wind_slash_purple_00004":{"width":182,"height":161},"EF/ef_wind_slash_purple/ef_wind_slash_purple_00005":{"width":182,"height":161},"EF/ef_wind_slash_purple/ef_wind_slash_purple_00006":{"width":182,"height":161},"EF/ef_wind_slash_purple/ef_wind_slash_purple_00007":{"width":182,"height":161},"EF/ef_wind_slash_purple/ef_wind_slash_purple_00008":{"width":182,"height":161},"EF/ef_wind_slash_purple/ef_wind_slash_purple_00009":{"width":182,"height":161},"EF/ef_wind_slash_purple/ef_wind_slash_purple_00010":{"width":182,"height":161},"EF/ef_wind_slash_purple/ef_wind_slash_purple_00011":{"width":182,"height":161},"EF/ef_wind_slash_purple/ef_wind_slash_purple_00012":{"width":182,"height":161},"EF/ef_wind_slash_purple/ef_wind_slash_purple_00013":{"width":182,"height":161},"EF/ef_wind_slash_purple/ef_wind_slash_purple_00014":{"width":182,"height":161},"EF/ef_wind_slash_purple/ef_wind_slash_purple_00015":{"width":182,"height":161},"EF/ef_wind_slash_purple/ef_wind_slash_purple_00016":{"width":182,"height":161}},"EF_smash2_3":{"EF/smash_sprash_A_purple/ef_smash_sprash_A_purple_00001":{"x":27.12,"width":250,"height":250},"EF/smash_sprash_A_purple/ef_smash_sprash_A_purple_00002":{"x":27.12,"width":250,"height":250},"EF/smash_sprash_A_purple/ef_smash_sprash_A_purple_00003":{"x":27.12,"width":250,"height":250},"EF/smash_sprash_A_purple/ef_smash_sprash_A_purple_00004":{"x":27.12,"width":250,"height":250},"EF/smash_sprash_A_purple/ef_smash_sprash_A_purple_00005":{"x":27.12,"width":250,"height":250},"EF/smash_sprash_A_purple/ef_smash_sprash_A_purple_00006":{"x":27.12,"width":250,"height":250},"EF/smash_sprash_A_purple/ef_smash_sprash_A_purple_00007":{"x":27.12,"width":250,"height":250},"EF/smash_sprash_A_purple/ef_smash_sprash_A_purple_00008":{"x":27.12,"width":250,"height":250}},"EF_splash1_1":{"EF/ef_sprash_sumi/ef_sprash_sumi_00012":{"y":70.3,"width":200,"height":200},"EF/ef_sprash_sumi/ef_sprash_sumi_00013":{"y":70.3,"width":200,"height":200},"EF/ef_sprash_sumi/ef_sprash_sumi_00014":{"y":70.3,"width":200,"height":200},"EF/ef_sprash_sumi/ef_sprash_sumi_00015":{"y":70.3,"width":200,"height":200},"EF/ef_sprash_sumi/ef_sprash_sumi_00016":{"y":70.3,"width":200,"height":200}},"EF_splash1_10":{"EF/ef_sprash_sumi/ef_sprash_sumi_00012":{"y":70.3,"width":200,"height":200},"EF/ef_sprash_sumi/ef_sprash_sumi_00013":{"y":70.3,"width":200,"height":200},"EF/ef_sprash_sumi/ef_sprash_sumi_00014":{"y":70.3,"width":200,"height":200},"EF/ef_sprash_sumi/ef_sprash_sumi_00015":{"y":70.3,"width":200,"height":200},"EF/ef_sprash_sumi/ef_sprash_sumi_00016":{"y":70.3,"width":200,"height":200}},"EF_splash1_11":{"EF/ef_sprash_sumi/ef_sprash_sumi_00012":{"y":70.3,"width":200,"height":200},"EF/ef_sprash_sumi/ef_sprash_sumi_00013":{"y":70.3,"width":200,"height":200},"EF/ef_sprash_sumi/ef_sprash_sumi_00014":{"y":70.3,"width":200,"height":200},"EF/ef_sprash_sumi/ef_sprash_sumi_00015":{"y":70.3,"width":200,"height":200},"EF/ef_sprash_sumi/ef_sprash_sumi_00016":{"y":70.3,"width":200,"height":200}},"EF_splash1_12":{"EF/ef_sprash_sumi/ef_sprash_sumi_00012":{"y":70.3,"width":200,"height":200},"EF/ef_sprash_sumi/ef_sprash_sumi_00013":{"y":70.3,"width":200,"height":200},"EF/ef_sprash_sumi/ef_sprash_sumi_00014":{"y":70.3,"width":200,"height":200},"EF/ef_sprash_sumi/ef_sprash_sumi_00015":{"y":70.3,"width":200,"height":200},"EF/ef_sprash_sumi/ef_sprash_sumi_00016":{"y":70.3,"width":200,"height":200}},"EF_splash1_13":{"EF/ef_sprash_sumi/ef_sprash_sumi_00012":{"y":70.3,"width":200,"height":200},"EF/ef_sprash_sumi/ef_sprash_sumi_00013":{"y":70.3,"width":200,"height":200},"EF/ef_sprash_sumi/ef_sprash_sumi_00014":{"y":70.3,"width":200,"height":200},"EF/ef_sprash_sumi/ef_sprash_sumi_00015":{"y":70.3,"width":200,"height":200},"EF/ef_sprash_sumi/ef_sprash_sumi_00016":{"y":70.3,"width":200,"height":200}},"EF_splash1_14":{"EF/ef_sprash_sumi/ef_sprash_sumi_00012":{"y":70.3,"width":200,"height":200},"EF/ef_sprash_sumi/ef_sprash_sumi_00013":{"y":70.3,"width":200,"height":200},"EF/ef_sprash_sumi/ef_sprash_sumi_00014":{"y":70.3,"width":200,"height":200},"EF/ef_sprash_sumi/ef_sprash_sumi_00015":{"y":70.3,"width":200,"height":200},"EF/ef_sprash_sumi/ef_sprash_sumi_00016":{"y":70.3,"width":200,"height":200}},"EF_splash1_15":{"EF/ef_sprash_sumi/ef_sprash_sumi_00012":{"y":70.3,"width":200,"height":200},"EF/ef_sprash_sumi/ef_sprash_sumi_00013":{"y":70.3,"width":200,"height":200},"EF/ef_sprash_sumi/ef_sprash_sumi_00014":{"y":70.3,"width":200,"height":200},"EF/ef_sprash_sumi/ef_sprash_sumi_00015":{"y":70.3,"width":200,"height":200},"EF/ef_sprash_sumi/ef_sprash_sumi_00016":{"y":70.3,"width":200,"height":200}},"EF_splash1_16":{"EF/ef_sprash_sumi/ef_sprash_sumi_00012":{"y":70.3,"width":200,"height":200},"EF/ef_sprash_sumi/ef_sprash_sumi_00013":{"y":70.3,"width":200,"height":200},"EF/ef_sprash_sumi/ef_sprash_sumi_00014":{"y":70.3,"width":200,"height":200},"EF/ef_sprash_sumi/ef_sprash_sumi_00015":{"y":70.3,"width":200,"height":200},"EF/ef_sprash_sumi/ef_sprash_sumi_00016":{"y":70.3,"width":200,"height":200}},"EF_splash1_17":{"EF/ef_sprash_sumi/ef_sprash_sumi_00012":{"y":70.3,"width":200,"height":200},"EF/ef_sprash_sumi/ef_sprash_sumi_00013":{"y":70.3,"width":200,"height":200},"EF/ef_sprash_sumi/ef_sprash_sumi_00014":{"y":70.3,"width":200,"height":200},"EF/ef_sprash_sumi/ef_sprash_sumi_00015":{"y":70.3,"width":200,"height":200},"EF/ef_sprash_sumi/ef_sprash_sumi_00016":{"y":70.3,"width":200,"height":200}},"EF_splash1_18":{"EF/ef_sprash_sumi/ef_sprash_sumi_00012":{"y":70.3,"width":200,"height":200},"EF/ef_sprash_sumi/ef_sprash_sumi_00013":{"y":70.3,"width":200,"height":200},"EF/ef_sprash_sumi/ef_sprash_sumi_00014":{"y":70.3,"width":200,"height":200},"EF/ef_sprash_sumi/ef_sprash_sumi_00015":{"y":70.3,"width":200,"height":200},"EF/ef_sprash_sumi/ef_sprash_sumi_00016":{"y":70.3,"width":200,"height":200}},"EF_splash1_19":{"EF/ef_sprash_sumi/ef_sprash_sumi_00012":{"y":70.3,"width":200,"height":200},"EF/ef_sprash_sumi/ef_sprash_sumi_00013":{"y":70.3,"width":200,"height":200},"EF/ef_sprash_sumi/ef_sprash_sumi_00014":{"y":70.3,"width":200,"height":200},"EF/ef_sprash_sumi/ef_sprash_sumi_00015":{"y":70.3,"width":200,"height":200},"EF/ef_sprash_sumi/ef_sprash_sumi_00016":{"y":70.3,"width":200,"height":200}},"EF_splash1_2":{"EF/ef_sprash_sumi/ef_sprash_sumi_00012":{"y":70.3,"width":200,"height":200},"EF/ef_sprash_sumi/ef_sprash_sumi_00013":{"y":70.3,"width":200,"height":200},"EF/ef_sprash_sumi/ef_sprash_sumi_00014":{"y":70.3,"width":200,"height":200},"EF/ef_sprash_sumi/ef_sprash_sumi_00015":{"y":70.3,"width":200,"height":200},"EF/ef_sprash_sumi/ef_sprash_sumi_00016":{"y":70.3,"width":200,"height":200}},"EF_splash1_20":{"EF/ef_sprash_sumi/ef_sprash_sumi_00012":{"y":70.3,"width":200,"height":200},"EF/ef_sprash_sumi/ef_sprash_sumi_00013":{"y":70.3,"width":200,"height":200},"EF/ef_sprash_sumi/ef_sprash_sumi_00014":{"y":70.3,"width":200,"height":200},"EF/ef_sprash_sumi/ef_sprash_sumi_00015":{"y":70.3,"width":200,"height":200},"EF/ef_sprash_sumi/ef_sprash_sumi_00016":{"y":70.3,"width":200,"height":200}},"EF_splash1_3":{"EF/ef_sprash_sumi/ef_sprash_sumi_00012":{"y":70.3,"width":200,"height":200},"EF/ef_sprash_sumi/ef_sprash_sumi_00013":{"y":70.3,"width":200,"height":200},"EF/ef_sprash_sumi/ef_sprash_sumi_00014":{"y":70.3,"width":200,"height":200},"EF/ef_sprash_sumi/ef_sprash_sumi_00015":{"y":70.3,"width":200,"height":200},"EF/ef_sprash_sumi/ef_sprash_sumi_00016":{"y":70.3,"width":200,"height":200}},"EF_splash1_4":{"EF/ef_sprash_sumi/ef_sprash_sumi_00012":{"y":70.3,"width":200,"height":200},"EF/ef_sprash_sumi/ef_sprash_sumi_00013":{"y":70.3,"width":200,"height":200},"EF/ef_sprash_sumi/ef_sprash_sumi_00014":{"y":70.3,"width":200,"height":200},"EF/ef_sprash_sumi/ef_sprash_sumi_00015":{"y":70.3,"width":200,"height":200},"EF/ef_sprash_sumi/ef_sprash_sumi_00016":{"y":70.3,"width":200,"height":200}},"EF_splash1_5":{"EF/ef_sprash_sumi/ef_sprash_sumi_00012":{"y":70.3,"width":200,"height":200},"EF/ef_sprash_sumi/ef_sprash_sumi_00013":{"y":70.3,"width":200,"height":200},"EF/ef_sprash_sumi/ef_sprash_sumi_00014":{"y":70.3,"width":200,"height":200},"EF/ef_sprash_sumi/ef_sprash_sumi_00015":{"y":70.3,"width":200,"height":200},"EF/ef_sprash_sumi/ef_sprash_sumi_00016":{"y":70.3,"width":200,"height":200}},"EF_splash1_6":{"EF/ef_sprash_sumi/ef_sprash_sumi_00012":{"y":70.3,"width":200,"height":200},"EF/ef_sprash_sumi/ef_sprash_sumi_00013":{"y":70.3,"width":200,"height":200},"EF/ef_sprash_sumi/ef_sprash_sumi_00014":{"y":70.3,"width":200,"height":200},"EF/ef_sprash_sumi/ef_sprash_sumi_00015":{"y":70.3,"width":200,"height":200},"EF/ef_sprash_sumi/ef_sprash_sumi_00016":{"y":70.3,"width":200,"height":200}},"EF_splash1_7":{"EF/ef_sprash_sumi/ef_sprash_sumi_00012":{"y":70.3,"width":200,"height":200},"EF/ef_sprash_sumi/ef_sprash_sumi_00013":{"y":70.3,"width":200,"height":200},"EF/ef_sprash_sumi/ef_sprash_sumi_00014":{"y":70.3,"width":200,"height":200},"EF/ef_sprash_sumi/ef_sprash_sumi_00015":{"y":70.3,"width":200,"height":200},"EF/ef_sprash_sumi/ef_sprash_sumi_00016":{"y":70.3,"width":200,"height":200}},"EF_splash1_8":{"EF/ef_sprash_sumi/ef_sprash_sumi_00012":{"y":70.3,"width":200,"height":200},"EF/ef_sprash_sumi/ef_sprash_sumi_00013":{"y":70.3,"width":200,"height":200},"EF/ef_sprash_sumi/ef_sprash_sumi_00014":{"y":70.3,"width":200,"height":200},"EF/ef_sprash_sumi/ef_sprash_sumi_00015":{"y":70.3,"width":200,"height":200},"EF/ef_sprash_sumi/ef_sprash_sumi_00016":{"y":70.3,"width":200,"height":200}},"EF_splash1_9":{"EF/ef_sprash_sumi/ef_sprash_sumi_00012":{"y":70.3,"width":200,"height":200},"EF/ef_sprash_sumi/ef_sprash_sumi_00013":{"y":70.3,"width":200,"height":200},"EF/ef_sprash_sumi/ef_sprash_sumi_00014":{"y":70.3,"width":200,"height":200},"EF/ef_sprash_sumi/ef_sprash_sumi_00015":{"y":70.3,"width":200,"height":200},"EF/ef_sprash_sumi/ef_sprash_sumi_00016":{"y":70.3,"width":200,"height":200}}}},"events":{"Event":{},"Hit":{},"Sound1":{},"Sound2":{},"Sound3":{}},"animations":{"attack1":{"slots":{"DAMAGEAREA":{"attachment":[{"time":0.1333,"name":"DAMAGEAREA"},{"time":0.2,"name":null}]},"EF_OF1_1":{"attachment":[{"time":1,"name":"EF/ef_OF_mian/ef_OF_mian_00001"},{"time":1.3,"name":null}],"color":[{"time":1,"color":"ffffffff","curve":[0.25,0,0.804,0.33]},{"time":1.3,"color":"ffffff00"}]},"EF_slash1_1":{"attachment":[{"time":0.0333,"name":"EF/ef_slash_bolt_main/ef_line_arrow_main_00004"},{"time":0.0666,"name":null}]},"EF_slash1_2":{"attachment":[{"time":0.0666,"name":"EF/ef_slash_bolt_main/ef_line_arrow_main_00004"},{"time":0.5333,"name":null}]},"EF_slash2_1":{"attachment":[{"time":0.1333,"name":"EF/ef_big_slash_sumi/ef_big_slash_sumi_00008"},{"time":0.2,"name":null}]},"EF_slashwind1_2":{"attachment":[{"time":0.0666,"name":"EF/ef_wind_slash_purple/ef_wind_slash_purple_00003"},{"time":0.1,"name":"EF/ef_wind_slash_purple/ef_wind_slash_purple_00004"},{"time":0.1333,"name":"EF/ef_wind_slash_purple/ef_wind_slash_purple_00005"},{"time":0.1666,"name":"EF/ef_wind_slash_purple/ef_wind_slash_purple_00006"},{"time":0.2,"name":"EF/ef_wind_slash_purple/ef_wind_slash_purple_00007"},{"time":0.2333,"name":"EF/ef_wind_slash_purple/ef_wind_slash_purple_00008"},{"time":0.2666,"name":"EF/ef_wind_slash_purple/ef_wind_slash_purple_00009"},{"time":0.3,"name":"EF/ef_wind_slash_purple/ef_wind_slash_purple_00010"},{"time":0.3333,"name":"EF/ef_wind_slash_purple/ef_wind_slash_purple_00011"},{"time":0.3666,"name":"EF/ef_wind_slash_purple/ef_wind_slash_purple_00012"},{"time":0.4,"name":"EF/ef_wind_slash_purple/ef_wind_slash_purple_00013"},{"time":0.4333,"name":"EF/ef_wind_slash_purple/ef_wind_slash_purple_00014"},{"time":0.4666,"name":"EF/ef_wind_slash_purple/ef_wind_slash_purple_00015"},{"time":0.5,"name":"EF/ef_wind_slash_purple/ef_wind_slash_purple_00016"},{"time":0.5333,"name":null}]},"EF_slashwind1_3":{"attachment":[{"time":0.1333,"name":"EF/ef_wind_slash_purple/ef_wind_slash_purple_00003"},{"time":0.1666,"name":"EF/ef_wind_slash_purple/ef_wind_slash_purple_00004"},{"time":0.2,"name":"EF/ef_wind_slash_purple/ef_wind_slash_purple_00005"},{"time":0.2333,"name":"EF/ef_wind_slash_purple/ef_wind_slash_purple_00006"},{"time":0.2666,"name":"EF/ef_wind_slash_purple/ef_wind_slash_purple_00007"},{"time":0.3,"name":"EF/ef_wind_slash_purple/ef_wind_slash_purple_00008"},{"time":0.3333,"name":"EF/ef_wind_slash_purple/ef_wind_slash_purple_00009"},{"time":0.3666,"name":"EF/ef_wind_slash_purple/ef_wind_slash_purple_00010"},{"time":0.4,"name":"EF/ef_wind_slash_purple/ef_wind_slash_purple_00011"},{"time":0.4333,"name":"EF/ef_wind_slash_purple/ef_wind_slash_purple_00012"},{"time":0.4666,"name":"EF/ef_wind_slash_purple/ef_wind_slash_purple_00013"},{"time":0.5,"name":"EF/ef_wind_slash_purple/ef_wind_slash_purple_00014"},{"time":0.5333,"name":"EF/ef_wind_slash_purple/ef_wind_slash_purple_00015"},{"time":0.5666,"name":"EF/ef_wind_slash_purple/ef_wind_slash_purple_00016"},{"time":0.6,"name":null}]},"EF_slashwind1_4":{"attachment":[{"time":0.1666,"name":"EF/ef_wind_slash_purple/ef_wind_slash_purple_00003"},{"time":0.2,"name":"EF/ef_wind_slash_purple/ef_wind_slash_purple_00004"},{"time":0.2333,"name":"EF/ef_wind_slash_purple/ef_wind_slash_purple_00005"},{"time":0.2666,"name":"EF/ef_wind_slash_purple/ef_wind_slash_purple_00006"},{"time":0.3,"name":"EF/ef_wind_slash_purple/ef_wind_slash_purple_00007"},{"time":0.3333,"name":"EF/ef_wind_slash_purple/ef_wind_slash_purple_00008"},{"time":0.3666,"name":"EF/ef_wind_slash_purple/ef_wind_slash_purple_00009"},{"time":0.4,"name":"EF/ef_wind_slash_purple/ef_wind_slash_purple_00010"},{"time":0.4333,"name":"EF/ef_wind_slash_purple/ef_wind_slash_purple_00011"},{"time":0.4666,"name":"EF/ef_wind_slash_purple/ef_wind_slash_purple_00012"},{"time":0.5,"name":"EF/ef_wind_slash_purple/ef_wind_slash_purple_00013"},{"time":0.5333,"name":"EF/ef_wind_slash_purple/ef_wind_slash_purple_00014"},{"time":0.5666,"name":"EF/ef_wind_slash_purple/ef_wind_slash_purple_00015"},{"time":0.6,"name":"EF/ef_wind_slash_purple/ef_wind_slash_purple_00016"},{"time":0.6333,"name":null}]},"EF_smash2_3":{"attachment":[{"time":0.2666,"name":"EF/smash_sprash_A_purple/ef_smash_sprash_A_purple_00001"},{"time":0.3,"name":"EF/smash_sprash_A_purple/ef_smash_sprash_A_purple_00002"},{"time":0.3333,"name":"EF/smash_sprash_A_purple/ef_smash_sprash_A_purple_00003"},{"time":0.3666,"name":"EF/smash_sprash_A_purple/ef_smash_sprash_A_purple_00004"},{"time":0.4,"name":"EF/smash_sprash_A_purple/ef_smash_sprash_A_purple_00005"},{"time":0.4333,"name":"EF/smash_sprash_A_purple/ef_smash_sprash_A_purple_00006"},{"time":0.4666,"name":"EF/smash_sprash_A_purple/ef_smash_sprash_A_purple_00007"},{"time":0.5,"name":"EF/smash_sprash_A_purple/ef_smash_sprash_A_purple_00008"},{"time":0.5333,"name":null}]},"EF_splash1_1":{"attachment":[{"time":0.1333,"name":"EF/ef_sprash_sumi/ef_sprash_sumi_00012"},{"time":0.2,"name":"EF/ef_sprash_sumi/ef_sprash_sumi_00013"},{"time":0.2666,"name":"EF/ef_sprash_sumi/ef_sprash_sumi_00014"},{"time":0.3333,"name":"EF/ef_sprash_sumi/ef_sprash_sumi_00015"},{"time":0.4,"name":"EF/ef_sprash_sumi/ef_sprash_sumi_00016"},{"time":0.4666,"name":null}]},"EF_splash1_2":{"attachment":[{"time":0.1333,"name":"EF/ef_sprash_sumi/ef_sprash_sumi_00012"},{"time":0.2,"name":"EF/ef_sprash_sumi/ef_sprash_sumi_00013"},{"time":0.2666,"name":"EF/ef_sprash_sumi/ef_sprash_sumi_00014"},{"time":0.3333,"name":"EF/ef_sprash_sumi/ef_sprash_sumi_00015"},{"time":0.4,"name":"EF/ef_sprash_sumi/ef_sprash_sumi_00016"},{"time":0.4666,"name":null}]},"EF_splash1_3":{"attachment":[{"time":0.1333,"name":"EF/ef_sprash_sumi/ef_sprash_sumi_00012"},{"time":0.2,"name":"EF/ef_sprash_sumi/ef_sprash_sumi_00013"},{"time":0.2666,"name":"EF/ef_sprash_sumi/ef_sprash_sumi_00014"},{"time":0.3333,"name":"EF/ef_sprash_sumi/ef_sprash_sumi_00015"},{"time":0.4,"name":"EF/ef_sprash_sumi/ef_sprash_sumi_00016"},{"time":0.4666,"name":null}]},"EF_splash1_4":{"attachment":[{"time":0.1333,"name":"EF/ef_sprash_sumi/ef_sprash_sumi_00012"},{"time":0.2,"name":"EF/ef_sprash_sumi/ef_sprash_sumi_00013"},{"time":0.2666,"name":"EF/ef_sprash_sumi/ef_sprash_sumi_00014"},{"time":0.3333,"name":"EF/ef_sprash_sumi/ef_sprash_sumi_00015"},{"time":0.4,"name":"EF/ef_sprash_sumi/ef_sprash_sumi_00016"},{"time":0.4666,"name":null}]},"EF_splash1_5":{"attachment":[{"time":0.1333,"name":"EF/ef_sprash_sumi/ef_sprash_sumi_00012"},{"time":0.2,"name":"EF/ef_sprash_sumi/ef_sprash_sumi_00013"},{"time":0.2666,"name":"EF/ef_sprash_sumi/ef_sprash_sumi_00014"},{"time":0.3333,"name":"EF/ef_sprash_sumi/ef_sprash_sumi_00015"},{"time":0.4,"name":"EF/ef_sprash_sumi/ef_sprash_sumi_00016"},{"time":0.4666,"name":null}]},"EF_splash1_6":{"attachment":[{"time":0.1333,"name":"EF/ef_sprash_sumi/ef_sprash_sumi_00012"},{"time":0.2,"name":"EF/ef_sprash_sumi/ef_sprash_sumi_00013"},{"time":0.2666,"name":"EF/ef_sprash_sumi/ef_sprash_sumi_00014"},{"time":0.3333,"name":"EF/ef_sprash_sumi/ef_sprash_sumi_00015"},{"time":0.4,"name":"EF/ef_sprash_sumi/ef_sprash_sumi_00016"},{"time":0.4666,"name":null}]},"EF_splash1_7":{"attachment":[{"time":0.1333,"name":"EF/ef_sprash_sumi/ef_sprash_sumi_00012"},{"time":0.2,"name":"EF/ef_sprash_sumi/ef_sprash_sumi_00013"},{"time":0.2666,"name":"EF/ef_sprash_sumi/ef_sprash_sumi_00014"},{"time":0.3333,"name":"EF/ef_sprash_sumi/ef_sprash_sumi_00015"},{"time":0.4,"name":"EF/ef_sprash_sumi/ef_sprash_sumi_00016"},{"time":0.4666,"name":null}]},"EF_splash1_8":{"attachment":[{"time":0.1333,"name":"EF/ef_sprash_sumi/ef_sprash_sumi_00012"},{"time":0.2,"name":"EF/ef_sprash_sumi/ef_sprash_sumi_00013"},{"time":0.2666,"name":"EF/ef_sprash_sumi/ef_sprash_sumi_00014"},{"time":0.3333,"name":"EF/ef_sprash_sumi/ef_sprash_sumi_00015"},{"time":0.4,"name":"EF/ef_sprash_sumi/ef_sprash_sumi_00016"},{"time":0.4666,"name":null}]},"EF_splash1_9":{"attachment":[{"time":0.1333,"name":"EF/ef_sprash_sumi/ef_sprash_sumi_00012"},{"time":0.2,"name":"EF/ef_sprash_sumi/ef_sprash_sumi_00013"},{"time":0.2666,"name":"EF/ef_sprash_sumi/ef_sprash_sumi_00014"},{"time":0.3333,"name":"EF/ef_sprash_sumi/ef_sprash_sumi_00015"},{"time":0.4,"name":"EF/ef_sprash_sumi/ef_sprash_sumi_00016"},{"time":0.4666,"name":null}]},"EF_splash1_10":{"attachment":[{"time":0.1333,"name":"EF/ef_sprash_sumi/ef_sprash_sumi_00012"},{"time":0.2,"name":"EF/ef_sprash_sumi/ef_sprash_sumi_00013"},{"time":0.2666,"name":"EF/ef_sprash_sumi/ef_sprash_sumi_00014"},{"time":0.3333,"name":"EF/ef_sprash_sumi/ef_sprash_sumi_00015"},{"time":0.4,"name":"EF/ef_sprash_sumi/ef_sprash_sumi_00016"},{"time":0.4666,"name":null}]},"EF_splash1_11":{"attachment":[{"time":0.1333,"name":"EF/ef_sprash_sumi/ef_sprash_sumi_00012"},{"time":0.2,"name":"EF/ef_sprash_sumi/ef_sprash_sumi_00013"},{"time":0.2666,"name":"EF/ef_sprash_sumi/ef_sprash_sumi_00014"},{"time":0.3333,"name":"EF/ef_sprash_sumi/ef_sprash_sumi_00015"},{"time":0.4,"name":"EF/ef_sprash_sumi/ef_sprash_sumi_00016"},{"time":0.4666,"name":null}]},"EF_splash1_12":{"attachment":[{"time":0.2,"name":"EF/ef_sprash_sumi/ef_sprash_sumi_00012"},{"time":0.2666,"name":"EF/ef_sprash_sumi/ef_sprash_sumi_00013"},{"time":0.3333,"name":"EF/ef_sprash_sumi/ef_sprash_sumi_00014"},{"time":0.4,"name":"EF/ef_sprash_sumi/ef_sprash_sumi_00015"},{"time":0.4666,"name":"EF/ef_sprash_sumi/ef_sprash_sumi_00016"},{"time":0.5333,"name":null}]},"EF_splash1_13":{"attachment":[{"time":0.2,"name":"EF/ef_sprash_sumi/ef_sprash_sumi_00012"},{"time":0.2666,"name":"EF/ef_sprash_sumi/ef_sprash_sumi_00013"},{"time":0.3333,"name":"EF/ef_sprash_sumi/ef_sprash_sumi_00014"},{"time":0.4,"name":"EF/ef_sprash_sumi/ef_sprash_sumi_00015"},{"time":0.4666,"name":"EF/ef_sprash_sumi/ef_sprash_sumi_00016"},{"time":0.5333,"name":null}]},"EF_splash1_14":{"attachment":[{"time":0.2,"name":"EF/ef_sprash_sumi/ef_sprash_sumi_00012"},{"time":0.2666,"name":"EF/ef_sprash_sumi/ef_sprash_sumi_00013"},{"time":0.3333,"name":"EF/ef_sprash_sumi/ef_sprash_sumi_00014"},{"time":0.4,"name":"EF/ef_sprash_sumi/ef_sprash_sumi_00015"},{"time":0.4666,"name":"EF/ef_sprash_sumi/ef_sprash_sumi_00016"},{"time":0.5333,"name":null}]},"EF_splash1_15":{"attachment":[{"time":0.2,"name":"EF/ef_sprash_sumi/ef_sprash_sumi_00012"},{"time":0.2666,"name":"EF/ef_sprash_sumi/ef_sprash_sumi_00013"},{"time":0.3333,"name":"EF/ef_sprash_sumi/ef_sprash_sumi_00014"},{"time":0.4,"name":"EF/ef_sprash_sumi/ef_sprash_sumi_00015"},{"time":0.4666,"name":"EF/ef_sprash_sumi/ef_sprash_sumi_00016"},{"time":0.5333,"name":null}]},"EF_splash1_16":{"attachment":[{"time":0.2,"name":"EF/ef_sprash_sumi/ef_sprash_sumi_00012"},{"time":0.2666,"name":"EF/ef_sprash_sumi/ef_sprash_sumi_00013"},{"time":0.3333,"name":"EF/ef_sprash_sumi/ef_sprash_sumi_00014"},{"time":0.4,"name":"EF/ef_sprash_sumi/ef_sprash_sumi_00015"},{"time":0.4666,"name":"EF/ef_sprash_sumi/ef_sprash_sumi_00016"},{"time":0.5333,"name":null}]},"EF_splash1_17":{"attachment":[{"time":0.2,"name":"EF/ef_sprash_sumi/ef_sprash_sumi_00012"},{"time":0.2666,"name":"EF/ef_sprash_sumi/ef_sprash_sumi_00013"},{"time":0.3333,"name":"EF/ef_sprash_sumi/ef_sprash_sumi_00014"},{"time":0.4,"name":"EF/ef_sprash_sumi/ef_sprash_sumi_00015"},{"time":0.4666,"name":"EF/ef_sprash_sumi/ef_sprash_sumi_00016"},{"time":0.5333,"name":null}]},"EF_splash1_18":{"attachment":[{"time":0.2,"name":"EF/ef_sprash_sumi/ef_sprash_sumi_00012"},{"time":0.2666,"name":"EF/ef_sprash_sumi/ef_sprash_sumi_00013"},{"time":0.3333,"name":"EF/ef_sprash_sumi/ef_sprash_sumi_00014"},{"time":0.4,"name":"EF/ef_sprash_sumi/ef_sprash_sumi_00015"},{"time":0.4666,"name":"EF/ef_sprash_sumi/ef_sprash_sumi_00016"},{"time":0.5333,"name":null}]},"EF_splash1_19":{"attachment":[{"time":0.2,"name":"EF/ef_sprash_sumi/ef_sprash_sumi_00012"},{"time":0.2666,"name":"EF/ef_sprash_sumi/ef_sprash_sumi_00013"},{"time":0.3333,"name":"EF/ef_sprash_sumi/ef_sprash_sumi_00014"},{"time":0.4,"name":"EF/ef_sprash_sumi/ef_sprash_sumi_00015"},{"time":0.4666,"name":"EF/ef_sprash_sumi/ef_sprash_sumi_00016"},{"time":0.5333,"name":null}]},"EF_splash1_20":{"attachment":[{"time":0.2,"name":"EF/ef_sprash_sumi/ef_sprash_sumi_00012"},{"time":0.2666,"name":"EF/ef_sprash_sumi/ef_sprash_sumi_00013"},{"time":0.3333,"name":"EF/ef_sprash_sumi/ef_sprash_sumi_00014"},{"time":0.4,"name":"EF/ef_sprash_sumi/ef_sprash_sumi_00015"},{"time":0.4666,"name":"EF/ef_sprash_sumi/ef_sprash_sumi_00016"},{"time":0.5333,"name":null}]}},"bones":{"DAMAGEAREA":{"translate":[{"time":0.1333,"x":0,"y":45.16}],"scale":[{"time":0.1333,"x":35.069,"y":2.769}]},"EF_OF1_1":{"translate":[{"time":1,"x":-161.23,"y":-52.59}],"scale":[{"time":1,"x":1,"y":1},{"time":1.3,"x":0.604,"y":0.604}]},"EF_slash1_1":{"rotate":[{"time":0.0333,"angle":86.57}],"translate":[{"time":0.0333,"x":-172.12,"y":-64.78}],"scale":[{"time":0.0333,"x":1.462,"y":37.786,"curve":"stepped"},{"time":0.0666,"x":1.462,"y":37.786},{"time":0.1333,"x":7.315,"y":37.786},{"time":0.2,"x":0.881,"y":37.786,"curve":[0.28,0.57,0.75,1]},{"time":0.2666,"x":0.105,"y":25.017},{"time":0.5,"x":0.016,"y":25.017}]},"EF_slash2_1":{"rotate":[{"time":0.1333,"angle":-183.66}],"translate":[{"time":0.1333,"x":-306.73,"y":-69.24,"curve":"stepped"},{"time":0.2,"x":-770.12,"y":-39.61}],"scale":[{"time":0.1333,"x":3,"y":8}]},"EF_slashwind1_2":{"rotate":[{"time":0.0666,"angle":-105.99}],"translate":[{"time":0.0666,"x":-579.4,"y":13.34}],"scale":[{"time":0.0666,"x":7,"y":7}]},"EF_slashwind1_3":{"rotate":[{"time":0.1333,"angle":0}],"translate":[{"time":0.1333,"x":-385,"y":17.15}],"scale":[{"time":0.1333,"x":-7,"y":7}]},"EF_slashwind1_4":{"rotate":[{"time":0.1666,"angle":-100.07}],"translate":[{"time":0.1666,"x":88.17,"y":69.75}],"scale":[{"time":0.1666,"x":-7,"y":7}]},"EF_smash2_3":{"rotate":[{"time":0.2666,"angle":-1.47}],"translate":[{"time":0.2666,"x":-634.01,"y":-15.93}],"scale":[{"time":0.2666,"x":3.431,"y":3.431}]},"EF_splash1_1":{"translate":[{"time":0.1333,"x":-1024.13,"y":-65.31}]},"EF_splash1_2":{"translate":[{"time":0.1333,"x":-908.12,"y":-68.36}],"scale":[{"time":0.1333,"x":-1,"y":1}]},"EF_splash1_3":{"translate":[{"time":0.1333,"x":-785.57,"y":-73.51}]},"EF_splash1_4":{"translate":[{"time":0.1333,"x":-642.39,"y":-82.55}]},"EF_splash1_5":{"translate":[{"time":0.1333,"x":-541.77,"y":-92.87}],"scale":[{"time":0.1333,"x":-1,"y":1}]},"EF_splash1_6":{"translate":[{"time":0.1333,"x":-403.75,"y":-98.03}]},"EF_splash1_7":{"translate":[{"time":0.1333,"x":-250.24,"y":-104.48}]},"EF_splash1_8":{"translate":[{"time":0.1333,"x":-127.7,"y":-113.51}],"scale":[{"time":0.1333,"x":-1,"y":1}]},"EF_splash1_9":{"translate":[{"time":0.1333,"x":-7.94,"y":-121.25}]},"EF_splash1_10":{"translate":[{"time":0.1333,"x":122.17,"y":-128.77}],"scale":[{"time":0.1333,"x":-1,"y":1}]},"EF_splash1_11":{"translate":[{"time":0.1333,"x":242.69,"y":-133.73}]},"EF_splash1_12":{"translate":[{"time":0.2,"x":-984.01,"y":-65.6}],"scale":[{"time":0.2,"x":1.5,"y":1.5}]},"EF_splash1_13":{"translate":[{"time":0.2,"x":-759.27,"y":-81.14}],"scale":[{"time":0.2,"x":-1.5,"y":1.5}]},"EF_splash1_14":{"translate":[{"time":0.2,"x":-612.92,"y":-88.38}],"scale":[{"time":0.2,"x":1.5,"y":1.5}]},"EF_splash1_15":{"translate":[{"time":0.2,"x":-511.49,"y":-86.93}],"scale":[{"time":0.2,"x":-1.5,"y":1.5}]},"EF_splash1_16":{"translate":[{"time":0.2,"x":-355,"y":-104.32}],"scale":[{"time":0.2,"x":1.5,"y":1.5}]},"EF_splash1_17":{"translate":[{"time":0.2,"x":-211.55,"y":-99.98}],"scale":[{"time":0.2,"x":1.5,"y":1.5}]},"EF_splash1_18":{"translate":[{"time":0.2,"x":-84.04,"y":-101.42}],"scale":[{"time":0.2,"x":-1.5,"y":1.5}]},"EF_splash1_19":{"translate":[{"time":0.2,"x":23.18,"y":-108.67}],"scale":[{"time":0.2,"x":1.5,"y":1.5}]},"EF_splash1_20":{"translate":[{"time":0.2,"x":169.53,"y":-115.91}],"scale":[{"time":0.2,"x":-1.5,"y":1.5}]}},"events":[{"time":0.0333,"name":"Event","int":150,"string":"kImpactType_knock_up"},{"time":0.1,"name":"Event","float":0.25,"string":"kHitStopType_normal"},{"time":0.1,"name":"Sound1","string":"cri_se_battle_sword_srash_02"},{"time":0.1,"name":"Sound3","string":"setHitSound(se_battle_swordslash_heavy)"},{"time":0.1333,"name":"Event","float":2,"string":"shakeGround"}]}}}