{"skeleton":{"hash":"/dOdVRc1kZdTpTfOBMxfQoRUVq0","spine":"3.0.12","width":0,"height":0},"bones":[{"name":"root"},{"name":"EF","parent":"root"},{"name":"DAMAGEAREA","parent":"root"},{"name":"slash_line_1","parent":"EF","x":500,"y":200},{"name":"slash_line_2","parent":"EF","x":500,"y":200},{"name":"slash_line_3","parent":"EF","x":500,"y":200},{"name":"slash_line_4","parent":"EF","x":500,"y":200},{"name":"slash_line_5","parent":"EF","x":500,"y":200},{"name":"slash_line_6","parent":"EF","x":500,"y":200}],"slots":[{"name":"ef_slash_line_main/ef_slash_line_main_00001","bone":"slash_line_1","blend":"additive"},{"name":"ef_slash_line_main/ef_slash_line_main_1","bone":"slash_line_2","blend":"additive"},{"name":"ef_slash_line_main/ef_slash_line_main_2","bone":"slash_line_3","blend":"additive"},{"name":"ef_slash_line_main/ef_slash_line_main_3","bone":"slash_line_4","blend":"additive"},{"name":"ef_slash_line_main/ef_slash_line_main_4","bone":"slash_line_5","blend":"additive"},{"name":"ef_slash_line_main/ef_slash_line_main_5","bone":"slash_line_6","blend":"additive"},{"name":"DAMAGEAREA","bone":"DAMAGEAREA"}],"skins":{"default":{"DAMAGEAREA":{"DAMAGEAREA":{"type":"boundingbox","vertices":[64.56427,-64.4122,64.02928,64.03779,-64.07147,63.96451,-64.32174,-64.1002]}},"ef_slash_line_main/ef_slash_line_main_00001":{"ef_slash_line_main/ef_slash_line_main_00001":{"x":-2.79,"width":88,"height":500},"ef_slash_line_main/ef_slash_line_main_00002":{"x":-2.79,"width":88,"height":500},"ef_slash_line_main/ef_slash_line_main_00003":{"x":-2.79,"width":88,"height":500},"ef_slash_line_main/ef_slash_line_main_00004":{"x":-2.79,"width":88,"height":500},"ef_slash_line_main/ef_slash_line_main_00005":{"x":-2.79,"width":88,"height":500},"ef_slash_line_main/ef_slash_line_main_00006":{"x":-2.79,"width":88,"height":500},"ef_slash_line_main/ef_slash_line_main_00007":{"x":-2.79,"width":88,"height":500},"ef_slash_line_main/ef_slash_line_main_00008":{"x":-2.79,"width":88,"height":500}},"ef_slash_line_main/ef_slash_line_main_1":{"ef_slash_line_main/ef_slash_line_main_00001":{"x":-2.79,"width":88,"height":500},"ef_slash_line_main/ef_slash_line_main_00002":{"x":-2.79,"width":88,"height":500},"ef_slash_line_main/ef_slash_line_main_00003":{"x":-2.79,"width":88,"height":500},"ef_slash_line_main/ef_slash_line_main_00004":{"x":-2.79,"width":88,"height":500},"ef_slash_line_main/ef_slash_line_main_00005":{"x":-2.79,"width":88,"height":500},"ef_slash_line_main/ef_slash_line_main_00006":{"x":-2.79,"width":88,"height":500},"ef_slash_line_main/ef_slash_line_main_00007":{"x":-2.79,"width":88,"height":500},"ef_slash_line_main/ef_slash_line_main_00008":{"x":-2.79,"width":88,"height":500}},"ef_slash_line_main/ef_slash_line_main_2":{"ef_slash_line_main/ef_slash_line_main_00001":{"x":-2.79,"width":88,"height":500},"ef_slash_line_main/ef_slash_line_main_00002":{"x":-2.79,"width":88,"height":500},"ef_slash_line_main/ef_slash_line_main_00003":{"x":-2.79,"width":88,"height":500},"ef_slash_line_main/ef_slash_line_main_00004":{"x":-2.79,"width":88,"height":500},"ef_slash_line_main/ef_slash_line_main_00005":{"x":-2.79,"width":88,"height":500},"ef_slash_line_main/ef_slash_line_main_00006":{"x":-2.79,"width":88,"height":500},"ef_slash_line_main/ef_slash_line_main_00007":{"x":-2.79,"width":88,"height":500},"ef_slash_line_main/ef_slash_line_main_00008":{"x":-2.79,"width":88,"height":500}},"ef_slash_line_main/ef_slash_line_main_3":{"ef_slash_line_main/ef_slash_line_main_00001":{"x":-2.79,"width":88,"height":500},"ef_slash_line_main/ef_slash_line_main_00002":{"x":-2.79,"width":88,"height":500},"ef_slash_line_main/ef_slash_line_main_00003":{"x":-2.79,"width":88,"height":500},"ef_slash_line_main/ef_slash_line_main_00004":{"x":-2.79,"width":88,"height":500},"ef_slash_line_main/ef_slash_line_main_00005":{"x":-2.79,"width":88,"height":500},"ef_slash_line_main/ef_slash_line_main_00006":{"x":-2.79,"width":88,"height":500},"ef_slash_line_main/ef_slash_line_main_00007":{"x":-2.79,"width":88,"height":500},"ef_slash_line_main/ef_slash_line_main_00008":{"x":-2.79,"width":88,"height":500}},"ef_slash_line_main/ef_slash_line_main_4":{"ef_slash_line_main/ef_slash_line_main_00001":{"x":-2.79,"width":88,"height":500},"ef_slash_line_main/ef_slash_line_main_00002":{"x":-2.79,"width":88,"height":500},"ef_slash_line_main/ef_slash_line_main_00003":{"x":-2.79,"width":88,"height":500},"ef_slash_line_main/ef_slash_line_main_00004":{"x":-2.79,"width":88,"height":500},"ef_slash_line_main/ef_slash_line_main_00005":{"x":-2.79,"width":88,"height":500},"ef_slash_line_main/ef_slash_line_main_00006":{"x":-2.79,"width":88,"height":500},"ef_slash_line_main/ef_slash_line_main_00007":{"x":-2.79,"width":88,"height":500},"ef_slash_line_main/ef_slash_line_main_00008":{"x":-2.79,"width":88,"height":500}},"ef_slash_line_main/ef_slash_line_main_5":{"ef_slash_line_main/ef_slash_line_main_00001":{"x":-2.79,"width":88,"height":500},"ef_slash_line_main/ef_slash_line_main_00002":{"x":-2.79,"width":88,"height":500},"ef_slash_line_main/ef_slash_line_main_00003":{"x":-2.79,"width":88,"height":500},"ef_slash_line_main/ef_slash_line_main_00004":{"x":-2.79,"width":88,"height":500},"ef_slash_line_main/ef_slash_line_main_00005":{"x":-2.79,"width":88,"height":500},"ef_slash_line_main/ef_slash_line_main_00006":{"x":-2.79,"width":88,"height":500},"ef_slash_line_main/ef_slash_line_main_00007":{"x":-2.79,"width":88,"height":500},"ef_slash_line_main/ef_slash_line_main_00008":{"x":-2.79,"width":88,"height":500}}}},"events":{"Events":{},"Hit":{},"Sound1":{}},"animations":{"attack1":{"slots":{"DAMAGEAREA":{"attachment":[{"time":0.2666,"name":"DAMAGEAREA"},{"time":0.5333,"name":null}]},"ef_slash_line_main/ef_slash_line_main_00001":{"attachment":[{"time":0,"name":"ef_slash_line_main/ef_slash_line_main_00001"},{"time":0.0333,"name":"ef_slash_line_main/ef_slash_line_main_00002"},{"time":0.0666,"name":"ef_slash_line_main/ef_slash_line_main_00003"},{"time":0.1,"name":"ef_slash_line_main/ef_slash_line_main_00004"},{"time":0.8333,"name":"ef_slash_line_main/ef_slash_line_main_00005"},{"time":0.8666,"name":"ef_slash_line_main/ef_slash_line_main_00006"},{"time":0.9333,"name":"ef_slash_line_main/ef_slash_line_main_00007"},{"time":0.9666,"name":"ef_slash_line_main/ef_slash_line_main_00008"},{"time":1,"name":null}]},"ef_slash_line_main/ef_slash_line_main_1":{"attachment":[{"time":0.0333,"name":"ef_slash_line_main/ef_slash_line_main_00001"},{"time":0.0666,"name":"ef_slash_line_main/ef_slash_line_main_00002"},{"time":0.1,"name":"ef_slash_line_main/ef_slash_line_main_00004"},{"time":0.8333,"name":"ef_slash_line_main/ef_slash_line_main_00005"},{"time":0.8666,"name":"ef_slash_line_main/ef_slash_line_main_00006"},{"time":0.9333,"name":"ef_slash_line_main/ef_slash_line_main_00007"},{"time":0.9666,"name":"ef_slash_line_main/ef_slash_line_main_00008"},{"time":1,"name":null}]},"ef_slash_line_main/ef_slash_line_main_2":{"attachment":[{"time":0.0666,"name":"ef_slash_line_main/ef_slash_line_main_00001"},{"time":0.1,"name":"ef_slash_line_main/ef_slash_line_main_00002"},{"time":0.1333,"name":"ef_slash_line_main/ef_slash_line_main_00004"},{"time":0.8333,"name":"ef_slash_line_main/ef_slash_line_main_00005"},{"time":0.8666,"name":"ef_slash_line_main/ef_slash_line_main_00006"},{"time":0.9333,"name":"ef_slash_line_main/ef_slash_line_main_00007"},{"time":0.9666,"name":"ef_slash_line_main/ef_slash_line_main_00008"},{"time":1,"name":null}]},"ef_slash_line_main/ef_slash_line_main_3":{"attachment":[{"time":0.0666,"name":"ef_slash_line_main/ef_slash_line_main_00001"},{"time":0.1,"name":"ef_slash_line_main/ef_slash_line_main_00002"},{"time":0.1333,"name":"ef_slash_line_main/ef_slash_line_main_00004"},{"time":0.8333,"name":"ef_slash_line_main/ef_slash_line_main_00005"},{"time":0.8666,"name":"ef_slash_line_main/ef_slash_line_main_00006"},{"time":0.9333,"name":"ef_slash_line_main/ef_slash_line_main_00007"},{"time":0.9666,"name":"ef_slash_line_main/ef_slash_line_main_00008"},{"time":1,"name":null}]},"ef_slash_line_main/ef_slash_line_main_4":{"attachment":[{"time":0.1,"name":"ef_slash_line_main/ef_slash_line_main_00001"},{"time":0.1333,"name":"ef_slash_line_main/ef_slash_line_main_00002"},{"time":0.1666,"name":"ef_slash_line_main/ef_slash_line_main_00004"},{"time":0.8333,"name":"ef_slash_line_main/ef_slash_line_main_00005"},{"time":0.8666,"name":"ef_slash_line_main/ef_slash_line_main_00006"},{"time":0.9333,"name":"ef_slash_line_main/ef_slash_line_main_00007"},{"time":0.9666,"name":"ef_slash_line_main/ef_slash_line_main_00008"},{"time":1,"name":null}]},"ef_slash_line_main/ef_slash_line_main_5":{"attachment":[{"time":0.1333,"name":"ef_slash_line_main/ef_slash_line_main_00001"},{"time":0.1666,"name":"ef_slash_line_main/ef_slash_line_main_00002"},{"time":0.2,"name":"ef_slash_line_main/ef_slash_line_main_00004"},{"time":0.8333,"name":"ef_slash_line_main/ef_slash_line_main_00005"},{"time":0.8666,"name":"ef_slash_line_main/ef_slash_line_main_00006"},{"time":0.9333,"name":"ef_slash_line_main/ef_slash_line_main_00007"},{"time":0.9666,"name":"ef_slash_line_main/ef_slash_line_main_00008"},{"time":1,"name":null}]}},"bones":{"slash_line_1":{"rotate":[{"time":0,"angle":-81.34}],"translate":[{"time":0,"x":-697.07,"y":-95.09}],"scale":[{"time":0,"x":3.774,"y":4.314,"curve":"stepped"},{"time":0.1,"x":3.774,"y":4.314},{"time":0.1333,"x":9.307,"y":4.264},{"time":0.1666,"x":0.942,"y":4.214,"curve":"stepped"},{"time":0.8333,"x":0.942,"y":4.214},{"time":0.8666,"x":9.307,"y":4.264}]},"slash_line_2":{"rotate":[{"time":0.0333,"angle":36.32}],"translate":[{"time":0.0333,"x":-765.03,"y":-171.36}],"scale":[{"time":0.0333,"x":3.774,"y":4.314,"curve":"stepped"},{"time":0.1,"x":3.774,"y":4.314},{"time":0.1333,"x":9.307,"y":4.264},{"time":0.1666,"x":0.942,"y":4.214,"curve":"stepped"},{"time":0.8333,"x":0.942,"y":4.214},{"time":0.8666,"x":9.307,"y":4.264}]},"slash_line_3":{"rotate":[{"time":0.0666,"angle":-57.51}],"translate":[{"time":0.0666,"x":-725.25,"y":177.48}],"scale":[{"time":0.0666,"x":3.774,"y":4.314,"curve":"stepped"},{"time":0.1333,"x":3.774,"y":4.314},{"time":0.1666,"x":9.307,"y":4.264},{"time":0.2,"x":0.942,"y":4.214,"curve":"stepped"},{"time":0.8333,"x":0.942,"y":4.214},{"time":0.8666,"x":9.307,"y":4.264}]},"slash_line_4":{"rotate":[{"time":0.0666,"angle":-53.9}],"translate":[{"time":0.0666,"x":-618.15,"y":-214.21}],"scale":[{"time":0.0666,"x":3.774,"y":4.314,"curve":"stepped"},{"time":0.1333,"x":3.774,"y":4.314},{"time":0.1666,"x":9.307,"y":4.264},{"time":0.2,"x":0.942,"y":4.214,"curve":"stepped"},{"time":0.8333,"x":0.942,"y":4.214},{"time":0.8666,"x":9.307,"y":4.264}]},"slash_line_5":{"rotate":[{"time":0.1,"angle":60.02}],"translate":[{"time":0.1,"x":-393.73,"y":89.09}],"scale":[{"time":0.1,"x":3.774,"y":4.314,"curve":"stepped"},{"time":0.1666,"x":3.774,"y":4.314},{"time":0.2,"x":9.307,"y":4.264},{"time":0.2333,"x":0.942,"y":4.214,"curve":"stepped"},{"time":0.8333,"x":0.942,"y":4.214},{"time":0.8666,"x":9.307,"y":4.264}]},"slash_line_6":{"rotate":[{"time":0.1333,"angle":-104.38}],"translate":[{"time":0.1333,"x":-618.74,"y":-46.95}],"scale":[{"time":0.1333,"x":3.774,"y":4.314,"curve":"stepped"},{"time":0.2,"x":3.774,"y":4.314},{"time":0.2333,"x":9.307,"y":4.264},{"time":0.2666,"x":0.942,"y":4.214,"curve":"stepped"},{"time":0.8333,"x":0.942,"y":4.214},{"time":0.8666,"x":9.307,"y":4.264}]},"DAMAGEAREA":{"scale":[{"time":0.2666,"x":15.259,"y":15.259}]}},"events":[{"time":0,"name":"Events","float":0.5,"string":"kHitStopType_enemyonly"},{"time":0,"name":"Sound1","string":"setHitSound(se_battle_sword_heavy_hit)"},{"time":0.1,"name":"Sound1","string":"cri_se_battle_sword_srash_02"},{"time":0.2666,"name":"Events","float":3,"string":"shakeGround"},{"time":0.2666,"name":"Sound1","string":"cri_se_battle_sword_srash"}]}}}