{"skeleton":{"hash":"tT8lCTGHQ16HxBK8s4kIU2fms74","spine":"3.0.12","width":612,"height":612},"bones":[{"name":"root"},{"name":"EF","parent":"root","rotation":-0.02},{"name":"ef_tuti_main","parent":"EF"},{"name":"DAMAGEAREA","parent":"root"},{"name":"skill1_ef1","parent":"EF"}],"slots":[{"name":"EF/skill1_ef1_10","bone":"skill1_ef1","attachment":"EF/skill1_ef1_10"},{"name":"EF/sk1/sk1_ef_tuti_main/ef_tuti_main_00001","bone":"ef_tuti_main","blend":"additive"},{"name":"DAMAGEAREA","bone":"DAMAGEAREA"}],"skins":{"default":{"DAMAGEAREA":{"DAMAGEAREA":{"type":"boundingbox","vertices":[-63.68023,-64.86807,64.03467,-64.86807,63.58967,63.73683,-64.12523,63.73683]}},"EF/sk1/sk1_ef_tuti_main/ef_tuti_main_00001":{"EF/sk1/sk1_ef_tuti_main/ef_tuti_main_00001":{"width":240,"height":120},"EF/sk1/sk1_ef_tuti_main/ef_tuti_main_00002":{"width":240,"height":120},"EF/sk1/sk1_ef_tuti_main/ef_tuti_main_00003":{"width":240,"height":120},"EF/sk1/sk1_ef_tuti_main/ef_tuti_main_00004":{"width":240,"height":120},"EF/sk1/sk1_ef_tuti_main/ef_tuti_main_00005":{"width":240,"height":120},"EF/sk1/sk1_ef_tuti_main/ef_tuti_main_00006":{"width":240,"height":120},"EF/sk1/sk1_ef_tuti_main/ef_tuti_main_00007":{"width":240,"height":120},"EF/sk1/sk1_ef_tuti_main/ef_tuti_main_00008":{"width":240,"height":120},"EF/sk1/sk1_ef_tuti_main/ef_tuti_main_00009":{"width":240,"height":120},"EF/sk1/sk1_ef_tuti_main/ef_tuti_main_00010":{"width":240,"height":120},"EF/sk1/sk1_ef_tuti_main/ef_tuti_main_00011":{"width":240,"height":120},"EF/sk1/sk1_ef_tuti_main/ef_tuti_main_00012":{"width":240,"height":120},"EF/sk1/sk1_ef_tuti_main/ef_tuti_main_00013":{"width":240,"height":120},"EF/sk1/sk1_ef_tuti_main/ef_tuti_main_00014":{"width":240,"height":120},"EF/sk1/sk1_ef_tuti_main/ef_tuti_main_00015":{"width":240,"height":120},"EF/sk1/sk1_ef_tuti_main/ef_tuti_main_00016":{"width":240,"height":120},"EF/sk1/sk1_ef_tuti_main/ef_tuti_main_00017":{"width":240,"height":120}},"EF/skill1_ef1_10":{"EF/skill1_ef1_10":{"x":213.2,"y":19.54,"scaleX":2,"scaleY":2,"width":306,"height":306},"EF/skill1_ef1_11":{"x":213.2,"y":19.54,"scaleX":2,"scaleY":2,"width":306,"height":306},"EF/skill1_ef1_12":{"x":213.2,"y":19.54,"scaleX":2,"scaleY":2,"width":306,"height":306}}}},"events":{"Event":{},"Event2":{},"Hit":{},"Sound1":{}},"animations":{"attack1":{"slots":{"DAMAGEAREA":{"attachment":[{"time":0.3333,"name":"DAMAGEAREA"},{"time":2.4,"name":null}]},"EF/sk1/sk1_ef_tuti_main/ef_tuti_main_00001":{"attachment":[{"time":0.3333,"name":"EF/sk1/sk1_ef_tuti_main/ef_tuti_main_00001"},{"time":0.3666,"name":"EF/sk1/sk1_ef_tuti_main/ef_tuti_main_00002"},{"time":0.4,"name":"EF/sk1/sk1_ef_tuti_main/ef_tuti_main_00003"},{"time":0.4333,"name":"EF/sk1/sk1_ef_tuti_main/ef_tuti_main_00004"},{"time":0.4666,"name":"EF/sk1/sk1_ef_tuti_main/ef_tuti_main_00005"},{"time":0.5,"name":"EF/sk1/sk1_ef_tuti_main/ef_tuti_main_00006"},{"time":0.5333,"name":"EF/sk1/sk1_ef_tuti_main/ef_tuti_main_00007"},{"time":0.5666,"name":"EF/sk1/sk1_ef_tuti_main/ef_tuti_main_00008"},{"time":0.6,"name":"EF/sk1/sk1_ef_tuti_main/ef_tuti_main_00009"},{"time":0.6333,"name":"EF/sk1/sk1_ef_tuti_main/ef_tuti_main_00010"},{"time":0.6666,"name":"EF/sk1/sk1_ef_tuti_main/ef_tuti_main_00011"},{"time":0.7,"name":"EF/sk1/sk1_ef_tuti_main/ef_tuti_main_00012"},{"time":0.7333,"name":"EF/sk1/sk1_ef_tuti_main/ef_tuti_main_00013"},{"time":0.7666,"name":"EF/sk1/sk1_ef_tuti_main/ef_tuti_main_00014"},{"time":0.8,"name":"EF/sk1/sk1_ef_tuti_main/ef_tuti_main_00015"},{"time":0.8333,"name":"EF/sk1/sk1_ef_tuti_main/ef_tuti_main_00016"},{"time":0.8666,"name":"EF/sk1/sk1_ef_tuti_main/ef_tuti_main_00017"},{"time":0.9,"name":null}]},"EF/skill1_ef1_10":{"attachment":[{"time":0,"name":"EF/skill1_ef1_10"},{"time":0.3333,"name":"EF/skill1_ef1_11"},{"time":0.6666,"name":"EF/skill1_ef1_12"},{"time":0.7333,"name":"EF/skill1_ef1_12"},{"time":0.8,"name":"EF/skill1_ef1_11"},{"time":1.0666,"name":"EF/skill1_ef1_11"},{"time":1.2,"name":"EF/skill1_ef1_12"},{"time":1.3333,"name":"EF/skill1_ef1_11"},{"time":1.4666,"name":"EF/skill1_ef1_12"},{"time":1.6,"name":"EF/skill1_ef1_11"},{"time":1.7333,"name":"EF/skill1_ef1_12"},{"time":1.8666,"name":"EF/skill1_ef1_11"},{"time":2,"name":"EF/skill1_ef1_12"},{"time":2.1333,"name":"EF/skill1_ef1_11"},{"time":2.2,"name":"EF/skill1_ef1_11"},{"time":2.2666,"name":"EF/skill1_ef1_12"},{"time":2.3333,"name":"EF/skill1_ef1_12"},{"time":2.6666,"name":"EF/skill1_ef1_11"},{"time":2.7333,"name":"EF/skill1_ef1_11"},{"time":2.8,"name":"EF/skill1_ef1_12"},{"time":3.0666,"name":null}],"color":[{"time":0,"color":"ffffff00"},{"time":0.3333,"color":"ffffffda","curve":"stepped"},{"time":2.3333,"color":"ffffffda"},{"time":2.7333,"color":"ffffff00"}]}},"bones":{"DAMAGEAREA":{"translate":[{"time":0.3333,"x":13.29,"y":143.89}],"scale":[{"time":0.3333,"x":2.373,"y":3.141}]},"ef_tuti_main":{"translate":[{"time":0.3333,"x":-223.19,"y":5.46}],"scale":[{"time":0.3333,"x":3.5,"y":3.5}]},"skill1_ef1":{"translate":[{"time":0,"x":-219.58,"y":953.84,"curve":[0.25,0,0.959,0.07]},{"time":0.3333,"x":-214.61,"y":68.08},{"time":0.4,"x":-214.61,"y":61.73,"curve":[0.154,0.37,0.75,1]},{"time":0.7333,"x":-214.61,"y":68.08}],"scale":[{"time":0,"x":1.5,"y":1.5,"curve":"stepped"},{"time":0.3333,"x":1.5,"y":1.5},{"time":0.4,"x":1.54,"y":1.4,"curve":[0.154,0.37,0.75,1]},{"time":0.7333,"x":1.5,"y":1.5,"curve":"stepped"},{"time":2.2,"x":1.5,"y":1.5}]},"EF":{"translate":[{"time":0,"x":227.47,"y":0}]}},"events":[{"time":0,"name":"Event","string":"setPosition_Target"},{"time":0.0666,"name":"Event","float":0.2,"string":"kHitStopType_enemyonly"},{"time":0.1333,"name":"Event","string":"setHitEffect(hit02c,0)"},{"time":0.3666,"name":"Sound1","string":"cri_se_battle_037_explosion_element_05"},{"time":0.5333,"name":"Event","string":"shakeGround"},{"time":0.8666,"name":"Hit","string":"resetHitList"},{"time":1.2,"name":"Hit","string":"resetHitList"},{"time":1.5333,"name":"Hit","string":"resetHitList"},{"time":1.8666,"name":"Hit","string":"resetHitList"},{"time":2.2,"name":"Hit","string":"resetHitList"}]}}}