{"skeleton":{"hash":"VS2latYJE/jAVgoQcYte3hk919o","spine":"3.0.12","width":0,"height":0},"bones":[{"name":"root"},{"name":"MAIN","parent":"root"},{"name":"DAMAGEAREA","parent":"root"},{"name":"scale","parent":"MAIN"},{"name":"ef_wave_main2","parent":"scale"},{"name":"ef_wave_main","parent":"scale"},{"name":"ef_tower","parent":"scale","x":300},{"name":"ef_tornade_main6","parent":"scale","x":50},{"name":"ef_tornade_main5","parent":"scale","x":50},{"name":"ef_tornade_main4","parent":"scale","x":50},{"name":"ef_tornade_main3","parent":"scale","x":50},{"name":"ef_tornade_main2","parent":"scale","x":50},{"name":"ef_tornade_main","parent":"scale","x":50},{"name":"ef_shock_main4","parent":"scale","x":350},{"name":"ef_shock_main3","parent":"scale","x":350},{"name":"ef_shock_main2","parent":"scale","x":350},{"name":"ef_shock_main","parent":"scale","x":350},{"name":"ef_rock6","parent":"scale","x":400},{"name":"ef_rock5","parent":"scale","x":400},{"name":"ef_rock4","parent":"scale","x":400},{"name":"ef_rock3","parent":"scale","x":400},{"name":"ef_rock2","parent":"scale","x":400},{"name":"ef_rock","parent":"scale","x":400},{"name":"ef_graund_smoke5","parent":"scale","x":650},{"name":"ef_graund_smoke4","parent":"scale","x":650},{"name":"ef_graund_smoke3","parent":"scale","x":650},{"name":"ef_graund_smoke2","parent":"scale","x":650},{"name":"ef_graund_smoke","parent":"scale","x":650},{"name":"ef_fire_wave","parent":"scale","x":600},{"name":"ef_attack_main","parent":"scale","x":100}],"slots":[{"name":"ef_graund_smoke","bone":"ef_graund_smoke","blend":"additive"},{"name":"ef_graund_smoke4","bone":"ef_graund_smoke","blend":"additive"},{"name":"ef_graund_smoke2","bone":"ef_graund_smoke2","blend":"additive"},{"name":"ef_graund_smoke3","bone":"ef_graund_smoke3","blend":"additive"},{"name":"ef_graund_smoke5","bone":"ef_graund_smoke4","blend":"additive"},{"name":"ef_graund_smoke6","bone":"ef_graund_smoke5","blend":"additive"},{"name":"ef_fire_wave","bone":"ef_fire_wave","blend":"additive"},{"name":"ef_rock","bone":"ef_rock"},{"name":"ef_rock6","bone":"ef_rock"},{"name":"ef_rock2","bone":"ef_rock2"},{"name":"ef_rock7","bone":"ef_rock2"},{"name":"ef_rock3","bone":"ef_rock3"},{"name":"ef_rock4","bone":"ef_rock4"},{"name":"ef_rock5","bone":"ef_rock5"},{"name":"ef_rock8","bone":"ef_rock6"},{"name":"ef_shock_main","bone":"ef_shock_main","blend":"additive"},{"name":"ef_shock_main2","bone":"ef_shock_main2","blend":"additive"},{"name":"ef_shock_main3","bone":"ef_shock_main3","blend":"additive"},{"name":"ef_shock_main4","bone":"ef_shock_main4","blend":"additive"},{"name":"ef_tower","bone":"ef_tower","blend":"additive"},{"name":"ef_attack_main","bone":"ef_attack_main","blend":"additive"},{"name":"ef_tornade_main","bone":"ef_tornade_main","blend":"additive"},{"name":"ef_tornade_main6","bone":"ef_tornade_main6","blend":"additive"},{"name":"ef_tornade_main2","bone":"ef_tornade_main2","blend":"additive"},{"name":"ef_tornade_main3","bone":"ef_tornade_main3","blend":"additive"},{"name":"ef_tornade_main4","bone":"ef_tornade_main4","blend":"additive"},{"name":"ef_tornade_main5","bone":"ef_tornade_main5","blend":"additive"},{"name":"ef_wave_main","bone":"ef_wave_main","blend":"additive"},{"name":"ef_wave_main2","bone":"ef_wave_main2","blend":"additive"},{"name":"DAMAGEAREA","bone":"DAMAGEAREA"}],"skins":{"default":{"DAMAGEAREA":{"DAMAGEAREA":{"type":"boundingbox","vertices":[-64.48787,-65.3084,63.83194,-64.6784,63.83194,62.71353,-65.42428,63.33494]}},"ef_attack_main":{"0e/s3_ef_attack_main/ef_attack_main_00001":{"x":41.73,"width":160,"height":200},"0e/s3_ef_attack_main/ef_attack_main_00002":{"x":41.73,"width":160,"height":200},"0e/s3_ef_attack_main/ef_attack_main_00003":{"x":41.73,"width":160,"height":200},"0e/s3_ef_attack_main/ef_attack_main_00004":{"x":41.73,"width":160,"height":200},"0e/s3_ef_attack_main/ef_attack_main_00005":{"x":41.73,"width":160,"height":200},"0e/s3_ef_attack_main/ef_attack_main_00006":{"x":41.73,"width":160,"height":200}},"ef_fire_wave":{"0e/s13_ef_fire_wave_main/ef_fire_wave_main_00002":{"x":64.39,"width":200,"height":200},"0e/s13_ef_fire_wave_main/ef_fire_wave_main_00003":{"x":64.39,"width":200,"height":200},"0e/s13_ef_fire_wave_main/ef_fire_wave_main_00004":{"x":64.39,"width":200,"height":200},"0e/s13_ef_fire_wave_main/ef_fire_wave_main_00005":{"x":64.39,"width":200,"height":200},"0e/s13_ef_fire_wave_main/ef_fire_wave_main_00006":{"x":64.39,"width":200,"height":200},"0e/s13_ef_fire_wave_main/ef_fire_wave_main_00007":{"x":64.39,"width":200,"height":200},"0e/s13_ef_fire_wave_main/ef_fire_wave_main_00008":{"x":64.39,"width":200,"height":200},"0e/s13_ef_fire_wave_main/ef_fire_wave_main_00009":{"x":64.39,"width":200,"height":200},"0e/s13_ef_fire_wave_main/ef_fire_wave_main_00010":{"x":64.39,"width":200,"height":200},"0e/s13_ef_fire_wave_main/ef_fire_wave_main_00011":{"x":64.39,"width":200,"height":200},"0e/s13_ef_fire_wave_main/ef_fire_wave_main_00012":{"x":64.39,"width":200,"height":200}},"ef_graund_smoke":{"0e/s123_ef_graund_smoke_main/ef_graund_smoke_main_00001":{"x":-34.05,"y":11.87,"width":120,"height":120},"0e/s123_ef_graund_smoke_main/ef_graund_smoke_main_00002":{"x":-34.05,"y":11.87,"width":120,"height":120},"0e/s123_ef_graund_smoke_main/ef_graund_smoke_main_00003":{"x":-34.05,"y":11.87,"width":120,"height":120},"0e/s123_ef_graund_smoke_main/ef_graund_smoke_main_00004":{"x":-34.05,"y":11.87,"width":120,"height":120},"0e/s123_ef_graund_smoke_main/ef_graund_smoke_main_00005":{"x":-34.05,"y":11.87,"width":120,"height":120},"0e/s123_ef_graund_smoke_main/ef_graund_smoke_main_00006":{"x":-34.05,"y":11.87,"width":120,"height":120},"0e/s123_ef_graund_smoke_main/ef_graund_smoke_main_00007":{"x":-34.05,"y":11.87,"width":120,"height":120},"0e/s123_ef_graund_smoke_main/ef_graund_smoke_main_00008":{"x":-34.05,"y":11.87,"width":120,"height":120},"0e/s123_ef_graund_smoke_main/ef_graund_smoke_main_00009":{"x":-34.05,"y":11.87,"width":120,"height":120},"0e/s123_ef_graund_smoke_main/ef_graund_smoke_main_00010":{"x":-34.05,"y":11.87,"width":120,"height":120},"0e/s123_ef_graund_smoke_main/ef_graund_smoke_main_00011":{"x":-34.05,"y":11.87,"width":120,"height":120},"0e/s123_ef_graund_smoke_main/ef_graund_smoke_main_00012":{"x":-34.05,"y":11.87,"width":120,"height":120},"0e/s123_ef_graund_smoke_main/ef_graund_smoke_main_00013":{"x":-34.05,"y":11.87,"width":120,"height":120},"0e/s123_ef_graund_smoke_main/ef_graund_smoke_main_00014":{"x":-34.05,"y":11.87,"width":120,"height":120},"0e/s123_ef_graund_smoke_main/ef_graund_smoke_main_00015":{"x":-34.05,"y":11.87,"width":120,"height":120},"0e/s123_ef_graund_smoke_main/ef_graund_smoke_main_00016":{"x":-34.05,"y":11.87,"width":120,"height":120},"0e/s123_ef_graund_smoke_main/ef_graund_smoke_main_00017":{"x":-34.05,"y":11.87,"width":120,"height":120},"0e/s123_ef_graund_smoke_main/ef_graund_smoke_main_00018":{"x":-34.05,"y":11.87,"width":120,"height":120},"0e/s123_ef_graund_smoke_main/ef_graund_smoke_main_00019":{"x":-34.05,"y":11.87,"width":120,"height":120},"0e/s123_ef_graund_smoke_main/ef_graund_smoke_main_00020":{"x":-34.05,"y":11.87,"width":120,"height":120},"0e/s123_ef_graund_smoke_main/ef_graund_smoke_main_00021":{"x":-34.05,"y":11.87,"width":120,"height":120},"0e/s123_ef_graund_smoke_main/ef_graund_smoke_main_00022":{"x":-34.05,"y":11.87,"width":120,"height":120},"0e/s123_ef_graund_smoke_main/ef_graund_smoke_main_00023":{"x":-34.05,"y":11.87,"width":120,"height":120},"0e/s123_ef_graund_smoke_main/ef_graund_smoke_main_00024":{"x":-34.05,"y":11.87,"width":120,"height":120},"0e/s123_ef_graund_smoke_main/ef_graund_smoke_main_00025":{"x":-34.05,"y":11.87,"width":120,"height":120},"0e/s123_ef_graund_smoke_main/ef_graund_smoke_main_00026":{"x":-34.05,"y":11.87,"width":120,"height":120},"0e/s123_ef_graund_smoke_main/ef_graund_smoke_main_00027":{"x":-34.05,"y":11.87,"width":120,"height":120},"0e/s123_ef_graund_smoke_main/ef_graund_smoke_main_00028":{"x":-34.05,"y":11.87,"width":120,"height":120},"0e/s123_ef_graund_smoke_main/ef_graund_smoke_main_00029":{"x":-34.05,"y":11.87,"width":120,"height":120},"0e/s123_ef_graund_smoke_main/ef_graund_smoke_main_00030":{"x":-34.05,"y":11.87,"width":120,"height":120},"0e/s123_ef_graund_smoke_main/ef_graund_smoke_main_00031":{"x":-34.05,"y":11.87,"width":120,"height":120},"0e/s123_ef_graund_smoke_main/ef_graund_smoke_main_00032":{"x":-34.05,"y":11.87,"width":120,"height":120}},"ef_graund_smoke2":{"0e/s123_ef_graund_smoke_main/ef_graund_smoke_main_00001":{"x":-34.05,"y":11.87,"width":120,"height":120},"0e/s123_ef_graund_smoke_main/ef_graund_smoke_main_00002":{"x":-34.05,"y":11.87,"width":120,"height":120},"0e/s123_ef_graund_smoke_main/ef_graund_smoke_main_00003":{"x":-34.05,"y":11.87,"width":120,"height":120},"0e/s123_ef_graund_smoke_main/ef_graund_smoke_main_00004":{"x":-34.05,"y":11.87,"width":120,"height":120},"0e/s123_ef_graund_smoke_main/ef_graund_smoke_main_00005":{"x":-34.05,"y":11.87,"width":120,"height":120},"0e/s123_ef_graund_smoke_main/ef_graund_smoke_main_00006":{"x":-34.05,"y":11.87,"width":120,"height":120},"0e/s123_ef_graund_smoke_main/ef_graund_smoke_main_00007":{"x":-34.05,"y":11.87,"width":120,"height":120},"0e/s123_ef_graund_smoke_main/ef_graund_smoke_main_00008":{"x":-34.05,"y":11.87,"width":120,"height":120},"0e/s123_ef_graund_smoke_main/ef_graund_smoke_main_00009":{"x":-34.05,"y":11.87,"width":120,"height":120},"0e/s123_ef_graund_smoke_main/ef_graund_smoke_main_00010":{"x":-34.05,"y":11.87,"width":120,"height":120},"0e/s123_ef_graund_smoke_main/ef_graund_smoke_main_00011":{"x":-34.05,"y":11.87,"width":120,"height":120},"0e/s123_ef_graund_smoke_main/ef_graund_smoke_main_00012":{"x":-34.05,"y":11.87,"width":120,"height":120},"0e/s123_ef_graund_smoke_main/ef_graund_smoke_main_00013":{"x":-34.05,"y":11.87,"width":120,"height":120},"0e/s123_ef_graund_smoke_main/ef_graund_smoke_main_00014":{"x":-34.05,"y":11.87,"width":120,"height":120},"0e/s123_ef_graund_smoke_main/ef_graund_smoke_main_00015":{"x":-34.05,"y":11.87,"width":120,"height":120},"0e/s123_ef_graund_smoke_main/ef_graund_smoke_main_00016":{"x":-34.05,"y":11.87,"width":120,"height":120},"0e/s123_ef_graund_smoke_main/ef_graund_smoke_main_00017":{"x":-34.05,"y":11.87,"width":120,"height":120},"0e/s123_ef_graund_smoke_main/ef_graund_smoke_main_00018":{"x":-34.05,"y":11.87,"width":120,"height":120},"0e/s123_ef_graund_smoke_main/ef_graund_smoke_main_00019":{"x":-34.05,"y":11.87,"width":120,"height":120},"0e/s123_ef_graund_smoke_main/ef_graund_smoke_main_00020":{"x":-34.05,"y":11.87,"width":120,"height":120},"0e/s123_ef_graund_smoke_main/ef_graund_smoke_main_00021":{"x":-34.05,"y":11.87,"width":120,"height":120},"0e/s123_ef_graund_smoke_main/ef_graund_smoke_main_00022":{"x":-34.05,"y":11.87,"width":120,"height":120},"0e/s123_ef_graund_smoke_main/ef_graund_smoke_main_00023":{"x":-34.05,"y":11.87,"width":120,"height":120},"0e/s123_ef_graund_smoke_main/ef_graund_smoke_main_00024":{"x":-34.05,"y":11.87,"width":120,"height":120},"0e/s123_ef_graund_smoke_main/ef_graund_smoke_main_00025":{"x":-34.05,"y":11.87,"width":120,"height":120},"0e/s123_ef_graund_smoke_main/ef_graund_smoke_main_00026":{"x":-34.05,"y":11.87,"width":120,"height":120},"0e/s123_ef_graund_smoke_main/ef_graund_smoke_main_00027":{"x":-34.05,"y":11.87,"width":120,"height":120},"0e/s123_ef_graund_smoke_main/ef_graund_smoke_main_00028":{"x":-34.05,"y":11.87,"width":120,"height":120},"0e/s123_ef_graund_smoke_main/ef_graund_smoke_main_00029":{"x":-34.05,"y":11.87,"width":120,"height":120},"0e/s123_ef_graund_smoke_main/ef_graund_smoke_main_00030":{"x":-34.05,"y":11.87,"width":120,"height":120},"0e/s123_ef_graund_smoke_main/ef_graund_smoke_main_00031":{"x":-34.05,"y":11.87,"width":120,"height":120},"0e/s123_ef_graund_smoke_main/ef_graund_smoke_main_00032":{"x":-34.05,"y":11.87,"width":120,"height":120}},"ef_graund_smoke3":{"0e/s123_ef_graund_smoke_main/ef_graund_smoke_main_00001":{"x":-34.05,"y":11.87,"width":120,"height":120},"0e/s123_ef_graund_smoke_main/ef_graund_smoke_main_00002":{"x":-34.05,"y":11.87,"width":120,"height":120},"0e/s123_ef_graund_smoke_main/ef_graund_smoke_main_00003":{"x":-34.05,"y":11.87,"width":120,"height":120},"0e/s123_ef_graund_smoke_main/ef_graund_smoke_main_00004":{"x":-34.05,"y":11.87,"width":120,"height":120},"0e/s123_ef_graund_smoke_main/ef_graund_smoke_main_00005":{"x":-34.05,"y":11.87,"width":120,"height":120},"0e/s123_ef_graund_smoke_main/ef_graund_smoke_main_00006":{"x":-34.05,"y":11.87,"width":120,"height":120},"0e/s123_ef_graund_smoke_main/ef_graund_smoke_main_00007":{"x":-34.05,"y":11.87,"width":120,"height":120},"0e/s123_ef_graund_smoke_main/ef_graund_smoke_main_00008":{"x":-34.05,"y":11.87,"width":120,"height":120},"0e/s123_ef_graund_smoke_main/ef_graund_smoke_main_00009":{"x":-34.05,"y":11.87,"width":120,"height":120},"0e/s123_ef_graund_smoke_main/ef_graund_smoke_main_00010":{"x":-34.05,"y":11.87,"width":120,"height":120},"0e/s123_ef_graund_smoke_main/ef_graund_smoke_main_00011":{"x":-34.05,"y":11.87,"width":120,"height":120},"0e/s123_ef_graund_smoke_main/ef_graund_smoke_main_00012":{"x":-34.05,"y":11.87,"width":120,"height":120},"0e/s123_ef_graund_smoke_main/ef_graund_smoke_main_00013":{"x":-34.05,"y":11.87,"width":120,"height":120},"0e/s123_ef_graund_smoke_main/ef_graund_smoke_main_00014":{"x":-34.05,"y":11.87,"width":120,"height":120},"0e/s123_ef_graund_smoke_main/ef_graund_smoke_main_00015":{"x":-34.05,"y":11.87,"width":120,"height":120},"0e/s123_ef_graund_smoke_main/ef_graund_smoke_main_00016":{"x":-34.05,"y":11.87,"width":120,"height":120},"0e/s123_ef_graund_smoke_main/ef_graund_smoke_main_00017":{"x":-34.05,"y":11.87,"width":120,"height":120},"0e/s123_ef_graund_smoke_main/ef_graund_smoke_main_00018":{"x":-34.05,"y":11.87,"width":120,"height":120},"0e/s123_ef_graund_smoke_main/ef_graund_smoke_main_00019":{"x":-34.05,"y":11.87,"width":120,"height":120},"0e/s123_ef_graund_smoke_main/ef_graund_smoke_main_00020":{"x":-34.05,"y":11.87,"width":120,"height":120},"0e/s123_ef_graund_smoke_main/ef_graund_smoke_main_00021":{"x":-34.05,"y":11.87,"width":120,"height":120},"0e/s123_ef_graund_smoke_main/ef_graund_smoke_main_00022":{"x":-34.05,"y":11.87,"width":120,"height":120},"0e/s123_ef_graund_smoke_main/ef_graund_smoke_main_00023":{"x":-34.05,"y":11.87,"width":120,"height":120},"0e/s123_ef_graund_smoke_main/ef_graund_smoke_main_00024":{"x":-34.05,"y":11.87,"width":120,"height":120},"0e/s123_ef_graund_smoke_main/ef_graund_smoke_main_00025":{"x":-34.05,"y":11.87,"width":120,"height":120},"0e/s123_ef_graund_smoke_main/ef_graund_smoke_main_00026":{"x":-34.05,"y":11.87,"width":120,"height":120},"0e/s123_ef_graund_smoke_main/ef_graund_smoke_main_00027":{"x":-34.05,"y":11.87,"width":120,"height":120},"0e/s123_ef_graund_smoke_main/ef_graund_smoke_main_00028":{"x":-34.05,"y":11.87,"width":120,"height":120},"0e/s123_ef_graund_smoke_main/ef_graund_smoke_main_00029":{"x":-34.05,"y":11.87,"width":120,"height":120},"0e/s123_ef_graund_smoke_main/ef_graund_smoke_main_00030":{"x":-34.05,"y":11.87,"width":120,"height":120},"0e/s123_ef_graund_smoke_main/ef_graund_smoke_main_00031":{"x":-34.05,"y":11.87,"width":120,"height":120},"0e/s123_ef_graund_smoke_main/ef_graund_smoke_main_00032":{"x":-34.05,"y":11.87,"width":120,"height":120}},"ef_graund_smoke4":{"0e/s123_ef_graund_smoke_main/ef_graund_smoke_main_00001":{"x":-34.05,"y":11.87,"width":120,"height":120},"0e/s123_ef_graund_smoke_main/ef_graund_smoke_main_00002":{"x":-34.05,"y":11.87,"width":120,"height":120},"0e/s123_ef_graund_smoke_main/ef_graund_smoke_main_00003":{"x":-34.05,"y":11.87,"width":120,"height":120},"0e/s123_ef_graund_smoke_main/ef_graund_smoke_main_00004":{"x":-34.05,"y":11.87,"width":120,"height":120},"0e/s123_ef_graund_smoke_main/ef_graund_smoke_main_00005":{"x":-34.05,"y":11.87,"width":120,"height":120},"0e/s123_ef_graund_smoke_main/ef_graund_smoke_main_00006":{"x":-34.05,"y":11.87,"width":120,"height":120},"0e/s123_ef_graund_smoke_main/ef_graund_smoke_main_00007":{"x":-34.05,"y":11.87,"width":120,"height":120},"0e/s123_ef_graund_smoke_main/ef_graund_smoke_main_00008":{"x":-34.05,"y":11.87,"width":120,"height":120},"0e/s123_ef_graund_smoke_main/ef_graund_smoke_main_00009":{"x":-34.05,"y":11.87,"width":120,"height":120},"0e/s123_ef_graund_smoke_main/ef_graund_smoke_main_00010":{"x":-34.05,"y":11.87,"width":120,"height":120},"0e/s123_ef_graund_smoke_main/ef_graund_smoke_main_00011":{"x":-34.05,"y":11.87,"width":120,"height":120},"0e/s123_ef_graund_smoke_main/ef_graund_smoke_main_00012":{"x":-34.05,"y":11.87,"width":120,"height":120},"0e/s123_ef_graund_smoke_main/ef_graund_smoke_main_00013":{"x":-34.05,"y":11.87,"width":120,"height":120},"0e/s123_ef_graund_smoke_main/ef_graund_smoke_main_00014":{"x":-34.05,"y":11.87,"width":120,"height":120},"0e/s123_ef_graund_smoke_main/ef_graund_smoke_main_00015":{"x":-34.05,"y":11.87,"width":120,"height":120},"0e/s123_ef_graund_smoke_main/ef_graund_smoke_main_00016":{"x":-34.05,"y":11.87,"width":120,"height":120},"0e/s123_ef_graund_smoke_main/ef_graund_smoke_main_00017":{"x":-34.05,"y":11.87,"width":120,"height":120},"0e/s123_ef_graund_smoke_main/ef_graund_smoke_main_00018":{"x":-34.05,"y":11.87,"width":120,"height":120},"0e/s123_ef_graund_smoke_main/ef_graund_smoke_main_00019":{"x":-34.05,"y":11.87,"width":120,"height":120},"0e/s123_ef_graund_smoke_main/ef_graund_smoke_main_00020":{"x":-34.05,"y":11.87,"width":120,"height":120},"0e/s123_ef_graund_smoke_main/ef_graund_smoke_main_00021":{"x":-34.05,"y":11.87,"width":120,"height":120},"0e/s123_ef_graund_smoke_main/ef_graund_smoke_main_00022":{"x":-34.05,"y":11.87,"width":120,"height":120},"0e/s123_ef_graund_smoke_main/ef_graund_smoke_main_00023":{"x":-34.05,"y":11.87,"width":120,"height":120},"0e/s123_ef_graund_smoke_main/ef_graund_smoke_main_00024":{"x":-34.05,"y":11.87,"width":120,"height":120},"0e/s123_ef_graund_smoke_main/ef_graund_smoke_main_00025":{"x":-34.05,"y":11.87,"width":120,"height":120},"0e/s123_ef_graund_smoke_main/ef_graund_smoke_main_00026":{"x":-34.05,"y":11.87,"width":120,"height":120},"0e/s123_ef_graund_smoke_main/ef_graund_smoke_main_00027":{"x":-34.05,"y":11.87,"width":120,"height":120},"0e/s123_ef_graund_smoke_main/ef_graund_smoke_main_00028":{"x":-34.05,"y":11.87,"width":120,"height":120},"0e/s123_ef_graund_smoke_main/ef_graund_smoke_main_00029":{"x":-34.05,"y":11.87,"width":120,"height":120},"0e/s123_ef_graund_smoke_main/ef_graund_smoke_main_00030":{"x":-34.05,"y":11.87,"width":120,"height":120},"0e/s123_ef_graund_smoke_main/ef_graund_smoke_main_00031":{"x":-34.05,"y":11.87,"width":120,"height":120},"0e/s123_ef_graund_smoke_main/ef_graund_smoke_main_00032":{"x":-34.05,"y":11.87,"width":120,"height":120}},"ef_graund_smoke5":{"0e/s123_ef_graund_smoke_main/ef_graund_smoke_main_00001":{"x":-34.05,"y":11.87,"width":120,"height":120},"0e/s123_ef_graund_smoke_main/ef_graund_smoke_main_00002":{"x":-34.05,"y":11.87,"width":120,"height":120},"0e/s123_ef_graund_smoke_main/ef_graund_smoke_main_00003":{"x":-34.05,"y":11.87,"width":120,"height":120},"0e/s123_ef_graund_smoke_main/ef_graund_smoke_main_00004":{"x":-34.05,"y":11.87,"width":120,"height":120},"0e/s123_ef_graund_smoke_main/ef_graund_smoke_main_00005":{"x":-34.05,"y":11.87,"width":120,"height":120},"0e/s123_ef_graund_smoke_main/ef_graund_smoke_main_00006":{"x":-34.05,"y":11.87,"width":120,"height":120},"0e/s123_ef_graund_smoke_main/ef_graund_smoke_main_00007":{"x":-34.05,"y":11.87,"width":120,"height":120},"0e/s123_ef_graund_smoke_main/ef_graund_smoke_main_00008":{"x":-34.05,"y":11.87,"width":120,"height":120},"0e/s123_ef_graund_smoke_main/ef_graund_smoke_main_00009":{"x":-34.05,"y":11.87,"width":120,"height":120},"0e/s123_ef_graund_smoke_main/ef_graund_smoke_main_00010":{"x":-34.05,"y":11.87,"width":120,"height":120},"0e/s123_ef_graund_smoke_main/ef_graund_smoke_main_00011":{"x":-34.05,"y":11.87,"width":120,"height":120},"0e/s123_ef_graund_smoke_main/ef_graund_smoke_main_00012":{"x":-34.05,"y":11.87,"width":120,"height":120},"0e/s123_ef_graund_smoke_main/ef_graund_smoke_main_00013":{"x":-34.05,"y":11.87,"width":120,"height":120},"0e/s123_ef_graund_smoke_main/ef_graund_smoke_main_00014":{"x":-34.05,"y":11.87,"width":120,"height":120},"0e/s123_ef_graund_smoke_main/ef_graund_smoke_main_00015":{"x":-34.05,"y":11.87,"width":120,"height":120},"0e/s123_ef_graund_smoke_main/ef_graund_smoke_main_00016":{"x":-34.05,"y":11.87,"width":120,"height":120},"0e/s123_ef_graund_smoke_main/ef_graund_smoke_main_00017":{"x":-34.05,"y":11.87,"width":120,"height":120},"0e/s123_ef_graund_smoke_main/ef_graund_smoke_main_00018":{"x":-34.05,"y":11.87,"width":120,"height":120},"0e/s123_ef_graund_smoke_main/ef_graund_smoke_main_00019":{"x":-34.05,"y":11.87,"width":120,"height":120},"0e/s123_ef_graund_smoke_main/ef_graund_smoke_main_00020":{"x":-34.05,"y":11.87,"width":120,"height":120},"0e/s123_ef_graund_smoke_main/ef_graund_smoke_main_00021":{"x":-34.05,"y":11.87,"width":120,"height":120},"0e/s123_ef_graund_smoke_main/ef_graund_smoke_main_00022":{"x":-34.05,"y":11.87,"width":120,"height":120},"0e/s123_ef_graund_smoke_main/ef_graund_smoke_main_00023":{"x":-34.05,"y":11.87,"width":120,"height":120},"0e/s123_ef_graund_smoke_main/ef_graund_smoke_main_00024":{"x":-34.05,"y":11.87,"width":120,"height":120},"0e/s123_ef_graund_smoke_main/ef_graund_smoke_main_00025":{"x":-34.05,"y":11.87,"width":120,"height":120},"0e/s123_ef_graund_smoke_main/ef_graund_smoke_main_00026":{"x":-34.05,"y":11.87,"width":120,"height":120},"0e/s123_ef_graund_smoke_main/ef_graund_smoke_main_00027":{"x":-34.05,"y":11.87,"width":120,"height":120},"0e/s123_ef_graund_smoke_main/ef_graund_smoke_main_00028":{"x":-34.05,"y":11.87,"width":120,"height":120},"0e/s123_ef_graund_smoke_main/ef_graund_smoke_main_00029":{"x":-34.05,"y":11.87,"width":120,"height":120},"0e/s123_ef_graund_smoke_main/ef_graund_smoke_main_00030":{"x":-34.05,"y":11.87,"width":120,"height":120},"0e/s123_ef_graund_smoke_main/ef_graund_smoke_main_00031":{"x":-34.05,"y":11.87,"width":120,"height":120},"0e/s123_ef_graund_smoke_main/ef_graund_smoke_main_00032":{"x":-34.05,"y":11.87,"width":120,"height":120}},"ef_graund_smoke6":{"0e/s123_ef_graund_smoke_main/ef_graund_smoke_main_00001":{"x":-34.05,"y":11.87,"width":120,"height":120},"0e/s123_ef_graund_smoke_main/ef_graund_smoke_main_00002":{"x":-34.05,"y":11.87,"width":120,"height":120},"0e/s123_ef_graund_smoke_main/ef_graund_smoke_main_00003":{"x":-34.05,"y":11.87,"width":120,"height":120},"0e/s123_ef_graund_smoke_main/ef_graund_smoke_main_00004":{"x":-34.05,"y":11.87,"width":120,"height":120},"0e/s123_ef_graund_smoke_main/ef_graund_smoke_main_00005":{"x":-34.05,"y":11.87,"width":120,"height":120},"0e/s123_ef_graund_smoke_main/ef_graund_smoke_main_00006":{"x":-34.05,"y":11.87,"width":120,"height":120},"0e/s123_ef_graund_smoke_main/ef_graund_smoke_main_00007":{"x":-34.05,"y":11.87,"width":120,"height":120},"0e/s123_ef_graund_smoke_main/ef_graund_smoke_main_00008":{"x":-34.05,"y":11.87,"width":120,"height":120},"0e/s123_ef_graund_smoke_main/ef_graund_smoke_main_00009":{"x":-34.05,"y":11.87,"width":120,"height":120},"0e/s123_ef_graund_smoke_main/ef_graund_smoke_main_00010":{"x":-34.05,"y":11.87,"width":120,"height":120},"0e/s123_ef_graund_smoke_main/ef_graund_smoke_main_00011":{"x":-34.05,"y":11.87,"width":120,"height":120},"0e/s123_ef_graund_smoke_main/ef_graund_smoke_main_00012":{"x":-34.05,"y":11.87,"width":120,"height":120},"0e/s123_ef_graund_smoke_main/ef_graund_smoke_main_00013":{"x":-34.05,"y":11.87,"width":120,"height":120},"0e/s123_ef_graund_smoke_main/ef_graund_smoke_main_00014":{"x":-34.05,"y":11.87,"width":120,"height":120},"0e/s123_ef_graund_smoke_main/ef_graund_smoke_main_00015":{"x":-34.05,"y":11.87,"width":120,"height":120},"0e/s123_ef_graund_smoke_main/ef_graund_smoke_main_00016":{"x":-34.05,"y":11.87,"width":120,"height":120},"0e/s123_ef_graund_smoke_main/ef_graund_smoke_main_00017":{"x":-34.05,"y":11.87,"width":120,"height":120},"0e/s123_ef_graund_smoke_main/ef_graund_smoke_main_00018":{"x":-34.05,"y":11.87,"width":120,"height":120},"0e/s123_ef_graund_smoke_main/ef_graund_smoke_main_00019":{"x":-34.05,"y":11.87,"width":120,"height":120},"0e/s123_ef_graund_smoke_main/ef_graund_smoke_main_00020":{"x":-34.05,"y":11.87,"width":120,"height":120},"0e/s123_ef_graund_smoke_main/ef_graund_smoke_main_00021":{"x":-34.05,"y":11.87,"width":120,"height":120},"0e/s123_ef_graund_smoke_main/ef_graund_smoke_main_00022":{"x":-34.05,"y":11.87,"width":120,"height":120},"0e/s123_ef_graund_smoke_main/ef_graund_smoke_main_00023":{"x":-34.05,"y":11.87,"width":120,"height":120},"0e/s123_ef_graund_smoke_main/ef_graund_smoke_main_00024":{"x":-34.05,"y":11.87,"width":120,"height":120},"0e/s123_ef_graund_smoke_main/ef_graund_smoke_main_00025":{"x":-34.05,"y":11.87,"width":120,"height":120},"0e/s123_ef_graund_smoke_main/ef_graund_smoke_main_00026":{"x":-34.05,"y":11.87,"width":120,"height":120},"0e/s123_ef_graund_smoke_main/ef_graund_smoke_main_00027":{"x":-34.05,"y":11.87,"width":120,"height":120},"0e/s123_ef_graund_smoke_main/ef_graund_smoke_main_00028":{"x":-34.05,"y":11.87,"width":120,"height":120},"0e/s123_ef_graund_smoke_main/ef_graund_smoke_main_00029":{"x":-34.05,"y":11.87,"width":120,"height":120},"0e/s123_ef_graund_smoke_main/ef_graund_smoke_main_00030":{"x":-34.05,"y":11.87,"width":120,"height":120},"0e/s123_ef_graund_smoke_main/ef_graund_smoke_main_00031":{"x":-34.05,"y":11.87,"width":120,"height":120},"0e/s123_ef_graund_smoke_main/ef_graund_smoke_main_00032":{"x":-34.05,"y":11.87,"width":120,"height":120}},"ef_rock":{"0e/s2_ef_rock_main/ef_rock_main_00002":{"y":76.6,"width":270,"height":216},"0e/s2_ef_rock_main/ef_rock_main_00003":{"y":76.6,"width":270,"height":216},"0e/s2_ef_rock_main/ef_rock_main_00005":{"y":76.6,"width":270,"height":216},"0e/s2_ef_rock_main/ef_rock_main_00006":{"y":76.6,"width":270,"height":216},"0e/s2_ef_rock_main/ef_rock_main_00008":{"y":76.6,"width":270,"height":216},"0e/s2_ef_rock_main/ef_rock_main_00009":{"y":76.6,"width":270,"height":216},"0e/s2_ef_rock_main/ef_rock_main_00011":{"y":76.6,"width":270,"height":216},"0e/s2_ef_rock_main/ef_rock_main_00012":{"y":76.6,"width":270,"height":216},"0e/s2_ef_rock_main/ef_rock_main_00014":{"y":76.6,"width":270,"height":216},"0e/s2_ef_rock_main/ef_rock_main_00015":{"y":76.6,"width":270,"height":216}},"ef_rock2":{"0e/s2_ef_rock_main/ef_rock_main_00002":{"y":76.6,"width":270,"height":216},"0e/s2_ef_rock_main/ef_rock_main_00003":{"y":76.6,"width":270,"height":216},"0e/s2_ef_rock_main/ef_rock_main_00005":{"y":76.6,"width":270,"height":216},"0e/s2_ef_rock_main/ef_rock_main_00006":{"y":76.6,"width":270,"height":216},"0e/s2_ef_rock_main/ef_rock_main_00008":{"y":76.6,"width":270,"height":216},"0e/s2_ef_rock_main/ef_rock_main_00009":{"y":76.6,"width":270,"height":216},"0e/s2_ef_rock_main/ef_rock_main_00011":{"y":76.6,"width":270,"height":216},"0e/s2_ef_rock_main/ef_rock_main_00012":{"y":76.6,"width":270,"height":216},"0e/s2_ef_rock_main/ef_rock_main_00014":{"y":76.6,"width":270,"height":216},"0e/s2_ef_rock_main/ef_rock_main_00015":{"y":76.6,"width":270,"height":216}},"ef_rock3":{"0e/s2_ef_rock_main/ef_rock_main_00002":{"y":76.6,"width":270,"height":216},"0e/s2_ef_rock_main/ef_rock_main_00003":{"y":76.6,"width":270,"height":216},"0e/s2_ef_rock_main/ef_rock_main_00005":{"y":76.6,"width":270,"height":216},"0e/s2_ef_rock_main/ef_rock_main_00006":{"y":76.6,"width":270,"height":216},"0e/s2_ef_rock_main/ef_rock_main_00008":{"y":76.6,"width":270,"height":216},"0e/s2_ef_rock_main/ef_rock_main_00009":{"y":76.6,"width":270,"height":216},"0e/s2_ef_rock_main/ef_rock_main_00011":{"y":76.6,"width":270,"height":216},"0e/s2_ef_rock_main/ef_rock_main_00012":{"y":76.6,"width":270,"height":216},"0e/s2_ef_rock_main/ef_rock_main_00014":{"y":76.6,"width":270,"height":216},"0e/s2_ef_rock_main/ef_rock_main_00015":{"y":76.6,"width":270,"height":216}},"ef_rock4":{"0e/s2_ef_rock_main/ef_rock_main_00002":{"y":76.6,"width":270,"height":216},"0e/s2_ef_rock_main/ef_rock_main_00003":{"y":76.6,"width":270,"height":216},"0e/s2_ef_rock_main/ef_rock_main_00005":{"y":76.6,"width":270,"height":216},"0e/s2_ef_rock_main/ef_rock_main_00006":{"y":76.6,"width":270,"height":216},"0e/s2_ef_rock_main/ef_rock_main_00008":{"y":76.6,"width":270,"height":216},"0e/s2_ef_rock_main/ef_rock_main_00009":{"y":76.6,"width":270,"height":216},"0e/s2_ef_rock_main/ef_rock_main_00011":{"y":76.6,"width":270,"height":216},"0e/s2_ef_rock_main/ef_rock_main_00012":{"y":76.6,"width":270,"height":216},"0e/s2_ef_rock_main/ef_rock_main_00014":{"y":76.6,"width":270,"height":216},"0e/s2_ef_rock_main/ef_rock_main_00015":{"y":76.6,"width":270,"height":216}},"ef_rock5":{"0e/s2_ef_rock_main/ef_rock_main_00002":{"y":76.6,"width":270,"height":216},"0e/s2_ef_rock_main/ef_rock_main_00003":{"y":76.6,"width":270,"height":216},"0e/s2_ef_rock_main/ef_rock_main_00005":{"y":76.6,"width":270,"height":216},"0e/s2_ef_rock_main/ef_rock_main_00006":{"y":76.6,"width":270,"height":216},"0e/s2_ef_rock_main/ef_rock_main_00008":{"y":76.6,"width":270,"height":216},"0e/s2_ef_rock_main/ef_rock_main_00009":{"y":76.6,"width":270,"height":216},"0e/s2_ef_rock_main/ef_rock_main_00011":{"y":76.6,"width":270,"height":216},"0e/s2_ef_rock_main/ef_rock_main_00012":{"y":76.6,"width":270,"height":216},"0e/s2_ef_rock_main/ef_rock_main_00014":{"y":76.6,"width":270,"height":216},"0e/s2_ef_rock_main/ef_rock_main_00015":{"y":76.6,"width":270,"height":216}},"ef_rock6":{"0e/s2_ef_rock_main/ef_rock_main_00002":{"y":76.6,"width":270,"height":216},"0e/s2_ef_rock_main/ef_rock_main_00003":{"y":76.6,"width":270,"height":216},"0e/s2_ef_rock_main/ef_rock_main_00005":{"y":76.6,"width":270,"height":216},"0e/s2_ef_rock_main/ef_rock_main_00006":{"y":76.6,"width":270,"height":216},"0e/s2_ef_rock_main/ef_rock_main_00008":{"y":76.6,"width":270,"height":216},"0e/s2_ef_rock_main/ef_rock_main_00009":{"y":76.6,"width":270,"height":216},"0e/s2_ef_rock_main/ef_rock_main_00011":{"y":76.6,"width":270,"height":216},"0e/s2_ef_rock_main/ef_rock_main_00012":{"y":76.6,"width":270,"height":216},"0e/s2_ef_rock_main/ef_rock_main_00014":{"y":76.6,"width":270,"height":216},"0e/s2_ef_rock_main/ef_rock_main_00015":{"y":76.6,"width":270,"height":216}},"ef_rock7":{"0e/s2_ef_rock_main/ef_rock_main_00002":{"y":76.6,"width":270,"height":216},"0e/s2_ef_rock_main/ef_rock_main_00003":{"y":76.6,"width":270,"height":216},"0e/s2_ef_rock_main/ef_rock_main_00005":{"y":76.6,"width":270,"height":216},"0e/s2_ef_rock_main/ef_rock_main_00006":{"y":76.6,"width":270,"height":216},"0e/s2_ef_rock_main/ef_rock_main_00008":{"y":76.6,"width":270,"height":216},"0e/s2_ef_rock_main/ef_rock_main_00009":{"y":76.6,"width":270,"height":216},"0e/s2_ef_rock_main/ef_rock_main_00011":{"y":76.6,"width":270,"height":216},"0e/s2_ef_rock_main/ef_rock_main_00012":{"y":76.6,"width":270,"height":216},"0e/s2_ef_rock_main/ef_rock_main_00014":{"y":76.6,"width":270,"height":216},"0e/s2_ef_rock_main/ef_rock_main_00015":{"y":76.6,"width":270,"height":216}},"ef_rock8":{"0e/s2_ef_rock_main/ef_rock_main_00002":{"y":76.6,"width":270,"height":216},"0e/s2_ef_rock_main/ef_rock_main_00003":{"y":76.6,"width":270,"height":216},"0e/s2_ef_rock_main/ef_rock_main_00005":{"y":76.6,"width":270,"height":216},"0e/s2_ef_rock_main/ef_rock_main_00006":{"y":76.6,"width":270,"height":216},"0e/s2_ef_rock_main/ef_rock_main_00008":{"y":76.6,"width":270,"height":216},"0e/s2_ef_rock_main/ef_rock_main_00009":{"y":76.6,"width":270,"height":216},"0e/s2_ef_rock_main/ef_rock_main_00011":{"y":76.6,"width":270,"height":216},"0e/s2_ef_rock_main/ef_rock_main_00012":{"y":76.6,"width":270,"height":216},"0e/s2_ef_rock_main/ef_rock_main_00014":{"y":76.6,"width":270,"height":216},"0e/s2_ef_rock_main/ef_rock_main_00015":{"y":76.6,"width":270,"height":216}},"ef_shock_main":{"0e/s2_ef_shock_main/ef_shock_main_00001":{"x":6.11,"y":70.05,"width":144,"height":184},"0e/s2_ef_shock_main/ef_shock_main_00002":{"x":6.11,"y":70.05,"width":144,"height":184},"0e/s2_ef_shock_main/ef_shock_main_00003":{"x":6.11,"y":70.05,"width":144,"height":184},"0e/s2_ef_shock_main/ef_shock_main_00004":{"x":6.11,"y":70.05,"width":144,"height":184},"0e/s2_ef_shock_main/ef_shock_main_00005":{"x":6.11,"y":70.05,"width":144,"height":184},"0e/s2_ef_shock_main/ef_shock_main_00006":{"x":6.11,"y":70.05,"width":144,"height":184},"0e/s2_ef_shock_main/ef_shock_main_00007":{"x":6.11,"y":70.05,"width":144,"height":184},"0e/s2_ef_shock_main/ef_shock_main_00008":{"x":6.11,"y":70.05,"width":144,"height":184},"0e/s2_ef_shock_main/ef_shock_main_00009":{"x":6.11,"y":70.05,"width":144,"height":184},"0e/s2_ef_shock_main/ef_shock_main_00010":{"x":6.11,"y":70.05,"width":144,"height":184},"0e/s2_ef_shock_main/ef_shock_main_00011":{"x":6.11,"y":70.05,"width":144,"height":184},"0e/s2_ef_shock_main/ef_shock_main_00012":{"x":6.11,"y":70.05,"width":144,"height":184},"0e/s2_ef_shock_main/ef_shock_main_00013":{"x":6.11,"y":70.05,"width":144,"height":184}},"ef_shock_main2":{"0e/s2_ef_shock_main/ef_shock_main_00001":{"x":6.11,"y":70.05,"width":144,"height":184},"0e/s2_ef_shock_main/ef_shock_main_00002":{"x":6.11,"y":70.05,"width":144,"height":184},"0e/s2_ef_shock_main/ef_shock_main_00003":{"x":6.11,"y":70.05,"width":144,"height":184},"0e/s2_ef_shock_main/ef_shock_main_00004":{"x":6.11,"y":70.05,"width":144,"height":184},"0e/s2_ef_shock_main/ef_shock_main_00005":{"x":6.11,"y":70.05,"width":144,"height":184},"0e/s2_ef_shock_main/ef_shock_main_00006":{"x":6.11,"y":70.05,"width":144,"height":184},"0e/s2_ef_shock_main/ef_shock_main_00007":{"x":6.11,"y":70.05,"width":144,"height":184},"0e/s2_ef_shock_main/ef_shock_main_00008":{"x":6.11,"y":70.05,"width":144,"height":184},"0e/s2_ef_shock_main/ef_shock_main_00009":{"x":6.11,"y":70.05,"width":144,"height":184},"0e/s2_ef_shock_main/ef_shock_main_00010":{"x":6.11,"y":70.05,"width":144,"height":184},"0e/s2_ef_shock_main/ef_shock_main_00011":{"x":6.11,"y":70.05,"width":144,"height":184},"0e/s2_ef_shock_main/ef_shock_main_00012":{"x":6.11,"y":70.05,"width":144,"height":184},"0e/s2_ef_shock_main/ef_shock_main_00013":{"x":6.11,"y":70.05,"width":144,"height":184}},"ef_shock_main3":{"0e/s2_ef_shock_main/ef_shock_main_00001":{"x":6.11,"y":70.05,"width":144,"height":184},"0e/s2_ef_shock_main/ef_shock_main_00002":{"x":6.11,"y":70.05,"width":144,"height":184},"0e/s2_ef_shock_main/ef_shock_main_00003":{"x":6.11,"y":70.05,"width":144,"height":184},"0e/s2_ef_shock_main/ef_shock_main_00004":{"x":6.11,"y":70.05,"width":144,"height":184},"0e/s2_ef_shock_main/ef_shock_main_00005":{"x":6.11,"y":70.05,"width":144,"height":184},"0e/s2_ef_shock_main/ef_shock_main_00006":{"x":6.11,"y":70.05,"width":144,"height":184},"0e/s2_ef_shock_main/ef_shock_main_00007":{"x":6.11,"y":70.05,"width":144,"height":184},"0e/s2_ef_shock_main/ef_shock_main_00008":{"x":6.11,"y":70.05,"width":144,"height":184},"0e/s2_ef_shock_main/ef_shock_main_00009":{"x":6.11,"y":70.05,"width":144,"height":184},"0e/s2_ef_shock_main/ef_shock_main_00010":{"x":6.11,"y":70.05,"width":144,"height":184},"0e/s2_ef_shock_main/ef_shock_main_00011":{"x":6.11,"y":70.05,"width":144,"height":184},"0e/s2_ef_shock_main/ef_shock_main_00012":{"x":6.11,"y":70.05,"width":144,"height":184},"0e/s2_ef_shock_main/ef_shock_main_00013":{"x":6.11,"y":70.05,"width":144,"height":184}},"ef_shock_main4":{"0e/s2_ef_shock_main/ef_shock_main_00001":{"x":6.11,"y":70.05,"width":144,"height":184},"0e/s2_ef_shock_main/ef_shock_main_00002":{"x":6.11,"y":70.05,"width":144,"height":184},"0e/s2_ef_shock_main/ef_shock_main_00003":{"x":6.11,"y":70.05,"width":144,"height":184},"0e/s2_ef_shock_main/ef_shock_main_00004":{"x":6.11,"y":70.05,"width":144,"height":184},"0e/s2_ef_shock_main/ef_shock_main_00005":{"x":6.11,"y":70.05,"width":144,"height":184},"0e/s2_ef_shock_main/ef_shock_main_00006":{"x":6.11,"y":70.05,"width":144,"height":184},"0e/s2_ef_shock_main/ef_shock_main_00007":{"x":6.11,"y":70.05,"width":144,"height":184},"0e/s2_ef_shock_main/ef_shock_main_00008":{"x":6.11,"y":70.05,"width":144,"height":184},"0e/s2_ef_shock_main/ef_shock_main_00009":{"x":6.11,"y":70.05,"width":144,"height":184},"0e/s2_ef_shock_main/ef_shock_main_00010":{"x":6.11,"y":70.05,"width":144,"height":184},"0e/s2_ef_shock_main/ef_shock_main_00011":{"x":6.11,"y":70.05,"width":144,"height":184},"0e/s2_ef_shock_main/ef_shock_main_00012":{"x":6.11,"y":70.05,"width":144,"height":184},"0e/s2_ef_shock_main/ef_shock_main_00013":{"x":6.11,"y":70.05,"width":144,"height":184}},"ef_tornade_main":{"0e/s3_ef_tornade_main/ef_tornade_main_00001":{"width":108,"height":184},"0e/s3_ef_tornade_main/ef_tornade_main_00002":{"width":108,"height":184},"0e/s3_ef_tornade_main/ef_tornade_main_00003":{"width":108,"height":184},"0e/s3_ef_tornade_main/ef_tornade_main_00004":{"width":108,"height":184},"0e/s3_ef_tornade_main/ef_tornade_main_00005":{"width":108,"height":184},"0e/s3_ef_tornade_main/ef_tornade_main_00006":{"width":108,"height":184},"0e/s3_ef_tornade_main/ef_tornade_main_00007":{"width":108,"height":184},"0e/s3_ef_tornade_main/ef_tornade_main_00008":{"width":108,"height":184},"0e/s3_ef_tornade_main/ef_tornade_main_00009":{"width":108,"height":184},"0e/s3_ef_tornade_main/ef_tornade_main_00010":{"width":108,"height":184},"0e/s3_ef_tornade_main/ef_tornade_main_00011":{"width":108,"height":184},"0e/s3_ef_tornade_main/ef_tornade_main_00012":{"width":108,"height":184},"0e/s3_ef_tornade_main/ef_tornade_main_00013":{"width":108,"height":184},"0e/s3_ef_tornade_main/ef_tornade_main_00014":{"width":108,"height":184}},"ef_tornade_main2":{"0e/s3_ef_tornade_main/ef_tornade_main_00001":{"width":108,"height":184},"0e/s3_ef_tornade_main/ef_tornade_main_00002":{"width":108,"height":184},"0e/s3_ef_tornade_main/ef_tornade_main_00003":{"width":108,"height":184},"0e/s3_ef_tornade_main/ef_tornade_main_00004":{"width":108,"height":184},"0e/s3_ef_tornade_main/ef_tornade_main_00005":{"width":108,"height":184},"0e/s3_ef_tornade_main/ef_tornade_main_00006":{"width":108,"height":184},"0e/s3_ef_tornade_main/ef_tornade_main_00007":{"width":108,"height":184},"0e/s3_ef_tornade_main/ef_tornade_main_00008":{"width":108,"height":184},"0e/s3_ef_tornade_main/ef_tornade_main_00009":{"width":108,"height":184},"0e/s3_ef_tornade_main/ef_tornade_main_00010":{"width":108,"height":184},"0e/s3_ef_tornade_main/ef_tornade_main_00011":{"width":108,"height":184},"0e/s3_ef_tornade_main/ef_tornade_main_00012":{"width":108,"height":184},"0e/s3_ef_tornade_main/ef_tornade_main_00013":{"width":108,"height":184},"0e/s3_ef_tornade_main/ef_tornade_main_00014":{"width":108,"height":184}},"ef_tornade_main3":{"0e/s3_ef_tornade_main/ef_tornade_main_00001":{"width":108,"height":184},"0e/s3_ef_tornade_main/ef_tornade_main_00002":{"width":108,"height":184},"0e/s3_ef_tornade_main/ef_tornade_main_00003":{"width":108,"height":184},"0e/s3_ef_tornade_main/ef_tornade_main_00004":{"width":108,"height":184},"0e/s3_ef_tornade_main/ef_tornade_main_00005":{"width":108,"height":184},"0e/s3_ef_tornade_main/ef_tornade_main_00006":{"width":108,"height":184},"0e/s3_ef_tornade_main/ef_tornade_main_00007":{"width":108,"height":184},"0e/s3_ef_tornade_main/ef_tornade_main_00008":{"width":108,"height":184},"0e/s3_ef_tornade_main/ef_tornade_main_00009":{"width":108,"height":184},"0e/s3_ef_tornade_main/ef_tornade_main_00010":{"width":108,"height":184},"0e/s3_ef_tornade_main/ef_tornade_main_00011":{"width":108,"height":184},"0e/s3_ef_tornade_main/ef_tornade_main_00012":{"width":108,"height":184},"0e/s3_ef_tornade_main/ef_tornade_main_00013":{"width":108,"height":184},"0e/s3_ef_tornade_main/ef_tornade_main_00014":{"width":108,"height":184}},"ef_tornade_main4":{"0e/s3_ef_tornade_main/ef_tornade_main_00001":{"width":108,"height":184},"0e/s3_ef_tornade_main/ef_tornade_main_00002":{"width":108,"height":184},"0e/s3_ef_tornade_main/ef_tornade_main_00003":{"width":108,"height":184},"0e/s3_ef_tornade_main/ef_tornade_main_00004":{"width":108,"height":184},"0e/s3_ef_tornade_main/ef_tornade_main_00005":{"width":108,"height":184},"0e/s3_ef_tornade_main/ef_tornade_main_00006":{"width":108,"height":184},"0e/s3_ef_tornade_main/ef_tornade_main_00007":{"width":108,"height":184},"0e/s3_ef_tornade_main/ef_tornade_main_00008":{"width":108,"height":184},"0e/s3_ef_tornade_main/ef_tornade_main_00009":{"width":108,"height":184},"0e/s3_ef_tornade_main/ef_tornade_main_00010":{"width":108,"height":184},"0e/s3_ef_tornade_main/ef_tornade_main_00011":{"width":108,"height":184},"0e/s3_ef_tornade_main/ef_tornade_main_00012":{"width":108,"height":184},"0e/s3_ef_tornade_main/ef_tornade_main_00013":{"width":108,"height":184},"0e/s3_ef_tornade_main/ef_tornade_main_00014":{"width":108,"height":184}},"ef_tornade_main5":{"0e/s3_ef_tornade_main/ef_tornade_main_00001":{"width":108,"height":184},"0e/s3_ef_tornade_main/ef_tornade_main_00002":{"width":108,"height":184},"0e/s3_ef_tornade_main/ef_tornade_main_00003":{"width":108,"height":184},"0e/s3_ef_tornade_main/ef_tornade_main_00004":{"width":108,"height":184},"0e/s3_ef_tornade_main/ef_tornade_main_00005":{"width":108,"height":184},"0e/s3_ef_tornade_main/ef_tornade_main_00006":{"width":108,"height":184},"0e/s3_ef_tornade_main/ef_tornade_main_00007":{"width":108,"height":184},"0e/s3_ef_tornade_main/ef_tornade_main_00008":{"width":108,"height":184},"0e/s3_ef_tornade_main/ef_tornade_main_00009":{"width":108,"height":184},"0e/s3_ef_tornade_main/ef_tornade_main_00010":{"width":108,"height":184},"0e/s3_ef_tornade_main/ef_tornade_main_00011":{"width":108,"height":184},"0e/s3_ef_tornade_main/ef_tornade_main_00012":{"width":108,"height":184},"0e/s3_ef_tornade_main/ef_tornade_main_00013":{"width":108,"height":184},"0e/s3_ef_tornade_main/ef_tornade_main_00014":{"width":108,"height":184}},"ef_tornade_main6":{"0e/s3_ef_tornade_main/ef_tornade_main_00001":{"width":108,"height":184},"0e/s3_ef_tornade_main/ef_tornade_main_00002":{"width":108,"height":184},"0e/s3_ef_tornade_main/ef_tornade_main_00003":{"width":108,"height":184},"0e/s3_ef_tornade_main/ef_tornade_main_00004":{"width":108,"height":184},"0e/s3_ef_tornade_main/ef_tornade_main_00005":{"width":108,"height":184},"0e/s3_ef_tornade_main/ef_tornade_main_00006":{"width":108,"height":184},"0e/s3_ef_tornade_main/ef_tornade_main_00007":{"width":108,"height":184},"0e/s3_ef_tornade_main/ef_tornade_main_00008":{"width":108,"height":184},"0e/s3_ef_tornade_main/ef_tornade_main_00009":{"width":108,"height":184},"0e/s3_ef_tornade_main/ef_tornade_main_00010":{"width":108,"height":184},"0e/s3_ef_tornade_main/ef_tornade_main_00011":{"width":108,"height":184},"0e/s3_ef_tornade_main/ef_tornade_main_00012":{"width":108,"height":184},"0e/s3_ef_tornade_main/ef_tornade_main_00013":{"width":108,"height":184},"0e/s3_ef_tornade_main/ef_tornade_main_00014":{"width":108,"height":184}},"ef_tower":{"0e/s2_ef_tower main/ef_tower main_00001":{"width":114,"height":342},"0e/s2_ef_tower main/ef_tower main_00002":{"width":114,"height":342}},"ef_wave_main":{"0e/s3_ef_wave_main/ef_wave_main_00001":{"width":180,"height":300},"0e/s3_ef_wave_main/ef_wave_main_00002":{"width":180,"height":300},"0e/s3_ef_wave_main/ef_wave_main_00003":{"width":180,"height":300},"0e/s3_ef_wave_main/ef_wave_main_00004":{"width":180,"height":300},"0e/s3_ef_wave_main/ef_wave_main_00005":{"width":180,"height":300},"0e/s3_ef_wave_main/ef_wave_main_00006":{"width":180,"height":300},"0e/s3_ef_wave_main/ef_wave_main_00007":{"width":180,"height":300},"0e/s3_ef_wave_main/ef_wave_main_00008":{"width":180,"height":300},"0e/s3_ef_wave_main/ef_wave_main_00009":{"width":180,"height":300},"0e/s3_ef_wave_main/ef_wave_main_00010":{"width":180,"height":300}},"ef_wave_main2":{"0e/s3_ef_wave_main/ef_wave_main_00001":{"width":180,"height":300},"0e/s3_ef_wave_main/ef_wave_main_00002":{"width":180,"height":300},"0e/s3_ef_wave_main/ef_wave_main_00003":{"width":180,"height":300},"0e/s3_ef_wave_main/ef_wave_main_00004":{"width":180,"height":300},"0e/s3_ef_wave_main/ef_wave_main_00005":{"width":180,"height":300},"0e/s3_ef_wave_main/ef_wave_main_00006":{"width":180,"height":300},"0e/s3_ef_wave_main/ef_wave_main_00007":{"width":180,"height":300},"0e/s3_ef_wave_main/ef_wave_main_00008":{"width":180,"height":300},"0e/s3_ef_wave_main/ef_wave_main_00009":{"width":180,"height":300},"0e/s3_ef_wave_main/ef_wave_main_00010":{"width":180,"height":300}}}},"events":{"Sound1":{},"Sound2":{},"Sound3":{},"event":{}},"animations":{"attack1":{"slots":{"DAMAGEAREA":{"attachment":[{"time":0.4,"name":"DAMAGEAREA"},{"time":0.4666,"name":null}]},"ef_attack_main":{"attachment":[{"time":0.3333,"name":"0e/s3_ef_attack_main/ef_attack_main_00001"},{"time":0.3666,"name":"0e/s3_ef_attack_main/ef_attack_main_00002"},{"time":0.4,"name":"0e/s3_ef_attack_main/ef_attack_main_00003"},{"time":0.4333,"name":"0e/s3_ef_attack_main/ef_attack_main_00004"},{"time":0.4666,"name":"0e/s3_ef_attack_main/ef_attack_main_00005"},{"time":0.5,"name":"0e/s3_ef_attack_main/ef_attack_main_00006"},{"time":0.5333,"name":null}]},"ef_fire_wave":{"attachment":[{"time":0.3333,"name":"0e/s13_ef_fire_wave_main/ef_fire_wave_main_00003"},{"time":0.3666,"name":"0e/s13_ef_fire_wave_main/ef_fire_wave_main_00004"},{"time":0.4,"name":"0e/s13_ef_fire_wave_main/ef_fire_wave_main_00005"},{"time":0.4333,"name":"0e/s13_ef_fire_wave_main/ef_fire_wave_main_00006"},{"time":0.4666,"name":"0e/s13_ef_fire_wave_main/ef_fire_wave_main_00007"},{"time":0.5,"name":"0e/s13_ef_fire_wave_main/ef_fire_wave_main_00008"},{"time":0.5333,"name":"0e/s13_ef_fire_wave_main/ef_fire_wave_main_00009"},{"time":0.5666,"name":"0e/s13_ef_fire_wave_main/ef_fire_wave_main_00010"},{"time":0.6,"name":"0e/s13_ef_fire_wave_main/ef_fire_wave_main_00011"},{"time":0.6333,"name":"0e/s13_ef_fire_wave_main/ef_fire_wave_main_00012"},{"time":0.6666,"name":null}]},"ef_graund_smoke":{"attachment":[{"time":0.5666,"name":"0e/s123_ef_graund_smoke_main/ef_graund_smoke_main_00001"},{"time":0.6,"name":"0e/s123_ef_graund_smoke_main/ef_graund_smoke_main_00003"},{"time":0.6333,"name":"0e/s123_ef_graund_smoke_main/ef_graund_smoke_main_00005"},{"time":0.6666,"name":"0e/s123_ef_graund_smoke_main/ef_graund_smoke_main_00007"},{"time":0.7,"name":"0e/s123_ef_graund_smoke_main/ef_graund_smoke_main_00009"},{"time":0.7333,"name":"0e/s123_ef_graund_smoke_main/ef_graund_smoke_main_00011"},{"time":0.7666,"name":"0e/s123_ef_graund_smoke_main/ef_graund_smoke_main_00013"},{"time":0.8,"name":"0e/s123_ef_graund_smoke_main/ef_graund_smoke_main_00015"},{"time":0.8333,"name":"0e/s123_ef_graund_smoke_main/ef_graund_smoke_main_00017"},{"time":0.8666,"name":"0e/s123_ef_graund_smoke_main/ef_graund_smoke_main_00019"},{"time":0.9,"name":"0e/s123_ef_graund_smoke_main/ef_graund_smoke_main_00021"},{"time":0.9333,"name":"0e/s123_ef_graund_smoke_main/ef_graund_smoke_main_00023"},{"time":0.9666,"name":"0e/s123_ef_graund_smoke_main/ef_graund_smoke_main_00025"},{"time":1,"name":"0e/s123_ef_graund_smoke_main/ef_graund_smoke_main_00027"},{"time":1.0333,"name":"0e/s123_ef_graund_smoke_main/ef_graund_smoke_main_00029"},{"time":1.0666,"name":"0e/s123_ef_graund_smoke_main/ef_graund_smoke_main_00031"},{"time":1.1,"name":null}]},"ef_graund_smoke2":{"attachment":[{"time":0.3333,"name":"0e/s123_ef_graund_smoke_main/ef_graund_smoke_main_00027"},{"time":0.3666,"name":"0e/s123_ef_graund_smoke_main/ef_graund_smoke_main_00028"},{"time":0.4,"name":"0e/s123_ef_graund_smoke_main/ef_graund_smoke_main_00029"},{"time":0.4333,"name":"0e/s123_ef_graund_smoke_main/ef_graund_smoke_main_00030"},{"time":0.4666,"name":"0e/s123_ef_graund_smoke_main/ef_graund_smoke_main_00031"},{"time":0.5,"name":"0e/s123_ef_graund_smoke_main/ef_graund_smoke_main_00032"},{"time":0.5333,"name":null}]},"ef_graund_smoke3":{"attachment":[{"time":0.5666,"name":"0e/s123_ef_graund_smoke_main/ef_graund_smoke_main_00001"},{"time":0.6,"name":"0e/s123_ef_graund_smoke_main/ef_graund_smoke_main_00003"},{"time":0.6333,"name":"0e/s123_ef_graund_smoke_main/ef_graund_smoke_main_00005"},{"time":0.6666,"name":"0e/s123_ef_graund_smoke_main/ef_graund_smoke_main_00007"},{"time":0.7,"name":"0e/s123_ef_graund_smoke_main/ef_graund_smoke_main_00009"},{"time":0.7333,"name":"0e/s123_ef_graund_smoke_main/ef_graund_smoke_main_00011"},{"time":0.7666,"name":"0e/s123_ef_graund_smoke_main/ef_graund_smoke_main_00013"},{"time":0.8,"name":"0e/s123_ef_graund_smoke_main/ef_graund_smoke_main_00015"},{"time":0.8333,"name":"0e/s123_ef_graund_smoke_main/ef_graund_smoke_main_00017"},{"time":0.8666,"name":"0e/s123_ef_graund_smoke_main/ef_graund_smoke_main_00019"},{"time":0.9,"name":"0e/s123_ef_graund_smoke_main/ef_graund_smoke_main_00021"},{"time":0.9333,"name":"0e/s123_ef_graund_smoke_main/ef_graund_smoke_main_00023"},{"time":0.9666,"name":"0e/s123_ef_graund_smoke_main/ef_graund_smoke_main_00025"},{"time":1,"name":"0e/s123_ef_graund_smoke_main/ef_graund_smoke_main_00027"},{"time":1.0333,"name":"0e/s123_ef_graund_smoke_main/ef_graund_smoke_main_00029"},{"time":1.0666,"name":"0e/s123_ef_graund_smoke_main/ef_graund_smoke_main_00031"},{"time":1.1,"name":null}]},"ef_rock":{"attachment":[{"time":0.4333,"name":"0e/s2_ef_rock_main/ef_rock_main_00002"},{"time":0.4666,"name":"0e/s2_ef_rock_main/ef_rock_main_00003"},{"time":0.5,"name":"0e/s2_ef_rock_main/ef_rock_main_00005"},{"time":0.5333,"name":"0e/s2_ef_rock_main/ef_rock_main_00006"},{"time":0.5666,"name":"0e/s2_ef_rock_main/ef_rock_main_00008"},{"time":0.6,"name":"0e/s2_ef_rock_main/ef_rock_main_00009"},{"time":0.6333,"name":"0e/s2_ef_rock_main/ef_rock_main_00011"},{"time":0.6666,"name":"0e/s2_ef_rock_main/ef_rock_main_00012"},{"time":0.7,"name":"0e/s2_ef_rock_main/ef_rock_main_00014"},{"time":0.7333,"name":"0e/s2_ef_rock_main/ef_rock_main_00015"},{"time":0.8333,"name":null}]},"ef_rock2":{"attachment":[{"time":0.5,"name":"0e/s2_ef_rock_main/ef_rock_main_00002"},{"time":0.5333,"name":"0e/s2_ef_rock_main/ef_rock_main_00003"},{"time":0.5666,"name":"0e/s2_ef_rock_main/ef_rock_main_00005"},{"time":0.6,"name":"0e/s2_ef_rock_main/ef_rock_main_00006"},{"time":0.6333,"name":"0e/s2_ef_rock_main/ef_rock_main_00008"},{"time":0.6666,"name":"0e/s2_ef_rock_main/ef_rock_main_00009"},{"time":0.7,"name":"0e/s2_ef_rock_main/ef_rock_main_00011"},{"time":0.7333,"name":"0e/s2_ef_rock_main/ef_rock_main_00012"},{"time":0.7666,"name":"0e/s2_ef_rock_main/ef_rock_main_00014"},{"time":0.8,"name":"0e/s2_ef_rock_main/ef_rock_main_00015"},{"time":0.9,"name":null}]},"ef_shock_main":{"attachment":[{"time":0.4,"name":"0e/s2_ef_shock_main/ef_shock_main_00001"},{"time":0.4333,"name":"0e/s2_ef_shock_main/ef_shock_main_00002"},{"time":0.4666,"name":"0e/s2_ef_shock_main/ef_shock_main_00003"},{"time":0.5,"name":"0e/s2_ef_shock_main/ef_shock_main_00004"},{"time":0.5333,"name":"0e/s2_ef_shock_main/ef_shock_main_00005"},{"time":0.5666,"name":"0e/s2_ef_shock_main/ef_shock_main_00006"},{"time":0.6,"name":"0e/s2_ef_shock_main/ef_shock_main_00007"},{"time":0.6333,"name":"0e/s2_ef_shock_main/ef_shock_main_00008"},{"time":0.7,"name":"0e/s2_ef_shock_main/ef_shock_main_00009"},{"time":0.7333,"name":"0e/s2_ef_shock_main/ef_shock_main_00010"},{"time":0.7666,"name":"0e/s2_ef_shock_main/ef_shock_main_00011"},{"time":0.8,"name":"0e/s2_ef_shock_main/ef_shock_main_00012"},{"time":0.8333,"name":"0e/s2_ef_shock_main/ef_shock_main_00013"},{"time":0.8666,"name":null}],"color":[{"time":0.6333,"color":"ffffffff"},{"time":0.6666,"color":"ffffff65","curve":"stepped"},{"time":0.7,"color":"ffffffff"}]},"ef_shock_main2":{"attachment":[{"time":0.4,"name":"0e/s2_ef_shock_main/ef_shock_main_00001"},{"time":0.4333,"name":"0e/s2_ef_shock_main/ef_shock_main_00002"},{"time":0.4666,"name":"0e/s2_ef_shock_main/ef_shock_main_00003"},{"time":0.5,"name":"0e/s2_ef_shock_main/ef_shock_main_00004"},{"time":0.5333,"name":"0e/s2_ef_shock_main/ef_shock_main_00005"},{"time":0.5666,"name":"0e/s2_ef_shock_main/ef_shock_main_00006"},{"time":0.6,"name":"0e/s2_ef_shock_main/ef_shock_main_00007"},{"time":0.6333,"name":"0e/s2_ef_shock_main/ef_shock_main_00008"},{"time":0.7,"name":"0e/s2_ef_shock_main/ef_shock_main_00009"},{"time":0.7333,"name":"0e/s2_ef_shock_main/ef_shock_main_00010"},{"time":0.7666,"name":"0e/s2_ef_shock_main/ef_shock_main_00011"},{"time":0.8,"name":"0e/s2_ef_shock_main/ef_shock_main_00012"},{"time":0.8333,"name":"0e/s2_ef_shock_main/ef_shock_main_00013"},{"time":0.8666,"name":null}],"color":[{"time":0.6333,"color":"ffffffff"},{"time":0.6666,"color":"ffffff65","curve":"stepped"},{"time":0.7,"color":"ffffffff"}]},"ef_shock_main3":{"attachment":[{"time":0.4333,"name":"0e/s2_ef_shock_main/ef_shock_main_00001"},{"time":0.4666,"name":"0e/s2_ef_shock_main/ef_shock_main_00002"},{"time":0.5,"name":"0e/s2_ef_shock_main/ef_shock_main_00003"},{"time":0.5333,"name":"0e/s2_ef_shock_main/ef_shock_main_00004"},{"time":0.5666,"name":"0e/s2_ef_shock_main/ef_shock_main_00005"},{"time":0.6,"name":"0e/s2_ef_shock_main/ef_shock_main_00006"},{"time":0.6333,"name":"0e/s2_ef_shock_main/ef_shock_main_00007"},{"time":0.6666,"name":"0e/s2_ef_shock_main/ef_shock_main_00008"},{"time":0.7333,"name":"0e/s2_ef_shock_main/ef_shock_main_00009"},{"time":0.7666,"name":"0e/s2_ef_shock_main/ef_shock_main_00010"},{"time":0.8,"name":"0e/s2_ef_shock_main/ef_shock_main_00011"},{"time":0.8333,"name":"0e/s2_ef_shock_main/ef_shock_main_00012"},{"time":0.8666,"name":"0e/s2_ef_shock_main/ef_shock_main_00013"},{"time":0.9,"name":null}],"color":[{"time":0.6666,"color":"ffffffff"},{"time":0.7,"color":"ffffff65","curve":"stepped"},{"time":0.7333,"color":"ffffffff"}]},"ef_shock_main4":{"attachment":[{"time":0.4333,"name":"0e/s2_ef_shock_main/ef_shock_main_00001"},{"time":0.4666,"name":"0e/s2_ef_shock_main/ef_shock_main_00002"},{"time":0.5,"name":"0e/s2_ef_shock_main/ef_shock_main_00003"},{"time":0.5333,"name":"0e/s2_ef_shock_main/ef_shock_main_00004"},{"time":0.5666,"name":"0e/s2_ef_shock_main/ef_shock_main_00005"},{"time":0.6,"name":"0e/s2_ef_shock_main/ef_shock_main_00006"},{"time":0.6333,"name":"0e/s2_ef_shock_main/ef_shock_main_00007"},{"time":0.6666,"name":"0e/s2_ef_shock_main/ef_shock_main_00008"},{"time":0.7333,"name":"0e/s2_ef_shock_main/ef_shock_main_00009"},{"time":0.7666,"name":"0e/s2_ef_shock_main/ef_shock_main_00010"},{"time":0.8,"name":"0e/s2_ef_shock_main/ef_shock_main_00011"},{"time":0.8333,"name":"0e/s2_ef_shock_main/ef_shock_main_00012"},{"time":0.8666,"name":"0e/s2_ef_shock_main/ef_shock_main_00013"},{"time":0.9,"name":null}],"color":[{"time":0.6666,"color":"ffffffff"},{"time":0.7,"color":"ffffff65","curve":"stepped"},{"time":0.7333,"color":"ffffffff"}]},"ef_tower":{"attachment":[{"time":0.3333,"name":"0e/s2_ef_tower main/ef_tower main_00001"},{"time":0.3666,"name":"0e/s2_ef_tower main/ef_tower main_00002"},{"time":0.4666,"name":null}]},"ef_wave_main":{"attachment":[{"time":0.3333,"name":"0e/s3_ef_wave_main/ef_wave_main_00001"},{"time":0.3666,"name":"0e/s3_ef_wave_main/ef_wave_main_00002"},{"time":0.4,"name":"0e/s3_ef_wave_main/ef_wave_main_00003"},{"time":0.4333,"name":"0e/s3_ef_wave_main/ef_wave_main_00004"},{"time":0.4666,"name":"0e/s3_ef_wave_main/ef_wave_main_00005"},{"time":0.5,"name":"0e/s3_ef_wave_main/ef_wave_main_00006"},{"time":0.5333,"name":"0e/s3_ef_wave_main/ef_wave_main_00007"},{"time":0.5666,"name":"0e/s3_ef_wave_main/ef_wave_main_00008"},{"time":0.6,"name":"0e/s3_ef_wave_main/ef_wave_main_00009"},{"time":0.6333,"name":"0e/s3_ef_wave_main/ef_wave_main_00010"},{"time":0.6666,"name":null}]},"ef_wave_main2":{"attachment":[{"time":0.3666,"name":"0e/s3_ef_wave_main/ef_wave_main_00001"},{"time":0.4,"name":"0e/s3_ef_wave_main/ef_wave_main_00002"},{"time":0.4333,"name":"0e/s3_ef_wave_main/ef_wave_main_00003"},{"time":0.4666,"name":"0e/s3_ef_wave_main/ef_wave_main_00004"},{"time":0.5,"name":"0e/s3_ef_wave_main/ef_wave_main_00005"},{"time":0.5333,"name":"0e/s3_ef_wave_main/ef_wave_main_00006"},{"time":0.5666,"name":"0e/s3_ef_wave_main/ef_wave_main_00007"},{"time":0.6,"name":"0e/s3_ef_wave_main/ef_wave_main_00008"},{"time":0.6333,"name":"0e/s3_ef_wave_main/ef_wave_main_00009"},{"time":0.6666,"name":"0e/s3_ef_wave_main/ef_wave_main_00010"},{"time":0.7,"name":null}]}},"bones":{"ef_shock_main":{"translate":[{"time":0.4,"x":-755,"y":13.46}],"scale":[{"time":0.4,"x":-5,"y":5},{"time":0.8333,"x":-6,"y":5}]},"ef_graund_smoke":{"translate":[{"time":0.5666,"x":-855,"y":0}],"scale":[{"time":0.5666,"x":-6,"y":6}]},"ef_graund_smoke3":{"translate":[{"time":0.5666,"x":-1055,"y":0}],"scale":[{"time":0.5666,"x":6,"y":6}]},"ef_fire_wave":{"rotate":[{"time":0.3333,"angle":67.85}],"translate":[{"time":0.3333,"x":-799.47,"y":374.3},{"time":0.4333,"x":-1000.9,"y":-46.7}],"scale":[{"time":0.3333,"x":3,"y":3}]},"ef_tower":{"rotate":[{"time":0.3333,"angle":-24.89}],"translate":[{"time":0.3333,"x":-469.63,"y":406.31}],"scale":[{"time":0.3333,"x":2.916,"y":5.526},{"time":0.4,"x":4.83,"y":5.837},{"time":0.4666,"x":0.217,"y":5.998}]},"ef_wave_main":{"rotate":[{"time":0.3333,"angle":-112.6}],"translate":[{"time":0.3333,"x":-151.86,"y":433.79}],"scale":[{"time":0.3333,"x":3,"y":3},{"time":0.6333,"x":5,"y":5}]},"ef_wave_main2":{"rotate":[{"time":0.3666,"angle":-112.6}],"translate":[{"time":0.3666,"x":-263.52,"y":198.95}],"scale":[{"time":0.3666,"x":3,"y":3},{"time":0.6666,"x":5,"y":5}]},"ef_attack_main":{"rotate":[{"time":0.3333,"angle":64.3}],"translate":[{"time":0.3333,"x":-311.82,"y":350.04},{"time":0.4333,"x":-332.86,"y":286.92}],"scale":[{"time":0.3333,"x":6,"y":6},{"time":0.5,"x":9,"y":9}]},"ef_rock":{"translate":[{"time":0.4333,"x":-705,"y":0}],"scale":[{"time":0.4333,"x":3,"y":3},{"time":0.5,"x":5,"y":4}]},"ef_rock2":{"translate":[{"time":0.5,"x":-705,"y":0}],"scale":[{"time":0.5,"x":-3,"y":2.566}]},"ef_shock_main2":{"translate":[{"time":0.4,"x":-555,"y":13.46}],"scale":[{"time":0.4,"x":5,"y":5},{"time":0.8333,"x":6,"y":5}]},"ef_shock_main3":{"translate":[{"time":0.4333,"x":-905,"y":13.46}],"scale":[{"time":0.4333,"x":-5,"y":5},{"time":0.8666,"x":-7,"y":4}]},"ef_shock_main4":{"translate":[{"time":0.4333,"x":-405,"y":13.46}],"scale":[{"time":0.4333,"x":5,"y":5},{"time":0.8666,"x":7,"y":4}]},"scale":{"translate":[{"time":0,"x":159.26,"y":0}],"scale":[{"time":0,"x":0.477,"y":0.477}]},"DAMAGEAREA":{"translate":[{"time":0.4,"x":0,"y":61.13}],"scale":[{"time":0.4,"x":2.982,"y":2.546}]}},"events":[{"time":0,"name":"event","float":0.25,"string":"kHitStopType_normal"},{"time":0.1666,"name":"Sound3","string":"setHitSound(se_battle_hard_hit)"},{"time":0.3,"name":"event","string":"setPosition_Target"},{"time":0.4,"name":"Sound1","string":"cri_se_battle_skill_swish"},{"time":0.4,"name":"Sound2","string":"cri_se_battle_029_explosion_01"},{"time":0.4,"name":"Sound3","string":"cri_se_battle_darkness_explosion"},{"time":0.4,"name":"event","float":3,"string":"shakeGround"}]}}}