{"skeleton":{"hash":"R9vegJP8Kete3CM8mjIuJUtJIFs","spine":"3.0.12","width":0,"height":0,"images":"./image2/"},"bones":[{"name":"root","color":"ffffffff"},{"name":"MAIN","parent":"root","color":"ffbd00ff"},{"name":"EF_swordray1_1","parent":"MAIN","x":400,"color":"ffbd00ff"},{"name":"EF_sword6_2","parent":"MAIN","color":"ff0700ff"},{"name":"EF_sword6_1","parent":"MAIN","color":"ff0700ff"},{"name":"EF_sword5_3","parent":"MAIN","color":"ff0700ff"},{"name":"EF_sword5_2","parent":"MAIN","color":"ff0700ff"},{"name":"EF_sword5_1","parent":"MAIN","color":"ff0700ff"},{"name":"EF_sword4_1","parent":"MAIN","color":"ff70ffff"},{"name":"EF_sword3_1","parent":"MAIN","color":"b84dffff"},{"name":"EF_sword2_2","parent":"MAIN","color":"ff0700ff"},{"name":"EF_sword2_1","parent":"MAIN","color":"ff0700ff"},{"name":"EF_sword1_2","parent":"MAIN","color":"ff0700ff"},{"name":"EF_sword1_1","parent":"MAIN","color":"ff0700ff"},{"name":"EF_spin1_4","parent":"MAIN","x":300,"color":"ffb300ff"},{"name":"EF_spin1_3","parent":"MAIN","x":300,"color":"ffb300ff"},{"name":"EF_spin1_2","parent":"MAIN","x":300,"color":"ffb300ff"},{"name":"EF_spin1_1","parent":"MAIN","x":300,"color":"ffb300ff"},{"name":"EF_smash1_4","parent":"MAIN","x":150,"y":150,"color":"ffb300ff"},{"name":"EF_smash1_3","parent":"MAIN","x":150,"y":150,"color":"ffb300ff"},{"name":"EF_smash1_2","parent":"MAIN","x":150,"y":150,"color":"ffb300ff"},{"name":"EF_smash1_1","parent":"MAIN","x":150,"y":150,"color":"ffb300ff"},{"name":"EF_shine1_1","parent":"MAIN","x":200,"y":100,"color":"ffb300ff"},{"name":"EF_rock2_7","parent":"MAIN","x":2.53,"y":-4.85,"color":"ff0a0dff"},{"name":"EF_rock2_6","parent":"MAIN","x":2.53,"y":-4.85,"color":"ff0a0dff"},{"name":"EF_rock2_5","parent":"MAIN","x":2.53,"y":-4.85,"color":"ff0a0dff"},{"name":"EF_rock2_4","parent":"MAIN","x":2.53,"y":-4.85,"color":"ff0a0dff"},{"name":"EF_rock2_3","parent":"MAIN","x":2.53,"y":-4.85,"color":"ff0a0dff"},{"name":"EF_rock2_2","parent":"MAIN","x":2.53,"y":-4.85,"color":"ff0a0dff"},{"name":"EF_rock2_1","parent":"MAIN","x":2.53,"y":-4.85,"color":"ff0a0dff"},{"name":"EF_rock1_7","parent":"MAIN","x":100,"color":"ff7116ff"},{"name":"EF_rock1_6","parent":"MAIN","x":100,"color":"ff7116ff"},{"name":"EF_rock1_5","parent":"MAIN","x":100,"color":"ff7116ff"},{"name":"EF_rock1_4","parent":"MAIN","x":100,"color":"ff7116ff"},{"name":"EF_rock1_3","parent":"MAIN","x":100,"color":"ff7116ff"},{"name":"EF_rock1_2","parent":"MAIN","x":100,"color":"ff7116ff"},{"name":"EF_rock1_1","parent":"MAIN","x":100,"color":"ff7116ff"},{"name":"EF_rayline1_1","parent":"MAIN","x":450,"color":"ffbd00ff"},{"name":"EF_particle1_8","parent":"MAIN","x":150,"color":"1a00ffff"},{"name":"EF_particle1_7","parent":"MAIN","x":150,"color":"1a00ffff"},{"name":"EF_particle1_6","parent":"MAIN","x":150,"color":"1a00ffff"},{"name":"EF_particle1_5","parent":"MAIN","x":150,"color":"1a00ffff"},{"name":"EF_particle1_4","parent":"MAIN","x":150,"color":"1a00ffff"},{"name":"EF_particle1_3","parent":"MAIN","x":150,"color":"1a00ffff"},{"name":"EF_particle1_2","parent":"MAIN","x":150,"color":"1a00ffff"},{"name":"EF_particle1_1","parent":"MAIN","x":150,"color":"1a00ffff"},{"name":"EF_dust1_3","parent":"MAIN","x":350,"color":"005e05ff"},{"name":"EF_dust1_2","parent":"MAIN","x":350,"color":"005e05ff"},{"name":"EF_dust1_1","parent":"MAIN","x":350,"color":"005e05ff"},{"name":"DAMAGEAREA","parent":"root","color":"ffffffff"}],"slots":[{"name":"EF_particle1_1","bone":"EF_particle1_1","blend":"additive"},{"name":"EF_particle1_2","bone":"EF_particle1_2","blend":"additive"},{"name":"EF_particle1_3","bone":"EF_particle1_3","blend":"additive"},{"name":"EF_particle1_4","bone":"EF_particle1_4","blend":"additive"},{"name":"EF_particle1_5","bone":"EF_particle1_5","blend":"additive"},{"name":"EF_particle1_6","bone":"EF_particle1_6","blend":"additive"},{"name":"EF_particle1_7","bone":"EF_particle1_7","blend":"additive"},{"name":"EF_particle1_8","bone":"EF_particle1_8","blend":"additive"},{"name":"EF_shine1_1","bone":"EF_shine1_1","blend":"additive"},{"name":"EF_smash1_1","bone":"EF_smash1_1","blend":"additive"},{"name":"EF_smash1_2","bone":"EF_smash1_2","blend":"additive"},{"name":"EF_smash1_3","bone":"EF_smash1_3","blend":"additive"},{"name":"EF_smash1_4","bone":"EF_smash1_4","blend":"additive"},{"name":"EF_spin1_1","bone":"EF_spin1_1","blend":"additive"},{"name":"EF_spin1_2","bone":"EF_spin1_2","blend":"additive"},{"name":"EF_spin1_3","bone":"EF_spin1_3","blend":"additive"},{"name":"EF_spin1_4","bone":"EF_spin1_4","blend":"additive"},{"name":"EF_rock1_1","bone":"EF_rock1_1"},{"name":"EF_rock1_2","bone":"EF_rock1_2"},{"name":"EF_rock1_3","bone":"EF_rock1_3"},{"name":"EF_rock1_4","bone":"EF_rock1_4"},{"name":"EF_rock1_5","bone":"EF_rock1_5"},{"name":"EF_rock1_6","bone":"EF_rock1_6"},{"name":"EF_rock1_7","bone":"EF_rock1_7"},{"name":"EF_dust1_1","bone":"EF_dust1_1","blend":"additive"},{"name":"EF_dust1_2","bone":"EF_dust1_2","blend":"additive"},{"name":"EF_dust1_3","bone":"EF_dust1_3","blend":"additive"},{"name":"EF_sword3_1","bone":"EF_sword3_1"},{"name":"EF_sword4_1","bone":"EF_sword4_1"},{"name":"EF_sword5_1","bone":"EF_sword5_1"},{"name":"EF_sword5_2","bone":"EF_sword5_2"},{"name":"EF_sword5_3","bone":"EF_sword5_3"},{"name":"EF_sword6_1","bone":"EF_sword6_1"},{"name":"EF_sword6_2","bone":"EF_sword6_2"},{"name":"EF_sword2_1","bone":"EF_sword2_1"},{"name":"EF_sword2_2","bone":"EF_sword2_2"},{"name":"EF_sword1_1","bone":"EF_sword1_1"},{"name":"EF_sword1_2","bone":"EF_sword1_2"},{"name":"EF_rock2_1","bone":"EF_rock2_1"},{"name":"EF_rock2_2","bone":"EF_rock2_2"},{"name":"EF_rock2_3","bone":"EF_rock2_3"},{"name":"EF_rock2_4","bone":"EF_rock2_4"},{"name":"EF_rock2_5","bone":"EF_rock2_5"},{"name":"EF_rock2_6","bone":"EF_rock2_6"},{"name":"EF_rock2_7","bone":"EF_rock2_7"},{"name":"EF_rayline1_1","bone":"EF_rayline1_1","blend":"additive"},{"name":"DAMAGEAREA","bone":"DAMAGEAREA"},{"name":"EF_swordray1_1","bone":"EF_swordray1_1","blend":"additive"}],"skins":{"default":{"DAMAGEAREA":{"DAMAGEAREA":{"type":"boundingbox","vertices":[-63.93776,-64.14875,63.73588,-63.90275,63.73588,64.0169,-63.93776,64.0169]}},"EF_dust1_1":{"EF/ef_tuti_main/ef_tuti_main_00002":{"y":5.3,"width":180,"height":120},"EF/ef_tuti_main/ef_tuti_main_00004":{"y":5.3,"width":180,"height":120},"EF/ef_tuti_main/ef_tuti_main_00006":{"y":5.3,"width":180,"height":120},"EF/ef_tuti_main/ef_tuti_main_00008":{"y":5.3,"width":180,"height":120},"EF/ef_tuti_main/ef_tuti_main_00010":{"y":5.3,"width":180,"height":120},"EF/ef_tuti_main/ef_tuti_main_00012":{"y":5.3,"width":180,"height":120},"EF/ef_tuti_main/ef_tuti_main_00014":{"y":5.3,"width":180,"height":120},"EF/ef_tuti_main/ef_tuti_main_00016":{"y":5.3,"width":180,"height":120}},"EF_dust1_2":{"EF/ef_tuti_main/ef_tuti_main_00002":{"y":5.3,"width":180,"height":120},"EF/ef_tuti_main/ef_tuti_main_00004":{"y":5.3,"width":180,"height":120},"EF/ef_tuti_main/ef_tuti_main_00006":{"y":5.3,"width":180,"height":120},"EF/ef_tuti_main/ef_tuti_main_00008":{"y":5.3,"width":180,"height":120},"EF/ef_tuti_main/ef_tuti_main_00010":{"y":5.3,"width":180,"height":120},"EF/ef_tuti_main/ef_tuti_main_00012":{"y":5.3,"width":180,"height":120},"EF/ef_tuti_main/ef_tuti_main_00014":{"y":5.3,"width":180,"height":120},"EF/ef_tuti_main/ef_tuti_main_00016":{"y":5.3,"width":180,"height":120}},"EF_dust1_3":{"EF/ef_tuti_main/ef_tuti_main_00002":{"y":5.3,"width":180,"height":120},"EF/ef_tuti_main/ef_tuti_main_00004":{"y":5.3,"width":180,"height":120},"EF/ef_tuti_main/ef_tuti_main_00006":{"y":5.3,"width":180,"height":120},"EF/ef_tuti_main/ef_tuti_main_00008":{"y":5.3,"width":180,"height":120},"EF/ef_tuti_main/ef_tuti_main_00010":{"y":5.3,"width":180,"height":120},"EF/ef_tuti_main/ef_tuti_main_00012":{"y":5.3,"width":180,"height":120},"EF/ef_tuti_main/ef_tuti_main_00014":{"y":5.3,"width":180,"height":120},"EF/ef_tuti_main/ef_tuti_main_00016":{"y":5.3,"width":180,"height":120}},"EF_particle1_1":{"EF/EF_particle2/ef_tornade_particle_mian_00024":{"y":82.59,"width":200,"height":200},"EF/EF_particle2/ef_tornade_particle_mian_00026":{"y":82.59,"width":200,"height":200},"EF/EF_particle2/ef_tornade_particle_mian_00028":{"y":82.59,"width":200,"height":200},"EF/EF_particle2/ef_tornade_particle_mian_00030":{"y":82.59,"width":200,"height":200}},"EF_particle1_2":{"EF/EF_particle2/ef_tornade_particle_mian_00024":{"y":82.59,"width":200,"height":200},"EF/EF_particle2/ef_tornade_particle_mian_00026":{"y":82.59,"width":200,"height":200},"EF/EF_particle2/ef_tornade_particle_mian_00028":{"y":82.59,"width":200,"height":200},"EF/EF_particle2/ef_tornade_particle_mian_00030":{"y":82.59,"width":200,"height":200}},"EF_particle1_3":{"EF/EF_particle2/ef_tornade_particle_mian_00024":{"y":82.59,"width":200,"height":200},"EF/EF_particle2/ef_tornade_particle_mian_00026":{"y":82.59,"width":200,"height":200},"EF/EF_particle2/ef_tornade_particle_mian_00028":{"y":82.59,"width":200,"height":200},"EF/EF_particle2/ef_tornade_particle_mian_00030":{"y":82.59,"width":200,"height":200}},"EF_particle1_4":{"EF/EF_particle2/ef_tornade_particle_mian_00024":{"y":82.59,"width":200,"height":200},"EF/EF_particle2/ef_tornade_particle_mian_00026":{"y":82.59,"width":200,"height":200},"EF/EF_particle2/ef_tornade_particle_mian_00028":{"y":82.59,"width":200,"height":200},"EF/EF_particle2/ef_tornade_particle_mian_00030":{"y":82.59,"width":200,"height":200}},"EF_particle1_5":{"EF/EF_particle2/ef_tornade_particle_mian_00024":{"y":82.59,"width":200,"height":200},"EF/EF_particle2/ef_tornade_particle_mian_00026":{"y":82.59,"width":200,"height":200},"EF/EF_particle2/ef_tornade_particle_mian_00028":{"y":82.59,"width":200,"height":200},"EF/EF_particle2/ef_tornade_particle_mian_00030":{"y":82.59,"width":200,"height":200}},"EF_particle1_6":{"EF/EF_particle2/ef_tornade_particle_mian_00024":{"y":82.59,"width":200,"height":200},"EF/EF_particle2/ef_tornade_particle_mian_00026":{"y":82.59,"width":200,"height":200},"EF/EF_particle2/ef_tornade_particle_mian_00028":{"y":82.59,"width":200,"height":200},"EF/EF_particle2/ef_tornade_particle_mian_00030":{"y":82.59,"width":200,"height":200}},"EF_particle1_7":{"EF/EF_particle2/ef_tornade_particle_mian_00024":{"y":82.59,"width":200,"height":200},"EF/EF_particle2/ef_tornade_particle_mian_00026":{"y":82.59,"width":200,"height":200},"EF/EF_particle2/ef_tornade_particle_mian_00028":{"y":82.59,"width":200,"height":200},"EF/EF_particle2/ef_tornade_particle_mian_00030":{"y":82.59,"width":200,"height":200}},"EF_particle1_8":{"EF/EF_particle2/ef_tornade_particle_mian_00024":{"y":82.59,"width":200,"height":200},"EF/EF_particle2/ef_tornade_particle_mian_00026":{"y":82.59,"width":200,"height":200},"EF/EF_particle2/ef_tornade_particle_mian_00028":{"y":82.59,"width":200,"height":200},"EF/EF_particle2/ef_tornade_particle_mian_00030":{"y":82.59,"width":200,"height":200}},"EF_rayline1_1":{"EF/ray_line/ef_line_ray_main_00001":{"y":129.45,"width":84,"height":294},"EF/ray_line/ef_line_ray_main_00002":{"y":129.45,"width":84,"height":294},"EF/ray_line/ef_line_ray_main_00003":{"y":129.45,"width":84,"height":294},"EF/ray_line/ef_line_ray_main_00004":{"y":129.45,"width":84,"height":294},"EF/ray_line/ef_line_ray_main_00005":{"y":129.45,"width":84,"height":294},"EF/ray_line/ef_line_ray_main_00006":{"y":129.45,"width":84,"height":294},"EF/ray_line/ef_line_ray_main_00007":{"y":129.45,"width":84,"height":294},"EF/ray_line/ef_line_ray_main_00008":{"y":129.45,"width":84,"height":294}},"EF_rock1_1":{"EF/ef_rock_main/ef_rock_main_00004":{"y":41.43,"width":150,"height":120},"EF/ef_rock_main/ef_rock_main_00006":{"y":41.43,"width":150,"height":120},"EF/ef_rock_main/ef_rock_main_00008":{"y":41.43,"width":150,"height":120},"EF/ef_rock_main/ef_rock_main_00010":{"y":41.43,"width":150,"height":120}},"EF_rock1_2":{"EF/ef_rock_main/ef_rock_main_00004":{"y":41.43,"width":150,"height":120},"EF/ef_rock_main/ef_rock_main_00006":{"y":41.43,"width":150,"height":120},"EF/ef_rock_main/ef_rock_main_00008":{"y":41.43,"width":150,"height":120},"EF/ef_rock_main/ef_rock_main_00010":{"y":41.43,"width":150,"height":120}},"EF_rock1_3":{"EF/ef_rock_main/ef_rock_main_00004":{"y":41.43,"width":150,"height":120},"EF/ef_rock_main/ef_rock_main_00006":{"y":41.43,"width":150,"height":120},"EF/ef_rock_main/ef_rock_main_00008":{"y":41.43,"width":150,"height":120},"EF/ef_rock_main/ef_rock_main_00010":{"y":41.43,"width":150,"height":120}},"EF_rock1_4":{"EF/ef_rock_main/ef_rock_main_00004":{"y":41.43,"width":150,"height":120},"EF/ef_rock_main/ef_rock_main_00006":{"y":41.43,"width":150,"height":120},"EF/ef_rock_main/ef_rock_main_00008":{"y":41.43,"width":150,"height":120},"EF/ef_rock_main/ef_rock_main_00010":{"y":41.43,"width":150,"height":120}},"EF_rock1_5":{"EF/ef_rock_main/ef_rock_main_00004":{"y":41.43,"width":150,"height":120},"EF/ef_rock_main/ef_rock_main_00006":{"y":41.43,"width":150,"height":120},"EF/ef_rock_main/ef_rock_main_00008":{"y":41.43,"width":150,"height":120},"EF/ef_rock_main/ef_rock_main_00010":{"y":41.43,"width":150,"height":120}},"EF_rock1_6":{"EF/ef_rock_main/ef_rock_main_00004":{"y":41.43,"width":150,"height":120},"EF/ef_rock_main/ef_rock_main_00006":{"y":41.43,"width":150,"height":120},"EF/ef_rock_main/ef_rock_main_00008":{"y":41.43,"width":150,"height":120},"EF/ef_rock_main/ef_rock_main_00010":{"y":41.43,"width":150,"height":120}},"EF_rock1_7":{"EF/ef_rock_main/ef_rock_main_00004":{"y":41.43,"width":150,"height":120},"EF/ef_rock_main/ef_rock_main_00006":{"y":41.43,"width":150,"height":120},"EF/ef_rock_main/ef_rock_main_00008":{"y":41.43,"width":150,"height":120},"EF/ef_rock_main/ef_rock_main_00010":{"y":41.43,"width":150,"height":120}},"EF_rock2_1":{"EF/850_S2_earth1_00000d":{"y":8,"width":150,"height":150}},"EF_rock2_2":{"EF/850_S2_earth1_00000d":{"y":8,"width":150,"height":150}},"EF_rock2_3":{"EF/850_S2_earth1_00000d":{"y":8,"width":150,"height":150}},"EF_rock2_4":{"EF/850_S2_earth1_00000d":{"y":8,"width":150,"height":150}},"EF_rock2_5":{"EF/850_S2_earth1_00000d":{"y":8,"width":150,"height":150}},"EF_rock2_6":{"EF/850_S2_earth1_00000d":{"y":8,"width":150,"height":150}},"EF_rock2_7":{"EF/850_S2_earth1_00000d":{"y":8,"width":150,"height":150}},"EF_shine1_1":{"EF/EF_shine/ef_energy_sink_main 2_00001":{"width":179,"height":179},"EF/EF_shine/ef_energy_sink_main 2_00002":{"width":179,"height":179},"EF/EF_shine/ef_energy_sink_main 2_00003":{"width":179,"height":179},"EF/EF_shine/ef_energy_sink_main 2_00004":{"width":179,"height":179},"EF/EF_shine/ef_energy_sink_main 2_00005":{"width":179,"height":179},"EF/EF_shine/ef_energy_sink_main 2_00006":{"width":179,"height":179},"EF/EF_shine/ef_energy_sink_main 2_00007":{"width":179,"height":179},"EF/EF_shine/ef_energy_sink_main 2_00008":{"width":179,"height":179}},"EF_smash1_1":{"EF/EF_smash/5140_S2_attack2_00000":{"x":42.85,"y":-5.31,"width":200,"height":200},"EF/EF_smash/5140_S2_attack2_00001":{"x":42.85,"y":-5.31,"width":200,"height":200},"EF/EF_smash/5140_S2_attack2_00002":{"x":42.85,"y":-5.31,"width":200,"height":200},"EF/EF_smash/5140_S2_attack2_00003":{"x":42.85,"y":-5.31,"width":200,"height":200},"EF/EF_smash/5140_S2_attack2_00004":{"x":42.85,"y":-5.31,"width":200,"height":200},"EF/EF_smash/5140_S2_attack2_00005":{"x":42.85,"y":-5.31,"width":200,"height":200},"EF/EF_smash/5140_S2_attack2_00006":{"x":42.85,"y":-5.31,"width":200,"height":200},"EF/EF_smash/5140_S2_attack2_00007":{"x":42.85,"y":-5.31,"width":200,"height":200}},"EF_smash1_2":{"EF/EF_smash/5140_S2_attack2_00000":{"x":42.85,"y":-5.31,"width":200,"height":200},"EF/EF_smash/5140_S2_attack2_00001":{"x":42.85,"y":-5.31,"width":200,"height":200},"EF/EF_smash/5140_S2_attack2_00002":{"x":42.85,"y":-5.31,"width":200,"height":200},"EF/EF_smash/5140_S2_attack2_00003":{"x":42.85,"y":-5.31,"width":200,"height":200},"EF/EF_smash/5140_S2_attack2_00004":{"x":42.85,"y":-5.31,"width":200,"height":200},"EF/EF_smash/5140_S2_attack2_00005":{"x":42.85,"y":-5.31,"width":200,"height":200},"EF/EF_smash/5140_S2_attack2_00006":{"x":42.85,"y":-5.31,"width":200,"height":200},"EF/EF_smash/5140_S2_attack2_00007":{"x":42.85,"y":-5.31,"width":200,"height":200}},"EF_smash1_3":{"EF/EF_smash/5140_S2_attack2_00000":{"x":42.85,"y":-5.31,"width":200,"height":200},"EF/EF_smash/5140_S2_attack2_00001":{"x":42.85,"y":-5.31,"width":200,"height":200},"EF/EF_smash/5140_S2_attack2_00002":{"x":42.85,"y":-5.31,"width":200,"height":200},"EF/EF_smash/5140_S2_attack2_00003":{"x":42.85,"y":-5.31,"width":200,"height":200},"EF/EF_smash/5140_S2_attack2_00004":{"x":42.85,"y":-5.31,"width":200,"height":200},"EF/EF_smash/5140_S2_attack2_00005":{"x":42.85,"y":-5.31,"width":200,"height":200},"EF/EF_smash/5140_S2_attack2_00006":{"x":42.85,"y":-5.31,"width":200,"height":200},"EF/EF_smash/5140_S2_attack2_00007":{"x":42.85,"y":-5.31,"width":200,"height":200}},"EF_smash1_4":{"EF/EF_smash/5140_S2_attack2_00000":{"x":42.85,"y":-5.31,"width":200,"height":200},"EF/EF_smash/5140_S2_attack2_00001":{"x":42.85,"y":-5.31,"width":200,"height":200},"EF/EF_smash/5140_S2_attack2_00002":{"x":42.85,"y":-5.31,"width":200,"height":200},"EF/EF_smash/5140_S2_attack2_00003":{"x":42.85,"y":-5.31,"width":200,"height":200},"EF/EF_smash/5140_S2_attack2_00004":{"x":42.85,"y":-5.31,"width":200,"height":200},"EF/EF_smash/5140_S2_attack2_00005":{"x":42.85,"y":-5.31,"width":200,"height":200},"EF/EF_smash/5140_S2_attack2_00006":{"x":42.85,"y":-5.31,"width":200,"height":200},"EF/EF_smash/5140_S2_attack2_00007":{"x":42.85,"y":-5.31,"width":200,"height":200}},"EF_spin1_1":{"EF/EF_spin/ef_kurukuru_main_00001":{"width":100,"height":100},"EF/EF_spin/ef_kurukuru_main_00002":{"width":100,"height":100},"EF/EF_spin/ef_kurukuru_main_00003":{"width":100,"height":100},"EF/EF_spin/ef_kurukuru_main_00004":{"width":100,"height":100},"EF/EF_spin/ef_kurukuru_main_00005":{"width":100,"height":100},"EF/EF_spin/ef_kurukuru_main_00006":{"width":100,"height":100},"EF/EF_spin/ef_kurukuru_main_00007":{"width":100,"height":100}},"EF_spin1_2":{"EF/EF_spin/ef_kurukuru_main_00001":{"width":100,"height":100},"EF/EF_spin/ef_kurukuru_main_00002":{"width":100,"height":100},"EF/EF_spin/ef_kurukuru_main_00003":{"width":100,"height":100},"EF/EF_spin/ef_kurukuru_main_00004":{"width":100,"height":100},"EF/EF_spin/ef_kurukuru_main_00005":{"width":100,"height":100},"EF/EF_spin/ef_kurukuru_main_00006":{"width":100,"height":100},"EF/EF_spin/ef_kurukuru_main_00007":{"width":100,"height":100}},"EF_spin1_3":{"EF/EF_spin/ef_kurukuru_main_00001":{"width":100,"height":100},"EF/EF_spin/ef_kurukuru_main_00002":{"width":100,"height":100},"EF/EF_spin/ef_kurukuru_main_00003":{"width":100,"height":100},"EF/EF_spin/ef_kurukuru_main_00004":{"width":100,"height":100},"EF/EF_spin/ef_kurukuru_main_00005":{"width":100,"height":100},"EF/EF_spin/ef_kurukuru_main_00006":{"width":100,"height":100},"EF/EF_spin/ef_kurukuru_main_00007":{"width":100,"height":100}},"EF_spin1_4":{"EF/EF_spin/ef_kurukuru_main_00001":{"width":100,"height":100},"EF/EF_spin/ef_kurukuru_main_00002":{"width":100,"height":100},"EF/EF_spin/ef_kurukuru_main_00003":{"width":100,"height":100},"EF/EF_spin/ef_kurukuru_main_00004":{"width":100,"height":100},"EF/EF_spin/ef_kurukuru_main_00005":{"width":100,"height":100},"EF/EF_spin/ef_kurukuru_main_00006":{"width":100,"height":100},"EF/EF_spin/ef_kurukuru_main_00007":{"width":100,"height":100}},"EF_sword1_1":{"EF/sword/sword_f_main_00001":{"y":68.73,"width":51,"height":157}},"EF_sword1_2":{"EF/sword/sword_f_main_00001":{"y":68.73,"width":51,"height":157}},"EF_sword2_1":{"EF/sword/sword_e_main_00001":{"x":11.75,"y":73.49,"width":52,"height":174}},"EF_sword2_2":{"EF/sword/sword_e_main_00001":{"x":11.75,"y":73.49,"width":52,"height":174}},"EF_sword3_1":{"EF/sword/sword_a_main_00001":{"y":109.75,"width":96,"height":366}},"EF_sword4_1":{"EF/sword/sword_b_main_00001":{"y":121.62,"width":98,"height":369}},"EF_sword5_1":{"EF/sword/sword_c_main_00001":{"y":71.14,"width":64,"height":221}},"EF_sword5_2":{"EF/sword/sword_c_main_00001":{"y":71.14,"width":64,"height":221}},"EF_sword5_3":{"EF/sword/sword_c_main_00001":{"y":71.14,"width":64,"height":221}},"EF_sword6_1":{"EF/sword/sword_d_main_00001":{"y":61.83,"scaleX":-1,"width":67,"height":222}},"EF_sword6_2":{"EF/sword/sword_d_main_00001":{"y":61.83,"scaleX":-1,"width":67,"height":222}},"EF_swordray1_1":{"EF/EF_swordray/efr_SKL1_tower1_00001_1":{"y":112.26,"width":280,"height":280},"EF/EF_swordray/efr_SKL1_tower1_00003_1":{"y":112.26,"width":280,"height":280},"EF/EF_swordray/efr_SKL1_tower1_00005_1":{"y":112.26,"width":280,"height":280},"EF/EF_swordray/efr_SKL1_tower1_00007_1":{"y":112.26,"width":280,"height":280},"EF/EF_swordray/efr_SKL1_tower1_00009_1":{"y":112.26,"width":280,"height":280},"EF/EF_swordray/efr_SKL1_tower1_00011_1":{"y":112.26,"width":280,"height":280},"EF/EF_swordray/efr_SKL1_tower1_00013_1":{"y":112.26,"width":280,"height":280},"EF/EF_swordray/efr_SKL1_tower1_00015_1":{"y":112.26,"width":280,"height":280},"EF/EF_swordray/efr_SKL1_tower1_00017_1":{"y":112.26,"width":280,"height":280},"EF/EF_swordray/efr_SKL1_tower1_00056_1":{"y":112.26,"width":280,"height":280},"EF/EF_swordray/efr_SKL1_tower1_00058_1":{"y":112.26,"width":280,"height":280},"EF/EF_swordray/efr_SKL1_tower1_00060_1":{"y":112.26,"width":280,"height":280},"EF/EF_swordray/efr_SKL1_tower1_00062_1":{"y":112.26,"width":280,"height":280},"EF/EF_swordray/efr_SKL1_tower1_00064_1":{"y":112.26,"width":280,"height":280},"EF/EF_swordray/efr_SKL1_tower1_00066_1":{"y":112.26,"width":280,"height":280},"EF/EF_swordray/efr_SKL1_tower1_00068_1":{"y":112.26,"width":280,"height":280},"EF/EF_swordray/efr_SKL1_tower1_00069_1":{"y":112.26,"width":280,"height":280}}}},"events":{"EFEvent":{},"EFHit":{},"Sound1":{},"Sound2":{},"Sound3":{}},"animations":{"attack1":{"slots":{"DAMAGEAREA":{"attachment":[{"time":0.3,"name":"DAMAGEAREA"},{"time":0.5333,"name":null},{"time":1.4666,"name":"DAMAGEAREA"},{"time":2.1333,"name":null}]},"EF_dust1_1":{"attachment":[{"time":1.6,"name":"EF/ef_tuti_main/ef_tuti_main_00002"},{"time":1.6666,"name":"EF/ef_tuti_main/ef_tuti_main_00004"},{"time":1.7333,"name":"EF/ef_tuti_main/ef_tuti_main_00006"},{"time":1.8,"name":"EF/ef_tuti_main/ef_tuti_main_00008"},{"time":1.8666,"name":"EF/ef_tuti_main/ef_tuti_main_00010"},{"time":1.9333,"name":"EF/ef_tuti_main/ef_tuti_main_00012"},{"time":2,"name":"EF/ef_tuti_main/ef_tuti_main_00014"},{"time":2.0666,"name":"EF/ef_tuti_main/ef_tuti_main_00016"},{"time":2.1333,"name":null}]},"EF_dust1_2":{"attachment":[{"time":1.7666,"name":"EF/ef_tuti_main/ef_tuti_main_00002"},{"time":1.8333,"name":"EF/ef_tuti_main/ef_tuti_main_00004"},{"time":1.9,"name":"EF/ef_tuti_main/ef_tuti_main_00006"},{"time":1.9666,"name":"EF/ef_tuti_main/ef_tuti_main_00008"},{"time":2.0333,"name":"EF/ef_tuti_main/ef_tuti_main_00010"},{"time":2.1,"name":"EF/ef_tuti_main/ef_tuti_main_00012"},{"time":2.1666,"name":"EF/ef_tuti_main/ef_tuti_main_00014"},{"time":2.2333,"name":"EF/ef_tuti_main/ef_tuti_main_00016"},{"time":2.3,"name":null}]},"EF_dust1_3":{"attachment":[{"time":1.9333,"name":"EF/ef_tuti_main/ef_tuti_main_00002"},{"time":2,"name":"EF/ef_tuti_main/ef_tuti_main_00004"},{"time":2.0666,"name":"EF/ef_tuti_main/ef_tuti_main_00006"},{"time":2.1333,"name":"EF/ef_tuti_main/ef_tuti_main_00008"},{"time":2.2,"name":"EF/ef_tuti_main/ef_tuti_main_00010"},{"time":2.2666,"name":"EF/ef_tuti_main/ef_tuti_main_00012"},{"time":2.3333,"name":"EF/ef_tuti_main/ef_tuti_main_00014"},{"time":2.4,"name":"EF/ef_tuti_main/ef_tuti_main_00016"},{"time":2.4666,"name":null}]},"EF_particle1_1":{"attachment":[{"time":1.7666,"name":"EF/EF_particle2/ef_tornade_particle_mian_00024"},{"time":1.9,"name":"EF/EF_particle2/ef_tornade_particle_mian_00026"},{"time":2.0333,"name":"EF/EF_particle2/ef_tornade_particle_mian_00028"},{"time":2.1666,"name":"EF/EF_particle2/ef_tornade_particle_mian_00030"},{"time":2.3,"name":null},{"time":2.4666,"name":"EF/EF_particle2/ef_tornade_particle_mian_00024"},{"time":2.6,"name":"EF/EF_particle2/ef_tornade_particle_mian_00026"},{"time":2.7333,"name":"EF/EF_particle2/ef_tornade_particle_mian_00028"},{"time":2.8666,"name":"EF/EF_particle2/ef_tornade_particle_mian_00030"},{"time":3,"name":null}],"color":[{"time":1.7666,"color":"ffffffff","curve":"stepped"},{"time":2.1333,"color":"ffffffff"},{"time":2.3,"color":"ffffff00","curve":"stepped"},{"time":2.4666,"color":"ffffffff","curve":"stepped"},{"time":2.8333,"color":"ffffffff"}]},"EF_particle1_2":{"attachment":[{"time":1.8666,"name":"EF/EF_particle2/ef_tornade_particle_mian_00024"},{"time":2,"name":"EF/EF_particle2/ef_tornade_particle_mian_00026"},{"time":2.1333,"name":"EF/EF_particle2/ef_tornade_particle_mian_00028"},{"time":2.2666,"name":"EF/EF_particle2/ef_tornade_particle_mian_00030"},{"time":2.4,"name":null}],"color":[{"time":2.2333,"color":"ffffffff"},{"time":2.4,"color":"ffffff00"}]},"EF_particle1_3":{"attachment":[{"time":1.9666,"name":"EF/EF_particle2/ef_tornade_particle_mian_00024"},{"time":2.1,"name":"EF/EF_particle2/ef_tornade_particle_mian_00026"},{"time":2.2333,"name":"EF/EF_particle2/ef_tornade_particle_mian_00028"},{"time":2.3666,"name":"EF/EF_particle2/ef_tornade_particle_mian_00030"},{"time":2.5,"name":null}],"color":[{"time":2.3333,"color":"ffffffff"},{"time":2.5,"color":"ffffff00"}]},"EF_particle1_4":{"attachment":[{"time":2.0666,"name":"EF/EF_particle2/ef_tornade_particle_mian_00024"},{"time":2.2,"name":"EF/EF_particle2/ef_tornade_particle_mian_00026"},{"time":2.3333,"name":"EF/EF_particle2/ef_tornade_particle_mian_00028"},{"time":2.4666,"name":"EF/EF_particle2/ef_tornade_particle_mian_00030"},{"time":2.6,"name":null}],"color":[{"time":2.4666,"color":"ffffffff"},{"time":2.6333,"color":"ffffff00"}]},"EF_particle1_5":{"attachment":[{"time":2.1666,"name":"EF/EF_particle2/ef_tornade_particle_mian_00024"},{"time":2.3,"name":"EF/EF_particle2/ef_tornade_particle_mian_00026"},{"time":2.4333,"name":"EF/EF_particle2/ef_tornade_particle_mian_00028"},{"time":2.5666,"name":"EF/EF_particle2/ef_tornade_particle_mian_00030"},{"time":2.7,"name":null}],"color":[{"time":2.5333,"color":"ffffffff"},{"time":2.7,"color":"ffffff00"}]},"EF_particle1_6":{"attachment":[{"time":2.2666,"name":"EF/EF_particle2/ef_tornade_particle_mian_00024"},{"time":2.4,"name":"EF/EF_particle2/ef_tornade_particle_mian_00026"},{"time":2.5333,"name":"EF/EF_particle2/ef_tornade_particle_mian_00028"},{"time":2.6666,"name":"EF/EF_particle2/ef_tornade_particle_mian_00030"},{"time":2.8,"name":null}],"color":[{"time":2.6333,"color":"ffffffff"},{"time":2.8,"color":"ffffff00"}]},"EF_particle1_7":{"attachment":[{"time":2.3666,"name":"EF/EF_particle2/ef_tornade_particle_mian_00024"},{"time":2.5,"name":"EF/EF_particle2/ef_tornade_particle_mian_00026"},{"time":2.6333,"name":"EF/EF_particle2/ef_tornade_particle_mian_00028"},{"time":2.7666,"name":"EF/EF_particle2/ef_tornade_particle_mian_00030"},{"time":2.9,"name":null}],"color":[{"time":2.7333,"color":"ffffffff"},{"time":2.9,"color":"ffffff00"}]},"EF_rayline1_1":{"attachment":[{"time":2,"name":"EF/ray_line/ef_line_ray_main_00001"},{"time":2.0333,"name":"EF/ray_line/ef_line_ray_main_00002"},{"time":2.0666,"name":"EF/ray_line/ef_line_ray_main_00003"},{"time":2.1,"name":"EF/ray_line/ef_line_ray_main_00004"},{"time":2.1333,"name":"EF/ray_line/ef_line_ray_main_00005"},{"time":2.1666,"name":"EF/ray_line/ef_line_ray_main_00006"},{"time":2.2,"name":"EF/ray_line/ef_line_ray_main_00007"},{"time":2.2333,"name":"EF/ray_line/ef_line_ray_main_00008"},{"time":2.2666,"name":"EF/ray_line/ef_line_ray_main_00002"},{"time":2.3,"name":"EF/ray_line/ef_line_ray_main_00003"},{"time":2.3333,"name":"EF/ray_line/ef_line_ray_main_00004"},{"time":2.3666,"name":"EF/ray_line/ef_line_ray_main_00005"},{"time":2.4,"name":"EF/ray_line/ef_line_ray_main_00006"},{"time":2.4333,"name":"EF/ray_line/ef_line_ray_main_00007"},{"time":2.4666,"name":"EF/ray_line/ef_line_ray_main_00008"},{"time":2.5,"name":"EF/ray_line/ef_line_ray_main_00002"},{"time":2.5333,"name":"EF/ray_line/ef_line_ray_main_00003"},{"time":2.5666,"name":"EF/ray_line/ef_line_ray_main_00004"},{"time":2.6,"name":"EF/ray_line/ef_line_ray_main_00005"},{"time":2.6333,"name":"EF/ray_line/ef_line_ray_main_00006"},{"time":2.6666,"name":null}],"color":[{"time":2.4333,"color":"ffffffff"},{"time":2.6666,"color":"ffffff00"}]},"EF_rock1_1":{"attachment":[{"time":0.3,"name":"EF/ef_rock_main/ef_rock_main_00004"},{"time":0.3333,"name":"EF/ef_rock_main/ef_rock_main_00006"},{"time":0.3666,"name":"EF/ef_rock_main/ef_rock_main_00008"},{"time":0.4,"name":"EF/ef_rock_main/ef_rock_main_00010"},{"time":0.4333,"name":null}]},"EF_rock1_2":{"attachment":[{"time":0.3333,"name":"EF/ef_rock_main/ef_rock_main_00004"},{"time":0.3666,"name":"EF/ef_rock_main/ef_rock_main_00006"},{"time":0.4,"name":"EF/ef_rock_main/ef_rock_main_00008"},{"time":0.4333,"name":"EF/ef_rock_main/ef_rock_main_00010"},{"time":0.4666,"name":null}]},"EF_rock1_3":{"attachment":[{"time":0.3333,"name":"EF/ef_rock_main/ef_rock_main_00004"},{"time":0.3666,"name":"EF/ef_rock_main/ef_rock_main_00006"},{"time":0.4,"name":"EF/ef_rock_main/ef_rock_main_00008"},{"time":0.4333,"name":"EF/ef_rock_main/ef_rock_main_00010"},{"time":0.4666,"name":null}]},"EF_rock1_4":{"attachment":[{"time":0.3666,"name":"EF/ef_rock_main/ef_rock_main_00004"},{"time":0.4,"name":"EF/ef_rock_main/ef_rock_main_00006"},{"time":0.4333,"name":"EF/ef_rock_main/ef_rock_main_00008"},{"time":0.4666,"name":"EF/ef_rock_main/ef_rock_main_00010"},{"time":0.5,"name":null}]},"EF_rock1_5":{"attachment":[{"time":0.4,"name":"EF/ef_rock_main/ef_rock_main_00004"},{"time":0.4333,"name":"EF/ef_rock_main/ef_rock_main_00006"},{"time":0.4666,"name":"EF/ef_rock_main/ef_rock_main_00008"},{"time":0.5,"name":"EF/ef_rock_main/ef_rock_main_00010"},{"time":0.5333,"name":null}]},"EF_rock1_6":{"attachment":[{"time":0.5333,"name":"EF/ef_rock_main/ef_rock_main_00004"},{"time":0.5666,"name":"EF/ef_rock_main/ef_rock_main_00006"},{"time":0.6,"name":"EF/ef_rock_main/ef_rock_main_00008"},{"time":0.6333,"name":"EF/ef_rock_main/ef_rock_main_00010"},{"time":0.6666,"name":null}]},"EF_rock1_7":{"attachment":[{"time":0.4666,"name":"EF/ef_rock_main/ef_rock_main_00004"},{"time":0.5,"name":"EF/ef_rock_main/ef_rock_main_00006"},{"time":0.5333,"name":"EF/ef_rock_main/ef_rock_main_00008"},{"time":0.5666,"name":"EF/ef_rock_main/ef_rock_main_00010"},{"time":0.6,"name":null}]},"EF_rock2_1":{"attachment":[{"time":0.2666,"name":"EF/850_S2_earth1_00000d"},{"time":1.5,"name":null}]},"EF_rock2_2":{"attachment":[{"time":0.3,"name":"EF/850_S2_earth1_00000d"},{"time":1.5,"name":null}]},"EF_rock2_3":{"attachment":[{"time":0.3333,"name":"EF/850_S2_earth1_00000d"},{"time":1.5,"name":null}]},"EF_rock2_4":{"attachment":[{"time":0.3666,"name":"EF/850_S2_earth1_00000d"},{"time":1.5,"name":null}]},"EF_rock2_5":{"attachment":[{"time":0.4,"name":"EF/850_S2_earth1_00000d"},{"time":1.5,"name":null}]},"EF_rock2_6":{"attachment":[{"time":0.4,"name":"EF/850_S2_earth1_00000d"},{"time":1.5,"name":null}]},"EF_rock2_7":{"attachment":[{"time":0.4333,"name":"EF/850_S2_earth1_00000d"},{"time":1.5,"name":null}]},"EF_shine1_1":{"attachment":[{"time":1.4,"name":"EF/EF_shine/ef_energy_sink_main 2_00001"},{"time":1.4333,"name":"EF/EF_shine/ef_energy_sink_main 2_00002"},{"time":1.4666,"name":"EF/EF_shine/ef_energy_sink_main 2_00003"},{"time":1.5,"name":"EF/EF_shine/ef_energy_sink_main 2_00004"},{"time":1.5333,"name":"EF/EF_shine/ef_energy_sink_main 2_00005"},{"time":1.5666,"name":"EF/EF_shine/ef_energy_sink_main 2_00006"},{"time":1.6,"name":"EF/EF_shine/ef_energy_sink_main 2_00007"},{"time":1.6333,"name":"EF/EF_shine/ef_energy_sink_main 2_00008"},{"time":1.6666,"name":null}]},"EF_smash1_1":{"attachment":[{"time":1.4333,"name":"EF/EF_smash/5140_S2_attack2_00000"},{"time":1.4666,"name":"EF/EF_smash/5140_S2_attack2_00001"},{"time":1.5,"name":"EF/EF_smash/5140_S2_attack2_00002"},{"time":1.5333,"name":"EF/EF_smash/5140_S2_attack2_00003"},{"time":1.5666,"name":"EF/EF_smash/5140_S2_attack2_00004"},{"time":1.6,"name":"EF/EF_smash/5140_S2_attack2_00005"},{"time":1.6333,"name":"EF/EF_smash/5140_S2_attack2_00006"},{"time":1.6666,"name":"EF/EF_smash/5140_S2_attack2_00007"},{"time":1.7,"name":null}]},"EF_smash1_2":{"attachment":[{"time":1.4333,"name":"EF/EF_smash/5140_S2_attack2_00000"},{"time":1.4666,"name":"EF/EF_smash/5140_S2_attack2_00001"},{"time":1.5,"name":"EF/EF_smash/5140_S2_attack2_00002"},{"time":1.5333,"name":"EF/EF_smash/5140_S2_attack2_00003"},{"time":1.5666,"name":"EF/EF_smash/5140_S2_attack2_00004"},{"time":1.6,"name":"EF/EF_smash/5140_S2_attack2_00005"},{"time":1.6333,"name":"EF/EF_smash/5140_S2_attack2_00006"},{"time":1.6666,"name":"EF/EF_smash/5140_S2_attack2_00007"},{"time":1.7,"name":null}]},"EF_spin1_1":{"attachment":[{"time":1.5333,"name":"EF/EF_spin/ef_kurukuru_main_00001"},{"time":1.5666,"name":"EF/EF_spin/ef_kurukuru_main_00002"},{"time":1.6,"name":"EF/EF_spin/ef_kurukuru_main_00003"},{"time":1.6333,"name":"EF/EF_spin/ef_kurukuru_main_00004"},{"time":1.6666,"name":"EF/EF_spin/ef_kurukuru_main_00005"},{"time":1.7,"name":"EF/EF_spin/ef_kurukuru_main_00006"},{"time":1.7333,"name":"EF/EF_spin/ef_kurukuru_main_00007"},{"time":1.7666,"name":null},{"time":1.9333,"name":"EF/EF_spin/ef_kurukuru_main_00001"},{"time":1.9666,"name":"EF/EF_spin/ef_kurukuru_main_00002"},{"time":2,"name":"EF/EF_spin/ef_kurukuru_main_00003"},{"time":2.0333,"name":"EF/EF_spin/ef_kurukuru_main_00004"},{"time":2.0666,"name":"EF/EF_spin/ef_kurukuru_main_00005"},{"time":2.1,"name":"EF/EF_spin/ef_kurukuru_main_00006"},{"time":2.1333,"name":"EF/EF_spin/ef_kurukuru_main_00007"},{"time":2.1666,"name":null}],"color":[{"time":1.9333,"color":"ffffffff"},{"time":2.1666,"color":"ffffff00"}]},"EF_spin1_2":{"attachment":[{"time":1.7333,"name":"EF/EF_spin/ef_kurukuru_main_00001"},{"time":1.7666,"name":"EF/EF_spin/ef_kurukuru_main_00002"},{"time":1.8,"name":"EF/EF_spin/ef_kurukuru_main_00003"},{"time":1.8333,"name":"EF/EF_spin/ef_kurukuru_main_00004"},{"time":1.8666,"name":"EF/EF_spin/ef_kurukuru_main_00005"},{"time":1.9,"name":"EF/EF_spin/ef_kurukuru_main_00006"},{"time":1.9333,"name":"EF/EF_spin/ef_kurukuru_main_00007"},{"time":1.9666,"name":null}]},"EF_spin1_3":{"attachment":[{"time":1.6,"name":"EF/EF_spin/ef_kurukuru_main_00001"},{"time":1.6333,"name":"EF/EF_spin/ef_kurukuru_main_00002"},{"time":1.6666,"name":"EF/EF_spin/ef_kurukuru_main_00003"},{"time":1.7,"name":"EF/EF_spin/ef_kurukuru_main_00004"},{"time":1.7333,"name":"EF/EF_spin/ef_kurukuru_main_00005"},{"time":1.7666,"name":"EF/EF_spin/ef_kurukuru_main_00006"},{"time":1.8,"name":"EF/EF_spin/ef_kurukuru_main_00007"},{"time":1.8333,"name":null},{"time":2,"name":"EF/EF_spin/ef_kurukuru_main_00001"},{"time":2.0333,"name":"EF/EF_spin/ef_kurukuru_main_00002"},{"time":2.0666,"name":"EF/EF_spin/ef_kurukuru_main_00003"},{"time":2.1,"name":"EF/EF_spin/ef_kurukuru_main_00004"},{"time":2.1333,"name":"EF/EF_spin/ef_kurukuru_main_00005"},{"time":2.1666,"name":"EF/EF_spin/ef_kurukuru_main_00006"},{"time":2.2,"name":"EF/EF_spin/ef_kurukuru_main_00007"},{"time":2.2333,"name":null}],"color":[{"time":2,"color":"ffffffff"},{"time":2.2333,"color":"ffffff00"}]},"EF_spin1_4":{"attachment":[{"time":1.8,"name":"EF/EF_spin/ef_kurukuru_main_00001"},{"time":1.8333,"name":"EF/EF_spin/ef_kurukuru_main_00002"},{"time":1.8666,"name":"EF/EF_spin/ef_kurukuru_main_00003"},{"time":1.9,"name":"EF/EF_spin/ef_kurukuru_main_00004"},{"time":1.9333,"name":"EF/EF_spin/ef_kurukuru_main_00005"},{"time":1.9666,"name":"EF/EF_spin/ef_kurukuru_main_00006"},{"time":2,"name":"EF/EF_spin/ef_kurukuru_main_00007"},{"time":2.0333,"name":null}]},"EF_sword1_1":{"attachment":[{"time":0.1666,"name":"EF/sword/sword_f_main_00001"},{"time":1.5,"name":null}]},"EF_sword1_2":{"attachment":[{"time":0.2666,"name":"EF/sword/sword_f_main_00001"},{"time":1.5,"name":null}]},"EF_sword2_1":{"attachment":[{"time":0.2,"name":"EF/sword/sword_e_main_00001"},{"time":1.5,"name":null}]},"EF_sword2_2":{"attachment":[{"time":0.2333,"name":"EF/sword/sword_e_main_00001"},{"time":1.5,"name":null}]},"EF_sword3_1":{"attachment":[{"time":1.3666,"name":"EF/sword/sword_a_main_00001"},{"time":1.5,"name":null}]},"EF_sword4_1":{"attachment":[{"time":1.3666,"name":"EF/sword/sword_b_main_00001"},{"time":1.5,"name":null}]},"EF_sword5_1":{"attachment":[{"time":0.2666,"name":"EF/sword/sword_c_main_00001"},{"time":1.5,"name":null}]},"EF_sword5_2":{"attachment":[{"time":0.2333,"name":"EF/sword/sword_c_main_00001"},{"time":1.5,"name":null}]},"EF_sword5_3":{"attachment":[{"time":0.3333,"name":"EF/sword/sword_c_main_00001"},{"time":1.5,"name":null}]},"EF_sword6_1":{"attachment":[{"time":0.3,"name":"EF/sword/sword_d_main_00001"},{"time":1.5,"name":null}]},"EF_sword6_2":{"attachment":[{"time":0.3,"name":"EF/sword/sword_d_main_00001"},{"time":1.5,"name":null}]},"EF_swordray1_1":{"attachment":[{"time":1.4666,"name":"EF/EF_swordray/efr_SKL1_tower1_00001_1"},{"time":1.5333,"name":"EF/EF_swordray/efr_SKL1_tower1_00003_1"},{"time":1.6,"name":"EF/EF_swordray/efr_SKL1_tower1_00005_1"},{"time":1.6666,"name":"EF/EF_swordray/efr_SKL1_tower1_00007_1"},{"time":1.7333,"name":"EF/EF_swordray/efr_SKL1_tower1_00009_1"},{"time":1.8,"name":"EF/EF_swordray/efr_SKL1_tower1_00011_1"},{"time":1.8666,"name":"EF/EF_swordray/efr_SKL1_tower1_00013_1"},{"time":1.9333,"name":"EF/EF_swordray/efr_SKL1_tower1_00015_1"},{"time":2,"name":"EF/EF_swordray/efr_SKL1_tower1_00017_1"},{"time":2.0333,"name":"EF/EF_swordray/efr_SKL1_tower1_00056_1"},{"time":2.1,"name":"EF/EF_swordray/efr_SKL1_tower1_00058_1"},{"time":2.1666,"name":"EF/EF_swordray/efr_SKL1_tower1_00060_1"},{"time":2.2333,"name":"EF/EF_swordray/efr_SKL1_tower1_00062_1"},{"time":2.3,"name":"EF/EF_swordray/efr_SKL1_tower1_00064_1"},{"time":2.3666,"name":"EF/EF_swordray/efr_SKL1_tower1_00066_1"},{"time":2.4,"name":null}],"color":[{"time":2.1666,"color":"ffffffff"},{"time":2.4,"color":"ffffff00"}]}},"bones":{"DAMAGEAREA":{"translate":[{"time":1.4666,"x":0,"y":0},{"time":1.5666,"x":0,"y":640}],"scale":[{"time":0.3,"x":3.87,"y":1.75,"curve":"stepped"},{"time":1.4666,"x":3.87,"y":1.75},{"time":1.5666,"x":5.13,"y":11.35}]},"EF_swordray1_1":{"translate":[{"time":1.4666,"x":-398.22,"y":-38.12}],"scale":[{"time":1.4666,"x":6,"y":6}]},"EF_particle1_1":{"translate":[{"time":1.7666,"x":-150,"y":-37.54,"curve":"stepped"},{"time":2.4666,"x":-150,"y":865.73}],"scale":[{"time":1.7666,"x":2,"y":2,"curve":"stepped"},{"time":2.4666,"x":0.8,"y":0.8}]},"EF_particle1_3":{"translate":[{"time":1.9666,"x":-150,"y":226.7}],"scale":[{"time":1.9666,"x":2,"y":2}]},"EF_particle1_2":{"translate":[{"time":1.8666,"x":-150,"y":90.68}],"scale":[{"time":1.8666,"x":-2,"y":2}]},"EF_particle1_4":{"translate":[{"time":2.0666,"x":-150,"y":331.31}],"scale":[{"time":2.0666,"x":-2,"y":2}]},"EF_spin1_1":{"translate":[{"time":1.5333,"x":-300,"y":241.57,"curve":"stepped"},{"time":1.9333,"x":-300,"y":907.61}],"scale":[{"time":1.5333,"x":10,"y":8.503}]},"EF_spin1_2":{"translate":[{"time":1.7333,"x":-300,"y":572.86}],"scale":[{"time":1.7333,"x":-10,"y":8.503}]},"EF_particle1_8":{"translate":[{"time":2,"x":0,"y":0}]},"EF_particle1_7":{"translate":[{"time":2.3666,"x":-146.55,"y":735.78}],"scale":[{"time":2.3666,"x":1.5,"y":1.5}]},"EF_particle1_6":{"translate":[{"time":2.2666,"x":-150.17,"y":627.59}],"scale":[{"time":2.2666,"x":1.5,"y":1.5}]},"EF_particle1_5":{"translate":[{"time":2.1666,"x":-153.72,"y":455.78}],"scale":[{"time":2.1666,"x":-2,"y":2}]},"EF_rayline1_1":{"translate":[{"time":2,"x":-450,"y":45.28}],"scale":[{"time":2,"x":3.5,"y":20,"curve":"stepped"},{"time":2.1666,"x":3.5,"y":20},{"time":2.2,"x":0.26,"y":20},{"time":2.6666,"x":0.153,"y":20}]},"EF_shine1_1":{"translate":[{"time":1.4,"x":-199.14,"y":-58.74}],"scale":[{"time":1.4,"x":8,"y":8}]},"EF_smash1_1":{"rotate":[{"time":1.4333,"angle":74.02}],"translate":[{"time":1.4333,"x":-183.24,"y":-183.64}],"scale":[{"time":1.4333,"x":5,"y":5}]},"EF_sword1_1":{"rotate":[{"time":0.1666,"angle":11.45}],"translate":[{"time":0.1666,"x":-27.28,"y":761.7},{"time":0.2666,"x":129.5,"y":-11.8},{"time":0.3,"x":130.72,"y":-17.82},{"time":0.3333,"x":129.5,"y":-11.8}],"scale":[{"time":0.1666,"x":2.705,"y":2.705}]},"EF_sword1_2":{"rotate":[{"time":0.2666,"angle":-22.45}],"translate":[{"time":0.2666,"x":114.21,"y":573.31},{"time":0.3666,"x":-123.94,"y":-3.75},{"time":0.4,"x":-127.57,"y":-12.55},{"time":0.4333,"x":-123.94,"y":-3.75}],"scale":[{"time":0.2666,"x":2.404,"y":2.404}]},"EF_sword2_1":{"rotate":[{"time":0.2,"angle":-28.62}],"translate":[{"time":0.2,"x":151.69,"y":601.63},{"time":0.3,"x":-178.4,"y":-3.75},{"time":0.3333,"x":-180.45,"y":-7.5},{"time":0.3666,"x":-178.4,"y":-3.75}],"scale":[{"time":0.2,"x":1.769,"y":1.769}]},"EF_sword2_2":{"rotate":[{"time":0.2333,"angle":16.48}],"translate":[{"time":0.2333,"x":-76.06,"y":601.2},{"time":0.3333,"x":110.8,"y":-30.04},{"time":0.3666,"x":113.52,"y":-39.23},{"time":0.4,"x":110.8,"y":-30.04}],"scale":[{"time":0.2333,"x":1.415,"y":1.415}]},"EF_sword3_1":{"rotate":[{"time":1.3666,"angle":-15.09}],"translate":[{"time":1.3666,"x":186.16,"y":718.07},{"time":1.4666,"x":-0.03,"y":28.02}],"scale":[{"time":1.3666,"x":1.5,"y":1.5}]},"EF_sword4_1":{"rotate":[{"time":1.3666,"angle":11.59}],"translate":[{"time":1.3666,"x":-181.6,"y":692.68},{"time":1.4666,"x":-38,"y":-7.46}],"scale":[{"time":1.3666,"x":1.5,"y":1.5}]},"EF_sword5_1":{"rotate":[{"time":0.2666,"angle":-3.38}],"translate":[{"time":0.2666,"x":110.33,"y":674.39},{"time":0.3666,"x":70.79,"y":3.41},{"time":0.4,"x":70.19,"y":-6.69},{"time":0.4333,"x":70.79,"y":3.41}],"scale":[{"time":0.2666,"x":1.317,"y":1.317}]},"EF_sword5_2":{"rotate":[{"time":0.2333,"angle":7.04}],"translate":[{"time":0.2333,"x":-176.51,"y":635.92},{"time":0.3333,"x":-99.8,"y":14.96},{"time":0.3666,"x":-99.23,"y":10.4},{"time":0.4,"x":-99.8,"y":14.96}],"scale":[{"time":0.2333,"x":1.494,"y":1.494}]},"EF_sword5_3":{"translate":[{"time":0.3333,"x":0,"y":870.55},{"time":0.4333,"x":0,"y":46.94},{"time":0.4666,"x":0,"y":31.86},{"time":0.5,"x":0,"y":46.94}],"scale":[{"time":0.3333,"x":2.056,"y":2.056}]},"EF_sword6_1":{"rotate":[{"time":0.3,"angle":27.24}],"translate":[{"time":0.3,"x":43.19,"y":733.25},{"time":0.4,"x":43.19,"y":54.46},{"time":0.4333,"x":47.14,"y":46.78},{"time":0.4666,"x":43.19,"y":54.46}],"scale":[{"time":0.3,"x":1.638,"y":1.638}]},"EF_sword6_2":{"rotate":[{"time":0.3,"angle":-26.53}],"translate":[{"time":0.3,"x":-52.31,"y":728.3},{"time":0.4,"x":-52.31,"y":49.51},{"time":0.4333,"x":-56.13,"y":41.86},{"time":0.4666,"x":-52.31,"y":49.51}],"scale":[{"time":0.3,"x":-1.62,"y":1.622}]},"EF_dust1_1":{"translate":[{"time":1.6,"x":-350,"y":0}],"scale":[{"time":1.6,"x":6,"y":6},{"time":2.1,"x":6.5,"y":6.5}]},"EF_dust1_2":{"translate":[{"time":1.7666,"x":-350,"y":0}],"scale":[{"time":1.7666,"x":6,"y":6},{"time":2.2666,"x":6.5,"y":6.5}]},"EF_dust1_3":{"translate":[{"time":1.9333,"x":-350,"y":0}],"scale":[{"time":1.9333,"x":6,"y":6},{"time":2.4333,"x":6.5,"y":6.5}]},"EF_rock2_1":{"translate":[{"time":0.2666,"x":127.12,"y":-26.02}],"scale":[{"time":0.2666,"x":1.695,"y":1.695}]},"EF_rock1_1":{"rotate":[{"time":0.3,"angle":12.99}],"translate":[{"time":0.3,"x":25.02,"y":9}],"scale":[{"time":0.3,"x":1.412,"y":1.412}]},"EF_rock1_2":{"rotate":[{"time":0.3333,"angle":-20.1}],"translate":[{"time":0.3333,"x":-273.27,"y":9}],"scale":[{"time":0.3333,"x":1.412,"y":1.412}]},"EF_rock1_3":{"translate":[{"time":0.3333,"x":-194.19,"y":-7}],"scale":[{"time":0.3333,"x":1.669,"y":1.669}]},"EF_rock1_4":{"translate":[{"time":0.3666,"x":-31.03,"y":-22.02}],"scale":[{"time":0.3666,"x":1.412,"y":1.412}]},"EF_rock1_5":{"translate":[{"time":0.4,"x":-51.23,"y":18.78}],"scale":[{"time":0.4,"x":1.412,"y":1.412}]},"EF_rock1_6":{"translate":[{"time":0.5333,"x":-144.32,"y":9.39}],"scale":[{"time":0.5333,"x":1.412,"y":1.412}]},"EF_rock1_7":{"translate":[{"time":0.4666,"x":-101.87,"y":0}],"scale":[{"time":0.4666,"x":2.189,"y":2.189}]},"EF_rock2_2":{"translate":[{"time":0.3,"x":-193.19,"y":-14.01}],"scale":[{"time":0.3,"x":-1.21,"y":1.21}]},"EF_rock2_3":{"translate":[{"time":0.3333,"x":-100.1,"y":-28.02}],"scale":[{"time":0.3333,"x":1.932,"y":1.932}]},"EF_rock2_4":{"translate":[{"time":0.3666,"x":56.05,"y":-45.04}],"scale":[{"time":0.3666,"x":-1.833,"y":1.924}]},"EF_rock2_5":{"translate":[{"time":0.4,"x":53.68,"y":9.98}],"scale":[{"time":0.4,"x":1.449,"y":1.449}]},"EF_rock2_6":{"translate":[{"time":0.4,"x":-63.5,"y":0}],"scale":[{"time":0.4,"x":-1.34,"y":1.341}]},"EF_rock2_7":{"translate":[{"time":0.4333,"x":-2.56,"y":-23.91}],"scale":[{"time":0.4333,"x":1.854,"y":3.231}]},"EF_smash1_2":{"rotate":[{"time":1.4333,"angle":100.7}],"translate":[{"time":1.4333,"x":-201.64,"y":-168.5}],"scale":[{"time":1.4333,"x":5,"y":5}]},"EF_spin1_3":{"translate":[{"time":1.6,"x":-300,"y":241.57}],"scale":[{"time":1.6,"x":-10,"y":8.503}]},"EF_spin1_4":{"translate":[{"time":1.8,"x":-300,"y":572.86}],"scale":[{"time":1.8,"x":-10,"y":8.503}]}},"drawOrder":[{"time":0,"offsets":[{"slot":"EF_dust1_1","offset":6},{"slot":"EF_dust1_2","offset":6},{"slot":"EF_dust1_3","offset":6},{"slot":"EF_sword3_1","offset":-27},{"slot":"EF_sword4_1","offset":-27},{"slot":"EF_sword5_1","offset":-20},{"slot":"EF_sword5_2","offset":-18},{"slot":"EF_sword5_3","offset":-29},{"slot":"EF_sword6_1","offset":-29},{"slot":"EF_sword6_2","offset":-29},{"slot":"EF_sword2_1","offset":-29},{"slot":"EF_sword2_2","offset":-27},{"slot":"EF_sword1_1","offset":-26},{"slot":"EF_sword1_2","offset":-26},{"slot":"EF_rock2_5","offset":-36},{"slot":"EF_rock2_6","offset":-36}]},{"time":0.4333,"offsets":[{"slot":"EF_dust1_1","offset":6},{"slot":"EF_dust1_2","offset":6},{"slot":"EF_dust1_3","offset":6},{"slot":"EF_sword3_1","offset":-27},{"slot":"EF_sword4_1","offset":-27},{"slot":"EF_sword5_1","offset":-20},{"slot":"EF_sword5_2","offset":-18},{"slot":"EF_sword5_3","offset":-29},{"slot":"EF_sword6_1","offset":-29},{"slot":"EF_sword6_2","offset":-29},{"slot":"EF_sword2_1","offset":-29},{"slot":"EF_sword2_2","offset":-27},{"slot":"EF_sword1_1","offset":-26},{"slot":"EF_sword1_2","offset":-26},{"slot":"EF_rock2_5","offset":-36},{"slot":"EF_rock2_6","offset":-36}]}],"events":[{"time":0,"name":"EFEvent","float":0.8,"string":"kHitStopType_enemyonly"},{"time":0.0333,"name":"EFEvent","string":"movePosition_Target(0,0,0)"},{"time":0.2333,"name":"EFEvent","string":"shakeGround"},{"time":0.2333,"name":"Sound1","string":"cri_se_battle_sword_heavy_hit"},{"time":0.3,"name":"EFEvent","string":"shakeGround"},{"time":0.3333,"name":"Sound1","string":"cri_se_battle_swordslash_heavy"},{"time":0.3666,"name":"EFEvent","string":"shakeGround"},{"time":0.3666,"name":"EFHit","string":"resetHitList"},{"time":0.4333,"name":"EFEvent","string":"shakeGround"},{"time":0.4333,"name":"EFHit","string":"resetHitList"},{"time":0.4333,"name":"Sound1","string":"cri_se_battle_swordslash_heavy"},{"time":1.2,"name":"EFEvent","string":"kImpactType_up"},{"time":1.4,"name":"EFEvent","float":0.2,"string":"kHitStopType_normal"},{"time":1.4333,"name":"EFEvent","float":3,"string":"shakeGround"},{"time":1.4666,"name":"EFEvent","string":"shakeGround"},{"time":1.4666,"name":"EFHit","float":30,"string":"resetHitList"},{"time":1.4666,"name":"Sound1","string":"cri_se_battle_thrustviolently"},{"time":1.4666,"name":"Sound2","string":"cri_se_battle_skill_elxplosion"},{"time":1.4666,"name":"Sound3","string":"setHitSound(se_battle_explosion_short)"},{"time":1.5333,"name":"EFEvent","float":0.1,"string":"kHitStopType_enemyonly"},{"time":1.5666,"name":"EFHit","string":"resetHitList"},{"time":1.6333,"name":"EFEvent","string":"shakeGround"},{"time":1.6333,"name":"EFHit","string":"resetHitList"},{"time":1.7,"name":"EFEvent","string":"shakeGround"},{"time":1.7,"name":"EFHit","string":"resetHitList"},{"time":1.7666,"name":"EFHit","string":"resetHitList"},{"time":1.8333,"name":"EFHit","string":"resetHitList"},{"time":1.9,"name":"EFHit","string":"resetHitList"},{"time":1.9666,"name":"EFHit","string":"resetHitList"},{"time":2.0333,"name":"EFHit","string":"resetHitList"}]}}}