{
"skeleton": { "hash": "TCkNdDB4zUMA2DSYtMQBfw9/bMY", "spine": "3.0.12", "width": 0, "height": 0, "images": "./images/" },
"bones": [
	{ "name": "root" },
	{ "name": "ef", "parent": "root" },
	{ "name": "ef_wave_A_main", "parent": "ef", "x": -400 },
	{ "name": "ef_slash_move", "parent": "ef", "x": -200 },
	{ "name": "ef_OF_main", "parent": "ef", "x": -100 },
	{ "name": "EF", "parent": "root" },
	{ "name": "ef_smash_wave_A_blue", "parent": "EF", "x": 50 },
	{ "name": "ef_slash_bolt_main", "parent": "EF", "x": 150 },
	{ "name": "ef_shine_main", "parent": "EF", "x": 250 },
	{ "name": "DAMAGEAREA", "parent": "root" },
	{ "name": "smash_wave", "parent": "EF" },
	{ "name": "smash_wave2", "parent": "EF" }
],
"slots": [
	{ "name": "EF/0h/s13_ef_slash_move_main/ef_slash_move_main_00001", "bone": "ef_slash_move", "blend": "additive" },
	{ "name": "EF/0h/s23_ef_wave_A_main/ef_wave_A_main_00001", "bone": "ef_wave_A_main", "blend": "additive" },
	{ "name": "EF/0h/s12_ef_OF_main/ef_OF_main_00001", "bone": "ef_OF_main", "blend": "additive" },
	{ "name": "DAMAGEAREA", "bone": "DAMAGEAREA" },
	{ "name": "0e/s123_smash_wave_A_blue/ef_smash_wave_A_blue_00001", "bone": "ef_smash_wave_A_blue", "blend": "additive" },
	{ "name": "0e/s23_ef_slash_bolt_main/ef_slash_bolt_main_00001", "bone": "ef_slash_bolt_main", "blend": "additive" },
	{ "name": "0e/s2_ef_shine_main/ef_shine_main_00001", "bone": "ef_shine_main", "blend": "additive" },
	{ "name": "wave/ef_smash_wave_main 2_00001", "bone": "smash_wave", "blend": "additive" },
	{ "name": "wave/ef_smash_wave_main 2_1", "bone": "smash_wave2", "blend": "additive" }
],
"skins": {
	"default": {
		"0e/s123_smash_wave_A_blue/ef_smash_wave_A_blue_00001": {
			"0e/s123_smash_wave_A_blue/ef_smash_wave_A_blue_00002": { "width": 192, "height": 256 },
			"0e/s123_smash_wave_A_blue/ef_smash_wave_A_blue_00003": { "width": 192, "height": 256 },
			"0e/s123_smash_wave_A_blue/ef_smash_wave_A_blue_00004": { "width": 192, "height": 256 }
		},
		"0e/s23_ef_slash_bolt_main/ef_slash_bolt_main_00001": {
			"0e/s23_ef_slash_bolt_main/ef_slash_bolt_main_00001": { "x": 5, "width": 120, "height": 320 },
			"0e/s23_ef_slash_bolt_main/ef_slash_bolt_main_00002": { "x": 5, "width": 120, "height": 320 },
			"0e/s23_ef_slash_bolt_main/ef_slash_bolt_main_00003": { "x": 5, "width": 120, "height": 320 },
			"0e/s23_ef_slash_bolt_main/ef_slash_bolt_main_00006": { "x": 5, "width": 120, "height": 320 },
			"0e/s23_ef_slash_bolt_main/ef_slash_bolt_main_00007": { "x": 5, "width": 120, "height": 320 },
			"0e/s23_ef_slash_bolt_main/ef_slash_bolt_main_00009": { "x": 5, "width": 120, "height": 320 },
			"0e/s23_ef_slash_bolt_main/ef_slash_bolt_main_00010": { "x": 5, "width": 120, "height": 320 },
			"0e/s23_ef_slash_bolt_main/ef_slash_bolt_main_00012": { "x": 5, "width": 120, "height": 320 }
		},
		"0e/s2_ef_shine_main/ef_shine_main_00001": {
			"0e/s2_ef_shine_main/ef_shine_main_00001": { "width": 300, "height": 300 }
		},
		"DAMAGEAREA": {
			"DAMAGEAREA": {
				"type": "boundingbox",
				"vertices": [ -63.7883, 63.67527, -63.81289, -63.36357, 63.79907, -63.36357, 63.79907, 62.67939 ]
			}
		},
		"EF/0h/s12_ef_OF_main/ef_OF_main_00001": {
			"EF/0h/s12_ef_OF_main/ef_OF_main_00001": { "width": 228, "height": 228 },
			"EF/0h/s12_ef_OF_main/ef_OF_main_00002": { "width": 228, "height": 228 },
			"EF/0h/s12_ef_OF_main/ef_OF_main_00003": { "width": 228, "height": 228 },
			"EF/0h/s12_ef_OF_main/ef_OF_main_00004": { "width": 228, "height": 228 },
			"EF/0h/s12_ef_OF_main/ef_OF_main_00005": { "width": 228, "height": 228 }
		},
		"EF/0h/s13_ef_slash_move_main/ef_slash_move_main_00001": {
			"EF/0h/s13_ef_slash_move_main/ef_slash_move_main_00001": { "width": 280, "height": 192 },
			"EF/0h/s13_ef_slash_move_main/ef_slash_move_main_00003": { "width": 280, "height": 192 },
			"EF/0h/s13_ef_slash_move_main/ef_slash_move_main_00004": { "width": 280, "height": 192 },
			"EF/0h/s13_ef_slash_move_main/ef_slash_move_main_00005": { "width": 280, "height": 192 },
			"EF/0h/s13_ef_slash_move_main/ef_slash_move_main_00006": { "width": 280, "height": 192 },
			"EF/0h/s13_ef_slash_move_main/ef_slash_move_main_00008": { "width": 280, "height": 192 }
		},
		"EF/0h/s23_ef_wave_A_main/ef_wave_A_main_00001": {
			"EF/0h/s23_ef_wave_A_main/ef_wave_A_main_00003": { "width": 304, "height": 304 },
			"EF/0h/s23_ef_wave_A_main/ef_wave_A_main_00005": { "width": 304, "height": 304 },
			"EF/0h/s23_ef_wave_A_main/ef_wave_A_main_00007": { "width": 304, "height": 304 },
			"EF/0h/s23_ef_wave_A_main/ef_wave_A_main_00009": { "width": 304, "height": 304 },
			"EF/0h/s23_ef_wave_A_main/ef_wave_A_main_00011": { "width": 304, "height": 304 }
		},
		"wave/ef_smash_wave_main 2_00001": {
			"wave/ef_smash_wave_main 2_00001": { "width": 120, "height": 240 },
			"wave/ef_smash_wave_main 2_00002": { "width": 120, "height": 240 },
			"wave/ef_smash_wave_main 2_00003": { "width": 120, "height": 240 },
			"wave/ef_smash_wave_main 2_00004": { "width": 120, "height": 240 },
			"wave/ef_smash_wave_main 2_00005": { "width": 120, "height": 240 },
			"wave/ef_smash_wave_main 2_00006": { "width": 120, "height": 240 },
			"wave/ef_smash_wave_main 2_00007": { "width": 120, "height": 240 },
			"wave/ef_smash_wave_main 2_00008": { "width": 120, "height": 240 }
		},
		"wave/ef_smash_wave_main 2_1": {
			"wave/ef_smash_wave_main 2_00001": { "width": 120, "height": 240 },
			"wave/ef_smash_wave_main 2_00002": { "width": 120, "height": 240 },
			"wave/ef_smash_wave_main 2_00003": { "width": 120, "height": 240 },
			"wave/ef_smash_wave_main 2_00004": { "width": 120, "height": 240 },
			"wave/ef_smash_wave_main 2_00005": { "width": 120, "height": 240 },
			"wave/ef_smash_wave_main 2_00006": { "width": 120, "height": 240 },
			"wave/ef_smash_wave_main 2_00007": { "width": 120, "height": 240 },
			"wave/ef_smash_wave_main 2_00008": { "width": 120, "height": 240 }
		}
	}
},
"events": {
	"Event": {},
	"Event2": {},
	"Hit": {},
	"Sound": {}
},
"animations": {
	"attack1": {
		"slots": {
			"0e/s123_smash_wave_A_blue/ef_smash_wave_A_blue_00001": {
				"attachment": [
					{ "time": 0.4, "name": "0e/s123_smash_wave_A_blue/ef_smash_wave_A_blue_00002" },
					{ "time": 0.4333, "name": "0e/s123_smash_wave_A_blue/ef_smash_wave_A_blue_00003" },
					{ "time": 0.4666, "name": "0e/s123_smash_wave_A_blue/ef_smash_wave_A_blue_00004" },
					{ "time": 0.5333, "name": null }
				]
			},
			"0e/s23_ef_slash_bolt_main/ef_slash_bolt_main_00001": {
				"attachment": [
					{ "time": 0.3333, "name": "0e/s23_ef_slash_bolt_main/ef_slash_bolt_main_00001" },
					{ "time": 0.3666, "name": "0e/s23_ef_slash_bolt_main/ef_slash_bolt_main_00002" },
					{ "time": 0.4, "name": "0e/s23_ef_slash_bolt_main/ef_slash_bolt_main_00003" },
					{ "time": 0.5, "name": "0e/s23_ef_slash_bolt_main/ef_slash_bolt_main_00006" },
					{ "time": 0.5333, "name": "0e/s23_ef_slash_bolt_main/ef_slash_bolt_main_00007" },
					{ "time": 0.6, "name": "0e/s23_ef_slash_bolt_main/ef_slash_bolt_main_00009" },
					{ "time": 0.6333, "name": "0e/s23_ef_slash_bolt_main/ef_slash_bolt_main_00010" },
					{ "time": 0.6666, "name": "0e/s23_ef_slash_bolt_main/ef_slash_bolt_main_00012" },
					{ "time": 0.7, "name": null }
				],
				"color": [
					{ "time": 0.3333, "color": "ffffffff", "curve": "stepped" },
					{ "time": 0.6333, "color": "ffffffff" },
					{ "time": 0.7, "color": "ffffff00" }
				]
			},
			"0e/s2_ef_shine_main/ef_shine_main_00001": {
				"attachment": [
					{ "time": 0.6, "name": "0e/s2_ef_shine_main/ef_shine_main_00001" },
					{ "time": 0.8, "name": null }
				],
				"color": [
					{ "time": 0.6, "color": "ffffffff", "curve": "stepped" },
					{ "time": 0.7333, "color": "ffffffff" },
					{ "time": 0.8, "color": "ffffff00" }
				]
			},
			"DAMAGEAREA": {
				"attachment": [
					{ "time": 0.4, "name": "DAMAGEAREA" },
					{ "time": 0.5, "name": null }
				]
			},
			"EF/0h/s12_ef_OF_main/ef_OF_main_00001": {
				"attachment": [
					{ "time": 0.3666, "name": "EF/0h/s12_ef_OF_main/ef_OF_main_00001" },
					{ "time": 0.4, "name": "EF/0h/s12_ef_OF_main/ef_OF_main_00002" },
					{ "time": 0.4333, "name": "EF/0h/s12_ef_OF_main/ef_OF_main_00003" },
					{ "time": 0.4666, "name": "EF/0h/s12_ef_OF_main/ef_OF_main_00004" },
					{ "time": 0.5, "name": "EF/0h/s12_ef_OF_main/ef_OF_main_00005" },
					{ "time": 0.5666, "name": null }
				]
			},
			"EF/0h/s13_ef_slash_move_main/ef_slash_move_main_00001": {
				"attachment": [
					{ "time": 0.3333, "name": "EF/0h/s13_ef_slash_move_main/ef_slash_move_main_00001" },
					{ "time": 0.4, "name": "EF/0h/s13_ef_slash_move_main/ef_slash_move_main_00003" },
					{ "time": 0.4333, "name": "EF/0h/s13_ef_slash_move_main/ef_slash_move_main_00004" },
					{ "time": 0.4666, "name": "EF/0h/s13_ef_slash_move_main/ef_slash_move_main_00005" },
					{ "time": 0.5, "name": "EF/0h/s13_ef_slash_move_main/ef_slash_move_main_00006" },
					{ "time": 0.5666, "name": "EF/0h/s13_ef_slash_move_main/ef_slash_move_main_00008" },
					{ "time": 0.6, "name": null }
				]
			},
			"EF/0h/s23_ef_wave_A_main/ef_wave_A_main_00001": {
				"attachment": [
					{ "time": 0.4333, "name": "EF/0h/s23_ef_wave_A_main/ef_wave_A_main_00003" },
					{ "time": 0.4666, "name": "EF/0h/s23_ef_wave_A_main/ef_wave_A_main_00005" },
					{ "time": 0.5, "name": "EF/0h/s23_ef_wave_A_main/ef_wave_A_main_00007" },
					{ "time": 0.5333, "name": "EF/0h/s23_ef_wave_A_main/ef_wave_A_main_00009" },
					{ "time": 0.5666, "name": "EF/0h/s23_ef_wave_A_main/ef_wave_A_main_00011" },
					{ "time": 0.6, "name": null }
				]
			},
			"wave/ef_smash_wave_main 2_1": {
				"attachment": [
					{ "time": 0.6666, "name": "wave/ef_smash_wave_main 2_00001" },
					{ "time": 0.7, "name": "wave/ef_smash_wave_main 2_00002" },
					{ "time": 0.7333, "name": "wave/ef_smash_wave_main 2_00003" },
					{ "time": 0.7666, "name": "wave/ef_smash_wave_main 2_00004" },
					{ "time": 0.8, "name": "wave/ef_smash_wave_main 2_00005" },
					{ "time": 0.8333, "name": "wave/ef_smash_wave_main 2_00006" },
					{ "time": 0.8666, "name": "wave/ef_smash_wave_main 2_00007" },
					{ "time": 0.9, "name": "wave/ef_smash_wave_main 2_00008" }
				],
				"color": [
					{ "time": 0.6666, "color": "ffffffff", "curve": "stepped" },
					{ "time": 0.8333, "color": "ffffffff" }
				]
			},
			"wave/ef_smash_wave_main 2_00001": {
				"attachment": [
					{ "time": 0.6333, "name": "wave/ef_smash_wave_main 2_00001" },
					{ "time": 0.6666, "name": "wave/ef_smash_wave_main 2_00002" },
					{ "time": 0.7, "name": "wave/ef_smash_wave_main 2_00003" },
					{ "time": 0.7333, "name": "wave/ef_smash_wave_main 2_00004" },
					{ "time": 0.7666, "name": "wave/ef_smash_wave_main 2_00005" },
					{ "time": 0.8, "name": "wave/ef_smash_wave_main 2_00006" },
					{ "time": 0.8333, "name": "wave/ef_smash_wave_main 2_00007" },
					{ "time": 0.8666, "name": "wave/ef_smash_wave_main 2_00008" },
					{ "time": 0.9, "name": null }
				],
				"color": [
					{ "time": 0.6333, "color": "ffffffff", "curve": "stepped" },
					{ "time": 0.8, "color": "ffffffff" },
					{ "time": 0.9, "color": "ffffff00" }
				]
			}
		},
		"bones": {
			"ef_smash_wave_A_blue": {
				"rotate": [
					{ "time": 0.3666, "angle": 42 }
				],
				"translate": [
					{ "time": 0.3666, "x": 49.51, "y": 80.96 }
				],
				"scale": [
					{ "time": 0.3666, "x": 3, "y": 3 }
				]
			},
			"ef_slash_bolt_main": {
				"rotate": [
					{ "time": 0.3333, "angle": -49.26 }
				],
				"translate": [
					{ "time": 0.3333, "x": -101.26, "y": 48.87 }
				],
				"scale": [
					{ "time": 0.3333, "x": 5, "y": 5 },
					{ "time": 0.4666, "x": 5, "y": 5.5 },
					{ "time": 0.5666, "x": 5.471, "y": 5.5 },
					{ "time": 0.6666, "x": 1.259, "y": 5.5 }
				]
			},
			"ef_shine_main": {
				"translate": [
					{ "time": 0.6, "x": -163.33, "y": 74.22 }
				],
				"scale": [
					{ "time": 0.6, "x": 0.569, "y": 0.569 },
					{ "time": 0.8, "x": 6.5, "y": 6.5 }
				]
			},
			"DAMAGEAREA": {
				"translate": [
					{ "time": 0.4, "x": 73.67, "y": 65.01 }
				],
				"scale": [
					{ "time": 0.4, "x": 3.825, "y": 3.373 }
				]
			},
			"ef_OF_main": {
				"translate": [
					{ "time": 0.3666, "x": 186.76, "y": 74.17 }
				],
				"scale": [
					{ "time": 0.3666, "x": 4, "y": 4 },
					{ "time": 0.5666, "x": 6, "y": 6 }
				]
			},
			"ef_slash_move": {
				"rotate": [
					{ "time": 0.3333, "angle": -141.17 }
				],
				"translate": [
					{ "time": 0.3333, "x": 525.68, "y": 283.54 }
				],
				"scale": [
					{ "time": 0.3333, "x": -3.5, "y": 4.5 }
				]
			},
			"ef_wave_A_main": {
				"translate": [
					{ "time": 0.3666, "x": 486.76, "y": 74.17 }
				],
				"scale": [
					{ "time": 0.3666, "x": 4, "y": 4 }
				]
			},
			"smash_wave2": {
				"rotate": [
					{ "time": 0.6666, "angle": 2.96 }
				],
				"translate": [
					{ "time": 0.6666, "x": 86.47, "y": 74.36 }
				],
				"scale": [
					{
						"time": 0.6666,
						"x": 3,
						"y": 3,
						"curve": [ 0.116, 0.68, 0.75, 1 ]
					},
					{ "time": 0.9, "x": 7.2, "y": 7.2 }
				]
			},
			"smash_wave": {
				"rotate": [
					{ "time": 0.6333, "angle": 84.27 }
				],
				"translate": [
					{ "time": 0.6333, "x": 86.47, "y": 74.36 }
				],
				"scale": [
					{
						"time": 0.6333,
						"x": 3,
						"y": 3,
						"curve": [ 0.116, 0.68, 0.75, 1 ]
					},
					{ "time": 0.8666, "x": 7.2, "y": 7.2 }
				]
			}
		},
		"events": [
			{ "time": 0, "name": "Sound", "string": "setHitSound(se_battle_swordslash_heavy)" },
			{ "time": 0.1333, "name": "Event", "string": "movePosition_Target(0.05,-70,-70)" },
			{ "time": 0.2666, "name": "Sound", "string": "cri_se_battle_arrow_light_effect" },
			{ "time": 0.3, "name": "Sound", "string": "cri_se_battle_skill_shot" },
			{ "time": 0.4, "name": "Event", "float": 0.17, "string": "kHitStopType_normal" },
			{ "time": 0.4, "name": "Event2", "float": 2.5, "string": "shakeGround" },
			{ "time": 0.7, "name": "Event2", "float": 2, "string": "shakeGround" }
		]
	}
}
}