{"skeleton":{"hash":"v5mZqw+0gq55T0uSytgumtZIdlQ","spine":"3.0.12","width":0,"height":0},"bones":[{"name":"root"},{"name":"MAIN","parent":"root"},{"name":"EF","parent":"MAIN"},{"name":"9140_A4_wind1/9140_A4_wind1_00000","parent":"EF"},{"name":"5200_S1_slash1/5200_S1_slash1_00001","parent":"EF","x":200,"y":13.59},{"name":"5200_S1_dome3/5200_S1_dome3_00004","parent":"EF","x":200,"y":21.35},{"name":"5200_S1_dome2/5200_S1_dome2_00003","parent":"EF","x":200,"y":37.9},{"name":"5200_S1_dome1/5200_S1_dome1_00002","parent":"EF","x":200,"y":50.22},{"name":"DAMAGEAREA","parent":"MAIN"}],"slots":[{"name":"9140_A4_wind1/9140_A4_wind1_00000","bone":"9140_A4_wind1/9140_A4_wind1_00000","blend":"additive"},{"name":"5200_S1_slash1/5200_S1_slash1_00001","bone":"5200_S1_slash1/5200_S1_slash1_00001","blend":"additive"},{"name":"5200_S1_dome3/5200_S1_dome3_00004","bone":"5200_S1_dome3/5200_S1_dome3_00004","blend":"additive"},{"name":"5200_S1_dome2/5200_S1_dome2_00003","bone":"5200_S1_dome2/5200_S1_dome2_00003","blend":"additive"},{"name":"5200_S1_dome1/5200_S1_dome1_00002","bone":"5200_S1_dome1/5200_S1_dome1_00002","blend":"additive"},{"name":"DAMAGEAREA","bone":"DAMAGEAREA"}],"skins":{"default":{"5200_S1_dome1/5200_S1_dome1_00002":{"5200_S1_dome1/5200_S1_dome1_00002":{"x":0.3,"y":18.75,"width":272,"height":272},"5200_S1_dome1/5200_S1_dome1_00003":{"x":0.3,"y":18.75,"width":272,"height":272},"5200_S1_dome1/5200_S1_dome1_00005":{"x":0.3,"y":18.75,"width":272,"height":272},"5200_S1_dome1/5200_S1_dome1_00007":{"x":0.3,"y":18.75,"width":272,"height":272},"5200_S1_dome1/5200_S1_dome1_00009":{"x":0.3,"y":18.75,"width":272,"height":272},"5200_S1_dome1/5200_S1_dome1_00011":{"x":0.3,"y":18.75,"width":272,"height":272},"5200_S1_dome1/5200_S1_dome1_00013":{"x":0.3,"y":18.75,"width":272,"height":272}},"5200_S1_dome2/5200_S1_dome2_00003":{"5200_S1_dome2/5200_S1_dome2_00003":{"width":200,"height":200},"5200_S1_dome2/5200_S1_dome2_00005":{"width":200,"height":200},"5200_S1_dome2/5200_S1_dome2_00008":{"width":200,"height":200},"5200_S1_dome2/5200_S1_dome2_00010":{"width":200,"height":200},"5200_S1_dome2/5200_S1_dome2_00012":{"width":200,"height":200}},"5200_S1_dome3/5200_S1_dome3_00004":{"5200_S1_dome3/5200_S1_dome3_00004":{"width":175,"height":175},"5200_S1_dome3/5200_S1_dome3_00007":{"width":175,"height":175},"5200_S1_dome3/5200_S1_dome3_00009":{"width":175,"height":175},"5200_S1_dome3/5200_S1_dome3_00011":{"width":175,"height":175},"5200_S1_dome3/5200_S1_dome3_00012":{"width":175,"height":175},"5200_S1_dome3/5200_S1_dome3_00013":{"width":175,"height":175}},"5200_S1_slash1/5200_S1_slash1_00001":{"5200_S1_slash1/5200_S1_slash1_00001":{"width":175,"height":175},"5200_S1_slash1/5200_S1_slash1_00002":{"width":175,"height":175},"5200_S1_slash1/5200_S1_slash1_00003":{"width":175,"height":175},"5200_S1_slash1/5200_S1_slash1_00004":{"width":175,"height":175}},"9140_A4_wind1/9140_A4_wind1_00000":{"9140_A4_wind1/9140_A4_wind1_00000":{"width":180,"height":180},"9140_A4_wind1/9140_A4_wind1_00001":{"width":180,"height":180},"9140_A4_wind1/9140_A4_wind1_00002":{"width":180,"height":180},"9140_A4_wind1/9140_A4_wind1_00004":{"width":180,"height":180},"9140_A4_wind1/9140_A4_wind1_00006":{"width":180,"height":180},"9140_A4_wind1/9140_A4_wind1_00008":{"width":180,"height":180}},"DAMAGEAREA":{"DAMAGEAREA":{"type":"boundingbox","vertices":[-31.44951,-32.07438,30.91148,-32.07438,30.91148,32.31461,-31.44951,31.80762]}}}},"events":{"event":{},"hit":{},"sound":{}},"animations":{"attack1":{"slots":{"5200_S1_dome1/5200_S1_dome1_00002":{"attachment":[{"time":0.1666,"name":"5200_S1_dome1/5200_S1_dome1_00002"},{"time":0.2,"name":"5200_S1_dome1/5200_S1_dome1_00003"},{"time":0.2666,"name":"5200_S1_dome1/5200_S1_dome1_00005"},{"time":0.3333,"name":"5200_S1_dome1/5200_S1_dome1_00007"},{"time":0.4,"name":"5200_S1_dome1/5200_S1_dome1_00009"},{"time":0.4666,"name":"5200_S1_dome1/5200_S1_dome1_00011"},{"time":0.5333,"name":"5200_S1_dome1/5200_S1_dome1_00013"}],"color":[{"time":0.5,"color":"ffffffff"},{"time":0.6666,"color":"ffffff00"}]},"5200_S1_dome2/5200_S1_dome2_00003":{"attachment":[{"time":0.1666,"name":"5200_S1_dome2/5200_S1_dome2_00003"},{"time":0.2333,"name":"5200_S1_dome2/5200_S1_dome2_00005"},{"time":0.3,"name":"5200_S1_dome2/5200_S1_dome2_00008"},{"time":0.3333,"name":"5200_S1_dome2/5200_S1_dome2_00010"},{"time":0.4,"name":"5200_S1_dome2/5200_S1_dome2_00012"}],"color":[{"time":0.4666,"color":"ffffffff"},{"time":0.6333,"color":"ffffff00"}]},"5200_S1_dome3/5200_S1_dome3_00004":{"attachment":[{"time":0.2,"name":"5200_S1_dome3/5200_S1_dome3_00004"},{"time":0.2333,"name":"5200_S1_dome3/5200_S1_dome3_00007"},{"time":0.2666,"name":"5200_S1_dome3/5200_S1_dome3_00009"},{"time":0.3,"name":"5200_S1_dome3/5200_S1_dome3_00011"},{"time":0.3333,"name":"5200_S1_dome3/5200_S1_dome3_00012"},{"time":0.3666,"name":"5200_S1_dome3/5200_S1_dome3_00013"}],"color":[{"time":0.2666,"color":"ffffffff","curve":[0.207,0.88,0.75,1]},{"time":0.4666,"color":"ffffff00"}]},"5200_S1_slash1/5200_S1_slash1_00001":{"attachment":[{"time":0.1333,"name":"5200_S1_slash1/5200_S1_slash1_00001"},{"time":0.1666,"name":"5200_S1_slash1/5200_S1_slash1_00002"},{"time":0.2,"name":"5200_S1_slash1/5200_S1_slash1_00003"},{"time":0.2333,"name":"5200_S1_slash1/5200_S1_slash1_00004"},{"time":0.5666,"name":null}],"color":[{"time":0.2333,"color":"ffffffff"},{"time":0.3333,"color":"ffffff00"}]},"9140_A4_wind1/9140_A4_wind1_00000":{"attachment":[{"time":0.2333,"name":"9140_A4_wind1/9140_A4_wind1_00000"},{"time":0.2666,"name":"9140_A4_wind1/9140_A4_wind1_00001"},{"time":0.3333,"name":"9140_A4_wind1/9140_A4_wind1_00002"},{"time":0.4,"name":"9140_A4_wind1/9140_A4_wind1_00004"},{"time":0.4333,"name":"9140_A4_wind1/9140_A4_wind1_00006"},{"time":0.5,"name":"9140_A4_wind1/9140_A4_wind1_00008"},{"time":0.5666,"name":"9140_A4_wind1/9140_A4_wind1_00002"},{"time":0.6333,"name":"9140_A4_wind1/9140_A4_wind1_00004"},{"time":0.7,"name":"9140_A4_wind1/9140_A4_wind1_00006"}],"color":[{"time":0.3333,"color":"ffffffff"},{"time":0.7,"color":"ffffff00"}]},"DAMAGEAREA":{"attachment":[{"time":0.1666,"name":"DAMAGEAREA"},{"time":0.6333,"name":null}]}},"bones":{"5200_S1_slash1/5200_S1_slash1_00001":{"rotate":[{"time":0.1333,"angle":43.19}],"translate":[{"time":0.1333,"x":-281.41,"y":87.69}],"scale":[{"time":0.1333,"x":5.111,"y":5.435}]},"5200_S1_dome1/5200_S1_dome1_00002":{"translate":[{"time":0.1666,"x":-394.92,"y":-53.88}],"scale":[{"time":0.1666,"x":2.355,"y":2.355},{"time":0.2,"x":2.828,"y":2.828,"curve":"stepped"},{"time":0.2666,"x":2.944,"y":2.944,"curve":[0.141,0.98,0.512,1]},{"time":0.5333,"x":3.326,"y":3.326}]},"5200_S1_dome2/5200_S1_dome2_00003":{"translate":[{"time":0.1666,"x":-385.64,"y":-18.17,"curve":"stepped"},{"time":0.4333,"x":-385.64,"y":-18.17}],"scale":[{"time":0.1666,"x":3.404,"y":3.404,"curve":"stepped"},{"time":0.4333,"x":3.656,"y":3.656}]},"9140_A4_wind1/9140_A4_wind1_00000":{"translate":[{"time":0.2333,"x":-161.61,"y":105.39},{"time":0.2666,"x":-191.12,"y":158.09,"curve":[0.159,0.94,0.75,1]},{"time":0.7,"x":-207.99,"y":164.41}],"scale":[{"time":0.2333,"x":2.083,"y":2.083},{"time":0.3,"x":3.369,"y":3.369}]},"5200_S1_dome3/5200_S1_dome3_00004":{"translate":[{"time":0.2,"x":-384.94,"y":62.37}],"scale":[{"time":0.2,"x":3.286,"y":3.286,"curve":[0.174,0.82,0.75,1]},{"time":0.4666,"x":8.563,"y":8.563}]},"DAMAGEAREA":{"translate":[{"time":0.1666,"x":-188.53,"y":28.14}],"scale":[{"time":0.1666,"x":5.614,"y":2.857}]}},"events":[{"time":0.1333,"name":"event","float":0.01,"string":"kHitStopType_normal"},{"time":0.1666,"name":"sound","string":"cri_se_battle_030_explosion_02"},{"time":0.2333,"name":"hit","string":"resetHitList"},{"time":0.3,"name":"hit","string":"resetHitList"},{"time":0.3666,"name":"hit","string":"resetHitList"},{"time":0.4333,"name":"hit","string":"resetHitList"},{"time":0.5,"name":"hit","string":"resetHitList"},{"time":0.5666,"name":"hit","string":"resetHitList"}]},"none":{}}}