{"skeleton":{"hash":"3fNSBB0wb/ZFnMEf8ELJ4GFTXAA","spine":"3.0.12","width":0,"height":0,"images":"./images/"},"bones":[{"name":"root"},{"name":"MAIN","parent":"root"},{"name":"powerB","parent":"MAIN","x":249.32,"y":240.04,"scaleX":1.501,"scaleY":1.501},{"name":"powerA","parent":"MAIN","x":413.11,"y":240.42},{"name":"ex3","parent":"MAIN","x":470.87,"y":170.72,"scaleX":1.997,"scaleY":1.997},{"name":"ex2","parent":"MAIN","x":440.19,"y":170.72,"scaleX":1.997,"scaleY":1.997},{"name":"ex1","parent":"MAIN","x":410.39,"y":169.3,"scaleX":1.997,"scaleY":1.997},{"name":"attack","parent":"MAIN","x":576.32,"y":165.68,"scaleX":1.995,"scaleY":1.995},{"name":"DAMAGEAREA","parent":"root"},{"name":"waveA","parent":"MAIN","x":249.43,"y":168.52,"scaleX":1.999,"scaleY":1.999},{"name":"waveB1","parent":"MAIN","x":577.88,"y":236.65},{"name":"waveB2","parent":"MAIN","x":610.52,"y":236.65},{"name":"waveB3","parent":"MAIN","x":645.44,"y":236.65}],"slots":[{"name":"700_S1_ex1/700_S1_ex1_00001","bone":"ex1","blend":"additive"},{"name":"700_S1_ex1/700_S1_ex1_1","bone":"ex2","blend":"additive"},{"name":"700_S1_ex1/700_S1_ex1_2","bone":"ex3","blend":"additive"},{"name":"700_S1_power1/700_S1_power1_00001","bone":"powerA","blend":"additive"},{"name":"700_S1_power2/700_S1_power2_00001","bone":"powerB","blend":"additive"},{"name":"BSK_attack1/BSK_attack1_00001","bone":"attack","blend":"additive"},{"name":"BSK_attack2/BSK_attack2_00001","bone":"waveA","blend":"additive"},{"name":"100_S1_wave1/100_S1_wave1_00001","bone":"waveB1","blend":"additive"},{"name":"100_S1_wave1/100_S1_wave1_1","bone":"waveB2","blend":"additive"},{"name":"100_S1_wave1/100_S1_wave1_2","bone":"waveB3","blend":"additive"},{"name":"DAMAGEAREA","bone":"DAMAGEAREA"}],"skins":{"default":{"100_S1_wave1/100_S1_wave1_00001":{"100_S1_wave1/100_S1_wave1_00001":{"x":-1.57,"y":9.47,"width":224,"height":224},"100_S1_wave1/100_S1_wave1_00003":{"x":-1.57,"y":9.47,"width":224,"height":224},"100_S1_wave1/100_S1_wave1_00004":{"x":-1.57,"y":9.47,"width":224,"height":224},"100_S1_wave1/100_S1_wave1_00005":{"x":-1.57,"y":9.47,"width":224,"height":224},"100_S1_wave1/100_S1_wave1_00006":{"x":-1.57,"y":9.47,"width":224,"height":224},"100_S1_wave1/100_S1_wave1_00007":{"x":-1.57,"y":9.47,"width":224,"height":224},"100_S1_wave1/100_S1_wave1_00008":{"x":-1.57,"y":9.47,"width":224,"height":224},"100_S1_wave1/100_S1_wave1_00009":{"x":-1.57,"y":9.47,"width":224,"height":224}},"100_S1_wave1/100_S1_wave1_1":{"100_S1_wave1/100_S1_wave1_00001":{"x":-1.57,"y":9.47,"width":224,"height":224},"100_S1_wave1/100_S1_wave1_00003":{"x":-1.57,"y":9.47,"width":224,"height":224},"100_S1_wave1/100_S1_wave1_00004":{"x":-1.57,"y":9.47,"width":224,"height":224},"100_S1_wave1/100_S1_wave1_00005":{"x":-1.57,"y":9.47,"width":224,"height":224},"100_S1_wave1/100_S1_wave1_00006":{"x":-1.57,"y":9.47,"width":224,"height":224},"100_S1_wave1/100_S1_wave1_00007":{"x":-1.57,"y":9.47,"width":224,"height":224},"100_S1_wave1/100_S1_wave1_00008":{"x":-1.57,"y":9.47,"width":224,"height":224},"100_S1_wave1/100_S1_wave1_00009":{"x":-1.57,"y":9.47,"width":224,"height":224}},"100_S1_wave1/100_S1_wave1_2":{"100_S1_wave1/100_S1_wave1_00001":{"x":-1.57,"y":9.47,"width":224,"height":224},"100_S1_wave1/100_S1_wave1_00003":{"x":-1.57,"y":9.47,"width":224,"height":224},"100_S1_wave1/100_S1_wave1_00004":{"x":-1.57,"y":9.47,"width":224,"height":224},"100_S1_wave1/100_S1_wave1_00005":{"x":-1.57,"y":9.47,"width":224,"height":224},"100_S1_wave1/100_S1_wave1_00006":{"x":-1.57,"y":9.47,"width":224,"height":224},"100_S1_wave1/100_S1_wave1_00007":{"x":-1.57,"y":9.47,"width":224,"height":224},"100_S1_wave1/100_S1_wave1_00008":{"x":-1.57,"y":9.47,"width":224,"height":224},"100_S1_wave1/100_S1_wave1_00009":{"x":-1.57,"y":9.47,"width":224,"height":224}},"700_S1_ex1/700_S1_ex1_00001":{"700_S1_ex1/700_S1_ex1_00001":{"x":0.18,"y":34.04,"width":250,"height":250},"700_S1_ex1/700_S1_ex1_00002":{"x":0.18,"y":34.04,"width":250,"height":250},"700_S1_ex1/700_S1_ex1_00003":{"x":0.18,"y":34.04,"width":250,"height":250},"700_S1_ex1/700_S1_ex1_00004":{"x":0.18,"y":34.04,"width":250,"height":250},"700_S1_ex1/700_S1_ex1_00005":{"x":0.18,"y":34.04,"width":250,"height":250},"700_S1_ex1/700_S1_ex1_00006":{"x":0.18,"y":34.04,"width":250,"height":250},"700_S1_ex1/700_S1_ex1_00007":{"x":0.18,"y":34.04,"width":250,"height":250},"700_S1_ex1/700_S1_ex1_00008":{"x":0.18,"y":34.04,"width":250,"height":250},"700_S1_ex1/700_S1_ex1_00009":{"x":0.18,"y":34.04,"width":250,"height":250},"700_S1_ex1/700_S1_ex1_00010":{"x":0.18,"y":34.04,"width":250,"height":250},"700_S1_ex1/700_S1_ex1_00011":{"x":0.18,"y":34.04,"width":250,"height":250},"700_S1_ex1/700_S1_ex1_00012":{"x":0.18,"y":34.04,"width":250,"height":250},"700_S1_ex1/700_S1_ex1_00013":{"x":0.18,"y":34.04,"width":250,"height":250}},"700_S1_ex1/700_S1_ex1_1":{"700_S1_ex1/700_S1_ex1_00001":{"x":0.18,"y":34.04,"width":250,"height":250},"700_S1_ex1/700_S1_ex1_00002":{"x":0.18,"y":34.04,"width":250,"height":250},"700_S1_ex1/700_S1_ex1_00003":{"x":0.18,"y":34.04,"width":250,"height":250},"700_S1_ex1/700_S1_ex1_00004":{"x":0.18,"y":34.04,"width":250,"height":250},"700_S1_ex1/700_S1_ex1_00005":{"x":0.18,"y":34.04,"width":250,"height":250},"700_S1_ex1/700_S1_ex1_00006":{"x":0.18,"y":34.04,"width":250,"height":250},"700_S1_ex1/700_S1_ex1_00007":{"x":0.18,"y":34.04,"width":250,"height":250},"700_S1_ex1/700_S1_ex1_00008":{"x":0.18,"y":34.04,"width":250,"height":250},"700_S1_ex1/700_S1_ex1_00009":{"x":0.18,"y":34.04,"width":250,"height":250},"700_S1_ex1/700_S1_ex1_00010":{"x":0.18,"y":34.04,"width":250,"height":250},"700_S1_ex1/700_S1_ex1_00011":{"x":0.18,"y":34.04,"width":250,"height":250},"700_S1_ex1/700_S1_ex1_00012":{"x":0.18,"y":34.04,"width":250,"height":250},"700_S1_ex1/700_S1_ex1_00013":{"x":0.18,"y":34.04,"width":250,"height":250}},"700_S1_ex1/700_S1_ex1_2":{"700_S1_ex1/700_S1_ex1_00001":{"x":0.18,"y":34.04,"width":250,"height":250},"700_S1_ex1/700_S1_ex1_00002":{"x":0.18,"y":34.04,"width":250,"height":250},"700_S1_ex1/700_S1_ex1_00003":{"x":0.18,"y":34.04,"width":250,"height":250},"700_S1_ex1/700_S1_ex1_00004":{"x":0.18,"y":34.04,"width":250,"height":250},"700_S1_ex1/700_S1_ex1_00005":{"x":0.18,"y":34.04,"width":250,"height":250},"700_S1_ex1/700_S1_ex1_00006":{"x":0.18,"y":34.04,"width":250,"height":250},"700_S1_ex1/700_S1_ex1_00007":{"x":0.18,"y":34.04,"width":250,"height":250},"700_S1_ex1/700_S1_ex1_00008":{"x":0.18,"y":34.04,"width":250,"height":250},"700_S1_ex1/700_S1_ex1_00009":{"x":0.18,"y":34.04,"width":250,"height":250},"700_S1_ex1/700_S1_ex1_00010":{"x":0.18,"y":34.04,"width":250,"height":250},"700_S1_ex1/700_S1_ex1_00011":{"x":0.18,"y":34.04,"width":250,"height":250},"700_S1_ex1/700_S1_ex1_00012":{"x":0.18,"y":34.04,"width":250,"height":250},"700_S1_ex1/700_S1_ex1_00013":{"x":0.18,"y":34.04,"width":250,"height":250}},"700_S1_power1/700_S1_power1_00001":{"700_S1_power1/700_S1_power1_00001":{"x":-1.13,"y":4.49,"width":225,"height":225},"700_S1_power1/700_S1_power1_00002":{"x":-1.13,"y":4.49,"width":225,"height":225},"700_S1_power1/700_S1_power1_00003":{"x":-1.13,"y":4.49,"width":225,"height":225},"700_S1_power1/700_S1_power1_00004":{"x":-1.13,"y":4.49,"width":225,"height":225},"700_S1_power1/700_S1_power1_00005":{"x":-1.13,"y":4.49,"width":225,"height":225},"700_S1_power1/700_S1_power1_00006":{"x":-1.13,"y":4.49,"width":225,"height":225},"700_S1_power1/700_S1_power1_00007":{"x":-1.13,"y":4.49,"width":225,"height":225},"700_S1_power1/700_S1_power1_00008":{"x":-1.13,"y":4.49,"width":225,"height":225},"700_S1_power1/700_S1_power1_00009":{"x":-1.13,"y":4.49,"width":225,"height":225},"700_S1_power1/700_S1_power1_00010":{"x":-1.13,"y":4.49,"width":225,"height":225},"700_S1_power1/700_S1_power1_00011":{"x":-1.13,"y":4.49,"width":225,"height":225},"700_S1_power1/700_S1_power1_00012":{"x":-1.13,"y":4.49,"width":225,"height":225},"700_S1_power1/700_S1_power1_00013":{"x":-1.13,"y":4.49,"width":225,"height":225},"700_S1_power1/700_S1_power1_00014":{"x":-1.13,"y":4.49,"width":225,"height":225},"700_S1_power1/700_S1_power1_00015":{"x":-1.13,"y":4.49,"width":225,"height":225},"700_S1_power1/700_S1_power1_00016":{"x":-1.13,"y":4.49,"width":225,"height":225}},"700_S1_power2/700_S1_power2_00001":{"700_S1_power2/700_S1_power2_00001":{"x":1.58,"y":2.24,"width":250,"height":250},"700_S1_power2/700_S1_power2_00002":{"x":1.58,"y":2.24,"width":250,"height":250},"700_S1_power2/700_S1_power2_00003":{"x":1.58,"y":2.24,"width":250,"height":250},"700_S1_power2/700_S1_power2_00004":{"x":1.58,"y":2.24,"width":250,"height":250},"700_S1_power2/700_S1_power2_00005":{"x":1.58,"y":2.24,"width":250,"height":250},"700_S1_power2/700_S1_power2_00006":{"x":1.58,"y":2.24,"width":250,"height":250},"700_S1_power2/700_S1_power2_00007":{"x":1.58,"y":2.24,"width":250,"height":250},"700_S1_power2/700_S1_power2_00008":{"x":1.58,"y":2.24,"width":250,"height":250},"700_S1_power2/700_S1_power2_00009":{"x":1.58,"y":2.24,"width":250,"height":250}},"BSK_attack1/BSK_attack1_00001":{"BSK_attack1/BSK_attack1_00001":{"x":12.55,"y":-0.24,"width":250,"height":250},"BSK_attack1/BSK_attack1_00002":{"x":12.55,"y":-0.24,"width":250,"height":250},"BSK_attack1/BSK_attack1_00005":{"x":12.55,"y":-0.24,"width":250,"height":250},"BSK_attack1/BSK_attack1_00006":{"x":12.55,"y":-0.24,"width":250,"height":250},"BSK_attack1/BSK_attack1_00007":{"x":12.55,"y":-0.24,"width":250,"height":250}},"BSK_attack2/BSK_attack2_00001":{"BSK_attack2/BSK_attack2_00001":{"x":2.23,"y":-1.54,"width":250,"height":250},"BSK_attack2/BSK_attack2_00002":{"x":2.23,"y":-1.54,"width":250,"height":250},"BSK_attack2/BSK_attack2_00003":{"x":2.23,"y":-1.54,"width":250,"height":250},"BSK_attack2/BSK_attack2_00004":{"x":2.23,"y":-1.54,"width":250,"height":250}},"DAMAGEAREA":{"DAMAGEAREA":{"type":"boundingbox","vertices":[-99.25122,-98.81416,97.54875,-98.81416,97.54875,97.98584,-96.6272,96.67384]}}}},"events":{"Event":{},"Event2":{},"Hit":{},"Sound1":{},"Sound2":{}},"animations":{"attack1":{"slots":{"100_S1_wave1/100_S1_wave1_00001":{"attachment":[{"time":0.0333,"name":"100_S1_wave1/100_S1_wave1_00001"},{"time":0.0666,"name":"100_S1_wave1/100_S1_wave1_00003"},{"time":0.1,"name":"100_S1_wave1/100_S1_wave1_00004"},{"time":0.1333,"name":"100_S1_wave1/100_S1_wave1_00005"},{"time":0.1666,"name":"100_S1_wave1/100_S1_wave1_00006"},{"time":0.2,"name":"100_S1_wave1/100_S1_wave1_00007"},{"time":0.2333,"name":"100_S1_wave1/100_S1_wave1_00008"},{"time":0.2666,"name":"100_S1_wave1/100_S1_wave1_00009"}],"color":[{"time":0.2666,"color":"ffffffff"},{"time":0.3333,"color":"ffffff00"}]},"100_S1_wave1/100_S1_wave1_1":{"attachment":[{"time":0.1333,"name":"100_S1_wave1/100_S1_wave1_00001"},{"time":0.1666,"name":"100_S1_wave1/100_S1_wave1_00003"},{"time":0.2,"name":"100_S1_wave1/100_S1_wave1_00004"},{"time":0.2333,"name":"100_S1_wave1/100_S1_wave1_00005"},{"time":0.2666,"name":"100_S1_wave1/100_S1_wave1_00006"},{"time":0.3,"name":"100_S1_wave1/100_S1_wave1_00007"},{"time":0.3333,"name":"100_S1_wave1/100_S1_wave1_00008"},{"time":0.3666,"name":"100_S1_wave1/100_S1_wave1_00009"}],"color":[{"time":0.3666,"color":"ffffffff"},{"time":0.4333,"color":"ffffff00"}]},"700_S1_ex1/700_S1_ex1_00001":{"attachment":[{"time":0.0333,"name":"700_S1_ex1/700_S1_ex1_00001"},{"time":0.0666,"name":"700_S1_ex1/700_S1_ex1_00002"},{"time":0.1,"name":"700_S1_ex1/700_S1_ex1_00003"},{"time":0.1333,"name":"700_S1_ex1/700_S1_ex1_00004"},{"time":0.1666,"name":"700_S1_ex1/700_S1_ex1_00005"},{"time":0.2,"name":"700_S1_ex1/700_S1_ex1_00006"},{"time":0.2333,"name":"700_S1_ex1/700_S1_ex1_00007"},{"time":0.2666,"name":"700_S1_ex1/700_S1_ex1_00008"},{"time":0.3,"name":"700_S1_ex1/700_S1_ex1_00009"},{"time":0.3333,"name":"700_S1_ex1/700_S1_ex1_00010"},{"time":0.3666,"name":"700_S1_ex1/700_S1_ex1_00011"},{"time":0.4,"name":"700_S1_ex1/700_S1_ex1_00012"},{"time":0.4333,"name":"700_S1_ex1/700_S1_ex1_00013"}],"color":[{"time":0.4333,"color":"ffffffff"},{"time":0.5333,"color":"ffffff00"}]},"700_S1_ex1/700_S1_ex1_1":{"attachment":[{"time":0.1333,"name":"700_S1_ex1/700_S1_ex1_00001"},{"time":0.1666,"name":"700_S1_ex1/700_S1_ex1_00002"},{"time":0.2,"name":"700_S1_ex1/700_S1_ex1_00003"},{"time":0.2333,"name":"700_S1_ex1/700_S1_ex1_00004"},{"time":0.2666,"name":"700_S1_ex1/700_S1_ex1_00005"},{"time":0.3,"name":"700_S1_ex1/700_S1_ex1_00006"},{"time":0.3333,"name":"700_S1_ex1/700_S1_ex1_00007"},{"time":0.3666,"name":"700_S1_ex1/700_S1_ex1_00008"},{"time":0.4,"name":"700_S1_ex1/700_S1_ex1_00009"},{"time":0.4333,"name":"700_S1_ex1/700_S1_ex1_00010"},{"time":0.4666,"name":"700_S1_ex1/700_S1_ex1_00011"},{"time":0.5,"name":"700_S1_ex1/700_S1_ex1_00012"},{"time":0.5333,"name":"700_S1_ex1/700_S1_ex1_00013"}],"color":[{"time":0.5333,"color":"ffffffff"},{"time":0.6,"color":"ffffff00"}]},"700_S1_power1/700_S1_power1_00001":{"attachment":[{"time":0,"name":"700_S1_power1/700_S1_power1_00001"},{"time":0.0333,"name":"700_S1_power1/700_S1_power1_00002"},{"time":0.0666,"name":"700_S1_power1/700_S1_power1_00003"},{"time":0.1,"name":"700_S1_power1/700_S1_power1_00004"},{"time":0.1333,"name":"700_S1_power1/700_S1_power1_00005"},{"time":0.1666,"name":"700_S1_power1/700_S1_power1_00006"},{"time":0.2,"name":"700_S1_power1/700_S1_power1_00007"},{"time":0.2333,"name":"700_S1_power1/700_S1_power1_00008"},{"time":0.2666,"name":"700_S1_power1/700_S1_power1_00009"}],"color":[{"time":0,"color":"ffffffad"},{"time":0.0666,"color":"ffffffaa","curve":"stepped"},{"time":0.1666,"color":"ffffffaa"},{"time":0.2666,"color":"ffffff00"}]},"700_S1_power2/700_S1_power2_00001":{"attachment":[{"time":0.1666,"name":"700_S1_power2/700_S1_power2_00001"},{"time":0.2,"name":"700_S1_power2/700_S1_power2_00002"},{"time":0.2333,"name":"700_S1_power2/700_S1_power2_00004"},{"time":0.2666,"name":"700_S1_power2/700_S1_power2_00005"},{"time":0.3,"name":"700_S1_power2/700_S1_power2_00006"},{"time":0.3333,"name":"700_S1_power2/700_S1_power2_00007"},{"time":0.3666,"name":"700_S1_power2/700_S1_power2_00008"},{"time":0.4,"name":"700_S1_power2/700_S1_power2_00009"}],"color":[{"time":0.4,"color":"ffffffff"},{"time":0.4666,"color":"ffffff00"}]},"BSK_attack1/BSK_attack1_00001":{"attachment":[{"time":0,"name":"BSK_attack1/BSK_attack1_00001"},{"time":0.0333,"name":"BSK_attack1/BSK_attack1_00002"},{"time":0.0666,"name":"BSK_attack1/BSK_attack1_00005"},{"time":0.1,"name":"BSK_attack1/BSK_attack1_00006"}],"color":[{"time":0.1,"color":"ffffffff"},{"time":0.2,"color":"ffffff00"}]},"BSK_attack2/BSK_attack2_00001":{"attachment":[{"time":0,"name":"BSK_attack2/BSK_attack2_00001"},{"time":0.0333,"name":"BSK_attack2/BSK_attack2_00002"},{"time":0.0666,"name":"BSK_attack2/BSK_attack2_00003"},{"time":0.1,"name":"BSK_attack2/BSK_attack2_00004"}],"color":[{"time":0.1,"color":"ffffffff"},{"time":0.1666,"color":"ffffff00"}]},"DAMAGEAREA":{"attachment":[{"time":0,"name":null},{"time":0.1333,"name":"DAMAGEAREA"},{"time":0.2666,"name":null}]}},"bones":{"powerB":{"translate":[{"time":0.1666,"x":-252.74,"y":-187.97}],"scale":[{"time":0.4,"x":1,"y":1},{"time":0.4666,"x":1.129,"y":1.129}]},"attack":{"translate":[{"time":0,"x":-674.63,"y":-104.57,"curve":[0.25,0,0.873,0.08]},{"time":0.1666,"x":-812.36,"y":-100.47}],"scale":[{"time":0,"x":1.002,"y":1.002},{"time":0.0333,"x":1.002,"y":0.937},{"time":0.0666,"x":1.102,"y":0.939}]},"powerA":{"rotate":[{"time":0,"angle":0},{"time":0.2666,"angle":-14.24}],"translate":[{"time":0,"x":-416.04,"y":-188.54}],"scale":[{"time":0,"x":2.5,"y":2.5}]},"waveA":{"translate":[{"time":0,"x":-364.66,"y":-112.15}],"scale":[{"time":0,"x":0.749,"y":0.749,"curve":"stepped"},{"time":0.1,"x":0.749,"y":0.749},{"time":0.1666,"x":0.9,"y":0.9}]},"ex1":{"translate":[{"time":0.0333,"x":-495.19,"y":-159.7}],"scale":[{"time":0.0333,"x":-0.65,"y":0.65,"curve":"stepped"},{"time":0.4333,"x":-0.65,"y":0.65},{"time":0.5333,"x":-0.7,"y":0.75}]},"waveB1":{"translate":[{"time":0.0333,"x":-658.51,"y":-234.95}],"scale":[{"time":0.0333,"x":1.7,"y":1.7,"curve":"stepped"},{"time":0.2666,"x":1.7,"y":1.7},{"time":0.3333,"x":1.9,"y":1.9}]},"ex2":{"translate":[{"time":0.1333,"x":-614.71,"y":-165.86}],"scale":[{"time":0.1333,"x":-0.65,"y":0.65,"curve":"stepped"},{"time":0.5333,"x":-0.65,"y":0.65},{"time":0.6,"x":-0.7,"y":0.75}]},"waveB2":{"translate":[{"time":0.1333,"x":-781.49,"y":-239.02}],"scale":[{"time":0.1333,"x":1.8,"y":1.8,"curve":"stepped"},{"time":0.3666,"x":1.8,"y":1.8},{"time":0.4333,"x":2,"y":2}]},"DAMAGEAREA":{"translate":[{"time":0.1333,"x":-111.51,"y":61.66,"curve":[1,0,0.75,1]},{"time":0.2666,"x":-191.55,"y":61.66}],"scale":[{"time":0.1333,"x":0.632,"y":1,"curve":[1,0,0.75,1]},{"time":0.2666,"x":1.205,"y":1}]}},"events":[{"time":0,"name":"Event","float":0.2,"string":"kHitStopType_normal"},{"time":0,"name":"Event2","string":"kImpactType_knock"},{"time":0,"name":"Sound1","string":"cri_se_battle_033_explosion_element_01"},{"time":0,"name":"Sound2","string":"setHitSound(se_battle_explosion_short)"},{"time":0.1666,"name":"Hit","string":"resetHitList"}]},"attack2":{"slots":{"100_S1_wave1/100_S1_wave1_00001":{"attachment":[{"time":0.0333,"name":"100_S1_wave1/100_S1_wave1_00001"},{"time":0.0666,"name":"100_S1_wave1/100_S1_wave1_00003"},{"time":0.1,"name":"100_S1_wave1/100_S1_wave1_00004"},{"time":0.1333,"name":"100_S1_wave1/100_S1_wave1_00005"},{"time":0.1666,"name":"100_S1_wave1/100_S1_wave1_00006"},{"time":0.2,"name":"100_S1_wave1/100_S1_wave1_00007"},{"time":0.2333,"name":"100_S1_wave1/100_S1_wave1_00008"},{"time":0.2666,"name":"100_S1_wave1/100_S1_wave1_00009"}],"color":[{"time":0.2666,"color":"ffffffff"},{"time":0.3333,"color":"ffffff00"}]},"100_S1_wave1/100_S1_wave1_1":{"attachment":[{"time":0.1333,"name":"100_S1_wave1/100_S1_wave1_00001"},{"time":0.1666,"name":"100_S1_wave1/100_S1_wave1_00003"},{"time":0.2,"name":"100_S1_wave1/100_S1_wave1_00004"},{"time":0.2333,"name":"100_S1_wave1/100_S1_wave1_00005"},{"time":0.2666,"name":"100_S1_wave1/100_S1_wave1_00006"},{"time":0.3,"name":"100_S1_wave1/100_S1_wave1_00007"},{"time":0.3333,"name":"100_S1_wave1/100_S1_wave1_00008"},{"time":0.3666,"name":"100_S1_wave1/100_S1_wave1_00009"}],"color":[{"time":0.3666,"color":"ffffffff"},{"time":0.4333,"color":"ffffff00"}]},"700_S1_ex1/700_S1_ex1_00001":{"attachment":[{"time":0.0333,"name":"700_S1_ex1/700_S1_ex1_00001"},{"time":0.0666,"name":"700_S1_ex1/700_S1_ex1_00002"},{"time":0.1,"name":"700_S1_ex1/700_S1_ex1_00003"},{"time":0.1333,"name":"700_S1_ex1/700_S1_ex1_00004"},{"time":0.1666,"name":"700_S1_ex1/700_S1_ex1_00005"},{"time":0.2,"name":"700_S1_ex1/700_S1_ex1_00006"},{"time":0.2333,"name":"700_S1_ex1/700_S1_ex1_00007"},{"time":0.2666,"name":"700_S1_ex1/700_S1_ex1_00008"},{"time":0.3,"name":"700_S1_ex1/700_S1_ex1_00009"},{"time":0.3333,"name":"700_S1_ex1/700_S1_ex1_00010"},{"time":0.3666,"name":"700_S1_ex1/700_S1_ex1_00011"},{"time":0.4,"name":"700_S1_ex1/700_S1_ex1_00012"},{"time":0.4333,"name":"700_S1_ex1/700_S1_ex1_00013"}],"color":[{"time":0.4333,"color":"ffffffff"},{"time":0.5333,"color":"ffffff00"}]},"700_S1_ex1/700_S1_ex1_1":{"attachment":[{"time":0.1333,"name":"700_S1_ex1/700_S1_ex1_00001"},{"time":0.1666,"name":"700_S1_ex1/700_S1_ex1_00002"},{"time":0.2,"name":"700_S1_ex1/700_S1_ex1_00003"},{"time":0.2333,"name":"700_S1_ex1/700_S1_ex1_00004"},{"time":0.2666,"name":"700_S1_ex1/700_S1_ex1_00005"},{"time":0.3,"name":"700_S1_ex1/700_S1_ex1_00006"},{"time":0.3333,"name":"700_S1_ex1/700_S1_ex1_00007"},{"time":0.3666,"name":"700_S1_ex1/700_S1_ex1_00008"},{"time":0.4,"name":"700_S1_ex1/700_S1_ex1_00009"},{"time":0.4333,"name":"700_S1_ex1/700_S1_ex1_00010"},{"time":0.4666,"name":"700_S1_ex1/700_S1_ex1_00011"},{"time":0.5,"name":"700_S1_ex1/700_S1_ex1_00012"},{"time":0.5333,"name":"700_S1_ex1/700_S1_ex1_00013"}],"color":[{"time":0.5333,"color":"ffffffff"},{"time":0.6,"color":"ffffff00"}]},"700_S1_power1/700_S1_power1_00001":{"attachment":[{"time":0,"name":"700_S1_power1/700_S1_power1_00001"},{"time":0.0333,"name":"700_S1_power1/700_S1_power1_00002"},{"time":0.0666,"name":"700_S1_power1/700_S1_power1_00003"},{"time":0.1,"name":"700_S1_power1/700_S1_power1_00004"},{"time":0.1333,"name":"700_S1_power1/700_S1_power1_00005"},{"time":0.1666,"name":"700_S1_power1/700_S1_power1_00006"},{"time":0.2,"name":"700_S1_power1/700_S1_power1_00007"},{"time":0.2333,"name":"700_S1_power1/700_S1_power1_00008"},{"time":0.2666,"name":"700_S1_power1/700_S1_power1_00009"}],"color":[{"time":0,"color":"ffffffad"},{"time":0.0666,"color":"ffffffaa","curve":"stepped"},{"time":0.1666,"color":"ffffffaa"},{"time":0.2666,"color":"ffffff00"}]},"700_S1_power2/700_S1_power2_00001":{"attachment":[{"time":0.1666,"name":"700_S1_power2/700_S1_power2_00001"},{"time":0.2,"name":"700_S1_power2/700_S1_power2_00002"},{"time":0.2333,"name":"700_S1_power2/700_S1_power2_00004"},{"time":0.2666,"name":"700_S1_power2/700_S1_power2_00005"},{"time":0.3,"name":"700_S1_power2/700_S1_power2_00006"},{"time":0.3333,"name":"700_S1_power2/700_S1_power2_00007"},{"time":0.3666,"name":"700_S1_power2/700_S1_power2_00008"},{"time":0.4,"name":"700_S1_power2/700_S1_power2_00009"}],"color":[{"time":0.4,"color":"ffffffff"},{"time":0.4666,"color":"ffffff00"}]},"BSK_attack1/BSK_attack1_00001":{"attachment":[{"time":0,"name":"BSK_attack1/BSK_attack1_00001"},{"time":0.0333,"name":"BSK_attack1/BSK_attack1_00002"},{"time":0.0666,"name":"BSK_attack1/BSK_attack1_00005"},{"time":0.1,"name":"BSK_attack1/BSK_attack1_00006"}],"color":[{"time":0.1,"color":"ffffffff"},{"time":0.2,"color":"ffffff00"}]},"BSK_attack2/BSK_attack2_00001":{"attachment":[{"time":0,"name":"BSK_attack2/BSK_attack2_00001"},{"time":0.0333,"name":"BSK_attack2/BSK_attack2_00002"},{"time":0.0666,"name":"BSK_attack2/BSK_attack2_00003"},{"time":0.1,"name":"BSK_attack2/BSK_attack2_00004"}],"color":[{"time":0.1,"color":"ffffffff"},{"time":0.1666,"color":"ffffff00"}]},"DAMAGEAREA":{"attachment":[{"time":0,"name":null},{"time":0.1333,"name":"DAMAGEAREA"},{"time":0.2666,"name":null}]}},"bones":{"powerB":{"translate":[{"time":0.1666,"x":-252.74,"y":-187.97}],"scale":[{"time":0.4,"x":1,"y":1},{"time":0.4666,"x":1.129,"y":1.129}]},"attack":{"translate":[{"time":0,"x":-674.63,"y":-104.57,"curve":[0.454,0.13,0.816,0.18]},{"time":0.1666,"x":-837.33,"y":-100.47}],"scale":[{"time":0,"x":1.252,"y":1.252,"curve":"stepped"},{"time":0.0333,"x":1.252,"y":1.252},{"time":0.0666,"x":1.353,"y":1.353}]},"powerA":{"rotate":[{"time":0,"angle":0},{"time":0.2666,"angle":-14.24}],"translate":[{"time":0,"x":-416.04,"y":-188.54}],"scale":[{"time":0,"x":2.5,"y":2.5}]},"waveA":{"translate":[{"time":0,"x":-362.93,"y":-112.15}],"scale":[{"time":0,"x":1,"y":1,"curve":"stepped"},{"time":0.1,"x":1,"y":1},{"time":0.1666,"x":1.2,"y":1.2}]},"ex1":{"translate":[{"time":0.0333,"x":-505.72,"y":-159.7}],"scale":[{"time":0.0333,"x":-0.75,"y":0.75,"curve":"stepped"},{"time":0.4333,"x":-0.75,"y":0.75},{"time":0.5333,"x":-0.851,"y":0.801}]},"ex2":{"translate":[{"time":0.1333,"x":-641.05,"y":-165.86}],"scale":[{"time":0.1333,"x":-0.75,"y":0.75,"curve":"stepped"},{"time":0.5333,"x":-0.75,"y":0.75},{"time":0.6,"x":-0.851,"y":0.801}]},"waveB1":{"translate":[{"time":0.0333,"x":-665.8,"y":-234.95}],"scale":[{"time":0.0333,"x":2,"y":2,"curve":"stepped"},{"time":0.2666,"x":2,"y":2},{"time":0.3333,"x":2.2,"y":2.2}]},"waveB2":{"translate":[{"time":0.1333,"x":-795.18,"y":-239.02}],"scale":[{"time":0.1333,"x":2,"y":2,"curve":"stepped"},{"time":0.3666,"x":2,"y":2},{"time":0.4333,"x":2.2,"y":2.2}]},"DAMAGEAREA":{"translate":[{"time":0.1333,"x":-95.77,"y":61.66,"curve":[0.825,0,0.75,1]},{"time":0.2666,"x":-191.55,"y":61.66}],"scale":[{"time":0.1333,"x":0.632,"y":1,"curve":[0.825,0,0.75,1]},{"time":0.2666,"x":1.673,"y":1}]}},"events":[{"time":0,"name":"Event","float":0.2,"string":"kHitStopType_normal"},{"time":0,"name":"Event2","string":"kImpactType_knock"},{"time":0,"name":"Sound1","string":"cri_se_battle_033_explosion_element_01"},{"time":0,"name":"Sound2","string":"setHitSound(se_battle_explosion_short)"},{"time":0.1666,"name":"Hit","string":"resetHitList"}]},"attack3":{"slots":{"100_S1_wave1/100_S1_wave1_00001":{"attachment":[{"time":0.6333,"name":"100_S1_wave1/100_S1_wave1_00001"},{"time":0.6666,"name":"100_S1_wave1/100_S1_wave1_00003"},{"time":0.7,"name":"100_S1_wave1/100_S1_wave1_00004"},{"time":0.7333,"name":"100_S1_wave1/100_S1_wave1_00005"},{"time":0.7666,"name":"100_S1_wave1/100_S1_wave1_00006"},{"time":0.8,"name":"100_S1_wave1/100_S1_wave1_00007"},{"time":0.8333,"name":"100_S1_wave1/100_S1_wave1_00008"},{"time":0.8666,"name":"100_S1_wave1/100_S1_wave1_00009"}],"color":[{"time":0.8666,"color":"ffffffff"},{"time":0.9333,"color":"ffffff00"}]},"100_S1_wave1/100_S1_wave1_1":{"attachment":[{"time":0.7,"name":"100_S1_wave1/100_S1_wave1_00001"},{"time":0.7333,"name":"100_S1_wave1/100_S1_wave1_00003"},{"time":0.7666,"name":"100_S1_wave1/100_S1_wave1_00004"},{"time":0.8,"name":"100_S1_wave1/100_S1_wave1_00005"},{"time":0.8333,"name":"100_S1_wave1/100_S1_wave1_00006"},{"time":0.8666,"name":"100_S1_wave1/100_S1_wave1_00007"},{"time":0.9,"name":"100_S1_wave1/100_S1_wave1_00008"},{"time":0.9333,"name":"100_S1_wave1/100_S1_wave1_00009"}],"color":[{"time":0.9333,"color":"ffffffff"},{"time":1,"color":"ffffff00"}]},"100_S1_wave1/100_S1_wave1_2":{"attachment":[{"time":0.7666,"name":"100_S1_wave1/100_S1_wave1_00001"},{"time":0.8,"name":"100_S1_wave1/100_S1_wave1_00003"},{"time":0.8333,"name":"100_S1_wave1/100_S1_wave1_00004"},{"time":0.8666,"name":"100_S1_wave1/100_S1_wave1_00005"},{"time":0.9,"name":"100_S1_wave1/100_S1_wave1_00006"},{"time":0.9333,"name":"100_S1_wave1/100_S1_wave1_00007"},{"time":0.9666,"name":"100_S1_wave1/100_S1_wave1_00008"},{"time":1,"name":"100_S1_wave1/100_S1_wave1_00009"}],"color":[{"time":1,"color":"ffffffff"},{"time":1.0666,"color":"ffffff00"}]},"700_S1_ex1/700_S1_ex1_00001":{"attachment":[{"time":0.6333,"name":"700_S1_ex1/700_S1_ex1_00001"},{"time":0.6666,"name":"700_S1_ex1/700_S1_ex1_00002"},{"time":0.7,"name":"700_S1_ex1/700_S1_ex1_00003"},{"time":0.7333,"name":"700_S1_ex1/700_S1_ex1_00004"},{"time":0.7666,"name":"700_S1_ex1/700_S1_ex1_00005"},{"time":0.8,"name":"700_S1_ex1/700_S1_ex1_00006"},{"time":0.8333,"name":"700_S1_ex1/700_S1_ex1_00007"},{"time":0.8666,"name":"700_S1_ex1/700_S1_ex1_00008"},{"time":0.9,"name":"700_S1_ex1/700_S1_ex1_00009"},{"time":0.9333,"name":"700_S1_ex1/700_S1_ex1_00010"},{"time":0.9666,"name":"700_S1_ex1/700_S1_ex1_00011"},{"time":1,"name":"700_S1_ex1/700_S1_ex1_00012"},{"time":1.0333,"name":"700_S1_ex1/700_S1_ex1_00013"}],"color":[{"time":1.0333,"color":"ffffffff"},{"time":1.1333,"color":"ffffff00"}]},"700_S1_ex1/700_S1_ex1_1":{"attachment":[{"time":0.7,"name":"700_S1_ex1/700_S1_ex1_00001"},{"time":0.7333,"name":"700_S1_ex1/700_S1_ex1_00002"},{"time":0.7666,"name":"700_S1_ex1/700_S1_ex1_00003"},{"time":0.8,"name":"700_S1_ex1/700_S1_ex1_00004"},{"time":0.8333,"name":"700_S1_ex1/700_S1_ex1_00005"},{"time":0.8666,"name":"700_S1_ex1/700_S1_ex1_00006"},{"time":0.9,"name":"700_S1_ex1/700_S1_ex1_00007"},{"time":0.9333,"name":"700_S1_ex1/700_S1_ex1_00008"},{"time":0.9666,"name":"700_S1_ex1/700_S1_ex1_00009"},{"time":1,"name":"700_S1_ex1/700_S1_ex1_00010"},{"time":1.0333,"name":"700_S1_ex1/700_S1_ex1_00011"},{"time":1.0666,"name":"700_S1_ex1/700_S1_ex1_00012"},{"time":1.1,"name":"700_S1_ex1/700_S1_ex1_00013"}],"color":[{"time":1.1,"color":"ffffffff"},{"time":1.1666,"color":"ffffff00"}]},"700_S1_ex1/700_S1_ex1_2":{"attachment":[{"time":0.7666,"name":"700_S1_ex1/700_S1_ex1_00001"},{"time":0.8,"name":"700_S1_ex1/700_S1_ex1_00002"},{"time":0.8333,"name":"700_S1_ex1/700_S1_ex1_00003"},{"time":0.8666,"name":"700_S1_ex1/700_S1_ex1_00004"},{"time":0.9,"name":"700_S1_ex1/700_S1_ex1_00005"},{"time":0.9333,"name":"700_S1_ex1/700_S1_ex1_00006"},{"time":0.9666,"name":"700_S1_ex1/700_S1_ex1_00007"},{"time":1,"name":"700_S1_ex1/700_S1_ex1_00008"},{"time":1.0333,"name":"700_S1_ex1/700_S1_ex1_00009"},{"time":1.0666,"name":"700_S1_ex1/700_S1_ex1_00010"},{"time":1.1,"name":"700_S1_ex1/700_S1_ex1_00011"},{"time":1.1333,"name":"700_S1_ex1/700_S1_ex1_00012"},{"time":1.1666,"name":"700_S1_ex1/700_S1_ex1_00013"}],"color":[{"time":1.1666,"color":"ffffffff"},{"time":1.2333,"color":"ffffff00"}]},"700_S1_power1/700_S1_power1_00001":{"attachment":[{"time":0,"name":null},{"time":0.1666,"name":"700_S1_power1/700_S1_power1_00001"},{"time":0.2,"name":"700_S1_power1/700_S1_power1_00002"},{"time":0.2333,"name":"700_S1_power1/700_S1_power1_00003"},{"time":0.2666,"name":"700_S1_power1/700_S1_power1_00004"},{"time":0.3,"name":"700_S1_power1/700_S1_power1_00005"},{"time":0.3333,"name":"700_S1_power1/700_S1_power1_00006"},{"time":0.3666,"name":"700_S1_power1/700_S1_power1_00007"},{"time":0.4,"name":"700_S1_power1/700_S1_power1_00008"},{"time":0.4333,"name":"700_S1_power1/700_S1_power1_00009"}],"color":[{"time":0.1666,"color":"ffffffad"},{"time":0.2333,"color":"ffffffaa","curve":"stepped"},{"time":0.3333,"color":"ffffffaa"},{"time":0.4333,"color":"ffffff00"}]},"700_S1_power2/700_S1_power2_00001":{"attachment":[{"time":0,"name":null},{"time":0.3333,"name":"700_S1_power2/700_S1_power2_00001"},{"time":0.3666,"name":"700_S1_power2/700_S1_power2_00002"},{"time":0.4,"name":"700_S1_power2/700_S1_power2_00004"},{"time":0.4333,"name":"700_S1_power2/700_S1_power2_00005"},{"time":0.4666,"name":"700_S1_power2/700_S1_power2_00006"},{"time":0.5,"name":"700_S1_power2/700_S1_power2_00007"},{"time":0.5333,"name":"700_S1_power2/700_S1_power2_00008"},{"time":0.5666,"name":"700_S1_power2/700_S1_power2_00009"}],"color":[{"time":0.5666,"color":"ffffffff"},{"time":0.6333,"color":"ffffff00"}]},"BSK_attack1/BSK_attack1_00001":{"attachment":[{"time":0.6,"name":"BSK_attack1/BSK_attack1_00001"},{"time":0.6333,"name":"BSK_attack1/BSK_attack1_00002"},{"time":0.7333,"name":"BSK_attack1/BSK_attack1_00005"},{"time":0.7666,"name":"BSK_attack1/BSK_attack1_00006"},{"time":0.8,"name":"BSK_attack1/BSK_attack1_00007"}],"color":[{"time":0.8,"color":"ffffffff"},{"time":0.9,"color":"ffffff00"}]},"BSK_attack2/BSK_attack2_00001":{"attachment":[{"time":0.6,"name":"BSK_attack2/BSK_attack2_00001"},{"time":0.6333,"name":"BSK_attack2/BSK_attack2_00002"},{"time":0.6666,"name":"BSK_attack2/BSK_attack2_00003"},{"time":0.7,"name":"BSK_attack2/BSK_attack2_00004"}],"color":[{"time":0.7,"color":"ffffffff"},{"time":0.7666,"color":"ffffff00"}]},"DAMAGEAREA":{"attachment":[{"time":0.6,"name":"DAMAGEAREA"},{"time":0.8666,"name":null}]}},"bones":{"powerB":{"translate":[{"time":0.3333,"x":-252.74,"y":-187.97}],"scale":[{"time":0.5666,"x":1,"y":1},{"time":0.6333,"x":1.129,"y":1.129}]},"attack":{"translate":[{"time":0.6,"x":-674.63,"y":-104.57,"curve":[0.25,0,0.873,0.08]},{"time":0.8,"x":-932.65,"y":-100.47}],"scale":[{"time":0.6,"x":1.503,"y":1.503},{"time":0.6333,"x":1.704,"y":1.704},{"time":0.7333,"x":1.82,"y":1.82}]},"powerA":{"rotate":[{"time":0.1666,"angle":0},{"time":0.4333,"angle":-14.24}],"translate":[{"time":0.1666,"x":-416.04,"y":-188.54}],"scale":[{"time":0.1666,"x":2.5,"y":2.5}]},"waveA":{"translate":[{"time":0.6,"x":-362.93,"y":-112.15}],"scale":[{"time":0.6,"x":1.25,"y":1.25,"curve":"stepped"},{"time":0.7,"x":1.25,"y":1.25},{"time":0.7666,"x":1.5,"y":1.5}]},"ex1":{"translate":[{"time":0.6333,"x":-495.19,"y":-159.7}],"scale":[{"time":0.6333,"x":-1.001,"y":1,"curve":"stepped"},{"time":1.0333,"x":-1.001,"y":1},{"time":1.1333,"x":-1.101,"y":1.052}]},"ex2":{"translate":[{"time":0.7,"x":-624.52,"y":-165.86}],"scale":[{"time":0.7,"x":-1.001,"y":1,"curve":"stepped"},{"time":1.1,"x":-1.001,"y":1},{"time":1.1666,"x":-1.101,"y":1.051}]},"waveB1":{"translate":[{"time":0.6333,"x":-658.51,"y":-234.95}],"scale":[{"time":0.6333,"x":2.497,"y":2.497,"curve":"stepped"},{"time":0.8666,"x":2.497,"y":2.497},{"time":0.9333,"x":2.7,"y":2.7}]},"waveB2":{"translate":[{"time":0.7,"x":-780.27,"y":-239.02}],"scale":[{"time":0.7,"x":2.5,"y":2.5,"curve":"stepped"},{"time":0.9333,"x":2.5,"y":2.5},{"time":1,"x":2.7,"y":2.7}]},"ex3":{"translate":[{"time":0.7666,"x":-745.53,"y":-168.28}],"scale":[{"time":0.7666,"x":-1.001,"y":1,"curve":"stepped"},{"time":1.1666,"x":-1.001,"y":1},{"time":1.2333,"x":-1.101,"y":1.051}]},"waveB3":{"translate":[{"time":0.7666,"x":-907.52,"y":-240.83}],"scale":[{"time":0.7666,"x":2.499,"y":2.499,"curve":"stepped"},{"time":1,"x":2.499,"y":2.499},{"time":1.0666,"x":2.7,"y":2.7}]},"DAMAGEAREA":{"translate":[{"time":0.6,"x":-78.77,"y":58.44,"curve":[1,0,0.322,0.99]},{"time":0.8666,"x":-189.38,"y":58.44}],"scale":[{"time":0.6,"x":0.972,"y":1.264,"curve":[1,0,0.322,0.99]},{"time":0.8666,"x":2.117,"y":1.264}]}},"events":[{"time":0.5666,"name":"Event","float":0.05,"string":"kHitStopType_enemyonly"},{"time":0.6,"name":"Event","float":0.33,"string":"shakeGround_Loop"},{"time":0.6333,"name":"Hit","string":"resetHitList "},{"time":0.6333,"name":"Sound1","string":"cri_se_battle_033_explosion_element_01"},{"time":0.6333,"name":"Sound2","string":"setHitSound(se_battle_explosion_short)"},{"time":0.6666,"name":"Hit","string":"resetHitList "},{"time":0.7,"name":"Hit","string":"resetHitList "},{"time":0.7333,"name":"Hit","string":"resetHitList "},{"time":0.7666,"name":"Hit","string":"resetHitList "},{"time":0.8,"name":"Event","float":0.1,"string":"kHitStopType_enemyonly"},{"time":0.8,"name":"Hit","string":"resetHitList "},{"time":0.8333,"name":"Event","string":"kImpactType_knock"},{"time":0.8333,"name":"Hit","string":"resetHitList "}]}}}