{"skeleton":{"hash":"NXdsO5BJio8ajH9+y2dipapKxxE","spine":"3.0.12","width":0,"height":0,"images":"./images/"},"bones":[{"name":"root"},{"name":"MAIN","parent":"root"},{"name":"line3","parent":"MAIN","x":371.03,"y":73.36,"scaleX":2,"scaleY":2},{"name":"line2","parent":"MAIN","x":320.82,"y":73.36,"scaleX":2,"scaleY":2},{"name":"line","parent":"MAIN","x":263.29,"y":73.36,"scaleX":2,"scaleY":2},{"name":"ex3","parent":"MAIN","x":376.27,"y":286.19,"scaleX":2.001,"scaleY":2.001},{"name":"ex2","parent":"MAIN","x":322.93,"y":286.19,"scaleX":2.001,"scaleY":2.001},{"name":"ex1","parent":"MAIN","x":268.53,"y":286.19,"scaleX":2.001,"scaleY":2.001},{"name":"energy3","parent":"MAIN","x":372.72,"y":222.01,"scaleX":2,"scaleY":2},{"name":"energy2","parent":"MAIN","x":322.52,"y":222.01,"scaleX":2,"scaleY":2},{"name":"energy1","parent":"MAIN","x":269.17,"y":222.01,"scaleX":2,"scaleY":2},{"name":"DAMAGEAREA","parent":"root"},{"name":"thunder1","parent":"MAIN","x":267.95,"y":150.87,"scaleX":1.996,"scaleY":1.996},{"name":"thunder2","parent":"MAIN","x":322.35,"y":150.87,"scaleX":1.996,"scaleY":1.996},{"name":"thunder3","parent":"MAIN","x":371.51,"y":150.87,"scaleX":1.996,"scaleY":1.996}],"slots":[{"name":"DMN_ex1/DMN_ex1_00002","bone":"ex1","blend":"additive"},{"name":"DMN_ex1/DMN_ex1_2","bone":"ex2","blend":"additive"},{"name":"DMN_ex1/DMN_ex1_3","bone":"ex3","blend":"additive"},{"name":"DMN_ex2/DMN_ex2_00003","bone":"energy1","blend":"additive"},{"name":"DMN_ex2/DMN_ex2_3","bone":"energy2","blend":"additive"},{"name":"DMN_ex2/DMN_ex2_4","bone":"energy3","blend":"additive"},{"name":"DMN_thunder1/DMN_thunder1_00001","bone":"line","blend":"additive"},{"name":"DMN_thunder1/DMN_thunder1_1","bone":"line2","blend":"additive"},{"name":"DMN_thunder1/DMN_thunder1_2","bone":"line3","blend":"additive"},{"name":"DMN_thunder2/DMN_thunder2_00001","bone":"thunder1","blend":"additive"},{"name":"DMN_thunder2/DMN_thunder2_1","bone":"thunder2","blend":"additive"},{"name":"DMN_thunder2/DMN_thunder2_2","bone":"thunder3","blend":"additive"},{"name":"DAMAGEAREA","bone":"DAMAGEAREA"}],"skins":{"default":{"DAMAGEAREA":{"DAMAGEAREA":{"type":"boundingbox","vertices":[-97.74512,97.63724,-98.51913,-97.79733,97.68942,-98.18433,98.07642,98.02423]}},"DMN_ex1/DMN_ex1_00002":{"DMN_ex1/DMN_ex1_00002":{"x":0.17,"y":3.66,"width":250,"height":250},"DMN_ex1/DMN_ex1_00003":{"x":0.17,"y":3.66,"width":250,"height":250},"DMN_ex1/DMN_ex1_00004":{"x":0.17,"y":3.66,"width":250,"height":250},"DMN_ex1/DMN_ex1_00005":{"x":0.17,"y":3.66,"width":250,"height":250},"DMN_ex1/DMN_ex1_00006":{"x":0.17,"y":3.66,"width":250,"height":250},"DMN_ex1/DMN_ex1_00007":{"x":0.17,"y":3.66,"width":250,"height":250},"DMN_ex1/DMN_ex1_00008":{"x":0.17,"y":3.66,"width":250,"height":250},"DMN_ex1/DMN_ex1_00009":{"x":0.17,"y":3.66,"width":250,"height":250},"DMN_ex1/DMN_ex1_00010":{"x":0.17,"y":3.66,"width":250,"height":250},"DMN_ex1/DMN_ex1_00011":{"x":0.17,"y":3.66,"width":250,"height":250},"DMN_ex1/DMN_ex1_00012":{"x":0.17,"y":3.66,"width":250,"height":250},"DMN_ex1/DMN_ex1_00013":{"x":0.17,"y":3.66,"width":250,"height":250},"DMN_ex1/DMN_ex1_00014":{"x":0.17,"y":3.66,"width":250,"height":250},"DMN_ex1/DMN_ex1_00015":{"x":0.17,"y":3.66,"width":250,"height":250}},"DMN_ex1/DMN_ex1_2":{"DMN_ex1/DMN_ex1_00002":{"x":0.17,"y":3.66,"width":250,"height":250},"DMN_ex1/DMN_ex1_00003":{"x":0.17,"y":3.66,"width":250,"height":250},"DMN_ex1/DMN_ex1_00004":{"x":0.17,"y":3.66,"width":250,"height":250},"DMN_ex1/DMN_ex1_00005":{"x":0.17,"y":3.66,"width":250,"height":250},"DMN_ex1/DMN_ex1_00006":{"x":0.17,"y":3.66,"width":250,"height":250},"DMN_ex1/DMN_ex1_00007":{"x":0.17,"y":3.66,"width":250,"height":250},"DMN_ex1/DMN_ex1_00008":{"x":0.17,"y":3.66,"width":250,"height":250},"DMN_ex1/DMN_ex1_00009":{"x":0.17,"y":3.66,"width":250,"height":250},"DMN_ex1/DMN_ex1_00010":{"x":0.17,"y":3.66,"width":250,"height":250},"DMN_ex1/DMN_ex1_00011":{"x":0.17,"y":3.66,"width":250,"height":250},"DMN_ex1/DMN_ex1_00012":{"x":0.17,"y":3.66,"width":250,"height":250},"DMN_ex1/DMN_ex1_00013":{"x":0.17,"y":3.66,"width":250,"height":250},"DMN_ex1/DMN_ex1_00014":{"x":0.17,"y":3.66,"width":250,"height":250},"DMN_ex1/DMN_ex1_00015":{"x":0.17,"y":3.66,"width":250,"height":250}},"DMN_ex1/DMN_ex1_3":{"DMN_ex1/DMN_ex1_00002":{"x":0.17,"y":3.66,"width":250,"height":250},"DMN_ex1/DMN_ex1_00003":{"x":0.17,"y":3.66,"width":250,"height":250},"DMN_ex1/DMN_ex1_00004":{"x":0.17,"y":3.66,"width":250,"height":250},"DMN_ex1/DMN_ex1_00005":{"x":0.17,"y":3.66,"width":250,"height":250},"DMN_ex1/DMN_ex1_00006":{"x":0.17,"y":3.66,"width":250,"height":250},"DMN_ex1/DMN_ex1_00007":{"x":0.17,"y":3.66,"width":250,"height":250},"DMN_ex1/DMN_ex1_00008":{"x":0.17,"y":3.66,"width":250,"height":250},"DMN_ex1/DMN_ex1_00009":{"x":0.17,"y":3.66,"width":250,"height":250},"DMN_ex1/DMN_ex1_00010":{"x":0.17,"y":3.66,"width":250,"height":250},"DMN_ex1/DMN_ex1_00011":{"x":0.17,"y":3.66,"width":250,"height":250},"DMN_ex1/DMN_ex1_00012":{"x":0.17,"y":3.66,"width":250,"height":250},"DMN_ex1/DMN_ex1_00013":{"x":0.17,"y":3.66,"width":250,"height":250},"DMN_ex1/DMN_ex1_00014":{"x":0.17,"y":3.66,"width":250,"height":250},"DMN_ex1/DMN_ex1_00015":{"x":0.17,"y":3.66,"width":250,"height":250}},"DMN_ex2/DMN_ex2_00003":{"DMN_ex2/DMN_ex2_00003":{"x":3.11,"y":3.09,"width":250,"height":250},"DMN_ex2/DMN_ex2_00004":{"x":3.11,"y":3.09,"width":250,"height":250},"DMN_ex2/DMN_ex2_00005":{"x":3.11,"y":3.09,"width":250,"height":250},"DMN_ex2/DMN_ex2_00006":{"x":3.11,"y":3.09,"width":250,"height":250},"DMN_ex2/DMN_ex2_00007":{"x":3.11,"y":3.09,"width":250,"height":250},"DMN_ex2/DMN_ex2_00008":{"x":3.11,"y":3.09,"width":250,"height":250},"DMN_ex2/DMN_ex2_00009":{"x":3.11,"y":3.09,"width":250,"height":250},"DMN_ex2/DMN_ex2_00010":{"x":3.11,"y":3.09,"width":250,"height":250},"DMN_ex2/DMN_ex2_00011":{"x":3.11,"y":3.09,"width":250,"height":250},"DMN_ex2/DMN_ex2_00012":{"x":3.11,"y":3.09,"width":250,"height":250},"DMN_ex2/DMN_ex2_00013":{"x":3.11,"y":3.09,"width":250,"height":250}},"DMN_ex2/DMN_ex2_3":{"DMN_ex2/DMN_ex2_00003":{"x":3.11,"y":3.09,"width":250,"height":250},"DMN_ex2/DMN_ex2_00004":{"x":3.11,"y":3.09,"width":250,"height":250},"DMN_ex2/DMN_ex2_00005":{"x":3.11,"y":3.09,"width":250,"height":250},"DMN_ex2/DMN_ex2_00006":{"x":3.11,"y":3.09,"width":250,"height":250},"DMN_ex2/DMN_ex2_00007":{"x":3.11,"y":3.09,"width":250,"height":250},"DMN_ex2/DMN_ex2_00008":{"x":3.11,"y":3.09,"width":250,"height":250},"DMN_ex2/DMN_ex2_00009":{"x":3.11,"y":3.09,"width":250,"height":250},"DMN_ex2/DMN_ex2_00010":{"x":3.11,"y":3.09,"width":250,"height":250},"DMN_ex2/DMN_ex2_00011":{"x":3.11,"y":3.09,"width":250,"height":250},"DMN_ex2/DMN_ex2_00012":{"x":3.11,"y":3.09,"width":250,"height":250},"DMN_ex2/DMN_ex2_00013":{"x":3.11,"y":3.09,"width":250,"height":250}},"DMN_ex2/DMN_ex2_4":{"DMN_ex2/DMN_ex2_00003":{"x":3.11,"y":3.09,"width":250,"height":250},"DMN_ex2/DMN_ex2_00004":{"x":3.11,"y":3.09,"width":250,"height":250},"DMN_ex2/DMN_ex2_00005":{"x":3.11,"y":3.09,"width":250,"height":250},"DMN_ex2/DMN_ex2_00006":{"x":3.11,"y":3.09,"width":250,"height":250},"DMN_ex2/DMN_ex2_00007":{"x":3.11,"y":3.09,"width":250,"height":250},"DMN_ex2/DMN_ex2_00008":{"x":3.11,"y":3.09,"width":250,"height":250},"DMN_ex2/DMN_ex2_00009":{"x":3.11,"y":3.09,"width":250,"height":250},"DMN_ex2/DMN_ex2_00010":{"x":3.11,"y":3.09,"width":250,"height":250},"DMN_ex2/DMN_ex2_00011":{"x":3.11,"y":3.09,"width":250,"height":250},"DMN_ex2/DMN_ex2_00012":{"x":3.11,"y":3.09,"width":250,"height":250},"DMN_ex2/DMN_ex2_00013":{"x":3.11,"y":3.09,"width":250,"height":250}},"DMN_thunder1/DMN_thunder1_00001":{"DMN_thunder1/DMN_thunder1_00001":{"x":1.09,"y":-94.64,"width":250,"height":250},"DMN_thunder1/DMN_thunder1_00002":{"x":1.09,"y":-94.64,"width":250,"height":250},"DMN_thunder1/DMN_thunder1_00005":{"x":1.09,"y":-94.64,"width":250,"height":250},"DMN_thunder1/DMN_thunder1_00006":{"x":1.09,"y":-94.64,"width":250,"height":250}},"DMN_thunder1/DMN_thunder1_1":{"DMN_thunder1/DMN_thunder1_00001":{"x":1.09,"y":-94.64,"width":250,"height":250},"DMN_thunder1/DMN_thunder1_00002":{"x":1.09,"y":-94.64,"width":250,"height":250},"DMN_thunder1/DMN_thunder1_00005":{"x":1.09,"y":-94.64,"width":250,"height":250},"DMN_thunder1/DMN_thunder1_00006":{"x":1.09,"y":-94.64,"width":250,"height":250}},"DMN_thunder1/DMN_thunder1_2":{"DMN_thunder1/DMN_thunder1_00001":{"x":1.09,"y":-94.64,"width":250,"height":250},"DMN_thunder1/DMN_thunder1_00002":{"x":1.09,"y":-94.64,"width":250,"height":250},"DMN_thunder1/DMN_thunder1_00005":{"x":1.09,"y":-94.64,"width":250,"height":250},"DMN_thunder1/DMN_thunder1_00006":{"x":1.09,"y":-94.64,"width":250,"height":250}},"DMN_thunder2/DMN_thunder2_00001":{"DMN_thunder2/DMN_thunder2_00001":{"x":0.24,"y":-78.4,"width":250,"height":250},"DMN_thunder2/DMN_thunder2_00002":{"x":0.24,"y":-78.4,"width":250,"height":250},"DMN_thunder2/DMN_thunder2_00003":{"x":0.24,"y":-78.4,"width":250,"height":250},"DMN_thunder2/DMN_thunder2_00004":{"x":0.24,"y":-78.4,"width":250,"height":250},"DMN_thunder2/DMN_thunder2_00005":{"x":0.24,"y":-78.4,"width":250,"height":250},"DMN_thunder2/DMN_thunder2_00006":{"x":0.24,"y":-78.4,"width":250,"height":250}},"DMN_thunder2/DMN_thunder2_1":{"DMN_thunder2/DMN_thunder2_00001":{"x":0.24,"y":-78.4,"width":250,"height":250},"DMN_thunder2/DMN_thunder2_00002":{"x":0.24,"y":-78.4,"width":250,"height":250},"DMN_thunder2/DMN_thunder2_00003":{"x":0.24,"y":-78.4,"width":250,"height":250},"DMN_thunder2/DMN_thunder2_00004":{"x":0.24,"y":-78.4,"width":250,"height":250},"DMN_thunder2/DMN_thunder2_00005":{"x":0.24,"y":-78.4,"width":250,"height":250},"DMN_thunder2/DMN_thunder2_00006":{"x":0.24,"y":-78.4,"width":250,"height":250}},"DMN_thunder2/DMN_thunder2_2":{"DMN_thunder2/DMN_thunder2_00001":{"x":0.24,"y":-78.4,"width":250,"height":250},"DMN_thunder2/DMN_thunder2_00002":{"x":0.24,"y":-78.4,"width":250,"height":250},"DMN_thunder2/DMN_thunder2_00003":{"x":0.24,"y":-78.4,"width":250,"height":250},"DMN_thunder2/DMN_thunder2_00004":{"x":0.24,"y":-78.4,"width":250,"height":250},"DMN_thunder2/DMN_thunder2_00005":{"x":0.24,"y":-78.4,"width":250,"height":250},"DMN_thunder2/DMN_thunder2_00006":{"x":0.24,"y":-78.4,"width":250,"height":250}}}},"events":{"Event":{},"Hit":{},"Sound":{},"View":{}},"animations":{"attack1":{"slots":{"DAMAGEAREA":{"attachment":[{"time":0.0666,"name":"DAMAGEAREA"},{"time":0.3666,"name":null}]},"DMN_ex1/DMN_ex1_00002":{"attachment":[{"time":0.0666,"name":"DMN_ex1/DMN_ex1_00002"},{"time":0.1,"name":"DMN_ex1/DMN_ex1_00003"},{"time":0.1333,"name":"DMN_ex1/DMN_ex1_00004"},{"time":0.1666,"name":"DMN_ex1/DMN_ex1_00005"},{"time":0.2,"name":"DMN_ex1/DMN_ex1_00006"},{"time":0.2333,"name":"DMN_ex1/DMN_ex1_00007"},{"time":0.2666,"name":"DMN_ex1/DMN_ex1_00008"},{"time":0.3,"name":"DMN_ex1/DMN_ex1_00009"},{"time":0.3333,"name":"DMN_ex1/DMN_ex1_00010"},{"time":0.3666,"name":"DMN_ex1/DMN_ex1_00011"},{"time":0.4,"name":"DMN_ex1/DMN_ex1_00012"},{"time":0.4333,"name":"DMN_ex1/DMN_ex1_00013"},{"time":0.4666,"name":"DMN_ex1/DMN_ex1_00014"},{"time":0.5,"name":"DMN_ex1/DMN_ex1_00015"},{"time":0.5333,"name":"DMN_ex1/DMN_ex1_00011"},{"time":0.5666,"name":"DMN_ex1/DMN_ex1_00012"},{"time":0.6,"name":"DMN_ex1/DMN_ex1_00013"},{"time":0.6333,"name":"DMN_ex1/DMN_ex1_00014"},{"time":0.6666,"name":"DMN_ex1/DMN_ex1_00015"}],"color":[{"time":0.3,"color":"ffffffff","curve":[0,0.81,0.725,0.68]},{"time":0.5,"color":"ffffff00","curve":"stepped"},{"time":0.6666,"color":"ffffff00"}]},"DMN_ex1/DMN_ex1_2":{"attachment":[{"time":0.1666,"name":"DMN_ex1/DMN_ex1_00002"},{"time":0.2,"name":"DMN_ex1/DMN_ex1_00003"},{"time":0.2333,"name":"DMN_ex1/DMN_ex1_00004"},{"time":0.2666,"name":"DMN_ex1/DMN_ex1_00005"},{"time":0.3,"name":"DMN_ex1/DMN_ex1_00006"},{"time":0.3333,"name":"DMN_ex1/DMN_ex1_00007"},{"time":0.3666,"name":"DMN_ex1/DMN_ex1_00008"},{"time":0.4,"name":"DMN_ex1/DMN_ex1_00009"},{"time":0.4333,"name":"DMN_ex1/DMN_ex1_00010"},{"time":0.4666,"name":"DMN_ex1/DMN_ex1_00011"},{"time":0.5,"name":"DMN_ex1/DMN_ex1_00012"},{"time":0.5333,"name":"DMN_ex1/DMN_ex1_00013"},{"time":0.5666,"name":"DMN_ex1/DMN_ex1_00014"},{"time":0.6,"name":"DMN_ex1/DMN_ex1_00015"}],"color":[{"time":0.4666,"color":"ffffffff"},{"time":0.6,"color":"ffffff00"}]},"DMN_ex1/DMN_ex1_3":{"attachment":[{"time":0.3,"name":"DMN_ex1/DMN_ex1_00002"},{"time":0.3333,"name":"DMN_ex1/DMN_ex1_00003"},{"time":0.3666,"name":"DMN_ex1/DMN_ex1_00004"},{"time":0.4,"name":"DMN_ex1/DMN_ex1_00005"},{"time":0.4333,"name":"DMN_ex1/DMN_ex1_00006"},{"time":0.4666,"name":"DMN_ex1/DMN_ex1_00007"},{"time":0.5,"name":"DMN_ex1/DMN_ex1_00008"},{"time":0.5333,"name":"DMN_ex1/DMN_ex1_00009"},{"time":0.5666,"name":"DMN_ex1/DMN_ex1_00010"},{"time":0.6,"name":"DMN_ex1/DMN_ex1_00011"},{"time":0.6333,"name":"DMN_ex1/DMN_ex1_00012"},{"time":0.6666,"name":"DMN_ex1/DMN_ex1_00013"},{"time":0.7,"name":"DMN_ex1/DMN_ex1_00014"},{"time":0.7333,"name":"DMN_ex1/DMN_ex1_00015"}],"color":[{"time":0.6,"color":"ffffffff"},{"time":0.7333,"color":"ffffff00"}]},"DMN_ex2/DMN_ex2_00003":{"attachment":[{"time":0.0666,"name":"DMN_ex2/DMN_ex2_00003"},{"time":0.1,"name":"DMN_ex2/DMN_ex2_00004"},{"time":0.1333,"name":"DMN_ex2/DMN_ex2_00005"},{"time":0.1666,"name":"DMN_ex2/DMN_ex2_00006"},{"time":0.2,"name":"DMN_ex2/DMN_ex2_00007"},{"time":0.2333,"name":"DMN_ex2/DMN_ex2_00008"},{"time":0.2666,"name":"DMN_ex2/DMN_ex2_00009"},{"time":0.3,"name":"DMN_ex2/DMN_ex2_00010"},{"time":0.3333,"name":"DMN_ex2/DMN_ex2_00011"},{"time":0.3666,"name":"DMN_ex2/DMN_ex2_00012"},{"time":0.4,"name":"DMN_ex2/DMN_ex2_00013"},{"time":0.4333,"name":"DMN_ex2/DMN_ex2_00009"},{"time":0.4666,"name":"DMN_ex2/DMN_ex2_00010"},{"time":0.5,"name":"DMN_ex2/DMN_ex2_00011"},{"time":0.5333,"name":"DMN_ex2/DMN_ex2_00012"},{"time":0.5666,"name":"DMN_ex2/DMN_ex2_00013"}],"color":[{"time":0.3,"color":"ffffffff","curve":[0,0.81,0.725,0.68]},{"time":0.5,"color":"ffffff00"}]},"DMN_ex2/DMN_ex2_3":{"attachment":[{"time":0.1666,"name":"DMN_ex2/DMN_ex2_00003"},{"time":0.2,"name":"DMN_ex2/DMN_ex2_00004"},{"time":0.2333,"name":"DMN_ex2/DMN_ex2_00005"},{"time":0.2666,"name":"DMN_ex2/DMN_ex2_00006"},{"time":0.3,"name":"DMN_ex2/DMN_ex2_00007"},{"time":0.3333,"name":"DMN_ex2/DMN_ex2_00008"},{"time":0.3666,"name":"DMN_ex2/DMN_ex2_00009"},{"time":0.4,"name":"DMN_ex2/DMN_ex2_00010"},{"time":0.4333,"name":"DMN_ex2/DMN_ex2_00011"},{"time":0.4666,"name":"DMN_ex2/DMN_ex2_00012"},{"time":0.5,"name":"DMN_ex2/DMN_ex2_00013"},{"time":0.5333,"name":"DMN_ex2/DMN_ex2_00013"}],"color":[{"time":0.4,"color":"ffffffff"},{"time":0.6,"color":"ffffff00"}]},"DMN_ex2/DMN_ex2_4":{"attachment":[{"time":0.3,"name":"DMN_ex2/DMN_ex2_00003"},{"time":0.3333,"name":"DMN_ex2/DMN_ex2_00004"},{"time":0.3666,"name":"DMN_ex2/DMN_ex2_00005"},{"time":0.4,"name":"DMN_ex2/DMN_ex2_00006"},{"time":0.4333,"name":"DMN_ex2/DMN_ex2_00007"},{"time":0.4666,"name":"DMN_ex2/DMN_ex2_00008"},{"time":0.5,"name":"DMN_ex2/DMN_ex2_00009"},{"time":0.5333,"name":"DMN_ex2/DMN_ex2_00010"},{"time":0.5666,"name":"DMN_ex2/DMN_ex2_00011"},{"time":0.6,"name":"DMN_ex2/DMN_ex2_00012"},{"time":0.6333,"name":"DMN_ex2/DMN_ex2_00013"}],"color":[{"time":0.5333,"color":"ffffffff"},{"time":0.7333,"color":"ffffff00"}]},"DMN_thunder1/DMN_thunder1_1":{"attachment":[{"time":0.1,"name":"DMN_thunder1/DMN_thunder1_00002"}],"color":[{"time":0.1,"color":"ffffff00"},{"time":0.1333,"color":"ffffffff","curve":"stepped"},{"time":0.2333,"color":"ffffffff"},{"time":0.2666,"color":"ffffff00"}]},"DMN_thunder1/DMN_thunder1_00001":{"attachment":[{"time":0,"name":"DMN_thunder1/DMN_thunder1_00002"},{"time":1,"name":"DMN_thunder1/DMN_thunder1_00002"}],"color":[{"time":0,"color":"ffffff00"},{"time":0.0333,"color":"ffffffff","curve":"stepped"},{"time":0.1,"color":"ffffffff"},{"time":0.1666,"color":"ffffff00","curve":"stepped"},{"time":1,"color":"ffffff00"}]},"DMN_thunder1/DMN_thunder1_2":{"attachment":[{"time":0.1666,"name":"DMN_thunder1/DMN_thunder1_00002"}],"color":[{"time":0.1666,"color":"ffffff00"},{"time":0.2,"color":"ffffffff","curve":"stepped"},{"time":0.3,"color":"ffffffff"},{"time":0.3333,"color":"ffffff00"}]},"DMN_thunder2/DMN_thunder2_00001":{"attachment":[{"time":0,"name":"DMN_thunder2/DMN_thunder2_00001"},{"time":0.0333,"name":"DMN_thunder2/DMN_thunder2_00002"},{"time":0.0666,"name":"DMN_thunder2/DMN_thunder2_00003"},{"time":0.1,"name":"DMN_thunder2/DMN_thunder2_00004"},{"time":0.1333,"name":"DMN_thunder2/DMN_thunder2_00005"},{"time":0.1666,"name":"DMN_thunder2/DMN_thunder2_00006"},{"time":1,"name":"DMN_thunder2/DMN_thunder2_00001"}],"color":[{"time":0,"color":"ffffff00"},{"time":0.0333,"color":"ffffffff","curve":"stepped"},{"time":0.1333,"color":"ffffffff"},{"time":0.1666,"color":"ffffff00","curve":"stepped"},{"time":1,"color":"ffffff00"}]},"DMN_thunder2/DMN_thunder2_1":{"attachment":[{"time":0.1,"name":"DMN_thunder2/DMN_thunder2_00001"},{"time":0.1333,"name":"DMN_thunder2/DMN_thunder2_00002"},{"time":0.1666,"name":"DMN_thunder2/DMN_thunder2_00003"},{"time":0.2,"name":"DMN_thunder2/DMN_thunder2_00004"},{"time":0.2333,"name":"DMN_thunder2/DMN_thunder2_00005"},{"time":0.2666,"name":"DMN_thunder2/DMN_thunder2_00006"}],"color":[{"time":0.1,"color":"ffffff00"},{"time":0.1333,"color":"ffffffff","curve":"stepped"},{"time":0.2333,"color":"ffffffff"},{"time":0.2666,"color":"ffffff00"}]},"DMN_thunder2/DMN_thunder2_2":{"attachment":[{"time":0.1666,"name":"DMN_thunder2/DMN_thunder2_00001"},{"time":0.2,"name":"DMN_thunder2/DMN_thunder2_00002"},{"time":0.2333,"name":"DMN_thunder2/DMN_thunder2_00003"},{"time":0.2666,"name":"DMN_thunder2/DMN_thunder2_00004"},{"time":0.3,"name":"DMN_thunder2/DMN_thunder2_00005"},{"time":0.3333,"name":"DMN_thunder2/DMN_thunder2_00006"}],"color":[{"time":0.1666,"color":"ffffff00"},{"time":0.2,"color":"ffffffff","curve":"stepped"},{"time":0.3,"color":"ffffffff"},{"time":0.3333,"color":"ffffff00"}]}},"bones":{"energy1":{"translate":[{"time":0.0666,"x":-647.47,"y":-147.3},{"time":0.5,"x":-647.47,"y":-101.46}],"scale":[{"time":0.0666,"x":1,"y":1,"curve":"stepped"},{"time":0.1666,"x":1,"y":1,"curve":"stepped"},{"time":0.3333,"x":1,"y":1},{"time":0.5,"x":1.766,"y":1.766}]},"ex1":{"translate":[{"time":0.0666,"x":-631.03,"y":-237.72,"curve":"stepped"},{"time":0.6,"x":-631.03,"y":-237.72},{"time":0.6666,"x":-631.03,"y":-216.65}],"scale":[{"time":0.0666,"x":1.377,"y":1.377,"curve":"stepped"},{"time":0.2333,"x":1.377,"y":1.377,"curve":"stepped"},{"time":0.2666,"x":1.377,"y":1.377,"curve":"stepped"},{"time":0.4333,"x":1.377,"y":1.377,"curve":[0.913,0,0.873,0.15]},{"time":0.5,"x":1.998,"y":1.998},{"time":0.6666,"x":2.059,"y":2.059}]},"line2":{"rotate":[{"time":0.1,"angle":180}],"translate":[{"time":0.1,"x":-515.2,"y":655.17,"curve":[0.608,0.06,0.677,0.1]},{"time":0.1333,"x":-515.22,"y":-11.91,"curve":"stepped"},{"time":0.1666,"x":-515.22,"y":-11.91,"curve":"stepped"},{"time":0.2,"x":-515.22,"y":-11.91,"curve":[0.044,0.5,0.48,0.8]},{"time":0.2333,"x":-515.22,"y":-79.14,"curve":[0.345,0.53,0.746,0.78]},{"time":0.2666,"x":-515.22,"y":-96.45}],"scale":[{"time":0.1,"x":2.87,"y":0.101},{"time":0.1333,"x":2.87,"y":1.3,"curve":"stepped"},{"time":0.1666,"x":2.87,"y":1.3,"curve":[0.183,0.66,0.75,1]},{"time":0.2666,"x":2.87,"y":0.725}]},"thunder1":{"translate":[{"time":0,"x":-629.75,"y":436.53,"curve":"stepped"},{"time":0.0666,"x":-629.75,"y":436.53,"curve":"stepped"},{"time":0.1333,"x":-629.75,"y":436.53,"curve":[0.517,0.33,0.783,0.43]},{"time":0.1666,"x":-629.75,"y":-425.47,"curve":"stepped"},{"time":1,"x":-629.75,"y":436.53}],"scale":[{"time":0,"x":1,"y":0.135},{"time":0.0333,"x":3.085,"y":1.747,"curve":"stepped"},{"time":0.1333,"x":3.085,"y":1.747,"curve":[0.183,0.66,0.75,1]},{"time":0.1666,"x":0.1,"y":1.303,"curve":"stepped"},{"time":1,"x":1,"y":0.135}]},"line":{"rotate":[{"time":0,"angle":180,"curve":"stepped"},{"time":1,"angle":180}],"translate":[{"time":0,"x":-621.56,"y":655.17,"curve":[0.608,0.06,0.677,0.1]},{"time":0.0333,"x":-625.09,"y":-11.91,"curve":"stepped"},{"time":0.1,"x":-625.09,"y":-11.91,"curve":[0.035,0.73,0.694,0.88]},{"time":0.1666,"x":-625.09,"y":-96.45,"curve":"stepped"},{"time":1,"x":-621.56,"y":655.17}],"scale":[{"time":0,"x":2.87,"y":0.101},{"time":0.0333,"x":2.87,"y":1.3,"curve":"stepped"},{"time":0.0666,"x":2.87,"y":1.3,"curve":[0.183,0.66,0.75,1]},{"time":0.1666,"x":2.87,"y":0.725,"curve":"stepped"},{"time":1,"x":2.87,"y":0.101}]},"thunder3":{"translate":[{"time":0.1666,"x":-879.71,"y":336.47,"curve":"stepped"},{"time":0.3,"x":-879.71,"y":336.47,"curve":[0.422,0.4,0.741,0.67]},{"time":0.3333,"x":-879.71,"y":-425.47}],"scale":[{"time":0.1666,"x":1,"y":0.135},{"time":0.2,"x":3.085,"y":1.747,"curve":"stepped"},{"time":0.3,"x":3.085,"y":1.747,"curve":[0.183,0.66,0.75,1]},{"time":0.3333,"x":0.1,"y":1.303}]},"thunder2":{"translate":[{"time":0.1,"x":-523.35,"y":389.91,"curve":"stepped"},{"time":0.2,"x":-523.35,"y":389.91,"curve":[0.453,0.07,0.741,0.67]},{"time":0.2666,"x":-523.35,"y":-425.47}],"scale":[{"time":0.1,"x":1,"y":0.135},{"time":0.1333,"x":3.085,"y":1.747,"curve":"stepped"},{"time":0.2333,"x":3.085,"y":1.747,"curve":[0.183,0.66,0.75,1]},{"time":0.2666,"x":0.1,"y":1.303}]},"line3":{"rotate":[{"time":0.1666,"angle":180}],"translate":[{"time":0.1666,"x":-879.23,"y":655.17,"curve":[0.608,0.06,0.677,0.1]},{"time":0.2,"x":-879.23,"y":-11.91,"curve":"stepped"},{"time":0.2333,"x":-879.23,"y":-11.91,"curve":"stepped"},{"time":0.2666,"x":-879.23,"y":-11.91,"curve":[0.035,0.73,0.694,0.88]},{"time":0.3333,"x":-879.23,"y":-96.45}],"scale":[{"time":0.1666,"x":2.87,"y":0.101},{"time":0.2,"x":2.87,"y":1.3,"curve":"stepped"},{"time":0.2333,"x":2.87,"y":1.3,"curve":[0.183,0.66,0.75,1]},{"time":0.3333,"x":2.87,"y":0.725}]},"energy2":{"translate":[{"time":0.1666,"x":-539.59,"y":-196.32,"curve":"stepped"},{"time":0.5333,"x":-539.59,"y":-196.32},{"time":0.6,"x":-539.62,"y":-168.31}],"scale":[{"time":0.1666,"x":1,"y":1,"curve":"stepped"},{"time":0.2666,"x":1,"y":1},{"time":0.6,"x":1.766,"y":1.766}]},"ex2":{"translate":[{"time":0.1666,"x":-533.67,"y":-311.42,"curve":"stepped"},{"time":0.5333,"x":-533.67,"y":-311.42},{"time":0.6,"x":-533.63,"y":-282.64}],"scale":[{"time":0.1666,"x":1.377,"y":1.377,"curve":"stepped"},{"time":0.4666,"x":1.377,"y":1.377,"curve":[0.913,0,0.873,0.15]},{"time":0.6,"x":2.722,"y":2.722}]},"energy3":{"translate":[{"time":0.3,"x":-898.39,"y":-279.28,"curve":"stepped"},{"time":0.6666,"x":-898.39,"y":-279.28},{"time":0.7333,"x":-898.39,"y":-224.43}],"scale":[{"time":0.3,"x":1,"y":1,"curve":"stepped"},{"time":0.4,"x":1,"y":1},{"time":0.7333,"x":1.766,"y":1.766}]},"ex3":{"translate":[{"time":0.3,"x":-886.18,"y":-297.43}],"scale":[{"time":0.3,"x":1.377,"y":1.377,"curve":"stepped"},{"time":0.5,"x":1.377,"y":1.377,"curve":"stepped"},{"time":0.7333,"x":1.377,"y":1.377}]},"DAMAGEAREA":{"translate":[{"time":0.0666,"x":-365.95,"y":77.27}],"scale":[{"time":0.0666,"x":3.36,"y":2.244}]},"MAIN":{"translate":[{"time":0,"x":0,"y":43.87}]}},"events":[{"time":0,"name":"Event","float":0.07,"string":"kHitStopType_enemyonly"},{"time":0,"name":"Sound","string":"cri_se_battle_spark_rise"},{"time":0.0333,"name":"Event","string":"kImpactType_down"},{"time":0.0666,"name":"Sound","string":"cri_se_battle_thunder_small"},{"time":0.0666,"name":"View","string":"shakeGround"},{"time":0.1,"name":"Hit","string":"resetHitList"},{"time":0.1666,"name":"Hit","string":"resetHitList"},{"time":0.1666,"name":"Sound","string":"cri_se_battle_thunder_small"},{"time":0.1666,"name":"View","string":"shakeGround"},{"time":0.2,"name":"Hit","string":"resetHitList"},{"time":0.3,"name":"Hit","string":"resetHitList"},{"time":0.3,"name":"Sound","string":"cri_se_battle_thunder_small"},{"time":0.3,"name":"View","string":"shakeGround"},{"time":0.3333,"name":"Hit","string":"resetHitList"}]}}}