{"skeleton":{"hash":"XAHQPVF5z+W/pWOCdbJkFAs0NDQ","spine":"3.0.12","width":0,"height":0},"bones":[{"name":"root"},{"name":"MAIN","parent":"root"},{"name":"EF_thrsut1_10","parent":"MAIN","x":250,"y":50},{"name":"EF_thrsut1_9","parent":"MAIN","x":250,"y":50},{"name":"EF_thrsut1_8","parent":"MAIN","x":250,"y":50},{"name":"EF_thrsut1_7","parent":"MAIN","x":250,"y":50},{"name":"EF_thrsut1_6","parent":"MAIN","x":250,"y":50},{"name":"EF_thrsut1_5","parent":"MAIN","x":250,"y":50},{"name":"EF_thrsut1_4","parent":"MAIN","x":250,"y":50},{"name":"EF_thrsut1_3","parent":"MAIN","x":250,"y":50},{"name":"EF_thrsut1_2","parent":"MAIN","x":250,"y":50},{"name":"EF_thrsut1_1","parent":"MAIN","x":250,"y":50},{"name":"DAMAGEAREA","parent":"root"}],"slots":[{"name":"EF_thrsut1_1","bone":"EF_thrsut1_1","blend":"additive"},{"name":"EF_thrsut1_2","bone":"EF_thrsut1_2","blend":"additive"},{"name":"EF_thrsut1_3","bone":"EF_thrsut1_3","blend":"additive"},{"name":"EF_thrsut1_4","bone":"EF_thrsut1_4","blend":"additive"},{"name":"EF_thrsut1_5","bone":"EF_thrsut1_5","blend":"additive"},{"name":"EF_thrsut1_6","bone":"EF_thrsut1_6","blend":"additive"},{"name":"EF_thrsut1_7","bone":"EF_thrsut1_7","blend":"additive"},{"name":"EF_thrsut1_8","bone":"EF_thrsut1_8","blend":"additive"},{"name":"EF_thrsut1_9","bone":"EF_thrsut1_9","blend":"additive"},{"name":"EF_thrsut1_10","bone":"EF_thrsut1_10"},{"name":"EF_thrsut1_1black","bone":"EF_thrsut1_1","color":"000000ff"},{"name":"EF_thrsut1_1black2","bone":"EF_thrsut1_2","color":"000000ff"},{"name":"EF_thrsut1_1black3","bone":"EF_thrsut1_3","color":"000000ff"},{"name":"EF_thrsut1_1black4","bone":"EF_thrsut1_4","color":"000000ff"},{"name":"EF_thrsut1_1black5","bone":"EF_thrsut1_5","color":"000000ff"},{"name":"EF_thrsut1_1black6","bone":"EF_thrsut1_6","color":"000000ff"},{"name":"EF_thrsut1_1black7","bone":"EF_thrsut1_7","color":"000000ff"},{"name":"EF_thrsut1_1black8","bone":"EF_thrsut1_8","color":"000000ff"},{"name":"EF_thrsut1_1black9","bone":"EF_thrsut1_9","color":"000000ff"},{"name":"EF_thrsut1_1black10","bone":"EF_thrsut1_10","color":"000000ff"},{"name":"DAMAGEAREA","bone":"DAMAGEAREA"}],"skins":{"default":{"DAMAGEAREA":{"DAMAGEAREA":{"type":"boundingbox","vertices":[-62.84656,-64.22119,61.91734,-64.22119,61.91734,63.07173,-62.84656,63.07173]}},"EF_thrsut1_1":{"EF/ef_thrust_main/ef_thrust_main_00001":{"width":189,"height":112},"EF/ef_thrust_main/ef_thrust_main_00002":{"width":189,"height":112},"EF/ef_thrust_main/ef_thrust_main_00003":{"width":189,"height":112},"EF/ef_thrust_main/ef_thrust_main_00004":{"width":189,"height":112},"EF/ef_thrust_main/ef_thrust_main_00005":{"width":189,"height":112},"EF/ef_thrust_main/ef_thrust_main_00006":{"width":189,"height":112},"EF/ef_thrust_main/ef_thrust_main_00007":{"width":189,"height":112},"EF/ef_thrust_main/ef_thrust_main_00008":{"width":189,"height":112}},"EF_thrsut1_10":{"EF/ef_thrust_main/ef_thrust_main_00001":{"width":189,"height":112},"EF/ef_thrust_main/ef_thrust_main_00002":{"width":189,"height":112},"EF/ef_thrust_main/ef_thrust_main_00003":{"width":189,"height":112},"EF/ef_thrust_main/ef_thrust_main_00004":{"width":189,"height":112},"EF/ef_thrust_main/ef_thrust_main_00005":{"width":189,"height":112},"EF/ef_thrust_main/ef_thrust_main_00006":{"width":189,"height":112},"EF/ef_thrust_main/ef_thrust_main_00007":{"width":189,"height":112},"EF/ef_thrust_main/ef_thrust_main_00008":{"width":189,"height":112}},"EF_thrsut1_1black":{"EF/ef_thrust_main/ef_thrust_main_00001":{"scaleY":0.4,"width":189,"height":112},"EF/ef_thrust_main/ef_thrust_main_00002":{"scaleY":0.4,"width":189,"height":112},"EF/ef_thrust_main/ef_thrust_main_00003":{"scaleY":0.4,"width":189,"height":112},"EF/ef_thrust_main/ef_thrust_main_00004":{"scaleY":0.4,"width":189,"height":112},"EF/ef_thrust_main/ef_thrust_main_00005":{"scaleY":0.4,"width":189,"height":112},"EF/ef_thrust_main/ef_thrust_main_00006":{"scaleY":0.4,"width":189,"height":112},"EF/ef_thrust_main/ef_thrust_main_00007":{"scaleY":0.4,"width":189,"height":112},"EF/ef_thrust_main/ef_thrust_main_00008":{"scaleY":0.4,"width":189,"height":112}},"EF_thrsut1_1black10":{"EF/ef_thrust_main/ef_thrust_main_00001":{"scaleY":0.4,"width":189,"height":112},"EF/ef_thrust_main/ef_thrust_main_00002":{"scaleY":0.4,"width":189,"height":112},"EF/ef_thrust_main/ef_thrust_main_00003":{"scaleY":0.4,"width":189,"height":112},"EF/ef_thrust_main/ef_thrust_main_00004":{"scaleY":0.4,"width":189,"height":112},"EF/ef_thrust_main/ef_thrust_main_00005":{"scaleY":0.4,"width":189,"height":112},"EF/ef_thrust_main/ef_thrust_main_00006":{"scaleY":0.4,"width":189,"height":112},"EF/ef_thrust_main/ef_thrust_main_00007":{"scaleY":0.4,"width":189,"height":112},"EF/ef_thrust_main/ef_thrust_main_00008":{"scaleY":0.4,"width":189,"height":112}},"EF_thrsut1_1black2":{"EF/ef_thrust_main/ef_thrust_main_00001":{"scaleY":0.4,"width":189,"height":112},"EF/ef_thrust_main/ef_thrust_main_00002":{"scaleY":0.4,"width":189,"height":112},"EF/ef_thrust_main/ef_thrust_main_00003":{"scaleY":0.4,"width":189,"height":112},"EF/ef_thrust_main/ef_thrust_main_00004":{"scaleY":0.4,"width":189,"height":112},"EF/ef_thrust_main/ef_thrust_main_00005":{"scaleY":0.4,"width":189,"height":112},"EF/ef_thrust_main/ef_thrust_main_00006":{"scaleY":0.4,"width":189,"height":112},"EF/ef_thrust_main/ef_thrust_main_00007":{"scaleY":0.4,"width":189,"height":112},"EF/ef_thrust_main/ef_thrust_main_00008":{"scaleY":0.4,"width":189,"height":112}},"EF_thrsut1_1black3":{"EF/ef_thrust_main/ef_thrust_main_00001":{"scaleY":0.4,"width":189,"height":112},"EF/ef_thrust_main/ef_thrust_main_00002":{"scaleY":0.4,"width":189,"height":112},"EF/ef_thrust_main/ef_thrust_main_00003":{"scaleY":0.4,"width":189,"height":112},"EF/ef_thrust_main/ef_thrust_main_00004":{"scaleY":0.4,"width":189,"height":112},"EF/ef_thrust_main/ef_thrust_main_00005":{"scaleY":0.4,"width":189,"height":112},"EF/ef_thrust_main/ef_thrust_main_00006":{"scaleY":0.4,"width":189,"height":112},"EF/ef_thrust_main/ef_thrust_main_00007":{"scaleY":0.4,"width":189,"height":112},"EF/ef_thrust_main/ef_thrust_main_00008":{"scaleY":0.4,"width":189,"height":112}},"EF_thrsut1_1black4":{"EF/ef_thrust_main/ef_thrust_main_00001":{"scaleY":0.4,"width":189,"height":112},"EF/ef_thrust_main/ef_thrust_main_00002":{"scaleY":0.4,"width":189,"height":112},"EF/ef_thrust_main/ef_thrust_main_00003":{"scaleY":0.4,"width":189,"height":112},"EF/ef_thrust_main/ef_thrust_main_00004":{"scaleY":0.4,"width":189,"height":112},"EF/ef_thrust_main/ef_thrust_main_00005":{"scaleY":0.4,"width":189,"height":112},"EF/ef_thrust_main/ef_thrust_main_00006":{"scaleY":0.4,"width":189,"height":112},"EF/ef_thrust_main/ef_thrust_main_00007":{"scaleY":0.4,"width":189,"height":112},"EF/ef_thrust_main/ef_thrust_main_00008":{"scaleY":0.4,"width":189,"height":112}},"EF_thrsut1_1black5":{"EF/ef_thrust_main/ef_thrust_main_00001":{"scaleY":0.4,"width":189,"height":112},"EF/ef_thrust_main/ef_thrust_main_00002":{"scaleY":0.4,"width":189,"height":112},"EF/ef_thrust_main/ef_thrust_main_00003":{"scaleY":0.4,"width":189,"height":112},"EF/ef_thrust_main/ef_thrust_main_00004":{"scaleY":0.4,"width":189,"height":112},"EF/ef_thrust_main/ef_thrust_main_00005":{"scaleY":0.4,"width":189,"height":112},"EF/ef_thrust_main/ef_thrust_main_00006":{"scaleY":0.4,"width":189,"height":112},"EF/ef_thrust_main/ef_thrust_main_00007":{"scaleY":0.4,"width":189,"height":112},"EF/ef_thrust_main/ef_thrust_main_00008":{"scaleY":0.4,"width":189,"height":112}},"EF_thrsut1_1black6":{"EF/ef_thrust_main/ef_thrust_main_00001":{"scaleY":0.4,"width":189,"height":112},"EF/ef_thrust_main/ef_thrust_main_00002":{"scaleY":0.4,"width":189,"height":112},"EF/ef_thrust_main/ef_thrust_main_00003":{"scaleY":0.4,"width":189,"height":112},"EF/ef_thrust_main/ef_thrust_main_00004":{"scaleY":0.4,"width":189,"height":112},"EF/ef_thrust_main/ef_thrust_main_00005":{"scaleY":0.4,"width":189,"height":112},"EF/ef_thrust_main/ef_thrust_main_00006":{"scaleY":0.4,"width":189,"height":112},"EF/ef_thrust_main/ef_thrust_main_00007":{"scaleY":0.4,"width":189,"height":112},"EF/ef_thrust_main/ef_thrust_main_00008":{"scaleY":0.4,"width":189,"height":112}},"EF_thrsut1_1black7":{"EF/ef_thrust_main/ef_thrust_main_00001":{"scaleY":0.4,"width":189,"height":112},"EF/ef_thrust_main/ef_thrust_main_00002":{"scaleY":0.4,"width":189,"height":112},"EF/ef_thrust_main/ef_thrust_main_00003":{"scaleY":0.4,"width":189,"height":112},"EF/ef_thrust_main/ef_thrust_main_00004":{"scaleY":0.4,"width":189,"height":112},"EF/ef_thrust_main/ef_thrust_main_00005":{"scaleY":0.4,"width":189,"height":112},"EF/ef_thrust_main/ef_thrust_main_00006":{"scaleY":0.4,"width":189,"height":112},"EF/ef_thrust_main/ef_thrust_main_00007":{"scaleY":0.4,"width":189,"height":112},"EF/ef_thrust_main/ef_thrust_main_00008":{"scaleY":0.4,"width":189,"height":112}},"EF_thrsut1_1black8":{"EF/ef_thrust_main/ef_thrust_main_00001":{"scaleY":0.4,"width":189,"height":112},"EF/ef_thrust_main/ef_thrust_main_00002":{"scaleY":0.4,"width":189,"height":112},"EF/ef_thrust_main/ef_thrust_main_00003":{"scaleY":0.4,"width":189,"height":112},"EF/ef_thrust_main/ef_thrust_main_00004":{"scaleY":0.4,"width":189,"height":112},"EF/ef_thrust_main/ef_thrust_main_00005":{"scaleY":0.4,"width":189,"height":112},"EF/ef_thrust_main/ef_thrust_main_00006":{"scaleY":0.4,"width":189,"height":112},"EF/ef_thrust_main/ef_thrust_main_00007":{"scaleY":0.4,"width":189,"height":112},"EF/ef_thrust_main/ef_thrust_main_00008":{"scaleY":0.4,"width":189,"height":112}},"EF_thrsut1_1black9":{"EF/ef_thrust_main/ef_thrust_main_00001":{"scaleY":0.4,"width":189,"height":112},"EF/ef_thrust_main/ef_thrust_main_00002":{"scaleY":0.4,"width":189,"height":112},"EF/ef_thrust_main/ef_thrust_main_00003":{"scaleY":0.4,"width":189,"height":112},"EF/ef_thrust_main/ef_thrust_main_00004":{"scaleY":0.4,"width":189,"height":112},"EF/ef_thrust_main/ef_thrust_main_00005":{"scaleY":0.4,"width":189,"height":112},"EF/ef_thrust_main/ef_thrust_main_00006":{"scaleY":0.4,"width":189,"height":112},"EF/ef_thrust_main/ef_thrust_main_00007":{"scaleY":0.4,"width":189,"height":112},"EF/ef_thrust_main/ef_thrust_main_00008":{"scaleY":0.4,"width":189,"height":112}},"EF_thrsut1_2":{"EF/ef_thrust_main/ef_thrust_main_00001":{"width":189,"height":112},"EF/ef_thrust_main/ef_thrust_main_00002":{"width":189,"height":112},"EF/ef_thrust_main/ef_thrust_main_00003":{"width":189,"height":112},"EF/ef_thrust_main/ef_thrust_main_00004":{"width":189,"height":112},"EF/ef_thrust_main/ef_thrust_main_00005":{"width":189,"height":112},"EF/ef_thrust_main/ef_thrust_main_00006":{"width":189,"height":112},"EF/ef_thrust_main/ef_thrust_main_00007":{"width":189,"height":112},"EF/ef_thrust_main/ef_thrust_main_00008":{"width":189,"height":112}},"EF_thrsut1_3":{"EF/ef_thrust_main/ef_thrust_main_00001":{"width":189,"height":112},"EF/ef_thrust_main/ef_thrust_main_00002":{"width":189,"height":112},"EF/ef_thrust_main/ef_thrust_main_00003":{"width":189,"height":112},"EF/ef_thrust_main/ef_thrust_main_00004":{"width":189,"height":112},"EF/ef_thrust_main/ef_thrust_main_00005":{"width":189,"height":112},"EF/ef_thrust_main/ef_thrust_main_00006":{"width":189,"height":112},"EF/ef_thrust_main/ef_thrust_main_00007":{"width":189,"height":112},"EF/ef_thrust_main/ef_thrust_main_00008":{"width":189,"height":112}},"EF_thrsut1_4":{"EF/ef_thrust_main/ef_thrust_main_00001":{"width":189,"height":112},"EF/ef_thrust_main/ef_thrust_main_00002":{"width":189,"height":112},"EF/ef_thrust_main/ef_thrust_main_00003":{"width":189,"height":112},"EF/ef_thrust_main/ef_thrust_main_00004":{"width":189,"height":112},"EF/ef_thrust_main/ef_thrust_main_00005":{"width":189,"height":112},"EF/ef_thrust_main/ef_thrust_main_00006":{"width":189,"height":112},"EF/ef_thrust_main/ef_thrust_main_00007":{"width":189,"height":112},"EF/ef_thrust_main/ef_thrust_main_00008":{"width":189,"height":112}},"EF_thrsut1_5":{"EF/ef_thrust_main/ef_thrust_main_00001":{"width":189,"height":112},"EF/ef_thrust_main/ef_thrust_main_00002":{"width":189,"height":112},"EF/ef_thrust_main/ef_thrust_main_00003":{"width":189,"height":112},"EF/ef_thrust_main/ef_thrust_main_00004":{"width":189,"height":112},"EF/ef_thrust_main/ef_thrust_main_00005":{"width":189,"height":112},"EF/ef_thrust_main/ef_thrust_main_00006":{"width":189,"height":112},"EF/ef_thrust_main/ef_thrust_main_00007":{"width":189,"height":112},"EF/ef_thrust_main/ef_thrust_main_00008":{"width":189,"height":112}},"EF_thrsut1_6":{"EF/ef_thrust_main/ef_thrust_main_00001":{"width":189,"height":112},"EF/ef_thrust_main/ef_thrust_main_00002":{"width":189,"height":112},"EF/ef_thrust_main/ef_thrust_main_00003":{"width":189,"height":112},"EF/ef_thrust_main/ef_thrust_main_00004":{"width":189,"height":112},"EF/ef_thrust_main/ef_thrust_main_00005":{"width":189,"height":112},"EF/ef_thrust_main/ef_thrust_main_00006":{"width":189,"height":112},"EF/ef_thrust_main/ef_thrust_main_00007":{"width":189,"height":112},"EF/ef_thrust_main/ef_thrust_main_00008":{"width":189,"height":112}},"EF_thrsut1_7":{"EF/ef_thrust_main/ef_thrust_main_00001":{"width":189,"height":112},"EF/ef_thrust_main/ef_thrust_main_00002":{"width":189,"height":112},"EF/ef_thrust_main/ef_thrust_main_00003":{"width":189,"height":112},"EF/ef_thrust_main/ef_thrust_main_00004":{"width":189,"height":112},"EF/ef_thrust_main/ef_thrust_main_00005":{"width":189,"height":112},"EF/ef_thrust_main/ef_thrust_main_00006":{"width":189,"height":112},"EF/ef_thrust_main/ef_thrust_main_00007":{"width":189,"height":112},"EF/ef_thrust_main/ef_thrust_main_00008":{"width":189,"height":112}},"EF_thrsut1_8":{"EF/ef_thrust_main/ef_thrust_main_00001":{"width":189,"height":112},"EF/ef_thrust_main/ef_thrust_main_00002":{"width":189,"height":112},"EF/ef_thrust_main/ef_thrust_main_00003":{"width":189,"height":112},"EF/ef_thrust_main/ef_thrust_main_00004":{"width":189,"height":112},"EF/ef_thrust_main/ef_thrust_main_00005":{"width":189,"height":112},"EF/ef_thrust_main/ef_thrust_main_00006":{"width":189,"height":112},"EF/ef_thrust_main/ef_thrust_main_00007":{"width":189,"height":112},"EF/ef_thrust_main/ef_thrust_main_00008":{"width":189,"height":112}},"EF_thrsut1_9":{"EF/ef_thrust_main/ef_thrust_main_00001":{"width":189,"height":112},"EF/ef_thrust_main/ef_thrust_main_00002":{"width":189,"height":112},"EF/ef_thrust_main/ef_thrust_main_00003":{"width":189,"height":112},"EF/ef_thrust_main/ef_thrust_main_00004":{"width":189,"height":112},"EF/ef_thrust_main/ef_thrust_main_00005":{"width":189,"height":112},"EF/ef_thrust_main/ef_thrust_main_00006":{"width":189,"height":112},"EF/ef_thrust_main/ef_thrust_main_00007":{"width":189,"height":112},"EF/ef_thrust_main/ef_thrust_main_00008":{"width":189,"height":112}}}},"events":{"Event":{},"Hit":{},"Sound":{}},"animations":{"attack1":{"slots":{"DAMAGEAREA":{"attachment":[{"time":0.0666,"name":"DAMAGEAREA"},{"time":1.1333,"name":null}]},"EF_thrsut1_4":{"attachment":[{"time":0.3,"name":"EF/ef_thrust_main/ef_thrust_main_00001"},{"time":0.3333,"name":"EF/ef_thrust_main/ef_thrust_main_00003"},{"time":0.3666,"name":"EF/ef_thrust_main/ef_thrust_main_00005"},{"time":0.4,"name":"EF/ef_thrust_main/ef_thrust_main_00007"}]},"EF_thrsut1_5":{"attachment":[{"time":0,"name":"EF/ef_thrust_main/ef_thrust_main_00001"},{"time":0.0333,"name":"EF/ef_thrust_main/ef_thrust_main_00003"},{"time":0.0666,"name":"EF/ef_thrust_main/ef_thrust_main_00005"},{"time":0.1,"name":"EF/ef_thrust_main/ef_thrust_main_00007"},{"time":0.5333,"name":"EF/ef_thrust_main/ef_thrust_main_00001"},{"time":0.5666,"name":"EF/ef_thrust_main/ef_thrust_main_00003"},{"time":0.6,"name":"EF/ef_thrust_main/ef_thrust_main_00005"},{"time":0.6333,"name":"EF/ef_thrust_main/ef_thrust_main_00007"}]},"EF_thrsut1_6":{"attachment":[{"time":0.2333,"name":"EF/ef_thrust_main/ef_thrust_main_00001"},{"time":0.2666,"name":"EF/ef_thrust_main/ef_thrust_main_00003"},{"time":0.3,"name":"EF/ef_thrust_main/ef_thrust_main_00005"},{"time":0.3333,"name":"EF/ef_thrust_main/ef_thrust_main_00007"}]},"EF_thrsut1_7":{"attachment":[{"time":0.4333,"name":"EF/ef_thrust_main/ef_thrust_main_00002"},{"time":0.4666,"name":"EF/ef_thrust_main/ef_thrust_main_00004"},{"time":0.5,"name":"EF/ef_thrust_main/ef_thrust_main_00006"},{"time":0.5333,"name":"EF/ef_thrust_main/ef_thrust_main_00008"}]},"EF_thrsut1_8":{"attachment":[{"time":0.6,"name":"EF/ef_thrust_main/ef_thrust_main_00001"},{"time":0.6333,"name":"EF/ef_thrust_main/ef_thrust_main_00003"},{"time":0.6666,"name":"EF/ef_thrust_main/ef_thrust_main_00005"},{"time":0.7,"name":"EF/ef_thrust_main/ef_thrust_main_00007"}]},"EF_thrsut1_9":{"attachment":[{"time":0.7333,"name":"EF/ef_thrust_main/ef_thrust_main_00001"},{"time":0.7666,"name":"EF/ef_thrust_main/ef_thrust_main_00003"},{"time":0.8,"name":"EF/ef_thrust_main/ef_thrust_main_00005"},{"time":0.8333,"name":"EF/ef_thrust_main/ef_thrust_main_00007"}]},"EF_thrsut1_10":{"attachment":[{"time":0.7666,"name":"EF/ef_thrust_main/ef_thrust_main_00002"},{"time":0.8,"name":"EF/ef_thrust_main/ef_thrust_main_00004"},{"time":0.8333,"name":"EF/ef_thrust_main/ef_thrust_main_00006"},{"time":0.8666,"name":"EF/ef_thrust_main/ef_thrust_main_00008"}]},"EF_thrsut1_1black4":{"attachment":[{"time":0.3,"name":"EF/ef_thrust_main/ef_thrust_main_00001"},{"time":0.3333,"name":"EF/ef_thrust_main/ef_thrust_main_00003"},{"time":0.3666,"name":"EF/ef_thrust_main/ef_thrust_main_00005"},{"time":0.4,"name":"EF/ef_thrust_main/ef_thrust_main_00007"}]},"EF_thrsut1_1black5":{"attachment":[{"time":0,"name":"EF/ef_thrust_main/ef_thrust_main_00001"},{"time":0.0333,"name":"EF/ef_thrust_main/ef_thrust_main_00003"},{"time":0.0666,"name":"EF/ef_thrust_main/ef_thrust_main_00005"},{"time":0.1,"name":"EF/ef_thrust_main/ef_thrust_main_00007"},{"time":0.5333,"name":"EF/ef_thrust_main/ef_thrust_main_00001"},{"time":0.5666,"name":"EF/ef_thrust_main/ef_thrust_main_00003"},{"time":0.6,"name":"EF/ef_thrust_main/ef_thrust_main_00005"},{"time":0.6333,"name":"EF/ef_thrust_main/ef_thrust_main_00007"}]},"EF_thrsut1_1black6":{"attachment":[{"time":0.2333,"name":"EF/ef_thrust_main/ef_thrust_main_00001"},{"time":0.2666,"name":"EF/ef_thrust_main/ef_thrust_main_00003"},{"time":0.3,"name":"EF/ef_thrust_main/ef_thrust_main_00005"},{"time":0.3333,"name":"EF/ef_thrust_main/ef_thrust_main_00007"}]},"EF_thrsut1_1black7":{"attachment":[{"time":0.4333,"name":"EF/ef_thrust_main/ef_thrust_main_00002"},{"time":0.4666,"name":"EF/ef_thrust_main/ef_thrust_main_00004"},{"time":0.5,"name":"EF/ef_thrust_main/ef_thrust_main_00006"},{"time":0.5333,"name":"EF/ef_thrust_main/ef_thrust_main_00008"}]},"EF_thrsut1_1black8":{"attachment":[{"time":0.6,"name":"EF/ef_thrust_main/ef_thrust_main_00001"},{"time":0.6333,"name":"EF/ef_thrust_main/ef_thrust_main_00003"},{"time":0.6666,"name":"EF/ef_thrust_main/ef_thrust_main_00005"},{"time":0.7,"name":"EF/ef_thrust_main/ef_thrust_main_00007"}]},"EF_thrsut1_1black9":{"attachment":[{"time":0.7333,"name":"EF/ef_thrust_main/ef_thrust_main_00001"},{"time":0.7666,"name":"EF/ef_thrust_main/ef_thrust_main_00003"},{"time":0.8,"name":"EF/ef_thrust_main/ef_thrust_main_00005"},{"time":0.8333,"name":"EF/ef_thrust_main/ef_thrust_main_00007"}]},"EF_thrsut1_1black10":{"attachment":[{"time":0.7666,"name":"EF/ef_thrust_main/ef_thrust_main_00002"},{"time":0.8,"name":"EF/ef_thrust_main/ef_thrust_main_00004"},{"time":0.8333,"name":"EF/ef_thrust_main/ef_thrust_main_00006"},{"time":0.8666,"name":"EF/ef_thrust_main/ef_thrust_main_00008"}]}},"bones":{"EF_thrsut1_10":{"rotate":[{"time":0.7666,"angle":112.86}],"translate":[{"time":0.7666,"x":-948.9,"y":1639.15},{"time":0.8666,"x":-511.89,"y":602.72}],"scale":[{"time":0.7666,"x":9,"y":4.5},{"time":0.8666,"x":27,"y":7},{"time":0.9333,"x":27,"y":2},{"time":1.2666,"x":27,"y":0}]},"EF_thrsut1_9":{"rotate":[{"time":0.7333,"angle":-118.46}],"translate":[{"time":0.7333,"x":-674.67,"y":-947.34},{"time":0.8333,"x":-15.6,"y":269.35}],"scale":[{"time":0.7333,"x":9,"y":4.5},{"time":0.8333,"x":27,"y":7},{"time":0.9,"x":27,"y":2},{"time":1.2333,"x":27,"y":0}]},"EF_thrsut1_8":{"rotate":[{"time":0.6,"angle":-30}],"translate":[{"time":0.6,"x":611.82,"y":-504.31},{"time":0.7,"x":-152.82,"y":-63.07}],"scale":[{"time":0.6,"x":9,"y":4.5},{"time":0.7,"x":27,"y":7},{"time":0.7666,"x":27,"y":2},{"time":1.1,"x":27,"y":0}]},"EF_thrsut1_7":{"rotate":[{"time":0.4333,"angle":174.71}],"translate":[{"time":0.4333,"x":-1769.18,"y":305.4},{"time":0.5333,"x":-608.36,"y":198.03}],"scale":[{"time":0.4333,"x":9,"y":4.5},{"time":0.5333,"x":27,"y":7},{"time":0.6,"x":27,"y":2},{"time":0.9333,"x":27,"y":0}]},"EF_thrsut1_6":{"rotate":[{"time":0.2333,"angle":-30.28}],"translate":[{"time":0.2333,"x":807.31,"y":-584.57},{"time":0.3333,"x":-338.51,"y":84.27}],"scale":[{"time":0.2333,"x":9,"y":4.5},{"time":0.3333,"x":27,"y":7},{"time":0.4,"x":27,"y":2},{"time":0.7333,"x":27,"y":0}]},"EF_thrsut1_5":{"rotate":[{"time":0,"angle":75.35,"curve":"stepped"},{"time":0.5333,"angle":7.47}],"translate":[{"time":0,"x":137.65,"y":1438.64},{"time":0.1,"x":-126.29,"y":428.59,"curve":"stepped"},{"time":0.5333,"x":1227.45,"y":172.71},{"time":0.6333,"x":-311.86,"y":-29.43}],"scale":[{"time":0,"x":9,"y":4.5},{"time":0.1,"x":27,"y":7},{"time":0.1666,"x":27,"y":2},{"time":0.5,"x":27,"y":0,"curve":"stepped"},{"time":0.5333,"x":9,"y":4.5},{"time":0.6333,"x":27,"y":7},{"time":0.7,"x":27,"y":2},{"time":1.0333,"x":27,"y":0}]},"EF_thrsut1_4":{"rotate":[{"time":0.3,"angle":-141.38}],"translate":[{"time":0.3,"x":-744.76,"y":-94.45},{"time":0.4,"x":-397.28,"y":183.31}],"scale":[{"time":0.2,"x":27,"y":0,"curve":"stepped"},{"time":0.3,"x":9,"y":4.5},{"time":0.4,"x":27,"y":7},{"time":0.4666,"x":27,"y":2},{"time":0.8,"x":27,"y":0}]},"DAMAGEAREA":{"scale":[{"time":0.0666,"x":7.764,"y":8.223}]},"MAIN":{"translate":[{"time":0,"x":0,"y":58.8}]}},"events":[{"time":0,"name":"Event","string":"setPosition_Target"},{"time":0.0333,"name":"Event","float":0.2,"string":"kHitStopType_enemyonly"},{"time":0.0666,"name":"Sound","string":"cri_se_battle_sword_srash"},{"time":0.2,"name":"Hit","string":"resetHitList"},{"time":0.2,"name":"Sound","string":"cri_se_battle_sword_srash"},{"time":0.3,"name":"Hit","string":"resetHitList"},{"time":0.3,"name":"Sound","string":"cri_se_battle_sword_srash"},{"time":0.4333,"name":"Hit","string":"resetHitList"},{"time":0.4333,"name":"Sound","string":"cri_se_battle_sword_srash"},{"time":0.5333,"name":"Hit","string":"resetHitList"},{"time":0.5333,"name":"Sound","string":"cri_se_battle_sword_srash"},{"time":0.6333,"name":"Hit","string":"resetHitList"},{"time":0.6333,"name":"Sound","string":"cri_se_battle_sword_srash"},{"time":0.7666,"name":"Hit","string":"resetHitList"},{"time":0.7666,"name":"Sound","string":"cri_se_battle_sword_srash"},{"time":0.8333,"name":"Sound","string":"setHitSound(se_battle_swordslash_heavy)"},{"time":0.8666,"name":"Hit","string":"resetHitList"},{"time":0.8666,"name":"Sound","string":"cri_se_battle_sword_srash"}]}}}