{"skeleton":{"hash":"FECbJqK4083ROdSAIBXfMgP6OA8","spine":"3.0.12","width":760,"height":560,"images":"./images2/"},"bones":[{"name":"root"},{"name":"body_main","parent":"root","y":188.5,"scaleX":2.5,"scaleY":2.5,"color":"9c0700ff"},{"name":"SHADOW-OFFSET","parent":"root","scaleX":1.9},{"name":"MAIN","parent":"root","y":200,"color":"9c009aff"},{"name":"DAMAGEAREA","parent":"root"}],"slots":[{"name":"MAIN","bone":"body_main","attachment":"aragami/kof98140"},{"name":"EF_aragami","bone":"body_main"},{"name":"DAMAGEAREA","bone":"DAMAGEAREA"}],"skins":{"default":{"DAMAGEAREA":{"DAMAGEAREA":{"type":"boundingbox","vertices":[-63.03404,-63.32211,64.64594,-63.93012,64.34192,63.74983,-64.25003,63.44584]}},"EF_aragami":{"aragami/kof98149-2":{"x":93.64,"y":11.64,"width":304,"height":224},"aragami/kof98151-2":{"x":93.64,"y":11.64,"width":304,"height":224},"aragami/kof98153-2":{"x":93.64,"y":11.64,"width":304,"height":224},"aragami/kof98155-2":{"x":93.64,"y":11.64,"width":304,"height":224},"aragami/kof98157-2":{"x":93.64,"y":11.64,"width":304,"height":224},"aragami/kof98159-2":{"x":93.64,"y":11.64,"width":304,"height":224},"aragami/kof98161-2":{"x":93.64,"y":11.64,"width":304,"height":224},"aragami/kof98163-2":{"x":93.64,"y":11.64,"width":304,"height":224},"aragami/kof98165-2":{"x":93.64,"y":11.64,"width":304,"height":224},"aragami/kof98167-2":{"x":93.64,"y":11.64,"width":304,"height":224},"aragami/kof98169-2":{"x":93.64,"y":11.64,"width":304,"height":224},"aragami/kof98172-2":{"x":93.64,"y":11.64,"width":304,"height":224},"aragami/kof98174-2":{"x":93.64,"y":11.64,"width":304,"height":224},"aragami/kof98176-2":{"x":93.64,"y":11.64,"width":304,"height":224}},"MAIN":{"aragami/kof98140":{"x":93.64,"y":11.64,"width":304,"height":224},"aragami/kof98141":{"x":93.64,"y":11.64,"width":304,"height":224},"aragami/kof98142":{"x":93.64,"y":11.64,"width":304,"height":224},"aragami/kof98143":{"x":93.64,"y":11.64,"width":304,"height":224},"aragami/kof98144":{"x":93.64,"y":11.64,"width":304,"height":224},"aragami/kof98145":{"x":93.64,"y":11.64,"width":304,"height":224},"aragami/kof98146":{"x":93.64,"y":11.64,"width":304,"height":224},"aragami/kof98147":{"x":93.64,"y":11.64,"width":304,"height":224},"aragami/kof98148":{"x":93.64,"y":11.64,"width":304,"height":224},"aragami/kof98149":{"x":93.64,"y":11.64,"width":304,"height":224},"aragami/kof98151":{"x":93.64,"y":11.64,"width":304,"height":224},"aragami/kof98153":{"x":93.64,"y":11.64,"width":304,"height":224},"aragami/kof98155":{"x":93.64,"y":11.64,"width":304,"height":224},"aragami/kof98157":{"x":93.64,"y":11.64,"width":304,"height":224},"aragami/kof98159":{"x":93.64,"y":11.64,"width":304,"height":224},"aragami/kof98161":{"x":93.64,"y":11.64,"width":304,"height":224},"aragami/kof98163":{"x":93.64,"y":11.64,"width":304,"height":224},"aragami/kof98165":{"x":93.64,"y":11.64,"width":304,"height":224},"aragami/kof98167":{"x":93.64,"y":11.64,"width":304,"height":224},"aragami/kof98169":{"x":93.64,"y":11.64,"width":304,"height":224},"aragami/kof98171":{"x":93.64,"y":11.64,"width":304,"height":224},"aragami/kof98172":{"x":93.64,"y":11.64,"width":304,"height":224},"aragami/kof98174":{"x":93.64,"y":11.64,"width":304,"height":224},"aragami/kof98176":{"x":93.64,"y":11.64,"width":304,"height":224},"aragami/kof98178":{"x":93.64,"y":11.64,"width":304,"height":224},"aragami/kof98179":{"x":93.64,"y":11.64,"width":304,"height":224}}}},"events":{"Event":{},"Hit":{},"Sound1":{},"Sound2":{},"Sound3":{},"Voice":{},"event2":{}},"animations":{"attack1":{"slots":{"DAMAGEAREA":{"attachment":[{"time":0.3,"name":"DAMAGEAREA"},{"time":0.3666,"name":null}]},"EF_aragami":{"attachment":[{"time":0.3,"name":"aragami/kof98149-2"},{"time":0.3333,"name":"aragami/kof98151-2"},{"time":0.3666,"name":"aragami/kof98153-2"},{"time":0.4,"name":"aragami/kof98155-2"},{"time":0.4333,"name":"aragami/kof98157-2"},{"time":0.4666,"name":"aragami/kof98159-2"},{"time":0.5,"name":"aragami/kof98161-2"},{"time":0.5333,"name":"aragami/kof98163-2"},{"time":0.5666,"name":"aragami/kof98165-2"},{"time":0.6,"name":"aragami/kof98167-2"},{"time":0.6333,"name":"aragami/kof98169-2"},{"time":0.7,"name":"aragami/kof98172-2"},{"time":0.7333,"name":"aragami/kof98174-2"},{"time":0.7666,"name":"aragami/kof98176-2"},{"time":0.8,"name":null}]},"MAIN":{"attachment":[{"time":0,"name":"aragami/kof98140"},{"time":0.0333,"name":"aragami/kof98141"},{"time":0.0666,"name":"aragami/kof98142"},{"time":0.1,"name":"aragami/kof98143"},{"time":0.1333,"name":"aragami/kof98144"},{"time":0.1666,"name":"aragami/kof98145"},{"time":0.2,"name":"aragami/kof98146"},{"time":0.2333,"name":"aragami/kof98147"},{"time":0.2666,"name":"aragami/kof98148"},{"time":0.3,"name":"aragami/kof98149"},{"time":0.3333,"name":"aragami/kof98151"},{"time":0.3666,"name":"aragami/kof98153"},{"time":0.4,"name":"aragami/kof98155"},{"time":0.4333,"name":"aragami/kof98157"},{"time":0.4666,"name":"aragami/kof98159"},{"time":0.5,"name":"aragami/kof98161"},{"time":0.5333,"name":"aragami/kof98163"},{"time":0.5666,"name":"aragami/kof98165"},{"time":0.6,"name":"aragami/kof98167"},{"time":0.6333,"name":"aragami/kof98169"},{"time":0.6666,"name":"aragami/kof98171"},{"time":0.7,"name":"aragami/kof98172"},{"time":0.7333,"name":"aragami/kof98174"},{"time":0.7666,"name":"aragami/kof98176"},{"time":0.8,"name":"aragami/kof98178"},{"time":0.8333,"name":"aragami/kof98179"}],"color":[{"time":0,"color":"ffffff00"},{"time":0.1,"color":"ffffffff","curve":"stepped"},{"time":0.8333,"color":"ffffffff"},{"time":0.9666,"color":"ffffff00"}]}},"bones":{"DAMAGEAREA":{"translate":[{"time":0.3,"x":209.86,"y":109.34}],"scale":[{"time":0.3,"x":2.148,"y":1.546}]},"MAIN":{"translate":[{"time":0,"x":0,"y":0},{"time":0.1666,"x":116.21,"y":0,"curve":"stepped"},{"time":0.6333,"x":122.89,"y":0},{"time":0.8333,"x":86.75,"y":0}]}},"events":[{"time":0,"name":"Event","string":"setPositionY"},{"time":0,"name":"Sound1","string":"cri_se_battle_kara_h"},{"time":0,"name":"Sound2","string":"setHitSound(se_battle_p_17)"},{"time":0,"name":"Voice","string":"cri_40079_voice_attack_c"},{"time":0,"name":"event2","string":"setFlipX"},{"time":0.0333,"name":"Event","int":320,"string":"setPosition_Target"},{"time":0.0333,"name":"event2","string":"enableShadow"},{"time":0.0666,"name":"Event","string":"kImpactType_knock"},{"time":0.1,"name":"Event","float":0.18,"string":"kHitStopType_normal"},{"time":0.3,"name":"Event","string":"shakeGround"},{"time":0.3,"name":"Sound1","string":"cri_se_battle_hi_2"},{"time":0.3666,"name":"Event","string":"runScript-addSP"},{"time":0.6333,"name":"Voice","string":"cri_40079_voice_attack_d"}]}}}