{"skeleton":{"hash":"LIQ7zu+Fzs7xhln6v3WT7byJDFc","spine":"3.0.12","width":0,"height":0},"bones":[{"name":"root"},{"name":"MAIN","parent":"root"},{"name":"EF","parent":"MAIN","y":300},{"name":"A3_slash1","parent":"EF","x":200,"y":-300},{"name":"A2_ex2_root","parent":"EF","x":100,"y":-200},{"name":"A2_ex2_3","parent":"A2_ex2_root","y":-100},{"name":"A2_ex2_2","parent":"A2_ex2_root","y":-100},{"name":"A2_ex2","parent":"A2_ex2_root","y":-100},{"name":"A2_ex1_root","parent":"EF","y":-200},{"name":"A2_ex1_3","parent":"A2_ex1_root","y":-100},{"name":"A2_ex1_2","parent":"A2_ex1_root","y":-100},{"name":"A2_ex1","parent":"A2_ex1_root","y":-100},{"name":"DAMAGEAREA","parent":"root"}],"slots":[{"name":"9100_A2_ex1/9100_A2_ex1_00000","bone":"A2_ex1","blend":"additive"},{"name":"9100_A2_ex1/9100_A2_ex1_0","bone":"A2_ex1_2","blend":"additive"},{"name":"9100_A2_ex1/9100_A2_ex1_1","bone":"A2_ex1_3","blend":"additive"},{"name":"9100_A2_ex2/9100_A2_ex2_00000","bone":"A2_ex2","blend":"additive"},{"name":"9100_A2_ex2/9100_A2_ex2_0","bone":"A2_ex2_2","blend":"additive"},{"name":"9100_A2_ex2/9100_A2_ex2_1","bone":"A2_ex2_3","blend":"additive"},{"name":"9100_A3_slash1/9100_A3_slash1_00000","bone":"A3_slash1","blend":"additive"},{"name":"DAMAGEAREA","bone":"DAMAGEAREA"}],"skins":{"default":{"9100_A2_ex1/9100_A2_ex1_0":{"9100_A2_ex1/9100_A2_ex1_00000":{"width":200,"height":200},"9100_A2_ex1/9100_A2_ex1_00001":{"width":200,"height":200},"9100_A2_ex1/9100_A2_ex1_00002":{"width":200,"height":200},"9100_A2_ex1/9100_A2_ex1_00003":{"width":200,"height":200},"9100_A2_ex1/9100_A2_ex1_00004":{"width":200,"height":200},"9100_A2_ex1/9100_A2_ex1_00005":{"width":200,"height":200},"9100_A2_ex1/9100_A2_ex1_00006":{"width":200,"height":200},"9100_A2_ex1/9100_A2_ex1_00007":{"width":200,"height":200},"9100_A2_ex1/9100_A2_ex1_00008":{"width":200,"height":200},"9100_A2_ex1/9100_A2_ex1_00009":{"width":200,"height":200},"9100_A2_ex1/9100_A2_ex1_00010":{"width":200,"height":200},"9100_A2_ex1/9100_A2_ex1_00011":{"width":200,"height":200},"9100_A2_ex1/9100_A2_ex1_00012":{"width":200,"height":200},"9100_A2_ex1/9100_A2_ex1_00013":{"width":200,"height":200},"9100_A2_ex1/9100_A2_ex1_00014":{"width":200,"height":200},"9100_A2_ex1/9100_A2_ex1_00015":{"width":200,"height":200}},"9100_A2_ex1/9100_A2_ex1_00000":{"9100_A2_ex1/9100_A2_ex1_00000":{"width":200,"height":200},"9100_A2_ex1/9100_A2_ex1_00001":{"width":200,"height":200},"9100_A2_ex1/9100_A2_ex1_00002":{"width":200,"height":200},"9100_A2_ex1/9100_A2_ex1_00003":{"width":200,"height":200},"9100_A2_ex1/9100_A2_ex1_00004":{"width":200,"height":200},"9100_A2_ex1/9100_A2_ex1_00005":{"width":200,"height":200},"9100_A2_ex1/9100_A2_ex1_00006":{"width":200,"height":200},"9100_A2_ex1/9100_A2_ex1_00007":{"width":200,"height":200},"9100_A2_ex1/9100_A2_ex1_00008":{"width":200,"height":200},"9100_A2_ex1/9100_A2_ex1_00009":{"width":200,"height":200},"9100_A2_ex1/9100_A2_ex1_00010":{"width":200,"height":200},"9100_A2_ex1/9100_A2_ex1_00011":{"width":200,"height":200},"9100_A2_ex1/9100_A2_ex1_00012":{"width":200,"height":200},"9100_A2_ex1/9100_A2_ex1_00013":{"width":200,"height":200},"9100_A2_ex1/9100_A2_ex1_00014":{"width":200,"height":200},"9100_A2_ex1/9100_A2_ex1_00015":{"width":200,"height":200}},"9100_A2_ex1/9100_A2_ex1_1":{"9100_A2_ex1/9100_A2_ex1_00000":{"width":200,"height":200},"9100_A2_ex1/9100_A2_ex1_00001":{"width":200,"height":200},"9100_A2_ex1/9100_A2_ex1_00002":{"width":200,"height":200},"9100_A2_ex1/9100_A2_ex1_00003":{"width":200,"height":200},"9100_A2_ex1/9100_A2_ex1_00004":{"width":200,"height":200},"9100_A2_ex1/9100_A2_ex1_00005":{"width":200,"height":200},"9100_A2_ex1/9100_A2_ex1_00006":{"width":200,"height":200},"9100_A2_ex1/9100_A2_ex1_00007":{"width":200,"height":200},"9100_A2_ex1/9100_A2_ex1_00008":{"width":200,"height":200},"9100_A2_ex1/9100_A2_ex1_00009":{"width":200,"height":200},"9100_A2_ex1/9100_A2_ex1_00010":{"width":200,"height":200},"9100_A2_ex1/9100_A2_ex1_00011":{"width":200,"height":200},"9100_A2_ex1/9100_A2_ex1_00012":{"width":200,"height":200},"9100_A2_ex1/9100_A2_ex1_00013":{"width":200,"height":200},"9100_A2_ex1/9100_A2_ex1_00014":{"width":200,"height":200},"9100_A2_ex1/9100_A2_ex1_00015":{"width":200,"height":200}},"9100_A2_ex2/9100_A2_ex2_0":{"9100_A2_ex2/9100_A2_ex2_00000":{"width":200,"height":200},"9100_A2_ex2/9100_A2_ex2_00001":{"width":200,"height":200},"9100_A2_ex2/9100_A2_ex2_00002":{"width":200,"height":200},"9100_A2_ex2/9100_A2_ex2_00003":{"width":200,"height":200},"9100_A2_ex2/9100_A2_ex2_00004":{"width":200,"height":200},"9100_A2_ex2/9100_A2_ex2_00005":{"width":200,"height":200},"9100_A2_ex2/9100_A2_ex2_00006":{"width":200,"height":200},"9100_A2_ex2/9100_A2_ex2_00007":{"width":200,"height":200},"9100_A2_ex2/9100_A2_ex2_00008":{"width":200,"height":200},"9100_A2_ex2/9100_A2_ex2_00009":{"width":200,"height":200},"9100_A2_ex2/9100_A2_ex2_00010":{"width":200,"height":200},"9100_A2_ex2/9100_A2_ex2_00011":{"width":200,"height":200},"9100_A2_ex2/9100_A2_ex2_00012":{"width":200,"height":200}},"9100_A2_ex2/9100_A2_ex2_00000":{"9100_A2_ex2/9100_A2_ex2_00000":{"width":200,"height":200},"9100_A2_ex2/9100_A2_ex2_00001":{"width":200,"height":200},"9100_A2_ex2/9100_A2_ex2_00002":{"width":200,"height":200},"9100_A2_ex2/9100_A2_ex2_00003":{"width":200,"height":200},"9100_A2_ex2/9100_A2_ex2_00004":{"width":200,"height":200},"9100_A2_ex2/9100_A2_ex2_00005":{"width":200,"height":200},"9100_A2_ex2/9100_A2_ex2_00006":{"width":200,"height":200},"9100_A2_ex2/9100_A2_ex2_00007":{"width":200,"height":200},"9100_A2_ex2/9100_A2_ex2_00008":{"width":200,"height":200},"9100_A2_ex2/9100_A2_ex2_00009":{"width":200,"height":200},"9100_A2_ex2/9100_A2_ex2_00010":{"width":200,"height":200},"9100_A2_ex2/9100_A2_ex2_00011":{"width":200,"height":200},"9100_A2_ex2/9100_A2_ex2_00012":{"width":200,"height":200}},"9100_A2_ex2/9100_A2_ex2_1":{"9100_A2_ex2/9100_A2_ex2_00000":{"width":200,"height":200},"9100_A2_ex2/9100_A2_ex2_00001":{"width":200,"height":200},"9100_A2_ex2/9100_A2_ex2_00002":{"width":200,"height":200},"9100_A2_ex2/9100_A2_ex2_00003":{"width":200,"height":200},"9100_A2_ex2/9100_A2_ex2_00004":{"width":200,"height":200},"9100_A2_ex2/9100_A2_ex2_00005":{"width":200,"height":200},"9100_A2_ex2/9100_A2_ex2_00006":{"width":200,"height":200},"9100_A2_ex2/9100_A2_ex2_00007":{"width":200,"height":200},"9100_A2_ex2/9100_A2_ex2_00008":{"width":200,"height":200},"9100_A2_ex2/9100_A2_ex2_00009":{"width":200,"height":200},"9100_A2_ex2/9100_A2_ex2_00010":{"width":200,"height":200},"9100_A2_ex2/9100_A2_ex2_00011":{"width":200,"height":200},"9100_A2_ex2/9100_A2_ex2_00012":{"width":200,"height":200}},"9100_A3_slash1/9100_A3_slash1_00000":{"9100_A3_slash1/9100_A3_slash1_00000":{"width":250,"height":250},"9100_A3_slash1/9100_A3_slash1_00001":{"width":250,"height":250},"9100_A3_slash1/9100_A3_slash1_00002":{"width":250,"height":250},"9100_A3_slash1/9100_A3_slash1_00003":{"width":250,"height":250},"9100_A3_slash1/9100_A3_slash1_00004":{"width":250,"height":250},"9100_A3_slash1/9100_A3_slash1_00005":{"width":250,"height":250},"9100_A3_slash1/9100_A3_slash1_00006":{"width":250,"height":250},"9100_A3_slash1/9100_A3_slash1_00007":{"width":250,"height":250},"9100_A3_slash1/9100_A3_slash1_00008":{"width":250,"height":250}},"DAMAGEAREA":{"DAMAGEAREA":{"type":"boundingbox","vertices":[-64.51581,-66.25575,63.25992,-65.55177,63.61192,62.57596,-64.51581,63.98396]}}}},"events":{"EFEvent":{},"EFHit":{},"sound":{}},"animations":{"attack1":{"slots":{"9100_A2_ex1/9100_A2_ex1_0":{"attachment":[{"time":0.2,"name":"9100_A2_ex1/9100_A2_ex1_00000"},{"time":0.2333,"name":"9100_A2_ex1/9100_A2_ex1_00001"},{"time":0.2666,"name":"9100_A2_ex1/9100_A2_ex1_00002"},{"time":0.3,"name":"9100_A2_ex1/9100_A2_ex1_00003"},{"time":0.3333,"name":"9100_A2_ex1/9100_A2_ex1_00004"},{"time":0.3666,"name":"9100_A2_ex1/9100_A2_ex1_00005"},{"time":0.4,"name":"9100_A2_ex1/9100_A2_ex1_00006"},{"time":0.4333,"name":"9100_A2_ex1/9100_A2_ex1_00007"},{"time":0.4666,"name":"9100_A2_ex1/9100_A2_ex1_00008"},{"time":0.5,"name":"9100_A2_ex1/9100_A2_ex1_00009"},{"time":0.5333,"name":"9100_A2_ex1/9100_A2_ex1_00010"},{"time":0.5666,"name":"9100_A2_ex1/9100_A2_ex1_00011"},{"time":0.6,"name":"9100_A2_ex1/9100_A2_ex1_00012"},{"time":0.6333,"name":"9100_A2_ex1/9100_A2_ex1_00013"},{"time":0.6666,"name":"9100_A2_ex1/9100_A2_ex1_00014"},{"time":0.7,"name":"9100_A2_ex1/9100_A2_ex1_00015"},{"time":0.7333,"name":null}],"color":[{"time":0.5,"color":"ffffffff"},{"time":0.7333,"color":"ffffff00"}]},"9100_A2_ex1/9100_A2_ex1_00000":{"attachment":[{"time":0.1333,"name":"9100_A2_ex1/9100_A2_ex1_00000"},{"time":0.1666,"name":"9100_A2_ex1/9100_A2_ex1_00001"},{"time":0.2,"name":"9100_A2_ex1/9100_A2_ex1_00002"},{"time":0.2333,"name":"9100_A2_ex1/9100_A2_ex1_00003"},{"time":0.2666,"name":"9100_A2_ex1/9100_A2_ex1_00004"},{"time":0.3,"name":"9100_A2_ex1/9100_A2_ex1_00005"},{"time":0.3333,"name":"9100_A2_ex1/9100_A2_ex1_00006"},{"time":0.3666,"name":"9100_A2_ex1/9100_A2_ex1_00007"},{"time":0.4,"name":"9100_A2_ex1/9100_A2_ex1_00008"},{"time":0.4333,"name":"9100_A2_ex1/9100_A2_ex1_00009"},{"time":0.4666,"name":"9100_A2_ex1/9100_A2_ex1_00010"},{"time":0.5,"name":"9100_A2_ex1/9100_A2_ex1_00011"},{"time":0.5333,"name":"9100_A2_ex1/9100_A2_ex1_00012"},{"time":0.5666,"name":"9100_A2_ex1/9100_A2_ex1_00013"},{"time":0.6,"name":"9100_A2_ex1/9100_A2_ex1_00014"},{"time":0.6333,"name":"9100_A2_ex1/9100_A2_ex1_00015"},{"time":0.6666,"name":null}],"color":[{"time":0.4333,"color":"ffffffff"},{"time":0.6666,"color":"ffffff00"}]},"9100_A2_ex1/9100_A2_ex1_1":{"attachment":[{"time":0.2666,"name":"9100_A2_ex1/9100_A2_ex1_00000"},{"time":0.3,"name":"9100_A2_ex1/9100_A2_ex1_00001"},{"time":0.3333,"name":"9100_A2_ex1/9100_A2_ex1_00002"},{"time":0.3666,"name":"9100_A2_ex1/9100_A2_ex1_00003"},{"time":0.4,"name":"9100_A2_ex1/9100_A2_ex1_00004"},{"time":0.4333,"name":"9100_A2_ex1/9100_A2_ex1_00005"},{"time":0.4666,"name":"9100_A2_ex1/9100_A2_ex1_00006"},{"time":0.5,"name":"9100_A2_ex1/9100_A2_ex1_00007"},{"time":0.5333,"name":"9100_A2_ex1/9100_A2_ex1_00008"},{"time":0.5666,"name":"9100_A2_ex1/9100_A2_ex1_00009"},{"time":0.6,"name":"9100_A2_ex1/9100_A2_ex1_00010"},{"time":0.6333,"name":"9100_A2_ex1/9100_A2_ex1_00011"},{"time":0.6666,"name":"9100_A2_ex1/9100_A2_ex1_00012"},{"time":0.7,"name":"9100_A2_ex1/9100_A2_ex1_00013"},{"time":0.7333,"name":"9100_A2_ex1/9100_A2_ex1_00014"},{"time":0.7666,"name":"9100_A2_ex1/9100_A2_ex1_00015"},{"time":0.8,"name":null}],"color":[{"time":0.5666,"color":"ffffffff"},{"time":0.8,"color":"ffffff00"}]},"9100_A2_ex2/9100_A2_ex2_0":{"attachment":[{"time":0.2,"name":"9100_A2_ex2/9100_A2_ex2_00000"},{"time":0.2333,"name":"9100_A2_ex2/9100_A2_ex2_00001"},{"time":0.2666,"name":"9100_A2_ex2/9100_A2_ex2_00002"},{"time":0.3,"name":"9100_A2_ex2/9100_A2_ex2_00003"},{"time":0.3333,"name":"9100_A2_ex2/9100_A2_ex2_00004"},{"time":0.3666,"name":"9100_A2_ex2/9100_A2_ex2_00005"},{"time":0.4,"name":"9100_A2_ex2/9100_A2_ex2_00006"},{"time":0.4333,"name":"9100_A2_ex2/9100_A2_ex2_00007"},{"time":0.4666,"name":"9100_A2_ex2/9100_A2_ex2_00008"},{"time":0.5,"name":"9100_A2_ex2/9100_A2_ex2_00009"},{"time":0.5333,"name":"9100_A2_ex2/9100_A2_ex2_00010"},{"time":0.5666,"name":"9100_A2_ex2/9100_A2_ex2_00011"},{"time":0.6,"name":"9100_A2_ex2/9100_A2_ex2_00012"},{"time":0.6333,"name":null}]},"9100_A2_ex2/9100_A2_ex2_00000":{"attachment":[{"time":0.1333,"name":"9100_A2_ex2/9100_A2_ex2_00000"},{"time":0.1666,"name":"9100_A2_ex2/9100_A2_ex2_00001"},{"time":0.2,"name":"9100_A2_ex2/9100_A2_ex2_00002"},{"time":0.2333,"name":"9100_A2_ex2/9100_A2_ex2_00003"},{"time":0.2666,"name":"9100_A2_ex2/9100_A2_ex2_00004"},{"time":0.3,"name":"9100_A2_ex2/9100_A2_ex2_00005"},{"time":0.3333,"name":"9100_A2_ex2/9100_A2_ex2_00006"},{"time":0.3666,"name":"9100_A2_ex2/9100_A2_ex2_00007"},{"time":0.4,"name":"9100_A2_ex2/9100_A2_ex2_00008"},{"time":0.4333,"name":"9100_A2_ex2/9100_A2_ex2_00009"},{"time":0.4666,"name":"9100_A2_ex2/9100_A2_ex2_00010"},{"time":0.5,"name":"9100_A2_ex2/9100_A2_ex2_00011"},{"time":0.5333,"name":"9100_A2_ex2/9100_A2_ex2_00012"},{"time":0.5666,"name":null}]},"9100_A2_ex2/9100_A2_ex2_1":{"attachment":[{"time":0.2666,"name":"9100_A2_ex2/9100_A2_ex2_00000"},{"time":0.3,"name":"9100_A2_ex2/9100_A2_ex2_00001"},{"time":0.3333,"name":"9100_A2_ex2/9100_A2_ex2_00002"},{"time":0.3666,"name":"9100_A2_ex2/9100_A2_ex2_00003"},{"time":0.4,"name":"9100_A2_ex2/9100_A2_ex2_00004"},{"time":0.4333,"name":"9100_A2_ex2/9100_A2_ex2_00005"},{"time":0.4666,"name":"9100_A2_ex2/9100_A2_ex2_00006"},{"time":0.5,"name":"9100_A2_ex2/9100_A2_ex2_00007"},{"time":0.5333,"name":"9100_A2_ex2/9100_A2_ex2_00008"},{"time":0.5666,"name":"9100_A2_ex2/9100_A2_ex2_00009"},{"time":0.6,"name":"9100_A2_ex2/9100_A2_ex2_00010"},{"time":0.6333,"name":"9100_A2_ex2/9100_A2_ex2_00011"},{"time":0.6666,"name":"9100_A2_ex2/9100_A2_ex2_00012"},{"time":0.7,"name":null}]},"9100_A3_slash1/9100_A3_slash1_00000":{"attachment":[{"time":0.1333,"name":"9100_A3_slash1/9100_A3_slash1_00000"},{"time":0.1666,"name":"9100_A3_slash1/9100_A3_slash1_00001"},{"time":0.2,"name":"9100_A3_slash1/9100_A3_slash1_00002"},{"time":0.2333,"name":"9100_A3_slash1/9100_A3_slash1_00003"},{"time":0.2666,"name":"9100_A3_slash1/9100_A3_slash1_00004"},{"time":0.3,"name":"9100_A3_slash1/9100_A3_slash1_00005"},{"time":0.3333,"name":"9100_A3_slash1/9100_A3_slash1_00006"},{"time":0.3666,"name":"9100_A3_slash1/9100_A3_slash1_00007"},{"time":0.4,"name":"9100_A3_slash1/9100_A3_slash1_00008"},{"time":0.4333,"name":null}]},"DAMAGEAREA":{"attachment":[{"time":0.2,"name":"DAMAGEAREA"},{"time":0.4,"name":null}]}},"bones":{"A3_slash1":{"translate":[{"time":0,"x":-235.22,"y":88.01}],"scale":[{"time":0,"x":7.655,"y":2.905}]},"A2_ex2_3":{"translate":[{"time":0.2666,"x":56.13,"y":1.83}],"scale":[{"time":0.2666,"x":1.108,"y":1.237}]},"A2_ex1_3":{"translate":[{"time":0.2666,"x":56.12,"y":0}]},"A2_ex2_2":{"translate":[{"time":0.2,"x":37.48,"y":0}],"scale":[{"time":0.2,"x":1.162,"y":1.162}]},"A2_ex1_2":{"translate":[{"time":0.2,"x":37.47,"y":0}]},"A2_ex2":{"translate":[{"time":0.1333,"x":11.11,"y":-1.85}],"scale":[{"time":0.1333,"x":1.105,"y":0.995}]},"A2_ex1":{"translate":[{"time":0.1333,"x":11.11,"y":0}]},"A2_ex1_root":{"translate":[{"time":0.1333,"x":201.74,"y":367.42}],"scale":[{"time":0.1333,"x":4.5,"y":4.5}]},"A2_ex2_root":{"translate":[{"time":0.1333,"x":85.3,"y":356.72}],"scale":[{"time":0.1333,"x":4.5,"y":4.5}]},"EF":{"translate":[{"time":0,"x":41.29,"y":74.99}],"scale":[{"time":0,"x":-1,"y":1}]},"MAIN":{"scale":[{"time":0,"x":0.9,"y":0.9}]},"DAMAGEAREA":{"translate":[{"time":0.2,"x":0,"y":82.58}],"scale":[{"time":0.2,"x":6.945,"y":1.99}]}},"events":[{"time":0,"name":"EFEvent","float":0.1,"string":"kHitStopType-normal"},{"time":0.0333,"name":"EFEvent","string":"setHitBackEnemy(25,5)"},{"time":0.0666,"name":"EFEvent","string":"kImpactType-knock"},{"time":0.1,"name":"EFEvent","string":"setForceImpact(1)"},{"time":0.1333,"name":"sound","string":"cri_se_battle_skill_swish"},{"time":0.1666,"name":"sound","string":"cri_se_battle_030_explosion_02"},{"time":0.2333,"name":"EFEvent","float":0.1,"string":"kHitStopType-enemyonly"},{"time":0.2666,"name":"EFEvent","float":0.5,"string":"resetHitList"},{"time":0.3333,"name":"EFEvent","float":0.5,"string":"resetHitList"}]}}}