{"skeleton":{"hash":"lA/YwT1dOtKnDphoNp/WF5fBjZg","spine":"3.0.12","width":0,"height":0,"images":"./images/"},"bones":[{"name":"root"},{"name":"MAIN","parent":"root"},{"name":"S_A_attackD2","parent":"MAIN","x":308.21,"y":242.43,"scaleX":3,"scaleY":3,"color":"ff1b00ff"},{"name":"S_A_attackD1","parent":"MAIN","x":308.21,"y":318.11,"scaleX":3,"scaleY":3,"color":"ff1b00ff"},{"name":"S_A_attack3","parent":"MAIN","x":823.78,"y":553.36,"color":"ff0300ff"},{"name":"S_A_attack2","parent":"MAIN","x":704.16,"y":554.45,"scaleX":1.991,"scaleY":1.991,"color":"ff1000ff"},{"name":"S_A_attack1","parent":"MAIN","x":576.65,"y":554.54,"scaleX":2.003,"scaleY":2.003,"color":"ff0800ff"},{"name":"DAMAGEAREA","parent":"root"}],"slots":[{"name":"S2_attack1_00","bone":"S_A_attack1","blend":"additive"},{"name":"S2_attack2_00","bone":"S_A_attack2","blend":"additive"},{"name":"EF/5140_S2_attack3/5140_S2_attack3_00000","bone":"S_A_attack3","blend":"additive"},{"name":"EF/5140_S2_attack4/5140_S2_attack4_00002","bone":"S_A_attackD1","blend":"additive"},{"name":"EF/5140_S2_attack4/5140_S2_attack4_2","bone":"S_A_attackD2","blend":"additive"},{"name":"DAMAGEAREA","bone":"DAMAGEAREA"}],"skins":{"default":{"DAMAGEAREA":{"DAMAGEAREA":{"type":"boundingbox","vertices":[-32.37713,-32.6259,32.47482,-32.6259,31.42883,32.74905,-31.33114,32.22607]}},"EF/5140_S2_attack3/5140_S2_attack3_00000":{"EF/5140_S2_attack3/5140_S2_attack3_00000":{"x":1.96,"y":-2.3,"width":250,"height":250},"EF/5140_S2_attack3/5140_S2_attack3_00001":{"x":3.59,"y":-2.3,"width":250,"height":250},"EF/5140_S2_attack3/5140_S2_attack3_00002":{"x":5.77,"y":-2.3,"width":250,"height":250},"EF/5140_S2_attack3/5140_S2_attack3_00003":{"x":8.22,"y":-2.3,"width":250,"height":250}},"EF/5140_S2_attack4/5140_S2_attack4_00002":{"EF/5140_S2_attack4/5140_S2_attack4_00002":{"x":24.18,"y":-5.1,"width":250,"height":250},"EF/5140_S2_attack4/5140_S2_attack4_00003":{"x":24.18,"y":-5.1,"width":250,"height":250},"EF/5140_S2_attack4/5140_S2_attack4_00004":{"x":24.18,"y":-5.1,"width":250,"height":250},"EF/5140_S2_attack4/5140_S2_attack4_00005":{"x":24.18,"y":-5.1,"width":250,"height":250},"EF/5140_S2_attack4/5140_S2_attack4_00006":{"x":24.18,"y":-5.1,"width":250,"height":250}},"EF/5140_S2_attack4/5140_S2_attack4_2":{"EF/5140_S2_attack4/5140_S2_attack4_00002":{"x":24.18,"y":5.1,"scaleY":-1,"width":250,"height":250},"EF/5140_S2_attack4/5140_S2_attack4_00003":{"x":24.18,"y":5.1,"scaleY":-1,"width":250,"height":250},"EF/5140_S2_attack4/5140_S2_attack4_00004":{"x":24.18,"y":5.1,"scaleY":-1,"width":250,"height":250},"EF/5140_S2_attack4/5140_S2_attack4_00005":{"x":24.18,"y":5.1,"scaleY":-1,"width":250,"height":250},"EF/5140_S2_attack4/5140_S2_attack4_00006":{"x":24.18,"y":5.1,"scaleY":-1,"width":250,"height":250}},"S2_attack1_00":{"EF/5140_S2_attack1/5140_S2_attack1_00002":{"x":-22.04,"y":1.56,"width":250,"height":250}},"S2_attack2_00":{"EF/5140_S2_attack2/5140_S2_attack2_00000":{"x":14,"y":-4.41,"width":250,"height":250},"EF/5140_S2_attack2/5140_S2_attack2_00001":{"x":14.49,"y":-4.41,"width":250,"height":250},"EF/5140_S2_attack2/5140_S2_attack2_00002":{"x":14.49,"y":-4.41,"width":250,"height":250},"EF/5140_S2_attack2/5140_S2_attack2_00003":{"x":14.49,"y":-4.41,"width":250,"height":250},"EF/5140_S2_attack2/5140_S2_attack2_00004":{"x":14.49,"y":-4.41,"width":250,"height":250},"EF/5140_S2_attack2/5140_S2_attack2_00005":{"x":14.49,"y":-4.41,"width":250,"height":250}}}},"events":{"event":{},"sound":{}},"animations":{"attack1":{"slots":{"DAMAGEAREA":{"attachment":[{"time":0.1,"name":"DAMAGEAREA"},{"time":0.2,"name":null}]},"EF/5140_S2_attack3/5140_S2_attack3_00000":{"attachment":[{"time":0.0666,"name":"EF/5140_S2_attack3/5140_S2_attack3_00000"},{"time":0.1,"name":"EF/5140_S2_attack3/5140_S2_attack3_00001"},{"time":0.1333,"name":"EF/5140_S2_attack3/5140_S2_attack3_00002"},{"time":0.1666,"name":"EF/5140_S2_attack3/5140_S2_attack3_00003"},{"time":0.2,"name":null}]},"EF/5140_S2_attack4/5140_S2_attack4_00002":{"attachment":[{"time":0.0666,"name":"EF/5140_S2_attack4/5140_S2_attack4_00002"},{"time":0.1,"name":"EF/5140_S2_attack4/5140_S2_attack4_00003"},{"time":0.1333,"name":"EF/5140_S2_attack4/5140_S2_attack4_00004"},{"time":0.1666,"name":"EF/5140_S2_attack4/5140_S2_attack4_00005"},{"time":0.2,"name":"EF/5140_S2_attack4/5140_S2_attack4_00006"},{"time":0.2333,"name":null}]},"EF/5140_S2_attack4/5140_S2_attack4_2":{"attachment":[{"time":0.0666,"name":"EF/5140_S2_attack4/5140_S2_attack4_00002"},{"time":0.1,"name":"EF/5140_S2_attack4/5140_S2_attack4_00003"},{"time":0.1333,"name":"EF/5140_S2_attack4/5140_S2_attack4_00004"},{"time":0.1666,"name":"EF/5140_S2_attack4/5140_S2_attack4_00005"},{"time":0.2,"name":"EF/5140_S2_attack4/5140_S2_attack4_00006"},{"time":0.2333,"name":null}]},"S2_attack1_00":{"attachment":[{"time":0.0666,"name":"EF/5140_S2_attack1/5140_S2_attack1_00002"},{"time":0.1666,"name":null}]},"S2_attack2_00":{"attachment":[{"time":0.0666,"name":"EF/5140_S2_attack2/5140_S2_attack2_00000"},{"time":0.1,"name":"EF/5140_S2_attack2/5140_S2_attack2_00001"},{"time":0.1333,"name":"EF/5140_S2_attack2/5140_S2_attack2_00002"},{"time":0.1666,"name":"EF/5140_S2_attack2/5140_S2_attack2_00003"},{"time":0.2,"name":"EF/5140_S2_attack2/5140_S2_attack2_00004"},{"time":0.2333,"name":"EF/5140_S2_attack2/5140_S2_attack2_00005"},{"time":0.2666,"name":null}]}},"bones":{"S_A_attack1":{"translate":[{"time":0.0666,"x":-771.47,"y":-491.95}],"scale":[{"time":0.0666,"x":1.912,"y":0.798,"curve":"stepped"},{"time":0.1,"x":1.912,"y":1.845},{"time":0.1666,"x":1.912,"y":0.286}]},"S_A_attack2":{"translate":[{"time":0.0666,"x":-984.26,"y":-493.5}],"scale":[{"time":0.0666,"x":1.506,"y":1.004}]},"S_A_attack3":{"translate":[{"time":0.0666,"x":-1020.4,"y":-491.49}],"scale":[{"time":0.0666,"x":3,"y":3}]},"S_A_attackD1":{"translate":[{"time":0.0666,"x":-513.91,"y":-192.91}],"scale":[{"time":0.0666,"x":0.837,"y":0.837}]},"S_A_attackD2":{"translate":[{"time":0.0666,"x":-507.32,"y":-228.72}],"scale":[{"time":0.0666,"x":0.838,"y":0.838}]},"DAMAGEAREA":{"translate":[{"time":0.1,"x":-242.72,"y":46.89}],"scale":[{"time":0.1,"x":9.694,"y":2.496},{"time":0.2,"x":6.445,"y":1.659}]},"MAIN":{"translate":[{"time":0,"x":147.37,"y":-20.09}],"scale":[{"time":0,"x":1.5,"y":1}]}},"events":[{"time":0,"name":"event","float":0.1,"string":"kHitStopType-normal"},{"time":0.0666,"name":"sound","string":"cri_se_battle_033_explosion_element_01"}]}}}