{"skeleton":{"hash":"hnhMIHKBm8q3jKgwXbURPGXIGOo","spine":"3.0.12","width":0,"height":0},"bones":[{"name":"root"},{"name":"MAIN","parent":"root"},{"name":"130_S2_ex4","parent":"MAIN"},{"name":"130_S2_ex3","parent":"MAIN"},{"name":"130_S2_ex2","parent":"MAIN"},{"name":"130_S2_ex1","parent":"MAIN"},{"name":"130_S1_wave4","parent":"MAIN"},{"name":"130_S1_wave3","parent":"MAIN"},{"name":"130_S1_wave2","parent":"MAIN"},{"name":"130_S1_wave1","parent":"MAIN"},{"name":"130_S1_lightning4","parent":"MAIN"},{"name":"130_S1_lightning3","parent":"MAIN"},{"name":"130_S1_lightning2","parent":"MAIN"},{"name":"130_S1_lightning1","parent":"MAIN"},{"name":"DAMAGEAREA","parent":"root"}],"slots":[{"name":"EF/130_S1_lightning1/130_S1_lightning1_00000","bone":"130_S1_lightning1","blend":"additive"},{"name":"EF/130_S1_lightning1/130_S1_lightning1_0","bone":"130_S1_lightning2","blend":"additive"},{"name":"EF/130_S1_lightning1/130_S1_lightning1_1","bone":"130_S1_lightning3","blend":"additive"},{"name":"EF/130_S1_lightning1/130_S1_lightning1_2","bone":"130_S1_lightning4","blend":"additive"},{"name":"EF/130_S1_wave1/130_S1_wave1_00000","bone":"130_S1_wave1","blend":"additive"},{"name":"EF/130_S1_wave1/130_S1_wave1_0","bone":"130_S1_wave2","blend":"additive"},{"name":"EF/130_S1_wave1/130_S1_wave1_1","bone":"130_S1_wave3","blend":"additive"},{"name":"EF/130_S1_wave1/130_S1_wave1_2","bone":"130_S1_wave4","blend":"additive"},{"name":"EF/130_S2_ex1/130_S2_ex1_00000","bone":"130_S2_ex1","blend":"additive"},{"name":"EF/130_S2_ex1/130_S2_ex1_0","bone":"130_S2_ex2","blend":"additive"},{"name":"EF/130_S2_ex1/130_S2_ex1_1","bone":"130_S2_ex3","blend":"additive"},{"name":"EF/130_S2_ex1/130_S2_ex1_2","bone":"130_S2_ex4","blend":"additive"},{"name":"DAMAGEAREA","bone":"DAMAGEAREA"}],"skins":{"default":{"DAMAGEAREA":{"DAMAGEAREA":{"type":"boundingbox","vertices":[-103.80771,98.01089,-100.44376,-97.90199,97.01312,-99.01199,97.84208,97.75489]}},"EF/130_S1_lightning1/130_S1_lightning1_0":{"EF/130_S1_lightning1/130_S1_lightning1_00000":{"width":250,"height":250},"EF/130_S1_lightning1/130_S1_lightning1_00001":{"width":250,"height":250},"EF/130_S1_lightning1/130_S1_lightning1_00002":{"width":250,"height":250},"EF/130_S1_lightning1/130_S1_lightning1_00003":{"width":250,"height":250},"EF/130_S1_lightning1/130_S1_lightning1_00004":{"width":250,"height":250},"EF/130_S1_lightning1/130_S1_lightning1_00005":{"width":250,"height":250},"EF/130_S1_lightning1/130_S1_lightning1_00006":{"width":250,"height":250}},"EF/130_S1_lightning1/130_S1_lightning1_00000":{"EF/130_S1_lightning1/130_S1_lightning1_00000":{"width":250,"height":250},"EF/130_S1_lightning1/130_S1_lightning1_00001":{"width":250,"height":250},"EF/130_S1_lightning1/130_S1_lightning1_00002":{"width":250,"height":250},"EF/130_S1_lightning1/130_S1_lightning1_00003":{"width":250,"height":250},"EF/130_S1_lightning1/130_S1_lightning1_00004":{"width":250,"height":250},"EF/130_S1_lightning1/130_S1_lightning1_00005":{"width":250,"height":250},"EF/130_S1_lightning1/130_S1_lightning1_00006":{"width":250,"height":250}},"EF/130_S1_lightning1/130_S1_lightning1_1":{"EF/130_S1_lightning1/130_S1_lightning1_00000":{"width":250,"height":250},"EF/130_S1_lightning1/130_S1_lightning1_00001":{"width":250,"height":250},"EF/130_S1_lightning1/130_S1_lightning1_00002":{"width":250,"height":250},"EF/130_S1_lightning1/130_S1_lightning1_00003":{"width":250,"height":250},"EF/130_S1_lightning1/130_S1_lightning1_00004":{"width":250,"height":250},"EF/130_S1_lightning1/130_S1_lightning1_00005":{"width":250,"height":250},"EF/130_S1_lightning1/130_S1_lightning1_00006":{"width":250,"height":250}},"EF/130_S1_lightning1/130_S1_lightning1_2":{"EF/130_S1_lightning1/130_S1_lightning1_00000":{"width":250,"height":250},"EF/130_S1_lightning1/130_S1_lightning1_00001":{"width":250,"height":250},"EF/130_S1_lightning1/130_S1_lightning1_00002":{"width":250,"height":250},"EF/130_S1_lightning1/130_S1_lightning1_00003":{"width":250,"height":250},"EF/130_S1_lightning1/130_S1_lightning1_00004":{"width":250,"height":250},"EF/130_S1_lightning1/130_S1_lightning1_00005":{"width":250,"height":250},"EF/130_S1_lightning1/130_S1_lightning1_00006":{"width":250,"height":250}},"EF/130_S1_wave1/130_S1_wave1_0":{"EF/130_S1_wave1/130_S1_wave1_00000":{"width":175,"height":175},"EF/130_S1_wave1/130_S1_wave1_00002":{"width":175,"height":175},"EF/130_S1_wave1/130_S1_wave1_00004":{"width":175,"height":175},"EF/130_S1_wave1/130_S1_wave1_00005":{"width":175,"height":175},"EF/130_S1_wave1/130_S1_wave1_00006":{"width":175,"height":175},"EF/130_S1_wave1/130_S1_wave1_00007":{"width":175,"height":175},"EF/130_S1_wave1/130_S1_wave1_00008":{"width":175,"height":175},"EF/130_S1_wave1/130_S1_wave1_00010":{"width":175,"height":175}},"EF/130_S1_wave1/130_S1_wave1_00000":{"EF/130_S1_wave1/130_S1_wave1_00000":{"width":175,"height":175},"EF/130_S1_wave1/130_S1_wave1_00002":{"width":175,"height":175},"EF/130_S1_wave1/130_S1_wave1_00004":{"width":175,"height":175},"EF/130_S1_wave1/130_S1_wave1_00005":{"width":175,"height":175},"EF/130_S1_wave1/130_S1_wave1_00006":{"width":175,"height":175},"EF/130_S1_wave1/130_S1_wave1_00007":{"width":175,"height":175},"EF/130_S1_wave1/130_S1_wave1_00008":{"width":175,"height":175},"EF/130_S1_wave1/130_S1_wave1_00010":{"width":175,"height":175}},"EF/130_S1_wave1/130_S1_wave1_1":{"EF/130_S1_wave1/130_S1_wave1_00000":{"width":175,"height":175},"EF/130_S1_wave1/130_S1_wave1_00002":{"width":175,"height":175},"EF/130_S1_wave1/130_S1_wave1_00004":{"width":175,"height":175},"EF/130_S1_wave1/130_S1_wave1_00005":{"width":175,"height":175},"EF/130_S1_wave1/130_S1_wave1_00006":{"width":175,"height":175},"EF/130_S1_wave1/130_S1_wave1_00007":{"width":175,"height":175},"EF/130_S1_wave1/130_S1_wave1_00008":{"width":175,"height":175},"EF/130_S1_wave1/130_S1_wave1_00010":{"width":175,"height":175}},"EF/130_S1_wave1/130_S1_wave1_2":{"EF/130_S1_wave1/130_S1_wave1_00000":{"width":175,"height":175},"EF/130_S1_wave1/130_S1_wave1_00002":{"width":175,"height":175},"EF/130_S1_wave1/130_S1_wave1_00004":{"width":175,"height":175},"EF/130_S1_wave1/130_S1_wave1_00005":{"width":175,"height":175},"EF/130_S1_wave1/130_S1_wave1_00006":{"width":175,"height":175},"EF/130_S1_wave1/130_S1_wave1_00007":{"width":175,"height":175},"EF/130_S1_wave1/130_S1_wave1_00008":{"width":175,"height":175},"EF/130_S1_wave1/130_S1_wave1_00010":{"width":175,"height":175}},"EF/130_S2_ex1/130_S2_ex1_0":{"EF/130_S2_ex1/130_S2_ex1_00000":{"width":200,"height":200},"EF/130_S2_ex1/130_S2_ex1_00001":{"width":200,"height":200},"EF/130_S2_ex1/130_S2_ex1_00003":{"width":200,"height":200},"EF/130_S2_ex1/130_S2_ex1_00004":{"width":200,"height":200},"EF/130_S2_ex1/130_S2_ex1_00005":{"width":200,"height":200},"EF/130_S2_ex1/130_S2_ex1_00006":{"width":200,"height":200},"EF/130_S2_ex1/130_S2_ex1_00008":{"width":200,"height":200},"EF/130_S2_ex1/130_S2_ex1_00009":{"width":200,"height":200},"EF/130_S2_ex1/130_S2_ex1_00010":{"width":200,"height":200},"EF/130_S2_ex1/130_S2_ex1_00012":{"width":200,"height":200},"EF/130_S2_ex1/130_S2_ex1_00013":{"width":200,"height":200}},"EF/130_S2_ex1/130_S2_ex1_00000":{"EF/130_S2_ex1/130_S2_ex1_00000":{"width":200,"height":200},"EF/130_S2_ex1/130_S2_ex1_00001":{"width":200,"height":200},"EF/130_S2_ex1/130_S2_ex1_00003":{"width":200,"height":200},"EF/130_S2_ex1/130_S2_ex1_00004":{"width":200,"height":200},"EF/130_S2_ex1/130_S2_ex1_00005":{"width":200,"height":200},"EF/130_S2_ex1/130_S2_ex1_00006":{"width":200,"height":200},"EF/130_S2_ex1/130_S2_ex1_00008":{"width":200,"height":200},"EF/130_S2_ex1/130_S2_ex1_00009":{"width":200,"height":200},"EF/130_S2_ex1/130_S2_ex1_00010":{"width":200,"height":200},"EF/130_S2_ex1/130_S2_ex1_00012":{"width":200,"height":200},"EF/130_S2_ex1/130_S2_ex1_00013":{"width":200,"height":200}},"EF/130_S2_ex1/130_S2_ex1_1":{"EF/130_S2_ex1/130_S2_ex1_00000":{"width":200,"height":200},"EF/130_S2_ex1/130_S2_ex1_00001":{"width":200,"height":200},"EF/130_S2_ex1/130_S2_ex1_00003":{"width":200,"height":200},"EF/130_S2_ex1/130_S2_ex1_00004":{"width":200,"height":200},"EF/130_S2_ex1/130_S2_ex1_00005":{"width":200,"height":200},"EF/130_S2_ex1/130_S2_ex1_00006":{"width":200,"height":200},"EF/130_S2_ex1/130_S2_ex1_00008":{"width":200,"height":200},"EF/130_S2_ex1/130_S2_ex1_00009":{"width":200,"height":200},"EF/130_S2_ex1/130_S2_ex1_00010":{"width":200,"height":200},"EF/130_S2_ex1/130_S2_ex1_00012":{"width":200,"height":200},"EF/130_S2_ex1/130_S2_ex1_00013":{"width":200,"height":200}},"EF/130_S2_ex1/130_S2_ex1_2":{"EF/130_S2_ex1/130_S2_ex1_00000":{"width":200,"height":200},"EF/130_S2_ex1/130_S2_ex1_00001":{"width":200,"height":200},"EF/130_S2_ex1/130_S2_ex1_00003":{"width":200,"height":200},"EF/130_S2_ex1/130_S2_ex1_00004":{"width":200,"height":200},"EF/130_S2_ex1/130_S2_ex1_00005":{"width":200,"height":200},"EF/130_S2_ex1/130_S2_ex1_00006":{"width":200,"height":200},"EF/130_S2_ex1/130_S2_ex1_00008":{"width":200,"height":200},"EF/130_S2_ex1/130_S2_ex1_00009":{"width":200,"height":200},"EF/130_S2_ex1/130_S2_ex1_00010":{"width":200,"height":200},"EF/130_S2_ex1/130_S2_ex1_00012":{"width":200,"height":200},"EF/130_S2_ex1/130_S2_ex1_00013":{"width":200,"height":200}}}},"events":{"Event":{},"Hit":{},"Sound1":{},"Sound2":{}},"animations":{"attack1":{"slots":{"DAMAGEAREA":{"attachment":[{"time":0.0333,"name":"DAMAGEAREA"},{"time":0.7666,"name":null}]},"EF/130_S1_lightning1/130_S1_lightning1_00000":{"attachment":[{"time":0,"name":"EF/130_S1_lightning1/130_S1_lightning1_00000"},{"time":0.0333,"name":"EF/130_S1_lightning1/130_S1_lightning1_00001"},{"time":0.0666,"name":"EF/130_S1_lightning1/130_S1_lightning1_00002"},{"time":0.1,"name":"EF/130_S1_lightning1/130_S1_lightning1_00003"},{"time":0.1333,"name":"EF/130_S1_lightning1/130_S1_lightning1_00004"},{"time":0.1666,"name":"EF/130_S1_lightning1/130_S1_lightning1_00005"},{"time":0.2,"name":"EF/130_S1_lightning1/130_S1_lightning1_00006"},{"time":0.2333,"name":null},{"time":0.3333,"name":"EF/130_S1_lightning1/130_S1_lightning1_00000"},{"time":0.3666,"name":"EF/130_S1_lightning1/130_S1_lightning1_00001"},{"time":0.4,"name":"EF/130_S1_lightning1/130_S1_lightning1_00002"},{"time":0.4333,"name":"EF/130_S1_lightning1/130_S1_lightning1_00003"},{"time":0.4666,"name":"EF/130_S1_lightning1/130_S1_lightning1_00004"},{"time":0.5,"name":"EF/130_S1_lightning1/130_S1_lightning1_00005"},{"time":0.5333,"name":"EF/130_S1_lightning1/130_S1_lightning1_00006"},{"time":0.5666,"name":null}],"color":[{"time":0.1666,"color":"ffffffff"},{"time":0.2333,"color":"ffffff00","curve":"stepped"},{"time":0.3333,"color":"ffffffff"}]},"EF/130_S1_lightning1/130_S1_lightning1_0":{"attachment":[{"time":0.0666,"name":"EF/130_S1_lightning1/130_S1_lightning1_00000"},{"time":0.1,"name":"EF/130_S1_lightning1/130_S1_lightning1_00001"},{"time":0.1333,"name":"EF/130_S1_lightning1/130_S1_lightning1_00002"},{"time":0.1666,"name":"EF/130_S1_lightning1/130_S1_lightning1_00003"},{"time":0.2,"name":"EF/130_S1_lightning1/130_S1_lightning1_00004"},{"time":0.2333,"name":"EF/130_S1_lightning1/130_S1_lightning1_00005"},{"time":0.2666,"name":"EF/130_S1_lightning1/130_S1_lightning1_00006"},{"time":0.3,"name":null},{"time":0.4,"name":"EF/130_S1_lightning1/130_S1_lightning1_00000"},{"time":0.4333,"name":"EF/130_S1_lightning1/130_S1_lightning1_00001"},{"time":0.4666,"name":"EF/130_S1_lightning1/130_S1_lightning1_00002"},{"time":0.5,"name":"EF/130_S1_lightning1/130_S1_lightning1_00003"},{"time":0.5333,"name":"EF/130_S1_lightning1/130_S1_lightning1_00004"},{"time":0.5666,"name":"EF/130_S1_lightning1/130_S1_lightning1_00005"},{"time":0.6,"name":"EF/130_S1_lightning1/130_S1_lightning1_00006"},{"time":0.6333,"name":null}],"color":[{"time":0.2333,"color":"ffffffff"},{"time":0.3,"color":"ffffff00","curve":"stepped"},{"time":0.4,"color":"ffffffff"}]},"EF/130_S1_lightning1/130_S1_lightning1_1":{"attachment":[{"time":0.1333,"name":"EF/130_S1_lightning1/130_S1_lightning1_00000"},{"time":0.1666,"name":"EF/130_S1_lightning1/130_S1_lightning1_00001"},{"time":0.2,"name":"EF/130_S1_lightning1/130_S1_lightning1_00002"},{"time":0.2333,"name":"EF/130_S1_lightning1/130_S1_lightning1_00003"},{"time":0.2666,"name":"EF/130_S1_lightning1/130_S1_lightning1_00004"},{"time":0.3,"name":"EF/130_S1_lightning1/130_S1_lightning1_00005"},{"time":0.3333,"name":"EF/130_S1_lightning1/130_S1_lightning1_00006"},{"time":0.3666,"name":null},{"time":0.4666,"name":"EF/130_S1_lightning1/130_S1_lightning1_00000"},{"time":0.5,"name":"EF/130_S1_lightning1/130_S1_lightning1_00001"},{"time":0.5333,"name":"EF/130_S1_lightning1/130_S1_lightning1_00002"},{"time":0.5666,"name":"EF/130_S1_lightning1/130_S1_lightning1_00003"},{"time":0.6,"name":"EF/130_S1_lightning1/130_S1_lightning1_00004"},{"time":0.6333,"name":"EF/130_S1_lightning1/130_S1_lightning1_00005"},{"time":0.6666,"name":"EF/130_S1_lightning1/130_S1_lightning1_00006"},{"time":0.7,"name":null}],"color":[{"time":0.3,"color":"ffffffff"},{"time":0.3666,"color":"ffffff00","curve":"stepped"},{"time":0.4666,"color":"ffffffff"}]},"EF/130_S1_lightning1/130_S1_lightning1_2":{"attachment":[{"time":0.2,"name":"EF/130_S1_lightning1/130_S1_lightning1_00000"},{"time":0.2333,"name":"EF/130_S1_lightning1/130_S1_lightning1_00001"},{"time":0.2666,"name":"EF/130_S1_lightning1/130_S1_lightning1_00002"},{"time":0.3,"name":"EF/130_S1_lightning1/130_S1_lightning1_00003"},{"time":0.3333,"name":"EF/130_S1_lightning1/130_S1_lightning1_00004"},{"time":0.3666,"name":"EF/130_S1_lightning1/130_S1_lightning1_00005"},{"time":0.4,"name":"EF/130_S1_lightning1/130_S1_lightning1_00006"},{"time":0.4333,"name":null},{"time":0.5666,"name":"EF/130_S1_lightning1/130_S1_lightning1_00000"},{"time":0.6,"name":"EF/130_S1_lightning1/130_S1_lightning1_00001"},{"time":0.6333,"name":"EF/130_S1_lightning1/130_S1_lightning1_00002"},{"time":0.6666,"name":"EF/130_S1_lightning1/130_S1_lightning1_00003"},{"time":0.7,"name":"EF/130_S1_lightning1/130_S1_lightning1_00004"},{"time":0.7333,"name":"EF/130_S1_lightning1/130_S1_lightning1_00005"},{"time":0.7666,"name":"EF/130_S1_lightning1/130_S1_lightning1_00006"},{"time":0.8,"name":null}],"color":[{"time":0.3666,"color":"ffffffff"},{"time":0.4333,"color":"ffffff00","curve":"stepped"},{"time":0.5666,"color":"ffffffff"}]},"EF/130_S1_wave1/130_S1_wave1_00000":{"attachment":[{"time":0.0333,"name":"EF/130_S1_wave1/130_S1_wave1_00000"},{"time":0.0666,"name":"EF/130_S1_wave1/130_S1_wave1_00002"},{"time":0.1333,"name":"EF/130_S1_wave1/130_S1_wave1_00004"},{"time":0.1666,"name":"EF/130_S1_wave1/130_S1_wave1_00005"},{"time":0.2,"name":"EF/130_S1_wave1/130_S1_wave1_00006"},{"time":0.2333,"name":"EF/130_S1_wave1/130_S1_wave1_00007"},{"time":0.2666,"name":"EF/130_S1_wave1/130_S1_wave1_00008"},{"time":0.3,"name":"EF/130_S1_wave1/130_S1_wave1_00010"},{"time":0.3333,"name":null},{"time":0.3666,"name":"EF/130_S1_wave1/130_S1_wave1_00000"},{"time":0.4333,"name":"EF/130_S1_wave1/130_S1_wave1_00002"},{"time":0.5,"name":"EF/130_S1_wave1/130_S1_wave1_00004"},{"time":0.5333,"name":"EF/130_S1_wave1/130_S1_wave1_00005"},{"time":0.5666,"name":"EF/130_S1_wave1/130_S1_wave1_00006"},{"time":0.6333,"name":"EF/130_S1_wave1/130_S1_wave1_00007"},{"time":0.6666,"name":"EF/130_S1_wave1/130_S1_wave1_00008"},{"time":0.7,"name":"EF/130_S1_wave1/130_S1_wave1_00010"},{"time":0.7333,"name":null}]},"EF/130_S1_wave1/130_S1_wave1_0":{"attachment":[{"time":0.1,"name":"EF/130_S1_wave1/130_S1_wave1_00000"},{"time":0.1333,"name":"EF/130_S1_wave1/130_S1_wave1_00002"},{"time":0.2,"name":"EF/130_S1_wave1/130_S1_wave1_00004"},{"time":0.2333,"name":"EF/130_S1_wave1/130_S1_wave1_00005"},{"time":0.2666,"name":"EF/130_S1_wave1/130_S1_wave1_00006"},{"time":0.3,"name":"EF/130_S1_wave1/130_S1_wave1_00007"},{"time":0.3333,"name":"EF/130_S1_wave1/130_S1_wave1_00008"},{"time":0.3666,"name":"EF/130_S1_wave1/130_S1_wave1_00010"},{"time":0.4,"name":null},{"time":0.4333,"name":"EF/130_S1_wave1/130_S1_wave1_00000"},{"time":0.5,"name":"EF/130_S1_wave1/130_S1_wave1_00002"},{"time":0.5666,"name":"EF/130_S1_wave1/130_S1_wave1_00004"},{"time":0.6,"name":"EF/130_S1_wave1/130_S1_wave1_00005"},{"time":0.6333,"name":"EF/130_S1_wave1/130_S1_wave1_00006"},{"time":0.7,"name":"EF/130_S1_wave1/130_S1_wave1_00007"},{"time":0.7333,"name":"EF/130_S1_wave1/130_S1_wave1_00008"},{"time":0.7666,"name":"EF/130_S1_wave1/130_S1_wave1_00010"},{"time":0.8,"name":null}]},"EF/130_S1_wave1/130_S1_wave1_1":{"attachment":[{"time":0.1666,"name":"EF/130_S1_wave1/130_S1_wave1_00000"},{"time":0.2333,"name":"EF/130_S1_wave1/130_S1_wave1_00002"},{"time":0.2666,"name":"EF/130_S1_wave1/130_S1_wave1_00004"},{"time":0.3,"name":"EF/130_S1_wave1/130_S1_wave1_00005"},{"time":0.3333,"name":"EF/130_S1_wave1/130_S1_wave1_00006"},{"time":0.3666,"name":"EF/130_S1_wave1/130_S1_wave1_00007"},{"time":0.4,"name":"EF/130_S1_wave1/130_S1_wave1_00008"},{"time":0.4333,"name":"EF/130_S1_wave1/130_S1_wave1_00010"},{"time":0.4666,"name":null},{"time":0.5,"name":"EF/130_S1_wave1/130_S1_wave1_00000"},{"time":0.5666,"name":"EF/130_S1_wave1/130_S1_wave1_00002"},{"time":0.6,"name":"EF/130_S1_wave1/130_S1_wave1_00004"},{"time":0.6666,"name":"EF/130_S1_wave1/130_S1_wave1_00005"},{"time":0.7,"name":"EF/130_S1_wave1/130_S1_wave1_00006"},{"time":0.7333,"name":"EF/130_S1_wave1/130_S1_wave1_00007"},{"time":0.7666,"name":"EF/130_S1_wave1/130_S1_wave1_00008"},{"time":0.8333,"name":"EF/130_S1_wave1/130_S1_wave1_00010"},{"time":0.8666,"name":null}],"color":[{"time":0.7666,"color":"ffffffff"},{"time":0.8666,"color":"ffffff00"}]},"EF/130_S1_wave1/130_S1_wave1_2":{"attachment":[{"time":0.2333,"name":"EF/130_S1_wave1/130_S1_wave1_00000"},{"time":0.3,"name":"EF/130_S1_wave1/130_S1_wave1_00002"},{"time":0.3333,"name":"EF/130_S1_wave1/130_S1_wave1_00004"},{"time":0.3666,"name":"EF/130_S1_wave1/130_S1_wave1_00005"},{"time":0.4333,"name":"EF/130_S1_wave1/130_S1_wave1_00006"},{"time":0.4666,"name":"EF/130_S1_wave1/130_S1_wave1_00007"},{"time":0.5,"name":"EF/130_S1_wave1/130_S1_wave1_00008"},{"time":0.5333,"name":"EF/130_S1_wave1/130_S1_wave1_00010"},{"time":0.5666,"name":null},{"time":0.6,"name":"EF/130_S1_wave1/130_S1_wave1_00000"},{"time":0.6666,"name":"EF/130_S1_wave1/130_S1_wave1_00002"},{"time":0.7,"name":"EF/130_S1_wave1/130_S1_wave1_00004"},{"time":0.7333,"name":"EF/130_S1_wave1/130_S1_wave1_00005"},{"time":0.8,"name":"EF/130_S1_wave1/130_S1_wave1_00006"},{"time":0.8333,"name":"EF/130_S1_wave1/130_S1_wave1_00007"},{"time":0.8666,"name":"EF/130_S1_wave1/130_S1_wave1_00008"},{"time":0.9333,"name":"EF/130_S1_wave1/130_S1_wave1_00010"},{"time":0.9666,"name":null}],"color":[{"time":0.8666,"color":"ffffffff"},{"time":0.9666,"color":"ffffff00"}]},"EF/130_S2_ex1/130_S2_ex1_00000":{"attachment":[{"time":0.0333,"name":"EF/130_S2_ex1/130_S2_ex1_00000"},{"time":0.0666,"name":"EF/130_S2_ex1/130_S2_ex1_00003"},{"time":0.1,"name":"EF/130_S2_ex1/130_S2_ex1_00004"},{"time":0.1333,"name":"EF/130_S2_ex1/130_S2_ex1_00005"},{"time":0.1666,"name":"EF/130_S2_ex1/130_S2_ex1_00006"},{"time":0.2,"name":"EF/130_S2_ex1/130_S2_ex1_00009"},{"time":0.2333,"name":"EF/130_S2_ex1/130_S2_ex1_00010"},{"time":0.2666,"name":"EF/130_S2_ex1/130_S2_ex1_00012"},{"time":0.3,"name":"EF/130_S2_ex1/130_S2_ex1_00013"},{"time":0.3333,"name":null},{"time":0.3666,"name":"EF/130_S2_ex1/130_S2_ex1_00000"},{"time":0.4,"name":"EF/130_S2_ex1/130_S2_ex1_00001"},{"time":0.4333,"name":"EF/130_S2_ex1/130_S2_ex1_00003"},{"time":0.4666,"name":"EF/130_S2_ex1/130_S2_ex1_00004"},{"time":0.5,"name":"EF/130_S2_ex1/130_S2_ex1_00005"},{"time":0.5333,"name":"EF/130_S2_ex1/130_S2_ex1_00006"},{"time":0.5666,"name":"EF/130_S2_ex1/130_S2_ex1_00008"},{"time":0.6,"name":"EF/130_S2_ex1/130_S2_ex1_00009"},{"time":0.6333,"name":"EF/130_S2_ex1/130_S2_ex1_00010"},{"time":0.6666,"name":"EF/130_S2_ex1/130_S2_ex1_00012"},{"time":0.7,"name":"EF/130_S2_ex1/130_S2_ex1_00013"},{"time":0.7333,"name":null}],"color":[{"time":0.2333,"color":"ffffffff"},{"time":0.3,"color":"ffffff00","curve":"stepped"},{"time":0.3666,"color":"ffffffff","curve":"stepped"},{"time":0.6333,"color":"ffffffff"},{"time":0.7333,"color":"ffffff00"}]},"EF/130_S2_ex1/130_S2_ex1_0":{"attachment":[{"time":0.1,"name":"EF/130_S2_ex1/130_S2_ex1_00000"},{"time":0.1333,"name":"EF/130_S2_ex1/130_S2_ex1_00003"},{"time":0.1666,"name":"EF/130_S2_ex1/130_S2_ex1_00004"},{"time":0.2,"name":"EF/130_S2_ex1/130_S2_ex1_00005"},{"time":0.2333,"name":"EF/130_S2_ex1/130_S2_ex1_00008"},{"time":0.2666,"name":"EF/130_S2_ex1/130_S2_ex1_00009"},{"time":0.3,"name":"EF/130_S2_ex1/130_S2_ex1_00010"},{"time":0.3333,"name":"EF/130_S2_ex1/130_S2_ex1_00012"},{"time":0.3666,"name":"EF/130_S2_ex1/130_S2_ex1_00013"},{"time":0.4,"name":null},{"time":0.4333,"name":"EF/130_S2_ex1/130_S2_ex1_00000"},{"time":0.4666,"name":"EF/130_S2_ex1/130_S2_ex1_00001"},{"time":0.5,"name":"EF/130_S2_ex1/130_S2_ex1_00003"},{"time":0.5333,"name":"EF/130_S2_ex1/130_S2_ex1_00004"},{"time":0.5666,"name":"EF/130_S2_ex1/130_S2_ex1_00005"},{"time":0.6,"name":"EF/130_S2_ex1/130_S2_ex1_00006"},{"time":0.6333,"name":"EF/130_S2_ex1/130_S2_ex1_00008"},{"time":0.6666,"name":"EF/130_S2_ex1/130_S2_ex1_00009"},{"time":0.7,"name":"EF/130_S2_ex1/130_S2_ex1_00010"},{"time":0.7333,"name":"EF/130_S2_ex1/130_S2_ex1_00012"},{"time":0.7666,"name":"EF/130_S2_ex1/130_S2_ex1_00013"},{"time":0.8,"name":null}],"color":[{"time":0.3,"color":"ffffffff"},{"time":0.4,"color":"ffffff00","curve":"stepped"},{"time":0.4333,"color":"ffffffff","curve":"stepped"},{"time":0.7,"color":"ffffffff"},{"time":0.8,"color":"ffffff00"}]},"EF/130_S2_ex1/130_S2_ex1_1":{"attachment":[{"time":0.1666,"name":"EF/130_S2_ex1/130_S2_ex1_00000"},{"time":0.2,"name":"EF/130_S2_ex1/130_S2_ex1_00003"},{"time":0.2333,"name":"EF/130_S2_ex1/130_S2_ex1_00004"},{"time":0.2666,"name":"EF/130_S2_ex1/130_S2_ex1_00005"},{"time":0.3,"name":"EF/130_S2_ex1/130_S2_ex1_00008"},{"time":0.3333,"name":"EF/130_S2_ex1/130_S2_ex1_00009"},{"time":0.3666,"name":"EF/130_S2_ex1/130_S2_ex1_00010"},{"time":0.4,"name":"EF/130_S2_ex1/130_S2_ex1_00012"},{"time":0.4333,"name":"EF/130_S2_ex1/130_S2_ex1_00013"},{"time":0.4666,"name":null},{"time":0.5,"name":"EF/130_S2_ex1/130_S2_ex1_00000"},{"time":0.5333,"name":"EF/130_S2_ex1/130_S2_ex1_00001"},{"time":0.5666,"name":"EF/130_S2_ex1/130_S2_ex1_00003"},{"time":0.6,"name":"EF/130_S2_ex1/130_S2_ex1_00004"},{"time":0.6333,"name":"EF/130_S2_ex1/130_S2_ex1_00005"},{"time":0.6666,"name":"EF/130_S2_ex1/130_S2_ex1_00006"},{"time":0.7,"name":"EF/130_S2_ex1/130_S2_ex1_00008"},{"time":0.7333,"name":"EF/130_S2_ex1/130_S2_ex1_00009"},{"time":0.7666,"name":"EF/130_S2_ex1/130_S2_ex1_00010"},{"time":0.8,"name":"EF/130_S2_ex1/130_S2_ex1_00012"},{"time":0.8333,"name":"EF/130_S2_ex1/130_S2_ex1_00013"},{"time":0.8666,"name":null}],"color":[{"time":0.4,"color":"ffffffff"},{"time":0.4666,"color":"ffffff00","curve":"stepped"},{"time":0.5,"color":"ffffffff","curve":"stepped"},{"time":0.7666,"color":"ffffffff"},{"time":0.8666,"color":"ffffff00"}]},"EF/130_S2_ex1/130_S2_ex1_2":{"attachment":[{"time":0.2333,"name":"EF/130_S2_ex1/130_S2_ex1_00000"},{"time":0.2666,"name":"EF/130_S2_ex1/130_S2_ex1_00003"},{"time":0.3,"name":"EF/130_S2_ex1/130_S2_ex1_00004"},{"time":0.3333,"name":"EF/130_S2_ex1/130_S2_ex1_00005"},{"time":0.3666,"name":"EF/130_S2_ex1/130_S2_ex1_00006"},{"time":0.4,"name":"EF/130_S2_ex1/130_S2_ex1_00008"},{"time":0.4333,"name":"EF/130_S2_ex1/130_S2_ex1_00009"},{"time":0.4666,"name":"EF/130_S2_ex1/130_S2_ex1_00010"},{"time":0.5,"name":"EF/130_S2_ex1/130_S2_ex1_00012"},{"time":0.5333,"name":"EF/130_S2_ex1/130_S2_ex1_00013"},{"time":0.5666,"name":null},{"time":0.6,"name":"EF/130_S2_ex1/130_S2_ex1_00000"},{"time":0.6333,"name":"EF/130_S2_ex1/130_S2_ex1_00001"},{"time":0.6666,"name":"EF/130_S2_ex1/130_S2_ex1_00003"},{"time":0.7,"name":"EF/130_S2_ex1/130_S2_ex1_00004"},{"time":0.7333,"name":"EF/130_S2_ex1/130_S2_ex1_00005"},{"time":0.7666,"name":"EF/130_S2_ex1/130_S2_ex1_00006"},{"time":0.8,"name":"EF/130_S2_ex1/130_S2_ex1_00008"},{"time":0.8333,"name":"EF/130_S2_ex1/130_S2_ex1_00009"},{"time":0.8666,"name":"EF/130_S2_ex1/130_S2_ex1_00010"},{"time":0.9,"name":"EF/130_S2_ex1/130_S2_ex1_00012"},{"time":0.9333,"name":"EF/130_S2_ex1/130_S2_ex1_00013"},{"time":0.9666,"name":null}],"color":[{"time":0.4666,"color":"ffffffff"},{"time":0.5666,"color":"ffffff00","curve":"stepped"},{"time":0.6,"color":"ffffffff","curve":"stepped"},{"time":0.8666,"color":"ffffffff"},{"time":0.9666,"color":"ffffff00"}]}},"bones":{"130_S1_lightning1":{"translate":[{"time":0,"x":-237.3,"y":728.75},{"time":0.0333,"x":-237.3,"y":524.76,"curve":"stepped"},{"time":0.3333,"x":209.43,"y":547.94}],"scale":[{"time":0,"x":6.5,"y":5}]},"130_S1_lightning4":{"translate":[{"time":0.2,"x":-94.7,"y":502.59,"curve":"stepped"},{"time":0.5666,"x":-99.03,"y":477.09}],"scale":[{"time":0.2,"x":6,"y":5}]},"130_S1_lightning3":{"translate":[{"time":0.1333,"x":256.13,"y":587.61,"curve":"stepped"},{"time":0.4666,"x":-257.84,"y":621.16}],"scale":[{"time":0.1333,"x":6,"y":5}]},"130_S1_lightning2":{"translate":[{"time":0.0666,"x":113,"y":442.32,"curve":"stepped"},{"time":0.4,"x":81.59,"y":510.1}],"scale":[{"time":0.0666,"x":6.5,"y":5}]},"130_S2_ex1":{"translate":[{"time":0.0333,"x":-239.88,"y":4.65},{"time":0.1666,"x":-239.88,"y":24.45,"curve":"stepped"},{"time":0.3666,"x":202.88,"y":32.39},{"time":0.5,"x":202.88,"y":38.79}],"scale":[{"time":0.0333,"x":5,"y":5},{"time":0.1666,"x":5,"y":5.698,"curve":"stepped"},{"time":0.3666,"x":5,"y":5},{"time":0.5,"x":5,"y":5.698}]},"130_S2_ex2":{"translate":[{"time":0.1,"x":117.61,"y":-88.5,"curve":"stepped"},{"time":0.4333,"x":90.82,"y":-2.32}],"scale":[{"time":0.1,"x":5,"y":5}]},"130_S2_ex3":{"translate":[{"time":0.1666,"x":253.85,"y":64.04,"curve":"stepped"},{"time":0.5,"x":-255.02,"y":90.82}],"scale":[{"time":0.1666,"x":5,"y":5}]},"130_S2_ex4":{"translate":[{"time":0.2333,"x":-91.54,"y":8.77,"curve":"stepped"},{"time":0.6,"x":-91.54,"y":-66.46}],"scale":[{"time":0.2333,"x":5,"y":5}]},"130_S1_wave1":{"translate":[{"time":0.0333,"x":-228.73,"y":15.24},{"time":0.3,"x":-228.73,"y":35.87,"curve":"stepped"},{"time":0.3666,"x":209.96,"y":38.08},{"time":0.6666,"x":209.96,"y":50.86}],"scale":[{"time":0.0333,"x":5,"y":5},{"time":0.3,"x":6.5,"y":6.5,"curve":"stepped"},{"time":0.3666,"x":5,"y":5},{"time":0.6666,"x":6.5,"y":6.5}]},"130_S1_wave2":{"translate":[{"time":0.1,"x":122.83,"y":-92.64},{"time":0.3333,"x":122.83,"y":-68.7,"curve":"stepped"},{"time":0.4333,"x":90.56,"y":-3.12},{"time":0.7666,"x":90.56,"y":10.4}],"scale":[{"time":0.1,"x":5,"y":5},{"time":0.3333,"x":7.276,"y":7.276,"curve":"stepped"},{"time":0.4333,"x":5,"y":5},{"time":0.7666,"x":7.276,"y":7.276}]},"130_S1_wave3":{"translate":[{"time":0.1666,"x":252.96,"y":61.41},{"time":0.4,"x":252.96,"y":74.95,"curve":"stepped"},{"time":0.5,"x":-258.98,"y":89.36},{"time":0.8,"x":-258.98,"y":97.78}],"scale":[{"time":0.1666,"x":5,"y":5},{"time":0.4,"x":6.018,"y":6.018,"curve":"stepped"},{"time":0.5,"x":5,"y":5},{"time":0.8,"x":6.018,"y":6.018}]},"130_S1_wave4":{"translate":[{"time":0.2333,"x":-92.63,"y":3.6},{"time":0.5,"x":-92.63,"y":27.66,"curve":"stepped"},{"time":0.6,"x":-90.22,"y":-68.57},{"time":0.9,"x":-90.22,"y":-33.68}],"scale":[{"time":0.2333,"x":5,"y":5},{"time":0.5,"x":6.523,"y":6.523,"curve":"stepped"},{"time":0.6,"x":5,"y":5},{"time":0.9,"x":6.523,"y":6.523}]},"DAMAGEAREA":{"translate":[{"time":0.0333,"x":-225.92,"y":0},{"time":0.1,"x":-103.66,"y":-26.58},{"time":0.2,"x":16.05,"y":-26.58}],"scale":[{"time":0.0333,"x":2.196,"y":1.738},{"time":0.1,"x":3.52,"y":2.067},{"time":0.2,"x":4.454,"y":2.087}]}},"events":[{"time":0,"name":"Event","string":"kImpactType_up"},{"time":0,"name":"Hit","string":"setPosition_Target"},{"time":0,"name":"Sound1","string":"cri_se_battle_lightning"},{"time":0.0333,"name":"Event","float":0.2,"string":"kHitStopType_enemyonly"},{"time":0.0333,"name":"Sound1","string":"cri_se_battle_explosion_short"},{"time":0.0333,"name":"Sound2","string":"cri_se_battle_hard_hit"},{"time":0.0666,"name":"Sound1","string":"cri_se_battle_lightning"},{"time":0.1,"name":"Event","string":"shakeGround"},{"time":0.1,"name":"Hit","string":"resetHitList"},{"time":0.1,"name":"Sound1","string":"cri_se_battle_explosion_short"},{"time":0.1,"name":"Sound2","string":"cri_se_battle_hard_hit"},{"time":0.1333,"name":"Sound1","string":"cri_se_battle_lightning"},{"time":0.1666,"name":"Event","string":"shakeGround"},{"time":0.1666,"name":"Hit","string":"resetHitList"},{"time":0.1666,"name":"Sound1","string":"cri_se_battle_explosion_short"},{"time":0.1666,"name":"Sound2","string":"cri_se_battle_hard_hit"},{"time":0.2,"name":"Sound1","string":"cri_se_battle_lightning"},{"time":0.2333,"name":"Event","string":"shakeGround"},{"time":0.2333,"name":"Hit","string":"resetHitList"},{"time":0.2333,"name":"Sound1","string":"cri_se_battle_explosion_short"},{"time":0.2333,"name":"Sound2","string":"cri_se_battle_hard_hit"},{"time":0.3333,"name":"Sound1","string":"cri_se_battle_lightning"},{"time":0.3666,"name":"Event","string":"shakeGround"},{"time":0.3666,"name":"Hit","string":"resetHitList"},{"time":0.3666,"name":"Sound1","string":"cri_se_battle_explosion_short"},{"time":0.3666,"name":"Sound2","string":"cri_se_battle_hard_hit"},{"time":0.4,"name":"Sound1","string":"cri_se_battle_lightning"},{"time":0.4333,"name":"Event","string":"shakeGround"},{"time":0.4333,"name":"Hit","string":"resetHitList"},{"time":0.4333,"name":"Sound1","string":"cri_se_battle_explosion_short"},{"time":0.4333,"name":"Sound2","string":"cri_se_battle_hard_hit"},{"time":0.4666,"name":"Sound1","string":"cri_se_battle_lightning"},{"time":0.5,"name":"Event","string":"shakeGround"},{"time":0.5,"name":"Hit","string":"resetHitList"},{"time":0.5,"name":"Sound1","string":"cri_se_battle_explosion_short"},{"time":0.5,"name":"Sound2","string":"cri_se_battle_hard_hit"},{"time":0.5666,"name":"Sound1","string":"cri_se_battle_lightning"},{"time":0.6,"name":"Event","string":"shakeGround"},{"time":0.6,"name":"Hit","string":"resetHitList"},{"time":0.6,"name":"Sound1","string":"cri_se_battle_explosion_short"},{"time":0.6,"name":"Sound2","string":"cri_se_battle_hard_hit"}]}}}