{
"skeleton": { "hash": "fTEuQE34moperF0tX9ShfSoCw9A", "spine": "3.0.12", "width": 0, "height": 0, "images": "./image/" },
"bones": [
	{ "name": "root" },
	{ "name": "MAIN", "parent": "root" },
	{ "name": "EF/wave_shock1/470_S1_wave1_5", "parent": "MAIN", "x": 550, "y": 10, "color": "0000ffff" },
	{ "name": "EF/wave_shock1/470_S1_wave1_4", "parent": "MAIN", "x": 550, "y": 10, "color": "0000ffff" },
	{ "name": "EF/wave_shock1/470_S1_wave1_3", "parent": "MAIN", "x": 550, "y": 10, "color": "0000ffff" },
	{ "name": "EF/wave_shock1/470_S1_wave1_2", "parent": "MAIN", "x": 550, "y": 10, "color": "0000ffff" },
	{ "name": "EF/wave_shock1/470_S1_wave1_1", "parent": "MAIN", "x": 550, "y": 10, "color": "0000ffff" },
	{ "name": "EF/wave_shock1/470_S1_wave1_00000", "parent": "MAIN", "x": 550, "y": 10, "color": "0000ffff" },
	{ "name": "EF/wave_shock1/470_S1_wave1_0", "parent": "MAIN", "x": 550, "y": 10, "color": "0000ffff" },
	{ "name": "EF/shock3/470_S1_smash2_00000", "parent": "MAIN", "x": 550, "y": 97.17, "color": "0000ffff" },
	{ "name": "EF/leaf/370_S1_leaf1_00001", "parent": "MAIN", "x": 736.11, "y": 145.31 },
	{ "name": "EF/flash_chage1/620_S2_charge1_00052", "parent": "MAIN", "x": 550, "y": 228.53, "color": "ff0000ff" },
	{ "name": "EF/flash_chage1/620_S2_charge1_52", "parent": "MAIN", "x": 550, "y": 228.53, "color": "ff0000ff" },
	{ "name": "EF/flash1/670_A1_shot2_00000", "parent": "MAIN", "x": 550, "y": 277.76, "color": "ff0000ff" },
	{ "name": "DAMAGEAREA", "parent": "root" },
	{ "name": "slash_root", "parent": "MAIN", "x": 500, "y": 184.01, "color": "00ff11ff" },
	{ "name": "EF/line2/120_S2_slash1_12", "parent": "slash_root", "x": 250.05, "y": 0.15, "color": "ff0000ff" },
	{ "name": "EF/line2/120_S2_slash1_11", "parent": "slash_root", "x": 250.05, "y": 0.15, "color": "ff0000ff" },
	{ "name": "EF/line2/120_S2_slash1_10", "parent": "slash_root", "x": 250.05, "y": 0.15, "color": "ff0000ff" },
	{ "name": "EF/line2/120_S2_slash1_9", "parent": "slash_root", "x": 250.05, "y": 0.15, "color": "ff0000ff" },
	{ "name": "EF/line2/120_S2_slash1_8", "parent": "slash_root", "x": 250.05, "y": 0.15, "color": "ff0000ff" },
	{ "name": "EF/line2/120_S2_slash1_7", "parent": "slash_root", "x": 250.05, "y": 0.15, "color": "ff0000ff" },
	{ "name": "EF/line2/120_S2_slash1_6", "parent": "slash_root", "x": 250.05, "y": 0.15, "color": "ff0000ff" },
	{ "name": "EF/line2/120_S2_slash1_5", "parent": "slash_root", "x": 211.28, "y": 0.15, "color": "ff0000ff" },
	{ "name": "EF/line2/120_S2_slash1_4", "parent": "slash_root", "x": 166.3, "y": 0.15, "color": "ff0000ff" },
	{ "name": "EF/line2/120_S2_slash1_3", "parent": "slash_root", "x": 127.53, "y": 0.15, "color": "ff0000ff" },
	{ "name": "EF/line2/120_S2_slash1_00002", "parent": "slash_root", "x": 50, "y": 0.15, "color": "ff0000ff" },
	{ "name": "EF/line2/120_S2_slash1_2", "parent": "slash_root", "x": 91.87, "y": 0.15, "color": "ff0000ff" },
	{ "name": "EF/bomb_dusty/520B_S1_ex2_8", "parent": "slash_root", "x": 50, "y": 181.87, "color": "0000ffff" },
	{ "name": "EF/bomb_dusty/520B_S1_ex2_7", "parent": "slash_root", "x": 50, "y": 181.87, "color": "0000ffff" },
	{ "name": "EF/bomb_dusty/520B_S1_ex2_6", "parent": "slash_root", "x": 50, "y": 181.87, "color": "0000ffff" },
	{ "name": "EF/bomb_dusty/520B_S1_ex2_5", "parent": "slash_root", "x": 50, "y": 181.87, "color": "0000ffff" },
	{ "name": "EF/bomb_dusty/520B_S1_ex2_4", "parent": "slash_root", "x": 50, "y": 181.87, "color": "0000ffff" },
	{ "name": "EF/bomb_dusty/520B_S1_ex2_3", "parent": "slash_root", "x": 50, "y": 181.87, "color": "0000ffff" },
	{ "name": "EF/bomb_dusty/520B_S1_ex2_2", "parent": "slash_root", "x": 50, "y": 181.87, "color": "0000ffff" },
	{ "name": "EF/bomb_dusty/520B_S1_ex2_00001", "parent": "slash_root", "x": 50, "y": 181.87, "color": "0000ffff" },
	{ "name": "EF/bomb_dusty/520B_S1_ex2_1", "parent": "slash_root", "x": 50, "y": 181.87, "color": "0000ffff" },
	{ "name": "EF/arrow/480_S1_arrow1_47", "parent": "slash_root", "x": 50, "y": 228.1, "color": "0000ffff" },
	{ "name": "EF/arrow/480_S1_arrow1_46", "parent": "slash_root", "x": 50, "y": 228.1, "color": "0000ffff" },
	{ "name": "EF/arrow/480_S1_arrow1_45", "parent": "slash_root", "x": 50, "y": 228.1, "color": "0000ffff" },
	{ "name": "EF/arrow/480_S1_arrow1_44", "parent": "slash_root", "x": 50, "y": 228.1, "color": "0000ffff" },
	{ "name": "EF/arrow/480_S1_arrow1_43", "parent": "slash_root", "x": 50, "y": 228.1, "color": "0000ffff" },
	{ "name": "EF/arrow/480_S1_arrow1_42", "parent": "slash_root", "x": 50, "y": 228.1, "color": "0000ffff" },
	{ "name": "EF/arrow/480_S1_arrow1_41", "parent": "slash_root", "x": 50, "y": 228.1, "color": "0000ffff" },
	{ "name": "EF/arrow/480_S1_arrow1_40", "parent": "slash_root", "x": 50, "y": 228.1, "color": "0000ffff" },
	{ "name": "EF/arrow/480_S1_arrow1_39", "parent": "slash_root", "x": 50, "y": 228.1, "color": "0000ffff" },
	{ "name": "EF/arrow/480_S1_arrow1_00038", "parent": "slash_root", "x": 50, "y": 228.1, "color": "0000ffff" },
	{ "name": "EF/arrow/480_S1_arrow1_38", "parent": "slash_root", "x": 50, "y": 228.1, "color": "0000ffff" }
],
"slots": [
	{ "name": "EF/arrow/480_S1_arrow1_00038", "bone": "EF/arrow/480_S1_arrow1_00038", "blend": "additive" },
	{ "name": "EF/arrow/480_S1_arrow1_40", "bone": "EF/arrow/480_S1_arrow1_40", "blend": "additive" },
	{ "name": "EF/arrow/480_S1_arrow1_41", "bone": "EF/arrow/480_S1_arrow1_41", "blend": "additive" },
	{ "name": "EF/arrow/480_S1_arrow1_42", "bone": "EF/arrow/480_S1_arrow1_42", "blend": "additive" },
	{ "name": "EF/arrow/480_S1_arrow1_43", "bone": "EF/arrow/480_S1_arrow1_43", "blend": "additive" },
	{ "name": "EF/arrow/480_S1_arrow1_44", "bone": "EF/arrow/480_S1_arrow1_44", "blend": "additive" },
	{ "name": "EF/arrow/480_S1_arrow1_45", "bone": "EF/arrow/480_S1_arrow1_45", "blend": "additive" },
	{ "name": "EF/arrow/480_S1_arrow1_47", "bone": "EF/arrow/480_S1_arrow1_47", "blend": "additive" },
	{ "name": "EF/arrow/480_S1_arrow1_46", "bone": "EF/arrow/480_S1_arrow1_46", "blend": "additive" },
	{ "name": "EF/arrow/480_S1_arrow1_38", "bone": "EF/arrow/480_S1_arrow1_38", "blend": "additive" },
	{ "name": "EF/arrow/480_S1_arrow1_39", "bone": "EF/arrow/480_S1_arrow1_39", "blend": "additive" },
	{ "name": "EF/bomb_dusty/520B_S1_ex2_00001", "bone": "EF/bomb_dusty/520B_S1_ex2_00001", "blend": "additive" },
	{ "name": "EF/bomb_dusty/520B_S1_ex2_1", "bone": "EF/bomb_dusty/520B_S1_ex2_1", "blend": "additive" },
	{ "name": "EF/bomb_dusty/520B_S1_ex2_2", "bone": "EF/bomb_dusty/520B_S1_ex2_2", "blend": "additive" },
	{ "name": "EF/bomb_dusty/520B_S1_ex2_3", "bone": "EF/bomb_dusty/520B_S1_ex2_3", "blend": "additive" },
	{ "name": "EF/bomb_dusty/520B_S1_ex2_4", "bone": "EF/bomb_dusty/520B_S1_ex2_4", "blend": "additive" },
	{ "name": "EF/bomb_dusty/520B_S1_ex2_5", "bone": "EF/bomb_dusty/520B_S1_ex2_5", "blend": "additive" },
	{ "name": "EF/bomb_dusty/520B_S1_ex2_6", "bone": "EF/bomb_dusty/520B_S1_ex2_6", "blend": "additive" },
	{ "name": "EF/bomb_dusty/520B_S1_ex2_7", "bone": "EF/bomb_dusty/520B_S1_ex2_7", "blend": "additive" },
	{ "name": "EF/bomb_dusty/520B_S1_ex2_8", "bone": "EF/bomb_dusty/520B_S1_ex2_8", "blend": "additive" },
	{ "name": "EF/flash1/670_A1_shot2_00000", "bone": "EF/flash1/670_A1_shot2_00000", "blend": "additive" },
	{ "name": "EF/flash_chage1/620_S2_charge1_00052", "bone": "EF/flash_chage1/620_S2_charge1_00052", "blend": "additive" },
	{ "name": "EF/flash_chage1/620_S2_charge1_52", "bone": "EF/flash_chage1/620_S2_charge1_52", "blend": "additive" },
	{ "name": "EF/line2/120_S2_slash1_00002", "bone": "EF/line2/120_S2_slash1_00002", "blend": "additive" },
	{ "name": "EF/line2/120_S2_slash1_2", "bone": "EF/line2/120_S2_slash1_2", "blend": "additive" },
	{ "name": "EF/line2/120_S2_slash1_3", "bone": "EF/line2/120_S2_slash1_3", "blend": "additive" },
	{ "name": "EF/line2/120_S2_slash1_4", "bone": "EF/line2/120_S2_slash1_4", "blend": "additive" },
	{ "name": "EF/line2/120_S2_slash1_5", "bone": "EF/line2/120_S2_slash1_5", "blend": "additive" },
	{ "name": "EF/line2/120_S2_slash1_6", "bone": "EF/line2/120_S2_slash1_6", "blend": "additive" },
	{ "name": "EF/line2/120_S2_slash1_7", "bone": "EF/line2/120_S2_slash1_7", "blend": "additive" },
	{ "name": "EF/line2/120_S2_slash1_8", "bone": "EF/line2/120_S2_slash1_8", "blend": "additive" },
	{ "name": "EF/line2/120_S2_slash1_9", "bone": "EF/line2/120_S2_slash1_9", "blend": "additive" },
	{ "name": "EF/line2/120_S2_slash1_10", "bone": "EF/line2/120_S2_slash1_10", "blend": "additive" },
	{ "name": "EF/line2/120_S2_slash1_11", "bone": "EF/line2/120_S2_slash1_11", "blend": "additive" },
	{ "name": "EF/line2/120_S2_slash1_12", "bone": "EF/line2/120_S2_slash1_12", "blend": "additive" },
	{ "name": "EF/shock3/470_S1_smash2_00000", "bone": "EF/shock3/470_S1_smash2_00000", "blend": "additive" },
	{ "name": "EF/wave_shock1/470_S1_wave1_00000", "bone": "EF/wave_shock1/470_S1_wave1_00000", "blend": "additive" },
	{ "name": "EF/wave_shock1/470_S1_wave1_0", "bone": "EF/wave_shock1/470_S1_wave1_0", "blend": "additive" },
	{ "name": "EF/wave_shock1/470_S1_wave1_1", "bone": "EF/wave_shock1/470_S1_wave1_1", "blend": "additive" },
	{ "name": "EF/wave_shock1/470_S1_wave1_2", "bone": "EF/wave_shock1/470_S1_wave1_2", "blend": "additive" },
	{ "name": "EF/wave_shock1/470_S1_wave1_3", "bone": "EF/wave_shock1/470_S1_wave1_3", "blend": "additive" },
	{ "name": "EF/wave_shock1/470_S1_wave1_4", "bone": "EF/wave_shock1/470_S1_wave1_4", "blend": "additive" },
	{ "name": "EF/wave_shock1/470_S1_wave1_5", "bone": "EF/wave_shock1/470_S1_wave1_5", "blend": "additive" },
	{ "name": "EF/leaf/370_S1_leaf1_00001", "bone": "EF/leaf/370_S1_leaf1_00001", "blend": "additive" },
	{ "name": "DAMAGEAREA", "bone": "DAMAGEAREA" }
],
"skins": {
	"default": {
		"DAMAGEAREA": {
			"DAMAGEAREA": {
				"type": "boundingbox",
				"vertices": [ -64.05391, -65.65237, 63.81289, -63.73935, 63.2799, 63.43242, -65.32889, 64.33642 ]
			}
		},
		"EF/arrow/480_S1_arrow1_00038": {
			"EF/arrow/480_S1_arrow1_00038": { "x": -24.93, "rotation": 90, "width": 225, "height": 225 }
		},
		"EF/arrow/480_S1_arrow1_38": {
			"EF/arrow/480_S1_arrow1_00038": { "x": -24.93, "rotation": 90, "width": 225, "height": 225 },
			"EF/arrow/weapon_2_sk2": { "x": -4.05, "y": -15.45, "rotation": -63.78, "width": 58, "height": 90 }
		},
		"EF/arrow/480_S1_arrow1_39": {
			"EF/arrow/480_S1_arrow1_00038": { "x": -24.93, "rotation": 90, "width": 225, "height": 225 },
			"EF/arrow/weapon_2_sk2": { "x": -4.05, "y": -15.45, "rotation": -63.78, "width": 58, "height": 90 }
		},
		"EF/arrow/480_S1_arrow1_40": {
			"EF/arrow/480_S1_arrow1_00038": { "x": -24.93, "rotation": 90, "width": 225, "height": 225 },
			"EF/arrow/weapon_2_sk2": { "x": -4.05, "y": -15.45, "rotation": -63.78, "width": 58, "height": 90 }
		},
		"EF/arrow/480_S1_arrow1_41": {
			"EF/arrow/480_S1_arrow1_00038": { "x": -24.93, "rotation": 90, "width": 225, "height": 225 },
			"EF/arrow/weapon_2_sk2": { "x": -4.05, "y": -15.45, "rotation": -63.78, "width": 58, "height": 90 }
		},
		"EF/arrow/480_S1_arrow1_42": {
			"EF/arrow/480_S1_arrow1_00038": { "x": -24.93, "rotation": 90, "width": 225, "height": 225 },
			"EF/arrow/weapon_2_sk2": { "x": -4.05, "y": -15.45, "rotation": -63.78, "width": 58, "height": 90 }
		},
		"EF/arrow/480_S1_arrow1_43": {
			"EF/arrow/480_S1_arrow1_00038": { "x": -24.93, "rotation": 90, "width": 225, "height": 225 },
			"EF/arrow/weapon_2_sk2": { "x": -4.05, "y": -15.45, "rotation": -63.78, "width": 58, "height": 90 }
		},
		"EF/arrow/480_S1_arrow1_44": {
			"EF/arrow/480_S1_arrow1_00038": { "x": -24.93, "rotation": 90, "width": 225, "height": 225 },
			"EF/arrow/weapon_2_sk2": { "x": -4.05, "y": -15.45, "rotation": -63.78, "width": 58, "height": 90 }
		},
		"EF/arrow/480_S1_arrow1_45": {
			"EF/arrow/480_S1_arrow1_00038": { "x": -24.93, "rotation": 90, "width": 225, "height": 225 },
			"EF/arrow/weapon_2_sk2": { "x": -4.05, "y": -15.45, "rotation": -63.78, "width": 58, "height": 90 }
		},
		"EF/arrow/480_S1_arrow1_46": {
			"EF/arrow/480_S1_arrow1_00038": { "x": -24.93, "rotation": 90, "width": 225, "height": 225 },
			"EF/arrow/weapon_2_sk2": { "x": -4.05, "y": -15.45, "rotation": -63.78, "width": 58, "height": 90 }
		},
		"EF/arrow/480_S1_arrow1_47": {
			"EF/arrow/480_S1_arrow1_00038": { "x": -24.93, "rotation": 90, "width": 225, "height": 225 },
			"EF/arrow/weapon_2_sk2": { "x": -4.05, "y": -15.45, "rotation": -63.78, "width": 58, "height": 90 }
		},
		"EF/bomb_dusty/520B_S1_ex2_00001": {
			"EF/bomb_dusty/520B_S1_ex2_00001": { "y": 19.44, "width": 250, "height": 250 },
			"EF/bomb_dusty/520B_S1_ex2_00002": { "y": 19.44, "width": 250, "height": 250 },
			"EF/bomb_dusty/520B_S1_ex2_00003": { "y": 19.44, "width": 250, "height": 250 },
			"EF/bomb_dusty/520B_S1_ex2_00004": { "y": 19.44, "width": 250, "height": 250 },
			"EF/bomb_dusty/520B_S1_ex2_00005": { "y": 19.44, "width": 250, "height": 250 },
			"EF/bomb_dusty/520B_S1_ex2_00006": { "y": 19.44, "width": 250, "height": 250 },
			"EF/bomb_dusty/520B_S1_ex2_00007": { "y": 19.44, "width": 250, "height": 250 },
			"EF/bomb_dusty/520B_S1_ex2_00008": { "y": 19.44, "width": 250, "height": 250 }
		},
		"EF/bomb_dusty/520B_S1_ex2_1": {
			"EF/bomb_dusty/520B_S1_ex2_00001": { "y": 19.44, "width": 250, "height": 250 },
			"EF/bomb_dusty/520B_S1_ex2_00002": { "y": 19.44, "width": 250, "height": 250 },
			"EF/bomb_dusty/520B_S1_ex2_00003": { "y": 19.44, "width": 250, "height": 250 },
			"EF/bomb_dusty/520B_S1_ex2_00004": { "y": 19.44, "width": 250, "height": 250 },
			"EF/bomb_dusty/520B_S1_ex2_00005": { "y": 19.44, "width": 250, "height": 250 },
			"EF/bomb_dusty/520B_S1_ex2_00006": { "y": 19.44, "width": 250, "height": 250 },
			"EF/bomb_dusty/520B_S1_ex2_00007": { "y": 19.44, "width": 250, "height": 250 },
			"EF/bomb_dusty/520B_S1_ex2_00008": { "y": 19.44, "width": 250, "height": 250 }
		},
		"EF/bomb_dusty/520B_S1_ex2_2": {
			"EF/bomb_dusty/520B_S1_ex2_00001": { "y": 19.44, "width": 250, "height": 250 },
			"EF/bomb_dusty/520B_S1_ex2_00002": { "y": 19.44, "width": 250, "height": 250 },
			"EF/bomb_dusty/520B_S1_ex2_00003": { "y": 19.44, "width": 250, "height": 250 },
			"EF/bomb_dusty/520B_S1_ex2_00004": { "y": 19.44, "width": 250, "height": 250 },
			"EF/bomb_dusty/520B_S1_ex2_00005": { "y": 19.44, "width": 250, "height": 250 },
			"EF/bomb_dusty/520B_S1_ex2_00006": { "y": 19.44, "width": 250, "height": 250 },
			"EF/bomb_dusty/520B_S1_ex2_00007": { "y": 19.44, "width": 250, "height": 250 },
			"EF/bomb_dusty/520B_S1_ex2_00008": { "y": 19.44, "width": 250, "height": 250 }
		},
		"EF/bomb_dusty/520B_S1_ex2_3": {
			"EF/bomb_dusty/520B_S1_ex2_00001": { "y": 19.44, "width": 250, "height": 250 },
			"EF/bomb_dusty/520B_S1_ex2_00002": { "y": 19.44, "width": 250, "height": 250 },
			"EF/bomb_dusty/520B_S1_ex2_00003": { "y": 19.44, "width": 250, "height": 250 },
			"EF/bomb_dusty/520B_S1_ex2_00004": { "y": 19.44, "width": 250, "height": 250 },
			"EF/bomb_dusty/520B_S1_ex2_00005": { "y": 19.44, "width": 250, "height": 250 },
			"EF/bomb_dusty/520B_S1_ex2_00006": { "y": 19.44, "width": 250, "height": 250 },
			"EF/bomb_dusty/520B_S1_ex2_00007": { "y": 19.44, "width": 250, "height": 250 },
			"EF/bomb_dusty/520B_S1_ex2_00008": { "y": 19.44, "width": 250, "height": 250 }
		},
		"EF/bomb_dusty/520B_S1_ex2_4": {
			"EF/bomb_dusty/520B_S1_ex2_00001": { "y": 19.44, "width": 250, "height": 250 },
			"EF/bomb_dusty/520B_S1_ex2_00002": { "y": 19.44, "width": 250, "height": 250 },
			"EF/bomb_dusty/520B_S1_ex2_00003": { "y": 19.44, "width": 250, "height": 250 },
			"EF/bomb_dusty/520B_S1_ex2_00004": { "y": 19.44, "width": 250, "height": 250 },
			"EF/bomb_dusty/520B_S1_ex2_00005": { "y": 19.44, "width": 250, "height": 250 },
			"EF/bomb_dusty/520B_S1_ex2_00006": { "y": 19.44, "width": 250, "height": 250 },
			"EF/bomb_dusty/520B_S1_ex2_00007": { "y": 19.44, "width": 250, "height": 250 },
			"EF/bomb_dusty/520B_S1_ex2_00008": { "y": 19.44, "width": 250, "height": 250 }
		},
		"EF/bomb_dusty/520B_S1_ex2_5": {
			"EF/bomb_dusty/520B_S1_ex2_00001": { "y": 19.44, "width": 250, "height": 250 },
			"EF/bomb_dusty/520B_S1_ex2_00002": { "y": 19.44, "width": 250, "height": 250 },
			"EF/bomb_dusty/520B_S1_ex2_00003": { "y": 19.44, "width": 250, "height": 250 },
			"EF/bomb_dusty/520B_S1_ex2_00004": { "y": 19.44, "width": 250, "height": 250 },
			"EF/bomb_dusty/520B_S1_ex2_00005": { "y": 19.44, "width": 250, "height": 250 },
			"EF/bomb_dusty/520B_S1_ex2_00006": { "y": 19.44, "width": 250, "height": 250 },
			"EF/bomb_dusty/520B_S1_ex2_00007": { "y": 19.44, "width": 250, "height": 250 },
			"EF/bomb_dusty/520B_S1_ex2_00008": { "y": 19.44, "width": 250, "height": 250 }
		},
		"EF/bomb_dusty/520B_S1_ex2_6": {
			"EF/bomb_dusty/520B_S1_ex2_00001": { "y": 19.44, "width": 250, "height": 250 },
			"EF/bomb_dusty/520B_S1_ex2_00002": { "y": 19.44, "width": 250, "height": 250 },
			"EF/bomb_dusty/520B_S1_ex2_00003": { "y": 19.44, "width": 250, "height": 250 },
			"EF/bomb_dusty/520B_S1_ex2_00004": { "y": 19.44, "width": 250, "height": 250 },
			"EF/bomb_dusty/520B_S1_ex2_00005": { "y": 19.44, "width": 250, "height": 250 },
			"EF/bomb_dusty/520B_S1_ex2_00006": { "y": 19.44, "width": 250, "height": 250 },
			"EF/bomb_dusty/520B_S1_ex2_00007": { "y": 19.44, "width": 250, "height": 250 },
			"EF/bomb_dusty/520B_S1_ex2_00008": { "y": 19.44, "width": 250, "height": 250 }
		},
		"EF/bomb_dusty/520B_S1_ex2_7": {
			"EF/bomb_dusty/520B_S1_ex2_00001": { "y": 19.44, "width": 250, "height": 250 },
			"EF/bomb_dusty/520B_S1_ex2_00002": { "y": 19.44, "width": 250, "height": 250 },
			"EF/bomb_dusty/520B_S1_ex2_00003": { "y": 19.44, "width": 250, "height": 250 },
			"EF/bomb_dusty/520B_S1_ex2_00004": { "y": 19.44, "width": 250, "height": 250 },
			"EF/bomb_dusty/520B_S1_ex2_00005": { "y": 19.44, "width": 250, "height": 250 },
			"EF/bomb_dusty/520B_S1_ex2_00006": { "y": 19.44, "width": 250, "height": 250 },
			"EF/bomb_dusty/520B_S1_ex2_00007": { "y": 19.44, "width": 250, "height": 250 },
			"EF/bomb_dusty/520B_S1_ex2_00008": { "y": 19.44, "width": 250, "height": 250 }
		},
		"EF/bomb_dusty/520B_S1_ex2_8": {
			"EF/bomb_dusty/520B_S1_ex2_00001": { "y": 19.44, "width": 250, "height": 250 },
			"EF/bomb_dusty/520B_S1_ex2_00002": { "y": 19.44, "width": 250, "height": 250 },
			"EF/bomb_dusty/520B_S1_ex2_00003": { "y": 19.44, "width": 250, "height": 250 },
			"EF/bomb_dusty/520B_S1_ex2_00004": { "y": 19.44, "width": 250, "height": 250 },
			"EF/bomb_dusty/520B_S1_ex2_00005": { "y": 19.44, "width": 250, "height": 250 },
			"EF/bomb_dusty/520B_S1_ex2_00006": { "y": 19.44, "width": 250, "height": 250 },
			"EF/bomb_dusty/520B_S1_ex2_00007": { "y": 19.44, "width": 250, "height": 250 },
			"EF/bomb_dusty/520B_S1_ex2_00008": { "y": 19.44, "width": 250, "height": 250 }
		},
		"EF/flash1/670_A1_shot2_00000": {
			"EF/flash1/670_A1_shot2_00000": { "width": 250, "height": 250 }
		},
		"EF/flash_chage1/620_S2_charge1_00052": {
			"EF/flash_chage1/620_S2_charge1_00052": { "width": 150, "height": 150 },
			"EF/flash_chage1/620_S2_charge1_00053": { "width": 150, "height": 150 },
			"EF/flash_chage1/620_S2_charge1_00054": { "width": 150, "height": 150 },
			"EF/flash_chage1/620_S2_charge1_00055": { "width": 150, "height": 150 },
			"EF/flash_chage1/620_S2_charge1_00056": { "width": 150, "height": 150 },
			"EF/flash_chage1/620_S2_charge1_00057": { "width": 150, "height": 150 },
			"EF/flash_chage1/620_S2_charge1_00058": { "width": 150, "height": 150 },
			"EF/flash_chage1/620_S2_charge1_00059": { "width": 150, "height": 150 },
			"EF/flash_chage1/620_S2_charge1_00060": { "width": 150, "height": 150 },
			"EF/flash_chage1/620_S2_charge1_00061": { "width": 150, "height": 150 },
			"EF/flash_chage1/620_S2_charge1_00062": { "width": 150, "height": 150 }
		},
		"EF/flash_chage1/620_S2_charge1_52": {
			"EF/flash_chage1/620_S2_charge1_00052": { "width": 150, "height": 150 },
			"EF/flash_chage1/620_S2_charge1_00053": { "width": 150, "height": 150 },
			"EF/flash_chage1/620_S2_charge1_00054": { "width": 150, "height": 150 },
			"EF/flash_chage1/620_S2_charge1_00055": { "width": 150, "height": 150 },
			"EF/flash_chage1/620_S2_charge1_00056": { "width": 150, "height": 150 },
			"EF/flash_chage1/620_S2_charge1_00057": { "width": 150, "height": 150 },
			"EF/flash_chage1/620_S2_charge1_00058": { "width": 150, "height": 150 },
			"EF/flash_chage1/620_S2_charge1_00059": { "width": 150, "height": 150 },
			"EF/flash_chage1/620_S2_charge1_00060": { "width": 150, "height": 150 },
			"EF/flash_chage1/620_S2_charge1_00061": { "width": 150, "height": 150 },
			"EF/flash_chage1/620_S2_charge1_00062": { "width": 150, "height": 150 }
		},
		"EF/leaf/370_S1_leaf1_00001": {
			"EF/leaf/370_S1_leaf1_00001": { "width": 200, "height": 200 },
			"EF/leaf/370_S1_leaf1_00003": { "width": 200, "height": 200 },
			"EF/leaf/370_S1_leaf1_00005": { "width": 200, "height": 200 },
			"EF/leaf/370_S1_leaf1_00007": { "width": 200, "height": 200 }
		},
		"EF/line2/120_S2_slash1_00002": {
			"EF/line2/120_S2_slash1_00002": { "width": 250, "height": 250 },
			"EF/line2/120_S2_slash1_00003": { "width": 250, "height": 250 },
			"EF/line2/120_S2_slash1_00004": { "width": 250, "height": 250 },
			"EF/line2/120_S2_slash1_00005": { "width": 250, "height": 250 }
		},
		"EF/line2/120_S2_slash1_10": {
			"EF/line2/120_S2_slash1_00002": { "width": 250, "height": 250 },
			"EF/line2/120_S2_slash1_00003": { "width": 250, "height": 250 },
			"EF/line2/120_S2_slash1_00004": { "width": 250, "height": 250 },
			"EF/line2/120_S2_slash1_00005": { "width": 250, "height": 250 }
		},
		"EF/line2/120_S2_slash1_11": {
			"EF/line2/120_S2_slash1_00002": { "width": 250, "height": 250 },
			"EF/line2/120_S2_slash1_00003": { "width": 250, "height": 250 },
			"EF/line2/120_S2_slash1_00004": { "width": 250, "height": 250 },
			"EF/line2/120_S2_slash1_00005": { "width": 250, "height": 250 }
		},
		"EF/line2/120_S2_slash1_12": {
			"EF/line2/120_S2_slash1_00002": { "width": 250, "height": 250 },
			"EF/line2/120_S2_slash1_00003": { "width": 250, "height": 250 },
			"EF/line2/120_S2_slash1_00004": { "width": 250, "height": 250 },
			"EF/line2/120_S2_slash1_00005": { "width": 250, "height": 250 }
		},
		"EF/line2/120_S2_slash1_2": {
			"EF/line2/120_S2_slash1_00002": { "width": 250, "height": 250 },
			"EF/line2/120_S2_slash1_00003": { "width": 250, "height": 250 },
			"EF/line2/120_S2_slash1_00004": { "width": 250, "height": 250 },
			"EF/line2/120_S2_slash1_00005": { "width": 250, "height": 250 }
		},
		"EF/line2/120_S2_slash1_3": {
			"EF/line2/120_S2_slash1_00002": { "width": 250, "height": 250 },
			"EF/line2/120_S2_slash1_00003": { "width": 250, "height": 250 },
			"EF/line2/120_S2_slash1_00004": { "width": 250, "height": 250 },
			"EF/line2/120_S2_slash1_00005": { "width": 250, "height": 250 }
		},
		"EF/line2/120_S2_slash1_4": {
			"EF/line2/120_S2_slash1_00002": { "width": 250, "height": 250 },
			"EF/line2/120_S2_slash1_00003": { "width": 250, "height": 250 },
			"EF/line2/120_S2_slash1_00004": { "width": 250, "height": 250 },
			"EF/line2/120_S2_slash1_00005": { "width": 250, "height": 250 }
		},
		"EF/line2/120_S2_slash1_5": {
			"EF/line2/120_S2_slash1_00002": { "width": 250, "height": 250 },
			"EF/line2/120_S2_slash1_00003": { "width": 250, "height": 250 },
			"EF/line2/120_S2_slash1_00004": { "width": 250, "height": 250 },
			"EF/line2/120_S2_slash1_00005": { "width": 250, "height": 250 }
		},
		"EF/line2/120_S2_slash1_6": {
			"EF/line2/120_S2_slash1_00002": { "width": 250, "height": 250 },
			"EF/line2/120_S2_slash1_00003": { "width": 250, "height": 250 },
			"EF/line2/120_S2_slash1_00004": { "width": 250, "height": 250 },
			"EF/line2/120_S2_slash1_00005": { "width": 250, "height": 250 }
		},
		"EF/line2/120_S2_slash1_7": {
			"EF/line2/120_S2_slash1_00002": { "width": 250, "height": 250 },
			"EF/line2/120_S2_slash1_00003": { "width": 250, "height": 250 },
			"EF/line2/120_S2_slash1_00004": { "width": 250, "height": 250 },
			"EF/line2/120_S2_slash1_00005": { "width": 250, "height": 250 }
		},
		"EF/line2/120_S2_slash1_8": {
			"EF/line2/120_S2_slash1_00002": { "width": 250, "height": 250 },
			"EF/line2/120_S2_slash1_00003": { "width": 250, "height": 250 },
			"EF/line2/120_S2_slash1_00004": { "width": 250, "height": 250 },
			"EF/line2/120_S2_slash1_00005": { "width": 250, "height": 250 }
		},
		"EF/line2/120_S2_slash1_9": {
			"EF/line2/120_S2_slash1_00002": { "width": 250, "height": 250 },
			"EF/line2/120_S2_slash1_00003": { "width": 250, "height": 250 },
			"EF/line2/120_S2_slash1_00004": { "width": 250, "height": 250 },
			"EF/line2/120_S2_slash1_00005": { "width": 250, "height": 250 }
		},
		"EF/shock3/470_S1_smash2_00000": {
			"EF/shock3/470_S1_smash2_00000": { "width": 250, "height": 250 },
			"EF/shock3/470_S1_smash2_00001": { "width": 250, "height": 250 },
			"EF/shock3/470_S1_smash2_00002": { "width": 250, "height": 250 },
			"EF/shock3/470_S1_smash2_00003": { "width": 250, "height": 250 },
			"EF/shock3/470_S1_smash2_00004": { "width": 250, "height": 250 }
		},
		"EF/wave_shock1/470_S1_wave1_0": {
			"EF/wave_shock1/470_S1_wave1_00000": { "x": 3.77, "width": 250, "height": 250 },
			"EF/wave_shock1/470_S1_wave1_00001": { "x": 3.77, "width": 250, "height": 250 },
			"EF/wave_shock1/470_S1_wave1_00002": { "x": 3.77, "width": 250, "height": 250 },
			"EF/wave_shock1/470_S1_wave1_00003": { "x": 3.77, "width": 250, "height": 250 },
			"EF/wave_shock1/470_S1_wave1_00004": { "x": 3.77, "width": 250, "height": 250 }
		},
		"EF/wave_shock1/470_S1_wave1_00000": {
			"EF/wave_shock1/470_S1_wave1_00000": { "x": 3.77, "width": 250, "height": 250 },
			"EF/wave_shock1/470_S1_wave1_00001": { "x": 3.77, "width": 250, "height": 250 },
			"EF/wave_shock1/470_S1_wave1_00002": { "x": 3.77, "width": 250, "height": 250 },
			"EF/wave_shock1/470_S1_wave1_00003": { "x": 3.77, "width": 250, "height": 250 },
			"EF/wave_shock1/470_S1_wave1_00004": { "x": 3.77, "width": 250, "height": 250 }
		},
		"EF/wave_shock1/470_S1_wave1_1": {
			"EF/wave_shock1/470_S1_wave1_00000": { "x": 3.77, "width": 250, "height": 250 },
			"EF/wave_shock1/470_S1_wave1_00001": { "x": 3.77, "width": 250, "height": 250 },
			"EF/wave_shock1/470_S1_wave1_00002": { "x": 3.77, "width": 250, "height": 250 },
			"EF/wave_shock1/470_S1_wave1_00003": { "x": 3.77, "width": 250, "height": 250 },
			"EF/wave_shock1/470_S1_wave1_00004": { "x": 3.77, "width": 250, "height": 250 }
		},
		"EF/wave_shock1/470_S1_wave1_2": {
			"EF/wave_shock1/470_S1_wave1_00000": { "x": 3.77, "width": 250, "height": 250 },
			"EF/wave_shock1/470_S1_wave1_00001": { "x": 3.77, "width": 250, "height": 250 },
			"EF/wave_shock1/470_S1_wave1_00002": { "x": 3.77, "width": 250, "height": 250 },
			"EF/wave_shock1/470_S1_wave1_00003": { "x": 3.77, "width": 250, "height": 250 },
			"EF/wave_shock1/470_S1_wave1_00004": { "x": 3.77, "width": 250, "height": 250 }
		},
		"EF/wave_shock1/470_S1_wave1_3": {
			"EF/wave_shock1/470_S1_wave1_00000": { "x": 3.77, "width": 250, "height": 250 },
			"EF/wave_shock1/470_S1_wave1_00001": { "x": 3.77, "width": 250, "height": 250 },
			"EF/wave_shock1/470_S1_wave1_00002": { "x": 3.77, "width": 250, "height": 250 },
			"EF/wave_shock1/470_S1_wave1_00003": { "x": 3.77, "width": 250, "height": 250 },
			"EF/wave_shock1/470_S1_wave1_00004": { "x": 3.77, "width": 250, "height": 250 }
		},
		"EF/wave_shock1/470_S1_wave1_4": {
			"EF/wave_shock1/470_S1_wave1_00000": { "x": 3.77, "width": 250, "height": 250 },
			"EF/wave_shock1/470_S1_wave1_00001": { "x": 3.77, "width": 250, "height": 250 },
			"EF/wave_shock1/470_S1_wave1_00002": { "x": 3.77, "width": 250, "height": 250 },
			"EF/wave_shock1/470_S1_wave1_00003": { "x": 3.77, "width": 250, "height": 250 },
			"EF/wave_shock1/470_S1_wave1_00004": { "x": 3.77, "width": 250, "height": 250 }
		},
		"EF/wave_shock1/470_S1_wave1_5": {
			"EF/wave_shock1/470_S1_wave1_00000": { "x": 3.77, "width": 250, "height": 250 },
			"EF/wave_shock1/470_S1_wave1_00001": { "x": 3.77, "width": 250, "height": 250 },
			"EF/wave_shock1/470_S1_wave1_00002": { "x": 3.77, "width": 250, "height": 250 },
			"EF/wave_shock1/470_S1_wave1_00003": { "x": 3.77, "width": 250, "height": 250 },
			"EF/wave_shock1/470_S1_wave1_00004": { "x": 3.77, "width": 250, "height": 250 }
		}
	}
},
"events": {
	"Event": {},
	"Event2": {},
	"Hit": {},
	"Sound1": {},
	"Sound2": {},
	"Sound3": {}
},
"animations": {
	"attack1": {
		"slots": {
			"DAMAGEAREA": {
				"attachment": [
					{ "time": 0.2333, "name": "DAMAGEAREA" },
					{ "time": 0.3, "name": null }
				]
			},
			"EF/arrow/480_S1_arrow1_00038": {
				"attachment": [
					{ "time": 0.2333, "name": "EF/arrow/480_S1_arrow1_00038" },
					{ "time": 0.3, "name": null }
				]
			},
			"EF/flash1/670_A1_shot2_00000": {
				"attachment": [
					{ "time": 0, "name": "EF/flash1/670_A1_shot2_00000" }
				],
				"color": [
					{
						"time": 0.1666,
						"color": "ffffffff",
						"curve": [ 0.272, 0.77, 0.75, 0.91 ]
					},
					{ "time": 0.2666, "color": "ffffff00" }
				]
			},
			"EF/flash_chage1/620_S2_charge1_00052": {
				"attachment": [
					{ "time": 0, "name": "EF/flash_chage1/620_S2_charge1_00058" },
					{ "time": 0.0666, "name": "EF/flash_chage1/620_S2_charge1_00059" },
					{ "time": 0.1, "name": "EF/flash_chage1/620_S2_charge1_00060" },
					{ "time": 0.1666, "name": "EF/flash_chage1/620_S2_charge1_00061" },
					{ "time": 0.2333, "name": "EF/flash_chage1/620_S2_charge1_00062" },
					{ "time": 0.2666, "name": null }
				]
			},
			"EF/leaf/370_S1_leaf1_00001": {
				"attachment": [
					{ "time": 0.2333, "name": "EF/leaf/370_S1_leaf1_00001" },
					{ "time": 0.2666, "name": "EF/leaf/370_S1_leaf1_00003" },
					{ "time": 0.3, "name": "EF/leaf/370_S1_leaf1_00005" },
					{ "time": 0.3333, "name": "EF/leaf/370_S1_leaf1_00007" }
				],
				"color": [
					{ "time": 0.2333, "color": "ffffffff", "curve": "stepped" },
					{ "time": 0.3333, "color": "ffffffff" },
					{ "time": 0.4333, "color": "ffffff00" }
				]
			},
			"EF/line2/120_S2_slash1_00002": {
				"attachment": [
					{ "time": 0.2666, "name": "EF/line2/120_S2_slash1_00002" },
					{ "time": 0.4, "name": null }
				]
			},
			"EF/shock3/470_S1_smash2_00000": {
				"attachment": [
					{ "time": 0.1666, "name": "EF/shock3/470_S1_smash2_00000" },
					{ "time": 0.2, "name": "EF/shock3/470_S1_smash2_00001" },
					{ "time": 0.2333, "name": "EF/shock3/470_S1_smash2_00002" },
					{ "time": 0.2666, "name": "EF/shock3/470_S1_smash2_00003" },
					{ "time": 0.3, "name": "EF/shock3/470_S1_smash2_00004" },
					{ "time": 0.3666, "name": null }
				],
				"color": [
					{ "time": 0.2666, "color": "ffffffff" },
					{ "time": 0.3666, "color": "ffffff00" }
				]
			},
			"EF/wave_shock1/470_S1_wave1_00000": {
				"attachment": [
					{ "time": 0.2333, "name": "EF/wave_shock1/470_S1_wave1_00000" },
					{ "time": 0.2666, "name": "EF/wave_shock1/470_S1_wave1_00002" },
					{ "time": 0.3, "name": "EF/wave_shock1/470_S1_wave1_00003" }
				],
				"color": [
					{
						"time": 0.3,
						"color": "ffffffff",
						"curve": [ 0.216, 0.47, 0.75, 1 ]
					},
					{ "time": 0.4, "color": "ffffff00" }
				]
			}
		},
		"bones": {
			"EF/shock3/470_S1_smash2_00000": {
				"translate": [
					{ "time": 0.1666, "x": -509.24, "y": -20.96 }
				],
				"scale": [
					{ "time": 0.1666, "x": 3.606, "y": 3.606 }
				]
			},
			"EF/wave_shock1/470_S1_wave1_00000": {
				"translate": [
					{ "time": 0.2333, "x": -647.71, "y": 79.18 },
					{ "time": 0.4, "x": -638.15, "y": 79.18 }
				],
				"scale": [
					{ "time": 0.2333, "x": 3.848, "y": 3.848, "curve": "stepped" },
					{ "time": 0.3, "x": 3.848, "y": 3.848 },
					{ "time": 0.4, "x": 4.266, "y": 4.266 }
				]
			},
			"EF/flash_chage1/620_S2_charge1_00052": {
				"translate": [
					{ "time": 0, "x": -632.67, "y": -135.45 }
				]
			},
			"EF/flash1/670_A1_shot2_00000": {
				"rotate": [
					{ "time": 0, "angle": 0 },
					{ "time": 0.1, "angle": 90 }
				],
				"translate": [
					{ "time": 0, "x": -634.17, "y": -187.87 }
				],
				"scale": [
					{ "time": 0, "x": 0.562, "y": 0.562 },
					{ "time": 0.0333, "x": 5.071, "y": 5.071 },
					{
						"time": 0.1333,
						"x": 4.567,
						"y": 4.567,
						"curve": [ 0.272, 0.77, 0.75, 0.91 ]
					},
					{ "time": 0.2333, "x": 0.718, "y": 0.718 }
				]
			},
			"EF/leaf/370_S1_leaf1_00001": {
				"rotate": [
					{ "time": 0.2333, "angle": 180 }
				],
				"translate": [
					{
						"time": 0.2333,
						"x": -1003.36,
						"y": -63.5,
						"curve": [ 0.167, 0.52, 0.763, 1 ]
					},
					{
						"time": 0.3333,
						"x": -1048.4,
						"y": -63.5,
						"curve": [ 0.243, 0, 0.585, 0.36 ]
					},
					{ "time": 0.4333, "x": -1054.06, "y": -63.5 }
				],
				"scale": [
					{
						"time": 0.2333,
						"x": 2.684,
						"y": 2.684,
						"curve": [ 0.167, 0.52, 0.763, 1 ]
					},
					{ "time": 0.4333, "x": 4.018, "y": 4.018 }
				]
			},
			"DAMAGEAREA": {
				"rotate": [
					{ "time": 0.2666, "angle": 0.6 }
				],
				"translate": [
					{ "time": 0.2333, "x": -196.06, "y": 69.63 },
					{ "time": 0.2666, "x": -763.25, "y": 69.63 },
					{ "time": 0.3, "x": -969.5, "y": 69.63 }
				],
				"scale": [
					{ "time": 0.2333, "x": 6.571, "y": 1 },
					{ "time": 0.2666, "x": 13.179, "y": 1 }
				]
			},
			"EF/arrow/480_S1_arrow1_00038": {
				"translate": [
					{ "time": 0.2333, "x": -870.5, "y": -319.7 },
					{ "time": 0.2666, "x": -1234.54, "y": -319.7 },
					{ "time": 0.3, "x": -1799.85, "y": -319.7 }
				],
				"scale": [
					{ "time": 0.2333, "x": 2.811, "y": 2.811 }
				]
			},
			"EF/line2/120_S2_slash1_00002": {
				"rotate": [
					{ "time": 0.2666, "angle": 90 }
				],
				"translate": [
					{ "time": 0.2666, "x": -1097.01, "y": -91.66 },
					{ "time": 0.3, "x": -1430.71, "y": -91.66 }
				],
				"scale": [
					{ "time": 0.2666, "x": 1.806, "y": 3.268 },
					{ "time": 0.3666, "x": 0.096, "y": 3.268 }
				]
			}
		},
		"events": [
			{ "time": 0, "name": "Event", "float": 0.3, "string": "kHitStopType_normal" },
			{ "time": 0, "name": "Sound1", "string": "cri_se_battle_charge_completion" },
			{ "time": 0, "name": "Sound2", "string": "setHitSound(se_battle_007_attack_hit_01)" },
			{ "time": 0.2, "name": "Sound1", "string": "cri_se_battle_beam" },
			{ "time": 0.2333, "name": "Event", "float": 3, "string": "shakeGround" }
		]
	},
	"attack2": {
		"slots": {
			"DAMAGEAREA": {
				"attachment": [
					{ "time": 0.1, "name": "DAMAGEAREA" },
					{ "time": 1.3333, "name": null }
				]
			},
			"EF/arrow/480_S1_arrow1_00038": {
				"attachment": [
					{ "time": 0, "name": "EF/arrow/480_S1_arrow1_00038" },
					{ "time": 0.4, "name": "EF/arrow/480_S1_arrow1_00038" },
					{ "time": 0.7666, "name": "EF/arrow/480_S1_arrow1_00038" }
				],
				"color": [
					{ "time": 0, "color": "ffffffff", "curve": "stepped" },
					{ "time": 0.2, "color": "ffffffff" },
					{ "time": 0.2333, "color": "ffffff00", "curve": "stepped" },
					{ "time": 0.4, "color": "ffffffff", "curve": "stepped" },
					{ "time": 0.6, "color": "ffffffff" },
					{ "time": 0.6333, "color": "ffffff00", "curve": "stepped" },
					{ "time": 0.7666, "color": "ffffffff", "curve": "stepped" },
					{ "time": 0.9666, "color": "ffffffff" },
					{ "time": 1.0333, "color": "ffffff00" }
				]
			},
			"EF/arrow/480_S1_arrow1_38": {
				"color": [
					{ "time": 0.0333, "color": "ffffffff", "curve": "stepped" },
					{ "time": 0.2333, "color": "ffffffff" },
					{ "time": 0.3, "color": "ffffff00", "curve": "stepped" },
					{ "time": 0.4333, "color": "ffffffff", "curve": "stepped" },
					{ "time": 0.6333, "color": "ffffffff" },
					{ "time": 0.7, "color": "ffffff00", "curve": "stepped" },
					{ "time": 0.8333, "color": "ffffffff", "curve": "stepped" },
					{ "time": 1.0333, "color": "ffffffff" },
					{ "time": 1.0666, "color": "ffffff00" }
				]
			},
			"EF/arrow/480_S1_arrow1_39": {
				"attachment": [
					{ "time": 0.1, "name": "EF/arrow/480_S1_arrow1_00038" },
					{ "time": 0.5, "name": "EF/arrow/480_S1_arrow1_00038" },
					{ "time": 0.8666, "name": "EF/arrow/480_S1_arrow1_00038" }
				],
				"color": [
					{ "time": 0.1, "color": "ffffffff", "curve": "stepped" },
					{ "time": 0.3, "color": "ffffffff" },
					{ "time": 0.3333, "color": "ffffff00", "curve": "stepped" },
					{ "time": 0.5, "color": "ffffffff", "curve": "stepped" },
					{ "time": 0.7, "color": "ffffffff" },
					{ "time": 0.7333, "color": "ffffff00", "curve": "stepped" },
					{ "time": 0.8666, "color": "ffffffff", "curve": "stepped" },
					{ "time": 1.0666, "color": "ffffffff" },
					{ "time": 1.1333, "color": "ffffff00" }
				]
			},
			"EF/arrow/480_S1_arrow1_40": {
				"attachment": [
					{ "time": 0.1333, "name": "EF/arrow/480_S1_arrow1_00038" },
					{ "time": 0.5333, "name": "EF/arrow/480_S1_arrow1_00038" },
					{ "time": 0.9333, "name": "EF/arrow/480_S1_arrow1_00038" }
				],
				"color": [
					{ "time": 0.1333, "color": "ffffffff", "curve": "stepped" },
					{ "time": 0.3333, "color": "ffffffff" },
					{ "time": 0.4, "color": "ffffff00", "curve": "stepped" },
					{ "time": 0.5333, "color": "ffffffff", "curve": "stepped" },
					{ "time": 0.7333, "color": "ffffffff" },
					{ "time": 0.7666, "color": "ffffff00", "curve": "stepped" },
					{ "time": 0.9333, "color": "ffffffff", "curve": "stepped" },
					{ "time": 1.1333, "color": "ffffffff" },
					{ "time": 1.1666, "color": "ffffff00" }
				]
			},
			"EF/arrow/480_S1_arrow1_41": {
				"attachment": [
					{ "time": 0.2, "name": "EF/arrow/480_S1_arrow1_00038" },
					{ "time": 0.6, "name": "EF/arrow/480_S1_arrow1_00038" },
					{ "time": 0.9666, "name": "EF/arrow/480_S1_arrow1_00038" }
				],
				"color": [
					{ "time": 0.2, "color": "ffffffff", "curve": "stepped" },
					{ "time": 0.4, "color": "ffffffff" },
					{ "time": 0.4333, "color": "ffffff00", "curve": "stepped" },
					{ "time": 0.6, "color": "ffffffff", "curve": "stepped" },
					{ "time": 0.7666, "color": "ffffffff" },
					{ "time": 0.8333, "color": "ffffff00", "curve": "stepped" },
					{ "time": 0.9666, "color": "ffffffff", "curve": "stepped" },
					{ "time": 1.1666, "color": "ffffffff" },
					{ "time": 1.2333, "color": "ffffff00" }
				]
			},
			"EF/arrow/480_S1_arrow1_42": {
				"attachment": [
					{ "time": 0.2333, "name": "EF/arrow/480_S1_arrow1_00038" },
					{ "time": 0.6333, "name": "EF/arrow/480_S1_arrow1_00038" },
					{ "time": 1.0333, "name": "EF/arrow/480_S1_arrow1_00038" }
				],
				"color": [
					{ "time": 0.2333, "color": "ffffffff", "curve": "stepped" },
					{ "time": 0.4, "color": "ffffffff" },
					{ "time": 0.4333, "color": "ffffff00", "curve": "stepped" },
					{ "time": 0.6333, "color": "ffffffff", "curve": "stepped" },
					{ "time": 0.7666, "color": "ffffffff" },
					{ "time": 0.8333, "color": "ffffff00", "curve": "stepped" },
					{ "time": 1.0333, "color": "ffffffff", "curve": "stepped" },
					{ "time": 1.1666, "color": "ffffffff" },
					{ "time": 1.2333, "color": "ffffff00" }
				]
			},
			"EF/arrow/480_S1_arrow1_43": {
				"attachment": [
					{ "time": 0.3, "name": "EF/arrow/480_S1_arrow1_00038" },
					{ "time": 0.7, "name": "EF/arrow/480_S1_arrow1_00038" },
					{ "time": 1.0666, "name": "EF/arrow/480_S1_arrow1_00038" }
				],
				"color": [
					{ "time": 0.3, "color": "ffffffff", "curve": "stepped" },
					{ "time": 0.5, "color": "ffffffff" },
					{ "time": 0.5333, "color": "ffffff00", "curve": "stepped" },
					{ "time": 0.7, "color": "ffffffff", "curve": "stepped" },
					{ "time": 0.8666, "color": "ffffffff" },
					{ "time": 0.9333, "color": "ffffff00", "curve": "stepped" },
					{ "time": 1.0666, "color": "ffffffff", "curve": "stepped" },
					{ "time": 1.2666, "color": "ffffffff" },
					{ "time": 1.3333, "color": "ffffff00" }
				]
			},
			"EF/arrow/480_S1_arrow1_44": {
				"attachment": [
					{ "time": 0.3333, "name": "EF/arrow/480_S1_arrow1_00038" },
					{ "time": 0.5333, "name": null },
					{ "time": 0.7333, "name": "EF/arrow/480_S1_arrow1_00038" },
					{ "time": 0.9333, "name": null },
					{ "time": 1.1333, "name": "EF/arrow/480_S1_arrow1_00038" },
					{ "time": 1.3333, "name": null }
				]
			},
			"EF/arrow/480_S1_arrow1_45": {
				"attachment": [
					{ "time": 0.1, "name": "EF/arrow/480_S1_arrow1_00038" },
					{ "time": 0.3333, "name": null },
					{ "time": 0.5, "name": "EF/arrow/480_S1_arrow1_00038" },
					{ "time": 0.7333, "name": null },
					{ "time": 0.8666, "name": "EF/arrow/480_S1_arrow1_00038" },
					{ "time": 1.1333, "name": null }
				]
			},
			"EF/arrow/480_S1_arrow1_46": {
				"attachment": [
					{ "time": 0.2, "name": "EF/arrow/480_S1_arrow1_00038" },
					{ "time": 0.4333, "name": null }
				]
			},
			"EF/arrow/480_S1_arrow1_47": {
				"attachment": [
					{ "time": 0.6, "name": "EF/arrow/480_S1_arrow1_00038" },
					{ "time": 0.8333, "name": null },
					{ "time": 0.9666, "name": "EF/arrow/480_S1_arrow1_00038" },
					{ "time": 1.2333, "name": null }
				]
			},
			"EF/line2/120_S2_slash1_00002": {
				"attachment": [
					{ "time": 0, "name": "EF/line2/120_S2_slash1_00003" },
					{ "time": 0.1, "name": "EF/line2/120_S2_slash1_00002" },
					{ "time": 0.2, "name": "EF/line2/120_S2_slash1_00005" },
					{ "time": 0.3, "name": null },
					{ "time": 0.4, "name": "EF/line2/120_S2_slash1_00003" },
					{ "time": 0.5, "name": "EF/line2/120_S2_slash1_00002" },
					{ "time": 0.6, "name": "EF/line2/120_S2_slash1_00005" },
					{ "time": 0.7, "name": null },
					{ "time": 0.7666, "name": "EF/line2/120_S2_slash1_00003" },
					{ "time": 0.8666, "name": "EF/line2/120_S2_slash1_00002" },
					{ "time": 0.9666, "name": "EF/line2/120_S2_slash1_00005" },
					{ "time": 1.0666, "name": null }
				]
			},
			"EF/line2/120_S2_slash1_2": {
				"attachment": [
					{ "time": 0.3, "name": "EF/line2/120_S2_slash1_00003" },
					{ "time": 0.4, "name": "EF/line2/120_S2_slash1_00002" },
					{ "time": 0.5, "name": "EF/line2/120_S2_slash1_00005" },
					{ "time": 0.6, "name": null },
					{ "time": 0.7, "name": "EF/line2/120_S2_slash1_00003" },
					{ "time": 0.7666, "name": "EF/line2/120_S2_slash1_00002" },
					{ "time": 0.8666, "name": "EF/line2/120_S2_slash1_00005" },
					{ "time": 0.9666, "name": null },
					{ "time": 1.0666, "name": "EF/line2/120_S2_slash1_00003" },
					{ "time": 1.1666, "name": "EF/line2/120_S2_slash1_00002" },
					{ "time": 1.2666, "name": "EF/line2/120_S2_slash1_00005" },
					{ "time": 1.3666, "name": null }
				]
			},
			"EF/line2/120_S2_slash1_3": {
				"attachment": [
					{ "time": 0.1, "name": "EF/line2/120_S2_slash1_00003" },
					{ "time": 0.2, "name": "EF/line2/120_S2_slash1_00002" },
					{ "time": 0.3, "name": "EF/line2/120_S2_slash1_00005" },
					{ "time": 0.4, "name": null },
					{ "time": 0.5, "name": "EF/line2/120_S2_slash1_00003" },
					{ "time": 0.6, "name": "EF/line2/120_S2_slash1_00002" },
					{ "time": 0.7, "name": "EF/line2/120_S2_slash1_00005" },
					{ "time": 0.7666, "name": null },
					{ "time": 0.8666, "name": "EF/line2/120_S2_slash1_00003" },
					{ "time": 0.9666, "name": "EF/line2/120_S2_slash1_00002" },
					{ "time": 1.0666, "name": "EF/line2/120_S2_slash1_00005" },
					{ "time": 1.1666, "name": null }
				]
			},
			"EF/line2/120_S2_slash1_4": {
				"attachment": [
					{ "time": 0.2, "name": "EF/line2/120_S2_slash1_00003" },
					{ "time": 0.3, "name": "EF/line2/120_S2_slash1_00002" },
					{ "time": 0.4, "name": "EF/line2/120_S2_slash1_00005" },
					{ "time": 0.5, "name": null },
					{ "time": 0.6, "name": "EF/line2/120_S2_slash1_00003" },
					{ "time": 0.7, "name": "EF/line2/120_S2_slash1_00002" },
					{ "time": 0.7666, "name": "EF/line2/120_S2_slash1_00005" },
					{ "time": 0.8666, "name": null },
					{ "time": 0.9666, "name": "EF/line2/120_S2_slash1_00003" },
					{ "time": 1.0666, "name": "EF/line2/120_S2_slash1_00002" },
					{ "time": 1.1666, "name": "EF/line2/120_S2_slash1_00005" },
					{ "time": 1.2666, "name": null }
				]
			},
			"EF/line2/120_S2_slash1_5": {
				"attachment": [
					{ "time": 0.0333, "name": "EF/line2/120_S2_slash1_00003" },
					{ "time": 0.1333, "name": "EF/line2/120_S2_slash1_00002" },
					{ "time": 0.2333, "name": "EF/line2/120_S2_slash1_00005" },
					{ "time": 0.3333, "name": null },
					{ "time": 0.4333, "name": "EF/line2/120_S2_slash1_00003" },
					{ "time": 0.5333, "name": "EF/line2/120_S2_slash1_00002" },
					{ "time": 0.6333, "name": "EF/line2/120_S2_slash1_00005" },
					{ "time": 0.7333, "name": null },
					{ "time": 0.8333, "name": "EF/line2/120_S2_slash1_00003" },
					{ "time": 0.9333, "name": "EF/line2/120_S2_slash1_00002" },
					{ "time": 1.0333, "name": "EF/line2/120_S2_slash1_00005" },
					{ "time": 1.1333, "name": null }
				]
			},
			"EF/line2/120_S2_slash1_6": {
				"attachment": [
					{ "time": 0.2333, "name": "EF/line2/120_S2_slash1_00003" },
					{ "time": 0.3333, "name": "EF/line2/120_S2_slash1_00004" },
					{ "time": 0.4333, "name": "EF/line2/120_S2_slash1_00005" },
					{ "time": 0.5333, "name": null },
					{ "time": 0.6333, "name": "EF/line2/120_S2_slash1_00003" },
					{ "time": 0.7333, "name": "EF/line2/120_S2_slash1_00004" },
					{ "time": 0.8333, "name": "EF/line2/120_S2_slash1_00005" },
					{ "time": 0.9333, "name": null },
					{ "time": 1.0333, "name": "EF/line2/120_S2_slash1_00003" },
					{ "time": 1.1333, "name": "EF/line2/120_S2_slash1_00004" },
					{ "time": 1.2333, "name": "EF/line2/120_S2_slash1_00005" },
					{ "time": 1.3333, "name": null }
				]
			},
			"EF/line2/120_S2_slash1_7": {
				"attachment": [
					{ "time": 0.1333, "name": "EF/line2/120_S2_slash1_00003" },
					{ "time": 0.2333, "name": "EF/line2/120_S2_slash1_00004" },
					{ "time": 0.3333, "name": "EF/line2/120_S2_slash1_00005" },
					{ "time": 0.4333, "name": null },
					{ "time": 0.5333, "name": "EF/line2/120_S2_slash1_00003" },
					{ "time": 0.6333, "name": "EF/line2/120_S2_slash1_00004" },
					{ "time": 0.7333, "name": "EF/line2/120_S2_slash1_00005" },
					{ "time": 0.8333, "name": null },
					{ "time": 0.9333, "name": "EF/line2/120_S2_slash1_00003" },
					{ "time": 1.0333, "name": "EF/line2/120_S2_slash1_00004" },
					{ "time": 1.1333, "name": "EF/line2/120_S2_slash1_00005" },
					{ "time": 1.2333, "name": null }
				]
			},
			"EF/line2/120_S2_slash1_8": {
				"attachment": [
					{ "time": 0.3333, "name": "EF/line2/120_S2_slash1_00003" },
					{ "time": 0.4333, "name": "EF/line2/120_S2_slash1_00004" },
					{ "time": 0.5333, "name": "EF/line2/120_S2_slash1_00005" },
					{ "time": 0.6333, "name": null },
					{ "time": 0.7333, "name": "EF/line2/120_S2_slash1_00003" },
					{ "time": 0.8333, "name": "EF/line2/120_S2_slash1_00004" },
					{ "time": 0.9333, "name": "EF/line2/120_S2_slash1_00005" },
					{ "time": 1.0333, "name": null },
					{ "time": 1.1333, "name": "EF/line2/120_S2_slash1_00003" },
					{ "time": 1.2333, "name": "EF/line2/120_S2_slash1_00004" },
					{ "time": 1.3333, "name": "EF/line2/120_S2_slash1_00005" },
					{ "time": 1.4333, "name": null }
				]
			},
			"EF/line2/120_S2_slash1_9": {
				"attachment": [
					{ "time": 0.1, "name": "EF/line2/120_S2_slash1_00003" },
					{ "time": 0.2, "name": "EF/line2/120_S2_slash1_00004" },
					{ "time": 0.3, "name": "EF/line2/120_S2_slash1_00005" },
					{ "time": 0.4, "name": null },
					{ "time": 0.5, "name": "EF/line2/120_S2_slash1_00003" },
					{ "time": 0.6, "name": "EF/line2/120_S2_slash1_00004" },
					{ "time": 0.7, "name": "EF/line2/120_S2_slash1_00005" },
					{ "time": 0.7666, "name": null },
					{ "time": 0.8666, "name": "EF/line2/120_S2_slash1_00003" },
					{ "time": 0.9666, "name": "EF/line2/120_S2_slash1_00004" },
					{ "time": 1.0666, "name": "EF/line2/120_S2_slash1_00005" },
					{ "time": 1.1666, "name": null }
				]
			},
			"EF/line2/120_S2_slash1_10": {
				"attachment": [
					{ "time": 0.1333, "name": "EF/line2/120_S2_slash1_00002" },
					{ "time": 0.2333, "name": "EF/line2/120_S2_slash1_00003" },
					{ "time": 0.3333, "name": "EF/line2/120_S2_slash1_00004" },
					{ "time": 0.4333, "name": null },
					{ "time": 0.5333, "name": "EF/line2/120_S2_slash1_00002" },
					{ "time": 0.6333, "name": "EF/line2/120_S2_slash1_00003" },
					{ "time": 0.7333, "name": "EF/line2/120_S2_slash1_00004" },
					{ "time": 0.8333, "name": null },
					{ "time": 0.9333, "name": "EF/line2/120_S2_slash1_00002" },
					{ "time": 1.0333, "name": "EF/line2/120_S2_slash1_00003" },
					{ "time": 1.1333, "name": "EF/line2/120_S2_slash1_00004" },
					{ "time": 1.2333, "name": null }
				]
			},
			"EF/line2/120_S2_slash1_11": {
				"attachment": [
					{ "time": 0.3, "name": "EF/line2/120_S2_slash1_00002" },
					{ "time": 0.4, "name": "EF/line2/120_S2_slash1_00003" },
					{ "time": 0.5, "name": "EF/line2/120_S2_slash1_00004" },
					{ "time": 0.6, "name": null },
					{ "time": 0.7, "name": "EF/line2/120_S2_slash1_00002" },
					{ "time": 0.7666, "name": "EF/line2/120_S2_slash1_00003" },
					{ "time": 0.8666, "name": "EF/line2/120_S2_slash1_00004" },
					{ "time": 0.9666, "name": null },
					{ "time": 1.0666, "name": "EF/line2/120_S2_slash1_00002" },
					{ "time": 1.1666, "name": "EF/line2/120_S2_slash1_00003" },
					{ "time": 1.2666, "name": "EF/line2/120_S2_slash1_00004" },
					{ "time": 1.3666, "name": null }
				]
			},
			"EF/line2/120_S2_slash1_12": {
				"attachment": [
					{ "time": 0.2, "name": "EF/line2/120_S2_slash1_00003" },
					{ "time": 0.3, "name": "EF/line2/120_S2_slash1_00004" },
					{ "time": 0.4, "name": "EF/line2/120_S2_slash1_00005" },
					{ "time": 0.5, "name": null },
					{ "time": 0.6, "name": "EF/line2/120_S2_slash1_00003" },
					{ "time": 0.7, "name": "EF/line2/120_S2_slash1_00004" },
					{ "time": 0.7666, "name": "EF/line2/120_S2_slash1_00005" },
					{ "time": 0.8666, "name": null },
					{ "time": 0.9666, "name": "EF/line2/120_S2_slash1_00003" },
					{ "time": 1.0666, "name": "EF/line2/120_S2_slash1_00004" },
					{ "time": 1.1666, "name": "EF/line2/120_S2_slash1_00005" },
					{ "time": 1.2666, "name": null }
				]
			},
			"EF/wave_shock1/470_S1_wave1_00000": {
				"attachment": [
					{ "time": 0.0666, "name": "EF/wave_shock1/470_S1_wave1_00000" },
					{ "time": 0.1, "name": "EF/wave_shock1/470_S1_wave1_00002" },
					{ "time": 0.1666, "name": "EF/wave_shock1/470_S1_wave1_00003" },
					{ "time": 0.3, "name": null },
					{ "time": 0.4333, "name": "EF/wave_shock1/470_S1_wave1_00000" },
					{ "time": 0.5, "name": "EF/wave_shock1/470_S1_wave1_00002" },
					{ "time": 0.5333, "name": "EF/wave_shock1/470_S1_wave1_00003" },
					{ "time": 0.6666, "name": null },
					{ "time": 0.8333, "name": "EF/wave_shock1/470_S1_wave1_00000" },
					{ "time": 0.8666, "name": "EF/wave_shock1/470_S1_wave1_00002" },
					{ "time": 0.9, "name": "EF/wave_shock1/470_S1_wave1_00003" },
					{ "time": 1.0666, "name": null }
				],
				"color": [
					{ "time": 0.0666, "color": "ffffffff", "curve": "stepped" },
					{
						"time": 0.1666,
						"color": "ffffffff",
						"curve": [ 0.216, 0.47, 0.75, 1 ]
					},
					{ "time": 0.3, "color": "ffffff00" },
					{ "time": 0.4333, "color": "ffffffff", "curve": "stepped" },
					{
						"time": 0.5333,
						"color": "ffffffff",
						"curve": [ 0.216, 0.47, 0.75, 1 ]
					},
					{ "time": 0.6666, "color": "ffffff00" },
					{ "time": 0.8333, "color": "ffffffff", "curve": "stepped" },
					{
						"time": 0.9,
						"color": "ffffffff",
						"curve": [ 0.216, 0.47, 0.75, 1 ]
					},
					{ "time": 1.0666, "color": "ffffff00" }
				]
			},
			"EF/wave_shock1/470_S1_wave1_0": {
				"attachment": [
					{ "time": 0.1, "name": "EF/wave_shock1/470_S1_wave1_00002" },
					{ "time": 0.1666, "name": "EF/wave_shock1/470_S1_wave1_00003" },
					{ "time": 0.2, "name": "EF/wave_shock1/470_S1_wave1_00004" },
					{ "time": 0.3333, "name": null },
					{ "time": 0.5, "name": "EF/wave_shock1/470_S1_wave1_00002" },
					{ "time": 0.5333, "name": "EF/wave_shock1/470_S1_wave1_00003" },
					{ "time": 0.5666, "name": "EF/wave_shock1/470_S1_wave1_00004" },
					{ "time": 0.7333, "name": null },
					{ "time": 0.8666, "name": "EF/wave_shock1/470_S1_wave1_00002" },
					{ "time": 0.9, "name": "EF/wave_shock1/470_S1_wave1_00003" },
					{ "time": 0.9666, "name": "EF/wave_shock1/470_S1_wave1_00004" },
					{ "time": 1.1, "name": null }
				],
				"color": [
					{ "time": 0.1, "color": "ffffffff", "curve": "stepped" },
					{
						"time": 0.2,
						"color": "ffffffff",
						"curve": [ 0.216, 0.47, 0.75, 1 ]
					},
					{ "time": 0.3333, "color": "ffffff00" },
					{ "time": 0.5, "color": "ffffffff", "curve": "stepped" },
					{
						"time": 0.5666,
						"color": "ffffffff",
						"curve": [ 0.216, 0.47, 0.75, 1 ]
					},
					{ "time": 0.7333, "color": "ffffff00" },
					{ "time": 0.8666, "color": "ffffffff", "curve": "stepped" },
					{
						"time": 0.9666,
						"color": "ffffffff",
						"curve": [ 0.216, 0.47, 0.75, 1 ]
					},
					{ "time": 1.1, "color": "ffffff00" }
				]
			},
			"EF/wave_shock1/470_S1_wave1_1": {
				"attachment": [
					{ "time": 0.1666, "name": "EF/wave_shock1/470_S1_wave1_00002" },
					{ "time": 0.2, "name": "EF/wave_shock1/470_S1_wave1_00003" },
					{ "time": 0.2666, "name": "EF/wave_shock1/470_S1_wave1_00004" },
					{ "time": 0.4, "name": null },
					{ "time": 0.5333, "name": "EF/wave_shock1/470_S1_wave1_00002" },
					{ "time": 0.5666, "name": "EF/wave_shock1/470_S1_wave1_00003" },
					{ "time": 0.6333, "name": "EF/wave_shock1/470_S1_wave1_00004" },
					{ "time": 0.7666, "name": null },
					{ "time": 0.9, "name": "EF/wave_shock1/470_S1_wave1_00002" },
					{ "time": 0.9666, "name": "EF/wave_shock1/470_S1_wave1_00003" },
					{ "time": 1, "name": "EF/wave_shock1/470_S1_wave1_00004" },
					{ "time": 1.1333, "name": null }
				],
				"color": [
					{ "time": 0.1666, "color": "ffffffff", "curve": "stepped" },
					{ "time": 0.2666, "color": "ffffffff" },
					{ "time": 0.4, "color": "ffffff00" },
					{ "time": 0.5333, "color": "ffffffff", "curve": "stepped" },
					{ "time": 0.6333, "color": "ffffffff" },
					{ "time": 0.7666, "color": "ffffff00" },
					{ "time": 0.9, "color": "ffffffff", "curve": "stepped" },
					{ "time": 1, "color": "ffffffff" },
					{ "time": 1.1333, "color": "ffffff00" }
				]
			},
			"EF/wave_shock1/470_S1_wave1_2": {
				"attachment": [
					{ "time": 0.2, "name": "EF/wave_shock1/470_S1_wave1_00002" },
					{ "time": 0.2666, "name": "EF/wave_shock1/470_S1_wave1_00003" },
					{ "time": 0.3, "name": "EF/wave_shock1/470_S1_wave1_00004" },
					{ "time": 0.4333, "name": null },
					{ "time": 0.5666, "name": "EF/wave_shock1/470_S1_wave1_00002" },
					{ "time": 0.6333, "name": "EF/wave_shock1/470_S1_wave1_00003" },
					{ "time": 0.6666, "name": "EF/wave_shock1/470_S1_wave1_00004" },
					{ "time": 0.8333, "name": null },
					{ "time": 0.9666, "name": "EF/wave_shock1/470_S1_wave1_00002" },
					{ "time": 1, "name": "EF/wave_shock1/470_S1_wave1_00003" },
					{ "time": 1.0666, "name": "EF/wave_shock1/470_S1_wave1_00004" },
					{ "time": 1.2, "name": null }
				],
				"color": [
					{ "time": 0.2, "color": "ffffffff", "curve": "stepped" },
					{ "time": 0.3, "color": "ffffffff" },
					{ "time": 0.4333, "color": "ffffff00" },
					{ "time": 0.5666, "color": "ffffffff", "curve": "stepped" },
					{ "time": 0.6666, "color": "ffffffff" },
					{ "time": 0.8333, "color": "ffffff00" },
					{ "time": 0.9666, "color": "ffffffff", "curve": "stepped" },
					{ "time": 1.0666, "color": "ffffffff" },
					{ "time": 1.2, "color": "ffffff00" }
				]
			},
			"EF/wave_shock1/470_S1_wave1_3": {
				"attachment": [
					{ "time": 0.2666, "name": "EF/wave_shock1/470_S1_wave1_00002" },
					{ "time": 0.3, "name": "EF/wave_shock1/470_S1_wave1_00003" },
					{ "time": 0.3333, "name": "EF/wave_shock1/470_S1_wave1_00004" },
					{ "time": 0.5, "name": null },
					{ "time": 0.6333, "name": "EF/wave_shock1/470_S1_wave1_00002" },
					{ "time": 0.6666, "name": "EF/wave_shock1/470_S1_wave1_00003" },
					{ "time": 0.7333, "name": "EF/wave_shock1/470_S1_wave1_00004" },
					{ "time": 0.8666, "name": null },
					{ "time": 1, "name": "EF/wave_shock1/470_S1_wave1_00002" },
					{ "time": 1.0666, "name": "EF/wave_shock1/470_S1_wave1_00003" },
					{ "time": 1.1, "name": "EF/wave_shock1/470_S1_wave1_00004" },
					{ "time": 1.2333, "name": null }
				],
				"color": [
					{ "time": 0.2666, "color": "ffffffff", "curve": "stepped" },
					{ "time": 0.3333, "color": "ffffffff" },
					{ "time": 0.5, "color": "ffffff00" },
					{ "time": 0.6333, "color": "ffffffff", "curve": "stepped" },
					{ "time": 0.7333, "color": "ffffffff" },
					{ "time": 0.8666, "color": "ffffff00" },
					{ "time": 1, "color": "ffffffff", "curve": "stepped" },
					{ "time": 1.1, "color": "ffffffff" },
					{ "time": 1.2333, "color": "ffffff00" }
				]
			},
			"EF/wave_shock1/470_S1_wave1_4": {
				"attachment": [
					{ "time": 0.3, "name": "EF/wave_shock1/470_S1_wave1_00002" },
					{ "time": 0.3333, "name": "EF/wave_shock1/470_S1_wave1_00003" },
					{ "time": 0.4, "name": "EF/wave_shock1/470_S1_wave1_00004" },
					{ "time": 0.5333, "name": null },
					{ "time": 0.6666, "name": "EF/wave_shock1/470_S1_wave1_00002" },
					{ "time": 0.7333, "name": "EF/wave_shock1/470_S1_wave1_00003" },
					{ "time": 0.7666, "name": "EF/wave_shock1/470_S1_wave1_00004" },
					{ "time": 0.9, "name": null },
					{ "time": 1.0666, "name": "EF/wave_shock1/470_S1_wave1_00002" },
					{ "time": 1.1, "name": "EF/wave_shock1/470_S1_wave1_00003" },
					{ "time": 1.1333, "name": "EF/wave_shock1/470_S1_wave1_00004" },
					{ "time": 1.3, "name": null }
				],
				"color": [
					{ "time": 0.3, "color": "ffffffff", "curve": "stepped" },
					{ "time": 0.4, "color": "ffffffff" },
					{ "time": 0.5333, "color": "ffffff00" },
					{ "time": 0.6666, "color": "ffffffff", "curve": "stepped" },
					{ "time": 0.7666, "color": "ffffffff" },
					{ "time": 0.9, "color": "ffffff00" },
					{ "time": 1.0666, "color": "ffffffff", "curve": "stepped" },
					{ "time": 1.1333, "color": "ffffffff" },
					{ "time": 1.3, "color": "ffffff00" }
				]
			},
			"EF/wave_shock1/470_S1_wave1_5": {
				"attachment": [
					{ "time": 0.3333, "name": "EF/wave_shock1/470_S1_wave1_00002" },
					{ "time": 0.4, "name": "EF/wave_shock1/470_S1_wave1_00003" },
					{ "time": 0.4333, "name": "EF/wave_shock1/470_S1_wave1_00004" },
					{ "time": 0.5666, "name": null },
					{ "time": 0.7333, "name": "EF/wave_shock1/470_S1_wave1_00002" },
					{ "time": 0.7666, "name": "EF/wave_shock1/470_S1_wave1_00003" },
					{ "time": 0.8333, "name": "EF/wave_shock1/470_S1_wave1_00004" },
					{ "time": 0.9666, "name": null },
					{ "time": 1.1, "name": "EF/wave_shock1/470_S1_wave1_00002" },
					{ "time": 1.1333, "name": "EF/wave_shock1/470_S1_wave1_00003" },
					{ "time": 1.2, "name": "EF/wave_shock1/470_S1_wave1_00004" },
					{ "time": 1.3333, "name": null }
				],
				"color": [
					{ "time": 0.3333, "color": "ffffffff", "curve": "stepped" },
					{ "time": 0.4333, "color": "ffffffff" },
					{ "time": 0.5666, "color": "ffffff00" },
					{ "time": 0.7333, "color": "ffffffff", "curve": "stepped" },
					{ "time": 0.8333, "color": "ffffffff" },
					{ "time": 0.9666, "color": "ffffff00" },
					{ "time": 1.1, "color": "ffffffff", "curve": "stepped" },
					{ "time": 1.2, "color": "ffffffff" },
					{ "time": 1.3333, "color": "ffffff00" }
				]
			}
		},
		"bones": {
			"EF/wave_shock1/470_S1_wave1_00000": {
				"rotate": [
					{ "time": 0.0666, "angle": 0, "curve": "stepped" },
					{ "time": 0.4333, "angle": 0, "curve": "stepped" },
					{ "time": 0.8333, "angle": 0 }
				],
				"translate": [
					{ "time": 0.0666, "x": -703.57, "y": 92.08, "curve": "stepped" },
					{ "time": 0.4333, "x": -703.57, "y": 92.08, "curve": "stepped" },
					{ "time": 0.8333, "x": -703.57, "y": 92.08 }
				],
				"scale": [
					{ "time": 0.0666, "x": 2.185, "y": 2.185, "curve": "stepped" },
					{ "time": 0.1666, "x": 2.185, "y": 2.185 },
					{ "time": 0.3, "x": 2.902, "y": 2.902, "curve": "stepped" },
					{ "time": 0.4333, "x": 2.185, "y": 2.185, "curve": "stepped" },
					{ "time": 0.5333, "x": 2.185, "y": 2.185 },
					{ "time": 0.6666, "x": 2.902, "y": 2.902 },
					{ "time": 0.8333, "x": 2.185, "y": 2.185, "curve": "stepped" },
					{ "time": 0.9, "x": 2.185, "y": 2.185 },
					{ "time": 1.0666, "x": 2.902, "y": 2.902 }
				]
			},
			"EF/arrow/480_S1_arrow1_00038": {
				"rotate": [
					{ "time": 0, "angle": 0, "curve": "stepped" },
					{ "time": 0.4, "angle": 0, "curve": "stepped" },
					{ "time": 0.7666, "angle": 0 }
				],
				"translate": [
					{ "time": 0, "x": 958.77, "y": -919.76 },
					{ "time": 0.2333, "x": -728.9, "y": -919.76, "curve": "stepped" },
					{ "time": 0.4, "x": 958.77, "y": -919.76 },
					{ "time": 0.6333, "x": -728.9, "y": -919.76 },
					{ "time": 0.7666, "x": 958.77, "y": -919.76 },
					{ "time": 1.0333, "x": -728.9, "y": -919.76 }
				],
				"scale": [
					{ "time": 0, "x": 3.26, "y": 1.81, "curve": "stepped" },
					{ "time": 0.4, "x": 3.26, "y": 1.81, "curve": "stepped" },
					{ "time": 0.7666, "x": 3.26, "y": 1.81 }
				]
			},
			"EF/line2/120_S2_slash1_00002": {
				"rotate": [
					{ "time": 0, "angle": 90, "curve": "stepped" },
					{ "time": 0.4, "angle": 90, "curve": "stepped" },
					{ "time": 0.7666, "angle": 90 }
				],
				"translate": [
					{ "time": 0, "x": 1152.01, "y": -689.47 },
					{ "time": 0.3333, "x": -1330.57, "y": -689.47 },
					{ "time": 0.4, "x": 1152.01, "y": -689.47 },
					{ "time": 0.7333, "x": -1330.57, "y": -689.47 },
					{ "time": 0.7666, "x": 1152.01, "y": -689.47 },
					{ "time": 1.1333, "x": -1330.57, "y": -689.47 }
				],
				"scale": [
					{ "time": 0, "x": 1.509, "y": 3.55, "curve": "stepped" },
					{ "time": 0.4, "x": 1.509, "y": 3.55, "curve": "stepped" },
					{ "time": 0.7666, "x": 1.509, "y": 3.55 }
				]
			},
			"EF/line2/120_S2_slash1_2": {
				"rotate": [
					{ "time": 0.3, "angle": 90, "curve": "stepped" },
					{ "time": 0.7, "angle": 90, "curve": "stepped" },
					{ "time": 1.0666, "angle": 90 }
				],
				"translate": [
					{ "time": 0.3, "x": 1225.24, "y": -604.43 },
					{ "time": 0.6333, "x": -1330.47, "y": -604.43 },
					{ "time": 0.7, "x": 1225.24, "y": -604.43 },
					{ "time": 1.0333, "x": -1330.47, "y": -604.43 },
					{ "time": 1.0666, "x": 1225.24, "y": -604.43 },
					{ "time": 1.4333, "x": -1330.47, "y": -604.43 }
				],
				"scale": [
					{ "time": 0.3, "x": 1.509, "y": 3.55, "curve": "stepped" },
					{ "time": 0.7, "x": 1.509, "y": 3.55, "curve": "stepped" },
					{ "time": 1.0666, "x": 1.509, "y": 3.55 }
				]
			},
			"EF/arrow/480_S1_arrow1_41": {
				"rotate": [
					{ "time": 0.2, "angle": 0, "curve": "stepped" },
					{ "time": 0.6, "angle": 0, "curve": "stepped" },
					{ "time": 0.9666, "angle": 0 }
				],
				"translate": [
					{ "time": 0.2, "x": 1296.58, "y": -733.33 },
					{ "time": 0.4333, "x": -728.9, "y": -733.33, "curve": "stepped" },
					{ "time": 0.6, "x": 1296.58, "y": -733.33 },
					{ "time": 0.8333, "x": -728.9, "y": -733.33, "curve": "stepped" },
					{ "time": 0.9666, "x": 1296.58, "y": -733.33 },
					{ "time": 1.2333, "x": -728.9, "y": -733.33 }
				],
				"scale": [
					{ "time": 0.2, "x": 3.26, "y": 1.81, "curve": "stepped" },
					{ "time": 0.6, "x": 3.26, "y": 1.81, "curve": "stepped" },
					{ "time": 0.9666, "x": 3.26, "y": 1.81 }
				]
			},
			"EF/line2/120_S2_slash1_4": {
				"rotate": [
					{ "time": 0.2, "angle": 90, "curve": "stepped" },
					{ "time": 0.6, "angle": 90, "curve": "stepped" },
					{ "time": 0.9666, "angle": 90 }
				],
				"translate": [
					{ "time": 0.2, "x": 1330.09, "y": -503.52 },
					{ "time": 0.5333, "x": -1406.01, "y": -503.52 },
					{ "time": 0.6, "x": 1330.09, "y": -503.52 },
					{ "time": 0.9333, "x": -1406.01, "y": -503.52 },
					{ "time": 0.9666, "x": 1330.09, "y": -503.52 },
					{ "time": 1.3333, "x": -1406.01, "y": -503.52 }
				],
				"scale": [
					{ "time": 0.2, "x": 1.509, "y": 3.55, "curve": "stepped" },
					{ "time": 0.6, "x": 1.509, "y": 3.55, "curve": "stepped" },
					{ "time": 0.9666, "x": 1.509, "y": 3.55 }
				]
			},
			"EF/arrow/480_S1_arrow1_40": {
				"rotate": [
					{ "time": 0.1333, "angle": 0, "curve": "stepped" },
					{ "time": 0.5333, "angle": 0, "curve": "stepped" },
					{ "time": 0.9333, "angle": 0 }
				],
				"translate": [
					{ "time": 0.1333, "x": 958.77, "y": -880.83 },
					{ "time": 0.4, "x": -728.9, "y": -880.83, "curve": "stepped" },
					{ "time": 0.5333, "x": 958.77, "y": -880.83 },
					{ "time": 0.7666, "x": -728.9, "y": -880.83, "curve": "stepped" },
					{ "time": 0.9333, "x": 958.77, "y": -880.83 },
					{ "time": 1.1666, "x": -728.9, "y": -880.83 }
				],
				"scale": [
					{ "time": 0.1333, "x": 3.26, "y": 1.81, "curve": "stepped" },
					{ "time": 0.5333, "x": 3.26, "y": 1.81, "curve": "stepped" },
					{ "time": 0.9333, "x": 3.26, "y": 1.81 }
				]
			},
			"EF/line2/120_S2_slash1_5": {
				"rotate": [
					{ "time": 0.0333, "angle": 90, "curve": "stepped" },
					{ "time": 0.4333, "angle": 90, "curve": "stepped" },
					{ "time": 0.8333, "angle": 90 }
				],
				"translate": [
					{ "time": 0.0333, "x": 1003.01, "y": -531.57 },
					{ "time": 0.4, "x": -1590.46, "y": -531.57 },
					{ "time": 0.4333, "x": 1003.01, "y": -531.57 },
					{ "time": 0.7666, "x": -1590.46, "y": -531.57 },
					{ "time": 0.8333, "x": 1003.01, "y": -531.57 },
					{ "time": 1.1666, "x": -1590.46, "y": -531.57 }
				],
				"scale": [
					{ "time": 0.0333, "x": 1.509, "y": 3.55, "curve": "stepped" },
					{ "time": 0.4333, "x": 1.509, "y": 3.55, "curve": "stepped" },
					{ "time": 0.8333, "x": 1.509, "y": 3.55 }
				]
			},
			"EF/line2/120_S2_slash1_3": {
				"rotate": [
					{ "time": 0.1, "angle": 90, "curve": "stepped" },
					{ "time": 0.5, "angle": 90, "curve": "stepped" },
					{ "time": 0.8666, "angle": 90 }
				],
				"translate": [
					{ "time": 0.1, "x": 1397.25, "y": -392.5 },
					{ "time": 0.4333, "x": -1362.45, "y": -392.5 },
					{ "time": 0.5, "x": 1397.25, "y": -392.5 },
					{ "time": 0.8333, "x": -1362.45, "y": -392.5 },
					{ "time": 0.8666, "x": 1397.25, "y": -392.5 },
					{ "time": 1.2333, "x": -1362.45, "y": -392.5 }
				],
				"scale": [
					{ "time": 0.1, "x": 1.509, "y": 3.55, "curve": "stepped" },
					{ "time": 0.5, "x": 1.509, "y": 3.55, "curve": "stepped" },
					{ "time": 0.8666, "x": 1.509, "y": 3.55 }
				]
			},
			"EF/arrow/480_S1_arrow1_38": {
				"rotate": [
					{ "time": 0.0333, "angle": 0, "curve": "stepped" },
					{ "time": 0.4333, "angle": 0, "curve": "stepped" },
					{ "time": 0.8333, "angle": 0 }
				],
				"translate": [
					{ "time": 0.0333, "x": 958.77, "y": -761.17 },
					{ "time": 0.3, "x": -728.9, "y": -761.2 },
					{ "time": 0.4333, "x": 958.77, "y": -761.17 },
					{ "time": 0.7, "x": -728.9, "y": -761.2 },
					{ "time": 0.8333, "x": 958.77, "y": -761.17 },
					{ "time": 1.0666, "x": -728.9, "y": -761.2 }
				],
				"scale": [
					{ "time": 0.0333, "x": 3.26, "y": 1.81, "curve": "stepped" },
					{ "time": 0.4333, "x": 3.26, "y": 1.81, "curve": "stepped" },
					{ "time": 0.8333, "x": 3.26, "y": 1.81 }
				]
			},
			"EF/line2/120_S2_slash1_6": {
				"rotate": [
					{ "time": 0.2333, "angle": 90, "curve": "stepped" },
					{ "time": 0.6333, "angle": 90, "curve": "stepped" },
					{ "time": 1.0333, "angle": 90 }
				],
				"translate": [
					{ "time": 0.2333, "x": 1003.01, "y": -736.52 },
					{ "time": 0.6, "x": -2033.97, "y": -736.52 },
					{ "time": 0.6333, "x": 1003.01, "y": -736.52 },
					{ "time": 0.9666, "x": -2033.97, "y": -736.52 },
					{ "time": 1.0333, "x": 1003.01, "y": -736.52 },
					{ "time": 1.3666, "x": -2033.97, "y": -736.52 }
				],
				"scale": [
					{ "time": 0.2333, "x": 1.509, "y": 3.55, "curve": "stepped" },
					{ "time": 0.6333, "x": 1.509, "y": 3.55, "curve": "stepped" },
					{ "time": 1.0333, "x": 1.509, "y": 3.55 }
				]
			},
			"EF/arrow/480_S1_arrow1_42": {
				"rotate": [
					{ "time": 0.2333, "angle": 0, "curve": "stepped" },
					{ "time": 0.6333, "angle": 0, "curve": "stepped" },
					{ "time": 1.0333, "angle": 0 }
				],
				"translate": [
					{ "time": 0.2333, "x": 1068.2, "y": -968.86 },
					{ "time": 0.4333, "x": -728.9, "y": -968.86, "curve": "stepped" },
					{ "time": 0.6333, "x": 1068.2, "y": -968.86 },
					{ "time": 0.8333, "x": -728.9, "y": -968.86, "curve": "stepped" },
					{ "time": 1.0333, "x": 1068.2, "y": -968.86 },
					{ "time": 1.2333, "x": -728.9, "y": -968.86 }
				],
				"scale": [
					{ "time": 0.2333, "x": 3.26, "y": 1.81, "curve": "stepped" },
					{ "time": 0.6333, "x": 3.26, "y": 1.81, "curve": "stepped" },
					{ "time": 1.0333, "x": 3.26, "y": 1.81 }
				]
			},
			"EF/line2/120_S2_slash1_7": {
				"rotate": [
					{ "time": 0.1333, "angle": 90, "curve": "stepped" },
					{ "time": 0.5333, "angle": 90, "curve": "stepped" },
					{ "time": 0.9333, "angle": 90 }
				],
				"translate": [
					{ "time": 0.1333, "x": 1003.01, "y": -651.65 },
					{ "time": 0.5, "x": -1647.7, "y": -651.65 },
					{ "time": 0.5333, "x": 1003.01, "y": -651.65 },
					{ "time": 0.8666, "x": -1647.7, "y": -651.65 },
					{ "time": 0.9333, "x": 1003.01, "y": -651.65 },
					{ "time": 1.2666, "x": -1647.7, "y": -651.65 }
				],
				"scale": [
					{ "time": 0.1333, "x": 1.509, "y": 3.55, "curve": "stepped" },
					{ "time": 0.5333, "x": 1.509, "y": 3.55, "curve": "stepped" },
					{ "time": 0.9333, "x": 1.509, "y": 3.55 }
				]
			},
			"EF/arrow/480_S1_arrow1_39": {
				"rotate": [
					{ "time": 0.1, "angle": 0, "curve": "stepped" },
					{ "time": 0.5, "angle": 0, "curve": "stepped" },
					{ "time": 0.8666, "angle": 0 }
				],
				"translate": [
					{ "time": 0.1, "x": 1316.32, "y": -621.52 },
					{ "time": 0.3333, "x": -728.9, "y": -621.5, "curve": "stepped" },
					{ "time": 0.5, "x": 1316.32, "y": -621.52 },
					{ "time": 0.7333, "x": -728.9, "y": -621.5, "curve": "stepped" },
					{ "time": 0.8666, "x": 1316.32, "y": -621.52 },
					{ "time": 1.1333, "x": -728.9, "y": -621.5 }
				],
				"scale": [
					{ "time": 0.1, "x": 3.26, "y": 1.81, "curve": "stepped" },
					{ "time": 0.5, "x": 3.26, "y": 1.81, "curve": "stepped" },
					{ "time": 0.8666, "x": 3.26, "y": 1.81 }
				]
			},
			"EF/line2/120_S2_slash1_10": {
				"rotate": [
					{ "time": 0.1333, "angle": 90, "curve": "stepped" },
					{ "time": 0.5333, "angle": 90, "curve": "stepped" },
					{ "time": 0.9333, "angle": 90 }
				],
				"translate": [
					{ "time": 0.1333, "x": 1003.01, "y": -441.04 },
					{ "time": 0.5, "x": -1590.46, "y": -441.08 },
					{ "time": 0.5333, "x": 1003.01, "y": -441.04 },
					{ "time": 0.8666, "x": -1590.46, "y": -441.08 },
					{ "time": 0.9333, "x": 1003.01, "y": -441.04 },
					{ "time": 1.2666, "x": -1590.46, "y": -441.08 }
				],
				"scale": [
					{ "time": 0.1333, "x": 1.509, "y": 3.55, "curve": "stepped" },
					{ "time": 0.5333, "x": 1.509, "y": 3.55, "curve": "stepped" },
					{ "time": 0.9333, "x": 1.509, "y": 3.55 }
				]
			},
			"EF/line2/120_S2_slash1_9": {
				"rotate": [
					{ "time": 0.1, "angle": 90, "curve": "stepped" },
					{ "time": 0.5, "angle": 90, "curve": "stepped" },
					{ "time": 0.8666, "angle": 90 }
				],
				"translate": [
					{ "time": 0.1, "x": 941.55, "y": -596.08 },
					{ "time": 0.4333, "x": -1590.46, "y": -596.08 },
					{ "time": 0.5, "x": 941.55, "y": -596.08 },
					{ "time": 0.8333, "x": -1590.46, "y": -596.08 },
					{ "time": 0.8666, "x": 941.55, "y": -596.08 },
					{ "time": 1.2333, "x": -1590.46, "y": -596.08 }
				],
				"scale": [
					{ "time": 0.1, "x": 1.509, "y": 3.55, "curve": "stepped" },
					{ "time": 0.5, "x": 1.509, "y": 3.55, "curve": "stepped" },
					{ "time": 0.8666, "x": 1.509, "y": 3.55 }
				]
			},
			"EF/line2/120_S2_slash1_8": {
				"rotate": [
					{ "time": 0.3333, "angle": 90, "curve": "stepped" },
					{ "time": 0.7333, "angle": 90, "curve": "stepped" },
					{ "time": 1.1333, "angle": 90 }
				],
				"translate": [
					{ "time": 0.3333, "x": 1003.01, "y": -441.39 },
					{ "time": 0.7, "x": -1724.26, "y": -441.35 },
					{ "time": 0.7333, "x": 1003.01, "y": -441.39 },
					{ "time": 1.0666, "x": -1724.26, "y": -441.35 },
					{ "time": 1.1333, "x": 1003.01, "y": -441.39 },
					{ "time": 1.4666, "x": -1724.26, "y": -441.35 }
				],
				"scale": [
					{ "time": 0.3333, "x": 1.509, "y": 3.55, "curve": "stepped" },
					{ "time": 0.7333, "x": 1.509, "y": 3.55, "curve": "stepped" },
					{ "time": 1.1333, "x": 1.509, "y": 3.55 }
				]
			},
			"EF/wave_shock1/470_S1_wave1_0": {
				"rotate": [
					{ "time": 0.1, "angle": 0, "curve": "stepped" },
					{ "time": 0.5, "angle": 0, "curve": "stepped" },
					{ "time": 0.8666, "angle": 0 }
				],
				"translate": [
					{ "time": 0.1, "x": -804.97, "y": 243.23, "curve": "stepped" },
					{ "time": 0.5, "x": -804.97, "y": 243.23, "curve": "stepped" },
					{ "time": 0.8666, "x": -804.97, "y": 243.23 }
				],
				"scale": [
					{ "time": 0.1, "x": 2.185, "y": 2.185, "curve": "stepped" },
					{ "time": 0.2, "x": 2.185, "y": 2.185 },
					{ "time": 0.3333, "x": 2.902, "y": 2.902, "curve": "stepped" },
					{ "time": 0.5, "x": 2.185, "y": 2.185, "curve": "stepped" },
					{ "time": 0.5666, "x": 2.185, "y": 2.185 },
					{ "time": 0.7333, "x": 2.902, "y": 2.902 },
					{ "time": 0.8666, "x": 2.185, "y": 2.185, "curve": "stepped" },
					{ "time": 0.9666, "x": 2.185, "y": 2.185 },
					{ "time": 1.1, "x": 2.902, "y": 2.902 }
				]
			},
			"EF/wave_shock1/470_S1_wave1_1": {
				"rotate": [
					{ "time": 0.1666, "angle": 0, "curve": "stepped" },
					{ "time": 0.5333, "angle": 0, "curve": "stepped" },
					{ "time": 0.9, "angle": 0 }
				],
				"translate": [
					{ "time": 0.1666, "x": -742.01, "y": 390.19 }
				],
				"scale": [
					{ "time": 0.1666, "x": 2.185, "y": 2.185, "curve": "stepped" },
					{ "time": 0.2666, "x": 2.185, "y": 2.185 },
					{ "time": 0.4, "x": 2.902, "y": 2.902 },
					{ "time": 0.5333, "x": 2.185, "y": 2.185, "curve": "stepped" },
					{ "time": 0.6333, "x": 2.185, "y": 2.185 },
					{ "time": 0.7666, "x": 2.902, "y": 2.902 },
					{ "time": 0.9, "x": 2.185, "y": 2.185, "curve": "stepped" },
					{ "time": 1, "x": 2.185, "y": 2.185 },
					{ "time": 1.1333, "x": 2.902, "y": 2.902 }
				]
			},
			"EF/wave_shock1/470_S1_wave1_2": {
				"rotate": [
					{ "time": 0.2, "angle": 0, "curve": "stepped" },
					{ "time": 0.5666, "angle": 0, "curve": "stepped" },
					{ "time": 0.9666, "angle": 0 }
				],
				"translate": [
					{ "time": 0.2, "x": -648.87, "y": 127.2 }
				],
				"scale": [
					{ "time": 0.2, "x": 2.185, "y": 2.185, "curve": "stepped" },
					{ "time": 0.3, "x": 2.185, "y": 2.185 },
					{ "time": 0.4333, "x": 2.902, "y": 2.902 },
					{ "time": 0.5666, "x": 2.185, "y": 2.185, "curve": "stepped" },
					{ "time": 0.6666, "x": 2.185, "y": 2.185 },
					{ "time": 0.8333, "x": 2.902, "y": 2.902 },
					{ "time": 0.9666, "x": 2.185, "y": 2.185, "curve": "stepped" },
					{ "time": 1.0666, "x": 2.185, "y": 2.185 },
					{ "time": 1.2, "x": 2.902, "y": 2.902 }
				]
			},
			"EF/wave_shock1/470_S1_wave1_3": {
				"rotate": [
					{ "time": 0.2666, "angle": 0, "curve": "stepped" },
					{ "time": 0.6333, "angle": 0, "curve": "stepped" },
					{ "time": 1, "angle": 0 }
				],
				"translate": [
					{ "time": 0.2666, "x": -671.92, "y": 272.62, "curve": "stepped" },
					{ "time": 0.6333, "x": -671.92, "y": 272.62, "curve": "stepped" },
					{ "time": 1, "x": -671.92, "y": 272.62 }
				],
				"scale": [
					{ "time": 0.2666, "x": 2.185, "y": 2.185, "curve": "stepped" },
					{ "time": 0.3333, "x": 2.185, "y": 2.185 },
					{ "time": 0.5, "x": 2.902, "y": 2.902 },
					{ "time": 0.6333, "x": 2.185, "y": 2.185, "curve": "stepped" },
					{ "time": 0.7333, "x": 2.185, "y": 2.185 },
					{ "time": 0.8666, "x": 2.902, "y": 2.902 },
					{ "time": 1, "x": 2.185, "y": 2.185, "curve": "stepped" },
					{ "time": 1.1, "x": 2.185, "y": 2.185 },
					{ "time": 1.2333, "x": 2.902, "y": 2.902 }
				]
			},
			"EF/wave_shock1/470_S1_wave1_4": {
				"rotate": [
					{ "time": 0.3, "angle": 0, "curve": "stepped" },
					{ "time": 0.6666, "angle": 0, "curve": "stepped" },
					{ "time": 1.0666, "angle": 0 }
				],
				"translate": [
					{ "time": 0.3, "x": -749.27, "y": 39.02, "curve": "stepped" },
					{ "time": 0.6666, "x": -749.27, "y": 39.02, "curve": "stepped" },
					{ "time": 1.0666, "x": -749.27, "y": 39.02 }
				],
				"scale": [
					{ "time": 0.3, "x": 2.185, "y": 2.185, "curve": "stepped" },
					{ "time": 0.4, "x": 2.185, "y": 2.185 },
					{ "time": 0.5333, "x": 2.902, "y": 2.902 },
					{ "time": 0.6666, "x": 2.185, "y": 2.185, "curve": "stepped" },
					{ "time": 0.7666, "x": 2.185, "y": 2.185 },
					{ "time": 0.9, "x": 2.902, "y": 2.902 },
					{ "time": 1.0666, "x": 2.185, "y": 2.185, "curve": "stepped" },
					{ "time": 1.1333, "x": 2.185, "y": 2.185 },
					{ "time": 1.3, "x": 2.902, "y": 2.902 }
				]
			},
			"EF/wave_shock1/470_S1_wave1_5": {
				"rotate": [
					{ "time": 0.3333, "angle": 0, "curve": "stepped" },
					{ "time": 0.7333, "angle": 0, "curve": "stepped" },
					{ "time": 1.1, "angle": 0 }
				],
				"translate": [
					{ "time": 0.3333, "x": -606.95, "y": 173.61, "curve": "stepped" },
					{ "time": 0.7333, "x": -606.95, "y": 173.61, "curve": "stepped" },
					{ "time": 1.1, "x": -606.95, "y": 173.61 }
				],
				"scale": [
					{ "time": 0.3333, "x": 2.185, "y": 2.185, "curve": "stepped" },
					{ "time": 0.4333, "x": 2.185, "y": 2.185 },
					{ "time": 0.5666, "x": 2.902, "y": 2.902 },
					{ "time": 0.7333, "x": 2.185, "y": 2.185, "curve": "stepped" },
					{ "time": 0.8333, "x": 2.185, "y": 2.185 },
					{ "time": 0.9666, "x": 2.902, "y": 2.902 },
					{ "time": 1.1, "x": 2.185, "y": 2.185, "curve": "stepped" },
					{ "time": 1.2, "x": 2.185, "y": 2.185 },
					{ "time": 1.3333, "x": 2.902, "y": 2.902 }
				]
			},
			"EF/arrow/480_S1_arrow1_43": {
				"rotate": [
					{ "time": 0.3, "angle": 0, "curve": "stepped" },
					{ "time": 0.7, "angle": 0, "curve": "stepped" },
					{ "time": 1.0666, "angle": 0 }
				],
				"translate": [
					{ "time": 0.3, "x": 1068.2, "y": -834.98 },
					{ "time": 0.5333, "x": -728.9, "y": -835.03, "curve": "stepped" },
					{ "time": 0.7, "x": 1068.2, "y": -834.98 },
					{ "time": 0.9333, "x": -728.9, "y": -835.03, "curve": "stepped" },
					{ "time": 1.0666, "x": 1068.2, "y": -834.98 },
					{ "time": 1.3333, "x": -728.9, "y": -835.03 }
				],
				"scale": [
					{ "time": 0.3, "x": 3.26, "y": 1.81, "curve": "stepped" },
					{ "time": 0.7, "x": 3.26, "y": 1.81, "curve": "stepped" },
					{ "time": 1.0666, "x": 3.26, "y": 1.81 }
				]
			},
			"EF/arrow/480_S1_arrow1_44": {
				"rotate": [
					{ "time": 0.3333, "angle": 0, "curve": "stepped" },
					{ "time": 0.7333, "angle": 0, "curve": "stepped" },
					{ "time": 1.1333, "angle": 0 }
				],
				"translate": [
					{ "time": 0.3333, "x": 1068.2, "y": -670.57 },
					{ "time": 0.5333, "x": -518.78, "y": -670.53, "curve": "stepped" },
					{ "time": 0.7333, "x": 1068.2, "y": -670.57 },
					{ "time": 0.9333, "x": -518.78, "y": -670.53, "curve": "stepped" },
					{ "time": 1.1333, "x": 1068.2, "y": -670.57 },
					{ "time": 1.3333, "x": -518.78, "y": -670.53 }
				],
				"scale": [
					{ "time": 0.3333, "x": 3.26, "y": 1.81, "curve": "stepped" },
					{ "time": 0.7333, "x": 3.26, "y": 1.81, "curve": "stepped" },
					{ "time": 1.1333, "x": 3.26, "y": 1.81 }
				]
			},
			"EF/line2/120_S2_slash1_11": {
				"rotate": [
					{ "time": 0.3, "angle": 90, "curve": "stepped" },
					{ "time": 0.7, "angle": 90, "curve": "stepped" },
					{ "time": 1.0666, "angle": 90 }
				],
				"translate": [
					{ "time": 0.3, "x": 945.73, "y": -677.42 },
					{ "time": 0.6333, "x": -2033.97, "y": -677.38 },
					{ "time": 0.7, "x": 945.73, "y": -677.42 },
					{ "time": 1.0333, "x": -2033.97, "y": -677.38 },
					{ "time": 1.0666, "x": 945.73, "y": -677.42 },
					{ "time": 1.4333, "x": -2033.97, "y": -677.38 }
				],
				"scale": [
					{ "time": 0.3, "x": 1.509, "y": 3.55, "curve": "stepped" },
					{ "time": 0.7, "x": 1.509, "y": 3.55, "curve": "stepped" },
					{ "time": 1.0666, "x": 1.509, "y": 3.55 }
				]
			},
			"EF/line2/120_S2_slash1_12": {
				"rotate": [
					{ "time": 0.2, "angle": 90, "curve": "stepped" },
					{ "time": 0.6, "angle": 90, "curve": "stepped" },
					{ "time": 0.9666, "angle": 90 }
				],
				"translate": [
					{ "time": 0.2, "x": 1003.01, "y": -434.51 },
					{ "time": 0.5333, "x": -1647.7, "y": -434.48 },
					{ "time": 0.6, "x": 1003.01, "y": -434.51 },
					{ "time": 0.9333, "x": -1647.7, "y": -434.48 },
					{ "time": 0.9666, "x": 1003.01, "y": -434.51 },
					{ "time": 1.3333, "x": -1647.7, "y": -434.48 }
				],
				"scale": [
					{ "time": 0.2, "x": 1.509, "y": 3.55, "curve": "stepped" },
					{ "time": 0.6, "x": 1.509, "y": 3.55, "curve": "stepped" },
					{ "time": 0.9666, "x": 1.509, "y": 3.55 }
				]
			},
			"EF/arrow/480_S1_arrow1_45": {
				"rotate": [
					{ "time": 0.1, "angle": 0, "curve": "stepped" },
					{ "time": 0.5, "angle": 0, "curve": "stepped" },
					{ "time": 0.8666, "angle": 0 }
				],
				"translate": [
					{ "time": 0.1, "x": 988.12, "y": -825.53 },
					{ "time": 0.3333, "x": -816.3, "y": -825.53, "curve": "stepped" },
					{ "time": 0.5, "x": 988.12, "y": -825.53 },
					{ "time": 0.7333, "x": -816.3, "y": -825.53, "curve": "stepped" },
					{ "time": 0.8666, "x": 988.12, "y": -825.53 },
					{ "time": 1.1333, "x": -816.3, "y": -825.53 }
				],
				"scale": [
					{ "time": 0.1, "x": 3.26, "y": 1.81, "curve": "stepped" },
					{ "time": 0.5, "x": 3.26, "y": 1.81, "curve": "stepped" },
					{ "time": 0.8666, "x": 3.26, "y": 1.81 }
				]
			},
			"EF/arrow/480_S1_arrow1_46": {
				"rotate": [
					{ "time": 0.2, "angle": 0 }
				],
				"translate": [
					{ "time": 0.2, "x": 988.12, "y": -662.6 },
					{ "time": 0.4333, "x": -816.3, "y": -662.63 }
				],
				"scale": [
					{ "time": 0.2, "x": 3.26, "y": 1.81 }
				]
			},
			"EF/arrow/480_S1_arrow1_47": {
				"rotate": [
					{ "time": 0.6, "angle": 0, "curve": "stepped" },
					{ "time": 0.9666, "angle": 0 }
				],
				"translate": [
					{ "time": 0.6, "x": 988.12, "y": -665 },
					{ "time": 0.8333, "x": -816.3, "y": -665.03, "curve": "stepped" },
					{ "time": 0.9666, "x": 988.12, "y": -665 },
					{ "time": 1.2333, "x": -816.3, "y": -665.03 }
				],
				"scale": [
					{ "time": 0.6, "x": 3.26, "y": 1.81, "curve": "stepped" },
					{ "time": 0.9666, "x": 3.26, "y": 1.81 }
				]
			},
			"slash_root": {
				"translate": [
					{ "time": 0, "x": -920.6, "y": 603.6 }
				]
			},
			"DAMAGEAREA": {
				"translate": [
					{ "time": 0.1, "x": 0, "y": 251.64 }
				],
				"scale": [
					{ "time": 0.1, "x": 20.931, "y": 4.587 }
				]
			}
		},
		"events": [
			{ "time": 0, "name": "Event", "float": 0.1, "string": "kHitStopType_enemyonly" },
			{ "time": 0.1666, "name": "Hit", "string": "resetHitList" },
			{ "time": 0.1666, "name": "Sound1", "string": "cri_se_battle_beam" },
			{ "time": 0.2333, "name": "Hit", "string": "resetHitList" },
			{ "time": 0.3, "name": "Hit", "string": "resetHitList" },
			{ "time": 0.3, "name": "Sound1", "string": "cri_se_battle_beam" },
			{ "time": 0.3666, "name": "Hit", "string": "resetHitList" },
			{ "time": 0.4333, "name": "Hit", "string": "resetHitList" },
			{ "time": 0.4333, "name": "Sound1", "string": "cri_se_battle_beam" },
			{ "time": 0.5, "name": "Hit", "string": "resetHitList" },
			{ "time": 0.5666, "name": "Hit", "string": "resetHitList" },
			{ "time": 0.5666, "name": "Sound1", "string": "cri_se_battle_beam" },
			{ "time": 0.6333, "name": "Hit", "string": "resetHitList" },
			{ "time": 0.7, "name": "Hit", "string": "resetHitList" },
			{ "time": 0.7, "name": "Sound1", "string": "cri_se_battle_beam" },
			{ "time": 0.7666, "name": "Hit", "string": "resetHitList" },
			{ "time": 0.8333, "name": "Hit", "string": "resetHitList" },
			{ "time": 0.8333, "name": "Sound1", "string": "cri_se_battle_beam" },
			{ "time": 0.9, "name": "Hit", "string": "resetHitList" },
			{ "time": 0.9666, "name": "Hit", "string": "resetHitList" },
			{ "time": 0.9666, "name": "Sound1", "string": "cri_se_battle_beam" },
			{ "time": 1.0333, "name": "Hit", "string": "resetHitList" },
			{ "time": 1.1, "name": "Hit", "string": "resetHitList" },
			{ "time": 1.1, "name": "Sound1", "string": "cri_se_battle_beam" },
			{ "time": 1.1666, "name": "Hit", "string": "resetHitList" },
			{ "time": 1.2333, "name": "Hit", "string": "resetHitList" },
			{ "time": 1.2333, "name": "Sound1", "string": "cri_se_battle_beam" }
		]
	}
}
}