{"skeleton":{"hash":"JyzSRpz+ddBxSN8o0zyNxkVqD1Y","spine":"3.0.12","width":0,"height":0},"bones":[{"name":"root"},{"name":"MAIN","parent":"root"},{"name":"EF","parent":"MAIN"},{"name":"EF_wave3_3","parent":"EF","x":200},{"name":"EF_wave3_2","parent":"EF","x":200},{"name":"EF_wave3_1","parent":"EF","x":200},{"name":"EF_wave1_1","parent":"EF","x":200,"y":50},{"name":"EF_thunderbolt1_2","parent":"EF","x":150,"y":200,"rotation":180},{"name":"EF_thunderbolt1_1","parent":"EF","x":150,"y":200,"rotation":180},{"name":"EF_thunder_blue_1_3","parent":"EF","x":150,"y":100},{"name":"EF_thunder_blue_1_2","parent":"EF","x":150,"y":100},{"name":"EF_thunder_blue_1_1","parent":"EF","x":150,"y":100},{"name":"EF_thunder2_3","parent":"EF","x":250,"y":150},{"name":"EF_thunder2_2","parent":"EF","x":250,"y":150},{"name":"EF_thunder2_1","parent":"EF","x":250,"y":150},{"name":"EF_thunder1_3","parent":"EF","x":250,"y":50},{"name":"EF_thunder1_2","parent":"EF","x":250,"y":50},{"name":"EF_thunder1_1","parent":"EF","x":250,"y":50},{"name":"EF_red_shock1_1","parent":"EF","y":50},{"name":"EF_eneflow1_1","parent":"EF","x":350},{"name":"EF_dome1_1","parent":"EF","x":150},{"name":"DAMAGEAREA","parent":"root"}],"slots":[{"name":"EF_blue_thunder1_1","bone":"EF_thunder_blue_1_1","blend":"additive"},{"name":"EF_blue_thunder1_2","bone":"EF_thunder_blue_1_2","blend":"additive"},{"name":"EF_blue_thunder1_3","bone":"EF_thunder_blue_1_3","blend":"additive"},{"name":"EF_wave1_1","bone":"EF_wave1_1","blend":"additive"},{"name":"EF_thunderbolt1_1","bone":"EF_thunderbolt1_1","blend":"additive"},{"name":"EF_thunderbolt1_2","bone":"EF_thunderbolt1_2","blend":"additive"},{"name":"EF_dome1_1","bone":"EF_dome1_1","blend":"additive"},{"name":"EF_wave3_1","bone":"EF_wave3_1","blend":"additive"},{"name":"EF_wave3_2","bone":"EF_wave3_2","blend":"additive"},{"name":"EF_wave3_3","bone":"EF_wave3_3","blend":"additive"},{"name":"EF_thunder1_1","bone":"EF_thunder1_1","blend":"additive"},{"name":"EF_thunder1_2","bone":"EF_thunder1_2","blend":"additive"},{"name":"EF_thunder1_3","bone":"EF_thunder1_3","blend":"additive"},{"name":"EF_thunder2_1","bone":"EF_thunder2_1","blend":"additive"},{"name":"EF_thunder2_2","bone":"EF_thunder2_2","blend":"additive"},{"name":"EF_thunder2_3","bone":"EF_thunder2_3","blend":"additive"},{"name":"EF_eneflow1_1","bone":"EF_eneflow1_1","blend":"additive"},{"name":"EF_red_shock1_1","bone":"EF_red_shock1_1","blend":"additive"},{"name":"DAMAGEAREA","bone":"DAMAGEAREA"}],"skins":{"default":{"DAMAGEAREA":{"DAMAGEAREA":{"type":"boundingbox","vertices":[-63.73081,-65.60893,64.03321,-65.10191,62.5122,63.16909,-63.22381,63.67609]}},"EF_blue_thunder1_1":{"EF/900_S2_beam4/900_S2_beam4_00002":{"x":78.26,"width":200,"height":200},"EF/900_S2_beam4/900_S2_beam4_00004":{"x":78.26,"width":200,"height":200},"EF/900_S2_beam4/900_S2_beam4_00006":{"x":78.26,"width":200,"height":200}},"EF_blue_thunder1_2":{"EF/900_S2_beam4/900_S2_beam4_00002":{"x":78.26,"width":200,"height":200},"EF/900_S2_beam4/900_S2_beam4_00004":{"x":78.26,"width":200,"height":200},"EF/900_S2_beam4/900_S2_beam4_00006":{"x":78.26,"width":200,"height":200}},"EF_blue_thunder1_3":{"EF/900_S2_beam4/900_S2_beam4_00002":{"x":78.26,"width":200,"height":200},"EF/900_S2_beam4/900_S2_beam4_00004":{"x":78.26,"width":200,"height":200},"EF/900_S2_beam4/900_S2_beam4_00006":{"x":78.26,"width":200,"height":200}},"EF_dome1_1":{"EF/ef_dome_main/ef_dome_main_00002":{"y":49.95,"width":296,"height":192},"EF/ef_dome_main/ef_dome_main_00003":{"y":49.95,"width":296,"height":192},"EF/ef_dome_main/ef_dome_main_00004":{"y":49.95,"width":296,"height":192},"EF/ef_dome_main/ef_dome_main_00006":{"y":49.95,"width":296,"height":192},"EF/ef_dome_main/ef_dome_main_00007":{"y":49.95,"width":296,"height":192},"EF/ef_dome_main/ef_dome_main_00008":{"y":49.95,"width":296,"height":192},"EF/ef_dome_main/ef_dome_main_00009":{"y":49.95,"width":296,"height":192},"EF/ef_dome_main/ef_dome_main_00010":{"y":49.95,"width":296,"height":192},"EF/ef_dome_main/ef_dome_main_00011":{"y":49.95,"width":296,"height":192},"EF/ef_dome_main/ef_dome_main_00012":{"y":49.95,"width":296,"height":192},"EF/ef_dome_main/ef_dome_main_00013":{"y":49.95,"width":296,"height":192}},"EF_eneflow1_1":{"EF/Ⅸ5160_S2_ene1/Ⅸ5160_S2_ene1_00":{"x":5,"y":95,"width":250,"height":250},"EF/Ⅸ5160_S2_ene1/Ⅸ5160_S2_ene1_01":{"x":5,"y":95,"width":250,"height":250},"EF/Ⅸ5160_S2_ene1/Ⅸ5160_S2_ene1_02":{"x":5,"y":95,"width":250,"height":250},"EF/Ⅸ5160_S2_ene1/Ⅸ5160_S2_ene1_03":{"x":5,"y":95,"width":250,"height":250},"EF/Ⅸ5160_S2_ene1/Ⅸ5160_S2_ene1_04":{"x":5,"y":95,"width":250,"height":250},"EF/Ⅸ5160_S2_ene1/Ⅸ5160_S2_ene1_05":{"x":5,"y":95,"width":250,"height":250}},"EF_red_shock1_1":{"EF/red_shock/430_S1_shock2_00001":{"width":250,"height":250},"EF/red_shock/430_S1_shock2_00003":{"width":250,"height":250},"EF/red_shock/430_S1_shock2_00005":{"width":250,"height":250},"EF/red_shock/430_S1_shock2_00007":{"width":250,"height":250}},"EF_thunder1_1":{"EF/ef_lightning_main/ef_lightning_main_00001":{"x":94.75,"width":250,"height":100},"EF/ef_lightning_main/ef_lightning_main_00002":{"x":94.75,"width":250,"height":100},"EF/ef_lightning_main/ef_lightning_main_00003":{"x":94.75,"width":250,"height":100},"EF/ef_lightning_main/ef_lightning_main_00004":{"x":94.75,"width":250,"height":100},"EF/ef_lightning_main/ef_lightning_main_00005":{"x":94.75,"width":250,"height":100},"EF/ef_lightning_main/ef_lightning_main_00006":{"x":94.75,"width":250,"height":100},"EF/ef_lightning_main/ef_lightning_main_00007":{"x":94.75,"width":250,"height":100}},"EF_thunder1_2":{"EF/ef_lightning_main/ef_lightning_main_00001":{"x":94.75,"width":250,"height":100},"EF/ef_lightning_main/ef_lightning_main_00002":{"x":94.75,"width":250,"height":100},"EF/ef_lightning_main/ef_lightning_main_00003":{"x":94.75,"width":250,"height":100},"EF/ef_lightning_main/ef_lightning_main_00004":{"x":94.75,"width":250,"height":100},"EF/ef_lightning_main/ef_lightning_main_00005":{"x":94.75,"width":250,"height":100},"EF/ef_lightning_main/ef_lightning_main_00006":{"x":94.75,"width":250,"height":100},"EF/ef_lightning_main/ef_lightning_main_00007":{"x":94.75,"width":250,"height":100}},"EF_thunder1_3":{"EF/ef_lightning_main/ef_lightning_main_00001":{"x":94.75,"width":250,"height":100},"EF/ef_lightning_main/ef_lightning_main_00002":{"x":94.75,"width":250,"height":100},"EF/ef_lightning_main/ef_lightning_main_00003":{"x":94.75,"width":250,"height":100},"EF/ef_lightning_main/ef_lightning_main_00004":{"x":94.75,"width":250,"height":100},"EF/ef_lightning_main/ef_lightning_main_00005":{"x":94.75,"width":250,"height":100},"EF/ef_lightning_main/ef_lightning_main_00006":{"x":94.75,"width":250,"height":100},"EF/ef_lightning_main/ef_lightning_main_00007":{"x":94.75,"width":250,"height":100}},"EF_thunder2_1":{"EF/ef_lightning_main 2/ef_lightning_main 2_00001":{"x":100.32,"width":250,"height":100},"EF/ef_lightning_main 2/ef_lightning_main 2_00002":{"x":100.32,"width":250,"height":100},"EF/ef_lightning_main 2/ef_lightning_main 2_00003":{"x":100.32,"width":250,"height":100},"EF/ef_lightning_main 2/ef_lightning_main 2_00004":{"x":100.32,"width":250,"height":100},"EF/ef_lightning_main 2/ef_lightning_main 2_00005":{"x":100.32,"width":250,"height":100},"EF/ef_lightning_main 2/ef_lightning_main 2_00006":{"x":100.32,"width":250,"height":100},"EF/ef_lightning_main 2/ef_lightning_main 2_00007":{"x":100.32,"width":250,"height":100}},"EF_thunder2_2":{"EF/ef_lightning_main 2/ef_lightning_main 2_00001":{"x":100.32,"width":250,"height":100},"EF/ef_lightning_main 2/ef_lightning_main 2_00002":{"x":100.32,"width":250,"height":100},"EF/ef_lightning_main 2/ef_lightning_main 2_00003":{"x":100.32,"width":250,"height":100},"EF/ef_lightning_main 2/ef_lightning_main 2_00004":{"x":100.32,"width":250,"height":100},"EF/ef_lightning_main 2/ef_lightning_main 2_00005":{"x":100.32,"width":250,"height":100},"EF/ef_lightning_main 2/ef_lightning_main 2_00006":{"x":100.32,"width":250,"height":100},"EF/ef_lightning_main 2/ef_lightning_main 2_00007":{"x":100.32,"width":250,"height":100}},"EF_thunder2_3":{"EF/ef_lightning_main 2/ef_lightning_main 2_00001":{"x":100.32,"width":250,"height":100},"EF/ef_lightning_main 2/ef_lightning_main 2_00002":{"x":100.32,"width":250,"height":100},"EF/ef_lightning_main 2/ef_lightning_main 2_00003":{"x":100.32,"width":250,"height":100},"EF/ef_lightning_main 2/ef_lightning_main 2_00004":{"x":100.32,"width":250,"height":100},"EF/ef_lightning_main 2/ef_lightning_main 2_00005":{"x":100.32,"width":250,"height":100},"EF/ef_lightning_main 2/ef_lightning_main 2_00006":{"x":100.32,"width":250,"height":100},"EF/ef_lightning_main 2/ef_lightning_main 2_00007":{"x":100.32,"width":250,"height":100}},"EF_thunderbolt1_1":{"EF/ef_beam_A_main/ef_beam_A_main_00002":{"y":111.75,"width":160,"height":296},"EF/ef_beam_A_main/ef_beam_A_main_00003":{"y":111.75,"width":160,"height":296},"EF/ef_beam_A_main/ef_beam_A_main_00004":{"y":111.75,"width":160,"height":296},"EF/ef_beam_A_main/ef_beam_A_main_00005":{"y":111.75,"width":160,"height":296},"EF/ef_beam_A_main/ef_beam_A_main_00006":{"y":111.75,"width":160,"height":296},"EF/ef_beam_A_main/ef_beam_A_main_00007":{"y":111.75,"width":160,"height":296},"EF/ef_beam_A_main/ef_beam_A_main_00008":{"y":111.75,"width":160,"height":296},"EF/ef_beam_A_main/ef_beam_A_main_00009":{"y":111.75,"width":160,"height":296},"EF/ef_beam_A_main/ef_beam_A_main_00010":{"y":111.75,"width":160,"height":296},"EF/ef_beam_A_main/ef_beam_A_main_00011":{"y":111.75,"width":160,"height":296}},"EF_thunderbolt1_2":{"EF/ef_beam_A_main/ef_beam_A_main_00002":{"y":111.75,"width":160,"height":296},"EF/ef_beam_A_main/ef_beam_A_main_00003":{"y":111.75,"width":160,"height":296},"EF/ef_beam_A_main/ef_beam_A_main_00004":{"y":111.75,"width":160,"height":296},"EF/ef_beam_A_main/ef_beam_A_main_00005":{"y":111.75,"width":160,"height":296},"EF/ef_beam_A_main/ef_beam_A_main_00006":{"y":111.75,"width":160,"height":296},"EF/ef_beam_A_main/ef_beam_A_main_00007":{"y":111.75,"width":160,"height":296},"EF/ef_beam_A_main/ef_beam_A_main_00008":{"y":111.75,"width":160,"height":296},"EF/ef_beam_A_main/ef_beam_A_main_00009":{"y":111.75,"width":160,"height":296},"EF/ef_beam_A_main/ef_beam_A_main_00010":{"y":111.75,"width":160,"height":296},"EF/ef_beam_A_main/ef_beam_A_main_00011":{"y":111.75,"width":160,"height":296}},"EF_wave1_1":{"EF/dark_wave/1070_S1_power2_00004":{"width":250,"height":250},"EF/dark_wave/1070_S1_power2_00006":{"width":250,"height":250},"EF/dark_wave/1070_S1_power2_00008":{"width":250,"height":250},"EF/dark_wave/1070_S1_power2_00010":{"width":250,"height":250}},"EF_wave3_1":{"EF/ef_graund_wave_main/ef_graund_wave_main_00002":{"y":8.33,"width":160,"height":96},"EF/ef_graund_wave_main/ef_graund_wave_main_00004":{"y":8.33,"width":160,"height":96},"EF/ef_graund_wave_main/ef_graund_wave_main_00006":{"y":8.33,"width":160,"height":96},"EF/ef_graund_wave_main/ef_graund_wave_main_00008":{"y":8.33,"width":160,"height":96},"EF/ef_graund_wave_main/ef_graund_wave_main_00010":{"y":8.33,"width":160,"height":96},"EF/ef_graund_wave_main/ef_graund_wave_main_00012":{"y":8.33,"width":160,"height":96}},"EF_wave3_2":{"EF/ef_graund_wave_main/ef_graund_wave_main_00002":{"y":8.33,"width":160,"height":96},"EF/ef_graund_wave_main/ef_graund_wave_main_00004":{"y":8.33,"width":160,"height":96},"EF/ef_graund_wave_main/ef_graund_wave_main_00006":{"y":8.33,"width":160,"height":96},"EF/ef_graund_wave_main/ef_graund_wave_main_00008":{"y":8.33,"width":160,"height":96},"EF/ef_graund_wave_main/ef_graund_wave_main_00010":{"y":8.33,"width":160,"height":96},"EF/ef_graund_wave_main/ef_graund_wave_main_00012":{"y":8.33,"width":160,"height":96}},"EF_wave3_3":{"EF/ef_graund_wave_main/ef_graund_wave_main_00002":{"y":8.33,"width":160,"height":96},"EF/ef_graund_wave_main/ef_graund_wave_main_00004":{"y":8.33,"width":160,"height":96},"EF/ef_graund_wave_main/ef_graund_wave_main_00006":{"y":8.33,"width":160,"height":96},"EF/ef_graund_wave_main/ef_graund_wave_main_00008":{"y":8.33,"width":160,"height":96},"EF/ef_graund_wave_main/ef_graund_wave_main_00010":{"y":8.33,"width":160,"height":96},"EF/ef_graund_wave_main/ef_graund_wave_main_00012":{"y":8.33,"width":160,"height":96}}}},"events":{"Event":{},"Hit":{},"Sound1":{},"Sound2":{}},"animations":{"attack1":{"slots":{"DAMAGEAREA":{"attachment":[{"time":0.1666,"name":"DAMAGEAREA"},{"time":0.8333,"name":null}]},"EF_blue_thunder1_1":{"attachment":[{"time":0.3,"name":"EF/900_S2_beam4/900_S2_beam4_00002"},{"time":0.3666,"name":"EF/900_S2_beam4/900_S2_beam4_00004"},{"time":0.4333,"name":"EF/900_S2_beam4/900_S2_beam4_00006"},{"time":0.5,"name":"EF/900_S2_beam4/900_S2_beam4_00002"},{"time":0.5666,"name":"EF/900_S2_beam4/900_S2_beam4_00004"},{"time":0.6333,"name":"EF/900_S2_beam4/900_S2_beam4_00006"},{"time":0.7,"name":"EF/900_S2_beam4/900_S2_beam4_00002"},{"time":0.7666,"name":null}],"color":[{"time":0.3,"color":"ffffff00"},{"time":0.4,"color":"ffffffff","curve":"stepped"},{"time":0.6666,"color":"ffffffff"},{"time":0.7666,"color":"ffffff00"}]},"EF_blue_thunder1_2":{"attachment":[{"time":0.2666,"name":"EF/900_S2_beam4/900_S2_beam4_00002"},{"time":0.3333,"name":"EF/900_S2_beam4/900_S2_beam4_00004"},{"time":0.4,"name":"EF/900_S2_beam4/900_S2_beam4_00006"},{"time":0.4666,"name":"EF/900_S2_beam4/900_S2_beam4_00002"},{"time":0.5333,"name":"EF/900_S2_beam4/900_S2_beam4_00004"},{"time":0.6,"name":"EF/900_S2_beam4/900_S2_beam4_00006"},{"time":0.6666,"name":"EF/900_S2_beam4/900_S2_beam4_00002"},{"time":0.7333,"name":null}],"color":[{"time":0.2666,"color":"ffffff00"},{"time":0.3666,"color":"ffffffff","curve":"stepped"},{"time":0.6333,"color":"ffffffff"},{"time":0.7333,"color":"ffffff00"}]},"EF_blue_thunder1_3":{"attachment":[{"time":0.2333,"name":"EF/900_S2_beam4/900_S2_beam4_00002"},{"time":0.3,"name":"EF/900_S2_beam4/900_S2_beam4_00004"},{"time":0.3666,"name":"EF/900_S2_beam4/900_S2_beam4_00006"},{"time":0.4333,"name":"EF/900_S2_beam4/900_S2_beam4_00002"},{"time":0.5,"name":"EF/900_S2_beam4/900_S2_beam4_00004"},{"time":0.5666,"name":"EF/900_S2_beam4/900_S2_beam4_00006"},{"time":0.6333,"name":"EF/900_S2_beam4/900_S2_beam4_00002"},{"time":0.7,"name":null}],"color":[{"time":0.2333,"color":"ffffff00"},{"time":0.3333,"color":"ffffffff","curve":"stepped"},{"time":0.6,"color":"ffffffff"},{"time":0.7,"color":"ffffff00"}]},"EF_dome1_1":{"attachment":[{"time":0.2,"name":"EF/ef_dome_main/ef_dome_main_00002"},{"time":0.2666,"name":"EF/ef_dome_main/ef_dome_main_00003"},{"time":0.3333,"name":"EF/ef_dome_main/ef_dome_main_00004"},{"time":0.4,"name":"EF/ef_dome_main/ef_dome_main_00006"},{"time":0.4666,"name":"EF/ef_dome_main/ef_dome_main_00007"},{"time":0.5333,"name":"EF/ef_dome_main/ef_dome_main_00008"},{"time":0.6,"name":"EF/ef_dome_main/ef_dome_main_00009"},{"time":0.6666,"name":"EF/ef_dome_main/ef_dome_main_00010"},{"time":0.7333,"name":"EF/ef_dome_main/ef_dome_main_00011"},{"time":0.8,"name":"EF/ef_dome_main/ef_dome_main_00012"},{"time":0.8666,"name":"EF/ef_dome_main/ef_dome_main_00013"},{"time":0.9333,"name":null}],"color":[{"time":0.7666,"color":"ffffffff"},{"time":0.9333,"color":"ffffff00"}]},"EF_eneflow1_1":{"attachment":[{"time":0.1333,"name":"EF/Ⅸ5160_S2_ene1/Ⅸ5160_S2_ene1_00"},{"time":0.1666,"name":"EF/Ⅸ5160_S2_ene1/Ⅸ5160_S2_ene1_01"},{"time":0.2,"name":"EF/Ⅸ5160_S2_ene1/Ⅸ5160_S2_ene1_02"},{"time":0.2333,"name":"EF/Ⅸ5160_S2_ene1/Ⅸ5160_S2_ene1_03"},{"time":0.2666,"name":"EF/Ⅸ5160_S2_ene1/Ⅸ5160_S2_ene1_04"},{"time":0.3,"name":"EF/Ⅸ5160_S2_ene1/Ⅸ5160_S2_ene1_05"},{"time":0.3333,"name":"EF/Ⅸ5160_S2_ene1/Ⅸ5160_S2_ene1_00"},{"time":0.3666,"name":"EF/Ⅸ5160_S2_ene1/Ⅸ5160_S2_ene1_01"},{"time":0.4,"name":"EF/Ⅸ5160_S2_ene1/Ⅸ5160_S2_ene1_02"},{"time":0.4333,"name":"EF/Ⅸ5160_S2_ene1/Ⅸ5160_S2_ene1_03"},{"time":0.4666,"name":"EF/Ⅸ5160_S2_ene1/Ⅸ5160_S2_ene1_04"},{"time":0.5,"name":"EF/Ⅸ5160_S2_ene1/Ⅸ5160_S2_ene1_05"},{"time":0.5333,"name":"EF/Ⅸ5160_S2_ene1/Ⅸ5160_S2_ene1_00"},{"time":0.5666,"name":"EF/Ⅸ5160_S2_ene1/Ⅸ5160_S2_ene1_01"},{"time":0.6,"name":"EF/Ⅸ5160_S2_ene1/Ⅸ5160_S2_ene1_02"},{"time":0.6333,"name":"EF/Ⅸ5160_S2_ene1/Ⅸ5160_S2_ene1_03"},{"time":0.6666,"name":"EF/Ⅸ5160_S2_ene1/Ⅸ5160_S2_ene1_04"},{"time":0.7,"name":"EF/Ⅸ5160_S2_ene1/Ⅸ5160_S2_ene1_05"},{"time":0.7333,"name":null}],"color":[{"time":0.4666,"color":"ffffffff"},{"time":0.7333,"color":"ffffff00"}]},"EF_red_shock1_1":{"attachment":[{"time":0.5,"name":"EF/red_shock/430_S1_shock2_00001"},{"time":0.5666,"name":"EF/red_shock/430_S1_shock2_00003"},{"time":0.6333,"name":"EF/red_shock/430_S1_shock2_00005"},{"time":0.7,"name":"EF/red_shock/430_S1_shock2_00007"},{"time":0.7666,"name":null}]},"EF_thunder1_1":{"attachment":[{"time":0.2333,"name":"EF/ef_lightning_main/ef_lightning_main_00001"},{"time":0.2666,"name":"EF/ef_lightning_main/ef_lightning_main_00002"},{"time":0.3,"name":"EF/ef_lightning_main/ef_lightning_main_00003"},{"time":0.3333,"name":"EF/ef_lightning_main/ef_lightning_main_00004"},{"time":0.3666,"name":"EF/ef_lightning_main/ef_lightning_main_00005"},{"time":0.4,"name":"EF/ef_lightning_main/ef_lightning_main_00006"},{"time":0.4333,"name":"EF/ef_lightning_main/ef_lightning_main_00007"},{"time":0.4666,"name":null},{"time":0.6,"name":"EF/ef_lightning_main/ef_lightning_main_00001"},{"time":0.6333,"name":"EF/ef_lightning_main/ef_lightning_main_00002"},{"time":0.6666,"name":"EF/ef_lightning_main/ef_lightning_main_00003"},{"time":0.7,"name":"EF/ef_lightning_main/ef_lightning_main_00004"},{"time":0.7333,"name":"EF/ef_lightning_main/ef_lightning_main_00005"},{"time":0.7666,"name":"EF/ef_lightning_main/ef_lightning_main_00006"},{"time":0.8,"name":"EF/ef_lightning_main/ef_lightning_main_00007"},{"time":0.8333,"name":null}],"color":[{"time":0.2333,"color":"ffffff00"},{"time":0.3,"color":"ffffffff","curve":"stepped"},{"time":0.4,"color":"ffffffff"},{"time":0.4666,"color":"ffffff00","curve":"stepped"},{"time":0.6,"color":"ffffffff"},{"time":0.8333,"color":"ffffff00"}]},"EF_thunder1_2":{"attachment":[{"time":0.3,"name":"EF/ef_lightning_main/ef_lightning_main_00001"},{"time":0.3333,"name":"EF/ef_lightning_main/ef_lightning_main_00002"},{"time":0.3666,"name":"EF/ef_lightning_main/ef_lightning_main_00003"},{"time":0.4,"name":"EF/ef_lightning_main/ef_lightning_main_00004"},{"time":0.4333,"name":"EF/ef_lightning_main/ef_lightning_main_00005"},{"time":0.4666,"name":"EF/ef_lightning_main/ef_lightning_main_00006"},{"time":0.5,"name":"EF/ef_lightning_main/ef_lightning_main_00007"},{"time":0.5333,"name":null},{"time":0.6,"name":"EF/ef_lightning_main/ef_lightning_main_00001"},{"time":0.6333,"name":"EF/ef_lightning_main/ef_lightning_main_00002"},{"time":0.6666,"name":"EF/ef_lightning_main/ef_lightning_main_00003"},{"time":0.7,"name":"EF/ef_lightning_main/ef_lightning_main_00004"},{"time":0.7333,"name":"EF/ef_lightning_main/ef_lightning_main_00005"},{"time":0.7666,"name":"EF/ef_lightning_main/ef_lightning_main_00006"},{"time":0.8,"name":"EF/ef_lightning_main/ef_lightning_main_00007"},{"time":0.8333,"name":null}],"color":[{"time":0.3,"color":"ffffff00"},{"time":0.3666,"color":"ffffffff","curve":"stepped"},{"time":0.4666,"color":"ffffffff"},{"time":0.5333,"color":"ffffff00","curve":"stepped"},{"time":0.6,"color":"ffffffff"},{"time":0.8333,"color":"ffffff00"}]},"EF_thunder1_3":{"attachment":[{"time":0.3333,"name":"EF/ef_lightning_main/ef_lightning_main_00001"},{"time":0.3666,"name":"EF/ef_lightning_main/ef_lightning_main_00002"},{"time":0.4,"name":"EF/ef_lightning_main/ef_lightning_main_00003"},{"time":0.4333,"name":"EF/ef_lightning_main/ef_lightning_main_00004"},{"time":0.4666,"name":"EF/ef_lightning_main/ef_lightning_main_00005"},{"time":0.5,"name":"EF/ef_lightning_main/ef_lightning_main_00006"},{"time":0.5333,"name":"EF/ef_lightning_main/ef_lightning_main_00007"},{"time":0.5666,"name":null},{"time":0.6,"name":"EF/ef_lightning_main/ef_lightning_main_00001"},{"time":0.6333,"name":"EF/ef_lightning_main/ef_lightning_main_00002"},{"time":0.6666,"name":"EF/ef_lightning_main/ef_lightning_main_00003"},{"time":0.7,"name":"EF/ef_lightning_main/ef_lightning_main_00004"},{"time":0.7333,"name":"EF/ef_lightning_main/ef_lightning_main_00005"},{"time":0.7666,"name":"EF/ef_lightning_main/ef_lightning_main_00006"},{"time":0.8,"name":"EF/ef_lightning_main/ef_lightning_main_00007"},{"time":0.8333,"name":null}],"color":[{"time":0.3333,"color":"ffffff00"},{"time":0.4,"color":"ffffffff","curve":"stepped"},{"time":0.5,"color":"ffffffff"},{"time":0.5666,"color":"ffffff00","curve":"stepped"},{"time":0.6,"color":"ffffffff"},{"time":0.8333,"color":"ffffff00"}]},"EF_thunder2_1":{"attachment":[{"time":0.2666,"name":"EF/ef_lightning_main 2/ef_lightning_main 2_00001"},{"time":0.3,"name":"EF/ef_lightning_main 2/ef_lightning_main 2_00002"},{"time":0.3333,"name":"EF/ef_lightning_main 2/ef_lightning_main 2_00003"},{"time":0.3666,"name":"EF/ef_lightning_main 2/ef_lightning_main 2_00004"},{"time":0.4,"name":"EF/ef_lightning_main 2/ef_lightning_main 2_00005"},{"time":0.4333,"name":"EF/ef_lightning_main 2/ef_lightning_main 2_00006"},{"time":0.4666,"name":"EF/ef_lightning_main 2/ef_lightning_main 2_00007"},{"time":0.5,"name":null},{"time":0.6,"name":"EF/ef_lightning_main 2/ef_lightning_main 2_00001"},{"time":0.6333,"name":"EF/ef_lightning_main 2/ef_lightning_main 2_00002"},{"time":0.6666,"name":"EF/ef_lightning_main 2/ef_lightning_main 2_00003"},{"time":0.7,"name":"EF/ef_lightning_main 2/ef_lightning_main 2_00004"},{"time":0.7333,"name":"EF/ef_lightning_main 2/ef_lightning_main 2_00005"},{"time":0.7666,"name":"EF/ef_lightning_main 2/ef_lightning_main 2_00006"},{"time":0.8,"name":"EF/ef_lightning_main 2/ef_lightning_main 2_00007"},{"time":0.8333,"name":null}],"color":[{"time":0.2666,"color":"ffffff00"},{"time":0.3333,"color":"ffffffff","curve":"stepped"},{"time":0.4333,"color":"ffffffff"},{"time":0.5,"color":"ffffff00","curve":"stepped"},{"time":0.6,"color":"ffffffff"},{"time":0.8333,"color":"ffffff00"}]},"EF_thunder2_2":{"attachment":[{"time":0.2666,"name":"EF/ef_lightning_main 2/ef_lightning_main 2_00001"},{"time":0.3,"name":"EF/ef_lightning_main 2/ef_lightning_main 2_00002"},{"time":0.3333,"name":"EF/ef_lightning_main 2/ef_lightning_main 2_00003"},{"time":0.3666,"name":"EF/ef_lightning_main 2/ef_lightning_main 2_00004"},{"time":0.4,"name":"EF/ef_lightning_main 2/ef_lightning_main 2_00005"},{"time":0.4333,"name":"EF/ef_lightning_main 2/ef_lightning_main 2_00006"},{"time":0.4666,"name":"EF/ef_lightning_main 2/ef_lightning_main 2_00007"},{"time":0.5,"name":null},{"time":0.6,"name":"EF/ef_lightning_main 2/ef_lightning_main 2_00001"},{"time":0.6333,"name":"EF/ef_lightning_main 2/ef_lightning_main 2_00002"},{"time":0.6666,"name":"EF/ef_lightning_main 2/ef_lightning_main 2_00003"},{"time":0.7,"name":"EF/ef_lightning_main 2/ef_lightning_main 2_00004"},{"time":0.7333,"name":"EF/ef_lightning_main 2/ef_lightning_main 2_00005"},{"time":0.7666,"name":"EF/ef_lightning_main 2/ef_lightning_main 2_00006"},{"time":0.8,"name":"EF/ef_lightning_main 2/ef_lightning_main 2_00007"},{"time":0.8333,"name":null}],"color":[{"time":0.2666,"color":"ffffff00"},{"time":0.3333,"color":"ffffffff","curve":"stepped"},{"time":0.4333,"color":"ffffffff"},{"time":0.5,"color":"ffffff00","curve":"stepped"},{"time":0.6,"color":"ffffffff"},{"time":0.8333,"color":"ffffff00"}]},"EF_thunder2_3":{"attachment":[{"time":0.2,"name":"EF/ef_lightning_main 2/ef_lightning_main 2_00001"},{"time":0.2333,"name":"EF/ef_lightning_main 2/ef_lightning_main 2_00002"},{"time":0.2666,"name":"EF/ef_lightning_main 2/ef_lightning_main 2_00003"},{"time":0.3,"name":"EF/ef_lightning_main 2/ef_lightning_main 2_00004"},{"time":0.3333,"name":"EF/ef_lightning_main 2/ef_lightning_main 2_00005"},{"time":0.3666,"name":"EF/ef_lightning_main 2/ef_lightning_main 2_00006"},{"time":0.4,"name":"EF/ef_lightning_main 2/ef_lightning_main 2_00007"},{"time":0.4333,"name":null},{"time":0.6,"name":"EF/ef_lightning_main 2/ef_lightning_main 2_00001"},{"time":0.6333,"name":"EF/ef_lightning_main 2/ef_lightning_main 2_00002"},{"time":0.6666,"name":"EF/ef_lightning_main 2/ef_lightning_main 2_00003"},{"time":0.7,"name":"EF/ef_lightning_main 2/ef_lightning_main 2_00004"},{"time":0.7333,"name":"EF/ef_lightning_main 2/ef_lightning_main 2_00005"},{"time":0.7666,"name":"EF/ef_lightning_main 2/ef_lightning_main 2_00006"},{"time":0.8,"name":"EF/ef_lightning_main 2/ef_lightning_main 2_00007"},{"time":0.8333,"name":null}],"color":[{"time":0.2,"color":"ffffff00"},{"time":0.2666,"color":"ffffffff","curve":"stepped"},{"time":0.3666,"color":"ffffffff"},{"time":0.4333,"color":"ffffff00","curve":"stepped"},{"time":0.6,"color":"ffffffff"},{"time":0.8333,"color":"ffffff00"}]},"EF_thunderbolt1_1":{"attachment":[{"time":0.0666,"name":"EF/ef_beam_A_main/ef_beam_A_main_00002"},{"time":0.1,"name":"EF/ef_beam_A_main/ef_beam_A_main_00003"},{"time":0.1333,"name":"EF/ef_beam_A_main/ef_beam_A_main_00004"},{"time":0.1666,"name":"EF/ef_beam_A_main/ef_beam_A_main_00005"},{"time":0.2,"name":"EF/ef_beam_A_main/ef_beam_A_main_00006"},{"time":0.2333,"name":"EF/ef_beam_A_main/ef_beam_A_main_00007"},{"time":0.2666,"name":"EF/ef_beam_A_main/ef_beam_A_main_00008"},{"time":0.3,"name":"EF/ef_beam_A_main/ef_beam_A_main_00009"},{"time":0.3333,"name":"EF/ef_beam_A_main/ef_beam_A_main_00010"},{"time":0.3666,"name":"EF/ef_beam_A_main/ef_beam_A_main_00011"},{"time":0.4,"name":null}]},"EF_thunderbolt1_2":{"attachment":[{"time":0.2666,"name":"EF/ef_beam_A_main/ef_beam_A_main_00002"},{"time":0.3,"name":"EF/ef_beam_A_main/ef_beam_A_main_00003"},{"time":0.3333,"name":"EF/ef_beam_A_main/ef_beam_A_main_00004"},{"time":0.3666,"name":"EF/ef_beam_A_main/ef_beam_A_main_00005"},{"time":0.4,"name":"EF/ef_beam_A_main/ef_beam_A_main_00006"},{"time":0.4333,"name":"EF/ef_beam_A_main/ef_beam_A_main_00007"},{"time":0.4666,"name":"EF/ef_beam_A_main/ef_beam_A_main_00008"},{"time":0.5,"name":"EF/ef_beam_A_main/ef_beam_A_main_00009"},{"time":0.5333,"name":"EF/ef_beam_A_main/ef_beam_A_main_00010"},{"time":0.5666,"name":"EF/ef_beam_A_main/ef_beam_A_main_00011"},{"time":0.6,"name":null}],"color":[{"time":0.5333,"color":"ffffffff"},{"time":0.6,"color":"ffffff00"}]},"EF_wave1_1":{"attachment":[{"time":0.0666,"name":"EF/dark_wave/1070_S1_power2_00004"},{"time":0.1333,"name":"EF/dark_wave/1070_S1_power2_00006"},{"time":0.2,"name":"EF/dark_wave/1070_S1_power2_00008"},{"time":0.2666,"name":"EF/dark_wave/1070_S1_power2_00010"},{"time":0.3333,"name":null}]},"EF_wave3_1":{"attachment":[{"time":0.2,"name":"EF/ef_graund_wave_main/ef_graund_wave_main_00002"},{"time":0.2666,"name":"EF/ef_graund_wave_main/ef_graund_wave_main_00004"},{"time":0.3333,"name":"EF/ef_graund_wave_main/ef_graund_wave_main_00006"},{"time":0.4,"name":"EF/ef_graund_wave_main/ef_graund_wave_main_00008"},{"time":0.4666,"name":"EF/ef_graund_wave_main/ef_graund_wave_main_00010"},{"time":0.5333,"name":"EF/ef_graund_wave_main/ef_graund_wave_main_00012"},{"time":0.6,"name":null}]},"EF_wave3_2":{"attachment":[{"time":0.3,"name":"EF/ef_graund_wave_main/ef_graund_wave_main_00002"},{"time":0.3666,"name":"EF/ef_graund_wave_main/ef_graund_wave_main_00004"},{"time":0.4333,"name":"EF/ef_graund_wave_main/ef_graund_wave_main_00006"},{"time":0.5,"name":"EF/ef_graund_wave_main/ef_graund_wave_main_00008"},{"time":0.5666,"name":"EF/ef_graund_wave_main/ef_graund_wave_main_00010"},{"time":0.6333,"name":"EF/ef_graund_wave_main/ef_graund_wave_main_00012"},{"time":0.7,"name":null}]},"EF_wave3_3":{"attachment":[{"time":0.4,"name":"EF/ef_graund_wave_main/ef_graund_wave_main_00002"},{"time":0.4666,"name":"EF/ef_graund_wave_main/ef_graund_wave_main_00004"},{"time":0.5333,"name":"EF/ef_graund_wave_main/ef_graund_wave_main_00006"},{"time":0.6,"name":"EF/ef_graund_wave_main/ef_graund_wave_main_00008"},{"time":0.6666,"name":"EF/ef_graund_wave_main/ef_graund_wave_main_00010"},{"time":0.7333,"name":"EF/ef_graund_wave_main/ef_graund_wave_main_00012"},{"time":0.8,"name":null}]}},"bones":{"EF_thunderbolt1_1":{"translate":[{"time":0.0666,"x":-150,"y":717.05}],"scale":[{"time":0.0666,"x":15,"y":1.285},{"time":0.2,"x":18,"y":4}]},"EF_thunderbolt1_2":{"translate":[{"time":0.2666,"x":-150,"y":717.05,"curve":"stepped"},{"time":0.5333,"x":-150,"y":717.05},{"time":0.6,"x":-150,"y":274.77}],"scale":[{"time":0.2666,"x":15,"y":1.285},{"time":0.4,"x":18,"y":4,"curve":"stepped"},{"time":0.5,"x":18,"y":4},{"time":0.6,"x":-0.066,"y":4}]},"EF_eneflow1_1":{"translate":[{"time":0.1333,"x":-350,"y":-100}],"scale":[{"time":0.1333,"x":15,"y":5}]},"EF_dome1_1":{"translate":[{"time":0.2,"x":-150,"y":0}],"scale":[{"time":0.2,"x":4,"y":4,"curve":[0.198,0.33,0.733,0.88]},{"time":0.9333,"x":5,"y":5}]},"EF_wave1_1":{"translate":[{"time":0.0666,"x":-200,"y":600}],"scale":[{"time":0.0666,"x":1,"y":1,"curve":[0.198,0.42,0.75,1]},{"time":0.3333,"x":5.573,"y":5.573}]},"EF_wave3_3":{"translate":[{"time":0.4,"x":-200,"y":0}],"scale":[{"time":0.4,"x":8,"y":8}]},"EF_wave3_2":{"translate":[{"time":0.3,"x":-200,"y":0}],"scale":[{"time":0.3,"x":8,"y":8}]},"EF_wave3_1":{"translate":[{"time":0.2,"x":-200,"y":0}],"scale":[{"time":0.2,"x":8,"y":8}]},"EF_red_shock1_1":{"rotate":[{"time":0.5,"angle":90}],"translate":[{"time":0.5,"x":0,"y":202.67}],"scale":[{"time":0.5,"x":6,"y":6}]},"EF_thunder1_1":{"rotate":[{"time":0.2333,"angle":-144.61,"curve":"stepped"},{"time":0.6,"angle":-93.64}],"translate":[{"time":0.2333,"x":178.88,"y":289.09,"curve":"stepped"},{"time":0.6,"x":-250,"y":303.3},{"time":0.8333,"x":-250,"y":313}],"scale":[{"time":0.2333,"x":2,"y":2}]},"EF_thunder2_1":{"rotate":[{"time":0.2666,"angle":-132.52,"curve":"stepped"},{"time":0.6,"angle":-95.57}],"translate":[{"time":0.2666,"x":53.06,"y":359.38,"curve":"stepped"},{"time":0.6,"x":-249.02,"y":581.51},{"time":0.8333,"x":-249.02,"y":591}],"scale":[{"time":0.2666,"x":2,"y":2}]},"EF_thunder_blue_1_1":{"rotate":[{"time":0.3,"angle":-59.39}],"translate":[{"time":0.3,"x":-415.99,"y":368.07}],"scale":[{"time":0.3,"x":2.5,"y":2.5}]},"EF_thunder1_2":{"rotate":[{"time":0.3,"angle":102.5,"curve":"stepped"},{"time":0.6,"angle":-83.66}],"translate":[{"time":0.3,"x":-311.77,"y":204.96,"curve":"stepped"},{"time":0.6,"x":-264.96,"y":203.01},{"time":0.8333,"x":-264.96,"y":213}],"scale":[{"time":0.3,"x":1.5,"y":1.5,"curve":"stepped"},{"time":0.6,"x":1.5,"y":-1.5}]},"EF_thunder1_3":{"rotate":[{"time":0.3333,"angle":137.32,"curve":"stepped"},{"time":0.6,"angle":88.75}],"translate":[{"time":0.3333,"x":-479.51,"y":74.37,"curve":"stepped"},{"time":0.6,"x":-256.47,"y":220.89},{"time":0.8333,"x":-256.47,"y":230}],"scale":[{"time":0.3333,"x":2,"y":2}]},"EF_thunder_blue_1_3":{"rotate":[{"time":0.2333,"angle":-86.12}],"translate":[{"time":0.2333,"x":-231.4,"y":575.68}],"scale":[{"time":0.2333,"x":2.5,"y":2.5}]},"EF_thunder_blue_1_2":{"rotate":[{"time":0.2666,"angle":-96.49}],"translate":[{"time":0.2666,"x":-8.82,"y":366.03}],"scale":[{"time":0.2666,"x":1.5,"y":1.5}]},"EF_thunder2_3":{"rotate":[{"time":0.2,"angle":-171.62,"curve":"stepped"},{"time":0.6,"angle":-94.87}],"translate":[{"time":0.2,"x":119.54,"y":-98.29,"curve":"stepped"},{"time":0.6,"x":-250.07,"y":360.16},{"time":0.8333,"x":-250.07,"y":370}]},"EF_thunder2_2":{"rotate":[{"time":0.2666,"angle":-10.61,"curve":"stepped"},{"time":0.6,"angle":86.7}],"translate":[{"time":0.2666,"x":-734.68,"y":-98.48,"curve":"stepped"},{"time":0.6,"x":-247.79,"y":393},{"time":0.8333,"x":-247.79,"y":403}],"scale":[{"time":0.2666,"x":1.5,"y":1.5}]},"DAMAGEAREA":{"translate":[{"time":0.1666,"x":-9.81,"y":336.19}],"scale":[{"time":0.1666,"x":6.117,"y":5.126}]}},"events":[{"time":0,"name":"Event","string":"setPosition_Target"},{"time":0,"name":"Sound1","string":"cri_se_battle_darkness_explosion"},{"time":0,"name":"Sound2","string":"cri_se_battle_skill_electric_1"},{"time":0.0333,"name":"Event","float":0.1,"string":"kHitStopType_enemyonly"},{"time":0.1,"name":"Sound1","string":"cri_se_battle_skill_elxplosion"},{"time":0.1666,"name":"Event","int":3,"string":"shakeGround"},{"time":0.2,"name":"Sound1","string":"setHitSound(se_battle_016_boss_ko)"},{"time":0.2333,"name":"Event","float":0.3,"string":"kHitStopType_normal"},{"time":0.2333,"name":"Hit","string":"resetHitList"},{"time":0.3,"name":"Event","float":0.1,"string":"kHitStopType_enemyonly"},{"time":0.3,"name":"Hit","string":"resetHitList"},{"time":0.3666,"name":"Hit","string":"resetHitList"},{"time":0.4333,"name":"Hit","string":"resetHitList"},{"time":0.5,"name":"Hit","string":"resetHitList"},{"time":0.5666,"name":"Hit","string":"resetHitList"},{"time":0.6333,"name":"Hit","string":"resetHitList"},{"time":0.7,"name":"Hit","string":"resetHitList"},{"time":0.7666,"name":"Hit","string":"resetHitList"}]}}}