{"skeleton":{"hash":"vvlGhec1ihXCsC40uhE1CHopel4","spine":"3.0.12","width":0,"height":0},"bones":[{"name":"root"},{"name":"EF","parent":"root"},{"name":"ef_fire_wave_A","parent":"EF","x":300},{"name":"ef_ex2","parent":"EF","x":100},{"name":"ef_ex1","parent":"EF","x":100},{"name":"ef_arrow_sprash3","parent":"EF","x":50},{"name":"ef_arrow_sprash2","parent":"EF","x":50},{"name":"ef_arrow_sprash","parent":"EF","x":50},{"name":"ef_arrow_line_yellow","parent":"EF"},{"name":"arrow2","parent":"EF"},{"name":"arrow","parent":"EF"},{"name":"EF_OF02","parent":"EF","x":450},{"name":"EF_OF01","parent":"EF","x":450},{"name":"EF_OF00","parent":"EF","x":450},{"name":"DAMAGEAREA","parent":"root"}],"slots":[{"name":"480_S1_arrow","bone":"arrow","blend":"additive"},{"name":"480_S1_arrow2","bone":"arrow2","blend":"additive"},{"name":"0e/as13_ef_arrow_line_yellow/ef_arrow_line_yellow_00001","bone":"ef_arrow_line_yellow","blend":"additive"},{"name":"0e/o_ef_arrow_sprash_yellow/ef_arrow_sprash_yellow_00001","bone":"ef_arrow_sprash","blend":"additive"},{"name":"0e/o_ef_arrow_sprash_yellow/ef_arrow_sprash_yellow_1","bone":"ef_arrow_sprash2","blend":"additive"},{"name":"0e/o_ef_arrow_sprash_yellow/ef_arrow_sprash_yellow_2","bone":"ef_arrow_sprash3","blend":"additive"},{"name":"0e/s1_ef_ex1_yellow/ef_ex1_yellow_00001","bone":"ef_ex1","blend":"additive"},{"name":"0e/s1_ef_ex1_yellow/ef_ex1_yellow_1","bone":"ef_ex2","blend":"additive"},{"name":"0e/s3_ef_fire_wave_A_main/ef_fire_wave_A_main_00001","bone":"ef_fire_wave_A","blend":"additive"},{"name":"DAMAGEAREA","bone":"DAMAGEAREA"},{"name":"ef_OF_weapon/ef_OF_yellow_00006","bone":"EF_OF00","blend":"additive"},{"name":"ef_OF_weapon/ef_OF_yellow_6","bone":"EF_OF01","blend":"additive"},{"name":"ef_OF_weapon/ef_OF_yellow_7","bone":"EF_OF02","blend":"additive"}],"skins":{"default":{"0e/as13_ef_arrow_line_yellow/ef_arrow_line_yellow_00001":{"0e/as13_ef_arrow_line_yellow/ef_arrow_line_yellow_00001":{"width":169,"height":225},"0e/as13_ef_arrow_line_yellow/ef_arrow_line_yellow_00002":{"width":169,"height":225},"0e/as13_ef_arrow_line_yellow/ef_arrow_line_yellow_00003":{"width":169,"height":225},"0e/as13_ef_arrow_line_yellow/ef_arrow_line_yellow_00004":{"width":169,"height":225},"0e/as13_ef_arrow_line_yellow/ef_arrow_line_yellow_00005":{"width":169,"height":225},"0e/as13_ef_arrow_line_yellow/ef_arrow_line_yellow_00006":{"width":169,"height":225},"0e/as13_ef_arrow_line_yellow/ef_arrow_line_yellow_00007":{"width":169,"height":225},"0e/as13_ef_arrow_line_yellow/ef_arrow_line_yellow_00008":{"width":169,"height":225}},"0e/o_ef_arrow_sprash_yellow/ef_arrow_sprash_yellow_00001":{"0e/o_ef_arrow_sprash_yellow/ef_arrow_sprash_yellow_00001":{"width":250,"height":250},"0e/o_ef_arrow_sprash_yellow/ef_arrow_sprash_yellow_00002":{"width":250,"height":250},"0e/o_ef_arrow_sprash_yellow/ef_arrow_sprash_yellow_00003":{"width":250,"height":250},"0e/o_ef_arrow_sprash_yellow/ef_arrow_sprash_yellow_00004":{"width":250,"height":250},"0e/o_ef_arrow_sprash_yellow/ef_arrow_sprash_yellow_00005":{"width":250,"height":250},"0e/o_ef_arrow_sprash_yellow/ef_arrow_sprash_yellow_00006":{"width":250,"height":250},"0e/o_ef_arrow_sprash_yellow/ef_arrow_sprash_yellow_00007":{"width":250,"height":250},"0e/o_ef_arrow_sprash_yellow/ef_arrow_sprash_yellow_00008":{"width":250,"height":250},"0e/o_ef_arrow_sprash_yellow/ef_arrow_sprash_yellow_00009":{"width":250,"height":250},"0e/o_ef_arrow_sprash_yellow/ef_arrow_sprash_yellow_00010":{"width":250,"height":250}},"0e/o_ef_arrow_sprash_yellow/ef_arrow_sprash_yellow_1":{"0e/o_ef_arrow_sprash_yellow/ef_arrow_sprash_yellow_00001":{"width":250,"height":250},"0e/o_ef_arrow_sprash_yellow/ef_arrow_sprash_yellow_00002":{"width":250,"height":250},"0e/o_ef_arrow_sprash_yellow/ef_arrow_sprash_yellow_00003":{"width":250,"height":250},"0e/o_ef_arrow_sprash_yellow/ef_arrow_sprash_yellow_00004":{"width":250,"height":250},"0e/o_ef_arrow_sprash_yellow/ef_arrow_sprash_yellow_00005":{"width":250,"height":250},"0e/o_ef_arrow_sprash_yellow/ef_arrow_sprash_yellow_00006":{"width":250,"height":250},"0e/o_ef_arrow_sprash_yellow/ef_arrow_sprash_yellow_00007":{"width":250,"height":250},"0e/o_ef_arrow_sprash_yellow/ef_arrow_sprash_yellow_00008":{"width":250,"height":250},"0e/o_ef_arrow_sprash_yellow/ef_arrow_sprash_yellow_00009":{"width":250,"height":250},"0e/o_ef_arrow_sprash_yellow/ef_arrow_sprash_yellow_00010":{"width":250,"height":250}},"0e/o_ef_arrow_sprash_yellow/ef_arrow_sprash_yellow_2":{"0e/o_ef_arrow_sprash_yellow/ef_arrow_sprash_yellow_00001":{"width":250,"height":250},"0e/o_ef_arrow_sprash_yellow/ef_arrow_sprash_yellow_00002":{"width":250,"height":250},"0e/o_ef_arrow_sprash_yellow/ef_arrow_sprash_yellow_00003":{"width":250,"height":250},"0e/o_ef_arrow_sprash_yellow/ef_arrow_sprash_yellow_00004":{"width":250,"height":250},"0e/o_ef_arrow_sprash_yellow/ef_arrow_sprash_yellow_00005":{"width":250,"height":250},"0e/o_ef_arrow_sprash_yellow/ef_arrow_sprash_yellow_00006":{"width":250,"height":250},"0e/o_ef_arrow_sprash_yellow/ef_arrow_sprash_yellow_00007":{"width":250,"height":250},"0e/o_ef_arrow_sprash_yellow/ef_arrow_sprash_yellow_00008":{"width":250,"height":250},"0e/o_ef_arrow_sprash_yellow/ef_arrow_sprash_yellow_00009":{"width":250,"height":250},"0e/o_ef_arrow_sprash_yellow/ef_arrow_sprash_yellow_00010":{"width":250,"height":250}},"0e/s1_ef_ex1_yellow/ef_ex1_yellow_00001":{"0e/s1_ef_ex1_yellow/ef_ex1_yellow_00001":{"y":-53.95,"width":250,"height":250},"0e/s1_ef_ex1_yellow/ef_ex1_yellow_00002":{"y":-53.95,"width":250,"height":250},"0e/s1_ef_ex1_yellow/ef_ex1_yellow_00003":{"y":-53.95,"width":250,"height":250},"0e/s1_ef_ex1_yellow/ef_ex1_yellow_00004":{"y":-53.95,"width":250,"height":250},"0e/s1_ef_ex1_yellow/ef_ex1_yellow_00005":{"y":-53.95,"width":250,"height":250},"0e/s1_ef_ex1_yellow/ef_ex1_yellow_00006":{"y":-53.95,"width":250,"height":250},"0e/s1_ef_ex1_yellow/ef_ex1_yellow_00007":{"y":-53.95,"width":250,"height":250},"0e/s1_ef_ex1_yellow/ef_ex1_yellow_00008":{"y":-53.95,"width":250,"height":250},"0e/s1_ef_ex1_yellow/ef_ex1_yellow_00009":{"y":-53.95,"width":250,"height":250}},"0e/s1_ef_ex1_yellow/ef_ex1_yellow_1":{"0e/s1_ef_ex1_yellow/ef_ex1_yellow_00001":{"y":-53.95,"width":250,"height":250},"0e/s1_ef_ex1_yellow/ef_ex1_yellow_00002":{"y":-53.95,"width":250,"height":250},"0e/s1_ef_ex1_yellow/ef_ex1_yellow_00003":{"y":-53.95,"width":250,"height":250},"0e/s1_ef_ex1_yellow/ef_ex1_yellow_00004":{"y":-53.95,"width":250,"height":250},"0e/s1_ef_ex1_yellow/ef_ex1_yellow_00005":{"y":-53.95,"width":250,"height":250},"0e/s1_ef_ex1_yellow/ef_ex1_yellow_00006":{"y":-53.95,"width":250,"height":250},"0e/s1_ef_ex1_yellow/ef_ex1_yellow_00007":{"y":-53.95,"width":250,"height":250},"0e/s1_ef_ex1_yellow/ef_ex1_yellow_00008":{"y":-53.95,"width":250,"height":250},"0e/s1_ef_ex1_yellow/ef_ex1_yellow_00009":{"y":-53.95,"width":250,"height":250}},"0e/s3_ef_fire_wave_A_main/ef_fire_wave_A_main_00001":{"0e/s3_ef_fire_wave_A_main/ef_fire_wave_A_main_00001":{"width":300,"height":300},"0e/s3_ef_fire_wave_A_main/ef_fire_wave_A_main_00002":{"width":300,"height":300},"0e/s3_ef_fire_wave_A_main/ef_fire_wave_A_main_00003":{"width":300,"height":300},"0e/s3_ef_fire_wave_A_main/ef_fire_wave_A_main_00004":{"width":300,"height":300},"0e/s3_ef_fire_wave_A_main/ef_fire_wave_A_main_00005":{"width":300,"height":300},"0e/s3_ef_fire_wave_A_main/ef_fire_wave_A_main_00006":{"width":300,"height":300},"0e/s3_ef_fire_wave_A_main/ef_fire_wave_A_main_00007":{"width":300,"height":300},"0e/s3_ef_fire_wave_A_main/ef_fire_wave_A_main_00008":{"width":300,"height":300},"0e/s3_ef_fire_wave_A_main/ef_fire_wave_A_main_00009":{"width":300,"height":300},"0e/s3_ef_fire_wave_A_main/ef_fire_wave_A_main_00010":{"width":300,"height":300},"0e/s3_ef_fire_wave_A_main/ef_fire_wave_A_main_00011":{"width":300,"height":300}},"480_S1_arrow":{"480_S1_arrow":{"width":225,"height":225}},"480_S1_arrow2":{"480_S1_arrow":{"width":225,"height":225}},"DAMAGEAREA":{"DAMAGEAREA":{"type":"boundingbox","vertices":[-97.20972,-98.32649,98.64172,-98.32649,97.96634,97.52487,-98.56042,97.52487]}},"ef_OF_weapon/ef_OF_yellow_00006":{"ef_OF_weapon/ef_OF_yellow_00006":{"width":200,"height":200}},"ef_OF_weapon/ef_OF_yellow_6":{"ef_OF_weapon/ef_OF_yellow_00006":{"width":200,"height":200}},"ef_OF_weapon/ef_OF_yellow_7":{"ef_OF_weapon/ef_OF_yellow_00006":{"width":200,"height":200}}}},"events":{"Event":{},"Event2":{},"HIt":{},"Sound1":{},"Sound2":{}},"animations":{"attack1":{"slots":{"0e/as13_ef_arrow_line_yellow/ef_arrow_line_yellow_00001":{"attachment":[{"time":0.0333,"name":"0e/as13_ef_arrow_line_yellow/ef_arrow_line_yellow_00001"},{"time":0.0666,"name":"0e/as13_ef_arrow_line_yellow/ef_arrow_line_yellow_00002"},{"time":0.1333,"name":"0e/as13_ef_arrow_line_yellow/ef_arrow_line_yellow_00003"},{"time":0.1666,"name":"0e/as13_ef_arrow_line_yellow/ef_arrow_line_yellow_00004"},{"time":0.2,"name":"0e/as13_ef_arrow_line_yellow/ef_arrow_line_yellow_00005"},{"time":0.2666,"name":"0e/as13_ef_arrow_line_yellow/ef_arrow_line_yellow_00006"},{"time":0.3333,"name":"0e/as13_ef_arrow_line_yellow/ef_arrow_line_yellow_00007"},{"time":0.3666,"name":"0e/as13_ef_arrow_line_yellow/ef_arrow_line_yellow_00008"},{"time":0.4,"name":null}],"color":[{"time":0.3333,"color":"ffffffff"},{"time":0.4,"color":"ffffff00"}]},"0e/o_ef_arrow_sprash_yellow/ef_arrow_sprash_yellow_00001":{"attachment":[{"time":0.0333,"name":"0e/o_ef_arrow_sprash_yellow/ef_arrow_sprash_yellow_00001"},{"time":0.0666,"name":"0e/o_ef_arrow_sprash_yellow/ef_arrow_sprash_yellow_00002"},{"time":0.1,"name":"0e/o_ef_arrow_sprash_yellow/ef_arrow_sprash_yellow_00003"},{"time":0.1333,"name":"0e/o_ef_arrow_sprash_yellow/ef_arrow_sprash_yellow_00004"},{"time":0.1666,"name":"0e/o_ef_arrow_sprash_yellow/ef_arrow_sprash_yellow_00005"},{"time":0.2,"name":"0e/o_ef_arrow_sprash_yellow/ef_arrow_sprash_yellow_00006"},{"time":0.2333,"name":"0e/o_ef_arrow_sprash_yellow/ef_arrow_sprash_yellow_00007"},{"time":0.2666,"name":"0e/o_ef_arrow_sprash_yellow/ef_arrow_sprash_yellow_00008"},{"time":0.3,"name":"0e/o_ef_arrow_sprash_yellow/ef_arrow_sprash_yellow_00009"},{"time":0.3333,"name":"0e/o_ef_arrow_sprash_yellow/ef_arrow_sprash_yellow_00010"},{"time":0.3666,"name":null}]},"0e/s1_ef_ex1_yellow/ef_ex1_yellow_00001":{"attachment":[{"time":0.0666,"name":"0e/s1_ef_ex1_yellow/ef_ex1_yellow_00001"},{"time":0.1,"name":"0e/s1_ef_ex1_yellow/ef_ex1_yellow_00002"},{"time":0.1333,"name":"0e/s1_ef_ex1_yellow/ef_ex1_yellow_00003"},{"time":0.1666,"name":"0e/s1_ef_ex1_yellow/ef_ex1_yellow_00004"},{"time":0.2,"name":"0e/s1_ef_ex1_yellow/ef_ex1_yellow_00005"},{"time":0.2333,"name":"0e/s1_ef_ex1_yellow/ef_ex1_yellow_00006"},{"time":0.2666,"name":"0e/s1_ef_ex1_yellow/ef_ex1_yellow_00007"},{"time":0.3,"name":"0e/s1_ef_ex1_yellow/ef_ex1_yellow_00008"},{"time":0.3333,"name":"0e/s1_ef_ex1_yellow/ef_ex1_yellow_00009"},{"time":0.4,"name":null}]},"0e/s3_ef_fire_wave_A_main/ef_fire_wave_A_main_00001":{"attachment":[{"time":0.0333,"name":"0e/s3_ef_fire_wave_A_main/ef_fire_wave_A_main_00001"},{"time":0.0666,"name":"0e/s3_ef_fire_wave_A_main/ef_fire_wave_A_main_00002"},{"time":0.1,"name":"0e/s3_ef_fire_wave_A_main/ef_fire_wave_A_main_00003"},{"time":0.1333,"name":"0e/s3_ef_fire_wave_A_main/ef_fire_wave_A_main_00004"},{"time":0.1666,"name":"0e/s3_ef_fire_wave_A_main/ef_fire_wave_A_main_00005"},{"time":0.2,"name":"0e/s3_ef_fire_wave_A_main/ef_fire_wave_A_main_00006"},{"time":0.2333,"name":"0e/s3_ef_fire_wave_A_main/ef_fire_wave_A_main_00007"},{"time":0.2666,"name":"0e/s3_ef_fire_wave_A_main/ef_fire_wave_A_main_00008"},{"time":0.3,"name":"0e/s3_ef_fire_wave_A_main/ef_fire_wave_A_main_00009"},{"time":0.3333,"name":"0e/s3_ef_fire_wave_A_main/ef_fire_wave_A_main_00010"},{"time":0.3666,"name":"0e/s3_ef_fire_wave_A_main/ef_fire_wave_A_main_00011"},{"time":0.4,"name":null}]},"480_S1_arrow":{"attachment":[{"time":0.0333,"name":"480_S1_arrow"},{"time":0.4,"name":null}],"color":[{"time":0.0333,"color":"ffd200ff","curve":"stepped"},{"time":0.3333,"color":"ffd200ff"},{"time":0.4,"color":"ffd20000"}]},"DAMAGEAREA":{"attachment":[{"time":0.2,"name":"DAMAGEAREA"},{"time":0.3666,"name":null}]},"ef_OF_weapon/ef_OF_yellow_00006":{"attachment":[{"time":2,"name":null}],"color":[{"time":1.5,"color":"ffffffff"},{"time":2,"color":"ffffff00"}]},"ef_OF_weapon/ef_OF_yellow_6":{"attachment":[{"time":2,"name":null}],"color":[{"time":1.5,"color":"ffffffff"},{"time":2,"color":"ffffff00"}]},"ef_OF_weapon/ef_OF_yellow_7":{"attachment":[{"time":2,"name":null}],"color":[{"time":1.5,"color":"ffffffff"},{"time":2,"color":"ffffff00"}]}},"bones":{"ef_arrow_sprash":{"rotate":[{"time":0.0333,"angle":0}],"translate":[{"time":0.0333,"x":87.76,"y":88.42},{"time":0.2,"x":138.47,"y":88.42}],"scale":[{"time":0.0333,"x":2,"y":2},{"time":0.3333,"x":4,"y":4}]},"ef_arrow_line_yellow":{"rotate":[{"time":0.0333,"angle":90}],"translate":[{"time":0.0333,"x":-34.61,"y":102.6},{"time":0.2,"x":-91.6,"y":102.6},{"time":0.3333,"x":-612.01,"y":102.57},{"time":0.3666,"x":-666.93,"y":102.6}],"scale":[{"time":0.0333,"x":7,"y":2.337},{"time":0.3333,"x":7,"y":5}]},"arrow":{"rotate":[{"time":0.0333,"angle":90}],"translate":[{"time":0.0333,"x":137.98,"y":88.66},{"time":0.3666,"x":-1000,"y":88.66}],"scale":[{"time":0.0333,"x":2.5,"y":2.5,"curve":[0.134,0.35,0.75,1]},{"time":0.3666,"x":3.5,"y":3.5}]},"ef_fire_wave_A":{"translate":[{"time":0.0333,"x":-80.31,"y":88.37,"curve":[0.25,0,0.75,1]},{"time":0.3666,"x":-1200,"y":88.37}],"scale":[{"time":0.0333,"x":2,"y":2},{"time":0.2,"x":2.798,"y":2.151}]},"ef_ex1":{"rotate":[{"time":0.0666,"angle":90}],"translate":[{"time":0.0666,"x":-112.32,"y":87.49},{"time":0.3666,"x":-1300,"y":87.49}],"scale":[{"time":0.0666,"x":2,"y":2},{"time":0.2666,"x":5,"y":5}]},"EF_OF00":{"rotate":[{"time":0.0666,"angle":-43.83,"curve":"stepped"},{"time":0.3333,"angle":0,"curve":"stepped"},{"time":0.6333,"angle":-33.02,"curve":"stepped"},{"time":0.8666,"angle":-52.51,"curve":"stepped"},{"time":1.2333,"angle":65.3,"curve":"stepped"},{"time":1.3666,"angle":65.3,"curve":"stepped"},{"time":1.6333,"angle":-43.83,"curve":"stepped"},{"time":1.9666,"angle":0}],"translate":[{"time":0.0333,"x":-295.24,"y":96.51,"curve":"stepped"},{"time":0.0666,"x":-284.38,"y":95.59,"curve":"stepped"},{"time":0.1,"x":-280.52,"y":97.24,"curve":"stepped"},{"time":0.1333,"x":-277.94,"y":97.06,"curve":"stepped"},{"time":0.1666,"x":-274.81,"y":95.96,"curve":"stepped"},{"time":0.2666,"x":-274.81,"y":95.96}],"scale":[{"time":0,"x":2,"y":2,"curve":"stepped"},{"time":0.0333,"x":3,"y":3,"curve":"stepped"},{"time":0.0666,"x":2,"y":2,"curve":"stepped"},{"time":0.1,"x":3,"y":3,"curve":"stepped"},{"time":0.1333,"x":2,"y":2,"curve":"stepped"},{"time":0.1666,"x":3,"y":3,"curve":"stepped"},{"time":0.2,"x":2,"y":2,"curve":"stepped"},{"time":0.2333,"x":3,"y":3,"curve":"stepped"},{"time":0.2666,"x":2,"y":2,"curve":"stepped"},{"time":0.3,"x":3,"y":3,"curve":"stepped"},{"time":0.3333,"x":2,"y":2,"curve":"stepped"},{"time":0.3666,"x":3,"y":3,"curve":"stepped"},{"time":0.4,"x":2,"y":2,"curve":"stepped"},{"time":0.4333,"x":3,"y":3,"curve":"stepped"},{"time":0.4666,"x":2,"y":2,"curve":"stepped"},{"time":0.5,"x":3,"y":3,"curve":"stepped"},{"time":0.5333,"x":2,"y":2,"curve":"stepped"},{"time":0.5666,"x":3,"y":3,"curve":"stepped"},{"time":0.6,"x":2,"y":2,"curve":"stepped"},{"time":0.6333,"x":3,"y":3,"curve":"stepped"},{"time":0.6666,"x":2,"y":2,"curve":"stepped"},{"time":0.7,"x":3,"y":3,"curve":"stepped"},{"time":0.7333,"x":2,"y":2,"curve":"stepped"},{"time":0.7666,"x":3,"y":3,"curve":"stepped"},{"time":0.8,"x":2,"y":2,"curve":"stepped"},{"time":0.8333,"x":3,"y":3,"curve":"stepped"},{"time":0.8666,"x":2,"y":2,"curve":"stepped"},{"time":0.9,"x":3,"y":3,"curve":"stepped"},{"time":0.9333,"x":2,"y":2,"curve":"stepped"},{"time":0.9666,"x":3,"y":3,"curve":"stepped"},{"time":1,"x":2,"y":2,"curve":"stepped"},{"time":1.0333,"x":3,"y":3,"curve":"stepped"},{"time":1.0666,"x":2,"y":2,"curve":"stepped"},{"time":1.1,"x":3,"y":3,"curve":"stepped"},{"time":1.1333,"x":2,"y":2,"curve":"stepped"},{"time":1.1666,"x":3,"y":3,"curve":"stepped"},{"time":1.2,"x":2,"y":2,"curve":"stepped"},{"time":1.2333,"x":3,"y":3,"curve":"stepped"},{"time":1.2666,"x":2,"y":2,"curve":"stepped"},{"time":1.3,"x":3,"y":3,"curve":"stepped"},{"time":1.3333,"x":2,"y":2,"curve":"stepped"},{"time":1.3666,"x":3,"y":3,"curve":"stepped"},{"time":1.4,"x":2,"y":2,"curve":"stepped"},{"time":1.4333,"x":3,"y":3,"curve":"stepped"},{"time":1.4666,"x":2,"y":2,"curve":"stepped"},{"time":1.5,"x":3,"y":3,"curve":"stepped"},{"time":1.5333,"x":2,"y":2,"curve":"stepped"},{"time":1.5666,"x":3,"y":3,"curve":"stepped"},{"time":1.6,"x":2,"y":2,"curve":"stepped"},{"time":1.6333,"x":3,"y":3,"curve":"stepped"},{"time":1.6666,"x":2,"y":2,"curve":"stepped"},{"time":1.7,"x":3,"y":3,"curve":"stepped"},{"time":1.7333,"x":2,"y":2,"curve":"stepped"},{"time":1.7666,"x":3,"y":3,"curve":"stepped"},{"time":1.8,"x":2,"y":2,"curve":"stepped"},{"time":1.8333,"x":3,"y":3,"curve":"stepped"},{"time":1.8666,"x":2,"y":2,"curve":"stepped"},{"time":1.9,"x":3,"y":3,"curve":"stepped"},{"time":1.9333,"x":2,"y":2,"curve":"stepped"},{"time":1.9666,"x":3,"y":3,"curve":"stepped"},{"time":2,"x":2,"y":2}]},"EF_OF02":{"rotate":[{"time":0.1,"angle":-24.37,"curve":"stepped"},{"time":0.3666,"angle":23.91,"curve":"stepped"},{"time":0.6333,"angle":21.11,"curve":"stepped"},{"time":0.9,"angle":18.3,"curve":"stepped"},{"time":1.0333,"angle":18.3,"curve":"stepped"},{"time":1.5666,"angle":-24.37,"curve":"stepped"},{"time":1.8333,"angle":23.91}],"translate":[{"time":0.0333,"x":-284.61,"y":56.46,"curve":"stepped"},{"time":0.0666,"x":-274.47,"y":57.47,"curve":"stepped"},{"time":0.1,"x":-270.92,"y":57.47,"curve":"stepped"},{"time":0.1333,"x":-269.4,"y":57.47,"curve":"stepped"},{"time":0.1666,"x":-267.88,"y":57.47,"curve":"stepped"},{"time":0.2666,"x":-264.33,"y":56.46}],"scale":[{"time":0,"x":1,"y":1,"curve":"stepped"},{"time":0.0333,"x":2,"y":2,"curve":"stepped"},{"time":0.0666,"x":1,"y":1,"curve":"stepped"},{"time":0.1,"x":2,"y":2,"curve":"stepped"},{"time":0.1333,"x":1,"y":1,"curve":"stepped"},{"time":0.1666,"x":2,"y":2,"curve":"stepped"},{"time":0.2,"x":1,"y":1,"curve":"stepped"},{"time":0.2333,"x":2,"y":2,"curve":"stepped"},{"time":0.2666,"x":1,"y":1,"curve":"stepped"},{"time":0.3,"x":2,"y":2,"curve":"stepped"},{"time":0.3333,"x":1,"y":1,"curve":"stepped"},{"time":0.3666,"x":2,"y":2,"curve":"stepped"},{"time":0.4,"x":1,"y":1,"curve":"stepped"},{"time":0.4333,"x":2,"y":2,"curve":"stepped"},{"time":0.4666,"x":1,"y":1,"curve":"stepped"},{"time":0.5,"x":2,"y":2,"curve":"stepped"},{"time":0.5333,"x":1,"y":1,"curve":"stepped"},{"time":0.5666,"x":2,"y":2,"curve":"stepped"},{"time":0.6,"x":1,"y":1,"curve":"stepped"},{"time":0.6333,"x":2,"y":2,"curve":"stepped"},{"time":0.6666,"x":1,"y":1,"curve":"stepped"},{"time":0.7,"x":2,"y":2,"curve":"stepped"},{"time":0.7333,"x":1,"y":1,"curve":"stepped"},{"time":0.7666,"x":2,"y":2,"curve":"stepped"},{"time":0.8,"x":1,"y":1,"curve":"stepped"},{"time":0.8333,"x":2,"y":2,"curve":"stepped"},{"time":0.8666,"x":1,"y":1,"curve":"stepped"},{"time":0.9,"x":2,"y":2,"curve":"stepped"},{"time":0.9333,"x":1,"y":1,"curve":"stepped"},{"time":0.9666,"x":2,"y":2,"curve":"stepped"},{"time":1,"x":1,"y":1,"curve":"stepped"},{"time":1.0333,"x":2,"y":2,"curve":"stepped"},{"time":1.0666,"x":1,"y":1,"curve":"stepped"},{"time":1.1,"x":2,"y":2,"curve":"stepped"},{"time":1.1333,"x":1,"y":1,"curve":"stepped"},{"time":1.1666,"x":2,"y":2,"curve":"stepped"},{"time":1.2,"x":1,"y":1,"curve":"stepped"},{"time":1.2333,"x":2,"y":2,"curve":"stepped"},{"time":1.2666,"x":1,"y":1,"curve":"stepped"},{"time":1.3,"x":2,"y":2,"curve":"stepped"},{"time":1.3333,"x":1,"y":1,"curve":"stepped"},{"time":1.3666,"x":2,"y":2,"curve":"stepped"},{"time":1.4,"x":1,"y":1,"curve":"stepped"},{"time":1.4333,"x":2,"y":2,"curve":"stepped"},{"time":1.4666,"x":1,"y":1,"curve":"stepped"},{"time":1.5,"x":2,"y":2,"curve":"stepped"},{"time":1.5333,"x":1,"y":1,"curve":"stepped"},{"time":1.5666,"x":2,"y":2,"curve":"stepped"},{"time":1.6,"x":1,"y":1,"curve":"stepped"},{"time":1.6333,"x":2,"y":2,"curve":"stepped"},{"time":1.6666,"x":1,"y":1,"curve":"stepped"},{"time":1.7,"x":2,"y":2,"curve":"stepped"},{"time":1.7333,"x":1,"y":1,"curve":"stepped"},{"time":1.7666,"x":2,"y":2,"curve":"stepped"},{"time":1.8,"x":1,"y":1,"curve":"stepped"},{"time":1.8333,"x":2,"y":2,"curve":"stepped"},{"time":1.8666,"x":1,"y":1,"curve":"stepped"},{"time":1.9,"x":2,"y":2,"curve":"stepped"},{"time":1.9333,"x":1,"y":1,"curve":"stepped"},{"time":1.9666,"x":2,"y":2,"curve":"stepped"},{"time":2,"x":1,"y":1}]},"EF_OF01":{"rotate":[{"time":0.1,"angle":-71.21,"curve":"stepped"},{"time":0.9,"angle":-20.33,"curve":"stepped"},{"time":1.2666,"angle":0,"curve":"stepped"},{"time":1.5666,"angle":21.11,"curve":"stepped"},{"time":1.8333,"angle":18.3}],"translate":[{"time":0.0333,"x":-302.06,"y":124.08,"curve":"stepped"},{"time":0.0666,"x":-291.41,"y":123.58,"curve":"stepped"},{"time":0.1,"x":-289.14,"y":124.35,"curve":"stepped"},{"time":0.1333,"x":-284.57,"y":124.35,"curve":"stepped"},{"time":0.1666,"x":-283.56,"y":124.35,"curve":"stepped"},{"time":0.2666,"x":-281.02,"y":124.35}],"scale":[{"time":0,"x":1,"y":1,"curve":"stepped"},{"time":0.0333,"x":2,"y":2,"curve":"stepped"},{"time":0.0666,"x":1,"y":1,"curve":"stepped"},{"time":0.1,"x":2,"y":2,"curve":"stepped"},{"time":0.1333,"x":1,"y":1,"curve":"stepped"},{"time":0.1666,"x":2,"y":2,"curve":"stepped"},{"time":0.2,"x":1,"y":1,"curve":"stepped"},{"time":0.2333,"x":2,"y":2,"curve":"stepped"},{"time":0.2666,"x":1,"y":1,"curve":"stepped"},{"time":0.3,"x":2,"y":2,"curve":"stepped"},{"time":0.3333,"x":1,"y":1,"curve":"stepped"},{"time":0.3666,"x":2,"y":2,"curve":"stepped"},{"time":0.4,"x":1,"y":1,"curve":"stepped"},{"time":0.4333,"x":2,"y":2,"curve":"stepped"},{"time":0.4666,"x":1,"y":1,"curve":"stepped"},{"time":0.5,"x":2,"y":2,"curve":"stepped"},{"time":0.5333,"x":1,"y":1,"curve":"stepped"},{"time":0.5666,"x":2,"y":2,"curve":"stepped"},{"time":0.6,"x":1,"y":1,"curve":"stepped"},{"time":0.6333,"x":2,"y":2,"curve":"stepped"},{"time":0.6666,"x":1,"y":1,"curve":"stepped"},{"time":0.7,"x":2,"y":2,"curve":"stepped"},{"time":0.7333,"x":1,"y":1,"curve":"stepped"},{"time":0.7666,"x":2,"y":2,"curve":"stepped"},{"time":0.8,"x":1,"y":1,"curve":"stepped"},{"time":0.8333,"x":2,"y":2,"curve":"stepped"},{"time":0.8666,"x":1,"y":1,"curve":"stepped"},{"time":0.9,"x":2,"y":2,"curve":"stepped"},{"time":0.9333,"x":1,"y":1,"curve":"stepped"},{"time":0.9666,"x":2,"y":2,"curve":"stepped"},{"time":1,"x":1,"y":1,"curve":"stepped"},{"time":1.0333,"x":2,"y":2,"curve":"stepped"},{"time":1.0666,"x":1,"y":1,"curve":"stepped"},{"time":1.1,"x":2,"y":2,"curve":"stepped"},{"time":1.1333,"x":1,"y":1,"curve":"stepped"},{"time":1.1666,"x":2,"y":2,"curve":"stepped"},{"time":1.2,"x":1,"y":1,"curve":"stepped"},{"time":1.2333,"x":2,"y":2,"curve":"stepped"},{"time":1.2666,"x":1,"y":1,"curve":"stepped"},{"time":1.3,"x":2,"y":2,"curve":"stepped"},{"time":1.3333,"x":1,"y":1,"curve":"stepped"},{"time":1.3666,"x":2,"y":2,"curve":"stepped"},{"time":1.4,"x":1,"y":1,"curve":"stepped"},{"time":1.4333,"x":2,"y":2,"curve":"stepped"},{"time":1.4666,"x":1,"y":1,"curve":"stepped"},{"time":1.5,"x":2,"y":2,"curve":"stepped"},{"time":1.5333,"x":1,"y":1,"curve":"stepped"},{"time":1.5666,"x":2,"y":2,"curve":"stepped"},{"time":1.6,"x":1,"y":1,"curve":"stepped"},{"time":1.6333,"x":2,"y":2,"curve":"stepped"},{"time":1.6666,"x":1,"y":1,"curve":"stepped"},{"time":1.7,"x":2,"y":2,"curve":"stepped"},{"time":1.7333,"x":1,"y":1,"curve":"stepped"},{"time":1.7666,"x":2,"y":2,"curve":"stepped"},{"time":1.8,"x":1,"y":1,"curve":"stepped"},{"time":1.8333,"x":2,"y":2,"curve":"stepped"},{"time":1.8666,"x":1,"y":1,"curve":"stepped"},{"time":1.9,"x":2,"y":2,"curve":"stepped"},{"time":1.9333,"x":1,"y":1,"curve":"stepped"},{"time":1.9666,"x":2,"y":2,"curve":"stepped"},{"time":2,"x":1,"y":1}]},"DAMAGEAREA":{"translate":[{"time":0.2,"x":-170.42,"y":77.3},{"time":0.3333,"x":-495.53,"y":77.3}],"scale":[{"time":0.2,"x":4.918,"y":1},{"time":0.3333,"x":6.275,"y":1}]}},"events":[{"time":0,"name":"Event","float":0.2,"string":"kHitStopType_normal"},{"time":0,"name":"Sound1","string":"setHitSound(se_battle_swordslash_heavy)"},{"time":0,"name":"Sound2","string":"cri_se_battle_arrow_light_effect"},{"time":0.2666,"name":"Event","float":0.2,"string":"kHitStopType_enemyonly"}]}}}