{"skeleton":{"hash":"vXp8nfKS0Fzl2lDR0AAlq4YzrDA","spine":"3.0.12","width":0,"height":0,"images":"./images/EF/"},"bones":[{"name":"root"},{"name":"MAIN","parent":"root"},{"name":"S2_myst2","parent":"MAIN","x":571.2,"y":227.19,"scaleX":10,"scaleY":8,"color":"00ff02ff"},{"name":"S2_myst","parent":"MAIN","x":571.2,"y":294.2,"scaleX":10,"scaleY":8,"color":"00ff02ff"},{"name":"S2_hebi_head","parent":"MAIN","x":1138.94,"y":287.17,"scaleX":1.501,"scaleY":1.501,"color":"2bff00ff"},{"name":"S2_hebi_bodyA1","parent":"MAIN","x":1307.81,"y":285.96,"scaleX":1.5,"scaleY":1.5,"color":"0fff00ff"},{"name":"S2_ene","parent":"MAIN","x":290.17,"y":296.62,"scaleX":4.501,"scaleY":4.501,"color":"00ff02ff"},{"name":"S1_rock2","parent":"MAIN","x":708.47,"y":465.84,"scaleX":1.998,"scaleY":1.998,"color":"001bffff"},{"name":"S1_rock","parent":"MAIN","x":708.47,"y":535.94,"scaleX":1.998,"scaleY":1.998,"color":"001bffff"},{"name":"S1_attack","parent":"MAIN","x":298.65,"y":545.51,"color":"001bffff"},{"name":"S1,2_ex1","parent":"MAIN","x":855.39,"y":4.39,"scaleX":3.004,"scaleY":3.004,"color":"00feffff"},{"name":"S1,2_attackE","parent":"MAIN","x":711.05,"y":5.72,"scaleX":1.997,"scaleY":1.997,"color":"00feffff"},{"name":"S1,2_attackD2","parent":"MAIN","x":572.78,"y":-64.3,"scaleX":2.498,"scaleY":2.498,"color":"00feffff"},{"name":"S1,2_attackD","parent":"MAIN","x":572.78,"y":2.43,"scaleX":2.498,"scaleY":2.498,"color":"00feffff"},{"name":"S1,2_attackA","parent":"MAIN","x":283.54,"y":5.17,"scaleX":1.999,"scaleY":1.999,"color":"00feffff"},{"name":"DAMAGEAREA","parent":"root"}],"slots":[{"name":"5180_S2_hebi9","bone":"S2_hebi_bodyA1"},{"name":"5180_S2_hebi8","bone":"S2_hebi_bodyA1"},{"name":"5180_S2_hebi7","bone":"S2_hebi_bodyA1"},{"name":"5180_S2_hebi6","bone":"S2_hebi_bodyA1"},{"name":"5180_S2_hebi5","bone":"S2_hebi_bodyA1"},{"name":"5180_S2_hebi4","bone":"S2_hebi_bodyA1"},{"name":"5180_S2_hebi3","bone":"S2_hebi_bodyA1"},{"name":"5180_S2_hebi2","bone":"S2_hebi_bodyA1"},{"name":"5180_S2_hebi1","bone":"S2_hebi_head"},{"name":"5160_A3_ex1/5160_A3_ex1_00000","bone":"S1,2_ex1","blend":"additive"},{"name":"5160_S2_ene1/5160_S2_ene1_00003","bone":"S2_ene","blend":"additive"},{"name":"590_S2_myst1/590_S2_myst1_00014","bone":"S2_myst","blend":"additive"},{"name":"590_S2_myst1/590_S2_myst1_14","bone":"S2_myst2","blend":"additive"},{"name":"9100_A5D_attack1/9100_A5D_attack1_00001","bone":"S1,2_attackA","blend":"additive"},{"name":"9100_A5D_attack2/9100_A5D_attack2_00002","bone":"S1_attack","blend":"additive"},{"name":"9100_A5D_attack4/9100_A5D_attack4_00001","bone":"S1,2_attackD","blend":"additive"},{"name":"9100_A5D_attack4/9100_A5D_attack4_1","bone":"S1,2_attackD2","blend":"additive"},{"name":"9100_A5D_attack5/9100_A5D_attack5_00001","bone":"S1,2_attackE","blend":"additive"},{"name":"690_S2_rock1/690_S2_rock1_00000","bone":"S1_rock"},{"name":"690_S2_rock1/690_S2_rock1_0","bone":"S1_rock2"},{"name":"DAMAGEAREA","bone":"DAMAGEAREA"}],"skins":{"default":{"5160_A3_ex1/5160_A3_ex1_00000":{"5160_A3_ex1/5160_A3_ex1_00000":{"x":0.16,"y":8.87,"width":225,"height":225},"5160_A3_ex1/5160_A3_ex1_00002":{"x":0.16,"y":8.87,"width":225,"height":225},"5160_A3_ex1/5160_A3_ex1_00004":{"x":0.16,"y":8.87,"width":225,"height":225},"5160_A3_ex1/5160_A3_ex1_00006":{"x":0.16,"y":8.87,"width":225,"height":225},"5160_A3_ex1/5160_A3_ex1_00008":{"x":0.16,"y":8.87,"width":225,"height":225},"5160_A3_ex1/5160_A3_ex1_00010":{"x":0.16,"y":8.87,"width":225,"height":225},"5160_A3_ex1/5160_A3_ex1_00012":{"x":0.16,"y":8.87,"width":225,"height":225}},"5160_S2_ene1/5160_S2_ene1_00003":{"5160_S2_ene1/5160_S2_ene1_00003":{"x":5.28,"y":79.66,"width":225,"height":225},"5160_S2_ene1/5160_S2_ene1_00005":{"x":5.28,"y":79.66,"width":225,"height":225},"5160_S2_ene1/5160_S2_ene1_00007":{"x":5.28,"y":79.66,"width":225,"height":225}},"5180_S2_hebi1":{"5180_S2_hebi1":{"x":-56.86,"y":0.48,"width":278,"height":228}},"5180_S2_hebi2":{"5180_S2_hebi2":{"x":-3.55,"y":-6.85,"width":150,"height":216}},"5180_S2_hebi3":{"5180_S2_hebi2":{"x":110.4,"y":-6.85,"width":150,"height":216}},"5180_S2_hebi4":{"5180_S2_hebi2":{"x":222.82,"y":-6.85,"width":150,"height":216}},"5180_S2_hebi5":{"5180_S2_hebi2":{"x":335.24,"y":-6.85,"width":150,"height":216}},"5180_S2_hebi6":{"5180_S2_hebi2":{"x":447.66,"y":-6.85,"width":150,"height":216}},"5180_S2_hebi7":{"5180_S2_hebi2":{"x":563.8,"y":-6.85,"width":150,"height":216}},"5180_S2_hebi8":{"5180_S2_hebi2":{"x":677.78,"y":-6.85,"width":150,"height":216}},"5180_S2_hebi9":{"5180_S2_hebi2":{"x":792.12,"y":-6.85,"width":150,"height":216}},"590_S2_myst1/590_S2_myst1_00014":{"590_S2_myst1/590_S2_myst1_00014":{"x":-3.33,"y":8.89,"width":144,"height":144},"590_S2_myst1/590_S2_myst1_00018":{"x":-3.33,"y":8.89,"width":144,"height":144},"590_S2_myst1/590_S2_myst1_00022":{"x":-3.33,"y":8.89,"width":144,"height":144},"590_S2_myst1/590_S2_myst1_00026":{"x":-3.33,"y":8.89,"width":144,"height":144},"590_S2_myst1/590_S2_myst1_00030":{"x":-3.33,"y":8.89,"width":144,"height":144},"590_S2_myst1/590_S2_myst1_00034":{"x":-3.33,"y":8.89,"width":144,"height":144}},"590_S2_myst1/590_S2_myst1_14":{"590_S2_myst1/590_S2_myst1_00014":{"x":-3.33,"y":8.89,"width":144,"height":144},"590_S2_myst1/590_S2_myst1_00018":{"x":-3.33,"y":8.89,"width":144,"height":144},"590_S2_myst1/590_S2_myst1_00022":{"x":-3.33,"y":8.89,"width":144,"height":144},"590_S2_myst1/590_S2_myst1_00026":{"x":-3.33,"y":8.89,"width":144,"height":144},"590_S2_myst1/590_S2_myst1_00030":{"x":-3.33,"y":8.89,"width":144,"height":144},"590_S2_myst1/590_S2_myst1_00034":{"x":-3.33,"y":8.89,"width":144,"height":144}},"690_S2_rock1/690_S2_rock1_0":{"690_S2_rock1/690_S2_rock1_00000":{"x":1.39,"y":25.72,"width":125,"height":125},"690_S2_rock1/690_S2_rock1_00002":{"x":1.39,"y":25.72,"width":125,"height":125},"690_S2_rock1/690_S2_rock1_00004":{"x":1.39,"y":25.72,"width":125,"height":125},"690_S2_rock1/690_S2_rock1_00006":{"x":1.39,"y":25.72,"width":125,"height":125},"690_S2_rock1/690_S2_rock1_00007":{"x":1.39,"y":25.72,"width":125,"height":125},"690_S2_rock1/690_S2_rock1_00008":{"x":1.39,"y":25.72,"width":125,"height":125}},"690_S2_rock1/690_S2_rock1_00000":{"690_S2_rock1/690_S2_rock1_00000":{"x":1.39,"y":25.72,"width":125,"height":125},"690_S2_rock1/690_S2_rock1_00002":{"x":1.39,"y":25.72,"width":125,"height":125},"690_S2_rock1/690_S2_rock1_00004":{"x":1.39,"y":25.72,"width":125,"height":125},"690_S2_rock1/690_S2_rock1_00006":{"x":1.39,"y":25.72,"width":125,"height":125},"690_S2_rock1/690_S2_rock1_00007":{"x":1.39,"y":25.72,"width":125,"height":125},"690_S2_rock1/690_S2_rock1_00008":{"x":1.39,"y":25.72,"width":125,"height":125}},"9100_A5D_attack1/9100_A5D_attack1_00001":{"9100_A5D_attack1/9100_A5D_attack1_00002":{"x":3.67,"y":-0.98,"scaleX":-1,"width":225,"height":225},"9100_A5D_attack1/9100_A5D_attack1_00003":{"x":3.67,"y":-0.98,"scaleX":-1,"width":225,"height":225},"9100_A5D_attack1/9100_A5D_attack1_00004":{"x":3.67,"y":-0.98,"scaleX":-1,"width":225,"height":225},"9100_A5D_attack1/9100_A5D_attack1_00005":{"x":3.67,"y":-0.98,"scaleX":-1,"width":225,"height":225},"9100_A5D_attack1/9100_A5D_attack1_00006":{"x":3.67,"y":-0.98,"scaleX":-1,"width":225,"height":225}},"9100_A5D_attack4/9100_A5D_attack4_00001":{"9100_A5D_attack4/9100_A5D_attack4_00001":{"x":0.18,"y":-0.63,"rotation":180,"width":225,"height":225},"9100_A5D_attack4/9100_A5D_attack4_00002":{"x":0.18,"y":-0.63,"rotation":180,"width":225,"height":225},"9100_A5D_attack4/9100_A5D_attack4_00003":{"x":0.18,"y":-0.63,"rotation":180,"width":225,"height":225},"9100_A5D_attack4/9100_A5D_attack4_00004":{"x":0.18,"y":-0.63,"rotation":180,"width":225,"height":225},"9100_A5D_attack4/9100_A5D_attack4_00005":{"x":0.18,"y":-0.63,"rotation":180,"width":225,"height":225}},"9100_A5D_attack4/9100_A5D_attack4_1":{"9100_A5D_attack4/9100_A5D_attack4_00001":{"x":0.18,"y":-0.63,"rotation":180,"width":225,"height":225},"9100_A5D_attack4/9100_A5D_attack4_00002":{"x":0.18,"y":-0.63,"rotation":180,"width":225,"height":225},"9100_A5D_attack4/9100_A5D_attack4_00003":{"x":0.18,"y":-0.63,"rotation":180,"width":225,"height":225},"9100_A5D_attack4/9100_A5D_attack4_00004":{"x":0.18,"y":-0.63,"rotation":180,"width":225,"height":225},"9100_A5D_attack4/9100_A5D_attack4_00005":{"x":0.18,"y":-0.63,"rotation":180,"width":225,"height":225}},"9100_A5D_attack5/9100_A5D_attack5_00001":{"9100_A5D_attack5/9100_A5D_attack5_00002":{"x":-1.09,"y":-0.34,"scaleX":-1,"width":225,"height":225},"9100_A5D_attack5/9100_A5D_attack5_00003":{"x":-1.09,"y":-0.34,"scaleX":-1,"width":225,"height":225},"9100_A5D_attack5/9100_A5D_attack5_00004":{"x":-1.09,"y":-0.34,"scaleX":-1,"width":225,"height":225},"9100_A5D_attack5/9100_A5D_attack5_00005":{"x":-1.09,"y":-0.34,"scaleX":-1,"width":225,"height":225}},"DAMAGEAREA":{"DAMAGEAREA":{"type":"boundingbox","vertices":[-94.84064,-95.1775,94.72593,-94.35149,95.96494,96.45414,-95.66666,94.80213]}}}},"events":{"EFEvent":{},"EFHit":{},"EFHitEffect":{},"Sound1":{},"Sound2":{}},"animations":{"attack1":{"slots":{"5160_A3_ex1/5160_A3_ex1_00000":{"attachment":[{"time":0.3,"name":"5160_A3_ex1/5160_A3_ex1_00000"},{"time":0.3666,"name":"5160_A3_ex1/5160_A3_ex1_00002"},{"time":0.4333,"name":"5160_A3_ex1/5160_A3_ex1_00004"},{"time":0.5,"name":"5160_A3_ex1/5160_A3_ex1_00006"},{"time":0.5666,"name":"5160_A3_ex1/5160_A3_ex1_00008"},{"time":0.6333,"name":"5160_A3_ex1/5160_A3_ex1_00010"},{"time":0.7,"name":"5160_A3_ex1/5160_A3_ex1_00012"},{"time":0.7666,"name":null}],"color":[{"time":0.3,"color":"ffffff8d"}]},"5160_S2_ene1/5160_S2_ene1_00003":{"attachment":[{"time":0.0666,"name":"5160_S2_ene1/5160_S2_ene1_00003"},{"time":0.1333,"name":"5160_S2_ene1/5160_S2_ene1_00005"},{"time":0.2,"name":"5160_S2_ene1/5160_S2_ene1_00007"},{"time":0.2666,"name":"5160_S2_ene1/5160_S2_ene1_00005"},{"time":0.3333,"name":"5160_S2_ene1/5160_S2_ene1_00007"},{"time":0.4,"name":"5160_S2_ene1/5160_S2_ene1_00003"},{"time":0.4666,"name":"5160_S2_ene1/5160_S2_ene1_00005"},{"time":0.5333,"name":"5160_S2_ene1/5160_S2_ene1_00007"}],"color":[{"time":0.0666,"color":"ffffff65"},{"time":0.2666,"color":"ffffff8c","curve":"stepped"},{"time":0.4,"color":"ffffff8c","curve":"stepped"},{"time":0.5666,"color":"ffffff00"}]},"5180_S2_hebi1":{"attachment":[{"time":0.0666,"name":"5180_S2_hebi1"}],"color":[{"time":0.2666,"color":"ffffffff"},{"time":0.3,"color":"ffffffd2","curve":"stepped"},{"time":0.3666,"color":"ffffffd2"},{"time":0.4666,"color":"ffffff00"}]},"5180_S2_hebi2":{"attachment":[{"time":0.0666,"name":"5180_S2_hebi2"}],"color":[{"time":0.3,"color":"ffffffff"},{"time":0.4666,"color":"ffffff00"}]},"5180_S2_hebi3":{"attachment":[{"time":0.0666,"name":"5180_S2_hebi2"}],"color":[{"time":0.3,"color":"ffffffff"},{"time":0.4666,"color":"ffffff00"}]},"5180_S2_hebi4":{"attachment":[{"time":0.0666,"name":"5180_S2_hebi2"}],"color":[{"time":0.3,"color":"ffffffff"},{"time":0.4666,"color":"ffffff00"}]},"5180_S2_hebi5":{"attachment":[{"time":0.0666,"name":"5180_S2_hebi2"}],"color":[{"time":0.3,"color":"ffffffff"},{"time":0.4666,"color":"ffffff00"}]},"5180_S2_hebi6":{"attachment":[{"time":0.0666,"name":"5180_S2_hebi2"}],"color":[{"time":0.3,"color":"ffffffff"},{"time":0.4666,"color":"ffffff00"}]},"5180_S2_hebi7":{"attachment":[{"time":0.0666,"name":"5180_S2_hebi2"}],"color":[{"time":0.3,"color":"ffffffff"},{"time":0.4666,"color":"ffffff00"}]},"5180_S2_hebi8":{"attachment":[{"time":0.0666,"name":"5180_S2_hebi2"}],"color":[{"time":0.3,"color":"ffffffff"},{"time":0.4666,"color":"ffffff00"}]},"5180_S2_hebi9":{"attachment":[{"time":0.0666,"name":"5180_S2_hebi2"}],"color":[{"time":0.3,"color":"ffffffff"},{"time":0.4666,"color":"ffffff00"}]},"590_S2_myst1/590_S2_myst1_14":{"attachment":[{"time":2.0666,"name":"590_S2_myst1/590_S2_myst1_00014"},{"time":2.7333,"name":"590_S2_myst1/590_S2_myst1_00018"},{"time":3.4,"name":"590_S2_myst1/590_S2_myst1_00022"},{"time":4.1,"name":"590_S2_myst1/590_S2_myst1_00026"},{"time":4.8,"name":"590_S2_myst1/590_S2_myst1_00030"},{"time":5.4666,"name":"590_S2_myst1/590_S2_myst1_00034"}],"color":[{"time":2.0666,"color":"ffffff00"},{"time":2.7333,"color":"ffffffff","curve":"stepped"},{"time":4.8,"color":"ffffffff"},{"time":5.4666,"color":"ffffff00"}]},"590_S2_myst1/590_S2_myst1_00014":{"attachment":[{"time":0.5,"name":"590_S2_myst1/590_S2_myst1_00014"},{"time":1.0333,"name":"590_S2_myst1/590_S2_myst1_00018"},{"time":1.5666,"name":"590_S2_myst1/590_S2_myst1_00022"},{"time":2.1,"name":"590_S2_myst1/590_S2_myst1_00026"},{"time":2.6333,"name":"590_S2_myst1/590_S2_myst1_00030"},{"time":3.1666,"name":"590_S2_myst1/590_S2_myst1_00034"}],"color":[{"time":0.5,"color":"ffffff00"},{"time":1.0333,"color":"ffffffff","curve":"stepped"},{"time":2.6333,"color":"ffffffff"},{"time":3.1666,"color":"ffffff00"}]},"690_S2_rock1/690_S2_rock1_00000":{"attachment":[{"time":0.3,"name":"690_S2_rock1/690_S2_rock1_00000"},{"time":0.3333,"name":"690_S2_rock1/690_S2_rock1_00002"},{"time":0.3666,"name":"690_S2_rock1/690_S2_rock1_00004"},{"time":0.4,"name":"690_S2_rock1/690_S2_rock1_00006"},{"time":0.4333,"name":"690_S2_rock1/690_S2_rock1_00007"},{"time":0.4666,"name":"690_S2_rock1/690_S2_rock1_00008"},{"time":0.5,"name":null}]},"690_S2_rock1/690_S2_rock1_0":{"attachment":[{"time":0.3333,"name":"690_S2_rock1/690_S2_rock1_00000"},{"time":0.3666,"name":"690_S2_rock1/690_S2_rock1_00002"},{"time":0.4,"name":"690_S2_rock1/690_S2_rock1_00004"},{"time":0.4333,"name":"690_S2_rock1/690_S2_rock1_00006"},{"time":0.4666,"name":"690_S2_rock1/690_S2_rock1_00007"},{"time":0.5,"name":"690_S2_rock1/690_S2_rock1_00008"},{"time":0.5333,"name":null}]},"9100_A5D_attack1/9100_A5D_attack1_00001":{"attachment":[{"time":0.2666,"name":"9100_A5D_attack1/9100_A5D_attack1_00002"},{"time":0.3,"name":"9100_A5D_attack1/9100_A5D_attack1_00003"},{"time":0.3333,"name":"9100_A5D_attack1/9100_A5D_attack1_00004"},{"time":0.3666,"name":"9100_A5D_attack1/9100_A5D_attack1_00005"},{"time":0.4,"name":"9100_A5D_attack1/9100_A5D_attack1_00006"},{"time":0.4333,"name":null}],"color":[{"time":0.1,"color":"ffffffff"},{"time":0.3,"color":"ffffff48"}]},"9100_A5D_attack2/9100_A5D_attack2_00002":{"attachment":[{"time":0.1,"name":null}]},"9100_A5D_attack4/9100_A5D_attack4_00001":{"attachment":[{"time":0.3,"name":"9100_A5D_attack4/9100_A5D_attack4_00002"},{"time":0.3333,"name":"9100_A5D_attack4/9100_A5D_attack4_00003"},{"time":0.3666,"name":"9100_A5D_attack4/9100_A5D_attack4_00004"},{"time":0.4,"name":"9100_A5D_attack4/9100_A5D_attack4_00005"},{"time":0.4333,"name":null}]},"9100_A5D_attack4/9100_A5D_attack4_1":{"attachment":[{"time":0.3,"name":"9100_A5D_attack4/9100_A5D_attack4_00001"},{"time":0.3333,"name":"9100_A5D_attack4/9100_A5D_attack4_00002"},{"time":0.3666,"name":"9100_A5D_attack4/9100_A5D_attack4_00003"},{"time":0.4,"name":"9100_A5D_attack4/9100_A5D_attack4_00004"},{"time":0.4333,"name":"9100_A5D_attack4/9100_A5D_attack4_00005"},{"time":0.4666,"name":null}]},"9100_A5D_attack5/9100_A5D_attack5_00001":{"attachment":[{"time":0.3,"name":"9100_A5D_attack5/9100_A5D_attack5_00002"},{"time":0.3333,"name":"9100_A5D_attack5/9100_A5D_attack5_00003"},{"time":0.3666,"name":"9100_A5D_attack5/9100_A5D_attack5_00004"},{"time":0.4,"name":"9100_A5D_attack5/9100_A5D_attack5_00005"},{"time":0.4333,"name":null}]},"DAMAGEAREA":{"attachment":[{"time":0.2333,"name":"DAMAGEAREA"},{"time":0.4333,"name":null},{"time":1.3333,"name":"DAMAGEAREA"},{"time":4.8333,"name":null}]}},"bones":{"S1,2_ex1":{"translate":[{"time":0.3,"x":-1165.93,"y":87.18}],"scale":[{"time":0.3,"x":2.662,"y":2.662}]},"S2_ene":{"rotate":[{"time":0.0666,"angle":163.34}],"translate":[{"time":0.0666,"x":-235.61,"y":983.14}],"scale":[{"time":0.0666,"x":2.221,"y":2.221}]},"S2_hebi_head":{"rotate":[{"time":0.0666,"angle":72.41}],"translate":[{"time":0.0666,"x":-1205.96,"y":582.57,"curve":[0.254,0,0.628,0.52]},{"time":0.1333,"x":-1287.68,"y":337.46,"curve":[0.358,0.52,0.713,0.98]},{"time":0.2333,"x":-1299.09,"y":301.5,"curve":[0.358,0.52,0.713,0.98]},{"time":0.2666,"x":-1355.59,"y":131.35,"curve":"stepped"},{"time":0.3,"x":-1391.68,"y":17.51,"curve":"stepped"},{"time":0.3333,"x":-1396.85,"y":1.19}],"scale":[{"time":0.0666,"x":1.332,"y":1.332}]},"S2_hebi_bodyA1":{"rotate":[{"time":0.0666,"angle":72.08}],"translate":[{"time":0.0666,"x":-1339.19,"y":745.26,"curve":[0.254,0,0.628,0.52]},{"time":0.1333,"x":-1419.29,"y":497.17,"curve":[0.358,0.52,0.713,0.98]},{"time":0.2333,"x":-1430.89,"y":461.26,"curve":[0.358,0.52,0.713,0.98]},{"time":0.2666,"x":-1486.44,"y":289.24,"curve":[0.25,0,0.75,1]},{"time":0.3,"x":-1521.2,"y":181.62,"curve":"stepped"},{"time":0.3333,"x":-1526.46,"y":165.33}],"scale":[{"time":0.0666,"x":1.333,"y":1.333}]},"S2_myst2":{"translate":[{"time":2.0666,"x":-1030.68,"y":-162.5},{"time":4.0666,"x":-1071.19,"y":-162.5}],"scale":[{"time":2.0666,"x":-1,"y":1}]},"S2_myst":{"translate":[{"time":0.5,"x":-892.21,"y":-245.51}]},"S1_rock":{"translate":[{"time":0.3,"x":-946.36,"y":-445.53}],"scale":[{"time":0.3,"x":2,"y":2}]},"S1_rock2":{"translate":[{"time":0.3333,"x":-1106.69,"y":-342.39}],"scale":[{"time":0.3333,"x":-2.137,"y":2.135}]},"S1,2_attackA":{"rotate":[{"time":0.1,"angle":68.71}],"translate":[{"time":0.1,"x":-535.65,"y":269.95,"curve":"stepped"},{"time":0.2666,"x":-576.07,"y":166.19,"curve":"stepped"},{"time":0.3,"x":-599.89,"y":105.04,"curve":"stepped"},{"time":0.3666,"x":-545.21,"y":245.41}],"scale":[{"time":0.1,"x":5.002,"y":5.002}]},"S1,2_attackD":{"rotate":[{"time":0.3,"angle":-110.69}],"translate":[{"time":0.3,"x":-836.43,"y":283.65}],"scale":[{"time":0.3,"x":1.711,"y":3.416}]},"S1,2_attackD2":{"rotate":[{"time":0.3,"angle":67.42}],"translate":[{"time":0.3,"x":-765.07,"y":535.82}],"scale":[{"time":0.3,"x":1.414,"y":3.558}]},"S1,2_attackE":{"rotate":[{"time":0.3,"angle":67.75}],"translate":[{"time":0.2666,"x":-1.11,"y":0},{"time":0.3,"x":-921.96,"y":387.92}],"scale":[{"time":0.3,"x":4.139,"y":4.139}]},"DAMAGEAREA":{"translate":[{"time":0.2333,"x":123.22,"y":709.59,"curve":"stepped"},{"time":0.2666,"x":87.21,"y":600.28,"curve":"stepped"},{"time":0.3,"x":46.06,"y":494.83,"curve":"stepped"},{"time":0.4333,"x":0,"y":54.68},{"time":1.3333,"x":-3.82,"y":54.68,"curve":"stepped"},{"time":3.9,"x":-132.53,"y":54.68}],"scale":[{"time":0.2333,"x":2.626,"y":5.29,"curve":"stepped"},{"time":0.4333,"x":4.698,"y":1.388},{"time":1.3333,"x":3.741,"y":1.388}]},"MAIN":{"translate":[{"time":0,"x":326.56,"y":0}]}},"drawOrder":[{"time":0}],"events":[{"time":0,"name":"EFEvent","float":0.2,"string":"kHitStopType_normal"},{"time":0,"name":"EFHitEffect","string":"setHitEffect(hit04e,1,1.25,1)"},{"time":0,"name":"Sound1","string":"cri_se_battle_skill_dash_ef"},{"time":0.0333,"name":"EFEvent","string":"setPosition_Target"},{"time":0.0666,"name":"EFEvent","float":1.8,"string":"shakeGround_Loop"},{"time":0.2333,"name":"Sound1","string":"setHitSound(se_battle_hands_hit)"},{"time":0.2666,"name":"Sound1","string":"setHitSound(se_battle_hard_hit)"},{"time":0.3,"name":"Sound1","string":"setHitSound(se_battle_hands_hit)"},{"time":0.3,"name":"Sound2","string":"cri_se_battle_monster_hit"},{"time":0.3333,"name":"Sound1","string":"setHitSound(se_battle_hard_hit)"},{"time":0.3333,"name":"Sound2","string":"cri_se_battle_fire_long"},{"time":0.4,"name":"EFEvent","string":"kImpactType_down"},{"time":1.1,"name":"EFEvent","string":"kHitStopType_none"},{"time":1.3333,"name":"EFHitEffect","string":"setHitEffect(hit02e,1,0.75,175)"},{"time":1.8,"name":"Sound1","string":"setHitSound(se_battle_007_attack_hit_01)"},{"time":1.8333,"name":"EFEvent","string":"kImpactType_normal"},{"time":1.8333,"name":"EFHit","string":"resetHitList"},{"time":2.3333,"name":"EFEvent","string":"kImpactType_normal"},{"time":2.3333,"name":"EFHit","string":"resetHitList"},{"time":2.8333,"name":"EFEvent","string":"kImpactType_normal"},{"time":2.8333,"name":"EFHit","string":"resetHitList"},{"time":3.3333,"name":"EFEvent","string":"kImpactType_normal"},{"time":3.3333,"name":"EFHit","string":"resetHitList"},{"time":3.8333,"name":"EFEvent","string":"kImpactType_normal"},{"time":3.8333,"name":"EFHit","string":"resetHitList"},{"time":4.3333,"name":"EFEvent","string":"kImpactType_normal"},{"time":4.3333,"name":"EFHit","string":"resetHitList"}]}}}