{
"skeleton": { "hash": "tlbge18a0kctLG8AxP75mSyHbaU", "spine": "3.0.12", "width": 0, "height": 0 },
"bones": [
	{ "name": "root", "rotation": 0.27 },
	{ "name": "MAIN", "parent": "root", "x": 2.93, "y": 93.98 },
	{ "name": "ex2", "parent": "MAIN", "x": 355.37, "y": -300.89 },
	{ "name": "ex1", "parent": "MAIN", "x": 355.52, "y": -270.07 },
	{ "name": "dash2", "parent": "MAIN", "x": 239.72, "y": -291.35 },
	{ "name": "dash", "parent": "MAIN", "x": 239.83, "y": -268.38 },
	{ "name": "S1.2_waveC", "parent": "MAIN", "x": 722.24, "y": 367.93 },
	{ "name": "S1.2_waveB", "parent": "MAIN", "x": 610.29, "y": 369.89 },
	{ "name": "S1.2_attackC1", "parent": "MAIN", "x": 487.74, "y": 369.42 },
	{ "name": "S1.2_attackB1", "parent": "MAIN", "x": 375.49, "y": 369.13 },
	{ "name": "S1.2_attackA1", "parent": "MAIN", "x": 253.72, "y": 371.47 },
	{ "name": "DAMAGEAREA", "parent": "root" },
	{ "name": "waterA", "parent": "MAIN", "x": 606.92, "y": -276.56 },
	{ "name": "waterB", "parent": "MAIN", "x": 713.85, "y": -277.6 }
],
"slots": [
	{ "name": "5220_S1_attack1/5220_S1_attack1_0000", "bone": "S1.2_attackA1", "blend": "additive" },
	{ "name": "5220_S1_dash1/5220_S1_dash1_00000", "bone": "dash", "blend": "additive" },
	{ "name": "5220_S1_dash1/5220_S1_dash1_0", "bone": "dash2", "blend": "additive" },
	{ "name": "5220_S1_ex1/5220_S1_ex1_00000", "bone": "ex1", "blend": "additive" },
	{ "name": "5220_S1_ex1/5220_S1_ex1_0", "bone": "ex2", "blend": "additive" },
	{ "name": "5220_S1_water1/5220_S1_water1_00000", "bone": "waterA", "blend": "additive" },
	{ "name": "5220_S1_water2/5220_S1_water2_00001", "bone": "waterB", "blend": "additive" },
	{ "name": "BLD_WTR_attack2/BLD_WTR_attack2_00002", "bone": "S1.2_attackB1", "blend": "additive" },
	{ "name": "BLD_WTR_attack3/BLD_WTR_attack3_00002", "bone": "S1.2_attackC1", "blend": "additive" },
	{ "name": "BLD_WTR_wave1/BLD_WTR_wave1_00002", "bone": "S1.2_waveB", "blend": "additive" },
	{ "name": "BLD_WTR_wave2/BLD_WTR_wave2_00002", "bone": "S1.2_waveC", "blend": "additive" },
	{ "name": "DAMAGEAREA", "bone": "DAMAGEAREA" }
],
"skins": {
	"default": {
		"5220_S1_attack1/5220_S1_attack1_0000": {
			"5220_S1_attack1/5220_S1_attack1_00002": { "x": -25.61, "y": -0.14, "width": 250, "height": 250 }
		},
		"5220_S1_dash1/5220_S1_dash1_0": {
			"5220_S1_dash1/5220_S1_dash1_00000": { "x": -5.24, "y": 3.12, "width": 250, "height": 250 },
			"5220_S1_dash1/5220_S1_dash1_00002": { "x": -5.24, "y": 3.12, "width": 250, "height": 250 },
			"5220_S1_dash1/5220_S1_dash1_00004": { "x": -5.24, "y": 3.12, "width": 250, "height": 250 },
			"5220_S1_dash1/5220_S1_dash1_00006": { "x": -5.24, "y": 3.12, "width": 250, "height": 250 },
			"5220_S1_dash1/5220_S1_dash1_00008": { "x": -5.24, "y": 3.12, "width": 250, "height": 250 }
		},
		"5220_S1_dash1/5220_S1_dash1_00000": {
			"5220_S1_dash1/5220_S1_dash1_00000": { "x": -5.24, "y": 3.12, "width": 250, "height": 250 },
			"5220_S1_dash1/5220_S1_dash1_00002": { "x": -5.24, "y": 3.12, "width": 250, "height": 250 },
			"5220_S1_dash1/5220_S1_dash1_00004": { "x": -5.24, "y": 3.12, "width": 250, "height": 250 },
			"5220_S1_dash1/5220_S1_dash1_00006": { "x": -5.24, "y": 3.12, "width": 250, "height": 250 },
			"5220_S1_dash1/5220_S1_dash1_00008": { "x": -5.24, "y": 3.12, "width": 250, "height": 250 }
		},
		"5220_S1_ex1/5220_S1_ex1_0": {
			"5220_S1_ex1/5220_S1_ex1_00000": { "x": -0.33, "y": 19.81, "width": 250, "height": 250 },
			"5220_S1_ex1/5220_S1_ex1_00002": { "x": -0.33, "y": 19.81, "width": 250, "height": 250 },
			"5220_S1_ex1/5220_S1_ex1_00004": { "x": -0.33, "y": 19.81, "width": 250, "height": 250 },
			"5220_S1_ex1/5220_S1_ex1_00006": { "x": -0.33, "y": 19.81, "width": 250, "height": 250 },
			"5220_S1_ex1/5220_S1_ex1_00008": { "x": -0.33, "y": 19.81, "width": 250, "height": 250 },
			"5220_S1_ex1/5220_S1_ex1_00010": { "x": -0.33, "y": 19.81, "width": 250, "height": 250 },
			"5220_S1_ex1/5220_S1_ex1_00012": { "x": -0.33, "y": 19.81, "width": 250, "height": 250 }
		},
		"5220_S1_ex1/5220_S1_ex1_00000": {
			"5220_S1_ex1/5220_S1_ex1_00000": { "x": -0.33, "y": 19.81, "width": 250, "height": 250 },
			"5220_S1_ex1/5220_S1_ex1_00002": { "x": -0.33, "y": 19.81, "width": 250, "height": 250 },
			"5220_S1_ex1/5220_S1_ex1_00004": { "x": -0.33, "y": 19.81, "width": 250, "height": 250 },
			"5220_S1_ex1/5220_S1_ex1_00006": { "x": -0.33, "y": 19.81, "width": 250, "height": 250 },
			"5220_S1_ex1/5220_S1_ex1_00008": { "x": -0.33, "y": 19.81, "width": 250, "height": 250 },
			"5220_S1_ex1/5220_S1_ex1_00010": { "x": -0.33, "y": 19.81, "width": 250, "height": 250 },
			"5220_S1_ex1/5220_S1_ex1_00012": { "x": -0.33, "y": 19.81, "width": 250, "height": 250 }
		},
		"5220_S1_water1/5220_S1_water1_00000": {
			"5220_S1_water1/5220_S1_water1_00000": { "x": 3.54, "y": 2.91, "width": 250, "height": 250 },
			"5220_S1_water1/5220_S1_water1_00002": { "x": 3.54, "y": 2.91, "width": 250, "height": 250 },
			"5220_S1_water1/5220_S1_water1_00004": { "x": 3.54, "y": 2.91, "width": 250, "height": 250 },
			"5220_S1_water1/5220_S1_water1_00006": { "x": 3.54, "y": 2.91, "width": 250, "height": 250 },
			"5220_S1_water1/5220_S1_water1_00008": { "x": 3.54, "y": 2.91, "width": 250, "height": 250 }
		},
		"5220_S1_water2/5220_S1_water2_00001": {
			"5220_S1_water2/5220_S1_water2_00002": { "x": 6.69, "y": 10.29, "width": 250, "height": 250 },
			"5220_S1_water2/5220_S1_water2_00004": { "x": 6.69, "y": 10.29, "width": 250, "height": 250 },
			"5220_S1_water2/5220_S1_water2_00006": { "x": 6.69, "y": 10.29, "width": 250, "height": 250 },
			"5220_S1_water2/5220_S1_water2_00008": { "x": 6.69, "y": 10.29, "width": 250, "height": 250 },
			"5220_S1_water2/5220_S1_water2_00009": { "x": 6.69, "y": 10.29, "width": 250, "height": 250 }
		},
		"BLD_WTR_attack2/BLD_WTR_attack2_00002": {
			"BLD_WTR_attack2/BLD_WTR_attack2_00002": { "x": -15.67, "y": -1.21, "width": 250, "height": 250 },
			"BLD_WTR_attack2/BLD_WTR_attack2_00003": { "x": -16.19, "y": 0.09, "width": 250, "height": 250 },
			"BLD_WTR_attack2/BLD_WTR_attack2_00006": { "x": -16.19, "y": 0.09, "width": 250, "height": 250 }
		},
		"BLD_WTR_attack3/BLD_WTR_attack3_00002": {
			"BLD_WTR_attack3/BLD_WTR_attack3_00002": { "x": -0.74, "y": 1.71, "width": 250, "height": 250 },
			"BLD_WTR_attack3/BLD_WTR_attack3_00005": { "x": -0.74, "y": 1.71, "width": 250, "height": 250 }
		},
		"BLD_WTR_wave1/BLD_WTR_wave1_00002": {
			"BLD_WTR_wave1/BLD_WTR_wave1_00002": { "x": -0.34, "y": 3.05, "width": 250, "height": 250 },
			"BLD_WTR_wave1/BLD_WTR_wave1_00005": { "x": -0.34, "y": 3.05, "width": 250, "height": 250 }
		},
		"BLD_WTR_wave2/BLD_WTR_wave2_00002": {
			"BLD_WTR_wave2/BLD_WTR_wave2_00002": { "x": 1.84, "y": 5.86, "width": 250, "height": 250 },
			"BLD_WTR_wave2/BLD_WTR_wave2_00005": { "x": 1.84, "y": 5.86, "width": 250, "height": 250 }
		},
		"DAMAGEAREA": {
			"DAMAGEAREA": {
				"type": "boundingbox",
				"vertices": [ -63.97226, -64.62552, 64.70995, -64.6494, 64.1323, 62.25671, -63.95409, 62.87072 ]
			}
		}
	}
},
"events": {
	"Event": {},
	"Hit": {},
	"Sound1": {},
	"Sound2": {}
},
"animations": {
	"attack1": {
		"slots": {
			"5220_S1_attack1/5220_S1_attack1_0000": {
				"attachment": [
					{ "time": 0.1666, "name": "5220_S1_attack1/5220_S1_attack1_00002" }
				],
				"color": [
					{ "time": 0.2666, "color": "ffffffff" },
					{ "time": 0.3333, "color": "ffffff00" }
				]
			},
			"5220_S1_dash1/5220_S1_dash1_00000": {
				"attachment": [
					{ "time": 0.1333, "name": "5220_S1_dash1/5220_S1_dash1_00000" },
					{ "time": 0.2, "name": "5220_S1_dash1/5220_S1_dash1_00002" },
					{ "time": 0.2666, "name": "5220_S1_dash1/5220_S1_dash1_00004" },
					{ "time": 0.3333, "name": "5220_S1_dash1/5220_S1_dash1_00006" },
					{ "time": 0.4, "name": "5220_S1_dash1/5220_S1_dash1_00008" }
				],
				"color": [
					{ "time": 0.4333, "color": "ffffffff" },
					{ "time": 0.5, "color": "ffffff00" }
				]
			},
			"5220_S1_dash1/5220_S1_dash1_0": {
				"attachment": [
					{ "time": 0.1666, "name": "5220_S1_dash1/5220_S1_dash1_00000" },
					{ "time": 0.2333, "name": "5220_S1_dash1/5220_S1_dash1_00002" },
					{ "time": 0.3, "name": "5220_S1_dash1/5220_S1_dash1_00004" },
					{ "time": 0.3666, "name": "5220_S1_dash1/5220_S1_dash1_00006" },
					{ "time": 0.4333, "name": "5220_S1_dash1/5220_S1_dash1_00008" }
				],
				"color": [
					{ "time": 0.4666, "color": "ffffffff" },
					{ "time": 0.5333, "color": "ffffff00" }
				]
			},
			"5220_S1_ex1/5220_S1_ex1_00000": {
				"attachment": [
					{ "time": 0.2, "name": "5220_S1_ex1/5220_S1_ex1_00000" },
					{ "time": 0.2666, "name": "5220_S1_ex1/5220_S1_ex1_00002" },
					{ "time": 0.3333, "name": "5220_S1_ex1/5220_S1_ex1_00004" },
					{ "time": 0.4, "name": "5220_S1_ex1/5220_S1_ex1_00006" },
					{ "time": 0.4666, "name": "5220_S1_ex1/5220_S1_ex1_00008" },
					{ "time": 0.5333, "name": "5220_S1_ex1/5220_S1_ex1_00010" },
					{ "time": 0.6, "name": "5220_S1_ex1/5220_S1_ex1_00012" }
				],
				"color": [
					{ "time": 0.6333, "color": "ffffffff" },
					{ "time": 0.7333, "color": "ffffff00" }
				]
			},
			"5220_S1_ex1/5220_S1_ex1_0": {
				"attachment": [
					{ "time": 0.1333, "name": "5220_S1_ex1/5220_S1_ex1_00000" },
					{ "time": 0.2, "name": "5220_S1_ex1/5220_S1_ex1_00002" },
					{ "time": 0.2666, "name": "5220_S1_ex1/5220_S1_ex1_00004" },
					{ "time": 0.3333, "name": "5220_S1_ex1/5220_S1_ex1_00006" },
					{ "time": 0.4, "name": "5220_S1_ex1/5220_S1_ex1_00008" },
					{ "time": 0.4666, "name": "5220_S1_ex1/5220_S1_ex1_00010" },
					{ "time": 0.5333, "name": "5220_S1_ex1/5220_S1_ex1_00012" },
					{ "time": 0.6, "name": null }
				]
			},
			"5220_S1_water1/5220_S1_water1_00000": {
				"attachment": [
					{ "time": 0.2, "name": "5220_S1_water1/5220_S1_water1_00000" },
					{ "time": 0.2666, "name": "5220_S1_water1/5220_S1_water1_00002" },
					{ "time": 0.3333, "name": "5220_S1_water1/5220_S1_water1_00004" },
					{ "time": 0.4, "name": "5220_S1_water1/5220_S1_water1_00006" },
					{ "time": 0.4666, "name": "5220_S1_water1/5220_S1_water1_00008" }
				],
				"color": [
					{ "time": 0.5333, "color": "ffffffff" },
					{ "time": 0.6333, "color": "ffffff00" }
				]
			},
			"5220_S1_water2/5220_S1_water2_00001": {
				"attachment": [
					{ "time": 0.2333, "name": "5220_S1_water2/5220_S1_water2_00002" },
					{ "time": 0.3, "name": "5220_S1_water2/5220_S1_water2_00004" },
					{ "time": 0.3666, "name": "5220_S1_water2/5220_S1_water2_00006" },
					{ "time": 0.4333, "name": "5220_S1_water2/5220_S1_water2_00008" },
					{ "time": 0.4666, "name": "5220_S1_water2/5220_S1_water2_00009" }
				],
				"color": [
					{ "time": 0.4666, "color": "ffffffff" },
					{ "time": 0.5666, "color": "ffffff00" }
				]
			},
			"BLD_WTR_attack2/BLD_WTR_attack2_00002": {
				"attachment": [
					{ "time": 0.1666, "name": "BLD_WTR_attack2/BLD_WTR_attack2_00003" },
					{ "time": 0.2666, "name": "BLD_WTR_attack2/BLD_WTR_attack2_00006" }
				],
				"color": [
					{ "time": 0.2666, "color": "ffffffff" },
					{ "time": 0.3333, "color": "ffffff00" }
				]
			},
			"BLD_WTR_attack3/BLD_WTR_attack3_00002": {
				"attachment": [
					{ "time": 0.1666, "name": "BLD_WTR_attack3/BLD_WTR_attack3_00002" },
					{ "time": 0.2666, "name": "BLD_WTR_attack3/BLD_WTR_attack3_00005" }
				],
				"color": [
					{ "time": 0.2666, "color": "ffffffff" },
					{ "time": 0.3333, "color": "ffffff00" }
				]
			},
			"BLD_WTR_wave1/BLD_WTR_wave1_00002": {
				"attachment": [
					{ "time": 0.1666, "name": "BLD_WTR_wave1/BLD_WTR_wave1_00002" },
					{ "time": 0.2666, "name": "BLD_WTR_wave1/BLD_WTR_wave1_00005" }
				],
				"color": [
					{ "time": 0.2666, "color": "ffffffff" },
					{ "time": 0.3333, "color": "ffffff00" }
				]
			},
			"BLD_WTR_wave2/BLD_WTR_wave2_00002": {
				"attachment": [
					{ "time": 0.1666, "name": "BLD_WTR_wave2/BLD_WTR_wave2_00002" },
					{ "time": 0.2666, "name": "BLD_WTR_wave2/BLD_WTR_wave2_00005" }
				],
				"color": [
					{ "time": 0.2666, "color": "ffffffff" },
					{ "time": 0.3333, "color": "ffffff00" }
				]
			},
			"DAMAGEAREA": {
				"attachment": [
					{ "time": 0.2, "name": "DAMAGEAREA" },
					{ "time": 0.2666, "name": null }
				]
			}
		},
		"bones": {
			"dash": {
				"translate": [
					{ "time": 0.1333, "x": -199.46, "y": 220.65 }
				],
				"scale": [
					{ "time": 0.1333, "x": 4.38, "y": 4.38 }
				]
			},
			"dash2": {
				"translate": [
					{ "time": 0.1666, "x": -307.47, "y": 234.13 }
				],
				"scale": [
					{ "time": 0.1666, "x": 3.025, "y": 3.025 }
				]
			},
			"S1.2_attackA1": {
				"translate": [
					{ "time": 0.1666, "x": -519.01, "y": -415.46 }
				],
				"scale": [
					{ "time": 0.1666, "x": 2.497, "y": 1.671 },
					{ "time": 0.2, "x": 2.497, "y": 2.497 },
					{ "time": 0.3333, "x": 2.497, "y": 0.053 }
				]
			},
			"S1.2_attackB1": {
				"translate": [
					{ "time": 0.1666, "x": -715.28, "y": -417.8 },
					{ "time": 0.2666, "x": -764.39, "y": -417.57 }
				],
				"scale": [
					{ "time": 0.1666, "x": 2.5, "y": 2.5 }
				]
			},
			"S1.2_waveB": {
				"translate": [
					{ "time": 0.1666, "x": -878.83, "y": -412.24 }
				],
				"scale": [
					{ "time": 0.1666, "x": 2.504, "y": 2.504, "curve": "stepped" },
					{ "time": 0.2666, "x": 2.504, "y": 2.504 },
					{ "time": 0.3333, "x": 3, "y": 3 }
				]
			},
			"S1.2_waveC": {
				"translate": [
					{ "time": 0.1666, "x": -1066.06, "y": -418.04 }
				],
				"scale": [
					{ "time": 0.1666, "x": 2.499, "y": 2.499, "curve": "stepped" },
					{ "time": 0.2666, "x": 2.499, "y": 2.499 },
					{ "time": 0.3333, "x": 3.003, "y": 3.003 }
				]
			},
			"S1.2_attackC1": {
				"translate": [
					{ "time": 0.1666, "x": -753.55, "y": -422.93 },
					{ "time": 0.2666, "x": -793.15, "y": -422.74 }
				],
				"scale": [
					{ "time": 0.1666, "x": 2.512, "y": 2.512 }
				]
			},
			"ex1": {
				"translate": [
					{ "time": 0.2, "x": -671.88, "y": 196.62 }
				],
				"scale": [
					{ "time": 0.2, "x": 3, "y": 3 },
					{ "time": 0.6333, "x": 3.311, "y": 3.311 },
					{ "time": 0.7333, "x": 3.676, "y": 3.561 }
				]
			},
			"waterA": {
				"translate": [
					{ "time": 0.2, "x": -1043.19, "y": 246.79, "curve": "stepped" },
					{ "time": 0.5333, "x": -1043.19, "y": 246.79 },
					{ "time": 0.6333, "x": -1043.24, "y": 237.17 }
				],
				"scale": [
					{ "time": 0.2, "x": 2.5, "y": 2.5, "curve": "stepped" },
					{ "time": 0.5333, "x": 2.5, "y": 2.5 },
					{ "time": 0.6333, "x": 3, "y": 3 }
				]
			},
			"waterB": {
				"translate": [
					{ "time": 0.2, "x": -1156.69, "y": 233.94 }
				],
				"scale": [
					{ "time": 0.2, "x": 2.503, "y": 2.503 }
				]
			},
			"ex2": {
				"translate": [
					{ "time": 0.1333, "x": -477.23, "y": 211.9 }
				],
				"scale": [
					{ "time": 0.1333, "x": 1, "y": 1 },
					{ "time": 0.3, "x": 2.356, "y": 2.356 }
				]
			},
			"DAMAGEAREA": {
				"translate": [
					{ "time": 0.2, "x": -270.94, "y": 43.17 }
				],
				"scale": [
					{ "time": 0.2, "x": 5.192, "y": 1 }
				]
			},
			"MAIN": {
				"translate": [
					{ "time": 0, "x": 0, "y": 0, "curve": "stepped" },
					{
						"time": 0.1,
						"x": -21.47,
						"y": 0,
						"curve": [ 0.137, 0.56, 0.527, 0.96 ]
					},
					{ "time": 0.1333, "x": -180, "y": -0.39 },
					{ "time": 0.3333, "x": -190, "y": -0.39 }
				]
			}
		},
		"events": [
			{ "time": 0, "name": "Event", "float": 0.2, "string": "kHitStopType_normal" },
			{ "time": 0.0333, "name": "Event", "string": "kImpactType_knock" },
			{ "time": 0.1, "name": "Event", "string": "setHitBackEnemy(145,0)" },
			{ "time": 0.1333, "name": "Sound1", "string": "cri_se_battle_skill_shot" },
			{ "time": 0.1333, "name": "Sound2", "string": "cri_se_battle_explosion_water_01" },
			{ "time": 0.1666, "name": "Sound2", "string": "setHitSound(se_battle_thrustviolently)" },
			{ "time": 0.2, "name": "Event", "string": "shakeGround" }
		]
	}
}
}