{"skeleton":{"hash":"5JuD34LN8g0GIHSJMcBJecyf6Gc","spine":"3.0.12","width":0,"height":0},"bones":[{"name":"root"},{"name":"MAIN","parent":"root"},{"name":"hit2_00","parent":"MAIN","scaleX":2.5,"scaleY":2.5},{"name":"hit1_00","parent":"MAIN","scaleX":2.5,"scaleY":2.5},{"name":"DAMAGEAREA","parent":"root"},{"name":"shot1_00","parent":"MAIN","scaleX":2,"scaleY":2}],"slots":[{"name":"hit1_00","bone":"hit1_00","blend":"additive"},{"name":"hit2_00","bone":"hit2_00","blend":"additive"},{"name":"shot1_00","bone":"shot1_00","blend":"additive"},{"name":"DAMAGEAREA","bone":"DAMAGEAREA"}],"skins":{"default":{"DAMAGEAREA":{"DAMAGEAREA":{"type":"boundingbox","vertices":[-100.27116,-98.60399,97.92358,-99.147,99.00957,97.41877,-98.09915,97.96178]}},"hit1_00":{"SHT_LGT_hit1/SHT_LGT_hit1_00001":{"width":300,"height":300},"SHT_LGT_hit1/SHT_LGT_hit1_00003":{"width":300,"height":300},"SHT_LGT_hit1/SHT_LGT_hit1_00005":{"width":300,"height":300},"SHT_LGT_hit1/SHT_LGT_hit1_00007":{"width":300,"height":300},"SHT_LGT_hit1/SHT_LGT_hit1_00009":{"width":300,"height":300},"SHT_LGT_hit1/SHT_LGT_hit1_00011":{"width":300,"height":300},"SHT_LGT_hit1/SHT_LGT_hit1_00013":{"width":300,"height":300},"SHT_LGT_hit1/SHT_LGT_hit1_00015":{"width":300,"height":300},"SHT_LGT_hit1/SHT_LGT_hit1_00017":{"width":300,"height":300},"SHT_LGT_hit1/SHT_LGT_hit1_00019":{"width":300,"height":300},"SHT_LGT_hit1/SHT_LGT_hit1_00021":{"width":300,"height":300},"SHT_LGT_hit1/SHT_LGT_hit1_00023":{"width":300,"height":300},"SHT_LGT_hit1/SHT_LGT_hit1_00025":{"width":300,"height":300},"SHT_LGT_hit1/SHT_LGT_hit1_00027":{"width":300,"height":300}},"hit2_00":{"SHT_LGT_hit2/SHT_LGT_hit2_00001":{"width":300,"height":300},"SHT_LGT_hit2/SHT_LGT_hit2_00003":{"width":300,"height":300},"SHT_LGT_hit2/SHT_LGT_hit2_00005":{"width":300,"height":300},"SHT_LGT_hit2/SHT_LGT_hit2_00007":{"width":300,"height":300},"SHT_LGT_hit2/SHT_LGT_hit2_00009":{"width":300,"height":300},"SHT_LGT_hit2/SHT_LGT_hit2_00011":{"width":300,"height":300},"SHT_LGT_hit2/SHT_LGT_hit2_00013":{"width":300,"height":300},"SHT_LGT_hit2/SHT_LGT_hit2_00015":{"width":300,"height":300},"SHT_LGT_hit2/SHT_LGT_hit2_00017":{"width":300,"height":300},"SHT_LGT_hit2/SHT_LGT_hit2_00019":{"width":300,"height":300},"SHT_LGT_hit2/SHT_LGT_hit2_00021":{"width":300,"height":300},"SHT_LGT_hit2/SHT_LGT_hit2_00023":{"width":300,"height":300},"SHT_LGT_hit2/SHT_LGT_hit2_00025":{"width":300,"height":300},"SHT_LGT_hit2/SHT_LGT_hit2_00027":{"width":300,"height":300},"SHT_LGT_hit2/SHT_LGT_hit2_00029":{"width":300,"height":300}},"shot1_00":{"SHT_LGT_shot1/SHT_LGT_shot1_00001":{"x":17.96,"y":2.09,"width":300,"height":300},"SHT_LGT_shot1/SHT_LGT_shot1_00002":{"x":17.96,"y":2.09,"width":300,"height":300},"SHT_LGT_shot1/SHT_LGT_shot1_00003":{"x":17.96,"y":2.09,"width":300,"height":300},"SHT_LGT_shot1/SHT_LGT_shot1_00004":{"x":17.96,"y":2.09,"width":300,"height":300},"SHT_LGT_shot1/SHT_LGT_shot1_00005":{"x":17.96,"y":2.09,"width":300,"height":300},"SHT_LGT_shot1/SHT_LGT_shot1_00006":{"x":17.96,"y":2.09,"width":300,"height":300},"SHT_LGT_shot1/SHT_LGT_shot1_00007":{"x":17.96,"y":2.09,"width":300,"height":300},"SHT_LGT_shot1/SHT_LGT_shot1_00008":{"x":17.96,"y":2.09,"width":300,"height":300}}}},"events":{"Event":{},"Hit":{},"Sound1":{},"Sound2":{},"Sound3":{},"Sound4":{}},"animations":{"1explosion":{"slots":{"DAMAGEAREA":{"attachment":[{"time":0.0333,"name":"DAMAGEAREA"},{"time":0.9666,"name":null}]},"hit1_00":{"attachment":[{"time":0,"name":"SHT_LGT_hit1/SHT_LGT_hit1_00001"},{"time":0.0666,"name":"SHT_LGT_hit1/SHT_LGT_hit1_00003"},{"time":0.1333,"name":"SHT_LGT_hit1/SHT_LGT_hit1_00005"},{"time":0.2,"name":"SHT_LGT_hit1/SHT_LGT_hit1_00007"},{"time":0.2666,"name":"SHT_LGT_hit1/SHT_LGT_hit1_00009"},{"time":0.3333,"name":"SHT_LGT_hit1/SHT_LGT_hit1_00011"},{"time":0.4,"name":"SHT_LGT_hit1/SHT_LGT_hit1_00013"},{"time":0.4666,"name":"SHT_LGT_hit1/SHT_LGT_hit1_00015"},{"time":0.5333,"name":"SHT_LGT_hit1/SHT_LGT_hit1_00017"},{"time":0.6,"name":"SHT_LGT_hit1/SHT_LGT_hit1_00019"},{"time":0.6666,"name":"SHT_LGT_hit1/SHT_LGT_hit1_00021"},{"time":0.7333,"name":"SHT_LGT_hit1/SHT_LGT_hit1_00023"},{"time":0.8,"name":"SHT_LGT_hit1/SHT_LGT_hit1_00025"},{"time":0.8666,"name":"SHT_LGT_hit1/SHT_LGT_hit1_00027"},{"time":0.9333,"name":null}],"color":[{"time":0.8333,"color":"ffffffff"},{"time":0.9333,"color":"ffffff00"}]},"hit2_00":{"attachment":[{"time":0,"name":"SHT_LGT_hit2/SHT_LGT_hit2_00001"},{"time":0.0666,"name":"SHT_LGT_hit2/SHT_LGT_hit2_00003"},{"time":0.1333,"name":"SHT_LGT_hit2/SHT_LGT_hit2_00005"},{"time":0.2,"name":"SHT_LGT_hit2/SHT_LGT_hit2_00007"},{"time":0.2666,"name":"SHT_LGT_hit2/SHT_LGT_hit2_00009"},{"time":0.3333,"name":"SHT_LGT_hit2/SHT_LGT_hit2_00011"},{"time":0.4,"name":"SHT_LGT_hit2/SHT_LGT_hit2_00013"},{"time":0.4666,"name":"SHT_LGT_hit2/SHT_LGT_hit2_00015"},{"time":0.5333,"name":"SHT_LGT_hit2/SHT_LGT_hit2_00017"},{"time":0.6,"name":"SHT_LGT_hit2/SHT_LGT_hit2_00019"},{"time":0.6666,"name":"SHT_LGT_hit2/SHT_LGT_hit2_00021"},{"time":0.7333,"name":"SHT_LGT_hit2/SHT_LGT_hit2_00023"},{"time":0.8,"name":"SHT_LGT_hit2/SHT_LGT_hit2_00025"},{"time":0.8666,"name":"SHT_LGT_hit2/SHT_LGT_hit2_00027"},{"time":0.9333,"name":"SHT_LGT_hit2/SHT_LGT_hit2_00029"},{"time":1,"name":null}],"color":[{"time":0.9,"color":"ffffffff"},{"time":1,"color":"ffffff00"}]}},"bones":{"hit1_00":{"scale":[{"time":0,"x":1.029,"y":1.029,"curve":[0.2,0.64,0.498,0.89]},{"time":0.1,"x":1.385,"y":1.385}]},"hit2_00":{"scale":[{"time":0,"x":1.029,"y":1.029,"curve":[0.2,0.64,0.498,0.89]},{"time":0.1333,"x":1.385,"y":1.385}]},"DAMAGEAREA":{"scale":[{"time":0.0333,"x":0.711,"y":0.711}]},"MAIN":{"scale":[{"time":0,"x":0.44,"y":0.44}]}},"events":[{"time":0,"name":"Sound1","string":"cri_se_battle_036_explosion_element_04"},{"time":0,"name":"Sound2","string":"cri_se_battle_arrow_light_effect"},{"time":0.0333,"name":"Event","float":0.03,"string":"kHitStopType_enemyonly"},{"time":0.2333,"name":"Hit","string":"resetHitList"},{"time":0.5666,"name":"Hit","string":"resetHitList"},{"time":0.9,"name":"Hit","string":"resetHitList"}]},"2explosion":{"slots":{"DAMAGEAREA":{"attachment":[{"time":0.0333,"name":"DAMAGEAREA"},{"time":0.9666,"name":null}]},"hit1_00":{"attachment":[{"time":0,"name":"SHT_LGT_hit1/SHT_LGT_hit1_00001"},{"time":0.0666,"name":"SHT_LGT_hit1/SHT_LGT_hit1_00003"},{"time":0.1333,"name":"SHT_LGT_hit1/SHT_LGT_hit1_00005"},{"time":0.2,"name":"SHT_LGT_hit1/SHT_LGT_hit1_00007"},{"time":0.2666,"name":"SHT_LGT_hit1/SHT_LGT_hit1_00009"},{"time":0.3333,"name":"SHT_LGT_hit1/SHT_LGT_hit1_00011"},{"time":0.4,"name":"SHT_LGT_hit1/SHT_LGT_hit1_00013"},{"time":0.4666,"name":"SHT_LGT_hit1/SHT_LGT_hit1_00015"},{"time":0.5333,"name":"SHT_LGT_hit1/SHT_LGT_hit1_00017"},{"time":0.6,"name":"SHT_LGT_hit1/SHT_LGT_hit1_00019"},{"time":0.6666,"name":"SHT_LGT_hit1/SHT_LGT_hit1_00021"},{"time":0.7333,"name":"SHT_LGT_hit1/SHT_LGT_hit1_00023"},{"time":0.8,"name":"SHT_LGT_hit1/SHT_LGT_hit1_00025"},{"time":0.8666,"name":"SHT_LGT_hit1/SHT_LGT_hit1_00027"},{"time":0.9333,"name":null}],"color":[{"time":0.8333,"color":"ffffffff"},{"time":0.9333,"color":"ffffff00"}]},"hit2_00":{"attachment":[{"time":0,"name":"SHT_LGT_hit2/SHT_LGT_hit2_00001"},{"time":0.0666,"name":"SHT_LGT_hit2/SHT_LGT_hit2_00003"},{"time":0.1333,"name":"SHT_LGT_hit2/SHT_LGT_hit2_00005"},{"time":0.2,"name":"SHT_LGT_hit2/SHT_LGT_hit2_00007"},{"time":0.2666,"name":"SHT_LGT_hit2/SHT_LGT_hit2_00009"},{"time":0.3333,"name":"SHT_LGT_hit2/SHT_LGT_hit2_00011"},{"time":0.4,"name":"SHT_LGT_hit2/SHT_LGT_hit2_00013"},{"time":0.4666,"name":"SHT_LGT_hit2/SHT_LGT_hit2_00015"},{"time":0.5333,"name":"SHT_LGT_hit2/SHT_LGT_hit2_00017"},{"time":0.6,"name":"SHT_LGT_hit2/SHT_LGT_hit2_00019"},{"time":0.6666,"name":"SHT_LGT_hit2/SHT_LGT_hit2_00021"},{"time":0.7333,"name":"SHT_LGT_hit2/SHT_LGT_hit2_00023"},{"time":0.8,"name":"SHT_LGT_hit2/SHT_LGT_hit2_00025"},{"time":0.8666,"name":"SHT_LGT_hit2/SHT_LGT_hit2_00027"},{"time":0.9333,"name":"SHT_LGT_hit2/SHT_LGT_hit2_00029"},{"time":1,"name":null}],"color":[{"time":0.9,"color":"ffffffff"},{"time":1,"color":"ffffff00"}]}},"bones":{"hit1_00":{"scale":[{"time":0,"x":1.029,"y":1.029,"curve":[0.2,0.64,0.498,0.89]},{"time":0.1,"x":1.385,"y":1.385}]},"hit2_00":{"scale":[{"time":0,"x":1.029,"y":1.029,"curve":[0.2,0.64,0.498,0.89]},{"time":0.1333,"x":1.385,"y":1.385}]},"DAMAGEAREA":{"scale":[{"time":0.0333,"x":1.136,"y":1.136}]},"MAIN":{"scale":[{"time":0,"x":0.7,"y":0.7}]}},"events":[{"time":0,"name":"Sound1","string":"cri_se_battle_036_explosion_element_04"},{"time":0,"name":"Sound2","string":"cri_se_battle_arrow_light_effect"},{"time":0,"name":"Sound3","string":"cri_se_battle_hard_hit"},{"time":0.0333,"name":"Event","float":0.03,"string":"kHitStopType_enemyonly"},{"time":0.1666,"name":"Hit","string":"resetHitList"},{"time":0.3666,"name":"Hit","string":"resetHitList"},{"time":0.5666,"name":"Hit","string":"resetHitList"},{"time":0.7333,"name":"Hit","string":"resetHitList"},{"time":0.9333,"name":"Hit","string":"resetHitList"}]},"attack1":{"slots":{"DAMAGEAREA":{"attachment":[{"time":0.0333,"name":"DAMAGEAREA"},{"time":0.3666,"name":null}]},"shot1_00":{"attachment":[{"time":0,"name":"SHT_LGT_shot1/SHT_LGT_shot1_00001"},{"time":0.0666,"name":"SHT_LGT_shot1/SHT_LGT_shot1_00002"},{"time":0.1333,"name":"SHT_LGT_shot1/SHT_LGT_shot1_00003"},{"time":0.2,"name":"SHT_LGT_shot1/SHT_LGT_shot1_00004"},{"time":0.2666,"name":"SHT_LGT_shot1/SHT_LGT_shot1_00005"},{"time":0.3333,"name":"SHT_LGT_shot1/SHT_LGT_shot1_00006"}]}},"bones":{"shot1_00":{"translate":[{"time":0,"x":-45,"y":0}],"scale":[{"time":0,"x":0.75,"y":0.75}]},"DAMAGEAREA":{"translate":[{"time":0,"x":-64.53,"y":53.16},{"time":0.3333,"x":-563.34,"y":53.16}],"scale":[{"time":0,"x":0.485,"y":0.485}]},"MAIN":{"translate":[{"time":0,"x":-70,"y":50},{"time":0.3333,"x":-570.59,"y":50}]}},"events":[{"time":0,"name":"Event","string":"setShotEndAnimationName_1explosion"},{"time":0,"name":"Sound1","string":"cri_se_battle_skill_swish"},{"time":0.0333,"name":"Event","float":0.05,"string":"kHitStopType_enemyonly"}]},"attack2":{"slots":{"DAMAGEAREA":{"attachment":[{"time":0.0333,"name":"DAMAGEAREA"},{"time":0.3666,"name":null}]},"shot1_00":{"attachment":[{"time":0,"name":"SHT_LGT_shot1/SHT_LGT_shot1_00001"},{"time":0.0666,"name":"SHT_LGT_shot1/SHT_LGT_shot1_00002"},{"time":0.1333,"name":"SHT_LGT_shot1/SHT_LGT_shot1_00003"},{"time":0.2,"name":"SHT_LGT_shot1/SHT_LGT_shot1_00004"},{"time":0.2666,"name":"SHT_LGT_shot1/SHT_LGT_shot1_00005"},{"time":0.3333,"name":"SHT_LGT_shot1/SHT_LGT_shot1_00006"}]}},"bones":{"shot1_00":{"translate":[{"time":0,"x":-60,"y":0}]},"DAMAGEAREA":{"translate":[{"time":0,"x":-57,"y":53.16},{"time":0.3333,"x":-563.23,"y":53.16}],"scale":[{"time":0,"x":0.517,"y":0.517}]},"MAIN":{"translate":[{"time":0,"x":-54.2,"y":50},{"time":0.3333,"x":-555.59,"y":50}]}},"events":[{"time":0,"name":"Event","string":"setShotEndAnimationName_2explosion"},{"time":0,"name":"Sound1","string":"cri_se_battle_skill_swish"},{"time":0.0333,"name":"Event","float":0.05,"string":"kHitStopType_enemyonly"}]},"attack3":{"slots":{"DAMAGEAREA":{"attachment":[{"time":0.0666,"name":"DAMAGEAREA"},{"time":0.1333,"name":null}]},"hit1_00":{"attachment":[{"time":0.0333,"name":"SHT_LGT_hit1/SHT_LGT_hit1_00005"},{"time":0.1,"name":"SHT_LGT_hit1/SHT_LGT_hit1_00007"},{"time":0.1666,"name":"SHT_LGT_hit1/SHT_LGT_hit1_00009"},{"time":0.2333,"name":"SHT_LGT_hit1/SHT_LGT_hit1_00011"},{"time":0.3,"name":"SHT_LGT_hit1/SHT_LGT_hit1_00013"},{"time":0.3666,"name":"SHT_LGT_hit1/SHT_LGT_hit1_00015"},{"time":0.4333,"name":"SHT_LGT_hit1/SHT_LGT_hit1_00017"},{"time":0.5,"name":"SHT_LGT_hit1/SHT_LGT_hit1_00019"},{"time":0.5666,"name":"SHT_LGT_hit1/SHT_LGT_hit1_00021"},{"time":0.6333,"name":"SHT_LGT_hit1/SHT_LGT_hit1_00023"},{"time":0.7,"name":"SHT_LGT_hit1/SHT_LGT_hit1_00025"},{"time":0.7666,"name":"SHT_LGT_hit1/SHT_LGT_hit1_00027"},{"time":0.8333,"name":null}],"color":[{"time":0.0333,"color":"ffffffff","curve":"stepped"},{"time":0.7333,"color":"ffffffff"},{"time":0.8333,"color":"ffffff00"}]},"hit2_00":{"attachment":[{"time":0.0333,"name":"SHT_LGT_hit2/SHT_LGT_hit2_00001"},{"time":0.0666,"name":"SHT_LGT_hit2/SHT_LGT_hit2_00027"},{"time":0.1,"name":"SHT_LGT_hit2/SHT_LGT_hit2_00003"},{"time":0.1333,"name":"SHT_LGT_hit2/SHT_LGT_hit2_00029"},{"time":0.1666,"name":"SHT_LGT_hit2/SHT_LGT_hit2_00005"},{"time":0.2,"name":null},{"time":0.2333,"name":"SHT_LGT_hit2/SHT_LGT_hit2_00007"},{"time":0.3,"name":"SHT_LGT_hit2/SHT_LGT_hit2_00009"},{"time":0.3666,"name":"SHT_LGT_hit2/SHT_LGT_hit2_00011"},{"time":0.4333,"name":"SHT_LGT_hit2/SHT_LGT_hit2_00013"},{"time":0.5,"name":"SHT_LGT_hit2/SHT_LGT_hit2_00015"},{"time":0.5666,"name":"SHT_LGT_hit2/SHT_LGT_hit2_00017"},{"time":0.6333,"name":"SHT_LGT_hit2/SHT_LGT_hit2_00019"},{"time":0.7,"name":"SHT_LGT_hit2/SHT_LGT_hit2_00021"},{"time":0.7666,"name":"SHT_LGT_hit2/SHT_LGT_hit2_00023"},{"time":0.8333,"name":"SHT_LGT_hit2/SHT_LGT_hit2_00025"},{"time":0.9,"name":"SHT_LGT_hit2/SHT_LGT_hit2_00027"},{"time":0.9666,"name":"SHT_LGT_hit2/SHT_LGT_hit2_00029"},{"time":1.0333,"name":null}],"color":[{"time":0.1,"color":"ffffffff"},{"time":0.2,"color":"ffffff00"},{"time":0.9333,"color":"ffffffff"},{"time":1.0333,"color":"ffffff00"}]}},"bones":{"hit1_00":{"scale":[{"time":0.0333,"x":1.029,"y":1.029,"curve":[0.2,0.64,0.498,0.89]},{"time":0.1333,"x":2,"y":2}]},"hit2_00":{"scale":[{"time":0.0333,"x":1.029,"y":1.029,"curve":[0.25,0,0.75,1]},{"time":0.1666,"x":1.385,"y":1.385}]},"DAMAGEAREA":{"scale":[{"time":0.0333,"x":2.548,"y":2.548}]}},"events":[{"time":0,"name":"Event","string":"setPosition_TargetMain"},{"time":0,"name":"Hit","string":"setForceImpact(1)"},{"time":0,"name":"Sound1","string":"cri_se_battle_036_explosion_element_04"},{"time":0,"name":"Sound2","string":"cri_se_battle_arrow_light_effect"},{"time":0,"name":"Sound3","string":"cri_se_battle_hard_hit"},{"time":0,"name":"Sound4","string":"cri_se_battle_lightning"},{"time":0.0333,"name":"Event","float":0.2,"string":"kHitStopType_normal"},{"time":0.0333,"name":"Hit","string":"kImpactType_knock"}]},"attack3old":{"slots":{"DAMAGEAREA":{"attachment":[{"time":0.0333,"name":"DAMAGEAREA"},{"time":0.2666,"name":null}]},"shot1_00":{"attachment":[{"time":0,"name":"SHT_LGT_shot1/SHT_LGT_shot1_00001"},{"time":0.0333,"name":"SHT_LGT_shot1/SHT_LGT_shot1_00002"},{"time":0.0666,"name":"SHT_LGT_shot1/SHT_LGT_shot1_00003"},{"time":0.1,"name":"SHT_LGT_shot1/SHT_LGT_shot1_00004"},{"time":0.1333,"name":"SHT_LGT_shot1/SHT_LGT_shot1_00005"},{"time":0.1666,"name":"SHT_LGT_shot1/SHT_LGT_shot1_00006"},{"time":0.2,"name":"SHT_LGT_shot1/SHT_LGT_shot1_00007"},{"time":0.2333,"name":"SHT_LGT_shot1/SHT_LGT_shot1_00006"},{"time":0.2666,"name":null}],"color":[{"time":0.2,"color":"ffffffff"},{"time":0.2666,"color":"ffffff00"}]}},"bones":{"shot1_00":{"scale":[{"time":0,"x":1.368,"y":1.368}]},"DAMAGEAREA":{"translate":[{"time":0,"x":-94.06,"y":57.25,"curve":[0.326,0.17,0.644,0.53]},{"time":0.2666,"x":-563.34,"y":53.16}],"scale":[{"time":0,"x":0.726,"y":0.726}]},"MAIN":{"translate":[{"time":0,"x":-177.67,"y":50},{"time":0.2333,"x":-570.59,"y":50}]}},"events":[{"time":0,"name":"Event","string":"setShotEndAnimationName_3explosion"},{"time":0,"name":"Sound1","string":"cri_se_battle_skill_swish"},{"time":0.0333,"name":"Event","float":0.05,"string":"kHitStopType_enemyonly"}]}}}