{"skeleton":{"hash":"lespWAtxfjT1KFGqwajOxM4QU2c","spine":"3.0.12","width":190,"height":190},"bones":[{"name":"root"},{"name":"MAIN","parent":"root","y":73}],"slots":[{"name":"MAIN","bone":"MAIN","attachment":"idle_00"}],"skins":{"default":{"MAIN":{"idle_00":{"x":5.27,"y":3.54,"width":190,"height":190},"idle_01":{"x":5.27,"y":3.54,"width":190,"height":190},"idle_02":{"x":5.27,"y":3.54,"width":190,"height":190},"idle_03":{"x":5.27,"y":3.54,"width":190,"height":190},"idle_04":{"x":5.27,"y":3.54,"width":190,"height":190}}}},"events":{"Event":{},"Event2":{},"Hit":{},"Sound1":{},"Sound2":{},"Sound3":{},"Voice":{}},"animations":{"idle":{"slots":{"MAIN":{"attachment":[{"time":0,"name":"idle_00"},{"time":0.2333,"name":"idle_01"},{"time":0.4666,"name":"idle_02"},{"time":0.7,"name":"idle_03"},{"time":0.9333,"name":"idle_04"},{"time":1.1666,"name":"idle_00"}]}},"bones":{"MAIN":{"translate":[{"time":0,"x":0,"y":0,"curve":[0.25,0,0.75,1]},{"time":0.4666,"x":0,"y":-1,"curve":[0.25,0,0.75,1]},{"time":1.1666,"x":0,"y":0}]}},"events":[{"time":0,"name":"Event","string":"runScript_showEffect"}]}}}