{"skeleton":{"hash":"tSCGCgzO/vOXdxvubjIUbvlT8mw","spine":"3.0.12","width":512,"height":512},"bones":[{"name":"root"},{"name":"MAIN_chair","parent":"root","y":105},{"name":"MAIN","parent":"root","y":105}],"slots":[{"name":"MAIN_chair","bone":"MAIN_chair","attachment":"sonie_6_chair_idle_00"},{"name":"MAIN","bone":"MAIN","attachment":"idle_00"}],"skins":{"default":{"MAIN":{"idle_00":{"x":3.37,"y":-5.78,"width":512,"height":512},"idle_01":{"x":3.37,"y":-5.78,"width":512,"height":512},"idle_02":{"x":3.37,"y":-5.78,"width":512,"height":512},"idle_03":{"x":3.37,"y":-5.78,"width":512,"height":512}},"MAIN_chair":{"sonie_6_chair_idle_00":{"x":3.37,"y":-5.78,"width":512,"height":512},"sonie_6_chair_idle_01":{"x":3.37,"y":-5.78,"width":512,"height":512},"sonie_6_chair_idle_02":{"x":3.37,"y":-5.78,"width":512,"height":512},"sonie_6_chair_idle_03":{"x":3.37,"y":-5.78,"width":512,"height":512}}}},"animations":{"idle":{"slots":{"MAIN":{"attachment":[{"time":0,"name":"idle_00"},{"time":0.2666,"name":"idle_01"},{"time":0.5333,"name":"idle_02"},{"time":0.8,"name":"idle_03"},{"time":1.0666,"name":"idle_00"}]},"MAIN_chair":{"attachment":[{"time":0,"name":"sonie_6_chair_idle_00"},{"time":0.2666,"name":"sonie_6_chair_idle_01"},{"time":0.5333,"name":"sonie_6_chair_idle_02"},{"time":0.8,"name":"sonie_6_chair_idle_03"},{"time":1.0666,"name":"sonie_6_chair_idle_00"}]}},"bones":{"MAIN":{"translate":[{"time":0,"x":0,"y":0,"curve":[0.231,-0.27,0.259,-0.26]},{"time":0.5333,"x":0,"y":1,"curve":[0.231,-0.27,0.259,-0.26]},{"time":1.0666,"x":0,"y":0}]},"MAIN_chair":{"translate":[{"time":0,"x":0,"y":0,"curve":[0.231,-0.27,0.259,-0.26]},{"time":0.5333,"x":0,"y":1,"curve":[0.231,-0.27,0.259,-0.26]},{"time":1.0666,"x":0,"y":0}]}}}}}