{"skeleton":{"hash":"ZQtrOjosqHUesDTEHW7Zq7ufgaY","spine":"3.0.12","width":0,"height":0,"images":"./images3/"},"bones":[{"name":"root"},{"name":"MAIN","parent":"root","y":43.55},{"name":"side_L_wing_root","parent":"MAIN","x":9.93,"y":52.6,"rotation":350.64},{"name":"side_R_wing_root","parent":"MAIN","x":-19.9,"y":40.29,"rotation":10.38}],"slots":[{"name":"side_L_wing_1","bone":"side_L_wing_root","attachment":"side_L_wing_1"},{"name":"side_R_wing_1","bone":"side_R_wing_root","attachment":"side_R_wing_2"},{"name":"MAIN","bone":"MAIN","attachment":"skeleton-idle_2"}],"skins":{"default":{"MAIN":{"skeleton-idle_0":{"x":-48.9,"y":12.96,"width":400,"height":400},"skeleton-idle_1":{"x":-48.9,"y":12.96,"width":400,"height":400},"skeleton-idle_2":{"x":-48.9,"y":12.96,"width":400,"height":400},"skeleton-idle_3":{"x":-48.9,"y":12.96,"width":400,"height":400},"skeleton-idle_4":{"x":-48.9,"y":12.96,"width":400,"height":400}},"side_L_wing_1":{"side_L_wing_1":{"x":48.48,"y":-34.86,"width":128,"height":126},"side_L_wing_3":{"x":48.48,"y":-34.86,"width":128,"height":126}},"side_R_wing_1":{"side_R_wing_1":{"x":-53.89,"y":-17.03,"width":128,"height":126},"side_R_wing_2":{"x":-53.89,"y":-17.03,"width":128,"height":126},"side_R_wing_3":{"x":-53.89,"y":-17.03,"width":128,"height":126}}}},"events":{"Event":{},"Hit":{},"Sound1":{},"Sound2":{},"Sound3":{},"Voice":{}},"animations":{"idle":{"slots":{"MAIN":{"attachment":[{"time":0,"name":"skeleton-idle_0"},{"time":0.1666,"name":"skeleton-idle_1"},{"time":0.3333,"name":"skeleton-idle_2"},{"time":0.5,"name":"skeleton-idle_3"},{"time":0.6666,"name":"skeleton-idle_4"},{"time":0.8333,"name":"skeleton-idle_0"}]},"side_L_wing_1":{"attachment":[{"time":0,"name":"side_L_wing_1"},{"time":0.1666,"name":"side_L_wing_1"},{"time":0.3333,"name":"side_L_wing_1"},{"time":0.5,"name":"side_L_wing_3"},{"time":0.6666,"name":"side_L_wing_3"}]},"side_R_wing_1":{"attachment":[{"time":0,"name":"side_R_wing_1"},{"time":0.1666,"name":"side_R_wing_2"},{"time":0.3333,"name":"side_R_wing_2"},{"time":0.5,"name":"side_R_wing_3"},{"time":0.6666,"name":"side_R_wing_3"},{"time":0.8333,"name":"side_R_wing_1"}]}},"bones":{"side_L_wing_root":{"rotate":[{"time":0,"angle":0,"curve":"stepped"},{"time":0.1666,"angle":8,"curve":"stepped"},{"time":0.3333,"angle":-342.23,"curve":"stepped"},{"time":0.5,"angle":8.33,"curve":"stepped"},{"time":0.6666,"angle":2.15}],"translate":[{"time":0,"x":0,"y":0}]},"side_R_wing_root":{"rotate":[{"time":0,"angle":0,"curve":"stepped"},{"time":0.1666,"angle":-8.17,"curve":"stepped"},{"time":0.3333,"angle":-14.53,"curve":"stepped"},{"time":0.5,"angle":-10.2,"curve":"stepped"},{"time":0.6666,"angle":-4.34,"curve":"stepped"},{"time":0.8333,"angle":0}],"translate":[{"time":0,"x":0,"y":0,"curve":"stepped"},{"time":0.8333,"x":0,"y":0}]}}}}}