{"skeleton":{"hash":"1rxlyOmOmaD7zrHK/Oj19pldhgU","spine":"3.0.12","width":0,"height":0},"bones":[{"name":"root"},{"name":"MAIN","parent":"root","y":70}],"slots":[{"name":"MAIN","bone":"MAIN","attachment":"idle_00"}],"skins":{"default":{"MAIN":{"idle_00":{"x":2.82,"y":-10.65,"width":430,"height":430},"idle_01":{"x":2.82,"y":-10.65,"width":430,"height":430},"idle_02":{"x":2.82,"y":-10.65,"width":430,"height":430},"idle_03":{"x":2.82,"y":-10.65,"width":430,"height":430}}}},"events":{"Event":{},"hit":{}},"animations":{"idle":{"slots":{"MAIN":{"attachment":[{"time":0,"name":"idle_00"},{"time":0.2666,"name":"idle_01"},{"time":0.5,"name":"idle_02"},{"time":0.7666,"name":"idle_03"},{"time":1,"name":"idle_00"}]}},"bones":{"MAIN":{"translate":[{"time":0,"x":0,"y":0}]}}}}}