{"skeleton":{"hash":"iAltS/DBgqfkbPN9mt+NTBqe2Qc","spine":"3.0.12","width":0,"height":0,"images":"./images/"},"bones":[{"name":"root","x":4.38},{"name":"MAIN","parent":"root","x":-25.33,"y":103.6},{"name":"HPBAR","parent":"MAIN","x":30.95,"y":96.4}],"slots":[{"name":"MAIN","bone":"MAIN","attachment":"skeleton-idle_0"}],"skins":{"default":{"MAIN":{"skeleton-idle_0":{"y":40.84,"width":450,"height":400},"skeleton-idle_1":{"y":40.84,"width":450,"height":400},"skeleton-idle_2":{"y":40.84,"width":450,"height":400},"skeleton-idle_3":{"y":40.84,"width":450,"height":400},"skeleton-idle_4":{"y":40.84,"width":450,"height":400}}}},"events":{"Event":{},"Hit":{},"Sound":{},"Sound_2":{},"sound_3":{},"voice":{}},"animations":{"idle":{"slots":{"MAIN":{"attachment":[{"time":0,"name":"skeleton-idle_0"},{"time":0.2,"name":"skeleton-idle_1"},{"time":0.4,"name":"skeleton-idle_2"},{"time":0.6,"name":"skeleton-idle_3"},{"time":0.8,"name":"skeleton-idle_4"},{"time":1,"name":"skeleton-idle_0"}]}},"bones":{"MAIN":{"translate":[{"time":0,"x":0,"y":-23.59}]}}}}}