{"skeleton":{"hash":"6j1WrcV8TVHPciPmYo/3DlWoy6A","spine":"3.0.12","width":0,"height":0,"images":"./images/"},"bones":[{"name":"root"},{"name":"MAIN","parent":"root","x":7.02,"y":49.59}],"slots":[{"name":"MAIN","bone":"MAIN","attachment":"idle_1_0"}],"skins":{"default":{"MAIN":{"idle_1_0":{"x":3.58,"y":12.33,"width":606,"height":510},"idle_1_1":{"x":3.58,"y":12.33,"width":606,"height":510},"idle_1_2":{"x":3.58,"y":12.33,"width":606,"height":510},"idle_1_3":{"x":3.58,"y":12.33,"width":606,"height":510},"idle_1_4":{"x":3.58,"y":12.33,"width":606,"height":510}}}},"events":{"Event":{},"Sound":{},"Sound_2":{},"Voice":{},"hit":{}},"animations":{"idle":{"slots":{"MAIN":{"attachment":[{"time":0,"name":"idle_1_0"},{"time":0.1666,"name":"idle_1_1"},{"time":0.3333,"name":"idle_1_2"},{"time":0.5,"name":"idle_1_3"},{"time":0.6666,"name":"idle_1_4"},{"time":0.8333,"name":"idle_1_0"}]}},"bones":{"MAIN":{"translate":[{"time":0,"x":-7.02,"y":0}]}}}}}