{"skeleton":{"hash":"UYtbay/0bexPuR1wUNdSWfC4zHQ","spine":"3.0.12","width":0,"height":0,"images":"./images/"},"bones":[{"name":"root"},{"name":"grid","parent":"root"},{"name":"S2_magic2","parent":"root","color":"0b00ffff"},{"name":"S2_magic1","parent":"root","color":"0b00ffff"},{"name":"S1_wave2","parent":"root","color":"ff0100ff"},{"name":"S1_wave1","parent":"root","color":"ff0100ff"},{"name":"MAIN","parent":"root","y":57,"color":"11ff00ff"},{"name":"SHADOW-OFFSET","parent":"MAIN","y":-57},{"name":"HITBOX","parent":"MAIN","y":-57},{"name":"DAMAGEAREA","parent":"root"}],"slots":[{"name":"grid/bg","bone":"grid","color":"ffffff95"},{"name":"grid/grid","bone":"grid","color":"ffffff95"},{"name":"S2_magic_water","bone":"S2_magic1","blend":"additive"},{"name":"S2_magic_water2","bone":"S2_magic2","blend":"additive"},{"name":"210_S1_wave1","bone":"S1_wave1","blend":"additive"},{"name":"210_S1_wave2","bone":"S1_wave2","blend":"additive"},{"name":"MAIN","bone":"MAIN","attachment":"idle_00"},{"name":"DAMAGEAREA","bone":"DAMAGEAREA"},{"name":"HITBOX","bone":"HITBOX","attachment":"HITBOX"}],"skins":{"default":{"210_S1_wave1":{"EF/210_S1_wave1/210_S1_wave1_00002":{"y":20,"width":400,"height":400},"EF/210_S1_wave1/210_S1_wave1_00003":{"y":20,"width":400,"height":400},"EF/210_S1_wave1/210_S1_wave1_00004":{"y":20,"width":400,"height":400},"EF/210_S1_wave1/210_S1_wave1_00005":{"y":20,"width":400,"height":400},"EF/210_S1_wave1/210_S1_wave1_00006":{"y":20,"width":400,"height":400},"EF/210_S1_wave1/210_S1_wave1_00007":{"y":20,"width":400,"height":400},"EF/210_S1_wave1/210_S1_wave1_00008":{"y":20,"width":400,"height":400}},"210_S1_wave2":{"EF/210_S1_wave1/210_S1_wave1_00002":{"y":20,"width":400,"height":400},"EF/210_S1_wave1/210_S1_wave1_00003":{"y":20,"width":400,"height":400},"EF/210_S1_wave1/210_S1_wave1_00004":{"y":20,"width":400,"height":400},"EF/210_S1_wave1/210_S1_wave1_00005":{"y":20,"width":400,"height":400},"EF/210_S1_wave1/210_S1_wave1_00006":{"y":20,"width":400,"height":400},"EF/210_S1_wave1/210_S1_wave1_00007":{"y":20,"width":400,"height":400},"EF/210_S1_wave1/210_S1_wave1_00008":{"y":20,"width":400,"height":400}},"DAMAGEAREA":{"DAMAGEAREA":{"type":"boundingbox","vertices":[-98.61436,97.31378,-98.54861,-97.28812,99.00738,-97.28812,99.00738,97.23788,0,0,0,0,0,0,0,0]}},"HITBOX":{"HITBOX":{"type":"boundingbox","vertices":[-34.31261,114.20587,-33.7066,3.91387,28.71138,3.91387,28.10537,113.59985,0,0,0,0,0,0,0,0]}},"MAIN":{"attack1_00":{"x":17.15,"y":13.38,"width":427,"height":370},"attack1_01":{"x":17.15,"y":13.38,"width":427,"height":370},"attack1_02":{"x":17.15,"y":13.38,"width":427,"height":370},"attack1_03":{"x":17.15,"y":13.38,"width":427,"height":370},"attack1_04":{"x":17.15,"y":13.38,"width":427,"height":370},"attack1_05":{"x":17.15,"y":13.38,"width":427,"height":370},"back_00":{"x":0.85,"y":14.23,"width":238,"height":203},"damage_00":{"x":0.02,"y":27.63,"width":244,"height":216},"front_00":{"x":11.85,"y":29.11,"width":207,"height":225},"idle_00":{"x":6.92,"y":11,"width":267,"height":207},"idle_01":{"x":6.92,"y":11,"width":267,"height":207},"idle_02":{"x":6.92,"y":11,"width":267,"height":207},"idle_03":{"x":6.92,"y":11,"width":267,"height":207},"idle_04":{"x":6.92,"y":11,"width":267,"height":207},"skill1_00":{"x":-20,"y":38,"width":333,"height":299},"skill1_01":{"x":-20,"y":38,"width":333,"height":299},"skill1_02":{"x":-20,"y":38,"width":333,"height":299},"skill1_03":{"x":-20,"y":38,"width":333,"height":299},"skill1_04":{"x":-20,"y":38,"width":333,"height":299},"skill1_05":{"x":-20,"y":38,"width":333,"height":299},"skill1_06":{"x":-20,"y":38,"width":333,"height":299},"skill1_07":{"x":-20,"y":38,"width":333,"height":299},"skill1_08":{"x":-20,"y":38,"width":333,"height":299},"skill1_09":{"x":-20,"y":38,"width":333,"height":299},"skill1_10":{"x":-20,"y":38,"width":333,"height":299},"skill1_11":{"x":-20,"y":38,"width":333,"height":299},"skill1_12":{"x":-20,"y":38,"width":333,"height":299},"skill2_00":{"x":1,"y":43,"width":296,"height":245},"skill2_01":{"x":1,"y":43,"width":296,"height":245},"skill2_02":{"x":1,"y":43,"width":296,"height":245},"skill2_03":{"x":1,"y":43,"width":296,"height":245},"skill2_04":{"x":1,"y":43,"width":296,"height":245},"skill2_05":{"x":1,"y":43,"width":296,"height":245},"skill2_06":{"x":1,"y":43,"width":296,"height":245},"skill2_07":{"x":1,"y":43,"width":296,"height":245},"skill2_08":{"x":1,"y":43,"width":296,"height":245},"skill2_09":{"x":1,"y":43,"width":296,"height":245},"skill2_10":{"x":1,"y":43,"width":296,"height":245},"skill2_11":{"x":1,"y":43,"width":296,"height":245},"skill2_12":{"x":1,"y":43,"width":296,"height":245}},"S2_magic_water":{"EF/710_S2_magic1/magic_2water":{"type":"mesh","uvs":[1,1,0,1,0,0,1,0],"triangles":[1,2,3,1,3,0],"vertices":[150,-149.99,-150,-149.99,-150,149.99,150,149.99],"hull":4,"edges":[0,2,2,4,4,6,0,6],"width":300,"height":300}},"S2_magic_water2":{"EF/710_S2_magic1/magic_2water":{"type":"mesh","uvs":[1,1,0,1,0,0,1,0],"triangles":[1,2,3,1,3,0],"vertices":[150,-149.99,-150,-149.99,-150,149.99,150,149.99],"hull":4,"edges":[0,2,2,4,4,6,0,6],"width":300,"height":300}}}},"events":{"Event":{},"Hit":{},"Sound1":{},"Sound2":{},"Voice":{}},"animations":{"attack1":{"slots":{"DAMAGEAREA":{"attachment":[{"time":0.7,"name":null}]},"MAIN":{"attachment":[{"time":0.1,"name":"attack1_01"},{"time":0.6666,"name":"attack1_02"},{"time":0.7333,"name":"attack1_03"},{"time":0.8333,"name":"attack1_04"},{"time":0.9,"name":"attack1_05"},{"time":1.3333,"name":"idle_00"}]}},"events":[{"time":0.0333,"name":"Sound1","string":"cri_se_battle_fetters_magic"},{"time":0.6333,"name":"Event","float":0.1,"string":"kHitStopType_normal"},{"time":0.6333,"name":"Sound1","string":"setHitSound(se_battle_007_attack_hit_01)"},{"time":0.6333,"name":"Sound2","string":"cri_se_battle_arrow"},{"time":0.6666,"name":"Event","string":"addOrbitSystemShot(shot2,enpty,1)"},{"time":0.6666,"name":"Sound1","string":"cri_se_battle_skill_ice"},{"time":0.6666,"name":"Sound2","string":"cri_se_battle_gun_burst"},{"time":0.6666,"name":"Voice","string":"cri_012_voice_attack_random"}]},"back":{"slots":{"MAIN":{"attachment":[{"time":0,"name":"back_00"},{"time":0.3333,"name":"idle_01"},{"time":0.5333,"name":"idle_00"},{"time":0.6333,"name":"idle_00"}]}},"bones":{"MAIN":{"translate":[{"time":0,"x":0,"y":0,"curve":[0.471,0.63,0.654,0.74]},{"time":0.3,"x":118.55,"y":0,"curve":[0.24,0.87,0.75,1]},{"time":0.5,"x":140,"y":0}]}},"events":[{"time":0,"name":"Sound1","string":"cri_se_battle_jump"},{"time":0.3333,"name":"Sound1","string":"cri_se_battle_landing"}]},"cast":{"slots":{"MAIN":{"attachment":[{"time":0,"name":"attack1_00"},{"time":0.1,"name":"attack1_01"},{"time":0.5,"name":"attack1_02"},{"time":0.6,"name":"attack1_03"},{"time":0.6666,"name":"attack1_04"},{"time":0.7333,"name":"attack1_05"},{"time":1,"name":"idle_00"}]}},"events":[{"time":0.5,"name":"Voice","string":"cri_012_voice_item"}]},"damage":{"slots":{"MAIN":{"attachment":[{"time":0,"name":"damage_00"}]}}},"front":{"slots":{"MAIN":{"attachment":[{"time":0,"name":"front_00"},{"time":0.3,"name":"front_00"}]}}},"idle":{"slots":{"MAIN":{"attachment":[{"time":0,"name":"idle_00"},{"time":0.1666,"name":"idle_01"},{"time":0.3333,"name":"idle_02"},{"time":0.5,"name":"idle_03"},{"time":0.6666,"name":"idle_04"},{"time":0.8333,"name":"idle_00"}]}}},"skill1":{"slots":{"210_S1_wave1":{"attachment":[{"time":1,"name":"EF/210_S1_wave1/210_S1_wave1_00002"},{"time":1.0666,"name":"EF/210_S1_wave1/210_S1_wave1_00003"},{"time":1.1,"name":"EF/210_S1_wave1/210_S1_wave1_00004"},{"time":1.1666,"name":"EF/210_S1_wave1/210_S1_wave1_00005"},{"time":1.2,"name":"EF/210_S1_wave1/210_S1_wave1_00006"},{"time":1.2666,"name":"EF/210_S1_wave1/210_S1_wave1_00007"},{"time":1.3,"name":"EF/210_S1_wave1/210_S1_wave1_00008"},{"time":1.4,"name":null},{"time":1.5666,"name":"EF/210_S1_wave1/210_S1_wave1_00002"},{"time":1.6333,"name":"EF/210_S1_wave1/210_S1_wave1_00003"},{"time":1.6666,"name":"EF/210_S1_wave1/210_S1_wave1_00004"},{"time":1.7333,"name":"EF/210_S1_wave1/210_S1_wave1_00005"},{"time":1.7666,"name":"EF/210_S1_wave1/210_S1_wave1_00006"},{"time":1.8333,"name":"EF/210_S1_wave1/210_S1_wave1_00007"},{"time":1.8666,"name":"EF/210_S1_wave1/210_S1_wave1_00008"},{"time":1.9666,"name":null}],"color":[{"time":1.2666,"color":"ffffffff"},{"time":1.4,"color":"ffffff00","curve":"stepped"},{"time":1.5666,"color":"ffffffff","curve":"stepped"},{"time":1.8666,"color":"ffffffff"},{"time":1.9666,"color":"ffffff00"}]},"210_S1_wave2":{"attachment":[{"time":1.2333,"name":"EF/210_S1_wave1/210_S1_wave1_00002"},{"time":1.3,"name":"EF/210_S1_wave1/210_S1_wave1_00003"},{"time":1.3333,"name":"EF/210_S1_wave1/210_S1_wave1_00004"},{"time":1.4,"name":"EF/210_S1_wave1/210_S1_wave1_00005"},{"time":1.4333,"name":"EF/210_S1_wave1/210_S1_wave1_00006"},{"time":1.5,"name":"EF/210_S1_wave1/210_S1_wave1_00007"},{"time":1.5333,"name":"EF/210_S1_wave1/210_S1_wave1_00008"},{"time":1.6333,"name":null}],"color":[{"time":1.5,"color":"ffffffff"},{"time":1.6333,"color":"ffffff00"}]},"DAMAGEAREA":{"attachment":[{"time":1,"name":"DAMAGEAREA"},{"time":1.2666,"name":null}]},"MAIN":{"attachment":[{"time":0,"name":"skill1_00"},{"time":0.1,"name":"skill1_01"},{"time":0.2,"name":"skill1_02"},{"time":0.6333,"name":"skill1_03"},{"time":0.7,"name":"skill1_04"},{"time":0.7666,"name":"skill1_05"},{"time":0.8333,"name":"skill1_06"},{"time":0.9,"name":"skill1_07"},{"time":0.9666,"name":"skill1_08"},{"time":1.0333,"name":"skill1_09"},{"time":1.1,"name":"skill1_10"},{"time":1.1666,"name":"skill1_07"},{"time":1.2333,"name":"skill1_08"},{"time":1.3,"name":"skill1_09"},{"time":1.3666,"name":"skill1_10"},{"time":1.4333,"name":"skill1_07"},{"time":1.5,"name":"skill1_08"},{"time":1.5666,"name":"skill1_09"},{"time":1.6333,"name":"skill1_11"},{"time":1.7,"name":"skill1_12"},{"time":2.1,"name":"idle_00"}]}},"bones":{"S1_wave1":{"translate":[{"time":1,"x":0,"y":0},{"time":1.4,"x":0,"y":-13,"curve":"stepped"},{"time":1.5666,"x":0,"y":0},{"time":1.9666,"x":0,"y":-12.69}],"scale":[{"time":1,"x":1.75,"y":1.75},{"time":1.4,"x":2.185,"y":1.839,"curve":"stepped"},{"time":1.5666,"x":1.75,"y":1.75},{"time":1.9666,"x":2.177,"y":1.832}]},"S1_wave2":{"translate":[{"time":1.2333,"x":0,"y":0},{"time":1.6333,"x":0,"y":-13}],"scale":[{"time":1.2333,"x":1.75,"y":1.75},{"time":1.6333,"x":2.079,"y":1.75}]},"DAMAGEAREA":{"translate":[{"time":1,"x":-45.43,"y":224.63}],"scale":[{"time":1,"x":1.085,"y":0.925},{"time":1.2333,"x":2.277,"y":2.295}]}},"events":[{"time":0,"name":"Event","string":"setHitEffect(hit08b, 0)"},{"time":0.6666,"name":"Voice","string":"cri_012_voice_skill_all"},{"time":0.8666,"name":"Sound1","string":"setHitSound(se_battle_007_attack_hit_01)"},{"time":0.9,"name":"Sound1","string":"cri_se_battle_cure_01"},{"time":0.9,"name":"Sound2","string":"cri_se_battle_bell_tree_04"},{"time":0.9333,"name":"Event","float":0.03,"string":"kHitStopType_enemyonly"},{"time":1.0666,"name":"Event","string":"runSkillEffect"},{"time":1.1,"name":"Hit","float":1.1,"string":"resetHitList"},{"time":1.1333,"name":"Event","string":"shakeGround"},{"time":1.2333,"name":"Event","string":"kImpactType_down"},{"time":1.2333,"name":"Hit","float":1.2,"string":"resetHitList"}]},"skill2":{"slots":{"210_S1_wave1":{"attachment":[{"time":0.6666,"name":"EF/210_S1_wave1/210_S1_wave1_00002"},{"time":0.7333,"name":"EF/210_S1_wave1/210_S1_wave1_00003"},{"time":0.7666,"name":"EF/210_S1_wave1/210_S1_wave1_00004"},{"time":0.8333,"name":"EF/210_S1_wave1/210_S1_wave1_00005"},{"time":0.8666,"name":"EF/210_S1_wave1/210_S1_wave1_00006"},{"time":0.9333,"name":"EF/210_S1_wave1/210_S1_wave1_00007"},{"time":0.9666,"name":"EF/210_S1_wave1/210_S1_wave1_00008"},{"time":1.0666,"name":null},{"time":1.6,"name":"EF/210_S1_wave1/210_S1_wave1_00002"},{"time":1.6666,"name":"EF/210_S1_wave1/210_S1_wave1_00003"},{"time":1.7,"name":"EF/210_S1_wave1/210_S1_wave1_00004"},{"time":1.7666,"name":"EF/210_S1_wave1/210_S1_wave1_00005"},{"time":1.8,"name":"EF/210_S1_wave1/210_S1_wave1_00006"},{"time":1.8666,"name":"EF/210_S1_wave1/210_S1_wave1_00007"},{"time":1.9,"name":"EF/210_S1_wave1/210_S1_wave1_00008"},{"time":2,"name":null},{"time":2.1333,"name":"EF/210_S1_wave1/210_S1_wave1_00002"},{"time":2.2,"name":"EF/210_S1_wave1/210_S1_wave1_00003"},{"time":2.2333,"name":"EF/210_S1_wave1/210_S1_wave1_00004"},{"time":2.2666,"name":"EF/210_S1_wave1/210_S1_wave1_00005"},{"time":2.3,"name":"EF/210_S1_wave1/210_S1_wave1_00006"},{"time":2.3666,"name":"EF/210_S1_wave1/210_S1_wave1_00007"},{"time":2.4,"name":"EF/210_S1_wave1/210_S1_wave1_00008"},{"time":2.5,"name":null}],"color":[{"time":0.9333,"color":"ffffffff"},{"time":1.0666,"color":"ffffff00","curve":"stepped"},{"time":1.6,"color":"ffffffff","curve":"stepped"},{"time":1.8666,"color":"ffffffff"},{"time":2,"color":"ffffff00","curve":"stepped"},{"time":2.1333,"color":"ffffffff","curve":"stepped"},{"time":2.3666,"color":"ffffffff"},{"time":2.5,"color":"ffffff00"}]},"210_S1_wave2":{"attachment":[{"time":1.8333,"name":"EF/210_S1_wave1/210_S1_wave1_00002"},{"time":1.9,"name":"EF/210_S1_wave1/210_S1_wave1_00003"},{"time":1.9333,"name":"EF/210_S1_wave1/210_S1_wave1_00004"},{"time":2,"name":"EF/210_S1_wave1/210_S1_wave1_00005"},{"time":2.0333,"name":"EF/210_S1_wave1/210_S1_wave1_00006"},{"time":2.1,"name":"EF/210_S1_wave1/210_S1_wave1_00007"},{"time":2.1333,"name":"EF/210_S1_wave1/210_S1_wave1_00008"},{"time":2.2333,"name":null}],"color":[{"time":2.1,"color":"ffffffff"},{"time":2.2333,"color":"ffffff00"}]},"DAMAGEAREA":{"attachment":[{"time":1.6666,"name":"DAMAGEAREA"},{"time":2.2,"name":null}]},"MAIN":{"attachment":[{"time":0,"name":"skill2_00"},{"time":0.1333,"name":"skill2_01"},{"time":0.2,"name":"skill2_02"},{"time":0.6,"name":"skill2_03"},{"time":0.6666,"name":"skill2_04"},{"time":0.7666,"name":"skill2_05"},{"time":0.8666,"name":"skill2_06"},{"time":0.9666,"name":"skill2_07"},{"time":1.5,"name":"skill2_08"},{"time":1.6,"name":"skill2_09"},{"time":1.7,"name":"skill2_10"},{"time":1.8,"name":"skill2_08"},{"time":1.9,"name":"skill2_09"},{"time":2,"name":"skill2_10"},{"time":2.1,"name":"skill2_08"},{"time":2.2,"name":"skill2_11"},{"time":2.3,"name":"skill2_12"},{"time":2.8,"name":"idle_00"}]},"S2_magic_water":{"attachment":[{"time":0.6666,"name":"EF/710_S2_magic1/magic_2water"}],"color":[{"time":2.5,"color":"ffffffff"},{"time":2.8,"color":"ffffff00"}]},"S2_magic_water2":{"attachment":[{"time":0.6666,"name":null},{"time":0.9666,"name":"EF/710_S2_magic1/magic_2water"}],"color":[{"time":0.9666,"color":"ffffffff"},{"time":1.3,"color":"ffffff00"}]}},"bones":{"S1_wave1":{"translate":[{"time":0.6666,"x":0,"y":0},{"time":1.0666,"x":0,"y":-0.69,"curve":"stepped"},{"time":1.6,"x":0,"y":5.5},{"time":2,"x":0,"y":-2.5,"curve":"stepped"},{"time":2.1333,"x":0,"y":5.5},{"time":2.5,"x":0,"y":-2.5}],"scale":[{"time":0.6666,"x":1.75,"y":1.75},{"time":1.0666,"x":2.217,"y":1.866,"curve":"stepped"},{"time":1.6,"x":1.75,"y":1.75},{"time":2,"x":2.203,"y":1.855,"curve":"stepped"},{"time":2.1333,"x":1.75,"y":1.75},{"time":2.5,"x":2.133,"y":1.797}]},"S2_magic1":{"translate":[{"time":2.4,"x":0,"y":0}],"scale":[{"time":0.6666,"x":0.7,"y":0.145},{"time":0.9333,"x":0.802,"y":0.174,"curve":"stepped"},{"time":2.5,"x":0.802,"y":0.174,"curve":"stepped"},{"time":2.8,"x":0.192,"y":0.041}]},"S2_magic2":{"scale":[{"time":0.6666,"x":0.7,"y":0.15},{"time":0.9333,"x":0.805,"y":0.175},{"time":1.1666,"x":1.323,"y":0.297},{"time":1.3,"x":1.689,"y":0.379}]},"S1_wave2":{"translate":[{"time":1.8333,"x":0,"y":5.5},{"time":2.2333,"x":0,"y":-2.5}],"scale":[{"time":1.8333,"x":1.75,"y":1.75},{"time":2.2333,"x":2.02,"y":1.719}]},"DAMAGEAREA":{"translate":[{"time":1.6666,"x":-36.44,"y":214.81,"curve":"stepped"},{"time":1.9666,"x":-36.44,"y":214.81}],"scale":[{"time":1.6666,"x":1.908,"y":1.99},{"time":1.8666,"x":2.998,"y":2.79,"curve":"stepped"},{"time":1.9666,"x":2.937,"y":1.675},{"time":2.1666,"x":1.743,"y":1.627}]}},"ffd":{"default":{"S2_magic_water":{"EF/710_S2_magic1/magic_2water":[{"time":0.6666},{"time":0.9333,"vertices":[-5.38613,-5.19506,-5.19506,5.38615,5.38613,5.19506,5.19506,-5.38615]},{"time":2.8,"vertices":[-65.94616,-44.73337,-44.73333,65.94619,65.94616,44.73337,44.73333,-65.94619]}]},"S2_magic_water2":{"EF/710_S2_magic1/magic_2water":[{"time":0.9666,"vertices":[-7.40942,-7.01678,-7.01676,7.40942,7.40942,7.01678,7.01678,-7.40942]},{"time":1.3,"vertices":[-16.61186,-14.89891,-14.89889,16.61186,16.61186,14.89891,14.89891,-16.61186]}]}}},"events":[{"time":0,"name":"Event","string":"setHitEffect(hit08b, 0)"},{"time":0,"name":"Voice","string":"cri_012_voice_fullarts_now"},{"time":0.6666,"name":"Sound1","string":"cri_se_battle_magic_Invocation_dark"},{"time":1.4666,"name":"Sound1","string":"setHitSound(se_battle_007_attack_hit_01)"},{"time":1.5,"name":"Voice","string":"cri_012_voice_fullarts_rank1"},{"time":1.5333,"name":"Sound1","string":"cri_se_battle_cure_02"},{"time":1.5333,"name":"Sound2","string":"cri_se_battle_lightning"},{"time":1.5666,"name":"Sound1","string":"cri_se_battle_bell_tree_04"},{"time":1.6333,"name":"Event","float":0.9,"string":"shakeGround_Loop"},{"time":1.6666,"name":"Event","string":"kImpactType_knock"},{"time":1.7,"name":"Event","float":0.3,"string":"kHitStopType_normal\t"},{"time":1.7333,"name":"Hit","string":"resetHitList"},{"time":1.7666,"name":"Event","string":"kImpactType_knock"},{"time":1.8,"name":"Hit","float":1.1,"string":"resetHitList"},{"time":1.8666,"name":"Hit","float":1.1,"string":"resetHitList"},{"time":1.9,"name":"Event","string":"runSkillEffect"},{"time":1.9333,"name":"Hit","float":1.2,"string":"resetHitList"},{"time":2,"name":"Hit","string":"resetHitList"},{"time":2.0333,"name":"Hit","float":0.95,"string":"resetHitList"},{"time":2.0666,"name":"Hit","float":0.9,"string":"resetHitList"},{"time":2.1,"name":"Hit","float":0.85,"string":"resetHitList"},{"time":2.1333,"name":"Hit","float":0.8,"string":"resetHitList"}]}}}