{"skeleton":{"hash":"Lu/QoXO0g3SK7pBuaqERnq10XH4","spine":"3.0.12","width":0,"height":0,"images":"./images2/"},"bones":[{"name":"root"},{"name":"grid","parent":"root","scaleX":1.1,"scaleY":1.1},{"name":"MAIN","parent":"root","y":106.47},{"name":"SHADOW-OFFSET","parent":"MAIN","y":-106.47,"scaleX":2,"scaleY":2},{"name":"HPBAR","parent":"MAIN","x":-1.63,"y":163.93},{"name":"HITBOX","parent":"MAIN","y":-106.47},{"name":"EF3","parent":"root","x":628.63,"y":231.47,"scaleX":1.5,"scaleY":1.5},{"name":"EF2","parent":"root","x":583.04,"y":231.47,"scaleX":1.5,"scaleY":1.5},{"name":"EF1","parent":"root","x":538.79,"y":231.47,"scaleX":1.5,"scaleY":1.5},{"name":"DAMAGEAREA","parent":"root"},{"name":"670_S2_wave2_re","parent":"root","scaleX":2.5,"scaleY":2.5},{"name":"670_S2_shine1","parent":"root","scaleX":3.2,"scaleY":3.2},{"name":"670_S2_ene2_re","parent":"root","scaleX":1.55,"scaleY":1.55},{"name":"670_S2_ene1_re","parent":"root","scaleX":2.2,"scaleY":2.2},{"name":"370_S1_wave1_re2","parent":"root","scaleX":2.8,"scaleY":2.8},{"name":"370_S1_wave1_re","parent":"root","scaleX":2.8,"scaleY":2.8}],"slots":[{"name":"grid/bg","bone":"grid","color":"ffffff95"},{"name":"grid/grid","bone":"grid","color":"ffffff95"},{"name":"EF/370_S1_wave1/370_S1_wave1_0","bone":"370_S1_wave1_re","blend":"additive"},{"name":"EF/370_S1_wave1/370_S1_wave1_1","bone":"370_S1_wave1_re2","blend":"additive"},{"name":"EF/670_S2_ene1/670_S2_ene1_1","bone":"670_S2_ene1_re","blend":"additive"},{"name":"EF/670_S2_ene2/670_S2_ene2_0","bone":"670_S2_ene2_re","blend":"additive"},{"name":"EF/670_S2_shine1/670_S2_shine1_00000","bone":"670_S2_shine1","blend":"additive"},{"name":"EF/670_S2_wave2/670_S2_wave2_6","bone":"670_S2_wave2_re","blend":"additive"},{"name":"MAIN","bone":"MAIN","attachment":"idle_00"},{"name":"EF/EF_idle/ef_00","bone":"EF1","blend":"additive"},{"name":"EF/EF_idle/ef_0","bone":"EF2","blend":"additive"},{"name":"EF/EF_idle/ef_1","bone":"EF3","blend":"additive"},{"name":"DAMAGEAREA","bone":"DAMAGEAREA"},{"name":"HITBOX","bone":"HITBOX","attachment":"HITBOX"}],"skins":{"default":{"DAMAGEAREA":{"DAMAGEAREA":{"type":"boundingbox","vertices":[-107.8903,107.73404,-107.97533,-108.41276,107.69448,-107.86677,108.28615,107.15625,0,0,0,0,0,0,0,0]}},"EF/370_S1_wave1/370_S1_wave1_0":{"EF/370_S1_wave1/370_S1_wave1_00001":{"y":16.07,"width":320,"height":320},"EF/370_S1_wave1/370_S1_wave1_00004":{"y":16.07,"width":320,"height":320},"EF/370_S1_wave1/370_S1_wave1_00006":{"y":16.07,"width":320,"height":320},"EF/370_S1_wave1/370_S1_wave1_00009":{"y":16.07,"width":320,"height":320},"EF/370_S1_wave1/370_S1_wave1_00010":{"y":16.07,"width":320,"height":320}},"EF/370_S1_wave1/370_S1_wave1_1":{"EF/370_S1_wave1/370_S1_wave1_00001":{"y":16.07,"width":320,"height":320},"EF/370_S1_wave1/370_S1_wave1_00004":{"y":16.07,"width":320,"height":320},"EF/370_S1_wave1/370_S1_wave1_00006":{"y":16.07,"width":320,"height":320},"EF/370_S1_wave1/370_S1_wave1_00009":{"y":16.07,"width":320,"height":320},"EF/370_S1_wave1/370_S1_wave1_00010":{"y":16.07,"width":320,"height":320}},"EF/670_S2_ene1/670_S2_ene1_1":{"EF/670_S2_ene1/670_S2_ene1_00018":{"y":136.36,"width":320,"height":320},"EF/670_S2_ene1/670_S2_ene1_00024":{"y":136.36,"width":320,"height":320}},"EF/670_S2_ene2/670_S2_ene2_0":{"EF/670_S2_ene2/670_S2_ene2_00003":{"x":17.5,"y":125,"width":320,"height":320},"EF/670_S2_ene2/670_S2_ene2_00004":{"x":17.5,"y":125,"width":320,"height":320},"EF/670_S2_ene2/670_S2_ene2_00005":{"x":17.5,"y":125,"width":320,"height":320},"EF/670_S2_ene2/670_S2_ene2_00006":{"x":17.5,"y":125,"width":320,"height":320},"EF/670_S2_ene2/670_S2_ene2_00007":{"x":17.5,"y":125,"width":320,"height":320},"EF/670_S2_ene2/670_S2_ene2_00008":{"x":17.5,"y":125,"width":320,"height":320},"EF/670_S2_ene2/670_S2_ene2_00009":{"x":17.5,"y":125,"width":320,"height":320},"EF/670_S2_ene2/670_S2_ene2_00010":{"x":17.5,"y":125,"width":320,"height":320},"EF/670_S2_ene2/670_S2_ene2_00020":{"x":17.5,"y":125,"width":320,"height":320},"EF/670_S2_ene2/670_S2_ene2_00021":{"x":17.5,"y":125,"width":320,"height":320},"EF/670_S2_ene2/670_S2_ene2_00022":{"x":17.5,"y":125,"width":320,"height":320},"EF/670_S2_ene2/670_S2_ene2_00023":{"x":17.5,"y":125,"width":320,"height":320},"EF/670_S2_ene2/670_S2_ene2_00024":{"x":17.5,"y":125,"width":320,"height":320}},"EF/670_S2_shine1/670_S2_shine1_00000":{"EF/670_S2_shine1/670_S2_shine1_00000":{"width":320,"height":320}},"EF/670_S2_wave2/670_S2_wave2_6":{"EF/670_S2_wave2/670_S2_wave2_00006":{"width":320,"height":320},"EF/670_S2_wave2/670_S2_wave2_00007":{"width":320,"height":320},"EF/670_S2_wave2/670_S2_wave2_00008":{"width":320,"height":320},"EF/670_S2_wave2/670_S2_wave2_00009":{"width":320,"height":320},"EF/670_S2_wave2/670_S2_wave2_00010":{"width":320,"height":320},"EF/670_S2_wave2/670_S2_wave2_00011":{"width":320,"height":320},"EF/670_S2_wave2/670_S2_wave2_00012":{"width":320,"height":320}},"EF/EF_idle/ef_0":{"EF/EF_idle/ef_00":{"x":-2.26,"y":-23.72,"width":293,"height":141},"EF/EF_idle/ef_05":{"x":-2.28,"y":-23.72,"width":293,"height":141},"EF/EF_idle/ef_06":{"x":-2.28,"y":-23.72,"width":293,"height":141},"EF/EF_idle/ef_07":{"x":-2.28,"y":-23.72,"width":293,"height":141},"EF/EF_idle/ef_08":{"x":-2.28,"y":-23.72,"width":293,"height":141},"EF/EF_idle/ef_09":{"x":-2.28,"y":-23.72,"width":293,"height":141},"EF/EF_idle/ef_10":{"x":-2.28,"y":-23.72,"width":293,"height":141},"EF/EF_idle/ef_11":{"x":-2.28,"y":-23.72,"width":293,"height":141},"EF/EF_idle/ef_12":{"x":-2.28,"y":-23.72,"width":293,"height":141},"EF/EF_idle/ef_13":{"x":-2.28,"y":-23.72,"width":293,"height":141},"EF/EF_idle/ef_14":{"x":-2.28,"y":-23.72,"width":293,"height":141},"EF/EF_idle/ef_15":{"x":-2.28,"y":-23.72,"width":293,"height":141},"EF/EF_idle/ef_16":{"x":-2.28,"y":-23.72,"width":293,"height":141},"EF/EF_idle/ef_17":{"x":-2.28,"y":-23.72,"width":293,"height":141},"EF/EF_idle/ef_18":{"x":-2.28,"y":-23.72,"width":293,"height":141},"EF/EF_idle/ef_19":{"x":-2.28,"y":-23.72,"width":293,"height":141},"EF/EF_idle/ef_20":{"x":-2.28,"y":-23.72,"width":293,"height":141},"EF/EF_idle/ef_21":{"x":-2.28,"y":-23.72,"width":293,"height":141},"EF/EF_idle/ef_22":{"x":-2.28,"y":-23.72,"width":293,"height":141},"EF/EF_idle/ef_23":{"x":-2.28,"y":-23.72,"width":293,"height":141},"EF/EF_idle/ef_24":{"x":-2.28,"y":-23.72,"width":293,"height":141},"EF/EF_idle/ef_25":{"x":-2.28,"y":-23.72,"width":293,"height":141},"EF/EF_idle/ef_26":{"x":-2.28,"y":-23.72,"width":293,"height":141},"EF/EF_idle/ef_27":{"x":-2.28,"y":-23.72,"width":293,"height":141},"EF/EF_idle/ef_28":{"x":-2.28,"y":-23.72,"width":293,"height":141},"EF/EF_idle/ef_29":{"x":-2.28,"y":-23.72,"width":293,"height":141},"EF/EF_idle/ef_31":{"x":-2.28,"y":-23.72,"width":293,"height":141},"EF/EF_idle/ef_33":{"x":-2.28,"y":-23.72,"width":293,"height":141},"EF/EF_idle/ef_35":{"x":-2.28,"y":-23.72,"width":293,"height":141}},"EF/EF_idle/ef_00":{"EF/EF_idle/ef_00":{"x":-2.26,"y":-23.72,"width":293,"height":141},"EF/EF_idle/ef_05":{"x":-2.28,"y":-23.72,"width":293,"height":141},"EF/EF_idle/ef_06":{"x":-2.28,"y":-23.72,"width":293,"height":141},"EF/EF_idle/ef_07":{"x":-2.28,"y":-23.72,"width":293,"height":141},"EF/EF_idle/ef_08":{"x":-2.28,"y":-23.72,"width":293,"height":141},"EF/EF_idle/ef_09":{"x":-2.28,"y":-23.72,"width":293,"height":141},"EF/EF_idle/ef_10":{"x":-2.28,"y":-23.72,"width":293,"height":141},"EF/EF_idle/ef_11":{"x":-2.28,"y":-23.72,"width":293,"height":141},"EF/EF_idle/ef_12":{"x":-2.28,"y":-23.72,"width":293,"height":141},"EF/EF_idle/ef_13":{"x":-2.28,"y":-23.72,"width":293,"height":141},"EF/EF_idle/ef_14":{"x":-2.28,"y":-23.72,"width":293,"height":141},"EF/EF_idle/ef_15":{"x":-2.28,"y":-23.72,"width":293,"height":141},"EF/EF_idle/ef_16":{"x":-2.28,"y":-23.72,"width":293,"height":141},"EF/EF_idle/ef_17":{"x":-2.28,"y":-23.72,"width":293,"height":141},"EF/EF_idle/ef_18":{"x":-2.28,"y":-23.72,"width":293,"height":141},"EF/EF_idle/ef_19":{"x":-2.28,"y":-23.72,"width":293,"height":141},"EF/EF_idle/ef_20":{"x":-2.28,"y":-23.72,"width":293,"height":141},"EF/EF_idle/ef_21":{"x":-2.28,"y":-23.72,"width":293,"height":141},"EF/EF_idle/ef_22":{"x":-2.28,"y":-23.72,"width":293,"height":141},"EF/EF_idle/ef_23":{"x":-2.28,"y":-23.72,"width":293,"height":141},"EF/EF_idle/ef_24":{"x":-2.28,"y":-23.72,"width":293,"height":141},"EF/EF_idle/ef_25":{"x":-2.28,"y":-23.72,"width":293,"height":141},"EF/EF_idle/ef_26":{"x":-2.28,"y":-23.72,"width":293,"height":141},"EF/EF_idle/ef_27":{"x":-2.28,"y":-23.72,"width":293,"height":141},"EF/EF_idle/ef_28":{"x":-2.28,"y":-23.72,"width":293,"height":141},"EF/EF_idle/ef_29":{"x":-2.28,"y":-23.72,"width":293,"height":141},"EF/EF_idle/ef_31":{"x":-2.28,"y":-23.72,"width":293,"height":141},"EF/EF_idle/ef_33":{"x":-2.28,"y":-23.72,"width":293,"height":141},"EF/EF_idle/ef_35":{"x":-2.28,"y":-23.72,"width":293,"height":141}},"EF/EF_idle/ef_1":{"EF/EF_idle/ef_00":{"x":-2.26,"y":-23.72,"width":293,"height":141},"EF/EF_idle/ef_05":{"x":-2.28,"y":-23.72,"width":293,"height":141},"EF/EF_idle/ef_06":{"x":-2.28,"y":-23.72,"width":293,"height":141},"EF/EF_idle/ef_07":{"x":-2.28,"y":-23.72,"width":293,"height":141},"EF/EF_idle/ef_08":{"x":-2.28,"y":-23.72,"width":293,"height":141},"EF/EF_idle/ef_09":{"x":-2.28,"y":-23.72,"width":293,"height":141},"EF/EF_idle/ef_10":{"x":-2.28,"y":-23.72,"width":293,"height":141},"EF/EF_idle/ef_11":{"x":-2.28,"y":-23.72,"width":293,"height":141},"EF/EF_idle/ef_12":{"x":-2.28,"y":-23.72,"width":293,"height":141},"EF/EF_idle/ef_13":{"x":-2.28,"y":-23.72,"width":293,"height":141},"EF/EF_idle/ef_14":{"x":-2.28,"y":-23.72,"width":293,"height":141},"EF/EF_idle/ef_15":{"x":-2.28,"y":-23.72,"width":293,"height":141},"EF/EF_idle/ef_16":{"x":-2.28,"y":-23.72,"width":293,"height":141},"EF/EF_idle/ef_17":{"x":-2.28,"y":-23.72,"width":293,"height":141},"EF/EF_idle/ef_18":{"x":-2.28,"y":-23.72,"width":293,"height":141},"EF/EF_idle/ef_19":{"x":-2.28,"y":-23.72,"width":293,"height":141},"EF/EF_idle/ef_20":{"x":-2.28,"y":-23.72,"width":293,"height":141},"EF/EF_idle/ef_21":{"x":-2.28,"y":-23.72,"width":293,"height":141},"EF/EF_idle/ef_22":{"x":-2.28,"y":-23.72,"width":293,"height":141},"EF/EF_idle/ef_23":{"x":-2.28,"y":-23.72,"width":293,"height":141},"EF/EF_idle/ef_24":{"x":-2.28,"y":-23.72,"width":293,"height":141},"EF/EF_idle/ef_25":{"x":-2.28,"y":-23.72,"width":293,"height":141},"EF/EF_idle/ef_26":{"x":-2.28,"y":-23.72,"width":293,"height":141},"EF/EF_idle/ef_27":{"x":-2.28,"y":-23.72,"width":293,"height":141},"EF/EF_idle/ef_28":{"x":-2.28,"y":-23.72,"width":293,"height":141},"EF/EF_idle/ef_29":{"x":-2.28,"y":-23.72,"width":293,"height":141},"EF/EF_idle/ef_31":{"x":-2.28,"y":-23.72,"width":293,"height":141},"EF/EF_idle/ef_33":{"x":-2.28,"y":-23.72,"width":293,"height":141},"EF/EF_idle/ef_35":{"x":-2.28,"y":-23.72,"width":293,"height":141}},"HITBOX":{"HITBOX":{"type":"boundingbox","vertices":[-106.65145,210.77576,-107.10046,26.23699,97.6433,25.788,99.43927,210.32674,0,0,0,0,0,0,0,0]}},"MAIN":{"idle_00":{"x":8.5,"y":33.52,"width":310,"height":282},"idle_01":{"x":8.5,"y":33.52,"width":310,"height":282},"idle_02":{"x":8.5,"y":33.52,"width":310,"height":282},"idle_03":{"x":8.5,"y":33.52,"width":310,"height":282},"idle_04":{"x":8.5,"y":33.52,"width":310,"height":282}}}},"events":{"Event":{},"Hit":{},"HitEffect":{},"Sound1":{},"Sound2":{},"Sound3":{},"Voice":{}},"animations":{"attack1":{"slots":{"DAMAGEAREA":{"attachment":[{"time":0.8666,"name":"DAMAGEAREA"},{"time":0.9666,"name":null}]},"MAIN":{"attachment":[{"time":0,"name":"idle_00"},{"time":0.2,"name":"idle_01"},{"time":0.4,"name":"idle_02"},{"time":0.6,"name":"idle_03"},{"time":0.8,"name":"idle_04"},{"time":1,"name":"idle_00"},{"time":1.2,"name":"idle_01"},{"time":1.4,"name":"idle_02"}]}},"bones":{"DAMAGEAREA":{"translate":[{"time":0.8666,"x":-517.4,"y":117.53}],"scale":[{"time":0.8666,"x":4.792,"y":0.489}]}},"events":[{"time":0,"name":"HitEffect","string":"setHitEffect(hit02c,1,0.75,1)"},{"time":0.0333,"name":"Event","float":0.2,"string":"kHitStopType_enemyonly"},{"time":0.2,"name":"Sound1","string":"cri_se_battle_charge"},{"time":0.2,"name":"Voice","string":"cri_058_voice_attack_random"},{"time":0.8,"name":"Sound1","string":"cri_se_battle_beam"},{"time":0.9,"name":"Hit","string":"resetHitList"}]},"back":{"slots":{"MAIN":{"attachment":[{"time":0,"name":"idle_00"},{"time":0.2,"name":"idle_01"},{"time":0.4,"name":"idle_02"},{"time":0.6,"name":"idle_03"},{"time":0.8,"name":"idle_04"},{"time":1,"name":"idle_00"},{"time":1.2,"name":"idle_00"}]}},"bones":{"MAIN":{"translate":[{"time":0,"x":0,"y":0},{"time":1.2,"x":140,"y":0}]}}},"cast":{"slots":{"MAIN":{"attachment":[{"time":0,"name":"idle_00"},{"time":0.2,"name":"idle_01"},{"time":0.4,"name":"idle_02"},{"time":0.6,"name":"idle_03"},{"time":0.8,"name":"idle_04"},{"time":1,"name":"idle_00"}]}},"events":[{"time":0,"name":"Voice","string":"cri_058_voice_attack_b"}]},"damage":{"slots":{"MAIN":{"attachment":[{"time":0,"name":"idle_03"}]}}},"front":{"slots":{"MAIN":{"attachment":[{"time":0,"name":"idle_00"},{"time":0.2,"name":"idle_01"},{"time":0.4,"name":"idle_02"},{"time":0.6,"name":"idle_03"},{"time":0.8,"name":"idle_04"},{"time":1,"name":"idle_00"}]}},"bones":{"EF1":{"rotate":[{"time":0,"angle":24.76}]}}},"idle":{"slots":{"EF/EF_idle/ef_00":{"attachment":[{"time":0,"name":"EF/EF_idle/ef_00"},{"time":0.0333,"name":"EF/EF_idle/ef_05"},{"time":0.0666,"name":"EF/EF_idle/ef_06"},{"time":0.1,"name":"EF/EF_idle/ef_07"},{"time":0.1666,"name":"EF/EF_idle/ef_08"},{"time":0.2333,"name":"EF/EF_idle/ef_09"},{"time":0.3,"name":"EF/EF_idle/ef_10"},{"time":0.3666,"name":"EF/EF_idle/ef_11"},{"time":0.4333,"name":"EF/EF_idle/ef_12"},{"time":0.5,"name":"EF/EF_idle/ef_13"},{"time":0.5666,"name":"EF/EF_idle/ef_14"},{"time":0.6333,"name":"EF/EF_idle/ef_15"},{"time":0.7,"name":"EF/EF_idle/ef_16"},{"time":0.7666,"name":"EF/EF_idle/ef_17"},{"time":0.8333,"name":"EF/EF_idle/ef_18"},{"time":0.9,"name":"EF/EF_idle/ef_19"},{"time":0.9666,"name":"EF/EF_idle/ef_20"},{"time":1.0333,"name":"EF/EF_idle/ef_21"},{"time":1.1,"name":"EF/EF_idle/ef_22"},{"time":1.1666,"name":"EF/EF_idle/ef_23"},{"time":1.2333,"name":"EF/EF_idle/ef_24"},{"time":1.3,"name":"EF/EF_idle/ef_25"},{"time":1.3666,"name":"EF/EF_idle/ef_26"},{"time":1.4,"name":"EF/EF_idle/ef_27"},{"time":1.4333,"name":"EF/EF_idle/ef_28"},{"time":1.4666,"name":"EF/EF_idle/ef_29"},{"time":1.5,"name":"EF/EF_idle/ef_31"},{"time":1.5333,"name":"EF/EF_idle/ef_33"},{"time":1.5666,"name":"EF/EF_idle/ef_35"},{"time":1.6,"name":null}],"color":[{"time":0,"color":"ffffff00"},{"time":0.1666,"color":"ffffffff"},{"time":0.3,"color":"ffffff24"},{"time":0.4,"color":"ffffffff"},{"time":0.5333,"color":"ffffff24","curve":"stepped"},{"time":0.9333,"color":"ffffff24"},{"time":1.0666,"color":"ffffffff"},{"time":1.2,"color":"ffffff24"},{"time":1.3333,"color":"ffffffff"},{"time":1.4666,"color":"ffffff24"},{"time":1.6,"color":"ffffffff"}]},"EF/EF_idle/ef_0":{"attachment":[{"time":0.1666,"name":"EF/EF_idle/ef_00"},{"time":0.2,"name":"EF/EF_idle/ef_05"},{"time":0.2333,"name":"EF/EF_idle/ef_06"},{"time":0.2666,"name":"EF/EF_idle/ef_07"},{"time":0.3333,"name":"EF/EF_idle/ef_08"},{"time":0.4,"name":"EF/EF_idle/ef_09"},{"time":0.4666,"name":"EF/EF_idle/ef_10"},{"time":0.5333,"name":"EF/EF_idle/ef_11"},{"time":0.6,"name":"EF/EF_idle/ef_12"},{"time":0.6666,"name":"EF/EF_idle/ef_13"},{"time":0.7333,"name":"EF/EF_idle/ef_14"},{"time":0.8,"name":"EF/EF_idle/ef_15"},{"time":0.8666,"name":"EF/EF_idle/ef_16"},{"time":0.9333,"name":"EF/EF_idle/ef_17"},{"time":1,"name":"EF/EF_idle/ef_18"},{"time":1.0666,"name":"EF/EF_idle/ef_19"},{"time":1.1333,"name":"EF/EF_idle/ef_20"},{"time":1.2,"name":"EF/EF_idle/ef_21"},{"time":1.2666,"name":"EF/EF_idle/ef_22"},{"time":1.3333,"name":"EF/EF_idle/ef_23"},{"time":1.4,"name":"EF/EF_idle/ef_24"},{"time":1.4666,"name":"EF/EF_idle/ef_25"},{"time":1.5333,"name":"EF/EF_idle/ef_26"},{"time":1.5666,"name":"EF/EF_idle/ef_27"},{"time":1.6,"name":"EF/EF_idle/ef_28"},{"time":1.6333,"name":"EF/EF_idle/ef_29"},{"time":1.6666,"name":"EF/EF_idle/ef_31"},{"time":1.7,"name":"EF/EF_idle/ef_33"},{"time":1.7333,"name":"EF/EF_idle/ef_35"},{"time":1.7666,"name":null}],"color":[{"time":0.1666,"color":"ffffff7b"},{"time":0.4333,"color":"ffffffff"},{"time":0.6333,"color":"ffffff1a","curve":"stepped"},{"time":1.0333,"color":"ffffff1a"},{"time":1.1666,"color":"ffffffff"},{"time":1.3,"color":"ffffff2d"},{"time":1.4333,"color":"ffffffff"},{"time":1.5666,"color":"ffffff2d"},{"time":1.7,"color":"ffffffff"},{"time":1.8333,"color":"ffffff2d"}]},"EF/EF_idle/ef_1":{"attachment":[{"time":0.3333,"name":"EF/EF_idle/ef_00"},{"time":0.3666,"name":"EF/EF_idle/ef_05"},{"time":0.4,"name":"EF/EF_idle/ef_06"},{"time":0.4333,"name":"EF/EF_idle/ef_07"},{"time":0.5,"name":"EF/EF_idle/ef_08"},{"time":0.5666,"name":"EF/EF_idle/ef_09"},{"time":0.6333,"name":"EF/EF_idle/ef_10"},{"time":0.7,"name":"EF/EF_idle/ef_11"},{"time":0.7666,"name":"EF/EF_idle/ef_12"},{"time":0.8333,"name":"EF/EF_idle/ef_13"},{"time":0.9,"name":"EF/EF_idle/ef_14"},{"time":0.9666,"name":"EF/EF_idle/ef_15"},{"time":1.0333,"name":"EF/EF_idle/ef_16"},{"time":1.1,"name":"EF/EF_idle/ef_17"},{"time":1.1666,"name":"EF/EF_idle/ef_18"},{"time":1.2333,"name":"EF/EF_idle/ef_19"},{"time":1.3,"name":"EF/EF_idle/ef_20"},{"time":1.3666,"name":"EF/EF_idle/ef_21"},{"time":1.4333,"name":"EF/EF_idle/ef_22"},{"time":1.5,"name":"EF/EF_idle/ef_23"},{"time":1.5666,"name":"EF/EF_idle/ef_24"},{"time":1.6333,"name":"EF/EF_idle/ef_25"},{"time":1.7,"name":"EF/EF_idle/ef_26"},{"time":1.7333,"name":"EF/EF_idle/ef_27"},{"time":1.7666,"name":"EF/EF_idle/ef_28"},{"time":1.8,"name":"EF/EF_idle/ef_29"},{"time":1.8333,"name":"EF/EF_idle/ef_31"},{"time":1.8666,"name":"EF/EF_idle/ef_33"},{"time":1.9,"name":"EF/EF_idle/ef_35"},{"time":1.9333,"name":null}],"color":[{"time":0.3333,"color":"ffffff00"},{"time":0.6,"color":"ffffffff"},{"time":0.7333,"color":"ffffff21","curve":"stepped"},{"time":1.1333,"color":"ffffff21"},{"time":1.2666,"color":"ffffffff"},{"time":1.4,"color":"ffffff2e"},{"time":1.5333,"color":"ffffffff"},{"time":1.6666,"color":"ffffff2e"},{"time":1.8,"color":"ffffffff"},{"time":1.9333,"color":"ffffff2e"}]},"MAIN":{"attachment":[{"time":0,"name":"idle_00"},{"time":0.2,"name":"idle_01"},{"time":0.4,"name":"idle_02"},{"time":0.6,"name":"idle_03"},{"time":0.8,"name":"idle_04"},{"time":1,"name":"idle_00"},{"time":1.2,"name":"idle_01"},{"time":1.4,"name":"idle_02"},{"time":1.6,"name":"idle_03"},{"time":1.8,"name":"idle_04"},{"time":2,"name":"idle_00"}]}},"bones":{"MAIN":{"rotate":[{"time":0,"angle":-0.36}]},"EF1":{"rotate":[{"time":0,"angle":24.76}],"translate":[{"time":0,"x":-536.98,"y":-94.81},{"time":0.5,"x":-538.06,"y":-84.05}],"scale":[{"time":0,"x":0.733,"y":0.733}]},"EF2":{"rotate":[{"time":0.1666,"angle":-118.62}],"translate":[{"time":0.1666,"x":-578.48,"y":-133.9},{"time":1.5,"x":-551.91,"y":-112.74}],"scale":[{"time":0.1666,"x":0.733,"y":0.733}]},"EF3":{"rotate":[{"time":0.3333,"angle":147.72}],"translate":[{"time":0.3333,"x":-639.43,"y":-124.6}],"scale":[{"time":0.3333,"x":0.733,"y":0.733}]}}},"skill1":{"slots":{"DAMAGEAREA":{"attachment":[{"time":0.9333,"name":"DAMAGEAREA"},{"time":1.8666,"name":null}]},"EF/370_S1_wave1/370_S1_wave1_0":{"attachment":[{"time":0.8666,"name":"EF/370_S1_wave1/370_S1_wave1_00001"},{"time":0.9,"name":"EF/370_S1_wave1/370_S1_wave1_00001"},{"time":0.9666,"name":"EF/370_S1_wave1/370_S1_wave1_00004"},{"time":1.0333,"name":"EF/370_S1_wave1/370_S1_wave1_00006"},{"time":1.1333,"name":"EF/370_S1_wave1/370_S1_wave1_00009"},{"time":1.2,"name":"EF/370_S1_wave1/370_S1_wave1_00010"},{"time":1.5333,"name":"EF/370_S1_wave1/370_S1_wave1_00001"},{"time":1.5666,"name":"EF/370_S1_wave1/370_S1_wave1_00001"},{"time":1.6333,"name":"EF/370_S1_wave1/370_S1_wave1_00004"},{"time":1.7,"name":"EF/370_S1_wave1/370_S1_wave1_00006"},{"time":1.8,"name":"EF/370_S1_wave1/370_S1_wave1_00009"},{"time":1.8666,"name":"EF/370_S1_wave1/370_S1_wave1_00010"}],"color":[{"time":1.2,"color":"ffffffff"},{"time":1.3666,"color":"ffffff00","curve":"stepped"},{"time":1.5333,"color":"ffffffff","curve":"stepped"},{"time":1.8666,"color":"ffffffff"},{"time":2.0333,"color":"ffffff00"}]},"EF/370_S1_wave1/370_S1_wave1_1":{"attachment":[{"time":1.2333,"name":"EF/370_S1_wave1/370_S1_wave1_00001"},{"time":1.3333,"name":"EF/370_S1_wave1/370_S1_wave1_00004"},{"time":1.4,"name":"EF/370_S1_wave1/370_S1_wave1_00006"},{"time":1.5,"name":"EF/370_S1_wave1/370_S1_wave1_00009"},{"time":1.5666,"name":"EF/370_S1_wave1/370_S1_wave1_00010"}],"color":[{"time":1.5666,"color":"ffffffff"},{"time":1.7333,"color":"ffffff00"}]},"MAIN":{"attachment":[{"time":0,"name":"idle_00"},{"time":0.2,"name":"idle_01"},{"time":0.4,"name":"idle_02"},{"time":0.6,"name":"idle_03"},{"time":0.8,"name":"idle_04"},{"time":1,"name":"idle_00"},{"time":1.2,"name":"idle_01"},{"time":1.4,"name":"idle_02"},{"time":1.6,"name":"idle_03"},{"time":1.8,"name":"idle_04"},{"time":2,"name":"idle_00"}]}},"bones":{"370_S1_wave1_re":{"translate":[{"time":0.8666,"x":-155,"y":13.68,"curve":[0.25,0,0.75,1]},{"time":1.3666,"x":-270,"y":15,"curve":"stepped"},{"time":1.5333,"x":-305,"y":15,"curve":[0.246,0,0.722,0.88]},{"time":2.0333,"x":-370,"y":15}],"scale":[{"time":0.8666,"x":0.892,"y":0.892,"curve":"stepped"},{"time":0.9,"x":1,"y":1,"curve":"stepped"},{"time":0.9333,"x":1.107,"y":1.107,"curve":"stepped"},{"time":0.9666,"x":0.851,"y":0.851,"curve":"stepped"},{"time":1,"x":1.071,"y":1.071,"curve":"stepped"},{"time":1.0333,"x":0.878,"y":0.878,"curve":"stepped"},{"time":1.0666,"x":1.071,"y":1.071,"curve":"stepped"},{"time":1.1,"x":1.117,"y":1.117,"curve":"stepped"},{"time":1.1333,"x":0.951,"y":0.951,"curve":"stepped"},{"time":1.1666,"x":1.071,"y":1.071,"curve":"stepped"},{"time":1.2,"x":1,"y":1},{"time":1.3666,"x":1.193,"y":1.193,"curve":"stepped"},{"time":1.5333,"x":0.892,"y":0.892,"curve":"stepped"},{"time":1.5666,"x":1,"y":1,"curve":"stepped"},{"time":1.6,"x":1.107,"y":1.107,"curve":"stepped"},{"time":1.6333,"x":0.851,"y":0.851,"curve":"stepped"},{"time":1.6666,"x":1.071,"y":1.071,"curve":"stepped"},{"time":1.7,"x":0.878,"y":0.878,"curve":"stepped"},{"time":1.7333,"x":1.071,"y":1.071,"curve":"stepped"},{"time":1.7666,"x":1.117,"y":1.117,"curve":"stepped"},{"time":1.8,"x":0.951,"y":0.951,"curve":"stepped"},{"time":1.8333,"x":1.071,"y":1.071,"curve":"stepped"},{"time":1.8666,"x":1,"y":1},{"time":2.0333,"x":1.198,"y":1.198}]},"370_S1_wave1_re2":{"translate":[{"time":1.2333,"x":-245,"y":15,"curve":[0.246,0,0.722,0.88]},{"time":1.7333,"x":-350,"y":15}],"scale":[{"time":1.2333,"x":0.892,"y":0.892,"curve":"stepped"},{"time":1.2666,"x":1,"y":1,"curve":"stepped"},{"time":1.3,"x":1.107,"y":1.107,"curve":"stepped"},{"time":1.3333,"x":0.851,"y":0.851,"curve":"stepped"},{"time":1.3666,"x":1.071,"y":1.071,"curve":"stepped"},{"time":1.4,"x":0.878,"y":0.878,"curve":"stepped"},{"time":1.4333,"x":1.071,"y":1.071,"curve":"stepped"},{"time":1.4666,"x":1.117,"y":1.117,"curve":"stepped"},{"time":1.5,"x":0.951,"y":0.951,"curve":"stepped"},{"time":1.5333,"x":1.071,"y":1.071,"curve":"stepped"},{"time":1.5666,"x":1,"y":1},{"time":1.7333,"x":1.201,"y":1.201}]},"DAMAGEAREA":{"translate":[{"time":0.9333,"x":-288.6,"y":146.33},{"time":1.8333,"x":-485.48,"y":146.33}],"scale":[{"time":0.9333,"x":1.302,"y":1.226}]}},"drawOrder":[{"time":0}],"events":[{"time":0,"name":"HitEffect","string":"setHitEffect(hit02c,1,0.75,1)"},{"time":0,"name":"Voice","string":"cri_058_voice_skill_b"},{"time":0.0333,"name":"Event","float":0.1,"string":"kHitStopType_enemyonly"},{"time":0.2,"name":"Sound1","string":"cri_se_battle_charge"},{"time":0.8666,"name":"Sound1","string":"cri_se_battle_storm"},{"time":0.8666,"name":"Sound2","string":"cri_se_battle_033_explosion_element_01"},{"time":0.9,"name":"Event","string":"setHitBackEnemy(22,5)"},{"time":0.9333,"name":"Event","float":1,"string":"shakeGround_Loop"},{"time":1.0333,"name":"Hit","string":"resetHitList"},{"time":1.0333,"name":"Sound1","string":"setHitSound(se_battle_hard_hit)"},{"time":1.1333,"name":"Hit","string":"resetHitList"},{"time":1.1333,"name":"Sound1","string":"setHitSound(se_battle_hard_hit)"},{"time":1.2333,"name":"Hit","string":"resetHitList"},{"time":1.2333,"name":"Sound1","string":"setHitSound(se_battle_hard_hit)"},{"time":1.3333,"name":"Hit","string":"resetHitList"},{"time":1.3333,"name":"Sound1","string":"setHitSound(se_battle_hard_hit)"},{"time":1.4,"name":"Event","string":"setHitBackEnemy(5,5)"},{"time":1.4333,"name":"Hit","string":"resetHitList"},{"time":1.4333,"name":"Sound1","string":"setHitSound(se_battle_hard_hit)"},{"time":1.5333,"name":"Hit","string":"resetHitList"},{"time":1.5333,"name":"Sound1","string":"setHitSound(se_battle_hard_hit)"},{"time":1.6333,"name":"Hit","string":"resetHitList"},{"time":1.6333,"name":"Sound1","string":"setHitSound(se_battle_hard_hit)"},{"time":1.7333,"name":"Hit","string":"resetHitList"},{"time":1.7333,"name":"Sound1","string":"setHitSound(se_battle_hard_hit)"}]},"skill2":{"slots":{"DAMAGEAREA":{"attachment":[{"time":1.1666,"name":"DAMAGEAREA"},{"time":1.3666,"name":null},{"time":1.5333,"name":"DAMAGEAREA"},{"time":1.7333,"name":null},{"time":1.9,"name":"DAMAGEAREA"},{"time":2.1666,"name":null}]},"EF/670_S2_ene1/670_S2_ene1_1":{"attachment":[{"time":1.0333,"name":"EF/670_S2_ene1/670_S2_ene1_00018"},{"time":1.1666,"name":"EF/670_S2_ene1/670_S2_ene1_00018"},{"time":1.8,"name":"EF/670_S2_ene1/670_S2_ene1_00024"}],"color":[{"time":1.0333,"color":"ffffff32"},{"time":1.1666,"color":"ffffffff","curve":"stepped"},{"time":1.8,"color":"ffffffff"},{"time":2.1333,"color":"ffffff00"}]},"EF/670_S2_ene2/670_S2_ene2_0":{"attachment":[{"time":1.0333,"name":"EF/670_S2_ene2/670_S2_ene2_00003"},{"time":1.1333,"name":"EF/670_S2_ene2/670_S2_ene2_00004"},{"time":1.1666,"name":"EF/670_S2_ene2/670_S2_ene2_00005"},{"time":1.2,"name":"EF/670_S2_ene2/670_S2_ene2_00006"},{"time":1.2333,"name":"EF/670_S2_ene2/670_S2_ene2_00007"},{"time":1.2666,"name":"EF/670_S2_ene2/670_S2_ene2_00008"},{"time":1.3,"name":"EF/670_S2_ene2/670_S2_ene2_00009"},{"time":1.3333,"name":"EF/670_S2_ene2/670_S2_ene2_00010"},{"time":1.3666,"name":"EF/670_S2_ene2/670_S2_ene2_00003"},{"time":1.4,"name":"EF/670_S2_ene2/670_S2_ene2_00004"},{"time":1.4333,"name":"EF/670_S2_ene2/670_S2_ene2_00005"},{"time":1.4666,"name":"EF/670_S2_ene2/670_S2_ene2_00006"},{"time":1.5,"name":"EF/670_S2_ene2/670_S2_ene2_00007"},{"time":1.5333,"name":"EF/670_S2_ene2/670_S2_ene2_00008"},{"time":1.5666,"name":"EF/670_S2_ene2/670_S2_ene2_00009"},{"time":1.6,"name":"EF/670_S2_ene2/670_S2_ene2_00010"},{"time":1.6333,"name":"EF/670_S2_ene2/670_S2_ene2_00020"},{"time":1.7,"name":"EF/670_S2_ene2/670_S2_ene2_00021"},{"time":1.7333,"name":"EF/670_S2_ene2/670_S2_ene2_00022"},{"time":1.7666,"name":"EF/670_S2_ene2/670_S2_ene2_00023"},{"time":1.8,"name":"EF/670_S2_ene2/670_S2_ene2_00024"},{"time":1.9333,"name":null}],"color":[{"time":1.8,"color":"ffffffff"},{"time":1.9333,"color":"ffffff00"}]},"EF/670_S2_shine1/670_S2_shine1_00000":{"attachment":[{"time":1.0333,"name":"EF/670_S2_shine1/670_S2_shine1_00000"},{"time":2.1,"name":null}],"color":[{"time":1.8,"color":"ffffffff"},{"time":2.1,"color":"ffffff00"}]},"EF/670_S2_wave2/670_S2_wave2_6":{"attachment":[{"time":1.2333,"name":"EF/670_S2_wave2/670_S2_wave2_00006"},{"time":1.2666,"name":"EF/670_S2_wave2/670_S2_wave2_00007"},{"time":1.3,"name":"EF/670_S2_wave2/670_S2_wave2_00008"},{"time":1.3333,"name":"EF/670_S2_wave2/670_S2_wave2_00009"},{"time":1.3666,"name":"EF/670_S2_wave2/670_S2_wave2_00010"},{"time":1.4,"name":"EF/670_S2_wave2/670_S2_wave2_00011"},{"time":1.4333,"name":"EF/670_S2_wave2/670_S2_wave2_00012"},{"time":1.6,"name":null}],"color":[{"time":1.4333,"color":"ffffffff"},{"time":1.6,"color":"ffffff00"}]},"MAIN":{"attachment":[{"time":0,"name":"idle_00"},{"time":0.2,"name":"idle_01"},{"time":0.4,"name":"idle_02"},{"time":0.6,"name":"idle_03"},{"time":0.8,"name":"idle_04"},{"time":1,"name":"idle_00"},{"time":1.2,"name":"idle_01"},{"time":1.4,"name":"idle_02"},{"time":1.6,"name":"idle_03"},{"time":1.8,"name":"idle_04"},{"time":2,"name":"idle_00"},{"time":2.2,"name":"idle_01"},{"time":2.4,"name":"idle_02"},{"time":2.6,"name":"idle_03"}]}},"bones":{"670_S2_shine1":{"translate":[{"time":1.0333,"x":0,"y":120}],"scale":[{"time":1.0333,"x":0.75,"y":0.75,"curve":"stepped"},{"time":1.0666,"x":1,"y":1}]},"670_S2_ene1_re":{"translate":[{"time":1.0333,"x":10.64,"y":-62.41}]},"670_S2_wave2_re":{"translate":[{"time":1.2333,"x":0,"y":120}],"scale":[{"time":1.2333,"x":0.964,"y":0.964},{"time":1.4333,"x":1,"y":1},{"time":1.6,"x":1.04,"y":1.04}]},"670_S2_ene2_re":{"rotate":[{"time":1.1333,"angle":359.92}],"translate":[{"time":1.0333,"x":-17.56,"y":0}],"scale":[{"time":1.0333,"x":1,"y":1},{"time":1.0666,"x":0.83,"y":0.785,"curve":"stepped"},{"time":1.1,"x":1,"y":1,"curve":"stepped"},{"time":1.6,"x":1,"y":1,"curve":"stepped"},{"time":1.6333,"x":0.945,"y":0.875,"curve":"stepped"},{"time":1.6666,"x":1,"y":1,"curve":"stepped"},{"time":1.8,"x":1,"y":1,"curve":"stepped"},{"time":1.8333,"x":1,"y":1.115}]},"DAMAGEAREA":{"translate":[{"time":1.1666,"x":0,"y":126.4}],"scale":[{"time":1.1666,"x":1.73,"y":1.702},{"time":1.3333,"x":2.264,"y":2.228,"curve":"stepped"},{"time":1.5333,"x":1.73,"y":1.702},{"time":1.7,"x":2.264,"y":2.228,"curve":"stepped"},{"time":1.9,"x":2.26,"y":2.22},{"time":2.1333,"x":3.068,"y":2.93}]}},"drawOrder":[{"time":0},{"time":1.3}],"events":[{"time":0,"name":"Event","float":0.2,"string":"kHitStopType_enemyonly"},{"time":0,"name":"HitEffect","string":"setHitEffect(hit01c,1,0.8,1)"},{"time":0.2,"name":"Sound1","string":"cri_se_battle_charge"},{"time":1.0333,"name":"Sound1","string":"cri_se_battle_gun_burst"},{"time":1.0333,"name":"Sound2","string":"cri_se_battle_033_explosion_element_01"},{"time":1.0333,"name":"Sound3","string":"cri_se_battle_hard_hit"},{"time":1.0333,"name":"Voice","string":"cri_058_voice_fullarts_now"},{"time":1.0666,"name":"Sound1","string":"cri_se_battle_lightning"},{"time":1.1666,"name":"Event","float":1.35,"string":"shakeGround_Loop"},{"time":1.2,"name":"Hit","string":"resetHitList"},{"time":1.2,"name":"Sound1","string":"setHitSound(se_battle_hard_hit)"},{"time":1.2333,"name":"Hit","string":"resetHitList"},{"time":1.2333,"name":"Sound1","string":"setHitSound(se_battle_hard_hit)"},{"time":1.2666,"name":"Hit","string":"resetHitList"},{"time":1.2666,"name":"Sound1","string":"setHitSound(se_battle_hard_hit)"},{"time":1.3,"name":"Hit","string":"resetHitList"},{"time":1.3,"name":"Sound1","string":"setHitSound(se_battle_hard_hit)"},{"time":1.3333,"name":"Hit","string":"resetHitList"},{"time":1.3333,"name":"Sound1","string":"setHitSound(se_battle_hard_hit)"},{"time":1.4,"name":"Sound1","string":"cri_se_battle_gun_burst"},{"time":1.4,"name":"Sound2","string":"cri_se_battle_033_explosion_element_01"},{"time":1.4,"name":"Sound3","string":"cri_se_battle_hard_hit"},{"time":1.5333,"name":"Hit","string":"resetHitList"},{"time":1.5333,"name":"Sound1","string":"setHitSound(se_battle_hard_hit)"},{"time":1.5666,"name":"Hit","string":"resetHitList"},{"time":1.5666,"name":"Sound1","string":"setHitSound(se_battle_hard_hit)"},{"time":1.6,"name":"Hit","string":"resetHitList"},{"time":1.6,"name":"Sound1","string":"setHitSound(se_battle_hard_hit)"},{"time":1.6333,"name":"Hit","string":"resetHitList"},{"time":1.6333,"name":"Sound1","string":"setHitSound(se_battle_hard_hit)"},{"time":1.6666,"name":"Hit","string":"resetHitList"},{"time":1.6666,"name":"Sound1","string":"setHitSound(se_battle_hard_hit)"},{"time":1.7,"name":"Hit","string":"resetHitList"},{"time":1.7,"name":"Sound1","string":"setHitSound(se_battle_hard_hit)"},{"time":1.7333,"name":"Sound1","string":"cri_se_battle_gun_burst"},{"time":1.7333,"name":"Sound2","string":"cri_se_battle_033_explosion_element_01"},{"time":1.7333,"name":"Sound3","string":"cri_se_battle_hard_hit"},{"time":1.9,"name":"Event","string":"runSkillEffect"},{"time":1.9,"name":"Hit","float":1.25,"string":"resetHitList"},{"time":1.9,"name":"HitEffect","string":"setHitEffect(hit01c,1,1.2,1)"},{"time":1.9,"name":"Sound1","string":"setHitSound(se_battle_hard_hit)"},{"time":1.9333,"name":"Hit","float":1.25,"string":"resetHitList"},{"time":1.9333,"name":"Sound1","string":"setHitSound(se_battle_hard_hit)"},{"time":2,"name":"Hit","float":1.25,"string":"resetHitList"},{"time":2,"name":"Sound1","string":"setHitSound(se_battle_hard_hit)"},{"time":2.0333,"name":"Hit","float":1.25,"string":"resetHitList"},{"time":2.0333,"name":"Sound1","string":"setHitSound(se_battle_hard_hit)"},{"time":2.1,"name":"Hit","float":1.25,"string":"resetHitList"},{"time":2.1,"name":"Sound1","string":"setHitSound(se_battle_hard_hit)"},{"time":2.1333,"name":"Event","string":"kImpactType_knock"},{"time":2.1333,"name":"Hit","float":1.25,"string":"resetHitList"},{"time":2.1333,"name":"Sound1","string":"setHitSound(se_battle_hard_hit)"}]}}}