{"skeleton":{"hash":"pR9Lo0YF4QzWLDJ2LyAO2QMLkuU","spine":"3.0.12","width":0,"height":0,"images":"./images/"},"bones":[{"name":"root"},{"name":"MAIN","parent":"root","y":60.09},{"name":"idle_weapon","parent":"MAIN","x":148.83,"y":4.64}],"slots":[{"name":"MAIN","bone":"MAIN","attachment":"idle_00"},{"name":"idle_weapon","bone":"idle_weapon"}],"skins":{"default":{"MAIN":{"idle_00":{"x":10.34,"y":20.86,"width":300,"height":300},"idle_01":{"x":10.34,"y":20.86,"width":300,"height":300},"idle_02":{"x":10.34,"y":20.86,"width":300,"height":300},"idle_03":{"x":10.34,"y":20.86,"width":300,"height":300},"idle_04":{"x":10.34,"y":20.86,"width":300,"height":300}},"idle_weapon":{"idle_weapon":{"x":9.14,"y":14.08,"width":73,"height":187}}}},"events":{"Event":{},"Hit":{},"Sound":{},"Voice":{},"sound_1":{},"sound_2":{},"sound_3":{}},"animations":{"idle":{"slots":{"MAIN":{"attachment":[{"time":0,"name":"idle_00"},{"time":0.1666,"name":"idle_01"},{"time":0.3333,"name":"idle_02"},{"time":0.5,"name":"idle_03"},{"time":0.6666,"name":"idle_04"},{"time":0.8333,"name":"idle_04"}]},"idle_weapon":{"attachment":[{"time":0,"name":"idle_weapon"}]}},"bones":{"idle_weapon":{"rotate":[{"time":0,"angle":0,"curve":"stepped"},{"time":0.1666,"angle":0.12,"curve":"stepped"},{"time":0.3333,"angle":359.68,"curve":"stepped"},{"time":0.5,"angle":359.72,"curve":"stepped"},{"time":0.6666,"angle":359.45,"curve":"stepped"},{"time":0.8333,"angle":359.45}],"translate":[{"time":0,"x":-113.03,"y":13.37,"curve":"stepped"},{"time":0.1666,"x":-113.43,"y":12.19,"curve":"stepped"},{"time":0.3333,"x":-113.62,"y":11.01,"curve":"stepped"},{"time":0.5,"x":-113.62,"y":10.02,"curve":"stepped"},{"time":0.6666,"x":-113.43,"y":12.19,"curve":"stepped"},{"time":0.8333,"x":-113.43,"y":12.19}]}}}}}