{"skeleton":{"hash":"u4a7M+AijOx1bctI10q5+l0F4i4","spine":"3.0.12","width":512,"height":512,"images":"./images/"},"bones":[{"name":"root"},{"name":"MAIN","parent":"root","y":80},{"name":"EF_main","parent":"root"},{"name":"skill1","parent":"MAIN","y":-12.47,"scaleX":2,"scaleY":2}],"slots":[{"name":"skill1_1","bone":"skill1"},{"name":"MAIN","bone":"MAIN","attachment":"idle_00"},{"name":"skill1_2","bone":"skill1"},{"name":"skill1_3","bone":"skill1"},{"name":"skill1_4","bone":"skill1"}],"skins":{"default":{"MAIN":{"attack1_00":{"y":-12.47,"scaleX":2,"scaleY":2,"width":256,"height":256},"attack1_01":{"y":-12.47,"scaleX":2,"scaleY":2,"width":256,"height":256},"attack1_02":{"y":-12.47,"scaleX":2,"scaleY":2,"width":256,"height":256},"attack1_03":{"y":-12.47,"scaleX":2,"scaleY":2,"width":256,"height":256},"attack1_04":{"y":-12.47,"scaleX":2,"scaleY":2,"width":256,"height":256},"attack1_05":{"y":-12.47,"scaleX":2,"scaleY":2,"width":256,"height":256},"attack1_06":{"y":-12.47,"scaleX":2,"scaleY":2,"width":256,"height":256},"attack1_07":{"y":-12.47,"scaleX":2,"scaleY":2,"width":256,"height":256},"attack1_08":{"y":-12.47,"scaleX":2,"scaleY":2,"width":256,"height":256},"attack1_09":{"y":-12.47,"scaleX":2,"scaleY":2,"width":256,"height":256},"attack1_10":{"y":-12.47,"scaleX":2,"scaleY":2,"width":256,"height":256},"back_00":{"y":-12.47,"scaleX":2,"scaleY":2,"width":256,"height":256},"damage_00":{"y":-12.47,"scaleX":2,"scaleY":2,"width":256,"height":256},"front_00":{"y":-12.47,"scaleX":2,"scaleY":2,"width":256,"height":256},"idle_00":{"y":-12.47,"scaleX":2,"scaleY":2,"width":256,"height":256},"idle_01":{"y":-12.47,"scaleX":2,"scaleY":2,"width":256,"height":256},"idle_02":{"y":-12.47,"scaleX":2,"scaleY":2,"width":256,"height":256},"idle_03":{"y":-12.47,"scaleX":2,"scaleY":2,"width":256,"height":256},"idle_04":{"y":-12.47,"scaleX":2,"scaleY":2,"width":256,"height":256},"skill1_00":{"y":-12.47,"scaleX":2,"scaleY":2,"width":256,"height":256},"skill1_01":{"y":-12.47,"scaleX":2,"scaleY":2,"width":256,"height":256},"skill1_02":{"y":-12.47,"scaleX":2,"scaleY":2,"width":256,"height":256},"skill1_03":{"y":-12.47,"scaleX":2,"scaleY":2,"width":256,"height":256},"skill1_04":{"y":-12.47,"scaleX":2,"scaleY":2,"width":256,"height":256},"skill1_05":{"y":-12.47,"scaleX":2,"scaleY":2,"width":256,"height":256},"skill1_06":{"y":-12.47,"scaleX":2,"scaleY":2,"width":256,"height":256},"skill1_07":{"y":-12.47,"scaleX":2,"scaleY":2,"width":256,"height":256},"skill1_08":{"y":-12.47,"scaleX":2,"scaleY":2,"width":256,"height":256},"skill1_09":{"y":-12.47,"scaleX":2,"scaleY":2,"width":256,"height":256},"skill1_10":{"y":-12.47,"scaleX":2,"scaleY":2,"width":256,"height":256},"skill1_11":{"y":-12.47,"scaleX":2,"scaleY":2,"width":256,"height":256},"skill1_12":{"y":-12.47,"scaleX":2,"scaleY":2,"width":256,"height":256}},"skill1_1":{"EF/dot_slash/dotEF_skill1_1":{"width":256,"height":256},"EF/dot_slash/dotEF_skill1_3":{"width":256,"height":256}},"skill1_2":{"EF/dot_slash/dotEF_skill1_2":{"width":256,"height":256},"EF/dot_slash/dotEF_skill1_4":{"width":256,"height":256},"EF/dot_slash/dotEF_skill1_5":{"width":256,"height":256},"EF/dot_slash/dotEF_skill1_6":{"width":256,"height":256}},"skill1_3":{"EF/dot_slash/dotEF_skill1_7":{"width":256,"height":256}},"skill1_4":{"EF/dot_slash/dotEF_skill1_8":{"width":256,"height":256}}}},"animations":{"attack1":{"slots":{"MAIN":{"attachment":[{"time":0,"name":"idle_00"},{"time":0.0333,"name":"attack1_00"},{"time":0.1666,"name":"attack1_01"},{"time":0.2333,"name":"attack1_02"},{"time":0.3,"name":"attack1_03"},{"time":0.4333,"name":"attack1_04"},{"time":0.6,"name":"attack1_05"},{"time":0.9666,"name":"attack1_06"},{"time":1,"name":"attack1_07"},{"time":1.1,"name":"attack1_08"},{"time":1.2,"name":"attack1_09"},{"time":1.3666,"name":"attack1_10"},{"time":1.4666,"name":"idle_00"}]}},"bones":{"MAIN":{"translate":[{"time":0,"x":0,"y":0,"curve":"stepped"},{"time":0.0333,"x":0,"y":0,"curve":"stepped"},{"time":0.1666,"x":-59.97,"y":5.71,"curve":[0.166,0.76,0.474,0.95]},{"time":0.3,"x":-64.26,"y":5.71,"curve":"stepped"},{"time":0.9333,"x":-64.26,"y":5.71,"curve":[0.15,0.85,0.394,0.94]},{"time":1.2,"x":-76.61,"y":5.71,"curve":"stepped"},{"time":1.3666,"x":-27.19,"y":5.71,"curve":"stepped"},{"time":1.4666,"x":0,"y":0}]}}},"back":{"slots":{"MAIN":{"attachment":[{"time":0,"name":"attack1_00"},{"time":0.0333,"name":"back_00"},{"time":0.3333,"name":"idle_03"},{"time":0.4333,"name":"idle_04"},{"time":0.5666,"name":"idle_00"}]}},"bones":{"MAIN":{"translate":[{"time":0,"x":0,"y":0,"curve":[0.137,0.4,0.75,1]},{"time":0.1333,"x":106.98,"y":8.52},{"time":0.3333,"x":138,"y":0},{"time":0.5666,"x":140,"y":0}]}}},"damage":{"slots":{"MAIN":{"attachment":[{"time":0,"name":"damage_00"}]}}},"front":{"slots":{"MAIN":{"attachment":[{"time":0,"name":"front_00"}]}}},"idle":{"slots":{"MAIN":{"attachment":[{"time":0,"name":"idle_00"},{"time":0.2666,"name":"idle_01"},{"time":0.5333,"name":"idle_02"},{"time":0.8,"name":"idle_03"},{"time":1.0666,"name":"idle_04"},{"time":1.3333,"name":"idle_00"}]}}},"skill1":{"slots":{"MAIN":{"attachment":[{"time":0,"name":"idle_00"},{"time":0.0333,"name":"skill1_00"},{"time":0.1333,"name":"skill1_01"},{"time":0.2,"name":"skill1_02"},{"time":0.5,"name":"skill1_03"},{"time":0.5666,"name":"skill1_04"},{"time":0.6666,"name":"skill1_05"},{"time":0.7333,"name":"skill1_06"},{"time":0.8,"name":"skill1_07"},{"time":0.8666,"name":"skill1_08"},{"time":0.9333,"name":"skill1_09"},{"time":1.3,"name":"skill1_10"},{"time":1.3666,"name":"skill1_11"},{"time":1.6,"name":"skill1_12"},{"time":1.6666,"name":"idle_00"}]},"skill1_1":{"attachment":[{"time":0.5,"name":"EF/dot_slash/dotEF_skill1_1"},{"time":0.5666,"name":"EF/dot_slash/dotEF_skill1_3"},{"time":0.6666,"name":null}]},"skill1_2":{"attachment":[{"time":0.5,"name":"EF/dot_slash/dotEF_skill1_2"},{"time":0.5666,"name":null},{"time":0.6666,"name":"EF/dot_slash/dotEF_skill1_4"},{"time":0.7333,"name":"EF/dot_slash/dotEF_skill1_5"},{"time":0.8,"name":"EF/dot_slash/dotEF_skill1_6"},{"time":0.8666,"name":null}]},"skill1_3":{"attachment":[{"time":0.5666,"name":"EF/dot_slash/dotEF_skill1_7"},{"time":0.7333,"name":null}],"color":[{"time":0.5666,"color":"ffffffff"},{"time":0.7333,"color":"ffffff00"}]},"skill1_4":{"attachment":[{"time":0.7333,"name":"EF/dot_slash/dotEF_skill1_8"},{"time":0.8666,"name":null}],"color":[{"time":0.7333,"color":"ffffffff"},{"time":0.8666,"color":"ffffff00"}]}},"bones":{"MAIN":{"translate":[{"time":0,"x":0,"y":0,"curve":[0.17,0.59,0.75,1]},{"time":0.3333,"x":6.26,"y":0,"curve":"stepped"},{"time":0.5,"x":-22.74,"y":0,"curve":[0.144,0.64,0.75,1]},{"time":0.7333,"x":-26.17,"y":0,"curve":"stepped"},{"time":1.3,"x":-26.17,"y":0,"curve":"stepped"},{"time":1.6,"x":-26.17,"y":0,"curve":"stepped"},{"time":1.6666,"x":2.86,"y":0}]}}}}}