{"skeleton":{"hash":"xKACOMGEkxJlxrom+ETFrKW1z0A","spine":"3.0.12","width":0,"height":0,"images":"./images2/"},"bones":[{"name":"root"},{"name":"MAIN","parent":"root","y":53.24},{"name":"EF_kira2","parent":"MAIN","x":56.22,"y":-43.85,"scaleX":1.8,"scaleY":1.8},{"name":"EF_kira","parent":"MAIN","x":-41.65,"y":47.39,"scaleX":1.8,"scaleY":1.8},{"name":"EF","parent":"root","y":-48.19},{"name":"S1_wave1","parent":"EF","x":945.64,"y":186.86},{"name":"S1_shine2","parent":"EF","x":834.55,"y":187.4},{"name":"S1_shine1","parent":"EF","x":736.07,"y":188.92},{"name":"A1_wave1","parent":"EF","x":640.62,"y":187.6}],"slots":[{"name":"A1_wave1","bone":"A1_wave1","blend":"additive"},{"name":"S1_shine1","bone":"S1_shine1","blend":"additive"},{"name":"S1_shine2","bone":"S1_shine2","blend":"additive"},{"name":"S1_wave1","bone":"S1_wave1","blend":"additive"},{"name":"MAIN","bone":"MAIN"},{"name":"kirakira1","bone":"EF_kira","attachment":"kirakira1"},{"name":"kirakira2","bone":"EF_kira2","attachment":"kirakira1"}],"skins":{"default":{"MAIN":{"skeleton-idle_0":{"x":14.93,"y":-0.39,"width":279,"height":330},"skeleton-idle_1":{"x":14.93,"y":-0.39,"width":279,"height":330},"skeleton-idle_2":{"x":14.93,"y":-0.39,"width":279,"height":330},"skeleton-idle_3":{"x":14.93,"y":-0.39,"width":279,"height":330},"skeleton-idle_4":{"x":14.93,"y":-0.39,"width":279,"height":330}},"kirakira1":{"kirakira1":{"width":16,"height":16},"kirakira2":{"width":16,"height":16}},"kirakira2":{"kirakira1":{"width":16,"height":16},"kirakira2":{"width":16,"height":16}}}},"events":{"Event":{},"HIt":{},"Sound_2":{},"sound_1":{},"voice":{}},"animations":{"idle":{"slots":{"A1_wave1":{"attachment":[{"time":0,"name":null}]},"MAIN":{"attachment":[{"time":0,"name":"skeleton-idle_0"},{"time":0.1666,"name":"skeleton-idle_1"},{"time":0.3333,"name":"skeleton-idle_2"},{"time":0.5,"name":"skeleton-idle_3"},{"time":0.6666,"name":"skeleton-idle_4"},{"time":0.8333,"name":"skeleton-idle_0"}]},"S1_shine1":{"attachment":[{"time":0,"name":null}]},"S1_shine2":{"attachment":[{"time":0,"name":null}]},"S1_wave1":{"attachment":[{"time":0,"name":null}]},"kirakira1":{"attachment":[{"time":0,"name":"kirakira1"},{"time":0.1,"name":"kirakira2"},{"time":0.2,"name":"kirakira1"},{"time":0.3,"name":"kirakira2"},{"time":0.4,"name":"kirakira1"},{"time":0.5,"name":"kirakira2"},{"time":0.6,"name":"kirakira1"},{"time":0.7,"name":"kirakira2"},{"time":0.8,"name":"kirakira1"}]},"kirakira2":{"attachment":[{"time":0,"name":"kirakira1"},{"time":0.1,"name":"kirakira2"},{"time":0.2,"name":"kirakira1"},{"time":0.3,"name":"kirakira2"},{"time":0.4,"name":"kirakira1"},{"time":0.5,"name":"kirakira2"},{"time":0.6,"name":"kirakira1"},{"time":0.7,"name":"kirakira2"},{"time":0.8,"name":"kirakira1"}]}},"bones":{"EF_kira":{"rotate":[{"time":0,"angle":-44.8}],"scale":[{"time":0,"x":1.242,"y":1.242}]},"EF_kira2":{"rotate":[{"time":0,"angle":-44.8}],"scale":[{"time":0,"x":1.242,"y":1.242}]}}}}}