{"skeleton":{"hash":"cDOaxlqAqO1P1YwAShE9gbDP9YA","spine":"3.0.12","width":512,"height":512,"images":"./images/"},"bones":[{"name":"root"},{"name":"ef","parent":"root","y":30,"color":"ff009dff"},{"name":"ef_smoke_C_green_main","parent":"ef","y":-30,"color":"ff009dff"},{"name":"ef_smoke_B_blue_main","parent":"ef","y":-30,"color":"ff009dff"},{"name":"ef_smoke_A_green_main","parent":"ef","y":-30,"color":"ff009dff"},{"name":"MAIN","parent":"root","y":54.78,"color":"ff0004ff"},{"name":"HITBOX","parent":"MAIN","x":-1.9,"y":-0.65,"scaleX":0.822,"scaleY":1.668,"color":"ff0004ff"},{"name":"DAMAGEAREA","parent":"root"}],"slots":[{"name":"MAIN","bone":"MAIN","attachment":"idle_00"},{"name":"EF/ef_smoke_A_green_main/ef_smoke_A_green_main_00003","bone":"ef_smoke_A_green_main","blend":"additive"},{"name":"EF/ef_smoke_B_blue_main/ef_smoke_B_blue_main_00002","bone":"ef_smoke_B_blue_main","blend":"additive"},{"name":"EF/ef_smoke_C_green_main/ef_smoke_C_green_main_00003","bone":"ef_smoke_C_green_main","blend":"additive"},{"name":"DAMAGEAREA","bone":"DAMAGEAREA"},{"name":"HITBOX","bone":"HITBOX","attachment":"HITBOX"}],"skins":{"default":{"DAMAGEAREA":{"DAMAGEAREA":{"type":"boundingbox","vertices":[-64.21618,-65.09098,64.39023,-64.66653,63.9658,63.51547,-63.36729,63.09102]}},"EF/ef_smoke_A_green_main/ef_smoke_A_green_main_00003":{"EF/ef_smoke_A_green_main/ef_smoke_A_green_main_00003":{"x":-56.54,"y":12.03,"width":192,"height":192},"EF/ef_smoke_A_green_main/ef_smoke_A_green_main_00004":{"x":-56.54,"y":12.03,"width":192,"height":192},"EF/ef_smoke_A_green_main/ef_smoke_A_green_main_00005":{"x":-56.54,"y":12.03,"width":192,"height":192},"EF/ef_smoke_A_green_main/ef_smoke_A_green_main_00006":{"x":-56.54,"y":12.03,"width":192,"height":192},"EF/ef_smoke_A_green_main/ef_smoke_A_green_main_00007":{"x":-56.54,"y":12.03,"width":192,"height":192},"EF/ef_smoke_A_green_main/ef_smoke_A_green_main_00008":{"x":-56.54,"y":12.03,"width":192,"height":192},"EF/ef_smoke_A_green_main/ef_smoke_A_green_main_00009":{"x":-56.54,"y":12.03,"width":192,"height":192},"EF/ef_smoke_A_green_main/ef_smoke_A_green_main_00010":{"x":-56.54,"y":12.03,"width":192,"height":192},"EF/ef_smoke_A_green_main/ef_smoke_A_green_main_00011":{"x":-56.54,"y":12.03,"width":192,"height":192},"EF/ef_smoke_A_green_main/ef_smoke_A_green_main_00012":{"x":-56.54,"y":12.03,"width":192,"height":192},"EF/ef_smoke_A_green_main/ef_smoke_A_green_main_00013":{"x":-56.54,"y":12.03,"width":192,"height":192},"EF/ef_smoke_A_green_main/ef_smoke_A_green_main_00014":{"x":-56.54,"y":12.03,"width":192,"height":192},"EF/ef_smoke_A_green_main/ef_smoke_A_green_main_00015":{"x":-56.54,"y":12.03,"width":192,"height":192},"EF/ef_smoke_A_green_main/ef_smoke_A_green_main_00016":{"x":-56.54,"y":12.03,"width":192,"height":192},"EF/ef_smoke_A_green_main/ef_smoke_A_green_main_00017":{"x":-56.54,"y":12.03,"width":192,"height":192},"EF/ef_smoke_A_green_main/ef_smoke_A_green_main_00018":{"x":-56.54,"y":12.03,"width":192,"height":192},"EF/ef_smoke_A_green_main/ef_smoke_A_green_main_00019":{"x":-56.54,"y":12.03,"width":192,"height":192},"EF/ef_smoke_A_green_main/ef_smoke_A_green_main_00020":{"x":-56.54,"y":12.03,"width":192,"height":192},"EF/ef_smoke_A_green_main/ef_smoke_A_green_main_00021":{"x":-56.54,"y":12.03,"width":192,"height":192},"EF/ef_smoke_A_green_main/ef_smoke_A_green_main_00022":{"x":-56.54,"y":12.03,"width":192,"height":192},"EF/ef_smoke_A_green_main/ef_smoke_A_green_main_00023":{"x":-56.54,"y":12.03,"width":192,"height":192},"EF/ef_smoke_A_green_main/ef_smoke_A_green_main_00024":{"x":-56.54,"y":12.03,"width":192,"height":192},"EF/ef_smoke_A_green_main/ef_smoke_A_green_main_00025":{"x":-56.54,"y":12.03,"width":192,"height":192},"EF/ef_smoke_A_green_main/ef_smoke_A_green_main_00026":{"x":-56.54,"y":12.03,"width":192,"height":192},"EF/ef_smoke_A_green_main/ef_smoke_A_green_main_00027":{"x":-56.54,"y":12.03,"width":192,"height":192},"EF/ef_smoke_A_green_main/ef_smoke_A_green_main_00028":{"x":-56.54,"y":12.03,"width":192,"height":192},"EF/ef_smoke_A_green_main/ef_smoke_A_green_main_00029":{"x":-56.54,"y":12.03,"width":192,"height":192},"EF/ef_smoke_A_green_main/ef_smoke_A_green_main_00030":{"x":-56.54,"y":12.03,"width":192,"height":192},"EF/ef_smoke_A_green_main/ef_smoke_A_green_main_00031":{"x":-56.54,"y":12.03,"width":192,"height":192},"EF/ef_smoke_A_green_main/ef_smoke_A_green_main_00032":{"x":-56.54,"y":12.03,"width":192,"height":192},"EF/ef_smoke_A_green_main/ef_smoke_A_green_main_00033":{"x":-56.54,"y":12.03,"width":192,"height":192},"EF/ef_smoke_A_green_main/ef_smoke_A_green_main_00034":{"x":-56.54,"y":12.03,"width":192,"height":192},"EF/ef_smoke_A_green_main/ef_smoke_A_green_main_00035":{"x":-56.54,"y":12.03,"width":192,"height":192},"EF/ef_smoke_A_green_main/ef_smoke_A_green_main_00036":{"x":-56.54,"y":12.03,"width":192,"height":192}},"EF/ef_smoke_B_blue_main/ef_smoke_B_blue_main_00002":{"EF/ef_smoke_B_blue_main/ef_smoke_B_blue_main_00002":{"x":-83.39,"y":30.72,"width":256,"height":192},"EF/ef_smoke_B_blue_main/ef_smoke_B_blue_main_00003":{"x":-83.39,"y":30.72,"width":256,"height":192},"EF/ef_smoke_B_blue_main/ef_smoke_B_blue_main_00004":{"x":-83.39,"y":30.72,"width":256,"height":192},"EF/ef_smoke_B_blue_main/ef_smoke_B_blue_main_00005":{"x":-83.39,"y":30.72,"width":256,"height":192},"EF/ef_smoke_B_blue_main/ef_smoke_B_blue_main_00006":{"x":-83.39,"y":30.72,"width":256,"height":192},"EF/ef_smoke_B_blue_main/ef_smoke_B_blue_main_00007":{"x":-83.39,"y":30.72,"width":256,"height":192},"EF/ef_smoke_B_blue_main/ef_smoke_B_blue_main_00008":{"x":-83.39,"y":30.72,"width":256,"height":192},"EF/ef_smoke_B_blue_main/ef_smoke_B_blue_main_00009":{"x":-83.39,"y":30.72,"width":256,"height":192},"EF/ef_smoke_B_blue_main/ef_smoke_B_blue_main_00010":{"x":-83.39,"y":30.72,"width":256,"height":192},"EF/ef_smoke_B_blue_main/ef_smoke_B_blue_main_00011":{"x":-83.39,"y":30.72,"width":256,"height":192},"EF/ef_smoke_B_blue_main/ef_smoke_B_blue_main_00012":{"x":-83.39,"y":30.72,"width":256,"height":192},"EF/ef_smoke_B_blue_main/ef_smoke_B_blue_main_00013":{"x":-83.39,"y":30.72,"width":256,"height":192},"EF/ef_smoke_B_blue_main/ef_smoke_B_blue_main_00014":{"x":-83.39,"y":30.72,"width":256,"height":192},"EF/ef_smoke_B_blue_main/ef_smoke_B_blue_main_00015":{"x":-83.39,"y":30.72,"width":256,"height":192},"EF/ef_smoke_B_blue_main/ef_smoke_B_blue_main_00016":{"x":-83.39,"y":30.72,"width":256,"height":192},"EF/ef_smoke_B_blue_main/ef_smoke_B_blue_main_00017":{"x":-83.39,"y":30.72,"width":256,"height":192},"EF/ef_smoke_B_blue_main/ef_smoke_B_blue_main_00018":{"x":-83.39,"y":30.72,"width":256,"height":192},"EF/ef_smoke_B_blue_main/ef_smoke_B_blue_main_00019":{"x":-83.39,"y":30.72,"width":256,"height":192},"EF/ef_smoke_B_blue_main/ef_smoke_B_blue_main_00020":{"x":-83.39,"y":30.72,"width":256,"height":192},"EF/ef_smoke_B_blue_main/ef_smoke_B_blue_main_00021":{"x":-83.39,"y":30.72,"width":256,"height":192},"EF/ef_smoke_B_blue_main/ef_smoke_B_blue_main_00022":{"x":-83.39,"y":30.72,"width":256,"height":192},"EF/ef_smoke_B_blue_main/ef_smoke_B_blue_main_00023":{"x":-83.39,"y":30.72,"width":256,"height":192},"EF/ef_smoke_B_blue_main/ef_smoke_B_blue_main_00024":{"x":-83.39,"y":30.72,"width":256,"height":192},"EF/ef_smoke_B_blue_main/ef_smoke_B_blue_main_00025":{"x":-83.39,"y":30.72,"width":256,"height":192},"EF/ef_smoke_B_blue_main/ef_smoke_B_blue_main_00026":{"x":-83.39,"y":30.72,"width":256,"height":192},"EF/ef_smoke_B_blue_main/ef_smoke_B_blue_main_00027":{"x":-83.39,"y":30.72,"width":256,"height":192},"EF/ef_smoke_B_blue_main/ef_smoke_B_blue_main_00028":{"x":-83.39,"y":30.72,"width":256,"height":192},"EF/ef_smoke_B_blue_main/ef_smoke_B_blue_main_00029":{"x":-83.39,"y":30.72,"width":256,"height":192},"EF/ef_smoke_B_blue_main/ef_smoke_B_blue_main_00030":{"x":-83.39,"y":30.72,"width":256,"height":192},"EF/ef_smoke_B_blue_main/ef_smoke_B_blue_main_00031":{"x":-83.39,"y":30.72,"width":256,"height":192},"EF/ef_smoke_B_blue_main/ef_smoke_B_blue_main_00032":{"x":-83.39,"y":30.72,"width":256,"height":192},"EF/ef_smoke_B_blue_main/ef_smoke_B_blue_main_00033":{"x":-83.39,"y":30.72,"width":256,"height":192},"EF/ef_smoke_B_blue_main/ef_smoke_B_blue_main_00034":{"x":-83.39,"y":30.72,"width":256,"height":192},"EF/ef_smoke_B_blue_main/ef_smoke_B_blue_main_00035":{"x":-83.39,"y":30.72,"width":256,"height":192},"EF/ef_smoke_B_blue_main/ef_smoke_B_blue_main_00036":{"x":-83.39,"y":30.72,"width":256,"height":192},"EF/ef_smoke_B_blue_main/ef_smoke_B_blue_main_00037":{"x":-83.39,"y":30.72,"width":256,"height":192},"EF/ef_smoke_B_blue_main/ef_smoke_B_blue_main_00038":{"x":-83.39,"y":30.72,"width":256,"height":192},"EF/ef_smoke_B_blue_main/ef_smoke_B_blue_main_00039":{"x":-83.39,"y":30.72,"width":256,"height":192},"EF/ef_smoke_B_blue_main/ef_smoke_B_blue_main_00040":{"x":-83.39,"y":30.72,"width":256,"height":192},"EF/ef_smoke_B_blue_main/ef_smoke_B_blue_main_00041":{"x":-83.39,"y":30.72,"width":256,"height":192},"EF/ef_smoke_B_blue_main/ef_smoke_B_blue_main_00042":{"x":-83.39,"y":30.72,"width":256,"height":192},"EF/ef_smoke_B_blue_main/ef_smoke_B_blue_main_00043":{"x":-83.39,"y":30.72,"width":256,"height":192},"EF/ef_smoke_B_blue_main/ef_smoke_B_blue_main_00044":{"x":-83.39,"y":30.72,"width":256,"height":192},"EF/ef_smoke_B_blue_main/ef_smoke_B_blue_main_00045":{"x":-83.39,"y":30.72,"width":256,"height":192},"EF/ef_smoke_B_blue_main/ef_smoke_B_blue_main_00046":{"x":-83.39,"y":30.72,"width":256,"height":192},"EF/ef_smoke_B_blue_main/ef_smoke_B_blue_main_00047":{"x":-83.39,"y":30.72,"width":256,"height":192},"EF/ef_smoke_B_blue_main/ef_smoke_B_blue_main_00048":{"x":-83.39,"y":30.72,"width":256,"height":192},"EF/ef_smoke_B_blue_main/ef_smoke_B_blue_main_00049":{"x":-83.39,"y":30.72,"width":256,"height":192},"EF/ef_smoke_B_blue_main/ef_smoke_B_blue_main_00050":{"x":-83.39,"y":30.72,"width":256,"height":192},"EF/ef_smoke_B_blue_main/ef_smoke_B_blue_main_00051":{"x":-83.39,"y":30.72,"width":256,"height":192},"EF/ef_smoke_B_blue_main/ef_smoke_B_blue_main_00052":{"x":-83.39,"y":30.72,"width":256,"height":192},"EF/ef_smoke_B_blue_main/ef_smoke_B_blue_main_00053":{"x":-83.39,"y":30.72,"width":256,"height":192},"EF/ef_smoke_B_blue_main/ef_smoke_B_blue_main_00054":{"x":-83.39,"y":30.72,"width":256,"height":192}},"EF/ef_smoke_C_green_main/ef_smoke_C_green_main_00003":{"EF/ef_smoke_C_green_main/ef_smoke_C_green_main_00003":{"x":-46.28,"y":25.13,"width":192,"height":192},"EF/ef_smoke_C_green_main/ef_smoke_C_green_main_00004":{"x":-46.28,"y":25.13,"width":192,"height":192},"EF/ef_smoke_C_green_main/ef_smoke_C_green_main_00005":{"x":-46.28,"y":25.13,"width":192,"height":192},"EF/ef_smoke_C_green_main/ef_smoke_C_green_main_00006":{"x":-46.28,"y":25.13,"width":192,"height":192},"EF/ef_smoke_C_green_main/ef_smoke_C_green_main_00007":{"x":-46.28,"y":25.13,"width":192,"height":192},"EF/ef_smoke_C_green_main/ef_smoke_C_green_main_00008":{"x":-46.28,"y":25.13,"width":192,"height":192},"EF/ef_smoke_C_green_main/ef_smoke_C_green_main_00009":{"x":-46.28,"y":25.13,"width":192,"height":192},"EF/ef_smoke_C_green_main/ef_smoke_C_green_main_00010":{"x":-46.28,"y":25.13,"width":192,"height":192},"EF/ef_smoke_C_green_main/ef_smoke_C_green_main_00011":{"x":-46.28,"y":25.13,"width":192,"height":192},"EF/ef_smoke_C_green_main/ef_smoke_C_green_main_00012":{"x":-46.28,"y":25.13,"width":192,"height":192},"EF/ef_smoke_C_green_main/ef_smoke_C_green_main_00013":{"x":-46.28,"y":25.13,"width":192,"height":192},"EF/ef_smoke_C_green_main/ef_smoke_C_green_main_00014":{"x":-46.28,"y":25.13,"width":192,"height":192},"EF/ef_smoke_C_green_main/ef_smoke_C_green_main_00015":{"x":-46.28,"y":25.13,"width":192,"height":192},"EF/ef_smoke_C_green_main/ef_smoke_C_green_main_00016":{"x":-46.28,"y":25.13,"width":192,"height":192},"EF/ef_smoke_C_green_main/ef_smoke_C_green_main_00017":{"x":-46.28,"y":25.13,"width":192,"height":192},"EF/ef_smoke_C_green_main/ef_smoke_C_green_main_00018":{"x":-46.28,"y":25.13,"width":192,"height":192},"EF/ef_smoke_C_green_main/ef_smoke_C_green_main_00019":{"x":-46.28,"y":25.13,"width":192,"height":192},"EF/ef_smoke_C_green_main/ef_smoke_C_green_main_00020":{"x":-46.28,"y":25.13,"width":192,"height":192},"EF/ef_smoke_C_green_main/ef_smoke_C_green_main_00021":{"x":-46.28,"y":25.13,"width":192,"height":192},"EF/ef_smoke_C_green_main/ef_smoke_C_green_main_00022":{"x":-46.28,"y":25.13,"width":192,"height":192},"EF/ef_smoke_C_green_main/ef_smoke_C_green_main_00023":{"x":-46.28,"y":25.13,"width":192,"height":192},"EF/ef_smoke_C_green_main/ef_smoke_C_green_main_00024":{"x":-46.28,"y":25.13,"width":192,"height":192},"EF/ef_smoke_C_green_main/ef_smoke_C_green_main_00025":{"x":-46.28,"y":25.13,"width":192,"height":192},"EF/ef_smoke_C_green_main/ef_smoke_C_green_main_00026":{"x":-46.28,"y":25.13,"width":192,"height":192},"EF/ef_smoke_C_green_main/ef_smoke_C_green_main_00027":{"x":-46.28,"y":25.13,"width":192,"height":192},"EF/ef_smoke_C_green_main/ef_smoke_C_green_main_00028":{"x":-46.28,"y":25.13,"width":192,"height":192},"EF/ef_smoke_C_green_main/ef_smoke_C_green_main_00029":{"x":-46.28,"y":25.13,"width":192,"height":192},"EF/ef_smoke_C_green_main/ef_smoke_C_green_main_00030":{"x":-46.28,"y":25.13,"width":192,"height":192},"EF/ef_smoke_C_green_main/ef_smoke_C_green_main_00031":{"x":-46.28,"y":25.13,"width":192,"height":192},"EF/ef_smoke_C_green_main/ef_smoke_C_green_main_00032":{"x":-46.28,"y":25.13,"width":192,"height":192},"EF/ef_smoke_C_green_main/ef_smoke_C_green_main_00033":{"x":-46.28,"y":25.13,"width":192,"height":192},"EF/ef_smoke_C_green_main/ef_smoke_C_green_main_00034":{"x":-46.28,"y":25.13,"width":192,"height":192},"EF/ef_smoke_C_green_main/ef_smoke_C_green_main_00035":{"x":-46.28,"y":25.13,"width":192,"height":192},"EF/ef_smoke_C_green_main/ef_smoke_C_green_main_00036":{"x":-46.28,"y":25.13,"width":192,"height":192}},"HITBOX":{"HITBOX":{"type":"boundingbox","vertices":[-31.89586,-32.54549,32.19511,-32.12104,31.77068,31.75773,-31.89586,31.75773]}},"MAIN":{"attack1_00":{"x":-4.77,"y":-3.19,"scaleX":2,"scaleY":2,"width":256,"height":256},"attack1_01":{"x":-4.77,"y":-3.19,"scaleX":2,"scaleY":2,"width":256,"height":256},"attack1_02":{"x":-4.77,"y":-3.19,"scaleX":2,"scaleY":2,"width":256,"height":256},"attack1_03":{"x":-4.77,"y":-3.19,"scaleX":2,"scaleY":2,"width":256,"height":256},"back_00":{"x":-4.77,"y":-3.19,"scaleX":2,"scaleY":2,"width":256,"height":256},"damage_00":{"x":-4.77,"y":-3.19,"scaleX":2,"scaleY":2,"width":256,"height":256},"front_00":{"x":-4.77,"y":-3.19,"scaleX":2,"scaleY":2,"width":256,"height":256},"idle_00":{"x":-4.77,"y":-3.19,"scaleX":2,"scaleY":2,"width":256,"height":256},"idle_01":{"x":-4.77,"y":-3.19,"scaleX":2,"scaleY":2,"width":256,"height":256},"idle_02":{"x":-4.77,"y":-3.19,"scaleX":2,"scaleY":2,"width":256,"height":256},"idle_03":{"x":-4.77,"y":-3.19,"scaleX":2,"scaleY":2,"width":256,"height":256},"skill1_00":{"x":-4.77,"y":-3.19,"scaleX":2,"scaleY":2,"width":256,"height":256},"skill1_01":{"x":-4.77,"y":-3.19,"scaleX":2,"scaleY":2,"width":256,"height":256},"skill1_02":{"x":-4.77,"y":-3.19,"scaleX":2,"scaleY":2,"width":256,"height":256},"skill1_03":{"x":-4.77,"y":-3.19,"scaleX":2,"scaleY":2,"width":256,"height":256},"skill1_04":{"x":-4.77,"y":-3.19,"scaleX":2,"scaleY":2,"width":256,"height":256},"skill1_05":{"x":-4.77,"y":-3.19,"scaleX":2,"scaleY":2,"width":256,"height":256},"skill1_06":{"x":-4.77,"y":-3.19,"scaleX":2,"scaleY":2,"width":256,"height":256},"skill1_07":{"x":-4.77,"y":-3.19,"scaleX":2,"scaleY":2,"width":256,"height":256},"skill2_00":{"x":-4.77,"y":-3.19,"scaleX":2,"scaleY":2,"width":256,"height":256},"skill2_01":{"x":-4.77,"y":-3.19,"scaleX":2,"scaleY":2,"width":256,"height":256},"skill2_02":{"x":-4.77,"y":-3.19,"scaleX":2,"scaleY":2,"width":256,"height":256},"skill2_03":{"x":-4.77,"y":-3.19,"scaleX":2,"scaleY":2,"width":256,"height":256},"skill2_04":{"x":-4.77,"y":-3.19,"scaleX":2,"scaleY":2,"width":256,"height":256},"skill2_05":{"x":-4.77,"y":-3.19,"scaleX":2,"scaleY":2,"width":256,"height":256},"skill2_06":{"x":-4.77,"y":-3.19,"scaleX":2,"scaleY":2,"width":256,"height":256},"skill2_07":{"x":-4.77,"y":-3.19,"scaleX":2,"scaleY":2,"width":256,"height":256},"skill2_08":{"x":-4.77,"y":-3.19,"scaleX":2,"scaleY":2,"width":256,"height":256}}}},"events":{"Event":{},"Hit":{},"Sound1":{},"Sound2":{},"Sound3":{},"Voice":{}},"animations":{"attack1":{"slots":{"DAMAGEAREA":{"attachment":[{"time":0.6333,"name":"DAMAGEAREA"},{"time":1.4,"name":null}]},"EF/ef_smoke_A_green_main/ef_smoke_A_green_main_00003":{"attachment":[{"time":0.4666,"name":"EF/ef_smoke_A_green_main/ef_smoke_A_green_main_00003"},{"time":0.5,"name":"EF/ef_smoke_A_green_main/ef_smoke_A_green_main_00004"},{"time":0.5333,"name":"EF/ef_smoke_A_green_main/ef_smoke_A_green_main_00005"},{"time":0.5666,"name":"EF/ef_smoke_A_green_main/ef_smoke_A_green_main_00006"},{"time":0.6,"name":"EF/ef_smoke_A_green_main/ef_smoke_A_green_main_00007"},{"time":0.6333,"name":"EF/ef_smoke_A_green_main/ef_smoke_A_green_main_00008"},{"time":0.6666,"name":"EF/ef_smoke_A_green_main/ef_smoke_A_green_main_00009"},{"time":0.7,"name":"EF/ef_smoke_A_green_main/ef_smoke_A_green_main_00010"},{"time":0.7333,"name":"EF/ef_smoke_A_green_main/ef_smoke_A_green_main_00011"},{"time":0.7666,"name":"EF/ef_smoke_A_green_main/ef_smoke_A_green_main_00012"},{"time":0.8,"name":"EF/ef_smoke_A_green_main/ef_smoke_A_green_main_00013"},{"time":0.8333,"name":"EF/ef_smoke_A_green_main/ef_smoke_A_green_main_00014"},{"time":0.8666,"name":"EF/ef_smoke_A_green_main/ef_smoke_A_green_main_00015"},{"time":0.9,"name":"EF/ef_smoke_A_green_main/ef_smoke_A_green_main_00016"},{"time":0.9333,"name":"EF/ef_smoke_A_green_main/ef_smoke_A_green_main_00017"},{"time":0.9666,"name":"EF/ef_smoke_A_green_main/ef_smoke_A_green_main_00018"},{"time":1,"name":"EF/ef_smoke_A_green_main/ef_smoke_A_green_main_00019"},{"time":1.0333,"name":"EF/ef_smoke_A_green_main/ef_smoke_A_green_main_00020"},{"time":1.0666,"name":"EF/ef_smoke_A_green_main/ef_smoke_A_green_main_00021"},{"time":1.1,"name":"EF/ef_smoke_A_green_main/ef_smoke_A_green_main_00022"},{"time":1.1333,"name":"EF/ef_smoke_A_green_main/ef_smoke_A_green_main_00023"},{"time":1.1666,"name":"EF/ef_smoke_A_green_main/ef_smoke_A_green_main_00024"},{"time":1.2,"name":"EF/ef_smoke_A_green_main/ef_smoke_A_green_main_00025"},{"time":1.2333,"name":"EF/ef_smoke_A_green_main/ef_smoke_A_green_main_00026"},{"time":1.2666,"name":"EF/ef_smoke_A_green_main/ef_smoke_A_green_main_00027"},{"time":1.3,"name":"EF/ef_smoke_A_green_main/ef_smoke_A_green_main_00028"},{"time":1.3333,"name":"EF/ef_smoke_A_green_main/ef_smoke_A_green_main_00029"},{"time":1.3666,"name":"EF/ef_smoke_A_green_main/ef_smoke_A_green_main_00030"},{"time":1.4,"name":"EF/ef_smoke_A_green_main/ef_smoke_A_green_main_00031"},{"time":1.4333,"name":"EF/ef_smoke_A_green_main/ef_smoke_A_green_main_00032"},{"time":1.4666,"name":"EF/ef_smoke_A_green_main/ef_smoke_A_green_main_00033"},{"time":1.5,"name":"EF/ef_smoke_A_green_main/ef_smoke_A_green_main_00034"},{"time":1.5333,"name":"EF/ef_smoke_A_green_main/ef_smoke_A_green_main_00035"},{"time":1.5666,"name":"EF/ef_smoke_A_green_main/ef_smoke_A_green_main_00036"},{"time":1.6,"name":null}]},"MAIN":{"attachment":[{"time":0,"name":"idle_00"},{"time":0.1,"name":"attack1_01"},{"time":0.1333,"name":"attack1_01"},{"time":0.4666,"name":"attack1_02"},{"time":0.5333,"name":"attack1_03"},{"time":0.8333,"name":"attack1_03"}]}},"bones":{"MAIN":{"translate":[{"time":0,"x":0,"y":0,"curve":"stepped"},{"time":0.4666,"x":0,"y":0,"curve":"stepped"},{"time":0.5,"x":-2.5,"y":0,"curve":"stepped"},{"time":0.5333,"x":0,"y":0}]},"ef_smoke_A_green_main":{"translate":[{"time":0.4666,"x":4.79,"y":44.46,"curve":"stepped"},{"time":1.6666,"x":0,"y":0}],"scale":[{"time":0.4666,"x":2,"y":2},{"time":1.6,"x":2.5,"y":2.5}]},"DAMAGEAREA":{"translate":[{"time":0.6333,"x":-69.46,"y":54.12},{"time":1.1666,"x":-139.63,"y":54.12},{"time":1.4,"x":-167.13,"y":54.12}],"scale":[{"time":0.6333,"x":1.831,"y":0.529},{"time":1.1666,"x":2.026,"y":0.536}]}},"events":[{"time":0.4666,"name":"Sound1","string":"cri_se_battle_033_explosion_element_01"},{"time":0.4666,"name":"Sound2","string":"setHitSound(se_battle_007_attack_hit_01)"},{"time":0.4666,"name":"Voice","string":"cri_162_voice_attack_random"},{"time":0.7666,"name":"Hit","string":"resetHitList"},{"time":0.9,"name":"Hit","string":"resetHitList"},{"time":1.0333,"name":"Hit","string":"resetHitList"},{"time":1.1666,"name":"Hit","string":"resetHitList"},{"time":1.3,"name":"Hit","string":"resetHitList"}]},"back":{"slots":{"MAIN":{"attachment":[{"time":0,"name":"back_00"},{"time":0.5,"name":"idle_02"},{"time":0.6,"name":"idle_03"},{"time":0.6333,"name":"idle_00"}]}},"bones":{"MAIN":{"translate":[{"time":0,"x":0,"y":0,"curve":[0.152,0.53,0.75,1]},{"time":0.1666,"x":96.9,"y":36.81},{"time":0.4666,"x":128.33,"y":0},{"time":0.6333,"x":140,"y":0}]}},"events":[{"time":0,"name":"Sound1","string":"cri_se_battle_jump"},{"time":0.5,"name":"Sound1","string":"cri_se_battle_landing"}]},"cast":{"slots":{"MAIN":{"attachment":[{"time":0,"name":"idle_00"},{"time":0.1,"name":"attack1_01"},{"time":0.1333,"name":"attack1_01"},{"time":0.4666,"name":"attack1_02"},{"time":0.5333,"name":"attack1_03"},{"time":0.8333,"name":"attack1_03"}]}},"bones":{"MAIN":{"translate":[{"time":0,"x":0,"y":0,"curve":"stepped"},{"time":0.4666,"x":0,"y":0,"curve":"stepped"},{"time":0.5,"x":-2.5,"y":0,"curve":"stepped"},{"time":0.5333,"x":0,"y":0}]}},"events":[{"time":0.1333,"name":"Voice","string":"cri_162_voice_item"}]},"front":{"slots":{"MAIN":{"attachment":[{"time":0,"name":"front_00"}]}}},"idle":{"slots":{"MAIN":{"attachment":[{"time":0,"name":"idle_00"},{"time":0.2333,"name":"idle_01"},{"time":0.5,"name":"idle_02"},{"time":0.7666,"name":"idle_03"},{"time":1,"name":"idle_00"}]}}},"skill1":{"slots":{"DAMAGEAREA":{"attachment":[{"time":0.5666,"name":"DAMAGEAREA"},{"time":2.2333,"name":null}]},"EF/ef_smoke_A_green_main/ef_smoke_A_green_main_00003":{"attachment":[{"time":0.3666,"name":"EF/ef_smoke_A_green_main/ef_smoke_A_green_main_00003"},{"time":0.4,"name":"EF/ef_smoke_A_green_main/ef_smoke_A_green_main_00004"},{"time":0.4333,"name":"EF/ef_smoke_A_green_main/ef_smoke_A_green_main_00005"},{"time":0.4666,"name":"EF/ef_smoke_A_green_main/ef_smoke_A_green_main_00006"},{"time":0.5,"name":"EF/ef_smoke_A_green_main/ef_smoke_A_green_main_00007"},{"time":0.5333,"name":"EF/ef_smoke_A_green_main/ef_smoke_A_green_main_00008"},{"time":0.5666,"name":"EF/ef_smoke_A_green_main/ef_smoke_A_green_main_00009"},{"time":0.6,"name":"EF/ef_smoke_A_green_main/ef_smoke_A_green_main_00010"},{"time":0.6333,"name":"EF/ef_smoke_A_green_main/ef_smoke_A_green_main_00011"},{"time":0.6666,"name":"EF/ef_smoke_A_green_main/ef_smoke_A_green_main_00012"},{"time":0.7,"name":"EF/ef_smoke_A_green_main/ef_smoke_A_green_main_00013"},{"time":0.7333,"name":"EF/ef_smoke_A_green_main/ef_smoke_A_green_main_00014"},{"time":0.7666,"name":"EF/ef_smoke_A_green_main/ef_smoke_A_green_main_00015"},{"time":0.8,"name":"EF/ef_smoke_A_green_main/ef_smoke_A_green_main_00016"},{"time":0.8333,"name":"EF/ef_smoke_A_green_main/ef_smoke_A_green_main_00017"},{"time":0.8666,"name":"EF/ef_smoke_A_green_main/ef_smoke_A_green_main_00018"},{"time":0.9,"name":"EF/ef_smoke_A_green_main/ef_smoke_A_green_main_00019"},{"time":0.9333,"name":"EF/ef_smoke_A_green_main/ef_smoke_A_green_main_00020"},{"time":0.9666,"name":"EF/ef_smoke_A_green_main/ef_smoke_A_green_main_00021"},{"time":1,"name":"EF/ef_smoke_A_green_main/ef_smoke_A_green_main_00022"},{"time":1.0333,"name":"EF/ef_smoke_A_green_main/ef_smoke_A_green_main_00023"},{"time":1.0666,"name":"EF/ef_smoke_A_green_main/ef_smoke_A_green_main_00024"},{"time":1.1,"name":"EF/ef_smoke_A_green_main/ef_smoke_A_green_main_00025"},{"time":1.1333,"name":"EF/ef_smoke_A_green_main/ef_smoke_A_green_main_00026"},{"time":1.1666,"name":"EF/ef_smoke_A_green_main/ef_smoke_A_green_main_00027"},{"time":1.2,"name":"EF/ef_smoke_A_green_main/ef_smoke_A_green_main_00028"},{"time":1.2333,"name":"EF/ef_smoke_A_green_main/ef_smoke_A_green_main_00029"},{"time":1.2666,"name":"EF/ef_smoke_A_green_main/ef_smoke_A_green_main_00030"},{"time":1.3,"name":"EF/ef_smoke_A_green_main/ef_smoke_A_green_main_00031"},{"time":1.3333,"name":"EF/ef_smoke_A_green_main/ef_smoke_A_green_main_00032"},{"time":1.3666,"name":"EF/ef_smoke_A_green_main/ef_smoke_A_green_main_00033"},{"time":1.4,"name":"EF/ef_smoke_A_green_main/ef_smoke_A_green_main_00034"},{"time":1.4333,"name":"EF/ef_smoke_A_green_main/ef_smoke_A_green_main_00035"},{"time":1.4666,"name":"EF/ef_smoke_A_green_main/ef_smoke_A_green_main_00036"},{"time":1.5,"name":null}]},"EF/ef_smoke_B_blue_main/ef_smoke_B_blue_main_00002":{"attachment":[{"time":0.6333,"name":"EF/ef_smoke_B_blue_main/ef_smoke_B_blue_main_00002"},{"time":0.6666,"name":"EF/ef_smoke_B_blue_main/ef_smoke_B_blue_main_00003"},{"time":0.7,"name":"EF/ef_smoke_B_blue_main/ef_smoke_B_blue_main_00004"},{"time":0.7333,"name":"EF/ef_smoke_B_blue_main/ef_smoke_B_blue_main_00005"},{"time":0.7666,"name":"EF/ef_smoke_B_blue_main/ef_smoke_B_blue_main_00006"},{"time":0.8,"name":"EF/ef_smoke_B_blue_main/ef_smoke_B_blue_main_00007"},{"time":0.8333,"name":"EF/ef_smoke_B_blue_main/ef_smoke_B_blue_main_00008"},{"time":0.8666,"name":"EF/ef_smoke_B_blue_main/ef_smoke_B_blue_main_00009"},{"time":0.9,"name":"EF/ef_smoke_B_blue_main/ef_smoke_B_blue_main_00010"},{"time":0.9333,"name":"EF/ef_smoke_B_blue_main/ef_smoke_B_blue_main_00011"},{"time":0.9666,"name":"EF/ef_smoke_B_blue_main/ef_smoke_B_blue_main_00012"},{"time":1,"name":"EF/ef_smoke_B_blue_main/ef_smoke_B_blue_main_00013"},{"time":1.0333,"name":"EF/ef_smoke_B_blue_main/ef_smoke_B_blue_main_00014"},{"time":1.0666,"name":"EF/ef_smoke_B_blue_main/ef_smoke_B_blue_main_00015"},{"time":1.1,"name":"EF/ef_smoke_B_blue_main/ef_smoke_B_blue_main_00016"},{"time":1.1333,"name":"EF/ef_smoke_B_blue_main/ef_smoke_B_blue_main_00017"},{"time":1.1666,"name":"EF/ef_smoke_B_blue_main/ef_smoke_B_blue_main_00018"},{"time":1.2,"name":"EF/ef_smoke_B_blue_main/ef_smoke_B_blue_main_00019"},{"time":1.2333,"name":"EF/ef_smoke_B_blue_main/ef_smoke_B_blue_main_00020"},{"time":1.2666,"name":"EF/ef_smoke_B_blue_main/ef_smoke_B_blue_main_00021"},{"time":1.3,"name":"EF/ef_smoke_B_blue_main/ef_smoke_B_blue_main_00022"},{"time":1.3333,"name":"EF/ef_smoke_B_blue_main/ef_smoke_B_blue_main_00023"},{"time":1.3666,"name":"EF/ef_smoke_B_blue_main/ef_smoke_B_blue_main_00024"},{"time":1.4,"name":"EF/ef_smoke_B_blue_main/ef_smoke_B_blue_main_00025"},{"time":1.4333,"name":"EF/ef_smoke_B_blue_main/ef_smoke_B_blue_main_00026"},{"time":1.4666,"name":"EF/ef_smoke_B_blue_main/ef_smoke_B_blue_main_00027"},{"time":1.5,"name":"EF/ef_smoke_B_blue_main/ef_smoke_B_blue_main_00028"},{"time":1.5333,"name":"EF/ef_smoke_B_blue_main/ef_smoke_B_blue_main_00029"},{"time":1.5666,"name":"EF/ef_smoke_B_blue_main/ef_smoke_B_blue_main_00030"},{"time":1.6,"name":"EF/ef_smoke_B_blue_main/ef_smoke_B_blue_main_00031"},{"time":1.6333,"name":"EF/ef_smoke_B_blue_main/ef_smoke_B_blue_main_00032"},{"time":1.6666,"name":"EF/ef_smoke_B_blue_main/ef_smoke_B_blue_main_00033"},{"time":1.7,"name":"EF/ef_smoke_B_blue_main/ef_smoke_B_blue_main_00034"},{"time":1.7333,"name":"EF/ef_smoke_B_blue_main/ef_smoke_B_blue_main_00035"},{"time":1.7666,"name":"EF/ef_smoke_B_blue_main/ef_smoke_B_blue_main_00036"},{"time":1.8,"name":"EF/ef_smoke_B_blue_main/ef_smoke_B_blue_main_00037"},{"time":1.8333,"name":"EF/ef_smoke_B_blue_main/ef_smoke_B_blue_main_00038"},{"time":1.8666,"name":"EF/ef_smoke_B_blue_main/ef_smoke_B_blue_main_00039"},{"time":1.9,"name":"EF/ef_smoke_B_blue_main/ef_smoke_B_blue_main_00040"},{"time":1.9333,"name":"EF/ef_smoke_B_blue_main/ef_smoke_B_blue_main_00041"},{"time":1.9666,"name":"EF/ef_smoke_B_blue_main/ef_smoke_B_blue_main_00042"},{"time":2,"name":"EF/ef_smoke_B_blue_main/ef_smoke_B_blue_main_00043"},{"time":2.0333,"name":"EF/ef_smoke_B_blue_main/ef_smoke_B_blue_main_00044"},{"time":2.0666,"name":"EF/ef_smoke_B_blue_main/ef_smoke_B_blue_main_00045"},{"time":2.1,"name":"EF/ef_smoke_B_blue_main/ef_smoke_B_blue_main_00046"},{"time":2.1333,"name":"EF/ef_smoke_B_blue_main/ef_smoke_B_blue_main_00047"},{"time":2.1666,"name":"EF/ef_smoke_B_blue_main/ef_smoke_B_blue_main_00048"},{"time":2.2,"name":"EF/ef_smoke_B_blue_main/ef_smoke_B_blue_main_00049"},{"time":2.2333,"name":"EF/ef_smoke_B_blue_main/ef_smoke_B_blue_main_00050"},{"time":2.2666,"name":"EF/ef_smoke_B_blue_main/ef_smoke_B_blue_main_00051"},{"time":2.3,"name":"EF/ef_smoke_B_blue_main/ef_smoke_B_blue_main_00052"},{"time":2.3333,"name":"EF/ef_smoke_B_blue_main/ef_smoke_B_blue_main_00053"},{"time":2.3666,"name":"EF/ef_smoke_B_blue_main/ef_smoke_B_blue_main_00054"},{"time":2.4,"name":null}]},"EF/ef_smoke_C_green_main/ef_smoke_C_green_main_00003":{"attachment":[{"time":1.1,"name":"EF/ef_smoke_C_green_main/ef_smoke_C_green_main_00003"},{"time":1.1333,"name":"EF/ef_smoke_C_green_main/ef_smoke_C_green_main_00004"},{"time":1.1666,"name":"EF/ef_smoke_C_green_main/ef_smoke_C_green_main_00005"},{"time":1.2,"name":"EF/ef_smoke_C_green_main/ef_smoke_C_green_main_00006"},{"time":1.2333,"name":"EF/ef_smoke_C_green_main/ef_smoke_C_green_main_00007"},{"time":1.2666,"name":"EF/ef_smoke_C_green_main/ef_smoke_C_green_main_00008"},{"time":1.3,"name":"EF/ef_smoke_C_green_main/ef_smoke_C_green_main_00009"},{"time":1.3333,"name":"EF/ef_smoke_C_green_main/ef_smoke_C_green_main_00010"},{"time":1.3666,"name":"EF/ef_smoke_C_green_main/ef_smoke_C_green_main_00011"},{"time":1.4,"name":"EF/ef_smoke_C_green_main/ef_smoke_C_green_main_00012"},{"time":1.4333,"name":"EF/ef_smoke_C_green_main/ef_smoke_C_green_main_00013"},{"time":1.4666,"name":"EF/ef_smoke_C_green_main/ef_smoke_C_green_main_00014"},{"time":1.5,"name":"EF/ef_smoke_C_green_main/ef_smoke_C_green_main_00015"},{"time":1.5333,"name":"EF/ef_smoke_C_green_main/ef_smoke_C_green_main_00016"},{"time":1.5666,"name":"EF/ef_smoke_C_green_main/ef_smoke_C_green_main_00017"},{"time":1.6,"name":"EF/ef_smoke_C_green_main/ef_smoke_C_green_main_00018"},{"time":1.6333,"name":"EF/ef_smoke_C_green_main/ef_smoke_C_green_main_00019"},{"time":1.6666,"name":"EF/ef_smoke_C_green_main/ef_smoke_C_green_main_00020"},{"time":1.7,"name":"EF/ef_smoke_C_green_main/ef_smoke_C_green_main_00021"},{"time":1.7333,"name":"EF/ef_smoke_C_green_main/ef_smoke_C_green_main_00022"},{"time":1.7666,"name":"EF/ef_smoke_C_green_main/ef_smoke_C_green_main_00023"},{"time":1.8,"name":"EF/ef_smoke_C_green_main/ef_smoke_C_green_main_00024"},{"time":1.8333,"name":"EF/ef_smoke_C_green_main/ef_smoke_C_green_main_00025"},{"time":1.8666,"name":"EF/ef_smoke_C_green_main/ef_smoke_C_green_main_00026"},{"time":1.9,"name":"EF/ef_smoke_C_green_main/ef_smoke_C_green_main_00027"},{"time":1.9333,"name":"EF/ef_smoke_C_green_main/ef_smoke_C_green_main_00028"},{"time":1.9666,"name":"EF/ef_smoke_C_green_main/ef_smoke_C_green_main_00029"},{"time":2,"name":"EF/ef_smoke_C_green_main/ef_smoke_C_green_main_00030"},{"time":2.0333,"name":"EF/ef_smoke_C_green_main/ef_smoke_C_green_main_00031"},{"time":2.0666,"name":"EF/ef_smoke_C_green_main/ef_smoke_C_green_main_00032"},{"time":2.1,"name":"EF/ef_smoke_C_green_main/ef_smoke_C_green_main_00033"},{"time":2.1333,"name":"EF/ef_smoke_C_green_main/ef_smoke_C_green_main_00034"},{"time":2.1666,"name":"EF/ef_smoke_C_green_main/ef_smoke_C_green_main_00035"},{"time":2.2,"name":"EF/ef_smoke_C_green_main/ef_smoke_C_green_main_00036"},{"time":2.2333,"name":null}]},"MAIN":{"attachment":[{"time":0,"name":"idle_00"},{"time":0.0666,"name":"attack1_00"},{"time":0.1,"name":"skill1_00"},{"time":0.3666,"name":"skill1_01"},{"time":0.4666,"name":"skill1_02"},{"time":0.5,"name":"skill1_03"},{"time":0.6333,"name":"skill1_04"},{"time":0.8333,"name":"skill1_05"},{"time":0.8666,"name":"skill1_06"},{"time":1.0666,"name":"skill1_04"},{"time":1.1,"name":"skill1_07"},{"time":1.6,"name":"idle_00"}]}},"bones":{"MAIN":{"translate":[{"time":0,"x":0,"y":0,"curve":"stepped"},{"time":0.1,"x":0.97,"y":0,"curve":"stepped"},{"time":0.3666,"x":-5.86,"y":0,"curve":"stepped"},{"time":0.6333,"x":-10,"y":0,"curve":"stepped"},{"time":1.0666,"x":0,"y":0}]},"ef_smoke_A_green_main":{"translate":[{"time":0.3666,"x":-20.98,"y":49.3},{"time":1.5,"x":-29.52,"y":54.2}],"scale":[{"time":0.3666,"x":2,"y":2},{"time":1.5,"x":3,"y":3}]},"ef_smoke_B_blue_main":{"translate":[{"time":0.6333,"x":-70.91,"y":64.08},{"time":1.8333,"x":-70.91,"y":79.62}],"scale":[{"time":0.6333,"x":2,"y":2},{"time":1.8333,"x":2,"y":2.2}]},"ef_smoke_C_green_main":{"rotate":[{"time":1.1,"angle":41.81},{"time":2.2333,"angle":34.01}],"translate":[{"time":1.1,"x":-94.21,"y":94.24},{"time":2.2333,"x":-104.82,"y":133.77}],"scale":[{"time":1.1,"x":2,"y":2},{"time":2.2333,"x":2.999,"y":2.999}]},"ef":{"translate":[{"time":2.5,"x":0,"y":0}]},"DAMAGEAREA":{"translate":[{"time":0.5666,"x":-107.4,"y":61.57},{"time":1.2666,"x":-210.4,"y":61.57,"curve":"stepped"},{"time":1.7,"x":-210.4,"y":61.57},{"time":2.0333,"x":-284.01,"y":61.57}],"scale":[{"time":0.5666,"x":1.859,"y":1},{"time":1.2666,"x":2.684,"y":1}]}},"events":[{"time":0.3666,"name":"Sound1","string":"cri_se_battle_037_explosion_element_05"},{"time":0.3666,"name":"Sound2","string":"cri_se_battle_darkness_explosion"},{"time":0.3666,"name":"Voice","string":"cri_162_voice_skill_all"},{"time":0.5666,"name":"Sound2","string":"setHitSound(se_battle_007_attack_hit_01)"},{"time":0.6333,"name":"Hit","string":"resetHitList"},{"time":0.7,"name":"Hit","string":"resetHitList"},{"time":0.7666,"name":"Hit","string":"resetHitList"},{"time":0.8333,"name":"Hit","string":"resetHitList"},{"time":0.9,"name":"Hit","string":"resetHitList"},{"time":0.9666,"name":"Hit","string":"resetHitList"},{"time":1.0333,"name":"Hit","string":"resetHitList"},{"time":1.1,"name":"Hit","string":"resetHitList"},{"time":1.1666,"name":"Hit","string":"resetHitList"},{"time":1.2333,"name":"Hit","string":"resetHitList"},{"time":1.3,"name":"Hit","string":"resetHitList"},{"time":1.3666,"name":"Hit","string":"resetHitList"},{"time":1.4333,"name":"Hit","string":"resetHitList"},{"time":1.5,"name":"Hit","string":"resetHitList"},{"time":1.5666,"name":"Hit","string":"resetHitList"},{"time":1.6333,"name":"Hit","string":"resetHitList"},{"time":1.7,"name":"Hit","string":"resetHitList"},{"time":1.7666,"name":"Hit","string":"resetHitList"},{"time":1.8333,"name":"Hit","string":"resetHitList"},{"time":1.9,"name":"Hit","string":"resetHitList"},{"time":1.9666,"name":"Hit","string":"resetHitList"},{"time":2.0333,"name":"Hit","string":"resetHitList"},{"time":2.1,"name":"Hit","string":"resetHitList"},{"time":2.1666,"name":"Hit","string":"resetHitList"}]},"skill2":{"slots":{"MAIN":{"attachment":[{"time":0,"name":"idle_00"},{"time":0.1,"name":"skill2_00"},{"time":0.2,"name":"skill2_01"},{"time":0.3,"name":"skill2_02"},{"time":0.4,"name":"skill2_03"},{"time":0.5333,"name":"skill2_04"},{"time":0.6,"name":"skill2_05"},{"time":1.0666,"name":"skill2_06"},{"time":1.2333,"name":"skill2_07"},{"time":1.3333,"name":"skill2_08"},{"time":1.4333,"name":"skill2_07"},{"time":1.5333,"name":"skill2_08"},{"time":1.6333,"name":"skill2_07"},{"time":1.7333,"name":"skill2_08"},{"time":1.8333,"name":"skill2_07"},{"time":1.9333,"name":"skill2_08"},{"time":2.0333,"name":"skill2_07"},{"time":2.1333,"name":"skill2_08"},{"time":2.2333,"name":"skill2_07"},{"time":2.3333,"name":"skill2_08"},{"time":2.4333,"name":"skill2_07"},{"time":2.5333,"name":"skill2_08"},{"time":2.6666,"name":"skill2_07"},{"time":2.8,"name":"skill2_08"},{"time":2.9333,"name":"skill2_07"},{"time":3.3333,"name":"idle_00"}]}},"bones":{"MAIN":{"translate":[{"time":0,"x":0,"y":0,"curve":"stepped"},{"time":0.2,"x":-15.26,"y":0,"curve":"stepped"},{"time":0.3,"x":-17.34,"y":0,"curve":"stepped"},{"time":0.4,"x":-48.06,"y":2.08,"curve":"stepped"},{"time":0.5333,"x":-78.15,"y":2.08,"curve":"stepped"},{"time":1.0666,"x":-34.69,"y":2.08}]}},"events":[{"time":0.7,"name":"Event","string":"addOrbitSystem-plant1"},{"time":0.8666,"name":"Voice","string":"cri_162_voice_fullarts_rank4"}]}}}