{"skeleton":{"hash":"PxzacTG4xeTVD0FD6HjWB9WHm4U","spine":"3.0.12","width":126,"height":140},"bones":[{"name":"root"},{"name":"grid","parent":"root"},{"name":"MAIN","parent":"root","y":35.73},{"name":"SHADOW-OFFSET","parent":"MAIN","y":-35.73,"scaleX":0.7,"scaleY":0.7},{"name":"HPBAR","parent":"MAIN","y":54.26},{"name":"HITBOX","parent":"MAIN","y":-35.73},{"name":"EF/690_S1_wave1/690_S1_wave1_00000","parent":"root","y":-15.61},{"name":"EF/140_S2_dusty1/140_S2_dusty1_00003","parent":"root"},{"name":"EF/1070_S1_power3/1070_S1_power3_00000","parent":"root"},{"name":"EF/1070_S1_power2/1070_S1_power2_00002","parent":"root"},{"name":"EF/1070_S1_power1/1070_S1_power1_00000","parent":"root"},{"name":"DAMAGEAREA","parent":"root"}],"slots":[{"name":"grid/新バトルUI","bone":"grid"},{"name":"grid/grid","bone":"grid"},{"name":"EF/1070_S1_power1/1070_S1_power1_00000","bone":"EF/1070_S1_power1/1070_S1_power1_00000","blend":"additive"},{"name":"EF/1070_S1_power2/1070_S1_power2_00002","bone":"EF/1070_S1_power2/1070_S1_power2_00002","blend":"additive"},{"name":"EF/1070_S1_power3/1070_S1_power3_00000","bone":"EF/1070_S1_power3/1070_S1_power3_00000","blend":"additive"},{"name":"EF/690_S1_wave1/690_S1_wave1_00000","bone":"EF/690_S1_wave1/690_S1_wave1_00000","blend":"additive"},{"name":"MAIN","bone":"MAIN","attachment":"idle_00"},{"name":"EF/140_S2_dusty1/140_S2_dusty1_00003","bone":"EF/140_S2_dusty1/140_S2_dusty1_00003","blend":"additive"},{"name":"DAMAGEAREA","bone":"DAMAGEAREA"},{"name":"HITBOX","bone":"HITBOX","attachment":"HITBOX"}],"skins":{"default":{"DAMAGEAREA":{"DAMAGEAREA":{"type":"boundingbox","vertices":[-98.37639,97.77866,-98.37639,-97.98293,98.62422,-99.22194,97.79823,98.60466]}},"EF/1070_S1_power1/1070_S1_power1_00000":{"EF/1070_S1_power1/1070_S1_power1_00000":{"width":200,"height":200},"EF/1070_S1_power1/1070_S1_power1_00002":{"width":200,"height":200},"EF/1070_S1_power1/1070_S1_power1_00003":{"width":200,"height":200},"EF/1070_S1_power1/1070_S1_power1_00006":{"width":200,"height":200},"EF/1070_S1_power1/1070_S1_power1_00008":{"width":200,"height":200},"EF/1070_S1_power1/1070_S1_power1_00011":{"width":200,"height":200}},"EF/1070_S1_power2/1070_S1_power2_00002":{"EF/1070_S1_power2/1070_S1_power2_00004":{"width":200,"height":200},"EF/1070_S1_power2/1070_S1_power2_00007":{"width":200,"height":200},"EF/1070_S1_power2/1070_S1_power2_00009":{"width":200,"height":200}},"EF/1070_S1_power3/1070_S1_power3_00000":{"EF/1070_S1_power3/1070_S1_power3_00000":{"width":200,"height":200}},"EF/140_S2_dusty1/140_S2_dusty1_00003":{"EF/140_S2_dusty1/140_S2_dusty1_00003":{"y":5.85,"width":200,"height":200},"EF/140_S2_dusty1/140_S2_dusty1_00004":{"y":5.85,"width":200,"height":200},"EF/140_S2_dusty1/140_S2_dusty1_00007":{"y":5.85,"width":200,"height":200},"EF/140_S2_dusty1/140_S2_dusty1_00008":{"y":5.85,"width":200,"height":200},"EF/140_S2_dusty1/140_S2_dusty1_00009":{"y":5.85,"width":200,"height":200},"EF/140_S2_dusty1/140_S2_dusty1_00013":{"y":5.85,"width":200,"height":200}},"EF/690_S1_wave1/690_S1_wave1_00000":{"EF/690_S1_wave1/690_S1_wave1_00002":{"y":15.61,"width":350,"height":350},"EF/690_S1_wave1/690_S1_wave1_00003":{"y":15.61,"width":350,"height":350},"EF/690_S1_wave1/690_S1_wave1_00005":{"y":15.61,"width":350,"height":350},"EF/690_S1_wave1/690_S1_wave1_00009":{"y":15.61,"width":350,"height":350},"EF/690_S1_wave1/690_S1_wave1_00010":{"y":15.61,"width":350,"height":350}},"HITBOX":{"HITBOX":{"type":"boundingbox","vertices":[-29.32132,73.51376,-29.03832,2.19776,25.01466,1.91477,24.73166,73.23076]}},"MAIN":{"attack1_00":{"x":-0.96,"y":14.72,"width":126,"height":140},"attack1_01":{"y":20,"width":126,"height":140},"attack1_02":{"y":20,"width":126,"height":140},"attack1_03":{"y":20,"width":126,"height":140},"attack1_04":{"y":20,"width":126,"height":140},"attack1_05":{"y":20,"width":126,"height":140},"attack1_06":{"y":20,"width":126,"height":140},"attack1_07":{"y":20,"width":126,"height":140},"damage_00":{"y":20,"width":126,"height":140},"idle_00":{"y":17.98,"width":126,"height":140},"idle_01":{"y":20,"width":126,"height":140},"idle_02":{"y":20,"width":126,"height":140},"idle_03":{"y":20,"width":126,"height":140},"skill1_00":{"y":20,"width":126,"height":140},"skill1_01":{"y":20,"width":126,"height":140},"skill1_02":{"y":20,"width":126,"height":140},"skill1_03":{"y":20,"width":126,"height":140},"skill1_04":{"y":20,"width":126,"height":140},"skill1_05":{"y":20,"width":126,"height":140},"skill1_06":{"y":20,"width":126,"height":140},"skill2_00":{"y":20,"width":126,"height":140},"skill2_01":{"y":20,"width":126,"height":140},"skill2_02":{"y":20,"width":126,"height":140},"skill2_03":{"y":20,"width":126,"height":140},"skill2_04":{"y":20,"width":126,"height":140},"skill2_05":{"y":20,"width":126,"height":140}}}},"events":{"Event":{},"Event2":{},"Hit":{},"HitEffect":{},"Sound_1":{},"Sound_2":{},"Sound_3":{},"View":{},"voice":{}},"animations":{"attack1":{"slots":{"DAMAGEAREA":{"attachment":[{"time":0.4,"name":"DAMAGEAREA"},{"time":0.4666,"name":null}]},"MAIN":{"attachment":[{"time":0,"name":"attack1_00"},{"time":0.1666,"name":"attack1_02"},{"time":0.3666,"name":"attack1_03"},{"time":0.4,"name":"attack1_04"},{"time":0.6666,"name":"attack1_05"},{"time":0.8,"name":"attack1_06"},{"time":0.9333,"name":"attack1_05"},{"time":1.0333,"name":"attack1_05"}]}},"bones":{"MAIN":{"rotate":[{"time":0.3333,"angle":16.39,"curve":[0.574,0,0.858,0]},{"time":0.3666,"angle":62.15,"curve":[0.946,0.14,0.946,0.42]},{"time":0.4,"angle":9.75,"curve":[0.26,0,0.617,0.44]},{"time":0.5333,"angle":-28.43,"curve":[0.358,0.42,0.755,1]},{"time":0.6666,"angle":0,"curve":[0.25,0,0.75,1]},{"time":0.9333,"angle":3.8,"curve":[0.25,0,0.75,1]},{"time":1,"angle":0}],"translate":[{"time":0,"x":0,"y":0,"curve":[0.242,0,0.679,0.71]},{"time":0.1333,"x":0,"y":-6.94,"curve":"stepped"},{"time":0.3666,"x":-75.85,"y":18.58,"curve":"stepped"},{"time":0.4,"x":-207.83,"y":64.26,"curve":[0.094,0.34,0.441,1.03]},{"time":0.5333,"x":-114.15,"y":111.05,"curve":[0.461,0.01,0.453,1]},{"time":0.6666,"x":-77.46,"y":-14.34,"curve":[0.25,0,0.75,1]},{"time":0.8,"x":-46.99,"y":28.01,"curve":[0.25,0,0.75,1]},{"time":0.9333,"x":0,"y":-11.24}],"scale":[{"time":0,"x":1,"y":1,"curve":[0.25,0,0.75,1]},{"time":0.1333,"x":1.349,"y":0.794,"curve":"stepped"},{"time":0.3666,"x":0.863,"y":1.14,"curve":"stepped"},{"time":0.4,"x":0.8,"y":1.2,"curve":[0.25,0,0.75,1]},{"time":0.6666,"x":1.246,"y":0.731},{"time":0.8,"x":1.043,"y":0.908,"curve":[0.25,0,0.75,1]},{"time":1,"x":1.15,"y":0.85,"curve":[0.25,0,0.75,1]},{"time":1.0333,"x":1,"y":1}]},"DAMAGEAREA":{"translate":[{"time":0.4,"x":-117.26,"y":60.9}],"scale":[{"time":0.4,"x":1.178,"y":0.605}]}},"events":[{"time":0.3333,"name":"Event","float":0.05,"string":"kHitStopType_normal"},{"time":0.3666,"name":"voice","string":"cri_098_voice_attack_random"},{"time":0.4,"name":"Sound_1","string":"setHitSound(se_battle_hard_hit)"},{"time":0.6666,"name":"Sound_1","string":"cri_se_battle_pop_landing"},{"time":0.9333,"name":"Sound_1","string":"cri_se_battle_pop_landing"}]},"back":{"slots":{"MAIN":{"attachment":[{"time":0,"name":"idle_00"},{"time":0.1,"name":"idle_03"},{"time":0.2,"name":"idle_01"},{"time":0.5333,"name":"idle_02"},{"time":0.7333,"name":"skill1_04"},{"time":0.8333,"name":"skill1_06"},{"time":0.9,"name":"idle_00"},{"time":1.2666,"name":"skill1_04"}]}},"bones":{"MAIN":{"rotate":[{"time":0.1666,"angle":-14.28,"curve":[0,0.7,0.245,1]},{"time":0.5,"angle":-21.01,"curve":[0.677,0,1,0.56]},{"time":0.7666,"angle":11.27,"curve":"stepped"},{"time":0.8333,"angle":0,"curve":"stepped"},{"time":0.9,"angle":0}],"translate":[{"time":0,"x":0,"y":0,"curve":[0,0.53,0.352,1]},{"time":0.1,"x":0,"y":-8.97,"curve":"stepped"},{"time":0.1666,"x":0,"y":2.05,"curve":[0,0.7,0.245,1]},{"time":0.5,"x":125,"y":48.35,"curve":[0.677,0,1,0.56]},{"time":0.7333,"x":140,"y":-12.24,"curve":"stepped"},{"time":0.7666,"x":140,"y":-8.25,"curve":"stepped"},{"time":0.8333,"x":140,"y":-3.42,"curve":"stepped"},{"time":0.9,"x":140,"y":-0.53}],"scale":[{"time":0,"x":1,"y":1,"curve":[0,0.53,0.352,1]},{"time":0.1,"x":1.324,"y":0.814,"curve":"stepped"},{"time":0.1666,"x":0.927,"y":1.066,"curve":[0,0.7,0.245,1]},{"time":0.5,"x":1,"y":1,"curve":[0.677,0,1,0.56]},{"time":0.7333,"x":1.25,"y":0.743,"curve":[0,0.8,0.165,1]},{"time":0.7666,"x":1,"y":1}]}},"events":[{"time":0.7333,"name":"Sound_1","string":"cri_se_battle_pop_landing"}]},"cast":{"slots":{"MAIN":{"attachment":[{"time":0,"name":"idle_00"},{"time":0.3333,"name":"idle_01"},{"time":0.4,"name":"attack1_03"},{"time":0.5,"name":"skill2_04"},{"time":0.6666,"name":"skill2_05"},{"time":0.8333,"name":"idle_03"},{"time":0.9,"name":"idle_00"},{"time":1.1666,"name":"idle_00"}]}},"bones":{"MAIN":{"rotate":[{"time":0.4,"angle":-13.08,"curve":[0,0.38,0.38,0.99]},{"time":0.5,"angle":-18.86,"curve":"stepped"},{"time":0.6666,"angle":-13.71,"curve":[0.53,0.01,1,0.52]},{"time":0.8333,"angle":0}],"translate":[{"time":0,"x":0,"y":-0.51,"curve":[0.007,0.55,0.614,1]},{"time":0.1666,"x":0,"y":-5.1,"curve":"stepped"},{"time":0.3333,"x":0,"y":-8.87,"curve":[0.25,0,0.75,1]},{"time":0.4,"x":0,"y":9.35,"curve":[0,0.75,0.38,0.98]},{"time":0.4666,"x":0,"y":64.26,"curve":"stepped"},{"time":0.6666,"x":0,"y":54.48,"curve":[0.53,0.01,1,0.6]},{"time":0.8333,"x":0,"y":-7.75,"curve":[0.542,0,0.988,0.57]},{"time":0.9,"x":0,"y":-0.45}],"scale":[{"time":0,"x":1,"y":1,"curve":[0,0.34,0.75,1]},{"time":0.1666,"x":1.12,"y":0.851,"curve":"stepped"},{"time":0.3333,"x":1.297,"y":0.788,"curve":[0,0.53,0.521,0.88]},{"time":0.4,"x":0.764,"y":1.131,"curve":[0.349,0.66,0.691,1]},{"time":0.5,"x":1,"y":1,"curve":"stepped"},{"time":0.6666,"x":0.845,"y":1.144,"curve":[0.53,0.01,1,0.6]},{"time":0.8333,"x":1.169,"y":0.861,"curve":[0.542,0,0.988,0.57]},{"time":0.9,"x":1,"y":1}]}},"events":[{"time":0.4,"name":"voice","string":"cri_098_voice_item"}]},"damage":{"slots":{"MAIN":{"attachment":[{"time":0,"name":"damage_00"}]}}},"front":{"slots":{"MAIN":{"attachment":[{"time":0,"name":"skill1_00"},{"time":0.2,"name":"skill1_01"},{"time":0.2666,"name":"skill1_03"},{"time":0.4333,"name":"skill1_02"},{"time":0.6,"name":"skill1_02"},{"time":0.6333,"name":"skill1_01"},{"time":0.7,"name":"skill1_04"},{"time":0.8,"name":"idle_03"},{"time":0.8666,"name":"idle_00"},{"time":1.3333,"name":"idle_00"}]}},"bones":{"MAIN":{"rotate":[{"time":0.2333,"angle":10.35,"curve":[0.25,0,0.75,1]},{"time":0.4333,"angle":-14.58,"curve":"stepped"},{"time":0.7,"angle":0}],"translate":[{"time":0,"x":0,"y":-4.97,"curve":[0,0.4,0.425,0.77]},{"time":0.1333,"x":0,"y":-9.4,"curve":"stepped"},{"time":0.2,"x":0,"y":-9.9,"curve":[0.004,0.56,0.563,0.99]},{"time":0.4333,"x":-35,"y":44.26,"curve":[0.719,0,1,0.57]},{"time":0.7,"x":-55,"y":-14.12,"curve":[0.792,0,0.955,0.58]},{"time":0.7333,"x":-55,"y":-7.86,"curve":"stepped"},{"time":0.8,"x":-55,"y":-3.43,"curve":"stepped"},{"time":0.8666,"x":-55,"y":-0.57}],"scale":[{"time":0,"x":1,"y":1,"curve":[0,0.4,0.406,0.99]},{"time":0.1333,"x":1.201,"y":0.824,"curve":"stepped"},{"time":0.2,"x":1.224,"y":0.804,"curve":[0.004,0.56,0.563,0.99]},{"time":0.2666,"x":0.901,"y":1.098,"curve":[0,0.56,0.499,0.99]},{"time":0.4333,"x":1,"y":1,"curve":"stepped"},{"time":0.6,"x":1,"y":1,"curve":[0.25,0,0.75,1]},{"time":0.6666,"x":0.778,"y":1.218,"curve":[0.275,0,0.62,0.4]},{"time":0.7,"x":1.173,"y":0.797,"curve":[0.792,0,0.955,0.58]},{"time":0.7333,"x":1,"y":1}]}}},"idle":{"slots":{"MAIN":{"attachment":[{"time":0,"name":"idle_00"},{"time":0.1666,"name":"idle_01"},{"time":0.3333,"name":"idle_02"},{"time":0.5,"name":"idle_03"},{"time":0.6666,"name":"idle_00"}]}}},"skill1":{"slots":{"DAMAGEAREA":{"attachment":[{"time":1,"name":"DAMAGEAREA"},{"time":1.3333,"name":null}]},"EF/1070_S1_power1/1070_S1_power1_00000":{"attachment":[{"time":0.5666,"name":"EF/1070_S1_power1/1070_S1_power1_00000"},{"time":0.6333,"name":"EF/1070_S1_power1/1070_S1_power1_00002"},{"time":0.7333,"name":"EF/1070_S1_power1/1070_S1_power1_00003"},{"time":0.8,"name":"EF/1070_S1_power1/1070_S1_power1_00006"},{"time":0.8666,"name":"EF/1070_S1_power1/1070_S1_power1_00008"},{"time":0.9,"name":"EF/1070_S1_power1/1070_S1_power1_00011"},{"time":1.1,"name":null}],"color":[{"time":0.7,"color":"fffffff1"},{"time":0.9333,"color":"ffffff1a"}]},"EF/1070_S1_power2/1070_S1_power2_00002":{"attachment":[{"time":0.5666,"name":"EF/1070_S1_power2/1070_S1_power2_00004"},{"time":0.6,"name":"EF/1070_S1_power2/1070_S1_power2_00007"},{"time":0.7,"name":"EF/1070_S1_power2/1070_S1_power2_00007"},{"time":0.7666,"name":"EF/1070_S1_power2/1070_S1_power2_00009"},{"time":0.9333,"name":null}],"color":[{"time":0.7666,"color":"fffffff8"},{"time":0.9,"color":"ffffff1a"}]},"EF/1070_S1_power3/1070_S1_power3_00000":{"attachment":[{"time":0.5666,"name":"EF/1070_S1_power3/1070_S1_power3_00000"},{"time":0.9333,"name":null}],"color":[{"time":0.7666,"color":"fffffff8"},{"time":0.9,"color":"ffffff0a"}]},"EF/140_S2_dusty1/140_S2_dusty1_00003":{"attachment":[{"time":1.1,"name":"EF/140_S2_dusty1/140_S2_dusty1_00003"},{"time":1.1666,"name":"EF/140_S2_dusty1/140_S2_dusty1_00004"},{"time":1.2333,"name":"EF/140_S2_dusty1/140_S2_dusty1_00007"},{"time":1.3,"name":"EF/140_S2_dusty1/140_S2_dusty1_00008"},{"time":1.3666,"name":"EF/140_S2_dusty1/140_S2_dusty1_00009"},{"time":1.4333,"name":"EF/140_S2_dusty1/140_S2_dusty1_00013"},{"time":1.6,"name":null}],"color":[{"time":1.1,"color":"ffffffc4","curve":"stepped"},{"time":1.3,"color":"ffffffc4"},{"time":1.6,"color":"ffffff04"}]},"EF/690_S1_wave1/690_S1_wave1_00000":{"attachment":[{"time":1.1,"name":"EF/690_S1_wave1/690_S1_wave1_00002"},{"time":1.1333,"name":"EF/690_S1_wave1/690_S1_wave1_00003"},{"time":1.2,"name":"EF/690_S1_wave1/690_S1_wave1_00005"},{"time":1.2666,"name":"EF/690_S1_wave1/690_S1_wave1_00009"},{"time":1.3333,"name":"EF/690_S1_wave1/690_S1_wave1_00010"},{"time":1.4333,"name":null}],"color":[{"time":1.2666,"color":"fffffff5"},{"time":1.4333,"color":"ffffff30"}]},"MAIN":{"attachment":[{"time":0,"name":"skill1_00"},{"time":0.0666,"name":"skill1_01"},{"time":0.1333,"name":"skill1_01"},{"time":0.2333,"name":"skill1_02"},{"time":0.3,"name":"skill1_03"},{"time":0.5666,"name":"skill1_02"},{"time":0.9,"name":"skill1_02"},{"time":0.9333,"name":"skill1_01"},{"time":1,"name":"skill1_04"},{"time":1.6666,"name":"skill1_00"}]}},"bones":{"MAIN":{"rotate":[{"time":0.2666,"angle":10.35,"curve":[0.25,0,0.75,1]},{"time":0.5,"angle":0,"curve":[0.25,0,0.75,1]},{"time":0.5666,"angle":-14.58,"curve":"stepped"},{"time":0.9,"angle":-14.58,"curve":"stepped"},{"time":0.9333,"angle":0,"curve":"stepped"},{"time":1,"angle":15}],"translate":[{"time":0,"x":0,"y":-3.52,"curve":[0.52,0,1,0.65]},{"time":0.2,"x":0,"y":-9.96,"curve":[0.945,0,1,0.36]},{"time":0.2333,"x":-5.02,"y":3.7,"curve":[0,0.33,0.358,0.67]},{"time":0.2666,"x":-15.79,"y":26.48,"curve":[0,0.69,0.397,0.99]},{"time":0.5,"x":-100,"y":271.03,"curve":[0,0.41,0.383,0.79]},{"time":0.5666,"x":-100,"y":264.26,"curve":"stepped"},{"time":0.9,"x":-100,"y":264.26,"curve":[0.25,0,0.75,1]},{"time":0.9333,"x":-100,"y":256.29,"curve":[0.014,0.17,0,1]},{"time":1,"x":-100,"y":-0.3,"curve":[0.03,0.38,0.282,1]},{"time":1.0333,"x":-100,"y":-18.75},{"time":1.1,"x":-100,"y":75.1},{"time":1.1333,"x":-100,"y":-8.09}],"scale":[{"time":0,"x":1,"y":1,"curve":[0.25,0,0.75,1]},{"time":0.2,"x":1.224,"y":0.804,"curve":[0.25,0,0.75,1]},{"time":0.2333,"x":1,"y":1,"curve":[0.295,0,0.632,0.36]},{"time":0.2666,"x":0.901,"y":1.098,"curve":[0.303,0.22,0.756,1]},{"time":0.4666,"x":1,"y":1,"curve":[0.25,0,0.75,1]},{"time":0.5,"x":1.6,"y":0.4,"curve":[0.25,0,0.75,1]},{"time":0.5666,"x":1,"y":1,"curve":"stepped"},{"time":0.9,"x":1,"y":1,"curve":[0.25,0,0.75,1]},{"time":0.9666,"x":0.778,"y":1.218,"curve":[0.25,0,0.75,1]},{"time":1,"x":1.876,"y":0.77,"curve":[0.25,0,0.75,1]},{"time":1.0333,"x":1.251,"y":0.843,"curve":[0.25,0,0.75,1]},{"time":1.0666,"x":1,"y":1}]},"EF/1070_S1_power2/1070_S1_power2_00002":{"rotate":[{"time":0.9,"angle":-2.64}],"translate":[{"time":0.5666,"x":-100,"y":316.61}],"scale":[{"time":0.6,"x":0.5,"y":0.5},{"time":0.6666,"x":1,"y":1,"curve":"stepped"},{"time":0.7,"x":1.2,"y":1.2,"curve":"stepped"},{"time":0.7666,"x":1.1,"y":1.1},{"time":0.9,"x":1.7,"y":1.7}]},"EF/1070_S1_power1/1070_S1_power1_00000":{"translate":[{"time":0.5666,"x":-100,"y":316.61}],"scale":[{"time":0.5666,"x":2.3,"y":2.3}]},"EF/1070_S1_power3/1070_S1_power3_00000":{"translate":[{"time":0.5666,"x":-100,"y":316.61}],"scale":[{"time":0.5666,"x":2.7,"y":2.7}]},"EF/690_S1_wave1/690_S1_wave1_00000":{"translate":[{"time":1.1,"x":-100,"y":13.59}],"scale":[{"time":1.1,"x":1.1,"y":1.1},{"time":1.1333,"x":1,"y":1},{"time":1.2,"x":1.4,"y":1.3,"curve":"stepped"},{"time":1.2666,"x":0.9,"y":1},{"time":1.3,"x":1.2,"y":1.3,"curve":"stepped"},{"time":1.3333,"x":1.2,"y":1.5},{"time":1.4,"x":1.9,"y":1.9}]},"EF/140_S2_dusty1/140_S2_dusty1_00003":{"translate":[{"time":1.1,"x":-95.77,"y":7.34}],"scale":[{"time":1.1,"x":1.9,"y":1.6,"curve":"stepped"},{"time":1.1666,"x":2,"y":2,"curve":"stepped"},{"time":1.3666,"x":2,"y":2,"curve":"stepped"},{"time":1.5,"x":2.2,"y":2.2}]},"DAMAGEAREA":{"translate":[{"time":1,"x":-94.32,"y":9.82}],"scale":[{"time":1,"x":1.25,"y":0.261}]}},"events":[{"time":0,"name":"HitEffect","string":"setHitEffect(hit04b,1,0.5,50)"},{"time":0.2333,"name":"Sound_2","string":"cri_se_battle_pop_landing"},{"time":0.5666,"name":"Sound_1","string":"cri_se_battle_magic_Invocation_dark"},{"time":0.5666,"name":"voice","string":"cri_098_voice_skill_b"},{"time":1,"name":"Event","float":0.1,"string":"kHitStopType_normal"},{"time":1,"name":"Sound_1","string":"cri_se_battle_monster_hit"},{"time":1.0333,"name":"Event","float":0.03,"string":"kHitStopType_enemyonly"},{"time":1.0333,"name":"Sound_1","string":"cri_se_battle_magic_Invocation_dark"},{"time":1.0666,"name":"Hit","string":"resetHitList"},{"time":1.0666,"name":"Sound_1","string":"setHitSound(se_battle_hard_hit)"},{"time":1.1333,"name":"Hit","string":"resetHitList"},{"time":1.1333,"name":"Sound_1","string":"setHitSound(se_battle_explosion_short)"},{"time":1.2,"name":"Hit","string":"resetHitList"}]},"skill2":{"slots":{"DAMAGEAREA":{"attachment":[{"time":1.3666,"name":"DAMAGEAREA"},{"time":1.8666,"name":null}]},"EF/1070_S1_power1/1070_S1_power1_00000":{"attachment":[{"time":0.8333,"name":"EF/1070_S1_power1/1070_S1_power1_00000"},{"time":0.9,"name":"EF/1070_S1_power1/1070_S1_power1_00002"},{"time":1,"name":"EF/1070_S1_power1/1070_S1_power1_00003"},{"time":1.0666,"name":"EF/1070_S1_power1/1070_S1_power1_00006"},{"time":1.1333,"name":"EF/1070_S1_power1/1070_S1_power1_00008"},{"time":1.1666,"name":"EF/1070_S1_power1/1070_S1_power1_00011"},{"time":1.2333,"name":null}],"color":[{"time":0.9666,"color":"fffffff1"},{"time":1.2666,"color":"ffffff1a"}]},"EF/1070_S1_power2/1070_S1_power2_00002":{"attachment":[{"time":0.8333,"name":"EF/1070_S1_power2/1070_S1_power2_00004"},{"time":0.8666,"name":"EF/1070_S1_power2/1070_S1_power2_00007"},{"time":0.9666,"name":"EF/1070_S1_power2/1070_S1_power2_00007"},{"time":1.0333,"name":"EF/1070_S1_power2/1070_S1_power2_00009"},{"time":1.2,"name":null}],"color":[{"time":1.0333,"color":"fffffff8"},{"time":1.1666,"color":"ffffff1a"}]},"EF/1070_S1_power3/1070_S1_power3_00000":{"attachment":[{"time":0.9,"name":"EF/1070_S1_power3/1070_S1_power3_00000"},{"time":1.2,"name":null}],"color":[{"time":1.0333,"color":"fffffff8"},{"time":1.1666,"color":"ffffff0a"}]},"EF/690_S1_wave1/690_S1_wave1_00000":{"attachment":[{"time":0.8333,"name":"EF/690_S1_wave1/690_S1_wave1_00002"},{"time":0.8666,"name":"EF/690_S1_wave1/690_S1_wave1_00003"},{"time":0.9333,"name":"EF/690_S1_wave1/690_S1_wave1_00005"},{"time":1,"name":"EF/690_S1_wave1/690_S1_wave1_00009"},{"time":1.0666,"name":"EF/690_S1_wave1/690_S1_wave1_00010"},{"time":1.2666,"name":null},{"time":1.5,"name":"EF/690_S1_wave1/690_S1_wave1_00002"},{"time":1.5333,"name":"EF/690_S1_wave1/690_S1_wave1_00003"},{"time":1.6,"name":"EF/690_S1_wave1/690_S1_wave1_00005"},{"time":1.6666,"name":"EF/690_S1_wave1/690_S1_wave1_00009"},{"time":1.7333,"name":"EF/690_S1_wave1/690_S1_wave1_00010"},{"time":1.8333,"name":null},{"time":1.9333,"name":"EF/690_S1_wave1/690_S1_wave1_00010"},{"time":2.0333,"name":null}],"color":[{"time":0.8333,"color":"ffffffff","curve":"stepped"},{"time":1.1,"color":"fffffff5"},{"time":1.2666,"color":"ffffff30","curve":"stepped"},{"time":1.5,"color":"ffffffff","curve":"stepped"},{"time":1.7,"color":"fffffff5"},{"time":1.8,"color":"ffffff30","curve":"stepped"},{"time":1.9,"color":"fffffff5"},{"time":2,"color":"ffffff30"}]},"MAIN":{"attachment":[{"time":0,"name":"skill2_00"},{"time":0.1666,"name":"skill2_01"},{"time":0.3333,"name":"skill2_02"},{"time":0.5,"name":"skill2_03"},{"time":0.8333,"name":"skill2_04"},{"time":2.3333,"name":"skill2_00"}]}},"bones":{"MAIN":{"rotate":[{"time":0.8333,"angle":-10.3,"curve":"stepped"},{"time":2.3333,"angle":360}],"translate":[{"time":0.3333,"x":0,"y":0,"curve":[0.25,0,0.75,1]},{"time":0.5,"x":0,"y":-7.98,"curve":"stepped"},{"time":0.8333,"x":0,"y":3.52,"curve":"stepped"},{"time":2.3333,"x":0,"y":0}],"scale":[{"time":0.3333,"x":1,"y":1,"curve":[0.25,0,0.75,1]},{"time":0.5,"x":1.2,"y":0.8,"curve":"stepped"},{"time":0.8333,"x":0.8,"y":1.2,"curve":[0.25,0,0.75,1]},{"time":1,"x":1,"y":1}]},"EF/1070_S1_power1/1070_S1_power1_00000":{"translate":[{"time":0.8333,"x":0,"y":80.06}],"scale":[{"time":0.8333,"x":2.3,"y":2.3}]},"EF/1070_S1_power2/1070_S1_power2_00002":{"translate":[{"time":0.8333,"x":0,"y":96.4}],"scale":[{"time":0.8666,"x":0.5,"y":0.5},{"time":0.9333,"x":1.5,"y":1.5,"curve":"stepped"},{"time":0.9666,"x":1.6,"y":1.6},{"time":1,"x":2.2,"y":2.2,"curve":"stepped"},{"time":1.0333,"x":2,"y":2},{"time":1.0666,"x":2.4,"y":2.4},{"time":1.1666,"x":3,"y":3}]},"EF/1070_S1_power3/1070_S1_power3_00000":{"translate":[{"time":0.8333,"x":0,"y":98.03}],"scale":[{"time":0.8333,"x":4,"y":4}]},"EF/690_S1_wave1/690_S1_wave1_00000":{"translate":[{"time":1.5,"x":0,"y":14.05}],"scale":[{"time":0.8666,"x":3,"y":3},{"time":0.9,"x":4,"y":3,"curve":"stepped"},{"time":0.9333,"x":3.1,"y":2.9,"curve":"stepped"},{"time":1,"x":2.1,"y":2,"curve":"stepped"},{"time":1.0666,"x":2.2,"y":2.7},{"time":1.1333,"x":2.8,"y":2.8,"curve":"stepped"},{"time":1.5333,"x":3,"y":3},{"time":1.5666,"x":4,"y":3,"curve":"stepped"},{"time":1.6,"x":3.1,"y":2.9,"curve":"stepped"},{"time":1.6666,"x":2.1,"y":2,"curve":"stepped"},{"time":1.7333,"x":2.3,"y":2.9},{"time":1.8,"x":2.8,"y":2.8,"curve":"stepped"},{"time":1.9333,"x":2.3,"y":2.9},{"time":2,"x":2.8,"y":2.8}]},"DAMAGEAREA":{"translate":[{"time":1.3666,"x":-1.63,"y":104.79}],"scale":[{"time":1.3666,"x":2.407,"y":1.319}]}},"drawOrder":[{"time":0.8333,"offsets":[{"slot":"EF/1070_S1_power1/1070_S1_power1_00000","offset":2},{"slot":"EF/1070_S1_power2/1070_S1_power2_00002","offset":0},{"slot":"EF/140_S2_dusty1/140_S2_dusty1_00003","offset":-2}]},{"time":1.5,"offsets":[{"slot":"EF/1070_S1_power1/1070_S1_power1_00000","offset":2},{"slot":"EF/1070_S1_power2/1070_S1_power2_00002","offset":0},{"slot":"EF/140_S2_dusty1/140_S2_dusty1_00003","offset":-2}]},{"time":1.8666,"offsets":[{"slot":"EF/1070_S1_power1/1070_S1_power1_00000","offset":2},{"slot":"EF/1070_S1_power2/1070_S1_power2_00002","offset":0},{"slot":"EF/140_S2_dusty1/140_S2_dusty1_00003","offset":-2}]},{"time":2.0666,"offsets":[{"slot":"EF/1070_S1_power1/1070_S1_power1_00000","offset":2},{"slot":"EF/1070_S1_power2/1070_S1_power2_00002","offset":0},{"slot":"EF/140_S2_dusty1/140_S2_dusty1_00003","offset":-2}]}],"events":[{"time":0,"name":"HitEffect","string":"setHitEffect(hit02b,1,0.55,50)"},{"time":0.8333,"name":"Sound_1","string":"cri_se_battle_037_explosion_element_05"},{"time":0.8333,"name":"voice","string":"cri_098_voice_fullarts_now"},{"time":1.2,"name":"Event","float":0.05,"string":"kHitStopType_enemyonly"},{"time":1.2666,"name":"Event","string":"addOrbitSystemCamera_flush"},{"time":1.3,"name":"Sound_1","string":"cri_se_battle_darkness_explosion"},{"time":1.3666,"name":"View","string":"shakeGround"},{"time":1.4,"name":"Hit","string":"resetHitList"},{"time":1.4,"name":"Sound_2","string":"setHitSound(se_battle_explosion_short)"},{"time":1.4333,"name":"Hit","string":"resetHitList"},{"time":1.4333,"name":"Sound_2","string":"setHitSound(empty)"},{"time":1.4666,"name":"Hit","string":"resetHitList"},{"time":1.4666,"name":"Sound_2","string":"setHitSound(se_battle_explosion_short)"},{"time":1.5,"name":"Hit","string":"resetHitList"},{"time":1.5,"name":"Sound_2","string":"setHitSound(empty)"},{"time":1.6666,"name":"Hit","string":"resetHitList"},{"time":1.6666,"name":"Sound_2","string":"setHitSound(se_battle_explosion_short)"},{"time":1.6666,"name":"View","string":"shakeGround"},{"time":1.7,"name":"Hit","string":"resetHitList"},{"time":1.7,"name":"Sound_2","string":"setHitSound(empty)"},{"time":1.7333,"name":"Hit","string":"resetHitList"},{"time":1.7333,"name":"Sound_2","string":"setHitSound(se_battle_explosion_short)"},{"time":1.7666,"name":"Hit","string":"resetHitList"},{"time":1.7666,"name":"Sound_2","string":"setHitSound(empty)"},{"time":1.8,"name":"Event","string":"kImpactType_up"},{"time":1.8,"name":"Hit","string":"resetHitList"},{"time":1.8,"name":"Sound_2","string":"setHitSound(se_battle_explosion_short)"},{"time":1.8333,"name":"Sound_2","string":"setHitSound(empty)"}]}}}