{"skeleton":{"hash":"GxbRjgwdPHJiay7Kz4c0bD7GUtc","spine":"3.0.12","width":0,"height":0},"bones":[{"name":"root"},{"name":"MAIN","parent":"root","y":60},{"name":"SHADOW-OFFSET","parent":"MAIN","y":-50},{"name":"HITBOX","parent":"MAIN"},{"name":"EF_slash_5","parent":"root","x":850,"y":826.04},{"name":"EF_slash_2","parent":"root","x":3050,"y":-140},{"name":"EF_shadow2","parent":"root","y":60},{"name":"EF_shadow","parent":"root","y":60},{"name":"EF/wave_ground/5110_S1_wave1","parent":"root","x":850,"y":-140},{"name":"DAMAGEAREA","parent":"root"}],"slots":[{"name":"MAIN2","bone":"EF_shadow","color":"55bfffc7"},{"name":"MAIN3","bone":"EF_shadow2","color":"55bfffc7"},{"name":"EF/wave_ground/5110_S1_wave1","bone":"EF/wave_ground/5110_S1_wave1","blend":"additive"},{"name":"MAIN","bone":"MAIN","attachment":"idle_00"},{"name":"HITBOX","bone":"HITBOX","attachment":"HITBOX"},{"name":"EF/up_EF_1","bone":"EF_slash_2","color":"0064ffff","blend":"additive"},{"name":"EF/R_attackEF_1","bone":"EF_slash_5","color":"0064ffff","blend":"additive"},{"name":"DAMAGEAREA","bone":"DAMAGEAREA"}],"skins":{"default":{"DAMAGEAREA":{"DAMAGEAREA":{"type":"boundingbox","vertices":[-97.83969,98.23239,-98.9357,-97.9516,97.2482,-97.9516,95.05624,94.94441]}},"EF/R_attackEF_1":{"EF/R_attackEF_1":{"width":128,"height":128}},"EF/up_EF_1":{"EF/up_EF_1":{"width":200,"height":200}},"EF/wave_ground/5110_S1_wave1":{"EF/wave_ground/5110_S1_wave1_00003":{"width":500,"height":500},"EF/wave_ground/5110_S1_wave1_00004":{"width":500,"height":500},"EF/wave_ground/5110_S1_wave1_00005":{"width":500,"height":500},"EF/wave_ground/5110_S1_wave1_00006":{"width":500,"height":500},"EF/wave_ground/5110_S1_wave1_00007":{"width":500,"height":500},"EF/wave_ground/5110_S1_wave1_00008":{"width":500,"height":500},"EF/wave_ground/5110_S1_wave1_00009":{"width":500,"height":500}},"HITBOX":{"HITBOX":{"type":"boundingbox","vertices":[-38.67157,38.85937,-38.67157,-53.797,37.13815,-53.797,37.13815,38.85937]}},"MAIN":{"attack_00":{"x":30,"width":500,"height":500},"attack_01":{"x":30,"width":500,"height":500},"attack_02":{"x":30,"width":500,"height":500},"attack_03":{"x":30,"width":500,"height":500},"attack_04":{"x":30,"width":500,"height":500},"attack_05":{"x":30,"width":500,"height":500},"attack_06":{"x":30,"width":500,"height":500},"attack_07":{"x":30,"width":500,"height":500},"attack_08":{"x":30,"width":500,"height":500},"attack_09":{"x":30,"width":500,"height":500},"attack_10":{"x":30,"width":500,"height":500},"attack_11":{"x":30,"width":500,"height":500},"attack_12":{"x":30,"width":500,"height":500},"attack_13":{"x":30,"width":500,"height":500},"attack_14":{"x":30,"width":500,"height":500},"attack_15":{"x":30,"width":500,"height":500},"back_00":{"x":30,"width":500,"height":500},"damage_00":{"x":-12,"width":500,"height":500},"front_00":{"x":30,"width":500,"height":500},"idle_00":{"x":30,"width":500,"height":500},"idle_01":{"x":30,"width":500,"height":500},"idle_02":{"x":30,"width":500,"height":500},"idle_03":{"x":30,"width":500,"height":500},"idle_04":{"x":30,"width":500,"height":500},"idle_05":{"x":30,"width":500,"height":500},"skill1_00":{"x":30,"width":500,"height":500},"skill1_01":{"x":30,"width":500,"height":500},"skill1_02":{"x":30,"width":500,"height":500},"skill1_03":{"x":30,"width":500,"height":500},"skill1_04":{"x":30,"width":500,"height":500},"skill1_05":{"x":30,"width":500,"height":500},"skill1_06":{"x":30,"width":500,"height":500},"skill1_07":{"x":30,"width":500,"height":500},"skill1_08":{"x":30,"width":500,"height":500},"skill2_00":{"x":30,"width":500,"height":500},"skill2_01":{"x":30,"width":500,"height":500},"skill2_02":{"x":30,"width":500,"height":500},"skill2_03":{"x":30,"width":500,"height":500},"skill2_04":{"x":30,"width":500,"height":500},"skill2_05":{"x":30,"width":500,"height":500},"skill2_06":{"x":30,"width":500,"height":500},"skill2_07":{"x":30,"width":500,"height":500},"skill2_08":{"x":30,"width":500,"height":500}},"MAIN2":{"front_00":{"x":30,"width":500,"height":500},"skill2_03":{"x":30,"width":500,"height":500}},"MAIN3":{"front_00":{"x":30,"width":500,"height":500},"skill2_03":{"x":30,"width":500,"height":500}}}},"events":{"Event":{},"Hit":{},"Sound1":{},"Sound2":{},"Voice":{}},"animations":{"attack1":{"slots":{"DAMAGEAREA":{"attachment":[{"time":0.1333,"name":"DAMAGEAREA"},{"time":0.2,"name":null},{"time":0.4333,"name":"DAMAGEAREA"},{"time":0.5,"name":null},{"time":0.7666,"name":"DAMAGEAREA"},{"time":0.8333,"name":null}]},"EF/R_attackEF_1":{"attachment":[{"time":0.1333,"name":"EF/R_attackEF_1"},{"time":0.1666,"name":null}]},"EF/up_EF_1":{"attachment":[{"time":0.4333,"name":"EF/up_EF_1"},{"time":0.5,"name":null}]},"MAIN":{"attachment":[{"time":0,"name":"idle_00"},{"time":0.0666,"name":"attack_00"},{"time":0.1333,"name":"attack_01"},{"time":0.2,"name":"attack_02"},{"time":0.2666,"name":"attack_03"},{"time":0.3333,"name":"attack_04"},{"time":0.4333,"name":"attack_05"},{"time":0.5333,"name":"attack_06"},{"time":0.6333,"name":"attack_07"},{"time":0.7333,"name":"attack_08"},{"time":0.7666,"name":"attack_09"},{"time":0.8,"name":"attack_10"},{"time":0.8666,"name":"attack_11"},{"time":0.9,"name":"attack_12"},{"time":0.9333,"name":"attack_13"},{"time":1,"name":"attack_14"},{"time":1.0333,"name":"attack_15"},{"time":1.1,"name":"back_00"},{"time":1.2666,"name":"idle_03"},{"time":1.3333,"name":"idle_05"}]}},"bones":{"MAIN":{"translate":[{"time":0,"x":0,"y":0,"curve":"stepped"},{"time":0.1,"x":0,"y":0,"curve":[0.116,0.6,0.414,0.9]},{"time":0.2,"x":-35,"y":0,"curve":"stepped"},{"time":0.4333,"x":-108.42,"y":0},{"time":0.5,"x":-112.97,"y":0,"curve":"stepped"},{"time":0.7666,"x":-112.97,"y":0},{"time":0.8333,"x":-117.52,"y":0,"curve":"stepped"},{"time":1.1,"x":-115.3,"y":0.57,"curve":[0.159,0.24,0.564,0.64]},{"time":1.1666,"x":-54.46,"y":12.65,"curve":[0.368,0.51,0.762,0.95]},{"time":1.2666,"x":-10,"y":0.57,"curve":[0.174,0.45,0.75,1]},{"time":1.3333,"x":0,"y":0}]},"EF_slash_2":{"rotate":[{"time":0.4333,"angle":96.94}],"translate":[{"time":0.4333,"x":-3123.51,"y":232.51}],"scale":[{"time":0.4333,"x":0.239,"y":2.003}]},"EF_slash_5":{"rotate":[{"time":0.1333,"angle":-39.82}],"translate":[{"time":0.1333,"x":-863.44,"y":-767.44}],"scale":[{"time":0.1333,"x":2.916,"y":-2.036}]},"DAMAGEAREA":{"translate":[{"time":0.1333,"x":-90.48,"y":47.98,"curve":"stepped"},{"time":0.4333,"x":-165.89,"y":47.98,"curve":"stepped"},{"time":0.7666,"x":-178.22,"y":47.98}],"scale":[{"time":0.1333,"x":0.753,"y":0.492}]}},"events":[{"time":0,"name":"Event","float":0.1,"string":"kHitStopType_normal"},{"time":0.1,"name":"Sound1","string":"cri_se_battle_sword_swish_heavy"},{"time":0.1333,"name":"Sound1","string":"setHitSound(se_battle_018_sword_hit_02)"},{"time":0.1333,"name":"Voice","string":"cri_123_voice_attack_random"},{"time":0.4,"name":"Sound1","string":"cri_se_battle_sword_swish_heavy"},{"time":0.4333,"name":"Hit","string":"resetHitList"},{"time":0.4333,"name":"Sound1","string":"setHitSound(se_battle_018_sword_hit_02)"},{"time":0.4333,"name":"Voice","string":"cri_123_voice_attack_random"},{"time":0.7666,"name":"Sound1","string":"cri_se_battle_sword_swish_heavy"},{"time":0.8,"name":"Hit","string":"resetHitList"},{"time":0.8,"name":"Sound1","string":"setHitSound(se_battle_025_blow_hit)"},{"time":0.8,"name":"Voice","string":"cri_123_voice_attack_c"},{"time":1.1,"name":"Sound1","string":"cri_se_battle_jump"},{"time":1.2666,"name":"Sound1","string":"cri_se_battle_landing"}]},"back":{"slots":{"MAIN":{"attachment":[{"time":0,"name":"back_00"},{"time":0.3,"name":"idle_00"}]}},"bones":{"MAIN":{"translate":[{"time":0,"x":0,"y":0.58,"curve":[0.25,0,0.75,1]},{"time":0.1333,"x":100,"y":12.65,"curve":[0.25,0,0.75,1]},{"time":0.3,"x":134,"y":0,"curve":[0.25,0,0.75,1]},{"time":0.5,"x":140,"y":0}]}},"events":[{"time":0,"name":"Sound1","string":"cri_se_battle_jump"},{"time":0.3,"name":"Sound1","string":"cri_se_battle_landing"}]},"cast":{"slots":{"MAIN":{"attachment":[{"time":0,"name":"idle_00"},{"time":0.1666,"name":"idle_01"},{"time":0.2666,"name":"attack_00"},{"time":0.5,"name":"attack_01"},{"time":0.5666,"name":"attack_02"},{"time":0.6,"name":"attack_03"},{"time":1,"name":"attack_03"}]}},"bones":{"MAIN":{"translate":[{"time":0,"x":0,"y":0}]}},"events":[{"time":0.5,"name":"Voice","string":"cri_123_voice_item"}]},"damage":{"slots":{"MAIN":{"attachment":[{"time":0,"name":"damage_00"}]}}},"front":{"slots":{"MAIN":{"attachment":[{"time":0,"name":"front_00"}]}}},"idle":{"slots":{"MAIN":{"attachment":[{"time":0,"name":"idle_00"},{"time":0.0666,"name":"idle_01"},{"time":0.2333,"name":"idle_02"},{"time":0.5,"name":"idle_03"},{"time":0.5666,"name":"idle_04"},{"time":0.7666,"name":"idle_05"},{"time":1,"name":"idle_00"}]}}},"skill1":{"slots":{"DAMAGEAREA":{"attachment":[{"time":1.1,"name":"DAMAGEAREA"},{"time":1.2333,"name":null}]},"EF/wave_ground/5110_S1_wave1":{"attachment":[{"time":1.1,"name":"EF/wave_ground/5110_S1_wave1_00004"},{"time":1.1333,"name":"EF/wave_ground/5110_S1_wave1_00005"},{"time":1.1666,"name":"EF/wave_ground/5110_S1_wave1_00007"},{"time":1.2,"name":"EF/wave_ground/5110_S1_wave1_00009"},{"time":1.3,"name":null}],"color":[{"time":1.1666,"color":"ffffffff"},{"time":1.3,"color":"ffffff00"}]},"MAIN":{"attachment":[{"time":0,"name":"idle_00"},{"time":0.2,"name":"skill1_00"},{"time":0.3666,"name":"skill1_01"},{"time":0.5333,"name":"skill1_02"},{"time":0.7,"name":"skill1_03"},{"time":1.1,"name":"skill1_04"},{"time":1.1333,"name":"skill1_05"},{"time":1.1666,"name":"skill1_06"},{"time":1.2,"name":"skill1_07"},{"time":1.2333,"name":"skill1_08"},{"time":1.4333,"name":"back_00"},{"time":1.7,"name":"idle_02"},{"time":1.7333,"name":"idle_03"},{"time":1.8,"name":"idle_05"},{"time":1.9,"name":"idle_05"}]}},"bones":{"MAIN":{"translate":[{"time":1.1,"x":-74.72,"y":0},{"time":1.1333,"x":-108.34,"y":0},{"time":1.1666,"x":-392.7,"y":0,"curve":"stepped"},{"time":1.4333,"x":-335.56,"y":13.24,"curve":[0.188,0.51,0.75,1]},{"time":1.5,"x":-129.49,"y":28.02},{"time":1.7,"x":-17.84,"y":0},{"time":1.8333,"x":0,"y":0}]},"EF/wave_ground/5110_S1_wave1":{"translate":[{"time":1.1,"x":-850.78,"y":140}],"scale":[{"time":1.1,"x":1.207,"y":1.207}]},"EF/wave_ground/5110_S1_wave1":{"scale":[{"time":1.1,"x":1.207,"y":1.207},{"time":1.2333,"x":1.688,"y":1.688}]},"DAMAGEAREA":{"translate":[{"time":1.1,"x":-179.6,"y":52.09},{"time":1.1333,"x":-265.97,"y":52.09},{"time":1.1666,"x":-455.93,"y":52.09}],"scale":[{"time":1.1,"x":1.765,"y":0.599}]}},"events":[{"time":0,"name":"Event","float":0.2,"string":"kHitStopType_normal"},{"time":0.0333,"name":"Event","int":90,"string":"kImpactType_knock"},{"time":1.0666,"name":"Sound1","string":"cri_se_battle_skill_shot"},{"time":1.0666,"name":"Voice","string":"cri_123_voice_skill_all"},{"time":1.1,"name":"Event","string":"shakeGround"},{"time":1.1,"name":"Sound1","string":"cri_se_battle_explosion_water_02"},{"time":1.1,"name":"Sound2","string":"cri_se_battle_sword_srash"},{"time":1.4333,"name":"Sound1","string":"cri_se_battle_jump"},{"time":1.7,"name":"Sound1","string":"cri_se_battle_landing"}]},"skill2":{"slots":{"DAMAGEAREA":{"attachment":[{"time":1,"name":"DAMAGEAREA"},{"time":1.4666,"name":null},{"time":1.6666,"name":"DAMAGEAREA"},{"time":2.2,"name":null}]},"EF/wave_ground/5110_S1_wave1":{"attachment":[{"time":0,"name":null},{"time":0.5333,"name":"EF/wave_ground/5110_S1_wave1_00003"},{"time":0.5666,"name":"EF/wave_ground/5110_S1_wave1_00004"},{"time":0.6,"name":"EF/wave_ground/5110_S1_wave1_00006"},{"time":0.6333,"name":"EF/wave_ground/5110_S1_wave1_00008"},{"time":0.7,"name":"EF/wave_ground/5110_S1_wave1_00009"},{"time":0.8,"name":null}],"color":[{"time":0.7,"color":"ffffffff"},{"time":0.8,"color":"ffffff00"}]},"MAIN":{"attachment":[{"time":0,"name":"skill2_00"},{"time":0.0666,"name":"skill2_01"},{"time":0.1333,"name":"skill2_02"},{"time":0.2,"name":"skill2_00"},{"time":0.2666,"name":"skill2_01"},{"time":0.3333,"name":"skill2_02"},{"time":0.4,"name":"skill2_00"},{"time":0.4666,"name":"skill2_01"},{"time":0.5333,"name":"skill2_02"},{"time":0.6,"name":"skill2_00"},{"time":0.6666,"name":"skill2_01"},{"time":0.7333,"name":"skill2_02"},{"time":0.8333,"name":"front_00"},{"time":1,"name":null},{"time":1.5,"name":"skill2_03"},{"time":1.6666,"name":"skill2_04"},{"time":1.7,"name":"skill2_05"},{"time":1.8333,"name":"skill2_06"},{"time":1.9666,"name":"skill2_07"},{"time":2.0666,"name":"skill2_08"},{"time":2.5333,"name":"attack_07"},{"time":2.5666,"name":"attack_08"},{"time":2.6333,"name":"idle_05"},{"time":2.7666,"name":"idle_05"}],"color":[{"time":0.8666,"color":"ffffffff"},{"time":1,"color":"ffffff00","curve":"stepped"},{"time":1.5,"color":"ffffffff"}]},"MAIN2":{"attachment":[{"time":0.8333,"name":"front_00"},{"time":1.0333,"name":null},{"time":1.5,"name":"skill2_03"},{"time":1.8333,"name":null}],"color":[{"time":0.9666,"color":"55bfffc7"},{"time":1.0333,"color":"55bfff00","curve":"stepped"},{"time":1.5,"color":"55bfffc7","curve":"stepped"},{"time":1.7666,"color":"55bfffc7"},{"time":1.8333,"color":"55bfff00"}]},"MAIN3":{"attachment":[{"time":0.8333,"name":"front_00"},{"time":1.0666,"name":null},{"time":1.5,"name":"skill2_03"},{"time":1.8,"name":null}],"color":[{"time":1,"color":"55bfffc7"},{"time":1.0666,"color":"55bfff00","curve":"stepped"},{"time":1.5,"color":"55bfffc7","curve":"stepped"},{"time":1.7333,"color":"55bfffc7"},{"time":1.8,"color":"55bfff00"}]}},"bones":{"EF_shadow":{"translate":[{"time":0.8333,"x":-51.69,"y":0,"curve":[0.25,0,1,0.02]},{"time":0.9666,"x":-240.71,"y":0},{"time":1,"x":-294.97,"y":0,"curve":"stepped"},{"time":1.5,"x":-406.55,"y":0,"curve":[0.153,0.6,0.75,1]},{"time":1.6666,"x":-38.4,"y":0},{"time":1.7666,"x":30.12,"y":0}]},"EF_shadow2":{"translate":[{"time":0.8333,"x":0,"y":0,"curve":[0.25,0,1,0]},{"time":1,"x":-177.02,"y":0,"curve":"stepped"},{"time":1.0333,"x":-206.39,"y":0,"curve":"stepped"},{"time":1.5,"x":-444.67,"y":0,"curve":[0.152,0.61,0.75,1]},{"time":1.6666,"x":-142.36,"y":0},{"time":1.7666,"x":-70.48,"y":0}]},"MAIN":{"translate":[{"time":0.8333,"x":-89.66,"y":0,"curve":[0.25,0,1,0.03]},{"time":0.9666,"x":-370.79,"y":0,"curve":"stepped"},{"time":1.5,"x":-370.79,"y":0,"curve":[0.152,0.61,0.75,1]},{"time":1.6666,"x":70,"y":0,"curve":[0.173,0.5,0.656,0.87]},{"time":1.8,"x":74.19,"y":0,"curve":[0.382,0.65,0.726,1]},{"time":1.8333,"x":75.37,"y":0,"curve":"stepped"},{"time":2.6333,"x":0,"y":0}]},"EF/wave_ground/5110_S1_wave1":{"translate":[{"time":0,"x":-850,"y":140,"curve":"stepped"},{"time":0.5333,"x":-850,"y":140}],"scale":[{"time":0,"x":1.136,"y":1.136,"curve":"stepped"},{"time":0.5333,"x":0.69,"y":0.69,"curve":[0.162,0.68,0.75,1]},{"time":0.8,"x":1.533,"y":1.533}]},"DAMAGEAREA":{"translate":[{"time":1,"x":0,"y":162.44}],"scale":[{"time":1,"x":4.648,"y":3.929}]}},"events":[{"time":0,"name":"Event","float":0.1,"string":"kHitStopType_enemyonly"},{"time":0,"name":"Sound1","string":"cri_se_battle_charge"},{"time":0.5333,"name":"Voice","string":"cri_123_voice_fullarts_rank4"},{"time":0.6,"name":"Event","string":"runScript_CoupDeGrace"},{"time":0.8333,"name":"Sound1","string":"cri_se_battle_skill_shot"},{"time":0.9666,"name":"Sound1","string":"cri_se_battle_sword_heavy_hit"},{"time":1,"name":"Event","string":"shakeGround"},{"time":1.0333,"name":"Hit","string":"resetHitList"},{"time":1.0333,"name":"Sound1","string":"cri_se_battle_thrustviolently"},{"time":1.0666,"name":"Hit","string":"resetHitList"},{"time":1.1,"name":"Hit","string":"resetHitList"},{"time":1.1,"name":"Sound1","string":"cri_se_battle_026_stab"},{"time":1.1333,"name":"Hit","string":"resetHitList"},{"time":1.1666,"name":"Hit","string":"resetHitList"},{"time":1.1666,"name":"Sound1","string":"cri_se_battle_thrustviolently"},{"time":1.5,"name":"Sound1","string":"cri_se_battle_skill_shot"},{"time":1.6333,"name":"Event","float":0.3,"string":"kHitStopType_normal"},{"time":1.6333,"name":"Sound1","string":"cri_se_battle_sword_heavy_hit"},{"time":1.6666,"name":"Event","string":"shakeGround"},{"time":1.6666,"name":"Hit","string":"resetHitList"},{"time":1.7,"name":"Event","float":0.05,"string":"kHitStopType_normal"},{"time":1.7,"name":"Hit","string":"resetHitList"},{"time":1.7,"name":"Sound1","string":"cri_se_battle_thrustviolently"},{"time":1.7333,"name":"Hit","string":"resetHitList"},{"time":1.7666,"name":"Hit","string":"resetHitList"},{"time":1.7666,"name":"Sound1","string":"cri_se_battle_026_stab"},{"time":1.8,"name":"Hit","string":"resetHitList"},{"time":1.8333,"name":"Sound1","string":"cri_se_battle_thrustviolently"},{"time":2.6333,"name":"Event","string":"runScript_CoupDeGraceEnd"}]}}}