{"skeleton":{"hash":"A8qYPfgzjEvWSFbuX+ioNvaqKlE","spine":"3.0.12","width":0,"height":0},"bones":[{"name":"root"},{"name":"MAIN","parent":"root","x":-1.83,"y":90.3,"scaleX":0.5,"scaleY":0.5}],"slots":[{"name":"MAIN","bone":"MAIN","attachment":"idle_00"}],"skins":{"default":{"MAIN":{"idle_00":{"x":-3.49,"y":-9.39,"scaleX":2,"scaleY":2,"width":512,"height":512},"idle_01":{"x":-3.49,"y":-9.39,"scaleX":2,"scaleY":2,"width":512,"height":512},"idle_02":{"x":-3.49,"y":-9.39,"scaleX":2,"scaleY":2,"width":512,"height":512},"idle_03":{"x":-3.49,"y":-9.39,"scaleX":2,"scaleY":2,"width":512,"height":512},"idle_04":{"x":-3.49,"y":-9.39,"scaleX":2,"scaleY":2,"width":512,"height":512}}}},"animations":{"idle":{"slots":{"MAIN":{"attachment":[{"time":0,"name":"idle_00"},{"time":0.2,"name":"idle_01"},{"time":0.4,"name":"idle_02"},{"time":0.6,"name":"idle_03"},{"time":0.8,"name":"idle_04"},{"time":1,"name":"idle_00"}]}}}}}