{"skeleton":{"hash":"yE197gW6dDtBuf99GGa9XNtAgv4","spine":"3.0.12","width":0,"height":0,"images":"./images2/"},"bones":[{"name":"root"},{"name":"MAIN","parent":"root","y":50},{"name":"HPBAR","parent":"MAIN","y":85}],"slots":[{"name":"MAIN","bone":"MAIN","attachment":"idle_00"}],"skins":{"default":{"MAIN":{"idle_00":{"x":-7.32,"y":10.02,"width":504,"height":282},"idle_01":{"x":-7.32,"y":10.02,"width":504,"height":282},"idle_02":{"x":-7.32,"y":10.02,"width":504,"height":282},"idle_03":{"x":-7.32,"y":10.02,"width":504,"height":282},"idle_04":{"x":-7.32,"y":10.02,"width":504,"height":282}}}},"events":{"Event":{},"Hit":{},"HitEffect":{},"sound_1":{},"sound_2":{},"sound_3":{},"sound_4":{},"sound_5":{},"sound_6":{},"voice":{}},"animations":{"idle":{"slots":{"MAIN":{"attachment":[{"time":0,"name":"idle_00"},{"time":0.1666,"name":"idle_01"},{"time":0.3333,"name":"idle_02"},{"time":0.5,"name":"idle_03"},{"time":0.6666,"name":"idle_04"},{"time":0.8333,"name":"idle_04"}]}}}}}