{"skeleton":{"hash":"FntPR67/MAtfGb4X/pZ6UAsI+q8","spine":"3.0.12","width":512,"height":512},"bones":[{"name":"root"},{"name":"MAIN","parent":"root","y":65}],"slots":[{"name":"MAIN","bone":"MAIN","attachment":"idle_00"}],"skins":{"default":{"MAIN":{"idle_00":{"x":-7,"scaleX":2,"scaleY":2,"width":256,"height":256},"idle_01":{"x":-7,"scaleX":2,"scaleY":2,"width":256,"height":256},"idle_02":{"x":-7,"scaleX":2,"scaleY":2,"width":256,"height":256},"idle_03":{"x":-7,"scaleX":2,"scaleY":2,"width":256,"height":256},"kneel1_00":{"x":21.11,"scaleX":2,"scaleY":2,"width":256,"height":256},"weapon_off_00":{"x":-7,"scaleX":2,"scaleY":2,"width":256,"height":256},"weapon_off_01":{"x":-19.05,"scaleX":2,"scaleY":2,"width":256,"height":256}}}},"events":{"Event":{},"Event2":{},"Hit":{},"Sound1":{},"Sound2":{},"Sound3":{},"Voice":{},"memo":{}},"animations":{"idle":{"slots":{"MAIN":{"attachment":[{"time":0,"name":"idle_00"},{"time":0.2333,"name":"idle_01"},{"time":0.4666,"name":"idle_02"},{"time":0.7,"name":"idle_03"},{"time":0.9333,"name":"idle_00"}]}}},"kneel1":{"slots":{"MAIN":{"attachment":[{"time":0,"name":"kneel1_00"}]}}},"weapon_off":{"slots":{"MAIN":{"attachment":[{"time":0,"name":"idle_00"},{"time":0.2,"name":"weapon_off_00"},{"time":0.3333,"name":"weapon_off_01"}]}},"bones":{"MAIN":{"translate":[{"time":0.3333,"x":16.39,"y":0}]}}},"weapon_on":{"slots":{"MAIN":{"attachment":[{"time":0,"name":"weapon_off_01"},{"time":0.2,"name":"weapon_off_00"},{"time":0.3333,"name":"idle_00"}]}},"bones":{"MAIN":{"translate":[{"time":0,"x":0,"y":0,"curve":"stepped"},{"time":0.2,"x":-7.02,"y":0}]}}}}}