{"skeleton":{"hash":"qdNNUFi+XHTqHNWMvz9rqCUxSp8","spine":"3.0.12","width":512,"height":512},"bones":[{"name":"root"},{"name":"MAIN","parent":"root","y":65},{"name":"HITBOX","parent":"MAIN","y":-65},{"name":"EF_dot","parent":"MAIN"},{"name":"EF_MAIN","parent":"root"},{"name":"ef_wave_D_blue","parent":"EF_MAIN","x":700},{"name":"ef_water_wave_main2","parent":"EF_MAIN","x":600},{"name":"ef_water_wave_main","parent":"EF_MAIN","x":600},{"name":"ef_slash_roll_main","parent":"EF_MAIN","x":700,"y":300},{"name":"ef_slash_C_main","parent":"EF_MAIN","x":700,"y":400},{"name":"ef_slash_B_main","parent":"EF_MAIN","x":700,"y":500},{"name":"ef_slash_A_main","parent":"EF_MAIN","x":700,"y":600},{"name":"ef_graund_wave_blue2","parent":"EF_MAIN","x":500},{"name":"ef_graund_wave_blue","parent":"EF_MAIN","x":500},{"name":"ef_dash_blue2","parent":"EF_MAIN","x":300},{"name":"ef_dash_blue","parent":"EF_MAIN","x":300},{"name":"ef_OF_blue3","parent":"EF_MAIN","x":800,"y":600},{"name":"ef_OF_blue2","parent":"EF_MAIN","x":800,"y":600},{"name":"ef_OF_blue","parent":"EF_MAIN","x":800,"y":600},{"name":"S2_wall1_03","parent":"EF_MAIN"},{"name":"S2_wall1_02","parent":"EF_MAIN"},{"name":"S2_wall1_01","parent":"EF_MAIN"},{"name":"S2_wall1_00","parent":"EF_MAIN"},{"name":"DAMAGEAREA","parent":"root"}],"slots":[{"name":"EF_dot","bone":"EF_dot","blend":"additive"},{"name":"skill2_EF","bone":"EF_dot"},{"name":"ef_graund_wave_blue","bone":"ef_graund_wave_blue","blend":"additive"},{"name":"ef_graund_wave_blue2","bone":"ef_graund_wave_blue2","blend":"additive"},{"name":"ef_wave_D_blue","bone":"ef_wave_D_blue","blend":"additive"},{"name":"MAIN","bone":"MAIN","attachment":"idle_00"},{"name":"ef_dash_blue","bone":"ef_dash_blue","blend":"additive"},{"name":"ef_dash_blue2","bone":"ef_dash_blue2","blend":"additive"},{"name":"ef_slash_A_main","bone":"ef_slash_A_main","blend":"additive"},{"name":"ef_slash_B_main","bone":"ef_slash_B_main","blend":"additive"},{"name":"ef_slash_C_main","bone":"ef_slash_C_main","blend":"additive"},{"name":"ef_slash_roll_main","bone":"ef_slash_roll_main","blend":"additive"},{"name":"ef_OF_blue","bone":"ef_OF_blue","blend":"additive"},{"name":"ef_OF_blue2","bone":"ef_OF_blue2","blend":"additive"},{"name":"ef_OF_blue3","bone":"ef_OF_blue3","blend":"additive"},{"name":"ef_water_wave_main","bone":"ef_water_wave_main","blend":"additive"},{"name":"ef_water_wave_main2","bone":"ef_water_wave_main2","blend":"additive"},{"name":"S2_wall1_00","bone":"S2_wall1_00","blend":"additive"},{"name":"S2_wall1_0","bone":"S2_wall1_01","blend":"additive"},{"name":"S2_wall1_1","bone":"S2_wall1_02","blend":"additive"},{"name":"S2_wall1_2","bone":"S2_wall1_03","blend":"additive"},{"name":"HITBOX","bone":"HITBOX","attachment":"HITBOX"},{"name":"DAMAGEAREA","bone":"DAMAGEAREA"}],"skins":{"default":{"DAMAGEAREA":{"DAMAGEAREA":{"type":"boundingbox","vertices":[-64.71391,-64.26135,63.27093,-64.26135,63.27093,63.72351,-65.42891,61.57849]}},"EF_dot":{"dot/EF_attack1_02":{"x":-0.75,"y":-5.26,"scaleX":2,"scaleY":2,"width":256,"height":256},"dot/EF_attack1_03":{"x":-0.75,"y":-5.26,"scaleX":2,"scaleY":2,"width":256,"height":256},"dot/EF_attack1_04":{"x":-0.75,"y":-5.26,"scaleX":2,"scaleY":2,"width":256,"height":256},"dot/EF_attack1_05":{"x":-0.75,"y":-5.26,"scaleX":2,"scaleY":2,"width":256,"height":256},"dot/EF_attack1_07":{"x":-0.75,"y":-5.26,"scaleX":2,"scaleY":2,"width":256,"height":256},"dot/EF_attack1_08":{"x":-0.75,"y":-5.26,"scaleX":2,"scaleY":2,"width":256,"height":256},"dot/EF_attack1_09":{"x":-0.75,"y":-5.26,"scaleX":2,"scaleY":2,"width":256,"height":256},"dot/EF_attack1_10":{"x":-0.75,"y":-5.26,"scaleX":2,"scaleY":2,"width":256,"height":256}},"HITBOX":{"HITBOX":{"type":"boundingbox","vertices":[-23.47815,-1.09736,23.11384,-0.36936,23.11384,103.00661,-23.47815,103.00661]}},"MAIN":{"attack1_00":{"x":-0.75,"y":-5.26,"scaleX":2,"scaleY":2,"width":256,"height":256},"attack1_01":{"x":-0.75,"y":-5.26,"scaleX":2,"scaleY":2,"width":256,"height":256},"attack1_02":{"x":-0.75,"y":-5.26,"scaleX":2,"scaleY":2,"width":256,"height":256},"attack1_03":{"x":-0.75,"y":-5.26,"scaleX":2,"scaleY":2,"width":256,"height":256},"attack1_04":{"x":-0.75,"y":-5.26,"scaleX":2,"scaleY":2,"width":256,"height":256},"attack1_06":{"x":-0.75,"y":-5.26,"scaleX":2,"scaleY":2,"width":256,"height":256},"attack1_07":{"x":-0.75,"y":-5.26,"scaleX":2,"scaleY":2,"width":256,"height":256},"attack1_08":{"x":-0.75,"y":-5.26,"scaleX":2,"scaleY":2,"width":256,"height":256},"attack1_09":{"x":-0.75,"y":-5.26,"scaleX":2,"scaleY":2,"width":256,"height":256},"attack1_11":{"x":-0.75,"y":-5.26,"scaleX":2,"scaleY":2,"width":256,"height":256},"back_00":{"x":-0.75,"y":-5.26,"scaleX":2,"scaleY":2,"width":256,"height":256},"damage_00":{"x":-0.75,"y":-5.26,"scaleX":2,"scaleY":2,"width":256,"height":256},"front_00":{"x":-0.75,"y":-5.26,"scaleX":2,"scaleY":2,"width":256,"height":256},"idle_00":{"x":-0.75,"y":-5.26,"scaleX":2,"scaleY":2,"width":256,"height":256},"idle_01":{"x":-0.75,"y":-5.26,"scaleX":2,"scaleY":2,"width":256,"height":256},"idle_02":{"x":-0.75,"y":-5.26,"scaleX":2,"scaleY":2,"width":256,"height":256},"idle_03":{"x":-0.75,"y":-5.26,"scaleX":2,"scaleY":2,"width":256,"height":256},"idle_04":{"x":-0.75,"y":-5.26,"scaleX":2,"scaleY":2,"width":256,"height":256},"idle_05":{"x":-0.75,"y":-5.26,"scaleX":2,"scaleY":2,"width":256,"height":256},"idle_06":{"x":-0.75,"y":-5.26,"scaleX":2,"scaleY":2,"width":256,"height":256},"idle_07":{"x":-0.75,"y":-5.26,"scaleX":2,"scaleY":2,"width":256,"height":256},"skill1_00":{"x":-0.75,"y":-5.24,"scaleX":2,"scaleY":2,"width":256,"height":256},"skill1_01":{"x":-0.75,"y":-5.24,"scaleX":2,"scaleY":2,"width":256,"height":256},"skill1_02":{"x":-0.75,"y":-5.24,"scaleX":2,"scaleY":2,"width":256,"height":256},"skill1_03":{"x":-0.75,"y":-5.24,"scaleX":2,"scaleY":2,"width":256,"height":256},"skill1_04":{"x":-0.75,"y":-5.24,"scaleX":2,"scaleY":2,"width":256,"height":256},"skill1_05":{"x":-0.75,"y":-5.24,"scaleX":2,"scaleY":2,"width":256,"height":256},"skill1_06":{"x":-0.75,"y":-5.24,"scaleX":2,"scaleY":2,"width":256,"height":256},"skill1_07":{"x":-0.75,"y":-5.24,"scaleX":2,"scaleY":2,"width":256,"height":256},"skill1_08":{"x":-0.75,"y":-5.24,"scaleX":2,"scaleY":2,"width":256,"height":256},"skill1_09":{"x":-0.75,"y":-5.24,"scaleX":2,"scaleY":2,"width":256,"height":256},"skill1_10":{"x":-0.75,"y":-5.24,"scaleX":2,"scaleY":2,"width":256,"height":256},"skill1_11":{"x":-0.75,"y":-5.24,"scaleX":2,"scaleY":2,"width":256,"height":256},"skill1_12":{"x":-0.75,"y":-5.24,"scaleX":2,"scaleY":2,"width":256,"height":256},"skill1_13":{"x":-0.75,"y":-5.24,"scaleX":2,"scaleY":2,"width":256,"height":256},"skill2_00":{"x":-0.75,"y":-5.24,"scaleX":2,"scaleY":2,"width":256,"height":256},"skill2_01":{"x":-0.75,"y":-5.24,"scaleX":2,"scaleY":2,"width":256,"height":256},"skill2_02":{"x":-0.75,"y":-5.24,"scaleX":2,"scaleY":2,"width":256,"height":256},"skill2_03":{"x":-0.75,"y":-5.24,"scaleX":2,"scaleY":2,"width":256,"height":256},"skill2_04":{"x":-0.75,"y":-5.24,"scaleX":2,"scaleY":2,"width":256,"height":256},"skill2_05":{"x":-0.75,"y":-5.24,"scaleX":2,"scaleY":2,"width":256,"height":256},"skill2_06":{"x":-0.75,"y":-5.24,"scaleX":2,"scaleY":2,"width":256,"height":256},"skill2_07":{"x":-0.75,"y":-5.24,"scaleX":2,"scaleY":2,"width":256,"height":256},"skill2_08":{"x":-0.75,"y":-5.24,"scaleX":2,"scaleY":2,"width":256,"height":256},"skill2_09":{"x":-0.75,"y":-5.24,"scaleX":2,"scaleY":2,"width":256,"height":256},"skill2_10":{"x":-0.75,"y":-5.24,"scaleX":2,"scaleY":2,"width":256,"height":256},"skill2_11":{"x":-0.75,"y":-5.24,"scaleX":2,"scaleY":2,"width":256,"height":256},"skill2_12":{"x":-0.75,"y":-5.24,"scaleX":2,"scaleY":2,"width":256,"height":256},"skill2_13":{"x":-0.75,"y":-5.24,"scaleX":2,"scaleY":2,"width":256,"height":256},"skill2_14":{"x":-0.75,"y":-5.24,"scaleX":2,"scaleY":2,"width":256,"height":256},"skill2_15":{"x":-0.75,"y":-5.24,"scaleX":2,"scaleY":2,"width":256,"height":256},"skill2_16":{"x":-0.75,"y":-5.24,"scaleX":2,"scaleY":2,"width":256,"height":256},"skill2_17":{"x":-0.75,"y":-5.24,"scaleX":2,"scaleY":2,"width":256,"height":256},"skill2_18":{"x":-0.75,"y":-5.24,"scaleX":2,"scaleY":2,"width":256,"height":256},"skill2_19":{"x":-0.75,"y":-5.24,"scaleX":2,"scaleY":2,"width":256,"height":256}},"S2_wall1_0":{"EF/S2_wall1_00/9100_S2_wall1_00010":{"y":112.4,"scaleX":1.2,"scaleY":1.2,"width":325,"height":325},"EF/S2_wall1_00/9100_S2_wall1_00014":{"y":112.4,"scaleX":1.2,"scaleY":1.2,"width":325,"height":325},"EF/S2_wall1_00/9100_S2_wall1_00018":{"y":112.4,"scaleX":1.2,"scaleY":1.2,"width":325,"height":325},"EF/S2_wall1_00/9100_S2_wall1_00022":{"y":112.4,"scaleX":1.2,"scaleY":1.2,"width":325,"height":325},"EF/S2_wall1_00/9100_S2_wall1_00026":{"y":112.4,"scaleX":1.2,"scaleY":1.2,"width":325,"height":325},"EF/S2_wall1_00/9100_S2_wall1_00030":{"y":112.4,"scaleX":1.2,"scaleY":1.2,"width":325,"height":325},"EF/S2_wall1_00/9100_S2_wall1_00034":{"y":112.4,"scaleX":1.2,"scaleY":1.2,"width":325,"height":325},"EF/S2_wall1_00/9100_S2_wall1_00038":{"y":112.4,"scaleX":1.2,"scaleY":1.2,"width":325,"height":325},"EF/S2_wall1_00/9100_S2_wall1_00042":{"y":112.4,"scaleX":1.2,"scaleY":1.2,"width":325,"height":325},"EF/S2_wall1_00/9100_S2_wall1_00046":{"y":112.4,"scaleX":1.2,"scaleY":1.2,"width":325,"height":325},"EF/S2_wall1_00/9100_S2_wall1_00050":{"y":112.4,"scaleX":1.2,"scaleY":1.2,"width":325,"height":325}},"S2_wall1_00":{"EF/S2_wall1_00/9100_S2_wall1_00010":{"y":112.4,"scaleX":1.2,"scaleY":1.2,"width":325,"height":325},"EF/S2_wall1_00/9100_S2_wall1_00014":{"y":112.4,"scaleX":1.2,"scaleY":1.2,"width":325,"height":325},"EF/S2_wall1_00/9100_S2_wall1_00018":{"y":112.4,"scaleX":1.2,"scaleY":1.2,"width":325,"height":325},"EF/S2_wall1_00/9100_S2_wall1_00022":{"y":112.4,"scaleX":1.2,"scaleY":1.2,"width":325,"height":325},"EF/S2_wall1_00/9100_S2_wall1_00026":{"y":112.4,"scaleX":1.2,"scaleY":1.2,"width":325,"height":325},"EF/S2_wall1_00/9100_S2_wall1_00030":{"y":112.4,"scaleX":1.2,"scaleY":1.2,"width":325,"height":325},"EF/S2_wall1_00/9100_S2_wall1_00034":{"y":112.4,"scaleX":1.2,"scaleY":1.2,"width":325,"height":325},"EF/S2_wall1_00/9100_S2_wall1_00038":{"y":112.4,"scaleX":1.2,"scaleY":1.2,"width":325,"height":325},"EF/S2_wall1_00/9100_S2_wall1_00042":{"y":112.4,"scaleX":1.2,"scaleY":1.2,"width":325,"height":325},"EF/S2_wall1_00/9100_S2_wall1_00046":{"y":112.4,"scaleX":1.2,"scaleY":1.2,"width":325,"height":325},"EF/S2_wall1_00/9100_S2_wall1_00050":{"y":112.4,"scaleX":1.2,"scaleY":1.2,"width":325,"height":325}},"S2_wall1_1":{"EF/S2_wall1_00/9100_S2_wall1_00010":{"y":112.4,"scaleX":1.2,"scaleY":1.2,"width":325,"height":325},"EF/S2_wall1_00/9100_S2_wall1_00014":{"y":112.4,"scaleX":1.2,"scaleY":1.2,"width":325,"height":325},"EF/S2_wall1_00/9100_S2_wall1_00018":{"y":112.4,"scaleX":1.2,"scaleY":1.2,"width":325,"height":325},"EF/S2_wall1_00/9100_S2_wall1_00022":{"y":112.4,"scaleX":1.2,"scaleY":1.2,"width":325,"height":325},"EF/S2_wall1_00/9100_S2_wall1_00026":{"y":112.4,"scaleX":1.2,"scaleY":1.2,"width":325,"height":325},"EF/S2_wall1_00/9100_S2_wall1_00030":{"y":112.4,"scaleX":1.2,"scaleY":1.2,"width":325,"height":325},"EF/S2_wall1_00/9100_S2_wall1_00034":{"y":112.4,"scaleX":1.2,"scaleY":1.2,"width":325,"height":325},"EF/S2_wall1_00/9100_S2_wall1_00038":{"y":112.4,"scaleX":1.2,"scaleY":1.2,"width":325,"height":325},"EF/S2_wall1_00/9100_S2_wall1_00042":{"y":112.4,"scaleX":1.2,"scaleY":1.2,"width":325,"height":325},"EF/S2_wall1_00/9100_S2_wall1_00046":{"y":112.4,"scaleX":1.2,"scaleY":1.2,"width":325,"height":325},"EF/S2_wall1_00/9100_S2_wall1_00050":{"y":112.4,"scaleX":1.2,"scaleY":1.2,"width":325,"height":325}},"S2_wall1_2":{"EF/S2_wall1_00/9100_S2_wall1_00010":{"y":112.4,"scaleX":1.2,"scaleY":1.2,"width":325,"height":325},"EF/S2_wall1_00/9100_S2_wall1_00014":{"y":112.4,"scaleX":1.2,"scaleY":1.2,"width":325,"height":325},"EF/S2_wall1_00/9100_S2_wall1_00018":{"y":112.4,"scaleX":1.2,"scaleY":1.2,"width":325,"height":325},"EF/S2_wall1_00/9100_S2_wall1_00022":{"y":112.4,"scaleX":1.2,"scaleY":1.2,"width":325,"height":325},"EF/S2_wall1_00/9100_S2_wall1_00026":{"y":112.4,"scaleX":1.2,"scaleY":1.2,"width":325,"height":325},"EF/S2_wall1_00/9100_S2_wall1_00030":{"y":112.4,"scaleX":1.2,"scaleY":1.2,"width":325,"height":325},"EF/S2_wall1_00/9100_S2_wall1_00034":{"y":112.4,"scaleX":1.2,"scaleY":1.2,"width":325,"height":325},"EF/S2_wall1_00/9100_S2_wall1_00038":{"y":112.4,"scaleX":1.2,"scaleY":1.2,"width":325,"height":325},"EF/S2_wall1_00/9100_S2_wall1_00042":{"y":112.4,"scaleX":1.2,"scaleY":1.2,"width":325,"height":325},"EF/S2_wall1_00/9100_S2_wall1_00046":{"y":112.4,"scaleX":1.2,"scaleY":1.2,"width":325,"height":325},"EF/S2_wall1_00/9100_S2_wall1_00050":{"y":112.4,"scaleX":1.2,"scaleY":1.2,"width":325,"height":325}},"ef_OF_blue":{"EF/ef_OF_blue/ef_OF_blue_00006":{"width":200,"height":200}},"ef_OF_blue2":{"EF/ef_OF_blue/ef_OF_blue_00006":{"width":200,"height":200}},"ef_OF_blue3":{"EF/ef_OF_blue/ef_OF_blue_00006":{"width":200,"height":200}},"ef_dash_blue":{"EF/ef_dash_blue/ef_dash_blue_00003":{"x":27.01,"y":40.91,"width":160,"height":160},"EF/ef_dash_blue/ef_dash_blue_00004":{"x":27.01,"y":40.91,"width":160,"height":160},"EF/ef_dash_blue/ef_dash_blue_00005":{"x":27.01,"y":40.91,"width":160,"height":160},"EF/ef_dash_blue/ef_dash_blue_00006":{"x":27.01,"y":40.91,"width":160,"height":160},"EF/ef_dash_blue/ef_dash_blue_00007":{"x":27.01,"y":40.91,"width":160,"height":160},"EF/ef_dash_blue/ef_dash_blue_00008":{"x":27.01,"y":40.91,"width":160,"height":160},"EF/ef_dash_blue/ef_dash_blue_00009":{"x":27.01,"y":40.91,"width":160,"height":160},"EF/ef_dash_blue/ef_dash_blue_00010":{"x":27.01,"y":40.91,"width":160,"height":160},"EF/ef_dash_blue/ef_dash_blue_00011":{"x":27.01,"y":40.91,"width":160,"height":160},"EF/ef_dash_blue/ef_dash_blue_00012":{"x":27.01,"y":40.91,"width":160,"height":160},"EF/ef_dash_blue/ef_dash_blue_00013":{"x":27.01,"y":40.91,"width":160,"height":160}},"ef_dash_blue2":{"EF/ef_dash_blue/ef_dash_blue_00003":{"x":27.01,"y":40.91,"width":160,"height":160},"EF/ef_dash_blue/ef_dash_blue_00004":{"x":27.01,"y":40.91,"width":160,"height":160},"EF/ef_dash_blue/ef_dash_blue_00005":{"x":27.01,"y":40.91,"width":160,"height":160},"EF/ef_dash_blue/ef_dash_blue_00006":{"x":27.01,"y":40.91,"width":160,"height":160},"EF/ef_dash_blue/ef_dash_blue_00007":{"x":27.01,"y":40.91,"width":160,"height":160},"EF/ef_dash_blue/ef_dash_blue_00008":{"x":27.01,"y":40.91,"width":160,"height":160},"EF/ef_dash_blue/ef_dash_blue_00009":{"x":27.01,"y":40.91,"width":160,"height":160},"EF/ef_dash_blue/ef_dash_blue_00010":{"x":27.01,"y":40.91,"width":160,"height":160},"EF/ef_dash_blue/ef_dash_blue_00011":{"x":27.01,"y":40.91,"width":160,"height":160},"EF/ef_dash_blue/ef_dash_blue_00012":{"x":27.01,"y":40.91,"width":160,"height":160},"EF/ef_dash_blue/ef_dash_blue_00013":{"x":27.01,"y":40.91,"width":160,"height":160}},"ef_graund_wave_blue":{"EF/ef_graund_wave_blue/ef_graund_wave_blue_00001":{"y":17.64,"width":400,"height":240},"EF/ef_graund_wave_blue/ef_graund_wave_blue_00003":{"y":19.69,"width":400,"height":240},"EF/ef_graund_wave_blue/ef_graund_wave_blue_00005":{"y":19.69,"width":400,"height":240},"EF/ef_graund_wave_blue/ef_graund_wave_blue_00007":{"y":19.69,"width":400,"height":240},"EF/ef_graund_wave_blue/ef_graund_wave_blue_00008":{"y":19.69,"width":400,"height":240},"EF/ef_graund_wave_blue/ef_graund_wave_blue_00010":{"y":19.69,"width":400,"height":240},"EF/ef_graund_wave_blue/ef_graund_wave_blue_00012":{"y":19.69,"width":400,"height":240},"EF/ef_graund_wave_blue/ef_graund_wave_blue_00013":{"y":19.69,"width":400,"height":240},"EF/ef_graund_wave_blue/ef_graund_wave_blue_00014":{"y":19.69,"width":400,"height":240}},"ef_graund_wave_blue2":{"EF/ef_graund_wave_blue/ef_graund_wave_blue_00001":{"y":17.64,"width":400,"height":240},"EF/ef_graund_wave_blue/ef_graund_wave_blue_00003":{"y":19.69,"width":400,"height":240},"EF/ef_graund_wave_blue/ef_graund_wave_blue_00005":{"y":19.69,"width":400,"height":240},"EF/ef_graund_wave_blue/ef_graund_wave_blue_00007":{"y":19.69,"width":400,"height":240},"EF/ef_graund_wave_blue/ef_graund_wave_blue_00008":{"y":19.69,"width":400,"height":240},"EF/ef_graund_wave_blue/ef_graund_wave_blue_00010":{"y":19.69,"width":400,"height":240},"EF/ef_graund_wave_blue/ef_graund_wave_blue_00012":{"y":19.69,"width":400,"height":240},"EF/ef_graund_wave_blue/ef_graund_wave_blue_00013":{"y":19.69,"width":400,"height":240},"EF/ef_graund_wave_blue/ef_graund_wave_blue_00014":{"y":19.69,"width":400,"height":240}},"ef_slash_A_main":{"EF/ef_slash_A_main/ef_slash_A_main_00001":{"width":200,"height":200},"EF/ef_slash_A_main/ef_slash_A_main_00002":{"width":200,"height":200},"EF/ef_slash_A_main/ef_slash_A_main_00003":{"width":200,"height":200},"EF/ef_slash_A_main/ef_slash_A_main_00004":{"width":200,"height":200},"EF/ef_slash_A_main/ef_slash_A_main_00005":{"width":200,"height":200},"EF/ef_slash_A_main/ef_slash_A_main_00006":{"width":200,"height":200},"EF/ef_slash_A_main/ef_slash_A_main_00007":{"width":200,"height":200},"EF/ef_slash_A_main/ef_slash_A_main_00008":{"width":200,"height":200},"EF/ef_slash_A_main/ef_slash_A_main_00009":{"width":200,"height":200},"EF/ef_slash_A_main/ef_slash_A_main_00010":{"width":200,"height":200}},"ef_slash_B_main":{"EF/ef_slash_B_main/ef_slash_B_main_00001":{"width":200,"height":200},"EF/ef_slash_B_main/ef_slash_B_main_00002":{"width":200,"height":200},"EF/ef_slash_B_main/ef_slash_B_main_00003":{"width":200,"height":200},"EF/ef_slash_B_main/ef_slash_B_main_00004":{"width":200,"height":200},"EF/ef_slash_B_main/ef_slash_B_main_00005":{"width":200,"height":200},"EF/ef_slash_B_main/ef_slash_B_main_00006":{"width":200,"height":200},"EF/ef_slash_B_main/ef_slash_B_main_00007":{"width":200,"height":200},"EF/ef_slash_B_main/ef_slash_B_main_00008":{"width":200,"height":200},"EF/ef_slash_B_main/ef_slash_B_main_00009":{"width":200,"height":200}},"ef_slash_C_main":{"EF/ef_slash_C_main/ef_slash_C_main_00001":{"width":200,"height":200},"EF/ef_slash_C_main/ef_slash_C_main_00002":{"width":200,"height":200},"EF/ef_slash_C_main/ef_slash_C_main_00003":{"width":200,"height":200},"EF/ef_slash_C_main/ef_slash_C_main_00004":{"width":200,"height":200},"EF/ef_slash_C_main/ef_slash_C_main_00005":{"width":200,"height":200},"EF/ef_slash_C_main/ef_slash_C_main_00006":{"width":200,"height":200},"EF/ef_slash_C_main/ef_slash_C_main_00007":{"width":200,"height":200},"EF/ef_slash_C_main/ef_slash_C_main_00008":{"width":200,"height":200},"EF/ef_slash_C_main/ef_slash_C_main_00009":{"width":200,"height":200}},"ef_slash_roll_main":{"EF/ef_slash_roll_main/ef_slash_roll_main_00001":{"scaleX":2,"scaleY":2,"width":200,"height":200},"EF/ef_slash_roll_main/ef_slash_roll_main_00002":{"scaleX":2,"scaleY":2,"width":200,"height":200},"EF/ef_slash_roll_main/ef_slash_roll_main_00003":{"scaleX":2,"scaleY":2,"width":200,"height":200},"EF/ef_slash_roll_main/ef_slash_roll_main_00004":{"scaleX":2,"scaleY":2,"width":200,"height":200},"EF/ef_slash_roll_main/ef_slash_roll_main_00005":{"scaleX":2,"scaleY":2,"width":200,"height":200},"EF/ef_slash_roll_main/ef_slash_roll_main_00006":{"scaleX":2,"scaleY":2,"width":200,"height":200},"EF/ef_slash_roll_main/ef_slash_roll_main_00007":{"scaleX":2,"scaleY":2,"width":200,"height":200},"EF/ef_slash_roll_main/ef_slash_roll_main_00008":{"scaleX":2,"scaleY":2,"width":200,"height":200},"EF/ef_slash_roll_main/ef_slash_roll_main_00009":{"scaleX":2,"scaleY":2,"width":200,"height":200},"EF/ef_slash_roll_main/ef_slash_roll_main_00010":{"scaleX":2,"scaleY":2,"width":200,"height":200}},"ef_water_wave_main":{"EF/ef_water_wave_main/ef_water_wave_main_00001":{"y":8.7,"width":320,"height":200},"EF/ef_water_wave_main/ef_water_wave_main_00003":{"y":8.7,"width":320,"height":200},"EF/ef_water_wave_main/ef_water_wave_main_00005":{"y":8.7,"width":320,"height":200},"EF/ef_water_wave_main/ef_water_wave_main_00007":{"y":8.7,"width":320,"height":200},"EF/ef_water_wave_main/ef_water_wave_main_00009":{"y":8.7,"width":320,"height":200},"EF/ef_water_wave_main/ef_water_wave_main_00011":{"y":8.7,"width":320,"height":200},"EF/ef_water_wave_main/ef_water_wave_main_00013":{"y":8.7,"width":320,"height":200},"EF/ef_water_wave_main/ef_water_wave_main_00015":{"y":8.7,"width":320,"height":200},"EF/ef_water_wave_main/ef_water_wave_main_00017":{"y":8.7,"width":320,"height":200},"EF/ef_water_wave_main/ef_water_wave_main_00019":{"y":8.7,"width":320,"height":200},"EF/ef_water_wave_main/ef_water_wave_main_00021":{"y":8.7,"width":320,"height":200},"EF/ef_water_wave_main/ef_water_wave_main_00023":{"y":8.7,"width":320,"height":200},"EF/ef_water_wave_main/ef_water_wave_main_00025":{"y":8.7,"width":320,"height":200},"EF/ef_water_wave_main/ef_water_wave_main_00026":{"y":8.7,"width":320,"height":200},"EF/ef_water_wave_main/ef_water_wave_main_00027":{"y":8.7,"width":320,"height":200},"EF/ef_water_wave_main/ef_water_wave_main_00028":{"y":8.7,"width":320,"height":200},"EF/ef_water_wave_main/ef_water_wave_main_00029":{"y":8.7,"width":320,"height":200}},"ef_water_wave_main2":{"EF/ef_water_wave_main/ef_water_wave_main_00001":{"y":8.7,"width":320,"height":200},"EF/ef_water_wave_main/ef_water_wave_main_00003":{"y":8.7,"width":320,"height":200},"EF/ef_water_wave_main/ef_water_wave_main_00005":{"y":8.7,"width":320,"height":200},"EF/ef_water_wave_main/ef_water_wave_main_00007":{"y":8.7,"width":320,"height":200},"EF/ef_water_wave_main/ef_water_wave_main_00009":{"y":8.7,"width":320,"height":200},"EF/ef_water_wave_main/ef_water_wave_main_00011":{"y":8.7,"width":320,"height":200},"EF/ef_water_wave_main/ef_water_wave_main_00013":{"y":8.7,"width":320,"height":200},"EF/ef_water_wave_main/ef_water_wave_main_00015":{"y":8.7,"width":320,"height":200},"EF/ef_water_wave_main/ef_water_wave_main_00017":{"y":8.7,"width":320,"height":200},"EF/ef_water_wave_main/ef_water_wave_main_00019":{"y":8.7,"width":320,"height":200},"EF/ef_water_wave_main/ef_water_wave_main_00021":{"y":8.7,"width":320,"height":200},"EF/ef_water_wave_main/ef_water_wave_main_00023":{"y":8.7,"width":320,"height":200},"EF/ef_water_wave_main/ef_water_wave_main_00025":{"y":8.7,"width":320,"height":200},"EF/ef_water_wave_main/ef_water_wave_main_00026":{"y":8.7,"width":320,"height":200},"EF/ef_water_wave_main/ef_water_wave_main_00027":{"y":8.7,"width":320,"height":200},"EF/ef_water_wave_main/ef_water_wave_main_00028":{"y":8.7,"width":320,"height":200},"EF/ef_water_wave_main/ef_water_wave_main_00029":{"y":8.7,"width":320,"height":200}},"ef_wave_D_blue":{"EF/ef_wave_D_blue/ef_wave_D_blue_00001":{"y":17.22,"scaleX":2,"scaleY":2,"width":250,"height":250},"EF/ef_wave_D_blue/ef_wave_D_blue_00002":{"y":17.22,"scaleX":2,"scaleY":2,"width":250,"height":250},"EF/ef_wave_D_blue/ef_wave_D_blue_00003":{"y":17.22,"scaleX":2,"scaleY":2,"width":250,"height":250},"EF/ef_wave_D_blue/ef_wave_D_blue_00004":{"y":17.22,"scaleX":2,"scaleY":2,"width":250,"height":250},"EF/ef_wave_D_blue/ef_wave_D_blue_00005":{"y":17.22,"scaleX":2,"scaleY":2,"width":250,"height":250},"EF/ef_wave_D_blue/ef_wave_D_blue_00006":{"y":17.22,"scaleX":2,"scaleY":2,"width":250,"height":250},"EF/ef_wave_D_blue/ef_wave_D_blue_00007":{"y":17.22,"scaleX":2,"scaleY":2,"width":250,"height":250},"EF/ef_wave_D_blue/ef_wave_D_blue_00008":{"y":17.22,"scaleX":2,"scaleY":2,"width":250,"height":250}},"skill2_EF":{"dot/skill2_EF1":{"scaleX":2,"scaleY":2,"width":256,"height":256},"dot/skill2_EF2":{"scaleX":2,"scaleY":2,"width":256,"height":256},"dot/skill2_EF3":{"scaleX":2,"scaleY":2,"width":256,"height":256},"dot/skill2_EF4":{"scaleX":2,"scaleY":2,"width":256,"height":256}}}},"events":{"Event":{},"Event2":{},"Hit":{"string":"resetHitList"},"Sound1":{},"Sound2":{},"Sound3":{},"Voice":{}},"animations":{"attack1":{"slots":{"DAMAGEAREA":{"attachment":[{"time":0.2333,"name":"DAMAGEAREA"},{"time":0.3,"name":null},{"time":0.5333,"name":"DAMAGEAREA"},{"time":0.6,"name":null}]},"EF_dot":{"attachment":[{"time":0.2,"name":"dot/EF_attack1_02"},{"time":0.2333,"name":"dot/EF_attack1_03"},{"time":0.2666,"name":"dot/EF_attack1_04"},{"time":0.3,"name":"dot/EF_attack1_05"},{"time":0.3333,"name":null},{"time":0.4666,"name":"dot/EF_attack1_07"},{"time":0.5333,"name":"dot/EF_attack1_08"},{"time":0.5666,"name":"dot/EF_attack1_09"},{"time":0.6,"name":"dot/EF_attack1_10"},{"time":0.6333,"name":null}]},"MAIN":{"attachment":[{"time":0,"name":"idle_00"},{"time":0.0333,"name":"attack1_00"},{"time":0.1666,"name":"attack1_01"},{"time":0.2,"name":"attack1_02"},{"time":0.2333,"name":"attack1_03"},{"time":0.3,"name":"attack1_04"},{"time":0.3666,"name":"attack1_06"},{"time":0.4666,"name":"attack1_07"},{"time":0.5333,"name":"attack1_08"},{"time":0.5666,"name":"attack1_09"},{"time":0.7333,"name":"back_00"},{"time":0.9333,"name":"attack1_11"},{"time":1,"name":"idle_00"}]}},"bones":{"MAIN":{"translate":[{"time":0,"x":0,"y":0,"curve":[0.16,0.65,0.75,1]},{"time":0.1333,"x":-47.04,"y":0,"curve":"stepped"},{"time":0.3666,"x":-47.04,"y":0,"curve":[0.045,0.82,0.129,0.87]},{"time":0.5,"x":-55.7,"y":0,"curve":"stepped"},{"time":0.7333,"x":-50.85,"y":4.16},{"time":0.8333,"x":-27.5,"y":11.79},{"time":0.9333,"x":-4.16,"y":0}]},"DAMAGEAREA":{"translate":[{"time":0.2333,"x":-105.62,"y":89.97,"curve":"stepped"},{"time":0.5333,"x":-93.88,"y":89.97}],"scale":[{"time":0.2333,"x":2.088,"y":1.773}]}},"drawOrder":[{"time":0.2}],"events":[{"time":0,"name":"Event","float":0.06,"string":"kHitStopType_normal"},{"time":0,"name":"Sound3","string":"setHitSound(se_battle_019_sword_hit_03)"},{"time":0.0333,"name":"Event","int":10,"string":"kImpactType_normal"},{"time":0.0666,"name":"Event","string":"setHitEffect(hit03b, 1 , 1 , 0)"},{"time":0.2,"name":"Sound1","string":"cri_se_battle_sword_swish_heavy"},{"time":0.2,"name":"Voice","string":"cri_293_voice_attack_random"},{"time":0.4666,"name":"Sound1","string":"cri_se_battle_sword_swish_heavy"},{"time":0.4666,"name":"Sound3","string":"setHitSound(se_battle_019_sword_hit_03)"},{"time":0.4666,"name":"Voice","string":"cri_293_voice_attack_c"},{"time":0.5333,"name":"Hit"}]},"back":{"slots":{"MAIN":{"attachment":[{"time":0,"name":"back_00"},{"time":0.4,"name":"idle_03"},{"time":0.6666,"name":"idle_00"}]}},"bones":{"MAIN":{"translate":[{"time":0,"x":0,"y":0,"curve":[0.111,0.75,0.36,0.88]},{"time":0.2,"x":97.49,"y":15.79},{"time":0.4,"x":133.92,"y":0},{"time":0.6666,"x":140,"y":0}]}},"events":[{"time":0,"name":"Sound1","string":"cri_se_battle_jump"},{"time":0.4,"name":"Sound1","string":"cri_se_battle_landing"}]},"back2":{"slots":{"MAIN":{"attachment":[{"time":0,"name":"back_00"},{"time":0.4,"name":"attack1_11"},{"time":0.6666,"name":"idle_00"}]}},"bones":{"MAIN":{"translate":[{"time":0,"x":0,"y":0,"curve":[0.102,0.76,0.471,0.95]},{"time":0.1333,"x":188.69,"y":56.94},{"time":0.4,"x":237,"y":0},{"time":0.6666,"x":240,"y":0}]}},"events":[{"time":0,"name":"Sound1","string":"cri_se_battle_jump"},{"time":0.4,"name":"Sound1","string":"cri_se_battle_landing"}]},"cast":{"slots":{"MAIN":{"attachment":[{"time":0,"name":"idle_00"},{"time":0.2666,"name":"idle_03"},{"time":0.3333,"name":"attack1_06"},{"time":0.4333,"name":"attack1_07"},{"time":0.5,"name":"attack1_08"},{"time":0.5333,"name":"attack1_09"},{"time":0.9,"name":"idle_01"},{"time":1,"name":"idle_00"}]}},"bones":{"MAIN":{"translate":[{"time":0,"x":0,"y":0,"curve":"stepped"},{"time":0.3333,"x":1.6,"y":0,"curve":"stepped"},{"time":0.5,"x":1.6,"y":0,"curve":[0.047,0.84,0.75,1]},{"time":0.6666,"x":-4.22,"y":0,"curve":"stepped"},{"time":0.9,"x":0,"y":0}]}},"events":[{"time":0.4333,"name":"Voice","string":"cri_293_voice_item"}]},"damage":{"slots":{"MAIN":{"attachment":[{"time":0,"name":"damage_00"}]}}},"front":{"slots":{"MAIN":{"attachment":[{"time":0,"name":"front_00"}]}}},"idle":{"slots":{"MAIN":{"attachment":[{"time":0,"name":"idle_00"},{"time":0.2333,"name":"idle_01"},{"time":0.5,"name":"idle_02"},{"time":0.7333,"name":"idle_03"},{"time":0.9333,"name":"idle_00"},{"time":1.1666,"name":"idle_01"},{"time":1.4333,"name":"idle_02"},{"time":1.6666,"name":"idle_03"},{"time":1.8666,"name":"idle_00"},{"time":2.1,"name":"idle_01"},{"time":2.3666,"name":"idle_02"},{"time":2.6,"name":"idle_04"},{"time":2.6333,"name":"idle_05"},{"time":2.7,"name":"idle_06"},{"time":2.7666,"name":"idle_07"},{"time":2.8,"name":"idle_00"}]}}},"in":{"slots":{"MAIN":{"attachment":[{"time":0,"name":"skill1_11"},{"time":0.1666,"name":"skill1_12"},{"time":0.2333,"name":"skill1_13"},{"time":0.3666,"name":"idle_02"},{"time":0.4666,"name":"idle_04"},{"time":0.5,"name":"idle_05"},{"time":0.5666,"name":"idle_06"},{"time":0.6333,"name":"idle_07"},{"time":0.6666,"name":"idle_00"}],"color":[{"time":0,"color":"ffffff00"},{"time":0.1333,"color":"ffffffff"}]}},"bones":{"MAIN":{"translate":[{"time":0,"x":0,"y":235},{"time":0.1666,"x":0,"y":-2,"curve":"stepped"},{"time":0.2,"x":0,"y":0}]}},"events":[{"time":0,"name":"Event","string":"takeSummon"},{"time":0.1666,"name":"Sound1","string":"cri_se_battle_landing"}]},"skill1":{"slots":{"DAMAGEAREA":{"attachment":[{"time":0.2333,"name":"DAMAGEAREA"},{"time":0.4,"name":null}]},"MAIN":{"attachment":[{"time":0,"name":"idle_00"},{"time":0.0333,"name":"front_00"},{"time":0.1,"name":"skill1_00"},{"time":0.1333,"name":"skill1_01"},{"time":0.1666,"name":"skill1_02"},{"time":0.2,"name":"skill1_03"},{"time":0.2333,"name":"skill1_04"},{"time":0.3333,"name":"skill1_05"},{"time":0.4333,"name":"skill1_06"},{"time":0.5333,"name":"skill1_07"},{"time":0.6,"name":"skill1_08"},{"time":0.6666,"name":"skill1_09"},{"time":0.7333,"name":"skill1_10"},{"time":0.8,"name":"skill1_11"},{"time":1.1,"name":"skill1_12"},{"time":1.2,"name":"skill1_13"},{"time":1.4,"name":"back_00"},{"time":1.6666,"name":"skill1_12"},{"time":1.7333,"name":"skill1_13"},{"time":1.8333,"name":"idle_00"}]},"ef_OF_blue":{"attachment":[{"time":0.1333,"name":"EF/ef_OF_blue/ef_OF_blue_00006"},{"time":0.4666,"name":null}]},"ef_OF_blue2":{"attachment":[{"time":0.1333,"name":"EF/ef_OF_blue/ef_OF_blue_00006"},{"time":0.4666,"name":null}]},"ef_OF_blue3":{"attachment":[{"time":0.1333,"name":"EF/ef_OF_blue/ef_OF_blue_00006"},{"time":0.4666,"name":null}]},"ef_dash_blue":{"attachment":[{"time":0.2,"name":"EF/ef_dash_blue/ef_dash_blue_00003"},{"time":0.2333,"name":"EF/ef_dash_blue/ef_dash_blue_00004"},{"time":0.2666,"name":"EF/ef_dash_blue/ef_dash_blue_00005"},{"time":0.3,"name":"EF/ef_dash_blue/ef_dash_blue_00006"},{"time":0.3333,"name":"EF/ef_dash_blue/ef_dash_blue_00007"},{"time":0.3666,"name":"EF/ef_dash_blue/ef_dash_blue_00008"},{"time":0.4,"name":"EF/ef_dash_blue/ef_dash_blue_00009"},{"time":0.4333,"name":"EF/ef_dash_blue/ef_dash_blue_00010"},{"time":0.4666,"name":"EF/ef_dash_blue/ef_dash_blue_00011"},{"time":0.5,"name":"EF/ef_dash_blue/ef_dash_blue_00012"},{"time":0.5333,"name":"EF/ef_dash_blue/ef_dash_blue_00013"},{"time":0.5666,"name":null}]},"ef_graund_wave_blue":{"attachment":[{"time":0.0333,"name":"EF/ef_graund_wave_blue/ef_graund_wave_blue_00001"},{"time":0.0666,"name":"EF/ef_graund_wave_blue/ef_graund_wave_blue_00003"},{"time":0.1,"name":"EF/ef_graund_wave_blue/ef_graund_wave_blue_00005"},{"time":0.1333,"name":"EF/ef_graund_wave_blue/ef_graund_wave_blue_00007"},{"time":0.1666,"name":"EF/ef_graund_wave_blue/ef_graund_wave_blue_00008"},{"time":0.2,"name":"EF/ef_graund_wave_blue/ef_graund_wave_blue_00010"},{"time":0.2333,"name":"EF/ef_graund_wave_blue/ef_graund_wave_blue_00012"},{"time":0.2666,"name":"EF/ef_graund_wave_blue/ef_graund_wave_blue_00013"},{"time":0.3,"name":"EF/ef_graund_wave_blue/ef_graund_wave_blue_00014"},{"time":0.3333,"name":null}]},"ef_graund_wave_blue2":{"attachment":[{"time":0.2,"name":"EF/ef_graund_wave_blue/ef_graund_wave_blue_00001"},{"time":0.2333,"name":"EF/ef_graund_wave_blue/ef_graund_wave_blue_00003"},{"time":0.2666,"name":"EF/ef_graund_wave_blue/ef_graund_wave_blue_00005"},{"time":0.3,"name":"EF/ef_graund_wave_blue/ef_graund_wave_blue_00007"},{"time":0.3333,"name":"EF/ef_graund_wave_blue/ef_graund_wave_blue_00008"},{"time":0.3666,"name":"EF/ef_graund_wave_blue/ef_graund_wave_blue_00010"},{"time":0.4,"name":"EF/ef_graund_wave_blue/ef_graund_wave_blue_00012"},{"time":0.4333,"name":"EF/ef_graund_wave_blue/ef_graund_wave_blue_00013"},{"time":0.4666,"name":"EF/ef_graund_wave_blue/ef_graund_wave_blue_00014"},{"time":0.5,"name":null}]},"ef_slash_A_main":{"attachment":[{"time":0.2,"name":"EF/ef_slash_A_main/ef_slash_A_main_00001"},{"time":0.2333,"name":"EF/ef_slash_A_main/ef_slash_A_main_00002"},{"time":0.2666,"name":"EF/ef_slash_A_main/ef_slash_A_main_00003"},{"time":0.3,"name":"EF/ef_slash_A_main/ef_slash_A_main_00004"},{"time":0.3333,"name":"EF/ef_slash_A_main/ef_slash_A_main_00005"},{"time":0.3666,"name":"EF/ef_slash_A_main/ef_slash_A_main_00006"},{"time":0.4,"name":"EF/ef_slash_A_main/ef_slash_A_main_00007"},{"time":0.4333,"name":"EF/ef_slash_A_main/ef_slash_A_main_00008"},{"time":0.4666,"name":"EF/ef_slash_A_main/ef_slash_A_main_00009"},{"time":0.5,"name":"EF/ef_slash_A_main/ef_slash_A_main_00010"},{"time":0.5333,"name":null}]}},"bones":{"MAIN":{"translate":[{"time":0,"x":0,"y":0,"curve":"stepped"},{"time":0.0333,"x":-11.19,"y":0,"curve":[0.138,0.65,0.75,1]},{"time":0.2,"x":-28.76,"y":0,"curve":[0.071,0.87,0.295,0.95]},{"time":0.7,"x":-86.28,"y":294.16,"curve":[0.449,0.15,0.866,0.62]},{"time":1.1,"x":-95.44,"y":-1},{"time":1.1333,"x":-95.44,"y":0,"curve":"stepped"},{"time":1.4,"x":-58.69,"y":0},{"time":1.5,"x":-42.88,"y":8.96},{"time":1.6666,"x":-15,"y":0,"curve":[0.042,1,0.468,0.96]},{"time":1.8333,"x":0,"y":0}]},"ef_graund_wave_blue":{"rotate":[{"time":0,"angle":0.03}],"translate":[{"time":0.0333,"x":-503.25,"y":0}]},"ef_graund_wave_blue2":{"translate":[{"time":0.2,"x":-529.73,"y":0}]},"ef_dash_blue":{"translate":[{"time":0.2,"x":-303.01,"y":0}],"scale":[{"time":0.2,"x":2,"y":2}]},"ef_slash_A_main":{"rotate":[{"time":0.2,"angle":27.97,"curve":"stepped"},{"time":0.2333,"angle":1.54}],"translate":[{"time":0.2,"x":-788.82,"y":-491.45,"curve":"stepped"},{"time":0.2333,"x":-796.9,"y":-410.67,"curve":[0.262,0.44,0.634,0.64]},{"time":0.4,"x":-769.52,"y":-277}],"scale":[{"time":0.2,"x":3.725,"y":2,"curve":"stepped"},{"time":0.2333,"x":3.725,"y":3.307}]},"ef_OF_blue":{"rotate":[{"time":0.1333,"angle":0,"curve":"stepped"},{"time":0.2,"angle":-39.27,"curve":"stepped"},{"time":0.2666,"angle":30.41,"curve":"stepped"},{"time":0.3,"angle":68.18,"curve":"stepped"},{"time":0.3666,"angle":105.62,"curve":"stepped"},{"time":0.4,"angle":64.11,"curve":"stepped"},{"time":0.4333,"angle":50.84}],"translate":[{"time":0.1333,"x":-772.97,"y":-462.7,"curve":"stepped"},{"time":0.1666,"x":-760.83,"y":-476.19,"curve":"stepped"},{"time":0.2,"x":-930.44,"y":-602.26,"curve":"stepped"},{"time":0.2333,"x":-825.91,"y":-258.15,"curve":"stepped"},{"time":0.2666,"x":-837.89,"y":-201.91,"curve":"stepped"},{"time":0.3,"x":-844.35,"y":-168.72,"curve":"stepped"},{"time":0.3333,"x":-848.04,"y":-144.75,"curve":"stepped"},{"time":0.3666,"x":-849.88,"y":-132.76,"curve":"stepped"},{"time":0.4,"x":-850.8,"y":-127.23,"curve":"stepped"},{"time":0.4333,"x":-827.75,"y":-287.66}],"scale":[{"time":0.1333,"x":1,"y":1,"curve":"stepped"},{"time":0.1666,"x":4,"y":4,"curve":"stepped"},{"time":0.2,"x":-2.994,"y":-2.994,"curve":"stepped"},{"time":0.2333,"x":-2.057,"y":-2.057,"curve":"stepped"},{"time":0.2666,"x":-1.661,"y":-1.661,"curve":"stepped"},{"time":0.3,"x":-1.166,"y":-1.166,"curve":"stepped"},{"time":0.3333,"x":-1.469,"y":-1.469,"curve":"stepped"},{"time":0.3666,"x":-1.339,"y":-1.339,"curve":"stepped"},{"time":0.4,"x":-2.211,"y":-2.211,"curve":"stepped"},{"time":0.4333,"x":-0.769,"y":-0.769}]},"ef_OF_blue2":{"rotate":[{"time":0.1333,"angle":40.96,"curve":"stepped"},{"time":0.2,"angle":-36.14,"curve":"stepped"},{"time":0.3,"angle":50.63,"curve":"stepped"},{"time":0.3333,"angle":82.05,"curve":"stepped"},{"time":0.4333,"angle":-134.05}],"translate":[{"time":0.1333,"x":-781.01,"y":-487.66,"curve":"stepped"},{"time":0.1666,"x":-775.68,"y":-497.87,"curve":"stepped"},{"time":0.2,"x":-916.87,"y":-588.89,"curve":"stepped"},{"time":0.2333,"x":-833.23,"y":-279.49,"curve":"stepped"},{"time":0.2666,"x":-842.75,"y":-226.45,"curve":"stepped"},{"time":0.3,"x":-849.71,"y":-191.41,"curve":"stepped"},{"time":0.3333,"x":-853.93,"y":-171.15,"curve":"stepped"},{"time":0.3666,"x":-858.15,"y":-156.81,"curve":"stepped"},{"time":0.4,"x":-858.15,"y":-146.68,"curve":"stepped"},{"time":0.4333,"x":-833.68,"y":-266.53}],"scale":[{"time":0.1333,"x":1,"y":1,"curve":"stepped"},{"time":0.1666,"x":1.519,"y":1.519,"curve":"stepped"},{"time":0.2,"x":-1.636,"y":-1.636,"curve":"stepped"},{"time":0.2666,"x":-0.784,"y":-0.784,"curve":"stepped"},{"time":0.3,"x":-1.517,"y":-1.517,"curve":"stepped"},{"time":0.3666,"x":-1.903,"y":-1.903,"curve":"stepped"},{"time":0.4,"x":-1.067,"y":-1.067}]},"ef_OF_blue3":{"rotate":[{"time":0.1333,"angle":15.09,"curve":"stepped"},{"time":0.2,"angle":-36.14,"curve":"stepped"},{"time":0.2666,"angle":-43.04,"curve":"stepped"},{"time":0.3,"angle":50.63,"curve":"stepped"},{"time":0.3333,"angle":79.29,"curve":"stepped"},{"time":0.4333,"angle":-134.05}],"translate":[{"time":0.1333,"x":-787.42,"y":-504.21,"curve":"stepped"},{"time":0.1666,"x":-790.63,"y":-511.22,"curve":"stepped"},{"time":0.2,"x":-902.2,"y":-571.77,"curve":"stepped"},{"time":0.2333,"x":-840.71,"y":-299.24,"curve":"stepped"},{"time":0.2666,"x":-850.07,"y":-241.33,"curve":"stepped"},{"time":0.3,"x":-856.29,"y":-210.37,"curve":"stepped"},{"time":0.3333,"x":-861.29,"y":-188.57,"curve":"stepped"},{"time":0.3666,"x":-863.18,"y":-175.38,"curve":"stepped"},{"time":0.4,"x":-865.12,"y":-164.48,"curve":"stepped"},{"time":0.4333,"x":-837.93,"y":-248.72,"curve":"stepped"},{"time":0.4666,"x":-838.71,"y":-244.47}],"scale":[{"time":0.1333,"x":1,"y":1,"curve":"stepped"},{"time":0.1666,"x":1.272,"y":1.272,"curve":"stepped"},{"time":0.2,"x":-1.636,"y":-1.636,"curve":"stepped"},{"time":0.2666,"x":-0.875,"y":-0.875,"curve":"stepped"},{"time":0.3,"x":-1.517,"y":-1.517,"curve":"stepped"},{"time":0.3666,"x":-1.903,"y":-1.903,"curve":"stepped"},{"time":0.4,"x":-1.067,"y":-1.067}]},"DAMAGEAREA":{"translate":[{"time":0.2333,"x":-148.05,"y":210.56}],"scale":[{"time":0.2333,"x":2.633,"y":3.673}]}},"events":[{"time":0,"name":"Event","float":0.1,"string":"kHitStopType_normal"},{"time":0,"name":"Sound3","string":"setHitSound(se_battle_sword_heavy_hit)"},{"time":0,"name":"Voice","string":"cri_293_voice_skill_all"},{"time":0.0333,"name":"Event","int":200,"string":"kImpactType_up"},{"time":0.0666,"name":"Event","string":"setHitEffect(hit03b, 1 , 1 , 0)"},{"time":0.2,"name":"Sound1","string":"cri_se_battle_skill_swish"},{"time":0.2,"name":"Sound2","string":"cri_se_battle_044_freeze"},{"time":1.1,"name":"Sound1","string":"cri_se_battle_landing"},{"time":1.4,"name":"Sound1","string":"cri_se_battle_jump"},{"time":1.6666,"name":"Sound1","string":"cri_se_battle_landing"}]},"skill2":{"slots":{"MAIN":{"attachment":[{"time":0,"name":"idle_00"},{"time":0.0333,"name":"skill2_00"},{"time":0.1,"name":"skill2_01"},{"time":0.1666,"name":"skill2_02"},{"time":0.2333,"name":"skill2_03"},{"time":0.3,"name":"skill2_04"},{"time":0.6666,"name":"skill2_05"},{"time":0.7333,"name":"skill2_06"},{"time":0.8,"name":"skill2_07"},{"time":0.8666,"name":"skill2_08"},{"time":0.9,"name":"skill2_09"},{"time":0.9333,"name":"skill2_11"},{"time":1,"name":"skill2_10"},{"time":1.1666,"name":"skill2_12"},{"time":1.5666,"name":"skill2_13"},{"time":1.6333,"name":"skill2_14"},{"time":1.7,"name":"skill2_15"},{"time":1.7666,"name":"skill2_13"},{"time":1.8333,"name":"skill2_14"},{"time":1.9,"name":"skill2_15"},{"time":1.9666,"name":"skill2_13"},{"time":2.0333,"name":"skill2_14"},{"time":2.1,"name":"skill2_15"},{"time":2.1666,"name":"skill2_13"},{"time":2.2333,"name":"skill2_14"},{"time":2.3,"name":"skill2_15"},{"time":2.3666,"name":"skill2_13"},{"time":2.4333,"name":"skill2_14"},{"time":2.5,"name":"skill2_15"},{"time":2.5666,"name":"skill2_13"},{"time":2.6333,"name":"skill2_14"},{"time":2.7,"name":"skill2_15"},{"time":2.7666,"name":"skill2_13"},{"time":2.8333,"name":"skill2_14"},{"time":2.9,"name":"skill2_15"},{"time":2.9666,"name":"skill2_14"},{"time":3.0333,"name":"skill2_15"},{"time":3.1,"name":"skill2_16"},{"time":3.2,"name":"skill2_17"},{"time":3.3,"name":"skill2_18"},{"time":3.5666,"name":"skill2_19"},{"time":3.8333,"name":"idle_00"}]},"S2_wall1_00":{"attachment":[{"time":1.5666,"name":"EF/S2_wall1_00/9100_S2_wall1_00050"},{"time":1.7,"name":"EF/S2_wall1_00/9100_S2_wall1_00046"},{"time":1.8333,"name":"EF/S2_wall1_00/9100_S2_wall1_00042"},{"time":1.9666,"name":"EF/S2_wall1_00/9100_S2_wall1_00038"},{"time":2.1,"name":"EF/S2_wall1_00/9100_S2_wall1_00034"},{"time":2.2333,"name":"EF/S2_wall1_00/9100_S2_wall1_00030"},{"time":2.3666,"name":"EF/S2_wall1_00/9100_S2_wall1_00026"},{"time":2.5,"name":null}],"color":[{"time":1.5666,"color":"ffffff00","curve":[0.25,0,0.75,1]},{"time":1.7333,"color":"ffffffff","curve":"stepped"},{"time":2.2,"color":"ffffffff"},{"time":2.5,"color":"ffffff00"}]},"S2_wall1_0":{"attachment":[{"time":1.5666,"name":"EF/S2_wall1_00/9100_S2_wall1_00050"},{"time":1.7,"name":"EF/S2_wall1_00/9100_S2_wall1_00046"},{"time":1.8333,"name":"EF/S2_wall1_00/9100_S2_wall1_00042"},{"time":1.9666,"name":"EF/S2_wall1_00/9100_S2_wall1_00038"},{"time":2.1,"name":"EF/S2_wall1_00/9100_S2_wall1_00034"},{"time":2.2333,"name":"EF/S2_wall1_00/9100_S2_wall1_00030"},{"time":2.3666,"name":"EF/S2_wall1_00/9100_S2_wall1_00026"},{"time":2.5,"name":null}],"color":[{"time":1.5666,"color":"ffffff00","curve":[0.25,0,0.75,1]},{"time":1.7333,"color":"ffffffff","curve":"stepped"},{"time":2.2,"color":"ffffffff"},{"time":2.5,"color":"ffffff00"}]},"S2_wall1_1":{"attachment":[{"time":2.1,"name":"EF/S2_wall1_00/9100_S2_wall1_00014"},{"time":2.2,"name":"EF/S2_wall1_00/9100_S2_wall1_00018"},{"time":2.3333,"name":"EF/S2_wall1_00/9100_S2_wall1_00022"},{"time":2.4666,"name":"EF/S2_wall1_00/9100_S2_wall1_00026"},{"time":2.6,"name":"EF/S2_wall1_00/9100_S2_wall1_00030"},{"time":2.7333,"name":"EF/S2_wall1_00/9100_S2_wall1_00034"},{"time":2.8666,"name":"EF/S2_wall1_00/9100_S2_wall1_00038"},{"time":3,"name":"EF/S2_wall1_00/9100_S2_wall1_00042"},{"time":3.1,"name":"EF/S2_wall1_00/9100_S2_wall1_00046"},{"time":3.2,"name":"EF/S2_wall1_00/9100_S2_wall1_00050"},{"time":3.3,"name":null}],"color":[{"time":2.1,"color":"ffffff00"},{"time":2.4333,"color":"ffffffff","curve":"stepped"},{"time":2.9333,"color":"ffffffff","curve":[0.134,0.79,0.75,1]},{"time":3.3,"color":"ffffff00"}]},"S2_wall1_2":{"attachment":[{"time":2.1,"name":"EF/S2_wall1_00/9100_S2_wall1_00010"},{"time":2.2,"name":"EF/S2_wall1_00/9100_S2_wall1_00018"},{"time":2.3333,"name":"EF/S2_wall1_00/9100_S2_wall1_00022"},{"time":2.3666,"name":"EF/S2_wall1_00/9100_S2_wall1_00022"},{"time":2.4666,"name":"EF/S2_wall1_00/9100_S2_wall1_00026"},{"time":2.6,"name":"EF/S2_wall1_00/9100_S2_wall1_00030"},{"time":2.7333,"name":"EF/S2_wall1_00/9100_S2_wall1_00034"},{"time":2.8666,"name":"EF/S2_wall1_00/9100_S2_wall1_00038"},{"time":3,"name":"EF/S2_wall1_00/9100_S2_wall1_00042"},{"time":3.1,"name":"EF/S2_wall1_00/9100_S2_wall1_00046"},{"time":3.2,"name":"EF/S2_wall1_00/9100_S2_wall1_00050"},{"time":3.3,"name":null}],"color":[{"time":2.1,"color":"ffffff00"},{"time":2.4333,"color":"ffffffff","curve":"stepped"},{"time":2.9333,"color":"ffffffff","curve":[0.134,0.79,0.75,1]},{"time":3.3,"color":"ffffff00"}]},"ef_OF_blue":{"attachment":[{"time":0.0333,"name":"EF/ef_OF_blue/ef_OF_blue_00006"},{"time":0.1,"name":null},{"time":3.5666,"name":"EF/ef_OF_blue/ef_OF_blue_00006"},{"time":3.8,"name":null}],"color":[{"time":3.5666,"color":"ffffffff"},{"time":3.8,"color":"ffffff00"}]},"ef_OF_blue2":{"attachment":[{"time":0.0333,"name":"EF/ef_OF_blue/ef_OF_blue_00006"},{"time":0.1,"name":null},{"time":1.5666,"name":"EF/ef_OF_blue/ef_OF_blue_00006"},{"time":3.8,"name":null}],"color":[{"time":3.6,"color":"ffffffff"},{"time":3.8,"color":"ffffff00"}]},"ef_OF_blue3":{"attachment":[{"time":0.0333,"name":"EF/ef_OF_blue/ef_OF_blue_00006"},{"time":0.1,"name":null},{"time":1.5666,"name":"EF/ef_OF_blue/ef_OF_blue_00006"},{"time":3.8,"name":null}],"color":[{"time":3.6,"color":"ffffffff"},{"time":3.8,"color":"ffffff00"}]},"ef_graund_wave_blue":{"attachment":[{"time":0.9666,"name":"EF/ef_graund_wave_blue/ef_graund_wave_blue_00001"},{"time":1,"name":"EF/ef_graund_wave_blue/ef_graund_wave_blue_00003"},{"time":1.0333,"name":"EF/ef_graund_wave_blue/ef_graund_wave_blue_00005"},{"time":1.0666,"name":"EF/ef_graund_wave_blue/ef_graund_wave_blue_00007"},{"time":1.1,"name":"EF/ef_graund_wave_blue/ef_graund_wave_blue_00010"},{"time":1.1333,"name":"EF/ef_graund_wave_blue/ef_graund_wave_blue_00012"},{"time":1.1666,"name":"EF/ef_graund_wave_blue/ef_graund_wave_blue_00013"},{"time":1.2,"name":"EF/ef_graund_wave_blue/ef_graund_wave_blue_00014"},{"time":1.2333,"name":null},{"time":1.5666,"name":"EF/ef_graund_wave_blue/ef_graund_wave_blue_00001"},{"time":1.6,"name":"EF/ef_graund_wave_blue/ef_graund_wave_blue_00003"},{"time":1.6333,"name":"EF/ef_graund_wave_blue/ef_graund_wave_blue_00005"},{"time":1.6666,"name":"EF/ef_graund_wave_blue/ef_graund_wave_blue_00007"},{"time":1.7,"name":"EF/ef_graund_wave_blue/ef_graund_wave_blue_00010"},{"time":1.7333,"name":"EF/ef_graund_wave_blue/ef_graund_wave_blue_00012"},{"time":1.7666,"name":"EF/ef_graund_wave_blue/ef_graund_wave_blue_00013"},{"time":1.8,"name":"EF/ef_graund_wave_blue/ef_graund_wave_blue_00014"},{"time":1.8333,"name":null},{"time":1.9666,"name":"EF/ef_graund_wave_blue/ef_graund_wave_blue_00001"},{"time":2,"name":"EF/ef_graund_wave_blue/ef_graund_wave_blue_00003"},{"time":2.0333,"name":"EF/ef_graund_wave_blue/ef_graund_wave_blue_00005"},{"time":2.0666,"name":"EF/ef_graund_wave_blue/ef_graund_wave_blue_00007"},{"time":2.1,"name":"EF/ef_graund_wave_blue/ef_graund_wave_blue_00010"},{"time":2.1333,"name":"EF/ef_graund_wave_blue/ef_graund_wave_blue_00012"},{"time":2.1666,"name":"EF/ef_graund_wave_blue/ef_graund_wave_blue_00013"},{"time":2.2,"name":"EF/ef_graund_wave_blue/ef_graund_wave_blue_00014"},{"time":2.2333,"name":null},{"time":2.3666,"name":"EF/ef_graund_wave_blue/ef_graund_wave_blue_00001"},{"time":2.4,"name":"EF/ef_graund_wave_blue/ef_graund_wave_blue_00003"},{"time":2.4333,"name":"EF/ef_graund_wave_blue/ef_graund_wave_blue_00005"},{"time":2.4666,"name":"EF/ef_graund_wave_blue/ef_graund_wave_blue_00007"},{"time":2.5,"name":"EF/ef_graund_wave_blue/ef_graund_wave_blue_00010"},{"time":2.5333,"name":"EF/ef_graund_wave_blue/ef_graund_wave_blue_00012"},{"time":2.5666,"name":"EF/ef_graund_wave_blue/ef_graund_wave_blue_00013"},{"time":2.6,"name":"EF/ef_graund_wave_blue/ef_graund_wave_blue_00014"},{"time":2.6333,"name":null},{"time":2.7666,"name":"EF/ef_graund_wave_blue/ef_graund_wave_blue_00001"},{"time":2.8,"name":"EF/ef_graund_wave_blue/ef_graund_wave_blue_00003"},{"time":2.8333,"name":"EF/ef_graund_wave_blue/ef_graund_wave_blue_00005"},{"time":2.8666,"name":"EF/ef_graund_wave_blue/ef_graund_wave_blue_00007"},{"time":2.9,"name":"EF/ef_graund_wave_blue/ef_graund_wave_blue_00010"},{"time":2.9333,"name":"EF/ef_graund_wave_blue/ef_graund_wave_blue_00012"},{"time":2.9666,"name":"EF/ef_graund_wave_blue/ef_graund_wave_blue_00013"},{"time":3,"name":"EF/ef_graund_wave_blue/ef_graund_wave_blue_00014"},{"time":3.0333,"name":null}]},"ef_graund_wave_blue2":{"attachment":[{"time":1.7666,"name":"EF/ef_graund_wave_blue/ef_graund_wave_blue_00001"},{"time":1.8,"name":"EF/ef_graund_wave_blue/ef_graund_wave_blue_00003"},{"time":1.8333,"name":"EF/ef_graund_wave_blue/ef_graund_wave_blue_00005"},{"time":1.8666,"name":"EF/ef_graund_wave_blue/ef_graund_wave_blue_00007"},{"time":1.9,"name":"EF/ef_graund_wave_blue/ef_graund_wave_blue_00008"},{"time":1.9333,"name":"EF/ef_graund_wave_blue/ef_graund_wave_blue_00010"},{"time":1.9666,"name":"EF/ef_graund_wave_blue/ef_graund_wave_blue_00012"},{"time":2,"name":"EF/ef_graund_wave_blue/ef_graund_wave_blue_00013"},{"time":2.0333,"name":"EF/ef_graund_wave_blue/ef_graund_wave_blue_00014"},{"time":2.0666,"name":null},{"time":2.1666,"name":"EF/ef_graund_wave_blue/ef_graund_wave_blue_00001"},{"time":2.2,"name":"EF/ef_graund_wave_blue/ef_graund_wave_blue_00003"},{"time":2.2333,"name":"EF/ef_graund_wave_blue/ef_graund_wave_blue_00005"},{"time":2.2666,"name":"EF/ef_graund_wave_blue/ef_graund_wave_blue_00007"},{"time":2.3,"name":"EF/ef_graund_wave_blue/ef_graund_wave_blue_00008"},{"time":2.3333,"name":"EF/ef_graund_wave_blue/ef_graund_wave_blue_00010"},{"time":2.3666,"name":"EF/ef_graund_wave_blue/ef_graund_wave_blue_00012"},{"time":2.4,"name":"EF/ef_graund_wave_blue/ef_graund_wave_blue_00013"},{"time":2.4333,"name":"EF/ef_graund_wave_blue/ef_graund_wave_blue_00014"},{"time":2.4666,"name":null},{"time":2.5666,"name":"EF/ef_graund_wave_blue/ef_graund_wave_blue_00001"},{"time":2.6,"name":"EF/ef_graund_wave_blue/ef_graund_wave_blue_00003"},{"time":2.6333,"name":"EF/ef_graund_wave_blue/ef_graund_wave_blue_00005"},{"time":2.6666,"name":"EF/ef_graund_wave_blue/ef_graund_wave_blue_00007"},{"time":2.7,"name":"EF/ef_graund_wave_blue/ef_graund_wave_blue_00008"},{"time":2.7333,"name":"EF/ef_graund_wave_blue/ef_graund_wave_blue_00010"},{"time":2.7666,"name":"EF/ef_graund_wave_blue/ef_graund_wave_blue_00012"},{"time":2.8,"name":"EF/ef_graund_wave_blue/ef_graund_wave_blue_00013"},{"time":2.8333,"name":"EF/ef_graund_wave_blue/ef_graund_wave_blue_00014"},{"time":2.8666,"name":null}]},"ef_slash_roll_main":{"attachment":[{"time":0.1,"name":"EF/ef_slash_roll_main/ef_slash_roll_main_00001"},{"time":0.1333,"name":"EF/ef_slash_roll_main/ef_slash_roll_main_00002"},{"time":0.1666,"name":"EF/ef_slash_roll_main/ef_slash_roll_main_00003"},{"time":0.2,"name":"EF/ef_slash_roll_main/ef_slash_roll_main_00004"},{"time":0.2333,"name":"EF/ef_slash_roll_main/ef_slash_roll_main_00005"},{"time":0.2666,"name":"EF/ef_slash_roll_main/ef_slash_roll_main_00006"},{"time":0.3,"name":"EF/ef_slash_roll_main/ef_slash_roll_main_00007"},{"time":0.3333,"name":"EF/ef_slash_roll_main/ef_slash_roll_main_00003"},{"time":0.3666,"name":"EF/ef_slash_roll_main/ef_slash_roll_main_00004"},{"time":0.4,"name":"EF/ef_slash_roll_main/ef_slash_roll_main_00005"},{"time":0.4333,"name":"EF/ef_slash_roll_main/ef_slash_roll_main_00006"},{"time":0.4666,"name":"EF/ef_slash_roll_main/ef_slash_roll_main_00004"},{"time":0.5,"name":"EF/ef_slash_roll_main/ef_slash_roll_main_00005"},{"time":0.5333,"name":"EF/ef_slash_roll_main/ef_slash_roll_main_00006"},{"time":0.5666,"name":"EF/ef_slash_roll_main/ef_slash_roll_main_00007"},{"time":0.6,"name":"EF/ef_slash_roll_main/ef_slash_roll_main_00008"},{"time":0.6333,"name":"EF/ef_slash_roll_main/ef_slash_roll_main_00009"},{"time":0.6666,"name":"EF/ef_slash_roll_main/ef_slash_roll_main_00010"},{"time":0.7,"name":null},{"time":1,"name":"EF/ef_slash_roll_main/ef_slash_roll_main_00001"},{"time":1.0333,"name":"EF/ef_slash_roll_main/ef_slash_roll_main_00002"},{"time":1.0666,"name":"EF/ef_slash_roll_main/ef_slash_roll_main_00003"},{"time":1.1,"name":"EF/ef_slash_roll_main/ef_slash_roll_main_00004"},{"time":1.1333,"name":"EF/ef_slash_roll_main/ef_slash_roll_main_00005"},{"time":1.1666,"name":"EF/ef_slash_roll_main/ef_slash_roll_main_00006"},{"time":1.2,"name":"EF/ef_slash_roll_main/ef_slash_roll_main_00007"},{"time":1.2333,"name":"EF/ef_slash_roll_main/ef_slash_roll_main_00003"},{"time":1.2666,"name":"EF/ef_slash_roll_main/ef_slash_roll_main_00004"},{"time":1.3,"name":"EF/ef_slash_roll_main/ef_slash_roll_main_00005"},{"time":1.3333,"name":"EF/ef_slash_roll_main/ef_slash_roll_main_00006"},{"time":1.3666,"name":"EF/ef_slash_roll_main/ef_slash_roll_main_00007"},{"time":1.4,"name":"EF/ef_slash_roll_main/ef_slash_roll_main_00003"},{"time":1.4333,"name":"EF/ef_slash_roll_main/ef_slash_roll_main_00004"},{"time":1.4666,"name":"EF/ef_slash_roll_main/ef_slash_roll_main_00005"},{"time":1.5,"name":"EF/ef_slash_roll_main/ef_slash_roll_main_00006"},{"time":1.5333,"name":"EF/ef_slash_roll_main/ef_slash_roll_main_00007"},{"time":1.5666,"name":"EF/ef_slash_roll_main/ef_slash_roll_main_00008"},{"time":1.6,"name":"EF/ef_slash_roll_main/ef_slash_roll_main_00009"},{"time":1.6333,"name":"EF/ef_slash_roll_main/ef_slash_roll_main_00010"},{"time":1.6666,"name":null}],"color":[{"time":0.6,"color":"ffffffff"},{"time":0.7,"color":"ffffff00","curve":"stepped"},{"time":1,"color":"ffffffff"}]},"ef_wave_D_blue":{"attachment":[{"time":0.9666,"name":"EF/ef_wave_D_blue/ef_wave_D_blue_00001"},{"time":1,"name":"EF/ef_wave_D_blue/ef_wave_D_blue_00002"},{"time":1.0333,"name":"EF/ef_wave_D_blue/ef_wave_D_blue_00003"},{"time":1.0666,"name":"EF/ef_wave_D_blue/ef_wave_D_blue_00004"},{"time":1.1,"name":"EF/ef_wave_D_blue/ef_wave_D_blue_00005"},{"time":1.1333,"name":"EF/ef_wave_D_blue/ef_wave_D_blue_00006"},{"time":1.1666,"name":"EF/ef_wave_D_blue/ef_wave_D_blue_00007"},{"time":1.2,"name":"EF/ef_wave_D_blue/ef_wave_D_blue_00008"},{"time":1.2333,"name":null}]},"skill2_EF":{"attachment":[{"time":0.1,"name":"dot/skill2_EF1"},{"time":0.1333,"name":"dot/skill2_EF2"},{"time":0.1666,"name":"dot/skill2_EF3"},{"time":0.2,"name":"dot/skill2_EF4"},{"time":0.2333,"name":"dot/skill2_EF1"},{"time":0.2666,"name":"dot/skill2_EF2"},{"time":0.3,"name":"dot/skill2_EF3"},{"time":0.3333,"name":"dot/skill2_EF4"},{"time":0.3666,"name":"dot/skill2_EF1"},{"time":0.4,"name":"dot/skill2_EF2"},{"time":0.4333,"name":"dot/skill2_EF3"},{"time":0.4666,"name":"dot/skill2_EF4"},{"time":0.5,"name":"dot/skill2_EF1"},{"time":0.5333,"name":"dot/skill2_EF2"},{"time":0.5666,"name":"dot/skill2_EF3"},{"time":0.6,"name":"dot/skill2_EF4"},{"time":0.6333,"name":"dot/skill2_EF1"},{"time":0.6666,"name":null}]}},"bones":{"MAIN":{"translate":[{"time":0,"x":0,"y":0,"curve":"stepped"},{"time":0.0333,"x":17.44,"y":0,"curve":"stepped"},{"time":0.1,"x":1.02,"y":0,"curve":"stepped"},{"time":0.1666,"x":8.2,"y":0,"curve":"stepped"},{"time":0.2333,"x":-3.07,"y":0,"curve":"stepped"},{"time":0.9,"x":-23.44,"y":0,"curve":"stepped"},{"time":1.5666,"x":-23.44,"y":-2,"curve":"stepped"},{"time":3.5666,"x":-23.44,"y":0,"curve":"stepped"},{"time":3.8333,"x":-11.89,"y":0}]},"EF_dot":{"translate":[{"time":0.1,"x":33.85,"y":45.14,"curve":"stepped"},{"time":0.1666,"x":17.02,"y":50.26,"curve":"stepped"},{"time":0.2333,"x":2.01,"y":60.51,"curve":"stepped"},{"time":0.3,"x":-19.57,"y":65.63}]},"ef_slash_roll_main":{"translate":[{"time":0.1,"x":-665.13,"y":-190.33,"curve":"stepped"},{"time":0.1666,"x":-674.57,"y":-184.99,"curve":"stepped"},{"time":0.2333,"x":-701.36,"y":-174.1,"curve":"stepped"},{"time":0.3,"x":-722.7,"y":-169.1,"curve":"stepped"},{"time":1,"x":-736.35,"y":-310.38}],"scale":[{"time":1,"x":1.009,"y":0.173,"curve":[0.696,0.06,0.441,0.99]},{"time":1.6666,"x":0.194,"y":0.048}]},"ef_wave_D_blue":{"translate":[{"time":0.9666,"x":-736.11,"y":-10.33}]},"ef_graund_wave_blue":{"translate":[{"time":0.9666,"x":-536.09,"y":-10.58,"curve":"stepped"},{"time":1.5666,"x":-536.09,"y":-10.58,"curve":"stepped"},{"time":1.9666,"x":-536.09,"y":-10.58,"curve":"stepped"},{"time":2.3666,"x":-536.09,"y":-10.58,"curve":"stepped"},{"time":2.7666,"x":-536.09,"y":-10.58}],"scale":[{"time":1.5666,"x":2,"y":2,"curve":"stepped"},{"time":1.9666,"x":2,"y":2,"curve":"stepped"},{"time":2.3666,"x":2,"y":2,"curve":"stepped"},{"time":2.7666,"x":2,"y":2}]},"ef_graund_wave_blue2":{"translate":[{"time":1.7666,"x":-536.09,"y":-10.58,"curve":"stepped"},{"time":2.1666,"x":-536.09,"y":-10.58,"curve":"stepped"},{"time":2.5666,"x":-536.09,"y":-10.58}],"scale":[{"time":1.7666,"x":2,"y":2,"curve":"stepped"},{"time":2.1666,"x":2,"y":2,"curve":"stepped"},{"time":2.5666,"x":2,"y":2}]},"ef_OF_blue":{"translate":[{"time":0.0333,"x":-711.81,"y":-491.37,"curve":"stepped"},{"time":3.3,"x":-711.81,"y":-495.79,"curve":"stepped"},{"time":3.5666,"x":-854.94,"y":-467.89}],"scale":[{"time":0.0333,"x":1,"y":1},{"time":0.0666,"x":4,"y":4,"curve":"stepped"},{"time":3.5666,"x":4,"y":4,"curve":"stepped"},{"time":3.6,"x":1,"y":1},{"time":3.6333,"x":1.983,"y":1.983},{"time":3.6666,"x":1,"y":1},{"time":3.7,"x":1.983,"y":1.983},{"time":3.7333,"x":1,"y":1},{"time":3.7666,"x":1.983,"y":1.983},{"time":3.8,"x":1,"y":1}]},"ef_OF_blue2":{"rotate":[{"time":0.0333,"angle":14.94,"curve":"stepped"},{"time":1.5666,"angle":33.82,"curve":"stepped"},{"time":3.5666,"angle":73.84}],"translate":[{"time":0.0333,"x":-714.05,"y":-505.67,"curve":"stepped"},{"time":1.5666,"x":-838.98,"y":-598.74,"curve":"stepped"},{"time":3.3,"x":-838.98,"y":-607.19,"curve":"stepped"},{"time":3.5666,"x":-895.86,"y":-456.99}],"scale":[{"time":0.0333,"x":1,"y":1},{"time":0.0666,"x":2.578,"y":2.466,"curve":"stepped"},{"time":1.5666,"x":2.485,"y":2.485},{"time":1.6,"x":1.983,"y":1.983},{"time":1.6333,"x":1,"y":1},{"time":1.6666,"x":1.983,"y":1.983},{"time":1.7,"x":1,"y":1},{"time":1.7333,"x":1.983,"y":1.983},{"time":1.7666,"x":1,"y":1},{"time":1.8,"x":1.983,"y":1.983},{"time":1.8333,"x":1,"y":1},{"time":1.8666,"x":1.983,"y":1.983},{"time":1.9,"x":1,"y":1},{"time":1.9333,"x":1.983,"y":1.983},{"time":1.9666,"x":1,"y":1},{"time":2,"x":1.983,"y":1.983},{"time":2.0333,"x":1,"y":1},{"time":2.0666,"x":1.983,"y":1.983},{"time":2.1,"x":1,"y":1},{"time":2.1333,"x":1.983,"y":1.983},{"time":2.1666,"x":2.134,"y":2.134},{"time":2.2,"x":1.983,"y":1.983},{"time":2.2333,"x":1,"y":1},{"time":2.2666,"x":1.983,"y":1.983},{"time":2.3,"x":1,"y":1},{"time":2.3333,"x":1.983,"y":1.983},{"time":2.3666,"x":1,"y":1},{"time":2.4,"x":1.983,"y":1.983},{"time":2.4333,"x":1,"y":1},{"time":2.4666,"x":1.983,"y":1.983},{"time":2.5,"x":1,"y":1},{"time":2.5333,"x":1.983,"y":1.983},{"time":2.5666,"x":1,"y":1},{"time":2.6,"x":1.983,"y":1.983},{"time":2.6333,"x":1,"y":1},{"time":2.6666,"x":1.983,"y":1.983},{"time":2.7,"x":1,"y":1},{"time":2.7333,"x":1.983,"y":1.983},{"time":2.7666,"x":1,"y":1},{"time":2.8,"x":1.983,"y":1.983},{"time":2.8333,"x":1,"y":1},{"time":2.8666,"x":1.983,"y":1.983},{"time":2.9,"x":1,"y":1},{"time":2.9333,"x":1.983,"y":1.983},{"time":2.9666,"x":1,"y":1},{"time":3,"x":1.983,"y":1.983},{"time":3.0333,"x":1,"y":1},{"time":3.0666,"x":1.983,"y":1.983},{"time":3.1,"x":1,"y":1},{"time":3.1333,"x":1.983,"y":1.983},{"time":3.1666,"x":1,"y":1},{"time":3.2,"x":1.983,"y":1.983},{"time":3.2333,"x":1,"y":1},{"time":3.2666,"x":1.983,"y":1.983},{"time":3.3,"x":1,"y":1},{"time":3.3333,"x":1.983,"y":1.983},{"time":3.3666,"x":1,"y":1},{"time":3.5666,"x":3.47,"y":3.47},{"time":3.6,"x":1,"y":1},{"time":3.6333,"x":1.983,"y":1.983},{"time":3.6666,"x":1,"y":1},{"time":3.7,"x":1.983,"y":1.983},{"time":3.7333,"x":1,"y":1},{"time":3.7666,"x":1.983,"y":1.983},{"time":3.8,"x":1,"y":1}]},"ef_OF_blue3":{"rotate":[{"time":0.0333,"angle":102.94,"curve":"stepped"},{"time":1.5666,"angle":-157.75,"curve":"stepped"},{"time":3.5666,"angle":-99.56}],"translate":[{"time":0.0333,"x":-722.82,"y":-520.39,"curve":"stepped"},{"time":1.5666,"x":-842.67,"y":-583.25,"curve":"stepped"},{"time":3.3,"x":-842.67,"y":-587.67,"curve":"stepped"},{"time":3.5666,"x":-875.11,"y":-463.42}],"scale":[{"time":0.0333,"x":1,"y":1},{"time":0.0666,"x":1.983,"y":1.983,"curve":"stepped"},{"time":1.5666,"x":2.485,"y":2.485},{"time":1.6,"x":1.983,"y":1.983},{"time":1.6333,"x":1,"y":1},{"time":1.6666,"x":1.983,"y":1.983},{"time":1.7,"x":1,"y":1},{"time":1.7333,"x":1.983,"y":1.983},{"time":1.7666,"x":1,"y":1},{"time":1.8,"x":1.983,"y":1.983},{"time":1.8333,"x":1,"y":1},{"time":1.8666,"x":1.983,"y":1.983},{"time":1.9,"x":1,"y":1},{"time":1.9333,"x":1.983,"y":1.983},{"time":1.9666,"x":1,"y":1},{"time":2,"x":1.983,"y":1.983},{"time":2.0333,"x":1,"y":1},{"time":2.0666,"x":1.983,"y":1.983},{"time":2.1,"x":1,"y":1},{"time":2.1333,"x":1.983,"y":1.983},{"time":2.1666,"x":2.134,"y":2.134},{"time":2.2,"x":1.983,"y":1.983},{"time":2.2333,"x":1,"y":1},{"time":2.2666,"x":1.983,"y":1.983},{"time":2.3,"x":1,"y":1},{"time":2.3333,"x":1.983,"y":1.983},{"time":2.3666,"x":1,"y":1},{"time":2.4,"x":1.983,"y":1.983},{"time":2.4333,"x":1,"y":1},{"time":2.4666,"x":1.983,"y":1.983},{"time":2.5,"x":1,"y":1},{"time":2.5333,"x":1.983,"y":1.983},{"time":2.5666,"x":1,"y":1},{"time":2.6,"x":1.983,"y":1.983},{"time":2.6333,"x":1,"y":1},{"time":2.6666,"x":1.983,"y":1.983},{"time":2.7,"x":1,"y":1},{"time":2.7333,"x":1.983,"y":1.983},{"time":2.7666,"x":1,"y":1},{"time":2.8,"x":1.983,"y":1.983},{"time":2.8333,"x":1,"y":1},{"time":2.8666,"x":1.983,"y":1.983},{"time":2.9,"x":1,"y":1},{"time":2.9333,"x":1.983,"y":1.983},{"time":2.9666,"x":1,"y":1},{"time":3,"x":1.983,"y":1.983},{"time":3.0333,"x":1,"y":1},{"time":3.0666,"x":1.983,"y":1.983},{"time":3.1,"x":1,"y":1},{"time":3.1333,"x":1.983,"y":1.983},{"time":3.1666,"x":1,"y":1},{"time":3.2,"x":1.983,"y":1.983},{"time":3.2333,"x":1,"y":1},{"time":3.2666,"x":1.983,"y":1.983},{"time":3.3,"x":1,"y":1},{"time":3.3333,"x":1.983,"y":1.983},{"time":3.3666,"x":1,"y":1},{"time":3.5666,"x":2.506,"y":2.506},{"time":3.6,"x":1,"y":1},{"time":3.6333,"x":1.983,"y":1.983},{"time":3.6666,"x":1,"y":1},{"time":3.7,"x":1.983,"y":1.983},{"time":3.7333,"x":1,"y":1},{"time":3.7666,"x":1.983,"y":1.983},{"time":3.8,"x":1,"y":1}]},"S2_wall1_00":{"translate":[{"time":1.5666,"x":-36,"y":0}],"scale":[{"time":1.5666,"x":-1,"y":1,"curve":[0.25,0,0.75,1]},{"time":1.7333,"x":-2.65,"y":2.65}]},"S2_wall1_01":{"translate":[{"time":1.5666,"x":-36,"y":0}],"scale":[{"time":1.5666,"x":1,"y":1,"curve":[0.25,0,0.75,1]},{"time":1.7333,"x":2.65,"y":2.65}]},"S2_wall1_02":{"translate":[{"time":2.1,"x":-36,"y":0}],"scale":[{"time":2.1,"x":2.65,"y":2.65}]},"S2_wall1_03":{"translate":[{"time":2.1,"x":-36,"y":0}],"scale":[{"time":2.1,"x":-2.65,"y":2.65}]}},"drawOrder":[{"time":1,"offsets":[{"slot":"ef_slash_roll_main","offset":-6}]}],"events":[{"time":0,"name":"Sound3","string":"setHitSound(se_battle_thrustviolently)"},{"time":0,"name":"Voice","string":"cri_293_voice_fullarts_now"},{"time":0.1,"name":"Sound1","string":"cri_se_battle_arrow"},{"time":0.2,"name":"Sound1","string":"cri_se_battle_arrow"},{"time":0.3,"name":"Sound1","string":"cri_se_battle_arrow"},{"time":0.4,"name":"Sound1","string":"cri_se_battle_arrow"},{"time":0.5,"name":"Sound1","string":"cri_se_battle_arrow"},{"time":0.6,"name":"Sound1","string":"cri_se_battle_arrow"},{"time":0.9333,"name":"Sound1","string":"cri_se_battle_026_stab"},{"time":0.9333,"name":"Sound2","string":"cri_se_battle_magic_Invocation_dark"},{"time":0.9666,"name":"Event2","string":"runSkillEffect"},{"time":1.0666,"name":"Event","string":"addOrbitSystemCamera_ShieldBuff"},{"time":1.5666,"name":"Sound1","string":"cri_se_battle_darkness_explosion"},{"time":1.5666,"name":"Voice","string":"cri_293_voice_fullarts_rank5"},{"time":1.7,"name":"Sound1","string":"cri_se_battle_arrow_light_effect"},{"time":1.8333,"name":"Sound1","string":"cri_se_battle_arrow_light_effect"},{"time":1.9666,"name":"Sound1","string":"cri_se_battle_arrow_light_effect"},{"time":2.1,"name":"Sound1","string":"cri_se_battle_arrow_light_effect"},{"time":2.2333,"name":"Sound1","string":"cri_se_battle_arrow_light_effect"},{"time":2.3666,"name":"Sound1","string":"cri_se_battle_arrow_light_effect"},{"time":2.5,"name":"Sound1","string":"cri_se_battle_arrow_light_effect"},{"time":2.6333,"name":"Sound1","string":"cri_se_battle_arrow_light_effect"},{"time":2.7666,"name":"Sound1","string":"cri_se_battle_arrow_light_effect"},{"time":2.9,"name":"Sound1","string":"cri_se_battle_arrow_light_effect"},{"time":3.0333,"name":"Sound1","string":"cri_se_battle_arrow_light_effect"}]}}}