{"skeleton":{"hash":"n3zxeWjjnnLnNMDlrO+snI4V2IM","spine":"3.0.12","width":0,"height":0},"bones":[{"name":"root"},{"name":"MAIN","parent":"root"},{"name":"emblem","parent":"MAIN"},{"name":"EF_white","parent":"MAIN"},{"name":"EF_tower1_1","parent":"MAIN","y":-50},{"name":"EF_shock2_2","parent":"MAIN"},{"name":"EF_shock2_1","parent":"MAIN"},{"name":"EF_shock1_1","parent":"MAIN","rotation":90},{"name":"EF_particle1_1","parent":"MAIN","y":10},{"name":"EF_charge1_1","parent":"MAIN"},{"name":"EF_aura2_2","parent":"MAIN"},{"name":"EF_aura2_1","parent":"MAIN"},{"name":"EF_aura1_1","parent":"MAIN","y":-10}],"slots":[{"name":"EF_aura1_1","bone":"EF_aura1_1","blend":"additive"},{"name":"EF_tower1_1","bone":"EF_tower1_1","blend":"additive"},{"name":"EF_shock1_1","bone":"EF_shock1_1","blend":"additive"},{"name":"EF_aura2_1","bone":"EF_aura2_1"},{"name":"EF_aura2_2","bone":"EF_aura2_2"},{"name":"EF_charge1_1","bone":"EF_charge1_1","blend":"additive"},{"name":"EF_particle1_1","bone":"EF_particle1_1","blend":"additive"},{"name":"EF_shock2_2","bone":"EF_shock2_2","color":"000000ff"},{"name":"emblem","bone":"emblem"},{"name":"EF_white","bone":"EF_white","blend":"additive"},{"name":"EF_shock2_1","bone":"EF_shock2_1","blend":"additive"}],"skins":{"default":{"EF_aura1_1":{"EF_aura2/ef_MD_aura_00":{"x":6.3,"width":250,"height":250},"EF_aura2/ef_MD_aura_01":{"x":6.3,"width":250,"height":250},"EF_aura2/ef_MD_aura_02":{"x":6.3,"width":250,"height":250},"EF_aura2/ef_MD_aura_03":{"x":6.3,"width":250,"height":250},"EF_aura2/ef_MD_aura_04":{"x":6.3,"width":250,"height":250},"EF_aura2/ef_MD_aura_05":{"x":6.3,"width":250,"height":250},"EF_aura2/ef_MD_aura_06":{"x":6.3,"width":250,"height":250},"EF_aura2/ef_MD_aura_07":{"x":6.3,"width":250,"height":250},"EF_aura2/ef_MD_aura_08":{"x":6.3,"width":250,"height":250}},"EF_aura2_1":{"ef_MD_aura2/ef_MD_aura2_00":{"y":38.65,"width":200,"height":200},"ef_MD_aura2/ef_MD_aura2_01":{"y":38.65,"width":200,"height":200},"ef_MD_aura2/ef_MD_aura2_02":{"y":38.65,"width":200,"height":200},"ef_MD_aura2/ef_MD_aura2_03":{"y":38.65,"width":200,"height":200},"ef_MD_aura2/ef_MD_aura2_04":{"y":38.65,"width":200,"height":200},"ef_MD_aura2/ef_MD_aura2_05":{"y":38.65,"width":200,"height":200},"ef_MD_aura2/ef_MD_aura2_06":{"y":38.65,"width":200,"height":200}},"EF_aura2_2":{"ef_MD_aura2/ef_MD_aura2_00":{"y":38.65,"width":200,"height":200},"ef_MD_aura2/ef_MD_aura2_01":{"y":38.65,"width":200,"height":200},"ef_MD_aura2/ef_MD_aura2_02":{"y":38.65,"width":200,"height":200},"ef_MD_aura2/ef_MD_aura2_03":{"y":38.65,"width":200,"height":200},"ef_MD_aura2/ef_MD_aura2_04":{"y":38.65,"width":200,"height":200},"ef_MD_aura2/ef_MD_aura2_05":{"y":38.65,"width":200,"height":200},"ef_MD_aura2/ef_MD_aura2_06":{"y":38.65,"width":200,"height":200}},"EF_charge1_1":{"ef_charge/ef_charge_01":{"x":-2.18,"y":0.25,"width":210,"height":210},"ef_charge/ef_charge_02":{"x":-2.18,"y":0.25,"width":210,"height":210},"ef_charge/ef_charge_03":{"x":-2.18,"y":0.25,"width":210,"height":210},"ef_charge/ef_charge_04":{"x":-2.18,"y":0.25,"width":210,"height":210},"ef_charge/ef_charge_05":{"x":-2.18,"y":0.25,"width":210,"height":210},"ef_charge/ef_charge_06":{"x":-2.18,"y":0.25,"width":210,"height":210},"ef_charge/ef_charge_07":{"x":-2.18,"y":0.25,"width":210,"height":210},"ef_charge/ef_charge_08":{"x":-2.18,"y":0.25,"width":210,"height":210},"ef_charge/ef_charge_09":{"x":-2.18,"y":0.25,"width":210,"height":210}},"EF_particle1_1":{"ef_charge_particle/ef_charge_particle_00":{"width":210,"height":210},"ef_charge_particle/ef_charge_particle_01":{"width":210,"height":210},"ef_charge_particle/ef_charge_particle_02":{"width":210,"height":210},"ef_charge_particle/ef_charge_particle_03":{"width":210,"height":210},"ef_charge_particle/ef_charge_particle_04":{"width":210,"height":210},"ef_charge_particle/ef_charge_particle_05":{"width":210,"height":210},"ef_charge_particle/ef_charge_particle_06":{"width":210,"height":210},"ef_charge_particle/ef_charge_particle_07":{"width":210,"height":210},"ef_charge_particle/ef_charge_particle_08":{"width":210,"height":210},"ef_charge_particle/ef_charge_particle_09":{"width":210,"height":210},"ef_charge_particle/ef_charge_particle_10":{"width":210,"height":210},"ef_charge_particle/ef_charge_particle_11":{"width":210,"height":210},"ef_charge_particle/ef_charge_particle_12":{"width":210,"height":210}},"EF_shock1_1":{"ef_MD_shock1/ef_MD_shock_00":{"x":73.91,"width":210,"height":210},"ef_MD_shock1/ef_MD_shock_01":{"x":73.91,"width":210,"height":210},"ef_MD_shock1/ef_MD_shock_02":{"x":73.91,"width":210,"height":210},"ef_MD_shock1/ef_MD_shock_03":{"x":73.91,"width":210,"height":210},"ef_MD_shock1/ef_MD_shock_04":{"x":73.91,"width":210,"height":210},"ef_MD_shock1/ef_MD_shock_05":{"x":73.91,"width":210,"height":210},"ef_MD_shock1/ef_MD_shock_06":{"x":73.91,"width":210,"height":210},"ef_MD_shock1/ef_MD_shock_07":{"x":73.91,"width":210,"height":210},"ef_MD_shock1/ef_MD_shock_08":{"x":73.91,"width":210,"height":210},"ef_MD_shock1/ef_MD_shock_09":{"x":73.91,"width":210,"height":210},"ef_MD_shock1/ef_MD_shock_10":{"x":73.91,"width":210,"height":210},"ef_MD_shock1/ef_MD_shock_11":{"x":73.91,"width":210,"height":210}},"EF_shock2_1":{"ef_MD_shock2/ef_MD_shock2_00":{"width":210,"height":210},"ef_MD_shock2/ef_MD_shock2_01":{"width":210,"height":210},"ef_MD_shock2/ef_MD_shock2_02":{"width":210,"height":210},"ef_MD_shock2/ef_MD_shock2_03":{"width":210,"height":210},"ef_MD_shock2/ef_MD_shock2_04":{"width":210,"height":210},"ef_MD_shock2/ef_MD_shock2_05":{"width":210,"height":210},"ef_MD_shock2/ef_MD_shock2_06":{"width":210,"height":210},"ef_MD_shock2/ef_MD_shock2_07":{"width":210,"height":210},"ef_MD_shock2/ef_MD_shock2_08":{"width":210,"height":210},"ef_MD_shock2/ef_MD_shock2_09":{"width":210,"height":210},"ef_MD_shock2/ef_MD_shock2_10":{"width":210,"height":210}},"EF_shock2_2":{"ef_MD_shock2/ef_MD_shock2_00":{"width":210,"height":210},"ef_MD_shock2/ef_MD_shock2_01":{"width":210,"height":210},"ef_MD_shock2/ef_MD_shock2_02":{"width":210,"height":210},"ef_MD_shock2/ef_MD_shock2_03":{"width":210,"height":210},"ef_MD_shock2/ef_MD_shock2_04":{"width":210,"height":210},"ef_MD_shock2/ef_MD_shock2_05":{"width":210,"height":210},"ef_MD_shock2/ef_MD_shock2_06":{"width":210,"height":210},"ef_MD_shock2/ef_MD_shock2_07":{"width":210,"height":210},"ef_MD_shock2/ef_MD_shock2_08":{"width":210,"height":210},"ef_MD_shock2/ef_MD_shock2_09":{"width":210,"height":210},"ef_MD_shock2/ef_MD_shock2_10":{"width":210,"height":210}},"EF_tower1_1":{"EF_tower/ef_MD_tower_00":{"y":112.76,"width":250,"height":250},"EF_tower/ef_MD_tower_01":{"y":112.76,"width":250,"height":250},"EF_tower/ef_MD_tower_02":{"y":112.76,"width":250,"height":250},"EF_tower/ef_MD_tower_03":{"y":112.76,"width":250,"height":250},"EF_tower/ef_MD_tower_04":{"y":112.76,"width":250,"height":250},"EF_tower/ef_MD_tower_05":{"y":112.76,"width":250,"height":250},"EF_tower/ef_MD_tower_06":{"y":112.76,"width":250,"height":250},"EF_tower/ef_MD_tower_07":{"y":112.76,"width":250,"height":250},"EF_tower/ef_MD_tower_08":{"y":112.76,"width":250,"height":250}},"EF_white":{"EF_white":{"width":64,"height":64}},"emblem":{"emblem":{"x":-3.68,"y":20.02,"width":250,"height":250}}}},"events":{"Event":{},"eventdemo":{}},"animations":{"MD_in":{"slots":{"EF_charge1_1":{"attachment":[{"time":0.0333,"name":"ef_charge/ef_charge_01"},{"time":0.0666,"name":"ef_charge/ef_charge_02"},{"time":0.1,"name":"ef_charge/ef_charge_03"},{"time":0.1333,"name":"ef_charge/ef_charge_04"},{"time":0.1666,"name":"ef_charge/ef_charge_05"},{"time":0.2333,"name":"ef_charge/ef_charge_06"},{"time":0.3,"name":"ef_charge/ef_charge_07"},{"time":0.4,"name":"ef_charge/ef_charge_08"},{"time":0.5,"name":"ef_charge/ef_charge_09"},{"time":0.6333,"name":null}],"color":[{"time":0.4666,"color":"ffffffff"},{"time":0.6333,"color":"ffffff00"}]},"EF_shock1_1":{"attachment":[{"time":0.2,"name":"ef_MD_shock1/ef_MD_shock_00"},{"time":0.2333,"name":"ef_MD_shock1/ef_MD_shock_01"},{"time":0.2666,"name":"ef_MD_shock1/ef_MD_shock_02"},{"time":0.3,"name":"ef_MD_shock1/ef_MD_shock_03"},{"time":0.3333,"name":"ef_MD_shock1/ef_MD_shock_04"},{"time":0.3666,"name":"ef_MD_shock1/ef_MD_shock_05"},{"time":0.4,"name":"ef_MD_shock1/ef_MD_shock_06"},{"time":0.4333,"name":"ef_MD_shock1/ef_MD_shock_07"},{"time":0.4666,"name":"ef_MD_shock1/ef_MD_shock_08"},{"time":0.5,"name":"ef_MD_shock1/ef_MD_shock_09"},{"time":0.5333,"name":"ef_MD_shock1/ef_MD_shock_10"},{"time":0.5666,"name":"ef_MD_shock1/ef_MD_shock_11"},{"time":0.6,"name":null}]},"EF_shock2_1":{"attachment":[{"time":0.0333,"name":"ef_MD_shock2/ef_MD_shock2_00"},{"time":0.1,"name":"ef_MD_shock2/ef_MD_shock2_01"},{"time":0.1666,"name":"ef_MD_shock2/ef_MD_shock2_02"},{"time":0.2333,"name":"ef_MD_shock2/ef_MD_shock2_03"},{"time":0.3,"name":"ef_MD_shock2/ef_MD_shock2_04"},{"time":0.3666,"name":"ef_MD_shock2/ef_MD_shock2_05"},{"time":0.4333,"name":"ef_MD_shock2/ef_MD_shock2_06"},{"time":0.5333,"name":"ef_MD_shock2/ef_MD_shock2_07"},{"time":0.6333,"name":"ef_MD_shock2/ef_MD_shock2_08"},{"time":0.7333,"name":"ef_MD_shock2/ef_MD_shock2_09"},{"time":0.8333,"name":"ef_MD_shock2/ef_MD_shock2_10"},{"time":0.9333,"name":null}]},"EF_shock2_2":{"attachment":[{"time":0.0666,"name":"ef_MD_shock2/ef_MD_shock2_00"},{"time":0.1333,"name":"ef_MD_shock2/ef_MD_shock2_01"},{"time":0.2,"name":"ef_MD_shock2/ef_MD_shock2_02"},{"time":0.2666,"name":"ef_MD_shock2/ef_MD_shock2_03"},{"time":0.3333,"name":"ef_MD_shock2/ef_MD_shock2_04"},{"time":0.4,"name":"ef_MD_shock2/ef_MD_shock2_05"},{"time":0.4666,"name":"ef_MD_shock2/ef_MD_shock2_06"},{"time":0.5666,"name":"ef_MD_shock2/ef_MD_shock2_07"},{"time":0.6666,"name":"ef_MD_shock2/ef_MD_shock2_08"},{"time":0.7666,"name":"ef_MD_shock2/ef_MD_shock2_09"},{"time":0.8666,"name":"ef_MD_shock2/ef_MD_shock2_10"},{"time":0.9666,"name":null}]},"EF_tower1_1":{"attachment":[{"time":0.2333,"name":"EF_tower/ef_MD_tower_00"},{"time":0.2666,"name":"EF_tower/ef_MD_tower_01"},{"time":0.3,"name":"EF_tower/ef_MD_tower_02"},{"time":0.3333,"name":"EF_tower/ef_MD_tower_03"},{"time":0.4,"name":"EF_tower/ef_MD_tower_04"},{"time":0.4666,"name":"EF_tower/ef_MD_tower_05"},{"time":0.5333,"name":"EF_tower/ef_MD_tower_06"},{"time":0.6,"name":"EF_tower/ef_MD_tower_07"},{"time":0.6666,"name":"EF_tower/ef_MD_tower_08"},{"time":0.7333,"name":null}],"color":[{"time":0.5666,"color":"ffffffff"},{"time":0.7333,"color":"ffffff00"}]},"EF_white":{"attachment":[{"time":0.1666,"name":"EF_white"}],"color":[{"time":0.1333,"color":"ffffff00"},{"time":0.2,"color":"ff2612ff","curve":[0.335,0.35,0.666,0.68]},{"time":0.4,"color":"ffffff00"}]},"emblem":{"attachment":[{"time":0.0333,"name":"emblem"}],"color":[{"time":0,"color":"ffffff00"},{"time":0.1333,"color":"ffffffff","curve":[0.501,0.21,0.748,0.11]},{"time":0.8666,"color":"ffffff00"}]}},"bones":{"emblem":{"scale":[{"time":0.0333,"x":0.013,"y":0.013,"curve":[0.214,0.57,0.75,1]},{"time":0.1333,"x":1,"y":1},{"time":0.8666,"x":1.25,"y":1.25}]},"EF_charge1_1":{"scale":[{"time":0.0333,"x":1,"y":1},{"time":0.1666,"x":2.5,"y":2.5},{"time":0.6,"x":6,"y":6}]},"EF_white":{"scale":[{"time":0.1666,"x":25,"y":30}]},"EF_shock1_1":{"translate":[{"time":0.2,"x":0,"y":-115.83}],"scale":[{"time":0.2,"x":4.5,"y":4.5}]},"EF_tower1_1":{"translate":[{"time":0.2333,"x":0,"y":-56.26}],"scale":[{"time":0.2333,"x":6,"y":6}]},"EF_shock2_1":{"scale":[{"time":0.0333,"x":4,"y":4,"curve":"stepped"},{"time":0.4,"x":4,"y":4,"curve":[0.093,0.66,0.75,1]},{"time":0.9,"x":4.5,"y":4.5}]},"EF_shock2_2":{"scale":[{"time":0.0666,"x":3,"y":3,"curve":"stepped"},{"time":0.4333,"x":3,"y":3,"curve":[0.093,0.66,0.75,1]},{"time":0.9333,"x":3.5,"y":3.5}]}},"events":[{"time":0.9,"name":"Event","string":"runScript_loopStart"}]},"MD_loop":{"slots":{"EF_aura1_1":{"attachment":[{"time":0,"name":"EF_aura2/ef_MD_aura_00"},{"time":0.0666,"name":"EF_aura2/ef_MD_aura_01"},{"time":0.1333,"name":"EF_aura2/ef_MD_aura_02"},{"time":0.2,"name":"EF_aura2/ef_MD_aura_03"},{"time":0.2666,"name":"EF_aura2/ef_MD_aura_04"},{"time":0.3333,"name":"EF_aura2/ef_MD_aura_05"},{"time":0.4,"name":"EF_aura2/ef_MD_aura_06"},{"time":0.4666,"name":"EF_aura2/ef_MD_aura_07"},{"time":0.5333,"name":"EF_aura2/ef_MD_aura_08"},{"time":0.6,"name":"EF_aura2/ef_MD_aura_00"},{"time":0.6666,"name":"EF_aura2/ef_MD_aura_01"},{"time":0.7333,"name":"EF_aura2/ef_MD_aura_02"},{"time":0.8,"name":"EF_aura2/ef_MD_aura_03"},{"time":0.8666,"name":"EF_aura2/ef_MD_aura_04"},{"time":0.9333,"name":"EF_aura2/ef_MD_aura_05"},{"time":1,"name":"EF_aura2/ef_MD_aura_06"}]},"EF_aura2_1":{"attachment":[{"time":0,"name":"ef_MD_aura2/ef_MD_aura2_00"},{"time":0.0666,"name":"ef_MD_aura2/ef_MD_aura2_01"},{"time":0.1333,"name":"ef_MD_aura2/ef_MD_aura2_02"},{"time":0.2,"name":"ef_MD_aura2/ef_MD_aura2_03"},{"time":0.2666,"name":"ef_MD_aura2/ef_MD_aura2_04"},{"time":0.3333,"name":"ef_MD_aura2/ef_MD_aura2_05"},{"time":0.4,"name":"ef_MD_aura2/ef_MD_aura2_06"},{"time":0.4666,"name":null},{"time":0.5333,"name":"ef_MD_aura2/ef_MD_aura2_00"},{"time":0.6,"name":"ef_MD_aura2/ef_MD_aura2_01"},{"time":0.6666,"name":"ef_MD_aura2/ef_MD_aura2_02"},{"time":0.7333,"name":"ef_MD_aura2/ef_MD_aura2_03"},{"time":0.8,"name":"ef_MD_aura2/ef_MD_aura2_04"},{"time":0.8666,"name":"ef_MD_aura2/ef_MD_aura2_05"},{"time":0.9333,"name":"ef_MD_aura2/ef_MD_aura2_06"},{"time":1,"name":null}]}},"bones":{"EF_aura2_1":{"translate":[{"time":0,"x":0,"y":-70}],"scale":[{"time":0,"x":1.5,"y":1.5,"curve":"stepped"},{"time":0.5333,"x":-1.5,"y":1.5}]},"EF_aura1_1":{"scale":[{"time":0,"x":2,"y":2}]}}},"empty":{}}}