{"skeleton":{"hash":"0o65Ab/LbRRcDKSaHpXh//LT1j4","spine":"3.0.12","width":0,"height":0,"images":"./image/"},"bones":[{"name":"root"},{"name":"MAIN","parent":"root"},{"name":"dice00","parent":"MAIN","x":0.1,"color":"0dc200ff"}],"slots":[{"name":"00","bone":"dice00"}],"skins":{"default":{"00":{"00":{"x":-0.1,"width":256,"height":256}}}},"animations":{"animation":{"slots":{"00":{"attachment":[{"time":0,"name":"00"}]}},"bones":{"dice00":{"rotate":[{"time":0,"angle":0,"curve":"stepped"},{"time":0.0333,"angle":90,"curve":"stepped"},{"time":0.0666,"angle":180,"curve":"stepped"},{"time":0.1,"angle":270,"curve":"stepped"},{"time":0.1333,"angle":0,"curve":"stepped"},{"time":0.1666,"angle":90,"curve":"stepped"},{"time":0.2333,"angle":180,"curve":"stepped"},{"time":0.3333,"angle":270,"curve":"stepped"},{"time":0.4333,"angle":0,"curve":"stepped"},{"time":0.5333,"angle":90,"curve":"stepped"},{"time":0.6333,"angle":180,"curve":"stepped"},{"time":0.7333,"angle":270,"curve":"stepped"},{"time":0.8,"angle":0,"curve":"stepped"},{"time":0.8666,"angle":90,"curve":"stepped"},{"time":0.9333,"angle":180,"curve":"stepped"},{"time":1,"angle":270,"curve":"stepped"},{"time":1.0666,"angle":0,"curve":"stepped"},{"time":1.1666,"angle":120,"curve":"stepped"},{"time":1.3,"angle":240,"curve":"stepped"},{"time":1.4666,"angle":120,"curve":"stepped"},{"time":1.6,"angle":240,"curve":"stepped"},{"time":1.7666,"angle":0,"curve":"stepped"},{"time":3,"angle":0}],"translate":[{"time":0,"x":1334.81,"y":498.47},{"time":0.1666,"x":1063.64,"y":878.61},{"time":0.2666,"x":877.07,"y":974.58},{"time":0.4,"x":616.86,"y":756.91},{"time":0.5666,"x":456.45,"y":461.67},{"time":0.8,"x":284.17,"y":525.21},{"time":1.1333,"x":95.13,"y":140.39},{"time":1.7666,"x":-0.1,"y":109.66,"curve":"stepped"},{"time":3,"x":-0.1,"y":109.66}]}}}}}