{"skeleton":{"hash":"xKf1fbMqQL4DZctdE45cpbURQfM","spine":"3.0.12","width":0,"height":0,"images":"./images/"},"bones":[{"name":"root"},{"name":"MAIN","parent":"root","y":57},{"name":"idle_sword","parent":"MAIN","x":-44.8,"y":-13.29,"rotation":4.25}],"slots":[{"name":"MAIN","bone":"MAIN","attachment":"idle_00"},{"name":"idle_sword","bone":"idle_sword","attachment":"idle_sword"}],"skins":{"default":{"MAIN":{"idle_00":{"x":-7,"y":7,"width":500,"height":500},"idle_01":{"x":-7,"y":7,"width":500,"height":500},"idle_02":{"x":-7,"y":7,"width":500,"height":500},"idle_03":{"x":-7,"y":7,"width":500,"height":500},"idle_04":{"x":-7,"y":7,"width":500,"height":500}},"idle_sword":{"idle_sword":{"x":26.2,"y":20.93,"width":240,"height":240}}}},"events":{"Event":{},"Hit":{},"Sound1":{},"Sound2":{},"Sound3":{},"View":{},"Voice":{}},"animations":{"idle":{"slots":{"MAIN":{"attachment":[{"time":0,"name":"idle_00"},{"time":0.2,"name":"idle_01"},{"time":0.4,"name":"idle_02"},{"time":0.6,"name":"idle_03"},{"time":0.8,"name":"idle_04"},{"time":1,"name":"idle_00"}]},"idle_sword":{"attachment":[{"time":0,"name":"idle_sword"}]}},"bones":{"idle_sword":{"rotate":[{"time":0,"angle":0,"curve":"stepped"},{"time":0.2,"angle":-0.34,"curve":"stepped"},{"time":0.4,"angle":-1.03,"curve":"stepped"},{"time":0.6,"angle":-1.03,"curve":"stepped"},{"time":0.8,"angle":-0.74,"curve":"stepped"},{"time":1,"angle":0}],"translate":[{"time":0,"x":0,"y":0,"curve":"stepped"},{"time":0.2,"x":0,"y":-0.63,"curve":"stepped"},{"time":0.4,"x":0,"y":-2.3,"curve":"stepped"},{"time":0.6,"x":-0.19,"y":-0.98,"curve":"stepped"},{"time":0.8,"x":-0.11,"y":-0.72,"curve":"stepped"},{"time":1,"x":0,"y":0}]}}}}}