{"skeleton":{"hash":"sMtlOUC0D8VgObOEhQuR/02dDwQ","spine":"3.0.12","width":502.96,"height":502.96},"bones":[{"name":"root"},{"name":"MAIN","parent":"root","y":65,"rotation":-0.01},{"name":"ef_slash_F_main","parent":"MAIN","x":95,"y":101.25,"scaleX":2,"scaleY":2},{"name":"ef_slash_E_main","parent":"MAIN","x":95,"y":126.25,"scaleX":2,"scaleY":2},{"name":"ef_slash_B_main","parent":"MAIN","x":70,"y":26.25,"scaleX":2,"scaleY":2},{"name":"ef_slash_BB_main2","parent":"MAIN","x":70,"y":51.25,"scaleX":2,"scaleY":2},{"name":"ef_slash_BB_main","parent":"MAIN","x":70,"y":51.25,"scaleX":2,"scaleY":2},{"name":"ef_slash_A_main","parent":"MAIN","x":45,"y":26.25,"scaleX":2,"scaleY":2},{"name":"ef_blade_flash_purple_main2","parent":"MAIN","x":45,"y":51.25,"scaleX":2,"scaleY":2},{"name":"ef_blade_flash_purple_main","parent":"MAIN","x":45,"y":51.25,"scaleX":2,"scaleY":2},{"name":"ef_blade_flash_blue_main","parent":"MAIN","x":45,"y":76.25,"scaleX":2,"scaleY":2},{"name":"MAIN_ef","parent":"MAIN","x":6.11,"y":-10,"scaleX":2,"scaleY":2,"rotation":0.32},{"name":"EF/130_S2_wing4","parent":"MAIN","x":-5,"y":-10,"scaleX":2,"scaleY":2,"rotation":0.31},{"name":"EF/130_S2_wing3","parent":"MAIN","x":-5,"y":-10,"scaleX":2,"scaleY":2,"rotation":0.31},{"name":"EF/130_S2_wing2","parent":"MAIN","x":-5,"y":-10,"scaleX":2,"scaleY":2,"rotation":0.31},{"name":"EF/130_S2_wing","parent":"MAIN","x":-5,"y":-10,"scaleX":2,"scaleY":2,"rotation":0.31},{"name":"EF_MAIN","parent":"root"},{"name":"graund_wave_A_yellow3","parent":"EF_MAIN","x":400},{"name":"graund_wave_A_yellow2","parent":"EF_MAIN","x":400},{"name":"graund_wave_A_yellow","parent":"EF_MAIN","x":400},{"name":"ef_wing_main7","parent":"EF_MAIN","x":-13.28,"y":-0.94},{"name":"ef_wing_main6","parent":"EF_MAIN"},{"name":"ef_wing_main5","parent":"EF_MAIN"},{"name":"ef_wing_main4","parent":"EF_MAIN"},{"name":"ef_wing_main3","parent":"EF_MAIN"},{"name":"ef_wing_main2","parent":"EF_MAIN"},{"name":"ef_wing_main","parent":"EF_MAIN"},{"name":"ef_slash_wind_BB_blue_main","parent":"EF_MAIN","x":600,"y":500},{"name":"ef_shock_wave_main3","parent":"EF_MAIN","x":400,"y":400},{"name":"ef_shock_wave_main2","parent":"EF_MAIN","x":400,"y":400},{"name":"ef_shock_wave_main","parent":"EF_MAIN","x":400,"y":400},{"name":"ef_fire_wave_main","parent":"EF_MAIN","x":300,"y":400},{"name":"ef_dash_main2","parent":"EF_MAIN","x":300,"scaleX":2,"scaleY":2},{"name":"ef_dash_main","parent":"EF_MAIN","x":300,"scaleX":2,"scaleY":2},{"name":"dash_aura","parent":"EF_MAIN","x":200,"y":500},{"name":"charge_A_yellow","parent":"EF_MAIN","x":197.94,"y":600,"rotation":0.31},{"name":"DAMAGEAREA","parent":"root","y":0.38},{"name":"wave_D_yellow1","parent":"EF_MAIN","x":400,"y":200},{"name":"wave_D_yellow2","parent":"EF_MAIN","x":400,"y":200},{"name":"wave_D_yellow3","parent":"EF_MAIN","x":400,"y":200},{"name":"wave_D_yellow4","parent":"EF_MAIN","x":400,"y":200},{"name":"wave_D_yellow5","parent":"EF_MAIN","x":400,"y":200}],"slots":[{"name":"graund_wave_A_yellow","bone":"graund_wave_A_yellow","blend":"additive"},{"name":"graund_wave_A_yellow3","bone":"graund_wave_A_yellow3","blend":"additive"},{"name":"graund_wave_A_yellow2","bone":"graund_wave_A_yellow2","blend":"additive"},{"name":"ef_wing_main","bone":"ef_wing_main","blend":"additive"},{"name":"ef_wing_main2","bone":"ef_wing_main2","blend":"additive"},{"name":"ef_wing_main3","bone":"ef_wing_main3","blend":"additive"},{"name":"ef_wing_main4","bone":"ef_wing_main4","blend":"additive"},{"name":"ef_wing_main5","bone":"ef_wing_main5","blend":"additive"},{"name":"ef_wing_main6","bone":"ef_wing_main6","blend":"additive"},{"name":"ef_wing_main7","bone":"ef_wing_main7","blend":"additive"},{"name":"EF/130_S2_wing5","bone":"EF/130_S2_wing3","blend":"additive"},{"name":"EF/130_S2_wing6","bone":"EF/130_S2_wing4","blend":"additive"},{"name":"EF/130_S2_wing3","bone":"EF/130_S2_wing","blend":"additive"},{"name":"EF/130_S2_wing4","bone":"EF/130_S2_wing2","blend":"additive"},{"name":"MAIN","bone":"MAIN","attachment":"idle_00"},{"name":"ef_dash_main","bone":"ef_dash_main","blend":"additive"},{"name":"ef_dash_main2","bone":"ef_dash_main2","blend":"additive"},{"name":"EF_main","bone":"MAIN_ef","blend":"additive"},{"name":"charge_A_yellow","bone":"charge_A_yellow","blend":"additive"},{"name":"dash_aura","bone":"dash_aura","blend":"additive"},{"name":"ef_blade_flash_purple_main","bone":"ef_blade_flash_purple_main","blend":"additive"},{"name":"ef_blade_flash_purple_main2","bone":"ef_blade_flash_purple_main2","blend":"additive"},{"name":"ef_blade_flash_blue_main","bone":"ef_blade_flash_blue_main","blend":"additive"},{"name":"ef_slash_A_main","bone":"ef_slash_A_main","blend":"additive"},{"name":"ef_slash_BB_main","bone":"ef_slash_BB_main","blend":"additive"},{"name":"ef_slash_BB_main2","bone":"ef_slash_BB_main2","blend":"additive"},{"name":"ef_slash_B_main","bone":"ef_slash_B_main","blend":"additive"},{"name":"ef_slash_E_main","bone":"ef_slash_E_main","blend":"additive"},{"name":"ef_slash_F_main","bone":"ef_slash_F_main","blend":"additive"},{"name":"ef_fire_wave_main","bone":"ef_fire_wave_main","blend":"additive"},{"name":"ef_shock_wave_main","bone":"ef_shock_wave_main","blend":"additive"},{"name":"ef_shock_wave_main2","bone":"ef_shock_wave_main2","blend":"additive"},{"name":"ef_shock_wave_main3","bone":"ef_shock_wave_main3","blend":"additive"},{"name":"wave_D_yellow","bone":"wave_D_yellow1","blend":"additive"},{"name":"wave_D_yellow2","bone":"wave_D_yellow2","blend":"additive"},{"name":"wave_D_yellow3","bone":"wave_D_yellow3","blend":"additive"},{"name":"wave_D_yellow4","bone":"wave_D_yellow4","blend":"additive"},{"name":"wave_D_yellow5","bone":"wave_D_yellow5","blend":"additive"},{"name":"ef_slash_wind_BB_blue_main","bone":"ef_slash_wind_BB_blue_main","blend":"additive"},{"name":"DAMAGEAREA","bone":"DAMAGEAREA"}],"skins":{"default":{"DAMAGEAREA":{"DAMAGEAREA":{"type":"boundingbox","vertices":[63.14802,-64.24062,64.285,63.48229,-64.19591,63.48229,-63.8169,-64.24061]}},"EF/130_S2_wing3":{"EF/130_S2_wing1":{"x":31.91,"y":16.65,"scaleX":0.5,"scaleY":0.5,"rotation":-0.31,"width":150,"height":150}},"EF/130_S2_wing4":{"EF/130_S2_wing1":{"x":-22.03,"y":15.88,"scaleX":-0.5,"scaleY":0.5,"rotation":-0.31,"width":150,"height":150}},"EF/130_S2_wing5":{"EF/130_S2_wing1":{"x":-22.03,"y":15.88,"scaleX":-0.5,"scaleY":0.5,"rotation":-0.31,"width":150,"height":150}},"EF/130_S2_wing6":{"EF/130_S2_wing1":{"x":-22.03,"y":15.88,"scaleX":-0.5,"scaleY":0.5,"rotation":-0.31,"width":150,"height":150}},"EF_main":{"EF/attack1_00_EF":{"path":"EF/DOT/attack1_00_EF","x":-19.54,"y":3.34,"width":250,"height":250},"EF/attack1_01_EF":{"path":"EF/DOT/attack1_01_EF","x":-19.54,"y":3.34,"width":250,"height":250},"EF/attack1_02_EF":{"path":"EF/DOT/attack1_02_EF","x":-19.54,"y":3.34,"width":250,"height":250},"EF/attack1_03_EF":{"path":"EF/DOT/attack1_03_EF","x":-19.54,"y":3.34,"width":250,"height":250},"EF/attack1_04_EF":{"path":"EF/DOT/attack1_04_EF","x":-19.54,"y":3.34,"width":250,"height":250},"EF/attack1_05_EF":{"path":"EF/DOT/attack1_05_EF","x":-19.54,"y":3.34,"width":250,"height":250},"EF/attack1_06_EF":{"path":"EF/DOT/attack1_06_EF","x":-19.54,"y":3.34,"width":250,"height":250},"EF/attack1_07_EF":{"path":"EF/DOT/attack1_07_EF","x":-19.54,"y":3.34,"width":250,"height":250},"EF/attack1_09_EF":{"path":"EF/DOT/attack1_09_EF","x":-19.54,"y":3.34,"width":250,"height":250},"EF/attack1_10_EF":{"path":"EF/DOT/attack1_10_EF","x":-19.54,"y":3.34,"width":250,"height":250},"EF/attack1_11_EF":{"path":"EF/DOT/attack1_11_EF","x":-19.54,"y":3.34,"width":250,"height":250},"EF/attack1_12_EF":{"path":"EF/DOT/attack1_12_EF","x":-19.54,"y":3.34,"width":250,"height":250}},"MAIN":{"attack1_00":{"x":-8.4,"y":-7.26,"scaleX":2,"scaleY":2,"rotation":0.34,"width":250,"height":250},"attack1_01":{"x":-8.4,"y":-7.26,"scaleX":2,"scaleY":2,"rotation":0.34,"width":250,"height":250},"attack1_02":{"x":-8.4,"y":-7.26,"scaleX":2,"scaleY":2,"rotation":0.34,"width":250,"height":250},"attack1_03":{"x":-8.4,"y":-7.26,"scaleX":2,"scaleY":2,"rotation":0.34,"width":250,"height":250},"attack1_04":{"x":-8.4,"y":-7.26,"scaleX":2,"scaleY":2,"rotation":0.34,"width":250,"height":250},"attack1_05":{"x":-8.4,"y":-7.26,"scaleX":2,"scaleY":2,"rotation":0.34,"width":250,"height":250},"attack1_07":{"x":-8.4,"y":-7.26,"scaleX":2,"scaleY":2,"rotation":0.34,"width":250,"height":250},"attack1_08":{"x":-8.4,"y":-7.26,"scaleX":2,"scaleY":2,"rotation":0.34,"width":250,"height":250},"attack1_09":{"x":-8.4,"y":-11.49,"scaleX":2,"scaleY":2,"rotation":0.34,"width":250,"height":250},"attack1_10":{"x":-8.4,"y":-11.49,"scaleX":2,"scaleY":2,"rotation":0.34,"width":250,"height":250},"back_00":{"x":-8.4,"y":-7.26,"scaleX":2,"scaleY":2,"rotation":0.34,"width":250,"height":250},"damage_00":{"x":-8.4,"y":1.69,"scaleX":2,"scaleY":2,"rotation":0.34,"width":250,"height":250},"front_00":{"x":-8.4,"y":-0.11,"scaleX":2,"scaleY":2,"rotation":0.34,"width":250,"height":250},"idle_00":{"x":-8.4,"y":1.41,"scaleX":2,"scaleY":2,"rotation":0.34,"width":250,"height":250},"idle_01":{"x":-8.4,"y":1.41,"scaleX":2,"scaleY":2,"rotation":0.34,"width":250,"height":250},"idle_02":{"x":-8.4,"y":1.41,"scaleX":2,"scaleY":2,"rotation":0.34,"width":250,"height":250},"idle_03":{"x":-8.4,"y":1.41,"scaleX":2,"scaleY":2,"rotation":0.34,"width":250,"height":250},"skill1_00":{"x":-8.4,"y":-7.26,"scaleX":2,"scaleY":2,"rotation":0.34,"width":250,"height":250},"skill1_04":{"x":-8.4,"y":-7.26,"scaleX":2,"scaleY":2,"rotation":0.34,"width":250,"height":250},"skill1_05":{"x":-8.4,"y":-7.26,"scaleX":2,"scaleY":2,"rotation":0.34,"width":250,"height":250},"skill1_06":{"x":-8.4,"y":-7.26,"scaleX":2,"scaleY":2,"rotation":0.34,"width":250,"height":250},"skill1_07":{"x":-8.4,"y":-7.26,"scaleX":2,"scaleY":2,"rotation":0.34,"width":250,"height":250},"skill1_08":{"x":-8.4,"y":-7.26,"scaleX":2,"scaleY":2,"rotation":0.34,"width":250,"height":250},"skill2_00":{"x":-8.4,"y":-7.26,"scaleX":2,"scaleY":2,"rotation":0.34,"width":250,"height":250},"skill2_01":{"x":-8.4,"y":-7.26,"scaleX":2,"scaleY":2,"rotation":0.34,"width":250,"height":250},"skill2_02":{"x":-8.4,"y":-7.26,"scaleX":2,"scaleY":2,"rotation":0.34,"width":250,"height":250},"skill2_03":{"x":-8.4,"y":-7.26,"scaleX":2,"scaleY":2,"rotation":0.34,"width":250,"height":250},"skill2_04":{"x":-8.4,"y":-7.26,"scaleX":2,"scaleY":2,"rotation":0.34,"width":250,"height":250},"skill2_06":{"x":-8.4,"y":-7.26,"scaleX":2,"scaleY":2,"rotation":0.34,"width":250,"height":250},"skill2_07":{"x":-8.4,"y":-7.26,"scaleX":2,"scaleY":2,"rotation":0.34,"width":250,"height":250},"skill2_08":{"x":-8.4,"y":-7.26,"scaleX":2,"scaleY":2,"rotation":0.34,"width":250,"height":250},"skill2_09":{"x":-8.4,"y":-7.26,"scaleX":2,"scaleY":2,"rotation":0.34,"width":250,"height":250},"skill2_10":{"x":-8.4,"y":-7.26,"scaleX":2,"scaleY":2,"rotation":0.34,"width":250,"height":250},"skill2_13":{"x":-8.4,"y":-7.26,"scaleX":2,"scaleY":2,"rotation":0.34,"width":250,"height":250},"skill2_14":{"x":-8.4,"y":-7.26,"scaleX":2,"scaleY":2,"rotation":0.34,"width":250,"height":250}},"charge_A_yellow":{"EF/charge_A_yellow/ef_charge_A_yellow_00001":{"x":-2.72,"y":0.01,"rotation":-0.31,"width":211,"height":211},"EF/charge_A_yellow/ef_charge_A_yellow_00002":{"x":-2.72,"y":0.01,"rotation":-0.31,"width":211,"height":211},"EF/charge_A_yellow/ef_charge_A_yellow_00003":{"x":-2.72,"y":0.01,"rotation":-0.31,"width":211,"height":211},"EF/charge_A_yellow/ef_charge_A_yellow_00004":{"x":-2.72,"y":0.01,"rotation":-0.31,"width":211,"height":211},"EF/charge_A_yellow/ef_charge_A_yellow_00005":{"x":-2.72,"y":0.01,"rotation":-0.31,"width":211,"height":211},"EF/charge_A_yellow/ef_charge_A_yellow_00006":{"x":-2.72,"y":0.01,"rotation":-0.31,"width":211,"height":211},"EF/charge_A_yellow/ef_charge_A_yellow_00007":{"x":-2.72,"y":0.01,"rotation":-0.31,"width":211,"height":211},"EF/charge_A_yellow/ef_charge_A_yellow_00008":{"x":-2.72,"y":0.01,"rotation":-0.31,"width":211,"height":211},"EF/charge_A_yellow/ef_charge_A_yellow_00009":{"x":-2.72,"y":0.01,"rotation":-0.31,"width":211,"height":211},"EF/charge_A_yellow/ef_charge_A_yellow_00010":{"x":-2.72,"y":0.01,"rotation":-0.31,"width":211,"height":211}},"dash_aura":{"EF/dash_aura/ef_dash_aura_main_00001":{"x":57.32,"width":127,"height":127},"EF/dash_aura/ef_dash_aura_main_00002":{"x":57.32,"width":127,"height":127},"EF/dash_aura/ef_dash_aura_main_00003":{"x":57.32,"width":127,"height":127},"EF/dash_aura/ef_dash_aura_main_00004":{"x":57.32,"width":127,"height":127},"EF/dash_aura/ef_dash_aura_main_00005":{"x":57.32,"width":127,"height":127},"EF/dash_aura/ef_dash_aura_main_00006":{"x":57.32,"width":127,"height":127},"EF/dash_aura/ef_dash_aura_main_00007":{"x":57.32,"width":127,"height":127},"EF/dash_aura/ef_dash_aura_main_00008":{"x":57.32,"width":127,"height":127},"EF/dash_aura/ef_dash_aura_main_00009":{"x":57.32,"width":127,"height":127},"EF/dash_aura/ef_dash_aura_main_00010":{"x":57.32,"width":127,"height":127}},"ef_blade_flash_blue_main":{"EF/ef_blade_flash_blue_main/ef_blade_flash_blue_main_00001":{"x":-8.24,"width":169,"height":169},"EF/ef_blade_flash_blue_main/ef_blade_flash_blue_main_00002":{"x":-8.24,"width":169,"height":169},"EF/ef_blade_flash_blue_main/ef_blade_flash_blue_main_00003":{"x":-8.24,"width":169,"height":169},"EF/ef_blade_flash_blue_main/ef_blade_flash_blue_main_00004":{"x":-8.24,"width":169,"height":169},"EF/ef_blade_flash_blue_main/ef_blade_flash_blue_main_00005":{"x":-8.24,"width":169,"height":169},"EF/ef_blade_flash_blue_main/ef_blade_flash_blue_main_00006":{"x":-8.24,"width":169,"height":169},"EF/ef_blade_flash_blue_main/ef_blade_flash_blue_main_00008":{"x":-8.24,"width":169,"height":169}},"ef_blade_flash_purple_main":{"EF/ef_blade_flash_purple_main/ef_blade_flash_purple_main_00001":{"x":-7.61,"width":169,"height":169},"EF/ef_blade_flash_purple_main/ef_blade_flash_purple_main_00002":{"x":-7.61,"width":169,"height":169},"EF/ef_blade_flash_purple_main/ef_blade_flash_purple_main_00003":{"x":-7.61,"width":169,"height":169},"EF/ef_blade_flash_purple_main/ef_blade_flash_purple_main_00004":{"x":-7.61,"width":169,"height":169},"EF/ef_blade_flash_purple_main/ef_blade_flash_purple_main_00005":{"x":-7.61,"width":169,"height":169},"EF/ef_blade_flash_purple_main/ef_blade_flash_purple_main_00006":{"x":-7.61,"width":169,"height":169},"EF/ef_blade_flash_purple_main/ef_blade_flash_purple_main_00008":{"x":-7.61,"width":169,"height":169}},"ef_blade_flash_purple_main2":{"EF/ef_blade_flash_purple_main/ef_blade_flash_purple_main_00006":{"x":-7.61,"width":169,"height":169}},"ef_dash_main":{"EF/ef_dash_main/ef_dash_main_00001":{"x":26.69,"y":32.86,"width":169,"height":169},"EF/ef_dash_main/ef_dash_main_00002":{"x":26.69,"y":32.86,"width":169,"height":169},"EF/ef_dash_main/ef_dash_main_00003":{"x":26.69,"y":32.86,"width":169,"height":169},"EF/ef_dash_main/ef_dash_main_00005":{"x":26.69,"y":32.86,"width":169,"height":169},"EF/ef_dash_main/ef_dash_main_00006":{"x":26.69,"y":32.86,"width":169,"height":169},"EF/ef_dash_main/ef_dash_main_00007":{"x":26.69,"y":32.86,"width":169,"height":169},"EF/ef_dash_main/ef_dash_main_00008":{"x":26.69,"y":32.86,"width":169,"height":169},"EF/ef_dash_main/ef_dash_main_00009":{"x":26.69,"y":32.86,"width":169,"height":169},"EF/ef_dash_main/ef_dash_main_00010":{"x":26.69,"y":32.86,"width":169,"height":169},"EF/ef_dash_main/ef_dash_main_00011":{"x":26.69,"y":32.86,"width":169,"height":169}},"ef_dash_main2":{"EF/ef_dash_main/ef_dash_main_00001":{"x":26.69,"y":32.86,"width":169,"height":169},"EF/ef_dash_main/ef_dash_main_00002":{"x":26.69,"y":32.86,"width":169,"height":169},"EF/ef_dash_main/ef_dash_main_00003":{"x":26.69,"y":32.86,"width":169,"height":169},"EF/ef_dash_main/ef_dash_main_00005":{"x":26.69,"y":32.86,"width":169,"height":169},"EF/ef_dash_main/ef_dash_main_00006":{"x":26.69,"y":32.86,"width":169,"height":169},"EF/ef_dash_main/ef_dash_main_00007":{"x":26.69,"y":32.86,"width":169,"height":169},"EF/ef_dash_main/ef_dash_main_00008":{"x":26.69,"y":32.86,"width":169,"height":169},"EF/ef_dash_main/ef_dash_main_00009":{"x":26.69,"y":32.86,"width":169,"height":169},"EF/ef_dash_main/ef_dash_main_00010":{"x":26.69,"y":32.86,"width":169,"height":169},"EF/ef_dash_main/ef_dash_main_00011":{"x":26.69,"y":32.86,"width":169,"height":169}},"ef_fire_wave_main":{"EF/ef_fire_wave_main/ef_fire_wave_main_00001":{"x":90.23,"y":-3.56,"width":254,"height":254},"EF/ef_fire_wave_main/ef_fire_wave_main_00002":{"x":90.23,"y":-3.56,"width":254,"height":254},"EF/ef_fire_wave_main/ef_fire_wave_main_00003":{"x":90.23,"y":-3.56,"width":254,"height":254},"EF/ef_fire_wave_main/ef_fire_wave_main_00004":{"x":90.23,"y":-3.56,"width":254,"height":254},"EF/ef_fire_wave_main/ef_fire_wave_main_00005":{"x":90.23,"y":-3.56,"width":254,"height":254},"EF/ef_fire_wave_main/ef_fire_wave_main_00006":{"x":90.23,"y":-3.56,"width":254,"height":254},"EF/ef_fire_wave_main/ef_fire_wave_main_00007":{"x":90.23,"y":-3.56,"width":254,"height":254},"EF/ef_fire_wave_main/ef_fire_wave_main_00008":{"x":90.23,"y":-3.56,"width":254,"height":254},"EF/ef_fire_wave_main/ef_fire_wave_main_00009":{"x":90.23,"y":-3.56,"width":254,"height":254}},"ef_shock_wave_main":{"EF/ef_shock_wave_main/ef_shock_wave_main_00001":{"width":254,"height":254},"EF/ef_shock_wave_main/ef_shock_wave_main_00002":{"width":254,"height":254},"EF/ef_shock_wave_main/ef_shock_wave_main_00003":{"width":254,"height":254},"EF/ef_shock_wave_main/ef_shock_wave_main_00004":{"width":254,"height":254},"EF/ef_shock_wave_main/ef_shock_wave_main_00005":{"width":254,"height":254},"EF/ef_shock_wave_main/ef_shock_wave_main_00006":{"width":254,"height":254},"EF/ef_shock_wave_main/ef_shock_wave_main_00007":{"width":254,"height":254},"EF/ef_shock_wave_main/ef_shock_wave_main_00008":{"width":254,"height":254},"EF/ef_shock_wave_main/ef_shock_wave_main_00009":{"width":254,"height":254}},"ef_shock_wave_main2":{"EF/ef_shock_wave_main/ef_shock_wave_main_00001":{"width":254,"height":254},"EF/ef_shock_wave_main/ef_shock_wave_main_00002":{"width":254,"height":254},"EF/ef_shock_wave_main/ef_shock_wave_main_00003":{"width":254,"height":254},"EF/ef_shock_wave_main/ef_shock_wave_main_00004":{"width":254,"height":254},"EF/ef_shock_wave_main/ef_shock_wave_main_00005":{"width":254,"height":254},"EF/ef_shock_wave_main/ef_shock_wave_main_00006":{"width":254,"height":254},"EF/ef_shock_wave_main/ef_shock_wave_main_00007":{"width":254,"height":254},"EF/ef_shock_wave_main/ef_shock_wave_main_00008":{"width":254,"height":254},"EF/ef_shock_wave_main/ef_shock_wave_main_00009":{"width":254,"height":254}},"ef_shock_wave_main3":{"EF/ef_shock_wave_main/ef_shock_wave_main_00001":{"width":254,"height":254},"EF/ef_shock_wave_main/ef_shock_wave_main_00002":{"width":254,"height":254},"EF/ef_shock_wave_main/ef_shock_wave_main_00003":{"width":254,"height":254},"EF/ef_shock_wave_main/ef_shock_wave_main_00004":{"width":254,"height":254},"EF/ef_shock_wave_main/ef_shock_wave_main_00005":{"width":254,"height":254},"EF/ef_shock_wave_main/ef_shock_wave_main_00006":{"width":254,"height":254},"EF/ef_shock_wave_main/ef_shock_wave_main_00007":{"width":254,"height":254},"EF/ef_shock_wave_main/ef_shock_wave_main_00008":{"width":254,"height":254},"EF/ef_shock_wave_main/ef_shock_wave_main_00009":{"width":254,"height":254}},"ef_slash_A_main":{"EF/ef_slash_A_main/ef_slash_A_main_00001":{"y":1.37,"width":169,"height":169},"EF/ef_slash_A_main/ef_slash_A_main_00002":{"y":1.37,"width":169,"height":169},"EF/ef_slash_A_main/ef_slash_A_main_00003":{"y":1.37,"width":169,"height":169},"EF/ef_slash_A_main/ef_slash_A_main_00004":{"y":1.37,"width":169,"height":169},"EF/ef_slash_A_main/ef_slash_A_main_00005":{"y":1.37,"width":169,"height":169},"EF/ef_slash_A_main/ef_slash_A_main_00006":{"y":1.37,"width":169,"height":169},"EF/ef_slash_A_main/ef_slash_A_main_00007":{"y":1.37,"width":169,"height":169},"EF/ef_slash_A_main/ef_slash_A_main_00008":{"y":1.37,"width":169,"height":169}},"ef_slash_BB_main":{"EF/ef_slash_BB_main/ef_slash_BB_main_00001":{"width":169,"height":169},"EF/ef_slash_BB_main/ef_slash_BB_main_00002":{"width":169,"height":169},"EF/ef_slash_BB_main/ef_slash_BB_main_00003":{"width":169,"height":169},"EF/ef_slash_BB_main/ef_slash_BB_main_00004":{"width":169,"height":169},"EF/ef_slash_BB_main/ef_slash_BB_main_00005":{"width":169,"height":169},"EF/ef_slash_BB_main/ef_slash_BB_main_00006":{"width":169,"height":169},"EF/ef_slash_BB_main/ef_slash_BB_main_00007":{"width":169,"height":169},"EF/ef_slash_BB_main/ef_slash_BB_main_00008":{"width":169,"height":169}},"ef_slash_BB_main2":{"EF/ef_slash_BB_main/ef_slash_BB_main_00001":{"width":169,"height":169},"EF/ef_slash_BB_main/ef_slash_BB_main_00002":{"width":169,"height":169},"EF/ef_slash_BB_main/ef_slash_BB_main_00003":{"width":169,"height":169},"EF/ef_slash_BB_main/ef_slash_BB_main_00004":{"width":169,"height":169},"EF/ef_slash_BB_main/ef_slash_BB_main_00005":{"width":169,"height":169},"EF/ef_slash_BB_main/ef_slash_BB_main_00006":{"width":169,"height":169},"EF/ef_slash_BB_main/ef_slash_BB_main_00007":{"width":169,"height":169},"EF/ef_slash_BB_main/ef_slash_BB_main_00008":{"width":169,"height":169}},"ef_slash_B_main":{"EF/ef_slash_B_main/ef_slash_B_main_00001":{"width":169,"height":169},"EF/ef_slash_B_main/ef_slash_B_main_00002":{"width":169,"height":169},"EF/ef_slash_B_main/ef_slash_B_main_00003":{"width":169,"height":169},"EF/ef_slash_B_main/ef_slash_B_main_00004":{"width":169,"height":169},"EF/ef_slash_B_main/ef_slash_B_main_00005":{"width":169,"height":169},"EF/ef_slash_B_main/ef_slash_B_main_00006":{"width":169,"height":169},"EF/ef_slash_B_main/ef_slash_B_main_00007":{"width":169,"height":169},"EF/ef_slash_B_main/ef_slash_B_main_00008":{"width":169,"height":169}},"ef_slash_E_main":{"EF/ef_slash_E_main/ef_slash_E_main_00001":{"width":113,"height":225},"EF/ef_slash_E_main/ef_slash_E_main_00002":{"width":113,"height":225},"EF/ef_slash_E_main/ef_slash_E_main_00003":{"width":113,"height":225},"EF/ef_slash_E_main/ef_slash_E_main_00004":{"width":113,"height":225},"EF/ef_slash_E_main/ef_slash_E_main_00005":{"width":113,"height":225},"EF/ef_slash_E_main/ef_slash_E_main_00006":{"width":113,"height":225},"EF/ef_slash_E_main/ef_slash_E_main_00007":{"width":113,"height":225},"EF/ef_slash_E_main/ef_slash_E_main_00008":{"width":113,"height":225}},"ef_slash_F_main":{"EF/ef_slash_F_main/ef_slash_F_main_00001":{"width":113,"height":225},"EF/ef_slash_F_main/ef_slash_F_main_00002":{"width":113,"height":225},"EF/ef_slash_F_main/ef_slash_F_main_00003":{"width":113,"height":225},"EF/ef_slash_F_main/ef_slash_F_main_00004":{"width":113,"height":225},"EF/ef_slash_F_main/ef_slash_F_main_00005":{"width":113,"height":225},"EF/ef_slash_F_main/ef_slash_F_main_00006":{"width":113,"height":225},"EF/ef_slash_F_main/ef_slash_F_main_00007":{"width":113,"height":225},"EF/ef_slash_F_main/ef_slash_F_main_00008":{"width":113,"height":225}},"ef_slash_wind_BB_blue_main":{"EF/ef_slash_wind_BB_blue_main/ef_slash_wind_BB_blue_main_00001":{"width":211,"height":211},"EF/ef_slash_wind_BB_blue_main/ef_slash_wind_BB_blue_main_00002":{"width":211,"height":211},"EF/ef_slash_wind_BB_blue_main/ef_slash_wind_BB_blue_main_00003":{"width":211,"height":211},"EF/ef_slash_wind_BB_blue_main/ef_slash_wind_BB_blue_main_00004":{"width":211,"height":211},"EF/ef_slash_wind_BB_blue_main/ef_slash_wind_BB_blue_main_00005":{"width":211,"height":211},"EF/ef_slash_wind_BB_blue_main/ef_slash_wind_BB_blue_main_00006":{"width":211,"height":211},"EF/ef_slash_wind_BB_blue_main/ef_slash_wind_BB_blue_main_00007":{"width":211,"height":211},"EF/ef_slash_wind_BB_blue_main/ef_slash_wind_BB_blue_main_00008":{"width":211,"height":211}},"ef_wing_main":{"EF/ef_wing_main/ef_wing_main_00002":{"width":225,"height":225},"EF/ef_wing_main/ef_wing_main_00004":{"width":225,"height":225},"EF/ef_wing_main/ef_wing_main_00006":{"width":225,"height":225},"EF/ef_wing_main/ef_wing_main_00008":{"width":225,"height":225},"EF/ef_wing_main/ef_wing_main_00010":{"width":225,"height":225},"EF/ef_wing_main/ef_wing_main_00012":{"width":225,"height":225},"EF/ef_wing_main/ef_wing_main_00014":{"width":225,"height":225},"EF/ef_wing_main/ef_wing_main_00016":{"width":225,"height":225},"EF/ef_wing_main/ef_wing_main_00018":{"width":225,"height":225},"EF/ef_wing_main/ef_wing_main_00020":{"width":225,"height":225},"EF/ef_wing_main/ef_wing_main_00022":{"width":225,"height":225},"EF/ef_wing_main/ef_wing_main_00026":{"width":225,"height":225}},"ef_wing_main2":{"EF/ef_wing_main/ef_wing_main_00002":{"width":225,"height":225},"EF/ef_wing_main/ef_wing_main_00004":{"width":225,"height":225},"EF/ef_wing_main/ef_wing_main_00006":{"width":225,"height":225},"EF/ef_wing_main/ef_wing_main_00008":{"width":225,"height":225},"EF/ef_wing_main/ef_wing_main_00010":{"width":225,"height":225},"EF/ef_wing_main/ef_wing_main_00012":{"width":225,"height":225},"EF/ef_wing_main/ef_wing_main_00014":{"width":225,"height":225},"EF/ef_wing_main/ef_wing_main_00016":{"width":225,"height":225},"EF/ef_wing_main/ef_wing_main_00018":{"width":225,"height":225},"EF/ef_wing_main/ef_wing_main_00020":{"width":225,"height":225},"EF/ef_wing_main/ef_wing_main_00022":{"width":225,"height":225},"EF/ef_wing_main/ef_wing_main_00026":{"width":225,"height":225}},"ef_wing_main3":{"EF/ef_wing_main/ef_wing_main_00002":{"width":225,"height":225},"EF/ef_wing_main/ef_wing_main_00004":{"width":225,"height":225},"EF/ef_wing_main/ef_wing_main_00006":{"width":225,"height":225},"EF/ef_wing_main/ef_wing_main_00008":{"width":225,"height":225},"EF/ef_wing_main/ef_wing_main_00010":{"width":225,"height":225},"EF/ef_wing_main/ef_wing_main_00012":{"width":225,"height":225},"EF/ef_wing_main/ef_wing_main_00014":{"width":225,"height":225},"EF/ef_wing_main/ef_wing_main_00016":{"width":225,"height":225},"EF/ef_wing_main/ef_wing_main_00018":{"width":225,"height":225},"EF/ef_wing_main/ef_wing_main_00020":{"width":225,"height":225},"EF/ef_wing_main/ef_wing_main_00022":{"width":225,"height":225},"EF/ef_wing_main/ef_wing_main_00026":{"width":225,"height":225}},"ef_wing_main4":{"EF/ef_wing_main/ef_wing_main_00002":{"width":225,"height":225},"EF/ef_wing_main/ef_wing_main_00004":{"width":225,"height":225},"EF/ef_wing_main/ef_wing_main_00006":{"width":225,"height":225},"EF/ef_wing_main/ef_wing_main_00008":{"width":225,"height":225},"EF/ef_wing_main/ef_wing_main_00010":{"width":225,"height":225},"EF/ef_wing_main/ef_wing_main_00012":{"width":225,"height":225},"EF/ef_wing_main/ef_wing_main_00014":{"width":225,"height":225},"EF/ef_wing_main/ef_wing_main_00016":{"width":225,"height":225},"EF/ef_wing_main/ef_wing_main_00018":{"width":225,"height":225},"EF/ef_wing_main/ef_wing_main_00020":{"width":225,"height":225},"EF/ef_wing_main/ef_wing_main_00022":{"width":225,"height":225},"EF/ef_wing_main/ef_wing_main_00026":{"width":225,"height":225}},"ef_wing_main5":{"EF/ef_wing_main/ef_wing_main_00002":{"width":225,"height":225},"EF/ef_wing_main/ef_wing_main_00004":{"width":225,"height":225},"EF/ef_wing_main/ef_wing_main_00006":{"width":225,"height":225},"EF/ef_wing_main/ef_wing_main_00008":{"width":225,"height":225},"EF/ef_wing_main/ef_wing_main_00010":{"width":225,"height":225},"EF/ef_wing_main/ef_wing_main_00012":{"width":225,"height":225},"EF/ef_wing_main/ef_wing_main_00014":{"width":225,"height":225},"EF/ef_wing_main/ef_wing_main_00016":{"width":225,"height":225},"EF/ef_wing_main/ef_wing_main_00018":{"width":225,"height":225},"EF/ef_wing_main/ef_wing_main_00020":{"width":225,"height":225},"EF/ef_wing_main/ef_wing_main_00022":{"width":225,"height":225},"EF/ef_wing_main/ef_wing_main_00026":{"width":225,"height":225}},"ef_wing_main6":{"EF/ef_wing_main/ef_wing_main_00002":{"width":225,"height":225},"EF/ef_wing_main/ef_wing_main_00004":{"width":225,"height":225},"EF/ef_wing_main/ef_wing_main_00006":{"width":225,"height":225},"EF/ef_wing_main/ef_wing_main_00008":{"width":225,"height":225},"EF/ef_wing_main/ef_wing_main_00010":{"width":225,"height":225},"EF/ef_wing_main/ef_wing_main_00012":{"width":225,"height":225},"EF/ef_wing_main/ef_wing_main_00014":{"width":225,"height":225},"EF/ef_wing_main/ef_wing_main_00016":{"width":225,"height":225},"EF/ef_wing_main/ef_wing_main_00018":{"width":225,"height":225},"EF/ef_wing_main/ef_wing_main_00020":{"width":225,"height":225},"EF/ef_wing_main/ef_wing_main_00022":{"width":225,"height":225},"EF/ef_wing_main/ef_wing_main_00026":{"width":225,"height":225}},"ef_wing_main7":{"EF/ef_wing_main/ef_wing_main_00002":{"width":225,"height":225},"EF/ef_wing_main/ef_wing_main_00004":{"width":225,"height":225},"EF/ef_wing_main/ef_wing_main_00006":{"width":225,"height":225},"EF/ef_wing_main/ef_wing_main_00008":{"width":225,"height":225},"EF/ef_wing_main/ef_wing_main_00010":{"width":225,"height":225},"EF/ef_wing_main/ef_wing_main_00012":{"width":225,"height":225},"EF/ef_wing_main/ef_wing_main_00014":{"width":225,"height":225},"EF/ef_wing_main/ef_wing_main_00016":{"width":225,"height":225},"EF/ef_wing_main/ef_wing_main_00018":{"width":225,"height":225},"EF/ef_wing_main/ef_wing_main_00020":{"width":225,"height":225},"EF/ef_wing_main/ef_wing_main_00022":{"width":225,"height":225},"EF/ef_wing_main/ef_wing_main_00026":{"width":225,"height":225}},"graund_wave_A_yellow":{"EF/graund_wave_A_yellow/ef_graund_wave_A_yellow_00002":{"y":18.09,"width":338,"height":281},"EF/graund_wave_A_yellow/ef_graund_wave_A_yellow_00003":{"y":18.09,"width":338,"height":281},"EF/graund_wave_A_yellow/ef_graund_wave_A_yellow_00004":{"y":18.09,"width":338,"height":281},"EF/graund_wave_A_yellow/ef_graund_wave_A_yellow_00005":{"y":18.09,"width":338,"height":281},"EF/graund_wave_A_yellow/ef_graund_wave_A_yellow_00006":{"y":18.09,"width":338,"height":281},"EF/graund_wave_A_yellow/ef_graund_wave_A_yellow_00007":{"y":18.09,"width":338,"height":281},"EF/graund_wave_A_yellow/ef_graund_wave_A_yellow_00008":{"y":18.09,"width":338,"height":281},"EF/graund_wave_A_yellow/ef_graund_wave_A_yellow_00009":{"y":18.09,"width":338,"height":281},"EF/graund_wave_A_yellow/ef_graund_wave_A_yellow_00010":{"y":18.09,"width":338,"height":281},"EF/graund_wave_A_yellow/ef_graund_wave_A_yellow_00012":{"y":18.09,"width":338,"height":281}},"graund_wave_A_yellow2":{"EF/graund_wave_A_yellow/ef_graund_wave_A_yellow_00002":{"y":18.09,"width":338,"height":281},"EF/graund_wave_A_yellow/ef_graund_wave_A_yellow_00003":{"y":18.09,"width":338,"height":281},"EF/graund_wave_A_yellow/ef_graund_wave_A_yellow_00004":{"y":18.09,"width":338,"height":281},"EF/graund_wave_A_yellow/ef_graund_wave_A_yellow_00005":{"y":18.09,"width":338,"height":281},"EF/graund_wave_A_yellow/ef_graund_wave_A_yellow_00006":{"y":18.09,"width":338,"height":281},"EF/graund_wave_A_yellow/ef_graund_wave_A_yellow_00007":{"y":18.09,"width":338,"height":281},"EF/graund_wave_A_yellow/ef_graund_wave_A_yellow_00008":{"y":18.09,"width":338,"height":281},"EF/graund_wave_A_yellow/ef_graund_wave_A_yellow_00009":{"y":18.09,"width":338,"height":281},"EF/graund_wave_A_yellow/ef_graund_wave_A_yellow_00010":{"y":18.09,"width":338,"height":281},"EF/graund_wave_A_yellow/ef_graund_wave_A_yellow_00012":{"y":18.09,"width":338,"height":281}},"graund_wave_A_yellow3":{"EF/graund_wave_A_yellow/ef_graund_wave_A_yellow_00002":{"y":18.09,"width":338,"height":281},"EF/graund_wave_A_yellow/ef_graund_wave_A_yellow_00003":{"y":18.09,"width":338,"height":281},"EF/graund_wave_A_yellow/ef_graund_wave_A_yellow_00004":{"y":18.09,"width":338,"height":281},"EF/graund_wave_A_yellow/ef_graund_wave_A_yellow_00005":{"y":18.09,"width":338,"height":281},"EF/graund_wave_A_yellow/ef_graund_wave_A_yellow_00006":{"y":18.09,"width":338,"height":281},"EF/graund_wave_A_yellow/ef_graund_wave_A_yellow_00007":{"y":18.09,"width":338,"height":281},"EF/graund_wave_A_yellow/ef_graund_wave_A_yellow_00008":{"y":18.09,"width":338,"height":281},"EF/graund_wave_A_yellow/ef_graund_wave_A_yellow_00009":{"y":18.09,"width":338,"height":281},"EF/graund_wave_A_yellow/ef_graund_wave_A_yellow_00010":{"y":18.09,"width":338,"height":281},"EF/graund_wave_A_yellow/ef_graund_wave_A_yellow_00012":{"y":18.09,"width":338,"height":281}},"wave_D_yellow":{"EF/wave_D_yellow/ef_wave_D_yellow_00001":{"x":3.65,"width":281,"height":281},"EF/wave_D_yellow/ef_wave_D_yellow_00002":{"x":3.65,"width":281,"height":281},"EF/wave_D_yellow/ef_wave_D_yellow_00003":{"x":3.65,"width":281,"height":281},"EF/wave_D_yellow/ef_wave_D_yellow_00004":{"x":3.65,"width":281,"height":281},"EF/wave_D_yellow/ef_wave_D_yellow_00005":{"x":3.65,"width":281,"height":281}},"wave_D_yellow2":{"EF/wave_D_yellow/ef_wave_D_yellow_00001":{"x":3.65,"width":281,"height":281},"EF/wave_D_yellow/ef_wave_D_yellow_00002":{"x":3.65,"width":281,"height":281},"EF/wave_D_yellow/ef_wave_D_yellow_00003":{"x":3.65,"width":281,"height":281},"EF/wave_D_yellow/ef_wave_D_yellow_00004":{"x":3.65,"width":281,"height":281},"EF/wave_D_yellow/ef_wave_D_yellow_00005":{"x":3.65,"width":281,"height":281}},"wave_D_yellow3":{"EF/wave_D_yellow/ef_wave_D_yellow_00001":{"x":3.65,"width":281,"height":281},"EF/wave_D_yellow/ef_wave_D_yellow_00002":{"x":3.65,"width":281,"height":281},"EF/wave_D_yellow/ef_wave_D_yellow_00003":{"x":3.65,"width":281,"height":281},"EF/wave_D_yellow/ef_wave_D_yellow_00004":{"x":3.65,"width":281,"height":281},"EF/wave_D_yellow/ef_wave_D_yellow_00005":{"x":3.65,"width":281,"height":281}},"wave_D_yellow4":{"EF/wave_D_yellow/ef_wave_D_yellow_00001":{"x":3.65,"width":281,"height":281},"EF/wave_D_yellow/ef_wave_D_yellow_00002":{"x":3.65,"width":281,"height":281},"EF/wave_D_yellow/ef_wave_D_yellow_00003":{"x":3.65,"width":281,"height":281},"EF/wave_D_yellow/ef_wave_D_yellow_00004":{"x":3.65,"width":281,"height":281},"EF/wave_D_yellow/ef_wave_D_yellow_00005":{"x":3.65,"width":281,"height":281}},"wave_D_yellow5":{"EF/wave_D_yellow/ef_wave_D_yellow_00001":{"x":3.65,"width":281,"height":281},"EF/wave_D_yellow/ef_wave_D_yellow_00002":{"x":3.65,"width":281,"height":281},"EF/wave_D_yellow/ef_wave_D_yellow_00003":{"x":3.65,"width":281,"height":281},"EF/wave_D_yellow/ef_wave_D_yellow_00004":{"x":3.65,"width":281,"height":281},"EF/wave_D_yellow/ef_wave_D_yellow_00005":{"x":3.65,"width":281,"height":281}}}},"events":{"Event":{},"Event2":{},"Hit":{},"Sound1":{},"Sound2":{},"Sound3":{},"Voice":{}},"animations":{"attack1":{"slots":{"DAMAGEAREA":{"attachment":[{"time":0.1333,"name":"DAMAGEAREA"},{"time":0.2333,"name":null},{"time":0.3333,"name":"DAMAGEAREA"},{"time":0.4,"name":null},{"time":0.4333,"name":"DAMAGEAREA"},{"time":0.5,"name":null},{"time":0.6666,"name":"DAMAGEAREA"},{"time":0.8,"name":null},{"time":1.0333,"name":"DAMAGEAREA"},{"time":1.1,"name":null}]},"EF_main":{"attachment":[{"time":0.1333,"name":"EF/attack1_00_EF"},{"time":0.2333,"name":null},{"time":0.3333,"name":"EF/attack1_02_EF"},{"time":0.4,"name":null},{"time":0.4333,"name":"EF/attack1_03_EF"},{"time":0.5,"name":"EF/attack1_04_EF"},{"time":0.5666,"name":null},{"time":0.6666,"name":"EF/attack1_05_EF"},{"time":0.7333,"name":"EF/attack1_06_EF"},{"time":0.8,"name":"EF/attack1_07_EF"},{"time":0.8666,"name":null},{"time":1.0333,"name":"EF/attack1_09_EF"},{"time":1.1,"name":"EF/attack1_10_EF"},{"time":1.1666,"name":"EF/attack1_11_EF"},{"time":1.2333,"name":"EF/attack1_12_EF"},{"time":1.3,"name":null}]},"MAIN":{"attachment":[{"time":0,"name":"idle_00"},{"time":0.0333,"name":"front_00"},{"time":0.1333,"name":"attack1_00"},{"time":0.2333,"name":"attack1_01"},{"time":0.3333,"name":"attack1_02"},{"time":0.4333,"name":"attack1_03"},{"time":0.5,"name":"attack1_04"},{"time":0.6666,"name":"attack1_05"},{"time":0.7333,"name":"attack1_00"},{"time":0.8,"name":"attack1_07"},{"time":0.9333,"name":"attack1_08"},{"time":1.0333,"name":"attack1_09"},{"time":1.1333,"name":"attack1_10"},{"time":1.2,"name":"attack1_09"},{"time":1.2666,"name":"attack1_10"},{"time":1.3333,"name":"attack1_09"},{"time":1.4333,"name":"attack1_10"},{"time":1.5333,"name":"back_00"},{"time":1.8333,"name":"skill1_04"},{"time":2,"name":"idle_00"}]}},"bones":{"MAIN":{"translate":[{"time":0,"x":0,"y":0,"curve":"stepped"},{"time":0.0333,"x":-33.08,"y":0.19,"curve":[0.133,0.67,0.236,0.97]},{"time":0.5,"x":-119.99,"y":0.71,"curve":"stepped"},{"time":0.9333,"x":-119.99,"y":0.71,"curve":"stepped"},{"time":1.0333,"x":-152.44,"y":-4.86,"curve":[0.292,0.93,0.75,1]},{"time":1.3333,"x":-199.99,"y":-4.86,"curve":"stepped"},{"time":1.5333,"x":-173.45,"y":1.03,"curve":[0.332,0.37,0.667,0.7]},{"time":1.6666,"x":-88.93,"y":20.54,"curve":[0.351,0.33,0.696,0.59]},{"time":1.8333,"x":-19.99,"y":0.11,"curve":[0.173,0.69,0.705,0.83]},{"time":1.9666,"x":-16.93,"y":0.1,"curve":"stepped"},{"time":2,"x":0,"y":0}]},"MAIN_ef":{"translate":[{"time":0,"x":0,"y":0,"curve":"stepped"},{"time":0.1333,"x":26.62,"y":0,"curve":"stepped"},{"time":0.3333,"x":17.18,"y":8.18,"curve":"stepped"},{"time":0.4333,"x":13.02,"y":0,"curve":"stepped"},{"time":0.6666,"x":50.66,"y":-5.28,"curve":"stepped"},{"time":0.7333,"x":50.66,"y":8.57,"curve":"stepped"},{"time":0.8,"x":16.85,"y":2.9,"curve":"stepped"},{"time":1.0333,"x":65.46,"y":10.53,"curve":"stepped"},{"time":1.3333,"x":35.9,"y":10.67}]},"DAMAGEAREA":{"translate":[{"time":0.1333,"x":-129.44,"y":47.61,"curve":"stepped"},{"time":0.2,"x":-170.32,"y":-32.63,"curve":"stepped"},{"time":0.3333,"x":-183.87,"y":80.26,"curve":"stepped"},{"time":0.4333,"x":-202.92,"y":107.48,"curve":"stepped"},{"time":0.6666,"x":-170.26,"y":63.93,"curve":"stepped"},{"time":0.7333,"x":-184.3,"y":-3.07,"curve":"stepped"},{"time":1.0333,"x":-183.87,"y":69.38}],"scale":[{"time":0.1333,"x":1.305,"y":1.51,"curve":"stepped"},{"time":0.3333,"x":1.568,"y":1.51,"curve":"stepped"},{"time":0.4333,"x":1.615,"y":1.797,"curve":"stepped"},{"time":0.6666,"x":1.709,"y":1.695,"curve":"stepped"},{"time":0.7333,"x":1.429,"y":1.034,"curve":"stepped"},{"time":1.0333,"x":2.051,"y":1.557}]}},"events":[{"time":0,"name":"Event","string":"setHitEffect(hit03d, 1)"},{"time":0.0333,"name":"Event","int":1,"string":"kImpactType_normal"},{"time":0.0666,"name":"Event","float":0.04,"string":"kHitStopType_normal"},{"time":0.3,"name":"Sound1","string":"cri_se_battle_sword_swish_heavy"},{"time":0.3,"name":"Sound3","string":"setHitSound(se_battle_019_sword_hit_03)"},{"time":0.3,"name":"Voice","string":"cri_257_voice_attack_random"},{"time":0.3333,"name":"Hit","string":"resetHitList"},{"time":0.4333,"name":"Hit","string":"resetHitList"},{"time":0.4333,"name":"Sound1","string":"cri_se_battle_sword_swish_heavy"},{"time":0.6333,"name":"Sound1","string":"cri_se_battle_sword_swish_heavy"},{"time":0.6666,"name":"Hit","string":"resetHitList"},{"time":0.7333,"name":"Hit","string":"resetHitList"},{"time":0.7333,"name":"Sound1","string":"cri_se_battle_sword_swish_heavy"},{"time":0.7333,"name":"Voice","string":"cri_257_voice_attack_c"},{"time":1.0333,"name":"Hit","string":"resetHitList"},{"time":1.0333,"name":"Sound1","string":"cri_se_battle_sword_swish_heavy"}]},"back":{"slots":{"MAIN":{"attachment":[{"time":0,"name":"back_00"},{"time":0.2666,"name":"attack1_00"},{"time":0.5666,"name":"idle_00"}]}},"bones":{"MAIN":{"translate":[{"time":0,"x":0,"y":0},{"time":0.1333,"x":62.5,"y":20},{"time":0.2666,"x":125,"y":0,"curve":[0.075,0.6,0.75,1]},{"time":0.5333,"x":140,"y":0,"curve":"stepped"},{"time":0.5666,"x":158.13,"y":0}]}},"events":[{"time":0,"name":"Sound1","string":"cri_se_battle_jump"},{"time":0.2666,"name":"Sound1","string":"cri_se_battle_landing"}]},"cast":{"slots":{"MAIN":{"attachment":[{"time":0,"name":"idle_00"},{"time":0.1,"name":"attack1_07"},{"time":0.2,"name":"attack1_08"},{"time":0.5,"name":"attack1_09"},{"time":0.6,"name":"attack1_10"},{"time":0.7,"name":"attack1_09"},{"time":0.8,"name":"attack1_10"},{"time":0.9,"name":"attack1_09"},{"time":1,"name":"idle_00"}]}},"bones":{"MAIN":{"translate":[{"time":0,"x":0,"y":0,"curve":"stepped"},{"time":0.1,"x":-14.96,"y":6.74,"curve":"stepped"},{"time":0.5,"x":-46.53,"y":-5.11,"curve":"stepped"},{"time":1,"x":0,"y":0}]}},"events":[{"time":0.5,"name":"Voice","string":"cri_257_voice_item"}]},"damage":{"slots":{"MAIN":{"attachment":[{"time":0,"name":"damage_00"}]}}},"front":{"slots":{"MAIN":{"attachment":[{"time":0,"name":"front_00"}]}}},"idle":{"slots":{"MAIN":{"attachment":[{"time":0,"name":"idle_00"},{"time":0.2666,"name":"idle_01"},{"time":0.5,"name":"idle_02"},{"time":0.7666,"name":"idle_03"},{"time":1,"name":"idle_00"}]}}},"in":{"slots":{"MAIN":{"attachment":[{"time":0,"name":"skill2_08"},{"time":0.3,"name":"attack1_00"},{"time":0.5666,"name":"idle_00"}],"color":[{"time":0,"color":"ffffff00"},{"time":0.1666,"color":"ffffffff"}]}},"bones":{"MAIN":{"translate":[{"time":0,"x":0,"y":170.79,"curve":[0.398,0,0.791,0.52]},{"time":0.2666,"x":0,"y":11.12,"curve":"stepped"},{"time":0.3,"x":0,"y":-1.25,"curve":[0.153,0.7,0.75,1]},{"time":0.3666,"x":0,"y":0,"curve":"stepped"},{"time":0.5666,"x":0,"y":0}]}},"events":[{"time":0,"name":"Event","string":"takeSummon"},{"time":0.3,"name":"Sound1","string":"cri_se_battle_landing"}]},"skill1":{"slots":{"DAMAGEAREA":{"attachment":[{"time":0.3666,"name":"DAMAGEAREA"},{"time":0.5333,"name":null},{"time":0.8666,"name":"DAMAGEAREA"},{"time":1.0333,"name":null}]},"MAIN":{"attachment":[{"time":0.0333,"name":"skill1_04"},{"time":0.2333,"name":"skill1_05"},{"time":0.3333,"name":"skill1_06"},{"time":0.6,"name":"skill1_07"},{"time":0.7,"name":"skill1_08"},{"time":0.8333,"name":"attack1_09"},{"time":0.8666,"name":"attack1_10"},{"time":0.9666,"name":"attack1_09"},{"time":1.0666,"name":"attack1_10"},{"time":1.1666,"name":"attack1_09"},{"time":1.2666,"name":"attack1_10"},{"time":1.4,"name":"attack1_09"},{"time":1.5333,"name":"attack1_10"},{"time":1.7,"name":"attack1_09"},{"time":1.8333,"name":"idle_00"}]},"dash_aura":{"attachment":[{"time":0.8333,"name":"EF/dash_aura/ef_dash_aura_main_00001"},{"time":0.8666,"name":"EF/dash_aura/ef_dash_aura_main_00002"},{"time":0.9,"name":"EF/dash_aura/ef_dash_aura_main_00003"},{"time":0.9333,"name":"EF/dash_aura/ef_dash_aura_main_00004"},{"time":0.9666,"name":"EF/dash_aura/ef_dash_aura_main_00005"},{"time":1,"name":"EF/dash_aura/ef_dash_aura_main_00006"},{"time":1.0333,"name":"EF/dash_aura/ef_dash_aura_main_00007"},{"time":1.0666,"name":"EF/dash_aura/ef_dash_aura_main_00008"},{"time":1.1,"name":"EF/dash_aura/ef_dash_aura_main_00009"},{"time":1.1333,"name":"EF/dash_aura/ef_dash_aura_main_00010"},{"time":1.2,"name":null}],"color":[{"time":1.1333,"color":"ffffffff"},{"time":1.2,"color":"ffffff00"}]},"ef_dash_main":{"attachment":[{"time":0.2333,"name":"EF/ef_dash_main/ef_dash_main_00001"},{"time":0.2666,"name":"EF/ef_dash_main/ef_dash_main_00002"},{"time":0.3,"name":"EF/ef_dash_main/ef_dash_main_00003"},{"time":0.3333,"name":"EF/ef_dash_main/ef_dash_main_00005"},{"time":0.3666,"name":"EF/ef_dash_main/ef_dash_main_00006"},{"time":0.4,"name":"EF/ef_dash_main/ef_dash_main_00007"},{"time":0.4333,"name":"EF/ef_dash_main/ef_dash_main_00008"},{"time":0.4666,"name":"EF/ef_dash_main/ef_dash_main_00009"},{"time":0.5,"name":"EF/ef_dash_main/ef_dash_main_00010"},{"time":0.5333,"name":"EF/ef_dash_main/ef_dash_main_00011"},{"time":0.6333,"name":null},{"time":0.9,"name":"EF/ef_dash_main/ef_dash_main_00001"},{"time":0.9333,"name":"EF/ef_dash_main/ef_dash_main_00002"},{"time":0.9666,"name":"EF/ef_dash_main/ef_dash_main_00003"},{"time":1,"name":"EF/ef_dash_main/ef_dash_main_00005"},{"time":1.0333,"name":"EF/ef_dash_main/ef_dash_main_00006"},{"time":1.0666,"name":"EF/ef_dash_main/ef_dash_main_00007"},{"time":1.1,"name":"EF/ef_dash_main/ef_dash_main_00008"},{"time":1.1333,"name":"EF/ef_dash_main/ef_dash_main_00009"},{"time":1.1666,"name":"EF/ef_dash_main/ef_dash_main_00010"},{"time":1.2,"name":"EF/ef_dash_main/ef_dash_main_00011"},{"time":1.3,"name":null}],"color":[{"time":0.5333,"color":"ffffffff"},{"time":0.6333,"color":"ffffff00","curve":"stepped"},{"time":0.9,"color":"ffffffff","curve":"stepped"},{"time":1.2,"color":"ffffffff"},{"time":1.3,"color":"ffffff00"}]},"ef_slash_A_main":{"attachment":[{"time":0.3333,"name":"EF/ef_slash_A_main/ef_slash_A_main_00001"},{"time":0.3666,"name":"EF/ef_slash_A_main/ef_slash_A_main_00002"},{"time":0.4,"name":"EF/ef_slash_A_main/ef_slash_A_main_00003"},{"time":0.4333,"name":"EF/ef_slash_A_main/ef_slash_A_main_00004"},{"time":0.4666,"name":"EF/ef_slash_A_main/ef_slash_A_main_00005"},{"time":0.5,"name":"EF/ef_slash_A_main/ef_slash_A_main_00006"},{"time":0.5333,"name":"EF/ef_slash_A_main/ef_slash_A_main_00007"},{"time":0.5666,"name":"EF/ef_slash_A_main/ef_slash_A_main_00008"},{"time":0.6,"name":null}],"color":[{"time":0.5666,"color":"ffffff7d"}]},"ef_slash_BB_main":{"attachment":[{"time":0.8333,"name":"EF/ef_slash_BB_main/ef_slash_BB_main_00002"},{"time":0.8666,"name":"EF/ef_slash_BB_main/ef_slash_BB_main_00004"},{"time":0.9,"name":"EF/ef_slash_BB_main/ef_slash_BB_main_00005"},{"time":0.9333,"name":"EF/ef_slash_BB_main/ef_slash_BB_main_00005"},{"time":0.9666,"name":"EF/ef_slash_BB_main/ef_slash_BB_main_00006"},{"time":1,"name":"EF/ef_slash_BB_main/ef_slash_BB_main_00007"},{"time":1.0333,"name":"EF/ef_slash_BB_main/ef_slash_BB_main_00008"},{"time":1.1,"name":null}],"color":[{"time":1.0333,"color":"ffffffff"},{"time":1.1,"color":"ffffff00"}]},"ef_slash_BB_main2":{"attachment":[{"time":0.8333,"name":"EF/ef_slash_BB_main/ef_slash_BB_main_00003"},{"time":0.8666,"name":"EF/ef_slash_BB_main/ef_slash_BB_main_00006"},{"time":0.9333,"name":"EF/ef_slash_BB_main/ef_slash_BB_main_00007"},{"time":0.9666,"name":"EF/ef_slash_BB_main/ef_slash_BB_main_00008"},{"time":1.0333,"name":null}],"color":[{"time":0.9666,"color":"ffffffff"},{"time":1.0333,"color":"ffffff00"}]},"ef_slash_B_main":{"attachment":[{"time":0.3666,"name":"EF/ef_slash_B_main/ef_slash_B_main_00004"},{"time":0.4,"name":"EF/ef_slash_B_main/ef_slash_B_main_00005"},{"time":0.4333,"name":"EF/ef_slash_B_main/ef_slash_B_main_00006"},{"time":0.4666,"name":"EF/ef_slash_B_main/ef_slash_B_main_00007"},{"time":0.5,"name":"EF/ef_slash_B_main/ef_slash_B_main_00008"},{"time":0.5333,"name":null}],"color":[{"time":0.3666,"color":"ffffffff","curve":"stepped"},{"time":0.4666,"color":"ffffffff"},{"time":0.5333,"color":"ffffff00"}]},"graund_wave_A_yellow":{"attachment":[{"time":0.2333,"name":"EF/graund_wave_A_yellow/ef_graund_wave_A_yellow_00002"},{"time":0.2666,"name":"EF/graund_wave_A_yellow/ef_graund_wave_A_yellow_00003"},{"time":0.3,"name":"EF/graund_wave_A_yellow/ef_graund_wave_A_yellow_00004"},{"time":0.3333,"name":"EF/graund_wave_A_yellow/ef_graund_wave_A_yellow_00005"},{"time":0.3666,"name":"EF/graund_wave_A_yellow/ef_graund_wave_A_yellow_00006"},{"time":0.4,"name":"EF/graund_wave_A_yellow/ef_graund_wave_A_yellow_00007"},{"time":0.4333,"name":"EF/graund_wave_A_yellow/ef_graund_wave_A_yellow_00008"},{"time":0.4666,"name":"EF/graund_wave_A_yellow/ef_graund_wave_A_yellow_00009"},{"time":0.5,"name":"EF/graund_wave_A_yellow/ef_graund_wave_A_yellow_00010"},{"time":0.5333,"name":"EF/graund_wave_A_yellow/ef_graund_wave_A_yellow_00012"},{"time":0.6,"name":null},{"time":0.8666,"name":"EF/graund_wave_A_yellow/ef_graund_wave_A_yellow_00002"},{"time":0.9,"name":"EF/graund_wave_A_yellow/ef_graund_wave_A_yellow_00003"},{"time":0.9333,"name":"EF/graund_wave_A_yellow/ef_graund_wave_A_yellow_00004"},{"time":0.9666,"name":"EF/graund_wave_A_yellow/ef_graund_wave_A_yellow_00005"},{"time":1,"name":"EF/graund_wave_A_yellow/ef_graund_wave_A_yellow_00006"},{"time":1.0333,"name":"EF/graund_wave_A_yellow/ef_graund_wave_A_yellow_00007"},{"time":1.0666,"name":"EF/graund_wave_A_yellow/ef_graund_wave_A_yellow_00008"},{"time":1.1,"name":"EF/graund_wave_A_yellow/ef_graund_wave_A_yellow_00009"},{"time":1.1333,"name":"EF/graund_wave_A_yellow/ef_graund_wave_A_yellow_00010"},{"time":1.1666,"name":"EF/graund_wave_A_yellow/ef_graund_wave_A_yellow_00012"},{"time":1.2333,"name":null}],"color":[{"time":0.2333,"color":"ffffffff","curve":"stepped"},{"time":0.5333,"color":"ffffffff"},{"time":0.6,"color":"ffffff00","curve":"stepped"},{"time":0.8666,"color":"ffffffff","curve":"stepped"},{"time":1.1666,"color":"ffffffff"},{"time":1.2333,"color":"ffffff00"}]}},"bones":{"MAIN":{"translate":[{"time":0.0333,"x":28.41,"y":-0.16,"curve":"stepped"},{"time":0.3333,"x":-7.82,"y":29.3,"curve":[0.117,0.78,0.32,0.98]},{"time":0.7666,"x":-7.43,"y":95.04,"curve":"stepped"},{"time":0.8333,"x":-35.81,"y":30.92},{"time":0.8666,"x":-50,"y":-3.84,"curve":[0.111,0.73,0.75,1]},{"time":1.1333,"x":-85.64,"y":-3.84,"curve":"stepped"},{"time":1.8333,"x":-34.21,"y":0}]},"graund_wave_A_yellow":{"translate":[{"time":0.2333,"x":-382.65,"y":0,"curve":"stepped"},{"time":0.8666,"x":-464.74,"y":0}],"scale":[{"time":0.2333,"x":1,"y":1},{"time":0.6,"x":1.5,"y":1.5,"curve":"stepped"},{"time":0.8666,"x":1,"y":1},{"time":1.2333,"x":2,"y":2}]},"ef_dash_main":{"translate":[{"time":0.2333,"x":-246.24,"y":0,"curve":"stepped"},{"time":0.9,"x":-313.78,"y":0}],"scale":[{"time":0.2333,"x":1,"y":1},{"time":0.6333,"x":1.25,"y":1.25,"curve":"stepped"},{"time":0.9,"x":1,"y":1},{"time":1.3,"x":1.25,"y":1.25}]},"ef_slash_A_main":{"translate":[{"time":0.3333,"x":-76.14,"y":-18.35,"curve":"stepped"},{"time":0.5666,"x":-100.92,"y":-34.51}],"scale":[{"time":0.3333,"x":1,"y":1}]},"ef_slash_BB_main":{"translate":[{"time":0.8333,"x":-48.32,"y":-39.71},{"time":0.8666,"x":-78.94,"y":-29.67}]},"ef_slash_BB_main2":{"rotate":[{"time":0.8333,"angle":-93.37}],"translate":[{"time":0.8333,"x":-71.28,"y":-9.56},{"time":0.8666,"x":-19.68,"y":-1.23}],"scale":[{"time":0.8333,"x":-1,"y":1}]},"dash_aura":{"rotate":[{"time":0.8333,"angle":41.49}],"translate":[{"time":0.8333,"x":-282.01,"y":-439.94}],"scale":[{"time":0.8333,"x":2,"y":2},{"time":1.2,"x":3,"y":3}]},"ef_slash_B_main":{"rotate":[{"time":0.3666,"angle":147.94}],"translate":[{"time":0.3666,"x":-116.17,"y":-6.29}],"scale":[{"time":0.3666,"x":1.4,"y":1.479}]},"DAMAGEAREA":{"translate":[{"time":0.3666,"x":-46.31,"y":127.04},{"time":0.8666,"x":-82.4,"y":90.95}],"scale":[{"time":0.3666,"x":2.156,"y":2.577},{"time":0.8666,"x":2.643,"y":3.275}]}},"events":[{"time":0,"name":"Event","string":"setHitEffect(hit03d, 1)"},{"time":0.0333,"name":"Event","int":1,"string":"kImpactType_normal"},{"time":0.0666,"name":"Event","float":0.05,"string":"kHitStopType_normal"},{"time":0.2333,"name":"Sound1","string":"cri_se_battle_skill_shot"},{"time":0.2333,"name":"Sound2","string":"cri_se_battle_033_explosion_element_01"},{"time":0.2333,"name":"Sound3","string":"setHitSound(se_battle_sword_heavy_hit)"},{"time":0.3666,"name":"Event2","float":1,"string":"shakeGround"},{"time":0.4333,"name":"Event","float":0.08,"string":"kHitStopType_normal"},{"time":0.4333,"name":"Hit","string":"resetHitList"},{"time":0.6666,"name":"Voice","string":"cri_257_voice_skill_all"},{"time":0.8333,"name":"Sound1","string":"cri_se_battle_skill_swish"},{"time":0.8333,"name":"Sound2","string":"cri_se_battle_033_explosion_element_01"},{"time":0.8333,"name":"Sound3","string":"cri_se_battle_arrow_light_effect"},{"time":0.8666,"name":"Event","float":0.14,"string":"kHitStopType_normal"},{"time":0.8666,"name":"Event2","float":1.5,"string":"shakeGround"},{"time":0.8666,"name":"Hit","string":"resetHitList"},{"time":0.9333,"name":"Event","float":0.08,"string":"kHitStopType_normal"},{"time":0.9333,"name":"Hit","string":"resetHitList"}]},"skill2":{"slots":{"DAMAGEAREA":{"attachment":[{"time":0.8,"name":"DAMAGEAREA"},{"time":2.6,"name":null},{"time":3,"name":"DAMAGEAREA"},{"time":3.2666,"name":null}]},"MAIN":{"attachment":[{"time":0,"name":"back_00"},{"time":0.2666,"name":"attack1_00"},{"time":0.5666,"name":"attack1_01"},{"time":0.7333,"name":"attack1_02"},{"time":0.9,"name":"attack1_03"},{"time":1.0333,"name":"attack1_04"},{"time":1.2,"name":"attack1_00"},{"time":1.3,"name":"skill1_04"},{"time":1.5333,"name":"skill1_05"},{"time":1.6333,"name":"skill2_04"},{"time":1.7333,"name":"skill1_06"},{"time":1.8666,"name":"skill2_07"},{"time":1.9666,"name":"skill2_08"},{"time":2.1333,"name":"skill2_09"},{"time":2.3,"name":"skill2_10"},{"time":2.4666,"name":"skill1_07"},{"time":2.5666,"name":"skill1_08"},{"time":2.9666,"name":"skill2_13"},{"time":3.0666,"name":"skill2_14"},{"time":3.1666,"name":"skill2_13"},{"time":3.2666,"name":"skill2_14"},{"time":3.3666,"name":"skill2_13"},{"time":3.4666,"name":"skill2_14"},{"time":3.6,"name":"skill2_13"},{"time":3.7333,"name":"skill2_14"},{"time":3.8666,"name":"skill2_13"},{"time":4,"name":"skill2_14"},{"time":4.1333,"name":"skill2_13"},{"time":4.2666,"name":"skill2_14"},{"time":4.4333,"name":"skill2_13"},{"time":4.6,"name":"skill2_14"},{"time":5,"name":"idle_00"}]},"charge_A_yellow":{"attachment":[{"time":2.4666,"name":"EF/charge_A_yellow/ef_charge_A_yellow_00001"},{"time":2.5,"name":"EF/charge_A_yellow/ef_charge_A_yellow_00002"},{"time":2.5333,"name":"EF/charge_A_yellow/ef_charge_A_yellow_00003"},{"time":2.5666,"name":"EF/charge_A_yellow/ef_charge_A_yellow_00004"},{"time":2.6,"name":"EF/charge_A_yellow/ef_charge_A_yellow_00005"},{"time":2.6333,"name":"EF/charge_A_yellow/ef_charge_A_yellow_00006"},{"time":2.6666,"name":"EF/charge_A_yellow/ef_charge_A_yellow_00007"},{"time":2.7,"name":"EF/charge_A_yellow/ef_charge_A_yellow_00008"},{"time":2.7333,"name":"EF/charge_A_yellow/ef_charge_A_yellow_00009"},{"time":2.7666,"name":"EF/charge_A_yellow/ef_charge_A_yellow_00010"},{"time":3,"name":null}],"color":[{"time":2.7666,"color":"ffffffff"},{"time":3,"color":"ffffff00"}]},"dash_aura":{"attachment":[{"time":2.9666,"name":"EF/dash_aura/ef_dash_aura_main_00001"},{"time":3,"name":"EF/dash_aura/ef_dash_aura_main_00002"},{"time":3.0333,"name":"EF/dash_aura/ef_dash_aura_main_00003"},{"time":3.0666,"name":"EF/dash_aura/ef_dash_aura_main_00004"},{"time":3.1,"name":"EF/dash_aura/ef_dash_aura_main_00005"},{"time":3.1333,"name":"EF/dash_aura/ef_dash_aura_main_00006"},{"time":3.1666,"name":"EF/dash_aura/ef_dash_aura_main_00007"},{"time":3.2,"name":"EF/dash_aura/ef_dash_aura_main_00008"},{"time":3.2333,"name":"EF/dash_aura/ef_dash_aura_main_00009"},{"time":3.2666,"name":"EF/dash_aura/ef_dash_aura_main_00010"},{"time":3.3333,"name":null}],"color":[{"time":3.2666,"color":"ffffffff"},{"time":3.3333,"color":"ffffff00"}]},"ef_blade_flash_blue_main":{"attachment":[{"time":0.1333,"name":"EF/ef_blade_flash_blue_main/ef_blade_flash_blue_main_00008"},{"time":0.2,"name":"EF/ef_blade_flash_blue_main/ef_blade_flash_blue_main_00006"},{"time":0.2666,"name":"EF/ef_blade_flash_blue_main/ef_blade_flash_blue_main_00005"},{"time":0.3,"name":"EF/ef_blade_flash_blue_main/ef_blade_flash_blue_main_00004"},{"time":0.3666,"name":"EF/ef_blade_flash_blue_main/ef_blade_flash_blue_main_00003"},{"time":0.4333,"name":"EF/ef_blade_flash_blue_main/ef_blade_flash_blue_main_00002"},{"time":0.5,"name":"EF/ef_blade_flash_blue_main/ef_blade_flash_blue_main_00001"},{"time":0.6,"name":"EF/ef_blade_flash_blue_main/ef_blade_flash_blue_main_00002"},{"time":0.6333,"name":"EF/ef_blade_flash_blue_main/ef_blade_flash_blue_main_00003"},{"time":0.6666,"name":"EF/ef_blade_flash_blue_main/ef_blade_flash_blue_main_00004"},{"time":0.7,"name":"EF/ef_blade_flash_blue_main/ef_blade_flash_blue_main_00005"},{"time":0.7333,"name":"EF/ef_blade_flash_blue_main/ef_blade_flash_blue_main_00001"},{"time":0.8,"name":"EF/ef_blade_flash_blue_main/ef_blade_flash_blue_main_00002"},{"time":0.8666,"name":"EF/ef_blade_flash_blue_main/ef_blade_flash_blue_main_00003"},{"time":0.9,"name":"EF/ef_blade_flash_blue_main/ef_blade_flash_blue_main_00004"},{"time":0.9333,"name":"EF/ef_blade_flash_blue_main/ef_blade_flash_blue_main_00005"},{"time":0.9666,"name":"EF/ef_blade_flash_blue_main/ef_blade_flash_blue_main_00006"},{"time":1,"name":"EF/ef_blade_flash_blue_main/ef_blade_flash_blue_main_00008"},{"time":1.0666,"name":"EF/ef_blade_flash_blue_main/ef_blade_flash_blue_main_00006"},{"time":1.1,"name":"EF/ef_blade_flash_blue_main/ef_blade_flash_blue_main_00005"},{"time":1.1333,"name":"EF/ef_blade_flash_blue_main/ef_blade_flash_blue_main_00004"},{"time":1.1666,"name":"EF/ef_blade_flash_blue_main/ef_blade_flash_blue_main_00003"},{"time":1.2,"name":"EF/ef_blade_flash_blue_main/ef_blade_flash_blue_main_00002"},{"time":1.2333,"name":"EF/ef_blade_flash_blue_main/ef_blade_flash_blue_main_00001"},{"time":1.3,"name":"EF/ef_blade_flash_blue_main/ef_blade_flash_blue_main_00008"},{"time":1.3333,"name":"EF/ef_blade_flash_blue_main/ef_blade_flash_blue_main_00006"},{"time":1.3666,"name":"EF/ef_blade_flash_blue_main/ef_blade_flash_blue_main_00005"},{"time":1.4,"name":"EF/ef_blade_flash_blue_main/ef_blade_flash_blue_main_00004"},{"time":1.4333,"name":"EF/ef_blade_flash_blue_main/ef_blade_flash_blue_main_00003"},{"time":1.4666,"name":"EF/ef_blade_flash_blue_main/ef_blade_flash_blue_main_00002"},{"time":1.5,"name":"EF/ef_blade_flash_blue_main/ef_blade_flash_blue_main_00001"},{"time":1.5333,"name":"EF/ef_blade_flash_blue_main/ef_blade_flash_blue_main_00002"},{"time":1.5666,"name":"EF/ef_blade_flash_blue_main/ef_blade_flash_blue_main_00003"},{"time":1.6,"name":"EF/ef_blade_flash_blue_main/ef_blade_flash_blue_main_00004"},{"time":1.6333,"name":"EF/ef_blade_flash_blue_main/ef_blade_flash_blue_main_00005"},{"time":1.6666,"name":"EF/ef_blade_flash_blue_main/ef_blade_flash_blue_main_00006"},{"time":1.7,"name":"EF/ef_blade_flash_blue_main/ef_blade_flash_blue_main_00008"},{"time":1.7333,"name":"EF/ef_blade_flash_blue_main/ef_blade_flash_blue_main_00001"},{"time":1.7666,"name":"EF/ef_blade_flash_blue_main/ef_blade_flash_blue_main_00002"},{"time":1.8,"name":"EF/ef_blade_flash_blue_main/ef_blade_flash_blue_main_00003"},{"time":1.8333,"name":"EF/ef_blade_flash_blue_main/ef_blade_flash_blue_main_00004"},{"time":1.8666,"name":"EF/ef_blade_flash_blue_main/ef_blade_flash_blue_main_00005"},{"time":1.9,"name":"EF/ef_blade_flash_blue_main/ef_blade_flash_blue_main_00006"},{"time":1.9333,"name":"EF/ef_blade_flash_blue_main/ef_blade_flash_blue_main_00008"},{"time":1.9666,"name":"EF/ef_blade_flash_blue_main/ef_blade_flash_blue_main_00008"},{"time":2,"name":"EF/ef_blade_flash_blue_main/ef_blade_flash_blue_main_00006"},{"time":2.0333,"name":"EF/ef_blade_flash_blue_main/ef_blade_flash_blue_main_00005"},{"time":2.0666,"name":"EF/ef_blade_flash_blue_main/ef_blade_flash_blue_main_00004"},{"time":2.1,"name":"EF/ef_blade_flash_blue_main/ef_blade_flash_blue_main_00003"},{"time":2.1333,"name":"EF/ef_blade_flash_blue_main/ef_blade_flash_blue_main_00002"},{"time":2.1666,"name":"EF/ef_blade_flash_blue_main/ef_blade_flash_blue_main_00001"},{"time":2.2,"name":"EF/ef_blade_flash_blue_main/ef_blade_flash_blue_main_00002"},{"time":2.2333,"name":"EF/ef_blade_flash_blue_main/ef_blade_flash_blue_main_00003"},{"time":2.2666,"name":"EF/ef_blade_flash_blue_main/ef_blade_flash_blue_main_00004"},{"time":2.3,"name":"EF/ef_blade_flash_blue_main/ef_blade_flash_blue_main_00005"},{"time":2.4666,"name":"EF/ef_blade_flash_blue_main/ef_blade_flash_blue_main_00008"},{"time":2.5666,"name":"EF/ef_blade_flash_blue_main/ef_blade_flash_blue_main_00006"},{"time":2.6333,"name":"EF/ef_blade_flash_blue_main/ef_blade_flash_blue_main_00005"},{"time":2.7,"name":"EF/ef_blade_flash_blue_main/ef_blade_flash_blue_main_00004"},{"time":2.7666,"name":"EF/ef_blade_flash_blue_main/ef_blade_flash_blue_main_00003"},{"time":2.8333,"name":"EF/ef_blade_flash_blue_main/ef_blade_flash_blue_main_00002"},{"time":2.9,"name":"EF/ef_blade_flash_blue_main/ef_blade_flash_blue_main_00001"},{"time":2.9666,"name":"EF/ef_blade_flash_blue_main/ef_blade_flash_blue_main_00004"},{"time":3.0666,"name":"EF/ef_blade_flash_blue_main/ef_blade_flash_blue_main_00003"},{"time":3.1666,"name":"EF/ef_blade_flash_blue_main/ef_blade_flash_blue_main_00002"},{"time":3.2666,"name":"EF/ef_blade_flash_blue_main/ef_blade_flash_blue_main_00001"},{"time":3.3666,"name":"EF/ef_blade_flash_blue_main/ef_blade_flash_blue_main_00004"},{"time":3.5,"name":"EF/ef_blade_flash_blue_main/ef_blade_flash_blue_main_00005"},{"time":3.6333,"name":"EF/ef_blade_flash_blue_main/ef_blade_flash_blue_main_00006"},{"time":3.9,"name":"EF/ef_blade_flash_blue_main/ef_blade_flash_blue_main_00008"},{"time":4.3333,"name":null}],"color":[{"time":3.6333,"color":"ffffffff","curve":[0.25,0,0.816,0.45]},{"time":4.3333,"color":"ffffff00"}]},"ef_blade_flash_purple_main":{"attachment":[{"time":0.1333,"name":"EF/ef_blade_flash_purple_main/ef_blade_flash_purple_main_00008"},{"time":0.2,"name":"EF/ef_blade_flash_purple_main/ef_blade_flash_purple_main_00006"},{"time":0.2666,"name":"EF/ef_blade_flash_purple_main/ef_blade_flash_purple_main_00005"},{"time":0.3,"name":"EF/ef_blade_flash_purple_main/ef_blade_flash_purple_main_00004"},{"time":0.3666,"name":"EF/ef_blade_flash_purple_main/ef_blade_flash_purple_main_00003"},{"time":0.4333,"name":"EF/ef_blade_flash_purple_main/ef_blade_flash_purple_main_00002"},{"time":0.5,"name":"EF/ef_blade_flash_purple_main/ef_blade_flash_purple_main_00001"},{"time":0.6,"name":"EF/ef_blade_flash_purple_main/ef_blade_flash_purple_main_00002"},{"time":0.6333,"name":"EF/ef_blade_flash_purple_main/ef_blade_flash_purple_main_00003"},{"time":0.6666,"name":"EF/ef_blade_flash_purple_main/ef_blade_flash_purple_main_00004"},{"time":0.7,"name":"EF/ef_blade_flash_purple_main/ef_blade_flash_purple_main_00005"},{"time":0.7333,"name":"EF/ef_blade_flash_purple_main/ef_blade_flash_purple_main_00008"},{"time":0.7666,"name":"EF/ef_blade_flash_purple_main/ef_blade_flash_purple_main_00006"},{"time":0.8,"name":"EF/ef_blade_flash_purple_main/ef_blade_flash_purple_main_00005"},{"time":0.8666,"name":"EF/ef_blade_flash_purple_main/ef_blade_flash_purple_main_00004"},{"time":0.9,"name":"EF/ef_blade_flash_purple_main/ef_blade_flash_purple_main_00003"},{"time":0.9666,"name":"EF/ef_blade_flash_purple_main/ef_blade_flash_purple_main_00002"},{"time":1,"name":"EF/ef_blade_flash_purple_main/ef_blade_flash_purple_main_00001"},{"time":1.0333,"name":"EF/ef_blade_flash_purple_main/ef_blade_flash_purple_main_00004"},{"time":1.0666,"name":"EF/ef_blade_flash_purple_main/ef_blade_flash_purple_main_00005"},{"time":1.1,"name":"EF/ef_blade_flash_purple_main/ef_blade_flash_purple_main_00006"},{"time":1.1333,"name":"EF/ef_blade_flash_purple_main/ef_blade_flash_purple_main_00008"},{"time":1.2,"name":"EF/ef_blade_flash_purple_main/ef_blade_flash_purple_main_00001"},{"time":1.2333,"name":"EF/ef_blade_flash_purple_main/ef_blade_flash_purple_main_00002"},{"time":1.2666,"name":"EF/ef_blade_flash_purple_main/ef_blade_flash_purple_main_00003"},{"time":1.3,"name":"EF/ef_blade_flash_purple_main/ef_blade_flash_purple_main_00008"},{"time":1.3333,"name":"EF/ef_blade_flash_purple_main/ef_blade_flash_purple_main_00006"},{"time":1.3666,"name":"EF/ef_blade_flash_purple_main/ef_blade_flash_purple_main_00005"},{"time":1.4,"name":"EF/ef_blade_flash_purple_main/ef_blade_flash_purple_main_00004"},{"time":1.4333,"name":"EF/ef_blade_flash_purple_main/ef_blade_flash_purple_main_00003"},{"time":1.4666,"name":"EF/ef_blade_flash_purple_main/ef_blade_flash_purple_main_00002"},{"time":1.5,"name":"EF/ef_blade_flash_purple_main/ef_blade_flash_purple_main_00001"},{"time":1.5666,"name":"EF/ef_blade_flash_purple_main/ef_blade_flash_purple_main_00002"},{"time":1.6,"name":"EF/ef_blade_flash_purple_main/ef_blade_flash_purple_main_00003"},{"time":1.6333,"name":"EF/ef_blade_flash_purple_main/ef_blade_flash_purple_main_00004"},{"time":1.6666,"name":"EF/ef_blade_flash_purple_main/ef_blade_flash_purple_main_00005"},{"time":1.7333,"name":"EF/ef_blade_flash_purple_main/ef_blade_flash_purple_main_00002"},{"time":1.8,"name":"EF/ef_blade_flash_purple_main/ef_blade_flash_purple_main_00001"},{"time":1.8333,"name":"EF/ef_blade_flash_purple_main/ef_blade_flash_purple_main_00003"},{"time":1.8666,"name":"EF/ef_blade_flash_purple_main/ef_blade_flash_purple_main_00008"},{"time":1.9,"name":"EF/ef_blade_flash_purple_main/ef_blade_flash_purple_main_00005"},{"time":1.9333,"name":"EF/ef_blade_flash_purple_main/ef_blade_flash_purple_main_00003"},{"time":1.9666,"name":"EF/ef_blade_flash_purple_main/ef_blade_flash_purple_main_00001"},{"time":2,"name":"EF/ef_blade_flash_purple_main/ef_blade_flash_purple_main_00002"},{"time":2.0333,"name":"EF/ef_blade_flash_purple_main/ef_blade_flash_purple_main_00003"},{"time":2.0666,"name":"EF/ef_blade_flash_purple_main/ef_blade_flash_purple_main_00004"},{"time":2.1,"name":"EF/ef_blade_flash_purple_main/ef_blade_flash_purple_main_00005"},{"time":2.1333,"name":"EF/ef_blade_flash_purple_main/ef_blade_flash_purple_main_00005"},{"time":2.1666,"name":"EF/ef_blade_flash_purple_main/ef_blade_flash_purple_main_00006"},{"time":2.2,"name":"EF/ef_blade_flash_purple_main/ef_blade_flash_purple_main_00008"},{"time":2.3,"name":"EF/ef_blade_flash_purple_main/ef_blade_flash_purple_main_00001"},{"time":2.3333,"name":"EF/ef_blade_flash_purple_main/ef_blade_flash_purple_main_00002"},{"time":2.3666,"name":"EF/ef_blade_flash_purple_main/ef_blade_flash_purple_main_00003"},{"time":2.4,"name":"EF/ef_blade_flash_purple_main/ef_blade_flash_purple_main_00004"},{"time":2.4333,"name":"EF/ef_blade_flash_purple_main/ef_blade_flash_purple_main_00005"},{"time":2.4666,"name":"EF/ef_blade_flash_purple_main/ef_blade_flash_purple_main_00006"},{"time":2.5,"name":"EF/ef_blade_flash_purple_main/ef_blade_flash_purple_main_00008"},{"time":2.5333,"name":"EF/ef_blade_flash_purple_main/ef_blade_flash_purple_main_00006"},{"time":2.5666,"name":"EF/ef_blade_flash_purple_main/ef_blade_flash_purple_main_00005"},{"time":2.6,"name":"EF/ef_blade_flash_purple_main/ef_blade_flash_purple_main_00004"},{"time":2.6333,"name":"EF/ef_blade_flash_purple_main/ef_blade_flash_purple_main_00003"},{"time":2.6666,"name":"EF/ef_blade_flash_purple_main/ef_blade_flash_purple_main_00002"},{"time":2.7,"name":"EF/ef_blade_flash_purple_main/ef_blade_flash_purple_main_00001"},{"time":2.7333,"name":"EF/ef_blade_flash_purple_main/ef_blade_flash_purple_main_00002"},{"time":2.7666,"name":"EF/ef_blade_flash_purple_main/ef_blade_flash_purple_main_00003"},{"time":2.8,"name":"EF/ef_blade_flash_purple_main/ef_blade_flash_purple_main_00002"},{"time":2.8333,"name":"EF/ef_blade_flash_purple_main/ef_blade_flash_purple_main_00001"},{"time":2.8666,"name":"EF/ef_blade_flash_purple_main/ef_blade_flash_purple_main_00002"},{"time":2.9,"name":"EF/ef_blade_flash_purple_main/ef_blade_flash_purple_main_00003"},{"time":2.9333,"name":"EF/ef_blade_flash_purple_main/ef_blade_flash_purple_main_00001"},{"time":2.9666,"name":"EF/ef_blade_flash_purple_main/ef_blade_flash_purple_main_00004"},{"time":3.0666,"name":"EF/ef_blade_flash_purple_main/ef_blade_flash_purple_main_00003"},{"time":3.1666,"name":"EF/ef_blade_flash_purple_main/ef_blade_flash_purple_main_00002"},{"time":3.2666,"name":"EF/ef_blade_flash_purple_main/ef_blade_flash_purple_main_00001"},{"time":3.3666,"name":"EF/ef_blade_flash_purple_main/ef_blade_flash_purple_main_00004"},{"time":3.5,"name":"EF/ef_blade_flash_purple_main/ef_blade_flash_purple_main_00005"},{"time":3.6333,"name":"EF/ef_blade_flash_purple_main/ef_blade_flash_purple_main_00006"},{"time":3.9,"name":"EF/ef_blade_flash_purple_main/ef_blade_flash_purple_main_00008"},{"time":4.3333,"name":null}],"color":[{"time":3.6333,"color":"ffffffff","curve":[0.25,0,0.831,0.12]},{"time":4.3333,"color":"ffffff00"}]},"ef_blade_flash_purple_main2":{"attachment":[{"time":2.4666,"name":"EF/ef_blade_flash_purple_main/ef_blade_flash_purple_main_00006"},{"time":2.9666,"name":null}]},"ef_dash_main":{"attachment":[{"time":0,"name":"EF/ef_dash_main/ef_dash_main_00001"},{"time":0.0333,"name":"EF/ef_dash_main/ef_dash_main_00002"},{"time":0.0666,"name":"EF/ef_dash_main/ef_dash_main_00003"},{"time":0.1,"name":"EF/ef_dash_main/ef_dash_main_00005"},{"time":0.1333,"name":"EF/ef_dash_main/ef_dash_main_00006"},{"time":0.1666,"name":"EF/ef_dash_main/ef_dash_main_00007"},{"time":0.2,"name":"EF/ef_dash_main/ef_dash_main_00008"},{"time":0.2333,"name":"EF/ef_dash_main/ef_dash_main_00009"},{"time":0.2666,"name":"EF/ef_dash_main/ef_dash_main_00010"},{"time":0.3,"name":"EF/ef_dash_main/ef_dash_main_00011"},{"time":0.3666,"name":null},{"time":1.6666,"name":"EF/ef_dash_main/ef_dash_main_00001"},{"time":1.7,"name":"EF/ef_dash_main/ef_dash_main_00002"},{"time":1.7333,"name":"EF/ef_dash_main/ef_dash_main_00003"},{"time":1.7666,"name":"EF/ef_dash_main/ef_dash_main_00005"},{"time":1.8,"name":"EF/ef_dash_main/ef_dash_main_00006"},{"time":1.8333,"name":"EF/ef_dash_main/ef_dash_main_00007"},{"time":1.8666,"name":"EF/ef_dash_main/ef_dash_main_00008"},{"time":1.9,"name":"EF/ef_dash_main/ef_dash_main_00009"},{"time":1.9333,"name":"EF/ef_dash_main/ef_dash_main_00010"},{"time":1.9666,"name":"EF/ef_dash_main/ef_dash_main_00011"},{"time":2.0333,"name":null},{"time":2.9666,"name":"EF/ef_dash_main/ef_dash_main_00001"},{"time":3,"name":"EF/ef_dash_main/ef_dash_main_00002"},{"time":3.0333,"name":"EF/ef_dash_main/ef_dash_main_00003"},{"time":3.0666,"name":"EF/ef_dash_main/ef_dash_main_00005"},{"time":3.1,"name":"EF/ef_dash_main/ef_dash_main_00006"},{"time":3.1333,"name":"EF/ef_dash_main/ef_dash_main_00007"},{"time":3.1666,"name":"EF/ef_dash_main/ef_dash_main_00008"},{"time":3.2,"name":"EF/ef_dash_main/ef_dash_main_00009"},{"time":3.2333,"name":"EF/ef_dash_main/ef_dash_main_00010"},{"time":3.2666,"name":"EF/ef_dash_main/ef_dash_main_00011"},{"time":3.3333,"name":null}],"color":[{"time":0.3,"color":"ffffffff"},{"time":0.3666,"color":"ffffff00","curve":"stepped"},{"time":1.6666,"color":"ffffffff","curve":"stepped"},{"time":1.9666,"color":"ffffffff"},{"time":2.0333,"color":"ffffff00","curve":"stepped"},{"time":2.9666,"color":"ffffffff","curve":"stepped"},{"time":3.2666,"color":"ffffffff"},{"time":3.3333,"color":"ffffff00"}]},"ef_fire_wave_main":{"attachment":[{"time":2.9666,"name":"EF/ef_fire_wave_main/ef_fire_wave_main_00001"},{"time":3,"name":"EF/ef_fire_wave_main/ef_fire_wave_main_00002"},{"time":3.0333,"name":"EF/ef_fire_wave_main/ef_fire_wave_main_00003"},{"time":3.0666,"name":"EF/ef_fire_wave_main/ef_fire_wave_main_00004"},{"time":3.1,"name":"EF/ef_fire_wave_main/ef_fire_wave_main_00005"},{"time":3.1333,"name":"EF/ef_fire_wave_main/ef_fire_wave_main_00006"},{"time":3.1666,"name":"EF/ef_fire_wave_main/ef_fire_wave_main_00007"},{"time":3.2,"name":"EF/ef_fire_wave_main/ef_fire_wave_main_00008"},{"time":3.2333,"name":"EF/ef_fire_wave_main/ef_fire_wave_main_00009"},{"time":3.3,"name":null}],"color":[{"time":3.2333,"color":"ffffffff"},{"time":3.3,"color":"ffffff00"}]},"ef_shock_wave_main":{"attachment":[{"time":2.9666,"name":"EF/ef_shock_wave_main/ef_shock_wave_main_00001"},{"time":3,"name":"EF/ef_shock_wave_main/ef_shock_wave_main_00002"},{"time":3.0333,"name":"EF/ef_shock_wave_main/ef_shock_wave_main_00003"},{"time":3.0666,"name":"EF/ef_shock_wave_main/ef_shock_wave_main_00004"},{"time":3.1,"name":"EF/ef_shock_wave_main/ef_shock_wave_main_00005"},{"time":3.1333,"name":"EF/ef_shock_wave_main/ef_shock_wave_main_00006"},{"time":3.1666,"name":"EF/ef_shock_wave_main/ef_shock_wave_main_00007"},{"time":3.2,"name":"EF/ef_shock_wave_main/ef_shock_wave_main_00008"},{"time":3.2333,"name":"EF/ef_shock_wave_main/ef_shock_wave_main_00009"},{"time":3.4333,"name":null}],"color":[{"time":3.2333,"color":"ffffffff"},{"time":3.4333,"color":"ffffff00"}]},"ef_slash_A_main":{"attachment":[{"time":1.2,"name":"EF/ef_slash_A_main/ef_slash_A_main_00001"},{"time":1.2333,"name":"EF/ef_slash_A_main/ef_slash_A_main_00002"},{"time":1.2666,"name":"EF/ef_slash_A_main/ef_slash_A_main_00003"},{"time":1.3,"name":"EF/ef_slash_A_main/ef_slash_A_main_00004"},{"time":1.3333,"name":"EF/ef_slash_A_main/ef_slash_A_main_00005"},{"time":1.3666,"name":"EF/ef_slash_A_main/ef_slash_A_main_00006"},{"time":1.4,"name":"EF/ef_slash_A_main/ef_slash_A_main_00007"},{"time":1.4333,"name":"EF/ef_slash_A_main/ef_slash_A_main_00008"},{"time":1.4666,"name":null},{"time":1.7333,"name":"EF/ef_slash_A_main/ef_slash_A_main_00001"},{"time":1.7666,"name":"EF/ef_slash_A_main/ef_slash_A_main_00002"},{"time":1.8,"name":"EF/ef_slash_A_main/ef_slash_A_main_00003"},{"time":1.8333,"name":"EF/ef_slash_A_main/ef_slash_A_main_00004"},{"time":1.8666,"name":"EF/ef_slash_A_main/ef_slash_A_main_00005"},{"time":1.9,"name":"EF/ef_slash_A_main/ef_slash_A_main_00006"},{"time":1.9333,"name":"EF/ef_slash_A_main/ef_slash_A_main_00007"},{"time":1.9666,"name":"EF/ef_slash_A_main/ef_slash_A_main_00008"},{"time":2,"name":null},{"time":2.1333,"name":"EF/ef_slash_A_main/ef_slash_A_main_00001"},{"time":2.1666,"name":"EF/ef_slash_A_main/ef_slash_A_main_00002"},{"time":2.2,"name":"EF/ef_slash_A_main/ef_slash_A_main_00003"},{"time":2.2333,"name":"EF/ef_slash_A_main/ef_slash_A_main_00004"},{"time":2.2666,"name":"EF/ef_slash_A_main/ef_slash_A_main_00005"},{"time":2.3,"name":"EF/ef_slash_A_main/ef_slash_A_main_00006"},{"time":2.3333,"name":"EF/ef_slash_A_main/ef_slash_A_main_00008"},{"time":2.3666,"name":null}],"color":[{"time":1.9666,"color":"ffffff7d","curve":"stepped"},{"time":2.1333,"color":"ffffffff","curve":"stepped"},{"time":2.2666,"color":"ffffffff"},{"time":2.3666,"color":"ffffff00"}]},"ef_slash_BB_main":{"attachment":[{"time":0.9,"name":"EF/ef_slash_BB_main/ef_slash_BB_main_00001"},{"time":0.9333,"name":"EF/ef_slash_BB_main/ef_slash_BB_main_00002"},{"time":0.9666,"name":"EF/ef_slash_BB_main/ef_slash_BB_main_00003"},{"time":1,"name":"EF/ef_slash_BB_main/ef_slash_BB_main_00004"},{"time":1.0333,"name":"EF/ef_slash_BB_main/ef_slash_BB_main_00005"},{"time":1.0666,"name":"EF/ef_slash_BB_main/ef_slash_BB_main_00006"},{"time":1.1,"name":"EF/ef_slash_BB_main/ef_slash_BB_main_00007"},{"time":1.1333,"name":"EF/ef_slash_BB_main/ef_slash_BB_main_00008"},{"time":1.1666,"name":null},{"time":2.3,"name":"EF/ef_slash_BB_main/ef_slash_BB_main_00001"},{"time":2.3333,"name":"EF/ef_slash_BB_main/ef_slash_BB_main_00002"},{"time":2.3666,"name":"EF/ef_slash_BB_main/ef_slash_BB_main_00003"},{"time":2.4,"name":"EF/ef_slash_BB_main/ef_slash_BB_main_00004"},{"time":2.4333,"name":"EF/ef_slash_BB_main/ef_slash_BB_main_00005"},{"time":2.4666,"name":"EF/ef_slash_BB_main/ef_slash_BB_main_00006"},{"time":2.5,"name":"EF/ef_slash_BB_main/ef_slash_BB_main_00007"},{"time":2.5333,"name":"EF/ef_slash_BB_main/ef_slash_BB_main_00008"},{"time":2.5666,"name":null},{"time":3.2333,"name":"EF/ef_slash_BB_main/ef_slash_BB_main_00006"},{"time":3.3,"name":"EF/ef_slash_BB_main/ef_slash_BB_main_00007"},{"time":3.3666,"name":"EF/ef_slash_BB_main/ef_slash_BB_main_00008"},{"time":3.4333,"name":null}],"color":[{"time":1.0333,"color":"ffffffff"},{"time":1.1666,"color":"ffffff00","curve":"stepped"},{"time":2.3,"color":"ffffffff","curve":"stepped"},{"time":2.4333,"color":"ffffffff","curve":[0.149,0.83,0.75,1]},{"time":2.5666,"color":"ffffff00","curve":"stepped"},{"time":3.2333,"color":"ffffffff","curve":[0.149,0.83,0.75,1]},{"time":3.4333,"color":"ffffff00"}]},"ef_slash_BB_main2":{"attachment":[{"time":3.2333,"name":"EF/ef_slash_BB_main/ef_slash_BB_main_00006"},{"time":3.3,"name":"EF/ef_slash_BB_main/ef_slash_BB_main_00007"},{"time":3.3666,"name":"EF/ef_slash_BB_main/ef_slash_BB_main_00008"},{"time":3.4333,"name":null}],"color":[{"time":3.2333,"color":"ffffffff","curve":[0.149,0.83,0.75,1]},{"time":3.4333,"color":"ffffff00"}]},"ef_slash_B_main":{"attachment":[{"time":0.7333,"name":"EF/ef_slash_B_main/ef_slash_B_main_00001"},{"time":0.7666,"name":"EF/ef_slash_B_main/ef_slash_B_main_00002"},{"time":0.8,"name":"EF/ef_slash_B_main/ef_slash_B_main_00003"},{"time":0.8333,"name":"EF/ef_slash_B_main/ef_slash_B_main_00004"},{"time":0.8666,"name":"EF/ef_slash_B_main/ef_slash_B_main_00005"},{"time":0.9,"name":"EF/ef_slash_B_main/ef_slash_B_main_00006"},{"time":0.9333,"name":"EF/ef_slash_B_main/ef_slash_B_main_00007"},{"time":0.9666,"name":"EF/ef_slash_B_main/ef_slash_B_main_00008"},{"time":1.0333,"name":null},{"time":1.2,"name":"EF/ef_slash_B_main/ef_slash_B_main_00004"},{"time":1.2333,"name":"EF/ef_slash_B_main/ef_slash_B_main_00005"},{"time":1.2666,"name":"EF/ef_slash_B_main/ef_slash_B_main_00006"},{"time":1.3,"name":"EF/ef_slash_B_main/ef_slash_B_main_00007"},{"time":1.3333,"name":"EF/ef_slash_B_main/ef_slash_B_main_00008"},{"time":1.4,"name":null},{"time":1.7666,"name":"EF/ef_slash_B_main/ef_slash_B_main_00004"},{"time":1.8,"name":"EF/ef_slash_B_main/ef_slash_B_main_00005"},{"time":1.8333,"name":"EF/ef_slash_B_main/ef_slash_B_main_00006"},{"time":1.8666,"name":"EF/ef_slash_B_main/ef_slash_B_main_00007"},{"time":1.9,"name":"EF/ef_slash_B_main/ef_slash_B_main_00008"},{"time":1.9333,"name":null},{"time":1.9666,"name":"EF/ef_slash_B_main/ef_slash_B_main_00004"},{"time":2,"name":"EF/ef_slash_B_main/ef_slash_B_main_00005"},{"time":2.0333,"name":"EF/ef_slash_B_main/ef_slash_B_main_00006"},{"time":2.0666,"name":"EF/ef_slash_B_main/ef_slash_B_main_00007"},{"time":2.1,"name":"EF/ef_slash_B_main/ef_slash_B_main_00008"},{"time":2.1666,"name":null}],"color":[{"time":0.9666,"color":"ffffffff"},{"time":1.0333,"color":"ffffff00","curve":"stepped"},{"time":1.2,"color":"ffffffff","curve":"stepped"},{"time":1.3333,"color":"ffffffff"},{"time":1.4,"color":"ffffff00","curve":"stepped"},{"time":1.7666,"color":"ffffffff","curve":"stepped"},{"time":1.8666,"color":"ffffffff"},{"time":1.9333,"color":"ffffff00","curve":"stepped"},{"time":1.9666,"color":"ffffffff","curve":"stepped"},{"time":2.1,"color":"ffffffff"},{"time":2.1666,"color":"ffffff00"}]},"graund_wave_A_yellow":{"attachment":[{"time":0,"name":"EF/graund_wave_A_yellow/ef_graund_wave_A_yellow_00002"},{"time":0.0333,"name":"EF/graund_wave_A_yellow/ef_graund_wave_A_yellow_00003"},{"time":0.0666,"name":"EF/graund_wave_A_yellow/ef_graund_wave_A_yellow_00004"},{"time":0.1,"name":"EF/graund_wave_A_yellow/ef_graund_wave_A_yellow_00005"},{"time":0.1333,"name":"EF/graund_wave_A_yellow/ef_graund_wave_A_yellow_00006"},{"time":0.1666,"name":"EF/graund_wave_A_yellow/ef_graund_wave_A_yellow_00007"},{"time":0.2,"name":"EF/graund_wave_A_yellow/ef_graund_wave_A_yellow_00008"},{"time":0.2333,"name":"EF/graund_wave_A_yellow/ef_graund_wave_A_yellow_00009"},{"time":0.2666,"name":"EF/graund_wave_A_yellow/ef_graund_wave_A_yellow_00010"},{"time":0.3,"name":"EF/graund_wave_A_yellow/ef_graund_wave_A_yellow_00012"},{"time":0.3666,"name":null},{"time":1.6666,"name":"EF/graund_wave_A_yellow/ef_graund_wave_A_yellow_00002"},{"time":1.7,"name":"EF/graund_wave_A_yellow/ef_graund_wave_A_yellow_00003"},{"time":1.7333,"name":"EF/graund_wave_A_yellow/ef_graund_wave_A_yellow_00004"},{"time":1.7666,"name":"EF/graund_wave_A_yellow/ef_graund_wave_A_yellow_00005"},{"time":1.8,"name":"EF/graund_wave_A_yellow/ef_graund_wave_A_yellow_00006"},{"time":1.8333,"name":"EF/graund_wave_A_yellow/ef_graund_wave_A_yellow_00007"},{"time":1.8666,"name":"EF/graund_wave_A_yellow/ef_graund_wave_A_yellow_00008"},{"time":1.9,"name":"EF/graund_wave_A_yellow/ef_graund_wave_A_yellow_00009"},{"time":1.9333,"name":"EF/graund_wave_A_yellow/ef_graund_wave_A_yellow_00010"},{"time":1.9666,"name":"EF/graund_wave_A_yellow/ef_graund_wave_A_yellow_00012"},{"time":2.0333,"name":null},{"time":2.9666,"name":"EF/graund_wave_A_yellow/ef_graund_wave_A_yellow_00002"},{"time":3,"name":"EF/graund_wave_A_yellow/ef_graund_wave_A_yellow_00003"},{"time":3.0333,"name":"EF/graund_wave_A_yellow/ef_graund_wave_A_yellow_00004"},{"time":3.0666,"name":"EF/graund_wave_A_yellow/ef_graund_wave_A_yellow_00005"},{"time":3.1,"name":"EF/graund_wave_A_yellow/ef_graund_wave_A_yellow_00006"},{"time":3.1333,"name":"EF/graund_wave_A_yellow/ef_graund_wave_A_yellow_00007"},{"time":3.1666,"name":"EF/graund_wave_A_yellow/ef_graund_wave_A_yellow_00008"},{"time":3.2,"name":"EF/graund_wave_A_yellow/ef_graund_wave_A_yellow_00009"},{"time":3.2333,"name":"EF/graund_wave_A_yellow/ef_graund_wave_A_yellow_00010"},{"time":3.2666,"name":"EF/graund_wave_A_yellow/ef_graund_wave_A_yellow_00012"},{"time":3.3333,"name":null}],"color":[{"time":0.3,"color":"ffffffff"},{"time":0.3666,"color":"ffffff00","curve":"stepped"},{"time":1.6666,"color":"ffffffff","curve":"stepped"},{"time":1.9666,"color":"ffffffff"},{"time":2.0333,"color":"ffffff00","curve":"stepped"},{"time":2.9666,"color":"ffffffff","curve":"stepped"},{"time":3.2666,"color":"ffffffff"},{"time":3.3333,"color":"ffffff00"}]}},"bones":{"MAIN":{"rotate":[{"time":2.0666,"angle":0,"curve":"stepped"},{"time":2.1333,"angle":0},{"time":2.2333,"angle":2.23,"curve":"stepped"},{"time":2.3,"angle":2.23},{"time":2.4,"angle":-0.78,"curve":"stepped"},{"time":2.4666,"angle":0.01}],"translate":[{"time":0.0333,"x":0,"y":0},{"time":0.1333,"x":90,"y":27.12},{"time":0.2666,"x":180,"y":-1.27,"curve":[0.119,0.79,0.75,1]},{"time":0.5666,"x":200,"y":-2.71,"curve":"stepped"},{"time":0.9,"x":188.61,"y":-2.71,"curve":"stepped"},{"time":1.6333,"x":178.04,"y":-2.71,"curve":"stepped"},{"time":1.7333,"x":144.65,"y":31.75},{"time":1.8666,"x":144.65,"y":125,"curve":"stepped"},{"time":1.9666,"x":144.65,"y":125},{"time":2.0666,"x":149.13,"y":132.67,"curve":"stepped"},{"time":2.1333,"x":149.13,"y":132.67},{"time":2.2333,"x":154.25,"y":127.56,"curve":"stepped"},{"time":2.3,"x":154.25,"y":127.56},{"time":2.4,"x":154.25,"y":133.32,"curve":"stepped"},{"time":2.4666,"x":154.25,"y":133.32,"curve":[0.135,0.6,0.75,1]},{"time":2.9333,"x":160,"y":145,"curve":"stepped"},{"time":2.9666,"x":80,"y":-5,"curve":[0.324,0.33,0.657,0.67]},{"time":3,"x":78.91,"y":0,"curve":[0.066,0.85,0.219,0.94]},{"time":4.6,"x":75,"y":0,"curve":"stepped"},{"time":5,"x":103.53,"y":0}]},"graund_wave_A_yellow":{"translate":[{"time":0,"x":-431.42,"y":0,"curve":"stepped"},{"time":1.6666,"x":-225.24,"y":0,"curve":"stepped"},{"time":2.9666,"x":-305.76,"y":0}],"scale":[{"time":0,"x":1,"y":1},{"time":0.3666,"x":1.5,"y":1.5,"curve":"stepped"},{"time":1.6666,"x":1,"y":1},{"time":2.0333,"x":1.5,"y":1.5,"curve":"stepped"},{"time":2.9666,"x":2,"y":2},{"time":3.3333,"x":3,"y":3}]},"ef_dash_main":{"translate":[{"time":0,"x":-349.53,"y":0,"curve":"stepped"},{"time":1.6666,"x":-109.8,"y":0,"curve":"stepped"},{"time":2.9666,"x":-173.24,"y":0}],"scale":[{"time":0,"x":-0.75,"y":0.75,"curve":"stepped"},{"time":1.6666,"x":1,"y":1,"curve":"stepped"},{"time":2.9666,"x":1,"y":1}]},"ef_blade_flash_blue_main":{"rotate":[{"time":0.1333,"angle":141.94,"curve":"stepped"},{"time":0.2666,"angle":-81.61,"curve":"stepped"},{"time":0.5666,"angle":150.38,"curve":"stepped"},{"time":0.7333,"angle":-90.13,"curve":"stepped"},{"time":0.9,"angle":85.13,"curve":"stepped"},{"time":1.0333,"angle":48.82,"curve":"stepped"},{"time":1.2,"angle":-70.07,"curve":"stepped"},{"time":1.3,"angle":-89.99,"curve":"stepped"},{"time":1.5333,"angle":147.16,"curve":"stepped"},{"time":1.7333,"angle":-107.04,"curve":"stepped"},{"time":1.8333,"angle":-95.19,"curve":"stepped"},{"time":1.8666,"angle":-101.77,"curve":"stepped"},{"time":1.9666,"angle":76.28,"curve":"stepped"},{"time":2.1333,"angle":-81.23,"curve":"stepped"},{"time":2.3,"angle":86.68,"curve":"stepped"},{"time":2.4666,"angle":27.42,"curve":"stepped"},{"time":2.5666,"angle":21.86,"curve":"stepped"},{"time":2.9666,"angle":-111.65}],"translate":[{"time":0.1333,"x":-128.82,"y":-129.24,"curve":"stepped"},{"time":0.2666,"x":-123.39,"y":-167.41,"curve":"stepped"},{"time":0.5666,"x":29.12,"y":-20.07,"curve":"stepped"},{"time":0.7333,"x":-177.08,"y":-21.18,"curve":"stepped"},{"time":0.9,"x":60.41,"y":-107.37,"curve":"stepped"},{"time":1.0333,"x":47.02,"y":-91.91,"curve":"stepped"},{"time":1.2,"x":-120.86,"y":-173.34,"curve":"stepped"},{"time":1.3,"x":-97.33,"y":-18.66,"curve":"stepped"},{"time":1.5333,"x":25.54,"y":-51.09,"curve":"stepped"},{"time":1.7333,"x":-120.39,"y":29.92},{"time":1.8333,"x":-124.4,"y":16.96},{"time":1.8666,"x":-142.44,"y":12.09,"curve":"stepped"},{"time":1.9333,"x":-117.37,"y":8.39,"curve":"stepped"},{"time":1.9666,"x":15.59,"y":-14.6,"curve":"stepped"},{"time":2.1333,"x":-128.16,"y":-149.38,"curve":"stepped"},{"time":2.3,"x":30.95,"y":-110.09,"curve":"stepped"},{"time":2.4666,"x":36.11,"y":-109.49,"curve":"stepped"},{"time":2.5666,"x":27.64,"y":-127.69},{"time":2.7333,"x":28.86,"y":-131.45,"curve":"stepped"},{"time":2.9666,"x":-121.68,"y":-14.88}],"scale":[{"time":0.2666,"x":1,"y":1},{"time":0.5333,"x":1.1,"y":1.1,"curve":"stepped"},{"time":0.5666,"x":-1,"y":1,"curve":"stepped"},{"time":1.0333,"x":1,"y":1,"curve":"stepped"},{"time":1.3,"x":-1,"y":0.777,"curve":"stepped"},{"time":1.7333,"x":-1,"y":1,"curve":"stepped"},{"time":1.8666,"x":-1,"y":1},{"time":1.9333,"x":-0.984,"y":0.743,"curve":"stepped"},{"time":1.9666,"x":1,"y":0.694,"curve":"stepped"},{"time":2.1333,"x":1,"y":1,"curve":"stepped"},{"time":2.3,"x":-1,"y":1},{"time":2.4333,"x":-0.8,"y":0.8,"curve":"stepped"},{"time":2.4666,"x":1,"y":0.607},{"time":2.5666,"x":1,"y":0.628},{"time":2.7333,"x":1,"y":0.664,"curve":"stepped"},{"time":2.9666,"x":-1.185,"y":0.664}]},"ef_blade_flash_purple_main":{"rotate":[{"time":0.1333,"angle":63.23,"curve":"stepped"},{"time":0.2666,"angle":29.54,"curve":"stepped"},{"time":0.5666,"angle":-101.02,"curve":"stepped"},{"time":0.7333,"angle":118.53,"curve":"stepped"},{"time":0.9,"angle":-126.82,"curve":"stepped"},{"time":1.0333,"angle":68.16,"curve":"stepped"},{"time":1.2,"angle":35.91,"curve":"stepped"},{"time":1.3,"angle":-112.59,"curve":"stepped"},{"time":1.5333,"angle":160.97,"curve":"stepped"},{"time":1.7333,"angle":-113.24,"curve":"stepped"},{"time":1.8666,"angle":140.12,"curve":"stepped"},{"time":1.9666,"angle":34.86,"curve":"stepped"},{"time":2.1333,"angle":-102.18,"curve":"stepped"},{"time":2.3,"angle":-100.27,"curve":"stepped"},{"time":2.4666,"angle":-24.43,"curve":"stepped"},{"time":2.8,"angle":0.67,"curve":"stepped"},{"time":2.9333,"angle":0.59,"curve":"stepped"},{"time":2.9666,"angle":123.19}],"translate":[{"time":0.1333,"x":48.73,"y":-42.25,"curve":"stepped"},{"time":0.2666,"x":48.99,"y":-90.87,"curve":"stepped"},{"time":0.5666,"x":-86.61,"y":4.2,"curve":"stepped"},{"time":0.7333,"x":30.89,"y":-61.83,"curve":"stepped"},{"time":0.9,"x":-132.77,"y":32.61,"curve":"stepped"},{"time":1.0333,"x":27.94,"y":-34.38,"curve":"stepped"},{"time":1.2,"x":49.6,"y":-83.05,"curve":"stepped"},{"time":1.3,"x":-66.83,"y":19.81,"curve":"stepped"},{"time":1.5333,"x":-1.13,"y":-6.77,"curve":"stepped"},{"time":1.7333,"x":-123.17,"y":31.79,"curve":"stepped"},{"time":1.8666,"x":-42.87,"y":13.76,"curve":"stepped"},{"time":1.9666,"x":61.71,"y":-75.73,"curve":"stepped"},{"time":2.1333,"x":-86.66,"y":23.22,"curve":"stepped"},{"time":2.3,"x":-127.87,"y":3.66,"curve":"stepped"},{"time":2.4666,"x":-31.17,"y":-74.31,"curve":"stepped"},{"time":2.7333,"x":-44.76,"y":-71.27,"curve":"stepped"},{"time":2.8,"x":-30.33,"y":-74.66,"curve":"stepped"},{"time":2.8666,"x":-17.95,"y":-68.38,"curve":"stepped"},{"time":2.9666,"x":32.91,"y":18.82}],"scale":[{"time":0.1333,"x":1,"y":1},{"time":0.5333,"x":1.1,"y":1.1,"curve":"stepped"},{"time":0.5666,"x":-1,"y":1,"curve":"stepped"},{"time":1.0333,"x":1,"y":1,"curve":"stepped"},{"time":1.3,"x":-1,"y":1,"curve":"stepped"},{"time":1.8666,"x":1,"y":0.577,"curve":"stepped"},{"time":1.9666,"x":1.051,"y":0.826,"curve":"stepped"},{"time":2.1333,"x":-1,"y":1,"curve":"stepped"},{"time":2.4666,"x":1,"y":0.865,"curve":"stepped"},{"time":2.7333,"x":-1,"y":0.848,"curve":"stepped"},{"time":2.8,"x":-1,"y":0.672,"curve":"stepped"},{"time":2.8666,"x":1,"y":0.672},{"time":2.9666,"x":0.701,"y":0.733}]},"ef_slash_B_main":{"rotate":[{"time":1.2,"angle":142.2,"curve":"stepped"},{"time":1.7666,"angle":147.94,"curve":"stepped"},{"time":1.9666,"angle":142.2}],"translate":[{"time":0.7333,"x":-172.17,"y":-19.56,"curve":"stepped"},{"time":0.9,"x":-47.36,"y":-20.89,"curve":"stepped"},{"time":1.2,"x":-114.07,"y":-41.47,"curve":"stepped"},{"time":1.7666,"x":-105.72,"y":-4.9,"curve":"stepped"},{"time":1.9666,"x":-86.57,"y":-32.67}],"scale":[{"time":0.7333,"x":1.5,"y":1.5,"curve":"stepped"},{"time":1.2,"x":-1.402,"y":1.479,"curve":"stepped"},{"time":1.7666,"x":1.4,"y":1.479,"curve":"stepped"},{"time":1.9666,"x":-1.402,"y":1.479}]},"ef_slash_A_main":{"rotate":[{"time":2.1333,"angle":8.34}],"translate":[{"time":1.2,"x":-77.65,"y":-5.89,"curve":"stepped"},{"time":1.7333,"x":-99.41,"y":-28.17,"curve":"stepped"},{"time":1.9666,"x":-119.28,"y":-23.29,"curve":"stepped"},{"time":2.1333,"x":-82.86,"y":-11.41}],"scale":[{"time":1.2,"x":1.5,"y":-1.5,"curve":"stepped"},{"time":1.7333,"x":1.2,"y":1.2,"curve":"stepped"},{"time":2.1333,"x":1.254,"y":-1.126}]},"ef_slash_BB_main":{"rotate":[{"time":0.9,"angle":-84.66,"curve":"stepped"},{"time":2.3,"angle":-54.29,"curve":"stepped"},{"time":3.2333,"angle":-16.76}],"translate":[{"time":0.9,"x":-88.78,"y":-4.2,"curve":"stepped"},{"time":1.1,"x":-67.08,"y":-51.22,"curve":"stepped"},{"time":2.3,"x":-154.22,"y":-68.8,"curve":"stepped"},{"time":2.3333,"x":-154.51,"y":-82.14,"curve":"stepped"},{"time":2.3666,"x":-154.56,"y":-97.91,"curve":"stepped"},{"time":3.2333,"x":-127.56,"y":-30.01}],"scale":[{"time":0.9,"x":1.5,"y":1.5,"curve":"stepped"},{"time":2.3,"x":1.5,"y":1.5,"curve":"stepped"},{"time":3.2333,"x":1,"y":1}]},"charge_A_yellow":{"translate":[{"time":2.4666,"x":-34.56,"y":-404.36}],"scale":[{"time":2.4666,"x":2,"y":2},{"time":3,"x":6,"y":6}]},"dash_aura":{"rotate":[{"time":2.9666,"angle":57.08}],"translate":[{"time":2.9666,"x":-126.08,"y":-451.4}],"scale":[{"time":2.9666,"x":2,"y":2},{"time":3.3333,"x":3,"y":3}]},"ef_fire_wave_main":{"rotate":[{"time":2.9666,"angle":57.08}],"translate":[{"time":2.9666,"x":-279.48,"y":-423.32}],"scale":[{"time":2.9666,"x":2.5,"y":2.5}]},"ef_shock_wave_main":{"translate":[{"time":2.9666,"x":-325.84,"y":-388.53}],"scale":[{"time":2.9666,"x":1.5,"y":1.5,"curve":[0.096,0.57,0.75,1]},{"time":3.4333,"x":2,"y":2}]},"ef_blade_flash_purple_main2":{"rotate":[{"time":2.4666,"angle":-69.41,"curve":"stepped"},{"time":2.5666,"angle":-63.32}],"translate":[{"time":2.4666,"x":-70.77,"y":-115.15,"curve":"stepped"},{"time":2.5666,"x":-66.14,"y":-116.07},{"time":2.9,"x":-67.59,"y":-117.2}],"scale":[{"time":2.4666,"x":0.586,"y":0.295,"curve":"stepped"},{"time":2.5666,"x":0.539,"y":0.311}]},"ef_slash_BB_main2":{"rotate":[{"time":3.2333,"angle":-49.48}],"translate":[{"time":3.2333,"x":51.67,"y":8.01}],"scale":[{"time":3.2333,"x":-1,"y":1}]},"DAMAGEAREA":{"translate":[{"time":0.8,"x":-54,"y":117},{"time":0.9666,"x":-584.99,"y":117,"curve":"stepped"},{"time":3,"x":-8.99,"y":117},{"time":3.2,"x":-467.99,"y":197.99}],"scale":[{"time":0.8,"x":2.712,"y":2.936},{"time":0.9666,"x":10.985,"y":2.936,"curve":"stepped"},{"time":3,"x":3.866,"y":2.936},{"time":3.2,"x":12.166,"y":3.993}]}},"drawOrder":[{"time":2.4666,"offsets":[{"slot":"ef_blade_flash_purple_main","offset":-6}]},{"time":2.9666}],"events":[{"time":0,"name":"Event","string":"setHitEffect(hit03d, 1)"},{"time":0,"name":"Sound1","string":"cri_se_battle_jump"},{"time":0,"name":"Voice","string":"cri_257_voice_fullarts_now"},{"time":0.0333,"name":"Event","int":40,"string":"kImpactType_normal"},{"time":0.0333,"name":"Sound2","string":"cri_se_battle_charge_completion"},{"time":0.0666,"name":"Event","string":"kHitStopType_normal"},{"time":0.1,"name":"Event","string":"setHitStopTime(0.08,0.24)"},{"time":0.2666,"name":"Sound1","string":"cri_se_battle_landing"},{"time":0.2666,"name":"Sound2","string":"cri_se_battle_charge_completion"},{"time":0.5,"name":"Sound3","string":"setHitSound(se_battle_swordslash_heavy)"},{"time":0.7333,"name":"Sound1","string":"cri_se_battle_arrow_light_effect"},{"time":0.7333,"name":"Sound2","string":"cri_se_battle_skill_shot"},{"time":0.7333,"name":"Sound3","string":"setHitSound(se_battle_swordslash_heavy)"},{"time":0.8,"name":"Event","string":"setHitBackEnemy(35,0)"},{"time":0.8,"name":"Event2","float":1.8,"string":"shakeGround"},{"time":0.9,"name":"Sound1","string":"cri_se_battle_arrow_light_effect"},{"time":0.9,"name":"Sound2","string":"cri_se_battle_skill_shot"},{"time":1,"name":"Event2","float":1.8,"string":"shakeGround"},{"time":1,"name":"Hit","string":"resetHitList"},{"time":1.2,"name":"Sound1","string":"cri_se_battle_arrow_light_effect"},{"time":1.2,"name":"Sound2","string":"cri_se_battle_skill_shot"},{"time":1.2333,"name":"Event2","float":1.8,"string":"shakeGround"},{"time":1.2333,"name":"Hit","string":"resetHitList"},{"time":1.5,"name":"Sound1","string":"cri_se_battle_arrow_light_effect"},{"time":1.5,"name":"Sound2","string":"cri_se_battle_skill_shot"},{"time":1.7333,"name":"Sound1","string":"cri_se_battle_arrow_light_effect"},{"time":1.7333,"name":"Sound2","string":"cri_se_battle_skill_shot"},{"time":1.7666,"name":"Event2","float":1.8,"string":"shakeGround"},{"time":1.7666,"name":"Hit","string":"resetHitList"},{"time":1.9,"name":"Sound1","string":"cri_se_battle_arrow_light_effect"},{"time":1.9,"name":"Sound2","string":"cri_se_battle_skill_shot"},{"time":1.9666,"name":"Event2","float":1.8,"string":"shakeGround"},{"time":1.9666,"name":"Hit","string":"resetHitList"},{"time":1.9666,"name":"Sound1","string":"cri_se_battle_arrow_light_effect"},{"time":1.9666,"name":"Sound2","string":"cri_se_battle_skill_shot"},{"time":2.0666,"name":"Sound1","string":"cri_se_battle_arrow_light_effect"},{"time":2.0666,"name":"Sound2","string":"cri_se_battle_skill_shot"},{"time":2.1333,"name":"Sound1","string":"cri_se_battle_arrow_light_effect"},{"time":2.1333,"name":"Sound2","string":"cri_se_battle_skill_shot"},{"time":2.1666,"name":"Event2","float":1.8,"string":"shakeGround"},{"time":2.1666,"name":"Hit","string":"resetHitList"},{"time":2.2333,"name":"Voice","string":"cri_257_voice_fullarts_rank5"},{"time":2.3,"name":"Sound1","string":"cri_se_battle_arrow_light_effect"},{"time":2.3,"name":"Sound2","string":"cri_se_battle_skill_shot"},{"time":2.3333,"name":"Event2","float":1.8,"string":"shakeGround"},{"time":2.3333,"name":"Hit","string":"resetHitList"},{"time":2.6666,"name":"Sound3","string":"setHitSound(se_battle_explosion_short)"},{"time":2.7333,"name":"Sound1","string":"cri_se_battle_arrow_light_effect"},{"time":2.7333,"name":"Sound2","string":"cri_se_battle_skill_elxplosion"},{"time":2.9666,"name":"Sound1","string":"cri_se_battle_arrow_light_effect"},{"time":2.9666,"name":"Sound2","string":"cri_se_battle_skill_elxplosion"},{"time":3,"name":"Event","string":"setHitStopTime(0.02,0.4)"},{"time":3,"name":"Event2","float":2.4,"string":"shakeGround"},{"time":3,"name":"Hit","string":"resetHitList"},{"time":3.0666,"name":"Event2","float":2.4,"string":"shakeGround"},{"time":3.0666,"name":"Hit","string":"resetHitList"},{"time":3.1333,"name":"Event2","float":2.4,"string":"shakeGround"},{"time":3.1333,"name":"Hit","string":"resetHitList"},{"time":3.2,"name":"Event2","float":2.4,"string":"shakeGround"},{"time":3.2,"name":"Hit","string":"resetHitList"}]}}}