{"skeleton":{"hash":"7xby8bq8ZkUxM0UtcBP6T7k6AC8","spine":"3.0.12","width":0,"height":0},"bones":[{"name":"root"},{"name":"grid","parent":"root"},{"name":"MAIN","parent":"root","y":53.24},{"name":"SHADOW-OFFSET","parent":"MAIN","x":13.75,"scaleX":0.75,"scaleY":0.75},{"name":"HITBOX","parent":"MAIN"},{"name":"EF_kira2","parent":"MAIN","x":49.41,"y":-31.96,"scaleX":1.5,"scaleY":1.5},{"name":"EF_kira","parent":"MAIN","x":-33.91,"y":39.64,"scaleX":1.5,"scaleY":1.5},{"name":"EF","parent":"root","y":-48.19},{"name":"S1_wave1","parent":"EF","x":945.64,"y":186.86},{"name":"S1_shine2","parent":"EF","x":834.55,"y":187.4},{"name":"S1_shine1","parent":"EF","x":736.07,"y":188.92},{"name":"A1_wave1","parent":"EF","x":640.62,"y":187.6},{"name":"DAMAGEAREA","parent":"root"}],"slots":[{"name":"grid/bg","bone":"grid","color":"ffffff3f"},{"name":"grid/grid","bone":"grid","color":"ffffff52"},{"name":"A1_wave1","bone":"A1_wave1","blend":"additive"},{"name":"S1_shine1","bone":"S1_shine1","blend":"additive"},{"name":"S1_shine2","bone":"S1_shine2","blend":"additive"},{"name":"S1_wave1","bone":"S1_wave1","blend":"additive"},{"name":"MAIN","bone":"MAIN","attachment":"skeleton-idle_0"},{"name":"kirakira1","bone":"EF_kira","attachment":"kirakira1"},{"name":"kirakira2","bone":"EF_kira2","attachment":"kirakira1"},{"name":"DAMAGEAREA","bone":"DAMAGEAREA"},{"name":"HITBOX","bone":"HITBOX","attachment":"HITBOX"}],"skins":{"default":{"A1_wave1":{"EF/1040_A1_wave1/1040_A1_wave1_00002":{"x":1.05,"y":-1.11,"width":270,"height":270},"EF/1040_A1_wave1/1040_A1_wave1_00003":{"x":1.05,"y":-1.11,"width":270,"height":270},"EF/1040_A1_wave1/1040_A1_wave1_00004":{"x":1.05,"y":-1.11,"width":270,"height":270},"EF/1040_A1_wave1/1040_A1_wave1_00006":{"x":1.05,"y":-1.11,"width":270,"height":270},"EF/1040_A1_wave1/1040_A1_wave1_00008":{"x":1.05,"y":-1.11,"width":270,"height":270},"EF/1040_A1_wave1/1040_A1_wave1_00009":{"x":1.05,"y":-1.11,"width":270,"height":270},"EF/1040_A1_wave1/1040_A1_wave1_00010":{"x":1.05,"y":-1.11,"width":270,"height":270}},"DAMAGEAREA":{"DAMAGEAREA":{"type":"boundingbox","vertices":[-97.31151,98.11169,-98.15147,-99.28813,101.76834,-99.28813,98.40834,97.27171]}},"HITBOX":{"HITBOX":{"type":"boundingbox","vertices":[-38.51152,40.66172,-36.83153,-50.89822,46.32836,-52.57821,47.16838,40.66172]}},"MAIN":{"skeleton-damage_0":{"x":28.43,"y":-3.37,"width":115,"height":95},"skeleton-front_0":{"x":23.42,"y":6.09,"width":193,"height":214},"skeleton-front_1":{"x":23.43,"y":6.09,"width":193,"height":214},"skeleton-front_2":{"x":23.43,"y":6.09,"width":193,"height":214},"skeleton-front_3":{"x":23.43,"y":6.09,"width":193,"height":214},"skeleton-front_4":{"x":23.43,"y":6.09,"width":193,"height":214},"skeleton-front_5":{"x":23.43,"y":6.09,"width":193,"height":214},"skeleton-front_6":{"x":23.43,"y":6.09,"width":193,"height":214},"skeleton-idle_0":{"x":11.16,"y":-0.34,"width":93,"height":110},"skeleton-idle_1":{"x":11.16,"y":-0.34,"width":93,"height":110},"skeleton-idle_2":{"x":11.16,"y":-0.34,"width":93,"height":110},"skeleton-idle_3":{"x":11.16,"y":-0.34,"width":93,"height":110},"skeleton-idle_4":{"x":11.16,"y":-0.34,"width":93,"height":110},"skeleton-skill1_0":{"x":26.08,"y":11.71,"width":117,"height":135},"skeleton-skill1_1":{"x":26.08,"y":11.71,"width":117,"height":135},"skeleton-skill1_2":{"x":26.08,"y":11.71,"width":117,"height":135},"skeleton-skill1_3":{"x":26.08,"y":11.71,"width":117,"height":135},"skeleton-skill1_4":{"x":26.08,"y":11.71,"width":117,"height":135},"skeleton-skill1_5":{"x":26.08,"y":11.71,"width":117,"height":135},"skeleton-skill1_6":{"x":26.08,"y":11.71,"width":117,"height":135},"skeleton-skill1_7":{"x":26.08,"y":11.71,"width":117,"height":135},"skeleton-skill1_8":{"x":26.08,"y":11.71,"width":117,"height":135},"skeleton-skill1_9":{"x":26.08,"y":11.71,"width":117,"height":135}},"S1_shine1":{"EF/1040_S1_shine1/1040_S1_shine1_00000":{"x":0.43,"y":-0.08,"width":400,"height":400}},"S1_shine2":{"EF/1040_S1_shine2/1040_S1_shine2_00000":{"x":0.09,"y":0.14,"width":400,"height":400},"EF/1040_S1_shine2/1040_S1_shine2_00002":{"x":0.09,"y":0.14,"width":400,"height":400},"EF/1040_S1_shine2/1040_S1_shine2_00004":{"x":0.09,"y":0.14,"width":400,"height":400},"EF/1040_S1_shine2/1040_S1_shine2_00006":{"x":0.09,"y":0.14,"width":400,"height":400},"EF/1040_S1_shine2/1040_S1_shine2_00008":{"x":0.09,"y":0.14,"width":400,"height":400},"EF/1040_S1_shine2/1040_S1_shine2_00010":{"x":0.09,"y":0.14,"width":400,"height":400},"EF/1040_S1_shine2/1040_S1_shine2_00012":{"x":0.09,"y":0.14,"width":400,"height":400},"EF/1040_S1_shine2/1040_S1_shine2_00014":{"x":0.09,"y":0.14,"width":400,"height":400},"EF/1040_S1_shine2/1040_S1_shine2_00015":{"x":0.09,"y":0.14,"width":400,"height":400},"EF/1040_S1_shine2/1040_S1_shine2_00016":{"x":0.09,"y":0.14,"width":400,"height":400},"EF/1040_S1_shine2/1040_S1_shine2_00017":{"x":0.09,"y":0.14,"width":400,"height":400},"EF/1040_S1_shine2/1040_S1_shine2_00018":{"x":0.09,"y":0.14,"width":400,"height":400},"EF/1040_S1_shine2/1040_S1_shine2_00019":{"x":0.09,"y":0.14,"width":400,"height":400},"EF/1040_S1_shine2/1040_S1_shine2_00020":{"x":0.09,"y":0.14,"width":400,"height":400},"EF/1040_S1_shine2/1040_S1_shine2_00021":{"x":0.09,"y":0.14,"width":400,"height":400}},"S1_wave1":{"EF/1040_S1_wave1/1040_S1_wave1_00003":{"x":-1.56,"y":12.19,"width":400,"height":400},"EF/1040_S1_wave1/1040_S1_wave1_00004":{"x":-1.56,"y":12.19,"width":400,"height":400},"EF/1040_S1_wave1/1040_S1_wave1_00005":{"x":-1.56,"y":12.19,"width":400,"height":400},"EF/1040_S1_wave1/1040_S1_wave1_00006":{"x":-1.56,"y":12.19,"width":400,"height":400},"EF/1040_S1_wave1/1040_S1_wave1_00007":{"x":-1.56,"y":12.19,"width":400,"height":400},"EF/1040_S1_wave1/1040_S1_wave1_00008":{"x":-1.56,"y":12.19,"width":400,"height":400},"EF/1040_S1_wave1/1040_S1_wave1_00009":{"x":-1.56,"y":12.19,"width":400,"height":400}},"kirakira1":{"kirakira1":{"width":16,"height":16},"kirakira2":{"width":16,"height":16}},"kirakira2":{"kirakira1":{"width":16,"height":16},"kirakira2":{"width":16,"height":16}}}},"events":{"Event":{},"HIt":{},"HitEffect":{},"Sound_2":{},"sound_1":{},"voice":{}},"animations":{"attack1":{"slots":{"A1_wave1":{"attachment":[{"time":0.1333,"name":"EF/1040_A1_wave1/1040_A1_wave1_00010"},{"time":0.2,"name":"EF/1040_A1_wave1/1040_A1_wave1_00009"},{"time":0.2666,"name":"EF/1040_A1_wave1/1040_A1_wave1_00008"},{"time":0.3,"name":"EF/1040_A1_wave1/1040_A1_wave1_00006"},{"time":0.3333,"name":"EF/1040_A1_wave1/1040_A1_wave1_00004"},{"time":0.4,"name":"EF/1040_A1_wave1/1040_A1_wave1_00003"},{"time":0.4333,"name":"EF/1040_A1_wave1/1040_A1_wave1_00002"},{"time":0.5,"name":null},{"time":0.6333,"name":"EF/1040_A1_wave1/1040_A1_wave1_00002"},{"time":0.6666,"name":"EF/1040_A1_wave1/1040_A1_wave1_00003"},{"time":0.7,"name":"EF/1040_A1_wave1/1040_A1_wave1_00004"},{"time":0.7666,"name":"EF/1040_A1_wave1/1040_A1_wave1_00006"},{"time":0.8333,"name":"EF/1040_A1_wave1/1040_A1_wave1_00008"},{"time":0.9,"name":"EF/1040_A1_wave1/1040_A1_wave1_00009"},{"time":0.9666,"name":"EF/1040_A1_wave1/1040_A1_wave1_00010"},{"time":1,"name":null}],"color":[{"time":0.3,"color":"ffffffff"},{"time":0.5,"color":"ffffff00","curve":"stepped"},{"time":0.9,"color":"ffffffff"},{"time":1,"color":"ffffff00"}]},"DAMAGEAREA":{"attachment":[{"time":0.9,"name":"DAMAGEAREA"},{"time":1.1666,"name":null}]},"MAIN":{"attachment":[{"time":0,"name":"skeleton-front_6"},{"time":0.0666,"name":"skeleton-front_2"},{"time":0.1333,"name":"skeleton-front_1"},{"time":0.2,"name":"skeleton-front_0"},{"time":0.6333,"name":"skeleton-front_1"},{"time":0.7,"name":"skeleton-front_2"},{"time":0.7666,"name":"skeleton-front_3"},{"time":0.8666,"name":"skeleton-front_4"},{"time":0.9666,"name":"skeleton-front_3"},{"time":1.0666,"name":"skeleton-front_4"},{"time":1.3,"name":"skeleton-front_5"},{"time":1.4,"name":"skeleton-front_6"},{"time":1.5,"name":"skeleton-front_2"},{"time":1.6,"name":"skeleton-front_1"},{"time":1.6666,"name":"skeleton-front_2"},{"time":1.7333,"name":"skeleton-front_2"},{"time":1.8,"name":"skeleton-idle_0"},{"time":2.0666,"name":"skeleton-idle_0"}]},"kirakira1":{"attachment":[{"time":0,"name":"kirakira1"},{"time":0.1,"name":"kirakira2"},{"time":0.2,"name":"kirakira1"},{"time":0.3,"name":"kirakira2"},{"time":0.4,"name":"kirakira1"},{"time":0.5,"name":"kirakira2"},{"time":0.6,"name":"kirakira1"},{"time":0.7,"name":"kirakira2"},{"time":0.8,"name":"kirakira1"},{"time":0.9,"name":"kirakira2"},{"time":1,"name":"kirakira1"},{"time":1.1,"name":"kirakira2"},{"time":1.2,"name":"kirakira1"},{"time":1.3,"name":"kirakira2"},{"time":1.4,"name":"kirakira1"},{"time":1.5,"name":"kirakira2"},{"time":1.6,"name":"kirakira1"},{"time":1.7,"name":"kirakira2"},{"time":1.8,"name":"kirakira1"},{"time":1.9,"name":"kirakira2"},{"time":2,"name":"kirakira1"}]},"kirakira2":{"attachment":[{"time":0,"name":"kirakira1"},{"time":0.1,"name":"kirakira2"},{"time":0.2,"name":"kirakira1"},{"time":0.3,"name":"kirakira2"},{"time":0.4,"name":"kirakira1"},{"time":0.5,"name":"kirakira2"},{"time":0.6,"name":"kirakira1"},{"time":0.7,"name":"kirakira2"},{"time":0.8,"name":"kirakira1"},{"time":0.9,"name":"kirakira2"},{"time":1,"name":"kirakira1"},{"time":1.1,"name":"kirakira2"},{"time":1.2,"name":"kirakira1"},{"time":1.3,"name":"kirakira2"},{"time":1.4,"name":"kirakira1"},{"time":1.5,"name":"kirakira2"},{"time":1.6,"name":"kirakira1"},{"time":1.7,"name":"kirakira2"},{"time":1.8,"name":"kirakira1"},{"time":1.9,"name":"kirakira2"},{"time":2,"name":"kirakira1"}]}},"bones":{"MAIN":{"rotate":[{"time":0.7666,"angle":-6.75,"curve":"stepped"},{"time":1.3,"angle":0}],"translate":[{"time":0.7666,"x":0,"y":46.52,"curve":"stepped"},{"time":0.8666,"x":0,"y":41.93,"curve":"stepped"},{"time":0.9666,"x":0,"y":46.52,"curve":"stepped"},{"time":1.0666,"x":0,"y":41.93,"curve":"stepped"},{"time":1.3333,"x":0,"y":46.52,"curve":[0.25,0,0.75,1]},{"time":1.5333,"x":0,"y":0}]},"A1_wave1":{"translate":[{"time":0.0333,"x":-774.85,"y":-67.48}],"scale":[{"time":0.1333,"x":1.516,"y":1.516,"curve":"stepped"},{"time":0.6333,"x":1,"y":1},{"time":0.9666,"x":2,"y":2}]},"DAMAGEAREA":{"translate":[{"time":0.9,"x":-109.82,"y":53.47}],"scale":[{"time":0.9,"x":1.367,"y":0.484}]},"EF_kira":{"rotate":[{"time":0,"angle":-44.8}],"translate":[{"time":0,"x":0,"y":0,"curve":"stepped"},{"time":0.7666,"x":9.55,"y":25.39,"curve":"stepped"},{"time":1.3,"x":9.55,"y":9.6,"curve":"stepped"},{"time":1.5,"x":0,"y":0}],"scale":[{"time":0,"x":1.242,"y":1.242}]},"EF_kira2":{"rotate":[{"time":0,"angle":-44.8}],"translate":[{"time":0,"x":0,"y":0,"curve":"stepped"},{"time":0.7666,"x":9.55,"y":25.39,"curve":"stepped"},{"time":1.3,"x":9.55,"y":9.6,"curve":"stepped"},{"time":1.5,"x":0,"y":0}],"scale":[{"time":0,"x":1.242,"y":1.242}]}},"events":[{"time":0,"name":"HitEffect"},{"time":0.0333,"name":"Event","float":0.2,"string":"kHitStopType_normal"},{"time":0.7333,"name":"voice","string":"cri_095_voice_attack_random"},{"time":0.8666,"name":"sound_1","string":"cri_se_battle_cat_punch"},{"time":1.5333,"name":"sound_1","string":"cri_se_battle_jump_monster_mini"}]},"back":{"slots":{"A1_wave1":{"attachment":[{"time":0,"name":null}]},"MAIN":{"attachment":[{"time":0,"name":"skeleton-front_0"},{"time":0.0666,"name":"skeleton-front_1"},{"time":0.1333,"name":"skeleton-front_2"},{"time":0.2,"name":"skeleton-front_3"},{"time":0.2666,"name":"skeleton-front_4"},{"time":0.3333,"name":"skeleton-front_5"},{"time":0.4333,"name":"skeleton-front_6"},{"time":0.5333,"name":"skeleton-front_2"},{"time":0.6,"name":"skeleton-front_1"},{"time":0.6666,"name":"skeleton-front_0"}]},"S1_shine1":{"attachment":[{"time":0,"name":null}]},"S1_shine2":{"attachment":[{"time":0,"name":null}]},"S1_wave1":{"attachment":[{"time":0,"name":null}]},"kirakira1":{"attachment":[{"time":0,"name":"kirakira1"},{"time":0.1,"name":"kirakira2"},{"time":0.2,"name":"kirakira1"},{"time":0.3,"name":"kirakira2"},{"time":0.4,"name":"kirakira1"},{"time":0.5,"name":"kirakira2"},{"time":0.6,"name":"kirakira1"}]},"kirakira2":{"attachment":[{"time":0,"name":"kirakira1"},{"time":0.1,"name":"kirakira2"},{"time":0.2,"name":"kirakira1"},{"time":0.3,"name":"kirakira2"},{"time":0.4,"name":"kirakira1"},{"time":0.5,"name":"kirakira2"},{"time":0.6,"name":"kirakira1"}]}},"bones":{"MAIN":{"translate":[{"time":0.2,"x":0,"y":46.52,"curve":[0.25,0,0.75,1]},{"time":0.3666,"x":46.28,"y":46.52,"curve":[0.25,0,0.75,1]},{"time":0.5666,"x":89.71,"y":0}]},"EF_kira":{"rotate":[{"time":0,"angle":-44.8}],"scale":[{"time":0,"x":1.242,"y":1.242}]},"EF_kira2":{"rotate":[{"time":0,"angle":-44.8}],"scale":[{"time":0,"x":1.242,"y":1.242}]}},"events":[{"time":0.2,"name":"sound_1","string":"cri_se_battle_jump_monster_mini"}]},"cast":{"slots":{"A1_wave1":{"attachment":[{"time":0,"name":null}]},"MAIN":{"attachment":[{"time":0,"name":"skeleton-front_0"},{"time":0.0666,"name":"skeleton-front_1"},{"time":0.1333,"name":"skeleton-front_2"},{"time":0.2,"name":"skeleton-front_3"},{"time":0.2666,"name":"skeleton-front_4"},{"time":0.3333,"name":"skeleton-front_5"},{"time":0.4333,"name":"skeleton-front_6"},{"time":0.5333,"name":"skeleton-front_2"},{"time":0.6,"name":"skeleton-front_1"},{"time":0.6666,"name":"skeleton-front_0"}]},"S1_shine1":{"attachment":[{"time":0,"name":null}]},"S1_shine2":{"attachment":[{"time":0,"name":null}]},"S1_wave1":{"attachment":[{"time":0,"name":null}]},"kirakira1":{"attachment":[{"time":0,"name":"kirakira1"},{"time":0.1,"name":"kirakira2"},{"time":0.2,"name":"kirakira1"},{"time":0.3,"name":"kirakira2"},{"time":0.4,"name":"kirakira1"},{"time":0.5,"name":"kirakira2"},{"time":0.6,"name":"kirakira1"}]},"kirakira2":{"attachment":[{"time":0,"name":"kirakira1"},{"time":0.1,"name":"kirakira2"},{"time":0.2,"name":"kirakira1"},{"time":0.3,"name":"kirakira2"},{"time":0.4,"name":"kirakira1"},{"time":0.5,"name":"kirakira2"},{"time":0.6,"name":"kirakira1"}]}},"bones":{"MAIN":{"translate":[{"time":0.2,"x":0,"y":46.52,"curve":"stepped"},{"time":0.3666,"x":0,"y":46.52,"curve":[0.25,0,0.75,1]},{"time":0.5666,"x":0,"y":0}]},"EF_kira":{"rotate":[{"time":0,"angle":-44.8}],"scale":[{"time":0,"x":1.242,"y":1.242}]},"EF_kira2":{"rotate":[{"time":0,"angle":-44.8}],"scale":[{"time":0,"x":1.242,"y":1.242}]}},"events":[{"time":0.2,"name":"sound_1","string":"cri_se_battle_jump_monster_mini"},{"time":0.2,"name":"voice","string":"cri_095_voice_item"}]},"damage":{"slots":{"A1_wave1":{"attachment":[{"time":0,"name":null}]},"MAIN":{"attachment":[{"time":0,"name":"skeleton-damage_0"}]},"S1_shine1":{"attachment":[{"time":0,"name":null}]},"S1_shine2":{"attachment":[{"time":0,"name":null}]},"S1_wave1":{"attachment":[{"time":0,"name":null}]}}},"front":{"slots":{"A1_wave1":{"attachment":[{"time":0,"name":null}]},"MAIN":{"attachment":[{"time":0,"name":"skeleton-front_0"},{"time":0.0666,"name":"skeleton-front_1"},{"time":0.1333,"name":"skeleton-front_2"},{"time":0.2,"name":"skeleton-front_3"},{"time":0.2666,"name":"skeleton-front_4"},{"time":0.3333,"name":"skeleton-front_5"},{"time":0.4333,"name":"skeleton-front_6"},{"time":0.5333,"name":"skeleton-front_2"},{"time":0.6,"name":"skeleton-front_1"},{"time":0.6666,"name":"skeleton-front_0"}]},"S1_shine1":{"attachment":[{"time":0,"name":null}]},"S1_shine2":{"attachment":[{"time":0,"name":null}]},"S1_wave1":{"attachment":[{"time":0,"name":null}]},"kirakira1":{"attachment":[{"time":0,"name":"kirakira1"},{"time":0.1,"name":"kirakira2"},{"time":0.2,"name":"kirakira1"},{"time":0.3,"name":"kirakira2"},{"time":0.4,"name":"kirakira1"},{"time":0.5,"name":"kirakira2"},{"time":0.6,"name":"kirakira1"}]},"kirakira2":{"attachment":[{"time":0,"name":"kirakira1"},{"time":0.1,"name":"kirakira2"},{"time":0.2,"name":"kirakira1"},{"time":0.3,"name":"kirakira2"},{"time":0.4,"name":"kirakira1"},{"time":0.5,"name":"kirakira2"},{"time":0.6,"name":"kirakira1"}]}},"bones":{"MAIN":{"translate":[{"time":0.2,"x":0,"y":46.52,"curve":"stepped"},{"time":0.3666,"x":0,"y":46.52,"curve":[0.25,0,0.75,1]},{"time":0.5666,"x":0,"y":0}]},"EF_kira":{"rotate":[{"time":0,"angle":-44.8}],"scale":[{"time":0,"x":1.242,"y":1.242}]},"EF_kira2":{"rotate":[{"time":0,"angle":-44.8}],"scale":[{"time":0,"x":1.242,"y":1.242}]}},"events":[{"time":0.2333,"name":"sound_1","string":"cri_se_battle_jump_monster_mini"}]},"idle":{"slots":{"A1_wave1":{"attachment":[{"time":0,"name":null}]},"MAIN":{"attachment":[{"time":0,"name":"skeleton-idle_0"},{"time":0.1666,"name":"skeleton-idle_1"},{"time":0.3333,"name":"skeleton-idle_2"},{"time":0.5,"name":"skeleton-idle_3"},{"time":0.6666,"name":"skeleton-idle_4"},{"time":0.8333,"name":"skeleton-idle_0"}]},"S1_shine1":{"attachment":[{"time":0,"name":null}]},"S1_shine2":{"attachment":[{"time":0,"name":null}]},"S1_wave1":{"attachment":[{"time":0,"name":null}]},"kirakira1":{"attachment":[{"time":0,"name":"kirakira1"},{"time":0.1,"name":"kirakira2"},{"time":0.2,"name":"kirakira1"},{"time":0.3,"name":"kirakira2"},{"time":0.4,"name":"kirakira1"},{"time":0.5,"name":"kirakira2"},{"time":0.6,"name":"kirakira1"},{"time":0.7,"name":"kirakira2"},{"time":0.8,"name":"kirakira1"}]},"kirakira2":{"attachment":[{"time":0,"name":"kirakira1"},{"time":0.1,"name":"kirakira2"},{"time":0.2,"name":"kirakira1"},{"time":0.3,"name":"kirakira2"},{"time":0.4,"name":"kirakira1"},{"time":0.5,"name":"kirakira2"},{"time":0.6,"name":"kirakira1"},{"time":0.7,"name":"kirakira2"},{"time":0.8,"name":"kirakira1"}]}},"bones":{"EF_kira":{"rotate":[{"time":0,"angle":-44.8}],"scale":[{"time":0,"x":1.242,"y":1.242}]},"EF_kira2":{"rotate":[{"time":0,"angle":-44.8}],"scale":[{"time":0,"x":1.242,"y":1.242}]}}},"skill1":{"slots":{"A1_wave1":{"attachment":[{"time":0.2,"name":"EF/1040_A1_wave1/1040_A1_wave1_00002"},{"time":0.2333,"name":"EF/1040_A1_wave1/1040_A1_wave1_00003"},{"time":0.2666,"name":"EF/1040_A1_wave1/1040_A1_wave1_00004"},{"time":0.3333,"name":"EF/1040_A1_wave1/1040_A1_wave1_00006"},{"time":0.4,"name":"EF/1040_A1_wave1/1040_A1_wave1_00008"},{"time":0.4666,"name":"EF/1040_A1_wave1/1040_A1_wave1_00009"},{"time":0.5333,"name":"EF/1040_A1_wave1/1040_A1_wave1_00010"},{"time":0.9666,"name":"EF/1040_A1_wave1/1040_A1_wave1_00002"},{"time":1,"name":"EF/1040_A1_wave1/1040_A1_wave1_00003"},{"time":1.0333,"name":"EF/1040_A1_wave1/1040_A1_wave1_00004"},{"time":1.1,"name":"EF/1040_A1_wave1/1040_A1_wave1_00006"},{"time":1.1666,"name":"EF/1040_A1_wave1/1040_A1_wave1_00008"},{"time":1.2333,"name":"EF/1040_A1_wave1/1040_A1_wave1_00009"},{"time":1.3,"name":"EF/1040_A1_wave1/1040_A1_wave1_00010"}],"color":[{"time":0.4666,"color":"ffffffff"},{"time":0.5666,"color":"ffffff00","curve":"stepped"},{"time":0.9666,"color":"ffffffff","curve":"stepped"},{"time":1.2333,"color":"ffffffff"},{"time":1.3333,"color":"ffffff00"}]},"DAMAGEAREA":{"attachment":[{"time":0.3333,"name":"DAMAGEAREA"},{"time":0.5333,"name":null},{"time":1.1333,"name":"DAMAGEAREA"},{"time":1.3333,"name":null}]},"MAIN":{"attachment":[{"time":0,"name":"skeleton-front_0"},{"time":0.0666,"name":"skeleton-front_1"},{"time":0.1333,"name":"skeleton-front_2"},{"time":0.2,"name":"skeleton-front_3"},{"time":0.2666,"name":"skeleton-front_4"},{"time":0.3333,"name":"skeleton-front_5"},{"time":0.4333,"name":"skeleton-front_6"},{"time":0.5333,"name":"skeleton-front_2"},{"time":0.6,"name":"skeleton-front_1"},{"time":0.6666,"name":"skeleton-front_0"},{"time":0.8333,"name":"skeleton-front_1"},{"time":0.9,"name":"skeleton-front_2"},{"time":0.9666,"name":"skeleton-front_3"},{"time":1.0333,"name":"skeleton-front_4"},{"time":1.1,"name":"skeleton-front_5"},{"time":1.2,"name":"skeleton-front_6"},{"time":1.3,"name":"skeleton-front_2"},{"time":1.3666,"name":"skeleton-front_1"},{"time":1.4333,"name":"skeleton-front_0"},{"time":1.6,"name":"skeleton-front_1"},{"time":1.6666,"name":"skeleton-front_2"},{"time":1.8333,"name":"skeleton-front_6"}]},"S1_shine1":{"attachment":[{"time":0.2,"name":"EF/1040_S1_shine1/1040_S1_shine1_00000"}],"color":[{"time":0.5,"color":"ffffffff"},{"time":0.7,"color":"ffffff00","curve":"stepped"},{"time":0.9666,"color":"ffffffff","curve":"stepped"},{"time":1.2666,"color":"ffffffff"},{"time":1.4666,"color":"ffffff00"}]},"S1_shine2":{"attachment":[{"time":0.2,"name":"EF/1040_S1_shine2/1040_S1_shine2_00000"},{"time":0.2666,"name":"EF/1040_S1_shine2/1040_S1_shine2_00002"},{"time":0.3333,"name":"EF/1040_S1_shine2/1040_S1_shine2_00004"},{"time":0.4,"name":"EF/1040_S1_shine2/1040_S1_shine2_00006"},{"time":0.4666,"name":"EF/1040_S1_shine2/1040_S1_shine2_00008"},{"time":0.5,"name":"EF/1040_S1_shine2/1040_S1_shine2_00010"},{"time":0.5333,"name":"EF/1040_S1_shine2/1040_S1_shine2_00012"},{"time":0.5666,"name":"EF/1040_S1_shine2/1040_S1_shine2_00014"},{"time":0.6,"name":"EF/1040_S1_shine2/1040_S1_shine2_00015"},{"time":0.6333,"name":"EF/1040_S1_shine2/1040_S1_shine2_00016"},{"time":0.6666,"name":"EF/1040_S1_shine2/1040_S1_shine2_00017"},{"time":0.7,"name":"EF/1040_S1_shine2/1040_S1_shine2_00018"},{"time":0.7333,"name":"EF/1040_S1_shine2/1040_S1_shine2_00019"},{"time":0.7666,"name":"EF/1040_S1_shine2/1040_S1_shine2_00020"},{"time":0.8,"name":"EF/1040_S1_shine2/1040_S1_shine2_00021"},{"time":0.9666,"name":"EF/1040_S1_shine2/1040_S1_shine2_00000"},{"time":1.0333,"name":"EF/1040_S1_shine2/1040_S1_shine2_00002"},{"time":1.1,"name":"EF/1040_S1_shine2/1040_S1_shine2_00004"},{"time":1.1666,"name":"EF/1040_S1_shine2/1040_S1_shine2_00006"},{"time":1.2333,"name":"EF/1040_S1_shine2/1040_S1_shine2_00008"},{"time":1.2666,"name":"EF/1040_S1_shine2/1040_S1_shine2_00010"},{"time":1.3,"name":"EF/1040_S1_shine2/1040_S1_shine2_00012"},{"time":1.3333,"name":"EF/1040_S1_shine2/1040_S1_shine2_00014"},{"time":1.3666,"name":"EF/1040_S1_shine2/1040_S1_shine2_00015"},{"time":1.4,"name":"EF/1040_S1_shine2/1040_S1_shine2_00016"},{"time":1.4333,"name":"EF/1040_S1_shine2/1040_S1_shine2_00017"},{"time":1.4666,"name":"EF/1040_S1_shine2/1040_S1_shine2_00018"},{"time":1.5,"name":"EF/1040_S1_shine2/1040_S1_shine2_00019"},{"time":1.5333,"name":"EF/1040_S1_shine2/1040_S1_shine2_00020"},{"time":1.5666,"name":"EF/1040_S1_shine2/1040_S1_shine2_00021"}],"color":[{"time":0.6,"color":"ffffffff"},{"time":0.8333,"color":"ffffff00","curve":"stepped"},{"time":0.9666,"color":"ffffffff","curve":"stepped"},{"time":1.3666,"color":"ffffffff"},{"time":1.6,"color":"ffffff00"}]},"S1_wave1":{"attachment":[{"time":0.2,"name":"EF/1040_S1_wave1/1040_S1_wave1_00003"},{"time":0.2333,"name":"EF/1040_S1_wave1/1040_S1_wave1_00004"},{"time":0.2666,"name":"EF/1040_S1_wave1/1040_S1_wave1_00005"},{"time":0.3,"name":"EF/1040_S1_wave1/1040_S1_wave1_00006"},{"time":0.3333,"name":"EF/1040_S1_wave1/1040_S1_wave1_00007"},{"time":0.4,"name":"EF/1040_S1_wave1/1040_S1_wave1_00008"},{"time":0.4666,"name":"EF/1040_S1_wave1/1040_S1_wave1_00009"},{"time":0.9666,"name":"EF/1040_S1_wave1/1040_S1_wave1_00003"},{"time":1,"name":"EF/1040_S1_wave1/1040_S1_wave1_00004"},{"time":1.0333,"name":"EF/1040_S1_wave1/1040_S1_wave1_00005"},{"time":1.0666,"name":"EF/1040_S1_wave1/1040_S1_wave1_00006"},{"time":1.1,"name":"EF/1040_S1_wave1/1040_S1_wave1_00007"},{"time":1.1666,"name":"EF/1040_S1_wave1/1040_S1_wave1_00008"},{"time":1.2333,"name":"EF/1040_S1_wave1/1040_S1_wave1_00009"}],"color":[{"time":0.4666,"color":"ffffffff"},{"time":0.5333,"color":"ffffff00","curve":"stepped"},{"time":0.9666,"color":"ffffffff","curve":"stepped"},{"time":1.2333,"color":"ffffffff"},{"time":1.3,"color":"ffffff00"}]},"kirakira1":{"attachment":[{"time":0,"name":"kirakira1"},{"time":0.1,"name":"kirakira2"},{"time":0.2,"name":"kirakira1"},{"time":0.3,"name":"kirakira2"},{"time":0.4,"name":"kirakira1"},{"time":0.5,"name":"kirakira2"},{"time":0.6,"name":"kirakira1"},{"time":0.7,"name":"kirakira2"},{"time":0.8,"name":"kirakira1"},{"time":0.9,"name":"kirakira2"},{"time":1,"name":"kirakira1"},{"time":1.1,"name":"kirakira2"},{"time":1.2,"name":"kirakira1"},{"time":1.3,"name":"kirakira2"},{"time":1.4,"name":"kirakira1"},{"time":1.5,"name":"kirakira2"},{"time":1.6,"name":"kirakira1"},{"time":1.7333,"name":"kirakira2"},{"time":1.8333,"name":"kirakira2"},{"time":1.9333,"name":"kirakira1"}]},"kirakira2":{"attachment":[{"time":0,"name":"kirakira1"},{"time":0.1,"name":"kirakira2"},{"time":0.2,"name":"kirakira1"},{"time":0.3,"name":"kirakira2"},{"time":0.4,"name":"kirakira1"},{"time":0.5,"name":"kirakira2"},{"time":0.6,"name":"kirakira1"},{"time":0.7,"name":"kirakira2"},{"time":0.8,"name":"kirakira1"},{"time":0.9,"name":"kirakira2"},{"time":1,"name":"kirakira1"},{"time":1.1,"name":"kirakira2"},{"time":1.2,"name":"kirakira1"},{"time":1.3,"name":"kirakira2"},{"time":1.4,"name":"kirakira1"},{"time":1.5,"name":"kirakira2"},{"time":1.6,"name":"kirakira1"},{"time":1.7333,"name":"kirakira2"},{"time":1.8333,"name":"kirakira2"},{"time":1.9333,"name":"kirakira1"}]}},"bones":{"MAIN":{"translate":[{"time":0.2,"x":0,"y":46.52,"curve":"stepped"},{"time":0.3666,"x":0,"y":46.52,"curve":[0.25,0,0.75,1]},{"time":0.5666,"x":0,"y":0,"curve":"stepped"},{"time":0.9666,"x":0,"y":46.52,"curve":"stepped"},{"time":1.1333,"x":0,"y":46.52,"curve":[0.25,0,0.75,1]},{"time":1.3333,"x":0,"y":0}]},"A1_wave1":{"translate":[{"time":0.2,"x":-631.76,"y":-23.02}],"scale":[{"time":0.2,"x":0.5,"y":0.5},{"time":0.5333,"x":2.34,"y":2.34,"curve":"stepped"},{"time":0.9666,"x":0.5,"y":0.5},{"time":1.3,"x":2.34,"y":2.34}]},"S1_shine1":{"translate":[{"time":0.2,"x":-724.16,"y":-25.53}],"scale":[{"time":0.2,"x":1.5,"y":1.5}]},"S1_shine2":{"translate":[{"time":0.2,"x":-821.82,"y":-21.28}],"scale":[{"time":0.2,"x":2,"y":2}]},"S1_wave1":{"translate":[{"time":0.2,"x":-940.23,"y":-135.47,"curve":"stepped"},{"time":0.9666,"x":-940.23,"y":-135.47}],"scale":[{"time":0.2,"x":1,"y":1},{"time":0.5333,"x":2.5,"y":2.5,"curve":"stepped"},{"time":0.9666,"x":1,"y":1},{"time":1.2666,"x":2.5,"y":2.5}]},"DAMAGEAREA":{"translate":[{"time":0.3333,"x":0,"y":66.84},{"time":0.5,"x":8.81,"y":116.77,"curve":"stepped"},{"time":1.1333,"x":0,"y":66.84},{"time":1.3,"x":5.87,"y":118.73}],"scale":[{"time":0.3333,"x":0.85,"y":0.675},{"time":0.5,"x":1.379,"y":1.23,"curve":"stepped"},{"time":1.1333,"x":0.85,"y":0.675},{"time":1.3,"x":1.472,"y":1.415}]},"EF_kira":{"rotate":[{"time":0,"angle":-44.8,"curve":"stepped"},{"time":0.8,"angle":-44.8,"curve":"stepped"},{"time":1.6,"angle":-44.8}],"scale":[{"time":0,"x":1.242,"y":1.242,"curve":"stepped"},{"time":0.8,"x":1.242,"y":1.242,"curve":"stepped"},{"time":1.6,"x":1.242,"y":1.242}]},"EF_kira2":{"rotate":[{"time":0,"angle":-44.8,"curve":"stepped"},{"time":0.8,"angle":-44.8,"curve":"stepped"},{"time":1.6,"angle":-44.8}],"scale":[{"time":0,"x":1.242,"y":1.242,"curve":"stepped"},{"time":0.8,"x":1.242,"y":1.242,"curve":"stepped"},{"time":1.6,"x":1.242,"y":1.242}]}},"events":[{"time":0,"name":"Event","float":0.2,"string":"kHitStopType_normal"},{"time":0.2,"name":"voice","string":"cri_095_voice_skill_all"},{"time":0.3,"name":"sound_1","string":"cri_se_battle_coin_impact"},{"time":0.3333,"name":"sound_1","string":"cri_se_battle_coin_lot"},{"time":1,"name":"sound_1","string":"cri_se_battle_coin_lot"},{"time":1.1,"name":"sound_1","string":"cri_se_battle_coin_impact"},{"time":1.1666,"name":"HIt","string":"resetHitList"},{"time":1.1666,"name":"Sound_2","string":"setHitSound(se_battle_hard_hit)"},{"time":1.1666,"name":"sound_1","string":"cri_se_battle_coin_lot"}]},"skill2":{"slots":{"A1_wave1":{"attachment":[{"time":1.0333,"name":"EF/1040_A1_wave1/1040_A1_wave1_00002"},{"time":1.0666,"name":"EF/1040_A1_wave1/1040_A1_wave1_00003"},{"time":1.1,"name":"EF/1040_A1_wave1/1040_A1_wave1_00004"},{"time":1.1666,"name":"EF/1040_A1_wave1/1040_A1_wave1_00006"},{"time":1.2333,"name":"EF/1040_A1_wave1/1040_A1_wave1_00008"},{"time":1.3,"name":"EF/1040_A1_wave1/1040_A1_wave1_00009"},{"time":1.3666,"name":"EF/1040_A1_wave1/1040_A1_wave1_00010"},{"time":1.4,"name":null}],"color":[{"time":1.3,"color":"ffffffff"},{"time":1.4,"color":"ffffff00"}]},"DAMAGEAREA":{"attachment":[{"time":1.0333,"name":"DAMAGEAREA"},{"time":1.4,"name":null},{"time":1.5,"name":"DAMAGEAREA"},{"time":2.3666,"name":null}]},"MAIN":{"attachment":[{"time":0,"name":"skeleton-idle_0"},{"time":0.1,"name":"skeleton-skill1_0"},{"time":0.1666,"name":"skeleton-skill1_1"},{"time":0.2333,"name":"skeleton-skill1_2"},{"time":0.3,"name":"skeleton-skill1_3"},{"time":0.3666,"name":"skeleton-skill1_4"},{"time":0.4333,"name":"skeleton-skill1_5"},{"time":0.5333,"name":"skeleton-skill1_6"},{"time":0.7,"name":"skeleton-skill1_7"},{"time":0.9333,"name":"skeleton-skill1_8"},{"time":1.0333,"name":"skeleton-skill1_9"},{"time":1.1333,"name":"skeleton-skill1_8"},{"time":1.2333,"name":"skeleton-skill1_9"},{"time":1.3333,"name":"skeleton-skill1_8"},{"time":1.4333,"name":"skeleton-skill1_9"},{"time":1.5333,"name":"skeleton-skill1_8"},{"time":1.6333,"name":"skeleton-skill1_9"},{"time":1.7333,"name":"skeleton-skill1_8"},{"time":2.6333,"name":"skeleton-skill1_9"},{"time":2.7333,"name":"skeleton-skill1_8"},{"time":2.8333,"name":"skeleton-skill1_9"},{"time":2.9333,"name":"skeleton-skill1_8"},{"time":3.2,"name":"skeleton-skill1_7"},{"time":3.4,"name":"skeleton-skill1_6"},{"time":3.5333,"name":"skeleton-skill1_5"},{"time":3.6333,"name":"skeleton-skill1_4"},{"time":3.7333,"name":"skeleton-skill1_3"},{"time":3.8,"name":"skeleton-skill1_2"},{"time":3.8666,"name":"skeleton-skill1_1"},{"time":3.9333,"name":"skeleton-skill1_0"},{"time":4.0333,"name":"skeleton-idle_0"},{"time":4.4,"name":"skeleton-idle_0"}]},"S1_shine1":{"attachment":[{"time":1.0333,"name":"EF/1040_S1_shine1/1040_S1_shine1_00000"},{"time":1.5333,"name":null}],"color":[{"time":1.3333,"color":"ffffffff"},{"time":1.5333,"color":"ffffff00"}]},"S1_shine2":{"attachment":[{"time":1.0333,"name":"EF/1040_S1_shine2/1040_S1_shine2_00000"},{"time":1.1,"name":"EF/1040_S1_shine2/1040_S1_shine2_00002"},{"time":1.1666,"name":"EF/1040_S1_shine2/1040_S1_shine2_00004"},{"time":1.2333,"name":"EF/1040_S1_shine2/1040_S1_shine2_00006"},{"time":1.3,"name":"EF/1040_S1_shine2/1040_S1_shine2_00004"},{"time":1.3666,"name":"EF/1040_S1_shine2/1040_S1_shine2_00002"},{"time":1.4333,"name":"EF/1040_S1_shine2/1040_S1_shine2_00008"},{"time":1.4666,"name":"EF/1040_S1_shine2/1040_S1_shine2_00010"},{"time":1.5,"name":"EF/1040_S1_shine2/1040_S1_shine2_00012"},{"time":1.5333,"name":"EF/1040_S1_shine2/1040_S1_shine2_00014"},{"time":1.5666,"name":null}],"color":[{"time":1.4333,"color":"ffffffff"},{"time":1.5666,"color":"ffffff00"}]},"kirakira1":{"attachment":[{"time":0,"name":"kirakira1"},{"time":0.1,"name":"kirakira2"},{"time":0.2,"name":"kirakira1"},{"time":0.3,"name":"kirakira2"},{"time":0.4,"name":"kirakira1"},{"time":0.5,"name":"kirakira2"},{"time":0.6,"name":"kirakira1"},{"time":0.7,"name":"kirakira2"},{"time":0.8,"name":"kirakira1"},{"time":0.9,"name":"kirakira2"},{"time":1,"name":"kirakira1"},{"time":1.1,"name":"kirakira2"},{"time":1.2,"name":"kirakira1"},{"time":1.3,"name":"kirakira2"},{"time":1.4,"name":"kirakira1"},{"time":1.5,"name":"kirakira2"},{"time":1.6,"name":"kirakira1"},{"time":1.7,"name":"kirakira2"},{"time":1.8,"name":"kirakira1"},{"time":1.9,"name":"kirakira2"},{"time":2,"name":"kirakira1"},{"time":2.1,"name":"kirakira2"},{"time":2.2,"name":"kirakira1"},{"time":2.3,"name":"kirakira2"},{"time":2.4,"name":"kirakira1"},{"time":2.5,"name":"kirakira2"},{"time":2.6,"name":"kirakira1"},{"time":2.7,"name":"kirakira2"},{"time":2.8,"name":"kirakira1"},{"time":2.9,"name":"kirakira2"},{"time":3,"name":"kirakira1"},{"time":3.1,"name":"kirakira2"},{"time":3.2,"name":"kirakira1"},{"time":3.3,"name":"kirakira2"},{"time":3.4,"name":"kirakira1"},{"time":3.5,"name":"kirakira2"},{"time":3.6,"name":"kirakira1"},{"time":3.7,"name":"kirakira2"},{"time":3.8,"name":"kirakira1"},{"time":3.9,"name":"kirakira2"},{"time":4,"name":"kirakira1"},{"time":4.1,"name":"kirakira2"},{"time":4.2,"name":"kirakira1"},{"time":4.3,"name":"kirakira2"}]},"kirakira2":{"attachment":[{"time":0,"name":"kirakira1"},{"time":0.1,"name":"kirakira2"},{"time":0.2,"name":"kirakira1"},{"time":0.3,"name":"kirakira2"},{"time":0.4,"name":"kirakira1"},{"time":0.5,"name":"kirakira2"},{"time":0.6,"name":"kirakira1"},{"time":0.7,"name":"kirakira2"},{"time":0.8,"name":"kirakira1"},{"time":0.9,"name":"kirakira2"},{"time":1,"name":"kirakira1"},{"time":1.1,"name":"kirakira2"},{"time":1.2,"name":"kirakira1"},{"time":1.3,"name":"kirakira2"},{"time":1.4,"name":"kirakira1"},{"time":1.5,"name":"kirakira2"},{"time":1.6,"name":"kirakira1"},{"time":1.7,"name":"kirakira2"},{"time":1.8,"name":"kirakira1"},{"time":1.9,"name":"kirakira2"},{"time":2,"name":"kirakira1"},{"time":2.1,"name":"kirakira2"},{"time":2.2,"name":"kirakira1"},{"time":2.3,"name":"kirakira2"},{"time":2.4,"name":"kirakira1"},{"time":2.5,"name":"kirakira2"},{"time":2.6,"name":"kirakira1"},{"time":2.7,"name":"kirakira2"},{"time":2.8,"name":"kirakira1"},{"time":2.9,"name":"kirakira2"},{"time":3,"name":"kirakira1"},{"time":3.1,"name":"kirakira2"},{"time":3.2,"name":"kirakira1"},{"time":3.3,"name":"kirakira2"},{"time":3.4,"name":"kirakira1"},{"time":3.5,"name":"kirakira2"},{"time":3.6,"name":"kirakira1"},{"time":3.7,"name":"kirakira2"},{"time":3.8,"name":"kirakira1"},{"time":3.9,"name":"kirakira2"},{"time":4,"name":"kirakira1"},{"time":4.1,"name":"kirakira2"},{"time":4.2,"name":"kirakira1"},{"time":4.3,"name":"kirakira2"}]}},"bones":{"A1_wave1":{"translate":[{"time":1.0333,"x":-631.76,"y":-51.68}],"scale":[{"time":1.0333,"x":1,"y":1},{"time":1.3666,"x":2.839,"y":2.839}]},"S1_shine1":{"translate":[{"time":1.0333,"x":-724.16,"y":-51.36}],"scale":[{"time":1.0333,"x":2,"y":2}]},"S1_shine2":{"translate":[{"time":1.0333,"x":-821.82,"y":-47.11}],"scale":[{"time":1.0333,"x":2.5,"y":2.5}]},"DAMAGEAREA":{"translate":[{"time":1.0333,"x":10.76,"y":93.26},{"time":1.6,"x":-0.97,"y":103.05}],"scale":[{"time":1.0333,"x":0.889,"y":0.781},{"time":1.3666,"x":1.564,"y":1.625},{"time":1.5,"x":2.172,"y":0.896},{"time":1.6,"x":2.172,"y":1.229}]},"EF_kira":{"rotate":[{"time":0,"angle":-44.8,"curve":"stepped"},{"time":0.8,"angle":-44.8,"curve":"stepped"},{"time":1.6,"angle":-44.8,"curve":"stepped"},{"time":2.4,"angle":-44.8,"curve":"stepped"},{"time":3.2,"angle":-44.8,"curve":"stepped"},{"time":4,"angle":-44.8}],"scale":[{"time":0,"x":1.242,"y":1.242,"curve":"stepped"},{"time":0.8,"x":1.242,"y":1.242,"curve":"stepped"},{"time":1.6,"x":1.242,"y":1.242,"curve":"stepped"},{"time":2.4,"x":1.242,"y":1.242,"curve":"stepped"},{"time":3.2,"x":1.242,"y":1.242,"curve":"stepped"},{"time":4,"x":1.242,"y":1.242}]},"EF_kira2":{"rotate":[{"time":0,"angle":-44.8,"curve":"stepped"},{"time":0.8,"angle":-44.8,"curve":"stepped"},{"time":1.6,"angle":-44.8,"curve":"stepped"},{"time":2.4,"angle":-44.8,"curve":"stepped"},{"time":3.2,"angle":-44.8,"curve":"stepped"},{"time":4,"angle":-44.8}],"scale":[{"time":0,"x":1.242,"y":1.242,"curve":"stepped"},{"time":0.8,"x":1.242,"y":1.242,"curve":"stepped"},{"time":1.6,"x":1.242,"y":1.242,"curve":"stepped"},{"time":2.4,"x":1.242,"y":1.242,"curve":"stepped"},{"time":3.2,"x":1.242,"y":1.242,"curve":"stepped"},{"time":4,"x":1.242,"y":1.242}]}},"events":[{"time":0,"name":"Event","float":0.1,"string":"kHitStopType_enemyonly"},{"time":0,"name":"HitEffect","string":"setHitEffect(hit04d,1,0.55,50)"},{"time":0,"name":"voice","string":"cri_095_voice_fullarts_now"},{"time":0.9333,"name":"sound_1","string":"cri_se_battle_jump_monster_mini"},{"time":1.0333,"name":"sound_1","string":"cri_se_battle_skill_sound_light"},{"time":1.0333,"name":"voice","string":"cri_095_voice_fullarts_rank3"},{"time":1.4333,"name":"Event","string":"setHitBackEnemy(5,2)\t"},{"time":1.4666,"name":"Event","float":0.5,"string":"shakeGround_Loop"},{"time":1.4666,"name":"Sound_2","string":"cri_se_battle_030_explosion_02"},{"time":1.5,"name":"Event","string":"addOrbitSystemCamera_wind"},{"time":1.5,"name":"HIt","string":"resetHitList"},{"time":1.5,"name":"Sound_2","string":"setHitSound(se_battle_explosion_short)"},{"time":1.5,"name":"sound_1","string":"cri_se_battle_036_explosion_element_04"},{"time":1.5666,"name":"HIt","string":"setBreakRate\t"},{"time":1.6333,"name":"HIt","string":"resetHitList"},{"time":1.7,"name":"HIt","string":"resetHitList"},{"time":1.7666,"name":"HIt","string":"resetHitList"},{"time":1.8333,"name":"HIt","string":"resetHitList"},{"time":1.9,"name":"HIt","string":"resetHitList"},{"time":1.9666,"name":"HIt","string":"resetHitList"},{"time":2.0333,"name":"HIt","string":"resetHitList"},{"time":2.1,"name":"HIt","string":"resetHitList"},{"time":2.1666,"name":"HIt","string":"setHitBackEnemy(90,90)\t"},{"time":2.2,"name":"Event","string":"setHitBackEnemy(60,30)\t"},{"time":2.2333,"name":"HIt","string":"resetHitList"},{"time":2.3333,"name":"HIt","string":"resetHitList"}]},"skill2org":{"slots":{"A1_wave1":{"attachment":[{"time":1.0333,"name":"EF/1040_A1_wave1/1040_A1_wave1_00002"},{"time":1.0666,"name":"EF/1040_A1_wave1/1040_A1_wave1_00003"},{"time":1.1,"name":"EF/1040_A1_wave1/1040_A1_wave1_00004"},{"time":1.1666,"name":"EF/1040_A1_wave1/1040_A1_wave1_00006"},{"time":1.2333,"name":"EF/1040_A1_wave1/1040_A1_wave1_00008"},{"time":1.3,"name":"EF/1040_A1_wave1/1040_A1_wave1_00009"},{"time":1.3666,"name":"EF/1040_A1_wave1/1040_A1_wave1_00010"},{"time":1.4,"name":null}],"color":[{"time":1.3,"color":"ffffffff"},{"time":1.4,"color":"ffffff00"}]},"DAMAGEAREA":{"attachment":[{"time":1.0333,"name":"DAMAGEAREA"},{"time":1.4,"name":null},{"time":1.5,"name":"DAMAGEAREA"},{"time":2.3666,"name":null}]},"MAIN":{"attachment":[{"time":0,"name":"skeleton-idle_0"},{"time":0.1,"name":"skeleton-skill1_0"},{"time":0.1666,"name":"skeleton-skill1_1"},{"time":0.2333,"name":"skeleton-skill1_2"},{"time":0.3,"name":"skeleton-skill1_3"},{"time":0.3666,"name":"skeleton-skill1_4"},{"time":0.4333,"name":"skeleton-skill1_5"},{"time":0.5333,"name":"skeleton-skill1_6"},{"time":0.7,"name":"skeleton-skill1_7"},{"time":0.9333,"name":"skeleton-skill1_8"},{"time":1.0333,"name":"skeleton-skill1_9"},{"time":1.1333,"name":"skeleton-skill1_8"},{"time":1.2333,"name":"skeleton-skill1_9"},{"time":1.3333,"name":"skeleton-skill1_8"},{"time":1.4333,"name":"skeleton-skill1_9"},{"time":1.5333,"name":"skeleton-skill1_8"},{"time":1.6333,"name":"skeleton-skill1_9"},{"time":1.7333,"name":"skeleton-skill1_8"},{"time":2.6333,"name":"skeleton-skill1_9"},{"time":2.7333,"name":"skeleton-skill1_8"},{"time":2.8333,"name":"skeleton-skill1_9"},{"time":2.9333,"name":"skeleton-skill1_8"},{"time":3.2,"name":"skeleton-skill1_7"},{"time":3.4,"name":"skeleton-skill1_6"},{"time":3.5333,"name":"skeleton-skill1_5"},{"time":3.6333,"name":"skeleton-skill1_4"},{"time":3.7333,"name":"skeleton-skill1_3"},{"time":3.8,"name":"skeleton-skill1_2"},{"time":3.8666,"name":"skeleton-skill1_1"},{"time":3.9333,"name":"skeleton-skill1_0"},{"time":4.0333,"name":"skeleton-idle_0"},{"time":4.4,"name":"skeleton-idle_0"}]},"S1_shine1":{"attachment":[{"time":1.0333,"name":"EF/1040_S1_shine1/1040_S1_shine1_00000"},{"time":1.5333,"name":null}],"color":[{"time":1.3333,"color":"ffffffff"},{"time":1.5333,"color":"ffffff00"}]},"S1_shine2":{"attachment":[{"time":1.0333,"name":"EF/1040_S1_shine2/1040_S1_shine2_00000"},{"time":1.1,"name":"EF/1040_S1_shine2/1040_S1_shine2_00002"},{"time":1.1666,"name":"EF/1040_S1_shine2/1040_S1_shine2_00004"},{"time":1.2333,"name":"EF/1040_S1_shine2/1040_S1_shine2_00006"},{"time":1.3,"name":"EF/1040_S1_shine2/1040_S1_shine2_00004"},{"time":1.3666,"name":"EF/1040_S1_shine2/1040_S1_shine2_00002"},{"time":1.4333,"name":"EF/1040_S1_shine2/1040_S1_shine2_00008"},{"time":1.4666,"name":"EF/1040_S1_shine2/1040_S1_shine2_00010"},{"time":1.5,"name":"EF/1040_S1_shine2/1040_S1_shine2_00012"},{"time":1.5333,"name":"EF/1040_S1_shine2/1040_S1_shine2_00014"},{"time":1.5666,"name":null}],"color":[{"time":1.4333,"color":"ffffffff"},{"time":1.5666,"color":"ffffff00"}]},"kirakira1":{"attachment":[{"time":0,"name":"kirakira1"},{"time":0.1,"name":"kirakira2"},{"time":0.2,"name":"kirakira1"},{"time":0.3,"name":"kirakira2"},{"time":0.4,"name":"kirakira1"},{"time":0.5,"name":"kirakira2"},{"time":0.6,"name":"kirakira1"},{"time":0.7,"name":"kirakira2"},{"time":0.8,"name":"kirakira1"},{"time":0.9,"name":"kirakira2"},{"time":1,"name":"kirakira1"},{"time":1.1,"name":"kirakira2"},{"time":1.2,"name":"kirakira1"},{"time":1.3,"name":"kirakira2"},{"time":1.4,"name":"kirakira1"},{"time":1.5,"name":"kirakira2"},{"time":1.6,"name":"kirakira1"},{"time":1.7,"name":"kirakira2"},{"time":1.8,"name":"kirakira1"},{"time":1.9,"name":"kirakira2"},{"time":2,"name":"kirakira1"},{"time":2.1,"name":"kirakira2"},{"time":2.2,"name":"kirakira1"},{"time":2.3,"name":"kirakira2"},{"time":2.4,"name":"kirakira1"},{"time":2.5,"name":"kirakira2"},{"time":2.6,"name":"kirakira1"},{"time":2.7,"name":"kirakira2"},{"time":2.8,"name":"kirakira1"},{"time":2.9,"name":"kirakira2"},{"time":3,"name":"kirakira1"},{"time":3.1,"name":"kirakira2"},{"time":3.2,"name":"kirakira1"},{"time":3.3,"name":"kirakira2"},{"time":3.4,"name":"kirakira1"},{"time":3.5,"name":"kirakira2"},{"time":3.6,"name":"kirakira1"},{"time":3.7,"name":"kirakira2"},{"time":3.8,"name":"kirakira1"},{"time":3.9,"name":"kirakira2"},{"time":4,"name":"kirakira1"},{"time":4.1,"name":"kirakira2"},{"time":4.2,"name":"kirakira1"},{"time":4.3,"name":"kirakira2"}]},"kirakira2":{"attachment":[{"time":0,"name":"kirakira1"},{"time":0.1,"name":"kirakira2"},{"time":0.2,"name":"kirakira1"},{"time":0.3,"name":"kirakira2"},{"time":0.4,"name":"kirakira1"},{"time":0.5,"name":"kirakira2"},{"time":0.6,"name":"kirakira1"},{"time":0.7,"name":"kirakira2"},{"time":0.8,"name":"kirakira1"},{"time":0.9,"name":"kirakira2"},{"time":1,"name":"kirakira1"},{"time":1.1,"name":"kirakira2"},{"time":1.2,"name":"kirakira1"},{"time":1.3,"name":"kirakira2"},{"time":1.4,"name":"kirakira1"},{"time":1.5,"name":"kirakira2"},{"time":1.6,"name":"kirakira1"},{"time":1.7,"name":"kirakira2"},{"time":1.8,"name":"kirakira1"},{"time":1.9,"name":"kirakira2"},{"time":2,"name":"kirakira1"},{"time":2.1,"name":"kirakira2"},{"time":2.2,"name":"kirakira1"},{"time":2.3,"name":"kirakira2"},{"time":2.4,"name":"kirakira1"},{"time":2.5,"name":"kirakira2"},{"time":2.6,"name":"kirakira1"},{"time":2.7,"name":"kirakira2"},{"time":2.8,"name":"kirakira1"},{"time":2.9,"name":"kirakira2"},{"time":3,"name":"kirakira1"},{"time":3.1,"name":"kirakira2"},{"time":3.2,"name":"kirakira1"},{"time":3.3,"name":"kirakira2"},{"time":3.4,"name":"kirakira1"},{"time":3.5,"name":"kirakira2"},{"time":3.6,"name":"kirakira1"},{"time":3.7,"name":"kirakira2"},{"time":3.8,"name":"kirakira1"},{"time":3.9,"name":"kirakira2"},{"time":4,"name":"kirakira1"},{"time":4.1,"name":"kirakira2"},{"time":4.2,"name":"kirakira1"},{"time":4.3,"name":"kirakira2"}]}},"bones":{"A1_wave1":{"translate":[{"time":1.0333,"x":-631.76,"y":-51.68}],"scale":[{"time":1.0333,"x":1,"y":1},{"time":1.3666,"x":2.839,"y":2.839}]},"S1_shine1":{"translate":[{"time":1.0333,"x":-724.16,"y":-51.36}],"scale":[{"time":1.0333,"x":2,"y":2}]},"S1_shine2":{"translate":[{"time":1.0333,"x":-821.82,"y":-47.11}],"scale":[{"time":1.0333,"x":2.5,"y":2.5}]},"DAMAGEAREA":{"translate":[{"time":1.0333,"x":10.76,"y":93.26},{"time":1.6,"x":-0.97,"y":103.05}],"scale":[{"time":1.0333,"x":0.889,"y":0.781},{"time":1.3666,"x":1.564,"y":1.625},{"time":1.5,"x":2.172,"y":0.896},{"time":1.6,"x":2.172,"y":1.229}]},"EF_kira":{"rotate":[{"time":0,"angle":-44.8,"curve":"stepped"},{"time":0.8,"angle":-44.8,"curve":"stepped"},{"time":1.6,"angle":-44.8,"curve":"stepped"},{"time":2.4,"angle":-44.8,"curve":"stepped"},{"time":3.2,"angle":-44.8,"curve":"stepped"},{"time":4,"angle":-44.8}],"scale":[{"time":0,"x":1.242,"y":1.242,"curve":"stepped"},{"time":0.8,"x":1.242,"y":1.242,"curve":"stepped"},{"time":1.6,"x":1.242,"y":1.242,"curve":"stepped"},{"time":2.4,"x":1.242,"y":1.242,"curve":"stepped"},{"time":3.2,"x":1.242,"y":1.242,"curve":"stepped"},{"time":4,"x":1.242,"y":1.242}]},"EF_kira2":{"rotate":[{"time":0,"angle":-44.8,"curve":"stepped"},{"time":0.8,"angle":-44.8,"curve":"stepped"},{"time":1.6,"angle":-44.8,"curve":"stepped"},{"time":2.4,"angle":-44.8,"curve":"stepped"},{"time":3.2,"angle":-44.8,"curve":"stepped"},{"time":4,"angle":-44.8}],"scale":[{"time":0,"x":1.242,"y":1.242,"curve":"stepped"},{"time":0.8,"x":1.242,"y":1.242,"curve":"stepped"},{"time":1.6,"x":1.242,"y":1.242,"curve":"stepped"},{"time":2.4,"x":1.242,"y":1.242,"curve":"stepped"},{"time":3.2,"x":1.242,"y":1.242,"curve":"stepped"},{"time":4,"x":1.242,"y":1.242}]}},"events":[{"time":0,"name":"Event","float":0.1,"string":"kHitStopType_enemyonly"},{"time":0,"name":"HitEffect","string":"setHitEffect(hit04d,1,0.55,50)"},{"time":0,"name":"voice","string":"cri_095_voice_fullarts_now"},{"time":0.9333,"name":"sound_1","string":"cri_se_battle_jump_monster_mini"},{"time":1.0333,"name":"sound_1","string":"cri_se_battle_skill_sound_light"},{"time":1.0333,"name":"voice","string":"cri_095_voice_fullarts_rank3"},{"time":1.4333,"name":"Event","string":"setHitBackEnemy(5,2)\t"},{"time":1.4666,"name":"Event","float":0.5,"string":"shakeGround_Loop"},{"time":1.4666,"name":"Sound_2","string":"cri_se_battle_030_explosion_02"},{"time":1.5,"name":"Event","string":"addOrbitSystemCamera_wind"},{"time":1.5,"name":"HIt","string":"resetHitList"},{"time":1.5,"name":"sound_1","string":"cri_se_battle_036_explosion_element_04"},{"time":1.5666,"name":"Event","float":100,"string":"setBreakRate"},{"time":1.5666,"name":"HIt","string":"setBreakRate\t"},{"time":1.6333,"name":"Event","float":100,"string":"setBreakRate"},{"time":1.6333,"name":"HIt","string":"resetHitList"},{"time":1.7,"name":"Event","float":100,"string":"setBreakRate"},{"time":1.7,"name":"HIt","string":"resetHitList"},{"time":1.7666,"name":"Event","float":100,"string":"setBreakRate"},{"time":1.7666,"name":"HIt","string":"resetHitList"},{"time":1.8333,"name":"Event","float":100,"string":"setBreakRate"},{"time":1.8333,"name":"HIt","string":"resetHitList"},{"time":1.9,"name":"Event","float":100,"string":"setBreakRate"},{"time":1.9,"name":"HIt","string":"resetHitList"},{"time":1.9666,"name":"Event","float":100,"string":"setBreakRate"},{"time":1.9666,"name":"HIt","string":"resetHitList"},{"time":2.0333,"name":"Event","float":100,"string":"setBreakRate"},{"time":2.0333,"name":"HIt","string":"resetHitList"},{"time":2.1,"name":"Event","float":100,"string":"setBreakRate"},{"time":2.1,"name":"HIt","string":"resetHitList"},{"time":2.1333,"name":"Event","float":100,"string":"setBreakRate"},{"time":2.1333,"name":"HIt","string":"setHitBackEnemy(90,90)\t"},{"time":2.1666,"name":"Event","string":"setHitBackEnemy(60,30)\t"},{"time":2.2,"name":"Event","float":100,"string":"setBreakRate"},{"time":2.2,"name":"HIt","string":"resetHitList"},{"time":2.2666,"name":"Event","float":100,"string":"setBreakRate"},{"time":2.2666,"name":"HIt","string":"resetHitList"},{"time":2.3,"name":"Event","float":100,"string":"setBreakRate"},{"time":2.3,"name":"HIt","string":"resetHitList"}]}}}