{"skeleton":{"hash":"zswYMetooz0mCOpEPbnCi/b3vEs","spine":"3.0.12","width":0,"height":0},"bones":[{"name":"root"},{"name":"attackEF","parent":"root","x":458.17,"y":-482.69},{"name":"MAIN","parent":"root","y":51.48},{"name":"SHADOW-OFFSET","parent":"MAIN","y":-51.48},{"name":"R_hand","parent":"MAIN","x":73.85,"y":5.48},{"name":"L_hand","parent":"MAIN","x":73.91,"y":-17.51},{"name":"HITBOX","parent":"MAIN","y":-51.48},{"name":"DAMAGEAREA","parent":"root"},{"name":"wave1","parent":"root","x":241.68,"y":-480.73},{"name":"wave2","parent":"root","x":287.91,"y":-480.73},{"name":"wave3","parent":"root","x":331.56,"y":-480.73},{"name":"weapon","parent":"MAIN","x":52,"y":3}],"slots":[{"name":"swoad","bone":"weapon","attachment":"swoad"},{"name":"wave","bone":"wave1","blend":"additive"},{"name":"wave2","bone":"wave2","blend":"additive"},{"name":"wave3","bone":"wave3","blend":"additive"},{"name":"MAIN","bone":"MAIN","attachment":"idle_00"},{"name":"L_hand","bone":"L_hand"},{"name":"R_hand","bone":"R_hand"},{"name":"EF/EF_slash_DOT/10000-combo_16_ef2_1B","bone":"attackEF","color":"0064ffff","blend":"additive"},{"name":"EF/EF_slash_DOT/10000-combo_16_ef2_1F","bone":"attackEF","color":"0064ffff","blend":"additive"},{"name":"DAMAGEAREA","bone":"DAMAGEAREA"},{"name":"HITBOX","bone":"HITBOX","attachment":"HITBOX"}],"skins":{"default":{"DAMAGEAREA":{"DAMAGEAREA":{"type":"boundingbox","vertices":[-64.5242,63.73457,-64.5242,-63.75536,64.18576,-63.75536,64.18576,62.51457]}},"EF/EF_slash_DOT/10000-combo_16_ef2_1B":{"EF/EF_slash_DOT/10000-combo_16_ef2_1B":{"x":12.07,"y":31.61,"width":412,"height":342}},"EF/EF_slash_DOT/10000-combo_16_ef2_1F":{"EF/EF_slash_DOT/10000-combo_16_ef2_1F":{"x":12.07,"y":31.61,"width":412,"height":342}},"HITBOX":{"HITBOX":{"type":"boundingbox","vertices":[-45.61418,108.26453,-45.61418,0.9046,39.78576,0.2946,39.78576,107.65454]}},"L_hand":{"L_hand_skill2_5":{"x":-21.72,"y":3.7,"width":350,"height":220}},"MAIN":{"attack1_00":{"x":12,"width":500,"height":500},"attack1_01":{"x":12,"width":500,"height":500},"attack1_02":{"x":12,"width":500,"height":500},"attack1_03":{"x":12,"width":500,"height":500},"attack1_04":{"x":12,"width":500,"height":500},"attack1_05":{"x":12,"width":500,"height":500},"attack1_06":{"x":12,"width":500,"height":500},"attack1_07":{"x":12,"width":500,"height":500},"attack1_08":{"x":12,"width":500,"height":500},"attack1_09":{"x":12,"width":500,"height":500},"attack1_10":{"x":12,"width":500,"height":500},"attack1_11":{"x":12,"width":500,"height":500},"attack1_12":{"x":27,"y":-12,"width":500,"height":500},"attack1_13":{"x":27,"y":-12,"width":500,"height":500},"attack1_14":{"x":27,"y":-12,"width":500,"height":500},"attack1_15":{"width":500,"height":500},"attack1_16":{"width":500,"height":500},"attack1_17":{"width":500,"height":500},"attack1_18":{"width":500,"height":500},"attack1_19":{"width":500,"height":500},"attack1_20":{"width":500,"height":500},"attack1_21":{"width":500,"height":500},"attack1_22":{"x":6,"width":500,"height":500},"attack1_23":{"x":6,"width":500,"height":500},"attack1_24":{"x":6,"width":500,"height":500},"back_00":{"x":-2,"y":-5,"width":501,"height":500},"damage_00":{"y":-5,"width":500,"height":500},"front_00":{"x":7,"y":3,"width":500,"height":500},"idle_00":{"x":-4.5,"y":-5,"width":500,"height":500},"idle_01":{"x":-4.5,"y":-5,"width":500,"height":500},"idle_02":{"x":-4.5,"y":-5,"width":500,"height":500},"idle_03":{"x":-4.5,"y":-5,"width":500,"height":500},"idle_04":{"x":-4.5,"y":-5,"width":500,"height":500},"skill1_00":{"x":1.5,"y":-5,"width":500,"height":500},"skill1_01":{"x":1.5,"y":-5,"width":500,"height":500},"skill1_02":{"x":1.5,"y":-5,"width":500,"height":500},"skill1_03":{"x":1.5,"y":-5,"width":500,"height":500},"skill1_04":{"x":1.5,"y":-5,"width":500,"height":500},"skill1_05":{"x":1.5,"y":-5,"width":500,"height":500},"skill1_06":{"x":-3,"y":-5,"width":500,"height":500},"skill1_07":{"x":-3,"y":-5,"width":500,"height":500},"skill1_08":{"x":-3,"y":-5,"width":500,"height":500},"skill1_09":{"x":8,"y":-5,"width":500,"height":500},"skill1_10":{"x":8,"y":-5,"width":500,"height":500},"skill1_11":{"x":8,"y":-5,"width":500,"height":500},"skill1_12":{"x":8,"y":-5,"width":500,"height":500},"skill2_00":{"x":-4.5,"y":-5,"width":500,"height":500},"skill2_01":{"x":-4.5,"y":-5,"width":500,"height":500},"skill2_02":{"x":-4.5,"y":-5,"width":500,"height":500},"skill2_03":{"x":-4.5,"y":-5,"width":500,"height":500},"skill2_04":{"x":-4.5,"y":-5,"width":500,"height":500},"skill2_05":{"x":-4.5,"y":-5,"width":500,"height":500},"skill2_06":{"x":-4.5,"y":-5,"width":500,"height":500},"skill2_07":{"x":-4.5,"y":-5,"width":500,"height":500},"skill2_08":{"x":-4.5,"y":-5,"width":500,"height":500},"skill2_09":{"x":-4.5,"y":-5,"width":500,"height":500},"skill2_10":{"x":-4.5,"y":-5,"width":500,"height":500},"skill2_11":{"x":-4.5,"y":-5,"width":500,"height":500},"skill2_12":{"x":-4.5,"y":-5,"width":500,"height":500},"skill2_13":{"x":-4.5,"y":-5,"width":500,"height":500},"skill2_14":{"x":-4.5,"y":-5,"width":500,"height":500},"skill2_15":{"x":-4.5,"y":-5.28,"width":500,"height":500}},"R_hand":{"R_hand_skill1_1":{"x":-22.37,"y":-0.71,"width":350,"height":220},"R_hand_skill1_3":{"x":47.93,"y":2.12,"width":350,"height":220},"R_hand_skill2_4":{"x":-14.62,"y":-64.78,"width":350,"height":220}},"swoad":{"swoad":{"x":-65.17,"y":1.72,"width":260,"height":220},"swoad_attack1_1":{"x":-27.26,"y":-10.62,"width":350,"height":220},"swoad_skill1_1":{"x":-28.96,"y":5.13,"width":350,"height":220},"swoad_skill2_6":{"x":27.69,"y":-45.98,"width":350,"height":220}},"wave":{"EF/5220_S1_wave1/5220_S1_wave1_00000":{"x":-1.34,"y":1.83,"width":250,"height":250},"EF/5220_S1_wave1/5220_S1_wave1_00001":{"x":-1.34,"y":1.83,"width":250,"height":250},"EF/5220_S1_wave1/5220_S1_wave1_00002":{"x":-1.34,"y":1.83,"width":250,"height":250},"EF/5220_S1_wave1/5220_S1_wave1_00003":{"x":-1.34,"y":1.83,"width":250,"height":250},"EF/5220_S1_wave1/5220_S1_wave1_00004":{"x":-1.34,"y":1.83,"width":250,"height":250},"EF/5220_S1_wave1/5220_S1_wave1_00005":{"x":-1.34,"y":1.83,"width":250,"height":250},"EF/5220_S1_wave1/5220_S1_wave1_00006":{"x":-1.34,"y":1.83,"width":250,"height":250},"EF/5220_S1_wave1/5220_S1_wave1_00007":{"x":-1.34,"y":1.83,"width":250,"height":250},"EF/5220_S1_wave1/5220_S1_wave1_00008":{"x":-1.34,"y":1.83,"width":250,"height":250},"EF/5220_S1_wave1/5220_S1_wave1_00009":{"x":-1.34,"y":1.83,"width":250,"height":250},"EF/5220_S1_wave1/5220_S1_wave1_00010":{"x":-1.34,"y":1.83,"width":250,"height":250}},"wave2":{"EF/5220_S1_wave1/5220_S1_wave1_00000":{"x":-1.34,"y":1.83,"width":250,"height":250},"EF/5220_S1_wave1/5220_S1_wave1_00001":{"x":-1.34,"y":1.83,"width":250,"height":250},"EF/5220_S1_wave1/5220_S1_wave1_00002":{"x":-1.34,"y":1.83,"width":250,"height":250},"EF/5220_S1_wave1/5220_S1_wave1_00003":{"x":-1.34,"y":1.83,"width":250,"height":250},"EF/5220_S1_wave1/5220_S1_wave1_00004":{"x":-1.34,"y":1.83,"width":250,"height":250},"EF/5220_S1_wave1/5220_S1_wave1_00005":{"x":-1.34,"y":1.83,"width":250,"height":250},"EF/5220_S1_wave1/5220_S1_wave1_00006":{"x":-1.34,"y":1.83,"width":250,"height":250},"EF/5220_S1_wave1/5220_S1_wave1_00007":{"x":-1.34,"y":1.83,"width":250,"height":250},"EF/5220_S1_wave1/5220_S1_wave1_00008":{"x":-1.34,"y":1.83,"width":250,"height":250},"EF/5220_S1_wave1/5220_S1_wave1_00009":{"x":-1.34,"y":1.83,"width":250,"height":250},"EF/5220_S1_wave1/5220_S1_wave1_00010":{"x":-1.34,"y":1.83,"width":250,"height":250}},"wave3":{"EF/5220_S1_wave1/5220_S1_wave1_00000":{"x":-1.34,"y":1.83,"width":250,"height":250},"EF/5220_S1_wave1/5220_S1_wave1_00001":{"x":-1.34,"y":1.83,"width":250,"height":250},"EF/5220_S1_wave1/5220_S1_wave1_00002":{"x":-1.34,"y":1.83,"width":250,"height":250},"EF/5220_S1_wave1/5220_S1_wave1_00003":{"x":-1.34,"y":1.83,"width":250,"height":250},"EF/5220_S1_wave1/5220_S1_wave1_00004":{"x":-1.34,"y":1.83,"width":250,"height":250},"EF/5220_S1_wave1/5220_S1_wave1_00005":{"x":-1.34,"y":1.83,"width":250,"height":250},"EF/5220_S1_wave1/5220_S1_wave1_00006":{"x":-1.34,"y":1.83,"width":250,"height":250},"EF/5220_S1_wave1/5220_S1_wave1_00007":{"x":-1.34,"y":1.83,"width":250,"height":250},"EF/5220_S1_wave1/5220_S1_wave1_00008":{"x":-1.34,"y":1.83,"width":250,"height":250},"EF/5220_S1_wave1/5220_S1_wave1_00009":{"x":-1.34,"y":1.83,"width":250,"height":250},"EF/5220_S1_wave1/5220_S1_wave1_00010":{"x":-1.34,"y":1.83,"width":250,"height":250}}}},"events":{"Event":{},"Hit":{},"Sound1":{},"Sound2":{},"Voice":{}},"animations":{"attack1":{"slots":{"DAMAGEAREA":{"attachment":[{"time":0.6666,"name":"DAMAGEAREA"},{"time":0.7333,"name":null},{"time":1.2333,"name":"DAMAGEAREA"},{"time":1.3333,"name":null},{"time":1.9666,"name":"DAMAGEAREA"},{"time":2.0333,"name":null}]},"EF/EF_slash_DOT/10000-combo_16_ef2_1B":{"attachment":[{"time":0.6666,"name":"EF/EF_slash_DOT/10000-combo_16_ef2_1B"},{"time":0.7,"name":null},{"time":1.2333,"name":"EF/EF_slash_DOT/10000-combo_16_ef2_1B"},{"time":1.2666,"name":null},{"time":1.9666,"name":"EF/EF_slash_DOT/10000-combo_16_ef2_1B"},{"time":2,"name":null}]},"EF/EF_slash_DOT/10000-combo_16_ef2_1F":{"attachment":[{"time":0.6666,"name":"EF/EF_slash_DOT/10000-combo_16_ef2_1F"},{"time":0.7,"name":null},{"time":1.2333,"name":"EF/EF_slash_DOT/10000-combo_16_ef2_1F"},{"time":1.2666,"name":null},{"time":1.9666,"name":"EF/EF_slash_DOT/10000-combo_16_ef2_1F"},{"time":2,"name":null}]},"MAIN":{"attachment":[{"time":0,"name":"attack1_00"},{"time":0.1333,"name":"attack1_01"},{"time":0.3666,"name":"attack1_02"},{"time":0.6666,"name":"attack1_03"},{"time":0.7,"name":"attack1_04"},{"time":0.8,"name":"attack1_05"},{"time":0.9666,"name":"attack1_06"},{"time":1.0666,"name":"attack1_07"},{"time":1.1333,"name":"attack1_08"},{"time":1.2333,"name":"attack1_09"},{"time":1.3,"name":"attack1_10"},{"time":1.4333,"name":"attack1_11"},{"time":1.5333,"name":"attack1_12"},{"time":1.6333,"name":"attack1_13"},{"time":1.7666,"name":"attack1_14"},{"time":1.9666,"name":"attack1_15"},{"time":2,"name":"attack1_16"},{"time":2.1,"name":"attack1_17"},{"time":2.2,"name":"attack1_18"},{"time":2.3,"name":"attack1_19"},{"time":2.3666,"name":"attack1_20"},{"time":2.4,"name":"attack1_21"},{"time":2.4666,"name":"attack1_22"},{"time":2.5333,"name":"attack1_23"},{"time":2.6,"name":"attack1_24"},{"time":2.7,"name":"idle_03"},{"time":2.8666,"name":"idle_04"},{"time":3.0333,"name":"idle_00"},{"time":3.1666,"name":"idle_00"}]},"swoad":{"attachment":[{"time":0,"name":"swoad_attack1_1"},{"time":0.9666,"name":null},{"time":1.5333,"name":"swoad_skill2_6"},{"time":1.9666,"name":"swoad_attack1_1"},{"time":2.3666,"name":"swoad"}]}},"bones":{"MAIN":{"translate":[{"time":0.3666,"x":0,"y":0,"curve":"stepped"},{"time":0.6666,"x":-20,"y":0,"curve":[0.151,0.78,0.75,1]},{"time":0.9,"x":-50,"y":0,"curve":"stepped"},{"time":1.2333,"x":-50,"y":0,"curve":[0.213,0.4,0.75,1]},{"time":1.4,"x":-60,"y":0,"curve":"stepped"},{"time":1.5333,"x":-80,"y":42,"curve":[0.225,0.5,0.75,1]},{"time":1.8666,"x":-101.15,"y":65.65,"curve":"stepped"},{"time":1.9666,"x":-130,"y":0},{"time":2,"x":-130,"y":-11.01},{"time":2.0666,"x":-130,"y":0,"curve":"stepped"},{"time":2.4666,"x":-130,"y":0,"curve":[0.22,0.33,0.595,0.69]},{"time":2.5666,"x":-50.42,"y":24.64,"curve":[0.362,0.57,0.761,1]},{"time":2.7,"x":0,"y":0}]},"weapon":{"rotate":[{"time":0,"angle":0,"curve":"stepped"},{"time":0.1333,"angle":-4.85,"curve":"stepped"},{"time":0.3666,"angle":-7.77,"curve":"stepped"},{"time":0.6666,"angle":-11.27,"curve":"stepped"},{"time":0.7,"angle":-16.14,"curve":"stepped"},{"time":0.8,"angle":-21.87,"curve":"stepped"},{"time":1.5333,"angle":-134.19,"curve":"stepped"},{"time":1.6333,"angle":-127.9,"curve":"stepped"},{"time":1.7666,"angle":-120.34,"curve":"stepped"},{"time":1.9666,"angle":17.22,"curve":"stepped"},{"time":2,"angle":18.04,"curve":"stepped"},{"time":2.1,"angle":18.98,"curve":"stepped"},{"time":2.3666,"angle":8.28,"curve":"stepped"},{"time":2.5333,"angle":6.49,"curve":"stepped"},{"time":2.6,"angle":6.72}],"translate":[{"time":0,"x":-40.67,"y":6.98,"curve":"stepped"},{"time":0.1333,"x":-40.84,"y":4.19,"curve":"stepped"},{"time":0.3666,"x":-41.6,"y":1.84,"curve":"stepped"},{"time":0.6666,"x":-103.16,"y":5.89,"curve":"stepped"},{"time":0.7,"x":-102.74,"y":7.95,"curve":"stepped"},{"time":0.8,"x":-101.51,"y":10.21,"curve":"stepped"},{"time":1.5333,"x":-37.25,"y":55.09,"curve":"stepped"},{"time":1.6333,"x":-43.3,"y":54.44,"curve":"stepped"},{"time":1.7666,"x":-48.75,"y":54.39,"curve":"stepped"},{"time":1.9666,"x":-64.18,"y":-34.78,"curve":"stepped"},{"time":2,"x":-62.99,"y":-34.78,"curve":"stepped"},{"time":2.1,"x":-61.52,"y":-33.64,"curve":"stepped"},{"time":2.3666,"x":-53.39,"y":-27.06,"curve":"stepped"},{"time":2.4,"x":-44.62,"y":-23,"curve":"stepped"},{"time":2.4666,"x":-23.96,"y":-12.04,"curve":"stepped"},{"time":2.5333,"x":-13.19,"y":-3.19,"curve":"stepped"},{"time":2.6,"x":-3.7,"y":4.45,"curve":"stepped"},{"time":2.7,"x":0,"y":-0.79,"curve":"stepped"},{"time":2.8666,"x":0,"y":0.44,"curve":"stepped"},{"time":3.0333,"x":0,"y":0}],"scale":[{"time":1.5333,"x":1,"y":-1,"curve":"stepped"},{"time":1.9666,"x":1,"y":-1,"curve":"stepped"},{"time":2.3666,"x":1,"y":1}]},"attackEF":{"rotate":[{"time":0.6666,"angle":85.85,"curve":"stepped"},{"time":1.2333,"angle":-102.59,"curve":"stepped"},{"time":1.9666,"angle":-123.07}],"translate":[{"time":0.6666,"x":-481.02,"y":527.01,"curve":"stepped"},{"time":1.2333,"x":-478.11,"y":542.53,"curve":"stepped"},{"time":1.9666,"x":-612.22,"y":491.38}],"scale":[{"time":0.6666,"x":0.6,"y":3.151,"curve":"stepped"},{"time":1.2333,"x":1.398,"y":-2.309,"curve":"stepped"},{"time":1.9666,"x":1.63,"y":-1.468}]},"DAMAGEAREA":{"translate":[{"time":0.6666,"x":-155.62,"y":44.17,"curve":"stepped"},{"time":1.2333,"x":-137.54,"y":44.17,"curve":"stepped"},{"time":1.9666,"x":-206.82,"y":44.17}],"scale":[{"time":0.6666,"x":3.205,"y":1,"curve":"stepped"},{"time":1.2333,"x":2.02,"y":1}]}},"drawOrder":[{"time":1.9666,"offsets":[{"slot":"EF/EF_slash_DOT/10000-combo_16_ef2_1F","offset":-6}]}],"events":[{"time":0,"name":"Event","float":0.1,"string":"kHitStopType_normal"},{"time":0.6333,"name":"Sound1","string":"cri_se_battle_sword_swish_heavy"},{"time":0.6666,"name":"Sound1","string":"setHitSound(se_battle_019_sword_hit_03)"},{"time":0.6666,"name":"Voice","string":"cri_114_voice_attack_random"},{"time":1.2,"name":"Hit","string":"resetHitList"},{"time":1.2,"name":"Sound1","string":"cri_se_battle_sword_swish_heavy"},{"time":1.2333,"name":"Sound1","string":"setHitSound(se_battle_019_sword_hit_03)"},{"time":1.2333,"name":"Voice","string":"cri_114_voice_attack_random"},{"time":1.5333,"name":"Sound1","string":"cri_se_battle_jump"},{"time":1.9333,"name":"Hit","string":"resetHitList"},{"time":1.9333,"name":"Sound1","string":"cri_se_battle_sword_swish_heavy"},{"time":1.9666,"name":"Sound1","string":"setHitSound(se_battle_019_sword_hit_03)"},{"time":1.9666,"name":"Voice","string":"cri_114_voice_attack_c"},{"time":2.4666,"name":"Sound1","string":"cri_se_battle_jump"},{"time":2.7,"name":"Sound1","string":"cri_se_battle_landing"}]},"attack2":{"slots":{"EF/EF_slash_DOT/10000-combo_16_ef2_1B":{"attachment":[{"time":0.6666,"name":"EF/EF_slash_DOT/10000-combo_16_ef2_1B"},{"time":0.7,"name":null},{"time":1.2333,"name":"EF/EF_slash_DOT/10000-combo_16_ef2_1B"},{"time":1.2666,"name":null},{"time":1.9666,"name":"EF/EF_slash_DOT/10000-combo_16_ef2_1B"},{"time":2,"name":null}]},"EF/EF_slash_DOT/10000-combo_16_ef2_1F":{"attachment":[{"time":0.6666,"name":"EF/EF_slash_DOT/10000-combo_16_ef2_1F"},{"time":0.7,"name":null},{"time":1.2333,"name":"EF/EF_slash_DOT/10000-combo_16_ef2_1F"},{"time":1.2666,"name":null},{"time":1.9666,"name":"EF/EF_slash_DOT/10000-combo_16_ef2_1F"},{"time":2,"name":null}]},"MAIN":{"attachment":[{"time":0,"name":"attack1_00"},{"time":0.1333,"name":"attack1_01"},{"time":0.3666,"name":"attack1_02"},{"time":0.6666,"name":"attack1_03"},{"time":0.7,"name":"attack1_04"},{"time":0.8,"name":"attack1_05"},{"time":0.9666,"name":"attack1_06"},{"time":1.0666,"name":"attack1_07"},{"time":1.1333,"name":"attack1_08"},{"time":1.2333,"name":"attack1_09"},{"time":1.3,"name":"attack1_10"},{"time":1.4333,"name":"attack1_11"},{"time":1.5333,"name":"attack1_12"},{"time":1.6333,"name":"attack1_13"},{"time":1.7666,"name":"attack1_14"},{"time":1.9666,"name":"attack1_15"},{"time":2,"name":"attack1_16"},{"time":2.1,"name":"attack1_17"},{"time":2.2,"name":"attack1_18"},{"time":2.3,"name":"attack1_19"},{"time":2.3666,"name":"attack1_20"},{"time":2.4,"name":"attack1_21"},{"time":2.4666,"name":"attack1_22"},{"time":2.5333,"name":"attack1_23"},{"time":2.6,"name":"attack1_24"},{"time":2.7,"name":"idle_03"},{"time":2.8666,"name":"idle_04"},{"time":3.0333,"name":"idle_00"},{"time":3.1666,"name":"idle_00"}]},"swoad":{"attachment":[{"time":0,"name":"swoad_attack1_1"},{"time":0.9666,"name":null},{"time":1.5333,"name":"swoad_skill2_6"},{"time":1.9666,"name":"swoad_attack1_1"},{"time":2.3666,"name":"swoad"}]}},"bones":{"MAIN":{"translate":[{"time":0.3666,"x":0,"y":0,"curve":"stepped"},{"time":0.6666,"x":-20,"y":0,"curve":[0.151,0.78,0.75,1]},{"time":0.9,"x":-50,"y":0,"curve":"stepped"},{"time":1.2333,"x":-50,"y":0,"curve":[0.213,0.4,0.75,1]},{"time":1.4,"x":-60,"y":0,"curve":"stepped"},{"time":1.5333,"x":-80,"y":42,"curve":[0.225,0.5,0.75,1]},{"time":1.8666,"x":-101.15,"y":65.65,"curve":"stepped"},{"time":1.9666,"x":-130,"y":0},{"time":2,"x":-130,"y":-11.01},{"time":2.0666,"x":-130,"y":0,"curve":"stepped"},{"time":2.4666,"x":-130,"y":0,"curve":[0.22,0.33,0.595,0.69]},{"time":2.5666,"x":-50.42,"y":24.64,"curve":[0.362,0.57,0.761,1]},{"time":2.7,"x":0,"y":0}]},"weapon":{"rotate":[{"time":0,"angle":0,"curve":"stepped"},{"time":0.1333,"angle":-4.85,"curve":"stepped"},{"time":0.3666,"angle":-7.77,"curve":"stepped"},{"time":0.6666,"angle":-11.27,"curve":"stepped"},{"time":0.7,"angle":-16.14,"curve":"stepped"},{"time":0.8,"angle":-21.87,"curve":"stepped"},{"time":1.5333,"angle":-134.19,"curve":"stepped"},{"time":1.6333,"angle":-127.9,"curve":"stepped"},{"time":1.7666,"angle":-120.34,"curve":"stepped"},{"time":1.9666,"angle":17.22,"curve":"stepped"},{"time":2,"angle":18.04,"curve":"stepped"},{"time":2.1,"angle":18.98,"curve":"stepped"},{"time":2.3666,"angle":8.28,"curve":"stepped"},{"time":2.5333,"angle":6.49,"curve":"stepped"},{"time":2.6,"angle":6.72}],"translate":[{"time":0,"x":-40.67,"y":6.98,"curve":"stepped"},{"time":0.1333,"x":-40.84,"y":4.19,"curve":"stepped"},{"time":0.3666,"x":-41.6,"y":1.84,"curve":"stepped"},{"time":0.6666,"x":-103.16,"y":5.89,"curve":"stepped"},{"time":0.7,"x":-102.74,"y":7.95,"curve":"stepped"},{"time":0.8,"x":-101.51,"y":10.21,"curve":"stepped"},{"time":1.5333,"x":-37.25,"y":55.09,"curve":"stepped"},{"time":1.6333,"x":-43.3,"y":54.44,"curve":"stepped"},{"time":1.7666,"x":-48.75,"y":54.39,"curve":"stepped"},{"time":1.9666,"x":-64.18,"y":-34.78,"curve":"stepped"},{"time":2,"x":-62.99,"y":-34.78,"curve":"stepped"},{"time":2.1,"x":-61.52,"y":-33.64,"curve":"stepped"},{"time":2.3666,"x":-53.39,"y":-27.06,"curve":"stepped"},{"time":2.4,"x":-44.62,"y":-23,"curve":"stepped"},{"time":2.4666,"x":-23.96,"y":-12.04,"curve":"stepped"},{"time":2.5333,"x":-13.19,"y":-3.19,"curve":"stepped"},{"time":2.6,"x":-3.7,"y":4.45,"curve":"stepped"},{"time":2.7,"x":0,"y":-0.79,"curve":"stepped"},{"time":2.8666,"x":0,"y":0.44,"curve":"stepped"},{"time":3.0333,"x":0,"y":0}],"scale":[{"time":1.5333,"x":1,"y":-1,"curve":"stepped"},{"time":1.9666,"x":1,"y":-1,"curve":"stepped"},{"time":2.3666,"x":1,"y":1}]},"attackEF":{"rotate":[{"time":0.6666,"angle":90.56,"curve":"stepped"},{"time":1.9666,"angle":248.35,"curve":"stepped"},{"time":2.7,"angle":248.35}],"translate":[{"time":0.6666,"x":-471.37,"y":523.79},{"time":1.9666,"x":-607.27,"y":555.27,"curve":"stepped"},{"time":2.7,"x":-607.27,"y":555.27}],"scale":[{"time":0.6666,"x":0.6,"y":3.151},{"time":1.9666,"x":1.63,"y":-1.468,"curve":"stepped"},{"time":2.7,"x":1.63,"y":-1.468}]},"attackEF":{"rotate":[{"time":0.6666,"angle":90.56,"curve":"stepped"},{"time":1.2333,"angle":-98.24,"curve":"stepped"},{"time":1.9666,"angle":-111.64}],"translate":[{"time":0.6666,"x":-471.37,"y":523.79,"curve":"stepped"},{"time":1.2333,"x":-475.14,"y":569.72,"curve":"stepped"},{"time":1.9666,"x":-607.27,"y":555.27}],"scale":[{"time":0.6666,"x":0.6,"y":3.151,"curve":"stepped"},{"time":1.2333,"x":1.398,"y":-2.309,"curve":"stepped"},{"time":1.9666,"x":1.63,"y":-1.468}]}},"drawOrder":[{"time":1.9666,"offsets":[{"slot":"EF/EF_slash_DOT/10000-combo_16_ef2_1F","offset":-6}]}],"events":[{"time":0.6333,"name":"Sound1","string":"cri_se_battle_sword_swish_heavy"},{"time":0.6666,"name":"Sound1","string":"setHitSound(se_battle_019_sword_hit_03)"},{"time":0.6666,"name":"Voice","string":"cri_114_voice_attack_random"},{"time":1.2,"name":"Sound1","string":"cri_se_battle_sword_swish_heavy"},{"time":1.2333,"name":"Sound1","string":"setHitSound(se_battle_019_sword_hit_03)"},{"time":1.2333,"name":"Voice","string":"cri_114_voice_attack_random"},{"time":1.5333,"name":"Sound1","string":"cri_se_battle_jump"},{"time":1.9333,"name":"Sound1","string":"cri_se_battle_sword_swish_heavy"},{"time":1.9666,"name":"Sound1","string":"setHitSound(se_battle_019_sword_hit_03)"},{"time":1.9666,"name":"Voice","string":"cri_114_voice_attack_c"},{"time":2.4666,"name":"Sound1","string":"cri_se_battle_jump"},{"time":2.7,"name":"Sound1","string":"cri_se_battle_landing"}]},"back":{"slots":{"MAIN":{"attachment":[{"time":0,"name":"back_00"},{"time":0.2666,"name":"idle_03"},{"time":0.4666,"name":"idle_04"},{"time":0.6333,"name":"idle_00"}]}},"bones":{"MAIN":{"translate":[{"time":0,"x":0,"y":0,"curve":[0.21,0.37,0.564,0.71]},{"time":0.1,"x":77.22,"y":19.67,"curve":[0.301,0.37,0.641,0.71]},{"time":0.1666,"x":104.14,"y":14.56,"curve":[0.322,0.53,0.679,0.88]},{"time":0.3,"x":130,"y":0,"curve":[0.149,0.35,0.75,1]},{"time":0.4666,"x":140,"y":0}]},"weapon":{"rotate":[{"time":0,"angle":-4.58}],"translate":[{"time":0,"x":-3.5,"y":-10.21,"curve":"stepped"},{"time":0.2666,"x":0,"y":-0.79,"curve":"stepped"},{"time":0.4666,"x":0,"y":0.44,"curve":"stepped"},{"time":0.6333,"x":0,"y":0}]}},"events":[{"time":0,"name":"Sound1","string":"cri_se_battle_jump"},{"time":0.2666,"name":"Sound1","string":"cri_se_battle_landing"}]},"cast":{"slots":{"L_hand":{"attachment":[{"time":0.3333,"name":"L_hand_skill2_5"},{"time":0.5,"name":null}]},"MAIN":{"attachment":[{"time":0,"name":"idle_00"},{"time":0.1666,"name":"idle_01"},{"time":0.3333,"name":"skill1_00"},{"time":0.3666,"name":"skill1_01"},{"time":0.4333,"name":"skill1_02"},{"time":0.5,"name":"skill1_03"},{"time":0.5666,"name":"skill1_04"},{"time":0.6666,"name":"skill1_05"}]},"R_hand":{"attachment":[{"time":0.4333,"name":"R_hand_skill1_1"}]},"swoad":{"attachment":[{"time":0,"name":"swoad"},{"time":0.3333,"name":"swoad"},{"time":0.4333,"name":"swoad_attack1_1"},{"time":0.5,"name":"swoad_skill2_6"}]}},"bones":{"L_hand":{"rotate":[{"time":0.3333,"angle":-24.95,"curve":"stepped"},{"time":0.3666,"angle":-76.37,"curve":"stepped"},{"time":0.4333,"angle":5.8}],"translate":[{"time":0.3333,"x":-40.26,"y":26.06,"curve":"stepped"},{"time":0.3666,"x":-42.57,"y":28.49,"curve":"stepped"},{"time":0.4333,"x":-47.2,"y":20.72,"curve":"stepped"},{"time":0.5,"x":-47.39,"y":20.72}]},"R_hand":{"rotate":[{"time":0.3333,"angle":0,"curve":"stepped"},{"time":0.4333,"angle":10.93,"curve":"stepped"},{"time":0.5,"angle":1.28}],"translate":[{"time":0.3333,"x":0,"y":0,"curve":"stepped"},{"time":0.4333,"x":-75.79,"y":-9,"curve":"stepped"},{"time":0.5,"x":-67.43,"y":-4.27,"curve":"stepped"},{"time":0.5666,"x":-65.31,"y":-5.9,"curve":"stepped"},{"time":0.6666,"x":-62.56,"y":-8.65}],"scale":[{"time":0.3333,"x":1,"y":1}]},"weapon":{"rotate":[{"time":0.3333,"angle":168.12,"curve":"stepped"},{"time":0.3666,"angle":114.76,"curve":"stepped"},{"time":0.4333,"angle":17.04,"curve":"stepped"},{"time":0.5,"angle":-178.83}],"translate":[{"time":0,"x":0,"y":0,"curve":"stepped"},{"time":0.1666,"x":0,"y":-1.11,"curve":"stepped"},{"time":0.3333,"x":-16.17,"y":-2.72,"curve":"stepped"},{"time":0.3666,"x":-24.19,"y":-3.67,"curve":"stepped"},{"time":0.4333,"x":-44.18,"y":-9.67,"curve":"stepped"},{"time":0.5,"x":-41.16,"y":-6.12,"curve":"stepped"},{"time":0.5666,"x":-39.04,"y":-7.75,"curve":"stepped"},{"time":0.6666,"x":-36.29,"y":-10.5}],"scale":[{"time":0.3333,"x":1,"y":-1,"curve":"stepped"},{"time":0.4333,"x":1,"y":1,"curve":"stepped"},{"time":0.5,"x":1,"y":-1}]},"MAIN":{"translate":[{"time":0,"x":0,"y":0,"curve":"stepped"},{"time":0.3333,"x":0,"y":0,"curve":"stepped"},{"time":1,"x":0,"y":0}]}},"drawOrder":[{"time":0.3333,"offsets":[{"slot":"swoad","offset":4}]}],"events":[{"time":0.3333,"name":"Voice","string":"cri_114_voice_item"}]},"damage":{"slots":{"MAIN":{"attachment":[{"time":0,"name":"damage_00"}]}},"bones":{"weapon":{"rotate":[{"time":0,"angle":10.87}],"translate":[{"time":0,"x":2.25,"y":16.23}]}}},"front":{"slots":{"MAIN":{"attachment":[{"time":0,"name":"front_00"}]}},"bones":{"weapon":{"rotate":[{"time":0,"angle":8.05}],"translate":[{"time":0,"x":-4.24,"y":10.44}]}}},"idle":{"slots":{"MAIN":{"attachment":[{"time":0,"name":"idle_00"},{"time":0.1666,"name":"idle_01"},{"time":0.3333,"name":"idle_02"},{"time":0.5,"name":"idle_03"},{"time":0.6666,"name":"idle_04"},{"time":0.8333,"name":"idle_00"}]}},"bones":{"weapon":{"translate":[{"time":0,"x":0,"y":0,"curve":"stepped"},{"time":0.1666,"x":0,"y":-1.11,"curve":"stepped"},{"time":0.3333,"x":0,"y":-2.22,"curve":"stepped"},{"time":0.5,"x":0,"y":-0.79,"curve":"stepped"},{"time":0.6666,"x":0,"y":0.44,"curve":"stepped"},{"time":0.8333,"x":0,"y":0}]}}},"in":{"slots":{"MAIN":{"attachment":[{"time":0,"name":"front_00"},{"time":0.2666,"name":"idle_00"},{"time":0.4333,"name":"idle_01"},{"time":0.6,"name":"idle_02"},{"time":0.7666,"name":"idle_03"},{"time":0.9333,"name":"idle_04"},{"time":1.1,"name":"idle_00"}],"color":[{"time":0,"color":"ffffff00"},{"time":0.2666,"color":"ffffffff"}]},"swoad":{"color":[{"time":0,"color":"ffffff00"},{"time":0.2666,"color":"ffffffff"}]}},"bones":{"MAIN":{"translate":[{"time":0,"x":140.44,"y":0},{"time":0.2666,"x":10,"y":0,"curve":[0,0.74,0.75,1]},{"time":0.6666,"x":0,"y":0}]},"weapon":{"rotate":[{"time":0,"angle":8.05,"curve":"stepped"},{"time":0.2666,"angle":0}],"translate":[{"time":0,"x":-4.24,"y":10.44,"curve":"stepped"},{"time":0.2666,"x":0,"y":0,"curve":"stepped"},{"time":0.4333,"x":0,"y":-1.11,"curve":"stepped"},{"time":0.6,"x":0,"y":-2.22,"curve":"stepped"},{"time":0.7666,"x":0,"y":-0.79,"curve":"stepped"},{"time":0.9333,"x":0,"y":0.44,"curve":"stepped"},{"time":1.1,"x":0,"y":0}]}}},"skill1":{"slots":{"DAMAGEAREA":{"attachment":[{"time":0.8666,"name":"DAMAGEAREA"},{"time":0.9333,"name":null}]},"L_hand":{"attachment":[{"time":0,"name":"L_hand_skill2_5"},{"time":0.2,"name":null}]},"MAIN":{"attachment":[{"time":0,"name":"skill1_00"},{"time":0.0333,"name":"skill1_01"},{"time":0.1,"name":"skill1_02"},{"time":0.2,"name":"skill1_03"},{"time":0.3,"name":"skill1_04"},{"time":0.4333,"name":"skill1_05"},{"time":0.7333,"name":"skill1_06"},{"time":0.7666,"name":"skill1_07"},{"time":0.8,"name":"skill1_08"},{"time":0.8333,"name":"skill1_09"},{"time":0.8666,"name":"skill1_10"},{"time":0.9,"name":"skill1_11"},{"time":0.9333,"name":"skill1_12"},{"time":1,"name":"skill1_11"},{"time":1.1,"name":"skill1_10"},{"time":1.2666,"name":"skill1_09"},{"time":1.4333,"name":"skill1_09"}]},"R_hand":{"attachment":[{"time":0.1,"name":"R_hand_skill1_1"}]},"swoad":{"attachment":[{"time":0,"name":"swoad"},{"time":0.1,"name":"swoad_attack1_1"},{"time":0.2,"name":"swoad_skill2_6"}]},"wave":{"attachment":[{"time":0.7666,"name":"EF/5220_S1_wave1/5220_S1_wave1_00003"},{"time":0.8,"name":"EF/5220_S1_wave1/5220_S1_wave1_00004"},{"time":0.8333,"name":"EF/5220_S1_wave1/5220_S1_wave1_00005"},{"time":0.8666,"name":"EF/5220_S1_wave1/5220_S1_wave1_00006"},{"time":0.9,"name":null}]},"wave2":{"attachment":[{"time":0.8,"name":"EF/5220_S1_wave1/5220_S1_wave1_00003"},{"time":0.8333,"name":"EF/5220_S1_wave1/5220_S1_wave1_00004"},{"time":0.8666,"name":"EF/5220_S1_wave1/5220_S1_wave1_00005"},{"time":0.9,"name":"EF/5220_S1_wave1/5220_S1_wave1_00006"},{"time":0.9333,"name":null}]},"wave3":{"attachment":[{"time":0.8333,"name":"EF/5220_S1_wave1/5220_S1_wave1_00002"},{"time":0.8666,"name":"EF/5220_S1_wave1/5220_S1_wave1_00003"},{"time":0.9,"name":"EF/5220_S1_wave1/5220_S1_wave1_00004"},{"time":0.9333,"name":"EF/5220_S1_wave1/5220_S1_wave1_00005"},{"time":0.9666,"name":"EF/5220_S1_wave1/5220_S1_wave1_00006"},{"time":1,"name":"EF/5220_S1_wave1/5220_S1_wave1_00007"},{"time":1.0333,"name":"EF/5220_S1_wave1/5220_S1_wave1_00008"},{"time":1.0666,"name":"EF/5220_S1_wave1/5220_S1_wave1_00009"},{"time":1.1,"name":"EF/5220_S1_wave1/5220_S1_wave1_00010"}],"color":[{"time":1.1,"color":"ffffffff"},{"time":1.1666,"color":"ffffff00"}]}},"bones":{"MAIN":{"translate":[{"time":0,"x":0,"y":0,"curve":"stepped"},{"time":0.7333,"x":-21.47,"y":0,"curve":[0.137,0.56,0.527,0.96]},{"time":0.8,"x":-180,"y":-0.39},{"time":1,"x":-190,"y":-0.39}]},"L_hand":{"rotate":[{"time":0,"angle":-24.95,"curve":"stepped"},{"time":0.0333,"angle":-76.37,"curve":"stepped"},{"time":0.1,"angle":5.8}],"translate":[{"time":0,"x":-40.26,"y":26.06,"curve":"stepped"},{"time":0.0333,"x":-42.57,"y":28.49,"curve":"stepped"},{"time":0.1,"x":-47.2,"y":20.72,"curve":"stepped"},{"time":0.2,"x":-47.39,"y":20.72}]},"weapon":{"rotate":[{"time":0,"angle":168.12,"curve":"stepped"},{"time":0.0333,"angle":114.76,"curve":"stepped"},{"time":0.1,"angle":17.04,"curve":"stepped"},{"time":0.2,"angle":-178.83,"curve":"stepped"},{"time":0.8333,"angle":-179.62}],"translate":[{"time":0,"x":-16.17,"y":-2.72,"curve":"stepped"},{"time":0.0333,"x":-24.19,"y":-3.67,"curve":"stepped"},{"time":0.1,"x":-44.18,"y":-9.67,"curve":"stepped"},{"time":0.2,"x":-41.16,"y":-6.12,"curve":"stepped"},{"time":0.3,"x":-39.04,"y":-7.75,"curve":"stepped"},{"time":0.4333,"x":-36.29,"y":-10.5,"curve":"stepped"},{"time":0.7333,"x":-28.39,"y":-4.72,"curve":"stepped"},{"time":0.8333,"x":-113.63,"y":-10.12,"curve":"stepped"},{"time":0.8666,"x":-114.57,"y":-10.12,"curve":"stepped"},{"time":0.9,"x":-115.7,"y":-10.12,"curve":"stepped"},{"time":1.1,"x":-114.57,"y":-10.12,"curve":"stepped"},{"time":1.2666,"x":-113.63,"y":-10.12}],"scale":[{"time":0,"x":1,"y":-1,"curve":"stepped"},{"time":0.1,"x":1,"y":1,"curve":"stepped"},{"time":0.2,"x":1,"y":-1}]},"R_hand":{"rotate":[{"time":0,"angle":0,"curve":"stepped"},{"time":0.1,"angle":10.93,"curve":"stepped"},{"time":0.2,"angle":1.28,"curve":"stepped"},{"time":0.8333,"angle":-179.98}],"translate":[{"time":0,"x":0,"y":0,"curve":"stepped"},{"time":0.1,"x":-75.79,"y":-9,"curve":"stepped"},{"time":0.2,"x":-67.43,"y":-4.27,"curve":"stepped"},{"time":0.3,"x":-65.31,"y":-5.9,"curve":"stepped"},{"time":0.4333,"x":-62.56,"y":-8.65,"curve":"stepped"},{"time":0.7333,"x":-54.66,"y":-2.87,"curve":"stepped"},{"time":0.8333,"x":-136.29,"y":-7.48,"curve":"stepped"},{"time":0.8666,"x":-137.23,"y":-7.48,"curve":"stepped"},{"time":0.9,"x":-138.35,"y":-7.48,"curve":"stepped"},{"time":1.1,"x":-137.23,"y":-7.48,"curve":"stepped"},{"time":1.2666,"x":-136.29,"y":-7.48}],"scale":[{"time":0,"x":1,"y":1,"curve":"stepped"},{"time":0.8333,"x":1,"y":-1}]},"wave1":{"translate":[{"time":0.7666,"x":-203.54,"y":482.12}],"scale":[{"time":0.7666,"x":1.497,"y":1.497}]},"wave2":{"translate":[{"time":0.8,"x":-352.26,"y":479.73}]},"wave3":{"translate":[{"time":0.8333,"x":-503.1,"y":475.13}],"scale":[{"time":0.8333,"x":2.003,"y":2.003,"curve":"stepped"},{"time":1.1,"x":2.003,"y":2.003},{"time":1.1666,"x":2.197,"y":2.197}]},"DAMAGEAREA":{"translate":[{"time":0.8666,"x":-255.01,"y":43.17}],"scale":[{"time":0.8666,"x":4.423,"y":1}]}},"drawOrder":[{"time":0,"offsets":[{"slot":"swoad","offset":4}]}],"events":[{"time":0,"name":"Event","float":0.2,"string":"kHitStopType_normal"},{"time":0.0333,"name":"Event","string":"kImpactType_knock"},{"time":0.6666,"name":"Voice","string":"cri_114_voice_skill_all"},{"time":0.7333,"name":"Sound1","string":"cri_se_battle_skill_shot"},{"time":0.8333,"name":"Sound1","string":"setHitSound(se_battle_thrustviolently)"},{"time":0.8666,"name":"Event","string":"shakeGround"},{"time":0.8666,"name":"Sound1","string":"cri_se_battle_explosion_water_02"}]},"skill2":{"slots":{"DAMAGEAREA":{"attachment":[{"time":1.4,"name":"DAMAGEAREA"},{"time":1.4666,"name":null},{"time":1.8666,"name":"DAMAGEAREA"},{"time":1.9333,"name":null},{"time":2.4,"name":"DAMAGEAREA"},{"time":2.4666,"name":null},{"time":2.8333,"name":"DAMAGEAREA"},{"time":2.9,"name":null},{"time":3.3333,"name":"DAMAGEAREA"},{"time":3.4,"name":null},{"time":4.4,"name":"DAMAGEAREA"},{"time":4.4666,"name":null}]},"L_hand":{"attachment":[{"time":0.8,"name":"L_hand_skill2_5"},{"time":1.1,"name":"L_hand_skill2_5"},{"time":1.1666,"name":null},{"time":1.6666,"name":"L_hand_skill2_5"},{"time":1.8666,"name":null},{"time":2.6333,"name":"L_hand_skill2_5"},{"time":2.8333,"name":null},{"time":3.6666,"name":"L_hand_skill2_5"},{"time":3.8,"name":null}]},"MAIN":{"attachment":[{"time":0,"name":"idle_00"},{"time":0.0333,"name":"skill2_00"},{"time":0.1333,"name":"skill2_01"},{"time":0.3,"name":"skill2_02"},{"time":0.5,"name":"skill2_03"},{"time":0.5666,"name":"skill2_04"},{"time":0.8,"name":"skill2_05"},{"time":0.9,"name":"skill2_06"},{"time":1,"name":"skill2_07"},{"time":1.1,"name":"skill2_08"},{"time":1.1666,"name":"attack1_07"},{"time":1.2666,"name":"attack1_08"},{"time":1.4,"name":"attack1_09"},{"time":1.4333,"name":"attack1_10"},{"time":1.5,"name":"attack1_11"},{"time":1.6666,"name":"skill2_08"},{"time":1.7,"name":"skill2_09"},{"time":1.7666,"name":"skill2_10"},{"time":1.8666,"name":"skill2_11"},{"time":1.9333,"name":"skill2_12"},{"time":2,"name":"skill2_13"},{"time":2.1666,"name":"attack1_06"},{"time":2.2333,"name":"attack1_07"},{"time":2.3,"name":"attack1_08"},{"time":2.3666,"name":"attack1_09"},{"time":2.4,"name":"attack1_10"},{"time":2.4666,"name":"attack1_11"},{"time":2.6333,"name":"skill2_08"},{"time":2.6666,"name":"skill2_09"},{"time":2.7333,"name":"skill2_10"},{"time":2.8333,"name":"skill2_11"},{"time":2.9,"name":"skill2_12"},{"time":2.9666,"name":"skill2_13"},{"time":3.1333,"name":"attack1_06"},{"time":3.2,"name":"attack1_07"},{"time":3.2666,"name":"attack1_08"},{"time":3.3333,"name":"attack1_09"},{"time":3.3666,"name":"attack1_10"},{"time":3.4333,"name":"attack1_11"},{"time":3.5666,"name":"skill2_14"},{"time":3.6333,"name":"skill2_15"},{"time":3.6666,"name":"skill1_00"},{"time":3.7,"name":"skill1_01"},{"time":3.7333,"name":"skill1_02"},{"time":3.8,"name":"skill1_03"},{"time":3.9,"name":"skill1_04"},{"time":4,"name":"skill1_05"},{"time":4.2666,"name":"skill1_06"},{"time":4.3,"name":"skill1_07"},{"time":4.3333,"name":"skill1_08"},{"time":4.3666,"name":"skill1_09"},{"time":4.4,"name":"skill1_10"},{"time":4.4333,"name":"skill1_11"},{"time":4.4666,"name":"skill1_12"},{"time":4.5333,"name":"skill1_11"},{"time":4.6333,"name":"skill1_10"},{"time":4.8,"name":"skill1_09"},{"time":4.9666,"name":"skill1_09"}]},"R_hand":{"attachment":[{"time":0.8,"name":"R_hand_skill1_1"},{"time":1.1,"name":"R_hand_skill2_4"},{"time":1.1666,"name":null},{"time":1.6666,"name":"R_hand_skill2_4"},{"time":1.8666,"name":null},{"time":2.6333,"name":"R_hand_skill2_4"},{"time":2.8333,"name":null},{"time":3.5666,"name":null},{"time":3.7333,"name":"R_hand_skill1_1"}]},"swoad":{"attachment":[{"time":0.8,"name":"swoad_skill2_6"},{"time":1.1,"name":"swoad_skill2_6"},{"time":1.1666,"name":null},{"time":1.6666,"name":"swoad_skill2_6"},{"time":1.8666,"name":"swoad"},{"time":2.1666,"name":null},{"time":2.6333,"name":"swoad_skill2_6"},{"time":2.8333,"name":"swoad"},{"time":3.1333,"name":null},{"time":3.5666,"name":"swoad"},{"time":3.6666,"name":"swoad"},{"time":3.7333,"name":"swoad_attack1_1"},{"time":3.8,"name":"swoad_skill2_6"},{"time":4.3666,"name":"swoad_skill2_6"}]},"wave":{"attachment":[{"time":0.5333,"name":"EF/5220_S1_wave1/5220_S1_wave1_00000"},{"time":0.5666,"name":"EF/5220_S1_wave1/5220_S1_wave1_00002"},{"time":0.6,"name":"EF/5220_S1_wave1/5220_S1_wave1_00004"},{"time":0.6333,"name":"EF/5220_S1_wave1/5220_S1_wave1_00006"},{"time":0.6666,"name":"EF/5220_S1_wave1/5220_S1_wave1_00008"},{"time":0.7,"name":"EF/5220_S1_wave1/5220_S1_wave1_00010"},{"time":1.4,"name":"EF/5220_S1_wave1/5220_S1_wave1_00000"},{"time":1.4333,"name":"EF/5220_S1_wave1/5220_S1_wave1_00002"},{"time":1.4666,"name":"EF/5220_S1_wave1/5220_S1_wave1_00004"},{"time":1.5,"name":"EF/5220_S1_wave1/5220_S1_wave1_00006"},{"time":1.5333,"name":"EF/5220_S1_wave1/5220_S1_wave1_00008"},{"time":1.5666,"name":"EF/5220_S1_wave1/5220_S1_wave1_00010"},{"time":4.3333,"name":"EF/5220_S1_wave1/5220_S1_wave1_00000"},{"time":4.3666,"name":"EF/5220_S1_wave1/5220_S1_wave1_00002"},{"time":4.4,"name":"EF/5220_S1_wave1/5220_S1_wave1_00004"},{"time":4.4333,"name":"EF/5220_S1_wave1/5220_S1_wave1_00006"},{"time":4.4666,"name":"EF/5220_S1_wave1/5220_S1_wave1_00008"},{"time":4.5,"name":"EF/5220_S1_wave1/5220_S1_wave1_00010"}],"color":[{"time":0.5333,"color":"ffffffff","curve":"stepped"},{"time":0.7,"color":"ffffffff"},{"time":0.8,"color":"ffffff00","curve":"stepped"},{"time":1.4,"color":"ffffffff","curve":"stepped"},{"time":1.5666,"color":"ffffffff"},{"time":1.6666,"color":"ffffff00","curve":"stepped"},{"time":4.3333,"color":"ffffffff","curve":"stepped"},{"time":4.5,"color":"ffffffff"},{"time":4.6,"color":"ffffff00"}]},"wave2":{"attachment":[{"time":1.4,"name":"EF/5220_S1_wave1/5220_S1_wave1_00000"},{"time":1.4333,"name":"EF/5220_S1_wave1/5220_S1_wave1_00001"},{"time":1.4666,"name":"EF/5220_S1_wave1/5220_S1_wave1_00002"},{"time":1.5,"name":"EF/5220_S1_wave1/5220_S1_wave1_00003"},{"time":1.5333,"name":"EF/5220_S1_wave1/5220_S1_wave1_00004"},{"time":1.5666,"name":"EF/5220_S1_wave1/5220_S1_wave1_00005"},{"time":1.6,"name":"EF/5220_S1_wave1/5220_S1_wave1_00006"},{"time":1.6333,"name":"EF/5220_S1_wave1/5220_S1_wave1_00007"},{"time":1.6666,"name":"EF/5220_S1_wave1/5220_S1_wave1_00008"},{"time":1.7,"name":"EF/5220_S1_wave1/5220_S1_wave1_00009"},{"time":1.7333,"name":"EF/5220_S1_wave1/5220_S1_wave1_00010"},{"time":1.8666,"name":"EF/5220_S1_wave1/5220_S1_wave1_00000"},{"time":1.9,"name":"EF/5220_S1_wave1/5220_S1_wave1_00001"},{"time":1.9333,"name":"EF/5220_S1_wave1/5220_S1_wave1_00002"},{"time":1.9666,"name":"EF/5220_S1_wave1/5220_S1_wave1_00003"},{"time":2,"name":"EF/5220_S1_wave1/5220_S1_wave1_00004"},{"time":2.0333,"name":"EF/5220_S1_wave1/5220_S1_wave1_00005"},{"time":2.0666,"name":"EF/5220_S1_wave1/5220_S1_wave1_00006"},{"time":2.1,"name":"EF/5220_S1_wave1/5220_S1_wave1_00007"},{"time":2.1333,"name":"EF/5220_S1_wave1/5220_S1_wave1_00008"},{"time":2.1666,"name":"EF/5220_S1_wave1/5220_S1_wave1_00009"},{"time":2.2,"name":"EF/5220_S1_wave1/5220_S1_wave1_00010"},{"time":2.3666,"name":"EF/5220_S1_wave1/5220_S1_wave1_00000"},{"time":2.4,"name":"EF/5220_S1_wave1/5220_S1_wave1_00001"},{"time":2.4333,"name":"EF/5220_S1_wave1/5220_S1_wave1_00002"},{"time":2.4666,"name":"EF/5220_S1_wave1/5220_S1_wave1_00003"},{"time":2.5,"name":"EF/5220_S1_wave1/5220_S1_wave1_00004"},{"time":2.5333,"name":"EF/5220_S1_wave1/5220_S1_wave1_00005"},{"time":2.5666,"name":"EF/5220_S1_wave1/5220_S1_wave1_00006"},{"time":2.6,"name":"EF/5220_S1_wave1/5220_S1_wave1_00007"},{"time":2.6333,"name":"EF/5220_S1_wave1/5220_S1_wave1_00008"},{"time":2.6666,"name":"EF/5220_S1_wave1/5220_S1_wave1_00009"},{"time":2.7,"name":"EF/5220_S1_wave1/5220_S1_wave1_00010"},{"time":2.8333,"name":"EF/5220_S1_wave1/5220_S1_wave1_00000"},{"time":2.8666,"name":"EF/5220_S1_wave1/5220_S1_wave1_00001"},{"time":2.9,"name":"EF/5220_S1_wave1/5220_S1_wave1_00002"},{"time":2.9333,"name":"EF/5220_S1_wave1/5220_S1_wave1_00003"},{"time":2.9666,"name":"EF/5220_S1_wave1/5220_S1_wave1_00004"},{"time":3,"name":"EF/5220_S1_wave1/5220_S1_wave1_00005"},{"time":3.0333,"name":"EF/5220_S1_wave1/5220_S1_wave1_00006"},{"time":3.0666,"name":"EF/5220_S1_wave1/5220_S1_wave1_00007"},{"time":3.1,"name":"EF/5220_S1_wave1/5220_S1_wave1_00008"},{"time":3.1333,"name":"EF/5220_S1_wave1/5220_S1_wave1_00009"},{"time":3.1666,"name":"EF/5220_S1_wave1/5220_S1_wave1_00010"},{"time":3.3333,"name":"EF/5220_S1_wave1/5220_S1_wave1_00000"},{"time":3.3666,"name":"EF/5220_S1_wave1/5220_S1_wave1_00001"},{"time":3.4,"name":"EF/5220_S1_wave1/5220_S1_wave1_00002"},{"time":3.4333,"name":"EF/5220_S1_wave1/5220_S1_wave1_00003"},{"time":3.4666,"name":"EF/5220_S1_wave1/5220_S1_wave1_00004"},{"time":3.5,"name":"EF/5220_S1_wave1/5220_S1_wave1_00005"},{"time":3.5333,"name":"EF/5220_S1_wave1/5220_S1_wave1_00006"},{"time":3.5666,"name":"EF/5220_S1_wave1/5220_S1_wave1_00007"},{"time":3.6,"name":"EF/5220_S1_wave1/5220_S1_wave1_00008"},{"time":3.6333,"name":"EF/5220_S1_wave1/5220_S1_wave1_00009"},{"time":3.6666,"name":"EF/5220_S1_wave1/5220_S1_wave1_00010"}],"color":[{"time":1.4,"color":"ffffffff","curve":"stepped"},{"time":1.7333,"color":"ffffffff"},{"time":1.8,"color":"ffffff00","curve":"stepped"},{"time":1.8666,"color":"ffffffff","curve":"stepped"},{"time":2.2,"color":"ffffffff"},{"time":2.2666,"color":"ffffff00","curve":"stepped"},{"time":2.3666,"color":"ffffffff","curve":"stepped"},{"time":2.7,"color":"ffffffff"},{"time":2.7666,"color":"ffffff00","curve":"stepped"},{"time":2.8333,"color":"ffffffff","curve":"stepped"},{"time":3.1666,"color":"ffffffff"},{"time":3.2333,"color":"ffffff00","curve":"stepped"},{"time":3.3333,"color":"ffffffff","curve":"stepped"},{"time":3.6666,"color":"ffffffff"},{"time":3.7333,"color":"ffffff00"}]}},"bones":{"MAIN":{"translate":[{"time":0,"x":0,"y":0,"curve":"stepped"},{"time":0.5333,"x":0,"y":-11.47,"curve":"stepped"},{"time":0.5666,"x":0,"y":0,"curve":"stepped"},{"time":0.6,"x":0,"y":-11.47,"curve":"stepped"},{"time":0.6333,"x":0,"y":0,"curve":"stepped"},{"time":1.1666,"x":-2.64,"y":4.3,"curve":"stepped"},{"time":1.4,"x":0,"y":0,"curve":[0.182,0.46,0.75,1]},{"time":1.5333,"x":-20,"y":0,"curve":"stepped"},{"time":1.8666,"x":-20,"y":0,"curve":[0.177,0.45,0.75,1]},{"time":2,"x":-40,"y":0,"curve":"stepped"},{"time":2.3666,"x":-60,"y":0,"curve":[0.174,0.46,0.75,1]},{"time":2.5,"x":-80,"y":0,"curve":"stepped"},{"time":2.8333,"x":-80,"y":0,"curve":[0.174,0.51,0.75,1]},{"time":2.9666,"x":-100,"y":0,"curve":"stepped"},{"time":3.3333,"x":-120,"y":0,"curve":[0.173,0.45,0.75,1]},{"time":3.4666,"x":-140,"y":0,"curve":"stepped"},{"time":3.5666,"x":-170.14,"y":0,"curve":"stepped"},{"time":3.6666,"x":-140,"y":0,"curve":"stepped"},{"time":4.2666,"x":-160,"y":0,"curve":[0.19,0.35,0.75,1]},{"time":4.3333,"x":-310,"y":-0.39},{"time":4.5333,"x":-330,"y":-0.39}]},"L_hand":{"rotate":[{"time":1.1,"angle":10.56,"curve":"stepped"},{"time":1.6666,"angle":10.56,"curve":"stepped"},{"time":1.7,"angle":12.62,"curve":"stepped"},{"time":1.7666,"angle":17.05,"curve":"stepped"},{"time":2.6333,"angle":10.56,"curve":"stepped"},{"time":2.6666,"angle":12.62,"curve":"stepped"},{"time":2.7333,"angle":17.05,"curve":"stepped"},{"time":3.6666,"angle":-24.95,"curve":"stepped"},{"time":3.7,"angle":-76.37,"curve":"stepped"},{"time":3.7333,"angle":5.8}],"translate":[{"time":0.8,"x":-29.87,"y":25.71,"curve":"stepped"},{"time":0.9,"x":-30.16,"y":27.7,"curve":"stepped"},{"time":1,"x":-31,"y":29.8,"curve":"stepped"},{"time":1.1,"x":-74.4,"y":73.88,"curve":"stepped"},{"time":1.6666,"x":-74.4,"y":73.88,"curve":"stepped"},{"time":1.7,"x":-75,"y":73.88,"curve":"stepped"},{"time":1.7666,"x":-77,"y":73.55,"curve":"stepped"},{"time":2.6333,"x":-74.4,"y":73.88,"curve":"stepped"},{"time":2.6666,"x":-75,"y":73.88,"curve":"stepped"},{"time":2.7333,"x":-77,"y":73.55,"curve":"stepped"},{"time":3.6666,"x":-40.26,"y":26.06,"curve":"stepped"},{"time":3.7,"x":-42.57,"y":28.49,"curve":"stepped"},{"time":3.7333,"x":-47.2,"y":20.72,"curve":"stepped"},{"time":3.8,"x":-47.39,"y":20.72}],"scale":[{"time":1.1,"x":1,"y":-1,"curve":"stepped"},{"time":1.6666,"x":1,"y":-1,"curve":"stepped"},{"time":2.6333,"x":1,"y":-1,"curve":"stepped"},{"time":3.6666,"x":1,"y":1}]},"wave3":{"translate":[{"time":4.3666,"x":-503.1,"y":475.13}],"scale":[{"time":4.3666,"x":2.003,"y":2.003,"curve":"stepped"},{"time":4.6333,"x":2.003,"y":2.003},{"time":4.7,"x":2.197,"y":2.197}]},"R_hand":{"rotate":[{"time":0.8,"angle":22.28,"curve":"stepped"},{"time":0.9,"angle":23.86,"curve":"stepped"},{"time":1,"angle":24.51,"curve":"stepped"},{"time":1.1,"angle":-13.51,"curve":"stepped"},{"time":1.6666,"angle":-13.51,"curve":"stepped"},{"time":1.7666,"angle":-7.67,"curve":"stepped"},{"time":2.6333,"angle":-13.51,"curve":"stepped"},{"time":2.7333,"angle":-7.67,"curve":"stepped"},{"time":3.6666,"angle":0,"curve":"stepped"},{"time":3.7333,"angle":10.93,"curve":"stepped"},{"time":3.8,"angle":1.28,"curve":"stepped"},{"time":4.3666,"angle":-179.98}],"translate":[{"time":0.8,"x":-52.78,"y":-3.72,"curve":"stepped"},{"time":0.9,"x":-52.66,"y":-3.36,"curve":"stepped"},{"time":1,"x":-52.48,"y":-2.76,"curve":"stepped"},{"time":1.1,"x":-86.71,"y":61.27,"curve":"stepped"},{"time":1.6666,"x":-86.71,"y":61.27,"curve":"stepped"},{"time":1.7,"x":-87.61,"y":61.42,"curve":"stepped"},{"time":1.7666,"x":-91.45,"y":62.09,"curve":"stepped"},{"time":2.6333,"x":-86.71,"y":61.27,"curve":"stepped"},{"time":2.6666,"x":-87.61,"y":61.42,"curve":"stepped"},{"time":2.7333,"x":-91.45,"y":62.09,"curve":"stepped"},{"time":3.6666,"x":0,"y":0,"curve":"stepped"},{"time":3.7333,"x":-75.79,"y":-9,"curve":"stepped"},{"time":3.8,"x":-67.43,"y":-4.27,"curve":"stepped"},{"time":3.9,"x":-65.31,"y":-5.9,"curve":"stepped"},{"time":4,"x":-62.56,"y":-8.65,"curve":"stepped"},{"time":4.2666,"x":-54.66,"y":-2.87,"curve":"stepped"},{"time":4.3666,"x":-136.29,"y":-7.48,"curve":"stepped"},{"time":4.4,"x":-137.23,"y":-7.48,"curve":"stepped"},{"time":4.4333,"x":-138.35,"y":-7.48,"curve":"stepped"},{"time":4.6333,"x":-137.23,"y":-7.48,"curve":"stepped"},{"time":4.8,"x":-136.29,"y":-7.48}],"scale":[{"time":3.6666,"x":1,"y":1,"curve":"stepped"},{"time":4.3666,"x":1,"y":-1}]},"weapon":{"rotate":[{"time":0,"angle":0,"curve":"stepped"},{"time":0.8,"angle":20.44,"curve":"stepped"},{"time":0.9,"angle":22.98,"curve":"stepped"},{"time":1,"angle":28.35,"curve":"stepped"},{"time":1.1,"angle":5.06,"curve":"stepped"},{"time":1.6666,"angle":-10.63,"curve":"stepped"},{"time":1.7,"angle":-9.33,"curve":"stepped"},{"time":1.7666,"angle":-7.45,"curve":"stepped"},{"time":1.8666,"angle":-10.65,"curve":"stepped"},{"time":1.9333,"angle":-6.36,"curve":"stepped"},{"time":2,"angle":-5.35,"curve":"stepped"},{"time":2.6333,"angle":-10.63,"curve":"stepped"},{"time":2.6666,"angle":-9.33,"curve":"stepped"},{"time":2.7333,"angle":-7.45,"curve":"stepped"},{"time":2.8333,"angle":-10.65,"curve":"stepped"},{"time":2.9,"angle":-6.36,"curve":"stepped"},{"time":2.9666,"angle":-5.35,"curve":"stepped"},{"time":3.5666,"angle":-17.63,"curve":"stepped"},{"time":3.6333,"angle":-31.39,"curve":"stepped"},{"time":3.6666,"angle":168.12,"curve":"stepped"},{"time":3.7,"angle":114.76,"curve":"stepped"},{"time":3.7333,"angle":17.04,"curve":"stepped"},{"time":3.8,"angle":-178.83,"curve":"stepped"},{"time":4.3666,"angle":-179.62}],"translate":[{"time":0,"x":0,"y":0,"curve":"stepped"},{"time":0.0333,"x":-4.36,"y":3.42,"curve":"stepped"},{"time":0.1333,"x":-4.51,"y":8.19,"curve":"stepped"},{"time":0.3,"x":-6.26,"y":11.08,"curve":"stepped"},{"time":0.5,"x":-6.97,"y":7.39,"curve":"stepped"},{"time":0.8,"x":-19.44,"y":-3.42,"curve":"stepped"},{"time":0.9,"x":-19.63,"y":-2.47,"curve":"stepped"},{"time":1,"x":-20.21,"y":-0.37,"curve":"stepped"},{"time":1.1,"x":-54.95,"y":59.49,"curve":"stepped"},{"time":1.6666,"x":-54.95,"y":59.49,"curve":"stepped"},{"time":1.7,"x":-56.15,"y":60.09,"curve":"stepped"},{"time":1.7666,"x":-60.16,"y":59.59,"curve":"stepped"},{"time":1.8666,"x":-80.77,"y":-27.56,"curve":"stepped"},{"time":1.9333,"x":-79.87,"y":-28.17,"curve":"stepped"},{"time":2,"x":-79.26,"y":-29.07,"curve":"stepped"},{"time":2.6333,"x":-54.95,"y":59.49,"curve":"stepped"},{"time":2.6666,"x":-56.15,"y":60.09,"curve":"stepped"},{"time":2.7333,"x":-60.16,"y":59.59,"curve":"stepped"},{"time":2.8333,"x":-80.77,"y":-27.56,"curve":"stepped"},{"time":2.9,"x":-79.87,"y":-28.17,"curve":"stepped"},{"time":2.9666,"x":-79.26,"y":-29.07,"curve":"stepped"},{"time":3.5666,"x":-83.74,"y":-1.75,"curve":"stepped"},{"time":3.6333,"x":-61.94,"y":3.37,"curve":"stepped"},{"time":3.6666,"x":-16.17,"y":-2.72,"curve":"stepped"},{"time":3.7,"x":-24.19,"y":-3.67,"curve":"stepped"},{"time":3.7333,"x":-44.18,"y":-9.67,"curve":"stepped"},{"time":3.8,"x":-41.16,"y":-6.12,"curve":"stepped"},{"time":3.9,"x":-39.04,"y":-7.75,"curve":"stepped"},{"time":4,"x":-36.29,"y":-10.5,"curve":"stepped"},{"time":4.2666,"x":-28.39,"y":-4.72,"curve":"stepped"},{"time":4.3666,"x":-113.63,"y":-10.12,"curve":"stepped"},{"time":4.4,"x":-114.57,"y":-10.12,"curve":"stepped"},{"time":4.4333,"x":-115.7,"y":-10.12,"curve":"stepped"},{"time":4.6333,"x":-114.57,"y":-10.12,"curve":"stepped"},{"time":4.8,"x":-113.63,"y":-10.12}],"scale":[{"time":0,"x":1,"y":1,"curve":"stepped"},{"time":0.8,"x":1,"y":-1,"curve":"stepped"},{"time":1.1,"x":1,"y":1,"curve":"stepped"},{"time":1.6666,"x":1,"y":1,"curve":"stepped"},{"time":2.6333,"x":1,"y":1,"curve":"stepped"},{"time":3.6666,"x":1,"y":-1,"curve":"stepped"},{"time":3.7333,"x":1,"y":1,"curve":"stepped"},{"time":3.8,"x":1,"y":-1,"curve":"stepped"},{"time":4.3666,"x":1,"y":-1}]},"wave1":{"translate":[{"time":0.5333,"x":-242.2,"y":475.27,"curve":"stepped"},{"time":1.4,"x":-399.45,"y":465.8,"curve":"stepped"},{"time":4.3333,"x":-525.12,"y":465.8}],"scale":[{"time":0.5333,"x":2.504,"y":2.504,"curve":"stepped"},{"time":0.7,"x":2.504,"y":2.504},{"time":0.8,"x":2.798,"y":2.798,"curve":"stepped"},{"time":1.4,"x":2.504,"y":2.504,"curve":"stepped"},{"time":1.5666,"x":2.504,"y":2.504},{"time":1.6666,"x":2.798,"y":2.798,"curve":"stepped"},{"time":4.3333,"x":2.504,"y":2.504,"curve":"stepped"},{"time":4.5,"x":2.504,"y":2.504},{"time":4.6,"x":2.798,"y":2.798}]},"wave2":{"translate":[{"time":1.4,"x":-289.47,"y":473.48,"curve":"stepped"},{"time":1.8666,"x":-310.19,"y":473.48,"curve":"stepped"},{"time":2.3666,"x":-324.77,"y":473.48,"curve":"stepped"},{"time":2.8333,"x":-352.31,"y":473.48,"curve":"stepped"},{"time":3.3333,"x":-366.89,"y":473.48}],"scale":[{"time":1.4,"x":1.995,"y":1.995}]},"DAMAGEAREA":{"translate":[{"time":1.4,"x":-119.47,"y":46.18,"curve":"stepped"},{"time":1.8666,"x":-169.67,"y":46.18,"curve":"stepped"},{"time":2.8333,"x":-225.89,"y":46.18,"curve":"stepped"},{"time":4.4,"x":-418.4,"y":46.18}],"scale":[{"time":1.4,"x":2.579,"y":1,"curve":"stepped"},{"time":4.4,"x":4.662,"y":1}]}},"drawOrder":[{"time":0.8,"offsets":[{"slot":"swoad","offset":4}]},{"time":1.8666,"offsets":[{"slot":"swoad","offset":3}]},{"time":2.8333,"offsets":[{"slot":"swoad","offset":3}]},{"time":3.6666,"offsets":[{"slot":"swoad","offset":4}]}],"events":[{"time":0,"name":"Event","string":"setForceImpact(1)"},{"time":0.0333,"name":"Event","int":40,"string":"kImpactType_knock"},{"time":0.0666,"name":"Event","float":0.2,"string":"kHitStopType_normal"},{"time":0.1666,"name":"Sound1","string":"cri_se_battle_charge"},{"time":0.5666,"name":"Event","string":"shakeGround"},{"time":0.6666,"name":"Sound1","string":"cri_se_battle_charge_completion"},{"time":0.9,"name":"Voice","string":"cri_114_voice_fullarts_now"},{"time":1.3666,"name":"Sound1","string":"cri_se_battle_skill_swish"},{"time":1.4,"name":"Event","string":"shakeGround"},{"time":1.4,"name":"Sound1","string":"setHitSound(se_battle_019_sword_hit_03)"},{"time":1.4,"name":"Sound2","string":"cri_se_battle_explosion_water_02"},{"time":1.8333,"name":"Hit","string":"resetHitList"},{"time":1.8333,"name":"Sound1","string":"cri_se_battle_skill_swish"},{"time":1.8666,"name":"Event","string":"shakeGround"},{"time":1.8666,"name":"Sound1","string":"setHitSound(se_battle_019_sword_hit_03)"},{"time":1.8666,"name":"Sound2","string":"cri_se_battle_explosion_water_02"},{"time":2.3333,"name":"Sound1","string":"cri_se_battle_skill_swish"},{"time":2.3666,"name":"Hit","string":"resetHitList"},{"time":2.3666,"name":"Sound2","string":"cri_se_battle_explosion_water_02"},{"time":2.4,"name":"Event","string":"shakeGround"},{"time":2.4,"name":"Sound1","string":"setHitSound(se_battle_019_sword_hit_03)"},{"time":2.8,"name":"Hit","string":"resetHitList"},{"time":2.8,"name":"Sound1","string":"cri_se_battle_skill_swish"},{"time":2.8333,"name":"Event","string":"shakeGround"},{"time":2.8333,"name":"Sound1","string":"setHitSound(se_battle_019_sword_hit_03)"},{"time":2.8333,"name":"Sound2","string":"cri_se_battle_explosion_water_02"},{"time":3.3,"name":"Hit","string":"resetHitList"},{"time":3.3,"name":"Sound1","string":"cri_se_battle_skill_swish"},{"time":3.3333,"name":"Event","string":"shakeGround"},{"time":3.3333,"name":"Sound1","string":"setHitSound(se_battle_019_sword_hit_03)"},{"time":3.3333,"name":"Sound2","string":"cri_se_battle_explosion_water_02"},{"time":3.8,"name":"Voice","string":"cri_114_voice_fullarts_rank4"},{"time":4.3666,"name":"Event","string":"kImpactType_knock"},{"time":4.3666,"name":"Hit","int":5,"string":"resetHitList"},{"time":4.4,"name":"Event","string":"shakeGround"}]}}}