{"skeleton":{"hash":"gk80e+k8y80zh2ZdeO3wOSHANJw","spine":"3.0.12","width":512,"height":512},"bones":[{"name":"root"},{"name":"MAIN","parent":"root","y":64.69},{"name":"EF","parent":"root"},{"name":"MD_shock2_2","parent":"EF","x":300,"y":50},{"name":"MD_shock2_1","parent":"EF","x":300,"y":50},{"name":"MD_shock1_1","parent":"EF","x":357.4,"rotation":90},{"name":"EF_wave2_1","parent":"EF","x":300},{"name":"EF_tower1_1","parent":"EF","x":400},{"name":"EF_rune1_1","parent":"EF","x":250,"y":49.96},{"name":"EF_cross1_1","parent":"EF","x":200,"y":50},{"name":"EF_charge1_1","parent":"EF","x":100,"y":100},{"name":"EF_auracricle1_1","parent":"EF","x":200}],"slots":[{"name":"EF_wave2_1","bone":"EF_wave2_1","blend":"additive"},{"name":"MAIN","bone":"MAIN","attachment":"idle_00"},{"name":"MD_shock2_2","bone":"MD_shock2_2","color":"000000ff"},{"name":"EF_cross1_1","bone":"EF_cross1_1","blend":"additive"},{"name":"EF_tower1_1","bone":"EF_tower1_1","blend":"additive"},{"name":"MD_shock1_1","bone":"MD_shock1_1","blend":"additive"},{"name":"MD_shock2_1","bone":"MD_shock2_1","blend":"additive"},{"name":"EF_charge1_1","bone":"EF_charge1_1","blend":"additive"},{"name":"EF_auracricle1_1","bone":"EF_auracricle1_1","blend":"additive"},{"name":"EF_rune1_1","bone":"EF_rune1_1","blend":"additive"}],"skins":{"default":{"EF_auracricle1_1":{"EF/MD/ef_out_aura_main/ef_out_aura_main_00002":{"y":108.6,"width":180,"height":252},"EF/MD/ef_out_aura_main/ef_out_aura_main_00003":{"y":108.6,"width":180,"height":252},"EF/MD/ef_out_aura_main/ef_out_aura_main_00004":{"y":108.6,"width":180,"height":252},"EF/MD/ef_out_aura_main/ef_out_aura_main_00005":{"y":108.6,"width":180,"height":252},"EF/MD/ef_out_aura_main/ef_out_aura_main_00006":{"y":108.6,"width":180,"height":252},"EF/MD/ef_out_aura_main/ef_out_aura_main_00007":{"y":108.6,"width":180,"height":252},"EF/MD/ef_out_aura_main/ef_out_aura_main_00008":{"y":108.6,"width":180,"height":252},"EF/MD/ef_out_aura_main/ef_out_aura_main_00009":{"y":108.6,"width":180,"height":252},"EF/MD/ef_out_aura_main/ef_out_aura_main_00010":{"y":108.6,"width":180,"height":252},"EF/MD/ef_out_aura_main/ef_out_aura_main_00011":{"y":108.6,"width":180,"height":252},"EF/MD/ef_out_aura_main/ef_out_aura_main_00012":{"y":108.6,"width":180,"height":252},"EF/MD/ef_out_aura_main/ef_out_aura_main_00013":{"y":108.6,"width":180,"height":252},"EF/MD/ef_out_aura_main/ef_out_aura_main_00014":{"y":108.6,"width":180,"height":252},"EF/MD/ef_out_aura_main/ef_out_aura_main_00015":{"y":108.6,"width":180,"height":252},"EF/MD/ef_out_aura_main/ef_out_aura_main_00016":{"y":108.6,"width":180,"height":252},"EF/MD/ef_out_aura_main/ef_out_aura_main_00017":{"y":108.6,"width":180,"height":252},"EF/MD/ef_out_aura_main/ef_out_aura_main_00018":{"y":108.6,"width":180,"height":252},"EF/MD/ef_out_aura_main/ef_out_aura_main_00019":{"y":108.6,"width":180,"height":252},"EF/MD/ef_out_aura_main/ef_out_aura_main_00020":{"y":108.6,"width":180,"height":252}},"EF_charge1_1":{"EF/MD/ef_charge_A_main/ef_charge_A_main_00001":{"width":200,"height":200},"EF/MD/ef_charge_A_main/ef_charge_A_main_00002":{"width":200,"height":200},"EF/MD/ef_charge_A_main/ef_charge_A_main_00003":{"width":200,"height":200},"EF/MD/ef_charge_A_main/ef_charge_A_main_00004":{"width":200,"height":200},"EF/MD/ef_charge_A_main/ef_charge_A_main_00005":{"width":200,"height":200},"EF/MD/ef_charge_A_main/ef_charge_A_main_00006":{"width":200,"height":200},"EF/MD/ef_charge_A_main/ef_charge_A_main_00007":{"width":200,"height":200},"EF/MD/ef_charge_A_main/ef_charge_A_main_00008":{"width":200,"height":200},"EF/MD/ef_charge_A_main/ef_charge_A_main_00009":{"width":200,"height":200},"EF/MD/ef_charge_A_main/ef_charge_A_main_00010":{"width":200,"height":200}},"EF_cross1_1":{"EF/MD/EF_cross/ef_cross_blue_main_00001":{"width":180,"height":180},"EF/MD/EF_cross/ef_cross_blue_main_00002":{"width":180,"height":180},"EF/MD/EF_cross/ef_cross_blue_main_00003":{"width":180,"height":180},"EF/MD/EF_cross/ef_cross_blue_main_00004":{"width":180,"height":180}},"EF_rune1_1":{"EF/MD/ef_rune_main/ef_rune_main_00001":{"width":240,"height":240},"EF/MD/ef_rune_main/ef_rune_main_00002":{"width":240,"height":240},"EF/MD/ef_rune_main/ef_rune_main_00003":{"width":240,"height":240},"EF/MD/ef_rune_main/ef_rune_main_00004":{"width":240,"height":240},"EF/MD/ef_rune_main/ef_rune_main_00005":{"width":240,"height":240},"EF/MD/ef_rune_main/ef_rune_main_00006":{"width":240,"height":240},"EF/MD/ef_rune_main/ef_rune_main_00007":{"width":240,"height":240},"EF/MD/ef_rune_main/ef_rune_main_00008":{"width":240,"height":240},"EF/MD/ef_rune_main/ef_rune_main_00009":{"width":240,"height":240},"EF/MD/ef_rune_main/ef_rune_main_00010":{"width":240,"height":240},"EF/MD/ef_rune_main/ef_rune_main_00011":{"width":240,"height":240},"EF/MD/ef_rune_main/ef_rune_main_00012":{"width":240,"height":240},"EF/MD/ef_rune_main/ef_rune_main_00013":{"width":240,"height":240},"EF/MD/ef_rune_main/ef_rune_main_00014":{"width":240,"height":240},"EF/MD/ef_rune_main/ef_rune_main_00015":{"width":240,"height":240},"EF/MD/ef_rune_main/ef_rune_main_00016":{"width":240,"height":240},"EF/MD/ef_rune_main/ef_rune_main_00017":{"width":240,"height":240},"EF/MD/ef_rune_main/ef_rune_main_00018":{"width":240,"height":240},"EF/MD/ef_rune_main/ef_rune_main_00019":{"width":240,"height":240},"EF/MD/ef_rune_main/ef_rune_main_00020":{"width":240,"height":240},"EF/MD/ef_rune_main/ef_rune_main_00021":{"width":240,"height":240},"EF/MD/ef_rune_main/ef_rune_main_00022":{"width":240,"height":240},"EF/MD/ef_rune_main/ef_rune_main_00023":{"width":240,"height":240},"EF/MD/ef_rune_main/ef_rune_main_00024":{"width":240,"height":240},"EF/MD/ef_rune_main/ef_rune_main_00025":{"width":240,"height":240},"EF/MD/ef_rune_main/ef_rune_main_00026":{"width":240,"height":240},"EF/MD/ef_rune_main/ef_rune_main_00027":{"width":240,"height":240},"EF/MD/ef_rune_main/ef_rune_main_00028":{"width":240,"height":240},"EF/MD/ef_rune_main/ef_rune_main_00029":{"width":240,"height":240},"EF/MD/ef_rune_main/ef_rune_main_00030":{"width":240,"height":240}},"EF_tower1_1":{"EF/MD/EF_tower/ef_MD_tower_00":{"y":108.2,"width":250,"height":250},"EF/MD/EF_tower/ef_MD_tower_01":{"y":108.2,"width":250,"height":250},"EF/MD/EF_tower/ef_MD_tower_02":{"y":108.2,"width":250,"height":250},"EF/MD/EF_tower/ef_MD_tower_03":{"y":108.2,"width":250,"height":250},"EF/MD/EF_tower/ef_MD_tower_04":{"y":108.2,"width":250,"height":250},"EF/MD/EF_tower/ef_MD_tower_05":{"y":108.2,"width":250,"height":250},"EF/MD/EF_tower/ef_MD_tower_06":{"y":108.2,"width":250,"height":250},"EF/MD/EF_tower/ef_MD_tower_07":{"y":108.2,"width":250,"height":250},"EF/MD/EF_tower/ef_MD_tower_08":{"y":108.2,"width":250,"height":250}},"EF_wave2_1":{"EF/ef_graund_wave_dark/ef_graund_wave_dark_00001":{"y":9.51,"width":200,"height":120},"EF/ef_graund_wave_dark/ef_graund_wave_dark_00002":{"y":9.51,"width":200,"height":120},"EF/ef_graund_wave_dark/ef_graund_wave_dark_00003":{"y":9.51,"width":200,"height":120},"EF/ef_graund_wave_dark/ef_graund_wave_dark_00004":{"y":9.51,"width":200,"height":120},"EF/ef_graund_wave_dark/ef_graund_wave_dark_00005":{"y":9.51,"width":200,"height":120},"EF/ef_graund_wave_dark/ef_graund_wave_dark_00006":{"y":9.51,"width":200,"height":120},"EF/ef_graund_wave_dark/ef_graund_wave_dark_00007":{"y":9.51,"width":200,"height":120},"EF/ef_graund_wave_dark/ef_graund_wave_dark_00008":{"y":9.51,"width":200,"height":120},"EF/ef_graund_wave_dark/ef_graund_wave_dark_00009":{"y":9.51,"width":200,"height":120},"EF/ef_graund_wave_dark/ef_graund_wave_dark_00010":{"y":9.51,"width":200,"height":120},"EF/ef_graund_wave_dark/ef_graund_wave_dark_00011":{"y":9.51,"width":200,"height":120},"EF/ef_graund_wave_dark/ef_graund_wave_dark_00012":{"y":9.51,"width":200,"height":120}},"MAIN":{"dangle_01":{"x":-7.6,"y":-49.19,"scaleX":2,"scaleY":2,"width":256,"height":256},"dangle_02":{"x":-7.6,"y":-49.19,"scaleX":2,"scaleY":2,"width":256,"height":256},"dangle_03":{"x":-7.6,"y":-49.19,"scaleX":2,"scaleY":2,"width":256,"height":256},"front_00":{"x":3.75,"y":14.37,"scaleX":2,"scaleY":2,"width":256,"height":256},"front_01":{"x":3.75,"y":14.37,"scaleX":2,"scaleY":2,"width":256,"height":256},"front_02":{"x":3.75,"y":14.37,"scaleX":2,"scaleY":2,"width":256,"height":256},"front_03":{"x":3.75,"y":14.37,"scaleX":2,"scaleY":2,"width":256,"height":256},"idle_00":{"x":3.75,"y":14.37,"scaleX":2,"scaleY":2,"width":256,"height":256},"idle_01":{"x":3.75,"y":14.37,"scaleX":2,"scaleY":2,"width":256,"height":256},"idle_02":{"x":3.75,"y":14.37,"scaleX":2,"scaleY":2,"width":256,"height":256},"idle_03":{"x":3.75,"y":14.37,"scaleX":2,"scaleY":2,"width":256,"height":256},"kneel1_00":{"x":3.75,"y":14.37,"scaleX":2,"scaleY":2,"width":256,"height":256},"kneel2_00":{"x":3.75,"y":14.37,"scaleX":2,"scaleY":2,"width":256,"height":256},"surprised_00":{"x":3.75,"y":14.37,"scaleX":2,"scaleY":2,"width":256,"height":256}},"MD_shock1_1":{"EF/MD/ef_MD_shock1/ef_MD_shock_00":{"x":67.12,"width":210,"height":210},"EF/MD/ef_MD_shock1/ef_MD_shock_01":{"x":67.12,"width":210,"height":210},"EF/MD/ef_MD_shock1/ef_MD_shock_02":{"x":67.12,"width":210,"height":210},"EF/MD/ef_MD_shock1/ef_MD_shock_03":{"x":67.12,"width":210,"height":210},"EF/MD/ef_MD_shock1/ef_MD_shock_04":{"x":67.12,"width":210,"height":210},"EF/MD/ef_MD_shock1/ef_MD_shock_05":{"x":67.12,"width":210,"height":210},"EF/MD/ef_MD_shock1/ef_MD_shock_06":{"x":67.12,"width":210,"height":210},"EF/MD/ef_MD_shock1/ef_MD_shock_07":{"x":67.12,"width":210,"height":210},"EF/MD/ef_MD_shock1/ef_MD_shock_08":{"x":67.12,"width":210,"height":210},"EF/MD/ef_MD_shock1/ef_MD_shock_09":{"x":67.12,"width":210,"height":210},"EF/MD/ef_MD_shock1/ef_MD_shock_10":{"x":67.12,"width":210,"height":210},"EF/MD/ef_MD_shock1/ef_MD_shock_11":{"x":67.12,"width":210,"height":210}},"MD_shock2_1":{"EF/MD/ef_MD_shock2/ef_MD_shock2_00":{"width":210,"height":210},"EF/MD/ef_MD_shock2/ef_MD_shock2_01":{"width":210,"height":210},"EF/MD/ef_MD_shock2/ef_MD_shock2_02":{"width":210,"height":210},"EF/MD/ef_MD_shock2/ef_MD_shock2_03":{"width":210,"height":210},"EF/MD/ef_MD_shock2/ef_MD_shock2_04":{"width":210,"height":210},"EF/MD/ef_MD_shock2/ef_MD_shock2_05":{"width":210,"height":210},"EF/MD/ef_MD_shock2/ef_MD_shock2_06":{"width":210,"height":210},"EF/MD/ef_MD_shock2/ef_MD_shock2_07":{"width":210,"height":210},"EF/MD/ef_MD_shock2/ef_MD_shock2_08":{"width":210,"height":210},"EF/MD/ef_MD_shock2/ef_MD_shock2_09":{"width":210,"height":210},"EF/MD/ef_MD_shock2/ef_MD_shock2_10":{"width":210,"height":210}},"MD_shock2_2":{"EF/MD/ef_MD_shock2/ef_MD_shock2_00":{"width":210,"height":210},"EF/MD/ef_MD_shock2/ef_MD_shock2_01":{"width":210,"height":210},"EF/MD/ef_MD_shock2/ef_MD_shock2_02":{"width":210,"height":210},"EF/MD/ef_MD_shock2/ef_MD_shock2_03":{"width":210,"height":210},"EF/MD/ef_MD_shock2/ef_MD_shock2_04":{"width":210,"height":210},"EF/MD/ef_MD_shock2/ef_MD_shock2_05":{"width":210,"height":210},"EF/MD/ef_MD_shock2/ef_MD_shock2_06":{"width":210,"height":210},"EF/MD/ef_MD_shock2/ef_MD_shock2_07":{"width":210,"height":210},"EF/MD/ef_MD_shock2/ef_MD_shock2_08":{"width":210,"height":210},"EF/MD/ef_MD_shock2/ef_MD_shock2_09":{"width":210,"height":210},"EF/MD/ef_MD_shock2/ef_MD_shock2_10":{"width":210,"height":210}}}},"animations":{"dangle":{"slots":{"MAIN":{"attachment":[{"time":0,"name":"dangle_01"},{"time":0.2333,"name":"dangle_02"},{"time":0.4333,"name":"dangle_03"},{"time":0.6666,"name":"dangle_01"}]}},"bones":{"MAIN":{"translate":[{"time":0,"x":0,"y":-112.69}]}}},"drop":{"slots":{"MAIN":{"attachment":[{"time":0,"name":"dangle_01"},{"time":0.2333,"name":"dangle_02"},{"time":0.4333,"name":"dangle_03"},{"time":0.5333,"name":"dangle_02"},{"time":0.7,"name":"dangle_03"},{"time":0.8666,"name":"dangle_01"},{"time":1,"name":null}],"color":[{"time":0.9333,"color":"ffffffff"},{"time":1,"color":"ffffff00"}]}},"bones":{"MAIN":{"rotate":[{"time":0,"angle":0},{"time":0.0333,"angle":-2},{"time":0.0666,"angle":2},{"time":0.1,"angle":0},{"time":0.1666,"angle":-2},{"time":0.2333,"angle":2},{"time":0.3,"angle":0}],"translate":[{"time":0,"x":0,"y":-112.69,"curve":"stepped"},{"time":0.5,"x":0,"y":-112.69},{"time":1,"x":0,"y":-764.69}]}}},"front":{"slots":{"MAIN":{"attachment":[{"time":0,"name":"front_00"},{"time":0.2666,"name":"front_01"},{"time":0.5,"name":"front_02"},{"time":0.7666,"name":"front_03"},{"time":1,"name":"front_00"}]}}},"idle":{"slots":{"MAIN":{"attachment":[{"time":0,"name":"idle_00"},{"time":0.2666,"name":"idle_01"},{"time":0.5,"name":"idle_02"},{"time":0.7666,"name":"idle_03"},{"time":1,"name":"idle_00"}]}}},"idle2":{"slots":{"MAIN":{"attachment":[{"time":0,"name":"idle_00"}]}}},"kneel1":{"slots":{"MAIN":{"attachment":[{"time":0,"name":"kneel1_00"}]}}},"kneel2":{"slots":{"MAIN":{"attachment":[{"time":0,"name":"kneel2_00"}]}}},"skill3":{"slots":{"EF_auracricle1_1":{"attachment":[{"time":0.6666,"name":"EF/MD/ef_out_aura_main/ef_out_aura_main_00002"},{"time":0.7,"name":"EF/MD/ef_out_aura_main/ef_out_aura_main_00003"},{"time":0.7333,"name":"EF/MD/ef_out_aura_main/ef_out_aura_main_00004"},{"time":0.7666,"name":"EF/MD/ef_out_aura_main/ef_out_aura_main_00005"},{"time":0.8,"name":"EF/MD/ef_out_aura_main/ef_out_aura_main_00006"},{"time":0.8333,"name":"EF/MD/ef_out_aura_main/ef_out_aura_main_00007"},{"time":0.8666,"name":"EF/MD/ef_out_aura_main/ef_out_aura_main_00008"},{"time":0.9,"name":"EF/MD/ef_out_aura_main/ef_out_aura_main_00009"},{"time":0.9333,"name":"EF/MD/ef_out_aura_main/ef_out_aura_main_00010"},{"time":0.9666,"name":"EF/MD/ef_out_aura_main/ef_out_aura_main_00011"},{"time":1,"name":"EF/MD/ef_out_aura_main/ef_out_aura_main_00012"},{"time":1.0666,"name":"EF/MD/ef_out_aura_main/ef_out_aura_main_00013"},{"time":1.1333,"name":"EF/MD/ef_out_aura_main/ef_out_aura_main_00014"},{"time":1.2,"name":"EF/MD/ef_out_aura_main/ef_out_aura_main_00015"},{"time":1.2666,"name":"EF/MD/ef_out_aura_main/ef_out_aura_main_00016"},{"time":1.3333,"name":"EF/MD/ef_out_aura_main/ef_out_aura_main_00017"},{"time":1.4,"name":"EF/MD/ef_out_aura_main/ef_out_aura_main_00018"},{"time":1.4666,"name":"EF/MD/ef_out_aura_main/ef_out_aura_main_00019"},{"time":1.5333,"name":"EF/MD/ef_out_aura_main/ef_out_aura_main_00020"},{"time":1.6,"name":"EF/MD/ef_out_aura_main/ef_out_aura_main_00012"},{"time":1.6666,"name":"EF/MD/ef_out_aura_main/ef_out_aura_main_00013"},{"time":1.7333,"name":"EF/MD/ef_out_aura_main/ef_out_aura_main_00014"},{"time":1.8,"name":"EF/MD/ef_out_aura_main/ef_out_aura_main_00015"},{"time":1.8666,"name":"EF/MD/ef_out_aura_main/ef_out_aura_main_00016"},{"time":1.9333,"name":"EF/MD/ef_out_aura_main/ef_out_aura_main_00017"},{"time":2,"name":"EF/MD/ef_out_aura_main/ef_out_aura_main_00018"},{"time":2.0666,"name":"EF/MD/ef_out_aura_main/ef_out_aura_main_00019"},{"time":2.1333,"name":"EF/MD/ef_out_aura_main/ef_out_aura_main_00020"},{"time":2.2,"name":"EF/MD/ef_out_aura_main/ef_out_aura_main_00012"},{"time":2.2666,"name":"EF/MD/ef_out_aura_main/ef_out_aura_main_00013"},{"time":2.3333,"name":"EF/MD/ef_out_aura_main/ef_out_aura_main_00014"},{"time":2.4,"name":"EF/MD/ef_out_aura_main/ef_out_aura_main_00015"},{"time":2.4666,"name":"EF/MD/ef_out_aura_main/ef_out_aura_main_00016"},{"time":2.5333,"name":"EF/MD/ef_out_aura_main/ef_out_aura_main_00017"},{"time":2.6,"name":"EF/MD/ef_out_aura_main/ef_out_aura_main_00018"},{"time":2.6666,"name":"EF/MD/ef_out_aura_main/ef_out_aura_main_00019"},{"time":2.7333,"name":"EF/MD/ef_out_aura_main/ef_out_aura_main_00020"},{"time":2.8,"name":null}],"color":[{"time":0.6333,"color":"ffffff00"},{"time":0.8,"color":"ffffffff","curve":"stepped"},{"time":2.1666,"color":"ffffffff","curve":[0.156,0.85,0.585,1]},{"time":2.8,"color":"ffffff00"}]},"EF_charge1_1":{"attachment":[{"time":0.7,"name":"EF/MD/ef_charge_A_main/ef_charge_A_main_00001"},{"time":0.7333,"name":"EF/MD/ef_charge_A_main/ef_charge_A_main_00006"},{"time":0.7666,"name":"EF/MD/ef_charge_A_main/ef_charge_A_main_00007"},{"time":0.8,"name":"EF/MD/ef_charge_A_main/ef_charge_A_main_00008"},{"time":0.8333,"name":"EF/MD/ef_charge_A_main/ef_charge_A_main_00009"},{"time":0.8666,"name":"EF/MD/ef_charge_A_main/ef_charge_A_main_00010"},{"time":0.9,"name":null},{"time":2.3333,"name":"EF/MD/ef_charge_A_main/ef_charge_A_main_00001"},{"time":2.3666,"name":"EF/MD/ef_charge_A_main/ef_charge_A_main_00002"},{"time":2.4,"name":"EF/MD/ef_charge_A_main/ef_charge_A_main_00003"},{"time":2.4333,"name":"EF/MD/ef_charge_A_main/ef_charge_A_main_00004"},{"time":2.4666,"name":"EF/MD/ef_charge_A_main/ef_charge_A_main_00005"},{"time":2.5333,"name":"EF/MD/ef_charge_A_main/ef_charge_A_main_00006"},{"time":2.6,"name":"EF/MD/ef_charge_A_main/ef_charge_A_main_00007"},{"time":2.7,"name":"EF/MD/ef_charge_A_main/ef_charge_A_main_00008"},{"time":2.8,"name":"EF/MD/ef_charge_A_main/ef_charge_A_main_00009"},{"time":2.9,"name":"EF/MD/ef_charge_A_main/ef_charge_A_main_00010"},{"time":3.0333,"name":null}],"color":[{"time":2.8666,"color":"ffffffff"},{"time":3.0333,"color":"ffffff00"}]},"EF_cross1_1":{"attachment":[{"time":0.0666,"name":"EF/MD/EF_cross/ef_cross_blue_main_00001"},{"time":0.5666,"name":"EF/MD/EF_cross/ef_cross_blue_main_00001"},{"time":0.6666,"name":"EF/MD/EF_cross/ef_cross_blue_main_00001"},{"time":0.7,"name":"EF/MD/EF_cross/ef_cross_blue_main_00002"},{"time":0.7333,"name":"EF/MD/EF_cross/ef_cross_blue_main_00003"},{"time":0.7666,"name":"EF/MD/EF_cross/ef_cross_blue_main_00004"},{"time":0.8,"name":"EF/MD/EF_cross/ef_cross_blue_main_00001"},{"time":2.6666,"name":null}],"color":[{"time":0,"color":"ffffff00"},{"time":0.2,"color":"ffffffff","curve":"stepped"},{"time":2.3,"color":"ffffffff","curve":[0.326,0.87,0.75,1]},{"time":2.6666,"color":"ffffff00"}]},"EF_rune1_1":{"attachment":[{"time":0.7,"name":"EF/MD/ef_rune_main/ef_rune_main_00001"},{"time":0.7666,"name":"EF/MD/ef_rune_main/ef_rune_main_00002"},{"time":0.8,"name":"EF/MD/ef_rune_main/ef_rune_main_00003"},{"time":0.8666,"name":"EF/MD/ef_rune_main/ef_rune_main_00004"},{"time":0.9333,"name":"EF/MD/ef_rune_main/ef_rune_main_00005"},{"time":0.9666,"name":"EF/MD/ef_rune_main/ef_rune_main_00006"},{"time":1.0333,"name":"EF/MD/ef_rune_main/ef_rune_main_00007"},{"time":1.0666,"name":"EF/MD/ef_rune_main/ef_rune_main_00008"},{"time":1.1333,"name":"EF/MD/ef_rune_main/ef_rune_main_00009"},{"time":1.2,"name":"EF/MD/ef_rune_main/ef_rune_main_00010"},{"time":1.2333,"name":"EF/MD/ef_rune_main/ef_rune_main_00011"},{"time":1.3,"name":"EF/MD/ef_rune_main/ef_rune_main_00012"},{"time":1.3666,"name":"EF/MD/ef_rune_main/ef_rune_main_00013"},{"time":1.4,"name":"EF/MD/ef_rune_main/ef_rune_main_00014"},{"time":1.4666,"name":"EF/MD/ef_rune_main/ef_rune_main_00015"},{"time":1.5333,"name":"EF/MD/ef_rune_main/ef_rune_main_00016"},{"time":1.5666,"name":"EF/MD/ef_rune_main/ef_rune_main_00017"},{"time":1.6333,"name":"EF/MD/ef_rune_main/ef_rune_main_00018"},{"time":1.6666,"name":"EF/MD/ef_rune_main/ef_rune_main_00019"},{"time":1.7333,"name":"EF/MD/ef_rune_main/ef_rune_main_00020"},{"time":1.8,"name":"EF/MD/ef_rune_main/ef_rune_main_00021"},{"time":1.8333,"name":"EF/MD/ef_rune_main/ef_rune_main_00022"},{"time":1.9,"name":"EF/MD/ef_rune_main/ef_rune_main_00023"},{"time":1.9666,"name":"EF/MD/ef_rune_main/ef_rune_main_00024"},{"time":2,"name":"EF/MD/ef_rune_main/ef_rune_main_00025"},{"time":2.0666,"name":"EF/MD/ef_rune_main/ef_rune_main_00026"},{"time":2.1,"name":"EF/MD/ef_rune_main/ef_rune_main_00027"},{"time":2.1666,"name":"EF/MD/ef_rune_main/ef_rune_main_00028"},{"time":2.2333,"name":"EF/MD/ef_rune_main/ef_rune_main_00029"},{"time":2.2666,"name":"EF/MD/ef_rune_main/ef_rune_main_00030"},{"time":2.3333,"name":null}]},"EF_tower1_1":{"attachment":[{"time":2.3333,"name":"EF/MD/EF_tower/ef_MD_tower_00"},{"time":2.3666,"name":"EF/MD/EF_tower/ef_MD_tower_01"},{"time":2.4,"name":"EF/MD/EF_tower/ef_MD_tower_02"},{"time":2.4333,"name":"EF/MD/EF_tower/ef_MD_tower_03"},{"time":2.4666,"name":"EF/MD/EF_tower/ef_MD_tower_04"},{"time":2.5333,"name":"EF/MD/EF_tower/ef_MD_tower_05"},{"time":2.6,"name":"EF/MD/EF_tower/ef_MD_tower_06"},{"time":2.6666,"name":"EF/MD/EF_tower/ef_MD_tower_07"},{"time":2.7333,"name":"EF/MD/EF_tower/ef_MD_tower_08"},{"time":2.8,"name":null}],"color":[{"time":2.6333,"color":"ffffffff"},{"time":2.8,"color":"ffffff00"}]},"EF_wave2_1":{"attachment":[{"time":2.3333,"name":"EF/ef_graund_wave_dark/ef_graund_wave_dark_00001"},{"time":2.3666,"name":"EF/ef_graund_wave_dark/ef_graund_wave_dark_00002"},{"time":2.4,"name":"EF/ef_graund_wave_dark/ef_graund_wave_dark_00003"},{"time":2.4333,"name":"EF/ef_graund_wave_dark/ef_graund_wave_dark_00004"},{"time":2.4666,"name":"EF/ef_graund_wave_dark/ef_graund_wave_dark_00005"},{"time":2.5,"name":"EF/ef_graund_wave_dark/ef_graund_wave_dark_00006"},{"time":2.5333,"name":"EF/ef_graund_wave_dark/ef_graund_wave_dark_00007"},{"time":2.5666,"name":"EF/ef_graund_wave_dark/ef_graund_wave_dark_00008"},{"time":2.6,"name":"EF/ef_graund_wave_dark/ef_graund_wave_dark_00009"},{"time":2.6333,"name":"EF/ef_graund_wave_dark/ef_graund_wave_dark_00010"},{"time":2.6666,"name":"EF/ef_graund_wave_dark/ef_graund_wave_dark_00011"},{"time":2.7,"name":"EF/ef_graund_wave_dark/ef_graund_wave_dark_00012"},{"time":2.7333,"name":null}]},"MAIN":{"attachment":[{"time":0,"name":"kneel1_00"}]},"MD_shock1_1":{"attachment":[{"time":2.3333,"name":"EF/MD/ef_MD_shock1/ef_MD_shock_00"},{"time":2.3666,"name":"EF/MD/ef_MD_shock1/ef_MD_shock_01"},{"time":2.4,"name":"EF/MD/ef_MD_shock1/ef_MD_shock_02"},{"time":2.4333,"name":"EF/MD/ef_MD_shock1/ef_MD_shock_03"},{"time":2.4666,"name":"EF/MD/ef_MD_shock1/ef_MD_shock_04"},{"time":2.5,"name":"EF/MD/ef_MD_shock1/ef_MD_shock_05"},{"time":2.5333,"name":"EF/MD/ef_MD_shock1/ef_MD_shock_06"},{"time":2.5666,"name":"EF/MD/ef_MD_shock1/ef_MD_shock_07"},{"time":2.6,"name":"EF/MD/ef_MD_shock1/ef_MD_shock_08"},{"time":2.6333,"name":"EF/MD/ef_MD_shock1/ef_MD_shock_09"},{"time":2.6666,"name":"EF/MD/ef_MD_shock1/ef_MD_shock_10"},{"time":2.7,"name":"EF/MD/ef_MD_shock1/ef_MD_shock_11"},{"time":2.7333,"name":null}]},"MD_shock2_1":{"attachment":[{"time":2.3333,"name":"EF/MD/ef_MD_shock2/ef_MD_shock2_00"},{"time":2.4,"name":"EF/MD/ef_MD_shock2/ef_MD_shock2_01"},{"time":2.4666,"name":"EF/MD/ef_MD_shock2/ef_MD_shock2_02"},{"time":2.5333,"name":"EF/MD/ef_MD_shock2/ef_MD_shock2_03"},{"time":2.6,"name":"EF/MD/ef_MD_shock2/ef_MD_shock2_04"},{"time":2.6666,"name":"EF/MD/ef_MD_shock2/ef_MD_shock2_05"},{"time":2.7333,"name":"EF/MD/ef_MD_shock2/ef_MD_shock2_06"},{"time":2.8333,"name":"EF/MD/ef_MD_shock2/ef_MD_shock2_07"},{"time":2.9333,"name":"EF/MD/ef_MD_shock2/ef_MD_shock2_08"},{"time":3.0333,"name":"EF/MD/ef_MD_shock2/ef_MD_shock2_09"},{"time":3.1333,"name":"EF/MD/ef_MD_shock2/ef_MD_shock2_10"},{"time":3.2333,"name":null}]},"MD_shock2_2":{"attachment":[{"time":2.3666,"name":"EF/MD/ef_MD_shock2/ef_MD_shock2_00"},{"time":2.4333,"name":"EF/MD/ef_MD_shock2/ef_MD_shock2_01"},{"time":2.5,"name":"EF/MD/ef_MD_shock2/ef_MD_shock2_02"},{"time":2.5666,"name":"EF/MD/ef_MD_shock2/ef_MD_shock2_03"},{"time":2.6333,"name":"EF/MD/ef_MD_shock2/ef_MD_shock2_04"},{"time":2.7,"name":"EF/MD/ef_MD_shock2/ef_MD_shock2_05"},{"time":2.7666,"name":"EF/MD/ef_MD_shock2/ef_MD_shock2_06"},{"time":2.8666,"name":"EF/MD/ef_MD_shock2/ef_MD_shock2_07"},{"time":2.9666,"name":"EF/MD/ef_MD_shock2/ef_MD_shock2_08"},{"time":3.0666,"name":"EF/MD/ef_MD_shock2/ef_MD_shock2_09"},{"time":3.1666,"name":"EF/MD/ef_MD_shock2/ef_MD_shock2_10"},{"time":3.2666,"name":null}]}},"bones":{"MAIN":{"translate":[{"time":0,"x":1.71,"y":0}]},"EF_cross1_1":{"translate":[{"time":0.0666,"x":-201.78,"y":-9.59}],"scale":[{"time":0.0666,"x":2.46,"y":2.46,"curve":"stepped"},{"time":0.5666,"x":2.46,"y":2.46},{"time":0.6666,"x":4.937,"y":4.937,"curve":"stepped"},{"time":2.3,"x":4.937,"y":4.937,"curve":[0.173,0.75,0.75,1]},{"time":2.6666,"x":6,"y":6}]},"EF_auracricle1_1":{"translate":[{"time":0.6666,"x":-201.2,"y":0}],"scale":[{"time":2.2,"x":1,"y":1,"curve":[0.118,0.77,0.75,1]},{"time":2.7666,"x":1.601,"y":1.601}]},"EF_charge1_1":{"translate":[{"time":0.7,"x":-101.35,"y":-59.28,"curve":"stepped"},{"time":2.3333,"x":-108.68,"y":-9.79}],"scale":[{"time":0.7,"x":1,"y":1},{"time":0.8666,"x":3.011,"y":3.011,"curve":"stepped"},{"time":2.3333,"x":1,"y":1},{"time":2.4666,"x":2.5,"y":2.5},{"time":3,"x":6,"y":6}]},"EF_rune1_1":{"translate":[{"time":0.7,"x":-250,"y":43.65}],"scale":[{"time":0.7,"x":1,"y":1,"curve":[0.2,0.62,0.75,1]},{"time":1.5333,"x":2,"y":2,"curve":"stepped"},{"time":1.9666,"x":2,"y":2,"curve":[0.842,0.04,0.923,0.11]},{"time":2.1666,"x":1,"y":1}]},"EF_wave2_1":{"translate":[{"time":2.3333,"x":-300,"y":0}],"scale":[{"time":2.3333,"x":4.683,"y":4.683}]},"MD_shock1_1":{"translate":[{"time":2.3333,"x":-357.42,"y":0}],"scale":[{"time":2.3333,"x":4.5,"y":4.5}]},"MD_shock2_1":{"translate":[{"time":2.3333,"x":-299.71,"y":27.05}],"scale":[{"time":2.3333,"x":4,"y":4,"curve":"stepped"},{"time":2.7333,"x":4,"y":4,"curve":[0.194,0.84,0.75,1]},{"time":3.2,"x":4.5,"y":4.5}]},"MD_shock2_2":{"translate":[{"time":2.3666,"x":-298.63,"y":27.05}],"scale":[{"time":2.3666,"x":3,"y":3,"curve":"stepped"},{"time":2.7666,"x":3,"y":3,"curve":[0.194,0.84,0.75,1]},{"time":3.2333,"x":3.5,"y":3.5}]},"EF_tower1_1":{"translate":[{"time":2.3333,"x":-400,"y":0}],"scale":[{"time":2.3333,"x":6,"y":6}]}}},"surprised":{"slots":{"MAIN":{"attachment":[{"time":0,"name":"surprised_00"}]}}}}}