{"skeleton":{"hash":"6lxUFY0lqV5c1JgmBovZQL2OO5s","spine":"3.0.12","width":853,"height":634,"images":"./images2/"},"bones":[{"name":"root"},{"name":"Wing2","parent":"root","x":-35,"scaleX":-1},{"name":"Wing1","parent":"root","x":35},{"name":"S2_wave5","parent":"root","x":367.97,"y":-414.73,"scaleX":2,"scaleY":2},{"name":"S2_wave4","parent":"root","x":367.97,"y":-379.12,"scaleX":2,"scaleY":2},{"name":"S2_wave3","parent":"root","x":367.97,"y":-334.55,"scaleX":2,"scaleY":2},{"name":"S2_wave2","parent":"root","x":367.97,"y":-288.02,"scaleX":2,"scaleY":2},{"name":"S2_wave1","parent":"root","x":367.97,"y":-240.5,"scaleX":2,"scaleY":2},{"name":"S1_weapon","parent":"root","x":243.4,"y":-246.72},{"name":"MAIN","parent":"root","y":70,"color":"17009bff"},{"name":"SHADOW-OFFSET","parent":"MAIN"},{"name":"HITBOX","parent":"MAIN"},{"name":"DAMAGEAREA","parent":"root"},{"name":"A1_slash3","parent":"root","x":658.16,"y":-249.49,"color":"ff0900ff"},{"name":"A1_slash2","parent":"root","x":507.7,"y":-284.97,"color":"ff0900ff"},{"name":"A1_slash1","parent":"root","x":507.7,"y":-248.8,"color":"ff0900ff"}],"slots":[{"name":"grid/nounit(0.88)","bone":"root","color":"8f8f8fff"},{"name":"grid/grid","bone":"root"},{"name":"EF/5120_S1_wave1/100_S1_wave1_00001","bone":"S2_wave1","blend":"additive"},{"name":"EF/5120_S1_wave1/100_S1_wave1_1","bone":"S2_wave2","blend":"additive"},{"name":"EF/5120_S1_wave1/100_S1_wave1_2","bone":"S2_wave3","blend":"additive"},{"name":"EF/5120_S1_wave1/100_S1_wave1_3","bone":"S2_wave4","blend":"additive"},{"name":"EF/5120_S1_wave1/100_S1_wave1_4","bone":"S2_wave5","blend":"additive"},{"name":"Wing1","bone":"Wing1"},{"name":"Wing2","bone":"Wing2"},{"name":"MAIN","bone":"MAIN","attachment":"idle_00"},{"name":"EF/weapon_1","bone":"S1_weapon"},{"name":"EF/EF_slash_DOT_1/L_attackEF_1","bone":"A1_slash1","color":"ff2612ff","blend":"additive"},{"name":"EF/EF_slash_DOT_1/L_attackEF_2","bone":"A1_slash2","color":"ff2612ff","blend":"additive"},{"name":"EF/EF_slash_DOT_1/10000-combo_16_ef2_1B","bone":"A1_slash3","color":"ff2612ff","blend":"additive"},{"name":"EF/EF_slash_DOT_1/10000-combo_16_ef2_1F","bone":"A1_slash3","color":"ff2612ff","blend":"additive"},{"name":"HITBOX","bone":"HITBOX","attachment":"HITBOX"},{"name":"DAMAGEAREA","bone":"DAMAGEAREA"}],"skins":{"default":{"DAMAGEAREA":{"DAMAGEAREA":{"type":"boundingbox","vertices":[-98.29426,97.89999,-98.29426,-98.57386,97.79356,-98.18786,97.79356,97.89999]}},"EF/5120_S1_wave1/100_S1_wave1_00001":{"EF/5120_S1_wave1/100_S1_wave1_00001":{"x":-0.14,"y":7.19,"width":224,"height":224},"EF/5120_S1_wave1/100_S1_wave1_00003":{"x":-0.14,"y":7.19,"width":224,"height":224},"EF/5120_S1_wave1/100_S1_wave1_00004":{"x":-0.14,"y":7.19,"width":224,"height":224},"EF/5120_S1_wave1/100_S1_wave1_00005":{"x":-0.14,"y":7.19,"width":224,"height":224},"EF/5120_S1_wave1/100_S1_wave1_00006":{"x":-0.14,"y":7.19,"width":224,"height":224},"EF/5120_S1_wave1/100_S1_wave1_00007":{"x":-0.14,"y":7.19,"width":224,"height":224},"EF/5120_S1_wave1/100_S1_wave1_00008":{"x":-0.14,"y":7.19,"width":224,"height":224},"EF/5120_S1_wave1/100_S1_wave1_00009":{"x":-0.14,"y":7.19,"width":224,"height":224}},"EF/5120_S1_wave1/100_S1_wave1_1":{"EF/5120_S1_wave1/100_S1_wave1_00001":{"x":-0.14,"y":7.19,"width":224,"height":224},"EF/5120_S1_wave1/100_S1_wave1_00003":{"x":-0.14,"y":7.19,"width":224,"height":224},"EF/5120_S1_wave1/100_S1_wave1_00004":{"x":-0.14,"y":7.19,"width":224,"height":224},"EF/5120_S1_wave1/100_S1_wave1_00005":{"x":-0.14,"y":7.19,"width":224,"height":224},"EF/5120_S1_wave1/100_S1_wave1_00006":{"x":-0.14,"y":7.19,"width":224,"height":224},"EF/5120_S1_wave1/100_S1_wave1_00007":{"x":-0.14,"y":7.19,"width":224,"height":224},"EF/5120_S1_wave1/100_S1_wave1_00008":{"x":-0.14,"y":7.19,"width":224,"height":224},"EF/5120_S1_wave1/100_S1_wave1_00009":{"x":-0.14,"y":7.19,"width":224,"height":224}},"EF/5120_S1_wave1/100_S1_wave1_2":{"EF/5120_S1_wave1/100_S1_wave1_00001":{"x":-0.14,"y":7.19,"width":224,"height":224},"EF/5120_S1_wave1/100_S1_wave1_00003":{"x":-0.14,"y":7.19,"width":224,"height":224},"EF/5120_S1_wave1/100_S1_wave1_00004":{"x":-0.14,"y":7.19,"width":224,"height":224},"EF/5120_S1_wave1/100_S1_wave1_00005":{"x":-0.14,"y":7.19,"width":224,"height":224},"EF/5120_S1_wave1/100_S1_wave1_00006":{"x":-0.14,"y":7.19,"width":224,"height":224},"EF/5120_S1_wave1/100_S1_wave1_00007":{"x":-0.14,"y":7.19,"width":224,"height":224},"EF/5120_S1_wave1/100_S1_wave1_00008":{"x":-0.14,"y":7.19,"width":224,"height":224},"EF/5120_S1_wave1/100_S1_wave1_00009":{"x":-0.14,"y":7.19,"width":224,"height":224}},"EF/5120_S1_wave1/100_S1_wave1_3":{"EF/5120_S1_wave1/100_S1_wave1_00001":{"x":-0.14,"y":7.19,"width":224,"height":224},"EF/5120_S1_wave1/100_S1_wave1_00003":{"x":-0.14,"y":7.19,"width":224,"height":224},"EF/5120_S1_wave1/100_S1_wave1_00004":{"x":-0.14,"y":7.19,"width":224,"height":224},"EF/5120_S1_wave1/100_S1_wave1_00005":{"x":-0.14,"y":7.19,"width":224,"height":224},"EF/5120_S1_wave1/100_S1_wave1_00006":{"x":-0.14,"y":7.19,"width":224,"height":224},"EF/5120_S1_wave1/100_S1_wave1_00007":{"x":-0.14,"y":7.19,"width":224,"height":224},"EF/5120_S1_wave1/100_S1_wave1_00008":{"x":-0.14,"y":7.19,"width":224,"height":224},"EF/5120_S1_wave1/100_S1_wave1_00009":{"x":-0.14,"y":7.19,"width":224,"height":224}},"EF/5120_S1_wave1/100_S1_wave1_4":{"EF/5120_S1_wave1/100_S1_wave1_00001":{"x":-0.14,"y":7.19,"width":224,"height":224},"EF/5120_S1_wave1/100_S1_wave1_00003":{"x":-0.14,"y":7.19,"width":224,"height":224},"EF/5120_S1_wave1/100_S1_wave1_00004":{"x":-0.14,"y":7.19,"width":224,"height":224},"EF/5120_S1_wave1/100_S1_wave1_00005":{"x":-0.14,"y":7.19,"width":224,"height":224},"EF/5120_S1_wave1/100_S1_wave1_00006":{"x":-0.14,"y":7.19,"width":224,"height":224},"EF/5120_S1_wave1/100_S1_wave1_00007":{"x":-0.14,"y":7.19,"width":224,"height":224},"EF/5120_S1_wave1/100_S1_wave1_00008":{"x":-0.14,"y":7.19,"width":224,"height":224},"EF/5120_S1_wave1/100_S1_wave1_00009":{"x":-0.14,"y":7.19,"width":224,"height":224}},"EF/EF_slash_DOT_1/10000-combo_16_ef2_1B":{"EF/EF_slash_DOT_1/10000-combo_16_ef2_1B":{"x":-46.16,"y":-24.2,"width":412,"height":342},"EF/EF_slash_DOT_1/10000-combo_16_ef2_1Ba":{"x":-46.16,"y":-24.2,"width":412,"height":342}},"EF/EF_slash_DOT_1/10000-combo_16_ef2_1F":{"EF/EF_slash_DOT_1/10000-combo_16_ef2_1F":{"x":-46.2,"y":-24.23,"width":412,"height":342}},"EF/EF_slash_DOT_1/L_attackEF_1":{"EF/EF_slash_DOT_1/L_attackEF_1":{"x":45.34,"y":26.25,"width":128,"height":128},"EF/EF_slash_DOT_1/L_attackEF_2":{"x":45.34,"y":26.25,"width":128,"height":128},"EF/EF_slash_DOT_1/L_attackEF_3":{"x":45.34,"y":26.25,"width":128,"height":128}},"EF/EF_slash_DOT_1/L_attackEF_2":{"EF/EF_slash_DOT_1/L_attackEF_1":{"x":45.34,"y":26.25,"width":128,"height":128},"EF/EF_slash_DOT_1/L_attackEF_2":{"x":45.34,"y":26.25,"width":128,"height":128},"EF/EF_slash_DOT_1/L_attackEF_3":{"x":45.34,"y":26.25,"width":128,"height":128}},"EF/weapon_1":{"EF/weapon_1":{"x":-14.47,"y":28.58,"width":256,"height":200}},"HITBOX":{"HITBOX":{"type":"boundingbox","vertices":[-48.19697,49.08148,-48.85496,-71.33236,52.47687,-71.00335,52.47687,49.08148]}},"MAIN":{"attack_00":{"x":35,"y":98,"width":853,"height":634},"attack_01":{"x":35,"y":98,"width":853,"height":634},"attack_02":{"x":35,"y":98,"width":853,"height":634},"attack_03":{"x":40,"y":98,"width":853,"height":634},"attack_04":{"x":40,"y":98,"width":853,"height":634},"attack_05":{"x":40,"y":98,"width":853,"height":634},"attack_06":{"x":40,"y":98,"width":853,"height":634},"attack_07":{"x":40,"y":98,"width":853,"height":634},"attack_08":{"x":40,"y":98,"width":853,"height":634},"attack_09":{"x":40,"y":98,"width":853,"height":634},"attack_10":{"x":45,"y":98,"width":853,"height":634},"attack_11":{"x":45,"y":98,"width":853,"height":634},"attack_12":{"x":45,"y":98,"width":853,"height":634},"back_00":{"x":20,"y":105,"width":853,"height":634},"damage_00":{"x":8,"y":100,"width":853,"height":634},"front_00":{"x":30,"y":100,"width":853,"height":634},"idle_00":{"x":28,"y":100,"width":853,"height":634},"idle_01":{"x":28,"y":100,"width":853,"height":634},"idle_02":{"x":28,"y":100,"width":853,"height":634},"idle_03":{"x":28,"y":100,"width":853,"height":634},"idle_04":{"x":28,"y":100,"width":853,"height":634},"kneel_00":{"y":-12.22,"width":450,"height":316},"skill1_00":{"x":16.09,"y":95,"width":853,"height":634},"skill1_01":{"x":16.09,"y":95,"width":853,"height":634},"skill1_02":{"x":16.09,"y":95,"width":853,"height":634},"skill1_03":{"x":15,"y":100,"width":853,"height":634},"skill1_04":{"x":15,"y":100,"width":853,"height":634},"skill1_05":{"x":15,"y":100,"width":853,"height":634},"skill1_06":{"x":30,"y":100,"width":853,"height":634},"skill1_07":{"x":35,"y":100,"width":853,"height":634},"skill1_08":{"x":50,"y":98.01,"width":853,"height":634},"skill1_09":{"x":50,"y":98,"width":853,"height":634},"skill1_10":{"x":50,"y":98,"width":853,"height":634},"skill1_11":{"x":40,"y":100,"width":853,"height":634},"skill1_12":{"x":40,"y":100,"width":853,"height":634},"skill1_13":{"x":40,"y":100,"width":853,"height":634},"skill1_14":{"x":13,"y":100,"width":853,"height":634},"skill2_00":{"x":16.09,"y":98.57,"width":853,"height":634},"skill2_01":{"x":16.09,"y":98.57,"width":853,"height":634},"skill2_02":{"x":16.09,"y":98.57,"width":853,"height":634},"skill2_03":{"x":16.09,"y":98.57,"width":853,"height":634},"skill2_04":{"x":30,"y":98,"width":853,"height":634},"skill2_05":{"x":30,"y":98,"width":853,"height":634},"skill2_06":{"x":30,"y":98,"width":853,"height":634},"skill2_07":{"x":30,"y":98,"width":853,"height":634},"skill2_08":{"x":15,"y":95,"width":853,"height":634},"skill2_09":{"x":15,"y":95,"width":853,"height":634},"skill2_10":{"x":15,"y":95,"width":853,"height":634},"skill2_11":{"x":15,"y":95,"width":853,"height":634},"skill3_00":{"x":30.68,"y":95.54,"width":853,"height":634},"skill3_01":{"x":30.68,"y":95.54,"width":853,"height":634},"skill3_02":{"x":17.43,"y":101.33,"width":853,"height":634},"skill3_03":{"x":17.43,"y":101.33,"width":853,"height":634},"skill3_04":{"x":25.71,"y":95.54,"width":853,"height":634},"skill3_05":{"x":23.23,"y":107.96,"width":853,"height":634},"skill3_06":{"x":28.2,"y":95.54,"width":853,"height":634},"skill3_07":{"x":28.2,"y":95.54,"width":853,"height":634},"skill3_08":{"x":24.88,"y":113.75,"width":853,"height":634},"skill3_09":{"x":24.88,"y":113.75,"width":853,"height":634}},"Wing1":{"EF/550_S2_wing1/550_S2_wing1_00038":{"x":43.43,"y":77.85,"width":250,"height":250}},"Wing2":{"EF/550_S2_wing1/550_S2_wing1_00038":{"x":43.43,"y":77.85,"width":250,"height":250}}}},"events":{"Event":{},"Hit":{},"HitEffect":{},"Sound1":{},"Sound2":{},"Sound3":{},"View":{},"Voice":{}},"animations":{"attack1":{"slots":{"DAMAGEAREA":{"attachment":[{"time":0.1666,"name":"DAMAGEAREA"},{"time":0.2333,"name":null},{"time":0.3333,"name":"DAMAGEAREA"},{"time":0.4,"name":null},{"time":0.5,"name":"DAMAGEAREA"},{"time":0.5666,"name":null},{"time":1,"name":"DAMAGEAREA"},{"time":1.0666,"name":null}]},"EF/EF_slash_DOT_1/10000-combo_16_ef2_1B":{"attachment":[{"time":0,"name":null},{"time":0.1666,"name":"EF/EF_slash_DOT_1/10000-combo_16_ef2_1B"},{"time":0.2,"name":null},{"time":0.3333,"name":"EF/EF_slash_DOT_1/10000-combo_16_ef2_1Ba"},{"time":0.3666,"name":null}]},"EF/EF_slash_DOT_1/10000-combo_16_ef2_1F":{"attachment":[{"time":0,"name":null},{"time":0.1666,"name":"EF/EF_slash_DOT_1/10000-combo_16_ef2_1F"},{"time":0.2,"name":null},{"time":0.3333,"name":"EF/EF_slash_DOT_1/10000-combo_16_ef2_1F"},{"time":0.3666,"name":null}]},"EF/EF_slash_DOT_1/L_attackEF_1":{"attachment":[{"time":0,"name":null},{"time":0.1666,"name":null},{"time":0.5,"name":"EF/EF_slash_DOT_1/L_attackEF_1"},{"time":0.5333,"name":null},{"time":0.9333,"name":"EF/EF_slash_DOT_1/L_attackEF_1"},{"time":0.9666,"name":null}]},"EF/EF_slash_DOT_1/L_attackEF_2":{"attachment":[{"time":0.5,"name":"EF/EF_slash_DOT_1/L_attackEF_1"},{"time":0.5333,"name":null},{"time":0.9333,"name":"EF/EF_slash_DOT_1/L_attackEF_1"},{"time":0.9666,"name":null}]},"MAIN":{"attachment":[{"time":0,"name":"attack_00"},{"time":0.0666,"name":"attack_01"},{"time":0.1333,"name":"attack_02"},{"time":0.1666,"name":"attack_03"},{"time":0.2333,"name":"attack_06"},{"time":0.3333,"name":"attack_07"},{"time":0.4,"name":"attack_08"},{"time":0.4333,"name":"skill1_05"},{"time":0.5,"name":"skill1_03"},{"time":0.5666,"name":"skill1_04"},{"time":0.6333,"name":"attack_10"},{"time":0.7666,"name":"attack_11"},{"time":0.8333,"name":"attack_12"},{"time":0.9333,"name":"skill2_08"},{"time":1.1666,"name":"skill2_00"},{"time":1.2,"name":"skill2_01"},{"time":1.2666,"name":"skill2_02"},{"time":1.3666,"name":"skill2_01"},{"time":1.4333,"name":"skill2_00"},{"time":1.5,"name":"idle_01"}]}},"bones":{"MAIN":{"translate":[{"time":0,"x":0,"y":0,"curve":"stepped"},{"time":0.1666,"x":0,"y":0,"curve":[0.22,0.45,0.757,0.94]},{"time":0.2333,"x":-25,"y":0,"curve":"stepped"},{"time":0.3333,"x":-25,"y":0,"curve":[0.25,0,0.75,1]},{"time":0.4333,"x":-50,"y":0,"curve":[0.552,0.15,0.402,0.06]},{"time":0.5333,"x":-92.56,"y":0,"curve":"stepped"},{"time":0.7,"x":-102.41,"y":0,"curve":[0.25,0,0.75,1]},{"time":0.8333,"x":-98.88,"y":0,"curve":"stepped"},{"time":0.9333,"x":-55,"y":0,"curve":[0.227,0.36,0.599,0.71]},{"time":1.0333,"x":29.73,"y":16,"curve":[0.363,0.59,0.759,1]},{"time":1.1666,"x":85,"y":0,"curve":[0.204,0.45,0.75,1]},{"time":1.4,"x":105,"y":0}]},"A1_slash1":{"rotate":[{"time":0.1666,"angle":114.45,"curve":"stepped"},{"time":0.5,"angle":52.05,"curve":"stepped"},{"time":0.9333,"angle":154.36}],"translate":[{"time":0.1666,"x":-506.11,"y":100.18,"curve":"stepped"},{"time":0.5,"x":-663.4,"y":251.45,"curve":"stepped"},{"time":0.9333,"x":-673.39,"y":407.2}],"scale":[{"time":0.1666,"x":-2.061,"y":-2.299,"curve":"stepped"},{"time":0.5,"x":2.986,"y":-2.179,"curve":"stepped"},{"time":0.9333,"x":-3.14,"y":1.598}]},"A1_slash3":{"rotate":[{"time":0.1666,"angle":-0.14,"curve":"stepped"},{"time":0.3333,"angle":-5.15}],"translate":[{"time":0.1666,"x":-599.43,"y":272.7,"curve":"stepped"},{"time":0.3333,"x":-640.44,"y":272.96}],"scale":[{"time":0.1666,"x":0.955,"y":-0.435,"curve":"stepped"},{"time":0.3333,"x":0.882,"y":-0.625}]},"A1_slash2":{"rotate":[{"time":0.5,"angle":46.58,"curve":"stepped"},{"time":0.9333,"angle":95.1}],"translate":[{"time":0.5,"x":-494.22,"y":469.54,"curve":"stepped"},{"time":0.9333,"x":-512.04,"y":459.23}],"scale":[{"time":0.5,"x":-2.754,"y":1.693,"curve":"stepped"},{"time":0.9333,"x":-2.293,"y":2.679}]},"DAMAGEAREA":{"translate":[{"time":0.1666,"x":-84.02,"y":38.21,"curve":"stepped"},{"time":0.3333,"x":-106.99,"y":52.63,"curve":"stepped"},{"time":1,"x":-100.8,"y":70.48}],"scale":[{"time":0.1666,"x":0.889,"y":0.395,"curve":"stepped"},{"time":0.3333,"x":0.889,"y":0.613,"curve":"stepped"},{"time":0.5,"x":1.402,"y":0.613,"curve":"stepped"},{"time":1,"x":1.019,"y":0.791}]}},"drawOrder":[{"time":0.1666,"offsets":[{"slot":"MAIN","offset":3},{"slot":"EF/weapon_1","offset":3},{"slot":"EF/EF_slash_DOT_1/L_attackEF_2","offset":2}]},{"time":0.3333,"offsets":[{"slot":"EF/EF_slash_DOT_1/10000-combo_16_ef2_1B","offset":-3}]}],"events":[{"time":0,"name":"HitEffect","string":"setHitEffect(hit06a,1,1,1)"},{"time":0.1333,"name":"Sound2","string":"cri_se_battle_arrow"},{"time":0.1666,"name":"Event","float":0.06,"string":"kHitStopType_normal"},{"time":0.1666,"name":"Sound1","string":"setHitSound(se_battle_018_sword_hit_02)"},{"time":0.1666,"name":"Voice","string":"cri_104_voice_attack_random"},{"time":0.3,"name":"Sound2","string":"cri_se_battle_arrow"},{"time":0.3333,"name":"Hit","string":"resetHitList"},{"time":0.3333,"name":"Sound1","string":"setHitSound(se_battle_018_sword_hit_02)"},{"time":0.4333,"name":"Event","float":0.2,"string":"kHitStopType_normal"},{"time":0.4333,"name":"Sound1","string":"cri_se_battle_jump"},{"time":0.4333,"name":"Sound2","string":"setHitSound(se_battle_018_sword_hit_02)"},{"time":0.4666,"name":"Event","string":"setHitBackEnemy(10,30)"},{"time":0.5,"name":"Hit","string":"resetHitList"},{"time":0.5,"name":"Sound1","string":"cri_se_battle_033_explosion_element_01"},{"time":0.5333,"name":"Event","float":0.02,"string":"kHitStopType_normal"},{"time":0.5333,"name":"Sound1","string":"setHitSound(se_battle_explosion_short)"},{"time":0.6,"name":"Event","int":300,"string":"kImpactType_up"},{"time":0.8333,"name":"Voice","string":"cri_104_voice_attack_c"},{"time":0.9,"name":"Sound2","string":"cri_se_battle_arrow"},{"time":0.9333,"name":"Event","float":0.13,"string":"kHitStopType_normal"},{"time":0.9333,"name":"Hit","float":1.25,"string":"resetHitList"},{"time":0.9333,"name":"Sound1","string":"setHitSound(se_battle_017_sword_hit_01)"},{"time":0.9333,"name":"Sound2","string":"cri_se_battle_jump"},{"time":0.9666,"name":"Sound1","string":"setHitSound(se_battle_018_sword_hit_02)"},{"time":1.1666,"name":"Sound2","string":"cri_se_battle_landing"}]},"back":{"slots":{"MAIN":{"attachment":[{"time":0,"name":"back_00"},{"time":0.2666,"name":"idle_03"},{"time":0.4333,"name":"idle_04"},{"time":0.6,"name":"idle_00"}]}},"bones":{"MAIN":{"translate":[{"time":0,"x":0,"y":0,"curve":[0.226,0.34,0.587,0.69]},{"time":0.1,"x":69.22,"y":20,"curve":[0.339,0.57,0.764,1]},{"time":0.3,"x":130,"y":0,"curve":[0.201,0.33,0.75,1]},{"time":0.4666,"x":140,"y":0}]}},"events":[{"time":0,"name":"Sound2","string":"cri_se_battle_jump"},{"time":0.2666,"name":"Sound2","string":"cri_se_battle_landing"}]},"cast":{"slots":{"EF/EF_slash_DOT_1/10000-combo_16_ef2_1B":{"attachment":[{"time":0,"name":null}]},"EF/EF_slash_DOT_1/10000-combo_16_ef2_1F":{"attachment":[{"time":0,"name":null}]},"EF/EF_slash_DOT_1/L_attackEF_1":{"attachment":[{"time":0,"name":null}]},"MAIN":{"attachment":[{"time":0,"name":"attack_09"},{"time":0.0666,"name":"attack_10"},{"time":0.2,"name":"attack_11"},{"time":0.3333,"name":"attack_12"},{"time":0.4666,"name":"skill2_08"},{"time":0.6666,"name":"skill2_00"},{"time":0.7,"name":"skill2_01"},{"time":0.7666,"name":"skill2_02"},{"time":0.8666,"name":"skill2_01"},{"time":0.9333,"name":"skill2_00"},{"time":1,"name":"skill2_00"}]}},"bones":{"MAIN":{"translate":[{"time":0,"x":0,"y":0,"curve":[0.25,0,0.75,1]},{"time":0.2,"x":-10,"y":0,"curve":"stepped"},{"time":0.4666,"x":-5,"y":0,"curve":[0.227,0.36,0.599,0.71]},{"time":0.5666,"x":80,"y":16,"curve":[0.363,0.59,0.759,1]},{"time":0.7,"x":125,"y":0,"curve":[0.204,0.45,0.75,1]},{"time":0.9333,"x":140,"y":0}]}},"events":[{"time":0.3333,"name":"Voice","string":"cri_104_voice_item"}]},"damage":{"slots":{"MAIN":{"attachment":[{"time":0,"name":"damage_00"}]}}},"front":{"slots":{"MAIN":{"attachment":[{"time":0,"name":"front_00"}]}}},"idle":{"slots":{"MAIN":{"attachment":[{"time":0,"name":"idle_00"},{"time":0.1666,"name":"idle_01"},{"time":0.3333,"name":"idle_02"},{"time":0.5,"name":"idle_03"},{"time":0.6666,"name":"idle_04"},{"time":0.8333,"name":"idle_00"}]}}},"in":{"slots":{"MAIN":{"attachment":[{"time":0,"name":"front_00"},{"time":0.3333,"name":"idle_01"},{"time":0.5,"name":"idle_02"},{"time":0.6666,"name":"idle_03"},{"time":0.8333,"name":"idle_04"},{"time":1,"name":"idle_00"}],"color":[{"time":0,"color":"ffffff00"},{"time":0.3333,"color":"ffffffff"}]}},"bones":{"MAIN":{"translate":[{"time":0,"x":230,"y":0},{"time":0.3333,"x":20,"y":0,"curve":[0,0.85,0.75,1]},{"time":0.8333,"x":0,"y":0}]}},"events":[{"time":0.3666,"name":"Event","string":"takeBattleEffectAnimation(summon_3)"}]},"skill1":{"slots":{"DAMAGEAREA":{"attachment":[{"time":0.2333,"name":"DAMAGEAREA"},{"time":0.4,"name":null},{"time":0.6333,"name":"DAMAGEAREA"},{"time":0.8,"name":null}]},"EF/5120_S1_wave1/100_S1_wave1_00001":{"attachment":[{"time":0.1666,"name":"EF/5120_S1_wave1/100_S1_wave1_00001"},{"time":0.2,"name":"EF/5120_S1_wave1/100_S1_wave1_00003"},{"time":0.2333,"name":"EF/5120_S1_wave1/100_S1_wave1_00004"},{"time":0.2666,"name":"EF/5120_S1_wave1/100_S1_wave1_00005"},{"time":0.3,"name":"EF/5120_S1_wave1/100_S1_wave1_00006"},{"time":0.3333,"name":"EF/5120_S1_wave1/100_S1_wave1_00007"},{"time":0.3666,"name":"EF/5120_S1_wave1/100_S1_wave1_00008"},{"time":0.4,"name":"EF/5120_S1_wave1/100_S1_wave1_00009"},{"time":0.6333,"name":"EF/5120_S1_wave1/100_S1_wave1_00003"},{"time":0.6666,"name":"EF/5120_S1_wave1/100_S1_wave1_00004"},{"time":0.7,"name":"EF/5120_S1_wave1/100_S1_wave1_00005"},{"time":0.7333,"name":"EF/5120_S1_wave1/100_S1_wave1_00006"},{"time":0.7666,"name":"EF/5120_S1_wave1/100_S1_wave1_00007"},{"time":0.8,"name":"EF/5120_S1_wave1/100_S1_wave1_00008"},{"time":0.8333,"name":"EF/5120_S1_wave1/100_S1_wave1_00009"}],"color":[{"time":0.4,"color":"ffffffff"},{"time":0.5,"color":"ffffff00","curve":"stepped"},{"time":0.6333,"color":"ffffffff","curve":"stepped"},{"time":0.8333,"color":"ffffffff"},{"time":0.9333,"color":"ffffff00"}]},"EF/weapon_1":{"attachment":[{"time":0.3666,"name":"EF/weapon_1"},{"time":1.2333,"name":null}]},"MAIN":{"attachment":[{"time":0,"name":"skill1_00"},{"time":0.0666,"name":"skill1_01"},{"time":0.1,"name":"skill1_02"},{"time":0.1666,"name":"skill1_03"},{"time":0.2333,"name":"skill1_04"},{"time":0.3,"name":"skill1_05"},{"time":0.3666,"name":"skill1_06"},{"time":0.5,"name":"skill1_07"},{"time":0.6333,"name":"skill1_08"},{"time":0.7,"name":"skill1_09"},{"time":0.8,"name":"skill1_10"},{"time":0.9666,"name":"skill1_11"},{"time":1.0333,"name":"skill1_12"},{"time":1.1,"name":"skill1_13"},{"time":1.2333,"name":"idle_01"},{"time":1.3,"name":"idle_04"},{"time":1.3666,"name":"idle_00"},{"time":1.6333,"name":"attack_00"}]}},"bones":{"MAIN":{"translate":[{"time":0.2,"x":-18.23,"y":66.11,"curve":[0.118,1,0.74,0.99]},{"time":0.6,"x":-120.25,"y":131.04,"curve":"stepped"},{"time":0.6333,"x":-135.23,"y":0}]},"S1_weapon":{"rotate":[{"time":0.3666,"angle":71.46},{"time":0.4666,"angle":-70.94},{"time":0.5666,"angle":145.52},{"time":0.6666,"angle":71.46},{"time":0.7666,"angle":-70.94},{"time":0.8666,"angle":145.52},{"time":0.9666,"angle":71.46},{"time":1.0666,"angle":-70.94},{"time":1.1666,"angle":123.01},{"time":1.2333,"angle":-55.03}],"translate":[{"time":0.3666,"x":-370.03,"y":524.11,"curve":[0.115,0.81,0.479,0.94]},{"time":0.7666,"x":-371.42,"y":806.27,"curve":[0.236,0,0.885,0.19]},{"time":1.2333,"x":-381.56,"y":334.37}]},"S2_wave1":{"translate":[{"time":0.1666,"x":-366.64,"y":247.89,"curve":"stepped"},{"time":0.6333,"x":-628.37,"y":249.94}],"scale":[{"time":0.1666,"x":1.499,"y":1.499,"curve":"stepped"},{"time":0.4,"x":1.499,"y":1.499},{"time":0.5,"x":1.699,"y":1.699,"curve":"stepped"},{"time":0.6333,"x":1.749,"y":1.749,"curve":"stepped"},{"time":0.8333,"x":1.749,"y":1.749},{"time":0.9333,"x":2.249,"y":2.249}]},"DAMAGEAREA":{"translate":[{"time":0.2333,"x":-41.49,"y":118.27},{"time":0.3333,"x":-97.52,"y":143.95,"curve":"stepped"},{"time":0.6333,"x":-247.59,"y":154.16},{"time":0.7333,"x":-279.15,"y":122.35}],"scale":[{"time":0.2333,"x":1.757,"y":1.228},{"time":0.3333,"x":2.158,"y":1.385,"curve":"stepped"},{"time":0.6333,"x":1.019,"y":1.589},{"time":0.7333,"x":1.368,"y":1.317}]}},"events":[{"time":0,"name":"HitEffect","string":"setHitEffect(hit07a,1,1,1)"},{"time":0.1666,"name":"Event","float":0.2,"string":"kHitStopType_normal"},{"time":0.1666,"name":"Sound1","string":"cri_se_battle_jump"},{"time":0.1666,"name":"Sound2","string":"setHitSound(se_battle_018_sword_hit_02)"},{"time":0.1666,"name":"Voice","string":"cri_104_voice_skill_all"},{"time":0.2,"name":"Event","string":"setHitBackEnemy(10,30)"},{"time":0.2333,"name":"Sound1","string":"cri_se_battle_033_explosion_element_01"},{"time":0.2666,"name":"Event","float":0.02,"string":"kHitStopType_normal"},{"time":0.2666,"name":"Hit","string":"resetHitList"},{"time":0.2666,"name":"Sound1","string":"setHitSound(se_battle_explosion_short)"},{"time":0.3,"name":"Hit","string":"resetHitList"},{"time":0.3333,"name":"Event","int":300,"string":"kImpactType_up"},{"time":0.3333,"name":"Hit","string":"resetHitList"},{"time":0.3666,"name":"Event","float":0.2,"string":"kHitStopType_self"},{"time":0.3666,"name":"Hit","string":"resetHitList"},{"time":0.3666,"name":"Sound1","string":"cri_se_battle_sword_swish_heavy"},{"time":0.5666,"name":"Event","float":0.25,"string":"kHitStopType_normal"},{"time":0.6,"name":"Event","int":80,"string":"kImpactType_down"},{"time":0.6,"name":"Sound1","string":"cri_se_battle_sword_swish_heavy"},{"time":0.6,"name":"Sound2","string":"setHitSound(se_battle_thrustviolently)"},{"time":0.6333,"name":"Hit","float":2,"string":"resetHitList"},{"time":0.6333,"name":"HitEffect","string":"setHitEffect(hit02a,1,1,100)"},{"time":0.6333,"name":"Sound1","string":"cri_se_battle_040_weapon_swing"},{"time":0.6333,"name":"Sound2","string":"cri_se_battle_033_explosion_element_01"},{"time":0.6333,"name":"Sound3","string":"cri_se_battle_monster_hit"},{"time":0.6333,"name":"View","string":"shakeGround"},{"time":0.6666,"name":"Event","float":0.07,"string":"kHitStopType_enemyonly"},{"time":0.7,"name":"Hit","float":2,"string":"resetHitList"},{"time":0.7666,"name":"Hit","float":2,"string":"resetHitList"},{"time":0.8666,"name":"Sound1","string":"cri_se_battle_sword_swish_heavy"},{"time":1.1666,"name":"Sound1","string":"cri_se_battle_sword_swish_heavy"},{"time":1.2333,"name":"Sound1","string":"cri_se_battle_landing"}]},"skill2":{"slots":{"DAMAGEAREA":{"attachment":[{"time":1.7666,"name":"DAMAGEAREA"},{"time":2.0666,"name":null},{"time":2.6,"name":"DAMAGEAREA"},{"time":3.0666,"name":null}]},"EF/5120_S1_wave1/100_S1_wave1_00001":{"attachment":[{"time":1.5333,"name":"EF/5120_S1_wave1/100_S1_wave1_00003"},{"time":1.5666,"name":"EF/5120_S1_wave1/100_S1_wave1_00004"},{"time":1.6,"name":"EF/5120_S1_wave1/100_S1_wave1_00005"},{"time":1.6333,"name":"EF/5120_S1_wave1/100_S1_wave1_00006"},{"time":1.6666,"name":"EF/5120_S1_wave1/100_S1_wave1_00007"},{"time":1.7,"name":"EF/5120_S1_wave1/100_S1_wave1_00008"},{"time":1.7333,"name":"EF/5120_S1_wave1/100_S1_wave1_00009"},{"time":2.6,"name":"EF/5120_S1_wave1/100_S1_wave1_00001"},{"time":2.6333,"name":"EF/5120_S1_wave1/100_S1_wave1_00003"},{"time":2.6666,"name":"EF/5120_S1_wave1/100_S1_wave1_00004"},{"time":2.7,"name":"EF/5120_S1_wave1/100_S1_wave1_00005"},{"time":2.7333,"name":"EF/5120_S1_wave1/100_S1_wave1_00006"},{"time":2.7666,"name":"EF/5120_S1_wave1/100_S1_wave1_00007"},{"time":2.8,"name":"EF/5120_S1_wave1/100_S1_wave1_00008"},{"time":2.8333,"name":"EF/5120_S1_wave1/100_S1_wave1_00009"}],"color":[{"time":1.7333,"color":"ffffffff"},{"time":1.8333,"color":"ffffff00","curve":"stepped"},{"time":2.6,"color":"ffffffff","curve":"stepped"},{"time":2.8333,"color":"ffffffff"},{"time":2.9333,"color":"ffffff00"}]},"EF/5120_S1_wave1/100_S1_wave1_1":{"attachment":[{"time":2.6666,"name":"EF/5120_S1_wave1/100_S1_wave1_00001"},{"time":2.7,"name":"EF/5120_S1_wave1/100_S1_wave1_00003"},{"time":2.7333,"name":"EF/5120_S1_wave1/100_S1_wave1_00004"},{"time":2.7666,"name":"EF/5120_S1_wave1/100_S1_wave1_00005"},{"time":2.8,"name":"EF/5120_S1_wave1/100_S1_wave1_00006"},{"time":2.8333,"name":"EF/5120_S1_wave1/100_S1_wave1_00007"},{"time":2.8666,"name":"EF/5120_S1_wave1/100_S1_wave1_00008"},{"time":2.9,"name":"EF/5120_S1_wave1/100_S1_wave1_00009"}],"color":[{"time":2.9,"color":"ffffffff"},{"time":3,"color":"ffffff00"}]},"EF/5120_S1_wave1/100_S1_wave1_2":{"attachment":[{"time":2.7333,"name":"EF/5120_S1_wave1/100_S1_wave1_00001"},{"time":2.7666,"name":"EF/5120_S1_wave1/100_S1_wave1_00003"},{"time":2.8,"name":"EF/5120_S1_wave1/100_S1_wave1_00004"},{"time":2.8333,"name":"EF/5120_S1_wave1/100_S1_wave1_00005"},{"time":2.8666,"name":"EF/5120_S1_wave1/100_S1_wave1_00006"},{"time":2.9,"name":"EF/5120_S1_wave1/100_S1_wave1_00007"},{"time":2.9333,"name":"EF/5120_S1_wave1/100_S1_wave1_00008"},{"time":2.9666,"name":"EF/5120_S1_wave1/100_S1_wave1_00009"}],"color":[{"time":2.9666,"color":"ffffffff"},{"time":3.0666,"color":"ffffff00"}]},"EF/5120_S1_wave1/100_S1_wave1_3":{"attachment":[{"time":2.8,"name":"EF/5120_S1_wave1/100_S1_wave1_00001"},{"time":2.8333,"name":"EF/5120_S1_wave1/100_S1_wave1_00003"},{"time":2.8666,"name":"EF/5120_S1_wave1/100_S1_wave1_00004"},{"time":2.9,"name":"EF/5120_S1_wave1/100_S1_wave1_00005"},{"time":2.9333,"name":"EF/5120_S1_wave1/100_S1_wave1_00006"},{"time":2.9666,"name":"EF/5120_S1_wave1/100_S1_wave1_00007"},{"time":3,"name":"EF/5120_S1_wave1/100_S1_wave1_00008"},{"time":3.0333,"name":"EF/5120_S1_wave1/100_S1_wave1_00009"}],"color":[{"time":3.0333,"color":"ffffffff"},{"time":3.1333,"color":"ffffff00"}]},"EF/5120_S1_wave1/100_S1_wave1_4":{"attachment":[{"time":2.8666,"name":"EF/5120_S1_wave1/100_S1_wave1_00001"},{"time":2.9,"name":"EF/5120_S1_wave1/100_S1_wave1_00003"},{"time":2.9333,"name":"EF/5120_S1_wave1/100_S1_wave1_00004"},{"time":2.9666,"name":"EF/5120_S1_wave1/100_S1_wave1_00005"},{"time":3,"name":"EF/5120_S1_wave1/100_S1_wave1_00006"},{"time":3.0333,"name":"EF/5120_S1_wave1/100_S1_wave1_00007"},{"time":3.0666,"name":"EF/5120_S1_wave1/100_S1_wave1_00008"},{"time":3.1,"name":"EF/5120_S1_wave1/100_S1_wave1_00009"}],"color":[{"time":3.1,"color":"ffffffff"},{"time":3.2,"color":"ffffff00"}]},"MAIN":{"attachment":[{"time":0,"name":"skill1_00"},{"time":0.1666,"name":"skill1_01"},{"time":0.6666,"name":"skill1_02"},{"time":1.5333,"name":"skill1_00"},{"time":1.6,"name":"skill1_01"},{"time":1.6333,"name":"skill1_02"},{"time":1.7,"name":"skill1_03"},{"time":1.7666,"name":"skill1_04"},{"time":1.8333,"name":"skill1_05"},{"time":1.9,"name":"skill1_03"},{"time":1.9666,"name":"skill1_04"},{"time":2.0333,"name":"skill1_05"},{"time":2.1,"name":"skill2_04"},{"time":2.1666,"name":"skill2_05"},{"time":2.2333,"name":"skill2_06"},{"time":2.5,"name":"skill2_08"},{"time":2.5666,"name":"skill2_09"},{"time":2.6333,"name":"skill2_10"},{"time":2.7,"name":"skill2_11"},{"time":2.9,"name":"skill2_00"},{"time":2.9333,"name":"skill2_01"},{"time":3,"name":"skill2_02"},{"time":3.1,"name":"skill2_01"},{"time":3.2,"name":"skill2_00"}]}},"bones":{"MAIN":{"rotate":[{"time":0,"angle":0,"curve":"stepped"},{"time":2.5,"angle":18.17,"curve":"stepped"},{"time":2.9,"angle":0,"curve":"stepped"},{"time":3.6666,"angle":0}],"translate":[{"time":1.7333,"x":-18.23,"y":66.11,"curve":[0.063,0.82,0.492,0.96]},{"time":2.1333,"x":-18.24,"y":131.04,"curve":"stepped"},{"time":2.5,"x":0,"y":140.57},{"time":2.6333,"x":150,"y":201.44,"curve":[0.299,0.13,0.635,0.47]},{"time":2.7,"x":166.09,"y":172.95,"curve":[0.302,0.21,0.639,0.55]},{"time":2.8,"x":190.61,"y":101.34,"curve":[0.317,0.27,0.654,0.6]},{"time":2.9,"x":200,"y":0}]},"S2_wave1":{"translate":[{"time":1.5333,"x":-368.37,"y":245.64,"curve":"stepped"},{"time":2.6,"x":-511.78,"y":256.2}],"scale":[{"time":1.5333,"x":1.999,"y":1.999,"curve":"stepped"},{"time":1.7333,"x":1.999,"y":1.999},{"time":1.8333,"x":2.499,"y":2.499,"curve":"stepped"},{"time":2.6,"x":2.499,"y":2.499,"curve":"stepped"},{"time":2.8333,"x":2.499,"y":2.499},{"time":2.9333,"x":2.999,"y":2.999}]},"S2_wave2":{"translate":[{"time":2.6666,"x":-647.14,"y":307.87}],"scale":[{"time":2.6666,"x":2.499,"y":2.499,"curve":"stepped"},{"time":2.9,"x":2.499,"y":2.499},{"time":3,"x":2.999,"y":2.999}]},"S2_wave3":{"translate":[{"time":2.7333,"x":-778.13,"y":350.67}],"scale":[{"time":2.7333,"x":2.499,"y":2.499,"curve":"stepped"},{"time":2.9666,"x":2.499,"y":2.499},{"time":3.0666,"x":2.999,"y":2.999}]},"S2_wave4":{"translate":[{"time":2.8,"x":-905,"y":394.71}],"scale":[{"time":2.8,"x":2.499,"y":2.499,"curve":"stepped"},{"time":3.0333,"x":2.499,"y":2.499},{"time":3.1333,"x":2.999,"y":2.999}]},"S2_wave5":{"translate":[{"time":2.8666,"x":-1036.31,"y":427.75}],"scale":[{"time":2.8666,"x":2.499,"y":2.499,"curve":"stepped"},{"time":3.1,"x":2.499,"y":2.499},{"time":3.2,"x":2.999,"y":2.999}]},"DAMAGEAREA":{"translate":[{"time":1.7666,"x":-123.26,"y":132.93,"curve":"stepped"},{"time":2.6,"x":-123.26,"y":132.93},{"time":2.9,"x":-350.46,"y":132.93},{"time":3.0333,"x":-558.32,"y":132.93}],"scale":[{"time":1.7666,"x":1.966,"y":1.333,"curve":"stepped"},{"time":2.6,"x":1.966,"y":1.333},{"time":2.9,"x":4.359,"y":1.333},{"time":3.0333,"x":2.884,"y":1.333}]}},"events":[{"time":0,"name":"HitEffect","string":"setHitEffect(hit02a,1,0.8,150)"},{"time":0,"name":"Sound2","string":"cri_se_battle_effect_01"},{"time":0.0333,"name":"Voice","string":"cri_104_voice_fullarts_now"},{"time":0.1,"name":"View","float":1.4,"string":"shakeGround_Loop"},{"time":1.5333,"name":"HitEffect","string":"setHitEffect(hit07a,1,1,1)"},{"time":1.5333,"name":"Sound1","string":"cri_se_battle_jump"},{"time":1.7,"name":"Event","float":0.2,"string":"kHitStopType_normal"},{"time":1.7,"name":"Sound1","string":"cri_se_battle_jump"},{"time":1.7,"name":"View","float":0.67,"string":"shakeGround_Loop"},{"time":1.7333,"name":"Event","string":"setHitBackEnemy(10,30)"},{"time":1.7666,"name":"Sound1","string":"cri_se_battle_033_explosion_element_01"},{"time":1.8,"name":"Event","float":0.02,"string":"kHitStopType_normal"},{"time":1.8,"name":"Hit","string":"resetHitList"},{"time":1.8666,"name":"Hit","string":"resetHitList"},{"time":1.9,"name":"Event","int":300,"string":"kImpactType_up"},{"time":1.9,"name":"Sound1","string":"cri_se_battle_sword_swish_heavy"},{"time":1.9333,"name":"Hit","string":"resetHitList"},{"time":1.9666,"name":"Event","float":1,"string":"kHitStopType_enemyonly"},{"time":2,"name":"Hit","string":"resetHitList"},{"time":2.0333,"name":"Event","int":80,"string":"kImpactType_down"},{"time":2.1,"name":"Event","float":1,"string":"kHitStopType_enemyonly"},{"time":2.1333,"name":"Sound1","string":"cri_se_battle_sword_swish_heavy"},{"time":2.1333,"name":"Sound2","string":"setHitSound(se_battle_thrustviolently)"},{"time":2.1666,"name":"Voice","string":"cri_104_voice_fullarts_rank5"},{"time":2.5,"name":"Sound1","string":"se_battle_040_weapon_swing"},{"time":2.5,"name":"Sound2","string":"cri_se_battle_030_explosion_02"},{"time":2.5333,"name":"Event","float":0.25,"string":"kHitStopType_normal"},{"time":2.5333,"name":"View","float":0.67,"string":"shakeGround_Loop"},{"time":2.5666,"name":"Event","string":"setHitBackEnemy(10,int)"},{"time":2.6,"name":"Event","string":"kImpactType_knock"},{"time":2.6,"name":"Sound1","string":"cri_se_battle_monster_hit"},{"time":2.6,"name":"Sound2","string":"setHitSound(se_battle_explosion_short)"},{"time":2.6333,"name":"Event","float":0.01,"string":"kHitStopType_normal"},{"time":2.6333,"name":"Hit","string":"resetHitList"},{"time":2.6333,"name":"Sound2","string":"setHitSound(empty)"},{"time":2.6666,"name":"Hit","string":"resetHitList"},{"time":2.7,"name":"Hit","string":"resetHitList"},{"time":2.7,"name":"Sound1","string":"cri_se_battle_monster_hit"},{"time":2.7,"name":"Sound2","string":"setHitSound(se_battle_explosion_short)"},{"time":2.7333,"name":"Hit","string":"resetHitList"},{"time":2.7333,"name":"Sound2","string":"setHitSound(empty)"},{"time":2.7666,"name":"Hit","string":"resetHitList"},{"time":2.8,"name":"Hit","string":"resetHitList"},{"time":2.8,"name":"Sound1","string":"cri_se_battle_monster_hit"},{"time":2.8,"name":"Sound2","string":"setHitSound(se_battle_explosion_short)"},{"time":2.8333,"name":"Hit","string":"resetHitList"},{"time":2.8333,"name":"Sound2","string":"setHitSound(empty)"},{"time":2.8666,"name":"Hit","string":"resetHitList"},{"time":2.9,"name":"Hit","string":"resetHitList"},{"time":2.9,"name":"Sound1","string":"cri_se_battle_monster_hit"},{"time":2.9,"name":"Sound2","string":"setHitSound(se_battle_explosion_short)"},{"time":2.9333,"name":"Hit","string":"resetHitList"},{"time":2.9333,"name":"Sound2","string":"setHitSound(empty)"},{"time":2.9666,"name":"Hit","string":"resetHitList"},{"time":3,"name":"Event","float":0.01,"string":"kHitStopType_enemyonly"},{"time":3,"name":"Hit","string":"resetHitList"},{"time":3,"name":"Sound2","string":"setHitSound(se_battle_explosion_short)"},{"time":3.0333,"name":"Sound2","string":"setHitSound(empty)"}]},"skill3":{"slots":{"DAMAGEAREA":{"attachment":[{"time":0.9333,"name":"DAMAGEAREA"},{"time":1,"name":null},{"time":1.1,"name":"DAMAGEAREA"},{"time":1.9,"name":null},{"time":2.0333,"name":"DAMAGEAREA"},{"time":2.1666,"name":null},{"time":2.8666,"name":"DAMAGEAREA"},{"time":3.5333,"name":null}]},"EF/5120_S1_wave1/100_S1_wave1_00001":{"attachment":[{"time":0.2666,"name":"EF/5120_S1_wave1/100_S1_wave1_00003"},{"time":0.3,"name":"EF/5120_S1_wave1/100_S1_wave1_00005"},{"time":0.3333,"name":"EF/5120_S1_wave1/100_S1_wave1_00007"},{"time":0.3666,"name":"EF/5120_S1_wave1/100_S1_wave1_00009"},{"time":0.4,"name":null},{"time":2.0333,"name":"EF/5120_S1_wave1/100_S1_wave1_00001"},{"time":2.0666,"name":"EF/5120_S1_wave1/100_S1_wave1_00003"},{"time":2.1,"name":"EF/5120_S1_wave1/100_S1_wave1_00004"},{"time":2.1333,"name":"EF/5120_S1_wave1/100_S1_wave1_00005"},{"time":2.1666,"name":"EF/5120_S1_wave1/100_S1_wave1_00006"},{"time":2.2,"name":"EF/5120_S1_wave1/100_S1_wave1_00007"},{"time":2.2333,"name":"EF/5120_S1_wave1/100_S1_wave1_00008"},{"time":2.2666,"name":"EF/5120_S1_wave1/100_S1_wave1_00009"},{"time":2.3,"name":null}]},"EF/5120_S1_wave1/100_S1_wave1_1":{"attachment":[{"time":2.1333,"name":"EF/5120_S1_wave1/100_S1_wave1_00001"},{"time":2.1666,"name":"EF/5120_S1_wave1/100_S1_wave1_00003"},{"time":2.2,"name":"EF/5120_S1_wave1/100_S1_wave1_00004"},{"time":2.2333,"name":"EF/5120_S1_wave1/100_S1_wave1_00005"},{"time":2.2666,"name":"EF/5120_S1_wave1/100_S1_wave1_00006"},{"time":2.3,"name":"EF/5120_S1_wave1/100_S1_wave1_00007"},{"time":2.3333,"name":"EF/5120_S1_wave1/100_S1_wave1_00008"},{"time":2.3666,"name":"EF/5120_S1_wave1/100_S1_wave1_00009"},{"time":2.4,"name":null}]},"EF/5120_S1_wave1/100_S1_wave1_2":{"attachment":[{"time":2.2333,"name":"EF/5120_S1_wave1/100_S1_wave1_00001"},{"time":2.2666,"name":"EF/5120_S1_wave1/100_S1_wave1_00003"},{"time":2.3,"name":"EF/5120_S1_wave1/100_S1_wave1_00004"},{"time":2.3333,"name":"EF/5120_S1_wave1/100_S1_wave1_00005"},{"time":2.3666,"name":"EF/5120_S1_wave1/100_S1_wave1_00006"},{"time":2.4,"name":"EF/5120_S1_wave1/100_S1_wave1_00007"},{"time":2.4333,"name":"EF/5120_S1_wave1/100_S1_wave1_00008"},{"time":2.4666,"name":"EF/5120_S1_wave1/100_S1_wave1_00009"},{"time":2.5,"name":null}]},"MAIN":{"attachment":[{"time":0,"name":"skill1_00"},{"time":0.1,"name":"skill1_01"},{"time":0.1666,"name":"skill1_02"},{"time":0.2666,"name":"front_00"},{"time":0.5666,"name":"skill3_00"},{"time":0.8,"name":"skill3_01"},{"time":0.8666,"name":"skill3_02"},{"time":1.0333,"name":"skill3_04"},{"time":1.0666,"name":"skill1_05"},{"time":1.1,"name":"skill1_03"},{"time":1.1666,"name":"skill1_04"},{"time":1.2,"name":"skill3_03"},{"time":1.2333,"name":"attack_02"},{"time":1.3,"name":"attack_03"},{"time":1.3333,"name":"attack_04"},{"time":1.3666,"name":"attack_05"},{"time":1.4,"name":"attack_06"},{"time":1.4333,"name":"attack_07"},{"time":1.5,"name":"attack_08"},{"time":1.5333,"name":"attack_09"},{"time":1.5666,"name":"back_00"},{"time":1.6,"name":"skill1_04"},{"time":1.6333,"name":"skill1_03"},{"time":1.6666,"name":"skill1_04"},{"time":1.7,"name":"skill1_05"},{"time":1.7333,"name":"skill1_03"},{"time":1.7666,"name":"skill1_04"},{"time":1.8,"name":"skill1_05"},{"time":1.8333,"name":"skill3_06"},{"time":1.9,"name":"skill3_07"},{"time":2.0333,"name":"skill3_08"},{"time":2.1,"name":"skill3_09"},{"time":2.3,"name":"skill2_04"},{"time":2.4,"name":"skill2_05"},{"time":2.5,"name":"skill2_06"},{"time":2.6,"name":"skill2_07"},{"time":2.7333,"name":"skill3_05"},{"time":4,"name":"front_00"},{"time":4.1666,"name":"idle_04"},{"time":4.3333,"name":"idle_00"}],"color":[{"time":0.2666,"color":"ffffffff"},{"time":0.3666,"color":"ffffff00","curve":"stepped"},{"time":0.5,"color":"ffffff00"},{"time":0.6,"color":"ffffffff","curve":"stepped"},{"time":2.9333,"color":"ffffffff","curve":[0.517,0.06,0.954,0.18]},{"time":3.3333,"color":"ffffff00","curve":"stepped"},{"time":4,"color":"ffffff00"},{"time":4.1666,"color":"ffffffff"}]}},"bones":{"MAIN":{"rotate":[{"time":0,"angle":0,"curve":"stepped"},{"time":0.8666,"angle":4.36,"curve":"stepped"},{"time":1.0333,"angle":0,"curve":"stepped"},{"time":1.5666,"angle":26.85,"curve":"stepped"},{"time":1.6,"angle":0}],"translate":[{"time":0,"x":0,"y":0},{"time":0.1666,"x":5.29,"y":0,"curve":"stepped"},{"time":0.2666,"x":-76.79,"y":0,"curve":[0.19,0.73,0.75,1]},{"time":0.3666,"x":-113.86,"y":0,"curve":"stepped"},{"time":0.5,"x":0,"y":0,"curve":[0.157,0.72,0.75,1]},{"time":0.7333,"x":-76.79,"y":53.94,"curve":"stepped"},{"time":0.8666,"x":-129.05,"y":-28.98,"curve":"stepped"},{"time":0.9,"x":-129.05,"y":-25.98,"curve":"stepped"},{"time":0.9333,"x":-129.05,"y":-28.98,"curve":"stepped"},{"time":1.0333,"x":-152.34,"y":0,"curve":[0.552,0.15,0.402,0.06]},{"time":1.1333,"x":-164.22,"y":0,"curve":"stepped"},{"time":1.2,"x":-174.3,"y":-24.12,"curve":"stepped"},{"time":1.2333,"x":-154.99,"y":1.43,"curve":"stepped"},{"time":1.3,"x":-165.42,"y":1.67,"curve":"stepped"},{"time":1.4333,"x":-180.69,"y":0.94,"curve":"stepped"},{"time":1.5666,"x":-181.34,"y":28.77,"curve":[0.079,0.63,0.75,1]},{"time":1.9,"x":-205.92,"y":124.37},{"time":2,"x":-205.92,"y":132.83,"curve":"stepped"},{"time":2.0333,"x":-224.61,"y":-39.39,"curve":"stepped"},{"time":2.1,"x":-224.61,"y":-39.39,"curve":"stepped"},{"time":2.1333,"x":-224.61,"y":-52.08,"curve":"stepped"},{"time":2.1666,"x":-224.61,"y":-39.39,"curve":"stepped"},{"time":2.2,"x":-224.61,"y":-44.68,"curve":"stepped"},{"time":2.2333,"x":-224.61,"y":-39.39,"curve":"stepped"},{"time":2.3,"x":-185.69,"y":-4.83,"curve":[0.141,0.97,0.588,0.99]},{"time":2.5,"x":-113.96,"y":-9.76,"curve":"stepped"},{"time":2.7333,"x":-238.54,"y":-16.44,"curve":[0.302,0,0.93,0]},{"time":3.3333,"x":-1815.3,"y":-19.05,"curve":"stepped"},{"time":4,"x":125.68,"y":0,"curve":[0.19,0.73,0.75,1]},{"time":4.1666,"x":0,"y":0}]},"S2_wave1":{"translate":[{"time":0.2666,"x":-367.97,"y":244.77,"curve":"stepped"},{"time":2.0333,"x":-586.05,"y":244.77}],"scale":[{"time":2.0333,"x":1.749,"y":1.749}]},"S2_wave2":{"translate":[{"time":2.1333,"x":-586.05,"y":291.78}],"scale":[{"time":2.1333,"x":1.749,"y":1.749}]},"S2_wave3":{"translate":[{"time":2.2333,"x":-586.05,"y":340.1}],"scale":[{"time":2.2333,"x":1.749,"y":1.749}]},"DAMAGEAREA":{"translate":[{"time":0.9333,"x":-206.16,"y":92.11,"curve":"stepped"},{"time":1.1,"x":-206.16,"y":92.11,"curve":"stepped"},{"time":2.0333,"x":-298.28,"y":92.11,"curve":"stepped"},{"time":2.8666,"x":-96.21,"y":92.11},{"time":3.0666,"x":-156.36,"y":92.11},{"time":3.2,"x":-308.34,"y":92.11},{"time":3.3,"x":-812.39,"y":92.11}],"scale":[{"time":0.9333,"x":1.806,"y":1,"curve":"stepped"},{"time":1.1,"x":1.806,"y":1},{"time":1.3333,"x":2.845,"y":1,"curve":"stepped"},{"time":2.0333,"x":2.893,"y":2.973,"curve":"stepped"},{"time":2.8666,"x":3.616,"y":2.095},{"time":3.3,"x":8.373,"y":2.095}]}},"events":[{"time":0,"name":"Event","float":0.2,"string":"kHitStopType_normal"},{"time":0,"name":"Sound1","string":"cri_se_battle_arrow_light_effect"},{"time":0,"name":"Sound2","string":"cri_se_battle_033_explosion_element_01"},{"time":0.1666,"name":"Voice","string":"cri_104_voice_fullarts_now"},{"time":0.4333,"name":"Event","int":250,"string":"setPosition_Target"},{"time":0.8333,"name":"Sound1","string":"cri_se_battle_skill_swish"},{"time":0.9,"name":"Sound2","string":"cri_se_battle_033_explosion_element_01"},{"time":0.9,"name":"Sound3","string":"setHitSound(se_battle_explosion_short)"},{"time":0.9333,"name":"Event","string":"shakeGround"},{"time":1.0666,"name":"Event","float":0.1,"string":"kHitStopType_normal"},{"time":1.0666,"name":"Sound1","string":"cri_se_battle_skill_swish"},{"time":1.1,"name":"Hit","string":"resetHitList"},{"time":1.1666,"name":"Hit","string":"resetHitList"},{"time":1.2333,"name":"Hit","string":"resetHitList"},{"time":1.3,"name":"Hit","string":"resetHitList"},{"time":1.3,"name":"Sound1","string":"cri_se_battle_skill_swish"},{"time":1.3666,"name":"Hit","string":"resetHitList"},{"time":1.4333,"name":"Hit","string":"resetHitList"},{"time":1.5,"name":"Hit","string":"resetHitList"},{"time":1.5333,"name":"Sound1","string":"cri_se_battle_skill_swish"},{"time":1.5666,"name":"Event","string":"shakeGround"},{"time":1.5666,"name":"Hit","string":"resetHitList"},{"time":1.6333,"name":"Event","string":"setHitBackEnemy(0,10)"},{"time":1.6333,"name":"Hit","string":"resetHitList"},{"time":1.6333,"name":"Sound2","string":"cri_se_battle_033_explosion_element_01"},{"time":1.7,"name":"Hit","string":"resetHitList"},{"time":1.7666,"name":"Hit","string":"resetHitList"},{"time":1.8333,"name":"Hit","string":"resetHitList"},{"time":2,"name":"Event","float":0.3,"string":"kHitStopType_normal"},{"time":2.0333,"name":"Event","float":5,"string":"shakeGround"},{"time":2.0333,"name":"Hit","string":"resetHitList"},{"time":2.0333,"name":"Sound1","string":"cri_se_battle_029_explosion_01"},{"time":2.2666,"name":"Sound1","string":"cri_se_scenario_fetters_magic"},{"time":2.3,"name":"Voice","string":"cri_104_voice_fullarts_rank6"},{"time":2.7333,"name":"Sound1","string":"cri_se_battle_skill_elxplosion"},{"time":2.7666,"name":"Event","string":"ignoreBorder-true"},{"time":2.8,"name":"Event","string":"shakeGround"},{"time":2.8333,"name":"Event","float":0.3,"string":"kHitStopType_normal"},{"time":2.8666,"name":"Event","string":"setHitBackEnemy(20,0)"},{"time":2.8666,"name":"Hit","float":5,"string":"resetHitList"},{"time":2.9333,"name":"Event","float":0.1,"string":"kHitStopType_enemyonly"},{"time":2.9333,"name":"Hit","float":5,"string":"resetHitList"},{"time":2.9666,"name":"Sound1","string":"cri_se_battle_monster_hit"},{"time":3,"name":"Hit","float":5,"string":"resetHitList"},{"time":3.0666,"name":"Hit","float":5,"string":"resetHitList"},{"time":3.1333,"name":"Hit","float":5,"string":"resetHitList"},{"time":3.1333,"name":"Sound1","string":"cri_se_battle_monster_hit"},{"time":3.2,"name":"Hit","float":5,"string":"resetHitList"},{"time":3.2666,"name":"Hit","float":5,"string":"resetHitList"},{"time":3.3,"name":"Sound1","string":"cri_se_battle_monster_hit"},{"time":3.3333,"name":"Hit","float":5,"string":"resetHitList"},{"time":3.4,"name":"Hit","float":5,"string":"resetHitList"},{"time":3.4666,"name":"Hit","float":5,"string":"resetHitList"},{"time":3.4666,"name":"Sound1","string":"cri_se_battle_monster_hit"},{"time":4,"name":"Sound1","string":"cri_se_battle_teleport"}]}}}