{"skeleton":{"hash":"S2C2vq18EsfmwRnDOjnw65dhRzc","spine":"3.0.12","width":0,"height":0,"images":"./images/"},"bones":[{"name":"root"},{"name":"MAIN","parent":"root","y":87.09,"color":"ff0000ff"},{"name":"SHADOW-OFFSET","parent":"MAIN","y":-37.09,"color":"04ff00ff"},{"name":"HITBOX","parent":"MAIN","y":14.9,"color":"04ff00ff"},{"name":"EF_R_wing","parent":"root","x":-59.14,"y":117.38,"rotation":13.31},{"name":"EF_L_wing","parent":"root","x":42.1,"y":129.82,"rotation":-16.52},{"name":"DAMAGEAREA","parent":"root","y":50,"color":"04ff00ff"}],"slots":[{"name":"EF/EF_MAIN_auor/L_effect_1","bone":"EF_L_wing","blend":"additive"},{"name":"EF/EF_MAIN_auor/R_effect_1","bone":"EF_R_wing","blend":"additive"},{"name":"MAIN","bone":"MAIN","attachment":"idle_00"},{"name":"HITBOX","bone":"HITBOX","attachment":"HITBOX"},{"name":"DAMAGEAREA","bone":"DAMAGEAREA"}],"skins":{"default":{"DAMAGEAREA":{"DAMAGEAREA":{"type":"boundingbox","vertices":[-98.65757,48.0939,-98.7934,-147.61353,97.76624,-147.61353,98.19824,47.6501,0,0,0,0,0,0,0,0]}},"EF/EF_MAIN_auor/L_effect_1":{"EF/EF_MAIN_auor/L_effect_1":{"x":-18.09,"y":-16.23,"width":256,"height":256},"EF/EF_MAIN_auor/L_effect_2":{"x":-18.09,"y":-16.23,"width":256,"height":256},"EF/EF_MAIN_auor/L_effect_3":{"x":-18.09,"y":-16.23,"width":256,"height":256},"EF/EF_MAIN_auor/L_effect_4":{"x":-18.09,"y":-16.23,"width":256,"height":256},"EF/EF_MAIN_auor/L_effect_5":{"x":-18.09,"y":-16.23,"width":256,"height":256}},"EF/EF_MAIN_auor/R_effect_1":{"EF/EF_MAIN_auor/R_effect_1":{"x":48.01,"y":-6.87,"width":256,"height":256},"EF/EF_MAIN_auor/R_effect_2":{"x":48.01,"y":-6.87,"width":256,"height":256},"EF/EF_MAIN_auor/R_effect_3":{"x":48.01,"y":-6.87,"width":300,"height":300},"EF/EF_MAIN_auor/R_effect_4":{"x":48.01,"y":-6.91,"width":300,"height":300},"EF/EF_MAIN_auor/R_effect_5":{"x":48,"y":-6.91,"width":256,"height":256}},"HITBOX":{"HITBOX":{"type":"boundingbox","vertices":[-74.06656,94.86975,-74.06656,-101.68993,87.39317,-102.07993,87.39317,93.30975,0,0,0,0,0,0,0,0]}},"MAIN":{"attack1_00":{"x":18.3,"y":31.19,"width":586,"height":454},"attack1_01":{"x":18.3,"y":31.19,"width":586,"height":454},"attack1_02":{"x":19.71,"y":31.19,"width":586,"height":454},"attack1_03":{"x":14.43,"y":31.19,"width":586,"height":454},"attack1_04":{"x":13.37,"y":34.01,"width":586,"height":454},"attack1_05":{"x":13.37,"y":34.01,"width":586,"height":454},"attack1_06":{"x":13.37,"y":34.01,"width":586,"height":454},"damage_00":{"x":6.2,"y":30.62,"width":586,"height":454},"idle_00":{"x":12.44,"y":23.17,"width":586,"height":454},"idle_01":{"x":12.44,"y":23.17,"width":586,"height":454},"idle_02":{"x":12.44,"y":23.17,"width":586,"height":454},"idle_03":{"x":12.44,"y":23.17,"width":586,"height":454},"idle_04":{"x":12.44,"y":23.17,"width":586,"height":454},"idle_05":{"x":12.44,"y":23.17,"width":586,"height":454},"skill1_00":{"x":11.9,"y":26.88,"width":586,"height":454},"skill1_01":{"x":11.9,"y":26.88,"width":586,"height":454},"skill1_02":{"x":11.9,"y":34,"width":586,"height":454},"skill2_00":{"x":11.82,"y":23.1,"width":586,"height":454},"skill2_01":{"x":11.82,"y":39.77,"width":586,"height":454},"skill2_02":{"x":11.82,"y":36,"width":586,"height":454},"skill2_03":{"x":11.82,"y":36,"width":586,"height":454},"skill2_04":{"x":11.82,"y":37.62,"width":586,"height":454},"skill2_05":{"x":11.82,"y":29.55,"width":586,"height":454},"skill2_06":{"x":11.82,"y":29.55,"width":586,"height":454}}}},"events":{"Event":{},"Hit":{},"Sound1":{},"Sound2":{},"View":{},"sound_3":{},"voice":{}},"animations":{"attack1":{"slots":{"DAMAGEAREA":{"attachment":[{"time":0.3,"name":"DAMAGEAREA"},{"time":0.4333,"name":null},{"time":0.5666,"name":"DAMAGEAREA"}]},"EF/EF_MAIN_auor/L_effect_1":{"attachment":[{"time":0,"name":"EF/EF_MAIN_auor/L_effect_1"},{"time":0.0333,"name":"EF/EF_MAIN_auor/L_effect_2"},{"time":0.0666,"name":"EF/EF_MAIN_auor/L_effect_3"},{"time":0.1,"name":"EF/EF_MAIN_auor/L_effect_4"},{"time":0.1333,"name":"EF/EF_MAIN_auor/L_effect_5"},{"time":0.1666,"name":"EF/EF_MAIN_auor/L_effect_1"},{"time":0.2,"name":"EF/EF_MAIN_auor/L_effect_2"},{"time":0.2333,"name":"EF/EF_MAIN_auor/L_effect_3"},{"time":0.2666,"name":"EF/EF_MAIN_auor/L_effect_4"},{"time":0.3,"name":"EF/EF_MAIN_auor/L_effect_5"},{"time":0.3333,"name":"EF/EF_MAIN_auor/L_effect_1"},{"time":0.3666,"name":"EF/EF_MAIN_auor/L_effect_2"},{"time":0.4,"name":"EF/EF_MAIN_auor/L_effect_3"},{"time":0.4333,"name":"EF/EF_MAIN_auor/L_effect_4"},{"time":0.4666,"name":"EF/EF_MAIN_auor/L_effect_5"},{"time":0.5,"name":"EF/EF_MAIN_auor/L_effect_1"},{"time":0.5333,"name":"EF/EF_MAIN_auor/L_effect_2"},{"time":0.5666,"name":"EF/EF_MAIN_auor/L_effect_3"},{"time":0.6,"name":"EF/EF_MAIN_auor/L_effect_4"},{"time":0.6333,"name":"EF/EF_MAIN_auor/L_effect_5"},{"time":0.6666,"name":"EF/EF_MAIN_auor/L_effect_1"}]},"EF/EF_MAIN_auor/R_effect_1":{"attachment":[{"time":0,"name":"EF/EF_MAIN_auor/R_effect_1"},{"time":0.0333,"name":"EF/EF_MAIN_auor/R_effect_2"},{"time":0.0666,"name":"EF/EF_MAIN_auor/R_effect_3"},{"time":0.1,"name":"EF/EF_MAIN_auor/R_effect_4"},{"time":0.1333,"name":"EF/EF_MAIN_auor/R_effect_5"},{"time":0.1666,"name":"EF/EF_MAIN_auor/R_effect_1"},{"time":0.2,"name":"EF/EF_MAIN_auor/R_effect_2"},{"time":0.2333,"name":"EF/EF_MAIN_auor/R_effect_3"},{"time":0.2666,"name":"EF/EF_MAIN_auor/R_effect_4"},{"time":0.3,"name":"EF/EF_MAIN_auor/R_effect_5"},{"time":0.3333,"name":"EF/EF_MAIN_auor/R_effect_1"},{"time":0.3666,"name":"EF/EF_MAIN_auor/R_effect_2"},{"time":0.4,"name":"EF/EF_MAIN_auor/R_effect_3"},{"time":0.4333,"name":"EF/EF_MAIN_auor/R_effect_4"},{"time":0.4666,"name":"EF/EF_MAIN_auor/R_effect_5"},{"time":0.5,"name":"EF/EF_MAIN_auor/R_effect_1"},{"time":0.5333,"name":"EF/EF_MAIN_auor/R_effect_2"},{"time":0.5666,"name":"EF/EF_MAIN_auor/R_effect_3"},{"time":0.6,"name":"EF/EF_MAIN_auor/R_effect_4"},{"time":0.6333,"name":"EF/EF_MAIN_auor/R_effect_5"}]},"MAIN":{"attachment":[{"time":0,"name":"attack1_00"},{"time":0.0666,"name":"attack1_01"},{"time":0.2333,"name":"attack1_02"},{"time":0.3,"name":"attack1_03"},{"time":0.3666,"name":"attack1_04"},{"time":0.5,"name":"attack1_05"},{"time":0.5666,"name":"attack1_06"}]}},"bones":{"EF_R_wing":{"rotate":[{"time":0,"angle":-15.31,"curve":"stepped"},{"time":0.2333,"angle":25.73,"curve":"stepped"},{"time":0.3,"angle":13.48,"curve":"stepped"},{"time":0.3666,"angle":-10.02,"curve":"stepped"},{"time":0.5,"angle":14.98}],"translate":[{"time":0,"x":29.63,"y":11.11,"curve":"stepped"},{"time":0.2333,"x":11.11,"y":-12.34,"curve":"stepped"},{"time":0.3,"x":4.94,"y":-3.7,"curve":"stepped"},{"time":0.3666,"x":14.82,"y":1.23,"curve":"stepped"},{"time":0.5,"x":-1.23,"y":-1.23,"curve":"stepped"},{"time":0.5666,"x":8.64,"y":-4.94}],"scale":[{"time":0,"x":0.642,"y":1,"curve":"stepped"},{"time":0.2333,"x":1,"y":1}]},"EF_L_wing":{"rotate":[{"time":0,"angle":5.98,"curve":"stepped"},{"time":0.2333,"angle":-6.24,"curve":"stepped"},{"time":0.3666,"angle":-12.34,"curve":"stepped"},{"time":0.5,"angle":-13.73,"curve":"stepped"},{"time":0.5666,"angle":-16.04}],"translate":[{"time":0,"x":0,"y":19.75,"curve":"stepped"},{"time":0.2333,"x":13.58,"y":12.34,"curve":"stepped"},{"time":0.3,"x":20.99,"y":12.34,"curve":"stepped"},{"time":0.3666,"x":16.05,"y":-11.11,"curve":"stepped"},{"time":0.5,"x":24.69,"y":32.1,"curve":"stepped"},{"time":0.5666,"x":22.22,"y":6.17}]},"DAMAGEAREA":{"translate":[{"time":0.3,"x":-101.92,"y":88.77,"curve":"stepped"},{"time":0.5666,"x":-133.71,"y":95.35}],"scale":[{"time":0.3,"x":1.01,"y":0.827,"curve":"stepped"},{"time":0.5666,"x":1.257,"y":0.603}]}},"events":[{"time":0.2333,"name":"Event","float":0.15,"string":"kHitStopType_normal"},{"time":0.2333,"name":"Sound2","string":"cri_se_battle_033_explosion_element_01"},{"time":0.2333,"name":"voice","string":"cri_083_voice_attack_random"},{"time":0.3,"name":"Sound1","string":"cri_se_battle_monster_claw"},{"time":0.5,"name":"Sound1","string":"cri_se_battle_gun_burst"},{"time":0.5,"name":"Sound2","string":"cri_se_battle_explosion_short"},{"time":0.5,"name":"voice","string":"cri_083_voice_attack_random"},{"time":0.5666,"name":"Hit","string":"resetHitList"}]},"back":{"slots":{"EF/EF_MAIN_auor/L_effect_1":{"attachment":[{"time":0,"name":"EF/EF_MAIN_auor/L_effect_1"},{"time":0.0333,"name":"EF/EF_MAIN_auor/L_effect_2"},{"time":0.0666,"name":"EF/EF_MAIN_auor/L_effect_3"},{"time":0.1,"name":"EF/EF_MAIN_auor/L_effect_4"},{"time":0.1333,"name":"EF/EF_MAIN_auor/L_effect_5"},{"time":0.1666,"name":"EF/EF_MAIN_auor/L_effect_1"},{"time":0.2,"name":"EF/EF_MAIN_auor/L_effect_2"},{"time":0.2333,"name":"EF/EF_MAIN_auor/L_effect_3"},{"time":0.2666,"name":"EF/EF_MAIN_auor/L_effect_4"},{"time":0.3,"name":"EF/EF_MAIN_auor/L_effect_5"},{"time":0.3333,"name":"EF/EF_MAIN_auor/L_effect_1"},{"time":0.3666,"name":"EF/EF_MAIN_auor/L_effect_2"},{"time":0.4,"name":"EF/EF_MAIN_auor/L_effect_3"},{"time":0.4333,"name":"EF/EF_MAIN_auor/L_effect_4"},{"time":0.4666,"name":"EF/EF_MAIN_auor/L_effect_5"},{"time":0.5,"name":"EF/EF_MAIN_auor/L_effect_1"},{"time":0.5333,"name":"EF/EF_MAIN_auor/L_effect_2"},{"time":0.5666,"name":"EF/EF_MAIN_auor/L_effect_3"},{"time":0.6,"name":"EF/EF_MAIN_auor/L_effect_4"},{"time":0.6333,"name":"EF/EF_MAIN_auor/L_effect_5"},{"time":0.6666,"name":"EF/EF_MAIN_auor/L_effect_1"},{"time":0.7,"name":"EF/EF_MAIN_auor/L_effect_2"},{"time":0.7333,"name":"EF/EF_MAIN_auor/L_effect_3"},{"time":0.7666,"name":"EF/EF_MAIN_auor/L_effect_4"},{"time":0.8,"name":"EF/EF_MAIN_auor/L_effect_5"},{"time":0.8333,"name":"EF/EF_MAIN_auor/L_effect_1"},{"time":0.8666,"name":"EF/EF_MAIN_auor/L_effect_2"},{"time":0.9,"name":"EF/EF_MAIN_auor/L_effect_3"},{"time":0.9333,"name":"EF/EF_MAIN_auor/L_effect_4"},{"time":0.9666,"name":"EF/EF_MAIN_auor/L_effect_5"},{"time":1,"name":"EF/EF_MAIN_auor/L_effect_1"}]},"EF/EF_MAIN_auor/R_effect_1":{"attachment":[{"time":0,"name":"EF/EF_MAIN_auor/R_effect_2"},{"time":0.0333,"name":"EF/EF_MAIN_auor/R_effect_2"},{"time":0.0666,"name":"EF/EF_MAIN_auor/R_effect_3"},{"time":0.1,"name":"EF/EF_MAIN_auor/R_effect_4"},{"time":0.1333,"name":"EF/EF_MAIN_auor/R_effect_5"},{"time":0.1666,"name":"EF/EF_MAIN_auor/R_effect_2"},{"time":0.2,"name":"EF/EF_MAIN_auor/R_effect_2"},{"time":0.2333,"name":"EF/EF_MAIN_auor/R_effect_3"},{"time":0.2666,"name":"EF/EF_MAIN_auor/R_effect_4"},{"time":0.3,"name":"EF/EF_MAIN_auor/R_effect_5"},{"time":0.3333,"name":"EF/EF_MAIN_auor/R_effect_2"},{"time":0.3666,"name":"EF/EF_MAIN_auor/R_effect_2"},{"time":0.4,"name":"EF/EF_MAIN_auor/R_effect_3"},{"time":0.4333,"name":"EF/EF_MAIN_auor/R_effect_4"},{"time":0.4666,"name":"EF/EF_MAIN_auor/R_effect_5"},{"time":0.5,"name":"EF/EF_MAIN_auor/R_effect_2"},{"time":0.5333,"name":"EF/EF_MAIN_auor/R_effect_2"},{"time":0.5666,"name":"EF/EF_MAIN_auor/R_effect_3"},{"time":0.6,"name":"EF/EF_MAIN_auor/R_effect_4"},{"time":0.6333,"name":"EF/EF_MAIN_auor/R_effect_5"},{"time":0.6666,"name":"EF/EF_MAIN_auor/R_effect_2"},{"time":0.7,"name":"EF/EF_MAIN_auor/R_effect_2"},{"time":0.7333,"name":"EF/EF_MAIN_auor/R_effect_3"},{"time":0.7666,"name":"EF/EF_MAIN_auor/R_effect_4"},{"time":0.8,"name":"EF/EF_MAIN_auor/R_effect_5"},{"time":0.8333,"name":"EF/EF_MAIN_auor/R_effect_2"},{"time":0.8666,"name":"EF/EF_MAIN_auor/R_effect_2"},{"time":0.9,"name":"EF/EF_MAIN_auor/R_effect_3"},{"time":0.9333,"name":"EF/EF_MAIN_auor/R_effect_4"},{"time":0.9666,"name":"EF/EF_MAIN_auor/R_effect_5"},{"time":1,"name":"EF/EF_MAIN_auor/R_effect_2"}]},"MAIN":{"attachment":[{"time":0,"name":"idle_00"},{"time":0.1666,"name":"idle_01"},{"time":0.3333,"name":"idle_02"},{"time":0.5,"name":"idle_03"},{"time":0.6666,"name":"idle_04"},{"time":0.8333,"name":"idle_05"},{"time":1,"name":"idle_00"}]}},"bones":{"MAIN":{"translate":[{"time":0,"x":0,"y":0,"curve":[0.25,0,0.75,1]},{"time":0.5,"x":130,"y":0},{"time":0.6,"x":140,"y":0}]},"EF_L_wing":{"translate":[{"time":0,"x":0,"y":0,"curve":[0.25,0,0.75,1]},{"time":0.5,"x":129.99,"y":0},{"time":0.6,"x":139.99,"y":0}]},"EF_R_wing":{"rotate":[{"time":0,"angle":-2.65}],"translate":[{"time":0,"x":16.09,"y":-6.54,"curve":[0.25,0,0.75,1]},{"time":0.5,"x":146.09,"y":-6.54},{"time":0.6,"x":147.19,"y":-6.54}]}},"events":[{"time":0,"name":"Sound1","string":"cri_se_battle_Flutter"}]},"cast":{"slots":{"EF/EF_MAIN_auor/L_effect_1":{"attachment":[{"time":0,"name":"EF/EF_MAIN_auor/L_effect_1"},{"time":0.0333,"name":"EF/EF_MAIN_auor/L_effect_2"},{"time":0.0666,"name":"EF/EF_MAIN_auor/L_effect_3"},{"time":0.1,"name":"EF/EF_MAIN_auor/L_effect_4"},{"time":0.1333,"name":"EF/EF_MAIN_auor/L_effect_5"},{"time":0.1666,"name":"EF/EF_MAIN_auor/L_effect_1"},{"time":0.2,"name":"EF/EF_MAIN_auor/L_effect_2"},{"time":0.2333,"name":"EF/EF_MAIN_auor/L_effect_3"},{"time":0.2666,"name":"EF/EF_MAIN_auor/L_effect_4"},{"time":0.3,"name":"EF/EF_MAIN_auor/L_effect_5"},{"time":0.3333,"name":"EF/EF_MAIN_auor/L_effect_1"},{"time":0.3666,"name":"EF/EF_MAIN_auor/L_effect_2"},{"time":0.4,"name":"EF/EF_MAIN_auor/L_effect_3"},{"time":0.4333,"name":"EF/EF_MAIN_auor/L_effect_4"},{"time":0.4666,"name":"EF/EF_MAIN_auor/L_effect_5"},{"time":0.5,"name":"EF/EF_MAIN_auor/L_effect_1"},{"time":0.5333,"name":"EF/EF_MAIN_auor/L_effect_2"},{"time":0.5666,"name":"EF/EF_MAIN_auor/L_effect_3"},{"time":0.6,"name":"EF/EF_MAIN_auor/L_effect_4"},{"time":0.6333,"name":"EF/EF_MAIN_auor/L_effect_5"},{"time":0.6666,"name":"EF/EF_MAIN_auor/L_effect_1"},{"time":0.7,"name":"EF/EF_MAIN_auor/L_effect_2"},{"time":0.7333,"name":"EF/EF_MAIN_auor/L_effect_3"},{"time":0.7666,"name":"EF/EF_MAIN_auor/L_effect_4"},{"time":0.8,"name":"EF/EF_MAIN_auor/L_effect_5"},{"time":0.8333,"name":"EF/EF_MAIN_auor/L_effect_1"},{"time":0.8666,"name":"EF/EF_MAIN_auor/L_effect_2"},{"time":0.9,"name":"EF/EF_MAIN_auor/L_effect_3"},{"time":0.9333,"name":"EF/EF_MAIN_auor/L_effect_4"},{"time":0.9666,"name":"EF/EF_MAIN_auor/L_effect_5"},{"time":1,"name":"EF/EF_MAIN_auor/L_effect_1"}]},"EF/EF_MAIN_auor/R_effect_1":{"attachment":[{"time":0,"name":"EF/EF_MAIN_auor/R_effect_1"},{"time":0.0333,"name":"EF/EF_MAIN_auor/R_effect_2"},{"time":0.0666,"name":"EF/EF_MAIN_auor/R_effect_3"},{"time":0.1,"name":"EF/EF_MAIN_auor/R_effect_4"},{"time":0.1333,"name":"EF/EF_MAIN_auor/R_effect_5"},{"time":0.1666,"name":"EF/EF_MAIN_auor/R_effect_1"},{"time":0.2,"name":"EF/EF_MAIN_auor/R_effect_2"},{"time":0.2333,"name":"EF/EF_MAIN_auor/R_effect_3"},{"time":0.2666,"name":"EF/EF_MAIN_auor/R_effect_4"},{"time":0.3,"name":"EF/EF_MAIN_auor/R_effect_5"},{"time":0.3333,"name":"EF/EF_MAIN_auor/R_effect_1"},{"time":0.3666,"name":"EF/EF_MAIN_auor/R_effect_2"},{"time":0.4,"name":"EF/EF_MAIN_auor/R_effect_3"},{"time":0.4333,"name":"EF/EF_MAIN_auor/R_effect_4"},{"time":0.4666,"name":"EF/EF_MAIN_auor/R_effect_5"},{"time":0.5,"name":"EF/EF_MAIN_auor/R_effect_1"},{"time":0.5333,"name":"EF/EF_MAIN_auor/R_effect_2"},{"time":0.5666,"name":"EF/EF_MAIN_auor/R_effect_3"},{"time":0.6,"name":"EF/EF_MAIN_auor/R_effect_4"},{"time":0.6333,"name":"EF/EF_MAIN_auor/R_effect_5"},{"time":0.6666,"name":"EF/EF_MAIN_auor/R_effect_1"},{"time":0.7,"name":"EF/EF_MAIN_auor/R_effect_2"},{"time":0.7333,"name":"EF/EF_MAIN_auor/R_effect_3"},{"time":0.7666,"name":"EF/EF_MAIN_auor/R_effect_4"},{"time":0.8,"name":"EF/EF_MAIN_auor/R_effect_5"},{"time":0.8333,"name":"EF/EF_MAIN_auor/R_effect_1"},{"time":0.8666,"name":"EF/EF_MAIN_auor/R_effect_2"},{"time":0.9,"name":"EF/EF_MAIN_auor/R_effect_3"},{"time":0.9333,"name":"EF/EF_MAIN_auor/R_effect_4"},{"time":0.9666,"name":"EF/EF_MAIN_auor/R_effect_5"},{"time":1,"name":"EF/EF_MAIN_auor/R_effect_1"}]},"MAIN":{"attachment":[{"time":0,"name":"skill1_00"},{"time":0.1333,"name":"skill1_01"},{"time":0.2333,"name":"attack1_04"},{"time":0.5,"name":"attack1_05"},{"time":0.5333,"name":"skill1_02"},{"time":0.6666,"name":"skill1_02"}]}},"bones":{"EF_L_wing":{"rotate":[{"time":0,"angle":-22.55,"curve":"stepped"},{"time":0.1666,"angle":-29.11,"curve":"stepped"},{"time":0.3333,"angle":-14.87}],"translate":[{"time":0,"x":11.11,"y":-3.7,"curve":"stepped"},{"time":0.3333,"x":17.28,"y":0,"curve":"stepped"},{"time":0.6333,"x":17.28,"y":24.7}]},"EF_R_wing":{"rotate":[{"time":0,"angle":7.17,"curve":"stepped"},{"time":0.1666,"angle":0.61,"curve":"stepped"},{"time":0.3333,"angle":-14.02,"curve":"stepped"},{"time":0.6333,"angle":17.32}],"translate":[{"time":0,"x":1.23,"y":-23.46,"curve":"stepped"},{"time":0.3333,"x":4.93,"y":-1.23,"curve":"stepped"},{"time":0.6333,"x":-7.41,"y":-7.4}]}},"events":[{"time":0.5,"name":"voice","string":"cri_083_voice_item"}]},"damage":{"slots":{"EF/EF_MAIN_auor/L_effect_1":{"attachment":[{"time":0,"name":"EF/EF_MAIN_auor/L_effect_3"}]},"EF/EF_MAIN_auor/R_effect_1":{"attachment":[{"time":0,"name":"EF/EF_MAIN_auor/R_effect_5"}]},"MAIN":{"attachment":[{"time":0,"name":"damage_00"}]}},"bones":{"EF_L_wing":{"rotate":[{"time":0,"angle":-22.28}],"translate":[{"time":0,"x":6.17,"y":-18.52}]},"EF_R_wing":{"rotate":[{"time":0,"angle":-22.87}],"translate":[{"time":0,"x":22.23,"y":3.7}]}}},"front":{"slots":{"EF/EF_MAIN_auor/L_effect_1":{"attachment":[{"time":0,"name":"EF/EF_MAIN_auor/L_effect_1"},{"time":0.0333,"name":"EF/EF_MAIN_auor/L_effect_2"},{"time":0.0666,"name":"EF/EF_MAIN_auor/L_effect_3"},{"time":0.1,"name":"EF/EF_MAIN_auor/L_effect_4"},{"time":0.1333,"name":"EF/EF_MAIN_auor/L_effect_5"},{"time":0.1666,"name":"EF/EF_MAIN_auor/L_effect_1"},{"time":0.2,"name":"EF/EF_MAIN_auor/L_effect_2"},{"time":0.2333,"name":"EF/EF_MAIN_auor/L_effect_3"},{"time":0.2666,"name":"EF/EF_MAIN_auor/L_effect_4"},{"time":0.3,"name":"EF/EF_MAIN_auor/L_effect_5"},{"time":0.3333,"name":"EF/EF_MAIN_auor/L_effect_1"},{"time":0.3666,"name":"EF/EF_MAIN_auor/L_effect_2"},{"time":0.4,"name":"EF/EF_MAIN_auor/L_effect_3"},{"time":0.4333,"name":"EF/EF_MAIN_auor/L_effect_4"},{"time":0.4666,"name":"EF/EF_MAIN_auor/L_effect_5"},{"time":0.5,"name":"EF/EF_MAIN_auor/L_effect_1"},{"time":0.5333,"name":"EF/EF_MAIN_auor/L_effect_2"},{"time":0.5666,"name":"EF/EF_MAIN_auor/L_effect_3"},{"time":0.6,"name":"EF/EF_MAIN_auor/L_effect_4"},{"time":0.6333,"name":"EF/EF_MAIN_auor/L_effect_5"},{"time":0.6666,"name":"EF/EF_MAIN_auor/L_effect_1"},{"time":0.7,"name":"EF/EF_MAIN_auor/L_effect_2"},{"time":0.7333,"name":"EF/EF_MAIN_auor/L_effect_3"},{"time":0.7666,"name":"EF/EF_MAIN_auor/L_effect_4"},{"time":0.8,"name":"EF/EF_MAIN_auor/L_effect_5"},{"time":0.8333,"name":"EF/EF_MAIN_auor/L_effect_1"},{"time":0.8666,"name":"EF/EF_MAIN_auor/L_effect_2"},{"time":0.9,"name":"EF/EF_MAIN_auor/L_effect_3"},{"time":0.9333,"name":"EF/EF_MAIN_auor/L_effect_4"},{"time":0.9666,"name":"EF/EF_MAIN_auor/L_effect_5"},{"time":1,"name":"EF/EF_MAIN_auor/L_effect_1"}]},"EF/EF_MAIN_auor/R_effect_1":{"attachment":[{"time":0,"name":"EF/EF_MAIN_auor/R_effect_2"},{"time":0.0333,"name":"EF/EF_MAIN_auor/R_effect_2"},{"time":0.0666,"name":"EF/EF_MAIN_auor/R_effect_3"},{"time":0.1,"name":"EF/EF_MAIN_auor/R_effect_4"},{"time":0.1333,"name":"EF/EF_MAIN_auor/R_effect_5"},{"time":0.1666,"name":"EF/EF_MAIN_auor/R_effect_2"},{"time":0.2,"name":"EF/EF_MAIN_auor/R_effect_2"},{"time":0.2333,"name":"EF/EF_MAIN_auor/R_effect_3"},{"time":0.2666,"name":"EF/EF_MAIN_auor/R_effect_4"},{"time":0.3,"name":"EF/EF_MAIN_auor/R_effect_5"},{"time":0.3333,"name":"EF/EF_MAIN_auor/R_effect_2"},{"time":0.3666,"name":"EF/EF_MAIN_auor/R_effect_2"},{"time":0.4,"name":"EF/EF_MAIN_auor/R_effect_3"},{"time":0.4333,"name":"EF/EF_MAIN_auor/R_effect_4"},{"time":0.4666,"name":"EF/EF_MAIN_auor/R_effect_5"},{"time":0.5,"name":"EF/EF_MAIN_auor/R_effect_2"},{"time":0.5333,"name":"EF/EF_MAIN_auor/R_effect_2"},{"time":0.5666,"name":"EF/EF_MAIN_auor/R_effect_3"},{"time":0.6,"name":"EF/EF_MAIN_auor/R_effect_4"},{"time":0.6333,"name":"EF/EF_MAIN_auor/R_effect_5"},{"time":0.6666,"name":"EF/EF_MAIN_auor/R_effect_2"},{"time":0.7,"name":"EF/EF_MAIN_auor/R_effect_2"},{"time":0.7333,"name":"EF/EF_MAIN_auor/R_effect_3"},{"time":0.7666,"name":"EF/EF_MAIN_auor/R_effect_4"},{"time":0.8,"name":"EF/EF_MAIN_auor/R_effect_5"},{"time":0.8333,"name":"EF/EF_MAIN_auor/R_effect_2"},{"time":0.8666,"name":"EF/EF_MAIN_auor/R_effect_2"},{"time":0.9,"name":"EF/EF_MAIN_auor/R_effect_3"},{"time":0.9333,"name":"EF/EF_MAIN_auor/R_effect_4"},{"time":0.9666,"name":"EF/EF_MAIN_auor/R_effect_5"},{"time":1,"name":"EF/EF_MAIN_auor/R_effect_2"}]},"MAIN":{"attachment":[{"time":0,"name":"idle_00"},{"time":0.1666,"name":"idle_01"},{"time":0.3333,"name":"idle_02"},{"time":0.5,"name":"idle_03"},{"time":0.6666,"name":"idle_04"},{"time":0.8333,"name":"idle_05"},{"time":1,"name":"idle_00"}]}},"bones":{"EF_R_wing":{"rotate":[{"time":0,"angle":-2.65}],"translate":[{"time":0,"x":16.09,"y":-6.54}]}}},"idle":{"slots":{"EF/EF_MAIN_auor/L_effect_1":{"attachment":[{"time":0,"name":"EF/EF_MAIN_auor/L_effect_1"},{"time":0.0333,"name":"EF/EF_MAIN_auor/L_effect_2"},{"time":0.0666,"name":"EF/EF_MAIN_auor/L_effect_3"},{"time":0.1,"name":"EF/EF_MAIN_auor/L_effect_4"},{"time":0.1333,"name":"EF/EF_MAIN_auor/L_effect_5"},{"time":0.1666,"name":"EF/EF_MAIN_auor/L_effect_1"},{"time":0.2,"name":"EF/EF_MAIN_auor/L_effect_2"},{"time":0.2333,"name":"EF/EF_MAIN_auor/L_effect_3"},{"time":0.2666,"name":"EF/EF_MAIN_auor/L_effect_4"},{"time":0.3,"name":"EF/EF_MAIN_auor/L_effect_5"},{"time":0.3333,"name":"EF/EF_MAIN_auor/L_effect_1"},{"time":0.3666,"name":"EF/EF_MAIN_auor/L_effect_2"},{"time":0.4,"name":"EF/EF_MAIN_auor/L_effect_3"},{"time":0.4333,"name":"EF/EF_MAIN_auor/L_effect_4"},{"time":0.4666,"name":"EF/EF_MAIN_auor/L_effect_5"},{"time":0.5,"name":"EF/EF_MAIN_auor/L_effect_1"},{"time":0.5333,"name":"EF/EF_MAIN_auor/L_effect_2"},{"time":0.5666,"name":"EF/EF_MAIN_auor/L_effect_3"},{"time":0.6,"name":"EF/EF_MAIN_auor/L_effect_4"},{"time":0.6333,"name":"EF/EF_MAIN_auor/L_effect_5"},{"time":0.6666,"name":"EF/EF_MAIN_auor/L_effect_1"},{"time":0.7,"name":"EF/EF_MAIN_auor/L_effect_2"},{"time":0.7333,"name":"EF/EF_MAIN_auor/L_effect_3"},{"time":0.7666,"name":"EF/EF_MAIN_auor/L_effect_4"},{"time":0.8,"name":"EF/EF_MAIN_auor/L_effect_5"},{"time":0.8333,"name":"EF/EF_MAIN_auor/L_effect_1"},{"time":0.8666,"name":"EF/EF_MAIN_auor/L_effect_2"},{"time":0.9,"name":"EF/EF_MAIN_auor/L_effect_3"},{"time":0.9333,"name":"EF/EF_MAIN_auor/L_effect_4"},{"time":0.9666,"name":"EF/EF_MAIN_auor/L_effect_5"},{"time":1,"name":"EF/EF_MAIN_auor/L_effect_1"},{"time":1.0333,"name":"EF/EF_MAIN_auor/L_effect_2"},{"time":1.0666,"name":"EF/EF_MAIN_auor/L_effect_3"},{"time":1.1,"name":"EF/EF_MAIN_auor/L_effect_4"},{"time":1.1333,"name":"EF/EF_MAIN_auor/L_effect_5"},{"time":1.1666,"name":"EF/EF_MAIN_auor/L_effect_1"},{"time":1.2,"name":"EF/EF_MAIN_auor/L_effect_2"},{"time":1.2333,"name":"EF/EF_MAIN_auor/L_effect_3"},{"time":1.2666,"name":"EF/EF_MAIN_auor/L_effect_4"},{"time":1.3,"name":"EF/EF_MAIN_auor/L_effect_5"},{"time":1.3333,"name":"EF/EF_MAIN_auor/L_effect_1"},{"time":1.3666,"name":"EF/EF_MAIN_auor/L_effect_2"},{"time":1.4,"name":"EF/EF_MAIN_auor/L_effect_3"},{"time":1.4333,"name":"EF/EF_MAIN_auor/L_effect_4"},{"time":1.4666,"name":"EF/EF_MAIN_auor/L_effect_5"},{"time":1.5,"name":"EF/EF_MAIN_auor/L_effect_1"},{"time":1.5333,"name":"EF/EF_MAIN_auor/L_effect_2"},{"time":1.5666,"name":"EF/EF_MAIN_auor/L_effect_3"},{"time":1.6,"name":"EF/EF_MAIN_auor/L_effect_4"},{"time":1.6333,"name":"EF/EF_MAIN_auor/L_effect_5"},{"time":1.6666,"name":"EF/EF_MAIN_auor/L_effect_1"},{"time":1.7,"name":"EF/EF_MAIN_auor/L_effect_2"},{"time":1.7333,"name":"EF/EF_MAIN_auor/L_effect_3"},{"time":1.7666,"name":"EF/EF_MAIN_auor/L_effect_4"},{"time":1.8,"name":"EF/EF_MAIN_auor/L_effect_5"},{"time":1.8333,"name":"EF/EF_MAIN_auor/L_effect_1"},{"time":1.8666,"name":"EF/EF_MAIN_auor/L_effect_2"},{"time":1.9,"name":"EF/EF_MAIN_auor/L_effect_3"},{"time":1.9333,"name":"EF/EF_MAIN_auor/L_effect_4"},{"time":1.9666,"name":"EF/EF_MAIN_auor/L_effect_5"}]},"EF/EF_MAIN_auor/R_effect_1":{"attachment":[{"time":0,"name":"EF/EF_MAIN_auor/R_effect_2"},{"time":0.0333,"name":"EF/EF_MAIN_auor/R_effect_2"},{"time":0.0666,"name":"EF/EF_MAIN_auor/R_effect_3"},{"time":0.1,"name":"EF/EF_MAIN_auor/R_effect_4"},{"time":0.1333,"name":"EF/EF_MAIN_auor/R_effect_5"},{"time":0.1666,"name":"EF/EF_MAIN_auor/R_effect_2"},{"time":0.2,"name":"EF/EF_MAIN_auor/R_effect_2"},{"time":0.2333,"name":"EF/EF_MAIN_auor/R_effect_3"},{"time":0.2666,"name":"EF/EF_MAIN_auor/R_effect_4"},{"time":0.3,"name":"EF/EF_MAIN_auor/R_effect_5"},{"time":0.3333,"name":"EF/EF_MAIN_auor/R_effect_2"},{"time":0.3666,"name":"EF/EF_MAIN_auor/R_effect_2"},{"time":0.4,"name":"EF/EF_MAIN_auor/R_effect_3"},{"time":0.4333,"name":"EF/EF_MAIN_auor/R_effect_4"},{"time":0.4666,"name":"EF/EF_MAIN_auor/R_effect_5"},{"time":0.5,"name":"EF/EF_MAIN_auor/R_effect_2"},{"time":0.5333,"name":"EF/EF_MAIN_auor/R_effect_2"},{"time":0.5666,"name":"EF/EF_MAIN_auor/R_effect_3"},{"time":0.6,"name":"EF/EF_MAIN_auor/R_effect_4"},{"time":0.6333,"name":"EF/EF_MAIN_auor/R_effect_5"},{"time":0.6666,"name":"EF/EF_MAIN_auor/R_effect_2"},{"time":0.7,"name":"EF/EF_MAIN_auor/R_effect_2"},{"time":0.7333,"name":"EF/EF_MAIN_auor/R_effect_3"},{"time":0.7666,"name":"EF/EF_MAIN_auor/R_effect_4"},{"time":0.8,"name":"EF/EF_MAIN_auor/R_effect_5"},{"time":0.8333,"name":"EF/EF_MAIN_auor/R_effect_2"},{"time":0.8666,"name":"EF/EF_MAIN_auor/R_effect_2"},{"time":0.9,"name":"EF/EF_MAIN_auor/R_effect_3"},{"time":0.9333,"name":"EF/EF_MAIN_auor/R_effect_4"},{"time":0.9666,"name":"EF/EF_MAIN_auor/R_effect_5"},{"time":1,"name":"EF/EF_MAIN_auor/R_effect_2"},{"time":1.0333,"name":"EF/EF_MAIN_auor/R_effect_2"},{"time":1.0666,"name":"EF/EF_MAIN_auor/R_effect_3"},{"time":1.1,"name":"EF/EF_MAIN_auor/R_effect_4"},{"time":1.1333,"name":"EF/EF_MAIN_auor/R_effect_5"},{"time":1.1666,"name":"EF/EF_MAIN_auor/R_effect_2"},{"time":1.2,"name":"EF/EF_MAIN_auor/R_effect_2"},{"time":1.2333,"name":"EF/EF_MAIN_auor/R_effect_3"},{"time":1.2666,"name":"EF/EF_MAIN_auor/R_effect_4"},{"time":1.3,"name":"EF/EF_MAIN_auor/R_effect_5"},{"time":1.3333,"name":"EF/EF_MAIN_auor/R_effect_2"},{"time":1.3666,"name":"EF/EF_MAIN_auor/R_effect_2"},{"time":1.4,"name":"EF/EF_MAIN_auor/R_effect_3"},{"time":1.4333,"name":"EF/EF_MAIN_auor/R_effect_4"},{"time":1.4666,"name":"EF/EF_MAIN_auor/R_effect_5"},{"time":1.5,"name":"EF/EF_MAIN_auor/R_effect_2"},{"time":1.5333,"name":"EF/EF_MAIN_auor/R_effect_2"},{"time":1.5666,"name":"EF/EF_MAIN_auor/R_effect_3"},{"time":1.6,"name":"EF/EF_MAIN_auor/R_effect_4"},{"time":1.6333,"name":"EF/EF_MAIN_auor/R_effect_5"},{"time":1.6666,"name":"EF/EF_MAIN_auor/R_effect_2"},{"time":1.7,"name":"EF/EF_MAIN_auor/R_effect_2"},{"time":1.7333,"name":"EF/EF_MAIN_auor/R_effect_3"},{"time":1.7666,"name":"EF/EF_MAIN_auor/R_effect_4"},{"time":1.8,"name":"EF/EF_MAIN_auor/R_effect_5"},{"time":1.8333,"name":"EF/EF_MAIN_auor/R_effect_2"},{"time":1.8666,"name":"EF/EF_MAIN_auor/R_effect_2"},{"time":1.9,"name":"EF/EF_MAIN_auor/R_effect_3"},{"time":1.9333,"name":"EF/EF_MAIN_auor/R_effect_4"},{"time":1.9666,"name":"EF/EF_MAIN_auor/R_effect_5"}]},"MAIN":{"attachment":[{"time":0,"name":"idle_00"},{"time":0.3333,"name":"idle_01"},{"time":0.6666,"name":"idle_02"},{"time":1,"name":"idle_03"},{"time":1.3333,"name":"idle_04"},{"time":1.6666,"name":"idle_05"},{"time":2,"name":"idle_00"}]}},"bones":{"EF_R_wing":{"rotate":[{"time":0,"angle":-2.65}],"translate":[{"time":0,"x":16.09,"y":-6.54}]}}},"skill1":{"slots":{"EF/EF_MAIN_auor/L_effect_1":{"attachment":[{"time":0,"name":"EF/EF_MAIN_auor/L_effect_1"},{"time":0.0333,"name":"EF/EF_MAIN_auor/L_effect_2"},{"time":0.0666,"name":"EF/EF_MAIN_auor/L_effect_3"},{"time":0.1,"name":"EF/EF_MAIN_auor/L_effect_4"},{"time":0.1333,"name":"EF/EF_MAIN_auor/L_effect_5"},{"time":0.1666,"name":"EF/EF_MAIN_auor/L_effect_1"},{"time":0.2,"name":"EF/EF_MAIN_auor/L_effect_2"},{"time":0.2333,"name":"EF/EF_MAIN_auor/L_effect_3"},{"time":0.2666,"name":"EF/EF_MAIN_auor/L_effect_4"},{"time":0.3,"name":"EF/EF_MAIN_auor/L_effect_5"},{"time":0.3333,"name":"EF/EF_MAIN_auor/L_effect_1"},{"time":0.3666,"name":"EF/EF_MAIN_auor/L_effect_2"},{"time":0.4,"name":"EF/EF_MAIN_auor/L_effect_3"},{"time":0.4333,"name":"EF/EF_MAIN_auor/L_effect_4"},{"time":0.4666,"name":"EF/EF_MAIN_auor/L_effect_5"},{"time":0.5,"name":"EF/EF_MAIN_auor/L_effect_1"},{"time":0.5333,"name":"EF/EF_MAIN_auor/L_effect_2"},{"time":0.5666,"name":"EF/EF_MAIN_auor/L_effect_3"},{"time":0.6,"name":"EF/EF_MAIN_auor/L_effect_4"},{"time":0.6333,"name":"EF/EF_MAIN_auor/L_effect_5"},{"time":0.6666,"name":"EF/EF_MAIN_auor/L_effect_1"},{"time":0.7,"name":"EF/EF_MAIN_auor/L_effect_2"},{"time":0.7333,"name":"EF/EF_MAIN_auor/L_effect_3"},{"time":0.7666,"name":"EF/EF_MAIN_auor/L_effect_4"},{"time":0.8,"name":"EF/EF_MAIN_auor/L_effect_5"},{"time":0.8333,"name":"EF/EF_MAIN_auor/L_effect_1"},{"time":0.8666,"name":"EF/EF_MAIN_auor/L_effect_2"},{"time":0.9,"name":"EF/EF_MAIN_auor/L_effect_3"},{"time":0.9333,"name":"EF/EF_MAIN_auor/L_effect_4"},{"time":0.9666,"name":"EF/EF_MAIN_auor/L_effect_5"},{"time":1,"name":"EF/EF_MAIN_auor/L_effect_1"},{"time":1.0333,"name":"EF/EF_MAIN_auor/L_effect_2"},{"time":1.0666,"name":"EF/EF_MAIN_auor/L_effect_3"},{"time":1.1,"name":"EF/EF_MAIN_auor/L_effect_4"},{"time":1.1333,"name":"EF/EF_MAIN_auor/L_effect_5"},{"time":1.1666,"name":"EF/EF_MAIN_auor/L_effect_1"},{"time":1.2,"name":"EF/EF_MAIN_auor/L_effect_2"},{"time":1.2333,"name":"EF/EF_MAIN_auor/L_effect_3"},{"time":1.2666,"name":"EF/EF_MAIN_auor/L_effect_4"},{"time":1.3,"name":"EF/EF_MAIN_auor/L_effect_5"},{"time":1.3333,"name":"EF/EF_MAIN_auor/L_effect_1"},{"time":1.3666,"name":"EF/EF_MAIN_auor/L_effect_2"},{"time":1.4,"name":"EF/EF_MAIN_auor/L_effect_3"},{"time":1.4333,"name":"EF/EF_MAIN_auor/L_effect_4"},{"time":1.4666,"name":"EF/EF_MAIN_auor/L_effect_5"},{"time":1.5,"name":"EF/EF_MAIN_auor/L_effect_1"},{"time":1.5333,"name":"EF/EF_MAIN_auor/L_effect_2"},{"time":1.5666,"name":"EF/EF_MAIN_auor/L_effect_3"},{"time":1.6,"name":"EF/EF_MAIN_auor/L_effect_4"},{"time":1.6333,"name":"EF/EF_MAIN_auor/L_effect_5"},{"time":1.6666,"name":"EF/EF_MAIN_auor/L_effect_1"},{"time":1.7,"name":"EF/EF_MAIN_auor/L_effect_2"},{"time":1.7333,"name":"EF/EF_MAIN_auor/L_effect_3"},{"time":1.7666,"name":"EF/EF_MAIN_auor/L_effect_4"},{"time":1.8,"name":"EF/EF_MAIN_auor/L_effect_5"}]},"EF/EF_MAIN_auor/R_effect_1":{"attachment":[{"time":0,"name":"EF/EF_MAIN_auor/R_effect_1"},{"time":0.0333,"name":"EF/EF_MAIN_auor/R_effect_2"},{"time":0.0666,"name":"EF/EF_MAIN_auor/R_effect_3"},{"time":0.1,"name":"EF/EF_MAIN_auor/R_effect_4"},{"time":0.1333,"name":"EF/EF_MAIN_auor/R_effect_5"},{"time":0.1666,"name":"EF/EF_MAIN_auor/R_effect_1"},{"time":0.2,"name":"EF/EF_MAIN_auor/R_effect_2"},{"time":0.2333,"name":"EF/EF_MAIN_auor/R_effect_3"},{"time":0.2666,"name":"EF/EF_MAIN_auor/R_effect_4"},{"time":0.3,"name":"EF/EF_MAIN_auor/R_effect_5"},{"time":0.3333,"name":"EF/EF_MAIN_auor/R_effect_1"},{"time":0.3666,"name":"EF/EF_MAIN_auor/R_effect_2"},{"time":0.4,"name":"EF/EF_MAIN_auor/R_effect_3"},{"time":0.4333,"name":"EF/EF_MAIN_auor/R_effect_4"},{"time":0.4666,"name":"EF/EF_MAIN_auor/R_effect_5"},{"time":0.5,"name":"EF/EF_MAIN_auor/R_effect_1"},{"time":0.5333,"name":"EF/EF_MAIN_auor/R_effect_2"},{"time":0.5666,"name":"EF/EF_MAIN_auor/R_effect_3"},{"time":0.6,"name":"EF/EF_MAIN_auor/R_effect_4"},{"time":0.6333,"name":"EF/EF_MAIN_auor/R_effect_5"},{"time":0.6666,"name":"EF/EF_MAIN_auor/R_effect_1"},{"time":0.7,"name":"EF/EF_MAIN_auor/R_effect_2"},{"time":0.7333,"name":"EF/EF_MAIN_auor/R_effect_3"},{"time":0.7666,"name":"EF/EF_MAIN_auor/R_effect_4"},{"time":0.8,"name":"EF/EF_MAIN_auor/R_effect_5"},{"time":0.8333,"name":"EF/EF_MAIN_auor/R_effect_1"},{"time":0.8666,"name":"EF/EF_MAIN_auor/R_effect_2"},{"time":0.9,"name":"EF/EF_MAIN_auor/R_effect_3"},{"time":0.9333,"name":"EF/EF_MAIN_auor/R_effect_4"},{"time":0.9666,"name":"EF/EF_MAIN_auor/R_effect_5"},{"time":1,"name":"EF/EF_MAIN_auor/R_effect_1"},{"time":1.0333,"name":"EF/EF_MAIN_auor/R_effect_2"},{"time":1.0666,"name":"EF/EF_MAIN_auor/R_effect_3"},{"time":1.1,"name":"EF/EF_MAIN_auor/R_effect_4"},{"time":1.1333,"name":"EF/EF_MAIN_auor/R_effect_5"},{"time":1.1666,"name":"EF/EF_MAIN_auor/R_effect_1"},{"time":1.2,"name":"EF/EF_MAIN_auor/R_effect_2"},{"time":1.2333,"name":"EF/EF_MAIN_auor/R_effect_3"},{"time":1.2666,"name":"EF/EF_MAIN_auor/R_effect_4"},{"time":1.3,"name":"EF/EF_MAIN_auor/R_effect_5"},{"time":1.3333,"name":"EF/EF_MAIN_auor/R_effect_1"},{"time":1.3666,"name":"EF/EF_MAIN_auor/R_effect_2"},{"time":1.4,"name":"EF/EF_MAIN_auor/R_effect_3"},{"time":1.4333,"name":"EF/EF_MAIN_auor/R_effect_4"},{"time":1.4666,"name":"EF/EF_MAIN_auor/R_effect_5"},{"time":1.5,"name":"EF/EF_MAIN_auor/R_effect_1"},{"time":1.5333,"name":"EF/EF_MAIN_auor/R_effect_2"},{"time":1.5666,"name":"EF/EF_MAIN_auor/R_effect_3"},{"time":1.6,"name":"EF/EF_MAIN_auor/R_effect_4"},{"time":1.6333,"name":"EF/EF_MAIN_auor/R_effect_5"},{"time":1.6666,"name":"EF/EF_MAIN_auor/R_effect_1"},{"time":1.7,"name":"EF/EF_MAIN_auor/R_effect_2"},{"time":1.7333,"name":"EF/EF_MAIN_auor/R_effect_3"},{"time":1.7666,"name":"EF/EF_MAIN_auor/R_effect_4"},{"time":1.8,"name":"EF/EF_MAIN_auor/R_effect_5"}]},"MAIN":{"attachment":[{"time":0,"name":"skill1_00"},{"time":0.1666,"name":"skill1_01"},{"time":0.3333,"name":"attack1_04"},{"time":0.6333,"name":"attack1_05"},{"time":0.7,"name":"skill1_02"},{"time":0.9333,"name":"attack1_05"},{"time":1,"name":"skill1_02"},{"time":1.2333,"name":"attack1_05"},{"time":1.3,"name":"skill1_02"}]}},"bones":{"EF_L_wing":{"rotate":[{"time":0,"angle":-22.55,"curve":"stepped"},{"time":0.1666,"angle":-29.11,"curve":"stepped"},{"time":0.3333,"angle":-14.87}],"translate":[{"time":0,"x":11.11,"y":-3.7,"curve":"stepped"},{"time":0.3333,"x":17.28,"y":0,"curve":"stepped"},{"time":0.6333,"x":17.28,"y":24.7,"curve":"stepped"},{"time":0.7,"x":17.28,"y":16.05,"curve":"stepped"},{"time":0.9333,"x":17.28,"y":24.7,"curve":"stepped"},{"time":1,"x":17.28,"y":16.05,"curve":"stepped"},{"time":1.2333,"x":17.28,"y":24.7,"curve":"stepped"},{"time":1.3,"x":17.28,"y":16.05}]},"EF_R_wing":{"rotate":[{"time":0,"angle":7.17,"curve":"stepped"},{"time":0.1666,"angle":0.61,"curve":"stepped"},{"time":0.3333,"angle":-14.02,"curve":"stepped"},{"time":0.6333,"angle":17.32,"curve":"stepped"},{"time":0.7,"angle":6.84,"curve":"stepped"},{"time":0.9333,"angle":17.32,"curve":"stepped"},{"time":1,"angle":6.84,"curve":"stepped"},{"time":1.2333,"angle":17.32,"curve":"stepped"},{"time":1.3,"angle":6.84}],"translate":[{"time":0,"x":1.23,"y":-23.46,"curve":"stepped"},{"time":0.3333,"x":4.93,"y":-1.23,"curve":"stepped"},{"time":0.6333,"x":-7.41,"y":-7.4,"curve":"stepped"},{"time":0.7,"x":-2.47,"y":-12.34,"curve":"stepped"},{"time":0.9333,"x":-7.41,"y":-7.4,"curve":"stepped"},{"time":1,"x":-2.47,"y":-12.34,"curve":"stepped"},{"time":1.2333,"x":-7.41,"y":-7.4,"curve":"stepped"},{"time":1.3,"x":-2.47,"y":-12.34}]}},"events":[{"time":0.6333,"name":"Event","string":"addOrbitSystem_orbitfireball"},{"time":0.6333,"name":"Sound1","string":"cri_se_battle_gun_burst"},{"time":0.6333,"name":"Sound2","string":"cri_se_battle_explosion_short"},{"time":0.6333,"name":"voice","string":"cri_083_voice_skill_b"},{"time":0.9333,"name":"Event","string":"addOrbitSystem_orbitfireball"},{"time":0.9333,"name":"Sound1","string":"cri_se_battle_gun_burst"},{"time":0.9333,"name":"Sound2","string":"cri_se_battle_explosion_short"},{"time":0.9333,"name":"voice","string":"cri_083_voice_skill_b"},{"time":1.2333,"name":"Event","string":"addOrbitSystem_orbitfireball"},{"time":1.2333,"name":"Sound1","string":"cri_se_battle_gun_burst"},{"time":1.2333,"name":"Sound2","string":"cri_se_battle_explosion_short"},{"time":1.2333,"name":"voice","string":"cri_083_voice_skill_b"}]},"skill2":{"slots":{"DAMAGEAREA":{"attachment":[{"time":1.2333,"name":"DAMAGEAREA"},{"time":2.2666,"name":null}]},"EF/EF_MAIN_auor/L_effect_1":{"attachment":[{"time":0,"name":"EF/EF_MAIN_auor/L_effect_1"},{"time":0.0333,"name":"EF/EF_MAIN_auor/L_effect_2"},{"time":0.0666,"name":"EF/EF_MAIN_auor/L_effect_3"},{"time":0.1,"name":"EF/EF_MAIN_auor/L_effect_4"},{"time":0.1333,"name":"EF/EF_MAIN_auor/L_effect_5"},{"time":0.1666,"name":"EF/EF_MAIN_auor/L_effect_1"},{"time":0.2,"name":"EF/EF_MAIN_auor/L_effect_2"},{"time":0.2333,"name":"EF/EF_MAIN_auor/L_effect_3"},{"time":0.2666,"name":"EF/EF_MAIN_auor/L_effect_4"},{"time":0.3,"name":"EF/EF_MAIN_auor/L_effect_5"},{"time":0.3333,"name":"EF/EF_MAIN_auor/L_effect_1"},{"time":0.3666,"name":"EF/EF_MAIN_auor/L_effect_2"},{"time":0.4,"name":"EF/EF_MAIN_auor/L_effect_3"},{"time":0.4333,"name":"EF/EF_MAIN_auor/L_effect_4"},{"time":0.4666,"name":"EF/EF_MAIN_auor/L_effect_5"},{"time":0.5,"name":"EF/EF_MAIN_auor/L_effect_1"},{"time":0.5333,"name":"EF/EF_MAIN_auor/L_effect_2"},{"time":0.5666,"name":"EF/EF_MAIN_auor/L_effect_3"},{"time":0.6,"name":"EF/EF_MAIN_auor/L_effect_4"},{"time":0.6333,"name":"EF/EF_MAIN_auor/L_effect_5"},{"time":0.6666,"name":"EF/EF_MAIN_auor/L_effect_1"},{"time":0.7,"name":"EF/EF_MAIN_auor/L_effect_2"},{"time":0.7333,"name":"EF/EF_MAIN_auor/L_effect_3"},{"time":0.7666,"name":"EF/EF_MAIN_auor/L_effect_4"},{"time":0.8,"name":"EF/EF_MAIN_auor/L_effect_5"},{"time":0.8333,"name":"EF/EF_MAIN_auor/L_effect_1"},{"time":0.8666,"name":"EF/EF_MAIN_auor/L_effect_2"},{"time":0.9,"name":"EF/EF_MAIN_auor/L_effect_3"},{"time":0.9333,"name":"EF/EF_MAIN_auor/L_effect_4"},{"time":0.9666,"name":"EF/EF_MAIN_auor/L_effect_5"},{"time":1,"name":"EF/EF_MAIN_auor/L_effect_1"},{"time":1.0333,"name":"EF/EF_MAIN_auor/L_effect_2"},{"time":1.0666,"name":"EF/EF_MAIN_auor/L_effect_3"},{"time":1.1,"name":"EF/EF_MAIN_auor/L_effect_4"},{"time":1.1333,"name":"EF/EF_MAIN_auor/L_effect_5"},{"time":1.1666,"name":"EF/EF_MAIN_auor/L_effect_1"},{"time":1.2,"name":"EF/EF_MAIN_auor/L_effect_2"},{"time":1.2333,"name":"EF/EF_MAIN_auor/L_effect_3"},{"time":1.2666,"name":"EF/EF_MAIN_auor/L_effect_4"},{"time":1.3,"name":"EF/EF_MAIN_auor/L_effect_5"},{"time":1.3333,"name":"EF/EF_MAIN_auor/L_effect_1"},{"time":1.3666,"name":"EF/EF_MAIN_auor/L_effect_2"},{"time":1.4,"name":"EF/EF_MAIN_auor/L_effect_3"},{"time":1.4333,"name":"EF/EF_MAIN_auor/L_effect_4"},{"time":1.4666,"name":"EF/EF_MAIN_auor/L_effect_5"},{"time":1.5,"name":"EF/EF_MAIN_auor/L_effect_1"},{"time":1.5333,"name":"EF/EF_MAIN_auor/L_effect_2"},{"time":1.5666,"name":"EF/EF_MAIN_auor/L_effect_3"},{"time":1.6,"name":"EF/EF_MAIN_auor/L_effect_4"},{"time":1.6333,"name":"EF/EF_MAIN_auor/L_effect_5"},{"time":1.6666,"name":"EF/EF_MAIN_auor/L_effect_1"},{"time":1.7,"name":"EF/EF_MAIN_auor/L_effect_2"},{"time":1.7333,"name":"EF/EF_MAIN_auor/L_effect_3"},{"time":1.7666,"name":"EF/EF_MAIN_auor/L_effect_4"},{"time":1.8,"name":"EF/EF_MAIN_auor/L_effect_5"},{"time":1.8333,"name":"EF/EF_MAIN_auor/L_effect_1"},{"time":1.8666,"name":"EF/EF_MAIN_auor/L_effect_2"},{"time":1.9,"name":"EF/EF_MAIN_auor/L_effect_3"},{"time":1.9333,"name":"EF/EF_MAIN_auor/L_effect_4"},{"time":1.9666,"name":"EF/EF_MAIN_auor/L_effect_5"},{"time":2,"name":"EF/EF_MAIN_auor/L_effect_1"},{"time":2.0333,"name":"EF/EF_MAIN_auor/L_effect_2"},{"time":2.0666,"name":"EF/EF_MAIN_auor/L_effect_3"},{"time":2.1,"name":"EF/EF_MAIN_auor/L_effect_4"},{"time":2.1333,"name":"EF/EF_MAIN_auor/L_effect_5"},{"time":2.1666,"name":"EF/EF_MAIN_auor/L_effect_1"},{"time":2.2,"name":"EF/EF_MAIN_auor/L_effect_2"},{"time":2.2333,"name":"EF/EF_MAIN_auor/L_effect_3"},{"time":2.2666,"name":"EF/EF_MAIN_auor/L_effect_4"},{"time":2.3,"name":"EF/EF_MAIN_auor/L_effect_5"},{"time":2.3333,"name":"EF/EF_MAIN_auor/L_effect_1"},{"time":2.3666,"name":"EF/EF_MAIN_auor/L_effect_2"},{"time":2.4,"name":"EF/EF_MAIN_auor/L_effect_3"},{"time":2.4333,"name":"EF/EF_MAIN_auor/L_effect_4"},{"time":2.4666,"name":"EF/EF_MAIN_auor/L_effect_5"},{"time":2.5,"name":"EF/EF_MAIN_auor/L_effect_1"},{"time":2.5333,"name":"EF/EF_MAIN_auor/L_effect_2"},{"time":2.5666,"name":"EF/EF_MAIN_auor/L_effect_3"},{"time":2.6,"name":"EF/EF_MAIN_auor/L_effect_4"},{"time":2.6333,"name":"EF/EF_MAIN_auor/L_effect_5"},{"time":2.6666,"name":"EF/EF_MAIN_auor/L_effect_1"},{"time":2.7,"name":"EF/EF_MAIN_auor/L_effect_2"},{"time":2.7333,"name":"EF/EF_MAIN_auor/L_effect_3"},{"time":2.7666,"name":"EF/EF_MAIN_auor/L_effect_4"},{"time":2.8,"name":"EF/EF_MAIN_auor/L_effect_5"},{"time":2.8333,"name":"EF/EF_MAIN_auor/L_effect_1"},{"time":2.8666,"name":"EF/EF_MAIN_auor/L_effect_2"},{"time":2.9,"name":"EF/EF_MAIN_auor/L_effect_3"}]},"EF/EF_MAIN_auor/R_effect_1":{"attachment":[{"time":0,"name":"EF/EF_MAIN_auor/R_effect_1"},{"time":0.0333,"name":"EF/EF_MAIN_auor/R_effect_2"},{"time":0.0666,"name":"EF/EF_MAIN_auor/R_effect_3"},{"time":0.1,"name":"EF/EF_MAIN_auor/R_effect_4"},{"time":0.1333,"name":"EF/EF_MAIN_auor/R_effect_5"},{"time":0.1666,"name":"EF/EF_MAIN_auor/R_effect_1"},{"time":0.2,"name":"EF/EF_MAIN_auor/R_effect_2"},{"time":0.2333,"name":"EF/EF_MAIN_auor/R_effect_3"},{"time":0.2666,"name":"EF/EF_MAIN_auor/R_effect_4"},{"time":0.3,"name":"EF/EF_MAIN_auor/R_effect_5"},{"time":0.3333,"name":"EF/EF_MAIN_auor/R_effect_1"},{"time":0.3666,"name":"EF/EF_MAIN_auor/R_effect_2"},{"time":0.4,"name":"EF/EF_MAIN_auor/R_effect_3"},{"time":0.4333,"name":"EF/EF_MAIN_auor/R_effect_4"},{"time":0.4666,"name":"EF/EF_MAIN_auor/R_effect_5"},{"time":0.5,"name":"EF/EF_MAIN_auor/R_effect_1"},{"time":0.5333,"name":"EF/EF_MAIN_auor/R_effect_2"},{"time":0.5666,"name":"EF/EF_MAIN_auor/R_effect_3"},{"time":0.6,"name":"EF/EF_MAIN_auor/R_effect_4"},{"time":0.6333,"name":"EF/EF_MAIN_auor/R_effect_5"},{"time":0.6666,"name":"EF/EF_MAIN_auor/R_effect_1"},{"time":0.7,"name":"EF/EF_MAIN_auor/R_effect_2"},{"time":0.7333,"name":"EF/EF_MAIN_auor/R_effect_3"},{"time":0.7666,"name":"EF/EF_MAIN_auor/R_effect_4"},{"time":0.8,"name":"EF/EF_MAIN_auor/R_effect_5"},{"time":0.8333,"name":"EF/EF_MAIN_auor/R_effect_1"},{"time":0.8666,"name":"EF/EF_MAIN_auor/R_effect_2"},{"time":0.9,"name":"EF/EF_MAIN_auor/R_effect_3"},{"time":0.9333,"name":"EF/EF_MAIN_auor/R_effect_4"},{"time":0.9666,"name":"EF/EF_MAIN_auor/R_effect_5"},{"time":1,"name":"EF/EF_MAIN_auor/R_effect_1"},{"time":1.0333,"name":"EF/EF_MAIN_auor/R_effect_2"},{"time":1.0666,"name":"EF/EF_MAIN_auor/R_effect_3"},{"time":1.1,"name":"EF/EF_MAIN_auor/R_effect_4"},{"time":1.1333,"name":"EF/EF_MAIN_auor/R_effect_5"},{"time":1.1666,"name":"EF/EF_MAIN_auor/R_effect_1"},{"time":1.2,"name":"EF/EF_MAIN_auor/R_effect_2"},{"time":1.2333,"name":"EF/EF_MAIN_auor/R_effect_3"},{"time":1.2666,"name":"EF/EF_MAIN_auor/R_effect_4"},{"time":1.3,"name":"EF/EF_MAIN_auor/R_effect_5"},{"time":1.3333,"name":"EF/EF_MAIN_auor/R_effect_1"},{"time":1.3666,"name":"EF/EF_MAIN_auor/R_effect_2"},{"time":1.4,"name":"EF/EF_MAIN_auor/R_effect_3"},{"time":1.4333,"name":"EF/EF_MAIN_auor/R_effect_4"},{"time":1.4666,"name":"EF/EF_MAIN_auor/R_effect_5"},{"time":1.5,"name":"EF/EF_MAIN_auor/R_effect_1"},{"time":1.5333,"name":"EF/EF_MAIN_auor/R_effect_2"},{"time":1.5666,"name":"EF/EF_MAIN_auor/R_effect_3"},{"time":1.6,"name":"EF/EF_MAIN_auor/R_effect_4"},{"time":1.6333,"name":"EF/EF_MAIN_auor/R_effect_5"},{"time":1.6666,"name":"EF/EF_MAIN_auor/R_effect_1"},{"time":1.7,"name":"EF/EF_MAIN_auor/R_effect_2"},{"time":1.7333,"name":"EF/EF_MAIN_auor/R_effect_3"},{"time":1.7666,"name":"EF/EF_MAIN_auor/R_effect_4"},{"time":1.8,"name":"EF/EF_MAIN_auor/R_effect_5"},{"time":1.8333,"name":"EF/EF_MAIN_auor/R_effect_1"},{"time":1.8666,"name":"EF/EF_MAIN_auor/R_effect_2"},{"time":1.9,"name":"EF/EF_MAIN_auor/R_effect_3"},{"time":1.9333,"name":"EF/EF_MAIN_auor/R_effect_4"},{"time":1.9666,"name":"EF/EF_MAIN_auor/R_effect_5"},{"time":2,"name":"EF/EF_MAIN_auor/R_effect_1"},{"time":2.0333,"name":"EF/EF_MAIN_auor/R_effect_2"},{"time":2.0666,"name":"EF/EF_MAIN_auor/R_effect_3"},{"time":2.1,"name":"EF/EF_MAIN_auor/R_effect_4"},{"time":2.1333,"name":"EF/EF_MAIN_auor/R_effect_5"},{"time":2.1666,"name":"EF/EF_MAIN_auor/R_effect_1"},{"time":2.2,"name":"EF/EF_MAIN_auor/R_effect_2"},{"time":2.2333,"name":"EF/EF_MAIN_auor/R_effect_3"},{"time":2.2666,"name":"EF/EF_MAIN_auor/R_effect_4"},{"time":2.3,"name":"EF/EF_MAIN_auor/R_effect_5"},{"time":2.3333,"name":"EF/EF_MAIN_auor/R_effect_1"},{"time":2.3666,"name":"EF/EF_MAIN_auor/R_effect_2"},{"time":2.4,"name":"EF/EF_MAIN_auor/R_effect_4"},{"time":2.4333,"name":"EF/EF_MAIN_auor/R_effect_4"},{"time":2.4666,"name":"EF/EF_MAIN_auor/R_effect_5"},{"time":2.5,"name":"EF/EF_MAIN_auor/R_effect_1"},{"time":2.5333,"name":"EF/EF_MAIN_auor/R_effect_2"},{"time":2.5666,"name":"EF/EF_MAIN_auor/R_effect_4"},{"time":2.6,"name":"EF/EF_MAIN_auor/R_effect_4"},{"time":2.6333,"name":"EF/EF_MAIN_auor/R_effect_5"},{"time":2.6666,"name":"EF/EF_MAIN_auor/R_effect_1"},{"time":2.7,"name":"EF/EF_MAIN_auor/R_effect_2"},{"time":2.7333,"name":"EF/EF_MAIN_auor/R_effect_4"},{"time":2.7666,"name":"EF/EF_MAIN_auor/R_effect_4"},{"time":2.8,"name":"EF/EF_MAIN_auor/R_effect_5"},{"time":2.8333,"name":"EF/EF_MAIN_auor/R_effect_1"},{"time":2.8666,"name":"EF/EF_MAIN_auor/R_effect_2"},{"time":2.9,"name":"EF/EF_MAIN_auor/R_effect_4"}]},"MAIN":{"attachment":[{"time":0,"name":"idle_00"},{"time":0.0666,"name":"skill2_00"},{"time":0.1666,"name":"skill2_01"},{"time":0.2666,"name":"skill2_02"},{"time":0.3333,"name":"skill2_03"},{"time":0.4,"name":"skill2_02"},{"time":0.4666,"name":"skill2_03"},{"time":0.5333,"name":"skill2_02"},{"time":0.6,"name":"skill2_03"},{"time":0.6666,"name":"skill2_02"},{"time":0.7,"name":"skill2_03"},{"time":0.7333,"name":"skill2_02"},{"time":0.7666,"name":"skill2_03"},{"time":0.8,"name":"skill2_02"},{"time":0.8333,"name":"skill2_03"},{"time":0.8666,"name":"skill2_02"},{"time":0.9,"name":"skill2_03"},{"time":0.9333,"name":"skill2_02"},{"time":0.9666,"name":"skill2_03"},{"time":1,"name":"skill2_02"},{"time":1.0333,"name":"skill2_03"},{"time":1.1,"name":"skill2_04"},{"time":1.2,"name":"skill2_05"},{"time":1.2333,"name":"skill2_06"},{"time":1.2666,"name":"skill2_05"},{"time":1.3,"name":"skill2_06"},{"time":1.3333,"name":"skill2_05"},{"time":1.3666,"name":"skill2_06"},{"time":1.4,"name":"skill2_05"},{"time":1.4333,"name":"skill2_06"},{"time":1.4666,"name":"skill2_05"},{"time":1.5,"name":"skill2_06"},{"time":1.5333,"name":"skill2_05"},{"time":1.5666,"name":"skill2_06"},{"time":1.6,"name":"skill2_05"},{"time":1.6333,"name":"skill2_06"},{"time":1.6666,"name":"skill2_05"},{"time":1.7,"name":"skill2_06"},{"time":1.7333,"name":"skill2_05"},{"time":1.7666,"name":"skill2_06"},{"time":1.8,"name":"skill2_05"},{"time":1.8333,"name":"skill2_06"},{"time":1.8666,"name":"skill2_05"},{"time":1.9,"name":"skill2_06"},{"time":1.9333,"name":"skill2_05"},{"time":1.9666,"name":"skill2_06"},{"time":2,"name":"skill2_05"},{"time":2.0333,"name":"skill2_06"},{"time":2.0666,"name":"skill2_05"},{"time":2.1,"name":"skill2_06"},{"time":2.1333,"name":"skill2_05"},{"time":2.1666,"name":"skill2_06"},{"time":2.2,"name":"skill2_05"},{"time":2.2333,"name":"skill2_06"},{"time":2.2666,"name":"skill2_05"},{"time":2.3,"name":"skill2_06"},{"time":2.3333,"name":"skill2_05"},{"time":2.3666,"name":"skill2_06"},{"time":2.4,"name":"skill2_05"},{"time":2.9,"name":"skill2_05"}]}},"bones":{"MAIN":{"translate":[{"time":0,"x":0,"y":0,"curve":"stepped"},{"time":0.2666,"x":0,"y":-19.3,"curve":"stepped"},{"time":1.2,"x":0,"y":0}]},"EF_L_wing":{"rotate":[{"time":0,"angle":-19.92,"curve":"stepped"},{"time":0.0666,"angle":-33.33,"curve":"stepped"},{"time":0.1666,"angle":-30.04,"curve":"stepped"},{"time":0.2666,"angle":-13.06,"curve":"stepped"},{"time":0.3333,"angle":-15.06,"curve":"stepped"},{"time":0.4,"angle":-18.77,"curve":"stepped"},{"time":0.4666,"angle":-15.06,"curve":"stepped"},{"time":0.5333,"angle":-18.77,"curve":"stepped"},{"time":0.6,"angle":-15.06,"curve":"stepped"},{"time":0.6666,"angle":-18.77,"curve":"stepped"},{"time":0.7,"angle":-15.06,"curve":"stepped"},{"time":0.7333,"angle":-18.77,"curve":"stepped"},{"time":0.7666,"angle":-13.2,"curve":"stepped"},{"time":0.8,"angle":-18.77,"curve":"stepped"},{"time":0.8333,"angle":-15.06,"curve":"stepped"},{"time":0.8666,"angle":-18.77,"curve":"stepped"},{"time":0.9,"angle":-15.06,"curve":"stepped"},{"time":0.9333,"angle":-18.77,"curve":"stepped"},{"time":0.9666,"angle":-15.06,"curve":"stepped"},{"time":1,"angle":-18.77,"curve":"stepped"},{"time":1.0333,"angle":-15.06,"curve":"stepped"},{"time":1.1333,"angle":-4.84,"curve":"stepped"},{"time":1.2,"angle":-17.4,"curve":"stepped"},{"time":1.2333,"angle":-24.76,"curve":"stepped"},{"time":1.2666,"angle":-17.4,"curve":"stepped"},{"time":1.3,"angle":-24.76,"curve":"stepped"},{"time":1.3333,"angle":-17.4,"curve":"stepped"},{"time":1.3666,"angle":-24.76,"curve":"stepped"},{"time":1.4,"angle":-17.4,"curve":"stepped"},{"time":1.4333,"angle":-24.76,"curve":"stepped"},{"time":1.4666,"angle":-17.4,"curve":"stepped"},{"time":1.5,"angle":-24.76,"curve":"stepped"},{"time":1.5333,"angle":-17.4,"curve":"stepped"},{"time":1.5666,"angle":-24.76,"curve":"stepped"},{"time":1.6,"angle":-17.4,"curve":"stepped"},{"time":1.6333,"angle":-24.76,"curve":"stepped"},{"time":1.6666,"angle":-17.4,"curve":"stepped"},{"time":1.7,"angle":-24.76,"curve":"stepped"},{"time":1.7333,"angle":-17.4,"curve":"stepped"},{"time":1.7666,"angle":-24.76,"curve":"stepped"},{"time":1.8,"angle":-17.4,"curve":"stepped"},{"time":1.8333,"angle":-24.76,"curve":"stepped"},{"time":1.8666,"angle":-17.4,"curve":"stepped"},{"time":1.9,"angle":-24.76,"curve":"stepped"},{"time":1.9333,"angle":-17.4,"curve":"stepped"},{"time":1.9666,"angle":-24.76,"curve":"stepped"},{"time":2,"angle":-17.4,"curve":"stepped"},{"time":2.0333,"angle":-24.76,"curve":"stepped"},{"time":2.0666,"angle":-17.4,"curve":"stepped"},{"time":2.1,"angle":-24.76,"curve":"stepped"},{"time":2.1333,"angle":-17.4,"curve":"stepped"},{"time":2.1666,"angle":-24.76,"curve":"stepped"},{"time":2.2,"angle":-17.4,"curve":"stepped"},{"time":2.2333,"angle":-24.76,"curve":"stepped"},{"time":2.2666,"angle":-17.4,"curve":"stepped"},{"time":2.3,"angle":-24.76,"curve":"stepped"},{"time":2.3333,"angle":-17.4,"curve":"stepped"},{"time":2.3666,"angle":-24.76,"curve":"stepped"},{"time":2.4,"angle":-17.4,"curve":"stepped"},{"time":2.4333,"angle":-24.76,"curve":"stepped"},{"time":2.4666,"angle":-17.4,"curve":"stepped"},{"time":2.5,"angle":-24.76,"curve":"stepped"},{"time":2.5333,"angle":-17.4,"curve":"stepped"},{"time":2.5666,"angle":-24.76,"curve":"stepped"},{"time":2.6,"angle":-17.4,"curve":"stepped"},{"time":2.6333,"angle":-24.76,"curve":"stepped"},{"time":2.6666,"angle":-17.4,"curve":"stepped"},{"time":2.7,"angle":-24.76,"curve":"stepped"},{"time":2.7333,"angle":-17.4,"curve":"stepped"},{"time":2.7666,"angle":-24.76,"curve":"stepped"},{"time":2.8,"angle":-17.4,"curve":"stepped"},{"time":2.8333,"angle":-24.76,"curve":"stepped"},{"time":2.8666,"angle":-17.4,"curve":"stepped"},{"time":2.9,"angle":-24.76}],"translate":[{"time":0,"x":12.34,"y":-4.93,"curve":"stepped"},{"time":0.0666,"x":18.52,"y":-4.93,"curve":"stepped"},{"time":0.1666,"x":20.99,"y":0,"curve":"stepped"},{"time":0.2666,"x":4.93,"y":-9.88,"curve":"stepped"},{"time":0.3333,"x":20.99,"y":-13.58,"curve":"stepped"},{"time":0.4,"x":18.52,"y":-1.23,"curve":"stepped"},{"time":0.4666,"x":16.05,"y":-1.23,"curve":"stepped"},{"time":0.5333,"x":18.52,"y":-1.23,"curve":"stepped"},{"time":0.6,"x":16.05,"y":-1.23,"curve":"stepped"},{"time":0.6666,"x":19.75,"y":-7.41,"curve":"stepped"},{"time":0.7,"x":16.05,"y":-1.23,"curve":"stepped"},{"time":0.7333,"x":18.52,"y":-1.23,"curve":"stepped"},{"time":0.7666,"x":12.34,"y":-1.23,"curve":"stepped"},{"time":0.8,"x":18.52,"y":-1.23,"curve":"stepped"},{"time":0.8333,"x":16.05,"y":-1.23,"curve":"stepped"},{"time":0.8666,"x":18.52,"y":-1.23,"curve":"stepped"},{"time":0.9,"x":16.05,"y":-1.23,"curve":"stepped"},{"time":0.9333,"x":18.52,"y":-1.23,"curve":"stepped"},{"time":0.9666,"x":16.05,"y":-1.23,"curve":"stepped"},{"time":1,"x":18.52,"y":-1.23,"curve":"stepped"},{"time":1.0333,"x":16.05,"y":-1.23,"curve":"stepped"},{"time":1.1,"x":16.05,"y":-22.23,"curve":"stepped"},{"time":1.1333,"x":16.05,"y":-17.29,"curve":"stepped"},{"time":1.2,"x":16.05,"y":-11.11,"curve":"stepped"},{"time":1.2333,"x":22.22,"y":-11.11,"curve":"stepped"},{"time":1.2666,"x":16.05,"y":-11.11,"curve":"stepped"},{"time":1.3,"x":22.22,"y":-11.11,"curve":"stepped"},{"time":1.3333,"x":16.05,"y":-11.11,"curve":"stepped"},{"time":1.3666,"x":22.22,"y":-11.11,"curve":"stepped"},{"time":1.4,"x":16.05,"y":-11.11,"curve":"stepped"},{"time":1.4333,"x":22.22,"y":-11.11,"curve":"stepped"},{"time":1.4666,"x":16.05,"y":-11.11,"curve":"stepped"},{"time":1.5,"x":22.22,"y":-11.11,"curve":"stepped"},{"time":1.5333,"x":16.05,"y":-11.11,"curve":"stepped"},{"time":1.5666,"x":22.22,"y":-11.11,"curve":"stepped"},{"time":1.6,"x":16.05,"y":-11.11,"curve":"stepped"},{"time":1.6333,"x":22.22,"y":-11.11,"curve":"stepped"},{"time":1.6666,"x":16.05,"y":-11.11,"curve":"stepped"},{"time":1.7,"x":22.22,"y":-11.11,"curve":"stepped"},{"time":1.7333,"x":16.05,"y":-11.11,"curve":"stepped"},{"time":1.7666,"x":22.22,"y":-11.11,"curve":"stepped"},{"time":1.8,"x":16.05,"y":-11.11,"curve":"stepped"},{"time":1.8333,"x":22.22,"y":-11.11,"curve":"stepped"},{"time":1.8666,"x":16.05,"y":-11.11,"curve":"stepped"},{"time":1.9,"x":22.22,"y":-11.11,"curve":"stepped"},{"time":1.9333,"x":16.05,"y":-11.11,"curve":"stepped"},{"time":1.9666,"x":22.22,"y":-11.11,"curve":"stepped"},{"time":2,"x":16.05,"y":-11.11,"curve":"stepped"},{"time":2.0333,"x":22.22,"y":-11.11,"curve":"stepped"},{"time":2.0666,"x":16.05,"y":-11.11,"curve":"stepped"},{"time":2.1,"x":22.22,"y":-11.11,"curve":"stepped"},{"time":2.1333,"x":16.05,"y":-11.11,"curve":"stepped"},{"time":2.1666,"x":22.22,"y":-11.11,"curve":"stepped"},{"time":2.2,"x":16.05,"y":-11.11,"curve":"stepped"},{"time":2.2333,"x":22.22,"y":-11.11,"curve":"stepped"},{"time":2.2666,"x":16.05,"y":-11.11,"curve":"stepped"},{"time":2.3,"x":22.22,"y":-11.11,"curve":"stepped"},{"time":2.3333,"x":16.05,"y":-11.11,"curve":"stepped"},{"time":2.3666,"x":22.22,"y":-11.11,"curve":"stepped"},{"time":2.4,"x":16.05,"y":-11.11,"curve":"stepped"},{"time":2.4333,"x":22.22,"y":-11.11,"curve":"stepped"},{"time":2.4666,"x":16.05,"y":-11.11,"curve":"stepped"},{"time":2.5,"x":22.22,"y":-11.11,"curve":"stepped"},{"time":2.5333,"x":16.05,"y":-11.11,"curve":"stepped"},{"time":2.5666,"x":22.22,"y":-11.11,"curve":"stepped"},{"time":2.6,"x":16.05,"y":-11.11,"curve":"stepped"},{"time":2.6333,"x":22.22,"y":-11.11,"curve":"stepped"},{"time":2.6666,"x":16.05,"y":-11.11,"curve":"stepped"},{"time":2.7,"x":22.22,"y":-11.11,"curve":"stepped"},{"time":2.7333,"x":16.05,"y":-11.11,"curve":"stepped"},{"time":2.7666,"x":22.22,"y":-11.11,"curve":"stepped"},{"time":2.8,"x":16.05,"y":-11.11,"curve":"stepped"},{"time":2.8333,"x":22.22,"y":-11.11,"curve":"stepped"},{"time":2.8666,"x":16.05,"y":-11.11,"curve":"stepped"},{"time":2.9,"x":22.22,"y":-11.11}]},"EF_R_wing":{"rotate":[{"time":0,"angle":-1.37,"curve":"stepped"},{"time":0.0666,"angle":17.3,"curve":"stepped"},{"time":0.2666,"angle":12.43,"curve":"stepped"},{"time":0.4,"angle":12.43,"curve":"stepped"},{"time":0.5333,"angle":12.43,"curve":"stepped"},{"time":0.6666,"angle":-3.23,"curve":"stepped"},{"time":0.7666,"angle":13.37,"curve":"stepped"},{"time":0.8,"angle":1.28,"curve":"stepped"},{"time":0.9333,"angle":7.36,"curve":"stepped"},{"time":0.9666,"angle":4.82,"curve":"stepped"},{"time":1.1333,"angle":-2.33,"curve":"stepped"},{"time":1.2,"angle":6.28,"curve":"stepped"},{"time":1.2666,"angle":6.28,"curve":"stepped"},{"time":1.3333,"angle":6.28,"curve":"stepped"},{"time":1.4,"angle":6.28,"curve":"stepped"},{"time":1.4666,"angle":6.28,"curve":"stepped"},{"time":1.5333,"angle":6.28,"curve":"stepped"},{"time":1.6,"angle":6.28,"curve":"stepped"},{"time":1.6666,"angle":6.28,"curve":"stepped"},{"time":1.7333,"angle":6.28,"curve":"stepped"},{"time":1.8,"angle":6.28,"curve":"stepped"},{"time":1.8666,"angle":6.28,"curve":"stepped"},{"time":1.9333,"angle":6.28,"curve":"stepped"},{"time":2,"angle":6.28,"curve":"stepped"},{"time":2.0666,"angle":6.28,"curve":"stepped"},{"time":2.1333,"angle":6.28,"curve":"stepped"},{"time":2.2,"angle":6.28,"curve":"stepped"},{"time":2.2666,"angle":6.28,"curve":"stepped"},{"time":2.3333,"angle":6.28,"curve":"stepped"},{"time":2.4,"angle":6.28,"curve":"stepped"},{"time":2.4666,"angle":6.28,"curve":"stepped"},{"time":2.5333,"angle":6.28,"curve":"stepped"},{"time":2.6,"angle":6.28,"curve":"stepped"},{"time":2.6666,"angle":6.28,"curve":"stepped"},{"time":2.7333,"angle":6.28,"curve":"stepped"},{"time":2.8,"angle":6.28,"curve":"stepped"},{"time":2.8666,"angle":6.28}],"translate":[{"time":0,"x":0,"y":-6.17,"curve":"stepped"},{"time":0.0666,"x":4.93,"y":-13.58,"curve":"stepped"},{"time":0.1666,"x":0,"y":-11.11,"curve":"stepped"},{"time":0.2666,"x":12.35,"y":-20.99,"curve":"stepped"},{"time":0.3333,"x":4.93,"y":-8.64,"curve":"stepped"},{"time":0.4,"x":12.35,"y":-20.99,"curve":"stepped"},{"time":0.4666,"x":4.93,"y":-8.64,"curve":"stepped"},{"time":0.5333,"x":12.35,"y":-20.99,"curve":"stepped"},{"time":0.6,"x":4.93,"y":-8.64,"curve":"stepped"},{"time":0.6666,"x":7.41,"y":-8.64,"curve":"stepped"},{"time":0.7,"x":12.35,"y":-17.29,"curve":"stepped"},{"time":0.7333,"x":7.41,"y":-17.29,"curve":"stepped"},{"time":0.7666,"x":4.94,"y":-16.05,"curve":"stepped"},{"time":0.8,"x":0,"y":-7.41,"curve":"stepped"},{"time":0.8333,"x":7.41,"y":-11.11,"curve":"stepped"},{"time":0.8666,"x":3.7,"y":-25.93,"curve":"stepped"},{"time":0.9,"x":13.58,"y":-19.76,"curve":"stepped"},{"time":0.9333,"x":11.11,"y":-22.22,"curve":"stepped"},{"time":0.9666,"x":6.17,"y":-8.64,"curve":"stepped"},{"time":1,"x":6.17,"y":-12.34,"curve":"stepped"},{"time":1.0333,"x":9.88,"y":-24.7,"curve":"stepped"},{"time":1.0666,"x":9.88,"y":-20.99,"curve":"stepped"},{"time":1.1,"x":7.41,"y":-32.11,"curve":"stepped"},{"time":1.1333,"x":-1.23,"y":-18.52,"curve":"stepped"},{"time":1.2,"x":8.64,"y":-16.05,"curve":"stepped"},{"time":1.2333,"x":9.88,"y":-16.05,"curve":"stepped"},{"time":1.2666,"x":8.64,"y":-16.05,"curve":"stepped"},{"time":1.3,"x":9.88,"y":-16.05,"curve":"stepped"},{"time":1.3333,"x":8.64,"y":-16.05,"curve":"stepped"},{"time":1.3666,"x":9.88,"y":-16.05,"curve":"stepped"},{"time":1.4,"x":8.64,"y":-16.05,"curve":"stepped"},{"time":1.4333,"x":9.88,"y":-16.05,"curve":"stepped"},{"time":1.4666,"x":8.64,"y":-16.05,"curve":"stepped"},{"time":1.5,"x":9.88,"y":-16.05,"curve":"stepped"},{"time":1.5333,"x":8.64,"y":-16.05,"curve":"stepped"},{"time":1.5666,"x":9.88,"y":-16.05,"curve":"stepped"},{"time":1.6,"x":8.64,"y":-16.05,"curve":"stepped"},{"time":1.6333,"x":9.88,"y":-16.05,"curve":"stepped"},{"time":1.6666,"x":8.64,"y":-16.05,"curve":"stepped"},{"time":1.7,"x":9.88,"y":-16.05,"curve":"stepped"},{"time":1.7333,"x":8.64,"y":-16.05,"curve":"stepped"},{"time":1.7666,"x":9.88,"y":-16.05,"curve":"stepped"},{"time":1.8,"x":8.64,"y":-16.05,"curve":"stepped"},{"time":1.8333,"x":9.88,"y":-16.05,"curve":"stepped"},{"time":1.8666,"x":8.64,"y":-16.05,"curve":"stepped"},{"time":1.9,"x":9.88,"y":-16.05,"curve":"stepped"},{"time":1.9333,"x":8.64,"y":-16.05,"curve":"stepped"},{"time":1.9666,"x":9.88,"y":-16.05,"curve":"stepped"},{"time":2,"x":8.64,"y":-16.05,"curve":"stepped"},{"time":2.0333,"x":9.88,"y":-16.05,"curve":"stepped"},{"time":2.0666,"x":8.64,"y":-16.05,"curve":"stepped"},{"time":2.1,"x":9.88,"y":-16.05,"curve":"stepped"},{"time":2.1333,"x":8.64,"y":-16.05,"curve":"stepped"},{"time":2.1666,"x":9.88,"y":-16.05,"curve":"stepped"},{"time":2.2,"x":8.64,"y":-16.05,"curve":"stepped"},{"time":2.2333,"x":9.88,"y":-16.05,"curve":"stepped"},{"time":2.2666,"x":8.64,"y":-16.05,"curve":"stepped"},{"time":2.3,"x":9.88,"y":-16.05,"curve":"stepped"},{"time":2.3333,"x":8.64,"y":-16.05,"curve":"stepped"},{"time":2.3666,"x":9.88,"y":-16.05,"curve":"stepped"},{"time":2.4,"x":8.64,"y":-16.05,"curve":"stepped"},{"time":2.4333,"x":9.88,"y":-16.05,"curve":"stepped"},{"time":2.4666,"x":8.64,"y":-16.05,"curve":"stepped"},{"time":2.5,"x":9.88,"y":-16.05,"curve":"stepped"},{"time":2.5333,"x":8.64,"y":-16.05,"curve":"stepped"},{"time":2.5666,"x":9.88,"y":-16.05,"curve":"stepped"},{"time":2.6,"x":8.64,"y":-16.05,"curve":"stepped"},{"time":2.6333,"x":9.88,"y":-16.05,"curve":"stepped"},{"time":2.6666,"x":8.64,"y":-16.05,"curve":"stepped"},{"time":2.7,"x":9.88,"y":-16.05,"curve":"stepped"},{"time":2.7333,"x":8.64,"y":-16.05,"curve":"stepped"},{"time":2.7666,"x":9.88,"y":-16.05,"curve":"stepped"},{"time":2.8,"x":8.64,"y":-16.05,"curve":"stepped"},{"time":2.8333,"x":9.88,"y":-16.05,"curve":"stepped"},{"time":2.8666,"x":8.64,"y":-16.05,"curve":"stepped"},{"time":2.9,"x":9.88,"y":-16.05}]},"DAMAGEAREA":{"translate":[{"time":1.2333,"x":-477.33,"y":92.48}],"scale":[{"time":1.2333,"x":4.961,"y":0.816}]}},"events":[{"time":0.1666,"name":"Sound1","string":"cri_se_battle_charge"},{"time":0.1666,"name":"Sound2","string":"cri_se_battle_033_explosion_element_01"},{"time":1.1333,"name":"Event","float":0.15,"string":"kHitStopType_normal"},{"time":1.1666,"name":"Event","string":"setHitBackEnemy(10,0)"},{"time":1.1666,"name":"Sound2","string":"cri_se_battle_skill_elxplosion"},{"time":1.2,"name":"Event","string":"addOrbitSystemCamera_flush"},{"time":1.2,"name":"Sound1","string":"cri_se_battle_skill_finallaser"},{"time":1.2,"name":"View","float":1.13,"string":"shakeGround_Loop"},{"time":1.2,"name":"voice","string":"cri_083_voice_fullarts_now"},{"time":1.2333,"name":"sound_3","string":"cri_se_battle_storm"},{"time":1.2666,"name":"Event","float":0.05,"string":"kHitStopType_normal"},{"time":1.2666,"name":"sound_3","string":"setHitSound(se_battle_tentacle_hit)"},{"time":1.3,"name":"Hit","string":"resetHitList"},{"time":1.3666,"name":"Hit","string":"resetHitList"},{"time":1.4333,"name":"Hit","string":"resetHitList"},{"time":1.5,"name":"Hit","string":"resetHitList"},{"time":1.5666,"name":"Hit","string":"resetHitList"},{"time":1.6333,"name":"Hit","string":"resetHitList"},{"time":1.7,"name":"Hit","string":"resetHitList"},{"time":1.7666,"name":"Hit","string":"resetHitList"},{"time":1.8333,"name":"Hit","string":"resetHitList"},{"time":1.8666,"name":"Sound1","string":"cri_se_battle_032_explosion_04"},{"time":1.9,"name":"Hit","string":"resetHitList"},{"time":1.9666,"name":"Hit","string":"resetHitList"},{"time":2.0333,"name":"Hit","string":"resetHitList"},{"time":2.1,"name":"Hit","string":"resetHitList"},{"time":2.1666,"name":"Hit","string":"resetHitList"},{"time":2.2333,"name":"Event","string":"kImpactType_knock"},{"time":2.2333,"name":"Hit","string":"resetHitList"}]},"skill1-original":{"slots":{"DAMAGEAREA":{"attachment":[{"time":0.6333,"name":"DAMAGEAREA"},{"time":0.8,"name":null},{"time":0.9333,"name":"DAMAGEAREA"},{"time":1.1,"name":null},{"time":1.2333,"name":"DAMAGEAREA"},{"time":1.4,"name":null}]},"EF/EF_MAIN_auor/L_effect_1":{"attachment":[{"time":0,"name":"EF/EF_MAIN_auor/L_effect_1"},{"time":0.0333,"name":"EF/EF_MAIN_auor/L_effect_2"},{"time":0.0666,"name":"EF/EF_MAIN_auor/L_effect_3"},{"time":0.1,"name":"EF/EF_MAIN_auor/L_effect_4"},{"time":0.1333,"name":"EF/EF_MAIN_auor/L_effect_5"},{"time":0.1666,"name":"EF/EF_MAIN_auor/L_effect_1"},{"time":0.2,"name":"EF/EF_MAIN_auor/L_effect_2"},{"time":0.2333,"name":"EF/EF_MAIN_auor/L_effect_3"},{"time":0.2666,"name":"EF/EF_MAIN_auor/L_effect_4"},{"time":0.3,"name":"EF/EF_MAIN_auor/L_effect_5"},{"time":0.3333,"name":"EF/EF_MAIN_auor/L_effect_1"},{"time":0.3666,"name":"EF/EF_MAIN_auor/L_effect_2"},{"time":0.4,"name":"EF/EF_MAIN_auor/L_effect_3"},{"time":0.4333,"name":"EF/EF_MAIN_auor/L_effect_4"},{"time":0.4666,"name":"EF/EF_MAIN_auor/L_effect_5"},{"time":0.5,"name":"EF/EF_MAIN_auor/L_effect_1"},{"time":0.5333,"name":"EF/EF_MAIN_auor/L_effect_2"},{"time":0.5666,"name":"EF/EF_MAIN_auor/L_effect_3"},{"time":0.6,"name":"EF/EF_MAIN_auor/L_effect_4"},{"time":0.6333,"name":"EF/EF_MAIN_auor/L_effect_5"},{"time":0.6666,"name":"EF/EF_MAIN_auor/L_effect_1"},{"time":0.7,"name":"EF/EF_MAIN_auor/L_effect_2"},{"time":0.7333,"name":"EF/EF_MAIN_auor/L_effect_3"},{"time":0.7666,"name":"EF/EF_MAIN_auor/L_effect_4"},{"time":0.8,"name":"EF/EF_MAIN_auor/L_effect_5"},{"time":0.8333,"name":"EF/EF_MAIN_auor/L_effect_1"},{"time":0.8666,"name":"EF/EF_MAIN_auor/L_effect_2"},{"time":0.9,"name":"EF/EF_MAIN_auor/L_effect_3"},{"time":0.9333,"name":"EF/EF_MAIN_auor/L_effect_4"},{"time":0.9666,"name":"EF/EF_MAIN_auor/L_effect_5"},{"time":1,"name":"EF/EF_MAIN_auor/L_effect_1"},{"time":1.0333,"name":"EF/EF_MAIN_auor/L_effect_2"},{"time":1.0666,"name":"EF/EF_MAIN_auor/L_effect_3"},{"time":1.1,"name":"EF/EF_MAIN_auor/L_effect_4"},{"time":1.1333,"name":"EF/EF_MAIN_auor/L_effect_5"},{"time":1.1666,"name":"EF/EF_MAIN_auor/L_effect_1"},{"time":1.2,"name":"EF/EF_MAIN_auor/L_effect_2"},{"time":1.2333,"name":"EF/EF_MAIN_auor/L_effect_3"},{"time":1.2666,"name":"EF/EF_MAIN_auor/L_effect_4"},{"time":1.3,"name":"EF/EF_MAIN_auor/L_effect_5"}]},"EF/EF_MAIN_auor/R_effect_1":{"attachment":[{"time":0,"name":"EF/EF_MAIN_auor/R_effect_1"},{"time":0.0333,"name":"EF/EF_MAIN_auor/R_effect_2"},{"time":0.0666,"name":"EF/EF_MAIN_auor/R_effect_3"},{"time":0.1,"name":"EF/EF_MAIN_auor/R_effect_4"},{"time":0.1333,"name":"EF/EF_MAIN_auor/R_effect_5"},{"time":0.1666,"name":"EF/EF_MAIN_auor/R_effect_1"},{"time":0.2,"name":"EF/EF_MAIN_auor/R_effect_2"},{"time":0.2333,"name":"EF/EF_MAIN_auor/R_effect_3"},{"time":0.2666,"name":"EF/EF_MAIN_auor/R_effect_4"},{"time":0.3,"name":"EF/EF_MAIN_auor/R_effect_5"},{"time":0.3333,"name":"EF/EF_MAIN_auor/R_effect_1"},{"time":0.3666,"name":"EF/EF_MAIN_auor/R_effect_2"},{"time":0.4,"name":"EF/EF_MAIN_auor/R_effect_3"},{"time":0.4333,"name":"EF/EF_MAIN_auor/R_effect_4"},{"time":0.4666,"name":"EF/EF_MAIN_auor/R_effect_5"},{"time":0.5,"name":"EF/EF_MAIN_auor/R_effect_1"},{"time":0.5333,"name":"EF/EF_MAIN_auor/R_effect_2"},{"time":0.5666,"name":"EF/EF_MAIN_auor/R_effect_3"},{"time":0.6,"name":"EF/EF_MAIN_auor/R_effect_4"},{"time":0.6333,"name":"EF/EF_MAIN_auor/R_effect_5"},{"time":0.6666,"name":"EF/EF_MAIN_auor/R_effect_1"},{"time":0.7,"name":"EF/EF_MAIN_auor/R_effect_2"},{"time":0.7333,"name":"EF/EF_MAIN_auor/R_effect_3"},{"time":0.7666,"name":"EF/EF_MAIN_auor/R_effect_4"},{"time":0.8,"name":"EF/EF_MAIN_auor/R_effect_5"},{"time":0.8333,"name":"EF/EF_MAIN_auor/R_effect_1"},{"time":0.8666,"name":"EF/EF_MAIN_auor/R_effect_2"},{"time":0.9,"name":"EF/EF_MAIN_auor/R_effect_3"},{"time":0.9333,"name":"EF/EF_MAIN_auor/R_effect_4"},{"time":0.9666,"name":"EF/EF_MAIN_auor/R_effect_5"},{"time":1,"name":"EF/EF_MAIN_auor/R_effect_1"},{"time":1.0333,"name":"EF/EF_MAIN_auor/R_effect_2"},{"time":1.0666,"name":"EF/EF_MAIN_auor/R_effect_3"},{"time":1.1,"name":"EF/EF_MAIN_auor/R_effect_4"},{"time":1.1333,"name":"EF/EF_MAIN_auor/R_effect_5"},{"time":1.1666,"name":"EF/EF_MAIN_auor/R_effect_1"},{"time":1.2,"name":"EF/EF_MAIN_auor/R_effect_2"},{"time":1.2333,"name":"EF/EF_MAIN_auor/R_effect_3"},{"time":1.2666,"name":"EF/EF_MAIN_auor/R_effect_4"},{"time":1.3,"name":"EF/EF_MAIN_auor/R_effect_5"}]},"MAIN":{"attachment":[{"time":0,"name":"skill1_00"},{"time":0.1666,"name":"skill1_01"},{"time":0.3333,"name":"attack1_04"},{"time":0.6333,"name":"attack1_05"},{"time":0.7,"name":"skill1_02"},{"time":0.9333,"name":"attack1_05"},{"time":1,"name":"skill1_02"},{"time":1.2333,"name":"attack1_05"},{"time":1.3,"name":"skill1_02"}]}},"bones":{"EF_L_wing":{"rotate":[{"time":0,"angle":-22.55,"curve":"stepped"},{"time":0.1666,"angle":-29.11,"curve":"stepped"},{"time":0.3333,"angle":-14.87}],"translate":[{"time":0,"x":11.11,"y":-3.7,"curve":"stepped"},{"time":0.3333,"x":17.28,"y":0,"curve":"stepped"},{"time":0.6333,"x":17.28,"y":24.7,"curve":"stepped"},{"time":0.7,"x":17.28,"y":16.05,"curve":"stepped"},{"time":0.9333,"x":17.28,"y":24.7,"curve":"stepped"},{"time":1,"x":17.28,"y":16.05,"curve":"stepped"},{"time":1.2333,"x":17.28,"y":24.7,"curve":"stepped"},{"time":1.3,"x":17.28,"y":16.05}]},"EF_R_wing":{"rotate":[{"time":0,"angle":7.17,"curve":"stepped"},{"time":0.1666,"angle":0.61,"curve":"stepped"},{"time":0.3333,"angle":-14.02,"curve":"stepped"},{"time":0.6333,"angle":17.32,"curve":"stepped"},{"time":0.7,"angle":6.84,"curve":"stepped"},{"time":0.9333,"angle":17.32,"curve":"stepped"},{"time":1,"angle":6.84,"curve":"stepped"},{"time":1.2333,"angle":17.32,"curve":"stepped"},{"time":1.3,"angle":6.84}],"translate":[{"time":0,"x":1.23,"y":-23.46,"curve":"stepped"},{"time":0.3333,"x":4.93,"y":-1.23,"curve":"stepped"},{"time":0.6333,"x":-7.41,"y":-7.4,"curve":"stepped"},{"time":0.7,"x":-2.47,"y":-12.34,"curve":"stepped"},{"time":0.9333,"x":-7.41,"y":-7.4,"curve":"stepped"},{"time":1,"x":-2.47,"y":-12.34,"curve":"stepped"},{"time":1.2333,"x":-7.41,"y":-7.4,"curve":"stepped"},{"time":1.3,"x":-2.47,"y":-12.34}]},"DAMAGEAREA":{"translate":[{"time":0.6333,"x":-146.98,"y":100.87},{"time":0.7666,"x":-484.17,"y":100.87,"curve":"stepped"},{"time":0.9333,"x":-146.98,"y":100.87},{"time":1.0666,"x":-484.17,"y":100.87,"curve":"stepped"},{"time":1.2333,"x":-146.98,"y":100.87},{"time":1.3666,"x":-484.17,"y":100.87}],"scale":[{"time":0.6333,"x":0.761,"y":0.637,"curve":"stepped"},{"time":0.9333,"x":0.761,"y":0.637,"curve":"stepped"},{"time":1.2333,"x":0.761,"y":0.637}]},"root":{"rotate":[{"time":0,"angle":0}]}},"events":[{"time":0.5666,"name":"Event","float":0.05,"string":"kHitStopType_normal"},{"time":0.6333,"name":"Sound1","string":"cri_se_battle_gun_burst"},{"time":0.6333,"name":"Sound2","string":"cri_se_battle_explosion_short"},{"time":0.6333,"name":"voice","string":"cri_083_voice_skill_b"},{"time":0.7,"name":"Hit","string":"resetHitList"},{"time":0.7,"name":"sound_3","string":"setHitSound(se_battle_hard_hit)"},{"time":0.7666,"name":"Hit","string":"resetHitList"},{"time":0.9333,"name":"Hit","string":"resetHitList"},{"time":0.9333,"name":"Sound1","string":"cri_se_battle_gun_burst"},{"time":0.9333,"name":"Sound2","string":"cri_se_battle_explosion_short"},{"time":0.9333,"name":"sound_3","string":"setHitSound(se_battle_hard_hit)"},{"time":1,"name":"Hit","string":"resetHitList"},{"time":1.0666,"name":"Hit","string":"resetHitList"},{"time":1.0666,"name":"sound_3","string":"setHitSound(se_battle_hard_hit)"},{"time":1.2333,"name":"Hit","string":"resetHitList"},{"time":1.2333,"name":"sound_3","string":"setHitSound(se_battle_hard_hit)"},{"time":1.3,"name":"Hit","string":"resetHitList"},{"time":1.3666,"name":"Event","string":"kImpactType_knock"},{"time":1.3666,"name":"Hit","string":"resetHitList"},{"time":1.3666,"name":"sound_3","string":"setHitSound(se_battle_hard_hit)"}]},"skill2-original":{"slots":{"DAMAGEAREA":{"attachment":[{"time":1.2333,"name":"DAMAGEAREA"},{"time":2.2666,"name":null}]},"EF/EF_MAIN_auor/L_effect_1":{"attachment":[{"time":0,"name":"EF/EF_MAIN_auor/L_effect_1"},{"time":0.0333,"name":"EF/EF_MAIN_auor/L_effect_2"},{"time":0.0666,"name":"EF/EF_MAIN_auor/L_effect_3"},{"time":0.1,"name":"EF/EF_MAIN_auor/L_effect_4"},{"time":0.1333,"name":"EF/EF_MAIN_auor/L_effect_5"},{"time":0.1666,"name":"EF/EF_MAIN_auor/L_effect_1"},{"time":0.2,"name":"EF/EF_MAIN_auor/L_effect_2"},{"time":0.2333,"name":"EF/EF_MAIN_auor/L_effect_3"},{"time":0.2666,"name":"EF/EF_MAIN_auor/L_effect_4"},{"time":0.3,"name":"EF/EF_MAIN_auor/L_effect_5"},{"time":0.3333,"name":"EF/EF_MAIN_auor/L_effect_1"},{"time":0.3666,"name":"EF/EF_MAIN_auor/L_effect_2"},{"time":0.4,"name":"EF/EF_MAIN_auor/L_effect_3"},{"time":0.4333,"name":"EF/EF_MAIN_auor/L_effect_4"},{"time":0.4666,"name":"EF/EF_MAIN_auor/L_effect_5"},{"time":0.5,"name":"EF/EF_MAIN_auor/L_effect_1"},{"time":0.5333,"name":"EF/EF_MAIN_auor/L_effect_2"},{"time":0.5666,"name":"EF/EF_MAIN_auor/L_effect_3"},{"time":0.6,"name":"EF/EF_MAIN_auor/L_effect_4"},{"time":0.6333,"name":"EF/EF_MAIN_auor/L_effect_5"},{"time":0.6666,"name":"EF/EF_MAIN_auor/L_effect_1"},{"time":0.7,"name":"EF/EF_MAIN_auor/L_effect_2"},{"time":0.7333,"name":"EF/EF_MAIN_auor/L_effect_3"},{"time":0.7666,"name":"EF/EF_MAIN_auor/L_effect_4"},{"time":0.8,"name":"EF/EF_MAIN_auor/L_effect_5"},{"time":0.8333,"name":"EF/EF_MAIN_auor/L_effect_1"},{"time":0.8666,"name":"EF/EF_MAIN_auor/L_effect_2"},{"time":0.9,"name":"EF/EF_MAIN_auor/L_effect_3"},{"time":0.9333,"name":"EF/EF_MAIN_auor/L_effect_4"},{"time":0.9666,"name":"EF/EF_MAIN_auor/L_effect_5"},{"time":1,"name":"EF/EF_MAIN_auor/L_effect_1"},{"time":1.0333,"name":"EF/EF_MAIN_auor/L_effect_2"},{"time":1.0666,"name":"EF/EF_MAIN_auor/L_effect_3"},{"time":1.1,"name":"EF/EF_MAIN_auor/L_effect_4"},{"time":1.1333,"name":"EF/EF_MAIN_auor/L_effect_5"},{"time":1.1666,"name":"EF/EF_MAIN_auor/L_effect_1"},{"time":1.2,"name":"EF/EF_MAIN_auor/L_effect_2"},{"time":1.2333,"name":"EF/EF_MAIN_auor/L_effect_3"},{"time":1.2666,"name":"EF/EF_MAIN_auor/L_effect_4"},{"time":1.3,"name":"EF/EF_MAIN_auor/L_effect_5"},{"time":1.3333,"name":"EF/EF_MAIN_auor/L_effect_1"},{"time":1.3666,"name":"EF/EF_MAIN_auor/L_effect_2"},{"time":1.4,"name":"EF/EF_MAIN_auor/L_effect_3"},{"time":1.4333,"name":"EF/EF_MAIN_auor/L_effect_4"},{"time":1.4666,"name":"EF/EF_MAIN_auor/L_effect_5"},{"time":1.5,"name":"EF/EF_MAIN_auor/L_effect_1"},{"time":1.5333,"name":"EF/EF_MAIN_auor/L_effect_2"},{"time":1.5666,"name":"EF/EF_MAIN_auor/L_effect_3"},{"time":1.6,"name":"EF/EF_MAIN_auor/L_effect_4"},{"time":1.6333,"name":"EF/EF_MAIN_auor/L_effect_5"},{"time":1.6666,"name":"EF/EF_MAIN_auor/L_effect_1"},{"time":1.7,"name":"EF/EF_MAIN_auor/L_effect_2"},{"time":1.7333,"name":"EF/EF_MAIN_auor/L_effect_3"},{"time":1.7666,"name":"EF/EF_MAIN_auor/L_effect_4"},{"time":1.8,"name":"EF/EF_MAIN_auor/L_effect_5"},{"time":1.8333,"name":"EF/EF_MAIN_auor/L_effect_1"},{"time":1.8666,"name":"EF/EF_MAIN_auor/L_effect_2"},{"time":1.9,"name":"EF/EF_MAIN_auor/L_effect_3"},{"time":1.9333,"name":"EF/EF_MAIN_auor/L_effect_4"},{"time":1.9666,"name":"EF/EF_MAIN_auor/L_effect_5"},{"time":2,"name":"EF/EF_MAIN_auor/L_effect_1"},{"time":2.0333,"name":"EF/EF_MAIN_auor/L_effect_2"},{"time":2.0666,"name":"EF/EF_MAIN_auor/L_effect_3"},{"time":2.1,"name":"EF/EF_MAIN_auor/L_effect_4"},{"time":2.1333,"name":"EF/EF_MAIN_auor/L_effect_5"},{"time":2.1666,"name":"EF/EF_MAIN_auor/L_effect_1"},{"time":2.2,"name":"EF/EF_MAIN_auor/L_effect_2"},{"time":2.2333,"name":"EF/EF_MAIN_auor/L_effect_3"},{"time":2.2666,"name":"EF/EF_MAIN_auor/L_effect_4"},{"time":2.3,"name":"EF/EF_MAIN_auor/L_effect_5"},{"time":2.3333,"name":"EF/EF_MAIN_auor/L_effect_1"},{"time":2.3666,"name":"EF/EF_MAIN_auor/L_effect_2"},{"time":2.4,"name":"EF/EF_MAIN_auor/L_effect_3"},{"time":2.4333,"name":"EF/EF_MAIN_auor/L_effect_4"},{"time":2.4666,"name":"EF/EF_MAIN_auor/L_effect_5"},{"time":2.5,"name":"EF/EF_MAIN_auor/L_effect_1"},{"time":2.5333,"name":"EF/EF_MAIN_auor/L_effect_2"},{"time":2.5666,"name":"EF/EF_MAIN_auor/L_effect_3"},{"time":2.6,"name":"EF/EF_MAIN_auor/L_effect_4"},{"time":2.6333,"name":"EF/EF_MAIN_auor/L_effect_5"},{"time":2.6666,"name":"EF/EF_MAIN_auor/L_effect_1"},{"time":2.7,"name":"EF/EF_MAIN_auor/L_effect_2"},{"time":2.7333,"name":"EF/EF_MAIN_auor/L_effect_3"},{"time":2.7666,"name":"EF/EF_MAIN_auor/L_effect_4"},{"time":2.8,"name":"EF/EF_MAIN_auor/L_effect_5"},{"time":2.8333,"name":"EF/EF_MAIN_auor/L_effect_1"},{"time":2.8666,"name":"EF/EF_MAIN_auor/L_effect_2"},{"time":2.9,"name":"EF/EF_MAIN_auor/L_effect_3"}]},"EF/EF_MAIN_auor/R_effect_1":{"attachment":[{"time":0,"name":"EF/EF_MAIN_auor/R_effect_1"},{"time":0.0333,"name":"EF/EF_MAIN_auor/R_effect_2"},{"time":0.0666,"name":"EF/EF_MAIN_auor/R_effect_3"},{"time":0.1,"name":"EF/EF_MAIN_auor/R_effect_4"},{"time":0.1333,"name":"EF/EF_MAIN_auor/R_effect_5"},{"time":0.1666,"name":"EF/EF_MAIN_auor/R_effect_1"},{"time":0.2,"name":"EF/EF_MAIN_auor/R_effect_2"},{"time":0.2333,"name":"EF/EF_MAIN_auor/R_effect_3"},{"time":0.2666,"name":"EF/EF_MAIN_auor/R_effect_4"},{"time":0.3,"name":"EF/EF_MAIN_auor/R_effect_5"},{"time":0.3333,"name":"EF/EF_MAIN_auor/R_effect_1"},{"time":0.3666,"name":"EF/EF_MAIN_auor/R_effect_2"},{"time":0.4,"name":"EF/EF_MAIN_auor/R_effect_3"},{"time":0.4333,"name":"EF/EF_MAIN_auor/R_effect_4"},{"time":0.4666,"name":"EF/EF_MAIN_auor/R_effect_5"},{"time":0.5,"name":"EF/EF_MAIN_auor/R_effect_1"},{"time":0.5333,"name":"EF/EF_MAIN_auor/R_effect_2"},{"time":0.5666,"name":"EF/EF_MAIN_auor/R_effect_3"},{"time":0.6,"name":"EF/EF_MAIN_auor/R_effect_4"},{"time":0.6333,"name":"EF/EF_MAIN_auor/R_effect_5"},{"time":0.6666,"name":"EF/EF_MAIN_auor/R_effect_1"},{"time":0.7,"name":"EF/EF_MAIN_auor/R_effect_2"},{"time":0.7333,"name":"EF/EF_MAIN_auor/R_effect_3"},{"time":0.7666,"name":"EF/EF_MAIN_auor/R_effect_4"},{"time":0.8,"name":"EF/EF_MAIN_auor/R_effect_5"},{"time":0.8333,"name":"EF/EF_MAIN_auor/R_effect_1"},{"time":0.8666,"name":"EF/EF_MAIN_auor/R_effect_2"},{"time":0.9,"name":"EF/EF_MAIN_auor/R_effect_3"},{"time":0.9333,"name":"EF/EF_MAIN_auor/R_effect_4"},{"time":0.9666,"name":"EF/EF_MAIN_auor/R_effect_5"},{"time":1,"name":"EF/EF_MAIN_auor/R_effect_1"},{"time":1.0333,"name":"EF/EF_MAIN_auor/R_effect_2"},{"time":1.0666,"name":"EF/EF_MAIN_auor/R_effect_3"},{"time":1.1,"name":"EF/EF_MAIN_auor/R_effect_4"},{"time":1.1333,"name":"EF/EF_MAIN_auor/R_effect_5"},{"time":1.1666,"name":"EF/EF_MAIN_auor/R_effect_1"},{"time":1.2,"name":"EF/EF_MAIN_auor/R_effect_2"},{"time":1.2333,"name":"EF/EF_MAIN_auor/R_effect_3"},{"time":1.2666,"name":"EF/EF_MAIN_auor/R_effect_4"},{"time":1.3,"name":"EF/EF_MAIN_auor/R_effect_5"},{"time":1.3333,"name":"EF/EF_MAIN_auor/R_effect_1"},{"time":1.3666,"name":"EF/EF_MAIN_auor/R_effect_2"},{"time":1.4,"name":"EF/EF_MAIN_auor/R_effect_3"},{"time":1.4333,"name":"EF/EF_MAIN_auor/R_effect_4"},{"time":1.4666,"name":"EF/EF_MAIN_auor/R_effect_5"},{"time":1.5,"name":"EF/EF_MAIN_auor/R_effect_1"},{"time":1.5333,"name":"EF/EF_MAIN_auor/R_effect_2"},{"time":1.5666,"name":"EF/EF_MAIN_auor/R_effect_3"},{"time":1.6,"name":"EF/EF_MAIN_auor/R_effect_4"},{"time":1.6333,"name":"EF/EF_MAIN_auor/R_effect_5"},{"time":1.6666,"name":"EF/EF_MAIN_auor/R_effect_1"},{"time":1.7,"name":"EF/EF_MAIN_auor/R_effect_2"},{"time":1.7333,"name":"EF/EF_MAIN_auor/R_effect_3"},{"time":1.7666,"name":"EF/EF_MAIN_auor/R_effect_4"},{"time":1.8,"name":"EF/EF_MAIN_auor/R_effect_5"},{"time":1.8333,"name":"EF/EF_MAIN_auor/R_effect_1"},{"time":1.8666,"name":"EF/EF_MAIN_auor/R_effect_2"},{"time":1.9,"name":"EF/EF_MAIN_auor/R_effect_3"},{"time":1.9333,"name":"EF/EF_MAIN_auor/R_effect_4"},{"time":1.9666,"name":"EF/EF_MAIN_auor/R_effect_5"},{"time":2,"name":"EF/EF_MAIN_auor/R_effect_1"},{"time":2.0333,"name":"EF/EF_MAIN_auor/R_effect_2"},{"time":2.0666,"name":"EF/EF_MAIN_auor/R_effect_3"},{"time":2.1,"name":"EF/EF_MAIN_auor/R_effect_4"},{"time":2.1333,"name":"EF/EF_MAIN_auor/R_effect_5"},{"time":2.1666,"name":"EF/EF_MAIN_auor/R_effect_1"},{"time":2.2,"name":"EF/EF_MAIN_auor/R_effect_2"},{"time":2.2333,"name":"EF/EF_MAIN_auor/R_effect_3"},{"time":2.2666,"name":"EF/EF_MAIN_auor/R_effect_4"},{"time":2.3,"name":"EF/EF_MAIN_auor/R_effect_5"},{"time":2.3333,"name":"EF/EF_MAIN_auor/R_effect_1"},{"time":2.3666,"name":"EF/EF_MAIN_auor/R_effect_2"},{"time":2.4,"name":"EF/EF_MAIN_auor/R_effect_4"},{"time":2.4333,"name":"EF/EF_MAIN_auor/R_effect_4"},{"time":2.4666,"name":"EF/EF_MAIN_auor/R_effect_5"},{"time":2.5,"name":"EF/EF_MAIN_auor/R_effect_1"},{"time":2.5333,"name":"EF/EF_MAIN_auor/R_effect_2"},{"time":2.5666,"name":"EF/EF_MAIN_auor/R_effect_4"},{"time":2.6,"name":"EF/EF_MAIN_auor/R_effect_4"},{"time":2.6333,"name":"EF/EF_MAIN_auor/R_effect_5"},{"time":2.6666,"name":"EF/EF_MAIN_auor/R_effect_1"},{"time":2.7,"name":"EF/EF_MAIN_auor/R_effect_2"},{"time":2.7333,"name":"EF/EF_MAIN_auor/R_effect_4"},{"time":2.7666,"name":"EF/EF_MAIN_auor/R_effect_4"},{"time":2.8,"name":"EF/EF_MAIN_auor/R_effect_5"},{"time":2.8333,"name":"EF/EF_MAIN_auor/R_effect_1"},{"time":2.8666,"name":"EF/EF_MAIN_auor/R_effect_2"},{"time":2.9,"name":"EF/EF_MAIN_auor/R_effect_4"}]},"MAIN":{"attachment":[{"time":0,"name":"idle_00"},{"time":0.0666,"name":"skill2_00"},{"time":0.1666,"name":"skill2_01"},{"time":0.2666,"name":"skill2_02"},{"time":0.3333,"name":"skill2_03"},{"time":0.4,"name":"skill2_02"},{"time":0.4666,"name":"skill2_03"},{"time":0.5333,"name":"skill2_02"},{"time":0.6,"name":"skill2_03"},{"time":0.6666,"name":"skill2_02"},{"time":0.7,"name":"skill2_03"},{"time":0.7333,"name":"skill2_02"},{"time":0.7666,"name":"skill2_03"},{"time":0.8,"name":"skill2_02"},{"time":0.8333,"name":"skill2_03"},{"time":0.8666,"name":"skill2_02"},{"time":0.9,"name":"skill2_03"},{"time":0.9333,"name":"skill2_02"},{"time":0.9666,"name":"skill2_03"},{"time":1,"name":"skill2_02"},{"time":1.0333,"name":"skill2_03"},{"time":1.1,"name":"skill2_04"},{"time":1.2,"name":"skill2_05"},{"time":1.2333,"name":"skill2_06"},{"time":1.2666,"name":"skill2_05"},{"time":1.3,"name":"skill2_06"},{"time":1.3333,"name":"skill2_05"},{"time":1.3666,"name":"skill2_06"},{"time":1.4,"name":"skill2_05"},{"time":1.4333,"name":"skill2_06"},{"time":1.4666,"name":"skill2_05"},{"time":1.5,"name":"skill2_06"},{"time":1.5333,"name":"skill2_05"},{"time":1.5666,"name":"skill2_06"},{"time":1.6,"name":"skill2_05"},{"time":1.6333,"name":"skill2_06"},{"time":1.6666,"name":"skill2_05"},{"time":1.7,"name":"skill2_06"},{"time":1.7333,"name":"skill2_05"},{"time":1.7666,"name":"skill2_06"},{"time":1.8,"name":"skill2_05"},{"time":1.8333,"name":"skill2_06"},{"time":1.8666,"name":"skill2_05"},{"time":1.9,"name":"skill2_06"},{"time":1.9333,"name":"skill2_05"},{"time":1.9666,"name":"skill2_06"},{"time":2,"name":"skill2_05"},{"time":2.0333,"name":"skill2_06"},{"time":2.0666,"name":"skill2_05"},{"time":2.1,"name":"skill2_06"},{"time":2.1333,"name":"skill2_05"},{"time":2.1666,"name":"skill2_06"},{"time":2.2,"name":"skill2_05"},{"time":2.2333,"name":"skill2_06"},{"time":2.2666,"name":"skill2_05"},{"time":2.3,"name":"skill2_06"},{"time":2.3333,"name":"skill2_05"},{"time":2.3666,"name":"skill2_06"},{"time":2.4,"name":"skill2_05"},{"time":2.9,"name":"skill2_05"}]}},"bones":{"MAIN":{"translate":[{"time":0,"x":0,"y":0,"curve":"stepped"},{"time":0.2666,"x":0,"y":-19.3,"curve":"stepped"},{"time":1.2,"x":0,"y":0}]},"EF_L_wing":{"rotate":[{"time":0,"angle":-19.92,"curve":"stepped"},{"time":0.0666,"angle":-33.33,"curve":"stepped"},{"time":0.1666,"angle":-30.04,"curve":"stepped"},{"time":0.2666,"angle":-13.06,"curve":"stepped"},{"time":0.3333,"angle":-15.06,"curve":"stepped"},{"time":0.4,"angle":-18.77,"curve":"stepped"},{"time":0.4666,"angle":-15.06,"curve":"stepped"},{"time":0.5333,"angle":-18.77,"curve":"stepped"},{"time":0.6,"angle":-15.06,"curve":"stepped"},{"time":0.6666,"angle":-18.77,"curve":"stepped"},{"time":0.7,"angle":-15.06,"curve":"stepped"},{"time":0.7333,"angle":-18.77,"curve":"stepped"},{"time":0.7666,"angle":-13.2,"curve":"stepped"},{"time":0.8,"angle":-18.77,"curve":"stepped"},{"time":0.8333,"angle":-15.06,"curve":"stepped"},{"time":0.8666,"angle":-18.77,"curve":"stepped"},{"time":0.9,"angle":-15.06,"curve":"stepped"},{"time":0.9333,"angle":-18.77,"curve":"stepped"},{"time":0.9666,"angle":-15.06,"curve":"stepped"},{"time":1,"angle":-18.77,"curve":"stepped"},{"time":1.0333,"angle":-15.06,"curve":"stepped"},{"time":1.1333,"angle":-4.84,"curve":"stepped"},{"time":1.2,"angle":-17.4,"curve":"stepped"},{"time":1.2333,"angle":-24.76,"curve":"stepped"},{"time":1.2666,"angle":-17.4,"curve":"stepped"},{"time":1.3,"angle":-24.76,"curve":"stepped"},{"time":1.3333,"angle":-17.4,"curve":"stepped"},{"time":1.3666,"angle":-24.76,"curve":"stepped"},{"time":1.4,"angle":-17.4,"curve":"stepped"},{"time":1.4333,"angle":-24.76,"curve":"stepped"},{"time":1.4666,"angle":-17.4,"curve":"stepped"},{"time":1.5,"angle":-24.76,"curve":"stepped"},{"time":1.5333,"angle":-17.4,"curve":"stepped"},{"time":1.5666,"angle":-24.76,"curve":"stepped"},{"time":1.6,"angle":-17.4,"curve":"stepped"},{"time":1.6333,"angle":-24.76,"curve":"stepped"},{"time":1.6666,"angle":-17.4,"curve":"stepped"},{"time":1.7,"angle":-24.76,"curve":"stepped"},{"time":1.7333,"angle":-17.4,"curve":"stepped"},{"time":1.7666,"angle":-24.76,"curve":"stepped"},{"time":1.8,"angle":-17.4,"curve":"stepped"},{"time":1.8333,"angle":-24.76,"curve":"stepped"},{"time":1.8666,"angle":-17.4,"curve":"stepped"},{"time":1.9,"angle":-24.76,"curve":"stepped"},{"time":1.9333,"angle":-17.4,"curve":"stepped"},{"time":1.9666,"angle":-24.76,"curve":"stepped"},{"time":2,"angle":-17.4,"curve":"stepped"},{"time":2.0333,"angle":-24.76,"curve":"stepped"},{"time":2.0666,"angle":-17.4,"curve":"stepped"},{"time":2.1,"angle":-24.76,"curve":"stepped"},{"time":2.1333,"angle":-17.4,"curve":"stepped"},{"time":2.1666,"angle":-24.76,"curve":"stepped"},{"time":2.2,"angle":-17.4,"curve":"stepped"},{"time":2.2333,"angle":-24.76,"curve":"stepped"},{"time":2.2666,"angle":-17.4,"curve":"stepped"},{"time":2.3,"angle":-24.76,"curve":"stepped"},{"time":2.3333,"angle":-17.4,"curve":"stepped"},{"time":2.3666,"angle":-24.76,"curve":"stepped"},{"time":2.4,"angle":-17.4,"curve":"stepped"},{"time":2.4333,"angle":-24.76,"curve":"stepped"},{"time":2.4666,"angle":-17.4,"curve":"stepped"},{"time":2.5,"angle":-24.76,"curve":"stepped"},{"time":2.5333,"angle":-17.4,"curve":"stepped"},{"time":2.5666,"angle":-24.76,"curve":"stepped"},{"time":2.6,"angle":-17.4,"curve":"stepped"},{"time":2.6333,"angle":-24.76,"curve":"stepped"},{"time":2.6666,"angle":-17.4,"curve":"stepped"},{"time":2.7,"angle":-24.76,"curve":"stepped"},{"time":2.7333,"angle":-17.4,"curve":"stepped"},{"time":2.7666,"angle":-24.76,"curve":"stepped"},{"time":2.8,"angle":-17.4,"curve":"stepped"},{"time":2.8333,"angle":-24.76,"curve":"stepped"},{"time":2.8666,"angle":-17.4,"curve":"stepped"},{"time":2.9,"angle":-24.76}],"translate":[{"time":0,"x":12.34,"y":-4.93,"curve":"stepped"},{"time":0.0666,"x":18.52,"y":-4.93,"curve":"stepped"},{"time":0.1666,"x":20.99,"y":0,"curve":"stepped"},{"time":0.2666,"x":4.93,"y":-9.88,"curve":"stepped"},{"time":0.3333,"x":20.99,"y":-13.58,"curve":"stepped"},{"time":0.4,"x":18.52,"y":-1.23,"curve":"stepped"},{"time":0.4666,"x":16.05,"y":-1.23,"curve":"stepped"},{"time":0.5333,"x":18.52,"y":-1.23,"curve":"stepped"},{"time":0.6,"x":16.05,"y":-1.23,"curve":"stepped"},{"time":0.6666,"x":19.75,"y":-7.41,"curve":"stepped"},{"time":0.7,"x":16.05,"y":-1.23,"curve":"stepped"},{"time":0.7333,"x":18.52,"y":-1.23,"curve":"stepped"},{"time":0.7666,"x":12.34,"y":-1.23,"curve":"stepped"},{"time":0.8,"x":18.52,"y":-1.23,"curve":"stepped"},{"time":0.8333,"x":16.05,"y":-1.23,"curve":"stepped"},{"time":0.8666,"x":18.52,"y":-1.23,"curve":"stepped"},{"time":0.9,"x":16.05,"y":-1.23,"curve":"stepped"},{"time":0.9333,"x":18.52,"y":-1.23,"curve":"stepped"},{"time":0.9666,"x":16.05,"y":-1.23,"curve":"stepped"},{"time":1,"x":18.52,"y":-1.23,"curve":"stepped"},{"time":1.0333,"x":16.05,"y":-1.23,"curve":"stepped"},{"time":1.1,"x":16.05,"y":-22.23,"curve":"stepped"},{"time":1.1333,"x":16.05,"y":-17.29,"curve":"stepped"},{"time":1.2,"x":16.05,"y":-11.11,"curve":"stepped"},{"time":1.2333,"x":22.22,"y":-11.11,"curve":"stepped"},{"time":1.2666,"x":16.05,"y":-11.11,"curve":"stepped"},{"time":1.3,"x":22.22,"y":-11.11,"curve":"stepped"},{"time":1.3333,"x":16.05,"y":-11.11,"curve":"stepped"},{"time":1.3666,"x":22.22,"y":-11.11,"curve":"stepped"},{"time":1.4,"x":16.05,"y":-11.11,"curve":"stepped"},{"time":1.4333,"x":22.22,"y":-11.11,"curve":"stepped"},{"time":1.4666,"x":16.05,"y":-11.11,"curve":"stepped"},{"time":1.5,"x":22.22,"y":-11.11,"curve":"stepped"},{"time":1.5333,"x":16.05,"y":-11.11,"curve":"stepped"},{"time":1.5666,"x":22.22,"y":-11.11,"curve":"stepped"},{"time":1.6,"x":16.05,"y":-11.11,"curve":"stepped"},{"time":1.6333,"x":22.22,"y":-11.11,"curve":"stepped"},{"time":1.6666,"x":16.05,"y":-11.11,"curve":"stepped"},{"time":1.7,"x":22.22,"y":-11.11,"curve":"stepped"},{"time":1.7333,"x":16.05,"y":-11.11,"curve":"stepped"},{"time":1.7666,"x":22.22,"y":-11.11,"curve":"stepped"},{"time":1.8,"x":16.05,"y":-11.11,"curve":"stepped"},{"time":1.8333,"x":22.22,"y":-11.11,"curve":"stepped"},{"time":1.8666,"x":16.05,"y":-11.11,"curve":"stepped"},{"time":1.9,"x":22.22,"y":-11.11,"curve":"stepped"},{"time":1.9333,"x":16.05,"y":-11.11,"curve":"stepped"},{"time":1.9666,"x":22.22,"y":-11.11,"curve":"stepped"},{"time":2,"x":16.05,"y":-11.11,"curve":"stepped"},{"time":2.0333,"x":22.22,"y":-11.11,"curve":"stepped"},{"time":2.0666,"x":16.05,"y":-11.11,"curve":"stepped"},{"time":2.1,"x":22.22,"y":-11.11,"curve":"stepped"},{"time":2.1333,"x":16.05,"y":-11.11,"curve":"stepped"},{"time":2.1666,"x":22.22,"y":-11.11,"curve":"stepped"},{"time":2.2,"x":16.05,"y":-11.11,"curve":"stepped"},{"time":2.2333,"x":22.22,"y":-11.11,"curve":"stepped"},{"time":2.2666,"x":16.05,"y":-11.11,"curve":"stepped"},{"time":2.3,"x":22.22,"y":-11.11,"curve":"stepped"},{"time":2.3333,"x":16.05,"y":-11.11,"curve":"stepped"},{"time":2.3666,"x":22.22,"y":-11.11,"curve":"stepped"},{"time":2.4,"x":16.05,"y":-11.11,"curve":"stepped"},{"time":2.4333,"x":22.22,"y":-11.11,"curve":"stepped"},{"time":2.4666,"x":16.05,"y":-11.11,"curve":"stepped"},{"time":2.5,"x":22.22,"y":-11.11,"curve":"stepped"},{"time":2.5333,"x":16.05,"y":-11.11,"curve":"stepped"},{"time":2.5666,"x":22.22,"y":-11.11,"curve":"stepped"},{"time":2.6,"x":16.05,"y":-11.11,"curve":"stepped"},{"time":2.6333,"x":22.22,"y":-11.11,"curve":"stepped"},{"time":2.6666,"x":16.05,"y":-11.11,"curve":"stepped"},{"time":2.7,"x":22.22,"y":-11.11,"curve":"stepped"},{"time":2.7333,"x":16.05,"y":-11.11,"curve":"stepped"},{"time":2.7666,"x":22.22,"y":-11.11,"curve":"stepped"},{"time":2.8,"x":16.05,"y":-11.11,"curve":"stepped"},{"time":2.8333,"x":22.22,"y":-11.11,"curve":"stepped"},{"time":2.8666,"x":16.05,"y":-11.11,"curve":"stepped"},{"time":2.9,"x":22.22,"y":-11.11}]},"EF_R_wing":{"rotate":[{"time":0,"angle":-1.37,"curve":"stepped"},{"time":0.0666,"angle":17.3,"curve":"stepped"},{"time":0.2666,"angle":12.43,"curve":"stepped"},{"time":0.4,"angle":12.43,"curve":"stepped"},{"time":0.5333,"angle":12.43,"curve":"stepped"},{"time":0.6666,"angle":-3.23,"curve":"stepped"},{"time":0.7666,"angle":13.37,"curve":"stepped"},{"time":0.8,"angle":1.28,"curve":"stepped"},{"time":0.9333,"angle":7.36,"curve":"stepped"},{"time":0.9666,"angle":4.82,"curve":"stepped"},{"time":1.1333,"angle":-2.33,"curve":"stepped"},{"time":1.2,"angle":6.28,"curve":"stepped"},{"time":1.2666,"angle":6.28,"curve":"stepped"},{"time":1.3333,"angle":6.28,"curve":"stepped"},{"time":1.4,"angle":6.28,"curve":"stepped"},{"time":1.4666,"angle":6.28,"curve":"stepped"},{"time":1.5333,"angle":6.28,"curve":"stepped"},{"time":1.6,"angle":6.28,"curve":"stepped"},{"time":1.6666,"angle":6.28,"curve":"stepped"},{"time":1.7333,"angle":6.28,"curve":"stepped"},{"time":1.8,"angle":6.28,"curve":"stepped"},{"time":1.8666,"angle":6.28,"curve":"stepped"},{"time":1.9333,"angle":6.28,"curve":"stepped"},{"time":2,"angle":6.28,"curve":"stepped"},{"time":2.0666,"angle":6.28,"curve":"stepped"},{"time":2.1333,"angle":6.28,"curve":"stepped"},{"time":2.2,"angle":6.28,"curve":"stepped"},{"time":2.2666,"angle":6.28,"curve":"stepped"},{"time":2.3333,"angle":6.28,"curve":"stepped"},{"time":2.4,"angle":6.28,"curve":"stepped"},{"time":2.4666,"angle":6.28,"curve":"stepped"},{"time":2.5333,"angle":6.28,"curve":"stepped"},{"time":2.6,"angle":6.28,"curve":"stepped"},{"time":2.6666,"angle":6.28,"curve":"stepped"},{"time":2.7333,"angle":6.28,"curve":"stepped"},{"time":2.8,"angle":6.28,"curve":"stepped"},{"time":2.8666,"angle":6.28}],"translate":[{"time":0,"x":0,"y":-6.17,"curve":"stepped"},{"time":0.0666,"x":4.93,"y":-13.58,"curve":"stepped"},{"time":0.1666,"x":0,"y":-11.11,"curve":"stepped"},{"time":0.2666,"x":12.35,"y":-20.99,"curve":"stepped"},{"time":0.3333,"x":4.93,"y":-8.64,"curve":"stepped"},{"time":0.4,"x":12.35,"y":-20.99,"curve":"stepped"},{"time":0.4666,"x":4.93,"y":-8.64,"curve":"stepped"},{"time":0.5333,"x":12.35,"y":-20.99,"curve":"stepped"},{"time":0.6,"x":4.93,"y":-8.64,"curve":"stepped"},{"time":0.6666,"x":7.41,"y":-8.64,"curve":"stepped"},{"time":0.7,"x":12.35,"y":-17.29,"curve":"stepped"},{"time":0.7333,"x":7.41,"y":-17.29,"curve":"stepped"},{"time":0.7666,"x":4.94,"y":-16.05,"curve":"stepped"},{"time":0.8,"x":0,"y":-7.41,"curve":"stepped"},{"time":0.8333,"x":7.41,"y":-11.11,"curve":"stepped"},{"time":0.8666,"x":3.7,"y":-25.93,"curve":"stepped"},{"time":0.9,"x":13.58,"y":-19.76,"curve":"stepped"},{"time":0.9333,"x":11.11,"y":-22.22,"curve":"stepped"},{"time":0.9666,"x":6.17,"y":-8.64,"curve":"stepped"},{"time":1,"x":6.17,"y":-12.34,"curve":"stepped"},{"time":1.0333,"x":9.88,"y":-24.7,"curve":"stepped"},{"time":1.0666,"x":9.88,"y":-20.99,"curve":"stepped"},{"time":1.1,"x":7.41,"y":-32.11,"curve":"stepped"},{"time":1.1333,"x":-1.23,"y":-18.52,"curve":"stepped"},{"time":1.2,"x":8.64,"y":-16.05,"curve":"stepped"},{"time":1.2333,"x":9.88,"y":-16.05,"curve":"stepped"},{"time":1.2666,"x":8.64,"y":-16.05,"curve":"stepped"},{"time":1.3,"x":9.88,"y":-16.05,"curve":"stepped"},{"time":1.3333,"x":8.64,"y":-16.05,"curve":"stepped"},{"time":1.3666,"x":9.88,"y":-16.05,"curve":"stepped"},{"time":1.4,"x":8.64,"y":-16.05,"curve":"stepped"},{"time":1.4333,"x":9.88,"y":-16.05,"curve":"stepped"},{"time":1.4666,"x":8.64,"y":-16.05,"curve":"stepped"},{"time":1.5,"x":9.88,"y":-16.05,"curve":"stepped"},{"time":1.5333,"x":8.64,"y":-16.05,"curve":"stepped"},{"time":1.5666,"x":9.88,"y":-16.05,"curve":"stepped"},{"time":1.6,"x":8.64,"y":-16.05,"curve":"stepped"},{"time":1.6333,"x":9.88,"y":-16.05,"curve":"stepped"},{"time":1.6666,"x":8.64,"y":-16.05,"curve":"stepped"},{"time":1.7,"x":9.88,"y":-16.05,"curve":"stepped"},{"time":1.7333,"x":8.64,"y":-16.05,"curve":"stepped"},{"time":1.7666,"x":9.88,"y":-16.05,"curve":"stepped"},{"time":1.8,"x":8.64,"y":-16.05,"curve":"stepped"},{"time":1.8333,"x":9.88,"y":-16.05,"curve":"stepped"},{"time":1.8666,"x":8.64,"y":-16.05,"curve":"stepped"},{"time":1.9,"x":9.88,"y":-16.05,"curve":"stepped"},{"time":1.9333,"x":8.64,"y":-16.05,"curve":"stepped"},{"time":1.9666,"x":9.88,"y":-16.05,"curve":"stepped"},{"time":2,"x":8.64,"y":-16.05,"curve":"stepped"},{"time":2.0333,"x":9.88,"y":-16.05,"curve":"stepped"},{"time":2.0666,"x":8.64,"y":-16.05,"curve":"stepped"},{"time":2.1,"x":9.88,"y":-16.05,"curve":"stepped"},{"time":2.1333,"x":8.64,"y":-16.05,"curve":"stepped"},{"time":2.1666,"x":9.88,"y":-16.05,"curve":"stepped"},{"time":2.2,"x":8.64,"y":-16.05,"curve":"stepped"},{"time":2.2333,"x":9.88,"y":-16.05,"curve":"stepped"},{"time":2.2666,"x":8.64,"y":-16.05,"curve":"stepped"},{"time":2.3,"x":9.88,"y":-16.05,"curve":"stepped"},{"time":2.3333,"x":8.64,"y":-16.05,"curve":"stepped"},{"time":2.3666,"x":9.88,"y":-16.05,"curve":"stepped"},{"time":2.4,"x":8.64,"y":-16.05,"curve":"stepped"},{"time":2.4333,"x":9.88,"y":-16.05,"curve":"stepped"},{"time":2.4666,"x":8.64,"y":-16.05,"curve":"stepped"},{"time":2.5,"x":9.88,"y":-16.05,"curve":"stepped"},{"time":2.5333,"x":8.64,"y":-16.05,"curve":"stepped"},{"time":2.5666,"x":9.88,"y":-16.05,"curve":"stepped"},{"time":2.6,"x":8.64,"y":-16.05,"curve":"stepped"},{"time":2.6333,"x":9.88,"y":-16.05,"curve":"stepped"},{"time":2.6666,"x":8.64,"y":-16.05,"curve":"stepped"},{"time":2.7,"x":9.88,"y":-16.05,"curve":"stepped"},{"time":2.7333,"x":8.64,"y":-16.05,"curve":"stepped"},{"time":2.7666,"x":9.88,"y":-16.05,"curve":"stepped"},{"time":2.8,"x":8.64,"y":-16.05,"curve":"stepped"},{"time":2.8333,"x":9.88,"y":-16.05,"curve":"stepped"},{"time":2.8666,"x":8.64,"y":-16.05,"curve":"stepped"},{"time":2.9,"x":9.88,"y":-16.05}]},"DAMAGEAREA":{"translate":[{"time":1.2333,"x":-477.33,"y":92.48}],"scale":[{"time":1.2333,"x":4.961,"y":0.816}]}},"events":[{"time":1.1333,"name":"Event","float":0.04,"string":"kHitStopType_normal"},{"time":1.1666,"name":"Event","string":"setHitBackEnemy(10,0)"},{"time":1.1666,"name":"Sound2","string":"cri_se_battle_skill_elxplosion"},{"time":1.2,"name":"Event","string":"addOrbitSystemCamera_flush"},{"time":1.2,"name":"Sound1","string":"cri_se_battle_skill_finallaser"},{"time":1.2,"name":"View","float":1.13,"string":"shakeGround_Loop"},{"time":1.2,"name":"voice","string":"cri_083_voice_fullarts_now"},{"time":1.2333,"name":"sound_3","string":"cri_se_battle_storm"},{"time":1.2666,"name":"sound_3","string":"setHitSound(se_battle_hard_hit)"},{"time":1.3,"name":"Hit","string":"resetHitList"},{"time":1.3666,"name":"Hit","string":"resetHitList"},{"time":1.4333,"name":"Hit","string":"resetHitList"},{"time":1.5,"name":"Hit","string":"resetHitList"},{"time":1.5666,"name":"Hit","string":"resetHitList"},{"time":1.6333,"name":"Hit","string":"resetHitList"},{"time":1.7,"name":"Hit","string":"resetHitList"},{"time":1.7666,"name":"Hit","string":"resetHitList"},{"time":1.8333,"name":"Hit","string":"resetHitList"},{"time":1.8666,"name":"Sound1","string":"cri_se_battle_032_explosion_04"},{"time":1.9,"name":"Hit","string":"resetHitList"},{"time":1.9666,"name":"Hit","string":"resetHitList"},{"time":2.0333,"name":"Hit","string":"resetHitList"},{"time":2.1,"name":"Hit","string":"resetHitList"},{"time":2.1666,"name":"Hit","string":"resetHitList"},{"time":2.2333,"name":"Event","string":"kImpactType_knock"},{"time":2.2333,"name":"Hit","string":"resetHitList"}]}}}