{"skeleton":{"hash":"b1x/IkWGqzjlubAaf+vdDT+QKiA","spine":"3.0.12","width":0,"height":0,"images":"./images/"},"bones":[{"name":"root"},{"name":"S1_weapon","parent":"root","x":247.35,"y":-621.21},{"name":"MAIN","parent":"root","y":59.99,"scaleX":1.1,"scaleY":1.1},{"name":"SHADOW-OFFSET","parent":"MAIN","x":-2,"scaleX":1.2,"scaleY":1.2},{"name":"HPBAR","parent":"MAIN","y":83.59},{"name":"HITBOX","parent":"MAIN"},{"name":"DAMAGEAREA","parent":"root"},{"name":"wave","parent":"root","x":336.74,"y":-622.84,"scaleX":2,"scaleY":2},{"name":"wave2","parent":"root","x":336.74,"y":-665.02,"scaleX":2,"scaleY":2},{"name":"wave3","parent":"root","x":336.74,"y":-710.53,"scaleX":2,"scaleY":2},{"name":"wave4","parent":"root","x":336.74,"y":-741.26,"scaleX":2,"scaleY":2}],"slots":[{"name":"EF/740_S1_wave1/740_S1_wave1_00001","bone":"wave","blend":"additive"},{"name":"EF/740_S1_wave1/740_S1_wave1_1","bone":"wave2","blend":"additive"},{"name":"EF/740_S1_wave1/740_S1_wave1_2","bone":"wave3","blend":"additive"},{"name":"EF/740_S1_wave1/740_S1_wave1_3","bone":"wave4","blend":"additive"},{"name":"MAIN","bone":"MAIN","attachment":"attack2_07"},{"name":"EF/weapon","bone":"S1_weapon"},{"name":"EF/weapon2","bone":"S1_weapon","blend":"additive"},{"name":"DAMAGEAREA","bone":"DAMAGEAREA"},{"name":"HITBOX","bone":"HITBOX","attachment":"HITBOX"}],"skins":{"default":{"DAMAGEAREA":{"DAMAGEAREA":{"type":"boundingbox","vertices":[-98.22492,97.7398,-98.18375,-98.88249,98.36819,-99.50449,97.74619,97.66943]}},"EF/740_S1_wave1/740_S1_wave1_00001":{"EF/740_S1_wave1/740_S1_wave1_00001":{"x":-0.7,"y":7.23,"width":225,"height":225},"EF/740_S1_wave1/740_S1_wave1_00002":{"x":-0.7,"y":7.23,"width":225,"height":225},"EF/740_S1_wave1/740_S1_wave1_00003":{"x":-0.7,"y":7.23,"width":225,"height":225},"EF/740_S1_wave1/740_S1_wave1_00004":{"x":-0.7,"y":7.23,"width":225,"height":225},"EF/740_S1_wave1/740_S1_wave1_00005":{"x":-0.7,"y":7.23,"width":225,"height":225},"EF/740_S1_wave1/740_S1_wave1_00006":{"x":-0.7,"y":7.23,"width":225,"height":225},"EF/740_S1_wave1/740_S1_wave1_00007":{"x":-0.7,"y":7.23,"width":225,"height":225},"EF/740_S1_wave1/740_S1_wave1_00008":{"x":-0.7,"y":7.23,"width":225,"height":225},"EF/740_S1_wave1/740_S1_wave1_00009":{"x":-0.7,"y":7.23,"width":225,"height":225},"EF/740_S1_wave1/740_S1_wave1_00010":{"x":-0.7,"y":7.23,"width":225,"height":225}},"EF/740_S1_wave1/740_S1_wave1_1":{"EF/740_S1_wave1/740_S1_wave1_00001":{"x":-0.7,"y":7.23,"width":225,"height":225},"EF/740_S1_wave1/740_S1_wave1_00002":{"x":-0.7,"y":7.23,"width":225,"height":225},"EF/740_S1_wave1/740_S1_wave1_00003":{"x":-0.7,"y":7.23,"width":225,"height":225},"EF/740_S1_wave1/740_S1_wave1_00004":{"x":-0.7,"y":7.23,"width":225,"height":225},"EF/740_S1_wave1/740_S1_wave1_00005":{"x":-0.7,"y":7.23,"width":225,"height":225},"EF/740_S1_wave1/740_S1_wave1_00006":{"x":-0.7,"y":7.23,"width":225,"height":225},"EF/740_S1_wave1/740_S1_wave1_00007":{"x":-0.7,"y":7.23,"width":225,"height":225},"EF/740_S1_wave1/740_S1_wave1_00008":{"x":-0.7,"y":7.23,"width":225,"height":225},"EF/740_S1_wave1/740_S1_wave1_00009":{"x":-0.7,"y":7.23,"width":225,"height":225},"EF/740_S1_wave1/740_S1_wave1_00010":{"x":-0.7,"y":7.23,"width":225,"height":225}},"EF/740_S1_wave1/740_S1_wave1_2":{"EF/740_S1_wave1/740_S1_wave1_00001":{"x":-0.7,"y":7.23,"width":225,"height":225},"EF/740_S1_wave1/740_S1_wave1_00002":{"x":-0.7,"y":7.23,"width":225,"height":225},"EF/740_S1_wave1/740_S1_wave1_00003":{"x":-0.7,"y":7.23,"width":225,"height":225},"EF/740_S1_wave1/740_S1_wave1_00004":{"x":-0.7,"y":7.23,"width":225,"height":225},"EF/740_S1_wave1/740_S1_wave1_00005":{"x":-0.7,"y":7.23,"width":225,"height":225},"EF/740_S1_wave1/740_S1_wave1_00006":{"x":-0.7,"y":7.23,"width":225,"height":225},"EF/740_S1_wave1/740_S1_wave1_00007":{"x":-0.7,"y":7.23,"width":225,"height":225},"EF/740_S1_wave1/740_S1_wave1_00008":{"x":-0.7,"y":7.23,"width":225,"height":225},"EF/740_S1_wave1/740_S1_wave1_00009":{"x":-0.7,"y":7.23,"width":225,"height":225},"EF/740_S1_wave1/740_S1_wave1_00010":{"x":-0.7,"y":7.23,"width":225,"height":225}},"EF/740_S1_wave1/740_S1_wave1_3":{"EF/740_S1_wave1/740_S1_wave1_00001":{"x":-0.7,"y":7.23,"width":225,"height":225},"EF/740_S1_wave1/740_S1_wave1_00002":{"x":-0.7,"y":7.23,"width":225,"height":225},"EF/740_S1_wave1/740_S1_wave1_00003":{"x":-0.7,"y":7.23,"width":225,"height":225},"EF/740_S1_wave1/740_S1_wave1_00004":{"x":-0.7,"y":7.23,"width":225,"height":225},"EF/740_S1_wave1/740_S1_wave1_00005":{"x":-0.7,"y":7.23,"width":225,"height":225},"EF/740_S1_wave1/740_S1_wave1_00006":{"x":-0.7,"y":7.23,"width":225,"height":225},"EF/740_S1_wave1/740_S1_wave1_00007":{"x":-0.7,"y":7.23,"width":225,"height":225},"EF/740_S1_wave1/740_S1_wave1_00008":{"x":-0.7,"y":7.23,"width":225,"height":225},"EF/740_S1_wave1/740_S1_wave1_00009":{"x":-0.7,"y":7.23,"width":225,"height":225},"EF/740_S1_wave1/740_S1_wave1_00010":{"x":-0.7,"y":7.23,"width":225,"height":225}},"EF/weapon":{"EF/weapon":{"x":99.11,"y":14.41,"width":360,"height":360}},"EF/weapon2":{"EF/weapon2":{"x":99.11,"y":14.41,"width":360,"height":360}},"HITBOX":{"HITBOX":{"type":"boundingbox","vertices":[-56.68853,47.88366,-56.1549,-54.04086,43.10146,-55.10814,44.16872,47.35002]}},"MAIN":{"attack1_00":{"x":9.09,"y":31.82,"width":450,"height":450},"attack1_01":{"x":9.09,"y":31.82,"width":450,"height":450},"attack1_02":{"x":9.09,"y":31.82,"width":450,"height":450},"attack1_03":{"y":23.63,"width":450,"height":450},"attack1_04":{"y":23.63,"width":450,"height":450},"attack1_05":{"y":23.63,"width":450,"height":450},"attack2_00":{"y":23.63,"width":450,"height":450},"attack2_01":{"y":23.63,"width":450,"height":450},"attack2_02":{"y":23.63,"width":450,"height":450},"attack2_03":{"x":13.63,"y":9.09,"width":450,"height":450},"attack2_04":{"x":18.18,"y":31.82,"width":450,"height":450},"attack2_05":{"x":18.18,"y":31.82,"width":450,"height":450},"attack2_06":{"x":18.18,"y":31.82,"width":450,"height":450},"attack2_07":{"x":18.18,"y":31.82,"width":450,"height":450},"attack2_08":{"x":18.18,"y":31.82,"width":450,"height":450},"attack3_00":{"x":9.09,"y":31.82,"width":450,"height":450},"attack3_01":{"x":18.18,"y":9.09,"width":450,"height":450},"attack3_02":{"x":18.18,"y":9.09,"width":450,"height":450},"attack3_03":{"x":18.18,"y":9.09,"width":450,"height":450},"attack3_04":{"x":18.18,"y":9.09,"width":450,"height":450},"attack3_05":{"x":18.18,"y":9.09,"width":450,"height":450},"attack3_06":{"x":9.09,"y":5.45,"width":450,"height":450},"attack3_07":{"x":9.09,"y":5.45,"width":450,"height":450},"attack3_08":{"x":9.09,"y":5.45,"width":450,"height":450},"attack3_09":{"x":13.63,"y":40.91,"width":450,"height":450},"attack3_10":{"x":13.63,"y":41.41,"width":450,"height":450},"attack3_11":{"x":13.63,"y":40.91,"width":450,"height":450},"attack3_12":{"x":13.63,"y":40.91,"width":450,"height":450},"back_00":{"x":-13.63,"y":4.54,"width":450,"height":450},"damage_00":{"x":-7.27,"y":-4.54,"width":450,"height":450},"front_00":{"x":9.09,"y":9.09,"width":450,"height":450},"idle_00":{"x":-10,"y":-1.81,"width":450,"height":450},"idle_01":{"x":-10,"y":-1.81,"width":450,"height":450},"idle_02":{"x":-10,"y":-1.81,"width":450,"height":450},"idle_03":{"x":-10,"y":-1.81,"width":450,"height":450},"idle_04":{"x":-10,"y":-1.81,"width":450,"height":450},"skill1_00":{"x":1.81,"y":40.91,"width":450,"height":450},"skill1_01":{"x":1.81,"y":40.91,"width":450,"height":450},"skill1_02":{"x":1.81,"y":40.91,"width":450,"height":450},"skill1_03":{"x":1.81,"y":40.91,"width":450,"height":450},"skill1_04":{"x":1.81,"y":40.91,"width":450,"height":450},"skill1_05":{"x":1.81,"y":40.91,"width":450,"height":450},"skill1_06":{"x":1.81,"y":40.91,"width":450,"height":450},"skill1_07":{"x":1.81,"y":40.91,"width":450,"height":450},"skill1_08":{"x":1.81,"y":40.91,"width":450,"height":450},"skill1_09":{"x":1.81,"y":40.91,"width":450,"height":450},"skill2_00":{"x":1.81,"y":8.18,"width":469,"height":473},"skill2_01":{"x":1.81,"y":8.18,"width":469,"height":473},"skill2_02":{"x":1.81,"y":8.18,"width":469,"height":473},"skill2_03":{"x":1.81,"y":8.18,"width":469,"height":473},"skill2_04":{"x":1.81,"y":8.18,"width":469,"height":473},"skill2_05":{"x":4.54,"y":8.18,"width":469,"height":473},"skill2_06":{"x":4.54,"y":8.18,"width":469,"height":473},"skill2_07":{"x":4.54,"y":8.18,"width":469,"height":473},"skill2_08":{"x":4.54,"y":8.18,"width":469,"height":473},"skill2_09":{"x":4.54,"y":8.18,"width":469,"height":473},"skill2_10":{"x":4.54,"y":8.18,"width":469,"height":473},"skill2_11":{"x":4.54,"y":8.18,"width":469,"height":473},"skill2_12":{"x":4.54,"y":8.18,"width":469,"height":473}}}},"events":{"Event":{},"Hit":{},"HitEffect":{},"Sound1":{},"Sound2":{},"Sound3":{},"View":{},"Voice":{}},"animations":{"attack1":{"slots":{"DAMAGEAREA":{"attachment":[{"time":0.4666,"name":"DAMAGEAREA"},{"time":0.5333,"name":null},{"time":1.3333,"name":"DAMAGEAREA"},{"time":1.4333,"name":null}]},"EF/740_S1_wave1/740_S1_wave1_00001":{"attachment":[{"time":1.3,"name":"EF/740_S1_wave1/740_S1_wave1_00002"},{"time":1.3333,"name":"EF/740_S1_wave1/740_S1_wave1_00003"},{"time":1.3666,"name":"EF/740_S1_wave1/740_S1_wave1_00004"},{"time":1.4,"name":"EF/740_S1_wave1/740_S1_wave1_00005"},{"time":1.4333,"name":"EF/740_S1_wave1/740_S1_wave1_00006"},{"time":1.4666,"name":"EF/740_S1_wave1/740_S1_wave1_00007"},{"time":1.5,"name":"EF/740_S1_wave1/740_S1_wave1_00008"},{"time":1.5333,"name":"EF/740_S1_wave1/740_S1_wave1_00009"},{"time":1.5666,"name":"EF/740_S1_wave1/740_S1_wave1_00010"},{"time":1.6,"name":null}]},"MAIN":{"attachment":[{"time":0,"name":"attack1_00"},{"time":0.1333,"name":"attack1_01"},{"time":0.2,"name":"attack1_02"},{"time":0.4666,"name":"attack1_03"},{"time":0.5333,"name":"attack1_04"},{"time":0.6333,"name":"attack1_05"},{"time":0.7666,"name":"attack2_00"},{"time":0.8666,"name":"attack2_01"},{"time":0.9666,"name":"attack2_02"},{"time":1.3,"name":"attack2_03"},{"time":1.3333,"name":"attack2_04"},{"time":1.3666,"name":"attack2_05"},{"time":1.4,"name":"attack2_06"},{"time":1.4666,"name":"attack2_07"},{"time":1.5333,"name":"attack2_08"},{"time":1.6,"name":"back_00"},{"time":1.8,"name":"idle_00"},{"time":2.1666,"name":"idle_00"}]}},"bones":{"MAIN":{"translate":[{"time":0,"x":0,"y":0,"curve":"stepped"},{"time":0.4666,"x":0,"y":0},{"time":0.5666,"x":-15,"y":0,"curve":"stepped"},{"time":0.9666,"x":-15,"y":0,"curve":"stepped"},{"time":1.2666,"x":-15,"y":0},{"time":1.3,"x":-100,"y":0,"curve":[0.134,0.82,0.297,0.96]},{"time":1.3666,"x":-150,"y":0,"curve":[0.226,0.36,0.75,1]},{"time":1.4666,"x":-160,"y":0,"curve":"stepped"},{"time":1.6,"x":-160,"y":10,"curve":[0.279,0.31,0.619,0.65]},{"time":1.7,"x":-93.13,"y":20.97,"curve":[0.301,0.33,0.645,0.68]},{"time":1.8333,"x":-20,"y":0,"curve":[0.204,0.41,0.75,1]},{"time":2,"x":0,"y":0}]},"wave":{"translate":[{"time":1.3,"x":-388.77,"y":628.28}]},"DAMAGEAREA":{"translate":[{"time":0.4666,"x":-114.04,"y":73.87,"curve":"stepped"},{"time":1.3333,"x":-181.43,"y":69.98}],"scale":[{"time":0.4666,"x":1.272,"y":0.857,"curve":"stepped"},{"time":1.3333,"x":1.876,"y":0.712}]}},"events":[{"time":0,"name":"HitEffect","string":"setHitEffect(hit06e,1,1.75,1)"},{"time":0.4,"name":"Event","float":0.25,"string":"kHitStopType_normal"},{"time":0.4,"name":"Voice","string":"cri_108_voice_attack_random_a"},{"time":0.4333,"name":"Sound1","string":"cri_se_battle_skill_shot"},{"time":0.4666,"name":"Sound2","string":"setHitSound(se_battle_monster_claw)"},{"time":0.5,"name":"Event","float":0.15,"string":"kHitStopType_enemyonly"},{"time":0.5,"name":"Hit","float":1.25,"string":"resetHitList"},{"time":0.5,"name":"Sound2","string":"setHitSound(se_battle_thrustviolently)"},{"time":1.2666,"name":"Sound1","string":"cri_se_battle_skill_shot"},{"time":1.3,"name":"Event","float":0.25,"string":"kHitStopType_normal"},{"time":1.3333,"name":"Event","string":"kImpactType_knock"},{"time":1.3333,"name":"Hit","float":2,"string":"resetHitList"},{"time":1.3333,"name":"HitEffect","string":"setHitEffect(hit03e,1,1,1)"},{"time":1.3333,"name":"Sound1","string":"cri_se_battle_gun_burst"},{"time":1.3333,"name":"Sound2","string":"setHitSound(se_battle_thrustviolently)"},{"time":1.3333,"name":"Voice","string":"cri_108_voice_attack_c"},{"time":1.6,"name":"Sound1","string":"cri_se_battle_jump"},{"time":1.8,"name":"Sound1","string":"cri_se_battle_landing"}]},"back":{"slots":{"MAIN":{"attachment":[{"time":0,"name":"back_00"},{"time":0.2666,"name":"idle_03"},{"time":0.4,"name":"idle_04"},{"time":0.5333,"name":"idle_00"}]}},"bones":{"MAIN":{"translate":[{"time":0,"x":0,"y":10,"curve":[0.272,0.34,0.612,0.67]},{"time":0.1,"x":56.57,"y":17.66,"curve":[0.281,0.36,0.632,0.7]},{"time":0.3,"x":130,"y":0},{"time":0.4666,"x":140,"y":0}]}},"events":[{"time":0,"name":"Sound1","string":"cri_se_battle_jump"},{"time":0.2666,"name":"Sound1","string":"cri_se_battle_landing"}]},"cast":{"slots":{"MAIN":{"attachment":[{"time":0,"name":"attack1_00"},{"time":0.0666,"name":"attack1_01"},{"time":0.1666,"name":"attack1_02"},{"time":0.3,"name":"attack3_00"},{"time":0.5,"name":"attack1_03"},{"time":0.5666,"name":"attack1_04"},{"time":0.6666,"name":"attack1_05"},{"time":1,"name":"attack1_05"}]}},"events":[{"time":0.5,"name":"Voice","string":"cri_108_voice_item"}]},"damage":{"slots":{"MAIN":{"attachment":[{"time":0,"name":"damage_00"}]}}},"front":{"slots":{"MAIN":{"attachment":[{"time":0,"name":"front_00"}]}}},"idle":{"slots":{"MAIN":{"attachment":[{"time":0,"name":"idle_00"},{"time":0.1666,"name":"idle_01"},{"time":0.3333,"name":"idle_02"},{"time":0.5,"name":"idle_03"},{"time":0.6666,"name":"idle_04"},{"time":0.8333,"name":"idle_00"}]}}},"in":{"slots":{"MAIN":{"attachment":[{"time":0,"name":"idle_00"},{"time":0.1666,"name":"idle_01"},{"time":0.3333,"name":"idle_02"},{"time":0.5,"name":"idle_03"},{"time":0.6666,"name":"idle_04"},{"time":0.8333,"name":"idle_00"}],"color":[{"time":0,"color":"ffffff00","curve":[0.976,0,0.75,1]},{"time":0.8,"color":"ffffffff"}]}},"events":[{"time":0.8333,"name":"Event","string":"takeIdle"}]},"skill1":{"slots":{"DAMAGEAREA":{"attachment":[{"time":2.1333,"name":"DAMAGEAREA"},{"time":2.2666,"name":null}]},"EF/740_S1_wave1/740_S1_wave1_00001":{"attachment":[{"time":2.1333,"name":"EF/740_S1_wave1/740_S1_wave1_00001"},{"time":2.1666,"name":"EF/740_S1_wave1/740_S1_wave1_00002"},{"time":2.2,"name":"EF/740_S1_wave1/740_S1_wave1_00003"},{"time":2.2333,"name":"EF/740_S1_wave1/740_S1_wave1_00004"},{"time":2.2666,"name":"EF/740_S1_wave1/740_S1_wave1_00006"},{"time":2.3,"name":"EF/740_S1_wave1/740_S1_wave1_00007"},{"time":2.3333,"name":"EF/740_S1_wave1/740_S1_wave1_00008"},{"time":2.3666,"name":"EF/740_S1_wave1/740_S1_wave1_00009"},{"time":2.4,"name":"EF/740_S1_wave1/740_S1_wave1_00010"},{"time":2.4333,"name":null}]},"EF/740_S1_wave1/740_S1_wave1_1":{"attachment":[{"time":2.2,"name":"EF/740_S1_wave1/740_S1_wave1_00001"},{"time":2.2333,"name":"EF/740_S1_wave1/740_S1_wave1_00002"},{"time":2.2666,"name":"EF/740_S1_wave1/740_S1_wave1_00003"},{"time":2.3,"name":"EF/740_S1_wave1/740_S1_wave1_00004"},{"time":2.3333,"name":"EF/740_S1_wave1/740_S1_wave1_00005"},{"time":2.3666,"name":"EF/740_S1_wave1/740_S1_wave1_00006"},{"time":2.4,"name":"EF/740_S1_wave1/740_S1_wave1_00007"},{"time":2.4333,"name":"EF/740_S1_wave1/740_S1_wave1_00008"},{"time":2.4666,"name":"EF/740_S1_wave1/740_S1_wave1_00009"},{"time":2.5,"name":"EF/740_S1_wave1/740_S1_wave1_00010"},{"time":2.5333,"name":null}]},"EF/740_S1_wave1/740_S1_wave1_2":{"attachment":[{"time":2.2666,"name":"EF/740_S1_wave1/740_S1_wave1_00001"},{"time":2.3,"name":"EF/740_S1_wave1/740_S1_wave1_00002"},{"time":2.3333,"name":"EF/740_S1_wave1/740_S1_wave1_00003"},{"time":2.3666,"name":"EF/740_S1_wave1/740_S1_wave1_00004"},{"time":2.4,"name":"EF/740_S1_wave1/740_S1_wave1_00005"},{"time":2.4333,"name":"EF/740_S1_wave1/740_S1_wave1_00006"},{"time":2.4666,"name":"EF/740_S1_wave1/740_S1_wave1_00007"},{"time":2.5,"name":"EF/740_S1_wave1/740_S1_wave1_00008"},{"time":2.5333,"name":"EF/740_S1_wave1/740_S1_wave1_00009"},{"time":2.5666,"name":"EF/740_S1_wave1/740_S1_wave1_00010"},{"time":2.6,"name":null}]},"EF/weapon":{"attachment":[{"time":0.2666,"name":"EF/weapon"}],"color":[{"time":0.2666,"color":"ffffff2e"},{"time":0.4666,"color":"ffffffff","curve":"stepped"},{"time":3,"color":"ffffffff"},{"time":3.2,"color":"ffffff00"}]},"EF/weapon2":{"attachment":[{"time":0.2666,"name":"EF/weapon2"},{"time":2.7666,"name":"EF/weapon2"}],"color":[{"time":0.2666,"color":"ffffff00"},{"time":0.4,"color":"ffffff75"},{"time":0.5333,"color":"ffffff00","curve":"stepped"},{"time":2.7666,"color":"ffffff00"},{"time":2.9333,"color":"ffffffff","curve":"stepped"},{"time":3,"color":"ffffffff"},{"time":3.2333,"color":"ffffff00"}]},"MAIN":{"attachment":[{"time":0,"name":"skill1_00"},{"time":0.2333,"name":"skill1_01"},{"time":0.5,"name":"skill1_02"},{"time":0.8,"name":"skill1_03"},{"time":1.2,"name":"skill1_04"},{"time":1.6666,"name":"skill1_05"},{"time":2.1333,"name":"skill1_06"},{"time":2.2,"name":"skill1_07"},{"time":2.3666,"name":"skill1_08"}]}},"bones":{"S1_weapon":{"rotate":[{"time":0.2666,"angle":127.83,"curve":"stepped"},{"time":2.1333,"angle":20.19,"curve":"stepped"},{"time":2.2,"angle":14.37,"curve":"stepped"},{"time":2.3666,"angle":10.54}],"translate":[{"time":0.2666,"x":-245.45,"y":721.72,"curve":"stepped"},{"time":0.5,"x":-250.69,"y":719.17,"curve":"stepped"},{"time":0.8,"x":-251,"y":712.29,"curve":"stepped"},{"time":1.2,"x":-249.5,"y":705.47,"curve":"stepped"},{"time":1.6666,"x":-251.05,"y":704.18,"curve":"stepped"},{"time":2.1333,"x":-188.68,"y":751.18,"curve":"stepped"},{"time":2.2,"x":-189.85,"y":746.99,"curve":"stepped"},{"time":2.3666,"x":-191.58,"y":743.32}]},"wave":{"translate":[{"time":2.1333,"x":-542.02,"y":631.63}],"scale":[{"time":2.1333,"x":1.15,"y":1.15}]},"wave2":{"translate":[{"time":2.2,"x":-645.91,"y":677.13}],"scale":[{"time":2.2,"x":1.15,"y":1.15}]},"wave3":{"translate":[{"time":2.2666,"x":-764.78,"y":718.54}],"scale":[{"time":2.2666,"x":1.15,"y":1.15}]},"DAMAGEAREA":{"rotate":[{"time":2.2333,"angle":1.2}],"translate":[{"time":2.1333,"x":-125.67,"y":152.41},{"time":2.1666,"x":-164.52,"y":152.41},{"time":2.2,"x":-278.66,"y":152.41},{"time":2.2333,"x":-488.24,"y":152.41}],"scale":[{"time":2.1333,"x":1.617,"y":1.725},{"time":2.2,"x":0.982,"y":1.725}]}},"drawOrder":[{"time":2.2,"offsets":[{"slot":"MAIN","offset":2}]},{"time":2.3,"offsets":[{"slot":"MAIN","offset":2}]}],"events":[{"time":0,"name":"HitEffect","string":"setHitEffect(hit06e,1,2.5,1)"},{"time":0.0666,"name":"Sound1","string":"cri_se_battle_magic_Invocation_dark"},{"time":0.1333,"name":"Sound1","string":"cri_se_battle_charge_03"},{"time":2.0666,"name":"Event","float":0.2,"string":"kHitStopType_normal"},{"time":2.1333,"name":"Event","string":"kImpactType_knock"},{"time":2.1333,"name":"Sound1","string":"setHitSound(se_battle_thrustviolently)"},{"time":2.1333,"name":"Sound2","string":"cri_se_battle_monster_hit"},{"time":2.1333,"name":"Sound3","string":"cri_se_battle_033_explosion_element_01"},{"time":2.1333,"name":"Voice","string":"cri_108_voice_skill_all_a"},{"time":2.1666,"name":"Event","string":"shakeGround"},{"time":2.2333,"name":"Sound2","string":"cri_se_battle_monster_hit"},{"time":2.3333,"name":"Sound2","string":"cri_se_battle_monster_hit"},{"time":2.8,"name":"Sound1","string":"cri_se_battle_arrow_light_effect"}]},"skill2":{"slots":{"DAMAGEAREA":{"attachment":[{"time":0.5666,"name":"DAMAGEAREA"},{"time":0.7666,"name":null},{"time":1.5,"name":"DAMAGEAREA"},{"time":1.5666,"name":null},{"time":1.7333,"name":"DAMAGEAREA"},{"time":1.8,"name":null},{"time":2.3666,"name":"DAMAGEAREA"},{"time":3.0333,"name":null}]},"EF/740_S1_wave1/740_S1_wave1_00001":{"attachment":[{"time":0.5333,"name":"EF/740_S1_wave1/740_S1_wave1_00001"},{"time":0.5666,"name":"EF/740_S1_wave1/740_S1_wave1_00002"},{"time":0.6,"name":"EF/740_S1_wave1/740_S1_wave1_00003"},{"time":0.6333,"name":"EF/740_S1_wave1/740_S1_wave1_00004"},{"time":0.6666,"name":"EF/740_S1_wave1/740_S1_wave1_00005"},{"time":0.7,"name":"EF/740_S1_wave1/740_S1_wave1_00006"},{"time":0.7333,"name":"EF/740_S1_wave1/740_S1_wave1_00007"},{"time":0.7666,"name":"EF/740_S1_wave1/740_S1_wave1_00008"},{"time":0.8,"name":"EF/740_S1_wave1/740_S1_wave1_00009"},{"time":0.8333,"name":"EF/740_S1_wave1/740_S1_wave1_00010"},{"time":2.4333,"name":"EF/740_S1_wave1/740_S1_wave1_00001"},{"time":2.4666,"name":"EF/740_S1_wave1/740_S1_wave1_00002"},{"time":2.5,"name":"EF/740_S1_wave1/740_S1_wave1_00003"},{"time":2.5333,"name":"EF/740_S1_wave1/740_S1_wave1_00004"},{"time":2.5666,"name":"EF/740_S1_wave1/740_S1_wave1_00005"},{"time":2.6,"name":"EF/740_S1_wave1/740_S1_wave1_00006"},{"time":2.6333,"name":"EF/740_S1_wave1/740_S1_wave1_00007"},{"time":2.6666,"name":"EF/740_S1_wave1/740_S1_wave1_00008"},{"time":2.7,"name":"EF/740_S1_wave1/740_S1_wave1_00009"},{"time":2.7333,"name":"EF/740_S1_wave1/740_S1_wave1_00010"}],"color":[{"time":0.8333,"color":"ffffffff"},{"time":0.9333,"color":"ffffff00","curve":"stepped"},{"time":2.4333,"color":"ffffffff","curve":"stepped"},{"time":2.7333,"color":"ffffffff"},{"time":2.8,"color":"ffffff00"}]},"EF/740_S1_wave1/740_S1_wave1_1":{"attachment":[{"time":0.5666,"name":"EF/740_S1_wave1/740_S1_wave1_00001"},{"time":0.6,"name":"EF/740_S1_wave1/740_S1_wave1_00002"},{"time":0.6333,"name":"EF/740_S1_wave1/740_S1_wave1_00003"},{"time":0.6666,"name":"EF/740_S1_wave1/740_S1_wave1_00004"},{"time":0.7,"name":"EF/740_S1_wave1/740_S1_wave1_00005"},{"time":0.7333,"name":"EF/740_S1_wave1/740_S1_wave1_00006"},{"time":0.7666,"name":"EF/740_S1_wave1/740_S1_wave1_00007"},{"time":0.8,"name":"EF/740_S1_wave1/740_S1_wave1_00008"},{"time":0.8333,"name":"EF/740_S1_wave1/740_S1_wave1_00009"},{"time":0.8666,"name":"EF/740_S1_wave1/740_S1_wave1_00010"},{"time":1.5,"name":"EF/740_S1_wave1/740_S1_wave1_00001"},{"time":1.5333,"name":"EF/740_S1_wave1/740_S1_wave1_00002"},{"time":1.5666,"name":"EF/740_S1_wave1/740_S1_wave1_00003"},{"time":1.6,"name":"EF/740_S1_wave1/740_S1_wave1_00004"},{"time":1.6333,"name":"EF/740_S1_wave1/740_S1_wave1_00005"},{"time":1.6666,"name":"EF/740_S1_wave1/740_S1_wave1_00006"},{"time":1.7,"name":"EF/740_S1_wave1/740_S1_wave1_00007"},{"time":1.7333,"name":"EF/740_S1_wave1/740_S1_wave1_00008"},{"time":1.7666,"name":"EF/740_S1_wave1/740_S1_wave1_00009"},{"time":1.8,"name":"EF/740_S1_wave1/740_S1_wave1_00010"},{"time":2.5,"name":"EF/740_S1_wave1/740_S1_wave1_00001"},{"time":2.5333,"name":"EF/740_S1_wave1/740_S1_wave1_00002"},{"time":2.5666,"name":"EF/740_S1_wave1/740_S1_wave1_00003"},{"time":2.6,"name":"EF/740_S1_wave1/740_S1_wave1_00004"},{"time":2.6333,"name":"EF/740_S1_wave1/740_S1_wave1_00005"},{"time":2.6666,"name":"EF/740_S1_wave1/740_S1_wave1_00006"},{"time":2.7,"name":"EF/740_S1_wave1/740_S1_wave1_00007"},{"time":2.7333,"name":"EF/740_S1_wave1/740_S1_wave1_00008"},{"time":2.7666,"name":"EF/740_S1_wave1/740_S1_wave1_00009"},{"time":2.8,"name":"EF/740_S1_wave1/740_S1_wave1_00010"}],"color":[{"time":0.5666,"color":"ffffffff","curve":"stepped"},{"time":0.8666,"color":"ffffffff"},{"time":0.9666,"color":"ffffff00","curve":"stepped"},{"time":1.5,"color":"ffffffff","curve":"stepped"},{"time":1.8,"color":"ffffffff"},{"time":1.9,"color":"ffffff00","curve":"stepped"},{"time":2.5,"color":"ffffffff","curve":"stepped"},{"time":2.8,"color":"ffffffff"},{"time":2.8666,"color":"ffffff00"}]},"EF/740_S1_wave1/740_S1_wave1_2":{"attachment":[{"time":2.6,"name":"EF/740_S1_wave1/740_S1_wave1_00001"},{"time":2.6333,"name":"EF/740_S1_wave1/740_S1_wave1_00002"},{"time":2.6666,"name":"EF/740_S1_wave1/740_S1_wave1_00003"},{"time":2.7,"name":"EF/740_S1_wave1/740_S1_wave1_00004"},{"time":2.7333,"name":"EF/740_S1_wave1/740_S1_wave1_00005"},{"time":2.7666,"name":"EF/740_S1_wave1/740_S1_wave1_00006"},{"time":2.8,"name":"EF/740_S1_wave1/740_S1_wave1_00007"},{"time":2.8333,"name":"EF/740_S1_wave1/740_S1_wave1_00008"},{"time":2.8666,"name":"EF/740_S1_wave1/740_S1_wave1_00009"},{"time":2.9,"name":"EF/740_S1_wave1/740_S1_wave1_00010"}],"color":[{"time":2.6,"color":"ffffffff","curve":"stepped"},{"time":2.9,"color":"ffffffff"},{"time":2.9666,"color":"ffffff00"}]},"EF/740_S1_wave1/740_S1_wave1_3":{"attachment":[{"time":2.3666,"name":"EF/740_S1_wave1/740_S1_wave1_00001"},{"time":2.4,"name":"EF/740_S1_wave1/740_S1_wave1_00002"},{"time":2.4333,"name":"EF/740_S1_wave1/740_S1_wave1_00003"},{"time":2.4666,"name":"EF/740_S1_wave1/740_S1_wave1_00004"},{"time":2.5,"name":"EF/740_S1_wave1/740_S1_wave1_00005"},{"time":2.5333,"name":"EF/740_S1_wave1/740_S1_wave1_00006"},{"time":2.5666,"name":"EF/740_S1_wave1/740_S1_wave1_00007"},{"time":2.6,"name":"EF/740_S1_wave1/740_S1_wave1_00008"},{"time":2.6333,"name":"EF/740_S1_wave1/740_S1_wave1_00009"},{"time":2.6666,"name":"EF/740_S1_wave1/740_S1_wave1_00010"}],"color":[{"time":2.3666,"color":"ffffffff","curve":"stepped"},{"time":2.6666,"color":"ffffffff"},{"time":2.7333,"color":"ffffff00"}]},"EF/weapon":{"attachment":[{"time":0.8333,"name":"EF/weapon"}],"color":[{"time":0.8333,"color":"ffffff2e"},{"time":0.9666,"color":"ffffffff","curve":"stepped"},{"time":1.5666,"color":"ffffffff"},{"time":1.6333,"color":"ffffff00"}]},"EF/weapon2":{"attachment":[{"time":1.5333,"name":"EF/weapon2"}],"color":[{"time":1.5333,"color":"ffffff6a"},{"time":1.5666,"color":"ffffff9e"},{"time":1.6333,"color":"ffffff00"}]},"MAIN":{"attachment":[{"time":0,"name":"attack2_00"},{"time":0.1,"name":"attack2_01"},{"time":0.2,"name":"attack2_02"},{"time":0.5333,"name":"attack2_03"},{"time":0.5666,"name":"attack2_04"},{"time":0.6,"name":"attack2_05"},{"time":0.6666,"name":"attack2_06"},{"time":0.7,"name":"attack2_07"},{"time":0.7666,"name":"attack2_08"},{"time":0.8333,"name":"skill1_00"},{"time":0.9,"name":"skill1_01"},{"time":0.9666,"name":"skill1_02"},{"time":1.0333,"name":"skill1_03"},{"time":1.1333,"name":"skill1_04"},{"time":1.2333,"name":"skill1_05"},{"time":1.5,"name":"skill1_06"},{"time":1.5333,"name":"skill1_07"},{"time":1.5666,"name":"skill1_08"},{"time":1.7,"name":"skill2_00"},{"time":1.7666,"name":"skill2_01"},{"time":1.8333,"name":"skill2_02"},{"time":1.9,"name":"skill2_03"},{"time":1.9666,"name":"skill2_04"},{"time":2.3666,"name":"skill2_05"},{"time":2.4333,"name":"skill2_06"},{"time":2.4666,"name":"skill2_07"},{"time":2.5,"name":"skill2_08"},{"time":2.5333,"name":"skill2_06"},{"time":2.5666,"name":"skill2_07"},{"time":2.6,"name":"skill2_08"},{"time":2.6333,"name":"skill2_06"},{"time":2.6666,"name":"skill2_07"},{"time":2.7,"name":"skill2_08"},{"time":2.7333,"name":"skill2_06"},{"time":2.7666,"name":"skill2_07"},{"time":2.8,"name":"skill2_08"},{"time":2.8333,"name":"skill2_06"},{"time":2.8666,"name":"skill2_07"},{"time":2.9,"name":"skill2_08"},{"time":2.9333,"name":"skill2_06"},{"time":2.9666,"name":"skill2_07"},{"time":3,"name":"skill2_06"},{"time":3.0666,"name":"skill2_09"},{"time":3.1333,"name":"skill2_10"},{"time":3.2333,"name":"skill2_11"},{"time":3.3,"name":"skill2_12"},{"time":4.2666,"name":"skill2_12"}]}},"bones":{"MAIN":{"translate":[{"time":0,"x":0,"y":0,"curve":[0.178,0.41,0.75,1]},{"time":0.3333,"x":10,"y":0,"curve":"stepped"},{"time":0.5333,"x":-119.99,"y":0,"curve":[0.134,0.82,0.297,0.96]},{"time":0.6,"x":-179.99,"y":0,"curve":[0.138,0.85,0.696,0.96]},{"time":0.8666,"x":-189.99,"y":0}]},"S1_weapon":{"rotate":[{"time":0.8333,"angle":126.14,"curve":"stepped"},{"time":0.9,"angle":131.07,"curve":"stepped"},{"time":0.9666,"angle":134.28,"curve":"stepped"},{"time":1.0333,"angle":135.89,"curve":"stepped"},{"time":1.1333,"angle":137.75,"curve":"stepped"},{"time":1.2333,"angle":138.81,"curve":"stepped"},{"time":1.5,"angle":20.19,"curve":"stepped"},{"time":1.5333,"angle":14.37,"curve":"stepped"},{"time":1.5666,"angle":10.54}],"translate":[{"time":0.8333,"x":-442.03,"y":732.44,"curve":"stepped"},{"time":0.9,"x":-440.06,"y":727.12,"curve":"stepped"},{"time":0.9666,"x":-439.16,"y":719.51,"curve":"stepped"},{"time":1.0333,"x":-439.16,"y":715.07,"curve":"stepped"},{"time":1.1333,"x":-438.41,"y":708.58,"curve":"stepped"},{"time":1.5,"x":-376.76,"y":751.18,"curve":"stepped"},{"time":1.5333,"x":-382.1,"y":746.99,"curve":"stepped"},{"time":1.5666,"x":-382.78,"y":743.32}]},"wave":{"translate":[{"time":0.5333,"x":-373.11,"y":636.54,"curve":"stepped"},{"time":2.4333,"x":-527.16,"y":632.27}],"scale":[{"time":0.5333,"x":1,"y":1,"curve":"stepped"},{"time":0.8333,"x":1.25,"y":1.25},{"time":0.9333,"x":1.5,"y":1.5,"curve":"stepped"},{"time":2.4333,"x":2.25,"y":2.25,"curve":"stepped"},{"time":2.7333,"x":2.25,"y":2.25},{"time":2.8,"x":2.35,"y":2.35}]},"wave2":{"rotate":[{"time":0.5666,"angle":-0.6}],"translate":[{"time":0.5666,"x":-636.28,"y":674.76,"curve":"stepped"},{"time":0.9666,"x":-636.24,"y":674.76,"curve":"stepped"},{"time":1.5,"x":-686.94,"y":674.76,"curve":"stepped"},{"time":2.5,"x":-526.9,"y":674.76}],"scale":[{"time":0.5666,"x":1.25,"y":1.25,"curve":"stepped"},{"time":0.8666,"x":1.5,"y":1.5},{"time":0.9666,"x":1.75,"y":1.75,"curve":"stepped"},{"time":1.5,"x":1.25,"y":1.25,"curve":"stepped"},{"time":1.8,"x":1.5,"y":1.5},{"time":1.9,"x":1.75,"y":1.75,"curve":"stepped"},{"time":2.5,"x":1.25,"y":1.25,"curve":"stepped"},{"time":2.8,"x":1.5,"y":1.5},{"time":2.8666,"x":1.75,"y":1.75}]},"wave3":{"rotate":[{"time":2.6,"angle":-0.6}],"translate":[{"time":2.6,"x":-527.11,"y":720.27}],"scale":[{"time":2.6,"x":2.25,"y":2.25,"curve":"stepped"},{"time":2.9,"x":2.25,"y":2.25},{"time":2.9666,"x":2.35,"y":2.35}]},"wave4":{"translate":[{"time":2.3666,"x":-527.67,"y":750.77}],"scale":[{"time":2.3666,"x":2.25,"y":2.25,"curve":"stepped"},{"time":2.6666,"x":2.25,"y":2.25},{"time":2.7333,"x":2.5,"y":2.5}]},"DAMAGEAREA":{"translate":[{"time":0.5666,"x":-173.2,"y":46.76,"curve":"stepped"},{"time":1.5,"x":-317.99,"y":135.76,"curve":"stepped"},{"time":1.7333,"x":-195.07,"y":73.11,"curve":"stepped"},{"time":2.3666,"x":-176.32,"y":313.44}],"scale":[{"time":0.5666,"x":1.814,"y":0.688,"curve":"stepped"},{"time":1.5,"x":1.419,"y":1.431,"curve":"stepped"},{"time":1.7333,"x":1.466,"y":1.233,"curve":"stepped"},{"time":2.3666,"x":2.807,"y":3.524}]}},"drawOrder":[{"time":1.5,"offsets":[{"slot":"MAIN","offset":2}]}],"events":[{"time":0,"name":"Event","float":0.3,"string":"kHitStopType_enemyonly"},{"time":0,"name":"HitEffect","string":"setHitEffect(hit06e,1,2,1)"},{"time":0,"name":"Sound1","string":"cri_se_battle_magic_Invocation_dark"},{"time":0.0666,"name":"Event","string":"setHitBackEnemy(150,0)"},{"time":0.2,"name":"Voice","string":"cri_108_voice_fullarts_now"},{"time":0.5333,"name":"Sound3","string":"cri_se_battle_skill_dash_ef"},{"time":0.5666,"name":"Event","float":0.5,"string":"shakeGround_Loop"},{"time":0.5666,"name":"Sound1","string":"setHitSound(se_battle_thrustviolently)"},{"time":0.5666,"name":"Sound2","string":"cri_se_battle_gun_burst"},{"time":1.4333,"name":"Event","string":"setHitBackEnemy(0,150)"},{"time":1.4666,"name":"Sound1","string":"cri_se_battle_skill_swish"},{"time":1.5,"name":"Event","int":50,"string":"kImpactType_up"},{"time":1.5,"name":"Hit","float":1.5,"string":"resetHitList"},{"time":1.5,"name":"HitEffect","string":"setHitEffect(hit06e,1,2.5,1)"},{"time":1.5,"name":"Sound1","string":"setHitSound(se_battle_019_sword_hit_03)"},{"time":1.5,"name":"Sound2","string":"cri_se_battle_monster_hit"},{"time":1.5,"name":"Sound3","string":"cri_se_battle_037_explosion_element_05"},{"time":1.5333,"name":"Event","float":0.5,"string":"shakeGround_Loop"},{"time":1.7,"name":"Event","float":1,"string":"kHitStopType_enemyonly"},{"time":1.7333,"name":"Event","string":"setHitBackEnemy(0,50)"},{"time":1.7333,"name":"Hit","float":0.6,"string":"resetHitList"},{"time":1.7333,"name":"HitEffect","string":"setHitEffect(hit02e,1,0,1)"},{"time":1.7333,"name":"Sound1","string":"cri_se_battle_charge_completion"},{"time":1.7333,"name":"Sound2","string":"setHitSound(se_battle_007_attack_hit_01)"},{"time":2.3333,"name":"Event","float":0.15,"string":"kHitStopType_enemyonly"},{"time":2.3666,"name":"Event","string":"runScript-hpDecriment"},{"time":2.3666,"name":"Hit","float":0.8,"string":"resetHitList"},{"time":2.3666,"name":"HitEffect","string":"setHitEffect(hit02e,1,0.8,200)"},{"time":2.3666,"name":"Sound2","string":"cri_se_battle_skill_reaper"},{"time":2.3666,"name":"Voice","string":"cri_108_voice_fullarts_rank4"},{"time":2.4333,"name":"Hit","float":0.8,"string":"resetHitList"},{"time":2.4333,"name":"Sound1","string":"setHitSound(se_battle_thrustviolently)"},{"time":2.5333,"name":"Hit","float":0.8,"string":"resetHitList"},{"time":2.6333,"name":"Hit","float":0.8,"string":"resetHitList"},{"time":2.7333,"name":"Hit","float":0.8,"string":"resetHitList"},{"time":2.9,"name":"Hit","float":0.8,"string":"resetHitList"},{"time":3,"name":"Hit","float":0.8,"string":"resetHitList"}]}}}