{"skeleton":{"hash":"vWCLPNbRgFIjTIH+QLOgbEvGrsQ","spine":"3.0.12","width":640,"height":1138},"bones":[{"name":"root"},{"name":"grid","parent":"root"},{"name":"MAIN","parent":"root","y":35.73},{"name":"SHADOW-OFFSET","parent":"MAIN","x":-2.47,"scaleX":0.9,"scaleY":0.9},{"name":"HPBAR","parent":"MAIN","y":84.26},{"name":"HITBOX","parent":"MAIN","y":-35.73},{"name":"EF/690_S1_wave1/690_S1_wave1_00000","parent":"root","y":-15.61},{"name":"EF/140_S2_dusty1/140_S2_dusty1_00003","parent":"root"},{"name":"EF/1070_S1_power3/1070_S1_power3_00000","parent":"root"},{"name":"EF/1070_S1_power2/1070_S1_power2_00002","parent":"root"},{"name":"EF/1070_S1_power1/1070_S1_power1_00000","parent":"root"},{"name":"DAMAGEAREA","parent":"root"}],"slots":[{"name":"grid/新バトルUI","bone":"grid"},{"name":"grid/grid","bone":"grid"},{"name":"EF/1070_S1_power1/1070_S1_power1_00000","bone":"EF/1070_S1_power1/1070_S1_power1_00000","blend":"additive"},{"name":"EF/1070_S1_power2/1070_S1_power2_00002","bone":"EF/1070_S1_power2/1070_S1_power2_00002","blend":"additive"},{"name":"EF/1070_S1_power3/1070_S1_power3_00000","bone":"EF/1070_S1_power3/1070_S1_power3_00000","blend":"additive"},{"name":"EF/690_S1_wave1/690_S1_wave1_00000","bone":"EF/690_S1_wave1/690_S1_wave1_00000","blend":"additive"},{"name":"MAIN","bone":"MAIN","attachment":"idle_00"},{"name":"EF/140_S2_dusty1/140_S2_dusty1_00003","bone":"EF/140_S2_dusty1/140_S2_dusty1_00003","blend":"additive"},{"name":"DAMAGEAREA","bone":"DAMAGEAREA"},{"name":"HITBOX","bone":"HITBOX","attachment":"HITBOX"}],"skins":{"default":{"DAMAGEAREA":{"DAMAGEAREA":{"type":"boundingbox","vertices":[-98.37639,97.77866,-98.37639,-97.98293,98.62422,-99.22194,97.79823,98.60466]}},"EF/1070_S1_power1/1070_S1_power1_00000":{"EF/1070_S1_power1/1070_S1_power1_00000":{"width":200,"height":200},"EF/1070_S1_power1/1070_S1_power1_00002":{"width":200,"height":200},"EF/1070_S1_power1/1070_S1_power1_00003":{"width":200,"height":200},"EF/1070_S1_power1/1070_S1_power1_00006":{"width":200,"height":200},"EF/1070_S1_power1/1070_S1_power1_00008":{"width":200,"height":200},"EF/1070_S1_power1/1070_S1_power1_00011":{"width":200,"height":200}},"EF/1070_S1_power2/1070_S1_power2_00002":{"EF/1070_S1_power2/1070_S1_power2_00004":{"width":200,"height":200},"EF/1070_S1_power2/1070_S1_power2_00007":{"width":200,"height":200},"EF/1070_S1_power2/1070_S1_power2_00009":{"width":200,"height":200}},"EF/1070_S1_power3/1070_S1_power3_00000":{"EF/1070_S1_power3/1070_S1_power3_00000":{"width":200,"height":200}},"EF/140_S2_dusty1/140_S2_dusty1_00003":{"EF/140_S2_dusty1/140_S2_dusty1_00003":{"y":5.85,"width":200,"height":200},"EF/140_S2_dusty1/140_S2_dusty1_00004":{"y":5.85,"width":200,"height":200},"EF/140_S2_dusty1/140_S2_dusty1_00007":{"y":5.85,"width":200,"height":200},"EF/140_S2_dusty1/140_S2_dusty1_00008":{"y":5.85,"width":200,"height":200},"EF/140_S2_dusty1/140_S2_dusty1_00009":{"y":5.85,"width":200,"height":200},"EF/140_S2_dusty1/140_S2_dusty1_00013":{"y":5.85,"width":200,"height":200}},"EF/690_S1_wave1/690_S1_wave1_00000":{"EF/690_S1_wave1/690_S1_wave1_00002":{"y":15.61,"width":350,"height":350},"EF/690_S1_wave1/690_S1_wave1_00003":{"y":15.61,"width":350,"height":350},"EF/690_S1_wave1/690_S1_wave1_00005":{"y":15.61,"width":350,"height":350},"EF/690_S1_wave1/690_S1_wave1_00009":{"y":15.61,"width":350,"height":350},"EF/690_S1_wave1/690_S1_wave1_00010":{"y":15.61,"width":350,"height":350}},"HITBOX":{"HITBOX":{"type":"boundingbox","vertices":[-29.32132,73.51376,-29.03832,2.19776,25.01466,1.91477,24.73166,73.23076]}},"MAIN":{"attack1_00":{"y":42.66,"width":400,"height":400},"attack1_01":{"y":42.66,"width":400,"height":400},"attack1_02":{"y":42.66,"width":400,"height":400},"attack1_03":{"y":42.66,"width":400,"height":400},"attack1_04":{"y":42.66,"width":400,"height":400},"attack1_05":{"y":42.66,"width":400,"height":400},"attack1_06":{"y":42.66,"width":400,"height":400},"attack1_07":{"y":42.66,"width":400,"height":400},"damage_00":{"y":42.66,"width":400,"height":400},"front_00":{"y":42.66,"width":400,"height":400},"front_01":{"y":42.66,"width":400,"height":400},"front_02":{"y":42.66,"width":400,"height":400},"front_03":{"y":42.66,"width":400,"height":400},"front_04":{"y":42.66,"width":400,"height":400},"idle_00":{"y":42.66,"width":400,"height":400},"idle_01":{"y":42.66,"width":400,"height":400},"idle_02":{"y":42.66,"width":400,"height":400},"idle_03":{"y":42.66,"width":400,"height":400},"idle_04":{"y":42.66,"width":400,"height":400},"idle_05":{"y":42.66,"width":400,"height":400},"skill1_00":{"y":42.66,"width":400,"height":400},"skill1_01":{"y":42.66,"width":400,"height":400},"skill1_02":{"y":42.66,"width":400,"height":400},"skill1_03":{"y":42.66,"width":400,"height":400},"skill1_04":{"y":42.66,"width":400,"height":400},"skill1_05":{"y":42.66,"width":400,"height":400},"skill1_06":{"y":42.66,"width":400,"height":400},"skill1_07":{"y":42.66,"width":400,"height":400},"skill1_08":{"y":42.66,"width":400,"height":400}}}},"events":{"Event":{},"Event2":{},"Hit":{},"HitEffect":{},"Sound_1":{},"Sound_2":{},"Sound_3":{},"View":{},"voice":{}},"animations":{"attack1":{"slots":{"DAMAGEAREA":{"attachment":[{"time":0.8666,"name":"DAMAGEAREA"},{"time":0.9333,"name":null}]},"MAIN":{"attachment":[{"time":0,"name":"attack1_00"},{"time":0.1333,"name":"attack1_01"},{"time":0.1666,"name":"attack1_02"},{"time":0.2333,"name":"attack1_03"},{"time":0.2666,"name":"attack1_02"},{"time":0.3333,"name":"attack1_03"},{"time":0.4666,"name":"attack1_04"},{"time":0.8333,"name":"attack1_05"},{"time":0.8666,"name":"attack1_06"},{"time":0.9,"name":"attack1_07"}]}},"bones":{"MAIN":{"rotate":[{"time":0,"angle":0,"curve":"stepped"},{"time":0.3666,"angle":0},{"time":0.4,"angle":-17.74},{"time":0.4333,"angle":-50.13},{"time":0.4666,"angle":-14.86},{"time":0.8,"angle":-15.6},{"time":0.8333,"angle":13.12},{"time":0.8666,"angle":9.75,"curve":[0.26,0,0.617,0.44]},{"time":1,"angle":-28.43,"curve":[0.358,0.42,0.755,1]},{"time":1.1333,"angle":0,"curve":[0.25,0,0.75,1]},{"time":1.4,"angle":3.8,"curve":[0.25,0,0.75,1]},{"time":1.4666,"angle":0}],"translate":[{"time":0,"x":0,"y":0,"curve":[0.242,0,0.812,0.73]},{"time":0.4333,"x":0,"y":-4.74,"curve":[0.583,0.09,0.715,1]},{"time":0.6333,"x":10.15,"y":-4.74,"curve":[0.25,0,0.75,1]},{"time":0.8,"x":16.07,"y":-4.74,"curve":"stepped"},{"time":0.8333,"x":-75.85,"y":18.58,"curve":"stepped"},{"time":0.8666,"x":-207.83,"y":64.26,"curve":[0.094,0.34,0.441,1.03]},{"time":1,"x":-114.15,"y":111.05,"curve":[0.461,0.01,0.453,1]},{"time":1.1333,"x":-77.46,"y":-14.34,"curve":[0.25,0,0.75,1]},{"time":1.2666,"x":-46.99,"y":28.01,"curve":[0.25,0,0.75,1]},{"time":1.4,"x":0,"y":-11.24}],"scale":[{"time":0,"x":1,"y":1,"curve":[0.25,0,0.75,1]},{"time":0.4333,"x":1.15,"y":0.85,"curve":"stepped"},{"time":0.8333,"x":0.863,"y":1.14,"curve":"stepped"},{"time":0.8666,"x":0.8,"y":1.2,"curve":[0.25,0,0.75,1]},{"time":1.1333,"x":1,"y":0.903},{"time":1.2666,"x":0.9,"y":1,"curve":[0.25,0,0.75,1]},{"time":1.4666,"x":1,"y":1,"curve":"stepped"},{"time":1.5,"x":1,"y":1}]},"DAMAGEAREA":{"translate":[{"time":0.8666,"x":-117.26,"y":60.9}],"scale":[{"time":0.8666,"x":1.178,"y":0.605}]}},"events":[{"time":0.4666,"name":"Event","float":0.05,"string":"kHitStopType_normal"},{"time":0.8333,"name":"voice","string":"cri_099_voice_attack_random"},{"time":0.8666,"name":"Sound_1","string":"setHitSound(se_battle_hard_hit)"}]},"back":{"slots":{"MAIN":{"attachment":[{"time":0,"name":"front_00"},{"time":0.0666,"name":"front_01"},{"time":0.1333,"name":"front_02"},{"time":0.2,"name":"front_03"},{"time":0.2666,"name":"front_04"}]}},"bones":{"MAIN":{"translate":[{"time":0,"x":0,"y":0},{"time":0.2666,"x":106.79,"y":0}],"scale":[{"time":0,"x":-1,"y":1}]}}},"cast":{"slots":{"MAIN":{"attachment":[{"time":0,"name":"idle_00"},{"time":0.1,"name":"idle_01"},{"time":0.3666,"name":"idle_03"},{"time":0.5,"name":"attack1_07"},{"time":0.7666,"name":"idle_04"},{"time":0.8666,"name":"idle_01"},{"time":0.9333,"name":"idle_00"},{"time":1.1666,"name":"idle_00"}]}},"bones":{"MAIN":{"rotate":[{"time":0.4333,"angle":-13.08,"curve":[0,0.38,0.38,0.99]},{"time":0.5333,"angle":-18.86,"curve":"stepped"},{"time":0.7666,"angle":-13.71,"curve":[0.53,0.01,1,0.52]},{"time":0.8666,"angle":0}],"translate":[{"time":0,"x":0,"y":-0.51,"curve":[0.007,0.55,0.614,1]},{"time":0.2,"x":0,"y":-5.1,"curve":"stepped"},{"time":0.3666,"x":0,"y":-8.87,"curve":[0.25,0,0.75,1]},{"time":0.4333,"x":0,"y":9.35,"curve":[0,0.75,0.38,0.98]},{"time":0.5,"x":0,"y":72.12,"curve":"stepped"},{"time":0.7666,"x":0,"y":54.48,"curve":[0.53,0.01,1,0.6]},{"time":0.8666,"x":0,"y":-7.75,"curve":[0.542,0,0.988,0.57]},{"time":0.9333,"x":0,"y":-0.45,"curve":"stepped"},{"time":1.1666,"x":0,"y":-0.51}],"scale":[{"time":0,"x":1,"y":1,"curve":[0,0.34,0.75,1]},{"time":0.2,"x":1.12,"y":0.851,"curve":"stepped"},{"time":0.3666,"x":1.297,"y":0.788,"curve":[0,0.53,0.521,0.88]},{"time":0.4333,"x":0.764,"y":1.131,"curve":[0.349,0.66,0.691,1]},{"time":0.5333,"x":1,"y":1,"curve":"stepped"},{"time":0.7666,"x":0.845,"y":1.144,"curve":[0.53,0.01,1,0.6]},{"time":0.8666,"x":1.169,"y":0.861,"curve":[0.542,0,0.988,0.57]},{"time":0.9333,"x":1,"y":1,"curve":"stepped"},{"time":1.1666,"x":1,"y":1}]}},"events":[{"time":0.5,"name":"voice","string":"cri_099_voice_item"}]},"damage":{"slots":{"MAIN":{"attachment":[{"time":0,"name":"damage_00"}]}}},"front":{"slots":{"MAIN":{"attachment":[{"time":0,"name":"front_00"},{"time":0.0666,"name":"front_01"},{"time":0.1333,"name":"front_02"},{"time":0.2,"name":"front_03"},{"time":0.2666,"name":"front_04"}]}},"events":[{"time":0.2666,"name":"Sound_2","string":"cri_se_battle_metal_rubbing"}]},"idle":{"slots":{"MAIN":{"attachment":[{"time":0,"name":"idle_00"},{"time":0.0333,"name":"idle_01"},{"time":0.1666,"name":"idle_02"},{"time":0.2333,"name":"idle_03"},{"time":0.3,"name":"idle_02"},{"time":0.3666,"name":"idle_03"},{"time":0.4333,"name":"idle_02"},{"time":0.5,"name":"idle_03"},{"time":0.5666,"name":"idle_04"},{"time":0.6333,"name":"idle_05"},{"time":0.7333,"name":"idle_00"},{"time":1.0333,"name":"idle_00"}]}},"bones":{"MAIN":{"translate":[{"time":0.2333,"x":0,"y":0,"curve":[0.098,0,0.064,1]},{"time":0.4333,"x":0,"y":19.02,"curve":[0.975,0,0.886,0.99]},{"time":0.6333,"x":0,"y":0}]}}},"skill1":{"slots":{"DAMAGEAREA":{"attachment":[{"time":1,"name":"DAMAGEAREA"},{"time":1.3333,"name":null}]},"EF/1070_S1_power1/1070_S1_power1_00000":{"attachment":[{"time":0.5666,"name":"EF/1070_S1_power1/1070_S1_power1_00002"},{"time":0.6,"name":"EF/1070_S1_power1/1070_S1_power1_00003"},{"time":0.6333,"name":"EF/1070_S1_power1/1070_S1_power1_00006"},{"time":0.6666,"name":"EF/1070_S1_power1/1070_S1_power1_00008"},{"time":0.7,"name":null}],"color":[{"time":0.6,"color":"fffffff1"},{"time":0.7,"color":"ffffff1a"}]},"EF/1070_S1_power2/1070_S1_power2_00002":{"attachment":[{"time":0.5666,"name":"EF/1070_S1_power2/1070_S1_power2_00007"},{"time":0.6333,"name":"EF/1070_S1_power2/1070_S1_power2_00009"},{"time":0.7,"name":null}],"color":[{"time":0.6,"color":"fffffff8"},{"time":0.7,"color":"ffffff1a"}]},"EF/1070_S1_power3/1070_S1_power3_00000":{"attachment":[{"time":0.5666,"name":"EF/1070_S1_power3/1070_S1_power3_00000"},{"time":0.7,"name":null}],"color":[{"time":0.6,"color":"fffffff8"},{"time":0.7,"color":"ffffff0a"}]},"EF/140_S2_dusty1/140_S2_dusty1_00003":{"attachment":[{"time":1.1,"name":"EF/140_S2_dusty1/140_S2_dusty1_00003"},{"time":1.1666,"name":"EF/140_S2_dusty1/140_S2_dusty1_00004"},{"time":1.2333,"name":"EF/140_S2_dusty1/140_S2_dusty1_00007"},{"time":1.3,"name":"EF/140_S2_dusty1/140_S2_dusty1_00008"},{"time":1.3666,"name":"EF/140_S2_dusty1/140_S2_dusty1_00009"},{"time":1.4333,"name":"EF/140_S2_dusty1/140_S2_dusty1_00013"},{"time":1.6,"name":null}],"color":[{"time":1.1,"color":"ffffffc4","curve":"stepped"},{"time":1.3,"color":"ffffffc4"},{"time":1.6,"color":"ffffff04"}]},"EF/690_S1_wave1/690_S1_wave1_00000":{"attachment":[{"time":1.1,"name":"EF/690_S1_wave1/690_S1_wave1_00002"},{"time":1.1333,"name":"EF/690_S1_wave1/690_S1_wave1_00003"},{"time":1.2,"name":"EF/690_S1_wave1/690_S1_wave1_00005"},{"time":1.2666,"name":"EF/690_S1_wave1/690_S1_wave1_00009"},{"time":1.3333,"name":"EF/690_S1_wave1/690_S1_wave1_00010"},{"time":1.4333,"name":null}],"color":[{"time":1.2666,"color":"fffffff5"},{"time":1.4333,"color":"ffffff30"}]},"MAIN":{"attachment":[{"time":0,"name":"skill1_00"},{"time":0.1,"name":"skill1_01"},{"time":0.2,"name":"skill1_02"},{"time":0.2333,"name":"skill1_03"},{"time":0.2666,"name":"skill1_04"},{"time":0.3,"name":"skill1_03"},{"time":0.3333,"name":"skill1_04"},{"time":0.3666,"name":"skill1_03"},{"time":0.4,"name":"skill1_04"},{"time":0.4333,"name":"skill1_03"},{"time":0.4666,"name":"skill1_04"},{"time":0.5,"name":"skill1_03"},{"time":0.5666,"name":"skill1_06"},{"time":0.9333,"name":"skill1_07"},{"time":1,"name":"skill1_08"},{"time":1.0666,"name":"skill1_07"},{"time":1.1333,"name":"skill1_08"}]}},"bones":{"MAIN":{"rotate":[{"time":0.2333,"angle":7.41},{"time":0.2666,"angle":10.35,"curve":[0.25,0,0.75,1]},{"time":0.5,"angle":0,"curve":[0.25,0,0.75,1]},{"time":0.5666,"angle":-14.58,"curve":"stepped"},{"time":0.9333,"angle":0}],"translate":[{"time":0,"x":0,"y":-3.52,"curve":[0.52,0,1,0.65]},{"time":0.2,"x":0,"y":-9.96,"curve":[0.945,0,1,0.36]},{"time":0.2333,"x":-5.02,"y":3.7,"curve":[0,0.33,0.358,0.67]},{"time":0.2666,"x":-15.79,"y":26.48,"curve":[0,0.69,0.397,0.99]},{"time":0.5,"x":-100,"y":271.03,"curve":[0,0.41,0.383,0.79]},{"time":0.5666,"x":-100,"y":264.26,"curve":"stepped"},{"time":0.9,"x":-100,"y":264.26,"curve":[0.25,0,0.75,1]},{"time":0.9333,"x":-100,"y":256.29,"curve":[0.014,0.17,0,1]},{"time":1,"x":-100,"y":-0.3,"curve":[0.03,0.38,0.282,1]},{"time":1.0333,"x":-100,"y":-18.75},{"time":1.1,"x":-100,"y":75.1},{"time":1.1333,"x":-100,"y":-8.09}],"scale":[{"time":0,"x":1,"y":1,"curve":[0.25,0,0.75,1]},{"time":0.2,"x":1.224,"y":0.804,"curve":[0.25,0,0.75,1]},{"time":0.2333,"x":1,"y":1,"curve":[0.295,0,0.632,0.36]},{"time":0.2666,"x":0.901,"y":1.098,"curve":[0.303,0.22,0.756,1]},{"time":0.4666,"x":1,"y":1,"curve":[0.25,0,0.75,1]},{"time":0.5,"x":1.6,"y":0.4,"curve":[0.25,0,0.75,1]},{"time":0.5666,"x":1,"y":1,"curve":"stepped"},{"time":0.8666,"x":1,"y":1,"curve":[0.25,0,0.75,1]},{"time":0.9666,"x":0.778,"y":1.218,"curve":[0.25,0,0.75,1]},{"time":1,"x":1.876,"y":0.77,"curve":[0.25,0,0.75,1]},{"time":1.0333,"x":1.251,"y":0.843,"curve":[0.25,0,0.75,1]},{"time":1.0666,"x":1,"y":1}]},"EF/690_S1_wave1/690_S1_wave1_00000":{"translate":[{"time":1.1,"x":-100,"y":13.59}],"scale":[{"time":1.1,"x":1.584,"y":1.584},{"time":1.1333,"x":1.511,"y":1.511},{"time":1.2,"x":1.875,"y":1.796,"curve":"stepped"},{"time":1.2666,"x":1.364,"y":1.426},{"time":1.3,"x":1.661,"y":1.737,"curve":"stepped"},{"time":1.3333,"x":1.654,"y":2.006},{"time":1.4,"x":2.409,"y":2.409}]},"EF/140_S2_dusty1/140_S2_dusty1_00003":{"translate":[{"time":1.1,"x":-95.77,"y":7.34}],"scale":[{"time":1.1,"x":2.367,"y":2.071,"curve":"stepped"},{"time":1.1666,"x":2.496,"y":2.496},{"time":1.3666,"x":2.506,"y":2.506,"curve":"stepped"},{"time":1.5,"x":2.675,"y":2.675}]},"DAMAGEAREA":{"translate":[{"time":1,"x":-94.32,"y":9.82}],"scale":[{"time":1,"x":1.25,"y":0.261}]},"EF/1070_S1_power2/1070_S1_power2_00002":{"rotate":[{"time":0.7,"angle":-2.64}],"translate":[{"time":0.5666,"x":-96.75,"y":375.24}],"scale":[{"time":0.5666,"x":2.656,"y":2.656},{"time":0.6,"x":3.935,"y":3.935,"curve":"stepped"},{"time":0.6333,"x":3.886,"y":3.886},{"time":0.7,"x":6.291,"y":6.291}]},"EF/1070_S1_power3/1070_S1_power3_00000":{"translate":[{"time":0.5666,"x":-96.75,"y":375.24}],"scale":[{"time":0.5666,"x":6.682,"y":6.682}]},"EF/1070_S1_power1/1070_S1_power1_00000":{"translate":[{"time":0.5666,"x":-96.75,"y":375.24}],"scale":[{"time":0.5666,"x":5.946,"y":5.946}]}},"events":[{"time":0,"name":"HitEffect","string":"setHitEffect(hit04e,1,0.5,50)"},{"time":0.2333,"name":"Sound_2","string":"cri_se_battle_pop_landing"},{"time":0.5666,"name":"Sound_1","string":"cri_se_battle_magic_Invocation_dark"},{"time":0.5666,"name":"voice","string":"cri_099_voice_skill_b"},{"time":1,"name":"Event","float":0.12,"string":"kHitStopType_normal"},{"time":1,"name":"Sound_1","string":"cri_se_battle_monster_hit"},{"time":1,"name":"Sound_2","string":"cri_se_battle_arrow_light_effect"},{"time":1.0333,"name":"Event","float":0.15,"string":"kHitStopType_enemyonly"},{"time":1.0666,"name":"Event","string":"setHitBackEnemy(6,0)"},{"time":1.1,"name":"Sound_1","string":"setHitSound(se_battle_explosion_short)"},{"time":1.1333,"name":"Hit","string":"resetHitList"},{"time":1.1333,"name":"Sound_1","string":"cri_se_battle_magic_Invocation_dark"},{"time":1.1666,"name":"Sound_2","string":"cri_se_battle_rock_separation"},{"time":1.2,"name":"Hit","string":"resetHitList"},{"time":1.2333,"name":"Hit","string":"resetHitList"}]},"skill2":{"slots":{"DAMAGEAREA":{"attachment":[{"time":1.3666,"name":"DAMAGEAREA"},{"time":1.8666,"name":null}]},"EF/1070_S1_power1/1070_S1_power1_00000":{"attachment":[{"time":0.8333,"name":"EF/1070_S1_power1/1070_S1_power1_00000"},{"time":0.8666,"name":"EF/1070_S1_power1/1070_S1_power1_00003"},{"time":0.9,"name":"EF/1070_S1_power1/1070_S1_power1_00006"},{"time":0.9333,"name":"EF/1070_S1_power1/1070_S1_power1_00008"},{"time":0.9666,"name":null}],"color":[{"time":0.8666,"color":"fffffff1"},{"time":0.9666,"color":"ffffff1a"}]},"EF/1070_S1_power2/1070_S1_power2_00002":{"attachment":[{"time":0.8333,"name":"EF/1070_S1_power2/1070_S1_power2_00004"},{"time":0.8666,"name":"EF/1070_S1_power2/1070_S1_power2_00007"},{"time":0.9,"name":"EF/1070_S1_power2/1070_S1_power2_00009"},{"time":0.9666,"name":null}],"color":[{"time":0.8666,"color":"fffffff8"},{"time":0.9666,"color":"ffffff1a"}]},"EF/1070_S1_power3/1070_S1_power3_00000":{"attachment":[{"time":0.8333,"name":"EF/1070_S1_power3/1070_S1_power3_00000"},{"time":0.9666,"name":null}],"color":[{"time":0.8666,"color":"fffffff8"},{"time":0.9666,"color":"ffffff0a"}]},"EF/690_S1_wave1/690_S1_wave1_00000":{"attachment":[{"time":0.8333,"name":"EF/690_S1_wave1/690_S1_wave1_00002"},{"time":0.8666,"name":"EF/690_S1_wave1/690_S1_wave1_00003"},{"time":0.9333,"name":"EF/690_S1_wave1/690_S1_wave1_00005"},{"time":1,"name":"EF/690_S1_wave1/690_S1_wave1_00009"},{"time":1.0666,"name":"EF/690_S1_wave1/690_S1_wave1_00010"},{"time":1.2666,"name":null},{"time":1.5,"name":"EF/690_S1_wave1/690_S1_wave1_00002"},{"time":1.5333,"name":"EF/690_S1_wave1/690_S1_wave1_00003"},{"time":1.6,"name":"EF/690_S1_wave1/690_S1_wave1_00005"},{"time":1.6666,"name":"EF/690_S1_wave1/690_S1_wave1_00009"},{"time":1.7333,"name":"EF/690_S1_wave1/690_S1_wave1_00010"},{"time":1.8333,"name":null},{"time":1.9333,"name":"EF/690_S1_wave1/690_S1_wave1_00010"},{"time":2.0333,"name":null}],"color":[{"time":0.8333,"color":"ffffffff","curve":"stepped"},{"time":1.1,"color":"fffffff5"},{"time":1.2666,"color":"ffffff30","curve":"stepped"},{"time":1.5,"color":"ffffffff","curve":"stepped"},{"time":1.7,"color":"fffffff5"},{"time":1.8,"color":"ffffff30","curve":"stepped"},{"time":1.9,"color":"fffffff5"},{"time":2,"color":"ffffff30"}]},"MAIN":{"attachment":[{"time":0,"name":"idle_00"},{"time":0.3333,"name":"idle_01"},{"time":0.8333,"name":"attack1_07"}]}},"bones":{"MAIN":{"rotate":[{"time":0.8333,"angle":-9.4}],"translate":[{"time":0.3333,"x":0,"y":0,"curve":[0.25,0,0.75,1]},{"time":0.5,"x":0,"y":-7.98,"curve":"stepped"},{"time":0.8333,"x":0,"y":21.32,"curve":"stepped"},{"time":2.3333,"x":0,"y":0}],"scale":[{"time":0.3333,"x":1,"y":1,"curve":[0.25,0,0.75,1]},{"time":0.5,"x":1.2,"y":0.8,"curve":"stepped"},{"time":0.8333,"x":0.8,"y":1.2,"curve":[0.25,0,0.75,1]},{"time":1,"x":1,"y":1}]},"EF/690_S1_wave1/690_S1_wave1_00000":{"translate":[{"time":1.5,"x":0,"y":14.05}],"scale":[{"time":0.8666,"x":3.441,"y":3.441},{"time":0.9,"x":4.425,"y":3.49,"curve":"stepped"},{"time":0.9333,"x":3.57,"y":3.421,"curve":"stepped"},{"time":1,"x":2.554,"y":2.67,"curve":"stepped"},{"time":1.0666,"x":2.764,"y":3.352},{"time":1.1333,"x":3.313,"y":3.313,"curve":"stepped"},{"time":1.5333,"x":3.441,"y":3.441},{"time":1.5666,"x":4.425,"y":3.49,"curve":"stepped"},{"time":1.6,"x":3.265,"y":2.575,"curve":"stepped"},{"time":1.6333,"x":3.736,"y":2.946,"curve":"stepped"},{"time":1.6666,"x":2.554,"y":2.67,"curve":"stepped"},{"time":1.7333,"x":2.764,"y":3.352},{"time":1.8,"x":3.313,"y":3.313,"curve":"stepped"},{"time":1.9333,"x":2.764,"y":3.352},{"time":2,"x":3.313,"y":3.313}]},"DAMAGEAREA":{"translate":[{"time":1.3666,"x":-11.65,"y":122.35}],"scale":[{"time":1.3666,"x":2.474,"y":1.437}]},"EF/1070_S1_power2/1070_S1_power2_00002":{"rotate":[{"time":0.9666,"angle":-2.64}],"translate":[{"time":0.8333,"x":0,"y":159.37}],"scale":[{"time":0.8333,"x":2.265,"y":2.265},{"time":0.8666,"x":4.136,"y":4.136,"curve":"stepped"},{"time":0.9,"x":3.939,"y":3.939},{"time":0.9666,"x":7.014,"y":7.014}]},"EF/1070_S1_power1/1070_S1_power1_00000":{"translate":[{"time":0.8333,"x":0,"y":159.37}],"scale":[{"time":0.8333,"x":6.68,"y":6.68}]},"EF/1070_S1_power3/1070_S1_power3_00000":{"translate":[{"time":0.8333,"x":0,"y":159.37}],"scale":[{"time":0.8333,"x":6.68,"y":6.68}]}},"drawOrder":[{"time":0.8333,"offsets":[{"slot":"EF/1070_S1_power1/1070_S1_power1_00000","offset":2},{"slot":"EF/1070_S1_power2/1070_S1_power2_00002","offset":0},{"slot":"EF/140_S2_dusty1/140_S2_dusty1_00003","offset":-2}]},{"time":1.5,"offsets":[{"slot":"EF/1070_S1_power1/1070_S1_power1_00000","offset":2},{"slot":"EF/1070_S1_power2/1070_S1_power2_00002","offset":0},{"slot":"EF/140_S2_dusty1/140_S2_dusty1_00003","offset":-2}]},{"time":1.8666,"offsets":[{"slot":"EF/1070_S1_power1/1070_S1_power1_00000","offset":2},{"slot":"EF/1070_S1_power2/1070_S1_power2_00002","offset":0},{"slot":"EF/140_S2_dusty1/140_S2_dusty1_00003","offset":-2}]},{"time":2.0666,"offsets":[{"slot":"EF/1070_S1_power1/1070_S1_power1_00000","offset":2},{"slot":"EF/1070_S1_power2/1070_S1_power2_00002","offset":0},{"slot":"EF/140_S2_dusty1/140_S2_dusty1_00003","offset":-2}]}],"events":[{"time":0,"name":"HitEffect","string":"setHitEffect(hit02d,1,0.55,50)"},{"time":0.8333,"name":"Sound_1","string":"cri_se_battle_037_explosion_element_05"},{"time":0.8333,"name":"voice","string":"cri_099_voice_fullarts_now"},{"time":1.2,"name":"Event","float":0.12,"string":"kHitStopType_enemyonly"},{"time":1.2333,"name":"Event","float":0.001,"string":"kHitStopType_self"},{"time":1.2666,"name":"Sound_1","string":"cri_se_battle_darkness_explosion"},{"time":1.2666,"name":"Sound_2","string":"cri_se_battle_030_explosion_02"},{"time":1.3333,"name":"Event","string":"setHitBackEnemy(5,0)"},{"time":1.3666,"name":"Event","string":"addOrbitSystemCamera_rock"},{"time":1.3666,"name":"View","string":"shakeGround"},{"time":1.4,"name":"Event","float":10,"string":"setBreakRate"},{"time":1.4,"name":"Hit","string":"resetHitList"},{"time":1.4,"name":"Sound_1","string":"setHitSound(se_battle_explosion_short)"},{"time":1.4666,"name":"Event","float":10,"string":"setBreakRate"},{"time":1.4666,"name":"Hit","string":"resetHitList"},{"time":1.5333,"name":"Event","float":10,"string":"setBreakRate"},{"time":1.5333,"name":"Hit","string":"resetHitList"},{"time":1.6,"name":"Event","float":10,"string":"setBreakRate"},{"time":1.6,"name":"Hit","string":"resetHitList"},{"time":1.6333,"name":"Event","float":10,"string":"setBreakRate"},{"time":1.6333,"name":"Hit","string":"resetHitList"},{"time":1.6666,"name":"View","string":"shakeGround"},{"time":1.7,"name":"Event","float":10,"string":"setBreakRate"},{"time":1.7,"name":"Hit","string":"resetHitList"},{"time":1.7333,"name":"Event","string":"setHitBackEnemy(50,50)"},{"time":1.7333,"name":"Hit","string":"resetHitList"},{"time":1.7666,"name":"Hit","string":"resetHitList"},{"time":1.8333,"name":"Hit","string":"resetHitList"},{"time":2.4666,"name":"Event","int":50,"string":"kImpactType_knock_up"},{"time":2.5,"name":"Event","string":"setHitBackEnemy(0,70)"}]}}}