{"skeleton":{"hash":"PN5EFMUPMJEKzSYMxcY1M1XvqQY","spine":"3.0.12","width":1180,"height":1180,"images":"./images3/"},"bones":[{"name":"root"},{"name":"grid","parent":"root"},{"name":"MAIN","parent":"root","y":35.73},{"name":"SHADOW-OFFSET","parent":"MAIN","x":-11.5,"scaleX":1.3,"scaleY":1.3},{"name":"HPBAR","parent":"MAIN","x":-15,"y":144.26},{"name":"HITBOX","parent":"MAIN","y":-35.73},{"name":"EF/690_S1_wave1/690_S1_wave1_00000","parent":"root","y":-15.61},{"name":"EF/140_S2_dusty1/140_S2_dusty1_00003","parent":"root"},{"name":"EF/1070_S1_power3/1070_S1_power3_00000","parent":"root"},{"name":"EF/1070_S1_power2/1070_S1_power2_00002","parent":"root"},{"name":"EF/1070_S1_power1/1070_S1_power1_00000","parent":"root"},{"name":"DAMAGEAREA","parent":"root"}],"slots":[{"name":"grid/新バトルUI","bone":"grid"},{"name":"grid/grid","bone":"grid"},{"name":"EF/1070_S1_power1/1070_S1_power1_00000","bone":"EF/1070_S1_power1/1070_S1_power1_00000","blend":"additive"},{"name":"EF/1070_S1_power2/1070_S1_power2_00002","bone":"EF/1070_S1_power2/1070_S1_power2_00002","blend":"additive"},{"name":"EF/1070_S1_power3/1070_S1_power3_00000","bone":"EF/1070_S1_power3/1070_S1_power3_00000","blend":"additive"},{"name":"EF/690_S1_wave1/690_S1_wave1_00000","bone":"EF/690_S1_wave1/690_S1_wave1_00000","blend":"additive"},{"name":"MAIN","bone":"MAIN","attachment":"idle_00"},{"name":"EF/140_S2_dusty1/140_S2_dusty1_00003","bone":"EF/140_S2_dusty1/140_S2_dusty1_00003","blend":"additive"},{"name":"DAMAGEAREA","bone":"DAMAGEAREA"},{"name":"HITBOX","bone":"HITBOX","attachment":"HITBOX"}],"skins":{"default":{"DAMAGEAREA":{"DAMAGEAREA":{"type":"boundingbox","vertices":[-98.37639,97.77866,-98.37639,-97.98293,98.62422,-99.22194,97.79823,98.60466]}},"EF/1070_S1_power1/1070_S1_power1_00000":{"EF/1070_S1_power1/1070_S1_power1_00000":{"width":200,"height":200},"EF/1070_S1_power1/1070_S1_power1_00002":{"width":200,"height":200},"EF/1070_S1_power1/1070_S1_power1_00003":{"width":200,"height":200},"EF/1070_S1_power1/1070_S1_power1_00006":{"width":200,"height":200},"EF/1070_S1_power1/1070_S1_power1_00008":{"width":200,"height":200},"EF/1070_S1_power1/1070_S1_power1_00011":{"width":200,"height":200}},"EF/1070_S1_power2/1070_S1_power2_00002":{"EF/1070_S1_power2/1070_S1_power2_00004":{"width":200,"height":200},"EF/1070_S1_power2/1070_S1_power2_00007":{"width":200,"height":200},"EF/1070_S1_power2/1070_S1_power2_00009":{"width":200,"height":200}},"EF/1070_S1_power3/1070_S1_power3_00000":{"EF/1070_S1_power3/1070_S1_power3_00000":{"width":200,"height":200}},"EF/140_S2_dusty1/140_S2_dusty1_00003":{"EF/140_S2_dusty1/140_S2_dusty1_00003":{"y":5.85,"width":200,"height":200},"EF/140_S2_dusty1/140_S2_dusty1_00004":{"y":5.85,"width":200,"height":200},"EF/140_S2_dusty1/140_S2_dusty1_00007":{"y":5.85,"width":200,"height":200},"EF/140_S2_dusty1/140_S2_dusty1_00008":{"y":5.85,"width":200,"height":200},"EF/140_S2_dusty1/140_S2_dusty1_00009":{"y":5.85,"width":200,"height":200},"EF/140_S2_dusty1/140_S2_dusty1_00013":{"y":5.85,"width":200,"height":200}},"EF/690_S1_wave1/690_S1_wave1_00000":{"EF/690_S1_wave1/690_S1_wave1_00002":{"y":15.61,"width":350,"height":350},"EF/690_S1_wave1/690_S1_wave1_00003":{"y":15.61,"width":350,"height":350},"EF/690_S1_wave1/690_S1_wave1_00005":{"y":15.61,"width":350,"height":350},"EF/690_S1_wave1/690_S1_wave1_00009":{"y":15.61,"width":350,"height":350},"EF/690_S1_wave1/690_S1_wave1_00010":{"y":15.61,"width":350,"height":350}},"HITBOX":{"HITBOX":{"type":"boundingbox","vertices":[-29.32132,73.51376,-29.03832,2.19776,25.01466,1.91477,24.73166,73.23076]}},"MAIN":{"attack1_00":{"y":62.26,"width":300,"height":300},"attack1_01":{"y":62.26,"width":300,"height":300},"attack1_02":{"y":62.26,"width":300,"height":300},"attack1_03":{"y":62.26,"width":300,"height":300},"attack1_04":{"y":62.26,"width":300,"height":300},"damage_00":{"y":62.26,"width":300,"height":300},"front_00":{"y":62.26,"width":300,"height":300},"front_01":{"y":62.26,"width":300,"height":300},"front_02":{"y":62.26,"width":300,"height":300},"idle_00":{"y":62.26,"rotation":0.34,"width":300,"height":300},"idle_01":{"y":62.26,"width":300,"height":300},"idle_02":{"y":62.26,"width":300,"height":300},"idle_03":{"y":62.26,"width":300,"height":300},"idle_04":{"y":62.26,"width":300,"height":300},"idle_05":{"y":62.26,"width":300,"height":300},"idle_06":{"y":62.24,"width":300,"height":300},"skill1_00":{"y":62.26,"width":300,"height":300},"skill1_01":{"y":62.26,"width":300,"height":300},"skill1_02":{"y":62.26,"width":300,"height":300},"skill1_03":{"y":62.26,"width":300,"height":300},"skill1_04":{"y":62.26,"width":300,"height":300},"skill1_05":{"y":62.26,"width":300,"height":300},"skill1_06":{"y":62.26,"width":300,"height":300},"skill1_07":{"y":62.26,"width":300,"height":300},"skill1_08":{"y":62.26,"width":300,"height":300},"skill1_09":{"y":62.26,"width":300,"height":300},"skill1_10":{"y":62.26,"width":300,"height":300},"skill1_11":{"y":62.26,"width":300,"height":300},"skill1_12":{"y":62.26,"width":300,"height":300}}}},"events":{"Event":{},"Event2":{},"Hit":{},"HitEffect":{},"Sound_1":{},"Sound_2":{},"Sound_3":{},"View":{},"voice":{}},"animations":{"attack1":{"slots":{"DAMAGEAREA":{"attachment":[{"time":0.4666,"name":"DAMAGEAREA"},{"time":0.5333,"name":null}]},"MAIN":{"attachment":[{"time":0,"name":"attack1_00"},{"time":0.1333,"name":"attack1_01"},{"time":0.3333,"name":"attack1_02"},{"time":0.4666,"name":"attack1_03"},{"time":0.5,"name":"attack1_04"},{"time":0.8666,"name":"attack1_02"},{"time":0.9333,"name":"attack1_01"},{"time":1,"name":"attack1_00"}]}},"bones":{"MAIN":{"rotate":[{"time":0.3333,"angle":0,"curve":[0.25,0,0.75,1]},{"time":0.4333,"angle":-16.95,"curve":[0.257,0,0.618,0.45]},{"time":0.5,"angle":1.61,"curve":[0.362,0.44,0.754,1]},{"time":0.6333,"angle":-15.66,"curve":[0.326,0.29,0.659,0.62]},{"time":0.8333,"angle":-32.46,"curve":"stepped"},{"time":0.8666,"angle":0}],"translate":[{"time":0,"x":0,"y":0,"curve":[0.242,0,0.679,0.71]},{"time":0.1333,"x":0,"y":-1.8,"curve":"stepped"},{"time":0.3333,"x":20.05,"y":-0.26,"curve":[0.162,0.61,0.669,1]},{"time":0.4333,"x":45,"y":-0.26,"curve":[0.25,0,0.789,0.2]},{"time":0.4666,"x":-39.21,"y":5.2,"curve":"stepped"},{"time":0.5,"x":-170.08,"y":71.72,"curve":[0.228,0.63,0.75,1]},{"time":0.6333,"x":-97.41,"y":115.39,"curve":[0.48,0.01,0.743,0.48]},{"time":0.8666,"x":0,"y":0}],"scale":[{"time":0,"x":1,"y":1,"curve":[0.25,0,0.75,1]},{"time":0.1333,"x":1.032,"y":0.983,"curve":"stepped"},{"time":0.4333,"x":1.156,"y":0.874,"curve":[0.25,0,0.75,1]},{"time":0.4666,"x":1.017,"y":0.816,"curve":"stepped"},{"time":0.5,"x":0.947,"y":1.05,"curve":[0.275,0,0.62,0.4]},{"time":0.6333,"x":1,"y":1}]},"DAMAGEAREA":{"translate":[{"time":0.4666,"x":-117.26,"y":60.9}],"scale":[{"time":0.4666,"x":1.178,"y":0.605}]}},"events":[{"time":0.4333,"name":"Event","float":0.1,"string":"kHitStopType_normal"},{"time":0.4666,"name":"Event","string":"kImpactType_knock"},{"time":0.4666,"name":"voice","string":"cri_100_voice_attack_random"},{"time":0.5,"name":"Sound_1","string":"setHitSound(se_battle_hard_hit)"}]},"back":{"slots":{"MAIN":{"attachment":[{"time":0,"name":"front_00"},{"time":0.1,"name":"front_01"},{"time":0.2,"name":"front_02"}]}},"bones":{"MAIN":{"translate":[{"time":0,"x":0,"y":0},{"time":0.3,"x":84.6,"y":0}],"scale":[{"time":0,"x":-1,"y":1}]}}},"cast":{"slots":{"MAIN":{"attachment":[{"time":0,"name":"attack1_00"},{"time":0.3333,"name":"attack1_01"},{"time":0.5,"name":"attack1_02"},{"time":0.5666,"name":"attack1_03"},{"time":0.9,"name":"front_01"},{"time":1,"name":"attack1_02"},{"time":1.0666,"name":"attack1_00"}]}},"bones":{"MAIN":{"rotate":[{"time":0.5666,"angle":0,"curve":[0.25,0,0.75,1]},{"time":0.6333,"angle":-13.49,"curve":"stepped"},{"time":0.9,"angle":-6.44,"curve":[0.25,0,0.75,1]},{"time":1,"angle":0}],"translate":[{"time":0,"x":0,"y":-0.51,"curve":[0,0.37,0.75,1]},{"time":0.3333,"x":0,"y":-5.1,"curve":"stepped"},{"time":0.5666,"x":0,"y":9.35,"curve":[0,0.75,0.38,0.98]},{"time":0.6333,"x":0,"y":64.26,"curve":"stepped"},{"time":0.9,"x":0,"y":54.48,"curve":[0.53,0.01,1,0.6]},{"time":1,"x":0,"y":-7.75,"curve":[0.542,0,0.988,0.57]},{"time":1.0666,"x":0,"y":-0.45}],"scale":[{"time":0,"x":1,"y":1,"curve":[0,0.37,0.75,1]},{"time":0.3333,"x":1.098,"y":0.904,"curve":"stepped"},{"time":0.5,"x":1.111,"y":0.902,"curve":[0,0.4,0.406,0.74]},{"time":0.5333,"x":0.965,"y":1.031,"curve":[0.28,0.49,0.648,0.82]},{"time":0.5666,"x":0.764,"y":1.131,"curve":[0.372,0,0.891,0.08]},{"time":0.6666,"x":1,"y":1,"curve":"stepped"},{"time":0.9,"x":0.845,"y":1.144,"curve":[0.53,0.01,1,0.6]},{"time":1,"x":1.091,"y":0.959,"curve":[0.092,0.57,0.753,0.8]},{"time":1.0666,"x":1,"y":1}]}},"events":[{"time":0.5666,"name":"voice","string":"cri_100_voice_item"}]},"damage":{"slots":{"MAIN":{"attachment":[{"time":0,"name":"damage_00"}]}}},"front":{"slots":{"MAIN":{"attachment":[{"time":0,"name":"front_00"},{"time":0.1,"name":"front_01"},{"time":0.2,"name":"front_02"}]}},"events":[{"time":0.3,"name":"Sound_2","string":"cri_se_battle_metal_rubbing"}]},"idle":{"slots":{"MAIN":{"attachment":[{"time":0,"name":"idle_00"},{"time":0.1666,"name":"idle_01"},{"time":0.3333,"name":"idle_00"},{"time":0.5,"name":"idle_01"},{"time":0.6666,"name":"idle_02"},{"time":0.8333,"name":"idle_03"},{"time":1,"name":"idle_04"},{"time":1.1666,"name":"idle_05"},{"time":1.3333,"name":"idle_04"},{"time":1.5,"name":"idle_05"},{"time":1.6666,"name":"idle_04"},{"time":1.8333,"name":"idle_06"},{"time":2,"name":"idle_00"}]}}},"skill1":{"slots":{"DAMAGEAREA":{"attachment":[{"time":1,"name":"DAMAGEAREA"},{"time":1.3333,"name":null}]},"EF/1070_S1_power1/1070_S1_power1_00000":{"attachment":[{"time":0.5333,"name":"EF/1070_S1_power1/1070_S1_power1_00000"},{"time":0.5666,"name":"EF/1070_S1_power1/1070_S1_power1_00002"},{"time":0.6,"name":"EF/1070_S1_power1/1070_S1_power1_00006"},{"time":0.6333,"name":"EF/1070_S1_power1/1070_S1_power1_00011"},{"time":0.7,"name":null}],"color":[{"time":0.5333,"color":"ffffff69","curve":[0.25,0,0.75,1]},{"time":0.6,"color":"ffffffff","curve":[0.25,0,0.75,1]},{"time":0.6666,"color":"ffffff1a"}]},"EF/1070_S1_power2/1070_S1_power2_00002":{"attachment":[{"time":0.5333,"name":"EF/1070_S1_power2/1070_S1_power2_00004"},{"time":0.6,"name":"EF/1070_S1_power2/1070_S1_power2_00009"},{"time":0.7,"name":null}],"color":[{"time":0.5333,"color":"ffffff73","curve":[0.25,0,0.75,1]},{"time":0.6,"color":"ffffffff","curve":[0.25,0,0.75,1]},{"time":0.6666,"color":"ffffff07"}]},"EF/1070_S1_power3/1070_S1_power3_00000":{"attachment":[{"time":0.5333,"name":"EF/1070_S1_power3/1070_S1_power3_00000"},{"time":0.7,"name":null}],"color":[{"time":0.5333,"color":"ffffff66","curve":[0.25,0,0.75,1]},{"time":0.6,"color":"ffffffff","curve":[0.25,0,0.75,1]},{"time":0.6666,"color":"ffffff0a"}]},"EF/140_S2_dusty1/140_S2_dusty1_00003":{"attachment":[{"time":1,"name":"EF/140_S2_dusty1/140_S2_dusty1_00003"},{"time":1.0666,"name":"EF/140_S2_dusty1/140_S2_dusty1_00004"},{"time":1.1333,"name":"EF/140_S2_dusty1/140_S2_dusty1_00007"},{"time":1.2,"name":"EF/140_S2_dusty1/140_S2_dusty1_00008"},{"time":1.2666,"name":"EF/140_S2_dusty1/140_S2_dusty1_00009"},{"time":1.3333,"name":"EF/140_S2_dusty1/140_S2_dusty1_00013"}],"color":[{"time":1.2,"color":"ffffffc4"},{"time":1.5,"color":"ffffff04"}]},"EF/690_S1_wave1/690_S1_wave1_00000":{"attachment":[{"time":1,"name":"EF/690_S1_wave1/690_S1_wave1_00002"},{"time":1.0333,"name":"EF/690_S1_wave1/690_S1_wave1_00003"},{"time":1.1,"name":"EF/690_S1_wave1/690_S1_wave1_00005"},{"time":1.1671,"name":"EF/690_S1_wave1/690_S1_wave1_00009"},{"time":1.2337,"name":"EF/690_S1_wave1/690_S1_wave1_00010"},{"time":1.3337,"name":null}],"color":[{"time":1.1671,"color":"fffffff5"},{"time":1.3337,"color":"ffffff30"}]},"MAIN":{"attachment":[{"time":0,"name":"skill1_00"},{"time":0.1333,"name":"skill1_01"},{"time":0.2333,"name":"skill1_03"},{"time":0.2666,"name":"skill1_04"},{"time":0.3,"name":"skill1_05"},{"time":0.3333,"name":"skill1_06"},{"time":0.3666,"name":"skill1_04"},{"time":0.4,"name":"skill1_05"},{"time":0.4333,"name":"skill1_06"},{"time":0.4666,"name":"skill1_04"},{"time":0.5,"name":"skill1_07"},{"time":0.5333,"name":"skill1_08"},{"time":0.9,"name":"skill1_08"},{"time":0.9666,"name":"skill1_09"},{"time":1,"name":"skill1_10"},{"time":1.0666,"name":"skill1_11"},{"time":1.1,"name":"skill1_12"}]}},"bones":{"MAIN":{"translate":[{"time":0,"x":0,"y":-3.52,"curve":"stepped"},{"time":0.2333,"x":-19.9,"y":-4.52,"curve":"stepped"},{"time":0.2666,"x":-25.45,"y":26.48,"curve":[0,0.61,0.386,0.92]},{"time":0.4666,"x":-89.2,"y":239.95,"curve":[0.313,0.8,0.648,0.95]},{"time":0.5,"x":-100,"y":280.79,"curve":[0.25,0,0.75,1]},{"time":0.5333,"x":-100,"y":264.26,"curve":"stepped"},{"time":0.9,"x":-100,"y":264.26,"curve":[0.25,0,0.75,1]},{"time":0.9333,"x":-100,"y":256.29,"curve":[0.014,0.17,0,1]},{"time":1,"x":-100,"y":-5.2,"curve":[0.03,0.38,0.282,1]},{"time":1.0333,"x":-100,"y":-15.18},{"time":1.0666,"x":-100,"y":27.35},{"time":1.1,"x":-100,"y":1.74}]},"EF/1070_S1_power2/1070_S1_power2_00002":{"rotate":[{"time":0.6333,"angle":-2.64}],"translate":[{"time":0.5333,"x":-111.72,"y":345.08}],"scale":[{"time":0.5333,"x":10,"y":10},{"time":0.5666,"x":11.903,"y":11.903,"curve":"stepped"},{"time":0.6,"x":8.308,"y":8.308,"curve":[0.25,0,0.75,1]},{"time":0.6333,"x":14.623,"y":14.623}]},"EF/1070_S1_power1/1070_S1_power1_00000":{"translate":[{"time":0.5333,"x":-111.72,"y":345.08}],"scale":[{"time":0.5333,"x":10,"y":10}]},"EF/1070_S1_power3/1070_S1_power3_00000":{"translate":[{"time":0.5333,"x":-111.72,"y":345.08}],"scale":[{"time":0.5333,"x":10,"y":10}]},"EF/690_S1_wave1/690_S1_wave1_00000":{"translate":[{"time":1,"x":-100,"y":4.32}],"scale":[{"time":1,"x":2.494,"y":2.494,"curve":[0.25,0,0.75,1]},{"time":1.0333,"x":5.321,"y":4.489,"curve":[0.25,0,0.75,1]},{"time":1.1,"x":8.981,"y":3.608,"curve":"stepped"},{"time":1.1671,"x":4.258,"y":2.495,"curve":[0.25,0,0.75,1]},{"time":1.2004,"x":7.093,"y":3.741,"curve":"stepped"},{"time":1.2337,"x":7.323,"y":3.646,"curve":[0.25,0,0.75,1]},{"time":1.3004,"x":12.355,"y":5.286}]},"EF/140_S2_dusty1/140_S2_dusty1_00003":{"translate":[{"time":1,"x":-100,"y":24.64}],"scale":[{"time":1,"x":7.466,"y":6.533}]},"DAMAGEAREA":{"translate":[{"time":1,"x":-101.46,"y":9.82}],"scale":[{"time":1,"x":4.131,"y":0.66}]},"HITBOX":{"translate":[{"time":1,"x":-26.04,"y":0}]}},"events":[{"time":0,"name":"HitEffect","string":"setHitEffect(hit04d,1,0.8,70)"},{"time":0.2333,"name":"Sound_2","string":"cri_se_battle_pop_landing"},{"time":0.5333,"name":"Sound_1","string":"cri_se_battle_arrow_light_effect"},{"time":0.5333,"name":"voice","string":"cri_100_voice_skill_b"},{"time":0.9333,"name":"Event","float":0.15,"string":"kHitStopType_enemyonly"},{"time":1,"name":"Event","string":"kImpactType_up"},{"time":1,"name":"Sound_1","string":"cri_se_battle_monster_hit"},{"time":1,"name":"Sound_2","string":"cri_se_battle_030_explosion_02"},{"time":1.0333,"name":"Event","string":"shakeGround"}]},"skill2":{"slots":{"DAMAGEAREA":{"attachment":[{"time":1.3666,"name":"DAMAGEAREA"},{"time":1.9666,"name":null}]},"EF/1070_S1_power1/1070_S1_power1_00000":{"attachment":[{"time":0.8333,"name":"EF/1070_S1_power1/1070_S1_power1_00000"},{"time":0.8666,"name":"EF/1070_S1_power1/1070_S1_power1_00002"},{"time":0.9,"name":"EF/1070_S1_power1/1070_S1_power1_00006"},{"time":0.9333,"name":"EF/1070_S1_power1/1070_S1_power1_00011"}],"color":[{"time":0.8333,"color":"ffffff70","curve":[0.25,0,0.87,0.34]},{"time":1,"color":"ffffff00"}]},"EF/1070_S1_power2/1070_S1_power2_00002":{"attachment":[{"time":0.8333,"name":"EF/1070_S1_power2/1070_S1_power2_00004"},{"time":0.9,"name":"EF/1070_S1_power2/1070_S1_power2_00007"},{"time":0.9666,"name":"EF/1070_S1_power2/1070_S1_power2_00009"}],"color":[{"time":0.8333,"color":"ffffffff","curve":[0.25,0,0.87,0.34]},{"time":1,"color":"ffffff00"}]},"EF/1070_S1_power3/1070_S1_power3_00000":{"attachment":[{"time":0.8333,"name":"EF/1070_S1_power3/1070_S1_power3_00000"}],"color":[{"time":0.8333,"color":"ffffff70","curve":[0.25,0,0.87,0.34]},{"time":1,"color":"ffffff00"}]},"EF/690_S1_wave1/690_S1_wave1_00000":{"attachment":[{"time":0.8333,"name":"EF/690_S1_wave1/690_S1_wave1_00002"},{"time":0.8666,"name":"EF/690_S1_wave1/690_S1_wave1_00003"},{"time":0.9333,"name":"EF/690_S1_wave1/690_S1_wave1_00005"},{"time":1.0004,"name":"EF/690_S1_wave1/690_S1_wave1_00009"},{"time":1.0671,"name":"EF/690_S1_wave1/690_S1_wave1_00010"},{"time":1.1671,"name":null},{"time":1.5,"name":"EF/690_S1_wave1/690_S1_wave1_00002"},{"time":1.5333,"name":"EF/690_S1_wave1/690_S1_wave1_00003"},{"time":1.6,"name":"EF/690_S1_wave1/690_S1_wave1_00005"},{"time":1.6671,"name":"EF/690_S1_wave1/690_S1_wave1_00009"},{"time":1.7337,"name":"EF/690_S1_wave1/690_S1_wave1_00010"},{"time":1.8337,"name":null},{"time":1.8666,"name":"EF/690_S1_wave1/690_S1_wave1_00009"},{"time":1.9333,"name":"EF/690_S1_wave1/690_S1_wave1_00010"},{"time":2.0333,"name":null}],"color":[{"time":1.0004,"color":"fffffff5"},{"time":1.1671,"color":"ffffff30","curve":"stepped"},{"time":1.5,"color":"ffffffff","curve":"stepped"},{"time":1.6671,"color":"fffffff5"},{"time":1.8337,"color":"ffffff30","curve":"stepped"},{"time":1.8666,"color":"fffffff5"},{"time":2.0333,"color":"ffffff30"}]},"MAIN":{"attachment":[{"time":0,"name":"skill1_00"},{"time":0.3333,"name":"skill1_01"},{"time":0.5,"name":"skill1_02"},{"time":0.8333,"name":"idle_01"}]}},"bones":{"MAIN":{"rotate":[{"time":0.8333,"angle":-10.3,"curve":"stepped"},{"time":2.3333,"angle":360}],"translate":[{"time":0.3333,"x":0,"y":0},{"time":0.5,"x":0,"y":-4.02,"curve":"stepped"},{"time":0.8333,"x":0,"y":26.82,"curve":"stepped"},{"time":2.3333,"x":0,"y":0}],"scale":[{"time":0.8333,"x":0.982,"y":1.042,"curve":[0.25,0,0.75,1]},{"time":1,"x":1,"y":1}]},"EF/690_S1_wave1/690_S1_wave1_00000":{"translate":[{"time":0.8333,"x":0,"y":14.05,"curve":"stepped"},{"time":1.5,"x":0,"y":14.05}],"scale":[{"time":0.8333,"x":2.494,"y":2.494,"curve":[0.25,0,0.75,1]},{"time":0.8666,"x":5.321,"y":4.489,"curve":[0.25,0,0.75,1]},{"time":0.9333,"x":8.981,"y":3.608,"curve":"stepped"},{"time":1.0004,"x":4.258,"y":2.495,"curve":[0.25,0,0.75,1]},{"time":1.0337,"x":7.093,"y":3.741,"curve":"stepped"},{"time":1.0671,"x":7.323,"y":3.646,"curve":[0.25,0,0.75,1]},{"time":1.1337,"x":12.355,"y":5.286,"curve":"stepped"},{"time":1.5,"x":2.494,"y":2.494,"curve":[0.25,0,0.75,1]},{"time":1.5333,"x":5.321,"y":4.489,"curve":[0.25,0,0.75,1]},{"time":1.6,"x":8.981,"y":3.608,"curve":"stepped"},{"time":1.6671,"x":4.258,"y":2.495,"curve":[0.25,0,0.75,1]},{"time":1.7004,"x":7.093,"y":3.741,"curve":"stepped"},{"time":1.7337,"x":7.323,"y":3.646,"curve":[0.25,0,0.75,1]},{"time":1.8004,"x":12.355,"y":5.286,"curve":"stepped"},{"time":1.8666,"x":4.258,"y":2.495,"curve":[0.25,0,0.75,1]},{"time":1.9,"x":7.093,"y":3.741,"curve":"stepped"},{"time":1.9333,"x":7.323,"y":3.646,"curve":[0.25,0,0.75,1]},{"time":2,"x":12.355,"y":5.286}]},"DAMAGEAREA":{"translate":[{"time":1.3666,"x":2.21,"y":166.22}],"scale":[{"time":1.3666,"x":4.099,"y":2.162}]},"EF/1070_S1_power2/1070_S1_power2_00002":{"rotate":[{"time":0.9333,"angle":-2.64}],"translate":[{"time":0.8333,"x":-0.12,"y":193.17}],"scale":[{"time":0.8333,"x":1,"y":1,"curve":[0.132,0.92,0.75,1]},{"time":0.8337,"x":10,"y":10},{"time":1,"x":14.623,"y":14.623}]},"EF/1070_S1_power1/1070_S1_power1_00000":{"translate":[{"time":0.8333,"x":-0.12,"y":193.17}],"scale":[{"time":0.8333,"x":2.813,"y":2.813,"curve":[0.132,0.92,0.75,1]},{"time":0.8337,"x":10,"y":10,"curve":"stepped"},{"time":1,"x":10,"y":10}]},"EF/1070_S1_power3/1070_S1_power3_00000":{"translate":[{"time":0.8333,"x":-0.12,"y":193.17}],"scale":[{"time":0.8333,"x":3.161,"y":3.161},{"time":0.8337,"x":10,"y":10}]}},"drawOrder":[{"time":0.8333,"offsets":[{"slot":"EF/1070_S1_power1/1070_S1_power1_00000","offset":2},{"slot":"EF/1070_S1_power2/1070_S1_power2_00002","offset":0},{"slot":"EF/140_S2_dusty1/140_S2_dusty1_00003","offset":-2}]},{"time":1.5,"offsets":[{"slot":"EF/1070_S1_power1/1070_S1_power1_00000","offset":2},{"slot":"EF/1070_S1_power2/1070_S1_power2_00002","offset":0},{"slot":"EF/140_S2_dusty1/140_S2_dusty1_00003","offset":-2}]},{"time":1.8666,"offsets":[{"slot":"EF/1070_S1_power1/1070_S1_power1_00000","offset":2},{"slot":"EF/1070_S1_power2/1070_S1_power2_00002","offset":0},{"slot":"EF/140_S2_dusty1/140_S2_dusty1_00003","offset":-2}]},{"time":2.0666,"offsets":[{"slot":"EF/1070_S1_power1/1070_S1_power1_00000","offset":2},{"slot":"EF/1070_S1_power2/1070_S1_power2_00002","offset":0},{"slot":"EF/140_S2_dusty1/140_S2_dusty1_00003","offset":-2}]}],"events":[{"time":0,"name":"HitEffect","string":"setHitEffect(hit02d,1,0.8,75)"},{"time":0.8333,"name":"Sound_1","string":"cri_se_battle_037_explosion_element_05"},{"time":0.8666,"name":"voice","string":"cri_100_voice_fullarts_now"},{"time":1.2,"name":"Event","float":0.12,"string":"kHitStopType_enemyonly"},{"time":1.2666,"name":"Event","string":"addOrbitSystemCamera_wind"},{"time":1.2666,"name":"Sound_1","string":"cri_se_battle_036_explosion_element_04"},{"time":1.2666,"name":"Sound_2","string":"cri_se_battle_033_explosion_element_01"},{"time":1.3,"name":"Event","string":"setHitBackEnemy(5,0)"},{"time":1.3666,"name":"Event","string":"addOrbitSystemCamera_rock"},{"time":1.3666,"name":"Sound_1","string":"setHitSound(se_battle_explosion_short)"},{"time":1.3666,"name":"View","string":"shakeGround"},{"time":1.4,"name":"Event","int":100,"string":"setBreakRate"},{"time":1.4,"name":"Hit","string":"resetHitList"},{"time":1.4333,"name":"Event","int":100,"string":"setBreakRate"},{"time":1.4333,"name":"Hit","string":"resetHitList"},{"time":1.4666,"name":"Event","int":100,"string":"setBreakRate"},{"time":1.4666,"name":"Hit","string":"resetHitList"},{"time":1.5,"name":"Event","int":100,"string":"setBreakRate"},{"time":1.5,"name":"Hit","string":"resetHitList"},{"time":1.5333,"name":"Event","int":100,"string":"setBreakRate"},{"time":1.5333,"name":"Hit","string":"resetHitList"},{"time":1.5666,"name":"Event","int":100,"string":"setBreakRate"},{"time":1.5666,"name":"Hit","string":"resetHitList"},{"time":1.6,"name":"Event","int":100,"string":"setBreakRate"},{"time":1.6,"name":"Hit","string":"resetHitList"},{"time":1.6333,"name":"Event","int":100,"string":"setBreakRate"},{"time":1.6333,"name":"Hit","string":"resetHitList"},{"time":1.6666,"name":"Event","int":100,"string":"setBreakRate"},{"time":1.6666,"name":"Hit","string":"resetHitList"},{"time":1.6666,"name":"View","string":"shakeGround"},{"time":1.7,"name":"Event","int":100,"string":"setBreakRate"},{"time":1.7,"name":"Hit","string":"resetHitList"},{"time":1.7333,"name":"Event","string":"setHitBackEnemy(40,40)"},{"time":1.7666,"name":"Event","int":100,"string":"setBreakRate"},{"time":1.7666,"name":"Hit","string":"resetHitList"},{"time":1.8,"name":"Event","int":100,"string":"setBreakRate"},{"time":1.8,"name":"Hit","string":"resetHitList"},{"time":1.8333,"name":"Event","int":100,"string":"setBreakRate"},{"time":1.8333,"name":"Hit","string":"resetHitList"},{"time":1.8666,"name":"Event","int":100,"string":"setBreakRate"},{"time":1.8666,"name":"Hit","string":"resetHitList"},{"time":1.9,"name":"Event","string":"setHitBackEnemy(90,90)"},{"time":1.9333,"name":"Event","int":100,"string":"setBreakRate"},{"time":1.9333,"name":"Hit","string":"resetHitList"}]}}}