{"skeleton":{"hash":"DZypEF+tjtWgaZ0HeFXvzppKIuY","spine":"3.0.12","width":0,"height":0},"bones":[{"name":"root"},{"name":"MAIN","parent":"root","y":60},{"name":"HITBOX","parent":"MAIN","x":1.48,"y":2.83,"scaleX":0.509,"scaleY":0.94},{"name":"EF","parent":"root"},{"name":"ef_wind_fade_main2","parent":"EF"},{"name":"ef_wind_fade_main","parent":"EF"},{"name":"ef_wind_circle_main2","parent":"EF"},{"name":"ef_wind_circle_main","parent":"EF"},{"name":"ef_ob_rotat_main2","parent":"EF"},{"name":"ef_ob_rotat_green_main","parent":"EF"},{"name":"ef_ob_rotat_blue_main","parent":"EF"},{"name":"ef_ob_green_render","parent":"EF"},{"name":"ef_ob_blue_render","parent":"EF"},{"name":"S2_wave2","parent":"EF"},{"name":"S2_wave1","parent":"EF"},{"name":"S1_power2","parent":"EF"},{"name":"S1_beam3","parent":"EF"},{"name":"DAMAGEAREA","parent":"root"}],"slots":[{"name":"EF/ef_wind_fade_main/ef_wind_fade_main_00001","bone":"ef_wind_fade_main","blend":"additive"},{"name":"EF/ef_wind_fade_main/ef_wind_fade_main_1","bone":"ef_wind_fade_main2","blend":"additive"},{"name":"MAIN","bone":"MAIN","attachment":"idle_00"},{"name":"EF/ef_ob_rotat_blue_main/ef_ob_rotat_blue_main_00001","bone":"ef_ob_rotat_blue_main","blend":"additive"},{"name":"EF/ef_ob_rotat_green_main/ef_ob_rotat_green_main_00001","bone":"ef_ob_rotat_green_main","blend":"additive"},{"name":"EF/ef_ob_rotat_main2/ef_ob_rotat_main2_00001","bone":"ef_ob_rotat_main2","blend":"additive"},{"name":"EF/ef_ob_blue_render/ef_ob_blue_render_00001","bone":"ef_ob_blue_render","blend":"additive"},{"name":"EF/ef_ob_green_render/ef_ob_green_render_00001","bone":"ef_ob_green_render","blend":"additive"},{"name":"EF/ef2/drive-download-20161110T100255Z/1010_S1_power2_00003","bone":"S1_power2","blend":"additive"},{"name":"EF/ef2/460_S2_wave1/460_S2_wave1_00000","bone":"S2_wave1","blend":"additive"},{"name":"EF/ef2/460_S2_wave1/460_S2_wave1_0","bone":"S2_wave2","color":"0fff00ff","blend":"additive"},{"name":"EF/ef2/460_S1_beam3/460_S1_beam3_00000","bone":"S1_beam3","blend":"additive"},{"name":"EF/ef2/drive-download-20170117T061506Z/ef_wind_circle_main/ef_wind_circle_main_00001","bone":"ef_wind_circle_main","blend":"additive"},{"name":"EF/ef2/drive-download-20170117T061506Z/ef_wind_circle_main/ef_wind_circle_main_1","bone":"ef_wind_circle_main2","blend":"additive"},{"name":"DAMAGEAREA","bone":"DAMAGEAREA"},{"name":"HITBOX","bone":"HITBOX","attachment":"HITBOX"}],"skins":{"default":{"DAMAGEAREA":{"DAMAGEAREA":{"type":"boundingbox","vertices":[-64.31651,-64.83898,63.27049,-64.23999,63.27049,63.946,-64.31651,65.14401]}},"EF/ef2/460_S1_beam3/460_S1_beam3_00000":{"EF/ef2/460_S1_beam3/460_S1_beam3_00000":{"width":200,"height":200},"EF/ef2/460_S1_beam3/460_S1_beam3_00001":{"width":200,"height":200},"EF/ef2/460_S1_beam3/460_S1_beam3_00002":{"width":200,"height":200},"EF/ef2/460_S1_beam3/460_S1_beam3_00003":{"width":200,"height":200},"EF/ef2/460_S1_beam3/460_S1_beam3_00004":{"width":200,"height":200},"EF/ef2/460_S1_beam3/460_S1_beam3_00005":{"width":200,"height":200},"EF/ef2/460_S1_beam3/460_S1_beam3_00006":{"width":200,"height":200}},"EF/ef2/460_S2_wave1/460_S2_wave1_0":{"EF/ef2/460_S2_wave1/460_S2_wave1_00000":{"width":200,"height":200},"EF/ef2/460_S2_wave1/460_S2_wave1_00001":{"width":200,"height":200},"EF/ef2/460_S2_wave1/460_S2_wave1_00002":{"width":200,"height":200},"EF/ef2/460_S2_wave1/460_S2_wave1_00003":{"width":200,"height":200},"EF/ef2/460_S2_wave1/460_S2_wave1_00004":{"width":200,"height":200},"EF/ef2/460_S2_wave1/460_S2_wave1_00005":{"width":200,"height":200},"EF/ef2/460_S2_wave1/460_S2_wave1_00006":{"width":200,"height":200},"EF/ef2/460_S2_wave1/460_S2_wave1_00007":{"width":200,"height":200},"EF/ef2/460_S2_wave1/460_S2_wave1_00008":{"width":200,"height":200},"EF/ef2/460_S2_wave1/460_S2_wave1_00009":{"width":200,"height":200}},"EF/ef2/460_S2_wave1/460_S2_wave1_00000":{"EF/ef2/460_S2_wave1/460_S2_wave1_00000":{"width":200,"height":200},"EF/ef2/460_S2_wave1/460_S2_wave1_00001":{"width":200,"height":200},"EF/ef2/460_S2_wave1/460_S2_wave1_00002":{"width":200,"height":200},"EF/ef2/460_S2_wave1/460_S2_wave1_00003":{"width":200,"height":200},"EF/ef2/460_S2_wave1/460_S2_wave1_00004":{"width":200,"height":200},"EF/ef2/460_S2_wave1/460_S2_wave1_00005":{"width":200,"height":200},"EF/ef2/460_S2_wave1/460_S2_wave1_00006":{"width":200,"height":200},"EF/ef2/460_S2_wave1/460_S2_wave1_00007":{"width":200,"height":200},"EF/ef2/460_S2_wave1/460_S2_wave1_00008":{"width":200,"height":200},"EF/ef2/460_S2_wave1/460_S2_wave1_00009":{"width":200,"height":200}},"EF/ef2/drive-download-20161110T100255Z/1010_S1_power2_00003":{"EF/ef2/drive-download-20161110T100255Z/1010_S1_power2_00003":{"width":150,"height":150},"EF/ef2/drive-download-20161110T100255Z/1010_S1_power2_00004":{"width":150,"height":150},"EF/ef2/drive-download-20161110T100255Z/1010_S1_power2_00005":{"width":150,"height":150},"EF/ef2/drive-download-20161110T100255Z/1010_S1_power2_00006":{"width":150,"height":150},"EF/ef2/drive-download-20161110T100255Z/1010_S1_power2_00007":{"width":150,"height":150},"EF/ef2/drive-download-20161110T100255Z/1010_S1_power2_00008":{"width":150,"height":150},"EF/ef2/drive-download-20161110T100255Z/1010_S1_power2_00009":{"width":150,"height":150},"EF/ef2/drive-download-20161110T100255Z/1010_S1_power2_00010":{"width":150,"height":150}},"EF/ef2/drive-download-20170117T061506Z/ef_wind_circle_main/ef_wind_circle_main_00001":{"EF/ef2/drive-download-20170117T061506Z/ef_wind_circle_main/ef_wind_circle_main_00001":{"width":160,"height":88},"EF/ef2/drive-download-20170117T061506Z/ef_wind_circle_main/ef_wind_circle_main_00002":{"width":160,"height":88},"EF/ef2/drive-download-20170117T061506Z/ef_wind_circle_main/ef_wind_circle_main_00003":{"width":160,"height":88},"EF/ef2/drive-download-20170117T061506Z/ef_wind_circle_main/ef_wind_circle_main_00004":{"width":160,"height":88},"EF/ef2/drive-download-20170117T061506Z/ef_wind_circle_main/ef_wind_circle_main_00005":{"width":160,"height":88},"EF/ef2/drive-download-20170117T061506Z/ef_wind_circle_main/ef_wind_circle_main_00006":{"width":160,"height":88},"EF/ef2/drive-download-20170117T061506Z/ef_wind_circle_main/ef_wind_circle_main_00007":{"width":160,"height":88},"EF/ef2/drive-download-20170117T061506Z/ef_wind_circle_main/ef_wind_circle_main_00008":{"width":160,"height":88},"EF/ef2/drive-download-20170117T061506Z/ef_wind_circle_main/ef_wind_circle_main_00009":{"width":160,"height":88},"EF/ef2/drive-download-20170117T061506Z/ef_wind_circle_main/ef_wind_circle_main_00010":{"width":160,"height":88}},"EF/ef2/drive-download-20170117T061506Z/ef_wind_circle_main/ef_wind_circle_main_1":{"EF/ef2/drive-download-20170117T061506Z/ef_wind_circle_main/ef_wind_circle_main_00001":{"width":160,"height":88},"EF/ef2/drive-download-20170117T061506Z/ef_wind_circle_main/ef_wind_circle_main_00002":{"width":160,"height":88},"EF/ef2/drive-download-20170117T061506Z/ef_wind_circle_main/ef_wind_circle_main_00003":{"width":160,"height":88},"EF/ef2/drive-download-20170117T061506Z/ef_wind_circle_main/ef_wind_circle_main_00004":{"width":160,"height":88},"EF/ef2/drive-download-20170117T061506Z/ef_wind_circle_main/ef_wind_circle_main_00005":{"width":160,"height":88},"EF/ef2/drive-download-20170117T061506Z/ef_wind_circle_main/ef_wind_circle_main_00006":{"width":160,"height":88},"EF/ef2/drive-download-20170117T061506Z/ef_wind_circle_main/ef_wind_circle_main_00007":{"width":160,"height":88},"EF/ef2/drive-download-20170117T061506Z/ef_wind_circle_main/ef_wind_circle_main_00008":{"width":160,"height":88},"EF/ef2/drive-download-20170117T061506Z/ef_wind_circle_main/ef_wind_circle_main_00009":{"width":160,"height":88},"EF/ef2/drive-download-20170117T061506Z/ef_wind_circle_main/ef_wind_circle_main_00010":{"width":160,"height":88}},"EF/ef_ob_blue_render/ef_ob_blue_render_00001":{"EF/ef_ob_blue_render/ef_ob_blue_render_00001":{"width":140,"height":140},"EF/ef_ob_blue_render/ef_ob_blue_render_00002":{"width":140,"height":140},"EF/ef_ob_blue_render/ef_ob_blue_render_00003":{"width":140,"height":140},"EF/ef_ob_blue_render/ef_ob_blue_render_00004":{"width":140,"height":140},"EF/ef_ob_blue_render/ef_ob_blue_render_00005":{"width":140,"height":140},"EF/ef_ob_blue_render/ef_ob_blue_render_00006":{"width":140,"height":140},"EF/ef_ob_blue_render/ef_ob_blue_render_00007":{"width":140,"height":140},"EF/ef_ob_blue_render/ef_ob_blue_render_00008":{"width":140,"height":140},"EF/ef_ob_blue_render/ef_ob_blue_render_00009":{"width":140,"height":140},"EF/ef_ob_blue_render/ef_ob_blue_render_00010":{"width":140,"height":140}},"EF/ef_ob_green_render/ef_ob_green_render_00001":{"EF/ef_ob_green_render/ef_ob_green_render_00001":{"width":140,"height":140},"EF/ef_ob_green_render/ef_ob_green_render_00002":{"width":140,"height":140},"EF/ef_ob_green_render/ef_ob_green_render_00003":{"width":140,"height":140},"EF/ef_ob_green_render/ef_ob_green_render_00004":{"width":140,"height":140},"EF/ef_ob_green_render/ef_ob_green_render_00005":{"width":140,"height":140},"EF/ef_ob_green_render/ef_ob_green_render_00006":{"width":140,"height":140},"EF/ef_ob_green_render/ef_ob_green_render_00007":{"width":140,"height":140},"EF/ef_ob_green_render/ef_ob_green_render_00008":{"width":140,"height":140},"EF/ef_ob_green_render/ef_ob_green_render_00009":{"width":140,"height":140},"EF/ef_ob_green_render/ef_ob_green_render_00010":{"width":140,"height":140}},"EF/ef_ob_rotat_blue_main/ef_ob_rotat_blue_main_00001":{"EF/ef_ob_rotat_blue_main/ef_ob_rotat_blue_main_00001":{"width":200,"height":200},"EF/ef_ob_rotat_blue_main/ef_ob_rotat_blue_main_00003":{"width":200,"height":200},"EF/ef_ob_rotat_blue_main/ef_ob_rotat_blue_main_00005":{"width":200,"height":200},"EF/ef_ob_rotat_blue_main/ef_ob_rotat_blue_main_00007":{"width":200,"height":200},"EF/ef_ob_rotat_blue_main/ef_ob_rotat_blue_main_00009":{"width":200,"height":200},"EF/ef_ob_rotat_blue_main/ef_ob_rotat_blue_main_00011":{"width":200,"height":200},"EF/ef_ob_rotat_blue_main/ef_ob_rotat_blue_main_00013":{"width":200,"height":200},"EF/ef_ob_rotat_blue_main/ef_ob_rotat_blue_main_00015":{"width":200,"height":200},"EF/ef_ob_rotat_blue_main/ef_ob_rotat_blue_main_00017":{"width":200,"height":200},"EF/ef_ob_rotat_blue_main/ef_ob_rotat_blue_main_00019":{"width":200,"height":200},"EF/ef_ob_rotat_blue_main/ef_ob_rotat_blue_main_00021":{"width":200,"height":200},"EF/ef_ob_rotat_blue_main/ef_ob_rotat_blue_main_00023":{"width":200,"height":200},"EF/ef_ob_rotat_blue_main/ef_ob_rotat_blue_main_00025":{"width":200,"height":200},"EF/ef_ob_rotat_blue_main/ef_ob_rotat_blue_main_00027":{"width":200,"height":200},"EF/ef_ob_rotat_blue_main/ef_ob_rotat_blue_main_00029":{"width":200,"height":200}},"EF/ef_ob_rotat_green_main/ef_ob_rotat_green_main_00001":{"EF/ef_ob_rotat_green_main/ef_ob_rotat_green_main_00001":{"width":200,"height":200},"EF/ef_ob_rotat_green_main/ef_ob_rotat_green_main_00003":{"width":200,"height":200},"EF/ef_ob_rotat_green_main/ef_ob_rotat_green_main_00005":{"width":200,"height":200},"EF/ef_ob_rotat_green_main/ef_ob_rotat_green_main_00007":{"width":200,"height":200},"EF/ef_ob_rotat_green_main/ef_ob_rotat_green_main_00009":{"width":200,"height":200},"EF/ef_ob_rotat_green_main/ef_ob_rotat_green_main_00011":{"width":200,"height":200},"EF/ef_ob_rotat_green_main/ef_ob_rotat_green_main_00013":{"width":200,"height":200},"EF/ef_ob_rotat_green_main/ef_ob_rotat_green_main_00015":{"width":200,"height":200},"EF/ef_ob_rotat_green_main/ef_ob_rotat_green_main_00017":{"width":200,"height":200},"EF/ef_ob_rotat_green_main/ef_ob_rotat_green_main_00019":{"width":200,"height":200},"EF/ef_ob_rotat_green_main/ef_ob_rotat_green_main_00021":{"width":200,"height":200},"EF/ef_ob_rotat_green_main/ef_ob_rotat_green_main_00023":{"width":200,"height":200},"EF/ef_ob_rotat_green_main/ef_ob_rotat_green_main_00025":{"width":200,"height":200},"EF/ef_ob_rotat_green_main/ef_ob_rotat_green_main_00027":{"width":200,"height":200},"EF/ef_ob_rotat_green_main/ef_ob_rotat_green_main_00029":{"width":200,"height":200}},"EF/ef_ob_rotat_main2/ef_ob_rotat_main2_00001":{"EF/ef_ob_rotat_main2/ef_ob_rotat_main 2_00001":{"width":260,"height":260},"EF/ef_ob_rotat_main2/ef_ob_rotat_main 2_00002":{"width":260,"height":260},"EF/ef_ob_rotat_main2/ef_ob_rotat_main 2_00003":{"width":260,"height":260},"EF/ef_ob_rotat_main2/ef_ob_rotat_main 2_00004":{"width":260,"height":260},"EF/ef_ob_rotat_main2/ef_ob_rotat_main 2_00005":{"width":260,"height":260},"EF/ef_ob_rotat_main2/ef_ob_rotat_main 2_00011":{"width":260,"height":260},"EF/ef_ob_rotat_main2/ef_ob_rotat_main 2_00012":{"width":260,"height":260},"EF/ef_ob_rotat_main2/ef_ob_rotat_main 2_00013":{"width":260,"height":260},"EF/ef_ob_rotat_main2/ef_ob_rotat_main 2_00014":{"width":260,"height":260},"EF/ef_ob_rotat_main2/ef_ob_rotat_main 2_00015":{"width":260,"height":260},"EF/ef_ob_rotat_main2/ef_ob_rotat_main 2_00021":{"width":260,"height":260},"EF/ef_ob_rotat_main2/ef_ob_rotat_main 2_00022":{"width":260,"height":260},"EF/ef_ob_rotat_main2/ef_ob_rotat_main 2_00023":{"width":260,"height":260},"EF/ef_ob_rotat_main2/ef_ob_rotat_main 2_00024":{"width":260,"height":260},"EF/ef_ob_rotat_main2/ef_ob_rotat_main 2_00025":{"width":260,"height":260},"EF/ef_ob_rotat_main2/ef_ob_rotat_main 2_00026":{"width":260,"height":260},"EF/ef_ob_rotat_main2/ef_ob_rotat_main 2_00027":{"width":260,"height":260},"EF/ef_ob_rotat_main2/ef_ob_rotat_main 2_00028":{"width":260,"height":260},"EF/ef_ob_rotat_main2/ef_ob_rotat_main 2_00029":{"width":260,"height":260},"EF/ef_ob_rotat_main2/ef_ob_rotat_main 2_00030":{"width":260,"height":260}},"EF/ef_wind_fade_main/ef_wind_fade_main_00001":{"EF/ef_wind_fade_main/ef_wind_fade_main_00001":{"width":640,"height":568},"EF/ef_wind_fade_main/ef_wind_fade_main_00002":{"width":640,"height":568},"EF/ef_wind_fade_main/ef_wind_fade_main_00003":{"width":640,"height":568},"EF/ef_wind_fade_main/ef_wind_fade_main_00004":{"width":640,"height":568},"EF/ef_wind_fade_main/ef_wind_fade_main_00005":{"width":640,"height":568},"EF/ef_wind_fade_main/ef_wind_fade_main_00006":{"width":640,"height":568},"EF/ef_wind_fade_main/ef_wind_fade_main_00007":{"width":640,"height":568},"EF/ef_wind_fade_main/ef_wind_fade_main_00008":{"width":640,"height":568}},"EF/ef_wind_fade_main/ef_wind_fade_main_1":{"EF/ef_wind_fade_main/ef_wind_fade_main_00001":{"width":640,"height":568},"EF/ef_wind_fade_main/ef_wind_fade_main_00002":{"width":640,"height":568},"EF/ef_wind_fade_main/ef_wind_fade_main_00003":{"width":640,"height":568},"EF/ef_wind_fade_main/ef_wind_fade_main_00004":{"width":640,"height":568},"EF/ef_wind_fade_main/ef_wind_fade_main_00005":{"width":640,"height":568},"EF/ef_wind_fade_main/ef_wind_fade_main_00006":{"width":640,"height":568},"EF/ef_wind_fade_main/ef_wind_fade_main_00007":{"width":640,"height":568},"EF/ef_wind_fade_main/ef_wind_fade_main_00008":{"width":640,"height":568}},"HITBOX":{"HITBOX":{"type":"boundingbox","vertices":[-62.51951,-66.63598,62.67146,-64.23999,62.67146,63.946,-62.51951,63.347]}},"MAIN":{"attack_00":{"x":10.91,"y":11.32,"scaleX":2,"scaleY":2,"width":256,"height":256},"attack_01":{"x":10.91,"y":10.87,"scaleX":2,"scaleY":2,"width":256,"height":256},"attack_02":{"x":10.91,"y":11.77,"scaleX":2,"scaleY":2,"width":256,"height":256},"attack_03":{"x":10.91,"y":10.87,"scaleX":2,"scaleY":2,"width":256,"height":256},"attack_04":{"x":10.91,"y":11.77,"scaleX":2,"scaleY":2,"width":256,"height":256},"attack_05":{"x":10.91,"y":11.77,"scaleX":2,"scaleY":2,"width":256,"height":256},"attack_06":{"x":10.91,"y":11.77,"scaleX":2,"scaleY":2,"width":256,"height":256},"attack_07":{"x":10.91,"y":11.32,"scaleX":2,"scaleY":2,"width":256,"height":256},"back_00":{"x":10.91,"scaleX":2,"scaleY":2,"width":256,"height":256},"damage_00":{"x":10.91,"scaleX":2,"scaleY":2,"width":256,"height":256},"front_00":{"x":10.91,"scaleX":2,"scaleY":2,"width":256,"height":256},"idle_00":{"x":10.91,"scaleX":2,"scaleY":2,"width":256,"height":256},"idle_01":{"x":10.91,"scaleX":2,"scaleY":2,"width":256,"height":256},"idle_02":{"x":10.91,"scaleX":2,"scaleY":2,"width":256,"height":256},"idle_03":{"x":10.91,"scaleX":2,"scaleY":2,"width":256,"height":256},"idle_04":{"x":10.91,"scaleX":2,"scaleY":2,"width":256,"height":256},"skill1_00":{"x":-2.72,"y":0.87,"scaleX":2,"scaleY":2,"width":256,"height":256},"skill1_01":{"x":-2.72,"y":0.87,"scaleX":2,"scaleY":2,"width":256,"height":256},"skill1_02":{"x":-2.72,"y":0.87,"scaleX":2,"scaleY":2,"width":256,"height":256},"skill1_03":{"x":-2.72,"y":0.87,"scaleX":2,"scaleY":2,"width":256,"height":256},"skill1_04":{"x":-2.72,"y":0.87,"scaleX":2,"scaleY":2,"width":256,"height":256},"skill1_05":{"x":-2.72,"y":0.87,"scaleX":2,"scaleY":2,"width":256,"height":256},"skill1_06":{"x":-2.72,"y":0.87,"scaleX":2,"scaleY":2,"width":256,"height":256},"skill2_00":{"x":10.91,"scaleX":2,"scaleY":2,"width":256,"height":256},"skill2_01":{"x":10.91,"scaleX":2,"scaleY":2,"width":256,"height":256},"skill2_02":{"x":10.91,"scaleX":2,"scaleY":2,"width":256,"height":256},"skill2_03":{"x":10.91,"scaleX":2,"scaleY":2,"width":256,"height":256},"skill2_04":{"x":10.91,"scaleX":2,"scaleY":2,"width":256,"height":256},"skill2_05":{"x":10.91,"scaleX":2,"scaleY":2,"width":256,"height":256},"skill2_06":{"x":10.91,"scaleX":2,"scaleY":2,"width":256,"height":256},"skill2_07":{"x":10.91,"scaleX":2,"scaleY":2,"width":256,"height":256}}}},"events":{"Event":{},"Hit":{},"Sound1":{},"Sound2":{},"Sound3":{},"Voice":{}},"animations":{"attack1":{"slots":{"EF/ef2/460_S1_beam3/460_S1_beam3_00000":{"attachment":[{"time":1.3333,"name":"EF/ef2/460_S1_beam3/460_S1_beam3_00000"},{"time":1.3666,"name":"EF/ef2/460_S1_beam3/460_S1_beam3_00001"},{"time":1.4,"name":"EF/ef2/460_S1_beam3/460_S1_beam3_00002"},{"time":1.4333,"name":"EF/ef2/460_S1_beam3/460_S1_beam3_00003"},{"time":1.4666,"name":"EF/ef2/460_S1_beam3/460_S1_beam3_00004"},{"time":1.5,"name":"EF/ef2/460_S1_beam3/460_S1_beam3_00005"},{"time":1.5333,"name":"EF/ef2/460_S1_beam3/460_S1_beam3_00006"},{"time":1.5666,"name":null}]},"EF/ef2/460_S2_wave1/460_S2_wave1_00000":{"attachment":[{"time":0,"name":null},{"time":0.9666,"name":"EF/ef2/460_S2_wave1/460_S2_wave1_00000"},{"time":1,"name":"EF/ef2/460_S2_wave1/460_S2_wave1_00001"},{"time":1.0333,"name":"EF/ef2/460_S2_wave1/460_S2_wave1_00002"},{"time":1.0666,"name":"EF/ef2/460_S2_wave1/460_S2_wave1_00004"},{"time":1.1,"name":"EF/ef2/460_S2_wave1/460_S2_wave1_00005"},{"time":1.1333,"name":"EF/ef2/460_S2_wave1/460_S2_wave1_00006"},{"time":1.1666,"name":"EF/ef2/460_S2_wave1/460_S2_wave1_00007"},{"time":1.2,"name":"EF/ef2/460_S2_wave1/460_S2_wave1_00008"},{"time":1.2333,"name":"EF/ef2/460_S2_wave1/460_S2_wave1_00009"},{"time":1.2666,"name":null}],"color":[{"time":1.1,"color":"ffffffff"},{"time":1.2333,"color":"ffffff00"}]},"EF/ef2/drive-download-20161110T100255Z/1010_S1_power2_00003":{"attachment":[{"time":0.5,"name":"EF/ef2/drive-download-20161110T100255Z/1010_S1_power2_00003"},{"time":0.5333,"name":"EF/ef2/drive-download-20161110T100255Z/1010_S1_power2_00004"},{"time":0.5666,"name":"EF/ef2/drive-download-20161110T100255Z/1010_S1_power2_00005"},{"time":0.6,"name":"EF/ef2/drive-download-20161110T100255Z/1010_S1_power2_00006"},{"time":0.6333,"name":"EF/ef2/drive-download-20161110T100255Z/1010_S1_power2_00007"},{"time":0.6666,"name":"EF/ef2/drive-download-20161110T100255Z/1010_S1_power2_00008"},{"time":0.7,"name":"EF/ef2/drive-download-20161110T100255Z/1010_S1_power2_00009"},{"time":0.7333,"name":"EF/ef2/drive-download-20161110T100255Z/1010_S1_power2_00010"},{"time":0.7666,"name":null}],"color":[{"time":0.5,"color":"ffffff00"},{"time":0.5666,"color":"ffffffff","curve":"stepped"},{"time":0.6666,"color":"ffffffff"},{"time":0.7666,"color":"ffffff00"}]},"EF/ef_ob_blue_render/ef_ob_blue_render_00001":{"attachment":[{"time":1.0333,"name":"EF/ef_ob_blue_render/ef_ob_blue_render_00001"},{"time":1.0666,"name":"EF/ef_ob_blue_render/ef_ob_blue_render_00002"},{"time":1.1,"name":"EF/ef_ob_blue_render/ef_ob_blue_render_00003"},{"time":1.1333,"name":"EF/ef_ob_blue_render/ef_ob_blue_render_00004"},{"time":1.1666,"name":"EF/ef_ob_blue_render/ef_ob_blue_render_00005"},{"time":1.2,"name":"EF/ef_ob_blue_render/ef_ob_blue_render_00006"},{"time":1.2333,"name":"EF/ef_ob_blue_render/ef_ob_blue_render_00007"},{"time":1.2666,"name":"EF/ef_ob_blue_render/ef_ob_blue_render_00008"},{"time":1.3,"name":"EF/ef_ob_blue_render/ef_ob_blue_render_00009"},{"time":1.3333,"name":"EF/ef_ob_blue_render/ef_ob_blue_render_00001"},{"time":1.3666,"name":"EF/ef_ob_blue_render/ef_ob_blue_render_00002"},{"time":1.4,"name":"EF/ef_ob_blue_render/ef_ob_blue_render_00003"},{"time":1.4333,"name":"EF/ef_ob_blue_render/ef_ob_blue_render_00004"},{"time":1.4666,"name":"EF/ef_ob_blue_render/ef_ob_blue_render_00005"},{"time":1.5,"name":"EF/ef_ob_blue_render/ef_ob_blue_render_00006"},{"time":1.5333,"name":"EF/ef_ob_blue_render/ef_ob_blue_render_00007"},{"time":1.5666,"name":"EF/ef_ob_blue_render/ef_ob_blue_render_00008"},{"time":1.6,"name":"EF/ef_ob_blue_render/ef_ob_blue_render_00009"},{"time":1.6333,"name":"EF/ef_ob_blue_render/ef_ob_blue_render_00010"},{"time":1.6666,"name":"EF/ef_ob_blue_render/ef_ob_blue_render_00001"},{"time":1.7,"name":"EF/ef_ob_blue_render/ef_ob_blue_render_00002"},{"time":1.7333,"name":"EF/ef_ob_blue_render/ef_ob_blue_render_00003"},{"time":1.7666,"name":"EF/ef_ob_blue_render/ef_ob_blue_render_00004"},{"time":1.8,"name":"EF/ef_ob_blue_render/ef_ob_blue_render_00005"},{"time":1.8333,"name":"EF/ef_ob_blue_render/ef_ob_blue_render_00006"},{"time":1.8666,"name":"EF/ef_ob_blue_render/ef_ob_blue_render_00007"},{"time":1.9,"name":"EF/ef_ob_blue_render/ef_ob_blue_render_00008"},{"time":1.9333,"name":"EF/ef_ob_blue_render/ef_ob_blue_render_00009"},{"time":1.9666,"name":"EF/ef_ob_blue_render/ef_ob_blue_render_00010"}],"color":[{"time":1.8666,"color":"ffffffff"},{"time":1.9333,"color":"ffffff00"}]},"EF/ef_ob_green_render/ef_ob_green_render_00001":{"attachment":[{"time":0.5333,"name":"EF/ef_ob_green_render/ef_ob_green_render_00001"},{"time":0.5666,"name":"EF/ef_ob_green_render/ef_ob_green_render_00002"},{"time":0.6,"name":"EF/ef_ob_green_render/ef_ob_green_render_00003"},{"time":0.6333,"name":"EF/ef_ob_green_render/ef_ob_green_render_00004"},{"time":0.6666,"name":"EF/ef_ob_green_render/ef_ob_green_render_00005"},{"time":0.7,"name":"EF/ef_ob_green_render/ef_ob_green_render_00006"},{"time":0.7333,"name":"EF/ef_ob_green_render/ef_ob_green_render_00007"},{"time":0.7666,"name":"EF/ef_ob_green_render/ef_ob_green_render_00008"},{"time":0.8,"name":"EF/ef_ob_green_render/ef_ob_green_render_00009"},{"time":0.8333,"name":"EF/ef_ob_green_render/ef_ob_green_render_00010"},{"time":0.8666,"name":null}],"color":[{"time":0.7666,"color":"ffffffff"},{"time":0.8333,"color":"ffffff00"}]},"EF/ef_ob_rotat_blue_main/ef_ob_rotat_blue_main_00001":{"attachment":[{"time":0.5666,"name":"EF/ef_ob_rotat_blue_main/ef_ob_rotat_blue_main_00001"},{"time":0.6,"name":"EF/ef_ob_rotat_blue_main/ef_ob_rotat_blue_main_00003"},{"time":0.6333,"name":"EF/ef_ob_rotat_blue_main/ef_ob_rotat_blue_main_00005"},{"time":0.6666,"name":"EF/ef_ob_rotat_blue_main/ef_ob_rotat_blue_main_00007"},{"time":0.7,"name":"EF/ef_ob_rotat_blue_main/ef_ob_rotat_blue_main_00009"},{"time":0.7333,"name":"EF/ef_ob_rotat_blue_main/ef_ob_rotat_blue_main_00011"},{"time":0.7666,"name":"EF/ef_ob_rotat_blue_main/ef_ob_rotat_blue_main_00013"},{"time":0.8,"name":"EF/ef_ob_rotat_blue_main/ef_ob_rotat_blue_main_00015"},{"time":0.8333,"name":"EF/ef_ob_rotat_blue_main/ef_ob_rotat_blue_main_00017"},{"time":0.8666,"name":"EF/ef_ob_rotat_blue_main/ef_ob_rotat_blue_main_00019"},{"time":0.9,"name":"EF/ef_ob_rotat_blue_main/ef_ob_rotat_blue_main_00021"},{"time":0.9333,"name":null}],"color":[{"time":0.5666,"color":"ffffff00"},{"time":0.7,"color":"ffffffff","curve":"stepped"},{"time":0.8333,"color":"ffffffff"},{"time":0.9333,"color":"ffffff00"}]},"EF/ef_ob_rotat_green_main/ef_ob_rotat_green_main_00001":{"attachment":[{"time":0,"name":"EF/ef_ob_rotat_green_main/ef_ob_rotat_green_main_00001"},{"time":0.0333,"name":"EF/ef_ob_rotat_green_main/ef_ob_rotat_green_main_00003"},{"time":0.0666,"name":"EF/ef_ob_rotat_green_main/ef_ob_rotat_green_main_00005"},{"time":0.1,"name":"EF/ef_ob_rotat_green_main/ef_ob_rotat_green_main_00007"},{"time":0.1333,"name":"EF/ef_ob_rotat_green_main/ef_ob_rotat_green_main_00009"},{"time":0.1666,"name":"EF/ef_ob_rotat_green_main/ef_ob_rotat_green_main_00011"},{"time":0.2,"name":"EF/ef_ob_rotat_green_main/ef_ob_rotat_green_main_00013"},{"time":0.2333,"name":"EF/ef_ob_rotat_green_main/ef_ob_rotat_green_main_00015"},{"time":0.2666,"name":"EF/ef_ob_rotat_green_main/ef_ob_rotat_green_main_00017"},{"time":0.3,"name":"EF/ef_ob_rotat_green_main/ef_ob_rotat_green_main_00019"},{"time":0.3333,"name":"EF/ef_ob_rotat_green_main/ef_ob_rotat_green_main_00021"},{"time":0.3666,"name":"EF/ef_ob_rotat_green_main/ef_ob_rotat_green_main_00023"},{"time":0.4,"name":null}],"color":[{"time":0,"color":"ffffff45"},{"time":0.0666,"color":"ffffffff"}]},"EF/ef_ob_rotat_main2/ef_ob_rotat_main2_00001":{"attachment":[{"time":0.4,"name":"EF/ef_ob_rotat_main2/ef_ob_rotat_main 2_00001"},{"time":0.4333,"name":"EF/ef_ob_rotat_main2/ef_ob_rotat_main 2_00002"},{"time":0.4666,"name":"EF/ef_ob_rotat_main2/ef_ob_rotat_main 2_00003"},{"time":0.5,"name":"EF/ef_ob_rotat_main2/ef_ob_rotat_main 2_00004"},{"time":0.5333,"name":"EF/ef_ob_rotat_main2/ef_ob_rotat_main 2_00005"},{"time":0.5666,"name":null},{"time":0.9,"name":"EF/ef_ob_rotat_main2/ef_ob_rotat_main 2_00011"},{"time":0.9333,"name":"EF/ef_ob_rotat_main2/ef_ob_rotat_main 2_00012"},{"time":0.9666,"name":"EF/ef_ob_rotat_main2/ef_ob_rotat_main 2_00013"},{"time":1,"name":"EF/ef_ob_rotat_main2/ef_ob_rotat_main 2_00014"},{"time":1.0333,"name":"EF/ef_ob_rotat_main2/ef_ob_rotat_main 2_00015"},{"time":1.0666,"name":null},{"time":1.8666,"name":"EF/ef_ob_rotat_main2/ef_ob_rotat_main 2_00015"},{"time":1.9,"name":"EF/ef_ob_rotat_main2/ef_ob_rotat_main 2_00014"},{"time":1.9333,"name":"EF/ef_ob_rotat_main2/ef_ob_rotat_main 2_00013"},{"time":1.9666,"name":"EF/ef_ob_rotat_main2/ef_ob_rotat_main 2_00012"},{"time":2,"name":"EF/ef_ob_rotat_main2/ef_ob_rotat_main 2_00011"}],"color":[{"time":2,"color":"ffffffff"},{"time":2.1333,"color":"ffffff00"}]},"MAIN":{"attachment":[{"time":0,"name":"idle_00"},{"time":0.0333,"name":"attack_03"},{"time":0.4333,"name":"attack_00"},{"time":0.5,"name":"attack_01"},{"time":0.8,"name":"attack_02"},{"time":0.8666,"name":"attack_03"},{"time":0.9333,"name":"attack_04"},{"time":1,"name":"attack_05"},{"time":1.3333,"name":"attack_06"},{"time":1.4,"name":"attack_07"},{"time":1.4666,"name":"attack_06"},{"time":1.5333,"name":"attack_07"},{"time":1.6,"name":"attack_06"},{"time":1.6666,"name":"attack_07"},{"time":1.8666,"name":"attack_05"},{"time":1.9,"name":"idle_02"},{"time":2.0333,"name":"idle_01"},{"time":2.1333,"name":"idle_00"}]}},"bones":{"S1_power2":{"translate":[{"time":0.5,"x":-43.55,"y":144.22}],"scale":[{"time":0.5,"x":2.246,"y":2.246},{"time":0.7666,"x":3.5,"y":3.5}]},"ef_ob_rotat_main2":{"rotate":[{"time":0.4,"angle":-18.71},{"time":0.5,"angle":-82.01,"curve":"stepped"},{"time":0.5333,"angle":0,"curve":"stepped"},{"time":0.9,"angle":135.62},{"time":1.0333,"angle":0,"curve":"stepped"},{"time":1.8666,"angle":59.91},{"time":2,"angle":-20.21},{"time":2.1333,"angle":-84.46}],"translate":[{"time":0.4,"x":36.05,"y":85.25},{"time":0.5,"x":-63.09,"y":72.49,"curve":"stepped"},{"time":0.5333,"x":23.01,"y":98.45,"curve":"stepped"},{"time":0.9,"x":-9.82,"y":83.75},{"time":1,"x":11.7,"y":60.44},{"time":1.0333,"x":-4.59,"y":27.67,"curve":"stepped"},{"time":1.8666,"x":6.25,"y":98.66},{"time":2,"x":12.76,"y":70.14}],"scale":[{"time":0.4,"x":1.907,"y":1.907},{"time":0.5333,"x":1,"y":1,"curve":"stepped"},{"time":0.9,"x":1.705,"y":1.705},{"time":1.0333,"x":1,"y":1,"curve":"stepped"},{"time":1.8666,"x":1,"y":1},{"time":2,"x":1.386,"y":1.386}]},"ef_ob_rotat_green_main":{"translate":[{"time":0,"x":0,"y":75.8},{"time":0.1333,"x":4.55,"y":74.09}],"scale":[{"time":0,"x":1,"y":1,"curve":[0.197,0.46,0.75,1]},{"time":0.2333,"x":2.357,"y":2.357},{"time":0.4,"x":1.589,"y":1.589}]},"ef_ob_green_render":{"translate":[{"time":0.5333,"x":-41.65,"y":159.93}],"scale":[{"time":0.5333,"x":0.8,"y":0.8}]},"ef_ob_rotat_blue_main":{"translate":[{"time":0.5666,"x":2.62,"y":78.22},{"time":0.9333,"x":1.38,"y":62.44}],"scale":[{"time":0.5666,"x":1,"y":1,"curve":[0.214,0.28,0.75,1]},{"time":0.7333,"x":2.46,"y":2.46},{"time":0.9333,"x":1.253,"y":1.253}]},"ef_ob_blue_render":{"translate":[{"time":1.0333,"x":-62.18,"y":96.37,"curve":"stepped"},{"time":1.3,"x":-62.18,"y":96.37,"curve":"stepped"},{"time":1.3333,"x":-73.96,"y":96.09,"curve":"stepped"},{"time":1.8333,"x":-73.96,"y":96.09},{"time":1.8666,"x":-62.23,"y":91.72},{"time":1.9333,"x":-62.23,"y":111.82}],"scale":[{"time":1.3,"x":1,"y":1},{"time":1.3333,"x":1.087,"y":1.087,"curve":"stepped"},{"time":1.8333,"x":1.087,"y":1.087},{"time":1.8666,"x":1,"y":1},{"time":1.9333,"x":1.819,"y":1.819}]},"S2_wave1":{"translate":[{"time":0.9666,"x":-64.46,"y":78.36}],"scale":[{"time":0.9666,"x":3.058,"y":3.058},{"time":1.2333,"x":7.073,"y":7.073}]},"S1_beam3":{"translate":[{"time":1.3333,"x":-71.02,"y":69.42}],"scale":[{"time":1.3333,"x":2.023,"y":2.023},{"time":1.4666,"x":6.441,"y":6.441}]}},"events":[{"time":0,"name":"Sound1","string":"cri_se_scenario_no2_magic"},{"time":0.4333,"name":"Voice","string":"cri_138_voice_attack_random"},{"time":0.5666,"name":"Event","string":"addOrbitSystem-wind1"},{"time":0.6333,"name":"Sound1","string":"cri_se_scenario_no2_magic"},{"time":1.0333,"name":"Event","string":"addOrbitSystemInsightRotation(water1,enpty,1,-80,86,180,0)"},{"time":1.1666,"name":"Voice","string":"cri_138_voice_attack_c"}]},"back":{"slots":{"EF/ef_wind_fade_main/ef_wind_fade_main_00001":{"attachment":[{"time":0.0666,"name":"EF/ef_wind_fade_main/ef_wind_fade_main_00001"},{"time":0.1,"name":"EF/ef_wind_fade_main/ef_wind_fade_main_00002"},{"time":0.1333,"name":"EF/ef_wind_fade_main/ef_wind_fade_main_00003"},{"time":0.1666,"name":"EF/ef_wind_fade_main/ef_wind_fade_main_00004"},{"time":0.2,"name":"EF/ef_wind_fade_main/ef_wind_fade_main_00005"},{"time":0.2333,"name":"EF/ef_wind_fade_main/ef_wind_fade_main_00006"},{"time":0.2666,"name":"EF/ef_wind_fade_main/ef_wind_fade_main_00007"},{"time":0.3,"name":"EF/ef_wind_fade_main/ef_wind_fade_main_00008"},{"time":0.3333,"name":null}],"color":[{"time":0.2,"color":"ffffffff"},{"time":0.3333,"color":"ffffff00"}]},"EF/ef_wind_fade_main/ef_wind_fade_main_1":{"attachment":[{"time":0.1666,"name":"EF/ef_wind_fade_main/ef_wind_fade_main_00001"},{"time":0.2,"name":"EF/ef_wind_fade_main/ef_wind_fade_main_00002"},{"time":0.2333,"name":"EF/ef_wind_fade_main/ef_wind_fade_main_00003"},{"time":0.2666,"name":"EF/ef_wind_fade_main/ef_wind_fade_main_00004"},{"time":0.3,"name":"EF/ef_wind_fade_main/ef_wind_fade_main_00005"},{"time":0.3333,"name":"EF/ef_wind_fade_main/ef_wind_fade_main_00006"},{"time":0.3666,"name":"EF/ef_wind_fade_main/ef_wind_fade_main_00007"},{"time":0.4,"name":"EF/ef_wind_fade_main/ef_wind_fade_main_00008"},{"time":0.4333,"name":null}],"color":[{"time":0.3,"color":"ffffffff"},{"time":0.4333,"color":"ffffff00"}]},"MAIN":{"attachment":[{"time":0,"name":"back_00"},{"time":0.4,"name":"idle_02"},{"time":0.4666,"name":"idle_01"},{"time":0.5,"name":"idle_00"}]}},"bones":{"MAIN":{"translate":[{"time":0,"x":0,"y":0,"curve":[0.171,0.37,0.75,1]},{"time":0.1333,"x":78,"y":5,"curve":[0.485,0.7,0.75,1]},{"time":0.3333,"x":120,"y":0,"curve":[0.25,0,0.75,1]},{"time":0.5,"x":140,"y":0}]},"ef_wind_fade_main":{"translate":[{"time":0,"x":0,"y":30}],"scale":[{"time":0,"x":-2,"y":2}]},"ef_wind_fade_main2":{"translate":[{"time":0,"x":70,"y":20}],"scale":[{"time":0,"x":-1.5,"y":1.5}]},"ef_wind_fade_main":{"translate":[{"time":0,"x":0,"y":30}],"scale":[{"time":0,"x":-2,"y":2}]}},"events":[{"time":0,"name":"Sound1","string":"cri_se_battle_jump"},{"time":0.4,"name":"Sound1","string":"cri_se_battle_landing"}]},"cast":{"slots":{"EF/ef_ob_blue_render/ef_ob_blue_render_00001":{"attachment":[{"time":0.1333,"name":"EF/ef_ob_blue_render/ef_ob_blue_render_00001"},{"time":0.1666,"name":"EF/ef_ob_blue_render/ef_ob_blue_render_00002"},{"time":0.2,"name":"EF/ef_ob_blue_render/ef_ob_blue_render_00003"},{"time":0.2333,"name":"EF/ef_ob_blue_render/ef_ob_blue_render_00004"},{"time":0.2666,"name":"EF/ef_ob_blue_render/ef_ob_blue_render_00005"},{"time":0.3,"name":"EF/ef_ob_blue_render/ef_ob_blue_render_00006"},{"time":0.3333,"name":"EF/ef_ob_blue_render/ef_ob_blue_render_00007"},{"time":0.3666,"name":"EF/ef_ob_blue_render/ef_ob_blue_render_00008"},{"time":0.4,"name":"EF/ef_ob_blue_render/ef_ob_blue_render_00009"},{"time":0.4333,"name":"EF/ef_ob_blue_render/ef_ob_blue_render_00010"},{"time":0.4666,"name":null}],"color":[{"time":0.4,"color":"ffffffff"},{"time":0.4666,"color":"ffffff00"}]},"EF/ef_ob_rotat_main2/ef_ob_rotat_main2_00001":{"attachment":[{"time":0.4666,"name":"EF/ef_ob_rotat_main2/ef_ob_rotat_main 2_00002"},{"time":0.5,"name":null}]},"MAIN":{"attachment":[{"time":0,"name":"idle_00"},{"time":0.0666,"name":"attack_03"},{"time":0.1333,"name":"attack_06"},{"time":0.2,"name":"attack_07"},{"time":0.4666,"name":"attack_03"},{"time":0.5,"name":"idle_00"}]}},"bones":{"MAIN":{"translate":[{"time":0,"x":0,"y":0,"curve":"stepped"},{"time":0.0666,"x":2.06,"y":12.12,"curve":"stepped"},{"time":0.1333,"x":0,"y":12.12,"curve":"stepped"},{"time":0.5,"x":0,"y":0}]},"ef_ob_rotat_main2":{"translate":[{"time":0.4666,"x":17.5,"y":92.99}]},"ef_ob_blue_render":{"translate":[{"time":0.1333,"x":-72.14,"y":87.03}],"scale":[{"time":0.1333,"x":0.655,"y":0.655}]}},"events":[{"time":0.1333,"name":"Voice","string":"cri_138_voice_item"}]},"damage":{"slots":{"MAIN":{"attachment":[{"time":0,"name":"damage_00"}]}}},"front":{"slots":{"EF/ef_wind_fade_main/ef_wind_fade_main_1":{"attachment":[{"time":0.1666,"name":"EF/ef_wind_fade_main/ef_wind_fade_main_00001"},{"time":0.2,"name":"EF/ef_wind_fade_main/ef_wind_fade_main_00002"},{"time":0.2333,"name":"EF/ef_wind_fade_main/ef_wind_fade_main_00003"},{"time":0.2666,"name":"EF/ef_wind_fade_main/ef_wind_fade_main_00004"},{"time":0.3,"name":"EF/ef_wind_fade_main/ef_wind_fade_main_00005"},{"time":0.3333,"name":"EF/ef_wind_fade_main/ef_wind_fade_main_00006"},{"time":0.3666,"name":"EF/ef_wind_fade_main/ef_wind_fade_main_00007"},{"time":0.4,"name":"EF/ef_wind_fade_main/ef_wind_fade_main_00008"},{"time":0.4333,"name":null}],"color":[{"time":0.3,"color":"ffffffff"},{"time":0.4333,"color":"ffffff00"}]},"EF/ef_wind_fade_main/ef_wind_fade_main_00001":{"attachment":[{"time":0.0666,"name":"EF/ef_wind_fade_main/ef_wind_fade_main_00001"},{"time":0.1,"name":"EF/ef_wind_fade_main/ef_wind_fade_main_00002"},{"time":0.1333,"name":"EF/ef_wind_fade_main/ef_wind_fade_main_00003"},{"time":0.1666,"name":"EF/ef_wind_fade_main/ef_wind_fade_main_00004"},{"time":0.2,"name":"EF/ef_wind_fade_main/ef_wind_fade_main_00005"},{"time":0.2333,"name":"EF/ef_wind_fade_main/ef_wind_fade_main_00006"},{"time":0.2666,"name":"EF/ef_wind_fade_main/ef_wind_fade_main_00007"},{"time":0.3,"name":"EF/ef_wind_fade_main/ef_wind_fade_main_00008"},{"time":0.3333,"name":null}],"color":[{"time":0.2,"color":"ffffffff"},{"time":0.3333,"color":"ffffff00"}]},"MAIN":{"attachment":[{"time":0,"name":"front_00"}]}},"bones":{"ef_wind_fade_main2":{"translate":[{"time":0,"x":70,"y":20}],"scale":[{"time":0,"x":2,"y":2}]},"ef_wind_fade_main":{"translate":[{"time":0,"x":0,"y":30}],"scale":[{"time":0,"x":1.5,"y":1.5}]}}},"idle":{"slots":{"MAIN":{"attachment":[{"time":0,"name":"idle_00"},{"time":0.1666,"name":"idle_01"},{"time":0.3333,"name":"idle_02"},{"time":0.5,"name":"idle_03"},{"time":0.6666,"name":"idle_04"},{"time":0.8333,"name":"idle_00"}]}}},"skill1":{"slots":{"DAMAGEAREA":{"attachment":[{"time":1.8,"name":"DAMAGEAREA"},{"time":2.7,"name":null}]},"EF/ef2/460_S1_beam3/460_S1_beam3_00000":{"attachment":[{"time":1.5,"name":"EF/ef2/460_S1_beam3/460_S1_beam3_00000"},{"time":1.5333,"name":"EF/ef2/460_S1_beam3/460_S1_beam3_00001"},{"time":1.5666,"name":"EF/ef2/460_S1_beam3/460_S1_beam3_00002"},{"time":1.6,"name":"EF/ef2/460_S1_beam3/460_S1_beam3_00003"},{"time":1.6333,"name":"EF/ef2/460_S1_beam3/460_S1_beam3_00004"},{"time":1.6666,"name":"EF/ef2/460_S1_beam3/460_S1_beam3_00005"},{"time":1.7,"name":"EF/ef2/460_S1_beam3/460_S1_beam3_00006"},{"time":1.7333,"name":null}]},"EF/ef2/460_S2_wave1/460_S2_wave1_00000":{"attachment":[{"time":0.9,"name":"EF/ef2/460_S2_wave1/460_S2_wave1_00000"},{"time":0.9333,"name":"EF/ef2/460_S2_wave1/460_S2_wave1_00001"},{"time":0.9666,"name":"EF/ef2/460_S2_wave1/460_S2_wave1_00002"},{"time":1,"name":"EF/ef2/460_S2_wave1/460_S2_wave1_00003"},{"time":1.0333,"name":"EF/ef2/460_S2_wave1/460_S2_wave1_00004"},{"time":1.0666,"name":"EF/ef2/460_S2_wave1/460_S2_wave1_00005"},{"time":1.1,"name":"EF/ef2/460_S2_wave1/460_S2_wave1_00006"},{"time":1.1333,"name":"EF/ef2/460_S2_wave1/460_S2_wave1_00007"},{"time":1.1666,"name":"EF/ef2/460_S2_wave1/460_S2_wave1_00008"},{"time":1.2,"name":"EF/ef2/460_S2_wave1/460_S2_wave1_00009"},{"time":1.2333,"name":null}],"color":[{"time":1.0666,"color":"ffffffff"},{"time":1.2333,"color":"ffffff00"}]},"EF/ef_ob_blue_render/ef_ob_blue_render_00001":{"attachment":[{"time":0,"name":null},{"time":0.9,"name":"EF/ef_ob_blue_render/ef_ob_blue_render_00001"},{"time":0.9333,"name":"EF/ef_ob_blue_render/ef_ob_blue_render_00002"},{"time":0.9666,"name":"EF/ef_ob_blue_render/ef_ob_blue_render_00003"},{"time":1,"name":"EF/ef_ob_blue_render/ef_ob_blue_render_00004"},{"time":1.0333,"name":"EF/ef_ob_blue_render/ef_ob_blue_render_00005"},{"time":1.0666,"name":"EF/ef_ob_blue_render/ef_ob_blue_render_00006"},{"time":1.1,"name":"EF/ef_ob_blue_render/ef_ob_blue_render_00007"},{"time":1.1333,"name":"EF/ef_ob_blue_render/ef_ob_blue_render_00008"},{"time":1.1666,"name":"EF/ef_ob_blue_render/ef_ob_blue_render_00009"},{"time":1.2,"name":"EF/ef_ob_blue_render/ef_ob_blue_render_00010"},{"time":1.2333,"name":"EF/ef_ob_blue_render/ef_ob_blue_render_00001"},{"time":1.2666,"name":"EF/ef_ob_blue_render/ef_ob_blue_render_00002"},{"time":1.3,"name":"EF/ef_ob_blue_render/ef_ob_blue_render_00003"},{"time":1.3333,"name":"EF/ef_ob_blue_render/ef_ob_blue_render_00004"},{"time":1.3666,"name":"EF/ef_ob_blue_render/ef_ob_blue_render_00005"},{"time":1.4,"name":"EF/ef_ob_blue_render/ef_ob_blue_render_00006"},{"time":1.4333,"name":"EF/ef_ob_blue_render/ef_ob_blue_render_00007"},{"time":1.4666,"name":"EF/ef_ob_blue_render/ef_ob_blue_render_00008"},{"time":1.5,"name":"EF/ef_ob_blue_render/ef_ob_blue_render_00009"},{"time":1.5333,"name":"EF/ef_ob_blue_render/ef_ob_blue_render_00010"},{"time":1.5666,"name":null}],"color":[{"time":0.9,"color":"ffffff00"},{"time":0.9666,"color":"ffffffff"}]},"EF/ef_ob_green_render/ef_ob_green_render_00001":{"attachment":[{"time":0.9666,"name":null}]},"EF/ef_ob_rotat_blue_main/ef_ob_rotat_blue_main_00001":{"attachment":[{"time":0,"name":"EF/ef_ob_rotat_blue_main/ef_ob_rotat_blue_main_00001"},{"time":0.0666,"name":"EF/ef_ob_rotat_blue_main/ef_ob_rotat_blue_main_00003"},{"time":0.1333,"name":"EF/ef_ob_rotat_blue_main/ef_ob_rotat_blue_main_00005"},{"time":0.2,"name":"EF/ef_ob_rotat_blue_main/ef_ob_rotat_blue_main_00007"},{"time":0.2666,"name":"EF/ef_ob_rotat_blue_main/ef_ob_rotat_blue_main_00009"},{"time":0.3333,"name":"EF/ef_ob_rotat_blue_main/ef_ob_rotat_blue_main_00011"},{"time":0.4,"name":"EF/ef_ob_rotat_blue_main/ef_ob_rotat_blue_main_00013"},{"time":0.4666,"name":"EF/ef_ob_rotat_blue_main/ef_ob_rotat_blue_main_00015"},{"time":0.5333,"name":"EF/ef_ob_rotat_blue_main/ef_ob_rotat_blue_main_00017"},{"time":0.6,"name":"EF/ef_ob_rotat_blue_main/ef_ob_rotat_blue_main_00019"},{"time":0.6666,"name":"EF/ef_ob_rotat_blue_main/ef_ob_rotat_blue_main_00021"},{"time":0.7333,"name":"EF/ef_ob_rotat_blue_main/ef_ob_rotat_blue_main_00023"},{"time":0.8,"name":null},{"time":0.9666,"name":null}],"color":[{"time":0,"color":"ffffff00"},{"time":0.2333,"color":"ffffffff"}]},"EF/ef_ob_rotat_main2/ef_ob_rotat_main2_00001":{"attachment":[{"time":0.7666,"name":"EF/ef_ob_rotat_main2/ef_ob_rotat_main 2_00011"},{"time":0.8,"name":"EF/ef_ob_rotat_main2/ef_ob_rotat_main 2_00012"},{"time":0.8333,"name":"EF/ef_ob_rotat_main2/ef_ob_rotat_main 2_00013"},{"time":0.8666,"name":"EF/ef_ob_rotat_main2/ef_ob_rotat_main 2_00014"},{"time":0.9,"name":"EF/ef_ob_rotat_main2/ef_ob_rotat_main 2_00015"}],"color":[{"time":0.9,"color":"ffffffff"},{"time":1,"color":"ffffff00"}]},"EF/ef_wind_fade_main/ef_wind_fade_main_00001":{"attachment":[{"time":1.5333,"name":"EF/ef_wind_fade_main/ef_wind_fade_main_00001"}]},"MAIN":{"attachment":[{"time":0,"name":"idle_00"},{"time":0.1,"name":"idle_01"},{"time":0.2,"name":"idle_02"},{"time":0.3,"name":"idle_03"},{"time":0.4,"name":"idle_04"},{"time":0.5,"name":"idle_00"},{"time":0.6,"name":"idle_01"},{"time":0.7,"name":"idle_02"},{"time":0.8,"name":"skill1_00"},{"time":0.9,"name":"skill1_01"},{"time":1.5,"name":"skill1_02"},{"time":1.5666,"name":"skill1_03"},{"time":1.6333,"name":"skill1_04"},{"time":1.7,"name":"skill1_05"},{"time":2.9666,"name":"skill1_06"},{"time":3.0333,"name":"skill1_00"},{"time":3.1,"name":"idle_01"},{"time":3.1666,"name":"idle_00"}]}},"bones":{"ef_ob_rotat_main2":{"rotate":[{"time":0.7666,"angle":-10.46},{"time":0.9,"angle":0}],"translate":[{"time":0.7666,"x":20.22,"y":58.93},{"time":0.9,"x":84.14,"y":83.78}],"scale":[{"time":0.7666,"x":1.599,"y":1.599},{"time":0.9,"x":1.408,"y":1.408}]},"ef_ob_blue_render":{"translate":[{"time":0.9,"x":4.49,"y":170.18,"curve":[0.175,0.59,0.75,1]},{"time":1.1,"x":4.49,"y":178.46,"curve":"stepped"},{"time":1.4666,"x":4.49,"y":178.46},{"time":1.5,"x":-89.89,"y":49.23},{"time":1.5333,"x":-89.89,"y":14.69}],"scale":[{"time":0.9,"x":1,"y":1,"curve":[0.175,0.59,0.75,1]},{"time":1.1,"x":1.355,"y":1.355,"curve":"stepped"},{"time":1.5,"x":1.355,"y":1.355},{"time":1.5333,"x":1.355,"y":0.528}]},"ef_ob_rotat_blue_main":{"translate":[{"time":0,"x":0,"y":63.06}],"scale":[{"time":0,"x":1.037,"y":1.037},{"time":0.2333,"x":1.377,"y":1.377}]},"S2_wave1":{"translate":[{"time":0.9,"x":1.82,"y":153.39}],"scale":[{"time":0.9,"x":1,"y":1},{"time":1.0666,"x":6.953,"y":6.953}]},"S1_beam3":{"rotate":[{"time":1.5,"angle":90}],"translate":[{"time":1.5,"x":-0.66,"y":4},{"time":1.7,"x":-0.66,"y":-28.68}],"scale":[{"time":1.5,"x":1.479,"y":1.479},{"time":1.7,"x":4.296,"y":7.244}]},"DAMAGEAREA":{"translate":[{"time":1.7,"x":-95.28,"y":59.26},{"time":1.8666,"x":-113.87,"y":59.26},{"time":2.0666,"x":-154.54,"y":83.66},{"time":2.2333,"x":-199.99,"y":83.66},{"time":2.6666,"x":-288.01,"y":153.63}],"scale":[{"time":1.8666,"x":1.65,"y":1},{"time":2.0666,"x":2.36,"y":1.348},{"time":2.2333,"x":3.087,"y":1.348},{"time":2.6666,"x":4.201,"y":2.353}]}},"drawOrder":[{"time":0},{"time":1.5,"offsets":[{"slot":"EF/ef2/460_S1_beam3/460_S1_beam3_00000","offset":-9}]}],"events":[{"time":0,"name":"Sound1","string":"cri_se_scenario_fetters_magic"},{"time":0.0333,"name":"Event","float":0.1,"string":"kHitStopType_enemyonly"},{"time":0.0666,"name":"Event","string":"setHitBackEnemy(10,0)"},{"time":0.1,"name":"Event","string":"kImpactType-up"},{"time":0.7666,"name":"Sound1","string":"cri_se_battle_arrow_light_effect"},{"time":1.1666,"name":"Voice","string":"cri_138_voice_skill_all"},{"time":1.5333,"name":"Event","string":"shakeGround"},{"time":1.5333,"name":"Sound1","string":"cri_se_battle_034_explosion_element_02"},{"time":1.7,"name":"Event","string":"shakeGround"},{"time":1.7,"name":"Sound2","string":"setHitSound(se_battle_explosion_water_02)"},{"time":1.7666,"name":"Sound1","string":"cri_se_battle_034_explosion_element_02_2"},{"time":1.9,"name":"Hit","string":"resetHitList"},{"time":1.9,"name":"Sound2","string":"setHitSound(se_battle_explosion_water_02)"},{"time":1.9666,"name":"Event","string":"shakeGround"},{"time":1.9666,"name":"Sound1","string":"cri_se_battle_034_explosion_element_02"},{"time":2.0333,"name":"Hit","string":"resetHitList"},{"time":2.0333,"name":"Sound2","string":"setHitSound(se_battle_explosion_water_02)"},{"time":2.1,"name":"Hit","string":"resetHitList"},{"time":2.1,"name":"Sound2","string":"setHitSound(empty)"},{"time":2.1666,"name":"Hit","string":"resetHitList"},{"time":2.1666,"name":"Sound1","string":"cri_se_battle_034_explosion_element_02_2"},{"time":2.1666,"name":"Sound2","string":"setHitSound(se_battle_explosion_water_02)"},{"time":2.2,"name":"Event","string":"shakeGround"},{"time":2.2333,"name":"Hit","string":"resetHitList"},{"time":2.2333,"name":"Sound2","string":"setHitSound(empty)"},{"time":2.3,"name":"Hit","string":"resetHitList"},{"time":2.3,"name":"Sound2","string":"setHitSound(se_battle_explosion_water_02)"},{"time":2.3666,"name":"Hit","string":"resetHitList"},{"time":2.3666,"name":"Sound2","string":"setHitSound(empty)"},{"time":2.4,"name":"Sound1","string":"cri_se_battle_034_explosion_element_02"},{"time":2.4333,"name":"Hit","string":"resetHitList"},{"time":2.4333,"name":"Sound2","string":"setHitSound(se_battle_explosion_water_02)"},{"time":2.5,"name":"Event","string":"shakeGround"},{"time":2.5,"name":"Hit","string":"resetHitList"},{"time":2.5,"name":"Sound2","string":"setHitSound(empty)"},{"time":2.5666,"name":"Event","string":"shakeGround"},{"time":2.5666,"name":"Hit","int":10,"float":10,"string":"resetHitList"},{"time":2.5666,"name":"Sound2","string":"setHitSound(se_battle_explosion_water_02)"},{"time":2.6333,"name":"Hit","int":10,"float":10,"string":"resetHitList"},{"time":2.6333,"name":"Sound2","string":"setHitSound(empty)"}]},"skill2":{"slots":{"DAMAGEAREA":{"attachment":[{"time":1.9,"name":"DAMAGEAREA"},{"time":5.3333,"name":null}]},"EF/ef2/460_S1_beam3/460_S1_beam3_00000":{"attachment":[{"time":1.4666,"name":null}]},"EF/ef2/460_S2_wave1/460_S2_wave1_00000":{"attachment":[{"time":1.4666,"name":"EF/ef2/460_S2_wave1/460_S2_wave1_00000"},{"time":1.5,"name":"EF/ef2/460_S2_wave1/460_S2_wave1_00001"},{"time":1.5333,"name":"EF/ef2/460_S2_wave1/460_S2_wave1_00002"},{"time":1.5666,"name":"EF/ef2/460_S2_wave1/460_S2_wave1_00003"},{"time":1.6,"name":"EF/ef2/460_S2_wave1/460_S2_wave1_00004"},{"time":1.6333,"name":"EF/ef2/460_S2_wave1/460_S2_wave1_00005"},{"time":1.6666,"name":"EF/ef2/460_S2_wave1/460_S2_wave1_00006"},{"time":1.7,"name":"EF/ef2/460_S2_wave1/460_S2_wave1_00007"},{"time":1.7333,"name":"EF/ef2/460_S2_wave1/460_S2_wave1_00008"},{"time":1.7666,"name":"EF/ef2/460_S2_wave1/460_S2_wave1_00009"},{"time":1.8,"name":null}],"color":[{"time":1.6666,"color":"ffffffff"},{"time":1.8,"color":"ffffff00"}]},"EF/ef2/460_S2_wave1/460_S2_wave1_0":{"attachment":[{"time":1.4666,"name":"EF/ef2/460_S2_wave1/460_S2_wave1_00000"},{"time":1.5,"name":"EF/ef2/460_S2_wave1/460_S2_wave1_00001"},{"time":1.5333,"name":"EF/ef2/460_S2_wave1/460_S2_wave1_00002"},{"time":1.5666,"name":"EF/ef2/460_S2_wave1/460_S2_wave1_00003"},{"time":1.6,"name":"EF/ef2/460_S2_wave1/460_S2_wave1_00004"},{"time":1.6333,"name":"EF/ef2/460_S2_wave1/460_S2_wave1_00005"},{"time":1.6666,"name":"EF/ef2/460_S2_wave1/460_S2_wave1_00006"},{"time":1.7,"name":"EF/ef2/460_S2_wave1/460_S2_wave1_00007"},{"time":1.7333,"name":"EF/ef2/460_S2_wave1/460_S2_wave1_00008"},{"time":1.7666,"name":"EF/ef2/460_S2_wave1/460_S2_wave1_00009"},{"time":1.8,"name":null}],"color":[{"time":1.6666,"color":"0fff00ff"},{"time":1.8,"color":"0fff0000"}]},"EF/ef2/drive-download-20161110T100255Z/1010_S1_power2_00003":{"attachment":[{"time":1.4666,"name":null}]},"EF/ef2/drive-download-20170117T061506Z/ef_wind_circle_main/ef_wind_circle_main_00001":{"attachment":[{"time":1,"name":"EF/ef2/drive-download-20170117T061506Z/ef_wind_circle_main/ef_wind_circle_main_00001"},{"time":1.0666,"name":"EF/ef2/drive-download-20170117T061506Z/ef_wind_circle_main/ef_wind_circle_main_00002"},{"time":1.1333,"name":"EF/ef2/drive-download-20170117T061506Z/ef_wind_circle_main/ef_wind_circle_main_00003"},{"time":1.2,"name":"EF/ef2/drive-download-20170117T061506Z/ef_wind_circle_main/ef_wind_circle_main_00004"},{"time":1.2666,"name":"EF/ef2/drive-download-20170117T061506Z/ef_wind_circle_main/ef_wind_circle_main_00005"},{"time":1.3333,"name":"EF/ef2/drive-download-20170117T061506Z/ef_wind_circle_main/ef_wind_circle_main_00006"},{"time":1.4,"name":"EF/ef2/drive-download-20170117T061506Z/ef_wind_circle_main/ef_wind_circle_main_00007"},{"time":1.4666,"name":"EF/ef2/drive-download-20170117T061506Z/ef_wind_circle_main/ef_wind_circle_main_00008"},{"time":1.5333,"name":"EF/ef2/drive-download-20170117T061506Z/ef_wind_circle_main/ef_wind_circle_main_00009"},{"time":1.6,"name":"EF/ef2/drive-download-20170117T061506Z/ef_wind_circle_main/ef_wind_circle_main_00010"},{"time":1.6666,"name":null},{"time":1.7,"name":"EF/ef2/drive-download-20170117T061506Z/ef_wind_circle_main/ef_wind_circle_main_00001"},{"time":1.7333,"name":"EF/ef2/drive-download-20170117T061506Z/ef_wind_circle_main/ef_wind_circle_main_00002"},{"time":1.8,"name":"EF/ef2/drive-download-20170117T061506Z/ef_wind_circle_main/ef_wind_circle_main_00003"},{"time":1.8666,"name":"EF/ef2/drive-download-20170117T061506Z/ef_wind_circle_main/ef_wind_circle_main_00004"},{"time":1.9333,"name":"EF/ef2/drive-download-20170117T061506Z/ef_wind_circle_main/ef_wind_circle_main_00005"},{"time":2,"name":"EF/ef2/drive-download-20170117T061506Z/ef_wind_circle_main/ef_wind_circle_main_00006"},{"time":2.0666,"name":"EF/ef2/drive-download-20170117T061506Z/ef_wind_circle_main/ef_wind_circle_main_00007"},{"time":2.1333,"name":"EF/ef2/drive-download-20170117T061506Z/ef_wind_circle_main/ef_wind_circle_main_00008"},{"time":2.2,"name":"EF/ef2/drive-download-20170117T061506Z/ef_wind_circle_main/ef_wind_circle_main_00009"},{"time":2.2666,"name":"EF/ef2/drive-download-20170117T061506Z/ef_wind_circle_main/ef_wind_circle_main_00010"},{"time":2.3,"name":null}],"color":[{"time":1,"color":"ffffff00"},{"time":1.1666,"color":"ffffff9a","curve":"stepped"},{"time":1.5,"color":"ffffff9a"},{"time":1.6666,"color":"ffffff00","curve":"stepped"},{"time":1.7,"color":"ffffff00"},{"time":1.8333,"color":"ffffff9a","curve":"stepped"},{"time":2.1,"color":"ffffff9a"},{"time":2.3,"color":"ffffff00"}]},"EF/ef2/drive-download-20170117T061506Z/ef_wind_circle_main/ef_wind_circle_main_1":{"attachment":[{"time":1.2333,"name":"EF/ef2/drive-download-20170117T061506Z/ef_wind_circle_main/ef_wind_circle_main_00001"},{"time":1.2666,"name":"EF/ef2/drive-download-20170117T061506Z/ef_wind_circle_main/ef_wind_circle_main_00002"},{"time":1.3,"name":"EF/ef2/drive-download-20170117T061506Z/ef_wind_circle_main/ef_wind_circle_main_00003"},{"time":1.3333,"name":"EF/ef2/drive-download-20170117T061506Z/ef_wind_circle_main/ef_wind_circle_main_00004"},{"time":1.3666,"name":"EF/ef2/drive-download-20170117T061506Z/ef_wind_circle_main/ef_wind_circle_main_00005"},{"time":1.4,"name":"EF/ef2/drive-download-20170117T061506Z/ef_wind_circle_main/ef_wind_circle_main_00006"},{"time":1.4333,"name":"EF/ef2/drive-download-20170117T061506Z/ef_wind_circle_main/ef_wind_circle_main_00007"},{"time":1.4666,"name":"EF/ef2/drive-download-20170117T061506Z/ef_wind_circle_main/ef_wind_circle_main_00008"},{"time":1.5,"name":"EF/ef2/drive-download-20170117T061506Z/ef_wind_circle_main/ef_wind_circle_main_00009"},{"time":1.5333,"name":"EF/ef2/drive-download-20170117T061506Z/ef_wind_circle_main/ef_wind_circle_main_00010"},{"time":1.5666,"name":null},{"time":1.8,"name":"EF/ef2/drive-download-20170117T061506Z/ef_wind_circle_main/ef_wind_circle_main_00001"},{"time":1.8333,"name":"EF/ef2/drive-download-20170117T061506Z/ef_wind_circle_main/ef_wind_circle_main_00002"},{"time":1.8666,"name":"EF/ef2/drive-download-20170117T061506Z/ef_wind_circle_main/ef_wind_circle_main_00003"},{"time":1.9,"name":"EF/ef2/drive-download-20170117T061506Z/ef_wind_circle_main/ef_wind_circle_main_00004"},{"time":1.9333,"name":"EF/ef2/drive-download-20170117T061506Z/ef_wind_circle_main/ef_wind_circle_main_00005"},{"time":1.9666,"name":"EF/ef2/drive-download-20170117T061506Z/ef_wind_circle_main/ef_wind_circle_main_00006"},{"time":2,"name":"EF/ef2/drive-download-20170117T061506Z/ef_wind_circle_main/ef_wind_circle_main_00007"},{"time":2.0333,"name":"EF/ef2/drive-download-20170117T061506Z/ef_wind_circle_main/ef_wind_circle_main_00008"},{"time":2.0666,"name":"EF/ef2/drive-download-20170117T061506Z/ef_wind_circle_main/ef_wind_circle_main_00009"},{"time":2.1,"name":"EF/ef2/drive-download-20170117T061506Z/ef_wind_circle_main/ef_wind_circle_main_00010"},{"time":2.1333,"name":null}],"color":[{"time":1.2333,"color":"ffffff00"},{"time":1.3666,"color":"ffffff97","curve":"stepped"},{"time":1.4333,"color":"ffffff97"},{"time":1.5333,"color":"ffffff00","curve":"stepped"},{"time":1.8,"color":"ffffff00"},{"time":1.9333,"color":"ffffff97","curve":"stepped"},{"time":2,"color":"ffffff97"},{"time":2.1333,"color":"ffffff00"}]},"EF/ef_ob_blue_render/ef_ob_blue_render_00001":{"attachment":[{"time":0,"name":null},{"time":1.5,"name":"EF/ef_ob_blue_render/ef_ob_blue_render_00001"},{"time":1.5333,"name":"EF/ef_ob_blue_render/ef_ob_blue_render_00002"},{"time":1.5666,"name":"EF/ef_ob_blue_render/ef_ob_blue_render_00003"},{"time":1.6,"name":"EF/ef_ob_blue_render/ef_ob_blue_render_00004"},{"time":1.6333,"name":"EF/ef_ob_blue_render/ef_ob_blue_render_00005"},{"time":1.6666,"name":"EF/ef_ob_blue_render/ef_ob_blue_render_00006"},{"time":1.7,"name":"EF/ef_ob_blue_render/ef_ob_blue_render_00007"},{"time":1.7333,"name":"EF/ef_ob_blue_render/ef_ob_blue_render_00008"},{"time":1.7666,"name":"EF/ef_ob_blue_render/ef_ob_blue_render_00009"},{"time":1.8,"name":"EF/ef_ob_blue_render/ef_ob_blue_render_00010"},{"time":1.8333,"name":"EF/ef_ob_blue_render/ef_ob_blue_render_00001"},{"time":1.8666,"name":"EF/ef_ob_blue_render/ef_ob_blue_render_00002"},{"time":1.9,"name":"EF/ef_ob_blue_render/ef_ob_blue_render_00003"},{"time":1.9333,"name":"EF/ef_ob_blue_render/ef_ob_blue_render_00004"},{"time":1.9666,"name":"EF/ef_ob_blue_render/ef_ob_blue_render_00005"},{"time":2,"name":"EF/ef_ob_blue_render/ef_ob_blue_render_00006"},{"time":2.0333,"name":"EF/ef_ob_blue_render/ef_ob_blue_render_00007"},{"time":2.0666,"name":"EF/ef_ob_blue_render/ef_ob_blue_render_00008"},{"time":2.1,"name":"EF/ef_ob_blue_render/ef_ob_blue_render_00009"},{"time":2.1333,"name":"EF/ef_ob_blue_render/ef_ob_blue_render_00010"},{"time":2.1666,"name":"EF/ef_ob_blue_render/ef_ob_blue_render_00001"},{"time":2.2,"name":"EF/ef_ob_blue_render/ef_ob_blue_render_00002"},{"time":2.2333,"name":"EF/ef_ob_blue_render/ef_ob_blue_render_00003"},{"time":2.2666,"name":"EF/ef_ob_blue_render/ef_ob_blue_render_00004"},{"time":2.3,"name":"EF/ef_ob_blue_render/ef_ob_blue_render_00005"},{"time":2.3333,"name":"EF/ef_ob_blue_render/ef_ob_blue_render_00006"},{"time":2.3666,"name":"EF/ef_ob_blue_render/ef_ob_blue_render_00007"},{"time":2.4,"name":"EF/ef_ob_blue_render/ef_ob_blue_render_00008"},{"time":2.4333,"name":"EF/ef_ob_blue_render/ef_ob_blue_render_00009"},{"time":2.4666,"name":"EF/ef_ob_blue_render/ef_ob_blue_render_00010"},{"time":2.5,"name":"EF/ef_ob_blue_render/ef_ob_blue_render_00001"},{"time":2.5333,"name":"EF/ef_ob_blue_render/ef_ob_blue_render_00002"},{"time":2.5666,"name":"EF/ef_ob_blue_render/ef_ob_blue_render_00003"},{"time":2.6,"name":"EF/ef_ob_blue_render/ef_ob_blue_render_00004"},{"time":2.6333,"name":"EF/ef_ob_blue_render/ef_ob_blue_render_00005"},{"time":2.6666,"name":"EF/ef_ob_blue_render/ef_ob_blue_render_00006"},{"time":2.7,"name":"EF/ef_ob_blue_render/ef_ob_blue_render_00007"},{"time":2.7333,"name":"EF/ef_ob_blue_render/ef_ob_blue_render_00008"},{"time":2.7666,"name":"EF/ef_ob_blue_render/ef_ob_blue_render_00009"},{"time":2.8,"name":"EF/ef_ob_blue_render/ef_ob_blue_render_00010"},{"time":2.8333,"name":"EF/ef_ob_blue_render/ef_ob_blue_render_00001"},{"time":2.8666,"name":"EF/ef_ob_blue_render/ef_ob_blue_render_00002"},{"time":2.9,"name":"EF/ef_ob_blue_render/ef_ob_blue_render_00003"},{"time":2.9333,"name":"EF/ef_ob_blue_render/ef_ob_blue_render_00004"},{"time":2.9666,"name":"EF/ef_ob_blue_render/ef_ob_blue_render_00005"},{"time":3,"name":"EF/ef_ob_blue_render/ef_ob_blue_render_00006"},{"time":3.0333,"name":"EF/ef_ob_blue_render/ef_ob_blue_render_00007"},{"time":3.0666,"name":"EF/ef_ob_blue_render/ef_ob_blue_render_00008"},{"time":3.1,"name":"EF/ef_ob_blue_render/ef_ob_blue_render_00009"},{"time":3.1333,"name":"EF/ef_ob_blue_render/ef_ob_blue_render_00010"},{"time":3.1666,"name":"EF/ef_ob_blue_render/ef_ob_blue_render_00001"},{"time":3.2,"name":"EF/ef_ob_blue_render/ef_ob_blue_render_00002"},{"time":3.2333,"name":"EF/ef_ob_blue_render/ef_ob_blue_render_00003"},{"time":3.2666,"name":"EF/ef_ob_blue_render/ef_ob_blue_render_00004"},{"time":3.3,"name":"EF/ef_ob_blue_render/ef_ob_blue_render_00005"},{"time":3.3333,"name":"EF/ef_ob_blue_render/ef_ob_blue_render_00006"},{"time":3.3666,"name":"EF/ef_ob_blue_render/ef_ob_blue_render_00007"},{"time":3.4,"name":"EF/ef_ob_blue_render/ef_ob_blue_render_00008"},{"time":3.4333,"name":"EF/ef_ob_blue_render/ef_ob_blue_render_00009"},{"time":3.4666,"name":"EF/ef_ob_blue_render/ef_ob_blue_render_00010"},{"time":3.5,"name":"EF/ef_ob_blue_render/ef_ob_blue_render_00001"},{"time":3.5333,"name":"EF/ef_ob_blue_render/ef_ob_blue_render_00002"},{"time":3.5666,"name":"EF/ef_ob_blue_render/ef_ob_blue_render_00003"},{"time":3.6,"name":"EF/ef_ob_blue_render/ef_ob_blue_render_00004"},{"time":3.6333,"name":"EF/ef_ob_blue_render/ef_ob_blue_render_00005"},{"time":3.6666,"name":"EF/ef_ob_blue_render/ef_ob_blue_render_00006"},{"time":3.7,"name":"EF/ef_ob_blue_render/ef_ob_blue_render_00007"},{"time":3.7333,"name":"EF/ef_ob_blue_render/ef_ob_blue_render_00008"},{"time":3.7666,"name":"EF/ef_ob_blue_render/ef_ob_blue_render_00009"},{"time":3.8,"name":"EF/ef_ob_blue_render/ef_ob_blue_render_00010"},{"time":3.8333,"name":"EF/ef_ob_blue_render/ef_ob_blue_render_00001"},{"time":3.8666,"name":"EF/ef_ob_blue_render/ef_ob_blue_render_00002"},{"time":3.9,"name":"EF/ef_ob_blue_render/ef_ob_blue_render_00003"},{"time":3.9333,"name":"EF/ef_ob_blue_render/ef_ob_blue_render_00004"},{"time":3.9666,"name":"EF/ef_ob_blue_render/ef_ob_blue_render_00005"},{"time":4,"name":"EF/ef_ob_blue_render/ef_ob_blue_render_00006"},{"time":4.0333,"name":"EF/ef_ob_blue_render/ef_ob_blue_render_00007"},{"time":4.0666,"name":"EF/ef_ob_blue_render/ef_ob_blue_render_00008"},{"time":4.1,"name":"EF/ef_ob_blue_render/ef_ob_blue_render_00009"},{"time":4.1333,"name":"EF/ef_ob_blue_render/ef_ob_blue_render_00010"},{"time":4.1666,"name":"EF/ef_ob_blue_render/ef_ob_blue_render_00001"},{"time":4.2,"name":"EF/ef_ob_blue_render/ef_ob_blue_render_00002"},{"time":4.2333,"name":"EF/ef_ob_blue_render/ef_ob_blue_render_00003"},{"time":4.2666,"name":"EF/ef_ob_blue_render/ef_ob_blue_render_00004"},{"time":4.3,"name":"EF/ef_ob_blue_render/ef_ob_blue_render_00005"},{"time":4.3333,"name":"EF/ef_ob_blue_render/ef_ob_blue_render_00006"},{"time":4.3666,"name":"EF/ef_ob_blue_render/ef_ob_blue_render_00007"},{"time":4.4,"name":"EF/ef_ob_blue_render/ef_ob_blue_render_00008"},{"time":4.4333,"name":"EF/ef_ob_blue_render/ef_ob_blue_render_00009"},{"time":4.4666,"name":"EF/ef_ob_blue_render/ef_ob_blue_render_00010"},{"time":4.5,"name":"EF/ef_ob_blue_render/ef_ob_blue_render_00001"},{"time":4.5333,"name":"EF/ef_ob_blue_render/ef_ob_blue_render_00002"},{"time":4.5666,"name":"EF/ef_ob_blue_render/ef_ob_blue_render_00003"},{"time":4.6,"name":"EF/ef_ob_blue_render/ef_ob_blue_render_00004"},{"time":4.6333,"name":"EF/ef_ob_blue_render/ef_ob_blue_render_00005"},{"time":4.6666,"name":"EF/ef_ob_blue_render/ef_ob_blue_render_00006"},{"time":4.7,"name":"EF/ef_ob_blue_render/ef_ob_blue_render_00007"},{"time":4.7333,"name":"EF/ef_ob_blue_render/ef_ob_blue_render_00008"},{"time":4.7666,"name":"EF/ef_ob_blue_render/ef_ob_blue_render_00009"},{"time":4.8,"name":"EF/ef_ob_blue_render/ef_ob_blue_render_00010"},{"time":4.8333,"name":"EF/ef_ob_blue_render/ef_ob_blue_render_00001"},{"time":4.8666,"name":"EF/ef_ob_blue_render/ef_ob_blue_render_00002"},{"time":4.9,"name":"EF/ef_ob_blue_render/ef_ob_blue_render_00003"},{"time":4.9333,"name":"EF/ef_ob_blue_render/ef_ob_blue_render_00004"},{"time":4.9666,"name":"EF/ef_ob_blue_render/ef_ob_blue_render_00005"},{"time":5,"name":"EF/ef_ob_blue_render/ef_ob_blue_render_00006"},{"time":5.0333,"name":"EF/ef_ob_blue_render/ef_ob_blue_render_00007"},{"time":5.0666,"name":"EF/ef_ob_blue_render/ef_ob_blue_render_00008"},{"time":5.1,"name":"EF/ef_ob_blue_render/ef_ob_blue_render_00009"},{"time":5.1333,"name":"EF/ef_ob_blue_render/ef_ob_blue_render_00010"},{"time":5.1666,"name":"EF/ef_ob_blue_render/ef_ob_blue_render_00001"},{"time":5.2,"name":"EF/ef_ob_blue_render/ef_ob_blue_render_00002"},{"time":5.2333,"name":"EF/ef_ob_blue_render/ef_ob_blue_render_00003"},{"time":5.2666,"name":"EF/ef_ob_blue_render/ef_ob_blue_render_00004"},{"time":5.3,"name":"EF/ef_ob_blue_render/ef_ob_blue_render_00005"},{"time":5.3333,"name":"EF/ef_ob_blue_render/ef_ob_blue_render_00006"},{"time":5.3666,"name":"EF/ef_ob_blue_render/ef_ob_blue_render_00007"},{"time":5.4,"name":"EF/ef_ob_blue_render/ef_ob_blue_render_00008"},{"time":5.4333,"name":"EF/ef_ob_blue_render/ef_ob_blue_render_00009"},{"time":5.4666,"name":"EF/ef_ob_blue_render/ef_ob_blue_render_00010"}],"color":[{"time":5.3333,"color":"ffffffff"},{"time":5.4,"color":"ffffff00"}]},"EF/ef_ob_green_render/ef_ob_green_render_00001":{"attachment":[{"time":1.5,"name":"EF/ef_ob_green_render/ef_ob_green_render_00001"},{"time":1.5333,"name":"EF/ef_ob_green_render/ef_ob_green_render_00002"},{"time":1.5666,"name":"EF/ef_ob_green_render/ef_ob_green_render_00003"},{"time":1.6,"name":"EF/ef_ob_green_render/ef_ob_green_render_00004"},{"time":1.6333,"name":"EF/ef_ob_green_render/ef_ob_green_render_00005"},{"time":1.6666,"name":"EF/ef_ob_green_render/ef_ob_green_render_00006"},{"time":1.7,"name":"EF/ef_ob_green_render/ef_ob_green_render_00007"},{"time":1.7333,"name":"EF/ef_ob_green_render/ef_ob_green_render_00008"},{"time":1.7666,"name":"EF/ef_ob_green_render/ef_ob_green_render_00009"},{"time":1.8,"name":"EF/ef_ob_green_render/ef_ob_green_render_00010"},{"time":1.8333,"name":"EF/ef_ob_green_render/ef_ob_green_render_00001"},{"time":1.8666,"name":"EF/ef_ob_green_render/ef_ob_green_render_00002"},{"time":1.9,"name":"EF/ef_ob_green_render/ef_ob_green_render_00003"},{"time":1.9333,"name":"EF/ef_ob_green_render/ef_ob_green_render_00004"},{"time":1.9666,"name":"EF/ef_ob_green_render/ef_ob_green_render_00005"},{"time":2,"name":"EF/ef_ob_green_render/ef_ob_green_render_00006"},{"time":2.0333,"name":"EF/ef_ob_green_render/ef_ob_green_render_00007"},{"time":2.0666,"name":"EF/ef_ob_green_render/ef_ob_green_render_00008"},{"time":2.1,"name":"EF/ef_ob_green_render/ef_ob_green_render_00009"},{"time":2.1333,"name":"EF/ef_ob_green_render/ef_ob_green_render_00010"},{"time":2.1666,"name":"EF/ef_ob_green_render/ef_ob_green_render_00001"},{"time":2.2,"name":"EF/ef_ob_green_render/ef_ob_green_render_00002"},{"time":2.2333,"name":"EF/ef_ob_green_render/ef_ob_green_render_00003"},{"time":2.2666,"name":"EF/ef_ob_green_render/ef_ob_green_render_00004"},{"time":2.3,"name":"EF/ef_ob_green_render/ef_ob_green_render_00005"},{"time":2.3333,"name":"EF/ef_ob_green_render/ef_ob_green_render_00006"},{"time":2.3666,"name":"EF/ef_ob_green_render/ef_ob_green_render_00007"},{"time":2.4,"name":"EF/ef_ob_green_render/ef_ob_green_render_00008"},{"time":2.4333,"name":"EF/ef_ob_green_render/ef_ob_green_render_00009"},{"time":2.4666,"name":"EF/ef_ob_green_render/ef_ob_green_render_00010"},{"time":2.5,"name":"EF/ef_ob_green_render/ef_ob_green_render_00001"},{"time":2.5333,"name":"EF/ef_ob_green_render/ef_ob_green_render_00002"},{"time":2.5666,"name":"EF/ef_ob_green_render/ef_ob_green_render_00003"},{"time":2.6,"name":"EF/ef_ob_green_render/ef_ob_green_render_00004"},{"time":2.6333,"name":"EF/ef_ob_green_render/ef_ob_green_render_00005"},{"time":2.6666,"name":"EF/ef_ob_green_render/ef_ob_green_render_00006"},{"time":2.7,"name":"EF/ef_ob_green_render/ef_ob_green_render_00007"},{"time":2.7333,"name":"EF/ef_ob_green_render/ef_ob_green_render_00008"},{"time":2.7666,"name":"EF/ef_ob_green_render/ef_ob_green_render_00009"},{"time":2.8,"name":"EF/ef_ob_green_render/ef_ob_green_render_00010"},{"time":2.8333,"name":"EF/ef_ob_green_render/ef_ob_green_render_00001"},{"time":2.8666,"name":"EF/ef_ob_green_render/ef_ob_green_render_00002"},{"time":2.9,"name":"EF/ef_ob_green_render/ef_ob_green_render_00003"},{"time":2.9333,"name":"EF/ef_ob_green_render/ef_ob_green_render_00004"},{"time":2.9666,"name":"EF/ef_ob_green_render/ef_ob_green_render_00005"},{"time":3,"name":"EF/ef_ob_green_render/ef_ob_green_render_00006"},{"time":3.0333,"name":"EF/ef_ob_green_render/ef_ob_green_render_00007"},{"time":3.0666,"name":"EF/ef_ob_green_render/ef_ob_green_render_00008"},{"time":3.1,"name":"EF/ef_ob_green_render/ef_ob_green_render_00009"},{"time":3.1333,"name":"EF/ef_ob_green_render/ef_ob_green_render_00010"},{"time":3.1666,"name":"EF/ef_ob_green_render/ef_ob_green_render_00001"},{"time":3.2,"name":"EF/ef_ob_green_render/ef_ob_green_render_00002"},{"time":3.2333,"name":"EF/ef_ob_green_render/ef_ob_green_render_00003"},{"time":3.2666,"name":"EF/ef_ob_green_render/ef_ob_green_render_00004"},{"time":3.3,"name":"EF/ef_ob_green_render/ef_ob_green_render_00005"},{"time":3.3333,"name":"EF/ef_ob_green_render/ef_ob_green_render_00006"},{"time":3.3666,"name":"EF/ef_ob_green_render/ef_ob_green_render_00007"},{"time":3.4,"name":"EF/ef_ob_green_render/ef_ob_green_render_00008"},{"time":3.4333,"name":"EF/ef_ob_green_render/ef_ob_green_render_00009"},{"time":3.4666,"name":"EF/ef_ob_green_render/ef_ob_green_render_00010"},{"time":3.5,"name":"EF/ef_ob_green_render/ef_ob_green_render_00001"},{"time":3.5333,"name":"EF/ef_ob_green_render/ef_ob_green_render_00002"},{"time":3.5666,"name":"EF/ef_ob_green_render/ef_ob_green_render_00003"},{"time":3.6,"name":"EF/ef_ob_green_render/ef_ob_green_render_00004"},{"time":3.6333,"name":"EF/ef_ob_green_render/ef_ob_green_render_00005"},{"time":3.6666,"name":"EF/ef_ob_green_render/ef_ob_green_render_00006"},{"time":3.7,"name":"EF/ef_ob_green_render/ef_ob_green_render_00007"},{"time":3.7333,"name":"EF/ef_ob_green_render/ef_ob_green_render_00008"},{"time":3.7666,"name":"EF/ef_ob_green_render/ef_ob_green_render_00009"},{"time":3.8,"name":"EF/ef_ob_green_render/ef_ob_green_render_00010"},{"time":3.8333,"name":"EF/ef_ob_green_render/ef_ob_green_render_00001"},{"time":3.8666,"name":"EF/ef_ob_green_render/ef_ob_green_render_00002"},{"time":3.9,"name":"EF/ef_ob_green_render/ef_ob_green_render_00003"},{"time":3.9333,"name":"EF/ef_ob_green_render/ef_ob_green_render_00004"},{"time":3.9666,"name":"EF/ef_ob_green_render/ef_ob_green_render_00005"},{"time":4,"name":"EF/ef_ob_green_render/ef_ob_green_render_00006"},{"time":4.0333,"name":"EF/ef_ob_green_render/ef_ob_green_render_00007"},{"time":4.0666,"name":"EF/ef_ob_green_render/ef_ob_green_render_00008"},{"time":4.1,"name":"EF/ef_ob_green_render/ef_ob_green_render_00009"},{"time":4.1333,"name":"EF/ef_ob_green_render/ef_ob_green_render_00010"},{"time":4.1666,"name":"EF/ef_ob_green_render/ef_ob_green_render_00001"},{"time":4.2,"name":"EF/ef_ob_green_render/ef_ob_green_render_00002"},{"time":4.2333,"name":"EF/ef_ob_green_render/ef_ob_green_render_00003"},{"time":4.2666,"name":"EF/ef_ob_green_render/ef_ob_green_render_00004"},{"time":4.3,"name":"EF/ef_ob_green_render/ef_ob_green_render_00005"},{"time":4.3333,"name":"EF/ef_ob_green_render/ef_ob_green_render_00006"},{"time":4.3666,"name":"EF/ef_ob_green_render/ef_ob_green_render_00007"},{"time":4.4,"name":"EF/ef_ob_green_render/ef_ob_green_render_00008"},{"time":4.4333,"name":"EF/ef_ob_green_render/ef_ob_green_render_00009"},{"time":4.4666,"name":"EF/ef_ob_green_render/ef_ob_green_render_00010"},{"time":4.5,"name":"EF/ef_ob_green_render/ef_ob_green_render_00001"},{"time":4.5333,"name":"EF/ef_ob_green_render/ef_ob_green_render_00002"},{"time":4.5666,"name":"EF/ef_ob_green_render/ef_ob_green_render_00003"},{"time":4.6,"name":"EF/ef_ob_green_render/ef_ob_green_render_00004"},{"time":4.6333,"name":"EF/ef_ob_green_render/ef_ob_green_render_00005"},{"time":4.6666,"name":"EF/ef_ob_green_render/ef_ob_green_render_00006"},{"time":4.7,"name":"EF/ef_ob_green_render/ef_ob_green_render_00007"},{"time":4.7333,"name":"EF/ef_ob_green_render/ef_ob_green_render_00008"},{"time":4.7666,"name":"EF/ef_ob_green_render/ef_ob_green_render_00009"},{"time":4.8,"name":"EF/ef_ob_green_render/ef_ob_green_render_00010"},{"time":4.8333,"name":"EF/ef_ob_green_render/ef_ob_green_render_00001"},{"time":4.8666,"name":"EF/ef_ob_green_render/ef_ob_green_render_00002"},{"time":4.9,"name":"EF/ef_ob_green_render/ef_ob_green_render_00003"},{"time":4.9333,"name":"EF/ef_ob_green_render/ef_ob_green_render_00004"},{"time":4.9666,"name":"EF/ef_ob_green_render/ef_ob_green_render_00005"},{"time":5,"name":"EF/ef_ob_green_render/ef_ob_green_render_00006"},{"time":5.0333,"name":"EF/ef_ob_green_render/ef_ob_green_render_00007"},{"time":5.0666,"name":"EF/ef_ob_green_render/ef_ob_green_render_00008"},{"time":5.1,"name":"EF/ef_ob_green_render/ef_ob_green_render_00009"},{"time":5.1333,"name":"EF/ef_ob_green_render/ef_ob_green_render_00010"},{"time":5.1666,"name":"EF/ef_ob_green_render/ef_ob_green_render_00001"},{"time":5.2,"name":"EF/ef_ob_green_render/ef_ob_green_render_00002"},{"time":5.2333,"name":"EF/ef_ob_green_render/ef_ob_green_render_00003"},{"time":5.2666,"name":"EF/ef_ob_green_render/ef_ob_green_render_00004"},{"time":5.3,"name":"EF/ef_ob_green_render/ef_ob_green_render_00005"},{"time":5.3333,"name":"EF/ef_ob_green_render/ef_ob_green_render_00006"},{"time":5.3666,"name":"EF/ef_ob_green_render/ef_ob_green_render_00007"},{"time":5.4,"name":"EF/ef_ob_green_render/ef_ob_green_render_00008"},{"time":5.4333,"name":"EF/ef_ob_green_render/ef_ob_green_render_00009"},{"time":5.4666,"name":"EF/ef_ob_green_render/ef_ob_green_render_00010"}],"color":[{"time":5.3333,"color":"ffffffff"},{"time":5.4,"color":"ffffff00"}]},"EF/ef_ob_rotat_blue_main/ef_ob_rotat_blue_main_00001":{"attachment":[{"time":0,"name":"EF/ef_ob_rotat_blue_main/ef_ob_rotat_blue_main_00001"},{"time":0.0666,"name":"EF/ef_ob_rotat_blue_main/ef_ob_rotat_blue_main_00003"},{"time":0.1333,"name":"EF/ef_ob_rotat_blue_main/ef_ob_rotat_blue_main_00005"},{"time":0.2,"name":"EF/ef_ob_rotat_blue_main/ef_ob_rotat_blue_main_00007"},{"time":0.2666,"name":"EF/ef_ob_rotat_blue_main/ef_ob_rotat_blue_main_00009"},{"time":0.3333,"name":"EF/ef_ob_rotat_blue_main/ef_ob_rotat_blue_main_00011"},{"time":0.4,"name":"EF/ef_ob_rotat_blue_main/ef_ob_rotat_blue_main_00013"},{"time":0.4666,"name":"EF/ef_ob_rotat_blue_main/ef_ob_rotat_blue_main_00015"},{"time":0.5333,"name":"EF/ef_ob_rotat_blue_main/ef_ob_rotat_blue_main_00017"},{"time":0.6,"name":"EF/ef_ob_rotat_blue_main/ef_ob_rotat_blue_main_00019"},{"time":0.6666,"name":"EF/ef_ob_rotat_blue_main/ef_ob_rotat_blue_main_00021"},{"time":0.7333,"name":"EF/ef_ob_rotat_blue_main/ef_ob_rotat_blue_main_00023"},{"time":0.8,"name":"EF/ef_ob_rotat_blue_main/ef_ob_rotat_blue_main_00025"},{"time":0.8666,"name":"EF/ef_ob_rotat_blue_main/ef_ob_rotat_blue_main_00027"},{"time":0.9333,"name":"EF/ef_ob_rotat_blue_main/ef_ob_rotat_blue_main_00029"},{"time":1,"name":"EF/ef_ob_rotat_blue_main/ef_ob_rotat_blue_main_00001"},{"time":1.0666,"name":"EF/ef_ob_rotat_blue_main/ef_ob_rotat_blue_main_00003"},{"time":1.1333,"name":"EF/ef_ob_rotat_blue_main/ef_ob_rotat_blue_main_00005"},{"time":1.2,"name":"EF/ef_ob_rotat_blue_main/ef_ob_rotat_blue_main_00007"},{"time":1.2666,"name":"EF/ef_ob_rotat_blue_main/ef_ob_rotat_blue_main_00009"},{"time":1.3333,"name":"EF/ef_ob_rotat_blue_main/ef_ob_rotat_blue_main_00011"},{"time":1.3666,"name":null}],"color":[{"time":0,"color":"ffffff00"},{"time":0.1666,"color":"ffffffff"}]},"EF/ef_ob_rotat_green_main/ef_ob_rotat_green_main_00001":{"attachment":[{"time":0,"name":"EF/ef_ob_rotat_green_main/ef_ob_rotat_green_main_00001"},{"time":0.0666,"name":"EF/ef_ob_rotat_green_main/ef_ob_rotat_green_main_00003"},{"time":0.1333,"name":"EF/ef_ob_rotat_green_main/ef_ob_rotat_green_main_00005"},{"time":0.2,"name":"EF/ef_ob_rotat_green_main/ef_ob_rotat_green_main_00007"},{"time":0.2666,"name":"EF/ef_ob_rotat_green_main/ef_ob_rotat_green_main_00009"},{"time":0.3333,"name":"EF/ef_ob_rotat_green_main/ef_ob_rotat_green_main_00011"},{"time":0.4,"name":"EF/ef_ob_rotat_green_main/ef_ob_rotat_green_main_00013"},{"time":0.4666,"name":"EF/ef_ob_rotat_green_main/ef_ob_rotat_green_main_00015"},{"time":0.5333,"name":"EF/ef_ob_rotat_green_main/ef_ob_rotat_green_main_00017"},{"time":0.6,"name":"EF/ef_ob_rotat_green_main/ef_ob_rotat_green_main_00019"},{"time":0.6666,"name":"EF/ef_ob_rotat_green_main/ef_ob_rotat_green_main_00021"},{"time":0.7333,"name":"EF/ef_ob_rotat_green_main/ef_ob_rotat_green_main_00023"},{"time":0.8,"name":"EF/ef_ob_rotat_green_main/ef_ob_rotat_green_main_00025"},{"time":0.8666,"name":"EF/ef_ob_rotat_green_main/ef_ob_rotat_green_main_00027"},{"time":0.9333,"name":"EF/ef_ob_rotat_green_main/ef_ob_rotat_green_main_00029"},{"time":1,"name":"EF/ef_ob_rotat_green_main/ef_ob_rotat_green_main_00001"},{"time":1.0666,"name":"EF/ef_ob_rotat_green_main/ef_ob_rotat_green_main_00003"},{"time":1.1333,"name":"EF/ef_ob_rotat_green_main/ef_ob_rotat_green_main_00005"},{"time":1.2,"name":"EF/ef_ob_rotat_green_main/ef_ob_rotat_green_main_00007"},{"time":1.2666,"name":"EF/ef_ob_rotat_green_main/ef_ob_rotat_green_main_00009"},{"time":1.3333,"name":"EF/ef_ob_rotat_green_main/ef_ob_rotat_green_main_00011"},{"time":1.3666,"name":null}],"color":[{"time":0,"color":"ffffff00"},{"time":0.1666,"color":"ffffffff"}]},"EF/ef_ob_rotat_main2/ef_ob_rotat_main2_00001":{"attachment":[{"time":1.3666,"name":"EF/ef_ob_rotat_main2/ef_ob_rotat_main 2_00021"},{"time":1.4,"name":"EF/ef_ob_rotat_main2/ef_ob_rotat_main 2_00022"},{"time":1.4333,"name":"EF/ef_ob_rotat_main2/ef_ob_rotat_main 2_00023"},{"time":1.4666,"name":"EF/ef_ob_rotat_main2/ef_ob_rotat_main 2_00024"},{"time":1.5,"name":"EF/ef_ob_rotat_main2/ef_ob_rotat_main 2_00025"},{"time":1.7,"name":null},{"time":5.4,"name":"EF/ef_ob_rotat_main2/ef_ob_rotat_main 2_00026"},{"time":5.4333,"name":"EF/ef_ob_rotat_main2/ef_ob_rotat_main 2_00027"},{"time":5.4666,"name":"EF/ef_ob_rotat_main2/ef_ob_rotat_main 2_00028"},{"time":5.5,"name":"EF/ef_ob_rotat_main2/ef_ob_rotat_main 2_00029"},{"time":5.6,"name":"EF/ef_ob_rotat_main2/ef_ob_rotat_main 2_00030"}],"color":[{"time":1.5333,"color":"ffffffff"},{"time":1.6666,"color":"ffffff00","curve":"stepped"},{"time":5.4,"color":"ffffffff"},{"time":5.6,"color":"ffffff00"}]},"MAIN":{"attachment":[{"time":0,"name":"idle_00"},{"time":0.1,"name":"idle_01"},{"time":0.2333,"name":"idle_02"},{"time":0.3333,"name":"idle_03"},{"time":0.4666,"name":"idle_04"},{"time":0.5666,"name":"idle_00"},{"time":0.7,"name":"idle_01"},{"time":0.8,"name":"idle_02"},{"time":0.9333,"name":"idle_03"},{"time":1.0333,"name":"idle_04"},{"time":1.1666,"name":"skill2_00"},{"time":1.2666,"name":"skill2_01"},{"time":1.4,"name":"skill2_02"},{"time":1.5,"name":"skill2_03"},{"time":1.6,"name":"skill2_04"},{"time":1.8,"name":"skill2_04"},{"time":1.9,"name":"skill2_03"},{"time":2,"name":"skill2_04"},{"time":2.1,"name":"skill2_03"},{"time":2.2,"name":"skill2_04"},{"time":2.3,"name":"skill2_03"},{"time":2.4,"name":"skill2_04"},{"time":2.5,"name":"skill2_03"},{"time":2.6,"name":"skill2_04"},{"time":2.7,"name":"skill2_03"},{"time":2.8,"name":"skill2_04"},{"time":2.9,"name":"skill2_03"},{"time":3,"name":"skill2_04"},{"time":3.1,"name":"skill2_03"},{"time":3.2,"name":"skill2_04"},{"time":3.3,"name":"skill2_03"},{"time":3.4,"name":"skill2_04"},{"time":3.5,"name":"skill2_03"},{"time":3.6,"name":"skill2_04"},{"time":3.7,"name":"skill2_03"},{"time":3.8,"name":"skill2_04"},{"time":3.9,"name":"skill2_03"},{"time":4,"name":"skill2_04"},{"time":4.1,"name":"skill2_03"},{"time":4.2,"name":"skill2_04"},{"time":4.3,"name":"skill2_03"},{"time":4.4,"name":"skill2_04"},{"time":4.5,"name":"skill2_03"},{"time":4.6,"name":"skill2_04"},{"time":4.7,"name":"skill2_03"},{"time":4.8,"name":"skill2_04"},{"time":4.9,"name":"skill2_03"},{"time":5,"name":"skill2_04"},{"time":5.1,"name":"skill2_03"},{"time":5.1666,"name":"skill2_04"},{"time":5.2333,"name":"skill2_05"},{"time":5.3333,"name":"skill2_06"},{"time":5.4,"name":"skill2_07"},{"time":5.4666,"name":"skill2_01"},{"time":5.5333,"name":"skill2_00"},{"time":5.6,"name":"idle_01"},{"time":5.6666,"name":"idle_01"}]}},"bones":{"MAIN":{"translate":[{"time":1.1666,"x":0,"y":0,"curve":[0.202,0.52,0.75,1]},{"time":1.4,"x":0,"y":50,"curve":[0.178,0.42,0.75,1]},{"time":1.5,"x":0,"y":60,"curve":"stepped"},{"time":5.2333,"x":0,"y":60,"curve":[0.173,0.6,0.75,1]},{"time":5.6666,"x":0,"y":0}]},"ef_ob_blue_render":{"translate":[{"time":1.5,"x":3.91,"y":246.42}]},"ef_ob_rotat_blue_main":{"translate":[{"time":0,"x":0,"y":78.81,"curve":"stepped"},{"time":1.0333,"x":0,"y":78.81},{"time":1.3333,"x":0,"y":142.45}],"scale":[{"time":0,"x":0.463,"y":0.463},{"time":0.3333,"x":1,"y":1,"curve":"stepped"},{"time":1.0333,"x":1,"y":1},{"time":1.3333,"x":1.738,"y":1.738}]},"ef_ob_rotat_green_main":{"translate":[{"time":0,"x":0,"y":78.81,"curve":"stepped"},{"time":1.0333,"x":0,"y":78.81},{"time":1.3333,"x":0,"y":142.45}],"scale":[{"time":0,"x":0.463,"y":0.463},{"time":0.3333,"x":1,"y":1,"curve":"stepped"},{"time":1.0333,"x":1,"y":1},{"time":1.3333,"x":1.738,"y":1.738}]},"ef_ob_rotat_main2":{"rotate":[{"time":1.3666,"angle":10.86},{"time":1.5,"angle":0,"curve":"stepped"},{"time":5.4,"angle":-26.69},{"time":5.5,"angle":-20.73}],"translate":[{"time":1.3666,"x":28.39,"y":165.22},{"time":1.5,"x":116.17,"y":138.65},{"time":1.6666,"x":389.81,"y":-69.3,"curve":"stepped"},{"time":5.4,"x":17.88,"y":117.65},{"time":5.5,"x":2,"y":42.69}],"scale":[{"time":1.3666,"x":2.095,"y":2.327},{"time":1.5,"x":1.945,"y":1.945},{"time":1.6666,"x":6.647,"y":6.647,"curve":"stepped"},{"time":5.4,"x":1.052,"y":1.168},{"time":5.5,"x":1.369,"y":1.52}]},"ef_ob_green_render":{"translate":[{"time":1.5,"x":3.91,"y":246.42}]},"S2_wave1":{"rotate":[{"time":1.4666,"angle":55}],"translate":[{"time":1.4666,"x":3.89,"y":228.19}],"scale":[{"time":1.4666,"x":0.323,"y":1},{"time":1.6666,"x":1.34,"y":8.922},{"time":1.8,"x":1.693,"y":11.273}]},"S2_wave2":{"rotate":[{"time":1.4666,"angle":-55}],"translate":[{"time":1.4666,"x":3.89,"y":228.19}],"scale":[{"time":1.4666,"x":0.323,"y":1},{"time":1.6666,"x":1.34,"y":8.922},{"time":1.8,"x":1.693,"y":11.273}]},"ef_wind_circle_main":{"rotate":[{"time":2.3,"angle":180}],"translate":[{"time":1,"x":13.02,"y":74.28,"curve":[0.145,0.76,0.75,1]},{"time":1.6666,"x":13.02,"y":85.4,"curve":"stepped"},{"time":1.7,"x":5,"y":74.28,"curve":[0.145,0.76,0.75,1]},{"time":2.3,"x":5,"y":565.26}],"scale":[{"time":1,"x":-1.6,"y":1.6,"curve":[0.145,0.76,0.75,1]},{"time":1.6666,"x":-2.5,"y":2.5,"curve":"stepped"},{"time":1.7,"x":-1.6,"y":1.6,"curve":[0.25,0,0.75,1]},{"time":2.3,"x":-10.199,"y":12.121}]},"ef_wind_circle_main2":{"translate":[{"time":1.2333,"x":13.02,"y":99.28,"curve":[0.145,0.76,0.75,1]},{"time":1.5666,"x":13.02,"y":120,"curve":"stepped"},{"time":1.8,"x":13.02,"y":99.28,"curve":[0.25,0,0.75,1]},{"time":2.1333,"x":13.02,"y":170.49}],"scale":[{"time":1.2333,"x":2.2,"y":2.2,"curve":[0.145,0.76,0.75,1]},{"time":1.5666,"x":3,"y":3,"curve":"stepped"},{"time":1.8,"x":2.2,"y":2.2,"curve":[0.25,0,0.75,1]},{"time":2.1333,"x":13.448,"y":13.448}]},"DAMAGEAREA":{"translate":[{"time":1.9,"x":0.82,"y":203.94},{"time":3.1333,"x":-0.48,"y":205.38},{"time":5,"x":-255.27,"y":205.38},{"time":5.3333,"x":-400.02,"y":205.38}],"scale":[{"time":1.9,"x":1.859,"y":3.56}]}},"events":[{"time":0,"name":"Sound1","string":"cri_se_scenario_no2_magic"},{"time":0,"name":"Voice","string":"cri_138_voice_fullarts_now"},{"time":0.0333,"name":"Event","float":0.1,"string":"kHitStopType_enemyonly"},{"time":0.0666,"name":"Event","string":"kImpactType-up"},{"time":0.1,"name":"Event","string":"runScript-dualElement"},{"time":1.3333,"name":"Event","string":"shakeGround"},{"time":1.4,"name":"Sound1","string":"cri_se_battle_arrow_light_effect"},{"time":1.7333,"name":"Sound1","string":"cri_se_battle_storm"},{"time":1.7333,"name":"Sound2","string":"cri_se_battle_034_explosion_element_02"},{"time":1.8333,"name":"Event","string":"shakeGround"},{"time":1.8666,"name":"Event","float":3,"string":"shakeGround-Loop"},{"time":1.9,"name":"Event","string":"runScript-Suction"},{"time":1.9,"name":"Sound3","string":"setHitSound(se_battle_explosion_water_02)"},{"time":1.9,"name":"Voice","string":"cri_138_voice_fullarts_rank5"},{"time":1.9666,"name":"Hit","string":"resetHitList"},{"time":1.9666,"name":"Sound3","string":"setHitSound(empty)"},{"time":2.1,"name":"Hit","string":"resetHitList"},{"time":2.1,"name":"Sound3","string":"setHitSound(se_battle_explosion_water_02)"},{"time":2.2333,"name":"Hit","string":"resetHitList"},{"time":2.3,"name":"Sound1","string":"cri_se_battle_skill_explosion_02"},{"time":2.3666,"name":"Hit","string":"resetHitList"},{"time":2.5,"name":"Hit","string":"resetHitList"},{"time":2.6333,"name":"Hit","string":"resetHitList"},{"time":2.7666,"name":"Hit","string":"resetHitList"},{"time":2.9,"name":"Hit","string":"resetHitList"},{"time":3.0333,"name":"Hit","string":"resetHitList"},{"time":3.0333,"name":"Sound3","string":"setHitSound(se_battle_explosion_water_02)"},{"time":3.1,"name":"Event","string":"runScript-SuctionEnd"},{"time":3.1333,"name":"Event","string":"setHitBackEnemy(10,0)"},{"time":3.1333,"name":"Hit","float":2,"string":"resetHitList"},{"time":3.1333,"name":"Sound3","string":"setHitSound(empty)"},{"time":3.2,"name":"Hit","float":2,"string":"resetHitList"},{"time":3.2,"name":"Sound3","string":"setHitSound(se_battle_explosion_water_02)"},{"time":3.2666,"name":"Hit","float":2,"string":"resetHitList"},{"time":3.2666,"name":"Sound3","string":"setHitSound(empty)"},{"time":3.3333,"name":"Hit","float":2,"string":"resetHitList"},{"time":3.3333,"name":"Sound3","string":"setHitSound(se_battle_explosion_water_02)"},{"time":3.4,"name":"Hit","float":2,"string":"resetHitList"},{"time":3.4,"name":"Sound3","string":"setHitSound(empty)"},{"time":3.4666,"name":"Hit","float":2,"string":"resetHitList"},{"time":3.4666,"name":"Sound3","string":"setHitSound(se_battle_explosion_water_02)"},{"time":3.5333,"name":"Hit","float":2,"string":"resetHitList"},{"time":3.5333,"name":"Sound3","string":"setHitSound(empty)"},{"time":3.6,"name":"Hit","float":2,"string":"resetHitList"},{"time":3.6,"name":"Sound3","string":"setHitSound(se_battle_explosion_water_02)"},{"time":3.6666,"name":"Hit","float":2,"string":"resetHitList"},{"time":3.6666,"name":"Sound3","string":"setHitSound(empty)"},{"time":3.7333,"name":"Hit","float":2,"string":"resetHitList"},{"time":3.7333,"name":"Sound3","string":"setHitSound(se_battle_explosion_water_02)"},{"time":3.8,"name":"Hit","float":2,"string":"resetHitList"},{"time":3.8,"name":"Sound3","string":"setHitSound(empty)"},{"time":3.8666,"name":"Hit","float":2,"string":"resetHitList"},{"time":3.8666,"name":"Sound3","string":"setHitSound(se_battle_explosion_water_02)"},{"time":3.9333,"name":"Hit","float":2,"string":"resetHitList"},{"time":3.9333,"name":"Sound3","string":"setHitSound(empty)"},{"time":4,"name":"Hit","float":4,"string":"resetHitList"},{"time":4,"name":"Sound3","string":"setHitSound(se_battle_explosion_water_02)"},{"time":4.0666,"name":"Hit","float":4,"string":"resetHitList"},{"time":4.0666,"name":"Sound3","string":"setHitSound(empty)"},{"time":4.1333,"name":"Hit","float":4,"string":"resetHitList"},{"time":4.1333,"name":"Sound3","string":"setHitSound(se_battle_explosion_water_02)"},{"time":4.2,"name":"Hit","float":4,"string":"resetHitList"},{"time":4.2,"name":"Sound3","string":"setHitSound(empty)"},{"time":4.2666,"name":"Hit","float":4,"string":"resetHitList"},{"time":4.2666,"name":"Sound3","string":"setHitSound(se_battle_explosion_water_02)"},{"time":4.3333,"name":"Hit","float":4,"string":"resetHitList"},{"time":4.3333,"name":"Sound3","string":"setHitSound(empty)"},{"time":4.4,"name":"Hit","float":4,"string":"resetHitList"},{"time":4.4,"name":"Sound3","string":"setHitSound(se_battle_explosion_water_02)"},{"time":4.4666,"name":"Hit","float":4,"string":"resetHitList"},{"time":4.4666,"name":"Sound3","string":"setHitSound(empty)"},{"time":4.5333,"name":"Hit","float":4,"string":"resetHitList"},{"time":4.5333,"name":"Sound3","string":"setHitSound(se_battle_explosion_water_02)"},{"time":4.6,"name":"Hit","float":4,"string":"resetHitList"},{"time":4.6,"name":"Sound3","string":"setHitSound(empty)"},{"time":4.6666,"name":"Hit","float":4,"string":"resetHitList"},{"time":4.6666,"name":"Sound3","string":"setHitSound(se_battle_explosion_water_02)"},{"time":4.7333,"name":"Hit","float":4,"string":"resetHitList"},{"time":4.7333,"name":"Sound3","string":"setHitSound(empty)"},{"time":4.8,"name":"Hit","float":4,"string":"resetHitList"},{"time":4.8,"name":"Sound3","string":"setHitSound(se_battle_explosion_water_02)"},{"time":4.8666,"name":"Hit","float":4,"string":"resetHitList"},{"time":4.8666,"name":"Sound3","string":"setHitSound(empty)"},{"time":4.9333,"name":"Hit","float":4,"string":"resetHitList"},{"time":4.9333,"name":"Sound3","string":"setHitSound(se_battle_explosion_water_02)"},{"time":5,"name":"Hit","float":4,"string":"resetHitList"},{"time":5,"name":"Sound3","string":"setHitSound(empty)"},{"time":5.0666,"name":"Hit","float":4,"string":"resetHitList"},{"time":5.0666,"name":"Sound3","string":"setHitSound(se_battle_explosion_water_02)"},{"time":5.1333,"name":"Hit","float":4,"string":"resetHitList"},{"time":5.1333,"name":"Sound3","string":"setHitSound(empty)"},{"time":5.2,"name":"Hit","float":4,"string":"resetHitList"},{"time":5.2,"name":"Sound3","string":"setHitSound(se_battle_explosion_water_02)"},{"time":5.2666,"name":"Hit","float":4,"string":"resetHitList"},{"time":5.2666,"name":"Sound3","string":"setHitSound(empty)"}]}}}