{"skeleton":{"hash":"kCusR5tc8xDKiTTa2+lTfvk6uLM","spine":"3.0.12","width":0,"height":0},"bones":[{"name":"root"},{"name":"MAIN2","parent":"root","y":70},{"name":"MAIN","parent":"root","y":70},{"name":"ef","parent":"MAIN"},{"name":"HITBOX","parent":"MAIN","y":-2.46},{"name":"EF","parent":"root"},{"name":"ef_slash_E_12_at","parent":"EF","x":600},{"name":"ef_slash_D_12_at","parent":"EF","x":550},{"name":"ef_slash_C_12_at","parent":"EF","x":500},{"name":"ef_slash_B_12_s2","parent":"EF","x":450},{"name":"ef_slash_A_12_s2","parent":"EF","x":400},{"name":"ef_graund_wave_purple3","parent":"EF","x":350},{"name":"ef_graund_wave_purple2","parent":"EF","x":350},{"name":"ef_graund_wave_purple","parent":"EF","x":350},{"name":"ef_graund_wave_green4","parent":"EF","x":300},{"name":"ef_graund_wave_green3","parent":"EF","x":300},{"name":"ef_graund_wave_green2","parent":"EF","x":300},{"name":"ef_graund_wave_green","parent":"EF","x":300},{"name":"ef_flash_line_main","parent":"EF","x":50},{"name":"ef_energy_particle_main","parent":"EF","x":250},{"name":"ef_energy_core_main","parent":"EF","x":200},{"name":"ef_energy_circle_main","parent":"EF","x":150},{"name":"ef_dash_aura_main","parent":"EF","x":100},{"name":"ef_OF_green","parent":"EF"},{"name":"DAMAGEAREA","parent":"root"}],"slots":[{"name":"EF/0h/s12_ef_graund_wave_green/ef_graund_wave_green_00001","bone":"ef_graund_wave_green"},{"name":"EF/0h/s12_ef_graund_wave_green/ef_graund_wave_green_1","bone":"ef_graund_wave_green2"},{"name":"EF/0h/s12_ef_graund_wave_green/ef_graund_wave_green_2","bone":"ef_graund_wave_green3"},{"name":"EF/0h/s12_ef_graund_wave_green/ef_graund_wave_green_3","bone":"ef_graund_wave_green4"},{"name":"EF/0h/s12_ef_graund_wave_purple/ef_graund_wave_purple_00001","bone":"ef_graund_wave_purple","blend":"additive"},{"name":"EF/0h/s12_ef_graund_wave_purple/ef_graund_wave_purple_1","bone":"ef_graund_wave_purple2","blend":"additive"},{"name":"EF/0h/s12_ef_graund_wave_purple/ef_graund_wave_purple_2","bone":"ef_graund_wave_purple3","blend":"additive"},{"name":"MAIN","bone":"MAIN","attachment":"idle_00"},{"name":"MAIN2","bone":"MAIN2","blend":"additive"},{"name":"attack1_01_ef","bone":"ef"},{"name":"EF/0h/at_ef_slash_C_main/ef_slash_C_main_00001","bone":"ef_slash_C_12_at","blend":"additive"},{"name":"EF/0h/at_ef_slash_C_main2/ef_slash_C_main 2_00001","bone":"ef_slash_C_12_at","blend":"additive"},{"name":"EF/0h/at_ef_slash_D_main/ef_slash_D_main_00001","bone":"ef_slash_D_12_at","blend":"additive"},{"name":"EF/0h/at_ef_slash_D_main2/ef_slash_D_main 2_00001","bone":"ef_slash_D_12_at","blend":"additive"},{"name":"EF/0h/at_ef_slash_E_main/ef_slash_E_main_00001","bone":"ef_slash_E_12_at","blend":"additive"},{"name":"EF/0h/at_ef_slash_E_main2/ef_slash_E_main 2_00001","bone":"ef_slash_E_12_at","blend":"additive"},{"name":"EF/0h/s2_ef_slash_A_main/ef_slash_A_main_00001","bone":"ef_slash_A_12_s2","blend":"additive"},{"name":"EF/0h/s2_ef_slash_A_main2/ef_slash_A_main 2_00001","bone":"ef_slash_A_12_s2","blend":"additive"},{"name":"EF/0h/s2_ef_slash_B_main/ef_slash_B_main_00001","bone":"ef_slash_B_12_s2","blend":"additive"},{"name":"EF/0h/s2_ef_slash_B_main2/ef_slash_B_main 2_00001","bone":"ef_slash_B_12_s2","blend":"additive"},{"name":"EF/0h/s3_ef_dash_aura_main/ef_dash_aura_main_00001","bone":"ef_dash_aura_main","blend":"additive"},{"name":"EF/0h/s3_ef_energy_circle_main/ef_energy_circle_main_00001","bone":"ef_energy_circle_main","blend":"additive"},{"name":"EF/0h/s3_ef_energy_core_main/ef_energy_core_main_00001","bone":"ef_energy_core_main","blend":"additive"},{"name":"EF/0h/s3_ef_energy_particle_main/ef_energy_particle_main_00002","bone":"ef_energy_particle_main","blend":"additive"},{"name":"EF/0h/s3_ef_energy_particle_main/ef_energy_particle_main_2","bone":"ef_energy_particle_main","blend":"additive"},{"name":"EF/0h/s3_ef_flash_line_main/ef_flash_line_main_00004","bone":"ef_flash_line_main","blend":"additive"},{"name":"EF/s3_ef_OF_green/ef_OF_green_00001","bone":"ef_OF_green","blend":"additive"},{"name":"DAMAGEAREA","bone":"DAMAGEAREA"},{"name":"HITBOX","bone":"HITBOX","attachment":"HITBOX"}],"skins":{"default":{"DAMAGEAREA":{"DAMAGEAREA":{"type":"boundingbox","vertices":[-63.8698,63.35523,-63.8698,-63.87771,63.96615,-63.87771,63.96615,63.35523]}},"EF/0h/at_ef_slash_C_main/ef_slash_C_main_00001":{"EF/0h/at_ef_slash_C_main/ef_slash_C_main_00001":{"width":200,"height":200},"EF/0h/at_ef_slash_C_main/ef_slash_C_main_00002":{"width":200,"height":200},"EF/0h/at_ef_slash_C_main/ef_slash_C_main_00003":{"width":200,"height":200},"EF/0h/at_ef_slash_C_main/ef_slash_C_main_00004":{"width":200,"height":200},"EF/0h/at_ef_slash_C_main/ef_slash_C_main_00005":{"width":200,"height":200},"EF/0h/at_ef_slash_C_main/ef_slash_C_main_00006":{"width":200,"height":200},"EF/0h/at_ef_slash_C_main/ef_slash_C_main_00007":{"width":200,"height":200},"EF/0h/at_ef_slash_C_main/ef_slash_C_main_00008":{"width":200,"height":200}},"EF/0h/at_ef_slash_C_main2/ef_slash_C_main 2_00001":{"EF/0h/at_ef_slash_C_main2/ef_slash_C_main 2_00001":{"width":200,"height":200},"EF/0h/at_ef_slash_C_main2/ef_slash_C_main 2_00002":{"width":200,"height":200},"EF/0h/at_ef_slash_C_main2/ef_slash_C_main 2_00003":{"width":200,"height":200},"EF/0h/at_ef_slash_C_main2/ef_slash_C_main 2_00004":{"width":200,"height":200},"EF/0h/at_ef_slash_C_main2/ef_slash_C_main 2_00005":{"width":200,"height":200},"EF/0h/at_ef_slash_C_main2/ef_slash_C_main 2_00006":{"width":200,"height":200},"EF/0h/at_ef_slash_C_main2/ef_slash_C_main 2_00007":{"width":200,"height":200},"EF/0h/at_ef_slash_C_main2/ef_slash_C_main 2_00008":{"width":200,"height":200}},"EF/0h/at_ef_slash_D_main/ef_slash_D_main_00001":{"EF/0h/at_ef_slash_D_main/ef_slash_D_main_00001":{"width":200,"height":200},"EF/0h/at_ef_slash_D_main/ef_slash_D_main_00002":{"width":200,"height":200},"EF/0h/at_ef_slash_D_main/ef_slash_D_main_00003":{"width":200,"height":200},"EF/0h/at_ef_slash_D_main/ef_slash_D_main_00004":{"width":200,"height":200},"EF/0h/at_ef_slash_D_main/ef_slash_D_main_00005":{"width":200,"height":200},"EF/0h/at_ef_slash_D_main/ef_slash_D_main_00006":{"width":200,"height":200},"EF/0h/at_ef_slash_D_main/ef_slash_D_main_00007":{"width":200,"height":200},"EF/0h/at_ef_slash_D_main/ef_slash_D_main_00008":{"width":200,"height":200}},"EF/0h/at_ef_slash_D_main2/ef_slash_D_main 2_00001":{"EF/0h/at_ef_slash_D_main2/ef_slash_D_main 2_00001":{"width":200,"height":200},"EF/0h/at_ef_slash_D_main2/ef_slash_D_main 2_00002":{"width":200,"height":200},"EF/0h/at_ef_slash_D_main2/ef_slash_D_main 2_00003":{"width":200,"height":200},"EF/0h/at_ef_slash_D_main2/ef_slash_D_main 2_00004":{"width":200,"height":200},"EF/0h/at_ef_slash_D_main2/ef_slash_D_main 2_00005":{"width":200,"height":200},"EF/0h/at_ef_slash_D_main2/ef_slash_D_main 2_00006":{"width":200,"height":200},"EF/0h/at_ef_slash_D_main2/ef_slash_D_main 2_00007":{"width":200,"height":200},"EF/0h/at_ef_slash_D_main2/ef_slash_D_main 2_00008":{"width":200,"height":200}},"EF/0h/at_ef_slash_E_main/ef_slash_E_main_00001":{"EF/0h/at_ef_slash_E_main/ef_slash_E_main_00001":{"width":200,"height":200},"EF/0h/at_ef_slash_E_main/ef_slash_E_main_00002":{"width":200,"height":200},"EF/0h/at_ef_slash_E_main/ef_slash_E_main_00003":{"width":200,"height":200},"EF/0h/at_ef_slash_E_main/ef_slash_E_main_00004":{"width":200,"height":200},"EF/0h/at_ef_slash_E_main/ef_slash_E_main_00005":{"width":200,"height":200},"EF/0h/at_ef_slash_E_main/ef_slash_E_main_00006":{"width":200,"height":200},"EF/0h/at_ef_slash_E_main/ef_slash_E_main_00007":{"width":200,"height":200},"EF/0h/at_ef_slash_E_main/ef_slash_E_main_00008":{"width":200,"height":200}},"EF/0h/at_ef_slash_E_main2/ef_slash_E_main 2_00001":{"EF/0h/at_ef_slash_E_main2/ef_slash_E_main 2_00001":{"width":200,"height":200},"EF/0h/at_ef_slash_E_main2/ef_slash_E_main 2_00002":{"width":200,"height":200},"EF/0h/at_ef_slash_E_main2/ef_slash_E_main 2_00003":{"width":200,"height":200},"EF/0h/at_ef_slash_E_main2/ef_slash_E_main 2_00004":{"width":200,"height":200},"EF/0h/at_ef_slash_E_main2/ef_slash_E_main 2_00005":{"width":200,"height":200},"EF/0h/at_ef_slash_E_main2/ef_slash_E_main 2_00006":{"width":200,"height":200},"EF/0h/at_ef_slash_E_main2/ef_slash_E_main 2_00007":{"width":200,"height":200},"EF/0h/at_ef_slash_E_main2/ef_slash_E_main 2_00008":{"width":200,"height":200}},"EF/0h/s12_ef_graund_wave_green/ef_graund_wave_green_00001":{"EF/0h/s12_ef_graund_wave_green/ef_graund_wave_green_00001":{"y":10.25,"width":252,"height":144},"EF/0h/s12_ef_graund_wave_green/ef_graund_wave_green_00002":{"y":10.25,"width":252,"height":144},"EF/0h/s12_ef_graund_wave_green/ef_graund_wave_green_00003":{"y":10.25,"width":252,"height":144},"EF/0h/s12_ef_graund_wave_green/ef_graund_wave_green_00004":{"y":10.25,"width":252,"height":144},"EF/0h/s12_ef_graund_wave_green/ef_graund_wave_green_00005":{"y":10.25,"width":252,"height":144},"EF/0h/s12_ef_graund_wave_green/ef_graund_wave_green_00006":{"y":10.25,"width":252,"height":144},"EF/0h/s12_ef_graund_wave_green/ef_graund_wave_green_00007":{"y":10.25,"width":252,"height":144},"EF/0h/s12_ef_graund_wave_green/ef_graund_wave_green_00008":{"y":10.25,"width":252,"height":144},"EF/0h/s12_ef_graund_wave_green/ef_graund_wave_green_00009":{"y":10.25,"width":252,"height":144},"EF/0h/s12_ef_graund_wave_green/ef_graund_wave_green_00010":{"y":10.25,"width":252,"height":144},"EF/0h/s12_ef_graund_wave_green/ef_graund_wave_green_00011":{"y":10.25,"width":252,"height":144},"EF/0h/s12_ef_graund_wave_green/ef_graund_wave_green_00012":{"y":10.25,"width":252,"height":144},"EF/0h/s12_ef_graund_wave_green/ef_graund_wave_green_00013":{"y":10.25,"width":252,"height":144},"EF/0h/s12_ef_graund_wave_green/ef_graund_wave_green_00014":{"y":10.25,"width":252,"height":144}},"EF/0h/s12_ef_graund_wave_green/ef_graund_wave_green_1":{"EF/0h/s12_ef_graund_wave_green/ef_graund_wave_green_00001":{"y":10.25,"width":252,"height":144},"EF/0h/s12_ef_graund_wave_green/ef_graund_wave_green_00002":{"y":10.25,"width":252,"height":144},"EF/0h/s12_ef_graund_wave_green/ef_graund_wave_green_00003":{"y":10.25,"width":252,"height":144},"EF/0h/s12_ef_graund_wave_green/ef_graund_wave_green_00004":{"y":10.25,"width":252,"height":144},"EF/0h/s12_ef_graund_wave_green/ef_graund_wave_green_00005":{"y":10.25,"width":252,"height":144},"EF/0h/s12_ef_graund_wave_green/ef_graund_wave_green_00006":{"y":10.25,"width":252,"height":144},"EF/0h/s12_ef_graund_wave_green/ef_graund_wave_green_00007":{"y":10.25,"width":252,"height":144},"EF/0h/s12_ef_graund_wave_green/ef_graund_wave_green_00008":{"y":10.25,"width":252,"height":144},"EF/0h/s12_ef_graund_wave_green/ef_graund_wave_green_00009":{"y":10.25,"width":252,"height":144},"EF/0h/s12_ef_graund_wave_green/ef_graund_wave_green_00010":{"y":10.25,"width":252,"height":144},"EF/0h/s12_ef_graund_wave_green/ef_graund_wave_green_00011":{"y":10.25,"width":252,"height":144},"EF/0h/s12_ef_graund_wave_green/ef_graund_wave_green_00012":{"y":10.25,"width":252,"height":144},"EF/0h/s12_ef_graund_wave_green/ef_graund_wave_green_00013":{"y":10.25,"width":252,"height":144},"EF/0h/s12_ef_graund_wave_green/ef_graund_wave_green_00014":{"y":10.25,"width":252,"height":144}},"EF/0h/s12_ef_graund_wave_green/ef_graund_wave_green_2":{"EF/0h/s12_ef_graund_wave_green/ef_graund_wave_green_00001":{"y":10.25,"width":252,"height":144},"EF/0h/s12_ef_graund_wave_green/ef_graund_wave_green_00002":{"y":10.25,"width":252,"height":144},"EF/0h/s12_ef_graund_wave_green/ef_graund_wave_green_00003":{"y":10.25,"width":252,"height":144},"EF/0h/s12_ef_graund_wave_green/ef_graund_wave_green_00004":{"y":10.25,"width":252,"height":144},"EF/0h/s12_ef_graund_wave_green/ef_graund_wave_green_00005":{"y":10.25,"width":252,"height":144},"EF/0h/s12_ef_graund_wave_green/ef_graund_wave_green_00006":{"y":10.25,"width":252,"height":144},"EF/0h/s12_ef_graund_wave_green/ef_graund_wave_green_00007":{"y":10.25,"width":252,"height":144},"EF/0h/s12_ef_graund_wave_green/ef_graund_wave_green_00008":{"y":10.25,"width":252,"height":144},"EF/0h/s12_ef_graund_wave_green/ef_graund_wave_green_00009":{"y":10.25,"width":252,"height":144},"EF/0h/s12_ef_graund_wave_green/ef_graund_wave_green_00010":{"y":10.25,"width":252,"height":144},"EF/0h/s12_ef_graund_wave_green/ef_graund_wave_green_00011":{"y":10.25,"width":252,"height":144},"EF/0h/s12_ef_graund_wave_green/ef_graund_wave_green_00012":{"y":10.25,"width":252,"height":144},"EF/0h/s12_ef_graund_wave_green/ef_graund_wave_green_00013":{"y":10.25,"width":252,"height":144},"EF/0h/s12_ef_graund_wave_green/ef_graund_wave_green_00014":{"y":10.25,"width":252,"height":144}},"EF/0h/s12_ef_graund_wave_green/ef_graund_wave_green_3":{"EF/0h/s12_ef_graund_wave_green/ef_graund_wave_green_00001":{"y":10.25,"width":252,"height":144},"EF/0h/s12_ef_graund_wave_green/ef_graund_wave_green_00002":{"y":10.25,"width":252,"height":144},"EF/0h/s12_ef_graund_wave_green/ef_graund_wave_green_00003":{"y":10.25,"width":252,"height":144},"EF/0h/s12_ef_graund_wave_green/ef_graund_wave_green_00004":{"y":10.25,"width":252,"height":144},"EF/0h/s12_ef_graund_wave_green/ef_graund_wave_green_00005":{"y":10.25,"width":252,"height":144},"EF/0h/s12_ef_graund_wave_green/ef_graund_wave_green_00006":{"y":10.25,"width":252,"height":144},"EF/0h/s12_ef_graund_wave_green/ef_graund_wave_green_00007":{"y":10.25,"width":252,"height":144},"EF/0h/s12_ef_graund_wave_green/ef_graund_wave_green_00008":{"y":10.25,"width":252,"height":144},"EF/0h/s12_ef_graund_wave_green/ef_graund_wave_green_00009":{"y":10.25,"width":252,"height":144},"EF/0h/s12_ef_graund_wave_green/ef_graund_wave_green_00010":{"y":10.25,"width":252,"height":144},"EF/0h/s12_ef_graund_wave_green/ef_graund_wave_green_00011":{"y":10.25,"width":252,"height":144},"EF/0h/s12_ef_graund_wave_green/ef_graund_wave_green_00012":{"y":10.25,"width":252,"height":144},"EF/0h/s12_ef_graund_wave_green/ef_graund_wave_green_00013":{"y":10.25,"width":252,"height":144},"EF/0h/s12_ef_graund_wave_green/ef_graund_wave_green_00014":{"y":10.25,"width":252,"height":144}},"EF/0h/s12_ef_graund_wave_purple/ef_graund_wave_purple_00001":{"EF/0h/s12_ef_graund_wave_purple/ef_graund_wave_purple_00001":{"y":10.25,"width":240,"height":144},"EF/0h/s12_ef_graund_wave_purple/ef_graund_wave_purple_00002":{"y":10.25,"width":240,"height":144},"EF/0h/s12_ef_graund_wave_purple/ef_graund_wave_purple_00003":{"y":10.25,"width":240,"height":144},"EF/0h/s12_ef_graund_wave_purple/ef_graund_wave_purple_00004":{"y":10.25,"width":240,"height":144},"EF/0h/s12_ef_graund_wave_purple/ef_graund_wave_purple_00005":{"y":10.25,"width":240,"height":144},"EF/0h/s12_ef_graund_wave_purple/ef_graund_wave_purple_00006":{"y":10.25,"width":240,"height":144},"EF/0h/s12_ef_graund_wave_purple/ef_graund_wave_purple_00007":{"y":10.25,"width":240,"height":144},"EF/0h/s12_ef_graund_wave_purple/ef_graund_wave_purple_00008":{"y":10.25,"width":240,"height":144},"EF/0h/s12_ef_graund_wave_purple/ef_graund_wave_purple_00009":{"y":10.25,"width":240,"height":144},"EF/0h/s12_ef_graund_wave_purple/ef_graund_wave_purple_00010":{"y":10.25,"width":240,"height":144},"EF/0h/s12_ef_graund_wave_purple/ef_graund_wave_purple_00011":{"y":10.25,"width":240,"height":144},"EF/0h/s12_ef_graund_wave_purple/ef_graund_wave_purple_00012":{"y":10.25,"width":240,"height":144},"EF/0h/s12_ef_graund_wave_purple/ef_graund_wave_purple_00013":{"y":10.25,"width":240,"height":144},"EF/0h/s12_ef_graund_wave_purple/ef_graund_wave_purple_00014":{"y":10.25,"width":240,"height":144}},"EF/0h/s12_ef_graund_wave_purple/ef_graund_wave_purple_1":{"EF/0h/s12_ef_graund_wave_purple/ef_graund_wave_purple_00001":{"y":10.25,"width":240,"height":144},"EF/0h/s12_ef_graund_wave_purple/ef_graund_wave_purple_00002":{"y":10.25,"width":240,"height":144},"EF/0h/s12_ef_graund_wave_purple/ef_graund_wave_purple_00003":{"y":10.25,"width":240,"height":144},"EF/0h/s12_ef_graund_wave_purple/ef_graund_wave_purple_00004":{"y":10.25,"width":240,"height":144},"EF/0h/s12_ef_graund_wave_purple/ef_graund_wave_purple_00005":{"y":10.25,"width":240,"height":144},"EF/0h/s12_ef_graund_wave_purple/ef_graund_wave_purple_00006":{"y":10.25,"width":240,"height":144},"EF/0h/s12_ef_graund_wave_purple/ef_graund_wave_purple_00007":{"y":10.25,"width":240,"height":144},"EF/0h/s12_ef_graund_wave_purple/ef_graund_wave_purple_00008":{"y":10.25,"width":240,"height":144},"EF/0h/s12_ef_graund_wave_purple/ef_graund_wave_purple_00009":{"y":10.25,"width":240,"height":144},"EF/0h/s12_ef_graund_wave_purple/ef_graund_wave_purple_00010":{"y":10.25,"width":240,"height":144},"EF/0h/s12_ef_graund_wave_purple/ef_graund_wave_purple_00011":{"y":10.25,"width":240,"height":144},"EF/0h/s12_ef_graund_wave_purple/ef_graund_wave_purple_00012":{"y":10.25,"width":240,"height":144},"EF/0h/s12_ef_graund_wave_purple/ef_graund_wave_purple_00013":{"y":10.25,"width":240,"height":144},"EF/0h/s12_ef_graund_wave_purple/ef_graund_wave_purple_00014":{"y":10.25,"width":240,"height":144}},"EF/0h/s12_ef_graund_wave_purple/ef_graund_wave_purple_2":{"EF/0h/s12_ef_graund_wave_purple/ef_graund_wave_purple_00001":{"y":10.25,"width":240,"height":144},"EF/0h/s12_ef_graund_wave_purple/ef_graund_wave_purple_00002":{"y":10.25,"width":240,"height":144},"EF/0h/s12_ef_graund_wave_purple/ef_graund_wave_purple_00003":{"y":10.25,"width":240,"height":144},"EF/0h/s12_ef_graund_wave_purple/ef_graund_wave_purple_00004":{"y":10.25,"width":240,"height":144},"EF/0h/s12_ef_graund_wave_purple/ef_graund_wave_purple_00005":{"y":10.25,"width":240,"height":144},"EF/0h/s12_ef_graund_wave_purple/ef_graund_wave_purple_00006":{"y":10.25,"width":240,"height":144},"EF/0h/s12_ef_graund_wave_purple/ef_graund_wave_purple_00007":{"y":10.25,"width":240,"height":144},"EF/0h/s12_ef_graund_wave_purple/ef_graund_wave_purple_00008":{"y":10.25,"width":240,"height":144},"EF/0h/s12_ef_graund_wave_purple/ef_graund_wave_purple_00009":{"y":10.25,"width":240,"height":144},"EF/0h/s12_ef_graund_wave_purple/ef_graund_wave_purple_00010":{"y":10.25,"width":240,"height":144},"EF/0h/s12_ef_graund_wave_purple/ef_graund_wave_purple_00011":{"y":10.25,"width":240,"height":144},"EF/0h/s12_ef_graund_wave_purple/ef_graund_wave_purple_00012":{"y":10.25,"width":240,"height":144},"EF/0h/s12_ef_graund_wave_purple/ef_graund_wave_purple_00013":{"y":10.25,"width":240,"height":144},"EF/0h/s12_ef_graund_wave_purple/ef_graund_wave_purple_00014":{"y":10.25,"width":240,"height":144}},"EF/0h/s2_ef_slash_A_main/ef_slash_A_main_00001":{"EF/0h/s2_ef_slash_A_main/ef_slash_A_main_00001":{"width":200,"height":200},"EF/0h/s2_ef_slash_A_main/ef_slash_A_main_00002":{"width":200,"height":200},"EF/0h/s2_ef_slash_A_main/ef_slash_A_main_00003":{"width":200,"height":200},"EF/0h/s2_ef_slash_A_main/ef_slash_A_main_00004":{"width":200,"height":200},"EF/0h/s2_ef_slash_A_main/ef_slash_A_main_00005":{"width":200,"height":200},"EF/0h/s2_ef_slash_A_main/ef_slash_A_main_00006":{"width":200,"height":200},"EF/0h/s2_ef_slash_A_main/ef_slash_A_main_00007":{"width":200,"height":200},"EF/0h/s2_ef_slash_A_main/ef_slash_A_main_00008":{"width":200,"height":200}},"EF/0h/s2_ef_slash_A_main2/ef_slash_A_main 2_00001":{"EF/0h/s2_ef_slash_A_main2/ef_slash_A_main 2_00001":{"width":200,"height":200},"EF/0h/s2_ef_slash_A_main2/ef_slash_A_main 2_00002":{"width":200,"height":200},"EF/0h/s2_ef_slash_A_main2/ef_slash_A_main 2_00003":{"width":200,"height":200},"EF/0h/s2_ef_slash_A_main2/ef_slash_A_main 2_00004":{"width":200,"height":200},"EF/0h/s2_ef_slash_A_main2/ef_slash_A_main 2_00005":{"width":200,"height":200},"EF/0h/s2_ef_slash_A_main2/ef_slash_A_main 2_00006":{"width":200,"height":200},"EF/0h/s2_ef_slash_A_main2/ef_slash_A_main 2_00007":{"width":200,"height":200},"EF/0h/s2_ef_slash_A_main2/ef_slash_A_main 2_00008":{"width":200,"height":200}},"EF/0h/s2_ef_slash_B_main/ef_slash_B_main_00001":{"EF/0h/s2_ef_slash_B_main/ef_slash_B_main_00001":{"width":200,"height":200},"EF/0h/s2_ef_slash_B_main/ef_slash_B_main_00002":{"width":200,"height":200},"EF/0h/s2_ef_slash_B_main/ef_slash_B_main_00003":{"width":200,"height":200},"EF/0h/s2_ef_slash_B_main/ef_slash_B_main_00004":{"width":200,"height":200},"EF/0h/s2_ef_slash_B_main/ef_slash_B_main_00005":{"width":200,"height":200},"EF/0h/s2_ef_slash_B_main/ef_slash_B_main_00006":{"width":200,"height":200},"EF/0h/s2_ef_slash_B_main/ef_slash_B_main_00007":{"width":200,"height":200},"EF/0h/s2_ef_slash_B_main/ef_slash_B_main_00008":{"width":200,"height":200}},"EF/0h/s2_ef_slash_B_main2/ef_slash_B_main 2_00001":{"EF/0h/s2_ef_slash_B_main2/ef_slash_B_main 2_00001":{"width":200,"height":200},"EF/0h/s2_ef_slash_B_main2/ef_slash_B_main 2_00002":{"width":200,"height":200},"EF/0h/s2_ef_slash_B_main2/ef_slash_B_main 2_00003":{"width":200,"height":200},"EF/0h/s2_ef_slash_B_main2/ef_slash_B_main 2_00004":{"width":200,"height":200},"EF/0h/s2_ef_slash_B_main2/ef_slash_B_main 2_00005":{"width":200,"height":200},"EF/0h/s2_ef_slash_B_main2/ef_slash_B_main 2_00006":{"width":200,"height":200},"EF/0h/s2_ef_slash_B_main2/ef_slash_B_main 2_00007":{"width":200,"height":200},"EF/0h/s2_ef_slash_B_main2/ef_slash_B_main 2_00008":{"width":200,"height":200}},"EF/0h/s3_ef_dash_aura_main/ef_dash_aura_main_00001":{"EF/0h/s3_ef_dash_aura_main/ef_dash_aura_main_00001":{"width":160,"height":160},"EF/0h/s3_ef_dash_aura_main/ef_dash_aura_main_00002":{"width":160,"height":160},"EF/0h/s3_ef_dash_aura_main/ef_dash_aura_main_00003":{"width":160,"height":160},"EF/0h/s3_ef_dash_aura_main/ef_dash_aura_main_00004":{"width":160,"height":160},"EF/0h/s3_ef_dash_aura_main/ef_dash_aura_main_00005":{"width":160,"height":160},"EF/0h/s3_ef_dash_aura_main/ef_dash_aura_main_00006":{"width":160,"height":160},"EF/0h/s3_ef_dash_aura_main/ef_dash_aura_main_00007":{"width":160,"height":160},"EF/0h/s3_ef_dash_aura_main/ef_dash_aura_main_00008":{"width":160,"height":160},"EF/0h/s3_ef_dash_aura_main/ef_dash_aura_main_00009":{"width":160,"height":160},"EF/0h/s3_ef_dash_aura_main/ef_dash_aura_main_00010":{"width":160,"height":160}},"EF/0h/s3_ef_energy_circle_main/ef_energy_circle_main_00001":{"EF/0h/s3_ef_energy_circle_main/ef_energy_circle_main_00001":{"width":150,"height":150},"EF/0h/s3_ef_energy_circle_main/ef_energy_circle_main_00002":{"width":150,"height":150},"EF/0h/s3_ef_energy_circle_main/ef_energy_circle_main_00003":{"width":150,"height":150},"EF/0h/s3_ef_energy_circle_main/ef_energy_circle_main_00004":{"width":150,"height":150},"EF/0h/s3_ef_energy_circle_main/ef_energy_circle_main_00005":{"width":150,"height":150},"EF/0h/s3_ef_energy_circle_main/ef_energy_circle_main_00006":{"width":150,"height":150},"EF/0h/s3_ef_energy_circle_main/ef_energy_circle_main_00007":{"width":150,"height":150},"EF/0h/s3_ef_energy_circle_main/ef_energy_circle_main_00008":{"width":150,"height":150},"EF/0h/s3_ef_energy_circle_main/ef_energy_circle_main_00009":{"width":150,"height":150},"EF/0h/s3_ef_energy_circle_main/ef_energy_circle_main_00010":{"width":150,"height":150},"EF/0h/s3_ef_energy_circle_main/ef_energy_circle_main_00011":{"width":150,"height":150},"EF/0h/s3_ef_energy_circle_main/ef_energy_circle_main_00012":{"width":150,"height":150}},"EF/0h/s3_ef_energy_core_main/ef_energy_core_main_00001":{"EF/0h/s3_ef_energy_core_main/ef_energy_core_main_00001":{"width":160,"height":160},"EF/0h/s3_ef_energy_core_main/ef_energy_core_main_00002":{"width":160,"height":160},"EF/0h/s3_ef_energy_core_main/ef_energy_core_main_00003":{"width":160,"height":160},"EF/0h/s3_ef_energy_core_main/ef_energy_core_main_00004":{"width":160,"height":160},"EF/0h/s3_ef_energy_core_main/ef_energy_core_main_00005":{"width":160,"height":160},"EF/0h/s3_ef_energy_core_main/ef_energy_core_main_00006":{"width":160,"height":160},"EF/0h/s3_ef_energy_core_main/ef_energy_core_main_00007":{"width":160,"height":160}},"EF/0h/s3_ef_energy_particle_main/ef_energy_particle_main_00002":{"EF/0h/s3_ef_energy_particle_main/ef_energy_particle_main_00002":{"width":180,"height":180},"EF/0h/s3_ef_energy_particle_main/ef_energy_particle_main_00003":{"width":180,"height":180},"EF/0h/s3_ef_energy_particle_main/ef_energy_particle_main_00004":{"width":180,"height":180},"EF/0h/s3_ef_energy_particle_main/ef_energy_particle_main_00005":{"width":180,"height":180},"EF/0h/s3_ef_energy_particle_main/ef_energy_particle_main_00006":{"width":180,"height":180},"EF/0h/s3_ef_energy_particle_main/ef_energy_particle_main_00007":{"width":180,"height":180},"EF/0h/s3_ef_energy_particle_main/ef_energy_particle_main_00008":{"width":180,"height":180},"EF/0h/s3_ef_energy_particle_main/ef_energy_particle_main_00009":{"width":180,"height":180},"EF/0h/s3_ef_energy_particle_main/ef_energy_particle_main_00010":{"width":180,"height":180},"EF/0h/s3_ef_energy_particle_main/ef_energy_particle_main_00011":{"width":180,"height":180},"EF/0h/s3_ef_energy_particle_main/ef_energy_particle_main_00012":{"width":180,"height":180},"EF/0h/s3_ef_energy_particle_main/ef_energy_particle_main_00013":{"width":180,"height":180},"EF/0h/s3_ef_energy_particle_main/ef_energy_particle_main_00014":{"width":180,"height":180}},"EF/0h/s3_ef_energy_particle_main/ef_energy_particle_main_2":{"EF/0h/s3_ef_energy_particle_main/ef_energy_particle_main_00002":{"width":180,"height":180},"EF/0h/s3_ef_energy_particle_main/ef_energy_particle_main_00003":{"width":180,"height":180},"EF/0h/s3_ef_energy_particle_main/ef_energy_particle_main_00004":{"width":180,"height":180},"EF/0h/s3_ef_energy_particle_main/ef_energy_particle_main_00005":{"width":180,"height":180},"EF/0h/s3_ef_energy_particle_main/ef_energy_particle_main_00006":{"width":180,"height":180},"EF/0h/s3_ef_energy_particle_main/ef_energy_particle_main_00007":{"width":180,"height":180},"EF/0h/s3_ef_energy_particle_main/ef_energy_particle_main_00008":{"width":180,"height":180},"EF/0h/s3_ef_energy_particle_main/ef_energy_particle_main_00009":{"width":180,"height":180},"EF/0h/s3_ef_energy_particle_main/ef_energy_particle_main_00010":{"width":180,"height":180},"EF/0h/s3_ef_energy_particle_main/ef_energy_particle_main_00011":{"width":180,"height":180},"EF/0h/s3_ef_energy_particle_main/ef_energy_particle_main_00012":{"width":180,"height":180},"EF/0h/s3_ef_energy_particle_main/ef_energy_particle_main_00013":{"width":180,"height":180},"EF/0h/s3_ef_energy_particle_main/ef_energy_particle_main_00014":{"width":180,"height":180}},"EF/0h/s3_ef_flash_line_main/ef_flash_line_main_00004":{"EF/0h/s3_ef_flash_line_main/ef_flash_line_main_00004":{"width":344,"height":80}},"EF/s3_ef_OF_green/ef_OF_green_00001":{"EF/s3_ef_OF_green/ef_OF_green_00001":{"width":200,"height":200},"EF/s3_ef_OF_green/ef_OF_green_00002":{"width":200,"height":200},"EF/s3_ef_OF_green/ef_OF_green_00003":{"width":200,"height":200},"EF/s3_ef_OF_green/ef_OF_green_00004":{"width":200,"height":200},"EF/s3_ef_OF_green/ef_OF_green_00005":{"width":200,"height":200},"EF/s3_ef_OF_green/ef_OF_green_00006":{"width":200,"height":200}},"HITBOX":{"HITBOX":{"type":"boundingbox","vertices":[-24.63782,46.58225,-24.67479,-68.70169,18.24918,-68.0617,17.04314,46.50821]}},"MAIN":{"attack1_00":{"x":-6.78,"y":-3.28,"scaleX":2,"scaleY":2,"width":550,"height":256},"attack1_01":{"x":-6.78,"y":-3.28,"scaleX":2,"scaleY":2,"width":550,"height":256},"attack1_02":{"x":-6.78,"y":-3.28,"scaleX":2,"scaleY":2,"width":550,"height":256},"attack1_03":{"x":-6.78,"y":-3.28,"scaleX":2,"scaleY":2,"width":550,"height":256},"attack1_04":{"x":-6.78,"y":-3.28,"scaleX":2,"scaleY":2,"width":550,"height":256},"attack1_05":{"x":-6.78,"y":-3.28,"scaleX":2,"scaleY":2,"width":550,"height":256},"attack1_06":{"x":-6.78,"y":-3.28,"scaleX":2,"scaleY":2,"width":550,"height":256},"attack1_07":{"x":-6.78,"y":-3.28,"scaleX":2,"scaleY":2,"width":550,"height":256},"attack1_08":{"x":-6.78,"y":-3.28,"scaleX":2,"scaleY":2,"width":550,"height":256},"attack1_09":{"x":-6.78,"y":-3.28,"scaleX":2,"scaleY":2,"width":550,"height":256},"back_00":{"x":-6.78,"y":-3.28,"scaleX":2,"scaleY":2,"width":550,"height":256},"damage_00":{"x":-6.78,"y":-3.28,"scaleX":2,"scaleY":2,"width":550,"height":256},"front_00":{"x":-6.78,"y":-3.28,"scaleX":2,"scaleY":2,"width":550,"height":256},"idle_00":{"x":-6.78,"y":-3.28,"scaleX":2,"scaleY":2,"width":550,"height":256},"idle_01":{"x":-6.78,"y":-3.28,"scaleX":2,"scaleY":2,"width":550,"height":256},"idle_02":{"x":-6.78,"y":-3.28,"scaleX":2,"scaleY":2,"width":550,"height":256},"idle_03":{"x":-6.78,"y":-3.28,"scaleX":2,"scaleY":2,"width":550,"height":256},"skill1_00":{"x":-6.78,"y":-3.28,"scaleX":2,"scaleY":2,"width":550,"height":256},"skill1_01":{"x":-6.78,"y":-3.28,"scaleX":2,"scaleY":2,"width":550,"height":256},"skill1_02":{"x":-6.78,"y":-3.28,"scaleX":2,"scaleY":2,"width":550,"height":256},"skill1_03":{"x":-6.78,"y":-3.28,"scaleX":2,"scaleY":2,"width":550,"height":256},"skill1_04":{"x":-6.78,"y":-3.28,"scaleX":2,"scaleY":2,"width":550,"height":256},"skill1_05":{"x":-6.78,"y":-3.28,"scaleX":2,"scaleY":2,"width":550,"height":256},"skill1_07":{"x":-6.78,"y":-3.28,"scaleX":2,"scaleY":2,"width":550,"height":256},"skill2_00":{"x":-6.78,"y":-3.28,"scaleX":2,"scaleY":2,"width":550,"height":256},"skill2_01":{"x":-6.78,"y":-3.28,"scaleX":2,"scaleY":2,"width":550,"height":256},"skill2_02":{"x":-6.78,"y":-3.28,"scaleX":2,"scaleY":2,"width":550,"height":256},"skill2_03":{"x":-6.78,"y":-3.28,"scaleX":2,"scaleY":2,"width":550,"height":256},"skill2_04":{"x":-6.78,"y":-3.28,"scaleX":2,"scaleY":2,"width":550,"height":256},"skill2_05":{"x":-6.78,"y":-3.28,"scaleX":2,"scaleY":2,"width":550,"height":256},"skill2_06":{"x":-6.78,"y":-3.28,"scaleX":2,"scaleY":2,"width":550,"height":256},"skill2_07":{"x":-6.78,"y":-3.28,"scaleX":2,"scaleY":2,"width":550,"height":256},"skill3_00":{"x":-6.78,"y":-3.28,"scaleX":2,"scaleY":2,"width":550,"height":256},"skill3_01":{"x":-6.78,"y":-3.28,"scaleX":2,"scaleY":2,"width":550,"height":256},"skill3_02":{"x":-6.78,"y":-3.28,"scaleX":2,"scaleY":2,"width":550,"height":256}},"MAIN2":{"skill3_00":{"x":-6.78,"y":-3.28,"scaleX":2,"scaleY":2,"width":550,"height":256},"skill3_01":{"x":-6.78,"y":-3.28,"scaleX":2,"scaleY":2,"width":550,"height":256},"skill3_02":{"x":-6.78,"y":-3.28,"scaleX":2,"scaleY":2,"width":550,"height":256}},"attack1_01_ef":{"attack1_01_ef":{"x":-6.78,"y":-3.28,"scaleX":2,"scaleY":2,"width":550,"height":256},"attack1_03_ef":{"x":-6.78,"y":-3.28,"scaleX":2,"scaleY":2,"width":550,"height":256},"attack1_05_ef":{"x":-6.78,"y":-3.28,"scaleX":2,"scaleY":2,"width":550,"height":256},"attack1_08_ef":{"x":-6.78,"y":-3.28,"scaleX":2,"scaleY":2,"width":550,"height":256},"skill1_01_ef":{"x":-6.78,"y":-3.28,"scaleX":2,"scaleY":2,"width":550,"height":256},"skill1_02_ef":{"x":-6.78,"y":-3.28,"scaleX":2,"scaleY":2,"width":550,"height":256},"skill1_03_ef":{"x":-6.78,"y":-3.28,"scaleX":2,"scaleY":2,"width":550,"height":256},"skill1_07_ef":{"x":-6.78,"y":-3.28,"scaleX":2,"scaleY":2,"width":550,"height":256},"skill2_02_ef":{"x":-6.78,"y":-3.28,"scaleX":2,"scaleY":2,"width":550,"height":256},"skill2_03_ef":{"x":-6.78,"y":-3.28,"scaleX":2,"scaleY":2,"width":550,"height":256},"skill2_07_ef":{"x":-6.78,"y":-3.28,"scaleX":2,"scaleY":2,"width":550,"height":256},"skill3_01_ef":{"x":-6.78,"y":-3.28,"scaleX":2,"scaleY":2,"width":550,"height":256}}}},"events":{"Event":{},"Event2":{},"Hit":{},"Sound1":{},"Sound2":{},"Sound3":{},"Voice":{}},"animations":{"attack1":{"slots":{"DAMAGEAREA":{"attachment":[{"time":0.4,"name":"DAMAGEAREA"},{"time":0.4666,"name":null},{"time":0.5666,"name":"DAMAGEAREA"},{"time":0.6333,"name":null},{"time":0.7,"name":"DAMAGEAREA"},{"time":0.8333,"name":null},{"time":0.9666,"name":"DAMAGEAREA"},{"time":1.1666,"name":null}]},"EF/0h/at_ef_slash_C_main2/ef_slash_C_main 2_00001":{"attachment":[{"time":0.3666,"name":"EF/0h/at_ef_slash_C_main2/ef_slash_C_main 2_00001"},{"time":0.4,"name":"EF/0h/at_ef_slash_C_main2/ef_slash_C_main 2_00002"},{"time":0.4333,"name":"EF/0h/at_ef_slash_C_main2/ef_slash_C_main 2_00003"},{"time":0.4666,"name":"EF/0h/at_ef_slash_C_main2/ef_slash_C_main 2_00004"},{"time":0.5,"name":"EF/0h/at_ef_slash_C_main2/ef_slash_C_main 2_00005"},{"time":0.5333,"name":"EF/0h/at_ef_slash_C_main2/ef_slash_C_main 2_00006"},{"time":0.5666,"name":"EF/0h/at_ef_slash_C_main2/ef_slash_C_main 2_00007"},{"time":0.6,"name":"EF/0h/at_ef_slash_C_main2/ef_slash_C_main 2_00008"},{"time":0.6333,"name":null},{"time":0.9333,"name":"EF/0h/at_ef_slash_C_main2/ef_slash_C_main 2_00001"},{"time":0.9666,"name":"EF/0h/at_ef_slash_C_main2/ef_slash_C_main 2_00002"},{"time":1,"name":"EF/0h/at_ef_slash_C_main2/ef_slash_C_main 2_00003"},{"time":1.0333,"name":"EF/0h/at_ef_slash_C_main2/ef_slash_C_main 2_00004"},{"time":1.0666,"name":"EF/0h/at_ef_slash_C_main2/ef_slash_C_main 2_00005"},{"time":1.1,"name":"EF/0h/at_ef_slash_C_main2/ef_slash_C_main 2_00006"},{"time":1.1333,"name":"EF/0h/at_ef_slash_C_main2/ef_slash_C_main 2_00007"},{"time":1.1666,"name":"EF/0h/at_ef_slash_C_main2/ef_slash_C_main 2_00008"},{"time":1.2,"name":null}]},"EF/0h/at_ef_slash_D_main2/ef_slash_D_main 2_00001":{"attachment":[{"time":0.6666,"name":"EF/0h/at_ef_slash_D_main2/ef_slash_D_main 2_00001"},{"time":0.7,"name":"EF/0h/at_ef_slash_D_main2/ef_slash_D_main 2_00002"},{"time":0.7333,"name":"EF/0h/at_ef_slash_D_main2/ef_slash_D_main 2_00003"},{"time":0.7666,"name":"EF/0h/at_ef_slash_D_main2/ef_slash_D_main 2_00004"},{"time":0.8,"name":"EF/0h/at_ef_slash_D_main2/ef_slash_D_main 2_00005"},{"time":0.8333,"name":"EF/0h/at_ef_slash_D_main2/ef_slash_D_main 2_00006"},{"time":0.8666,"name":"EF/0h/at_ef_slash_D_main2/ef_slash_D_main 2_00007"},{"time":0.9,"name":"EF/0h/at_ef_slash_D_main2/ef_slash_D_main 2_00008"},{"time":0.9333,"name":null}]},"EF/0h/at_ef_slash_E_main2/ef_slash_E_main 2_00001":{"attachment":[{"time":0.5,"name":"EF/0h/at_ef_slash_E_main2/ef_slash_E_main 2_00001"},{"time":0.5333,"name":"EF/0h/at_ef_slash_E_main2/ef_slash_E_main 2_00002"},{"time":0.5666,"name":"EF/0h/at_ef_slash_E_main2/ef_slash_E_main 2_00003"},{"time":0.6,"name":"EF/0h/at_ef_slash_E_main2/ef_slash_E_main 2_00004"},{"time":0.6333,"name":"EF/0h/at_ef_slash_E_main2/ef_slash_E_main 2_00005"},{"time":0.6666,"name":"EF/0h/at_ef_slash_E_main2/ef_slash_E_main 2_00006"},{"time":0.7,"name":"EF/0h/at_ef_slash_E_main2/ef_slash_E_main 2_00007"},{"time":0.7333,"name":"EF/0h/at_ef_slash_E_main2/ef_slash_E_main 2_00008"},{"time":0.7666,"name":null}]},"MAIN":{"attachment":[{"time":0,"name":"idle_00"},{"time":0.1333,"name":"attack1_00"},{"time":0.3333,"name":"attack1_01"},{"time":0.4,"name":"attack1_02"},{"time":0.4666,"name":"attack1_01"},{"time":0.5,"name":"attack1_03"},{"time":0.5666,"name":"attack1_04"},{"time":0.6333,"name":"attack1_03"},{"time":0.6666,"name":"attack1_05"},{"time":0.7333,"name":"attack1_06"},{"time":0.8,"name":"attack1_05"},{"time":0.8333,"name":"attack1_07"},{"time":0.9333,"name":"attack1_08"},{"time":1,"name":"attack1_09"},{"time":1.0666,"name":"attack1_08"},{"time":1.1,"name":"attack1_00"},{"time":1.3666,"name":"idle_03"}]},"attack1_01_ef":{"attachment":[{"time":0.3333,"name":"attack1_01_ef"},{"time":0.4,"name":null},{"time":0.5,"name":"attack1_03_ef"},{"time":0.5666,"name":null},{"time":0.6666,"name":"attack1_05_ef"},{"time":0.7333,"name":null},{"time":0.9333,"name":"attack1_08_ef"},{"time":1,"name":null}]}},"bones":{"ef_slash_E_12_at":{"translate":[{"time":0.5,"x":-746.13,"y":104.55}],"scale":[{"time":0.5,"x":2.889,"y":1.8}]},"ef_slash_C_12_at":{"rotate":[{"time":0.3666,"angle":-109.14,"curve":"stepped"},{"time":0.9333,"angle":173.58}],"translate":[{"time":0.3666,"x":-636.5,"y":45.59,"curve":"stepped"},{"time":0.9333,"x":-640.06,"y":112.71}],"scale":[{"time":0.3666,"x":2.27,"y":-2.571,"curve":"stepped"},{"time":0.9333,"x":3.359,"y":2.3}]},"ef_slash_D_12_at":{"rotate":[{"time":0.6666,"angle":-0.6}],"translate":[{"time":0.6666,"x":-673.56,"y":71.11}],"scale":[{"time":0.6666,"x":3.194,"y":1.7}]},"DAMAGEAREA":{"translate":[{"time":0.4,"x":-160.7,"y":49.24,"curve":"stepped"},{"time":0.9666,"x":-182.73,"y":72.57}],"scale":[{"time":0.4,"x":1.83,"y":0.585,"curve":"stepped"},{"time":0.9666,"x":1.668,"y":1.231}]}},"events":[{"time":0.2666,"name":"Event","string":"runScript_attack1"},{"time":0.3333,"name":"Sound1","string":"cri_se_battle_tentacle_swing"},{"time":0.3333,"name":"Sound2","string":"setHitSound(se_battle_tentacle_hit)"},{"time":0.3333,"name":"Voice","string":"cri_229_voice_attack_random"},{"time":0.4,"name":"Event","float":0.1,"string":"kHitStopType_normal"},{"time":0.5,"name":"Sound1","string":"cri_se_battle_tentacle_swing"},{"time":0.5666,"name":"Hit","string":"resetHitList"},{"time":0.6666,"name":"Sound1","string":"cri_se_battle_tentacle_swing"},{"time":0.7,"name":"Hit","string":"resetHitList"},{"time":0.8333,"name":"Voice","string":"cri_229_voice_attack_c"},{"time":0.9333,"name":"Sound1","string":"cri_se_battle_tentacle_swing"},{"time":0.9666,"name":"Hit","string":"resetHitList"},{"time":1.2666,"name":"Event","string":"runScript_endAnimation"}]},"back":{"slots":{"MAIN":{"attachment":[{"time":0,"name":"back_00"},{"time":0.3,"name":"idle_02"},{"time":0.4,"name":"idle_03"},{"time":0.5,"name":"idle_00"}]}},"bones":{"MAIN":{"translate":[{"time":0,"x":0,"y":0},{"time":0.1333,"x":62.5,"y":23.68},{"time":0.3,"x":125,"y":0,"curve":[0.096,0.59,0.75,1]},{"time":0.5333,"x":140,"y":0}]}},"events":[{"time":0,"name":"Sound1","string":"cri_se_battle_jump"},{"time":0.3,"name":"Sound1","string":"cri_se_battle_landing"}]},"cast":{"slots":{"MAIN":{"attachment":[{"time":0.0666,"name":"skill1_00"},{"time":0.3666,"name":"skill1_01"},{"time":0.4333,"name":"skill1_02"},{"time":0.6666,"name":"idle_00"}]},"attack1_01_ef":{"attachment":[{"time":0.3666,"name":"skill1_01_ef"},{"time":0.4,"name":null},{"time":0.4333,"name":"skill1_02_ef"},{"time":0.4666,"name":null}]}},"events":[{"time":0.3,"name":"Voice","string":"cri_229_voice_item"}]},"damage":{"slots":{"MAIN":{"attachment":[{"time":0,"name":"damage_00"}]}}},"front":{"slots":{"MAIN":{"attachment":[{"time":0,"name":"front_00"}]}}},"idle":{"slots":{"MAIN":{"attachment":[{"time":0,"name":"idle_00"},{"time":0.2333,"name":"idle_01"},{"time":0.4666,"name":"idle_02"},{"time":0.7333,"name":"idle_03"},{"time":0.9666,"name":"idle_00"}]}}},"skill1":{"slots":{"DAMAGEAREA":{"attachment":[{"time":0.9,"name":"DAMAGEAREA"},{"time":2.4666,"name":null}]},"EF/0h/s12_ef_graund_wave_green/ef_graund_wave_green_00001":{"attachment":[{"time":0.7333,"name":"EF/0h/s12_ef_graund_wave_green/ef_graund_wave_green_00001"},{"time":0.7666,"name":"EF/0h/s12_ef_graund_wave_green/ef_graund_wave_green_00002"},{"time":0.8,"name":"EF/0h/s12_ef_graund_wave_green/ef_graund_wave_green_00003"},{"time":0.8333,"name":"EF/0h/s12_ef_graund_wave_green/ef_graund_wave_green_00004"},{"time":0.8666,"name":"EF/0h/s12_ef_graund_wave_green/ef_graund_wave_green_00005"},{"time":0.9,"name":"EF/0h/s12_ef_graund_wave_green/ef_graund_wave_green_00006"},{"time":0.9333,"name":"EF/0h/s12_ef_graund_wave_green/ef_graund_wave_green_00007"},{"time":0.9666,"name":"EF/0h/s12_ef_graund_wave_green/ef_graund_wave_green_00008"},{"time":1,"name":"EF/0h/s12_ef_graund_wave_green/ef_graund_wave_green_00009"},{"time":1.0333,"name":"EF/0h/s12_ef_graund_wave_green/ef_graund_wave_green_00010"},{"time":1.0666,"name":"EF/0h/s12_ef_graund_wave_green/ef_graund_wave_green_00011"},{"time":1.1,"name":"EF/0h/s12_ef_graund_wave_green/ef_graund_wave_green_00012"},{"time":1.1333,"name":"EF/0h/s12_ef_graund_wave_green/ef_graund_wave_green_00013"},{"time":1.1666,"name":"EF/0h/s12_ef_graund_wave_green/ef_graund_wave_green_00014"},{"time":1.2,"name":null},{"time":1.2666,"name":"EF/0h/s12_ef_graund_wave_green/ef_graund_wave_green_00001"},{"time":1.3,"name":"EF/0h/s12_ef_graund_wave_green/ef_graund_wave_green_00002"},{"time":1.3333,"name":"EF/0h/s12_ef_graund_wave_green/ef_graund_wave_green_00003"},{"time":1.3666,"name":"EF/0h/s12_ef_graund_wave_green/ef_graund_wave_green_00004"},{"time":1.4,"name":"EF/0h/s12_ef_graund_wave_green/ef_graund_wave_green_00005"},{"time":1.4333,"name":"EF/0h/s12_ef_graund_wave_green/ef_graund_wave_green_00006"},{"time":1.4666,"name":"EF/0h/s12_ef_graund_wave_green/ef_graund_wave_green_00007"},{"time":1.5,"name":"EF/0h/s12_ef_graund_wave_green/ef_graund_wave_green_00008"},{"time":1.5333,"name":"EF/0h/s12_ef_graund_wave_green/ef_graund_wave_green_00009"},{"time":1.5666,"name":"EF/0h/s12_ef_graund_wave_green/ef_graund_wave_green_00010"},{"time":1.6,"name":"EF/0h/s12_ef_graund_wave_green/ef_graund_wave_green_00011"},{"time":1.6333,"name":"EF/0h/s12_ef_graund_wave_green/ef_graund_wave_green_00012"},{"time":1.6666,"name":"EF/0h/s12_ef_graund_wave_green/ef_graund_wave_green_00013"},{"time":1.7,"name":"EF/0h/s12_ef_graund_wave_green/ef_graund_wave_green_00014"},{"time":1.7333,"name":null},{"time":1.8666,"name":"EF/0h/s12_ef_graund_wave_green/ef_graund_wave_green_00001"},{"time":1.9,"name":"EF/0h/s12_ef_graund_wave_green/ef_graund_wave_green_00002"},{"time":1.9333,"name":"EF/0h/s12_ef_graund_wave_green/ef_graund_wave_green_00003"},{"time":1.9666,"name":"EF/0h/s12_ef_graund_wave_green/ef_graund_wave_green_00004"},{"time":2,"name":"EF/0h/s12_ef_graund_wave_green/ef_graund_wave_green_00005"},{"time":2.0333,"name":"EF/0h/s12_ef_graund_wave_green/ef_graund_wave_green_00006"},{"time":2.0666,"name":"EF/0h/s12_ef_graund_wave_green/ef_graund_wave_green_00007"},{"time":2.1,"name":"EF/0h/s12_ef_graund_wave_green/ef_graund_wave_green_00008"},{"time":2.1333,"name":"EF/0h/s12_ef_graund_wave_green/ef_graund_wave_green_00009"},{"time":2.1666,"name":"EF/0h/s12_ef_graund_wave_green/ef_graund_wave_green_00010"},{"time":2.2,"name":"EF/0h/s12_ef_graund_wave_green/ef_graund_wave_green_00011"},{"time":2.2333,"name":"EF/0h/s12_ef_graund_wave_green/ef_graund_wave_green_00012"},{"time":2.2666,"name":"EF/0h/s12_ef_graund_wave_green/ef_graund_wave_green_00013"},{"time":2.3,"name":"EF/0h/s12_ef_graund_wave_green/ef_graund_wave_green_00014"},{"time":2.3333,"name":null}]},"EF/0h/s12_ef_graund_wave_green/ef_graund_wave_green_1":{"attachment":[{"time":0.8666,"name":"EF/0h/s12_ef_graund_wave_green/ef_graund_wave_green_00001"},{"time":0.9,"name":"EF/0h/s12_ef_graund_wave_green/ef_graund_wave_green_00002"},{"time":0.9333,"name":"EF/0h/s12_ef_graund_wave_green/ef_graund_wave_green_00003"},{"time":0.9666,"name":"EF/0h/s12_ef_graund_wave_green/ef_graund_wave_green_00004"},{"time":1,"name":"EF/0h/s12_ef_graund_wave_green/ef_graund_wave_green_00005"},{"time":1.0333,"name":"EF/0h/s12_ef_graund_wave_green/ef_graund_wave_green_00006"},{"time":1.0666,"name":"EF/0h/s12_ef_graund_wave_green/ef_graund_wave_green_00007"},{"time":1.1,"name":"EF/0h/s12_ef_graund_wave_green/ef_graund_wave_green_00008"},{"time":1.1333,"name":"EF/0h/s12_ef_graund_wave_green/ef_graund_wave_green_00009"},{"time":1.1666,"name":"EF/0h/s12_ef_graund_wave_green/ef_graund_wave_green_00010"},{"time":1.2,"name":"EF/0h/s12_ef_graund_wave_green/ef_graund_wave_green_00011"},{"time":1.2333,"name":"EF/0h/s12_ef_graund_wave_green/ef_graund_wave_green_00012"},{"time":1.2666,"name":"EF/0h/s12_ef_graund_wave_green/ef_graund_wave_green_00013"},{"time":1.3,"name":"EF/0h/s12_ef_graund_wave_green/ef_graund_wave_green_00014"},{"time":1.3333,"name":null},{"time":1.4666,"name":"EF/0h/s12_ef_graund_wave_green/ef_graund_wave_green_00001"},{"time":1.5,"name":"EF/0h/s12_ef_graund_wave_green/ef_graund_wave_green_00002"},{"time":1.5333,"name":"EF/0h/s12_ef_graund_wave_green/ef_graund_wave_green_00003"},{"time":1.5666,"name":"EF/0h/s12_ef_graund_wave_green/ef_graund_wave_green_00004"},{"time":1.6,"name":"EF/0h/s12_ef_graund_wave_green/ef_graund_wave_green_00005"},{"time":1.6333,"name":"EF/0h/s12_ef_graund_wave_green/ef_graund_wave_green_00006"},{"time":1.6666,"name":"EF/0h/s12_ef_graund_wave_green/ef_graund_wave_green_00007"},{"time":1.7,"name":"EF/0h/s12_ef_graund_wave_green/ef_graund_wave_green_00008"},{"time":1.7333,"name":"EF/0h/s12_ef_graund_wave_green/ef_graund_wave_green_00009"},{"time":1.7666,"name":"EF/0h/s12_ef_graund_wave_green/ef_graund_wave_green_00010"},{"time":1.8,"name":"EF/0h/s12_ef_graund_wave_green/ef_graund_wave_green_00011"},{"time":1.8333,"name":"EF/0h/s12_ef_graund_wave_green/ef_graund_wave_green_00012"},{"time":1.8666,"name":"EF/0h/s12_ef_graund_wave_green/ef_graund_wave_green_00013"},{"time":1.9,"name":"EF/0h/s12_ef_graund_wave_green/ef_graund_wave_green_00014"},{"time":1.9333,"name":null},{"time":2.0666,"name":"EF/0h/s12_ef_graund_wave_green/ef_graund_wave_green_00001"},{"time":2.1,"name":"EF/0h/s12_ef_graund_wave_green/ef_graund_wave_green_00002"},{"time":2.1333,"name":"EF/0h/s12_ef_graund_wave_green/ef_graund_wave_green_00003"},{"time":2.1666,"name":"EF/0h/s12_ef_graund_wave_green/ef_graund_wave_green_00004"},{"time":2.2,"name":"EF/0h/s12_ef_graund_wave_green/ef_graund_wave_green_00005"},{"time":2.2333,"name":"EF/0h/s12_ef_graund_wave_green/ef_graund_wave_green_00006"},{"time":2.2666,"name":"EF/0h/s12_ef_graund_wave_green/ef_graund_wave_green_00007"},{"time":2.3,"name":"EF/0h/s12_ef_graund_wave_green/ef_graund_wave_green_00008"},{"time":2.3333,"name":"EF/0h/s12_ef_graund_wave_green/ef_graund_wave_green_00009"},{"time":2.3666,"name":"EF/0h/s12_ef_graund_wave_green/ef_graund_wave_green_00010"},{"time":2.4,"name":"EF/0h/s12_ef_graund_wave_green/ef_graund_wave_green_00011"},{"time":2.4333,"name":"EF/0h/s12_ef_graund_wave_green/ef_graund_wave_green_00012"},{"time":2.4666,"name":"EF/0h/s12_ef_graund_wave_green/ef_graund_wave_green_00013"},{"time":2.5,"name":"EF/0h/s12_ef_graund_wave_green/ef_graund_wave_green_00014"},{"time":2.5333,"name":null}]},"EF/0h/s12_ef_graund_wave_green/ef_graund_wave_green_2":{"attachment":[{"time":1.0666,"name":"EF/0h/s12_ef_graund_wave_green/ef_graund_wave_green_00001"},{"time":1.1,"name":"EF/0h/s12_ef_graund_wave_green/ef_graund_wave_green_00002"},{"time":1.1333,"name":"EF/0h/s12_ef_graund_wave_green/ef_graund_wave_green_00003"},{"time":1.1666,"name":"EF/0h/s12_ef_graund_wave_green/ef_graund_wave_green_00004"},{"time":1.2,"name":"EF/0h/s12_ef_graund_wave_green/ef_graund_wave_green_00005"},{"time":1.2333,"name":"EF/0h/s12_ef_graund_wave_green/ef_graund_wave_green_00006"},{"time":1.2666,"name":"EF/0h/s12_ef_graund_wave_green/ef_graund_wave_green_00007"},{"time":1.3,"name":"EF/0h/s12_ef_graund_wave_green/ef_graund_wave_green_00008"},{"time":1.3333,"name":"EF/0h/s12_ef_graund_wave_green/ef_graund_wave_green_00009"},{"time":1.3666,"name":"EF/0h/s12_ef_graund_wave_green/ef_graund_wave_green_00010"},{"time":1.4,"name":"EF/0h/s12_ef_graund_wave_green/ef_graund_wave_green_00011"},{"time":1.4333,"name":"EF/0h/s12_ef_graund_wave_green/ef_graund_wave_green_00012"},{"time":1.4666,"name":"EF/0h/s12_ef_graund_wave_green/ef_graund_wave_green_00013"},{"time":1.5,"name":"EF/0h/s12_ef_graund_wave_green/ef_graund_wave_green_00014"},{"time":1.5333,"name":null},{"time":1.6666,"name":"EF/0h/s12_ef_graund_wave_green/ef_graund_wave_green_00001"},{"time":1.7,"name":"EF/0h/s12_ef_graund_wave_green/ef_graund_wave_green_00002"},{"time":1.7333,"name":"EF/0h/s12_ef_graund_wave_green/ef_graund_wave_green_00003"},{"time":1.7666,"name":"EF/0h/s12_ef_graund_wave_green/ef_graund_wave_green_00004"},{"time":1.8,"name":"EF/0h/s12_ef_graund_wave_green/ef_graund_wave_green_00005"},{"time":1.8333,"name":"EF/0h/s12_ef_graund_wave_green/ef_graund_wave_green_00006"},{"time":1.8666,"name":"EF/0h/s12_ef_graund_wave_green/ef_graund_wave_green_00007"},{"time":1.9,"name":"EF/0h/s12_ef_graund_wave_green/ef_graund_wave_green_00008"},{"time":1.9333,"name":"EF/0h/s12_ef_graund_wave_green/ef_graund_wave_green_00009"},{"time":1.9666,"name":"EF/0h/s12_ef_graund_wave_green/ef_graund_wave_green_00010"},{"time":2,"name":"EF/0h/s12_ef_graund_wave_green/ef_graund_wave_green_00011"},{"time":2.0333,"name":"EF/0h/s12_ef_graund_wave_green/ef_graund_wave_green_00012"},{"time":2.0666,"name":"EF/0h/s12_ef_graund_wave_green/ef_graund_wave_green_00013"},{"time":2.1,"name":"EF/0h/s12_ef_graund_wave_green/ef_graund_wave_green_00014"},{"time":2.1333,"name":null},{"time":2.2666,"name":"EF/0h/s12_ef_graund_wave_green/ef_graund_wave_green_00001"},{"time":2.3,"name":"EF/0h/s12_ef_graund_wave_green/ef_graund_wave_green_00002"},{"time":2.3333,"name":"EF/0h/s12_ef_graund_wave_green/ef_graund_wave_green_00003"},{"time":2.3666,"name":"EF/0h/s12_ef_graund_wave_green/ef_graund_wave_green_00004"},{"time":2.4,"name":"EF/0h/s12_ef_graund_wave_green/ef_graund_wave_green_00005"},{"time":2.4333,"name":"EF/0h/s12_ef_graund_wave_green/ef_graund_wave_green_00006"},{"time":2.4666,"name":"EF/0h/s12_ef_graund_wave_green/ef_graund_wave_green_00007"},{"time":2.5,"name":"EF/0h/s12_ef_graund_wave_green/ef_graund_wave_green_00008"},{"time":2.5333,"name":"EF/0h/s12_ef_graund_wave_green/ef_graund_wave_green_00009"},{"time":2.5666,"name":"EF/0h/s12_ef_graund_wave_green/ef_graund_wave_green_00010"},{"time":2.6,"name":"EF/0h/s12_ef_graund_wave_green/ef_graund_wave_green_00011"},{"time":2.6333,"name":"EF/0h/s12_ef_graund_wave_green/ef_graund_wave_green_00012"},{"time":2.6666,"name":"EF/0h/s12_ef_graund_wave_green/ef_graund_wave_green_00013"},{"time":2.7,"name":"EF/0h/s12_ef_graund_wave_green/ef_graund_wave_green_00014"},{"time":2.7333,"name":null}]},"MAIN":{"attachment":[{"time":0.2333,"name":"skill1_00"},{"time":0.5333,"name":"skill1_01"},{"time":0.6,"name":"skill1_02"},{"time":0.7333,"name":"skill1_03"},{"time":0.8666,"name":"skill1_04"},{"time":1,"name":"skill1_05"},{"time":1.1333,"name":"skill1_03"},{"time":1.2666,"name":"skill1_04"},{"time":1.4,"name":"skill1_05"},{"time":1.5333,"name":"skill1_03"},{"time":1.6666,"name":"skill1_04"},{"time":1.8,"name":"skill1_05"},{"time":1.9333,"name":"skill1_03"},{"time":2.0666,"name":"skill1_04"},{"time":2.2,"name":"skill1_05"},{"time":2.3333,"name":"skill1_03"},{"time":2.4666,"name":"skill1_04"},{"time":2.6,"name":"skill1_05"},{"time":2.6666,"name":"skill1_07"},{"time":2.8,"name":"skill2_00"},{"time":2.8666,"name":"idle_02"},{"time":3,"name":"idle_03"},{"time":3.1666,"name":"idle_00"}]},"attack1_01_ef":{"attachment":[{"time":0.5333,"name":"skill1_01_ef"},{"time":0.5666,"name":null},{"time":0.6,"name":"skill1_02_ef"},{"time":0.6333,"name":null},{"time":0.7333,"name":"skill1_03_ef"},{"time":0.7666,"name":null},{"time":2.6666,"name":"skill1_07_ef"},{"time":2.7333,"name":null}]}},"bones":{"MAIN":{"rotate":[{"time":0.7333,"angle":0,"curve":"stepped"},{"time":0.8,"angle":0}],"translate":[{"time":0.7333,"x":0,"y":0,"curve":[0.065,0.66,0.75,1]},{"time":0.8,"x":5,"y":9.57},{"time":0.9,"x":6,"y":10.63,"curve":"stepped"},{"time":2.6,"x":6,"y":10.63,"curve":[0.087,0.56,0.75,1]},{"time":2.6666,"x":1,"y":-2,"curve":[0.15,0.42,0.75,1]},{"time":2.7333,"x":0.5,"y":0,"curve":"stepped"},{"time":2.8666,"x":0,"y":0}],"scale":[{"time":0.7333,"x":1,"y":1,"curve":"stepped"},{"time":0.8,"x":1,"y":1}]},"ef_graund_wave_green":{"translate":[{"time":0.7333,"x":-441.1,"y":-10.58,"curve":"stepped"},{"time":1.2666,"x":-700,"y":-25,"curve":"stepped"},{"time":1.8666,"x":-1050,"y":-25}],"scale":[{"time":0.7333,"x":2,"y":2,"curve":"stepped"},{"time":1.2666,"x":2.6,"y":2.6}]},"ef_graund_wave_green2":{"translate":[{"time":0.8666,"x":-500,"y":-25,"curve":"stepped"},{"time":1.4666,"x":-800,"y":-25,"curve":"stepped"},{"time":2.0666,"x":-1100,"y":-25}],"scale":[{"time":0.8666,"x":2.6,"y":2.6}]},"ef_graund_wave_green3":{"translate":[{"time":1.0666,"x":-600,"y":-25,"curve":"stepped"},{"time":1.6666,"x":-900,"y":-25,"curve":"stepped"},{"time":2.2666,"x":-1200,"y":-25}],"scale":[{"time":1.0666,"x":2.6,"y":2.6}]},"DAMAGEAREA":{"translate":[{"time":0.9,"x":-160.12,"y":0},{"time":1.3,"x":-310.55,"y":0},{"time":2.3333,"x":-835.91,"y":0}],"scale":[{"time":0.9,"x":2.469,"y":1},{"time":1.3,"x":3.541,"y":1}]}},"events":[{"time":0.1333,"name":"Event","string":"runScript_skill1"},{"time":0.5,"name":"Sound1","string":"cri_se_battle_monster_swish"},{"time":0.5666,"name":"Voice","string":"cri_229_voice_skill_all"},{"time":0.7,"name":"Sound1","string":"cri_se_battle_tentacle_swing"},{"time":0.7,"name":"Sound3","string":"setHitSound(se_battle_swordslash_heavy)"},{"time":0.8666,"name":"Event","string":"setHitBackEnemy(50,0)"},{"time":0.8666,"name":"Sound1","string":"cri_se_battle_thunder_small"},{"time":0.9,"name":"Event","float":0.1,"string":"kHitStopType_enemyonly"},{"time":0.9,"name":"Event2","float":1.5,"string":"shakeGround"},{"time":1.0666,"name":"Hit","string":"resetHitList"},{"time":1.0666,"name":"Sound1","string":"cri_se_battle_thunder_small"},{"time":1.2666,"name":"Sound1","string":"cri_se_battle_thunder_small"},{"time":1.3,"name":"Hit","string":"resetHitList"},{"time":1.4666,"name":"Sound1","string":"cri_se_battle_thunder_small"},{"time":1.5,"name":"Hit","string":"resetHitList"},{"time":1.6666,"name":"Sound1","string":"cri_se_battle_thunder_small"},{"time":1.7,"name":"Hit","string":"resetHitList"},{"time":1.8666,"name":"Sound1","string":"cri_se_battle_thunder_small"},{"time":1.9,"name":"Hit","string":"resetHitList"},{"time":2.0666,"name":"Sound1","string":"cri_se_battle_thunder_small"},{"time":2.1,"name":"Hit","string":"resetHitList"},{"time":2.2666,"name":"Sound1","string":"cri_se_battle_thunder_small"},{"time":2.3,"name":"Hit","string":"resetHitList"}]},"skill2":{"slots":{"DAMAGEAREA":{"attachment":[{"time":0.7666,"name":"DAMAGEAREA"},{"time":2.8333,"name":null}]},"EF/0h/s12_ef_graund_wave_green/ef_graund_wave_green_00001":{"attachment":[{"time":0.7,"name":"EF/0h/s12_ef_graund_wave_green/ef_graund_wave_green_00001"},{"time":0.7333,"name":"EF/0h/s12_ef_graund_wave_green/ef_graund_wave_green_00002"},{"time":0.7666,"name":"EF/0h/s12_ef_graund_wave_green/ef_graund_wave_green_00003"},{"time":0.8,"name":"EF/0h/s12_ef_graund_wave_green/ef_graund_wave_green_00004"},{"time":0.8333,"name":"EF/0h/s12_ef_graund_wave_green/ef_graund_wave_green_00005"},{"time":0.8666,"name":"EF/0h/s12_ef_graund_wave_green/ef_graund_wave_green_00006"},{"time":0.9,"name":"EF/0h/s12_ef_graund_wave_green/ef_graund_wave_green_00007"},{"time":0.9333,"name":"EF/0h/s12_ef_graund_wave_green/ef_graund_wave_green_00008"},{"time":0.9666,"name":"EF/0h/s12_ef_graund_wave_green/ef_graund_wave_green_00009"},{"time":1,"name":"EF/0h/s12_ef_graund_wave_green/ef_graund_wave_green_00010"},{"time":1.0333,"name":"EF/0h/s12_ef_graund_wave_green/ef_graund_wave_green_00011"},{"time":1.0666,"name":"EF/0h/s12_ef_graund_wave_green/ef_graund_wave_green_00012"},{"time":1.1,"name":"EF/0h/s12_ef_graund_wave_green/ef_graund_wave_green_00013"},{"time":1.1333,"name":"EF/0h/s12_ef_graund_wave_green/ef_graund_wave_green_00014"},{"time":1.1666,"name":null},{"time":1.3,"name":"EF/0h/s12_ef_graund_wave_green/ef_graund_wave_green_00001"},{"time":1.3333,"name":"EF/0h/s12_ef_graund_wave_green/ef_graund_wave_green_00002"},{"time":1.3666,"name":"EF/0h/s12_ef_graund_wave_green/ef_graund_wave_green_00003"},{"time":1.4,"name":"EF/0h/s12_ef_graund_wave_green/ef_graund_wave_green_00004"},{"time":1.4333,"name":"EF/0h/s12_ef_graund_wave_green/ef_graund_wave_green_00005"},{"time":1.4666,"name":"EF/0h/s12_ef_graund_wave_green/ef_graund_wave_green_00006"},{"time":1.5,"name":"EF/0h/s12_ef_graund_wave_green/ef_graund_wave_green_00007"},{"time":1.5333,"name":"EF/0h/s12_ef_graund_wave_green/ef_graund_wave_green_00008"},{"time":1.5666,"name":"EF/0h/s12_ef_graund_wave_green/ef_graund_wave_green_00009"},{"time":1.6,"name":"EF/0h/s12_ef_graund_wave_green/ef_graund_wave_green_00010"},{"time":1.6333,"name":"EF/0h/s12_ef_graund_wave_green/ef_graund_wave_green_00011"},{"time":1.6666,"name":"EF/0h/s12_ef_graund_wave_green/ef_graund_wave_green_00012"},{"time":1.7,"name":"EF/0h/s12_ef_graund_wave_green/ef_graund_wave_green_00013"},{"time":1.7333,"name":"EF/0h/s12_ef_graund_wave_green/ef_graund_wave_green_00014"},{"time":1.7666,"name":null},{"time":1.9,"name":"EF/0h/s12_ef_graund_wave_green/ef_graund_wave_green_00001"},{"time":1.9333,"name":"EF/0h/s12_ef_graund_wave_green/ef_graund_wave_green_00002"},{"time":1.9666,"name":"EF/0h/s12_ef_graund_wave_green/ef_graund_wave_green_00003"},{"time":2,"name":"EF/0h/s12_ef_graund_wave_green/ef_graund_wave_green_00004"},{"time":2.0333,"name":"EF/0h/s12_ef_graund_wave_green/ef_graund_wave_green_00005"},{"time":2.0666,"name":"EF/0h/s12_ef_graund_wave_green/ef_graund_wave_green_00006"},{"time":2.1,"name":"EF/0h/s12_ef_graund_wave_green/ef_graund_wave_green_00007"},{"time":2.1333,"name":"EF/0h/s12_ef_graund_wave_green/ef_graund_wave_green_00008"},{"time":2.1666,"name":"EF/0h/s12_ef_graund_wave_green/ef_graund_wave_green_00009"},{"time":2.2,"name":"EF/0h/s12_ef_graund_wave_green/ef_graund_wave_green_00010"},{"time":2.2333,"name":"EF/0h/s12_ef_graund_wave_green/ef_graund_wave_green_00011"},{"time":2.2666,"name":"EF/0h/s12_ef_graund_wave_green/ef_graund_wave_green_00012"},{"time":2.3,"name":"EF/0h/s12_ef_graund_wave_green/ef_graund_wave_green_00013"},{"time":2.3333,"name":"EF/0h/s12_ef_graund_wave_green/ef_graund_wave_green_00014"},{"time":2.3666,"name":null},{"time":2.5,"name":"EF/0h/s12_ef_graund_wave_green/ef_graund_wave_green_00001"},{"time":2.5333,"name":"EF/0h/s12_ef_graund_wave_green/ef_graund_wave_green_00002"},{"time":2.5666,"name":"EF/0h/s12_ef_graund_wave_green/ef_graund_wave_green_00003"},{"time":2.6,"name":"EF/0h/s12_ef_graund_wave_green/ef_graund_wave_green_00004"},{"time":2.6333,"name":"EF/0h/s12_ef_graund_wave_green/ef_graund_wave_green_00005"},{"time":2.6666,"name":"EF/0h/s12_ef_graund_wave_green/ef_graund_wave_green_00006"},{"time":2.7,"name":"EF/0h/s12_ef_graund_wave_green/ef_graund_wave_green_00007"},{"time":2.7333,"name":"EF/0h/s12_ef_graund_wave_green/ef_graund_wave_green_00008"},{"time":2.7666,"name":"EF/0h/s12_ef_graund_wave_green/ef_graund_wave_green_00009"},{"time":2.8,"name":"EF/0h/s12_ef_graund_wave_green/ef_graund_wave_green_00010"},{"time":2.8333,"name":"EF/0h/s12_ef_graund_wave_green/ef_graund_wave_green_00011"},{"time":2.8666,"name":"EF/0h/s12_ef_graund_wave_green/ef_graund_wave_green_00012"},{"time":2.9,"name":"EF/0h/s12_ef_graund_wave_green/ef_graund_wave_green_00013"},{"time":2.9333,"name":"EF/0h/s12_ef_graund_wave_green/ef_graund_wave_green_00014"},{"time":2.9666,"name":null}]},"EF/0h/s12_ef_graund_wave_green/ef_graund_wave_green_1":{"attachment":[{"time":0.7333,"name":"EF/0h/s12_ef_graund_wave_green/ef_graund_wave_green_00001"},{"time":0.7666,"name":"EF/0h/s12_ef_graund_wave_green/ef_graund_wave_green_00002"},{"time":0.8,"name":"EF/0h/s12_ef_graund_wave_green/ef_graund_wave_green_00003"},{"time":0.8333,"name":"EF/0h/s12_ef_graund_wave_green/ef_graund_wave_green_00004"},{"time":0.8666,"name":"EF/0h/s12_ef_graund_wave_green/ef_graund_wave_green_00005"},{"time":0.9,"name":"EF/0h/s12_ef_graund_wave_green/ef_graund_wave_green_00006"},{"time":0.9333,"name":"EF/0h/s12_ef_graund_wave_green/ef_graund_wave_green_00007"},{"time":0.9666,"name":"EF/0h/s12_ef_graund_wave_green/ef_graund_wave_green_00008"},{"time":1,"name":"EF/0h/s12_ef_graund_wave_green/ef_graund_wave_green_00009"},{"time":1.0333,"name":"EF/0h/s12_ef_graund_wave_green/ef_graund_wave_green_00010"},{"time":1.0666,"name":"EF/0h/s12_ef_graund_wave_green/ef_graund_wave_green_00011"},{"time":1.1,"name":"EF/0h/s12_ef_graund_wave_green/ef_graund_wave_green_00012"},{"time":1.1333,"name":"EF/0h/s12_ef_graund_wave_green/ef_graund_wave_green_00013"},{"time":1.1666,"name":"EF/0h/s12_ef_graund_wave_green/ef_graund_wave_green_00014"},{"time":1.2,"name":null},{"time":1.3333,"name":"EF/0h/s12_ef_graund_wave_green/ef_graund_wave_green_00001"},{"time":1.3666,"name":"EF/0h/s12_ef_graund_wave_green/ef_graund_wave_green_00002"},{"time":1.4,"name":"EF/0h/s12_ef_graund_wave_green/ef_graund_wave_green_00003"},{"time":1.4333,"name":"EF/0h/s12_ef_graund_wave_green/ef_graund_wave_green_00004"},{"time":1.4666,"name":"EF/0h/s12_ef_graund_wave_green/ef_graund_wave_green_00005"},{"time":1.5,"name":"EF/0h/s12_ef_graund_wave_green/ef_graund_wave_green_00006"},{"time":1.5333,"name":"EF/0h/s12_ef_graund_wave_green/ef_graund_wave_green_00007"},{"time":1.5666,"name":"EF/0h/s12_ef_graund_wave_green/ef_graund_wave_green_00008"},{"time":1.6,"name":"EF/0h/s12_ef_graund_wave_green/ef_graund_wave_green_00009"},{"time":1.6333,"name":"EF/0h/s12_ef_graund_wave_green/ef_graund_wave_green_00010"},{"time":1.6666,"name":"EF/0h/s12_ef_graund_wave_green/ef_graund_wave_green_00011"},{"time":1.7,"name":"EF/0h/s12_ef_graund_wave_green/ef_graund_wave_green_00012"},{"time":1.7333,"name":"EF/0h/s12_ef_graund_wave_green/ef_graund_wave_green_00013"},{"time":1.7666,"name":"EF/0h/s12_ef_graund_wave_green/ef_graund_wave_green_00014"},{"time":1.8,"name":null},{"time":1.9333,"name":"EF/0h/s12_ef_graund_wave_green/ef_graund_wave_green_00001"},{"time":1.9666,"name":"EF/0h/s12_ef_graund_wave_green/ef_graund_wave_green_00002"},{"time":2,"name":"EF/0h/s12_ef_graund_wave_green/ef_graund_wave_green_00003"},{"time":2.0333,"name":"EF/0h/s12_ef_graund_wave_green/ef_graund_wave_green_00004"},{"time":2.0666,"name":"EF/0h/s12_ef_graund_wave_green/ef_graund_wave_green_00005"},{"time":2.1,"name":"EF/0h/s12_ef_graund_wave_green/ef_graund_wave_green_00006"},{"time":2.1333,"name":"EF/0h/s12_ef_graund_wave_green/ef_graund_wave_green_00007"},{"time":2.1666,"name":"EF/0h/s12_ef_graund_wave_green/ef_graund_wave_green_00008"},{"time":2.2,"name":"EF/0h/s12_ef_graund_wave_green/ef_graund_wave_green_00009"},{"time":2.2333,"name":"EF/0h/s12_ef_graund_wave_green/ef_graund_wave_green_00010"},{"time":2.2666,"name":"EF/0h/s12_ef_graund_wave_green/ef_graund_wave_green_00011"},{"time":2.3,"name":"EF/0h/s12_ef_graund_wave_green/ef_graund_wave_green_00012"},{"time":2.3333,"name":"EF/0h/s12_ef_graund_wave_green/ef_graund_wave_green_00013"},{"time":2.3666,"name":"EF/0h/s12_ef_graund_wave_green/ef_graund_wave_green_00014"},{"time":2.4,"name":null},{"time":2.5333,"name":"EF/0h/s12_ef_graund_wave_green/ef_graund_wave_green_00001"},{"time":2.5666,"name":"EF/0h/s12_ef_graund_wave_green/ef_graund_wave_green_00002"},{"time":2.6,"name":"EF/0h/s12_ef_graund_wave_green/ef_graund_wave_green_00003"},{"time":2.6333,"name":"EF/0h/s12_ef_graund_wave_green/ef_graund_wave_green_00004"},{"time":2.6666,"name":"EF/0h/s12_ef_graund_wave_green/ef_graund_wave_green_00005"},{"time":2.7,"name":"EF/0h/s12_ef_graund_wave_green/ef_graund_wave_green_00006"},{"time":2.7333,"name":"EF/0h/s12_ef_graund_wave_green/ef_graund_wave_green_00007"},{"time":2.7666,"name":"EF/0h/s12_ef_graund_wave_green/ef_graund_wave_green_00008"},{"time":2.8,"name":"EF/0h/s12_ef_graund_wave_green/ef_graund_wave_green_00009"},{"time":2.8333,"name":"EF/0h/s12_ef_graund_wave_green/ef_graund_wave_green_00010"},{"time":2.8666,"name":"EF/0h/s12_ef_graund_wave_green/ef_graund_wave_green_00011"},{"time":2.9,"name":"EF/0h/s12_ef_graund_wave_green/ef_graund_wave_green_00012"},{"time":2.9333,"name":"EF/0h/s12_ef_graund_wave_green/ef_graund_wave_green_00013"},{"time":2.9666,"name":"EF/0h/s12_ef_graund_wave_green/ef_graund_wave_green_00014"},{"time":3,"name":null}]},"EF/0h/s12_ef_graund_wave_green/ef_graund_wave_green_2":{"attachment":[{"time":0.7666,"name":"EF/0h/s12_ef_graund_wave_green/ef_graund_wave_green_00001"},{"time":0.8,"name":"EF/0h/s12_ef_graund_wave_green/ef_graund_wave_green_00002"},{"time":0.8333,"name":"EF/0h/s12_ef_graund_wave_green/ef_graund_wave_green_00003"},{"time":0.8666,"name":"EF/0h/s12_ef_graund_wave_green/ef_graund_wave_green_00004"},{"time":0.9,"name":"EF/0h/s12_ef_graund_wave_green/ef_graund_wave_green_00005"},{"time":0.9333,"name":"EF/0h/s12_ef_graund_wave_green/ef_graund_wave_green_00006"},{"time":0.9666,"name":"EF/0h/s12_ef_graund_wave_green/ef_graund_wave_green_00007"},{"time":1,"name":"EF/0h/s12_ef_graund_wave_green/ef_graund_wave_green_00008"},{"time":1.0333,"name":"EF/0h/s12_ef_graund_wave_green/ef_graund_wave_green_00009"},{"time":1.0666,"name":"EF/0h/s12_ef_graund_wave_green/ef_graund_wave_green_00010"},{"time":1.1,"name":"EF/0h/s12_ef_graund_wave_green/ef_graund_wave_green_00011"},{"time":1.1333,"name":"EF/0h/s12_ef_graund_wave_green/ef_graund_wave_green_00012"},{"time":1.1666,"name":"EF/0h/s12_ef_graund_wave_green/ef_graund_wave_green_00013"},{"time":1.2,"name":"EF/0h/s12_ef_graund_wave_green/ef_graund_wave_green_00014"},{"time":1.2333,"name":null},{"time":1.3666,"name":"EF/0h/s12_ef_graund_wave_green/ef_graund_wave_green_00001"},{"time":1.4,"name":"EF/0h/s12_ef_graund_wave_green/ef_graund_wave_green_00002"},{"time":1.4333,"name":"EF/0h/s12_ef_graund_wave_green/ef_graund_wave_green_00003"},{"time":1.4666,"name":"EF/0h/s12_ef_graund_wave_green/ef_graund_wave_green_00004"},{"time":1.5,"name":"EF/0h/s12_ef_graund_wave_green/ef_graund_wave_green_00005"},{"time":1.5333,"name":"EF/0h/s12_ef_graund_wave_green/ef_graund_wave_green_00006"},{"time":1.5666,"name":"EF/0h/s12_ef_graund_wave_green/ef_graund_wave_green_00007"},{"time":1.6,"name":"EF/0h/s12_ef_graund_wave_green/ef_graund_wave_green_00008"},{"time":1.6333,"name":"EF/0h/s12_ef_graund_wave_green/ef_graund_wave_green_00009"},{"time":1.6666,"name":"EF/0h/s12_ef_graund_wave_green/ef_graund_wave_green_00010"},{"time":1.7,"name":"EF/0h/s12_ef_graund_wave_green/ef_graund_wave_green_00011"},{"time":1.7333,"name":"EF/0h/s12_ef_graund_wave_green/ef_graund_wave_green_00012"},{"time":1.7666,"name":"EF/0h/s12_ef_graund_wave_green/ef_graund_wave_green_00013"},{"time":1.8,"name":"EF/0h/s12_ef_graund_wave_green/ef_graund_wave_green_00014"},{"time":1.8333,"name":null},{"time":1.9666,"name":"EF/0h/s12_ef_graund_wave_green/ef_graund_wave_green_00001"},{"time":2,"name":"EF/0h/s12_ef_graund_wave_green/ef_graund_wave_green_00002"},{"time":2.0333,"name":"EF/0h/s12_ef_graund_wave_green/ef_graund_wave_green_00003"},{"time":2.0666,"name":"EF/0h/s12_ef_graund_wave_green/ef_graund_wave_green_00004"},{"time":2.1,"name":"EF/0h/s12_ef_graund_wave_green/ef_graund_wave_green_00005"},{"time":2.1333,"name":"EF/0h/s12_ef_graund_wave_green/ef_graund_wave_green_00006"},{"time":2.1666,"name":"EF/0h/s12_ef_graund_wave_green/ef_graund_wave_green_00007"},{"time":2.2,"name":"EF/0h/s12_ef_graund_wave_green/ef_graund_wave_green_00008"},{"time":2.2333,"name":"EF/0h/s12_ef_graund_wave_green/ef_graund_wave_green_00009"},{"time":2.2666,"name":"EF/0h/s12_ef_graund_wave_green/ef_graund_wave_green_00010"},{"time":2.3,"name":"EF/0h/s12_ef_graund_wave_green/ef_graund_wave_green_00011"},{"time":2.3333,"name":"EF/0h/s12_ef_graund_wave_green/ef_graund_wave_green_00012"},{"time":2.3666,"name":"EF/0h/s12_ef_graund_wave_green/ef_graund_wave_green_00013"},{"time":2.4,"name":"EF/0h/s12_ef_graund_wave_green/ef_graund_wave_green_00014"},{"time":2.4333,"name":null},{"time":2.5666,"name":"EF/0h/s12_ef_graund_wave_green/ef_graund_wave_green_00001"},{"time":2.6,"name":"EF/0h/s12_ef_graund_wave_green/ef_graund_wave_green_00002"},{"time":2.6333,"name":"EF/0h/s12_ef_graund_wave_green/ef_graund_wave_green_00003"},{"time":2.6666,"name":"EF/0h/s12_ef_graund_wave_green/ef_graund_wave_green_00004"},{"time":2.7,"name":"EF/0h/s12_ef_graund_wave_green/ef_graund_wave_green_00005"},{"time":2.7333,"name":"EF/0h/s12_ef_graund_wave_green/ef_graund_wave_green_00006"},{"time":2.7666,"name":"EF/0h/s12_ef_graund_wave_green/ef_graund_wave_green_00007"},{"time":2.8,"name":"EF/0h/s12_ef_graund_wave_green/ef_graund_wave_green_00008"},{"time":2.8333,"name":"EF/0h/s12_ef_graund_wave_green/ef_graund_wave_green_00009"},{"time":2.8666,"name":"EF/0h/s12_ef_graund_wave_green/ef_graund_wave_green_00010"},{"time":2.9,"name":"EF/0h/s12_ef_graund_wave_green/ef_graund_wave_green_00011"},{"time":2.9333,"name":"EF/0h/s12_ef_graund_wave_green/ef_graund_wave_green_00012"},{"time":2.9666,"name":"EF/0h/s12_ef_graund_wave_green/ef_graund_wave_green_00013"},{"time":3,"name":"EF/0h/s12_ef_graund_wave_green/ef_graund_wave_green_00014"},{"time":3.0333,"name":null}]},"EF/0h/s12_ef_graund_wave_green/ef_graund_wave_green_3":{"attachment":[{"time":0.8,"name":"EF/0h/s12_ef_graund_wave_green/ef_graund_wave_green_00001"},{"time":0.8333,"name":"EF/0h/s12_ef_graund_wave_green/ef_graund_wave_green_00002"},{"time":0.8666,"name":"EF/0h/s12_ef_graund_wave_green/ef_graund_wave_green_00003"},{"time":0.9,"name":"EF/0h/s12_ef_graund_wave_green/ef_graund_wave_green_00004"},{"time":0.9333,"name":"EF/0h/s12_ef_graund_wave_green/ef_graund_wave_green_00005"},{"time":0.9666,"name":"EF/0h/s12_ef_graund_wave_green/ef_graund_wave_green_00006"},{"time":1,"name":"EF/0h/s12_ef_graund_wave_green/ef_graund_wave_green_00007"},{"time":1.0333,"name":"EF/0h/s12_ef_graund_wave_green/ef_graund_wave_green_00008"},{"time":1.0666,"name":"EF/0h/s12_ef_graund_wave_green/ef_graund_wave_green_00009"},{"time":1.1,"name":"EF/0h/s12_ef_graund_wave_green/ef_graund_wave_green_00010"},{"time":1.1333,"name":"EF/0h/s12_ef_graund_wave_green/ef_graund_wave_green_00011"},{"time":1.1666,"name":"EF/0h/s12_ef_graund_wave_green/ef_graund_wave_green_00012"},{"time":1.2,"name":"EF/0h/s12_ef_graund_wave_green/ef_graund_wave_green_00013"},{"time":1.2333,"name":"EF/0h/s12_ef_graund_wave_green/ef_graund_wave_green_00014"},{"time":1.2666,"name":null},{"time":1.4,"name":"EF/0h/s12_ef_graund_wave_green/ef_graund_wave_green_00001"},{"time":1.4333,"name":"EF/0h/s12_ef_graund_wave_green/ef_graund_wave_green_00002"},{"time":1.4666,"name":"EF/0h/s12_ef_graund_wave_green/ef_graund_wave_green_00003"},{"time":1.5,"name":"EF/0h/s12_ef_graund_wave_green/ef_graund_wave_green_00004"},{"time":1.5333,"name":"EF/0h/s12_ef_graund_wave_green/ef_graund_wave_green_00005"},{"time":1.5666,"name":"EF/0h/s12_ef_graund_wave_green/ef_graund_wave_green_00006"},{"time":1.6,"name":"EF/0h/s12_ef_graund_wave_green/ef_graund_wave_green_00007"},{"time":1.6333,"name":"EF/0h/s12_ef_graund_wave_green/ef_graund_wave_green_00008"},{"time":1.6666,"name":"EF/0h/s12_ef_graund_wave_green/ef_graund_wave_green_00009"},{"time":1.7,"name":"EF/0h/s12_ef_graund_wave_green/ef_graund_wave_green_00010"},{"time":1.7333,"name":"EF/0h/s12_ef_graund_wave_green/ef_graund_wave_green_00011"},{"time":1.7666,"name":"EF/0h/s12_ef_graund_wave_green/ef_graund_wave_green_00012"},{"time":1.8,"name":"EF/0h/s12_ef_graund_wave_green/ef_graund_wave_green_00013"},{"time":1.8333,"name":"EF/0h/s12_ef_graund_wave_green/ef_graund_wave_green_00014"},{"time":1.8666,"name":null},{"time":2,"name":"EF/0h/s12_ef_graund_wave_green/ef_graund_wave_green_00001"},{"time":2.0333,"name":"EF/0h/s12_ef_graund_wave_green/ef_graund_wave_green_00002"},{"time":2.0666,"name":"EF/0h/s12_ef_graund_wave_green/ef_graund_wave_green_00003"},{"time":2.1,"name":"EF/0h/s12_ef_graund_wave_green/ef_graund_wave_green_00004"},{"time":2.1333,"name":"EF/0h/s12_ef_graund_wave_green/ef_graund_wave_green_00005"},{"time":2.1666,"name":"EF/0h/s12_ef_graund_wave_green/ef_graund_wave_green_00006"},{"time":2.2,"name":"EF/0h/s12_ef_graund_wave_green/ef_graund_wave_green_00007"},{"time":2.2333,"name":"EF/0h/s12_ef_graund_wave_green/ef_graund_wave_green_00008"},{"time":2.2666,"name":"EF/0h/s12_ef_graund_wave_green/ef_graund_wave_green_00009"},{"time":2.3,"name":"EF/0h/s12_ef_graund_wave_green/ef_graund_wave_green_00010"},{"time":2.3333,"name":"EF/0h/s12_ef_graund_wave_green/ef_graund_wave_green_00011"},{"time":2.3666,"name":"EF/0h/s12_ef_graund_wave_green/ef_graund_wave_green_00012"},{"time":2.4,"name":"EF/0h/s12_ef_graund_wave_green/ef_graund_wave_green_00013"},{"time":2.4333,"name":"EF/0h/s12_ef_graund_wave_green/ef_graund_wave_green_00014"},{"time":2.4666,"name":null},{"time":2.6,"name":"EF/0h/s12_ef_graund_wave_green/ef_graund_wave_green_00001"},{"time":2.6333,"name":"EF/0h/s12_ef_graund_wave_green/ef_graund_wave_green_00002"},{"time":2.6666,"name":"EF/0h/s12_ef_graund_wave_green/ef_graund_wave_green_00003"},{"time":2.7,"name":"EF/0h/s12_ef_graund_wave_green/ef_graund_wave_green_00004"},{"time":2.7333,"name":"EF/0h/s12_ef_graund_wave_green/ef_graund_wave_green_00005"},{"time":2.7666,"name":"EF/0h/s12_ef_graund_wave_green/ef_graund_wave_green_00006"},{"time":2.8,"name":"EF/0h/s12_ef_graund_wave_green/ef_graund_wave_green_00007"},{"time":2.8333,"name":"EF/0h/s12_ef_graund_wave_green/ef_graund_wave_green_00008"},{"time":2.8666,"name":"EF/0h/s12_ef_graund_wave_green/ef_graund_wave_green_00009"},{"time":2.9,"name":"EF/0h/s12_ef_graund_wave_green/ef_graund_wave_green_00010"},{"time":2.9333,"name":"EF/0h/s12_ef_graund_wave_green/ef_graund_wave_green_00011"},{"time":2.9666,"name":"EF/0h/s12_ef_graund_wave_green/ef_graund_wave_green_00012"},{"time":3,"name":"EF/0h/s12_ef_graund_wave_green/ef_graund_wave_green_00013"},{"time":3.0333,"name":"EF/0h/s12_ef_graund_wave_green/ef_graund_wave_green_00014"},{"time":3.0666,"name":null}]},"EF/0h/s2_ef_slash_A_main2/ef_slash_A_main 2_00001":{"attachment":[{"time":0.7,"name":"EF/0h/s2_ef_slash_A_main2/ef_slash_A_main 2_00001"},{"time":0.7333,"name":"EF/0h/s2_ef_slash_A_main2/ef_slash_A_main 2_00002"},{"time":0.7666,"name":"EF/0h/s2_ef_slash_A_main2/ef_slash_A_main 2_00003"},{"time":0.8,"name":"EF/0h/s2_ef_slash_A_main2/ef_slash_A_main 2_00004"},{"time":0.8333,"name":"EF/0h/s2_ef_slash_A_main2/ef_slash_A_main 2_00005"},{"time":0.8666,"name":"EF/0h/s2_ef_slash_A_main2/ef_slash_A_main 2_00006"},{"time":0.9,"name":"EF/0h/s2_ef_slash_A_main2/ef_slash_A_main 2_00007"},{"time":0.9333,"name":"EF/0h/s2_ef_slash_A_main2/ef_slash_A_main 2_00008"},{"time":0.9666,"name":null},{"time":2.8,"name":"EF/0h/s2_ef_slash_A_main2/ef_slash_A_main 2_00001"},{"time":2.8333,"name":"EF/0h/s2_ef_slash_A_main2/ef_slash_A_main 2_00002"},{"time":2.8666,"name":"EF/0h/s2_ef_slash_A_main2/ef_slash_A_main 2_00003"},{"time":2.9,"name":"EF/0h/s2_ef_slash_A_main2/ef_slash_A_main 2_00004"},{"time":2.9333,"name":"EF/0h/s2_ef_slash_A_main2/ef_slash_A_main 2_00005"},{"time":2.9666,"name":"EF/0h/s2_ef_slash_A_main2/ef_slash_A_main 2_00006"},{"time":3,"name":"EF/0h/s2_ef_slash_A_main2/ef_slash_A_main 2_00007"},{"time":3.0333,"name":"EF/0h/s2_ef_slash_A_main2/ef_slash_A_main 2_00008"},{"time":3.0666,"name":null}]},"MAIN":{"attachment":[{"time":0,"name":"skill2_00"},{"time":0.4666,"name":"skill2_01"},{"time":0.7,"name":"skill2_02"},{"time":0.7333,"name":"skill2_03"},{"time":0.7666,"name":"skill2_04"},{"time":0.9,"name":"skill2_05"},{"time":1.0333,"name":"skill2_06"},{"time":1.1666,"name":"skill2_04"},{"time":1.3,"name":"skill2_05"},{"time":1.4333,"name":"skill2_06"},{"time":1.5666,"name":"skill2_04"},{"time":1.7,"name":"skill2_05"},{"time":1.8333,"name":"skill2_06"},{"time":1.9666,"name":"skill2_04"},{"time":2.1,"name":"skill2_05"},{"time":2.2333,"name":"skill2_06"},{"time":2.3666,"name":"skill2_04"},{"time":2.5333,"name":"skill2_05"},{"time":2.7,"name":"skill2_06"},{"time":2.8,"name":"skill2_07"},{"time":2.9,"name":"skill2_00"},{"time":3.3333,"name":"idle_00"}]},"attack1_01_ef":{"attachment":[{"time":0.7,"name":"skill2_02_ef"},{"time":0.7333,"name":"skill2_03_ef"},{"time":2.8,"name":"skill2_07_ef"},{"time":2.8333,"name":null}]}},"bones":{"ef_graund_wave_green":{"translate":[{"time":0.7,"x":-300,"y":0}],"scale":[{"time":0.7,"x":3.2,"y":3.2}]},"ef_slash_A_12_s2":{"rotate":[{"time":0.7,"angle":16.79}],"translate":[{"time":0.7,"x":-431.27,"y":84.09},{"time":0.8666,"x":-431.27,"y":91.73,"curve":"stepped"},{"time":2.8,"x":-486.81,"y":149.41}],"scale":[{"time":0.7,"x":2,"y":2},{"time":0.8666,"x":2,"y":1.7,"curve":"stepped"},{"time":2.8,"x":-2,"y":1.878}]},"ef_graund_wave_green2":{"translate":[{"time":0.7333,"x":-550,"y":0,"curve":"stepped"},{"time":1.3333,"x":-550,"y":0,"curve":"stepped"},{"time":1.9333,"x":-550,"y":0,"curve":"stepped"},{"time":2.5333,"x":-550,"y":0}],"scale":[{"time":0.7333,"x":2.9,"y":2.9,"curve":"stepped"},{"time":1.3333,"x":2.9,"y":2.9,"curve":"stepped"},{"time":1.9333,"x":2.9,"y":2.9,"curve":"stepped"},{"time":2.5333,"x":2.9,"y":2.9}]},"ef_graund_wave_green3":{"translate":[{"time":0.7666,"x":-800,"y":0,"curve":"stepped"},{"time":1.3666,"x":-800,"y":0,"curve":"stepped"},{"time":1.9666,"x":-800,"y":0,"curve":"stepped"},{"time":2.5666,"x":-800,"y":0}],"scale":[{"time":0.7666,"x":2.9,"y":2.9,"curve":"stepped"},{"time":1.3666,"x":2.9,"y":2.9,"curve":"stepped"},{"time":1.9666,"x":2.9,"y":2.9,"curve":"stepped"},{"time":2.5666,"x":2.9,"y":2.9}]},"ef_graund_wave_green4":{"translate":[{"time":0.8,"x":-1050,"y":0,"curve":"stepped"},{"time":1.4,"x":-1050,"y":0,"curve":"stepped"},{"time":2,"x":-1050,"y":0,"curve":"stepped"},{"time":2.6,"x":-1050,"y":0}],"scale":[{"time":0.8,"x":2.9,"y":2.9,"curve":"stepped"},{"time":1.4,"x":2.9,"y":2.9,"curve":"stepped"},{"time":2,"x":2.9,"y":2.9,"curve":"stepped"},{"time":2.6,"x":2.9,"y":2.9}]},"DAMAGEAREA":{"translate":[{"time":0.7666,"x":-491.23,"y":67.85}],"scale":[{"time":0.7666,"x":7.62,"y":1.434}]}},"events":[{"time":0,"name":"Voice","string":"cri_229_voice_fullarts_now"},{"time":0.5333,"name":"Event","string":"runScript_skill2"},{"time":0.7,"name":"Sound2","string":"setHitSound(se_battle_swordslash_heavy)"},{"time":0.7666,"name":"Event","float":0.3,"string":"kHitStopType_normal"},{"time":0.7666,"name":"Event2","float":2,"string":"shakeGround"},{"time":0.7666,"name":"Sound1","string":"cri_se_battle_skill_reaper"},{"time":0.8666,"name":"Event","float":0.03,"string":"kHitStopType_normal"},{"time":0.8666,"name":"Hit","string":"resetHitList"},{"time":0.9666,"name":"Hit","string":"resetHitList"},{"time":1.0666,"name":"Event2","float":1.5,"string":"shakeGround"},{"time":1.0666,"name":"Hit","string":"resetHitList"},{"time":1.1666,"name":"Hit","string":"resetHitList"},{"time":1.2666,"name":"Event2","float":1.5,"string":"shakeGround"},{"time":1.2666,"name":"Hit","string":"resetHitList"},{"time":1.2666,"name":"Sound1","string":"cri_se_battle_darkness_explosion"},{"time":1.3666,"name":"Hit","string":"resetHitList"},{"time":1.4666,"name":"Event2","float":1.5,"string":"shakeGround"},{"time":1.4666,"name":"Hit","string":"resetHitList"},{"time":1.4666,"name":"Voice","string":"cri_229_voice_fullarts_rank5"},{"time":1.5666,"name":"Hit","string":"resetHitList"},{"time":1.6666,"name":"Event2","float":1.5,"string":"shakeGround"},{"time":1.6666,"name":"Hit","string":"resetHitList"},{"time":1.7666,"name":"Hit","string":"resetHitList"},{"time":1.8666,"name":"Event2","float":1.5,"string":"shakeGround"},{"time":1.8666,"name":"Hit","string":"resetHitList"},{"time":1.9666,"name":"Hit","string":"resetHitList"},{"time":2.0666,"name":"Event2","float":1.5,"string":"shakeGround"},{"time":2.0666,"name":"Hit","string":"resetHitList"},{"time":2.1666,"name":"Hit","string":"resetHitList"},{"time":2.2666,"name":"Event2","float":1.5,"string":"shakeGround"},{"time":2.2666,"name":"Hit","string":"resetHitList"},{"time":2.3666,"name":"Hit","string":"resetHitList"},{"time":2.4666,"name":"Event2","float":1.5,"string":"shakeGround"},{"time":2.4666,"name":"Hit","string":"resetHitList"},{"time":2.5666,"name":"Hit","string":"resetHitList"},{"time":2.6666,"name":"Event2","float":1.5,"string":"shakeGround"},{"time":2.6666,"name":"Hit","string":"resetHitList"},{"time":2.7666,"name":"Hit","string":"resetHitList"},{"time":2.8333,"name":"Event2","float":1.5,"string":"shakeGround"},{"time":3,"name":"Event","string":"runScript_endAnimation"}]}}}