{"skeleton":{"hash":"JI7VAcgYVlZ0i+jlrAuuinQh4Oo","spine":"3.0.12","width":0,"height":0,"images":"./images3/"},"bones":[{"name":"root"},{"name":"MAIN","parent":"root","y":57},{"name":"idle_sword","parent":"MAIN","x":-43.49,"y":-14.2,"rotation":4.46}],"slots":[{"name":"MAIN","bone":"MAIN","attachment":"idle_00"},{"name":"idle_sword","bone":"idle_sword","attachment":"idle_sword"}],"skins":{"default":{"MAIN":{"idle_00":{"x":-7,"y":7,"width":500,"height":500},"idle_01":{"x":-7,"y":7,"width":500,"height":500},"idle_02":{"x":-7,"y":7,"width":500,"height":500},"idle_03":{"x":-7,"y":7,"width":500,"height":500},"idle_04":{"x":-7,"y":7,"width":500,"height":500}},"idle_sword":{"idle_sword":{"x":25.01,"y":22.13,"width":250,"height":240}}}},"events":{"Event":{},"Hit":{},"Sound1":{},"Sound2":{},"Sound3":{},"View":{},"Voice":{}},"animations":{"idle":{"slots":{"MAIN":{"attachment":[{"time":0,"name":"idle_00"},{"time":0.2,"name":"idle_01"},{"time":0.4,"name":"idle_02"},{"time":0.6,"name":"idle_03"},{"time":0.8,"name":"idle_04"},{"time":1,"name":"idle_00"}]},"idle_sword":{"attachment":[{"time":0,"name":"idle_sword"}]}},"bones":{"idle_sword":{"rotate":[{"time":0,"angle":0.19,"curve":"stepped"},{"time":0.2,"angle":0.22,"curve":"stepped"},{"time":0.4,"angle":-1.85,"curve":"stepped"},{"time":0.6,"angle":-0.5,"curve":"stepped"},{"time":0.8,"angle":-0.43,"curve":"stepped"},{"time":1,"angle":0.19}],"translate":[{"time":0,"x":0,"y":0,"curve":"stepped"},{"time":0.2,"x":0,"y":-0.62,"curve":"stepped"},{"time":0.4,"x":0,"y":-2.22,"curve":"stepped"},{"time":0.6,"x":0,"y":-1.03,"curve":"stepped"},{"time":0.8,"x":0,"y":-0.8,"curve":"stepped"},{"time":1,"x":0,"y":0}]}}}}}