{"skeleton":{"hash":"Wlnd37G/0OkjeCLmU/8q3tQQpMw","spine":"3.0.12","width":0,"height":0},"bones":[{"name":"root"},{"name":"grid","parent":"root"},{"name":"MAIN","parent":"root","y":50.95,"scaleX":1.25,"scaleY":1.25},{"name":"SHADOW-OFFSET","parent":"MAIN","scaleX":1.2,"scaleY":1.2},{"name":"HITBOX","parent":"MAIN"},{"name":"EF","parent":"root","x":-596.96},{"name":"DAMAGEAREA","parent":"root"},{"name":"wave","parent":"root","x":-197.88,"y":1.41}],"slots":[{"name":"grid/UI","bone":"grid","color":"ffffff4e"},{"name":"grid/grid","bone":"grid"},{"name":"MAIN","bone":"MAIN","attachment":"idle_00"},{"name":"EF/690_S1_wave1/690_S1_wave1_00000","bone":"wave"},{"name":"EF/10000-combo_16_ef2_1B","bone":"EF","color":"a500ffff","blend":"additive"},{"name":"EF/10000-combo_16_ef2_1F","bone":"EF","color":"a500ffff","blend":"additive"},{"name":"EF/sp_ef_1","bone":"EF","color":"a500ffff","blend":"additive"},{"name":"DAMAGEAREA","bone":"DAMAGEAREA"},{"name":"HITBOX","bone":"HITBOX","attachment":"HITBOX"}],"skins":{"default":{"DAMAGEAREA":{"DAMAGEAREA":{"type":"boundingbox","vertices":[-99.87886,-99.35674,97.43707,-96.92074,99.87305,96.74121,-98.6609,96.74121]}},"EF/10000-combo_16_ef2_1B":{"EF/10000-combo_16_ef2_1B":{"x":-34.32,"width":412,"height":342}},"EF/10000-combo_16_ef2_1F":{"EF/10000-combo_16_ef2_1F":{"x":-34.32,"width":412,"height":342}},"EF/690_S1_wave1/690_S1_wave1_00000":{"EF/690_S1_wave1/690_S1_wave1_00007":{"x":0.69,"y":22.28,"width":500,"height":500}},"EF/sp_ef_1":{"EF/sp_ef_1":{"x":135.75,"width":300,"height":160},"EF/sp_ef_2":{"x":135.75,"width":300,"height":160},"EF/sp_ef_3":{"x":135.75,"width":300,"height":160}},"HITBOX":{"HITBOX":{"type":"boundingbox","vertices":[-38.21421,51.57681,-38.28428,-43.89386,45.13768,-44.49866,46.45116,51.33879]}},"MAIN":{"attack1_00":{"x":-24.03,"y":125.45,"width":801,"height":801},"attack1_01":{"x":-24.03,"y":125.45,"width":801,"height":801},"attack1_02":{"x":-24.03,"y":125.45,"width":801,"height":801},"attack1_03":{"x":-24.03,"y":125.45,"width":801,"height":801},"attack1_04":{"x":-24.03,"y":125.45,"width":801,"height":801},"attack1_09":{"x":-24.03,"y":125.45,"width":801,"height":801},"attack1_10":{"x":-24.03,"y":125.45,"width":801,"height":801},"attack3_04":{"x":-24.03,"y":125.45,"width":801,"height":801},"attack3_05":{"x":-24.03,"y":125.45,"width":801,"height":801},"attack3_06":{"x":-24.03,"y":125.45,"width":801,"height":801},"back_00":{"x":-24.03,"y":125.45,"width":801,"height":801},"damage_00":{"x":-24.03,"y":125.45,"width":801,"height":801},"front_00":{"x":-24.03,"y":125.45,"width":801,"height":801},"idle_00":{"x":-24.03,"y":125.45,"width":801,"height":801},"idle_01":{"x":-24.03,"y":125.45,"width":801,"height":801},"idle_02":{"x":-24.03,"y":125.45,"width":801,"height":801},"idle_03":{"x":-24.03,"y":125.45,"width":801,"height":801},"idle_04":{"x":-24.03,"y":125.45,"width":801,"height":801},"skill1_00":{"x":-24.03,"y":125.45,"width":801,"height":801},"skill1_01":{"x":-24.03,"y":125.45,"width":801,"height":801},"skill1_02":{"x":-24.03,"y":125.45,"width":801,"height":801},"skill1_03":{"x":-24.03,"y":125.45,"width":801,"height":801},"skill1_04":{"x":-24.03,"y":125.45,"width":801,"height":801},"skill1_05":{"x":-24.03,"y":125.45,"width":801,"height":801},"skill1_06":{"x":-24.03,"y":125.45,"width":801,"height":801},"skill1_07":{"x":-24.03,"y":125.45,"width":801,"height":801},"skill1_08":{"x":-24.03,"y":125.45,"width":801,"height":801},"skill1_09":{"x":-24.03,"y":125.45,"width":801,"height":801},"skill1_11":{"x":-24.03,"y":125.45,"width":801,"height":801},"skill1_12":{"x":-24.03,"y":125.45,"width":801,"height":801},"skill1_13":{"x":-24.03,"y":125.45,"width":801,"height":801},"skill1_14":{"x":-24.03,"y":125.45,"width":801,"height":801},"skill2_00":{"x":-24.03,"y":125.45,"width":801,"height":801},"skill2_01":{"x":-24.03,"y":125.45,"width":801,"height":801},"skill2_02":{"x":-24.03,"y":125.45,"width":801,"height":801},"skill2_03":{"x":-24.03,"y":125.45,"width":801,"height":801},"skill2_04":{"x":-24.03,"y":125.45,"width":801,"height":801},"skill2_08":{"x":-24.03,"y":125.45,"width":801,"height":801},"skill2_09":{"x":-24.03,"y":125.45,"width":801,"height":801},"skill2_11":{"x":-24.03,"y":125.45,"width":801,"height":801},"skill2_13":{"x":-24.03,"y":125.45,"width":801,"height":801},"skill2_15":{"x":-24.03,"y":125.45,"width":801,"height":801},"skill2_16":{"x":-24.03,"y":125.45,"width":801,"height":801},"skill2_18":{"x":-24.03,"y":125.45,"width":801,"height":801}}}},"events":{"Event":{},"Event2":{"string":"kImpactType_normal"},"Hit":{},"HitEffect":{},"Sound_1":{},"Sound_2":{},"Sound_3":{},"Voice":{}},"animations":{"attack1":{"slots":{"DAMAGEAREA":{"attachment":[{"time":0.2666,"name":"DAMAGEAREA"},{"time":0.3,"name":null},{"time":0.9666,"name":"DAMAGEAREA"},{"time":1.0333,"name":null}]},"EF/10000-combo_16_ef2_1B":{"attachment":[{"time":0.2666,"name":"EF/10000-combo_16_ef2_1B"},{"time":0.3,"name":null}]},"EF/10000-combo_16_ef2_1F":{"attachment":[{"time":0.2666,"name":"EF/10000-combo_16_ef2_1F"},{"time":0.3,"name":null}]},"EF/sp_ef_1":{"attachment":[{"time":0.9666,"name":"EF/sp_ef_1"},{"time":1,"name":"EF/sp_ef_2"},{"time":1.0333,"name":"EF/sp_ef_3"},{"time":1.0666,"name":null}]},"MAIN":{"attachment":[{"time":0,"name":"attack1_00"},{"time":0.2,"name":"attack1_01"},{"time":0.2666,"name":"attack1_02"},{"time":0.3333,"name":"attack1_03"},{"time":0.4,"name":"attack1_04"},{"time":0.5333,"name":"attack1_09"},{"time":0.6,"name":"attack1_10"},{"time":0.9666,"name":"skill1_07"},{"time":1.0333,"name":"skill1_08"},{"time":1.1,"name":"skill1_09"},{"time":1.2,"name":"back_00"},{"time":1.3666,"name":"idle_00"},{"time":1.7,"name":"idle_00"}]}},"bones":{"MAIN":{"translate":[{"time":0.2,"x":-18.08,"y":0,"curve":[0.228,0.79,0.75,1]},{"time":0.4,"x":-38.43,"y":0,"curve":"stepped"},{"time":0.9666,"x":-96.08,"y":0},{"time":1,"x":-109.64,"y":0,"curve":[0.203,0.72,0.75,1]},{"time":1.0333,"x":-94.01,"y":0,"curve":"stepped"},{"time":1.2,"x":-97.21,"y":0},{"time":1.2666,"x":-40.36,"y":8.72},{"time":1.3333,"x":-15.63,"y":0,"curve":[0.259,0.68,0.75,1]},{"time":1.4666,"x":0,"y":0}]},"EF":{"rotate":[{"time":0.2666,"angle":14.12,"curve":"stepped"},{"time":0.9666,"angle":2.27}],"translate":[{"time":0.2666,"x":593.69,"y":140.47,"curve":"stepped"},{"time":0.9666,"x":248.65,"y":48.22}],"scale":[{"time":0.2666,"x":1.557,"y":1.245,"curve":"stepped"},{"time":0.9666,"x":2.032,"y":1.974}]},"DAMAGEAREA":{"translate":[{"time":0.2666,"x":-152.09,"y":88.52,"curve":"stepped"},{"time":0.9666,"x":-220.19,"y":46.53}],"scale":[{"time":0.2666,"x":1.602,"y":1.076,"curve":"stepped"},{"time":0.9666,"x":1.442,"y":0.483}]},"SHADOW-OFFSET":{"translate":[{"time":0.2666,"x":-15,"y":0,"curve":"stepped"},{"time":0.9666,"x":0,"y":0}]}},"events":[{"time":0,"name":"Event","float":0.1,"string":"kHitStopType_normal"},{"time":0,"name":"HitEffect","string":"setHitEffect(hit06e,1,2,1)"},{"time":0,"name":"Voice","string":"cri_109_voice_attack_random"},{"time":0.2333,"name":"Sound_1","string":"cri_se_battle_sword_swish_heavy"},{"time":0.2666,"name":"Sound_2","string":"setHitSound(se_battle_019_sword_hit_03)"},{"time":0.3,"name":"Event","float":0.1,"string":"shakeGround_Loop"},{"time":0.9333,"name":"Sound_1","string":"cri_se_battle_sword_swish_heavy"},{"time":0.9666,"name":"Event","string":"kImpactType_knock"},{"time":0.9666,"name":"Hit","float":1.25,"string":"resetHitList"},{"time":0.9666,"name":"HitEffect","string":"setHitEffect(hit03e,1,1,1)"},{"time":0.9666,"name":"Sound_2","string":"setHitSound(se_battle_thrustviolently)"},{"time":0.9666,"name":"Voice","string":"cri_109_voice_attack_c"},{"time":1,"name":"Event","float":0.2,"string":"kHitStopType_normal"},{"time":1,"name":"Hit","float":1.25,"string":"resetHitList"},{"time":1,"name":"HitEffect","string":"setHitEffect(hit03e,1,1.25,1)"},{"time":1.2,"name":"Sound_1","string":"cri_se_battle_step"}]},"back":{"slots":{"MAIN":{"attachment":[{"time":0,"name":"back_00"},{"time":0.2333,"name":"idle_00"},{"time":0.3,"name":"idle_01"},{"time":0.3666,"name":"idle_02"},{"time":0.5,"name":"idle_01"},{"time":0.5333,"name":"idle_00"},{"time":0.6,"name":null}]}},"bones":{"MAIN":{"translate":[{"time":0,"x":0,"y":0},{"time":0.1,"x":74.28,"y":11.03},{"time":0.2,"x":130,"y":0,"curve":[0.22,0.82,0.75,1]},{"time":0.4333,"x":140,"y":0,"curve":"stepped"},{"time":0.6,"x":140,"y":0}]}},"events":[{"time":0,"name":"Sound_1","string":"cri_se_battle_step"}]},"cast":{"slots":{"EF/10000-combo_16_ef2_1B":{"attachment":[{"time":0.5,"name":"EF/10000-combo_16_ef2_1B"},{"time":0.5333,"name":null}]},"EF/10000-combo_16_ef2_1F":{"attachment":[{"time":0.5,"name":"EF/10000-combo_16_ef2_1F"},{"time":0.5333,"name":null}]},"MAIN":{"attachment":[{"time":0,"name":"attack1_00"},{"time":0.4333,"name":"attack1_01"},{"time":0.5,"name":"attack1_02"},{"time":0.5666,"name":"attack1_03"},{"time":0.6333,"name":"attack1_04"},{"time":0.9333,"name":"attack1_04"}]}},"bones":{"EF":{"rotate":[{"time":0.5,"angle":14.12}],"translate":[{"time":0.5,"x":614.34,"y":140.47}],"scale":[{"time":0.5,"x":1.557,"y":1.245}]}},"events":[{"time":0.5,"name":"Voice","string":"cri_109_voice_item"}]},"damage":{"slots":{"MAIN":{"attachment":[{"time":0,"name":"damage_00"}]}}},"front":{"slots":{"MAIN":{"attachment":[{"time":0,"name":"front_00"}]}}},"idle":{"slots":{"MAIN":{"attachment":[{"time":0,"name":"idle_00"},{"time":0.1666,"name":"idle_01"},{"time":0.3333,"name":"idle_02"},{"time":0.5,"name":"idle_03"},{"time":0.6666,"name":"idle_04"},{"time":0.8333,"name":"idle_04"}]}}},"in":{"slots":{"MAIN":{"attachment":[{"time":0,"name":"front_00"},{"time":0.2666,"name":"idle_00"},{"time":0.4333,"name":"idle_01"},{"time":0.6,"name":"idle_02"},{"time":0.7666,"name":"idle_03"},{"time":0.9333,"name":"idle_04"},{"time":1.1,"name":"idle_00"}],"color":[{"time":0,"color":"ffffff00"},{"time":0.2666,"color":"ffffffff"}]}},"bones":{"MAIN":{"translate":[{"time":0,"x":151.61,"y":0},{"time":0.2666,"x":10,"y":0,"curve":[0,0.65,0.75,1]},{"time":0.6333,"x":0,"y":0}]}}},"skill1":{"slots":{"DAMAGEAREA":{"attachment":[{"time":1.1333,"name":"DAMAGEAREA"},{"time":1.3666,"name":null},{"time":1.6,"name":"DAMAGEAREA"},{"time":1.9,"name":null}]},"MAIN":{"attachment":[{"time":0,"name":"skill1_00"},{"time":0.0666,"name":"skill1_01"},{"time":0.1333,"name":"skill1_02"},{"time":0.2,"name":"skill1_03"},{"time":0.2666,"name":"skill1_01"},{"time":0.3333,"name":"skill1_02"},{"time":0.4,"name":"skill1_03"},{"time":0.4666,"name":"skill1_01"},{"time":0.5333,"name":"skill1_02"},{"time":0.6,"name":"skill1_03"},{"time":0.6666,"name":"skill1_04"},{"time":0.7333,"name":"skill1_05"},{"time":1.1,"name":"skill1_06"},{"time":1.1333,"name":"skill1_07"},{"time":1.2,"name":"skill1_08"},{"time":1.6,"name":"skill1_11"},{"time":1.7333,"name":"skill1_12"},{"time":1.8,"name":"skill1_13"},{"time":1.8666,"name":"skill1_14"},{"time":2,"name":"attack3_04"},{"time":2.0333,"name":"attack3_05"},{"time":2.0666,"name":"attack3_06"},{"time":2.5,"name":null}]}},"bones":{"MAIN":{"translate":[{"time":1.1,"x":-59.47,"y":0},{"time":1.1333,"x":-162.08,"y":0,"curve":[0.24,0.65,0.75,1]},{"time":1.2,"x":-151.67,"y":0,"curve":"stepped"},{"time":1.6,"x":-151.67,"y":0,"curve":[0.221,0.77,0.75,1]},{"time":1.7333,"x":-137.66,"y":141.26,"curve":"stepped"},{"time":1.8,"x":-104.33,"y":159.1,"curve":[0.394,0,0.823,0.26]},{"time":2,"x":-92.67,"y":5.94}]},"DAMAGEAREA":{"translate":[{"time":1.1333,"x":-239.88,"y":53.59,"curve":"stepped"},{"time":1.6,"x":-174.22,"y":53.59,"curve":[0.592,0,0.42,1]},{"time":1.6666,"x":-194.68,"y":160.87}],"scale":[{"time":1.1333,"x":2.02,"y":0.706,"curve":"stepped"},{"time":1.6,"x":1.225,"y":0.706,"curve":[0.592,0,0.42,1]},{"time":1.6666,"x":1.324,"y":1.667}]}},"events":[{"time":0,"name":"Event","float":0.15,"string":"kHitStopType_normal"},{"time":0.1666,"name":"Sound_1","string":"cri_se_battle_arrow_light_effect"},{"time":0.1666,"name":"Sound_2","string":"cri_se_battle_charge_completion"},{"time":1.0666,"name":"Event","string":"kImpactType_normal"},{"time":1.1,"name":"Sound_1","string":"cri_se_battle_swordslash_heavy"},{"time":1.1333,"name":"Event","float":0.5,"string":"shakeGround_Loop"},{"time":1.1333,"name":"HitEffect","string":"setHitEffect(hit02e,1,0.7,1)"},{"time":1.1333,"name":"Sound_1","string":"setHitSound(se_battle_thrustviolently)"},{"time":1.1333,"name":"Sound_2","string":"cri_se_battle_darkness_explosion"},{"time":1.1333,"name":"Voice","string":"cri_109_voice_skill_all"},{"time":1.1666,"name":"Event","float":0.02,"string":"kHitStopType_enemyonly"},{"time":1.2,"name":"Hit","string":"resetHitList"},{"time":1.2,"name":"HitEffect","string":"setHitEffect(hit02e,1,0.8,1)"},{"time":1.2,"name":"Sound_2","string":"setHitSound(se_battle_007_attack_hit_01)"},{"time":1.2666,"name":"Event","float":0.1,"string":"kHitStopType_enemyonly"},{"time":1.5333,"name":"Event","float":0.1,"string":"kHitStopType_normal"},{"time":1.5666,"name":"Event2","int":10,"string":"kImpactType_up"},{"time":1.5666,"name":"Sound_1","string":"cri_se_battle_swordslash_heavy"},{"time":1.6,"name":"Event","float":0.5,"string":"shakeGround_Loop"},{"time":1.6,"name":"Event2","float":0.25,"string":"kHitStopType_normal"},{"time":1.6,"name":"Hit","float":3,"string":"resetHitList"},{"time":1.6,"name":"HitEffect","string":"setHitEffect(hit06e,1,2,1)"},{"time":1.6,"name":"Sound_2","string":"setHitSound(se_battle_019_sword_hit_03)"},{"time":1.7,"name":"Event","float":0.05,"string":"kHitStopType_enemyonly"},{"time":1.7,"name":"Hit","float":3,"string":"resetHitList"},{"time":1.7,"name":"Sound_2","string":"setHitSound(se_battle_007_attack_hit_01)"},{"time":1.8,"name":"Event","int":10,"string":"kImpactType_up"},{"time":1.8,"name":"Hit","float":3,"string":"resetHitList"}]},"skill2":{"slots":{"DAMAGEAREA":{"attachment":[{"time":3.3333,"name":"DAMAGEAREA"},{"time":3.4333,"name":null}]},"MAIN":{"attachment":[{"time":0.1,"name":"skill2_01"},{"time":0.2,"name":"skill2_02"},{"time":0.5333,"name":"skill2_03"},{"time":0.6,"name":"skill2_04"},{"time":0.6666,"name":"skill2_03"},{"time":0.7,"name":"skill2_09"},{"time":1,"name":"skill2_11"},{"time":1.3666,"name":"skill2_13"},{"time":2,"name":"skill2_08"},{"time":2.0333,"name":"skill2_09"},{"time":2.1,"name":"skill2_16"},{"time":2.3,"name":"skill2_13"},{"time":2.5333,"name":"skill2_15"},{"time":2.6,"name":"skill2_16"},{"time":2.9333,"name":"skill2_18"},{"time":2.9666,"name":"attack3_04"},{"time":3.6666,"name":"attack3_05"},{"time":3.7333,"name":"attack3_06"},{"time":4.8333,"name":"attack3_06"}]}},"bones":{"MAIN":{"rotate":[{"time":2.9333,"angle":38.94,"curve":"stepped"},{"time":2.9666,"angle":0}],"translate":[{"time":0.2,"x":0,"y":10.4,"curve":"stepped"},{"time":0.5333,"x":-17.84,"y":50.55,"curve":[0.24,0.72,0.75,1]},{"time":0.6666,"x":-10.4,"y":321.19,"curve":[0.234,0.69,0.688,1]},{"time":1.9,"x":-10.13,"y":345.85,"curve":[0.386,0.77,0.699,1]},{"time":2.0333,"x":13.75,"y":365.32,"curve":"stepped"},{"time":2.1333,"x":16.61,"y":367.67,"curve":[0.55,0,0.863,0.26]},{"time":2.2666,"x":-8.87,"y":336.65,"curve":[0.357,0.46,0.693,0.8]},{"time":2.5333,"x":-9.87,"y":347.52,"curve":[0.319,0.68,0.698,1]},{"time":2.6333,"x":56,"y":410.35,"curve":[0.322,0.71,0.837,1]},{"time":2.9,"x":64.26,"y":419.06,"curve":"stepped"},{"time":2.9333,"x":-36.7,"y":214.29},{"time":2.9666,"x":-199.33,"y":6.15}]},"wave":{"scale":[{"time":0.0666,"x":1.276,"y":1.276,"curve":"stepped"},{"time":3,"x":1.276,"y":1.276}]},"DAMAGEAREA":{"translate":[{"time":3.1666,"x":-192.48,"y":76.08}],"scale":[{"time":3.1666,"x":2.733,"y":1.123}]},"SHADOW-OFFSET":{"translate":[{"time":2.2666,"x":-5.45,"y":16.01}],"scale":[{"time":2.2666,"x":0.864,"y":0.864}]},"HITBOX":{"translate":[{"time":2.2666,"x":-5.45,"y":16.01}],"scale":[{"time":2.2666,"x":0.864,"y":0.864}]}},"events":[{"time":0.5333,"name":"Sound_1","string":"cri_se_battle_jump"},{"time":0.7666,"name":"Sound_2","string":"cri_se_battle_charge_03"},{"time":0.8666,"name":"Event","string":"runSkillEffect"},{"time":1.6666,"name":"Voice","string":"cri_109_voice_fullarts_rank4"},{"time":2.3,"name":"Event","float":5,"string":"addOrbitSystem_1lances"},{"time":2.3333,"name":"Sound_1","string":"cri_se_battle_darkness_explosion"},{"time":2.3666,"name":"Event","float":-1,"string":"addOrbitSystemCamera_wind"},{"time":2.9333,"name":"Sound_1","string":"cri_se_battle_darkness_explosion"},{"time":2.9666,"name":"Event","float":1.5,"string":"shakeGround_Loop"},{"time":2.9666,"name":"HitEffect","string":"setHitEffect(hit02e,1,0.8,200)"},{"time":2.9666,"name":"Sound_1","string":"cri_se_battle_030_explosion_02"},{"time":2.9666,"name":"Sound_3","string":"setHitSound(se_battle_explosion_short)"},{"time":3,"name":"Event","float":0.25,"string":"kHitStopType_normal"},{"time":3,"name":"Sound_3","string":"setHitSound(empty)"},{"time":3.0333,"name":"Sound_3","string":"setHitSound(se_battle_explosion_short)"},{"time":3.1,"name":"Event","float":0.18,"string":"kHitStopType_normal"},{"time":3.1666,"name":"Event","string":"kImpactType_knock"},{"time":3.1666,"name":"Hit","string":"resetHitList"},{"time":3.1666,"name":"HitEffect","string":"setHitEffect(hit02e,1,1,1)"}]},"skill2_ori":{"slots":{"DAMAGEAREA":{"attachment":[{"time":4.8666,"name":"DAMAGEAREA"},{"time":5.8666,"name":null}]},"MAIN":{"attachment":[{"time":0,"name":"skill2_13"},{"time":0.1,"name":"skill2_01"},{"time":0.2,"name":"skill2_02"},{"time":0.5333,"name":"skill2_03"},{"time":0.6,"name":"skill2_04"},{"time":0.6666,"name":"skill2_03"},{"time":0.7,"name":"skill2_09"},{"time":1.3333,"name":"skill2_11"},{"time":2,"name":"skill2_13"},{"time":3.6666,"name":"skill2_08"},{"time":3.7,"name":"skill2_09"},{"time":3.7666,"name":"skill2_16"},{"time":4,"name":"skill2_13"},{"time":4.5333,"name":"skill2_15"},{"time":4.6,"name":"skill2_16"},{"time":4.8666,"name":"skill2_18"},{"time":4.9,"name":"attack3_04"},{"time":5.6333,"name":"attack3_05"},{"time":5.7,"name":"attack3_06"}]}},"bones":{"MAIN":{"rotate":[{"time":4.8666,"angle":38.94,"curve":"stepped"},{"time":4.9,"angle":0}],"translate":[{"time":0,"x":-9.06,"y":338.74},{"time":0.2,"x":0,"y":10.4,"curve":"stepped"},{"time":0.5333,"x":-17.84,"y":50.55,"curve":[0.24,0.72,0.75,1]},{"time":0.6666,"x":-10.4,"y":321.19,"curve":[0.234,0.69,0.688,1]},{"time":3.6333,"x":-10.13,"y":345.85,"curve":[0.386,0.77,0.699,1]},{"time":3.7666,"x":13.75,"y":365.32,"curve":"stepped"},{"time":3.8666,"x":16.61,"y":367.67,"curve":[0.55,0,0.863,0.26]},{"time":4,"x":-8.87,"y":336.65,"curve":[0.357,0.46,0.693,0.8]},{"time":4.4333,"x":-9.87,"y":347.52,"curve":[0.319,0.68,0.698,1]},{"time":4.5333,"x":56,"y":410.35,"curve":[0.322,0.71,0.837,1]},{"time":4.7333,"x":64.26,"y":419.06,"curve":"stepped"},{"time":4.8666,"x":-36.7,"y":214.29},{"time":4.9,"x":-199.33,"y":6.15}]},"wave":{"scale":[{"time":0,"x":1.276,"y":1.276,"curve":"stepped"},{"time":2.8,"x":1.276,"y":1.276}]},"root":{"translate":[{"time":2.9333,"x":0,"y":0}]},"DAMAGEAREA":{"translate":[{"time":4.8666,"x":-192.48,"y":114.93}],"scale":[{"time":4.8666,"x":2.724,"y":1.649}]}},"events":[{"time":0.5333,"name":"Sound_1","string":"cri_se_battle_jump"},{"time":1.1666,"name":"Sound_2","string":"cri_se_battle_charge_long"},{"time":1.6666,"name":"Sound_3","string":"cri_se_battle_magic_Invocation_dark"},{"time":2.3333,"name":"Sound_3","string":"cri_se_battle_magic_Invocation_dark"},{"time":3,"name":"Sound_3","string":"cri_se_battle_magic_Invocation_dark"},{"time":3.6666,"name":"Sound_3","string":"cri_se_battle_magic_Invocation_dark"},{"time":3.9666,"name":"Event","string":"addOrbitSystem_lances"},{"time":4.0333,"name":"Event","string":"addOrbitSystemCamera_wind"},{"time":4.8666,"name":"Event","float":1.5,"string":"shakeGround_Loop"},{"time":4.8666,"name":"Hit","string":"resetHitList"},{"time":4.8666,"name":"Sound_3","string":"setHitSound(se_battle_hard_hit)"},{"time":4.9,"name":"Event","float":0.18,"string":"kHitStopType_normal"},{"time":4.9,"name":"Hit","string":"resetHitList"},{"time":4.9333,"name":"Event","string":"kImpactType_knock"},{"time":4.9333,"name":"Hit","string":"resetHitList"},{"time":4.9333,"name":"Sound_3","string":"setHitSound(se_battle_hard_hit)"}]}}}