{"skeleton":{"hash":"yvA5PWjwSeqB3zomfKr2EeU5YHI","spine":"3.0.12","width":0,"height":0,"images":"./images3/"},"bones":[{"name":"root"},{"name":"S1,2_wave4","parent":"root","x":245.98,"y":-312.8,"scaleX":2.999,"scaleY":2.999},{"name":"S1,2_wave3","parent":"root","x":245.98,"y":-259.28,"scaleX":2.999,"scaleY":2.999},{"name":"S1,2_wave2","parent":"root","x":245.98,"y":-192.54,"scaleX":2.999,"scaleY":2.999},{"name":"S1,2_wave1","parent":"root","x":245.98,"y":-131.6,"scaleX":2.999,"scaleY":2.999},{"name":"MAIN","parent":"root","y":57},{"name":"idle_sword","parent":"MAIN","x":-43.49,"y":-14.2,"rotation":4.46},{"name":"SHADOW-OFFSET","parent":"MAIN"},{"name":"HITBOX","parent":"MAIN"},{"name":"DAMAGEAREA","parent":"root"},{"name":"A1_EF2","parent":"root","x":510.18,"y":-135.56,"scaleX":2,"scaleY":2,"color":"ff0500ff"},{"name":"A1_EF1","parent":"root","x":379.4,"y":-129.88,"scaleX":1.999,"scaleY":1.999,"color":"ff0500ff"},{"name":"sword_2_swing","parent":"MAIN"}],"slots":[{"name":"grid/nounit(0.88)","bone":"root","color":"a1a1a1ff"},{"name":"grid/grid","bone":"root"},{"name":"EF/5250_S1_wave1/5250_S1_wave1_00000","bone":"S1,2_wave1","blend":"additive"},{"name":"EF/5250_S1_wave1/5250_S1_wave1_0","bone":"S1,2_wave2","blend":"additive"},{"name":"EF/5250_S1_wave1/5250_S1_wave1_1","bone":"S1,2_wave3","blend":"additive"},{"name":"EF/5250_S1_wave1/5250_S1_wave1_2","bone":"S1,2_wave4","blend":"additive"},{"name":"sword_2_swing","bone":"sword_2_swing"},{"name":"EF/EF_slash_DOT/10000-combo_16_ef2_1B","bone":"A1_EF1","color":"faff12ff","blend":"additive"},{"name":"EF/EF_slash_DOT/10000-combo_16_ef2_1F","bone":"A1_EF1","color":"faff12ff","blend":"additive"},{"name":"MAIN","bone":"MAIN","attachment":"idle_00"},{"name":"idle_sword","bone":"idle_sword","attachment":"idle_sword"},{"name":"EF/EF_slash_DOT/sp_ef_1","bone":"A1_EF2","color":"faff12ff","blend":"additive"},{"name":"HITBOX","bone":"HITBOX","attachment":"HITBOX"},{"name":"DAMAGEAREA","bone":"DAMAGEAREA"}],"skins":{"default":{"DAMAGEAREA":{"DAMAGEAREA":{"type":"boundingbox","vertices":[-98.59841,98.246,-98.59841,-99.30096,97.49951,-98.81795,97.98251,96.314,0,0,0,0,0,0,0,0]}},"EF/5250_S1_wave1/5250_S1_wave1_0":{"EF/5250_S1_wave1/5250_S1_wave1_00000":{"x":0.04,"y":7.57,"width":250,"height":250},"EF/5250_S1_wave1/5250_S1_wave1_00001":{"x":0.04,"y":7.57,"width":250,"height":250},"EF/5250_S1_wave1/5250_S1_wave1_00002":{"x":0.04,"y":7.57,"width":250,"height":250},"EF/5250_S1_wave1/5250_S1_wave1_00003":{"x":0.04,"y":7.57,"width":250,"height":250},"EF/5250_S1_wave1/5250_S1_wave1_00004":{"x":0.04,"y":7.57,"width":250,"height":250},"EF/5250_S1_wave1/5250_S1_wave1_00005":{"x":0.04,"y":7.57,"width":250,"height":250},"EF/5250_S1_wave1/5250_S1_wave1_00006":{"x":0.04,"y":7.57,"width":250,"height":250},"EF/5250_S1_wave1/5250_S1_wave1_00007":{"x":0.04,"y":7.57,"width":250,"height":250},"EF/5250_S1_wave1/5250_S1_wave1_00008":{"x":0.04,"y":7.57,"width":250,"height":250},"EF/5250_S1_wave1/5250_S1_wave1_00009":{"x":0.04,"y":7.57,"width":250,"height":250}},"EF/5250_S1_wave1/5250_S1_wave1_00000":{"EF/5250_S1_wave1/5250_S1_wave1_00000":{"x":0.04,"y":7.57,"width":250,"height":250},"EF/5250_S1_wave1/5250_S1_wave1_00001":{"x":0.04,"y":7.57,"width":250,"height":250},"EF/5250_S1_wave1/5250_S1_wave1_00002":{"x":0.04,"y":7.57,"width":250,"height":250},"EF/5250_S1_wave1/5250_S1_wave1_00003":{"x":0.04,"y":7.57,"width":250,"height":250},"EF/5250_S1_wave1/5250_S1_wave1_00004":{"x":0.04,"y":7.57,"width":250,"height":250},"EF/5250_S1_wave1/5250_S1_wave1_00005":{"x":0.04,"y":7.57,"width":250,"height":250},"EF/5250_S1_wave1/5250_S1_wave1_00006":{"x":0.04,"y":7.57,"width":250,"height":250},"EF/5250_S1_wave1/5250_S1_wave1_00007":{"x":0.04,"y":7.57,"width":250,"height":250},"EF/5250_S1_wave1/5250_S1_wave1_00008":{"x":0.04,"y":7.57,"width":250,"height":250},"EF/5250_S1_wave1/5250_S1_wave1_00009":{"x":0.04,"y":7.57,"width":250,"height":250}},"EF/5250_S1_wave1/5250_S1_wave1_1":{"EF/5250_S1_wave1/5250_S1_wave1_00000":{"x":0.04,"y":7.57,"width":250,"height":250},"EF/5250_S1_wave1/5250_S1_wave1_00001":{"x":0.04,"y":7.57,"width":250,"height":250},"EF/5250_S1_wave1/5250_S1_wave1_00002":{"x":0.04,"y":7.57,"width":250,"height":250},"EF/5250_S1_wave1/5250_S1_wave1_00003":{"x":0.04,"y":7.57,"width":250,"height":250},"EF/5250_S1_wave1/5250_S1_wave1_00004":{"x":0.04,"y":7.57,"width":250,"height":250},"EF/5250_S1_wave1/5250_S1_wave1_00005":{"x":0.04,"y":7.57,"width":250,"height":250},"EF/5250_S1_wave1/5250_S1_wave1_00006":{"x":0.04,"y":7.57,"width":250,"height":250},"EF/5250_S1_wave1/5250_S1_wave1_00007":{"x":0.04,"y":7.57,"width":250,"height":250},"EF/5250_S1_wave1/5250_S1_wave1_00008":{"x":0.04,"y":7.57,"width":250,"height":250},"EF/5250_S1_wave1/5250_S1_wave1_00009":{"x":0.04,"y":7.57,"width":250,"height":250}},"EF/5250_S1_wave1/5250_S1_wave1_2":{"EF/5250_S1_wave1/5250_S1_wave1_00000":{"x":0.04,"y":7.57,"width":250,"height":250},"EF/5250_S1_wave1/5250_S1_wave1_00001":{"x":0.04,"y":7.57,"width":250,"height":250},"EF/5250_S1_wave1/5250_S1_wave1_00002":{"x":0.04,"y":7.57,"width":250,"height":250},"EF/5250_S1_wave1/5250_S1_wave1_00003":{"x":0.04,"y":7.57,"width":250,"height":250},"EF/5250_S1_wave1/5250_S1_wave1_00004":{"x":0.04,"y":7.57,"width":250,"height":250},"EF/5250_S1_wave1/5250_S1_wave1_00005":{"x":0.04,"y":7.57,"width":250,"height":250},"EF/5250_S1_wave1/5250_S1_wave1_00006":{"x":0.04,"y":7.57,"width":250,"height":250},"EF/5250_S1_wave1/5250_S1_wave1_00007":{"x":0.04,"y":7.57,"width":250,"height":250},"EF/5250_S1_wave1/5250_S1_wave1_00008":{"x":0.04,"y":7.57,"width":250,"height":250},"EF/5250_S1_wave1/5250_S1_wave1_00009":{"x":0.04,"y":7.57,"width":250,"height":250}},"EF/EF_slash_DOT/10000-combo_16_ef2_1B":{"EF/EF_slash_DOT/10000-combo_16_ef2_1B":{"x":-27.98,"y":-14.07,"width":206,"height":171}},"EF/EF_slash_DOT/10000-combo_16_ef2_1F":{"EF/EF_slash_DOT/10000-combo_16_ef2_1F":{"x":-27.98,"y":-14.07,"width":206,"height":171}},"EF/EF_slash_DOT/sp_ef_1":{"EF/EF_slash_DOT/sp_ef_1":{"x":96.42,"y":0.88,"width":300,"height":160},"EF/EF_slash_DOT/sp_ef_2":{"x":96.42,"y":0.88,"width":300,"height":160},"EF/EF_slash_DOT/sp_ef_3":{"x":96.42,"y":0.88,"width":300,"height":160}},"HITBOX":{"HITBOX":{"type":"boundingbox","vertices":[-45.39424,47.90999,-45.39424,-58.00473,49.4685,-58.31173,49.4685,47.90999,0,0,0,0,0,0,0,0]}},"MAIN":{"attack1_00":{"y":7,"width":500,"height":500},"attack1_01":{"y":7,"width":500,"height":500},"attack1_02":{"y":7,"width":500,"height":500},"attack1_03":{"y":7,"width":500,"height":500},"attack1_04":{"y":7,"width":500,"height":500},"attack2_00":{"y":7,"width":500,"height":500},"attack2_01":{"y":7,"width":500,"height":500},"attack2_02":{"y":7,"width":500,"height":500},"attack2_03":{"y":7,"width":500,"height":500},"attack2_04":{"y":7,"width":500,"height":500},"attack3_00":{"y":7,"width":500,"height":500},"attack3_01":{"y":7,"width":500,"height":500},"attack3_02":{"x":8,"y":7,"width":500,"height":500},"attack3_03":{"x":8,"y":7,"width":500,"height":500},"attack3_04":{"x":8,"y":7,"width":500,"height":500},"back_00":{"x":-3.99,"y":3,"width":500,"height":500},"damage_00":{"x":-5,"y":7,"width":500,"height":500},"dying_00":{"x":-6.02,"y":6.99,"width":500,"height":500},"dying_01":{"x":-6.02,"y":6.99,"width":500,"height":500},"dying_02":{"x":-6.02,"y":6.99,"width":500,"height":500},"dying_03":{"x":-6.02,"y":6.99,"width":500,"height":500},"dying_04":{"x":-6.02,"y":6.99,"width":500,"height":500},"front_00":{"y":7,"width":500,"height":500},"getup_00":{"x":-7.14,"y":7.68,"width":500,"height":500},"getup_01":{"x":-7.14,"y":7.68,"width":500,"height":500},"getup_02":{"x":-7.14,"y":7.68,"width":500,"height":500},"getup_03":{"x":-7.14,"y":7.68,"width":500,"height":500},"getup_04":{"x":-7.14,"y":7.68,"width":500,"height":500},"getup_05":{"x":-7.14,"y":7.68,"width":500,"height":500},"idle_00":{"x":-7,"y":7,"width":500,"height":500},"idle_01":{"x":-7,"y":7,"width":500,"height":500},"idle_02":{"x":-7,"y":7,"width":500,"height":500},"idle_03":{"x":-7,"y":7,"width":500,"height":500},"idle_04":{"x":-7,"y":7,"width":500,"height":500},"kneel_00":{"y":7,"width":500,"height":500},"skill1_00":{"x":8,"y":7,"width":500,"height":500},"skill1_01":{"x":8,"y":7.29,"width":500,"height":500},"skill1_02":{"x":8,"y":7,"width":500,"height":500},"skill1_03":{"x":8,"y":7,"width":500,"height":500},"skill1_04":{"x":8,"y":7,"width":500,"height":500},"skill1_05":{"x":8,"y":7,"width":500,"height":500},"skill1_06":{"x":17.29,"y":7,"width":500,"height":500},"skill1_07":{"x":17,"y":7,"width":500,"height":500},"skill1_08":{"x":4,"y":-9,"width":500,"height":500},"skill1_09":{"x":4,"y":-9,"width":500,"height":500},"skill1_10":{"x":4,"y":-9,"width":500,"height":500},"skill1_11":{"x":8,"y":7,"width":500,"height":500},"skill1_12":{"x":8,"y":7,"width":500,"height":500},"skill1_13":{"x":8,"y":7,"width":500,"height":500},"skill1_14":{"x":8,"y":7,"width":500,"height":500},"skill1_15":{"x":8,"y":7,"width":500,"height":500},"skill1_16":{"x":8,"y":7,"width":500,"height":500},"skill1_17":{"x":8,"y":7,"width":500,"height":500},"skill1_18":{"x":8,"y":7,"width":500,"height":500},"skill1_19":{"x":8,"y":7,"width":500,"height":500},"skill2_00":{"x":8,"y":7,"width":500,"height":500},"skill2_01":{"x":8,"y":7,"width":500,"height":500},"skill2_02":{"x":8,"y":7,"width":500,"height":500},"skill2_03":{"x":8,"y":7,"width":500,"height":500},"skill2_04":{"x":8,"y":7,"width":500,"height":500},"skill2_05":{"x":8,"y":7,"width":500,"height":500},"skill2_06":{"x":8,"y":7,"width":500,"height":500},"skill2_07":{"x":8,"y":7,"width":500,"height":500},"skill2_08":{"x":8,"y":7,"width":500,"height":500}},"idle_sword":{"idle_sword":{"x":25.01,"y":22.13,"width":250,"height":240}},"sword_2_swing":{"sword_2_swing":{"x":23.9,"y":6.1,"width":320,"height":220}}}},"events":{"Event":{},"Hit":{},"Sound1":{},"Sound2":{},"Sound3":{},"View":{},"Voice":{}},"animations":{"MvsC":{"slots":{"EF/5250_S1_wave1/5250_S1_wave1_00000":{"attachment":[{"time":0.5666,"name":"EF/5250_S1_wave1/5250_S1_wave1_00000"},{"time":0.6,"name":"EF/5250_S1_wave1/5250_S1_wave1_00001"},{"time":0.6333,"name":"EF/5250_S1_wave1/5250_S1_wave1_00002"},{"time":0.6666,"name":"EF/5250_S1_wave1/5250_S1_wave1_00003"},{"time":0.7,"name":"EF/5250_S1_wave1/5250_S1_wave1_00004"},{"time":0.7333,"name":"EF/5250_S1_wave1/5250_S1_wave1_00005"},{"time":0.7666,"name":"EF/5250_S1_wave1/5250_S1_wave1_00006"},{"time":0.8,"name":"EF/5250_S1_wave1/5250_S1_wave1_00007"},{"time":0.8333,"name":"EF/5250_S1_wave1/5250_S1_wave1_00008"},{"time":0.8666,"name":"EF/5250_S1_wave1/5250_S1_wave1_00009"},{"time":1.5666,"name":"EF/5250_S1_wave1/5250_S1_wave1_00000"},{"time":1.6,"name":"EF/5250_S1_wave1/5250_S1_wave1_00001"},{"time":1.6333,"name":"EF/5250_S1_wave1/5250_S1_wave1_00002"},{"time":1.6666,"name":"EF/5250_S1_wave1/5250_S1_wave1_00003"},{"time":1.7,"name":"EF/5250_S1_wave1/5250_S1_wave1_00004"},{"time":1.7333,"name":"EF/5250_S1_wave1/5250_S1_wave1_00005"},{"time":1.7666,"name":"EF/5250_S1_wave1/5250_S1_wave1_00006"},{"time":1.8,"name":"EF/5250_S1_wave1/5250_S1_wave1_00007"},{"time":1.8333,"name":"EF/5250_S1_wave1/5250_S1_wave1_00008"},{"time":1.8666,"name":"EF/5250_S1_wave1/5250_S1_wave1_00009"},{"time":2.1,"name":"EF/5250_S1_wave1/5250_S1_wave1_00000"},{"time":2.1333,"name":"EF/5250_S1_wave1/5250_S1_wave1_00001"},{"time":2.1666,"name":"EF/5250_S1_wave1/5250_S1_wave1_00002"},{"time":2.2,"name":"EF/5250_S1_wave1/5250_S1_wave1_00003"},{"time":2.2333,"name":"EF/5250_S1_wave1/5250_S1_wave1_00004"},{"time":2.2666,"name":"EF/5250_S1_wave1/5250_S1_wave1_00005"},{"time":2.3,"name":"EF/5250_S1_wave1/5250_S1_wave1_00006"},{"time":2.3333,"name":"EF/5250_S1_wave1/5250_S1_wave1_00007"},{"time":2.3666,"name":"EF/5250_S1_wave1/5250_S1_wave1_00008"},{"time":2.4,"name":"EF/5250_S1_wave1/5250_S1_wave1_00009"}],"color":[{"time":0.5666,"color":"ffffffff","curve":"stepped"},{"time":0.8666,"color":"ffffffff"},{"time":0.9666,"color":"ffffff00","curve":"stepped"},{"time":1.5666,"color":"ffffffff","curve":"stepped"},{"time":1.8666,"color":"ffffffff"},{"time":1.9666,"color":"ffffff00","curve":"stepped"},{"time":2.1,"color":"ffffffff","curve":"stepped"},{"time":2.4,"color":"ffffffff"},{"time":2.5,"color":"ffffff00"}]},"EF/5250_S1_wave1/5250_S1_wave1_0":{"attachment":[{"time":0.8666,"name":"EF/5250_S1_wave1/5250_S1_wave1_00002"},{"time":0.9,"name":"EF/5250_S1_wave1/5250_S1_wave1_00003"},{"time":0.9333,"name":"EF/5250_S1_wave1/5250_S1_wave1_00004"},{"time":0.9666,"name":"EF/5250_S1_wave1/5250_S1_wave1_00005"},{"time":1,"name":"EF/5250_S1_wave1/5250_S1_wave1_00006"},{"time":1.0333,"name":"EF/5250_S1_wave1/5250_S1_wave1_00007"},{"time":1.0666,"name":"EF/5250_S1_wave1/5250_S1_wave1_00008"},{"time":1.1,"name":"EF/5250_S1_wave1/5250_S1_wave1_00009"},{"time":1.7,"name":"EF/5250_S1_wave1/5250_S1_wave1_00000"},{"time":1.7333,"name":"EF/5250_S1_wave1/5250_S1_wave1_00001"},{"time":1.7666,"name":"EF/5250_S1_wave1/5250_S1_wave1_00002"},{"time":1.8,"name":"EF/5250_S1_wave1/5250_S1_wave1_00003"},{"time":1.8333,"name":"EF/5250_S1_wave1/5250_S1_wave1_00004"},{"time":1.8666,"name":"EF/5250_S1_wave1/5250_S1_wave1_00005"},{"time":1.9,"name":"EF/5250_S1_wave1/5250_S1_wave1_00006"},{"time":1.9333,"name":"EF/5250_S1_wave1/5250_S1_wave1_00007"},{"time":1.9666,"name":"EF/5250_S1_wave1/5250_S1_wave1_00008"},{"time":2,"name":"EF/5250_S1_wave1/5250_S1_wave1_00009"},{"time":2.2333,"name":"EF/5250_S1_wave1/5250_S1_wave1_00000"},{"time":2.2666,"name":"EF/5250_S1_wave1/5250_S1_wave1_00001"},{"time":2.3,"name":"EF/5250_S1_wave1/5250_S1_wave1_00002"},{"time":2.3333,"name":"EF/5250_S1_wave1/5250_S1_wave1_00003"},{"time":2.3666,"name":"EF/5250_S1_wave1/5250_S1_wave1_00004"},{"time":2.4,"name":"EF/5250_S1_wave1/5250_S1_wave1_00005"},{"time":2.4333,"name":"EF/5250_S1_wave1/5250_S1_wave1_00006"},{"time":2.4666,"name":"EF/5250_S1_wave1/5250_S1_wave1_00007"},{"time":2.5,"name":"EF/5250_S1_wave1/5250_S1_wave1_00008"},{"time":2.5333,"name":"EF/5250_S1_wave1/5250_S1_wave1_00009"}],"color":[{"time":1.1,"color":"ffffffff"},{"time":1.2,"color":"ffffff00","curve":"stepped"},{"time":1.7,"color":"ffffffff","curve":"stepped"},{"time":2,"color":"ffffffff"},{"time":2.1,"color":"ffffff00","curve":"stepped"},{"time":2.2333,"color":"ffffffff","curve":"stepped"},{"time":2.5333,"color":"ffffffff"},{"time":2.6333,"color":"ffffff00"}]},"EF/5250_S1_wave1/5250_S1_wave1_1":{"attachment":[{"time":1.1,"name":"EF/5250_S1_wave1/5250_S1_wave1_00002"},{"time":1.1333,"name":"EF/5250_S1_wave1/5250_S1_wave1_00003"},{"time":1.1666,"name":"EF/5250_S1_wave1/5250_S1_wave1_00004"},{"time":1.2,"name":"EF/5250_S1_wave1/5250_S1_wave1_00005"},{"time":1.2333,"name":"EF/5250_S1_wave1/5250_S1_wave1_00006"},{"time":1.2666,"name":"EF/5250_S1_wave1/5250_S1_wave1_00007"},{"time":1.3,"name":"EF/5250_S1_wave1/5250_S1_wave1_00008"},{"time":1.3333,"name":"EF/5250_S1_wave1/5250_S1_wave1_00009"},{"time":1.8333,"name":"EF/5250_S1_wave1/5250_S1_wave1_00000"},{"time":1.8666,"name":"EF/5250_S1_wave1/5250_S1_wave1_00001"},{"time":1.9,"name":"EF/5250_S1_wave1/5250_S1_wave1_00002"},{"time":1.9333,"name":"EF/5250_S1_wave1/5250_S1_wave1_00003"},{"time":1.9666,"name":"EF/5250_S1_wave1/5250_S1_wave1_00004"},{"time":2,"name":"EF/5250_S1_wave1/5250_S1_wave1_00005"},{"time":2.0333,"name":"EF/5250_S1_wave1/5250_S1_wave1_00006"},{"time":2.0666,"name":"EF/5250_S1_wave1/5250_S1_wave1_00007"},{"time":2.1,"name":"EF/5250_S1_wave1/5250_S1_wave1_00008"},{"time":2.1333,"name":"EF/5250_S1_wave1/5250_S1_wave1_00009"},{"time":2.3666,"name":"EF/5250_S1_wave1/5250_S1_wave1_00000"},{"time":2.4,"name":"EF/5250_S1_wave1/5250_S1_wave1_00001"},{"time":2.4333,"name":"EF/5250_S1_wave1/5250_S1_wave1_00002"},{"time":2.4666,"name":"EF/5250_S1_wave1/5250_S1_wave1_00003"},{"time":2.5,"name":"EF/5250_S1_wave1/5250_S1_wave1_00004"},{"time":2.5333,"name":"EF/5250_S1_wave1/5250_S1_wave1_00005"},{"time":2.5666,"name":"EF/5250_S1_wave1/5250_S1_wave1_00006"},{"time":2.6,"name":"EF/5250_S1_wave1/5250_S1_wave1_00007"},{"time":2.6333,"name":"EF/5250_S1_wave1/5250_S1_wave1_00008"},{"time":2.6666,"name":"EF/5250_S1_wave1/5250_S1_wave1_00009"}],"color":[{"time":1.3333,"color":"ffffffff"},{"time":1.4333,"color":"ffffff00","curve":"stepped"},{"time":1.8333,"color":"ffffffff","curve":"stepped"},{"time":2.1333,"color":"ffffffff"},{"time":2.2333,"color":"ffffff00","curve":"stepped"},{"time":2.3666,"color":"ffffffff","curve":"stepped"},{"time":2.6666,"color":"ffffffff"},{"time":2.7666,"color":"ffffff00"}]},"EF/5250_S1_wave1/5250_S1_wave1_2":{"attachment":[{"time":1.9666,"name":"EF/5250_S1_wave1/5250_S1_wave1_00000"},{"time":2,"name":"EF/5250_S1_wave1/5250_S1_wave1_00001"},{"time":2.0333,"name":"EF/5250_S1_wave1/5250_S1_wave1_00002"},{"time":2.0666,"name":"EF/5250_S1_wave1/5250_S1_wave1_00003"},{"time":2.1,"name":"EF/5250_S1_wave1/5250_S1_wave1_00004"},{"time":2.1333,"name":"EF/5250_S1_wave1/5250_S1_wave1_00005"},{"time":2.1666,"name":"EF/5250_S1_wave1/5250_S1_wave1_00006"},{"time":2.2,"name":"EF/5250_S1_wave1/5250_S1_wave1_00007"},{"time":2.2333,"name":"EF/5250_S1_wave1/5250_S1_wave1_00008"},{"time":2.2666,"name":"EF/5250_S1_wave1/5250_S1_wave1_00009"}],"color":[{"time":1.9666,"color":"ffffffff","curve":"stepped"},{"time":2.2666,"color":"ffffffff"},{"time":2.3666,"color":"ffffff00"}]},"MAIN":{"attachment":[{"time":0,"name":"front_00"},{"time":0.1666,"name":"skill1_06"},{"time":0.2666,"name":"skill1_07"},{"time":0.5,"name":"skill2_00"},{"time":0.5666,"name":"skill2_01"},{"time":0.6333,"name":"skill2_02"},{"time":0.7,"name":"skill2_00"},{"time":0.7666,"name":"skill2_01"},{"time":0.8333,"name":"skill2_02"},{"time":0.9,"name":"skill2_00"},{"time":0.9666,"name":"skill2_01"},{"time":1.0333,"name":"skill2_02"},{"time":1.1333,"name":"skill1_00"},{"time":1.2333,"name":"skill1_01"},{"time":1.3333,"name":"skill1_02"},{"time":1.5666,"name":"skill1_03"},{"time":1.6,"name":"skill1_04"},{"time":1.6333,"name":"skill1_05"},{"time":1.6666,"name":"skill2_03"},{"time":1.7333,"name":"skill2_04"},{"time":1.8,"name":"skill2_05"},{"time":1.8666,"name":"skill2_03"},{"time":1.9333,"name":"skill2_04"},{"time":2,"name":"skill2_05"},{"time":2.0666,"name":"skill2_03"},{"time":2.1333,"name":"skill2_04"},{"time":2.2,"name":"skill2_05"},{"time":2.2666,"name":"skill2_06"},{"time":2.3333,"name":"skill2_07"},{"time":2.4,"name":"skill2_08"},{"time":2.9333,"name":"skill1_05"},{"time":2.9666,"name":"skill1_06"},{"time":3,"name":"skill1_07"},{"time":3.0666,"name":"back_00"}]},"idle_sword":{"attachment":[{"time":0,"name":null}]},"sword_2_swing":{"attachment":[{"time":0.1666,"name":"sword_2_swing"},{"time":0.5,"name":null},{"time":1.5666,"name":"sword_2_swing"},{"time":3.0666,"name":null}]}},"bones":{"MAIN":{"translate":[{"time":0,"x":888,"y":243},{"time":0.1666,"x":10,"y":0},{"time":0.3333,"x":0,"y":0,"curve":"stepped"},{"time":3.0666,"x":47.24,"y":9.9},{"time":3.2333,"x":888,"y":243}]},"S1,2_wave1":{"translate":[{"time":0.5666,"x":-243.8,"y":135.14}],"scale":[{"time":0.5666,"x":1.166,"y":1.166,"curve":"stepped"},{"time":0.8666,"x":1.166,"y":1.166},{"time":0.9666,"x":1.5,"y":1.5,"curve":"stepped"},{"time":1.5666,"x":1.667,"y":1.667,"curve":"stepped"},{"time":1.8666,"x":1.667,"y":1.667},{"time":1.9666,"x":2,"y":2,"curve":"stepped"},{"time":2.1,"x":1.667,"y":1.667,"curve":"stepped"},{"time":2.4,"x":1.667,"y":1.667},{"time":2.5,"x":2,"y":2}]},"S1,2_wave2":{"translate":[{"time":0.8666,"x":-244.06,"y":195.77,"curve":"stepped"},{"time":1.7,"x":-243.68,"y":196.22,"curve":"stepped"},{"time":2.2333,"x":-243.68,"y":196.22}],"scale":[{"time":0.8666,"x":1.667,"y":1.667,"curve":"stepped"},{"time":1.1,"x":1.667,"y":1.667},{"time":1.2,"x":2,"y":2,"curve":"stepped"},{"time":1.7,"x":1.667,"y":1.667,"curve":"stepped"},{"time":2,"x":1.667,"y":1.667},{"time":2.1,"x":2,"y":2,"curve":"stepped"},{"time":2.2333,"x":1.667,"y":1.667,"curve":"stepped"},{"time":2.5333,"x":1.667,"y":1.667},{"time":2.6333,"x":2,"y":2}]},"S1,2_wave3":{"translate":[{"time":1.1,"x":-243.82,"y":262.54,"curve":"stepped"},{"time":1.8333,"x":-243.9,"y":262.81,"curve":"stepped"},{"time":2.3666,"x":-243.9,"y":262.81}],"scale":[{"time":1.1,"x":1.833,"y":1.833,"curve":"stepped"},{"time":1.3333,"x":1.833,"y":1.833},{"time":1.4333,"x":2,"y":2,"curve":"stepped"},{"time":1.8333,"x":1.667,"y":1.667,"curve":"stepped"},{"time":2.1333,"x":1.667,"y":1.667},{"time":2.2333,"x":2,"y":2,"curve":"stepped"},{"time":2.3666,"x":1.667,"y":1.667,"curve":"stepped"},{"time":2.6666,"x":1.667,"y":1.667},{"time":2.7666,"x":2,"y":2}]},"S1,2_wave4":{"translate":[{"time":1.9666,"x":-243.57,"y":316.24}],"scale":[{"time":1.9666,"x":1.667,"y":1.667,"curve":"stepped"},{"time":2.2666,"x":1.667,"y":1.667},{"time":2.3666,"x":2,"y":2}]},"sword_2_swing":{"rotate":[{"time":0.1666,"angle":-0.29,"curve":"stepped"},{"time":0.2666,"angle":1.74,"curve":"stepped"},{"time":1.5666,"angle":-15,"curve":"stepped"},{"time":1.6333,"angle":-16.28,"curve":"stepped"},{"time":2.9666,"angle":-0.29,"curve":"stepped"},{"time":3,"angle":1.74}],"translate":[{"time":0.1666,"x":-1,"y":36.47,"curve":"stepped"},{"time":0.2666,"x":10.92,"y":22.34,"curve":"stepped"},{"time":1.5666,"x":-40.09,"y":36.94,"curve":"stepped"},{"time":1.6,"x":-39.62,"y":38.51,"curve":"stepped"},{"time":1.6333,"x":-37.11,"y":40.24,"curve":"stepped"},{"time":2.9666,"x":-1,"y":36.47,"curve":"stepped"},{"time":3,"x":10.92,"y":22.34}]}}},"attack1":{"slots":{"DAMAGEAREA":{"attachment":[{"time":0.2333,"name":"DAMAGEAREA"},{"time":0.3,"name":null},{"time":0.5333,"name":"DAMAGEAREA"},{"time":0.6,"name":null},{"time":1.1,"name":"DAMAGEAREA"},{"time":1.1666,"name":null}]},"EF/EF_slash_DOT/10000-combo_16_ef2_1B":{"attachment":[{"time":0.2333,"name":"EF/EF_slash_DOT/10000-combo_16_ef2_1B"},{"time":0.2666,"name":null},{"time":1.1,"name":"EF/EF_slash_DOT/10000-combo_16_ef2_1B"},{"time":1.1333,"name":null}]},"EF/EF_slash_DOT/10000-combo_16_ef2_1F":{"attachment":[{"time":0.2333,"name":"EF/EF_slash_DOT/10000-combo_16_ef2_1F"},{"time":0.2666,"name":null},{"time":1.1,"name":"EF/EF_slash_DOT/10000-combo_16_ef2_1F"},{"time":1.1333,"name":null}]},"EF/EF_slash_DOT/sp_ef_1":{"attachment":[{"time":0.5333,"name":"EF/EF_slash_DOT/sp_ef_1"},{"time":0.5666,"name":"EF/EF_slash_DOT/sp_ef_2"},{"time":0.6,"name":"EF/EF_slash_DOT/sp_ef_3"},{"time":0.6333,"name":null}]},"MAIN":{"attachment":[{"time":0,"name":"attack1_00"},{"time":0.0666,"name":"attack1_01"},{"time":0.2333,"name":"attack1_02"},{"time":0.3,"name":"attack1_03"},{"time":0.3666,"name":"attack1_04"},{"time":0.4666,"name":"attack2_00"},{"time":0.5,"name":"attack2_01"},{"time":0.5333,"name":"attack2_02"},{"time":0.5666,"name":"attack2_02"},{"time":0.6333,"name":"attack2_03"},{"time":0.7333,"name":"attack2_04"},{"time":0.8,"name":"attack3_00"},{"time":0.8666,"name":"attack3_01"},{"time":1.1,"name":"attack3_02"},{"time":1.1666,"name":"attack3_03"},{"time":1.2333,"name":"attack3_04"},{"time":1.3333,"name":"back_00"},{"time":1.5666,"name":"idle_03"},{"time":1.7,"name":"idle_04"},{"time":1.8333,"name":"idle_00"}]},"idle_sword":{"attachment":[{"time":0,"name":null},{"time":1.5666,"name":"idle_sword"}]}},"bones":{"MAIN":{"translate":[{"time":0,"x":0,"y":0,"curve":[0.179,0.78,0.75,1]},{"time":0.2,"x":-70,"y":0,"curve":"stepped"},{"time":0.2333,"x":-88,"y":0,"curve":[0.107,0.94,0.756,0.97]},{"time":0.3,"x":-105,"y":0,"curve":"stepped"},{"time":0.4666,"x":-109,"y":0,"curve":[0.191,0.47,0.75,1]},{"time":0.5,"x":-103,"y":0,"curve":[0.136,0.69,0.33,0.94]},{"time":0.7333,"x":-115.02,"y":0,"curve":"stepped"},{"time":0.8,"x":-124.51,"y":0,"curve":"stepped"},{"time":1.1,"x":-140.97,"y":0,"curve":[0.143,0.64,0.446,0.96]},{"time":1.2,"x":-155,"y":0,"curve":"stepped"},{"time":1.3333,"x":-155,"y":0,"curve":[0.192,0.28,0.566,0.65]},{"time":1.4333,"x":-82.79,"y":13,"curve":[0.345,0.52,0.769,1]},{"time":1.6,"x":-10,"y":0},{"time":1.7333,"x":0,"y":0}]},"A1_EF1":{"rotate":[{"time":0.2333,"angle":179.93,"curve":"stepped"},{"time":1.1,"angle":-175.53}],"translate":[{"time":0.2333,"x":-419.72,"y":142.07,"curve":"stepped"},{"time":1.1,"x":-465.61,"y":146.33}],"scale":[{"time":0.2333,"x":-0.83,"y":0.843,"curve":"stepped"},{"time":1.1,"x":-0.892,"y":1.266}]},"A1_EF2":{"translate":[{"time":0.5333,"x":-787.16,"y":206.98},{"time":0.6,"x":-793.26,"y":205.59}],"scale":[{"time":0.5333,"x":0.6,"y":0.6}]},"DAMAGEAREA":{"translate":[{"time":0.2333,"x":-158.01,"y":40.15,"curve":"stepped"},{"time":0.5333,"x":-212.13,"y":41.9,"curve":"stepped"},{"time":1.1,"x":-212.13,"y":61.98}],"scale":[{"time":0.2333,"x":0.825,"y":0.394,"curve":"stepped"},{"time":0.5333,"x":1.185,"y":0.415,"curve":"stepped"},{"time":1.1,"x":0.878,"y":0.744}]},"idle_sword":{"rotate":[{"time":1.5666,"angle":-0.5,"curve":"stepped"},{"time":1.7,"angle":-0.43,"curve":"stepped"},{"time":1.8333,"angle":0.19}],"translate":[{"time":1.5666,"x":0,"y":-1.03,"curve":"stepped"},{"time":1.7,"x":0,"y":-0.8,"curve":"stepped"},{"time":1.8333,"x":0,"y":0}]}},"events":[{"time":0,"name":"Event","string":"setHitEffect(hit07d, 1)"},{"time":0.1666,"name":"Event","float":0.08,"string":"kHitStopType_normal"},{"time":0.2,"name":"Sound2","string":"cri_se_battle_skill_shot"},{"time":0.2333,"name":"Sound1","string":"setHitSound(se_battle_019_sword_hit_03)"},{"time":0.2333,"name":"Voice","string":"cri_101_voice_attack_random"},{"time":0.5,"name":"Event","string":"setHitEffect(hit08d, 1)"},{"time":0.5,"name":"Sound2","string":"cri_se_battle_skill_shot"},{"time":0.5333,"name":"Hit","string":"resetHitList"},{"time":0.5333,"name":"Sound1","string":"setHitSound(se_battle_thrustviolently)"},{"time":0.8666,"name":"Event","string":"setHitEffect(hit03d, 1)"},{"time":1,"name":"Event","float":0.15,"string":"kHitStopType_normal"},{"time":1.0666,"name":"Sound2","string":"cri_se_battle_skill_shot"},{"time":1.1,"name":"Hit","string":"resetHitList"},{"time":1.1,"name":"Sound1","string":"setHitSound(se_battle_019_sword_hit_03)"},{"time":1.1,"name":"Voice","string":"cri_101_voice_attack_c"},{"time":1.3333,"name":"Sound1","string":"cri_se_battle_jump"},{"time":1.5666,"name":"Sound1","string":"cri_se_battle_landing"}]},"back":{"slots":{"MAIN":{"attachment":[{"time":0,"name":"back_00"},{"time":0.2666,"name":"idle_02"},{"time":0.4333,"name":"idle_03"},{"time":0.6,"name":"idle_00"}]},"idle_sword":{"attachment":[{"time":0,"name":null},{"time":0.2666,"name":"idle_sword"}]}},"bones":{"MAIN":{"translate":[{"time":0,"x":0,"y":0,"curve":[0.23,0.31,0.604,0.68]},{"time":0.1333,"x":78.69,"y":13,"curve":[0.366,0.56,0.758,1]},{"time":0.3,"x":130,"y":0},{"time":0.4666,"x":140,"y":0}]},"idle_sword":{"rotate":[{"time":0.2666,"angle":-1.85,"curve":"stepped"},{"time":0.4333,"angle":-0.5,"curve":"stepped"},{"time":0.6,"angle":-0.43}],"translate":[{"time":0.2666,"x":0,"y":-2.22,"curve":"stepped"},{"time":0.4333,"x":0,"y":-1.03,"curve":"stepped"},{"time":0.6,"x":0,"y":-0.8}]}},"events":[{"time":0,"name":"Sound1","string":"cri_se_battle_jump"},{"time":0.2666,"name":"Sound1","string":"cri_se_battle_landing"}]},"cast":{"slots":{"MAIN":{"attachment":[{"time":0,"name":"attack3_04"},{"time":0.0666,"name":"skill1_00"},{"time":0.1666,"name":"skill1_01"},{"time":0.3,"name":"skill1_02"},{"time":0.5,"name":"skill2_00"},{"time":0.5333,"name":"skill2_01"},{"time":0.6,"name":"skill2_02"},{"time":0.7,"name":"skill2_00"},{"time":1,"name":"skill2_00"}]},"idle_sword":{"attachment":[{"time":0,"name":null}]}},"events":[{"time":0.5,"name":"Voice","string":"cri_101_voice_item"}]},"damage":{"slots":{"MAIN":{"attachment":[{"time":0,"name":"damage_00"}]},"idle_sword":{"attachment":[{"time":0,"name":null}]}}},"dying":{"slots":{"MAIN":{"attachment":[{"time":0,"name":"dying_00"},{"time":0.2666,"name":"dying_01"},{"time":0.5333,"name":"dying_02"},{"time":0.8,"name":"dying_03"},{"time":1.0666,"name":"dying_04"},{"time":1.3333,"name":"dying_00"}]},"idle_sword":{"attachment":[{"time":0,"name":null}]}}},"front":{"slots":{"MAIN":{"attachment":[{"time":0,"name":"front_00"}]},"idle_sword":{"attachment":[{"time":0,"name":null}]},"sword_2_swing":{"attachment":[{"time":0,"name":"sword_2_swing"}]}},"bones":{"sword_2_swing":{"translate":[{"time":0,"x":9.36,"y":30.78}]}}},"getup":{"slots":{"MAIN":{"attachment":[{"time":0,"name":"getup_00"},{"time":0.4,"name":"getup_01"},{"time":0.8,"name":"getup_02"},{"time":1.0666,"name":"getup_03"},{"time":1.3333,"name":"getup_04"},{"time":1.6333,"name":"getup_05"},{"time":1.9333,"name":"dying_00"},{"time":2.1666,"name":"dying_00"}]},"idle_sword":{"attachment":[{"time":0,"name":null}]}}},"idle":{"slots":{"MAIN":{"attachment":[{"time":0,"name":"idle_00"},{"time":0.2,"name":"idle_01"},{"time":0.4,"name":"idle_02"},{"time":0.6,"name":"idle_03"},{"time":0.8,"name":"idle_04"},{"time":1,"name":"idle_00"}]},"idle_sword":{"attachment":[{"time":0,"name":"idle_sword"}]}},"bones":{"idle_sword":{"rotate":[{"time":0,"angle":0.19,"curve":"stepped"},{"time":0.2,"angle":0.22,"curve":"stepped"},{"time":0.4,"angle":-1.85,"curve":"stepped"},{"time":0.6,"angle":-0.5,"curve":"stepped"},{"time":0.8,"angle":-0.43,"curve":"stepped"},{"time":1,"angle":0.19}],"translate":[{"time":0,"x":0,"y":0,"curve":"stepped"},{"time":0.2,"x":0,"y":-0.62,"curve":"stepped"},{"time":0.4,"x":0,"y":-2.22,"curve":"stepped"},{"time":0.6,"x":0,"y":-1.03,"curve":"stepped"},{"time":0.8,"x":0,"y":-0.8,"curve":"stepped"},{"time":1,"x":0,"y":0}]}}},"in":{"slots":{"MAIN":{"attachment":[{"time":0,"name":"front_00"},{"time":0.3333,"name":"idle_00"},{"time":0.5333,"name":"idle_01"},{"time":0.7333,"name":"idle_02"},{"time":0.9333,"name":"idle_03"},{"time":1.1333,"name":"idle_04"},{"time":1.3333,"name":"idle_00"}],"color":[{"time":0,"color":"ffffff00"},{"time":0.3333,"color":"ffffffff"}]},"idle_sword":{"attachment":[{"time":0,"name":null},{"time":0.3333,"name":"idle_sword"}]},"sword_2_swing":{"attachment":[{"time":0,"name":"sword_2_swing"},{"time":0.3333,"name":null}],"color":[{"time":0,"color":"ffffff00"},{"time":0.3333,"color":"ffffffff"}]}},"bones":{"sword_2_swing":{"translate":[{"time":0,"x":9.36,"y":30.78}]},"MAIN":{"translate":[{"time":0,"x":250,"y":0},{"time":0.3333,"x":30,"y":0,"curve":[0,0.64,0.75,1]},{"time":0.7333,"x":0,"y":0}]},"idle_sword":{"rotate":[{"time":0.3333,"angle":0.19,"curve":"stepped"},{"time":0.5333,"angle":0.22,"curve":"stepped"},{"time":0.7333,"angle":-1.85,"curve":"stepped"},{"time":0.9333,"angle":-0.5,"curve":"stepped"},{"time":1.1333,"angle":-0.43,"curve":"stepped"},{"time":1.3333,"angle":0.19}],"translate":[{"time":0.3333,"x":0,"y":0,"curve":"stepped"},{"time":0.5333,"x":0,"y":-0.62,"curve":"stepped"},{"time":0.7333,"x":0,"y":-2.22,"curve":"stepped"},{"time":0.9333,"x":0,"y":-1.03,"curve":"stepped"},{"time":1.1333,"x":0,"y":-0.8,"curve":"stepped"},{"time":1.3333,"x":0,"y":0}]}},"events":[{"time":1.3333,"name":"Event","string":"takeIdle"}]},"in2":{"slots":{"MAIN":{"attachment":[{"time":0,"name":"front_00"},{"time":0.3333,"name":"idle_00"},{"time":0.5333,"name":"idle_01"},{"time":0.7333,"name":"idle_02"},{"time":0.9333,"name":"idle_03"},{"time":1,"name":"skill2_02"}],"color":[{"time":0,"color":"ffffff00"},{"time":0.3333,"color":"ffffffff"}]},"idle_sword":{"attachment":[{"time":0,"name":null},{"time":0.3333,"name":"idle_sword"},{"time":1,"name":null}]},"sword_2_swing":{"attachment":[{"time":0,"name":"sword_2_swing"},{"time":0.3333,"name":null}],"color":[{"time":0,"color":"ffffff00"},{"time":0.3333,"color":"ffffffff"}]}},"bones":{"sword_2_swing":{"translate":[{"time":0,"x":9.36,"y":30.78}]},"MAIN":{"translate":[{"time":0,"x":250,"y":0},{"time":0.3333,"x":30,"y":0,"curve":[0,0.64,0.75,1]},{"time":0.7333,"x":0,"y":0}]},"idle_sword":{"rotate":[{"time":0.3333,"angle":0.19,"curve":"stepped"},{"time":0.5333,"angle":0.22,"curve":"stepped"},{"time":0.7333,"angle":-1.85,"curve":"stepped"},{"time":0.9333,"angle":-0.5,"curve":"stepped"},{"time":1.8333,"angle":0.19}],"translate":[{"time":0.3333,"x":0,"y":0,"curve":"stepped"},{"time":0.5333,"x":0,"y":-0.62,"curve":"stepped"},{"time":0.7333,"x":0,"y":-2.22,"curve":"stepped"},{"time":0.9333,"x":0,"y":-1.03,"curve":"stepped"},{"time":1.8333,"x":0,"y":0}]}},"events":[{"time":1,"name":"Event","string":"takeSummon"},{"time":1.8333,"name":"Event","string":"takeIdle"}]},"kneel":{"slots":{"MAIN":{"attachment":[{"time":0,"name":"kneel_00"}]},"idle_sword":{"attachment":[{"time":0,"name":null}]}}},"skill1":{"slots":{"DAMAGEAREA":{"attachment":[{"time":0.4333,"name":"DAMAGEAREA"},{"time":0.5666,"name":null},{"time":0.8,"name":"DAMAGEAREA"},{"time":0.9666,"name":null},{"time":2.0666,"name":"DAMAGEAREA"},{"time":2.3333,"name":null}]},"EF/5250_S1_wave1/5250_S1_wave1_00000":{"attachment":[{"time":0.7666,"name":"EF/5250_S1_wave1/5250_S1_wave1_00000"},{"time":0.8,"name":"EF/5250_S1_wave1/5250_S1_wave1_00001"},{"time":0.8333,"name":"EF/5250_S1_wave1/5250_S1_wave1_00002"},{"time":0.8666,"name":"EF/5250_S1_wave1/5250_S1_wave1_00003"},{"time":0.9,"name":"EF/5250_S1_wave1/5250_S1_wave1_00004"},{"time":0.9333,"name":"EF/5250_S1_wave1/5250_S1_wave1_00005"},{"time":0.9666,"name":"EF/5250_S1_wave1/5250_S1_wave1_00006"},{"time":1,"name":"EF/5250_S1_wave1/5250_S1_wave1_00007"},{"time":1.0333,"name":"EF/5250_S1_wave1/5250_S1_wave1_00008"},{"time":1.0666,"name":"EF/5250_S1_wave1/5250_S1_wave1_00009"},{"time":2.0333,"name":"EF/5250_S1_wave1/5250_S1_wave1_00000"},{"time":2.0666,"name":"EF/5250_S1_wave1/5250_S1_wave1_00001"},{"time":2.1,"name":"EF/5250_S1_wave1/5250_S1_wave1_00002"},{"time":2.1333,"name":"EF/5250_S1_wave1/5250_S1_wave1_00003"},{"time":2.1666,"name":"EF/5250_S1_wave1/5250_S1_wave1_00004"},{"time":2.2,"name":"EF/5250_S1_wave1/5250_S1_wave1_00005"},{"time":2.2333,"name":"EF/5250_S1_wave1/5250_S1_wave1_00006"},{"time":2.2666,"name":"EF/5250_S1_wave1/5250_S1_wave1_00007"},{"time":2.3,"name":"EF/5250_S1_wave1/5250_S1_wave1_00008"},{"time":2.3333,"name":"EF/5250_S1_wave1/5250_S1_wave1_00009"}],"color":[{"time":0.7666,"color":"ffffffff","curve":"stepped"},{"time":1.0666,"color":"ffffffff"},{"time":1.1666,"color":"ffffff00","curve":"stepped"},{"time":2.0333,"color":"ffffffff","curve":"stepped"},{"time":2.3333,"color":"ffffffff"},{"time":2.4333,"color":"ffffff00"}]},"EF/5250_S1_wave1/5250_S1_wave1_0":{"attachment":[{"time":2.1,"name":"EF/5250_S1_wave1/5250_S1_wave1_00000"},{"time":2.1333,"name":"EF/5250_S1_wave1/5250_S1_wave1_00001"},{"time":2.1666,"name":"EF/5250_S1_wave1/5250_S1_wave1_00002"},{"time":2.2,"name":"EF/5250_S1_wave1/5250_S1_wave1_00003"},{"time":2.2333,"name":"EF/5250_S1_wave1/5250_S1_wave1_00004"},{"time":2.2666,"name":"EF/5250_S1_wave1/5250_S1_wave1_00005"},{"time":2.3,"name":"EF/5250_S1_wave1/5250_S1_wave1_00006"},{"time":2.3333,"name":"EF/5250_S1_wave1/5250_S1_wave1_00007"},{"time":2.3666,"name":"EF/5250_S1_wave1/5250_S1_wave1_00008"},{"time":2.4,"name":"EF/5250_S1_wave1/5250_S1_wave1_00009"}],"color":[{"time":2.4,"color":"ffffffff"},{"time":2.5,"color":"ffffff00"}]},"EF/5250_S1_wave1/5250_S1_wave1_1":{"attachment":[{"time":2.1666,"name":"EF/5250_S1_wave1/5250_S1_wave1_00000"},{"time":2.2,"name":"EF/5250_S1_wave1/5250_S1_wave1_00001"},{"time":2.2333,"name":"EF/5250_S1_wave1/5250_S1_wave1_00002"},{"time":2.2666,"name":"EF/5250_S1_wave1/5250_S1_wave1_00003"},{"time":2.3,"name":"EF/5250_S1_wave1/5250_S1_wave1_00004"},{"time":2.3333,"name":"EF/5250_S1_wave1/5250_S1_wave1_00005"},{"time":2.3666,"name":"EF/5250_S1_wave1/5250_S1_wave1_00006"},{"time":2.4,"name":"EF/5250_S1_wave1/5250_S1_wave1_00007"},{"time":2.4333,"name":"EF/5250_S1_wave1/5250_S1_wave1_00008"},{"time":2.4666,"name":"EF/5250_S1_wave1/5250_S1_wave1_00009"}],"color":[{"time":2.4666,"color":"ffffffff"},{"time":2.5666,"color":"ffffff00"}]},"MAIN":{"attachment":[{"time":0,"name":"attack3_00"},{"time":0.0666,"name":"attack3_01"},{"time":0.4,"name":"attack3_02"},{"time":0.4666,"name":"attack3_03"},{"time":0.5333,"name":"attack3_04"},{"time":0.6333,"name":"skill1_00"},{"time":0.6666,"name":"skill1_01"},{"time":0.7,"name":"skill1_02"},{"time":0.7666,"name":"skill1_03"},{"time":0.8333,"name":"skill1_04"},{"time":0.9,"name":"skill1_05"},{"time":1.0333,"name":"skill1_06"},{"time":1.1,"name":"skill1_07"},{"time":1.3333,"name":"skill1_08"},{"time":1.4666,"name":"skill1_09"},{"time":1.6,"name":"skill1_10"},{"time":2.0333,"name":"skill1_11"},{"time":2.1,"name":"skill1_12"},{"time":2.1666,"name":"skill1_13"},{"time":2.2333,"name":"skill1_14"},{"time":2.3,"name":"skill1_15"},{"time":2.3666,"name":"skill1_16"},{"time":2.4333,"name":"skill1_14"},{"time":2.5333,"name":"skill1_16"},{"time":2.6,"name":"skill1_17"},{"time":2.6666,"name":"skill1_18"},{"time":2.7333,"name":"skill1_19"},{"time":3,"name":"skill1_19"}]},"idle_sword":{"attachment":[{"time":0,"name":null}]},"sword_2_swing":{"attachment":[{"time":0.7666,"name":"sword_2_swing"},{"time":1.3333,"name":null}]}},"bones":{"MAIN":{"rotate":[{"time":1.3333,"angle":0,"curve":[0.25,0,0.75,1]},{"time":2,"angle":-5.54}],"translate":[{"time":0.4,"x":-12,"y":0,"curve":[0.212,0.38,0.75,1]},{"time":0.5,"x":-30,"y":0,"curve":"stepped"},{"time":0.7666,"x":-40,"y":0,"curve":[0.185,0.46,0.687,0.96]},{"time":0.8666,"x":-47,"y":0,"curve":"stepped"},{"time":1.3333,"x":-47,"y":56,"curve":[0.066,1,0.75,1]},{"time":1.4333,"x":-50.7,"y":239.74,"curve":"stepped"},{"time":2,"x":-50.7,"y":239.74,"curve":[0.25,0,0.75,1]},{"time":2.0333,"x":-50.7,"y":0}]},"S1,2_wave1":{"translate":[{"time":0.7666,"x":-455.83,"y":130.43,"curve":"stepped"},{"time":2.0333,"x":-493.5,"y":142.15}],"scale":[{"time":0.7666,"x":1,"y":1,"curve":"stepped"},{"time":1.0666,"x":1,"y":1},{"time":1.1666,"x":1.5,"y":2,"curve":"stepped"},{"time":2.0333,"x":1,"y":1,"curve":"stepped"},{"time":2.3333,"x":1,"y":1},{"time":2.4333,"x":1.5,"y":1.5}]},"S1,2_wave2":{"translate":[{"time":2.1,"x":-600.12,"y":200.87}],"scale":[{"time":2.1,"x":1,"y":1,"curve":"stepped"},{"time":2.4,"x":1,"y":1},{"time":2.5,"x":1.5,"y":1.5}]},"S1,2_wave3":{"translate":[{"time":2.1666,"x":-708.52,"y":268.75}],"scale":[{"time":2.1666,"x":1,"y":1,"curve":"stepped"},{"time":2.4666,"x":1,"y":1},{"time":2.5666,"x":1.5,"y":1.5}]},"DAMAGEAREA":{"translate":[{"time":0.4333,"x":-130.23,"y":55.53,"curve":"stepped"},{"time":0.8,"x":-176.19,"y":95.75,"curve":"stepped"},{"time":2.0666,"x":-199.17,"y":128.31},{"time":2.1666,"x":-269.93,"y":128.31},{"time":2.2666,"x":-400.09,"y":128.31}],"scale":[{"time":0.4333,"x":1,"y":0.985,"curve":"stepped"},{"time":0.8,"x":1.344,"y":1.098,"curve":"stepped"},{"time":2.0666,"x":1.322,"y":1.334},{"time":2.1666,"x":2.157,"y":1.334},{"time":2.2666,"x":2.163,"y":1.334}]},"sword_2_swing":{"rotate":[{"time":0.7666,"angle":-15,"curve":"stepped"},{"time":0.9,"angle":-16.28,"curve":"stepped"},{"time":1.0333,"angle":-0.29,"curve":"stepped"},{"time":1.1,"angle":1.74}],"translate":[{"time":0.7666,"x":-40.09,"y":36.94,"curve":"stepped"},{"time":0.8333,"x":-39.62,"y":38.51,"curve":"stepped"},{"time":0.9,"x":-37.11,"y":40.24,"curve":"stepped"},{"time":1.0333,"x":-1,"y":36.47,"curve":"stepped"},{"time":1.1,"x":10.92,"y":22.34}]}},"events":[{"time":0,"name":"Event","string":"setHitEffect(hit03d, 1)"},{"time":0,"name":"Voice","string":"cri_101_voice_attack_random"},{"time":0.3666,"name":"Event","float":0.05,"string":"kHitStopType_normal"},{"time":0.3666,"name":"Sound3","string":"cri_se_battle_skill_shot"},{"time":0.4,"name":"Sound1","string":"setHitSound(se_battle_019_sword_hit_03)"},{"time":0.4,"name":"Sound2","string":"cri_se_battle_arrow_light_effect"},{"time":0.4333,"name":"Event","string":"setHitEffect(hit08d, 1)"},{"time":0.4666,"name":"Event","float":0.05,"string":"kHitStopType_enemyonly"},{"time":0.4666,"name":"Hit","string":"resetHitList"},{"time":0.4666,"name":"Sound1","string":"setHitSound(se_battle_007_attack_hit_01)"},{"time":0.7,"name":"Event","string":"setHitEffect(hit03d, 1)"},{"time":0.7333,"name":"Event","float":0.05,"string":"kHitStopType_normal"},{"time":0.7666,"name":"Event","string":"setHitBackEnemy(0,25)"},{"time":0.7666,"name":"Sound3","string":"cri_se_battle_skill_shot"},{"time":0.8,"name":"Hit","string":"resetHitList"},{"time":0.8,"name":"Sound1","string":"setHitSound(se_battle_019_sword_hit_03)"},{"time":0.8,"name":"Sound2","string":"cri_se_battle_charge_completion"},{"time":0.8,"name":"Sound3","string":"cri_se_battle_033_explosion_element_01"},{"time":0.8333,"name":"Event","string":"setHitEffect(hit08d, 1)"},{"time":0.8333,"name":"Sound1","string":"setHitSound(se_battle_007_attack_hit_01)"},{"time":0.8666,"name":"Event","float":0.05,"string":"kHitStopType_enemyonly"},{"time":0.8666,"name":"Hit","string":"resetHitList"},{"time":1.3333,"name":"Sound1","string":"cri_se_battle_jump"},{"time":1.4666,"name":"Sound1","string":"cri_se_battle_arrow_light_effect"},{"time":1.4666,"name":"Voice","string":"cri_101_voice_skill_all"},{"time":1.9333,"name":"Event","string":"setHitEffect(hit03d, 1)"},{"time":2,"name":"Event","float":0.2,"string":"kHitStopType_normal"},{"time":2,"name":"Sound3","string":"cri_se_battle_skill_shot"},{"time":2.0333,"name":"Event","string":"setHitBackEnemy(0,0)"},{"time":2.0333,"name":"Sound1","string":"setHitSound(se_battle_019_sword_hit_03)"},{"time":2.0333,"name":"Sound2","string":"cri_se_battle_lightning"},{"time":2.0333,"name":"Sound3","string":"cri_se_battle_033_explosion_element_01"},{"time":2.0666,"name":"Hit","string":"resetHitList"},{"time":2.0666,"name":"Sound1","string":"setHitSound(se_battle_thunder_small)"},{"time":2.0666,"name":"View","string":"shakeGround"},{"time":2.1,"name":"Event","float":0.05,"string":"kHitStopType_enemyonly"},{"time":2.1333,"name":"Event","string":"setHitEffect(hit04d, 1)"},{"time":2.1333,"name":"Hit","string":"resetHitList"},{"time":2.2,"name":"Hit","string":"resetHitList"},{"time":2.2666,"name":"Hit","string":"resetHitList"},{"time":2.3,"name":"Event","string":"kImpactType_knock"},{"time":2.3,"name":"Hit","string":"resetHitList"}]},"skill2":{"slots":{"DAMAGEAREA":{"attachment":[{"time":1.9666,"name":"DAMAGEAREA"},{"time":3.0333,"name":null}]},"EF/5250_S1_wave1/5250_S1_wave1_00000":{"attachment":[{"time":0.0666,"name":"EF/5250_S1_wave1/5250_S1_wave1_00000"},{"time":0.1,"name":"EF/5250_S1_wave1/5250_S1_wave1_00001"},{"time":0.1333,"name":"EF/5250_S1_wave1/5250_S1_wave1_00002"},{"time":0.1666,"name":"EF/5250_S1_wave1/5250_S1_wave1_00003"},{"time":0.2,"name":"EF/5250_S1_wave1/5250_S1_wave1_00004"},{"time":0.2333,"name":"EF/5250_S1_wave1/5250_S1_wave1_00005"},{"time":0.2666,"name":"EF/5250_S1_wave1/5250_S1_wave1_00006"},{"time":0.3,"name":"EF/5250_S1_wave1/5250_S1_wave1_00007"},{"time":0.3333,"name":"EF/5250_S1_wave1/5250_S1_wave1_00008"},{"time":0.3666,"name":"EF/5250_S1_wave1/5250_S1_wave1_00009"},{"time":0.5333,"name":"EF/5250_S1_wave1/5250_S1_wave1_00002"},{"time":0.5666,"name":"EF/5250_S1_wave1/5250_S1_wave1_00003"},{"time":0.6,"name":"EF/5250_S1_wave1/5250_S1_wave1_00004"},{"time":0.6333,"name":"EF/5250_S1_wave1/5250_S1_wave1_00005"},{"time":0.6666,"name":"EF/5250_S1_wave1/5250_S1_wave1_00006"},{"time":0.7,"name":"EF/5250_S1_wave1/5250_S1_wave1_00007"},{"time":0.7333,"name":"EF/5250_S1_wave1/5250_S1_wave1_00008"},{"time":0.7666,"name":"EF/5250_S1_wave1/5250_S1_wave1_00009"},{"time":0.9333,"name":"EF/5250_S1_wave1/5250_S1_wave1_00002"},{"time":0.9666,"name":"EF/5250_S1_wave1/5250_S1_wave1_00003"},{"time":1,"name":"EF/5250_S1_wave1/5250_S1_wave1_00004"},{"time":1.0333,"name":"EF/5250_S1_wave1/5250_S1_wave1_00005"},{"time":1.0666,"name":"EF/5250_S1_wave1/5250_S1_wave1_00006"},{"time":1.1,"name":"EF/5250_S1_wave1/5250_S1_wave1_00007"},{"time":1.1333,"name":"EF/5250_S1_wave1/5250_S1_wave1_00008"},{"time":1.1666,"name":"EF/5250_S1_wave1/5250_S1_wave1_00009"},{"time":1.9333,"name":"EF/5250_S1_wave1/5250_S1_wave1_00000"},{"time":1.9666,"name":"EF/5250_S1_wave1/5250_S1_wave1_00001"},{"time":2,"name":"EF/5250_S1_wave1/5250_S1_wave1_00002"},{"time":2.0333,"name":"EF/5250_S1_wave1/5250_S1_wave1_00003"},{"time":2.0666,"name":"EF/5250_S1_wave1/5250_S1_wave1_00004"},{"time":2.1,"name":"EF/5250_S1_wave1/5250_S1_wave1_00005"},{"time":2.1333,"name":"EF/5250_S1_wave1/5250_S1_wave1_00006"},{"time":2.1666,"name":"EF/5250_S1_wave1/5250_S1_wave1_00007"},{"time":2.2,"name":"EF/5250_S1_wave1/5250_S1_wave1_00008"},{"time":2.2333,"name":"EF/5250_S1_wave1/5250_S1_wave1_00009"},{"time":2.4666,"name":"EF/5250_S1_wave1/5250_S1_wave1_00000"},{"time":2.5,"name":"EF/5250_S1_wave1/5250_S1_wave1_00001"},{"time":2.5333,"name":"EF/5250_S1_wave1/5250_S1_wave1_00002"},{"time":2.5666,"name":"EF/5250_S1_wave1/5250_S1_wave1_00003"},{"time":2.6,"name":"EF/5250_S1_wave1/5250_S1_wave1_00004"},{"time":2.6333,"name":"EF/5250_S1_wave1/5250_S1_wave1_00005"},{"time":2.6666,"name":"EF/5250_S1_wave1/5250_S1_wave1_00006"},{"time":2.7,"name":"EF/5250_S1_wave1/5250_S1_wave1_00007"},{"time":2.7333,"name":"EF/5250_S1_wave1/5250_S1_wave1_00008"},{"time":2.7666,"name":"EF/5250_S1_wave1/5250_S1_wave1_00009"}],"color":[{"time":0.0666,"color":"ffffffff","curve":"stepped"},{"time":0.3666,"color":"ffffffff"},{"time":0.4666,"color":"ffffff00","curve":"stepped"},{"time":0.5333,"color":"ffffffff","curve":"stepped"},{"time":0.7666,"color":"ffffffff"},{"time":0.8666,"color":"ffffff00","curve":"stepped"},{"time":0.9333,"color":"ffffffff","curve":"stepped"},{"time":1.1666,"color":"ffffffff"},{"time":1.2666,"color":"ffffff00","curve":"stepped"},{"time":1.9333,"color":"ffffffff","curve":"stepped"},{"time":2.2333,"color":"ffffffff"},{"time":2.3333,"color":"ffffff00","curve":"stepped"},{"time":2.4666,"color":"ffffffff","curve":"stepped"},{"time":2.7666,"color":"ffffffff"},{"time":2.8666,"color":"ffffff00"}]},"EF/5250_S1_wave1/5250_S1_wave1_0":{"attachment":[{"time":1.1666,"name":"EF/5250_S1_wave1/5250_S1_wave1_00002"},{"time":1.2,"name":"EF/5250_S1_wave1/5250_S1_wave1_00003"},{"time":1.2333,"name":"EF/5250_S1_wave1/5250_S1_wave1_00004"},{"time":1.2666,"name":"EF/5250_S1_wave1/5250_S1_wave1_00005"},{"time":1.3,"name":"EF/5250_S1_wave1/5250_S1_wave1_00006"},{"time":1.3333,"name":"EF/5250_S1_wave1/5250_S1_wave1_00007"},{"time":1.3666,"name":"EF/5250_S1_wave1/5250_S1_wave1_00008"},{"time":1.4,"name":"EF/5250_S1_wave1/5250_S1_wave1_00009"},{"time":2.0666,"name":"EF/5250_S1_wave1/5250_S1_wave1_00000"},{"time":2.1,"name":"EF/5250_S1_wave1/5250_S1_wave1_00001"},{"time":2.1333,"name":"EF/5250_S1_wave1/5250_S1_wave1_00002"},{"time":2.1666,"name":"EF/5250_S1_wave1/5250_S1_wave1_00003"},{"time":2.2,"name":"EF/5250_S1_wave1/5250_S1_wave1_00004"},{"time":2.2333,"name":"EF/5250_S1_wave1/5250_S1_wave1_00005"},{"time":2.2666,"name":"EF/5250_S1_wave1/5250_S1_wave1_00006"},{"time":2.3,"name":"EF/5250_S1_wave1/5250_S1_wave1_00007"},{"time":2.3333,"name":"EF/5250_S1_wave1/5250_S1_wave1_00008"},{"time":2.3666,"name":"EF/5250_S1_wave1/5250_S1_wave1_00009"},{"time":2.6,"name":"EF/5250_S1_wave1/5250_S1_wave1_00000"},{"time":2.6333,"name":"EF/5250_S1_wave1/5250_S1_wave1_00001"},{"time":2.6666,"name":"EF/5250_S1_wave1/5250_S1_wave1_00002"},{"time":2.7,"name":"EF/5250_S1_wave1/5250_S1_wave1_00003"},{"time":2.7333,"name":"EF/5250_S1_wave1/5250_S1_wave1_00004"},{"time":2.7666,"name":"EF/5250_S1_wave1/5250_S1_wave1_00005"},{"time":2.8,"name":"EF/5250_S1_wave1/5250_S1_wave1_00006"},{"time":2.8333,"name":"EF/5250_S1_wave1/5250_S1_wave1_00007"},{"time":2.8666,"name":"EF/5250_S1_wave1/5250_S1_wave1_00008"},{"time":2.9,"name":"EF/5250_S1_wave1/5250_S1_wave1_00009"}],"color":[{"time":1.4,"color":"ffffffff"},{"time":1.5,"color":"ffffff00","curve":"stepped"},{"time":2.0666,"color":"ffffffff","curve":"stepped"},{"time":2.3666,"color":"ffffffff"},{"time":2.4666,"color":"ffffff00","curve":"stepped"},{"time":2.6,"color":"ffffffff","curve":"stepped"},{"time":2.9,"color":"ffffffff"},{"time":3,"color":"ffffff00"}]},"EF/5250_S1_wave1/5250_S1_wave1_1":{"attachment":[{"time":1.4,"name":"EF/5250_S1_wave1/5250_S1_wave1_00002"},{"time":1.4333,"name":"EF/5250_S1_wave1/5250_S1_wave1_00003"},{"time":1.4666,"name":"EF/5250_S1_wave1/5250_S1_wave1_00004"},{"time":1.5,"name":"EF/5250_S1_wave1/5250_S1_wave1_00005"},{"time":1.5333,"name":"EF/5250_S1_wave1/5250_S1_wave1_00006"},{"time":1.5666,"name":"EF/5250_S1_wave1/5250_S1_wave1_00007"},{"time":1.6,"name":"EF/5250_S1_wave1/5250_S1_wave1_00008"},{"time":1.6333,"name":"EF/5250_S1_wave1/5250_S1_wave1_00009"},{"time":2.2,"name":"EF/5250_S1_wave1/5250_S1_wave1_00000"},{"time":2.2333,"name":"EF/5250_S1_wave1/5250_S1_wave1_00001"},{"time":2.2666,"name":"EF/5250_S1_wave1/5250_S1_wave1_00002"},{"time":2.3,"name":"EF/5250_S1_wave1/5250_S1_wave1_00003"},{"time":2.3333,"name":"EF/5250_S1_wave1/5250_S1_wave1_00004"},{"time":2.3666,"name":"EF/5250_S1_wave1/5250_S1_wave1_00005"},{"time":2.4,"name":"EF/5250_S1_wave1/5250_S1_wave1_00006"},{"time":2.4333,"name":"EF/5250_S1_wave1/5250_S1_wave1_00007"},{"time":2.4666,"name":"EF/5250_S1_wave1/5250_S1_wave1_00008"},{"time":2.5,"name":"EF/5250_S1_wave1/5250_S1_wave1_00009"},{"time":2.7333,"name":"EF/5250_S1_wave1/5250_S1_wave1_00000"},{"time":2.7666,"name":"EF/5250_S1_wave1/5250_S1_wave1_00001"},{"time":2.8,"name":"EF/5250_S1_wave1/5250_S1_wave1_00002"},{"time":2.8333,"name":"EF/5250_S1_wave1/5250_S1_wave1_00003"},{"time":2.8666,"name":"EF/5250_S1_wave1/5250_S1_wave1_00004"},{"time":2.9,"name":"EF/5250_S1_wave1/5250_S1_wave1_00005"},{"time":2.9333,"name":"EF/5250_S1_wave1/5250_S1_wave1_00006"},{"time":2.9666,"name":"EF/5250_S1_wave1/5250_S1_wave1_00007"},{"time":3,"name":"EF/5250_S1_wave1/5250_S1_wave1_00008"},{"time":3.0333,"name":"EF/5250_S1_wave1/5250_S1_wave1_00009"}],"color":[{"time":1.6333,"color":"ffffffff"},{"time":1.7333,"color":"ffffff00","curve":"stepped"},{"time":2.2,"color":"ffffffff","curve":"stepped"},{"time":2.5,"color":"ffffffff"},{"time":2.6,"color":"ffffff00","curve":"stepped"},{"time":2.7333,"color":"ffffffff","curve":"stepped"},{"time":3.0333,"color":"ffffffff"},{"time":3.1333,"color":"ffffff00"}]},"EF/5250_S1_wave1/5250_S1_wave1_2":{"attachment":[{"time":2.3333,"name":"EF/5250_S1_wave1/5250_S1_wave1_00000"},{"time":2.3666,"name":"EF/5250_S1_wave1/5250_S1_wave1_00001"},{"time":2.4,"name":"EF/5250_S1_wave1/5250_S1_wave1_00002"},{"time":2.4333,"name":"EF/5250_S1_wave1/5250_S1_wave1_00003"},{"time":2.4666,"name":"EF/5250_S1_wave1/5250_S1_wave1_00004"},{"time":2.5,"name":"EF/5250_S1_wave1/5250_S1_wave1_00005"},{"time":2.5333,"name":"EF/5250_S1_wave1/5250_S1_wave1_00006"},{"time":2.5666,"name":"EF/5250_S1_wave1/5250_S1_wave1_00007"},{"time":2.6,"name":"EF/5250_S1_wave1/5250_S1_wave1_00008"},{"time":2.6333,"name":"EF/5250_S1_wave1/5250_S1_wave1_00009"}],"color":[{"time":2.3333,"color":"ffffffff","curve":"stepped"},{"time":2.6333,"color":"ffffffff"},{"time":2.7333,"color":"ffffff00"}]},"MAIN":{"attachment":[{"time":0,"name":"skill2_00"},{"time":0.0666,"name":"skill2_01"},{"time":0.1333,"name":"skill2_02"},{"time":0.2,"name":"skill2_00"},{"time":0.2666,"name":"skill2_01"},{"time":0.3333,"name":"skill2_02"},{"time":0.4,"name":"skill2_00"},{"time":0.4666,"name":"skill2_01"},{"time":0.5333,"name":"skill2_02"},{"time":0.6,"name":"skill2_00"},{"time":0.6666,"name":"skill2_01"},{"time":0.7333,"name":"skill2_02"},{"time":0.8,"name":"skill2_00"},{"time":0.8666,"name":"skill2_01"},{"time":0.9333,"name":"skill2_02"},{"time":1,"name":"skill2_00"},{"time":1.0666,"name":"skill2_01"},{"time":1.1333,"name":"skill2_02"},{"time":1.2,"name":"skill2_00"},{"time":1.2666,"name":"skill2_01"},{"time":1.3333,"name":"skill2_02"},{"time":1.4,"name":"skill2_00"},{"time":1.5,"name":"skill1_00"},{"time":1.6,"name":"skill1_01"},{"time":1.7,"name":"skill1_02"},{"time":1.9333,"name":"skill1_03"},{"time":1.9666,"name":"skill1_04"},{"time":2,"name":"skill1_05"},{"time":2.0333,"name":"skill2_03"},{"time":2.1,"name":"skill2_04"},{"time":2.1666,"name":"skill2_05"},{"time":2.2333,"name":"skill2_03"},{"time":2.3,"name":"skill2_04"},{"time":2.3666,"name":"skill2_05"},{"time":2.4333,"name":"skill2_03"},{"time":2.5,"name":"skill2_04"},{"time":2.5666,"name":"skill2_05"},{"time":2.6333,"name":"skill2_06"},{"time":2.7,"name":"skill2_07"},{"time":2.7666,"name":"skill2_08"},{"time":3.6666,"name":"skill2_08"}]},"idle_sword":{"attachment":[{"time":0,"name":null}]},"sword_2_swing":{"attachment":[{"time":1.9333,"name":"sword_2_swing"}]}},"bones":{"S1,2_wave1":{"translate":[{"time":0.0666,"x":-243.8,"y":135.14}],"scale":[{"time":0.0666,"x":1.166,"y":1.166,"curve":"stepped"},{"time":0.3666,"x":1.166,"y":1.166},{"time":0.4666,"x":1.5,"y":1.5,"curve":"stepped"},{"time":0.5333,"x":1.333,"y":1.333,"curve":"stepped"},{"time":0.7666,"x":1.333,"y":1.333},{"time":0.8666,"x":1.667,"y":1.667,"curve":"stepped"},{"time":0.9333,"x":1.5,"y":1.5,"curve":"stepped"},{"time":1.1666,"x":1.5,"y":1.5},{"time":1.2666,"x":1.833,"y":1.833,"curve":"stepped"},{"time":1.9333,"x":1.667,"y":1.667,"curve":"stepped"},{"time":2.2333,"x":1.667,"y":1.667},{"time":2.3333,"x":2,"y":2,"curve":"stepped"},{"time":2.4666,"x":1.667,"y":1.667,"curve":"stepped"},{"time":2.7666,"x":1.667,"y":1.667},{"time":2.8666,"x":2,"y":2}]},"S1,2_wave2":{"translate":[{"time":1.1666,"x":-244.06,"y":195.77,"curve":"stepped"},{"time":2.0666,"x":-243.68,"y":196.22,"curve":"stepped"},{"time":2.6,"x":-243.68,"y":196.22}],"scale":[{"time":1.1666,"x":1.667,"y":1.667,"curve":"stepped"},{"time":1.4,"x":1.667,"y":1.667},{"time":1.5,"x":2,"y":2,"curve":"stepped"},{"time":2.0666,"x":1.667,"y":1.667,"curve":"stepped"},{"time":2.3666,"x":1.667,"y":1.667},{"time":2.4666,"x":2,"y":2,"curve":"stepped"},{"time":2.6,"x":1.667,"y":1.667,"curve":"stepped"},{"time":2.9,"x":1.667,"y":1.667},{"time":3,"x":2,"y":2}]},"S1,2_wave3":{"translate":[{"time":1.4,"x":-243.82,"y":262.54,"curve":"stepped"},{"time":2.2,"x":-243.9,"y":262.81,"curve":"stepped"},{"time":2.7333,"x":-243.9,"y":262.81}],"scale":[{"time":1.4,"x":1.833,"y":1.833,"curve":"stepped"},{"time":1.6333,"x":1.833,"y":1.833},{"time":1.7333,"x":2,"y":2,"curve":"stepped"},{"time":2.2,"x":1.667,"y":1.667,"curve":"stepped"},{"time":2.5,"x":1.667,"y":1.667},{"time":2.6,"x":2,"y":2,"curve":"stepped"},{"time":2.7333,"x":1.667,"y":1.667,"curve":"stepped"},{"time":3.0333,"x":1.667,"y":1.667},{"time":3.1333,"x":2,"y":2}]},"S1,2_wave4":{"translate":[{"time":2.3333,"x":-243.57,"y":316.24}],"scale":[{"time":2.3333,"x":1.667,"y":1.667,"curve":"stepped"},{"time":2.6333,"x":1.667,"y":1.667},{"time":2.7333,"x":2,"y":2}]},"DAMAGEAREA":{"translate":[{"time":1.9666,"x":-242.63,"y":138.59},{"time":2.0666,"x":-280.11,"y":181.42}],"scale":[{"time":1.9666,"x":2.166,"y":2.209},{"time":2.0666,"x":2.73,"y":2.494}]},"sword_2_swing":{"rotate":[{"time":1.9333,"angle":-15,"curve":"stepped"},{"time":2,"angle":-16.28}],"translate":[{"time":1.9333,"x":-40.09,"y":36.94,"curve":"stepped"},{"time":1.9666,"x":-39.62,"y":38.51,"curve":"stepped"},{"time":2,"x":-37.11,"y":40.24}]}},"events":[{"time":0,"name":"Event","string":"kImpactType_normal"},{"time":0.0666,"name":"Sound1","string":"cri_se_battle_charge"},{"time":0.0666,"name":"Sound2","string":"cri_se_battle_charge_completion"},{"time":0.0666,"name":"Voice","string":"cri_101_voice_fullarts_now"},{"time":0.1666,"name":"View","float":1.4,"string":"shakeGround_Loop"},{"time":0.5333,"name":"Sound2","string":"cri_se_battle_charge_completion"},{"time":0.9,"name":"Sound2","string":"cri_se_battle_charge_completion"},{"time":1.1666,"name":"Sound2","string":"cri_se_battle_charge_completion"},{"time":1.3333,"name":"Sound1","string":"cri_se_battle_arrow_light_effect"},{"time":1.3333,"name":"Sound2","string":"cri_se_battle_charge_completion"},{"time":1.5,"name":"Voice","string":"cri_101_voice_fullarts_rank4"},{"time":1.8333,"name":"Event","string":"setHitEffect(hit04d, 1)"},{"time":1.9,"name":"Event","float":0.15,"string":"kHitStopType_normal"},{"time":1.9333,"name":"Event","string":"setHitBackEnemy(10,10)"},{"time":1.9333,"name":"Sound1","string":"cri_se_battle_skill_elxplosion"},{"time":1.9333,"name":"Sound2","string":"cri_se_battle_036_explosion_element_04"},{"time":1.9666,"name":"Sound1","string":"cri_se_battle_lightning"},{"time":1.9666,"name":"Sound2","string":"setHitSound(se_battle_007_attack_hit_01)"},{"time":2,"name":"Event","float":0.1,"string":"kHitStopType_enemyonly"},{"time":2,"name":"Hit","string":"resetHitList"},{"time":2,"name":"Sound2","string":"setHitSound(se_battle_thunder_small)"},{"time":2,"name":"View","float":1.1,"string":"shakeGround_Loop"},{"time":2.0333,"name":"Hit","string":"resetHitList"},{"time":2.0333,"name":"Sound2","string":"setHitSound(se_battle_007_attack_hit_01)"},{"time":2.0666,"name":"Hit","string":"resetHitList"},{"time":2.0666,"name":"Sound2","string":"setHitSound(se_battle_thunder_small)"},{"time":2.1,"name":"Hit","string":"resetHitList"},{"time":2.1,"name":"Sound2","string":"setHitSound(se_battle_007_attack_hit_01)"},{"time":2.1333,"name":"Hit","string":"resetHitList"},{"time":2.1333,"name":"Sound2","string":"setHitSound(se_battle_thunder_small)"},{"time":2.1666,"name":"Hit","string":"resetHitList"},{"time":2.1666,"name":"Sound2","string":"setHitSound(se_battle_007_attack_hit_01)"},{"time":2.2,"name":"Hit","string":"resetHitList"},{"time":2.2,"name":"Sound2","string":"setHitSound(se_battle_thunder_small)"},{"time":2.2333,"name":"Hit","string":"resetHitList"},{"time":2.2333,"name":"Sound2","string":"setHitSound(se_battle_007_attack_hit_01)"},{"time":2.2666,"name":"Hit","string":"resetHitList"},{"time":2.2666,"name":"Sound2","string":"setHitSound(se_battle_thunder_small)"},{"time":2.3,"name":"Hit","string":"resetHitList"},{"time":2.3,"name":"Sound2","string":"setHitSound(se_battle_007_attack_hit_01)"},{"time":2.3333,"name":"Hit","string":"resetHitList"},{"time":2.3333,"name":"Sound2","string":"setHitSound(se_battle_thunder_small)"},{"time":2.3666,"name":"Hit","string":"resetHitList"},{"time":2.3666,"name":"Sound2","string":"setHitSound(se_battle_007_attack_hit_01)"},{"time":2.4,"name":"Hit","string":"resetHitList"},{"time":2.4,"name":"Sound2","string":"setHitSound(se_battle_thunder_small)"},{"time":2.4333,"name":"Hit","string":"resetHitList"},{"time":2.4333,"name":"Sound2","string":"setHitSound(se_battle_007_attack_hit_01)"},{"time":2.4666,"name":"Hit","string":"resetHitList"},{"time":2.4666,"name":"Sound2","string":"setHitSound(se_battle_thunder_small)"},{"time":2.5,"name":"Hit","string":"resetHitList"},{"time":2.5,"name":"Sound2","string":"setHitSound(se_battle_007_attack_hit_01)"},{"time":2.5333,"name":"Hit","string":"resetHitList"},{"time":2.5333,"name":"Sound2","string":"setHitSound(se_battle_thunder_small)"},{"time":2.5666,"name":"Hit","string":"resetHitList"},{"time":2.5666,"name":"Sound2","string":"setHitSound(se_battle_007_attack_hit_01)"},{"time":2.6,"name":"Hit","string":"resetHitList"},{"time":2.6,"name":"Sound2","string":"setHitSound(se_battle_thunder_small)"},{"time":2.6333,"name":"Hit","string":"resetHitList"},{"time":2.6333,"name":"Sound2","string":"setHitSound(se_battle_007_attack_hit_01)"},{"time":2.6666,"name":"Hit","string":"resetHitList"},{"time":2.6666,"name":"Sound2","string":"setHitSound(se_battle_thunder_small)"},{"time":2.7,"name":"Hit","string":"resetHitList"},{"time":2.7,"name":"Sound2","string":"setHitSound(se_battle_007_attack_hit_01)"},{"time":2.7333,"name":"Hit","string":"resetHitList"},{"time":2.7333,"name":"Sound2","string":"setHitSound(se_battle_thunder_small)"},{"time":2.7666,"name":"Hit","string":"resetHitList"},{"time":2.7666,"name":"Sound2","string":"setHitSound(se_battle_007_attack_hit_01)"},{"time":2.8,"name":"Hit","string":"resetHitList"},{"time":2.8,"name":"Sound2","string":"setHitSound(se_battle_thunder_small)"},{"time":2.8333,"name":"Hit","string":"resetHitList"},{"time":2.8333,"name":"Sound2","string":"setHitSound(se_battle_007_attack_hit_01)"},{"time":2.8666,"name":"Hit","string":"resetHitList"},{"time":2.8666,"name":"Sound2","string":"setHitSound(se_battle_thunder_small)"},{"time":2.9,"name":"Hit","string":"resetHitList"},{"time":2.9,"name":"Sound2","string":"setHitSound(se_battle_007_attack_hit_01)"},{"time":2.9333,"name":"Hit","string":"resetHitList"},{"time":2.9333,"name":"Sound2","string":"setHitSound(se_battle_thunder_small)"},{"time":2.9666,"name":"Event","string":"kImpactType_up"},{"time":2.9666,"name":"Hit","string":"resetHitList"},{"time":2.9666,"name":"Sound2","string":"setHitSound(se_battle_007_attack_hit_01)"},{"time":3,"name":"Event","float":0.25,"string":"kHitStopType_normal"},{"time":3,"name":"Hit","string":"resetHitList"},{"time":3,"name":"Sound2","string":"setHitSound(se_battle_thunder_small)"}]}}}