{"skeleton":{"hash":"RNP8ioiX69op9VFioVx4BbnOJbo","spine":"3.0.12","width":512,"height":512},"bones":[{"name":"root"},{"name":"MAIN","parent":"root","y":70.59}],"slots":[{"name":"MAIN","bone":"MAIN","attachment":"idle_00"},{"name":"sleep_etc","bone":"MAIN"}],"skins":{"default":{"MAIN":{"back_00":{"x":6.26,"y":-4.4,"width":512,"height":512},"back_01":{"x":6.26,"y":-4.4,"width":512,"height":512},"back_02":{"x":6.26,"y":-4.4,"width":512,"height":512},"back_03":{"x":6.26,"y":-4.4,"width":512,"height":512},"front_00":{"x":6.26,"y":-4.4,"width":512,"height":512},"idle_00":{"x":6.26,"y":-4.4,"width":512,"height":512},"idle_01":{"x":6.26,"y":-4.4,"width":512,"height":512},"idle_02":{"x":6.26,"y":-4.4,"width":512,"height":512},"idle_03":{"x":6.26,"y":-4.4,"width":512,"height":512},"idle_04":{"x":6.26,"y":-4.4,"width":512,"height":512},"sleep_00":{"y":-5.27,"width":512,"height":512},"sleep_01":{"y":-5.27,"width":512,"height":512},"sleep_02":{"y":-5.27,"width":512,"height":512},"sleep_03":{"y":-5.27,"width":512,"height":512}},"sleep_etc":{"sleep_etc":{"y":-5.27,"width":512,"height":512}}}},"events":{"event":{},"hit":{}},"animations":{"back":{"slots":{"MAIN":{"attachment":[{"time":0,"name":"back_00"},{"time":0.1,"name":"back_01"},{"time":0.2,"name":"back_02"},{"time":0.3,"name":"back_03"},{"time":0.5,"name":"idle_00"}]}},"bones":{"MAIN":{"translate":[{"time":0,"x":0,"y":0,"curve":[0.113,0.42,0.657,0.9]},{"time":0.5,"x":140,"y":0}]}}},"front":{"slots":{"MAIN":{"attachment":[{"time":0,"name":"front_00"}]}},"bones":{"MAIN":{"translate":[{"time":0,"x":-12.65,"y":-23.9}]}}},"idle":{"slots":{"MAIN":{"attachment":[{"time":0,"name":"idle_00"},{"time":0.2,"name":"idle_01"},{"time":0.4,"name":"idle_02"},{"time":0.6,"name":"idle_03"},{"time":0.8,"name":"idle_04"},{"time":1,"name":"idle_00"}]}}},"sleep":{"slots":{"MAIN":{"attachment":[{"time":0,"name":"sleep_00"},{"time":0.2666,"name":"sleep_01"},{"time":0.5,"name":"sleep_02"},{"time":0.7666,"name":"sleep_03"},{"time":1,"name":"sleep_00"}]},"sleep_etc":{"attachment":[{"time":0,"name":"sleep_etc"}]}}}}}