{"skeleton":{"hash":"5nzOGcdG3YzkjJ5N3n8fvp+ZqEk","spine":"3.0.12","width":0,"height":0},"bones":[{"name":"root"},{"name":"MAIN","parent":"root","y":48.03},{"name":"HITBOX","parent":"MAIN","y":2.65,"scaleX":0.421,"scaleY":0.795},{"name":"EF_wave2_2","parent":"root","x":150,"y":50},{"name":"EF_wave2_1","parent":"root","x":150,"y":50},{"name":"EF_wave1_3","parent":"root"},{"name":"EF_wave1_2","parent":"root"},{"name":"EF_wave1_1","parent":"root"},{"name":"EF_tornado1_2","parent":"root","x":200,"y":50},{"name":"EF_tornado1_1","parent":"root","x":200,"y":50},{"name":"EF_slash2_1","parent":"root","x":300,"y":50},{"name":"EF_slash1_1","parent":"root","x":150,"y":50},{"name":"EF_magic1","parent":"root","x":350},{"name":"EF_magic2","parent":"EF_magic1"},{"name":"EF_ene_aura1_1","parent":"root","x":250,"y":50},{"name":"EF_dust1_2","parent":"root"},{"name":"EF_dust1_1","parent":"root"},{"name":"EF_beam","parent":"root","x":300,"y":50},{"name":"DAMAGEAREA","parent":"root"},{"name":"slashing","parent":"MAIN","scaleX":2,"scaleY":2}],"slots":[{"name":"slashing/attack_01_zan2","bone":"slashing","color":"0064ffff","blend":"additive"},{"name":"EF_wave1_1","bone":"EF_wave1_1","blend":"additive"},{"name":"EF_wave1_2","bone":"EF_wave1_2","blend":"additive"},{"name":"EF_wave1_3","bone":"EF_wave1_3","blend":"additive"},{"name":"EF_magic1","bone":"EF_magic1","blend":"additive"},{"name":"EF_magic2","bone":"EF_magic2","blend":"additive"},{"name":"MAIN","bone":"MAIN","attachment":"idle_00"},{"name":"slashing/attack_01_zan1","bone":"slashing","color":"0064ffff","blend":"additive"},{"name":"EF_ene_aura1_1","bone":"EF_ene_aura1_1","blend":"additive"},{"name":"EF_wave2_1","bone":"EF_wave2_1","blend":"additive"},{"name":"EF_wave2_2","bone":"EF_wave2_2","blend":"additive"},{"name":"EF_beam","bone":"EF_beam","blend":"additive"},{"name":"EF_slash1_1","bone":"EF_slash1_1","blend":"additive"},{"name":"EF_slash2_1","bone":"EF_slash2_1","blend":"additive"},{"name":"EF_tornado1_1","bone":"EF_tornado1_1","blend":"additive"},{"name":"EF_tornado1_2","bone":"EF_tornado1_2","blend":"additive"},{"name":"EF_dust1_1","bone":"EF_dust1_1","blend":"additive"},{"name":"EF_dust1_2","bone":"EF_dust1_2","blend":"additive"},{"name":"DAMAGEAREA","bone":"DAMAGEAREA"},{"name":"HITBOX","bone":"HITBOX","attachment":"HITBOX"}],"skins":{"default":{"DAMAGEAREA":{"DAMAGEAREA":{"type":"boundingbox","vertices":[-63.42272,-64.64441,64.06506,-64.64441,64.06506,62.84335,-63.42272,62.84335]}},"EF_beam":{"EF/ef_beam_main/ef_beam_main_00005":{"y":174.44,"width":160,"height":400},"EF/ef_beam_main/ef_beam_main_00007":{"y":174.44,"width":160,"height":400},"EF/ef_beam_main/ef_beam_main_00009":{"y":174.44,"width":160,"height":400},"EF/ef_beam_main/ef_beam_main_00011":{"y":174.44,"width":160,"height":400},"EF/ef_beam_main/ef_beam_main_00013":{"y":174.44,"width":160,"height":400},"EF/ef_beam_main/ef_beam_main_00015":{"y":174.44,"width":160,"height":400},"EF/ef_beam_main/ef_beam_main_00017":{"y":174.44,"width":160,"height":400},"EF/ef_beam_main/ef_beam_main_00019":{"y":174.44,"width":160,"height":400},"EF/ef_beam_main/ef_beam_main_00021":{"y":174.44,"width":160,"height":400},"EF/ef_beam_main/ef_beam_main_00023":{"y":174.44,"width":160,"height":400}},"EF_dust1_1":{"EF/ef_tuti_main/ef_tuti_main_00002":{"y":4.24,"width":192,"height":115},"EF/ef_tuti_main/ef_tuti_main_00004":{"y":4.24,"width":192,"height":115},"EF/ef_tuti_main/ef_tuti_main_00006":{"y":4.24,"width":192,"height":115},"EF/ef_tuti_main/ef_tuti_main_00009":{"y":4.24,"width":192,"height":115},"EF/ef_tuti_main/ef_tuti_main_00012":{"y":4.24,"width":192,"height":115},"EF/ef_tuti_main/ef_tuti_main_00013":{"y":4.24,"width":192,"height":115},"EF/ef_tuti_main/ef_tuti_main_00016":{"y":4.24,"width":192,"height":115}},"EF_dust1_2":{"EF/ef_tuti_main/ef_tuti_main_00002":{"y":4.24,"width":192,"height":115},"EF/ef_tuti_main/ef_tuti_main_00004":{"y":4.24,"width":192,"height":115},"EF/ef_tuti_main/ef_tuti_main_00006":{"y":4.24,"width":192,"height":115},"EF/ef_tuti_main/ef_tuti_main_00009":{"y":4.24,"width":192,"height":115},"EF/ef_tuti_main/ef_tuti_main_00012":{"y":4.24,"width":192,"height":115},"EF/ef_tuti_main/ef_tuti_main_00013":{"y":4.24,"width":192,"height":115},"EF/ef_tuti_main/ef_tuti_main_00016":{"y":4.24,"width":192,"height":115}},"EF_ene_aura1_1":{"EF/670_S2_ene2/670_S2_ene2_00003":{"y":25.19,"width":250,"height":250},"EF/670_S2_ene2/670_S2_ene2_00004":{"y":25.19,"width":250,"height":250},"EF/670_S2_ene2/670_S2_ene2_00005":{"y":25.19,"width":250,"height":250},"EF/670_S2_ene2/670_S2_ene2_00007":{"y":25.19,"width":250,"height":250},"EF/670_S2_ene2/670_S2_ene2_00008":{"y":25.19,"width":250,"height":250},"EF/670_S2_ene2/670_S2_ene2_00010":{"y":25.19,"width":250,"height":250},"EF/670_S2_ene2/670_S2_ene2_00013":{"y":25.19,"width":250,"height":250},"EF/670_S2_ene2/670_S2_ene2_00014":{"y":25.19,"width":250,"height":250},"EF/670_S2_ene2/670_S2_ene2_00015":{"y":25.19,"width":250,"height":250}},"EF_magic1":{"EF/5100_S2_magic1b":{"type":"mesh","uvs":[1,1,0,1,0,0,1,0],"triangles":[1,2,3,1,3,0],"vertices":[91,-91,-91,-91,-91,91,91,91],"hull":4}},"EF_magic2":{"EF/magic_2water":{"type":"mesh","uvs":[1,1,0,1,0,0,1,0],"triangles":[1,2,3,1,3,0],"vertices":[75,-75,-75,-75,-75,75,75,75],"hull":4}},"EF_slash1_1":{"EF/ef_slash_A_main/ef_slash_A_main_00001":{"width":84,"height":80},"EF/ef_slash_A_main/ef_slash_A_main_00002":{"width":84,"height":80},"EF/ef_slash_A_main/ef_slash_A_main_00003":{"width":84,"height":80},"EF/ef_slash_A_main/ef_slash_A_main_00004":{"width":84,"height":80},"EF/ef_slash_A_main/ef_slash_A_main_00005":{"width":84,"height":80},"EF/ef_slash_A_main/ef_slash_A_main_00006":{"width":84,"height":80},"EF/ef_slash_A_main/ef_slash_A_main_00007":{"width":84,"height":80},"EF/ef_slash_A_main/ef_slash_A_main_00008":{"width":84,"height":80},"EF/ef_slash_A_main/ef_slash_A_main_00009":{"width":84,"height":80},"EF/ef_slash_A_main/ef_slash_A_main_00010":{"width":84,"height":80},"EF/ef_slash_A_main/ef_slash_A_main_00011":{"width":84,"height":80}},"EF_slash2_1":{"EF/ef_slash_B_main/ef_slash_B_main_00001":{"width":160,"height":160},"EF/ef_slash_B_main/ef_slash_B_main_00002":{"width":160,"height":160},"EF/ef_slash_B_main/ef_slash_B_main_00003":{"width":160,"height":160},"EF/ef_slash_B_main/ef_slash_B_main_00004":{"width":160,"height":160},"EF/ef_slash_B_main/ef_slash_B_main_00005":{"width":160,"height":160},"EF/ef_slash_B_main/ef_slash_B_main_00006":{"width":160,"height":160}},"EF_tornado1_1":{"EF/ef_torunedo_main/ef_torunedo_main_00017":{"y":105,"width":240,"height":240},"EF/ef_torunedo_main/ef_torunedo_main_00018":{"y":105,"width":240,"height":240},"EF/ef_torunedo_main/ef_torunedo_main_00019":{"y":105,"width":240,"height":240},"EF/ef_torunedo_main/ef_torunedo_main_00020":{"y":105,"width":240,"height":240},"EF/ef_torunedo_main/ef_torunedo_main_00021":{"y":105,"width":240,"height":240},"EF/ef_torunedo_main/ef_torunedo_main_00022":{"y":105,"width":240,"height":240},"EF/ef_torunedo_main/ef_torunedo_main_00024":{"y":105,"width":240,"height":240},"EF/ef_torunedo_main/ef_torunedo_main_00025":{"y":105,"width":240,"height":240},"EF/ef_torunedo_main/ef_torunedo_main_00027":{"y":105,"width":240,"height":240},"EF/ef_torunedo_main/ef_torunedo_main_00029":{"y":105,"width":240,"height":240},"EF/ef_torunedo_main/ef_torunedo_main_00030":{"y":105,"width":240,"height":240},"EF/ef_torunedo_main/ef_torunedo_main_00032":{"y":105,"width":240,"height":240},"EF/ef_torunedo_main/ef_torunedo_main_00033":{"y":105,"width":240,"height":240},"EF/ef_torunedo_main/ef_torunedo_main_00035":{"y":105,"width":240,"height":240},"EF/ef_torunedo_main/ef_torunedo_main_00036":{"y":105,"width":240,"height":240},"EF/ef_torunedo_main/ef_torunedo_main_00038":{"y":105,"width":240,"height":240},"EF/ef_torunedo_main/ef_torunedo_main_00040":{"y":105,"width":240,"height":240},"EF/ef_torunedo_main/ef_torunedo_main_00041":{"y":105,"width":240,"height":240},"EF/ef_torunedo_main/ef_torunedo_main_00042":{"y":105,"width":240,"height":240},"EF/ef_torunedo_main/ef_torunedo_main_00043":{"y":105,"width":240,"height":240},"EF/ef_torunedo_main/ef_torunedo_main_00044":{"y":105,"width":240,"height":240},"EF/ef_torunedo_main/ef_torunedo_main_00045":{"y":105,"width":240,"height":240}},"EF_tornado1_2":{"EF/ef_torunedo_main/ef_torunedo_main_00017":{"y":105,"width":240,"height":240},"EF/ef_torunedo_main/ef_torunedo_main_00018":{"y":105,"width":240,"height":240},"EF/ef_torunedo_main/ef_torunedo_main_00019":{"y":105,"width":240,"height":240},"EF/ef_torunedo_main/ef_torunedo_main_00020":{"y":105,"width":240,"height":240},"EF/ef_torunedo_main/ef_torunedo_main_00021":{"y":105,"width":240,"height":240},"EF/ef_torunedo_main/ef_torunedo_main_00022":{"y":105,"width":240,"height":240},"EF/ef_torunedo_main/ef_torunedo_main_00024":{"y":105,"width":240,"height":240},"EF/ef_torunedo_main/ef_torunedo_main_00025":{"y":105,"width":240,"height":240},"EF/ef_torunedo_main/ef_torunedo_main_00027":{"y":105,"width":240,"height":240},"EF/ef_torunedo_main/ef_torunedo_main_00029":{"y":105,"width":240,"height":240},"EF/ef_torunedo_main/ef_torunedo_main_00030":{"y":105,"width":240,"height":240},"EF/ef_torunedo_main/ef_torunedo_main_00032":{"y":105,"width":240,"height":240},"EF/ef_torunedo_main/ef_torunedo_main_00033":{"y":105,"width":240,"height":240},"EF/ef_torunedo_main/ef_torunedo_main_00035":{"y":105,"width":240,"height":240},"EF/ef_torunedo_main/ef_torunedo_main_00036":{"y":105,"width":240,"height":240},"EF/ef_torunedo_main/ef_torunedo_main_00038":{"y":105,"width":240,"height":240},"EF/ef_torunedo_main/ef_torunedo_main_00040":{"y":105,"width":240,"height":240},"EF/ef_torunedo_main/ef_torunedo_main_00041":{"y":105,"width":240,"height":240},"EF/ef_torunedo_main/ef_torunedo_main_00042":{"y":105,"width":240,"height":240},"EF/ef_torunedo_main/ef_torunedo_main_00043":{"y":105,"width":240,"height":240},"EF/ef_torunedo_main/ef_torunedo_main_00044":{"y":105,"width":240,"height":240},"EF/ef_torunedo_main/ef_torunedo_main_00045":{"y":105,"width":240,"height":240}},"EF_wave1_1":{"EF/ef_wave_main/ef_wave_main_00002":{"y":9.55,"width":192,"height":115},"EF/ef_wave_main/ef_wave_main_00004":{"y":9.55,"width":192,"height":115},"EF/ef_wave_main/ef_wave_main_00006":{"y":9.55,"width":192,"height":115},"EF/ef_wave_main/ef_wave_main_00008":{"y":9.55,"width":192,"height":115},"EF/ef_wave_main/ef_wave_main_00010":{"y":9.55,"width":192,"height":115},"EF/ef_wave_main/ef_wave_main_00012":{"y":9.55,"width":192,"height":115},"EF/ef_wave_main/ef_wave_main_00014":{"y":9.55,"width":192,"height":115}},"EF_wave1_2":{"EF/ef_wave_main/ef_wave_main_00002":{"y":9.55,"width":192,"height":115},"EF/ef_wave_main/ef_wave_main_00004":{"y":9.55,"width":192,"height":115},"EF/ef_wave_main/ef_wave_main_00006":{"y":9.55,"width":192,"height":115},"EF/ef_wave_main/ef_wave_main_00008":{"y":9.55,"width":192,"height":115},"EF/ef_wave_main/ef_wave_main_00010":{"y":9.55,"width":192,"height":115},"EF/ef_wave_main/ef_wave_main_00012":{"y":9.55,"width":192,"height":115},"EF/ef_wave_main/ef_wave_main_00014":{"y":9.55,"width":192,"height":115}},"EF_wave1_3":{"EF/ef_wave_main/ef_wave_main_00002":{"y":9.55,"width":192,"height":115},"EF/ef_wave_main/ef_wave_main_00004":{"y":9.55,"width":192,"height":115},"EF/ef_wave_main/ef_wave_main_00006":{"y":9.55,"width":192,"height":115},"EF/ef_wave_main/ef_wave_main_00008":{"y":9.55,"width":192,"height":115},"EF/ef_wave_main/ef_wave_main_00010":{"y":9.55,"width":192,"height":115},"EF/ef_wave_main/ef_wave_main_00012":{"y":9.55,"width":192,"height":115},"EF/ef_wave_main/ef_wave_main_00014":{"y":9.55,"width":192,"height":115}},"EF_wave2_1":{"EF/980_S1_power2/980_S1_power2_00003":{"width":250,"height":250},"EF/980_S1_power2/980_S1_power2_00005":{"width":250,"height":250},"EF/980_S1_power2/980_S1_power2_00007":{"width":250,"height":250},"EF/980_S1_power2/980_S1_power2_00009":{"width":250,"height":250}},"EF_wave2_2":{"EF/980_S1_power2/980_S1_power2_00003":{"width":250,"height":250},"EF/980_S1_power2/980_S1_power2_00005":{"width":250,"height":250},"EF/980_S1_power2/980_S1_power2_00007":{"width":250,"height":250},"EF/980_S1_power2/980_S1_power2_00009":{"width":250,"height":250}},"HITBOX":{"HITBOX":{"type":"boundingbox","vertices":[-63.42272,-63.62042,64.06506,-63.62042,64.57707,63.35536,-63.42272,63.35536]}},"MAIN":{"attack_00":{"y":0.51,"scaleX":2,"scaleY":2,"width":256,"height":256},"attack_01":{"x":13.49,"y":2.31,"scaleX":2,"scaleY":2,"width":256,"height":256},"attack_02":{"x":13.49,"y":2.31,"scaleX":2,"scaleY":2,"width":256,"height":256},"attack_03":{"x":9.89,"y":12.51,"scaleX":2,"scaleY":2,"width":256,"height":256},"attack_04":{"x":9.89,"y":12.51,"scaleX":2,"scaleY":2,"width":256,"height":256},"attack_05":{"x":10.79,"y":8.01,"scaleX":2,"scaleY":2,"width":256,"height":256},"attack_06":{"x":10.79,"y":8.01,"scaleX":2,"scaleY":2,"width":256,"height":256},"back_00":{"x":-4.45,"y":21.16,"scaleX":2,"scaleY":2,"width":256,"height":256},"damage_00":{"x":-5.5,"y":19.12,"scaleX":2,"scaleY":2,"width":256,"height":256},"front_00":{"x":-11.84,"y":18.07,"scaleX":2,"scaleY":2,"width":256,"height":256},"idle_00":{"x":-3.8,"y":15.23,"scaleX":2,"scaleY":2,"width":256,"height":256},"idle_01":{"x":-3.8,"y":15.23,"scaleX":2,"scaleY":2,"width":256,"height":256},"idle_02":{"x":-3.8,"y":15.23,"scaleX":2,"scaleY":2,"width":256,"height":256},"idle_03":{"x":-3.8,"y":15.23,"scaleX":2,"scaleY":2,"width":256,"height":256},"skill1_00":{"x":-3,"y":14.69,"scaleX":2,"scaleY":2,"width":256,"height":256},"skill1_01":{"x":-3,"y":14.69,"scaleX":2,"scaleY":2,"width":256,"height":256},"skill1_02":{"x":-3,"y":14.69,"scaleX":2,"scaleY":2,"width":256,"height":256},"skill1_03":{"x":-3,"y":14.69,"scaleX":2,"scaleY":2,"width":256,"height":256},"skill2_00":{"x":-0.42,"y":16.49,"scaleX":2,"scaleY":2,"width":256,"height":256},"skill2_01":{"x":-0.42,"y":16.49,"scaleX":2,"scaleY":2,"width":256,"height":256},"skill2_02":{"x":-0.42,"y":16.49,"scaleX":2,"scaleY":2,"width":256,"height":256},"skill2_03":{"x":-0.42,"y":16.49,"scaleX":2,"scaleY":2,"width":256,"height":256},"skill2_04":{"x":-0.42,"y":16.49,"scaleX":2,"scaleY":2,"width":256,"height":256},"skill2_05":{"x":-6.46,"y":14.18,"scaleX":2,"scaleY":2,"width":256,"height":256},"skill2_06":{"x":-6.46,"y":14.18,"scaleX":2,"scaleY":2,"width":256,"height":256},"skill2_07":{"x":-6.46,"y":14.18,"scaleX":2,"scaleY":2,"width":256,"height":256},"skill2_08":{"x":-6.46,"y":14.18,"scaleX":2,"scaleY":2,"width":256,"height":256},"skill2_09":{"x":-6.46,"y":14.18,"scaleX":2,"scaleY":2,"width":256,"height":256}},"slashing/attack_01_zan1":{"slashing/attack_01_zan1":{"x":6.75,"y":1.16,"width":256,"height":256},"slashing/attack_05_zan1":{"x":5.4,"y":4.01,"width":256,"height":256}},"slashing/attack_01_zan2":{"slashing/attack_01_zan2":{"x":6.75,"y":1.16,"width":256,"height":256},"slashing/attack_05_zan2":{"x":5.4,"y":4.01,"width":256,"height":256}}}},"events":{"Event":{},"Hit":{},"Sound1":{},"Sound2":{},"Sound3":{},"Voice":{}},"animations":{"attack1":{"slots":{"DAMAGEAREA":{"attachment":[{"time":0.5666,"name":"DAMAGEAREA"},{"time":0.6333,"name":null},{"time":1.1,"name":"DAMAGEAREA"},{"time":1.1666,"name":null}]},"MAIN":{"attachment":[{"time":0,"name":"idle_01"},{"time":0.0666,"name":"idle_00"},{"time":0.3333,"name":"attack_00"},{"time":0.5666,"name":"attack_01"},{"time":0.6666,"name":"attack_02"},{"time":0.7333,"name":"attack_03"},{"time":0.9,"name":"attack_04"},{"time":1.0666,"name":"attack_05"},{"time":1.1666,"name":"attack_06"},{"time":1.4,"name":"back_00"},{"time":1.6,"name":"idle_02"},{"time":1.6666,"name":"idle_01"},{"time":1.7333,"name":"idle_00"}]},"slashing/attack_01_zan1":{"attachment":[{"time":0.5666,"name":"slashing/attack_01_zan1"},{"time":0.6666,"name":null},{"time":1.0666,"name":"slashing/attack_05_zan1"}],"color":[{"time":0.5666,"color":"0064ffff","curve":[0.615,0,0.917,1]},{"time":0.6333,"color":"0064ff00","curve":"stepped"},{"time":1.0666,"color":"0064ffff","curve":[0.615,0,0.917,1]},{"time":1.1333,"color":"0064ff00"}]},"slashing/attack_01_zan2":{"attachment":[{"time":0.5666,"name":"slashing/attack_01_zan2"},{"time":0.6333,"name":null},{"time":1.0666,"name":"slashing/attack_05_zan2"},{"time":1.1,"name":null}],"color":[{"time":0.5666,"color":"0064ffff","curve":[0.272,0.48,0.917,1]},{"time":0.6333,"color":"0064ff00","curve":"stepped"},{"time":1.0666,"color":"0064ffff","curve":[0.272,0.48,0.917,1]},{"time":1.1333,"color":"0064ff00"}]}},"bones":{"MAIN":{"translate":[{"time":0,"x":0,"y":0},{"time":0.1,"x":2.28,"y":-1.11,"curve":"stepped"},{"time":0.3333,"x":-17.99,"y":15.22,"curve":[0.25,0,0.75,1]},{"time":0.4,"x":-28.08,"y":30.84,"curve":[0.185,0.23,0.75,1]},{"time":0.5,"x":-38.78,"y":35.86,"curve":[0.858,0,0.95,0.5]},{"time":0.5666,"x":-86.51,"y":18.84,"curve":[0.144,0.24,0.808,1]},{"time":0.7,"x":-96.5,"y":16.9,"curve":"stepped"},{"time":0.7333,"x":-85.79,"y":5.76,"curve":[0.126,0.58,0.75,1]},{"time":0.9,"x":-89.63,"y":5.76,"curve":[1,0,0.75,1]},{"time":1.0666,"x":-91.25,"y":5.76,"curve":[0.089,0.86,0.75,1]},{"time":1.1333,"x":-95,"y":5.76,"curve":"stepped"},{"time":1.4,"x":-70.76,"y":1.66},{"time":1.5,"x":-38.24,"y":18.37},{"time":1.5666,"x":-18.96,"y":4.34,"curve":[0.25,0,0.75,1]},{"time":1.7333,"x":0,"y":0}],"scale":[{"time":0,"x":1,"y":1},{"time":0.1,"x":1,"y":0.982,"curve":"stepped"},{"time":0.3333,"x":1,"y":0.982},{"time":0.4,"x":1,"y":1}]},"slashing":{"translate":[{"time":1.0666,"x":-50.39,"y":-7.98}],"scale":[{"time":0.5666,"x":1.174,"y":1.174}]},"DAMAGEAREA":{"translate":[{"time":0.5666,"x":-126.79,"y":63.39,"curve":"stepped"},{"time":1.1,"x":-181.38,"y":63.39}],"scale":[{"time":0.5666,"x":2.038,"y":1,"curve":"stepped"},{"time":1.1,"x":2.362,"y":1}]}},"events":[{"time":0,"name":"Event","float":0.1,"string":"kHitStopType_normal"},{"time":0.3333,"name":"Sound1","string":"cri_se_battle_jump"},{"time":0.5333,"name":"Sound1","string":"cri_se_battle_sword_swish_heavy"},{"time":0.5333,"name":"Voice","string":"cri_171_voice_attack_random"},{"time":0.5666,"name":"Sound2","string":"setHitSound(se_battle_025_blow_hit)"},{"time":1.0333,"name":"Sound1","string":"cri_se_battle_swish_bare_hands"},{"time":1.0333,"name":"Sound2","string":"setHitSound(se_battle_019_sword_hit_03)"},{"time":1.0333,"name":"Voice","string":"cri_171_voice_attack_c"},{"time":1.1,"name":"Hit","string":"resetHitList"},{"time":1.6,"name":"Event","string":"runScript-addSP"}]},"attack2":{"slots":{"DAMAGEAREA":{"attachment":[{"time":0.7666,"name":"DAMAGEAREA"},{"time":1.6,"name":null}]},"MAIN":{"attachment":[{"time":0,"name":"skill2_06"},{"time":0.5,"name":"skill2_07"},{"time":0.5666,"name":"skill2_08"},{"time":0.8,"name":"skill2_09"},{"time":0.8666,"name":"skill2_08"},{"time":0.9333,"name":"skill2_09"},{"time":1,"name":"skill2_08"},{"time":1.0666,"name":"skill2_09"},{"time":1.1333,"name":"skill2_08"},{"time":1.2,"name":"skill2_09"},{"time":1.2666,"name":"skill2_08"},{"time":1.3333,"name":"skill2_09"},{"time":1.4,"name":"skill2_08"},{"time":1.4666,"name":"skill2_09"},{"time":1.5333,"name":"skill2_08"},{"time":1.6,"name":"skill2_09"},{"time":1.6666,"name":"skill2_08"},{"time":2,"name":"idle_00"}]}},"bones":{"DAMAGEAREA":{"translate":[{"time":0.7666,"x":-12.52,"y":90.25}],"scale":[{"time":0.7666,"x":14.727,"y":4.167}]}},"events":[{"time":0,"name":"Event","float":0.1,"string":"kHitStopType_enemyonly"},{"time":0.5,"name":"Voice","string":"cri_171_voice_attack_random"},{"time":0.6333,"name":"Sound1","string":"cri_se_battle_laser_warter"},{"time":0.6333,"name":"Sound2","string":"setHitSound(se_battle_explosion_water_02)"},{"time":0.7333,"name":"Event","string":"shakeGround"},{"time":0.7666,"name":"Event","string":"runScript-summon"},{"time":0.8333,"name":"Hit","string":"resetHitList"},{"time":0.9,"name":"Event","string":"shakeGround"},{"time":0.9,"name":"Hit","string":"resetHitList"},{"time":0.9,"name":"Sound2","string":"setHitSound(empty)"},{"time":0.9666,"name":"Hit","string":"resetHitList"},{"time":0.9666,"name":"Sound2","string":"setHitSound(se_battle_explosion_water_02)"},{"time":1.0333,"name":"Hit","string":"resetHitList"},{"time":1.0333,"name":"Sound2","string":"setHitSound(empty)"},{"time":1.1,"name":"Event","string":"shakeGround"},{"time":1.1,"name":"Hit","string":"resetHitList"},{"time":1.1,"name":"Sound2","string":"setHitSound(se_battle_explosion_water_02)"},{"time":1.1666,"name":"Hit","string":"resetHitList"},{"time":1.1666,"name":"Sound2","string":"setHitSound(empty)"},{"time":1.2333,"name":"Hit","string":"resetHitList"},{"time":1.2333,"name":"Sound2","string":"setHitSound(se_battle_explosion_water_02)"},{"time":1.3,"name":"Event","string":"shakeGround"},{"time":1.3,"name":"Hit","string":"resetHitList"},{"time":1.3,"name":"Sound2","string":"setHitSound(empty)"},{"time":1.3666,"name":"Hit","string":"resetHitList"},{"time":1.3666,"name":"Sound2","string":"setHitSound(se_battle_explosion_water_02)"},{"time":1.4333,"name":"Hit","string":"resetHitList"},{"time":1.4333,"name":"Sound2","string":"setHitSound(empty)"},{"time":1.5,"name":"Event","string":"runScript-addBarrier"},{"time":1.5,"name":"Hit","string":"resetHitList"},{"time":1.5,"name":"Sound2","string":"setHitSound(se_battle_explosion_water_02)"},{"time":1.5666,"name":"Hit","string":"resetHitList"},{"time":1.5666,"name":"Sound2","string":"setHitSound(empty)"},{"time":2,"name":"Event","string":"runScript-addSP"}]},"attack3":{"slots":{"DAMAGEAREA":{"attachment":[{"time":0.6333,"name":"DAMAGEAREA"},{"time":0.8,"name":null}]},"EF_dust1_1":{"attachment":[{"time":0.0333,"name":"EF/ef_tuti_main/ef_tuti_main_00016"},{"time":0.0666,"name":"EF/ef_tuti_main/ef_tuti_main_00013"},{"time":0.1,"name":"EF/ef_tuti_main/ef_tuti_main_00012"},{"time":0.1666,"name":"EF/ef_tuti_main/ef_tuti_main_00009"},{"time":0.2,"name":"EF/ef_tuti_main/ef_tuti_main_00006"},{"time":0.2666,"name":"EF/ef_tuti_main/ef_tuti_main_00004"},{"time":0.3,"name":"EF/ef_tuti_main/ef_tuti_main_00002"},{"time":0.3666,"name":null}],"color":[{"time":0.2,"color":"ffffffff"},{"time":0.3666,"color":"ffffff00"}]},"EF_ene_aura1_1":{"attachment":[{"time":0.0333,"name":"EF/670_S2_ene2/670_S2_ene2_00003"},{"time":0.1,"name":"EF/670_S2_ene2/670_S2_ene2_00004"},{"time":0.1333,"name":"EF/670_S2_ene2/670_S2_ene2_00005"},{"time":0.1666,"name":"EF/670_S2_ene2/670_S2_ene2_00007"},{"time":0.2,"name":"EF/670_S2_ene2/670_S2_ene2_00008"},{"time":0.2333,"name":"EF/670_S2_ene2/670_S2_ene2_00010"},{"time":0.2666,"name":"EF/670_S2_ene2/670_S2_ene2_00013"},{"time":0.3,"name":"EF/670_S2_ene2/670_S2_ene2_00014"},{"time":0.3333,"name":"EF/670_S2_ene2/670_S2_ene2_00015"},{"time":0.3666,"name":"EF/670_S2_ene2/670_S2_ene2_00003"},{"time":0.4,"name":"EF/670_S2_ene2/670_S2_ene2_00004"},{"time":0.4333,"name":"EF/670_S2_ene2/670_S2_ene2_00005"},{"time":0.4666,"name":"EF/670_S2_ene2/670_S2_ene2_00007"},{"time":0.5666,"name":null}],"color":[{"time":0,"color":"ffffff00"},{"time":0.1,"color":"ffffffff","curve":"stepped"},{"time":0.5,"color":"ffffffff"},{"time":0.5666,"color":"ffffff00"}]},"EF_slash1_1":{"color":[{"time":0.5666,"color":"ffffffff"}]},"EF_slash2_1":{"attachment":[{"time":0.5666,"name":"EF/ef_slash_B_main/ef_slash_B_main_00001"},{"time":0.6,"name":"EF/ef_slash_B_main/ef_slash_B_main_00002"},{"time":0.6333,"name":"EF/ef_slash_B_main/ef_slash_B_main_00003"},{"time":0.6666,"name":"EF/ef_slash_B_main/ef_slash_B_main_00004"},{"time":0.7,"name":"EF/ef_slash_B_main/ef_slash_B_main_00005"},{"time":0.7333,"name":"EF/ef_slash_B_main/ef_slash_B_main_00006"},{"time":0.7666,"name":null}],"color":[{"time":0.5666,"color":"ffffffff","curve":"stepped"},{"time":0.7,"color":"ffffffff"},{"time":0.7666,"color":"ffffff00"}]},"EF_wave1_1":{"attachment":[{"time":0.0333,"name":"EF/ef_wave_main/ef_wave_main_00014"},{"time":0.1,"name":"EF/ef_wave_main/ef_wave_main_00012"},{"time":0.1333,"name":"EF/ef_wave_main/ef_wave_main_00010"},{"time":0.1666,"name":"EF/ef_wave_main/ef_wave_main_00008"},{"time":0.2333,"name":"EF/ef_wave_main/ef_wave_main_00006"},{"time":0.2666,"name":"EF/ef_wave_main/ef_wave_main_00004"},{"time":0.3,"name":"EF/ef_wave_main/ef_wave_main_00002"},{"time":0.3666,"name":null},{"time":0.6,"name":"EF/ef_wave_main/ef_wave_main_00002"},{"time":0.6333,"name":"EF/ef_wave_main/ef_wave_main_00004"},{"time":0.6666,"name":"EF/ef_wave_main/ef_wave_main_00006"},{"time":0.7,"name":"EF/ef_wave_main/ef_wave_main_00008"},{"time":0.7333,"name":"EF/ef_wave_main/ef_wave_main_00010"},{"time":0.7666,"name":"EF/ef_wave_main/ef_wave_main_00012"},{"time":0.8,"name":"EF/ef_wave_main/ef_wave_main_00014"},{"time":0.8333,"name":null}],"color":[{"time":0.2333,"color":"ffffffff"},{"time":0.3666,"color":"ffffff00","curve":"stepped"},{"time":0.6,"color":"ffffffff"}]},"EF_wave1_2":{"attachment":[{"time":0.0666,"name":"EF/ef_wave_main/ef_wave_main_00014"},{"time":0.1333,"name":"EF/ef_wave_main/ef_wave_main_00012"},{"time":0.1666,"name":"EF/ef_wave_main/ef_wave_main_00010"},{"time":0.2,"name":"EF/ef_wave_main/ef_wave_main_00008"},{"time":0.2666,"name":"EF/ef_wave_main/ef_wave_main_00006"},{"time":0.3,"name":"EF/ef_wave_main/ef_wave_main_00004"},{"time":0.3333,"name":"EF/ef_wave_main/ef_wave_main_00002"},{"time":0.4,"name":null},{"time":0.6666,"name":"EF/ef_wave_main/ef_wave_main_00002"},{"time":0.7,"name":"EF/ef_wave_main/ef_wave_main_00004"},{"time":0.7333,"name":"EF/ef_wave_main/ef_wave_main_00006"},{"time":0.7666,"name":"EF/ef_wave_main/ef_wave_main_00008"},{"time":0.8,"name":"EF/ef_wave_main/ef_wave_main_00010"},{"time":0.8333,"name":"EF/ef_wave_main/ef_wave_main_00012"},{"time":0.8666,"name":"EF/ef_wave_main/ef_wave_main_00014"},{"time":0.9,"name":null}],"color":[{"time":0.2666,"color":"ffffffff"},{"time":0.4,"color":"ffffff00","curve":"stepped"},{"time":0.6666,"color":"ffffffff"}]},"EF_wave1_3":{"attachment":[{"time":0.1,"name":"EF/ef_wave_main/ef_wave_main_00014"},{"time":0.1666,"name":"EF/ef_wave_main/ef_wave_main_00012"},{"time":0.2,"name":"EF/ef_wave_main/ef_wave_main_00010"},{"time":0.2666,"name":"EF/ef_wave_main/ef_wave_main_00008"},{"time":0.3,"name":"EF/ef_wave_main/ef_wave_main_00006"},{"time":0.3666,"name":"EF/ef_wave_main/ef_wave_main_00004"},{"time":0.4,"name":"EF/ef_wave_main/ef_wave_main_00002"},{"time":0.4666,"name":null},{"time":0.7333,"name":"EF/ef_wave_main/ef_wave_main_00002"},{"time":0.7666,"name":"EF/ef_wave_main/ef_wave_main_00004"},{"time":0.8,"name":"EF/ef_wave_main/ef_wave_main_00006"},{"time":0.8333,"name":"EF/ef_wave_main/ef_wave_main_00008"},{"time":0.8666,"name":"EF/ef_wave_main/ef_wave_main_00010"},{"time":0.9,"name":"EF/ef_wave_main/ef_wave_main_00012"},{"time":0.9333,"name":"EF/ef_wave_main/ef_wave_main_00014"},{"time":0.9666,"name":null}],"color":[{"time":0.3333,"color":"ffffffff"},{"time":0.4666,"color":"ffffff00","curve":"stepped"},{"time":0.7333,"color":"ffffffff"}]},"MAIN":{"attachment":[{"time":0,"name":"skill1_00"},{"time":0.5,"name":"skill1_01"},{"time":0.6,"name":"skill1_02"},{"time":0.6666,"name":"skill1_03"},{"time":0.7333,"name":"skill1_02"},{"time":0.8,"name":"skill1_03"},{"time":0.8666,"name":"skill1_02"},{"time":0.9333,"name":"skill1_03"},{"time":1,"name":"skill1_02"},{"time":1.0666,"name":"skill1_03"},{"time":1.1333,"name":"skill1_02"},{"time":1.2,"name":"skill1_03"},{"time":1.5,"name":"attack_03"}]}},"bones":{"MAIN":{"translate":[{"time":0,"x":0,"y":0,"curve":"stepped"},{"time":0.5,"x":-18.61,"y":2.88,"curve":[0.146,0.38,0.75,1]},{"time":0.5666,"x":-19.73,"y":2.88,"curve":"stepped"},{"time":0.6,"x":-14.03,"y":2.88,"curve":[0.034,0.74,0.59,1]},{"time":0.8666,"x":-12,"y":2.88,"curve":"stepped"},{"time":1.5,"x":-12.64,"y":2.88}]},"EF_wave1_1":{"translate":[{"time":0,"x":0,"y":-4.42}],"scale":[{"time":0,"x":3.326,"y":3.326,"curve":[0.275,0.07,0.816,0.53]},{"time":0.3666,"x":2,"y":2,"curve":"stepped"},{"time":0.6,"x":2.5,"y":2.5}]},"EF_wave1_2":{"translate":[{"time":0.0333,"x":0,"y":-4.42}],"scale":[{"time":0.0333,"x":3.326,"y":3.326,"curve":[0.275,0.07,0.816,0.53]},{"time":0.4,"x":2,"y":2,"curve":"stepped"},{"time":0.6666,"x":2.5,"y":2.5}]},"EF_wave1_3":{"translate":[{"time":0.0666,"x":0,"y":-4.42}],"scale":[{"time":0.0666,"x":3.326,"y":3.326,"curve":[0.275,0.07,0.816,0.53]},{"time":0.4666,"x":2,"y":2,"curve":"stepped"},{"time":0.7333,"x":2.5,"y":2.5}]},"EF_dust1_1":{"translate":[{"time":0,"x":0,"y":-2.87}],"scale":[{"time":0,"x":3.3,"y":3.3,"curve":[0.275,0.07,0.816,0.53]},{"time":0.3666,"x":2.5,"y":2.5}]},"EF_ene_aura1_1":{"rotate":[{"time":0,"angle":-49.69,"curve":"stepped"},{"time":0.5,"angle":270}],"translate":[{"time":0,"x":-199.69,"y":-14.43,"curve":"stepped"},{"time":0.5,"x":-251.03,"y":-6.15}],"scale":[{"time":0,"x":1.135,"y":1.122,"curve":[0.25,0,0.75,1]},{"time":0.2333,"x":2.38,"y":2.975}]},"EF_slash2_1":{"translate":[{"time":0.5666,"x":-350,"y":60}],"scale":[{"time":0.5666,"x":3.5,"y":3.5},{"time":0.6333,"x":3.8,"y":3.8}]},"DAMAGEAREA":{"translate":[{"time":0.6333,"x":-171.53,"y":89.98}],"scale":[{"time":0.6333,"x":3.811,"y":1.562}]}},"events":[{"time":0,"name":"Event","float":0.25,"string":"kHitStopType_normal"},{"time":0.0333,"name":"Sound1","string":"cri_se_battle_darkness_explosion"},{"time":0.5333,"name":"Sound1","string":"cri_se_battle_skill_shot"},{"time":0.5333,"name":"Voice","string":"cri_171_voice_attack_random"},{"time":0.6,"name":"Event","string":"shakeGround"},{"time":0.6,"name":"Sound1","string":"cri_se_battle_033_explosion_element_01"},{"time":0.6,"name":"Sound2","string":"setHitSound(se_battle_explosion_water_02)"},{"time":0.7,"name":"Event","float":0.1,"string":"kHitStopType_enemyonly"},{"time":0.7,"name":"Hit","string":"resetHitList"},{"time":0.7666,"name":"Hit","string":"resetHitList"},{"time":1.4666,"name":"Event","string":"runScript-addSP"}]},"attack4":{"slots":{"DAMAGEAREA":{"attachment":[{"time":0.4666,"name":"DAMAGEAREA"},{"time":0.7333,"name":null}]},"EF_dust1_1":{"attachment":[{"time":0.5666,"name":"EF/ef_tuti_main/ef_tuti_main_00002"},{"time":0.6333,"name":"EF/ef_tuti_main/ef_tuti_main_00004"},{"time":0.6666,"name":"EF/ef_tuti_main/ef_tuti_main_00006"},{"time":0.7,"name":"EF/ef_tuti_main/ef_tuti_main_00009"},{"time":0.7333,"name":"EF/ef_tuti_main/ef_tuti_main_00012"},{"time":0.7666,"name":"EF/ef_tuti_main/ef_tuti_main_00013"},{"time":0.8,"name":"EF/ef_tuti_main/ef_tuti_main_00016"},{"time":0.8333,"name":null}]},"EF_tornado1_1":{"attachment":[{"time":0.4666,"name":"EF/ef_torunedo_main/ef_torunedo_main_00017"},{"time":0.5,"name":"EF/ef_torunedo_main/ef_torunedo_main_00019"},{"time":0.5333,"name":"EF/ef_torunedo_main/ef_torunedo_main_00021"},{"time":0.5666,"name":"EF/ef_torunedo_main/ef_torunedo_main_00024"},{"time":0.6,"name":"EF/ef_torunedo_main/ef_torunedo_main_00027"},{"time":0.6333,"name":"EF/ef_torunedo_main/ef_torunedo_main_00030"},{"time":0.6666,"name":"EF/ef_torunedo_main/ef_torunedo_main_00033"},{"time":0.7,"name":"EF/ef_torunedo_main/ef_torunedo_main_00036"},{"time":0.7333,"name":"EF/ef_torunedo_main/ef_torunedo_main_00040"},{"time":0.7666,"name":"EF/ef_torunedo_main/ef_torunedo_main_00042"},{"time":0.8,"name":"EF/ef_torunedo_main/ef_torunedo_main_00043"},{"time":0.8333,"name":"EF/ef_torunedo_main/ef_torunedo_main_00045"},{"time":0.8666,"name":null}],"color":[{"time":0.4666,"color":"ffffffc4","curve":"stepped"},{"time":0.7,"color":"ffffffc4"},{"time":0.8333,"color":"ffffff00"}]},"EF_wave1_1":{"attachment":[{"time":0.4666,"name":"EF/ef_wave_main/ef_wave_main_00002"},{"time":0.5,"name":"EF/ef_wave_main/ef_wave_main_00004"},{"time":0.5333,"name":"EF/ef_wave_main/ef_wave_main_00006"},{"time":0.5666,"name":"EF/ef_wave_main/ef_wave_main_00008"},{"time":0.6,"name":"EF/ef_wave_main/ef_wave_main_00010"},{"time":0.6333,"name":"EF/ef_wave_main/ef_wave_main_00012"},{"time":0.6666,"name":"EF/ef_wave_main/ef_wave_main_00014"},{"time":0.7,"name":null}]},"EF_wave1_2":{"attachment":[{"time":0.4666,"name":"EF/ef_wave_main/ef_wave_main_00002"},{"time":0.5,"name":"EF/ef_wave_main/ef_wave_main_00004"},{"time":0.5333,"name":"EF/ef_wave_main/ef_wave_main_00006"},{"time":0.5666,"name":"EF/ef_wave_main/ef_wave_main_00008"},{"time":0.6,"name":"EF/ef_wave_main/ef_wave_main_00010"},{"time":0.6333,"name":"EF/ef_wave_main/ef_wave_main_00012"},{"time":0.6666,"name":"EF/ef_wave_main/ef_wave_main_00014"},{"time":0.7,"name":null}]},"EF_wave1_3":{"attachment":[{"time":0.5,"name":"EF/ef_wave_main/ef_wave_main_00002"},{"time":0.5333,"name":"EF/ef_wave_main/ef_wave_main_00004"},{"time":0.5666,"name":"EF/ef_wave_main/ef_wave_main_00006"},{"time":0.6,"name":"EF/ef_wave_main/ef_wave_main_00008"},{"time":0.6333,"name":"EF/ef_wave_main/ef_wave_main_00010"},{"time":0.6666,"name":"EF/ef_wave_main/ef_wave_main_00012"},{"time":0.7,"name":"EF/ef_wave_main/ef_wave_main_00014"},{"time":0.7333,"name":null}],"color":[{"time":0.5,"color":"ffffff00"},{"time":0.5666,"color":"ffffffff"}]},"MAIN":{"attachment":[{"time":0,"name":"idle_03"},{"time":0.0333,"name":"idle_00"},{"time":0.0666,"name":"skill1_00"},{"time":0.4333,"name":"skill2_05"},{"time":0.4666,"name":"front_00"},{"time":0.7,"name":"idle_03"},{"time":0.7666,"name":"idle_00"},{"time":1,"name":"idle_00"}]}},"bones":{"MAIN":{"translate":[{"time":0,"x":0,"y":0},{"time":0.0666,"x":3.16,"y":0,"curve":[0.136,0.46,0.75,1]},{"time":0.2,"x":6,"y":0,"curve":"stepped"},{"time":0.4,"x":6,"y":0},{"time":0.4666,"x":1.43,"y":0,"curve":[0.25,0,0.75,1]},{"time":0.6666,"x":-329.81,"y":0,"curve":[0.079,0.7,0.682,1]},{"time":0.8666,"x":-356.06,"y":0}]},"EF_wave1_1":{"rotate":[{"time":0.4666,"angle":90}],"translate":[{"time":0.4666,"x":-62.34,"y":59.39}],"scale":[{"time":0.4666,"x":3,"y":3}]},"EF_wave1_2":{"rotate":[{"time":0.4666,"angle":90}],"translate":[{"time":0.4666,"x":-62.34,"y":59.39},{"time":0.6666,"x":-55.15,"y":59.39}],"scale":[{"time":0.4666,"x":3,"y":-3}]},"EF_wave1_3":{"rotate":[{"time":0.5,"angle":90}],"translate":[{"time":0.5,"x":-187.46,"y":59.39}],"scale":[{"time":0.5,"x":2.8,"y":2.8}]},"EF_tornado1_1":{"rotate":[{"time":0.4666,"angle":90}],"translate":[{"time":0.4666,"x":-80.92,"y":12.49},{"time":0.6666,"x":-88.09,"y":26.77},{"time":0.8333,"x":-87.43,"y":26.77}],"scale":[{"time":0.4666,"x":1.7,"y":1.7},{"time":0.6666,"x":2.3,"y":2.7},{"time":0.8333,"x":2,"y":2.7}]},"EF_dust1_1":{"translate":[{"time":0.5666,"x":-186.4,"y":5.84}],"scale":[{"time":0.5666,"x":1,"y":1},{"time":0.6666,"x":2.639,"y":2.639}]},"DAMAGEAREA":{"translate":[{"time":0.4666,"x":0,"y":56.03},{"time":0.6333,"x":-149.42,"y":69.22}],"scale":[{"time":0.4666,"x":2.435,"y":1},{"time":0.6333,"x":4.424,"y":1.942}]}},"events":[{"time":0,"name":"Event","float":0.1,"string":"kHitStopType_normal"},{"time":0.4333,"name":"Sound1","string":"cri_se_battle_016_boss_ko"},{"time":0.4333,"name":"Sound2","string":"cri_se_battle_arrow_light_effect"},{"time":0.4333,"name":"Sound3","string":"setHitSound(se_battle_007_attack_hit_01)"},{"time":0.4333,"name":"Voice","string":"cri_171_voice_attack_c"},{"time":0.5333,"name":"Hit","string":"resetHitList"},{"time":0.6,"name":"Hit","string":"resetHitList"},{"time":0.6333,"name":"Event","string":"shakeGround"},{"time":0.6666,"name":"Event","float":0.2,"string":"kHitStopType_normal"},{"time":0.6666,"name":"Hit","string":"resetHitList"},{"time":0.9666,"name":"Event","string":"runScript-addSP"}]},"attack5":{"slots":{"DAMAGEAREA":{"attachment":[{"time":0.5666,"name":"DAMAGEAREA"},{"time":0.6333,"name":null},{"time":1.1,"name":"DAMAGEAREA"},{"time":1.1666,"name":null}]},"EF_slash1_1":{"attachment":[{"time":1.0333,"name":"EF/ef_slash_A_main/ef_slash_A_main_00001"},{"time":1.0666,"name":"EF/ef_slash_A_main/ef_slash_A_main_00002"},{"time":1.1,"name":"EF/ef_slash_A_main/ef_slash_A_main_00003"},{"time":1.1333,"name":"EF/ef_slash_A_main/ef_slash_A_main_00006"},{"time":1.1666,"name":null}],"color":[{"time":1.1,"color":"ffffffff"},{"time":1.1666,"color":"ffffff00"}]},"MAIN":{"attachment":[{"time":0,"name":"idle_01"},{"time":0.0666,"name":"idle_00"},{"time":0.3333,"name":"attack_00"},{"time":0.5666,"name":"attack_01"},{"time":0.6666,"name":"attack_02"},{"time":0.7333,"name":"attack_03"},{"time":0.9,"name":"attack_04"},{"time":1.0666,"name":"attack_05"},{"time":1.1666,"name":"attack_06"},{"time":1.4,"name":"back_00"},{"time":1.6,"name":"idle_02"},{"time":1.6666,"name":"idle_01"},{"time":1.7333,"name":"idle_00"}]},"slashing/attack_01_zan1":{"attachment":[{"time":0.5666,"name":"slashing/attack_01_zan1"},{"time":0.6666,"name":null},{"time":1.0666,"name":"slashing/attack_05_zan1"}],"color":[{"time":0.5666,"color":"0064ffff","curve":[0.615,0,0.917,1]},{"time":0.6333,"color":"0064ff00","curve":"stepped"},{"time":1.0666,"color":"0064ffff","curve":[0.615,0,0.917,1]},{"time":1.1333,"color":"0064ff00"}]},"slashing/attack_01_zan2":{"attachment":[{"time":0.5666,"name":"slashing/attack_01_zan2"},{"time":0.6333,"name":null},{"time":1.0666,"name":"slashing/attack_05_zan2"},{"time":1.1,"name":null}],"color":[{"time":0.5666,"color":"0064ffff","curve":[0.272,0.48,0.917,1]},{"time":0.6333,"color":"0064ff00","curve":"stepped"},{"time":1.0666,"color":"0064ffff","curve":[0.272,0.48,0.917,1]},{"time":1.1333,"color":"0064ff00"}]}},"bones":{"MAIN":{"translate":[{"time":0,"x":0,"y":0},{"time":0.1,"x":2.28,"y":-1.11,"curve":"stepped"},{"time":0.3333,"x":-17.99,"y":15.22,"curve":[0.25,0,0.75,1]},{"time":0.4,"x":-28.08,"y":30.84,"curve":[0.185,0.23,0.75,1]},{"time":0.5,"x":-38.78,"y":35.86,"curve":[0.858,0,0.95,0.5]},{"time":0.5666,"x":-86.51,"y":18.84,"curve":[0.144,0.24,0.808,1]},{"time":0.7,"x":-96.5,"y":16.9,"curve":"stepped"},{"time":0.7333,"x":-85.79,"y":5.76,"curve":[0.126,0.58,0.75,1]},{"time":0.9,"x":-89.63,"y":5.76,"curve":[1,0,0.75,1]},{"time":1.1,"x":-91.25,"y":5.76,"curve":"stepped"},{"time":1.4,"x":-67.16,"y":6.8},{"time":1.5,"x":-38.24,"y":18.37},{"time":1.5666,"x":-18.96,"y":4.34,"curve":[0.25,0,0.75,1]},{"time":1.7333,"x":0,"y":0}],"scale":[{"time":0,"x":1,"y":1},{"time":0.1,"x":1,"y":0.982,"curve":"stepped"},{"time":0.3333,"x":1,"y":0.982},{"time":0.4,"x":1,"y":1}]},"slashing":{"translate":[{"time":1.0666,"x":-50.39,"y":-7.98}],"scale":[{"time":0.5666,"x":1.174,"y":1.174}]},"EF_slash1_1":{"rotate":[{"time":1.0333,"angle":161.33}],"translate":[{"time":1.0333,"x":-238.42,"y":17.1},{"time":1.0666,"x":-328.68,"y":-4.69},{"time":1.1,"x":-309.25,"y":-7.39}],"scale":[{"time":1.0333,"x":3.5,"y":-3.5},{"time":1.1,"x":5,"y":-5}]},"DAMAGEAREA":{"translate":[{"time":0.5666,"x":-126.79,"y":63.39,"curve":"stepped"},{"time":1.1,"x":-181.38,"y":63.39}],"scale":[{"time":0.5666,"x":2.038,"y":1,"curve":"stepped"},{"time":1.1,"x":2.362,"y":1}]}},"events":[{"time":0,"name":"Event","float":0.1,"string":"kHitStopType_normal"},{"time":0.3333,"name":"Sound1","string":"cri_se_battle_jump"},{"time":0.5333,"name":"Sound1","string":"cri_se_battle_sword_swish_heavy"},{"time":0.5333,"name":"Sound2","string":"setHitSound(se_battle_019_sword_hit_03)"},{"time":0.5333,"name":"Voice","string":"cri_171_voice_attack_c"},{"time":1,"name":"Sound1","string":"cri_se_battle_sword_swish_heavy"},{"time":1.1,"name":"Hit","string":"resetHitList"},{"time":1.7,"name":"Event","string":"runScript-addSP"}]},"back":{"slots":{"MAIN":{"attachment":[{"time":0,"name":"back_00"},{"time":0.3666,"name":"idle_02"},{"time":0.4333,"name":"idle_01"},{"time":0.5,"name":"idle_00"}]}},"bones":{"MAIN":{"translate":[{"time":0,"x":0,"y":0},{"time":0.1666,"x":67.44,"y":14.46},{"time":0.3,"x":122,"y":0,"curve":[0.25,0,0.75,1]},{"time":0.5,"x":140,"y":0}]}},"events":[{"time":0,"name":"Sound1","string":"cri_se_battle_jump"},{"time":0.3666,"name":"Sound1","string":"cri_se_battle_landing"}]},"cast":{"slots":{"MAIN":{"attachment":[{"time":0,"name":"skill2_05"},{"time":0.0666,"name":"skill2_06"},{"time":0.3333,"name":"skill2_07"},{"time":0.4,"name":"skill2_08"},{"time":0.4666,"name":"skill2_09"},{"time":0.5333,"name":"skill2_08"},{"time":0.6,"name":"skill2_09"},{"time":0.6666,"name":"skill2_08"},{"time":0.7333,"name":"skill2_09"},{"time":0.8,"name":"skill2_08"},{"time":0.8666,"name":"skill2_09"},{"time":1,"name":"idle_00"}]}},"events":[{"time":0.3333,"name":"Voice","string":"cri_171_voice_item"}]},"damage":{"slots":{"MAIN":{"attachment":[{"time":0,"name":"damage_00"}]}}},"front":{"slots":{"MAIN":{"attachment":[{"time":0,"name":"front_00"}]}}},"idle":{"slots":{"MAIN":{"attachment":[{"time":0,"name":"idle_00"},{"time":0.2333,"name":"idle_01"},{"time":0.4666,"name":"idle_02"},{"time":0.7,"name":"idle_03"},{"time":0.9333,"name":"idle_00"}]}}},"skill1":{"slots":{"DAMAGEAREA":{"attachment":[{"time":0.8666,"name":"DAMAGEAREA"},{"time":1.1333,"name":null}]},"EF_dust1_1":{"attachment":[{"time":0,"name":"EF/ef_tuti_main/ef_tuti_main_00016"},{"time":0.0666,"name":"EF/ef_tuti_main/ef_tuti_main_00013"},{"time":0.1333,"name":"EF/ef_tuti_main/ef_tuti_main_00012"},{"time":0.2,"name":"EF/ef_tuti_main/ef_tuti_main_00009"},{"time":0.2666,"name":"EF/ef_tuti_main/ef_tuti_main_00006"},{"time":0.3333,"name":"EF/ef_tuti_main/ef_tuti_main_00004"},{"time":0.4,"name":"EF/ef_tuti_main/ef_tuti_main_00002"},{"time":0.4666,"name":null}],"color":[{"time":0.3,"color":"ffffffff"},{"time":0.4666,"color":"ffffff00"}]},"EF_dust1_2":{"attachment":[{"time":0.1666,"name":"EF/ef_tuti_main/ef_tuti_main_00016"},{"time":0.2333,"name":"EF/ef_tuti_main/ef_tuti_main_00013"},{"time":0.3,"name":"EF/ef_tuti_main/ef_tuti_main_00012"},{"time":0.3666,"name":"EF/ef_tuti_main/ef_tuti_main_00009"},{"time":0.4333,"name":"EF/ef_tuti_main/ef_tuti_main_00006"},{"time":0.5,"name":"EF/ef_tuti_main/ef_tuti_main_00004"},{"time":0.5666,"name":"EF/ef_tuti_main/ef_tuti_main_00002"},{"time":0.6333,"name":null}],"color":[{"time":0.4666,"color":"ffffffff"},{"time":0.6333,"color":"ffffff00"}]},"EF_ene_aura1_1":{"attachment":[{"time":0,"name":"EF/670_S2_ene2/670_S2_ene2_00003"},{"time":0.0666,"name":"EF/670_S2_ene2/670_S2_ene2_00004"},{"time":0.1333,"name":"EF/670_S2_ene2/670_S2_ene2_00005"},{"time":0.2,"name":"EF/670_S2_ene2/670_S2_ene2_00007"},{"time":0.2666,"name":"EF/670_S2_ene2/670_S2_ene2_00008"},{"time":0.3333,"name":"EF/670_S2_ene2/670_S2_ene2_00010"},{"time":0.4,"name":"EF/670_S2_ene2/670_S2_ene2_00013"},{"time":0.4666,"name":"EF/670_S2_ene2/670_S2_ene2_00014"},{"time":0.5333,"name":"EF/670_S2_ene2/670_S2_ene2_00015"},{"time":0.6,"name":"EF/670_S2_ene2/670_S2_ene2_00003"},{"time":0.6666,"name":"EF/670_S2_ene2/670_S2_ene2_00004"},{"time":0.7333,"name":"EF/670_S2_ene2/670_S2_ene2_00005"},{"time":0.8,"name":"EF/670_S2_ene2/670_S2_ene2_00007"},{"time":0.8666,"name":null}],"color":[{"time":0,"color":"ffffff00"},{"time":0.2,"color":"ffffffff","curve":"stepped"},{"time":0.7,"color":"ffffffff"},{"time":0.8,"color":"ffffff00"}]},"EF_slash1_1":{"color":[{"time":0.7666,"color":"ffffffff"}]},"EF_slash2_1":{"attachment":[{"time":0.7666,"name":"EF/ef_slash_B_main/ef_slash_B_main_00001"},{"time":0.8,"name":"EF/ef_slash_B_main/ef_slash_B_main_00002"},{"time":0.8333,"name":"EF/ef_slash_B_main/ef_slash_B_main_00003"},{"time":0.8666,"name":"EF/ef_slash_B_main/ef_slash_B_main_00004"},{"time":0.9,"name":"EF/ef_slash_B_main/ef_slash_B_main_00005"},{"time":0.9333,"name":"EF/ef_slash_B_main/ef_slash_B_main_00006"},{"time":0.9666,"name":null}],"color":[{"time":0.7666,"color":"ffffffff","curve":"stepped"},{"time":0.9,"color":"ffffffff"},{"time":0.9666,"color":"ffffff00"}]},"EF_wave1_1":{"attachment":[{"time":0,"name":"EF/ef_wave_main/ef_wave_main_00014"},{"time":0.0666,"name":"EF/ef_wave_main/ef_wave_main_00012"},{"time":0.1333,"name":"EF/ef_wave_main/ef_wave_main_00010"},{"time":0.2,"name":"EF/ef_wave_main/ef_wave_main_00008"},{"time":0.2666,"name":"EF/ef_wave_main/ef_wave_main_00006"},{"time":0.3333,"name":"EF/ef_wave_main/ef_wave_main_00004"},{"time":0.4,"name":"EF/ef_wave_main/ef_wave_main_00002"},{"time":0.4666,"name":null},{"time":0.8,"name":"EF/ef_wave_main/ef_wave_main_00002"},{"time":0.8333,"name":"EF/ef_wave_main/ef_wave_main_00004"},{"time":0.8666,"name":"EF/ef_wave_main/ef_wave_main_00006"},{"time":0.9,"name":"EF/ef_wave_main/ef_wave_main_00008"},{"time":0.9333,"name":"EF/ef_wave_main/ef_wave_main_00010"},{"time":0.9666,"name":"EF/ef_wave_main/ef_wave_main_00012"},{"time":1,"name":"EF/ef_wave_main/ef_wave_main_00014"},{"time":1.0333,"name":null}],"color":[{"time":0.3666,"color":"ffffffff"},{"time":0.4666,"color":"ffffff00","curve":"stepped"},{"time":0.8,"color":"ffffffff"}]},"EF_wave1_2":{"attachment":[{"time":0.1,"name":"EF/ef_wave_main/ef_wave_main_00014"},{"time":0.1666,"name":"EF/ef_wave_main/ef_wave_main_00012"},{"time":0.2333,"name":"EF/ef_wave_main/ef_wave_main_00010"},{"time":0.3,"name":"EF/ef_wave_main/ef_wave_main_00008"},{"time":0.3666,"name":"EF/ef_wave_main/ef_wave_main_00006"},{"time":0.4333,"name":"EF/ef_wave_main/ef_wave_main_00004"},{"time":0.5,"name":"EF/ef_wave_main/ef_wave_main_00002"},{"time":0.5666,"name":null},{"time":0.8666,"name":"EF/ef_wave_main/ef_wave_main_00002"},{"time":0.9,"name":"EF/ef_wave_main/ef_wave_main_00004"},{"time":0.9333,"name":"EF/ef_wave_main/ef_wave_main_00006"},{"time":0.9666,"name":"EF/ef_wave_main/ef_wave_main_00008"},{"time":1,"name":"EF/ef_wave_main/ef_wave_main_00010"},{"time":1.0333,"name":"EF/ef_wave_main/ef_wave_main_00012"},{"time":1.0666,"name":"EF/ef_wave_main/ef_wave_main_00014"},{"time":1.1,"name":null}],"color":[{"time":0.4666,"color":"ffffffff"},{"time":0.5666,"color":"ffffff00","curve":"stepped"},{"time":0.8666,"color":"ffffffff"}]},"EF_wave1_3":{"attachment":[{"time":0.2,"name":"EF/ef_wave_main/ef_wave_main_00014"},{"time":0.2666,"name":"EF/ef_wave_main/ef_wave_main_00012"},{"time":0.3333,"name":"EF/ef_wave_main/ef_wave_main_00010"},{"time":0.4,"name":"EF/ef_wave_main/ef_wave_main_00008"},{"time":0.4666,"name":"EF/ef_wave_main/ef_wave_main_00006"},{"time":0.5333,"name":"EF/ef_wave_main/ef_wave_main_00004"},{"time":0.6,"name":"EF/ef_wave_main/ef_wave_main_00002"},{"time":0.6666,"name":null},{"time":0.9333,"name":"EF/ef_wave_main/ef_wave_main_00002"},{"time":0.9666,"name":"EF/ef_wave_main/ef_wave_main_00004"},{"time":1,"name":"EF/ef_wave_main/ef_wave_main_00006"},{"time":1.0333,"name":"EF/ef_wave_main/ef_wave_main_00008"},{"time":1.0666,"name":"EF/ef_wave_main/ef_wave_main_00010"},{"time":1.1,"name":"EF/ef_wave_main/ef_wave_main_00012"},{"time":1.1333,"name":"EF/ef_wave_main/ef_wave_main_00014"},{"time":1.1666,"name":null}],"color":[{"time":0.5666,"color":"ffffffff"},{"time":0.6,"color":"ffffff00","curve":"stepped"},{"time":0.6666,"color":"ffffff00","curve":"stepped"},{"time":0.9333,"color":"ffffffff"}]},"MAIN":{"attachment":[{"time":0,"name":"skill1_00"},{"time":0.5,"name":"skill1_01"},{"time":0.8,"name":"skill1_02"},{"time":0.8666,"name":"skill1_03"},{"time":0.9333,"name":"skill1_02"},{"time":1,"name":"skill1_03"},{"time":1.0666,"name":"skill1_02"},{"time":1.1333,"name":"skill1_03"},{"time":1.2,"name":"skill1_02"},{"time":1.2666,"name":"skill1_03"},{"time":1.3333,"name":"skill1_02"},{"time":1.4,"name":"skill1_03"},{"time":1.4666,"name":"skill1_02"},{"time":1.5333,"name":"skill1_03"},{"time":1.6,"name":"skill1_02"},{"time":1.6666,"name":"skill1_03"},{"time":1.7333,"name":"skill1_02"},{"time":1.8,"name":"skill1_03"},{"time":1.9,"name":"skill1_02"},{"time":1.9666,"name":"skill1_03"},{"time":2.0333,"name":"skill1_02"},{"time":2.1,"name":"skill1_03"},{"time":2.1666,"name":"skill1_02"},{"time":2.2333,"name":"skill1_03"},{"time":2.3,"name":"skill1_02"},{"time":2.3666,"name":"skill1_03"},{"time":2.4333,"name":"skill1_02"},{"time":2.5,"name":"idle_00"}]}},"bones":{"MAIN":{"translate":[{"time":0,"x":0,"y":0,"curve":"stepped"},{"time":0.5,"x":-18.61,"y":2.88,"curve":[0.146,0.38,0.75,1]},{"time":0.7666,"x":-19.73,"y":2.88,"curve":"stepped"},{"time":0.8,"x":-14.03,"y":2.88,"curve":[0.034,0.74,0.59,1]},{"time":1.0666,"x":-12.64,"y":2.88}]},"EF_wave1_1":{"translate":[{"time":0,"x":0,"y":0}],"scale":[{"time":0,"x":2.5,"y":2.5,"curve":[0.275,0.07,0.816,0.53]},{"time":0.4666,"x":2,"y":2}]},"EF_wave1_2":{"translate":[{"time":0.1,"x":0,"y":0}],"scale":[{"time":0.1,"x":2.5,"y":2.5,"curve":[0.275,0.07,0.816,0.53]},{"time":0.5666,"x":2,"y":2}]},"EF_wave1_3":{"translate":[{"time":0.2,"x":0,"y":0}],"scale":[{"time":0.2,"x":2.5,"y":2.5,"curve":[0.275,0.07,0.816,0.53]},{"time":0.6666,"x":2,"y":2}]},"EF_dust1_1":{"translate":[{"time":0,"x":0,"y":1.55}],"scale":[{"time":0,"x":3,"y":3,"curve":[0.275,0.07,0.816,0.53]},{"time":0.4666,"x":2.5,"y":2.5}]},"EF_dust1_2":{"translate":[{"time":0.1666,"x":0,"y":0}],"scale":[{"time":0.1666,"x":3,"y":3,"curve":[0.275,0.07,0.816,0.53]},{"time":0.6333,"x":2.5,"y":2.5}]},"EF_ene_aura1_1":{"rotate":[{"time":0,"angle":-49.69,"curve":"stepped"},{"time":0.5,"angle":270}],"translate":[{"time":0,"x":-199.69,"y":-14.43,"curve":"stepped"},{"time":0.5,"x":-251.03,"y":-6.15}],"scale":[{"time":0,"x":1,"y":1},{"time":0.1,"x":2,"y":2.5}]},"EF_slash2_1":{"translate":[{"time":0.7666,"x":-350,"y":60}],"scale":[{"time":0.7666,"x":3.5,"y":3.5}]},"DAMAGEAREA":{"translate":[{"time":0.8666,"x":-156.67,"y":108.46},{"time":1.1,"x":-713.69,"y":111.12}],"scale":[{"time":0.8666,"x":3.53,"y":1.708},{"time":1.1,"x":11.197,"y":1.708}]},"root":{"rotate":[{"time":0.7333,"angle":0}]}},"events":[{"time":0,"name":"Event","float":0.2,"string":"kHitStopType_normal"},{"time":0,"name":"Sound1","string":"cri_se_battle_charge"},{"time":0.0333,"name":"Event","string":"kImpactType_knock"},{"time":0.0666,"name":"Event","string":"setHitBackEnemy(20,0)"},{"time":0.4333,"name":"Voice","string":"cri_171_voice_skill_all"},{"time":0.7333,"name":"Sound1","string":"cri_se_battle_skill_shot"},{"time":0.7333,"name":"Sound2","string":"setHitSound(se_battle_007_attack_hit_01)"},{"time":0.8,"name":"Event","string":"shakeGround"},{"time":0.8333,"name":"Sound1","string":"cri_se_battle_explosion_water_02"},{"time":0.9333,"name":"Event","float":0.1,"string":"kHitStopType_enemyonly"},{"time":0.9333,"name":"Hit","string":"resetHitList"},{"time":0.9666,"name":"Sound1","string":"cri_sse_battle_explosion_water_01"},{"time":1,"name":"Hit","string":"resetHitList"},{"time":1.0666,"name":"Hit","string":"resetHitList"},{"time":1.1,"name":"Sound1","string":"cri_se_battle_explosion_water_02"}]},"skill2":{"slots":{"DAMAGEAREA":{"attachment":[{"time":0.1,"name":"DAMAGEAREA"},{"time":0.3,"name":null},{"time":2.8,"name":"DAMAGEAREA"},{"time":3.2333,"name":null}]},"EF_beam":{"attachment":[{"time":0,"name":"EF/ef_beam_main/ef_beam_main_00005"},{"time":0.0666,"name":"EF/ef_beam_main/ef_beam_main_00007"},{"time":0.1333,"name":"EF/ef_beam_main/ef_beam_main_00009"},{"time":0.2,"name":"EF/ef_beam_main/ef_beam_main_00011"},{"time":0.2666,"name":"EF/ef_beam_main/ef_beam_main_00013"},{"time":0.3333,"name":"EF/ef_beam_main/ef_beam_main_00015"},{"time":0.4,"name":"EF/ef_beam_main/ef_beam_main_00017"},{"time":0.4666,"name":"EF/ef_beam_main/ef_beam_main_00019"},{"time":0.5333,"name":"EF/ef_beam_main/ef_beam_main_00021"},{"time":0.6,"name":"EF/ef_beam_main/ef_beam_main_00023"},{"time":0.6666,"name":"EF/ef_beam_main/ef_beam_main_00005"},{"time":0.7333,"name":"EF/ef_beam_main/ef_beam_main_00007"},{"time":0.8,"name":"EF/ef_beam_main/ef_beam_main_00009"},{"time":0.8666,"name":"EF/ef_beam_main/ef_beam_main_00011"},{"time":0.9333,"name":"EF/ef_beam_main/ef_beam_main_00013"},{"time":1,"name":"EF/ef_beam_main/ef_beam_main_00015"},{"time":1.0666,"name":"EF/ef_beam_main/ef_beam_main_00017"},{"time":1.1333,"name":"EF/ef_beam_main/ef_beam_main_00019"},{"time":1.2,"name":"EF/ef_beam_main/ef_beam_main_00021"},{"time":1.2666,"name":"EF/ef_beam_main/ef_beam_main_00023"},{"time":1.3666,"name":"EF/ef_beam_main/ef_beam_main_00005"},{"time":1.4333,"name":"EF/ef_beam_main/ef_beam_main_00007"},{"time":1.5,"name":"EF/ef_beam_main/ef_beam_main_00009"},{"time":1.5666,"name":"EF/ef_beam_main/ef_beam_main_00011"},{"time":1.6333,"name":"EF/ef_beam_main/ef_beam_main_00013"},{"time":1.7,"name":"EF/ef_beam_main/ef_beam_main_00015"},{"time":1.7666,"name":"EF/ef_beam_main/ef_beam_main_00017"},{"time":1.8333,"name":"EF/ef_beam_main/ef_beam_main_00019"},{"time":1.9,"name":"EF/ef_beam_main/ef_beam_main_00021"},{"time":1.9666,"name":"EF/ef_beam_main/ef_beam_main_00023"},{"time":2.0333,"name":"EF/ef_beam_main/ef_beam_main_00005"},{"time":2.1,"name":"EF/ef_beam_main/ef_beam_main_00007"},{"time":2.1666,"name":"EF/ef_beam_main/ef_beam_main_00009"},{"time":2.2333,"name":"EF/ef_beam_main/ef_beam_main_00011"},{"time":2.3,"name":"EF/ef_beam_main/ef_beam_main_00013"},{"time":2.3666,"name":"EF/ef_beam_main/ef_beam_main_00015"},{"time":2.4333,"name":"EF/ef_beam_main/ef_beam_main_00017"},{"time":2.5,"name":"EF/ef_beam_main/ef_beam_main_00019"},{"time":2.5666,"name":"EF/ef_beam_main/ef_beam_main_00021"},{"time":2.6333,"name":"EF/ef_beam_main/ef_beam_main_00023"},{"time":2.7,"name":"EF/ef_beam_main/ef_beam_main_00007"},{"time":2.7666,"name":"EF/ef_beam_main/ef_beam_main_00009"},{"time":2.8333,"name":"EF/ef_beam_main/ef_beam_main_00011"},{"time":2.9,"name":"EF/ef_beam_main/ef_beam_main_00013"},{"time":2.9666,"name":"EF/ef_beam_main/ef_beam_main_00015"},{"time":3.0333,"name":"EF/ef_beam_main/ef_beam_main_00017"},{"time":3.1,"name":"EF/ef_beam_main/ef_beam_main_00019"},{"time":3.1666,"name":"EF/ef_beam_main/ef_beam_main_00021"},{"time":3.2333,"name":"EF/ef_beam_main/ef_beam_main_00023"},{"time":3.3,"name":"EF/ef_beam_main/ef_beam_main_00005"},{"time":3.3666,"name":"EF/ef_beam_main/ef_beam_main_00007"},{"time":3.4333,"name":null}],"color":[{"time":3.1333,"color":"ffffffff","curve":[0.35,0.63,0.602,0.87]},{"time":3.4333,"color":"ffffff00"}]},"EF_dust1_1":{"attachment":[{"time":0,"name":"EF/ef_tuti_main/ef_tuti_main_00002"},{"time":0.0666,"name":"EF/ef_tuti_main/ef_tuti_main_00004"},{"time":0.1333,"name":"EF/ef_tuti_main/ef_tuti_main_00006"},{"time":0.2,"name":"EF/ef_tuti_main/ef_tuti_main_00009"},{"time":0.2666,"name":"EF/ef_tuti_main/ef_tuti_main_00012"},{"time":0.3333,"name":"EF/ef_tuti_main/ef_tuti_main_00013"},{"time":0.4,"name":"EF/ef_tuti_main/ef_tuti_main_00016"},{"time":0.4666,"name":null}]},"EF_ene_aura1_1":{"attachment":[{"time":0,"name":"EF/670_S2_ene2/670_S2_ene2_00003"},{"time":0.0666,"name":"EF/670_S2_ene2/670_S2_ene2_00004"},{"time":0.1333,"name":"EF/670_S2_ene2/670_S2_ene2_00005"},{"time":0.2,"name":"EF/670_S2_ene2/670_S2_ene2_00007"},{"time":0.2666,"name":"EF/670_S2_ene2/670_S2_ene2_00008"},{"time":0.3333,"name":"EF/670_S2_ene2/670_S2_ene2_00010"},{"time":0.4,"name":"EF/670_S2_ene2/670_S2_ene2_00013"},{"time":0.4666,"name":"EF/670_S2_ene2/670_S2_ene2_00014"},{"time":0.5333,"name":"EF/670_S2_ene2/670_S2_ene2_00015"},{"time":0.6,"name":"EF/670_S2_ene2/670_S2_ene2_00003"},{"time":0.6666,"name":"EF/670_S2_ene2/670_S2_ene2_00004"},{"time":0.7333,"name":"EF/670_S2_ene2/670_S2_ene2_00005"},{"time":0.8,"name":"EF/670_S2_ene2/670_S2_ene2_00007"},{"time":0.8666,"name":"EF/670_S2_ene2/670_S2_ene2_00008"},{"time":0.9333,"name":"EF/670_S2_ene2/670_S2_ene2_00010"},{"time":1,"name":"EF/670_S2_ene2/670_S2_ene2_00013"},{"time":1.0666,"name":"EF/670_S2_ene2/670_S2_ene2_00014"},{"time":1.1333,"name":"EF/670_S2_ene2/670_S2_ene2_00015"},{"time":1.2,"name":"EF/670_S2_ene2/670_S2_ene2_00003"},{"time":1.2666,"name":"EF/670_S2_ene2/670_S2_ene2_00004"},{"time":1.3333,"name":"EF/670_S2_ene2/670_S2_ene2_00005"},{"time":1.4,"name":"EF/670_S2_ene2/670_S2_ene2_00007"},{"time":1.4666,"name":"EF/670_S2_ene2/670_S2_ene2_00008"},{"time":1.5333,"name":"EF/670_S2_ene2/670_S2_ene2_00010"},{"time":1.6,"name":"EF/670_S2_ene2/670_S2_ene2_00013"},{"time":1.6666,"name":"EF/670_S2_ene2/670_S2_ene2_00014"},{"time":1.7333,"name":"EF/670_S2_ene2/670_S2_ene2_00015"},{"time":1.8,"name":"EF/670_S2_ene2/670_S2_ene2_00003"},{"time":1.8666,"name":"EF/670_S2_ene2/670_S2_ene2_00004"},{"time":1.9333,"name":"EF/670_S2_ene2/670_S2_ene2_00005"},{"time":2,"name":"EF/670_S2_ene2/670_S2_ene2_00007"},{"time":2.0666,"name":"EF/670_S2_ene2/670_S2_ene2_00008"},{"time":2.1333,"name":"EF/670_S2_ene2/670_S2_ene2_00010"},{"time":2.2,"name":"EF/670_S2_ene2/670_S2_ene2_00013"},{"time":2.2666,"name":"EF/670_S2_ene2/670_S2_ene2_00014"},{"time":2.3333,"name":"EF/670_S2_ene2/670_S2_ene2_00015"},{"time":2.4,"name":"EF/670_S2_ene2/670_S2_ene2_00003"},{"time":2.4666,"name":"EF/670_S2_ene2/670_S2_ene2_00004"},{"time":2.5333,"name":"EF/670_S2_ene2/670_S2_ene2_00005"},{"time":2.6,"name":"EF/670_S2_ene2/670_S2_ene2_00007"},{"time":2.6666,"name":"EF/670_S2_ene2/670_S2_ene2_00008"},{"time":2.7333,"name":"EF/670_S2_ene2/670_S2_ene2_00010"},{"time":2.8,"name":"EF/670_S2_ene2/670_S2_ene2_00013"},{"time":2.8666,"name":"EF/670_S2_ene2/670_S2_ene2_00014"},{"time":2.9333,"name":"EF/670_S2_ene2/670_S2_ene2_00015"},{"time":3,"name":"EF/670_S2_ene2/670_S2_ene2_00003"},{"time":3.0666,"name":"EF/670_S2_ene2/670_S2_ene2_00004"},{"time":3.1333,"name":"EF/670_S2_ene2/670_S2_ene2_00005"},{"time":3.2,"name":"EF/670_S2_ene2/670_S2_ene2_00007"},{"time":3.2666,"name":"EF/670_S2_ene2/670_S2_ene2_00008"},{"time":3.3333,"name":"EF/670_S2_ene2/670_S2_ene2_00010"},{"time":3.4,"name":"EF/670_S2_ene2/670_S2_ene2_00013"},{"time":3.4666,"name":"EF/670_S2_ene2/670_S2_ene2_00014"},{"time":3.5333,"name":"EF/670_S2_ene2/670_S2_ene2_00015"},{"time":3.6,"name":null}],"color":[{"time":3.3,"color":"ffffffff","curve":[0.192,0.65,0.75,1]},{"time":3.6,"color":"ffffff00"}]},"EF_tornado1_1":{"attachment":[{"time":0,"name":"EF/ef_torunedo_main/ef_torunedo_main_00017"},{"time":0.0333,"name":"EF/ef_torunedo_main/ef_torunedo_main_00018"},{"time":0.0666,"name":"EF/ef_torunedo_main/ef_torunedo_main_00019"},{"time":0.1,"name":"EF/ef_torunedo_main/ef_torunedo_main_00020"},{"time":0.1333,"name":"EF/ef_torunedo_main/ef_torunedo_main_00021"},{"time":0.1666,"name":"EF/ef_torunedo_main/ef_torunedo_main_00022"},{"time":0.2,"name":"EF/ef_torunedo_main/ef_torunedo_main_00024"},{"time":0.2333,"name":"EF/ef_torunedo_main/ef_torunedo_main_00025"},{"time":0.2666,"name":"EF/ef_torunedo_main/ef_torunedo_main_00027"},{"time":0.3,"name":"EF/ef_torunedo_main/ef_torunedo_main_00029"},{"time":0.3333,"name":"EF/ef_torunedo_main/ef_torunedo_main_00030"},{"time":0.3666,"name":"EF/ef_torunedo_main/ef_torunedo_main_00032"},{"time":0.4,"name":"EF/ef_torunedo_main/ef_torunedo_main_00033"},{"time":0.4333,"name":"EF/ef_torunedo_main/ef_torunedo_main_00035"},{"time":0.4666,"name":"EF/ef_torunedo_main/ef_torunedo_main_00036"},{"time":0.5,"name":"EF/ef_torunedo_main/ef_torunedo_main_00038"},{"time":0.5333,"name":"EF/ef_torunedo_main/ef_torunedo_main_00040"},{"time":0.5666,"name":"EF/ef_torunedo_main/ef_torunedo_main_00041"},{"time":0.6,"name":"EF/ef_torunedo_main/ef_torunedo_main_00042"},{"time":0.6333,"name":"EF/ef_torunedo_main/ef_torunedo_main_00043"},{"time":0.6666,"name":"EF/ef_torunedo_main/ef_torunedo_main_00044"},{"time":0.7,"name":"EF/ef_torunedo_main/ef_torunedo_main_00045"},{"time":0.7333,"name":null}]},"EF_wave1_1":{"attachment":[{"time":0,"name":"EF/ef_wave_main/ef_wave_main_00002"},{"time":0.0666,"name":"EF/ef_wave_main/ef_wave_main_00004"},{"time":0.1333,"name":"EF/ef_wave_main/ef_wave_main_00006"},{"time":0.2,"name":"EF/ef_wave_main/ef_wave_main_00008"},{"time":0.2666,"name":"EF/ef_wave_main/ef_wave_main_00010"},{"time":0.3333,"name":"EF/ef_wave_main/ef_wave_main_00012"},{"time":0.4,"name":"EF/ef_wave_main/ef_wave_main_00014"},{"time":0.4666,"name":null},{"time":0.6666,"name":"EF/ef_wave_main/ef_wave_main_00002"},{"time":0.7333,"name":"EF/ef_wave_main/ef_wave_main_00004"},{"time":0.8,"name":"EF/ef_wave_main/ef_wave_main_00006"},{"time":0.8666,"name":"EF/ef_wave_main/ef_wave_main_00008"},{"time":0.9333,"name":"EF/ef_wave_main/ef_wave_main_00010"},{"time":1,"name":"EF/ef_wave_main/ef_wave_main_00012"},{"time":1.0666,"name":"EF/ef_wave_main/ef_wave_main_00014"},{"time":1.1333,"name":null},{"time":1.2,"name":"EF/ef_wave_main/ef_wave_main_00002"},{"time":1.2666,"name":"EF/ef_wave_main/ef_wave_main_00004"},{"time":1.3333,"name":"EF/ef_wave_main/ef_wave_main_00006"},{"time":1.4,"name":"EF/ef_wave_main/ef_wave_main_00008"},{"time":1.4666,"name":"EF/ef_wave_main/ef_wave_main_00010"},{"time":1.5333,"name":"EF/ef_wave_main/ef_wave_main_00012"},{"time":1.6,"name":"EF/ef_wave_main/ef_wave_main_00014"},{"time":1.6666,"name":null},{"time":1.7333,"name":"EF/ef_wave_main/ef_wave_main_00002"},{"time":1.8,"name":"EF/ef_wave_main/ef_wave_main_00004"},{"time":1.8666,"name":"EF/ef_wave_main/ef_wave_main_00006"},{"time":1.9333,"name":"EF/ef_wave_main/ef_wave_main_00008"},{"time":2,"name":"EF/ef_wave_main/ef_wave_main_00010"},{"time":2.0666,"name":"EF/ef_wave_main/ef_wave_main_00012"},{"time":2.1333,"name":"EF/ef_wave_main/ef_wave_main_00014"},{"time":2.2,"name":null},{"time":2.8,"name":"EF/ef_wave_main/ef_wave_main_00002"},{"time":2.8666,"name":"EF/ef_wave_main/ef_wave_main_00004"},{"time":2.9333,"name":"EF/ef_wave_main/ef_wave_main_00006"},{"time":3,"name":"EF/ef_wave_main/ef_wave_main_00008"},{"time":3.0666,"name":"EF/ef_wave_main/ef_wave_main_00010"},{"time":3.1333,"name":"EF/ef_wave_main/ef_wave_main_00012"},{"time":3.2,"name":"EF/ef_wave_main/ef_wave_main_00014"},{"time":3.2666,"name":null}]},"EF_wave1_2":{"attachment":[{"time":0.1,"name":"EF/ef_wave_main/ef_wave_main_00002"},{"time":0.1666,"name":"EF/ef_wave_main/ef_wave_main_00004"},{"time":0.2333,"name":"EF/ef_wave_main/ef_wave_main_00006"},{"time":0.3,"name":"EF/ef_wave_main/ef_wave_main_00008"},{"time":0.3666,"name":"EF/ef_wave_main/ef_wave_main_00010"},{"time":0.4333,"name":"EF/ef_wave_main/ef_wave_main_00012"},{"time":0.5,"name":"EF/ef_wave_main/ef_wave_main_00014"},{"time":0.5666,"name":null},{"time":0.8,"name":"EF/ef_wave_main/ef_wave_main_00002"},{"time":0.8666,"name":"EF/ef_wave_main/ef_wave_main_00004"},{"time":0.9333,"name":"EF/ef_wave_main/ef_wave_main_00006"},{"time":1,"name":"EF/ef_wave_main/ef_wave_main_00008"},{"time":1.0666,"name":"EF/ef_wave_main/ef_wave_main_00010"},{"time":1.1333,"name":"EF/ef_wave_main/ef_wave_main_00012"},{"time":1.2,"name":"EF/ef_wave_main/ef_wave_main_00014"},{"time":1.2666,"name":null},{"time":1.3333,"name":"EF/ef_wave_main/ef_wave_main_00002"},{"time":1.4,"name":"EF/ef_wave_main/ef_wave_main_00004"},{"time":1.4666,"name":"EF/ef_wave_main/ef_wave_main_00006"},{"time":1.5333,"name":"EF/ef_wave_main/ef_wave_main_00008"},{"time":1.6,"name":"EF/ef_wave_main/ef_wave_main_00010"},{"time":1.6666,"name":"EF/ef_wave_main/ef_wave_main_00012"},{"time":1.7333,"name":"EF/ef_wave_main/ef_wave_main_00014"},{"time":1.8,"name":null},{"time":1.8666,"name":"EF/ef_wave_main/ef_wave_main_00002"},{"time":1.9333,"name":"EF/ef_wave_main/ef_wave_main_00004"},{"time":2,"name":"EF/ef_wave_main/ef_wave_main_00006"},{"time":2.0666,"name":"EF/ef_wave_main/ef_wave_main_00008"},{"time":2.1333,"name":"EF/ef_wave_main/ef_wave_main_00010"},{"time":2.2,"name":"EF/ef_wave_main/ef_wave_main_00012"},{"time":2.2666,"name":"EF/ef_wave_main/ef_wave_main_00014"},{"time":2.3333,"name":null},{"time":2.8333,"name":"EF/ef_wave_main/ef_wave_main_00002"},{"time":2.9,"name":"EF/ef_wave_main/ef_wave_main_00004"},{"time":2.9666,"name":"EF/ef_wave_main/ef_wave_main_00006"},{"time":3.0333,"name":"EF/ef_wave_main/ef_wave_main_00008"},{"time":3.1,"name":"EF/ef_wave_main/ef_wave_main_00010"},{"time":3.1666,"name":"EF/ef_wave_main/ef_wave_main_00012"},{"time":3.2333,"name":"EF/ef_wave_main/ef_wave_main_00014"},{"time":3.3,"name":null}]},"EF_wave1_3":{"attachment":[{"time":0.9,"name":"EF/ef_wave_main/ef_wave_main_00002"},{"time":0.9666,"name":"EF/ef_wave_main/ef_wave_main_00004"},{"time":1.0333,"name":"EF/ef_wave_main/ef_wave_main_00006"},{"time":1.1,"name":"EF/ef_wave_main/ef_wave_main_00008"},{"time":1.1666,"name":"EF/ef_wave_main/ef_wave_main_00010"},{"time":1.2333,"name":"EF/ef_wave_main/ef_wave_main_00012"},{"time":1.3,"name":"EF/ef_wave_main/ef_wave_main_00014"},{"time":1.3666,"name":null},{"time":1.4333,"name":"EF/ef_wave_main/ef_wave_main_00002"},{"time":1.5,"name":"EF/ef_wave_main/ef_wave_main_00004"},{"time":1.5666,"name":"EF/ef_wave_main/ef_wave_main_00006"},{"time":1.6333,"name":"EF/ef_wave_main/ef_wave_main_00008"},{"time":1.7,"name":"EF/ef_wave_main/ef_wave_main_00010"},{"time":1.7666,"name":"EF/ef_wave_main/ef_wave_main_00012"},{"time":1.8333,"name":"EF/ef_wave_main/ef_wave_main_00014"},{"time":1.9,"name":null},{"time":1.9666,"name":"EF/ef_wave_main/ef_wave_main_00002"},{"time":2.0333,"name":"EF/ef_wave_main/ef_wave_main_00004"},{"time":2.1,"name":"EF/ef_wave_main/ef_wave_main_00006"},{"time":2.1666,"name":"EF/ef_wave_main/ef_wave_main_00008"},{"time":2.2333,"name":"EF/ef_wave_main/ef_wave_main_00010"},{"time":2.3,"name":"EF/ef_wave_main/ef_wave_main_00012"},{"time":2.3666,"name":"EF/ef_wave_main/ef_wave_main_00014"},{"time":2.4333,"name":null},{"time":2.8666,"name":"EF/ef_wave_main/ef_wave_main_00002"},{"time":2.9333,"name":"EF/ef_wave_main/ef_wave_main_00004"},{"time":3,"name":"EF/ef_wave_main/ef_wave_main_00006"},{"time":3.0666,"name":"EF/ef_wave_main/ef_wave_main_00008"},{"time":3.1333,"name":"EF/ef_wave_main/ef_wave_main_00010"},{"time":3.2,"name":"EF/ef_wave_main/ef_wave_main_00012"},{"time":3.2666,"name":"EF/ef_wave_main/ef_wave_main_00014"},{"time":3.3333,"name":null}]},"MAIN":{"attachment":[{"time":0,"name":"skill2_00"},{"time":0.0666,"name":"skill2_01"},{"time":0.1333,"name":"skill2_00"},{"time":0.2,"name":"skill2_01"},{"time":0.2666,"name":"skill2_00"},{"time":0.3333,"name":"skill2_01"},{"time":0.4,"name":"skill2_00"},{"time":0.4666,"name":"skill2_01"},{"time":0.5333,"name":"skill2_00"},{"time":0.6,"name":"skill2_01"},{"time":0.6666,"name":"skill2_00"},{"time":0.7333,"name":"skill2_01"},{"time":0.8,"name":"skill2_00"},{"time":0.8666,"name":"skill2_01"},{"time":0.9333,"name":"skill2_00"},{"time":1,"name":"skill2_01"},{"time":1.0666,"name":"skill2_00"},{"time":1.1333,"name":"skill2_01"},{"time":1.2,"name":"skill2_00"},{"time":1.2666,"name":"skill2_01"},{"time":1.3333,"name":"skill2_00"},{"time":1.4,"name":"skill2_01"},{"time":1.4666,"name":"skill2_00"},{"time":1.5333,"name":"skill2_01"},{"time":1.6,"name":"skill2_00"},{"time":1.6666,"name":"skill2_01"},{"time":1.7333,"name":"skill2_00"},{"time":1.8,"name":"skill2_01"},{"time":1.8666,"name":"skill2_00"},{"time":1.9333,"name":"skill2_01"},{"time":2,"name":"skill2_00"},{"time":2.0666,"name":"skill2_01"},{"time":2.1333,"name":"skill2_00"},{"time":2.2,"name":"skill2_01"},{"time":2.2666,"name":"skill2_00"},{"time":2.3333,"name":"skill2_01"},{"time":2.4666,"name":"skill2_02"},{"time":2.8,"name":"skill2_03"},{"time":2.8666,"name":"skill2_04"},{"time":2.9333,"name":"skill2_03"},{"time":3,"name":"skill2_04"},{"time":3.0666,"name":"skill2_03"},{"time":3.1333,"name":"skill2_04"},{"time":3.2,"name":"skill2_03"},{"time":3.2666,"name":"skill2_04"},{"time":3.3333,"name":"skill2_03"},{"time":3.4,"name":"skill2_04"},{"time":3.4666,"name":"skill2_03"},{"time":3.5333,"name":"skill2_04"},{"time":3.6,"name":"skill2_03"},{"time":3.6666,"name":"skill2_04"},{"time":3.7333,"name":"skill2_03"},{"time":3.8,"name":"skill2_04"},{"time":3.8666,"name":"skill2_03"},{"time":3.9333,"name":"skill2_05"},{"time":4,"name":"idle_00"}]}},"bones":{"EF_beam":{"rotate":[{"time":2.4666,"angle":-40.47,"curve":[0.184,0.53,0.75,1]},{"time":2.7666,"angle":-45.73,"curve":[0.199,0,0.824,0.31]},{"time":2.8,"angle":96.79}],"translate":[{"time":0,"x":-323.2,"y":65.34,"curve":"stepped"},{"time":2.4666,"x":-365.12,"y":42.48,"curve":"stepped"},{"time":2.8,"x":-314.38,"y":-48.61}],"scale":[{"time":0,"x":1.25,"y":0.25},{"time":0.0666,"x":1.25,"y":3},{"time":0.1333,"x":4,"y":3.5}]},"EF_dust1_1":{"scale":[{"time":0,"x":3,"y":3,"curve":[0.179,0.58,0.75,1]},{"time":0.4666,"x":3.5,"y":3.5}]},"EF_ene_aura1_1":{"rotate":[{"time":2.4666,"angle":-40.75,"curve":[0.21,0.56,0.75,1]},{"time":2.7666,"angle":-50.78,"curve":[0.431,0.02,0.862,0.16]},{"time":2.8,"angle":97.76}],"translate":[{"time":0,"x":-273.18,"y":50.78,"curve":"stepped"},{"time":2.4666,"x":-322.53,"y":34.99,"curve":"stepped"},{"time":2.8,"x":-245.77,"y":-46.38}],"scale":[{"time":0,"x":3,"y":2.5}]},"EF_wave1_1":{"scale":[{"time":0,"x":3,"y":3,"curve":[0.185,0.41,0.75,1]},{"time":0.4666,"x":3.5,"y":3.5,"curve":"stepped"},{"time":0.6666,"x":3,"y":3,"curve":[0.185,0.41,0.75,1]},{"time":1.1333,"x":3.5,"y":3.5,"curve":"stepped"},{"time":1.2,"x":3,"y":3,"curve":[0.185,0.41,0.75,1]},{"time":1.6666,"x":3.5,"y":3.5,"curve":"stepped"},{"time":1.7333,"x":3,"y":3,"curve":[0.185,0.41,0.75,1]},{"time":2.2,"x":3.5,"y":3.5,"curve":"stepped"},{"time":2.8,"x":3,"y":3,"curve":[0.185,0.41,0.75,1]},{"time":3.2666,"x":3.5,"y":3.5}]},"EF_wave1_2":{"scale":[{"time":0.1,"x":3,"y":3,"curve":[0.185,0.41,0.75,1]},{"time":0.5666,"x":3.5,"y":3.5,"curve":"stepped"},{"time":0.8,"x":3,"y":3,"curve":[0.185,0.41,0.75,1]},{"time":1.2666,"x":3.5,"y":3.5,"curve":"stepped"},{"time":1.3333,"x":3,"y":3,"curve":[0.185,0.41,0.75,1]},{"time":1.8,"x":3.5,"y":3.5,"curve":"stepped"},{"time":1.8666,"x":3,"y":3,"curve":[0.185,0.41,0.75,1]},{"time":2.3333,"x":3.5,"y":3.5,"curve":"stepped"},{"time":2.8333,"x":3,"y":3,"curve":[0.185,0.41,0.75,1]},{"time":3.3,"x":3.5,"y":3.5}]},"EF_tornado1_1":{"translate":[{"time":0,"x":-223.49,"y":-50},{"time":0.5,"x":-223.49,"y":0}],"scale":[{"time":0,"x":4,"y":4}]},"EF_wave1_3":{"scale":[{"time":0.9,"x":3,"y":3,"curve":[0.185,0.41,0.75,1]},{"time":1.3666,"x":3.5,"y":3.5,"curve":"stepped"},{"time":1.4333,"x":3,"y":3,"curve":[0.185,0.41,0.75,1]},{"time":1.9,"x":3.5,"y":3.5,"curve":"stepped"},{"time":1.9666,"x":3,"y":3,"curve":[0.185,0.41,0.75,1]},{"time":2.4333,"x":3.5,"y":3.5,"curve":"stepped"},{"time":2.8666,"x":3,"y":3,"curve":[0.185,0.41,0.75,1]},{"time":3.3333,"x":3.5,"y":3.5}]},"DAMAGEAREA":{"translate":[{"time":0.1,"x":-43.34,"y":143.04,"curve":"stepped"},{"time":2.8,"x":-452.03,"y":29.28}],"scale":[{"time":0.1,"x":4.52,"y":2.496,"curve":"stepped"},{"time":2.8,"x":7.277,"y":2.597}]}},"events":[{"time":0,"name":"Event","float":0.2,"string":"kHitStopType_normal"},{"time":0,"name":"Sound1","string":"cri_se_battle_skill_reaper"},{"time":0,"name":"Voice","string":"cri_171_voice_fullarts_now"},{"time":0.0333,"name":"Event","string":"kImpactType_knock"},{"time":0.0666,"name":"Event","string":"shakeGround"},{"time":0.1,"name":"Event","string":"setForceImpact(1)"},{"time":2.5333,"name":"Voice","string":"cri_171_voice_fullarts_rank4"},{"time":2.7,"name":"Event","string":"kImpactType_down"},{"time":2.7,"name":"Sound1","string":"cri_se_battle_skill_swish"},{"time":2.7,"name":"Sound2","string":"cri_se_battle_030_explosion_02"},{"time":2.7333,"name":"Event","string":"setForceImpact(0)"},{"time":2.7666,"name":"Event","float":4,"string":"shakeGround"},{"time":2.8,"name":"Sound2","string":"setHitSound(se_battle_016_boss_ko)"},{"time":2.9,"name":"Event","float":0.1,"string":"kHitStopType_enemyonly"},{"time":2.9,"name":"Hit","string":"resetHitList"},{"time":2.9,"name":"Sound2","string":"setHitSound(se_battle_016_boss_ko)"},{"time":2.9666,"name":"Hit","string":"resetHitList"},{"time":2.9666,"name":"Sound2","string":"setHitSound(empty)"},{"time":3.0333,"name":"Hit","string":"resetHitList"},{"time":3.0333,"name":"Sound2","string":"setHitSound(se_battle_016_boss_ko)"},{"time":3.1,"name":"Hit","string":"resetHitList"},{"time":3.1,"name":"Sound2","string":"setHitSound(empty)"},{"time":3.1666,"name":"Hit","string":"resetHitList"},{"time":3.1666,"name":"Sound2","string":"setHitSound(se_battle_016_boss_ko)"},{"time":3.2333,"name":"Sound2","string":"setHitSound(empty)"}]}}}