{"skeleton":{"hash":"dzkT+OklTtrt+Dg24h8lz5zcsw0","spine":"3.0.12","width":0,"height":0,"images":"./images/"},"bones":[{"name":"root"},{"name":"MAIN","parent":"root"},{"name":"850_S2_fire5","parent":"MAIN","color":"9b0001ff"},{"name":"850_S2_fire4","parent":"MAIN","color":"9b0001ff"},{"name":"850_S2_fire3","parent":"MAIN","color":"9b0001ff"},{"name":"850_S2_fire2","parent":"MAIN","color":"9b0001ff"},{"name":"850_S2_fire1","parent":"MAIN","color":"9b0001ff"},{"name":"850_S2_earth1","parent":"MAIN","color":"9b0001ff"},{"name":"850_S1_fire3","parent":"MAIN","color":"9b0001ff"},{"name":"850_S1_fire2","parent":"MAIN","color":"9b0001ff"},{"name":"850_S1_fire1","parent":"MAIN","color":"9b0001ff"},{"name":"850_A1_rock1","parent":"MAIN","color":"9b0001ff"},{"name":"690_S2_rock1","parent":"MAIN","color":"9b0001ff"},{"name":"100_S1_wave2","parent":"MAIN","length":0.6,"color":"9b0001ff"},{"name":"100_S1_wave1","parent":"MAIN","color":"9b0001ff"},{"name":"100_S1_dusty2","parent":"MAIN","color":"9b0001ff"},{"name":"100_S1_dusty1","parent":"MAIN","color":"9b0001ff"},{"name":"DAMAGEAREA","parent":"root"}],"slots":[{"name":"EF/100_S1_wave1/100_S1_wave1_00000","bone":"100_S1_wave1","blend":"additive"},{"name":"EF/100_S1_wave1/100_S1_wave1_0","bone":"100_S1_wave2","blend":"additive"},{"name":"EF/850_A1_rock1/850_A1_rock1_00001","bone":"850_A1_rock1","blend":"additive"},{"name":"EF/850_S1_fire1/850_S1_fire1_00000","bone":"850_S1_fire1","blend":"additive"},{"name":"EF/850_S1_fire2/850_S1_fire2_00004","bone":"850_S1_fire2","blend":"additive"},{"name":"EF/850_S1_fire2/850_S1_fire2_4","bone":"850_S1_fire3","blend":"additive"},{"name":"EF/850_S2_fire1/850_S2_fire1_00000","bone":"850_S2_fire1","blend":"additive"},{"name":"EF/850_S2_fire1/850_S2_fire1_0","bone":"850_S2_fire4","blend":"additive"},{"name":"EF/850_S2_fire1/850_S2_fire1_1","bone":"850_S2_fire5","blend":"additive"},{"name":"EF/850_S2_fire2/850_S2_fire2_00001","bone":"850_S2_fire2","blend":"additive"},{"name":"EF/850_S2_fire3/850_S2_fire1_00003","bone":"850_S2_fire3","blend":"additive"},{"name":"EF/850_S2_earth1/850_S2_earth1_00000","bone":"850_S2_earth1"},{"name":"EF/100_S1_dusty1/100_S1_dusty1_00000","bone":"100_S1_dusty1","blend":"additive"},{"name":"EF/100_S1_dusty1/100_S1_dusty1_0","bone":"100_S1_dusty2","blend":"additive"},{"name":"EF/690_S2_rock1/690_S2_rock1_00000","bone":"690_S2_rock1"},{"name":"DAMAGEAREA","bone":"DAMAGEAREA"}],"skins":{"default":{"DAMAGEAREA":{"DAMAGEAREA":{"type":"boundingbox","vertices":[-93.87979,98.99544,-94.59177,-98.22853,102.63214,-99.65253,103.34416,97.57146,0,0,0,0,0,0,0,0]}},"EF/100_S1_dusty1/100_S1_dusty1_0":{"EF/100_S1_dusty1/100_S1_dusty1_00000":{"y":-3.68,"width":180,"height":180},"EF/100_S1_dusty1/100_S1_dusty1_00002":{"y":-3.68,"width":180,"height":180},"EF/100_S1_dusty1/100_S1_dusty1_00004":{"y":-3.68,"width":180,"height":180},"EF/100_S1_dusty1/100_S1_dusty1_00006":{"y":-3.68,"width":180,"height":180},"EF/100_S1_dusty1/100_S1_dusty1_00010":{"y":-3.68,"width":180,"height":180},"EF/100_S1_dusty1/100_S1_dusty1_00012":{"y":-3.68,"width":180,"height":180},"EF/100_S1_dusty1/100_S1_dusty1_00014":{"y":-3.68,"width":180,"height":180}},"EF/100_S1_dusty1/100_S1_dusty1_00000":{"EF/100_S1_dusty1/100_S1_dusty1_00000":{"y":-3.68,"width":180,"height":180},"EF/100_S1_dusty1/100_S1_dusty1_00002":{"y":-3.68,"width":180,"height":180},"EF/100_S1_dusty1/100_S1_dusty1_00004":{"y":-3.68,"width":180,"height":180},"EF/100_S1_dusty1/100_S1_dusty1_00006":{"y":-3.68,"width":180,"height":180},"EF/100_S1_dusty1/100_S1_dusty1_00010":{"y":-3.68,"width":180,"height":180},"EF/100_S1_dusty1/100_S1_dusty1_00012":{"y":-3.68,"width":180,"height":180},"EF/100_S1_dusty1/100_S1_dusty1_00014":{"y":-3.68,"width":180,"height":180}},"EF/100_S1_wave1/100_S1_wave1_0":{"EF/100_S1_wave1/100_S1_wave1_00000":{"y":-3.68,"width":180,"height":180},"EF/100_S1_wave1/100_S1_wave1_00004":{"y":-3.68,"width":180,"height":180},"EF/100_S1_wave1/100_S1_wave1_00006":{"y":-3.68,"width":180,"height":180},"EF/100_S1_wave1/100_S1_wave1_00007":{"y":-3.68,"width":180,"height":180},"EF/100_S1_wave1/100_S1_wave1_00009":{"y":-3.68,"width":180,"height":180},"EF/100_S1_wave1/100_S1_wave1_00010":{"y":-3.68,"width":180,"height":180}},"EF/100_S1_wave1/100_S1_wave1_00000":{"EF/100_S1_wave1/100_S1_wave1_00000":{"y":-3.68,"width":180,"height":180},"EF/100_S1_wave1/100_S1_wave1_00004":{"y":-3.68,"width":180,"height":180},"EF/100_S1_wave1/100_S1_wave1_00006":{"y":-3.68,"width":180,"height":180},"EF/100_S1_wave1/100_S1_wave1_00007":{"y":-3.68,"width":180,"height":180},"EF/100_S1_wave1/100_S1_wave1_00009":{"y":-3.68,"width":180,"height":180},"EF/100_S1_wave1/100_S1_wave1_00010":{"y":-3.68,"width":180,"height":180}},"EF/690_S2_rock1/690_S2_rock1_00000":{"EF/690_S2_rock1/690_S2_rock1_00000":{"y":-3.68,"width":180,"height":180},"EF/690_S2_rock1/690_S2_rock1_00002":{"y":-3.68,"width":180,"height":180},"EF/690_S2_rock1/690_S2_rock1_00004":{"y":-3.68,"width":180,"height":180},"EF/690_S2_rock1/690_S2_rock1_00006":{"y":-3.68,"width":180,"height":180},"EF/690_S2_rock1/690_S2_rock1_00008":{"y":-3.68,"width":180,"height":180}},"EF/850_A1_rock1/850_A1_rock1_00001":{"EF/850_A1_rock1/850_A1_rock1_00001":{"y":-3.68,"width":180,"height":180},"EF/850_A1_rock1/850_A1_rock1_00002":{"y":-3.68,"width":180,"height":180},"EF/850_A1_rock1/850_A1_rock1_00004":{"y":-3.68,"width":180,"height":180},"EF/850_A1_rock1/850_A1_rock1_00006":{"y":-3.68,"width":180,"height":180},"EF/850_A1_rock1/850_A1_rock1_00008":{"y":-3.68,"width":180,"height":180},"EF/850_A1_rock1/850_A1_rock1_00010":{"y":-3.68,"width":180,"height":180},"EF/850_A1_rock1/850_A1_rock1_00011":{"y":-3.68,"width":180,"height":180},"EF/850_A1_rock1/850_A1_rock1_00012":{"y":-3.68,"width":180,"height":180}},"EF/850_S1_fire1/850_S1_fire1_00000":{"EF/850_S1_fire1/850_S1_fire1_00000":{"y":-3.68,"width":200,"height":200},"EF/850_S1_fire1/850_S1_fire1_00001":{"y":-3.68,"width":200,"height":200},"EF/850_S1_fire1/850_S1_fire1_00002":{"y":-3.68,"width":200,"height":200},"EF/850_S1_fire1/850_S1_fire1_00003":{"y":-3.68,"width":200,"height":200},"EF/850_S1_fire1/850_S1_fire1_00005":{"y":-3.68,"width":200,"height":200},"EF/850_S1_fire1/850_S1_fire1_00007":{"y":-3.68,"width":200,"height":200},"EF/850_S1_fire1/850_S1_fire1_00011":{"y":-3.68,"width":200,"height":200},"EF/850_S1_fire1/850_S1_fire1_00015":{"y":-3.68,"width":200,"height":200},"EF/850_S1_fire1/850_S1_fire1_00019":{"y":-3.68,"width":200,"height":200},"EF/850_S1_fire1/850_S1_fire1_00022":{"y":-3.68,"width":200,"height":200}},"EF/850_S1_fire2/850_S1_fire2_00004":{"EF/850_S1_fire2/850_S1_fire2_00004":{"y":-3.68,"width":180,"height":180},"EF/850_S1_fire2/850_S1_fire2_00007":{"y":-3.68,"width":180,"height":180},"EF/850_S1_fire2/850_S1_fire2_00009":{"y":-3.68,"width":180,"height":180},"EF/850_S1_fire2/850_S1_fire2_00011":{"y":-3.68,"width":180,"height":180},"EF/850_S1_fire2/850_S1_fire2_00013":{"y":-3.68,"width":180,"height":180}},"EF/850_S1_fire2/850_S1_fire2_4":{"EF/850_S1_fire2/850_S1_fire2_00004":{"y":-3.68,"width":180,"height":180},"EF/850_S1_fire2/850_S1_fire2_00007":{"y":-3.68,"width":180,"height":180},"EF/850_S1_fire2/850_S1_fire2_00009":{"y":-3.68,"width":180,"height":180},"EF/850_S1_fire2/850_S1_fire2_00011":{"y":-3.68,"width":180,"height":180},"EF/850_S1_fire2/850_S1_fire2_00013":{"y":-3.68,"width":180,"height":180}},"EF/850_S2_earth1/850_S2_earth1_00000":{"EF/850_S2_earth1/850_S2_earth1_00000":{"y":-3.68,"width":200,"height":200},"EF/850_S2_earth1/850_S2_earth1_00002":{"y":-3.68,"width":200,"height":200},"EF/850_S2_earth1/850_S2_earth1_00042":{"y":-3.68,"width":200,"height":200},"EF/850_S2_earth1/850_S2_earth1_00043":{"y":-3.68,"width":200,"height":200},"EF/850_S2_earth1/850_S2_earth1_00044":{"y":-3.68,"width":200,"height":200},"EF/850_S2_earth1/850_S2_earth1_00045":{"y":-3.68,"width":200,"height":200}},"EF/850_S2_fire1/850_S2_fire1_0":{"EF/850_S2_fire1/850_S2_fire1_00000":{"y":-3.68,"width":255,"height":255},"EF/850_S2_fire1/850_S2_fire1_00001":{"y":-3.68,"width":255,"height":255},"EF/850_S2_fire1/850_S2_fire1_00002":{"y":-3.68,"width":255,"height":255},"EF/850_S2_fire1/850_S2_fire1_00003":{"y":-3.68,"width":255,"height":255},"EF/850_S2_fire1/850_S2_fire1_00004":{"y":-3.68,"width":255,"height":255},"EF/850_S2_fire1/850_S2_fire1_00005":{"y":-3.68,"width":255,"height":255},"EF/850_S2_fire1/850_S2_fire1_00006":{"y":-3.68,"width":255,"height":255},"EF/850_S2_fire1/850_S2_fire1_00007":{"y":-3.68,"width":255,"height":255},"EF/850_S2_fire1/850_S2_fire1_00008":{"y":-3.68,"width":255,"height":255},"EF/850_S2_fire1/850_S2_fire1_00009":{"y":-3.68,"width":255,"height":255},"EF/850_S2_fire1/850_S2_fire1_00010":{"y":-3.68,"width":255,"height":255},"EF/850_S2_fire1/850_S2_fire1_00011":{"y":-3.68,"width":255,"height":255},"EF/850_S2_fire1/850_S2_fire1_00012":{"y":-3.68,"width":255,"height":255}},"EF/850_S2_fire1/850_S2_fire1_00000":{"EF/850_S2_fire1/850_S2_fire1_00000":{"y":-3.68,"width":255,"height":255},"EF/850_S2_fire1/850_S2_fire1_00001":{"y":-3.68,"width":255,"height":255},"EF/850_S2_fire1/850_S2_fire1_00002":{"y":-3.68,"width":255,"height":255},"EF/850_S2_fire1/850_S2_fire1_00003":{"y":-3.68,"width":255,"height":255},"EF/850_S2_fire1/850_S2_fire1_00004":{"y":-3.68,"width":255,"height":255},"EF/850_S2_fire1/850_S2_fire1_00005":{"y":-3.68,"width":255,"height":255},"EF/850_S2_fire1/850_S2_fire1_00006":{"y":-3.68,"width":255,"height":255},"EF/850_S2_fire1/850_S2_fire1_00007":{"y":-3.68,"width":255,"height":255},"EF/850_S2_fire1/850_S2_fire1_00008":{"y":-3.68,"width":255,"height":255},"EF/850_S2_fire1/850_S2_fire1_00009":{"y":-3.68,"width":255,"height":255},"EF/850_S2_fire1/850_S2_fire1_00010":{"y":-3.68,"width":255,"height":255},"EF/850_S2_fire1/850_S2_fire1_00011":{"y":-3.68,"width":255,"height":255},"EF/850_S2_fire1/850_S2_fire1_00012":{"y":-3.68,"width":255,"height":255}},"EF/850_S2_fire1/850_S2_fire1_1":{"EF/850_S2_fire1/850_S2_fire1_00000":{"y":-3.68,"width":255,"height":255},"EF/850_S2_fire1/850_S2_fire1_00001":{"y":-3.68,"width":255,"height":255},"EF/850_S2_fire1/850_S2_fire1_00002":{"y":-3.68,"width":255,"height":255},"EF/850_S2_fire1/850_S2_fire1_00003":{"y":-3.68,"width":255,"height":255},"EF/850_S2_fire1/850_S2_fire1_00004":{"y":-3.68,"width":255,"height":255},"EF/850_S2_fire1/850_S2_fire1_00005":{"y":-3.68,"width":255,"height":255},"EF/850_S2_fire1/850_S2_fire1_00006":{"y":-3.68,"width":255,"height":255},"EF/850_S2_fire1/850_S2_fire1_00007":{"y":-3.68,"width":255,"height":255},"EF/850_S2_fire1/850_S2_fire1_00008":{"y":-3.68,"width":255,"height":255},"EF/850_S2_fire1/850_S2_fire1_00009":{"y":-3.68,"width":255,"height":255},"EF/850_S2_fire1/850_S2_fire1_00010":{"y":-3.68,"width":255,"height":255},"EF/850_S2_fire1/850_S2_fire1_00011":{"y":-3.68,"width":255,"height":255},"EF/850_S2_fire1/850_S2_fire1_00012":{"y":-3.68,"width":255,"height":255}},"EF/850_S2_fire2/850_S2_fire2_00001":{"EF/850_S2_fire2/850_S2_fire2_00003":{"y":-3.68,"width":180,"height":180},"EF/850_S2_fire2/850_S2_fire2_00005":{"y":-3.68,"width":180,"height":180},"EF/850_S2_fire2/850_S2_fire2_00007":{"y":-3.68,"width":180,"height":180},"EF/850_S2_fire2/850_S2_fire2_00009":{"y":-3.68,"width":180,"height":180},"EF/850_S2_fire2/850_S2_fire2_00011":{"y":-3.68,"width":180,"height":180},"EF/850_S2_fire2/850_S2_fire2_00013":{"y":-3.68,"width":180,"height":180},"EF/850_S2_fire2/850_S2_fire2_00015":{"y":-3.68,"width":180,"height":180},"EF/850_S2_fire2/850_S2_fire2_00017":{"y":-3.68,"width":180,"height":180}},"EF/850_S2_fire3/850_S2_fire1_00003":{"EF/850_S2_fire3/850_S2_fire1_00003":{"y":-3.68,"width":180,"height":180},"EF/850_S2_fire3/850_S2_fire1_00005":{"y":-3.68,"width":180,"height":180},"EF/850_S2_fire3/850_S2_fire1_00007":{"y":-3.68,"width":180,"height":180},"EF/850_S2_fire3/850_S2_fire1_00008":{"y":-3.68,"width":180,"height":180},"EF/850_S2_fire3/850_S2_fire1_00010":{"y":-3.68,"width":180,"height":180},"EF/850_S2_fire3/850_S2_fire1_00012":{"y":-3.68,"width":180,"height":180},"EF/850_S2_fire3/850_S2_fire1_00013":{"y":-3.68,"width":180,"height":180},"EF/850_S2_fire3/850_S2_fire1_00015":{"y":-3.68,"width":180,"height":180}}}},"events":{"EFEvent":{},"EFHit":{},"Sound1":{}},"animations":{"1-attack1":{},"1-attack1origin":{"slots":{"EF/850_A1_rock1/850_A1_rock1_00001":{"attachment":[{"time":0.6666,"name":"EF/850_A1_rock1/850_A1_rock1_00001"},{"time":0.7333,"name":"EF/850_A1_rock1/850_A1_rock1_00002"},{"time":0.7666,"name":"EF/850_A1_rock1/850_A1_rock1_00004"},{"time":0.8,"name":"EF/850_A1_rock1/850_A1_rock1_00006"},{"time":0.8333,"name":"EF/850_A1_rock1/850_A1_rock1_00008"},{"time":0.8666,"name":"EF/850_A1_rock1/850_A1_rock1_00010"},{"time":0.9,"name":"EF/850_A1_rock1/850_A1_rock1_00011"},{"time":0.9333,"name":"EF/850_A1_rock1/850_A1_rock1_00012"},{"time":1,"name":null}]}},"bones":{"850_A1_rock1":{"translate":[{"time":0.6666,"x":-161.62,"y":82.43},{"time":1,"x":-436.38,"y":82.43}],"scale":[{"time":0.6666,"x":2.5,"y":2.5}]}}},"1-skill1":{},"1-skill2":{"slots":{"EF/100_S1_wave1/100_S1_wave1_00000":{"attachment":[{"time":0,"name":null}]}}},"1-skill1origin":{"slots":{"EF/100_S1_wave1/100_S1_wave1_00000":{"attachment":[{"time":1.1666,"name":"EF/100_S1_wave1/100_S1_wave1_00000"},{"time":1.2333,"name":"EF/100_S1_wave1/100_S1_wave1_00004"},{"time":1.3,"name":"EF/100_S1_wave1/100_S1_wave1_00006"},{"time":1.3666,"name":"EF/100_S1_wave1/100_S1_wave1_00007"},{"time":1.4333,"name":"EF/100_S1_wave1/100_S1_wave1_00009"},{"time":1.5,"name":"EF/100_S1_wave1/100_S1_wave1_00010"},{"time":1.5666,"name":null},{"time":1.6,"name":"EF/100_S1_wave1/100_S1_wave1_00000"},{"time":1.6666,"name":"EF/100_S1_wave1/100_S1_wave1_00004"},{"time":1.7333,"name":"EF/100_S1_wave1/100_S1_wave1_00006"},{"time":1.8,"name":"EF/100_S1_wave1/100_S1_wave1_00007"},{"time":1.8666,"name":"EF/100_S1_wave1/100_S1_wave1_00009"},{"time":1.9333,"name":"EF/100_S1_wave1/100_S1_wave1_00010"},{"time":2,"name":null}],"color":[{"time":1.8666,"color":"ffffffff"},{"time":2,"color":"ffffff00"}]},"EF/100_S1_wave1/100_S1_wave1_0":{"attachment":[{"time":1.3666,"name":"EF/100_S1_wave1/100_S1_wave1_00000"},{"time":1.4333,"name":"EF/100_S1_wave1/100_S1_wave1_00004"},{"time":1.5,"name":"EF/100_S1_wave1/100_S1_wave1_00006"},{"time":1.5666,"name":"EF/100_S1_wave1/100_S1_wave1_00007"},{"time":1.6333,"name":"EF/100_S1_wave1/100_S1_wave1_00009"},{"time":1.7,"name":"EF/100_S1_wave1/100_S1_wave1_00010"},{"time":1.7666,"name":null}]},"EF/690_S2_rock1/690_S2_rock1_00000":{"attachment":[{"time":1.1666,"name":"EF/690_S2_rock1/690_S2_rock1_00000"},{"time":1.2,"name":"EF/690_S2_rock1/690_S2_rock1_00002"},{"time":1.2666,"name":"EF/690_S2_rock1/690_S2_rock1_00004"},{"time":1.3333,"name":"EF/690_S2_rock1/690_S2_rock1_00006"},{"time":1.4,"name":"EF/690_S2_rock1/690_S2_rock1_00008"},{"time":1.4666,"name":null}],"color":[{"time":1.1666,"color":"ffac54ff"}]},"EF/850_S1_fire1/850_S1_fire1_00000":{"attachment":[{"time":1.1666,"name":"EF/850_S1_fire1/850_S1_fire1_00000"},{"time":1.2333,"name":"EF/850_S1_fire1/850_S1_fire1_00001"},{"time":1.3,"name":"EF/850_S1_fire1/850_S1_fire1_00002"},{"time":1.4,"name":"EF/850_S1_fire1/850_S1_fire1_00003"},{"time":1.4666,"name":"EF/850_S1_fire1/850_S1_fire1_00005"},{"time":1.5333,"name":"EF/850_S1_fire1/850_S1_fire1_00007"},{"time":1.6,"name":"EF/850_S1_fire1/850_S1_fire1_00011"},{"time":1.6666,"name":"EF/850_S1_fire1/850_S1_fire1_00015"},{"time":1.7333,"name":"EF/850_S1_fire1/850_S1_fire1_00019"},{"time":1.8,"name":"EF/850_S1_fire1/850_S1_fire1_00022"},{"time":1.8666,"name":"EF/850_S1_fire1/850_S1_fire1_00000"},{"time":1.9666,"name":null},{"time":2.1666,"name":null}],"color":[{"time":1.8666,"color":"ffffffff"},{"time":1.9666,"color":"ffffff00"}]},"EF/850_S1_fire2/850_S1_fire2_00004":{"attachment":[{"time":1.2666,"name":"EF/850_S1_fire2/850_S1_fire2_00004"},{"time":1.4,"name":"EF/850_S1_fire2/850_S1_fire2_00007"},{"time":1.4666,"name":"EF/850_S1_fire2/850_S1_fire2_00009"},{"time":1.5333,"name":"EF/850_S1_fire2/850_S1_fire2_00011"},{"time":1.6,"name":"EF/850_S1_fire2/850_S1_fire2_00013"},{"time":1.6666,"name":null}],"color":[{"time":1.2666,"color":"ffffff00"},{"time":1.3666,"color":"ffffffff","curve":"stepped"},{"time":1.5666,"color":"ffffffff"},{"time":1.6666,"color":"ffffff00"}]},"EF/850_S1_fire2/850_S1_fire2_4":{"attachment":[{"time":1.2666,"name":"EF/850_S1_fire2/850_S1_fire2_00004"},{"time":1.4,"name":"EF/850_S1_fire2/850_S1_fire2_00007"},{"time":1.4666,"name":"EF/850_S1_fire2/850_S1_fire2_00009"},{"time":1.5333,"name":"EF/850_S1_fire2/850_S1_fire2_00011"},{"time":1.6,"name":"EF/850_S1_fire2/850_S1_fire2_00013"},{"time":1.6666,"name":null}],"color":[{"time":1.2666,"color":"ffffff00"},{"time":1.3666,"color":"ffffffff","curve":"stepped"},{"time":1.5666,"color":"ffffffff"},{"time":1.6666,"color":"ffffff00"}]}},"bones":{"690_S2_rock1":{"translate":[{"time":1.1666,"x":-279.5,"y":218.22},{"time":1.3666,"x":-279.5,"y":280.53}],"scale":[{"time":1.1666,"x":3,"y":3},{"time":1.3666,"x":4.667,"y":3.469},{"time":1.4666,"x":5.07,"y":3.768}]},"850_S1_fire1":{"translate":[{"time":1.1666,"x":-315,"y":195.66,"curve":"stepped"},{"time":1.8666,"x":-315,"y":161.07},{"time":1.9666,"x":-315,"y":108.33}],"scale":[{"time":1.1666,"x":4,"y":4,"curve":"stepped"},{"time":1.8666,"x":4.901,"y":3.4},{"time":1.9666,"x":4.676,"y":2.347}]},"100_S1_wave1":{"translate":[{"time":1.1666,"x":-295.78,"y":55.4},{"time":1.5,"x":-295.78,"y":83,"curve":"stepped"},{"time":1.6,"x":-295.78,"y":55.4},{"time":1.9333,"x":-295.78,"y":83}],"scale":[{"time":1.1666,"x":5,"y":5},{"time":1.5,"x":8.605,"y":7.431,"curve":"stepped"},{"time":1.6,"x":5,"y":5},{"time":1.9333,"x":8.605,"y":7.431}]},"100_S1_wave2":{"translate":[{"time":1.3666,"x":-295.78,"y":55.4},{"time":1.6666,"x":-295.78,"y":83}],"scale":[{"time":1.3666,"x":5,"y":5},{"time":1.6666,"x":8.605,"y":7.431}]},"850_S1_fire2":{"translate":[{"time":1.2666,"x":-290.47,"y":196.61}],"scale":[{"time":1.2666,"x":4.11,"y":4.11},{"time":1.6,"x":4.465,"y":4.465}]},"850_S1_fire3":{"translate":[{"time":1.2666,"x":-290.47,"y":260.37}],"scale":[{"time":1.2666,"x":3,"y":3},{"time":1.6,"x":3.259,"y":3.259}]}}},"1-skill2origin":{"slots":{"EF/100_S1_dusty1/100_S1_dusty1_00000":{"attachment":[{"time":1.2666,"name":"EF/100_S1_dusty1/100_S1_dusty1_00000"},{"time":1.3333,"name":"EF/100_S1_dusty1/100_S1_dusty1_00002"},{"time":1.4,"name":"EF/100_S1_dusty1/100_S1_dusty1_00004"},{"time":1.4666,"name":"EF/100_S1_dusty1/100_S1_dusty1_00006"},{"time":1.5333,"name":"EF/100_S1_dusty1/100_S1_dusty1_00010"},{"time":1.6,"name":"EF/100_S1_dusty1/100_S1_dusty1_00012"},{"time":1.6666,"name":"EF/100_S1_dusty1/100_S1_dusty1_00014"},{"time":1.7333,"name":null}],"color":[{"time":1.2666,"color":"ffffff00"},{"time":1.4,"color":"ffffffff"}]},"EF/100_S1_dusty1/100_S1_dusty1_0":{"attachment":[{"time":1.5,"name":"EF/100_S1_dusty1/100_S1_dusty1_00004"},{"time":1.6,"name":"EF/100_S1_dusty1/100_S1_dusty1_00006"},{"time":1.7,"name":"EF/100_S1_dusty1/100_S1_dusty1_00010"},{"time":1.7666,"name":"EF/100_S1_dusty1/100_S1_dusty1_00012"},{"time":1.8333,"name":"EF/100_S1_dusty1/100_S1_dusty1_00014"},{"time":1.9,"name":null}],"color":[{"time":1.8,"color":"ffffffff"},{"time":1.9,"color":"ffffff00"}]},"EF/100_S1_wave1/100_S1_wave1_00000":{"attachment":[{"time":0,"name":null}]},"EF/690_S2_rock1/690_S2_rock1_00000":{"attachment":[{"time":1.3,"name":"EF/690_S2_rock1/690_S2_rock1_00000"},{"time":1.3333,"name":"EF/690_S2_rock1/690_S2_rock1_00002"},{"time":1.4,"name":"EF/690_S2_rock1/690_S2_rock1_00004"},{"time":1.4666,"name":"EF/690_S2_rock1/690_S2_rock1_00006"},{"time":1.5333,"name":"EF/690_S2_rock1/690_S2_rock1_00008"},{"time":1.6666,"name":null}],"color":[{"time":1.3,"color":"ffac54ff","curve":"stepped"},{"time":1.5333,"color":"ffac54ff"},{"time":1.6666,"color":"ffc55d00"}]},"EF/850_S2_earth1/850_S2_earth1_00000":{"attachment":[{"time":1.1666,"name":"EF/850_S2_earth1/850_S2_earth1_00000"},{"time":1.3333,"name":"EF/850_S2_earth1/850_S2_earth1_00002"},{"time":2.7,"name":"EF/850_S2_earth1/850_S2_earth1_00042"},{"time":2.7666,"name":"EF/850_S2_earth1/850_S2_earth1_00043"},{"time":2.8333,"name":"EF/850_S2_earth1/850_S2_earth1_00044"},{"time":2.9,"name":"EF/850_S2_earth1/850_S2_earth1_00045"},{"time":3,"name":null}],"color":[{"time":1.1666,"color":"ffffff00"},{"time":1.2666,"color":"ffffffff","curve":"stepped"},{"time":2.8333,"color":"ffffffff"},{"time":3,"color":"ffffff00"}]},"EF/850_S2_fire1/850_S2_fire1_00000":{"attachment":[{"time":1.1666,"name":"EF/850_S2_fire1/850_S2_fire1_00000"},{"time":1.2666,"name":"EF/850_S2_fire1/850_S2_fire1_00001"},{"time":1.3666,"name":"EF/850_S2_fire1/850_S2_fire1_00002"},{"time":1.4666,"name":"EF/850_S2_fire1/850_S2_fire1_00003"},{"time":1.5666,"name":"EF/850_S2_fire1/850_S2_fire1_00004"},{"time":1.6666,"name":"EF/850_S2_fire1/850_S2_fire1_00005"},{"time":1.7666,"name":"EF/850_S2_fire1/850_S2_fire1_00006"},{"time":1.8666,"name":"EF/850_S2_fire1/850_S2_fire1_00007"},{"time":1.9666,"name":"EF/850_S2_fire1/850_S2_fire1_00008"},{"time":2.0666,"name":"EF/850_S2_fire1/850_S2_fire1_00009"},{"time":2.1666,"name":"EF/850_S2_fire1/850_S2_fire1_00010"},{"time":2.2666,"name":"EF/850_S2_fire1/850_S2_fire1_00011"},{"time":2.3666,"name":"EF/850_S2_fire1/850_S2_fire1_00012"},{"time":2.4666,"name":null},{"time":2.7666,"name":null}],"color":[{"time":1.1666,"color":"ffffff23"},{"time":1.2666,"color":"ffffffff","curve":"stepped"},{"time":2.3333,"color":"ffffffff"},{"time":2.4666,"color":"ffffff00"}]},"EF/850_S2_fire1/850_S2_fire1_0":{"attachment":[{"time":1.4,"name":"EF/850_S2_fire1/850_S2_fire1_00000"},{"time":1.5,"name":"EF/850_S2_fire1/850_S2_fire1_00001"},{"time":1.6,"name":"EF/850_S2_fire1/850_S2_fire1_00002"},{"time":1.7,"name":"EF/850_S2_fire1/850_S2_fire1_00003"},{"time":1.8,"name":"EF/850_S2_fire1/850_S2_fire1_00004"},{"time":1.9,"name":"EF/850_S2_fire1/850_S2_fire1_00005"},{"time":2,"name":"EF/850_S2_fire1/850_S2_fire1_00006"},{"time":2.1,"name":"EF/850_S2_fire1/850_S2_fire1_00007"},{"time":2.2,"name":"EF/850_S2_fire1/850_S2_fire1_00008"},{"time":2.3,"name":"EF/850_S2_fire1/850_S2_fire1_00009"},{"time":2.4,"name":"EF/850_S2_fire1/850_S2_fire1_00010"},{"time":2.5,"name":"EF/850_S2_fire1/850_S2_fire1_00011"},{"time":2.6,"name":"EF/850_S2_fire1/850_S2_fire1_00012"},{"time":2.7,"name":null}],"color":[{"time":2.5333,"color":"ffffffff"},{"time":2.7,"color":"ffffff00"}]},"EF/850_S2_fire1/850_S2_fire1_1":{"attachment":[{"time":1.6333,"name":"EF/850_S2_fire1/850_S2_fire1_00000"},{"time":1.7333,"name":"EF/850_S2_fire1/850_S2_fire1_00001"},{"time":1.8333,"name":"EF/850_S2_fire1/850_S2_fire1_00002"},{"time":1.9333,"name":"EF/850_S2_fire1/850_S2_fire1_00003"},{"time":2.0333,"name":"EF/850_S2_fire1/850_S2_fire1_00004"},{"time":2.1333,"name":"EF/850_S2_fire1/850_S2_fire1_00005"},{"time":2.2333,"name":"EF/850_S2_fire1/850_S2_fire1_00006"},{"time":2.3333,"name":"EF/850_S2_fire1/850_S2_fire1_00007"},{"time":2.4333,"name":"EF/850_S2_fire1/850_S2_fire1_00008"},{"time":2.5333,"name":"EF/850_S2_fire1/850_S2_fire1_00009"},{"time":2.6333,"name":"EF/850_S2_fire1/850_S2_fire1_00010"},{"time":2.7333,"name":"EF/850_S2_fire1/850_S2_fire1_00011"},{"time":2.8333,"name":"EF/850_S2_fire1/850_S2_fire1_00012"},{"time":2.9333,"name":null},{"time":3.2,"name":null}],"color":[{"time":2.7333,"color":"ffffffff"},{"time":2.9333,"color":"ffffff00"}]},"EF/850_S2_fire2/850_S2_fire2_00001":{"attachment":[{"time":1.8,"name":"EF/850_S2_fire2/850_S2_fire2_00003"},{"time":1.9,"name":"EF/850_S2_fire2/850_S2_fire2_00005"},{"time":2,"name":"EF/850_S2_fire2/850_S2_fire2_00007"},{"time":2.0666,"name":"EF/850_S2_fire2/850_S2_fire2_00009"},{"time":2.1333,"name":"EF/850_S2_fire2/850_S2_fire2_00011"},{"time":2.2,"name":"EF/850_S2_fire2/850_S2_fire2_00013"},{"time":2.2666,"name":"EF/850_S2_fire2/850_S2_fire2_00015"},{"time":2.3333,"name":"EF/850_S2_fire2/850_S2_fire2_00017"},{"time":2.4,"name":null},{"time":2.5666,"name":"EF/850_S2_fire2/850_S2_fire2_00003"},{"time":2.6666,"name":"EF/850_S2_fire2/850_S2_fire2_00005"},{"time":2.7666,"name":"EF/850_S2_fire2/850_S2_fire2_00007"},{"time":2.8333,"name":"EF/850_S2_fire2/850_S2_fire2_00009"},{"time":2.9,"name":"EF/850_S2_fire2/850_S2_fire2_00011"},{"time":2.9666,"name":"EF/850_S2_fire2/850_S2_fire2_00013"},{"time":3.0333,"name":"EF/850_S2_fire2/850_S2_fire2_00015"},{"time":3.1,"name":"EF/850_S2_fire2/850_S2_fire2_00017"},{"time":3.1666,"name":null},{"time":3.3333,"name":null}]},"EF/850_S2_fire3/850_S2_fire1_00003":{"attachment":[{"time":1.2666,"name":"EF/850_S2_fire3/850_S2_fire1_00003"},{"time":1.3333,"name":"EF/850_S2_fire3/850_S2_fire1_00005"},{"time":1.4,"name":"EF/850_S2_fire3/850_S2_fire1_00007"},{"time":1.4666,"name":"EF/850_S2_fire3/850_S2_fire1_00008"},{"time":1.5333,"name":"EF/850_S2_fire3/850_S2_fire1_00010"},{"time":1.6,"name":"EF/850_S2_fire3/850_S2_fire1_00012"},{"time":1.6666,"name":"EF/850_S2_fire3/850_S2_fire1_00013"},{"time":1.7333,"name":"EF/850_S2_fire3/850_S2_fire1_00015"},{"time":1.8,"name":null}]}},"bones":{"850_S2_fire1":{"translate":[{"time":1.1666,"x":-347.63,"y":320.83,"curve":"stepped"},{"time":1.2666,"x":-347.63,"y":407.09,"curve":"stepped"},{"time":1.3666,"x":-347.63,"y":390.87}],"scale":[{"time":1.1666,"x":4.1,"y":3.29,"curve":"stepped"},{"time":1.2666,"x":3.8,"y":3.8,"curve":"stepped"},{"time":1.3666,"x":4.1,"y":4.1}]},"850_S2_earth1":{"translate":[{"time":1.1666,"x":-347.63,"y":12.33}],"scale":[{"time":1.1666,"x":3.402,"y":3.402},{"time":1.2666,"x":3.45,"y":3.45}]},"850_S2_fire4":{"translate":[{"time":1.4,"x":-324.6,"y":384.87,"curve":"stepped"},{"time":1.5,"x":-324.6,"y":408.51,"curve":"stepped"},{"time":1.6,"x":-324.6,"y":384.87}],"scale":[{"time":1.4,"x":4,"y":4,"curve":"stepped"},{"time":1.5,"x":3.7,"y":3.7,"curve":"stepped"},{"time":1.6,"x":4,"y":4}]},"850_S2_fire5":{"translate":[{"time":1.6333,"x":-368.56,"y":384.87,"curve":"stepped"},{"time":1.7333,"x":-368.56,"y":408.8,"curve":"stepped"},{"time":1.8333,"x":-368.56,"y":384.87}],"scale":[{"time":1.6333,"x":4,"y":4,"curve":"stepped"},{"time":1.7333,"x":3.7,"y":3.7,"curve":"stepped"},{"time":1.8333,"x":4,"y":4}]},"690_S2_rock1":{"translate":[{"time":1.3,"x":-340.46,"y":261.57},{"time":1.5333,"x":-340.46,"y":339.08},{"time":1.6666,"x":-340.46,"y":411.54}],"scale":[{"time":1.3,"x":4,"y":4},{"time":1.5333,"x":4.761,"y":4.761},{"time":1.6666,"x":6.436,"y":6.436}]},"100_S1_dusty1":{"translate":[{"time":1.2666,"x":-352.74,"y":31.6},{"time":1.4,"x":-352.74,"y":52.48}],"scale":[{"time":1.2666,"x":5,"y":5},{"time":1.4,"x":8,"y":8}]},"100_S1_dusty2":{"translate":[{"time":1.5,"x":-352.74,"y":57.82}],"scale":[{"time":1.5,"x":9.2,"y":9.2}]},"850_S2_fire3":{"translate":[{"time":1.2666,"x":-371.91,"y":141.17},{"time":1.5666,"x":-371.91,"y":274.75},{"time":1.8,"x":-371.91,"y":435.66}],"scale":[{"time":1.2666,"x":4,"y":4},{"time":1.5666,"x":8,"y":8}]},"850_S2_fire2":{"translate":[{"time":1.8,"x":-359.43,"y":191.18}],"scale":[{"time":1.8,"x":6,"y":6}]}}},"Empty":{},"Eruption1":{"slots":{"DAMAGEAREA":{"attachment":[{"time":0.1,"name":"DAMAGEAREA"},{"time":0.6333,"name":null}]},"EF/100_S1_wave1/100_S1_wave1_00000":{"attachment":[{"time":0,"name":"EF/100_S1_wave1/100_S1_wave1_00000"},{"time":0.0666,"name":"EF/100_S1_wave1/100_S1_wave1_00004"},{"time":0.1333,"name":"EF/100_S1_wave1/100_S1_wave1_00006"},{"time":0.2,"name":"EF/100_S1_wave1/100_S1_wave1_00007"},{"time":0.2666,"name":"EF/100_S1_wave1/100_S1_wave1_00009"},{"time":0.3333,"name":"EF/100_S1_wave1/100_S1_wave1_00010"},{"time":0.4,"name":null},{"time":0.4333,"name":"EF/100_S1_wave1/100_S1_wave1_00000"},{"time":0.5,"name":"EF/100_S1_wave1/100_S1_wave1_00004"},{"time":0.5666,"name":"EF/100_S1_wave1/100_S1_wave1_00006"},{"time":0.6333,"name":"EF/100_S1_wave1/100_S1_wave1_00007"},{"time":0.7,"name":"EF/100_S1_wave1/100_S1_wave1_00009"},{"time":0.7666,"name":"EF/100_S1_wave1/100_S1_wave1_00010"},{"time":0.8333,"name":null}],"color":[{"time":0.7,"color":"ffffffff"},{"time":0.8333,"color":"ffffff00"}]},"EF/100_S1_wave1/100_S1_wave1_0":{"attachment":[{"time":0.2,"name":"EF/100_S1_wave1/100_S1_wave1_00000"},{"time":0.2666,"name":"EF/100_S1_wave1/100_S1_wave1_00004"},{"time":0.3333,"name":"EF/100_S1_wave1/100_S1_wave1_00006"},{"time":0.4,"name":"EF/100_S1_wave1/100_S1_wave1_00007"},{"time":0.4666,"name":"EF/100_S1_wave1/100_S1_wave1_00009"},{"time":0.5333,"name":"EF/100_S1_wave1/100_S1_wave1_00010"},{"time":0.6,"name":null}]},"EF/690_S2_rock1/690_S2_rock1_00000":{"attachment":[{"time":0,"name":"EF/690_S2_rock1/690_S2_rock1_00002"},{"time":0.0333,"name":"EF/690_S2_rock1/690_S2_rock1_00002"},{"time":0.1,"name":"EF/690_S2_rock1/690_S2_rock1_00004"},{"time":0.1666,"name":"EF/690_S2_rock1/690_S2_rock1_00006"},{"time":0.2333,"name":"EF/690_S2_rock1/690_S2_rock1_00008"},{"time":0.3,"name":null}],"color":[{"time":0,"color":"ffac54ff"}]},"EF/850_S1_fire1/850_S1_fire1_00000":{"attachment":[{"time":0,"name":"EF/850_S1_fire1/850_S1_fire1_00000"},{"time":0.0666,"name":"EF/850_S1_fire1/850_S1_fire1_00001"},{"time":0.1333,"name":"EF/850_S1_fire1/850_S1_fire1_00002"},{"time":0.2333,"name":"EF/850_S1_fire1/850_S1_fire1_00003"},{"time":0.3,"name":"EF/850_S1_fire1/850_S1_fire1_00005"},{"time":0.3666,"name":"EF/850_S1_fire1/850_S1_fire1_00007"},{"time":0.4333,"name":"EF/850_S1_fire1/850_S1_fire1_00011"},{"time":0.5,"name":"EF/850_S1_fire1/850_S1_fire1_00015"},{"time":0.5666,"name":"EF/850_S1_fire1/850_S1_fire1_00019"},{"time":0.6333,"name":"EF/850_S1_fire1/850_S1_fire1_00022"},{"time":0.7,"name":"EF/850_S1_fire1/850_S1_fire1_00000"},{"time":0.8,"name":null},{"time":1,"name":null}],"color":[{"time":0.7,"color":"ffffffff"},{"time":0.8,"color":"ffffff00"}]},"EF/850_S1_fire2/850_S1_fire2_00004":{"attachment":[{"time":0.1,"name":"EF/850_S1_fire2/850_S1_fire2_00004"},{"time":0.2333,"name":"EF/850_S1_fire2/850_S1_fire2_00007"},{"time":0.3,"name":"EF/850_S1_fire2/850_S1_fire2_00009"},{"time":0.3666,"name":"EF/850_S1_fire2/850_S1_fire2_00011"},{"time":0.4333,"name":"EF/850_S1_fire2/850_S1_fire2_00013"},{"time":0.5,"name":null}],"color":[{"time":0.1,"color":"ffffff00"},{"time":0.2,"color":"ffffffff","curve":"stepped"},{"time":0.4,"color":"ffffffff"},{"time":0.5,"color":"ffffff00"}]},"EF/850_S1_fire2/850_S1_fire2_4":{"attachment":[{"time":0.1,"name":"EF/850_S1_fire2/850_S1_fire2_00004"},{"time":0.2333,"name":"EF/850_S1_fire2/850_S1_fire2_00007"},{"time":0.3,"name":"EF/850_S1_fire2/850_S1_fire2_00009"},{"time":0.3666,"name":"EF/850_S1_fire2/850_S1_fire2_00011"},{"time":0.4333,"name":"EF/850_S1_fire2/850_S1_fire2_00013"},{"time":0.5,"name":null}],"color":[{"time":0.1,"color":"ffffff00"},{"time":0.2,"color":"ffffffff","curve":"stepped"},{"time":0.4,"color":"ffffffff"},{"time":0.5,"color":"ffffff00"}]}},"bones":{"690_S2_rock1":{"translate":[{"time":0,"x":-279.5,"y":228.6},{"time":0.2,"x":-279.5,"y":280.53}],"scale":[{"time":0,"x":3.277,"y":3.078},{"time":0.2,"x":4.667,"y":3.469},{"time":0.3,"x":5.07,"y":3.768}]},"850_S1_fire1":{"translate":[{"time":0,"x":-315,"y":195.66,"curve":"stepped"},{"time":0.7,"x":-315,"y":161.07},{"time":0.8,"x":-315,"y":108.33}],"scale":[{"time":0,"x":4,"y":4,"curve":"stepped"},{"time":0.7,"x":4.901,"y":3.4},{"time":0.8,"x":4.676,"y":2.347}]},"100_S1_wave1":{"translate":[{"time":0,"x":-295.78,"y":58.16},{"time":0.3333,"x":-295.78,"y":83,"curve":"stepped"},{"time":0.4333,"x":-295.78,"y":55.4},{"time":0.7666,"x":-295.78,"y":83}],"scale":[{"time":0,"x":5.36,"y":5.243},{"time":0.3333,"x":8.605,"y":7.431,"curve":"stepped"},{"time":0.4333,"x":5,"y":5},{"time":0.7666,"x":8.605,"y":7.431}]},"100_S1_wave2":{"translate":[{"time":0.2,"x":-295.78,"y":55.4},{"time":0.5,"x":-295.78,"y":83}],"scale":[{"time":0.2,"x":5,"y":5},{"time":0.5,"x":8.605,"y":7.431}]},"850_S1_fire2":{"translate":[{"time":0.1,"x":-290.47,"y":196.61}],"scale":[{"time":0.1,"x":4.11,"y":4.11},{"time":0.4333,"x":4.465,"y":4.465}]},"850_S1_fire3":{"translate":[{"time":0.1,"x":-290.47,"y":260.37}],"scale":[{"time":0.1,"x":3,"y":3},{"time":0.4333,"x":3.259,"y":3.259}]},"DAMAGEAREA":{"translate":[{"time":0.1,"x":5.53,"y":57.47},{"time":0.2333,"x":5.53,"y":210.91},{"time":0.3666,"x":5.53,"y":139.95}],"scale":[{"time":0.1,"x":1.643,"y":0.898},{"time":0.2333,"x":1.643,"y":2.518},{"time":0.3666,"x":2.584,"y":1.89},{"time":0.5,"x":1.571,"y":1.89}]},"MAIN":{"translate":[{"time":0,"x":303.51,"y":0}]}},"events":[{"time":0,"name":"EFEvent","string":"setPosition_Target"},{"time":0,"name":"Sound1","string":"setHitSound(se_battle_explosion_short)"},{"time":0.0333,"name":"EFEvent","float":0.03,"string":"kHitStopType_enemyonly"},{"time":0.1,"name":"EFEvent","string":"setHitEffect(hit02b,1,0.75,200)"},{"time":0.1666,"name":"EFHit","string":"resetHitList"},{"time":0.2333,"name":"EFEvent","string":"shakeGround"},{"time":0.2333,"name":"EFHit","string":"resetHitList"},{"time":0.3,"name":"EFHit","string":"resetHitList"},{"time":0.3666,"name":"EFHit","string":"resetHitList"},{"time":0.4333,"name":"EFEvent","string":"kImpactType_up"},{"time":0.4333,"name":"EFHit","string":"resetHitList"},{"time":0.5,"name":"EFHit","string":"resetHitList"},{"time":0.5666,"name":"EFHit","string":"resetHitList"}]},"Eruption2":{"slots":{"DAMAGEAREA":{"attachment":[{"time":0.1,"name":"DAMAGEAREA"},{"time":1.6333,"name":null}]},"EF/100_S1_dusty1/100_S1_dusty1_00000":{"attachment":[{"time":0.1,"name":"EF/100_S1_dusty1/100_S1_dusty1_00000"},{"time":0.1666,"name":"EF/100_S1_dusty1/100_S1_dusty1_00002"},{"time":0.2333,"name":"EF/100_S1_dusty1/100_S1_dusty1_00004"},{"time":0.3,"name":"EF/100_S1_dusty1/100_S1_dusty1_00006"},{"time":0.3666,"name":"EF/100_S1_dusty1/100_S1_dusty1_00010"},{"time":0.4333,"name":"EF/100_S1_dusty1/100_S1_dusty1_00012"},{"time":0.5,"name":"EF/100_S1_dusty1/100_S1_dusty1_00014"},{"time":0.5666,"name":null}],"color":[{"time":0.1,"color":"ffffff00"},{"time":0.2333,"color":"ffffffff"}]},"EF/100_S1_dusty1/100_S1_dusty1_0":{"attachment":[{"time":0.3333,"name":"EF/100_S1_dusty1/100_S1_dusty1_00004"},{"time":0.4333,"name":"EF/100_S1_dusty1/100_S1_dusty1_00006"},{"time":0.5333,"name":"EF/100_S1_dusty1/100_S1_dusty1_00010"},{"time":0.6,"name":"EF/100_S1_dusty1/100_S1_dusty1_00012"},{"time":0.6666,"name":"EF/100_S1_dusty1/100_S1_dusty1_00014"},{"time":0.7333,"name":null}],"color":[{"time":0.6333,"color":"ffffffff"},{"time":0.7333,"color":"ffffff00"}]},"EF/100_S1_wave1/100_S1_wave1_00000":{"attachment":[{"time":0,"name":null}]},"EF/690_S2_rock1/690_S2_rock1_00000":{"attachment":[{"time":0.1333,"name":"EF/690_S2_rock1/690_S2_rock1_00000"},{"time":0.1666,"name":"EF/690_S2_rock1/690_S2_rock1_00002"},{"time":0.2333,"name":"EF/690_S2_rock1/690_S2_rock1_00004"},{"time":0.3,"name":"EF/690_S2_rock1/690_S2_rock1_00006"},{"time":0.3666,"name":"EF/690_S2_rock1/690_S2_rock1_00008"},{"time":0.5,"name":null}],"color":[{"time":0.1333,"color":"ffac54ff","curve":"stepped"},{"time":0.3666,"color":"ffac54ff"},{"time":0.5,"color":"ffc55d00"}]},"EF/850_S2_earth1/850_S2_earth1_00000":{"attachment":[{"time":0,"name":"EF/850_S2_earth1/850_S2_earth1_00000"},{"time":0.1666,"name":"EF/850_S2_earth1/850_S2_earth1_00002"},{"time":1.5333,"name":"EF/850_S2_earth1/850_S2_earth1_00042"},{"time":1.6,"name":"EF/850_S2_earth1/850_S2_earth1_00043"},{"time":1.6666,"name":"EF/850_S2_earth1/850_S2_earth1_00044"},{"time":1.7333,"name":"EF/850_S2_earth1/850_S2_earth1_00045"},{"time":1.8333,"name":null}],"color":[{"time":0,"color":"ffffff00"},{"time":0.1,"color":"ffffffff","curve":"stepped"},{"time":1.6666,"color":"ffffffff"},{"time":1.8333,"color":"ffffff00"}]},"EF/850_S2_fire1/850_S2_fire1_00000":{"attachment":[{"time":0,"name":"EF/850_S2_fire1/850_S2_fire1_00000"},{"time":0.1,"name":"EF/850_S2_fire1/850_S2_fire1_00001"},{"time":0.2,"name":"EF/850_S2_fire1/850_S2_fire1_00002"},{"time":0.3,"name":"EF/850_S2_fire1/850_S2_fire1_00003"},{"time":0.4,"name":"EF/850_S2_fire1/850_S2_fire1_00004"},{"time":0.5,"name":"EF/850_S2_fire1/850_S2_fire1_00005"},{"time":0.6,"name":"EF/850_S2_fire1/850_S2_fire1_00006"},{"time":0.7,"name":"EF/850_S2_fire1/850_S2_fire1_00007"},{"time":0.8,"name":"EF/850_S2_fire1/850_S2_fire1_00008"},{"time":0.9,"name":"EF/850_S2_fire1/850_S2_fire1_00009"},{"time":1,"name":"EF/850_S2_fire1/850_S2_fire1_00010"},{"time":1.1,"name":"EF/850_S2_fire1/850_S2_fire1_00011"},{"time":1.2,"name":"EF/850_S2_fire1/850_S2_fire1_00012"},{"time":1.3,"name":null},{"time":1.6,"name":null}],"color":[{"time":0,"color":"ffffff23"},{"time":0.1,"color":"ffffffff","curve":"stepped"},{"time":1.1666,"color":"ffffffff"},{"time":1.3,"color":"ffffff00"}]},"EF/850_S2_fire1/850_S2_fire1_0":{"attachment":[{"time":0.2333,"name":"EF/850_S2_fire1/850_S2_fire1_00000"},{"time":0.3333,"name":"EF/850_S2_fire1/850_S2_fire1_00001"},{"time":0.4333,"name":"EF/850_S2_fire1/850_S2_fire1_00002"},{"time":0.5333,"name":"EF/850_S2_fire1/850_S2_fire1_00003"},{"time":0.6333,"name":"EF/850_S2_fire1/850_S2_fire1_00004"},{"time":0.7333,"name":"EF/850_S2_fire1/850_S2_fire1_00005"},{"time":0.8333,"name":"EF/850_S2_fire1/850_S2_fire1_00006"},{"time":0.9333,"name":"EF/850_S2_fire1/850_S2_fire1_00007"},{"time":1.0333,"name":"EF/850_S2_fire1/850_S2_fire1_00008"},{"time":1.1333,"name":"EF/850_S2_fire1/850_S2_fire1_00009"},{"time":1.2333,"name":"EF/850_S2_fire1/850_S2_fire1_00010"},{"time":1.3333,"name":"EF/850_S2_fire1/850_S2_fire1_00011"},{"time":1.4333,"name":"EF/850_S2_fire1/850_S2_fire1_00012"},{"time":1.5333,"name":null}],"color":[{"time":1.3666,"color":"ffffffff"},{"time":1.5333,"color":"ffffff00"}]},"EF/850_S2_fire1/850_S2_fire1_1":{"attachment":[{"time":0.4666,"name":"EF/850_S2_fire1/850_S2_fire1_00000"},{"time":0.5666,"name":"EF/850_S2_fire1/850_S2_fire1_00001"},{"time":0.6666,"name":"EF/850_S2_fire1/850_S2_fire1_00002"},{"time":0.7666,"name":"EF/850_S2_fire1/850_S2_fire1_00003"},{"time":0.8666,"name":"EF/850_S2_fire1/850_S2_fire1_00004"},{"time":0.9666,"name":"EF/850_S2_fire1/850_S2_fire1_00005"},{"time":1.0666,"name":"EF/850_S2_fire1/850_S2_fire1_00006"},{"time":1.1666,"name":"EF/850_S2_fire1/850_S2_fire1_00007"},{"time":1.2666,"name":"EF/850_S2_fire1/850_S2_fire1_00008"},{"time":1.3666,"name":"EF/850_S2_fire1/850_S2_fire1_00009"},{"time":1.4666,"name":"EF/850_S2_fire1/850_S2_fire1_00010"},{"time":1.5666,"name":"EF/850_S2_fire1/850_S2_fire1_00011"},{"time":1.6666,"name":"EF/850_S2_fire1/850_S2_fire1_00012"},{"time":1.7666,"name":null},{"time":2.0333,"name":null}],"color":[{"time":1.5666,"color":"ffffffff"},{"time":1.7666,"color":"ffffff00"}]},"EF/850_S2_fire2/850_S2_fire2_00001":{"attachment":[{"time":0.6333,"name":"EF/850_S2_fire2/850_S2_fire2_00003"},{"time":0.7333,"name":"EF/850_S2_fire2/850_S2_fire2_00005"},{"time":0.8333,"name":"EF/850_S2_fire2/850_S2_fire2_00007"},{"time":0.9,"name":"EF/850_S2_fire2/850_S2_fire2_00009"},{"time":0.9666,"name":"EF/850_S2_fire2/850_S2_fire2_00011"},{"time":1.0333,"name":"EF/850_S2_fire2/850_S2_fire2_00013"},{"time":1.1,"name":"EF/850_S2_fire2/850_S2_fire2_00015"},{"time":1.1666,"name":"EF/850_S2_fire2/850_S2_fire2_00017"},{"time":1.2333,"name":null},{"time":1.4,"name":"EF/850_S2_fire2/850_S2_fire2_00003"},{"time":1.5,"name":"EF/850_S2_fire2/850_S2_fire2_00005"},{"time":1.6,"name":"EF/850_S2_fire2/850_S2_fire2_00007"},{"time":1.6666,"name":"EF/850_S2_fire2/850_S2_fire2_00009"},{"time":1.7333,"name":"EF/850_S2_fire2/850_S2_fire2_00011"},{"time":1.8,"name":"EF/850_S2_fire2/850_S2_fire2_00013"},{"time":1.8666,"name":"EF/850_S2_fire2/850_S2_fire2_00015"},{"time":1.9333,"name":"EF/850_S2_fire2/850_S2_fire2_00017"},{"time":2,"name":null},{"time":2.1666,"name":null}]},"EF/850_S2_fire3/850_S2_fire1_00003":{"attachment":[{"time":0.1,"name":"EF/850_S2_fire3/850_S2_fire1_00003"},{"time":0.1666,"name":"EF/850_S2_fire3/850_S2_fire1_00005"},{"time":0.2333,"name":"EF/850_S2_fire3/850_S2_fire1_00007"},{"time":0.3,"name":"EF/850_S2_fire3/850_S2_fire1_00008"},{"time":0.3666,"name":"EF/850_S2_fire3/850_S2_fire1_00010"},{"time":0.4333,"name":"EF/850_S2_fire3/850_S2_fire1_00012"},{"time":0.5,"name":"EF/850_S2_fire3/850_S2_fire1_00013"},{"time":0.5666,"name":"EF/850_S2_fire3/850_S2_fire1_00015"},{"time":0.6333,"name":null}]}},"bones":{"850_S2_fire1":{"translate":[{"time":0,"x":-347.63,"y":320.83,"curve":"stepped"},{"time":0.1,"x":-347.63,"y":407.09,"curve":"stepped"},{"time":0.2,"x":-347.63,"y":390.87}],"scale":[{"time":0,"x":4.1,"y":3.29,"curve":"stepped"},{"time":0.1,"x":3.8,"y":3.8,"curve":"stepped"},{"time":0.2,"x":4.1,"y":4.1}]},"850_S2_earth1":{"translate":[{"time":0,"x":-347.63,"y":12.33}],"scale":[{"time":0,"x":3.402,"y":3.402},{"time":0.1,"x":3.45,"y":3.45}]},"850_S2_fire4":{"translate":[{"time":0.2333,"x":-324.6,"y":384.87,"curve":"stepped"},{"time":0.3333,"x":-324.6,"y":408.51,"curve":"stepped"},{"time":0.4333,"x":-324.6,"y":384.87}],"scale":[{"time":0.2333,"x":4,"y":4,"curve":"stepped"},{"time":0.3333,"x":3.7,"y":3.7,"curve":"stepped"},{"time":0.4333,"x":4,"y":4}]},"850_S2_fire5":{"translate":[{"time":0.4666,"x":-368.56,"y":384.87,"curve":"stepped"},{"time":0.5666,"x":-368.56,"y":408.8,"curve":"stepped"},{"time":0.6666,"x":-368.56,"y":384.87}],"scale":[{"time":0.4666,"x":4,"y":4,"curve":"stepped"},{"time":0.5666,"x":3.7,"y":3.7,"curve":"stepped"},{"time":0.6666,"x":4,"y":4}]},"690_S2_rock1":{"translate":[{"time":0.1333,"x":-340.46,"y":261.57},{"time":0.3666,"x":-340.46,"y":339.08},{"time":0.5,"x":-340.46,"y":411.54}],"scale":[{"time":0.1333,"x":4,"y":4},{"time":0.3666,"x":4.761,"y":4.761},{"time":0.5,"x":6.436,"y":6.436}]},"100_S1_dusty1":{"translate":[{"time":0.1,"x":-352.74,"y":31.6},{"time":0.2333,"x":-352.74,"y":52.48}],"scale":[{"time":0.1,"x":5,"y":5},{"time":0.2333,"x":8,"y":8}]},"100_S1_dusty2":{"translate":[{"time":0.3333,"x":-352.74,"y":57.82}],"scale":[{"time":0.3333,"x":9.2,"y":9.2}]},"850_S2_fire3":{"translate":[{"time":0.1,"x":-371.91,"y":141.17},{"time":0.4,"x":-371.91,"y":274.75},{"time":0.6333,"x":-371.91,"y":435.66}],"scale":[{"time":0.1,"x":4,"y":4},{"time":0.4,"x":8,"y":8}]},"850_S2_fire2":{"translate":[{"time":0.6333,"x":-359.43,"y":191.18}],"scale":[{"time":0.6333,"x":6,"y":6}]},"MAIN":{"translate":[{"time":0,"x":354.67,"y":0}]},"DAMAGEAREA":{"translate":[{"time":0.1,"x":0,"y":218.07},{"time":0.2,"x":0,"y":193.05,"curve":"stepped"},{"time":0.4666,"x":0,"y":193.05},{"time":0.6,"x":0,"y":354.31,"curve":"stepped"},{"time":0.7666,"x":0,"y":354.3},{"time":1.4666,"x":0,"y":240.46}],"scale":[{"time":0.1,"x":1.997,"y":2.361},{"time":0.2,"x":3.232,"y":2.689,"curve":"stepped"},{"time":0.4666,"x":3.232,"y":2.689},{"time":0.6,"x":3.232,"y":4.092,"curve":"stepped"},{"time":0.7666,"x":3.232,"y":4.09},{"time":1.4666,"x":0.827,"y":2.689}]}},"events":[{"time":0,"name":"EFEvent","string":"setPosition_Target"},{"time":0,"name":"Sound1","string":"setHitSound(se_battle_explosion_short)"},{"time":0.0333,"name":"EFEvent","float":0.3,"string":"kHitStopType_normal"},{"time":0.1,"name":"EFEvent","string":"setHitEffect(hit02b,1,0.75,200)"},{"time":0.1333,"name":"EFEvent","float":0.03,"string":"kHitStopType_enemyonly"},{"time":0.1666,"name":"EFHit","string":"resetHitList"},{"time":0.2,"name":"EFHit","string":"resetHitList"},{"time":0.2333,"name":"EFHit","string":"resetHitList"},{"time":0.2666,"name":"EFHit","string":"resetHitList"},{"time":0.3,"name":"EFHit","string":"resetHitList"},{"time":0.3333,"name":"EFEvent","float":1.3,"string":"shakeGround_Loop"},{"time":0.3666,"name":"EFHit","string":"resetHitList"},{"time":0.4333,"name":"EFHit","string":"resetHitList"},{"time":0.5,"name":"EFHit","string":"resetHitList"},{"time":0.5666,"name":"EFEvent","string":"kImpactType_up"},{"time":0.5666,"name":"EFHit","string":"resetHitList"},{"time":0.6333,"name":"EFHit","string":"resetHitList"},{"time":0.7,"name":"EFHit","string":"resetHitList"},{"time":0.7666,"name":"EFHit","string":"resetHitList"},{"time":0.8333,"name":"EFHit","string":"resetHitList"},{"time":0.9,"name":"EFHit","string":"resetHitList"},{"time":0.9666,"name":"EFHit","string":"resetHitList"},{"time":1.0333,"name":"EFHit","string":"resetHitList"},{"time":1.1,"name":"EFHit","string":"resetHitList"},{"time":1.1666,"name":"EFHit","string":"resetHitList"},{"time":1.2333,"name":"EFHit","string":"resetHitList"}]},"FireBall":{"slots":{"DAMAGEAREA":{"attachment":[{"time":0.0666,"name":"DAMAGEAREA"},{"time":0.2666,"name":null}]},"EF/850_A1_rock1/850_A1_rock1_00001":{"attachment":[{"time":0,"name":null},{"time":0.0666,"name":"EF/850_A1_rock1/850_A1_rock1_00002"},{"time":0.1,"name":"EF/850_A1_rock1/850_A1_rock1_00004"},{"time":0.1333,"name":"EF/850_A1_rock1/850_A1_rock1_00006"},{"time":0.1666,"name":"EF/850_A1_rock1/850_A1_rock1_00008"},{"time":0.2,"name":"EF/850_A1_rock1/850_A1_rock1_00010"},{"time":0.2333,"name":"EF/850_A1_rock1/850_A1_rock1_00011"},{"time":0.2666,"name":"EF/850_A1_rock1/850_A1_rock1_00012"},{"time":0.3333,"name":null}]}},"bones":{"850_A1_rock1":{"translate":[{"time":0,"x":0,"y":0},{"time":0.3333,"x":-436.38,"y":82.43}],"scale":[{"time":0,"x":1,"y":1}]},"DAMAGEAREA":{"translate":[{"time":0,"x":0,"y":0},{"time":0.0666,"x":-152.5,"y":73.25},{"time":0.1333,"x":-298.26,"y":73.25},{"time":0.2333,"x":-449.79,"y":73.25}],"scale":[{"time":0,"x":1,"y":1},{"time":0.0666,"x":0.715,"y":0.446},{"time":0.1333,"x":1.416,"y":0.446},{"time":0.2333,"x":0.505,"y":0.395}]}},"events":[{"time":0,"name":"EFEvent","string":"setHitEffect(hit02b,1,0.8,100)"},{"time":0.0333,"name":"EFEvent","float":0.05,"string":"kHitStopType_enemyonly"}]},"animation":{}}}