{"skeleton":{"hash":"1+ZLHat9lw74o3iKGvauA4hash4","spine":"3.0.12","width":0,"height":0,"images":"./images/"},"bones":[{"name":"root"},{"name":"MAIN","parent":"root","y":53.45}],"slots":[{"name":"MAIN","bone":"MAIN","attachment":"idle_00"}],"skins":{"default":{"MAIN":{"idle_00":{"x":33.36,"y":7.21,"width":285,"height":172},"idle_01":{"x":33.36,"y":7.21,"width":285,"height":172},"idle_02":{"x":33.36,"y":7.21,"width":285,"height":172},"idle_03":{"x":33.36,"y":7.21,"width":285,"height":172},"idle_04":{"x":33.36,"y":7.21,"width":285,"height":172}}}},"events":{"Event":{},"Hit":{},"Sound":{},"Sound2":{},"View":{},"Voice":{}},"animations":{"idle":{"slots":{"MAIN":{"attachment":[{"time":0,"name":"idle_00"},{"time":0.1666,"name":"idle_01"},{"time":0.3333,"name":"idle_02"},{"time":0.5,"name":"idle_03"},{"time":0.6666,"name":"idle_04"},{"time":0.8333,"name":"idle_00"}]}},"events":[{"time":0.1,"name":"Sound"}]}}}