{"skeleton":{"hash":"1QQOnXl3DKyDfuYS6K9cBxaBoMs","spine":"3.0.12","width":0,"height":0},"bones":[{"name":"root"},{"name":"S2_wave1","parent":"root","x":342.23,"y":-293.63,"scaleX":2.997,"scaleY":2.997},{"name":"MAIN","parent":"root","y":65},{"name":"bone4","parent":"MAIN","x":22.21,"y":-15.53},{"name":"SHADOW-OFFSET","parent":"MAIN"},{"name":"R_leg_3","parent":"MAIN","length":7.5,"x":-33.46,"y":-54.35,"rotation":-115.44},{"name":"R_leg_2","parent":"MAIN","length":16.02,"x":-19.51,"y":-38.74,"rotation":-134.47},{"name":"R_leg_1","parent":"MAIN","length":13.98,"x":-10.42,"y":-25.55,"rotation":-119.86},{"name":"L_leg_3","parent":"MAIN","length":7.23,"x":21.79,"y":-55.37,"rotation":-77.87},{"name":"L_leg_2","parent":"MAIN","length":17.2,"x":6.54,"y":-36.39,"rotation":-57.43},{"name":"L_leg_1","parent":"MAIN","length":13.13,"x":5.63,"y":-19.22,"rotation":-88.67},{"name":"HPBAR","parent":"MAIN","y":83},{"name":"HITBOX","parent":"MAIN"},{"name":"DAMAGEAREA","parent":"root"},{"name":"AS_wave2","parent":"root","x":396.26,"y":-234.7,"scaleX":3,"scaleY":3},{"name":"AS_wave1","parent":"root","x":342.22,"y":-234.7,"scaleX":3,"scaleY":3},{"name":"A1_ef2","parent":"root","x":869,"y":-45.64,"scaleX":2,"scaleY":2},{"name":"A1_ef1","parent":"root","x":796,"y":-44.81,"scaleX":2.5,"scaleY":2.5}],"slots":[{"name":"grid/grid","bone":"root","color":"ffffff83"},{"name":"grid/newUI","bone":"root","color":"ffffff83"},{"name":"S2_wave1","bone":"S2_wave1","blend":"additive"},{"name":"AS_wave1","bone":"AS_wave1","blend":"additive"},{"name":"AS_wave2","bone":"AS_wave2","blend":"additive"},{"name":"R_leg_3","bone":"R_leg_3","attachment":"R_leg_3"},{"name":"R_leg_2","bone":"R_leg_2","attachment":"R_leg_2"},{"name":"R_leg_1","bone":"R_leg_1","attachment":"R_leg_1"},{"name":"MAIN","bone":"MAIN","attachment":"idle_00"},{"name":"L_leg_3","bone":"L_leg_3","attachment":"L_leg_3"},{"name":"L_leg_2","bone":"L_leg_2","attachment":"L_leg_2"},{"name":"L_leg_1","bone":"L_leg_1","attachment":"L_leg_1"},{"name":"L_hand","bone":"bone4"},{"name":"EF/A1_slash_Dot/10000-combo_16_ef2_1B","bone":"A1_ef1","color":"00ff53ff","blend":"additive"},{"name":"EF/A1_slash_Dot/10000-combo_16_ef2_1F","bone":"A1_ef1","color":"00ff53ff","blend":"additive"},{"name":"EF/A1_slash_Dot/sp_ef_1","bone":"A1_ef2","color":"00ff53ff","blend":"additive"},{"name":"HITBOX","bone":"HITBOX","attachment":"HITBOX"},{"name":"DAMAGEAREA","bone":"DAMAGEAREA"}],"skins":{"default":{"AS_wave1":{"EF/370_S1_wave1/370_S1_wave1_00000":{"x":-0.07,"y":7.28,"width":250,"height":250},"EF/370_S1_wave1/370_S1_wave1_00001":{"x":-0.07,"y":7.28,"width":250,"height":250},"EF/370_S1_wave1/370_S1_wave1_00002":{"x":-0.07,"y":7.28,"width":250,"height":250},"EF/370_S1_wave1/370_S1_wave1_00003":{"x":-0.07,"y":7.28,"width":250,"height":250},"EF/370_S1_wave1/370_S1_wave1_00004":{"x":-0.07,"y":7.28,"width":250,"height":250},"EF/370_S1_wave1/370_S1_wave1_00005":{"x":-0.07,"y":7.28,"width":250,"height":250},"EF/370_S1_wave1/370_S1_wave1_00006":{"x":-0.07,"y":7.28,"width":250,"height":250},"EF/370_S1_wave1/370_S1_wave1_00007":{"x":-0.07,"y":7.28,"width":250,"height":250},"EF/370_S1_wave1/370_S1_wave1_00008":{"x":-0.07,"y":7.28,"width":250,"height":250}},"AS_wave2":{"EF/370_S1_wave1/370_S1_wave1_00000":{"x":-0.07,"y":7.28,"width":250,"height":250},"EF/370_S1_wave1/370_S1_wave1_00001":{"x":-0.07,"y":7.28,"width":250,"height":250},"EF/370_S1_wave1/370_S1_wave1_00002":{"x":-0.07,"y":7.28,"width":250,"height":250},"EF/370_S1_wave1/370_S1_wave1_00003":{"x":-0.07,"y":7.28,"width":250,"height":250},"EF/370_S1_wave1/370_S1_wave1_00004":{"x":-0.07,"y":7.28,"width":250,"height":250},"EF/370_S1_wave1/370_S1_wave1_00005":{"x":-0.07,"y":7.28,"width":250,"height":250},"EF/370_S1_wave1/370_S1_wave1_00006":{"x":-0.07,"y":7.28,"width":250,"height":250},"EF/370_S1_wave1/370_S1_wave1_00007":{"x":-0.07,"y":7.28,"width":250,"height":250},"EF/370_S1_wave1/370_S1_wave1_00008":{"x":-0.07,"y":7.28,"width":250,"height":250}},"DAMAGEAREA":{"DAMAGEAREA":{"type":"boundingbox","vertices":[-98.82606,98.43361,-99.17281,-99.52444,98.37489,-99.00046,98.76302,97.1183]}},"EF/A1_slash_Dot/10000-combo_16_ef2_1B":{"EF/A1_slash_Dot/10000-combo_16_ef2_1B":{"x":-14.72,"y":19.93,"width":206,"height":171}},"EF/A1_slash_Dot/10000-combo_16_ef2_1F":{"EF/A1_slash_Dot/10000-combo_16_ef2_1F":{"x":-14.84,"y":19.89,"width":206,"height":171}},"EF/A1_slash_Dot/sp_ef_1":{"EF/A1_slash_Dot/sp_ef_1":{"x":94,"y":0.9,"width":300,"height":160},"EF/A1_slash_Dot/sp_ef_2":{"x":94,"y":0.9,"width":300,"height":160},"EF/A1_slash_Dot/sp_ef_3":{"x":94,"y":0.9,"width":300,"height":160}},"HITBOX":{"HITBOX":{"type":"boundingbox","vertices":[-42.46199,47.48173,-41.568,-64.26816,31.73992,-63.37416,31.29291,47.92872]}},"L_hand":{"L_hand":{"x":-59.98,"y":29.73,"width":500,"height":400}},"L_leg_1":{"L_leg_1":{"x":-33.47,"y":-43.46,"rotation":88.67,"width":500,"height":400}},"L_leg_2":{"L_leg_2":{"x":-66.13,"y":-11.31,"rotation":57.14,"width":500,"height":400}},"L_leg_3":{"L_leg_3":{"x":-79.77,"y":-44.64,"rotation":77.85,"width":500,"height":400}},"MAIN":{"attack1_00":{"x":-8,"y":13,"width":500,"height":500},"attack1_01":{"x":-13,"y":13,"width":500,"height":500},"attack1_02":{"x":-13,"y":13,"width":500,"height":500},"attack1_03":{"x":-21,"y":14,"width":500,"height":500},"attack1_04":{"x":-21,"y":14,"width":500,"height":500},"attack1_05":{"x":-21,"y":14,"width":500,"height":500},"attack1_06":{"x":-21,"y":14,"width":500,"height":500},"attack1_07":{"x":-21,"y":14,"width":500,"height":500},"attack1_08":{"x":-21,"y":15,"width":500,"height":500},"attack1_09":{"x":-21,"y":15,"width":500,"height":500},"attack1_10":{"x":-21,"y":15,"width":500,"height":500},"attack1_11":{"x":-25,"y":15,"width":500,"height":500},"attack1_12":{"x":-6,"y":15,"width":500,"height":500},"attack1_13":{"x":-23,"y":16,"width":500,"height":500},"attack1_14":{"x":-23,"y":16,"width":500,"height":500},"back_00":{"x":-28,"y":21,"width":500,"height":500},"damage_00":{"x":-42,"y":-4,"width":500,"height":500},"front_00":{"x":-26,"y":-4,"width":500,"height":500},"idle_00":{"x":-38,"y":-1,"width":500,"height":500},"idle_01":{"x":-38,"y":-1,"width":500,"height":500},"idle_02":{"x":-38,"y":-1,"width":500,"height":500},"idle_03":{"x":-38,"y":-1,"width":500,"height":500},"idle_04":{"x":-38,"y":-1,"width":500,"height":500},"skill1_00":{"x":-28,"y":10,"width":500,"height":500},"skill1_01":{"x":-28,"y":10,"width":500,"height":500},"skill1_02":{"x":-28,"y":10,"width":500,"height":500},"skill1_03":{"x":-31,"y":5,"width":500,"height":500},"skill1_04":{"x":-23,"y":-8,"width":500,"height":500},"skill1_05":{"x":-30,"y":-2,"width":500,"height":500},"skill1_06":{"x":-16,"y":25,"width":500,"height":500},"skill1_07":{"x":-16,"y":25,"width":500,"height":500},"skill1_08":{"x":-16,"y":25,"width":500,"height":500},"skill1_09":{"x":-16,"y":25,"width":500,"height":500},"skill1_10":{"x":-16,"y":25,"width":500,"height":500},"skill1_11":{"x":-13,"y":13,"width":500,"height":500},"skill1_12":{"x":-13,"y":13,"width":500,"height":500},"skill2_00":{"x":-6.12,"y":1,"width":500,"height":500},"skill2_01":{"x":-6,"y":1,"width":500,"height":500},"skill2_02":{"x":-6,"y":1,"width":500,"height":500},"skill2_03":{"x":-5.73,"y":1,"width":500,"height":500},"skill2_04":{"x":-6,"y":1,"width":500,"height":500},"skill2_05":{"x":-6,"y":1,"width":500,"height":500},"skill2_06":{"x":-6,"y":1,"width":500,"height":500},"skill2_07":{"x":-6.12,"y":1,"width":500,"height":500}},"R_leg_1":{"R_leg_1":{"x":-19.83,"y":-43.24,"rotation":120.1,"width":500,"height":400}},"R_leg_2":{"R_leg_2":{"x":-24.05,"y":-49.6,"rotation":134.28,"width":500,"height":400}},"R_leg_3":{"R_leg_3":{"x":-59.01,"y":-33.13,"rotation":115.6,"width":500,"height":400}},"S2_wave1":{"EF/520A_S2_wave1/520A_S2_wave1_00000":{"x":-2.32,"y":0.67,"width":250,"height":250},"EF/520A_S2_wave1/520A_S2_wave1_00001":{"x":-2.32,"y":0.67,"width":250,"height":250},"EF/520A_S2_wave1/520A_S2_wave1_00002":{"x":-2.32,"y":0.67,"width":250,"height":250},"EF/520A_S2_wave1/520A_S2_wave1_00003":{"x":-2.32,"y":0.67,"width":250,"height":250},"EF/520A_S2_wave1/520A_S2_wave1_00004":{"x":-2.32,"y":0.67,"width":250,"height":250},"EF/520A_S2_wave1/520A_S2_wave1_00005":{"x":-2.32,"y":0.67,"width":250,"height":250},"EF/520A_S2_wave1/520A_S2_wave1_00006":{"x":-2.32,"y":0.67,"width":250,"height":250},"EF/520A_S2_wave1/520A_S2_wave1_00007":{"x":-2.32,"y":0.67,"width":250,"height":250},"EF/520A_S2_wave1/520A_S2_wave1_00008":{"x":-2.32,"y":0.67,"width":250,"height":250},"EF/520A_S2_wave1/520A_S2_wave1_00009":{"x":-2.32,"y":0.67,"width":250,"height":250}}}},"events":{"Event":{},"Hit":{},"Sound1":{},"Sound2":{},"View":{},"Voice":{}},"animations":{"attack1":{"slots":{"DAMAGEAREA":{"attachment":[{"time":0.3333,"name":"DAMAGEAREA"},{"time":0.4333,"name":null},{"time":1.3,"name":"DAMAGEAREA"},{"time":1.4,"name":null}]},"EF/A1_slash_Dot/10000-combo_16_ef2_1B":{"attachment":[{"time":0.3333,"name":"EF/A1_slash_Dot/10000-combo_16_ef2_1B"},{"time":0.3666,"name":null}]},"EF/A1_slash_Dot/10000-combo_16_ef2_1F":{"attachment":[{"time":0.3333,"name":"EF/A1_slash_Dot/10000-combo_16_ef2_1F"},{"time":0.3666,"name":null}]},"EF/A1_slash_Dot/sp_ef_1":{"attachment":[{"time":1.3,"name":"EF/A1_slash_Dot/sp_ef_1"},{"time":1.3666,"name":"EF/A1_slash_Dot/sp_ef_2"},{"time":1.4,"name":"EF/A1_slash_Dot/sp_ef_3"},{"time":1.4333,"name":null}]},"L_leg_1":{"attachment":[{"time":0,"name":null},{"time":1.9333,"name":"L_leg_1"},{"time":2.1666,"name":"L_leg_1"}]},"L_leg_2":{"attachment":[{"time":0,"name":null},{"time":1.9333,"name":"L_leg_2"},{"time":2,"name":"L_leg_2"},{"time":2.1666,"name":"L_leg_2"}]},"L_leg_3":{"attachment":[{"time":0,"name":null},{"time":1.9333,"name":"L_leg_3"},{"time":2.1666,"name":"L_leg_3"}]},"MAIN":{"attachment":[{"time":0,"name":"attack1_00"},{"time":0.1,"name":"attack1_01"},{"time":0.2,"name":"attack1_02"},{"time":0.3,"name":"attack1_03"},{"time":0.3666,"name":"attack1_04"},{"time":0.4333,"name":"attack1_05"},{"time":0.5333,"name":"attack1_06"},{"time":0.6666,"name":"attack1_07"},{"time":0.7333,"name":"attack1_08"},{"time":0.8333,"name":"attack1_09"},{"time":0.9666,"name":"attack1_10"},{"time":1.3,"name":"attack1_11"},{"time":1.4333,"name":"attack1_12"},{"time":1.4666,"name":"attack1_13"},{"time":1.5333,"name":"attack1_14"},{"time":1.6666,"name":"back_00"},{"time":1.9333,"name":"idle_02"},{"time":2,"name":"idle_00"},{"time":2.1666,"name":"idle_00"}]},"R_leg_1":{"attachment":[{"time":1.9333,"name":"R_leg_1"},{"time":2.1666,"name":"R_leg_1"}]},"R_leg_2":{"attachment":[{"time":1.9333,"name":"R_leg_2"},{"time":2.1666,"name":"R_leg_2"}]},"R_leg_3":{"attachment":[{"time":1.9333,"name":"R_leg_3"},{"time":2.1666,"name":"R_leg_3"}]}},"bones":{"MAIN":{"translate":[{"time":0,"x":0,"y":0},{"time":0.1666,"x":-55,"y":0,"curve":"stepped"},{"time":0.6666,"x":-58,"y":0,"curve":"stepped"},{"time":1.3,"x":-78.77,"y":0},{"time":1.4,"x":-140,"y":0},{"time":1.6,"x":-143.84,"y":0,"curve":"stepped"},{"time":1.6666,"x":-108,"y":8,"curve":[0.217,0.3,0.591,0.67]},{"time":1.7666,"x":-50.21,"y":36.33,"curve":[0.357,0.52,0.755,0.96]},{"time":1.9,"x":2.5,"y":-2,"curve":"stepped"},{"time":1.9333,"x":-10,"y":0,"curve":[0.197,0.33,0.75,1]},{"time":2.0666,"x":0,"y":0}]},"A1_ef1":{"rotate":[{"time":0.3333,"angle":17.4}],"translate":[{"time":0.3333,"x":-761.34,"y":160.91}],"scale":[{"time":0.3333,"x":1.023,"y":-0.471}]},"A1_ef2":{"translate":[{"time":1.3,"x":-1140.5,"y":99.93},{"time":1.4,"x":-1196.5,"y":99.93}]},"DAMAGEAREA":{"translate":[{"time":0.3333,"x":-69.91,"y":37.38,"curve":"stepped"},{"time":1.3,"x":-169.98,"y":51.78},{"time":1.3666,"x":-236.3,"y":51.78}],"scale":[{"time":0.3333,"x":1.427,"y":0.394,"curve":"stepped"},{"time":1.3,"x":1.44,"y":0.358},{"time":1.3666,"x":1.133,"y":0.358}]},"L_leg_1":{"rotate":[{"time":1.9333,"angle":-0.89,"curve":"stepped"},{"time":2,"angle":-0.44,"curve":"stepped"},{"time":2.1666,"angle":0}],"translate":[{"time":1.9333,"x":-0.21,"y":-0.75,"curve":"stepped"},{"time":2,"x":-0.21,"y":-0.4,"curve":"stepped"},{"time":2.1666,"x":-0.21,"y":0}]},"L_leg_2":{"rotate":[{"time":1.9333,"angle":0.67,"curve":"stepped"},{"time":2,"angle":0.65,"curve":"stepped"},{"time":2.1666,"angle":0.78}],"translate":[{"time":1.9333,"x":-0.57,"y":-0.23,"curve":"stepped"},{"time":2,"x":-0.17,"y":0,"curve":"stepped"},{"time":2.1666,"x":-0.09,"y":0}]},"L_leg_3":{"translate":[{"time":1.9333,"x":-0.42,"y":0,"curve":"stepped"},{"time":2,"x":-0.26,"y":0,"curve":"stepped"},{"time":2.1666,"x":-0.09,"y":0}]},"R_leg_1":{"rotate":[{"time":1.9333,"angle":5.34,"curve":"stepped"},{"time":2,"angle":2.67,"curve":"stepped"},{"time":2.1666,"angle":0}],"translate":[{"time":1.9333,"x":-0.06,"y":-0.84,"curve":"stepped"},{"time":2,"x":-0.03,"y":-0.42,"curve":"stepped"},{"time":2.1666,"x":0,"y":0}]},"R_leg_2":{"rotate":[{"time":1.9333,"angle":-3.47,"curve":"stepped"},{"time":2,"angle":-1.73,"curve":"stepped"},{"time":2.1666,"angle":0}],"translate":[{"time":1.9333,"x":1.62,"y":-1.38,"curve":"stepped"},{"time":2,"x":0.93,"y":-0.69,"curve":"stepped"},{"time":2.1666,"x":0.23,"y":0}]},"R_leg_3":{"translate":[{"time":1.9333,"x":0.18,"y":0,"curve":"stepped"},{"time":2,"x":0.09,"y":0,"curve":"stepped"},{"time":2.1666,"x":0,"y":0}]}},"drawOrder":[{"time":0.3333,"offsets":[{"slot":"EF/A1_slash_Dot/10000-combo_16_ef2_1F","offset":-6}]}],"events":[{"time":0.2666,"name":"Event","float":0.1,"string":"kHitStopType_normal"},{"time":0.2666,"name":"Voice","string":"cri_043_voice_attack_random"},{"time":0.3,"name":"Sound1","string":"cri_se_battle_018_sword_hit_02"},{"time":0.9,"name":"Sound2"},{"time":1.2666,"name":"Event","float":0.15,"string":"kHitStopType_normal"},{"time":1.3,"name":"Hit","string":"resetHitList"},{"time":1.3,"name":"Sound1","string":"cri_se_battle_026_stab"},{"time":1.3,"name":"Voice","string":"cri_043_voice_attack_c"},{"time":1.3333,"name":"Event","float":0.1,"string":"kHitStopType_enemyonly"},{"time":1.3666,"name":"Event","string":"kImpactType_knock"},{"time":1.3666,"name":"Hit","string":"resetHitList"},{"time":1.6666,"name":"Sound1","string":"cri_se_battle_jump"},{"time":2.1666,"name":"Sound1","string":"cri_se_battle_landing"}]},"back":{"slots":{"L_leg_1":{"attachment":[{"time":0,"name":null},{"time":0.3,"name":"L_leg_1"},{"time":0.6,"name":"L_leg_1"}]},"L_leg_2":{"attachment":[{"time":0,"name":null},{"time":0.3,"name":"L_leg_2"},{"time":0.3666,"name":"L_leg_2"},{"time":0.6,"name":"L_leg_2"}]},"L_leg_3":{"attachment":[{"time":0,"name":null},{"time":0.3,"name":"L_leg_3"},{"time":0.6,"name":"L_leg_3"}]},"MAIN":{"attachment":[{"time":0,"name":"back_00"},{"time":0.3,"name":"idle_02"},{"time":0.3666,"name":"idle_03"},{"time":0.4666,"name":"idle_04"},{"time":0.6,"name":"idle_00"}]},"R_leg_1":{"attachment":[{"time":0,"name":null},{"time":0.3,"name":"R_leg_1"}]},"R_leg_2":{"attachment":[{"time":0,"name":null},{"time":0.3,"name":"R_leg_2"}]},"R_leg_3":{"attachment":[{"time":0,"name":null},{"time":0.3,"name":"R_leg_3"}]}},"bones":{"MAIN":{"translate":[{"time":0,"x":0,"y":0,"curve":[0.229,0.29,0.603,0.66]},{"time":0.1333,"x":75.27,"y":23.03,"curve":[0.366,0.52,0.758,0.95]},{"time":0.3,"x":130,"y":0},{"time":0.4333,"x":140,"y":0}]},"R_leg_1":{"rotate":[{"time":0.3,"angle":5.34,"curve":"stepped"},{"time":0.3666,"angle":3.56,"curve":"stepped"},{"time":0.4666,"angle":1.78,"curve":"stepped"},{"time":0.6,"angle":0}],"translate":[{"time":0.3,"x":-0.06,"y":-0.84,"curve":"stepped"},{"time":0.3666,"x":-0.04,"y":-0.56,"curve":"stepped"},{"time":0.4666,"x":-0.02,"y":-0.28,"curve":"stepped"},{"time":0.6,"x":0,"y":0}]},"R_leg_2":{"rotate":[{"time":0.3,"angle":-3.47,"curve":"stepped"},{"time":0.3666,"angle":-2.31,"curve":"stepped"},{"time":0.4666,"angle":-1.15,"curve":"stepped"},{"time":0.6,"angle":0}],"translate":[{"time":0.3,"x":1.62,"y":-1.38,"curve":"stepped"},{"time":0.3666,"x":1.16,"y":-0.92,"curve":"stepped"},{"time":0.4666,"x":0.7,"y":-0.46,"curve":"stepped"},{"time":0.6,"x":0.23,"y":0}]},"R_leg_3":{"translate":[{"time":0.3,"x":0.18,"y":0,"curve":"stepped"},{"time":0.3666,"x":0.11,"y":0,"curve":"stepped"},{"time":0.4666,"x":0.05,"y":0,"curve":"stepped"},{"time":0.6,"x":0,"y":0}]},"L_leg_1":{"rotate":[{"time":0.3,"angle":-0.89,"curve":"stepped"},{"time":0.3666,"angle":-0.59,"curve":"stepped"},{"time":0.4666,"angle":-0.29,"curve":"stepped"},{"time":0.6,"angle":0}],"translate":[{"time":0.3,"x":-0.21,"y":-0.75,"curve":"stepped"},{"time":0.3666,"x":-0.21,"y":-0.5,"curve":"stepped"},{"time":0.4666,"x":-0.21,"y":-0.25,"curve":"stepped"},{"time":0.6,"x":-0.21,"y":0}]},"L_leg_2":{"rotate":[{"time":0.3,"angle":0.67,"curve":"stepped"},{"time":0.3666,"angle":0.7,"curve":"stepped"},{"time":0.4666,"angle":0.74,"curve":"stepped"},{"time":0.6,"angle":0.78}],"translate":[{"time":0.3,"x":-0.57,"y":-0.23,"curve":"stepped"},{"time":0.3666,"x":-0.41,"y":-0.15,"curve":"stepped"},{"time":0.4666,"x":-0.25,"y":-0.07,"curve":"stepped"},{"time":0.6,"x":-0.09,"y":0}]},"L_leg_3":{"translate":[{"time":0.3,"x":-0.42,"y":0,"curve":"stepped"},{"time":0.3666,"x":-0.31,"y":0,"curve":"stepped"},{"time":0.4666,"x":-0.2,"y":0,"curve":"stepped"},{"time":0.6,"x":-0.09,"y":0}]}},"events":[{"time":0,"name":"Sound1","string":"cri_se_battle_jump"},{"time":0.3,"name":"Sound1","string":"cri_se_battle_landing"}]},"cast":{"slots":{"L_leg_1":{"attachment":[{"time":0,"name":null}]},"L_leg_2":{"attachment":[{"time":0,"name":null}]},"L_leg_3":{"attachment":[{"time":0,"name":null}]},"MAIN":{"attachment":[{"time":0,"name":"skill2_00"},{"time":0.1,"name":"skill2_01"},{"time":0.2,"name":"skill2_02"},{"time":0.5,"name":"skill2_03"},{"time":0.5333,"name":"skill2_04"},{"time":0.6,"name":"skill2_05"},{"time":0.6666,"name":"skill2_06"},{"time":0.7333,"name":"skill2_03"},{"time":1,"name":"skill2_03"}]},"R_leg_1":{"attachment":[{"time":0,"name":null}]},"R_leg_2":{"attachment":[{"time":0,"name":null}]},"R_leg_3":{"attachment":[{"time":0,"name":null}]}},"events":[{"time":0.5,"name":"Voice","string":"cri_043_voice_item"}]},"damage":{"slots":{"L_leg_1":{"attachment":[{"time":0,"name":null}]},"L_leg_2":{"attachment":[{"time":0,"name":null}]},"L_leg_3":{"attachment":[{"time":0,"name":null}]},"MAIN":{"attachment":[{"time":0,"name":"damage_00"}]},"R_leg_1":{"attachment":[{"time":0,"name":null}]},"R_leg_2":{"attachment":[{"time":0,"name":null}]},"R_leg_3":{"attachment":[{"time":0,"name":null}]}}},"front":{"slots":{"L_leg_1":{"attachment":[{"time":0,"name":null}]},"L_leg_2":{"attachment":[{"time":0,"name":null}]},"L_leg_3":{"attachment":[{"time":0,"name":null}]},"MAIN":{"attachment":[{"time":0,"name":"front_00"}]},"R_leg_1":{"attachment":[{"time":0,"name":null}]},"R_leg_2":{"attachment":[{"time":0,"name":null}]},"R_leg_3":{"attachment":[{"time":0,"name":null}]}}},"idle":{"slots":{"L_hand":{"attachment":[{"time":0,"name":"L_hand"},{"time":0.8333,"name":"L_hand"}]},"L_leg_1":{"attachment":[{"time":0,"name":"L_leg_1"},{"time":0.8333,"name":"L_leg_1"}]},"L_leg_2":{"attachment":[{"time":0,"name":"L_leg_2"},{"time":0.1666,"name":"L_leg_2"},{"time":0.3333,"name":"L_leg_2"},{"time":0.8333,"name":"L_leg_2"}]},"L_leg_3":{"attachment":[{"time":0,"name":"L_leg_3"},{"time":0.8333,"name":"L_leg_3"}]},"MAIN":{"attachment":[{"time":0,"name":"idle_00"},{"time":0.1666,"name":"idle_01"},{"time":0.3333,"name":"idle_02"},{"time":0.5,"name":"idle_03"},{"time":0.6666,"name":"idle_04"},{"time":0.8333,"name":"idle_00"}]}},"bones":{"bone4":{"rotate":[{"time":0,"angle":0,"curve":"stepped"},{"time":0.1666,"angle":-1.68,"curve":"stepped"},{"time":0.3333,"angle":-7.86,"curve":"stepped"},{"time":0.5,"angle":-4.19,"curve":"stepped"},{"time":0.6666,"angle":-2.57,"curve":"stepped"},{"time":0.8333,"angle":0}],"translate":[{"time":0,"x":0,"y":0,"curve":"stepped"},{"time":0.1666,"x":0.02,"y":-1.88,"curve":"stepped"},{"time":0.3333,"x":-0.05,"y":-3.76,"curve":"stepped"},{"time":0.5,"x":-0.01,"y":-2.66,"curve":"stepped"},{"time":0.6666,"x":-0.14,"y":-1.25,"curve":"stepped"},{"time":0.8333,"x":0,"y":0}]},"L_leg_1":{"rotate":[{"time":0,"angle":0,"curve":"stepped"},{"time":0.1666,"angle":-0.44,"curve":"stepped"},{"time":0.3333,"angle":-0.89,"curve":"stepped"},{"time":0.5,"angle":-0.59,"curve":"stepped"},{"time":0.6666,"angle":-0.29,"curve":"stepped"},{"time":0.8333,"angle":0}],"translate":[{"time":0,"x":-0.21,"y":0,"curve":"stepped"},{"time":0.1666,"x":-0.21,"y":-0.4,"curve":"stepped"},{"time":0.3333,"x":-0.21,"y":-0.75,"curve":"stepped"},{"time":0.5,"x":-0.21,"y":-0.5,"curve":"stepped"},{"time":0.6666,"x":-0.21,"y":-0.25,"curve":"stepped"},{"time":0.8333,"x":-0.21,"y":0}]},"L_leg_2":{"rotate":[{"time":0,"angle":0.78,"curve":"stepped"},{"time":0.1666,"angle":0.65,"curve":"stepped"},{"time":0.3333,"angle":0.67,"curve":"stepped"},{"time":0.5,"angle":0.7,"curve":"stepped"},{"time":0.6666,"angle":0.74,"curve":"stepped"},{"time":0.8333,"angle":0.78}],"translate":[{"time":0,"x":-0.09,"y":0,"curve":"stepped"},{"time":0.1666,"x":-0.17,"y":0,"curve":"stepped"},{"time":0.3333,"x":-0.57,"y":-0.23,"curve":"stepped"},{"time":0.5,"x":-0.41,"y":-0.15,"curve":"stepped"},{"time":0.6666,"x":-0.25,"y":-0.07,"curve":"stepped"},{"time":0.8333,"x":-0.09,"y":0}]},"L_leg_3":{"translate":[{"time":0,"x":-0.09,"y":0,"curve":"stepped"},{"time":0.1666,"x":-0.26,"y":0,"curve":"stepped"},{"time":0.3333,"x":-0.42,"y":0,"curve":"stepped"},{"time":0.5,"x":-0.31,"y":0,"curve":"stepped"},{"time":0.6666,"x":-0.2,"y":0,"curve":"stepped"},{"time":0.8333,"x":-0.09,"y":0}]},"R_leg_1":{"rotate":[{"time":0,"angle":0,"curve":"stepped"},{"time":0.1666,"angle":2.67,"curve":"stepped"},{"time":0.3333,"angle":5.34,"curve":"stepped"},{"time":0.5,"angle":3.56,"curve":"stepped"},{"time":0.6666,"angle":1.78,"curve":"stepped"},{"time":0.8333,"angle":0}],"translate":[{"time":0,"x":0,"y":0,"curve":"stepped"},{"time":0.1666,"x":-0.03,"y":-0.42,"curve":"stepped"},{"time":0.3333,"x":-0.06,"y":-0.84,"curve":"stepped"},{"time":0.5,"x":-0.04,"y":-0.56,"curve":"stepped"},{"time":0.6666,"x":-0.02,"y":-0.28,"curve":"stepped"},{"time":0.8333,"x":0,"y":0}]},"R_leg_2":{"rotate":[{"time":0,"angle":0,"curve":"stepped"},{"time":0.1666,"angle":-1.73,"curve":"stepped"},{"time":0.3333,"angle":-3.47,"curve":"stepped"},{"time":0.5,"angle":-2.31,"curve":"stepped"},{"time":0.6666,"angle":-1.15,"curve":"stepped"},{"time":0.8333,"angle":0}],"translate":[{"time":0,"x":0.23,"y":0,"curve":"stepped"},{"time":0.1666,"x":0.93,"y":-0.69,"curve":"stepped"},{"time":0.3333,"x":1.62,"y":-1.38,"curve":"stepped"},{"time":0.5,"x":1.16,"y":-0.92,"curve":"stepped"},{"time":0.6666,"x":0.7,"y":-0.46,"curve":"stepped"},{"time":0.8333,"x":0.23,"y":0}]},"R_leg_3":{"translate":[{"time":0,"x":0,"y":0,"curve":"stepped"},{"time":0.1666,"x":0.09,"y":0,"curve":"stepped"},{"time":0.3333,"x":0.18,"y":0,"curve":"stepped"},{"time":0.5,"x":0.11,"y":0,"curve":"stepped"},{"time":0.6666,"x":0.05,"y":0,"curve":"stepped"},{"time":0.8333,"x":0,"y":0}]}}},"in":{"slots":{"L_leg_1":{"attachment":[{"time":0,"name":"L_leg_1"},{"time":0.6333,"name":null}],"color":[{"time":0,"color":"ffffff00"},{"time":0.2333,"color":"ffffffff"}]},"L_leg_2":{"attachment":[{"time":0,"name":"L_leg_2"},{"time":0.1666,"name":"L_leg_2"},{"time":0.3333,"name":"L_leg_2"},{"time":0.6333,"name":null}],"color":[{"time":0,"color":"ffffff00"},{"time":0.2333,"color":"ffffffff"}]},"L_leg_3":{"attachment":[{"time":0,"name":"L_leg_3"},{"time":0.6333,"name":null}],"color":[{"time":0,"color":"ffffff00"},{"time":0.2333,"color":"ffffffff"}]},"MAIN":{"attachment":[{"time":0,"name":"idle_00"},{"time":0.1666,"name":"idle_01"},{"time":0.3333,"name":"idle_02"},{"time":0.6333,"name":"skill2_00"},{"time":0.7333,"name":"skill2_01"},{"time":0.8333,"name":"skill2_02"},{"time":1.0666,"name":"skill2_03"},{"time":1.1,"name":"skill2_04"},{"time":1.1666,"name":"skill2_05"},{"time":1.2333,"name":"skill2_06"},{"time":1.3,"name":"skill2_03"},{"time":1.6333,"name":"skill2_03"}],"color":[{"time":0,"color":"ffffff00"},{"time":0.2333,"color":"ffffffff"}]},"R_leg_1":{"attachment":[{"time":0,"name":"R_leg_1"},{"time":0.6333,"name":null}],"color":[{"time":0,"color":"ffffff00"},{"time":0.2333,"color":"ffffffff"}]},"R_leg_2":{"attachment":[{"time":0,"name":"R_leg_2"},{"time":0.6333,"name":null}],"color":[{"time":0,"color":"ffffff00"},{"time":0.2333,"color":"ffffffff"}]},"R_leg_3":{"attachment":[{"time":0.6333,"name":null}],"color":[{"time":0,"color":"ffffff00"},{"time":0.2333,"color":"ffffffff"}]}},"bones":{"L_leg_2":{"rotate":[{"time":0,"angle":0.78,"curve":"stepped"},{"time":0.1666,"angle":0.65,"curve":"stepped"},{"time":0.3333,"angle":0.67}],"translate":[{"time":0,"x":-0.09,"y":0,"curve":"stepped"},{"time":0.1666,"x":-0.17,"y":0,"curve":"stepped"},{"time":0.3333,"x":-0.57,"y":-0.23}]},"L_leg_1":{"rotate":[{"time":0,"angle":0,"curve":"stepped"},{"time":0.1666,"angle":-0.44,"curve":"stepped"},{"time":0.3333,"angle":-0.89}],"translate":[{"time":0,"x":-0.21,"y":0,"curve":"stepped"},{"time":0.1666,"x":-0.21,"y":-0.4,"curve":"stepped"},{"time":0.3333,"x":-0.21,"y":-0.75}]},"L_leg_3":{"translate":[{"time":0,"x":-0.09,"y":0,"curve":"stepped"},{"time":0.1666,"x":-0.26,"y":0,"curve":"stepped"},{"time":0.3333,"x":-0.42,"y":0}]},"R_leg_1":{"rotate":[{"time":0,"angle":0,"curve":"stepped"},{"time":0.1666,"angle":2.67,"curve":"stepped"},{"time":0.3333,"angle":5.34}],"translate":[{"time":0,"x":0,"y":0,"curve":"stepped"},{"time":0.1666,"x":-0.03,"y":-0.42,"curve":"stepped"},{"time":0.3333,"x":-0.06,"y":-0.84}]},"R_leg_2":{"rotate":[{"time":0,"angle":0,"curve":"stepped"},{"time":0.1666,"angle":-1.73,"curve":"stepped"},{"time":0.3333,"angle":-3.47}],"translate":[{"time":0,"x":0.23,"y":0,"curve":"stepped"},{"time":0.1666,"x":0.93,"y":-0.69,"curve":"stepped"},{"time":0.3333,"x":1.62,"y":-1.38}]},"R_leg_3":{"translate":[{"time":0,"x":0,"y":0,"curve":"stepped"},{"time":0.1666,"x":0.09,"y":0,"curve":"stepped"},{"time":0.3333,"x":0.18,"y":0}]}},"events":[{"time":0,"name":"Event","string":"takeSummon"},{"time":0.0333,"name":"Event","string":"runScript-startFunnel"}]},"skill1":{"slots":{"AS_wave1":{"attachment":[{"time":0.6333,"name":"EF/370_S1_wave1/370_S1_wave1_00000"},{"time":0.6666,"name":"EF/370_S1_wave1/370_S1_wave1_00001"},{"time":0.7,"name":"EF/370_S1_wave1/370_S1_wave1_00002"},{"time":0.7333,"name":"EF/370_S1_wave1/370_S1_wave1_00003"},{"time":0.7666,"name":"EF/370_S1_wave1/370_S1_wave1_00004"},{"time":0.8,"name":"EF/370_S1_wave1/370_S1_wave1_00005"},{"time":0.8333,"name":"EF/370_S1_wave1/370_S1_wave1_00006"},{"time":0.8666,"name":"EF/370_S1_wave1/370_S1_wave1_00007"},{"time":0.9,"name":"EF/370_S1_wave1/370_S1_wave1_00008"}],"color":[{"time":0,"color":"ff800000","curve":"stepped"},{"time":0.6333,"color":"ff8000ff","curve":"stepped"},{"time":0.9,"color":"ff8000ff"},{"time":1,"color":"ff800000"}]},"AS_wave2":{"attachment":[{"time":0.4,"name":"EF/370_S1_wave1/370_S1_wave1_00002"},{"time":0.4333,"name":"EF/370_S1_wave1/370_S1_wave1_00003"},{"time":0.4666,"name":"EF/370_S1_wave1/370_S1_wave1_00004"},{"time":0.5,"name":"EF/370_S1_wave1/370_S1_wave1_00005"},{"time":0.5333,"name":"EF/370_S1_wave1/370_S1_wave1_00006"},{"time":0.5666,"name":"EF/370_S1_wave1/370_S1_wave1_00007"},{"time":0.6,"name":"EF/370_S1_wave1/370_S1_wave1_00008"}],"color":[{"time":0.4,"color":"ffffffff","curve":"stepped"},{"time":0.6,"color":"ffffffff"},{"time":0.7,"color":"ffffff00"}]},"DAMAGEAREA":{"attachment":[{"time":0.6333,"name":"DAMAGEAREA"},{"time":0.8333,"name":null},{"time":1.3666,"name":"DAMAGEAREA"},{"time":1.5333,"name":null}]},"L_leg_1":{"attachment":[{"time":0,"name":null}]},"L_leg_2":{"attachment":[{"time":0,"name":null}]},"L_leg_3":{"attachment":[{"time":0,"name":null}]},"MAIN":{"attachment":[{"time":0,"name":"skill1_00"},{"time":0.0666,"name":"skill1_01"},{"time":0.1666,"name":"skill1_02"},{"time":0.4,"name":"skill1_03"},{"time":0.4666,"name":"skill1_04"},{"time":0.5333,"name":"skill1_05"},{"time":0.6,"name":"skill1_06"},{"time":0.6333,"name":"skill1_07"},{"time":0.6666,"name":"skill1_08"},{"time":0.7333,"name":"skill1_09"},{"time":0.8,"name":"skill1_10"},{"time":0.8666,"name":"skill1_11"},{"time":0.9,"name":"skill1_12"},{"time":0.9666,"name":"attack1_01"},{"time":1.0666,"name":"attack1_02"},{"time":1.3666,"name":"attack1_03"},{"time":1.4333,"name":"attack1_04"},{"time":1.5,"name":"attack1_05"},{"time":1.6,"name":"attack1_06"},{"time":1.8,"name":"attack1_06"}]},"R_leg_1":{"attachment":[{"time":0,"name":null}]},"R_leg_2":{"attachment":[{"time":0,"name":null}]},"R_leg_3":{"attachment":[{"time":0,"name":null}]}},"bones":{"MAIN":{"translate":[{"time":0.4,"x":-20,"y":30,"curve":"stepped"},{"time":0.4333,"x":-60,"y":75,"curve":"stepped"},{"time":0.4666,"x":-117,"y":120,"curve":"stepped"},{"time":0.5,"x":-137,"y":117,"curve":"stepped"},{"time":0.5333,"x":-153,"y":103,"curve":[0.25,0,0.772,0.27]},{"time":0.6,"x":-193,"y":-12,"curve":"stepped"},{"time":0.6333,"x":-193,"y":-27,"curve":"stepped"},{"time":0.6666,"x":-193,"y":-12,"curve":"stepped"},{"time":0.8666,"x":-197,"y":0,"curve":"stepped"},{"time":0.9,"x":-217,"y":0}]},"AS_wave1":{"translate":[{"time":0,"x":-551.04,"y":233.82,"curve":"stepped"},{"time":0.6333,"x":-553.54,"y":246.31}],"scale":[{"time":0,"x":1.854,"y":1.854,"curve":"stepped"},{"time":0.6333,"x":0.867,"y":0.867,"curve":"stepped"},{"time":0.9,"x":0.867,"y":0.867},{"time":1,"x":1.034,"y":1.034}]},"AS_wave2":{"translate":[{"time":0,"x":-396.26,"y":238.89,"curve":"stepped"},{"time":0.4,"x":-396.26,"y":238.89}],"scale":[{"time":0,"x":0.966,"y":0.966,"curve":"stepped"},{"time":0.4,"x":0.666,"y":0.666,"curve":"stepped"},{"time":0.6,"x":0.666,"y":0.666},{"time":0.7,"x":0.801,"y":0.801}]},"DAMAGEAREA":{"translate":[{"time":0.6333,"x":-233.81,"y":105.54,"curve":"stepped"},{"time":0.7,"x":-214.26,"y":21.6,"curve":"stepped"},{"time":1.3666,"x":-299.38,"y":70.72},{"time":1.4666,"x":-261.02,"y":62.17}],"scale":[{"time":0.6333,"x":0.831,"y":1.286,"curve":"stepped"},{"time":0.7,"x":1.045,"y":0.34},{"time":0.7666,"x":1.32,"y":0.34,"curve":"stepped"},{"time":1.3666,"x":1.068,"y":0.588},{"time":1.4666,"x":1.677,"y":0.417}]}},"events":[{"time":0.4,"name":"Sound1","string":"cri_se_battle_jump"},{"time":0.4,"name":"Sound2","string":"se_battle_monster_swish"},{"time":0.4,"name":"Voice","string":"cri_043_voice_skill_all"},{"time":0.4666,"name":"Sound2","string":"se_battle_monster_swish"},{"time":0.5,"name":"Event","string":"setHitBack(25,0)"},{"time":0.5333,"name":"Event","string":"kImpactType_down"},{"time":0.5333,"name":"Sound2","string":"se_battle_monster_swish"},{"time":0.5666,"name":"Event","float":0.1,"string":"kHitStopType_normal"},{"time":0.6,"name":"Sound1","string":"cri_se_battle_monster_hit"},{"time":0.6,"name":"Sound2","string":"cri_se_battle_026_stab"},{"time":0.6333,"name":"View","string":"shakeGround"},{"time":1.2333,"name":"Sound1","string":"cri_se_battle_monster_hit"},{"time":1.3,"name":"Event","float":0.2,"string":"kHitStopType_normal"},{"time":1.3333,"name":"Event","string":"kImpactType_knock"},{"time":1.3666,"name":"Hit","string":"resetHitList"},{"time":1.3666,"name":"Sound1","string":"cri_se_battle_hard_hit"},{"time":1.3666,"name":"Sound2","string":"cri_se_battle_018_sword_hit_02"}]},"skill2":{"slots":{"L_leg_1":{"attachment":[{"time":0,"name":null}]},"L_leg_2":{"attachment":[{"time":0,"name":null}]},"L_leg_3":{"attachment":[{"time":0,"name":null}]},"MAIN":{"attachment":[{"time":0,"name":"skill2_02"},{"time":0.1,"name":"skill2_01"},{"time":0.2,"name":"skill2_02"},{"time":0.4333,"name":"skill2_03"},{"time":0.4666,"name":"skill2_04"},{"time":0.5333,"name":"skill2_05"},{"time":0.6,"name":"skill2_06"},{"time":0.6666,"name":"skill2_03"},{"time":1,"name":"skill2_03"}]},"R_leg_1":{"attachment":[{"time":0,"name":null}]},"R_leg_2":{"attachment":[{"time":0,"name":null}]},"R_leg_3":{"attachment":[{"time":0,"name":null}]},"S2_wave1":{"attachment":[{"time":0.4333,"name":"EF/520A_S2_wave1/520A_S2_wave1_00000"},{"time":0.4666,"name":"EF/520A_S2_wave1/520A_S2_wave1_00001"},{"time":0.5,"name":"EF/520A_S2_wave1/520A_S2_wave1_00002"},{"time":0.5333,"name":"EF/520A_S2_wave1/520A_S2_wave1_00003"},{"time":0.5666,"name":"EF/520A_S2_wave1/520A_S2_wave1_00004"},{"time":0.6,"name":"EF/520A_S2_wave1/520A_S2_wave1_00005"},{"time":0.6333,"name":"EF/520A_S2_wave1/520A_S2_wave1_00006"},{"time":0.6666,"name":"EF/520A_S2_wave1/520A_S2_wave1_00007"},{"time":0.7,"name":"EF/520A_S2_wave1/520A_S2_wave1_00008"},{"time":0.7333,"name":"EF/520A_S2_wave1/520A_S2_wave1_00009"},{"time":0.7666,"name":null}]}},"bones":{"S2_wave1":{"translate":[{"time":0.4333,"x":-341.95,"y":293.1}],"scale":[{"time":0.4333,"x":1,"y":0.767}]}},"events":[{"time":0.4333,"name":"Sound1","string":"cri_se_battle_gun_burst"},{"time":0.4333,"name":"Sound2","string":"cri_se_battle_arrow_light_effect"},{"time":0.4333,"name":"Voice","string":"cri_043_voice_fullarts_rank3"},{"time":0.8333,"name":"Event"}]},"skill1-library":{"slots":{"AS_wave1":{"attachment":[{"time":0.6333,"name":"EF/370_S1_wave1/370_S1_wave1_00000"},{"time":0.6666,"name":"EF/370_S1_wave1/370_S1_wave1_00001"},{"time":0.7,"name":"EF/370_S1_wave1/370_S1_wave1_00002"},{"time":0.7333,"name":"EF/370_S1_wave1/370_S1_wave1_00003"},{"time":0.7666,"name":"EF/370_S1_wave1/370_S1_wave1_00004"},{"time":0.8,"name":"EF/370_S1_wave1/370_S1_wave1_00005"},{"time":0.8333,"name":"EF/370_S1_wave1/370_S1_wave1_00006"},{"time":0.8666,"name":"EF/370_S1_wave1/370_S1_wave1_00007"},{"time":0.9,"name":"EF/370_S1_wave1/370_S1_wave1_00008"}],"color":[{"time":0,"color":"ff800000","curve":"stepped"},{"time":0.6333,"color":"ff8000ff","curve":"stepped"},{"time":0.9,"color":"ff8000ff"},{"time":1,"color":"ff800000"}]},"AS_wave2":{"attachment":[{"time":0.4,"name":"EF/370_S1_wave1/370_S1_wave1_00002"},{"time":0.4333,"name":"EF/370_S1_wave1/370_S1_wave1_00003"},{"time":0.4666,"name":"EF/370_S1_wave1/370_S1_wave1_00004"},{"time":0.5,"name":"EF/370_S1_wave1/370_S1_wave1_00005"},{"time":0.5333,"name":"EF/370_S1_wave1/370_S1_wave1_00006"},{"time":0.5666,"name":"EF/370_S1_wave1/370_S1_wave1_00007"},{"time":0.6,"name":"EF/370_S1_wave1/370_S1_wave1_00008"}],"color":[{"time":0.4,"color":"ffffffff","curve":"stepped"},{"time":0.6,"color":"ffffffff"},{"time":0.7,"color":"ffffff00"}]},"DAMAGEAREA":{"attachment":[{"time":0.9666,"name":"DAMAGEAREA"},{"time":1.1666,"name":null},{"time":1.7,"name":"DAMAGEAREA"},{"time":1.8666,"name":null}]},"L_leg_1":{"attachment":[{"time":0,"name":"L_leg_1"},{"time":0.3333,"name":null}]},"L_leg_2":{"attachment":[{"time":0,"name":"L_leg_2"},{"time":0.3333,"name":null}]},"L_leg_3":{"attachment":[{"time":0,"name":"L_leg_3"},{"time":0.3333,"name":null}]},"MAIN":{"attachment":[{"time":0.3333,"name":"skill1_00"},{"time":0.4,"name":"skill1_01"},{"time":0.5,"name":"skill1_02"},{"time":0.7333,"name":"skill1_03"},{"time":0.8,"name":"skill1_04"},{"time":0.8666,"name":"skill1_05"},{"time":0.9333,"name":"skill1_06"},{"time":0.9666,"name":"skill1_07"},{"time":1,"name":"skill1_08"},{"time":1.0666,"name":"skill1_09"},{"time":1.1333,"name":"skill1_10"},{"time":1.2,"name":"skill1_11"},{"time":1.2333,"name":"skill1_12"},{"time":1.3,"name":"attack1_01"},{"time":1.4,"name":"attack1_02"},{"time":1.7,"name":"attack1_03"},{"time":1.7666,"name":"attack1_04"},{"time":1.8333,"name":"attack1_05"},{"time":1.9333,"name":"attack1_06"},{"time":2.1333,"name":"attack1_06"}]},"R_leg_1":{"attachment":[{"time":0,"name":"R_leg_1"},{"time":0.3333,"name":null}]},"R_leg_2":{"attachment":[{"time":0,"name":"R_leg_2"},{"time":0.3333,"name":null}]},"R_leg_3":{"attachment":[{"time":0,"name":"R_leg_3"},{"time":0.3333,"name":null}]}},"bones":{"MAIN":{"translate":[{"time":0.7333,"x":-20,"y":30,"curve":"stepped"},{"time":0.7666,"x":-60,"y":75,"curve":"stepped"},{"time":0.8,"x":-117,"y":120,"curve":"stepped"},{"time":0.8333,"x":-137,"y":117,"curve":"stepped"},{"time":0.8666,"x":-153,"y":103,"curve":[0.25,0,0.772,0.27]},{"time":0.9333,"x":-193,"y":-12,"curve":"stepped"},{"time":0.9666,"x":-193,"y":-27,"curve":"stepped"},{"time":1,"x":-193,"y":-12,"curve":"stepped"},{"time":1.2,"x":-197,"y":0,"curve":"stepped"},{"time":1.2333,"x":-217,"y":0}]},"AS_wave1":{"translate":[{"time":0,"x":-551.04,"y":233.82,"curve":"stepped"},{"time":0.6333,"x":-553.54,"y":246.31}],"scale":[{"time":0,"x":1.854,"y":1.854,"curve":"stepped"},{"time":0.6333,"x":0.867,"y":0.867,"curve":"stepped"},{"time":0.9,"x":0.867,"y":0.867},{"time":1,"x":1.034,"y":1.034}]},"AS_wave2":{"translate":[{"time":0,"x":-396.26,"y":238.89,"curve":"stepped"},{"time":0.4,"x":-396.26,"y":238.89}],"scale":[{"time":0,"x":0.966,"y":0.966,"curve":"stepped"},{"time":0.4,"x":0.666,"y":0.666,"curve":"stepped"},{"time":0.6,"x":0.666,"y":0.666},{"time":0.7,"x":0.801,"y":0.801}]},"DAMAGEAREA":{"translate":[{"time":0.9666,"x":-233.81,"y":105.54,"curve":"stepped"},{"time":1.0333,"x":-214.26,"y":21.6,"curve":"stepped"},{"time":1.7,"x":-299.38,"y":70.72},{"time":1.8,"x":-261.02,"y":62.17}],"scale":[{"time":0.9666,"x":0.831,"y":1.286,"curve":"stepped"},{"time":1.0333,"x":1.045,"y":0.34},{"time":1.1,"x":1.32,"y":0.34,"curve":"stepped"},{"time":1.7,"x":1.068,"y":0.588},{"time":1.8,"x":1.677,"y":0.417}]}},"events":[{"time":0.3333,"name":"Event","float":0.2,"string":"addOrbitSystemWithFile(100433312_lion,skill1library)"},{"time":0.7333,"name":"Sound1","string":"cri_se_battle_jump"},{"time":0.7333,"name":"Sound2","string":"se_battle_monster_swish"},{"time":0.7333,"name":"Voice","string":"cri_043_voice_skill_all"},{"time":0.8,"name":"Sound2","string":"se_battle_monster_swish"},{"time":0.8333,"name":"Event","string":"setHitBack(25,0)"},{"time":0.8666,"name":"Event","string":"kImpactType_down"},{"time":0.8666,"name":"Sound2","string":"se_battle_monster_swish"},{"time":0.9,"name":"Event","float":0.1,"string":"kHitStopType_normal"},{"time":0.9333,"name":"Sound1","string":"cri_se_battle_monster_hit"},{"time":0.9333,"name":"Sound2","string":"cri_se_battle_026_stab"},{"time":0.9666,"name":"View","string":"shakeGround"},{"time":1.5666,"name":"Event","string":"addOrbitSystem_lion1skill1library"},{"time":1.5666,"name":"Sound1","string":"cri_se_battle_monster_hit"},{"time":1.6,"name":"Event","float":0.2,"string":"kHitStopType_normal"},{"time":1.6333,"name":"Event","string":"kImpactType_knock"},{"time":1.7,"name":"Hit","string":"resetHitList"},{"time":1.7,"name":"Sound1","string":"cri_se_battle_hard_hit"},{"time":1.7,"name":"Sound2","string":"cri_se_battle_018_sword_hit_02"}]},"skill2-library":{"slots":{"L_leg_1":{"attachment":[{"time":0.3333,"name":null}]},"L_leg_2":{"attachment":[{"time":0.3333,"name":null}]},"L_leg_3":{"attachment":[{"time":0.3333,"name":null}]},"MAIN":{"attachment":[{"time":0.3333,"name":"skill2_02"},{"time":0.4333,"name":"skill2_01"},{"time":0.5333,"name":"skill2_02"},{"time":0.7666,"name":"skill2_03"},{"time":0.8,"name":"skill2_04"},{"time":0.8666,"name":"skill2_05"},{"time":0.9333,"name":"skill2_06"},{"time":1,"name":"skill2_03"},{"time":1.3333,"name":"skill2_03"}]},"R_leg_1":{"attachment":[{"time":0.3333,"name":null}]},"R_leg_2":{"attachment":[{"time":0.3333,"name":null}]},"R_leg_3":{"attachment":[{"time":0.3333,"name":null}]},"S2_wave1":{"attachment":[{"time":0.7666,"name":"EF/520A_S2_wave1/520A_S2_wave1_00000"},{"time":0.8,"name":"EF/520A_S2_wave1/520A_S2_wave1_00001"},{"time":0.8333,"name":"EF/520A_S2_wave1/520A_S2_wave1_00002"},{"time":0.8666,"name":"EF/520A_S2_wave1/520A_S2_wave1_00003"},{"time":0.9,"name":"EF/520A_S2_wave1/520A_S2_wave1_00004"},{"time":0.9333,"name":"EF/520A_S2_wave1/520A_S2_wave1_00005"},{"time":0.9666,"name":"EF/520A_S2_wave1/520A_S2_wave1_00006"},{"time":1,"name":"EF/520A_S2_wave1/520A_S2_wave1_00007"},{"time":1.0333,"name":"EF/520A_S2_wave1/520A_S2_wave1_00008"},{"time":1.0666,"name":"EF/520A_S2_wave1/520A_S2_wave1_00009"},{"time":1.1,"name":null}]}},"bones":{"S2_wave1":{"translate":[{"time":0.7666,"x":-341.95,"y":293.1}],"scale":[{"time":0.7666,"x":1,"y":0.767}]}},"events":[{"time":0.3333,"name":"Event","string":"addOrbitSystemWithFile(100433312_lion,skill2library)"},{"time":0.7666,"name":"Sound1","string":"cri_se_battle_gun_burst"},{"time":0.7666,"name":"Sound2","string":"cri_se_battle_arrow_light_effect"},{"time":0.7666,"name":"Voice","string":"cri_043_voice_fullarts_rank3"},{"time":0.8333,"name":"Event","string":"addOrbitSystem_lion1skill2library"},{"time":1.1666,"name":"Event"}]}}}