{"skeleton":{"hash":"n8dF+24PBldR/9GmVAbV8behtdo","spine":"3.0.12","width":0,"height":0,"images":"./images/"},"bones":[{"name":"root"},{"name":"MAIN","parent":"root","y":65}],"slots":[{"name":"MAIN","bone":"MAIN","attachment":"idle_00"}],"skins":{"default":{"MAIN":{"idle_00":{"x":25,"y":7,"width":500,"height":500},"idle_01":{"x":25,"y":7,"width":500,"height":500},"idle_02":{"x":25,"y":7,"width":500,"height":500},"idle_03":{"x":25,"y":7,"width":500,"height":500}}}},"events":{"Event":{},"Hit":{},"Sound1":{},"Sound2":{},"Sound3":{},"Voice":{}},"animations":{"idle":{"slots":{"MAIN":{"attachment":[{"time":0,"name":"idle_00"},{"time":0.2333,"name":"idle_01"},{"time":0.4666,"name":"idle_02"},{"time":0.7,"name":"idle_03"},{"time":0.9333,"name":"idle_00"}]}}}}}