{"skeleton":{"hash":"ZDPXu4EEpu6ikFbH0ZxbYC7GNSM","spine":"3.0.12","width":0,"height":0,"images":"./images/"},"bones":[{"name":"root"},{"name":"MAIN","parent":"root","y":62.46},{"name":"EF","parent":"root","y":62.37},{"name":"S2_magic2","parent":"EF","x":205.2,"y":33.46},{"name":"S2_flower1","parent":"EF","x":0.61,"y":100}],"slots":[{"name":"MAIN","bone":"MAIN","attachment":"idle_00"},{"name":"S2_magic2","bone":"S2_magic2","blend":"additive"},{"name":"S2_flower1","bone":"S2_flower1","blend":"additive"}],"skins":{"default":{"MAIN":{"idle_00":{"x":15,"y":12.54,"width":500,"height":500},"idle_01":{"x":15,"y":12.54,"width":500,"height":500},"idle_02":{"x":15,"y":12.54,"width":500,"height":500},"idle_03":{"x":15,"y":12.54,"width":500,"height":500},"idle_04":{"x":15,"y":12.54,"width":500,"height":500}}}},"events":{"EVENT":{},"HIT":{},"SOUND":{}},"animations":{"idle":{"slots":{"MAIN":{"attachment":[{"time":0,"name":"idle_00"},{"time":0.1666,"name":"idle_01"},{"time":0.3333,"name":"idle_02"},{"time":0.5,"name":"idle_03"},{"time":0.6666,"name":"idle_04"},{"time":0.8333,"name":"idle_00"}]},"S2_flower1":{"attachment":[{"time":0,"name":null}]},"S2_magic2":{"attachment":[{"time":0,"name":null}]}}}}}