{"skeleton":{"hash":"ET8DQGlYe3Jx3Pl4xQ9qngpwPHM","spine":"3.0.12","width":0,"height":0},"bones":[{"name":"root"},{"name":"MAIN","parent":"root","y":66.73},{"name":"HITBOX","parent":"MAIN","scaleX":0.409,"scaleY":0.988},{"name":"EF","parent":"root"},{"name":"magic1","parent":"EF","scaleY":0.25},{"name":"magic2","parent":"magic1"},{"name":"EF_wave1_3","parent":"EF","x":200},{"name":"EF_wave1_2","parent":"EF","x":200},{"name":"EF_wave1_1","parent":"EF","x":200},{"name":"EF_spin1_2","parent":"EF","x":250,"y":100},{"name":"EF_spin1_1","parent":"EF","x":250,"y":100},{"name":"EF_slash2_1","parent":"EF","x":200,"y":100},{"name":"EF_slash1_1","parent":"EF","x":150,"y":100},{"name":"EF_energy1_1","parent":"EF","x":150,"y":50},{"name":"EF_dash1_2","parent":"EF","x":150},{"name":"EF_dash1_1","parent":"EF","x":150},{"name":"DAMAGEAREA","parent":"root"}],"slots":[{"name":"EF_wave1_1","bone":"EF_wave1_1","blend":"additive"},{"name":"EF_wave1_2","bone":"EF_wave1_2","blend":"additive"},{"name":"EF_wave1_3","bone":"EF_wave1_3","blend":"additive"},{"name":"magic2","bone":"magic2","blend":"additive"},{"name":"magic1","bone":"magic1","blend":"additive"},{"name":"MAIN","bone":"MAIN","attachment":"idle1_1"},{"name":"EF_dash1_1","bone":"EF_dash1_1","blend":"additive"},{"name":"EF_dash1_2","bone":"EF_dash1_2","blend":"additive"},{"name":"EF_energy1_1","bone":"EF_energy1_1","blend":"additive"},{"name":"EF_slash1_1","bone":"EF_slash1_1","blend":"additive"},{"name":"EF_slash2_1","bone":"EF_slash2_1","blend":"additive"},{"name":"EF_spin1_1","bone":"EF_spin1_1","blend":"additive"},{"name":"EF_spin1_2","bone":"EF_spin1_2","blend":"additive"},{"name":"DAMAGEAREA","bone":"DAMAGEAREA"},{"name":"HITBOX","bone":"HITBOX","attachment":"HITBOX"}],"skins":{"default":{"DAMAGEAREA":{"DAMAGEAREA":{"type":"boundingbox","vertices":[63.99576,-64.14473,62.36776,64.06014,-63.80209,63.24613,-63.80209,-65.77273]}},"EF_dash1_1":{"EF/ef_dash_main/ef_dash_main_00001":{"x":30.19,"y":17.36,"width":200,"height":200},"EF/ef_dash_main/ef_dash_main_00003":{"x":30.19,"y":17.36,"width":200,"height":200},"EF/ef_dash_main/ef_dash_main_00005":{"x":30.19,"y":17.36,"width":200,"height":200},"EF/ef_dash_main/ef_dash_main_00007":{"x":30.19,"y":17.36,"width":200,"height":200},"EF/ef_dash_main/ef_dash_main_00009":{"x":30.19,"y":17.36,"width":200,"height":200},"EF/ef_dash_main/ef_dash_main_00011":{"x":30.19,"y":17.36,"width":200,"height":200}},"EF_dash1_2":{"EF/ef_dash_main/ef_dash_main_00001":{"x":30.19,"y":17.36,"width":200,"height":200},"EF/ef_dash_main/ef_dash_main_00003":{"x":30.19,"y":17.36,"width":200,"height":200},"EF/ef_dash_main/ef_dash_main_00005":{"x":30.19,"y":17.36,"width":200,"height":200},"EF/ef_dash_main/ef_dash_main_00007":{"x":30.19,"y":17.36,"width":200,"height":200},"EF/ef_dash_main/ef_dash_main_00009":{"x":30.19,"y":17.36,"width":200,"height":200},"EF/ef_dash_main/ef_dash_main_00011":{"x":30.19,"y":17.36,"width":200,"height":200}},"EF_energy1_1":{"EF/ef_energy_sink_main/ef_energy_sink_main_00003":{"width":200,"height":200},"EF/ef_energy_sink_main/ef_energy_sink_main_00004":{"width":200,"height":200},"EF/ef_energy_sink_main/ef_energy_sink_main_00005":{"width":200,"height":200},"EF/ef_energy_sink_main/ef_energy_sink_main_00006":{"width":200,"height":200},"EF/ef_energy_sink_main/ef_energy_sink_main_00007":{"width":200,"height":200},"EF/ef_energy_sink_main/ef_energy_sink_main_00008":{"width":200,"height":200},"EF/ef_energy_sink_main/ef_energy_sink_main_00009":{"width":200,"height":200},"EF/ef_energy_sink_main/ef_energy_sink_main_00010":{"width":200,"height":200},"EF/ef_energy_sink_main/ef_energy_sink_main_00011":{"width":200,"height":200},"EF/ef_energy_sink_main/ef_energy_sink_main_00012":{"width":200,"height":200},"EF/ef_energy_sink_main/ef_energy_sink_main_00013":{"width":200,"height":200},"EF/ef_energy_sink_main/ef_energy_sink_main_00014":{"width":200,"height":200}},"EF_slash1_1":{"EF/ef_slash_AA_main/ef_slash_AA_main_00001":{"width":200,"height":200},"EF/ef_slash_AA_main/ef_slash_AA_main_00002":{"width":200,"height":200},"EF/ef_slash_AA_main/ef_slash_AA_main_00003":{"width":200,"height":200},"EF/ef_slash_AA_main/ef_slash_AA_main_00004":{"width":200,"height":200},"EF/ef_slash_AA_main/ef_slash_AA_main_00005":{"width":200,"height":200},"EF/ef_slash_AA_main/ef_slash_AA_main_00006":{"width":200,"height":200},"EF/ef_slash_AA_main/ef_slash_AA_main_00007":{"width":200,"height":200},"EF/ef_slash_AA_main/ef_slash_AA_main_00008":{"width":200,"height":200}},"EF_slash2_1":{"EF/ef_slash_A_main/ef_slash_A_main_00001":{"width":200,"height":200},"EF/ef_slash_A_main/ef_slash_A_main_00002":{"width":200,"height":200},"EF/ef_slash_A_main/ef_slash_A_main_00003":{"width":200,"height":200},"EF/ef_slash_A_main/ef_slash_A_main_00004":{"width":200,"height":200},"EF/ef_slash_A_main/ef_slash_A_main_00005":{"width":200,"height":200},"EF/ef_slash_A_main/ef_slash_A_main_00006":{"width":200,"height":200},"EF/ef_slash_A_main/ef_slash_A_main_00007":{"width":200,"height":200},"EF/ef_slash_A_main/ef_slash_A_main_00008":{"width":200,"height":200}},"EF_spin1_1":{"EF/ef_slash_rot_main/ef_slash_rot_main_00001":{"width":200,"height":200},"EF/ef_slash_rot_main/ef_slash_rot_main_00002":{"width":200,"height":200},"EF/ef_slash_rot_main/ef_slash_rot_main_00003":{"width":200,"height":200},"EF/ef_slash_rot_main/ef_slash_rot_main_00004":{"width":200,"height":200},"EF/ef_slash_rot_main/ef_slash_rot_main_00005":{"width":200,"height":200},"EF/ef_slash_rot_main/ef_slash_rot_main_00006":{"width":200,"height":200},"EF/ef_slash_rot_main/ef_slash_rot_main_00007":{"width":200,"height":200},"EF/ef_slash_rot_main/ef_slash_rot_main_00008":{"width":200,"height":200}},"EF_spin1_2":{"EF/ef_slash_rot_main/ef_slash_rot_main_00001":{"width":200,"height":200},"EF/ef_slash_rot_main/ef_slash_rot_main_00002":{"width":200,"height":200},"EF/ef_slash_rot_main/ef_slash_rot_main_00003":{"width":200,"height":200},"EF/ef_slash_rot_main/ef_slash_rot_main_00004":{"width":200,"height":200},"EF/ef_slash_rot_main/ef_slash_rot_main_00005":{"width":200,"height":200},"EF/ef_slash_rot_main/ef_slash_rot_main_00006":{"width":200,"height":200},"EF/ef_slash_rot_main/ef_slash_rot_main_00007":{"width":200,"height":200},"EF/ef_slash_rot_main/ef_slash_rot_main_00008":{"width":200,"height":200}},"EF_wave1_1":{"EF/ef_graund_wave_A_main/ef_graund_wave_A_main_00002":{"y":10.56,"width":200,"height":160},"EF/ef_graund_wave_A_main/ef_graund_wave_A_main_00004":{"y":10.56,"width":200,"height":160},"EF/ef_graund_wave_A_main/ef_graund_wave_A_main_00006":{"y":10.56,"width":200,"height":160},"EF/ef_graund_wave_A_main/ef_graund_wave_A_main_00008":{"y":10.56,"width":200,"height":160},"EF/ef_graund_wave_A_main/ef_graund_wave_A_main_00010":{"y":10.56,"width":200,"height":160},"EF/ef_graund_wave_A_main/ef_graund_wave_A_main_00012":{"y":10.56,"width":200,"height":160},"EF/ef_graund_wave_A_main/ef_graund_wave_A_main_00014":{"y":10.56,"width":200,"height":160}},"EF_wave1_2":{"EF/ef_graund_wave_A_main/ef_graund_wave_A_main_00002":{"y":10.56,"width":200,"height":160},"EF/ef_graund_wave_A_main/ef_graund_wave_A_main_00004":{"y":10.56,"width":200,"height":160},"EF/ef_graund_wave_A_main/ef_graund_wave_A_main_00006":{"y":10.56,"width":200,"height":160},"EF/ef_graund_wave_A_main/ef_graund_wave_A_main_00008":{"y":10.56,"width":200,"height":160},"EF/ef_graund_wave_A_main/ef_graund_wave_A_main_00010":{"y":10.56,"width":200,"height":160},"EF/ef_graund_wave_A_main/ef_graund_wave_A_main_00012":{"y":10.56,"width":200,"height":160},"EF/ef_graund_wave_A_main/ef_graund_wave_A_main_00014":{"y":10.56,"width":200,"height":160}},"EF_wave1_3":{"EF/ef_graund_wave_A_main/ef_graund_wave_A_main_00002":{"y":10.56,"width":200,"height":160},"EF/ef_graund_wave_A_main/ef_graund_wave_A_main_00004":{"y":10.56,"width":200,"height":160},"EF/ef_graund_wave_A_main/ef_graund_wave_A_main_00006":{"y":10.56,"width":200,"height":160},"EF/ef_graund_wave_A_main/ef_graund_wave_A_main_00008":{"y":10.56,"width":200,"height":160},"EF/ef_graund_wave_A_main/ef_graund_wave_A_main_00010":{"y":10.56,"width":200,"height":160},"EF/ef_graund_wave_A_main/ef_graund_wave_A_main_00012":{"y":10.56,"width":200,"height":160},"EF/ef_graund_wave_A_main/ef_graund_wave_A_main_00014":{"y":10.56,"width":200,"height":160}},"HITBOX":{"HITBOX":{"type":"boundingbox","vertices":[-64.46216,61.31463,-63.34216,-66.08525,64.8977,-66.64525,63.77771,61.31463]}},"MAIN":{"attack1_1":{"x":-9.38,"y":13.19,"scaleX":2,"scaleY":2,"width":250,"height":250},"attack1_2":{"x":-9.38,"y":13.19,"scaleX":2,"scaleY":2,"width":250,"height":250},"attack1_3":{"x":-9.38,"y":13.19,"scaleX":2,"scaleY":2,"width":250,"height":250},"attack1_4":{"x":-9.38,"y":13.19,"scaleX":2,"scaleY":2,"width":250,"height":250},"back1_1":{"x":-9.38,"y":13.19,"scaleX":2,"scaleY":2,"width":250,"height":250},"damage_1":{"x":-9.38,"y":13.19,"scaleX":2,"scaleY":2,"width":250,"height":250},"dash1_1":{"x":-9.38,"y":13.19,"scaleX":2,"scaleY":2,"width":250,"height":250},"idle1_1":{"x":-9.38,"y":13.19,"scaleX":2,"scaleY":2,"width":250,"height":250},"idle1_2":{"x":-9.38,"y":13.19,"scaleX":2,"scaleY":2,"width":250,"height":250},"idle1_3":{"x":-9.38,"y":13.19,"scaleX":2,"scaleY":2,"width":250,"height":250},"idle1_4":{"x":-9.38,"y":13.19,"scaleX":2,"scaleY":2,"width":250,"height":250},"skill1_1":{"x":-9.38,"y":13.19,"scaleX":2,"scaleY":2,"width":250,"height":250},"skill1_2":{"x":-9.38,"y":13.19,"scaleX":2,"scaleY":2,"width":250,"height":250},"skill1_3":{"x":-9.38,"y":13.19,"scaleX":2,"scaleY":2,"width":250,"height":250},"skill1_4":{"x":-9.38,"y":13.19,"scaleX":2,"scaleY":2,"width":250,"height":250},"skill1_5":{"x":-9.38,"y":13.19,"scaleX":2,"scaleY":2,"width":250,"height":250},"skill1_6":{"x":-9.38,"y":13.19,"scaleX":2,"scaleY":2,"width":250,"height":250},"skill1_7":{"x":-9.38,"y":13.19,"scaleX":2,"scaleY":2,"width":250,"height":250},"skill1_8":{"x":-9.38,"y":13.19,"scaleX":2,"scaleY":2,"width":250,"height":250},"skill1_9":{"x":-9.38,"y":13.19,"scaleX":2,"scaleY":2,"width":250,"height":250},"skill1_a":{"x":-9.38,"y":13.19,"scaleX":2,"scaleY":2,"width":250,"height":250},"skill1_b":{"x":-9.38,"y":13.19,"scaleX":2,"scaleY":2,"width":250,"height":250},"skill2_1":{"x":-9.38,"y":13.19,"scaleX":2,"scaleY":2,"width":250,"height":250},"skill2_2":{"x":-9.38,"y":13.19,"scaleX":2,"scaleY":2,"width":250,"height":250},"skill2_3":{"x":-9.38,"y":13.19,"scaleX":2,"scaleY":2,"width":250,"height":250},"skill2_4":{"x":-9.38,"y":13.19,"scaleX":2,"scaleY":2,"width":250,"height":250},"skill2_5":{"x":-9.38,"y":13.19,"scaleX":2,"scaleY":2,"width":250,"height":250},"skill2_6":{"x":-9.38,"y":13.19,"scaleX":2,"scaleY":2,"width":250,"height":250},"skill2_7":{"x":-9.38,"y":13.19,"scaleX":2,"scaleY":2,"width":250,"height":250},"skill2_8":{"x":-9.38,"y":13.19,"scaleX":2,"scaleY":2,"width":250,"height":250}},"magic1":{"EF/magic_1fire":{"type":"mesh","uvs":[1,1,0,1,0,0,1,0],"triangles":[1,2,3,1,3,0],"vertices":[150,-150,-150,-150,-150,150,150,150],"hull":4}},"magic2":{"EF/5100_S2_magic1a":{"type":"mesh","uvs":[1,1,0,1,0,0,1,0],"triangles":[1,2,3,1,3,0],"vertices":[218.4,-218.4,-218.4,-218.4,-218.4,218.4,218.4,218.4],"hull":4}}}},"events":{"Event":{},"Hit":{},"Sound1":{},"Sound2":{},"Sound3":{},"Voice":{}},"animations":{"attack1":{"slots":{"EF_wave1_1":{"attachment":[{"time":0.5666,"name":"EF/ef_graund_wave_A_main/ef_graund_wave_A_main_00002"},{"time":0.6,"name":"EF/ef_graund_wave_A_main/ef_graund_wave_A_main_00004"},{"time":0.6333,"name":"EF/ef_graund_wave_A_main/ef_graund_wave_A_main_00006"},{"time":0.6666,"name":"EF/ef_graund_wave_A_main/ef_graund_wave_A_main_00008"},{"time":0.7,"name":"EF/ef_graund_wave_A_main/ef_graund_wave_A_main_00010"},{"time":0.7333,"name":"EF/ef_graund_wave_A_main/ef_graund_wave_A_main_00012"},{"time":0.7666,"name":"EF/ef_graund_wave_A_main/ef_graund_wave_A_main_00014"},{"time":0.8,"name":null}]},"MAIN":{"attachment":[{"time":0,"name":"idle1_1"},{"time":0.1,"name":"skill1_8"},{"time":0.2333,"name":"attack1_1"},{"time":0.4666,"name":"attack1_2"},{"time":0.5666,"name":"attack1_3"},{"time":0.6666,"name":"attack1_4"},{"time":0.7666,"name":"attack1_3"},{"time":0.8666,"name":"attack1_4"},{"time":1,"name":"attack1_3"},{"time":1.1333,"name":"attack1_4"},{"time":1.2666,"name":"attack1_3"},{"time":1.4,"name":"attack1_4"},{"time":1.5,"name":"idle1_1"}]}},"bones":{"MAIN":{"translate":[{"time":0,"x":0,"y":0}],"scale":[{"time":0,"x":1,"y":1,"curve":"stepped"},{"time":0.2333,"x":-1,"y":1,"curve":"stepped"},{"time":1.5,"x":1,"y":1}]},"EF_wave1_1":{"translate":[{"time":0.5666,"x":-214.29,"y":-2.53}],"scale":[{"time":0.5666,"x":1.5,"y":1.5}]}},"events":[{"time":0.5333,"name":"Voice","string":"cri_200_voice_attack_random"},{"time":0.5666,"name":"Event","string":"addOrbitSystem-a1"}]},"back":{"slots":{"MAIN":{"attachment":[{"time":0,"name":"idle1_1"},{"time":0.0333,"name":"back1_1"},{"time":0.4333,"name":"skill2_1"},{"time":0.6666,"name":"idle1_1"}]}},"bones":{"MAIN":{"translate":[{"time":0,"x":0,"y":0,"curve":[0.289,0.52,0.656,0.64]},{"time":0.2333,"x":85.27,"y":14.74,"curve":[0.386,0.23,0.678,0.44]},{"time":0.4333,"x":156.7,"y":0,"curve":[0.207,0.62,0.75,1]},{"time":0.6666,"x":177.1,"y":0}]}},"events":[{"time":0.0333,"name":"Sound1","string":"cri_se_battle_jump"},{"time":0.4333,"name":"Sound1","string":"cri_se_battle_landing"}]},"cast":{"slots":{"MAIN":{"attachment":[{"time":0,"name":"idle1_1"},{"time":0.1,"name":"idle1_2"},{"time":0.2,"name":"skill1_5"},{"time":0.3,"name":"skill1_5"},{"time":0.4,"name":"skill1_6"},{"time":0.5,"name":"skill1_b"},{"time":1,"name":"idle1_1"}]}},"bones":{"MAIN":{"translate":[{"time":0,"x":0,"y":0}]}},"events":[{"time":0.3666,"name":"Voice","string":"cri_200_voice_item"}]},"damage":{"slots":{"MAIN":{"attachment":[{"time":0,"name":"damage_1"}]}},"bones":{"MAIN":{"translate":[{"time":0,"x":0,"y":0}]}}},"front":{"slots":{"MAIN":{"attachment":[{"time":0,"name":"dash1_1"}]}},"bones":{"MAIN":{"translate":[{"time":0,"x":0,"y":0}]}}},"idle":{"slots":{"MAIN":{"attachment":[{"time":0,"name":"idle1_1"},{"time":0.2666,"name":"idle1_2"},{"time":0.5,"name":"idle1_3"},{"time":0.7333,"name":"idle1_4"},{"time":1,"name":"idle1_1"}]}}},"in":{"slots":{"MAIN":{"attachment":[{"time":0,"name":"skill1_b"},{"time":0.1666,"name":"skill1_1"},{"time":0.2333,"name":"skill1_2"},{"time":0.3,"name":"skill1_3"},{"time":0.3666,"name":"skill1_4"},{"time":0.4,"name":"attack1_1"},{"time":0.6,"name":"attack1_2"},{"time":0.7,"name":"attack1_3"},{"time":0.8,"name":"attack1_4"},{"time":0.9,"name":"attack1_3"},{"time":1,"name":"attack1_4"},{"time":1.1,"name":"idle1_1"}],"color":[{"time":0,"color":"ffffff00"},{"time":0.1666,"color":"ffffffff"}]}},"bones":{"MAIN":{"translate":[{"time":0,"x":0,"y":0}],"scale":[{"time":0,"x":1,"y":1,"curve":"stepped"},{"time":0.4,"x":-1,"y":1}]}},"events":[{"time":0,"name":"Event","string":"takeSummon"}]},"skill1":{"slots":{"DAMAGEAREA":{"attachment":[{"time":1.1666,"name":"DAMAGEAREA"},{"time":1.6,"name":null},{"time":1.6666,"name":"DAMAGEAREA"},{"time":2.0666,"name":null},{"time":2.1,"name":"DAMAGEAREA"},{"time":2.6333,"name":null}]},"EF_dash1_1":{"attachment":[{"time":1.1666,"name":"EF/ef_dash_main/ef_dash_main_00001"},{"time":1.2,"name":"EF/ef_dash_main/ef_dash_main_00003"},{"time":1.2333,"name":"EF/ef_dash_main/ef_dash_main_00005"},{"time":1.2666,"name":"EF/ef_dash_main/ef_dash_main_00007"},{"time":1.3,"name":"EF/ef_dash_main/ef_dash_main_00009"},{"time":1.3333,"name":"EF/ef_dash_main/ef_dash_main_00011"},{"time":1.3666,"name":null},{"time":1.6,"name":"EF/ef_dash_main/ef_dash_main_00001"},{"time":1.6333,"name":"EF/ef_dash_main/ef_dash_main_00003"},{"time":1.6666,"name":"EF/ef_dash_main/ef_dash_main_00005"},{"time":1.7,"name":"EF/ef_dash_main/ef_dash_main_00007"},{"time":1.7333,"name":"EF/ef_dash_main/ef_dash_main_00009"},{"time":1.7666,"name":"EF/ef_dash_main/ef_dash_main_00011"},{"time":1.8,"name":null},{"time":2.0666,"name":"EF/ef_dash_main/ef_dash_main_00001"},{"time":2.1,"name":"EF/ef_dash_main/ef_dash_main_00003"},{"time":2.1333,"name":"EF/ef_dash_main/ef_dash_main_00005"},{"time":2.1666,"name":"EF/ef_dash_main/ef_dash_main_00007"},{"time":2.2,"name":"EF/ef_dash_main/ef_dash_main_00009"},{"time":2.2333,"name":"EF/ef_dash_main/ef_dash_main_00011"},{"time":2.2666,"name":null}]},"EF_slash1_1":{"attachment":[{"time":1.5666,"name":"EF/ef_slash_AA_main/ef_slash_AA_main_00001"},{"time":1.6,"name":"EF/ef_slash_AA_main/ef_slash_AA_main_00002"},{"time":1.6333,"name":"EF/ef_slash_AA_main/ef_slash_AA_main_00003"},{"time":1.6666,"name":"EF/ef_slash_AA_main/ef_slash_AA_main_00004"},{"time":1.7,"name":"EF/ef_slash_AA_main/ef_slash_AA_main_00005"},{"time":1.7333,"name":"EF/ef_slash_AA_main/ef_slash_AA_main_00006"},{"time":1.7666,"name":"EF/ef_slash_AA_main/ef_slash_AA_main_00007"},{"time":1.8,"name":"EF/ef_slash_AA_main/ef_slash_AA_main_00008"},{"time":1.8333,"name":null}]},"EF_slash2_1":{"attachment":[{"time":1.1333,"name":"EF/ef_slash_A_main/ef_slash_A_main_00001"},{"time":1.1666,"name":"EF/ef_slash_A_main/ef_slash_A_main_00002"},{"time":1.2,"name":"EF/ef_slash_A_main/ef_slash_A_main_00003"},{"time":1.2333,"name":"EF/ef_slash_A_main/ef_slash_A_main_00004"},{"time":1.2666,"name":"EF/ef_slash_A_main/ef_slash_A_main_00005"},{"time":1.3,"name":"EF/ef_slash_A_main/ef_slash_A_main_00006"},{"time":1.3333,"name":"EF/ef_slash_A_main/ef_slash_A_main_00007"},{"time":1.3666,"name":"EF/ef_slash_A_main/ef_slash_A_main_00008"},{"time":1.4,"name":null},{"time":2.0333,"name":"EF/ef_slash_A_main/ef_slash_A_main_00001"},{"time":2.0666,"name":"EF/ef_slash_A_main/ef_slash_A_main_00002"},{"time":2.1,"name":"EF/ef_slash_A_main/ef_slash_A_main_00003"},{"time":2.1333,"name":"EF/ef_slash_A_main/ef_slash_A_main_00004"},{"time":2.1666,"name":"EF/ef_slash_A_main/ef_slash_A_main_00005"},{"time":2.2,"name":"EF/ef_slash_A_main/ef_slash_A_main_00006"},{"time":2.2333,"name":"EF/ef_slash_A_main/ef_slash_A_main_00007"},{"time":2.2666,"name":"EF/ef_slash_A_main/ef_slash_A_main_00008"},{"time":2.3,"name":null}]},"EF_spin1_1":{"attachment":[{"time":0.3333,"name":"EF/ef_slash_rot_main/ef_slash_rot_main_00001"},{"time":0.3666,"name":"EF/ef_slash_rot_main/ef_slash_rot_main_00002"},{"time":0.4,"name":"EF/ef_slash_rot_main/ef_slash_rot_main_00003"},{"time":0.4333,"name":"EF/ef_slash_rot_main/ef_slash_rot_main_00004"},{"time":0.4666,"name":"EF/ef_slash_rot_main/ef_slash_rot_main_00005"},{"time":0.5,"name":"EF/ef_slash_rot_main/ef_slash_rot_main_00006"},{"time":0.5333,"name":"EF/ef_slash_rot_main/ef_slash_rot_main_00007"},{"time":0.5666,"name":"EF/ef_slash_rot_main/ef_slash_rot_main_00008"},{"time":0.6,"name":null},{"time":0.6333,"name":"EF/ef_slash_rot_main/ef_slash_rot_main_00001"},{"time":0.6666,"name":"EF/ef_slash_rot_main/ef_slash_rot_main_00002"},{"time":0.7,"name":"EF/ef_slash_rot_main/ef_slash_rot_main_00003"},{"time":0.7333,"name":"EF/ef_slash_rot_main/ef_slash_rot_main_00004"},{"time":0.7666,"name":"EF/ef_slash_rot_main/ef_slash_rot_main_00005"},{"time":0.8,"name":"EF/ef_slash_rot_main/ef_slash_rot_main_00006"},{"time":0.8333,"name":"EF/ef_slash_rot_main/ef_slash_rot_main_00007"},{"time":0.8666,"name":"EF/ef_slash_rot_main/ef_slash_rot_main_00008"},{"time":0.9,"name":null}]},"EF_spin1_2":{"attachment":[{"time":0.4666,"name":"EF/ef_slash_rot_main/ef_slash_rot_main_00001"},{"time":0.5,"name":"EF/ef_slash_rot_main/ef_slash_rot_main_00002"},{"time":0.5333,"name":"EF/ef_slash_rot_main/ef_slash_rot_main_00003"},{"time":0.5666,"name":"EF/ef_slash_rot_main/ef_slash_rot_main_00004"},{"time":0.6,"name":"EF/ef_slash_rot_main/ef_slash_rot_main_00005"},{"time":0.6333,"name":"EF/ef_slash_rot_main/ef_slash_rot_main_00006"},{"time":0.6666,"name":"EF/ef_slash_rot_main/ef_slash_rot_main_00007"},{"time":0.7,"name":"EF/ef_slash_rot_main/ef_slash_rot_main_00008"},{"time":0.7333,"name":null}]},"EF_wave1_1":{"attachment":[{"time":1.1333,"name":"EF/ef_graund_wave_A_main/ef_graund_wave_A_main_00002"},{"time":1.1666,"name":"EF/ef_graund_wave_A_main/ef_graund_wave_A_main_00004"},{"time":1.2,"name":"EF/ef_graund_wave_A_main/ef_graund_wave_A_main_00006"},{"time":1.2333,"name":"EF/ef_graund_wave_A_main/ef_graund_wave_A_main_00008"},{"time":1.2666,"name":"EF/ef_graund_wave_A_main/ef_graund_wave_A_main_00010"},{"time":1.3,"name":"EF/ef_graund_wave_A_main/ef_graund_wave_A_main_00012"},{"time":1.3333,"name":"EF/ef_graund_wave_A_main/ef_graund_wave_A_main_00014"},{"time":1.3666,"name":null},{"time":1.5666,"name":"EF/ef_graund_wave_A_main/ef_graund_wave_A_main_00002"},{"time":1.6,"name":"EF/ef_graund_wave_A_main/ef_graund_wave_A_main_00004"},{"time":1.6333,"name":"EF/ef_graund_wave_A_main/ef_graund_wave_A_main_00006"},{"time":1.6666,"name":"EF/ef_graund_wave_A_main/ef_graund_wave_A_main_00008"},{"time":1.7,"name":"EF/ef_graund_wave_A_main/ef_graund_wave_A_main_00010"},{"time":1.7333,"name":"EF/ef_graund_wave_A_main/ef_graund_wave_A_main_00012"},{"time":1.7666,"name":"EF/ef_graund_wave_A_main/ef_graund_wave_A_main_00014"},{"time":1.8,"name":null},{"time":2.0333,"name":"EF/ef_graund_wave_A_main/ef_graund_wave_A_main_00002"},{"time":2.0666,"name":"EF/ef_graund_wave_A_main/ef_graund_wave_A_main_00004"},{"time":2.1,"name":"EF/ef_graund_wave_A_main/ef_graund_wave_A_main_00006"},{"time":2.1333,"name":"EF/ef_graund_wave_A_main/ef_graund_wave_A_main_00008"},{"time":2.1666,"name":"EF/ef_graund_wave_A_main/ef_graund_wave_A_main_00010"},{"time":2.2,"name":"EF/ef_graund_wave_A_main/ef_graund_wave_A_main_00012"},{"time":2.2333,"name":"EF/ef_graund_wave_A_main/ef_graund_wave_A_main_00014"},{"time":2.2666,"name":null}]},"EF_wave1_2":{"attachment":[{"time":1.2333,"name":"EF/ef_graund_wave_A_main/ef_graund_wave_A_main_00002"},{"time":1.2666,"name":"EF/ef_graund_wave_A_main/ef_graund_wave_A_main_00004"},{"time":1.3,"name":"EF/ef_graund_wave_A_main/ef_graund_wave_A_main_00006"},{"time":1.3333,"name":"EF/ef_graund_wave_A_main/ef_graund_wave_A_main_00008"},{"time":1.3666,"name":"EF/ef_graund_wave_A_main/ef_graund_wave_A_main_00010"},{"time":1.4,"name":"EF/ef_graund_wave_A_main/ef_graund_wave_A_main_00012"},{"time":1.4333,"name":"EF/ef_graund_wave_A_main/ef_graund_wave_A_main_00014"},{"time":1.4666,"name":null},{"time":1.6666,"name":"EF/ef_graund_wave_A_main/ef_graund_wave_A_main_00002"},{"time":1.7,"name":"EF/ef_graund_wave_A_main/ef_graund_wave_A_main_00004"},{"time":1.7333,"name":"EF/ef_graund_wave_A_main/ef_graund_wave_A_main_00006"},{"time":1.7666,"name":"EF/ef_graund_wave_A_main/ef_graund_wave_A_main_00008"},{"time":1.8,"name":"EF/ef_graund_wave_A_main/ef_graund_wave_A_main_00010"},{"time":1.8333,"name":"EF/ef_graund_wave_A_main/ef_graund_wave_A_main_00012"},{"time":1.8666,"name":"EF/ef_graund_wave_A_main/ef_graund_wave_A_main_00014"},{"time":1.9,"name":null},{"time":2.1333,"name":"EF/ef_graund_wave_A_main/ef_graund_wave_A_main_00002"},{"time":2.1666,"name":"EF/ef_graund_wave_A_main/ef_graund_wave_A_main_00004"},{"time":2.2,"name":"EF/ef_graund_wave_A_main/ef_graund_wave_A_main_00006"},{"time":2.2333,"name":"EF/ef_graund_wave_A_main/ef_graund_wave_A_main_00008"},{"time":2.2666,"name":"EF/ef_graund_wave_A_main/ef_graund_wave_A_main_00010"},{"time":2.3,"name":"EF/ef_graund_wave_A_main/ef_graund_wave_A_main_00012"},{"time":2.3333,"name":"EF/ef_graund_wave_A_main/ef_graund_wave_A_main_00014"},{"time":2.3666,"name":null}]},"MAIN":{"attachment":[{"time":0,"name":"idle1_1"},{"time":0.1,"name":"skill1_1"},{"time":0.2333,"name":"skill1_2"},{"time":0.3333,"name":"skill1_3"},{"time":0.4333,"name":"skill1_4"},{"time":0.5333,"name":"skill1_3"},{"time":0.6333,"name":"skill1_4"},{"time":0.7333,"name":"skill1_3"},{"time":0.8333,"name":"skill1_5"},{"time":1.0333,"name":"skill1_6"},{"time":1.1666,"name":"skill1_7"},{"time":1.4666,"name":"skill1_8"},{"time":1.6,"name":"skill1_9"},{"time":1.8,"name":"skill1_5"},{"time":1.9333,"name":"skill1_6"},{"time":2.0666,"name":"skill1_7"},{"time":2.1333,"name":"skill1_b"},{"time":2.8333,"name":"idle1_1"}]}},"bones":{"MAIN":{"translate":[{"time":0,"x":0,"y":0,"curve":"stepped"},{"time":1.0333,"x":0,"y":0,"curve":[0.235,0.73,0.75,1]},{"time":1.2333,"x":-10,"y":0,"curve":"stepped"},{"time":1.4666,"x":-10,"y":0,"curve":[0.326,0.3,0.757,1]},{"time":1.6666,"x":-20,"y":0,"curve":"stepped"},{"time":1.9333,"x":-20,"y":0,"curve":[0.281,0.6,0.759,1]},{"time":2.2,"x":-30,"y":0}]},"EF_spin1_1":{"translate":[{"time":0.3333,"x":-250,"y":36.07}],"scale":[{"time":0.3333,"x":2,"y":2}]},"EF_spin1_2":{"translate":[{"time":0.4666,"x":-250,"y":36.07}],"scale":[{"time":0.4666,"x":2,"y":2}]},"EF_wave1_1":{"translate":[{"time":1.1333,"x":-217.85,"y":0,"curve":"stepped"},{"time":1.5666,"x":-240.15,"y":0,"curve":"stepped"},{"time":2.0333,"x":-230.76,"y":0}],"scale":[{"time":1.1333,"x":2,"y":2,"curve":"stepped"},{"time":1.5666,"x":2,"y":2,"curve":"stepped"},{"time":2.0333,"x":2,"y":2}]},"EF_wave1_2":{"translate":[{"time":1.2333,"x":-217.85,"y":0,"curve":"stepped"},{"time":1.6666,"x":-240.15,"y":0,"curve":"stepped"},{"time":2.1333,"x":-230.76,"y":0}],"scale":[{"time":1.2333,"x":2,"y":2,"curve":"stepped"},{"time":1.6666,"x":2,"y":2,"curve":"stepped"},{"time":2.1333,"x":2,"y":2}]},"EF_dash1_1":{"translate":[{"time":1.1666,"x":-82.18,"y":0,"curve":"stepped"},{"time":1.6,"x":-114.21,"y":0,"curve":"stepped"},{"time":2.0666,"x":-97.14,"y":0}],"scale":[{"time":1.1666,"x":1.5,"y":1.5,"curve":"stepped"},{"time":1.6,"x":1.5,"y":1.5,"curve":"stepped"},{"time":2.0666,"x":1.5,"y":1.5}]},"EF_slash2_1":{"translate":[{"time":1.1333,"x":-227.15,"y":-4.29,"curve":"stepped"},{"time":2.0333,"x":-262.79,"y":-2.13}],"scale":[{"time":1.1333,"x":2,"y":2,"curve":"stepped"},{"time":2.0333,"x":2,"y":2}]},"EF_slash1_1":{"translate":[{"time":1.5666,"x":-185.76,"y":11.88,"curve":"stepped"},{"time":1.6,"x":-240.84,"y":11.88}],"scale":[{"time":1.5666,"x":2,"y":2}]},"DAMAGEAREA":{"translate":[{"time":1.1666,"x":-113.48,"y":62.14},{"time":1.5666,"x":-275.84,"y":77.93},{"time":1.6666,"x":-172.11,"y":77.93},{"time":2.0333,"x":-348,"y":82.44},{"time":2.1,"x":-185.64,"y":82.44},{"time":2.5,"x":-343.49,"y":82.44}],"scale":[{"time":1.1666,"x":3.542,"y":1},{"time":1.5666,"x":5.822,"y":1.215},{"time":1.6666,"x":3.459,"y":1.215},{"time":2.0333,"x":5.327,"y":1.215},{"time":2.1,"x":3.285,"y":1.215},{"time":2.5,"x":5.137,"y":1.599}]}},"events":[{"time":0,"name":"Event","float":0.2,"string":"kHitStopType_normal"},{"time":0.2333,"name":"Sound1","string":"cri_se_battle_sword_swish_heavy"},{"time":0.4,"name":"Sound1","string":"cri_se_battle_sword_swish_heavy"},{"time":0.5666,"name":"Sound1","string":"cri_se_battle_sword_swish_heavy"},{"time":0.7333,"name":"Sound1","string":"cri_se_battle_sword_swish_heavy"},{"time":1.1333,"name":"Sound1","string":"cri_se_battle_033_explosion_element_01"},{"time":1.1333,"name":"Sound2","string":"setHitSound(se_battle_explosion_short)"},{"time":1.1333,"name":"Voice","string":"cri_200_voice_skill_all"},{"time":1.1666,"name":"Event","string":"shakeGround"},{"time":1.2333,"name":"Event","float":0.05,"string":"kHitStopType_enemyonly"},{"time":1.2333,"name":"Hit","float":1,"string":"resetHitList"},{"time":1.3,"name":"Hit","float":2,"string":"resetHitList"},{"time":1.3666,"name":"Hit","float":3,"string":"resetHitList"},{"time":1.4333,"name":"Hit","float":4,"string":"resetHitList"},{"time":1.5,"name":"Hit","float":5,"string":"resetHitList"},{"time":1.5666,"name":"Event","string":"shakeGround"},{"time":1.5666,"name":"Sound1","string":"cri_se_battle_033_explosion_element_01"},{"time":1.6,"name":"Event","float":0.2,"string":"kHitStopType_normal"},{"time":1.6666,"name":"Hit","float":1,"string":"resetHitList"},{"time":1.7333,"name":"Event","float":0.05,"string":"kHitStopType_enemyonly"},{"time":1.7333,"name":"Hit","float":2,"string":"resetHitList"},{"time":1.8,"name":"Hit","float":3,"string":"resetHitList"},{"time":1.8666,"name":"Hit","float":4,"string":"resetHitList"},{"time":1.9333,"name":"Hit","float":5,"string":"resetHitList"},{"time":2,"name":"Hit","float":6,"string":"resetHitList"},{"time":2.0333,"name":"Event","string":"setHitBackEnemy(5,0)"},{"time":2.0333,"name":"Sound1","string":"cri_se_battle_033_explosion_element_01"},{"time":2.0666,"name":"Event","float":0.2,"string":"kHitStopType_normal"},{"time":2.1,"name":"Event","string":"kImpactType_knock"},{"time":2.1,"name":"Hit","float":1,"string":"resetHitList"},{"time":2.1333,"name":"Event","string":"shakeGround"},{"time":2.1666,"name":"Event","float":0.05,"string":"kHitStopType_enemyonly"},{"time":2.1666,"name":"Hit","float":2,"string":"resetHitList"},{"time":2.2333,"name":"Hit","float":3,"string":"resetHitList"},{"time":2.3,"name":"Hit","float":4,"string":"resetHitList"},{"time":2.3666,"name":"Hit","float":5,"string":"resetHitList"},{"time":2.4333,"name":"Hit","float":6,"string":"resetHitList"},{"time":2.5,"name":"Hit","float":7,"string":"resetHitList"},{"time":2.5666,"name":"Hit","float":8,"string":"resetHitList"}]},"skill2":{"slots":{"DAMAGEAREA":{"attachment":[{"time":2.6,"name":"DAMAGEAREA"},{"time":3.3666,"name":null}]},"EF_dash1_1":{"attachment":[{"time":0.3333,"name":"EF/ef_dash_main/ef_dash_main_00001"},{"time":0.3666,"name":"EF/ef_dash_main/ef_dash_main_00003"},{"time":0.4,"name":"EF/ef_dash_main/ef_dash_main_00005"},{"time":0.4333,"name":"EF/ef_dash_main/ef_dash_main_00007"},{"time":0.4666,"name":"EF/ef_dash_main/ef_dash_main_00009"},{"time":0.5,"name":"EF/ef_dash_main/ef_dash_main_00011"},{"time":0.5333,"name":null}]},"EF_dash1_2":{"attachment":[{"time":0.3333,"name":"EF/ef_dash_main/ef_dash_main_00001"},{"time":0.3666,"name":"EF/ef_dash_main/ef_dash_main_00003"},{"time":0.4,"name":"EF/ef_dash_main/ef_dash_main_00005"},{"time":0.4333,"name":"EF/ef_dash_main/ef_dash_main_00007"},{"time":0.4666,"name":"EF/ef_dash_main/ef_dash_main_00009"},{"time":0.5,"name":"EF/ef_dash_main/ef_dash_main_00011"},{"time":0.5333,"name":null}]},"EF_energy1_1":{"attachment":[{"time":0.5,"name":"EF/ef_energy_sink_main/ef_energy_sink_main_00003"},{"time":0.5333,"name":"EF/ef_energy_sink_main/ef_energy_sink_main_00004"},{"time":0.5666,"name":"EF/ef_energy_sink_main/ef_energy_sink_main_00005"},{"time":0.6,"name":"EF/ef_energy_sink_main/ef_energy_sink_main_00006"},{"time":0.6333,"name":"EF/ef_energy_sink_main/ef_energy_sink_main_00007"},{"time":0.6666,"name":"EF/ef_energy_sink_main/ef_energy_sink_main_00008"},{"time":0.7,"name":"EF/ef_energy_sink_main/ef_energy_sink_main_00009"},{"time":0.7333,"name":"EF/ef_energy_sink_main/ef_energy_sink_main_00010"},{"time":0.7666,"name":"EF/ef_energy_sink_main/ef_energy_sink_main_00011"},{"time":0.8,"name":"EF/ef_energy_sink_main/ef_energy_sink_main_00012"},{"time":0.8333,"name":"EF/ef_energy_sink_main/ef_energy_sink_main_00013"},{"time":0.8666,"name":"EF/ef_energy_sink_main/ef_energy_sink_main_00014"},{"time":0.9,"name":"EF/ef_energy_sink_main/ef_energy_sink_main_00003"},{"time":0.9333,"name":"EF/ef_energy_sink_main/ef_energy_sink_main_00004"},{"time":0.9666,"name":"EF/ef_energy_sink_main/ef_energy_sink_main_00005"},{"time":1,"name":"EF/ef_energy_sink_main/ef_energy_sink_main_00006"},{"time":1.0333,"name":"EF/ef_energy_sink_main/ef_energy_sink_main_00007"},{"time":1.0666,"name":"EF/ef_energy_sink_main/ef_energy_sink_main_00008"},{"time":1.1,"name":"EF/ef_energy_sink_main/ef_energy_sink_main_00009"},{"time":1.1333,"name":"EF/ef_energy_sink_main/ef_energy_sink_main_00010"},{"time":1.1666,"name":"EF/ef_energy_sink_main/ef_energy_sink_main_00011"},{"time":1.2,"name":"EF/ef_energy_sink_main/ef_energy_sink_main_00012"},{"time":1.2333,"name":"EF/ef_energy_sink_main/ef_energy_sink_main_00013"},{"time":1.2666,"name":"EF/ef_energy_sink_main/ef_energy_sink_main_00014"},{"time":1.3,"name":"EF/ef_energy_sink_main/ef_energy_sink_main_00003"},{"time":1.3333,"name":"EF/ef_energy_sink_main/ef_energy_sink_main_00004"},{"time":1.3666,"name":"EF/ef_energy_sink_main/ef_energy_sink_main_00005"},{"time":1.4,"name":"EF/ef_energy_sink_main/ef_energy_sink_main_00006"},{"time":1.4333,"name":"EF/ef_energy_sink_main/ef_energy_sink_main_00007"},{"time":1.4666,"name":"EF/ef_energy_sink_main/ef_energy_sink_main_00008"},{"time":1.5,"name":"EF/ef_energy_sink_main/ef_energy_sink_main_00009"},{"time":1.5333,"name":"EF/ef_energy_sink_main/ef_energy_sink_main_00010"},{"time":1.5666,"name":"EF/ef_energy_sink_main/ef_energy_sink_main_00011"},{"time":1.6,"name":"EF/ef_energy_sink_main/ef_energy_sink_main_00012"},{"time":1.6333,"name":"EF/ef_energy_sink_main/ef_energy_sink_main_00013"},{"time":1.6666,"name":"EF/ef_energy_sink_main/ef_energy_sink_main_00014"},{"time":1.7,"name":"EF/ef_energy_sink_main/ef_energy_sink_main_00003"},{"time":1.7333,"name":"EF/ef_energy_sink_main/ef_energy_sink_main_00004"},{"time":1.7666,"name":"EF/ef_energy_sink_main/ef_energy_sink_main_00005"},{"time":1.8,"name":"EF/ef_energy_sink_main/ef_energy_sink_main_00006"},{"time":1.8333,"name":"EF/ef_energy_sink_main/ef_energy_sink_main_00007"},{"time":1.8666,"name":"EF/ef_energy_sink_main/ef_energy_sink_main_00008"},{"time":1.9,"name":"EF/ef_energy_sink_main/ef_energy_sink_main_00009"},{"time":1.9333,"name":"EF/ef_energy_sink_main/ef_energy_sink_main_00010"},{"time":1.9666,"name":"EF/ef_energy_sink_main/ef_energy_sink_main_00011"},{"time":2,"name":"EF/ef_energy_sink_main/ef_energy_sink_main_00012"},{"time":2.0333,"name":"EF/ef_energy_sink_main/ef_energy_sink_main_00013"},{"time":2.0666,"name":"EF/ef_energy_sink_main/ef_energy_sink_main_00014"},{"time":2.1,"name":null}]},"EF_wave1_1":{"attachment":[{"time":0.3333,"name":"EF/ef_graund_wave_A_main/ef_graund_wave_A_main_00002"},{"time":0.3666,"name":"EF/ef_graund_wave_A_main/ef_graund_wave_A_main_00004"},{"time":0.4,"name":"EF/ef_graund_wave_A_main/ef_graund_wave_A_main_00006"},{"time":0.4333,"name":"EF/ef_graund_wave_A_main/ef_graund_wave_A_main_00008"},{"time":0.4666,"name":"EF/ef_graund_wave_A_main/ef_graund_wave_A_main_00010"},{"time":0.5,"name":"EF/ef_graund_wave_A_main/ef_graund_wave_A_main_00012"},{"time":0.5333,"name":"EF/ef_graund_wave_A_main/ef_graund_wave_A_main_00014"},{"time":0.5666,"name":null}]},"EF_wave1_2":{"attachment":[{"time":0.4,"name":"EF/ef_graund_wave_A_main/ef_graund_wave_A_main_00002"},{"time":0.4333,"name":"EF/ef_graund_wave_A_main/ef_graund_wave_A_main_00004"},{"time":0.4666,"name":"EF/ef_graund_wave_A_main/ef_graund_wave_A_main_00006"},{"time":0.5,"name":"EF/ef_graund_wave_A_main/ef_graund_wave_A_main_00008"},{"time":0.5333,"name":"EF/ef_graund_wave_A_main/ef_graund_wave_A_main_00010"},{"time":0.5666,"name":"EF/ef_graund_wave_A_main/ef_graund_wave_A_main_00012"},{"time":0.6,"name":"EF/ef_graund_wave_A_main/ef_graund_wave_A_main_00014"},{"time":0.6333,"name":null}]},"MAIN":{"attachment":[{"time":0,"name":"idle1_1"},{"time":0.1,"name":"skill2_1"},{"time":0.3333,"name":"skill2_2"},{"time":0.5,"name":"skill2_3"},{"time":0.6333,"name":"skill2_4"},{"time":0.7666,"name":"skill2_3"},{"time":0.9,"name":"skill2_4"},{"time":1.0333,"name":"skill2_3"},{"time":1.1666,"name":"skill2_4"},{"time":1.3,"name":"skill2_3"},{"time":1.4333,"name":"skill2_4"},{"time":1.5666,"name":"skill2_3"},{"time":1.7,"name":"skill2_4"},{"time":1.8333,"name":"skill2_3"},{"time":1.9666,"name":"skill2_4"},{"time":2.3333,"name":"skill2_5"},{"time":2.3666,"name":"skill2_5"},{"time":2.4333,"name":"skill2_6"},{"time":2.5333,"name":"skill2_7"},{"time":2.6333,"name":"skill2_6"},{"time":2.7333,"name":"skill2_7"},{"time":2.8333,"name":"skill2_6"},{"time":2.9333,"name":"skill2_7"},{"time":3.0333,"name":"skill2_6"},{"time":3.1333,"name":"skill2_7"},{"time":3.2333,"name":"skill2_6"},{"time":3.3333,"name":"skill2_7"},{"time":3.4333,"name":"skill2_6"},{"time":3.5333,"name":"skill2_7"},{"time":3.6333,"name":"skill2_6"},{"time":3.8333,"name":"skill2_8"},{"time":4.0666,"name":"skill2_1"},{"time":4.3333,"name":"idle1_1"}]}},"bones":{"MAIN":{"translate":[{"time":0,"x":0,"y":0,"curve":"stepped"},{"time":0.3,"x":0,"y":0,"curve":[0.253,0.42,0.75,1]},{"time":0.5333,"x":0,"y":233.26,"curve":[0.213,0.55,0.75,1]},{"time":1.8333,"x":0,"y":241.07,"curve":"stepped"},{"time":2.3666,"x":0,"y":241.07,"curve":[0.25,0,0.897,0.67]},{"time":2.4333,"x":-29.85,"y":208.67,"curve":[0.206,0.73,0.427,0.93]},{"time":2.5666,"x":-1.05,"y":229.21,"curve":[0.246,0.76,0.514,0.91]},{"time":3.5,"x":16.2,"y":240.08,"curve":"stepped"},{"time":3.8333,"x":16.2,"y":240.08,"curve":[0.343,0.28,0.677,0.61]},{"time":4.0666,"x":16.2,"y":0,"curve":[0.255,0.4,0.75,1]},{"time":4.1333,"x":16.2,"y":-5.15,"curve":[0.439,0.13,0.867,0.49]},{"time":4.2,"x":16.2,"y":0,"curve":"stepped"},{"time":4.3333,"x":16.2,"y":0}]},"EF_wave1_1":{"translate":[{"time":0.3333,"x":-200.83,"y":0}],"scale":[{"time":0.3333,"x":2.5,"y":2.5}]},"EF_wave1_2":{"translate":[{"time":0.4,"x":-200.83,"y":0}],"scale":[{"time":0.4,"x":2.5,"y":2.5}]},"EF_energy1_1":{"rotate":[{"time":0.5,"angle":0},{"time":2.1,"angle":-39.29}],"translate":[{"time":0.5,"x":-149.71,"y":239.28,"curve":[0.314,0.33,0.647,0.66]},{"time":0.5333,"x":-149.71,"y":249.92,"curve":[0.186,0.57,0.752,1]},{"time":1.8333,"x":-149.71,"y":258.12}],"scale":[{"time":0.5,"x":2.5,"y":2.5}]},"EF_dash1_1":{"translate":[{"time":0.3333,"x":-119.86,"y":0}],"scale":[{"time":0.3333,"x":1.299,"y":1.299}]},"EF_dash1_2":{"translate":[{"time":0.3333,"x":-183.27,"y":0}],"scale":[{"time":0.3333,"x":-1,"y":1}]},"DAMAGEAREA":{"translate":[{"time":2.6,"x":-511.78,"y":72.02}],"scale":[{"time":2.6,"x":6.907,"y":3.736}]}},"events":[{"time":0,"name":"Event","float":0.2,"string":"kHitStopType_normal"},{"time":0.1,"name":"Voice","string":"cri_200_voice_fullarts_now"},{"time":0.3,"name":"Event","string":"movePosition_Target(0.15,470,0)"},{"time":0.3333,"name":"Sound2","string":"cri_se_battle_charge_03"},{"time":0.8333,"name":"Sound1","string":"cri_se_battle_033_explosion_element_01"},{"time":0.8333,"name":"Sound2","string":"cri_se_battle_arrow_light_effect"},{"time":0.9333,"name":"Event","string":"shakeGround"},{"time":1.1,"name":"Event","string":"shakeGround"},{"time":1.1333,"name":"Sound1","string":"cri_se_battle_033_explosion_element_01"},{"time":1.1333,"name":"Sound2","string":"cri_se_battle_arrow_light_effect"},{"time":1.2666,"name":"Event","string":"shakeGround"},{"time":1.3,"name":"Sound2","string":"cri_se_battle_arrow_light_effect"},{"time":1.4,"name":"Event","string":"shakeGround"},{"time":1.5333,"name":"Sound1","string":"cri_se_battle_033_explosion_element_01"},{"time":1.5333,"name":"Sound2","string":"cri_se_battle_arrow_light_effect"},{"time":1.7333,"name":"Event","string":"shakeGround"},{"time":2.3333,"name":"Voice","string":"cri_200_voice_fullarts_c_rank5"},{"time":2.5666,"name":"Event","string":"kImpactType_up"},{"time":2.5666,"name":"Sound2","string":"setHitSound(se_battle_030_explosion_02)"},{"time":2.6,"name":"Event","string":"shakeGround"},{"time":2.6,"name":"Sound1","string":"cri_se_battle_032_explosion_04"},{"time":2.7666,"name":"Event","string":"shakeGround"},{"time":2.7666,"name":"Hit","float":1,"string":"resetHitList"},{"time":2.8,"name":"Sound1","string":"cri_se_battle_031_explosion_03"},{"time":2.9666,"name":"Event","float":3,"string":"shakeGround"},{"time":2.9666,"name":"Hit","float":10,"string":"resetHitList"},{"time":3,"name":"Sound1","string":"cri_se_battle_030_explosion_02"},{"time":3.0333,"name":"Event","float":0.05,"string":"kHitStopType_enemyonly"},{"time":3.0333,"name":"Hit","float":0.1,"string":"resetHitList"},{"time":3.1,"name":"Hit","float":0.1,"string":"resetHitList"},{"time":3.1666,"name":"Hit","float":0.1,"string":"resetHitList"},{"time":3.2333,"name":"Hit","float":0.1,"string":"resetHitList"},{"time":3.3,"name":"Hit","float":0.1,"string":"resetHitList"}]}}}