{"skeleton":{"hash":"6T2jhPI/DtS+EnBNZChMS2AFl5A","spine":"3.0.12","width":512,"height":512,"images":"./images2/"},"bones":[{"name":"root"},{"name":"MAIN","parent":"root","y":70.87,"color":"ff0000ff"},{"name":"HITBOX","parent":"MAIN","color":"ff0000ff"},{"name":"EF_shot1_2","parent":"MAIN","x":150,"y":29.12,"scaleX":1.1,"scaleY":1.1,"color":"00ff7bff"},{"name":"EF_wave_air1_4","parent":"EF_shot1_2","x":18.53,"y":-0.15,"color":"00ff7bff"},{"name":"EF_wave_air1_3","parent":"EF_shot1_2","x":18.53,"y":-0.15,"color":"00ff7bff"},{"name":"EF_shot1_1","parent":"MAIN","x":150,"y":29.12,"color":"15ff00ff"},{"name":"EF_wave_air1_2","parent":"EF_shot1_1","x":18.53,"y":-0.15,"color":"37ff00ff"},{"name":"EF_wave_air1_1","parent":"EF_shot1_1","x":18.53,"y":-0.15,"color":"37ff00ff"},{"name":"EF_wave2_3","parent":"root","scaleX":2,"scaleY":2,"color":"ff00ddff"},{"name":"EF_wave2_2","parent":"root","scaleX":2,"scaleY":2,"color":"ff00ddff"},{"name":"EF_wave2_1","parent":"root","scaleX":2,"scaleY":2,"color":"ff00ddff"},{"name":"EF_wave1_2","parent":"root","scaleX":3.5,"scaleY":3.5,"color":"ff00f7ff"},{"name":"EF_wave1_1","parent":"root","scaleX":3.5,"scaleY":3.5,"color":"ff00f7ff"},{"name":"EF_power1_1","parent":"root","x":250,"y":150,"color":"1d009bff"},{"name":"EF_magic1_4","parent":"root","x":250,"color":"9b0003ff"},{"name":"EF_magic2_4","parent":"EF_magic1_4","color":"9b0003ff"},{"name":"EF_magic1_3","parent":"root","x":250,"color":"9b0003ff"},{"name":"EF_magic2_3","parent":"EF_magic1_3","color":"9b0003ff"},{"name":"EF_magic1_2","parent":"root","x":250,"color":"9b0003ff"},{"name":"EF_magic2_2","parent":"EF_magic1_2","color":"9b0003ff"},{"name":"EF_magic1_1","parent":"root","x":250,"color":"9b0003ff"},{"name":"EF_magic2_1","parent":"EF_magic1_1","color":"9b0003ff"},{"name":"EF_dash1","parent":"root","x":100,"color":"ff00d9ff"},{"name":"EF_aura_circle","parent":"root","scaleX":4.5,"scaleY":4.5,"color":"ff00ddff"},{"name":"DAMAGEAREA","parent":"root","color":"ffcc00ff"}],"slots":[{"name":"EF_wave1_1","bone":"EF_wave1_1","blend":"additive"},{"name":"EF_wave1_2","bone":"EF_wave1_2","blend":"additive"},{"name":"EF_wave2_1","bone":"EF_wave2_1","blend":"additive"},{"name":"EF_wave2_2","bone":"EF_wave2_2","blend":"additive"},{"name":"EF_wave2_3","bone":"EF_wave2_3","blend":"additive"},{"name":"EF_magic1_4","bone":"EF_magic1_4","blend":"additive"},{"name":"EF_magic2_4","bone":"EF_magic2_4","blend":"additive"},{"name":"MAIN","bone":"MAIN","attachment":"idle_00"},{"name":"EF_dash1","bone":"EF_dash1","blend":"additive"},{"name":"EF_aura_circle","bone":"EF_aura_circle","blend":"additive"},{"name":"EF_shot1_1","bone":"EF_shot1_1","blend":"additive"},{"name":"EF_shot1_2","bone":"EF_shot1_2","blend":"additive"},{"name":"EF_wave_air1_1","bone":"EF_wave_air1_1","blend":"additive"},{"name":"EF_wave_air1_3","bone":"EF_wave_air1_3","blend":"additive"},{"name":"EF_wave_air1_2","bone":"EF_wave_air1_2","blend":"additive"},{"name":"EF_wave_air1_4","bone":"EF_wave_air1_4","blend":"additive"},{"name":"EF_magic1_1","bone":"EF_magic1_1","blend":"additive"},{"name":"EF_magic1_2","bone":"EF_magic1_2","blend":"additive"},{"name":"EF_magic1_3","bone":"EF_magic1_3","blend":"additive"},{"name":"EF_magic2_1","bone":"EF_magic2_1","blend":"additive"},{"name":"EF_magic2_2","bone":"EF_magic2_2","blend":"additive"},{"name":"EF_magic2_3","bone":"EF_magic2_3","blend":"additive"},{"name":"HITBOX","bone":"HITBOX","attachment":"HITBOX"},{"name":"DAMAGEAREA","bone":"DAMAGEAREA"},{"name":"EF_power1_1","bone":"EF_power1_1","blend":"additive"}],"skins":{"default":{"DAMAGEAREA":{"DAMAGEAREA":{"type":"boundingbox","vertices":[-64.14992,63.55562,-64.69349,-64.35772,64.00545,-63.28273,64.43548,63.03623]}},"EF_aura_circle":{"EF/ef_aura_circle_render/ef_aura_circle_render_00003":{"y":31.6,"width":100,"height":100},"EF/ef_aura_circle_render/ef_aura_circle_render_00004":{"y":31.6,"width":100,"height":100},"EF/ef_aura_circle_render/ef_aura_circle_render_00006":{"y":31.6,"width":100,"height":100},"EF/ef_aura_circle_render/ef_aura_circle_render_00008":{"y":31.6,"width":100,"height":100},"EF/ef_aura_circle_render/ef_aura_circle_render_00010":{"y":31.6,"width":100,"height":100},"EF/ef_aura_circle_render/ef_aura_circle_render_00026":{"y":31.6,"width":100,"height":100},"EF/ef_aura_circle_render/ef_aura_circle_render_00027":{"y":31.6,"width":100,"height":100},"EF/ef_aura_circle_render/ef_aura_circle_render_00028":{"y":31.6,"width":100,"height":100},"EF/ef_aura_circle_render/ef_aura_circle_render_00029":{"y":31.6,"width":100,"height":100},"EF/ef_aura_circle_render/ef_aura_circle_render_00030":{"y":31.6,"width":100,"height":100},"EF/ef_aura_circle_render/ef_aura_circle_render_00031":{"y":31.6,"width":100,"height":100}},"EF_dash1":{"EF/ef_dash_main/ef_dash_main_00001":{"x":11.74,"y":38.53,"width":160,"height":160},"EF/ef_dash_main/ef_dash_main_00003":{"x":11.74,"y":38.53,"width":160,"height":160},"EF/ef_dash_main/ef_dash_main_00005":{"x":11.74,"y":38.53,"width":160,"height":160},"EF/ef_dash_main/ef_dash_main_00007":{"x":11.74,"y":38.53,"width":160,"height":160},"EF/ef_dash_main/ef_dash_main_00009":{"x":11.74,"y":38.53,"width":160,"height":160},"EF/ef_dash_main/ef_dash_main_00011":{"x":11.74,"y":38.53,"width":160,"height":160}},"EF_magic1_1":{"EF/5100_S2_magic1e":{"type":"mesh","uvs":[1,1,0,1,0,0,1,0],"triangles":[1,2,3,1,3,0],"vertices":[91,-91,-91,-91,-91,91,91,91],"hull":4,"edges":[0,2,2,4,4,6,0,6],"width":182,"height":182}},"EF_magic1_2":{"EF/5100_S2_magic1e":{"type":"mesh","uvs":[1,1,0,1,0,0,1,0],"triangles":[1,2,3,1,3,0],"vertices":[91,-91,-91,-91,-91,91,91,91],"hull":4,"edges":[0,2,2,4,4,6,0,6],"width":182,"height":182}},"EF_magic1_3":{"EF/5100_S2_magic1e":{"type":"mesh","uvs":[1,1,0,1,0,0,1,0],"triangles":[1,2,3,1,3,0],"vertices":[91,-91,-91,-91,-91,91,91,91],"hull":4,"edges":[0,2,2,4,4,6,0,6],"width":182,"height":182}},"EF_magic1_4":{"EF/5100_S2_magic1e":{"type":"mesh","uvs":[1,1,0,1,0,0,1,0],"triangles":[1,2,3,1,3,0],"vertices":[91,-91,-91,-91,-91,91,91,91],"hull":4,"edges":[0,2,2,4,4,6,0,6],"width":182,"height":182}},"EF_magic2_1":{"EF/magic_5dark":{"type":"mesh","uvs":[1,1,0,1,0,0,1,0],"triangles":[1,2,3,1,3,0],"vertices":[75,-75,-75,-75,-75,75,75,75],"hull":4,"edges":[0,2,2,4,4,6,0,6],"width":150,"height":150}},"EF_magic2_2":{"EF/magic_5dark":{"type":"mesh","uvs":[1,1,0,1,0,0,1,0],"triangles":[1,2,3,1,3,0],"vertices":[75,-75,-75,-75,-75,75,75,75],"hull":4,"edges":[0,2,2,4,4,6,0,6],"width":150,"height":150}},"EF_magic2_3":{"EF/magic_5dark":{"type":"mesh","uvs":[1,1,0,1,0,0,1,0],"triangles":[1,2,3,1,3,0],"vertices":[75,-75,-75,-75,-75,75,75,75],"hull":4,"edges":[0,2,2,4,4,6,0,6],"width":150,"height":150}},"EF_magic2_4":{"EF/magic_5dark":{"type":"mesh","uvs":[1,1,0,1,0,0,1,0],"triangles":[1,2,3,1,3,0],"vertices":[75,-75,-75,-75,-75,75,75,75],"hull":4,"edges":[0,2,2,4,4,6,0,6],"width":150,"height":150}},"EF_power1_1":{"EF/740_S1_power2/740_S1_power2_00000":{"x":-3.72,"width":325,"height":325},"EF/740_S1_power2/740_S1_power2_00002":{"x":-3.72,"width":325,"height":325},"EF/740_S1_power2/740_S1_power2_00004":{"x":-3.72,"width":325,"height":325},"EF/740_S1_power2/740_S1_power2_00006":{"x":-3.72,"width":325,"height":325},"EF/740_S1_power2/740_S1_power2_00008":{"x":-3.72,"width":325,"height":325}},"EF_shot1_1":{"EF/shot/340_S1_shot1_00000":{"x":-29.91,"width":150,"height":150},"EF/shot/340_S1_shot1_00001":{"x":-29.91,"width":150,"height":150},"EF/shot/340_S1_shot1_00002":{"x":-29.91,"width":150,"height":150},"EF/shot/340_S1_shot1_00003":{"x":-29.91,"width":150,"height":150},"EF/shot/340_S1_shot1_00004":{"x":-29.91,"width":150,"height":150},"EF/shot/340_S1_shot1_00005":{"x":-29.91,"width":150,"height":150},"EF/shot/340_S1_shot1_00006":{"x":-29.91,"width":150,"height":150},"EF/shot/340_S1_shot1_00007":{"x":-29.91,"width":150,"height":150},"EF/shot/340_S1_shot1_00008":{"x":-29.91,"width":150,"height":150}},"EF_shot1_2":{"EF/shot/340_S1_shot1_00000":{"x":-29.91,"width":150,"height":150},"EF/shot/340_S1_shot1_00001":{"x":-29.91,"width":150,"height":150},"EF/shot/340_S1_shot1_00002":{"x":-29.91,"width":150,"height":150},"EF/shot/340_S1_shot1_00003":{"x":-29.91,"width":150,"height":150},"EF/shot/340_S1_shot1_00004":{"x":-29.91,"width":150,"height":150},"EF/shot/340_S1_shot1_00005":{"x":-29.91,"width":150,"height":150},"EF/shot/340_S1_shot1_00006":{"x":-29.91,"width":150,"height":150},"EF/shot/340_S1_shot1_00007":{"x":-29.91,"width":150,"height":150},"EF/shot/340_S1_shot1_00008":{"x":-29.91,"width":150,"height":150}},"EF_wave1_1":{"EF/ef_graund_wave_main/ef_graund_wave_main_00001":{"y":11.62,"width":200,"height":120},"EF/ef_graund_wave_main/ef_graund_wave_main_00005":{"y":11.62,"width":200,"height":120},"EF/ef_graund_wave_main/ef_graund_wave_main_00008":{"y":11.62,"width":200,"height":120},"EF/ef_graund_wave_main/ef_graund_wave_main_00010":{"y":11.62,"width":200,"height":120},"EF/ef_graund_wave_main/ef_graund_wave_main_00013":{"y":11.62,"width":200,"height":120}},"EF_wave1_2":{"EF/ef_graund_wave_main/ef_graund_wave_main_00001":{"y":11.62,"width":200,"height":120},"EF/ef_graund_wave_main/ef_graund_wave_main_00005":{"y":11.62,"width":200,"height":120},"EF/ef_graund_wave_main/ef_graund_wave_main_00008":{"y":11.62,"width":200,"height":120},"EF/ef_graund_wave_main/ef_graund_wave_main_00010":{"y":11.62,"width":200,"height":120},"EF/ef_graund_wave_main/ef_graund_wave_main_00013":{"y":11.62,"width":200,"height":120}},"EF_wave2_1":{"EF/ef_rot_wave_main/ef_rot_wave_main_00001":{"y":11.06,"width":200,"height":100},"EF/ef_rot_wave_main/ef_rot_wave_main_00003":{"y":11.06,"width":200,"height":100},"EF/ef_rot_wave_main/ef_rot_wave_main_00005":{"y":11.06,"width":200,"height":100},"EF/ef_rot_wave_main/ef_rot_wave_main_00006":{"y":11.06,"width":200,"height":100},"EF/ef_rot_wave_main/ef_rot_wave_main_00008":{"y":11.06,"width":200,"height":100},"EF/ef_rot_wave_main/ef_rot_wave_main_00010":{"y":11.06,"width":200,"height":100},"EF/ef_rot_wave_main/ef_rot_wave_main_00011":{"y":11.06,"width":200,"height":100},"EF/ef_rot_wave_main/ef_rot_wave_main_00013":{"y":11.06,"width":200,"height":100}},"EF_wave2_2":{"EF/ef_rot_wave_main/ef_rot_wave_main_00001":{"y":11.06,"width":200,"height":100},"EF/ef_rot_wave_main/ef_rot_wave_main_00003":{"y":11.06,"width":200,"height":100},"EF/ef_rot_wave_main/ef_rot_wave_main_00005":{"y":11.06,"width":200,"height":100},"EF/ef_rot_wave_main/ef_rot_wave_main_00006":{"y":11.06,"width":200,"height":100},"EF/ef_rot_wave_main/ef_rot_wave_main_00008":{"y":11.06,"width":200,"height":100},"EF/ef_rot_wave_main/ef_rot_wave_main_00010":{"y":11.06,"width":200,"height":100},"EF/ef_rot_wave_main/ef_rot_wave_main_00011":{"y":11.06,"width":200,"height":100},"EF/ef_rot_wave_main/ef_rot_wave_main_00013":{"y":11.06,"width":200,"height":100}},"EF_wave2_3":{"EF/ef_rot_wave_main/ef_rot_wave_main_00001":{"y":11.06,"width":200,"height":100},"EF/ef_rot_wave_main/ef_rot_wave_main_00003":{"y":11.06,"width":200,"height":100},"EF/ef_rot_wave_main/ef_rot_wave_main_00005":{"y":11.06,"width":200,"height":100},"EF/ef_rot_wave_main/ef_rot_wave_main_00006":{"y":11.06,"width":200,"height":100},"EF/ef_rot_wave_main/ef_rot_wave_main_00008":{"y":11.06,"width":200,"height":100},"EF/ef_rot_wave_main/ef_rot_wave_main_00010":{"y":11.06,"width":200,"height":100},"EF/ef_rot_wave_main/ef_rot_wave_main_00011":{"y":11.06,"width":200,"height":100},"EF/ef_rot_wave_main/ef_rot_wave_main_00013":{"y":11.06,"width":200,"height":100}},"EF_wave_air1_1":{"EF/wave_air/9100_A5D_attack4_00001":{"width":250,"height":250},"EF/wave_air/9100_A5D_attack4_00002":{"width":250,"height":250},"EF/wave_air/9100_A5D_attack4_00003":{"width":250,"height":250},"EF/wave_air/9100_A5D_attack4_00004":{"width":250,"height":250}},"EF_wave_air1_2":{"EF/wave_air/9100_A5D_attack4_00001":{"width":250,"height":250},"EF/wave_air/9100_A5D_attack4_00002":{"width":250,"height":250},"EF/wave_air/9100_A5D_attack4_00003":{"width":250,"height":250},"EF/wave_air/9100_A5D_attack4_00004":{"width":250,"height":250}},"EF_wave_air1_3":{"EF/wave_air/9100_A5D_attack4_00001":{"width":250,"height":250},"EF/wave_air/9100_A5D_attack4_00002":{"width":250,"height":250},"EF/wave_air/9100_A5D_attack4_00003":{"width":250,"height":250},"EF/wave_air/9100_A5D_attack4_00004":{"width":250,"height":250}},"EF_wave_air1_4":{"EF/wave_air/9100_A5D_attack4_00001":{"width":250,"height":250},"EF/wave_air/9100_A5D_attack4_00002":{"width":250,"height":250},"EF/wave_air/9100_A5D_attack4_00003":{"width":250,"height":250},"EF/wave_air/9100_A5D_attack4_00004":{"width":250,"height":250}},"HITBOX":{"HITBOX":{"type":"boundingbox","vertices":[-32.8143,44.67586,-32.7324,-71.57808,27.63606,-71.57808,27.67637,44.73044]}},"MAIN":{"attack1_00":{"x":2.75,"y":-10.3,"scaleX":2,"scaleY":2,"width":256,"height":256},"attack1_01":{"x":2.75,"y":-10.3,"scaleX":2,"scaleY":2,"width":256,"height":256},"attack1_02":{"x":2.75,"y":-10.3,"scaleX":2,"scaleY":2,"width":256,"height":256},"attack1_03":{"x":2.75,"y":-10.3,"scaleX":2,"scaleY":2,"width":256,"height":256},"attack1_04":{"x":2.75,"y":-10.3,"scaleX":2,"scaleY":2,"width":256,"height":256},"attack1_05":{"x":2.75,"y":-10.3,"scaleX":2,"scaleY":2,"width":256,"height":256},"back_00":{"x":2.75,"y":-10.3,"scaleX":2,"scaleY":2,"width":256,"height":256},"damage_00":{"x":2.75,"y":-10.31,"scaleX":2,"scaleY":2,"width":256,"height":256},"front_00":{"x":2.75,"y":-10.3,"scaleX":2,"scaleY":2,"width":256,"height":256},"idle_00":{"x":2.75,"y":-10.3,"scaleX":2,"scaleY":2,"width":256,"height":256},"idle_01":{"x":2.75,"y":-10.3,"scaleX":2,"scaleY":2,"width":256,"height":256},"idle_02":{"x":2.75,"y":-10.3,"scaleX":2,"scaleY":2,"width":256,"height":256},"idle_03":{"x":2.75,"y":-10.3,"scaleX":2,"scaleY":2,"width":256,"height":256},"skill1_00":{"x":2.75,"y":-10.3,"scaleX":2,"scaleY":2,"width":256,"height":256},"skill1_01":{"x":2.75,"y":-10.3,"scaleX":2,"scaleY":2,"width":256,"height":256},"skill1_02":{"x":2.75,"y":-10.3,"scaleX":2,"scaleY":2,"width":256,"height":256},"skill1_03":{"x":2.75,"y":-10.3,"scaleX":2,"scaleY":2,"width":256,"height":256},"skill1_04":{"x":2.75,"y":-10.3,"scaleX":2,"scaleY":2,"width":256,"height":256},"skill1_05":{"x":2.75,"y":-10.3,"scaleX":2,"scaleY":2,"width":256,"height":256},"skill1_06":{"x":2.75,"y":-10.3,"scaleX":2,"scaleY":2,"width":256,"height":256},"skill1_07":{"x":2.75,"y":-10.3,"scaleX":2,"scaleY":2,"width":256,"height":256},"skill1_08":{"x":2.75,"y":-10.3,"scaleX":2,"scaleY":2,"width":256,"height":256},"skill1_09":{"x":2.75,"y":-10.3,"scaleX":2,"scaleY":2,"width":256,"height":256},"skill2_00":{"x":2.75,"y":-10.3,"scaleX":2,"scaleY":2,"width":256,"height":256},"skill2_01":{"x":2.75,"y":-10.3,"scaleX":2,"scaleY":2,"width":256,"height":256},"skill2_02":{"x":2.75,"y":-10.3,"scaleX":2,"scaleY":2,"width":256,"height":256},"skill2_03":{"x":2.75,"y":-10.3,"scaleX":2,"scaleY":2,"width":256,"height":256},"skill2_04":{"x":2.75,"y":-10.3,"scaleX":2,"scaleY":2,"width":256,"height":256},"skill2_05":{"x":2.75,"y":-10.3,"scaleX":2,"scaleY":2,"width":256,"height":256},"skill3_00":{"x":2.75,"y":-10.3,"scaleX":2,"scaleY":2,"width":256,"height":256}}}},"events":{"Event":{},"Event2":{},"Hit":{},"Sound1":{},"Sound2":{},"Sound3":{},"Voice":{}},"animations":{"attack1":{"slots":{"DAMAGEAREA":{"attachment":[{"time":0.2333,"name":"DAMAGEAREA"},{"time":0.5,"name":null},{"time":0.6333,"name":"DAMAGEAREA"},{"time":1,"name":null},{"time":1.1,"name":"DAMAGEAREA"},{"time":1.3666,"name":null}]},"EF_shot1_1":{"attachment":[{"time":0.2,"name":"EF/shot/340_S1_shot1_00000"},{"time":0.2333,"name":"EF/shot/340_S1_shot1_00004"},{"time":0.2666,"name":"EF/shot/340_S1_shot1_00008"},{"time":0.3,"name":"EF/shot/340_S1_shot1_00000"},{"time":0.3333,"name":"EF/shot/340_S1_shot1_00004"},{"time":0.3666,"name":"EF/shot/340_S1_shot1_00008"},{"time":0.4,"name":"EF/shot/340_S1_shot1_00000"},{"time":0.4333,"name":"EF/shot/340_S1_shot1_00004"},{"time":0.4666,"name":"EF/shot/340_S1_shot1_00008"},{"time":0.5,"name":null},{"time":1.0666,"name":"EF/shot/340_S1_shot1_00000"},{"time":1.1,"name":"EF/shot/340_S1_shot1_00004"},{"time":1.1333,"name":"EF/shot/340_S1_shot1_00008"},{"time":1.1666,"name":"EF/shot/340_S1_shot1_00000"},{"time":1.2,"name":"EF/shot/340_S1_shot1_00004"},{"time":1.2333,"name":"EF/shot/340_S1_shot1_00008"},{"time":1.2666,"name":"EF/shot/340_S1_shot1_00000"},{"time":1.3,"name":"EF/shot/340_S1_shot1_00004"},{"time":1.3333,"name":"EF/shot/340_S1_shot1_00008"},{"time":1.3666,"name":null}]},"EF_shot1_2":{"attachment":[{"time":0.6333,"name":"EF/shot/340_S1_shot1_00003"},{"time":0.6666,"name":"EF/shot/340_S1_shot1_00004"},{"time":0.7,"name":"EF/shot/340_S1_shot1_00008"},{"time":0.7333,"name":"EF/shot/340_S1_shot1_00003"},{"time":0.7666,"name":"EF/shot/340_S1_shot1_00004"},{"time":0.8,"name":"EF/shot/340_S1_shot1_00008"},{"time":0.8333,"name":"EF/shot/340_S1_shot1_00003"},{"time":0.8666,"name":"EF/shot/340_S1_shot1_00004"},{"time":0.9,"name":"EF/shot/340_S1_shot1_00008"},{"time":0.9333,"name":null}]},"EF_wave_air1_1":{"attachment":[{"time":0.2,"name":"EF/wave_air/9100_A5D_attack4_00001"},{"time":0.2333,"name":"EF/wave_air/9100_A5D_attack4_00003"},{"time":0.2666,"name":"EF/wave_air/9100_A5D_attack4_00004"},{"time":0.3,"name":"EF/wave_air/9100_A5D_attack4_00001"},{"time":0.3333,"name":"EF/wave_air/9100_A5D_attack4_00003"},{"time":0.3666,"name":"EF/wave_air/9100_A5D_attack4_00004"},{"time":0.4,"name":"EF/wave_air/9100_A5D_attack4_00001"},{"time":0.4333,"name":"EF/wave_air/9100_A5D_attack4_00003"},{"time":0.4666,"name":"EF/wave_air/9100_A5D_attack4_00004"},{"time":0.5,"name":null},{"time":1.0666,"name":"EF/wave_air/9100_A5D_attack4_00001"},{"time":1.1,"name":"EF/wave_air/9100_A5D_attack4_00003"},{"time":1.1333,"name":"EF/wave_air/9100_A5D_attack4_00004"},{"time":1.1666,"name":"EF/wave_air/9100_A5D_attack4_00001"},{"time":1.2,"name":"EF/wave_air/9100_A5D_attack4_00003"},{"time":1.2333,"name":"EF/wave_air/9100_A5D_attack4_00004"},{"time":1.2666,"name":"EF/wave_air/9100_A5D_attack4_00001"},{"time":1.3,"name":"EF/wave_air/9100_A5D_attack4_00003"},{"time":1.3333,"name":"EF/wave_air/9100_A5D_attack4_00004"},{"time":1.3666,"name":null}]},"EF_wave_air1_3":{"attachment":[{"time":0.6333,"name":"EF/wave_air/9100_A5D_attack4_00001"},{"time":0.6666,"name":"EF/wave_air/9100_A5D_attack4_00003"},{"time":0.7,"name":"EF/wave_air/9100_A5D_attack4_00004"},{"time":0.7333,"name":"EF/wave_air/9100_A5D_attack4_00001"},{"time":0.7666,"name":"EF/wave_air/9100_A5D_attack4_00003"},{"time":0.8,"name":"EF/wave_air/9100_A5D_attack4_00004"},{"time":0.8333,"name":"EF/wave_air/9100_A5D_attack4_00001"},{"time":0.8666,"name":"EF/wave_air/9100_A5D_attack4_00003"},{"time":0.9,"name":"EF/wave_air/9100_A5D_attack4_00004"},{"time":0.9333,"name":null}]},"MAIN":{"attachment":[{"time":0,"name":"idle_00"},{"time":0.0666,"name":"attack1_00"},{"time":0.1666,"name":"attack1_01"},{"time":0.2333,"name":"attack1_02"},{"time":0.2666,"name":"attack1_01"},{"time":0.3333,"name":"attack1_02"},{"time":0.3666,"name":"attack1_01"},{"time":0.4333,"name":"attack1_02"},{"time":0.4666,"name":"attack1_01"},{"time":0.5333,"name":"attack1_03"},{"time":0.6,"name":"attack1_04"},{"time":0.6666,"name":"attack1_05"},{"time":0.7,"name":"attack1_04"},{"time":0.7666,"name":"attack1_05"},{"time":0.8,"name":"attack1_04"},{"time":0.8666,"name":"attack1_05"},{"time":0.9,"name":"attack1_04"},{"time":0.9666,"name":"attack1_03"},{"time":1.0333,"name":"attack1_01"},{"time":1.1,"name":"attack1_02"},{"time":1.1333,"name":"attack1_01"},{"time":1.2,"name":"attack1_02"},{"time":1.2333,"name":"attack1_01"},{"time":1.3,"name":"attack1_02"},{"time":1.3333,"name":"attack1_01"},{"time":1.4,"name":"attack1_00"},{"time":1.4666,"name":"idle_00"}]}},"bones":{"MAIN":{"translate":[{"time":0,"x":0,"y":0,"curve":"stepped"},{"time":0.0666,"x":0,"y":1.9,"curve":"stepped"},{"time":0.1666,"x":16.07,"y":1.9,"curve":"stepped"},{"time":0.5333,"x":16.07,"y":1.9,"curve":"stepped"},{"time":0.6,"x":-5.68,"y":-1.99,"curve":"stepped"},{"time":0.9666,"x":12.85,"y":0.23,"curve":"stepped"},{"time":1.0333,"x":12.17,"y":-1.99,"curve":"stepped"},{"time":1.4,"x":8.36,"y":2.23,"curve":"stepped"},{"time":1.4666,"x":0,"y":0}]},"EF_shot1_1":{"translate":[{"time":0,"x":0,"y":0,"curve":"stepped"},{"time":0.2,"x":-237.38,"y":-2.91,"curve":"stepped"},{"time":1.0666,"x":-237.38,"y":-6.04}]},"EF_wave_air1_1":{"translate":[{"time":0,"x":0,"y":0}]},"EF_wave2_1":{"translate":[{"time":0,"x":0,"y":0}]},"EF_shot1_2":{"translate":[{"time":0.6333,"x":-245.2,"y":-0.29}]},"DAMAGEAREA":{"translate":[{"time":0.2333,"x":-322.45,"y":29.34}],"scale":[{"time":0.2333,"x":5.441,"y":0.433}]}},"events":[{"time":0,"name":"Event","string":"setHitEffect(hit04e, 0 , 0.8 , 50)"},{"time":0,"name":"Hit","float":0.15,"string":"kHitStopType_enemyonly"},{"time":0.2,"name":"Sound1","string":"cri_se_battle_machinegun_02"},{"time":0.2,"name":"Sound2","string":"setHitSound(se_battle_hands_hit)"},{"time":0.2,"name":"Voice","string":"cri_170_voice_attack_random"},{"time":0.3,"name":"Sound1","string":"cri_se_battle_machinegun_02"},{"time":0.3333,"name":"Hit","string":"resetHitList"},{"time":0.4,"name":"Sound1","string":"cri_se_battle_machinegun_02"},{"time":0.4333,"name":"Hit","string":"resetHitList"},{"time":0.6333,"name":"Hit","string":"resetHitList"},{"time":0.6333,"name":"Sound1","string":"cri_se_battle_machinegun_02"},{"time":0.7333,"name":"Sound1","string":"cri_se_battle_machinegun_02"},{"time":0.7666,"name":"Hit","string":"resetHitList"},{"time":0.8333,"name":"Sound1","string":"cri_se_battle_machinegun_02"},{"time":0.8666,"name":"Hit","string":"resetHitList"},{"time":1.0666,"name":"Sound1","string":"cri_se_battle_machinegun_02"},{"time":1.0666,"name":"Voice","string":"cri_170_voice_attack_c"},{"time":1.1,"name":"Hit","string":"resetHitList"},{"time":1.1666,"name":"Sound1","string":"cri_se_battle_machinegun_02"},{"time":1.2,"name":"Hit","string":"resetHitList"},{"time":1.2666,"name":"Sound1","string":"cri_se_battle_machinegun_02"},{"time":1.3,"name":"Hit","string":"resetHitList"}]},"back":{"slots":{"MAIN":{"attachment":[{"time":0,"name":"idle_00"},{"time":0.0333,"name":"attack1_00"},{"time":0.0666,"name":"back_00"},{"time":0.4333,"name":"attack1_00"},{"time":0.4666,"name":"idle_01"},{"time":0.5666,"name":"idle_00"},{"time":0.6666,"name":"idle_00"}]}},"bones":{"MAIN":{"rotate":[{"time":0,"angle":0,"curve":"stepped"},{"time":0.4333,"angle":-12.94,"curve":"stepped"},{"time":0.4666,"angle":0}],"translate":[{"time":0,"x":0,"y":0,"curve":"stepped"},{"time":0.0333,"x":8.05,"y":0.53,"curve":"stepped"},{"time":0.0666,"x":54.34,"y":-5.36,"curve":[0.228,0.34,0.63,0.78]},{"time":0.1666,"x":96.88,"y":11.15},{"time":0.4333,"x":149.74,"y":-0.79,"curve":"stepped"},{"time":0.4666,"x":125,"y":0,"curve":[0.19,0.33,0.75,1]},{"time":0.6666,"x":140,"y":0}]}},"events":[{"time":0.0666,"name":"Sound1","string":"cri_se_battle_jump"},{"time":0.4333,"name":"Sound1","string":"cri_se_battle_landing"}]},"cast":{"slots":{"MAIN":{"attachment":[{"time":0,"name":"idle_00"},{"time":0.3333,"name":"attack1_00"},{"time":0.4,"name":"attack1_01"},{"time":0.5,"name":"attack1_02"},{"time":0.5666,"name":"attack1_01"},{"time":0.6666,"name":"attack1_00"},{"time":0.7333,"name":"idle_00"}]}},"bones":{"MAIN":{"translate":[{"time":0,"x":0,"y":0,"curve":"stepped"},{"time":0.3333,"x":0,"y":1.9,"curve":"stepped"},{"time":0.4,"x":16.07,"y":1.9,"curve":"stepped"},{"time":0.6666,"x":8.43,"y":1.9,"curve":"stepped"},{"time":0.7333,"x":0,"y":0}]}},"events":[{"time":0.3333,"name":"Voice","string":"cri_170_voice_item"}]},"damage":{"slots":{"MAIN":{"attachment":[{"time":0,"name":"damage_00"}]}}},"front":{"slots":{"MAIN":{"attachment":[{"time":0,"name":"front_00"}]}},"bones":{"MAIN":{"rotate":[{"time":0,"angle":-5.63}],"translate":[{"time":0,"x":0,"y":-14.81}]}}},"idle":{"slots":{"MAIN":{"attachment":[{"time":0,"name":"idle_00"},{"time":0.1666,"name":"idle_01"},{"time":0.3333,"name":"idle_02"},{"time":0.5,"name":"idle_03"},{"time":0.6666,"name":"idle_00"}]}}},"in":{"slots":{"MAIN":{"attachment":[{"time":0,"name":"idle_00"},{"time":0.1666,"name":"idle_01"},{"time":0.3333,"name":"idle_02"},{"time":0.5,"name":"idle_03"},{"time":0.6666,"name":"idle_00"}],"color":[{"time":0,"color":"ffffff00"},{"time":0.3333,"color":"ffffffff"}]}},"events":[{"time":0,"name":"Event","string":"takeSummon2"}]},"skill1":{"slots":{"DAMAGEAREA":{"attachment":[{"time":2.6333,"name":"DAMAGEAREA"},{"time":3.0666,"name":null}]},"EF_dash1":{"attachment":[{"time":0,"name":null},{"time":1.5,"name":"EF/ef_dash_main/ef_dash_main_00001"},{"time":1.5333,"name":"EF/ef_dash_main/ef_dash_main_00003"},{"time":1.5666,"name":"EF/ef_dash_main/ef_dash_main_00005"},{"time":1.6,"name":"EF/ef_dash_main/ef_dash_main_00007"},{"time":1.6333,"name":"EF/ef_dash_main/ef_dash_main_00009"},{"time":1.6666,"name":"EF/ef_dash_main/ef_dash_main_00011"},{"time":1.7,"name":null}]},"EF_shot1_1":{"attachment":[{"time":0.2,"name":"EF/shot/340_S1_shot1_00000"},{"time":0.2333,"name":"EF/shot/340_S1_shot1_00004"},{"time":0.2666,"name":"EF/shot/340_S1_shot1_00008"},{"time":0.3,"name":"EF/shot/340_S1_shot1_00000"},{"time":0.3333,"name":"EF/shot/340_S1_shot1_00004"},{"time":0.3666,"name":"EF/shot/340_S1_shot1_00008"},{"time":0.4,"name":"EF/shot/340_S1_shot1_00000"},{"time":0.4333,"name":"EF/shot/340_S1_shot1_00004"},{"time":0.4666,"name":"EF/shot/340_S1_shot1_00008"},{"time":0.5,"name":null},{"time":1.0333,"name":"EF/shot/340_S1_shot1_00000"},{"time":1.0666,"name":"EF/shot/340_S1_shot1_00004"},{"time":1.1,"name":"EF/shot/340_S1_shot1_00000"},{"time":1.1333,"name":"EF/shot/340_S1_shot1_00004"},{"time":1.1666,"name":"EF/shot/340_S1_shot1_00000"},{"time":1.2,"name":"EF/shot/340_S1_shot1_00004"},{"time":1.2333,"name":"EF/shot/340_S1_shot1_00000"},{"time":1.2666,"name":"EF/shot/340_S1_shot1_00004"},{"time":1.3,"name":null},{"time":1.7333,"name":"EF/shot/340_S1_shot1_00000"},{"time":1.7666,"name":"EF/shot/340_S1_shot1_00004"},{"time":1.8,"name":"EF/shot/340_S1_shot1_00000"},{"time":1.8333,"name":"EF/shot/340_S1_shot1_00004"},{"time":1.8666,"name":"EF/shot/340_S1_shot1_00000"},{"time":1.9,"name":"EF/shot/340_S1_shot1_00004"},{"time":1.9333,"name":"EF/shot/340_S1_shot1_00000"},{"time":1.9666,"name":"EF/shot/340_S1_shot1_00004"},{"time":2,"name":"EF/shot/340_S1_shot1_00000"},{"time":2.0333,"name":"EF/shot/340_S1_shot1_00004"},{"time":2.0666,"name":"EF/shot/340_S1_shot1_00000"},{"time":2.1,"name":"EF/shot/340_S1_shot1_00004"},{"time":2.1333,"name":"EF/shot/340_S1_shot1_00000"},{"time":2.1666,"name":"EF/shot/340_S1_shot1_00004"},{"time":2.2,"name":"EF/shot/340_S1_shot1_00000"},{"time":2.2333,"name":"EF/shot/340_S1_shot1_00004"},{"time":2.2666,"name":null}]},"EF_shot1_2":{"attachment":[{"time":0.6333,"name":"EF/shot/340_S1_shot1_00003"},{"time":0.6666,"name":"EF/shot/340_S1_shot1_00004"},{"time":0.7,"name":"EF/shot/340_S1_shot1_00008"},{"time":0.7333,"name":"EF/shot/340_S1_shot1_00003"},{"time":0.7666,"name":"EF/shot/340_S1_shot1_00004"},{"time":0.8,"name":"EF/shot/340_S1_shot1_00008"},{"time":0.8333,"name":"EF/shot/340_S1_shot1_00003"},{"time":0.8666,"name":"EF/shot/340_S1_shot1_00004"},{"time":0.9,"name":"EF/shot/340_S1_shot1_00008"},{"time":0.9333,"name":null},{"time":1.0666,"name":"EF/shot/340_S1_shot1_00000"},{"time":1.1,"name":"EF/shot/340_S1_shot1_00004"},{"time":1.1333,"name":"EF/shot/340_S1_shot1_00000"},{"time":1.1666,"name":"EF/shot/340_S1_shot1_00004"},{"time":1.2,"name":"EF/shot/340_S1_shot1_00000"},{"time":1.2333,"name":"EF/shot/340_S1_shot1_00004"},{"time":1.2666,"name":null},{"time":1.7666,"name":"EF/shot/340_S1_shot1_00000"},{"time":1.8,"name":"EF/shot/340_S1_shot1_00004"},{"time":1.8333,"name":"EF/shot/340_S1_shot1_00000"},{"time":1.8666,"name":"EF/shot/340_S1_shot1_00004"},{"time":1.9,"name":"EF/shot/340_S1_shot1_00000"},{"time":1.9333,"name":"EF/shot/340_S1_shot1_00004"},{"time":1.9666,"name":"EF/shot/340_S1_shot1_00000"},{"time":2,"name":"EF/shot/340_S1_shot1_00004"},{"time":2.0333,"name":"EF/shot/340_S1_shot1_00000"},{"time":2.0666,"name":"EF/shot/340_S1_shot1_00004"},{"time":2.1,"name":"EF/shot/340_S1_shot1_00000"},{"time":2.1333,"name":"EF/shot/340_S1_shot1_00004"},{"time":2.1666,"name":"EF/shot/340_S1_shot1_00000"},{"time":2.2,"name":"EF/shot/340_S1_shot1_00004"},{"time":2.2333,"name":null}]},"EF_wave1_1":{"attachment":[{"time":0,"name":null},{"time":1.5,"name":"EF/ef_graund_wave_main/ef_graund_wave_main_00001"},{"time":1.5333,"name":"EF/ef_graund_wave_main/ef_graund_wave_main_00005"},{"time":1.5666,"name":"EF/ef_graund_wave_main/ef_graund_wave_main_00008"},{"time":1.6,"name":"EF/ef_graund_wave_main/ef_graund_wave_main_00010"},{"time":1.6333,"name":"EF/ef_graund_wave_main/ef_graund_wave_main_00013"},{"time":1.6666,"name":null}]},"EF_wave1_2":{"attachment":[{"time":1.5666,"name":"EF/ef_graund_wave_main/ef_graund_wave_main_00001"},{"time":1.6,"name":"EF/ef_graund_wave_main/ef_graund_wave_main_00005"},{"time":1.6333,"name":"EF/ef_graund_wave_main/ef_graund_wave_main_00008"},{"time":1.6666,"name":"EF/ef_graund_wave_main/ef_graund_wave_main_00010"},{"time":1.7,"name":"EF/ef_graund_wave_main/ef_graund_wave_main_00013"},{"time":1.7333,"name":null}]},"EF_wave2_1":{"attachment":[{"time":0,"name":null},{"time":1.2666,"name":"EF/ef_rot_wave_main/ef_rot_wave_main_00001"},{"time":1.3,"name":"EF/ef_rot_wave_main/ef_rot_wave_main_00003"},{"time":1.3333,"name":"EF/ef_rot_wave_main/ef_rot_wave_main_00005"},{"time":1.3666,"name":"EF/ef_rot_wave_main/ef_rot_wave_main_00006"},{"time":1.4,"name":"EF/ef_rot_wave_main/ef_rot_wave_main_00008"},{"time":1.4333,"name":"EF/ef_rot_wave_main/ef_rot_wave_main_00010"},{"time":1.4666,"name":"EF/ef_rot_wave_main/ef_rot_wave_main_00011"},{"time":1.5,"name":"EF/ef_rot_wave_main/ef_rot_wave_main_00013"},{"time":1.5333,"name":null}],"color":[{"time":0,"color":"ffffff7f","curve":"stepped"},{"time":1.2666,"color":"ffffffff","curve":"stepped"},{"time":1.4666,"color":"ffffffff"},{"time":1.5333,"color":"ffffff00"}]},"EF_wave_air1_1":{"attachment":[{"time":0.2,"name":"EF/wave_air/9100_A5D_attack4_00001"},{"time":0.2333,"name":"EF/wave_air/9100_A5D_attack4_00003"},{"time":0.2666,"name":"EF/wave_air/9100_A5D_attack4_00004"},{"time":0.3,"name":"EF/wave_air/9100_A5D_attack4_00001"},{"time":0.3333,"name":"EF/wave_air/9100_A5D_attack4_00003"},{"time":0.3666,"name":"EF/wave_air/9100_A5D_attack4_00004"},{"time":0.4,"name":"EF/wave_air/9100_A5D_attack4_00001"},{"time":0.4333,"name":"EF/wave_air/9100_A5D_attack4_00003"},{"time":0.4666,"name":"EF/wave_air/9100_A5D_attack4_00004"},{"time":0.5,"name":null},{"time":1.0333,"name":"EF/wave_air/9100_A5D_attack4_00001"},{"time":1.0666,"name":"EF/wave_air/9100_A5D_attack4_00003"},{"time":1.1,"name":"EF/wave_air/9100_A5D_attack4_00004"},{"time":1.1333,"name":"EF/wave_air/9100_A5D_attack4_00001"},{"time":1.1666,"name":"EF/wave_air/9100_A5D_attack4_00003"},{"time":1.2,"name":"EF/wave_air/9100_A5D_attack4_00004"},{"time":1.2333,"name":"EF/wave_air/9100_A5D_attack4_00001"},{"time":1.2666,"name":"EF/wave_air/9100_A5D_attack4_00003"},{"time":1.3,"name":"EF/wave_air/9100_A5D_attack4_00004"},{"time":1.3333,"name":null},{"time":1.7333,"name":"EF/wave_air/9100_A5D_attack4_00001"},{"time":1.7666,"name":"EF/wave_air/9100_A5D_attack4_00003"},{"time":1.8,"name":"EF/wave_air/9100_A5D_attack4_00004"},{"time":1.8333,"name":"EF/wave_air/9100_A5D_attack4_00001"},{"time":1.8666,"name":"EF/wave_air/9100_A5D_attack4_00003"},{"time":1.9,"name":"EF/wave_air/9100_A5D_attack4_00004"},{"time":1.9333,"name":"EF/wave_air/9100_A5D_attack4_00001"},{"time":1.9666,"name":"EF/wave_air/9100_A5D_attack4_00003"},{"time":2,"name":"EF/wave_air/9100_A5D_attack4_00004"},{"time":2.0333,"name":"EF/wave_air/9100_A5D_attack4_00001"},{"time":2.0666,"name":"EF/wave_air/9100_A5D_attack4_00003"},{"time":2.1,"name":"EF/wave_air/9100_A5D_attack4_00004"},{"time":2.1333,"name":"EF/wave_air/9100_A5D_attack4_00001"},{"time":2.1666,"name":"EF/wave_air/9100_A5D_attack4_00003"},{"time":2.2,"name":"EF/wave_air/9100_A5D_attack4_00001"},{"time":2.2333,"name":"EF/wave_air/9100_A5D_attack4_00003"},{"time":2.2666,"name":"EF/wave_air/9100_A5D_attack4_00004"},{"time":2.3,"name":null}]},"EF_wave_air1_2":{"attachment":[{"time":1.1,"name":"EF/wave_air/9100_A5D_attack4_00001"},{"time":1.1333,"name":"EF/wave_air/9100_A5D_attack4_00003"},{"time":1.1666,"name":"EF/wave_air/9100_A5D_attack4_00004"},{"time":1.2,"name":"EF/wave_air/9100_A5D_attack4_00001"},{"time":1.2333,"name":"EF/wave_air/9100_A5D_attack4_00003"},{"time":1.2666,"name":"EF/wave_air/9100_A5D_attack4_00004"},{"time":1.3,"name":null},{"time":1.8,"name":"EF/wave_air/9100_A5D_attack4_00001"},{"time":1.8333,"name":"EF/wave_air/9100_A5D_attack4_00003"},{"time":1.8666,"name":"EF/wave_air/9100_A5D_attack4_00004"},{"time":1.9,"name":"EF/wave_air/9100_A5D_attack4_00001"},{"time":1.9333,"name":"EF/wave_air/9100_A5D_attack4_00003"},{"time":1.9666,"name":"EF/wave_air/9100_A5D_attack4_00004"},{"time":2,"name":"EF/wave_air/9100_A5D_attack4_00001"},{"time":2.0333,"name":"EF/wave_air/9100_A5D_attack4_00003"},{"time":2.0666,"name":"EF/wave_air/9100_A5D_attack4_00004"},{"time":2.1,"name":"EF/wave_air/9100_A5D_attack4_00001"},{"time":2.1333,"name":"EF/wave_air/9100_A5D_attack4_00003"},{"time":2.1666,"name":"EF/wave_air/9100_A5D_attack4_00004"},{"time":2.2,"name":null}]},"EF_wave_air1_3":{"attachment":[{"time":0.6333,"name":"EF/wave_air/9100_A5D_attack4_00001"},{"time":0.6666,"name":"EF/wave_air/9100_A5D_attack4_00003"},{"time":0.7,"name":"EF/wave_air/9100_A5D_attack4_00004"},{"time":0.7333,"name":"EF/wave_air/9100_A5D_attack4_00001"},{"time":0.7666,"name":"EF/wave_air/9100_A5D_attack4_00003"},{"time":0.8,"name":"EF/wave_air/9100_A5D_attack4_00004"},{"time":0.8333,"name":"EF/wave_air/9100_A5D_attack4_00001"},{"time":0.8666,"name":"EF/wave_air/9100_A5D_attack4_00003"},{"time":0.9,"name":"EF/wave_air/9100_A5D_attack4_00004"},{"time":0.9333,"name":null},{"time":1.0666,"name":"EF/wave_air/9100_A5D_attack4_00001"},{"time":1.1,"name":"EF/wave_air/9100_A5D_attack4_00003"},{"time":1.1333,"name":"EF/wave_air/9100_A5D_attack4_00004"},{"time":1.1666,"name":"EF/wave_air/9100_A5D_attack4_00001"},{"time":1.2,"name":"EF/wave_air/9100_A5D_attack4_00003"},{"time":1.2333,"name":"EF/wave_air/9100_A5D_attack4_00004"},{"time":1.2666,"name":null},{"time":1.7666,"name":"EF/wave_air/9100_A5D_attack4_00001"},{"time":1.8,"name":"EF/wave_air/9100_A5D_attack4_00003"},{"time":1.8333,"name":"EF/wave_air/9100_A5D_attack4_00004"},{"time":1.8666,"name":"EF/wave_air/9100_A5D_attack4_00001"},{"time":1.9,"name":"EF/wave_air/9100_A5D_attack4_00003"},{"time":1.9333,"name":"EF/wave_air/9100_A5D_attack4_00004"},{"time":1.9666,"name":"EF/wave_air/9100_A5D_attack4_00001"},{"time":2,"name":"EF/wave_air/9100_A5D_attack4_00003"},{"time":2.0333,"name":"EF/wave_air/9100_A5D_attack4_00004"},{"time":2.0666,"name":"EF/wave_air/9100_A5D_attack4_00001"},{"time":2.1,"name":"EF/wave_air/9100_A5D_attack4_00003"},{"time":2.1333,"name":"EF/wave_air/9100_A5D_attack4_00004"},{"time":2.1666,"name":"EF/wave_air/9100_A5D_attack4_00001"},{"time":2.2,"name":"EF/wave_air/9100_A5D_attack4_00003"},{"time":2.2333,"name":"EF/wave_air/9100_A5D_attack4_00004"},{"time":2.2666,"name":null}]},"EF_wave_air1_4":{"attachment":[{"time":1.1333,"name":"EF/wave_air/9100_A5D_attack4_00001"},{"time":1.1666,"name":"EF/wave_air/9100_A5D_attack4_00003"},{"time":1.2,"name":"EF/wave_air/9100_A5D_attack4_00004"},{"time":1.2333,"name":null},{"time":1.8333,"name":"EF/wave_air/9100_A5D_attack4_00001"},{"time":1.8666,"name":"EF/wave_air/9100_A5D_attack4_00003"},{"time":1.9,"name":"EF/wave_air/9100_A5D_attack4_00004"},{"time":1.9333,"name":"EF/wave_air/9100_A5D_attack4_00001"},{"time":1.9666,"name":"EF/wave_air/9100_A5D_attack4_00003"},{"time":2,"name":"EF/wave_air/9100_A5D_attack4_00004"},{"time":2.0333,"name":"EF/wave_air/9100_A5D_attack4_00001"},{"time":2.0666,"name":"EF/wave_air/9100_A5D_attack4_00003"},{"time":2.1,"name":"EF/wave_air/9100_A5D_attack4_00004"},{"time":2.1333,"name":"EF/wave_air/9100_A5D_attack4_00001"},{"time":2.1666,"name":"EF/wave_air/9100_A5D_attack4_00003"},{"time":2.2,"name":"EF/wave_air/9100_A5D_attack4_00004"},{"time":2.2333,"name":null}]},"MAIN":{"attachment":[{"time":0,"name":"skill1_03"},{"time":0.0666,"name":"attack1_00"},{"time":0.1666,"name":"attack1_01"},{"time":0.2333,"name":"attack1_02"},{"time":0.2666,"name":"attack1_01"},{"time":0.3333,"name":"attack1_02"},{"time":0.3666,"name":"attack1_01"},{"time":0.4333,"name":"attack1_02"},{"time":0.4666,"name":"attack1_01"},{"time":0.5333,"name":"attack1_03"},{"time":0.6,"name":"attack1_04"},{"time":0.6666,"name":"attack1_05"},{"time":0.7,"name":"attack1_04"},{"time":0.7666,"name":"attack1_05"},{"time":0.8,"name":"attack1_04"},{"time":0.8666,"name":"attack1_05"},{"time":0.9,"name":"attack1_04"},{"time":0.9666,"name":"attack1_03"},{"time":1.0333,"name":"skill1_00"},{"time":1.0666,"name":"skill1_01"},{"time":1.1,"name":"skill1_02"},{"time":1.1333,"name":"skill1_01"},{"time":1.1666,"name":"skill1_02"},{"time":1.2,"name":"skill1_01"},{"time":1.2333,"name":"skill1_02"},{"time":1.2666,"name":"skill1_01"},{"time":1.3,"name":"skill1_00"},{"time":1.3333,"name":"skill1_04"},{"time":1.3666,"name":"skill1_03"},{"time":1.5333,"name":"skill1_04"},{"time":1.6333,"name":"skill1_07"},{"time":1.7,"name":"skill1_06"},{"time":1.7333,"name":"skill1_09"},{"time":1.7666,"name":"skill1_08"},{"time":1.8,"name":"skill1_09"},{"time":1.8333,"name":"skill1_08"},{"time":1.8666,"name":"skill1_09"},{"time":1.9,"name":"skill1_08"},{"time":1.9333,"name":"skill1_09"},{"time":1.9666,"name":"skill1_08"},{"time":2,"name":"skill1_09"},{"time":2.0333,"name":"skill1_08"},{"time":2.0666,"name":"skill1_09"},{"time":2.1,"name":"skill1_08"},{"time":2.1333,"name":"skill1_09"},{"time":2.1666,"name":"skill1_08"},{"time":2.2,"name":"skill1_09"},{"time":2.2333,"name":"skill1_08"},{"time":2.2666,"name":"skill1_05"},{"time":2.4666,"name":"skill1_05"},{"time":2.5333,"name":"skill1_06"},{"time":2.6333,"name":"skill1_04"},{"time":3.2333,"name":"skill1_03"},{"time":3.3666,"name":"idle_01"},{"time":3.5333,"name":"idle_00"}]}},"bones":{"MAIN":{"rotate":[{"time":1.5333,"angle":0,"curve":"stepped"},{"time":1.7,"angle":38.71,"curve":"stepped"},{"time":2.2666,"angle":35.82,"curve":"stepped"},{"time":2.6333,"angle":9.29,"curve":"stepped"},{"time":3.2333,"angle":0}],"translate":[{"time":0,"x":1.69,"y":-29.6,"curve":"stepped"},{"time":0.0666,"x":0,"y":1.9,"curve":"stepped"},{"time":0.1666,"x":16.07,"y":1.9,"curve":"stepped"},{"time":0.9666,"x":2.37,"y":4.64,"curve":"stepped"},{"time":1.0333,"x":16.07,"y":3.27,"curve":"stepped"},{"time":1.3666,"x":1.69,"y":-20.01,"curve":[0.064,0.4,0.75,1]},{"time":1.4666,"x":1.69,"y":-22.75,"curve":"stepped"},{"time":1.5,"x":1.69,"y":-29.6,"curve":"stepped"},{"time":1.5333,"x":1.69,"y":102.6,"curve":[0.27,0.38,0.613,0.71]},{"time":1.7,"x":1.69,"y":192.95,"curve":[0.333,0.33,0.666,0.66]},{"time":2.2666,"x":22.49,"y":232.38},{"time":2.4666,"x":22.49,"y":231.04,"curve":"stepped"},{"time":2.5333,"x":126.78,"y":339.31,"curve":[0.332,0.33,0.666,0.66]},{"time":2.5666,"x":61.49,"y":307.2,"curve":[0.324,0.24,0.748,0.61]},{"time":3.2,"x":101,"y":-0.09,"curve":"stepped"},{"time":3.2333,"x":89.96,"y":-20.1},{"time":3.3,"x":89.96,"y":-24.93,"curve":"stepped"},{"time":3.3666,"x":89.96,"y":0}]},"EF_shot1_1":{"rotate":[{"time":1.7333,"angle":-4.54}],"translate":[{"time":0,"x":-241.39,"y":-1.89,"curve":"stepped"},{"time":0.2,"x":-237.38,"y":-2.91,"curve":"stepped"},{"time":1.0333,"x":-241.39,"y":-0.58,"curve":"stepped"},{"time":1.0666,"x":-241.39,"y":-1.89,"curve":"stepped"},{"time":1.7333,"x":-243.86,"y":-0.44}]},"EF_shot1_2":{"rotate":[{"time":1.7666,"angle":-4.54}],"translate":[{"time":0,"x":-244.51,"y":-11.73,"curve":"stepped"},{"time":0.6333,"x":-245.2,"y":-0.29,"curve":"stepped"},{"time":1.0666,"x":-244.51,"y":-11.73,"curve":"stepped"},{"time":1.7666,"x":-237.56,"y":-6.29}]},"EF_wave2_1":{"translate":[{"time":0,"x":0,"y":-1.98,"curve":"stepped"},{"time":1.2666,"x":0,"y":0},{"time":1.5333,"x":0,"y":-2.26}]},"EF_wave1_1":{"translate":[{"time":0,"x":0,"y":-10.59,"curve":"stepped"},{"time":1.5,"x":0,"y":-10.59}]},"EF_wave1_2":{"translate":[{"time":1.5666,"x":0,"y":-10.59}]},"EF_dash1":{"translate":[{"time":0,"x":-101.53,"y":-3.69,"curve":"stepped"},{"time":1.5,"x":-101.53,"y":-3.69}],"scale":[{"time":0,"x":2,"y":2,"curve":"stepped"},{"time":1.5,"x":2,"y":2}]},"DAMAGEAREA":{"translate":[{"time":2.6333,"x":-394.33,"y":88.2}],"scale":[{"time":2.6333,"x":2.281,"y":1.274},{"time":2.8333,"x":3.515,"y":1.506}]}},"events":[{"time":0,"name":"Event","string":"setHitSum(15)"},{"time":0.0333,"name":"Event","string":"setHitEffect(empty,0)"},{"time":0.2,"name":"Sound1","string":"cri_se_battle_machinegun_02"},{"time":0.2,"name":"Sound2","string":"setHitSound(se_battle_hands_hit)"},{"time":0.2333,"name":"Hit","string":"addOrbitSystemInsight(hit1,empty,999,0,0,180,0)"},{"time":0.3,"name":"Sound1","string":"cri_se_battle_machinegun_02"},{"time":0.4,"name":"Hit","string":"addOrbitSystemInsight(hit2,empty,999,0,0,90,0)"},{"time":0.4,"name":"Sound1","string":"cri_se_battle_machinegun_02"},{"time":0.5666,"name":"Hit","string":"addOrbitSystemInsight(hit3,empty,999,0,0,90,0)"},{"time":0.6333,"name":"Sound1","string":"cri_se_battle_machinegun_02"},{"time":0.7333,"name":"Sound1","string":"cri_se_battle_machinegun_02"},{"time":0.8333,"name":"Sound1","string":"cri_se_battle_machinegun_02"},{"time":0.8666,"name":"Hit","string":"addOrbitSystemInsight(hit1,empty,999,0,0,180,0)"},{"time":1.0333,"name":"Hit","string":"addOrbitSystemInsight(hit2,empty,999,0,0,90,0)"},{"time":1.0333,"name":"Sound1","string":"cri_se_battle_machinegun_02"},{"time":1.1,"name":"Sound1","string":"cri_se_battle_machinegun_02"},{"time":1.1666,"name":"Sound1","string":"cri_se_battle_machinegun_02"},{"time":1.2,"name":"Hit","string":"addOrbitSystemInsight(hit3,empty,999,0,0,90,0)"},{"time":1.2333,"name":"Sound1","string":"cri_se_battle_machinegun_02"},{"time":1.7333,"name":"Sound1","string":"cri_se_battle_charge"},{"time":1.7333,"name":"Voice","string":"cri_170_voice_skill_all"},{"time":1.7666,"name":"Hit","string":"addOrbitSystemInsight(hit1,empty,999,0,0,180,0)"},{"time":1.9333,"name":"Hit","string":"addOrbitSystemInsight(hit2,empty,999,0,0,90,0)"},{"time":2.0666,"name":"Sound1","string":"cri_se_battle_beam"},{"time":2.1,"name":"Hit","string":"addOrbitSystemInsight(hit3,empty,999,0,0,90,0)"},{"time":2.2,"name":"Sound1","string":"cri_se_battle_037_explosion_element_05"},{"time":2.3,"name":"Sound2","string":"setHitSound(se_battle_007_attack_hit_01)"},{"time":2.6333,"name":"Hit","string":"resetHitList"},{"time":2.6666,"name":"Event","int":30,"string":"kImpactType_knock_up"},{"time":2.7,"name":"Event","string":"setHitEffect(2-skill1-hit,1,1,100)"},{"time":2.7,"name":"Hit","string":"resetHitList"},{"time":2.7666,"name":"Hit","string":"resetHitList"},{"time":2.8333,"name":"Hit","string":"resetHitList"},{"time":2.9,"name":"Hit","string":"resetHitList"},{"time":2.9666,"name":"Hit","string":"resetHitList"}]},"skill2":{"slots":{"DAMAGEAREA":{"attachment":[{"time":1.5666,"name":"DAMAGEAREA"},{"time":1.7333,"name":null}]},"EF_aura_circle":{"attachment":[{"time":0.2333,"name":"EF/ef_aura_circle_render/ef_aura_circle_render_00003"},{"time":0.3,"name":"EF/ef_aura_circle_render/ef_aura_circle_render_00004"},{"time":0.3666,"name":"EF/ef_aura_circle_render/ef_aura_circle_render_00006"},{"time":0.4333,"name":"EF/ef_aura_circle_render/ef_aura_circle_render_00008"},{"time":0.5,"name":"EF/ef_aura_circle_render/ef_aura_circle_render_00010"},{"time":0.5666,"name":"EF/ef_aura_circle_render/ef_aura_circle_render_00004"},{"time":0.6333,"name":"EF/ef_aura_circle_render/ef_aura_circle_render_00006"},{"time":0.7,"name":"EF/ef_aura_circle_render/ef_aura_circle_render_00008"},{"time":0.7666,"name":"EF/ef_aura_circle_render/ef_aura_circle_render_00010"},{"time":0.8333,"name":"EF/ef_aura_circle_render/ef_aura_circle_render_00004"},{"time":0.9,"name":"EF/ef_aura_circle_render/ef_aura_circle_render_00006"},{"time":0.9666,"name":"EF/ef_aura_circle_render/ef_aura_circle_render_00008"},{"time":1.0333,"name":"EF/ef_aura_circle_render/ef_aura_circle_render_00010"},{"time":1.1,"name":"EF/ef_aura_circle_render/ef_aura_circle_render_00004"},{"time":1.1666,"name":"EF/ef_aura_circle_render/ef_aura_circle_render_00006"},{"time":1.2333,"name":"EF/ef_aura_circle_render/ef_aura_circle_render_00008"},{"time":1.2666,"name":"EF/ef_aura_circle_render/ef_aura_circle_render_00010"},{"time":1.3,"name":"EF/ef_aura_circle_render/ef_aura_circle_render_00026"},{"time":1.3333,"name":"EF/ef_aura_circle_render/ef_aura_circle_render_00027"},{"time":1.3666,"name":"EF/ef_aura_circle_render/ef_aura_circle_render_00028"},{"time":1.4,"name":"EF/ef_aura_circle_render/ef_aura_circle_render_00029"},{"time":1.4333,"name":"EF/ef_aura_circle_render/ef_aura_circle_render_00030"},{"time":1.4666,"name":"EF/ef_aura_circle_render/ef_aura_circle_render_00031"},{"time":1.5,"name":null}],"color":[{"time":0.2333,"color":"ffffff00"},{"time":0.3333,"color":"ffffffff"}]},"EF_dash1":{"attachment":[{"time":1.5333,"name":"EF/ef_dash_main/ef_dash_main_00001"},{"time":1.5666,"name":"EF/ef_dash_main/ef_dash_main_00003"},{"time":1.6,"name":"EF/ef_dash_main/ef_dash_main_00005"},{"time":1.6333,"name":"EF/ef_dash_main/ef_dash_main_00007"},{"time":1.6666,"name":"EF/ef_dash_main/ef_dash_main_00009"},{"time":1.7,"name":"EF/ef_dash_main/ef_dash_main_00011"},{"time":1.7333,"name":null}]},"EF_magic1_1":{"attachment":[{"time":0.6666,"name":"EF/5100_S2_magic1e"}],"color":[{"time":0.6666,"color":"ffffff00"},{"time":1.3333,"color":"ffffffff","curve":"stepped"},{"time":1.4666,"color":"ffffffff"},{"time":1.5666,"color":"ffffff00"}]},"EF_magic1_2":{"attachment":[{"time":0.6666,"name":"EF/5100_S2_magic1e"}],"color":[{"time":0.6666,"color":"ffffff00"},{"time":1.3333,"color":"ffffffff","curve":"stepped"},{"time":1.5,"color":"ffffffff"},{"time":1.6,"color":"ffffff00"}]},"EF_magic1_3":{"attachment":[{"time":0.6666,"name":"EF/5100_S2_magic1e"}],"color":[{"time":0.6666,"color":"ffffff00"},{"time":1.3333,"color":"ffffffff","curve":"stepped"},{"time":1.5333,"color":"ffffffff"},{"time":1.6333,"color":"ffffff00"}]},"EF_magic1_4":{"attachment":[{"time":1,"name":"EF/5100_S2_magic1e"}],"color":[{"time":1.5,"color":"ffffffff"},{"time":1.8333,"color":"ffffff00"}]},"EF_magic2_1":{"attachment":[{"time":0.6666,"name":"EF/magic_5dark"}],"color":[{"time":0.6666,"color":"ffffff00"},{"time":1.3333,"color":"ffffffff","curve":"stepped"},{"time":1.4666,"color":"ffffffff"},{"time":1.5666,"color":"ffffff00"}]},"EF_magic2_2":{"attachment":[{"time":0.6666,"name":"EF/magic_5dark"}],"color":[{"time":0.6666,"color":"ffffff00"},{"time":1.3333,"color":"ffffffff","curve":"stepped"},{"time":1.5,"color":"ffffffff"},{"time":1.6,"color":"ffffff00"}]},"EF_magic2_3":{"attachment":[{"time":0.6666,"name":"EF/magic_5dark"}],"color":[{"time":0.6666,"color":"ffffff00"},{"time":1.3333,"color":"ffffffff","curve":"stepped"},{"time":1.5333,"color":"ffffffff"},{"time":1.6333,"color":"ffffff00"}]},"EF_magic2_4":{"attachment":[{"time":1,"name":"EF/magic_5dark"}],"color":[{"time":1.5,"color":"ffffffff"},{"time":1.8333,"color":"ffffff00"}]},"EF_wave2_1":{"attachment":[{"time":0.3,"name":"EF/ef_rot_wave_main/ef_rot_wave_main_00013"},{"time":0.3666,"name":"EF/ef_rot_wave_main/ef_rot_wave_main_00011"},{"time":0.4333,"name":"EF/ef_rot_wave_main/ef_rot_wave_main_00010"},{"time":0.5,"name":"EF/ef_rot_wave_main/ef_rot_wave_main_00008"},{"time":0.5666,"name":"EF/ef_rot_wave_main/ef_rot_wave_main_00006"},{"time":0.6333,"name":"EF/ef_rot_wave_main/ef_rot_wave_main_00005"},{"time":0.7,"name":"EF/ef_rot_wave_main/ef_rot_wave_main_00003"},{"time":0.7666,"name":"EF/ef_rot_wave_main/ef_rot_wave_main_00001"},{"time":0.8333,"name":null}],"color":[{"time":0.3,"color":"ffffff00"},{"time":0.4,"color":"ffffffff","curve":"stepped"},{"time":0.7333,"color":"ffffffff"},{"time":0.8333,"color":"ffffff00"}]},"EF_wave2_2":{"attachment":[{"time":0.5666,"name":"EF/ef_rot_wave_main/ef_rot_wave_main_00013"},{"time":0.6333,"name":"EF/ef_rot_wave_main/ef_rot_wave_main_00011"},{"time":0.7,"name":"EF/ef_rot_wave_main/ef_rot_wave_main_00010"},{"time":0.7666,"name":"EF/ef_rot_wave_main/ef_rot_wave_main_00008"},{"time":0.8333,"name":"EF/ef_rot_wave_main/ef_rot_wave_main_00006"},{"time":0.9,"name":"EF/ef_rot_wave_main/ef_rot_wave_main_00005"},{"time":0.9666,"name":"EF/ef_rot_wave_main/ef_rot_wave_main_00003"},{"time":1.0333,"name":"EF/ef_rot_wave_main/ef_rot_wave_main_00001"},{"time":1.1,"name":null}],"color":[{"time":0.5666,"color":"ffffff00"},{"time":0.6666,"color":"ffffffff","curve":"stepped"},{"time":1,"color":"ffffffff"},{"time":1.1,"color":"ffffff00"}]},"EF_wave2_3":{"attachment":[{"time":0.8333,"name":"EF/ef_rot_wave_main/ef_rot_wave_main_00013"},{"time":0.9,"name":"EF/ef_rot_wave_main/ef_rot_wave_main_00011"},{"time":0.9666,"name":"EF/ef_rot_wave_main/ef_rot_wave_main_00010"},{"time":1.0333,"name":"EF/ef_rot_wave_main/ef_rot_wave_main_00008"},{"time":1.1,"name":"EF/ef_rot_wave_main/ef_rot_wave_main_00006"},{"time":1.1666,"name":"EF/ef_rot_wave_main/ef_rot_wave_main_00005"},{"time":1.2333,"name":"EF/ef_rot_wave_main/ef_rot_wave_main_00003"},{"time":1.3,"name":"EF/ef_rot_wave_main/ef_rot_wave_main_00001"},{"time":1.3666,"name":null}],"color":[{"time":0.8333,"color":"ffffff00"},{"time":0.9333,"color":"ffffffff","curve":"stepped"},{"time":1.2666,"color":"ffffffff"},{"time":1.3666,"color":"ffffff00"}]},"MAIN":{"attachment":[{"time":0,"name":"idle_00"},{"time":0.2,"name":"attack1_00"},{"time":0.2333,"name":"attack1_03"},{"time":0.2666,"name":"skill2_00"},{"time":0.3333,"name":"skill2_01"},{"time":0.4,"name":"skill2_00"},{"time":0.4666,"name":"skill2_01"},{"time":0.5333,"name":"skill2_00"},{"time":0.6,"name":"skill2_01"},{"time":0.6666,"name":"skill2_00"},{"time":0.7333,"name":"skill2_01"},{"time":0.8,"name":"skill2_00"},{"time":0.8666,"name":"skill2_01"},{"time":0.9333,"name":"skill2_00"},{"time":1,"name":"skill2_01"},{"time":1.0666,"name":"skill2_00"},{"time":1.1333,"name":"skill2_01"},{"time":1.2,"name":"skill2_02"},{"time":1.2666,"name":"skill1_02"},{"time":1.3,"name":"skill2_03"},{"time":1.5,"name":"skill2_04"},{"time":2.5,"name":"skill2_05"},{"time":2.6,"name":"attack1_00"},{"time":2.7,"name":"idle_01"},{"time":2.8333,"name":"idle_00"}]}},"bones":{"MAIN":{"rotate":[{"time":2.5,"angle":-0.15}],"translate":[{"time":0,"x":0,"y":0,"curve":"stepped"},{"time":0.2,"x":12.68,"y":0,"curve":"stepped"},{"time":0.2666,"x":25.37,"y":-1.58,"curve":"stepped"},{"time":1.3,"x":25.37,"y":-1.58,"curve":"stepped"},{"time":1.5,"x":25.37,"y":-1.58,"curve":[0.028,0.86,0.283,0.99]},{"time":2.1666,"x":91,"y":-1.58,"curve":"stepped"},{"time":2.5,"x":91,"y":-1.58,"curve":"stepped"},{"time":2.6,"x":63.08,"y":1.94,"curve":"stepped"},{"time":2.7,"x":51.66,"y":1.94}]},"EF_aura_circle":{"translate":[{"time":0.2333,"x":28.5,"y":0}]},"EF_wave2_1":{"translate":[{"time":0.3,"x":29.2,"y":0}],"scale":[{"time":0.3,"x":1.25,"y":1.25}]},"EF_wave2_2":{"translate":[{"time":0.5666,"x":29.2,"y":0}],"scale":[{"time":0.5666,"x":1.25,"y":1.25}]},"EF_wave2_3":{"translate":[{"time":0.8333,"x":29.2,"y":0}],"scale":[{"time":0.8333,"x":1.25,"y":1.25}]},"EF_magic1_1":{"translate":[{"time":0.6666,"x":-369.94,"y":72.31}],"scale":[{"time":0.6666,"x":0.503,"y":2.005,"curve":"stepped"},{"time":1.3333,"x":0.503,"y":2.005,"curve":"stepped"},{"time":1.4666,"x":0.503,"y":2.005},{"time":1.5666,"x":0.953,"y":3.801}]},"EF_magic1_3":{"translate":[{"time":0.6666,"x":-369.94,"y":72.31},{"time":0.8333,"x":-441.06,"y":72.31},{"time":1,"x":-500.22,"y":72.31}],"scale":[{"time":0.6666,"x":0.397,"y":1.585,"curve":"stepped"},{"time":1.3333,"x":0.397,"y":1.585,"curve":"stepped"},{"time":1.5333,"x":0.397,"y":1.585},{"time":1.6333,"x":0.953,"y":3.801}]},"EF_magic1_2":{"translate":[{"time":0.6666,"x":-369.94,"y":72.31},{"time":0.8333,"x":-441.06,"y":72.31}],"scale":[{"time":0.6666,"x":0.446,"y":1.777,"curve":"stepped"},{"time":1.3333,"x":0.446,"y":1.777,"curve":"stepped"},{"time":1.5,"x":0.446,"y":1.777},{"time":1.6,"x":0.953,"y":3.801}]},"EF_magic1_4":{"translate":[{"time":1,"x":-221.53,"y":0}],"scale":[{"time":1,"x":0.743,"y":0.171},{"time":1.1333,"x":2.36,"y":0.395,"curve":"stepped"},{"time":1.5,"x":2.36,"y":0.395},{"time":1.8333,"x":3.836,"y":0.642}]},"EF_dash1":{"translate":[{"time":1.5333,"x":-100.68,"y":0}],"scale":[{"time":1.5333,"x":-2,"y":2}]},"DAMAGEAREA":{"translate":[{"time":1.5666,"x":-415.09,"y":53.93},{"time":1.6333,"x":-509.98,"y":53.93}],"scale":[{"time":1.5666,"x":8.022,"y":1}]}},"ffd":{"default":{"EF_magic1_1":{"EF/5100_S2_magic1e":[{"time":0.6666,"vertices":[7.61538,8.3132,8.31369,-7.61484,-7.61434,-8.3131,-8.31265,7.61495]},{"time":1.3333}]},"EF_magic1_2":{"EF/5100_S2_magic1e":[{"time":0.6666,"vertices":[-6.62561,-6.17008,-6.16999,6.62581,6.62591,6.17025,6.17033,-6.62566]},{"time":1.3333}]},"EF_magic1_3":{"EF/5100_S2_magic1e":[{"time":0.6666,"vertices":[12.19104,14.0998,14.09991,-12.19082,-12.19075,-14.09973,-14.09959,12.19095]},{"time":1.3333}]},"EF_magic1_4":{"EF/5100_S2_magic1e":[{"time":1,"vertices":[-29.25531,-21.8975,-21.89774,29.25517,29.255,21.89758,21.89736,-29.25511]},{"time":1.3333,"vertices":[1.13444,1.16959,1.16936,-1.13459,-1.13477,-1.1695,-1.16973,1.13465]}]},"EF_magic2_1":{"EF/magic_5dark":[{"time":0.6666,"vertices":[-8.43978,-7.57632,-7.57547,8.44041,8.44123,7.57617,7.57701,-8.44057]},{"time":1.3333}]},"EF_magic2_2":{"EF/magic_5dark":[{"time":0.6666,"vertices":[7.6826,8.56496,8.56512,-7.68247,-7.68229,-8.56499,-8.56477,7.68243]},{"time":1.3333,"vertices":[-6.43362,-5.91894,-5.91903,6.43364,6.43377,5.91913,5.91918,-6.43357]}]},"EF_magic2_3":{"EF/magic_5dark":[{"time":0.6666,"vertices":[-24.73756,-18.38711,-18.38699,24.73772,24.7378,18.3871,18.38725,-24.73774]},{"time":1.3333}]},"EF_magic2_4":{"EF/magic_5dark":[{"time":1,"vertices":[15.24466,21.67637,21.67601,-15.24478,-15.24498,-21.67627,-21.67657,15.24491]},{"time":1.3333}]}}},"events":[{"time":0,"name":"Event","float":0.2,"string":"kHitStopType_normal"},{"time":0,"name":"Sound1","string":"cri_se_battle_effect_01"},{"time":0.0333,"name":"Event","string":"runScript-findBadStatus"},{"time":0.7,"name":"Sound1","string":"cri_se_battle_magic_Invocation_dark"},{"time":0.7,"name":"Voice","string":"cri_170_voice_fullarts_rank5"},{"time":1.5,"name":"Sound1","string":"cri_se_battle_beam"},{"time":1.5,"name":"Sound2","string":"setHitSound(se_battle_016_boss_ko)"},{"time":1.5333,"name":"Event","float":3,"string":"shakeGround"}]},"skill3":{"slots":{"DAMAGEAREA":{"attachment":[{"time":2.9,"name":"DAMAGEAREA"},{"time":3.5666,"name":null},{"time":4.0666,"name":"DAMAGEAREA"},{"time":4.3,"name":null}]},"EF_aura_circle":{"attachment":[{"time":0.4,"name":"EF/ef_aura_circle_render/ef_aura_circle_render_00003"},{"time":0.4666,"name":"EF/ef_aura_circle_render/ef_aura_circle_render_00004"},{"time":0.5333,"name":"EF/ef_aura_circle_render/ef_aura_circle_render_00006"},{"time":0.6,"name":"EF/ef_aura_circle_render/ef_aura_circle_render_00008"},{"time":0.6666,"name":"EF/ef_aura_circle_render/ef_aura_circle_render_00010"},{"time":0.7333,"name":"EF/ef_aura_circle_render/ef_aura_circle_render_00004"},{"time":0.8,"name":"EF/ef_aura_circle_render/ef_aura_circle_render_00006"},{"time":0.8666,"name":"EF/ef_aura_circle_render/ef_aura_circle_render_00008"},{"time":0.9333,"name":"EF/ef_aura_circle_render/ef_aura_circle_render_00010"},{"time":1,"name":"EF/ef_aura_circle_render/ef_aura_circle_render_00004"},{"time":1.0666,"name":"EF/ef_aura_circle_render/ef_aura_circle_render_00006"},{"time":1.1333,"name":"EF/ef_aura_circle_render/ef_aura_circle_render_00008"},{"time":1.2,"name":"EF/ef_aura_circle_render/ef_aura_circle_render_00010"},{"time":1.2666,"name":"EF/ef_aura_circle_render/ef_aura_circle_render_00004"},{"time":1.3333,"name":"EF/ef_aura_circle_render/ef_aura_circle_render_00006"},{"time":1.4,"name":"EF/ef_aura_circle_render/ef_aura_circle_render_00008"},{"time":1.4333,"name":"EF/ef_aura_circle_render/ef_aura_circle_render_00010"},{"time":1.4666,"name":"EF/ef_aura_circle_render/ef_aura_circle_render_00026"},{"time":1.5,"name":"EF/ef_aura_circle_render/ef_aura_circle_render_00027"},{"time":1.5333,"name":"EF/ef_aura_circle_render/ef_aura_circle_render_00028"},{"time":1.5666,"name":"EF/ef_aura_circle_render/ef_aura_circle_render_00029"},{"time":1.6,"name":"EF/ef_aura_circle_render/ef_aura_circle_render_00030"},{"time":1.6333,"name":"EF/ef_aura_circle_render/ef_aura_circle_render_00031"},{"time":1.6666,"name":null}]},"EF_dash1":{"attachment":[{"time":2.8666,"name":"EF/ef_dash_main/ef_dash_main_00001"},{"time":2.9,"name":"EF/ef_dash_main/ef_dash_main_00003"},{"time":2.9333,"name":"EF/ef_dash_main/ef_dash_main_00005"},{"time":2.9666,"name":"EF/ef_dash_main/ef_dash_main_00007"},{"time":3,"name":"EF/ef_dash_main/ef_dash_main_00009"},{"time":3.0333,"name":"EF/ef_dash_main/ef_dash_main_00011"},{"time":3.0666,"name":null}]},"EF_magic1_1":{"attachment":[{"time":0.5,"name":"EF/5100_S2_magic1e"}],"color":[{"time":0.5,"color":"ffffff00","curve":[0.218,0.68,0.75,1]},{"time":1.3333,"color":"ffffffff"},{"time":1.8666,"color":"ffffff00"}]},"EF_magic1_4":{"attachment":[{"time":0.4,"name":"EF/5100_S2_magic1e"}],"color":[{"time":0.3666,"color":"ffffff00"},{"time":0.5333,"color":"ffffffff","curve":"stepped"},{"time":2.2,"color":"ffffffff"},{"time":2.5333,"color":"ffffff00"}]},"EF_magic2_1":{"attachment":[{"time":0.5,"name":"EF/magic_5dark"}],"color":[{"time":0.5,"color":"ffffff00","curve":[0.218,0.68,0.75,1]},{"time":1.3,"color":"ffffffff"},{"time":1.8666,"color":"ffffff00"}]},"EF_magic2_4":{"attachment":[{"time":0.4,"name":"EF/magic_5dark"}],"color":[{"time":0.3666,"color":"ffffff00"},{"time":0.5333,"color":"ffffffff","curve":"stepped"},{"time":2.2,"color":"ffffffff"},{"time":2.5333,"color":"ffffff00"}]},"EF_power1_1":{"attachment":[{"time":2.1666,"name":"EF/740_S1_power2/740_S1_power2_00000"},{"time":2.2,"name":"EF/740_S1_power2/740_S1_power2_00002"},{"time":2.2666,"name":"EF/740_S1_power2/740_S1_power2_00004"},{"time":2.3333,"name":"EF/740_S1_power2/740_S1_power2_00006"},{"time":2.4,"name":"EF/740_S1_power2/740_S1_power2_00008"},{"time":2.4666,"name":null},{"time":4,"name":"EF/740_S1_power2/740_S1_power2_00000"},{"time":4.0333,"name":"EF/740_S1_power2/740_S1_power2_00002"},{"time":4.1,"name":"EF/740_S1_power2/740_S1_power2_00004"},{"time":4.1666,"name":"EF/740_S1_power2/740_S1_power2_00006"},{"time":4.2333,"name":"EF/740_S1_power2/740_S1_power2_00008"},{"time":4.3,"name":null}],"color":[{"time":2.3666,"color":"ffffffff"},{"time":2.4666,"color":"ffffff00","curve":"stepped"},{"time":4,"color":"ffffffff","curve":"stepped"},{"time":4.2,"color":"ffffffff"},{"time":4.3,"color":"ffffff00"}]},"EF_shot1_2":{"attachment":[{"time":4,"name":"EF/shot/340_S1_shot1_00000"},{"time":4.0333,"name":"EF/shot/340_S1_shot1_00001"},{"time":4.0666,"name":"EF/shot/340_S1_shot1_00002"},{"time":4.1,"name":"EF/shot/340_S1_shot1_00003"},{"time":4.1333,"name":"EF/shot/340_S1_shot1_00004"},{"time":4.1666,"name":"EF/shot/340_S1_shot1_00005"},{"time":4.2,"name":"EF/shot/340_S1_shot1_00006"},{"time":4.2333,"name":"EF/shot/340_S1_shot1_00007"},{"time":4.2666,"name":"EF/shot/340_S1_shot1_00008"},{"time":4.3,"name":null}]},"EF_wave1_1":{"attachment":[{"time":2.8333,"name":"EF/ef_graund_wave_main/ef_graund_wave_main_00001"},{"time":2.8666,"name":"EF/ef_graund_wave_main/ef_graund_wave_main_00005"},{"time":2.9,"name":"EF/ef_graund_wave_main/ef_graund_wave_main_00008"},{"time":2.9333,"name":"EF/ef_graund_wave_main/ef_graund_wave_main_00010"},{"time":2.9666,"name":"EF/ef_graund_wave_main/ef_graund_wave_main_00013"},{"time":3,"name":null},{"time":4,"name":"EF/ef_graund_wave_main/ef_graund_wave_main_00001"},{"time":4.0333,"name":"EF/ef_graund_wave_main/ef_graund_wave_main_00005"},{"time":4.0666,"name":"EF/ef_graund_wave_main/ef_graund_wave_main_00008"},{"time":4.1,"name":"EF/ef_graund_wave_main/ef_graund_wave_main_00010"},{"time":4.1333,"name":"EF/ef_graund_wave_main/ef_graund_wave_main_00013"},{"time":4.1666,"name":null}]},"EF_wave2_1":{"attachment":[{"time":0.1333,"name":"EF/ef_rot_wave_main/ef_rot_wave_main_00001"},{"time":0.1666,"name":"EF/ef_rot_wave_main/ef_rot_wave_main_00003"},{"time":0.2,"name":"EF/ef_rot_wave_main/ef_rot_wave_main_00005"},{"time":0.2333,"name":"EF/ef_rot_wave_main/ef_rot_wave_main_00006"},{"time":0.2666,"name":"EF/ef_rot_wave_main/ef_rot_wave_main_00008"},{"time":0.3,"name":"EF/ef_rot_wave_main/ef_rot_wave_main_00010"},{"time":0.3333,"name":"EF/ef_rot_wave_main/ef_rot_wave_main_00011"},{"time":0.3666,"name":"EF/ef_rot_wave_main/ef_rot_wave_main_00013"},{"time":0.4,"name":null},{"time":3.3333,"name":"EF/ef_rot_wave_main/ef_rot_wave_main_00001"},{"time":3.4,"name":"EF/ef_rot_wave_main/ef_rot_wave_main_00003"},{"time":3.4666,"name":"EF/ef_rot_wave_main/ef_rot_wave_main_00005"},{"time":3.5333,"name":"EF/ef_rot_wave_main/ef_rot_wave_main_00006"},{"time":3.6,"name":"EF/ef_rot_wave_main/ef_rot_wave_main_00008"},{"time":3.6666,"name":"EF/ef_rot_wave_main/ef_rot_wave_main_00010"},{"time":3.7333,"name":"EF/ef_rot_wave_main/ef_rot_wave_main_00011"},{"time":3.8,"name":"EF/ef_rot_wave_main/ef_rot_wave_main_00013"},{"time":3.8666,"name":null}]},"MAIN":{"attachment":[{"time":0,"name":"skill2_01"},{"time":0.0666,"name":"attack1_00"},{"time":0.1666,"name":"skill2_00"},{"time":0.2333,"name":"skill2_01"},{"time":0.3,"name":"skill2_00"},{"time":0.3666,"name":"skill2_01"},{"time":0.4333,"name":"skill2_00"},{"time":0.5,"name":"skill2_01"},{"time":0.5666,"name":"skill2_00"},{"time":0.6333,"name":"skill2_01"},{"time":0.7,"name":"skill2_00"},{"time":0.7666,"name":"skill2_01"},{"time":0.8333,"name":"skill2_00"},{"time":0.9,"name":"skill2_01"},{"time":0.9666,"name":"skill2_00"},{"time":1.0333,"name":"skill2_01"},{"time":1.1,"name":"skill2_00"},{"time":1.1666,"name":"skill2_01"},{"time":1.2333,"name":"skill2_00"},{"time":1.3,"name":"skill2_01"},{"time":1.3666,"name":"skill2_00"},{"time":1.4333,"name":"skill2_01"},{"time":1.5,"name":"skill2_00"},{"time":1.5666,"name":"skill2_01"},{"time":1.6333,"name":"skill2_00"},{"time":1.7,"name":"skill2_01"},{"time":1.7666,"name":"skill2_00"},{"time":1.8333,"name":"skill2_01"},{"time":1.9,"name":"skill2_00"},{"time":1.9666,"name":"skill2_01"},{"time":2.0333,"name":"skill2_00"},{"time":2.1,"name":"skill2_01"},{"time":2.1666,"name":"skill2_02"},{"time":2.4,"name":"skill2_03"},{"time":2.8333,"name":"skill2_04"},{"time":3.3333,"name":"skill3_00"},{"time":4,"name":"skill2_04"},{"time":4.6666,"name":"skill2_05"},{"time":5,"name":"idle_00"}]}},"bones":{"MAIN":{"translate":[{"time":0,"x":9.88,"y":2.78,"curve":"stepped"},{"time":0.0666,"x":9.88,"y":2.78,"curve":"stepped"},{"time":2.1666,"x":9.88,"y":2.78,"curve":"stepped"},{"time":2.4,"x":20.12,"y":2.78,"curve":"stepped"},{"time":2.4666,"x":9.88,"y":2.78,"curve":"stepped"},{"time":2.8333,"x":9.88,"y":0.63},{"time":2.8666,"x":56.45,"y":0.63,"curve":[0.141,0.64,0.261,0.97]},{"time":4,"x":80.03,"y":0.63},{"time":4.0333,"x":72.15,"y":0.63},{"time":4.0666,"x":118.18,"y":0.63,"curve":[0.221,0.65,0.75,1]},{"time":5,"x":126.8,"y":0.63}]},"EF_magic1_1":{"translate":[{"time":0.5,"x":-427.16,"y":72.31},{"time":0.6666,"x":-435.33,"y":72.31},{"time":1.8666,"x":-286.17,"y":72.31}],"scale":[{"time":0.5,"x":0.503,"y":2.005,"curve":"stepped"},{"time":1.8666,"x":0.503,"y":2.005}]},"EF_magic1_4":{"translate":[{"time":0.4,"x":-231.45,"y":0}],"scale":[{"time":0.4,"x":0.743,"y":0.171},{"time":0.5333,"x":2.36,"y":0.395,"curve":"stepped"},{"time":2.2,"x":2.36,"y":0.395},{"time":2.5333,"x":3.836,"y":0.642}]},"EF_wave2_1":{"translate":[{"time":0.1333,"x":18.29,"y":0,"curve":"stepped"},{"time":3.3333,"x":82.74,"y":-2.6}],"scale":[{"time":0.1333,"x":1.5,"y":1.5,"curve":"stepped"},{"time":3.3333,"x":1.5,"y":1.5}]},"EF_aura_circle":{"translate":[{"time":0.4,"x":14.73,"y":0}]},"EF_wave1_1":{"translate":[{"time":2.8333,"x":4.85,"y":-7.28,"curve":"stepped"},{"time":4,"x":73.21,"y":-7.28}]},"EF_power1_1":{"translate":[{"time":2.1666,"x":-240.11,"y":-75.21,"curve":"stepped"},{"time":4,"x":-240.11,"y":-75.21}],"scale":[{"time":2.1666,"x":2,"y":2,"curve":"stepped"},{"time":2.2333,"x":2,"y":2,"curve":[0.204,0.68,0.75,1]},{"time":2.4333,"x":4,"y":4,"curve":"stepped"},{"time":4,"x":2,"y":2,"curve":"stepped"},{"time":4.0666,"x":2,"y":2,"curve":"stepped"},{"time":4.1,"x":0.564,"y":2,"curve":[0.2,0.62,0.75,1]},{"time":4.2666,"x":2.113,"y":7.489}]},"EF_shot1_2":{"translate":[{"time":4,"x":-243.97,"y":-26.1}],"scale":[{"time":4,"x":5,"y":5}]},"EF_dash1":{"translate":[{"time":2.8666,"x":-141.74,"y":0}],"scale":[{"time":2.8666,"x":-2.5,"y":2.5}]},"root":{"rotate":[{"time":0.2333,"angle":0.06}]},"DAMAGEAREA":{"translate":[{"time":2.9,"x":-521.02,"y":77.37,"curve":"stepped"},{"time":4.0666,"x":-339.84,"y":77.2},{"time":4.1666,"x":-525,"y":77.38}],"scale":[{"time":2.9,"x":8.937,"y":2.33,"curve":"stepped"},{"time":4.0666,"x":6.507,"y":2.33},{"time":4.1666,"x":8.964,"y":2.33}]}},"ffd":{"default":{"EF_magic1_1":{"EF/5100_S2_magic1e":[{"time":0.5,"vertices":[7.61538,8.3132,8.31369,-7.61484,-7.61434,-8.3131,-8.31265,7.61495]},{"time":0.6666}]},"EF_magic1_4":{"EF/5100_S2_magic1e":[{"time":0.4,"vertices":[-29.25531,-21.8975,-21.89774,29.25517,29.255,21.89758,21.89736,-29.25511]},{"time":2.0333,"vertices":[1.13444,1.16959,1.16936,-1.13459,-1.13477,-1.1695,-1.16973,1.13465]}]},"EF_magic2_1":{"EF/magic_5dark":[{"time":0.5,"vertices":[-8.43978,-7.57632,-7.57547,8.44041,8.44123,7.57617,7.57701,-8.44057]},{"time":0.6666}]},"EF_magic2_4":{"EF/magic_5dark":[{"time":0.4,"vertices":[15.24466,21.67637,21.67601,-15.24478,-15.24498,-21.67627,-21.67657,15.24491]},{"time":2.0333}]}}},"events":[{"time":0,"name":"Sound1","string":"cri_se_battle_magic_Invocation_dark"},{"time":0,"name":"Sound3","string":"setHitSound(se_battle_007_attack_hit_01)"},{"time":0,"name":"Voice","string":"cri_170_voice_fullarts_now"},{"time":0.0333,"name":"Event","string":"runScript-addTrueArtsBuff"},{"time":0.3333,"name":"Sound1","string":"cri_se_battle_charge_long"},{"time":2.1666,"name":"Sound1","string":"cri_se_battle_charge_completion"},{"time":2.8333,"name":"Event","string":"setHitBackEnemy(20,0)"},{"time":2.8666,"name":"Event","string":"kHitStopType_normal"},{"time":2.8666,"name":"Sound1","string":"cri_se_battle_gun_burst"},{"time":2.9,"name":"Event","string":"setHitStopTime(0.05,0.5)"},{"time":2.9,"name":"Event2","float":1,"string":"shakeGround_Loop"},{"time":2.9666,"name":"Hit","string":"resetHitList"},{"time":3,"name":"Sound1","string":"cri_se_battle_gun_burst"},{"time":3.0333,"name":"Hit","string":"resetHitList"},{"time":3.1,"name":"Hit","string":"resetHitList"},{"time":3.1333,"name":"Sound1","string":"cri_se_battle_gun_burst"},{"time":3.1666,"name":"Hit","string":"resetHitList"},{"time":3.2333,"name":"Hit","string":"resetHitList"},{"time":3.2666,"name":"Sound1","string":"cri_se_battle_gun_burst"},{"time":3.3,"name":"Hit","string":"resetHitList"},{"time":3.3666,"name":"Hit","string":"resetHitList"},{"time":3.4,"name":"Sound1","string":"cri_se_battle_gun_burst"},{"time":3.4333,"name":"Hit","string":"resetHitList"},{"time":3.4333,"name":"Sound1","string":"cri_se_battle_magic_Invocation_dark"},{"time":3.5,"name":"Hit","string":"resetHitList"},{"time":3.6,"name":"Sound1","string":"cri_se_battle_arrow_light_effect"},{"time":3.6333,"name":"Voice","string":"cri_170_voice_fullarts_c_rank6"},{"time":4,"name":"Sound1","string":"cri_se_battle_skill_reaper"},{"time":4,"name":"Sound2","string":"cri_se_battle_beam"},{"time":4.0666,"name":"Event","string":"setHitStopTime(0.3,0.4)"},{"time":4.0666,"name":"Event2","float":2,"string":"shakeGround"},{"time":4.0666,"name":"Hit","string":"resetHitList"},{"time":4.1333,"name":"Event2","float":0.8,"string":"shakeGround_Loop"}]}}}