{"skeleton":{"hash":"++7rcgYGwcqgAKirBOztUfp6qhs","spine":"3.0.12","width":0,"height":0,"images":"./images2/"},"bones":[{"name":"root"},{"name":"MAIN","parent":"root","y":61.45},{"name":"HPBAR","parent":"MAIN","x":-10,"y":108.55}],"slots":[{"name":"MAIN","bone":"MAIN","attachment":"idle_00"}],"skins":{"default":{"MAIN":{"idle_00":{"y":55.37,"width":408,"height":349},"idle_01":{"y":55.37,"width":408,"height":349},"idle_02":{"y":55.37,"width":408,"height":349},"idle_03":{"y":55.37,"width":408,"height":349},"idle_04":{"y":55.37,"width":408,"height":349}}}},"events":{"Event":{},"Hit":{},"Sound_1":{},"Sound_2":{},"Sound_3":{}},"animations":{"idle":{"slots":{"MAIN":{"attachment":[{"time":0,"name":"idle_00"},{"time":0.2,"name":"idle_01"},{"time":0.4,"name":"idle_02"},{"time":0.6,"name":"idle_03"},{"time":0.8,"name":"idle_04"},{"time":1,"name":"idle_00"}]}},"bones":{"MAIN":{"translate":[{"time":0,"x":0,"y":0}]}}}}}