{"skeleton":{"hash":"F16W/3ghlhAyjZCOr5sztKeAUYo","spine":"3.0.12","width":0,"height":0,"images":"./image/"},"bones":[{"name":"root"},{"name":"MAIN","parent":"root","x":-0.02,"y":24.66},{"name":"HPBAR","parent":"MAIN","x":0.02,"y":65.33},{"name":"EF","parent":"root","y":13.39},{"name":"S2_wind_1_2","parent":"EF","x":-345.28,"y":372.76,"scaleX":2,"scaleY":2},{"name":"S2_wind1","parent":"EF","x":-126.86,"y":372.56,"scaleX":2,"scaleY":2},{"name":"S1_wave1","parent":"EF","y":-8.2,"scaleX":2,"scaleY":2},{"name":"sub1","parent":"MAIN","x":-53.13,"y":-0.34},{"name":"sub2","parent":"MAIN","x":33.91,"y":-0.58}],"slots":[{"name":"S1_wave1","bone":"S1_wave1","blend":"additive"},{"name":"MAIN","bone":"MAIN","attachment":"idle_00"},{"name":"S2_wind1","bone":"S2_wind1","blend":"additive"},{"name":"sub1","bone":"sub1"},{"name":"sub2","bone":"sub2"},{"name":"S2_wind1_2","bone":"S2_wind_1_2","blend":"additive"}],"skins":{"default":{"MAIN":{"idle_00":{"x":0.02,"y":7.62,"width":145,"height":106},"idle_01":{"x":0.02,"y":7.62,"width":145,"height":106},"idle_02":{"x":0.02,"y":7.62,"width":145,"height":106},"idle_03":{"x":0.02,"y":7.62,"width":145,"height":106},"idle_04":{"x":0.02,"y":7.62,"width":145,"height":106}}}},"events":{"Event":{},"Hit":{},"Sound":{},"Sound_1":{},"Sound_2":{}},"animations":{"idle":{"slots":{"MAIN":{"attachment":[{"time":0,"name":"idle_00"},{"time":0.1666,"name":"idle_01"},{"time":0.3333,"name":"idle_02"},{"time":0.5,"name":"idle_03"},{"time":0.6666,"name":"idle_04"},{"time":0.8333,"name":"idle_04"}]},"S1_wave1":{"attachment":[{"time":0,"name":null}]},"S2_wind1":{"attachment":[{"time":0,"name":null}]},"S2_wind1_2":{"attachment":[{"time":0,"name":null}]},"sub1":{"attachment":[{"time":0,"name":null}]},"sub2":{"attachment":[{"time":0,"name":null}]}}}}}