{"skeleton":{"hash":"i70C+bER6fivzTdoHerE37qcCQI","spine":"3.0.12","width":0,"height":0,"images":"./images/"},"bones":[{"name":"root"},{"name":"MAIN","parent":"root","y":119.15},{"name":"HPBAR","parent":"MAIN","y":100.85}],"slots":[{"name":"MAIN","bone":"MAIN","attachment":"idle_00"}],"skins":{"default":{"MAIN":{"idle_00":{"x":-4.38,"y":-9.54,"width":850,"height":782},"idle_01":{"x":-4.38,"y":-9.54,"width":850,"height":782},"idle_02":{"x":-4.38,"y":-9.54,"width":850,"height":782},"idle_03":{"x":-4.38,"y":-9.54,"width":850,"height":782},"idle_04":{"x":-4.38,"y":-9.54,"width":850,"height":782}}}},"events":{"Event":{},"Hit":{},"HitEffect":{},"sound_1":{},"sound_2":{},"sound_3":{},"sound_4":{},"sound_5":{},"sound_6":{},"voice":{}},"animations":{"idle":{"slots":{"MAIN":{"attachment":[{"time":0,"name":"idle_00"},{"time":0.1666,"name":"idle_01"},{"time":0.3666,"name":"idle_02"},{"time":0.5,"name":"idle_03"},{"time":0.6333,"name":"idle_04"},{"time":0.7666,"name":"idle_00"}]}},"bones":{"MAIN":{"translate":[{"time":0,"x":0,"y":0},{"time":0.1666,"x":0,"y":-5.89,"curve":[0.382,0.04,0.683,0.21]},{"time":0.3666,"x":0,"y":-4.08,"curve":[0.299,0.18,0.612,0.49]},{"time":0.5333,"x":0,"y":15.31},{"time":0.7666,"x":0,"y":0}]}},"events":[{"time":0.3666,"name":"sound_1","string":"cri_se_battle_Flutter"}]}}}