{"skeleton":{"hash":"hfAb2yU2ZEYy7+OmdAfDJtBBvrw","spine":"3.0.12","width":0,"height":0},"bones":[{"name":"root"},{"name":"MAIN","parent":"root","y":32.45,"scaleX":0.616,"scaleY":0.616},{"name":"body","parent":"MAIN","x":-8.45,"y":8.72},{"name":"reaf_front","parent":"body","length":20.44,"x":12.18,"y":-15.06,"rotation":-89.19},{"name":"reaf","parent":"body","length":31.37,"x":-17.94,"y":-4.82,"rotation":-151.84},{"name":"head","parent":"body","length":59.85,"x":-1.54,"y":5.36,"rotation":64.64},{"name":"chin","parent":"body","length":54.27,"x":3.48,"y":4.91,"rotation":-27.48},{"name":"R_leg1","parent":"body","length":37.61,"x":-6.71,"y":-3.6,"rotation":-94.49},{"name":"R_leg2","parent":"R_leg1","x":41.08,"y":0.99,"rotation":22.83},{"name":"L_leg1","parent":"body","length":29.43,"x":26.47,"y":-6.17,"rotation":-80.84},{"name":"L_leg2","parent":"L_leg1","x":34.38,"y":-1.48},{"name":"tongue1","parent":"chin","length":16.09,"x":9.1,"y":10.4,"scaleX":0.905,"scaleY":0.932,"rotation":-4.77},{"name":"tongue2","parent":"tongue1","length":19.96,"x":18.2,"y":-1.12,"rotation":1.69}],"slots":[{"name":"EF/baby/L_leg3","bone":"L_leg2"},{"name":"EF/baby/L_leg2","bone":"L_leg1"},{"name":"EF/baby/body_down","bone":"reaf_front"},{"name":"EF/baby/R_leg3","bone":"R_leg2"},{"name":"EF/baby/R_leg2","bone":"R_leg1"},{"name":"EF/baby/cheak","bone":"head"},{"name":"EF/baby/head_top","bone":"head"},{"name":"EF/baby/body","bone":"head"},{"name":"EF/baby/reaf_front","bone":"reaf_front"},{"name":"EF/baby/chin","bone":"chin"},{"name":"EF/baby/tongue","bone":"tongue1"},{"name":"EF/baby/tooth1","bone":"head"},{"name":"EF/baby/tooth2","bone":"chin"},{"name":"EF/baby/reaf_side","bone":"reaf"},{"name":"EF/baby/R_cheak","bone":"head"},{"name":"EF/baby/flower","bone":"head"}],"skins":{"default":{"EF/baby/L_leg2":{"EF/baby/L_leg2":{"x":21.13,"y":3.55,"rotation":80.83,"width":30,"height":53}},"EF/baby/L_leg3":{"EF/baby/L_leg3":{"x":1.03,"y":0.71,"rotation":80.83,"width":33,"height":27}},"EF/baby/R_cheak":{"EF/baby/R_cheak":{"type":"weightedmesh","uvs":[1,0.51387,1,1,0,1,0,0.51239,0,0,1,0,0.50156,0.7876,0.45769,0.27545],"triangles":[6,7,0,3,7,6,2,3,6,6,0,1,2,6,1,3,4,7,7,4,5,7,5,0],"vertices":[1,6,5.65,-1.93,1,2,5,-23.62,-21.43,0.096,6,17.61,-24.75,0.904,2,5,-30.53,-7,0.17931,6,3.44,-32.18,0.82068,2,5,-7.22,4.15,0.34399,6,-8.55,-9.29,0.656,2,5,17.26,15.86,0.896,6,-21.16,14.75,0.10399,2,5,24.17,1.43,0.99999,6,-6.99,22.18,0,2,5,-16.91,-9.38,0.1748,6,5.32,-18.49,0.82519,2,5,7.26,2.96,0.74197,6,-7.89,5.21999,0.25802],"hull":6}},"EF/baby/R_leg2":{"EF/baby/R_leg2":{"x":18.72,"y":-6.95,"rotation":82.55,"width":49,"height":51}},"EF/baby/R_leg3":{"EF/baby/R_leg3":{"x":4.28,"y":-1.52,"rotation":79.06,"width":40,"height":34}},"EF/baby/body":{"EF/baby/body":{"x":23.77,"y":-0.5,"rotation":-64.44,"width":109,"height":118}},"EF/baby/body_down":{"EF/baby/body_down":{"x":8.56,"y":-3.52,"scaleX":0.838,"scaleY":0.838,"rotation":89.19,"width":66,"height":62}},"EF/baby/cheak":{"EF/baby/cheak":{"type":"weightedmesh","uvs":[1,0.43666,1,1,0,1,0,0.40185,0,0,1,0,0.59136,0.35212,0.59136,0.70023],"triangles":[6,5,0,6,4,5,3,4,6,7,6,0,3,6,7,2,3,7,7,0,1,2,7,1],"vertices":[2,6,42.37,19.56,0.376,5,19.75,-47.79,0.624,2,6,52.05,1.09,0.656,5,0.95,-56.78,0.34399,2,6,36.09999,-7.25,0.83199,5,-6.81,-40.55,0.168,2,6,25.83,12.34,0.344,5,13.14,-31,0.65599,2,6,18.93,25.51,0.27998,5,26.55,-24.58,0.72,2,6,34.87,33.87,0.256,5,34.32,-40.81,0.74399,2,6,34.4,18.91,0.39199,5,19.39,-39.8,0.60799,2,6,40.38,7.5,0.79199,5,7.78,-45.36,0.208],"hull":6}},"EF/baby/chin":{"EF/baby/chin":{"x":27.59,"y":-4.39,"rotation":27.68,"width":88,"height":59},"EF/baby/chin_re":{"x":27.73,"y":-13.41,"scaleX":0.95,"scaleY":0.8,"rotation":27.68,"width":102,"height":59}},"EF/baby/flower":{"EF/baby/flower":{"x":63.65,"y":-4.6,"rotation":-64.44,"width":52,"height":32}},"EF/baby/head_top":{"EF/baby/head_top":{"x":65.87,"y":23.37,"rotation":-64.44,"width":30,"height":34}},"EF/baby/reaf_front":{"EF/baby/reaf_front":{"x":12.64,"y":6.92,"scaleX":0.765,"scaleY":0.765,"rotation":99.9,"width":55,"height":53}},"EF/baby/reaf_side":{"EF/baby/reaf_side":{"x":13.19,"y":2.37,"rotation":151.58,"width":59,"height":43}},"EF/baby/tongue":{"EF/baby/tongue":{"type":"weightedmesh","uvs":[0,0.35668,0.34133,0.82408,0.9349,1,1,1,1,0.56847,0.68498,0,0,0,0.40827,0.1522,0.64927,0.46623,0.85457,0.72914],"triangles":[8,5,4,9,8,4,1,8,9,3,2,9,1,9,2,3,9,4,7,6,5,0,6,7,8,7,5,8,1,0,8,0,7],"vertices":[2,11,-10.18,-13.05,0.99029,12,-28.73,-11.07,0.0097,2,11,13.64,-16.16,0.19076,12,-5,-14.89,0.80923,1,12,25.5,-3.47,1,1,12,28.52,-1.67,1,2,11,39.11,10.05,0.03093,12,21.23,10.55,0.96906,2,11,14.69,16.74,0.85969,12,-2.98,17.95999,0.1403,1,11,-16.5,-3.12,1,1,11,4.78,4.48,1,2,11,21.32,2.73,0.37714,12,3.23,3.76,0.62285,2,11,35.34,1.36,0.00275,12,17.2,1.98,0.99724],"hull":7}},"EF/baby/tooth1":{"EF/baby/tooth1":{"x":26.88,"y":-20.55,"rotation":-64.44,"width":63,"height":53}},"EF/baby/tooth2":{"EF/baby/tooth2":{"x":16.24,"y":-5.69,"rotation":27.68,"width":61,"height":34}}}},"events":{"in":{}},"animations":{"front":{"slots":{"EF/baby/L_leg2":{"attachment":[{"time":0,"name":"EF/baby/L_leg2"}]},"EF/baby/L_leg3":{"attachment":[{"time":0,"name":"EF/baby/L_leg3"}]},"EF/baby/R_cheak":{"attachment":[{"time":0,"name":"EF/baby/R_cheak"}]},"EF/baby/R_leg2":{"attachment":[{"time":0,"name":"EF/baby/R_leg2"}]},"EF/baby/R_leg3":{"attachment":[{"time":0,"name":"EF/baby/R_leg3"}]},"EF/baby/body":{"attachment":[{"time":0,"name":"EF/baby/body"}]},"EF/baby/body_down":{"attachment":[{"time":0,"name":"EF/baby/body_down"}]},"EF/baby/cheak":{"attachment":[{"time":0,"name":"EF/baby/cheak"}]},"EF/baby/chin":{"attachment":[{"time":0,"name":"EF/baby/chin"}]},"EF/baby/flower":{"attachment":[{"time":0,"name":"EF/baby/flower"}]},"EF/baby/head_top":{"attachment":[{"time":0,"name":"EF/baby/head_top"}]},"EF/baby/reaf_front":{"attachment":[{"time":0,"name":"EF/baby/reaf_front"}]},"EF/baby/reaf_side":{"attachment":[{"time":0,"name":"EF/baby/reaf_side"}]},"EF/baby/tongue":{"attachment":[{"time":0,"name":"EF/baby/tongue"}]},"EF/baby/tooth1":{"attachment":[{"time":0,"name":"EF/baby/tooth1"}]},"EF/baby/tooth2":{"attachment":[{"time":0,"name":"EF/baby/tooth2"}]}},"bones":{"reaf":{"rotate":[{"time":0,"angle":0,"curve":[0.25,0,0.625,0.5]},{"time":0.3333,"angle":326.01,"curve":[0.375,0.5,0.75,1]},{"time":0.6666,"angle":0,"curve":[0.25,0,0.625,0.5]},{"time":1,"angle":328.89,"curve":[0.375,0.5,0.75,1]},{"time":1.3333,"angle":0}]},"head":{"rotate":[{"time":0,"angle":0},{"time":0.3333,"angle":-13.46},{"time":0.6666,"angle":0},{"time":1,"angle":-13.46},{"time":1.3333,"angle":0}]},"chin":{"rotate":[{"time":0,"angle":0},{"time":0.3333,"angle":7.16},{"time":0.6666,"angle":0},{"time":1,"angle":7.16},{"time":1.3333,"angle":0}],"scale":[{"time":0,"x":1,"y":0.9},{"time":0.3333,"x":1,"y":0.816},{"time":0.6666,"x":1,"y":0.9},{"time":1,"x":1,"y":0.816},{"time":1.3333,"x":1,"y":0.9}]},"tongue1":{"rotate":[{"time":0,"angle":0},{"time":0.2,"angle":24.67},{"time":0.4666,"angle":-17.42},{"time":0.6666,"angle":0},{"time":0.8666,"angle":24.67},{"time":1.1333,"angle":-17.42},{"time":1.3333,"angle":0}]},"tongue2":{"rotate":[{"time":0,"angle":0},{"time":0.2,"angle":-25.81},{"time":0.4666,"angle":41.01},{"time":0.6666,"angle":0},{"time":0.8666,"angle":-25.81},{"time":1.1333,"angle":41.01},{"time":1.3333,"angle":0}]},"R_leg1":{"rotate":[{"time":0,"angle":0},{"time":0.1,"angle":5.5},{"time":0.1666,"angle":-2.86},{"time":0.2666,"angle":-3.65},{"time":0.3333,"angle":0},{"time":0.4333,"angle":5.5},{"time":0.5,"angle":-2.86},{"time":0.6,"angle":-3.65},{"time":0.6666,"angle":0},{"time":0.7666,"angle":5.5},{"time":0.8333,"angle":-2.86},{"time":0.9333,"angle":-3.65},{"time":1,"angle":0},{"time":1.1,"angle":5.5},{"time":1.1666,"angle":-2.86},{"time":1.2666,"angle":-3.65},{"time":1.3333,"angle":0}],"translate":[{"time":0,"x":0,"y":0,"curve":[0.25,0,0.75,1]},{"time":0.1666,"x":1.76,"y":6.01,"curve":[0.25,0,0.75,1]},{"time":0.3333,"x":0,"y":0,"curve":[0.25,0,0.75,1]},{"time":0.5,"x":1.76,"y":6.01,"curve":[0.25,0,0.75,1]},{"time":0.6666,"x":0,"y":0,"curve":[0.25,0,0.75,1]},{"time":0.8333,"x":1.76,"y":6.01,"curve":[0.25,0,0.75,1]},{"time":1,"x":0,"y":0,"curve":[0.25,0,0.75,1]},{"time":1.1666,"x":1.76,"y":6.01,"curve":[0.25,0,0.75,1]},{"time":1.3333,"x":0,"y":0}]},"L_leg1":{"rotate":[{"time":0,"angle":0},{"time":0.1,"angle":-6.21},{"time":0.1666,"angle":0},{"time":0.2666,"angle":2.86},{"time":0.3333,"angle":0},{"time":0.4333,"angle":-6.21},{"time":0.5,"angle":0},{"time":0.6,"angle":2.86},{"time":0.6666,"angle":0},{"time":0.7666,"angle":-6.21},{"time":0.8333,"angle":0},{"time":0.9333,"angle":2.86},{"time":1,"angle":0},{"time":1.1,"angle":-6.21},{"time":1.1666,"angle":0},{"time":1.2666,"angle":2.86},{"time":1.3333,"angle":0}],"translate":[{"time":0,"x":0,"y":0,"curve":[0.25,0,0.75,1]},{"time":0.1666,"x":0,"y":4.86,"curve":[0.25,0,0.75,1]},{"time":0.3333,"x":0,"y":0,"curve":[0.25,0,0.75,1]},{"time":0.5,"x":0,"y":4.86,"curve":[0.25,0,0.75,1]},{"time":0.6666,"x":0,"y":0,"curve":[0.25,0,0.75,1]},{"time":0.8333,"x":0,"y":4.86,"curve":[0.25,0,0.75,1]},{"time":1,"x":0,"y":0,"curve":[0.25,0,0.75,1]},{"time":1.1666,"x":0,"y":4.86,"curve":[0.25,0,0.75,1]},{"time":1.3333,"x":0,"y":0}]},"body":{"translate":[{"time":0,"x":0,"y":0,"curve":[0.25,0,0.75,1]},{"time":0.1666,"x":0,"y":-5.43,"curve":[0.25,0,0.75,1]},{"time":0.3333,"x":0,"y":0,"curve":[0.25,0,0.75,1]},{"time":0.5,"x":0,"y":-5.43,"curve":[0.25,0,0.75,1]},{"time":0.6666,"x":0,"y":0,"curve":[0.25,0,0.75,1]},{"time":0.8333,"x":0,"y":-5.43,"curve":[0.25,0,0.75,1]},{"time":1,"x":0,"y":0,"curve":[0.25,0,0.75,1]},{"time":1.1666,"x":0,"y":-5.43,"curve":[0.25,0,0.75,1]},{"time":1.3333,"x":0,"y":0}]},"L_leg2":{"rotate":[{"time":0,"angle":0},{"time":0.0666,"angle":-2.01},{"time":0.1666,"angle":0},{"time":0.2333,"angle":3.7},{"time":0.3333,"angle":0},{"time":0.4,"angle":-2.01},{"time":0.5,"angle":0},{"time":0.5666,"angle":3.7},{"time":0.6666,"angle":0},{"time":0.7333,"angle":-2.01},{"time":0.8333,"angle":0},{"time":0.9,"angle":3.7},{"time":1,"angle":0},{"time":1.0666,"angle":-2.01},{"time":1.1666,"angle":0},{"time":1.2333,"angle":3.7},{"time":1.3333,"angle":0}]},"R_leg2":{"rotate":[{"time":0,"angle":0},{"time":0.1,"angle":3.65},{"time":0.1666,"angle":0},{"time":0.2666,"angle":-1.9},{"time":0.3333,"angle":0},{"time":0.4333,"angle":3.65},{"time":0.5,"angle":0},{"time":0.6,"angle":-1.9},{"time":0.6666,"angle":0},{"time":0.7666,"angle":3.65},{"time":0.8333,"angle":0},{"time":0.9333,"angle":-1.9},{"time":1,"angle":0},{"time":1.1,"angle":3.65},{"time":1.1666,"angle":0},{"time":1.2666,"angle":-1.9},{"time":1.3333,"angle":0}]},"MAIN":{"translate":[{"time":0,"x":0,"y":0,"curve":[0.222,0.29,0.75,1]},{"time":0.2333,"x":0,"y":38.3,"curve":[0.47,0.28,0.672,0.89]},{"time":0.3333,"x":0,"y":0,"curve":[0.222,0.29,0.75,1]},{"time":0.5666,"x":0,"y":38.3,"curve":[0.47,0.28,0.672,0.89]},{"time":0.6666,"x":0,"y":0,"curve":[0.222,0.29,0.75,1]},{"time":0.9,"x":0,"y":38.3,"curve":[0.47,0.28,0.672,0.89]},{"time":1,"x":0,"y":0,"curve":[0.222,0.29,0.75,1]},{"time":1.2333,"x":0,"y":38.3,"curve":[0.47,0.28,0.672,0.89]},{"time":1.3333,"x":0,"y":0}]}}},"idle":{"slots":{"EF/baby/L_leg2":{"attachment":[{"time":0,"name":"EF/baby/L_leg2"}]},"EF/baby/L_leg3":{"attachment":[{"time":0,"name":"EF/baby/L_leg3"}]},"EF/baby/R_cheak":{"attachment":[{"time":0,"name":"EF/baby/R_cheak"}]},"EF/baby/R_leg2":{"attachment":[{"time":0,"name":"EF/baby/R_leg2"}]},"EF/baby/R_leg3":{"attachment":[{"time":0,"name":"EF/baby/R_leg3"}]},"EF/baby/body":{"attachment":[{"time":0,"name":"EF/baby/body"}]},"EF/baby/body_down":{"attachment":[{"time":0,"name":"EF/baby/body_down"}]},"EF/baby/cheak":{"attachment":[{"time":0,"name":"EF/baby/cheak"}]},"EF/baby/chin":{"attachment":[{"time":0,"name":"EF/baby/chin"}]},"EF/baby/flower":{"attachment":[{"time":0,"name":"EF/baby/flower"}]},"EF/baby/head_top":{"attachment":[{"time":0,"name":"EF/baby/head_top"}]},"EF/baby/reaf_front":{"attachment":[{"time":0,"name":"EF/baby/reaf_front"}]},"EF/baby/reaf_side":{"attachment":[{"time":0,"name":"EF/baby/reaf_side"}]},"EF/baby/tongue":{"attachment":[{"time":0,"name":"EF/baby/tongue"}]},"EF/baby/tooth1":{"attachment":[{"time":0,"name":"EF/baby/tooth1"}]},"EF/baby/tooth2":{"attachment":[{"time":0,"name":"EF/baby/tooth2"}]}},"bones":{"R_leg1":{"rotate":[{"time":0,"angle":0},{"time":0.3,"angle":-2.86},{"time":0.6,"angle":0}],"translate":[{"time":0,"x":0,"y":0,"curve":[0.25,0,0.75,1]},{"time":0.3,"x":1.76,"y":5.19,"curve":[0.25,0,0.75,1]},{"time":0.6,"x":0,"y":0}]},"chin":{"rotate":[{"time":0,"angle":0},{"time":0.3,"angle":7.77},{"time":0.6,"angle":0}],"scale":[{"time":0,"x":1,"y":0.9},{"time":0.3,"x":1,"y":0.9},{"time":0.6,"x":1,"y":0.9}]},"tongue1":{"rotate":[{"time":0,"angle":0},{"time":0.2,"angle":24.67},{"time":0.4,"angle":-17.42},{"time":0.6,"angle":0}]},"reaf_front":{"rotate":[{"time":0,"angle":0},{"time":0.3,"angle":8.57},{"time":0.6,"angle":0}]},"head":{"rotate":[{"time":0,"angle":0},{"time":0.3,"angle":-9.74},{"time":0.6,"angle":0}]},"L_leg1":{"translate":[{"time":0,"x":0,"y":0,"curve":[0.25,0,0.75,1]},{"time":0.3,"x":0,"y":5.41,"curve":[0.25,0,0.75,1]},{"time":0.6,"x":0,"y":0}]},"reaf":{"rotate":[{"time":0,"angle":0},{"time":0.3,"angle":-23.3},{"time":0.6,"angle":0}]},"R_leg2":{"rotate":[{"time":0,"angle":0},{"time":0.3,"angle":3.76},{"time":0.6,"angle":0}]},"body":{"translate":[{"time":0,"x":0,"y":0,"curve":[0.25,0,0.75,1]},{"time":0.3,"x":0,"y":-5.43,"curve":[0.25,0,0.75,1]},{"time":0.6,"x":0,"y":0}]},"tongue2":{"rotate":[{"time":0,"angle":0},{"time":0.2,"angle":-25.81},{"time":0.4,"angle":41.01},{"time":0.6,"angle":0}]}}},"jump":{"slots":{"EF/baby/L_leg2":{"attachment":[{"time":0,"name":"EF/baby/L_leg2"}]},"EF/baby/L_leg3":{"attachment":[{"time":0,"name":"EF/baby/L_leg3"}]},"EF/baby/R_cheak":{"attachment":[{"time":0,"name":"EF/baby/R_cheak"}]},"EF/baby/R_leg2":{"attachment":[{"time":0,"name":"EF/baby/R_leg2"}]},"EF/baby/R_leg3":{"attachment":[{"time":0,"name":"EF/baby/R_leg3"}]},"EF/baby/body":{"attachment":[{"time":0,"name":"EF/baby/body"}]},"EF/baby/body_down":{"attachment":[{"time":0,"name":"EF/baby/body_down"}]},"EF/baby/cheak":{"attachment":[{"time":0,"name":"EF/baby/cheak"}]},"EF/baby/chin":{"attachment":[{"time":0,"name":"EF/baby/chin"}]},"EF/baby/flower":{"attachment":[{"time":0,"name":"EF/baby/flower"}]},"EF/baby/head_top":{"attachment":[{"time":0,"name":"EF/baby/head_top"}]},"EF/baby/reaf_front":{"attachment":[{"time":0,"name":"EF/baby/reaf_front"}]},"EF/baby/reaf_side":{"attachment":[{"time":0,"name":"EF/baby/reaf_side"}]},"EF/baby/tongue":{"attachment":[{"time":0,"name":"EF/baby/tongue"}]},"EF/baby/tooth1":{"attachment":[{"time":0,"name":"EF/baby/tooth1"}]},"EF/baby/tooth2":{"attachment":[{"time":0,"name":"EF/baby/tooth2"}]}},"bones":{"reaf":{"rotate":[{"time":0,"angle":0,"curve":[0.278,0,0.621,0.39]},{"time":0.2333,"angle":330.15,"curve":[0.311,0.26,0.655,0.63]},{"time":0.5,"angle":0,"curve":[0.278,0,0.621,0.39]},{"time":0.7666,"angle":330.15,"curve":[0.311,0.26,0.655,0.63]},{"time":1,"angle":0}]},"head":{"rotate":[{"time":0,"angle":0},{"time":0.5,"angle":-13.46},{"time":1,"angle":0}]},"chin":{"rotate":[{"time":0,"angle":0},{"time":0.5,"angle":7.16},{"time":1,"angle":0}],"scale":[{"time":0,"x":1,"y":0.9},{"time":0.5,"x":1,"y":0.816},{"time":1,"x":1,"y":0.9}]},"tongue1":{"rotate":[{"time":0,"angle":0},{"time":0.3,"angle":24.67},{"time":0.7,"angle":-17.42},{"time":1,"angle":0}]},"tongue2":{"rotate":[{"time":0,"angle":0},{"time":0.3,"angle":-25.81},{"time":0.7,"angle":41.01},{"time":1,"angle":0}]},"R_leg1":{"rotate":[{"time":0,"angle":0},{"time":0.2333,"angle":-2.86,"curve":[0.25,0,0.8,0.57]},{"time":0.4,"angle":-3.65},{"time":0.5,"angle":0},{"time":0.7333,"angle":-2.86,"curve":[0.25,0,0.805,0.53]},{"time":0.9,"angle":-3.65},{"time":1,"angle":0}],"translate":[{"time":0,"x":0,"y":0,"curve":[0.26,0,0.617,0.44]},{"time":0.1,"x":0.59,"y":15.6,"curve":[0.203,0.81,0.755,1]},{"time":0.2333,"x":1.76,"y":-5.46,"curve":[0.25,0,0.8,0.57]},{"time":0.5,"x":0,"y":0,"curve":[0.25,0,0.75,1]},{"time":0.6,"x":0.59,"y":15.6,"curve":[0.161,0.79,0.755,1]},{"time":0.7333,"x":1.76,"y":-5.46,"curve":[0.25,0,0.805,0.53]},{"time":1,"x":0,"y":0}]},"L_leg1":{"rotate":[{"time":0,"angle":0,"curve":"stepped"},{"time":0.2333,"angle":0,"curve":[0.25,0,0.8,0.57]},{"time":0.4,"angle":2.86},{"time":0.5,"angle":0,"curve":"stepped"},{"time":0.7333,"angle":0,"curve":[0.25,0,0.805,0.53]},{"time":0.9,"angle":2.86},{"time":1,"angle":0}],"translate":[{"time":0,"x":0,"y":0,"curve":[0.26,0,0.617,0.44]},{"time":0.1,"x":0,"y":16.5,"curve":[0.203,0.81,0.755,1]},{"time":0.2333,"x":0,"y":-6.61,"curve":[0.25,0,0.8,0.57]},{"time":0.5,"x":0,"y":0,"curve":[0.25,0,0.75,1]},{"time":0.6,"x":0,"y":16.5,"curve":[0.161,0.79,0.755,1]},{"time":0.7333,"x":0,"y":-6.61,"curve":[0.25,0,0.805,0.53]},{"time":1,"x":0,"y":0}]},"body":{"translate":[{"time":0,"x":0,"y":0,"curve":[0.25,0,0.75,1]},{"time":0.2666,"x":0,"y":-5.43,"curve":[0.25,0,0.75,1]},{"time":0.5,"x":0,"y":0,"curve":[0.25,0,0.75,1]},{"time":0.7666,"x":0,"y":-5.43,"curve":[0.25,0,0.75,1]},{"time":1,"x":0,"y":0}]},"L_leg2":{"rotate":[{"time":0,"angle":0},{"time":0.1,"angle":-2.01},{"time":0.2666,"angle":-13.22},{"time":0.3666,"angle":-8.86},{"time":0.5,"angle":0},{"time":0.6,"angle":-2.01},{"time":0.7666,"angle":-13.22},{"time":0.8666,"angle":-8.86},{"time":1,"angle":0}]},"R_leg2":{"rotate":[{"time":0,"angle":4.88},{"time":0.1,"angle":7.91},{"time":0.1666,"angle":7.28},{"time":0.2666,"angle":4.4},{"time":0.4,"angle":-1.9},{"time":0.5,"angle":4.88},{"time":0.6,"angle":7.91},{"time":0.6666,"angle":7.28},{"time":0.7666,"angle":4.4},{"time":0.9,"angle":-1.9},{"time":1,"angle":4.88}]},"MAIN":{"translate":[{"time":0,"x":0,"y":0,"curve":[0.254,0.25,0.604,0.61]},{"time":0.1,"x":0,"y":-12.06,"curve":[0.259,0.71,0.761,1]},{"time":0.3666,"x":0,"y":38.3,"curve":[0.485,0.17,0.672,0.89]},{"time":0.5,"x":0,"y":0,"curve":[0.254,0.25,0.604,0.61]},{"time":0.6,"x":0,"y":-12.06,"curve":[0.259,0.71,0.761,1]},{"time":0.8666,"x":0,"y":38.3,"curve":[0.485,0.17,0.672,0.89]},{"time":1,"x":0,"y":0}]}}}}}