{"skeleton":{"hash":"QvWK4+pst8H+xiKpgnq2VayVRcE","spine":"3.0.12","width":500,"height":500},"bones":[{"name":"root"},{"name":"ef","parent":"root","scaleX":2,"scaleY":2},{"name":"magic","parent":"ef"},{"name":"ef_wave_B_yellow4","parent":"ef","x":-350},{"name":"ef_wave_B_yellow3","parent":"ef","x":-350},{"name":"ef_wave_B_yellow2","parent":"ef","x":-350},{"name":"ef_wave_B_yellow","parent":"ef","x":-350},{"name":"ef_wave_A_yellow2","parent":"ef","x":-300},{"name":"ef_wave_A_yellow","parent":"ef","x":-300},{"name":"ef_slash_star_main4","parent":"ef","x":-150},{"name":"ef_slash_star_main3","parent":"ef","x":-150},{"name":"ef_slash_star_main2","parent":"ef","x":-150},{"name":"ef_slash_star_main","parent":"ef","x":-150},{"name":"ef_slash_main_bule","parent":"ef","x":-150},{"name":"ef_slash_main4","parent":"ef","x":-100},{"name":"ef_slash_main3","parent":"ef","x":-100},{"name":"ef_slash_main2","parent":"ef","x":-100},{"name":"ef_slash_main","parent":"ef","x":-100},{"name":"ef_sink_ball_yellow","parent":"ef","x":-250},{"name":"ef_graund_wave_A2","parent":"ef","x":-200},{"name":"ef_graund_wave_A","parent":"ef","x":-200},{"name":"ef_flash_spike","parent":"ef","x":-50},{"name":"ef_energy_A_yellow","parent":"ef","x":-400},{"name":"MAIN","parent":"root","y":50,"scaleX":2,"scaleY":2},{"name":"HITBOX","parent":"MAIN","y":-25},{"name":"EF","parent":"MAIN"},{"name":"DAMAGEAREA","parent":"root"}],"slots":[{"name":"EF/0h/magic/5100_S2_magic1d","bone":"magic","blend":"additive"},{"name":"EF/0h/magic/magic_4light","bone":"magic","blend":"additive"},{"name":"EF/0h/S2_wave1/5140_S2_wave1_00002","bone":"ef_graund_wave_A","blend":"additive"},{"name":"EF/0h/S2_wave1/5140_S2_wave1_2","bone":"ef_graund_wave_A2","blend":"additive"},{"name":"MAIN","bone":"MAIN","attachment":"idle_00"},{"name":"EF","bone":"EF","blend":"additive"},{"name":"EF/0h/a1_energy_A_yellow/ef_energy_A_yellow_00001","bone":"ef_energy_A_yellow","blend":"additive"},{"name":"EF/0h/ef_slash_main/ef_slash_main_00001","bone":"ef_slash_main","blend":"additive"},{"name":"EF/0h/ef_slash_main/ef_slash_main_1","bone":"ef_slash_main2","blend":"additive"},{"name":"EF/0h/ef_slash_main/ef_slash_main_2","bone":"ef_slash_main3","blend":"additive"},{"name":"EF/0h/ef_slash_main/ef_slash_main_3","bone":"ef_slash_main4","blend":"additive"},{"name":"EF/0h/ef_slash_main_bule/ef_slash_main 2_00001","bone":"ef_slash_main_bule","blend":"additive"},{"name":"EF/0h/ef_slash_star_main/ef_slash_star_main_00002","bone":"ef_slash_star_main","blend":"additive"},{"name":"EF/0h/ef_slash_star_main/ef_slash_star_main_2","bone":"ef_slash_star_main2","blend":"additive"},{"name":"EF/0h/ef_slash_star_main/ef_slash_star_main_3","bone":"ef_slash_star_main3","blend":"additive"},{"name":"EF/0h/ef_slash_star_main/ef_slash_star_main_4","bone":"ef_slash_star_main4","blend":"additive"},{"name":"EF/0h/s123_sink_ball_yellow/ef_sink_ball_yellow_00001","bone":"ef_sink_ball_yellow","blend":"additive"},{"name":"EF/0h/s123_sink_ball_yellow/ef_sink_ball_yellow_1","bone":"ef_sink_ball_yellow","blend":"additive"},{"name":"EF/0h/s123_wave_A_yellow/ef_wave_A_yellow_00001","bone":"ef_wave_A_yellow","blend":"additive"},{"name":"EF/0h/s123_wave_A_yellow/ef_wave_A_yellow_1","bone":"ef_wave_A_yellow2","blend":"additive"},{"name":"EF/0h/s1_wave_B_yellow/ef_wave_B_yellow_00001","bone":"ef_wave_B_yellow","blend":"additive"},{"name":"EF/0h/s1_wave_B_yellow/ef_wave_B_yellow_1","bone":"ef_wave_B_yellow2","blend":"additive"},{"name":"EF/0h/s1_wave_B_yellow/ef_wave_B_yellow_2","bone":"ef_wave_B_yellow3","blend":"additive"},{"name":"EF/0h/s1_wave_B_yellow/ef_wave_B_yellow_3","bone":"ef_wave_B_yellow4","blend":"additive"},{"name":"EF/0h/s1ef_flash_spike_main/ef_flash_spike_main_00001","bone":"ef_flash_spike","blend":"additive"},{"name":"DAMAGEARE","bone":"DAMAGEAREA"},{"name":"HITBOX","bone":"HITBOX","attachment":"HITBOX"}],"skins":{"default":{"DAMAGEARE":{"DAMAGEAREA":{"type":"boundingbox","vertices":[-64.11857,63.41455,-64.11857,-64.56543,63.32142,-64.56543,63.32142,63.41455]}},"EF":{"EF/EF_attack1_04":{"x":-7.05,"y":7.05,"width":250,"height":250},"EF/EF_attack1_07":{"x":-5.8,"y":6.43,"width":250,"height":250},"EF/EF_skill2_01":{"x":-12.24,"y":-2.07,"width":250,"height":250},"EF/EF_skill2_04":{"x":-0.46,"y":2.57,"width":250,"height":250},"EF/EF_skill2_05":{"x":-8.67,"y":8.67,"width":250,"height":250},"EF/EF_skill3_00":{"x":-3.51,"y":7.26,"width":250,"height":250}},"EF/0h/S2_wave1/5140_S2_wave1_00002":{"EF/0h/S2_wave1/5140_S2_wave1_00002":{"x":-5,"y":13.83,"width":500,"height":500},"EF/0h/S2_wave1/5140_S2_wave1_00003":{"x":-5,"y":13.83,"width":500,"height":500},"EF/0h/S2_wave1/5140_S2_wave1_00004":{"x":-5,"y":13.83,"width":500,"height":500},"EF/0h/S2_wave1/5140_S2_wave1_00005":{"x":-5,"y":13.83,"width":500,"height":500},"EF/0h/S2_wave1/5140_S2_wave1_00006":{"x":-5,"y":13.83,"width":500,"height":500},"EF/0h/S2_wave1/5140_S2_wave1_00007":{"x":-5,"y":13.83,"width":500,"height":500},"EF/0h/S2_wave1/5140_S2_wave1_00008":{"x":-5,"y":13.83,"width":500,"height":500},"EF/0h/S2_wave1/5140_S2_wave1_00009":{"x":-5,"y":13.83,"width":500,"height":500}},"EF/0h/S2_wave1/5140_S2_wave1_2":{"EF/0h/S2_wave1/5140_S2_wave1_00002":{"x":-5,"y":13.83,"width":500,"height":500},"EF/0h/S2_wave1/5140_S2_wave1_00003":{"x":-5,"y":13.83,"width":500,"height":500},"EF/0h/S2_wave1/5140_S2_wave1_00004":{"x":-5,"y":13.83,"width":500,"height":500},"EF/0h/S2_wave1/5140_S2_wave1_00005":{"x":-5,"y":13.83,"width":500,"height":500},"EF/0h/S2_wave1/5140_S2_wave1_00006":{"x":-5,"y":13.83,"width":500,"height":500},"EF/0h/S2_wave1/5140_S2_wave1_00007":{"x":-5,"y":13.83,"width":500,"height":500},"EF/0h/S2_wave1/5140_S2_wave1_00008":{"x":-5,"y":13.83,"width":500,"height":500},"EF/0h/S2_wave1/5140_S2_wave1_00009":{"x":-5,"y":13.83,"width":500,"height":500}},"EF/0h/a1_energy_A_yellow/ef_energy_A_yellow_00001":{"EF/0h/a1_energy_A_yellow/ef_energy_A_yellow_00001":{"width":500,"height":500},"EF/0h/a1_energy_A_yellow/ef_energy_A_yellow_00002":{"width":500,"height":500},"EF/0h/a1_energy_A_yellow/ef_energy_A_yellow_00003":{"width":500,"height":500},"EF/0h/a1_energy_A_yellow/ef_energy_A_yellow_00004":{"width":500,"height":500}},"EF/0h/ef_slash_main/ef_slash_main_00001":{"EF/0h/ef_slash_main/ef_slash_main_00001":{"width":200,"height":150},"EF/0h/ef_slash_main/ef_slash_main_00002":{"width":200,"height":150},"EF/0h/ef_slash_main/ef_slash_main_00003":{"width":200,"height":150},"EF/0h/ef_slash_main/ef_slash_main_00004":{"width":200,"height":150},"EF/0h/ef_slash_main/ef_slash_main_00005":{"width":200,"height":150},"EF/0h/ef_slash_main/ef_slash_main_00006":{"width":200,"height":150},"EF/0h/ef_slash_main/ef_slash_main_00007":{"width":200,"height":150},"EF/0h/ef_slash_main/ef_slash_main_00008":{"width":200,"height":150},"EF/0h/ef_slash_main/ef_slash_main_00009":{"width":200,"height":150},"EF/0h/ef_slash_main/ef_slash_main_00010":{"width":200,"height":150},"EF/0h/ef_slash_main/ef_slash_main_00011":{"width":200,"height":150},"EF/0h/ef_slash_main/ef_slash_main_00012":{"width":200,"height":150},"EF/0h/ef_slash_main/ef_slash_main_00013":{"width":200,"height":150},"EF/0h/ef_slash_main/ef_slash_main_00014":{"width":200,"height":150},"EF/0h/ef_slash_main/ef_slash_main_00015":{"width":200,"height":150},"EF/0h/ef_slash_main/ef_slash_main_00016":{"width":200,"height":150}},"EF/0h/ef_slash_main/ef_slash_main_1":{"EF/0h/ef_slash_main/ef_slash_main_00001":{"width":200,"height":150},"EF/0h/ef_slash_main/ef_slash_main_00002":{"width":200,"height":150},"EF/0h/ef_slash_main/ef_slash_main_00003":{"width":200,"height":150},"EF/0h/ef_slash_main/ef_slash_main_00004":{"width":200,"height":150},"EF/0h/ef_slash_main/ef_slash_main_00005":{"width":200,"height":150},"EF/0h/ef_slash_main/ef_slash_main_00006":{"width":200,"height":150},"EF/0h/ef_slash_main/ef_slash_main_00007":{"width":200,"height":150},"EF/0h/ef_slash_main/ef_slash_main_00008":{"width":200,"height":150},"EF/0h/ef_slash_main/ef_slash_main_00009":{"width":200,"height":150},"EF/0h/ef_slash_main/ef_slash_main_00010":{"width":200,"height":150},"EF/0h/ef_slash_main/ef_slash_main_00011":{"width":200,"height":150},"EF/0h/ef_slash_main/ef_slash_main_00012":{"width":200,"height":150},"EF/0h/ef_slash_main/ef_slash_main_00013":{"width":200,"height":150},"EF/0h/ef_slash_main/ef_slash_main_00014":{"width":200,"height":150},"EF/0h/ef_slash_main/ef_slash_main_00015":{"width":200,"height":150},"EF/0h/ef_slash_main/ef_slash_main_00016":{"width":200,"height":150}},"EF/0h/ef_slash_main/ef_slash_main_2":{"EF/0h/ef_slash_main/ef_slash_main_00001":{"width":200,"height":150},"EF/0h/ef_slash_main/ef_slash_main_00002":{"width":200,"height":150},"EF/0h/ef_slash_main/ef_slash_main_00003":{"width":200,"height":150},"EF/0h/ef_slash_main/ef_slash_main_00004":{"width":200,"height":150},"EF/0h/ef_slash_main/ef_slash_main_00005":{"width":200,"height":150},"EF/0h/ef_slash_main/ef_slash_main_00006":{"width":200,"height":150},"EF/0h/ef_slash_main/ef_slash_main_00007":{"width":200,"height":150},"EF/0h/ef_slash_main/ef_slash_main_00008":{"width":200,"height":150},"EF/0h/ef_slash_main/ef_slash_main_00009":{"width":200,"height":150},"EF/0h/ef_slash_main/ef_slash_main_00010":{"width":200,"height":150},"EF/0h/ef_slash_main/ef_slash_main_00011":{"width":200,"height":150},"EF/0h/ef_slash_main/ef_slash_main_00012":{"width":200,"height":150},"EF/0h/ef_slash_main/ef_slash_main_00013":{"width":200,"height":150},"EF/0h/ef_slash_main/ef_slash_main_00014":{"width":200,"height":150},"EF/0h/ef_slash_main/ef_slash_main_00015":{"width":200,"height":150},"EF/0h/ef_slash_main/ef_slash_main_00016":{"width":200,"height":150}},"EF/0h/ef_slash_main/ef_slash_main_3":{"EF/0h/ef_slash_main/ef_slash_main_00001":{"width":200,"height":150},"EF/0h/ef_slash_main/ef_slash_main_00002":{"width":200,"height":150},"EF/0h/ef_slash_main/ef_slash_main_00003":{"width":200,"height":150},"EF/0h/ef_slash_main/ef_slash_main_00004":{"width":200,"height":150},"EF/0h/ef_slash_main/ef_slash_main_00005":{"width":200,"height":150},"EF/0h/ef_slash_main/ef_slash_main_00006":{"width":200,"height":150},"EF/0h/ef_slash_main/ef_slash_main_00007":{"width":200,"height":150},"EF/0h/ef_slash_main/ef_slash_main_00008":{"width":200,"height":150},"EF/0h/ef_slash_main/ef_slash_main_00009":{"width":200,"height":150},"EF/0h/ef_slash_main/ef_slash_main_00010":{"width":200,"height":150},"EF/0h/ef_slash_main/ef_slash_main_00011":{"width":200,"height":150},"EF/0h/ef_slash_main/ef_slash_main_00012":{"width":200,"height":150},"EF/0h/ef_slash_main/ef_slash_main_00013":{"width":200,"height":150},"EF/0h/ef_slash_main/ef_slash_main_00014":{"width":200,"height":150},"EF/0h/ef_slash_main/ef_slash_main_00015":{"width":200,"height":150},"EF/0h/ef_slash_main/ef_slash_main_00016":{"width":200,"height":150}},"EF/0h/ef_slash_main_bule/ef_slash_main 2_00001":{"EF/0h/ef_slash_main_bule/ef_slash_main 2_00001":{"x":50,"width":200,"height":150},"EF/0h/ef_slash_main_bule/ef_slash_main 2_00002":{"x":50,"width":200,"height":150},"EF/0h/ef_slash_main_bule/ef_slash_main 2_00003":{"x":50,"width":200,"height":150},"EF/0h/ef_slash_main_bule/ef_slash_main 2_00004":{"x":50,"width":200,"height":150},"EF/0h/ef_slash_main_bule/ef_slash_main 2_00005":{"x":50,"width":200,"height":150},"EF/0h/ef_slash_main_bule/ef_slash_main 2_00006":{"x":50,"width":200,"height":150},"EF/0h/ef_slash_main_bule/ef_slash_main 2_00007":{"x":50,"width":200,"height":150},"EF/0h/ef_slash_main_bule/ef_slash_main 2_00008":{"x":50,"width":200,"height":150},"EF/0h/ef_slash_main_bule/ef_slash_main 2_00009":{"x":50,"width":200,"height":150},"EF/0h/ef_slash_main_bule/ef_slash_main 2_00010":{"x":50,"width":200,"height":150},"EF/0h/ef_slash_main_bule/ef_slash_main 2_00011":{"x":50,"width":200,"height":150},"EF/0h/ef_slash_main_bule/ef_slash_main 2_00012":{"x":50,"width":200,"height":150},"EF/0h/ef_slash_main_bule/ef_slash_main 2_00013":{"x":50,"width":200,"height":150},"EF/0h/ef_slash_main_bule/ef_slash_main 2_00014":{"x":50,"width":200,"height":150},"EF/0h/ef_slash_main_bule/ef_slash_main 2_00015":{"x":50,"width":200,"height":150},"EF/0h/ef_slash_main_bule/ef_slash_main 2_00016":{"x":50,"width":200,"height":150}},"EF/0h/ef_slash_star_main/ef_slash_star_main_00002":{"EF/0h/ef_slash_star_main/ef_slash_star_main_00002":{"width":200,"height":150},"EF/0h/ef_slash_star_main/ef_slash_star_main_00003":{"width":200,"height":150},"EF/0h/ef_slash_star_main/ef_slash_star_main_00004":{"width":200,"height":150},"EF/0h/ef_slash_star_main/ef_slash_star_main_00005":{"width":200,"height":150},"EF/0h/ef_slash_star_main/ef_slash_star_main_00006":{"width":200,"height":150},"EF/0h/ef_slash_star_main/ef_slash_star_main_00007":{"width":200,"height":150},"EF/0h/ef_slash_star_main/ef_slash_star_main_00008":{"width":200,"height":150},"EF/0h/ef_slash_star_main/ef_slash_star_main_00009":{"width":200,"height":150},"EF/0h/ef_slash_star_main/ef_slash_star_main_00010":{"width":200,"height":150},"EF/0h/ef_slash_star_main/ef_slash_star_main_00011":{"width":200,"height":150},"EF/0h/ef_slash_star_main/ef_slash_star_main_00012":{"width":200,"height":150},"EF/0h/ef_slash_star_main/ef_slash_star_main_00013":{"width":200,"height":150},"EF/0h/ef_slash_star_main/ef_slash_star_main_00014":{"width":200,"height":150},"EF/0h/ef_slash_star_main/ef_slash_star_main_00015":{"width":200,"height":150},"EF/0h/ef_slash_star_main/ef_slash_star_main_00016":{"width":200,"height":150},"EF/0h/ef_slash_star_main/ef_slash_star_main_00017":{"width":200,"height":150},"EF/0h/ef_slash_star_main/ef_slash_star_main_00018":{"width":200,"height":150}},"EF/0h/ef_slash_star_main/ef_slash_star_main_2":{"EF/0h/ef_slash_star_main/ef_slash_star_main_00002":{"width":200,"height":150},"EF/0h/ef_slash_star_main/ef_slash_star_main_00003":{"width":200,"height":150},"EF/0h/ef_slash_star_main/ef_slash_star_main_00004":{"width":200,"height":150},"EF/0h/ef_slash_star_main/ef_slash_star_main_00005":{"width":200,"height":150},"EF/0h/ef_slash_star_main/ef_slash_star_main_00006":{"width":200,"height":150},"EF/0h/ef_slash_star_main/ef_slash_star_main_00007":{"width":200,"height":150},"EF/0h/ef_slash_star_main/ef_slash_star_main_00008":{"width":200,"height":150},"EF/0h/ef_slash_star_main/ef_slash_star_main_00009":{"width":200,"height":150},"EF/0h/ef_slash_star_main/ef_slash_star_main_00010":{"width":200,"height":150},"EF/0h/ef_slash_star_main/ef_slash_star_main_00011":{"width":200,"height":150},"EF/0h/ef_slash_star_main/ef_slash_star_main_00012":{"width":200,"height":150},"EF/0h/ef_slash_star_main/ef_slash_star_main_00013":{"width":200,"height":150},"EF/0h/ef_slash_star_main/ef_slash_star_main_00014":{"width":200,"height":150},"EF/0h/ef_slash_star_main/ef_slash_star_main_00015":{"width":200,"height":150},"EF/0h/ef_slash_star_main/ef_slash_star_main_00016":{"width":200,"height":150},"EF/0h/ef_slash_star_main/ef_slash_star_main_00017":{"width":200,"height":150},"EF/0h/ef_slash_star_main/ef_slash_star_main_00018":{"width":200,"height":150}},"EF/0h/ef_slash_star_main/ef_slash_star_main_3":{"EF/0h/ef_slash_star_main/ef_slash_star_main_00002":{"width":200,"height":150},"EF/0h/ef_slash_star_main/ef_slash_star_main_00003":{"width":200,"height":150},"EF/0h/ef_slash_star_main/ef_slash_star_main_00004":{"width":200,"height":150},"EF/0h/ef_slash_star_main/ef_slash_star_main_00005":{"width":200,"height":150},"EF/0h/ef_slash_star_main/ef_slash_star_main_00006":{"width":200,"height":150},"EF/0h/ef_slash_star_main/ef_slash_star_main_00007":{"width":200,"height":150},"EF/0h/ef_slash_star_main/ef_slash_star_main_00008":{"width":200,"height":150},"EF/0h/ef_slash_star_main/ef_slash_star_main_00009":{"width":200,"height":150},"EF/0h/ef_slash_star_main/ef_slash_star_main_00010":{"width":200,"height":150},"EF/0h/ef_slash_star_main/ef_slash_star_main_00011":{"width":200,"height":150},"EF/0h/ef_slash_star_main/ef_slash_star_main_00012":{"width":200,"height":150},"EF/0h/ef_slash_star_main/ef_slash_star_main_00013":{"width":200,"height":150},"EF/0h/ef_slash_star_main/ef_slash_star_main_00014":{"width":200,"height":150},"EF/0h/ef_slash_star_main/ef_slash_star_main_00015":{"width":200,"height":150},"EF/0h/ef_slash_star_main/ef_slash_star_main_00016":{"width":200,"height":150},"EF/0h/ef_slash_star_main/ef_slash_star_main_00017":{"width":200,"height":150},"EF/0h/ef_slash_star_main/ef_slash_star_main_00018":{"width":200,"height":150}},"EF/0h/ef_slash_star_main/ef_slash_star_main_4":{"EF/0h/ef_slash_star_main/ef_slash_star_main_00002":{"width":200,"height":150},"EF/0h/ef_slash_star_main/ef_slash_star_main_00003":{"width":200,"height":150},"EF/0h/ef_slash_star_main/ef_slash_star_main_00004":{"width":200,"height":150},"EF/0h/ef_slash_star_main/ef_slash_star_main_00005":{"width":200,"height":150},"EF/0h/ef_slash_star_main/ef_slash_star_main_00006":{"width":200,"height":150},"EF/0h/ef_slash_star_main/ef_slash_star_main_00007":{"width":200,"height":150},"EF/0h/ef_slash_star_main/ef_slash_star_main_00008":{"width":200,"height":150},"EF/0h/ef_slash_star_main/ef_slash_star_main_00009":{"width":200,"height":150},"EF/0h/ef_slash_star_main/ef_slash_star_main_00010":{"width":200,"height":150},"EF/0h/ef_slash_star_main/ef_slash_star_main_00011":{"width":200,"height":150},"EF/0h/ef_slash_star_main/ef_slash_star_main_00012":{"width":200,"height":150},"EF/0h/ef_slash_star_main/ef_slash_star_main_00013":{"width":200,"height":150},"EF/0h/ef_slash_star_main/ef_slash_star_main_00014":{"width":200,"height":150},"EF/0h/ef_slash_star_main/ef_slash_star_main_00015":{"width":200,"height":150},"EF/0h/ef_slash_star_main/ef_slash_star_main_00016":{"width":200,"height":150},"EF/0h/ef_slash_star_main/ef_slash_star_main_00017":{"width":200,"height":150},"EF/0h/ef_slash_star_main/ef_slash_star_main_00018":{"width":200,"height":150}},"EF/0h/magic/5100_S2_magic1d":{"EF/0h/magic/5100_S2_magic1d":{"type":"mesh","uvs":[1,1,0,1,0,0,1,0],"triangles":[1,2,3,1,3,0],"vertices":[191.61,-191.61,-191.61,-191.61,-191.61,191.61,191.61,191.61],"hull":4}},"EF/0h/magic/magic_4light":{"EF/0h/magic/magic_4light":{"type":"mesh","uvs":[1,1,0,1,0,0,1,0],"triangles":[1,2,3,1,3,0],"vertices":[150,-150,-150,-150,-150,150,150,150],"hull":4}},"EF/0h/s123_sink_ball_yellow/ef_sink_ball_yellow_00001":{"EF/0h/s123_sink_ball_yellow/ef_sink_ball_yellow_00001":{"width":250,"height":250},"EF/0h/s123_sink_ball_yellow/ef_sink_ball_yellow_00002":{"width":250,"height":250},"EF/0h/s123_sink_ball_yellow/ef_sink_ball_yellow_00003":{"width":250,"height":250},"EF/0h/s123_sink_ball_yellow/ef_sink_ball_yellow_00004":{"width":250,"height":250},"EF/0h/s123_sink_ball_yellow/ef_sink_ball_yellow_00005":{"width":250,"height":250},"EF/0h/s123_sink_ball_yellow/ef_sink_ball_yellow_00006":{"width":250,"height":250},"EF/0h/s123_sink_ball_yellow/ef_sink_ball_yellow_00007":{"width":250,"height":250},"EF/0h/s123_sink_ball_yellow/ef_sink_ball_yellow_00008":{"width":250,"height":250},"EF/0h/s123_sink_ball_yellow/ef_sink_ball_yellow_00009":{"width":250,"height":250},"EF/0h/s123_sink_ball_yellow/ef_sink_ball_yellow_00010":{"width":250,"height":250},"EF/0h/s123_sink_ball_yellow/ef_sink_ball_yellow_00011":{"width":250,"height":250},"EF/0h/s123_sink_ball_yellow/ef_sink_ball_yellow_00012":{"width":250,"height":250},"EF/0h/s123_sink_ball_yellow/ef_sink_ball_yellow_00013":{"width":250,"height":250},"EF/0h/s123_sink_ball_yellow/ef_sink_ball_yellow_00014":{"width":250,"height":250}},"EF/0h/s123_sink_ball_yellow/ef_sink_ball_yellow_1":{"EF/0h/s123_sink_ball_yellow/ef_sink_ball_yellow_00001":{"width":250,"height":250},"EF/0h/s123_sink_ball_yellow/ef_sink_ball_yellow_00002":{"width":250,"height":250},"EF/0h/s123_sink_ball_yellow/ef_sink_ball_yellow_00003":{"width":250,"height":250},"EF/0h/s123_sink_ball_yellow/ef_sink_ball_yellow_00004":{"width":250,"height":250},"EF/0h/s123_sink_ball_yellow/ef_sink_ball_yellow_00005":{"width":250,"height":250},"EF/0h/s123_sink_ball_yellow/ef_sink_ball_yellow_00006":{"width":250,"height":250},"EF/0h/s123_sink_ball_yellow/ef_sink_ball_yellow_00007":{"width":250,"height":250},"EF/0h/s123_sink_ball_yellow/ef_sink_ball_yellow_00008":{"width":250,"height":250},"EF/0h/s123_sink_ball_yellow/ef_sink_ball_yellow_00009":{"width":250,"height":250},"EF/0h/s123_sink_ball_yellow/ef_sink_ball_yellow_00010":{"width":250,"height":250},"EF/0h/s123_sink_ball_yellow/ef_sink_ball_yellow_00011":{"width":250,"height":250},"EF/0h/s123_sink_ball_yellow/ef_sink_ball_yellow_00012":{"width":250,"height":250},"EF/0h/s123_sink_ball_yellow/ef_sink_ball_yellow_00013":{"width":250,"height":250},"EF/0h/s123_sink_ball_yellow/ef_sink_ball_yellow_00014":{"width":250,"height":250}},"EF/0h/s123_wave_A_yellow/ef_wave_A_yellow_00001":{"EF/0h/s123_wave_A_yellow/ef_wave_A_yellow_00001":{"x":-0.93,"y":-2.89,"width":300,"height":300},"EF/0h/s123_wave_A_yellow/ef_wave_A_yellow_00002":{"x":-0.93,"y":-2.89,"width":300,"height":300},"EF/0h/s123_wave_A_yellow/ef_wave_A_yellow_00003":{"x":-0.93,"y":-2.89,"width":300,"height":300},"EF/0h/s123_wave_A_yellow/ef_wave_A_yellow_00004":{"x":-0.93,"y":-2.89,"width":300,"height":300},"EF/0h/s123_wave_A_yellow/ef_wave_A_yellow_00005":{"x":-0.93,"y":-2.89,"width":300,"height":300},"EF/0h/s123_wave_A_yellow/ef_wave_A_yellow_00006":{"x":-0.93,"y":-2.89,"width":300,"height":300},"EF/0h/s123_wave_A_yellow/ef_wave_A_yellow_00007":{"x":-0.93,"y":-2.89,"width":300,"height":300},"EF/0h/s123_wave_A_yellow/ef_wave_A_yellow_00008":{"x":-0.93,"y":-2.89,"width":300,"height":300},"EF/0h/s123_wave_A_yellow/ef_wave_A_yellow_00009":{"x":-0.93,"y":-2.89,"width":300,"height":300},"EF/0h/s123_wave_A_yellow/ef_wave_A_yellow_00010":{"x":-0.93,"y":-2.89,"width":300,"height":300},"EF/0h/s123_wave_A_yellow/ef_wave_A_yellow_00011":{"x":-0.93,"y":-2.89,"width":300,"height":300}},"EF/0h/s123_wave_A_yellow/ef_wave_A_yellow_1":{"EF/0h/s123_wave_A_yellow/ef_wave_A_yellow_00001":{"x":-0.93,"y":-2.89,"width":300,"height":300},"EF/0h/s123_wave_A_yellow/ef_wave_A_yellow_00002":{"x":-0.93,"y":-2.89,"width":300,"height":300},"EF/0h/s123_wave_A_yellow/ef_wave_A_yellow_00003":{"x":-0.93,"y":-2.89,"width":300,"height":300},"EF/0h/s123_wave_A_yellow/ef_wave_A_yellow_00004":{"x":-0.93,"y":-2.89,"width":300,"height":300},"EF/0h/s123_wave_A_yellow/ef_wave_A_yellow_00005":{"x":-0.93,"y":-2.89,"width":300,"height":300},"EF/0h/s123_wave_A_yellow/ef_wave_A_yellow_00006":{"x":-0.93,"y":-2.89,"width":300,"height":300},"EF/0h/s123_wave_A_yellow/ef_wave_A_yellow_00007":{"x":-0.93,"y":-2.89,"width":300,"height":300},"EF/0h/s123_wave_A_yellow/ef_wave_A_yellow_00008":{"x":-0.93,"y":-2.89,"width":300,"height":300},"EF/0h/s123_wave_A_yellow/ef_wave_A_yellow_00009":{"x":-0.93,"y":-2.89,"width":300,"height":300},"EF/0h/s123_wave_A_yellow/ef_wave_A_yellow_00010":{"x":-0.93,"y":-2.89,"width":300,"height":300},"EF/0h/s123_wave_A_yellow/ef_wave_A_yellow_00011":{"x":-0.93,"y":-2.89,"width":300,"height":300}},"EF/0h/s1_wave_B_yellow/ef_wave_B_yellow_00001":{"EF/0h/s1_wave_B_yellow/ef_wave_B_yellow_00001":{"x":5.66,"width":428,"height":428},"EF/0h/s1_wave_B_yellow/ef_wave_B_yellow_00002":{"x":5.66,"width":428,"height":428},"EF/0h/s1_wave_B_yellow/ef_wave_B_yellow_00003":{"x":5.66,"width":428,"height":428},"EF/0h/s1_wave_B_yellow/ef_wave_B_yellow_00004":{"x":5.66,"width":428,"height":428},"EF/0h/s1_wave_B_yellow/ef_wave_B_yellow_00005":{"x":5.66,"width":428,"height":428},"EF/0h/s1_wave_B_yellow/ef_wave_B_yellow_00006":{"x":5.66,"width":428,"height":428},"EF/0h/s1_wave_B_yellow/ef_wave_B_yellow_00007":{"x":5.66,"width":428,"height":428}},"EF/0h/s1_wave_B_yellow/ef_wave_B_yellow_1":{"EF/0h/s1_wave_B_yellow/ef_wave_B_yellow_00001":{"x":5.66,"width":428,"height":428},"EF/0h/s1_wave_B_yellow/ef_wave_B_yellow_00002":{"x":5.66,"width":428,"height":428},"EF/0h/s1_wave_B_yellow/ef_wave_B_yellow_00003":{"x":5.66,"width":428,"height":428},"EF/0h/s1_wave_B_yellow/ef_wave_B_yellow_00004":{"x":5.66,"width":428,"height":428},"EF/0h/s1_wave_B_yellow/ef_wave_B_yellow_00005":{"x":5.66,"width":428,"height":428},"EF/0h/s1_wave_B_yellow/ef_wave_B_yellow_00006":{"x":5.66,"width":428,"height":428},"EF/0h/s1_wave_B_yellow/ef_wave_B_yellow_00007":{"x":5.66,"width":428,"height":428}},"EF/0h/s1_wave_B_yellow/ef_wave_B_yellow_2":{"EF/0h/s1_wave_B_yellow/ef_wave_B_yellow_00001":{"x":5.66,"width":428,"height":428},"EF/0h/s1_wave_B_yellow/ef_wave_B_yellow_00002":{"x":5.66,"width":428,"height":428},"EF/0h/s1_wave_B_yellow/ef_wave_B_yellow_00003":{"x":5.66,"width":428,"height":428},"EF/0h/s1_wave_B_yellow/ef_wave_B_yellow_00004":{"x":5.66,"width":428,"height":428},"EF/0h/s1_wave_B_yellow/ef_wave_B_yellow_00005":{"x":5.66,"width":428,"height":428},"EF/0h/s1_wave_B_yellow/ef_wave_B_yellow_00006":{"x":5.66,"width":428,"height":428},"EF/0h/s1_wave_B_yellow/ef_wave_B_yellow_00007":{"x":5.66,"width":428,"height":428}},"EF/0h/s1_wave_B_yellow/ef_wave_B_yellow_3":{"EF/0h/s1_wave_B_yellow/ef_wave_B_yellow_00001":{"x":5.66,"width":428,"height":428},"EF/0h/s1_wave_B_yellow/ef_wave_B_yellow_00002":{"x":5.66,"width":428,"height":428},"EF/0h/s1_wave_B_yellow/ef_wave_B_yellow_00003":{"x":5.66,"width":428,"height":428},"EF/0h/s1_wave_B_yellow/ef_wave_B_yellow_00004":{"x":5.66,"width":428,"height":428},"EF/0h/s1_wave_B_yellow/ef_wave_B_yellow_00005":{"x":5.66,"width":428,"height":428},"EF/0h/s1_wave_B_yellow/ef_wave_B_yellow_00006":{"x":5.66,"width":428,"height":428},"EF/0h/s1_wave_B_yellow/ef_wave_B_yellow_00007":{"x":5.66,"width":428,"height":428}},"EF/0h/s1ef_flash_spike_main/ef_flash_spike_main_00001":{"EF/0h/s1ef_flash_spike_main/ef_flash_spike_main_00001":{"width":180,"height":180},"EF/0h/s1ef_flash_spike_main/ef_flash_spike_main_00002":{"width":180,"height":180},"EF/0h/s1ef_flash_spike_main/ef_flash_spike_main_00003":{"width":180,"height":180},"EF/0h/s1ef_flash_spike_main/ef_flash_spike_main_00004":{"width":180,"height":180},"EF/0h/s1ef_flash_spike_main/ef_flash_spike_main_00005":{"width":180,"height":180},"EF/0h/s1ef_flash_spike_main/ef_flash_spike_main_00006":{"width":180,"height":180},"EF/0h/s1ef_flash_spike_main/ef_flash_spike_main_00007":{"width":180,"height":180},"EF/0h/s1ef_flash_spike_main/ef_flash_spike_main_00008":{"width":180,"height":180},"EF/0h/s1ef_flash_spike_main/ef_flash_spike_main_00009":{"width":180,"height":180},"EF/0h/s1ef_flash_spike_main/ef_flash_spike_main_00010":{"width":180,"height":180}},"HITBOX":{"HITBOX":{"type":"boundingbox","vertices":[-11.26928,54.37028,-10.99928,2.26027,9.52071,2.26027,9.31871,54.64028]}},"MAIN":{"attack1_01":{"x":-5.68,"y":6.92,"width":250,"height":250},"attack1_02":{"x":-5.68,"y":6.92,"width":250,"height":250},"attack1_03":{"x":-5.68,"y":6.92,"width":250,"height":250},"attack1_04":{"x":-5.68,"y":6.92,"width":250,"height":250},"attack1_05":{"x":-5.68,"y":6.92,"width":250,"height":250},"attack1_06":{"x":-5.68,"y":6.92,"width":250,"height":250},"attack1_07":{"x":-5.68,"y":6.92,"width":250,"height":250},"attack1_08":{"x":-5.68,"y":6.92,"width":250,"height":250},"attack1_09":{"x":-5.68,"y":6.92,"width":250,"height":250},"back_00":{"x":-5.68,"y":6.92,"width":250,"height":250},"damage_00":{"x":-5.68,"y":6.92,"width":250,"height":250},"front_00":{"x":-5.68,"y":6.92,"width":250,"height":250},"idle_00":{"x":-5.68,"y":6.92,"width":250,"height":250},"idle_01":{"x":-5.68,"y":6.92,"width":250,"height":250},"idle_02":{"x":-5.68,"y":6.92,"width":250,"height":250},"idle_03":{"x":-5.68,"y":6.92,"width":250,"height":250},"skill1_00":{"x":-5.68,"y":6.92,"width":250,"height":250},"skill1_01":{"x":-5.68,"y":6.92,"width":250,"height":250},"skill1_02":{"x":-5.68,"y":6.92,"width":250,"height":250},"skill1_03":{"x":-5.68,"y":6.92,"width":250,"height":250},"skill2_00":{"x":-5.68,"y":6.92,"width":250,"height":250},"skill2_01":{"x":-5.68,"y":6.92,"width":250,"height":250},"skill2_03":{"x":-5.68,"y":6.92,"width":250,"height":250},"skill2_04":{"x":-5.68,"y":6.92,"width":250,"height":250},"skill2_05":{"x":-5.68,"y":6.92,"width":250,"height":250},"skill2_06":{"x":-5.68,"y":6.92,"width":250,"height":250},"skill2_07":{"x":-5.68,"y":6.92,"width":250,"height":250},"skill2_00_b":{"x":-5.68,"y":6.92,"width":250,"height":250}}}},"events":{"Event":{},"Event2":{},"Hit":{}},"animations":{"attack1":{"slots":{"EF":{"attachment":[{"time":0.8333,"name":"EF/EF_attack1_04"},{"time":0.9,"name":null},{"time":1.2,"name":"EF/EF_attack1_07"}],"color":[{"time":0.8333,"color":"ffffffff","curve":[0.25,0,0.902,0]},{"time":0.9,"color":"ffffff00","curve":"stepped"},{"time":1.2,"color":"ffffffff","curve":[0.654,0,0.747,0.45]},{"time":1.2666,"color":"ffffff00"}]},"EF/0h/a1_energy_A_yellow/ef_energy_A_yellow_00001":{"attachment":[{"time":0.8333,"name":"EF/0h/a1_energy_A_yellow/ef_energy_A_yellow_00001"},{"time":0.8666,"name":"EF/0h/a1_energy_A_yellow/ef_energy_A_yellow_00002"},{"time":0.9,"name":"EF/0h/a1_energy_A_yellow/ef_energy_A_yellow_00003"},{"time":0.9333,"name":"EF/0h/a1_energy_A_yellow/ef_energy_A_yellow_00004"},{"time":0.9666,"name":"EF/0h/a1_energy_A_yellow/ef_energy_A_yellow_00001"},{"time":1,"name":"EF/0h/a1_energy_A_yellow/ef_energy_A_yellow_00002"},{"time":1.0333,"name":"EF/0h/a1_energy_A_yellow/ef_energy_A_yellow_00003"},{"time":1.0666,"name":"EF/0h/a1_energy_A_yellow/ef_energy_A_yellow_00004"},{"time":1.1,"name":"EF/0h/a1_energy_A_yellow/ef_energy_A_yellow_00001"},{"time":1.1333,"name":"EF/0h/a1_energy_A_yellow/ef_energy_A_yellow_00002"},{"time":1.1666,"name":"EF/0h/a1_energy_A_yellow/ef_energy_A_yellow_00003"},{"time":1.2,"name":"EF/0h/a1_energy_A_yellow/ef_energy_A_yellow_00004"},{"time":1.2333,"name":"EF/0h/a1_energy_A_yellow/ef_energy_A_yellow_00001"},{"time":1.2666,"name":"EF/0h/a1_energy_A_yellow/ef_energy_A_yellow_00002"},{"time":1.3,"name":"EF/0h/a1_energy_A_yellow/ef_energy_A_yellow_00003"},{"time":1.3333,"name":"EF/0h/a1_energy_A_yellow/ef_energy_A_yellow_00004"}],"color":[{"time":1.2,"color":"ffffffff"},{"time":1.3,"color":"ffffff00"}]},"EF/0h/s1_wave_B_yellow/ef_wave_B_yellow_00001":{"attachment":[{"time":1.2,"name":"EF/0h/s1_wave_B_yellow/ef_wave_B_yellow_00001"},{"time":1.2333,"name":"EF/0h/s1_wave_B_yellow/ef_wave_B_yellow_00002"},{"time":1.2666,"name":"EF/0h/s1_wave_B_yellow/ef_wave_B_yellow_00003"},{"time":1.3,"name":"EF/0h/s1_wave_B_yellow/ef_wave_B_yellow_00004"},{"time":1.3333,"name":"EF/0h/s1_wave_B_yellow/ef_wave_B_yellow_00005"},{"time":1.3666,"name":"EF/0h/s1_wave_B_yellow/ef_wave_B_yellow_00006"},{"time":1.4,"name":"EF/0h/s1_wave_B_yellow/ef_wave_B_yellow_00007"},{"time":1.4666,"name":null}],"color":[{"time":1.4,"color":"ffffffff"},{"time":1.4666,"color":"ffffff00"}]},"MAIN":{"attachment":[{"time":0.0333,"name":"attack1_01"},{"time":0.1666,"name":"attack1_02"},{"time":0.3,"name":"attack1_03"},{"time":0.6666,"name":"attack1_01"},{"time":0.8333,"name":"attack1_04"},{"time":0.9,"name":"attack1_05"},{"time":0.9666,"name":"attack1_06"},{"time":1.2,"name":"attack1_07"},{"time":1.3,"name":"attack1_08"},{"time":1.4,"name":"attack1_09"},{"time":1.5,"name":"attack1_02"},{"time":1.5666,"name":"attack1_01"},{"time":1.8333,"name":"idle_00"},{"time":2,"name":"idle_00"}]}},"bones":{"MAIN":{"translate":[{"time":0.3,"x":0,"y":0,"curve":[0.264,1,0.75,1]},{"time":0.6666,"x":7.5,"y":0,"curve":"stepped"},{"time":0.7666,"x":7.5,"y":0,"curve":[0.25,0,0.79,0.3]},{"time":0.8333,"x":0,"y":0,"curve":[0.289,0.71,0.75,1]},{"time":1.1,"x":0,"y":8.04,"curve":[0.274,0,0.619,0.31]},{"time":1.4666,"x":3,"y":3.37,"curve":"stepped"},{"time":1.5,"x":-2.5,"y":0,"curve":[0.325,0.28,0.659,0.61]},{"time":1.8333,"x":0,"y":0}]},"ef_energy_A_yellow":{"translate":[{"time":0.8333,"x":406.57,"y":78.56},{"time":0.8666,"x":406.57,"y":79.83,"curve":"stepped"},{"time":0.9,"x":420,"y":74.62},{"time":0.9333,"x":420,"y":75.45,"curve":"stepped"},{"time":0.9666,"x":430,"y":57.22},{"time":1.0666,"x":430,"y":58.32,"curve":"stepped"},{"time":1.2,"x":423.92,"y":15.85},{"time":1.2666,"x":424.28,"y":15.94}],"scale":[{"time":0.8333,"x":0.475,"y":0.475},{"time":1,"x":0.7,"y":0.7}]},"ef_wave_B_yellow":{"translate":[{"time":1.2,"x":343.12,"y":28.93}],"scale":[{"time":1.2,"x":0.2,"y":0.2},{"time":1.4333,"x":0.5,"y":0.5}]}},"events":[{"time":1.2,"name":"Event","string":"addOrbitSystemInsightRotation(1attack1orbit,empty,1,-40,80,180,0)"}]},"back":{"slots":{"MAIN":{"attachment":[{"time":0,"name":"back_00"},{"time":0.6,"name":"attack1_01"},{"time":0.7333,"name":"idle_03"},{"time":1,"name":"idle_00"}]}},"bones":{"MAIN":{"translate":[{"time":0,"x":17.6,"y":0,"curve":[0.175,0.39,0.616,0.81]},{"time":0.2666,"x":49.85,"y":10.83,"curve":[0.224,0.59,0.578,0.74]},{"time":0.5666,"x":66.17,"y":3.44,"curve":"stepped"},{"time":0.6,"x":67.5,"y":0,"curve":[0.227,0.69,0.478,0.96]},{"time":1,"x":70,"y":0}]}}},"cast":{"slots":{"MAIN":{"attachment":[{"time":0,"name":"idle_00"},{"time":0.1,"name":"attack1_01"},{"time":0.1666,"name":"attack1_02"},{"time":0.2333,"name":"attack1_03"},{"time":0.4,"name":"attack1_01"},{"time":0.5,"name":"attack1_04"},{"time":0.6333,"name":"attack1_05"},{"time":0.7333,"name":"attack1_06"},{"time":0.8,"name":"attack1_01"},{"time":0.9,"name":"idle_03"},{"time":1,"name":"idle_00"}]}},"bones":{"MAIN":{"translate":[{"time":0,"x":0,"y":0,"curve":"stepped"},{"time":0.5,"x":-11.48,"y":0,"curve":"stepped"},{"time":0.8,"x":0,"y":0}]}}},"damage":{"slots":{"MAIN":{"attachment":[{"time":0,"name":"damage_00"}]}}},"empty":{"slots":{"MAIN":{"attachment":[{"time":0,"name":null}]}}},"front":{"slots":{"MAIN":{"attachment":[{"time":0,"name":"front_00"}]}}},"idle":{"slots":{"MAIN":{"attachment":[{"time":0,"name":"idle_00"},{"time":0.2666,"name":"idle_01"},{"time":0.5,"name":"idle_02"},{"time":0.7666,"name":"idle_03"},{"time":1,"name":"idle_00"}]}},"bones":{"MAIN":{"translate":[{"time":0,"x":0,"y":0}]}}},"in":{"slots":{"MAIN":{"attachment":[{"time":0,"name":"skill1_00"},{"time":0.1,"name":"skill1_01"},{"time":0.2,"name":"skill1_02"},{"time":0.3,"name":"skill1_00"},{"time":0.4,"name":"skill1_01"},{"time":0.5,"name":"skill1_02"},{"time":0.6,"name":"skill1_03"},{"time":1,"name":"idle_00"}]}},"bones":{"MAIN":{"translate":[{"time":0,"x":0,"y":0,"curve":[0.287,0.64,0.75,1]},{"time":0.6,"x":0,"y":2.19,"curve":[0.22,0.57,0.75,1]},{"time":0.8333,"x":0,"y":-1.31},{"time":1,"x":0,"y":0}]}}},"skill1":{"slots":{"EF/0h/S2_wave1/5140_S2_wave1_00002":{"attachment":[{"time":0.6333,"name":"EF/0h/S2_wave1/5140_S2_wave1_00002"},{"time":0.6666,"name":"EF/0h/S2_wave1/5140_S2_wave1_00003"},{"time":0.7,"name":"EF/0h/S2_wave1/5140_S2_wave1_00004"},{"time":0.7333,"name":"EF/0h/S2_wave1/5140_S2_wave1_00005"},{"time":0.7666,"name":"EF/0h/S2_wave1/5140_S2_wave1_00006"},{"time":0.8,"name":"EF/0h/S2_wave1/5140_S2_wave1_00007"},{"time":0.8333,"name":"EF/0h/S2_wave1/5140_S2_wave1_00008"},{"time":0.8666,"name":"EF/0h/S2_wave1/5140_S2_wave1_00009"},{"time":0.9666,"name":null},{"time":1,"name":"EF/0h/S2_wave1/5140_S2_wave1_00002"},{"time":1.0333,"name":"EF/0h/S2_wave1/5140_S2_wave1_00003"},{"time":1.0666,"name":"EF/0h/S2_wave1/5140_S2_wave1_00004"},{"time":1.1,"name":"EF/0h/S2_wave1/5140_S2_wave1_00005"},{"time":1.1333,"name":"EF/0h/S2_wave1/5140_S2_wave1_00006"},{"time":1.1666,"name":"EF/0h/S2_wave1/5140_S2_wave1_00007"},{"time":1.2,"name":"EF/0h/S2_wave1/5140_S2_wave1_00008"},{"time":1.2333,"name":"EF/0h/S2_wave1/5140_S2_wave1_00009"},{"time":1.3333,"name":null},{"time":1.3666,"name":"EF/0h/S2_wave1/5140_S2_wave1_00002"},{"time":1.4,"name":"EF/0h/S2_wave1/5140_S2_wave1_00003"},{"time":1.4333,"name":"EF/0h/S2_wave1/5140_S2_wave1_00004"},{"time":1.4666,"name":"EF/0h/S2_wave1/5140_S2_wave1_00005"},{"time":1.5,"name":"EF/0h/S2_wave1/5140_S2_wave1_00006"},{"time":1.5333,"name":"EF/0h/S2_wave1/5140_S2_wave1_00007"},{"time":1.5666,"name":"EF/0h/S2_wave1/5140_S2_wave1_00008"},{"time":1.6,"name":"EF/0h/S2_wave1/5140_S2_wave1_00009"},{"time":1.7,"name":null},{"time":1.7333,"name":"EF/0h/S2_wave1/5140_S2_wave1_00002"},{"time":1.7666,"name":"EF/0h/S2_wave1/5140_S2_wave1_00003"},{"time":1.8,"name":"EF/0h/S2_wave1/5140_S2_wave1_00004"},{"time":1.8333,"name":"EF/0h/S2_wave1/5140_S2_wave1_00005"},{"time":1.8666,"name":"EF/0h/S2_wave1/5140_S2_wave1_00006"},{"time":1.9,"name":"EF/0h/S2_wave1/5140_S2_wave1_00007"},{"time":1.9333,"name":"EF/0h/S2_wave1/5140_S2_wave1_00008"},{"time":1.9666,"name":"EF/0h/S2_wave1/5140_S2_wave1_00009"},{"time":2.0666,"name":null},{"time":2.1,"name":"EF/0h/S2_wave1/5140_S2_wave1_00002"},{"time":2.1333,"name":"EF/0h/S2_wave1/5140_S2_wave1_00003"},{"time":2.1666,"name":"EF/0h/S2_wave1/5140_S2_wave1_00004"},{"time":2.2,"name":"EF/0h/S2_wave1/5140_S2_wave1_00005"},{"time":2.2333,"name":"EF/0h/S2_wave1/5140_S2_wave1_00006"},{"time":2.2666,"name":"EF/0h/S2_wave1/5140_S2_wave1_00007"},{"time":2.3,"name":"EF/0h/S2_wave1/5140_S2_wave1_00008"},{"time":2.3333,"name":"EF/0h/S2_wave1/5140_S2_wave1_00009"},{"time":2.4333,"name":null}],"color":[{"time":0.6333,"color":"ffffffff","curve":"stepped"},{"time":0.8666,"color":"ffffffff"},{"time":0.9666,"color":"ffffff00","curve":"stepped"},{"time":1,"color":"ffffffff","curve":"stepped"},{"time":1.2333,"color":"ffffffff"},{"time":1.3333,"color":"ffffff00","curve":"stepped"},{"time":1.3666,"color":"ffffffff","curve":"stepped"},{"time":1.6,"color":"ffffffff"},{"time":1.7,"color":"ffffff00","curve":"stepped"},{"time":1.7333,"color":"ffffffff","curve":"stepped"},{"time":1.9666,"color":"ffffffff"},{"time":2.0666,"color":"ffffff00","curve":"stepped"},{"time":2.1,"color":"ffffffff","curve":"stepped"},{"time":2.3333,"color":"ffffffff"},{"time":2.4333,"color":"ffffff00"}]},"EF/0h/a1_energy_A_yellow/ef_energy_A_yellow_00001":{"attachment":[{"time":1.6,"name":"EF/0h/a1_energy_A_yellow/ef_energy_A_yellow_00001"},{"time":1.6333,"name":"EF/0h/a1_energy_A_yellow/ef_energy_A_yellow_00002"},{"time":1.6666,"name":"EF/0h/a1_energy_A_yellow/ef_energy_A_yellow_00003"},{"time":1.7,"name":"EF/0h/a1_energy_A_yellow/ef_energy_A_yellow_00004"},{"time":1.7333,"name":"EF/0h/a1_energy_A_yellow/ef_energy_A_yellow_00001"},{"time":1.7666,"name":"EF/0h/a1_energy_A_yellow/ef_energy_A_yellow_00002"},{"time":1.8,"name":"EF/0h/a1_energy_A_yellow/ef_energy_A_yellow_00003"},{"time":1.8333,"name":"EF/0h/a1_energy_A_yellow/ef_energy_A_yellow_00004"},{"time":1.8666,"name":"EF/0h/a1_energy_A_yellow/ef_energy_A_yellow_00001"},{"time":1.9,"name":"EF/0h/a1_energy_A_yellow/ef_energy_A_yellow_00002"},{"time":1.9333,"name":"EF/0h/a1_energy_A_yellow/ef_energy_A_yellow_00003"},{"time":1.9666,"name":"EF/0h/a1_energy_A_yellow/ef_energy_A_yellow_00004"},{"time":2,"name":"EF/0h/a1_energy_A_yellow/ef_energy_A_yellow_00001"},{"time":2.0333,"name":"EF/0h/a1_energy_A_yellow/ef_energy_A_yellow_00002"},{"time":2.0666,"name":"EF/0h/a1_energy_A_yellow/ef_energy_A_yellow_00003"},{"time":2.1,"name":"EF/0h/a1_energy_A_yellow/ef_energy_A_yellow_00004"},{"time":2.1333,"name":"EF/0h/a1_energy_A_yellow/ef_energy_A_yellow_00001"},{"time":2.1666,"name":"EF/0h/a1_energy_A_yellow/ef_energy_A_yellow_00002"},{"time":2.2,"name":"EF/0h/a1_energy_A_yellow/ef_energy_A_yellow_00003"},{"time":2.2333,"name":"EF/0h/a1_energy_A_yellow/ef_energy_A_yellow_00004"}],"color":[{"time":2.1,"color":"ffffffff"},{"time":2.2333,"color":"ffffff00"}]},"EF/0h/ef_slash_star_main/ef_slash_star_main_00002":{"attachment":[{"time":1.1,"name":"EF/0h/ef_slash_star_main/ef_slash_star_main_00002"},{"time":1.1333,"name":"EF/0h/ef_slash_star_main/ef_slash_star_main_00003"},{"time":1.1666,"name":"EF/0h/ef_slash_star_main/ef_slash_star_main_00004"},{"time":1.2,"name":"EF/0h/ef_slash_star_main/ef_slash_star_main_00005"},{"time":1.2333,"name":"EF/0h/ef_slash_star_main/ef_slash_star_main_00006"},{"time":1.2666,"name":"EF/0h/ef_slash_star_main/ef_slash_star_main_00007"},{"time":1.3,"name":"EF/0h/ef_slash_star_main/ef_slash_star_main_00008"},{"time":1.3333,"name":"EF/0h/ef_slash_star_main/ef_slash_star_main_00009"},{"time":1.3666,"name":"EF/0h/ef_slash_star_main/ef_slash_star_main_00010"},{"time":1.4,"name":"EF/0h/ef_slash_star_main/ef_slash_star_main_00011"},{"time":1.4333,"name":"EF/0h/ef_slash_star_main/ef_slash_star_main_00012"},{"time":1.4666,"name":"EF/0h/ef_slash_star_main/ef_slash_star_main_00013"},{"time":1.5,"name":"EF/0h/ef_slash_star_main/ef_slash_star_main_00014"},{"time":1.5333,"name":"EF/0h/ef_slash_star_main/ef_slash_star_main_00015"},{"time":1.5666,"name":"EF/0h/ef_slash_star_main/ef_slash_star_main_00016"},{"time":1.6,"name":"EF/0h/ef_slash_star_main/ef_slash_star_main_00017"},{"time":1.6333,"name":"EF/0h/ef_slash_star_main/ef_slash_star_main_00018"},{"time":1.6666,"name":null}]},"EF/0h/s123_sink_ball_yellow/ef_sink_ball_yellow_00001":{"attachment":[{"time":0.6333,"name":"EF/0h/s123_sink_ball_yellow/ef_sink_ball_yellow_00001"},{"time":0.6666,"name":"EF/0h/s123_sink_ball_yellow/ef_sink_ball_yellow_00002"},{"time":0.7,"name":"EF/0h/s123_sink_ball_yellow/ef_sink_ball_yellow_00003"},{"time":0.7333,"name":"EF/0h/s123_sink_ball_yellow/ef_sink_ball_yellow_00004"},{"time":0.7666,"name":"EF/0h/s123_sink_ball_yellow/ef_sink_ball_yellow_00005"},{"time":0.8,"name":"EF/0h/s123_sink_ball_yellow/ef_sink_ball_yellow_00006"},{"time":0.8333,"name":"EF/0h/s123_sink_ball_yellow/ef_sink_ball_yellow_00007"},{"time":0.8666,"name":"EF/0h/s123_sink_ball_yellow/ef_sink_ball_yellow_00008"},{"time":0.9,"name":"EF/0h/s123_sink_ball_yellow/ef_sink_ball_yellow_00009"},{"time":0.9333,"name":"EF/0h/s123_sink_ball_yellow/ef_sink_ball_yellow_00010"},{"time":0.9666,"name":"EF/0h/s123_sink_ball_yellow/ef_sink_ball_yellow_00011"},{"time":1,"name":"EF/0h/s123_sink_ball_yellow/ef_sink_ball_yellow_00012"},{"time":1.0333,"name":"EF/0h/s123_sink_ball_yellow/ef_sink_ball_yellow_00013"},{"time":1.1,"name":"EF/0h/s123_sink_ball_yellow/ef_sink_ball_yellow_00014"},{"time":2.1,"name":null}]},"EF/0h/s123_wave_A_yellow/ef_wave_A_yellow_00001":{"attachment":[{"time":1.6,"name":"EF/0h/s123_wave_A_yellow/ef_wave_A_yellow_00001"},{"time":1.6333,"name":"EF/0h/s123_wave_A_yellow/ef_wave_A_yellow_00003"},{"time":1.6666,"name":"EF/0h/s123_wave_A_yellow/ef_wave_A_yellow_00004"},{"time":1.7,"name":"EF/0h/s123_wave_A_yellow/ef_wave_A_yellow_00005"},{"time":1.7333,"name":"EF/0h/s123_wave_A_yellow/ef_wave_A_yellow_00006"},{"time":1.7666,"name":"EF/0h/s123_wave_A_yellow/ef_wave_A_yellow_00007"},{"time":1.8,"name":"EF/0h/s123_wave_A_yellow/ef_wave_A_yellow_00008"},{"time":1.8333,"name":"EF/0h/s123_wave_A_yellow/ef_wave_A_yellow_00009"},{"time":1.8666,"name":"EF/0h/s123_wave_A_yellow/ef_wave_A_yellow_00010"},{"time":1.9,"name":"EF/0h/s123_wave_A_yellow/ef_wave_A_yellow_00011"},{"time":1.9333,"name":null},{"time":2.1,"name":"EF/0h/s123_wave_A_yellow/ef_wave_A_yellow_00001"},{"time":2.1333,"name":"EF/0h/s123_wave_A_yellow/ef_wave_A_yellow_00003"},{"time":2.1666,"name":"EF/0h/s123_wave_A_yellow/ef_wave_A_yellow_00004"},{"time":2.2,"name":"EF/0h/s123_wave_A_yellow/ef_wave_A_yellow_00005"},{"time":2.2333,"name":"EF/0h/s123_wave_A_yellow/ef_wave_A_yellow_00006"},{"time":2.2666,"name":"EF/0h/s123_wave_A_yellow/ef_wave_A_yellow_00007"},{"time":2.3,"name":"EF/0h/s123_wave_A_yellow/ef_wave_A_yellow_00008"},{"time":2.3333,"name":"EF/0h/s123_wave_A_yellow/ef_wave_A_yellow_00009"},{"time":2.3666,"name":"EF/0h/s123_wave_A_yellow/ef_wave_A_yellow_00010"},{"time":2.4,"name":"EF/0h/s123_wave_A_yellow/ef_wave_A_yellow_00011"},{"time":2.4333,"name":null}],"color":[{"time":1.7333,"color":"ffffffff"},{"time":1.9333,"color":"ffffff00","curve":"stepped"},{"time":2.1,"color":"ffffffff","curve":"stepped"},{"time":2.2333,"color":"ffffffff"},{"time":2.4333,"color":"ffffff00"}]},"EF/0h/s1_wave_B_yellow/ef_wave_B_yellow_00001":{"attachment":[{"time":0.6333,"name":"EF/0h/s1_wave_B_yellow/ef_wave_B_yellow_00001"},{"time":0.6666,"name":"EF/0h/s1_wave_B_yellow/ef_wave_B_yellow_00003"},{"time":0.7,"name":"EF/0h/s1_wave_B_yellow/ef_wave_B_yellow_00004"},{"time":0.7333,"name":"EF/0h/s1_wave_B_yellow/ef_wave_B_yellow_00005"},{"time":0.7666,"name":"EF/0h/s1_wave_B_yellow/ef_wave_B_yellow_00006"},{"time":0.8,"name":"EF/0h/s1_wave_B_yellow/ef_wave_B_yellow_00007"},{"time":0.8333,"name":null}],"color":[{"time":0.7666,"color":"ffffffff"},{"time":0.8333,"color":"ffffff00"}]},"EF/0h/s1ef_flash_spike_main/ef_flash_spike_main_00001":{"attachment":[{"time":1.6,"name":"EF/0h/s1ef_flash_spike_main/ef_flash_spike_main_00001"},{"time":1.6333,"name":"EF/0h/s1ef_flash_spike_main/ef_flash_spike_main_00002"},{"time":1.6666,"name":"EF/0h/s1ef_flash_spike_main/ef_flash_spike_main_00003"},{"time":1.7,"name":"EF/0h/s1ef_flash_spike_main/ef_flash_spike_main_00004"},{"time":1.7333,"name":"EF/0h/s1ef_flash_spike_main/ef_flash_spike_main_00005"},{"time":1.7666,"name":"EF/0h/s1ef_flash_spike_main/ef_flash_spike_main_00006"},{"time":1.8,"name":"EF/0h/s1ef_flash_spike_main/ef_flash_spike_main_00007"},{"time":1.8333,"name":"EF/0h/s1ef_flash_spike_main/ef_flash_spike_main_00008"},{"time":1.8666,"name":"EF/0h/s1ef_flash_spike_main/ef_flash_spike_main_00009"},{"time":1.9,"name":"EF/0h/s1ef_flash_spike_main/ef_flash_spike_main_00010"},{"time":1.9333,"name":null},{"time":2.1,"name":"EF/0h/s1ef_flash_spike_main/ef_flash_spike_main_00001"},{"time":2.1666,"name":"EF/0h/s1ef_flash_spike_main/ef_flash_spike_main_00002"},{"time":2.2333,"name":"EF/0h/s1ef_flash_spike_main/ef_flash_spike_main_00003"},{"time":2.3,"name":"EF/0h/s1ef_flash_spike_main/ef_flash_spike_main_00004"},{"time":2.3666,"name":"EF/0h/s1ef_flash_spike_main/ef_flash_spike_main_00005"},{"time":2.4333,"name":"EF/0h/s1ef_flash_spike_main/ef_flash_spike_main_00006"},{"time":2.5,"name":"EF/0h/s1ef_flash_spike_main/ef_flash_spike_main_00007"},{"time":2.5666,"name":"EF/0h/s1ef_flash_spike_main/ef_flash_spike_main_00008"},{"time":2.6333,"name":"EF/0h/s1ef_flash_spike_main/ef_flash_spike_main_00009"},{"time":2.7,"name":"EF/0h/s1ef_flash_spike_main/ef_flash_spike_main_00010"},{"time":2.7666,"name":null}],"color":[{"time":1.6666,"color":"ffffffff"},{"time":1.7666,"color":"ffffff00","curve":"stepped"},{"time":2.1,"color":"ffffffff","curve":"stepped"},{"time":2.5333,"color":"ffffffff"},{"time":2.7666,"color":"ffffff00"}]},"MAIN":{"attachment":[{"time":0,"name":"idle_00"},{"time":0.0333,"name":"attack1_01"},{"time":0.1333,"name":"attack1_02"},{"time":0.2333,"name":"attack1_03"},{"time":0.5,"name":"attack1_02"},{"time":0.5666,"name":"attack1_01"},{"time":0.6333,"name":"attack1_04"},{"time":0.7333,"name":"attack1_05"},{"time":0.8333,"name":"attack1_06"},{"time":0.9333,"name":"skill1_02"},{"time":1.0333,"name":"skill1_03"},{"time":1.1333,"name":"skill1_00"},{"time":1.2333,"name":"skill1_01"},{"time":1.3333,"name":"skill1_02"},{"time":1.4333,"name":"skill1_00"},{"time":1.5333,"name":"skill2_00"},{"time":2.1,"name":"skill1_03"},{"time":2.6666,"name":"skill1_00"},{"time":2.7666,"name":"attack1_02"},{"time":3.0666,"name":"idle_03"},{"time":3.1666,"name":"idle_00"}]}},"bones":{"MAIN":{"translate":[{"time":0,"x":0,"y":0,"curve":"stepped"},{"time":0.6333,"x":-11.48,"y":0,"curve":[0.203,0.46,0.95,0.75]},{"time":2.1,"x":-10.53,"y":50,"curve":[0.077,0.45,0.75,1]},{"time":2.5333,"x":-10.53,"y":56,"curve":"stepped"},{"time":2.6666,"x":-10.53,"y":56,"curve":[0.262,0,0.615,0.3]},{"time":3.0666,"x":-10.53,"y":-4.35,"curve":[0.262,0,0.615,0.3]},{"time":3.1,"x":-10.53,"y":0}]},"ef_graund_wave_A":{"translate":[{"time":0.6333,"x":196.99,"y":0}],"scale":[{"time":0.6333,"x":0.578,"y":0.578},{"time":0.9666,"x":0.9,"y":0.9,"curve":"stepped"},{"time":1,"x":0.578,"y":0.578},{"time":1.3333,"x":0.9,"y":0.9,"curve":"stepped"},{"time":1.3666,"x":0.578,"y":0.578},{"time":1.7,"x":0.9,"y":0.9,"curve":"stepped"},{"time":1.7333,"x":0.578,"y":0.578},{"time":2.0666,"x":0.9,"y":0.9,"curve":"stepped"},{"time":2.1,"x":0.578,"y":0.578},{"time":2.4333,"x":1,"y":1}]},"ef_sink_ball_yellow":{"rotate":[{"time":1.6,"angle":12.94},{"time":2.0666,"angle":0}],"translate":[{"time":0.6333,"x":251.3,"y":79.17,"curve":[0.134,0.55,0.75,1]},{"time":1.0666,"x":251.3,"y":110},{"time":1.1333,"x":243.86,"y":70.84},{"time":1.2,"x":193.35,"y":70.45},{"time":1.2666,"x":185.12,"y":110.78},{"time":1.3333,"x":227.02,"y":126.83},{"time":1.4,"x":264.74,"y":115.33},{"time":1.4666,"x":277.52,"y":73.18},{"time":1.5333,"x":247.77,"y":30.44},{"time":1.6,"x":213.08,"y":32.54},{"time":2.0666,"x":213.08,"y":38.9}],"scale":[{"time":0.6333,"x":0.359,"y":0.359,"curve":[0.103,0.38,0.75,1]},{"time":0.9666,"x":1,"y":1,"curve":"stepped"},{"time":1,"x":1,"y":1},{"time":1.1333,"x":1.6,"y":1.6,"curve":"stepped"},{"time":1.6,"x":1.6,"y":1.6},{"time":1.8333,"x":1.288,"y":1.288},{"time":2.0666,"x":1.6,"y":1.6}]},"ef_wave_B_yellow":{"rotate":[{"time":0.6333,"angle":270}],"translate":[{"time":0.6333,"x":351.35,"y":87.75},{"time":0.8,"x":351.35,"y":98.22}],"scale":[{"time":0.6333,"x":0.12,"y":0.12},{"time":0.8333,"x":0.6,"y":0.6}]},"ef_slash_star_main":{"translate":[{"time":1.1,"x":150.97,"y":127.11},{"time":1.1666,"x":164.34,"y":97.06},{"time":1.2,"x":150.97,"y":82.04},{"time":1.3,"x":113.1,"y":104.57},{"time":1.3666,"x":116.01,"y":117.41},{"time":1.4666,"x":141.71,"y":104.84},{"time":1.5333,"x":153.11,"y":68.85}],"scale":[{"time":1.1,"x":1,"y":1},{"time":1.5333,"x":0.914,"y":1}]},"ef_energy_A_yellow":{"translate":[{"time":1.6,"x":363.02,"y":32.43},{"time":2.0666,"x":363.02,"y":38.71,"curve":"stepped"},{"time":2.1,"x":401.15,"y":100.45}],"scale":[{"time":1.6,"x":0.611,"y":0.611},{"time":1.7666,"x":1.2,"y":1.2,"curve":"stepped"},{"time":2.1,"x":1.2,"y":1.2},{"time":2.2,"x":2.497,"y":2.497}]},"ef_flash_spike":{"rotate":[{"time":2.1,"angle":0},{"time":2.7333,"angle":-3}],"translate":[{"time":1.6,"x":13.08,"y":32.39,"curve":"stepped"},{"time":2.1,"x":51.1,"y":100.66}],"scale":[{"time":1.6,"x":0.18,"y":0.18},{"time":1.7666,"x":1.9,"y":1.9,"curve":"stepped"},{"time":2.1,"x":0.18,"y":0.18,"curve":[0.099,0.43,0.75,1]},{"time":2.4,"x":1.4,"y":1.4}]},"ef_wave_A_yellow":{"translate":[{"time":1.6,"x":260.9,"y":34.32,"curve":"stepped"},{"time":2.1,"x":301.22,"y":100.8}],"scale":[{"time":1.6,"x":0.731,"y":0.731},{"time":1.9,"x":0.7,"y":0.7,"curve":"stepped"},{"time":2.1,"x":0.731,"y":0.731},{"time":2.4,"x":1.2,"y":1.2}]}},"events":[{"time":2.1,"name":"Event","string":"runSkillEffect"}]},"skill2":{"slots":{"EF/0h/S2_wave1/5140_S2_wave1_00002":{"attachment":[{"time":0.6333,"name":"EF/0h/S2_wave1/5140_S2_wave1_00002"},{"time":0.6666,"name":"EF/0h/S2_wave1/5140_S2_wave1_00003"},{"time":0.7,"name":"EF/0h/S2_wave1/5140_S2_wave1_00004"},{"time":0.7333,"name":"EF/0h/S2_wave1/5140_S2_wave1_00005"},{"time":0.7666,"name":"EF/0h/S2_wave1/5140_S2_wave1_00006"},{"time":0.8,"name":"EF/0h/S2_wave1/5140_S2_wave1_00007"},{"time":0.8333,"name":"EF/0h/S2_wave1/5140_S2_wave1_00008"},{"time":0.8666,"name":"EF/0h/S2_wave1/5140_S2_wave1_00009"},{"time":0.9666,"name":null},{"time":1.1666,"name":"EF/0h/S2_wave1/5140_S2_wave1_00002"},{"time":1.2,"name":"EF/0h/S2_wave1/5140_S2_wave1_00003"},{"time":1.2333,"name":"EF/0h/S2_wave1/5140_S2_wave1_00004"},{"time":1.2666,"name":"EF/0h/S2_wave1/5140_S2_wave1_00005"},{"time":1.3,"name":"EF/0h/S2_wave1/5140_S2_wave1_00006"},{"time":1.3333,"name":"EF/0h/S2_wave1/5140_S2_wave1_00007"},{"time":1.3666,"name":"EF/0h/S2_wave1/5140_S2_wave1_00008"},{"time":1.4,"name":"EF/0h/S2_wave1/5140_S2_wave1_00009"},{"time":1.5,"name":null},{"time":1.7,"name":"EF/0h/S2_wave1/5140_S2_wave1_00002"},{"time":1.7333,"name":"EF/0h/S2_wave1/5140_S2_wave1_00003"},{"time":1.7666,"name":"EF/0h/S2_wave1/5140_S2_wave1_00004"},{"time":1.8,"name":"EF/0h/S2_wave1/5140_S2_wave1_00005"},{"time":1.8333,"name":"EF/0h/S2_wave1/5140_S2_wave1_00006"},{"time":1.8666,"name":"EF/0h/S2_wave1/5140_S2_wave1_00007"},{"time":1.9,"name":"EF/0h/S2_wave1/5140_S2_wave1_00008"},{"time":1.9333,"name":"EF/0h/S2_wave1/5140_S2_wave1_00009"},{"time":2.0333,"name":null},{"time":2.2666,"name":"EF/0h/S2_wave1/5140_S2_wave1_00002"},{"time":2.3,"name":"EF/0h/S2_wave1/5140_S2_wave1_00003"},{"time":2.3333,"name":"EF/0h/S2_wave1/5140_S2_wave1_00004"},{"time":2.3666,"name":"EF/0h/S2_wave1/5140_S2_wave1_00005"},{"time":2.4,"name":"EF/0h/S2_wave1/5140_S2_wave1_00006"},{"time":2.4333,"name":"EF/0h/S2_wave1/5140_S2_wave1_00007"},{"time":2.4666,"name":"EF/0h/S2_wave1/5140_S2_wave1_00008"},{"time":2.5,"name":"EF/0h/S2_wave1/5140_S2_wave1_00009"},{"time":2.5666,"name":null}],"color":[{"time":0.6333,"color":"ffffffff","curve":"stepped"},{"time":0.8666,"color":"ffffffff","curve":[0.143,0.35,0.75,1]},{"time":0.9666,"color":"ffffff00","curve":"stepped"},{"time":1.1666,"color":"ffffffff","curve":"stepped"},{"time":1.4,"color":"ffffffff","curve":[0.143,0.35,0.75,1]},{"time":1.5,"color":"ffffff00","curve":"stepped"},{"time":1.7,"color":"ffffffff","curve":"stepped"},{"time":1.9333,"color":"ffffffff","curve":[0.143,0.35,0.75,1]},{"time":2.0333,"color":"ffffff00","curve":"stepped"},{"time":2.2666,"color":"ffffffff","curve":"stepped"},{"time":2.5,"color":"ffffffff"},{"time":2.5666,"color":"ffffff00"}]},"EF/0h/S2_wave1/5140_S2_wave1_2":{"attachment":[{"time":0.9,"name":"EF/0h/S2_wave1/5140_S2_wave1_00002"},{"time":0.9333,"name":"EF/0h/S2_wave1/5140_S2_wave1_00003"},{"time":0.9666,"name":"EF/0h/S2_wave1/5140_S2_wave1_00004"},{"time":1,"name":"EF/0h/S2_wave1/5140_S2_wave1_00005"},{"time":1.0333,"name":"EF/0h/S2_wave1/5140_S2_wave1_00006"},{"time":1.0666,"name":"EF/0h/S2_wave1/5140_S2_wave1_00007"},{"time":1.1,"name":"EF/0h/S2_wave1/5140_S2_wave1_00008"},{"time":1.1333,"name":"EF/0h/S2_wave1/5140_S2_wave1_00009"},{"time":1.2333,"name":null},{"time":1.4333,"name":"EF/0h/S2_wave1/5140_S2_wave1_00002"},{"time":1.4666,"name":"EF/0h/S2_wave1/5140_S2_wave1_00003"},{"time":1.5,"name":"EF/0h/S2_wave1/5140_S2_wave1_00004"},{"time":1.5333,"name":"EF/0h/S2_wave1/5140_S2_wave1_00005"},{"time":1.5666,"name":"EF/0h/S2_wave1/5140_S2_wave1_00006"},{"time":1.6,"name":"EF/0h/S2_wave1/5140_S2_wave1_00007"},{"time":1.6333,"name":"EF/0h/S2_wave1/5140_S2_wave1_00008"},{"time":1.6666,"name":"EF/0h/S2_wave1/5140_S2_wave1_00009"},{"time":1.7666,"name":null},{"time":1.9666,"name":"EF/0h/S2_wave1/5140_S2_wave1_00002"},{"time":2,"name":"EF/0h/S2_wave1/5140_S2_wave1_00003"},{"time":2.0333,"name":"EF/0h/S2_wave1/5140_S2_wave1_00004"},{"time":2.0666,"name":"EF/0h/S2_wave1/5140_S2_wave1_00005"},{"time":2.1,"name":"EF/0h/S2_wave1/5140_S2_wave1_00006"},{"time":2.1333,"name":"EF/0h/S2_wave1/5140_S2_wave1_00007"},{"time":2.1666,"name":"EF/0h/S2_wave1/5140_S2_wave1_00008"},{"time":2.2,"name":"EF/0h/S2_wave1/5140_S2_wave1_00009"},{"time":2.3,"name":null}],"color":[{"time":0.9,"color":"ffffffff","curve":"stepped"},{"time":1.1333,"color":"ffffffff","curve":[0.143,0.35,0.75,1]},{"time":1.2333,"color":"ffffff00","curve":"stepped"},{"time":1.4333,"color":"ffffffff","curve":"stepped"},{"time":1.6666,"color":"ffffffff","curve":[0.143,0.35,0.75,1]},{"time":1.7666,"color":"ffffff00","curve":"stepped"},{"time":1.9666,"color":"ffffffff","curve":"stepped"},{"time":2.2,"color":"ffffffff","curve":[0.143,0.35,0.75,1]},{"time":2.3,"color":"ffffff00"}]},"EF/0h/ef_slash_main/ef_slash_main_00001":{"attachment":[{"time":0.9333,"name":"EF/0h/ef_slash_main/ef_slash_main_00001"},{"time":0.9666,"name":"EF/0h/ef_slash_main/ef_slash_main_00002"},{"time":1,"name":"EF/0h/ef_slash_main/ef_slash_main_00003"},{"time":1.0333,"name":"EF/0h/ef_slash_main/ef_slash_main_00004"},{"time":1.0666,"name":"EF/0h/ef_slash_main/ef_slash_main_00005"},{"time":1.1,"name":"EF/0h/ef_slash_main/ef_slash_main_00006"},{"time":1.1333,"name":"EF/0h/ef_slash_main/ef_slash_main_00007"},{"time":1.1666,"name":"EF/0h/ef_slash_main/ef_slash_main_00008"},{"time":1.2,"name":"EF/0h/ef_slash_main/ef_slash_main_00009"},{"time":1.2333,"name":"EF/0h/ef_slash_main/ef_slash_main_00010"},{"time":1.2666,"name":"EF/0h/ef_slash_main/ef_slash_main_00011"},{"time":1.3,"name":"EF/0h/ef_slash_main/ef_slash_main_00012"},{"time":1.3333,"name":"EF/0h/ef_slash_main/ef_slash_main_00013"},{"time":1.3666,"name":"EF/0h/ef_slash_main/ef_slash_main_00001"},{"time":1.4,"name":"EF/0h/ef_slash_main/ef_slash_main_00002"},{"time":1.4333,"name":"EF/0h/ef_slash_main/ef_slash_main_00003"},{"time":1.4666,"name":"EF/0h/ef_slash_main/ef_slash_main_00004"},{"time":1.5,"name":"EF/0h/ef_slash_main/ef_slash_main_00005"},{"time":1.5333,"name":"EF/0h/ef_slash_main/ef_slash_main_00006"},{"time":1.5666,"name":"EF/0h/ef_slash_main/ef_slash_main_00007"},{"time":1.6,"name":"EF/0h/ef_slash_main/ef_slash_main_00008"},{"time":1.6333,"name":"EF/0h/ef_slash_main/ef_slash_main_00009"},{"time":1.6666,"name":"EF/0h/ef_slash_main/ef_slash_main_00010"},{"time":1.7,"name":"EF/0h/ef_slash_main/ef_slash_main_00011"},{"time":1.7333,"name":"EF/0h/ef_slash_main/ef_slash_main_00012"},{"time":1.7666,"name":"EF/0h/ef_slash_main/ef_slash_main_00013"},{"time":1.8,"name":"EF/0h/ef_slash_main/ef_slash_main_00014"},{"time":1.8333,"name":"EF/0h/ef_slash_main/ef_slash_main_00015"},{"time":1.8666,"name":"EF/0h/ef_slash_main/ef_slash_main_00016"},{"time":1.9,"name":null}]},"EF/0h/ef_slash_main/ef_slash_main_1":{"attachment":[{"time":0.9666,"name":"EF/0h/ef_slash_main/ef_slash_main_00001"},{"time":1,"name":"EF/0h/ef_slash_main/ef_slash_main_00002"},{"time":1.0333,"name":"EF/0h/ef_slash_main/ef_slash_main_00003"},{"time":1.0666,"name":"EF/0h/ef_slash_main/ef_slash_main_00004"},{"time":1.1,"name":"EF/0h/ef_slash_main/ef_slash_main_00005"},{"time":1.1333,"name":"EF/0h/ef_slash_main/ef_slash_main_00006"},{"time":1.1666,"name":"EF/0h/ef_slash_main/ef_slash_main_00007"},{"time":1.2,"name":"EF/0h/ef_slash_main/ef_slash_main_00008"},{"time":1.2333,"name":"EF/0h/ef_slash_main/ef_slash_main_00009"},{"time":1.2666,"name":"EF/0h/ef_slash_main/ef_slash_main_00010"},{"time":1.3,"name":"EF/0h/ef_slash_main/ef_slash_main_00011"},{"time":1.3333,"name":"EF/0h/ef_slash_main/ef_slash_main_00012"},{"time":1.3666,"name":"EF/0h/ef_slash_main/ef_slash_main_00013"},{"time":1.4,"name":"EF/0h/ef_slash_main/ef_slash_main_00001"},{"time":1.4333,"name":"EF/0h/ef_slash_main/ef_slash_main_00002"},{"time":1.4666,"name":"EF/0h/ef_slash_main/ef_slash_main_00003"},{"time":1.5,"name":"EF/0h/ef_slash_main/ef_slash_main_00004"},{"time":1.5333,"name":"EF/0h/ef_slash_main/ef_slash_main_00005"},{"time":1.5666,"name":"EF/0h/ef_slash_main/ef_slash_main_00006"},{"time":1.6,"name":"EF/0h/ef_slash_main/ef_slash_main_00007"},{"time":1.6333,"name":"EF/0h/ef_slash_main/ef_slash_main_00008"},{"time":1.6666,"name":"EF/0h/ef_slash_main/ef_slash_main_00009"},{"time":1.7,"name":"EF/0h/ef_slash_main/ef_slash_main_00010"},{"time":1.7333,"name":"EF/0h/ef_slash_main/ef_slash_main_00011"},{"time":1.7666,"name":"EF/0h/ef_slash_main/ef_slash_main_00012"},{"time":1.8,"name":"EF/0h/ef_slash_main/ef_slash_main_00013"},{"time":1.8333,"name":"EF/0h/ef_slash_main/ef_slash_main_00014"},{"time":1.8666,"name":"EF/0h/ef_slash_main/ef_slash_main_00015"},{"time":1.9,"name":"EF/0h/ef_slash_main/ef_slash_main_00016"},{"time":1.9333,"name":null}]},"EF/0h/ef_slash_star_main/ef_slash_star_main_00002":{"attachment":[{"time":0.9333,"name":"EF/0h/ef_slash_star_main/ef_slash_star_main_00002"},{"time":0.9666,"name":"EF/0h/ef_slash_star_main/ef_slash_star_main_00003"},{"time":1,"name":"EF/0h/ef_slash_star_main/ef_slash_star_main_00004"},{"time":1.0333,"name":"EF/0h/ef_slash_star_main/ef_slash_star_main_00005"},{"time":1.0666,"name":"EF/0h/ef_slash_star_main/ef_slash_star_main_00006"},{"time":1.1,"name":"EF/0h/ef_slash_star_main/ef_slash_star_main_00007"},{"time":1.1333,"name":"EF/0h/ef_slash_star_main/ef_slash_star_main_00008"},{"time":1.1666,"name":"EF/0h/ef_slash_star_main/ef_slash_star_main_00009"},{"time":1.2,"name":"EF/0h/ef_slash_star_main/ef_slash_star_main_00010"},{"time":1.2333,"name":"EF/0h/ef_slash_star_main/ef_slash_star_main_00011"},{"time":1.2666,"name":"EF/0h/ef_slash_star_main/ef_slash_star_main_00012"},{"time":1.3,"name":"EF/0h/ef_slash_star_main/ef_slash_star_main_00013"},{"time":1.3333,"name":"EF/0h/ef_slash_star_main/ef_slash_star_main_00014"},{"time":1.3666,"name":"EF/0h/ef_slash_star_main/ef_slash_star_main_00015"},{"time":1.4,"name":"EF/0h/ef_slash_star_main/ef_slash_star_main_00016"},{"time":1.4333,"name":"EF/0h/ef_slash_star_main/ef_slash_star_main_00004"},{"time":1.4666,"name":"EF/0h/ef_slash_star_main/ef_slash_star_main_00005"},{"time":1.5,"name":"EF/0h/ef_slash_star_main/ef_slash_star_main_00006"},{"time":1.5333,"name":"EF/0h/ef_slash_star_main/ef_slash_star_main_00007"},{"time":1.5666,"name":"EF/0h/ef_slash_star_main/ef_slash_star_main_00008"},{"time":1.6,"name":"EF/0h/ef_slash_star_main/ef_slash_star_main_00009"},{"time":1.6333,"name":"EF/0h/ef_slash_star_main/ef_slash_star_main_00010"},{"time":1.6666,"name":"EF/0h/ef_slash_star_main/ef_slash_star_main_00011"},{"time":1.7,"name":"EF/0h/ef_slash_star_main/ef_slash_star_main_00012"},{"time":1.7333,"name":"EF/0h/ef_slash_star_main/ef_slash_star_main_00013"},{"time":1.7666,"name":"EF/0h/ef_slash_star_main/ef_slash_star_main_00014"},{"time":1.8,"name":"EF/0h/ef_slash_star_main/ef_slash_star_main_00015"},{"time":1.8333,"name":"EF/0h/ef_slash_star_main/ef_slash_star_main_00016"},{"time":1.8666,"name":"EF/0h/ef_slash_star_main/ef_slash_star_main_00017"},{"time":1.9,"name":"EF/0h/ef_slash_star_main/ef_slash_star_main_00018"},{"time":1.9666,"name":null}],"color":[{"time":1.8333,"color":"ffffffff"},{"time":1.9666,"color":"ffffff00"}]},"EF/0h/ef_slash_star_main/ef_slash_star_main_2":{"attachment":[{"time":0.9666,"name":"EF/0h/ef_slash_star_main/ef_slash_star_main_00002"},{"time":1,"name":"EF/0h/ef_slash_star_main/ef_slash_star_main_00003"},{"time":1.0333,"name":"EF/0h/ef_slash_star_main/ef_slash_star_main_00004"},{"time":1.0666,"name":"EF/0h/ef_slash_star_main/ef_slash_star_main_00005"},{"time":1.1,"name":"EF/0h/ef_slash_star_main/ef_slash_star_main_00006"},{"time":1.1333,"name":"EF/0h/ef_slash_star_main/ef_slash_star_main_00007"},{"time":1.1666,"name":"EF/0h/ef_slash_star_main/ef_slash_star_main_00008"},{"time":1.2,"name":"EF/0h/ef_slash_star_main/ef_slash_star_main_00009"},{"time":1.2333,"name":"EF/0h/ef_slash_star_main/ef_slash_star_main_00010"},{"time":1.2666,"name":"EF/0h/ef_slash_star_main/ef_slash_star_main_00011"},{"time":1.3,"name":"EF/0h/ef_slash_star_main/ef_slash_star_main_00012"},{"time":1.3333,"name":"EF/0h/ef_slash_star_main/ef_slash_star_main_00013"},{"time":1.3666,"name":"EF/0h/ef_slash_star_main/ef_slash_star_main_00014"},{"time":1.4,"name":"EF/0h/ef_slash_star_main/ef_slash_star_main_00015"},{"time":1.4333,"name":"EF/0h/ef_slash_star_main/ef_slash_star_main_00016"},{"time":1.4666,"name":"EF/0h/ef_slash_star_main/ef_slash_star_main_00004"},{"time":1.5,"name":"EF/0h/ef_slash_star_main/ef_slash_star_main_00005"},{"time":1.5333,"name":"EF/0h/ef_slash_star_main/ef_slash_star_main_00006"},{"time":1.5666,"name":"EF/0h/ef_slash_star_main/ef_slash_star_main_00007"},{"time":1.6,"name":"EF/0h/ef_slash_star_main/ef_slash_star_main_00008"},{"time":1.6333,"name":"EF/0h/ef_slash_star_main/ef_slash_star_main_00009"},{"time":1.6666,"name":"EF/0h/ef_slash_star_main/ef_slash_star_main_00010"},{"time":1.7,"name":"EF/0h/ef_slash_star_main/ef_slash_star_main_00011"},{"time":1.7333,"name":"EF/0h/ef_slash_star_main/ef_slash_star_main_00012"},{"time":1.7666,"name":"EF/0h/ef_slash_star_main/ef_slash_star_main_00013"},{"time":1.8,"name":"EF/0h/ef_slash_star_main/ef_slash_star_main_00014"},{"time":1.8333,"name":"EF/0h/ef_slash_star_main/ef_slash_star_main_00015"},{"time":1.8666,"name":"EF/0h/ef_slash_star_main/ef_slash_star_main_00016"},{"time":1.9,"name":"EF/0h/ef_slash_star_main/ef_slash_star_main_00017"},{"time":1.9333,"name":"EF/0h/ef_slash_star_main/ef_slash_star_main_00018"},{"time":2,"name":null}],"color":[{"time":1.8666,"color":"ffffffff"},{"time":2,"color":"ffffff00"}]},"EF/0h/magic/5100_S2_magic1d":{"color":[{"time":0.6333,"color":"ffffff00","curve":"stepped"},{"time":1,"color":"ffffff00"},{"time":1.4,"color":"ffffffff","curve":"stepped"},{"time":2.3333,"color":"ffffffff"},{"time":2.5,"color":"ffffff00"}]},"EF/0h/magic/magic_4light":{"attachment":[{"time":0.6333,"name":"EF/0h/magic/magic_4light"}],"color":[{"time":0.6333,"color":"ffffff00"},{"time":1.2333,"color":"ffffffff","curve":"stepped"},{"time":2.2666,"color":"ffffffff"},{"time":2.4333,"color":"ffffff00"}]},"EF/0h/s123_sink_ball_yellow/ef_sink_ball_yellow_00001":{"attachment":[{"time":1.6333,"name":"EF/0h/s123_sink_ball_yellow/ef_sink_ball_yellow_00001"},{"time":1.6666,"name":"EF/0h/s123_sink_ball_yellow/ef_sink_ball_yellow_00002"},{"time":1.7,"name":"EF/0h/s123_sink_ball_yellow/ef_sink_ball_yellow_00003"},{"time":1.7333,"name":"EF/0h/s123_sink_ball_yellow/ef_sink_ball_yellow_00004"},{"time":1.7666,"name":"EF/0h/s123_sink_ball_yellow/ef_sink_ball_yellow_00005"},{"time":1.8,"name":"EF/0h/s123_sink_ball_yellow/ef_sink_ball_yellow_00006"},{"time":1.8333,"name":"EF/0h/s123_sink_ball_yellow/ef_sink_ball_yellow_00007"},{"time":1.8666,"name":"EF/0h/s123_sink_ball_yellow/ef_sink_ball_yellow_00008"},{"time":1.9,"name":"EF/0h/s123_sink_ball_yellow/ef_sink_ball_yellow_00009"},{"time":1.9333,"name":"EF/0h/s123_sink_ball_yellow/ef_sink_ball_yellow_00010"},{"time":1.9666,"name":"EF/0h/s123_sink_ball_yellow/ef_sink_ball_yellow_00011"},{"time":2.0333,"name":"EF/0h/s123_sink_ball_yellow/ef_sink_ball_yellow_00012"},{"time":2.1,"name":"EF/0h/s123_sink_ball_yellow/ef_sink_ball_yellow_00013"},{"time":2.1666,"name":"EF/0h/s123_sink_ball_yellow/ef_sink_ball_yellow_00014"},{"time":2.4666,"name":null}]},"EF/0h/s123_sink_ball_yellow/ef_sink_ball_yellow_1":{"attachment":[{"time":2.0333,"name":"EF/0h/s123_sink_ball_yellow/ef_sink_ball_yellow_00012"},{"time":2.1,"name":"EF/0h/s123_sink_ball_yellow/ef_sink_ball_yellow_00013"},{"time":2.1666,"name":"EF/0h/s123_sink_ball_yellow/ef_sink_ball_yellow_00014"},{"time":2.4666,"name":null}]},"EF/0h/s123_wave_A_yellow/ef_wave_A_yellow_00001":{"attachment":[{"time":0.6333,"name":"EF/0h/s123_wave_A_yellow/ef_wave_A_yellow_00001"},{"time":0.6666,"name":"EF/0h/s123_wave_A_yellow/ef_wave_A_yellow_00002"},{"time":0.7,"name":"EF/0h/s123_wave_A_yellow/ef_wave_A_yellow_00003"},{"time":0.7333,"name":"EF/0h/s123_wave_A_yellow/ef_wave_A_yellow_00004"},{"time":0.7666,"name":"EF/0h/s123_wave_A_yellow/ef_wave_A_yellow_00005"},{"time":0.8,"name":"EF/0h/s123_wave_A_yellow/ef_wave_A_yellow_00006"},{"time":0.8333,"name":"EF/0h/s123_wave_A_yellow/ef_wave_A_yellow_00007"},{"time":0.8666,"name":"EF/0h/s123_wave_A_yellow/ef_wave_A_yellow_00008"},{"time":0.9,"name":"EF/0h/s123_wave_A_yellow/ef_wave_A_yellow_00009"},{"time":0.9333,"name":"EF/0h/s123_wave_A_yellow/ef_wave_A_yellow_00010"},{"time":0.9666,"name":"EF/0h/s123_wave_A_yellow/ef_wave_A_yellow_00011"},{"time":1.0333,"name":null},{"time":2.2666,"name":"EF/0h/s123_wave_A_yellow/ef_wave_A_yellow_00001"},{"time":2.3,"name":"EF/0h/s123_wave_A_yellow/ef_wave_A_yellow_00002"},{"time":2.3333,"name":"EF/0h/s123_wave_A_yellow/ef_wave_A_yellow_00003"},{"time":2.3666,"name":"EF/0h/s123_wave_A_yellow/ef_wave_A_yellow_00004"},{"time":2.4,"name":"EF/0h/s123_wave_A_yellow/ef_wave_A_yellow_00005"},{"time":2.4333,"name":"EF/0h/s123_wave_A_yellow/ef_wave_A_yellow_00006"},{"time":2.4666,"name":"EF/0h/s123_wave_A_yellow/ef_wave_A_yellow_00007"},{"time":2.5,"name":"EF/0h/s123_wave_A_yellow/ef_wave_A_yellow_00008"},{"time":2.5333,"name":"EF/0h/s123_wave_A_yellow/ef_wave_A_yellow_00009"},{"time":2.5666,"name":"EF/0h/s123_wave_A_yellow/ef_wave_A_yellow_00010"},{"time":2.6,"name":"EF/0h/s123_wave_A_yellow/ef_wave_A_yellow_00011"},{"time":2.6666,"name":null}],"color":[{"time":0.9333,"color":"ffffffff"},{"time":1.0333,"color":"ffffff00","curve":"stepped"},{"time":2.2666,"color":"ffffffff","curve":"stepped"},{"time":2.5666,"color":"ffffffff"},{"time":2.6666,"color":"ffffff00"}]},"EF/0h/s1_wave_B_yellow/ef_wave_B_yellow_00001":{"attachment":[{"time":1.6333,"name":"EF/0h/s1_wave_B_yellow/ef_wave_B_yellow_00001"},{"time":1.6666,"name":"EF/0h/s1_wave_B_yellow/ef_wave_B_yellow_00002"},{"time":1.7,"name":"EF/0h/s1_wave_B_yellow/ef_wave_B_yellow_00003"},{"time":1.7333,"name":"EF/0h/s1_wave_B_yellow/ef_wave_B_yellow_00004"},{"time":1.7666,"name":"EF/0h/s1_wave_B_yellow/ef_wave_B_yellow_00005"},{"time":1.8,"name":"EF/0h/s1_wave_B_yellow/ef_wave_B_yellow_00006"},{"time":1.8333,"name":"EF/0h/s1_wave_B_yellow/ef_wave_B_yellow_00007"},{"time":1.9,"name":null},{"time":2.2666,"name":"EF/0h/s1_wave_B_yellow/ef_wave_B_yellow_00001"},{"time":2.3,"name":"EF/0h/s1_wave_B_yellow/ef_wave_B_yellow_00002"},{"time":2.3333,"name":"EF/0h/s1_wave_B_yellow/ef_wave_B_yellow_00003"},{"time":2.3666,"name":"EF/0h/s1_wave_B_yellow/ef_wave_B_yellow_00004"},{"time":2.4,"name":"EF/0h/s1_wave_B_yellow/ef_wave_B_yellow_00005"},{"time":2.4333,"name":"EF/0h/s1_wave_B_yellow/ef_wave_B_yellow_00006"},{"time":2.4666,"name":"EF/0h/s1_wave_B_yellow/ef_wave_B_yellow_00007"},{"time":2.5,"name":null}],"color":[{"time":1.8,"color":"ffffffff"},{"time":1.9,"color":"ffffff00","curve":"stepped"},{"time":2.2666,"color":"ffffffff","curve":"stepped"},{"time":2.4,"color":"ffffffff"},{"time":2.5,"color":"ffffff00"}]},"EF/0h/s1_wave_B_yellow/ef_wave_B_yellow_1":{"attachment":[{"time":1.6333,"name":"EF/0h/s1_wave_B_yellow/ef_wave_B_yellow_00001"},{"time":1.6666,"name":"EF/0h/s1_wave_B_yellow/ef_wave_B_yellow_00002"},{"time":1.7,"name":"EF/0h/s1_wave_B_yellow/ef_wave_B_yellow_00003"},{"time":1.7333,"name":"EF/0h/s1_wave_B_yellow/ef_wave_B_yellow_00004"},{"time":1.7666,"name":"EF/0h/s1_wave_B_yellow/ef_wave_B_yellow_00005"},{"time":1.8,"name":"EF/0h/s1_wave_B_yellow/ef_wave_B_yellow_00006"},{"time":1.8333,"name":"EF/0h/s1_wave_B_yellow/ef_wave_B_yellow_00007"},{"time":1.9,"name":null},{"time":2.3333,"name":"EF/0h/s1_wave_B_yellow/ef_wave_B_yellow_00001"},{"time":2.3666,"name":"EF/0h/s1_wave_B_yellow/ef_wave_B_yellow_00002"},{"time":2.4,"name":"EF/0h/s1_wave_B_yellow/ef_wave_B_yellow_00003"},{"time":2.4333,"name":"EF/0h/s1_wave_B_yellow/ef_wave_B_yellow_00004"},{"time":2.4666,"name":"EF/0h/s1_wave_B_yellow/ef_wave_B_yellow_00005"},{"time":2.5,"name":"EF/0h/s1_wave_B_yellow/ef_wave_B_yellow_00006"},{"time":2.5333,"name":"EF/0h/s1_wave_B_yellow/ef_wave_B_yellow_00007"},{"time":2.5666,"name":null}],"color":[{"time":1.8,"color":"ffffffff"},{"time":1.9,"color":"ffffff00","curve":"stepped"},{"time":2.3333,"color":"ffffffff","curve":"stepped"},{"time":2.4666,"color":"ffffffff"},{"time":2.5666,"color":"ffffff00"}]},"MAIN":{"attachment":[{"time":0,"name":"idle_00"},{"time":0.0333,"name":"attack1_01"},{"time":0.1333,"name":"attack1_02"},{"time":0.2333,"name":"attack1_03"},{"time":0.5,"name":"attack1_02"},{"time":0.5666,"name":"attack1_01"},{"time":0.6333,"name":"attack1_04"},{"time":0.7333,"name":"attack1_05"},{"time":0.8,"name":"attack1_06"},{"time":1,"name":"skill1_02"},{"time":1.1,"name":"skill1_03"},{"time":1.2,"name":"skill1_00"},{"time":1.3,"name":"skill2_00_b"},{"time":1.6333,"name":"skill2_01"},{"time":1.7666,"name":"skill2_03"},{"time":1.9333,"name":"skill2_04"},{"time":2.2666,"name":"skill2_05"},{"time":2.3666,"name":"skill2_06"},{"time":2.4666,"name":"skill2_07"},{"time":2.6,"name":"skill2_06"},{"time":2.7333,"name":"skill2_07"},{"time":2.8666,"name":"skill2_06"},{"time":3,"name":"skill2_07"},{"time":3.1333,"name":"skill2_06"},{"time":3.2666,"name":"skill2_07"},{"time":3.4,"name":"skill2_06"},{"time":3.5333,"name":"skill2_07"},{"time":3.6333,"name":"skill2_00_b"},{"time":3.8,"name":"attack1_07"},{"time":3.9333,"name":"attack1_02"},{"time":4.2,"name":"idle_01"},{"time":4.3,"name":"idle_02"},{"time":4.4,"name":"idle_03"},{"time":4.5,"name":"idle_00"}]}},"bones":{"MAIN":{"translate":[{"time":0,"x":0,"y":0,"curve":"stepped"},{"time":0.6333,"x":-11.48,"y":0,"curve":[0.203,0.46,0.837,0.96]},{"time":2.1666,"x":-10.53,"y":100,"curve":"stepped"},{"time":2.2666,"x":-10.53,"y":100,"curve":[0.227,0.77,0.535,0.84]},{"time":3.8,"x":0,"y":100,"curve":[0.262,0,0.615,0.3]},{"time":4.2,"x":0,"y":0},{"time":4.2333,"x":0,"y":-6,"curve":[0.25,0,0.75,1]},{"time":4.3333,"x":0,"y":0}]},"ef_graund_wave_A":{"translate":[{"time":0.6333,"x":196.99,"y":0},{"time":0.9666,"x":196.99,"y":3,"curve":"stepped"},{"time":1.1666,"x":196.99,"y":0},{"time":1.5,"x":196.99,"y":3,"curve":"stepped"},{"time":1.7,"x":196.99,"y":0},{"time":2.0333,"x":196.99,"y":3,"curve":"stepped"},{"time":2.2666,"x":196.99,"y":0},{"time":2.5666,"x":196.99,"y":3}],"scale":[{"time":0.6333,"x":0.608,"y":0.608},{"time":0.9666,"x":1.117,"y":1.719,"curve":"stepped"},{"time":1.1666,"x":1,"y":1},{"time":1.5,"x":1.3,"y":2,"curve":"stepped"},{"time":1.7,"x":1,"y":1},{"time":2.0333,"x":1.3,"y":2,"curve":"stepped"},{"time":2.2666,"x":1,"y":1},{"time":2.5666,"x":1.375,"y":2.115}]},"magic":{"translate":[{"time":0.6333,"x":-3.2,"y":0}],"scale":[{"time":0.6333,"x":0.157,"y":0.157},{"time":1,"x":1,"y":1,"curve":"stepped"},{"time":2.2666,"x":1,"y":1,"curve":"stepped"},{"time":2.6666,"x":1,"y":1}]},"ef_graund_wave_A2":{"translate":[{"time":0.9,"x":196.99,"y":0},{"time":1.2333,"x":196.99,"y":3,"curve":"stepped"},{"time":1.4333,"x":196.99,"y":0},{"time":1.7666,"x":196.99,"y":3,"curve":"stepped"},{"time":1.9666,"x":196.99,"y":0},{"time":2.3,"x":196.99,"y":3}],"scale":[{"time":0.9,"x":1,"y":1},{"time":1.2333,"x":1.3,"y":2,"curve":"stepped"},{"time":1.4333,"x":1,"y":1},{"time":1.7666,"x":1.3,"y":2,"curve":"stepped"},{"time":1.9666,"x":1,"y":1},{"time":2.3,"x":1.3,"y":2}]},"ef_slash_main":{"translate":[{"time":0.9333,"x":94.58,"y":70.4},{"time":1.8666,"x":94.58,"y":87.6}],"scale":[{"time":0.9333,"x":1.3,"y":1.3}]},"ef_slash_main2":{"rotate":[{"time":0.9666,"angle":180}],"translate":[{"time":0.9666,"x":94.58,"y":70.4},{"time":1.9,"x":94.58,"y":87.6}],"scale":[{"time":0.9666,"x":1.3,"y":1.3}]},"ef_slash_star_main":{"translate":[{"time":0.9333,"x":144.59,"y":70.4},{"time":1.8666,"x":144.59,"y":87.6}],"scale":[{"time":0.9333,"x":1.3,"y":1.3}]},"ef_slash_star_main2":{"rotate":[{"time":0.9666,"angle":180}],"translate":[{"time":0.9666,"x":144.59,"y":70.4},{"time":1.9,"x":144.59,"y":87.6}],"scale":[{"time":0.9666,"x":1.3,"y":1.3}]},"ef_sink_ball_yellow":{"translate":[{"time":1.6333,"x":244.32,"y":115.02,"curve":[0.25,0,0.75,1]},{"time":2.2666,"x":244.32,"y":143.49,"curve":[0.25,0,0.75,1]},{"time":2.4666,"x":244.32,"y":300}],"scale":[{"time":1.6333,"x":0.439,"y":0.439},{"time":1.9,"x":1,"y":1}]},"ef_wave_B_yellow":{"rotate":[{"time":1.6333,"angle":240,"curve":"stepped"},{"time":2.2666,"angle":270}],"translate":[{"time":1.6333,"x":344.28,"y":121.94},{"time":1.8,"x":344.28,"y":127.55,"curve":"stepped"},{"time":2.2666,"x":344.28,"y":153.09}],"scale":[{"time":1.6333,"x":0.111,"y":0.111},{"time":1.8666,"x":0.7,"y":0.7,"curve":"stepped"},{"time":2.2666,"x":0.133,"y":0.133},{"time":2.4666,"x":0.5,"y":0.5}]},"ef_wave_B_yellow2":{"rotate":[{"time":1.6333,"angle":300,"curve":"stepped"},{"time":2.3333,"angle":270}],"translate":[{"time":1.6333,"x":344.28,"y":121.94},{"time":1.8,"x":344.28,"y":127.55,"curve":"stepped"},{"time":2.3333,"x":344.28,"y":213.76}],"scale":[{"time":1.6333,"x":0.111,"y":0.111},{"time":1.8666,"x":0.7,"y":0.7,"curve":"stepped"},{"time":2.3333,"x":0.133,"y":0.133},{"time":2.5333,"x":0.6,"y":0.6}]},"ef_wave_A_yellow":{"translate":[{"time":0.6333,"x":294.04,"y":72.59,"curve":"stepped"},{"time":2.2666,"x":294.04,"y":82.04}],"scale":[{"time":0.6333,"x":1,"y":1,"curve":"stepped"},{"time":1,"x":1,"y":1,"curve":"stepped"},{"time":2.2666,"x":1,"y":1},{"time":2.6333,"x":1.1,"y":1.1}]}},"ffd":{"default":{"EF/0h/magic/5100_S2_magic1d":{"EF/0h/magic/5100_S2_magic1d":[{"time":0.6333,"offset":1,"vertices":[143.48927,0,143.48927,0,-143.48927,0,-143.48927]},{"time":3.3,"vertices":[49.10592,163.95851,71.58208,133.25221,-49.10592,-163.95854,-71.58208,-133.25221]}]},"EF/0h/magic/magic_4light":{"EF/0h/magic/magic_4light":[{"time":0.6333,"offset":1,"vertices":[114.62549,0,114.62549,0,-114.62549,0,-114.62549]},{"time":3.3,"vertices":[-54.61249,102.07866,-37.73135,126.85387,54.61249,-102.07866,37.73135,-126.85387]}]}}},"events":[{"time":1.9,"name":"Event2","float":1,"string":"shakeGround"},{"time":2.5,"name":"Event","string":"runSkillEffect"},{"time":2.5,"name":"Event2","float":2,"string":"shakeGround"}]}}}