{"skeleton":{"hash":"rqL/N6f86Zc3Cu53YB4xYc2DbCo","spine":"3.0.12","width":658.31,"height":552.09,"images":"./images/"},"bones":[{"name":"root"},{"name":"MAIN","parent":"root","y":56.75,"color":"ff1100ff"},{"name":"R_shortsword","parent":"MAIN","x":-53.33,"y":55.78,"color":"29ff00ff"},{"name":"EF_fire2","parent":"R_shortsword","x":-7.35,"y":-11.08,"color":"1d9b00ff"},{"name":"L_shortsword","parent":"MAIN","x":51.52,"y":59.02,"color":"ff0600ff"},{"name":"EF_fire1","parent":"L_shortsword","x":32.66,"y":3.35,"color":"9b0001ff"},{"name":"HITBOX","parent":"MAIN","y":2.28,"scaleX":0.428,"scaleY":0.926,"color":"ff1100ff"},{"name":"EF_largesword","parent":"MAIN","x":150,"y":-6.75,"color":"ff00d5ff"},{"name":"EF_wave1_3","parent":"root","scaleX":1.5,"scaleY":1.5,"color":"ff00e5ff"},{"name":"EF_wave1_2","parent":"root","scaleX":1.5,"scaleY":1.5,"color":"ff00e5ff"},{"name":"EF_wave1_1","parent":"root","scaleX":1.5,"scaleY":1.5,"color":"ff00e5ff"},{"name":"EF_magic2","parent":"root","x":644.52,"scaleY":0.21,"color":"ff00e1ff"},{"name":"EF_magic","parent":"root","x":644.52,"scaleY":0.21,"color":"ff00e1ff"},{"name":"DAMAGEAREA","parent":"root"}],"slots":[{"name":"EF/5100_S2_magic1a","bone":"EF_magic","blend":"additive"},{"name":"EF/5100_S2_magic1a2","bone":"EF_magic2","blend":"additive"},{"name":"EF/magic_1fire","bone":"EF_magic","blend":"additive"},{"name":"EF/magic_1fire2","bone":"EF_magic2","blend":"additive"},{"name":"EF_wave1_1","bone":"EF_wave1_1","blend":"additive"},{"name":"EF_wave1_2","bone":"EF_wave1_2","blend":"additive"},{"name":"EF_wave1_3","bone":"EF_wave1_3","blend":"additive"},{"name":"R_shortsword","bone":"R_shortsword","attachment":"shortsword/shortsword_03"},{"name":"MAIN","bone":"MAIN","attachment":"idle_00"},{"name":"L_shortsword","bone":"L_shortsword","attachment":"shortsword/shortsword_08"},{"name":"EF_largesword","bone":"EF_largesword","color":"ff2612ff","blend":"additive"},{"name":"EF_fire1","bone":"EF_fire1","attachment":"EF_shortsword/EF_L_shortaword_05"},{"name":"EF_fire2","bone":"EF_fire2","attachment":"EF_shortsword/EF_R_shortaword_00"},{"name":"EF_shortsword_01","bone":"EF_fire1"},{"name":"EF_shortsword_1","bone":"EF_fire2"},{"name":"EF_shortsword_00","bone":"EF_fire1"},{"name":"EF_shortsword_0","bone":"EF_fire2"},{"name":"DAMAGEAREA","bone":"DAMAGEAREA"},{"name":"HITBOX","bone":"HITBOX","attachment":"HITBOX"}],"skins":{"default":{"DAMAGEAREA":{"DAMAGEAREA":{"type":"boundingbox","vertices":[-65.12432,-64.92,64.02563,-64.92,64.02563,63.61494,-66.3543,63.61494]}},"EF/5100_S2_magic1a":{"EF/5100_S2_magic1a":{"type":"mesh","uvs":[1,1,0,1,0,0,1,0],"triangles":[1,2,3,1,3,0],"vertices":[182,-182,-182,-182,-182,182,182,182],"hull":4,"edges":[0,2,2,4,4,6,0,6],"width":364,"height":364}},"EF/5100_S2_magic1a2":{"EF/5100_S2_magic1a":{"type":"mesh","uvs":[1,1,0,1,0,0,1,0],"triangles":[1,2,3,1,3,0],"vertices":[182,-182,-182,-182,-182,182,182,182],"hull":4,"edges":[0,2,2,4,4,6,0,6],"width":364,"height":364}},"EF/magic_1fire":{"EF/magic_1fire":{"type":"mesh","uvs":[1,1,0,1,0,0,1,0],"triangles":[1,2,3,1,3,0],"vertices":[150,-150,-150,-150,-150,150,150,150],"hull":4,"edges":[0,2,2,4,4,6,0,6],"width":300,"height":300}},"EF/magic_1fire2":{"EF/magic_1fire":{"type":"mesh","uvs":[1,1,0,1,0,0,1,0],"triangles":[1,2,3,1,3,0],"vertices":[150,-150,-150,-150,-150,150,150,150],"hull":4,"edges":[0,2,2,4,4,6,0,6],"width":300,"height":300}},"EF_fire1":{"EF_shortsword/EF_L_shortaword_00":{"x":-5.69,"scaleX":2,"scaleY":2,"width":256,"height":256},"EF_shortsword/EF_L_shortaword_01":{"x":-5.69,"scaleX":2,"scaleY":2,"width":256,"height":256},"EF_shortsword/EF_L_shortaword_02":{"x":-5.69,"scaleX":2,"scaleY":2,"width":256,"height":256},"EF_shortsword/EF_L_shortaword_03":{"x":-5.69,"scaleX":2,"scaleY":2,"width":256,"height":256},"EF_shortsword/EF_L_shortaword_04":{"x":-5.69,"scaleX":2,"scaleY":2,"width":256,"height":256},"EF_shortsword/EF_L_shortaword_05":{"x":-5.69,"scaleX":2,"scaleY":2,"width":256,"height":256}},"EF_fire2":{"EF_shortsword/EF_R_shortaword_00":{"x":-5.69,"scaleX":2,"scaleY":2,"width":256,"height":256},"EF_shortsword/EF_R_shortaword_01":{"x":-5.69,"scaleX":2,"scaleY":2,"width":256,"height":256},"EF_shortsword/EF_R_shortaword_02":{"x":-5.69,"scaleX":2,"scaleY":2,"width":256,"height":256},"EF_shortsword/EF_R_shortaword_03":{"x":-5.69,"scaleX":2,"scaleY":2,"width":256,"height":256},"EF_shortsword/EF_R_shortaword_04":{"x":-5.69,"scaleX":2,"scaleY":2,"width":256,"height":256},"EF_shortsword/EF_R_shortaword_05":{"x":-5.69,"scaleX":2,"scaleY":2,"width":256,"height":256}},"EF_largesword":{"EF_largesword/EF_largesword_00":{"x":2.61,"y":-9.81,"scaleX":2,"scaleY":2,"width":256,"height":256},"EF_largesword/EF_largesword_01":{"x":2.61,"y":-9.81,"scaleX":2,"scaleY":2,"width":256,"height":256},"EF_largesword/EF_largesword_02":{"x":-50.74,"y":-74.08,"scaleX":2,"scaleY":2,"width":256,"height":256},"EF_largesword/EF_largesword_03":{"x":-26.48,"y":-66.8,"scaleX":2,"scaleY":2,"width":256,"height":256},"EF_largesword/EF_largesword_04":{"x":-26.48,"y":-66.8,"scaleX":2,"scaleY":2,"width":256,"height":256},"EF_largesword/EF_largesword_05":{"x":-15.2,"y":-14.5,"scaleX":2,"scaleY":2,"width":256,"height":256},"EF_largesword/EF_largesword_06":{"x":5.91,"y":-9.81,"scaleX":2,"scaleY":2,"width":256,"height":256},"EF_largesword/EF_largesword_07":{"x":-8.49,"y":-120.25,"scaleX":2,"scaleY":2,"width":256,"height":256},"EF_largesword/EF_largesword_08":{"x":6.93,"y":46.94,"scaleX":2,"scaleY":2,"width":256,"height":256},"EF_largesword/EF_largesword_09":{"x":11.24,"y":-44.98,"scaleX":2,"scaleY":2,"width":256,"height":256},"EF_largesword/EF_largesword_10":{"x":89.6,"y":-43.13,"scaleX":2,"scaleY":2,"width":256,"height":256}},"EF_shortsword_0":{"EF_shortsword/EF_shortsword_00":{"x":-5.69,"y":-45.69,"scaleX":2,"scaleY":2,"width":256,"height":256},"EF_shortsword/EF_shortsword_01":{"x":-5.69,"y":-60.12,"scaleX":2,"scaleY":2,"width":256,"height":256},"EF_shortsword/EF_shortsword_02":{"x":-5.69,"scaleX":2,"scaleY":2,"width":256,"height":256},"EF_shortsword/EF_shortsword_03":{"x":-5.69,"scaleX":2,"scaleY":2,"width":256,"height":256},"EF_shortsword/EF_shortsword_04":{"x":-86.81,"scaleX":2,"scaleY":2,"width":256,"height":256},"EF_shortsword/EF_shortsword_05":{"x":-86.81,"scaleX":2,"scaleY":2,"width":256,"height":256},"EF_shortsword/EF_shortsword_06":{"x":-86.81,"scaleX":2,"scaleY":2,"width":256,"height":256},"EF_shortsword/EF_shortsword_10":{"x":-5.69,"scaleX":2,"scaleY":2,"width":256,"height":256},"EF_shortsword/EF_shortsword_11":{"x":-5.69,"scaleX":2,"scaleY":2,"width":256,"height":256},"EF_shortsword/EF_shortsword_12":{"x":-5.69,"scaleX":2,"scaleY":2,"width":256,"height":256},"EF_shortsword/EF_shortsword_13":{"x":-5.69,"scaleX":2,"scaleY":2,"width":256,"height":256},"EF_shortsword/EF_shortsword_14":{"x":-1.97,"y":-2.37,"scaleX":2,"scaleY":2,"width":256,"height":256},"EF_shortsword/EF_shortsword_15":{"x":-1.97,"y":-2.37,"scaleX":2,"scaleY":2,"width":256,"height":256},"EF_shortsword/EF_shortsword_16":{"x":-1.97,"y":-2.37,"scaleX":2,"scaleY":2,"width":256,"height":256},"EF_shortsword/EF_shortsword_19":{"path":"EF_shortsword/EF_shortsword_17","x":-45,"scaleX":2,"scaleY":2,"width":256,"height":256},"EF_shortsword/EF_shortsword_20":{"path":"EF_shortsword/EF_shortsword_18","x":-45,"scaleX":2,"scaleY":2,"width":256,"height":256}},"EF_shortsword_00":{"EF_shortsword/EF_shortsword_00":{"x":-5.69,"y":-45.69,"scaleX":2,"scaleY":2,"width":256,"height":256},"EF_shortsword/EF_shortsword_01":{"x":-5.69,"y":-60.12,"scaleX":2,"scaleY":2,"width":256,"height":256},"EF_shortsword/EF_shortsword_02":{"x":-5.69,"scaleX":2,"scaleY":2,"width":256,"height":256},"EF_shortsword/EF_shortsword_03":{"x":-5.69,"scaleX":2,"scaleY":2,"width":256,"height":256},"EF_shortsword/EF_shortsword_04":{"x":-86.81,"scaleX":2,"scaleY":2,"width":256,"height":256},"EF_shortsword/EF_shortsword_05":{"x":-86.81,"scaleX":2,"scaleY":2,"width":256,"height":256},"EF_shortsword/EF_shortsword_06":{"x":-86.81,"scaleX":2,"scaleY":2,"width":256,"height":256},"EF_shortsword/EF_shortsword_10":{"x":-5.69,"scaleX":2,"scaleY":2,"width":256,"height":256},"EF_shortsword/EF_shortsword_11":{"x":-5.69,"scaleX":2,"scaleY":2,"width":256,"height":256},"EF_shortsword/EF_shortsword_12":{"x":-5.69,"scaleX":2,"scaleY":2,"width":256,"height":256},"EF_shortsword/EF_shortsword_13":{"x":-5.69,"scaleX":2,"scaleY":2,"width":256,"height":256},"EF_shortsword/EF_shortsword_14":{"x":-1.97,"y":-2.37,"scaleX":2,"scaleY":2,"width":256,"height":256},"EF_shortsword/EF_shortsword_15":{"x":-1.97,"y":-2.37,"scaleX":2,"scaleY":2,"width":256,"height":256},"EF_shortsword/EF_shortsword_16":{"x":-1.97,"y":-2.37,"scaleX":2,"scaleY":2,"width":256,"height":256},"EF_shortsword/EF_shortsword_17":{"x":-45,"scaleX":2,"scaleY":2,"width":256,"height":256},"EF_shortsword/EF_shortsword_18":{"x":-45,"scaleX":2,"scaleY":2,"width":256,"height":256}},"EF_shortsword_01":{"EF_shortsword/EF_shortsword_07":{"x":-57.59,"y":17.42,"scaleX":2,"scaleY":2,"width":256,"height":256},"EF_shortsword/EF_shortsword_08":{"x":-88.5,"y":2.24,"scaleX":2,"scaleY":2,"width":256,"height":256},"EF_shortsword/EF_shortsword_09":{"x":-92.43,"y":-0.56,"scaleX":2,"scaleY":2,"width":256,"height":256}},"EF_shortsword_1":{"EF_shortsword/EF_shortsword_07":{"x":-41.81,"y":23.85,"scaleX":2,"scaleY":2,"width":256,"height":256},"EF_shortsword/EF_shortsword_08":{"x":-88.5,"y":2.24,"scaleX":2,"scaleY":2,"width":256,"height":256},"EF_shortsword/EF_shortsword_09":{"x":-92.43,"y":-0.56,"scaleX":2,"scaleY":2,"width":256,"height":256}},"EF_wave1_1":{"EF/ef_wave_main/ef_wave_main_00003":{"y":7.56,"width":200,"height":160},"EF/ef_wave_main/ef_wave_main_00005":{"y":7.56,"width":200,"height":160},"EF/ef_wave_main/ef_wave_main_00007":{"y":7.56,"width":200,"height":160},"EF/ef_wave_main/ef_wave_main_00009":{"y":7.56,"width":200,"height":160},"EF/ef_wave_main/ef_wave_main_00011":{"y":7.56,"width":200,"height":160},"EF/ef_wave_main/ef_wave_main_00013":{"y":7.56,"width":200,"height":160}},"EF_wave1_2":{"EF/ef_wave_main/ef_wave_main_00003":{"y":7.56,"width":200,"height":160},"EF/ef_wave_main/ef_wave_main_00005":{"y":7.56,"width":200,"height":160},"EF/ef_wave_main/ef_wave_main_00007":{"y":7.56,"width":200,"height":160},"EF/ef_wave_main/ef_wave_main_00009":{"y":7.56,"width":200,"height":160},"EF/ef_wave_main/ef_wave_main_00011":{"y":7.56,"width":200,"height":160},"EF/ef_wave_main/ef_wave_main_00013":{"y":7.56,"width":200,"height":160}},"EF_wave1_3":{"EF/ef_wave_main/ef_wave_main_00003":{"y":7.56,"width":200,"height":160},"EF/ef_wave_main/ef_wave_main_00005":{"y":7.56,"width":200,"height":160},"EF/ef_wave_main/ef_wave_main_00007":{"y":7.56,"width":200,"height":160},"EF/ef_wave_main/ef_wave_main_00009":{"y":7.56,"width":200,"height":160},"EF/ef_wave_main/ef_wave_main_00011":{"y":7.56,"width":200,"height":160},"EF/ef_wave_main/ef_wave_main_00013":{"y":7.56,"width":200,"height":160}},"HITBOX":{"HITBOX":{"type":"boundingbox","vertices":[-65.12432,-64.92,64.64064,-64.92,64.64064,64.22996,-63.2793,62.99997]}},"L_shortsword":{"shortsword/shortsword_00":{"x":13.71,"y":1.95,"scaleX":2,"scaleY":2,"width":256,"height":256},"shortsword/shortsword_01":{"x":11.36,"scaleX":2,"scaleY":2,"width":256,"height":256},"shortsword/shortsword_02":{"y":-8.23,"scaleX":2,"scaleY":2,"width":256,"height":256},"shortsword/shortsword_03":{"x":-14.5,"y":-3.52,"scaleX":2,"scaleY":2,"width":256,"height":256},"shortsword/shortsword_04":{"x":-14.5,"scaleX":2,"scaleY":2,"width":256,"height":256},"shortsword/shortsword_05":{"x":-13.71,"y":1.56,"scaleX":2,"scaleY":2,"width":256,"height":256},"shortsword/shortsword_06":{"x":-13.71,"y":1.95,"scaleX":2,"scaleY":2,"width":256,"height":256},"shortsword/shortsword_08":{"y":-12.93,"scaleX":2,"scaleY":2,"width":256,"height":256},"shortsword/shortsword_09":{"x":13.32,"y":0.95,"scaleX":2,"scaleY":2,"width":256,"height":256},"shortsword/shortsword_10":{"x":11.42,"scaleX":2,"scaleY":2,"width":256,"height":256},"shortsword/shortsword_11":{"y":-6.33,"scaleX":2,"scaleY":2,"width":256,"height":256},"shortsword/shortsword_12":{"y":-13.93,"scaleX":2,"scaleY":2,"width":256,"height":256},"shortsword/shortsword_13":{"y":-12.66,"scaleX":2,"scaleY":2,"width":256,"height":256},"shortsword/shortsword_14":{"x":-7.98,"y":1.04,"scaleX":2,"scaleY":2,"width":256,"height":256},"shortsword/shortsword_15":{"x":11.19,"y":3.19,"scaleX":2,"scaleY":2,"width":256,"height":256},"shortsword/shortsword_16":{"x":11.19,"scaleX":2,"scaleY":2,"width":256,"height":256},"shortsword/shortsword_17":{"x":-0.28,"y":-7.52,"scaleX":2,"scaleY":2,"width":256,"height":256},"shortsword/shortsword_18":{"x":-0.84,"y":-14.38,"scaleX":2,"scaleY":2,"width":256,"height":256},"shortsword/shortsword_19":{"x":-11.56,"scaleX":2,"scaleY":2,"width":256,"height":256},"shortsword/shortsword_20":{"x":-4.77,"y":-11.01,"scaleX":2,"scaleY":2,"width":256,"height":256},"shortsword/shortsword_21":{"x":-11.38,"y":-0.36,"scaleX":2,"scaleY":2,"width":256,"height":256},"shortsword/shortsword_22":{"x":3.3,"y":-6.97,"scaleX":2,"scaleY":2,"width":256,"height":256},"shortsword/shortsword_23":{"x":4.03,"y":-8.07,"scaleX":2,"scaleY":2,"width":256,"height":256}},"MAIN":{"attack_00":{"x":-15.6,"y":22.28,"scaleX":2,"scaleY":2,"width":256,"height":256},"attack_01":{"x":-15.6,"y":22.28,"scaleX":2,"scaleY":2,"width":256,"height":256},"attack_02":{"x":-15.6,"y":22.28,"scaleX":2,"scaleY":2,"width":256,"height":256},"attack_03":{"x":-15.6,"y":22.28,"scaleX":2,"scaleY":2,"width":256,"height":256},"attack_04":{"x":-15.6,"y":22.28,"scaleX":2,"scaleY":2,"width":256,"height":256},"attack_05":{"x":-15.6,"y":22.28,"scaleX":2,"scaleY":2,"width":256,"height":256},"attack_06":{"x":-15.6,"y":22.28,"scaleX":2,"scaleY":2,"width":256,"height":256},"attack_07":{"x":-15.6,"y":22.28,"scaleX":2,"scaleY":2,"width":256,"height":256},"back_00":{"x":-15.6,"y":22.28,"scaleX":2,"scaleY":2,"width":256,"height":256},"damage_00":{"x":-15.6,"y":22.28,"scaleX":2,"scaleY":2,"width":256,"height":256},"front_00":{"x":-15.6,"y":22.28,"scaleX":2,"scaleY":2,"width":256,"height":256},"idle_00":{"x":-15.6,"y":22.28,"scaleX":2,"scaleY":2,"width":256,"height":256},"idle_01":{"x":-15.6,"y":22.28,"scaleX":2,"scaleY":2,"width":256,"height":256},"idle_02":{"x":-15.6,"y":22.28,"scaleX":2,"scaleY":2,"width":256,"height":256},"idle_03":{"x":-15.6,"y":22.28,"scaleX":2,"scaleY":2,"width":256,"height":256},"idle_04":{"x":-15.6,"y":22.28,"scaleX":2,"scaleY":2,"width":256,"height":256},"idle_05":{"x":-15.6,"y":22.28,"scaleX":2,"scaleY":2,"width":256,"height":256},"skill1_00":{"x":-15.6,"y":22.28,"scaleX":2,"scaleY":2,"width":256,"height":256},"skill1_01":{"x":-15.6,"y":22.28,"scaleX":2,"scaleY":2,"width":256,"height":256},"skill1_02":{"x":-15.6,"y":22.28,"scaleX":2,"scaleY":2,"width":256,"height":256},"skill1_03":{"x":-15.6,"y":22.28,"scaleX":2,"scaleY":2,"width":256,"height":256},"skill1_04":{"x":-15.6,"y":22.28,"scaleX":2,"scaleY":2,"width":256,"height":256},"skill1_05":{"x":-15.6,"y":22.28,"scaleX":2,"scaleY":2,"width":256,"height":256},"skill1_06":{"x":-15.6,"y":22.28,"scaleX":2,"scaleY":2,"width":256,"height":256},"skill2_00":{"x":-15.6,"y":22.28,"scaleX":2,"scaleY":2,"width":256,"height":256},"skill2_01":{"x":-15.6,"y":22.28,"scaleX":2,"scaleY":2,"width":256,"height":256},"skill2_02":{"x":-15.6,"y":22.28,"scaleX":2,"scaleY":2,"width":256,"height":256},"skill2_03":{"x":-15.6,"y":22.28,"scaleX":2,"scaleY":2,"width":256,"height":256},"skill2_04":{"x":-15.6,"y":22.28,"scaleX":2,"scaleY":2,"width":256,"height":256},"skill2_05":{"x":-15.6,"y":22.28,"scaleX":2,"scaleY":2,"width":256,"height":256},"skill2_06":{"x":-15.6,"y":22.28,"scaleX":2,"scaleY":2,"width":256,"height":256},"skill2_07":{"x":-15.6,"y":22.28,"scaleX":2,"scaleY":2,"width":256,"height":256},"skill2_08":{"x":-15.6,"y":22.28,"scaleX":2,"scaleY":2,"width":256,"height":256},"skill2_09":{"x":-15.6,"y":22.28,"scaleX":2,"scaleY":2,"width":256,"height":256},"skill2_10":{"x":-15.6,"y":22.28,"scaleX":2,"scaleY":2,"width":256,"height":256},"skill2_11":{"x":-15.6,"y":22.28,"scaleX":2,"scaleY":2,"width":256,"height":256},"skill2_12":{"x":-15.6,"y":22.28,"scaleX":2,"scaleY":2,"width":256,"height":256},"skill2_13":{"x":-15.6,"y":22.28,"scaleX":2,"scaleY":2,"width":256,"height":256},"skill2_14":{"x":-15.6,"y":22.28,"scaleX":2,"scaleY":2,"width":256,"height":256}},"R_shortsword":{"shortsword/shortsword_00":{"x":13.71,"y":1.95,"scaleX":2,"scaleY":2,"width":256,"height":256},"shortsword/shortsword_01":{"x":11.36,"scaleX":2,"scaleY":2,"width":256,"height":256},"shortsword/shortsword_02":{"y":-8.23,"scaleX":2,"scaleY":2,"width":256,"height":256},"shortsword/shortsword_03":{"x":-14.5,"y":-3.52,"scaleX":2,"scaleY":2,"width":256,"height":256},"shortsword/shortsword_04":{"x":-14.5,"scaleX":2,"scaleY":2,"width":256,"height":256},"shortsword/shortsword_05":{"x":-13.71,"y":1.56,"scaleX":2,"scaleY":2,"width":256,"height":256},"shortsword/shortsword_06":{"x":-13.71,"y":1.95,"scaleX":2,"scaleY":2,"width":256,"height":256},"shortsword/shortsword_08":{"y":-12.93,"scaleX":2,"scaleY":2,"width":256,"height":256},"shortsword/shortsword_09":{"x":13.32,"y":0.95,"scaleX":2,"scaleY":2,"width":256,"height":256},"shortsword/shortsword_10":{"x":11.42,"scaleX":2,"scaleY":2,"width":256,"height":256},"shortsword/shortsword_11":{"y":-6.33,"scaleX":2,"scaleY":2,"width":256,"height":256},"shortsword/shortsword_12":{"y":-13.93,"scaleX":2,"scaleY":2,"width":256,"height":256},"shortsword/shortsword_13":{"y":-12.66,"scaleX":2,"scaleY":2,"width":256,"height":256},"shortsword/shortsword_14":{"x":-7.98,"y":1.04,"scaleX":2,"scaleY":2,"width":256,"height":256},"shortsword/shortsword_15":{"x":11.19,"y":3.19,"scaleX":2,"scaleY":2,"width":256,"height":256},"shortsword/shortsword_16":{"x":11.19,"scaleX":2,"scaleY":2,"width":256,"height":256},"shortsword/shortsword_17":{"x":-0.28,"y":-7.52,"scaleX":2,"scaleY":2,"width":256,"height":256},"shortsword/shortsword_18":{"x":-0.84,"y":-14.38,"scaleX":2,"scaleY":2,"width":256,"height":256},"shortsword/shortsword_19":{"x":-11.56,"scaleX":2,"scaleY":2,"width":256,"height":256},"shortsword/shortsword_20":{"x":-4.77,"y":-11.01,"scaleX":2,"scaleY":2,"width":256,"height":256},"shortsword/shortsword_21":{"x":-11.38,"y":-0.36,"scaleX":2,"scaleY":2,"width":256,"height":256},"shortsword/shortsword_22":{"x":3.3,"y":-6.97,"scaleX":2,"scaleY":2,"width":256,"height":256},"shortsword/shortsword_23":{"x":4.03,"y":-8.07,"scaleX":2,"scaleY":2,"width":256,"height":256}}}},"events":{"Event":{},"Hit":{},"Sound1":{},"Sound2":{},"Sound3":{},"Voice":{}},"animations":{"attack1":{"slots":{"DAMAGEAREA":{"attachment":[{"time":0.3666,"name":"DAMAGEAREA"},{"time":0.4666,"name":null}]},"EF_fire1":{"attachment":[{"time":0,"name":null},{"time":0.6333,"name":null},{"time":0.8,"name":"EF_shortsword/EF_L_shortaword_03"},{"time":0.9333,"name":"EF_shortsword/EF_L_shortaword_04"},{"time":1,"name":"EF_shortsword/EF_L_shortaword_05"},{"time":1.1333,"name":"EF_shortsword/EF_L_shortaword_00"}]},"EF_fire2":{"attachment":[{"time":0,"name":null},{"time":0.6333,"name":null},{"time":0.8666,"name":"EF_shortsword/EF_R_shortaword_04"},{"time":0.9666,"name":"EF_shortsword/EF_R_shortaword_05"},{"time":1.1333,"name":"EF_shortsword/EF_R_shortaword_00"}]},"EF_largesword":{"attachment":[{"time":0.3333,"name":"EF_largesword/EF_largesword_01"},{"time":0.3666,"name":"EF_largesword/EF_largesword_02"},{"time":0.4,"name":"EF_largesword/EF_largesword_06"},{"time":0.4333,"name":null}]},"EF_shortsword_0":{"attachment":[{"time":0.3,"name":"EF_shortsword/EF_shortsword_00"},{"time":0.3666,"name":"EF_shortsword/EF_shortsword_01"},{"time":0.4,"name":null},{"time":0.6333,"name":"EF_shortsword/EF_shortsword_20"},{"time":0.8666,"name":null},{"time":1.1333,"name":null}]},"EF_shortsword_00":{"attachment":[{"time":0.3,"name":"EF_shortsword/EF_shortsword_00"},{"time":0.3666,"name":"EF_shortsword/EF_shortsword_01"},{"time":0.4,"name":null},{"time":0.6333,"name":"EF_shortsword/EF_shortsword_17"},{"time":0.8,"name":null},{"time":1.1333,"name":null}]},"EF_wave1_1":{"attachment":[{"time":0.3333,"name":"EF/ef_wave_main/ef_wave_main_00003"},{"time":0.3666,"name":"EF/ef_wave_main/ef_wave_main_00005"},{"time":0.4,"name":"EF/ef_wave_main/ef_wave_main_00007"},{"time":0.4333,"name":"EF/ef_wave_main/ef_wave_main_00009"},{"time":0.4666,"name":"EF/ef_wave_main/ef_wave_main_00011"},{"time":0.5,"name":"EF/ef_wave_main/ef_wave_main_00013"},{"time":0.5333,"name":null}]},"L_shortsword":{"attachment":[{"time":0.2666,"name":"shortsword/shortsword_10"},{"time":0.3,"name":"shortsword/shortsword_04"},{"time":0.6333,"name":"shortsword/shortsword_19"},{"time":0.8,"name":"shortsword/shortsword_20"},{"time":0.8666,"name":"shortsword/shortsword_13"},{"time":0.9666,"name":"shortsword/shortsword_08"}]},"MAIN":{"attachment":[{"time":0,"name":"attack_00"},{"time":0.1333,"name":"attack_00"},{"time":0.1666,"name":"attack_01"},{"time":0.2666,"name":"attack_02"},{"time":0.3333,"name":"attack_03"},{"time":0.3666,"name":"attack_04"},{"time":0.4,"name":"attack_05"},{"time":0.6333,"name":"back_00"},{"time":0.8,"name":"idle_04"},{"time":0.9,"name":"idle_05"},{"time":1.1333,"name":"idle_00"}]},"R_shortsword":{"attachment":[{"time":0.3,"name":"shortsword/shortsword_04"},{"time":0.6333,"name":"shortsword/shortsword_03"},{"time":0.9666,"name":"shortsword/shortsword_03"}]}},"bones":{"MAIN":{"translate":[{"time":0,"x":0,"y":0,"curve":"stepped"},{"time":0.1333,"x":0,"y":0,"curve":"stepped"},{"time":0.2666,"x":-25.78,"y":0,"curve":"stepped"},{"time":0.3333,"x":-63.98,"y":0,"curve":"stepped"},{"time":0.7,"x":-63.98,"y":0},{"time":0.7333,"x":-43.64,"y":5.64},{"time":0.8,"x":-2.96,"y":0},{"time":1.1333,"x":0,"y":0}]},"L_shortsword":{"rotate":[{"time":0.3,"angle":46.47,"curve":"stepped"},{"time":0.3666,"angle":-49.09,"curve":"stepped"},{"time":0.9666,"angle":0}],"translate":[{"time":0.3,"x":-88.4,"y":-3.63,"curve":"stepped"},{"time":0.3666,"x":-27.45,"y":65.57,"curve":"stepped"},{"time":0.6333,"x":0,"y":-31.27,"curve":"stepped"},{"time":0.8666,"x":0,"y":-4.44,"curve":"stepped"},{"time":0.9666,"x":0,"y":0}]},"EF_fire2":{"rotate":[{"time":0.3,"angle":-5.16,"curve":"stepped"},{"time":0.3666,"angle":27.04,"curve":"stepped"},{"time":0.6333,"angle":2.54,"curve":"stepped"},{"time":1.1333,"angle":0}],"translate":[{"time":0.3,"x":-15.81,"y":22.71,"curve":"stepped"},{"time":0.3666,"x":-49.84,"y":-4.22,"curve":"stepped"},{"time":0.6333,"x":21.61,"y":-1.53,"curve":"stepped"},{"time":0.8666,"x":0,"y":0,"curve":"stepped"},{"time":0.9666,"x":-0.11,"y":2.61,"curve":"stepped"},{"time":1.1333,"x":0,"y":0}]},"R_shortsword":{"rotate":[{"time":0.2666,"angle":152.66,"curve":"stepped"},{"time":0.3,"angle":2.77,"curve":"stepped"},{"time":0.3666,"angle":-34.7,"curve":"stepped"},{"time":0.6333,"angle":-4.27,"curve":"stepped"},{"time":0.9666,"angle":0}],"translate":[{"time":0.2666,"x":10.19,"y":-69.73,"curve":"stepped"},{"time":0.3,"x":-5.95,"y":43.13,"curve":"stepped"},{"time":0.3666,"x":37.18,"y":140.71,"curve":"stepped"},{"time":0.6333,"x":10.02,"y":-18.26,"curve":"stepped"},{"time":0.8666,"x":11.04,"y":-4.59,"curve":"stepped"},{"time":0.9666,"x":0,"y":0}]},"EF_fire1":{"rotate":[{"time":0.3666,"angle":34.97,"curve":"stepped"},{"time":1.1333,"angle":0}],"translate":[{"time":0.3,"x":-55.64,"y":8.27,"curve":"stepped"},{"time":0.3666,"x":-88,"y":-24.67,"curve":"stepped"},{"time":0.6333,"x":-10.23,"y":-1.2,"curve":"stepped"},{"time":0.9333,"x":-10.23,"y":-1.2,"curve":"stepped"},{"time":1,"x":-5.11,"y":31.58,"curve":"stepped"},{"time":1.1333,"x":0,"y":0}]},"EF_largesword":{"translate":[{"time":0.3333,"x":-249.17,"y":-24.7},{"time":0.3666,"x":-172.85,"y":126.45},{"time":0.4,"x":-197.3,"y":167.21}]},"EF_wave1_1":{"translate":[{"time":0.3333,"x":-186.92,"y":0}]},"DAMAGEAREA":{"translate":[{"time":0.3666,"x":-119.75,"y":102.76}],"scale":[{"time":0.3666,"x":1.827,"y":1.541}]}},"drawOrder":[{"time":0,"offsets":[{"slot":"EF_shortsword_01","offset":-3},{"slot":"EF_shortsword_1","offset":-6}]},{"time":0.2666,"offsets":[{"slot":"MAIN","offset":-8},{"slot":"EF_shortsword_01","offset":-3},{"slot":"EF_shortsword_1","offset":-5}]},{"time":0.3333,"offsets":[{"slot":"EF_wave1_1","offset":-4},{"slot":"MAIN","offset":-7},{"slot":"L_shortsword","offset":-7},{"slot":"EF_largesword","offset":-7},{"slot":"EF_shortsword_01","offset":-1},{"slot":"EF_shortsword_1","offset":-3}]},{"time":0.6333,"offsets":[{"slot":"EF_shortsword_0","offset":-8}]},{"time":0.8666,"offsets":[{"slot":"EF_shortsword_0","offset":-8}]},{"time":0.9666}],"events":[{"time":0,"name":"Event","float":0.15,"string":"kHitStopType_normal"},{"time":0.3333,"name":"Sound1","string":"cri_se_battle_033_explosion_element_01"},{"time":0.3333,"name":"Sound2","string":"setHitSound(se_battle_019_sword_hit_03)"},{"time":0.3333,"name":"Voice","string":"cri_175_voice_attack_random"}]},"back":{"slots":{"EF_fire1":{"attachment":[{"time":0,"name":"EF_shortsword/EF_L_shortaword_05"},{"time":0.0333,"name":null},{"time":0.4,"name":"EF_shortsword/EF_L_shortaword_03"},{"time":0.5333,"name":"EF_shortsword/EF_L_shortaword_04"},{"time":0.6,"name":"EF_shortsword/EF_L_shortaword_05"},{"time":0.6666,"name":"EF_shortsword/EF_L_shortaword_00"}]},"EF_fire2":{"attachment":[{"time":0,"name":"EF_shortsword/EF_R_shortaword_00"},{"time":0.0333,"name":null},{"time":0.4666,"name":"EF_shortsword/EF_R_shortaword_04"},{"time":0.5666,"name":"EF_shortsword/EF_R_shortaword_05"},{"time":0.6666,"name":"EF_shortsword/EF_R_shortaword_00"}]},"EF_shortsword_0":{"attachment":[{"time":0,"name":null},{"time":0.0333,"name":"EF_shortsword/EF_shortsword_20"},{"time":0.4666,"name":null},{"time":0.6666,"name":null}]},"EF_shortsword_00":{"attachment":[{"time":0,"name":null},{"time":0.0333,"name":"EF_shortsword/EF_shortsword_17"},{"time":0.4,"name":null},{"time":0.6666,"name":null}]},"L_shortsword":{"attachment":[{"time":0,"name":"shortsword/shortsword_08"},{"time":0.0333,"name":"shortsword/shortsword_19"},{"time":0.4,"name":"shortsword/shortsword_20"},{"time":0.4666,"name":"shortsword/shortsword_13"},{"time":0.5666,"name":"shortsword/shortsword_08"}]},"MAIN":{"attachment":[{"time":0,"name":"idle_00"},{"time":0.0333,"name":"back_00"},{"time":0.4,"name":"idle_04"},{"time":0.5,"name":"idle_05"},{"time":0.6666,"name":"idle_00"}]},"R_shortsword":{"attachment":[{"time":0,"name":"shortsword/shortsword_03"},{"time":0.0333,"name":"shortsword/shortsword_03"},{"time":0.5666,"name":"shortsword/shortsword_03"}]}},"bones":{"MAIN":{"translate":[{"time":0,"x":0,"y":0},{"time":0.1333,"x":45.09,"y":13.31},{"time":0.4,"x":135.29,"y":0},{"time":0.6666,"x":140,"y":0}]},"R_shortsword":{"rotate":[{"time":0,"angle":0,"curve":"stepped"},{"time":0.0333,"angle":-4.27,"curve":"stepped"},{"time":0.5666,"angle":0}],"translate":[{"time":0,"x":0,"y":0,"curve":"stepped"},{"time":0.0333,"x":10.02,"y":-18.26,"curve":"stepped"},{"time":0.4666,"x":11.04,"y":-4.59,"curve":"stepped"},{"time":0.5666,"x":0,"y":0}]},"L_shortsword":{"rotate":[{"time":0,"angle":0,"curve":"stepped"},{"time":0.5666,"angle":0}],"translate":[{"time":0,"x":0,"y":0,"curve":"stepped"},{"time":0.0333,"x":0,"y":-31.27,"curve":"stepped"},{"time":0.4666,"x":0,"y":-4.44,"curve":"stepped"},{"time":0.5666,"x":0,"y":0}]},"EF_fire2":{"rotate":[{"time":0,"angle":0,"curve":"stepped"},{"time":0.0333,"angle":2.54,"curve":"stepped"},{"time":0.6666,"angle":0}],"translate":[{"time":0,"x":0,"y":0,"curve":"stepped"},{"time":0.0333,"x":21.61,"y":-1.53,"curve":"stepped"},{"time":0.4666,"x":0,"y":0,"curve":"stepped"},{"time":0.5666,"x":-0.11,"y":2.61,"curve":"stepped"},{"time":0.6666,"x":0,"y":0}]},"EF_fire1":{"rotate":[{"time":0,"angle":0,"curve":"stepped"},{"time":0.6666,"angle":0}],"translate":[{"time":0,"x":0,"y":0,"curve":"stepped"},{"time":0.0333,"x":-10.23,"y":-1.2,"curve":"stepped"},{"time":0.5333,"x":-10.23,"y":-1.2,"curve":"stepped"},{"time":0.6,"x":-5.11,"y":31.58,"curve":"stepped"},{"time":0.6666,"x":0,"y":0}]}},"drawOrder":[{"time":0},{"time":0.0333,"offsets":[{"slot":"EF_shortsword_0","offset":-8}]},{"time":0.4666,"offsets":[{"slot":"EF_shortsword_0","offset":-8}]},{"time":0.5666}]},"cast":{"slots":{"EF_fire1":{"attachment":[{"time":0,"name":null},{"time":0.6333,"name":null},{"time":0.8,"name":"EF_shortsword/EF_L_shortaword_03"},{"time":0.9333,"name":"EF_shortsword/EF_L_shortaword_04"},{"time":1,"name":"EF_shortsword/EF_L_shortaword_05"},{"time":1.1333,"name":"EF_shortsword/EF_L_shortaword_00"}]},"EF_largesword":{"attachment":[{"time":0.3333,"name":"EF_largesword/EF_largesword_01"},{"time":0.3666,"name":"EF_largesword/EF_largesword_02"},{"time":0.4,"name":"EF_largesword/EF_largesword_06"},{"time":0.4333,"name":null}]},"EF_shortsword_00":{"attachment":[{"time":0.3,"name":"EF_shortsword/EF_shortsword_00"},{"time":0.3666,"name":"EF_shortsword/EF_shortsword_01"},{"time":0.4,"name":null},{"time":0.6333,"name":"EF_shortsword/EF_shortsword_17"},{"time":0.8,"name":null},{"time":1.1333,"name":null}]},"L_shortsword":{"attachment":[{"time":0.2666,"name":"shortsword/shortsword_10"},{"time":0.3,"name":"shortsword/shortsword_04"},{"time":0.6333,"name":"shortsword/shortsword_19"},{"time":0.8,"name":"shortsword/shortsword_20"},{"time":0.8666,"name":"shortsword/shortsword_13"},{"time":0.9666,"name":"shortsword/shortsword_08"}]},"MAIN":{"attachment":[{"time":0,"name":"attack_00"},{"time":0.1333,"name":"attack_00"},{"time":0.1666,"name":"attack_01"},{"time":0.2666,"name":"attack_02"},{"time":0.3333,"name":"attack_03"},{"time":0.3666,"name":"attack_04"},{"time":0.4,"name":"attack_05"},{"time":0.6333,"name":"back_00"},{"time":0.8,"name":"idle_04"},{"time":0.9,"name":"idle_05"},{"time":1.1333,"name":"idle_00"}]},"R_shortsword":{"attachment":[{"time":0.3,"name":"shortsword/shortsword_04"},{"time":0.6333,"name":"shortsword/shortsword_03"},{"time":0.9666,"name":"shortsword/shortsword_03"}]}},"bones":{"MAIN":{"translate":[{"time":0,"x":0,"y":0,"curve":"stepped"},{"time":0.1333,"x":0,"y":0,"curve":"stepped"},{"time":0.2666,"x":-25.78,"y":0,"curve":"stepped"},{"time":0.3333,"x":-63.98,"y":0,"curve":"stepped"},{"time":0.7,"x":-63.98,"y":0},{"time":0.7333,"x":-43.64,"y":5.64},{"time":0.8,"x":-2.96,"y":0},{"time":1.1333,"x":0,"y":0}]},"L_shortsword":{"rotate":[{"time":0.3,"angle":46.47,"curve":"stepped"},{"time":0.3666,"angle":-49.09,"curve":"stepped"},{"time":0.9666,"angle":0}],"translate":[{"time":0.3,"x":-88.4,"y":-3.63,"curve":"stepped"},{"time":0.3666,"x":-27.45,"y":65.57,"curve":"stepped"},{"time":0.6333,"x":0,"y":-31.27,"curve":"stepped"},{"time":0.8666,"x":0,"y":-4.44,"curve":"stepped"},{"time":0.9666,"x":0,"y":0}]},"R_shortsword":{"rotate":[{"time":0.2666,"angle":152.66,"curve":"stepped"},{"time":0.3,"angle":2.77,"curve":"stepped"},{"time":0.3666,"angle":-34.7,"curve":"stepped"},{"time":0.6333,"angle":-4.27,"curve":"stepped"},{"time":0.9666,"angle":0}],"translate":[{"time":0.2666,"x":10.19,"y":-69.73,"curve":"stepped"},{"time":0.3,"x":-5.95,"y":43.13,"curve":"stepped"},{"time":0.3666,"x":37.18,"y":140.71,"curve":"stepped"},{"time":0.6333,"x":10.02,"y":-18.26,"curve":"stepped"},{"time":0.8666,"x":11.04,"y":-4.59,"curve":"stepped"},{"time":0.9666,"x":0,"y":0}]},"EF_fire1":{"rotate":[{"time":0.3666,"angle":34.97,"curve":"stepped"},{"time":1.1333,"angle":0}],"translate":[{"time":0.3,"x":-55.64,"y":8.27,"curve":"stepped"},{"time":0.3666,"x":-88,"y":-24.67,"curve":"stepped"},{"time":0.6333,"x":-10.23,"y":-1.2,"curve":"stepped"},{"time":0.9333,"x":-10.23,"y":-1.2,"curve":"stepped"},{"time":1,"x":-5.11,"y":31.58,"curve":"stepped"},{"time":1.1333,"x":0,"y":0}]},"EF_largesword":{"translate":[{"time":0.3333,"x":-249.17,"y":-24.7},{"time":0.3666,"x":-172.85,"y":126.45},{"time":0.4,"x":-197.3,"y":167.21}]}},"drawOrder":[{"time":0,"offsets":[{"slot":"EF_shortsword_01","offset":-3},{"slot":"EF_shortsword_1","offset":-6}]},{"time":0.2666,"offsets":[{"slot":"MAIN","offset":-8},{"slot":"EF_shortsword_01","offset":-3},{"slot":"EF_shortsword_1","offset":-5}]},{"time":0.3333,"offsets":[{"slot":"EF_wave1_1","offset":-4},{"slot":"MAIN","offset":-7},{"slot":"L_shortsword","offset":-7},{"slot":"EF_largesword","offset":-7},{"slot":"EF_shortsword_01","offset":-1},{"slot":"EF_shortsword_1","offset":-3}]},{"time":0.6333,"offsets":[{"slot":"EF_shortsword_0","offset":-8}]},{"time":0.8666,"offsets":[{"slot":"EF_shortsword_0","offset":-8}]},{"time":0.9666}],"events":[{"time":0.3333,"name":"Voice","string":"cri_175_voice_item"}]},"damage":{"slots":{"MAIN":{"attachment":[{"time":0,"name":"damage_00"}]}}},"front":{"slots":{"EF_fire1":{"attachment":[{"time":0,"name":null}]},"EF_fire2":{"attachment":[{"time":0,"name":null}]},"EF_shortsword_0":{"attachment":[{"time":0,"name":"EF_shortsword/EF_shortsword_13"}]},"EF_shortsword_00":{"attachment":[{"time":0,"name":"EF_shortsword/EF_shortsword_13"}]},"MAIN":{"attachment":[{"time":0,"name":"front_00"}]},"R_shortsword":{"attachment":[{"time":0,"name":"shortsword/shortsword_22"}]}},"bones":{"R_shortsword":{"rotate":[{"time":0,"angle":-0.97}],"translate":[{"time":0,"x":-19.14,"y":-32.56}]},"L_shortsword":{"rotate":[{"time":0,"angle":24.76}],"translate":[{"time":0,"x":-56.09,"y":-11.49}]},"EF_fire2":{"rotate":[{"time":0,"angle":0.95}],"translate":[{"time":0,"x":39.28,"y":6.86}]},"EF_fire1":{"translate":[{"time":0,"x":-8.29,"y":-8.82}]}},"drawOrder":[{"time":0,"offsets":[{"slot":"EF_shortsword_0","offset":-16}]}]},"idle":{"slots":{"EF_fire1":{"attachment":[{"time":0,"name":"EF_shortsword/EF_L_shortaword_00"},{"time":0.1666,"name":"EF_shortsword/EF_L_shortaword_01"},{"time":0.3333,"name":"EF_shortsword/EF_L_shortaword_02"},{"time":0.5,"name":"EF_shortsword/EF_L_shortaword_03"},{"time":0.6666,"name":"EF_shortsword/EF_L_shortaword_04"},{"time":0.8333,"name":"EF_shortsword/EF_L_shortaword_05"},{"time":1,"name":"EF_shortsword/EF_L_shortaword_00"}]},"EF_fire2":{"attachment":[{"time":0,"name":"EF_shortsword/EF_R_shortaword_00"},{"time":0.1666,"name":"EF_shortsword/EF_R_shortaword_01"},{"time":0.3333,"name":"EF_shortsword/EF_R_shortaword_02"},{"time":0.5,"name":"EF_shortsword/EF_R_shortaword_03"},{"time":0.6666,"name":"EF_shortsword/EF_R_shortaword_04"},{"time":0.8333,"name":"EF_shortsword/EF_R_shortaword_05"},{"time":1,"name":"EF_shortsword/EF_R_shortaword_00"}]},"L_shortsword":{"attachment":[{"time":0,"name":"shortsword/shortsword_08"}]},"MAIN":{"attachment":[{"time":0,"name":"idle_00"},{"time":0.1666,"name":"idle_01"},{"time":0.3333,"name":"idle_02"},{"time":0.5,"name":"idle_03"},{"time":0.6666,"name":"idle_04"},{"time":0.8333,"name":"idle_05"},{"time":1,"name":"idle_00"}]},"R_shortsword":{"attachment":[{"time":0,"name":"shortsword/shortsword_03"}]}},"bones":{"MAIN":{"rotate":[{"time":0,"angle":0}],"translate":[{"time":0,"x":0,"y":0}],"scale":[{"time":0,"x":1,"y":1}]},"L_shortsword":{"rotate":[{"time":0,"angle":0}],"translate":[{"time":0,"x":0,"y":0},{"time":0.5,"x":0,"y":-6.04},{"time":1,"x":0,"y":0}],"scale":[{"time":0,"x":1,"y":1}]},"R_shortsword":{"rotate":[{"time":0,"angle":0}],"translate":[{"time":0,"x":0,"y":0},{"time":0.5,"x":0,"y":-6.04},{"time":1,"x":0,"y":0}],"scale":[{"time":0,"x":1,"y":1}]},"EF_fire1":{"rotate":[{"time":0,"angle":0}],"translate":[{"time":0,"x":0,"y":0,"curve":"stepped"},{"time":0.1666,"x":-2.06,"y":-26.82,"curve":"stepped"},{"time":0.3333,"x":-1.65,"y":-15.62,"curve":"stepped"},{"time":0.5,"x":-1.23,"y":-8.8,"curve":"stepped"},{"time":0.6666,"x":-0.82,"y":10.66,"curve":"stepped"},{"time":0.8333,"x":-0.41,"y":28.67,"curve":"stepped"},{"time":1,"x":0,"y":0}],"scale":[{"time":0,"x":1,"y":1}]},"EF_fire2":{"rotate":[{"time":0,"angle":0}],"translate":[{"time":0,"x":0,"y":0,"curve":"stepped"},{"time":0.1666,"x":0,"y":-2.84,"curve":"stepped"},{"time":0.3333,"x":0,"y":-0.33,"curve":"stepped"},{"time":0.5,"x":0,"y":2.17,"curve":"stepped"},{"time":0.6666,"x":0,"y":4.68,"curve":"stepped"},{"time":0.8333,"x":0,"y":7.2,"curve":"stepped"},{"time":1,"x":0,"y":0}],"scale":[{"time":0,"x":1,"y":1}]},"root":{"rotate":[{"time":0,"angle":0}],"translate":[{"time":0,"x":0,"y":0}],"scale":[{"time":0,"x":1,"y":1}]},"EF_largesword":{"rotate":[{"time":0,"angle":0}],"translate":[{"time":0,"x":0,"y":0}],"scale":[{"time":0,"x":1,"y":1}]}}},"skill1":{"slots":{"DAMAGEAREA":{"attachment":[{"time":0.3,"name":"DAMAGEAREA"},{"time":0.5,"name":null}]},"EF_fire1":{"attachment":[{"time":0,"name":null},{"time":1,"name":"EF_shortsword/EF_L_shortaword_00"}]},"EF_fire2":{"attachment":[{"time":0,"name":null},{"time":1,"name":"EF_shortsword/EF_R_shortaword_00"}]},"EF_wave1_1":{"attachment":[{"time":0,"name":"EF/ef_wave_main/ef_wave_main_00003"},{"time":0.0333,"name":"EF/ef_wave_main/ef_wave_main_00005"},{"time":0.0666,"name":"EF/ef_wave_main/ef_wave_main_00007"},{"time":0.1,"name":"EF/ef_wave_main/ef_wave_main_00009"},{"time":0.1333,"name":"EF/ef_wave_main/ef_wave_main_00011"},{"time":0.1666,"name":"EF/ef_wave_main/ef_wave_main_00013"},{"time":0.2,"name":null},{"time":0.3,"name":"EF/ef_wave_main/ef_wave_main_00003"},{"time":0.3333,"name":"EF/ef_wave_main/ef_wave_main_00005"},{"time":0.3666,"name":"EF/ef_wave_main/ef_wave_main_00007"},{"time":0.4,"name":"EF/ef_wave_main/ef_wave_main_00009"},{"time":0.4333,"name":"EF/ef_wave_main/ef_wave_main_00011"},{"time":0.4666,"name":"EF/ef_wave_main/ef_wave_main_00013"},{"time":0.5,"name":null}],"color":[{"time":0,"color":"ffffffff","curve":"stepped"},{"time":0.1,"color":"ffffffff"},{"time":0.2,"color":"ffffff00","curve":"stepped"},{"time":0.3,"color":"ffffffff","curve":"stepped"},{"time":0.4,"color":"ffffffff"},{"time":0.4666,"color":"ffffff00"}]},"EF_wave1_2":{"attachment":[{"time":0.0666,"name":"EF/ef_wave_main/ef_wave_main_00003"},{"time":0.1,"name":"EF/ef_wave_main/ef_wave_main_00005"},{"time":0.1333,"name":"EF/ef_wave_main/ef_wave_main_00007"},{"time":0.1666,"name":"EF/ef_wave_main/ef_wave_main_00009"},{"time":0.2,"name":"EF/ef_wave_main/ef_wave_main_00011"},{"time":0.2333,"name":"EF/ef_wave_main/ef_wave_main_00013"},{"time":0.2666,"name":null},{"time":0.3333,"name":"EF/ef_wave_main/ef_wave_main_00003"},{"time":0.3666,"name":"EF/ef_wave_main/ef_wave_main_00005"},{"time":0.4,"name":"EF/ef_wave_main/ef_wave_main_00007"},{"time":0.4333,"name":"EF/ef_wave_main/ef_wave_main_00009"},{"time":0.4666,"name":"EF/ef_wave_main/ef_wave_main_00011"},{"time":0.5,"name":"EF/ef_wave_main/ef_wave_main_00013"},{"time":0.5333,"name":null}],"color":[{"time":0.0666,"color":"ffffffff","curve":"stepped"},{"time":0.1666,"color":"ffffffff"},{"time":0.2666,"color":"ffffff00","curve":"stepped"},{"time":0.3333,"color":"ffffffff","curve":"stepped"},{"time":0.4333,"color":"ffffffff"},{"time":0.5333,"color":"ffffff00"}]},"EF_wave1_3":{"attachment":[{"time":0.3666,"name":"EF/ef_wave_main/ef_wave_main_00003"},{"time":0.4,"name":"EF/ef_wave_main/ef_wave_main_00005"},{"time":0.4333,"name":"EF/ef_wave_main/ef_wave_main_00007"},{"time":0.4666,"name":"EF/ef_wave_main/ef_wave_main_00009"},{"time":0.5,"name":"EF/ef_wave_main/ef_wave_main_00011"},{"time":0.5333,"name":"EF/ef_wave_main/ef_wave_main_00013"},{"time":0.5666,"name":null}],"color":[{"time":0.3666,"color":"ffffffff","curve":"stepped"},{"time":0.4666,"color":"ffffffff"},{"time":0.5666,"color":"ffffff00"}]},"L_shortsword":{"attachment":[{"time":0,"name":"shortsword/shortsword_09"},{"time":0.2666,"name":"shortsword/shortsword_11"},{"time":0.3333,"name":"shortsword/shortsword_14"},{"time":1,"name":"shortsword/shortsword_08"}]},"MAIN":{"attachment":[{"time":0,"name":"attack_01"},{"time":0.0333,"name":"attack_00"},{"time":0.1333,"name":"attack_00"},{"time":0.2,"name":"attack_00"},{"time":0.2333,"name":"attack_01"},{"time":0.2666,"name":"attack_02"},{"time":0.3,"name":"skill1_00"},{"time":0.3333,"name":"skill1_01"},{"time":0.3666,"name":"skill1_02"},{"time":0.4333,"name":"skill1_03"},{"time":0.5,"name":"skill1_04"},{"time":0.5666,"name":"skill1_05"},{"time":0.6333,"name":"skill1_06"},{"time":0.8666,"name":"attack_07"},{"time":0.9333,"name":"attack_06"},{"time":1,"name":"idle_00"}]},"R_shortsword":{"attachment":[{"time":0,"name":"shortsword/shortsword_09"},{"time":0.2666,"name":"shortsword/shortsword_11"},{"time":0.3333,"name":"shortsword/shortsword_14"},{"time":1,"name":"shortsword/shortsword_03"}]}},"bones":{"L_shortsword":{"rotate":[{"time":0,"angle":0},{"time":0.2333,"angle":-12.03,"curve":"stepped"},{"time":0.3,"angle":-39.95,"curve":"stepped"},{"time":0.3333,"angle":9.29,"curve":"stepped"},{"time":0.8666,"angle":9.29},{"time":1,"angle":0}],"translate":[{"time":0,"x":2.04,"y":-41.98},{"time":0.2333,"x":1.84,"y":-56.27},{"time":0.2666,"x":-84.23,"y":-121.41},{"time":0.3,"x":-140.29,"y":-94.46},{"time":0.3333,"x":-136.17,"y":-98.97,"curve":"stepped"},{"time":0.8666,"x":-136.17,"y":-98.97},{"time":1,"x":0,"y":0}],"scale":[{"time":1,"x":1,"y":1}]},"MAIN":{"rotate":[{"time":1,"angle":0}],"translate":[{"time":0,"x":0,"y":0},{"time":0.1333,"x":9.33,"y":0,"curve":"stepped"},{"time":0.2,"x":0,"y":0,"curve":"stepped"},{"time":0.2666,"x":-25.78,"y":0,"curve":"stepped"},{"time":0.3333,"x":-145.92,"y":0}],"scale":[{"time":1,"x":1,"y":1}]},"R_shortsword":{"rotate":[{"time":0,"angle":0},{"time":0.2333,"angle":-12.03,"curve":"stepped"},{"time":0.3,"angle":-39.02,"curve":"stepped"},{"time":0.3333,"angle":5.08,"curve":"stepped"},{"time":0.8666,"angle":5.08},{"time":1,"angle":0}],"translate":[{"time":0,"x":82.94,"y":0},{"time":0.2333,"x":74.91,"y":-6.42,"curve":"stepped"},{"time":0.2666,"x":34.33,"y":0.55},{"time":0.3,"x":-47.05,"y":12.81},{"time":0.3333,"x":-30.67,"y":0.86,"curve":"stepped"},{"time":0.3666,"x":-30.67,"y":1.8,"curve":"stepped"},{"time":0.8666,"x":-30.67,"y":1.8},{"time":1,"x":0,"y":0}],"scale":[{"time":1,"x":1,"y":1}]},"EF_wave1_1":{"scale":[{"time":0,"x":1,"y":1},{"time":0.2,"x":1.245,"y":1.245,"curve":"stepped"},{"time":0.3,"x":1,"y":1},{"time":0.5,"x":2.333,"y":2.333}]},"EF_wave1_2":{"translate":[{"time":0.3333,"x":-64.25,"y":0}],"scale":[{"time":0.0666,"x":1,"y":1},{"time":0.2666,"x":1.245,"y":1.245,"curve":"stepped"},{"time":0.3333,"x":1,"y":1},{"time":0.5333,"x":2.333,"y":2.333}]},"EF_wave1_3":{"translate":[{"time":0.3666,"x":-142.79,"y":0}],"scale":[{"time":0.3666,"x":1,"y":1},{"time":0.5666,"x":2.333,"y":2.333}]},"EF_fire1":{"rotate":[{"time":1,"angle":0}],"translate":[{"time":1,"x":0,"y":0}],"scale":[{"time":1,"x":1,"y":1}]},"EF_fire2":{"rotate":[{"time":1,"angle":0}],"translate":[{"time":1,"x":0,"y":0}],"scale":[{"time":1,"x":1,"y":1}]},"root":{"rotate":[{"time":1,"angle":0}],"translate":[{"time":1,"x":0,"y":0}],"scale":[{"time":1,"x":1,"y":1}]},"EF_largesword":{"rotate":[{"time":1,"angle":0}],"translate":[{"time":1,"x":0,"y":0}],"scale":[{"time":1,"x":1,"y":1}]},"DAMAGEAREA":{"translate":[{"time":0.3,"x":-66.32,"y":51.01},{"time":0.3333,"x":-137.72,"y":51.01},{"time":0.4,"x":-227.19,"y":51.01}],"scale":[{"time":0.3,"x":3.89,"y":1.408},{"time":0.3333,"x":4.464,"y":1.408}]}},"drawOrder":[{"time":0,"offsets":[{"slot":"EF_shortsword_01","offset":-3},{"slot":"EF_shortsword_1","offset":-6}]},{"time":0.2666,"offsets":[{"slot":"EF/5100_S2_magic1a","offset":6},{"slot":"EF/magic_1fire","offset":5},{"slot":"R_shortsword","offset":1},{"slot":"EF_shortsword_01","offset":-3},{"slot":"EF_shortsword_1","offset":-5}]},{"time":0.3333,"offsets":[{"slot":"EF/5100_S2_magic1a","offset":10},{"slot":"EF/magic_1fire","offset":9},{"slot":"R_shortsword","offset":5},{"slot":"L_shortsword","offset":-9},{"slot":"EF_largesword","offset":-9},{"slot":"EF_shortsword_01","offset":0},{"slot":"EF_shortsword_1","offset":-5},{"slot":"EF_shortsword_00","offset":-13}]},{"time":1,"offsets":[{"slot":"EF_shortsword_01","offset":-3},{"slot":"EF_shortsword_1","offset":-6}]}],"events":[{"time":0,"name":"Event","string":"setForceImpact(1)"},{"time":0.0666,"name":"Event","string":"setHitBackEnemy(25,0)"},{"time":0.1333,"name":"Event","float":0.1,"string":"kHitStopType_normal"},{"time":0.1666,"name":"Event","string":"kImpactType_knock"},{"time":0.2666,"name":"Sound1","string":"cri_se_battle_033_explosion_element_01"},{"time":0.2666,"name":"Sound3","string":"cri_se_battle_skill_swish"},{"time":0.2666,"name":"Voice","string":"cri_175_voice_skill_all"},{"time":0.3,"name":"Event","string":"shakeGround"},{"time":0.3,"name":"Sound2","string":"setHitSound(se_battle_019_sword_hit_03)"},{"time":0.3666,"name":"Hit","string":"resetHitList"},{"time":0.3666,"name":"Sound2","string":"setHitSound(se_battle_explosion_short)"},{"time":0.4333,"name":"Hit","string":"resetHitList"}]},"skill2":{"slots":{"DAMAGEAREA":{"attachment":[{"time":2.2,"name":"DAMAGEAREA"},{"time":2.3666,"name":null},{"time":2.6666,"name":"DAMAGEAREA"},{"time":3.5,"name":null},{"time":3.9333,"name":"DAMAGEAREA"},{"time":4.0333,"name":null}]},"EF/5100_S2_magic1a":{"attachment":[{"time":0,"name":"EF/5100_S2_magic1a"},{"time":1.3333,"name":"EF/5100_S2_magic1a"}],"color":[{"time":1.3333,"color":"ffffffff"},{"time":1.5333,"color":"ffffff00"}]},"EF/5100_S2_magic1a2":{"attachment":[{"time":0,"name":"EF/5100_S2_magic1a"},{"time":1.3333,"name":"EF/5100_S2_magic1a"}],"color":[{"time":0.1,"color":"ffffffff"},{"time":0.2666,"color":"ffffff00","curve":"stepped"},{"time":1.3333,"color":"ffffffff"},{"time":1.5666,"color":"ffffff00"}]},"EF/magic_1fire":{"attachment":[{"time":0,"name":"EF/magic_1fire"},{"time":1.3333,"name":"EF/magic_1fire"}],"color":[{"time":1.3333,"color":"ffffffff"},{"time":1.5333,"color":"ffffff00"}]},"EF/magic_1fire2":{"attachment":[{"time":0,"name":"EF/magic_1fire"},{"time":1.3333,"name":"EF/magic_1fire"}],"color":[{"time":0.1,"color":"ffffffff"},{"time":0.2666,"color":"ffffff00","curve":"stepped"},{"time":1.3333,"color":"ffffffff"},{"time":1.5666,"color":"ffffff00"}]},"EF_fire1":{"attachment":[{"time":0,"name":"EF_shortsword/EF_L_shortaword_00"},{"time":0.0666,"name":"EF_shortsword/EF_L_shortaword_01"},{"time":0.1333,"name":"EF_shortsword/EF_L_shortaword_02"},{"time":0.2,"name":"EF_shortsword/EF_L_shortaword_03"},{"time":0.2666,"name":"EF_shortsword/EF_L_shortaword_04"},{"time":0.3333,"name":"EF_shortsword/EF_L_shortaword_05"},{"time":0.4,"name":"EF_shortsword/EF_L_shortaword_00"},{"time":0.4666,"name":"EF_shortsword/EF_R_shortaword_00"},{"time":0.5,"name":null},{"time":0.5333,"name":"EF_shortsword/EF_R_shortaword_01"},{"time":0.6,"name":"EF_shortsword/EF_R_shortaword_02"},{"time":0.6666,"name":"EF_shortsword/EF_L_shortaword_03"},{"time":0.7333,"name":"EF_shortsword/EF_L_shortaword_04"},{"time":0.8,"name":"EF_shortsword/EF_L_shortaword_05"},{"time":0.8666,"name":"EF_shortsword/EF_L_shortaword_00"},{"time":0.9333,"name":"EF_shortsword/EF_R_shortaword_00"},{"time":1,"name":"EF_shortsword/EF_R_shortaword_01"},{"time":1.0666,"name":"EF_shortsword/EF_R_shortaword_02"},{"time":1.1333,"name":"EF_shortsword/EF_L_shortaword_03"},{"time":1.2,"name":"EF_shortsword/EF_L_shortaword_04"},{"time":1.2666,"name":"EF_shortsword/EF_L_shortaword_05"},{"time":1.3333,"name":"EF_shortsword/EF_L_shortaword_00"},{"time":1.4,"name":"EF_shortsword/EF_L_shortaword_01"},{"time":1.4666,"name":"EF_shortsword/EF_L_shortaword_02"},{"time":1.5333,"name":"EF_shortsword/EF_L_shortaword_03"},{"time":1.5666,"name":null},{"time":4.4666,"name":"EF_shortsword/EF_L_shortaword_02"}],"color":[{"time":1.5666,"color":"ffffffff"},{"time":1.7,"color":"ffffff00","curve":"stepped"},{"time":2,"color":"ffffff00"},{"time":2.1,"color":"ffffffff"}]},"EF_fire2":{"attachment":[{"time":0,"name":"EF_shortsword/EF_R_shortaword_00"},{"time":0.0666,"name":"EF_shortsword/EF_R_shortaword_01"},{"time":0.1333,"name":"EF_shortsword/EF_R_shortaword_02"},{"time":0.2,"name":"EF_shortsword/EF_R_shortaword_03"},{"time":0.2666,"name":"EF_shortsword/EF_R_shortaword_04"},{"time":0.3333,"name":"EF_shortsword/EF_R_shortaword_05"},{"time":0.4,"name":"EF_shortsword/EF_R_shortaword_00"},{"time":0.4666,"name":"EF_shortsword/EF_R_shortaword_00"},{"time":0.5333,"name":"EF_shortsword/EF_R_shortaword_01"},{"time":0.6,"name":"EF_shortsword/EF_R_shortaword_02"},{"time":0.6666,"name":"EF_shortsword/EF_R_shortaword_03"},{"time":0.7333,"name":"EF_shortsword/EF_R_shortaword_04"},{"time":0.8,"name":"EF_shortsword/EF_R_shortaword_05"},{"time":0.8666,"name":"EF_shortsword/EF_R_shortaword_00"},{"time":0.9333,"name":"EF_shortsword/EF_R_shortaword_00"},{"time":1,"name":"EF_shortsword/EF_R_shortaword_01"},{"time":1.0666,"name":"EF_shortsword/EF_R_shortaword_02"},{"time":1.1333,"name":"EF_shortsword/EF_R_shortaword_03"},{"time":1.2,"name":"EF_shortsword/EF_R_shortaword_04"},{"time":1.2666,"name":"EF_shortsword/EF_R_shortaword_05"},{"time":1.3333,"name":"EF_shortsword/EF_R_shortaword_00"},{"time":1.4,"name":"EF_shortsword/EF_R_shortaword_01"},{"time":1.4666,"name":"EF_shortsword/EF_R_shortaword_02"},{"time":1.5333,"name":"EF_shortsword/EF_R_shortaword_03"},{"time":1.5666,"name":null},{"time":4.4666,"name":"EF_shortsword/EF_R_shortaword_02"}],"color":[{"time":1.5666,"color":"ffffffff"},{"time":1.7,"color":"ffffff00","curve":"stepped"},{"time":2,"color":"ffffff00"},{"time":2.1,"color":"ffffffff"}]},"EF_shortsword_0":{"attachment":[{"time":2.1,"name":"EF_shortsword/EF_shortsword_00"},{"time":2.1666,"name":"EF_shortsword/EF_shortsword_01"},{"time":2.2,"name":null},{"time":3.8666,"name":"EF_shortsword/EF_shortsword_00"},{"time":3.9,"name":"EF_shortsword/EF_shortsword_01"},{"time":3.9666,"name":null}],"color":[{"time":1.5666,"color":"ffffffff"},{"time":1.7,"color":"ffffff00","curve":"stepped"},{"time":2,"color":"ffffff00"},{"time":2.1,"color":"ffffffff"}]},"EF_shortsword_00":{"attachment":[{"time":2.1,"name":"EF_shortsword/EF_shortsword_00"},{"time":2.1666,"name":"EF_shortsword/EF_shortsword_01"},{"time":2.2,"name":null},{"time":3.8666,"name":"EF_shortsword/EF_shortsword_00"},{"time":3.9,"name":"EF_shortsword/EF_shortsword_01"},{"time":3.9666,"name":null}]},"EF_shortsword_1":{"color":[{"time":1.5666,"color":"ffffffff"},{"time":1.7,"color":"ffffff00","curve":"stepped"},{"time":2,"color":"ffffff00"},{"time":2.1,"color":"ffffffff"}]},"EF_shortsword_01":{"color":[{"time":1.5666,"color":"ffffffff"},{"time":1.7,"color":"ffffff00","curve":"stepped"},{"time":2,"color":"ffffff00"},{"time":2.1,"color":"ffffffff"}]},"EF_wave1_1":{"attachment":[{"time":0,"name":"EF/ef_wave_main/ef_wave_main_00003"},{"time":0.0333,"name":"EF/ef_wave_main/ef_wave_main_00005"},{"time":0.0666,"name":"EF/ef_wave_main/ef_wave_main_00007"},{"time":0.1,"name":"EF/ef_wave_main/ef_wave_main_00009"},{"time":0.1333,"name":"EF/ef_wave_main/ef_wave_main_00011"},{"time":0.1666,"name":"EF/ef_wave_main/ef_wave_main_00013"},{"time":0.2,"name":null},{"time":2.0666,"name":"EF/ef_wave_main/ef_wave_main_00003"},{"time":2.1,"name":"EF/ef_wave_main/ef_wave_main_00005"},{"time":2.1333,"name":"EF/ef_wave_main/ef_wave_main_00007"},{"time":2.1666,"name":"EF/ef_wave_main/ef_wave_main_00009"},{"time":2.2,"name":"EF/ef_wave_main/ef_wave_main_00011"},{"time":2.2333,"name":"EF/ef_wave_main/ef_wave_main_00013"},{"time":2.2666,"name":null}]},"EF_wave1_2":{"attachment":[{"time":0.0666,"name":"EF/ef_wave_main/ef_wave_main_00003"},{"time":0.1,"name":"EF/ef_wave_main/ef_wave_main_00005"},{"time":0.1333,"name":"EF/ef_wave_main/ef_wave_main_00007"},{"time":0.1666,"name":"EF/ef_wave_main/ef_wave_main_00009"},{"time":0.2,"name":"EF/ef_wave_main/ef_wave_main_00011"},{"time":0.2333,"name":"EF/ef_wave_main/ef_wave_main_00013"},{"time":0.2666,"name":null},{"time":2.1,"name":"EF/ef_wave_main/ef_wave_main_00003"},{"time":2.1333,"name":"EF/ef_wave_main/ef_wave_main_00005"},{"time":2.1666,"name":"EF/ef_wave_main/ef_wave_main_00007"},{"time":2.2,"name":"EF/ef_wave_main/ef_wave_main_00009"},{"time":2.2333,"name":"EF/ef_wave_main/ef_wave_main_00011"},{"time":2.2666,"name":"EF/ef_wave_main/ef_wave_main_00013"},{"time":2.3,"name":null}]},"EF_wave1_3":{"attachment":[{"time":2.1333,"name":"EF/ef_wave_main/ef_wave_main_00003"},{"time":2.1666,"name":"EF/ef_wave_main/ef_wave_main_00005"},{"time":2.2,"name":"EF/ef_wave_main/ef_wave_main_00007"},{"time":2.2333,"name":"EF/ef_wave_main/ef_wave_main_00009"},{"time":2.2666,"name":"EF/ef_wave_main/ef_wave_main_00011"},{"time":2.3,"name":"EF/ef_wave_main/ef_wave_main_00013"},{"time":2.3333,"name":null}]},"L_shortsword":{"attachment":[{"time":1.5666,"name":"shortsword/shortsword_10"},{"time":2.1,"name":"shortsword/shortsword_04"},{"time":3.4666,"name":"shortsword/shortsword_22"},{"time":3.5666,"name":"shortsword/shortsword_22"},{"time":3.9,"name":"shortsword/shortsword_19"},{"time":4.3,"name":"shortsword/shortsword_08"}],"color":[{"time":1.5666,"color":"ffffffff"},{"time":1.7,"color":"ffffff00","curve":"stepped"},{"time":2,"color":"ffffff00","curve":"stepped"},{"time":2.1,"color":"ffffffff","curve":"stepped"},{"time":2.6333,"color":"ffffffff"},{"time":2.7333,"color":"ffffff00","curve":"stepped"},{"time":3.4666,"color":"ffffff00"},{"time":3.5666,"color":"ffffffff"}]},"MAIN":{"attachment":[{"time":0,"name":"idle_00"},{"time":0.0333,"name":"attack_02"},{"time":0.1,"name":"attack_01"},{"time":0.1666,"name":"attack_00"},{"time":0.2,"name":"skill2_00"},{"time":0.2666,"name":"skill2_01"},{"time":0.3333,"name":"skill2_00"},{"time":0.4,"name":"skill2_01"},{"time":0.4666,"name":"skill2_00"},{"time":0.5333,"name":"skill2_01"},{"time":0.6,"name":"skill2_00"},{"time":0.6666,"name":"skill2_01"},{"time":0.7333,"name":"skill2_00"},{"time":0.8,"name":"skill2_01"},{"time":0.8666,"name":"skill2_00"},{"time":0.9333,"name":"skill2_01"},{"time":1,"name":"skill2_00"},{"time":1.0666,"name":"skill2_01"},{"time":1.1333,"name":"skill2_00"},{"time":1.2,"name":"skill2_01"},{"time":1.5666,"name":"attack_00"},{"time":1.7,"name":"attack_00"},{"time":2.1,"name":"attack_03"},{"time":2.1333,"name":"skill2_02"},{"time":2.1666,"name":"skill2_03"},{"time":2.2666,"name":"skill2_04"},{"time":2.3666,"name":"skill2_05"},{"time":2.5666,"name":"skill2_06"},{"time":2.6,"name":"skill2_07"},{"time":2.6333,"name":"skill2_08"},{"time":2.6666,"name":"skill2_09"},{"time":2.7333,"name":"skill2_10"},{"time":2.9333,"name":"skill2_06"},{"time":2.9666,"name":"skill2_07"},{"time":3,"name":"skill2_08"},{"time":3.0333,"name":"skill2_09"},{"time":3.1,"name":"skill2_10"},{"time":3.5,"name":"skill2_11"},{"time":3.8333,"name":"skill2_12"},{"time":3.9,"name":"skill2_13"},{"time":4.1666,"name":"skill2_14"},{"time":4.2,"name":"attack_07"},{"time":4.3,"name":"attack_06"},{"time":4.4666,"name":"idle_02"}],"color":[{"time":1.5666,"color":"ffffffff"},{"time":1.7,"color":"ffffff00","curve":"stepped"},{"time":2,"color":"ffffff00"},{"time":2.1,"color":"ffffffff"}]},"R_shortsword":{"attachment":[{"time":2.1,"name":"shortsword/shortsword_04"},{"time":3.4666,"name":"shortsword/shortsword_22"},{"time":4.3,"name":"shortsword/shortsword_03"}],"color":[{"time":1.5666,"color":"ffffffff"},{"time":1.7,"color":"ffffff00","curve":"stepped"},{"time":2,"color":"ffffff00"},{"time":2.1,"color":"ffffffff","curve":"stepped"},{"time":2.6333,"color":"ffffffff"},{"time":2.7333,"color":"ffffff00","curve":"stepped"},{"time":3.4666,"color":"ffffff00"},{"time":3.5666,"color":"ffffffff"}]}},"bones":{"EF_fire2":{"rotate":[{"time":2.1,"angle":-5.16,"curve":"stepped"},{"time":2.1666,"angle":27.04,"curve":"stepped"},{"time":3.8666,"angle":-42.52,"curve":"stepped"},{"time":3.9,"angle":-58.83,"curve":"stepped"},{"time":4.3,"angle":0}],"translate":[{"time":0,"x":0,"y":0,"curve":"stepped"},{"time":0.0666,"x":0,"y":-2.84,"curve":"stepped"},{"time":0.1333,"x":0,"y":-0.33,"curve":"stepped"},{"time":0.2,"x":0,"y":2.17,"curve":"stepped"},{"time":0.2666,"x":0,"y":4.68,"curve":"stepped"},{"time":0.3333,"x":0,"y":7.2,"curve":"stepped"},{"time":0.4,"x":0,"y":0,"curve":"stepped"},{"time":0.4666,"x":0,"y":0,"curve":"stepped"},{"time":0.5333,"x":0,"y":-2.84,"curve":"stepped"},{"time":0.6,"x":0,"y":-0.33,"curve":"stepped"},{"time":0.6666,"x":0,"y":2.17,"curve":"stepped"},{"time":0.7333,"x":0,"y":4.68,"curve":"stepped"},{"time":0.8,"x":0,"y":7.2,"curve":"stepped"},{"time":0.8666,"x":0,"y":0,"curve":"stepped"},{"time":0.9333,"x":0,"y":0,"curve":"stepped"},{"time":1,"x":0,"y":-2.84,"curve":"stepped"},{"time":1.0666,"x":0,"y":-0.33,"curve":"stepped"},{"time":1.1333,"x":0,"y":2.17,"curve":"stepped"},{"time":1.2,"x":0,"y":4.68,"curve":"stepped"},{"time":1.2666,"x":0,"y":7.2,"curve":"stepped"},{"time":1.3333,"x":0,"y":0,"curve":"stepped"},{"time":1.4,"x":0,"y":0,"curve":"stepped"},{"time":1.4666,"x":0,"y":-2.84,"curve":"stepped"},{"time":1.5333,"x":0,"y":-0.33,"curve":"stepped"},{"time":2.1,"x":-15.81,"y":22.71,"curve":"stepped"},{"time":2.1666,"x":-49.84,"y":-4.22,"curve":"stepped"},{"time":3.8666,"x":29.48,"y":-0.17,"curve":"stepped"},{"time":3.9,"x":43.04,"y":-33.96,"curve":"stepped"},{"time":4.3,"x":0,"y":0,"curve":"stepped"},{"time":4.4666,"x":0,"y":-0.33}],"scale":[{"time":3.8666,"x":-1,"y":1},{"time":4.3,"x":1,"y":1}]},"L_shortsword":{"rotate":[{"time":2.1,"angle":46.47,"curve":"stepped"},{"time":2.5,"angle":-49.09},{"time":2.6666,"angle":-126.61,"curve":"stepped"},{"time":3.4666,"angle":-0.98,"curve":"stepped"},{"time":3.5666,"angle":-0.98,"curve":"stepped"},{"time":3.8333,"angle":69.77},{"time":3.8666,"angle":91.06},{"time":3.9,"angle":-30.36,"curve":"stepped"},{"time":3.9333,"angle":-13.5,"curve":"stepped"},{"time":4.3,"angle":0}],"translate":[{"time":0,"x":0,"y":0},{"time":0.1333,"x":0,"y":-24.29},{"time":0.2,"x":0,"y":0},{"time":0.2666,"x":0,"y":1.89},{"time":0.3333,"x":0,"y":0},{"time":0.4,"x":0,"y":1.89},{"time":0.4666,"x":0,"y":0},{"time":0.5333,"x":0,"y":1.89},{"time":0.6,"x":0,"y":0},{"time":0.6666,"x":0,"y":1.89},{"time":0.7333,"x":0,"y":0},{"time":0.8,"x":0,"y":1.89},{"time":0.8666,"x":0,"y":0},{"time":0.9333,"x":0,"y":1.89},{"time":1,"x":0,"y":0},{"time":1.0666,"x":0,"y":1.89},{"time":1.1333,"x":0,"y":0},{"time":1.2,"x":0,"y":1.89},{"time":1.2666,"x":0,"y":0},{"time":1.3333,"x":0,"y":1.89},{"time":1.4,"x":0,"y":0},{"time":1.4666,"x":0,"y":1.89},{"time":1.5,"x":0,"y":0},{"time":2.1,"x":-88.4,"y":-3.63,"curve":"stepped"},{"time":2.5,"x":-27.45,"y":65.57},{"time":2.6666,"x":76.42,"y":-15.42,"curve":"stepped"},{"time":3.4666,"x":2.5,"y":36.65,"curve":"stepped"},{"time":3.8333,"x":2.5,"y":62.75,"curve":"stepped"},{"time":3.8666,"x":2.5,"y":75.12,"curve":"stepped"},{"time":3.9,"x":-27.45,"y":-39.78,"curve":"stepped"},{"time":3.9333,"x":-27.45,"y":-51.15,"curve":"stepped"},{"time":4.3,"x":0,"y":0},{"time":4.4666,"x":0,"y":-6.04}],"scale":[{"time":4.3,"x":1,"y":1}]},"MAIN":{"translate":[{"time":0.1666,"x":0,"y":0},{"time":0.2,"x":17.45,"y":0,"curve":"stepped"},{"time":1.5666,"x":18.73,"y":0.48},{"time":1.7,"x":34.93,"y":0.48,"curve":"stepped"},{"time":2.0666,"x":-3.98,"y":-7.53},{"time":2.1,"x":-95.95,"y":-9.41,"curve":"stepped"},{"time":2.1333,"x":-95.95,"y":9.87,"curve":"stepped"},{"time":2.1666,"x":-95.95,"y":98.6},{"time":2.2666,"x":-95.95,"y":243.9},{"time":2.3666,"x":-95.95,"y":263.81},{"time":2.4666,"x":-95.95,"y":253.85,"curve":"stepped"},{"time":2.5,"x":-116.72,"y":267.16,"curve":"stepped"},{"time":2.6,"x":-116.72,"y":268.82,"curve":"stepped"},{"time":2.6666,"x":-153.28,"y":268.82,"curve":"stepped"},{"time":2.9666,"x":-116.72,"y":268.82,"curve":"stepped"},{"time":3.0333,"x":-153.28,"y":268.82,"curve":"stepped"},{"time":3.5,"x":-114.77,"y":305.32},{"time":3.8,"x":-114.77,"y":324.74},{"time":3.8333,"x":-200.56,"y":260.25,"curve":"stepped"},{"time":3.9,"x":-240.99,"y":84.95,"curve":"stepped"},{"time":3.9333,"x":-249.96,"y":-26.81,"curve":"stepped"},{"time":3.9666,"x":-240.99,"y":37.94,"curve":"stepped"},{"time":4,"x":-240.99,"y":4.54,"curve":"stepped"},{"time":4.0333,"x":-240.99,"y":24.33,"curve":"stepped"},{"time":4.2,"x":-240.99,"y":0.91}]},"EF_fire1":{"rotate":[{"time":2.1666,"angle":34.97,"curve":"stepped"},{"time":3.8666,"angle":-37.5,"curve":"stepped"},{"time":3.9,"angle":159.61,"curve":"stepped"},{"time":4.3,"angle":0}],"translate":[{"time":0,"x":0,"y":0,"curve":"stepped"},{"time":0.0666,"x":-2.06,"y":-26.82,"curve":"stepped"},{"time":0.1333,"x":-1.65,"y":-15.62,"curve":"stepped"},{"time":0.2,"x":-1.23,"y":-8.8,"curve":"stepped"},{"time":0.2666,"x":-0.82,"y":10.66,"curve":"stepped"},{"time":0.3333,"x":-0.41,"y":28.67,"curve":"stepped"},{"time":0.4,"x":0,"y":0,"curve":"stepped"},{"time":0.4666,"x":0,"y":0,"curve":"stepped"},{"time":0.5333,"x":-2.06,"y":-26.82,"curve":"stepped"},{"time":0.6,"x":-1.65,"y":-15.62,"curve":"stepped"},{"time":0.6666,"x":-1.23,"y":-8.8,"curve":"stepped"},{"time":0.7333,"x":-0.82,"y":10.66,"curve":"stepped"},{"time":0.8,"x":-0.41,"y":28.67,"curve":"stepped"},{"time":0.8666,"x":0,"y":0,"curve":"stepped"},{"time":0.9333,"x":0,"y":0,"curve":"stepped"},{"time":1,"x":-2.06,"y":-26.82,"curve":"stepped"},{"time":1.0666,"x":-1.65,"y":-15.62,"curve":"stepped"},{"time":1.1333,"x":-1.23,"y":-8.8,"curve":"stepped"},{"time":1.2,"x":-0.82,"y":10.66,"curve":"stepped"},{"time":1.2666,"x":-0.41,"y":28.67,"curve":"stepped"},{"time":1.3333,"x":0,"y":0,"curve":"stepped"},{"time":1.4,"x":0,"y":0,"curve":"stepped"},{"time":1.4666,"x":-2.06,"y":-26.82,"curve":"stepped"},{"time":1.5333,"x":-1.65,"y":-15.62,"curve":"stepped"},{"time":2.1,"x":-55.64,"y":8.27,"curve":"stepped"},{"time":2.1666,"x":-88,"y":-24.67,"curve":"stepped"},{"time":3.8666,"x":-14.09,"y":-11.09,"curve":"stepped"},{"time":3.9,"x":-92.33,"y":2.51,"curve":"stepped"},{"time":4.3,"x":0,"y":0,"curve":"stepped"},{"time":4.4666,"x":-1.65,"y":-15.62}],"scale":[{"time":3.8666,"x":-1,"y":1,"curve":"stepped"},{"time":4.3,"x":1,"y":1}]},"R_shortsword":{"rotate":[{"time":1.5666,"angle":152.66,"curve":"stepped"},{"time":2.1,"angle":2.77,"curve":"stepped"},{"time":2.5,"angle":-34.7},{"time":2.6666,"angle":-112.22,"curve":"stepped"},{"time":3.4666,"angle":44.94,"curve":"stepped"},{"time":3.8333,"angle":68.39,"curve":"stepped"},{"time":3.8666,"angle":107.47,"curve":"stepped"},{"time":3.9,"angle":-161.97,"curve":"stepped"},{"time":3.9333,"angle":-157.42,"curve":"stepped"},{"time":4.3,"angle":0}],"translate":[{"time":0,"x":0,"y":0},{"time":0.1333,"x":0,"y":-24.29},{"time":0.2,"x":0,"y":0},{"time":0.2666,"x":0,"y":1.89},{"time":0.3333,"x":0,"y":0},{"time":0.4,"x":0,"y":1.89},{"time":0.4666,"x":0,"y":0},{"time":0.5333,"x":0,"y":1.89},{"time":0.6,"x":0,"y":0},{"time":0.6666,"x":0,"y":1.89},{"time":0.7333,"x":0,"y":0},{"time":0.8,"x":0,"y":1.89},{"time":0.8666,"x":0,"y":0},{"time":0.9333,"x":0,"y":1.89},{"time":1,"x":0,"y":0},{"time":1.0666,"x":0,"y":1.89},{"time":1.1333,"x":0,"y":0},{"time":1.2,"x":0,"y":1.89},{"time":1.2666,"x":0,"y":0},{"time":1.3333,"x":0,"y":1.89},{"time":1.4,"x":0,"y":0},{"time":1.4666,"x":0,"y":1.89},{"time":1.5,"x":0,"y":0},{"time":1.5666,"x":10.19,"y":-69.73,"curve":"stepped"},{"time":2.1,"x":-5.95,"y":43.13,"curve":"stepped"},{"time":2.5,"x":37.18,"y":140.71},{"time":2.6666,"x":157.93,"y":88.06,"curve":"stepped"},{"time":3.4666,"x":36.22,"y":60.53,"curve":"stepped"},{"time":3.8333,"x":25.59,"y":91.44,"curve":"stepped"},{"time":3.8666,"x":-1.45,"y":100.14,"curve":"stepped"},{"time":3.9,"x":-32.78,"y":-59.53,"curve":"stepped"},{"time":3.9333,"x":-30.23,"y":-67.35,"curve":"stepped"},{"time":4.3,"x":0,"y":0},{"time":4.4666,"x":0,"y":-6.04}],"scale":[{"time":4.3,"x":1,"y":1}]},"EF_wave1_1":{"scale":[{"time":0,"x":1,"y":1},{"time":0.2,"x":1.133,"y":1.133,"curve":"stepped"},{"time":2.0666,"x":1,"y":1},{"time":2.2666,"x":1.133,"y":1.133}]},"EF_wave1_2":{"translate":[{"time":2.1,"x":-58.65,"y":0}],"scale":[{"time":0.0666,"x":1,"y":1},{"time":0.2666,"x":1.133,"y":1.133,"curve":"stepped"},{"time":2.1,"x":1,"y":1},{"time":2.3,"x":1.133,"y":1.133}]},"EF_magic":{"translate":[{"time":0,"x":-644.52,"y":0}],"scale":[{"time":0,"x":0.285,"y":0.285},{"time":0.1,"x":1.608,"y":1.608}]},"EF_magic2":{"translate":[{"time":0,"x":-644.52,"y":0}],"scale":[{"time":0,"x":0.285,"y":0.285,"curve":[0.16,0.6,0.75,1]},{"time":0.2666,"x":2.861,"y":2.861,"curve":"stepped"},{"time":1.3333,"x":1.608,"y":1.608},{"time":1.5666,"x":1.859,"y":1.859}]},"EF_wave1_3":{"translate":[{"time":2.1333,"x":-106.03,"y":0}],"scale":[{"time":2.1333,"x":1,"y":1},{"time":2.3333,"x":1.133,"y":1.133}]},"DAMAGEAREA":{"translate":[{"time":0.0333,"x":0,"y":0},{"time":2.2,"x":-154.31,"y":278.43,"curve":"stepped"},{"time":2.6666,"x":-385.64,"y":325.55,"curve":"stepped"},{"time":3.9333,"x":-336,"y":235.85}],"scale":[{"time":2.2,"x":2.353,"y":4.354,"curve":"stepped"},{"time":2.6666,"x":5.377,"y":5.287,"curve":"stepped"},{"time":3.9333,"x":3.281,"y":3.756}]}},"ffd":{"default":{"EF/5100_S2_magic1a":{"EF/5100_S2_magic1a":[{"time":0.1},{"time":1.5333,"vertices":[16.86888,18.60098,18.60098,-16.86889,-16.86888,-18.60098,-18.60098,16.86889]}]},"EF/magic_1fire":{"EF/magic_1fire":[{"time":0.1},{"time":1.5333,"vertices":[-11.99992,-11.09988,-11.09988,11.99992,11.99992,11.09988,11.09988,-11.99992]}]}}},"drawOrder":[{"time":1.5666,"offsets":[{"slot":"MAIN","offset":-8},{"slot":"L_shortsword","offset":-8},{"slot":"EF_largesword","offset":-8},{"slot":"EF_shortsword_01","offset":-1},{"slot":"EF_shortsword_1","offset":-3}]},{"time":2.7666,"offsets":[{"slot":"R_shortsword","offset":3},{"slot":"EF_shortsword_01","offset":-1},{"slot":"EF_shortsword_1","offset":-3}]},{"time":3.1666,"offsets":[{"slot":"R_shortsword","offset":3},{"slot":"EF_shortsword_01","offset":-1},{"slot":"EF_shortsword_1","offset":-3}]},{"time":4.3}],"events":[{"time":0,"name":"Sound1","string":"cri_se_battle_032_explosion_04"},{"time":0,"name":"Voice","string":"cri_175_voice_fullarts_now"},{"time":0.0333,"name":"Event","string":"setForceImpact(1)"},{"time":0.0666,"name":"Event","float":500,"string":"kImpactType-up"},{"time":0.1,"name":"Event","string":"setHitBackEnemy(50,230)"},{"time":0.1666,"name":"Event","float":2,"string":"shakeGround-Loop"},{"time":1.6,"name":"Sound1","string":"cri_se_battle_teleport"},{"time":1.9666,"name":"Event","int":300,"string":"setPosition-Target"},{"time":2.0666,"name":"Sound1","string":"cri_se_battle_skill_shot"},{"time":2.0666,"name":"Sound2","string":"cri_se_battle_033_explosion_element_01"},{"time":2.0666,"name":"Voice","string":"cri_175_voice_fullarts_rank4"},{"time":2.1666,"name":"Event","float":0.2,"string":"kHitStopType-normal"},{"time":2.1666,"name":"Sound3","string":"setHitSound(se_battle_sword_heavy_hit)"},{"time":2.2333,"name":"Event","string":"setHitBackEnemy(5,0)"},{"time":2.2666,"name":"Event","float":0.5,"string":"kHitStopType_enemyonly"},{"time":2.3,"name":"Hit","string":"resetHitList"},{"time":2.5666,"name":"Event","string":"kImpactType-none"},{"time":2.5666,"name":"Sound1","string":"cri_se_battle_skill_swish"},{"time":2.5666,"name":"Sound2","string":"cri_se_battle_031_explosion_03"},{"time":2.6,"name":"Event","string":"shakeGround"},{"time":2.6666,"name":"Hit","string":"resetHitList"},{"time":2.6666,"name":"Sound3","string":"setHitSound(se_battle_explosion_short)"},{"time":2.7333,"name":"Hit","string":"resetHitList"},{"time":2.7333,"name":"Sound3","string":"setHitSound(empty)"},{"time":2.7666,"name":"Sound1","string":"cri_se_battle_skill_shot"},{"time":2.8,"name":"Event","string":"shakeGround"},{"time":2.8,"name":"Hit","string":"resetHitList"},{"time":2.8,"name":"Sound3","string":"setHitSound(se_battle_explosion_short)"},{"time":2.8666,"name":"Hit","string":"resetHitList"},{"time":2.8666,"name":"Sound3","string":"setHitSound(empty)"},{"time":2.9333,"name":"Event","string":"shakeGround"},{"time":2.9333,"name":"Hit","string":"resetHitList"},{"time":2.9333,"name":"Sound1","string":"cri_se_battle_skill_swish"},{"time":2.9333,"name":"Sound3","string":"setHitSound(se_battle_explosion_short)"},{"time":3,"name":"Hit","string":"resetHitList"},{"time":3,"name":"Sound3","string":"setHitSound(empty)"},{"time":3.0666,"name":"Event","string":"shakeGround"},{"time":3.0666,"name":"Hit","string":"resetHitList"},{"time":3.0666,"name":"Sound3","string":"setHitSound(se_battle_explosion_short)"},{"time":3.1,"name":"Sound1","string":"cri_se_battle_skill_shot"},{"time":3.1333,"name":"Hit","string":"resetHitList"},{"time":3.1333,"name":"Sound3","string":"setHitSound(empty)"},{"time":3.2,"name":"Event","string":"shakeGround"},{"time":3.2,"name":"Hit","string":"resetHitList"},{"time":3.2,"name":"Sound3","string":"setHitSound(se_battle_explosion_short)"},{"time":3.2666,"name":"Hit","string":"resetHitList"},{"time":3.2666,"name":"Sound1","string":"cri_se_battle_skill_swish"},{"time":3.2666,"name":"Sound3","string":"setHitSound(empty)"},{"time":3.3333,"name":"Event","string":"shakeGround"},{"time":3.3333,"name":"Hit","string":"resetHitList"},{"time":3.3333,"name":"Sound3","string":"setHitSound(se_battle_explosion_short)"},{"time":3.4,"name":"Hit","string":"resetHitList"},{"time":3.4,"name":"Sound3","string":"setHitSound(empty)"},{"time":3.4666,"name":"Event","string":"shakeGround"},{"time":3.4666,"name":"Hit","string":"resetHitList"},{"time":3.4666,"name":"Sound3","string":"setHitSound(se_battle_explosion_short)"},{"time":3.5333,"name":"Sound3","string":"setHitSound(empty)"},{"time":3.8333,"name":"Event","float":500,"string":"kImpactType-down"},{"time":3.8333,"name":"Sound1","string":"cri_se_battle_skill_swish"},{"time":3.8666,"name":"Event","string":"shakeGround"},{"time":3.9,"name":"Event","float":0.2,"string":"kHitStopType_normal"},{"time":3.9,"name":"Hit","string":"resetHitList"},{"time":3.9333,"name":"Sound1","string":"cri_se_battle_monster_hit"},{"time":3.9333,"name":"Sound2","string":"cri_se_battle_030_explosion_02"},{"time":3.9333,"name":"Sound3","string":"setHitSound(se_battle_explosion_short)"},{"time":4,"name":"Sound3","string":"setHitSound(empty)"},{"time":4.1,"name":"Event","string":"runScript-addBuff"}]}}}