{"skeleton":{"hash":"p0skCQUG7TGGsWF1hTHGkKlMjkE","spine":"3.0.12","width":0,"height":0,"images":"./images/EF/"},"bones":[{"name":"root"},{"name":"MAIN","parent":"root"},{"name":"S2_water1","parent":"MAIN","x":1408.11,"y":-418.48},{"name":"S2_rock2","parent":"MAIN","x":1116.07,"y":-337.52},{"name":"S2_rock1","parent":"MAIN","x":1117.42,"y":-414.27},{"name":"S2_fire2_2","parent":"MAIN","x":863.81,"y":-418.48},{"name":"S2_fire2_1","parent":"MAIN","x":672.43,"y":-418.48},{"name":"S2_fire1_2","parent":"MAIN","x":1489.54,"y":-287.53},{"name":"S2_fire1_1","parent":"MAIN","x":1338.82,"y":-287.53},{"name":"S2_bolt1","parent":"MAIN","x":676.04,"y":-108.37},{"name":"S1_water1_3","parent":"MAIN","x":1478.24,"y":-0.95},{"name":"S1_water1_2","parent":"MAIN","x":1375.99,"y":-0.95},{"name":"S1_water1_1","parent":"MAIN","x":1274.35,"y":-0.95},{"name":"S1_tower1","parent":"MAIN","x":796.98,"y":-106.51},{"name":"S1_slash1","parent":"MAIN","x":684.2,"y":437.03},{"name":"DAMAGEAREA","parent":"root"}],"slots":[{"name":"S1_slash1","bone":"S1_slash1","blend":"additive"},{"name":"S2_bolt1","bone":"S2_bolt1","blend":"additive"},{"name":"S2_fire1_1","bone":"S2_fire1_1","blend":"additive"},{"name":"S2_fire1_2","bone":"S2_fire1_2","blend":"additive"},{"name":"S2_fire2_1","bone":"S2_fire2_1","blend":"additive"},{"name":"S2_fire2_2","bone":"S2_fire2_2","blend":"additive"},{"name":"S1_tower1","bone":"S1_tower1","blend":"additive"},{"name":"S2_water1","bone":"S2_water1","blend":"additive"},{"name":"S1_water1_1","bone":"S1_water1_1","blend":"additive"},{"name":"S1_water1_2","bone":"S1_water1_2","blend":"additive"},{"name":"S1_water1_3","bone":"S1_water1_3","blend":"additive"},{"name":"S2_rock1","bone":"S2_rock1"},{"name":"S2_rock2","bone":"S2_rock2"},{"name":"DAMAGEAREA","bone":"DAMAGEAREA"}],"skins":{"default":{"DAMAGEAREA":{"DAMAGEAREA":{"type":"boundingbox","vertices":[-100.57751,-101.2912,97.84206,-99.20258,96.79777,95.03978,-99.53323,96.08406,0,0,0,0,0,0,0,0]}},"S1_slash1":{"510_S1_slash1/510_S1_slash1_00000":{"x":-4.23,"y":-9.23,"width":264,"height":105},"510_S1_slash1/510_S1_slash1_00001":{"x":-4.23,"y":-9.23,"width":264,"height":105},"510_S1_slash1/510_S1_slash1_00002":{"x":-4.23,"y":-9.23,"width":264,"height":105},"510_S1_slash1/510_S1_slash1_00003":{"x":-4.23,"y":-9.23,"width":264,"height":105}},"S1_tower1":{"610_S1_tower1/610_S1_tower1_00000":{"x":0.56,"y":85.53,"width":132,"height":182},"610_S1_tower1/610_S1_tower1_00001":{"x":0.56,"y":85.53,"width":132,"height":182},"610_S1_tower1/610_S1_tower1_00002":{"x":0.56,"y":85.53,"width":132,"height":182},"610_S1_tower1/610_S1_tower1_00003":{"x":0.56,"y":85.53,"width":132,"height":182}},"S1_water1_1":{"610_S1_water1/610_S1_water1_00000":{"width":140,"height":132},"610_S1_water1/610_S1_water1_00001":{"width":140,"height":132},"610_S1_water1/610_S1_water1_00002":{"width":140,"height":132}},"S1_water1_2":{"610_S1_water1/610_S1_water1_00000":{"width":140,"height":132},"610_S1_water1/610_S1_water1_00001":{"width":140,"height":132},"610_S1_water1/610_S1_water1_00002":{"width":140,"height":132}},"S1_water1_3":{"610_S1_water1/610_S1_water1_00000":{"width":140,"height":132},"610_S1_water1/610_S1_water1_00001":{"width":140,"height":132},"610_S1_water1/610_S1_water1_00002":{"width":140,"height":132}},"S2_bolt1":{"510_S2_bolt1/510_S2_bolt1_00000":{"x":1.15,"y":109.89,"width":41,"height":254}},"S2_fire1_1":{"510_S2_fire1/510_S2_fire1_00000":{"x":-9.51,"y":2.96,"width":144,"height":144},"510_S2_fire1/510_S2_fire1_00001":{"x":-9.51,"y":2.96,"width":144,"height":144},"510_S2_fire1/510_S2_fire1_00002":{"x":-9.51,"y":2.96,"width":144,"height":144},"510_S2_fire1/510_S2_fire1_00003":{"x":-9.51,"y":2.96,"width":144,"height":144}},"S2_fire1_2":{"510_S2_fire1/510_S2_fire1_00000":{"x":-9.51,"y":2.96,"width":144,"height":144},"510_S2_fire1/510_S2_fire1_00001":{"x":-9.51,"y":2.96,"width":144,"height":144},"510_S2_fire1/510_S2_fire1_00002":{"x":-9.51,"y":2.96,"width":144,"height":144},"510_S2_fire1/510_S2_fire1_00003":{"x":-9.51,"y":2.96,"width":144,"height":144}},"S2_fire2_1":{"510_S2_fire2/510_S2_fire2_00000":{"x":5.81,"y":127.63,"width":183,"height":276},"510_S2_fire2/510_S2_fire2_00001":{"x":5.81,"y":127.63,"width":183,"height":276},"510_S2_fire2/510_S2_fire2_00002":{"x":5.81,"y":127.63,"width":183,"height":276},"510_S2_fire2/510_S2_fire2_00003":{"x":5.81,"y":127.63,"width":183,"height":276},"510_S2_fire2/510_S2_fire2_00004":{"x":5.81,"y":127.63,"width":183,"height":276},"510_S2_fire2/510_S2_fire2_00005":{"x":5.81,"y":127.63,"width":183,"height":276},"510_S2_fire2/510_S2_fire2_00006":{"x":5.81,"y":127.63,"width":183,"height":276},"510_S2_fire2/510_S2_fire2_00007":{"x":5.81,"y":127.63,"width":183,"height":276},"510_S2_fire2/510_S2_fire2_00008":{"x":5.81,"y":127.63,"width":183,"height":276},"510_S2_fire2/510_S2_fire2_00009":{"x":5.81,"y":127.63,"width":183,"height":276},"510_S2_fire2/510_S2_fire2_00010":{"x":5.81,"y":127.63,"width":183,"height":276},"510_S2_fire2/510_S2_fire2_00011":{"x":5.81,"y":127.63,"width":183,"height":276},"510_S2_fire2/510_S2_fire2_00012":{"x":5.81,"y":127.63,"width":183,"height":276}},"S2_fire2_2":{"510_S2_fire2/510_S2_fire2_00000":{"x":5.81,"y":127.63,"width":183,"height":276},"510_S2_fire2/510_S2_fire2_00001":{"x":5.81,"y":127.63,"width":183,"height":276},"510_S2_fire2/510_S2_fire2_00002":{"x":5.81,"y":127.63,"width":183,"height":276},"510_S2_fire2/510_S2_fire2_00003":{"x":5.81,"y":127.63,"width":183,"height":276},"510_S2_fire2/510_S2_fire2_00004":{"x":5.81,"y":127.63,"width":183,"height":276},"510_S2_fire2/510_S2_fire2_00005":{"x":5.81,"y":127.63,"width":183,"height":276},"510_S2_fire2/510_S2_fire2_00006":{"x":5.81,"y":127.63,"width":183,"height":276},"510_S2_fire2/510_S2_fire2_00007":{"x":5.81,"y":127.63,"width":183,"height":276},"510_S2_fire2/510_S2_fire2_00008":{"x":5.81,"y":127.63,"width":183,"height":276},"510_S2_fire2/510_S2_fire2_00009":{"x":5.81,"y":127.63,"width":183,"height":276},"510_S2_fire2/510_S2_fire2_00010":{"x":5.81,"y":127.63,"width":183,"height":276},"510_S2_fire2/510_S2_fire2_00011":{"x":5.81,"y":127.63,"width":183,"height":276},"510_S2_fire2/510_S2_fire2_00012":{"x":5.81,"y":127.63,"width":183,"height":276}},"S2_rock1":{"510_S2_rock1/510_S2_rock1_00000":{"x":0.59,"y":-1.19,"width":257,"height":83}},"S2_rock2":{"510_S2_rock2/510_S2_rock2_00000":{"x":19.75,"y":61.85,"width":240,"height":240},"510_S2_rock2/510_S2_rock2_00001":{"x":19.75,"y":61.85,"width":240,"height":240},"510_S2_rock2/510_S2_rock2_00002":{"x":19.75,"y":61.85,"width":240,"height":240}},"S2_water1":{"610_S2_water1/610_S2_water1_00000":{"x":-5.02,"y":1.7,"width":243,"height":100}}}},"events":{"EFEvent":{},"EFHit":{},"EFHitEffect":{},"Sound1":{},"Sound2":{},"Sound3":{}},"animations":{"1-attack1":{},"1-skill1":{"slots":{"S1_slash1":{"attachment":[{"time":0.3666,"name":"510_S1_slash1/510_S1_slash1_00000"},{"time":0.4,"name":"510_S1_slash1/510_S1_slash1_00001"},{"time":0.4333,"name":"510_S1_slash1/510_S1_slash1_00002"},{"time":0.4666,"name":"510_S1_slash1/510_S1_slash1_00003"}],"color":[{"time":0.4666,"color":"ffffffff","curve":[0.666,0.07,0.96,0.65]},{"time":0.5666,"color":"ffffff00"}]}},"bones":{"S1_slash1":{"translate":[{"time":0.3666,"x":-775.77,"y":-357.67},{"time":0.5,"x":-798.4,"y":-357.67}],"scale":[{"time":0.3666,"x":1.7,"y":1.7,"curve":"stepped"},{"time":0.4666,"x":1.7,"y":1.7,"curve":[0.666,0.07,0.96,0.65]},{"time":0.5666,"x":2.1,"y":2.1}]}}},"1-skill2":{},"1splash":{"slots":{"DAMAGEAREA":{"attachment":[{"time":0.0666,"name":"DAMAGEAREA"},{"time":1,"name":null}]},"S1_tower1":{"attachment":[{"time":0.0666,"name":"610_S1_tower1/610_S1_tower1_00000"},{"time":0.2,"name":"610_S1_tower1/610_S1_tower1_00001"},{"time":0.2666,"name":"610_S1_tower1/610_S1_tower1_00002"},{"time":0.3333,"name":"610_S1_tower1/610_S1_tower1_00003"},{"time":0.4666,"name":null}]},"S1_water1_1":{"attachment":[{"time":0.1333,"name":"610_S1_water1/610_S1_water1_00000"},{"time":0.2,"name":"610_S1_water1/610_S1_water1_00001"},{"time":0.2666,"name":"610_S1_water1/610_S1_water1_00002"},{"time":0.4666,"name":"610_S1_water1/610_S1_water1_00000"},{"time":0.5333,"name":"610_S1_water1/610_S1_water1_00001"},{"time":0.6,"name":"610_S1_water1/610_S1_water1_00002"},{"time":0.7666,"name":"610_S1_water1/610_S1_water1_00000"},{"time":0.8333,"name":"610_S1_water1/610_S1_water1_00001"},{"time":0.9,"name":"610_S1_water1/610_S1_water1_00002"}],"color":[{"time":0.2666,"color":"ffffffff"},{"time":0.4,"color":"ffffff00","curve":"stepped"},{"time":0.4666,"color":"ffffffff","curve":"stepped"},{"time":0.6,"color":"ffffffff"},{"time":0.7333,"color":"ffffff00","curve":"stepped"},{"time":0.7666,"color":"ffffffff","curve":"stepped"},{"time":0.9,"color":"ffffffff"},{"time":1.0333,"color":"ffffff00"}]},"S1_water1_2":{"attachment":[{"time":0.5666,"name":"610_S1_water1/610_S1_water1_00000"},{"time":0.6333,"name":"610_S1_water1/610_S1_water1_00001"},{"time":0.7,"name":"610_S1_water1/610_S1_water1_00002"},{"time":0.8666,"name":"610_S1_water1/610_S1_water1_00000"},{"time":0.9333,"name":"610_S1_water1/610_S1_water1_00001"},{"time":1,"name":"610_S1_water1/610_S1_water1_00002"}],"color":[{"time":0.7,"color":"ffffffff"},{"time":0.8333,"color":"ffffff00","curve":"stepped"},{"time":0.8666,"color":"ffffffff","curve":"stepped"},{"time":1,"color":"ffffffff"},{"time":1.1333,"color":"ffffff00"}]},"S1_water1_3":{"attachment":[{"time":0.6666,"name":"610_S1_water1/610_S1_water1_00000"},{"time":0.7333,"name":"610_S1_water1/610_S1_water1_00001"},{"time":0.8,"name":"610_S1_water1/610_S1_water1_00002"},{"time":0.9666,"name":"610_S1_water1/610_S1_water1_00000"},{"time":1.0333,"name":"610_S1_water1/610_S1_water1_00001"},{"time":1.1,"name":"610_S1_water1/610_S1_water1_00002"},{"time":1.2666,"name":"610_S1_water1/610_S1_water1_00000"},{"time":1.3333,"name":"610_S1_water1/610_S1_water1_00001"},{"time":1.4,"name":"610_S1_water1/610_S1_water1_00002"}],"color":[{"time":0.8,"color":"ffffffff"},{"time":0.9333,"color":"ffffff00","curve":"stepped"},{"time":0.9666,"color":"ffffffff","curve":"stepped"},{"time":1.1,"color":"ffffffff"},{"time":1.2333,"color":"ffffff00","curve":"stepped"},{"time":1.2666,"color":"ffffffff","curve":"stepped"},{"time":1.4,"color":"ffffffff"},{"time":1.5333,"color":"ffffff00"}]},"S2_bolt1":{"attachment":[{"time":0,"name":"510_S2_bolt1/510_S2_bolt1_00000"},{"time":0.3,"name":null}],"color":[{"time":0.2,"color":"ffffffff"},{"time":0.3,"color":"ffffff00"}]},"S2_fire1_1":{"attachment":[{"time":0.6,"name":"510_S2_fire1/510_S2_fire1_00000"},{"time":0.7,"name":"510_S2_fire1/510_S2_fire1_00001"},{"time":0.8,"name":"510_S2_fire1/510_S2_fire1_00002"},{"time":0.9,"name":"510_S2_fire1/510_S2_fire1_00003"}],"color":[{"time":0.6,"color":"ffffffff","curve":"stepped"},{"time":0.7,"color":"ffffffff"},{"time":0.8666,"color":"ffffff00"}]},"S2_fire1_2":{"attachment":[{"time":0.8,"name":"510_S2_fire1/510_S2_fire1_00000"},{"time":0.9,"name":"510_S2_fire1/510_S2_fire1_00001"},{"time":1,"name":"510_S2_fire1/510_S2_fire1_00002"},{"time":1.1,"name":"510_S2_fire1/510_S2_fire1_00003"}],"color":[{"time":0.9,"color":"ffffffff"},{"time":1.0666,"color":"ffffff00"}]},"S2_fire2_1":{"attachment":[{"time":0.4666,"name":"510_S2_fire2/510_S2_fire2_00000"},{"time":0.5333,"name":"510_S2_fire2/510_S2_fire2_00001"},{"time":0.6,"name":"510_S2_fire2/510_S2_fire2_00002"},{"time":0.6666,"name":"510_S2_fire2/510_S2_fire2_00003"},{"time":0.7333,"name":"510_S2_fire2/510_S2_fire2_00004"},{"time":0.8,"name":"510_S2_fire2/510_S2_fire2_00005"},{"time":0.8666,"name":"510_S2_fire2/510_S2_fire2_00006"},{"time":0.9333,"name":"510_S2_fire2/510_S2_fire2_00007"},{"time":1,"name":"510_S2_fire2/510_S2_fire2_00008"},{"time":1.0666,"name":"510_S2_fire2/510_S2_fire2_00009"},{"time":1.1333,"name":"510_S2_fire2/510_S2_fire2_00010"},{"time":1.2,"name":"510_S2_fire2/510_S2_fire2_00011"},{"time":1.2666,"name":"510_S2_fire2/510_S2_fire2_00012"},{"time":1.3333,"name":null}],"color":[{"time":0.8333,"color":"ffffffff"},{"time":1.2,"color":"ffffff00"}]},"S2_rock1":{"attachment":[{"time":0.4666,"name":"510_S2_rock1/510_S2_rock1_00000"},{"time":1.3333,"name":null}],"color":[{"time":0.4666,"color":"ffffff75"},{"time":0.5,"color":"ffffffff","curve":"stepped"},{"time":1.1666,"color":"ffffffff"},{"time":1.3333,"color":"ffffff00"}]},"S2_rock2":{"attachment":[{"time":0.0666,"name":"510_S2_rock2/510_S2_rock2_00000"},{"time":0.1333,"name":"510_S2_rock2/510_S2_rock2_00001"},{"time":0.2,"name":"510_S2_rock2/510_S2_rock2_00002"},{"time":0.2666,"name":null},{"time":0.4666,"name":"510_S2_rock2/510_S2_rock2_00000"},{"time":0.5333,"name":"510_S2_rock2/510_S2_rock2_00001"},{"time":0.6,"name":"510_S2_rock2/510_S2_rock2_00002"},{"time":0.6666,"name":null}]}},"bones":{"S2_bolt1":{"translate":[{"time":0,"x":-1098.34,"y":1179.98},{"time":0.0666,"x":-1098.34,"y":119.69}],"scale":[{"time":0,"x":2,"y":2},{"time":0.0666,"x":3,"y":3},{"time":0.1666,"x":1.7,"y":0.68}]},"S1_tower1":{"translate":[{"time":0.0666,"x":-1212.46,"y":82.61}],"scale":[{"time":0.0666,"x":0.343,"y":0.266},{"time":0.1666,"x":3.4,"y":3.4,"curve":"stepped"},{"time":0.3666,"x":3.4,"y":3.4,"curve":[0.666,0.07,0.96,0.65]},{"time":0.4666,"x":0.343,"y":0.266}]},"S1_water1_1":{"translate":[{"time":0.1333,"x":-1690.2,"y":134.97,"curve":"stepped"},{"time":0.4666,"x":-1765.35,"y":132.45,"curve":"stepped"},{"time":0.7666,"x":-1739.35,"y":491.68}],"scale":[{"time":0.1333,"x":3.7,"y":3.7,"curve":[0.076,0.37,0.232,0.84]},{"time":0.3333,"x":4,"y":4,"curve":"stepped"},{"time":0.4666,"x":3.7,"y":3.7,"curve":[0.076,0.37,0.232,0.84]},{"time":0.6666,"x":4,"y":4,"curve":"stepped"},{"time":0.7666,"x":3.7,"y":3.7,"curve":[0.076,0.37,0.232,0.84]},{"time":0.9666,"x":4,"y":4}]},"S2_rock1":{"translate":[{"time":0.4666,"x":-1550.92,"y":412},{"time":0.5,"x":-1580.52,"y":416.34}],"scale":[{"time":0.4666,"x":1.749,"y":1.749},{"time":0.5,"x":2,"y":2}]},"S1_water1_2":{"translate":[{"time":0.5666,"x":-1696.99,"y":291.58,"curve":"stepped"},{"time":0.8666,"x":-1698.99,"y":215.39}],"scale":[{"time":0.5666,"x":3.8,"y":3.8,"curve":[0.076,0.37,0.232,0.84]},{"time":0.7666,"x":4.3,"y":4.3,"curve":"stepped"},{"time":0.8666,"x":3.8,"y":3.8,"curve":[0.076,0.37,0.232,0.84]},{"time":1.0666,"x":4.3,"y":4.3}]},"S2_fire1_1":{"translate":[{"time":0.6,"x":-1867.76,"y":399.67}],"scale":[{"time":0.6,"x":1.7,"y":1.7}]},"S2_rock2":{"translate":[{"time":0.0666,"x":-1542.99,"y":354.54,"curve":"stepped"},{"time":0.4666,"x":-1588.82,"y":354.54}],"scale":[{"time":0.0666,"x":2,"y":2,"curve":[0.076,0.37,0.232,0.84]},{"time":0.2666,"x":3.5,"y":3.5,"curve":"stepped"},{"time":0.4666,"x":-2,"y":2,"curve":[0.076,0.37,0.232,0.84]},{"time":0.6666,"x":-3.5,"y":3.5}]},"S1_water1_3":{"translate":[{"time":0.6666,"x":-1974.24,"y":228.51,"curve":"stepped"},{"time":0.9666,"x":-1903.24,"y":222.81,"curve":"stepped"},{"time":1.2666,"x":-1795.24,"y":178.79}],"scale":[{"time":0.6666,"x":4,"y":4,"curve":[0.076,0.37,0.232,0.84]},{"time":0.8666,"x":4.5,"y":4.5,"curve":"stepped"},{"time":0.9666,"x":4,"y":4,"curve":[0.076,0.37,0.232,0.84]},{"time":1.1666,"x":4.5,"y":4.5,"curve":"stepped"},{"time":1.2666,"x":4,"y":4,"curve":[0.076,0.37,0.232,0.84]},{"time":1.4666,"x":4.5,"y":4.5}]},"S2_fire1_2":{"translate":[{"time":0.8,"x":-1888.58,"y":644.25}],"scale":[{"time":0.8,"x":1.5,"y":1.5}]},"DAMAGEAREA":{"translate":[{"time":0.0666,"x":-0.04,"y":30.71},{"time":0.1333,"x":-0.04,"y":44.79},{"time":0.2,"x":-0.04,"y":157.47}],"scale":[{"time":0.0666,"x":1.78,"y":0.69},{"time":0.1333,"x":2.33,"y":0.69},{"time":0.2,"x":1.835,"y":1.85,"curve":"stepped"},{"time":0.4666,"x":2.74,"y":1.85},{"time":1,"x":2.42,"y":1.85}]},"MAIN":{"translate":[{"time":0,"x":425.67,"y":0}]},"S2_fire2_1":{"translate":[{"time":0.4666,"x":-1134.61,"y":404.14},{"time":1,"x":-1134.63,"y":420.99}],"scale":[{"time":0.4666,"x":3.42,"y":3.42}]}},"events":[{"time":0,"name":"EFEvent","string":"setPosition_Target"},{"time":0,"name":"EFHitEffect","string":"setHitEffect(hit08b,1,1.25,1)"},{"time":0.0333,"name":"EFEvent","float":0.05,"string":"kHitStopType_enemyonly"},{"time":0.0333,"name":"Sound1","string":"cri_se_battle_spark"},{"time":0.0666,"name":"EFEvent","float":0.1,"string":"shakeGround_Loop"},{"time":0.1,"name":"Sound1","string":"cri_se_battle_explosion_water_01"},{"time":0.1,"name":"Sound2","string":"cri_se_battle_monster_hit"},{"time":0.2,"name":"EFHit","string":"resetHitList"},{"time":0.4333,"name":"EFEvent","float":2,"string":"shakeGround_Loop"},{"time":0.4666,"name":"EFEvent","string":"kImpactType_up"},{"time":0.4666,"name":"EFHit","string":"resetHitList"},{"time":0.4666,"name":"Sound1","string":"cri_se_battle_explosion_water_01"},{"time":0.4666,"name":"Sound2","string":"cri_se_battle_monster_hit"},{"time":0.5666,"name":"EFHit","string":"resetHitList"},{"time":0.5666,"name":"Sound1","string":"setHitSound(se_battle_explosion_water_02)"},{"time":0.6666,"name":"EFHit","string":"resetHitList"},{"time":0.7666,"name":"EFEvent","string":"kImpactType_up"},{"time":0.7666,"name":"EFHit","string":"resetHitList"},{"time":0.8666,"name":"EFHit","string":"resetHitList"}]},"2-attack1":{},"2-skill1":{"slots":{"S1_slash1":{"attachment":[{"time":0.3666,"name":"510_S1_slash1/510_S1_slash1_00000"},{"time":0.4,"name":"510_S1_slash1/510_S1_slash1_00001"},{"time":0.4333,"name":"510_S1_slash1/510_S1_slash1_00002"},{"time":0.4666,"name":"510_S1_slash1/510_S1_slash1_00003"}],"color":[{"time":0.4666,"color":"ffffffff","curve":[0.666,0.07,0.96,0.65]},{"time":0.5333,"color":"ffffff00"}]}},"bones":{"S1_slash1":{"translate":[{"time":0.3666,"x":-775.77,"y":-357.67},{"time":0.5,"x":-798.4,"y":-357.67}],"scale":[{"time":0.3666,"x":2,"y":2,"curve":"stepped"},{"time":0.4333,"x":2,"y":2,"curve":[0.944,0.02,0.96,0.65]},{"time":0.5333,"x":2.5,"y":2.5}]}}},"2-skill2":{},"2splash":{"slots":{"DAMAGEAREA":{"attachment":[{"time":0.0666,"name":"DAMAGEAREA"},{"time":2.0666,"name":null}]},"S1_tower1":{"attachment":[{"time":0.0666,"name":"610_S1_tower1/610_S1_tower1_00000"},{"time":0.2,"name":"610_S1_tower1/610_S1_tower1_00001"},{"time":0.2666,"name":"610_S1_tower1/610_S1_tower1_00002"},{"time":0.3333,"name":"610_S1_tower1/610_S1_tower1_00003"},{"time":0.4666,"name":null}]},"S1_water1_1":{"attachment":[{"time":0.1333,"name":"610_S1_water1/610_S1_water1_00000"},{"time":0.2,"name":"610_S1_water1/610_S1_water1_00001"},{"time":0.2666,"name":"610_S1_water1/610_S1_water1_00002"},{"time":0.4666,"name":"610_S1_water1/610_S1_water1_00000"},{"time":0.5333,"name":"610_S1_water1/610_S1_water1_00001"},{"time":0.6,"name":"610_S1_water1/610_S1_water1_00002"},{"time":0.7666,"name":"610_S1_water1/610_S1_water1_00000"},{"time":0.8333,"name":"610_S1_water1/610_S1_water1_00001"},{"time":0.9,"name":"610_S1_water1/610_S1_water1_00002"},{"time":1.0666,"name":"610_S1_water1/610_S1_water1_00000"},{"time":1.1333,"name":"610_S1_water1/610_S1_water1_00001"},{"time":1.2,"name":"610_S1_water1/610_S1_water1_00002"},{"time":1.3666,"name":"610_S1_water1/610_S1_water1_00000"},{"time":1.4333,"name":"610_S1_water1/610_S1_water1_00001"},{"time":1.5,"name":"610_S1_water1/610_S1_water1_00002"},{"time":1.7333,"name":"610_S1_water1/610_S1_water1_00000"},{"time":1.8,"name":"610_S1_water1/610_S1_water1_00001"},{"time":1.8666,"name":"610_S1_water1/610_S1_water1_00002"}],"color":[{"time":0.2666,"color":"ffffffff"},{"time":0.4,"color":"ffffff00","curve":"stepped"},{"time":0.4666,"color":"ffffffff","curve":"stepped"},{"time":0.6,"color":"ffffffff"},{"time":0.7333,"color":"ffffff00","curve":"stepped"},{"time":0.7666,"color":"ffffffff","curve":"stepped"},{"time":0.9,"color":"ffffffff"},{"time":1.0333,"color":"ffffff00"},{"time":1.0666,"color":"ffffffff","curve":"stepped"},{"time":1.2,"color":"ffffffff"},{"time":1.3333,"color":"ffffff00","curve":"stepped"},{"time":1.3666,"color":"ffffffff","curve":"stepped"},{"time":1.5,"color":"ffffffff"},{"time":1.6333,"color":"ffffff00","curve":"stepped"},{"time":1.7333,"color":"ffffffff","curve":"stepped"},{"time":1.8666,"color":"ffffffff"},{"time":2,"color":"ffffff00"}]},"S1_water1_2":{"attachment":[{"time":0.5666,"name":"610_S1_water1/610_S1_water1_00000"},{"time":0.6333,"name":"610_S1_water1/610_S1_water1_00001"},{"time":0.7,"name":"610_S1_water1/610_S1_water1_00002"},{"time":0.8666,"name":"610_S1_water1/610_S1_water1_00000"},{"time":0.9333,"name":"610_S1_water1/610_S1_water1_00001"},{"time":1,"name":"610_S1_water1/610_S1_water1_00002"},{"time":1.1666,"name":"610_S1_water1/610_S1_water1_00000"},{"time":1.2333,"name":"610_S1_water1/610_S1_water1_00001"},{"time":1.3,"name":"610_S1_water1/610_S1_water1_00002"},{"time":1.4666,"name":"610_S1_water1/610_S1_water1_00000"},{"time":1.5333,"name":"610_S1_water1/610_S1_water1_00001"},{"time":1.6,"name":"610_S1_water1/610_S1_water1_00002"}],"color":[{"time":0.7,"color":"ffffffff"},{"time":0.8333,"color":"ffffff00","curve":"stepped"},{"time":0.8666,"color":"ffffffff","curve":"stepped"},{"time":1,"color":"ffffffff"},{"time":1.1333,"color":"ffffff00"},{"time":1.1666,"color":"ffffffff","curve":"stepped"},{"time":1.3,"color":"ffffffff"},{"time":1.4333,"color":"ffffff00"},{"time":1.4666,"color":"ffffffff","curve":"stepped"},{"time":1.6,"color":"ffffffff"},{"time":1.7333,"color":"ffffff00"}]},"S1_water1_3":{"attachment":[{"time":0.6666,"name":"610_S1_water1/610_S1_water1_00000"},{"time":0.7333,"name":"610_S1_water1/610_S1_water1_00001"},{"time":0.8,"name":"610_S1_water1/610_S1_water1_00002"},{"time":0.9666,"name":"610_S1_water1/610_S1_water1_00000"},{"time":1.0333,"name":"610_S1_water1/610_S1_water1_00001"},{"time":1.1,"name":"610_S1_water1/610_S1_water1_00002"},{"time":1.2666,"name":"610_S1_water1/610_S1_water1_00000"},{"time":1.3333,"name":"610_S1_water1/610_S1_water1_00001"},{"time":1.4,"name":"610_S1_water1/610_S1_water1_00002"},{"time":1.5666,"name":"610_S1_water1/610_S1_water1_00000"},{"time":1.6333,"name":"610_S1_water1/610_S1_water1_00001"},{"time":1.7,"name":"610_S1_water1/610_S1_water1_00002"}],"color":[{"time":0.8,"color":"ffffffff"},{"time":0.9333,"color":"ffffff00","curve":"stepped"},{"time":0.9666,"color":"ffffffff","curve":"stepped"},{"time":1.1,"color":"ffffffff"},{"time":1.2333,"color":"ffffff00","curve":"stepped"},{"time":1.2666,"color":"ffffffff","curve":"stepped"},{"time":1.4,"color":"ffffffff"},{"time":1.5333,"color":"ffffff00","curve":"stepped"},{"time":1.5666,"color":"ffffffff","curve":"stepped"},{"time":1.7,"color":"ffffffff"},{"time":1.8333,"color":"ffffff00"}]},"S2_bolt1":{"attachment":[{"time":0,"name":"510_S2_bolt1/510_S2_bolt1_00000"},{"time":0.3,"name":null}],"color":[{"time":0.2,"color":"ffffffff"},{"time":0.3,"color":"ffffff00"}]},"S2_fire1_1":{"attachment":[{"time":0.6,"name":"510_S2_fire1/510_S2_fire1_00000"},{"time":0.7,"name":"510_S2_fire1/510_S2_fire1_00001"},{"time":0.8,"name":"510_S2_fire1/510_S2_fire1_00002"},{"time":0.9,"name":"510_S2_fire1/510_S2_fire1_00003"},{"time":1.1333,"name":"510_S2_fire1/510_S2_fire1_00000"},{"time":1.2333,"name":"510_S2_fire1/510_S2_fire1_00001"},{"time":1.3333,"name":"510_S2_fire1/510_S2_fire1_00002"},{"time":1.4333,"name":"510_S2_fire1/510_S2_fire1_00003"},{"time":1.7666,"name":"510_S2_fire1/510_S2_fire1_00000"},{"time":1.8666,"name":"510_S2_fire1/510_S2_fire1_00001"},{"time":1.9666,"name":"510_S2_fire1/510_S2_fire1_00002"},{"time":2.0666,"name":"510_S2_fire1/510_S2_fire1_00003"}],"color":[{"time":0.6,"color":"ffffffff","curve":"stepped"},{"time":0.8333,"color":"ffffffff"},{"time":1,"color":"ffffff00","curve":"stepped"},{"time":1.1333,"color":"ffffffff","curve":"stepped"},{"time":1.3666,"color":"ffffffff"},{"time":1.5333,"color":"ffffff00","curve":"stepped"},{"time":1.7666,"color":"ffffffff","curve":"stepped"},{"time":2,"color":"ffffffff"},{"time":2.1666,"color":"ffffff00"}]},"S2_fire1_2":{"attachment":[{"time":0.8,"name":"510_S2_fire1/510_S2_fire1_00000"},{"time":0.9,"name":"510_S2_fire1/510_S2_fire1_00001"},{"time":1,"name":"510_S2_fire1/510_S2_fire1_00002"},{"time":1.1,"name":"510_S2_fire1/510_S2_fire1_00003"},{"time":1.4,"name":"510_S2_fire1/510_S2_fire1_00000"},{"time":1.5,"name":"510_S2_fire1/510_S2_fire1_00001"},{"time":1.6,"name":"510_S2_fire1/510_S2_fire1_00002"},{"time":1.7,"name":"510_S2_fire1/510_S2_fire1_00003"}],"color":[{"time":1.0333,"color":"ffffffff"},{"time":1.2,"color":"ffffff00","curve":"stepped"},{"time":1.4,"color":"ffffffff","curve":"stepped"},{"time":1.6333,"color":"ffffffff"},{"time":1.8,"color":"ffffff00"}]},"S2_fire2_1":{"attachment":[{"time":0.4666,"name":"510_S2_fire2/510_S2_fire2_00000"},{"time":0.5333,"name":"510_S2_fire2/510_S2_fire2_00001"},{"time":0.6,"name":"510_S2_fire2/510_S2_fire2_00002"},{"time":0.6666,"name":"510_S2_fire2/510_S2_fire2_00003"},{"time":0.7333,"name":"510_S2_fire2/510_S2_fire2_00004"},{"time":0.8,"name":"510_S2_fire2/510_S2_fire2_00005"},{"time":0.8666,"name":"510_S2_fire2/510_S2_fire2_00006"},{"time":0.9333,"name":"510_S2_fire2/510_S2_fire2_00007"},{"time":1,"name":"510_S2_fire2/510_S2_fire2_00008"},{"time":1.0666,"name":"510_S2_fire2/510_S2_fire2_00009"},{"time":1.1333,"name":"510_S2_fire2/510_S2_fire2_00010"},{"time":1.2,"name":"510_S2_fire2/510_S2_fire2_00011"},{"time":1.2666,"name":"510_S2_fire2/510_S2_fire2_00012"},{"time":1.3333,"name":null}]},"S2_fire2_2":{"attachment":[{"time":1,"name":"510_S2_fire2/510_S2_fire2_00000"},{"time":1.0666,"name":"510_S2_fire2/510_S2_fire2_00001"},{"time":1.1333,"name":"510_S2_fire2/510_S2_fire2_00002"},{"time":1.2,"name":"510_S2_fire2/510_S2_fire2_00003"},{"time":1.2666,"name":"510_S2_fire2/510_S2_fire2_00004"},{"time":1.3333,"name":"510_S2_fire2/510_S2_fire2_00005"},{"time":1.4,"name":"510_S2_fire2/510_S2_fire2_00006"},{"time":1.4666,"name":"510_S2_fire2/510_S2_fire2_00007"},{"time":1.5333,"name":"510_S2_fire2/510_S2_fire2_00008"},{"time":1.6,"name":"510_S2_fire2/510_S2_fire2_00009"},{"time":1.6666,"name":"510_S2_fire2/510_S2_fire2_00010"},{"time":1.7333,"name":"510_S2_fire2/510_S2_fire2_00011"},{"time":1.8,"name":"510_S2_fire2/510_S2_fire2_00012"}],"color":[{"time":1.7666,"color":"ffffffff"},{"time":1.9,"color":"ffffff00"}]},"S2_rock1":{"attachment":[{"time":0.4666,"name":"510_S2_rock1/510_S2_rock1_00000"},{"time":2.1333,"name":null}],"color":[{"time":0.4666,"color":"ffffff75"},{"time":0.5,"color":"ffffffff","curve":"stepped"},{"time":1.9666,"color":"ffffffff"},{"time":2.1333,"color":"ffffff00"}]},"S2_rock2":{"attachment":[{"time":0.0666,"name":"510_S2_rock2/510_S2_rock2_00000"},{"time":0.1333,"name":"510_S2_rock2/510_S2_rock2_00001"},{"time":0.2,"name":"510_S2_rock2/510_S2_rock2_00002"},{"time":0.2666,"name":null},{"time":0.4666,"name":"510_S2_rock2/510_S2_rock2_00000"},{"time":0.5333,"name":"510_S2_rock2/510_S2_rock2_00001"},{"time":0.6,"name":"510_S2_rock2/510_S2_rock2_00002"},{"time":0.6666,"name":null}]}},"bones":{"S2_bolt1":{"translate":[{"time":0,"x":-1098.34,"y":1179.98},{"time":0.0666,"x":-1098.34,"y":119.69}],"scale":[{"time":0,"x":2.3,"y":2.3},{"time":0.0666,"x":3.301,"y":3.301},{"time":0.1666,"x":2,"y":0.975}]},"S1_tower1":{"translate":[{"time":0.0666,"x":-1212.46,"y":82.61}],"scale":[{"time":0.0666,"x":0.343,"y":0.266},{"time":0.1666,"x":3.709,"y":3.709,"curve":"stepped"},{"time":0.3666,"x":3.709,"y":3.709,"curve":[0.666,0.07,0.96,0.65]},{"time":0.4666,"x":0.343,"y":0.266}]},"S1_water1_1":{"translate":[{"time":0.1333,"x":-1690.2,"y":134.97,"curve":"stepped"},{"time":0.4666,"x":-1765.35,"y":132.45,"curve":"stepped"},{"time":0.7666,"x":-1739.35,"y":491.68,"curve":"stepped"},{"time":1.0666,"x":-1571.35,"y":424.31,"curve":"stepped"},{"time":1.3666,"x":-1645.35,"y":432.66,"curve":"stepped"},{"time":1.7333,"x":-1735.35,"y":326.16}],"scale":[{"time":0.1333,"x":4,"y":4,"curve":[0.076,0.37,0.232,0.84]},{"time":0.3333,"x":4.3,"y":4.3,"curve":"stepped"},{"time":0.4666,"x":4,"y":4,"curve":[0.076,0.37,0.232,0.84]},{"time":0.6666,"x":4.3,"y":4.3,"curve":"stepped"},{"time":0.7666,"x":4,"y":4,"curve":[0.076,0.37,0.232,0.84]},{"time":0.9666,"x":4.3,"y":4.3,"curve":"stepped"},{"time":1.0666,"x":4,"y":4,"curve":[0.076,0.37,0.232,0.84]},{"time":1.2666,"x":4.3,"y":4.3,"curve":"stepped"},{"time":1.3666,"x":4,"y":4,"curve":[0.076,0.37,0.232,0.84]},{"time":1.5666,"x":4.3,"y":4.3,"curve":"stepped"},{"time":1.7333,"x":4,"y":4,"curve":[0.076,0.37,0.232,0.84]},{"time":1.9333,"x":4.3,"y":4.3}]},"S2_fire2_1":{"translate":[{"time":0.4666,"x":-1134.61,"y":404.14},{"time":1,"x":-1134.63,"y":420.99}],"scale":[{"time":0.4666,"x":3.716,"y":3.716}]},"S2_rock1":{"translate":[{"time":0.4666,"x":-1550.92,"y":412},{"time":0.5,"x":-1580.52,"y":416.34}],"scale":[{"time":0.4666,"x":1.749,"y":1.749},{"time":0.5,"x":2,"y":2}]},"S2_fire2_2":{"translate":[{"time":1,"x":-1326.01,"y":420.98}],"scale":[{"time":1,"x":3,"y":3}]},"S1_water1_2":{"translate":[{"time":0.5666,"x":-1696.99,"y":291.58,"curve":"stepped"},{"time":0.8666,"x":-1698.99,"y":215.39,"curve":"stepped"},{"time":1.1666,"x":-1879.99,"y":289.37,"curve":"stepped"},{"time":1.4666,"x":-1718.63,"y":161.09}],"scale":[{"time":0.5666,"x":4.1,"y":4.1,"curve":[0.076,0.37,0.232,0.84]},{"time":0.7666,"x":4.6,"y":4.6,"curve":"stepped"},{"time":0.8666,"x":4.1,"y":4.1,"curve":[0.076,0.37,0.232,0.84]},{"time":1.0666,"x":4.6,"y":4.6,"curve":"stepped"},{"time":1.1666,"x":4.1,"y":4.1,"curve":[0.076,0.37,0.232,0.84]},{"time":1.3666,"x":4.6,"y":4.6,"curve":"stepped"},{"time":1.4666,"x":4.1,"y":4.1,"curve":[0.076,0.37,0.232,0.84]},{"time":1.6666,"x":4.6,"y":4.6}]},"S2_fire1_1":{"translate":[{"time":0.6,"x":-1867.76,"y":399.67,"curve":"stepped"},{"time":1.1333,"x":-1670.82,"y":561.71,"curve":"stepped"},{"time":1.7666,"x":-1779.02,"y":414.03},{"time":2.1666,"x":-1779.02,"y":420.93}],"scale":[{"time":0.6,"x":2,"y":2,"curve":"stepped"},{"time":1.1333,"x":1.6,"y":1.6,"curve":"stepped"},{"time":1.7666,"x":2.301,"y":2.301}]},"S2_rock2":{"translate":[{"time":0.0666,"x":-1542.99,"y":354.54,"curve":"stepped"},{"time":0.4666,"x":-1588.82,"y":354.54}],"scale":[{"time":0.0666,"x":2,"y":2,"curve":[0.076,0.37,0.232,0.84]},{"time":0.2666,"x":3.5,"y":3.5,"curve":"stepped"},{"time":0.4666,"x":-2,"y":2,"curve":[0.076,0.37,0.232,0.84]},{"time":0.6666,"x":-3.5,"y":3.5}]},"S1_water1_3":{"translate":[{"time":0.6666,"x":-1974.24,"y":228.51,"curve":"stepped"},{"time":0.9666,"x":-1903.24,"y":222.81,"curve":"stepped"},{"time":1.2666,"x":-1795.24,"y":178.79,"curve":"stepped"},{"time":1.5666,"x":-1834.24,"y":341.76}],"scale":[{"time":0.6666,"x":4,"y":4,"curve":[0.076,0.37,0.232,0.84]},{"time":0.8666,"x":4.5,"y":4.5,"curve":"stepped"},{"time":0.9666,"x":4,"y":4,"curve":[0.076,0.37,0.232,0.84]},{"time":1.1666,"x":4.5,"y":4.5,"curve":"stepped"},{"time":1.2666,"x":4,"y":4,"curve":[0.076,0.37,0.232,0.84]},{"time":1.4666,"x":4.5,"y":4.5,"curve":"stepped"},{"time":1.5666,"x":4,"y":4,"curve":[0.076,0.37,0.232,0.84]},{"time":1.7666,"x":4.5,"y":4.5}]},"S2_fire1_2":{"translate":[{"time":0.8,"x":-1888.58,"y":644.25,"curve":"stepped"},{"time":1.4,"x":-1873.85,"y":471.4}],"scale":[{"time":0.8,"x":1.8,"y":1.8,"curve":"stepped"},{"time":1.4,"x":1.8,"y":1.8}]},"DAMAGEAREA":{"translate":[{"time":0.0666,"x":-0.04,"y":30.71},{"time":0.1333,"x":-0.04,"y":44.79},{"time":0.2,"x":-0.04,"y":157.47}],"scale":[{"time":0.0666,"x":1.78,"y":0.69},{"time":0.1333,"x":2.33,"y":0.69},{"time":0.2,"x":1.835,"y":1.85,"curve":"stepped"},{"time":0.4666,"x":2.74,"y":1.85},{"time":1.4666,"x":2.14,"y":1.85}]},"MAIN":{"translate":[{"time":0,"x":425.67,"y":0}]}},"events":[{"time":0,"name":"EFEvent","string":"setPosition_Target"},{"time":0,"name":"EFHitEffect","string":"setHitEffect(hit08b,1,1.25,1)"},{"time":0.0333,"name":"EFEvent","float":0.05,"string":"kHitStopType_enemyonly"},{"time":0.0333,"name":"Sound1","string":"cri_se_battle_spark"},{"time":0.0666,"name":"EFEvent","float":0.1,"string":"shakeGround_Loop"},{"time":0.1,"name":"Sound1","string":"cri_se_battle_explosion_water_01"},{"time":0.1,"name":"Sound2","string":"cri_se_battle_monster_hit"},{"time":0.2,"name":"EFHit","string":"resetHitList"},{"time":0.4666,"name":"EFEvent","float":2,"string":"shakeGround_Loop"},{"time":0.4666,"name":"EFHit","string":"resetHitList"},{"time":0.4666,"name":"Sound1","string":"cri_se_battle_explosion_water_01"},{"time":0.4666,"name":"Sound2","string":"cri_se_battle_monster_hit"},{"time":0.5666,"name":"EFHit","string":"resetHitList"},{"time":0.5666,"name":"Sound1","string":"setHitSound(se_battle_explosion_water_02)"},{"time":0.6666,"name":"EFHit","string":"resetHitList"},{"time":0.7666,"name":"EFEvent","string":"kImpactType_up"},{"time":0.7666,"name":"EFHit","string":"resetHitList"},{"time":0.8666,"name":"EFHit","string":"resetHitList"},{"time":0.9666,"name":"EFHit","string":"resetHitList"},{"time":1.0666,"name":"EFEvent","string":"kImpactType_up"},{"time":1.0666,"name":"EFHit","string":"resetHitList"},{"time":1.1666,"name":"EFHit","string":"resetHitList"},{"time":1.2666,"name":"EFHit","string":"resetHitList"},{"time":1.3666,"name":"EFEvent","string":"kImpactType_up"},{"time":1.3666,"name":"EFHit","string":"resetHitList"},{"time":1.4666,"name":"EFHit","string":"resetHitList"},{"time":1.5666,"name":"EFHit","string":"resetHitList"},{"time":1.6666,"name":"EFEvent","string":"kImpactType_up"},{"time":1.6666,"name":"EFHit","string":"resetHitList"},{"time":1.7666,"name":"EFHit","string":"resetHitList"},{"time":1.8666,"name":"EFHit","string":"resetHitList"}]},"empty":{},"skill2-original":{"slots":{"S1_tower1":{"attachment":[{"time":2.2,"name":"610_S1_tower1/610_S1_tower1_00000"},{"time":2.3333,"name":"610_S1_tower1/610_S1_tower1_00001"},{"time":2.4,"name":"610_S1_tower1/610_S1_tower1_00002"},{"time":2.4666,"name":"610_S1_tower1/610_S1_tower1_00003"},{"time":2.6,"name":null}]},"S1_water1_1":{"attachment":[{"time":2.2666,"name":"610_S1_water1/610_S1_water1_00000"},{"time":2.3333,"name":"610_S1_water1/610_S1_water1_00001"},{"time":2.4,"name":"610_S1_water1/610_S1_water1_00002"},{"time":2.6,"name":"610_S1_water1/610_S1_water1_00000"},{"time":2.6666,"name":"610_S1_water1/610_S1_water1_00001"},{"time":2.7333,"name":"610_S1_water1/610_S1_water1_00002"},{"time":2.9,"name":"610_S1_water1/610_S1_water1_00000"},{"time":2.9666,"name":"610_S1_water1/610_S1_water1_00001"},{"time":3.0333,"name":"610_S1_water1/610_S1_water1_00002"},{"time":3.2,"name":"610_S1_water1/610_S1_water1_00000"},{"time":3.2666,"name":"610_S1_water1/610_S1_water1_00001"},{"time":3.3333,"name":"610_S1_water1/610_S1_water1_00002"},{"time":3.5,"name":"610_S1_water1/610_S1_water1_00000"},{"time":3.5666,"name":"610_S1_water1/610_S1_water1_00001"},{"time":3.6333,"name":"610_S1_water1/610_S1_water1_00002"},{"time":3.8666,"name":"610_S1_water1/610_S1_water1_00000"},{"time":3.9333,"name":"610_S1_water1/610_S1_water1_00001"},{"time":4,"name":"610_S1_water1/610_S1_water1_00002"}],"color":[{"time":2.4,"color":"ffffffff"},{"time":2.5333,"color":"ffffff00","curve":"stepped"},{"time":2.6,"color":"ffffffff","curve":"stepped"},{"time":2.7333,"color":"ffffffff"},{"time":2.8666,"color":"ffffff00","curve":"stepped"},{"time":2.9,"color":"ffffffff","curve":"stepped"},{"time":3.0333,"color":"ffffffff"},{"time":3.1666,"color":"ffffff00"},{"time":3.2,"color":"ffffffff","curve":"stepped"},{"time":3.3333,"color":"ffffffff"},{"time":3.4666,"color":"ffffff00","curve":"stepped"},{"time":3.5,"color":"ffffffff","curve":"stepped"},{"time":3.6333,"color":"ffffffff"},{"time":3.7666,"color":"ffffff00","curve":"stepped"},{"time":3.8666,"color":"ffffffff","curve":"stepped"},{"time":4,"color":"ffffffff"},{"time":4.1333,"color":"ffffff00"}]},"S1_water1_2":{"attachment":[{"time":2.7,"name":"610_S1_water1/610_S1_water1_00000"},{"time":2.7666,"name":"610_S1_water1/610_S1_water1_00001"},{"time":2.8333,"name":"610_S1_water1/610_S1_water1_00002"},{"time":3,"name":"610_S1_water1/610_S1_water1_00000"},{"time":3.0666,"name":"610_S1_water1/610_S1_water1_00001"},{"time":3.1333,"name":"610_S1_water1/610_S1_water1_00002"},{"time":3.3,"name":"610_S1_water1/610_S1_water1_00000"},{"time":3.3666,"name":"610_S1_water1/610_S1_water1_00001"},{"time":3.4333,"name":"610_S1_water1/610_S1_water1_00002"},{"time":3.6,"name":"610_S1_water1/610_S1_water1_00000"},{"time":3.6666,"name":"610_S1_water1/610_S1_water1_00001"},{"time":3.7333,"name":"610_S1_water1/610_S1_water1_00002"}],"color":[{"time":2.8333,"color":"ffffffff"},{"time":2.9666,"color":"ffffff00","curve":"stepped"},{"time":3,"color":"ffffffff","curve":"stepped"},{"time":3.1333,"color":"ffffffff"},{"time":3.2666,"color":"ffffff00"},{"time":3.3,"color":"ffffffff","curve":"stepped"},{"time":3.4333,"color":"ffffffff"},{"time":3.5666,"color":"ffffff00"},{"time":3.6,"color":"ffffffff","curve":"stepped"},{"time":3.7333,"color":"ffffffff"},{"time":3.8666,"color":"ffffff00"}]},"S1_water1_3":{"attachment":[{"time":2.8,"name":"610_S1_water1/610_S1_water1_00000"},{"time":2.8666,"name":"610_S1_water1/610_S1_water1_00001"},{"time":2.9333,"name":"610_S1_water1/610_S1_water1_00002"},{"time":3.1,"name":"610_S1_water1/610_S1_water1_00000"},{"time":3.1666,"name":"610_S1_water1/610_S1_water1_00001"},{"time":3.2333,"name":"610_S1_water1/610_S1_water1_00002"},{"time":3.4,"name":"610_S1_water1/610_S1_water1_00000"},{"time":3.4666,"name":"610_S1_water1/610_S1_water1_00001"},{"time":3.5333,"name":"610_S1_water1/610_S1_water1_00002"},{"time":3.7,"name":"610_S1_water1/610_S1_water1_00000"},{"time":3.7666,"name":"610_S1_water1/610_S1_water1_00001"},{"time":3.8333,"name":"610_S1_water1/610_S1_water1_00002"}],"color":[{"time":2.9333,"color":"ffffffff"},{"time":3.0666,"color":"ffffff00","curve":"stepped"},{"time":3.1,"color":"ffffffff","curve":"stepped"},{"time":3.2333,"color":"ffffffff"},{"time":3.3666,"color":"ffffff00","curve":"stepped"},{"time":3.4,"color":"ffffffff","curve":"stepped"},{"time":3.5333,"color":"ffffffff"},{"time":3.6666,"color":"ffffff00","curve":"stepped"},{"time":3.7,"color":"ffffffff","curve":"stepped"},{"time":3.8333,"color":"ffffffff"},{"time":3.9666,"color":"ffffff00"}]},"S2_bolt1":{"attachment":[{"time":2.1333,"name":"510_S2_bolt1/510_S2_bolt1_00000"},{"time":2.4333,"name":null}],"color":[{"time":2.3333,"color":"ffffffff"},{"time":2.4333,"color":"ffffff00"}]},"S2_fire1_1":{"attachment":[{"time":2.7333,"name":"510_S2_fire1/510_S2_fire1_00000"},{"time":2.8333,"name":"510_S2_fire1/510_S2_fire1_00001"},{"time":2.9333,"name":"510_S2_fire1/510_S2_fire1_00002"},{"time":3.0333,"name":"510_S2_fire1/510_S2_fire1_00003"},{"time":3.2666,"name":"510_S2_fire1/510_S2_fire1_00000"},{"time":3.3666,"name":"510_S2_fire1/510_S2_fire1_00001"},{"time":3.4666,"name":"510_S2_fire1/510_S2_fire1_00002"},{"time":3.5666,"name":"510_S2_fire1/510_S2_fire1_00003"},{"time":3.9,"name":"510_S2_fire1/510_S2_fire1_00000"},{"time":4,"name":"510_S2_fire1/510_S2_fire1_00001"},{"time":4.1,"name":"510_S2_fire1/510_S2_fire1_00002"},{"time":4.2,"name":"510_S2_fire1/510_S2_fire1_00003"}],"color":[{"time":2.7333,"color":"ffffffff","curve":"stepped"},{"time":2.9666,"color":"ffffffff"},{"time":3.1333,"color":"ffffff00","curve":"stepped"},{"time":3.2666,"color":"ffffffff","curve":"stepped"},{"time":3.5,"color":"ffffffff"},{"time":3.6666,"color":"ffffff00","curve":"stepped"},{"time":3.9,"color":"ffffffff","curve":"stepped"},{"time":4.1333,"color":"ffffffff"},{"time":4.3,"color":"ffffff00"}]},"S2_fire1_2":{"attachment":[{"time":2.9333,"name":"510_S2_fire1/510_S2_fire1_00000"},{"time":3.0333,"name":"510_S2_fire1/510_S2_fire1_00001"},{"time":3.1333,"name":"510_S2_fire1/510_S2_fire1_00002"},{"time":3.2333,"name":"510_S2_fire1/510_S2_fire1_00003"},{"time":3.5333,"name":"510_S2_fire1/510_S2_fire1_00000"},{"time":3.6333,"name":"510_S2_fire1/510_S2_fire1_00001"},{"time":3.7333,"name":"510_S2_fire1/510_S2_fire1_00002"},{"time":3.8333,"name":"510_S2_fire1/510_S2_fire1_00003"}],"color":[{"time":3.1666,"color":"ffffffff"},{"time":3.3333,"color":"ffffff00","curve":"stepped"},{"time":3.5333,"color":"ffffffff","curve":"stepped"},{"time":3.7666,"color":"ffffffff"},{"time":3.9333,"color":"ffffff00"}]},"S2_fire2_1":{"attachment":[{"time":2.6,"name":"510_S2_fire2/510_S2_fire2_00000"},{"time":2.6666,"name":"510_S2_fire2/510_S2_fire2_00001"},{"time":2.7333,"name":"510_S2_fire2/510_S2_fire2_00002"},{"time":2.8,"name":"510_S2_fire2/510_S2_fire2_00003"},{"time":2.8666,"name":"510_S2_fire2/510_S2_fire2_00004"},{"time":2.9333,"name":"510_S2_fire2/510_S2_fire2_00005"},{"time":3,"name":"510_S2_fire2/510_S2_fire2_00006"},{"time":3.0666,"name":"510_S2_fire2/510_S2_fire2_00007"},{"time":3.1333,"name":"510_S2_fire2/510_S2_fire2_00008"},{"time":3.2,"name":"510_S2_fire2/510_S2_fire2_00009"},{"time":3.2666,"name":"510_S2_fire2/510_S2_fire2_00010"},{"time":3.3333,"name":"510_S2_fire2/510_S2_fire2_00011"},{"time":3.4,"name":"510_S2_fire2/510_S2_fire2_00012"},{"time":3.4666,"name":null}]},"S2_fire2_2":{"attachment":[{"time":3.1333,"name":"510_S2_fire2/510_S2_fire2_00000"},{"time":3.2,"name":"510_S2_fire2/510_S2_fire2_00001"},{"time":3.2666,"name":"510_S2_fire2/510_S2_fire2_00002"},{"time":3.3333,"name":"510_S2_fire2/510_S2_fire2_00003"},{"time":3.4,"name":"510_S2_fire2/510_S2_fire2_00004"},{"time":3.4666,"name":"510_S2_fire2/510_S2_fire2_00005"},{"time":3.5333,"name":"510_S2_fire2/510_S2_fire2_00006"},{"time":3.6,"name":"510_S2_fire2/510_S2_fire2_00007"},{"time":3.6666,"name":"510_S2_fire2/510_S2_fire2_00008"},{"time":3.7333,"name":"510_S2_fire2/510_S2_fire2_00009"},{"time":3.8,"name":"510_S2_fire2/510_S2_fire2_00010"},{"time":3.8666,"name":"510_S2_fire2/510_S2_fire2_00011"},{"time":3.9333,"name":"510_S2_fire2/510_S2_fire2_00012"}],"color":[{"time":3.9,"color":"ffffffff"},{"time":4.0333,"color":"ffffff00"}]},"S2_rock1":{"attachment":[{"time":2.6,"name":"510_S2_rock1/510_S2_rock1_00000"},{"time":4.2666,"name":null}],"color":[{"time":2.6,"color":"ffffff75"},{"time":2.6333,"color":"ffffffff","curve":"stepped"},{"time":4.1,"color":"ffffffff"},{"time":4.2666,"color":"ffffff00"}]},"S2_rock2":{"attachment":[{"time":2.2,"name":"510_S2_rock2/510_S2_rock2_00000"},{"time":2.2666,"name":"510_S2_rock2/510_S2_rock2_00001"},{"time":2.3333,"name":"510_S2_rock2/510_S2_rock2_00002"},{"time":2.4,"name":null},{"time":2.6,"name":"510_S2_rock2/510_S2_rock2_00000"},{"time":2.6666,"name":"510_S2_rock2/510_S2_rock2_00001"},{"time":2.7333,"name":"510_S2_rock2/510_S2_rock2_00002"},{"time":2.8,"name":null}]}},"bones":{"S2_bolt1":{"translate":[{"time":2.1333,"x":-1098.34,"y":1179.98},{"time":2.2,"x":-1098.34,"y":119.69}],"scale":[{"time":2.1333,"x":2.3,"y":2.3},{"time":2.2,"x":3.301,"y":3.301},{"time":2.3,"x":2,"y":0.975}]},"S1_tower1":{"translate":[{"time":2.2,"x":-1212.46,"y":82.61}],"scale":[{"time":2.2,"x":0.343,"y":0.266},{"time":2.3,"x":3.709,"y":3.709,"curve":"stepped"},{"time":2.5,"x":3.709,"y":3.709,"curve":[0.666,0.07,0.96,0.65]},{"time":2.6,"x":0.343,"y":0.266}]},"S1_water1_1":{"translate":[{"time":2.2666,"x":-1690.2,"y":134.97,"curve":"stepped"},{"time":2.6,"x":-1765.35,"y":132.45,"curve":"stepped"},{"time":2.9,"x":-1739.35,"y":491.68,"curve":"stepped"},{"time":3.2,"x":-1571.35,"y":424.31,"curve":"stepped"},{"time":3.5,"x":-1645.35,"y":432.66,"curve":"stepped"},{"time":3.8666,"x":-1735.35,"y":326.16}],"scale":[{"time":2.2666,"x":4,"y":4,"curve":[0.076,0.37,0.232,0.84]},{"time":2.4666,"x":4.3,"y":4.3,"curve":"stepped"},{"time":2.6,"x":4,"y":4,"curve":[0.076,0.37,0.232,0.84]},{"time":2.8,"x":4.3,"y":4.3,"curve":"stepped"},{"time":2.9,"x":4,"y":4,"curve":[0.076,0.37,0.232,0.84]},{"time":3.1,"x":4.3,"y":4.3,"curve":"stepped"},{"time":3.2,"x":4,"y":4,"curve":[0.076,0.37,0.232,0.84]},{"time":3.4,"x":4.3,"y":4.3,"curve":"stepped"},{"time":3.5,"x":4,"y":4,"curve":[0.076,0.37,0.232,0.84]},{"time":3.7,"x":4.3,"y":4.3,"curve":"stepped"},{"time":3.8666,"x":4,"y":4,"curve":[0.076,0.37,0.232,0.84]},{"time":4.0666,"x":4.3,"y":4.3}]},"S2_fire2_1":{"translate":[{"time":2.6,"x":-1134.61,"y":404.14},{"time":3.1333,"x":-1134.63,"y":420.99}],"scale":[{"time":2.6,"x":3.716,"y":3.716}]},"S2_rock1":{"translate":[{"time":2.6,"x":-1550.92,"y":412},{"time":2.6333,"x":-1580.52,"y":416.34}],"scale":[{"time":2.6,"x":1.749,"y":1.749},{"time":2.6333,"x":2,"y":2}]},"S2_fire2_2":{"translate":[{"time":3.1333,"x":-1326.01,"y":420.98}],"scale":[{"time":3.1333,"x":3,"y":3}]},"S1_water1_2":{"translate":[{"time":2.7,"x":-1696.99,"y":291.58,"curve":"stepped"},{"time":3,"x":-1698.99,"y":215.39,"curve":"stepped"},{"time":3.3,"x":-1879.99,"y":289.37,"curve":"stepped"},{"time":3.6,"x":-1718.63,"y":161.09}],"scale":[{"time":2.7,"x":4.1,"y":4.1,"curve":[0.076,0.37,0.232,0.84]},{"time":2.9,"x":4.6,"y":4.6,"curve":"stepped"},{"time":3,"x":4.1,"y":4.1,"curve":[0.076,0.37,0.232,0.84]},{"time":3.2,"x":4.6,"y":4.6,"curve":"stepped"},{"time":3.3,"x":4.1,"y":4.1,"curve":[0.076,0.37,0.232,0.84]},{"time":3.5,"x":4.6,"y":4.6,"curve":"stepped"},{"time":3.6,"x":4.1,"y":4.1,"curve":[0.076,0.37,0.232,0.84]},{"time":3.8,"x":4.6,"y":4.6}]},"S2_fire1_1":{"translate":[{"time":2.7333,"x":-1867.76,"y":399.67,"curve":"stepped"},{"time":3.2666,"x":-1670.82,"y":561.71,"curve":"stepped"},{"time":3.9,"x":-1779.02,"y":414.03},{"time":4.3,"x":-1779.02,"y":420.93}],"scale":[{"time":2.7333,"x":2,"y":2,"curve":"stepped"},{"time":3.2666,"x":1.6,"y":1.6,"curve":"stepped"},{"time":3.9,"x":2.301,"y":2.301}]},"S2_rock2":{"translate":[{"time":2.2,"x":-1542.99,"y":354.54,"curve":"stepped"},{"time":2.6,"x":-1588.82,"y":354.54}],"scale":[{"time":2.2,"x":2,"y":2,"curve":[0.076,0.37,0.232,0.84]},{"time":2.4,"x":3.5,"y":3.5,"curve":"stepped"},{"time":2.6,"x":-2,"y":2,"curve":[0.076,0.37,0.232,0.84]},{"time":2.8,"x":-3.5,"y":3.5}]},"S1_water1_3":{"translate":[{"time":2.8,"x":-1974.24,"y":228.51,"curve":"stepped"},{"time":3.1,"x":-1903.24,"y":222.81,"curve":"stepped"},{"time":3.4,"x":-1795.24,"y":178.79,"curve":"stepped"},{"time":3.7,"x":-1834.24,"y":341.76}],"scale":[{"time":2.8,"x":4,"y":4,"curve":[0.076,0.37,0.232,0.84]},{"time":3,"x":4.5,"y":4.5,"curve":"stepped"},{"time":3.1,"x":4,"y":4,"curve":[0.076,0.37,0.232,0.84]},{"time":3.3,"x":4.5,"y":4.5,"curve":"stepped"},{"time":3.4,"x":4,"y":4,"curve":[0.076,0.37,0.232,0.84]},{"time":3.6,"x":4.5,"y":4.5,"curve":"stepped"},{"time":3.7,"x":4,"y":4,"curve":[0.076,0.37,0.232,0.84]},{"time":3.9,"x":4.5,"y":4.5}]},"S2_fire1_2":{"translate":[{"time":2.9333,"x":-1888.58,"y":644.25,"curve":"stepped"},{"time":3.5333,"x":-1873.85,"y":471.4}],"scale":[{"time":2.9333,"x":1.8,"y":1.8,"curve":"stepped"},{"time":3.5333,"x":1.8,"y":1.8}]}}}}}