{"skeleton":{"hash":"ShtkKEVQlPiq8YLpRhUyQmVCRcI","spine":"3.0.12","width":0,"height":0,"images":"./images/"},"bones":[{"name":"root"},{"name":"MAIN","parent":"root","y":68.32}],"slots":[{"name":"MAIN","bone":"MAIN","attachment":"idle_00"}],"skins":{"default":{"MAIN":{"idle_00":{"x":-4.94,"y":13.51,"width":256,"height":256},"idle_01":{"x":-4.94,"y":13.51,"width":256,"height":256},"idle_02":{"x":-4.94,"y":13.51,"width":256,"height":256},"idle_03":{"x":-4.94,"y":13.51,"width":256,"height":256},"idle_04":{"x":-4.94,"y":13.51,"width":256,"height":256}}}},"events":{"Event":{},"Hit":{},"Sound1":{},"Sound2":{},"Voice":{}},"animations":{"idle":{"slots":{"MAIN":{"attachment":[{"time":0,"name":"idle_00"},{"time":0.2,"name":"idle_01"},{"time":0.4,"name":"idle_02"},{"time":0.6,"name":"idle_03"},{"time":0.8,"name":"idle_04"},{"time":1,"name":"idle_04"}]}},"bones":{"MAIN":{"translate":[{"time":0,"x":0,"y":0,"curve":[0.25,0,0.75,1]},{"time":0.4,"x":0,"y":3.32,"curve":[0.25,0,0.75,1]},{"time":1,"x":0,"y":0}]}}}}}