{"skeleton":{"hash":"CUMFrnVv2PiYdmtPm9YLZhQqAPU","spine":"3.0.12","width":301,"height":232},"bones":[{"name":"root"},{"name":"grid","parent":"root","scaleX":1.2,"scaleY":1.2},{"name":"SHADOW_6","parent":"root","y":50},{"name":"SHADOW_5","parent":"root","y":50},{"name":"SHADOW_4","parent":"root","y":50},{"name":"SHADOW_3","parent":"root","y":50},{"name":"SHADOW_2","parent":"root","y":50},{"name":"SHADOW_1","parent":"root","y":50},{"name":"S2_wave4","parent":"root","scaleX":2,"scaleY":2},{"name":"S2_wave3","parent":"root","scaleX":2,"scaleY":2},{"name":"S2_wave2","parent":"root","scaleX":2,"scaleY":2},{"name":"S1_wave1","parent":"root","y":-14.08},{"name":"MAIN","parent":"root","y":49.96},{"name":"SHADOW-OFFSET","parent":"MAIN","y":0.03},{"name":"HPBAR","parent":"MAIN","x":-5,"y":80.03},{"name":"HITBOX","parent":"MAIN","y":0.03},{"name":"DAMAGEAREA","parent":"root"},{"name":"slash_DOT","parent":"root","x":120}],"slots":[{"name":"grid/bg","bone":"grid","color":"ffffff7d"},{"name":"grid/grid","bone":"grid","color":"ffffff7d"},{"name":"MAIN","bone":"MAIN","attachment":"idle_00"},{"name":"SHADOW_1","bone":"SHADOW_1","color":"1395ff95"},{"name":"SHADOW_2","bone":"SHADOW_2","color":"1395ff95"},{"name":"SHADOW_3","bone":"SHADOW_3","color":"1395ff95"},{"name":"SHADOW_5","bone":"SHADOW_5","color":"1395ff95"},{"name":"SHADOW_4","bone":"SHADOW_4","color":"1395ff95"},{"name":"SHADOW_6","bone":"SHADOW_6","color":"1395ff95"},{"name":"EF/370_S1_wave1/370_S1_wave1_00000","bone":"S1_wave1","blend":"additive"},{"name":"EF/EF_slash_DOT/EF_2","bone":"slash_DOT","color":"1395ffff","blend":"additive"},{"name":"EF/670_S2_wave1_00008w/670_S2_wave1_00002","bone":"S2_wave2","blend":"additive"},{"name":"EF/670_S2_wave1_00008w/670_S2_wave1_2","bone":"S2_wave3","blend":"additive"},{"name":"EF/670_S2_wave1_00008w/670_S2_wave1_3","bone":"S2_wave4","blend":"additive"},{"name":"DAMAGEAREA","bone":"DAMAGEAREA"},{"name":"HITBOX","bone":"HITBOX","attachment":"HITBOX"}],"skins":{"default":{"DAMAGEAREA":{"DAMAGEAREA":{"type":"boundingbox","vertices":[-117.46516,117.91235,-117.65414,-118.02248,116.70557,-118.02248,116.70557,117.59721]}},"EF/370_S1_wave1/370_S1_wave1_00000":{"EF/370_S1_wave1/370_S1_wave1_00002":{"y":14.08,"width":400,"height":400},"EF/370_S1_wave1/370_S1_wave1_00004":{"y":14.08,"width":400,"height":400},"EF/370_S1_wave1/370_S1_wave1_00006":{"y":14.08,"width":400,"height":400},"EF/370_S1_wave1/370_S1_wave1_00007":{"y":14.08,"width":400,"height":400},"EF/370_S1_wave1/370_S1_wave1_00008":{"y":14.08,"width":400,"height":400},"EF/370_S1_wave1/370_S1_wave1_00009":{"y":14.08,"width":400,"height":400}},"EF/670_S2_wave1_00008w/670_S2_wave1_00002":{"EF/670_S2_wave1_00008w/670_S2_wave1_00002":{"width":233,"height":233},"EF/670_S2_wave1_00008w/670_S2_wave1_00004":{"width":233,"height":233},"EF/670_S2_wave1_00008w/670_S2_wave1_00006":{"width":233,"height":233},"EF/670_S2_wave1_00008w/670_S2_wave1_00008":{"width":233,"height":233}},"EF/670_S2_wave1_00008w/670_S2_wave1_2":{"EF/670_S2_wave1_00008w/670_S2_wave1_00002":{"width":233,"height":233},"EF/670_S2_wave1_00008w/670_S2_wave1_00004":{"width":233,"height":233},"EF/670_S2_wave1_00008w/670_S2_wave1_00006":{"width":233,"height":233},"EF/670_S2_wave1_00008w/670_S2_wave1_00008":{"width":233,"height":233}},"EF/670_S2_wave1_00008w/670_S2_wave1_3":{"EF/670_S2_wave1_00008w/670_S2_wave1_00002":{"width":233,"height":233},"EF/670_S2_wave1_00008w/670_S2_wave1_00004":{"width":233,"height":233},"EF/670_S2_wave1_00008w/670_S2_wave1_00006":{"width":233,"height":233},"EF/670_S2_wave1_00008w/670_S2_wave1_00008":{"width":233,"height":233}},"EF/EF_slash_DOT/EF_2":{"EF/EF_slash_DOT/EF_2":{"x":-105,"y":-157.98,"width":800,"height":720},"EF/EF_slash_DOT/EF_3":{"x":-105,"y":-158,"width":800,"height":720},"EF/EF_slash_DOT/EF_4":{"x":-105,"y":-158,"width":800,"height":720},"EF/EF_slash_DOT/EF_5":{"x":-105,"y":-158,"width":800,"height":720},"EF/EF_slash_DOT/L_attackEF_1":{"width":128,"height":128},"EF/EF_slash_DOT/L_attackEF_2":{"width":128,"height":128},"EF/EF_slash_DOT/L_attackEF_3":{"width":128,"height":128},"EF/EF_slash_DOT/R_attackEF_1":{"width":128,"height":128},"EF/EF_slash_DOT/R_attackEF_2":{"width":128,"height":128},"EF/EF_slash_DOT/R_attackEF_3":{"width":128,"height":128}},"HITBOX":{"HITBOX":{"type":"boundingbox","vertices":[-58.09733,31.94644,-58.09733,-40.85356,46.55266,-40.85356,46.55266,31.94644]}},"MAIN":{"attack_00":{"y":34.02,"width":301,"height":232},"attack_01":{"y":34.02,"width":301,"height":232},"attack_02":{"y":34.02,"width":301,"height":232},"attack_03":{"y":34.02,"width":301,"height":232},"attack_04":{"y":34.02,"width":301,"height":232},"attack_05":{"y":34.02,"width":301,"height":232},"attack_06":{"y":34.02,"width":301,"height":232},"attack_07":{"y":34.02,"width":301,"height":232},"attack_08":{"x":-8.26,"y":32.23,"width":301,"height":232},"back_00":{"y":34.02,"width":301,"height":232},"back_01":{"y":34.02,"width":301,"height":232},"back_02":{"y":34.02,"width":301,"height":232},"back_03":{"y":34.02,"width":301,"height":232},"damage_00":{"y":34.02,"width":301,"height":232},"front_00":{"y":34.02,"width":301,"height":232},"front_01":{"y":34.02,"width":301,"height":232},"front_02":{"y":34.02,"width":301,"height":232},"idle_00":{"y":34.02,"width":301,"height":232},"idle_01":{"y":34.02,"width":301,"height":232},"idle_02":{"y":34.02,"width":301,"height":232},"idle_03":{"y":34.02,"width":301,"height":232},"idle_04":{"y":34.02,"width":301,"height":232},"skill1_00":{"y":34.02,"width":301,"height":232},"skill1_01":{"y":34.02,"width":301,"height":232},"skill1_02":{"y":34.02,"width":301,"height":232},"skill1_03":{"y":34.02,"width":301,"height":232},"skill1_04":{"y":34.02,"width":301,"height":232},"skill2_00":{"y":34.02,"width":301,"height":232},"skill2_01":{"y":34.02,"width":301,"height":232},"skill2_02":{"y":34.02,"width":301,"height":232},"skill2_03":{"y":34.02,"width":301,"height":232},"skill2_04":{"y":34.02,"width":301,"height":232},"skill2_05":{"y":34.02,"width":301,"height":232},"skill2_06":{"y":34.02,"width":301,"height":232},"skill2_07":{"y":34.02,"width":301,"height":232},"skill2_08":{"y":34.02,"width":301,"height":232},"skill2_09":{"x":13.61,"y":35.16,"width":301,"height":232}},"SHADOW_1":{"back_00":{"y":34.91,"width":301,"height":232},"back_01":{"y":34.91,"width":301,"height":232},"back_02":{"y":34.91,"width":301,"height":232},"back_03":{"y":34.91,"width":301,"height":232},"idle_00":{"y":34.91,"width":301,"height":232},"skill1_01":{"y":34.91,"width":301,"height":232},"skill1_02":{"y":34.91,"width":301,"height":232},"skill1_03":{"y":34.91,"width":301,"height":232}},"SHADOW_2":{"back_00":{"y":33.85,"width":301,"height":232},"back_01":{"y":33.85,"width":301,"height":232},"back_02":{"y":33.85,"width":301,"height":232},"back_03":{"y":33.85,"width":301,"height":232},"idle_00":{"y":33.85,"width":301,"height":232},"skill2_02":{"y":33.85,"width":301,"height":232},"skill2_03":{"y":33.85,"width":301,"height":232},"skill2_04":{"y":33.85,"width":301,"height":232}},"SHADOW_3":{"idle_00":{"x":-0.25,"y":34.18,"width":301,"height":232}},"SHADOW_4":{"idle_00":{"y":33.92,"width":301,"height":232}},"SHADOW_5":{"idle_00":{"y":34.86,"width":301,"height":232}},"SHADOW_6":{"idle_00":{"y":34.15,"width":301,"height":232}}}},"events":{"Event":{},"Event2":{},"Event3":{},"Hit":{},"Sound1":{},"Sound2":{},"Sound3":{},"Voice":{}},"animations":{"attack1":{"slots":{"DAMAGEAREA":{"attachment":[{"time":0.6,"name":"DAMAGEAREA"},{"time":1.1333,"name":null}]},"EF/EF_slash_DOT/EF_2":{"attachment":[{"time":0.5666,"name":"EF/EF_slash_DOT/L_attackEF_1"},{"time":0.6,"name":"EF/EF_slash_DOT/L_attackEF_2"},{"time":0.6333,"name":"EF/EF_slash_DOT/R_attackEF_1"},{"time":0.6666,"name":null},{"time":0.7,"name":"EF/EF_slash_DOT/L_attackEF_1"},{"time":0.7333,"name":"EF/EF_slash_DOT/L_attackEF_2"},{"time":0.7666,"name":"EF/EF_slash_DOT/R_attackEF_1"},{"time":0.8,"name":"EF/EF_slash_DOT/R_attackEF_2"},{"time":0.8333,"name":"EF/EF_slash_DOT/L_attackEF_1"},{"time":0.8666,"name":"EF/EF_slash_DOT/L_attackEF_2"},{"time":0.9,"name":"EF/EF_slash_DOT/R_attackEF_1"},{"time":0.9333,"name":"EF/EF_slash_DOT/R_attackEF_2"},{"time":0.9666,"name":null},{"time":1,"name":"EF/EF_slash_DOT/EF_5"},{"time":1.0666,"name":null}]},"MAIN":{"attachment":[{"time":0,"name":"idle_00"},{"time":0.0333,"name":"back_01"},{"time":0.1,"name":"back_02"},{"time":0.1666,"name":"back_03"},{"time":0.2333,"name":"skill1_00"},{"time":0.3,"name":"attack_08"},{"time":0.5666,"name":"attack_00"},{"time":0.6333,"name":"attack_01"},{"time":0.7,"name":"attack_02"},{"time":0.7666,"name":"attack_03"},{"time":0.8333,"name":"attack_00"},{"time":0.9,"name":"attack_01"},{"time":1,"name":"attack_04"},{"time":1.0666,"name":"attack_05"},{"time":1.1333,"name":"attack_06"},{"time":1.2333,"name":"attack_07"},{"time":1.3666,"name":"idle_00"}]}},"bones":{"MAIN":{"translate":[{"time":0,"x":0,"y":0},{"time":0.1,"x":65.66,"y":59.45},{"time":0.2333,"x":115,"y":0,"curve":[0.146,0.89,0.75,1]},{"time":0.4333,"x":125.84,"y":0,"curve":[0.072,0.81,0.367,0.72]},{"time":0.5666,"x":-21.51,"y":0,"curve":"stepped"},{"time":1,"x":-66.28,"y":0}]},"slash_DOT":{"rotate":[{"time":0.5666,"angle":-1.77,"curve":"stepped"},{"time":0.6333,"angle":-0.81,"curve":"stepped"},{"time":0.7,"angle":25.37,"curve":"stepped"},{"time":0.7666,"angle":0.45,"curve":"stepped"},{"time":0.8333,"angle":26.02,"curve":"stepped"},{"time":0.9,"angle":2.18,"curve":"stepped"},{"time":1,"angle":-31.69,"curve":"stepped"},{"time":1.0666,"angle":-36.33}],"translate":[{"time":0.5666,"x":-177.39,"y":35.42,"curve":"stepped"},{"time":0.6333,"x":-183.16,"y":30.93,"curve":"stepped"},{"time":0.7,"x":-157.96,"y":39.92,"curve":"stepped"},{"time":0.7666,"x":-181.69,"y":66.14,"curve":"stepped"},{"time":0.8333,"x":-181.56,"y":43.7,"curve":"stepped"},{"time":0.9,"x":-161.97,"y":33.4,"curve":"stepped"},{"time":1,"x":-270.34,"y":126.01,"curve":"stepped"},{"time":1.0666,"x":-198,"y":131.72}],"scale":[{"time":0.5666,"x":1.452,"y":0.953,"curve":"stepped"},{"time":0.6333,"x":1.64,"y":0.651,"curve":"stepped"},{"time":0.7,"x":1.581,"y":0.95,"curve":"stepped"},{"time":0.7666,"x":1.666,"y":0.944,"curve":"stepped"},{"time":0.8333,"x":1.634,"y":1.628,"curve":"stepped"},{"time":0.9,"x":1.718,"y":1.628,"curve":"stepped"},{"time":1,"x":-0.59,"y":0.643}]},"DAMAGEAREA":{"translate":[{"time":0.6,"x":-85.3,"y":25.47,"curve":"stepped"},{"time":1.0333,"x":-123.79,"y":41.77}],"scale":[{"time":0.6,"x":0.541,"y":0.305,"curve":"stepped"},{"time":1.0333,"x":0.499,"y":0.446}]}},"drawOrder":[{"time":1,"offsets":[{"slot":"MAIN","offset":8}]}],"events":[{"time":0,"name":"Event","string":"setHitEffect(hit0,1)"},{"time":0,"name":"Voice","string":"cri_028_voice_attack_random"},{"time":0.0333,"name":"Event","float":0.06,"string":"kHitStopType_normal"},{"time":0.0333,"name":"Sound1","string":"cri_se_battle_jump"},{"time":0.3,"name":"Sound1","string":"cri_se_battle_landing"},{"time":0.5666,"name":"Sound2","string":"cri_se_battle_arrow"},{"time":0.5666,"name":"Voice","string":"cri_028_voice_attack_c"},{"time":0.6,"name":"Sound1","string":"setHitSound(se_battle_026_stab)"},{"time":0.6666,"name":"Event","float":0.1,"string":"kHitStopType_enemyonly"},{"time":0.6666,"name":"Hit","string":"resetHitList"},{"time":0.6666,"name":"Sound2","string":"cri_se_battle_arrow"},{"time":0.7333,"name":"Hit","string":"resetHitList"},{"time":0.7666,"name":"Sound2","string":"cri_se_battle_arrow"},{"time":0.8,"name":"Hit","string":"resetHitList"},{"time":0.8666,"name":"Hit","string":"resetHitList"},{"time":0.8666,"name":"Sound2","string":"cri_se_battle_arrow"},{"time":0.9333,"name":"Hit","string":"resetHitList"},{"time":1,"name":"Sound2","string":"cri_se_battle_arrow"},{"time":1.0333,"name":"Event","float":0.1,"string":"kHitStopType_normal"},{"time":1.0333,"name":"Hit","float":1.25,"string":"resetHitList"}]},"back":{"slots":{"MAIN":{"attachment":[{"time":0,"name":"back_00"},{"time":0.0333,"name":"back_01"},{"time":0.1333,"name":"back_02"},{"time":0.2333,"name":"back_03"},{"time":0.3333,"name":"back_00"},{"time":0.4,"name":"idle_00"},{"time":0.7,"name":"idle_00"}]}},"bones":{"MAIN":{"translate":[{"time":0,"x":0,"y":0},{"time":0.0666,"x":114.84,"y":64.17},{"time":0.1333,"x":147.95,"y":61.62},{"time":0.2333,"x":168.3,"y":33.24},{"time":0.3333,"x":182.2,"y":0,"curve":[0.225,0.9,0.75,1]},{"time":0.5666,"x":200,"y":0}]}},"events":[{"time":0.0333,"name":"Sound1","string":"cri_se_battle_jump"},{"time":0.4,"name":"Sound1","string":"cri_se_battle_landing"}]},"cast":{"slots":{"EF/EF_slash_DOT/EF_2":{"attachment":[{"time":0.5,"name":"EF/EF_slash_DOT/EF_5"},{"time":0.5333,"name":null}]},"MAIN":{"attachment":[{"time":0,"name":"attack_08"},{"time":0.5,"name":"attack_04"},{"time":0.5333,"name":"attack_05"},{"time":0.5666,"name":"attack_06"},{"time":0.6,"name":"attack_07"},{"time":0.8666,"name":"idle_00"}]}},"bones":{"MAIN":{"translate":[{"time":0,"x":54.8,"y":0,"curve":"stepped"},{"time":0.5,"x":0,"y":0}]},"slash_DOT":{"rotate":[{"time":0.5,"angle":-31.69}],"translate":[{"time":0.5,"x":-188.27,"y":116.87}],"scale":[{"time":0.5,"x":-0.59,"y":0.643}]}},"drawOrder":[{"time":0.5,"offsets":[{"slot":"MAIN","offset":8}]}],"events":[{"time":0.5,"name":"Voice","string":"cri_028_voice_item"}]},"damage":{"slots":{"MAIN":{"attachment":[{"time":0,"name":"damage_00"}]}}},"front":{"slots":{"MAIN":{"attachment":[{"time":0,"name":"front_00"}]}}},"idle":{"slots":{"MAIN":{"attachment":[{"time":0,"name":"idle_00"},{"time":0.1666,"name":"idle_01"},{"time":0.3333,"name":"idle_02"},{"time":0.5,"name":"idle_03"},{"time":0.6666,"name":"idle_04"},{"time":0.8333,"name":"idle_00"}]}}},"skill1":{"slots":{"DAMAGEAREA":{"attachment":[{"time":0.2333,"name":"DAMAGEAREA"},{"time":0.6333,"name":null}]},"EF/370_S1_wave1/370_S1_wave1_00000":{"attachment":[{"time":0.3,"name":"EF/370_S1_wave1/370_S1_wave1_00002"},{"time":0.4,"name":"EF/370_S1_wave1/370_S1_wave1_00004"},{"time":0.4666,"name":"EF/370_S1_wave1/370_S1_wave1_00006"},{"time":0.5,"name":"EF/370_S1_wave1/370_S1_wave1_00006"},{"time":0.5333,"name":"EF/370_S1_wave1/370_S1_wave1_00008"},{"time":0.8333,"name":null}],"color":[{"time":0.5333,"color":"ffffffff"},{"time":0.6333,"color":"ffffff00"}]},"MAIN":{"attachment":[{"time":0,"name":"skill2_00"},{"time":0.0666,"name":"skill2_01"},{"time":0.1333,"name":"skill1_00"},{"time":0.2333,"name":"skill1_01"},{"time":0.2666,"name":"skill1_02"},{"time":0.3,"name":"back_01"},{"time":0.4,"name":"back_02"},{"time":0.5,"name":"back_03"},{"time":0.6333,"name":"idle_00"}]},"SHADOW_1":{"attachment":[{"time":0,"name":null},{"time":0.4,"name":"back_01"},{"time":0.5,"name":"back_02"},{"time":0.5333,"name":"back_02"},{"time":0.6,"name":"back_03"},{"time":0.6666,"name":"back_00"},{"time":0.7333,"name":"idle_00"}]},"SHADOW_2":{"attachment":[{"time":0,"name":null},{"time":0.4666,"name":"back_01"},{"time":0.5666,"name":"back_02"},{"time":0.6333,"name":"back_03"},{"time":0.7,"name":"back_00"},{"time":0.7333,"name":"idle_00"}]}},"bones":{"MAIN":{"translate":[{"time":0.1333,"x":-110,"y":0,"curve":[0.202,0.98,0.75,1]},{"time":0.2666,"x":-321.76,"y":0,"curve":"stepped"},{"time":0.3,"x":-305.33,"y":114.98,"curve":[0.374,0.6,0.74,1]},{"time":0.4,"x":-228.2,"y":158.6,"curve":[0.343,0.56,0.75,1]},{"time":0.5,"x":-119.2,"y":147.87,"curve":[0.343,0.56,0.75,1]},{"time":0.6,"x":-25.12,"y":51.42,"curve":[0.343,0.56,0.75,1]},{"time":0.7,"x":0,"y":0}]},"SHADOW_2":{"translate":[{"time":0.4666,"x":-305.33,"y":114.98,"curve":[0.374,0.6,0.74,1]},{"time":0.5666,"x":-228.2,"y":158.6,"curve":[0.343,0.56,0.75,1]},{"time":0.6333,"x":-119.2,"y":147.87,"curve":[0.343,0.56,0.75,1]},{"time":0.7,"x":-25.12,"y":51.42,"curve":[0.343,0.56,0.75,1]},{"time":0.7333,"x":0,"y":0}]},"SHADOW_1":{"translate":[{"time":0.4,"x":-305.33,"y":114.98,"curve":[0.374,0.6,0.74,1]},{"time":0.5,"x":-228.2,"y":158.6,"curve":[0.343,0.56,0.75,1]},{"time":0.6,"x":-119.2,"y":147.87,"curve":[0.343,0.56,0.75,1]},{"time":0.6666,"x":-25.12,"y":51.42,"curve":[0.343,0.56,0.75,1]},{"time":0.7333,"x":0,"y":0}]},"S1_wave1":{"translate":[{"time":0.3,"x":-355,"y":30}],"scale":[{"time":0.3,"x":1.75,"y":2.053},{"time":0.3666,"x":2.5,"y":2.5,"curve":"stepped"},{"time":0.4,"x":2.25,"y":2.347},{"time":0.4333,"x":3.05,"y":2.75,"curve":"stepped"},{"time":0.4666,"x":2.55,"y":2.401,"curve":"stepped"},{"time":0.5,"x":2.8,"y":2.8,"curve":"stepped"},{"time":0.5333,"x":2.323,"y":2.316},{"time":0.6333,"x":3,"y":3}]},"DAMAGEAREA":{"translate":[{"time":0.2333,"x":-262.62,"y":48.32},{"time":0.3333,"x":-378.18,"y":48.32},{"time":0.5,"x":-328.18,"y":186.98}],"scale":[{"time":0.2333,"x":2.828,"y":0.484},{"time":0.3333,"x":1.144,"y":0.443},{"time":0.5,"x":1.641,"y":1.412},{"time":0.5666,"x":1.232,"y":1.412}]}},"drawOrder":[{"time":0,"offsets":[{"slot":"EF/370_S1_wave1/370_S1_wave1_00000","offset":-7}]},{"time":0.1333,"offsets":[{"slot":"MAIN","offset":7},{"slot":"EF/370_S1_wave1/370_S1_wave1_00000","offset":-7}]},{"time":0.3,"offsets":[{"slot":"MAIN","offset":7},{"slot":"SHADOW_1","offset":5},{"slot":"SHADOW_2","offset":3},{"slot":"EF/370_S1_wave1/370_S1_wave1_00000","offset":-7}]}],"events":[{"time":0,"name":"Event2","string":"setHitEffect(hit0,1)"},{"time":0.1333,"name":"Sound1","string":"cri_se_battle_monster_jump"},{"time":0.1333,"name":"Sound2","string":"cri_se_battle_skill_shot"},{"time":0.1333,"name":"Sound3","string":"cri_se_battle_skill_ice"},{"time":0.1333,"name":"Voice","string":"cri_028_voice_skill_b"},{"time":0.2,"name":"Event","float":0.2,"string":"kHitStopType_normal"},{"time":0.2333,"name":"Event","string":"shakeGround"},{"time":0.2333,"name":"Sound1","string":"setHitSound(se_battle_thrustviolently)"},{"time":0.2333,"name":"Sound2","string":"cri_se_battle_sword_srash"},{"time":0.2666,"name":"Event","float":0.05,"string":"kHitStopType_enemyonly"},{"time":0.2666,"name":"Hit","string":"resetHitList"},{"time":0.2666,"name":"Sound1","string":"setHitSound(empty)"},{"time":0.3,"name":"Hit","string":"resetHitList"},{"time":0.3,"name":"Sound1","string":"setHitSound(se_battle_thrustviolently)"},{"time":0.3666,"name":"Hit","float":0.8,"string":"resetHitList"},{"time":0.3666,"name":"Sound1","string":"setHitSound(se_battle_thrustviolently)"},{"time":0.4,"name":"Event","float":0.02,"string":"kHitStopType_enemyonly"},{"time":0.4333,"name":"Event","string":"setHitBackEnemy(0,40)"},{"time":0.4333,"name":"Hit","float":1.5,"string":"resetHitList"},{"time":0.4333,"name":"Sound1","string":"setHitSound(se_battle_thrustviolently)"},{"time":0.4666,"name":"Event","string":"shakeGround"},{"time":0.4666,"name":"Hit","float":1.35,"string":"resetHitList"},{"time":0.4666,"name":"Sound1","string":"setHitSound(empty)"},{"time":0.5,"name":"Hit","float":1.2,"string":"resetHitList"},{"time":0.5,"name":"Sound1","string":"setHitSound(se_battle_thrustviolently)"},{"time":0.6333,"name":"Sound1","string":"cri_se_battle_landing"}]},"skill2":{"slots":{"DAMAGEAREA":{"attachment":[{"time":0.3666,"name":"DAMAGEAREA"},{"time":1.2,"name":null}]},"EF/670_S2_wave1_00008w/670_S2_wave1_00002":{"attachment":[{"time":0.4,"name":"EF/670_S2_wave1_00008w/670_S2_wave1_00002"},{"time":0.4333,"name":"EF/670_S2_wave1_00008w/670_S2_wave1_00004"},{"time":0.4666,"name":"EF/670_S2_wave1_00008w/670_S2_wave1_00006"},{"time":0.5,"name":"EF/670_S2_wave1_00008w/670_S2_wave1_00008"},{"time":0.6,"name":"EF/670_S2_wave1_00008w/670_S2_wave1_00002"},{"time":0.6333,"name":"EF/670_S2_wave1_00008w/670_S2_wave1_00004"},{"time":0.6666,"name":"EF/670_S2_wave1_00008w/670_S2_wave1_00006"},{"time":0.7,"name":"EF/670_S2_wave1_00008w/670_S2_wave1_00008"},{"time":0.9,"name":"EF/670_S2_wave1_00008w/670_S2_wave1_00002"},{"time":0.9333,"name":"EF/670_S2_wave1_00008w/670_S2_wave1_00004"},{"time":0.9666,"name":"EF/670_S2_wave1_00008w/670_S2_wave1_00006"},{"time":1,"name":"EF/670_S2_wave1_00008w/670_S2_wave1_00008"}],"color":[{"time":0.5,"color":"ffffffff"},{"time":0.5666,"color":"ffffff00","curve":"stepped"},{"time":0.6,"color":"ffffffff","curve":"stepped"},{"time":0.7,"color":"ffffffff"},{"time":0.7666,"color":"ffffff00","curve":"stepped"},{"time":0.9,"color":"ffffffff","curve":"stepped"},{"time":1,"color":"ffffffff"},{"time":1.0666,"color":"ffffff00"}]},"EF/670_S2_wave1_00008w/670_S2_wave1_2":{"attachment":[{"time":0.5333,"name":"EF/670_S2_wave1_00008w/670_S2_wave1_00002"},{"time":0.5666,"name":"EF/670_S2_wave1_00008w/670_S2_wave1_00004"},{"time":0.6,"name":"EF/670_S2_wave1_00008w/670_S2_wave1_00006"},{"time":0.6333,"name":"EF/670_S2_wave1_00008w/670_S2_wave1_00008"},{"time":0.7666,"name":"EF/670_S2_wave1_00008w/670_S2_wave1_00002"},{"time":0.8,"name":"EF/670_S2_wave1_00008w/670_S2_wave1_00004"},{"time":0.8333,"name":"EF/670_S2_wave1_00008w/670_S2_wave1_00006"},{"time":0.8666,"name":"EF/670_S2_wave1_00008w/670_S2_wave1_00008"}],"color":[{"time":0.6333,"color":"ffffffff"},{"time":0.7,"color":"ffffff00","curve":"stepped"},{"time":0.8666,"color":"ffffffff"},{"time":0.9333,"color":"ffffff00"}]},"EF/670_S2_wave1_00008w/670_S2_wave1_3":{"attachment":[{"time":0.7333,"name":"EF/670_S2_wave1_00008w/670_S2_wave1_00002"},{"time":0.7666,"name":"EF/670_S2_wave1_00008w/670_S2_wave1_00004"},{"time":0.8,"name":"EF/670_S2_wave1_00008w/670_S2_wave1_00006"},{"time":0.8333,"name":"EF/670_S2_wave1_00008w/670_S2_wave1_00008"},{"time":0.9333,"name":"EF/670_S2_wave1_00008w/670_S2_wave1_00002"},{"time":0.9666,"name":"EF/670_S2_wave1_00008w/670_S2_wave1_00004"},{"time":1,"name":"EF/670_S2_wave1_00008w/670_S2_wave1_00006"},{"time":1.0333,"name":"EF/670_S2_wave1_00008w/670_S2_wave1_00008"}],"color":[{"time":0.8333,"color":"ffffffff"},{"time":0.9,"color":"ffffff00","curve":"stepped"},{"time":1.0333,"color":"ffffffff"},{"time":1.1,"color":"ffffff00"}]},"MAIN":{"attachment":[{"time":0,"name":"idle_00"},{"time":0.2666,"name":"skill2_00"},{"time":0.3333,"name":"skill2_01"},{"time":0.4,"name":"skill2_02"},{"time":0.4333,"name":"skill2_02"},{"time":0.4666,"name":"skill2_03"},{"time":0.5,"name":"skill2_04"},{"time":1.0666,"name":"back_00"},{"time":1.1,"name":"back_01"},{"time":1.2,"name":"back_02"},{"time":1.3,"name":"back_03"},{"time":1.4333,"name":"back_00"},{"time":1.5,"name":"idle_00"},{"time":1.7666,"name":"idle_00"}],"color":[{"time":0,"color":"1395ffff"},{"time":0.1666,"color":"1395ff00","curve":"stepped"},{"time":0.4,"color":"1395ffff","curve":"stepped"},{"time":0.5,"color":"1395ffff"},{"time":0.6333,"color":"1395ff00","curve":"stepped"},{"time":1.0666,"color":"ffffff00"},{"time":1.2,"color":"ffffffff"}]},"SHADOW_1":{"attachment":[{"time":0,"name":"idle_00"},{"time":0.6666,"name":"skill1_01"},{"time":0.7333,"name":"skill1_02"},{"time":0.7666,"name":"skill1_03"}],"color":[{"time":0.0666,"color":"1395ff95"},{"time":0.1666,"color":"1395ff4f"},{"time":0.2333,"color":"1395ff00","curve":"stepped"},{"time":0.6666,"color":"1395ffff","curve":"stepped"},{"time":0.7333,"color":"1395ff95"},{"time":0.9333,"color":"1395ff00"}]},"SHADOW_2":{"attachment":[{"time":0,"name":"idle_00"},{"time":1,"name":"skill2_02"},{"time":1.0666,"name":"skill2_03"},{"time":1.1333,"name":"skill2_04"}],"color":[{"time":0.0666,"color":"1395ff95"},{"time":0.1666,"color":"1395ff4f"},{"time":0.2333,"color":"1395ff00","curve":"stepped"},{"time":1,"color":"1395ff95","curve":"stepped"},{"time":1.1333,"color":"1395ff95"},{"time":1.2333,"color":"1395ff00"}]},"SHADOW_3":{"attachment":[{"time":0,"name":"idle_00"}],"color":[{"time":0.0666,"color":"1395ff95"},{"time":0.1666,"color":"1395ff4f"},{"time":0.2333,"color":"1395ff00"}]},"SHADOW_4":{"attachment":[{"time":0,"name":"idle_00"}],"color":[{"time":0.0666,"color":"1395ff95"},{"time":0.1666,"color":"1395ff4f"},{"time":0.2333,"color":"1395ff00"}]},"SHADOW_5":{"attachment":[{"time":0,"name":"idle_00"}],"color":[{"time":0.0666,"color":"1395ff95"},{"time":0.1333,"color":"1395ff4f"},{"time":0.2,"color":"1395ff00"}]},"SHADOW_6":{"attachment":[{"time":0,"name":"idle_00"}],"color":[{"time":0.0666,"color":"1395ff95"},{"time":0.1333,"color":"1395ff4f"},{"time":0.2,"color":"1395ff00"}]}},"bones":{"MAIN":{"translate":[{"time":0,"x":0,"y":0,"curve":"stepped"},{"time":0.2666,"x":-235,"y":0,"curve":"stepped"},{"time":0.3333,"x":-235,"y":0,"curve":"stepped"},{"time":0.4,"x":-255,"y":40,"curve":"stepped"},{"time":0.4333,"x":-255,"y":108,"curve":"stepped"},{"time":0.4666,"x":-255,"y":181.6,"curve":"stepped"},{"time":1.0666,"x":-420,"y":25,"curve":[0.25,0,0.75,1]},{"time":1.1,"x":-378.36,"y":117.64,"curve":[0.25,0,0.75,1]},{"time":1.2,"x":-251.86,"y":154.19,"curve":[0.25,0,0.75,1]},{"time":1.3,"x":-168.06,"y":132.92,"curve":[0.25,0,0.75,1]},{"time":1.4333,"x":-56.25,"y":63.19,"curve":[0.25,0,0.75,1]},{"time":1.5,"x":-20,"y":0,"curve":[0.011,0.49,0.849,0.99]},{"time":1.7666,"x":0,"y":0}]},"SHADOW_1":{"translate":[{"time":0,"x":0,"y":0,"curve":[0,0.8,0.132,1]},{"time":0.1666,"x":-470.09,"y":0,"curve":"stepped"},{"time":0.6666,"x":50,"y":-130,"curve":[0.26,0,0.617,0.44]},{"time":0.7666,"x":-90,"y":-130}]},"SHADOW_2":{"translate":[{"time":0,"x":0,"y":0,"curve":[0,0.8,0.132,1]},{"time":0.1666,"x":475,"y":0,"curve":"stepped"},{"time":1,"x":-444.2,"y":69.44},{"time":1.1,"x":-467.93,"y":217.93}],"scale":[{"time":1,"x":-1,"y":1}]},"SHADOW_3":{"translate":[{"time":0,"x":0,"y":0,"curve":[0,0.8,0.132,1]},{"time":0.1666,"x":-303.73,"y":0}]},"SHADOW_5":{"translate":[{"time":0,"x":0,"y":0,"curve":[0,0.8,0.132,1]},{"time":0.1666,"x":-132.46,"y":0}]},"SHADOW_4":{"translate":[{"time":0,"x":0,"y":0,"curve":[0,0.8,0.132,1]},{"time":0.1666,"x":320.09,"y":0}]},"SHADOW_6":{"translate":[{"time":0,"x":0,"y":0,"curve":[0,0.8,0.132,1]},{"time":0.1666,"x":148.82,"y":0}]},"S2_wave2":{"translate":[{"time":0.4,"x":-249.21,"y":-1.29,"curve":"stepped"},{"time":0.6,"x":-384.98,"y":271.44,"curve":"stepped"},{"time":0.9,"x":-94.83,"y":-23.24}],"scale":[{"time":0.4,"x":0.5,"y":0.5,"curve":"stepped"},{"time":0.4333,"x":1,"y":1,"curve":"stepped"},{"time":0.5,"x":1,"y":1},{"time":0.5666,"x":1.578,"y":1.578,"curve":"stepped"},{"time":0.6,"x":0.5,"y":0.5,"curve":"stepped"},{"time":0.6333,"x":1,"y":1,"curve":"stepped"},{"time":0.7,"x":1,"y":1},{"time":0.7666,"x":1.578,"y":1.578,"curve":"stepped"},{"time":0.9,"x":0.5,"y":0.5,"curve":"stepped"},{"time":0.9333,"x":1,"y":1,"curve":"stepped"},{"time":1,"x":1,"y":1},{"time":1.0666,"x":1.2,"y":1.2}]},"S2_wave3":{"translate":[{"time":0.5333,"x":-7.18,"y":223.95,"curve":"stepped"},{"time":0.7666,"x":-173.05,"y":257.03}],"scale":[{"time":0.5333,"x":0.5,"y":0.5,"curve":"stepped"},{"time":0.5666,"x":0.9,"y":0.9,"curve":"stepped"},{"time":0.6333,"x":0.9,"y":0.9},{"time":0.7,"x":1.25,"y":1.25,"curve":"stepped"},{"time":0.7666,"x":0.5,"y":0.5,"curve":"stepped"},{"time":0.8,"x":0.9,"y":0.9,"curve":"stepped"},{"time":0.8666,"x":0.9,"y":0.9},{"time":0.9333,"x":1,"y":1}]},"S2_wave4":{"translate":[{"time":0.7333,"x":-423.85,"y":-26.29,"curve":"stepped"},{"time":0.9333,"x":-394.08,"y":66.6}],"scale":[{"time":0.7333,"x":0.5,"y":0.5,"curve":"stepped"},{"time":0.7666,"x":1,"y":1,"curve":"stepped"},{"time":0.8333,"x":1,"y":1},{"time":0.9,"x":1.5,"y":1.5,"curve":"stepped"},{"time":0.9333,"x":0.5,"y":0.5,"curve":"stepped"},{"time":0.9666,"x":1,"y":1,"curve":"stepped"},{"time":1.0333,"x":1,"y":1},{"time":1.1,"x":1.5,"y":1.5}]},"DAMAGEAREA":{"translate":[{"time":0.3666,"x":-298.99,"y":227.24}],"scale":[{"time":0.3666,"x":4.049,"y":3.212}]}},"drawOrder":[{"time":0,"offsets":[{"slot":"MAIN","offset":7},{"slot":"SHADOW_5","offset":1},{"slot":"EF/370_S1_wave1/370_S1_wave1_00000","offset":-7}]},{"time":0.3333,"offsets":[{"slot":"SHADOW_1","offset":5}]},{"time":0.4666}],"events":[{"time":0,"name":"Event","float":-1,"string":"addOrbitSystem_leaves"},{"time":0.0333,"name":"Event","float":0.1,"string":"kHitStopType_enemyonly"},{"time":0.0333,"name":"Sound1","string":"cri_se_battle_teleport"},{"time":0.0666,"name":"Event","string":"setHitEffect(hit0,1)"},{"time":0.1666,"name":"Voice","string":"cri_028_voice_fullarts_rank2"},{"time":0.2666,"name":"Event","int":300,"string":"setPosition_Target"},{"time":0.3,"name":"Event","string":"setHitBackEnemy(0,5)"},{"time":0.3333,"name":"Event","float":1,"string":"shakeGround_Loop"},{"time":0.3666,"name":"Sound1","string":"setHitSound(se_battle_thrustviolently)"},{"time":0.3666,"name":"Sound2","string":"cri_se_battle_thunder_small"},{"time":0.3666,"name":"Sound3","string":"cri_se_battle_skill_ice"},{"time":0.4,"name":"Hit","float":1.02,"string":"resetHitList"},{"time":0.4666,"name":"Hit","float":0.98,"string":"resetHitList"},{"time":0.5333,"name":"Hit","float":1.05,"string":"resetHitList"},{"time":0.5333,"name":"Sound3","string":"cri_se_battle_skill_ice_short"},{"time":0.6,"name":"Hit","float":0.92,"string":"resetHitList"},{"time":0.6666,"name":"Hit","float":0.99,"string":"resetHitList"},{"time":0.7,"name":"Sound3","string":"cri_se_battle_skill_ice"},{"time":0.7333,"name":"Hit","float":1.1,"string":"resetHitList"},{"time":0.8,"name":"Hit","float":1.07,"string":"resetHitList"},{"time":0.8666,"name":"Hit","float":1.03,"string":"resetHitList"},{"time":0.8666,"name":"Sound3","string":"cri_se_battle_skill_ice_short"},{"time":0.9333,"name":"Hit","float":0.97,"string":"resetHitList"},{"time":1,"name":"Event","string":"kImpactType_knock"},{"time":1,"name":"Hit","float":1.08,"string":"resetHitList"},{"time":1.5,"name":"Sound1","string":"cri_se_battle_landing"}]}}}