{"skeleton":{"hash":"qr5J1Qsc1wm2kkukmpDJ/JZhwdY","spine":"3.0.12","width":500,"height":500},"bones":[{"name":"root"},{"name":"MAIN","parent":"root","y":50},{"name":"HITBOX","parent":"MAIN","y":-0.04},{"name":"EF","parent":"root"},{"name":"ef_wave_A_yellow","parent":"EF","x":-250},{"name":"ef_sink_ball_yellow","parent":"EF","x":-100},{"name":"ef_graund_wave_A_yellow","parent":"EF"},{"name":"ef_graund_wave_A_blue","parent":"EF"},{"name":"ef_flare_main","parent":"EF","x":-200},{"name":"ef_flare_back_main","parent":"EF","x":-150},{"name":"ef_charge_A_yellow","parent":"EF","x":-50},{"name":"ef_aura_wave","parent":"EF","x":-300},{"name":"DAMAGEAREA","parent":"root"},{"name":"skill2_07_smoke","parent":"EF","x":-27.48,"y":116.35},{"name":"skill2_fire","parent":"EF","x":-35.08,"y":-2.89},{"name":"smoke1","parent":"EF","x":-35.3,"y":12.74},{"name":"smoke2","parent":"EF","x":-53.86,"y":89.36},{"name":"wolf","parent":"root","x":103.05,"y":60},{"name":"ef_aura_dash_main","parent":"wolf","x":-450,"y":-60}],"slots":[{"name":"EF/0h/s123_graund_wave_A_yellow/ef_graund_wave_A_yellow_00001","bone":"ef_graund_wave_A_yellow","blend":"additive"},{"name":"skill2_07_smoke","bone":"skill2_07_smoke","blend":"additive"},{"name":"EF/0h/s3_graund_wave_A_blue/ef_graund_wave_A_blue_00001","bone":"ef_graund_wave_A_blue","blend":"additive"},{"name":"EF/0h/s3_graund_wave_A_blue/ef_graund_wave_A_blue_1","bone":"ef_graund_wave_A_blue","blend":"additive"},{"name":"EF/wolf/wolf_00","bone":"wolf"},{"name":"EF/0h/s3_ef_aura_dash_main/ef_aura_dash_main_00001","bone":"ef_aura_dash_main","blend":"additive"},{"name":"EF/0h/s3_ef_aura_wave_main/ef_aura_wave_main_00001","bone":"ef_aura_wave","blend":"additive"},{"name":"MAIN","bone":"MAIN","attachment":"idle_00"},{"name":"skill2_fire","bone":"skill2_fire","blend":"additive"},{"name":"smoke1","bone":"smoke1","blend":"additive"},{"name":"smoke2","bone":"smoke2","blend":"additive"},{"name":"EF/0h/s2_wave_A_yellow/ef_wave_A_yellow_00001","bone":"ef_wave_A_yellow","blend":"additive"},{"name":"EF/0h/s1_charge_A_yellow/ef_charge_A_yellow_00001","bone":"ef_charge_A_yellow","blend":"additive"},{"name":"EF/0h/s1_sink_ball_yellow/ef_sink_ball_yellow_00001","bone":"ef_sink_ball_yellow","blend":"additive"},{"name":"EF/0h/s1_sink_ball_yellow/ef_sink_ball_yellow_1","bone":"ef_sink_ball_yellow","blend":"additive"},{"name":"EF/0h/s2_ef_flare_back_main/ef_flare_back_main_00001","bone":"ef_flare_back_main","blend":"additive"},{"name":"EF/0h/s2_ef_flare_main/ef_flare_main_00001","bone":"ef_flare_main","blend":"additive"},{"name":"DAMAGEAREA","bone":"DAMAGEAREA"},{"name":"HITBOX","bone":"HITBOX","attachment":"HITBOX"}],"skins":{"default":{"DAMAGEAREA":{"DAMAGEAREA":{"type":"boundingbox","vertices":[-32.0639,31.63617,-32.0639,-31.75175,32.35753,-31.75175,32.35753,31.29167]}},"EF/0h/s123_graund_wave_A_yellow/ef_graund_wave_A_yellow_00001":{"EF/0h/s123_graund_wave_A_yellow/ef_graund_wave_A_yellow_00001":{"x":2.85,"y":16.06,"width":250,"height":250},"EF/0h/s123_graund_wave_A_yellow/ef_graund_wave_A_yellow_00002":{"x":2.85,"y":16.06,"width":250,"height":250},"EF/0h/s123_graund_wave_A_yellow/ef_graund_wave_A_yellow_00003":{"x":2.85,"y":16.06,"width":250,"height":250},"EF/0h/s123_graund_wave_A_yellow/ef_graund_wave_A_yellow_00004":{"x":2.85,"y":16.06,"width":250,"height":250},"EF/0h/s123_graund_wave_A_yellow/ef_graund_wave_A_yellow_00005":{"x":2.85,"y":16.06,"width":250,"height":250},"EF/0h/s123_graund_wave_A_yellow/ef_graund_wave_A_yellow_00006":{"x":2.85,"y":16.06,"width":250,"height":250},"EF/0h/s123_graund_wave_A_yellow/ef_graund_wave_A_yellow_00007":{"x":2.85,"y":16.06,"width":250,"height":250},"EF/0h/s123_graund_wave_A_yellow/ef_graund_wave_A_yellow_00008":{"x":2.85,"y":16.06,"width":250,"height":250},"EF/0h/s123_graund_wave_A_yellow/ef_graund_wave_A_yellow_00009":{"x":2.85,"y":16.06,"width":250,"height":250},"EF/0h/s123_graund_wave_A_yellow/ef_graund_wave_A_yellow_00010":{"x":2.85,"y":16.06,"width":250,"height":250},"EF/0h/s123_graund_wave_A_yellow/ef_graund_wave_A_yellow_00011":{"x":2.85,"y":16.06,"width":250,"height":250},"EF/0h/s123_graund_wave_A_yellow/ef_graund_wave_A_yellow_00012":{"x":2.85,"y":16.06,"width":250,"height":250},"EF/0h/s123_graund_wave_A_yellow/ef_graund_wave_A_yellow_00013":{"x":2.85,"y":16.06,"width":250,"height":250},"EF/0h/s123_graund_wave_A_yellow/ef_graund_wave_A_yellow_00014":{"x":2.85,"y":16.06,"width":250,"height":250}},"EF/0h/s1_charge_A_yellow/ef_charge_A_yellow_00001":{"EF/0h/s1_charge_A_yellow/ef_charge_A_yellow_00001":{"width":250,"height":250},"EF/0h/s1_charge_A_yellow/ef_charge_A_yellow_00002":{"width":250,"height":250},"EF/0h/s1_charge_A_yellow/ef_charge_A_yellow_00003":{"width":250,"height":250},"EF/0h/s1_charge_A_yellow/ef_charge_A_yellow_00004":{"width":250,"height":250},"EF/0h/s1_charge_A_yellow/ef_charge_A_yellow_00005":{"width":250,"height":250},"EF/0h/s1_charge_A_yellow/ef_charge_A_yellow_00006":{"width":250,"height":250},"EF/0h/s1_charge_A_yellow/ef_charge_A_yellow_00007":{"width":250,"height":250},"EF/0h/s1_charge_A_yellow/ef_charge_A_yellow_00008":{"width":250,"height":250},"EF/0h/s1_charge_A_yellow/ef_charge_A_yellow_00009":{"width":250,"height":250},"EF/0h/s1_charge_A_yellow/ef_charge_A_yellow_00010":{"width":250,"height":250}},"EF/0h/s1_sink_ball_yellow/ef_sink_ball_yellow_00001":{"EF/0h/s1_sink_ball_yellow/ef_sink_ball_yellow_00001":{"width":250,"height":250},"EF/0h/s1_sink_ball_yellow/ef_sink_ball_yellow_00002":{"width":250,"height":250},"EF/0h/s1_sink_ball_yellow/ef_sink_ball_yellow_00003":{"width":250,"height":250},"EF/0h/s1_sink_ball_yellow/ef_sink_ball_yellow_00004":{"width":250,"height":250},"EF/0h/s1_sink_ball_yellow/ef_sink_ball_yellow_00005":{"width":250,"height":250},"EF/0h/s1_sink_ball_yellow/ef_sink_ball_yellow_00006":{"width":250,"height":250},"EF/0h/s1_sink_ball_yellow/ef_sink_ball_yellow_00007":{"width":250,"height":250},"EF/0h/s1_sink_ball_yellow/ef_sink_ball_yellow_00008":{"width":250,"height":250},"EF/0h/s1_sink_ball_yellow/ef_sink_ball_yellow_00009":{"width":250,"height":250},"EF/0h/s1_sink_ball_yellow/ef_sink_ball_yellow_00010":{"width":250,"height":250},"EF/0h/s1_sink_ball_yellow/ef_sink_ball_yellow_00011":{"width":250,"height":250},"EF/0h/s1_sink_ball_yellow/ef_sink_ball_yellow_00012":{"width":250,"height":250},"EF/0h/s1_sink_ball_yellow/ef_sink_ball_yellow_00013":{"width":250,"height":250},"EF/0h/s1_sink_ball_yellow/ef_sink_ball_yellow_00014":{"width":250,"height":250}},"EF/0h/s1_sink_ball_yellow/ef_sink_ball_yellow_1":{"EF/0h/s1_sink_ball_yellow/ef_sink_ball_yellow_00001":{"width":250,"height":250},"EF/0h/s1_sink_ball_yellow/ef_sink_ball_yellow_00002":{"width":250,"height":250},"EF/0h/s1_sink_ball_yellow/ef_sink_ball_yellow_00003":{"width":250,"height":250},"EF/0h/s1_sink_ball_yellow/ef_sink_ball_yellow_00004":{"width":250,"height":250},"EF/0h/s1_sink_ball_yellow/ef_sink_ball_yellow_00005":{"width":250,"height":250},"EF/0h/s1_sink_ball_yellow/ef_sink_ball_yellow_00006":{"width":250,"height":250},"EF/0h/s1_sink_ball_yellow/ef_sink_ball_yellow_00007":{"width":250,"height":250},"EF/0h/s1_sink_ball_yellow/ef_sink_ball_yellow_00008":{"width":250,"height":250},"EF/0h/s1_sink_ball_yellow/ef_sink_ball_yellow_00009":{"width":250,"height":250},"EF/0h/s1_sink_ball_yellow/ef_sink_ball_yellow_00010":{"width":250,"height":250},"EF/0h/s1_sink_ball_yellow/ef_sink_ball_yellow_00011":{"width":250,"height":250},"EF/0h/s1_sink_ball_yellow/ef_sink_ball_yellow_00012":{"width":250,"height":250},"EF/0h/s1_sink_ball_yellow/ef_sink_ball_yellow_00013":{"width":250,"height":250},"EF/0h/s1_sink_ball_yellow/ef_sink_ball_yellow_00014":{"width":250,"height":250}},"EF/0h/s2_ef_flare_back_main/ef_flare_back_main_00001":{"EF/0h/s2_ef_flare_back_main/ef_flare_back_main_00001":{"width":250,"height":250},"EF/0h/s2_ef_flare_back_main/ef_flare_back_main_00002":{"width":250,"height":250},"EF/0h/s2_ef_flare_back_main/ef_flare_back_main_00003":{"width":250,"height":250},"EF/0h/s2_ef_flare_back_main/ef_flare_back_main_00004":{"width":250,"height":250},"EF/0h/s2_ef_flare_back_main/ef_flare_back_main_00005":{"width":250,"height":250},"EF/0h/s2_ef_flare_back_main/ef_flare_back_main_00006":{"width":250,"height":250},"EF/0h/s2_ef_flare_back_main/ef_flare_back_main_00007":{"width":250,"height":250},"EF/0h/s2_ef_flare_back_main/ef_flare_back_main_00008":{"width":250,"height":250}},"EF/0h/s2_ef_flare_main/ef_flare_main_00001":{"EF/0h/s2_ef_flare_main/ef_flare_main_00001":{"width":225,"height":225},"EF/0h/s2_ef_flare_main/ef_flare_main_00002":{"width":225,"height":225},"EF/0h/s2_ef_flare_main/ef_flare_main_00003":{"width":225,"height":225},"EF/0h/s2_ef_flare_main/ef_flare_main_00004":{"width":225,"height":225},"EF/0h/s2_ef_flare_main/ef_flare_main_00005":{"width":225,"height":225},"EF/0h/s2_ef_flare_main/ef_flare_main_00006":{"width":225,"height":225},"EF/0h/s2_ef_flare_main/ef_flare_main_00007":{"width":225,"height":225},"EF/0h/s2_ef_flare_main/ef_flare_main_00008":{"width":225,"height":225}},"EF/0h/s2_wave_A_yellow/ef_wave_A_yellow_00001":{"EF/0h/s2_wave_A_yellow/ef_wave_A_yellow_00001":{"width":210,"height":210},"EF/0h/s2_wave_A_yellow/ef_wave_A_yellow_00002":{"width":210,"height":210},"EF/0h/s2_wave_A_yellow/ef_wave_A_yellow_00003":{"width":210,"height":210},"EF/0h/s2_wave_A_yellow/ef_wave_A_yellow_00004":{"width":210,"height":210},"EF/0h/s2_wave_A_yellow/ef_wave_A_yellow_00005":{"width":210,"height":210},"EF/0h/s2_wave_A_yellow/ef_wave_A_yellow_00006":{"width":210,"height":210},"EF/0h/s2_wave_A_yellow/ef_wave_A_yellow_00007":{"width":210,"height":210},"EF/0h/s2_wave_A_yellow/ef_wave_A_yellow_00008":{"width":210,"height":210},"EF/0h/s2_wave_A_yellow/ef_wave_A_yellow_00009":{"width":210,"height":210},"EF/0h/s2_wave_A_yellow/ef_wave_A_yellow_00010":{"width":210,"height":210},"EF/0h/s2_wave_A_yellow/ef_wave_A_yellow_00011":{"width":210,"height":210}},"EF/0h/s3_ef_aura_dash_main/ef_aura_dash_main_00001":{"EF/0h/s3_ef_aura_dash_main/ef_aura_dash_main_00001":{"x":80.67,"width":284,"height":122},"EF/0h/s3_ef_aura_dash_main/ef_aura_dash_main_00002":{"x":80.67,"width":284,"height":122},"EF/0h/s3_ef_aura_dash_main/ef_aura_dash_main_00003":{"x":80.67,"width":284,"height":122},"EF/0h/s3_ef_aura_dash_main/ef_aura_dash_main_00004":{"x":80.67,"width":284,"height":122},"EF/0h/s3_ef_aura_dash_main/ef_aura_dash_main_00005":{"x":80.67,"width":284,"height":122},"EF/0h/s3_ef_aura_dash_main/ef_aura_dash_main_00006":{"x":80.67,"width":284,"height":122},"EF/0h/s3_ef_aura_dash_main/ef_aura_dash_main_00007":{"x":80.67,"width":284,"height":122},"EF/0h/s3_ef_aura_dash_main/ef_aura_dash_main_00008":{"x":80.67,"width":284,"height":122},"EF/0h/s3_ef_aura_dash_main/ef_aura_dash_main_00009":{"x":80.67,"width":284,"height":122},"EF/0h/s3_ef_aura_dash_main/ef_aura_dash_main_00010":{"x":80.67,"width":284,"height":122},"EF/0h/s3_ef_aura_dash_main/ef_aura_dash_main_00011":{"x":80.67,"width":284,"height":122}},"EF/0h/s3_ef_aura_wave_main/ef_aura_wave_main_00001":{"EF/0h/s3_ef_aura_wave_main/ef_aura_wave_main_00001":{"x":58.98,"width":243,"height":243},"EF/0h/s3_ef_aura_wave_main/ef_aura_wave_main_00002":{"x":58.98,"width":243,"height":243},"EF/0h/s3_ef_aura_wave_main/ef_aura_wave_main_00003":{"x":58.98,"width":243,"height":243},"EF/0h/s3_ef_aura_wave_main/ef_aura_wave_main_00004":{"x":58.98,"width":243,"height":243},"EF/0h/s3_ef_aura_wave_main/ef_aura_wave_main_00005":{"x":58.98,"width":243,"height":243},"EF/0h/s3_ef_aura_wave_main/ef_aura_wave_main_00006":{"x":58.98,"width":243,"height":243},"EF/0h/s3_ef_aura_wave_main/ef_aura_wave_main_00007":{"x":58.98,"width":243,"height":243},"EF/0h/s3_ef_aura_wave_main/ef_aura_wave_main_00008":{"x":58.98,"width":243,"height":243},"EF/0h/s3_ef_aura_wave_main/ef_aura_wave_main_00009":{"x":58.98,"width":243,"height":243},"EF/0h/s3_ef_aura_wave_main/ef_aura_wave_main_00010":{"x":58.98,"width":243,"height":243},"EF/0h/s3_ef_aura_wave_main/ef_aura_wave_main_00011":{"x":58.98,"width":243,"height":243}},"EF/0h/s3_graund_wave_A_blue/ef_graund_wave_A_blue_00001":{"EF/0h/s3_graund_wave_A_blue/ef_graund_wave_A_blue_00001":{"y":7.53,"width":250,"height":250},"EF/0h/s3_graund_wave_A_blue/ef_graund_wave_A_blue_00002":{"y":7.53,"width":250,"height":250},"EF/0h/s3_graund_wave_A_blue/ef_graund_wave_A_blue_00003":{"y":7.53,"width":250,"height":250},"EF/0h/s3_graund_wave_A_blue/ef_graund_wave_A_blue_00004":{"y":7.53,"width":250,"height":250},"EF/0h/s3_graund_wave_A_blue/ef_graund_wave_A_blue_00005":{"y":7.53,"width":250,"height":250},"EF/0h/s3_graund_wave_A_blue/ef_graund_wave_A_blue_00006":{"y":7.53,"width":250,"height":250},"EF/0h/s3_graund_wave_A_blue/ef_graund_wave_A_blue_00007":{"y":7.53,"width":250,"height":250},"EF/0h/s3_graund_wave_A_blue/ef_graund_wave_A_blue_00008":{"y":7.53,"width":250,"height":250},"EF/0h/s3_graund_wave_A_blue/ef_graund_wave_A_blue_00009":{"y":7.53,"width":250,"height":250},"EF/0h/s3_graund_wave_A_blue/ef_graund_wave_A_blue_00010":{"y":7.53,"width":250,"height":250},"EF/0h/s3_graund_wave_A_blue/ef_graund_wave_A_blue_00011":{"y":7.53,"width":250,"height":250},"EF/0h/s3_graund_wave_A_blue/ef_graund_wave_A_blue_00012":{"y":7.53,"width":250,"height":250},"EF/0h/s3_graund_wave_A_blue/ef_graund_wave_A_blue_00013":{"y":7.53,"width":250,"height":250},"EF/0h/s3_graund_wave_A_blue/ef_graund_wave_A_blue_00014":{"y":7.53,"width":250,"height":250}},"EF/0h/s3_graund_wave_A_blue/ef_graund_wave_A_blue_1":{"EF/0h/s3_graund_wave_A_blue/ef_graund_wave_A_blue_00001":{"y":7.53,"width":250,"height":250},"EF/0h/s3_graund_wave_A_blue/ef_graund_wave_A_blue_00002":{"y":7.53,"width":250,"height":250},"EF/0h/s3_graund_wave_A_blue/ef_graund_wave_A_blue_00003":{"y":7.53,"width":250,"height":250},"EF/0h/s3_graund_wave_A_blue/ef_graund_wave_A_blue_00004":{"y":7.53,"width":250,"height":250},"EF/0h/s3_graund_wave_A_blue/ef_graund_wave_A_blue_00005":{"y":7.53,"width":250,"height":250},"EF/0h/s3_graund_wave_A_blue/ef_graund_wave_A_blue_00006":{"y":7.53,"width":250,"height":250},"EF/0h/s3_graund_wave_A_blue/ef_graund_wave_A_blue_00007":{"y":7.53,"width":250,"height":250},"EF/0h/s3_graund_wave_A_blue/ef_graund_wave_A_blue_00008":{"y":7.53,"width":250,"height":250},"EF/0h/s3_graund_wave_A_blue/ef_graund_wave_A_blue_00009":{"y":7.53,"width":250,"height":250},"EF/0h/s3_graund_wave_A_blue/ef_graund_wave_A_blue_00010":{"y":7.53,"width":250,"height":250},"EF/0h/s3_graund_wave_A_blue/ef_graund_wave_A_blue_00011":{"y":7.53,"width":250,"height":250},"EF/0h/s3_graund_wave_A_blue/ef_graund_wave_A_blue_00012":{"y":7.53,"width":250,"height":250},"EF/0h/s3_graund_wave_A_blue/ef_graund_wave_A_blue_00013":{"y":7.53,"width":250,"height":250},"EF/0h/s3_graund_wave_A_blue/ef_graund_wave_A_blue_00014":{"y":7.53,"width":250,"height":250}},"EF/wolf/wolf_00":{"EF/wolf/wolf_00":{"x":-6.87,"y":14.4,"scaleX":2,"scaleY":2,"width":250,"height":250},"EF/wolf/wolf_01":{"x":-6.87,"y":14.41,"scaleX":2,"scaleY":2,"width":250,"height":250},"EF/wolf/wolf_02":{"x":-6.87,"y":14.41,"scaleX":2,"scaleY":2,"width":250,"height":250},"EF/wolf/wolf_03":{"x":-6.87,"y":14.41,"scaleX":2,"scaleY":2,"width":250,"height":250},"EF/wolf/wolf_04":{"x":-6.87,"y":14.41,"scaleX":2,"scaleY":2,"width":250,"height":250},"EF/wolf/wolf_05":{"x":-6.87,"y":14.41,"scaleX":2,"scaleY":2,"width":250,"height":250},"EF/wolf/wolf_06":{"x":-6.87,"y":14.41,"scaleX":2,"scaleY":2,"width":250,"height":250}},"HITBOX":{"HITBOX":{"type":"boundingbox","vertices":[-17.33991,45.61498,-17.63791,-50.04297,28.55202,-50.04297,28.25408,45.615]}},"MAIN":{"attack1_00":{"x":-7.41,"y":23,"scaleX":2,"scaleY":2,"width":250,"height":250},"attack1_01":{"x":-7.41,"y":23,"scaleX":2,"scaleY":2,"width":250,"height":250},"attack1_02":{"x":-7.41,"y":23,"scaleX":2,"scaleY":2,"width":250,"height":250},"attack1_03":{"x":-7.41,"y":23,"scaleX":2,"scaleY":2,"width":250,"height":250},"attack1_04":{"x":-7.41,"y":23,"scaleX":2,"scaleY":2,"width":250,"height":250},"attack1_05":{"x":-7.41,"y":23,"scaleX":2,"scaleY":2,"width":250,"height":250},"attack1_06":{"x":-7.41,"y":23,"scaleX":2,"scaleY":2,"width":250,"height":250},"attack1_07":{"x":-7.41,"y":23,"scaleX":2,"scaleY":2,"width":250,"height":250},"attack1_08":{"x":-7.41,"y":23,"scaleX":2,"scaleY":2,"width":250,"height":250},"attack1_09":{"x":-7.41,"y":23,"scaleX":2,"scaleY":2,"width":250,"height":250},"back_00":{"x":-7.41,"y":23,"scaleX":2,"scaleY":2,"width":250,"height":250},"damage_00":{"x":-7.41,"y":23,"scaleX":2,"scaleY":2,"width":250,"height":250},"front_00":{"x":-7.41,"y":23,"scaleX":2,"scaleY":2,"width":250,"height":250},"idle_00":{"x":-7.41,"y":23,"scaleX":2,"scaleY":2,"width":250,"height":250},"idle_01":{"x":-7.41,"y":23,"scaleX":2,"scaleY":2,"width":250,"height":250},"idle_02":{"x":-7.41,"y":23,"scaleX":2,"scaleY":2,"width":250,"height":250},"skill1_00":{"x":-7.41,"y":23,"scaleX":2,"scaleY":2,"width":250,"height":250},"skill1_01":{"x":-7.41,"y":23,"scaleX":2,"scaleY":2,"width":250,"height":250},"skill2_00":{"x":-7.41,"y":23,"scaleX":2,"scaleY":2,"width":250,"height":250},"skill2_01":{"x":-7.41,"y":23,"scaleX":2,"scaleY":2,"width":250,"height":250},"skill2_02":{"x":-7.41,"y":23,"scaleX":2,"scaleY":2,"width":250,"height":250},"skill2_03":{"x":-7.41,"y":23,"scaleX":2,"scaleY":2,"width":250,"height":250},"skill2_04":{"x":-7.41,"y":23,"scaleX":2,"scaleY":2,"width":250,"height":250},"skill2_05":{"x":-7.41,"y":23,"scaleX":2,"scaleY":2,"width":250,"height":250},"skill2_06":{"x":-7.41,"y":23,"scaleX":2,"scaleY":2,"width":250,"height":250},"skill2_07":{"x":-7.41,"y":23,"scaleX":2,"scaleY":2,"width":250,"height":250},"skill2_08":{"x":-7.41,"y":23,"scaleX":2,"scaleY":2,"width":250,"height":250}},"skill2_07_smoke":{"EF/skill2_07_smoke":{"x":18.87,"y":-35.86,"scaleX":2,"scaleY":2,"width":250,"height":250}},"skill2_fire":{"EF/skill2_fire/skill2_fire_00":{"x":27.25,"y":79,"scaleX":2,"scaleY":2,"width":250,"height":250},"EF/skill2_fire/skill2_fire_01":{"x":26.85,"y":79,"scaleX":2,"scaleY":2,"width":250,"height":250},"EF/skill2_fire/skill2_fire_02":{"x":26.85,"y":79,"scaleX":2,"scaleY":2,"width":250,"height":250},"EF/skill2_fire/skill2_fire_03":{"x":26.85,"y":79,"scaleX":2,"scaleY":2,"width":250,"height":250}},"smoke1":{"EF/smoke1/smoke1_00":{"x":25.68,"y":60.66,"scaleX":2,"scaleY":2,"width":250,"height":250},"EF/smoke1/smoke1_01":{"x":25.69,"y":60.67,"scaleX":2,"scaleY":2,"width":250,"height":250},"EF/smoke1/smoke1_02":{"x":27.39,"y":60.67,"scaleX":2,"scaleY":2,"width":250,"height":250},"EF/smoke1/smoke1_03":{"x":27.4,"y":64.07,"scaleX":2,"scaleY":2,"width":250,"height":250}},"smoke2":{"EF/smoke2/smoke2_00":{"x":46.55,"y":-12.81,"scaleX":2,"scaleY":2,"width":250,"height":250},"EF/smoke2/smoke2_01":{"x":46.55,"y":-12.81,"scaleX":2,"scaleY":2,"width":250,"height":250},"EF/smoke2/smoke2_02":{"x":46.55,"y":-12.81,"scaleX":2,"scaleY":2,"width":250,"height":250}}}},"events":{"Event":{},"Event2":{},"Hit":{},"Sound1":{},"Sound2":{},"Sound3":{},"Voice":{}},"animations":{"attack1":{"slots":{"DAMAGEAREA":{"attachment":[{"time":0.9666,"name":"DAMAGEAREA"},{"time":1.0666,"name":null}]},"MAIN":{"attachment":[{"time":0,"name":"idle_00"},{"time":0.0666,"name":"attack1_09"},{"time":0.1333,"name":"attack1_00"},{"time":0.2,"name":"attack1_01"},{"time":0.3333,"name":"attack1_02"},{"time":0.4333,"name":"attack1_03"},{"time":0.5666,"name":"attack1_04"},{"time":0.9666,"name":"attack1_05"},{"time":1.0666,"name":"attack1_06"},{"time":1.1666,"name":"attack1_07"},{"time":1.3333,"name":"attack1_08"},{"time":1.5,"name":"attack1_09"},{"time":1.6,"name":"idle_02"},{"time":1.7333,"name":"idle_00"},{"time":1.8666,"name":"idle_01"},{"time":2,"name":"idle_00"}]}},"bones":{"MAIN":{"translate":[{"time":0,"x":0,"y":0,"curve":"stepped"},{"time":0.0666,"x":0.6,"y":0,"curve":"stepped"},{"time":0.1333,"x":16.64,"y":0,"curve":"stepped"},{"time":0.9333,"x":16.64,"y":0},{"time":0.9666,"x":50,"y":0,"curve":[0.121,0.87,0.75,1]},{"time":1.0666,"x":16.64,"y":0,"curve":"stepped"},{"time":1.5,"x":0.58,"y":0,"curve":"stepped"},{"time":1.6,"x":0,"y":0}]},"DAMAGEAREA":{"translate":[{"time":0.9666,"x":-288.25,"y":63.3}],"scale":[{"time":0.9666,"x":8.73,"y":1}]}},"events":[{"time":0.9666,"name":"Event","float":0.1,"string":"kHitStopType_enemyonly"},{"time":0.9666,"name":"Sound1","string":"cri_se_battle_gun_burst"},{"time":0.9666,"name":"Sound3","string":"setHitSound(se_battle_thrustviolently)"},{"time":0.9666,"name":"Voice","string":"cri_712_voice_attack_c"}]},"back":{"slots":{"MAIN":{"attachment":[{"time":0,"name":"back_00"},{"time":0.2666,"name":"attack1_09"},{"time":0.4666,"name":"idle_02"}]}},"bones":{"MAIN":{"translate":[{"time":0,"x":7.94,"y":0},{"time":0.1333,"x":68.97,"y":20.24},{"time":0.2666,"x":130,"y":-0.5,"curve":[0.227,0.69,0.478,0.96]},{"time":0.5666,"x":140,"y":0}]}},"events":[{"time":0,"name":"Sound1","string":"cri_se_battle_jump"},{"time":0.2666,"name":"Sound1","string":"cri_se_battle_landing"}]},"cast":{"slots":{"MAIN":{"attachment":[{"time":0,"name":"idle_00"},{"time":0.0666,"name":"attack1_09"},{"time":0.1333,"name":"attack1_00"},{"time":0.2,"name":"attack1_01"},{"time":0.2666,"name":"attack1_02"},{"time":0.3333,"name":"attack1_03"},{"time":0.4,"name":"attack1_04"},{"time":0.5,"name":"attack1_05"},{"time":0.6,"name":"attack1_06"},{"time":0.7,"name":"attack1_07"},{"time":0.8,"name":"attack1_08"},{"time":0.9,"name":"attack1_09"},{"time":1,"name":"idle_02"}]}},"bones":{"MAIN":{"translate":[{"time":0,"x":0,"y":0,"curve":"stepped"},{"time":0.0666,"x":0.6,"y":0,"curve":"stepped"},{"time":0.1333,"x":16.64,"y":0,"curve":"stepped"},{"time":0.4666,"x":16.64,"y":0},{"time":0.5,"x":50,"y":0,"curve":[0.121,0.87,0.75,1]},{"time":0.6,"x":16.64,"y":0,"curve":"stepped"},{"time":0.9,"x":0.58,"y":0,"curve":"stepped"},{"time":1,"x":0,"y":0}]}},"events":[{"time":0.4666,"name":"Voice","string":"cri_712_voice_item"}]},"damage":{"slots":{"MAIN":{"attachment":[{"time":0,"name":"damage_00"}]}}},"empty":{"slots":{"MAIN":{"attachment":[{"time":0,"name":null}]}}},"front":{"slots":{"MAIN":{"attachment":[{"time":0,"name":"front_00"}]}}},"idle":{"slots":{"MAIN":{"attachment":[{"time":0,"name":"idle_00"},{"time":0.2666,"name":"idle_01"},{"time":0.5,"name":"idle_00"},{"time":0.7666,"name":"idle_02"},{"time":1,"name":"idle_00"}]}},"bones":{"MAIN":{"translate":[{"time":0,"x":0,"y":0}]}}},"in":{"slots":{"MAIN":{"attachment":[{"time":0,"name":"front_00"},{"time":0.4333,"name":"idle_01"},{"time":0.5666,"name":"idle_00"},{"time":0.7,"name":"idle_02"},{"time":0.8333,"name":"idle_00"}],"color":[{"time":0,"color":"ffffff00"},{"time":0.2666,"color":"ffffffff"}]}},"bones":{"MAIN":{"translate":[{"time":0,"x":200,"y":0,"curve":[0.148,0.83,0.75,1]},{"time":0.5,"x":0,"y":0,"curve":"stepped"},{"time":0.8333,"x":0,"y":0}]}},"events":[{"time":0.4333,"name":"Sound1","string":"cri_se_battle_landing"}]},"skill1":{"slots":{"DAMAGEAREA":{"attachment":[{"time":1.2666,"name":"DAMAGEAREA"},{"time":1.5,"name":null}]},"EF/0h/s123_graund_wave_A_yellow/ef_graund_wave_A_yellow_00001":{"attachment":[{"time":1.2333,"name":"EF/0h/s123_graund_wave_A_yellow/ef_graund_wave_A_yellow_00001"},{"time":1.2666,"name":"EF/0h/s123_graund_wave_A_yellow/ef_graund_wave_A_yellow_00002"},{"time":1.3,"name":"EF/0h/s123_graund_wave_A_yellow/ef_graund_wave_A_yellow_00003"},{"time":1.3333,"name":"EF/0h/s123_graund_wave_A_yellow/ef_graund_wave_A_yellow_00004"},{"time":1.3666,"name":"EF/0h/s123_graund_wave_A_yellow/ef_graund_wave_A_yellow_00005"},{"time":1.4,"name":"EF/0h/s123_graund_wave_A_yellow/ef_graund_wave_A_yellow_00006"},{"time":1.4333,"name":"EF/0h/s123_graund_wave_A_yellow/ef_graund_wave_A_yellow_00007"},{"time":1.4666,"name":"EF/0h/s123_graund_wave_A_yellow/ef_graund_wave_A_yellow_00008"},{"time":1.5,"name":"EF/0h/s123_graund_wave_A_yellow/ef_graund_wave_A_yellow_00009"},{"time":1.5333,"name":"EF/0h/s123_graund_wave_A_yellow/ef_graund_wave_A_yellow_00010"},{"time":1.5666,"name":"EF/0h/s123_graund_wave_A_yellow/ef_graund_wave_A_yellow_00011"},{"time":1.6,"name":"EF/0h/s123_graund_wave_A_yellow/ef_graund_wave_A_yellow_00012"},{"time":1.6333,"name":"EF/0h/s123_graund_wave_A_yellow/ef_graund_wave_A_yellow_00013"},{"time":1.6666,"name":"EF/0h/s123_graund_wave_A_yellow/ef_graund_wave_A_yellow_00014"},{"time":1.7,"name":null}]},"EF/0h/s1_charge_A_yellow/ef_charge_A_yellow_00001":{"attachment":[{"time":1.2333,"name":"EF/0h/s1_charge_A_yellow/ef_charge_A_yellow_00001"},{"time":1.2666,"name":"EF/0h/s1_charge_A_yellow/ef_charge_A_yellow_00002"},{"time":1.3,"name":"EF/0h/s1_charge_A_yellow/ef_charge_A_yellow_00003"},{"time":1.3333,"name":"EF/0h/s1_charge_A_yellow/ef_charge_A_yellow_00004"},{"time":1.3666,"name":"EF/0h/s1_charge_A_yellow/ef_charge_A_yellow_00005"},{"time":1.4,"name":"EF/0h/s1_charge_A_yellow/ef_charge_A_yellow_00006"},{"time":1.4333,"name":"EF/0h/s1_charge_A_yellow/ef_charge_A_yellow_00007"},{"time":1.4666,"name":"EF/0h/s1_charge_A_yellow/ef_charge_A_yellow_00008"},{"time":1.5,"name":"EF/0h/s1_charge_A_yellow/ef_charge_A_yellow_00009"},{"time":1.5333,"name":"EF/0h/s1_charge_A_yellow/ef_charge_A_yellow_00010"},{"time":1.6,"name":null}],"color":[{"time":1.5,"color":"ffffffff"},{"time":1.6,"color":"ffffff00"}]},"EF/0h/s1_sink_ball_yellow/ef_sink_ball_yellow_00001":{"attachment":[{"time":0.7666,"name":"EF/0h/s1_sink_ball_yellow/ef_sink_ball_yellow_00001"},{"time":0.8,"name":"EF/0h/s1_sink_ball_yellow/ef_sink_ball_yellow_00002"},{"time":0.8333,"name":"EF/0h/s1_sink_ball_yellow/ef_sink_ball_yellow_00003"},{"time":0.8666,"name":"EF/0h/s1_sink_ball_yellow/ef_sink_ball_yellow_00004"},{"time":0.9,"name":"EF/0h/s1_sink_ball_yellow/ef_sink_ball_yellow_00005"},{"time":0.9333,"name":"EF/0h/s1_sink_ball_yellow/ef_sink_ball_yellow_00006"},{"time":0.9666,"name":"EF/0h/s1_sink_ball_yellow/ef_sink_ball_yellow_00007"},{"time":1,"name":"EF/0h/s1_sink_ball_yellow/ef_sink_ball_yellow_00008"},{"time":1.0333,"name":"EF/0h/s1_sink_ball_yellow/ef_sink_ball_yellow_00009"},{"time":1.0666,"name":"EF/0h/s1_sink_ball_yellow/ef_sink_ball_yellow_00010"},{"time":1.1,"name":"EF/0h/s1_sink_ball_yellow/ef_sink_ball_yellow_00011"},{"time":1.1333,"name":"EF/0h/s1_sink_ball_yellow/ef_sink_ball_yellow_00012"},{"time":1.1666,"name":"EF/0h/s1_sink_ball_yellow/ef_sink_ball_yellow_00013"},{"time":1.2,"name":"EF/0h/s1_sink_ball_yellow/ef_sink_ball_yellow_00014"},{"time":1.2333,"name":null}]},"MAIN":{"attachment":[{"time":0,"name":"idle_00"},{"time":0.0666,"name":"attack1_09"},{"time":0.1333,"name":"attack1_00"},{"time":0.2,"name":"attack1_01"},{"time":0.3,"name":"skill1_00"},{"time":0.4,"name":"attack1_02"},{"time":0.5,"name":"attack1_03"},{"time":0.6333,"name":"attack1_04"},{"time":0.7333,"name":"skill1_01"},{"time":1.2333,"name":"attack1_05"},{"time":1.3333,"name":"attack1_06"},{"time":1.4333,"name":"attack1_07"},{"time":1.6,"name":"attack1_08"},{"time":1.7666,"name":"attack1_09"},{"time":1.9,"name":"idle_02"},{"time":2,"name":"idle_00"}]}},"bones":{"MAIN":{"translate":[{"time":0,"x":0,"y":0,"curve":"stepped"},{"time":0.0666,"x":0.6,"y":0,"curve":"stepped"},{"time":0.1333,"x":16.64,"y":0,"curve":"stepped"},{"time":1.2,"x":16.64,"y":0},{"time":1.2333,"x":50,"y":0,"curve":[0.121,0.87,0.75,1]},{"time":1.3333,"x":16.64,"y":0,"curve":"stepped"},{"time":1.7666,"x":0.58,"y":0,"curve":"stepped"},{"time":1.8666,"x":0,"y":0}]},"ef_sink_ball_yellow":{"translate":[{"time":0.7666,"x":54.51,"y":69.82}]},"ef_charge_A_yellow":{"translate":[{"time":1.2333,"x":4.33,"y":69.85}],"scale":[{"time":1.2333,"x":1.5,"y":1.5},{"time":1.5666,"x":2,"y":2}]},"ef_graund_wave_A_yellow":{"scale":[{"time":1.2333,"x":2,"y":2},{"time":1.6666,"x":2.5,"y":2.5}]},"DAMAGEAREA":{"translate":[{"time":1.2666,"x":-103.98,"y":70.07},{"time":1.4333,"x":-581.03,"y":70.07}],"scale":[{"time":1.2666,"x":3.111,"y":1.271},{"time":1.4333,"x":19.025,"y":1.271}]}},"events":[{"time":0,"name":"Voice","string":"cri_712_voice_skill_all"},{"time":0.3333,"name":"Sound3","string":"setHitSound(se_battle_007_attack_hit_01)"},{"time":0.7333,"name":"Sound1","string":"cri_se_battle_charge"},{"time":1.2333,"name":"Sound2","string":"cri_se_battle_arrow_light_effect"},{"time":1.2333,"name":"Sound3","string":"cri_se_battle_gun_burst"},{"time":1.2666,"name":"Event","float":0.1,"string":"kHitStopType_enemyonly"},{"time":1.3666,"name":"Hit","string":"resetHitList"},{"time":1.4333,"name":"Hit","string":"resetHitList"}]},"skill2":{"slots":{"EF/0h/s2_ef_flare_back_main/ef_flare_back_main_00001":{"attachment":[{"time":4.2,"name":"EF/0h/s2_ef_flare_back_main/ef_flare_back_main_00001"},{"time":4.2333,"name":"EF/0h/s2_ef_flare_back_main/ef_flare_back_main_00002"},{"time":4.2666,"name":"EF/0h/s2_ef_flare_back_main/ef_flare_back_main_00003"},{"time":4.3,"name":"EF/0h/s2_ef_flare_back_main/ef_flare_back_main_00004"},{"time":4.3333,"name":"EF/0h/s2_ef_flare_back_main/ef_flare_back_main_00005"},{"time":4.3666,"name":"EF/0h/s2_ef_flare_back_main/ef_flare_back_main_00006"},{"time":4.4,"name":"EF/0h/s2_ef_flare_back_main/ef_flare_back_main_00007"},{"time":4.4333,"name":"EF/0h/s2_ef_flare_back_main/ef_flare_back_main_00008"},{"time":4.4666,"name":null},{"time":4.9666,"name":"EF/0h/s2_ef_flare_back_main/ef_flare_back_main_00001"},{"time":5.0333,"name":"EF/0h/s2_ef_flare_back_main/ef_flare_back_main_00002"},{"time":5.1,"name":"EF/0h/s2_ef_flare_back_main/ef_flare_back_main_00003"},{"time":5.1666,"name":"EF/0h/s2_ef_flare_back_main/ef_flare_back_main_00004"},{"time":5.2333,"name":"EF/0h/s2_ef_flare_back_main/ef_flare_back_main_00005"},{"time":5.3,"name":"EF/0h/s2_ef_flare_back_main/ef_flare_back_main_00006"},{"time":5.3666,"name":"EF/0h/s2_ef_flare_back_main/ef_flare_back_main_00007"},{"time":5.4333,"name":"EF/0h/s2_ef_flare_back_main/ef_flare_back_main_00008"},{"time":5.5,"name":null}]},"EF/0h/s2_ef_flare_main/ef_flare_main_00001":{"attachment":[{"time":4.2,"name":"EF/0h/s2_ef_flare_main/ef_flare_main_00001"},{"time":4.2333,"name":"EF/0h/s2_ef_flare_main/ef_flare_main_00002"},{"time":4.2666,"name":"EF/0h/s2_ef_flare_main/ef_flare_main_00003"},{"time":4.3,"name":"EF/0h/s2_ef_flare_main/ef_flare_main_00004"},{"time":4.3333,"name":"EF/0h/s2_ef_flare_main/ef_flare_main_00005"},{"time":4.3666,"name":"EF/0h/s2_ef_flare_main/ef_flare_main_00006"},{"time":4.4,"name":"EF/0h/s2_ef_flare_main/ef_flare_main_00007"},{"time":4.4333,"name":"EF/0h/s2_ef_flare_main/ef_flare_main_00008"},{"time":4.4666,"name":"EF/0h/s2_ef_flare_main/ef_flare_main_00001"},{"time":4.5,"name":"EF/0h/s2_ef_flare_main/ef_flare_main_00002"},{"time":4.5333,"name":"EF/0h/s2_ef_flare_main/ef_flare_main_00003"},{"time":4.5666,"name":"EF/0h/s2_ef_flare_main/ef_flare_main_00004"},{"time":4.6,"name":"EF/0h/s2_ef_flare_main/ef_flare_main_00005"},{"time":4.6333,"name":"EF/0h/s2_ef_flare_main/ef_flare_main_00006"},{"time":4.6666,"name":"EF/0h/s2_ef_flare_main/ef_flare_main_00007"},{"time":4.7,"name":"EF/0h/s2_ef_flare_main/ef_flare_main_00008"},{"time":4.7333,"name":"EF/0h/s2_ef_flare_main/ef_flare_main_00001"},{"time":4.7666,"name":"EF/0h/s2_ef_flare_main/ef_flare_main_00002"},{"time":4.8,"name":"EF/0h/s2_ef_flare_main/ef_flare_main_00003"},{"time":4.8333,"name":"EF/0h/s2_ef_flare_main/ef_flare_main_00004"},{"time":4.8666,"name":"EF/0h/s2_ef_flare_main/ef_flare_main_00005"},{"time":4.9,"name":"EF/0h/s2_ef_flare_main/ef_flare_main_00006"},{"time":4.9333,"name":"EF/0h/s2_ef_flare_main/ef_flare_main_00007"},{"time":4.9666,"name":"EF/0h/s2_ef_flare_main/ef_flare_main_00008"},{"time":5,"name":"EF/0h/s2_ef_flare_main/ef_flare_main_00001"},{"time":5.0333,"name":"EF/0h/s2_ef_flare_main/ef_flare_main_00002"},{"time":5.0666,"name":"EF/0h/s2_ef_flare_main/ef_flare_main_00003"},{"time":5.1,"name":"EF/0h/s2_ef_flare_main/ef_flare_main_00004"},{"time":5.1333,"name":"EF/0h/s2_ef_flare_main/ef_flare_main_00005"},{"time":5.1666,"name":"EF/0h/s2_ef_flare_main/ef_flare_main_00006"},{"time":5.2,"name":"EF/0h/s2_ef_flare_main/ef_flare_main_00007"},{"time":5.2333,"name":"EF/0h/s2_ef_flare_main/ef_flare_main_00008"},{"time":5.2666,"name":"EF/0h/s2_ef_flare_main/ef_flare_main_00001"},{"time":5.3,"name":"EF/0h/s2_ef_flare_main/ef_flare_main_00002"},{"time":5.3333,"name":"EF/0h/s2_ef_flare_main/ef_flare_main_00003"},{"time":5.3666,"name":"EF/0h/s2_ef_flare_main/ef_flare_main_00004"},{"time":5.4,"name":"EF/0h/s2_ef_flare_main/ef_flare_main_00005"},{"time":5.4333,"name":"EF/0h/s2_ef_flare_main/ef_flare_main_00006"},{"time":5.4666,"name":"EF/0h/s2_ef_flare_main/ef_flare_main_00007"},{"time":5.5,"name":"EF/0h/s2_ef_flare_main/ef_flare_main_00008"},{"time":5.5333,"name":null}],"color":[{"time":5.3666,"color":"ffffffff"},{"time":5.5333,"color":"ffffff00"}]},"EF/0h/s2_wave_A_yellow/ef_wave_A_yellow_00001":{"attachment":[{"time":4.1666,"name":"EF/0h/s2_wave_A_yellow/ef_wave_A_yellow_00001"},{"time":4.2,"name":"EF/0h/s2_wave_A_yellow/ef_wave_A_yellow_00002"},{"time":4.2333,"name":"EF/0h/s2_wave_A_yellow/ef_wave_A_yellow_00003"},{"time":4.2666,"name":"EF/0h/s2_wave_A_yellow/ef_wave_A_yellow_00004"},{"time":4.3,"name":"EF/0h/s2_wave_A_yellow/ef_wave_A_yellow_00005"},{"time":4.3333,"name":"EF/0h/s2_wave_A_yellow/ef_wave_A_yellow_00006"},{"time":4.3666,"name":"EF/0h/s2_wave_A_yellow/ef_wave_A_yellow_00007"},{"time":4.4,"name":"EF/0h/s2_wave_A_yellow/ef_wave_A_yellow_00008"},{"time":4.4333,"name":"EF/0h/s2_wave_A_yellow/ef_wave_A_yellow_00009"},{"time":4.4666,"name":"EF/0h/s2_wave_A_yellow/ef_wave_A_yellow_00010"},{"time":4.5,"name":"EF/0h/s2_wave_A_yellow/ef_wave_A_yellow_00011"},{"time":4.5333,"name":null},{"time":5,"name":"EF/0h/s2_wave_A_yellow/ef_wave_A_yellow_00001"},{"time":5.0333,"name":"EF/0h/s2_wave_A_yellow/ef_wave_A_yellow_00002"},{"time":5.0666,"name":"EF/0h/s2_wave_A_yellow/ef_wave_A_yellow_00003"},{"time":5.1,"name":"EF/0h/s2_wave_A_yellow/ef_wave_A_yellow_00004"},{"time":5.1333,"name":"EF/0h/s2_wave_A_yellow/ef_wave_A_yellow_00005"},{"time":5.1666,"name":"EF/0h/s2_wave_A_yellow/ef_wave_A_yellow_00006"},{"time":5.2,"name":"EF/0h/s2_wave_A_yellow/ef_wave_A_yellow_00007"},{"time":5.2333,"name":"EF/0h/s2_wave_A_yellow/ef_wave_A_yellow_00008"},{"time":5.2666,"name":"EF/0h/s2_wave_A_yellow/ef_wave_A_yellow_00009"},{"time":5.3,"name":"EF/0h/s2_wave_A_yellow/ef_wave_A_yellow_00010"},{"time":5.3333,"name":"EF/0h/s2_wave_A_yellow/ef_wave_A_yellow_00011"},{"time":5.4,"name":null}],"color":[{"time":5.3333,"color":"ffffffff"},{"time":5.4,"color":"ffffff00"}]},"MAIN":{"attachment":[{"time":0,"name":"skill2_00"},{"time":0.1666,"name":"skill2_01"},{"time":0.3333,"name":"skill2_02"},{"time":0.5,"name":"skill2_01"},{"time":0.6666,"name":"skill2_02"},{"time":0.8,"name":"skill2_01"},{"time":0.9333,"name":"skill2_02"},{"time":1.0666,"name":"skill2_01"},{"time":1.2,"name":"skill2_02"},{"time":1.2666,"name":"skill2_01"},{"time":1.3333,"name":"skill2_02"},{"time":1.4,"name":"skill2_01"},{"time":1.4666,"name":"skill2_02"},{"time":1.5333,"name":"skill2_01"},{"time":1.6,"name":"skill2_02"},{"time":1.6666,"name":"skill2_01"},{"time":1.7333,"name":"skill2_02"},{"time":1.8,"name":"skill2_01"},{"time":1.8666,"name":"skill2_02"},{"time":1.9333,"name":"skill2_01"},{"time":2.1666,"name":"skill2_02"},{"time":2.2333,"name":"skill2_03"},{"time":2.4,"name":"skill2_04"},{"time":2.5333,"name":"skill2_05"},{"time":2.6666,"name":"skill2_06"},{"time":2.8,"name":"skill2_05"},{"time":2.9333,"name":"skill2_06"},{"time":3.0666,"name":"skill2_05"},{"time":3.2,"name":"skill2_06"},{"time":3.3333,"name":"skill2_05"},{"time":3.4666,"name":"skill2_06"},{"time":3.6,"name":"skill2_05"},{"time":3.7333,"name":"skill2_06"},{"time":4.1666,"name":"skill2_07"},{"time":4.3,"name":"skill2_08"},{"time":5.6666,"name":"idle_00"}]},"skill2_07_smoke":{"attachment":[{"time":4.1666,"name":"EF/skill2_07_smoke"},{"time":4.3333,"name":null}],"color":[{"time":4.1666,"color":"ffffffff"},{"time":4.3333,"color":"ffffff95"}]},"skill2_fire":{"attachment":[{"time":0,"name":"EF/skill2_fire/skill2_fire_00"},{"time":0.1,"name":"EF/skill2_fire/skill2_fire_01"},{"time":0.2,"name":"EF/skill2_fire/skill2_fire_02"},{"time":0.3,"name":"EF/skill2_fire/skill2_fire_03"},{"time":0.4,"name":"EF/skill2_fire/skill2_fire_00"},{"time":0.5,"name":"EF/skill2_fire/skill2_fire_01"},{"time":0.6,"name":"EF/skill2_fire/skill2_fire_02"},{"time":0.7,"name":"EF/skill2_fire/skill2_fire_03"},{"time":0.8,"name":"EF/skill2_fire/skill2_fire_00"},{"time":0.9,"name":"EF/skill2_fire/skill2_fire_01"},{"time":1,"name":"EF/skill2_fire/skill2_fire_02"},{"time":1.1,"name":"EF/skill2_fire/skill2_fire_03"},{"time":1.2,"name":"EF/skill2_fire/skill2_fire_00"},{"time":1.3,"name":"EF/skill2_fire/skill2_fire_01"},{"time":1.4,"name":"EF/skill2_fire/skill2_fire_02"},{"time":1.5,"name":"EF/skill2_fire/skill2_fire_03"},{"time":1.6,"name":"EF/skill2_fire/skill2_fire_00"},{"time":1.7,"name":"EF/skill2_fire/skill2_fire_01"},{"time":1.8,"name":"EF/skill2_fire/skill2_fire_02"},{"time":1.9,"name":"EF/skill2_fire/skill2_fire_03"},{"time":2,"name":"EF/skill2_fire/skill2_fire_00"},{"time":2.1,"name":"EF/skill2_fire/skill2_fire_01"},{"time":2.2,"name":"EF/skill2_fire/skill2_fire_02"},{"time":2.3,"name":"EF/skill2_fire/skill2_fire_03"},{"time":2.4,"name":"EF/skill2_fire/skill2_fire_00"},{"time":2.5,"name":"EF/skill2_fire/skill2_fire_01"},{"time":2.6,"name":"EF/skill2_fire/skill2_fire_02"},{"time":2.7,"name":"EF/skill2_fire/skill2_fire_03"},{"time":2.8,"name":"EF/skill2_fire/skill2_fire_00"},{"time":2.9,"name":"EF/skill2_fire/skill2_fire_01"},{"time":3,"name":"EF/skill2_fire/skill2_fire_02"},{"time":3.1,"name":"EF/skill2_fire/skill2_fire_03"},{"time":3.2,"name":"EF/skill2_fire/skill2_fire_00"},{"time":3.3,"name":"EF/skill2_fire/skill2_fire_01"},{"time":3.4,"name":"EF/skill2_fire/skill2_fire_02"},{"time":3.5,"name":"EF/skill2_fire/skill2_fire_03"},{"time":3.6,"name":"EF/skill2_fire/skill2_fire_00"},{"time":3.7,"name":"EF/skill2_fire/skill2_fire_01"},{"time":3.8,"name":"EF/skill2_fire/skill2_fire_02"},{"time":3.9,"name":"EF/skill2_fire/skill2_fire_03"},{"time":4,"name":"EF/skill2_fire/skill2_fire_00"},{"time":4.1,"name":"EF/skill2_fire/skill2_fire_01"},{"time":4.2,"name":"EF/skill2_fire/skill2_fire_02"},{"time":4.3,"name":"EF/skill2_fire/skill2_fire_03"},{"time":4.4,"name":"EF/skill2_fire/skill2_fire_00"},{"time":4.5,"name":"EF/skill2_fire/skill2_fire_01"},{"time":4.6,"name":"EF/skill2_fire/skill2_fire_02"},{"time":4.7,"name":"EF/skill2_fire/skill2_fire_03"},{"time":4.8,"name":"EF/skill2_fire/skill2_fire_00"},{"time":4.9,"name":"EF/skill2_fire/skill2_fire_01"},{"time":5,"name":"EF/skill2_fire/skill2_fire_02"},{"time":5.1,"name":"EF/skill2_fire/skill2_fire_03"},{"time":5.2,"name":"EF/skill2_fire/skill2_fire_00"},{"time":5.3,"name":"EF/skill2_fire/skill2_fire_01"},{"time":5.4,"name":"EF/skill2_fire/skill2_fire_02"},{"time":5.5,"name":"EF/skill2_fire/skill2_fire_03"},{"time":5.6,"name":"EF/skill2_fire/skill2_fire_00"},{"time":5.6666,"name":null}]},"smoke1":{"attachment":[{"time":0,"name":"EF/smoke1/smoke1_00"},{"time":0.1666,"name":"EF/smoke1/smoke1_01"},{"time":0.6666,"name":"EF/smoke1/smoke1_02"},{"time":0.8333,"name":"EF/smoke1/smoke1_03"},{"time":1.3,"name":"EF/smoke1/smoke1_00"},{"time":1.5,"name":"EF/smoke1/smoke1_01"},{"time":1.9333,"name":"EF/smoke1/smoke1_02"},{"time":2.1333,"name":"EF/smoke1/smoke1_03"},{"time":2.5666,"name":"EF/smoke1/smoke1_00"},{"time":2.7333,"name":"EF/smoke1/smoke1_01"},{"time":3.1666,"name":"EF/smoke1/smoke1_02"},{"time":3.3666,"name":"EF/smoke1/smoke1_03"},{"time":3.9333,"name":"EF/smoke1/smoke1_00"},{"time":4.1666,"name":"EF/smoke1/smoke1_01"},{"time":4.6666,"name":"EF/smoke1/smoke1_02"},{"time":4.7666,"name":"EF/smoke1/smoke1_03"},{"time":5.0666,"name":null}],"color":[{"time":0,"color":"ffffffff","curve":[0.972,0,0.75,0.97]},{"time":0.4666,"color":"ffffff00","curve":"stepped"},{"time":0.6666,"color":"ffffffff","curve":[0.99,0,0.617,0.99]},{"time":1.1,"color":"ffffff00","curve":"stepped"},{"time":1.3,"color":"ffffffff","curve":[0.954,0.05,0.756,0.98]},{"time":1.8,"color":"ffffff00","curve":"stepped"},{"time":1.9333,"color":"ffffffff","curve":[0.96,0,0.694,0.98]},{"time":2.4666,"color":"ffffff00","curve":"stepped"},{"time":2.5666,"color":"ffffffff","curve":[0.98,0,0.698,0.98]},{"time":3.0333,"color":"ffffff00","curve":"stepped"},{"time":3.1666,"color":"ffffffff","curve":[0.981,0.01,0.743,0.99]},{"time":3.7666,"color":"ffffff00","curve":"stepped"},{"time":3.9333,"color":"ffffffff","curve":[0.978,0,0.742,0.98]},{"time":4.5333,"color":"ffffff00","curve":"stepped"},{"time":4.6666,"color":"ffffffff","curve":[0.98,0,0.694,0.97]},{"time":5.0666,"color":"ffffff00"}]},"smoke2":{"attachment":[{"time":4.3333,"name":"EF/smoke2/smoke2_00"},{"time":4.5333,"name":"EF/smoke2/smoke2_01"},{"time":4.7333,"name":"EF/smoke2/smoke2_02"},{"time":5,"name":null}],"color":[{"time":4.3333,"color":"ffffffff","curve":[0.985,0.02,0.689,0.97]},{"time":5,"color":"ffffff00"}]}},"bones":{"MAIN":{"translate":[{"time":0,"x":0,"y":0}]},"skill2_fire":{"scale":[{"time":0,"x":1,"y":1},{"time":0.6,"x":1.1,"y":1},{"time":1.2333,"x":1,"y":1},{"time":1.8333,"x":1.1,"y":1},{"time":2.4666,"x":1,"y":1},{"time":3.0666,"x":1.1,"y":1},{"time":3.7,"x":1,"y":1},{"time":4.3,"x":1.1,"y":1},{"time":5.0666,"x":1,"y":1}]},"skill2_07_smoke":{"translate":[{"time":4.1666,"x":-26.48,"y":-26.97}],"scale":[{"time":4.1666,"x":1,"y":1},{"time":4.3333,"x":1.1,"y":1.1}]},"smoke1":{"translate":[{"time":0,"x":0,"y":0,"curve":"stepped"},{"time":0.6666,"x":-0.33,"y":1.13,"curve":"stepped"},{"time":1.3,"x":-3.35,"y":0,"curve":"stepped"},{"time":1.9333,"x":-2.95,"y":1.51,"curve":"stepped"},{"time":2.5666,"x":-2.93,"y":0,"curve":"stepped"},{"time":3.1666,"x":2.97,"y":0,"curve":"stepped"},{"time":3.9333,"x":0,"y":0,"curve":"stepped"},{"time":4.6666,"x":-6.88,"y":0}],"scale":[{"time":0,"x":1,"y":1},{"time":0.4666,"x":1,"y":1.2,"curve":"stepped"},{"time":0.6666,"x":-1,"y":1},{"time":1.1,"x":-1,"y":1.2,"curve":"stepped"},{"time":1.3,"x":-1,"y":0.8},{"time":1.8,"x":-1,"y":1.1,"curve":"stepped"},{"time":1.9333,"x":0.8,"y":0.8},{"time":2.4666,"x":0.8,"y":1,"curve":"stepped"},{"time":2.5666,"x":-1,"y":1},{"time":3.0333,"x":-1,"y":1.2,"curve":"stepped"},{"time":3.1666,"x":-1,"y":1},{"time":3.7666,"x":-1,"y":1.2,"curve":"stepped"},{"time":3.9333,"x":1,"y":1},{"time":4.5333,"x":1,"y":1.2,"curve":"stepped"},{"time":4.6666,"x":-1,"y":1},{"time":5.0666,"x":-1,"y":1.2}]},"smoke2":{"scale":[{"time":4.3333,"x":1,"y":1,"curve":[0.641,0.38,0.868,0.63]},{"time":5,"x":1.2,"y":1.2}]},"ef_wave_A_yellow":{"translate":[{"time":4.1666,"x":195.94,"y":89.45}],"scale":[{"time":4.1666,"x":3,"y":3,"curve":"stepped"},{"time":5,"x":3,"y":3},{"time":5.3666,"x":2.9,"y":2.9}]},"ef_flare_main":{"rotate":[{"time":4.2,"angle":0,"curve":[0.067,0.57,0.69,1]},{"time":5.5333,"angle":345}],"translate":[{"time":4.2,"x":145.97,"y":89.38}],"scale":[{"time":4.2,"x":1,"y":1},{"time":4.4333,"x":2,"y":2}]},"ef_flare_back_main":{"translate":[{"time":4.2,"x":96.04,"y":89.49}],"scale":[{"time":4.2,"x":1,"y":1},{"time":4.4333,"x":2,"y":2,"curve":"stepped"},{"time":4.9666,"x":1,"y":1},{"time":5.4666,"x":2,"y":2}]}},"drawOrder":[{"time":0,"offsets":[{"slot":"EF/0h/s2_wave_A_yellow/ef_wave_A_yellow_00001","offset":-4},{"slot":"EF/0h/s2_ef_flare_back_main/ef_flare_back_main_00001","offset":-7},{"slot":"EF/0h/s2_ef_flare_main/ef_flare_main_00001","offset":-7}]}],"events":[{"time":0,"name":"Event","string":"runScript_invincible "},{"time":0,"name":"Voice","string":"cri_712_voice_fullarts_now"},{"time":0.1666,"name":"Sound1","string":"cri_se_battle_machine_pullup"},{"time":0.5,"name":"Sound1","string":"cri_se_battle_machine_pullup"},{"time":0.8,"name":"Sound1","string":"cri_se_battle_machine_pullup"},{"time":1,"name":"Event","string":"runScript_invincible "},{"time":1.0666,"name":"Sound1","string":"cri_se_battle_machine_pullup"},{"time":1.2666,"name":"Sound1","string":"cri_se_battle_machine_pullup"},{"time":1.4,"name":"Sound1","string":"cri_se_battle_machine_pullup"},{"time":1.5333,"name":"Sound1","string":"cri_se_battle_machine_pullup"},{"time":1.6666,"name":"Sound1","string":"cri_se_battle_machine_pullup"},{"time":1.8,"name":"Sound1","string":"cri_se_battle_machine_pullup"},{"time":1.9333,"name":"Sound1","string":"cri_se_battle_machine_pullup"},{"time":2,"name":"Event","string":"runScript_invincible "},{"time":2.4333,"name":"Sound1","string":"cri_se_battle_051_disease"},{"time":3,"name":"Event","string":"runScript_invincible "},{"time":3.9333,"name":"Voice","string":"cri_712_voice_fullarts_rank5"},{"time":4,"name":"Event","string":"runScript_invincible "},{"time":4.1666,"name":"Sound1","string":"cri_se_battle_036_explosion_element_04"},{"time":4.2,"name":"Event","string":"runScript_buff"},{"time":4.2333,"name":"Event","string":"runScript_invincibleend"}]}}}