{"skeleton":{"hash":"sk3Onh3aG112FjtTeHy6yDZDpMs","spine":"3.0.12","width":0,"height":0,"images":"./images/"},"bones":[{"name":"root"},{"name":"EF_MAIN","parent":"root","color":"ff0033ff"},{"name":"EF_white","parent":"EF_MAIN","x":500,"y":500,"color":"ff0033ff"},{"name":"EF_tower1_1","parent":"EF_MAIN","x":500,"color":"ff0033ff"},{"name":"EF_stamp1_1","parent":"EF_MAIN","x":150,"y":50,"color":"ff0033ff"},{"name":"EF_splash1_20","parent":"EF_MAIN","x":100,"y":150,"rotation":270,"color":"ff00bfff"},{"name":"EF_splash1_19","parent":"EF_MAIN","x":100,"y":150,"rotation":270,"color":"ff00bfff"},{"name":"EF_splash1_18","parent":"EF_MAIN","x":100,"y":150,"rotation":270,"color":"ff00bfff"},{"name":"EF_splash1_17","parent":"EF_MAIN","x":100,"y":150,"rotation":270,"color":"ff00bfff"},{"name":"EF_splash1_16","parent":"EF_MAIN","x":100,"y":150,"rotation":270,"color":"ff00bfff"},{"name":"EF_splash1_15","parent":"EF_MAIN","x":100,"y":150,"rotation":270,"color":"ff00bfff"},{"name":"EF_splash1_14","parent":"EF_MAIN","x":100,"y":150,"rotation":270,"color":"ff00bfff"},{"name":"EF_splash1_13","parent":"EF_MAIN","x":100,"y":150,"rotation":270,"color":"ff00bfff"},{"name":"EF_splash1_12","parent":"EF_MAIN","x":100,"y":150,"rotation":270,"color":"ff00bfff"},{"name":"EF_splash1_11","parent":"EF_MAIN","x":100,"y":150,"rotation":270,"color":"ff00bfff"},{"name":"EF_splash1_10","parent":"EF_MAIN","x":100,"y":150,"rotation":270,"color":"ff00bfff"},{"name":"EF_splash1_9","parent":"EF_MAIN","x":100,"y":150,"rotation":270,"color":"ff00bfff"},{"name":"EF_splash1_8","parent":"EF_MAIN","x":100,"y":150,"rotation":270,"color":"ff00bfff"},{"name":"EF_splash1_7","parent":"EF_MAIN","x":100,"y":150,"rotation":270,"color":"ff00bfff"},{"name":"EF_splash1_6","parent":"EF_MAIN","x":100,"y":150,"rotation":270,"color":"ff00bfff"},{"name":"EF_splash1_5","parent":"EF_MAIN","x":100,"y":150,"rotation":270,"color":"ff00bfff"},{"name":"EF_splash1_4","parent":"EF_MAIN","x":100,"y":150,"rotation":270,"color":"ff00bfff"},{"name":"EF_splash1_3","parent":"EF_MAIN","x":100,"y":150,"rotation":270,"color":"ff00bfff"},{"name":"EF_splash1_2","parent":"EF_MAIN","x":100,"y":150,"rotation":270,"color":"ff00bfff"},{"name":"EF_splash1_1","parent":"EF_MAIN","x":100,"y":150,"rotation":270,"color":"ff00bfff"},{"name":"EF_smoke1_5","parent":"EF_MAIN","x":550,"rotation":90,"color":"ff0033ff"},{"name":"EF_smoke1_4","parent":"EF_MAIN","x":550,"rotation":90,"color":"ff0033ff"},{"name":"EF_smoke1_3","parent":"EF_MAIN","x":550,"rotation":90,"color":"ff0033ff"},{"name":"EF_smoke1_2","parent":"EF_MAIN","x":550,"rotation":90,"color":"ff0033ff"},{"name":"EF_smoke1_1","parent":"EF_MAIN","x":550,"rotation":90,"color":"ff0033ff"},{"name":"EF_smash2_3","parent":"EF_MAIN","x":250,"y":100,"color":"ff0033ff"},{"name":"EF_smash2_2","parent":"EF_MAIN","x":250,"y":100,"color":"ff0033ff"},{"name":"EF_smash2_1","parent":"EF_MAIN","x":250,"y":100,"color":"ff0033ff"},{"name":"EF_smash1_1","parent":"EF_MAIN","x":250,"y":50,"color":"ff0033ff"},{"name":"EF_slashwind1_4","parent":"EF_MAIN","x":200,"y":50,"color":"ff0033ff"},{"name":"EF_slashwind1_3","parent":"EF_MAIN","x":200,"y":50,"color":"ff0033ff"},{"name":"EF_slashwind1_2","parent":"EF_MAIN","x":200,"y":50,"color":"ff0033ff"},{"name":"EF_slashwind1_1","parent":"EF_MAIN","x":200,"y":50,"color":"ff0033ff"},{"name":"EF_slash2_1","parent":"EF_MAIN","x":200,"y":100,"rotation":90,"color":"ff0033ff"},{"name":"EF_slash1_1","parent":"EF_MAIN","x":150,"y":100,"color":"ff0033ff"},{"name":"EF_rock2_1","parent":"EF_MAIN","x":250,"color":"ff0033ff"},{"name":"EF_rock1_1","parent":"EF_MAIN","x":200,"color":"ff0033ff"},{"name":"EF_jet1_1","parent":"EF_MAIN","x":150,"color":"ff0033ff"},{"name":"EF_firewave1_1","parent":"EF_MAIN","x":100,"y":50,"color":"ff0033ff"},{"name":"EF_OF1_1","parent":"EF_MAIN","x":100,"y":100,"color":"ff0033ff"}],"slots":[{"name":"EF_white","bone":"EF_white"},{"name":"EF_OF1_1","bone":"EF_OF1_1","blend":"additive"},{"name":"EF_firewave1_1","bone":"EF_firewave1_1","blend":"additive"},{"name":"EF_tower1_1","bone":"EF_tower1_1","blend":"additive"},{"name":"EF_smoke1_1","bone":"EF_smoke1_1","blend":"additive"},{"name":"EF_smoke1_4","bone":"EF_smoke1_4","blend":"additive"},{"name":"EF_smoke1_5","bone":"EF_smoke1_5","blend":"additive"},{"name":"EF_jet1_1","bone":"EF_jet1_1","blend":"additive"},{"name":"EF_rock2_1","bone":"EF_rock2_1"},{"name":"EF_rock1_1","bone":"EF_rock1_1"},{"name":"EF_smoke1_2","bone":"EF_smoke1_2","blend":"additive"},{"name":"EF_smoke1_3","bone":"EF_smoke1_3","blend":"additive"},{"name":"EF_splash1_1","bone":"EF_splash1_1"},{"name":"EF_splash1_2","bone":"EF_splash1_2"},{"name":"EF_splash1_3","bone":"EF_splash1_3"},{"name":"EF_splash1_4","bone":"EF_splash1_4"},{"name":"EF_splash1_5","bone":"EF_splash1_5"},{"name":"EF_splash1_6","bone":"EF_splash1_6"},{"name":"EF_splash1_7","bone":"EF_splash1_7"},{"name":"EF_splash1_8","bone":"EF_splash1_8"},{"name":"EF_splash1_9","bone":"EF_splash1_9"},{"name":"EF_splash1_10","bone":"EF_splash1_10"},{"name":"EF_splash1_11","bone":"EF_splash1_11"},{"name":"EF_splash1_12","bone":"EF_splash1_12"},{"name":"EF_splash1_13","bone":"EF_splash1_13"},{"name":"EF_splash1_14","bone":"EF_splash1_14"},{"name":"EF_splash1_15","bone":"EF_splash1_15"},{"name":"EF_splash1_16","bone":"EF_splash1_16"},{"name":"EF_splash1_17","bone":"EF_splash1_17"},{"name":"EF_splash1_18","bone":"EF_splash1_18"},{"name":"EF_splash1_19","bone":"EF_splash1_19"},{"name":"EF_splash1_20","bone":"EF_splash1_20"},{"name":"EF_stamp1_1","bone":"EF_stamp1_1","blend":"additive"},{"name":"EF_slashwind1_1","bone":"EF_slashwind1_1","blend":"additive"},{"name":"EF_slashwind1_2","bone":"EF_slashwind1_2","color":"000000ff"},{"name":"EF_slashwind1_3","bone":"EF_slashwind1_3","color":"000000ff"},{"name":"EF_slashwind1_4","bone":"EF_slashwind1_4","color":"000000ff"},{"name":"EF_smash1_1","bone":"EF_smash1_1","blend":"additive"},{"name":"EF_smash2_1","bone":"EF_smash2_1","blend":"additive"},{"name":"EF_smash2_2","bone":"EF_smash2_2","blend":"additive"},{"name":"EF_smash2_3","bone":"EF_smash2_3","color":"000000ff"},{"name":"EF_slash1_1","bone":"EF_slash1_1","blend":"additive"},{"name":"EF_slash1_2","bone":"EF_slash1_1","color":"000000ff"},{"name":"EF_slash2_1","bone":"EF_slash2_1"}],"skins":{"default":{"EF_OF1_1":{"EF/ef_OF_mian/ef_OF_mian_00001":{"width":200,"height":125},"EF/ef_OF_mian/ef_OF_mian_00002":{"width":200,"height":125},"EF/ef_OF_mian/ef_OF_mian_00003":{"width":200,"height":125},"EF/ef_OF_mian/ef_OF_mian_00004":{"width":200,"height":125},"EF/ef_OF_mian/ef_OF_mian_00005":{"width":200,"height":125}},"EF_firewave1_1":{"EF/ef_fire_wave_main/ef_fire_wave_main_00001":{"x":44.23,"width":200,"height":150},"EF/ef_fire_wave_main/ef_fire_wave_main_00002":{"x":44.23,"width":200,"height":150},"EF/ef_fire_wave_main/ef_fire_wave_main_00003":{"x":44.23,"width":200,"height":150},"EF/ef_fire_wave_main/ef_fire_wave_main_00004":{"x":44.23,"width":200,"height":150},"EF/ef_fire_wave_main/ef_fire_wave_main_00005":{"x":44.23,"width":200,"height":150},"EF/ef_fire_wave_main/ef_fire_wave_main_00006":{"x":44.23,"width":200,"height":150},"EF/ef_fire_wave_main/ef_fire_wave_main_00007":{"x":44.23,"width":200,"height":150},"EF/ef_fire_wave_main/ef_fire_wave_main_00008":{"x":44.23,"width":200,"height":150},"EF/ef_fire_wave_main/ef_fire_wave_main_00009":{"x":44.23,"width":200,"height":150},"EF/ef_fire_wave_main/ef_fire_wave_main_00010":{"x":44.23,"width":200,"height":150},"EF/ef_fire_wave_main/ef_fire_wave_main_00011":{"x":44.23,"width":200,"height":150}},"EF_jet1_1":{"EF/ef_jet_main/ef_jet_main_00001":{"y":161.41,"width":300,"height":350},"EF/ef_jet_main/ef_jet_main_00002":{"y":161.41,"width":300,"height":350},"EF/ef_jet_main/ef_jet_main_00008":{"y":161.41,"width":300,"height":350}},"EF_rock1_1":{"EF/ef_graund_rock_main/ef_graund_rock_main_00003":{"y":22.42,"width":240,"height":150}},"EF_rock2_1":{"EF/ef_rock_main/ef_rock_main_00002":{"x":8.21,"y":79.43,"width":240,"height":192},"EF/ef_rock_main/ef_rock_main_00003":{"x":8.21,"y":79.43,"width":240,"height":192},"EF/ef_rock_main/ef_rock_main_00004":{"x":8.21,"y":79.43,"width":240,"height":192},"EF/ef_rock_main/ef_rock_main_00005":{"x":8.21,"y":79.43,"width":240,"height":192},"EF/ef_rock_main/ef_rock_main_00006":{"x":8.21,"y":79.43,"width":240,"height":192},"EF/ef_rock_main/ef_rock_main_00007":{"x":8.21,"y":79.43,"width":240,"height":192},"EF/ef_rock_main/ef_rock_main_00008":{"x":8.21,"y":79.43,"width":240,"height":192},"EF/ef_rock_main/ef_rock_main_00009":{"x":8.21,"y":79.43,"width":240,"height":192},"EF/ef_rock_main/ef_rock_main_00010":{"x":8.21,"y":79.43,"width":240,"height":192},"EF/ef_rock_main/ef_rock_main_00011":{"x":8.21,"y":79.43,"width":240,"height":192},"EF/ef_rock_main/ef_rock_main_00012":{"x":8.21,"y":79.43,"width":240,"height":192},"EF/ef_rock_main/ef_rock_main_00013":{"x":8.21,"y":79.43,"width":240,"height":192},"EF/ef_rock_main/ef_rock_main_00014":{"x":8.21,"y":79.43,"width":240,"height":192}},"EF_slash1_1":{"EF/ef_slash_bolt_main/ef_line_arrow_main_00004":{"width":200,"height":500},"EF/ef_slash_bolt_main/ef_slash_bolt_main_00002":{"width":240,"height":600}},"EF_slash1_2":{"EF/ef_slash_bolt_main/ef_line_arrow_main_00004":{"width":200,"height":500},"EF/ef_slash_bolt_main/ef_slash_bolt_main_00002":{"width":240,"height":600}},"EF_slash2_1":{"EF/ef_big_slash_sumi/ef_big_slash_sumi_00008":{"width":300,"height":1000},"EF/ef_big_slash_sumi/ef_big_slash_sumi_00012":{"width":300,"height":1000},"EF/ef_big_slash_sumi/ef_big_slash_sumi_00013":{"width":300,"height":1000},"EF/ef_big_slash_sumi/ef_big_slash_sumi_00014":{"width":300,"height":1000},"EF/ef_big_slash_sumi/ef_big_slash_sumi_00015":{"width":300,"height":1000},"EF/ef_big_slash_sumi/ef_big_slash_sumi_00016":{"width":300,"height":1000},"EF/ef_big_slash_sumi/ef_big_slash_sumi_00017":{"width":300,"height":1000},"EF/ef_big_slash_sumi/ef_big_slash_sumi_00018":{"width":300,"height":1000},"EF/ef_big_slash_sumi/ef_big_slash_sumi_00019":{"width":300,"height":1000}},"EF_slashwind1_1":{"EF/ef_wind_slash_purple/ef_wind_slash_purple_00003":{"width":182,"height":161},"EF/ef_wind_slash_purple/ef_wind_slash_purple_00004":{"width":182,"height":161},"EF/ef_wind_slash_purple/ef_wind_slash_purple_00005":{"width":182,"height":161},"EF/ef_wind_slash_purple/ef_wind_slash_purple_00006":{"width":182,"height":161},"EF/ef_wind_slash_purple/ef_wind_slash_purple_00007":{"width":182,"height":161},"EF/ef_wind_slash_purple/ef_wind_slash_purple_00008":{"width":182,"height":161},"EF/ef_wind_slash_purple/ef_wind_slash_purple_00009":{"width":182,"height":161},"EF/ef_wind_slash_purple/ef_wind_slash_purple_00010":{"width":182,"height":161},"EF/ef_wind_slash_purple/ef_wind_slash_purple_00011":{"width":182,"height":161},"EF/ef_wind_slash_purple/ef_wind_slash_purple_00012":{"width":182,"height":161},"EF/ef_wind_slash_purple/ef_wind_slash_purple_00013":{"width":182,"height":161},"EF/ef_wind_slash_purple/ef_wind_slash_purple_00014":{"width":182,"height":161},"EF/ef_wind_slash_purple/ef_wind_slash_purple_00015":{"width":182,"height":161},"EF/ef_wind_slash_purple/ef_wind_slash_purple_00016":{"width":182,"height":161}},"EF_slashwind1_2":{"EF/ef_wind_slash_purple/ef_wind_slash_purple_00003":{"width":182,"height":161},"EF/ef_wind_slash_purple/ef_wind_slash_purple_00004":{"width":182,"height":161},"EF/ef_wind_slash_purple/ef_wind_slash_purple_00005":{"width":182,"height":161},"EF/ef_wind_slash_purple/ef_wind_slash_purple_00006":{"width":182,"height":161},"EF/ef_wind_slash_purple/ef_wind_slash_purple_00007":{"width":182,"height":161},"EF/ef_wind_slash_purple/ef_wind_slash_purple_00008":{"width":182,"height":161},"EF/ef_wind_slash_purple/ef_wind_slash_purple_00009":{"width":182,"height":161},"EF/ef_wind_slash_purple/ef_wind_slash_purple_00010":{"width":182,"height":161},"EF/ef_wind_slash_purple/ef_wind_slash_purple_00011":{"width":182,"height":161},"EF/ef_wind_slash_purple/ef_wind_slash_purple_00012":{"width":182,"height":161},"EF/ef_wind_slash_purple/ef_wind_slash_purple_00013":{"width":182,"height":161},"EF/ef_wind_slash_purple/ef_wind_slash_purple_00014":{"width":182,"height":161},"EF/ef_wind_slash_purple/ef_wind_slash_purple_00015":{"width":182,"height":161},"EF/ef_wind_slash_purple/ef_wind_slash_purple_00016":{"width":182,"height":161}},"EF_slashwind1_3":{"EF/ef_wind_slash_purple/ef_wind_slash_purple_00003":{"width":182,"height":161},"EF/ef_wind_slash_purple/ef_wind_slash_purple_00004":{"width":182,"height":161},"EF/ef_wind_slash_purple/ef_wind_slash_purple_00005":{"width":182,"height":161},"EF/ef_wind_slash_purple/ef_wind_slash_purple_00006":{"width":182,"height":161},"EF/ef_wind_slash_purple/ef_wind_slash_purple_00007":{"width":182,"height":161},"EF/ef_wind_slash_purple/ef_wind_slash_purple_00008":{"width":182,"height":161},"EF/ef_wind_slash_purple/ef_wind_slash_purple_00009":{"width":182,"height":161},"EF/ef_wind_slash_purple/ef_wind_slash_purple_00010":{"width":182,"height":161},"EF/ef_wind_slash_purple/ef_wind_slash_purple_00011":{"width":182,"height":161},"EF/ef_wind_slash_purple/ef_wind_slash_purple_00012":{"width":182,"height":161},"EF/ef_wind_slash_purple/ef_wind_slash_purple_00013":{"width":182,"height":161},"EF/ef_wind_slash_purple/ef_wind_slash_purple_00014":{"width":182,"height":161},"EF/ef_wind_slash_purple/ef_wind_slash_purple_00015":{"width":182,"height":161},"EF/ef_wind_slash_purple/ef_wind_slash_purple_00016":{"width":182,"height":161}},"EF_slashwind1_4":{"EF/ef_wind_slash_purple/ef_wind_slash_purple_00003":{"width":182,"height":161},"EF/ef_wind_slash_purple/ef_wind_slash_purple_00004":{"width":182,"height":161},"EF/ef_wind_slash_purple/ef_wind_slash_purple_00005":{"width":182,"height":161},"EF/ef_wind_slash_purple/ef_wind_slash_purple_00006":{"width":182,"height":161},"EF/ef_wind_slash_purple/ef_wind_slash_purple_00007":{"width":182,"height":161},"EF/ef_wind_slash_purple/ef_wind_slash_purple_00008":{"width":182,"height":161},"EF/ef_wind_slash_purple/ef_wind_slash_purple_00009":{"width":182,"height":161},"EF/ef_wind_slash_purple/ef_wind_slash_purple_00010":{"width":182,"height":161},"EF/ef_wind_slash_purple/ef_wind_slash_purple_00011":{"width":182,"height":161},"EF/ef_wind_slash_purple/ef_wind_slash_purple_00012":{"width":182,"height":161},"EF/ef_wind_slash_purple/ef_wind_slash_purple_00013":{"width":182,"height":161},"EF/ef_wind_slash_purple/ef_wind_slash_purple_00014":{"width":182,"height":161},"EF/ef_wind_slash_purple/ef_wind_slash_purple_00015":{"width":182,"height":161},"EF/ef_wind_slash_purple/ef_wind_slash_purple_00016":{"width":182,"height":161}},"EF_smash1_1":{"EF/smash_attack_A_purple/ef_smash_attack_A_purple_00001":{"x":19.37,"width":200,"height":200},"EF/smash_attack_A_purple/ef_smash_attack_A_purple_00002":{"x":19.37,"width":200,"height":200},"EF/smash_attack_A_purple/ef_smash_attack_A_purple_00003":{"x":19.37,"width":200,"height":200},"EF/smash_attack_A_purple/ef_smash_attack_A_purple_00004":{"x":19.37,"width":200,"height":200}},"EF_smash2_1":{"EF/smash_sprash_A_purple/ef_smash_sprash_A_purple_00001":{"x":27.12,"width":250,"height":250},"EF/smash_sprash_A_purple/ef_smash_sprash_A_purple_00002":{"x":27.12,"width":250,"height":250},"EF/smash_sprash_A_purple/ef_smash_sprash_A_purple_00003":{"x":27.12,"width":250,"height":250},"EF/smash_sprash_A_purple/ef_smash_sprash_A_purple_00004":{"x":27.12,"width":250,"height":250},"EF/smash_sprash_A_purple/ef_smash_sprash_A_purple_00005":{"x":27.12,"width":250,"height":250},"EF/smash_sprash_A_purple/ef_smash_sprash_A_purple_00006":{"x":27.12,"width":250,"height":250},"EF/smash_sprash_A_purple/ef_smash_sprash_A_purple_00007":{"x":27.12,"width":250,"height":250},"EF/smash_sprash_A_purple/ef_smash_sprash_A_purple_00008":{"x":27.12,"width":250,"height":250}},"EF_smash2_2":{"EF/smash_sprash_A_purple/ef_smash_sprash_A_purple_00001":{"x":27.12,"width":250,"height":250},"EF/smash_sprash_A_purple/ef_smash_sprash_A_purple_00002":{"x":27.12,"width":250,"height":250},"EF/smash_sprash_A_purple/ef_smash_sprash_A_purple_00003":{"x":27.12,"width":250,"height":250},"EF/smash_sprash_A_purple/ef_smash_sprash_A_purple_00004":{"x":27.12,"width":250,"height":250},"EF/smash_sprash_A_purple/ef_smash_sprash_A_purple_00005":{"x":27.12,"width":250,"height":250},"EF/smash_sprash_A_purple/ef_smash_sprash_A_purple_00006":{"x":27.12,"width":250,"height":250},"EF/smash_sprash_A_purple/ef_smash_sprash_A_purple_00007":{"x":27.12,"width":250,"height":250},"EF/smash_sprash_A_purple/ef_smash_sprash_A_purple_00008":{"x":27.12,"width":250,"height":250}},"EF_smash2_3":{"EF/smash_sprash_A_purple/ef_smash_sprash_A_purple_00001":{"x":27.12,"width":250,"height":250},"EF/smash_sprash_A_purple/ef_smash_sprash_A_purple_00002":{"x":27.12,"width":250,"height":250},"EF/smash_sprash_A_purple/ef_smash_sprash_A_purple_00003":{"x":27.12,"width":250,"height":250},"EF/smash_sprash_A_purple/ef_smash_sprash_A_purple_00004":{"x":27.12,"width":250,"height":250},"EF/smash_sprash_A_purple/ef_smash_sprash_A_purple_00005":{"x":27.12,"width":250,"height":250},"EF/smash_sprash_A_purple/ef_smash_sprash_A_purple_00006":{"x":27.12,"width":250,"height":250},"EF/smash_sprash_A_purple/ef_smash_sprash_A_purple_00007":{"x":27.12,"width":250,"height":250},"EF/smash_sprash_A_purple/ef_smash_sprash_A_purple_00008":{"x":27.12,"width":250,"height":250}},"EF_smoke1_1":{"EF/ef_dash_smoke_main/ef_dash_smoke_main_00001":{"x":47.17,"y":10,"width":160,"height":160},"EF/ef_dash_smoke_main/ef_dash_smoke_main_00003":{"x":47.17,"y":10,"width":160,"height":160},"EF/ef_dash_smoke_main/ef_dash_smoke_main_00005":{"x":47.17,"y":10,"width":160,"height":160},"EF/ef_dash_smoke_main/ef_dash_smoke_main_00007":{"x":47.17,"y":10,"width":160,"height":160},"EF/ef_dash_smoke_main/ef_dash_smoke_main_00009":{"x":47.17,"y":10,"width":160,"height":160},"EF/ef_dash_smoke_main/ef_dash_smoke_main_00011":{"x":47.17,"y":10,"width":160,"height":160},"EF/ef_dash_smoke_main/ef_dash_smoke_main_00013":{"x":47.17,"y":10,"width":160,"height":160}},"EF_smoke1_2":{"EF/ef_dash_smoke_main/ef_dash_smoke_main_00001":{"x":47.17,"y":10,"width":160,"height":160},"EF/ef_dash_smoke_main/ef_dash_smoke_main_00003":{"x":47.17,"y":10,"width":160,"height":160},"EF/ef_dash_smoke_main/ef_dash_smoke_main_00005":{"x":47.17,"y":10,"width":160,"height":160},"EF/ef_dash_smoke_main/ef_dash_smoke_main_00007":{"x":47.17,"y":10,"width":160,"height":160},"EF/ef_dash_smoke_main/ef_dash_smoke_main_00009":{"x":47.17,"y":10,"width":160,"height":160},"EF/ef_dash_smoke_main/ef_dash_smoke_main_00011":{"x":47.17,"y":10,"width":160,"height":160},"EF/ef_dash_smoke_main/ef_dash_smoke_main_00013":{"x":47.17,"y":10,"width":160,"height":160}},"EF_smoke1_3":{"EF/ef_dash_smoke_main/ef_dash_smoke_main_00001":{"x":47.17,"y":10,"width":160,"height":160},"EF/ef_dash_smoke_main/ef_dash_smoke_main_00003":{"x":47.17,"y":10,"width":160,"height":160},"EF/ef_dash_smoke_main/ef_dash_smoke_main_00005":{"x":47.17,"y":10,"width":160,"height":160},"EF/ef_dash_smoke_main/ef_dash_smoke_main_00007":{"x":47.17,"y":10,"width":160,"height":160},"EF/ef_dash_smoke_main/ef_dash_smoke_main_00009":{"x":47.17,"y":10,"width":160,"height":160},"EF/ef_dash_smoke_main/ef_dash_smoke_main_00011":{"x":47.17,"y":10,"width":160,"height":160},"EF/ef_dash_smoke_main/ef_dash_smoke_main_00013":{"x":47.17,"y":10,"width":160,"height":160}},"EF_smoke1_4":{"EF/ef_dash_smoke_main/ef_dash_smoke_main_00001":{"x":47.17,"y":10,"width":160,"height":160},"EF/ef_dash_smoke_main/ef_dash_smoke_main_00003":{"x":47.17,"y":10,"width":160,"height":160},"EF/ef_dash_smoke_main/ef_dash_smoke_main_00005":{"x":47.17,"y":10,"width":160,"height":160},"EF/ef_dash_smoke_main/ef_dash_smoke_main_00007":{"x":47.17,"y":10,"width":160,"height":160},"EF/ef_dash_smoke_main/ef_dash_smoke_main_00009":{"x":47.17,"y":10,"width":160,"height":160},"EF/ef_dash_smoke_main/ef_dash_smoke_main_00011":{"x":47.17,"y":10,"width":160,"height":160},"EF/ef_dash_smoke_main/ef_dash_smoke_main_00013":{"x":47.17,"y":10,"width":160,"height":160}},"EF_smoke1_5":{"EF/ef_dash_smoke_main/ef_dash_smoke_main_00001":{"x":47.17,"y":10,"width":160,"height":160},"EF/ef_dash_smoke_main/ef_dash_smoke_main_00003":{"x":47.17,"y":10,"width":160,"height":160},"EF/ef_dash_smoke_main/ef_dash_smoke_main_00005":{"x":47.17,"y":10,"width":160,"height":160},"EF/ef_dash_smoke_main/ef_dash_smoke_main_00007":{"x":47.17,"y":10,"width":160,"height":160},"EF/ef_dash_smoke_main/ef_dash_smoke_main_00009":{"x":47.17,"y":10,"width":160,"height":160},"EF/ef_dash_smoke_main/ef_dash_smoke_main_00011":{"x":47.17,"y":10,"width":160,"height":160},"EF/ef_dash_smoke_main/ef_dash_smoke_main_00013":{"x":47.17,"y":10,"width":160,"height":160}},"EF_splash1_1":{"EF/ef_sprash_sumi/ef_sprash_sumi_00012":{"y":70.3,"width":200,"height":200},"EF/ef_sprash_sumi/ef_sprash_sumi_00013":{"y":70.3,"width":200,"height":200},"EF/ef_sprash_sumi/ef_sprash_sumi_00014":{"y":70.3,"width":200,"height":200},"EF/ef_sprash_sumi/ef_sprash_sumi_00015":{"y":70.3,"width":200,"height":200},"EF/ef_sprash_sumi/ef_sprash_sumi_00016":{"y":70.3,"width":200,"height":200}},"EF_splash1_10":{"EF/ef_sprash_sumi/ef_sprash_sumi_00012":{"y":70.3,"width":200,"height":200},"EF/ef_sprash_sumi/ef_sprash_sumi_00013":{"y":70.3,"width":200,"height":200},"EF/ef_sprash_sumi/ef_sprash_sumi_00014":{"y":70.3,"width":200,"height":200},"EF/ef_sprash_sumi/ef_sprash_sumi_00015":{"y":70.3,"width":200,"height":200},"EF/ef_sprash_sumi/ef_sprash_sumi_00016":{"y":70.3,"width":200,"height":200}},"EF_splash1_11":{"EF/ef_sprash_sumi/ef_sprash_sumi_00012":{"y":70.3,"width":200,"height":200},"EF/ef_sprash_sumi/ef_sprash_sumi_00013":{"y":70.3,"width":200,"height":200},"EF/ef_sprash_sumi/ef_sprash_sumi_00014":{"y":70.3,"width":200,"height":200},"EF/ef_sprash_sumi/ef_sprash_sumi_00015":{"y":70.3,"width":200,"height":200},"EF/ef_sprash_sumi/ef_sprash_sumi_00016":{"y":70.3,"width":200,"height":200}},"EF_splash1_12":{"EF/ef_sprash_sumi/ef_sprash_sumi_00012":{"y":70.3,"width":200,"height":200},"EF/ef_sprash_sumi/ef_sprash_sumi_00013":{"y":70.3,"width":200,"height":200},"EF/ef_sprash_sumi/ef_sprash_sumi_00014":{"y":70.3,"width":200,"height":200},"EF/ef_sprash_sumi/ef_sprash_sumi_00015":{"y":70.3,"width":200,"height":200},"EF/ef_sprash_sumi/ef_sprash_sumi_00016":{"y":70.3,"width":200,"height":200}},"EF_splash1_13":{"EF/ef_sprash_sumi/ef_sprash_sumi_00012":{"y":70.3,"width":200,"height":200},"EF/ef_sprash_sumi/ef_sprash_sumi_00013":{"y":70.3,"width":200,"height":200},"EF/ef_sprash_sumi/ef_sprash_sumi_00014":{"y":70.3,"width":200,"height":200},"EF/ef_sprash_sumi/ef_sprash_sumi_00015":{"y":70.3,"width":200,"height":200},"EF/ef_sprash_sumi/ef_sprash_sumi_00016":{"y":70.3,"width":200,"height":200}},"EF_splash1_14":{"EF/ef_sprash_sumi/ef_sprash_sumi_00012":{"y":70.3,"width":200,"height":200},"EF/ef_sprash_sumi/ef_sprash_sumi_00013":{"y":70.3,"width":200,"height":200},"EF/ef_sprash_sumi/ef_sprash_sumi_00014":{"y":70.3,"width":200,"height":200},"EF/ef_sprash_sumi/ef_sprash_sumi_00015":{"y":70.3,"width":200,"height":200},"EF/ef_sprash_sumi/ef_sprash_sumi_00016":{"y":70.3,"width":200,"height":200}},"EF_splash1_15":{"EF/ef_sprash_sumi/ef_sprash_sumi_00012":{"y":70.3,"width":200,"height":200},"EF/ef_sprash_sumi/ef_sprash_sumi_00013":{"y":70.3,"width":200,"height":200},"EF/ef_sprash_sumi/ef_sprash_sumi_00014":{"y":70.3,"width":200,"height":200},"EF/ef_sprash_sumi/ef_sprash_sumi_00015":{"y":70.3,"width":200,"height":200},"EF/ef_sprash_sumi/ef_sprash_sumi_00016":{"y":70.3,"width":200,"height":200}},"EF_splash1_16":{"EF/ef_sprash_sumi/ef_sprash_sumi_00012":{"y":70.3,"width":200,"height":200},"EF/ef_sprash_sumi/ef_sprash_sumi_00013":{"y":70.3,"width":200,"height":200},"EF/ef_sprash_sumi/ef_sprash_sumi_00014":{"y":70.3,"width":200,"height":200},"EF/ef_sprash_sumi/ef_sprash_sumi_00015":{"y":70.3,"width":200,"height":200},"EF/ef_sprash_sumi/ef_sprash_sumi_00016":{"y":70.3,"width":200,"height":200}},"EF_splash1_17":{"EF/ef_sprash_sumi/ef_sprash_sumi_00012":{"y":70.3,"width":200,"height":200},"EF/ef_sprash_sumi/ef_sprash_sumi_00013":{"y":70.3,"width":200,"height":200},"EF/ef_sprash_sumi/ef_sprash_sumi_00014":{"y":70.3,"width":200,"height":200},"EF/ef_sprash_sumi/ef_sprash_sumi_00015":{"y":70.3,"width":200,"height":200},"EF/ef_sprash_sumi/ef_sprash_sumi_00016":{"y":70.3,"width":200,"height":200}},"EF_splash1_18":{"EF/ef_sprash_sumi/ef_sprash_sumi_00012":{"y":70.3,"width":200,"height":200},"EF/ef_sprash_sumi/ef_sprash_sumi_00013":{"y":70.3,"width":200,"height":200},"EF/ef_sprash_sumi/ef_sprash_sumi_00014":{"y":70.3,"width":200,"height":200},"EF/ef_sprash_sumi/ef_sprash_sumi_00015":{"y":70.3,"width":200,"height":200},"EF/ef_sprash_sumi/ef_sprash_sumi_00016":{"y":70.3,"width":200,"height":200}},"EF_splash1_19":{"EF/ef_sprash_sumi/ef_sprash_sumi_00012":{"y":70.3,"width":200,"height":200},"EF/ef_sprash_sumi/ef_sprash_sumi_00013":{"y":70.3,"width":200,"height":200},"EF/ef_sprash_sumi/ef_sprash_sumi_00014":{"y":70.3,"width":200,"height":200},"EF/ef_sprash_sumi/ef_sprash_sumi_00015":{"y":70.3,"width":200,"height":200},"EF/ef_sprash_sumi/ef_sprash_sumi_00016":{"y":70.3,"width":200,"height":200}},"EF_splash1_2":{"EF/ef_sprash_sumi/ef_sprash_sumi_00012":{"y":70.3,"width":200,"height":200},"EF/ef_sprash_sumi/ef_sprash_sumi_00013":{"y":70.3,"width":200,"height":200},"EF/ef_sprash_sumi/ef_sprash_sumi_00014":{"y":70.3,"width":200,"height":200},"EF/ef_sprash_sumi/ef_sprash_sumi_00015":{"y":70.3,"width":200,"height":200},"EF/ef_sprash_sumi/ef_sprash_sumi_00016":{"y":70.3,"width":200,"height":200}},"EF_splash1_20":{"EF/ef_sprash_sumi/ef_sprash_sumi_00012":{"y":70.3,"width":200,"height":200},"EF/ef_sprash_sumi/ef_sprash_sumi_00013":{"y":70.3,"width":200,"height":200},"EF/ef_sprash_sumi/ef_sprash_sumi_00014":{"y":70.3,"width":200,"height":200},"EF/ef_sprash_sumi/ef_sprash_sumi_00015":{"y":70.3,"width":200,"height":200},"EF/ef_sprash_sumi/ef_sprash_sumi_00016":{"y":70.3,"width":200,"height":200}},"EF_splash1_3":{"EF/ef_sprash_sumi/ef_sprash_sumi_00012":{"y":70.3,"width":200,"height":200},"EF/ef_sprash_sumi/ef_sprash_sumi_00013":{"y":70.3,"width":200,"height":200},"EF/ef_sprash_sumi/ef_sprash_sumi_00014":{"y":70.3,"width":200,"height":200},"EF/ef_sprash_sumi/ef_sprash_sumi_00015":{"y":70.3,"width":200,"height":200},"EF/ef_sprash_sumi/ef_sprash_sumi_00016":{"y":70.3,"width":200,"height":200}},"EF_splash1_4":{"EF/ef_sprash_sumi/ef_sprash_sumi_00012":{"y":70.3,"width":200,"height":200},"EF/ef_sprash_sumi/ef_sprash_sumi_00013":{"y":70.3,"width":200,"height":200},"EF/ef_sprash_sumi/ef_sprash_sumi_00014":{"y":70.3,"width":200,"height":200},"EF/ef_sprash_sumi/ef_sprash_sumi_00015":{"y":70.3,"width":200,"height":200},"EF/ef_sprash_sumi/ef_sprash_sumi_00016":{"y":70.3,"width":200,"height":200}},"EF_splash1_5":{"EF/ef_sprash_sumi/ef_sprash_sumi_00012":{"y":70.3,"width":200,"height":200},"EF/ef_sprash_sumi/ef_sprash_sumi_00013":{"y":70.3,"width":200,"height":200},"EF/ef_sprash_sumi/ef_sprash_sumi_00014":{"y":70.3,"width":200,"height":200},"EF/ef_sprash_sumi/ef_sprash_sumi_00015":{"y":70.3,"width":200,"height":200},"EF/ef_sprash_sumi/ef_sprash_sumi_00016":{"y":70.3,"width":200,"height":200}},"EF_splash1_6":{"EF/ef_sprash_sumi/ef_sprash_sumi_00012":{"y":70.3,"width":200,"height":200},"EF/ef_sprash_sumi/ef_sprash_sumi_00013":{"y":70.3,"width":200,"height":200},"EF/ef_sprash_sumi/ef_sprash_sumi_00014":{"y":70.3,"width":200,"height":200},"EF/ef_sprash_sumi/ef_sprash_sumi_00015":{"y":70.3,"width":200,"height":200},"EF/ef_sprash_sumi/ef_sprash_sumi_00016":{"y":70.3,"width":200,"height":200}},"EF_splash1_7":{"EF/ef_sprash_sumi/ef_sprash_sumi_00012":{"y":70.3,"width":200,"height":200},"EF/ef_sprash_sumi/ef_sprash_sumi_00013":{"y":70.3,"width":200,"height":200},"EF/ef_sprash_sumi/ef_sprash_sumi_00014":{"y":70.3,"width":200,"height":200},"EF/ef_sprash_sumi/ef_sprash_sumi_00015":{"y":70.3,"width":200,"height":200},"EF/ef_sprash_sumi/ef_sprash_sumi_00016":{"y":70.3,"width":200,"height":200}},"EF_splash1_8":{"EF/ef_sprash_sumi/ef_sprash_sumi_00012":{"y":70.3,"width":200,"height":200},"EF/ef_sprash_sumi/ef_sprash_sumi_00013":{"y":70.3,"width":200,"height":200},"EF/ef_sprash_sumi/ef_sprash_sumi_00014":{"y":70.3,"width":200,"height":200},"EF/ef_sprash_sumi/ef_sprash_sumi_00015":{"y":70.3,"width":200,"height":200},"EF/ef_sprash_sumi/ef_sprash_sumi_00016":{"y":70.3,"width":200,"height":200}},"EF_splash1_9":{"EF/ef_sprash_sumi/ef_sprash_sumi_00012":{"y":70.3,"width":200,"height":200},"EF/ef_sprash_sumi/ef_sprash_sumi_00013":{"y":70.3,"width":200,"height":200},"EF/ef_sprash_sumi/ef_sprash_sumi_00014":{"y":70.3,"width":200,"height":200},"EF/ef_sprash_sumi/ef_sprash_sumi_00015":{"y":70.3,"width":200,"height":200},"EF/ef_sprash_sumi/ef_sprash_sumi_00016":{"y":70.3,"width":200,"height":200}},"EF_stamp1_1":{"EF/ef_stamp_main/ef_stamp_main_00001":{"width":200,"height":200},"EF/ef_stamp_main/ef_stamp_main_00002":{"width":200,"height":200},"EF/ef_stamp_main/ef_stamp_main_00003":{"width":200,"height":200},"EF/ef_stamp_main/ef_stamp_main_00004":{"width":200,"height":200}},"EF_tower1_1":{"EF/EF_tower/ef_MD_tower_08":{"y":114.48,"width":250,"height":250}},"EF_white":{"EF/EF_white":{"width":64,"height":64}}}},"animations":{"1-attack1":{},"1-skill1":{"slots":{"EF_OF1_1":{"attachment":[{"time":0.5,"name":"EF/ef_OF_mian/ef_OF_mian_00001"},{"time":0.5666,"name":null}]}},"bones":{"EF_OF1_1":{"translate":[{"time":0.5,"x":-149.79,"y":-65.21}],"scale":[{"time":0.5,"x":2.5,"y":2.5},{"time":0.5333,"x":3,"y":3}]}}},"1-skill2":{"slots":{"EF_OF1_1":{"attachment":[{"time":1,"name":"EF/ef_OF_mian/ef_OF_mian_00002"},{"time":1.0333,"name":"EF/ef_OF_mian/ef_OF_mian_00003"},{"time":1.0666,"name":"EF/ef_OF_mian/ef_OF_mian_00004"},{"time":1.1,"name":"EF/ef_OF_mian/ef_OF_mian_00005"},{"time":1.1333,"name":null},{"time":1.4,"name":"EF/ef_OF_mian/ef_OF_mian_00001"},{"time":1.4666,"name":null}]},"EF_jet1_1":{"attachment":[{"time":1.4333,"name":"EF/ef_jet_main/ef_jet_main_00001"},{"time":1.4666,"name":"EF/ef_jet_main/ef_jet_main_00002"},{"time":1.5333,"name":"EF/ef_jet_main/ef_jet_main_00008"},{"time":1.6,"name":null}]},"EF_rock1_1":{"attachment":[{"time":1.5,"name":"EF/ef_graund_rock_main/ef_graund_rock_main_00003"}],"color":[{"time":1.8333,"color":"ffffffff"},{"time":2.1666,"color":"ffffff00"}]},"EF_rock2_1":{"attachment":[{"time":1.5,"name":"EF/ef_rock_main/ef_rock_main_00002"},{"time":1.5333,"name":"EF/ef_rock_main/ef_rock_main_00003"},{"time":1.5666,"name":"EF/ef_rock_main/ef_rock_main_00004"},{"time":1.6,"name":"EF/ef_rock_main/ef_rock_main_00005"},{"time":1.6333,"name":"EF/ef_rock_main/ef_rock_main_00006"},{"time":1.6666,"name":"EF/ef_rock_main/ef_rock_main_00007"},{"time":1.7,"name":"EF/ef_rock_main/ef_rock_main_00008"},{"time":1.7333,"name":"EF/ef_rock_main/ef_rock_main_00009"},{"time":1.7666,"name":"EF/ef_rock_main/ef_rock_main_00010"},{"time":1.8,"name":"EF/ef_rock_main/ef_rock_main_00011"},{"time":1.8333,"name":"EF/ef_rock_main/ef_rock_main_00012"},{"time":1.8666,"name":"EF/ef_rock_main/ef_rock_main_00013"},{"time":1.9,"name":"EF/ef_rock_main/ef_rock_main_00014"},{"time":1.9333,"name":null}]},"EF_smash2_1":{"attachment":[{"time":1,"name":"EF/smash_sprash_A_purple/ef_smash_sprash_A_purple_00001"},{"time":1.0333,"name":"EF/smash_sprash_A_purple/ef_smash_sprash_A_purple_00002"},{"time":1.0666,"name":"EF/smash_sprash_A_purple/ef_smash_sprash_A_purple_00003"},{"time":1.1,"name":"EF/smash_sprash_A_purple/ef_smash_sprash_A_purple_00004"},{"time":1.1333,"name":"EF/smash_sprash_A_purple/ef_smash_sprash_A_purple_00005"},{"time":1.1666,"name":"EF/smash_sprash_A_purple/ef_smash_sprash_A_purple_00006"},{"time":1.2,"name":"EF/smash_sprash_A_purple/ef_smash_sprash_A_purple_00007"},{"time":1.2333,"name":"EF/smash_sprash_A_purple/ef_smash_sprash_A_purple_00008"},{"time":1.2666,"name":null},{"time":1.4333,"name":"EF/smash_sprash_A_purple/ef_smash_sprash_A_purple_00001"},{"time":1.4666,"name":"EF/smash_sprash_A_purple/ef_smash_sprash_A_purple_00002"},{"time":1.5,"name":"EF/smash_sprash_A_purple/ef_smash_sprash_A_purple_00003"},{"time":1.5333,"name":"EF/smash_sprash_A_purple/ef_smash_sprash_A_purple_00004"},{"time":1.5666,"name":"EF/smash_sprash_A_purple/ef_smash_sprash_A_purple_00005"},{"time":1.6,"name":"EF/smash_sprash_A_purple/ef_smash_sprash_A_purple_00006"},{"time":1.6333,"name":"EF/smash_sprash_A_purple/ef_smash_sprash_A_purple_00007"},{"time":1.6666,"name":"EF/smash_sprash_A_purple/ef_smash_sprash_A_purple_00008"},{"time":1.7,"name":null}]},"EF_smoke1_1":{"attachment":[{"time":1.5,"name":"EF/ef_dash_smoke_main/ef_dash_smoke_main_00001"},{"time":1.6,"name":"EF/ef_dash_smoke_main/ef_dash_smoke_main_00003"},{"time":1.7,"name":"EF/ef_dash_smoke_main/ef_dash_smoke_main_00005"},{"time":1.8,"name":"EF/ef_dash_smoke_main/ef_dash_smoke_main_00007"},{"time":1.9,"name":"EF/ef_dash_smoke_main/ef_dash_smoke_main_00009"},{"time":2,"name":"EF/ef_dash_smoke_main/ef_dash_smoke_main_00011"},{"time":2.1,"name":"EF/ef_dash_smoke_main/ef_dash_smoke_main_00013"},{"time":2.2,"name":null}]},"EF_smoke1_2":{"attachment":[{"time":1.5333,"name":"EF/ef_dash_smoke_main/ef_dash_smoke_main_00001"},{"time":1.6333,"name":"EF/ef_dash_smoke_main/ef_dash_smoke_main_00003"},{"time":1.7333,"name":"EF/ef_dash_smoke_main/ef_dash_smoke_main_00005"},{"time":1.8333,"name":"EF/ef_dash_smoke_main/ef_dash_smoke_main_00007"},{"time":1.9333,"name":"EF/ef_dash_smoke_main/ef_dash_smoke_main_00009"},{"time":2.0333,"name":"EF/ef_dash_smoke_main/ef_dash_smoke_main_00011"},{"time":2.1333,"name":"EF/ef_dash_smoke_main/ef_dash_smoke_main_00013"},{"time":2.2333,"name":null}]},"EF_smoke1_3":{"attachment":[{"time":1.5333,"name":"EF/ef_dash_smoke_main/ef_dash_smoke_main_00001"},{"time":1.6333,"name":"EF/ef_dash_smoke_main/ef_dash_smoke_main_00003"},{"time":1.7333,"name":"EF/ef_dash_smoke_main/ef_dash_smoke_main_00005"},{"time":1.8333,"name":"EF/ef_dash_smoke_main/ef_dash_smoke_main_00007"},{"time":1.9333,"name":"EF/ef_dash_smoke_main/ef_dash_smoke_main_00009"},{"time":2.0333,"name":"EF/ef_dash_smoke_main/ef_dash_smoke_main_00011"},{"time":2.1333,"name":"EF/ef_dash_smoke_main/ef_dash_smoke_main_00013"},{"time":2.2333,"name":null}]},"EF_smoke1_4":{"attachment":[{"time":1.6,"name":"EF/ef_dash_smoke_main/ef_dash_smoke_main_00001"},{"time":1.6666,"name":"EF/ef_dash_smoke_main/ef_dash_smoke_main_00003"},{"time":1.7333,"name":"EF/ef_dash_smoke_main/ef_dash_smoke_main_00005"},{"time":1.8,"name":"EF/ef_dash_smoke_main/ef_dash_smoke_main_00007"},{"time":1.8666,"name":"EF/ef_dash_smoke_main/ef_dash_smoke_main_00009"},{"time":1.9333,"name":"EF/ef_dash_smoke_main/ef_dash_smoke_main_00011"},{"time":2,"name":"EF/ef_dash_smoke_main/ef_dash_smoke_main_00013"},{"time":2.0666,"name":null}]},"EF_smoke1_5":{"attachment":[{"time":1.6,"name":"EF/ef_dash_smoke_main/ef_dash_smoke_main_00001"},{"time":1.6666,"name":"EF/ef_dash_smoke_main/ef_dash_smoke_main_00003"},{"time":1.7333,"name":"EF/ef_dash_smoke_main/ef_dash_smoke_main_00005"},{"time":1.8,"name":"EF/ef_dash_smoke_main/ef_dash_smoke_main_00007"},{"time":1.8666,"name":"EF/ef_dash_smoke_main/ef_dash_smoke_main_00009"},{"time":1.9333,"name":"EF/ef_dash_smoke_main/ef_dash_smoke_main_00011"},{"time":2,"name":"EF/ef_dash_smoke_main/ef_dash_smoke_main_00013"},{"time":2.0666,"name":null}]},"EF_stamp1_1":{"attachment":[{"time":0.8666,"name":"EF/ef_stamp_main/ef_stamp_main_00001"},{"time":0.9,"name":"EF/ef_stamp_main/ef_stamp_main_00002"},{"time":0.9333,"name":"EF/ef_stamp_main/ef_stamp_main_00003"},{"time":0.9666,"name":"EF/ef_stamp_main/ef_stamp_main_00004"},{"time":1,"name":null}]},"EF_tower1_1":{"attachment":[{"time":1.4666,"name":"EF/EF_tower/ef_MD_tower_08"},{"time":1.7,"name":null}]},"EF_white":{"attachment":[{"time":1.4,"name":"EF/EF_white"}],"color":[{"time":1.4,"color":"000000ff","curve":"stepped"},{"time":1.4666,"color":"000000ff","curve":"stepped"},{"time":1.5,"color":"ffffffff","curve":[0.153,0.59,0.75,1]},{"time":1.8333,"color":"ffffff00"}]}},"bones":{"EF_OF1_1":{"translate":[{"time":1,"x":-162.55,"y":-58.4,"curve":"stepped"},{"time":1.4,"x":-283.71,"y":-101.18}],"scale":[{"time":1,"x":3.5,"y":3.5,"curve":"stepped"},{"time":1.4,"x":3,"y":3},{"time":1.4333,"x":35,"y":15}]},"EF_stamp1_1":{"translate":[{"time":0.8666,"x":-106.25,"y":3.86}]},"EF_smash2_1":{"rotate":[{"time":1.4,"angle":94.32},{"time":1.4333,"angle":90}],"translate":[{"time":1,"x":-385.61,"y":-57.35,"curve":"stepped"},{"time":1.4333,"x":-432.23,"y":-93.98}],"scale":[{"time":1,"x":2,"y":2,"curve":"stepped"},{"time":1.4333,"x":3.265,"y":3.265}]},"EF_white":{"translate":[{"time":1.4,"x":-500,"y":-300}],"scale":[{"time":1.4,"x":25,"y":25}]},"EF_jet1_1":{"translate":[{"time":1.4333,"x":-334.88,"y":-17.51}],"scale":[{"time":1.4333,"x":1.571,"y":1.571},{"time":1.4666,"x":6,"y":6}]},"EF_rock1_1":{"translate":[{"time":1.5,"x":-387.69,"y":-19.51}],"scale":[{"time":1.5,"x":1.988,"y":1.988}]},"EF_tower1_1":{"translate":[{"time":1.4666,"x":-684.88,"y":0,"curve":"stepped"},{"time":1.5666,"x":-684.88,"y":0},{"time":1.6333,"x":-684.88,"y":-111.72},{"time":1.7,"x":-684.88,"y":-68.53}],"scale":[{"time":1.4666,"x":15,"y":15,"curve":"stepped"},{"time":1.5666,"x":15,"y":15},{"time":1.6333,"x":1.372,"y":10.398},{"time":1.7,"x":0.022,"y":6.689}]},"EF_smoke1_1":{"translate":[{"time":1.5,"x":-738.42,"y":0}],"scale":[{"time":1.5,"x":7.398,"y":7.398}]},"EF_smoke1_2":{"rotate":[{"time":1.5333,"angle":-79.42}],"translate":[{"time":1.5333,"x":-732.04,"y":1.2}],"scale":[{"time":1.5333,"x":3.5,"y":3.5}]},"EF_smoke1_3":{"rotate":[{"time":1.5333,"angle":79.97}],"translate":[{"time":1.5333,"x":-714.11,"y":3.46}],"scale":[{"time":1.5333,"x":3.5,"y":3.5}]},"EF_smoke1_4":{"rotate":[{"time":1.6,"angle":-23.92}],"translate":[{"time":1.6,"x":-717.25,"y":-6.08}],"scale":[{"time":1.6,"x":3.448,"y":3.448}]},"EF_smoke1_5":{"rotate":[{"time":1.6,"angle":35.06}],"translate":[{"time":1.6,"x":-745.25,"y":-7.3}],"scale":[{"time":1.6,"x":3.599,"y":3.599}]},"EF_rock2_1":{"translate":[{"time":1.5,"x":-421.91,"y":0}],"scale":[{"time":1.5,"x":1.5,"y":1.5}]}},"drawOrder":[{"time":1.5,"offsets":[{"slot":"EF_white","offset":40}]}]},"2-attack1":{},"2-skill1":{"slots":{"EF_OF1_1":{"attachment":[{"time":0.5,"name":"EF/ef_OF_mian/ef_OF_mian_00001"},{"time":0.5666,"name":null}]}},"bones":{"EF_OF1_1":{"translate":[{"time":0.5,"x":-149.79,"y":-65.21}],"scale":[{"time":0.5,"x":2.5,"y":2.5},{"time":0.5333,"x":3,"y":3}]}}},"2-skill2":{"slots":{"EF_OF1_1":{"attachment":[{"time":1,"name":"EF/ef_OF_mian/ef_OF_mian_00002"},{"time":1.0333,"name":"EF/ef_OF_mian/ef_OF_mian_00003"},{"time":1.0666,"name":"EF/ef_OF_mian/ef_OF_mian_00004"},{"time":1.1,"name":"EF/ef_OF_mian/ef_OF_mian_00005"},{"time":1.1333,"name":null},{"time":1.4,"name":"EF/ef_OF_mian/ef_OF_mian_00001"},{"time":1.4666,"name":null}]},"EF_jet1_1":{"attachment":[{"time":1.4333,"name":"EF/ef_jet_main/ef_jet_main_00001"},{"time":1.4666,"name":"EF/ef_jet_main/ef_jet_main_00002"},{"time":1.5333,"name":"EF/ef_jet_main/ef_jet_main_00008"},{"time":1.6,"name":null}]},"EF_rock1_1":{"attachment":[{"time":1.5,"name":"EF/ef_graund_rock_main/ef_graund_rock_main_00003"}],"color":[{"time":1.8333,"color":"ffffffff"},{"time":2.1666,"color":"ffffff00"}]},"EF_rock2_1":{"attachment":[{"time":1.5,"name":"EF/ef_rock_main/ef_rock_main_00002"},{"time":1.5333,"name":"EF/ef_rock_main/ef_rock_main_00003"},{"time":1.5666,"name":"EF/ef_rock_main/ef_rock_main_00004"},{"time":1.6,"name":"EF/ef_rock_main/ef_rock_main_00005"},{"time":1.6333,"name":"EF/ef_rock_main/ef_rock_main_00006"},{"time":1.6666,"name":"EF/ef_rock_main/ef_rock_main_00007"},{"time":1.7,"name":"EF/ef_rock_main/ef_rock_main_00008"},{"time":1.7333,"name":"EF/ef_rock_main/ef_rock_main_00009"},{"time":1.7666,"name":"EF/ef_rock_main/ef_rock_main_00010"},{"time":1.8,"name":"EF/ef_rock_main/ef_rock_main_00011"},{"time":1.8333,"name":"EF/ef_rock_main/ef_rock_main_00012"},{"time":1.8666,"name":"EF/ef_rock_main/ef_rock_main_00013"},{"time":1.9,"name":"EF/ef_rock_main/ef_rock_main_00014"},{"time":1.9333,"name":null}]},"EF_smash2_1":{"attachment":[{"time":1,"name":"EF/smash_sprash_A_purple/ef_smash_sprash_A_purple_00001"},{"time":1.0333,"name":"EF/smash_sprash_A_purple/ef_smash_sprash_A_purple_00002"},{"time":1.0666,"name":"EF/smash_sprash_A_purple/ef_smash_sprash_A_purple_00003"},{"time":1.1,"name":"EF/smash_sprash_A_purple/ef_smash_sprash_A_purple_00004"},{"time":1.1333,"name":"EF/smash_sprash_A_purple/ef_smash_sprash_A_purple_00005"},{"time":1.1666,"name":"EF/smash_sprash_A_purple/ef_smash_sprash_A_purple_00006"},{"time":1.2,"name":"EF/smash_sprash_A_purple/ef_smash_sprash_A_purple_00007"},{"time":1.2333,"name":"EF/smash_sprash_A_purple/ef_smash_sprash_A_purple_00008"},{"time":1.2666,"name":null},{"time":1.4333,"name":"EF/smash_sprash_A_purple/ef_smash_sprash_A_purple_00001"},{"time":1.4666,"name":"EF/smash_sprash_A_purple/ef_smash_sprash_A_purple_00002"},{"time":1.5,"name":"EF/smash_sprash_A_purple/ef_smash_sprash_A_purple_00003"},{"time":1.5333,"name":"EF/smash_sprash_A_purple/ef_smash_sprash_A_purple_00004"},{"time":1.5666,"name":"EF/smash_sprash_A_purple/ef_smash_sprash_A_purple_00005"},{"time":1.6,"name":"EF/smash_sprash_A_purple/ef_smash_sprash_A_purple_00006"},{"time":1.6333,"name":"EF/smash_sprash_A_purple/ef_smash_sprash_A_purple_00007"},{"time":1.6666,"name":"EF/smash_sprash_A_purple/ef_smash_sprash_A_purple_00008"},{"time":1.7,"name":null}]},"EF_smoke1_1":{"attachment":[{"time":1.5,"name":"EF/ef_dash_smoke_main/ef_dash_smoke_main_00001"},{"time":1.6,"name":"EF/ef_dash_smoke_main/ef_dash_smoke_main_00003"},{"time":1.7,"name":"EF/ef_dash_smoke_main/ef_dash_smoke_main_00005"},{"time":1.8,"name":"EF/ef_dash_smoke_main/ef_dash_smoke_main_00007"},{"time":1.9,"name":"EF/ef_dash_smoke_main/ef_dash_smoke_main_00009"},{"time":2,"name":"EF/ef_dash_smoke_main/ef_dash_smoke_main_00011"},{"time":2.1,"name":"EF/ef_dash_smoke_main/ef_dash_smoke_main_00013"},{"time":2.2,"name":null}]},"EF_smoke1_2":{"attachment":[{"time":1.5333,"name":"EF/ef_dash_smoke_main/ef_dash_smoke_main_00001"},{"time":1.6333,"name":"EF/ef_dash_smoke_main/ef_dash_smoke_main_00003"},{"time":1.7333,"name":"EF/ef_dash_smoke_main/ef_dash_smoke_main_00005"},{"time":1.8333,"name":"EF/ef_dash_smoke_main/ef_dash_smoke_main_00007"},{"time":1.9333,"name":"EF/ef_dash_smoke_main/ef_dash_smoke_main_00009"},{"time":2.0333,"name":"EF/ef_dash_smoke_main/ef_dash_smoke_main_00011"},{"time":2.1333,"name":"EF/ef_dash_smoke_main/ef_dash_smoke_main_00013"},{"time":2.2333,"name":null}]},"EF_smoke1_3":{"attachment":[{"time":1.5333,"name":"EF/ef_dash_smoke_main/ef_dash_smoke_main_00001"},{"time":1.6333,"name":"EF/ef_dash_smoke_main/ef_dash_smoke_main_00003"},{"time":1.7333,"name":"EF/ef_dash_smoke_main/ef_dash_smoke_main_00005"},{"time":1.8333,"name":"EF/ef_dash_smoke_main/ef_dash_smoke_main_00007"},{"time":1.9333,"name":"EF/ef_dash_smoke_main/ef_dash_smoke_main_00009"},{"time":2.0333,"name":"EF/ef_dash_smoke_main/ef_dash_smoke_main_00011"},{"time":2.1333,"name":"EF/ef_dash_smoke_main/ef_dash_smoke_main_00013"},{"time":2.2333,"name":null}]},"EF_smoke1_4":{"attachment":[{"time":1.6,"name":"EF/ef_dash_smoke_main/ef_dash_smoke_main_00001"},{"time":1.6666,"name":"EF/ef_dash_smoke_main/ef_dash_smoke_main_00003"},{"time":1.7333,"name":"EF/ef_dash_smoke_main/ef_dash_smoke_main_00005"},{"time":1.8,"name":"EF/ef_dash_smoke_main/ef_dash_smoke_main_00007"},{"time":1.8666,"name":"EF/ef_dash_smoke_main/ef_dash_smoke_main_00009"},{"time":1.9333,"name":"EF/ef_dash_smoke_main/ef_dash_smoke_main_00011"},{"time":2,"name":"EF/ef_dash_smoke_main/ef_dash_smoke_main_00013"},{"time":2.0666,"name":null}]},"EF_smoke1_5":{"attachment":[{"time":1.6,"name":"EF/ef_dash_smoke_main/ef_dash_smoke_main_00001"},{"time":1.6666,"name":"EF/ef_dash_smoke_main/ef_dash_smoke_main_00003"},{"time":1.7333,"name":"EF/ef_dash_smoke_main/ef_dash_smoke_main_00005"},{"time":1.8,"name":"EF/ef_dash_smoke_main/ef_dash_smoke_main_00007"},{"time":1.8666,"name":"EF/ef_dash_smoke_main/ef_dash_smoke_main_00009"},{"time":1.9333,"name":"EF/ef_dash_smoke_main/ef_dash_smoke_main_00011"},{"time":2,"name":"EF/ef_dash_smoke_main/ef_dash_smoke_main_00013"},{"time":2.0666,"name":null}]},"EF_stamp1_1":{"attachment":[{"time":0.8666,"name":"EF/ef_stamp_main/ef_stamp_main_00001"},{"time":0.9,"name":"EF/ef_stamp_main/ef_stamp_main_00002"},{"time":0.9333,"name":"EF/ef_stamp_main/ef_stamp_main_00003"},{"time":0.9666,"name":"EF/ef_stamp_main/ef_stamp_main_00004"},{"time":1,"name":null}]},"EF_tower1_1":{"attachment":[{"time":1.4666,"name":"EF/EF_tower/ef_MD_tower_08"},{"time":1.7,"name":null}]},"EF_white":{"attachment":[{"time":1.4,"name":"EF/EF_white"}],"color":[{"time":1.4,"color":"000000ff","curve":"stepped"},{"time":1.4666,"color":"000000ff","curve":"stepped"},{"time":1.5,"color":"ffffffff","curve":[0.153,0.59,0.75,1]},{"time":1.8333,"color":"ffffff00"}]}},"bones":{"EF_OF1_1":{"translate":[{"time":1,"x":-162.55,"y":-58.4,"curve":"stepped"},{"time":1.4,"x":-283.71,"y":-101.18}],"scale":[{"time":1,"x":3.5,"y":3.5,"curve":"stepped"},{"time":1.4,"x":3,"y":3},{"time":1.4333,"x":35,"y":15}]},"EF_stamp1_1":{"translate":[{"time":0.8666,"x":-106.25,"y":3.86}]},"EF_smash2_1":{"rotate":[{"time":1.4,"angle":94.32},{"time":1.4333,"angle":90}],"translate":[{"time":1,"x":-385.61,"y":-57.35,"curve":"stepped"},{"time":1.4333,"x":-432.23,"y":-93.98}],"scale":[{"time":1,"x":2,"y":2,"curve":"stepped"},{"time":1.4333,"x":3.265,"y":3.265}]},"EF_white":{"translate":[{"time":1.4,"x":-500,"y":-300}],"scale":[{"time":1.4,"x":25,"y":25}]},"EF_jet1_1":{"translate":[{"time":1.4333,"x":-334.88,"y":-17.51}],"scale":[{"time":1.4333,"x":1.571,"y":1.571},{"time":1.4666,"x":6,"y":6}]},"EF_rock1_1":{"translate":[{"time":1.5,"x":-387.69,"y":-19.51}],"scale":[{"time":1.5,"x":1.988,"y":1.988}]},"EF_tower1_1":{"translate":[{"time":1.4666,"x":-684.88,"y":0,"curve":"stepped"},{"time":1.5666,"x":-684.88,"y":0},{"time":1.6333,"x":-684.88,"y":-111.72},{"time":1.7,"x":-684.88,"y":-68.53}],"scale":[{"time":1.4666,"x":15,"y":15,"curve":"stepped"},{"time":1.5666,"x":15,"y":15},{"time":1.6333,"x":1.372,"y":10.398},{"time":1.7,"x":0.022,"y":6.689}]},"EF_smoke1_1":{"translate":[{"time":1.5,"x":-738.42,"y":0}],"scale":[{"time":1.5,"x":7.398,"y":7.398}]},"EF_smoke1_2":{"rotate":[{"time":1.5333,"angle":-79.42}],"translate":[{"time":1.5333,"x":-732.04,"y":1.2}],"scale":[{"time":1.5333,"x":3.5,"y":3.5}]},"EF_smoke1_3":{"rotate":[{"time":1.5333,"angle":79.97}],"translate":[{"time":1.5333,"x":-714.11,"y":3.46}],"scale":[{"time":1.5333,"x":3.5,"y":3.5}]},"EF_smoke1_4":{"rotate":[{"time":1.6,"angle":-23.92}],"translate":[{"time":1.6,"x":-717.25,"y":-6.08}],"scale":[{"time":1.6,"x":3.448,"y":3.448}]},"EF_smoke1_5":{"rotate":[{"time":1.6,"angle":35.06}],"translate":[{"time":1.6,"x":-745.25,"y":-7.3}],"scale":[{"time":1.6,"x":3.599,"y":3.599}]},"EF_rock2_1":{"translate":[{"time":1.5,"x":-421.91,"y":0}],"scale":[{"time":1.5,"x":1.5,"y":1.5}]}},"drawOrder":[{"time":1.5,"offsets":[{"slot":"EF_white","offset":40}]}]},"2-skill3":{"slots":{"EF_OF1_1":{"attachment":[{"time":1.0666,"name":"EF/ef_OF_mian/ef_OF_mian_00001"},{"time":1.1,"name":"EF/ef_OF_mian/ef_OF_mian_00002"},{"time":1.1333,"name":"EF/ef_OF_mian/ef_OF_mian_00003"},{"time":1.1666,"name":"EF/ef_OF_mian/ef_OF_mian_00004"},{"time":1.2,"name":"EF/ef_OF_mian/ef_OF_mian_00005"},{"time":1.2333,"name":null},{"time":2.6666,"name":"EF/ef_OF_mian/ef_OF_mian_00001"},{"time":2.9666,"name":null}],"color":[{"time":2.6666,"color":"ffffffff","curve":[0.25,0,0.804,0.33]},{"time":2.9666,"color":"ffffff00"}]},"EF_slash1_1":{"attachment":[{"time":1.1,"name":"EF/ef_slash_bolt_main/ef_slash_bolt_main_00002"},{"time":1.1333,"name":"EF/ef_slash_bolt_main/ef_line_arrow_main_00004"},{"time":1.2,"name":null},{"time":1.7,"name":"EF/ef_slash_bolt_main/ef_line_arrow_main_00004"},{"time":1.7333,"name":null}]},"EF_slash1_2":{"attachment":[{"time":1.7333,"name":"EF/ef_slash_bolt_main/ef_line_arrow_main_00004"},{"time":2.2,"name":null}]},"EF_slash2_1":{"attachment":[{"time":1.8,"name":"EF/ef_big_slash_sumi/ef_big_slash_sumi_00008"},{"time":1.8666,"name":null}]},"EF_slashwind1_2":{"attachment":[{"time":1.7333,"name":"EF/ef_wind_slash_purple/ef_wind_slash_purple_00003"},{"time":1.7666,"name":"EF/ef_wind_slash_purple/ef_wind_slash_purple_00004"},{"time":1.8,"name":"EF/ef_wind_slash_purple/ef_wind_slash_purple_00005"},{"time":1.8333,"name":"EF/ef_wind_slash_purple/ef_wind_slash_purple_00006"},{"time":1.8666,"name":"EF/ef_wind_slash_purple/ef_wind_slash_purple_00007"},{"time":1.9,"name":"EF/ef_wind_slash_purple/ef_wind_slash_purple_00008"},{"time":1.9333,"name":"EF/ef_wind_slash_purple/ef_wind_slash_purple_00009"},{"time":1.9666,"name":"EF/ef_wind_slash_purple/ef_wind_slash_purple_00010"},{"time":2,"name":"EF/ef_wind_slash_purple/ef_wind_slash_purple_00011"},{"time":2.0333,"name":"EF/ef_wind_slash_purple/ef_wind_slash_purple_00012"},{"time":2.0666,"name":"EF/ef_wind_slash_purple/ef_wind_slash_purple_00013"},{"time":2.1,"name":"EF/ef_wind_slash_purple/ef_wind_slash_purple_00014"},{"time":2.1333,"name":"EF/ef_wind_slash_purple/ef_wind_slash_purple_00015"},{"time":2.1666,"name":"EF/ef_wind_slash_purple/ef_wind_slash_purple_00016"},{"time":2.2,"name":null}]},"EF_slashwind1_3":{"attachment":[{"time":1.8,"name":"EF/ef_wind_slash_purple/ef_wind_slash_purple_00003"},{"time":1.8333,"name":"EF/ef_wind_slash_purple/ef_wind_slash_purple_00004"},{"time":1.8666,"name":"EF/ef_wind_slash_purple/ef_wind_slash_purple_00005"},{"time":1.9,"name":"EF/ef_wind_slash_purple/ef_wind_slash_purple_00006"},{"time":1.9333,"name":"EF/ef_wind_slash_purple/ef_wind_slash_purple_00007"},{"time":1.9666,"name":"EF/ef_wind_slash_purple/ef_wind_slash_purple_00008"},{"time":2,"name":"EF/ef_wind_slash_purple/ef_wind_slash_purple_00009"},{"time":2.0333,"name":"EF/ef_wind_slash_purple/ef_wind_slash_purple_00010"},{"time":2.0666,"name":"EF/ef_wind_slash_purple/ef_wind_slash_purple_00011"},{"time":2.1,"name":"EF/ef_wind_slash_purple/ef_wind_slash_purple_00012"},{"time":2.1333,"name":"EF/ef_wind_slash_purple/ef_wind_slash_purple_00013"},{"time":2.1666,"name":"EF/ef_wind_slash_purple/ef_wind_slash_purple_00014"},{"time":2.2,"name":"EF/ef_wind_slash_purple/ef_wind_slash_purple_00015"},{"time":2.2333,"name":"EF/ef_wind_slash_purple/ef_wind_slash_purple_00016"},{"time":2.2666,"name":null}]},"EF_slashwind1_4":{"attachment":[{"time":1.8333,"name":"EF/ef_wind_slash_purple/ef_wind_slash_purple_00003"},{"time":1.8666,"name":"EF/ef_wind_slash_purple/ef_wind_slash_purple_00004"},{"time":1.9,"name":"EF/ef_wind_slash_purple/ef_wind_slash_purple_00005"},{"time":1.9333,"name":"EF/ef_wind_slash_purple/ef_wind_slash_purple_00006"},{"time":1.9666,"name":"EF/ef_wind_slash_purple/ef_wind_slash_purple_00007"},{"time":2,"name":"EF/ef_wind_slash_purple/ef_wind_slash_purple_00008"},{"time":2.0333,"name":"EF/ef_wind_slash_purple/ef_wind_slash_purple_00009"},{"time":2.0666,"name":"EF/ef_wind_slash_purple/ef_wind_slash_purple_00010"},{"time":2.1,"name":"EF/ef_wind_slash_purple/ef_wind_slash_purple_00011"},{"time":2.1333,"name":"EF/ef_wind_slash_purple/ef_wind_slash_purple_00012"},{"time":2.1666,"name":"EF/ef_wind_slash_purple/ef_wind_slash_purple_00013"},{"time":2.2,"name":"EF/ef_wind_slash_purple/ef_wind_slash_purple_00014"},{"time":2.2333,"name":"EF/ef_wind_slash_purple/ef_wind_slash_purple_00015"},{"time":2.2666,"name":"EF/ef_wind_slash_purple/ef_wind_slash_purple_00016"},{"time":2.3,"name":null}]},"EF_smash1_1":{"attachment":[{"time":1.1,"name":"EF/smash_attack_A_purple/ef_smash_attack_A_purple_00001"},{"time":1.1333,"name":null},{"time":1.1666,"name":null},{"time":1.2,"name":"EF/smash_attack_A_purple/ef_smash_attack_A_purple_00004"},{"time":1.2333,"name":null}]},"EF_smash2_1":{"attachment":[{"time":0.3666,"name":"EF/smash_sprash_A_purple/ef_smash_sprash_A_purple_00001"},{"time":0.4,"name":"EF/smash_sprash_A_purple/ef_smash_sprash_A_purple_00002"},{"time":0.4333,"name":"EF/smash_sprash_A_purple/ef_smash_sprash_A_purple_00003"},{"time":0.4666,"name":"EF/smash_sprash_A_purple/ef_smash_sprash_A_purple_00004"},{"time":0.5,"name":"EF/smash_sprash_A_purple/ef_smash_sprash_A_purple_00005"},{"time":0.5333,"name":"EF/smash_sprash_A_purple/ef_smash_sprash_A_purple_00006"},{"time":0.6,"name":"EF/smash_sprash_A_purple/ef_smash_sprash_A_purple_00007"},{"time":0.6666,"name":"EF/smash_sprash_A_purple/ef_smash_sprash_A_purple_00008"},{"time":0.7333,"name":null},{"time":1.1333,"name":null},{"time":1.1666,"name":null},{"time":1.2,"name":"EF/smash_sprash_A_purple/ef_smash_sprash_A_purple_00003"},{"time":1.2333,"name":"EF/smash_sprash_A_purple/ef_smash_sprash_A_purple_00004"},{"time":1.2666,"name":"EF/smash_sprash_A_purple/ef_smash_sprash_A_purple_00005"},{"time":1.3,"name":"EF/smash_sprash_A_purple/ef_smash_sprash_A_purple_00006"},{"time":1.3666,"name":"EF/smash_sprash_A_purple/ef_smash_sprash_A_purple_00007"},{"time":1.4333,"name":"EF/smash_sprash_A_purple/ef_smash_sprash_A_purple_00008"},{"time":1.5,"name":null}]},"EF_smash2_2":{"attachment":[{"time":1.1666,"name":null},{"time":1.2,"name":"EF/smash_sprash_A_purple/ef_smash_sprash_A_purple_00002"},{"time":1.2333,"name":"EF/smash_sprash_A_purple/ef_smash_sprash_A_purple_00003"},{"time":1.2666,"name":"EF/smash_sprash_A_purple/ef_smash_sprash_A_purple_00004"},{"time":1.3333,"name":"EF/smash_sprash_A_purple/ef_smash_sprash_A_purple_00005"},{"time":1.4,"name":"EF/smash_sprash_A_purple/ef_smash_sprash_A_purple_00006"},{"time":1.4666,"name":"EF/smash_sprash_A_purple/ef_smash_sprash_A_purple_00007"},{"time":1.5333,"name":"EF/smash_sprash_A_purple/ef_smash_sprash_A_purple_00008"},{"time":1.6,"name":null}]},"EF_smash2_3":{"attachment":[{"time":1.9333,"name":"EF/smash_sprash_A_purple/ef_smash_sprash_A_purple_00001"},{"time":1.9666,"name":"EF/smash_sprash_A_purple/ef_smash_sprash_A_purple_00002"},{"time":2,"name":"EF/smash_sprash_A_purple/ef_smash_sprash_A_purple_00003"},{"time":2.0333,"name":"EF/smash_sprash_A_purple/ef_smash_sprash_A_purple_00004"},{"time":2.0666,"name":"EF/smash_sprash_A_purple/ef_smash_sprash_A_purple_00005"},{"time":2.1,"name":"EF/smash_sprash_A_purple/ef_smash_sprash_A_purple_00006"},{"time":2.1333,"name":"EF/smash_sprash_A_purple/ef_smash_sprash_A_purple_00007"},{"time":2.1666,"name":"EF/smash_sprash_A_purple/ef_smash_sprash_A_purple_00008"},{"time":2.2,"name":null}]},"EF_smoke1_1":{"attachment":[{"time":0.4,"name":"EF/ef_dash_smoke_main/ef_dash_smoke_main_00001"},{"time":0.5,"name":"EF/ef_dash_smoke_main/ef_dash_smoke_main_00003"},{"time":0.6,"name":"EF/ef_dash_smoke_main/ef_dash_smoke_main_00005"},{"time":0.7,"name":"EF/ef_dash_smoke_main/ef_dash_smoke_main_00007"},{"time":0.8,"name":"EF/ef_dash_smoke_main/ef_dash_smoke_main_00009"},{"time":0.9,"name":"EF/ef_dash_smoke_main/ef_dash_smoke_main_00011"},{"time":1,"name":"EF/ef_dash_smoke_main/ef_dash_smoke_main_00013"},{"time":1.1,"name":null}],"color":[{"time":0.4,"color":"ffffffba","curve":[0.069,0.53,0.408,0.84]},{"time":1.1,"color":"ffffff00"}]},"EF_smoke1_2":{"attachment":[{"time":0.4,"name":"EF/ef_dash_smoke_main/ef_dash_smoke_main_00001"},{"time":0.5,"name":"EF/ef_dash_smoke_main/ef_dash_smoke_main_00003"},{"time":0.6,"name":"EF/ef_dash_smoke_main/ef_dash_smoke_main_00005"},{"time":0.7,"name":"EF/ef_dash_smoke_main/ef_dash_smoke_main_00007"},{"time":0.8,"name":"EF/ef_dash_smoke_main/ef_dash_smoke_main_00009"},{"time":0.9,"name":"EF/ef_dash_smoke_main/ef_dash_smoke_main_00011"},{"time":1,"name":"EF/ef_dash_smoke_main/ef_dash_smoke_main_00013"},{"time":1.1,"name":null}],"color":[{"time":0.4,"color":"ffffffba","curve":[0.069,0.53,0.408,0.84]},{"time":1.1,"color":"ffffff00"}]},"EF_splash1_1":{"attachment":[{"time":1.8,"name":"EF/ef_sprash_sumi/ef_sprash_sumi_00012"},{"time":1.8666,"name":"EF/ef_sprash_sumi/ef_sprash_sumi_00013"},{"time":1.9333,"name":"EF/ef_sprash_sumi/ef_sprash_sumi_00014"},{"time":2,"name":"EF/ef_sprash_sumi/ef_sprash_sumi_00015"},{"time":2.0666,"name":"EF/ef_sprash_sumi/ef_sprash_sumi_00016"},{"time":2.1333,"name":null}]},"EF_splash1_2":{"attachment":[{"time":1.8,"name":"EF/ef_sprash_sumi/ef_sprash_sumi_00012"},{"time":1.8666,"name":"EF/ef_sprash_sumi/ef_sprash_sumi_00013"},{"time":1.9333,"name":"EF/ef_sprash_sumi/ef_sprash_sumi_00014"},{"time":2,"name":"EF/ef_sprash_sumi/ef_sprash_sumi_00015"},{"time":2.0666,"name":"EF/ef_sprash_sumi/ef_sprash_sumi_00016"},{"time":2.1333,"name":null}]},"EF_splash1_3":{"attachment":[{"time":1.8,"name":"EF/ef_sprash_sumi/ef_sprash_sumi_00012"},{"time":1.8666,"name":"EF/ef_sprash_sumi/ef_sprash_sumi_00013"},{"time":1.9333,"name":"EF/ef_sprash_sumi/ef_sprash_sumi_00014"},{"time":2,"name":"EF/ef_sprash_sumi/ef_sprash_sumi_00015"},{"time":2.0666,"name":"EF/ef_sprash_sumi/ef_sprash_sumi_00016"},{"time":2.1333,"name":null}]},"EF_splash1_4":{"attachment":[{"time":1.8,"name":"EF/ef_sprash_sumi/ef_sprash_sumi_00012"},{"time":1.8666,"name":"EF/ef_sprash_sumi/ef_sprash_sumi_00013"},{"time":1.9333,"name":"EF/ef_sprash_sumi/ef_sprash_sumi_00014"},{"time":2,"name":"EF/ef_sprash_sumi/ef_sprash_sumi_00015"},{"time":2.0666,"name":"EF/ef_sprash_sumi/ef_sprash_sumi_00016"},{"time":2.1333,"name":null}]},"EF_splash1_5":{"attachment":[{"time":1.8,"name":"EF/ef_sprash_sumi/ef_sprash_sumi_00012"},{"time":1.8666,"name":"EF/ef_sprash_sumi/ef_sprash_sumi_00013"},{"time":1.9333,"name":"EF/ef_sprash_sumi/ef_sprash_sumi_00014"},{"time":2,"name":"EF/ef_sprash_sumi/ef_sprash_sumi_00015"},{"time":2.0666,"name":"EF/ef_sprash_sumi/ef_sprash_sumi_00016"},{"time":2.1333,"name":null}]},"EF_splash1_6":{"attachment":[{"time":1.8,"name":"EF/ef_sprash_sumi/ef_sprash_sumi_00012"},{"time":1.8666,"name":"EF/ef_sprash_sumi/ef_sprash_sumi_00013"},{"time":1.9333,"name":"EF/ef_sprash_sumi/ef_sprash_sumi_00014"},{"time":2,"name":"EF/ef_sprash_sumi/ef_sprash_sumi_00015"},{"time":2.0666,"name":"EF/ef_sprash_sumi/ef_sprash_sumi_00016"},{"time":2.1333,"name":null}]},"EF_splash1_7":{"attachment":[{"time":1.8,"name":"EF/ef_sprash_sumi/ef_sprash_sumi_00012"},{"time":1.8666,"name":"EF/ef_sprash_sumi/ef_sprash_sumi_00013"},{"time":1.9333,"name":"EF/ef_sprash_sumi/ef_sprash_sumi_00014"},{"time":2,"name":"EF/ef_sprash_sumi/ef_sprash_sumi_00015"},{"time":2.0666,"name":"EF/ef_sprash_sumi/ef_sprash_sumi_00016"},{"time":2.1333,"name":null}]},"EF_splash1_8":{"attachment":[{"time":1.8,"name":"EF/ef_sprash_sumi/ef_sprash_sumi_00012"},{"time":1.8666,"name":"EF/ef_sprash_sumi/ef_sprash_sumi_00013"},{"time":1.9333,"name":"EF/ef_sprash_sumi/ef_sprash_sumi_00014"},{"time":2,"name":"EF/ef_sprash_sumi/ef_sprash_sumi_00015"},{"time":2.0666,"name":"EF/ef_sprash_sumi/ef_sprash_sumi_00016"},{"time":2.1333,"name":null}]},"EF_splash1_9":{"attachment":[{"time":1.8,"name":"EF/ef_sprash_sumi/ef_sprash_sumi_00012"},{"time":1.8666,"name":"EF/ef_sprash_sumi/ef_sprash_sumi_00013"},{"time":1.9333,"name":"EF/ef_sprash_sumi/ef_sprash_sumi_00014"},{"time":2,"name":"EF/ef_sprash_sumi/ef_sprash_sumi_00015"},{"time":2.0666,"name":"EF/ef_sprash_sumi/ef_sprash_sumi_00016"},{"time":2.1333,"name":null}]},"EF_splash1_10":{"attachment":[{"time":1.8,"name":"EF/ef_sprash_sumi/ef_sprash_sumi_00012"},{"time":1.8666,"name":"EF/ef_sprash_sumi/ef_sprash_sumi_00013"},{"time":1.9333,"name":"EF/ef_sprash_sumi/ef_sprash_sumi_00014"},{"time":2,"name":"EF/ef_sprash_sumi/ef_sprash_sumi_00015"},{"time":2.0666,"name":"EF/ef_sprash_sumi/ef_sprash_sumi_00016"},{"time":2.1333,"name":null}]},"EF_splash1_11":{"attachment":[{"time":1.8,"name":"EF/ef_sprash_sumi/ef_sprash_sumi_00012"},{"time":1.8666,"name":"EF/ef_sprash_sumi/ef_sprash_sumi_00013"},{"time":1.9333,"name":"EF/ef_sprash_sumi/ef_sprash_sumi_00014"},{"time":2,"name":"EF/ef_sprash_sumi/ef_sprash_sumi_00015"},{"time":2.0666,"name":"EF/ef_sprash_sumi/ef_sprash_sumi_00016"},{"time":2.1333,"name":null}]},"EF_splash1_12":{"attachment":[{"time":1.8666,"name":"EF/ef_sprash_sumi/ef_sprash_sumi_00012"},{"time":1.9333,"name":"EF/ef_sprash_sumi/ef_sprash_sumi_00013"},{"time":2,"name":"EF/ef_sprash_sumi/ef_sprash_sumi_00014"},{"time":2.0666,"name":"EF/ef_sprash_sumi/ef_sprash_sumi_00015"},{"time":2.1333,"name":"EF/ef_sprash_sumi/ef_sprash_sumi_00016"},{"time":2.2,"name":null}]},"EF_splash1_13":{"attachment":[{"time":1.8666,"name":"EF/ef_sprash_sumi/ef_sprash_sumi_00012"},{"time":1.9333,"name":"EF/ef_sprash_sumi/ef_sprash_sumi_00013"},{"time":2,"name":"EF/ef_sprash_sumi/ef_sprash_sumi_00014"},{"time":2.0666,"name":"EF/ef_sprash_sumi/ef_sprash_sumi_00015"},{"time":2.1333,"name":"EF/ef_sprash_sumi/ef_sprash_sumi_00016"},{"time":2.2,"name":null}]},"EF_splash1_14":{"attachment":[{"time":1.8666,"name":"EF/ef_sprash_sumi/ef_sprash_sumi_00012"},{"time":1.9333,"name":"EF/ef_sprash_sumi/ef_sprash_sumi_00013"},{"time":2,"name":"EF/ef_sprash_sumi/ef_sprash_sumi_00014"},{"time":2.0666,"name":"EF/ef_sprash_sumi/ef_sprash_sumi_00015"},{"time":2.1333,"name":"EF/ef_sprash_sumi/ef_sprash_sumi_00016"},{"time":2.2,"name":null}]},"EF_splash1_15":{"attachment":[{"time":1.8666,"name":"EF/ef_sprash_sumi/ef_sprash_sumi_00012"},{"time":1.9333,"name":"EF/ef_sprash_sumi/ef_sprash_sumi_00013"},{"time":2,"name":"EF/ef_sprash_sumi/ef_sprash_sumi_00014"},{"time":2.0666,"name":"EF/ef_sprash_sumi/ef_sprash_sumi_00015"},{"time":2.1333,"name":"EF/ef_sprash_sumi/ef_sprash_sumi_00016"},{"time":2.2,"name":null}]},"EF_splash1_16":{"attachment":[{"time":1.8666,"name":"EF/ef_sprash_sumi/ef_sprash_sumi_00012"},{"time":1.9333,"name":"EF/ef_sprash_sumi/ef_sprash_sumi_00013"},{"time":2,"name":"EF/ef_sprash_sumi/ef_sprash_sumi_00014"},{"time":2.0666,"name":"EF/ef_sprash_sumi/ef_sprash_sumi_00015"},{"time":2.1333,"name":"EF/ef_sprash_sumi/ef_sprash_sumi_00016"},{"time":2.2,"name":null}]},"EF_splash1_17":{"attachment":[{"time":1.8666,"name":"EF/ef_sprash_sumi/ef_sprash_sumi_00012"},{"time":1.9333,"name":"EF/ef_sprash_sumi/ef_sprash_sumi_00013"},{"time":2,"name":"EF/ef_sprash_sumi/ef_sprash_sumi_00014"},{"time":2.0666,"name":"EF/ef_sprash_sumi/ef_sprash_sumi_00015"},{"time":2.1333,"name":"EF/ef_sprash_sumi/ef_sprash_sumi_00016"},{"time":2.2,"name":null}]},"EF_splash1_18":{"attachment":[{"time":1.8666,"name":"EF/ef_sprash_sumi/ef_sprash_sumi_00012"},{"time":1.9333,"name":"EF/ef_sprash_sumi/ef_sprash_sumi_00013"},{"time":2,"name":"EF/ef_sprash_sumi/ef_sprash_sumi_00014"},{"time":2.0666,"name":"EF/ef_sprash_sumi/ef_sprash_sumi_00015"},{"time":2.1333,"name":"EF/ef_sprash_sumi/ef_sprash_sumi_00016"},{"time":2.2,"name":null}]},"EF_splash1_19":{"attachment":[{"time":1.8666,"name":"EF/ef_sprash_sumi/ef_sprash_sumi_00012"},{"time":1.9333,"name":"EF/ef_sprash_sumi/ef_sprash_sumi_00013"},{"time":2,"name":"EF/ef_sprash_sumi/ef_sprash_sumi_00014"},{"time":2.0666,"name":"EF/ef_sprash_sumi/ef_sprash_sumi_00015"},{"time":2.1333,"name":"EF/ef_sprash_sumi/ef_sprash_sumi_00016"},{"time":2.2,"name":null}]},"EF_splash1_20":{"attachment":[{"time":1.8666,"name":"EF/ef_sprash_sumi/ef_sprash_sumi_00012"},{"time":1.9333,"name":"EF/ef_sprash_sumi/ef_sprash_sumi_00013"},{"time":2,"name":"EF/ef_sprash_sumi/ef_sprash_sumi_00014"},{"time":2.0666,"name":"EF/ef_sprash_sumi/ef_sprash_sumi_00015"},{"time":2.1333,"name":"EF/ef_sprash_sumi/ef_sprash_sumi_00016"},{"time":2.2,"name":null}]},"EF_white":{"attachment":[{"time":1.1333,"name":"EF/EF_white"},{"time":1.2,"name":null}],"color":[{"time":1.1333,"color":"000000ff"}]}},"bones":{"EF_OF1_1":{"rotate":[{"time":1.0666,"angle":-4.85}],"translate":[{"time":1.0666,"x":-117.69,"y":-49.61,"curve":"stepped"},{"time":1.1,"x":-205.17,"y":-61.49,"curve":"stepped"},{"time":2.6666,"x":-161.23,"y":-52.59}],"scale":[{"time":1.0666,"x":4.5,"y":4.5,"curve":"stepped"},{"time":2.6666,"x":1,"y":1},{"time":2.9666,"x":0.604,"y":0.604}]},"EF_white":{"translate":[{"time":1.1333,"x":-500,"y":-250}],"scale":[{"time":1.1333,"x":25,"y":25}]},"EF_slash1_1":{"rotate":[{"time":1.1,"angle":86.57}],"translate":[{"time":1.1,"x":-172.12,"y":-64.78}],"scale":[{"time":1.1,"x":6.037,"y":6.037},{"time":1.1333,"x":1.462,"y":37.786,"curve":"stepped"},{"time":1.7333,"x":1.462,"y":37.786},{"time":1.8,"x":7.315,"y":37.786},{"time":1.8666,"x":0.881,"y":37.786,"curve":[0.28,0.57,0.75,1]},{"time":1.9333,"x":0.105,"y":25.017},{"time":2.1666,"x":0.016,"y":25.017}]},"EF_smash2_1":{"rotate":[{"time":0.3666,"angle":100.19,"curve":"stepped"},{"time":1.1333,"angle":14.96}],"translate":[{"time":0.3666,"x":-335.47,"y":-102.05,"curve":"stepped"},{"time":1.1333,"x":-509.3,"y":-37.43}],"scale":[{"time":0.3666,"x":2.5,"y":2.5}]},"EF_smoke1_1":{"rotate":[{"time":0.4,"angle":81.22}],"translate":[{"time":0.4,"x":-623.07,"y":0.3}],"scale":[{"time":0.4,"x":1.25,"y":1.25}]},"EF_smoke1_2":{"rotate":[{"time":0.4,"angle":-85.03}],"translate":[{"time":0.4,"x":-640.07,"y":-3.87}],"scale":[{"time":0.4,"x":1.25,"y":1.25}]},"EF_slash2_1":{"rotate":[{"time":1.8,"angle":-183.66}],"translate":[{"time":1.8,"x":-306.73,"y":-69.24,"curve":"stepped"},{"time":1.8666,"x":-770.12,"y":-39.61}],"scale":[{"time":1.8,"x":3,"y":8}]},"EF_slashwind1_2":{"rotate":[{"time":1.7333,"angle":-105.99}],"translate":[{"time":1.7333,"x":-579.4,"y":13.34}],"scale":[{"time":1.7333,"x":7,"y":7}]},"EF_slashwind1_3":{"rotate":[{"time":1.8,"angle":0}],"translate":[{"time":1.8,"x":-385,"y":17.15}],"scale":[{"time":1.8,"x":-7,"y":7}]},"EF_slashwind1_4":{"rotate":[{"time":1.8333,"angle":-100.07}],"translate":[{"time":1.8333,"x":88.17,"y":69.75}],"scale":[{"time":1.8333,"x":-7,"y":7}]},"EF_splash1_1":{"translate":[{"time":1.8,"x":-1024.13,"y":-65.31}]},"EF_splash1_2":{"translate":[{"time":1.8,"x":-908.12,"y":-68.36}],"scale":[{"time":1.8,"x":-1,"y":1}]},"EF_splash1_3":{"translate":[{"time":1.8,"x":-785.57,"y":-73.52}]},"EF_splash1_4":{"translate":[{"time":1.8,"x":-642.39,"y":-82.55}]},"EF_splash1_5":{"translate":[{"time":1.8,"x":-541.77,"y":-92.87}],"scale":[{"time":1.8,"x":-1,"y":1}]},"EF_splash1_6":{"translate":[{"time":1.8,"x":-403.75,"y":-98.03}]},"EF_splash1_7":{"translate":[{"time":1.8,"x":-250.24,"y":-104.48}]},"EF_splash1_8":{"translate":[{"time":1.8,"x":-127.7,"y":-113.51}],"scale":[{"time":1.8,"x":-1,"y":1}]},"EF_splash1_9":{"translate":[{"time":1.8,"x":-7.94,"y":-121.25}]},"EF_splash1_10":{"translate":[{"time":1.8,"x":122.17,"y":-128.77}],"scale":[{"time":1.8,"x":-1,"y":1}]},"EF_splash1_11":{"translate":[{"time":1.8,"x":242.69,"y":-133.73}]},"EF_splash1_12":{"translate":[{"time":1.8666,"x":-984.01,"y":-65.6}],"scale":[{"time":1.8666,"x":1.5,"y":1.5}]},"EF_splash1_13":{"translate":[{"time":1.8666,"x":-759.27,"y":-81.14}],"scale":[{"time":1.8666,"x":-1.5,"y":1.5}]},"EF_splash1_14":{"translate":[{"time":1.8666,"x":-612.92,"y":-88.38}],"scale":[{"time":1.8666,"x":1.5,"y":1.5}]},"EF_splash1_15":{"translate":[{"time":1.8666,"x":-511.49,"y":-86.93}],"scale":[{"time":1.8666,"x":-1.5,"y":1.5}]},"EF_splash1_16":{"translate":[{"time":1.8666,"x":-355,"y":-104.32}],"scale":[{"time":1.8666,"x":1.5,"y":1.5}]},"EF_splash1_20":{"translate":[{"time":1.8666,"x":169.53,"y":-115.91}],"scale":[{"time":1.8666,"x":-1.5,"y":1.5}]},"EF_splash1_19":{"translate":[{"time":1.8666,"x":23.18,"y":-108.67}],"scale":[{"time":1.8666,"x":1.5,"y":1.5}]},"EF_splash1_18":{"translate":[{"time":1.8666,"x":-84.04,"y":-101.42}],"scale":[{"time":1.8666,"x":-1.5,"y":1.5}]},"EF_splash1_17":{"translate":[{"time":1.8666,"x":-211.55,"y":-99.98}],"scale":[{"time":1.8666,"x":1.5,"y":1.5}]},"EF_smash1_1":{"rotate":[{"time":1.1,"angle":-6.73}],"translate":[{"time":1.1,"x":-464.36,"y":10.14}],"scale":[{"time":1.1,"x":5.268,"y":5.268}]},"EF_smash2_2":{"translate":[{"time":1.1666,"x":-409.1,"y":-8.85}],"scale":[{"time":1.1666,"x":3.5,"y":3.5}]},"EF_smash2_3":{"rotate":[{"time":1.9333,"angle":-1.47}],"translate":[{"time":1.9333,"x":-634.01,"y":-15.93}],"scale":[{"time":1.9333,"x":3.431,"y":3.431}]}}}}}