{"skeleton":{"hash":"Sn7aSqnwnp6Bpku9+y4r1hfiCVM","spine":"3.0.12","width":700,"height":700},"bones":[{"name":"root"},{"name":"ef","parent":"root"},{"name":"rock","parent":"ef"},{"name":"ef_slash_shake2","parent":"ef","x":150},{"name":"ef_slash_shake","parent":"ef","x":150},{"name":"ef_slash_move","parent":"ef","x":450},{"name":"ef_slash_A","parent":"ef","x":650},{"name":"ef_slash_5","parent":"ef","x":400},{"name":"ef_slash_3","parent":"ef","x":300},{"name":"ef_slash_2","parent":"ef","x":250},{"name":"ef_slash_1","parent":"ef","x":200},{"name":"ef_rot_wave_red","parent":"ef","x":500},{"name":"ef_graund_wave_red","parent":"ef","x":50},{"name":"ef_graund_earth_red2","parent":"ef","x":600},{"name":"ef_graund_earth_red","parent":"ef","x":600},{"name":"ef_graund_earth","parent":"ef","x":550},{"name":"ef_fire_main3","parent":"ef","x":700},{"name":"ef_fire_main2","parent":"ef","x":700},{"name":"ef_fire_main","parent":"ef","x":700},{"name":"ef_dash_red","parent":"ef","x":100},{"name":"EF_eye_shine","parent":"ef"},{"name":"EF_eye","parent":"ef"},{"name":"MAIN3","parent":"root","y":75},{"name":"MAIN2","parent":"root","y":75},{"name":"MAIN","parent":"root","y":75},{"name":"AT_ef","parent":"MAIN"},{"name":"DAMAGEAREA","parent":"root"},{"name":"slash1","parent":"ef"}],"slots":[{"name":"ef_graund_earth","bone":"ef_graund_earth"},{"name":"ef_graund_earth_red","bone":"ef_graund_earth_red","blend":"additive"},{"name":"ef_graund_earth_red2","bone":"ef_graund_earth_red2","blend":"additive"},{"name":"ef_graund_wave_red","bone":"ef_graund_wave_red","blend":"additive"},{"name":"ef_graund_wave_red2","bone":"ef_graund_wave_red","blend":"additive"},{"name":"ef_graund_wave_red3","bone":"ef_graund_wave_red","blend":"additive"},{"name":"ef_rot_wave_red","bone":"ef_rot_wave_red","blend":"additive"},{"name":"ef_rot_wave_red2","bone":"ef_rot_wave_red","blend":"additive"},{"name":"MAIN","bone":"MAIN","attachment":"idle_00"},{"name":"MAIN2","bone":"MAIN2","blend":"additive"},{"name":"MAIN3","bone":"MAIN3","blend":"additive"},{"name":"EF/eye_shine/ef_shine_main_00001","bone":"EF_eye_shine","blend":"additive"},{"name":"EF/sphire","bone":"EF_eye","blend":"additive"},{"name":"attack1_04_ef","bone":"AT_ef"},{"name":"attack1_04_ef2","bone":"AT_ef","blend":"additive"},{"name":"skill1_00_ef","bone":"AT_ef"},{"name":"ef_dash_red","bone":"ef_dash_red","blend":"additive"},{"name":"ef_slash_shake2","bone":"ef_slash_shake2","blend":"additive"},{"name":"ef_slash_shake","bone":"ef_slash_shake","blend":"additive"},{"name":"ef_slash_1","bone":"ef_slash_1","blend":"additive"},{"name":"ef_slash_2","bone":"ef_slash_2","blend":"additive"},{"name":"ef_slash_3","bone":"ef_slash_3","blend":"additive"},{"name":"ef_slash_5","bone":"ef_slash_5","blend":"additive"},{"name":"ef_slash_A","bone":"ef_slash_A","blend":"additive"},{"name":"ef_slash_move","bone":"ef_slash_move","blend":"additive"},{"name":"EF/ef_fire_main/ef_fire_main_00001","bone":"ef_fire_main","blend":"additive"},{"name":"EF/ef_fire_main/ef_fire_main_1","bone":"ef_fire_main2","blend":"additive"},{"name":"EF/ef_fire_main/ef_fire_main_2","bone":"ef_fire_main3","blend":"additive"},{"name":"EF/slash1/9140_A2_slash1_00000","bone":"slash1","blend":"additive"},{"name":"EF/rock1/690_S2_rock1_00000","bone":"rock"},{"name":"DAMAGEAREA","bone":"DAMAGEAREA"},{"name":"down_00","bone":"root"},{"name":"down_01","bone":"root"},{"name":"kneel_00","bone":"root"},{"name":"kneel_01","bone":"root"}],"skins":{"default":{"DAMAGEAREA":{"DAMAGEAREA":{"type":"boundingbox","vertices":[-98.2394,96.76169,-98.2394,-96.17299,98.23541,-97.94301,97.35034,97.6467]}},"EF/ef_fire_main/ef_fire_main_00001":{"EF/ef_fire_main/ef_fire_main_00001":{"width":160,"height":160},"EF/ef_fire_main/ef_fire_main_00002":{"width":160,"height":160},"EF/ef_fire_main/ef_fire_main_00003":{"width":160,"height":160},"EF/ef_fire_main/ef_fire_main_00004":{"width":160,"height":160},"EF/ef_fire_main/ef_fire_main_00005":{"width":160,"height":160},"EF/ef_fire_main/ef_fire_main_00006":{"width":160,"height":160},"EF/ef_fire_main/ef_fire_main_00007":{"width":160,"height":160},"EF/ef_fire_main/ef_fire_main_00008":{"width":160,"height":160},"EF/ef_fire_main/ef_fire_main_00009":{"width":160,"height":160},"EF/ef_fire_main/ef_fire_main_00010":{"width":160,"height":160}},"EF/ef_fire_main/ef_fire_main_1":{"EF/ef_fire_main/ef_fire_main_00001":{"width":160,"height":160},"EF/ef_fire_main/ef_fire_main_00002":{"width":160,"height":160},"EF/ef_fire_main/ef_fire_main_00003":{"width":160,"height":160},"EF/ef_fire_main/ef_fire_main_00004":{"width":160,"height":160},"EF/ef_fire_main/ef_fire_main_00005":{"width":160,"height":160},"EF/ef_fire_main/ef_fire_main_00006":{"width":160,"height":160},"EF/ef_fire_main/ef_fire_main_00007":{"width":160,"height":160},"EF/ef_fire_main/ef_fire_main_00008":{"width":160,"height":160},"EF/ef_fire_main/ef_fire_main_00009":{"width":160,"height":160},"EF/ef_fire_main/ef_fire_main_00010":{"width":160,"height":160}},"EF/ef_fire_main/ef_fire_main_2":{"EF/ef_fire_main/ef_fire_main_00001":{"width":160,"height":160},"EF/ef_fire_main/ef_fire_main_00002":{"width":160,"height":160},"EF/ef_fire_main/ef_fire_main_00003":{"width":160,"height":160},"EF/ef_fire_main/ef_fire_main_00004":{"width":160,"height":160},"EF/ef_fire_main/ef_fire_main_00005":{"width":160,"height":160},"EF/ef_fire_main/ef_fire_main_00006":{"width":160,"height":160},"EF/ef_fire_main/ef_fire_main_00007":{"width":160,"height":160},"EF/ef_fire_main/ef_fire_main_00008":{"width":160,"height":160},"EF/ef_fire_main/ef_fire_main_00009":{"width":160,"height":160},"EF/ef_fire_main/ef_fire_main_00010":{"width":160,"height":160}},"EF/eye_shine/ef_shine_main_00001":{"EF/eye_shine/ef_shine_main_00001":{"width":188,"height":188},"EF/eye_shine/ef_shine_main_00002":{"width":188,"height":188},"EF/eye_shine/ef_shine_main_00008":{"width":188,"height":188},"EF/eye_shine/ef_shine_main_00009":{"width":188,"height":188},"EF/eye_shine/ef_shine_main_00010":{"width":188,"height":188}},"EF/rock1/690_S2_rock1_00000":{"EF/rock1/690_S2_rock1_00000":{"y":56.45,"width":186,"height":186},"EF/rock1/690_S2_rock1_00001":{"y":56.45,"width":186,"height":186},"EF/rock1/690_S2_rock1_00002":{"y":56.45,"width":186,"height":186},"EF/rock1/690_S2_rock1_00003":{"y":56.45,"width":186,"height":186},"EF/rock1/690_S2_rock1_00004":{"y":56.45,"width":186,"height":186},"EF/rock1/690_S2_rock1_00005":{"y":56.45,"width":186,"height":186},"EF/rock1/690_S2_rock1_00006":{"y":56.45,"width":186,"height":186},"EF/rock1/690_S2_rock1_00007":{"y":56.45,"width":186,"height":186},"EF/rock1/690_S2_rock1_00008":{"y":56.45,"width":186,"height":186},"EF/rock1/690_S2_rock1_00009":{"y":56.45,"width":186,"height":186},"EF/rock1/690_S2_rock1_00010":{"y":56.45,"width":186,"height":186}},"EF/slash1/9140_A2_slash1_00000":{"EF/slash1/9140_A2_slash1_00000":{"width":180,"height":180},"EF/slash1/9140_A2_slash1_00001":{"width":180,"height":180},"EF/slash1/9140_A2_slash1_00002":{"width":180,"height":180},"EF/slash1/9140_A2_slash1_00003":{"width":180,"height":180},"EF/slash1/9140_A2_slash1_00004":{"width":180,"height":180}},"EF/sphire":{"EF/sphire":{"width":200,"height":200}},"MAIN":{"attack1_00":{"x":-1.67,"y":-15.17,"scaleX":2,"scaleY":2,"width":350,"height":350},"attack1_01":{"x":-1.67,"y":-15.17,"scaleX":2,"scaleY":2,"width":350,"height":350},"attack1_02":{"x":-1.67,"y":-15.17,"scaleX":2,"scaleY":2,"width":350,"height":350},"attack1_03":{"x":-1.67,"y":-15.17,"scaleX":2,"scaleY":2,"width":350,"height":350},"attack1_04":{"x":-1.67,"y":-15.17,"scaleX":2,"scaleY":2,"width":350,"height":350},"attack1_06":{"x":-1.67,"y":-15.17,"scaleX":2,"scaleY":2,"width":350,"height":350},"attack1_08":{"x":-1.67,"y":-15.17,"scaleX":2,"scaleY":2,"width":350,"height":350},"attack1_09":{"x":-1.67,"y":-15.17,"scaleX":2,"scaleY":2,"width":350,"height":350},"attack1_10":{"x":-1.67,"y":-15.17,"scaleX":2,"scaleY":2,"width":350,"height":350},"attack1_11":{"x":-1.67,"y":-15.17,"scaleX":2,"scaleY":2,"width":350,"height":350},"attack1_12":{"x":-1.67,"y":-15.17,"scaleX":2,"scaleY":2,"width":350,"height":350},"attack1_13":{"x":-6.67,"y":-15.18,"scaleX":2,"scaleY":2,"width":350,"height":350},"attack1_05a":{"x":-1.67,"y":-15.17,"scaleX":2,"scaleY":2,"width":350,"height":350},"attack1_05b":{"x":-1.67,"y":-15.17,"scaleX":2,"scaleY":2,"width":350,"height":350},"attack1_07a":{"x":-1.67,"y":-15.17,"scaleX":2,"scaleY":2,"width":350,"height":350},"attack1_07b":{"x":-1.67,"y":-15.17,"scaleX":2,"scaleY":2,"width":350,"height":350},"back_00":{"x":-1.67,"y":-15.17,"scaleX":2,"scaleY":2,"width":350,"height":350},"damage_00":{"x":-1.67,"y":-15.17,"scaleX":2,"scaleY":2,"width":350,"height":350},"down_00":{"x":-6.67,"y":-15.17,"scaleX":2,"scaleY":2,"width":350,"height":350},"down_01":{"x":-6.67,"y":-15.17,"scaleX":2,"scaleY":2,"width":350,"height":350},"front_00":{"x":-1.67,"y":-15.17,"scaleX":2,"scaleY":2,"width":350,"height":350},"idle2_00":{"x":-6.67,"y":-15.17,"scaleX":2,"scaleY":2,"width":350,"height":350},"idle_00":{"x":-6.67,"y":-15.17,"scaleX":2,"scaleY":2,"width":350,"height":350},"idle_01":{"x":-6.67,"y":-15.17,"scaleX":2,"scaleY":2,"width":350,"height":350},"idle_02":{"x":-6.67,"y":-15.17,"scaleX":2,"scaleY":2,"width":350,"height":350},"idle_03":{"x":-6.67,"y":-15.17,"scaleX":2,"scaleY":2,"width":350,"height":350},"kneel_00":{"x":-6.67,"y":-15.17,"scaleX":2,"scaleY":2,"width":350,"height":350},"kneel_01":{"x":-6.67,"y":-15.17,"scaleX":2,"scaleY":2,"width":350,"height":350},"skill1_00":{"x":-1.67,"y":-15.17,"scaleX":2,"scaleY":2,"width":350,"height":350},"skill1_01":{"x":-1.67,"y":-15.17,"scaleX":2,"scaleY":2,"width":350,"height":350},"skill1_03":{"x":-1.67,"y":-15.17,"scaleX":2,"scaleY":2,"width":350,"height":350},"skill1_02a":{"x":-1.67,"y":-15.17,"scaleX":2,"scaleY":2,"width":350,"height":350},"skill1_02b":{"x":-1.67,"y":-15.17,"scaleX":2,"scaleY":2,"width":350,"height":350},"skill1_04a":{"x":-1.67,"y":-15.17,"scaleX":2,"scaleY":2,"width":350,"height":350},"skill1_04b":{"x":-1.67,"y":-15.17,"scaleX":2,"scaleY":2,"width":350,"height":350},"skill2_00":{"x":-1.67,"y":-15.17,"scaleX":2,"scaleY":2,"width":350,"height":350},"skill2_01":{"x":-1.67,"y":-15.17,"scaleX":2,"scaleY":2,"width":350,"height":350},"skill2_02":{"x":-1.67,"y":-15.17,"scaleX":2,"scaleY":2,"width":350,"height":350},"skill2_03":{"x":-1.67,"y":-15.17,"scaleX":2,"scaleY":2,"width":350,"height":350},"skill2_04":{"x":-1.67,"y":-15.17,"scaleX":2,"scaleY":2,"width":350,"height":350},"skill2_05":{"x":-1.67,"y":-15.17,"scaleX":2,"scaleY":2,"width":350,"height":350},"skill2_06":{"x":-1.67,"y":-15.17,"scaleX":2,"scaleY":2,"width":350,"height":350},"skill2_08":{"x":-1.67,"y":-15.17,"scaleX":2,"scaleY":2,"width":350,"height":350},"skill2_09":{"x":-1.67,"y":-15.17,"scaleX":2,"scaleY":2,"width":350,"height":350},"skill2_07a":{"x":-1.67,"y":-15.17,"scaleX":2,"scaleY":2,"width":350,"height":350},"skill2_07b":{"x":-1.67,"y":-15.17,"scaleX":2,"scaleY":2,"width":350,"height":350},"skill2_10a":{"x":-1.67,"y":-15.17,"scaleX":2,"scaleY":2,"width":350,"height":350},"skill2_10b":{"x":-1.67,"y":-15.17,"scaleX":2,"scaleY":2,"width":350,"height":350},"skill3_00":{"x":-1.67,"y":-15.17,"scaleX":2,"scaleY":2,"width":350,"height":350},"skill3_01a":{"x":-1.67,"y":-15.17,"scaleX":2,"scaleY":2,"width":350,"height":350},"skill3_01b":{"x":-1.67,"y":-15.17,"scaleX":2,"scaleY":2,"width":350,"height":350},"skill3_2_00":{"x":-1.67,"y":-15.17,"scaleX":2,"scaleY":2,"width":350,"height":350},"skill3_2_01":{"x":-1.67,"y":-15.17,"scaleX":2,"scaleY":2,"width":350,"height":350},"skill3_2_02":{"x":-1.67,"y":-15.17,"scaleX":2,"scaleY":2,"width":350,"height":350},"skill3_2_03":{"x":-1.67,"y":-15.17,"scaleX":2,"scaleY":2,"width":350,"height":350},"skill3_2_04":{"x":-1.67,"y":-15.17,"scaleX":2,"scaleY":2,"width":350,"height":350},"skill3_2_05":{"x":-1.67,"y":-15.17,"scaleX":2,"scaleY":2,"width":350,"height":350},"skill3_2_06":{"x":-1.67,"y":-15.17,"scaleX":2,"scaleY":2,"width":350,"height":350},"skill3_2_07":{"x":-1.67,"y":-15.17,"scaleX":2,"scaleY":2,"width":350,"height":350},"skill3_2_08":{"x":-1.67,"y":-15.17,"scaleX":2,"scaleY":2,"width":350,"height":350},"skill3_2_09":{"x":-1.67,"y":-15.17,"scaleX":2,"scaleY":2,"width":350,"height":350},"skill3_2_10a":{"x":-1.67,"y":-15.17,"scaleX":2,"scaleY":2,"width":350,"height":350},"skill3_2_10b":{"x":-1.67,"y":-15.17,"scaleX":2,"scaleY":2,"width":350,"height":350}},"MAIN2":{"attack1_12":{"x":-1.67,"y":-15.17,"scaleX":2,"scaleY":2,"width":350,"height":350}},"MAIN3":{"attack1_12":{"x":-1.67,"y":-15.17,"scaleX":2,"scaleY":2,"width":350,"height":350}},"attack1_04_ef":{"attack1_04_ef":{"x":-1.67,"y":-15.18,"scaleX":2,"scaleY":2,"width":350,"height":350},"attack1_05_ef":{"x":-1.67,"y":-15.18,"scaleX":2,"scaleY":2,"width":350,"height":350},"attack1_09_ef":{"x":-1.67,"y":-15.18,"scaleX":2,"scaleY":2,"width":350,"height":350},"attack1_10_ef":{"x":-1.67,"y":-15.18,"scaleX":2,"scaleY":2,"width":350,"height":350}},"attack1_04_ef2":{"attack1_06_ef":{"x":-1.67,"y":-15.18,"scaleX":2,"scaleY":2,"width":350,"height":350},"attack1_07_ef":{"x":-1.67,"y":-15.18,"scaleX":2,"scaleY":2,"width":350,"height":350}},"ef_dash_red":{"EF/0h/s13_ef_dash_red/ef_dash_red_00001":{"x":-7.16,"y":35.58,"width":500,"height":500},"EF/0h/s13_ef_dash_red/ef_dash_red_00002":{"x":-7.16,"y":35.58,"width":500,"height":500},"EF/0h/s13_ef_dash_red/ef_dash_red_00003":{"x":-7.16,"y":35.58,"width":500,"height":500},"EF/0h/s13_ef_dash_red/ef_dash_red_00004":{"x":-7.16,"y":35.58,"width":500,"height":500},"EF/0h/s13_ef_dash_red/ef_dash_red_00005":{"x":-7.16,"y":35.58,"width":500,"height":500},"EF/0h/s13_ef_dash_red/ef_dash_red_00006":{"x":-7.16,"y":35.58,"width":500,"height":500},"EF/0h/s13_ef_dash_red/ef_dash_red_00007":{"x":-7.16,"y":35.58,"width":500,"height":500},"EF/0h/s13_ef_dash_red/ef_dash_red_00008":{"x":-7.16,"y":35.58,"width":500,"height":500},"EF/0h/s13_ef_dash_red/ef_dash_red_00009":{"x":-7.16,"y":35.58,"width":500,"height":500},"EF/0h/s13_ef_dash_red/ef_dash_red_00010":{"x":-7.16,"y":35.58,"width":500,"height":500},"EF/0h/s13_ef_dash_red/ef_dash_red_00011":{"x":-7.16,"y":35.58,"width":500,"height":500},"EF/0h/s13_ef_dash_red/ef_dash_red_00012":{"x":-7.16,"y":35.58,"width":500,"height":500},"EF/0h/s13_ef_dash_red/ef_dash_red_00013":{"x":-7.16,"y":35.58,"width":500,"height":500}},"ef_graund_earth":{"EF/0h/s3_ef_graund_earth/ef_graund_earth_main_00003":{"y":20.05,"width":320,"height":160},"EF/0h/s3_ef_graund_earth/ef_graund_earth_main_00043":{"y":20.05,"width":320,"height":160},"EF/0h/s3_ef_graund_earth/ef_graund_earth_main_00044":{"y":20.05,"width":320,"height":160}},"ef_graund_earth_red":{"EF/0h/s3_ef_graund_earth_red":{"y":5.69,"width":200,"height":200}},"ef_graund_earth_red2":{"EF/0h/s3_ef_graund_earth_red":{"y":5.69,"width":200,"height":200}},"ef_graund_wave_red":{"EF/0h/s123_ef_graund_wave_red/ef_graund_wave_red_00001":{"y":8.69,"width":200,"height":200},"EF/0h/s123_ef_graund_wave_red/ef_graund_wave_red_00002":{"y":8.69,"width":200,"height":200},"EF/0h/s123_ef_graund_wave_red/ef_graund_wave_red_00003":{"y":8.69,"width":200,"height":200},"EF/0h/s123_ef_graund_wave_red/ef_graund_wave_red_00004":{"y":8.69,"width":200,"height":200},"EF/0h/s123_ef_graund_wave_red/ef_graund_wave_red_00005":{"y":8.69,"width":200,"height":200},"EF/0h/s123_ef_graund_wave_red/ef_graund_wave_red_00006":{"y":8.69,"width":200,"height":200},"EF/0h/s123_ef_graund_wave_red/ef_graund_wave_red_00007":{"y":8.69,"width":200,"height":200},"EF/0h/s123_ef_graund_wave_red/ef_graund_wave_red_00008":{"y":8.69,"width":200,"height":200},"EF/0h/s123_ef_graund_wave_red/ef_graund_wave_red_00009":{"y":8.69,"width":200,"height":200},"EF/0h/s123_ef_graund_wave_red/ef_graund_wave_red_00010":{"y":8.69,"width":200,"height":200},"EF/0h/s123_ef_graund_wave_red/ef_graund_wave_red_00011":{"y":8.69,"width":200,"height":200},"EF/0h/s123_ef_graund_wave_red/ef_graund_wave_red_00012":{"y":8.69,"width":200,"height":200},"EF/0h/s123_ef_graund_wave_red/ef_graund_wave_red_00013":{"y":8.69,"width":200,"height":200},"EF/0h/s123_ef_graund_wave_red/ef_graund_wave_red_00014":{"y":8.69,"width":200,"height":200}},"ef_graund_wave_red2":{"EF/0h/s123_ef_graund_wave_red/ef_graund_wave_red_00001":{"y":8.69,"width":200,"height":200},"EF/0h/s123_ef_graund_wave_red/ef_graund_wave_red_00002":{"y":8.69,"width":200,"height":200},"EF/0h/s123_ef_graund_wave_red/ef_graund_wave_red_00003":{"y":8.69,"width":200,"height":200},"EF/0h/s123_ef_graund_wave_red/ef_graund_wave_red_00004":{"y":8.69,"width":200,"height":200},"EF/0h/s123_ef_graund_wave_red/ef_graund_wave_red_00005":{"y":8.69,"width":200,"height":200},"EF/0h/s123_ef_graund_wave_red/ef_graund_wave_red_00006":{"y":8.69,"width":200,"height":200},"EF/0h/s123_ef_graund_wave_red/ef_graund_wave_red_00007":{"y":8.69,"width":200,"height":200},"EF/0h/s123_ef_graund_wave_red/ef_graund_wave_red_00008":{"y":8.69,"width":200,"height":200},"EF/0h/s123_ef_graund_wave_red/ef_graund_wave_red_00009":{"y":8.69,"width":200,"height":200},"EF/0h/s123_ef_graund_wave_red/ef_graund_wave_red_00010":{"y":8.69,"width":200,"height":200},"EF/0h/s123_ef_graund_wave_red/ef_graund_wave_red_00011":{"y":8.69,"width":200,"height":200},"EF/0h/s123_ef_graund_wave_red/ef_graund_wave_red_00012":{"y":8.69,"width":200,"height":200},"EF/0h/s123_ef_graund_wave_red/ef_graund_wave_red_00013":{"y":8.69,"width":200,"height":200},"EF/0h/s123_ef_graund_wave_red/ef_graund_wave_red_00014":{"y":8.69,"width":200,"height":200}},"ef_graund_wave_red3":{"EF/0h/s123_ef_graund_wave_red/ef_graund_wave_red_00001":{"y":8.69,"width":200,"height":200},"EF/0h/s123_ef_graund_wave_red/ef_graund_wave_red_00002":{"y":8.69,"width":200,"height":200},"EF/0h/s123_ef_graund_wave_red/ef_graund_wave_red_00003":{"y":8.69,"width":200,"height":200},"EF/0h/s123_ef_graund_wave_red/ef_graund_wave_red_00004":{"y":8.69,"width":200,"height":200},"EF/0h/s123_ef_graund_wave_red/ef_graund_wave_red_00005":{"y":8.69,"width":200,"height":200},"EF/0h/s123_ef_graund_wave_red/ef_graund_wave_red_00006":{"y":8.69,"width":200,"height":200},"EF/0h/s123_ef_graund_wave_red/ef_graund_wave_red_00007":{"y":8.69,"width":200,"height":200},"EF/0h/s123_ef_graund_wave_red/ef_graund_wave_red_00008":{"y":8.69,"width":200,"height":200},"EF/0h/s123_ef_graund_wave_red/ef_graund_wave_red_00009":{"y":8.69,"width":200,"height":200},"EF/0h/s123_ef_graund_wave_red/ef_graund_wave_red_00010":{"y":8.69,"width":200,"height":200},"EF/0h/s123_ef_graund_wave_red/ef_graund_wave_red_00011":{"y":8.69,"width":200,"height":200},"EF/0h/s123_ef_graund_wave_red/ef_graund_wave_red_00012":{"y":8.69,"width":200,"height":200},"EF/0h/s123_ef_graund_wave_red/ef_graund_wave_red_00013":{"y":8.69,"width":200,"height":200},"EF/0h/s123_ef_graund_wave_red/ef_graund_wave_red_00014":{"y":8.69,"width":200,"height":200}},"ef_rot_wave_red":{"EF/0h/s3_ef_rot_wave_main/ef_rot_wave_red_00001":{"y":15.5,"width":336,"height":160},"EF/0h/s3_ef_rot_wave_main/ef_rot_wave_red_00002":{"y":15.5,"width":336,"height":160},"EF/0h/s3_ef_rot_wave_main/ef_rot_wave_red_00003":{"y":15.5,"width":336,"height":160},"EF/0h/s3_ef_rot_wave_main/ef_rot_wave_red_00004":{"y":15.5,"width":336,"height":160},"EF/0h/s3_ef_rot_wave_main/ef_rot_wave_red_00005":{"y":15.5,"width":336,"height":160},"EF/0h/s3_ef_rot_wave_main/ef_rot_wave_red_00006":{"y":15.5,"width":336,"height":160},"EF/0h/s3_ef_rot_wave_main/ef_rot_wave_red_00007":{"y":15.5,"width":336,"height":160},"EF/0h/s3_ef_rot_wave_main/ef_rot_wave_red_00008":{"y":15.5,"width":336,"height":160},"EF/0h/s3_ef_rot_wave_main/ef_rot_wave_red_00009":{"y":15.5,"width":336,"height":160},"EF/0h/s3_ef_rot_wave_main/ef_rot_wave_red_00010":{"y":15.5,"width":336,"height":160},"EF/0h/s3_ef_rot_wave_main/ef_rot_wave_red_00011":{"y":15.5,"width":336,"height":160},"EF/0h/s3_ef_rot_wave_main/ef_rot_wave_red_00012":{"y":15.5,"width":336,"height":160},"EF/0h/s3_ef_rot_wave_main/ef_rot_wave_red_00013":{"y":15.5,"width":336,"height":160},"EF/0h/s3_ef_rot_wave_main/ef_rot_wave_red_00014":{"y":15.5,"width":336,"height":160},"EF/0h/s3_ef_rot_wave_main/ef_rot_wave_red_00015":{"y":15.5,"width":336,"height":160}},"ef_rot_wave_red2":{"EF/0h/s3_ef_rot_wave_main/ef_rot_wave_red_00001":{"y":15.5,"width":336,"height":160},"EF/0h/s3_ef_rot_wave_main/ef_rot_wave_red_00002":{"y":15.5,"width":336,"height":160},"EF/0h/s3_ef_rot_wave_main/ef_rot_wave_red_00003":{"y":15.5,"width":336,"height":160},"EF/0h/s3_ef_rot_wave_main/ef_rot_wave_red_00004":{"y":15.5,"width":336,"height":160},"EF/0h/s3_ef_rot_wave_main/ef_rot_wave_red_00005":{"y":15.5,"width":336,"height":160},"EF/0h/s3_ef_rot_wave_main/ef_rot_wave_red_00006":{"y":15.5,"width":336,"height":160},"EF/0h/s3_ef_rot_wave_main/ef_rot_wave_red_00007":{"y":15.5,"width":336,"height":160},"EF/0h/s3_ef_rot_wave_main/ef_rot_wave_red_00008":{"y":15.5,"width":336,"height":160},"EF/0h/s3_ef_rot_wave_main/ef_rot_wave_red_00009":{"y":15.5,"width":336,"height":160},"EF/0h/s3_ef_rot_wave_main/ef_rot_wave_red_00010":{"y":15.5,"width":336,"height":160},"EF/0h/s3_ef_rot_wave_main/ef_rot_wave_red_00011":{"y":15.5,"width":336,"height":160},"EF/0h/s3_ef_rot_wave_main/ef_rot_wave_red_00012":{"y":15.5,"width":336,"height":160},"EF/0h/s3_ef_rot_wave_main/ef_rot_wave_red_00013":{"y":15.5,"width":336,"height":160},"EF/0h/s3_ef_rot_wave_main/ef_rot_wave_red_00014":{"y":15.5,"width":336,"height":160},"EF/0h/s3_ef_rot_wave_main/ef_rot_wave_red_00015":{"y":15.5,"width":336,"height":160}},"ef_slash_1":{"EF/0h/s1_ef_slash_main/ef_slash_main_00001":{"width":196,"height":134},"EF/0h/s1_ef_slash_main/ef_slash_main_00002":{"width":196,"height":134}},"ef_slash_2":{"EF/0h/s2_ef_slash_main2/ef_slash_main 2_00001":{"width":224,"height":168},"EF/0h/s2_ef_slash_main2/ef_slash_main 2_00002":{"width":224,"height":168},"EF/0h/s2_ef_slash_main2/ef_slash_main 2_00003":{"width":224,"height":168},"EF/0h/s2_ef_slash_main2/ef_slash_main 2_00004":{"width":224,"height":168},"EF/0h/s2_ef_slash_main2/ef_slash_main 2_00005":{"width":224,"height":168},"EF/0h/s2_ef_slash_main2/ef_slash_main 2_00006":{"width":224,"height":168},"EF/0h/s2_ef_slash_main2/ef_slash_main 2_00007":{"width":224,"height":168},"EF/0h/s2_ef_slash_main2/ef_slash_main 2_00008":{"width":224,"height":168},"EF/0h/s2_ef_slash_main2/ef_slash_main 2_00009":{"width":224,"height":168}},"ef_slash_3":{"EF/0h/s2_ef_slash_main3/ef_slash_main 3_00001":{"width":224,"height":168},"EF/0h/s2_ef_slash_main3/ef_slash_main 3_00002":{"width":224,"height":168},"EF/0h/s2_ef_slash_main3/ef_slash_main 3_00003":{"width":224,"height":168},"EF/0h/s2_ef_slash_main3/ef_slash_main 3_00004":{"width":224,"height":168},"EF/0h/s2_ef_slash_main3/ef_slash_main 3_00005":{"width":224,"height":168},"EF/0h/s2_ef_slash_main3/ef_slash_main 3_00006":{"width":224,"height":168},"EF/0h/s2_ef_slash_main3/ef_slash_main 3_00007":{"width":224,"height":168},"EF/0h/s2_ef_slash_main3/ef_slash_main 3_00008":{"width":224,"height":168},"EF/0h/s2_ef_slash_main3/ef_slash_main 3_00009":{"width":224,"height":168}},"ef_slash_5":{"EF/0h/s3_ef_slash_main5/ef_slash_main 5_00001":{"width":224,"height":168},"EF/0h/s3_ef_slash_main5/ef_slash_main 5_00002":{"width":224,"height":168},"EF/0h/s3_ef_slash_main5/ef_slash_main 5_00003":{"width":224,"height":168},"EF/0h/s3_ef_slash_main5/ef_slash_main 5_00004":{"width":224,"height":168},"EF/0h/s3_ef_slash_main5/ef_slash_main 5_00005":{"width":224,"height":168},"EF/0h/s3_ef_slash_main5/ef_slash_main 5_00006":{"width":224,"height":168},"EF/0h/s3_ef_slash_main5/ef_slash_main 5_00007":{"width":224,"height":168},"EF/0h/s3_ef_slash_main5/ef_slash_main 5_00008":{"width":224,"height":168},"EF/0h/s3_ef_slash_main5/ef_slash_main 5_00009":{"width":224,"height":168}},"ef_slash_A":{"EF/ef_slash_A_main 3/ef_slash_A_main 3_00001":{"width":180,"height":210},"EF/ef_slash_A_main 3/ef_slash_A_main 3_00002":{"width":180,"height":210},"EF/ef_slash_A_main 3/ef_slash_A_main 3_00003":{"width":180,"height":210},"EF/ef_slash_A_main 3/ef_slash_A_main 3_00004":{"width":180,"height":210},"EF/ef_slash_A_main 3/ef_slash_A_main 3_00005":{"width":180,"height":210},"EF/ef_slash_A_main 3/ef_slash_A_main 3_00006":{"width":180,"height":210},"EF/ef_slash_A_main 3/ef_slash_A_main 3_00007":{"width":180,"height":210},"EF/ef_slash_A_main 3/ef_slash_A_main 3_00008":{"width":180,"height":210},"EF/ef_slash_A_main 3/ef_slash_A_main 3_00009":{"width":180,"height":210},"EF/ef_slash_A_main 3/ef_slash_A_main 3_00010":{"width":180,"height":210},"EF/ef_slash_A_main 3/ef_slash_A_main 3_00011":{"width":180,"height":210}},"ef_slash_move":{"EF/0h/s2_ef_slash_move_main/ef_slash_move_main_00001":{"width":200,"height":200},"EF/0h/s2_ef_slash_move_main/ef_slash_move_main_00002":{"width":200,"height":200},"EF/0h/s2_ef_slash_move_main/ef_slash_move_main_00011":{"width":200,"height":200},"EF/0h/s2_ef_slash_move_main/ef_slash_move_main_00012":{"width":200,"height":200}},"ef_slash_shake":{"EF/0h/s13_ef_slash_shake_main/ef_slash_shake_main_00001":{"width":210,"height":210},"EF/0h/s13_ef_slash_shake_main/ef_slash_shake_main_00002":{"width":210,"height":210},"EF/0h/s13_ef_slash_shake_main/ef_slash_shake_main_00003":{"width":210,"height":210},"EF/0h/s13_ef_slash_shake_main/ef_slash_shake_main_00004":{"width":210,"height":210},"EF/0h/s13_ef_slash_shake_main/ef_slash_shake_main_00005":{"width":210,"height":210},"EF/0h/s13_ef_slash_shake_main/ef_slash_shake_main_00006":{"width":210,"height":210},"EF/0h/s13_ef_slash_shake_main/ef_slash_shake_main_00007":{"width":210,"height":210},"EF/0h/s13_ef_slash_shake_main/ef_slash_shake_main_00008":{"width":210,"height":210},"EF/0h/s13_ef_slash_shake_main/ef_slash_shake_main_00009":{"width":210,"height":210}},"ef_slash_shake2":{"EF/0h/s123_ef_slash_shake_main2/ef_slash_shake_main 2_00001":{"width":200,"height":200},"EF/0h/s123_ef_slash_shake_main2/ef_slash_shake_main 2_00002":{"width":200,"height":200},"EF/0h/s123_ef_slash_shake_main2/ef_slash_shake_main 2_00003":{"width":200,"height":200},"EF/0h/s123_ef_slash_shake_main2/ef_slash_shake_main 2_00004":{"width":200,"height":200},"EF/0h/s123_ef_slash_shake_main2/ef_slash_shake_main 2_00005":{"width":200,"height":200},"EF/0h/s123_ef_slash_shake_main2/ef_slash_shake_main 2_00006":{"width":200,"height":200},"EF/0h/s123_ef_slash_shake_main2/ef_slash_shake_main 2_00007":{"width":200,"height":200},"EF/0h/s123_ef_slash_shake_main2/ef_slash_shake_main 2_00008":{"width":200,"height":200}},"skill1_00_ef":{"skill1_00_ef":{"x":5,"scaleX":2,"scaleY":2,"width":350,"height":350}}}},"events":{"event":{},"event2":{},"hit":{}},"animations":{"attack1":{"slots":{"DAMAGEAREA":{"attachment":[{"time":0.7333,"name":"DAMAGEAREA"},{"time":0.8,"name":null}]},"MAIN":{"attachment":[{"time":0,"name":"idle_00"},{"time":0.0333,"name":"attack1_00"},{"time":0.1,"name":"attack1_01"},{"time":0.1333,"name":"attack1_02"},{"time":0.1666,"name":"attack1_03"},{"time":0.2,"name":"attack1_04"},{"time":0.2666,"name":"attack1_05a"},{"time":0.3333,"name":"attack1_05b"},{"time":0.4333,"name":"attack1_05a"},{"time":0.5333,"name":"attack1_05b"},{"time":0.6333,"name":"attack1_05a"},{"time":0.7333,"name":"attack1_06"},{"time":0.7666,"name":"attack1_07a"},{"time":0.8333,"name":"attack1_07b"},{"time":0.9,"name":"attack1_08"},{"time":0.9333,"name":"attack1_09"},{"time":1,"name":"attack1_10"},{"time":1.0666,"name":"attack1_11"},{"time":1.1333,"name":"attack1_12"},{"time":1.2666,"name":"attack1_13"},{"time":1.3666,"name":"idle_02"},{"time":1.5,"name":"idle_03"},{"time":1.6333,"name":"idle_00"}]},"attack1_04_ef":{"attachment":[{"time":0.2,"name":"attack1_04_ef"},{"time":0.2666,"name":"attack1_05_ef"},{"time":0.3333,"name":null},{"time":0.9333,"name":"attack1_09_ef"},{"time":1,"name":"attack1_10_ef"},{"time":1.0666,"name":null}],"color":[{"time":0.2666,"color":"ffffffff"},{"time":0.3333,"color":"ffffff00","curve":"stepped"},{"time":0.7333,"color":"ffffffff"}]},"attack1_04_ef2":{"attachment":[{"time":0.7333,"name":"attack1_06_ef"},{"time":0.7666,"name":"attack1_07_ef"},{"time":0.8,"name":null}]}},"bones":{"MAIN":{"translate":[{"time":0,"x":0,"y":0,"curve":"stepped"},{"time":0.0333,"x":-10,"y":0,"curve":"stepped"},{"time":0.7333,"x":-10,"y":0},{"time":0.7666,"x":-25,"y":0,"curve":[0.061,0.84,0.75,1]},{"time":0.8,"x":-10,"y":0,"curve":"stepped"},{"time":1.2666,"x":0,"y":0}]},"AT_ef":{"rotate":[{"time":0.2666,"angle":0},{"time":0.3,"angle":24.29,"curve":"stepped"},{"time":0.3333,"angle":0,"curve":"stepped"},{"time":0.7333,"angle":0}],"translate":[{"time":0.2666,"x":0,"y":0},{"time":0.3,"x":28.8,"y":-37.79,"curve":"stepped"},{"time":0.3333,"x":0,"y":0,"curve":"stepped"},{"time":0.7333,"x":0,"y":0}],"scale":[{"time":0.2666,"x":1,"y":1},{"time":0.3,"x":0.66,"y":0.577,"curve":"stepped"},{"time":0.3333,"x":1,"y":1,"curve":"stepped"},{"time":0.7333,"x":1,"y":1}]},"DAMAGEAREA":{"translate":[{"time":0.7333,"x":-142.48,"y":82.3}],"scale":[{"time":0.7333,"x":1.973,"y":1.23}]}},"events":[{"time":0.7333,"name":"hit"}]},"back":{"slots":{"MAIN":{"attachment":[{"time":0,"name":"back_00"},{"time":0.2333,"name":"skill3_00"},{"time":0.3,"name":"skill3_01b"},{"time":0.3666,"name":"skill3_01a"},{"time":0.5,"name":"skill3_00"},{"time":0.5666,"name":"idle_02"},{"time":0.6666,"name":"idle_03"},{"time":0.7666,"name":"idle_00"}]}},"bones":{"MAIN":{"translate":[{"time":0,"x":0,"y":0},{"time":0.1333,"x":62.5,"y":20},{"time":0.2666,"x":125,"y":0,"curve":[0.074,0.81,0.679,1]},{"time":0.5,"x":140,"y":0}]}}},"damage":{"slots":{"MAIN":{"attachment":[{"time":0,"name":"damage_00"}]}}},"down":{"slots":{"MAIN":{"attachment":[{"time":0,"name":"down_00"}]}}},"down2":{"slots":{"MAIN":{"attachment":[{"time":0,"name":"down_01"},{"time":0.1666,"name":"down_00"}]}}},"front":{"slots":{"MAIN":{"attachment":[{"time":0,"name":"front_00"}]}}},"idle":{"slots":{"MAIN":{"attachment":[{"time":0,"name":"idle_00"},{"time":0.2,"name":"idle_01"},{"time":0.4,"name":"idle_02"},{"time":0.6,"name":"idle_03"},{"time":0.8,"name":"idle_00"}]}},"events":[{"time":0,"name":"event"}]},"idle2":{"slots":{"MAIN":{"attachment":[{"time":0,"name":"idle2_00"}]}}},"in":{"slots":{"MAIN":{"attachment":[{"time":0,"name":"back_00"},{"time":0.3666,"name":"skill1_00"},{"time":0.4,"name":"skill1_01"},{"time":0.4666,"name":"skill1_02a"},{"time":0.5666,"name":"skill1_02b"},{"time":0.6666,"name":"skill1_01"},{"time":0.7333,"name":"attack1_04"},{"time":0.8,"name":"attack1_03"},{"time":0.8333,"name":"attack1_02"},{"time":0.8666,"name":"attack1_01"},{"time":0.9333,"name":"attack1_00"},{"time":1,"name":"idle_02"},{"time":1.1,"name":"idle_03"},{"time":1.2,"name":"idle_00"}],"color":[{"time":0,"color":"ffffff00"},{"time":0.2,"color":"ffffffff"}]}},"bones":{"MAIN":{"rotate":[{"time":0,"angle":18.72,"curve":"stepped"},{"time":0.3666,"angle":0,"curve":"stepped"},{"time":1,"angle":0}],"translate":[{"time":0,"x":0,"y":300,"curve":[0.25,0,0.75,1]},{"time":0.3666,"x":0,"y":0},{"time":0.4333,"x":0,"y":-5},{"time":0.5,"x":0,"y":0,"curve":"stepped"},{"time":0.7333,"x":-7.9,"y":0,"curve":"stepped"},{"time":1,"x":0,"y":0}],"scale":[{"time":1.2,"x":1,"y":1}]}}},"kneel":{"slots":{"MAIN":{"attachment":[{"time":0,"name":"kneel_00"}]}}},"kneel2":{"slots":{"MAIN":{"attachment":[{"time":0,"name":"idle2_00"},{"time":0.1666,"name":"kneel_01"},{"time":0.2666,"name":"kneel_00"}]}}},"skill1":{"slots":{"DAMAGEAREA":{"attachment":[{"time":1.4333,"name":"DAMAGEAREA"},{"time":1.7,"name":null}]},"EF/ef_fire_main/ef_fire_main_00001":{"attachment":[{"time":1.4,"name":"EF/ef_fire_main/ef_fire_main_00001"},{"time":1.4333,"name":"EF/ef_fire_main/ef_fire_main_00002"},{"time":1.4666,"name":"EF/ef_fire_main/ef_fire_main_00003"},{"time":1.5,"name":"EF/ef_fire_main/ef_fire_main_00004"},{"time":1.5333,"name":"EF/ef_fire_main/ef_fire_main_00005"},{"time":1.5666,"name":"EF/ef_fire_main/ef_fire_main_00006"},{"time":1.6,"name":"EF/ef_fire_main/ef_fire_main_00007"},{"time":1.6333,"name":"EF/ef_fire_main/ef_fire_main_00008"},{"time":1.6666,"name":"EF/ef_fire_main/ef_fire_main_00009"},{"time":1.7,"name":"EF/ef_fire_main/ef_fire_main_00010"},{"time":1.7333,"name":null}],"color":[{"time":1.6333,"color":"ffffffff"},{"time":1.7333,"color":"ffffff00"}]},"EF/ef_fire_main/ef_fire_main_1":{"attachment":[{"time":1.4333,"name":"EF/ef_fire_main/ef_fire_main_00001"},{"time":1.4666,"name":"EF/ef_fire_main/ef_fire_main_00002"},{"time":1.5,"name":"EF/ef_fire_main/ef_fire_main_00003"},{"time":1.5333,"name":"EF/ef_fire_main/ef_fire_main_00004"},{"time":1.5666,"name":"EF/ef_fire_main/ef_fire_main_00005"},{"time":1.6,"name":"EF/ef_fire_main/ef_fire_main_00006"},{"time":1.6333,"name":"EF/ef_fire_main/ef_fire_main_00007"},{"time":1.6666,"name":"EF/ef_fire_main/ef_fire_main_00008"},{"time":1.7,"name":"EF/ef_fire_main/ef_fire_main_00009"},{"time":1.7333,"name":"EF/ef_fire_main/ef_fire_main_00010"},{"time":1.7666,"name":null}]},"MAIN":{"attachment":[{"time":0,"name":"idle_00"},{"time":0.0666,"name":"attack1_00"},{"time":0.1666,"name":"attack1_01"},{"time":0.2,"name":"attack1_02"},{"time":0.2333,"name":"attack1_03"},{"time":0.3,"name":"attack1_04"},{"time":0.3666,"name":"skill1_00"},{"time":0.4333,"name":"skill1_01"},{"time":0.5,"name":"skill1_02a"},{"time":0.5666,"name":"skill1_02b"},{"time":0.6666,"name":"skill1_02a"},{"time":0.7666,"name":"skill1_02b"},{"time":0.8666,"name":"skill1_02a"},{"time":0.9666,"name":"skill1_02b"},{"time":1.0666,"name":"skill1_02a"},{"time":1.1666,"name":"skill1_02b"},{"time":1.2666,"name":"skill1_02a"},{"time":1.3666,"name":"skill1_02b"},{"time":1.4333,"name":"skill1_03"},{"time":1.5,"name":"skill1_04a"},{"time":1.5666,"name":"skill1_04b"},{"time":1.6333,"name":"skill1_04a"},{"time":1.7,"name":"skill1_04b"},{"time":1.7666,"name":"skill1_04a"},{"time":1.8666,"name":"skill1_04b"},{"time":1.9666,"name":"skill1_04a"},{"time":2.1,"name":"skill1_04b"},{"time":2.3,"name":"attack1_09"},{"time":2.3666,"name":"attack1_10"},{"time":2.4333,"name":"attack1_11"},{"time":2.5,"name":"attack1_12"},{"time":2.6333,"name":"attack1_13"},{"time":2.7333,"name":"idle_02"},{"time":2.8666,"name":"idle_03"},{"time":3,"name":"idle_00"}]},"attack1_04_ef":{"attachment":[{"time":0.3,"name":"attack1_04_ef"},{"time":0.3666,"name":null},{"time":2.3,"name":"attack1_09_ef"},{"time":2.3666,"name":"attack1_10_ef"},{"time":2.4333,"name":null}]},"ef_dash_red":{"attachment":[{"time":1.4333,"name":"EF/0h/s13_ef_dash_red/ef_dash_red_00001"},{"time":1.4666,"name":"EF/0h/s13_ef_dash_red/ef_dash_red_00002"},{"time":1.5,"name":"EF/0h/s13_ef_dash_red/ef_dash_red_00003"},{"time":1.5333,"name":"EF/0h/s13_ef_dash_red/ef_dash_red_00004"},{"time":1.5666,"name":"EF/0h/s13_ef_dash_red/ef_dash_red_00005"},{"time":1.6,"name":"EF/0h/s13_ef_dash_red/ef_dash_red_00006"},{"time":1.6333,"name":"EF/0h/s13_ef_dash_red/ef_dash_red_00007"},{"time":1.6666,"name":"EF/0h/s13_ef_dash_red/ef_dash_red_00008"},{"time":1.7,"name":"EF/0h/s13_ef_dash_red/ef_dash_red_00009"},{"time":1.7333,"name":"EF/0h/s13_ef_dash_red/ef_dash_red_00010"},{"time":1.7666,"name":"EF/0h/s13_ef_dash_red/ef_dash_red_00011"},{"time":1.8,"name":"EF/0h/s13_ef_dash_red/ef_dash_red_00012"},{"time":1.8333,"name":"EF/0h/s13_ef_dash_red/ef_dash_red_00013"},{"time":1.8666,"name":null}]},"ef_graund_wave_red":{"attachment":[{"time":1.4,"name":"EF/0h/s123_ef_graund_wave_red/ef_graund_wave_red_00001"},{"time":1.4333,"name":"EF/0h/s123_ef_graund_wave_red/ef_graund_wave_red_00002"},{"time":1.4666,"name":"EF/0h/s123_ef_graund_wave_red/ef_graund_wave_red_00003"},{"time":1.5,"name":"EF/0h/s123_ef_graund_wave_red/ef_graund_wave_red_00004"},{"time":1.5333,"name":"EF/0h/s123_ef_graund_wave_red/ef_graund_wave_red_00005"},{"time":1.5666,"name":"EF/0h/s123_ef_graund_wave_red/ef_graund_wave_red_00006"},{"time":1.6,"name":"EF/0h/s123_ef_graund_wave_red/ef_graund_wave_red_00007"},{"time":1.6333,"name":"EF/0h/s123_ef_graund_wave_red/ef_graund_wave_red_00008"},{"time":1.6666,"name":"EF/0h/s123_ef_graund_wave_red/ef_graund_wave_red_00009"},{"time":1.7,"name":"EF/0h/s123_ef_graund_wave_red/ef_graund_wave_red_00010"},{"time":1.7333,"name":"EF/0h/s123_ef_graund_wave_red/ef_graund_wave_red_00011"},{"time":1.7666,"name":"EF/0h/s123_ef_graund_wave_red/ef_graund_wave_red_00012"},{"time":1.8,"name":"EF/0h/s123_ef_graund_wave_red/ef_graund_wave_red_00013"},{"time":1.8333,"name":"EF/0h/s123_ef_graund_wave_red/ef_graund_wave_red_00014"},{"time":1.8666,"name":null}]},"ef_slash_1":{"attachment":[{"time":1.4,"name":"EF/0h/s1_ef_slash_main/ef_slash_main_00001"},{"time":1.4333,"name":"EF/0h/s1_ef_slash_main/ef_slash_main_00002"},{"time":1.5666,"name":null}],"color":[{"time":1.5,"color":"ffffffff"},{"time":1.5666,"color":"ffffff00"}]},"ef_slash_A":{"attachment":[{"time":1.4333,"name":"EF/ef_slash_A_main 3/ef_slash_A_main 3_00003"},{"time":1.4666,"name":"EF/ef_slash_A_main 3/ef_slash_A_main 3_00004"},{"time":1.5,"name":"EF/ef_slash_A_main 3/ef_slash_A_main 3_00005"},{"time":1.5333,"name":"EF/ef_slash_A_main 3/ef_slash_A_main 3_00006"},{"time":1.5666,"name":"EF/ef_slash_A_main 3/ef_slash_A_main 3_00007"},{"time":1.6,"name":"EF/ef_slash_A_main 3/ef_slash_A_main 3_00008"},{"time":1.6333,"name":"EF/ef_slash_A_main 3/ef_slash_A_main 3_00010"},{"time":1.6666,"name":null}]},"ef_slash_shake":{"attachment":[{"time":0.2333,"name":"EF/0h/s13_ef_slash_shake_main/ef_slash_shake_main_00001"},{"time":0.2666,"name":"EF/0h/s13_ef_slash_shake_main/ef_slash_shake_main_00002"},{"time":0.3,"name":"EF/0h/s13_ef_slash_shake_main/ef_slash_shake_main_00003"},{"time":0.3333,"name":"EF/0h/s13_ef_slash_shake_main/ef_slash_shake_main_00004"},{"time":0.3666,"name":"EF/0h/s13_ef_slash_shake_main/ef_slash_shake_main_00005"},{"time":0.4,"name":"EF/0h/s13_ef_slash_shake_main/ef_slash_shake_main_00006"},{"time":0.4333,"name":"EF/0h/s13_ef_slash_shake_main/ef_slash_shake_main_00007"},{"time":0.4666,"name":"EF/0h/s13_ef_slash_shake_main/ef_slash_shake_main_00008"},{"time":0.5,"name":"EF/0h/s13_ef_slash_shake_main/ef_slash_shake_main_00009"},{"time":0.5333,"name":null}]},"ef_slash_shake2":{"attachment":[{"time":1.4333,"name":"EF/0h/s123_ef_slash_shake_main2/ef_slash_shake_main 2_00001"},{"time":1.4666,"name":"EF/0h/s123_ef_slash_shake_main2/ef_slash_shake_main 2_00002"},{"time":1.5,"name":"EF/0h/s123_ef_slash_shake_main2/ef_slash_shake_main 2_00003"},{"time":1.5333,"name":"EF/0h/s123_ef_slash_shake_main2/ef_slash_shake_main 2_00004"},{"time":1.5666,"name":"EF/0h/s123_ef_slash_shake_main2/ef_slash_shake_main 2_00005"},{"time":1.6,"name":"EF/0h/s123_ef_slash_shake_main2/ef_slash_shake_main 2_00006"},{"time":1.6333,"name":"EF/0h/s123_ef_slash_shake_main2/ef_slash_shake_main 2_00007"},{"time":1.6666,"name":"EF/0h/s123_ef_slash_shake_main2/ef_slash_shake_main 2_00008"},{"time":1.7,"name":null},{"time":2.3,"name":"EF/0h/s123_ef_slash_shake_main2/ef_slash_shake_main 2_00001"},{"time":2.3333,"name":"EF/0h/s123_ef_slash_shake_main2/ef_slash_shake_main 2_00002"},{"time":2.3666,"name":"EF/0h/s123_ef_slash_shake_main2/ef_slash_shake_main 2_00003"},{"time":2.4,"name":"EF/0h/s123_ef_slash_shake_main2/ef_slash_shake_main 2_00004"},{"time":2.4333,"name":"EF/0h/s123_ef_slash_shake_main2/ef_slash_shake_main 2_00005"},{"time":2.4666,"name":"EF/0h/s123_ef_slash_shake_main2/ef_slash_shake_main 2_00006"},{"time":2.5,"name":"EF/0h/s123_ef_slash_shake_main2/ef_slash_shake_main 2_00007"},{"time":2.5333,"name":"EF/0h/s123_ef_slash_shake_main2/ef_slash_shake_main 2_00008"},{"time":2.5666,"name":null}],"color":[{"time":2.4333,"color":"ffffffff"},{"time":2.5666,"color":"ffffff00"}]},"skill1_00_ef":{"attachment":[{"time":0.3666,"name":"skill1_00_ef"},{"time":0.4333,"name":null}]}},"bones":{"MAIN":{"translate":[{"time":0,"x":0,"y":0,"curve":"stepped"},{"time":0.0666,"x":-10,"y":0,"curve":"stepped"},{"time":0.3,"x":-10,"y":0,"curve":[0.085,0.57,0.75,1]},{"time":0.5,"x":15,"y":0,"curve":"stepped"},{"time":1.4333,"x":-5,"y":0},{"time":1.4666,"x":-15,"y":0,"curve":[0.087,0.68,0.75,1]},{"time":1.5333,"x":-5,"y":0,"curve":"stepped"},{"time":2.3,"x":-10,"y":-3.52},{"time":2.3666,"x":-10,"y":0,"curve":"stepped"},{"time":2.6333,"x":0,"y":0}],"scale":[{"time":2.3,"x":1,"y":0.964},{"time":2.3666,"x":1,"y":1}]},"ef_slash_shake":{"translate":[{"time":0.2333,"x":-163.13,"y":88.25,"curve":"stepped"},{"time":0.3333,"x":-163.13,"y":88.25},{"time":0.3666,"x":-149.4,"y":88.25}],"scale":[{"time":0.2333,"x":1.5,"y":1.5}]},"ef_slash_1":{"rotate":[{"time":1.4,"angle":-9.39}],"translate":[{"time":1.4,"x":-200,"y":0},{"time":1.4333,"x":-260.22,"y":58.54}],"scale":[{"time":1.4,"x":1,"y":1},{"time":1.4333,"x":4.629,"y":4.629},{"time":1.5,"x":5.068,"y":6.367}]},"ef_slash_A":{"rotate":[{"time":1.4333,"angle":38.94}],"translate":[{"time":1.4333,"x":-765.32,"y":49.85}],"scale":[{"time":1.4333,"x":3.594,"y":-4.228}]},"ef_graund_wave_red":{"translate":[{"time":1.4,"x":-50,"y":-7.89}],"scale":[{"time":1.4,"x":3,"y":3},{"time":1.8333,"x":5,"y":5}]},"ef_dash_red":{"translate":[{"time":1.4333,"x":-26.21,"y":-9.25}],"scale":[{"time":1.4333,"x":2,"y":2}]},"ef_fire_main":{"rotate":[{"time":1.4,"angle":-71.63}],"translate":[{"time":1.4,"x":-697.06,"y":81.03},{"time":1.4666,"x":-808.7,"y":63.91}],"scale":[{"time":1.4,"x":2,"y":2},{"time":1.4333,"x":4,"y":4}]},"ef_fire_main2":{"rotate":[{"time":1.4333,"angle":20.02},{"time":1.5,"angle":29.24}],"translate":[{"time":1.4333,"x":-809.75,"y":97.14},{"time":1.5,"x":-825.13,"y":64.34}],"scale":[{"time":1.4333,"x":1,"y":-1}]},"ef_slash_shake2":{"rotate":[{"time":1.4333,"angle":0},{"time":1.5,"angle":132.51,"curve":"stepped"},{"time":2.3,"angle":0}],"translate":[{"time":1.4333,"x":-306.7,"y":105.58,"curve":"stepped"},{"time":1.5,"x":-291.62,"y":52.79,"curve":"stepped"},{"time":2.3,"x":-208.32,"y":92.15,"curve":[0.53,0,0.75,1]},{"time":2.3666,"x":-219.07,"y":81.79}],"scale":[{"time":1.4333,"x":3,"y":-3,"curve":"stepped"},{"time":1.5,"x":4.192,"y":-5.683,"curve":"stepped"},{"time":2.3,"x":2.5,"y":2.5}]},"DAMAGEAREA":{"translate":[{"time":1.4333,"x":-123.37,"y":77.06}],"scale":[{"time":1.4333,"x":3.105,"y":2.107},{"time":1.5333,"x":3.855,"y":2.616}]}},"events":[{"time":1.3666,"name":"event","float":0.3,"string":"kHitStopType_normal"},{"time":1.4666,"name":"event2","float":1,"string":"shakeGround"},{"time":1.5,"name":"event","string":"kHitStopType_none"},{"time":1.5333,"name":"hit","string":"resetHitList"},{"time":1.5666,"name":"hit","string":"resetHitList"}]}}}