{"skeleton":{"hash":"lQcZsXFCl2auaSnlYS4wNHS5LOA","spine":"3.0.12","width":512,"height":512},"bones":[{"name":"root"},{"name":"MAIN_EF","parent":"root"},{"name":"magic_1fire2","parent":"MAIN_EF","x":500,"y":500},{"name":"magic_1fire","parent":"MAIN_EF","x":500,"y":500},{"name":"ef_wind_slash_red","parent":"MAIN_EF","x":300,"y":400},{"name":"ef_wave_main_red4","parent":"MAIN_EF","x":300,"y":300},{"name":"ef_wave_main_red3","parent":"MAIN_EF","x":300,"y":300},{"name":"ef_wave_main_red2","parent":"MAIN_EF","x":300,"y":300},{"name":"ef_wave_main_red","parent":"MAIN_EF","x":300,"y":300},{"name":"ef_smash_wave_main_b","parent":"MAIN_EF","x":400,"y":600},{"name":"ef_smash_wave_main_a4","parent":"MAIN_EF","x":400,"y":500},{"name":"ef_smash_wave_main_a3","parent":"MAIN_EF","x":400,"y":500},{"name":"ef_smash_wave_main_a2","parent":"MAIN_EF","x":400,"y":500},{"name":"ef_smash_wave_main_a","parent":"MAIN_EF","x":400,"y":500},{"name":"ef_smash_sprash_main2","parent":"MAIN_EF","x":400,"y":400},{"name":"ef_smash_sprash_main","parent":"MAIN_EF","x":400,"y":400},{"name":"ef_smash_attack_main4","parent":"MAIN_EF","x":400,"y":300},{"name":"ef_smash_attack_main3","parent":"MAIN_EF","x":400,"y":300},{"name":"ef_smash_attack_main2","parent":"MAIN_EF","x":400,"y":300},{"name":"ef_smash_attack_main","parent":"MAIN_EF","x":400,"y":300},{"name":"ef_rot_wave","parent":"MAIN_EF","x":400},{"name":"ef_power","parent":"MAIN_EF","x":300,"y":200},{"name":"ef_graund_ex_main4","parent":"MAIN_EF","x":400,"y":200},{"name":"ef_graund_ex_main3","parent":"MAIN_EF","x":400,"y":200},{"name":"ef_graund_ex_main2","parent":"MAIN_EF","x":400,"y":200},{"name":"ef_graund_ex_main","parent":"MAIN_EF","x":400,"y":200},{"name":"ef_graund_aura_main","parent":"MAIN_EF","x":600},{"name":"ef_dash_main2","parent":"MAIN_EF","x":500},{"name":"ef_dash_main","parent":"MAIN_EF","x":500},{"name":"MAIN_graund_wave_A_red3","parent":"MAIN_EF","x":700},{"name":"MAIN_graund_wave_A_red2","parent":"MAIN_EF","x":700},{"name":"MAIN_graund_wave_A_red","parent":"MAIN_EF","x":700},{"name":"MAIN","parent":"root","y":67}],"slots":[{"name":"ef_graund_ex_main","bone":"ef_graund_ex_main","blend":"additive"},{"name":"ef_graund_ex_main2","bone":"ef_graund_ex_main2","blend":"additive"},{"name":"ef_graund_ex_main3","bone":"ef_graund_ex_main3","blend":"additive"},{"name":"ef_graund_ex_main4","bone":"ef_graund_ex_main4","blend":"additive"},{"name":"graund_wave_A_red","bone":"MAIN_graund_wave_A_red","blend":"additive"},{"name":"graund_wave_A_red2","bone":"MAIN_graund_wave_A_red2","blend":"additive"},{"name":"graund_wave_A_red3","bone":"MAIN_graund_wave_A_red3","blend":"additive"},{"name":"ef_rot_wave","bone":"ef_rot_wave","blend":"additive"},{"name":"magic_1fire","bone":"magic_1fire","blend":"additive"},{"name":"magic_1fire2","bone":"magic_1fire2","blend":"additive"},{"name":"MAIN","bone":"MAIN","attachment":"idle_00"},{"name":"ef_graund_aura_main","bone":"ef_graund_aura_main","blend":"additive"},{"name":"ef_dash_main","bone":"ef_dash_main","blend":"additive"},{"name":"ef_dash_main2","bone":"ef_dash_main2","blend":"additive"},{"name":"ef_power","bone":"ef_power","blend":"additive"},{"name":"ef_smash_attack_main","bone":"ef_smash_attack_main","blend":"additive"},{"name":"ef_smash_attack_main2","bone":"ef_smash_attack_main2","blend":"additive"},{"name":"ef_smash_attack_main3","bone":"ef_smash_attack_main3","blend":"additive"},{"name":"ef_smash_attack_main4","bone":"ef_smash_attack_main4","blend":"additive"},{"name":"ef_smash_sprash_main","bone":"ef_smash_sprash_main","blend":"additive"},{"name":"ef_smash_sprash_main2","bone":"ef_smash_sprash_main2","blend":"additive"},{"name":"ef_smash_wave_main_a2","bone":"ef_smash_wave_main_a2","blend":"additive"},{"name":"ef_smash_wave_main_a3","bone":"ef_smash_wave_main_a3","blend":"additive"},{"name":"ef_smash_wave_main_a4","bone":"ef_smash_wave_main_a4","blend":"additive"},{"name":"ef_smash_wave_main_b","bone":"ef_smash_wave_main_b","blend":"additive"},{"name":"ef_smash_wave_main","bone":"ef_smash_wave_main_a","blend":"additive"},{"name":"ef_wave_main_red","bone":"ef_wave_main_red","blend":"additive"},{"name":"ef_wave_main_red3","bone":"ef_wave_main_red3","blend":"additive"},{"name":"ef_wave_main_red4","bone":"ef_wave_main_red4","blend":"additive"},{"name":"ef_wave_main_red2","bone":"ef_wave_main_red2","blend":"additive"},{"name":"ef_wind_slash_red","bone":"ef_wind_slash_red","blend":"additive"}],"skins":{"default":{"MAIN":{"attack1_00":{"x":-24.41,"y":-4.03,"scaleX":2,"scaleY":2,"width":256,"height":256},"attack1_01":{"x":-24.41,"y":-4.03,"scaleX":2,"scaleY":2,"width":256,"height":256},"attack1_02":{"x":-24.41,"y":-4.03,"scaleX":2,"scaleY":2,"width":256,"height":256},"attack1_03":{"x":-24.41,"y":-4.03,"scaleX":2,"scaleY":2,"width":256,"height":256},"attack1_04":{"x":-24.41,"y":-4.03,"scaleX":2,"scaleY":2,"width":256,"height":256},"attack1_05":{"x":-24.41,"y":-4.03,"scaleX":2,"scaleY":2,"width":256,"height":256},"back_00":{"x":-24.41,"y":-4.03,"scaleX":2,"scaleY":2,"width":256,"height":256},"damage_00":{"x":-24.41,"y":-4.03,"scaleX":2,"scaleY":2,"width":256,"height":256},"front_00":{"x":-24.41,"y":-4.03,"scaleX":2,"scaleY":2,"width":256,"height":256},"idle_00":{"x":-24.41,"y":-4.03,"scaleX":2,"scaleY":2,"width":256,"height":256},"idle_01":{"x":-24.41,"y":-4.03,"scaleX":2,"scaleY":2,"width":256,"height":256},"idle_02":{"x":-24.41,"y":-4.03,"scaleX":2,"scaleY":2,"width":256,"height":256},"idle_03":{"x":-24.41,"y":-4.03,"scaleX":2,"scaleY":2,"width":256,"height":256},"skill1_00":{"x":-24.41,"y":-4.03,"scaleX":2,"scaleY":2,"width":256,"height":256},"skill1_01":{"x":-24.41,"y":-4.03,"scaleX":2,"scaleY":2,"width":256,"height":256},"skill1_02":{"x":-24.41,"y":-4.03,"scaleX":2,"scaleY":2,"width":256,"height":256},"skill1_03":{"x":-24.41,"y":-4.03,"scaleX":2,"scaleY":2,"width":256,"height":256},"skill1_04":{"x":-24.41,"y":-4.03,"scaleX":2,"scaleY":2,"width":256,"height":256},"skill1_05":{"x":-24.41,"y":-4.03,"scaleX":2,"scaleY":2,"width":256,"height":256},"skill1_06":{"x":-24.41,"y":-4.03,"scaleX":2,"scaleY":2,"width":256,"height":256},"skill1_07":{"x":-24.41,"y":-4.03,"scaleX":2,"scaleY":2,"width":256,"height":256},"skill1_08":{"x":-24.41,"y":-4.03,"scaleX":2,"scaleY":2,"width":256,"height":256},"skill1_09":{"x":-24.41,"y":-4.03,"scaleX":2,"scaleY":2,"width":256,"height":256},"skill1_10":{"x":-24.41,"y":-4.03,"scaleX":2,"scaleY":2,"width":256,"height":256},"skill2_00":{"x":-24.41,"y":-4.03,"scaleX":2,"scaleY":2,"width":256,"height":256},"skill2_01":{"x":-24.41,"y":-4.03,"scaleX":2,"scaleY":2,"width":256,"height":256},"skill2_02":{"x":-24.41,"y":-4.03,"scaleX":2,"scaleY":2,"width":256,"height":256},"skill2_04":{"x":-24.41,"y":-4.03,"scaleX":2,"scaleY":2,"width":256,"height":256},"skill2_05":{"x":-24.41,"y":-4.03,"scaleX":2,"scaleY":2,"width":256,"height":256},"skill2_06":{"x":-24.41,"y":-4.03,"scaleX":2,"scaleY":2,"width":256,"height":256},"skill2_07":{"x":-24.41,"y":-4.03,"scaleX":2,"scaleY":2,"width":256,"height":256},"skill2_08":{"x":-24.41,"y":-4.03,"scaleX":2,"scaleY":2,"width":256,"height":256},"skill2_09":{"x":-24.41,"y":-4.03,"scaleX":2,"scaleY":2,"width":256,"height":256},"skill2_10":{"x":-24.41,"y":-4.03,"scaleX":2,"scaleY":2,"width":256,"height":256},"skill2_11":{"x":-24.41,"y":-4.03,"scaleX":2,"scaleY":2,"width":256,"height":256},"skill2_12":{"x":-24.41,"y":-4.03,"scaleX":2,"scaleY":2,"width":256,"height":256},"skill2_13":{"x":-24.41,"y":-4.03,"scaleX":2,"scaleY":2,"width":256,"height":256},"skill2_03a":{"x":-24.41,"y":-4.03,"scaleX":2,"scaleY":2,"width":256,"height":256},"skill2_03b":{"x":-24.41,"y":-4.03,"scaleX":2,"scaleY":2,"width":256,"height":256},"skill2_03c":{"x":-24.41,"y":-4.03,"scaleX":2,"scaleY":2,"width":256,"height":256}},"ef_dash_main":{"EF/ef_dash_main/ef_dash_red_00001":{"x":149.44,"y":41.77,"scaleX":2,"scaleY":2,"width":225,"height":225},"EF/ef_dash_main/ef_dash_red_00004":{"x":149.44,"y":41.77,"scaleX":2,"scaleY":2,"width":225,"height":225},"EF/ef_dash_main/ef_dash_red_00005":{"x":149.44,"y":41.77,"scaleX":2,"scaleY":2,"width":225,"height":225},"EF/ef_dash_main/ef_dash_red_00006":{"x":149.44,"y":41.77,"scaleX":2,"scaleY":2,"width":225,"height":225},"EF/ef_dash_main/ef_dash_red_00008":{"x":149.44,"y":41.77,"scaleX":2,"scaleY":2,"width":225,"height":225},"EF/ef_dash_main/ef_dash_red_00010":{"x":149.44,"y":41.77,"scaleX":2,"scaleY":2,"width":225,"height":225},"EF/ef_dash_main/ef_dash_red_00012":{"x":149.44,"y":41.77,"scaleX":2,"scaleY":2,"width":225,"height":225}},"ef_dash_main2":{"EF/ef_dash_main/ef_dash_red_00001":{"x":149.44,"y":41.77,"scaleX":2,"scaleY":2,"width":225,"height":225},"EF/ef_dash_main/ef_dash_red_00004":{"x":149.44,"y":41.77,"scaleX":2,"scaleY":2,"width":225,"height":225},"EF/ef_dash_main/ef_dash_red_00005":{"x":149.44,"y":41.77,"scaleX":2,"scaleY":2,"width":225,"height":225},"EF/ef_dash_main/ef_dash_red_00006":{"x":149.44,"y":41.77,"scaleX":2,"scaleY":2,"width":225,"height":225},"EF/ef_dash_main/ef_dash_red_00008":{"x":149.44,"y":41.77,"scaleX":2,"scaleY":2,"width":225,"height":225},"EF/ef_dash_main/ef_dash_red_00010":{"x":149.44,"y":41.77,"scaleX":2,"scaleY":2,"width":225,"height":225},"EF/ef_dash_main/ef_dash_red_00012":{"x":149.44,"y":41.77,"scaleX":2,"scaleY":2,"width":225,"height":225}},"ef_graund_aura_main":{"EF/ef_graund_aura_main/ef_graund_aura_main_00001":{"y":179.38,"scaleX":3,"scaleY":3,"width":169,"height":169},"EF/ef_graund_aura_main/ef_graund_aura_main_00002":{"y":179.38,"scaleX":3,"scaleY":3,"width":169,"height":169},"EF/ef_graund_aura_main/ef_graund_aura_main_00003":{"y":179.38,"scaleX":3,"scaleY":3,"width":169,"height":169},"EF/ef_graund_aura_main/ef_graund_aura_main_00004":{"y":179.38,"scaleX":3,"scaleY":3,"width":169,"height":169},"EF/ef_graund_aura_main/ef_graund_aura_main_00005":{"y":179.38,"scaleX":3,"scaleY":3,"width":169,"height":169},"EF/ef_graund_aura_main/ef_graund_aura_main_00006":{"y":179.38,"scaleX":3,"scaleY":3,"width":169,"height":169},"EF/ef_graund_aura_main/ef_graund_aura_main_00007":{"y":179.38,"scaleX":3,"scaleY":3,"width":169,"height":169},"EF/ef_graund_aura_main/ef_graund_aura_main_00008":{"y":179.38,"scaleX":3,"scaleY":3,"width":169,"height":169},"EF/ef_graund_aura_main/ef_graund_aura_main_00009":{"y":179.38,"scaleX":3,"scaleY":3,"width":169,"height":169},"EF/ef_graund_aura_main/ef_graund_aura_main_00010":{"y":179.38,"scaleX":3,"scaleY":3,"width":169,"height":169},"EF/ef_graund_aura_main/ef_graund_aura_main_00011":{"y":179.38,"scaleX":3,"scaleY":3,"width":169,"height":169},"EF/ef_graund_aura_main/ef_graund_aura_main_00012":{"y":179.38,"scaleX":3,"scaleY":3,"width":169,"height":169},"EF/ef_graund_aura_main/ef_graund_aura_main_00013":{"y":179.38,"scaleX":3,"scaleY":3,"width":169,"height":169},"EF/ef_graund_aura_main/ef_graund_aura_main_00014":{"y":179.38,"scaleX":3,"scaleY":3,"width":169,"height":169},"EF/ef_graund_aura_main/ef_graund_aura_main_00015":{"y":179.38,"scaleX":3,"scaleY":3,"width":169,"height":169},"EF/ef_graund_aura_main/ef_graund_aura_main_00016":{"y":179.38,"scaleX":3,"scaleY":3,"width":169,"height":169},"EF/ef_graund_aura_main/ef_graund_aura_main_00017":{"y":179.38,"scaleX":3,"scaleY":3,"width":169,"height":169},"EF/ef_graund_aura_main/ef_graund_aura_main_00018":{"y":179.38,"scaleX":3,"scaleY":3,"width":169,"height":169},"EF/ef_graund_aura_main/ef_graund_aura_main_00019":{"y":179.38,"scaleX":3,"scaleY":3,"width":169,"height":169},"EF/ef_graund_aura_main/ef_graund_aura_main_00020":{"y":179.38,"scaleX":3,"scaleY":3,"width":169,"height":169},"EF/ef_graund_aura_main/ef_graund_aura_main_00021":{"y":179.38,"scaleX":3,"scaleY":3,"width":169,"height":169}},"ef_graund_ex_main":{"EF/ef_graund_ex_main/ef_graund_ex_red_00001":{"y":42.51,"width":281,"height":281},"EF/ef_graund_ex_main/ef_graund_ex_red_00002":{"y":42.51,"width":281,"height":281},"EF/ef_graund_ex_main/ef_graund_ex_red_00003":{"y":42.51,"width":281,"height":281},"EF/ef_graund_ex_main/ef_graund_ex_red_00004":{"y":42.51,"width":281,"height":281},"EF/ef_graund_ex_main/ef_graund_ex_red_00005":{"y":42.51,"width":281,"height":281},"EF/ef_graund_ex_main/ef_graund_ex_red_00006":{"y":42.51,"width":281,"height":281},"EF/ef_graund_ex_main/ef_graund_ex_red_00007":{"y":42.51,"width":281,"height":281},"EF/ef_graund_ex_main/ef_graund_ex_red_00008":{"y":42.51,"width":281,"height":281},"EF/ef_graund_ex_main/ef_graund_ex_red_00009":{"y":42.51,"width":281,"height":281},"EF/ef_graund_ex_main/ef_graund_ex_red_00010":{"y":42.51,"width":281,"height":281},"EF/ef_graund_ex_main/ef_graund_ex_red_00011":{"y":42.51,"width":281,"height":281},"EF/ef_graund_ex_main/ef_graund_ex_red_00012":{"y":42.51,"width":281,"height":281}},"ef_graund_ex_main2":{"EF/ef_graund_ex_main/ef_graund_ex_red_00001":{"y":42.51,"width":281,"height":281},"EF/ef_graund_ex_main/ef_graund_ex_red_00002":{"y":42.51,"width":281,"height":281},"EF/ef_graund_ex_main/ef_graund_ex_red_00003":{"y":42.51,"width":281,"height":281},"EF/ef_graund_ex_main/ef_graund_ex_red_00004":{"y":42.51,"width":281,"height":281},"EF/ef_graund_ex_main/ef_graund_ex_red_00005":{"y":42.51,"width":281,"height":281},"EF/ef_graund_ex_main/ef_graund_ex_red_00006":{"y":42.51,"width":281,"height":281},"EF/ef_graund_ex_main/ef_graund_ex_red_00007":{"y":42.51,"width":281,"height":281},"EF/ef_graund_ex_main/ef_graund_ex_red_00008":{"y":42.51,"width":281,"height":281},"EF/ef_graund_ex_main/ef_graund_ex_red_00009":{"y":42.51,"width":281,"height":281},"EF/ef_graund_ex_main/ef_graund_ex_red_00010":{"y":42.51,"width":281,"height":281},"EF/ef_graund_ex_main/ef_graund_ex_red_00011":{"y":42.51,"width":281,"height":281},"EF/ef_graund_ex_main/ef_graund_ex_red_00012":{"y":42.51,"width":281,"height":281}},"ef_graund_ex_main3":{"EF/ef_graund_ex_main/ef_graund_ex_red_00001":{"y":42.51,"width":281,"height":281},"EF/ef_graund_ex_main/ef_graund_ex_red_00002":{"y":42.51,"width":281,"height":281},"EF/ef_graund_ex_main/ef_graund_ex_red_00003":{"y":42.51,"width":281,"height":281},"EF/ef_graund_ex_main/ef_graund_ex_red_00004":{"y":42.51,"width":281,"height":281},"EF/ef_graund_ex_main/ef_graund_ex_red_00005":{"y":42.51,"width":281,"height":281},"EF/ef_graund_ex_main/ef_graund_ex_red_00006":{"y":42.51,"width":281,"height":281},"EF/ef_graund_ex_main/ef_graund_ex_red_00007":{"y":42.51,"width":281,"height":281},"EF/ef_graund_ex_main/ef_graund_ex_red_00008":{"y":42.51,"width":281,"height":281},"EF/ef_graund_ex_main/ef_graund_ex_red_00009":{"y":42.51,"width":281,"height":281},"EF/ef_graund_ex_main/ef_graund_ex_red_00010":{"y":42.51,"width":281,"height":281},"EF/ef_graund_ex_main/ef_graund_ex_red_00011":{"y":42.51,"width":281,"height":281},"EF/ef_graund_ex_main/ef_graund_ex_red_00012":{"y":42.51,"width":281,"height":281}},"ef_graund_ex_main4":{"EF/ef_graund_ex_main/ef_graund_ex_red_00001":{"y":42.51,"width":281,"height":281},"EF/ef_graund_ex_main/ef_graund_ex_red_00002":{"y":42.51,"width":281,"height":281},"EF/ef_graund_ex_main/ef_graund_ex_red_00003":{"y":42.51,"width":281,"height":281},"EF/ef_graund_ex_main/ef_graund_ex_red_00004":{"y":42.51,"width":281,"height":281},"EF/ef_graund_ex_main/ef_graund_ex_red_00005":{"y":42.51,"width":281,"height":281},"EF/ef_graund_ex_main/ef_graund_ex_red_00006":{"y":42.51,"width":281,"height":281},"EF/ef_graund_ex_main/ef_graund_ex_red_00007":{"y":42.51,"width":281,"height":281},"EF/ef_graund_ex_main/ef_graund_ex_red_00008":{"y":42.51,"width":281,"height":281},"EF/ef_graund_ex_main/ef_graund_ex_red_00009":{"y":42.51,"width":281,"height":281},"EF/ef_graund_ex_main/ef_graund_ex_red_00010":{"y":42.51,"width":281,"height":281},"EF/ef_graund_ex_main/ef_graund_ex_red_00011":{"y":42.51,"width":281,"height":281},"EF/ef_graund_ex_main/ef_graund_ex_red_00012":{"y":42.51,"width":281,"height":281}},"ef_power":{"EF/ef_power/ef_power_red_00001":{"width":281,"height":281},"EF/ef_power/ef_power_red_00002":{"width":281,"height":281},"EF/ef_power/ef_power_red_00003":{"width":281,"height":281},"EF/ef_power/ef_power_red_00005":{"width":281,"height":281},"EF/ef_power/ef_power_red_00007":{"width":281,"height":281},"EF/ef_power/ef_power_red_00009":{"width":281,"height":281},"EF/ef_power/ef_power_red_00011":{"width":281,"height":281},"EF/ef_power/ef_power_red_00013":{"width":281,"height":281},"EF/ef_power/ef_power_red_00015":{"width":281,"height":281},"EF/ef_power/ef_power_red_00016":{"width":281,"height":281}},"ef_rot_wave":{"EF/ef_rot_wave/ef_rot_wave_red_00001":{"y":15.14,"width":338,"height":169},"EF/ef_rot_wave/ef_rot_wave_red_00002":{"y":15.14,"width":338,"height":169},"EF/ef_rot_wave/ef_rot_wave_red_00003":{"y":15.14,"width":338,"height":169},"EF/ef_rot_wave/ef_rot_wave_red_00004":{"y":15.14,"width":338,"height":169},"EF/ef_rot_wave/ef_rot_wave_red_00005":{"y":15.14,"width":338,"height":169},"EF/ef_rot_wave/ef_rot_wave_red_00006":{"y":15.14,"width":338,"height":169},"EF/ef_rot_wave/ef_rot_wave_red_00007":{"y":15.14,"width":338,"height":169},"EF/ef_rot_wave/ef_rot_wave_red_00008":{"y":15.14,"width":338,"height":169},"EF/ef_rot_wave/ef_rot_wave_red_00009":{"y":15.14,"width":338,"height":169},"EF/ef_rot_wave/ef_rot_wave_red_00010":{"y":15.14,"width":338,"height":169},"EF/ef_rot_wave/ef_rot_wave_red_00011":{"y":15.14,"width":338,"height":169},"EF/ef_rot_wave/ef_rot_wave_red_00012":{"y":15.14,"width":338,"height":169},"EF/ef_rot_wave/ef_rot_wave_red_00013":{"y":15.14,"width":338,"height":169},"EF/ef_rot_wave/ef_rot_wave_red_00014":{"y":15.14,"width":338,"height":169},"EF/ef_rot_wave/ef_rot_wave_red_00015":{"y":15.14,"width":338,"height":169}},"ef_smash_attack_main":{"EF/ef_smash_attack_main/ef_smash_attack_main_00001":{"x":60.1,"width":225,"height":225},"EF/ef_smash_attack_main/ef_smash_attack_main_00002":{"x":60.1,"width":225,"height":225},"EF/ef_smash_attack_main/ef_smash_attack_main_00003":{"x":60.1,"width":225,"height":225},"EF/ef_smash_attack_main/ef_smash_attack_main_00004":{"x":60.1,"width":225,"height":225}},"ef_smash_attack_main2":{"EF/ef_smash_attack_main/ef_smash_attack_main_00001":{"x":60.1,"width":225,"height":225},"EF/ef_smash_attack_main/ef_smash_attack_main_00002":{"x":60.1,"width":225,"height":225},"EF/ef_smash_attack_main/ef_smash_attack_main_00003":{"x":60.1,"width":225,"height":225},"EF/ef_smash_attack_main/ef_smash_attack_main_00004":{"x":60.1,"width":225,"height":225}},"ef_smash_attack_main3":{"EF/ef_smash_attack_main/ef_smash_attack_main_00001":{"x":60.1,"width":225,"height":225},"EF/ef_smash_attack_main/ef_smash_attack_main_00002":{"x":60.1,"width":225,"height":225},"EF/ef_smash_attack_main/ef_smash_attack_main_00003":{"x":60.1,"width":225,"height":225},"EF/ef_smash_attack_main/ef_smash_attack_main_00004":{"x":60.1,"width":225,"height":225}},"ef_smash_attack_main4":{"EF/ef_smash_attack_main/ef_smash_attack_main_00001":{"x":60.1,"width":225,"height":225},"EF/ef_smash_attack_main/ef_smash_attack_main_00002":{"x":60.1,"width":225,"height":225},"EF/ef_smash_attack_main/ef_smash_attack_main_00003":{"x":60.1,"width":225,"height":225},"EF/ef_smash_attack_main/ef_smash_attack_main_00004":{"x":60.1,"width":225,"height":225}},"ef_smash_sprash_main":{"EF/ef_smash_sprash_main/ef_smash_sprash_main_00001":{"x":61.08,"width":225,"height":225},"EF/ef_smash_sprash_main/ef_smash_sprash_main_00002":{"x":61.08,"width":225,"height":225},"EF/ef_smash_sprash_main/ef_smash_sprash_main_00003":{"x":61.08,"width":225,"height":225},"EF/ef_smash_sprash_main/ef_smash_sprash_main_00004":{"x":61.08,"width":225,"height":225}},"ef_smash_sprash_main2":{"EF/ef_smash_sprash_main/ef_smash_sprash_main_00001":{"x":61.08,"width":225,"height":225},"EF/ef_smash_sprash_main/ef_smash_sprash_main_00002":{"x":61.08,"width":225,"height":225},"EF/ef_smash_sprash_main/ef_smash_sprash_main_00003":{"x":61.08,"width":225,"height":225},"EF/ef_smash_sprash_main/ef_smash_sprash_main_00004":{"x":61.08,"width":225,"height":225}},"ef_smash_wave_main":{"EF/ef_smash_wave_main/ef_smash_wave_main_00001":{"width":169,"height":281},"EF/ef_smash_wave_main/ef_smash_wave_main_00002":{"width":169,"height":281},"EF/ef_smash_wave_main/ef_smash_wave_main_00003":{"width":169,"height":281},"EF/ef_smash_wave_main/ef_smash_wave_main_00004":{"width":169,"height":281},"EF/ef_smash_wave_main/ef_smash_wave_main_00005":{"width":169,"height":281}},"ef_smash_wave_main_a2":{"EF/ef_smash_wave_main/ef_smash_wave_main_00001":{"width":169,"height":281},"EF/ef_smash_wave_main/ef_smash_wave_main_00002":{"width":169,"height":281},"EF/ef_smash_wave_main/ef_smash_wave_main_00003":{"width":169,"height":281},"EF/ef_smash_wave_main/ef_smash_wave_main_00004":{"width":169,"height":281},"EF/ef_smash_wave_main/ef_smash_wave_main_00005":{"width":169,"height":281}},"ef_smash_wave_main_a3":{"EF/ef_smash_wave_main/ef_smash_wave_main_00001":{"width":169,"height":281},"EF/ef_smash_wave_main/ef_smash_wave_main_00002":{"width":169,"height":281},"EF/ef_smash_wave_main/ef_smash_wave_main_00003":{"width":169,"height":281},"EF/ef_smash_wave_main/ef_smash_wave_main_00004":{"width":169,"height":281},"EF/ef_smash_wave_main/ef_smash_wave_main_00005":{"width":169,"height":281}},"ef_smash_wave_main_a4":{"EF/ef_smash_wave_main/ef_smash_wave_main_00001":{"width":169,"height":281},"EF/ef_smash_wave_main/ef_smash_wave_main_00002":{"width":169,"height":281},"EF/ef_smash_wave_main/ef_smash_wave_main_00003":{"width":169,"height":281},"EF/ef_smash_wave_main/ef_smash_wave_main_00004":{"width":169,"height":281},"EF/ef_smash_wave_main/ef_smash_wave_main_00005":{"width":169,"height":281}},"ef_smash_wave_main_b":{"EF/ef_smash_wave_main2/ef_smash_wave_main 2_00001":{"width":169,"height":338},"EF/ef_smash_wave_main2/ef_smash_wave_main 2_00003":{"width":169,"height":338},"EF/ef_smash_wave_main2/ef_smash_wave_main 2_00005":{"width":169,"height":338},"EF/ef_smash_wave_main2/ef_smash_wave_main 2_00006":{"width":169,"height":338}},"ef_wave_main_red":{"EF/ef_wave_main_red/ef_wave_red_00001":{"width":141,"height":141},"EF/ef_wave_main_red/ef_wave_red_00002":{"width":141,"height":141},"EF/ef_wave_main_red/ef_wave_red_00003":{"width":141,"height":141}},"ef_wave_main_red2":{"EF/ef_wave_main_red/ef_wave_red_00001":{"width":141,"height":141},"EF/ef_wave_main_red/ef_wave_red_00002":{"width":141,"height":141},"EF/ef_wave_main_red/ef_wave_red_00003":{"width":141,"height":141}},"ef_wave_main_red3":{"EF/ef_wave_main_red/ef_wave_red_00001":{"width":141,"height":141},"EF/ef_wave_main_red/ef_wave_red_00002":{"width":141,"height":141},"EF/ef_wave_main_red/ef_wave_red_00003":{"width":141,"height":141}},"ef_wave_main_red4":{"EF/ef_wave_main_red/ef_wave_red_00001":{"width":141,"height":141},"EF/ef_wave_main_red/ef_wave_red_00002":{"width":141,"height":141},"EF/ef_wave_main_red/ef_wave_red_00003":{"width":141,"height":141}},"ef_wind_slash_red":{"EF/ef_wind_slash_red/ef_wind_slash_red_00003":{"width":293,"height":259},"EF/ef_wind_slash_red/ef_wind_slash_red_00004":{"width":293,"height":259},"EF/ef_wind_slash_red/ef_wind_slash_red_00005":{"width":293,"height":259},"EF/ef_wind_slash_red/ef_wind_slash_red_00006":{"width":293,"height":259},"EF/ef_wind_slash_red/ef_wind_slash_red_00007":{"width":293,"height":259},"EF/ef_wind_slash_red/ef_wind_slash_red_00008":{"width":293,"height":259},"EF/ef_wind_slash_red/ef_wind_slash_red_00009":{"width":293,"height":259},"EF/ef_wind_slash_red/ef_wind_slash_red_00010":{"width":293,"height":259},"EF/ef_wind_slash_red/ef_wind_slash_red_00011":{"width":293,"height":259},"EF/ef_wind_slash_red/ef_wind_slash_red_00013":{"width":293,"height":259},"EF/ef_wind_slash_red/ef_wind_slash_red_00014":{"width":293,"height":259}},"graund_wave_A_red":{"EF/graund_wave_A_red/ef_graund_wave_A_red_00003":{"y":13.4,"width":254,"height":203},"EF/graund_wave_A_red/ef_graund_wave_A_red_00004":{"y":13.4,"width":254,"height":203},"EF/graund_wave_A_red/ef_graund_wave_A_red_00006":{"y":13.4,"width":254,"height":203},"EF/graund_wave_A_red/ef_graund_wave_A_red_00008":{"y":13.4,"width":254,"height":203},"EF/graund_wave_A_red/ef_graund_wave_A_red_00009":{"y":13.4,"width":254,"height":203},"EF/graund_wave_A_red/ef_graund_wave_A_red_00011":{"y":13.4,"width":254,"height":203},"EF/graund_wave_A_red/ef_graund_wave_A_red_00013":{"y":13.4,"width":254,"height":203}},"graund_wave_A_red2":{"EF/graund_wave_A_red/ef_graund_wave_A_red_00003":{"y":13.4,"width":254,"height":203},"EF/graund_wave_A_red/ef_graund_wave_A_red_00004":{"y":13.4,"width":254,"height":203},"EF/graund_wave_A_red/ef_graund_wave_A_red_00006":{"y":13.4,"width":254,"height":203},"EF/graund_wave_A_red/ef_graund_wave_A_red_00008":{"y":13.4,"width":254,"height":203},"EF/graund_wave_A_red/ef_graund_wave_A_red_00009":{"y":13.4,"width":254,"height":203},"EF/graund_wave_A_red/ef_graund_wave_A_red_00011":{"y":13.4,"width":254,"height":203},"EF/graund_wave_A_red/ef_graund_wave_A_red_00013":{"y":13.4,"width":254,"height":203}},"graund_wave_A_red3":{"EF/graund_wave_A_red/ef_graund_wave_A_red_00003":{"y":13.4,"width":254,"height":203},"EF/graund_wave_A_red/ef_graund_wave_A_red_00004":{"y":13.4,"width":254,"height":203},"EF/graund_wave_A_red/ef_graund_wave_A_red_00006":{"y":13.4,"width":254,"height":203},"EF/graund_wave_A_red/ef_graund_wave_A_red_00008":{"y":13.4,"width":254,"height":203},"EF/graund_wave_A_red/ef_graund_wave_A_red_00009":{"y":13.4,"width":254,"height":203},"EF/graund_wave_A_red/ef_graund_wave_A_red_00011":{"y":13.4,"width":254,"height":203},"EF/graund_wave_A_red/ef_graund_wave_A_red_00013":{"y":13.4,"width":254,"height":203}},"magic_1fire":{"EF/magic_1fire/magic_1fire":{"width":150,"height":150}},"magic_1fire2":{"EF/magic_1fire/magic_1fire":{"width":150,"height":150}}}},"events":{"Event":{},"Sound1":{},"Sound2":{},"Sound3":{},"Voice":{},"hit":{}},"animations":{"attack1":{"slots":{"MAIN":{"attachment":[{"time":0,"name":"idle_00"},{"time":0.0333,"name":"attack1_00"},{"time":0.1333,"name":"attack1_01"},{"time":0.2333,"name":"attack1_02"},{"time":0.5,"name":"attack1_03"},{"time":0.5666,"name":"attack1_04"},{"time":0.6333,"name":"attack1_02"},{"time":0.7,"name":"attack1_03"},{"time":0.7666,"name":"attack1_04"},{"time":0.8333,"name":"attack1_02"},{"time":0.9,"name":"attack1_03"},{"time":0.9666,"name":"attack1_05"},{"time":1.2,"name":"attack1_00"},{"time":1.3333,"name":"idle_03"},{"time":1.4333,"name":"idle_00"}]},"ef_power":{"attachment":[{"time":0.1666,"name":"EF/ef_power/ef_power_red_00001"},{"time":0.2333,"name":"EF/ef_power/ef_power_red_00002"},{"time":0.3,"name":"EF/ef_power/ef_power_red_00003"},{"time":0.3666,"name":"EF/ef_power/ef_power_red_00005"},{"time":0.4333,"name":"EF/ef_power/ef_power_red_00007"},{"time":0.5,"name":null},{"time":0.6333,"name":"EF/ef_power/ef_power_red_00005"},{"time":0.6666,"name":"EF/ef_power/ef_power_red_00007"},{"time":0.7,"name":null},{"time":0.8333,"name":"EF/ef_power/ef_power_red_00005"},{"time":0.8666,"name":"EF/ef_power/ef_power_red_00007"},{"time":0.9,"name":null}]},"ef_smash_wave_main":{"attachment":[{"time":0.5,"name":"EF/ef_smash_wave_main/ef_smash_wave_main_00001"},{"time":0.5333,"name":"EF/ef_smash_wave_main/ef_smash_wave_main_00002"},{"time":0.5666,"name":"EF/ef_smash_wave_main/ef_smash_wave_main_00003"},{"time":0.6,"name":"EF/ef_smash_wave_main/ef_smash_wave_main_00004"},{"time":0.6333,"name":"EF/ef_smash_wave_main/ef_smash_wave_main_00005"},{"time":0.6666,"name":null},{"time":0.7,"name":"EF/ef_smash_wave_main/ef_smash_wave_main_00001"},{"time":0.7333,"name":"EF/ef_smash_wave_main/ef_smash_wave_main_00002"},{"time":0.7666,"name":"EF/ef_smash_wave_main/ef_smash_wave_main_00003"},{"time":0.8,"name":"EF/ef_smash_wave_main/ef_smash_wave_main_00004"},{"time":0.8333,"name":"EF/ef_smash_wave_main/ef_smash_wave_main_00005"},{"time":0.8666,"name":null},{"time":0.9,"name":"EF/ef_smash_wave_main/ef_smash_wave_main_00001"},{"time":0.9333,"name":"EF/ef_smash_wave_main/ef_smash_wave_main_00002"},{"time":0.9666,"name":"EF/ef_smash_wave_main/ef_smash_wave_main_00003"},{"time":1,"name":"EF/ef_smash_wave_main/ef_smash_wave_main_00004"},{"time":1.0333,"name":"EF/ef_smash_wave_main/ef_smash_wave_main_00005"},{"time":1.1666,"name":null}],"color":[{"time":0,"color":"ffffff00"},{"time":1.0333,"color":"ffffffff"},{"time":1.1666,"color":"ffffff00"}]},"ef_wave_main_red":{"attachment":[{"time":0.5,"name":"EF/ef_wave_main_red/ef_wave_red_00001"},{"time":0.5333,"name":"EF/ef_wave_main_red/ef_wave_red_00002"},{"time":0.5666,"name":"EF/ef_wave_main_red/ef_wave_red_00003"},{"time":0.6666,"name":null},{"time":0.7,"name":"EF/ef_wave_main_red/ef_wave_red_00001"},{"time":0.7333,"name":"EF/ef_wave_main_red/ef_wave_red_00002"},{"time":0.7666,"name":"EF/ef_wave_main_red/ef_wave_red_00003"},{"time":0.8666,"name":null},{"time":0.9,"name":"EF/ef_wave_main_red/ef_wave_red_00001"},{"time":0.9333,"name":"EF/ef_wave_main_red/ef_wave_red_00002"},{"time":0.9666,"name":"EF/ef_wave_main_red/ef_wave_red_00003"},{"time":1.0666,"name":null}],"color":[{"time":0,"color":"ffffff00"},{"time":0.5,"color":"ffffffff","curve":"stepped"},{"time":0.5666,"color":"ffffffff"},{"time":0.6666,"color":"ffffff00","curve":"stepped"},{"time":0.7,"color":"ffffffff","curve":"stepped"},{"time":0.7666,"color":"ffffffff"},{"time":0.8666,"color":"ffffff00","curve":"stepped"},{"time":0.9,"color":"ffffffff","curve":"stepped"},{"time":0.9666,"color":"ffffffff"},{"time":1.0666,"color":"ffffff00"}]}},"bones":{"ef_wave_main_red":{"translate":[{"time":0,"x":-368.48,"y":-225.76},{"time":0.5,"x":-363.08,"y":-225.76},{"time":0.6666,"x":-368.48,"y":-225.76,"curve":"stepped"},{"time":0.7,"x":-363.08,"y":-225.76},{"time":0.8666,"x":-368.48,"y":-225.76,"curve":"stepped"},{"time":0.9,"x":-363.08,"y":-225.76},{"time":1.0666,"x":-368.48,"y":-225.76}],"scale":[{"time":0,"x":1.5,"y":1.5},{"time":0.5,"x":1,"y":1},{"time":0.6666,"x":1.5,"y":1.5,"curve":"stepped"},{"time":0.7,"x":1,"y":1},{"time":0.8666,"x":1.5,"y":1.5,"curve":"stepped"},{"time":0.9,"x":1,"y":1},{"time":1.0666,"x":1.5,"y":1.5}]},"ef_smash_wave_main_a":{"translate":[{"time":0,"x":-439.08,"y":-425.94},{"time":0.5,"x":-462,"y":-425.94},{"time":0.6666,"x":-439.08,"y":-425.94,"curve":"stepped"},{"time":0.7,"x":-462,"y":-425.94},{"time":0.8666,"x":-439.08,"y":-425.94,"curve":"stepped"},{"time":0.9,"x":-462.63,"y":-425.94},{"time":1.1666,"x":-439.08,"y":-425.94}],"scale":[{"time":0,"x":1.5,"y":1.5},{"time":0.5,"x":1,"y":1},{"time":0.6666,"x":1.2,"y":1.2,"curve":"stepped"},{"time":0.7,"x":1,"y":1},{"time":0.8666,"x":1.2,"y":1.2,"curve":"stepped"},{"time":0.9,"x":1,"y":1},{"time":1.1666,"x":1.5,"y":1.5}]},"ef_power":{"translate":[{"time":0,"x":-299.38,"y":-135.89},{"time":0.1666,"x":-296.22,"y":-135.89,"curve":"stepped"},{"time":0.2333,"x":-299.38,"y":-135.89}],"scale":[{"time":0,"x":0.5,"y":0.5},{"time":0.1666,"x":0.2,"y":0.2},{"time":0.5,"x":0.5,"y":0.5,"curve":"stepped"},{"time":0.6333,"x":0.2,"y":0.2},{"time":0.7,"x":0.5,"y":0.5,"curve":"stepped"},{"time":0.8333,"x":0.2,"y":0.2},{"time":0.9,"x":0.5,"y":0.5}]}},"events":[{"time":0.4333,"name":"Voice","string":"cri_258_voice_attack_random"},{"time":0.5,"name":"Event","string":"addOrbitSystemShot(SHOT1,EXPLOSION1,1,1,1)"},{"time":0.5,"name":"Sound1","string":"cri_se_battle_gun_burst"},{"time":0.7,"name":"Event","string":"addOrbitSystemShot(SHOT1,EXPLOSION1,1,1,1)"},{"time":0.7,"name":"Sound1","string":"cri_se_battle_gun_burst"},{"time":0.9,"name":"Event","string":"addOrbitSystemShot(SHOT1,EXPLOSION1,1,1,1)"},{"time":0.9,"name":"Sound1","string":"cri_se_battle_gun_burst"},{"time":0.9,"name":"Voice","string":"cri_258_voice_attack_c"}]},"back":{"slots":{"MAIN":{"attachment":[{"time":0,"name":"back_00"},{"time":0.2666,"name":"skill1_10"},{"time":0.6333,"name":"idle_03"},{"time":0.7333,"name":"idle_00"}]}},"bones":{"MAIN":{"translate":[{"time":0,"x":0,"y":0},{"time":0.1333,"x":62.5,"y":20.74},{"time":0.2666,"x":125,"y":0,"curve":[0.082,0.75,0.75,1]},{"time":0.5,"x":140,"y":0}]}},"events":[{"time":0,"name":"Sound1","string":"cri_se_battle_jump"},{"time":0.2666,"name":"Sound1","string":"cri_se_battle_landing"}]},"cast":{"slots":{"MAIN":{"attachment":[{"time":0,"name":"attack1_00"},{"time":0.0333,"name":"attack1_00"},{"time":0.1333,"name":"attack1_01"},{"time":0.2333,"name":"attack1_02"},{"time":0.5,"name":"attack1_03"},{"time":0.6,"name":"attack1_05"},{"time":0.7,"name":"attack1_00"},{"time":0.8333,"name":"idle_03"},{"time":1,"name":"idle_00"}]}},"bones":{"MAIN":{"translate":[{"time":0,"x":0,"y":0,"curve":"stepped"},{"time":0.4666,"x":0,"y":0},{"time":0.5,"x":7.86,"y":0,"curve":[0.09,0.6,0.75,1]},{"time":0.5666,"x":0,"y":0}]}},"events":[{"time":0.4666,"name":"Voice","string":"cri_258_voice_item"}]},"damage":{"slots":{"MAIN":{"attachment":[{"time":0,"name":"damage_00"}]}},"events":[{"time":0.0333,"name":"Event"}]},"empty":{"slots":{"MAIN":{"attachment":[{"time":0,"name":null}]}},"events":[{"time":0,"name":"Event"}]},"front":{"slots":{"MAIN":{"attachment":[{"time":0,"name":"front_00"}]}}},"idle":{"slots":{"MAIN":{"attachment":[{"time":0,"name":"idle_02"},{"time":0.2333,"name":"idle_01"},{"time":0.4666,"name":"idle_02"},{"time":0.7,"name":"idle_03"},{"time":0.9333,"name":"idle_00"}]}}},"in":{"slots":{"MAIN":{"attachment":[{"time":0,"name":"skill1_09"},{"time":0.2333,"name":"skill1_10"},{"time":0.5,"name":"idle_03"},{"time":0.6333,"name":"idle_00"}],"color":[{"time":0,"color":"ffffff00"},{"time":0.1333,"color":"ffffffff"}]}},"bones":{"MAIN":{"translate":[{"time":0,"x":18.89,"y":153},{"time":0.2333,"x":18.89,"y":0},{"time":0.2666,"x":18.89,"y":-10,"curve":[0.124,0.45,0.75,1]},{"time":0.3666,"x":18.88,"y":0,"curve":"stepped"},{"time":0.5,"x":0,"y":0}]}},"events":[{"time":0,"name":"Event","string":"takeSummon"},{"time":0.2333,"name":"Sound1","string":"cri_se_battle_jump"}]},"skill1":{"slots":{"MAIN":{"attachment":[{"time":0,"name":"skill1_00"},{"time":0.0333,"name":"skill1_00"},{"time":0.1333,"name":"skill1_01"},{"time":0.3666,"name":"skill1_02"},{"time":0.4333,"name":"skill1_03"},{"time":0.5,"name":"skill1_01"},{"time":0.5666,"name":"skill1_02"},{"time":0.6333,"name":"skill1_03"},{"time":0.7,"name":"skill1_01"},{"time":0.7666,"name":"skill1_02"},{"time":0.8333,"name":"skill1_03"},{"time":0.9333,"name":"attack1_05"},{"time":1,"name":"skill1_04"},{"time":1.1333,"name":"skill1_05"},{"time":1.2666,"name":"skill1_06"},{"time":1.3333,"name":"skill1_07"},{"time":1.4,"name":"skill1_08"},{"time":1.4666,"name":"skill1_06"},{"time":1.5333,"name":"skill1_07"},{"time":1.6,"name":"skill1_08"},{"time":1.6666,"name":"skill1_06"},{"time":1.7333,"name":"skill1_07"},{"time":1.8666,"name":"skill1_09"},{"time":2,"name":"skill1_10"},{"time":2.2,"name":"idle_03"},{"time":2.3333,"name":"idle_00"}]},"ef_dash_main":{"attachment":[{"time":1,"name":"EF/ef_dash_main/ef_dash_red_00001"},{"time":1.0333,"name":"EF/ef_dash_main/ef_dash_red_00004"},{"time":1.0666,"name":"EF/ef_dash_main/ef_dash_red_00005"},{"time":1.1,"name":"EF/ef_dash_main/ef_dash_red_00006"},{"time":1.1333,"name":"EF/ef_dash_main/ef_dash_red_00008"},{"time":1.1666,"name":"EF/ef_dash_main/ef_dash_red_00010"},{"time":1.2,"name":"EF/ef_dash_main/ef_dash_red_00012"},{"time":1.2666,"name":null}],"color":[{"time":1.2,"color":"ffffffff"},{"time":1.2666,"color":"ffffff00"}]},"ef_dash_main2":{"attachment":[{"time":1,"name":"EF/ef_dash_main/ef_dash_red_00001"},{"time":1.0333,"name":"EF/ef_dash_main/ef_dash_red_00004"},{"time":1.0666,"name":"EF/ef_dash_main/ef_dash_red_00005"},{"time":1.1,"name":"EF/ef_dash_main/ef_dash_red_00006"},{"time":1.1333,"name":"EF/ef_dash_main/ef_dash_red_00008"},{"time":1.1666,"name":"EF/ef_dash_main/ef_dash_red_00010"},{"time":1.2,"name":"EF/ef_dash_main/ef_dash_red_00012"},{"time":1.2666,"name":null}],"color":[{"time":1.2,"color":"ffffffff"},{"time":1.2666,"color":"ffffff00"}]},"ef_power":{"attachment":[{"time":0.1333,"name":"EF/ef_power/ef_power_red_00001"},{"time":0.1666,"name":"EF/ef_power/ef_power_red_00002"},{"time":0.2,"name":"EF/ef_power/ef_power_red_00003"},{"time":0.2333,"name":"EF/ef_power/ef_power_red_00005"},{"time":0.3,"name":"EF/ef_power/ef_power_red_00007"},{"time":0.3666,"name":null},{"time":0.5,"name":"EF/ef_power/ef_power_red_00005"},{"time":0.5333,"name":"EF/ef_power/ef_power_red_00007"},{"time":0.5666,"name":null},{"time":0.7,"name":"EF/ef_power/ef_power_red_00005"},{"time":0.7333,"name":"EF/ef_power/ef_power_red_00007"},{"time":0.7666,"name":null},{"time":1.1333,"name":"EF/ef_power/ef_power_red_00002"},{"time":1.1666,"name":"EF/ef_power/ef_power_red_00003"},{"time":1.2,"name":"EF/ef_power/ef_power_red_00005"},{"time":1.2333,"name":"EF/ef_power/ef_power_red_00007"},{"time":1.2666,"name":null},{"time":1.4,"name":"EF/ef_power/ef_power_red_00005"},{"time":1.4333,"name":"EF/ef_power/ef_power_red_00007"},{"time":1.4666,"name":null},{"time":1.6,"name":"EF/ef_power/ef_power_red_00005"},{"time":1.6333,"name":"EF/ef_power/ef_power_red_00007"},{"time":1.6666,"name":null}]},"ef_smash_attack_main":{"attachment":[{"time":0.3666,"name":"EF/ef_smash_attack_main/ef_smash_attack_main_00001"},{"time":0.4,"name":"EF/ef_smash_attack_main/ef_smash_attack_main_00002"},{"time":0.4333,"name":"EF/ef_smash_attack_main/ef_smash_attack_main_00003"},{"time":0.4666,"name":"EF/ef_smash_attack_main/ef_smash_attack_main_00004"},{"time":0.5333,"name":null},{"time":0.5666,"name":"EF/ef_smash_attack_main/ef_smash_attack_main_00001"},{"time":0.6,"name":"EF/ef_smash_attack_main/ef_smash_attack_main_00002"},{"time":0.6333,"name":"EF/ef_smash_attack_main/ef_smash_attack_main_00003"},{"time":0.6666,"name":"EF/ef_smash_attack_main/ef_smash_attack_main_00004"},{"time":0.7333,"name":null},{"time":0.7666,"name":"EF/ef_smash_attack_main/ef_smash_attack_main_00001"},{"time":0.8,"name":"EF/ef_smash_attack_main/ef_smash_attack_main_00002"},{"time":0.8333,"name":"EF/ef_smash_attack_main/ef_smash_attack_main_00003"},{"time":0.8666,"name":"EF/ef_smash_attack_main/ef_smash_attack_main_00004"},{"time":0.9333,"name":null},{"time":1.2666,"name":"EF/ef_smash_attack_main/ef_smash_attack_main_00001"},{"time":1.3,"name":"EF/ef_smash_attack_main/ef_smash_attack_main_00002"},{"time":1.3333,"name":"EF/ef_smash_attack_main/ef_smash_attack_main_00003"},{"time":1.3666,"name":"EF/ef_smash_attack_main/ef_smash_attack_main_00004"},{"time":1.4333,"name":null},{"time":1.4666,"name":"EF/ef_smash_attack_main/ef_smash_attack_main_00001"},{"time":1.5,"name":"EF/ef_smash_attack_main/ef_smash_attack_main_00002"},{"time":1.5333,"name":"EF/ef_smash_attack_main/ef_smash_attack_main_00003"},{"time":1.5666,"name":"EF/ef_smash_attack_main/ef_smash_attack_main_00004"},{"time":1.6333,"name":null},{"time":1.6666,"name":"EF/ef_smash_attack_main/ef_smash_attack_main_00001"},{"time":1.7,"name":"EF/ef_smash_attack_main/ef_smash_attack_main_00002"},{"time":1.7333,"name":"EF/ef_smash_attack_main/ef_smash_attack_main_00003"},{"time":1.7666,"name":"EF/ef_smash_attack_main/ef_smash_attack_main_00004"},{"time":1.8333,"name":null}],"color":[{"time":0.4666,"color":"ffffffff"},{"time":0.5333,"color":"ffffff00","curve":"stepped"},{"time":0.5666,"color":"ffffffff","curve":"stepped"},{"time":0.6666,"color":"ffffffff"},{"time":0.7333,"color":"ffffff00","curve":"stepped"},{"time":0.7666,"color":"ffffffff","curve":"stepped"},{"time":0.8666,"color":"ffffffff"},{"time":0.9333,"color":"ffffff00","curve":"stepped"},{"time":1.2666,"color":"ffffffff","curve":"stepped"},{"time":1.3666,"color":"ffffffff"},{"time":1.4333,"color":"ffffff00","curve":"stepped"},{"time":1.4666,"color":"ffffffff","curve":"stepped"},{"time":1.5666,"color":"ffffffff"},{"time":1.6333,"color":"ffffff00","curve":"stepped"},{"time":1.6666,"color":"ffffffff","curve":"stepped"},{"time":1.7666,"color":"ffffffff"},{"time":1.8333,"color":"ffffff00"}]},"ef_smash_wave_main":{"attachment":[{"time":0.3666,"name":"EF/ef_smash_wave_main/ef_smash_wave_main_00001"},{"time":0.4,"name":"EF/ef_smash_wave_main/ef_smash_wave_main_00002"},{"time":0.4333,"name":"EF/ef_smash_wave_main/ef_smash_wave_main_00003"},{"time":0.4666,"name":"EF/ef_smash_wave_main/ef_smash_wave_main_00004"},{"time":0.5,"name":"EF/ef_smash_wave_main/ef_smash_wave_main_00005"},{"time":0.5333,"name":null},{"time":0.5666,"name":"EF/ef_smash_wave_main/ef_smash_wave_main_00001"},{"time":0.6,"name":"EF/ef_smash_wave_main/ef_smash_wave_main_00002"},{"time":0.6333,"name":"EF/ef_smash_wave_main/ef_smash_wave_main_00003"},{"time":0.6666,"name":"EF/ef_smash_wave_main/ef_smash_wave_main_00004"},{"time":0.7,"name":"EF/ef_smash_wave_main/ef_smash_wave_main_00005"},{"time":0.7333,"name":null},{"time":0.7666,"name":"EF/ef_smash_wave_main/ef_smash_wave_main_00001"},{"time":0.8,"name":"EF/ef_smash_wave_main/ef_smash_wave_main_00002"},{"time":0.8333,"name":"EF/ef_smash_wave_main/ef_smash_wave_main_00003"},{"time":0.8666,"name":"EF/ef_smash_wave_main/ef_smash_wave_main_00004"},{"time":0.9,"name":"EF/ef_smash_wave_main/ef_smash_wave_main_00005"},{"time":1.0333,"name":null},{"time":1.2666,"name":"EF/ef_smash_wave_main/ef_smash_wave_main_00001"},{"time":1.3,"name":"EF/ef_smash_wave_main/ef_smash_wave_main_00002"},{"time":1.3333,"name":"EF/ef_smash_wave_main/ef_smash_wave_main_00003"},{"time":1.3666,"name":"EF/ef_smash_wave_main/ef_smash_wave_main_00004"},{"time":1.4,"name":"EF/ef_smash_wave_main/ef_smash_wave_main_00005"},{"time":1.4333,"name":null},{"time":1.4666,"name":"EF/ef_smash_wave_main/ef_smash_wave_main_00001"},{"time":1.5,"name":"EF/ef_smash_wave_main/ef_smash_wave_main_00002"},{"time":1.5333,"name":"EF/ef_smash_wave_main/ef_smash_wave_main_00003"},{"time":1.5666,"name":"EF/ef_smash_wave_main/ef_smash_wave_main_00004"},{"time":1.6,"name":"EF/ef_smash_wave_main/ef_smash_wave_main_00005"},{"time":1.6333,"name":null},{"time":1.6666,"name":"EF/ef_smash_wave_main/ef_smash_wave_main_00001"},{"time":1.7,"name":"EF/ef_smash_wave_main/ef_smash_wave_main_00002"},{"time":1.7333,"name":"EF/ef_smash_wave_main/ef_smash_wave_main_00003"},{"time":1.7666,"name":"EF/ef_smash_wave_main/ef_smash_wave_main_00004"},{"time":1.8,"name":"EF/ef_smash_wave_main/ef_smash_wave_main_00005"},{"time":1.9333,"name":null}],"color":[{"time":0.9,"color":"ffffffff"},{"time":1.0333,"color":"ffffff00","curve":"stepped"},{"time":1.2666,"color":"ffffffff","curve":"stepped"},{"time":1.8,"color":"ffffffff"},{"time":1.9333,"color":"ffffff00"}]},"ef_wave_main_red":{"attachment":[{"time":0.3666,"name":"EF/ef_wave_main_red/ef_wave_red_00001"},{"time":0.4,"name":"EF/ef_wave_main_red/ef_wave_red_00002"},{"time":0.4333,"name":"EF/ef_wave_main_red/ef_wave_red_00003"},{"time":0.5333,"name":null},{"time":0.5666,"name":"EF/ef_wave_main_red/ef_wave_red_00001"},{"time":0.6,"name":"EF/ef_wave_main_red/ef_wave_red_00002"},{"time":0.6333,"name":"EF/ef_wave_main_red/ef_wave_red_00003"},{"time":0.7333,"name":null},{"time":0.7666,"name":"EF/ef_wave_main_red/ef_wave_red_00001"},{"time":0.8,"name":"EF/ef_wave_main_red/ef_wave_red_00002"},{"time":0.8333,"name":"EF/ef_wave_main_red/ef_wave_red_00003"},{"time":0.9333,"name":null},{"time":1.2666,"name":"EF/ef_wave_main_red/ef_wave_red_00001"},{"time":1.3,"name":"EF/ef_wave_main_red/ef_wave_red_00002"},{"time":1.3333,"name":"EF/ef_wave_main_red/ef_wave_red_00003"},{"time":1.4333,"name":null},{"time":1.4666,"name":"EF/ef_wave_main_red/ef_wave_red_00001"},{"time":1.5,"name":"EF/ef_wave_main_red/ef_wave_red_00002"},{"time":1.5333,"name":"EF/ef_wave_main_red/ef_wave_red_00003"},{"time":1.6333,"name":null},{"time":1.6666,"name":"EF/ef_wave_main_red/ef_wave_red_00001"},{"time":1.7,"name":"EF/ef_wave_main_red/ef_wave_red_00002"},{"time":1.7333,"name":"EF/ef_wave_main_red/ef_wave_red_00003"},{"time":1.8333,"name":null}],"color":[{"time":0.3666,"color":"ffffffff","curve":"stepped"},{"time":0.4333,"color":"ffffffff"},{"time":0.5333,"color":"ffffff00","curve":"stepped"},{"time":0.5666,"color":"ffffffff","curve":"stepped"},{"time":0.6333,"color":"ffffffff"},{"time":0.7333,"color":"ffffff00","curve":"stepped"},{"time":0.7666,"color":"ffffffff","curve":"stepped"},{"time":0.8333,"color":"ffffffff"},{"time":0.9333,"color":"ffffff00","curve":"stepped"},{"time":1.2666,"color":"ffffffff","curve":"stepped"},{"time":1.3333,"color":"ffffffff"},{"time":1.4333,"color":"ffffff00","curve":"stepped"},{"time":1.4666,"color":"ffffffff","curve":"stepped"},{"time":1.5333,"color":"ffffffff"},{"time":1.6333,"color":"ffffff00","curve":"stepped"},{"time":1.6666,"color":"ffffffff","curve":"stepped"},{"time":1.7333,"color":"ffffffff"},{"time":1.8333,"color":"ffffff00"}]},"graund_wave_A_red":{"attachment":[{"time":0.3666,"name":"EF/graund_wave_A_red/ef_graund_wave_A_red_00003"},{"time":0.4,"name":"EF/graund_wave_A_red/ef_graund_wave_A_red_00004"},{"time":0.4333,"name":"EF/graund_wave_A_red/ef_graund_wave_A_red_00006"},{"time":0.4666,"name":"EF/graund_wave_A_red/ef_graund_wave_A_red_00008"},{"time":0.5,"name":"EF/graund_wave_A_red/ef_graund_wave_A_red_00009"},{"time":0.5333,"name":"EF/graund_wave_A_red/ef_graund_wave_A_red_00011"},{"time":0.5666,"name":"EF/graund_wave_A_red/ef_graund_wave_A_red_00013"},{"time":0.7,"name":null},{"time":1,"name":"EF/graund_wave_A_red/ef_graund_wave_A_red_00003"},{"time":1.0333,"name":"EF/graund_wave_A_red/ef_graund_wave_A_red_00004"},{"time":1.0666,"name":"EF/graund_wave_A_red/ef_graund_wave_A_red_00006"},{"time":1.1,"name":"EF/graund_wave_A_red/ef_graund_wave_A_red_00008"},{"time":1.1333,"name":"EF/graund_wave_A_red/ef_graund_wave_A_red_00009"},{"time":1.1666,"name":"EF/graund_wave_A_red/ef_graund_wave_A_red_00011"},{"time":1.2,"name":"EF/graund_wave_A_red/ef_graund_wave_A_red_00013"},{"time":1.3333,"name":null}],"color":[{"time":0.5666,"color":"ffffffff"},{"time":0.7,"color":"ffffff00","curve":"stepped"},{"time":1,"color":"ffffffff","curve":"stepped"},{"time":1.2,"color":"ffffffff"},{"time":1.3333,"color":"ffffff00"}]},"graund_wave_A_red2":{"attachment":[{"time":0.5666,"name":"EF/graund_wave_A_red/ef_graund_wave_A_red_00003"},{"time":0.6,"name":"EF/graund_wave_A_red/ef_graund_wave_A_red_00004"},{"time":0.6333,"name":"EF/graund_wave_A_red/ef_graund_wave_A_red_00006"},{"time":0.6666,"name":"EF/graund_wave_A_red/ef_graund_wave_A_red_00008"},{"time":0.7,"name":"EF/graund_wave_A_red/ef_graund_wave_A_red_00009"},{"time":0.7333,"name":"EF/graund_wave_A_red/ef_graund_wave_A_red_00011"},{"time":0.7666,"name":"EF/graund_wave_A_red/ef_graund_wave_A_red_00013"},{"time":0.9,"name":null}],"color":[{"time":0.7666,"color":"ffffffff"},{"time":0.9,"color":"ffffff00"}]},"graund_wave_A_red3":{"attachment":[{"time":0.7666,"name":"EF/graund_wave_A_red/ef_graund_wave_A_red_00003"},{"time":0.8,"name":"EF/graund_wave_A_red/ef_graund_wave_A_red_00004"},{"time":0.8333,"name":"EF/graund_wave_A_red/ef_graund_wave_A_red_00006"},{"time":0.8666,"name":"EF/graund_wave_A_red/ef_graund_wave_A_red_00008"},{"time":0.9,"name":"EF/graund_wave_A_red/ef_graund_wave_A_red_00009"},{"time":0.9333,"name":"EF/graund_wave_A_red/ef_graund_wave_A_red_00011"},{"time":0.9666,"name":"EF/graund_wave_A_red/ef_graund_wave_A_red_00013"},{"time":1.1,"name":null}],"color":[{"time":0.9666,"color":"ffffffff"},{"time":1.1,"color":"ffffff00"}]}},"bones":{"MAIN":{"rotate":[{"time":1,"angle":-10.99,"curve":[0.261,0,0.617,0.43]},{"time":1.1,"angle":-14.28,"curve":"stepped"},{"time":1.1333,"angle":7.66,"curve":"stepped"},{"time":1.3333,"angle":1.36,"curve":"stepped"},{"time":1.5333,"angle":-6.09,"curve":"stepped"},{"time":1.8666,"angle":0}],"translate":[{"time":0,"x":4.38,"y":0},{"time":0.0333,"x":0,"y":0,"curve":[0.067,0.9,0.75,1]},{"time":0.1,"x":5,"y":0,"curve":"stepped"},{"time":0.9333,"x":5,"y":0},{"time":0.9666,"x":5,"y":-5,"curve":"stepped"},{"time":1,"x":-43.42,"y":0},{"time":1.1333,"x":-47,"y":91,"curve":[0.073,0.59,0.75,1]},{"time":1.2666,"x":-55,"y":98},{"time":1.3333,"x":-48,"y":102.24},{"time":1.4,"x":-52,"y":101,"curve":"stepped"},{"time":1.4666,"x":-52,"y":101},{"time":1.5333,"x":-43.57,"y":105.15},{"time":1.6,"x":-49,"y":104,"curve":"stepped"},{"time":1.6666,"x":-49,"y":104,"curve":[0.124,0.49,0.75,1]},{"time":1.7,"x":-24.77,"y":114,"curve":[0.25,0,0.75,1]},{"time":1.8,"x":-20,"y":116.78},{"time":2,"x":14.07,"y":0},{"time":2.0333,"x":14.07,"y":-10,"curve":[0.124,0.45,0.75,1]},{"time":2.1333,"x":14.07,"y":0,"curve":"stepped"},{"time":2.2,"x":0,"y":0}]},"ef_smash_wave_main_a":{"rotate":[{"time":1.2666,"angle":31.84,"curve":"stepped"},{"time":1.4666,"angle":26.21,"curve":"stepped"},{"time":1.6666,"angle":16.03}],"translate":[{"time":0.3666,"x":-445.83,"y":-421.19},{"time":0.5333,"x":-439.08,"y":-421.19,"curve":"stepped"},{"time":0.5666,"x":-445.83,"y":-421.19},{"time":0.7333,"x":-439.08,"y":-421.19,"curve":"stepped"},{"time":0.7666,"x":-445.83,"y":-421.19},{"time":1.0333,"x":-439.08,"y":-421.19,"curve":"stepped"},{"time":1.2666,"x":-508.73,"y":-343},{"time":1.4333,"x":-502.7,"y":-338,"curve":"stepped"},{"time":1.4666,"x":-507.06,"y":-332.15},{"time":1.6333,"x":-502.1,"y":-324.56,"curve":"stepped"},{"time":1.6666,"x":-504.82,"y":-324.63},{"time":1.9333,"x":-498,"y":-316}],"scale":[{"time":0.3666,"x":1,"y":1},{"time":0.5333,"x":1.2,"y":1.2,"curve":"stepped"},{"time":0.5666,"x":1,"y":1},{"time":0.7333,"x":1.2,"y":1.2,"curve":"stepped"},{"time":0.7666,"x":1,"y":1},{"time":1.0333,"x":1.5,"y":1.5,"curve":"stepped"},{"time":1.2666,"x":1,"y":1},{"time":1.4333,"x":1.2,"y":1.2,"curve":"stepped"},{"time":1.4666,"x":1,"y":1},{"time":1.6333,"x":1.2,"y":1.2,"curve":"stepped"},{"time":1.6666,"x":1,"y":1},{"time":1.9333,"x":1.5,"y":1.5}]},"ef_wave_main_red":{"rotate":[{"time":1.2666,"angle":31.06,"curve":"stepped"},{"time":1.4666,"angle":26.11,"curve":"stepped"},{"time":1.6666,"angle":16.34}],"translate":[{"time":0.3666,"x":-346.89,"y":-221.64},{"time":0.5333,"x":-368.48,"y":-221.64,"curve":"stepped"},{"time":0.5666,"x":-346.89,"y":-221.64},{"time":0.7333,"x":-368.48,"y":-221.64,"curve":"stepped"},{"time":0.7666,"x":-346.89,"y":-221.64},{"time":0.9333,"x":-368.48,"y":-221.64,"curve":"stepped"},{"time":1.2666,"x":-408.74,"y":-143.01},{"time":1.4333,"x":-427.07,"y":-154.26,"curve":"stepped"},{"time":1.4666,"x":-407.1,"y":-132.15},{"time":1.6333,"x":-425.38,"y":-139.31,"curve":"stepped"},{"time":1.6666,"x":-404.8,"y":-124.59},{"time":1.8333,"x":-425.25,"y":-129.9}],"scale":[{"time":0.3666,"x":1,"y":1},{"time":0.5333,"x":1.5,"y":1.5,"curve":"stepped"},{"time":0.5666,"x":1,"y":1},{"time":0.7333,"x":1.5,"y":1.5,"curve":"stepped"},{"time":0.7666,"x":1,"y":1},{"time":0.9333,"x":1.5,"y":1.5,"curve":"stepped"},{"time":1.2666,"x":1,"y":1},{"time":1.4333,"x":1.5,"y":1.5,"curve":"stepped"},{"time":1.4666,"x":1,"y":1},{"time":1.6333,"x":1.5,"y":1.5,"curve":"stepped"},{"time":1.6666,"x":1,"y":1},{"time":1.8333,"x":1.5,"y":1.5}]},"ef_smash_attack_main":{"rotate":[{"time":1.2666,"angle":26.3,"curve":"stepped"},{"time":1.4666,"angle":23.18,"curve":"stepped"},{"time":1.6666,"angle":16.95}],"translate":[{"time":0.3666,"x":-484.34,"y":-220.14,"curve":"stepped"},{"time":1.2666,"x":-539.31,"y":-160.11,"curve":"stepped"},{"time":1.4666,"x":-550.58,"y":-147.54,"curve":"stepped"},{"time":1.6666,"x":-543.95,"y":-135.85}],"scale":[{"time":0.3666,"x":1,"y":1},{"time":0.5333,"x":1.5,"y":1.5,"curve":"stepped"},{"time":0.5666,"x":1,"y":1},{"time":0.7333,"x":1.5,"y":1.5,"curve":"stepped"},{"time":0.7666,"x":1,"y":1},{"time":0.9333,"x":1.5,"y":1.5,"curve":"stepped"},{"time":1.2666,"x":1,"y":1},{"time":1.4333,"x":1.5,"y":1.5,"curve":"stepped"},{"time":1.4666,"x":1,"y":1},{"time":1.6333,"x":1.5,"y":1.5,"curve":"stepped"},{"time":1.6666,"x":1,"y":1},{"time":1.8333,"x":1.5,"y":1.5}]},"MAIN_graund_wave_A_red3":{"translate":[{"time":0.7666,"x":-700,"y":0}],"scale":[{"time":0.7666,"x":1.5,"y":1.5},{"time":1.1,"x":1.8,"y":1.8}]},"MAIN_graund_wave_A_red2":{"translate":[{"time":0.5666,"x":-700,"y":0}],"scale":[{"time":0.5666,"x":1.5,"y":1.5},{"time":0.9,"x":1.8,"y":1.8}]},"MAIN_graund_wave_A_red":{"translate":[{"time":0.3666,"x":-700,"y":0,"curve":"stepped"},{"time":1,"x":-700,"y":0}],"scale":[{"time":0.3666,"x":1.5,"y":1.5},{"time":0.7,"x":1.8,"y":1.8,"curve":"stepped"},{"time":1,"x":1,"y":1},{"time":1.3333,"x":1.2,"y":1.2}]},"ef_power":{"translate":[{"time":0.1333,"x":-285.63,"y":-128.24,"curve":"stepped"},{"time":1.1333,"x":-356.67,"y":-25.91,"curve":[0.161,0.53,0.75,1]},{"time":1.2333,"x":-363.75,"y":-20.3,"curve":"stepped"},{"time":1.4,"x":-338.62,"y":-8.84,"curve":"stepped"},{"time":1.6,"x":-333.5,"y":-6.88}],"scale":[{"time":0.1333,"x":0.2,"y":0.2},{"time":0.3666,"x":0.5,"y":0.5,"curve":"stepped"},{"time":0.5,"x":0.2,"y":0.2},{"time":0.5666,"x":0.5,"y":0.5,"curve":"stepped"},{"time":0.7,"x":0.2,"y":0.2},{"time":0.7666,"x":0.5,"y":0.5,"curve":"stepped"},{"time":1.1333,"x":0.2,"y":0.2},{"time":1.2666,"x":0.5,"y":0.5,"curve":"stepped"},{"time":1.4,"x":0.2,"y":0.2},{"time":1.4666,"x":0.5,"y":0.5,"curve":"stepped"},{"time":1.6,"x":0.2,"y":0.2},{"time":1.6666,"x":0.5,"y":0.5}]},"ef_dash_main":{"translate":[{"time":1,"x":-496.34,"y":0}],"scale":[{"time":1,"x":0.25,"y":0.25},{"time":1.2666,"x":0.5,"y":0.5}]},"ef_dash_main2":{"rotate":[{"time":1,"angle":8.02}],"translate":[{"time":1,"x":-522.14,"y":-3.09}],"scale":[{"time":1,"x":-0.2,"y":0.2},{"time":1.2666,"x":-0.3,"y":0.3}]}},"events":[{"time":0.3666,"name":"Event","string":"addOrbitSystemShot(SHOT1skill1,EXPLOSION1,1)"},{"time":0.3666,"name":"Sound1","string":"cri_se_battle_gun_burst"},{"time":0.3666,"name":"Voice","string":"cri_258_voice_skill_all"},{"time":0.5666,"name":"Event","string":"addOrbitSystemShot(SHOT2skill1,EXPLOSION2,1)"},{"time":0.5666,"name":"Sound1","string":"cri_se_battle_gun_burst"},{"time":0.7666,"name":"Event","string":"addOrbitSystemShot(SHOT3skill1,EXPLOSION3,1)"},{"time":0.7666,"name":"Sound1","string":"cri_se_battle_gun_burst"},{"time":1,"name":"Sound1","string":"cri_se_battle_jump"},{"time":1.2666,"name":"Event","string":"addOrbitSystemShot(SHOT4skill1,EXPLOSION1,1)"},{"time":1.2666,"name":"Sound1","string":"cri_se_battle_gun_burst"},{"time":1.4666,"name":"Event","string":"addOrbitSystemShot(SHOT5skill1,EXPLOSION2,1)"},{"time":1.4666,"name":"Sound1","string":"cri_se_battle_gun_burst"},{"time":1.6666,"name":"Event","string":"addOrbitSystemShot(SHOT6skill1,EXPLOSION3,1)"},{"time":1.6666,"name":"Sound1","string":"cri_se_battle_gun_burst"},{"time":2,"name":"Sound1","string":"cri_se_battle_landing"}]},"skill2":{"slots":{"MAIN":{"attachment":[{"time":0,"name":"idle_00"},{"time":0.0333,"name":"skill2_00"},{"time":0.2333,"name":"skill2_01"},{"time":0.4333,"name":"skill2_02"},{"time":0.5333,"name":"skill2_03a"},{"time":0.6,"name":"skill2_03b"},{"time":0.8,"name":"skill2_03c"},{"time":0.8666,"name":"skill2_03a"},{"time":0.9333,"name":"skill2_03b"},{"time":1,"name":"skill2_03c"},{"time":1.0666,"name":"skill2_03a"},{"time":1.1333,"name":"skill2_03b"},{"time":1.2,"name":"skill2_03c"},{"time":1.2666,"name":"skill2_03a"},{"time":1.3333,"name":"skill2_03b"},{"time":1.4,"name":"skill2_03c"},{"time":1.4333,"name":"skill2_03a"},{"time":1.5,"name":"skill2_04"},{"time":1.5666,"name":"skill2_05"},{"time":1.7333,"name":"skill2_06"},{"time":1.9666,"name":"skill2_07"},{"time":2.0666,"name":"skill2_08"},{"time":2.1666,"name":"skill2_09"},{"time":2.2666,"name":"skill2_10"},{"time":2.9333,"name":"skill2_11"},{"time":3.0333,"name":"skill2_12"},{"time":3.1333,"name":"skill2_13"},{"time":3.5666,"name":"attack1_00"},{"time":3.6333,"name":"idle_03"},{"time":3.8333,"name":"idle_00"}]},"ef_dash_main":{"attachment":[{"time":0.2333,"name":"EF/ef_dash_main/ef_dash_red_00001"},{"time":0.3,"name":"EF/ef_dash_main/ef_dash_red_00004"},{"time":0.3333,"name":"EF/ef_dash_main/ef_dash_red_00005"},{"time":0.3666,"name":"EF/ef_dash_main/ef_dash_red_00006"},{"time":0.4,"name":"EF/ef_dash_main/ef_dash_red_00008"},{"time":0.4333,"name":"EF/ef_dash_main/ef_dash_red_00010"},{"time":0.4666,"name":"EF/ef_dash_main/ef_dash_red_00012"},{"time":0.5666,"name":null},{"time":2.9333,"name":"EF/ef_dash_main/ef_dash_red_00001"},{"time":2.9666,"name":"EF/ef_dash_main/ef_dash_red_00004"},{"time":3.0333,"name":"EF/ef_dash_main/ef_dash_red_00005"},{"time":3.1,"name":"EF/ef_dash_main/ef_dash_red_00006"},{"time":3.1666,"name":"EF/ef_dash_main/ef_dash_red_00008"},{"time":3.2333,"name":"EF/ef_dash_main/ef_dash_red_00010"},{"time":3.3,"name":"EF/ef_dash_main/ef_dash_red_00012"},{"time":3.4,"name":null}],"color":[{"time":0.4666,"color":"ffffffff"},{"time":0.5666,"color":"ffffff00","curve":"stepped"},{"time":2.9333,"color":"ffffffff","curve":"stepped"},{"time":3.3,"color":"ffffffff"},{"time":3.4,"color":"ffffff00"}]},"ef_dash_main2":{"attachment":[{"time":0.2333,"name":"EF/ef_dash_main/ef_dash_red_00001"},{"time":0.3,"name":"EF/ef_dash_main/ef_dash_red_00004"},{"time":0.3333,"name":"EF/ef_dash_main/ef_dash_red_00005"},{"time":0.3666,"name":"EF/ef_dash_main/ef_dash_red_00006"},{"time":0.4,"name":"EF/ef_dash_main/ef_dash_red_00008"},{"time":0.4333,"name":"EF/ef_dash_main/ef_dash_red_00010"},{"time":0.4666,"name":"EF/ef_dash_main/ef_dash_red_00012"},{"time":0.5666,"name":null}],"color":[{"time":0.4666,"color":"ffffffff"},{"time":0.5666,"color":"ffffff00"}]},"ef_graund_aura_main":{"attachment":[{"time":2.1666,"name":"EF/ef_graund_aura_main/ef_graund_aura_main_00001"},{"time":2.2333,"name":"EF/ef_graund_aura_main/ef_graund_aura_main_00002"},{"time":2.3,"name":"EF/ef_graund_aura_main/ef_graund_aura_main_00003"},{"time":2.3333,"name":"EF/ef_graund_aura_main/ef_graund_aura_main_00004"},{"time":2.3666,"name":"EF/ef_graund_aura_main/ef_graund_aura_main_00005"},{"time":2.4,"name":"EF/ef_graund_aura_main/ef_graund_aura_main_00006"},{"time":2.4333,"name":"EF/ef_graund_aura_main/ef_graund_aura_main_00007"},{"time":2.4666,"name":"EF/ef_graund_aura_main/ef_graund_aura_main_00008"},{"time":2.5,"name":"EF/ef_graund_aura_main/ef_graund_aura_main_00009"},{"time":2.5333,"name":"EF/ef_graund_aura_main/ef_graund_aura_main_00010"},{"time":2.5666,"name":"EF/ef_graund_aura_main/ef_graund_aura_main_00011"},{"time":2.6,"name":"EF/ef_graund_aura_main/ef_graund_aura_main_00012"},{"time":2.6333,"name":"EF/ef_graund_aura_main/ef_graund_aura_main_00013"},{"time":2.6666,"name":"EF/ef_graund_aura_main/ef_graund_aura_main_00014"},{"time":2.7,"name":"EF/ef_graund_aura_main/ef_graund_aura_main_00015"},{"time":2.7333,"name":"EF/ef_graund_aura_main/ef_graund_aura_main_00016"},{"time":2.7666,"name":"EF/ef_graund_aura_main/ef_graund_aura_main_00017"},{"time":2.8,"name":"EF/ef_graund_aura_main/ef_graund_aura_main_00018"},{"time":2.8333,"name":"EF/ef_graund_aura_main/ef_graund_aura_main_00019"},{"time":2.8666,"name":"EF/ef_graund_aura_main/ef_graund_aura_main_00020"},{"time":2.9,"name":"EF/ef_graund_aura_main/ef_graund_aura_main_00021"},{"time":2.9333,"name":null}]},"ef_graund_ex_main":{"attachment":[{"time":2.9333,"name":"EF/ef_graund_ex_main/ef_graund_ex_red_00002"},{"time":2.9666,"name":"EF/ef_graund_ex_main/ef_graund_ex_red_00003"},{"time":3,"name":"EF/ef_graund_ex_main/ef_graund_ex_red_00005"},{"time":3.0333,"name":"EF/ef_graund_ex_main/ef_graund_ex_red_00007"},{"time":3.0666,"name":"EF/ef_graund_ex_main/ef_graund_ex_red_00009"},{"time":3.1,"name":"EF/ef_graund_ex_main/ef_graund_ex_red_00010"},{"time":3.1333,"name":"EF/ef_graund_ex_main/ef_graund_ex_red_00011"},{"time":3.1666,"name":"EF/ef_graund_ex_main/ef_graund_ex_red_00012"},{"time":3.2333,"name":null}],"color":[{"time":3.1666,"color":"ffffffff"},{"time":3.2333,"color":"ffffff00"}]},"ef_power":{"attachment":[{"time":2.2,"name":"EF/ef_power/ef_power_red_00001"},{"time":2.2666,"name":"EF/ef_power/ef_power_red_00002"},{"time":2.3333,"name":"EF/ef_power/ef_power_red_00003"},{"time":2.4333,"name":"EF/ef_power/ef_power_red_00005"},{"time":2.5,"name":"EF/ef_power/ef_power_red_00007"},{"time":2.5666,"name":"EF/ef_power/ef_power_red_00009"},{"time":2.6333,"name":"EF/ef_power/ef_power_red_00011"},{"time":2.7,"name":"EF/ef_power/ef_power_red_00013"},{"time":2.8,"name":"EF/ef_power/ef_power_red_00015"},{"time":2.8666,"name":"EF/ef_power/ef_power_red_00016"},{"time":2.9333,"name":null}],"color":[{"time":2.2,"color":"ffffff7f"},{"time":2.2333,"color":"ffffffff"}]},"ef_rot_wave":{"attachment":[{"time":2.1666,"name":"EF/ef_rot_wave/ef_rot_wave_red_00001"},{"time":2.2333,"name":"EF/ef_rot_wave/ef_rot_wave_red_00002"},{"time":2.2666,"name":"EF/ef_rot_wave/ef_rot_wave_red_00003"},{"time":2.3333,"name":"EF/ef_rot_wave/ef_rot_wave_red_00004"},{"time":2.3666,"name":"EF/ef_rot_wave/ef_rot_wave_red_00005"},{"time":2.4333,"name":"EF/ef_rot_wave/ef_rot_wave_red_00006"},{"time":2.4666,"name":"EF/ef_rot_wave/ef_rot_wave_red_00007"},{"time":2.5333,"name":"EF/ef_rot_wave/ef_rot_wave_red_00008"},{"time":2.5666,"name":"EF/ef_rot_wave/ef_rot_wave_red_00009"},{"time":2.6333,"name":"EF/ef_rot_wave/ef_rot_wave_red_00010"},{"time":2.6666,"name":"EF/ef_rot_wave/ef_rot_wave_red_00011"},{"time":2.7333,"name":"EF/ef_rot_wave/ef_rot_wave_red_00012"},{"time":2.7666,"name":"EF/ef_rot_wave/ef_rot_wave_red_00013"},{"time":2.8333,"name":"EF/ef_rot_wave/ef_rot_wave_red_00014"},{"time":2.8666,"name":"EF/ef_rot_wave/ef_rot_wave_red_00015"},{"time":2.9333,"name":null}]},"ef_smash_attack_main":{"attachment":[{"time":0.8,"name":"EF/ef_smash_attack_main/ef_smash_attack_main_00001"},{"time":0.8333,"name":"EF/ef_smash_attack_main/ef_smash_attack_main_00002"},{"time":0.8666,"name":"EF/ef_smash_attack_main/ef_smash_attack_main_00003"},{"time":0.9,"name":"EF/ef_smash_attack_main/ef_smash_attack_main_00004"},{"time":0.9666,"name":null},{"time":1,"name":"EF/ef_smash_attack_main/ef_smash_attack_main_00001"},{"time":1.0333,"name":"EF/ef_smash_attack_main/ef_smash_attack_main_00002"},{"time":1.0666,"name":"EF/ef_smash_attack_main/ef_smash_attack_main_00003"},{"time":1.1,"name":"EF/ef_smash_attack_main/ef_smash_attack_main_00004"},{"time":1.1666,"name":null},{"time":1.2,"name":"EF/ef_smash_attack_main/ef_smash_attack_main_00001"},{"time":1.2333,"name":"EF/ef_smash_attack_main/ef_smash_attack_main_00002"},{"time":1.2666,"name":"EF/ef_smash_attack_main/ef_smash_attack_main_00003"},{"time":1.3,"name":"EF/ef_smash_attack_main/ef_smash_attack_main_00004"},{"time":1.3666,"name":null},{"time":1.4,"name":"EF/ef_smash_attack_main/ef_smash_attack_main_00001"},{"time":1.4333,"name":"EF/ef_smash_attack_main/ef_smash_attack_main_00002"},{"time":1.4666,"name":"EF/ef_smash_attack_main/ef_smash_attack_main_00003"},{"time":1.5,"name":"EF/ef_smash_attack_main/ef_smash_attack_main_00004"},{"time":1.5666,"name":null}],"color":[{"time":0.8,"color":"ffffffff","curve":"stepped"},{"time":0.9,"color":"ffffffff"},{"time":0.9666,"color":"ffffff00","curve":"stepped"},{"time":1,"color":"ffffffff","curve":"stepped"},{"time":1.1,"color":"ffffffff"},{"time":1.1666,"color":"ffffff00","curve":"stepped"},{"time":1.2,"color":"ffffffff","curve":"stepped"},{"time":1.3,"color":"ffffffff"},{"time":1.3666,"color":"ffffff00","curve":"stepped"},{"time":1.4,"color":"ffffffff","curve":"stepped"},{"time":1.5,"color":"ffffffff"},{"time":1.5666,"color":"ffffff00"}]},"ef_smash_wave_main":{"attachment":[{"time":0.8,"name":"EF/ef_smash_wave_main/ef_smash_wave_main_00001"},{"time":0.8333,"name":"EF/ef_smash_wave_main/ef_smash_wave_main_00002"},{"time":0.8666,"name":"EF/ef_smash_wave_main/ef_smash_wave_main_00003"},{"time":0.9,"name":"EF/ef_smash_wave_main/ef_smash_wave_main_00004"},{"time":0.9333,"name":"EF/ef_smash_wave_main/ef_smash_wave_main_00005"},{"time":0.9666,"name":null},{"time":1,"name":"EF/ef_smash_wave_main/ef_smash_wave_main_00001"},{"time":1.0333,"name":"EF/ef_smash_wave_main/ef_smash_wave_main_00002"},{"time":1.0666,"name":"EF/ef_smash_wave_main/ef_smash_wave_main_00003"},{"time":1.1,"name":"EF/ef_smash_wave_main/ef_smash_wave_main_00004"},{"time":1.1333,"name":"EF/ef_smash_wave_main/ef_smash_wave_main_00005"},{"time":1.1666,"name":null},{"time":1.2,"name":"EF/ef_smash_wave_main/ef_smash_wave_main_00001"},{"time":1.2333,"name":"EF/ef_smash_wave_main/ef_smash_wave_main_00002"},{"time":1.2666,"name":"EF/ef_smash_wave_main/ef_smash_wave_main_00003"},{"time":1.3,"name":"EF/ef_smash_wave_main/ef_smash_wave_main_00004"},{"time":1.3333,"name":"EF/ef_smash_wave_main/ef_smash_wave_main_00005"},{"time":1.3666,"name":null},{"time":1.4,"name":"EF/ef_smash_wave_main/ef_smash_wave_main_00001"},{"time":1.4333,"name":"EF/ef_smash_wave_main/ef_smash_wave_main_00002"},{"time":1.4666,"name":"EF/ef_smash_wave_main/ef_smash_wave_main_00003"},{"time":1.5,"name":"EF/ef_smash_wave_main/ef_smash_wave_main_00004"},{"time":1.5333,"name":"EF/ef_smash_wave_main/ef_smash_wave_main_00005"},{"time":1.6666,"name":null},{"time":2.9333,"name":"EF/ef_smash_wave_main/ef_smash_wave_main_00001"},{"time":2.9666,"name":"EF/ef_smash_wave_main/ef_smash_wave_main_00002"},{"time":3,"name":"EF/ef_smash_wave_main/ef_smash_wave_main_00003"},{"time":3.0333,"name":"EF/ef_smash_wave_main/ef_smash_wave_main_00004"},{"time":3.0666,"name":"EF/ef_smash_wave_main/ef_smash_wave_main_00005"},{"time":3.1333,"name":null}],"color":[{"time":0.8,"color":"ffffffff","curve":"stepped"},{"time":1.5333,"color":"ffffffff"},{"time":1.6666,"color":"ffffff00","curve":"stepped"},{"time":2.9333,"color":"ffffffff","curve":"stepped"},{"time":3.0666,"color":"ffffffff"},{"time":3.1333,"color":"ffffff00"}]},"ef_smash_wave_main_a2":{"attachment":[{"time":2.9333,"name":"EF/ef_smash_wave_main/ef_smash_wave_main_00001"},{"time":2.9666,"name":"EF/ef_smash_wave_main/ef_smash_wave_main_00002"},{"time":3.0333,"name":"EF/ef_smash_wave_main/ef_smash_wave_main_00003"},{"time":3.0666,"name":"EF/ef_smash_wave_main/ef_smash_wave_main_00004"},{"time":3.1,"name":"EF/ef_smash_wave_main/ef_smash_wave_main_00005"},{"time":3.2,"name":null}],"color":[{"time":2.9333,"color":"ffffffff","curve":"stepped"},{"time":3.1,"color":"ffffffff"},{"time":3.2,"color":"ffffff00"}]},"ef_smash_wave_main_a3":{"attachment":[{"time":3.0333,"name":"EF/ef_smash_wave_main/ef_smash_wave_main_00001"},{"time":3.0666,"name":"EF/ef_smash_wave_main/ef_smash_wave_main_00002"},{"time":3.1333,"name":"EF/ef_smash_wave_main/ef_smash_wave_main_00003"},{"time":3.1666,"name":"EF/ef_smash_wave_main/ef_smash_wave_main_00004"},{"time":3.2,"name":"EF/ef_smash_wave_main/ef_smash_wave_main_00005"},{"time":3.2666,"name":null}],"color":[{"time":3.0333,"color":"ffffffff","curve":"stepped"},{"time":3.0666,"color":"ffffffff","curve":[0.284,0.76,0.31,0.91]},{"time":3.2666,"color":"ffffff00"}]},"ef_smash_wave_main_b":{"attachment":[{"time":2.9333,"name":"EF/ef_smash_wave_main2/ef_smash_wave_main 2_00001"},{"time":3,"name":"EF/ef_smash_wave_main2/ef_smash_wave_main 2_00003"},{"time":3.0666,"name":"EF/ef_smash_wave_main2/ef_smash_wave_main 2_00005"},{"time":3.1333,"name":"EF/ef_smash_wave_main2/ef_smash_wave_main 2_00006"},{"time":3.2,"name":null}],"color":[{"time":2.9333,"color":"ffffffff","curve":"stepped"},{"time":3.1333,"color":"ffffffff"},{"time":3.2,"color":"ffffff00"}]},"ef_wave_main_red":{"attachment":[{"time":0.8,"name":"EF/ef_wave_main_red/ef_wave_red_00001"},{"time":0.8333,"name":"EF/ef_wave_main_red/ef_wave_red_00002"},{"time":0.8666,"name":"EF/ef_wave_main_red/ef_wave_red_00003"},{"time":0.9666,"name":null},{"time":1,"name":"EF/ef_wave_main_red/ef_wave_red_00001"},{"time":1.0333,"name":"EF/ef_wave_main_red/ef_wave_red_00002"},{"time":1.0666,"name":"EF/ef_wave_main_red/ef_wave_red_00003"},{"time":1.1666,"name":null},{"time":1.2,"name":"EF/ef_wave_main_red/ef_wave_red_00001"},{"time":1.2333,"name":"EF/ef_wave_main_red/ef_wave_red_00002"},{"time":1.2666,"name":"EF/ef_wave_main_red/ef_wave_red_00003"},{"time":1.3666,"name":null},{"time":1.4,"name":"EF/ef_wave_main_red/ef_wave_red_00001"},{"time":1.4333,"name":"EF/ef_wave_main_red/ef_wave_red_00002"},{"time":1.4666,"name":"EF/ef_wave_main_red/ef_wave_red_00003"},{"time":1.5666,"name":null}],"color":[{"time":0.8,"color":"ffffffff","curve":"stepped"},{"time":0.8666,"color":"ffffffff"},{"time":0.9666,"color":"ffffff00","curve":"stepped"},{"time":1,"color":"ffffffff","curve":"stepped"},{"time":1.0666,"color":"ffffffff"},{"time":1.1666,"color":"ffffff00","curve":"stepped"},{"time":1.2,"color":"ffffffff","curve":"stepped"},{"time":1.2666,"color":"ffffffff"},{"time":1.3666,"color":"ffffff00","curve":"stepped"},{"time":1.4,"color":"ffffffff","curve":"stepped"},{"time":1.4666,"color":"ffffffff"},{"time":1.5666,"color":"ffffff00"}]},"ef_wind_slash_red":{"attachment":[{"time":2.9333,"name":"EF/ef_wind_slash_red/ef_wind_slash_red_00003"},{"time":2.9666,"name":"EF/ef_wind_slash_red/ef_wind_slash_red_00004"},{"time":3,"name":"EF/ef_wind_slash_red/ef_wind_slash_red_00005"},{"time":3.0333,"name":"EF/ef_wind_slash_red/ef_wind_slash_red_00006"},{"time":3.0666,"name":"EF/ef_wind_slash_red/ef_wind_slash_red_00007"},{"time":3.1,"name":"EF/ef_wind_slash_red/ef_wind_slash_red_00008"},{"time":3.1333,"name":"EF/ef_wind_slash_red/ef_wind_slash_red_00009"},{"time":3.1666,"name":"EF/ef_wind_slash_red/ef_wind_slash_red_00010"},{"time":3.2,"name":"EF/ef_wind_slash_red/ef_wind_slash_red_00011"},{"time":3.2333,"name":"EF/ef_wind_slash_red/ef_wind_slash_red_00013"},{"time":3.2666,"name":"EF/ef_wind_slash_red/ef_wind_slash_red_00014"},{"time":3.3666,"name":null}],"color":[{"time":3.2666,"color":"ffffffff"},{"time":3.3666,"color":"ffffff00"}]},"graund_wave_A_red":{"attachment":[{"time":0.2333,"name":"EF/graund_wave_A_red/ef_graund_wave_A_red_00003"},{"time":0.2666,"name":"EF/graund_wave_A_red/ef_graund_wave_A_red_00004"},{"time":0.3,"name":"EF/graund_wave_A_red/ef_graund_wave_A_red_00006"},{"time":0.3333,"name":"EF/graund_wave_A_red/ef_graund_wave_A_red_00008"},{"time":0.3666,"name":"EF/graund_wave_A_red/ef_graund_wave_A_red_00009"},{"time":0.4,"name":"EF/graund_wave_A_red/ef_graund_wave_A_red_00011"},{"time":0.4333,"name":"EF/graund_wave_A_red/ef_graund_wave_A_red_00013"},{"time":0.5666,"name":null},{"time":2.9333,"name":"EF/graund_wave_A_red/ef_graund_wave_A_red_00003"},{"time":2.9666,"name":"EF/graund_wave_A_red/ef_graund_wave_A_red_00004"},{"time":3,"name":"EF/graund_wave_A_red/ef_graund_wave_A_red_00006"},{"time":3.0333,"name":"EF/graund_wave_A_red/ef_graund_wave_A_red_00008"},{"time":3.0666,"name":"EF/graund_wave_A_red/ef_graund_wave_A_red_00009"},{"time":3.1,"name":"EF/graund_wave_A_red/ef_graund_wave_A_red_00011"},{"time":3.1333,"name":"EF/graund_wave_A_red/ef_graund_wave_A_red_00013"},{"time":3.2666,"name":null}],"color":[{"time":0.4333,"color":"ffffffff"},{"time":0.5666,"color":"ffffff00","curve":"stepped"},{"time":2.9333,"color":"ffffffff","curve":"stepped"},{"time":3.1333,"color":"ffffffff"},{"time":3.2666,"color":"ffffff00"}]},"graund_wave_A_red2":{"attachment":[{"time":0.3,"name":"EF/graund_wave_A_red/ef_graund_wave_A_red_00003"},{"time":0.3333,"name":"EF/graund_wave_A_red/ef_graund_wave_A_red_00004"},{"time":0.3666,"name":"EF/graund_wave_A_red/ef_graund_wave_A_red_00006"},{"time":0.4,"name":"EF/graund_wave_A_red/ef_graund_wave_A_red_00008"},{"time":0.4333,"name":"EF/graund_wave_A_red/ef_graund_wave_A_red_00009"},{"time":0.4666,"name":"EF/graund_wave_A_red/ef_graund_wave_A_red_00011"},{"time":0.5,"name":"EF/graund_wave_A_red/ef_graund_wave_A_red_00013"},{"time":0.6333,"name":null},{"time":3.0333,"name":"EF/graund_wave_A_red/ef_graund_wave_A_red_00003"},{"time":3.0666,"name":"EF/graund_wave_A_red/ef_graund_wave_A_red_00004"},{"time":3.1,"name":"EF/graund_wave_A_red/ef_graund_wave_A_red_00006"},{"time":3.1333,"name":"EF/graund_wave_A_red/ef_graund_wave_A_red_00008"},{"time":3.1666,"name":"EF/graund_wave_A_red/ef_graund_wave_A_red_00009"},{"time":3.2,"name":"EF/graund_wave_A_red/ef_graund_wave_A_red_00011"},{"time":3.2333,"name":"EF/graund_wave_A_red/ef_graund_wave_A_red_00013"},{"time":3.3666,"name":null}],"color":[{"time":0.5,"color":"ffffffff"},{"time":0.6333,"color":"ffffff00","curve":"stepped"},{"time":3.0333,"color":"ffffffff","curve":"stepped"},{"time":3.2333,"color":"ffffffff"},{"time":3.3666,"color":"ffffff00"}]},"graund_wave_A_red3":{"attachment":[{"time":3.1333,"name":"EF/graund_wave_A_red/ef_graund_wave_A_red_00003"},{"time":3.1666,"name":"EF/graund_wave_A_red/ef_graund_wave_A_red_00004"},{"time":3.2,"name":"EF/graund_wave_A_red/ef_graund_wave_A_red_00006"},{"time":3.2333,"name":"EF/graund_wave_A_red/ef_graund_wave_A_red_00008"},{"time":3.2666,"name":"EF/graund_wave_A_red/ef_graund_wave_A_red_00009"},{"time":3.3,"name":"EF/graund_wave_A_red/ef_graund_wave_A_red_00011"},{"time":3.3333,"name":"EF/graund_wave_A_red/ef_graund_wave_A_red_00013"},{"time":3.4666,"name":null}],"color":[{"time":3.1333,"color":"ffffffff","curve":"stepped"},{"time":3.3333,"color":"ffffffff"},{"time":3.4666,"color":"ffffff00"}]}},"bones":{"MAIN":{"rotate":[{"time":0.2333,"angle":0},{"time":0.4,"angle":-20.18,"curve":"stepped"},{"time":0.4333,"angle":0,"curve":[0.114,0.64,0.75,1]},{"time":0.5,"angle":-8.53,"curve":"stepped"},{"time":0.5333,"angle":18.18,"curve":"stepped"},{"time":0.8666,"angle":18.18,"curve":"stepped"},{"time":0.9333,"angle":14.43,"curve":"stepped"},{"time":1.0666,"angle":7.32,"curve":"stepped"},{"time":1.4,"angle":2.02},{"time":1.4666,"angle":-13.31,"curve":"stepped"},{"time":1.5,"angle":0},{"time":1.5333,"angle":-12.63,"curve":"stepped"},{"time":1.5666,"angle":8.98},{"time":1.7,"angle":0}],"translate":[{"time":0.1666,"x":0,"y":0},{"time":0.2,"x":0,"y":-10,"curve":"stepped"},{"time":0.2333,"x":0,"y":0},{"time":0.4333,"x":100,"y":233,"curve":[0.152,0.35,0.75,1]},{"time":0.5333,"x":110,"y":243,"curve":[0.091,0.5,0.75,1]},{"time":0.7666,"x":115,"y":248,"curve":"stepped"},{"time":0.8,"x":115,"y":248},{"time":0.8333,"x":122,"y":255},{"time":0.9,"x":111,"y":244,"curve":"stepped"},{"time":1,"x":111,"y":244},{"time":1.0333,"x":118,"y":251},{"time":1.1,"x":114,"y":247,"curve":"stepped"},{"time":1.2,"x":114,"y":247},{"time":1.2333,"x":121,"y":254},{"time":1.3,"x":117,"y":250,"curve":"stepped"},{"time":1.4,"x":117,"y":250},{"time":1.4333,"x":140,"y":263},{"time":1.5,"x":165,"y":278,"curve":[0.25,0,0.75,1]},{"time":1.7333,"x":200,"y":0},{"time":1.7666,"x":200,"y":-12,"curve":[0.111,0.47,0.75,1]},{"time":1.8333,"x":200,"y":0,"curve":"stepped"},{"time":1.9666,"x":224.39,"y":0,"curve":"stepped"},{"time":2.9333,"x":224.39,"y":0,"curve":[0.165,0.78,0.265,0.92]},{"time":3,"x":242.71,"y":0},{"time":3.1,"x":224.39,"y":0}]},"MAIN_graund_wave_A_red":{"translate":[{"time":0.2333,"x":-700,"y":0,"curve":"stepped"},{"time":2.9333,"x":-475,"y":0}],"scale":[{"time":0.2333,"x":1.5,"y":1.5},{"time":0.5666,"x":2,"y":2,"curve":"stepped"},{"time":2.9333,"x":1.5,"y":1.5},{"time":3.2666,"x":3,"y":3}]},"ef_dash_main":{"translate":[{"time":0.2333,"x":-519.59,"y":0,"curve":"stepped"},{"time":2.9333,"x":-255.11,"y":0}],"scale":[{"time":0.2333,"x":-0.5,"y":0.5,"curve":"stepped"},{"time":2.9333,"x":0.8,"y":0.8},{"time":3.4,"x":1,"y":1}]},"ef_dash_main2":{"translate":[{"time":0.2333,"x":-476.39,"y":0}],"scale":[{"time":0.2333,"x":0.25,"y":0.25}]},"ef_smash_attack_main":{"rotate":[{"time":0.8,"angle":40.03,"curve":"stepped"},{"time":1,"angle":37.82,"curve":"stepped"},{"time":1.2,"angle":23.38,"curve":"stepped"},{"time":1.4,"angle":18.28}],"translate":[{"time":0.8,"x":-342.49,"y":-92.97,"curve":"stepped"},{"time":1,"x":-347.07,"y":-94.57,"curve":"stepped"},{"time":1.2,"x":-360.45,"y":-80.58,"curve":"stepped"},{"time":1.4,"x":-365.37,"y":-75.64}],"scale":[{"time":0.8,"x":1,"y":1},{"time":0.9666,"x":1.5,"y":1.5,"curve":"stepped"},{"time":1,"x":1,"y":1},{"time":1.1666,"x":1.5,"y":1.5,"curve":"stepped"},{"time":1.2,"x":1,"y":1},{"time":1.3666,"x":1.5,"y":1.5,"curve":"stepped"},{"time":1.4,"x":1,"y":1},{"time":1.5666,"x":1.5,"y":1.5}]},"ef_wave_main_red":{"rotate":[{"time":0.8,"angle":41.9,"curve":"stepped"},{"time":1,"angle":33,"curve":"stepped"},{"time":1.2,"angle":27.11,"curve":"stepped"},{"time":1.4,"angle":27.11}],"translate":[{"time":0.8,"x":-210.64,"y":-66.71},{"time":0.9666,"x":-242.97,"y":-93.36,"curve":"stepped"},{"time":1,"x":-210.64,"y":-66.71},{"time":1.1666,"x":-247.87,"y":-91.96,"curve":"stepped"},{"time":1.2,"x":-230.24,"y":-63.91},{"time":1.3666,"x":-256.97,"y":-79.36,"curve":"stepped"},{"time":1.4,"x":-230.24,"y":-63.91},{"time":1.5666,"x":-256.97,"y":-79.36}],"scale":[{"time":0.8,"x":1,"y":1},{"time":0.9666,"x":1.5,"y":1.5,"curve":"stepped"},{"time":1,"x":1,"y":1},{"time":1.1666,"x":1.5,"y":1.5,"curve":"stepped"},{"time":1.2,"x":1,"y":1},{"time":1.3666,"x":1.5,"y":1.5,"curve":"stepped"},{"time":1.4,"x":1,"y":1},{"time":1.5666,"x":1.5,"y":1.5}]},"ef_smash_wave_main_a":{"rotate":[{"time":0.8,"angle":40.62,"curve":"stepped"},{"time":1,"angle":32.63,"curve":"stepped"},{"time":1.2,"angle":26.99,"curve":"stepped"},{"time":1.4,"angle":25.02,"curve":"stepped"},{"time":2.9333,"angle":0}],"translate":[{"time":0.8,"x":-310.7,"y":-266.69},{"time":0.9666,"x":-305.33,"y":-261.51,"curve":"stepped"},{"time":1,"x":-310.7,"y":-266.69},{"time":1.1666,"x":-305.33,"y":-262.98,"curve":"stepped"},{"time":1.2,"x":-330.3,"y":-263.92},{"time":1.3666,"x":-305.33,"y":-252.65,"curve":"stepped"},{"time":1.4,"x":-330.27,"y":-263.94},{"time":1.6666,"x":-296.58,"y":-250.62,"curve":"stepped"},{"time":2.9333,"x":-242.08,"y":-424.54},{"time":3.1333,"x":-188.55,"y":-424.54}],"scale":[{"time":0.8,"x":1,"y":1},{"time":0.9666,"x":1.2,"y":1.2,"curve":"stepped"},{"time":1,"x":1,"y":1},{"time":1.1666,"x":1.2,"y":1.2,"curve":"stepped"},{"time":1.2,"x":1,"y":1},{"time":1.3666,"x":1.2,"y":1.2,"curve":"stepped"},{"time":1.4,"x":1,"y":1},{"time":1.6666,"x":1.5,"y":1.5,"curve":"stepped"},{"time":2.9333,"x":1,"y":1},{"time":3.1333,"x":1.5,"y":1.5}]},"MAIN_graund_wave_A_red2":{"translate":[{"time":0.3,"x":-700,"y":0,"curve":"stepped"},{"time":3.0333,"x":-475,"y":0}],"scale":[{"time":0.3,"x":1.5,"y":1.5},{"time":0.6333,"x":2,"y":2,"curve":"stepped"},{"time":3.0333,"x":1.5,"y":1.5},{"time":3.3666,"x":3,"y":3}]},"ef_rot_wave":{"translate":[{"time":2.1666,"x":-175.17,"y":0}],"scale":[{"time":2.1666,"x":2.2,"y":2.2},{"time":2.9333,"x":2,"y":2}]},"ef_graund_aura_main":{"translate":[{"time":2.1666,"x":-375,"y":0}],"scale":[{"time":2.1666,"x":1,"y":1},{"time":2.9333,"x":1.1,"y":1.1}]},"MAIN_graund_wave_A_red3":{"translate":[{"time":3.1333,"x":-475,"y":0}],"scale":[{"time":3.1333,"x":1.5,"y":1.5},{"time":3.4666,"x":3,"y":3}]},"ef_graund_ex_main":{"rotate":[{"time":2.9333,"angle":90}],"translate":[{"time":2.9333,"x":-229.63,"y":-114.65}],"scale":[{"time":2.9333,"x":1.5,"y":1.5},{"time":3.2333,"x":1.6,"y":1.6}]},"ef_smash_wave_main_b":{"rotate":[{"time":2.9333,"angle":0}],"translate":[{"time":2.9333,"x":-244.99,"y":-524.4},{"time":3.2,"x":-220.14,"y":-524.4}],"scale":[{"time":2.9333,"x":1,"y":1},{"time":3.2,"x":1.2,"y":1.2}]},"ef_smash_wave_main_a2":{"rotate":[{"time":2.9333,"angle":0}],"translate":[{"time":2.9333,"x":-242.08,"y":-424.54,"curve":[0.211,0,0.236,0.97]},{"time":3.2,"x":-381.08,"y":-424.54}],"scale":[{"time":2.9333,"x":1,"y":1,"curve":[0.113,0.79,0.019,0.97]},{"time":3.2,"x":2,"y":2}]},"ef_smash_wave_main_a3":{"rotate":[{"time":3.0333,"angle":0}],"translate":[{"time":3.0333,"x":-242.08,"y":-424.54},{"time":3.2666,"x":-381.08,"y":-424.54}],"scale":[{"time":3.0333,"x":1,"y":1,"curve":[0.118,0.75,0.352,0.96]},{"time":3.2666,"x":2,"y":2}]},"ef_power":{"translate":[{"time":2.2,"x":-198.3,"y":-113.85}],"scale":[{"time":2.2,"x":3.5,"y":3.5},{"time":2.9333,"x":3,"y":3}]},"ef_wind_slash_red":{"rotate":[{"time":2.9333,"angle":-89.26}],"translate":[{"time":2.9333,"x":26.49,"y":-343.29}],"scale":[{"time":2.9333,"x":1,"y":3}]}},"events":[{"time":0,"name":"Voice","string":"cri_258_voice_fullarts_now"},{"time":0.2333,"name":"Sound1","string":"cri_se_battle_skill_shot"},{"time":0.8,"name":"Event","string":"addOrbitSystemShot(SHOT1skill2,EXPLOSION1,1)"},{"time":0.8,"name":"Sound1","string":"cri_se_battle_gun_burst"},{"time":1,"name":"Event","string":"addOrbitSystemShot(SHOT2skill2,EXPLOSION2,1)"},{"time":1,"name":"Sound1","string":"cri_se_battle_gun_burst"},{"time":1.2,"name":"Event","string":"addOrbitSystemShot(SHOT3skill2,EXPLOSION3,1)"},{"time":1.2,"name":"Sound1","string":"cri_se_battle_gun_burst"},{"time":1.4,"name":"Event","string":"addOrbitSystemShot(SHOT4skill2,EXPLOSION1,1)"},{"time":1.4,"name":"Sound1","string":"cri_se_battle_gun_burst"},{"time":1.7333,"name":"Sound1","string":"cri_se_battle_landing"},{"time":2.1666,"name":"Sound1","string":"cri_se_battle_charge"},{"time":2.1666,"name":"Voice","string":"cri_258_voice_fullarts_rank5"},{"time":2.9333,"name":"Event","string":"addOrbitSystemShot(SHOT5skill2,EXPLOSION1skill2,1)"},{"time":2.9333,"name":"Sound1","string":"cri_se_battle_033_explosion_element_01"}]}}}