{"skeleton":{"hash":"TXStOa112ciGGPhafuA+HB8GqkA","spine":"3.0.12","width":0,"height":0,"images":"./images/"},"bones":[{"name":"root"},{"name":"MAIN","parent":"root","y":93}],"slots":[{"name":"MAIN","bone":"MAIN","attachment":"idle_00"}],"skins":{"default":{"MAIN":{"idle_00":{"width":208,"height":227},"idle_01":{"width":208,"height":227},"idle_02":{"width":208,"height":227},"idle_03":{"width":208,"height":227}}}},"events":{"Event":{},"Hit":{},"Sound":{},"View":{},"sound_1":{},"sound_2":{},"sound_3":{},"sound_4":{},"voice":{}},"animations":{"idle":{"slots":{"MAIN":{"attachment":[{"time":0,"name":"idle_00"},{"time":0.2333,"name":"idle_01"},{"time":0.4,"name":"idle_02"},{"time":0.6,"name":"idle_03"},{"time":0.8333,"name":"idle_00"}]}},"bones":{"MAIN":{"translate":[{"time":0,"x":0,"y":0,"curve":[0.109,0.39,0.75,1]},{"time":0.2333,"x":0,"y":-8,"curve":[0.643,-0.18,0.407,1]},{"time":0.5666,"x":0,"y":13,"curve":"stepped"},{"time":0.6,"x":0,"y":7,"curve":[0.159,-0.16,0.211,-0.14]},{"time":0.8333,"x":0,"y":0}]}},"events":[{"time":0.4,"name":"sound_1","string":"cri_se_battle_Flutter"}]}}}