{"skeleton":{"hash":"l0acVJSJIcMlkb24q6yXm11yxzU","spine":"3.0.12","width":796,"height":658},"bones":[{"name":"root"},{"name":"MAIN","parent":"root"},{"name":"Boundingbox","parent":"root"}],"slots":[{"name":"1006","bone":"MAIN","attachment":"1006"},{"name":"1005","bone":"MAIN","attachment":"1005"},{"name":"1004","bone":"MAIN","attachment":"1004"},{"name":"1002","bone":"MAIN","attachment":"1002"},{"name":"face_1","bone":"MAIN","attachment":"face_1"},{"name":"Boundingbox","bone":"Boundingbox"}],"skins":{"default":{"1002":{"1002":{"x":-126,"y":611,"width":124,"height":194},"1003":{"x":-126,"y":611.5,"width":124,"height":195}},"1004":{"1004":{"x":-39.5,"y":290,"width":591,"height":448}},"1005":{"1005":{"x":358.5,"y":157.5,"width":205,"height":171}},"1006":{"1006":{"x":259,"y":70,"width":6,"height":8}},"Boundingbox":{"Boundingbox":{"type":"boundingbox","vertices":[-108.58386,106.88759,-108.58386,-105.46733,104.12,-106.62334,104.88118,107.2366]}},"face_1":{"face_1":{"x":13.5,"y":619,"width":155,"height":210},"face_2":{"x":13.5,"y":619,"width":155,"height":210},"face_3":{"x":13.5,"y":621,"width":155,"height":214},"face_4":{"x":13.5,"y":619,"width":155,"height":210},"face_5":{"x":13.5,"y":619,"width":155,"height":210},"face_6":{"x":13.5,"y":619,"width":155,"height":210},"face_7":{"x":13.5,"y":619,"width":155,"height":210},"face_8":{"x":13.5,"y":619,"width":155,"height":210},"face_9":{"x":13.5,"y":619,"width":155,"height":210}}}},"animations":{"1":{"slots":{"1002":{"attachment":[{"time":0,"name":"1002"}]},"1004":{"attachment":[{"time":0,"name":"1004"}]},"1005":{"attachment":[{"time":0,"name":"1005"}]},"1006":{"attachment":[{"time":0,"name":"1006"}]},"face_1":{"attachment":[{"time":0,"name":"face_1"}]}}},"2":{"slots":{"1002":{"attachment":[{"time":0,"name":"1002"}]},"1004":{"attachment":[{"time":0,"name":"1004"}]},"1005":{"attachment":[{"time":0,"name":"1005"}]},"1006":{"attachment":[{"time":0,"name":"1006"}]},"face_1":{"attachment":[{"time":0,"name":"face_2"}]}}},"3":{"slots":{"1002":{"attachment":[{"time":0,"name":"1003"}]},"1004":{"attachment":[{"time":0,"name":"1004"}]},"1005":{"attachment":[{"time":0,"name":"1005"}]},"1006":{"attachment":[{"time":0,"name":"1006"}]},"face_1":{"attachment":[{"time":0,"name":"face_3"}]}}},"4":{"slots":{"1002":{"attachment":[{"time":0,"name":"1002"}]},"1004":{"attachment":[{"time":0,"name":"1004"}]},"1005":{"attachment":[{"time":0,"name":"1005"}]},"1006":{"attachment":[{"time":0,"name":"1006"}]},"face_1":{"attachment":[{"time":0,"name":"face_4"}]}}},"5":{"slots":{"1002":{"attachment":[{"time":0,"name":"1002"}]},"1004":{"attachment":[{"time":0,"name":"1004"}]},"1005":{"attachment":[{"time":0,"name":"1005"}]},"1006":{"attachment":[{"time":0,"name":"1006"}]},"face_1":{"attachment":[{"time":0,"name":"face_5"}]}}},"6":{"slots":{"1002":{"attachment":[{"time":0,"name":"1002"}]},"1004":{"attachment":[{"time":0,"name":"1004"}]},"1005":{"attachment":[{"time":0,"name":"1005"}]},"1006":{"attachment":[{"time":0,"name":"1006"}]},"face_1":{"attachment":[{"time":0,"name":"face_6"}]}}},"7":{"slots":{"1002":{"attachment":[{"time":0,"name":"1002"}]},"1004":{"attachment":[{"time":0,"name":"1004"}]},"1005":{"attachment":[{"time":0,"name":"1005"}]},"1006":{"attachment":[{"time":0,"name":"1006"}]},"face_1":{"attachment":[{"time":0,"name":"face_7"}]}}},"8":{"slots":{"1002":{"attachment":[{"time":0,"name":"1002"}]},"1004":{"attachment":[{"time":0,"name":"1004"}]},"1005":{"attachment":[{"time":0,"name":"1005"}]},"1006":{"attachment":[{"time":0,"name":"1006"}]},"face_1":{"attachment":[{"time":0,"name":"face_8"}]}}},"9":{"slots":{"1002":{"attachment":[{"time":0,"name":"1002"}]},"1004":{"attachment":[{"time":0,"name":"1004"}]},"1005":{"attachment":[{"time":0,"name":"1005"}]},"1006":{"attachment":[{"time":0,"name":"1006"}]},"face_1":{"attachment":[{"time":0,"name":"face_9"}]}}},"window-1":{"slots":{"1002":{"attachment":[{"time":0,"name":"1002"}]},"1004":{"attachment":[{"time":0,"name":"1004"}]},"1005":{"attachment":[{"time":0,"name":"1005"}]},"1006":{"attachment":[{"time":0,"name":"1006"}]},"Boundingbox":{"attachment":[{"time":0,"name":"Boundingbox"}]},"face_1":{"attachment":[{"time":0,"name":"face_1"}]}},"bones":{"MAIN":{"scale":[{"time":0,"x":1.051,"y":1.051}]},"Boundingbox":{"translate":[{"time":0,"x":-49.83,"y":669.76}]}}},"window-2":{"slots":{"1002":{"attachment":[{"time":0,"name":"1002"}]},"1004":{"attachment":[{"time":0,"name":"1004"}]},"1005":{"attachment":[{"time":0,"name":"1005"}]},"1006":{"attachment":[{"time":0,"name":"1006"}]},"Boundingbox":{"attachment":[{"time":0,"name":"Boundingbox"}]},"face_1":{"attachment":[{"time":0,"name":"face_2"}]}},"bones":{"MAIN":{"scale":[{"time":0,"x":1.051,"y":1.051}]},"Boundingbox":{"translate":[{"time":0,"x":-49.83,"y":669.76}]}}},"window-3":{"slots":{"1002":{"attachment":[{"time":0,"name":"1003"}]},"1004":{"attachment":[{"time":0,"name":"1004"}]},"1005":{"attachment":[{"time":0,"name":"1005"}]},"1006":{"attachment":[{"time":0,"name":"1006"}]},"Boundingbox":{"attachment":[{"time":0,"name":"Boundingbox"}]},"face_1":{"attachment":[{"time":0,"name":"face_3"}]}},"bones":{"MAIN":{"scale":[{"time":0,"x":1.051,"y":1.051}]},"Boundingbox":{"translate":[{"time":0,"x":-49.83,"y":669.76}]}}},"window-4":{"slots":{"1002":{"attachment":[{"time":0,"name":"1002"}]},"1004":{"attachment":[{"time":0,"name":"1004"}]},"1005":{"attachment":[{"time":0,"name":"1005"}]},"1006":{"attachment":[{"time":0,"name":"1006"}]},"Boundingbox":{"attachment":[{"time":0,"name":"Boundingbox"}]},"face_1":{"attachment":[{"time":0,"name":"face_4"}]}},"bones":{"MAIN":{"scale":[{"time":0,"x":1.051,"y":1.051}]},"Boundingbox":{"translate":[{"time":0,"x":-49.83,"y":669.76}]}}},"window-5":{"slots":{"1002":{"attachment":[{"time":0,"name":"1002"}]},"1004":{"attachment":[{"time":0,"name":"1004"}]},"1005":{"attachment":[{"time":0,"name":"1005"}]},"1006":{"attachment":[{"time":0,"name":"1006"}]},"Boundingbox":{"attachment":[{"time":0,"name":"Boundingbox"}]},"face_1":{"attachment":[{"time":0,"name":"face_5"}]}},"bones":{"MAIN":{"scale":[{"time":0,"x":1.051,"y":1.051}]},"Boundingbox":{"translate":[{"time":0,"x":-49.83,"y":669.76}]}}},"window-6":{"slots":{"1002":{"attachment":[{"time":0,"name":"1002"}]},"1004":{"attachment":[{"time":0,"name":"1004"}]},"1005":{"attachment":[{"time":0,"name":"1005"}]},"1006":{"attachment":[{"time":0,"name":"1006"}]},"Boundingbox":{"attachment":[{"time":0,"name":"Boundingbox"}]},"face_1":{"attachment":[{"time":0,"name":"face_6"}]}},"bones":{"MAIN":{"scale":[{"time":0,"x":1.051,"y":1.051}]},"Boundingbox":{"translate":[{"time":0,"x":-49.83,"y":669.76}]}}},"window-7":{"slots":{"1002":{"attachment":[{"time":0,"name":"1002"}]},"1004":{"attachment":[{"time":0,"name":"1004"}]},"1005":{"attachment":[{"time":0,"name":"1005"}]},"1006":{"attachment":[{"time":0,"name":"1006"}]},"Boundingbox":{"attachment":[{"time":0,"name":"Boundingbox"}]},"face_1":{"attachment":[{"time":0,"name":"face_7"}]}},"bones":{"MAIN":{"scale":[{"time":0,"x":1.051,"y":1.051}]},"Boundingbox":{"translate":[{"time":0,"x":-49.83,"y":669.76}]}}},"window-8":{"slots":{"1002":{"attachment":[{"time":0,"name":"1002"}]},"1004":{"attachment":[{"time":0,"name":"1004"}]},"1005":{"attachment":[{"time":0,"name":"1005"}]},"1006":{"attachment":[{"time":0,"name":"1006"}]},"Boundingbox":{"attachment":[{"time":0,"name":"Boundingbox"}]},"face_1":{"attachment":[{"time":0,"name":"face_8"}]}},"bones":{"MAIN":{"scale":[{"time":0,"x":1.051,"y":1.051}]},"Boundingbox":{"translate":[{"time":0,"x":-49.83,"y":669.76}]}}},"window-9":{"slots":{"1002":{"attachment":[{"time":0,"name":"1002"}]},"1004":{"attachment":[{"time":0,"name":"1004"}]},"1005":{"attachment":[{"time":0,"name":"1005"}]},"1006":{"attachment":[{"time":0,"name":"1006"}]},"Boundingbox":{"attachment":[{"time":0,"name":"Boundingbox"}]},"face_1":{"attachment":[{"time":0,"name":"face_9"}]}},"bones":{"MAIN":{"scale":[{"time":0,"x":1.051,"y":1.051}]},"Boundingbox":{"translate":[{"time":0,"x":-49.83,"y":669.76}]}}}}}