{"skeleton":{"hash":"RZYr/7UHBcFOgblZeHfOcs7zbNI","spine":"3.0.12","width":490,"height":606},"bones":[{"name":"root"},{"name":"MAIN","parent":"root"},{"name":"Boundingbox","parent":"root"}],"slots":[{"name":"12_11","bone":"MAIN","attachment":"12_11"},{"name":"12_10","bone":"MAIN","attachment":"12_10"},{"name":"12_9","bone":"MAIN","attachment":"12_9"},{"name":"12_8","bone":"MAIN","attachment":"12_8"},{"name":"12_7","bone":"MAIN","attachment":"12_7"},{"name":"12_6","bone":"MAIN","attachment":"12_6"},{"name":"12_5","bone":"MAIN","attachment":"12_5"},{"name":"12_4","bone":"MAIN","attachment":"12_4"},{"name":"12_3","bone":"MAIN","attachment":"12_3"},{"name":"12_2","bone":"MAIN","attachment":"12_2"},{"name":"12_1","bone":"MAIN","attachment":"12_1"},{"name":"69_5","bone":"MAIN"},{"name":"69_4","bone":"MAIN"},{"name":"69_3","bone":"MAIN"},{"name":"69_2","bone":"MAIN"},{"name":"69_1","bone":"MAIN"},{"name":"8_4","bone":"MAIN"},{"name":"8_3","bone":"MAIN"},{"name":"8_2","bone":"MAIN"},{"name":"8_1","bone":"MAIN"},{"name":"5_5","bone":"MAIN"},{"name":"5_4","bone":"MAIN"},{"name":"5_3","bone":"MAIN"},{"name":"5_2","bone":"MAIN"},{"name":"5_1","bone":"MAIN"},{"name":"3_5","bone":"MAIN"},{"name":"3_4","bone":"MAIN"},{"name":"3_3","bone":"MAIN"},{"name":"3_2","bone":"MAIN"},{"name":"3_1","bone":"MAIN"},{"name":"4_6","bone":"MAIN"},{"name":"4_5","bone":"MAIN"},{"name":"4_4","bone":"MAIN"},{"name":"4_3","bone":"MAIN"},{"name":"4_2","bone":"MAIN"},{"name":"4_1","bone":"MAIN"},{"name":"face_1","bone":"MAIN","attachment":"face_1"},{"name":"6_5_1","bone":"MAIN"},{"name":"35689_6","bone":"MAIN"},{"name":"35689_5","bone":"MAIN"},{"name":"35689_4","bone":"MAIN"},{"name":"35689_3","bone":"MAIN"},{"name":"35689_2_1","bone":"MAIN"},{"name":"35689_1","bone":"MAIN"},{"name":"7_6","bone":"MAIN"},{"name":"7_5","bone":"MAIN"},{"name":"7_4","bone":"MAIN"},{"name":"7_3","bone":"MAIN"},{"name":"7_2","bone":"MAIN"},{"name":"Boundingbox","bone":"Boundingbox","attachment":"Boundingbox"}],"skins":{"default":{"12_1":{"12_1":{"x":6.09,"y":592.61,"width":105,"height":30}},"12_10":{"12_10":{"x":-223.4,"y":65.61,"width":222,"height":128}},"12_11":{"12_11":{"x":18.09,"y":65.61,"width":261,"height":128}},"12_2":{"12_2":{"x":-80.4,"y":512.11,"width":64,"height":125}},"12_3":{"12_3":{"x":-145.9,"y":400.61,"width":67,"height":158}},"12_4":{"12_4":{"x":-7.9,"y":385.61,"width":209,"height":128}},"12_5":{"12_5":{"x":-42.4,"y":289.61,"width":290,"height":64}},"12_6":{"12_6":{"x":-176.4,"y":193.61,"width":128,"height":128}},"12_7":{"12_7":{"x":21.59,"y":225.61,"width":268,"height":64}},"12_8":{"12_8":{"x":-286.4,"y":153.11,"width":92,"height":47}},"12_9":{"12_9":{"x":21.59,"y":161.61,"width":268,"height":64}},"35689_1":{"35689_1":{"x":-176.4,"y":193.61,"width":128,"height":128}},"35689_2_1":{"35689_2_1":{"x":21.59,"y":225.61,"width":268,"height":64}},"35689_3":{"35689_3":{"x":-282.4,"y":145.61,"width":84,"height":32}},"35689_4":{"35689_4":{"x":21.59,"y":161.61,"width":268,"height":64}},"35689_5":{"35689_5":{"x":-220.9,"y":65.61,"width":217,"height":128}},"35689_6":{"35689_6":{"x":18.09,"y":65.61,"width":261,"height":128}},"3_1":{"3_1":{"x":15.59,"y":609.61,"width":128,"height":64}},"3_2":{"3_2":{"x":-80.4,"y":513.61,"width":64,"height":128}},"3_3":{"3_3":{"x":-176.4,"y":402.61,"width":128,"height":162}},"3_4":{"3_4":{"x":15.59,"y":385.61,"width":256,"height":128}},"3_5":{"3_5":{"x":15.59,"y":289.61,"width":384,"height":64}},"4_1":{"4_1":{"x":15.59,"y":609.61,"width":128,"height":64}},"4_2":{"4_2":{"x":-80.4,"y":510.11,"width":64,"height":121}},"4_3":{"4_3":{"x":-139.9,"y":396.61,"width":55,"height":150}},"4_4":{"4_4":{"x":15.59,"y":385.61,"width":256,"height":128}},"4_5":{"4_5":{"x":-16.4,"y":289.61,"width":320,"height":64}},"4_6":{"4_6":{"x":47.59,"y":225.61,"width":320,"height":64}},"5_1":{"5_1":{"x":15.59,"y":609.61,"width":128,"height":64}},"5_2":{"5_2":{"x":-80.4,"y":513.61,"width":64,"height":128}},"5_3":{"5_3":{"x":-144.4,"y":417.61,"width":64,"height":192}},"5_4":{"5_4":{"x":15.59,"y":385.61,"width":256,"height":128}},"5_5":{"5_5":{"x":-16.4,"y":289.61,"width":320,"height":64}},"69_1":{"69_1":{"x":4.59,"y":592.11,"width":102,"height":29}},"69_2":{"69_2":{"x":-80.4,"y":511.61,"width":64,"height":124}},"69_3":{"69_3":{"x":-131.4,"y":394.11,"width":38,"height":127}},"69_4":{"69_4":{"x":9.09,"y":385.61,"width":243,"height":128}},"69_5":{"69_5":{"x":-13.9,"y":289.61,"width":295,"height":64}},"6_5_1":{"6_5_1":{"x":-110.9,"y":225.61,"width":253,"height":64}},"7_2":{"7_2":{"x":6.09,"y":592.61,"width":105,"height":30}},"7_3":{"7_3":{"x":-99.9,"y":512.11,"width":103,"height":125}},"7_4":{"7_4":{"x":-46.4,"y":385.61,"width":266,"height":128}},"7_5":{"7_5":{"x":-29.4,"y":289.61,"width":264,"height":64}},"7_6":{"7_6":{"x":21.59,"y":226.11,"width":268,"height":66}},"8_1":{"8_1":{"x":6.09,"y":592.61,"width":105,"height":30}},"8_2":{"8_2":{"x":-65.9,"y":544.11,"width":35,"height":61}},"8_3":{"8_3":{"x":-107.9,"y":481.61,"width":119,"height":64}},"8_4":{"8_4":{"x":-38.4,"y":353.61,"width":282,"height":192}},"Boundingbox":{"Boundingbox":{"type":"boundingbox","vertices":[-108.29395,106.45664,-109.42982,-106.18582,108.79652,-106.48482,108.49884,106.88551]}},"face_1":{"face_1":{"x":15.09,"y":513.61,"width":127,"height":128},"face_2":{"x":15.09,"y":513.61,"width":127,"height":128},"face_3":{"x":15.59,"y":513.61,"width":128,"height":128},"face_4":{"x":15.59,"y":513.61,"width":128,"height":128},"face_5":{"x":15.59,"y":513.61,"width":128,"height":128},"face_6":{"x":13.59,"y":513.61,"width":124,"height":128},"face_7":{"x":15.09,"y":513.61,"width":127,"height":128},"face_8":{"x":15.09,"y":513.61,"width":127,"height":128},"face_9":{"x":13.59,"y":513.61,"width":124,"height":128}}}},"animations":{"1":{"slots":{"12_1":{"attachment":[{"time":0,"name":"12_1"}]},"12_2":{"attachment":[{"time":0,"name":"12_2"}]},"12_3":{"attachment":[{"time":0,"name":"12_3"}]},"12_4":{"attachment":[{"time":0,"name":"12_4"}]},"12_5":{"attachment":[{"time":0,"name":"12_5"}]},"12_6":{"attachment":[{"time":0,"name":"12_6"}]},"12_7":{"attachment":[{"time":0,"name":"12_7"}]},"12_8":{"attachment":[{"time":0,"name":"12_8"}]},"12_9":{"attachment":[{"time":0,"name":"12_9"}]},"12_10":{"attachment":[{"time":0,"name":"12_10"}]},"12_11":{"attachment":[{"time":0,"name":"12_11"}]},"35689_1":{"attachment":[{"time":0,"name":null}]},"35689_3":{"attachment":[{"time":0,"name":null}]},"35689_4":{"attachment":[{"time":0,"name":null}]},"35689_5":{"attachment":[{"time":0,"name":null}]},"35689_6":{"attachment":[{"time":0,"name":null}]},"35689_2_1":{"attachment":[{"time":0,"name":null}]},"3_1":{"attachment":[{"time":0,"name":null}]},"3_2":{"attachment":[{"time":0,"name":null}]},"3_3":{"attachment":[{"time":0,"name":null}]},"3_4":{"attachment":[{"time":0,"name":null}]},"3_5":{"attachment":[{"time":0,"name":null}]},"4_1":{"attachment":[{"time":0,"name":null}]},"4_2":{"attachment":[{"time":0,"name":null}]},"4_3":{"attachment":[{"time":0,"name":null}]},"4_4":{"attachment":[{"time":0,"name":null}]},"4_5":{"attachment":[{"time":0,"name":null}]},"4_6":{"attachment":[{"time":0,"name":null}]},"5_1":{"attachment":[{"time":0,"name":null}]},"5_2":{"attachment":[{"time":0,"name":null}]},"5_3":{"attachment":[{"time":0,"name":null}]},"5_4":{"attachment":[{"time":0,"name":null}]},"5_5":{"attachment":[{"time":0,"name":null}]},"69_1":{"attachment":[{"time":0,"name":null}]},"69_2":{"attachment":[{"time":0,"name":null}]},"69_3":{"attachment":[{"time":0,"name":null}]},"69_4":{"attachment":[{"time":0,"name":null}]},"69_5":{"attachment":[{"time":0,"name":null}]},"6_5_1":{"attachment":[{"time":0,"name":null}]},"7_2":{"attachment":[{"time":0,"name":null}]},"7_3":{"attachment":[{"time":0,"name":null}]},"7_4":{"attachment":[{"time":0,"name":null}]},"7_5":{"attachment":[{"time":0,"name":null}]},"7_6":{"attachment":[{"time":0,"name":null}]},"8_1":{"attachment":[{"time":0,"name":null}]},"8_2":{"attachment":[{"time":0,"name":null}]},"8_3":{"attachment":[{"time":0,"name":null}]},"8_4":{"attachment":[{"time":0,"name":null}]},"face_1":{"attachment":[{"time":0,"name":"face_1"}]}}},"2":{"slots":{"12_1":{"attachment":[{"time":0,"name":"12_1"}]},"12_2":{"attachment":[{"time":0,"name":"12_2"}]},"12_3":{"attachment":[{"time":0,"name":"12_3"}]},"12_4":{"attachment":[{"time":0,"name":"12_4"}]},"12_5":{"attachment":[{"time":0,"name":"12_5"}]},"12_6":{"attachment":[{"time":0,"name":"12_6"}]},"12_7":{"attachment":[{"time":0,"name":"12_7"}]},"12_8":{"attachment":[{"time":0,"name":"12_8"}]},"12_9":{"attachment":[{"time":0,"name":"12_9"}]},"12_10":{"attachment":[{"time":0,"name":"12_10"}]},"12_11":{"attachment":[{"time":0,"name":"12_11"}]},"35689_1":{"attachment":[{"time":0,"name":null}]},"35689_3":{"attachment":[{"time":0,"name":null}]},"35689_4":{"attachment":[{"time":0,"name":null}]},"35689_5":{"attachment":[{"time":0,"name":null}]},"35689_6":{"attachment":[{"time":0,"name":null}]},"35689_2_1":{"attachment":[{"time":0,"name":null}]},"3_1":{"attachment":[{"time":0,"name":null}]},"3_2":{"attachment":[{"time":0,"name":null}]},"3_3":{"attachment":[{"time":0,"name":null}]},"3_4":{"attachment":[{"time":0,"name":null}]},"3_5":{"attachment":[{"time":0,"name":null}]},"4_1":{"attachment":[{"time":0,"name":null}]},"4_2":{"attachment":[{"time":0,"name":null}]},"4_3":{"attachment":[{"time":0,"name":null}]},"4_4":{"attachment":[{"time":0,"name":null}]},"4_5":{"attachment":[{"time":0,"name":null}]},"4_6":{"attachment":[{"time":0,"name":null}]},"5_1":{"attachment":[{"time":0,"name":null}]},"5_2":{"attachment":[{"time":0,"name":null}]},"5_3":{"attachment":[{"time":0,"name":null}]},"5_4":{"attachment":[{"time":0,"name":null}]},"5_5":{"attachment":[{"time":0,"name":null}]},"69_1":{"attachment":[{"time":0,"name":null}]},"69_2":{"attachment":[{"time":0,"name":null}]},"69_3":{"attachment":[{"time":0,"name":null}]},"69_4":{"attachment":[{"time":0,"name":null}]},"69_5":{"attachment":[{"time":0,"name":null}]},"6_5_1":{"attachment":[{"time":0,"name":null}]},"7_2":{"attachment":[{"time":0,"name":null}]},"7_3":{"attachment":[{"time":0,"name":null}]},"7_4":{"attachment":[{"time":0,"name":null}]},"7_5":{"attachment":[{"time":0,"name":null}]},"7_6":{"attachment":[{"time":0,"name":null}]},"8_1":{"attachment":[{"time":0,"name":null}]},"8_2":{"attachment":[{"time":0,"name":null}]},"8_3":{"attachment":[{"time":0,"name":null}]},"8_4":{"attachment":[{"time":0,"name":null}]},"face_1":{"attachment":[{"time":0,"name":"face_2"}]}}},"3":{"slots":{"12_1":{"attachment":[{"time":0,"name":null}]},"12_2":{"attachment":[{"time":0,"name":null}]},"12_3":{"attachment":[{"time":0,"name":null}]},"12_4":{"attachment":[{"time":0,"name":null}]},"12_5":{"attachment":[{"time":0,"name":null}]},"12_6":{"attachment":[{"time":0,"name":null}]},"12_7":{"attachment":[{"time":0,"name":null}]},"12_8":{"attachment":[{"time":0,"name":null}]},"12_9":{"attachment":[{"time":0,"name":null}]},"12_10":{"attachment":[{"time":0,"name":null}]},"12_11":{"attachment":[{"time":0,"name":null}]},"35689_1":{"attachment":[{"time":0,"name":"35689_1"}]},"35689_3":{"attachment":[{"time":0,"name":"35689_3"}]},"35689_4":{"attachment":[{"time":0,"name":"35689_4"}]},"35689_5":{"attachment":[{"time":0,"name":"35689_5"}]},"35689_6":{"attachment":[{"time":0,"name":"35689_6"}]},"35689_2_1":{"attachment":[{"time":0,"name":"35689_2_1"}]},"3_1":{"attachment":[{"time":0,"name":"3_1"}]},"3_2":{"attachment":[{"time":0,"name":"3_2"}]},"3_3":{"attachment":[{"time":0,"name":"3_3"}]},"3_4":{"attachment":[{"time":0,"name":"3_4"}]},"3_5":{"attachment":[{"time":0,"name":"3_5"}]},"4_1":{"attachment":[{"time":0,"name":null}]},"4_2":{"attachment":[{"time":0,"name":null}]},"4_3":{"attachment":[{"time":0,"name":null}]},"4_4":{"attachment":[{"time":0,"name":null}]},"4_5":{"attachment":[{"time":0,"name":null}]},"4_6":{"attachment":[{"time":0,"name":null}]},"5_1":{"attachment":[{"time":0,"name":null}]},"5_2":{"attachment":[{"time":0,"name":null}]},"5_3":{"attachment":[{"time":0,"name":null}]},"5_4":{"attachment":[{"time":0,"name":null}]},"5_5":{"attachment":[{"time":0,"name":null}]},"69_1":{"attachment":[{"time":0,"name":null}]},"69_2":{"attachment":[{"time":0,"name":null}]},"69_3":{"attachment":[{"time":0,"name":null}]},"69_4":{"attachment":[{"time":0,"name":null}]},"69_5":{"attachment":[{"time":0,"name":null}]},"6_5_1":{"attachment":[{"time":0,"name":null}]},"7_2":{"attachment":[{"time":0,"name":null}]},"7_3":{"attachment":[{"time":0,"name":null}]},"7_4":{"attachment":[{"time":0,"name":null}]},"7_5":{"attachment":[{"time":0,"name":null}]},"7_6":{"attachment":[{"time":0,"name":null}]},"8_1":{"attachment":[{"time":0,"name":null}]},"8_2":{"attachment":[{"time":0,"name":null}]},"8_3":{"attachment":[{"time":0,"name":null}]},"8_4":{"attachment":[{"time":0,"name":null}]},"face_1":{"attachment":[{"time":0,"name":"face_3"}]}}},"4":{"slots":{"12_1":{"attachment":[{"time":0,"name":null}]},"12_2":{"attachment":[{"time":0,"name":null}]},"12_3":{"attachment":[{"time":0,"name":null}]},"12_4":{"attachment":[{"time":0,"name":null}]},"12_5":{"attachment":[{"time":0,"name":null}]},"12_6":{"attachment":[{"time":0,"name":null}]},"12_7":{"attachment":[{"time":0,"name":null}]},"12_8":{"attachment":[{"time":0,"name":null}]},"12_9":{"attachment":[{"time":0,"name":null}]},"12_10":{"attachment":[{"time":0,"name":null}]},"12_11":{"attachment":[{"time":0,"name":null}]},"35689_1":{"attachment":[{"time":0,"name":"35689_1"}]},"35689_3":{"attachment":[{"time":0,"name":"35689_3"}]},"35689_4":{"attachment":[{"time":0,"name":"35689_4"}]},"35689_5":{"attachment":[{"time":0,"name":"35689_5"}]},"35689_6":{"attachment":[{"time":0,"name":"35689_6"}]},"35689_2_1":{"attachment":[{"time":0,"name":null}]},"3_1":{"attachment":[{"time":0,"name":null}]},"3_2":{"attachment":[{"time":0,"name":null}]},"3_3":{"attachment":[{"time":0,"name":null}]},"3_4":{"attachment":[{"time":0,"name":null}]},"3_5":{"attachment":[{"time":0,"name":null}]},"4_1":{"attachment":[{"time":0,"name":"4_1"}]},"4_2":{"attachment":[{"time":0,"name":"4_2"}]},"4_3":{"attachment":[{"time":0,"name":"4_3"}]},"4_4":{"attachment":[{"time":0,"name":"4_4"}]},"4_5":{"attachment":[{"time":0,"name":"4_5"}]},"4_6":{"attachment":[{"time":0,"name":"4_6"}]},"5_1":{"attachment":[{"time":0,"name":null}]},"5_2":{"attachment":[{"time":0,"name":null}]},"5_3":{"attachment":[{"time":0,"name":null}]},"5_4":{"attachment":[{"time":0,"name":null}]},"5_5":{"attachment":[{"time":0,"name":null}]},"69_1":{"attachment":[{"time":0,"name":null}]},"69_2":{"attachment":[{"time":0,"name":null}]},"69_3":{"attachment":[{"time":0,"name":null}]},"69_4":{"attachment":[{"time":0,"name":null}]},"69_5":{"attachment":[{"time":0,"name":null}]},"6_5_1":{"attachment":[{"time":0,"name":null}]},"7_2":{"attachment":[{"time":0,"name":null}]},"7_3":{"attachment":[{"time":0,"name":null}]},"7_4":{"attachment":[{"time":0,"name":null}]},"7_5":{"attachment":[{"time":0,"name":null}]},"7_6":{"attachment":[{"time":0,"name":null}]},"8_1":{"attachment":[{"time":0,"name":null}]},"8_2":{"attachment":[{"time":0,"name":null}]},"8_3":{"attachment":[{"time":0,"name":null}]},"8_4":{"attachment":[{"time":0,"name":null}]},"face_1":{"attachment":[{"time":0,"name":"face_4"}]}}},"5":{"slots":{"12_1":{"attachment":[{"time":0,"name":null}]},"12_2":{"attachment":[{"time":0,"name":null}]},"12_3":{"attachment":[{"time":0,"name":null}]},"12_4":{"attachment":[{"time":0,"name":null}]},"12_5":{"attachment":[{"time":0,"name":null}]},"12_6":{"attachment":[{"time":0,"name":null}]},"12_7":{"attachment":[{"time":0,"name":null}]},"12_8":{"attachment":[{"time":0,"name":null}]},"12_9":{"attachment":[{"time":0,"name":null}]},"12_10":{"attachment":[{"time":0,"name":null}]},"12_11":{"attachment":[{"time":0,"name":null}]},"35689_1":{"attachment":[{"time":0,"name":"35689_1"}]},"35689_3":{"attachment":[{"time":0,"name":"35689_3"}]},"35689_4":{"attachment":[{"time":0,"name":"35689_4"}]},"35689_5":{"attachment":[{"time":0,"name":"35689_5"}]},"35689_6":{"attachment":[{"time":0,"name":"35689_6"}]},"35689_2_1":{"attachment":[{"time":0,"name":"35689_2_1"}]},"3_1":{"attachment":[{"time":0,"name":null}]},"3_2":{"attachment":[{"time":0,"name":null}]},"3_3":{"attachment":[{"time":0,"name":null}]},"3_4":{"attachment":[{"time":0,"name":null}]},"3_5":{"attachment":[{"time":0,"name":null}]},"4_1":{"attachment":[{"time":0,"name":null}]},"4_2":{"attachment":[{"time":0,"name":null}]},"4_3":{"attachment":[{"time":0,"name":null}]},"4_4":{"attachment":[{"time":0,"name":null}]},"4_5":{"attachment":[{"time":0,"name":null}]},"4_6":{"attachment":[{"time":0,"name":null}]},"5_1":{"attachment":[{"time":0,"name":"5_1"}]},"5_2":{"attachment":[{"time":0,"name":"5_2"}]},"5_3":{"attachment":[{"time":0,"name":"5_3"}]},"5_4":{"attachment":[{"time":0,"name":"5_4"}]},"5_5":{"attachment":[{"time":0,"name":"5_5"}]},"69_1":{"attachment":[{"time":0,"name":null}]},"69_2":{"attachment":[{"time":0,"name":null}]},"69_3":{"attachment":[{"time":0,"name":null}]},"69_4":{"attachment":[{"time":0,"name":null}]},"69_5":{"attachment":[{"time":0,"name":null}]},"6_5_1":{"attachment":[{"time":0,"name":null}]},"7_2":{"attachment":[{"time":0,"name":null}]},"7_3":{"attachment":[{"time":0,"name":null}]},"7_4":{"attachment":[{"time":0,"name":null}]},"7_5":{"attachment":[{"time":0,"name":null}]},"7_6":{"attachment":[{"time":0,"name":null}]},"8_1":{"attachment":[{"time":0,"name":null}]},"8_2":{"attachment":[{"time":0,"name":null}]},"8_3":{"attachment":[{"time":0,"name":null}]},"8_4":{"attachment":[{"time":0,"name":null}]},"face_1":{"attachment":[{"time":0,"name":"face_5"}]}}},"6":{"slots":{"12_1":{"attachment":[{"time":0,"name":null}]},"12_2":{"attachment":[{"time":0,"name":null}]},"12_3":{"attachment":[{"time":0,"name":null}]},"12_4":{"attachment":[{"time":0,"name":null}]},"12_5":{"attachment":[{"time":0,"name":null}]},"12_6":{"attachment":[{"time":0,"name":null}]},"12_7":{"attachment":[{"time":0,"name":null}]},"12_8":{"attachment":[{"time":0,"name":null}]},"12_9":{"attachment":[{"time":0,"name":null}]},"12_10":{"attachment":[{"time":0,"name":null}]},"12_11":{"attachment":[{"time":0,"name":null}]},"35689_1":{"attachment":[{"time":0,"name":"35689_1"}]},"35689_3":{"attachment":[{"time":0,"name":"35689_3"}]},"35689_4":{"attachment":[{"time":0,"name":"35689_4"}]},"35689_5":{"attachment":[{"time":0,"name":"35689_5"}]},"35689_6":{"attachment":[{"time":0,"name":"35689_6"}]},"35689_2_1":{"attachment":[{"time":0,"name":"35689_2_1"}]},"3_1":{"attachment":[{"time":0,"name":null}]},"3_2":{"attachment":[{"time":0,"name":null}]},"3_3":{"attachment":[{"time":0,"name":null}]},"3_4":{"attachment":[{"time":0,"name":null}]},"3_5":{"attachment":[{"time":0,"name":null}]},"4_1":{"attachment":[{"time":0,"name":null}]},"4_2":{"attachment":[{"time":0,"name":null}]},"4_3":{"attachment":[{"time":0,"name":null}]},"4_4":{"attachment":[{"time":0,"name":null}]},"4_5":{"attachment":[{"time":0,"name":null}]},"4_6":{"attachment":[{"time":0,"name":null}]},"5_1":{"attachment":[{"time":0,"name":null}]},"5_2":{"attachment":[{"time":0,"name":null}]},"5_3":{"attachment":[{"time":0,"name":null}]},"5_4":{"attachment":[{"time":0,"name":null}]},"5_5":{"attachment":[{"time":0,"name":null}]},"69_1":{"attachment":[{"time":0,"name":"69_1"}]},"69_2":{"attachment":[{"time":0,"name":"69_2"}]},"69_3":{"attachment":[{"time":0,"name":"69_3"}]},"69_4":{"attachment":[{"time":0,"name":"69_4"}]},"69_5":{"attachment":[{"time":0,"name":"69_5"}]},"6_5_1":{"attachment":[{"time":0,"name":null}]},"7_2":{"attachment":[{"time":0,"name":null}]},"7_3":{"attachment":[{"time":0,"name":null}]},"7_4":{"attachment":[{"time":0,"name":null}]},"7_5":{"attachment":[{"time":0,"name":null}]},"7_6":{"attachment":[{"time":0,"name":null}]},"8_1":{"attachment":[{"time":0,"name":null}]},"8_2":{"attachment":[{"time":0,"name":null}]},"8_3":{"attachment":[{"time":0,"name":null}]},"8_4":{"attachment":[{"time":0,"name":null}]},"face_1":{"attachment":[{"time":0,"name":"face_9"}]}}},"7":{"slots":{"12_1":{"attachment":[{"time":0,"name":null}]},"12_2":{"attachment":[{"time":0,"name":null}]},"12_3":{"attachment":[{"time":0,"name":null}]},"12_4":{"attachment":[{"time":0,"name":null}]},"12_5":{"attachment":[{"time":0,"name":null}]},"12_6":{"attachment":[{"time":0,"name":null}]},"12_7":{"attachment":[{"time":0,"name":null}]},"12_8":{"attachment":[{"time":0,"name":null}]},"12_9":{"attachment":[{"time":0,"name":null}]},"12_10":{"attachment":[{"time":0,"name":null}]},"12_11":{"attachment":[{"time":0,"name":null}]},"35689_1":{"attachment":[{"time":0,"name":"35689_1"}]},"35689_3":{"attachment":[{"time":0,"name":"35689_3"}]},"35689_4":{"attachment":[{"time":0,"name":"35689_4"}]},"35689_5":{"attachment":[{"time":0,"name":"35689_5"}]},"35689_6":{"attachment":[{"time":0,"name":"35689_6"}]},"35689_2_1":{"attachment":[{"time":0,"name":null}]},"3_1":{"attachment":[{"time":0,"name":null}]},"3_2":{"attachment":[{"time":0,"name":null}]},"3_3":{"attachment":[{"time":0,"name":null}]},"3_4":{"attachment":[{"time":0,"name":null}]},"3_5":{"attachment":[{"time":0,"name":null}]},"4_1":{"attachment":[{"time":0,"name":null}]},"4_2":{"attachment":[{"time":0,"name":null}]},"4_3":{"attachment":[{"time":0,"name":null}]},"4_4":{"attachment":[{"time":0,"name":null}]},"4_5":{"attachment":[{"time":0,"name":null}]},"4_6":{"attachment":[{"time":0,"name":null}]},"5_1":{"attachment":[{"time":0,"name":null}]},"5_2":{"attachment":[{"time":0,"name":null}]},"5_3":{"attachment":[{"time":0,"name":null}]},"5_4":{"attachment":[{"time":0,"name":null}]},"5_5":{"attachment":[{"time":0,"name":null}]},"69_1":{"attachment":[{"time":0,"name":null}]},"69_2":{"attachment":[{"time":0,"name":null}]},"69_3":{"attachment":[{"time":0,"name":null}]},"69_4":{"attachment":[{"time":0,"name":null}]},"69_5":{"attachment":[{"time":0,"name":null}]},"6_5_1":{"attachment":[{"time":0,"name":null}]},"7_2":{"attachment":[{"time":0,"name":"7_2"}]},"7_3":{"attachment":[{"time":0,"name":"7_3"}]},"7_4":{"attachment":[{"time":0,"name":"7_4"}]},"7_5":{"attachment":[{"time":0,"name":"7_5"}]},"7_6":{"attachment":[{"time":0,"name":"7_6"}]},"8_1":{"attachment":[{"time":0,"name":null}]},"8_2":{"attachment":[{"time":0,"name":null}]},"8_3":{"attachment":[{"time":0,"name":null}]},"8_4":{"attachment":[{"time":0,"name":null}]},"face_1":{"attachment":[{"time":0,"name":"face_7"}]}}},"8":{"slots":{"12_1":{"attachment":[{"time":0,"name":null}]},"12_2":{"attachment":[{"time":0,"name":null}]},"12_3":{"attachment":[{"time":0,"name":null}]},"12_4":{"attachment":[{"time":0,"name":null}]},"12_5":{"attachment":[{"time":0,"name":null}]},"12_6":{"attachment":[{"time":0,"name":null}]},"12_7":{"attachment":[{"time":0,"name":null}]},"12_8":{"attachment":[{"time":0,"name":null}]},"12_9":{"attachment":[{"time":0,"name":null}]},"12_10":{"attachment":[{"time":0,"name":null}]},"12_11":{"attachment":[{"time":0,"name":null}]},"35689_1":{"attachment":[{"time":0,"name":"35689_1"}]},"35689_3":{"attachment":[{"time":0,"name":"35689_3"}]},"35689_4":{"attachment":[{"time":0,"name":"35689_4"}]},"35689_5":{"attachment":[{"time":0,"name":"35689_5"}]},"35689_6":{"attachment":[{"time":0,"name":"35689_6"}]},"35689_2_1":{"attachment":[{"time":0,"name":"35689_2_1"}]},"3_1":{"attachment":[{"time":0,"name":null}]},"3_2":{"attachment":[{"time":0,"name":null}]},"3_3":{"attachment":[{"time":0,"name":null}]},"3_4":{"attachment":[{"time":0,"name":null}]},"3_5":{"attachment":[{"time":0,"name":null}]},"4_1":{"attachment":[{"time":0,"name":null}]},"4_2":{"attachment":[{"time":0,"name":null}]},"4_3":{"attachment":[{"time":0,"name":null}]},"4_4":{"attachment":[{"time":0,"name":null}]},"4_5":{"attachment":[{"time":0,"name":null}]},"4_6":{"attachment":[{"time":0,"name":null}]},"5_1":{"attachment":[{"time":0,"name":null}]},"5_2":{"attachment":[{"time":0,"name":null}]},"5_3":{"attachment":[{"time":0,"name":null}]},"5_4":{"attachment":[{"time":0,"name":null}]},"5_5":{"attachment":[{"time":0,"name":null}]},"69_1":{"attachment":[{"time":0,"name":null}]},"69_2":{"attachment":[{"time":0,"name":null}]},"69_3":{"attachment":[{"time":0,"name":null}]},"69_4":{"attachment":[{"time":0,"name":null}]},"69_5":{"attachment":[{"time":0,"name":null}]},"6_5_1":{"attachment":[{"time":0,"name":null}]},"7_2":{"attachment":[{"time":0,"name":null}]},"7_3":{"attachment":[{"time":0,"name":null}]},"7_4":{"attachment":[{"time":0,"name":null}]},"7_5":{"attachment":[{"time":0,"name":null}]},"7_6":{"attachment":[{"time":0,"name":null}]},"8_1":{"attachment":[{"time":0,"name":"8_1"}]},"8_2":{"attachment":[{"time":0,"name":"8_2"}]},"8_3":{"attachment":[{"time":0,"name":"8_3"}]},"8_4":{"attachment":[{"time":0,"name":"8_4"}]},"face_1":{"attachment":[{"time":0,"name":"face_8"}]}}},"9":{"slots":{"12_1":{"attachment":[{"time":0,"name":null}]},"12_2":{"attachment":[{"time":0,"name":null}]},"12_3":{"attachment":[{"time":0,"name":null}]},"12_4":{"attachment":[{"time":0,"name":null}]},"12_5":{"attachment":[{"time":0,"name":null}]},"12_6":{"attachment":[{"time":0,"name":null}]},"12_7":{"attachment":[{"time":0,"name":null}]},"12_8":{"attachment":[{"time":0,"name":null}]},"12_9":{"attachment":[{"time":0,"name":null}]},"12_10":{"attachment":[{"time":0,"name":null}]},"12_11":{"attachment":[{"time":0,"name":null}]},"35689_1":{"attachment":[{"time":0,"name":"35689_1"}]},"35689_3":{"attachment":[{"time":0,"name":"35689_3"}]},"35689_4":{"attachment":[{"time":0,"name":"35689_4"}]},"35689_5":{"attachment":[{"time":0,"name":"35689_5"}]},"35689_6":{"attachment":[{"time":0,"name":"35689_6"}]},"35689_2_1":{"attachment":[{"time":0,"name":"35689_2_1"}]},"3_1":{"attachment":[{"time":0,"name":null}]},"3_2":{"attachment":[{"time":0,"name":null}]},"3_3":{"attachment":[{"time":0,"name":null}]},"3_4":{"attachment":[{"time":0,"name":null}]},"3_5":{"attachment":[{"time":0,"name":null}]},"4_1":{"attachment":[{"time":0,"name":null}]},"4_2":{"attachment":[{"time":0,"name":null}]},"4_3":{"attachment":[{"time":0,"name":null}]},"4_4":{"attachment":[{"time":0,"name":null}]},"4_5":{"attachment":[{"time":0,"name":null}]},"4_6":{"attachment":[{"time":0,"name":null}]},"5_1":{"attachment":[{"time":0,"name":null}]},"5_2":{"attachment":[{"time":0,"name":null}]},"5_3":{"attachment":[{"time":0,"name":null}]},"5_4":{"attachment":[{"time":0,"name":null}]},"5_5":{"attachment":[{"time":0,"name":null}]},"69_1":{"attachment":[{"time":0,"name":"69_1"}]},"69_2":{"attachment":[{"time":0,"name":"69_2"}]},"69_3":{"attachment":[{"time":0,"name":"69_3"}]},"69_4":{"attachment":[{"time":0,"name":"69_4"}]},"69_5":{"attachment":[{"time":0,"name":"69_5"}]},"6_5_1":{"attachment":[{"time":0,"name":null}]},"7_2":{"attachment":[{"time":0,"name":null}]},"7_3":{"attachment":[{"time":0,"name":null}]},"7_4":{"attachment":[{"time":0,"name":null}]},"7_5":{"attachment":[{"time":0,"name":null}]},"7_6":{"attachment":[{"time":0,"name":null}]},"8_1":{"attachment":[{"time":0,"name":null}]},"8_2":{"attachment":[{"time":0,"name":null}]},"8_3":{"attachment":[{"time":0,"name":null}]},"8_4":{"attachment":[{"time":0,"name":null}]},"face_1":{"attachment":[{"time":0,"name":"face_6"}]}}},"window-1":{"slots":{"12_1":{"attachment":[{"time":0,"name":"12_1"}],"color":[{"time":0,"color":"ffffffff"}]},"12_2":{"attachment":[{"time":0,"name":"12_2"}],"color":[{"time":0,"color":"ffffffff"}]},"12_3":{"attachment":[{"time":0,"name":"12_3"}],"color":[{"time":0,"color":"ffffffff"}]},"12_4":{"attachment":[{"time":0,"name":"12_4"}],"color":[{"time":0,"color":"ffffffff"}]},"12_5":{"attachment":[{"time":0,"name":"12_5"}],"color":[{"time":0,"color":"ffffffff"}]},"12_6":{"attachment":[{"time":0,"name":"12_6"}],"color":[{"time":0,"color":"ffffffff"}]},"12_7":{"attachment":[{"time":0,"name":"12_7"}],"color":[{"time":0,"color":"ffffffff"}]},"12_8":{"attachment":[{"time":0,"name":"12_8"}],"color":[{"time":0,"color":"ffffffff"}]},"12_9":{"attachment":[{"time":0,"name":"12_9"}],"color":[{"time":0,"color":"ffffffff"}]},"12_10":{"attachment":[{"time":0,"name":"12_10"}],"color":[{"time":0,"color":"ffffffff"}]},"12_11":{"attachment":[{"time":0,"name":"12_11"}],"color":[{"time":0,"color":"ffffffff"}]},"35689_1":{"attachment":[{"time":0,"name":null}],"color":[{"time":0,"color":"ffffffff"}]},"35689_3":{"attachment":[{"time":0,"name":null}],"color":[{"time":0,"color":"ffffffff"}]},"35689_4":{"attachment":[{"time":0,"name":null}],"color":[{"time":0,"color":"ffffffff"}]},"35689_5":{"attachment":[{"time":0,"name":null}],"color":[{"time":0,"color":"ffffffff"}]},"35689_6":{"attachment":[{"time":0,"name":null}],"color":[{"time":0,"color":"ffffffff"}]},"35689_2_1":{"attachment":[{"time":0,"name":null}],"color":[{"time":0,"color":"ffffffff"}]},"3_1":{"attachment":[{"time":0,"name":null}],"color":[{"time":0,"color":"ffffffff"}]},"3_2":{"attachment":[{"time":0,"name":null}],"color":[{"time":0,"color":"ffffffff"}]},"3_3":{"attachment":[{"time":0,"name":null}],"color":[{"time":0,"color":"ffffffff"}]},"3_4":{"attachment":[{"time":0,"name":null}],"color":[{"time":0,"color":"ffffffff"}]},"3_5":{"attachment":[{"time":0,"name":null}],"color":[{"time":0,"color":"ffffffff"}]},"4_1":{"attachment":[{"time":0,"name":null}],"color":[{"time":0,"color":"ffffffff"}]},"4_2":{"attachment":[{"time":0,"name":null}],"color":[{"time":0,"color":"ffffffff"}]},"4_3":{"attachment":[{"time":0,"name":null}],"color":[{"time":0,"color":"ffffffff"}]},"4_4":{"attachment":[{"time":0,"name":null}],"color":[{"time":0,"color":"ffffffff"}]},"4_5":{"attachment":[{"time":0,"name":null}],"color":[{"time":0,"color":"ffffffff"}]},"4_6":{"attachment":[{"time":0,"name":null}],"color":[{"time":0,"color":"ffffffff"}]},"5_1":{"attachment":[{"time":0,"name":null}],"color":[{"time":0,"color":"ffffffff"}]},"5_2":{"attachment":[{"time":0,"name":null}],"color":[{"time":0,"color":"ffffffff"}]},"5_3":{"attachment":[{"time":0,"name":null}],"color":[{"time":0,"color":"ffffffff"}]},"5_4":{"attachment":[{"time":0,"name":null}],"color":[{"time":0,"color":"ffffffff"}]},"5_5":{"attachment":[{"time":0,"name":null}],"color":[{"time":0,"color":"ffffffff"}]},"69_1":{"attachment":[{"time":0,"name":null}],"color":[{"time":0,"color":"ffffffff"}]},"69_2":{"attachment":[{"time":0,"name":null}],"color":[{"time":0,"color":"ffffffff"}]},"69_3":{"attachment":[{"time":0,"name":null}],"color":[{"time":0,"color":"ffffffff"}]},"69_4":{"attachment":[{"time":0,"name":null}],"color":[{"time":0,"color":"ffffffff"}]},"69_5":{"attachment":[{"time":0,"name":null}],"color":[{"time":0,"color":"ffffffff"}]},"6_5_1":{"attachment":[{"time":0,"name":null}],"color":[{"time":0,"color":"ffffffff"}]},"7_2":{"attachment":[{"time":0,"name":null}],"color":[{"time":0,"color":"ffffffff"}]},"7_3":{"attachment":[{"time":0,"name":null}],"color":[{"time":0,"color":"ffffffff"}]},"7_4":{"attachment":[{"time":0,"name":null}],"color":[{"time":0,"color":"ffffffff"}]},"7_5":{"attachment":[{"time":0,"name":null}],"color":[{"time":0,"color":"ffffffff"}]},"7_6":{"attachment":[{"time":0,"name":null}],"color":[{"time":0,"color":"ffffffff"}]},"8_1":{"attachment":[{"time":0,"name":null}],"color":[{"time":0,"color":"ffffffff"}]},"8_2":{"attachment":[{"time":0,"name":null}],"color":[{"time":0,"color":"ffffffff"}]},"8_3":{"attachment":[{"time":0,"name":null}],"color":[{"time":0,"color":"ffffffff"}]},"8_4":{"attachment":[{"time":0,"name":null}],"color":[{"time":0,"color":"ffffffff"}]},"face_1":{"attachment":[{"time":0,"name":"face_1"}],"color":[{"time":0,"color":"ffffffff"}]}},"bones":{"MAIN":{"scale":[{"time":0,"x":1.15,"y":1.15}]},"Boundingbox":{"translate":[{"time":0,"x":-10.95,"y":611}]}}},"window-2":{"slots":{"12_1":{"attachment":[{"time":0,"name":"12_1"}],"color":[{"time":0,"color":"ffffffff"}]},"12_2":{"attachment":[{"time":0,"name":"12_2"}],"color":[{"time":0,"color":"ffffffff"}]},"12_3":{"attachment":[{"time":0,"name":"12_3"}],"color":[{"time":0,"color":"ffffffff"}]},"12_4":{"attachment":[{"time":0,"name":"12_4"}],"color":[{"time":0,"color":"ffffffff"}]},"12_5":{"attachment":[{"time":0,"name":"12_5"}],"color":[{"time":0,"color":"ffffffff"}]},"12_6":{"attachment":[{"time":0,"name":"12_6"}],"color":[{"time":0,"color":"ffffffff"}]},"12_7":{"attachment":[{"time":0,"name":"12_7"}],"color":[{"time":0,"color":"ffffffff"}]},"12_8":{"attachment":[{"time":0,"name":"12_8"}],"color":[{"time":0,"color":"ffffffff"}]},"12_9":{"attachment":[{"time":0,"name":"12_9"}],"color":[{"time":0,"color":"ffffffff"}]},"12_10":{"attachment":[{"time":0,"name":"12_10"}],"color":[{"time":0,"color":"ffffffff"}]},"12_11":{"attachment":[{"time":0,"name":"12_11"}],"color":[{"time":0,"color":"ffffffff"}]},"35689_1":{"attachment":[{"time":0,"name":null}],"color":[{"time":0,"color":"ffffffff"}]},"35689_3":{"attachment":[{"time":0,"name":null}],"color":[{"time":0,"color":"ffffffff"}]},"35689_4":{"attachment":[{"time":0,"name":null}],"color":[{"time":0,"color":"ffffffff"}]},"35689_5":{"attachment":[{"time":0,"name":null}],"color":[{"time":0,"color":"ffffffff"}]},"35689_6":{"attachment":[{"time":0,"name":null}],"color":[{"time":0,"color":"ffffffff"}]},"35689_2_1":{"attachment":[{"time":0,"name":null}],"color":[{"time":0,"color":"ffffffff"}]},"3_1":{"attachment":[{"time":0,"name":null}],"color":[{"time":0,"color":"ffffffff"}]},"3_2":{"attachment":[{"time":0,"name":null}],"color":[{"time":0,"color":"ffffffff"}]},"3_3":{"attachment":[{"time":0,"name":null}],"color":[{"time":0,"color":"ffffffff"}]},"3_4":{"attachment":[{"time":0,"name":null}],"color":[{"time":0,"color":"ffffffff"}]},"3_5":{"attachment":[{"time":0,"name":null}],"color":[{"time":0,"color":"ffffffff"}]},"4_1":{"attachment":[{"time":0,"name":null}],"color":[{"time":0,"color":"ffffffff"}]},"4_2":{"attachment":[{"time":0,"name":null}],"color":[{"time":0,"color":"ffffffff"}]},"4_3":{"attachment":[{"time":0,"name":null}],"color":[{"time":0,"color":"ffffffff"}]},"4_4":{"attachment":[{"time":0,"name":null}],"color":[{"time":0,"color":"ffffffff"}]},"4_5":{"attachment":[{"time":0,"name":null}],"color":[{"time":0,"color":"ffffffff"}]},"4_6":{"attachment":[{"time":0,"name":null}],"color":[{"time":0,"color":"ffffffff"}]},"5_1":{"attachment":[{"time":0,"name":null}],"color":[{"time":0,"color":"ffffffff"}]},"5_2":{"attachment":[{"time":0,"name":null}],"color":[{"time":0,"color":"ffffffff"}]},"5_3":{"attachment":[{"time":0,"name":null}],"color":[{"time":0,"color":"ffffffff"}]},"5_4":{"attachment":[{"time":0,"name":null}],"color":[{"time":0,"color":"ffffffff"}]},"5_5":{"attachment":[{"time":0,"name":null}],"color":[{"time":0,"color":"ffffffff"}]},"69_1":{"attachment":[{"time":0,"name":null}],"color":[{"time":0,"color":"ffffffff"}]},"69_2":{"attachment":[{"time":0,"name":null}],"color":[{"time":0,"color":"ffffffff"}]},"69_3":{"attachment":[{"time":0,"name":null}],"color":[{"time":0,"color":"ffffffff"}]},"69_4":{"attachment":[{"time":0,"name":null}],"color":[{"time":0,"color":"ffffffff"}]},"69_5":{"attachment":[{"time":0,"name":null}],"color":[{"time":0,"color":"ffffffff"}]},"6_5_1":{"attachment":[{"time":0,"name":null}],"color":[{"time":0,"color":"ffffffff"}]},"7_2":{"attachment":[{"time":0,"name":null}],"color":[{"time":0,"color":"ffffffff"}]},"7_3":{"attachment":[{"time":0,"name":null}],"color":[{"time":0,"color":"ffffffff"}]},"7_4":{"attachment":[{"time":0,"name":null}],"color":[{"time":0,"color":"ffffffff"}]},"7_5":{"attachment":[{"time":0,"name":null}],"color":[{"time":0,"color":"ffffffff"}]},"7_6":{"attachment":[{"time":0,"name":null}],"color":[{"time":0,"color":"ffffffff"}]},"8_1":{"attachment":[{"time":0,"name":null}],"color":[{"time":0,"color":"ffffffff"}]},"8_2":{"attachment":[{"time":0,"name":null}],"color":[{"time":0,"color":"ffffffff"}]},"8_3":{"attachment":[{"time":0,"name":null}],"color":[{"time":0,"color":"ffffffff"}]},"8_4":{"attachment":[{"time":0,"name":null}],"color":[{"time":0,"color":"ffffffff"}]},"face_1":{"attachment":[{"time":0,"name":"face_2"}],"color":[{"time":0,"color":"ffffffff"}]}},"bones":{"MAIN":{"scale":[{"time":0,"x":1.15,"y":1.15}]},"Boundingbox":{"translate":[{"time":0,"x":-10.95,"y":611}]}}},"window-3":{"slots":{"12_1":{"attachment":[{"time":0,"name":null}],"color":[{"time":0,"color":"ffffffff"}]},"12_2":{"attachment":[{"time":0,"name":null}],"color":[{"time":0,"color":"ffffffff"}]},"12_3":{"attachment":[{"time":0,"name":null}],"color":[{"time":0,"color":"ffffffff"}]},"12_4":{"attachment":[{"time":0,"name":null}],"color":[{"time":0,"color":"ffffffff"}]},"12_5":{"attachment":[{"time":0,"name":null}],"color":[{"time":0,"color":"ffffffff"}]},"12_6":{"attachment":[{"time":0,"name":null}],"color":[{"time":0,"color":"ffffffff"}]},"12_7":{"attachment":[{"time":0,"name":null}],"color":[{"time":0,"color":"ffffffff"}]},"12_8":{"attachment":[{"time":0,"name":null}],"color":[{"time":0,"color":"ffffffff"}]},"12_9":{"attachment":[{"time":0,"name":null}],"color":[{"time":0,"color":"ffffffff"}]},"12_10":{"attachment":[{"time":0,"name":null}],"color":[{"time":0,"color":"ffffffff"}]},"12_11":{"attachment":[{"time":0,"name":null}],"color":[{"time":0,"color":"ffffffff"}]},"35689_1":{"attachment":[{"time":0,"name":"35689_1"}],"color":[{"time":0,"color":"ffffffff"}]},"35689_3":{"attachment":[{"time":0,"name":"35689_3"}],"color":[{"time":0,"color":"ffffffff"}]},"35689_4":{"attachment":[{"time":0,"name":"35689_4"}],"color":[{"time":0,"color":"ffffffff"}]},"35689_5":{"attachment":[{"time":0,"name":"35689_5"}],"color":[{"time":0,"color":"ffffffff"}]},"35689_6":{"attachment":[{"time":0,"name":"35689_6"}],"color":[{"time":0,"color":"ffffffff"}]},"35689_2_1":{"attachment":[{"time":0,"name":"35689_2_1"}],"color":[{"time":0,"color":"ffffffff"}]},"3_1":{"attachment":[{"time":0,"name":"3_1"}],"color":[{"time":0,"color":"ffffffff"}]},"3_2":{"attachment":[{"time":0,"name":"3_2"}],"color":[{"time":0,"color":"ffffffff"}]},"3_3":{"attachment":[{"time":0,"name":"3_3"}],"color":[{"time":0,"color":"ffffffff"}]},"3_4":{"attachment":[{"time":0,"name":"3_4"}],"color":[{"time":0,"color":"ffffffff"}]},"3_5":{"attachment":[{"time":0,"name":"3_5"}],"color":[{"time":0,"color":"ffffffff"}]},"4_1":{"attachment":[{"time":0,"name":null}],"color":[{"time":0,"color":"ffffffff"}]},"4_2":{"attachment":[{"time":0,"name":null}],"color":[{"time":0,"color":"ffffffff"}]},"4_3":{"attachment":[{"time":0,"name":null}],"color":[{"time":0,"color":"ffffffff"}]},"4_4":{"attachment":[{"time":0,"name":null}],"color":[{"time":0,"color":"ffffffff"}]},"4_5":{"attachment":[{"time":0,"name":null}],"color":[{"time":0,"color":"ffffffff"}]},"4_6":{"attachment":[{"time":0,"name":null}],"color":[{"time":0,"color":"ffffffff"}]},"5_1":{"attachment":[{"time":0,"name":null}],"color":[{"time":0,"color":"ffffffff"}]},"5_2":{"attachment":[{"time":0,"name":null}],"color":[{"time":0,"color":"ffffffff"}]},"5_3":{"attachment":[{"time":0,"name":null}],"color":[{"time":0,"color":"ffffffff"}]},"5_4":{"attachment":[{"time":0,"name":null}],"color":[{"time":0,"color":"ffffffff"}]},"5_5":{"attachment":[{"time":0,"name":null}],"color":[{"time":0,"color":"ffffffff"}]},"69_1":{"attachment":[{"time":0,"name":null}],"color":[{"time":0,"color":"ffffffff"}]},"69_2":{"attachment":[{"time":0,"name":null}],"color":[{"time":0,"color":"ffffffff"}]},"69_3":{"attachment":[{"time":0,"name":null}],"color":[{"time":0,"color":"ffffffff"}]},"69_4":{"attachment":[{"time":0,"name":null}],"color":[{"time":0,"color":"ffffffff"}]},"69_5":{"attachment":[{"time":0,"name":null}],"color":[{"time":0,"color":"ffffffff"}]},"6_5_1":{"attachment":[{"time":0,"name":null}],"color":[{"time":0,"color":"ffffffff"}]},"7_2":{"attachment":[{"time":0,"name":null}],"color":[{"time":0,"color":"ffffffff"}]},"7_3":{"attachment":[{"time":0,"name":null}],"color":[{"time":0,"color":"ffffffff"}]},"7_4":{"attachment":[{"time":0,"name":null}],"color":[{"time":0,"color":"ffffffff"}]},"7_5":{"attachment":[{"time":0,"name":null}],"color":[{"time":0,"color":"ffffffff"}]},"7_6":{"attachment":[{"time":0,"name":null}],"color":[{"time":0,"color":"ffffffff"}]},"8_1":{"attachment":[{"time":0,"name":null}],"color":[{"time":0,"color":"ffffffff"}]},"8_2":{"attachment":[{"time":0,"name":null}],"color":[{"time":0,"color":"ffffffff"}]},"8_3":{"attachment":[{"time":0,"name":null}],"color":[{"time":0,"color":"ffffffff"}]},"8_4":{"attachment":[{"time":0,"name":null}],"color":[{"time":0,"color":"ffffffff"}]},"face_1":{"attachment":[{"time":0,"name":"face_3"}],"color":[{"time":0,"color":"ffffffff"}]}},"bones":{"MAIN":{"scale":[{"time":0,"x":1.15,"y":1.15}]},"Boundingbox":{"translate":[{"time":0,"x":-10.95,"y":611}]}}},"window-4":{"slots":{"12_1":{"attachment":[{"time":0,"name":null}],"color":[{"time":0,"color":"ffffffff"}]},"12_2":{"attachment":[{"time":0,"name":null}],"color":[{"time":0,"color":"ffffffff"}]},"12_3":{"attachment":[{"time":0,"name":null}],"color":[{"time":0,"color":"ffffffff"}]},"12_4":{"attachment":[{"time":0,"name":null}],"color":[{"time":0,"color":"ffffffff"}]},"12_5":{"attachment":[{"time":0,"name":null}],"color":[{"time":0,"color":"ffffffff"}]},"12_6":{"attachment":[{"time":0,"name":null}],"color":[{"time":0,"color":"ffffffff"}]},"12_7":{"attachment":[{"time":0,"name":null}],"color":[{"time":0,"color":"ffffffff"}]},"12_8":{"attachment":[{"time":0,"name":null}],"color":[{"time":0,"color":"ffffffff"}]},"12_9":{"attachment":[{"time":0,"name":null}],"color":[{"time":0,"color":"ffffffff"}]},"12_10":{"attachment":[{"time":0,"name":null}],"color":[{"time":0,"color":"ffffffff"}]},"12_11":{"attachment":[{"time":0,"name":null}],"color":[{"time":0,"color":"ffffffff"}]},"35689_1":{"attachment":[{"time":0,"name":"35689_1"}],"color":[{"time":0,"color":"ffffffff"}]},"35689_3":{"attachment":[{"time":0,"name":"35689_3"}],"color":[{"time":0,"color":"ffffffff"}]},"35689_4":{"attachment":[{"time":0,"name":"35689_4"}],"color":[{"time":0,"color":"ffffffff"}]},"35689_5":{"attachment":[{"time":0,"name":"35689_5"}],"color":[{"time":0,"color":"ffffffff"}]},"35689_6":{"attachment":[{"time":0,"name":"35689_6"}],"color":[{"time":0,"color":"ffffffff"}]},"35689_2_1":{"attachment":[{"time":0,"name":"35689_2_1"}],"color":[{"time":0,"color":"ffffffff"}]},"3_1":{"attachment":[{"time":0,"name":null}],"color":[{"time":0,"color":"ffffffff"}]},"3_2":{"attachment":[{"time":0,"name":null}],"color":[{"time":0,"color":"ffffffff"}]},"3_3":{"attachment":[{"time":0,"name":null}],"color":[{"time":0,"color":"ffffffff"}]},"3_4":{"attachment":[{"time":0,"name":null}],"color":[{"time":0,"color":"ffffffff"}]},"3_5":{"attachment":[{"time":0,"name":null}],"color":[{"time":0,"color":"ffffffff"}]},"4_1":{"attachment":[{"time":0,"name":"4_1"}],"color":[{"time":0,"color":"ffffffff"}]},"4_2":{"attachment":[{"time":0,"name":"4_2"}],"color":[{"time":0,"color":"ffffffff"}]},"4_3":{"attachment":[{"time":0,"name":"4_3"}],"color":[{"time":0,"color":"ffffffff"}]},"4_4":{"attachment":[{"time":0,"name":"4_4"}],"color":[{"time":0,"color":"ffffffff"}]},"4_5":{"attachment":[{"time":0,"name":"4_5"}],"color":[{"time":0,"color":"ffffffff"}]},"4_6":{"attachment":[{"time":0,"name":null}],"color":[{"time":0,"color":"ffffffff"}]},"5_1":{"attachment":[{"time":0,"name":null}],"color":[{"time":0,"color":"ffffffff"}]},"5_2":{"attachment":[{"time":0,"name":null}],"color":[{"time":0,"color":"ffffffff"}]},"5_3":{"attachment":[{"time":0,"name":null}],"color":[{"time":0,"color":"ffffffff"}]},"5_4":{"attachment":[{"time":0,"name":null}],"color":[{"time":0,"color":"ffffffff"}]},"5_5":{"attachment":[{"time":0,"name":null}],"color":[{"time":0,"color":"ffffffff"}]},"69_1":{"attachment":[{"time":0,"name":null}],"color":[{"time":0,"color":"ffffffff"}]},"69_2":{"attachment":[{"time":0,"name":null}],"color":[{"time":0,"color":"ffffffff"}]},"69_3":{"attachment":[{"time":0,"name":null}],"color":[{"time":0,"color":"ffffffff"}]},"69_4":{"attachment":[{"time":0,"name":null}],"color":[{"time":0,"color":"ffffffff"}]},"69_5":{"attachment":[{"time":0,"name":null}],"color":[{"time":0,"color":"ffffffff"}]},"6_5_1":{"attachment":[{"time":0,"name":null}],"color":[{"time":0,"color":"ffffffff"}]},"7_2":{"attachment":[{"time":0,"name":null}],"color":[{"time":0,"color":"ffffffff"}]},"7_3":{"attachment":[{"time":0,"name":null}],"color":[{"time":0,"color":"ffffffff"}]},"7_4":{"attachment":[{"time":0,"name":null}],"color":[{"time":0,"color":"ffffffff"}]},"7_5":{"attachment":[{"time":0,"name":null}],"color":[{"time":0,"color":"ffffffff"}]},"7_6":{"attachment":[{"time":0,"name":null}],"color":[{"time":0,"color":"ffffffff"}]},"8_1":{"attachment":[{"time":0,"name":null}],"color":[{"time":0,"color":"ffffffff"}]},"8_2":{"attachment":[{"time":0,"name":null}],"color":[{"time":0,"color":"ffffffff"}]},"8_3":{"attachment":[{"time":0,"name":null}],"color":[{"time":0,"color":"ffffffff"}]},"8_4":{"attachment":[{"time":0,"name":null}],"color":[{"time":0,"color":"ffffffff"}]},"face_1":{"attachment":[{"time":0,"name":"face_4"}],"color":[{"time":0,"color":"ffffffff"}]}},"bones":{"MAIN":{"scale":[{"time":0,"x":1.15,"y":1.15}]},"Boundingbox":{"translate":[{"time":0,"x":-10.95,"y":611}]}}},"window-5":{"slots":{"12_1":{"attachment":[{"time":0,"name":null}],"color":[{"time":0,"color":"ffffffff"}]},"12_2":{"attachment":[{"time":0,"name":null}],"color":[{"time":0,"color":"ffffffff"}]},"12_3":{"attachment":[{"time":0,"name":null}],"color":[{"time":0,"color":"ffffffff"}]},"12_4":{"attachment":[{"time":0,"name":null}],"color":[{"time":0,"color":"ffffffff"}]},"12_5":{"attachment":[{"time":0,"name":null}],"color":[{"time":0,"color":"ffffffff"}]},"12_6":{"attachment":[{"time":0,"name":null}],"color":[{"time":0,"color":"ffffffff"}]},"12_7":{"attachment":[{"time":0,"name":null}],"color":[{"time":0,"color":"ffffffff"}]},"12_8":{"attachment":[{"time":0,"name":null}],"color":[{"time":0,"color":"ffffffff"}]},"12_9":{"attachment":[{"time":0,"name":null}],"color":[{"time":0,"color":"ffffffff"}]},"12_10":{"attachment":[{"time":0,"name":null}],"color":[{"time":0,"color":"ffffffff"}]},"12_11":{"attachment":[{"time":0,"name":null}],"color":[{"time":0,"color":"ffffffff"}]},"35689_1":{"attachment":[{"time":0,"name":"35689_1"}],"color":[{"time":0,"color":"ffffffff"}]},"35689_3":{"attachment":[{"time":0,"name":"35689_3"}],"color":[{"time":0,"color":"ffffffff"}]},"35689_4":{"attachment":[{"time":0,"name":"35689_4"}],"color":[{"time":0,"color":"ffffffff"}]},"35689_5":{"attachment":[{"time":0,"name":"35689_5"}],"color":[{"time":0,"color":"ffffffff"}]},"35689_6":{"attachment":[{"time":0,"name":"35689_6"}],"color":[{"time":0,"color":"ffffffff"}]},"35689_2_1":{"attachment":[{"time":0,"name":"35689_2_1"}],"color":[{"time":0,"color":"ffffffff"}]},"3_1":{"attachment":[{"time":0,"name":null}],"color":[{"time":0,"color":"ffffffff"}]},"3_2":{"attachment":[{"time":0,"name":null}],"color":[{"time":0,"color":"ffffffff"}]},"3_3":{"attachment":[{"time":0,"name":null}],"color":[{"time":0,"color":"ffffffff"}]},"3_4":{"attachment":[{"time":0,"name":null}],"color":[{"time":0,"color":"ffffffff"}]},"3_5":{"attachment":[{"time":0,"name":null}],"color":[{"time":0,"color":"ffffffff"}]},"4_1":{"attachment":[{"time":0,"name":null}],"color":[{"time":0,"color":"ffffffff"}]},"4_2":{"attachment":[{"time":0,"name":null}],"color":[{"time":0,"color":"ffffffff"}]},"4_3":{"attachment":[{"time":0,"name":null}],"color":[{"time":0,"color":"ffffffff"}]},"4_4":{"attachment":[{"time":0,"name":null}],"color":[{"time":0,"color":"ffffffff"}]},"4_5":{"attachment":[{"time":0,"name":null}],"color":[{"time":0,"color":"ffffffff"}]},"4_6":{"attachment":[{"time":0,"name":null}],"color":[{"time":0,"color":"ffffffff"}]},"5_1":{"attachment":[{"time":0,"name":"5_1"}],"color":[{"time":0,"color":"ffffffff"}]},"5_2":{"attachment":[{"time":0,"name":"5_2"}],"color":[{"time":0,"color":"ffffffff"}]},"5_3":{"attachment":[{"time":0,"name":"5_3"}],"color":[{"time":0,"color":"ffffffff"}]},"5_4":{"attachment":[{"time":0,"name":"5_4"}],"color":[{"time":0,"color":"ffffffff"}]},"5_5":{"attachment":[{"time":0,"name":"5_5"}],"color":[{"time":0,"color":"ffffffff"}]},"69_1":{"attachment":[{"time":0,"name":null}],"color":[{"time":0,"color":"ffffffff"}]},"69_2":{"attachment":[{"time":0,"name":null}],"color":[{"time":0,"color":"ffffffff"}]},"69_3":{"attachment":[{"time":0,"name":null}],"color":[{"time":0,"color":"ffffffff"}]},"69_4":{"attachment":[{"time":0,"name":null}],"color":[{"time":0,"color":"ffffffff"}]},"69_5":{"attachment":[{"time":0,"name":null}],"color":[{"time":0,"color":"ffffffff"}]},"6_5_1":{"attachment":[{"time":0,"name":null}],"color":[{"time":0,"color":"ffffffff"}]},"7_2":{"attachment":[{"time":0,"name":null}],"color":[{"time":0,"color":"ffffffff"}]},"7_3":{"attachment":[{"time":0,"name":null}],"color":[{"time":0,"color":"ffffffff"}]},"7_4":{"attachment":[{"time":0,"name":null}],"color":[{"time":0,"color":"ffffffff"}]},"7_5":{"attachment":[{"time":0,"name":null}],"color":[{"time":0,"color":"ffffffff"}]},"7_6":{"attachment":[{"time":0,"name":null}],"color":[{"time":0,"color":"ffffffff"}]},"8_1":{"attachment":[{"time":0,"name":null}],"color":[{"time":0,"color":"ffffffff"}]},"8_2":{"attachment":[{"time":0,"name":null}],"color":[{"time":0,"color":"ffffffff"}]},"8_3":{"attachment":[{"time":0,"name":null}],"color":[{"time":0,"color":"ffffffff"}]},"8_4":{"attachment":[{"time":0,"name":null}],"color":[{"time":0,"color":"ffffffff"}]},"face_1":{"attachment":[{"time":0,"name":"face_5"}],"color":[{"time":0,"color":"ffffffff"}]}},"bones":{"MAIN":{"scale":[{"time":0,"x":1.15,"y":1.15}]},"Boundingbox":{"translate":[{"time":0,"x":-10.95,"y":611}]}}},"window-6":{"slots":{"12_1":{"attachment":[{"time":0,"name":null}],"color":[{"time":0,"color":"ffffffff"}]},"12_2":{"attachment":[{"time":0,"name":null}],"color":[{"time":0,"color":"ffffffff"}]},"12_3":{"attachment":[{"time":0,"name":null}],"color":[{"time":0,"color":"ffffffff"}]},"12_4":{"attachment":[{"time":0,"name":null}],"color":[{"time":0,"color":"ffffffff"}]},"12_5":{"attachment":[{"time":0,"name":null}],"color":[{"time":0,"color":"ffffffff"}]},"12_6":{"attachment":[{"time":0,"name":null}],"color":[{"time":0,"color":"ffffffff"}]},"12_7":{"attachment":[{"time":0,"name":null}],"color":[{"time":0,"color":"ffffffff"}]},"12_8":{"attachment":[{"time":0,"name":null}],"color":[{"time":0,"color":"ffffffff"}]},"12_9":{"attachment":[{"time":0,"name":null}],"color":[{"time":0,"color":"ffffffff"}]},"12_10":{"attachment":[{"time":0,"name":null}],"color":[{"time":0,"color":"ffffffff"}]},"12_11":{"attachment":[{"time":0,"name":null}],"color":[{"time":0,"color":"ffffffff"}]},"35689_1":{"attachment":[{"time":0,"name":"35689_1"}],"color":[{"time":0,"color":"ffffffff"}]},"35689_3":{"attachment":[{"time":0,"name":"35689_3"}],"color":[{"time":0,"color":"ffffffff"}]},"35689_4":{"attachment":[{"time":0,"name":"35689_4"}],"color":[{"time":0,"color":"ffffffff"}]},"35689_5":{"attachment":[{"time":0,"name":"35689_5"}],"color":[{"time":0,"color":"ffffffff"}]},"35689_6":{"attachment":[{"time":0,"name":"35689_6"}],"color":[{"time":0,"color":"ffffffff"}]},"35689_2_1":{"attachment":[{"time":0,"name":"35689_2_1"}],"color":[{"time":0,"color":"ffffffff"}]},"3_1":{"attachment":[{"time":0,"name":null}],"color":[{"time":0,"color":"ffffffff"}]},"3_2":{"attachment":[{"time":0,"name":null}],"color":[{"time":0,"color":"ffffffff"}]},"3_3":{"attachment":[{"time":0,"name":null}],"color":[{"time":0,"color":"ffffffff"}]},"3_4":{"attachment":[{"time":0,"name":null}],"color":[{"time":0,"color":"ffffffff"}]},"3_5":{"attachment":[{"time":0,"name":null}],"color":[{"time":0,"color":"ffffffff"}]},"4_1":{"attachment":[{"time":0,"name":null}],"color":[{"time":0,"color":"ffffffff"}]},"4_2":{"attachment":[{"time":0,"name":null}],"color":[{"time":0,"color":"ffffffff"}]},"4_3":{"attachment":[{"time":0,"name":null}],"color":[{"time":0,"color":"ffffffff"}]},"4_4":{"attachment":[{"time":0,"name":null}],"color":[{"time":0,"color":"ffffffff"}]},"4_5":{"attachment":[{"time":0,"name":null}],"color":[{"time":0,"color":"ffffffff"}]},"4_6":{"attachment":[{"time":0,"name":null}],"color":[{"time":0,"color":"ffffffff"}]},"5_1":{"attachment":[{"time":0,"name":null}],"color":[{"time":0,"color":"ffffffff"}]},"5_2":{"attachment":[{"time":0,"name":null}],"color":[{"time":0,"color":"ffffffff"}]},"5_3":{"attachment":[{"time":0,"name":null}],"color":[{"time":0,"color":"ffffffff"}]},"5_4":{"attachment":[{"time":0,"name":null}],"color":[{"time":0,"color":"ffffffff"}]},"5_5":{"attachment":[{"time":0,"name":null}],"color":[{"time":0,"color":"ffffffff"}]},"69_1":{"attachment":[{"time":0,"name":"69_1"}],"color":[{"time":0,"color":"ffffffff"}]},"69_2":{"attachment":[{"time":0,"name":"69_2"}],"color":[{"time":0,"color":"ffffffff"}]},"69_3":{"attachment":[{"time":0,"name":"69_3"}],"color":[{"time":0,"color":"ffffffff"}]},"69_4":{"attachment":[{"time":0,"name":"69_4"}],"color":[{"time":0,"color":"ffffffff"}]},"69_5":{"attachment":[{"time":0,"name":"69_5"}],"color":[{"time":0,"color":"ffffffff"}]},"6_5_1":{"attachment":[{"time":0,"name":null}],"color":[{"time":0,"color":"ffffffff"}]},"7_2":{"attachment":[{"time":0,"name":null}],"color":[{"time":0,"color":"ffffffff"}]},"7_3":{"attachment":[{"time":0,"name":null}],"color":[{"time":0,"color":"ffffffff"}]},"7_4":{"attachment":[{"time":0,"name":null}],"color":[{"time":0,"color":"ffffffff"}]},"7_5":{"attachment":[{"time":0,"name":null}],"color":[{"time":0,"color":"ffffffff"}]},"7_6":{"attachment":[{"time":0,"name":null}],"color":[{"time":0,"color":"ffffffff"}]},"8_1":{"attachment":[{"time":0,"name":null}],"color":[{"time":0,"color":"ffffffff"}]},"8_2":{"attachment":[{"time":0,"name":null}],"color":[{"time":0,"color":"ffffffff"}]},"8_3":{"attachment":[{"time":0,"name":null}],"color":[{"time":0,"color":"ffffffff"}]},"8_4":{"attachment":[{"time":0,"name":null}],"color":[{"time":0,"color":"ffffffff"}]},"face_1":{"attachment":[{"time":0,"name":"face_9"}],"color":[{"time":0,"color":"ffffffff"}]}},"bones":{"MAIN":{"scale":[{"time":0,"x":1.15,"y":1.15}]},"Boundingbox":{"translate":[{"time":0,"x":-10.95,"y":611}]}}},"window-7":{"slots":{"12_1":{"attachment":[{"time":0,"name":null}],"color":[{"time":0,"color":"ffffffff"}]},"12_2":{"attachment":[{"time":0,"name":null}],"color":[{"time":0,"color":"ffffffff"}]},"12_3":{"attachment":[{"time":0,"name":null}],"color":[{"time":0,"color":"ffffffff"}]},"12_4":{"attachment":[{"time":0,"name":null}],"color":[{"time":0,"color":"ffffffff"}]},"12_5":{"attachment":[{"time":0,"name":null}],"color":[{"time":0,"color":"ffffffff"}]},"12_6":{"attachment":[{"time":0,"name":null}],"color":[{"time":0,"color":"ffffffff"}]},"12_7":{"attachment":[{"time":0,"name":null}],"color":[{"time":0,"color":"ffffffff"}]},"12_8":{"attachment":[{"time":0,"name":null}],"color":[{"time":0,"color":"ffffffff"}]},"12_9":{"attachment":[{"time":0,"name":null}],"color":[{"time":0,"color":"ffffffff"}]},"12_10":{"attachment":[{"time":0,"name":null}],"color":[{"time":0,"color":"ffffffff"}]},"12_11":{"attachment":[{"time":0,"name":null}],"color":[{"time":0,"color":"ffffffff"}]},"35689_1":{"attachment":[{"time":0,"name":"35689_1"}],"color":[{"time":0,"color":"ffffffff"}]},"35689_3":{"attachment":[{"time":0,"name":"35689_3"}],"color":[{"time":0,"color":"ffffffff"}]},"35689_4":{"attachment":[{"time":0,"name":"35689_4"}],"color":[{"time":0,"color":"ffffffff"}]},"35689_5":{"attachment":[{"time":0,"name":"35689_5"}],"color":[{"time":0,"color":"ffffffff"}]},"35689_6":{"attachment":[{"time":0,"name":"35689_6"}],"color":[{"time":0,"color":"ffffffff"}]},"35689_2_1":{"attachment":[{"time":0,"name":null}],"color":[{"time":0,"color":"ffffffff"}]},"3_1":{"attachment":[{"time":0,"name":null}],"color":[{"time":0,"color":"ffffffff"}]},"3_2":{"attachment":[{"time":0,"name":null}],"color":[{"time":0,"color":"ffffffff"}]},"3_3":{"attachment":[{"time":0,"name":null}],"color":[{"time":0,"color":"ffffffff"}]},"3_4":{"attachment":[{"time":0,"name":null}],"color":[{"time":0,"color":"ffffffff"}]},"3_5":{"attachment":[{"time":0,"name":null}],"color":[{"time":0,"color":"ffffffff"}]},"4_1":{"attachment":[{"time":0,"name":null}],"color":[{"time":0,"color":"ffffffff"}]},"4_2":{"attachment":[{"time":0,"name":null}],"color":[{"time":0,"color":"ffffffff"}]},"4_3":{"attachment":[{"time":0,"name":null}],"color":[{"time":0,"color":"ffffffff"}]},"4_4":{"attachment":[{"time":0,"name":null}],"color":[{"time":0,"color":"ffffffff"}]},"4_5":{"attachment":[{"time":0,"name":null}],"color":[{"time":0,"color":"ffffffff"}]},"4_6":{"attachment":[{"time":0,"name":null}],"color":[{"time":0,"color":"ffffffff"}]},"5_1":{"attachment":[{"time":0,"name":null}],"color":[{"time":0,"color":"ffffffff"}]},"5_2":{"attachment":[{"time":0,"name":null}],"color":[{"time":0,"color":"ffffffff"}]},"5_3":{"attachment":[{"time":0,"name":null}],"color":[{"time":0,"color":"ffffffff"}]},"5_4":{"attachment":[{"time":0,"name":null}],"color":[{"time":0,"color":"ffffffff"}]},"5_5":{"attachment":[{"time":0,"name":null}],"color":[{"time":0,"color":"ffffffff"}]},"69_1":{"attachment":[{"time":0,"name":null}],"color":[{"time":0,"color":"ffffffff"}]},"69_2":{"attachment":[{"time":0,"name":null}],"color":[{"time":0,"color":"ffffffff"}]},"69_3":{"attachment":[{"time":0,"name":null}],"color":[{"time":0,"color":"ffffffff"}]},"69_4":{"attachment":[{"time":0,"name":null}],"color":[{"time":0,"color":"ffffffff"}]},"69_5":{"attachment":[{"time":0,"name":null}],"color":[{"time":0,"color":"ffffffff"}]},"6_5_1":{"attachment":[{"time":0,"name":null}],"color":[{"time":0,"color":"ffffffff"}]},"7_2":{"attachment":[{"time":0,"name":"7_2"}],"color":[{"time":0,"color":"ffffffff"}]},"7_3":{"attachment":[{"time":0,"name":"7_3"}],"color":[{"time":0,"color":"ffffffff"}]},"7_4":{"attachment":[{"time":0,"name":"7_4"}],"color":[{"time":0,"color":"ffffffff"}]},"7_5":{"attachment":[{"time":0,"name":"7_5"}],"color":[{"time":0,"color":"ffffffff"}]},"7_6":{"attachment":[{"time":0,"name":"7_6"}],"color":[{"time":0,"color":"ffffffff"}]},"8_1":{"attachment":[{"time":0,"name":null}],"color":[{"time":0,"color":"ffffffff"}]},"8_2":{"attachment":[{"time":0,"name":null}],"color":[{"time":0,"color":"ffffffff"}]},"8_3":{"attachment":[{"time":0,"name":null}],"color":[{"time":0,"color":"ffffffff"}]},"8_4":{"attachment":[{"time":0,"name":null}],"color":[{"time":0,"color":"ffffffff"}]},"face_1":{"attachment":[{"time":0,"name":"face_7"}],"color":[{"time":0,"color":"ffffffff"}]}},"bones":{"MAIN":{"scale":[{"time":0,"x":1.15,"y":1.15}]},"Boundingbox":{"translate":[{"time":0,"x":-10.95,"y":611}]}}},"window-8":{"slots":{"12_1":{"attachment":[{"time":0,"name":null}],"color":[{"time":0,"color":"ffffffff"}]},"12_2":{"attachment":[{"time":0,"name":null}],"color":[{"time":0,"color":"ffffffff"}]},"12_3":{"attachment":[{"time":0,"name":null}],"color":[{"time":0,"color":"ffffffff"}]},"12_4":{"attachment":[{"time":0,"name":null}],"color":[{"time":0,"color":"ffffffff"}]},"12_5":{"attachment":[{"time":0,"name":null}],"color":[{"time":0,"color":"ffffffff"}]},"12_6":{"attachment":[{"time":0,"name":null}],"color":[{"time":0,"color":"ffffffff"}]},"12_7":{"attachment":[{"time":0,"name":null}],"color":[{"time":0,"color":"ffffffff"}]},"12_8":{"attachment":[{"time":0,"name":null}],"color":[{"time":0,"color":"ffffffff"}]},"12_9":{"attachment":[{"time":0,"name":null}],"color":[{"time":0,"color":"ffffffff"}]},"12_10":{"attachment":[{"time":0,"name":null}],"color":[{"time":0,"color":"ffffffff"}]},"12_11":{"attachment":[{"time":0,"name":null}],"color":[{"time":0,"color":"ffffffff"}]},"35689_1":{"attachment":[{"time":0,"name":"35689_1"}],"color":[{"time":0,"color":"ffffffff"}]},"35689_3":{"attachment":[{"time":0,"name":"35689_3"}],"color":[{"time":0,"color":"ffffffff"}]},"35689_4":{"attachment":[{"time":0,"name":"35689_4"}],"color":[{"time":0,"color":"ffffffff"}]},"35689_5":{"attachment":[{"time":0,"name":"35689_5"}],"color":[{"time":0,"color":"ffffffff"}]},"35689_6":{"attachment":[{"time":0,"name":"35689_6"}],"color":[{"time":0,"color":"ffffffff"}]},"35689_2_1":{"attachment":[{"time":0,"name":"35689_2_1"}],"color":[{"time":0,"color":"ffffffff"}]},"3_1":{"attachment":[{"time":0,"name":null}],"color":[{"time":0,"color":"ffffffff"}]},"3_2":{"attachment":[{"time":0,"name":null}],"color":[{"time":0,"color":"ffffffff"}]},"3_3":{"attachment":[{"time":0,"name":null}],"color":[{"time":0,"color":"ffffffff"}]},"3_4":{"attachment":[{"time":0,"name":null}],"color":[{"time":0,"color":"ffffffff"}]},"3_5":{"attachment":[{"time":0,"name":null}],"color":[{"time":0,"color":"ffffffff"}]},"4_1":{"attachment":[{"time":0,"name":null}],"color":[{"time":0,"color":"ffffffff"}]},"4_2":{"attachment":[{"time":0,"name":null}],"color":[{"time":0,"color":"ffffffff"}]},"4_3":{"attachment":[{"time":0,"name":null}],"color":[{"time":0,"color":"ffffffff"}]},"4_4":{"attachment":[{"time":0,"name":null}],"color":[{"time":0,"color":"ffffffff"}]},"4_5":{"attachment":[{"time":0,"name":null}],"color":[{"time":0,"color":"ffffffff"}]},"4_6":{"attachment":[{"time":0,"name":null}],"color":[{"time":0,"color":"ffffffff"}]},"5_1":{"attachment":[{"time":0,"name":null}],"color":[{"time":0,"color":"ffffffff"}]},"5_2":{"attachment":[{"time":0,"name":null}],"color":[{"time":0,"color":"ffffffff"}]},"5_3":{"attachment":[{"time":0,"name":null}],"color":[{"time":0,"color":"ffffffff"}]},"5_4":{"attachment":[{"time":0,"name":null}],"color":[{"time":0,"color":"ffffffff"}]},"5_5":{"attachment":[{"time":0,"name":null}],"color":[{"time":0,"color":"ffffffff"}]},"69_1":{"attachment":[{"time":0,"name":null}],"color":[{"time":0,"color":"ffffffff"}]},"69_2":{"attachment":[{"time":0,"name":null}],"color":[{"time":0,"color":"ffffffff"}]},"69_3":{"attachment":[{"time":0,"name":null}],"color":[{"time":0,"color":"ffffffff"}]},"69_4":{"attachment":[{"time":0,"name":null}],"color":[{"time":0,"color":"ffffffff"}]},"69_5":{"attachment":[{"time":0,"name":null}],"color":[{"time":0,"color":"ffffffff"}]},"6_5_1":{"attachment":[{"time":0,"name":null}],"color":[{"time":0,"color":"ffffffff"}]},"7_2":{"attachment":[{"time":0,"name":null}],"color":[{"time":0,"color":"ffffffff"}]},"7_3":{"attachment":[{"time":0,"name":null}],"color":[{"time":0,"color":"ffffffff"}]},"7_4":{"attachment":[{"time":0,"name":null}],"color":[{"time":0,"color":"ffffffff"}]},"7_5":{"attachment":[{"time":0,"name":null}],"color":[{"time":0,"color":"ffffffff"}]},"7_6":{"attachment":[{"time":0,"name":null}],"color":[{"time":0,"color":"ffffffff"}]},"8_1":{"attachment":[{"time":0,"name":"8_1"}],"color":[{"time":0,"color":"ffffffff"}]},"8_2":{"attachment":[{"time":0,"name":"8_2"}],"color":[{"time":0,"color":"ffffffff"}]},"8_3":{"attachment":[{"time":0,"name":"8_3"}],"color":[{"time":0,"color":"ffffffff"}]},"8_4":{"attachment":[{"time":0,"name":"8_4"}],"color":[{"time":0,"color":"ffffffff"}]},"face_1":{"attachment":[{"time":0,"name":"face_8"}],"color":[{"time":0,"color":"ffffffff"}]}},"bones":{"MAIN":{"scale":[{"time":0,"x":1.15,"y":1.15}]},"Boundingbox":{"translate":[{"time":0,"x":-10.95,"y":611}]}}},"window-9":{"slots":{"12_1":{"attachment":[{"time":0,"name":null}],"color":[{"time":0,"color":"ffffffff"}]},"12_2":{"attachment":[{"time":0,"name":null}],"color":[{"time":0,"color":"ffffffff"}]},"12_3":{"attachment":[{"time":0,"name":null}],"color":[{"time":0,"color":"ffffffff"}]},"12_4":{"attachment":[{"time":0,"name":null}],"color":[{"time":0,"color":"ffffffff"}]},"12_5":{"attachment":[{"time":0,"name":null}],"color":[{"time":0,"color":"ffffffff"}]},"12_6":{"attachment":[{"time":0,"name":null}],"color":[{"time":0,"color":"ffffffff"}]},"12_7":{"attachment":[{"time":0,"name":null}],"color":[{"time":0,"color":"ffffffff"}]},"12_8":{"attachment":[{"time":0,"name":null}],"color":[{"time":0,"color":"ffffffff"}]},"12_9":{"attachment":[{"time":0,"name":null}],"color":[{"time":0,"color":"ffffffff"}]},"12_10":{"attachment":[{"time":0,"name":null}],"color":[{"time":0,"color":"ffffffff"}]},"12_11":{"attachment":[{"time":0,"name":null}],"color":[{"time":0,"color":"ffffffff"}]},"35689_1":{"attachment":[{"time":0,"name":"35689_1"}],"color":[{"time":0,"color":"ffffffff"}]},"35689_3":{"attachment":[{"time":0,"name":"35689_3"}],"color":[{"time":0,"color":"ffffffff"}]},"35689_4":{"attachment":[{"time":0,"name":"35689_4"}],"color":[{"time":0,"color":"ffffffff"}]},"35689_5":{"attachment":[{"time":0,"name":"35689_5"}],"color":[{"time":0,"color":"ffffffff"}]},"35689_6":{"attachment":[{"time":0,"name":"35689_6"}],"color":[{"time":0,"color":"ffffffff"}]},"35689_2_1":{"attachment":[{"time":0,"name":"35689_2_1"}],"color":[{"time":0,"color":"ffffffff"}]},"3_1":{"attachment":[{"time":0,"name":null}],"color":[{"time":0,"color":"ffffffff"}]},"3_2":{"attachment":[{"time":0,"name":null}],"color":[{"time":0,"color":"ffffffff"}]},"3_3":{"attachment":[{"time":0,"name":null}],"color":[{"time":0,"color":"ffffffff"}]},"3_4":{"attachment":[{"time":0,"name":null}],"color":[{"time":0,"color":"ffffffff"}]},"3_5":{"attachment":[{"time":0,"name":null}],"color":[{"time":0,"color":"ffffffff"}]},"4_1":{"attachment":[{"time":0,"name":null}],"color":[{"time":0,"color":"ffffffff"}]},"4_2":{"attachment":[{"time":0,"name":null}],"color":[{"time":0,"color":"ffffffff"}]},"4_3":{"attachment":[{"time":0,"name":null}],"color":[{"time":0,"color":"ffffffff"}]},"4_4":{"attachment":[{"time":0,"name":null}],"color":[{"time":0,"color":"ffffffff"}]},"4_5":{"attachment":[{"time":0,"name":null}],"color":[{"time":0,"color":"ffffffff"}]},"4_6":{"attachment":[{"time":0,"name":null}],"color":[{"time":0,"color":"ffffffff"}]},"5_1":{"attachment":[{"time":0,"name":null}],"color":[{"time":0,"color":"ffffffff"}]},"5_2":{"attachment":[{"time":0,"name":null}],"color":[{"time":0,"color":"ffffffff"}]},"5_3":{"attachment":[{"time":0,"name":null}],"color":[{"time":0,"color":"ffffffff"}]},"5_4":{"attachment":[{"time":0,"name":null}],"color":[{"time":0,"color":"ffffffff"}]},"5_5":{"attachment":[{"time":0,"name":null}],"color":[{"time":0,"color":"ffffffff"}]},"69_1":{"attachment":[{"time":0,"name":"69_1"}],"color":[{"time":0,"color":"ffffffff"}]},"69_2":{"attachment":[{"time":0,"name":"69_2"}],"color":[{"time":0,"color":"ffffffff"}]},"69_3":{"attachment":[{"time":0,"name":"69_3"}],"color":[{"time":0,"color":"ffffffff"}]},"69_4":{"attachment":[{"time":0,"name":"69_4"}],"color":[{"time":0,"color":"ffffffff"}]},"69_5":{"attachment":[{"time":0,"name":"69_5"}],"color":[{"time":0,"color":"ffffffff"}]},"6_5_1":{"attachment":[{"time":0,"name":null}],"color":[{"time":0,"color":"ffffffff"}]},"7_2":{"attachment":[{"time":0,"name":null}],"color":[{"time":0,"color":"ffffffff"}]},"7_3":{"attachment":[{"time":0,"name":null}],"color":[{"time":0,"color":"ffffffff"}]},"7_4":{"attachment":[{"time":0,"name":null}],"color":[{"time":0,"color":"ffffffff"}]},"7_5":{"attachment":[{"time":0,"name":null}],"color":[{"time":0,"color":"ffffffff"}]},"7_6":{"attachment":[{"time":0,"name":null}],"color":[{"time":0,"color":"ffffffff"}]},"8_1":{"attachment":[{"time":0,"name":null}],"color":[{"time":0,"color":"ffffffff"}]},"8_2":{"attachment":[{"time":0,"name":null}],"color":[{"time":0,"color":"ffffffff"}]},"8_3":{"attachment":[{"time":0,"name":null}],"color":[{"time":0,"color":"ffffffff"}]},"8_4":{"attachment":[{"time":0,"name":null}],"color":[{"time":0,"color":"ffffffff"}]},"face_1":{"attachment":[{"time":0,"name":"face_9"}],"color":[{"time":0,"color":"ffffffff"}]}},"bones":{"MAIN":{"scale":[{"time":0,"x":1.15,"y":1.15}]},"Boundingbox":{"translate":[{"time":0,"x":-10.95,"y":611}]}}}}}