{"skeleton":{"hash":"AUSIweg5NkKOn3/8s4C9Aw4gBpU","spine":"3.0.12","width":0,"height":0,"images":"./images2/"},"bones":[{"name":"root"},{"name":"MAIN","parent":"root","y":44.88,"color":"9c9c9cff"},{"name":"SHADOW-OFFSET","parent":"MAIN","y":-22.88,"color":"9c9c9cff"},{"name":"R_arm","parent":"MAIN","x":-28.03,"y":17.7,"color":"9c9c9cff"},{"name":"L_arm","parent":"MAIN","x":43.03,"y":16.09,"color":"9c9c9cff"},{"name":"bone","parent":"L_arm","x":17.71,"y":1.43,"color":"9c9c9cff"},{"name":"HITBOX","parent":"MAIN","y":-44.88,"color":"9c9c9cff"},{"name":"EF","parent":"root"},{"name":"EF_slash_2","parent":"EF","x":262.29,"y":-192.96,"color":"0008ffff"},{"name":"EF_slash_1","parent":"EF","x":574.7,"y":-96.92,"color":"0008ffff"},{"name":"EF/magic5","parent":"EF","x":444.79,"y":-293.08,"color":"ff00e0ff"},{"name":"EF/610_S1_wave1_4","parent":"EF","x":538.98,"y":-514.26,"scaleX":2,"scaleY":2,"color":"14ff00ff"},{"name":"EF/610_S1_wave1_3","parent":"EF","x":474.57,"y":-514.26,"scaleX":2,"scaleY":2,"color":"14ff00ff"},{"name":"EF/610_S1_wave1_2","parent":"EF","x":401.17,"y":-514.26,"scaleX":2,"scaleY":2,"color":"14ff00ff"},{"name":"EF/610_S1_wave1_1","parent":"EF","x":327.76,"y":-514.26,"scaleX":2,"scaleY":2,"color":"14ff00ff"},{"name":"EF/110_S2_line1","parent":"EF","x":657.19,"y":-517.98,"color":"ff00e7ff"},{"name":"DAMAGEAREA","parent":"root"}],"slots":[{"name":"EF/110_S2_line1","bone":"EF/110_S2_line1","blend":"additive"},{"name":"EF/610_S1_wave1_1","bone":"EF/610_S1_wave1_1","blend":"additive"},{"name":"EF/610_S1_wave1_2","bone":"EF/610_S1_wave1_2","blend":"additive"},{"name":"EF/610_S1_wave1_3","bone":"EF/610_S1_wave1_3","blend":"additive"},{"name":"EF/610_S1_wave1_4","bone":"EF/610_S1_wave1_4","blend":"additive"},{"name":"EF/EF_slash_DOT/10000-combo_16_ef2_2","bone":"EF_slash_1","color":"0064ffff","blend":"additive"},{"name":"EF/EF_slash_DOT/10000-combo_7_ef1_1","bone":"EF_slash_2","color":"0064ffff","blend":"additive"},{"name":"MAIN","bone":"MAIN","attachment":"110_idle1"},{"name":"001_0002_L_arm","bone":"R_arm"},{"name":"001_0003_R_arm","bone":"L_arm"},{"name":"001_0001_weapon","bone":"bone"},{"name":"DAMAGEAREA","bone":"DAMAGEAREA"},{"name":"HITBOX","bone":"HITBOX","attachment":"HITBOX"},{"name":"EF/magic5","bone":"EF/magic5"},{"name":"EF/EF_slash_DOT/10000-combo_16_ef2_1F","bone":"EF_slash_1","color":"0064ffff","blend":"additive"}],"skins":{"default":{"001_0001_weapon":{"001_0001_weapon":{"x":-85.82,"y":-3.78,"width":196,"height":72}},"001_0002_L_arm":{"001_0002_L_arm":{"x":-1.16,"y":-0.58,"width":56,"height":24}},"001_0003_R_arm":{"001_0003_R_arm":{"x":-11.2,"y":1.8,"width":50,"height":22}},"DAMAGEAREA":{"DAMAGEAREA":{"type":"boundingbox","vertices":[-63.97701,-64.0402,63.97929,-64.02604,63.96828,63.91163,-63.95165,63.83006,0,0,0,0,0,0,0,0]}},"EF/110_S2_line1":{"EF/110_S2_line1/110_S2_line1_00018":{"x":-4.89,"y":4.3,"width":250,"height":250},"EF/110_S2_line1/110_S2_line1_00025":{"x":-4.89,"y":4.3,"width":250,"height":250},"EF/110_S2_line1/110_S2_line1_00028":{"x":-4.89,"y":4.3,"width":250,"height":250}},"EF/610_S1_wave1_1":{"EF/610_S1_wave1/610_S1_wave1_00000":{"x":-3.99,"y":14.94,"width":250,"height":250},"EF/610_S1_wave1/610_S1_wave1_00001":{"x":-3.99,"y":14.94,"width":250,"height":250},"EF/610_S1_wave1/610_S1_wave1_00002":{"x":-3.99,"y":14.94,"width":250,"height":250},"EF/610_S1_wave1/610_S1_wave1_00003":{"x":-3.99,"y":14.94,"width":250,"height":250},"EF/610_S1_wave1/610_S1_wave1_00004":{"x":-3.99,"y":14.94,"width":250,"height":250},"EF/610_S1_wave1/610_S1_wave1_00005":{"x":-3.99,"y":14.94,"width":250,"height":250},"EF/610_S1_wave1/610_S1_wave1_00006":{"x":-3.99,"y":14.94,"width":250,"height":250},"EF/610_S1_wave1/610_S1_wave1_00007":{"x":-3.99,"y":14.94,"width":250,"height":250},"EF/610_S1_wave1/610_S1_wave1_00008":{"x":-3.99,"y":14.94,"width":250,"height":250},"EF/610_S1_wave1/610_S1_wave1_00009":{"x":-3.99,"y":14.94,"width":250,"height":250}},"EF/610_S1_wave1_2":{"EF/610_S1_wave1/610_S1_wave1_00000":{"x":-3.99,"y":14.94,"width":250,"height":250},"EF/610_S1_wave1/610_S1_wave1_00001":{"x":-3.99,"y":14.94,"width":250,"height":250},"EF/610_S1_wave1/610_S1_wave1_00002":{"x":-3.99,"y":14.94,"width":250,"height":250},"EF/610_S1_wave1/610_S1_wave1_00003":{"x":-3.99,"y":14.94,"width":250,"height":250},"EF/610_S1_wave1/610_S1_wave1_00004":{"x":-3.99,"y":14.94,"width":250,"height":250},"EF/610_S1_wave1/610_S1_wave1_00005":{"x":-3.99,"y":14.94,"width":250,"height":250},"EF/610_S1_wave1/610_S1_wave1_00006":{"x":-3.99,"y":14.94,"width":250,"height":250},"EF/610_S1_wave1/610_S1_wave1_00007":{"x":-3.99,"y":14.94,"width":250,"height":250},"EF/610_S1_wave1/610_S1_wave1_00008":{"x":-3.99,"y":14.94,"width":250,"height":250},"EF/610_S1_wave1/610_S1_wave1_00009":{"x":-3.99,"y":14.94,"width":250,"height":250}},"EF/610_S1_wave1_3":{"EF/610_S1_wave1/610_S1_wave1_00000":{"x":-3.99,"y":14.94,"width":250,"height":250},"EF/610_S1_wave1/610_S1_wave1_00001":{"x":-3.99,"y":14.94,"width":250,"height":250},"EF/610_S1_wave1/610_S1_wave1_00002":{"x":-3.99,"y":14.94,"width":250,"height":250},"EF/610_S1_wave1/610_S1_wave1_00003":{"x":-3.99,"y":14.94,"width":250,"height":250},"EF/610_S1_wave1/610_S1_wave1_00004":{"x":-3.99,"y":14.94,"width":250,"height":250},"EF/610_S1_wave1/610_S1_wave1_00005":{"x":-3.99,"y":14.94,"width":250,"height":250},"EF/610_S1_wave1/610_S1_wave1_00006":{"x":-3.99,"y":14.94,"width":250,"height":250},"EF/610_S1_wave1/610_S1_wave1_00007":{"x":-3.99,"y":14.94,"width":250,"height":250},"EF/610_S1_wave1/610_S1_wave1_00008":{"x":-3.99,"y":14.94,"width":250,"height":250},"EF/610_S1_wave1/610_S1_wave1_00009":{"x":-3.99,"y":14.94,"width":250,"height":250}},"EF/610_S1_wave1_4":{"EF/610_S1_wave1/610_S1_wave1_00000":{"x":-3.99,"y":14.94,"width":250,"height":250},"EF/610_S1_wave1/610_S1_wave1_00001":{"x":-3.99,"y":14.94,"width":250,"height":250},"EF/610_S1_wave1/610_S1_wave1_00002":{"x":-3.99,"y":14.94,"width":250,"height":250},"EF/610_S1_wave1/610_S1_wave1_00003":{"x":-3.99,"y":14.94,"width":250,"height":250},"EF/610_S1_wave1/610_S1_wave1_00004":{"x":-3.99,"y":14.94,"width":250,"height":250},"EF/610_S1_wave1/610_S1_wave1_00005":{"x":-3.99,"y":14.94,"width":250,"height":250},"EF/610_S1_wave1/610_S1_wave1_00006":{"x":-3.99,"y":14.94,"width":250,"height":250},"EF/610_S1_wave1/610_S1_wave1_00007":{"x":-3.99,"y":14.94,"width":250,"height":250},"EF/610_S1_wave1/610_S1_wave1_00008":{"x":-3.99,"y":14.94,"width":250,"height":250},"EF/610_S1_wave1/610_S1_wave1_00009":{"x":-3.99,"y":14.94,"width":250,"height":250}},"EF/EF_slash_DOT/10000-combo_16_ef2_1F":{"EF/EF_slash_DOT/10000-combo_16_ef2_1F":{"x":-54.42,"y":-28.84,"width":412,"height":342}},"EF/EF_slash_DOT/10000-combo_16_ef2_2":{"EF/EF_slash_DOT/10000-combo_16_ef2_1B":{"x":-54.4,"y":-28.84,"width":412,"height":342},"EF/EF_slash_DOT/10000-combo_16_ef2_1Ba":{"x":-54.4,"y":-28.87,"width":412,"height":342}},"EF/EF_slash_DOT/10000-combo_7_ef1_1":{"EF/EF_slash_DOT/10000-combo_7_ef1_1":{"x":77.29,"y":67.39,"width":412,"height":342}},"EF/magic5":{"EF/magic5":{"x":-0.47,"y":3.18,"width":219,"height":219}},"HITBOX":{"HITBOX":{"type":"boundingbox","vertices":[-26.35291,7.57308,36.34118,8.70014,37.26316,96.61037,-27.27488,96.61037,0,0,0,0,0,0,0,0]}},"MAIN":{"110-skill2_air_attack_0":{"x":56.98,"y":25.11,"width":313,"height":311},"110-skill2_air_attack_1":{"x":56.98,"y":25.11,"width":313,"height":311},"110-skill2_air_attack_2":{"x":51.85,"y":27.74,"width":313,"height":311},"110-skill2_air_attack_3":{"x":65,"y":30.11,"width":313,"height":311},"110-skill2_air_attack_4":{"x":65,"y":30.11,"width":313,"height":311},"110_anther-attack2_export_0":{"x":6,"y":29.56,"width":473,"height":303},"110_anther-attack2_export_1":{"x":6,"y":29.09,"width":473,"height":303},"110_anther-attack2_export_2":{"x":6,"y":28.85,"width":473,"height":303},"110_anther-attack2_export_4":{"x":4,"y":28.61,"width":473,"height":303},"110_anther-attack2_export_5":{"x":20,"y":27.11,"width":473,"height":303},"110_anther-attack2_export_6":{"x":20,"y":27.11,"width":473,"height":303},"110_anther-attack2_export_7":{"x":20,"y":27.11,"width":473,"height":303},"110_anther-rannbu_export_0":{"x":-9.69,"y":85.98,"width":556,"height":398},"110_anther-rannbu_export_1":{"x":-9.69,"y":85.55,"width":556,"height":398},"110_anther-rannbu_export_2":{"x":-9.69,"y":87.4,"width":556,"height":398},"110_anther-rannbu_export_3":{"x":-9.69,"y":87.87,"width":556,"height":398},"110_anther-rannbu_export_4":{"x":4,"y":86.93,"width":556,"height":398},"110_anther-rannbu_export_5":{"x":4,"y":87.69,"width":556,"height":398},"110_anther-rannbu_export_6":{"x":4,"y":87.49,"width":556,"height":398},"110_anther-skill_2_export_0":{"x":-31.54,"y":-8.1,"width":383,"height":138},"110_attack1":{"x":-15,"y":39.61,"width":334,"height":234},"110_attack2":{"x":-15,"y":39.61,"width":334,"height":234},"110_attack3":{"x":10,"y":39.14,"width":334,"height":234},"110_attack4":{"x":47,"y":37.24,"width":334,"height":234},"110_attack5":{"x":47,"y":37.71,"width":334,"height":234},"110_damage":{"x":-20.68,"y":4.36,"width":224,"height":148},"110_idle1":{"x":-22.7,"y":3.23,"width":261,"height":147},"110_idle2":{"x":-22.7,"y":3.23,"width":261,"height":147},"110_idle3":{"x":-22.7,"y":3.23,"width":261,"height":147},"110_idle4":{"x":-22.7,"y":3.23,"width":261,"height":147},"110_idle5":{"x":-22.7,"y":3.23,"width":261,"height":147},"110_move2":{"x":-27,"y":43.11,"width":186,"height":233},"110_move1a":{"x":-17.24,"y":8.39,"width":400,"height":400}}}},"events":{"Sound1":{},"Sound2":{},"Sound3":{},"Sound4":{},"Voice":{},"event":{},"event2":{"float":0.1,"string":"kHitStopType_enemyonly"},"hit-event":{}},"animations":{"attack1":{"slots":{"DAMAGEAREA":{"attachment":[{"time":0.1333,"name":"DAMAGEAREA"},{"time":0.1666,"name":null},{"time":0.2,"name":"DAMAGEAREA"},{"time":0.2333,"name":null},{"time":0.5,"name":"DAMAGEAREA"},{"time":0.5666,"name":null}]},"EF/EF_slash_DOT/10000-combo_16_ef2_2":{"attachment":[{"time":0.2,"name":"EF/EF_slash_DOT/10000-combo_16_ef2_1Ba"},{"time":0.2333,"name":null},{"time":0.5,"name":"EF/EF_slash_DOT/10000-combo_16_ef2_1B"},{"time":0.5333,"name":null}]},"EF/EF_slash_DOT/10000-combo_16_ef2_1F":{"attachment":[{"time":0.2,"name":"EF/EF_slash_DOT/10000-combo_16_ef2_1F"},{"time":0.2333,"name":null},{"time":0.5,"name":"EF/EF_slash_DOT/10000-combo_16_ef2_1F"},{"time":0.5333,"name":null}]},"EF/EF_slash_DOT/10000-combo_7_ef1_1":{"attachment":[{"time":0.1333,"name":"EF/EF_slash_DOT/10000-combo_7_ef1_1"},{"time":0.1666,"name":null}]},"MAIN":{"attachment":[{"time":0,"name":"110_anther-rannbu_export_0"},{"time":0.0666,"name":"110_anther-rannbu_export_1"},{"time":0.1,"name":"110_anther-rannbu_export_2"},{"time":0.1333,"name":"110_anther-rannbu_export_4"},{"time":0.1666,"name":"110_anther-rannbu_export_5"},{"time":0.2,"name":"110_attack3"},{"time":0.2666,"name":"110_attack4"},{"time":0.3,"name":"110_attack5"},{"time":0.4333,"name":"110_anther-attack2_export_2"},{"time":0.5,"name":"110_anther-attack2_export_5"},{"time":0.5666,"name":"110_anther-attack2_export_6"},{"time":0.6333,"name":"110_anther-attack2_export_7"},{"time":0.8333,"name":"110_move2"},{"time":1.1,"name":"110_idle1"},{"time":1.4666,"name":"110_idle1"}]}},"bones":{"MAIN":{"translate":[{"time":0,"x":0,"y":0,"curve":"stepped"},{"time":0.1333,"x":-15.4,"y":0},{"time":0.1666,"x":-22.71,"y":0,"curve":"stepped"},{"time":0.2,"x":-60.44,"y":-0.32,"curve":"stepped"},{"time":0.2666,"x":-60.44,"y":-0.32,"curve":[0.25,0,0.75,1]},{"time":0.3666,"x":-64.51,"y":-0.32,"curve":"stepped"},{"time":0.4333,"x":-66.95,"y":-3.8,"curve":"stepped"},{"time":0.5,"x":-91.12,"y":-0.5},{"time":0.6333,"x":-98.64,"y":-0.5,"curve":"stepped"},{"time":0.8333,"x":-98.64,"y":-0.5},{"time":0.9333,"x":-64.44,"y":13.5},{"time":1.1,"x":-10,"y":0},{"time":1.2666,"x":0,"y":0}]},"DAMAGEAREA":{"translate":[{"time":0.1333,"x":-74.25,"y":90.43,"curve":"stepped"},{"time":0.2,"x":-121.25,"y":62.66}],"scale":[{"time":0.1333,"x":2.372,"y":2.094,"curve":"stepped"},{"time":0.2,"x":2.626,"y":0.973}]},"EF_slash_1":{"rotate":[{"time":0.2,"angle":-5.38,"curve":"stepped"},{"time":0.5,"angle":14.6}],"translate":[{"time":0.2,"x":-644.42,"y":129.7,"curve":"stepped"},{"time":0.5,"x":-563.92,"y":253.62}],"scale":[{"time":0.2,"x":0.88,"y":-0.55,"curve":"stepped"},{"time":0.5,"x":1.2,"y":0.82}]},"EF_slash_2":{"rotate":[{"time":0.1333,"angle":1.96,"curve":"stepped"},{"time":0.1666,"angle":1.07}],"translate":[{"time":0.1333,"x":-427.06,"y":206.12,"curve":"stepped"},{"time":0.1666,"x":-432.76,"y":207.94}],"scale":[{"time":0.1333,"x":1.07,"y":0.832,"curve":"stepped"},{"time":0.1666,"x":1.087,"y":0.733}]}},"drawOrder":[{"time":0.1333,"offsets":[{"slot":"EF/EF_slash_DOT/10000-combo_16_ef2_2","offset":6},{"slot":"EF/EF_slash_DOT/10000-combo_16_ef2_1F","offset":-8}]},{"time":0.3333,"offsets":[{"slot":"EF/EF_slash_DOT/10000-combo_16_ef2_2","offset":1},{"slot":"EF/EF_slash_DOT/10000-combo_16_ef2_1F","offset":-3}]}],"events":[{"time":0,"name":"Voice","string":"cri_002_voice_attack_random"},{"time":0.0666,"name":"event","float":0.1,"string":"kHitStopType_normal"},{"time":0.1,"name":"Sound2","string":"cri_se_battle_skill_shot"},{"time":0.1,"name":"event","float":1,"string":"setBreakRate"},{"time":0.1333,"name":"Sound1","string":"setHitSound(se_battle_017_sword_hit_01)"},{"time":0.2,"name":"Sound1","string":"setHitSound(se_battle_018_sword_hit_02)"},{"time":0.2,"name":"hit-event","string":"resetHitList"},{"time":0.4666,"name":"Sound2","string":"cri_se_battle_skill_shot"},{"time":0.4666,"name":"event","float":0.4,"string":"kHitStopType_normal"},{"time":0.5,"name":"Sound1","string":"setHitSound(se_battle_018_sword_hit_02)"},{"time":0.5,"name":"Voice","string":"cri_002_voice_attack_c"},{"time":0.5,"name":"hit-event","float":1.25,"string":"resetHitList"},{"time":0.8333,"name":"Sound1","string":"cri_se_battle_step"}]},"back":{"slots":{"MAIN":{"attachment":[{"time":0,"name":"110_move2"},{"time":0.3,"name":"110_idle3"},{"time":0.4333,"name":"110_idle2"},{"time":0.5666,"name":"110_idle1"}]}},"bones":{"MAIN":{"translate":[{"time":0,"x":0,"y":0},{"time":0.1333,"x":59.88,"y":8.45},{"time":0.3,"x":119.99,"y":0,"curve":[0.228,0.87,0.235,0.82]},{"time":0.5,"x":139.99,"y":0,"curve":"stepped"},{"time":0.7,"x":139.99,"y":0}]}},"events":[{"time":0,"name":"Sound1","string":"cri_se_battle_step"}]},"cast":{"slots":{"MAIN":{"attachment":[{"time":0,"name":"110_anther-attack2_export_0"},{"time":0.1,"name":"110_anther-attack2_export_1"},{"time":0.2333,"name":"110_anther-attack2_export_2"},{"time":0.4666,"name":"110_anther-attack2_export_4"},{"time":0.5,"name":"110_anther-attack2_export_5"},{"time":0.5666,"name":"110_anther-attack2_export_6"},{"time":0.6333,"name":"110_anther-attack2_export_7"}]}},"events":[{"time":0.1333,"name":"Voice","string":"cri_002_voice_item"},{"time":1,"name":"Sound1","string":"cri_se_battle_step"}]},"damage":{"slots":{"MAIN":{"attachment":[{"time":0,"name":"110_damage"}]}},"bones":{"MAIN":{"translate":[{"time":0,"x":6.78,"y":0}]}}},"front":{"slots":{"MAIN":{"attachment":[{"time":0,"name":"110_move1a"}]}}},"idle":{"slots":{"001_0001_weapon":{"attachment":[{"time":0,"name":"001_0001_weapon"}]},"001_0002_L_arm":{"attachment":[{"time":0,"name":"001_0002_L_arm"}]},"001_0003_R_arm":{"attachment":[{"time":0,"name":"001_0003_R_arm"}]},"MAIN":{"attachment":[{"time":0,"name":"110_idle1"},{"time":0.2,"name":"110_idle2"},{"time":0.4,"name":"110_idle3"},{"time":0.6,"name":"110_idle4"},{"time":0.8,"name":"110_idle5"},{"time":0.9666,"name":"110_idle1"}]}},"bones":{"MAIN":{"translate":[{"time":0,"x":0,"y":0}]},"bone":{"translate":[{"time":0,"x":0,"y":0,"curve":"stepped"},{"time":0.6,"x":-0.11,"y":-0.04,"curve":"stepped"},{"time":0.8,"x":0.11,"y":-0.15,"curve":"stepped"},{"time":0.9666,"x":0,"y":0}]},"L_arm":{"translate":[{"time":0,"x":0,"y":0,"curve":"stepped"},{"time":0.2,"x":0,"y":-2,"curve":"stepped"},{"time":0.4,"x":0,"y":-3.04,"curve":"stepped"},{"time":0.6,"x":0,"y":-1.6,"curve":"stepped"},{"time":0.8,"x":-0.35,"y":-0.77,"curve":"stepped"},{"time":0.9666,"x":0,"y":0}]},"R_arm":{"translate":[{"time":0,"x":0,"y":0,"curve":"stepped"},{"time":0.2,"x":0,"y":-0.94,"curve":"stepped"},{"time":0.4,"x":0,"y":-1.88,"curve":"stepped"},{"time":0.6,"x":-0.1,"y":-1.16,"curve":"stepped"},{"time":0.8,"x":-0.7,"y":-0.33,"curve":"stepped"},{"time":0.9666,"x":0,"y":0}]}}},"skill1":{"slots":{"DAMAGEAREA":{"attachment":[{"time":0,"name":null},{"time":0.0666,"name":"DAMAGEAREA"},{"time":0.2,"name":null},{"time":0.4666,"name":"DAMAGEAREA"},{"time":0.6,"name":null},{"time":0.9333,"name":"DAMAGEAREA"},{"time":1.0666,"name":null}]},"MAIN":{"attachment":[{"time":0.0333,"name":"110_attack2"},{"time":0.0666,"name":"110_attack3"},{"time":0.1,"name":"110_attack4"},{"time":0.1333,"name":"110_attack5"},{"time":0.2666,"name":"110_anther-rannbu_export_0"},{"time":0.4,"name":"110_anther-rannbu_export_2"},{"time":0.4666,"name":"110_anther-rannbu_export_4"},{"time":0.5333,"name":"110_anther-rannbu_export_6"},{"time":0.6,"name":"110_anther-rannbu_export_5"},{"time":0.6333,"name":"110_anther-rannbu_export_4"},{"time":0.9333,"name":"110_move2"},{"time":1.1666,"name":"110_idle1"},{"time":1.5666,"name":null}]}},"bones":{"MAIN":{"translate":[{"time":0.0666,"x":-56.24,"y":0,"curve":"stepped"},{"time":0.1,"x":-73.67,"y":0},{"time":0.1666,"x":-77.94,"y":0,"curve":"stepped"},{"time":0.2666,"x":-85.61,"y":0,"curve":"stepped"},{"time":0.4,"x":-98.68,"y":0,"curve":"stepped"},{"time":0.4666,"x":-113.53,"y":0,"curve":"stepped"},{"time":0.9333,"x":-70.7,"y":9.43,"curve":[0.303,0.33,0.638,0.67]},{"time":1.0333,"x":-44.12,"y":13.46,"curve":[0.305,0.34,0.641,0.67]},{"time":1.1666,"x":-15,"y":0},{"time":1.3333,"x":0,"y":0}]},"DAMAGEAREA":{"translate":[{"time":0.0666,"x":-95.07,"y":29.19,"curve":"stepped"},{"time":0.4666,"x":-323.92,"y":42.44,"curve":"stepped"},{"time":0.9333,"x":-342.73,"y":86.94}],"scale":[{"time":0.0666,"x":3.523,"y":1.817,"curve":"stepped"},{"time":0.4666,"x":3.656,"y":0.775,"curve":"stepped"},{"time":0.9333,"x":1.874,"y":1.723}]}},"events":[{"time":0,"name":"event","string":"setHitBack(25,0)"},{"time":0.0333,"name":"Sound1","string":"cri_se_battle_skill_shot"},{"time":0.0333,"name":"event","string":"setHitBackEnemy(20,0)"},{"time":0.0666,"name":"Sound1","string":"cri_se_battle_attack_ice"},{"time":0.0666,"name":"Sound2","string":"setHitSound(se_battle_018_sword_hit_02)"},{"time":0.0666,"name":"Voice","string":"cri_002_voice_skill_all"},{"time":0.0666,"name":"event","float":0.3,"string":"kHitStopType_normal"},{"time":0.3666,"name":"event","string":"setHitBack(0,0)"},{"time":0.4,"name":"event","string":"setHitBackEnemy(0,0)"},{"time":0.4333,"name":"Sound1","string":"cri_se_battle_skill_shot"},{"time":0.4333,"name":"event","float":0.6,"string":"kHitStopType_enemyonly"},{"time":0.4666,"name":"Sound1","string":"cri_se_battle_skill_ice"},{"time":0.4666,"name":"Sound2","string":"setHitSound(se_battle_018_sword_hit_02)"},{"time":0.4666,"name":"Sound3","string":"cri_se_battle_hard_hit"},{"time":0.4666,"name":"event","string":"shakeGround"},{"time":0.4666,"name":"hit-event","float":2,"string":"resetHitList"},{"time":0.9,"name":"Sound1","string":"cri_se_battle_skill_icebreak"},{"time":0.9,"name":"event","float":0.1,"string":"kHitStopType_enemyonly"},{"time":0.9333,"name":"Sound2","string":"cri_se_battle_step"},{"time":0.9333,"name":"event","string":"kImpactType_up"},{"time":0.9333,"name":"hit-event","float":1.5,"string":"resetHitList"}]},"skill2":{"slots":{"DAMAGEAREA":{"attachment":[{"time":0.1,"name":"DAMAGEAREA"},{"time":0.4,"name":null},{"time":0.8666,"name":"DAMAGEAREA"},{"time":1.2666,"name":null}]},"MAIN":{"attachment":[{"time":0,"name":"110_move1a"},{"time":0.0666,"name":null},{"time":0.3333,"name":"110_anther-skill_2_export_0"},{"time":0.4,"name":"110-skill2_air_attack_0"},{"time":0.5,"name":"110-skill2_air_attack_1"},{"time":0.5666,"name":"110-skill2_air_attack_2"},{"time":0.8,"name":"110-skill2_air_attack_3"},{"time":0.8333,"name":"110-skill2_air_attack_4"},{"time":1.3333,"name":"110-skill2_air_attack_4"},{"time":1.5333,"name":"110_move2"},{"time":1.8,"name":"110_idle1"},{"time":2.1333,"name":null}],"color":[{"time":0,"color":"ffffffff"},{"time":0.0666,"color":"ffffff00","curve":"stepped"},{"time":0.3333,"color":"ffffff00"},{"time":0.4333,"color":"ffffffff"}]}},"bones":{"MAIN":{"rotate":[{"time":0,"angle":0,"curve":"stepped"},{"time":0.3333,"angle":0,"curve":"stepped"},{"time":0.8,"angle":0}],"translate":[{"time":0,"x":0.94,"y":4.26,"curve":[0.25,0,0.75,1]},{"time":0.0666,"x":-366.27,"y":0,"curve":"stepped"},{"time":0.3333,"x":-104.23,"y":82.64,"curve":[0.217,0.62,0.75,1]},{"time":0.5333,"x":-85.92,"y":281.13},{"time":0.8,"x":-85.92,"y":290.48},{"time":0.8333,"x":-89.57,"y":287.74,"curve":"stepped"},{"time":1.3333,"x":-89.57,"y":287.74,"curve":[0.285,0.13,0.785,0.5]},{"time":1.5333,"x":-69.57,"y":3.94,"curve":[0.234,0.36,0.598,0.71]},{"time":1.6333,"x":-34.58,"y":17.74,"curve":[0.353,0.59,0.761,1]},{"time":1.8,"x":-10,"y":0},{"time":1.9666,"x":0,"y":0}]},"DAMAGEAREA":{"scale":[{"time":0,"x":19.565,"y":16.05,"curve":"stepped"},{"time":0.1,"x":19.565,"y":16.05}]}},"events":[{"time":0,"name":"event","string":"kImpactType_up"},{"time":0.0333,"name":"event","float":0.1,"string":"kHitStopType_normal"},{"time":0.0666,"name":"Sound2","string":"cri_se_battle_attack_ice_short"},{"time":0.1,"name":"Sound1","string":"setHitSound(se_battle_026_stab)"},{"time":0.1333,"name":"Sound2","string":"cri_se_battle_attack_ice_short"},{"time":0.1333,"name":"event","float":0.1,"string":"kHitStopType_enemyonly"},{"time":0.1333,"name":"hit-event","string":"resetHitList"},{"time":0.1666,"name":"Sound1","string":"setHitSound(se_battle_026_stab)"},{"time":0.1666,"name":"hit-event","float":1.1,"string":"resetHitList"},{"time":0.2,"name":"Sound2","string":"cri_se_battle_attack_ice_short"},{"time":0.2,"name":"hit-event","float":1.1,"string":"resetHitList"},{"time":0.2333,"name":"Sound1","string":"setHitSound(se_battle_026_stab)"},{"time":0.2333,"name":"hit-event","float":1.2,"string":"resetHitList"},{"time":0.2666,"name":"Sound2","string":"cri_se_battle_attack_ice_short"},{"time":0.2666,"name":"hit-event","float":1.2,"string":"resetHitList"},{"time":0.3,"name":"Sound1","string":"setHitSound(se_battle_026_stab)"},{"time":0.3333,"name":"Sound2","string":"cri_se_battle_attack_ice"},{"time":0.3666,"name":"Sound1","string":"setHitSound(se_battle_026_stab)"},{"time":0.3666,"name":"Sound3","string":"cri_se_battle_jump"},{"time":0.3666,"name":"Voice","string":"cri_002_voice_fullarts_rank3"},{"time":0.7666,"name":"Sound1","string":"cri_se_battle_skill_shot"},{"time":0.8,"name":"Sound2","string":"setHitSound(se_battle_018_sword_hit_02)"},{"time":0.8,"name":"Sound3","string":"cri_se_battle_attack_ice"},{"time":0.8,"name":"event","float":0.1,"string":"kHitStopType_normal"},{"time":0.8333,"name":"Sound2","string":"cri_se_battle_arrow_light_effect"},{"time":0.8333,"name":"event","string":"shakeGround"},{"time":0.8666,"name":"Sound1","string":"setHitSound(se_battle_026_stab)"},{"time":0.8666,"name":"event","string":"kImpactType_down"},{"time":0.8666,"name":"hit-event","float":1.4,"string":"resetHitList"},{"time":0.9,"name":"Sound1","string":"setHitSound(se_battle_026_stab)"},{"time":0.9,"name":"event","float":0.5,"string":"shakeGround-Loop"},{"time":0.9,"name":"event2","float":0.05},{"time":0.9,"name":"hit-event","float":1.4,"string":"resetHitList"},{"time":0.9333,"name":"Sound1","string":"setHitSound(se_battle_026_stab)"},{"time":0.9333,"name":"Sound2","string":"cri_se_battle_arrow_light_effect"},{"time":0.9333,"name":"Sound3","string":"cri_se_battle_skill_ice_short"},{"time":0.9333,"name":"hit-event","float":1.4,"string":"resetHitList"},{"time":0.9666,"name":"Sound1","string":"setHitSound(se_battle_026_stab)"},{"time":0.9666,"name":"Sound3","string":"cri_se_battle_skill_ice_short"},{"time":0.9666,"name":"hit-event","float":1.4,"string":"resetHitList"},{"time":1,"name":"Sound1","string":"setHitSound(se_battle_026_stab)"},{"time":1,"name":"hit-event","float":1.4,"string":"resetHitList"},{"time":1.0333,"name":"Sound1","string":"setHitSound(se_battle_026_stab)"},{"time":1.0333,"name":"Sound2","string":"cri_se_battle_arrow_light_effect"},{"time":1.0333,"name":"Sound3","string":"cri_se_battle_skill_ice_short"},{"time":1.0333,"name":"hit-event","float":1.4,"string":"resetHitList"},{"time":1.0666,"name":"Sound1","string":"setHitSound(se_battle_026_stab)"},{"time":1.0666,"name":"Sound3","string":"cri_se_battle_skill_ice"},{"time":1.0666,"name":"hit-event","float":1.4,"string":"resetHitList"},{"time":1.1,"name":"Sound1","string":"setHitSound(se_battle_026_stab)"},{"time":1.1,"name":"hit-event","float":1.4,"string":"resetHitList"},{"time":1.1333,"name":"Sound1","string":"setHitSound(se_battle_026_stab)"},{"time":1.1333,"name":"Sound2","string":"cri_se_battle_arrow_light_effect"},{"time":1.1333,"name":"hit-event","float":1.4,"string":"resetHitList"},{"time":1.1666,"name":"hit-event","float":1.4,"string":"resetHitList"},{"time":1.2,"name":"hit-event","float":1.4,"string":"resetHitList"},{"time":1.3,"name":"Sound3","string":"cri_se_battle_skill_icebreak"},{"time":1.3333,"name":"Sound3","string":"cri_se_battle_skill_icebreak"},{"time":1.4,"name":"Sound3","string":"cri_se_battle_skill_icebreak"},{"time":1.5333,"name":"Sound2","string":"cri_se_battle_step"}]}}}