{"skeleton":{"hash":"0YtqxAslZs5FMdZECR98SzBq4m4","spine":"3.0.12","width":500,"height":500},"bones":[{"name":"root"},{"name":"MAIN","parent":"root","y":65},{"name":"HITBOX","parent":"MAIN","y":-65},{"name":"EF_fist","parent":"MAIN","y":-65},{"name":"EF_aura1_2","parent":"MAIN"},{"name":"EF_aura1_1","parent":"MAIN"},{"name":"EF_MAIN","parent":"root"},{"name":"EF_windslash1_3","parent":"EF_MAIN","x":200},{"name":"EF_windslash1_2","parent":"EF_MAIN","x":200},{"name":"EF_windslash1_1","parent":"EF_MAIN","x":200},{"name":"EF_wave1_3","parent":"EF_MAIN","x":400},{"name":"EF_wave1_2","parent":"EF_MAIN","x":400},{"name":"EF_wave1_1","parent":"EF_MAIN","x":400},{"name":"EF_slash_rot1_1","parent":"EF_MAIN","x":300,"y":50},{"name":"EF_slash3_1","parent":"EF_MAIN","x":250,"y":50},{"name":"EF_slash2_1","parent":"EF_MAIN","x":200,"y":50},{"name":"EF_slash1_1","parent":"EF_MAIN"},{"name":"EF_shine1_2","parent":"EF_MAIN","x":150,"y":50},{"name":"EF_shine1_1","parent":"EF_MAIN","x":150,"y":50},{"name":"EF_rotwave1_2","parent":"EF_MAIN","x":450},{"name":"EF_rotwave1_1","parent":"EF_MAIN","x":450},{"name":"EF_rotaura1_2","parent":"EF_MAIN","x":250},{"name":"EF_rotaura1_1","parent":"EF_MAIN","x":250},{"name":"EF_particle1_2","parent":"EF_MAIN","x":100},{"name":"EF_particle1_1","parent":"EF_MAIN","x":100},{"name":"EF_earth1_5","parent":"EF_MAIN","x":350},{"name":"EF_earth1_4","parent":"EF_MAIN","x":350},{"name":"EF_earth1_3","parent":"EF_MAIN","x":350},{"name":"EF_earth1_2","parent":"EF_MAIN","x":350},{"name":"EF_earth1_1","parent":"EF_MAIN","x":350},{"name":"EF_dash1_3","parent":"EF_MAIN","x":300},{"name":"EF_dash1_2","parent":"EF_MAIN","x":300},{"name":"EF_dash1_1","parent":"EF_MAIN","x":300},{"name":"EF_aura2_2","parent":"EF_MAIN","x":150},{"name":"EF_aura2_1","parent":"EF_MAIN","x":150},{"name":"DotEF","parent":"root","x":100,"y":50},{"name":"DAMAGEAREA","parent":"root"}],"slots":[{"name":"DotEF_D","bone":"DotEF","blend":"additive"},{"name":"EF_rotwave1_1","bone":"EF_rotwave1_1","blend":"additive"},{"name":"EF_rotwave1_2","bone":"EF_rotwave1_2","blend":"additive"},{"name":"EF_wave1_1","bone":"EF_wave1_1","blend":"additive"},{"name":"EF_wave1_2","bone":"EF_wave1_2","blend":"additive"},{"name":"EF_wave1_3","bone":"EF_wave1_3","blend":"additive"},{"name":"EF_rotaura1_2","bone":"EF_rotaura1_2","blend":"additive"},{"name":"EF_windslash1_1","bone":"EF_windslash1_1","blend":"additive"},{"name":"EF_windslash1_2","bone":"EF_windslash1_2","blend":"additive"},{"name":"EF_windslash1_3","bone":"EF_windslash1_3","blend":"additive"},{"name":"EF_particle1_1","bone":"EF_particle1_1","blend":"additive"},{"name":"EF_particle1_2","bone":"EF_particle1_2","blend":"additive"},{"name":"EF_earth1_1","bone":"EF_earth1_1","blend":"additive"},{"name":"EF_earth1_2","bone":"EF_earth1_2","blend":"additive"},{"name":"EF_earth1_3","bone":"EF_earth1_3","blend":"additive"},{"name":"EF_earth1_4","bone":"EF_earth1_4","blend":"additive"},{"name":"EF_earth1_5","bone":"EF_earth1_5","blend":"additive"},{"name":"EF_aura2_2","bone":"EF_aura2_2","blend":"additive"},{"name":"MAIN","bone":"MAIN","attachment":"idle_00"},{"name":"DotEF_U","bone":"DotEF","blend":"additive"},{"name":"EF_aura1_1","bone":"EF_aura1_1","blend":"additive"},{"name":"EF_aura1_2","bone":"EF_aura1_2","blend":"additive"},{"name":"EF_aura2_1","bone":"EF_aura2_1","blend":"additive"},{"name":"EF_rotaura1_1","bone":"EF_rotaura1_1","blend":"additive"},{"name":"EF_dash1_1","bone":"EF_dash1_1","blend":"additive"},{"name":"EF_dash1_2","bone":"EF_dash1_2","blend":"additive"},{"name":"EF_dash1_3","bone":"EF_dash1_3","blend":"additive"},{"name":"EF_shine1_1","bone":"EF_shine1_1","blend":"additive"},{"name":"EF_shine1_2","bone":"EF_shine1_2","blend":"additive"},{"name":"EF_slash1_1","bone":"EF_slash1_1","blend":"additive"},{"name":"EF_slash2_1","bone":"EF_slash2_1","blend":"additive"},{"name":"EF_slash3_1","bone":"EF_slash3_1","blend":"additive"},{"name":"EF_slash_rot1_1","bone":"EF_slash_rot1_1","blend":"additive"},{"name":"L_fistEF","bone":"EF_fist","color":"70efffff","blend":"additive"},{"name":"R_fistEF","bone":"EF_fist","color":"70efffff","blend":"additive"},{"name":"DAMAGEAREA","bone":"DAMAGEAREA"},{"name":"HITBOX","bone":"HITBOX","attachment":"HITBOX"}],"skins":{"default":{"DAMAGEAREA":{"DAMAGEAREA":{"type":"boundingbox","vertices":[-98.71672,-98.7474,98.15106,-98.7474,98.15106,98.74335,-98.71672,98.12035]}},"DotEF_D":{"EF/DOT/attack_05_EF_D":{"width":250,"height":250},"EF/DOT/attack_06_EF_D":{"width":250,"height":250},"EF/DOT/attack_09_EF":{"width":250,"height":250},"EF/DOT/attack_10_EF":{"width":250,"height":250},"EF/DOT/attack_11_EF":{"width":250,"height":250}},"DotEF_U":{"EF/DOT/attack_05_EF_U":{"width":250,"height":250},"EF/DOT/attack_06_EF_U":{"width":250,"height":250}},"EF_aura1_1":{"EF/EF_aura2/ef_MD_aura_00":{"width":250,"height":250},"EF/EF_aura2/ef_MD_aura_01":{"width":250,"height":250},"EF/EF_aura2/ef_MD_aura_02":{"width":250,"height":250},"EF/EF_aura2/ef_MD_aura_03":{"width":250,"height":250},"EF/EF_aura2/ef_MD_aura_04":{"width":250,"height":250},"EF/EF_aura2/ef_MD_aura_05":{"width":250,"height":250},"EF/EF_aura2/ef_MD_aura_06":{"width":250,"height":250},"EF/EF_aura2/ef_MD_aura_07":{"width":250,"height":250},"EF/EF_aura2/ef_MD_aura_08":{"width":250,"height":250}},"EF_aura1_2":{"EF/EF_aura2/ef_MD_aura_00":{"width":250,"height":250},"EF/EF_aura2/ef_MD_aura_01":{"width":250,"height":250},"EF/EF_aura2/ef_MD_aura_02":{"width":250,"height":250},"EF/EF_aura2/ef_MD_aura_03":{"width":250,"height":250},"EF/EF_aura2/ef_MD_aura_04":{"width":250,"height":250},"EF/EF_aura2/ef_MD_aura_05":{"width":250,"height":250},"EF/EF_aura2/ef_MD_aura_06":{"width":250,"height":250},"EF/EF_aura2/ef_MD_aura_07":{"width":250,"height":250},"EF/EF_aura2/ef_MD_aura_08":{"width":250,"height":250}},"EF_aura2_1":{"EF/EF_aura3/ef_trunade_aura_main_00001":{"y":95.61,"width":200,"height":200},"EF/EF_aura3/ef_trunade_aura_main_00002":{"y":95.61,"width":200,"height":200},"EF/EF_aura3/ef_trunade_aura_main_00003":{"y":95.61,"width":200,"height":200},"EF/EF_aura3/ef_trunade_aura_main_00004":{"y":95.61,"width":200,"height":200},"EF/EF_aura3/ef_trunade_aura_main_00005":{"y":95.61,"width":200,"height":200},"EF/EF_aura3/ef_trunade_aura_main_00006":{"y":95.61,"width":200,"height":200},"EF/EF_aura3/ef_trunade_aura_main_00007":{"y":95.61,"width":200,"height":200},"EF/EF_aura3/ef_trunade_aura_main_00008":{"y":95.61,"width":200,"height":200}},"EF_aura2_2":{"EF/EF_aura3/ef_trunade_aura_main_00001":{"y":95.61,"width":200,"height":200},"EF/EF_aura3/ef_trunade_aura_main_00002":{"y":95.61,"width":200,"height":200},"EF/EF_aura3/ef_trunade_aura_main_00003":{"y":95.61,"width":200,"height":200},"EF/EF_aura3/ef_trunade_aura_main_00004":{"y":95.61,"width":200,"height":200},"EF/EF_aura3/ef_trunade_aura_main_00005":{"y":95.61,"width":200,"height":200},"EF/EF_aura3/ef_trunade_aura_main_00006":{"y":95.61,"width":200,"height":200},"EF/EF_aura3/ef_trunade_aura_main_00007":{"y":95.61,"width":200,"height":200},"EF/EF_aura3/ef_trunade_aura_main_00008":{"y":95.61,"width":200,"height":200}},"EF_dash1_1":{"EF/ef_dash_blue/ef_dash_blue_00001":{"y":10.82,"width":250,"height":250},"EF/ef_dash_blue/ef_dash_blue_00002":{"y":10.82,"width":250,"height":250},"EF/ef_dash_blue/ef_dash_blue_00003":{"y":10.82,"width":250,"height":250},"EF/ef_dash_blue/ef_dash_blue_00004":{"y":10.82,"width":250,"height":250},"EF/ef_dash_blue/ef_dash_blue_00005":{"y":10.82,"width":250,"height":250},"EF/ef_dash_blue/ef_dash_blue_00006":{"y":10.82,"width":250,"height":250},"EF/ef_dash_blue/ef_dash_blue_00007":{"y":10.82,"width":250,"height":250},"EF/ef_dash_blue/ef_dash_blue_00008":{"y":10.82,"width":250,"height":250},"EF/ef_dash_blue/ef_dash_blue_00009":{"y":10.82,"width":250,"height":250},"EF/ef_dash_blue/ef_dash_blue_00010":{"y":10.82,"width":250,"height":250},"EF/ef_dash_blue/ef_dash_blue_00011":{"y":10.82,"width":250,"height":250},"EF/ef_dash_blue/ef_dash_blue_00012":{"y":10.82,"width":250,"height":250},"EF/ef_dash_blue/ef_dash_blue_00013":{"y":10.82,"width":250,"height":250}},"EF_dash1_2":{"EF/ef_dash_blue/ef_dash_blue_00001":{"y":10.82,"width":250,"height":250},"EF/ef_dash_blue/ef_dash_blue_00002":{"y":10.82,"width":250,"height":250},"EF/ef_dash_blue/ef_dash_blue_00003":{"y":10.82,"width":250,"height":250},"EF/ef_dash_blue/ef_dash_blue_00004":{"y":10.82,"width":250,"height":250},"EF/ef_dash_blue/ef_dash_blue_00005":{"y":10.82,"width":250,"height":250},"EF/ef_dash_blue/ef_dash_blue_00006":{"y":10.82,"width":250,"height":250},"EF/ef_dash_blue/ef_dash_blue_00007":{"y":10.82,"width":250,"height":250},"EF/ef_dash_blue/ef_dash_blue_00008":{"y":10.82,"width":250,"height":250},"EF/ef_dash_blue/ef_dash_blue_00009":{"y":10.82,"width":250,"height":250},"EF/ef_dash_blue/ef_dash_blue_00010":{"y":10.82,"width":250,"height":250},"EF/ef_dash_blue/ef_dash_blue_00011":{"y":10.82,"width":250,"height":250},"EF/ef_dash_blue/ef_dash_blue_00012":{"y":10.82,"width":250,"height":250},"EF/ef_dash_blue/ef_dash_blue_00013":{"y":10.82,"width":250,"height":250}},"EF_dash1_3":{"EF/ef_dash_blue/ef_dash_blue_00001":{"y":10.82,"width":250,"height":250},"EF/ef_dash_blue/ef_dash_blue_00002":{"y":10.82,"width":250,"height":250},"EF/ef_dash_blue/ef_dash_blue_00003":{"y":10.82,"width":250,"height":250},"EF/ef_dash_blue/ef_dash_blue_00004":{"y":10.82,"width":250,"height":250},"EF/ef_dash_blue/ef_dash_blue_00005":{"y":10.82,"width":250,"height":250},"EF/ef_dash_blue/ef_dash_blue_00006":{"y":10.82,"width":250,"height":250},"EF/ef_dash_blue/ef_dash_blue_00007":{"y":10.82,"width":250,"height":250},"EF/ef_dash_blue/ef_dash_blue_00008":{"y":10.82,"width":250,"height":250},"EF/ef_dash_blue/ef_dash_blue_00009":{"y":10.82,"width":250,"height":250},"EF/ef_dash_blue/ef_dash_blue_00010":{"y":10.82,"width":250,"height":250},"EF/ef_dash_blue/ef_dash_blue_00011":{"y":10.82,"width":250,"height":250},"EF/ef_dash_blue/ef_dash_blue_00012":{"y":10.82,"width":250,"height":250},"EF/ef_dash_blue/ef_dash_blue_00013":{"y":10.82,"width":250,"height":250}},"EF_earth1_1":{"EF/ef_graund_earth_blue/ef_graund_earth_blue_00005":{"y":4.5,"width":200,"height":200}},"EF_earth1_2":{"EF/ef_graund_earth_blue/ef_graund_earth_blue_00005":{"y":4.5,"width":200,"height":200}},"EF_earth1_3":{"EF/ef_graund_earth_blue/ef_graund_earth_blue_00005":{"y":4.5,"width":200,"height":200}},"EF_earth1_4":{"EF/ef_graund_earth_blue/ef_graund_earth_blue_00005":{"y":4.5,"width":200,"height":200}},"EF_earth1_5":{"EF/ef_graund_earth_blue/ef_graund_earth_blue_00005":{"y":4.5,"width":200,"height":200}},"EF_particle1_1":{"EF/EF_particle/ef_aura_particle_main_00001":{"y":107.33,"width":200,"height":300},"EF/EF_particle/ef_aura_particle_main_00002":{"y":107.33,"width":200,"height":300},"EF/EF_particle/ef_aura_particle_main_00003":{"y":107.33,"width":200,"height":300},"EF/EF_particle/ef_aura_particle_main_00004":{"y":107.33,"width":200,"height":300},"EF/EF_particle/ef_aura_particle_main_00005":{"y":107.33,"width":200,"height":300},"EF/EF_particle/ef_aura_particle_main_00006":{"y":107.33,"width":200,"height":300},"EF/EF_particle/ef_aura_particle_main_00007":{"y":107.33,"width":200,"height":300},"EF/EF_particle/ef_aura_particle_main_00008":{"y":107.33,"width":200,"height":300},"EF/EF_particle/ef_aura_particle_main_00009":{"y":107.33,"width":200,"height":300},"EF/EF_particle/ef_aura_particle_main_00010":{"y":107.33,"width":200,"height":300},"EF/EF_particle/ef_aura_particle_main_00011":{"y":107.33,"width":200,"height":300},"EF/EF_particle/ef_aura_particle_main_00012":{"y":107.33,"width":200,"height":300},"EF/EF_particle/ef_aura_particle_main_00013":{"y":107.33,"width":200,"height":300},"EF/EF_particle/ef_aura_particle_main_00014":{"y":107.33,"width":200,"height":300},"EF/EF_particle/ef_aura_particle_main_00015":{"y":107.33,"width":200,"height":300},"EF/EF_particle/ef_aura_particle_main_00016":{"y":107.33,"width":200,"height":300},"EF/EF_particle/ef_aura_particle_main_00017":{"y":107.33,"width":200,"height":300}},"EF_particle1_2":{"EF/EF_particle/ef_aura_particle_main_00001":{"y":107.33,"width":200,"height":300},"EF/EF_particle/ef_aura_particle_main_00002":{"y":107.33,"width":200,"height":300},"EF/EF_particle/ef_aura_particle_main_00003":{"y":107.33,"width":200,"height":300},"EF/EF_particle/ef_aura_particle_main_00004":{"y":107.33,"width":200,"height":300},"EF/EF_particle/ef_aura_particle_main_00005":{"y":107.33,"width":200,"height":300},"EF/EF_particle/ef_aura_particle_main_00006":{"y":107.33,"width":200,"height":300},"EF/EF_particle/ef_aura_particle_main_00007":{"y":107.33,"width":200,"height":300},"EF/EF_particle/ef_aura_particle_main_00008":{"y":107.33,"width":200,"height":300},"EF/EF_particle/ef_aura_particle_main_00009":{"y":107.33,"width":200,"height":300},"EF/EF_particle/ef_aura_particle_main_00010":{"y":107.33,"width":200,"height":300},"EF/EF_particle/ef_aura_particle_main_00011":{"y":107.33,"width":200,"height":300},"EF/EF_particle/ef_aura_particle_main_00012":{"y":107.33,"width":200,"height":300},"EF/EF_particle/ef_aura_particle_main_00013":{"y":107.33,"width":200,"height":300},"EF/EF_particle/ef_aura_particle_main_00014":{"y":107.33,"width":200,"height":300},"EF/EF_particle/ef_aura_particle_main_00015":{"y":107.33,"width":200,"height":300},"EF/EF_particle/ef_aura_particle_main_00016":{"y":107.33,"width":200,"height":300},"EF/EF_particle/ef_aura_particle_main_00017":{"y":107.33,"width":200,"height":300}},"EF_rotaura1_1":{"EF/ef_aura/ef_rot_aura_main_00001":{"y":59.53,"width":200,"height":200},"EF/ef_aura/ef_rot_aura_main_00002":{"y":59.53,"width":200,"height":200},"EF/ef_aura/ef_rot_aura_main_00003":{"y":59.53,"width":200,"height":200},"EF/ef_aura/ef_rot_aura_main_00004":{"y":59.53,"width":200,"height":200},"EF/ef_aura/ef_rot_aura_main_00005":{"y":59.53,"width":200,"height":200},"EF/ef_aura/ef_rot_aura_main_00006":{"y":59.53,"width":200,"height":200},"EF/ef_aura/ef_rot_aura_main_00007":{"y":59.53,"width":200,"height":200},"EF/ef_aura/ef_rot_aura_main_00008":{"y":59.53,"width":200,"height":200},"EF/ef_aura/ef_rot_aura_main_00009":{"y":59.53,"width":200,"height":200},"EF/ef_aura/ef_rot_aura_main_00010":{"y":59.53,"width":200,"height":200},"EF/ef_aura/ef_rot_aura_main_00011":{"y":59.53,"width":200,"height":200},"EF/ef_aura/ef_rot_aura_main_00012":{"y":59.53,"width":200,"height":200},"EF/ef_aura/ef_rot_aura_main_00013":{"y":59.53,"width":200,"height":200}},"EF_rotaura1_2":{"EF/ef_aura/ef_rot_aura_main_00001":{"y":59.53,"width":200,"height":200},"EF/ef_aura/ef_rot_aura_main_00002":{"y":59.53,"width":200,"height":200},"EF/ef_aura/ef_rot_aura_main_00003":{"y":59.53,"width":200,"height":200},"EF/ef_aura/ef_rot_aura_main_00004":{"y":59.53,"width":200,"height":200},"EF/ef_aura/ef_rot_aura_main_00005":{"y":59.53,"width":200,"height":200},"EF/ef_aura/ef_rot_aura_main_00006":{"y":59.53,"width":200,"height":200},"EF/ef_aura/ef_rot_aura_main_00007":{"y":59.53,"width":200,"height":200},"EF/ef_aura/ef_rot_aura_main_00008":{"y":59.53,"width":200,"height":200},"EF/ef_aura/ef_rot_aura_main_00009":{"y":59.53,"width":200,"height":200},"EF/ef_aura/ef_rot_aura_main_00010":{"y":59.53,"width":200,"height":200},"EF/ef_aura/ef_rot_aura_main_00011":{"y":59.53,"width":200,"height":200},"EF/ef_aura/ef_rot_aura_main_00012":{"y":59.53,"width":200,"height":200},"EF/ef_aura/ef_rot_aura_main_00013":{"y":59.53,"width":200,"height":200}},"EF_rotwave1_1":{"EF/ef_rot_wave_main/ef_rot_wave_main_00001":{"y":8.11,"width":210,"height":100},"EF/ef_rot_wave_main/ef_rot_wave_main_00002":{"y":8.11,"width":210,"height":100},"EF/ef_rot_wave_main/ef_rot_wave_main_00003":{"y":8.11,"width":210,"height":100},"EF/ef_rot_wave_main/ef_rot_wave_main_00004":{"y":8.11,"width":210,"height":100},"EF/ef_rot_wave_main/ef_rot_wave_main_00005":{"y":8.11,"width":210,"height":100},"EF/ef_rot_wave_main/ef_rot_wave_main_00006":{"y":8.11,"width":210,"height":100},"EF/ef_rot_wave_main/ef_rot_wave_main_00007":{"y":8.11,"width":210,"height":100},"EF/ef_rot_wave_main/ef_rot_wave_main_00008":{"y":8.11,"width":210,"height":100},"EF/ef_rot_wave_main/ef_rot_wave_main_00009":{"y":8.11,"width":210,"height":100},"EF/ef_rot_wave_main/ef_rot_wave_main_00010":{"y":8.11,"width":210,"height":100},"EF/ef_rot_wave_main/ef_rot_wave_main_00011":{"y":8.11,"width":210,"height":100},"EF/ef_rot_wave_main/ef_rot_wave_main_00012":{"y":8.11,"width":210,"height":100},"EF/ef_rot_wave_main/ef_rot_wave_main_00013":{"y":8.11,"width":210,"height":100},"EF/ef_rot_wave_main/ef_rot_wave_main_00014":{"y":8.11,"width":210,"height":100},"EF/ef_rot_wave_main/ef_rot_wave_main_00015":{"y":8.11,"width":210,"height":100}},"EF_rotwave1_2":{"EF/ef_rot_wave_main/ef_rot_wave_main_00001":{"y":8.11,"width":210,"height":100},"EF/ef_rot_wave_main/ef_rot_wave_main_00002":{"y":8.11,"width":210,"height":100},"EF/ef_rot_wave_main/ef_rot_wave_main_00003":{"y":8.11,"width":210,"height":100},"EF/ef_rot_wave_main/ef_rot_wave_main_00004":{"y":8.11,"width":210,"height":100},"EF/ef_rot_wave_main/ef_rot_wave_main_00005":{"y":8.11,"width":210,"height":100},"EF/ef_rot_wave_main/ef_rot_wave_main_00006":{"y":8.11,"width":210,"height":100},"EF/ef_rot_wave_main/ef_rot_wave_main_00007":{"y":8.11,"width":210,"height":100},"EF/ef_rot_wave_main/ef_rot_wave_main_00008":{"y":8.11,"width":210,"height":100},"EF/ef_rot_wave_main/ef_rot_wave_main_00009":{"y":8.11,"width":210,"height":100},"EF/ef_rot_wave_main/ef_rot_wave_main_00010":{"y":8.11,"width":210,"height":100},"EF/ef_rot_wave_main/ef_rot_wave_main_00011":{"y":8.11,"width":210,"height":100},"EF/ef_rot_wave_main/ef_rot_wave_main_00012":{"y":8.11,"width":210,"height":100},"EF/ef_rot_wave_main/ef_rot_wave_main_00013":{"y":8.11,"width":210,"height":100},"EF/ef_rot_wave_main/ef_rot_wave_main_00014":{"y":8.11,"width":210,"height":100},"EF/ef_rot_wave_main/ef_rot_wave_main_00015":{"y":8.11,"width":210,"height":100}},"EF_shine1_1":{"EF/ef_shine_blue/ef_shine_blue_00001":{"width":200,"height":200},"EF/ef_shine_blue/ef_shine_blue_00002":{"width":200,"height":200},"EF/ef_shine_blue/ef_shine_blue_00003":{"width":200,"height":200},"EF/ef_shine_blue/ef_shine_blue_00004":{"width":200,"height":200},"EF/ef_shine_blue/ef_shine_blue_00005":{"width":200,"height":200},"EF/ef_shine_blue/ef_shine_blue_00006":{"width":200,"height":200},"EF/ef_shine_blue/ef_shine_blue_00007":{"width":200,"height":200},"EF/ef_shine_blue/ef_shine_blue_00008":{"width":200,"height":200},"EF/ef_shine_blue/ef_shine_blue_00009":{"width":200,"height":200},"EF/ef_shine_blue/ef_shine_blue_00010":{"width":200,"height":200}},"EF_shine1_2":{"EF/ef_shine_blue/ef_shine_blue_00001":{"width":200,"height":200},"EF/ef_shine_blue/ef_shine_blue_00002":{"width":200,"height":200},"EF/ef_shine_blue/ef_shine_blue_00003":{"width":200,"height":200},"EF/ef_shine_blue/ef_shine_blue_00004":{"width":200,"height":200},"EF/ef_shine_blue/ef_shine_blue_00005":{"width":200,"height":200},"EF/ef_shine_blue/ef_shine_blue_00006":{"width":200,"height":200},"EF/ef_shine_blue/ef_shine_blue_00007":{"width":200,"height":200},"EF/ef_shine_blue/ef_shine_blue_00008":{"width":200,"height":200},"EF/ef_shine_blue/ef_shine_blue_00009":{"width":200,"height":200},"EF/ef_shine_blue/ef_shine_blue_00010":{"width":200,"height":200}},"EF_slash1_1":{"EF/ef_slash_AA_main/ef_slash_AA_main_00001":{"width":200,"height":200},"EF/ef_slash_AA_main/ef_slash_AA_main_00002":{"width":200,"height":200},"EF/ef_slash_AA_main/ef_slash_AA_main_00003":{"width":200,"height":200},"EF/ef_slash_AA_main/ef_slash_AA_main_00004":{"width":200,"height":200},"EF/ef_slash_AA_main/ef_slash_AA_main_00005":{"width":200,"height":200},"EF/ef_slash_AA_main/ef_slash_AA_main_00006":{"width":200,"height":200},"EF/ef_slash_AA_main/ef_slash_AA_main_00007":{"width":200,"height":200}},"EF_slash2_1":{"EF/ef_slash_A_main/ef_slash_A_main_00001":{"width":200,"height":200},"EF/ef_slash_A_main/ef_slash_A_main_00002":{"width":200,"height":200},"EF/ef_slash_A_main/ef_slash_A_main_00003":{"width":200,"height":200},"EF/ef_slash_A_main/ef_slash_A_main_00004":{"width":200,"height":200},"EF/ef_slash_A_main/ef_slash_A_main_00005":{"width":200,"height":200},"EF/ef_slash_A_main/ef_slash_A_main_00006":{"width":200,"height":200},"EF/ef_slash_A_main/ef_slash_A_main_00007":{"width":200,"height":200}},"EF_slash3_1":{"EF/ef_slash_B_main/ef_slash_B_main_00001":{"width":200,"height":200},"EF/ef_slash_B_main/ef_slash_B_main_00002":{"width":200,"height":200},"EF/ef_slash_B_main/ef_slash_B_main_00003":{"width":200,"height":200},"EF/ef_slash_B_main/ef_slash_B_main_00004":{"width":200,"height":200},"EF/ef_slash_B_main/ef_slash_B_main_00005":{"width":200,"height":200}},"EF_slash_rot1_1":{"EF/ef_slash_rot_main/ef_slash_rot_main_00001":{"width":200,"height":200},"EF/ef_slash_rot_main/ef_slash_rot_main_00002":{"width":200,"height":200},"EF/ef_slash_rot_main/ef_slash_rot_main_00003":{"width":200,"height":200},"EF/ef_slash_rot_main/ef_slash_rot_main_00004":{"width":200,"height":200},"EF/ef_slash_rot_main/ef_slash_rot_main_00005":{"width":200,"height":200},"EF/ef_slash_rot_main/ef_slash_rot_main_00006":{"width":200,"height":200},"EF/ef_slash_rot_main/ef_slash_rot_main_00007":{"width":200,"height":200},"EF/ef_slash_rot_main/ef_slash_rot_main_00008":{"width":200,"height":200},"EF/ef_slash_rot_main/ef_slash_rot_main_00009":{"width":200,"height":200}},"EF_wave1_1":{"EF/ef_graund_wave_blue/ef_graund_wave_blue_00001":{"y":6.31,"width":200,"height":200},"EF/ef_graund_wave_blue/ef_graund_wave_blue_00002":{"y":6.31,"width":200,"height":200},"EF/ef_graund_wave_blue/ef_graund_wave_blue_00003":{"y":6.31,"width":200,"height":200},"EF/ef_graund_wave_blue/ef_graund_wave_blue_00004":{"y":6.31,"width":200,"height":200},"EF/ef_graund_wave_blue/ef_graund_wave_blue_00005":{"y":6.31,"width":200,"height":200},"EF/ef_graund_wave_blue/ef_graund_wave_blue_00006":{"y":6.31,"width":200,"height":200},"EF/ef_graund_wave_blue/ef_graund_wave_blue_00007":{"y":6.31,"width":200,"height":200},"EF/ef_graund_wave_blue/ef_graund_wave_blue_00008":{"y":6.31,"width":200,"height":200},"EF/ef_graund_wave_blue/ef_graund_wave_blue_00009":{"y":6.31,"width":200,"height":200},"EF/ef_graund_wave_blue/ef_graund_wave_blue_00010":{"y":6.31,"width":200,"height":200},"EF/ef_graund_wave_blue/ef_graund_wave_blue_00011":{"y":6.31,"width":200,"height":200},"EF/ef_graund_wave_blue/ef_graund_wave_blue_00012":{"y":6.31,"width":200,"height":200},"EF/ef_graund_wave_blue/ef_graund_wave_blue_00013":{"y":6.31,"width":200,"height":200}},"EF_wave1_2":{"EF/ef_graund_wave_blue/ef_graund_wave_blue_00001":{"y":6.31,"width":200,"height":200},"EF/ef_graund_wave_blue/ef_graund_wave_blue_00002":{"y":6.31,"width":200,"height":200},"EF/ef_graund_wave_blue/ef_graund_wave_blue_00003":{"y":6.31,"width":200,"height":200},"EF/ef_graund_wave_blue/ef_graund_wave_blue_00004":{"y":6.31,"width":200,"height":200},"EF/ef_graund_wave_blue/ef_graund_wave_blue_00005":{"y":6.31,"width":200,"height":200},"EF/ef_graund_wave_blue/ef_graund_wave_blue_00006":{"y":6.31,"width":200,"height":200},"EF/ef_graund_wave_blue/ef_graund_wave_blue_00007":{"y":6.31,"width":200,"height":200},"EF/ef_graund_wave_blue/ef_graund_wave_blue_00008":{"y":6.31,"width":200,"height":200},"EF/ef_graund_wave_blue/ef_graund_wave_blue_00009":{"y":6.31,"width":200,"height":200},"EF/ef_graund_wave_blue/ef_graund_wave_blue_00010":{"y":6.31,"width":200,"height":200},"EF/ef_graund_wave_blue/ef_graund_wave_blue_00011":{"y":6.31,"width":200,"height":200},"EF/ef_graund_wave_blue/ef_graund_wave_blue_00012":{"y":6.31,"width":200,"height":200},"EF/ef_graund_wave_blue/ef_graund_wave_blue_00013":{"y":6.31,"width":200,"height":200}},"EF_wave1_3":{"EF/ef_graund_wave_blue/ef_graund_wave_blue_00001":{"y":6.31,"width":200,"height":200},"EF/ef_graund_wave_blue/ef_graund_wave_blue_00002":{"y":6.31,"width":200,"height":200},"EF/ef_graund_wave_blue/ef_graund_wave_blue_00003":{"y":6.31,"width":200,"height":200},"EF/ef_graund_wave_blue/ef_graund_wave_blue_00004":{"y":6.31,"width":200,"height":200},"EF/ef_graund_wave_blue/ef_graund_wave_blue_00005":{"y":6.31,"width":200,"height":200},"EF/ef_graund_wave_blue/ef_graund_wave_blue_00006":{"y":6.31,"width":200,"height":200},"EF/ef_graund_wave_blue/ef_graund_wave_blue_00007":{"y":6.31,"width":200,"height":200},"EF/ef_graund_wave_blue/ef_graund_wave_blue_00008":{"y":6.31,"width":200,"height":200},"EF/ef_graund_wave_blue/ef_graund_wave_blue_00009":{"y":6.31,"width":200,"height":200},"EF/ef_graund_wave_blue/ef_graund_wave_blue_00010":{"y":6.31,"width":200,"height":200},"EF/ef_graund_wave_blue/ef_graund_wave_blue_00011":{"y":6.31,"width":200,"height":200},"EF/ef_graund_wave_blue/ef_graund_wave_blue_00012":{"y":6.31,"width":200,"height":200},"EF/ef_graund_wave_blue/ef_graund_wave_blue_00013":{"y":6.31,"width":200,"height":200}},"EF_windslash1_1":{"EF/EF_windslash/ef_graund_slash_main_00001":{"width":300,"height":200},"EF/EF_windslash/ef_graund_slash_main_00002":{"width":300,"height":200},"EF/EF_windslash/ef_graund_slash_main_00003":{"width":300,"height":200},"EF/EF_windslash/ef_graund_slash_main_00004":{"width":300,"height":200},"EF/EF_windslash/ef_graund_slash_main_00005":{"width":300,"height":200},"EF/EF_windslash/ef_graund_slash_main_00006":{"width":300,"height":200},"EF/EF_windslash/ef_graund_slash_main_00007":{"width":300,"height":200},"EF/EF_windslash/ef_graund_slash_main_00008":{"width":300,"height":200},"EF/EF_windslash/ef_graund_slash_main_00009":{"width":300,"height":200},"EF/EF_windslash/ef_graund_slash_main_00010":{"width":300,"height":200},"EF/EF_windslash/ef_graund_slash_main_00011":{"width":300,"height":200},"EF/EF_windslash/ef_graund_slash_main_00012":{"width":300,"height":200},"EF/EF_windslash/ef_graund_slash_main_00013":{"width":300,"height":200},"EF/EF_windslash/ef_graund_slash_main_00014":{"width":300,"height":200},"EF/EF_windslash/ef_graund_slash_main_00015":{"width":300,"height":200}},"EF_windslash1_2":{"EF/EF_windslash/ef_graund_slash_main_00001":{"width":300,"height":200},"EF/EF_windslash/ef_graund_slash_main_00002":{"width":300,"height":200},"EF/EF_windslash/ef_graund_slash_main_00003":{"width":300,"height":200},"EF/EF_windslash/ef_graund_slash_main_00004":{"width":300,"height":200},"EF/EF_windslash/ef_graund_slash_main_00005":{"width":300,"height":200},"EF/EF_windslash/ef_graund_slash_main_00006":{"width":300,"height":200},"EF/EF_windslash/ef_graund_slash_main_00007":{"width":300,"height":200},"EF/EF_windslash/ef_graund_slash_main_00008":{"width":300,"height":200},"EF/EF_windslash/ef_graund_slash_main_00009":{"width":300,"height":200},"EF/EF_windslash/ef_graund_slash_main_00010":{"width":300,"height":200},"EF/EF_windslash/ef_graund_slash_main_00011":{"width":300,"height":200},"EF/EF_windslash/ef_graund_slash_main_00012":{"width":300,"height":200},"EF/EF_windslash/ef_graund_slash_main_00013":{"width":300,"height":200},"EF/EF_windslash/ef_graund_slash_main_00014":{"width":300,"height":200},"EF/EF_windslash/ef_graund_slash_main_00015":{"width":300,"height":200}},"EF_windslash1_3":{"EF/EF_windslash/ef_graund_slash_main_00001":{"width":300,"height":200},"EF/EF_windslash/ef_graund_slash_main_00002":{"width":300,"height":200},"EF/EF_windslash/ef_graund_slash_main_00003":{"width":300,"height":200},"EF/EF_windslash/ef_graund_slash_main_00004":{"width":300,"height":200},"EF/EF_windslash/ef_graund_slash_main_00005":{"width":300,"height":200},"EF/EF_windslash/ef_graund_slash_main_00006":{"width":300,"height":200},"EF/EF_windslash/ef_graund_slash_main_00007":{"width":300,"height":200},"EF/EF_windslash/ef_graund_slash_main_00008":{"width":300,"height":200},"EF/EF_windslash/ef_graund_slash_main_00009":{"width":300,"height":200},"EF/EF_windslash/ef_graund_slash_main_00010":{"width":300,"height":200},"EF/EF_windslash/ef_graund_slash_main_00011":{"width":300,"height":200},"EF/EF_windslash/ef_graund_slash_main_00012":{"width":300,"height":200},"EF/EF_windslash/ef_graund_slash_main_00013":{"width":300,"height":200},"EF/EF_windslash/ef_graund_slash_main_00014":{"width":300,"height":200},"EF/EF_windslash/ef_graund_slash_main_00015":{"width":300,"height":200}},"HITBOX":{"HITBOX":{"type":"boundingbox","vertices":[-23.61493,1.8034,29.45505,1.8034,28.84504,122.58337,-25.44491,122.58337]}},"L_fistEF":{"fist_EF/L_attack_01ef":{"x":-15.01,"y":69.14,"scaleX":2,"scaleY":2,"width":250,"height":250},"fist_EF/L_attack_02ef":{"x":-15.01,"y":69.14,"scaleX":2,"scaleY":2,"width":250,"height":250},"fist_EF/L_attack_03ef":{"x":-15.01,"y":69.14,"scaleX":2,"scaleY":2,"width":250,"height":250},"fist_EF/L_attack_04ef":{"x":-15.01,"y":69.14,"scaleX":2,"scaleY":2,"width":250,"height":250},"fist_EF/L_attack_07ef":{"x":-15.01,"y":69.14,"scaleX":2,"scaleY":2,"width":250,"height":250},"fist_EF/L_attack_08ef":{"x":-15.01,"y":69.14,"scaleX":2,"scaleY":2,"width":250,"height":250},"fist_EF/L_attack_09ef":{"x":-15.01,"y":69.14,"scaleX":2,"scaleY":2,"width":250,"height":250},"fist_EF/L_attack_10ef":{"x":-15.01,"y":69.14,"scaleX":2,"scaleY":2,"width":250,"height":250},"fist_EF/L_attack_11ef":{"x":-15.01,"y":69.14,"scaleX":2,"scaleY":2,"width":250,"height":250},"fist_EF/L_attack_12ef":{"x":-15.01,"y":69.14,"scaleX":2,"scaleY":2,"width":250,"height":250},"fist_EF/L_attack_13ef":{"x":-15.01,"y":69.14,"scaleX":2,"scaleY":2,"width":250,"height":250},"fist_EF/L_back_00ef":{"x":-15.01,"y":69.14,"scaleX":2,"scaleY":2,"width":250,"height":250},"fist_EF/L_damage_00ef":{"x":-15.01,"y":69.14,"scaleX":2,"scaleY":2,"width":250,"height":250},"fist_EF/L_front_00ef":{"x":-15.01,"y":69.14,"scaleX":2,"scaleY":2,"width":250,"height":250},"fist_EF/L_idle_00ef":{"x":-15.01,"y":69.14,"scaleX":2,"scaleY":2,"width":250,"height":250},"fist_EF/L_idle_01ef":{"x":-15.01,"y":69.14,"scaleX":2,"scaleY":2,"width":250,"height":250},"fist_EF/L_idle_02ef":{"x":-15.01,"y":69.14,"scaleX":2,"scaleY":2,"width":250,"height":250},"fist_EF/L_idle_03ef":{"x":-15.01,"y":69.14,"scaleX":2,"scaleY":2,"width":250,"height":250},"fist_EF/L_idle_04ef":{"x":-15.01,"y":69.14,"scaleX":2,"scaleY":2,"width":250,"height":250},"fist_EF/L_idle_05ef":{"x":-15.01,"y":69.14,"scaleX":2,"scaleY":2,"width":250,"height":250},"fist_EF/L_idle_06ef":{"x":-15.01,"y":69.14,"scaleX":2,"scaleY":2,"width":250,"height":250},"fist_EF/L_idle_07ef":{"x":-15.01,"y":69.14,"scaleX":2,"scaleY":2,"width":250,"height":250},"fist_EF/L_idle_08ef":{"x":-15.01,"y":69.14,"scaleX":2,"scaleY":2,"width":250,"height":250},"fist_EF/L_idle_09ef":{"x":-15.01,"y":69.14,"scaleX":2,"scaleY":2,"width":250,"height":250},"fist_EF/L_skill1_01ef":{"x":-15.01,"y":69.14,"scaleX":2,"scaleY":2,"width":250,"height":250},"fist_EF/L_skill1_02ef":{"x":-15.01,"y":69.14,"scaleX":2,"scaleY":2,"width":250,"height":250},"fist_EF/L_skill1_03ef":{"x":-15.01,"y":69.14,"scaleX":2,"scaleY":2,"width":250,"height":250},"fist_EF/L_skill1_04ef":{"x":-15.01,"y":69.14,"scaleX":2,"scaleY":2,"width":250,"height":250},"fist_EF/L_skill1_05ef":{"x":-15.01,"y":69.14,"scaleX":2,"scaleY":2,"width":250,"height":250},"fist_EF/L_skill1_06ef":{"x":-15.01,"y":69.14,"scaleX":2,"scaleY":2,"width":250,"height":250},"fist_EF/L_skill1_08ef":{"x":-15.01,"y":69.14,"scaleX":2,"scaleY":2,"width":250,"height":250},"fist_EF/L_skill1_09ef":{"x":-15.01,"y":69.14,"scaleX":2,"scaleY":2,"width":250,"height":250},"fist_EF/L_skill1_10ef":{"x":-15.01,"y":69.14,"scaleX":2,"scaleY":2,"width":250,"height":250},"fist_EF/L_skill2_03ef":{"x":-15.01,"y":69.14,"scaleX":2,"scaleY":2,"width":250,"height":250},"fist_EF/L_skill3_01ef":{"x":-15.01,"y":69.14,"scaleX":2,"scaleY":2,"width":250,"height":250},"fist_EF/L_skill3_02ef":{"x":-15.01,"y":69.14,"scaleX":2,"scaleY":2,"width":250,"height":250},"fist_EF/L_skill3_03ef":{"x":-15.01,"y":69.14,"scaleX":2,"scaleY":2,"width":250,"height":250},"fist_EF/L_skill3_04ef":{"x":-15.01,"y":69.14,"scaleX":2,"scaleY":2,"width":250,"height":250},"fist_EF/L_skill3_05ef":{"x":-15.01,"y":69.14,"scaleX":2,"scaleY":2,"width":250,"height":250},"fist_EF/L_skill3_06ef":{"x":-15.01,"y":69.14,"scaleX":2,"scaleY":2,"width":250,"height":250},"fist_EF/L_skill3_07ef":{"x":-15.01,"y":69.14,"scaleX":2,"scaleY":2,"width":250,"height":250}},"MAIN":{"attack_01":{"x":-15,"y":4.14,"scaleX":2,"scaleY":2,"width":250,"height":250},"attack_02":{"x":-15,"y":4.14,"scaleX":2,"scaleY":2,"width":250,"height":250},"attack_03":{"x":-15,"y":4.14,"scaleX":2,"scaleY":2,"width":250,"height":250},"attack_04":{"x":-15,"y":4.14,"scaleX":2,"scaleY":2,"width":250,"height":250},"attack_05":{"x":-15,"y":4.14,"scaleX":2,"scaleY":2,"width":250,"height":250},"attack_06":{"x":-15,"y":4.14,"scaleX":2,"scaleY":2,"width":250,"height":250},"attack_07":{"x":-15,"y":4.14,"scaleX":2,"scaleY":2,"width":250,"height":250},"attack_08":{"x":-15,"y":4.14,"scaleX":2,"scaleY":2,"width":250,"height":250},"attack_09":{"x":-15,"y":4.14,"scaleX":2,"scaleY":2,"width":250,"height":250},"attack_10":{"x":-15,"y":4.14,"scaleX":2,"scaleY":2,"width":250,"height":250},"attack_11":{"x":-15,"y":4.14,"scaleX":2,"scaleY":2,"width":250,"height":250},"attack_12":{"x":-15,"y":4.14,"scaleX":2,"scaleY":2,"width":250,"height":250},"attack_13":{"x":-15,"y":4.14,"scaleX":2,"scaleY":2,"width":250,"height":250},"back_00":{"x":-15,"y":4.14,"scaleX":2,"scaleY":2,"width":250,"height":250},"damage_00":{"x":-15,"y":4.14,"scaleX":2,"scaleY":2,"width":250,"height":250},"front_00":{"x":-15,"y":4.14,"scaleX":2,"scaleY":2,"width":250,"height":250},"idle_00":{"x":-15,"y":4.14,"scaleX":2,"scaleY":2,"width":250,"height":250},"idle_01":{"x":-15,"y":4.14,"scaleX":2,"scaleY":2,"width":250,"height":250},"idle_02":{"x":-15,"y":4.14,"scaleX":2,"scaleY":2,"width":250,"height":250},"idle_03":{"x":-15,"y":4.14,"scaleX":2,"scaleY":2,"width":250,"height":250},"idle_04":{"x":-15,"y":4.14,"scaleX":2,"scaleY":2,"width":250,"height":250},"idle_05":{"x":-15,"y":4.14,"scaleX":2,"scaleY":2,"width":250,"height":250},"idle_06":{"x":-15,"y":4.14,"scaleX":2,"scaleY":2,"width":250,"height":250},"idle_07":{"x":-15,"y":4.14,"scaleX":2,"scaleY":2,"width":250,"height":250},"idle_08":{"x":-15,"y":4.14,"scaleX":2,"scaleY":2,"width":250,"height":250},"idle_09":{"x":-15,"y":4.14,"scaleX":2,"scaleY":2,"width":250,"height":250},"skill1_01":{"x":-15,"y":4.14,"scaleX":2,"scaleY":2,"width":250,"height":250},"skill1_02":{"x":-15,"y":4.14,"scaleX":2,"scaleY":2,"width":250,"height":250},"skill1_03":{"x":-15,"y":4.14,"scaleX":2,"scaleY":2,"width":250,"height":250},"skill1_04":{"x":-15,"y":4.14,"scaleX":2,"scaleY":2,"width":250,"height":250},"skill1_05":{"x":-15,"y":4.14,"scaleX":2,"scaleY":2,"width":250,"height":250},"skill1_06":{"x":-15,"y":4.14,"scaleX":2,"scaleY":2,"width":250,"height":250},"skill1_07":{"x":-15,"y":4.14,"scaleX":2,"scaleY":2,"width":250,"height":250},"skill1_08":{"x":-15,"y":4.14,"scaleX":2,"scaleY":2,"width":250,"height":250},"skill1_09":{"x":-15,"y":4.14,"scaleX":2,"scaleY":2,"width":250,"height":250},"skill1_10":{"x":-15,"y":4.14,"scaleX":2,"scaleY":2,"width":250,"height":250},"skill2_01":{"x":-15,"y":4.14,"scaleX":2,"scaleY":2,"width":250,"height":250},"skill2_02":{"x":-15,"y":4.14,"scaleX":2,"scaleY":2,"width":250,"height":250},"skill2_03":{"x":-15,"y":4.14,"scaleX":2,"scaleY":2,"width":250,"height":250},"talk_01":{"x":-15,"y":4.14,"scaleX":2,"scaleY":2,"width":250,"height":250},"talk_02":{"x":-15,"y":4.14,"scaleX":2,"scaleY":2,"width":250,"height":250},"talk_03":{"x":-15,"y":4.14,"scaleX":2,"scaleY":2,"width":250,"height":250}},"R_fistEF":{"fist_EF/R_attack_01ef":{"x":-15.01,"y":69.14,"scaleX":2,"scaleY":2,"width":250,"height":250},"fist_EF/R_attack_02ef":{"x":-15.01,"y":69.14,"scaleX":2,"scaleY":2,"width":250,"height":250},"fist_EF/R_attack_03ef":{"x":-15.01,"y":69.14,"scaleX":2,"scaleY":2,"width":250,"height":250},"fist_EF/R_attack_04ef":{"x":-15.01,"y":69.14,"scaleX":2,"scaleY":2,"width":250,"height":250},"fist_EF/R_attack_07ef":{"x":-15.01,"y":69.14,"scaleX":2,"scaleY":2,"width":250,"height":250},"fist_EF/R_attack_08ef":{"x":-15.01,"y":69.14,"scaleX":2,"scaleY":2,"width":250,"height":250},"fist_EF/R_attack_09ef":{"x":-15.01,"y":69.14,"scaleX":2,"scaleY":2,"width":250,"height":250},"fist_EF/R_attack_10ef":{"x":-15.01,"y":69.14,"scaleX":2,"scaleY":2,"width":250,"height":250},"fist_EF/R_attack_11ef":{"x":-15.01,"y":69.14,"scaleX":2,"scaleY":2,"width":250,"height":250},"fist_EF/R_attack_12ef":{"x":-15.01,"y":69.14,"scaleX":2,"scaleY":2,"width":250,"height":250},"fist_EF/R_attack_13ef":{"x":-15.01,"y":69.14,"scaleX":2,"scaleY":2,"width":250,"height":250},"fist_EF/R_back_00ef":{"x":-15.01,"y":69.14,"scaleX":2,"scaleY":2,"width":250,"height":250},"fist_EF/R_damage_00ef":{"x":-15.01,"y":69.14,"scaleX":2,"scaleY":2,"width":250,"height":250},"fist_EF/R_front_00ef":{"x":-15.01,"y":69.14,"scaleX":2,"scaleY":2,"width":250,"height":250},"fist_EF/R_idle_00ef":{"x":-15.01,"y":69.14,"scaleX":2,"scaleY":2,"width":250,"height":250},"fist_EF/R_idle_01ef":{"x":-15.01,"y":69.14,"scaleX":2,"scaleY":2,"width":250,"height":250},"fist_EF/R_idle_02ef":{"x":-15.01,"y":69.14,"scaleX":2,"scaleY":2,"width":250,"height":250},"fist_EF/R_idle_03ef":{"x":-15.01,"y":69.14,"scaleX":2,"scaleY":2,"width":250,"height":250},"fist_EF/R_idle_04ef":{"x":-15.01,"y":69.14,"scaleX":2,"scaleY":2,"width":250,"height":250},"fist_EF/R_idle_05ef":{"x":-15.01,"y":69.14,"scaleX":2,"scaleY":2,"width":250,"height":250},"fist_EF/R_idle_06ef":{"x":-15.01,"y":69.14,"scaleX":2,"scaleY":2,"width":250,"height":250},"fist_EF/R_idle_07ef":{"x":-15.01,"y":69.14,"scaleX":2,"scaleY":2,"width":250,"height":250},"fist_EF/R_idle_08ef":{"x":-15.01,"y":69.14,"scaleX":2,"scaleY":2,"width":250,"height":250},"fist_EF/R_idle_09ef":{"x":-15.01,"y":69.14,"scaleX":2,"scaleY":2,"width":250,"height":250},"fist_EF/R_skill1_01ef":{"x":-15.01,"y":69.14,"scaleX":2,"scaleY":2,"width":250,"height":250},"fist_EF/R_skill1_02ef":{"x":-15.01,"y":69.14,"scaleX":2,"scaleY":2,"width":250,"height":250},"fist_EF/R_skill1_03ef":{"x":-15.01,"y":69.14,"scaleX":2,"scaleY":2,"width":250,"height":250},"fist_EF/R_skill1_04ef":{"x":-15.01,"y":69.14,"scaleX":2,"scaleY":2,"width":250,"height":250},"fist_EF/R_skill1_05ef":{"x":-15.01,"y":69.14,"scaleX":2,"scaleY":2,"width":250,"height":250},"fist_EF/R_skill1_06ef":{"x":-15.01,"y":69.14,"scaleX":2,"scaleY":2,"width":250,"height":250},"fist_EF/R_skill1_08ef":{"x":-15.01,"y":69.14,"scaleX":2,"scaleY":2,"width":250,"height":250},"fist_EF/R_skill1_09ef":{"x":-15.01,"y":69.14,"scaleX":2,"scaleY":2,"width":250,"height":250},"fist_EF/R_skill1_10ef":{"x":-15.01,"y":69.14,"scaleX":2,"scaleY":2,"width":250,"height":250},"fist_EF/R_skill2_03ef":{"x":-15.01,"y":69.14,"scaleX":2,"scaleY":2,"width":250,"height":250},"fist_EF/R_skill3_01ef":{"x":-15.01,"y":69.14,"scaleX":2,"scaleY":2,"width":250,"height":250},"fist_EF/R_skill3_02ef":{"x":-15.01,"y":69.14,"scaleX":2,"scaleY":2,"width":250,"height":250},"fist_EF/R_skill3_03ef":{"x":-15.01,"y":69.14,"scaleX":2,"scaleY":2,"width":250,"height":250},"fist_EF/R_skill3_04ef":{"x":-15.01,"y":69.14,"scaleX":2,"scaleY":2,"width":250,"height":250},"fist_EF/R_skill3_05ef":{"x":-15.01,"y":69.14,"scaleX":2,"scaleY":2,"width":250,"height":250},"fist_EF/R_skill3_06ef":{"x":-15.01,"y":69.14,"scaleX":2,"scaleY":2,"width":250,"height":250},"fist_EF/R_skill3_07ef":{"x":-15.01,"y":69.14,"scaleX":2,"scaleY":2,"width":250,"height":250},"fist_EF/attack_05ef":{"x":-15.01,"y":69.14,"scaleX":2,"scaleY":2,"width":250,"height":250},"fist_EF/attack_06ef":{"x":-15.01,"y":69.14,"scaleX":2,"scaleY":2,"width":250,"height":250},"fist_EF/skill1_07ef":{"x":-15.01,"y":69.14,"scaleX":2,"scaleY":2,"width":250,"height":250},"fist_EF/skill2_01ef":{"x":-15.01,"y":69.14,"scaleX":2,"scaleY":2,"width":250,"height":250},"fist_EF/skill2_02ef":{"x":-15.01,"y":69.14,"scaleX":2,"scaleY":2,"width":250,"height":250}}}},"events":{"Event":{},"Event2":{},"Hit":{},"Sound1":{},"Sound2":{},"Sound3":{},"Voice":{}},"animations":{"attack1":{"slots":{"DAMAGEAREA":{"attachment":[{"time":0.3666,"name":"DAMAGEAREA"},{"time":0.4333,"name":null},{"time":0.6,"name":"DAMAGEAREA"},{"time":0.7333,"name":null}]},"DotEF_D":{"attachment":[{"time":0.3666,"name":"EF/DOT/attack_05_EF_D"},{"time":0.4,"name":"EF/DOT/attack_06_EF_D"},{"time":0.4333,"name":null},{"time":0.6,"name":"EF/DOT/attack_09_EF"},{"time":0.6333,"name":"EF/DOT/attack_10_EF"},{"time":0.6666,"name":"EF/DOT/attack_11_EF"},{"time":0.7,"name":null}]},"DotEF_U":{"attachment":[{"time":0.3666,"name":"EF/DOT/attack_05_EF_U"},{"time":0.4,"name":"EF/DOT/attack_06_EF_U"},{"time":0.4333,"name":null}]},"MAIN":{"attachment":[{"time":0,"name":"idle_05"},{"time":0.0333,"name":"attack_01"},{"time":0.0666,"name":"front_00"},{"time":0.1333,"name":"attack_02"},{"time":0.2,"name":"attack_03"},{"time":0.3,"name":"attack_04"},{"time":0.3666,"name":"attack_05"},{"time":0.4,"name":"attack_06"},{"time":0.4666,"name":"attack_07"},{"time":0.5333,"name":"attack_08"},{"time":0.6,"name":"attack_09"},{"time":0.7333,"name":"attack_10"},{"time":0.8,"name":"attack_11"},{"time":0.8666,"name":"attack_12"},{"time":0.9333,"name":"attack_13"},{"time":1,"name":"attack_01"},{"time":1.1,"name":"back_00"},{"time":1.3666,"name":"idle_04"},{"time":1.5,"name":"idle_05"}]}},"bones":{"MAIN":{"translate":[{"time":0,"x":0,"y":0,"curve":"stepped"},{"time":0.0666,"x":-11.25,"y":0},{"time":0.2,"x":-130,"y":0,"curve":[0.085,0.68,0.264,0.84]},{"time":0.2666,"x":-135,"y":0,"curve":[0.197,0.58,0.75,1]},{"time":0.4666,"x":-150,"y":0,"curve":"stepped"},{"time":0.5666,"x":-150,"y":0,"curve":"stepped"},{"time":0.6,"x":-195.81,"y":20,"curve":[0.118,0.91,0.75,1]},{"time":0.7666,"x":-220,"y":127.5,"curve":[0.439,0,0.806,0.73]},{"time":1,"x":-240,"y":-1.5},{"time":1.0333,"x":-240,"y":0,"curve":"stepped"},{"time":1.1,"x":-176.08,"y":0},{"time":1.2,"x":-78.72,"y":16.71},{"time":1.3666,"x":-20,"y":0,"curve":[0.169,0.86,0.75,1]},{"time":1.5,"x":0,"y":0}]},"DAMAGEAREA":{"translate":[{"time":0.3666,"x":-167.15,"y":62.25,"curve":"stepped"},{"time":0.6,"x":-225.2,"y":118.3}],"scale":[{"time":0.3666,"x":1.28,"y":0.807,"curve":"stepped"},{"time":0.6,"x":1.239,"y":1.232}]},"DotEF":{"translate":[{"time":0.3666,"x":-249.66,"y":21.24,"curve":"stepped"},{"time":0.6,"x":-309.42,"y":83.66}],"scale":[{"time":0.3666,"x":2,"y":2}]}},"events":[{"time":0,"name":"Event","float":0.1,"string":"kHitStopType_normal"},{"time":0.0333,"name":"Event","string":"setHitEffect(hit04b,1,1,1)"},{"time":0.0666,"name":"Event","int":1,"string":"kImpactType_normal"},{"time":0.1,"name":"Event","string":"movePosition_Target(0.15,200,0)"},{"time":0.2666,"name":"Voice","string":"cri_279_voice_attack_random"},{"time":0.3333,"name":"Sound1","string":"cri_se_battle_sword_swish_heavy"},{"time":0.3333,"name":"Sound3","string":"setHitSound(se_battle_monster_claw)"},{"time":0.3666,"name":"Event","float":0.06,"string":"kHitStopType_normal"},{"time":0.5666,"name":"Event","int":3,"string":"kImpactType_up"},{"time":0.5666,"name":"Sound1","string":"cri_se_battle_sword_swish_heavy"},{"time":0.6,"name":"Hit","string":"resetHitList"},{"time":0.6,"name":"Voice","string":"cri_279_voice_attack_c"},{"time":0.6666,"name":"Hit","string":"resetHitList"},{"time":1,"name":"Sound1","string":"cri_se_battle_landing"}]},"back":{"slots":{"MAIN":{"attachment":[{"time":0,"name":"back_00"},{"time":0.3666,"name":"idle_03"},{"time":0.4333,"name":"idle_04"},{"time":0.6333,"name":"idle_01"},{"time":0.7333,"name":"idle_00"},{"time":0.8333,"name":"idle_00"}]}},"bones":{"MAIN":{"translate":[{"time":0,"x":60.77,"y":0,"curve":[0.35,0.62,0.692,0.69]},{"time":0.1666,"x":150.45,"y":35,"curve":[0.363,0.38,0.685,0.71]},{"time":0.4333,"x":190,"y":-2,"curve":[0.309,0.34,0.642,0.67]},{"time":0.4666,"x":195,"y":0,"curve":[0.256,0.37,0.597,0.7]},{"time":0.6333,"x":200,"y":0,"curve":"stepped"},{"time":0.8333,"x":200,"y":0}]}},"events":[{"time":0,"name":"Sound1","string":"cri_se_battle_jump"},{"time":0.3666,"name":"Sound1","string":"cri_se_battle_landing"}]},"cast":{"slots":{"MAIN":{"attachment":[{"time":0,"name":"idle_05"},{"time":0.0333,"name":"attack_01"},{"time":0.1666,"name":"attack_03"},{"time":0.2666,"name":"attack_04"},{"time":0.5,"name":"attack_05"},{"time":0.6,"name":"attack_06"},{"time":0.7666,"name":"attack_07"},{"time":0.9,"name":"idle_04"},{"time":1,"name":"idle_05"}]}},"bones":{"MAIN":{"translate":[{"time":0,"x":0,"y":0,"curve":"stepped"},{"time":0.1666,"x":-15.26,"y":0,"curve":"stepped"},{"time":0.7666,"x":-15.26,"y":0,"curve":"stepped"},{"time":0.9,"x":0,"y":0}]}},"events":[{"time":0.5,"name":"Voice","string":"cri_279_voice_item"}]},"damage":{"slots":{"MAIN":{"attachment":[{"time":0,"name":"damage_00"}]}}},"empty":{"slots":{"MAIN":{"attachment":[{"time":0,"name":null}]}}},"front":{"slots":{"MAIN":{"attachment":[{"time":0,"name":"front_00"}]}},"bones":{"MAIN":{"translate":[{"time":0,"x":0,"y":0}]}}},"idle":{"slots":{"MAIN":{"attachment":[{"time":0,"name":"idle_05"},{"time":0.0666,"name":"idle_02"},{"time":0.1666,"name":"idle_03"},{"time":0.3333,"name":"idle_04"},{"time":0.4,"name":"idle_06"},{"time":0.6,"name":"idle_07"},{"time":0.8,"name":"idle_08"},{"time":0.8666,"name":"idle_02"},{"time":0.9333,"name":"idle_05"},{"time":1,"name":"idle_05"}]}},"bones":{"MAIN":{"translate":[{"time":0,"x":0,"y":0,"curve":"stepped"},{"time":0.0666,"x":0,"y":0,"curve":[0.091,0.7,0.75,1]},{"time":0.1666,"x":8.28,"y":5},{"time":0.4,"x":18,"y":0},{"time":0.5,"x":20,"y":0,"curve":"stepped"},{"time":0.6,"x":10,"y":5,"curve":[0.186,0.74,0.75,1]},{"time":0.8666,"x":2,"y":0,"curve":[0.122,0.77,0.75,1]},{"time":0.9333,"x":0,"y":0,"curve":"stepped"},{"time":1,"x":0,"y":0}]}}},"idle_hensei":{"slots":{"MAIN":{"attachment":[{"time":0,"name":"idle_05"},{"time":0.0666,"name":"idle_02"},{"time":0.1666,"name":"idle_03"},{"time":0.3333,"name":"idle_04"},{"time":0.4,"name":"idle_06"},{"time":0.6,"name":"idle_07"},{"time":0.8,"name":"idle_08"},{"time":0.8666,"name":"idle_02"},{"time":0.9333,"name":"idle_05"},{"time":1,"name":"idle_05"}]}},"bones":{"MAIN":{"translate":[{"time":0,"x":-10,"y":0,"curve":"stepped"},{"time":0.0666,"x":-10,"y":0,"curve":[0.091,0.7,0.75,1]},{"time":0.1666,"x":-2.28,"y":5},{"time":0.4,"x":8,"y":0},{"time":0.5,"x":10,"y":0,"curve":"stepped"},{"time":0.6,"x":0,"y":5,"curve":[0.186,0.74,0.75,1]},{"time":0.8666,"x":-8,"y":0,"curve":[0.122,0.77,0.75,1]},{"time":0.9333,"x":-10,"y":0,"curve":"stepped"},{"time":1,"x":-10,"y":0}]}}},"in":{"slots":{"MAIN":{"attachment":[{"time":0,"name":"attack_13"},{"time":0.1,"name":"idle_07"},{"time":0.1666,"name":"attack_01"},{"time":0.2666,"name":"idle_01"},{"time":0.3666,"name":"idle_00"},{"time":0.5333,"name":"idle_05"}],"color":[{"time":0,"color":"ffffff00"},{"time":0.1,"color":"ffffffff"}]}},"bones":{"MAIN":{"translate":[{"time":0,"x":0,"y":110},{"time":0.1666,"x":0,"y":-5},{"time":0.2333,"x":0,"y":0}]}},"events":[{"time":0,"name":"Event","string":"takeSummon"},{"time":0.1666,"name":"Sound1","string":"cri_se_battle_landing"}]},"ind":{"slots":{"MAIN":{"attachment":[{"time":0,"name":"attack_13"},{"time":0.1,"name":"idle_07"},{"time":0.1666,"name":"attack_01"},{"time":0.2666,"name":"idle_01"},{"time":0.3666,"name":"idle_00"},{"time":0.5333,"name":"idle_05"}],"color":[{"time":0,"color":"ffffff00"},{"time":0.1,"color":"ffffffff"}]}},"bones":{"MAIN":{"translate":[{"time":0,"x":0,"y":110},{"time":0.1666,"x":0,"y":-5},{"time":0.2333,"x":0,"y":0}]}},"events":[{"time":0.1666,"name":"Sound1","string":"cri_se_battle_landing"}]},"skill1":{"slots":{"DAMAGEAREA":{"attachment":[{"time":0.9333,"name":"DAMAGEAREA"},{"time":1.1333,"name":null}]},"EF_dash1_1":{"attachment":[{"time":0.9,"name":"EF/ef_dash_blue/ef_dash_blue_00001"},{"time":0.9333,"name":"EF/ef_dash_blue/ef_dash_blue_00002"},{"time":0.9666,"name":"EF/ef_dash_blue/ef_dash_blue_00003"},{"time":1,"name":"EF/ef_dash_blue/ef_dash_blue_00004"},{"time":1.0333,"name":"EF/ef_dash_blue/ef_dash_blue_00005"},{"time":1.0666,"name":"EF/ef_dash_blue/ef_dash_blue_00006"},{"time":1.1,"name":"EF/ef_dash_blue/ef_dash_blue_00007"},{"time":1.1333,"name":"EF/ef_dash_blue/ef_dash_blue_00008"},{"time":1.1666,"name":"EF/ef_dash_blue/ef_dash_blue_00009"},{"time":1.2,"name":"EF/ef_dash_blue/ef_dash_blue_00010"},{"time":1.2333,"name":"EF/ef_dash_blue/ef_dash_blue_00011"},{"time":1.2666,"name":"EF/ef_dash_blue/ef_dash_blue_00012"},{"time":1.3,"name":"EF/ef_dash_blue/ef_dash_blue_00013"},{"time":1.3333,"name":null}]},"EF_rotwave1_1":{"attachment":[{"time":0.0333,"name":"EF/ef_rot_wave_main/ef_rot_wave_main_00001"},{"time":0.0666,"name":"EF/ef_rot_wave_main/ef_rot_wave_main_00002"},{"time":0.1,"name":"EF/ef_rot_wave_main/ef_rot_wave_main_00003"},{"time":0.1333,"name":"EF/ef_rot_wave_main/ef_rot_wave_main_00004"},{"time":0.1666,"name":"EF/ef_rot_wave_main/ef_rot_wave_main_00005"},{"time":0.2,"name":"EF/ef_rot_wave_main/ef_rot_wave_main_00006"},{"time":0.2333,"name":"EF/ef_rot_wave_main/ef_rot_wave_main_00007"},{"time":0.2666,"name":"EF/ef_rot_wave_main/ef_rot_wave_main_00008"},{"time":0.3,"name":"EF/ef_rot_wave_main/ef_rot_wave_main_00009"},{"time":0.3333,"name":"EF/ef_rot_wave_main/ef_rot_wave_main_00010"},{"time":0.3666,"name":"EF/ef_rot_wave_main/ef_rot_wave_main_00011"},{"time":0.4,"name":"EF/ef_rot_wave_main/ef_rot_wave_main_00012"},{"time":0.4333,"name":"EF/ef_rot_wave_main/ef_rot_wave_main_00013"},{"time":0.4666,"name":"EF/ef_rot_wave_main/ef_rot_wave_main_00014"},{"time":0.5,"name":"EF/ef_rot_wave_main/ef_rot_wave_main_00015"},{"time":0.5333,"name":null}]},"EF_rotwave1_2":{"attachment":[{"time":0.2666,"name":"EF/ef_rot_wave_main/ef_rot_wave_main_00001"},{"time":0.3,"name":"EF/ef_rot_wave_main/ef_rot_wave_main_00002"},{"time":0.3333,"name":"EF/ef_rot_wave_main/ef_rot_wave_main_00003"},{"time":0.3666,"name":"EF/ef_rot_wave_main/ef_rot_wave_main_00004"},{"time":0.4,"name":"EF/ef_rot_wave_main/ef_rot_wave_main_00005"},{"time":0.4333,"name":"EF/ef_rot_wave_main/ef_rot_wave_main_00006"},{"time":0.4666,"name":"EF/ef_rot_wave_main/ef_rot_wave_main_00007"},{"time":0.5,"name":"EF/ef_rot_wave_main/ef_rot_wave_main_00008"},{"time":0.5333,"name":"EF/ef_rot_wave_main/ef_rot_wave_main_00009"},{"time":0.5666,"name":"EF/ef_rot_wave_main/ef_rot_wave_main_00010"},{"time":0.6,"name":"EF/ef_rot_wave_main/ef_rot_wave_main_00011"},{"time":0.6333,"name":"EF/ef_rot_wave_main/ef_rot_wave_main_00012"},{"time":0.6666,"name":"EF/ef_rot_wave_main/ef_rot_wave_main_00013"},{"time":0.7,"name":"EF/ef_rot_wave_main/ef_rot_wave_main_00014"},{"time":0.7333,"name":"EF/ef_rot_wave_main/ef_rot_wave_main_00015"},{"time":0.7666,"name":null}]},"EF_shine1_1":{"attachment":[{"time":0.8333,"name":"EF/ef_shine_blue/ef_shine_blue_00003"},{"time":0.8666,"name":"EF/ef_shine_blue/ef_shine_blue_00005"},{"time":0.9,"name":"EF/ef_shine_blue/ef_shine_blue_00007"},{"time":0.9333,"name":"EF/ef_shine_blue/ef_shine_blue_00009"},{"time":0.9666,"name":"EF/ef_shine_blue/ef_shine_blue_00010"},{"time":1,"name":null}]},"EF_wave1_1":{"attachment":[{"time":0.9,"name":"EF/ef_graund_wave_blue/ef_graund_wave_blue_00001"},{"time":0.9333,"name":"EF/ef_graund_wave_blue/ef_graund_wave_blue_00002"},{"time":0.9666,"name":"EF/ef_graund_wave_blue/ef_graund_wave_blue_00003"},{"time":1,"name":"EF/ef_graund_wave_blue/ef_graund_wave_blue_00004"},{"time":1.0333,"name":"EF/ef_graund_wave_blue/ef_graund_wave_blue_00005"},{"time":1.0666,"name":"EF/ef_graund_wave_blue/ef_graund_wave_blue_00006"},{"time":1.1,"name":"EF/ef_graund_wave_blue/ef_graund_wave_blue_00007"},{"time":1.1333,"name":"EF/ef_graund_wave_blue/ef_graund_wave_blue_00008"},{"time":1.1666,"name":"EF/ef_graund_wave_blue/ef_graund_wave_blue_00009"},{"time":1.2,"name":"EF/ef_graund_wave_blue/ef_graund_wave_blue_00010"},{"time":1.2333,"name":"EF/ef_graund_wave_blue/ef_graund_wave_blue_00011"},{"time":1.2666,"name":"EF/ef_graund_wave_blue/ef_graund_wave_blue_00012"},{"time":1.3,"name":"EF/ef_graund_wave_blue/ef_graund_wave_blue_00013"},{"time":1.3333,"name":null}]},"L_fistEF":{"attachment":[{"time":1,"name":"fist_EF/L_skill1_06ef"},{"time":1.1333,"name":null},{"time":1.4333,"name":null}],"color":[{"time":1.2333,"color":"70efffff"},{"time":1.4333,"color":"0064ff00"}]},"MAIN":{"attachment":[{"time":0,"name":"idle_05"},{"time":0.0333,"name":"skill1_01"},{"time":0.1,"name":"skill1_02"},{"time":0.1666,"name":"skill1_03"},{"time":0.2333,"name":"skill1_01"},{"time":0.3,"name":"skill1_02"},{"time":0.3666,"name":"skill1_03"},{"time":0.4333,"name":"skill1_01"},{"time":0.5,"name":"skill1_02"},{"time":0.5666,"name":"skill1_03"},{"time":0.6333,"name":"skill1_01"},{"time":0.7,"name":"skill1_02"},{"time":0.7666,"name":"skill1_03"},{"time":0.8333,"name":"attack_03"},{"time":0.9333,"name":"skill1_05"},{"time":0.9666,"name":"skill1_06"},{"time":1,"name":"skill1_05"},{"time":1.0333,"name":"skill1_06"},{"time":1.1333,"name":"skill1_07"},{"time":1.2333,"name":"skill1_09"},{"time":1.3,"name":"skill1_10"},{"time":1.3666,"name":"attack_01"},{"time":1.5,"name":"back_00"},{"time":1.7666,"name":"idle_03"},{"time":1.8333,"name":"idle_04"},{"time":2,"name":"idle_05"}]},"R_fistEF":{"attachment":[{"time":1.1333,"name":null},{"time":1.2333,"name":"fist_EF/R_skill1_09ef"},{"time":1.3,"name":"fist_EF/R_skill1_10ef"},{"time":1.3666,"name":"fist_EF/R_attack_01ef"},{"time":1.4333,"name":null}],"color":[{"time":1.2333,"color":"70efffff"},{"time":1.4333,"color":"0064ff00"}]}},"bones":{"MAIN":{"translate":[{"time":0,"x":0,"y":0,"curve":"stepped"},{"time":0.9333,"x":-64.79,"y":0,"curve":[0.093,0.8,0.225,0.87]},{"time":1.0666,"x":-525,"y":0},{"time":1.4333,"x":-542.29,"y":0,"curve":"stepped"},{"time":1.5,"x":-464.45,"y":0},{"time":1.6333,"x":-250,"y":33},{"time":1.8333,"x":-46.06,"y":0,"curve":[0.278,0.65,0.75,1]},{"time":2,"x":0,"y":0}]},"DAMAGEAREA":{"translate":[{"time":0.9333,"x":-99.98,"y":66.6,"curve":[0.152,0.55,0.379,0.89]},{"time":1.1,"x":-383.65,"y":66.6}],"scale":[{"time":0.9333,"x":2.987,"y":1.953,"curve":[0.25,0,0.75,1]},{"time":1.1,"x":3.88,"y":2.01}]},"EF_rotwave1_1":{"translate":[{"time":0.0333,"x":-441.72,"y":0}],"scale":[{"time":0.0333,"x":2,"y":2}]},"EF_rotwave1_2":{"translate":[{"time":0.2666,"x":-441.72,"y":0}],"scale":[{"time":0.2666,"x":2,"y":2}]},"EF_dash1_1":{"translate":[{"time":0.9,"x":-232.48,"y":0}],"scale":[{"time":0.9,"x":3,"y":3}]},"EF_wave1_1":{"translate":[{"time":0.9,"x":-386.69,"y":0}],"scale":[{"time":0.9,"x":2.999,"y":2.999}]},"EF_shine1_1":{"translate":[{"time":0.8333,"x":-113.4,"y":8.5}],"scale":[{"time":0.8333,"x":1.5,"y":1.5},{"time":0.9666,"x":3,"y":3}]}},"events":[{"time":0,"name":"Event","float":0.2,"string":"kHitStopType_normal"},{"time":0.0333,"name":"Event","string":"setHitEffect(hit04b,1,1,1)"},{"time":0.0333,"name":"Sound1","string":"cri_se_battle_sword_swish_heavy"},{"time":0.0666,"name":"Event","int":10,"string":"kImpactType_normal"},{"time":0.1,"name":"Event","string":"ignoreBorder_true"},{"time":0.1333,"name":"Event","string":"setHitBackEnemy(100,25)"},{"time":0.1666,"name":"Sound1","string":"cri_se_battle_sword_swish_heavy"},{"time":0.3,"name":"Sound1","string":"cri_se_battle_sword_swish_heavy"},{"time":0.4333,"name":"Sound1","string":"cri_se_battle_sword_swish_heavy"},{"time":0.5666,"name":"Sound1","string":"cri_se_battle_sword_swish_heavy"},{"time":0.7,"name":"Sound1","string":"cri_se_battle_sword_swish_heavy"},{"time":0.8333,"name":"Sound1","string":"cri_se_battle_skill_swish"},{"time":0.8333,"name":"Sound2","string":"cri_se_battle_037_explosion_element_05"},{"time":0.8333,"name":"Voice","string":"cri_279_voice_skill_all"},{"time":0.9,"name":"Event","string":"movePosition_Target(0.05,150,0)"},{"time":1,"name":"Hit","string":"resetHitList"},{"time":1.0666,"name":"Hit","string":"resetHitList"},{"time":1.5,"name":"Sound1","string":"cri_se_battle_jump"},{"time":1.8333,"name":"Sound1","string":"cri_se_battle_landing"}]},"skill2":{"slots":{"DAMAGEAREA":{"attachment":[{"time":0.5,"name":"DAMAGEAREA"},{"time":0.5666,"name":null},{"time":1.2333,"name":"DAMAGEAREA"},{"time":1.3,"name":null},{"time":1.5666,"name":"DAMAGEAREA"},{"time":1.6333,"name":null},{"time":2.5,"name":"DAMAGEAREA"},{"time":2.7666,"name":null},{"time":3.6,"name":"DAMAGEAREA"},{"time":3.9,"name":null}]},"EF_aura1_1":{"attachment":[{"time":0.2,"name":"EF/EF_aura2/ef_MD_aura_00"},{"time":0.2333,"name":"EF/EF_aura2/ef_MD_aura_01"},{"time":0.2666,"name":"EF/EF_aura2/ef_MD_aura_02"},{"time":0.3,"name":"EF/EF_aura2/ef_MD_aura_03"},{"time":0.3333,"name":"EF/EF_aura2/ef_MD_aura_04"},{"time":0.3666,"name":"EF/EF_aura2/ef_MD_aura_05"},{"time":0.4,"name":"EF/EF_aura2/ef_MD_aura_06"},{"time":0.4333,"name":"EF/EF_aura2/ef_MD_aura_07"},{"time":0.4666,"name":"EF/EF_aura2/ef_MD_aura_08"},{"time":0.5,"name":"EF/EF_aura2/ef_MD_aura_00"},{"time":0.5333,"name":"EF/EF_aura2/ef_MD_aura_01"},{"time":0.5666,"name":"EF/EF_aura2/ef_MD_aura_02"},{"time":0.6,"name":"EF/EF_aura2/ef_MD_aura_03"},{"time":0.6333,"name":"EF/EF_aura2/ef_MD_aura_04"},{"time":0.6666,"name":"EF/EF_aura2/ef_MD_aura_05"},{"time":0.7,"name":"EF/EF_aura2/ef_MD_aura_06"},{"time":0.7333,"name":"EF/EF_aura2/ef_MD_aura_07"},{"time":0.7666,"name":"EF/EF_aura2/ef_MD_aura_08"},{"time":0.8,"name":"EF/EF_aura2/ef_MD_aura_00"},{"time":0.8333,"name":"EF/EF_aura2/ef_MD_aura_01"},{"time":0.8666,"name":"EF/EF_aura2/ef_MD_aura_02"},{"time":0.9,"name":null},{"time":1,"name":"EF/EF_aura2/ef_MD_aura_00"},{"time":1.0333,"name":"EF/EF_aura2/ef_MD_aura_01"},{"time":1.0666,"name":"EF/EF_aura2/ef_MD_aura_02"},{"time":1.1,"name":"EF/EF_aura2/ef_MD_aura_03"},{"time":1.1333,"name":"EF/EF_aura2/ef_MD_aura_04"},{"time":1.1666,"name":"EF/EF_aura2/ef_MD_aura_05"},{"time":1.2,"name":"EF/EF_aura2/ef_MD_aura_06"},{"time":1.2333,"name":"EF/EF_aura2/ef_MD_aura_07"},{"time":1.2666,"name":"EF/EF_aura2/ef_MD_aura_08"},{"time":1.3,"name":"EF/EF_aura2/ef_MD_aura_00"},{"time":1.3333,"name":"EF/EF_aura2/ef_MD_aura_01"},{"time":1.3666,"name":"EF/EF_aura2/ef_MD_aura_02"},{"time":1.4,"name":"EF/EF_aura2/ef_MD_aura_03"},{"time":1.4333,"name":"EF/EF_aura2/ef_MD_aura_04"},{"time":1.4666,"name":"EF/EF_aura2/ef_MD_aura_05"},{"time":1.5,"name":"EF/EF_aura2/ef_MD_aura_06"},{"time":1.5333,"name":"EF/EF_aura2/ef_MD_aura_07"},{"time":1.5666,"name":"EF/EF_aura2/ef_MD_aura_08"},{"time":1.6,"name":"EF/EF_aura2/ef_MD_aura_00"},{"time":1.6333,"name":"EF/EF_aura2/ef_MD_aura_01"},{"time":1.6666,"name":"EF/EF_aura2/ef_MD_aura_02"},{"time":1.7,"name":"EF/EF_aura2/ef_MD_aura_03"},{"time":1.7333,"name":"EF/EF_aura2/ef_MD_aura_04"},{"time":1.7666,"name":"EF/EF_aura2/ef_MD_aura_05"},{"time":1.8,"name":"EF/EF_aura2/ef_MD_aura_06"},{"time":1.8333,"name":"EF/EF_aura2/ef_MD_aura_07"},{"time":1.8666,"name":"EF/EF_aura2/ef_MD_aura_08"},{"time":1.9,"name":"EF/EF_aura2/ef_MD_aura_00"},{"time":1.9333,"name":"EF/EF_aura2/ef_MD_aura_01"},{"time":1.9666,"name":"EF/EF_aura2/ef_MD_aura_02"},{"time":2,"name":"EF/EF_aura2/ef_MD_aura_03"},{"time":2.0333,"name":"EF/EF_aura2/ef_MD_aura_04"},{"time":2.0666,"name":"EF/EF_aura2/ef_MD_aura_05"},{"time":2.1,"name":"EF/EF_aura2/ef_MD_aura_06"},{"time":2.1333,"name":"EF/EF_aura2/ef_MD_aura_07"},{"time":2.1666,"name":"EF/EF_aura2/ef_MD_aura_08"},{"time":2.2,"name":null},{"time":2.5,"name":"EF/EF_aura2/ef_MD_aura_00"},{"time":2.5333,"name":"EF/EF_aura2/ef_MD_aura_01"},{"time":2.5666,"name":"EF/EF_aura2/ef_MD_aura_02"},{"time":2.6,"name":"EF/EF_aura2/ef_MD_aura_03"},{"time":2.6333,"name":"EF/EF_aura2/ef_MD_aura_04"},{"time":2.6666,"name":"EF/EF_aura2/ef_MD_aura_05"},{"time":2.7,"name":"EF/EF_aura2/ef_MD_aura_06"},{"time":2.7333,"name":"EF/EF_aura2/ef_MD_aura_07"},{"time":2.7666,"name":"EF/EF_aura2/ef_MD_aura_08"},{"time":2.8,"name":"EF/EF_aura2/ef_MD_aura_00"},{"time":2.8333,"name":"EF/EF_aura2/ef_MD_aura_01"},{"time":2.8666,"name":"EF/EF_aura2/ef_MD_aura_02"},{"time":2.9,"name":"EF/EF_aura2/ef_MD_aura_03"},{"time":2.9333,"name":"EF/EF_aura2/ef_MD_aura_04"},{"time":2.9666,"name":"EF/EF_aura2/ef_MD_aura_05"},{"time":3,"name":"EF/EF_aura2/ef_MD_aura_06"},{"time":3.0333,"name":"EF/EF_aura2/ef_MD_aura_07"},{"time":3.0666,"name":"EF/EF_aura2/ef_MD_aura_08"},{"time":3.1,"name":"EF/EF_aura2/ef_MD_aura_00"},{"time":3.1333,"name":"EF/EF_aura2/ef_MD_aura_01"},{"time":3.1666,"name":"EF/EF_aura2/ef_MD_aura_02"},{"time":3.2,"name":"EF/EF_aura2/ef_MD_aura_03"},{"time":3.2333,"name":null},{"time":3.5333,"name":"EF/EF_aura2/ef_MD_aura_00"},{"time":3.5666,"name":"EF/EF_aura2/ef_MD_aura_01"},{"time":3.6,"name":"EF/EF_aura2/ef_MD_aura_02"},{"time":3.6333,"name":"EF/EF_aura2/ef_MD_aura_03"},{"time":3.6666,"name":"EF/EF_aura2/ef_MD_aura_04"},{"time":3.7,"name":"EF/EF_aura2/ef_MD_aura_05"},{"time":3.7333,"name":"EF/EF_aura2/ef_MD_aura_06"},{"time":3.7666,"name":"EF/EF_aura2/ef_MD_aura_07"},{"time":3.8,"name":"EF/EF_aura2/ef_MD_aura_08"},{"time":3.8333,"name":"EF/EF_aura2/ef_MD_aura_00"},{"time":3.8666,"name":"EF/EF_aura2/ef_MD_aura_01"},{"time":3.9,"name":"EF/EF_aura2/ef_MD_aura_02"},{"time":3.9333,"name":null},{"time":4.0666,"name":"EF/EF_aura2/ef_MD_aura_00"},{"time":4.1,"name":"EF/EF_aura2/ef_MD_aura_01"},{"time":4.1333,"name":"EF/EF_aura2/ef_MD_aura_02"},{"time":4.1666,"name":"EF/EF_aura2/ef_MD_aura_03"},{"time":4.2,"name":"EF/EF_aura2/ef_MD_aura_04"},{"time":4.2333,"name":"EF/EF_aura2/ef_MD_aura_05"},{"time":4.2666,"name":"EF/EF_aura2/ef_MD_aura_06"},{"time":4.3,"name":"EF/EF_aura2/ef_MD_aura_07"},{"time":4.3333,"name":"EF/EF_aura2/ef_MD_aura_08"},{"time":4.3666,"name":"EF/EF_aura2/ef_MD_aura_00"},{"time":4.4,"name":"EF/EF_aura2/ef_MD_aura_01"},{"time":4.4333,"name":"EF/EF_aura2/ef_MD_aura_02"},{"time":4.4666,"name":"EF/EF_aura2/ef_MD_aura_03"},{"time":4.5,"name":"EF/EF_aura2/ef_MD_aura_04"},{"time":4.5333,"name":"EF/EF_aura2/ef_MD_aura_05"},{"time":4.5666,"name":null}],"color":[{"time":0.7666,"color":"ffffffff"},{"time":0.9,"color":"ffffff00","curve":"stepped"},{"time":1,"color":"ffffff00"},{"time":1.1666,"color":"ffffffff","curve":"stepped"},{"time":1.9,"color":"ffffffff"},{"time":2.2,"color":"ffffff00","curve":"stepped"},{"time":2.5,"color":"ffffffff","curve":"stepped"},{"time":3,"color":"ffffffff"},{"time":3.2333,"color":"ffffff00","curve":"stepped"},{"time":3.5333,"color":"ffffff00"},{"time":3.6,"color":"ffffffff","curve":"stepped"},{"time":3.7666,"color":"ffffffff"},{"time":3.9333,"color":"ffffff00","curve":"stepped"},{"time":4,"color":"ffffff00","curve":"stepped"},{"time":4.0666,"color":"ffffff00"},{"time":4.1333,"color":"ffffffff","curve":"stepped"},{"time":4.3666,"color":"ffffffff"},{"time":4.5666,"color":"ffffff00"}]},"EF_aura1_2":{"attachment":[{"time":2.2,"name":"EF/EF_aura2/ef_MD_aura_00"},{"time":2.2333,"name":"EF/EF_aura2/ef_MD_aura_01"},{"time":2.2666,"name":"EF/EF_aura2/ef_MD_aura_02"},{"time":2.3,"name":"EF/EF_aura2/ef_MD_aura_03"},{"time":2.3333,"name":"EF/EF_aura2/ef_MD_aura_04"},{"time":2.3666,"name":"EF/EF_aura2/ef_MD_aura_05"},{"time":2.4,"name":"EF/EF_aura2/ef_MD_aura_06"},{"time":2.4333,"name":"EF/EF_aura2/ef_MD_aura_07"},{"time":2.4666,"name":"EF/EF_aura2/ef_MD_aura_08"},{"time":2.5,"name":null}]},"EF_dash1_1":{"attachment":[{"time":0.3333,"name":"EF/ef_dash_blue/ef_dash_blue_00001"},{"time":0.3666,"name":"EF/ef_dash_blue/ef_dash_blue_00002"},{"time":0.4,"name":"EF/ef_dash_blue/ef_dash_blue_00003"},{"time":0.4333,"name":"EF/ef_dash_blue/ef_dash_blue_00004"},{"time":0.4666,"name":"EF/ef_dash_blue/ef_dash_blue_00005"},{"time":0.5,"name":"EF/ef_dash_blue/ef_dash_blue_00006"},{"time":0.5333,"name":"EF/ef_dash_blue/ef_dash_blue_00007"},{"time":0.5666,"name":"EF/ef_dash_blue/ef_dash_blue_00008"},{"time":0.6,"name":"EF/ef_dash_blue/ef_dash_blue_00009"},{"time":0.6333,"name":"EF/ef_dash_blue/ef_dash_blue_00010"},{"time":0.6666,"name":"EF/ef_dash_blue/ef_dash_blue_00011"},{"time":0.7,"name":"EF/ef_dash_blue/ef_dash_blue_00012"},{"time":0.7333,"name":"EF/ef_dash_blue/ef_dash_blue_00013"},{"time":0.7666,"name":null},{"time":1.2,"name":"EF/ef_dash_blue/ef_dash_blue_00001"},{"time":1.2333,"name":"EF/ef_dash_blue/ef_dash_blue_00002"},{"time":1.2666,"name":"EF/ef_dash_blue/ef_dash_blue_00003"},{"time":1.3,"name":"EF/ef_dash_blue/ef_dash_blue_00004"},{"time":1.3333,"name":"EF/ef_dash_blue/ef_dash_blue_00005"},{"time":1.3666,"name":"EF/ef_dash_blue/ef_dash_blue_00006"},{"time":1.4,"name":"EF/ef_dash_blue/ef_dash_blue_00007"},{"time":1.4333,"name":"EF/ef_dash_blue/ef_dash_blue_00008"},{"time":1.4666,"name":"EF/ef_dash_blue/ef_dash_blue_00009"},{"time":1.5,"name":"EF/ef_dash_blue/ef_dash_blue_00010"},{"time":1.5333,"name":"EF/ef_dash_blue/ef_dash_blue_00011"},{"time":1.5666,"name":"EF/ef_dash_blue/ef_dash_blue_00012"},{"time":1.6,"name":"EF/ef_dash_blue/ef_dash_blue_00013"},{"time":1.6333,"name":null},{"time":2.5,"name":"EF/ef_dash_blue/ef_dash_blue_00001"},{"time":2.5333,"name":"EF/ef_dash_blue/ef_dash_blue_00002"},{"time":2.5666,"name":"EF/ef_dash_blue/ef_dash_blue_00003"},{"time":2.6,"name":"EF/ef_dash_blue/ef_dash_blue_00004"},{"time":2.6333,"name":"EF/ef_dash_blue/ef_dash_blue_00005"},{"time":2.6666,"name":"EF/ef_dash_blue/ef_dash_blue_00006"},{"time":2.7,"name":"EF/ef_dash_blue/ef_dash_blue_00007"},{"time":2.7333,"name":"EF/ef_dash_blue/ef_dash_blue_00008"},{"time":2.7666,"name":"EF/ef_dash_blue/ef_dash_blue_00009"},{"time":2.8,"name":"EF/ef_dash_blue/ef_dash_blue_00010"},{"time":2.8333,"name":"EF/ef_dash_blue/ef_dash_blue_00011"},{"time":2.8666,"name":"EF/ef_dash_blue/ef_dash_blue_00012"},{"time":2.9,"name":"EF/ef_dash_blue/ef_dash_blue_00013"},{"time":2.9333,"name":null},{"time":3.5666,"name":"EF/ef_dash_blue/ef_dash_blue_00001"},{"time":3.6,"name":"EF/ef_dash_blue/ef_dash_blue_00002"},{"time":3.6333,"name":"EF/ef_dash_blue/ef_dash_blue_00003"},{"time":3.6666,"name":"EF/ef_dash_blue/ef_dash_blue_00004"},{"time":3.7,"name":"EF/ef_dash_blue/ef_dash_blue_00005"},{"time":3.7333,"name":"EF/ef_dash_blue/ef_dash_blue_00006"},{"time":3.7666,"name":"EF/ef_dash_blue/ef_dash_blue_00007"},{"time":3.8,"name":"EF/ef_dash_blue/ef_dash_blue_00008"},{"time":3.8333,"name":"EF/ef_dash_blue/ef_dash_blue_00009"},{"time":3.8666,"name":"EF/ef_dash_blue/ef_dash_blue_00010"},{"time":3.9,"name":"EF/ef_dash_blue/ef_dash_blue_00011"},{"time":3.9333,"name":"EF/ef_dash_blue/ef_dash_blue_00012"},{"time":3.9666,"name":"EF/ef_dash_blue/ef_dash_blue_00013"},{"time":4,"name":null}]},"EF_dash1_2":{"attachment":[{"time":1.5666,"name":"EF/ef_dash_blue/ef_dash_blue_00001"},{"time":1.6,"name":"EF/ef_dash_blue/ef_dash_blue_00002"},{"time":1.6333,"name":"EF/ef_dash_blue/ef_dash_blue_00003"},{"time":1.6666,"name":"EF/ef_dash_blue/ef_dash_blue_00004"},{"time":1.7,"name":"EF/ef_dash_blue/ef_dash_blue_00005"},{"time":1.7333,"name":"EF/ef_dash_blue/ef_dash_blue_00006"},{"time":1.7666,"name":"EF/ef_dash_blue/ef_dash_blue_00007"},{"time":1.8,"name":"EF/ef_dash_blue/ef_dash_blue_00008"},{"time":1.8333,"name":"EF/ef_dash_blue/ef_dash_blue_00009"},{"time":1.8666,"name":"EF/ef_dash_blue/ef_dash_blue_00010"},{"time":1.9,"name":"EF/ef_dash_blue/ef_dash_blue_00011"},{"time":1.9333,"name":"EF/ef_dash_blue/ef_dash_blue_00012"},{"time":1.9666,"name":"EF/ef_dash_blue/ef_dash_blue_00013"},{"time":2,"name":null}]},"EF_rotwave1_1":{"attachment":[{"time":3.2,"name":"EF/ef_rot_wave_main/ef_rot_wave_main_00001"},{"time":3.2333,"name":"EF/ef_rot_wave_main/ef_rot_wave_main_00002"},{"time":3.2666,"name":"EF/ef_rot_wave_main/ef_rot_wave_main_00003"},{"time":3.3,"name":"EF/ef_rot_wave_main/ef_rot_wave_main_00004"},{"time":3.3333,"name":"EF/ef_rot_wave_main/ef_rot_wave_main_00005"},{"time":3.3666,"name":"EF/ef_rot_wave_main/ef_rot_wave_main_00006"},{"time":3.4,"name":"EF/ef_rot_wave_main/ef_rot_wave_main_00007"},{"time":3.4333,"name":"EF/ef_rot_wave_main/ef_rot_wave_main_00008"},{"time":3.4666,"name":"EF/ef_rot_wave_main/ef_rot_wave_main_00009"},{"time":3.5,"name":"EF/ef_rot_wave_main/ef_rot_wave_main_00010"},{"time":3.5333,"name":"EF/ef_rot_wave_main/ef_rot_wave_main_00012"},{"time":3.5666,"name":"EF/ef_rot_wave_main/ef_rot_wave_main_00014"},{"time":3.6,"name":null}]},"EF_slash2_1":{"attachment":[{"time":0.4333,"name":"EF/ef_slash_A_main/ef_slash_A_main_00001"},{"time":0.4666,"name":"EF/ef_slash_A_main/ef_slash_A_main_00002"},{"time":0.5,"name":"EF/ef_slash_A_main/ef_slash_A_main_00003"},{"time":0.5333,"name":"EF/ef_slash_A_main/ef_slash_A_main_00004"},{"time":0.5666,"name":"EF/ef_slash_A_main/ef_slash_A_main_00005"},{"time":0.6,"name":"EF/ef_slash_A_main/ef_slash_A_main_00006"},{"time":0.6333,"name":"EF/ef_slash_A_main/ef_slash_A_main_00007"},{"time":0.6666,"name":null},{"time":1.2,"name":"EF/ef_slash_A_main/ef_slash_A_main_00001"},{"time":1.2333,"name":"EF/ef_slash_A_main/ef_slash_A_main_00002"},{"time":1.2666,"name":"EF/ef_slash_A_main/ef_slash_A_main_00003"},{"time":1.3,"name":"EF/ef_slash_A_main/ef_slash_A_main_00004"},{"time":1.3333,"name":"EF/ef_slash_A_main/ef_slash_A_main_00005"},{"time":1.3666,"name":"EF/ef_slash_A_main/ef_slash_A_main_00006"},{"time":1.4,"name":"EF/ef_slash_A_main/ef_slash_A_main_00007"},{"time":1.4333,"name":null}]},"EF_slash3_1":{"attachment":[{"time":1.5333,"name":"EF/ef_slash_B_main/ef_slash_B_main_00001"},{"time":1.5666,"name":"EF/ef_slash_B_main/ef_slash_B_main_00002"},{"time":1.6,"name":"EF/ef_slash_B_main/ef_slash_B_main_00003"},{"time":1.6333,"name":"EF/ef_slash_B_main/ef_slash_B_main_00004"},{"time":1.6666,"name":"EF/ef_slash_B_main/ef_slash_B_main_00005"},{"time":1.7,"name":null},{"time":2.5,"name":"EF/ef_slash_B_main/ef_slash_B_main_00001"},{"time":2.5333,"name":"EF/ef_slash_B_main/ef_slash_B_main_00002"},{"time":2.5666,"name":"EF/ef_slash_B_main/ef_slash_B_main_00003"},{"time":2.6,"name":"EF/ef_slash_B_main/ef_slash_B_main_00004"},{"time":2.6333,"name":"EF/ef_slash_B_main/ef_slash_B_main_00005"},{"time":2.6666,"name":null}]},"EF_slash_rot1_1":{"attachment":[{"time":3.2666,"name":"EF/ef_slash_rot_main/ef_slash_rot_main_00001"},{"time":3.3,"name":"EF/ef_slash_rot_main/ef_slash_rot_main_00002"},{"time":3.3333,"name":"EF/ef_slash_rot_main/ef_slash_rot_main_00003"},{"time":3.3666,"name":"EF/ef_slash_rot_main/ef_slash_rot_main_00004"},{"time":3.4,"name":"EF/ef_slash_rot_main/ef_slash_rot_main_00005"},{"time":3.4333,"name":"EF/ef_slash_rot_main/ef_slash_rot_main_00006"},{"time":3.4666,"name":"EF/ef_slash_rot_main/ef_slash_rot_main_00007"},{"time":3.5,"name":"EF/ef_slash_rot_main/ef_slash_rot_main_00008"},{"time":3.5333,"name":null}]},"EF_wave1_1":{"attachment":[{"time":0.3333,"name":"EF/ef_graund_wave_blue/ef_graund_wave_blue_00001"},{"time":0.3666,"name":"EF/ef_graund_wave_blue/ef_graund_wave_blue_00002"},{"time":0.4,"name":"EF/ef_graund_wave_blue/ef_graund_wave_blue_00003"},{"time":0.4333,"name":"EF/ef_graund_wave_blue/ef_graund_wave_blue_00004"},{"time":0.4666,"name":"EF/ef_graund_wave_blue/ef_graund_wave_blue_00005"},{"time":0.5,"name":"EF/ef_graund_wave_blue/ef_graund_wave_blue_00006"},{"time":0.5333,"name":"EF/ef_graund_wave_blue/ef_graund_wave_blue_00007"},{"time":0.5666,"name":"EF/ef_graund_wave_blue/ef_graund_wave_blue_00008"},{"time":0.6,"name":"EF/ef_graund_wave_blue/ef_graund_wave_blue_00009"},{"time":0.6333,"name":"EF/ef_graund_wave_blue/ef_graund_wave_blue_00010"},{"time":0.6666,"name":"EF/ef_graund_wave_blue/ef_graund_wave_blue_00011"},{"time":0.7,"name":"EF/ef_graund_wave_blue/ef_graund_wave_blue_00012"},{"time":0.7333,"name":"EF/ef_graund_wave_blue/ef_graund_wave_blue_00013"},{"time":0.7666,"name":null},{"time":1.2,"name":"EF/ef_graund_wave_blue/ef_graund_wave_blue_00001"},{"time":1.2333,"name":"EF/ef_graund_wave_blue/ef_graund_wave_blue_00002"},{"time":1.2666,"name":"EF/ef_graund_wave_blue/ef_graund_wave_blue_00003"},{"time":1.3,"name":"EF/ef_graund_wave_blue/ef_graund_wave_blue_00004"},{"time":1.3333,"name":"EF/ef_graund_wave_blue/ef_graund_wave_blue_00005"},{"time":1.3666,"name":"EF/ef_graund_wave_blue/ef_graund_wave_blue_00006"},{"time":1.4,"name":"EF/ef_graund_wave_blue/ef_graund_wave_blue_00007"},{"time":1.4333,"name":"EF/ef_graund_wave_blue/ef_graund_wave_blue_00008"},{"time":1.4666,"name":"EF/ef_graund_wave_blue/ef_graund_wave_blue_00009"},{"time":1.5,"name":"EF/ef_graund_wave_blue/ef_graund_wave_blue_00010"},{"time":1.5333,"name":"EF/ef_graund_wave_blue/ef_graund_wave_blue_00011"},{"time":1.5666,"name":"EF/ef_graund_wave_blue/ef_graund_wave_blue_00012"},{"time":1.6,"name":"EF/ef_graund_wave_blue/ef_graund_wave_blue_00013"},{"time":1.6333,"name":null},{"time":2.4666,"name":"EF/ef_graund_wave_blue/ef_graund_wave_blue_00001"},{"time":2.5,"name":"EF/ef_graund_wave_blue/ef_graund_wave_blue_00002"},{"time":2.5333,"name":"EF/ef_graund_wave_blue/ef_graund_wave_blue_00003"},{"time":2.5666,"name":"EF/ef_graund_wave_blue/ef_graund_wave_blue_00004"},{"time":2.6,"name":"EF/ef_graund_wave_blue/ef_graund_wave_blue_00005"},{"time":2.6333,"name":"EF/ef_graund_wave_blue/ef_graund_wave_blue_00006"},{"time":2.6666,"name":"EF/ef_graund_wave_blue/ef_graund_wave_blue_00007"},{"time":2.7,"name":"EF/ef_graund_wave_blue/ef_graund_wave_blue_00008"},{"time":2.7333,"name":"EF/ef_graund_wave_blue/ef_graund_wave_blue_00009"},{"time":2.7666,"name":"EF/ef_graund_wave_blue/ef_graund_wave_blue_00010"},{"time":2.8,"name":"EF/ef_graund_wave_blue/ef_graund_wave_blue_00011"},{"time":2.8333,"name":"EF/ef_graund_wave_blue/ef_graund_wave_blue_00012"},{"time":2.8666,"name":"EF/ef_graund_wave_blue/ef_graund_wave_blue_00013"},{"time":2.9,"name":null},{"time":3.5333,"name":"EF/ef_graund_wave_blue/ef_graund_wave_blue_00001"},{"time":3.5666,"name":"EF/ef_graund_wave_blue/ef_graund_wave_blue_00003"},{"time":3.6,"name":"EF/ef_graund_wave_blue/ef_graund_wave_blue_00005"},{"time":3.6333,"name":"EF/ef_graund_wave_blue/ef_graund_wave_blue_00007"},{"time":3.6666,"name":"EF/ef_graund_wave_blue/ef_graund_wave_blue_00009"},{"time":3.7,"name":"EF/ef_graund_wave_blue/ef_graund_wave_blue_00010"},{"time":3.7333,"name":"EF/ef_graund_wave_blue/ef_graund_wave_blue_00011"},{"time":3.7666,"name":"EF/ef_graund_wave_blue/ef_graund_wave_blue_00012"},{"time":3.8,"name":"EF/ef_graund_wave_blue/ef_graund_wave_blue_00013"},{"time":3.8333,"name":null}]},"EF_wave1_2":{"attachment":[{"time":1.5666,"name":"EF/ef_graund_wave_blue/ef_graund_wave_blue_00001"},{"time":1.6,"name":"EF/ef_graund_wave_blue/ef_graund_wave_blue_00002"},{"time":1.6333,"name":"EF/ef_graund_wave_blue/ef_graund_wave_blue_00003"},{"time":1.6666,"name":"EF/ef_graund_wave_blue/ef_graund_wave_blue_00004"},{"time":1.7,"name":"EF/ef_graund_wave_blue/ef_graund_wave_blue_00005"},{"time":1.7333,"name":"EF/ef_graund_wave_blue/ef_graund_wave_blue_00006"},{"time":1.7666,"name":"EF/ef_graund_wave_blue/ef_graund_wave_blue_00007"},{"time":1.8,"name":"EF/ef_graund_wave_blue/ef_graund_wave_blue_00008"},{"time":1.8333,"name":"EF/ef_graund_wave_blue/ef_graund_wave_blue_00009"},{"time":1.8666,"name":"EF/ef_graund_wave_blue/ef_graund_wave_blue_00010"},{"time":1.9,"name":"EF/ef_graund_wave_blue/ef_graund_wave_blue_00011"},{"time":1.9333,"name":"EF/ef_graund_wave_blue/ef_graund_wave_blue_00012"},{"time":1.9666,"name":"EF/ef_graund_wave_blue/ef_graund_wave_blue_00013"},{"time":2,"name":null}]},"L_fistEF":{"attachment":[{"time":0.6666,"name":null},{"time":1.0666,"name":"fist_EF/L_attack_02ef"},{"time":1.1666,"name":"fist_EF/L_attack_04ef"},{"time":1.2333,"name":null},{"time":1.3666,"name":"fist_EF/L_attack_07ef"},{"time":1.4333,"name":"fist_EF/L_attack_08ef"},{"time":1.5666,"name":null},{"time":1.8333,"name":"fist_EF/L_skill2_03ef"},{"time":1.9,"name":"fist_EF/L_idle_02ef"},{"time":1.9666,"name":"fist_EF/L_idle_03ef"},{"time":2.0333,"name":"fist_EF/L_idle_06ef"},{"time":2.1,"name":"fist_EF/L_attack_01ef"},{"time":2.2,"name":"fist_EF/L_front_00ef"},{"time":2.3,"name":"fist_EF/L_attack_07ef"},{"time":2.4,"name":"fist_EF/L_attack_08ef"},{"time":2.5,"name":"fist_EF/L_attack_09ef"},{"time":2.8666,"name":"fist_EF/L_attack_10ef"},{"time":2.9333,"name":"fist_EF/L_attack_11ef"},{"time":3,"name":"fist_EF/L_attack_12ef"},{"time":3.0666,"name":"fist_EF/L_attack_13ef"},{"time":3.1666,"name":"fist_EF/L_attack_01ef"},{"time":3.2333,"name":"fist_EF/L_idle_00ef"},{"time":3.2666,"name":null},{"time":3.5666,"name":null},{"time":3.6,"name":"fist_EF/L_skill1_05ef"},{"time":3.9333,"name":"fist_EF/L_skill1_05ef"},{"time":4.1,"name":"fist_EF/L_skill1_06ef"},{"time":4.1666,"name":"fist_EF/L_skill1_05ef"},{"time":4.2333,"name":"fist_EF/L_skill1_06ef"},{"time":4.3,"name":null},{"time":4.6,"name":null}],"color":[{"time":0.1666,"color":"70efff00"},{"time":0.3333,"color":"70efffff","curve":"stepped"},{"time":0.6666,"color":"70efffff"},{"time":0.9666,"color":"70efff00"},{"time":1.0666,"color":"70efffff","curve":"stepped"},{"time":1.8333,"color":"70efffff"},{"time":2.1,"color":"70efff00","curve":"stepped"},{"time":2.2,"color":"70efff00"},{"time":2.3,"color":"70efffff","curve":"stepped"},{"time":2.8666,"color":"70efffff"},{"time":3.2666,"color":"70efff00","curve":"stepped"},{"time":3.5333,"color":"70efff00"},{"time":3.5666,"color":"70efffff","curve":[0.25,0,0.746,0.08]},{"time":3.9333,"color":"70efff00","curve":"stepped"},{"time":4.0666,"color":"70efff00"},{"time":4.1333,"color":"70efffff"},{"time":4.6,"color":"70efff00"}]},"MAIN":{"attachment":[{"time":0,"name":"idle_05"},{"time":0.0333,"name":"attack_01"},{"time":0.1333,"name":"front_00"},{"time":0.2333,"name":"attack_02"},{"time":0.3333,"name":"attack_03"},{"time":0.4,"name":"attack_04"},{"time":0.4666,"name":"attack_05"},{"time":0.5666,"name":"attack_06"},{"time":0.6666,"name":"attack_01"},{"time":0.7666,"name":"idle_02"},{"time":0.8333,"name":"idle_07"},{"time":0.9,"name":"idle_06"},{"time":0.9666,"name":"attack_01"},{"time":1.0666,"name":"attack_02"},{"time":1.1666,"name":"attack_04"},{"time":1.2333,"name":"attack_05"},{"time":1.3666,"name":"attack_07"},{"time":1.4333,"name":"attack_08"},{"time":1.5666,"name":"skill2_01"},{"time":1.6333,"name":"skill2_02"},{"time":1.8333,"name":"skill2_03"},{"time":1.9,"name":"idle_02"},{"time":1.9666,"name":"idle_07"},{"time":2.0333,"name":"idle_06"},{"time":2.1,"name":"attack_01"},{"time":2.2,"name":"front_00"},{"time":2.3,"name":"attack_07"},{"time":2.4,"name":"attack_08"},{"time":2.5,"name":"attack_09"},{"time":2.8666,"name":"attack_10"},{"time":2.9333,"name":"attack_11"},{"time":3,"name":"attack_12"},{"time":3.0666,"name":"attack_13"},{"time":3.1666,"name":"attack_01"},{"time":3.2333,"name":"idle_00"},{"time":3.2666,"name":"skill1_01"},{"time":3.3333,"name":"skill1_02"},{"time":3.4,"name":"skill1_03"},{"time":3.4666,"name":"skill1_01"},{"time":3.5333,"name":"attack_03"},{"time":3.6,"name":"skill1_05"},{"time":3.6666,"name":"skill1_06"},{"time":3.7333,"name":"skill1_05"},{"time":3.8,"name":"skill1_06"},{"time":3.8666,"name":"skill1_05"},{"time":3.9333,"name":"skill1_06"},{"time":4.1,"name":"skill1_05"},{"time":4.1666,"name":"skill1_06"},{"time":4.2333,"name":"skill1_05"},{"time":4.3,"name":"back_00"},{"time":4.6,"name":"idle_03"},{"time":4.7,"name":"idle_08"},{"time":4.8333,"name":"idle_05"}],"color":[{"time":3.8666,"color":"ffffffff"},{"time":3.9333,"color":"ffffff00","curve":"stepped"},{"time":4.0666,"color":"ffffff00"},{"time":4.1333,"color":"ffffffff"}]},"R_fistEF":{"attachment":[{"time":0.1666,"name":"fist_EF/R_front_00ef"},{"time":0.2333,"name":"fist_EF/R_attack_02ef"},{"time":0.3333,"name":"fist_EF/R_attack_03ef"},{"time":0.4,"name":"fist_EF/R_attack_04ef"},{"time":0.4666,"name":"fist_EF/attack_05ef"},{"time":0.5666,"name":"fist_EF/attack_06ef"},{"time":0.6666,"name":"fist_EF/R_attack_01ef"},{"time":0.7666,"name":"fist_EF/R_idle_02ef"},{"time":0.8333,"name":"fist_EF/R_idle_03ef"},{"time":0.9,"name":"fist_EF/R_idle_04ef"},{"time":0.9666,"name":"fist_EF/R_attack_01ef"},{"time":1.0666,"name":"fist_EF/R_attack_02ef"},{"time":1.1666,"name":"fist_EF/R_attack_04ef"},{"time":1.2333,"name":"fist_EF/attack_05ef"},{"time":1.3666,"name":"fist_EF/R_attack_07ef"},{"time":1.4333,"name":"fist_EF/R_attack_08ef"},{"time":1.5666,"name":"fist_EF/skill2_01ef"},{"time":1.6333,"name":"fist_EF/skill2_02ef"},{"time":1.8333,"name":"fist_EF/R_skill2_03ef"},{"time":1.9,"name":"fist_EF/R_idle_02ef"},{"time":1.9666,"name":"fist_EF/R_idle_03ef"},{"time":2.0333,"name":"fist_EF/R_idle_06ef"},{"time":2.1,"name":"fist_EF/R_attack_01ef"},{"time":2.2,"name":null},{"time":2.3,"name":null},{"time":3.5333,"name":"fist_EF/R_attack_03ef"},{"time":3.6,"name":null},{"time":3.9333,"name":null},{"time":4.3,"name":"fist_EF/R_back_00ef"},{"time":4.6,"name":"fist_EF/R_idle_03ef"},{"time":4.7,"name":"fist_EF/R_idle_08ef"},{"time":4.8333,"name":null}],"color":[{"time":0.1666,"color":"70efff00"},{"time":0.3333,"color":"70efffff","curve":"stepped"},{"time":0.6666,"color":"70efffff"},{"time":0.9666,"color":"70efff00"},{"time":1.0666,"color":"70efffff","curve":"stepped"},{"time":1.8333,"color":"70efffff"},{"time":2.1,"color":"70efff00","curve":"stepped"},{"time":2.2,"color":"70efff00"},{"time":2.3,"color":"70efffff","curve":"stepped"},{"time":2.8666,"color":"70efffff"},{"time":3.2666,"color":"70efff00","curve":"stepped"},{"time":3.5333,"color":"70efff00"},{"time":3.6,"color":"70efffff","curve":[0.25,0,0.746,0.08]},{"time":3.9333,"color":"70efff00","curve":"stepped"},{"time":4.0666,"color":"70efff00"},{"time":4.1333,"color":"70efffff"},{"time":4.6,"color":"70efff00"}]}},"bones":{"MAIN":{"rotate":[{"time":2.6333,"angle":0},{"time":2.7,"angle":-17.07,"curve":"stepped"},{"time":2.9333,"angle":0}],"translate":[{"time":0,"x":0,"y":0,"curve":"stepped"},{"time":0.1333,"x":-8.5,"y":0,"curve":"stepped"},{"time":0.2333,"x":-13.55,"y":0,"curve":[0.197,0.74,0.302,0.91]},{"time":0.5666,"x":-25,"y":0,"curve":"stepped"},{"time":0.7666,"x":5.41,"y":4.56},{"time":0.8333,"x":89.21,"y":32.38},{"time":0.9,"x":189.73,"y":7.6},{"time":0.9666,"x":250.8,"y":0},{"time":1.0333,"x":258.41,"y":0,"curve":"stepped"},{"time":1.0666,"x":120,"y":0,"curve":[0.068,1,0.75,1]},{"time":1.3,"x":-25,"y":0,"curve":"stepped"},{"time":1.5666,"x":-41.81,"y":0,"curve":[0.148,0.65,0.75,1]},{"time":1.7333,"x":-60,"y":0,"curve":"stepped"},{"time":1.9,"x":-9.8,"y":12.16},{"time":1.9666,"x":82.36,"y":35},{"time":2.0333,"x":197.34,"y":10.64},{"time":2.1,"x":270.57,"y":0},{"time":2.1666,"x":282.74,"y":0,"curve":"stepped"},{"time":2.2,"x":107.54,"y":0,"curve":[0.283,0.65,0.75,1]},{"time":2.4,"x":-71.56,"y":0,"curve":"stepped"},{"time":2.5,"x":-108,"y":16.6},{"time":2.6,"x":-139.14,"y":214.6},{"time":2.7,"x":-106.53,"y":412.6},{"time":2.8,"x":-75.04,"y":434.71},{"time":2.9666,"x":-26.55,"y":359.98},{"time":3.1666,"x":-9.82,"y":-8.06},{"time":3.2,"x":-9.82,"y":-2.83,"curve":[0.313,0.83,0.75,1]},{"time":3.4,"x":20,"y":0,"curve":"stepped"},{"time":3.6,"x":-74.79,"y":0},{"time":3.9333,"x":-1200,"y":0,"curve":"stepped"},{"time":4.0666,"x":1200,"y":0,"curve":[0.221,0.89,0.51,0.97]},{"time":4.3,"x":108.02,"y":0,"curve":[0.272,0.52,0.629,0.84]},{"time":4.5,"x":60,"y":0},{"time":4.6,"x":30,"y":25},{"time":4.7,"x":10,"y":0,"curve":[0.278,0.65,0.581,0.92]},{"time":4.8333,"x":0,"y":0}]},"EF_wave1_1":{"translate":[{"time":0.3333,"x":-421.5,"y":0,"curve":"stepped"},{"time":2.4666,"x":-473.96,"y":0,"curve":"stepped"},{"time":3.5333,"x":-380.2,"y":0}],"scale":[{"time":0.3333,"x":2.5,"y":2.5}]},"EF_dash1_1":{"translate":[{"time":0.3333,"x":-278,"y":0,"curve":"stepped"},{"time":2.5,"x":-360.66,"y":0,"curve":"stepped"},{"time":3.5666,"x":-228.4,"y":4.64}],"scale":[{"time":0.3333,"x":2,"y":2,"curve":"stepped"},{"time":3.5666,"x":3.5,"y":3.5}]},"EF_slash2_1":{"rotate":[{"time":0.4333,"angle":-25.45,"curve":"stepped"},{"time":1.2,"angle":-5.34}],"translate":[{"time":0.4333,"x":-254.34,"y":-15.21,"curve":"stepped"},{"time":1.2,"x":-246.81,"y":-14.53}],"scale":[{"time":0.4333,"x":2.5,"y":2.5,"curve":"stepped"},{"time":1.2,"x":2.5,"y":2.5}]},"EF_slash3_1":{"rotate":[{"time":1.5333,"angle":-80.51,"curve":"stepped"},{"time":2.5,"angle":-1.45}],"translate":[{"time":1.5333,"x":-314.39,"y":20.06,"curve":"stepped"},{"time":2.5,"x":-389.85,"y":139.86}],"scale":[{"time":1.5333,"x":2,"y":2,"curve":"stepped"},{"time":2.5,"x":4,"y":4}]},"EF_slash_rot1_1":{"translate":[{"time":3.2666,"x":-211.41,"y":76.31}],"scale":[{"time":3.2666,"x":1.128,"y":1.128}]},"EF_rotwave1_1":{"translate":[{"time":3.2,"x":-431.59,"y":0}],"scale":[{"time":3.2,"x":2,"y":2}]},"EF_wave1_2":{"translate":[{"time":1.5666,"x":-447.73,"y":0}],"scale":[{"time":1.5666,"x":2.5,"y":2.5}]},"EF_dash1_2":{"translate":[{"time":1.5666,"x":-299.43,"y":0}],"scale":[{"time":1.5666,"x":2,"y":2}]},"EF_aura1_1":{"translate":[{"time":0.2,"x":27.95,"y":12.53,"curve":"stepped"},{"time":0.2333,"x":52.05,"y":36.63,"curve":"stepped"},{"time":0.3333,"x":41.45,"y":-6.74,"curve":"stepped"},{"time":0.4,"x":-5.78,"y":26.99,"curve":"stepped"},{"time":0.4666,"x":-88.68,"y":-21.2,"curve":"stepped"},{"time":0.6666,"x":22.17,"y":16.38,"curve":"stepped"},{"time":0.7666,"x":30.84,"y":24.09,"curve":"stepped"},{"time":1,"x":26.02,"y":13.49,"curve":"stepped"},{"time":1.0666,"x":49.68,"y":32.93,"curve":"stepped"},{"time":1.1666,"x":-7.77,"y":27.01,"curve":"stepped"},{"time":1.2333,"x":-88.04,"y":-21.14,"curve":"stepped"},{"time":1.3666,"x":-11.99,"y":2.51,"curve":"stepped"},{"time":1.4333,"x":-11.15,"y":12.65,"curve":"stepped"},{"time":1.5666,"x":43.77,"y":38.84,"curve":"stepped"},{"time":1.6333,"x":37.85,"y":34.62,"curve":"stepped"},{"time":1.8333,"x":9.12,"y":8.42,"curve":"stepped"},{"time":1.9,"x":29.4,"y":21.1,"curve":"stepped"},{"time":2.5,"x":9.97,"y":65.88,"curve":"stepped"},{"time":2.9333,"x":13.14,"y":60.59,"curve":"stepped"},{"time":3,"x":-28.09,"y":56.36,"curve":"stepped"},{"time":3.0666,"x":-36.55,"y":4.55,"curve":"stepped"},{"time":3.5333,"x":38.97,"y":-6.23},{"time":3.6,"x":-65.28,"y":-1.92,"curve":"stepped"},{"time":4.3,"x":61.23,"y":20.78}]},"EF_aura1_2":{"translate":[{"time":2.2,"x":-32.95,"y":34.64,"curve":"stepped"},{"time":2.3,"x":-29.57,"y":-15.2,"curve":"stepped"},{"time":2.4,"x":-44.78,"y":-22.81}]},"DAMAGEAREA":{"translate":[{"time":0.5,"x":-129.16,"y":58.31,"curve":"stepped"},{"time":1.2333,"x":-129.16,"y":58.31,"curve":"stepped"},{"time":1.5666,"x":-129.16,"y":58.31,"curve":"stepped"},{"time":2.5,"x":-164.34,"y":85.93},{"time":2.6666,"x":-146.73,"y":321.51,"curve":"stepped"},{"time":3.6,"x":-67.29,"y":63.18},{"time":3.8666,"x":-471.41,"y":63.18},{"time":3.9,"x":-1146.36,"y":63.18}],"scale":[{"time":0.5,"x":1.552,"y":0.727,"curve":"stepped"},{"time":1.2333,"x":1.552,"y":0.877,"curve":"stepped"},{"time":1.5666,"x":1.552,"y":0.877,"curve":"stepped"},{"time":2.5,"x":1.88,"y":2.124},{"time":2.6666,"x":1.719,"y":3.288,"curve":"stepped"},{"time":3.6,"x":3.545,"y":2.048},{"time":3.8666,"x":6.259,"y":2.048}]}},"drawOrder":[{"time":0.5666,"offsets":[{"slot":"EF_slash2_1","offset":-12}]},{"time":1.1666},{"time":1.3,"offsets":[{"slot":"EF_slash2_1","offset":-12}]},{"time":2.2,"offsets":[{"slot":"EF_aura1_2","offset":-2},{"slot":"EF_slash2_1","offset":-12}]},{"time":3,"offsets":[{"slot":"EF_aura1_1","offset":0},{"slot":"EF_aura1_2","offset":-2},{"slot":"EF_slash2_1","offset":-12}]},{"time":3.0666,"offsets":[{"slot":"DotEF_U","offset":3},{"slot":"EF_aura1_2","offset":-2},{"slot":"EF_slash2_1","offset":-12}]}],"events":[{"time":0,"name":"Event","string":"runScript-takeAdditionalHitBuff"},{"time":0,"name":"Sound3","string":"setHitSound(se_battle_007_attack_hit_01)"},{"time":0,"name":"Voice","string":"cri_279_voice_fullarts_now"},{"time":0.0333,"name":"Event","string":"setHitEffect(hit04b,1,1,1)"},{"time":0.0666,"name":"Event","int":10,"string":"kImpactType_knock"},{"time":0.1,"name":"Event","string":"ignoreBorder_true"},{"time":0.1333,"name":"Event","string":"movePosition_Target(0.15,200,0)"},{"time":0.4,"name":"Event","string":"kHitStopType_normal"},{"time":0.4,"name":"Sound1","string":"cri_se_battle_skill_shot"},{"time":0.4,"name":"Sound2","string":"cri_se_battle_044_freeze"},{"time":0.4333,"name":"Event","string":"setHitStopTime(0.04,0.4)"},{"time":0.4666,"name":"Event","string":"setHitBackEnemy(80,0)"},{"time":0.5,"name":"Event","string":"shakeGround"},{"time":0.7666,"name":"Sound1","string":"cri_se_battle_jump"},{"time":0.9666,"name":"Sound1","string":"cri_se_battle_landing"},{"time":1.0666,"name":"Event","string":"movePosition_Target(0.1,180,0)"},{"time":1.1666,"name":"Sound1","string":"cri_se_battle_skill_shot"},{"time":1.1666,"name":"Sound2","string":"cri_se_battle_044_freeze"},{"time":1.2333,"name":"Event","int":1,"string":"kImpactType_normal"},{"time":1.2333,"name":"Hit","string":"resetHitList"},{"time":1.2666,"name":"Event","string":"shakeGround"},{"time":1.4666,"name":"Event","string":"setHitBackEnemy(80,0)"},{"time":1.4666,"name":"Sound1","string":"cri_se_battle_skill_shot"},{"time":1.4666,"name":"Sound2","string":"cri_se_battle_044_freeze"},{"time":1.5,"name":"Event","int":10,"string":"kImpactType_normal"},{"time":1.5333,"name":"Event","string":"setHitStopTime(0.02,0.8)"},{"time":1.5666,"name":"Event","float":1.6,"string":"shakeGround"},{"time":1.5666,"name":"Hit","string":"resetHitList"},{"time":1.9,"name":"Sound1","string":"cri_se_battle_jump"},{"time":2.1,"name":"Sound1","string":"cri_se_battle_landing"},{"time":2.2,"name":"Event","string":"movePosition_Target(0.2,200,0)"},{"time":2.4333,"name":"Event","string":"setHitStopTime(0.18,0.3)"},{"time":2.4666,"name":"Event","int":300,"string":"kImpactType_up"},{"time":2.4666,"name":"Sound1","string":"cri_se_battle_skill_swish"},{"time":2.4666,"name":"Sound2","string":"cri_se_battle_044_freeze"},{"time":2.5,"name":"Event2","float":1.2,"string":"shakeGround"},{"time":2.5,"name":"Hit","string":"resetHitList"},{"time":2.5666,"name":"Event","string":"setHitStopTime(0.02,0.3)"},{"time":2.5666,"name":"Event2","float":1.2,"string":"shakeGround"},{"time":2.5666,"name":"Hit","string":"resetHitList"},{"time":2.6333,"name":"Event2","float":1.2,"string":"shakeGround"},{"time":2.6333,"name":"Hit","string":"resetHitList"},{"time":2.7,"name":"Event2","float":1.2,"string":"shakeGround"},{"time":2.7,"name":"Hit","string":"resetHitList"},{"time":3.1666,"name":"Sound1","string":"cri_se_battle_landing"},{"time":3.1666,"name":"Voice","string":"cri_279_voice_fullarts_rank5"},{"time":3.5,"name":"Event","string":"movePosition_Target(0.1,200,0)"},{"time":3.5333,"name":"Event","string":"setHitStopTime(0.27,0.3)"},{"time":3.5666,"name":"Event","int":300,"string":"kHitType_normal"},{"time":3.6,"name":"Event","float":1.5,"string":"shakeGround"},{"time":3.6,"name":"Hit","string":"resetHitList"},{"time":3.6,"name":"Sound1","string":"cri_se_battle_skill_dash_ef"},{"time":3.6,"name":"Sound2","string":"cri_se_battle_044_freeze"},{"time":3.6666,"name":"Event","string":"setHitStopTime(0.01,0.1)"},{"time":3.6666,"name":"Hit","string":"resetHitList"},{"time":3.7333,"name":"Hit","string":"resetHitList"},{"time":3.8,"name":"Hit","string":"resetHitList"},{"time":4,"name":"Event","string":"setPosition_Center"},{"time":4.8333,"name":"Sound1","string":"cri_se_battle_landing"}]},"talk":{"slots":{"MAIN":{"attachment":[{"time":0,"name":"talk_01"},{"time":0.2333,"name":"talk_02"},{"time":0.4333,"name":"talk_03"},{"time":0.6666,"name":"talk_01"}]}},"bones":{"MAIN":{"translate":[{"time":0,"x":0,"y":0,"curve":"stepped"},{"time":0.6666,"x":0,"y":0}]}}}}}