{"skeleton":{"hash":"QVuxAgaaAh/pljKM9SbWU77ja9s","spine":"3.0.12","width":0,"height":0,"images":"./images_2/"},"bones":[{"name":"root","scaleX":1.036,"scaleY":1.036},{"name":"MAIN","parent":"root","x":5.4,"y":46.35}],"slots":[{"name":"MAIN","bone":"MAIN","attachment":"idle_00"}],"skins":{"default":{"MAIN":{"idle_00":{"x":8.35,"y":61.37,"width":400,"height":340},"idle_01":{"x":8.35,"y":61.37,"width":400,"height":340},"idle_02":{"x":8.35,"y":61.37,"width":400,"height":340},"idle_03":{"x":8.35,"y":61.37,"width":400,"height":340},"idle_04":{"x":8.35,"y":61.37,"width":400,"height":340}}}},"events":{"Event":{},"Event2":{"float":0.1,"string":"kHitStopType_normal"},"Hit":{},"Sound_1":{},"Sound_2":{},"Voice":{}},"animations":{"idle":{"slots":{"MAIN":{"attachment":[{"time":0,"name":"idle_00"},{"time":0.1666,"name":"idle_01"},{"time":0.3333,"name":"idle_02"},{"time":0.5,"name":"idle_03"},{"time":0.6666,"name":"idle_04"},{"time":0.8333,"name":"idle_00"}]}}}}}