{"skeleton":{"hash":"oHs/Dcq9bizbNtgeQAVrZBXUI7Q","spine":"3.0.12","width":0,"height":0},"bones":[{"name":"root"},{"name":"MAIN","parent":"root"},{"name":"EF_wind1_1","parent":"MAIN","x":250,"y":150},{"name":"EF_wave1_1","parent":"MAIN","x":200,"y":50},{"name":"EF_smoke1_1","parent":"MAIN","x":150},{"name":"EF_shot2_1","parent":"MAIN","x":200,"y":100},{"name":"EF_shot1_9","parent":"MAIN","x":250,"y":100,"rotation":180},{"name":"EF_shot1_8","parent":"MAIN","x":250,"y":100,"rotation":180},{"name":"EF_shot1_7","parent":"MAIN","x":250,"y":100,"rotation":180},{"name":"EF_shot1_6","parent":"MAIN","x":250,"y":100,"rotation":180},{"name":"EF_shot1_5","parent":"MAIN","x":250,"y":100,"rotation":180},{"name":"EF_shot1_4","parent":"MAIN","x":250,"y":100,"rotation":180},{"name":"EF_shot1_3","parent":"MAIN","x":250,"y":100,"rotation":180},{"name":"EF_shot1_2","parent":"MAIN","x":250,"y":100,"rotation":180},{"name":"EF_shot1_1","parent":"MAIN","x":250,"y":100,"rotation":180},{"name":"EF_shine1_1","parent":"MAIN","x":250,"y":50},{"name":"EF_rainparticle1_6","parent":"MAIN","x":150,"y":50},{"name":"EF_rainparticle1_5","parent":"MAIN","x":150,"y":50},{"name":"EF_rainparticle1_4","parent":"MAIN","x":150,"y":50},{"name":"EF_rainparticle1_3","parent":"MAIN","x":150,"y":50},{"name":"EF_rainparticle1_2","parent":"MAIN","x":150,"y":50},{"name":"EF_rainparticle1_1","parent":"MAIN","x":150,"y":50},{"name":"EF_explosion1_1","parent":"MAIN","x":200,"y":150},{"name":"EF_energyball1_1","parent":"MAIN","x":150,"y":150},{"name":"EF_dust1_1","parent":"MAIN","x":200},{"name":"EF_butterfly1_6","parent":"MAIN","x":150,"y":100},{"name":"EF_butterfly1_5","parent":"MAIN","x":150,"y":100},{"name":"EF_butterfly1_4","parent":"MAIN","x":150,"y":100},{"name":"EF_butterfly1_3","parent":"MAIN","x":150,"y":100},{"name":"EF_butterfly1_2","parent":"MAIN","x":150,"y":100},{"name":"EF_butterfly1_1","parent":"MAIN","x":150,"y":100},{"name":"DAMAGEAREA","parent":"root"}],"slots":[{"name":"EF_smoke1_1","bone":"EF_smoke1_1","blend":"additive"},{"name":"EF_butterfly1_1","bone":"EF_butterfly1_1","blend":"additive"},{"name":"EF_butterfly1_2","bone":"EF_butterfly1_2","blend":"additive"},{"name":"EF_butterfly1_3","bone":"EF_butterfly1_3","blend":"additive"},{"name":"EF_butterfly1_4","bone":"EF_butterfly1_4","blend":"additive"},{"name":"EF_butterfly1_5","bone":"EF_butterfly1_5","blend":"additive"},{"name":"EF_butterfly1_6","bone":"EF_butterfly1_6","blend":"additive"},{"name":"EF_energyball1_1","bone":"EF_energyball1_1","blend":"additive"},{"name":"EF_explosion1_1","bone":"EF_explosion1_1","blend":"additive"},{"name":"EF_shot1_1","bone":"EF_shot1_1","blend":"additive"},{"name":"EF_shot1_2","bone":"EF_shot1_2","blend":"additive"},{"name":"EF_shot1_3","bone":"EF_shot1_3","blend":"additive"},{"name":"EF_shot1_4","bone":"EF_shot1_4","blend":"additive"},{"name":"EF_shot1_5","bone":"EF_shot1_5","blend":"additive"},{"name":"EF_shot1_6","bone":"EF_shot1_6","blend":"additive"},{"name":"EF_shot1_7","bone":"EF_shot1_7","blend":"additive"},{"name":"EF_shot1_8","bone":"EF_shot1_8","blend":"additive"},{"name":"EF_shot1_9","bone":"EF_shot1_9","blend":"additive"},{"name":"EF_dust1_1","bone":"EF_dust1_1","blend":"additive"},{"name":"EF_rainparticle1_1","bone":"EF_rainparticle1_1","blend":"additive"},{"name":"EF_rainparticle1_2","bone":"EF_rainparticle1_2","blend":"additive"},{"name":"EF_rainparticle1_3","bone":"EF_rainparticle1_3","blend":"additive"},{"name":"EF_rainparticle1_4","bone":"EF_rainparticle1_4","blend":"additive"},{"name":"EF_rainparticle1_5","bone":"EF_rainparticle1_5","blend":"additive"},{"name":"EF_rainparticle1_6","bone":"EF_rainparticle1_6","blend":"additive"},{"name":"EF_shot2_1","bone":"EF_shot2_1","blend":"additive"},{"name":"EF_wave1_1","bone":"EF_wave1_1","blend":"additive"},{"name":"EF_shine1_1","bone":"EF_shine1_1","blend":"additive"},{"name":"EF_wind1_1","bone":"EF_wind1_1","blend":"additive"},{"name":"DAMAGEAREA","bone":"DAMAGEAREA"}],"skins":{"default":{"DAMAGEAREA":{"DAMAGEAREA":{"type":"boundingbox","vertices":[-64.16432,-64.04733,64.48568,-64.04733,64.13444,63.72719,-63.87554,63.72719]}},"EF_butterfly1_1":{"EF/ef_cyo_main/ef_cyo_main_00002":{"x":-90.01,"y":79.62,"width":280,"height":240},"EF/ef_cyo_main/ef_cyo_main_00005":{"x":-90.01,"y":79.62,"width":280,"height":240},"EF/ef_cyo_main/ef_cyo_main_00007":{"x":-90.01,"y":79.62,"width":280,"height":240},"EF/ef_cyo_main/ef_cyo_main_00009":{"x":-90.01,"y":79.62,"width":280,"height":240},"EF/ef_cyo_main/ef_cyo_main_00011":{"x":-90.01,"y":79.62,"width":280,"height":240},"EF/ef_cyo_main/ef_cyo_main_00013":{"x":-90.01,"y":79.62,"width":280,"height":240},"EF/ef_cyo_main/ef_cyo_main_00015":{"x":-90.01,"y":79.62,"width":280,"height":240},"EF/ef_cyo_main/ef_cyo_main_00017":{"x":-90.01,"y":79.62,"width":280,"height":240},"EF/ef_cyo_main/ef_cyo_main_00019":{"x":-90.01,"y":79.62,"width":280,"height":240},"EF/ef_cyo_main/ef_cyo_main_00021":{"x":-90.01,"y":79.62,"width":280,"height":240},"EF/ef_cyo_main/ef_cyo_main_00023":{"x":-90.01,"y":79.62,"width":280,"height":240},"EF/ef_cyo_main/ef_cyo_main_00025":{"x":-90.01,"y":79.62,"width":280,"height":240},"EF/ef_cyo_main/ef_cyo_main_00027":{"x":-90.01,"y":79.62,"width":280,"height":240},"EF/ef_cyo_main/ef_cyo_main_00029":{"x":-90.01,"y":79.62,"width":280,"height":240},"EF/ef_cyo_main/ef_cyo_main_00031":{"x":-90.01,"y":79.62,"width":280,"height":240},"EF/ef_cyo_main/ef_cyo_main_00033":{"x":-90.01,"y":79.62,"width":280,"height":240},"EF/ef_cyo_main/ef_cyo_main_00035":{"x":-90.01,"y":79.62,"width":280,"height":240},"EF/ef_cyo_main/ef_cyo_main_00037":{"x":-90.01,"y":79.62,"width":280,"height":240},"EF/ef_cyo_main/ef_cyo_main_00039":{"x":-90.01,"y":79.62,"width":280,"height":240},"EF/ef_cyo_main/ef_cyo_main_00041":{"x":-90.01,"y":79.62,"width":280,"height":240},"EF/ef_cyo_main/ef_cyo_main_00043":{"x":-90.01,"y":79.62,"width":280,"height":240},"EF/ef_cyo_main/ef_cyo_main_00045":{"x":-90.01,"y":79.62,"width":280,"height":240},"EF/ef_cyo_main/ef_cyo_main_00047":{"x":-90.01,"y":79.62,"width":280,"height":240},"EF/ef_cyo_main/ef_cyo_main_00049":{"x":-90.01,"y":79.62,"width":280,"height":240}},"EF_butterfly1_2":{"EF/ef_cyo_main/ef_cyo_main_00002":{"x":-90.01,"y":79.62,"width":280,"height":240},"EF/ef_cyo_main/ef_cyo_main_00005":{"x":-90.01,"y":79.62,"width":280,"height":240},"EF/ef_cyo_main/ef_cyo_main_00007":{"x":-90.01,"y":79.62,"width":280,"height":240},"EF/ef_cyo_main/ef_cyo_main_00009":{"x":-90.01,"y":79.62,"width":280,"height":240},"EF/ef_cyo_main/ef_cyo_main_00011":{"x":-90.01,"y":79.62,"width":280,"height":240},"EF/ef_cyo_main/ef_cyo_main_00013":{"x":-90.01,"y":79.62,"width":280,"height":240},"EF/ef_cyo_main/ef_cyo_main_00015":{"x":-90.01,"y":79.62,"width":280,"height":240},"EF/ef_cyo_main/ef_cyo_main_00017":{"x":-90.01,"y":79.62,"width":280,"height":240},"EF/ef_cyo_main/ef_cyo_main_00019":{"x":-90.01,"y":79.62,"width":280,"height":240},"EF/ef_cyo_main/ef_cyo_main_00021":{"x":-90.01,"y":79.62,"width":280,"height":240},"EF/ef_cyo_main/ef_cyo_main_00023":{"x":-90.01,"y":79.62,"width":280,"height":240},"EF/ef_cyo_main/ef_cyo_main_00025":{"x":-90.01,"y":79.62,"width":280,"height":240},"EF/ef_cyo_main/ef_cyo_main_00027":{"x":-90.01,"y":79.62,"width":280,"height":240},"EF/ef_cyo_main/ef_cyo_main_00029":{"x":-90.01,"y":79.62,"width":280,"height":240},"EF/ef_cyo_main/ef_cyo_main_00031":{"x":-90.01,"y":79.62,"width":280,"height":240},"EF/ef_cyo_main/ef_cyo_main_00033":{"x":-90.01,"y":79.62,"width":280,"height":240},"EF/ef_cyo_main/ef_cyo_main_00035":{"x":-90.01,"y":79.62,"width":280,"height":240},"EF/ef_cyo_main/ef_cyo_main_00037":{"x":-90.01,"y":79.62,"width":280,"height":240},"EF/ef_cyo_main/ef_cyo_main_00039":{"x":-90.01,"y":79.62,"width":280,"height":240},"EF/ef_cyo_main/ef_cyo_main_00041":{"x":-90.01,"y":79.62,"width":280,"height":240},"EF/ef_cyo_main/ef_cyo_main_00043":{"x":-90.01,"y":79.62,"width":280,"height":240},"EF/ef_cyo_main/ef_cyo_main_00045":{"x":-90.01,"y":79.62,"width":280,"height":240},"EF/ef_cyo_main/ef_cyo_main_00047":{"x":-90.01,"y":79.62,"width":280,"height":240},"EF/ef_cyo_main/ef_cyo_main_00049":{"x":-90.01,"y":79.62,"width":280,"height":240}},"EF_butterfly1_3":{"EF/ef_cyo_main/ef_cyo_main_00002":{"x":-90.01,"y":79.62,"width":280,"height":240},"EF/ef_cyo_main/ef_cyo_main_00005":{"x":-90.01,"y":79.62,"width":280,"height":240},"EF/ef_cyo_main/ef_cyo_main_00007":{"x":-90.01,"y":79.62,"width":280,"height":240},"EF/ef_cyo_main/ef_cyo_main_00009":{"x":-90.01,"y":79.62,"width":280,"height":240},"EF/ef_cyo_main/ef_cyo_main_00011":{"x":-90.01,"y":79.62,"width":280,"height":240},"EF/ef_cyo_main/ef_cyo_main_00013":{"x":-90.01,"y":79.62,"width":280,"height":240},"EF/ef_cyo_main/ef_cyo_main_00015":{"x":-90.01,"y":79.62,"width":280,"height":240},"EF/ef_cyo_main/ef_cyo_main_00017":{"x":-90.01,"y":79.62,"width":280,"height":240},"EF/ef_cyo_main/ef_cyo_main_00019":{"x":-90.01,"y":79.62,"width":280,"height":240},"EF/ef_cyo_main/ef_cyo_main_00021":{"x":-90.01,"y":79.62,"width":280,"height":240},"EF/ef_cyo_main/ef_cyo_main_00023":{"x":-90.01,"y":79.62,"width":280,"height":240},"EF/ef_cyo_main/ef_cyo_main_00025":{"x":-90.01,"y":79.62,"width":280,"height":240},"EF/ef_cyo_main/ef_cyo_main_00027":{"x":-90.01,"y":79.62,"width":280,"height":240},"EF/ef_cyo_main/ef_cyo_main_00029":{"x":-90.01,"y":79.62,"width":280,"height":240},"EF/ef_cyo_main/ef_cyo_main_00031":{"x":-90.01,"y":79.62,"width":280,"height":240},"EF/ef_cyo_main/ef_cyo_main_00033":{"x":-90.01,"y":79.62,"width":280,"height":240},"EF/ef_cyo_main/ef_cyo_main_00035":{"x":-90.01,"y":79.62,"width":280,"height":240},"EF/ef_cyo_main/ef_cyo_main_00037":{"x":-90.01,"y":79.62,"width":280,"height":240},"EF/ef_cyo_main/ef_cyo_main_00039":{"x":-90.01,"y":79.62,"width":280,"height":240},"EF/ef_cyo_main/ef_cyo_main_00041":{"x":-90.01,"y":79.62,"width":280,"height":240},"EF/ef_cyo_main/ef_cyo_main_00043":{"x":-90.01,"y":79.62,"width":280,"height":240},"EF/ef_cyo_main/ef_cyo_main_00045":{"x":-90.01,"y":79.62,"width":280,"height":240},"EF/ef_cyo_main/ef_cyo_main_00047":{"x":-90.01,"y":79.62,"width":280,"height":240},"EF/ef_cyo_main/ef_cyo_main_00049":{"x":-90.01,"y":79.62,"width":280,"height":240}},"EF_butterfly1_4":{"EF/ef_cyo_main/ef_cyo_main_00002":{"x":-90.01,"y":79.62,"width":280,"height":240},"EF/ef_cyo_main/ef_cyo_main_00005":{"x":-90.01,"y":79.62,"width":280,"height":240},"EF/ef_cyo_main/ef_cyo_main_00007":{"x":-90.01,"y":79.62,"width":280,"height":240},"EF/ef_cyo_main/ef_cyo_main_00009":{"x":-90.01,"y":79.62,"width":280,"height":240},"EF/ef_cyo_main/ef_cyo_main_00011":{"x":-90.01,"y":79.62,"width":280,"height":240},"EF/ef_cyo_main/ef_cyo_main_00013":{"x":-90.01,"y":79.62,"width":280,"height":240},"EF/ef_cyo_main/ef_cyo_main_00015":{"x":-90.01,"y":79.62,"width":280,"height":240},"EF/ef_cyo_main/ef_cyo_main_00017":{"x":-90.01,"y":79.62,"width":280,"height":240},"EF/ef_cyo_main/ef_cyo_main_00019":{"x":-90.01,"y":79.62,"width":280,"height":240},"EF/ef_cyo_main/ef_cyo_main_00021":{"x":-90.01,"y":79.62,"width":280,"height":240},"EF/ef_cyo_main/ef_cyo_main_00023":{"x":-90.01,"y":79.62,"width":280,"height":240},"EF/ef_cyo_main/ef_cyo_main_00025":{"x":-90.01,"y":79.62,"width":280,"height":240},"EF/ef_cyo_main/ef_cyo_main_00027":{"x":-90.01,"y":79.62,"width":280,"height":240},"EF/ef_cyo_main/ef_cyo_main_00029":{"x":-90.01,"y":79.62,"width":280,"height":240},"EF/ef_cyo_main/ef_cyo_main_00031":{"x":-90.01,"y":79.62,"width":280,"height":240},"EF/ef_cyo_main/ef_cyo_main_00033":{"x":-90.01,"y":79.62,"width":280,"height":240},"EF/ef_cyo_main/ef_cyo_main_00035":{"x":-90.01,"y":79.62,"width":280,"height":240},"EF/ef_cyo_main/ef_cyo_main_00037":{"x":-90.01,"y":79.62,"width":280,"height":240},"EF/ef_cyo_main/ef_cyo_main_00039":{"x":-90.01,"y":79.62,"width":280,"height":240},"EF/ef_cyo_main/ef_cyo_main_00041":{"x":-90.01,"y":79.62,"width":280,"height":240},"EF/ef_cyo_main/ef_cyo_main_00043":{"x":-90.01,"y":79.62,"width":280,"height":240},"EF/ef_cyo_main/ef_cyo_main_00045":{"x":-90.01,"y":79.62,"width":280,"height":240},"EF/ef_cyo_main/ef_cyo_main_00047":{"x":-90.01,"y":79.62,"width":280,"height":240},"EF/ef_cyo_main/ef_cyo_main_00049":{"x":-90.01,"y":79.62,"width":280,"height":240}},"EF_butterfly1_5":{"EF/ef_cyo_main/ef_cyo_main_00002":{"x":-90.01,"y":79.62,"width":280,"height":240},"EF/ef_cyo_main/ef_cyo_main_00005":{"x":-90.01,"y":79.62,"width":280,"height":240},"EF/ef_cyo_main/ef_cyo_main_00007":{"x":-90.01,"y":79.62,"width":280,"height":240},"EF/ef_cyo_main/ef_cyo_main_00009":{"x":-90.01,"y":79.62,"width":280,"height":240},"EF/ef_cyo_main/ef_cyo_main_00011":{"x":-90.01,"y":79.62,"width":280,"height":240},"EF/ef_cyo_main/ef_cyo_main_00013":{"x":-90.01,"y":79.62,"width":280,"height":240},"EF/ef_cyo_main/ef_cyo_main_00015":{"x":-90.01,"y":79.62,"width":280,"height":240},"EF/ef_cyo_main/ef_cyo_main_00017":{"x":-90.01,"y":79.62,"width":280,"height":240},"EF/ef_cyo_main/ef_cyo_main_00019":{"x":-90.01,"y":79.62,"width":280,"height":240},"EF/ef_cyo_main/ef_cyo_main_00021":{"x":-90.01,"y":79.62,"width":280,"height":240},"EF/ef_cyo_main/ef_cyo_main_00023":{"x":-90.01,"y":79.62,"width":280,"height":240},"EF/ef_cyo_main/ef_cyo_main_00025":{"x":-90.01,"y":79.62,"width":280,"height":240},"EF/ef_cyo_main/ef_cyo_main_00027":{"x":-90.01,"y":79.62,"width":280,"height":240},"EF/ef_cyo_main/ef_cyo_main_00029":{"x":-90.01,"y":79.62,"width":280,"height":240},"EF/ef_cyo_main/ef_cyo_main_00031":{"x":-90.01,"y":79.62,"width":280,"height":240},"EF/ef_cyo_main/ef_cyo_main_00033":{"x":-90.01,"y":79.62,"width":280,"height":240},"EF/ef_cyo_main/ef_cyo_main_00035":{"x":-90.01,"y":79.62,"width":280,"height":240},"EF/ef_cyo_main/ef_cyo_main_00037":{"x":-90.01,"y":79.62,"width":280,"height":240},"EF/ef_cyo_main/ef_cyo_main_00039":{"x":-90.01,"y":79.62,"width":280,"height":240},"EF/ef_cyo_main/ef_cyo_main_00041":{"x":-90.01,"y":79.62,"width":280,"height":240},"EF/ef_cyo_main/ef_cyo_main_00043":{"x":-90.01,"y":79.62,"width":280,"height":240},"EF/ef_cyo_main/ef_cyo_main_00045":{"x":-90.01,"y":79.62,"width":280,"height":240},"EF/ef_cyo_main/ef_cyo_main_00047":{"x":-90.01,"y":79.62,"width":280,"height":240},"EF/ef_cyo_main/ef_cyo_main_00049":{"x":-90.01,"y":79.62,"width":280,"height":240}},"EF_butterfly1_6":{"EF/ef_cyo_main/ef_cyo_main_00002":{"x":-90.01,"y":79.62,"width":280,"height":240},"EF/ef_cyo_main/ef_cyo_main_00005":{"x":-90.01,"y":79.62,"width":280,"height":240},"EF/ef_cyo_main/ef_cyo_main_00007":{"x":-90.01,"y":79.62,"width":280,"height":240},"EF/ef_cyo_main/ef_cyo_main_00009":{"x":-90.01,"y":79.62,"width":280,"height":240},"EF/ef_cyo_main/ef_cyo_main_00011":{"x":-90.01,"y":79.62,"width":280,"height":240},"EF/ef_cyo_main/ef_cyo_main_00013":{"x":-90.01,"y":79.62,"width":280,"height":240},"EF/ef_cyo_main/ef_cyo_main_00015":{"x":-90.01,"y":79.62,"width":280,"height":240},"EF/ef_cyo_main/ef_cyo_main_00017":{"x":-90.01,"y":79.62,"width":280,"height":240},"EF/ef_cyo_main/ef_cyo_main_00019":{"x":-90.01,"y":79.62,"width":280,"height":240},"EF/ef_cyo_main/ef_cyo_main_00021":{"x":-90.01,"y":79.62,"width":280,"height":240},"EF/ef_cyo_main/ef_cyo_main_00023":{"x":-90.01,"y":79.62,"width":280,"height":240},"EF/ef_cyo_main/ef_cyo_main_00025":{"x":-90.01,"y":79.62,"width":280,"height":240},"EF/ef_cyo_main/ef_cyo_main_00027":{"x":-90.01,"y":79.62,"width":280,"height":240},"EF/ef_cyo_main/ef_cyo_main_00029":{"x":-90.01,"y":79.62,"width":280,"height":240},"EF/ef_cyo_main/ef_cyo_main_00031":{"x":-90.01,"y":79.62,"width":280,"height":240},"EF/ef_cyo_main/ef_cyo_main_00033":{"x":-90.01,"y":79.62,"width":280,"height":240},"EF/ef_cyo_main/ef_cyo_main_00035":{"x":-90.01,"y":79.62,"width":280,"height":240},"EF/ef_cyo_main/ef_cyo_main_00037":{"x":-90.01,"y":79.62,"width":280,"height":240},"EF/ef_cyo_main/ef_cyo_main_00039":{"x":-90.01,"y":79.62,"width":280,"height":240},"EF/ef_cyo_main/ef_cyo_main_00041":{"x":-90.01,"y":79.62,"width":280,"height":240},"EF/ef_cyo_main/ef_cyo_main_00043":{"x":-90.01,"y":79.62,"width":280,"height":240},"EF/ef_cyo_main/ef_cyo_main_00045":{"x":-90.01,"y":79.62,"width":280,"height":240},"EF/ef_cyo_main/ef_cyo_main_00047":{"x":-90.01,"y":79.62,"width":280,"height":240},"EF/ef_cyo_main/ef_cyo_main_00049":{"x":-90.01,"y":79.62,"width":280,"height":240}},"EF_dust1_1":{"EF/ef_tuti_green/ef_tuti_green_00001":{"y":11.53,"width":240,"height":150},"EF/ef_tuti_green/ef_tuti_green_00002":{"y":11.53,"width":240,"height":150},"EF/ef_tuti_green/ef_tuti_green_00003":{"y":11.53,"width":240,"height":150},"EF/ef_tuti_green/ef_tuti_green_00004":{"y":11.53,"width":240,"height":150},"EF/ef_tuti_green/ef_tuti_green_00005":{"y":11.53,"width":240,"height":150},"EF/ef_tuti_green/ef_tuti_green_00006":{"y":11.53,"width":240,"height":150},"EF/ef_tuti_green/ef_tuti_green_00007":{"y":11.53,"width":240,"height":150},"EF/ef_tuti_green/ef_tuti_green_00008":{"y":11.53,"width":240,"height":150},"EF/ef_tuti_green/ef_tuti_green_00009":{"y":11.53,"width":240,"height":150},"EF/ef_tuti_green/ef_tuti_green_00010":{"y":11.53,"width":240,"height":150},"EF/ef_tuti_green/ef_tuti_green_00011":{"y":11.53,"width":240,"height":150},"EF/ef_tuti_green/ef_tuti_green_00012":{"y":11.53,"width":240,"height":150},"EF/ef_tuti_green/ef_tuti_green_00013":{"y":11.53,"width":240,"height":150},"EF/ef_tuti_green/ef_tuti_green_00014":{"y":11.53,"width":240,"height":150},"EF/ef_tuti_green/ef_tuti_green_00015":{"y":11.53,"width":240,"height":150},"EF/ef_tuti_green/ef_tuti_green_00016":{"y":11.53,"width":240,"height":150},"EF/ef_tuti_green/ef_tuti_green_00017":{"y":11.53,"width":240,"height":150}},"EF_energyball1_1":{"EF/ef_energy_ball_main/ef_energy_ball_main_00005":{"width":200,"height":200},"EF/ef_energy_ball_main/ef_energy_ball_main_00006":{"width":200,"height":200},"EF/ef_energy_ball_main/ef_energy_ball_main_00008":{"width":200,"height":200},"EF/ef_energy_ball_main/ef_energy_ball_main_00010":{"width":200,"height":200},"EF/ef_energy_ball_main/ef_energy_ball_main_00012":{"width":200,"height":200},"EF/ef_energy_ball_main/ef_energy_ball_main_00014":{"width":200,"height":200},"EF/ef_energy_ball_main/ef_energy_ball_main_00016":{"width":200,"height":200},"EF/ef_energy_ball_main/ef_energy_ball_main_00018":{"width":200,"height":200},"EF/ef_energy_ball_main/ef_energy_ball_main_00020":{"width":200,"height":200}},"EF_explosion1_1":{"EF/ef_explosion/ef_energy_ball_main_00052":{"width":140,"height":140},"EF/ef_explosion/ef_energy_ball_main_00053":{"width":140,"height":140},"EF/ef_explosion/ef_energy_ball_main_00054":{"width":140,"height":140},"EF/ef_explosion/ef_energy_ball_main_00056":{"width":140,"height":140},"EF/ef_explosion/ef_energy_ball_main_00058":{"width":140,"height":140},"EF/ef_explosion/ef_energy_ball_main_00060":{"width":140,"height":140},"EF/ef_explosion/ef_energy_ball_main_00062":{"width":140,"height":140},"EF/ef_explosion/ef_energy_ball_main_00063":{"width":140,"height":140}},"EF_rainparticle1_1":{"EF/ef_rain_particle_main/ef_rain_particle_main_00001":{"x":24.23,"y":-32.88,"width":200,"height":200},"EF/ef_rain_particle_main/ef_rain_particle_main_00003":{"x":24.23,"y":-32.88,"width":200,"height":200},"EF/ef_rain_particle_main/ef_rain_particle_main_00005":{"x":24.23,"y":-32.88,"width":200,"height":200},"EF/ef_rain_particle_main/ef_rain_particle_main_00007":{"x":24.23,"y":-32.88,"width":200,"height":200},"EF/ef_rain_particle_main/ef_rain_particle_main_00009":{"x":24.23,"y":-32.88,"width":200,"height":200},"EF/ef_rain_particle_main/ef_rain_particle_main_00011":{"x":24.23,"y":-32.88,"width":200,"height":200},"EF/ef_rain_particle_main/ef_rain_particle_main_00013":{"x":24.23,"y":-32.88,"width":200,"height":200},"EF/ef_rain_particle_main/ef_rain_particle_main_00015":{"x":24.23,"y":-32.88,"width":200,"height":200},"EF/ef_rain_particle_main/ef_rain_particle_main_00017":{"x":24.23,"y":-32.88,"width":200,"height":200},"EF/ef_rain_particle_main/ef_rain_particle_main_00019":{"x":24.23,"y":-32.88,"width":200,"height":200},"EF/ef_rain_particle_main/ef_rain_particle_main_00021":{"x":24.23,"y":-32.88,"width":200,"height":200},"EF/ef_rain_particle_main/ef_rain_particle_main_00023":{"x":24.23,"y":-32.88,"width":200,"height":200},"EF/ef_rain_particle_main/ef_rain_particle_main_00025":{"x":24.23,"y":-32.88,"width":200,"height":200},"EF/ef_rain_particle_main/ef_rain_particle_main_00027":{"x":24.23,"y":-32.88,"width":200,"height":200},"EF/ef_rain_particle_main/ef_rain_particle_main_00029":{"x":24.23,"y":-32.88,"width":200,"height":200}},"EF_rainparticle1_2":{"EF/ef_rain_particle_main/ef_rain_particle_main_00001":{"x":24.23,"y":-32.88,"width":200,"height":200},"EF/ef_rain_particle_main/ef_rain_particle_main_00003":{"x":24.23,"y":-32.88,"width":200,"height":200},"EF/ef_rain_particle_main/ef_rain_particle_main_00005":{"x":24.23,"y":-32.88,"width":200,"height":200},"EF/ef_rain_particle_main/ef_rain_particle_main_00007":{"x":24.23,"y":-32.88,"width":200,"height":200},"EF/ef_rain_particle_main/ef_rain_particle_main_00009":{"x":24.23,"y":-32.88,"width":200,"height":200},"EF/ef_rain_particle_main/ef_rain_particle_main_00011":{"x":24.23,"y":-32.88,"width":200,"height":200},"EF/ef_rain_particle_main/ef_rain_particle_main_00013":{"x":24.23,"y":-32.88,"width":200,"height":200},"EF/ef_rain_particle_main/ef_rain_particle_main_00015":{"x":24.23,"y":-32.88,"width":200,"height":200},"EF/ef_rain_particle_main/ef_rain_particle_main_00017":{"x":24.23,"y":-32.88,"width":200,"height":200},"EF/ef_rain_particle_main/ef_rain_particle_main_00019":{"x":24.23,"y":-32.88,"width":200,"height":200},"EF/ef_rain_particle_main/ef_rain_particle_main_00021":{"x":24.23,"y":-32.88,"width":200,"height":200},"EF/ef_rain_particle_main/ef_rain_particle_main_00023":{"x":24.23,"y":-32.88,"width":200,"height":200},"EF/ef_rain_particle_main/ef_rain_particle_main_00025":{"x":24.23,"y":-32.88,"width":200,"height":200},"EF/ef_rain_particle_main/ef_rain_particle_main_00027":{"x":24.23,"y":-32.88,"width":200,"height":200},"EF/ef_rain_particle_main/ef_rain_particle_main_00029":{"x":24.23,"y":-32.88,"width":200,"height":200}},"EF_rainparticle1_3":{"EF/ef_rain_particle_main/ef_rain_particle_main_00001":{"x":24.23,"y":-32.88,"width":200,"height":200},"EF/ef_rain_particle_main/ef_rain_particle_main_00003":{"x":24.23,"y":-32.88,"width":200,"height":200},"EF/ef_rain_particle_main/ef_rain_particle_main_00005":{"x":24.23,"y":-32.88,"width":200,"height":200},"EF/ef_rain_particle_main/ef_rain_particle_main_00007":{"x":24.23,"y":-32.88,"width":200,"height":200},"EF/ef_rain_particle_main/ef_rain_particle_main_00009":{"x":24.23,"y":-32.88,"width":200,"height":200},"EF/ef_rain_particle_main/ef_rain_particle_main_00011":{"x":24.23,"y":-32.88,"width":200,"height":200},"EF/ef_rain_particle_main/ef_rain_particle_main_00013":{"x":24.23,"y":-32.88,"width":200,"height":200},"EF/ef_rain_particle_main/ef_rain_particle_main_00015":{"x":24.23,"y":-32.88,"width":200,"height":200},"EF/ef_rain_particle_main/ef_rain_particle_main_00017":{"x":24.23,"y":-32.88,"width":200,"height":200},"EF/ef_rain_particle_main/ef_rain_particle_main_00019":{"x":24.23,"y":-32.88,"width":200,"height":200},"EF/ef_rain_particle_main/ef_rain_particle_main_00021":{"x":24.23,"y":-32.88,"width":200,"height":200},"EF/ef_rain_particle_main/ef_rain_particle_main_00023":{"x":24.23,"y":-32.88,"width":200,"height":200},"EF/ef_rain_particle_main/ef_rain_particle_main_00025":{"x":24.23,"y":-32.88,"width":200,"height":200},"EF/ef_rain_particle_main/ef_rain_particle_main_00027":{"x":24.23,"y":-32.88,"width":200,"height":200},"EF/ef_rain_particle_main/ef_rain_particle_main_00029":{"x":24.23,"y":-32.88,"width":200,"height":200}},"EF_rainparticle1_4":{"EF/ef_rain_particle_main/ef_rain_particle_main_00001":{"x":24.23,"y":-32.88,"width":200,"height":200},"EF/ef_rain_particle_main/ef_rain_particle_main_00003":{"x":24.23,"y":-32.88,"width":200,"height":200},"EF/ef_rain_particle_main/ef_rain_particle_main_00005":{"x":24.23,"y":-32.88,"width":200,"height":200},"EF/ef_rain_particle_main/ef_rain_particle_main_00007":{"x":24.23,"y":-32.88,"width":200,"height":200},"EF/ef_rain_particle_main/ef_rain_particle_main_00009":{"x":24.23,"y":-32.88,"width":200,"height":200},"EF/ef_rain_particle_main/ef_rain_particle_main_00011":{"x":24.23,"y":-32.88,"width":200,"height":200},"EF/ef_rain_particle_main/ef_rain_particle_main_00013":{"x":24.23,"y":-32.88,"width":200,"height":200},"EF/ef_rain_particle_main/ef_rain_particle_main_00015":{"x":24.23,"y":-32.88,"width":200,"height":200},"EF/ef_rain_particle_main/ef_rain_particle_main_00017":{"x":24.23,"y":-32.88,"width":200,"height":200},"EF/ef_rain_particle_main/ef_rain_particle_main_00019":{"x":24.23,"y":-32.88,"width":200,"height":200},"EF/ef_rain_particle_main/ef_rain_particle_main_00021":{"x":24.23,"y":-32.88,"width":200,"height":200},"EF/ef_rain_particle_main/ef_rain_particle_main_00023":{"x":24.23,"y":-32.88,"width":200,"height":200},"EF/ef_rain_particle_main/ef_rain_particle_main_00025":{"x":24.23,"y":-32.88,"width":200,"height":200},"EF/ef_rain_particle_main/ef_rain_particle_main_00027":{"x":24.23,"y":-32.88,"width":200,"height":200},"EF/ef_rain_particle_main/ef_rain_particle_main_00029":{"x":24.23,"y":-32.88,"width":200,"height":200}},"EF_rainparticle1_5":{"EF/ef_rain_particle_main/ef_rain_particle_main_00001":{"x":24.23,"y":-32.88,"width":200,"height":200},"EF/ef_rain_particle_main/ef_rain_particle_main_00003":{"x":24.23,"y":-32.88,"width":200,"height":200},"EF/ef_rain_particle_main/ef_rain_particle_main_00005":{"x":24.23,"y":-32.88,"width":200,"height":200},"EF/ef_rain_particle_main/ef_rain_particle_main_00007":{"x":24.23,"y":-32.88,"width":200,"height":200},"EF/ef_rain_particle_main/ef_rain_particle_main_00009":{"x":24.23,"y":-32.88,"width":200,"height":200},"EF/ef_rain_particle_main/ef_rain_particle_main_00011":{"x":24.23,"y":-32.88,"width":200,"height":200},"EF/ef_rain_particle_main/ef_rain_particle_main_00013":{"x":24.23,"y":-32.88,"width":200,"height":200},"EF/ef_rain_particle_main/ef_rain_particle_main_00015":{"x":24.23,"y":-32.88,"width":200,"height":200},"EF/ef_rain_particle_main/ef_rain_particle_main_00017":{"x":24.23,"y":-32.88,"width":200,"height":200},"EF/ef_rain_particle_main/ef_rain_particle_main_00019":{"x":24.23,"y":-32.88,"width":200,"height":200},"EF/ef_rain_particle_main/ef_rain_particle_main_00021":{"x":24.23,"y":-32.88,"width":200,"height":200},"EF/ef_rain_particle_main/ef_rain_particle_main_00023":{"x":24.23,"y":-32.88,"width":200,"height":200},"EF/ef_rain_particle_main/ef_rain_particle_main_00025":{"x":24.23,"y":-32.88,"width":200,"height":200},"EF/ef_rain_particle_main/ef_rain_particle_main_00027":{"x":24.23,"y":-32.88,"width":200,"height":200},"EF/ef_rain_particle_main/ef_rain_particle_main_00029":{"x":24.23,"y":-32.88,"width":200,"height":200}},"EF_rainparticle1_6":{"EF/ef_rain_particle_main/ef_rain_particle_main_00001":{"x":24.23,"y":-32.88,"width":200,"height":200},"EF/ef_rain_particle_main/ef_rain_particle_main_00003":{"x":24.23,"y":-32.88,"width":200,"height":200},"EF/ef_rain_particle_main/ef_rain_particle_main_00005":{"x":24.23,"y":-32.88,"width":200,"height":200},"EF/ef_rain_particle_main/ef_rain_particle_main_00007":{"x":24.23,"y":-32.88,"width":200,"height":200},"EF/ef_rain_particle_main/ef_rain_particle_main_00009":{"x":24.23,"y":-32.88,"width":200,"height":200},"EF/ef_rain_particle_main/ef_rain_particle_main_00011":{"x":24.23,"y":-32.88,"width":200,"height":200},"EF/ef_rain_particle_main/ef_rain_particle_main_00013":{"x":24.23,"y":-32.88,"width":200,"height":200},"EF/ef_rain_particle_main/ef_rain_particle_main_00015":{"x":24.23,"y":-32.88,"width":200,"height":200},"EF/ef_rain_particle_main/ef_rain_particle_main_00017":{"x":24.23,"y":-32.88,"width":200,"height":200},"EF/ef_rain_particle_main/ef_rain_particle_main_00019":{"x":24.23,"y":-32.88,"width":200,"height":200},"EF/ef_rain_particle_main/ef_rain_particle_main_00021":{"x":24.23,"y":-32.88,"width":200,"height":200},"EF/ef_rain_particle_main/ef_rain_particle_main_00023":{"x":24.23,"y":-32.88,"width":200,"height":200},"EF/ef_rain_particle_main/ef_rain_particle_main_00025":{"x":24.23,"y":-32.88,"width":200,"height":200},"EF/ef_rain_particle_main/ef_rain_particle_main_00027":{"x":24.23,"y":-32.88,"width":200,"height":200},"EF/ef_rain_particle_main/ef_rain_particle_main_00029":{"x":24.23,"y":-32.88,"width":200,"height":200}},"EF_shine1_1":{"EF/ef_charge_main/ef_charge_main_00023":{"width":180,"height":180},"EF/ef_charge_main/ef_charge_main_00024":{"width":180,"height":180},"EF/ef_charge_main/ef_charge_main_00025":{"width":180,"height":180}},"EF_shot1_1":{"EF/ef_shot_particle_main/ef_shot_particle_main_00003":{"x":-80.62,"rotation":90,"width":200,"height":250},"EF/ef_shot_particle_main/ef_shot_particle_main_00004":{"x":-80.62,"rotation":90,"width":200,"height":250},"EF/ef_shot_particle_main/ef_shot_particle_main_00005":{"x":-80.62,"rotation":90,"width":200,"height":250},"EF/ef_shot_particle_main/ef_shot_particle_main_00006":{"x":-80.62,"rotation":90,"width":200,"height":250},"EF/ef_shot_particle_main/ef_shot_particle_main_00007":{"x":-80.62,"rotation":90,"width":200,"height":250},"EF/ef_shot_particle_main/ef_shot_particle_main_00008":{"x":-80.62,"rotation":90,"width":200,"height":250},"EF/ef_shot_particle_main/ef_shot_particle_main_00009":{"x":-80.62,"rotation":90,"width":200,"height":250},"EF/ef_shot_particle_main/ef_shot_particle_main_00010":{"x":-80.62,"rotation":90,"width":200,"height":250},"EF/ef_shot_particle_main/ef_shot_particle_main_00011":{"x":-80.62,"rotation":90,"width":200,"height":250},"EF/ef_shot_particle_main/ef_shot_particle_main_00012":{"x":-80.62,"rotation":90,"width":200,"height":250}},"EF_shot1_2":{"EF/ef_shot_particle_main/ef_shot_particle_main_00003":{"x":-80.62,"rotation":90,"width":200,"height":250},"EF/ef_shot_particle_main/ef_shot_particle_main_00004":{"x":-80.62,"rotation":90,"width":200,"height":250},"EF/ef_shot_particle_main/ef_shot_particle_main_00005":{"x":-80.62,"rotation":90,"width":200,"height":250},"EF/ef_shot_particle_main/ef_shot_particle_main_00006":{"x":-80.62,"rotation":90,"width":200,"height":250},"EF/ef_shot_particle_main/ef_shot_particle_main_00007":{"x":-80.62,"rotation":90,"width":200,"height":250},"EF/ef_shot_particle_main/ef_shot_particle_main_00008":{"x":-80.62,"rotation":90,"width":200,"height":250},"EF/ef_shot_particle_main/ef_shot_particle_main_00009":{"x":-80.62,"rotation":90,"width":200,"height":250},"EF/ef_shot_particle_main/ef_shot_particle_main_00010":{"x":-80.62,"rotation":90,"width":200,"height":250},"EF/ef_shot_particle_main/ef_shot_particle_main_00011":{"x":-80.62,"rotation":90,"width":200,"height":250},"EF/ef_shot_particle_main/ef_shot_particle_main_00012":{"x":-80.62,"rotation":90,"width":200,"height":250}},"EF_shot1_3":{"EF/ef_shot_particle_main/ef_shot_particle_main_00003":{"x":-80.62,"rotation":90,"width":200,"height":250},"EF/ef_shot_particle_main/ef_shot_particle_main_00004":{"x":-80.62,"rotation":90,"width":200,"height":250},"EF/ef_shot_particle_main/ef_shot_particle_main_00005":{"x":-80.62,"rotation":90,"width":200,"height":250},"EF/ef_shot_particle_main/ef_shot_particle_main_00006":{"x":-80.62,"rotation":90,"width":200,"height":250},"EF/ef_shot_particle_main/ef_shot_particle_main_00007":{"x":-80.62,"rotation":90,"width":200,"height":250},"EF/ef_shot_particle_main/ef_shot_particle_main_00008":{"x":-80.62,"rotation":90,"width":200,"height":250},"EF/ef_shot_particle_main/ef_shot_particle_main_00009":{"x":-80.62,"rotation":90,"width":200,"height":250},"EF/ef_shot_particle_main/ef_shot_particle_main_00010":{"x":-80.62,"rotation":90,"width":200,"height":250},"EF/ef_shot_particle_main/ef_shot_particle_main_00011":{"x":-80.62,"rotation":90,"width":200,"height":250},"EF/ef_shot_particle_main/ef_shot_particle_main_00012":{"x":-80.62,"rotation":90,"width":200,"height":250}},"EF_shot1_4":{"EF/ef_shot_particle_main/ef_shot_particle_main_00003":{"x":-80.62,"rotation":90,"width":200,"height":250},"EF/ef_shot_particle_main/ef_shot_particle_main_00004":{"x":-80.62,"rotation":90,"width":200,"height":250},"EF/ef_shot_particle_main/ef_shot_particle_main_00005":{"x":-80.62,"rotation":90,"width":200,"height":250},"EF/ef_shot_particle_main/ef_shot_particle_main_00006":{"x":-80.62,"rotation":90,"width":200,"height":250},"EF/ef_shot_particle_main/ef_shot_particle_main_00007":{"x":-80.62,"rotation":90,"width":200,"height":250},"EF/ef_shot_particle_main/ef_shot_particle_main_00008":{"x":-80.62,"rotation":90,"width":200,"height":250},"EF/ef_shot_particle_main/ef_shot_particle_main_00009":{"x":-80.62,"rotation":90,"width":200,"height":250},"EF/ef_shot_particle_main/ef_shot_particle_main_00010":{"x":-80.62,"rotation":90,"width":200,"height":250},"EF/ef_shot_particle_main/ef_shot_particle_main_00011":{"x":-80.62,"rotation":90,"width":200,"height":250},"EF/ef_shot_particle_main/ef_shot_particle_main_00012":{"x":-80.62,"rotation":90,"width":200,"height":250}},"EF_shot1_5":{"EF/ef_shot_particle_main/ef_shot_particle_main_00003":{"x":-80.62,"rotation":90,"width":200,"height":250},"EF/ef_shot_particle_main/ef_shot_particle_main_00004":{"x":-80.62,"rotation":90,"width":200,"height":250},"EF/ef_shot_particle_main/ef_shot_particle_main_00005":{"x":-80.62,"rotation":90,"width":200,"height":250},"EF/ef_shot_particle_main/ef_shot_particle_main_00006":{"x":-80.62,"rotation":90,"width":200,"height":250},"EF/ef_shot_particle_main/ef_shot_particle_main_00007":{"x":-80.62,"rotation":90,"width":200,"height":250},"EF/ef_shot_particle_main/ef_shot_particle_main_00008":{"x":-80.62,"rotation":90,"width":200,"height":250},"EF/ef_shot_particle_main/ef_shot_particle_main_00009":{"x":-80.62,"rotation":90,"width":200,"height":250},"EF/ef_shot_particle_main/ef_shot_particle_main_00010":{"x":-80.62,"rotation":90,"width":200,"height":250},"EF/ef_shot_particle_main/ef_shot_particle_main_00011":{"x":-80.62,"rotation":90,"width":200,"height":250},"EF/ef_shot_particle_main/ef_shot_particle_main_00012":{"x":-80.62,"rotation":90,"width":200,"height":250}},"EF_shot1_6":{"EF/ef_shot_particle_main/ef_shot_particle_main_00003":{"x":-80.62,"rotation":90,"width":200,"height":250},"EF/ef_shot_particle_main/ef_shot_particle_main_00004":{"x":-80.62,"rotation":90,"width":200,"height":250},"EF/ef_shot_particle_main/ef_shot_particle_main_00005":{"x":-80.62,"rotation":90,"width":200,"height":250},"EF/ef_shot_particle_main/ef_shot_particle_main_00006":{"x":-80.62,"rotation":90,"width":200,"height":250},"EF/ef_shot_particle_main/ef_shot_particle_main_00007":{"x":-80.62,"rotation":90,"width":200,"height":250},"EF/ef_shot_particle_main/ef_shot_particle_main_00008":{"x":-80.62,"rotation":90,"width":200,"height":250},"EF/ef_shot_particle_main/ef_shot_particle_main_00009":{"x":-80.62,"rotation":90,"width":200,"height":250},"EF/ef_shot_particle_main/ef_shot_particle_main_00010":{"x":-80.62,"rotation":90,"width":200,"height":250},"EF/ef_shot_particle_main/ef_shot_particle_main_00011":{"x":-80.62,"rotation":90,"width":200,"height":250},"EF/ef_shot_particle_main/ef_shot_particle_main_00012":{"x":-80.62,"rotation":90,"width":200,"height":250}},"EF_shot1_7":{"EF/ef_shot_particle_main/ef_shot_particle_main_00003":{"x":-80.62,"rotation":90,"width":200,"height":250},"EF/ef_shot_particle_main/ef_shot_particle_main_00004":{"x":-80.62,"rotation":90,"width":200,"height":250},"EF/ef_shot_particle_main/ef_shot_particle_main_00005":{"x":-80.62,"rotation":90,"width":200,"height":250},"EF/ef_shot_particle_main/ef_shot_particle_main_00006":{"x":-80.62,"rotation":90,"width":200,"height":250},"EF/ef_shot_particle_main/ef_shot_particle_main_00007":{"x":-80.62,"rotation":90,"width":200,"height":250},"EF/ef_shot_particle_main/ef_shot_particle_main_00008":{"x":-80.62,"rotation":90,"width":200,"height":250},"EF/ef_shot_particle_main/ef_shot_particle_main_00009":{"x":-80.62,"rotation":90,"width":200,"height":250},"EF/ef_shot_particle_main/ef_shot_particle_main_00010":{"x":-80.62,"rotation":90,"width":200,"height":250},"EF/ef_shot_particle_main/ef_shot_particle_main_00011":{"x":-80.62,"rotation":90,"width":200,"height":250},"EF/ef_shot_particle_main/ef_shot_particle_main_00012":{"x":-80.62,"rotation":90,"width":200,"height":250}},"EF_shot1_8":{"EF/ef_shot_particle_main/ef_shot_particle_main_00003":{"x":-80.62,"rotation":90,"width":200,"height":250},"EF/ef_shot_particle_main/ef_shot_particle_main_00004":{"x":-80.62,"rotation":90,"width":200,"height":250},"EF/ef_shot_particle_main/ef_shot_particle_main_00005":{"x":-80.62,"rotation":90,"width":200,"height":250},"EF/ef_shot_particle_main/ef_shot_particle_main_00006":{"x":-80.62,"rotation":90,"width":200,"height":250},"EF/ef_shot_particle_main/ef_shot_particle_main_00007":{"x":-80.62,"rotation":90,"width":200,"height":250},"EF/ef_shot_particle_main/ef_shot_particle_main_00008":{"x":-80.62,"rotation":90,"width":200,"height":250},"EF/ef_shot_particle_main/ef_shot_particle_main_00009":{"x":-80.62,"rotation":90,"width":200,"height":250},"EF/ef_shot_particle_main/ef_shot_particle_main_00010":{"x":-80.62,"rotation":90,"width":200,"height":250},"EF/ef_shot_particle_main/ef_shot_particle_main_00011":{"x":-80.62,"rotation":90,"width":200,"height":250},"EF/ef_shot_particle_main/ef_shot_particle_main_00012":{"x":-80.62,"rotation":90,"width":200,"height":250}},"EF_shot1_9":{"EF/ef_shot_particle_main/ef_shot_particle_main_00003":{"x":-80.62,"rotation":90,"width":200,"height":250},"EF/ef_shot_particle_main/ef_shot_particle_main_00004":{"x":-80.62,"rotation":90,"width":200,"height":250},"EF/ef_shot_particle_main/ef_shot_particle_main_00005":{"x":-80.62,"rotation":90,"width":200,"height":250},"EF/ef_shot_particle_main/ef_shot_particle_main_00006":{"x":-80.62,"rotation":90,"width":200,"height":250},"EF/ef_shot_particle_main/ef_shot_particle_main_00007":{"x":-80.62,"rotation":90,"width":200,"height":250},"EF/ef_shot_particle_main/ef_shot_particle_main_00008":{"x":-80.62,"rotation":90,"width":200,"height":250},"EF/ef_shot_particle_main/ef_shot_particle_main_00009":{"x":-80.62,"rotation":90,"width":200,"height":250},"EF/ef_shot_particle_main/ef_shot_particle_main_00010":{"x":-80.62,"rotation":90,"width":200,"height":250},"EF/ef_shot_particle_main/ef_shot_particle_main_00011":{"x":-80.62,"rotation":90,"width":200,"height":250},"EF/ef_shot_particle_main/ef_shot_particle_main_00012":{"x":-80.62,"rotation":90,"width":200,"height":250}},"EF_shot2_1":{"EF/ef_shot/ef_shot_green_00001":{"x":-11.14,"width":175,"height":175},"EF/ef_shot/ef_shot_green_00002":{"x":-0.52,"width":175,"height":175},"EF/ef_shot/ef_shot_green_00003":{"x":10.35,"width":175,"height":175},"EF/ef_shot/ef_shot_green_00004":{"x":21.49,"width":175,"height":175},"EF/ef_shot/ef_shot_green_00005":{"x":30.29,"width":175,"height":175},"EF/ef_shot/ef_shot_green_00006":{"x":32.88,"width":175,"height":175},"EF/ef_shot/ef_shot_green_00007":{"x":32.88,"width":175,"height":175},"EF/ef_shot/ef_shot_green_00008":{"x":32.88,"width":175,"height":175},"EF/ef_shot/ef_shot_green_00009":{"x":32.88,"width":175,"height":175},"EF/ef_shot/ef_shot_green_00010":{"x":32.88,"width":175,"height":175}},"EF_smoke1_1":{"EF/ef_EX_smoke_main/ef_EX_smoke_main_00001":{"y":15.57,"width":210,"height":210},"EF/ef_EX_smoke_main/ef_EX_smoke_main_00002":{"y":15.57,"width":210,"height":210},"EF/ef_EX_smoke_main/ef_EX_smoke_main_00003":{"y":15.57,"width":210,"height":210},"EF/ef_EX_smoke_main/ef_EX_smoke_main_00004":{"y":15.57,"width":210,"height":210},"EF/ef_EX_smoke_main/ef_EX_smoke_main_00005":{"y":15.57,"width":210,"height":210},"EF/ef_EX_smoke_main/ef_EX_smoke_main_00006":{"y":15.57,"width":210,"height":210},"EF/ef_EX_smoke_main/ef_EX_smoke_main_00007":{"y":15.57,"width":210,"height":210},"EF/ef_EX_smoke_main/ef_EX_smoke_main_00008":{"y":15.57,"width":210,"height":210},"EF/ef_EX_smoke_main/ef_EX_smoke_main_00009":{"y":15.57,"width":210,"height":210},"EF/ef_EX_smoke_main/ef_EX_smoke_main_00010":{"y":15.57,"width":210,"height":210},"EF/ef_EX_smoke_main/ef_EX_smoke_main_00011":{"y":15.57,"width":210,"height":210},"EF/ef_EX_smoke_main/ef_EX_smoke_main_00012":{"y":15.57,"width":210,"height":210},"EF/ef_EX_smoke_main/ef_EX_smoke_main_00013":{"y":15.57,"width":210,"height":210}},"EF_wave1_1":{"EF/ef_wave_green/ef_wave_green_00001":{"x":-0.64,"width":130,"height":130},"EF/ef_wave_green/ef_wave_green_00003":{"x":-0.64,"width":130,"height":130},"EF/ef_wave_green/ef_wave_green_00005":{"x":-0.64,"width":130,"height":130},"EF/ef_wave_green/ef_wave_green_00007":{"x":-0.64,"width":130,"height":130},"EF/ef_wave_green/ef_wave_green_00009":{"x":-0.64,"width":130,"height":130},"EF/ef_wave_green/ef_wave_green_00010":{"x":-0.64,"width":130,"height":130}},"EF_wind1_1":{"EF/ef_wind_green/ef_wind_green_00001":{"width":185,"height":130},"EF/ef_wind_green/ef_wind_green_00003":{"width":185,"height":130},"EF/ef_wind_green/ef_wind_green_00005":{"width":185,"height":130},"EF/ef_wind_green/ef_wind_green_00007":{"width":185,"height":130},"EF/ef_wind_green/ef_wind_green_00009":{"width":185,"height":130},"EF/ef_wind_green/ef_wind_green_00011":{"width":185,"height":130}}}},"events":{"Event":{},"Event2":{},"Sound1":{},"Sound2":{}},"animations":{"1-attack1":{},"1-skill1":{"slots":{"EF_shine1_1":{"attachment":[{"time":0.3,"name":"EF/ef_charge_main/ef_charge_main_00023"},{"time":1.4333,"name":"EF/ef_charge_main/ef_charge_main_00024"},{"time":1.6,"name":"EF/ef_charge_main/ef_charge_main_00025"}],"color":[{"time":1.5666,"color":"ffffffff"},{"time":1.8333,"color":"ffffff00"}]}},"bones":{"EF_shine1_1":{"translate":[{"time":0.3,"x":-311.78,"y":145.8},{"time":0.4333,"x":-313.38,"y":183.99,"curve":"stepped"},{"time":0.4666,"x":-332.22,"y":169.67,"curve":"stepped"},{"time":0.6333,"x":-205.27,"y":179.44,"curve":"stepped"},{"time":0.8,"x":-219.38,"y":190.29,"curve":"stepped"},{"time":1,"x":-219.38,"y":189.2,"curve":"stepped"},{"time":1.0333,"x":-282.31,"y":118.68},{"time":1.2333,"x":-282.31,"y":96.98},{"time":1.2666,"x":-282.31,"y":104.57,"curve":"stepped"},{"time":1.3,"x":-258.02,"y":186.54,"curve":[0.169,0.39,0.75,1]},{"time":1.5,"x":-259.54,"y":213.11}],"scale":[{"time":0.3,"x":0.62,"y":0.62,"curve":"stepped"},{"time":1.3,"x":0.62,"y":0.62,"curve":[0.156,0.63,0.75,1]},{"time":1.8333,"x":4.047,"y":4.047}]}}},"1-skill2":{"slots":{"EF_butterfly1_1":{"attachment":[{"time":2.1666,"name":"EF/ef_cyo_main/ef_cyo_main_00002"},{"time":2.2333,"name":"EF/ef_cyo_main/ef_cyo_main_00005"},{"time":2.3,"name":"EF/ef_cyo_main/ef_cyo_main_00007"},{"time":2.3666,"name":"EF/ef_cyo_main/ef_cyo_main_00009"},{"time":2.4333,"name":"EF/ef_cyo_main/ef_cyo_main_00011"},{"time":2.5,"name":"EF/ef_cyo_main/ef_cyo_main_00013"},{"time":2.5666,"name":"EF/ef_cyo_main/ef_cyo_main_00015"},{"time":2.6333,"name":"EF/ef_cyo_main/ef_cyo_main_00017"},{"time":2.7,"name":"EF/ef_cyo_main/ef_cyo_main_00019"},{"time":2.7666,"name":"EF/ef_cyo_main/ef_cyo_main_00021"},{"time":2.8333,"name":"EF/ef_cyo_main/ef_cyo_main_00023"},{"time":2.9,"name":"EF/ef_cyo_main/ef_cyo_main_00025"},{"time":2.9666,"name":"EF/ef_cyo_main/ef_cyo_main_00027"},{"time":3.0333,"name":"EF/ef_cyo_main/ef_cyo_main_00029"},{"time":3.1,"name":"EF/ef_cyo_main/ef_cyo_main_00031"},{"time":3.1666,"name":"EF/ef_cyo_main/ef_cyo_main_00033"},{"time":3.2333,"name":"EF/ef_cyo_main/ef_cyo_main_00035"},{"time":3.3,"name":"EF/ef_cyo_main/ef_cyo_main_00037"},{"time":3.3666,"name":"EF/ef_cyo_main/ef_cyo_main_00039"},{"time":3.4333,"name":"EF/ef_cyo_main/ef_cyo_main_00041"},{"time":3.5,"name":"EF/ef_cyo_main/ef_cyo_main_00043"},{"time":3.5666,"name":"EF/ef_cyo_main/ef_cyo_main_00045"},{"time":3.6333,"name":"EF/ef_cyo_main/ef_cyo_main_00047"},{"time":3.7,"name":"EF/ef_cyo_main/ef_cyo_main_00049"},{"time":3.7666,"name":null}],"color":[{"time":2.1666,"color":"ffffff00"},{"time":2.5,"color":"ffffffff","curve":"stepped"},{"time":3.4666,"color":"ffffffff"},{"time":3.7666,"color":"ffffff00"}]},"EF_butterfly1_2":{"attachment":[{"time":2.2333,"name":"EF/ef_cyo_main/ef_cyo_main_00002"},{"time":2.3,"name":"EF/ef_cyo_main/ef_cyo_main_00005"},{"time":2.3666,"name":"EF/ef_cyo_main/ef_cyo_main_00007"},{"time":2.4333,"name":"EF/ef_cyo_main/ef_cyo_main_00009"},{"time":2.5,"name":"EF/ef_cyo_main/ef_cyo_main_00011"},{"time":2.5666,"name":"EF/ef_cyo_main/ef_cyo_main_00013"},{"time":2.6333,"name":"EF/ef_cyo_main/ef_cyo_main_00015"},{"time":2.7,"name":"EF/ef_cyo_main/ef_cyo_main_00017"},{"time":2.7666,"name":"EF/ef_cyo_main/ef_cyo_main_00019"},{"time":2.8333,"name":"EF/ef_cyo_main/ef_cyo_main_00021"},{"time":2.9,"name":"EF/ef_cyo_main/ef_cyo_main_00023"},{"time":2.9666,"name":"EF/ef_cyo_main/ef_cyo_main_00025"},{"time":3.0333,"name":"EF/ef_cyo_main/ef_cyo_main_00027"},{"time":3.1,"name":"EF/ef_cyo_main/ef_cyo_main_00029"},{"time":3.1666,"name":"EF/ef_cyo_main/ef_cyo_main_00031"},{"time":3.2333,"name":"EF/ef_cyo_main/ef_cyo_main_00033"},{"time":3.3,"name":"EF/ef_cyo_main/ef_cyo_main_00035"},{"time":3.3666,"name":"EF/ef_cyo_main/ef_cyo_main_00037"},{"time":3.4333,"name":"EF/ef_cyo_main/ef_cyo_main_00039"},{"time":3.5,"name":"EF/ef_cyo_main/ef_cyo_main_00041"},{"time":3.5666,"name":"EF/ef_cyo_main/ef_cyo_main_00043"},{"time":3.6333,"name":"EF/ef_cyo_main/ef_cyo_main_00045"},{"time":3.7,"name":"EF/ef_cyo_main/ef_cyo_main_00047"},{"time":3.7666,"name":"EF/ef_cyo_main/ef_cyo_main_00049"},{"time":3.8333,"name":null}],"color":[{"time":2.2333,"color":"ffffff00"},{"time":2.5666,"color":"ffffffff","curve":"stepped"},{"time":3.6333,"color":"ffffffff"},{"time":3.8333,"color":"ffffff00"}]},"EF_butterfly1_3":{"attachment":[{"time":2.3333,"name":"EF/ef_cyo_main/ef_cyo_main_00002"},{"time":2.4,"name":"EF/ef_cyo_main/ef_cyo_main_00005"},{"time":2.4666,"name":"EF/ef_cyo_main/ef_cyo_main_00007"},{"time":2.5333,"name":"EF/ef_cyo_main/ef_cyo_main_00009"},{"time":2.6,"name":"EF/ef_cyo_main/ef_cyo_main_00011"},{"time":2.6666,"name":"EF/ef_cyo_main/ef_cyo_main_00013"},{"time":2.7333,"name":"EF/ef_cyo_main/ef_cyo_main_00015"},{"time":2.8,"name":"EF/ef_cyo_main/ef_cyo_main_00017"},{"time":2.8666,"name":"EF/ef_cyo_main/ef_cyo_main_00019"},{"time":2.9333,"name":"EF/ef_cyo_main/ef_cyo_main_00021"},{"time":3,"name":"EF/ef_cyo_main/ef_cyo_main_00023"},{"time":3.0666,"name":"EF/ef_cyo_main/ef_cyo_main_00025"},{"time":3.1333,"name":"EF/ef_cyo_main/ef_cyo_main_00027"},{"time":3.2,"name":"EF/ef_cyo_main/ef_cyo_main_00029"},{"time":3.2666,"name":"EF/ef_cyo_main/ef_cyo_main_00031"},{"time":3.3333,"name":"EF/ef_cyo_main/ef_cyo_main_00033"},{"time":3.4,"name":"EF/ef_cyo_main/ef_cyo_main_00035"},{"time":3.4666,"name":"EF/ef_cyo_main/ef_cyo_main_00037"},{"time":3.5333,"name":"EF/ef_cyo_main/ef_cyo_main_00039"},{"time":3.6,"name":"EF/ef_cyo_main/ef_cyo_main_00041"},{"time":3.6666,"name":"EF/ef_cyo_main/ef_cyo_main_00043"},{"time":3.7333,"name":"EF/ef_cyo_main/ef_cyo_main_00045"},{"time":3.8,"name":"EF/ef_cyo_main/ef_cyo_main_00047"},{"time":3.8666,"name":"EF/ef_cyo_main/ef_cyo_main_00049"},{"time":3.9333,"name":null}],"color":[{"time":2.3333,"color":"ffffff00"},{"time":2.6666,"color":"ffffffff","curve":"stepped"},{"time":3.6333,"color":"ffffffff"},{"time":3.9333,"color":"ffffff00"}]},"EF_butterfly1_4":{"attachment":[{"time":2.3666,"name":"EF/ef_cyo_main/ef_cyo_main_00002"},{"time":2.4333,"name":"EF/ef_cyo_main/ef_cyo_main_00005"},{"time":2.5,"name":"EF/ef_cyo_main/ef_cyo_main_00007"},{"time":2.5666,"name":"EF/ef_cyo_main/ef_cyo_main_00009"},{"time":2.6333,"name":"EF/ef_cyo_main/ef_cyo_main_00011"},{"time":2.7,"name":"EF/ef_cyo_main/ef_cyo_main_00013"},{"time":2.7666,"name":"EF/ef_cyo_main/ef_cyo_main_00015"},{"time":2.8333,"name":"EF/ef_cyo_main/ef_cyo_main_00017"},{"time":2.9,"name":"EF/ef_cyo_main/ef_cyo_main_00019"},{"time":2.9666,"name":"EF/ef_cyo_main/ef_cyo_main_00021"},{"time":3.0333,"name":"EF/ef_cyo_main/ef_cyo_main_00023"},{"time":3.1,"name":"EF/ef_cyo_main/ef_cyo_main_00025"},{"time":3.1666,"name":"EF/ef_cyo_main/ef_cyo_main_00027"},{"time":3.2333,"name":"EF/ef_cyo_main/ef_cyo_main_00029"},{"time":3.3,"name":"EF/ef_cyo_main/ef_cyo_main_00031"},{"time":3.3666,"name":"EF/ef_cyo_main/ef_cyo_main_00033"},{"time":3.4333,"name":"EF/ef_cyo_main/ef_cyo_main_00035"},{"time":3.5,"name":"EF/ef_cyo_main/ef_cyo_main_00037"},{"time":3.5666,"name":"EF/ef_cyo_main/ef_cyo_main_00039"},{"time":3.6333,"name":"EF/ef_cyo_main/ef_cyo_main_00041"},{"time":3.7,"name":"EF/ef_cyo_main/ef_cyo_main_00043"},{"time":3.7666,"name":"EF/ef_cyo_main/ef_cyo_main_00045"},{"time":3.8333,"name":"EF/ef_cyo_main/ef_cyo_main_00047"},{"time":3.9,"name":"EF/ef_cyo_main/ef_cyo_main_00049"},{"time":3.9666,"name":null}],"color":[{"time":2.3666,"color":"ffffff00"},{"time":2.7,"color":"ffffffff","curve":"stepped"},{"time":3.6666,"color":"ffffffff"},{"time":3.9666,"color":"ffffff00"}]},"EF_rainparticle1_1":{"attachment":[{"time":2.4333,"name":"EF/ef_rain_particle_main/ef_rain_particle_main_00001"},{"time":2.5,"name":"EF/ef_rain_particle_main/ef_rain_particle_main_00003"},{"time":2.5666,"name":"EF/ef_rain_particle_main/ef_rain_particle_main_00005"},{"time":2.6333,"name":"EF/ef_rain_particle_main/ef_rain_particle_main_00007"},{"time":2.7,"name":"EF/ef_rain_particle_main/ef_rain_particle_main_00009"},{"time":2.7666,"name":"EF/ef_rain_particle_main/ef_rain_particle_main_00011"},{"time":2.8333,"name":"EF/ef_rain_particle_main/ef_rain_particle_main_00013"},{"time":2.9,"name":"EF/ef_rain_particle_main/ef_rain_particle_main_00015"},{"time":2.9666,"name":"EF/ef_rain_particle_main/ef_rain_particle_main_00017"},{"time":3.0333,"name":"EF/ef_rain_particle_main/ef_rain_particle_main_00019"},{"time":3.1,"name":"EF/ef_rain_particle_main/ef_rain_particle_main_00021"},{"time":3.1666,"name":"EF/ef_rain_particle_main/ef_rain_particle_main_00023"},{"time":3.2333,"name":"EF/ef_rain_particle_main/ef_rain_particle_main_00025"},{"time":3.3333,"name":"EF/ef_rain_particle_main/ef_rain_particle_main_00027"},{"time":3.4333,"name":"EF/ef_rain_particle_main/ef_rain_particle_main_00029"},{"time":3.5333,"name":null}]},"EF_rainparticle1_2":{"attachment":[{"time":2.4666,"name":"EF/ef_rain_particle_main/ef_rain_particle_main_00001"},{"time":2.5333,"name":"EF/ef_rain_particle_main/ef_rain_particle_main_00003"},{"time":2.6,"name":"EF/ef_rain_particle_main/ef_rain_particle_main_00005"},{"time":2.6666,"name":"EF/ef_rain_particle_main/ef_rain_particle_main_00007"},{"time":2.7333,"name":"EF/ef_rain_particle_main/ef_rain_particle_main_00009"},{"time":2.8,"name":"EF/ef_rain_particle_main/ef_rain_particle_main_00011"},{"time":2.8666,"name":"EF/ef_rain_particle_main/ef_rain_particle_main_00013"},{"time":2.9333,"name":"EF/ef_rain_particle_main/ef_rain_particle_main_00015"},{"time":3,"name":"EF/ef_rain_particle_main/ef_rain_particle_main_00017"},{"time":3.0666,"name":"EF/ef_rain_particle_main/ef_rain_particle_main_00019"},{"time":3.1333,"name":"EF/ef_rain_particle_main/ef_rain_particle_main_00021"},{"time":3.2,"name":"EF/ef_rain_particle_main/ef_rain_particle_main_00023"},{"time":3.2666,"name":"EF/ef_rain_particle_main/ef_rain_particle_main_00025"},{"time":3.3666,"name":"EF/ef_rain_particle_main/ef_rain_particle_main_00027"},{"time":3.4666,"name":"EF/ef_rain_particle_main/ef_rain_particle_main_00029"},{"time":3.5666,"name":null}]},"EF_rainparticle1_4":{"attachment":[{"time":2.4333,"name":"EF/ef_rain_particle_main/ef_rain_particle_main_00001"},{"time":2.5,"name":"EF/ef_rain_particle_main/ef_rain_particle_main_00003"},{"time":2.5666,"name":"EF/ef_rain_particle_main/ef_rain_particle_main_00005"},{"time":2.6333,"name":"EF/ef_rain_particle_main/ef_rain_particle_main_00007"},{"time":2.7,"name":"EF/ef_rain_particle_main/ef_rain_particle_main_00009"},{"time":2.7666,"name":"EF/ef_rain_particle_main/ef_rain_particle_main_00011"},{"time":2.8333,"name":"EF/ef_rain_particle_main/ef_rain_particle_main_00013"},{"time":2.9,"name":"EF/ef_rain_particle_main/ef_rain_particle_main_00015"},{"time":2.9666,"name":"EF/ef_rain_particle_main/ef_rain_particle_main_00017"},{"time":3.0333,"name":"EF/ef_rain_particle_main/ef_rain_particle_main_00019"},{"time":3.1,"name":"EF/ef_rain_particle_main/ef_rain_particle_main_00021"},{"time":3.1666,"name":"EF/ef_rain_particle_main/ef_rain_particle_main_00023"},{"time":3.2666,"name":"EF/ef_rain_particle_main/ef_rain_particle_main_00025"},{"time":3.3666,"name":"EF/ef_rain_particle_main/ef_rain_particle_main_00027"},{"time":3.4666,"name":"EF/ef_rain_particle_main/ef_rain_particle_main_00029"},{"time":3.5666,"name":null}]},"EF_rainparticle1_5":{"attachment":[{"time":2.5333,"name":"EF/ef_rain_particle_main/ef_rain_particle_main_00001"},{"time":2.6,"name":"EF/ef_rain_particle_main/ef_rain_particle_main_00003"},{"time":2.6666,"name":"EF/ef_rain_particle_main/ef_rain_particle_main_00005"},{"time":2.7333,"name":"EF/ef_rain_particle_main/ef_rain_particle_main_00007"},{"time":2.8,"name":"EF/ef_rain_particle_main/ef_rain_particle_main_00009"},{"time":2.8666,"name":"EF/ef_rain_particle_main/ef_rain_particle_main_00011"},{"time":2.9333,"name":"EF/ef_rain_particle_main/ef_rain_particle_main_00013"},{"time":3,"name":"EF/ef_rain_particle_main/ef_rain_particle_main_00015"},{"time":3.0666,"name":"EF/ef_rain_particle_main/ef_rain_particle_main_00017"},{"time":3.1333,"name":"EF/ef_rain_particle_main/ef_rain_particle_main_00019"},{"time":3.2,"name":"EF/ef_rain_particle_main/ef_rain_particle_main_00021"},{"time":3.2666,"name":"EF/ef_rain_particle_main/ef_rain_particle_main_00023"},{"time":3.3666,"name":"EF/ef_rain_particle_main/ef_rain_particle_main_00025"},{"time":3.4666,"name":"EF/ef_rain_particle_main/ef_rain_particle_main_00027"},{"time":3.6,"name":"EF/ef_rain_particle_main/ef_rain_particle_main_00029"},{"time":3.7,"name":null}]},"EF_shine1_1":{"attachment":[{"time":1.5333,"name":"EF/ef_charge_main/ef_charge_main_00023"},{"time":1.6333,"name":"EF/ef_charge_main/ef_charge_main_00024"},{"time":1.7333,"name":"EF/ef_charge_main/ef_charge_main_00025"}],"color":[{"time":1.6666,"color":"ffffffff"},{"time":2,"color":"ffffffc7"},{"time":2.3333,"color":"ffffffff"},{"time":2.6666,"color":"ffffffc7"},{"time":3,"color":"ffffffff"},{"time":3.3333,"color":"ffffffc7"},{"time":3.6666,"color":"ffffff00"}]}},"bones":{"EF_butterfly1_1":{"translate":[{"time":2.1666,"x":-244.02,"y":134.99}]},"EF_butterfly1_2":{"translate":[{"time":2.2333,"x":-80.47,"y":-40.23}],"scale":[{"time":2.2333,"x":-1,"y":1}]},"EF_butterfly1_3":{"translate":[{"time":2.3333,"x":-241.42,"y":-67.49}]},"EF_butterfly1_4":{"translate":[{"time":2.3666,"x":-64.62,"y":144.71}],"scale":[{"time":2.3666,"x":-1,"y":1}]},"EF_rainparticle1_1":{"translate":[{"time":2.4333,"x":-364.41,"y":296.92,"curve":"stepped"},{"time":3.7,"x":-364.41,"y":296.92}],"scale":[{"time":2.4333,"x":1.539,"y":1.539}]},"EF_rainparticle1_5":{"translate":[{"time":2.5333,"x":46.17,"y":290.22}],"scale":[{"time":2.5333,"x":-1.54,"y":1.539}]},"EF_rainparticle1_4":{"translate":[{"time":2.4333,"x":26.38,"y":95.64}],"scale":[{"time":2.4333,"x":-1.54,"y":1.539}]},"EF_rainparticle1_2":{"translate":[{"time":2.4666,"x":-327.68,"y":69.27}],"scale":[{"time":2.4666,"x":1.539,"y":1.539}]},"EF_shine1_1":{"translate":[{"time":1.5333,"x":-267.24,"y":196.9},{"time":1.6666,"x":-266.18,"y":224.51}],"scale":[{"time":1.5333,"x":1.372,"y":1.372}]}}},"2-attack1":{},"2-skill1":{"slots":{"EF_shine1_1":{"attachment":[{"time":0.3,"name":"EF/ef_charge_main/ef_charge_main_00023"},{"time":1.4333,"name":"EF/ef_charge_main/ef_charge_main_00024"},{"time":1.6,"name":"EF/ef_charge_main/ef_charge_main_00025"}],"color":[{"time":1.5666,"color":"ffffffff"},{"time":1.8333,"color":"ffffff00"}]}},"bones":{"EF_shine1_1":{"translate":[{"time":0.3,"x":-311.78,"y":145.8},{"time":0.4333,"x":-313.38,"y":183.99,"curve":"stepped"},{"time":0.4666,"x":-332.22,"y":169.67,"curve":"stepped"},{"time":0.6333,"x":-205.27,"y":179.44,"curve":"stepped"},{"time":0.8,"x":-219.38,"y":190.29,"curve":"stepped"},{"time":1,"x":-219.38,"y":189.2,"curve":"stepped"},{"time":1.0333,"x":-282.31,"y":118.68},{"time":1.2333,"x":-282.31,"y":96.98},{"time":1.2666,"x":-282.31,"y":104.57,"curve":"stepped"},{"time":1.3,"x":-258.02,"y":186.54,"curve":[0.169,0.39,0.75,1]},{"time":1.5,"x":-259.54,"y":213.11}],"scale":[{"time":0.3,"x":0.62,"y":0.62,"curve":"stepped"},{"time":1.3,"x":0.62,"y":0.62,"curve":[0.156,0.63,0.75,1]},{"time":1.8333,"x":4.047,"y":4.047}]}},"events":[{"time":1.3333,"name":"Event"}]},"2-skill2":{"slots":{"EF_butterfly1_1":{"attachment":[{"time":2.1666,"name":"EF/ef_cyo_main/ef_cyo_main_00002"},{"time":2.2333,"name":"EF/ef_cyo_main/ef_cyo_main_00005"},{"time":2.3,"name":"EF/ef_cyo_main/ef_cyo_main_00007"},{"time":2.3666,"name":"EF/ef_cyo_main/ef_cyo_main_00009"},{"time":2.4333,"name":"EF/ef_cyo_main/ef_cyo_main_00011"},{"time":2.5,"name":"EF/ef_cyo_main/ef_cyo_main_00013"},{"time":2.5666,"name":"EF/ef_cyo_main/ef_cyo_main_00015"},{"time":2.6333,"name":"EF/ef_cyo_main/ef_cyo_main_00017"},{"time":2.7,"name":"EF/ef_cyo_main/ef_cyo_main_00019"},{"time":2.7666,"name":"EF/ef_cyo_main/ef_cyo_main_00021"},{"time":2.8333,"name":"EF/ef_cyo_main/ef_cyo_main_00023"},{"time":2.9,"name":"EF/ef_cyo_main/ef_cyo_main_00025"},{"time":2.9666,"name":"EF/ef_cyo_main/ef_cyo_main_00027"},{"time":3.0333,"name":"EF/ef_cyo_main/ef_cyo_main_00029"},{"time":3.1,"name":"EF/ef_cyo_main/ef_cyo_main_00031"},{"time":3.1666,"name":"EF/ef_cyo_main/ef_cyo_main_00033"},{"time":3.2333,"name":"EF/ef_cyo_main/ef_cyo_main_00035"},{"time":3.3,"name":"EF/ef_cyo_main/ef_cyo_main_00037"},{"time":3.3666,"name":"EF/ef_cyo_main/ef_cyo_main_00039"},{"time":3.4333,"name":"EF/ef_cyo_main/ef_cyo_main_00041"},{"time":3.5,"name":"EF/ef_cyo_main/ef_cyo_main_00043"},{"time":3.5666,"name":"EF/ef_cyo_main/ef_cyo_main_00045"},{"time":3.6333,"name":"EF/ef_cyo_main/ef_cyo_main_00047"},{"time":3.7,"name":"EF/ef_cyo_main/ef_cyo_main_00049"},{"time":3.7666,"name":null}],"color":[{"time":2.1666,"color":"ffffff00"},{"time":2.5,"color":"ffffffff","curve":"stepped"},{"time":3.4666,"color":"ffffffff"},{"time":3.7666,"color":"ffffff00"}]},"EF_butterfly1_2":{"attachment":[{"time":2.2333,"name":"EF/ef_cyo_main/ef_cyo_main_00002"},{"time":2.3,"name":"EF/ef_cyo_main/ef_cyo_main_00005"},{"time":2.3666,"name":"EF/ef_cyo_main/ef_cyo_main_00007"},{"time":2.4333,"name":"EF/ef_cyo_main/ef_cyo_main_00009"},{"time":2.5,"name":"EF/ef_cyo_main/ef_cyo_main_00011"},{"time":2.5666,"name":"EF/ef_cyo_main/ef_cyo_main_00013"},{"time":2.6333,"name":"EF/ef_cyo_main/ef_cyo_main_00015"},{"time":2.7,"name":"EF/ef_cyo_main/ef_cyo_main_00017"},{"time":2.7666,"name":"EF/ef_cyo_main/ef_cyo_main_00019"},{"time":2.8333,"name":"EF/ef_cyo_main/ef_cyo_main_00021"},{"time":2.9,"name":"EF/ef_cyo_main/ef_cyo_main_00023"},{"time":2.9666,"name":"EF/ef_cyo_main/ef_cyo_main_00025"},{"time":3.0333,"name":"EF/ef_cyo_main/ef_cyo_main_00027"},{"time":3.1,"name":"EF/ef_cyo_main/ef_cyo_main_00029"},{"time":3.1666,"name":"EF/ef_cyo_main/ef_cyo_main_00031"},{"time":3.2333,"name":"EF/ef_cyo_main/ef_cyo_main_00033"},{"time":3.3,"name":"EF/ef_cyo_main/ef_cyo_main_00035"},{"time":3.3666,"name":"EF/ef_cyo_main/ef_cyo_main_00037"},{"time":3.4333,"name":"EF/ef_cyo_main/ef_cyo_main_00039"},{"time":3.5,"name":"EF/ef_cyo_main/ef_cyo_main_00041"},{"time":3.5666,"name":"EF/ef_cyo_main/ef_cyo_main_00043"},{"time":3.6333,"name":"EF/ef_cyo_main/ef_cyo_main_00045"},{"time":3.7,"name":"EF/ef_cyo_main/ef_cyo_main_00047"},{"time":3.7666,"name":"EF/ef_cyo_main/ef_cyo_main_00049"},{"time":3.8333,"name":null}],"color":[{"time":2.2333,"color":"ffffff00"},{"time":2.5666,"color":"ffffffff","curve":"stepped"},{"time":3.6333,"color":"ffffffff"},{"time":3.8333,"color":"ffffff00"}]},"EF_butterfly1_3":{"attachment":[{"time":2.3333,"name":"EF/ef_cyo_main/ef_cyo_main_00002"},{"time":2.4,"name":"EF/ef_cyo_main/ef_cyo_main_00005"},{"time":2.4666,"name":"EF/ef_cyo_main/ef_cyo_main_00007"},{"time":2.5333,"name":"EF/ef_cyo_main/ef_cyo_main_00009"},{"time":2.6,"name":"EF/ef_cyo_main/ef_cyo_main_00011"},{"time":2.6666,"name":"EF/ef_cyo_main/ef_cyo_main_00013"},{"time":2.7333,"name":"EF/ef_cyo_main/ef_cyo_main_00015"},{"time":2.8,"name":"EF/ef_cyo_main/ef_cyo_main_00017"},{"time":2.8666,"name":"EF/ef_cyo_main/ef_cyo_main_00019"},{"time":2.9333,"name":"EF/ef_cyo_main/ef_cyo_main_00021"},{"time":3,"name":"EF/ef_cyo_main/ef_cyo_main_00023"},{"time":3.0666,"name":"EF/ef_cyo_main/ef_cyo_main_00025"},{"time":3.1333,"name":"EF/ef_cyo_main/ef_cyo_main_00027"},{"time":3.2,"name":"EF/ef_cyo_main/ef_cyo_main_00029"},{"time":3.2666,"name":"EF/ef_cyo_main/ef_cyo_main_00031"},{"time":3.3333,"name":"EF/ef_cyo_main/ef_cyo_main_00033"},{"time":3.4,"name":"EF/ef_cyo_main/ef_cyo_main_00035"},{"time":3.4666,"name":"EF/ef_cyo_main/ef_cyo_main_00037"},{"time":3.5333,"name":"EF/ef_cyo_main/ef_cyo_main_00039"},{"time":3.6,"name":"EF/ef_cyo_main/ef_cyo_main_00041"},{"time":3.6666,"name":"EF/ef_cyo_main/ef_cyo_main_00043"},{"time":3.7333,"name":"EF/ef_cyo_main/ef_cyo_main_00045"},{"time":3.8,"name":"EF/ef_cyo_main/ef_cyo_main_00047"},{"time":3.8666,"name":"EF/ef_cyo_main/ef_cyo_main_00049"},{"time":3.9333,"name":null}],"color":[{"time":2.3333,"color":"ffffff00"},{"time":2.6666,"color":"ffffffff","curve":"stepped"},{"time":3.6333,"color":"ffffffff"},{"time":3.9333,"color":"ffffff00"}]},"EF_butterfly1_4":{"attachment":[{"time":2.3666,"name":"EF/ef_cyo_main/ef_cyo_main_00002"},{"time":2.4333,"name":"EF/ef_cyo_main/ef_cyo_main_00005"},{"time":2.5,"name":"EF/ef_cyo_main/ef_cyo_main_00007"},{"time":2.5666,"name":"EF/ef_cyo_main/ef_cyo_main_00009"},{"time":2.6333,"name":"EF/ef_cyo_main/ef_cyo_main_00011"},{"time":2.7,"name":"EF/ef_cyo_main/ef_cyo_main_00013"},{"time":2.7666,"name":"EF/ef_cyo_main/ef_cyo_main_00015"},{"time":2.8333,"name":"EF/ef_cyo_main/ef_cyo_main_00017"},{"time":2.9,"name":"EF/ef_cyo_main/ef_cyo_main_00019"},{"time":2.9666,"name":"EF/ef_cyo_main/ef_cyo_main_00021"},{"time":3.0333,"name":"EF/ef_cyo_main/ef_cyo_main_00023"},{"time":3.1,"name":"EF/ef_cyo_main/ef_cyo_main_00025"},{"time":3.1666,"name":"EF/ef_cyo_main/ef_cyo_main_00027"},{"time":3.2333,"name":"EF/ef_cyo_main/ef_cyo_main_00029"},{"time":3.3,"name":"EF/ef_cyo_main/ef_cyo_main_00031"},{"time":3.3666,"name":"EF/ef_cyo_main/ef_cyo_main_00033"},{"time":3.4333,"name":"EF/ef_cyo_main/ef_cyo_main_00035"},{"time":3.5,"name":"EF/ef_cyo_main/ef_cyo_main_00037"},{"time":3.5666,"name":"EF/ef_cyo_main/ef_cyo_main_00039"},{"time":3.6333,"name":"EF/ef_cyo_main/ef_cyo_main_00041"},{"time":3.7,"name":"EF/ef_cyo_main/ef_cyo_main_00043"},{"time":3.7666,"name":"EF/ef_cyo_main/ef_cyo_main_00045"},{"time":3.8333,"name":"EF/ef_cyo_main/ef_cyo_main_00047"},{"time":3.9,"name":"EF/ef_cyo_main/ef_cyo_main_00049"},{"time":3.9666,"name":null}],"color":[{"time":2.3666,"color":"ffffff00"},{"time":2.7,"color":"ffffffff","curve":"stepped"},{"time":3.6666,"color":"ffffffff"},{"time":3.9666,"color":"ffffff00"}]},"EF_butterfly1_5":{"attachment":[{"time":2.4333,"name":"EF/ef_cyo_main/ef_cyo_main_00002"},{"time":2.5,"name":"EF/ef_cyo_main/ef_cyo_main_00005"},{"time":2.5666,"name":"EF/ef_cyo_main/ef_cyo_main_00007"},{"time":2.6333,"name":"EF/ef_cyo_main/ef_cyo_main_00009"},{"time":2.7,"name":"EF/ef_cyo_main/ef_cyo_main_00011"},{"time":2.7666,"name":"EF/ef_cyo_main/ef_cyo_main_00013"},{"time":2.8333,"name":"EF/ef_cyo_main/ef_cyo_main_00015"},{"time":2.9,"name":"EF/ef_cyo_main/ef_cyo_main_00017"},{"time":2.9666,"name":"EF/ef_cyo_main/ef_cyo_main_00019"},{"time":3.0333,"name":"EF/ef_cyo_main/ef_cyo_main_00021"},{"time":3.1,"name":"EF/ef_cyo_main/ef_cyo_main_00023"},{"time":3.1666,"name":"EF/ef_cyo_main/ef_cyo_main_00025"},{"time":3.2333,"name":"EF/ef_cyo_main/ef_cyo_main_00027"},{"time":3.3,"name":"EF/ef_cyo_main/ef_cyo_main_00029"},{"time":3.3666,"name":"EF/ef_cyo_main/ef_cyo_main_00031"},{"time":3.4333,"name":"EF/ef_cyo_main/ef_cyo_main_00033"},{"time":3.5,"name":"EF/ef_cyo_main/ef_cyo_main_00035"},{"time":3.5666,"name":"EF/ef_cyo_main/ef_cyo_main_00037"},{"time":3.6333,"name":"EF/ef_cyo_main/ef_cyo_main_00039"},{"time":3.7,"name":"EF/ef_cyo_main/ef_cyo_main_00041"},{"time":3.7666,"name":"EF/ef_cyo_main/ef_cyo_main_00043"},{"time":3.8333,"name":"EF/ef_cyo_main/ef_cyo_main_00045"},{"time":3.9,"name":"EF/ef_cyo_main/ef_cyo_main_00047"},{"time":3.9666,"name":"EF/ef_cyo_main/ef_cyo_main_00049"},{"time":4.0333,"name":null}],"color":[{"time":2.4333,"color":"ffffff00"},{"time":2.7666,"color":"ffffffff","curve":"stepped"},{"time":3.7333,"color":"ffffffff"},{"time":4.0333,"color":"ffffff00"}]},"EF_butterfly1_6":{"attachment":[{"time":2.4,"name":"EF/ef_cyo_main/ef_cyo_main_00002"},{"time":2.4666,"name":"EF/ef_cyo_main/ef_cyo_main_00005"},{"time":2.5333,"name":"EF/ef_cyo_main/ef_cyo_main_00007"},{"time":2.6,"name":"EF/ef_cyo_main/ef_cyo_main_00009"},{"time":2.6666,"name":"EF/ef_cyo_main/ef_cyo_main_00011"},{"time":2.7333,"name":"EF/ef_cyo_main/ef_cyo_main_00013"},{"time":2.8,"name":"EF/ef_cyo_main/ef_cyo_main_00015"},{"time":2.8666,"name":"EF/ef_cyo_main/ef_cyo_main_00017"},{"time":2.9333,"name":"EF/ef_cyo_main/ef_cyo_main_00019"},{"time":3,"name":"EF/ef_cyo_main/ef_cyo_main_00021"},{"time":3.0666,"name":"EF/ef_cyo_main/ef_cyo_main_00023"},{"time":3.1333,"name":"EF/ef_cyo_main/ef_cyo_main_00025"},{"time":3.2,"name":"EF/ef_cyo_main/ef_cyo_main_00027"},{"time":3.2666,"name":"EF/ef_cyo_main/ef_cyo_main_00029"},{"time":3.3333,"name":"EF/ef_cyo_main/ef_cyo_main_00031"},{"time":3.4,"name":"EF/ef_cyo_main/ef_cyo_main_00033"},{"time":3.4666,"name":"EF/ef_cyo_main/ef_cyo_main_00035"},{"time":3.5333,"name":"EF/ef_cyo_main/ef_cyo_main_00037"},{"time":3.6,"name":"EF/ef_cyo_main/ef_cyo_main_00039"},{"time":3.6666,"name":"EF/ef_cyo_main/ef_cyo_main_00041"},{"time":3.7333,"name":"EF/ef_cyo_main/ef_cyo_main_00043"},{"time":3.8,"name":"EF/ef_cyo_main/ef_cyo_main_00045"},{"time":3.8666,"name":"EF/ef_cyo_main/ef_cyo_main_00047"},{"time":3.9333,"name":"EF/ef_cyo_main/ef_cyo_main_00049"},{"time":4,"name":null}],"color":[{"time":2.4,"color":"ffffff00"},{"time":2.7333,"color":"ffffffff","curve":"stepped"},{"time":3.7,"color":"ffffffff"},{"time":4,"color":"ffffff00"}]},"EF_rainparticle1_1":{"attachment":[{"time":2.4333,"name":"EF/ef_rain_particle_main/ef_rain_particle_main_00001"},{"time":2.5,"name":"EF/ef_rain_particle_main/ef_rain_particle_main_00003"},{"time":2.5666,"name":"EF/ef_rain_particle_main/ef_rain_particle_main_00005"},{"time":2.6333,"name":"EF/ef_rain_particle_main/ef_rain_particle_main_00007"},{"time":2.7,"name":"EF/ef_rain_particle_main/ef_rain_particle_main_00009"},{"time":2.7666,"name":"EF/ef_rain_particle_main/ef_rain_particle_main_00011"},{"time":2.8333,"name":"EF/ef_rain_particle_main/ef_rain_particle_main_00013"},{"time":2.9,"name":"EF/ef_rain_particle_main/ef_rain_particle_main_00015"},{"time":2.9666,"name":"EF/ef_rain_particle_main/ef_rain_particle_main_00017"},{"time":3.0333,"name":"EF/ef_rain_particle_main/ef_rain_particle_main_00019"},{"time":3.1,"name":"EF/ef_rain_particle_main/ef_rain_particle_main_00021"},{"time":3.1666,"name":"EF/ef_rain_particle_main/ef_rain_particle_main_00023"},{"time":3.2333,"name":"EF/ef_rain_particle_main/ef_rain_particle_main_00025"},{"time":3.3333,"name":"EF/ef_rain_particle_main/ef_rain_particle_main_00027"},{"time":3.4333,"name":"EF/ef_rain_particle_main/ef_rain_particle_main_00029"},{"time":3.5333,"name":null}]},"EF_rainparticle1_2":{"attachment":[{"time":2.4666,"name":"EF/ef_rain_particle_main/ef_rain_particle_main_00001"},{"time":2.5333,"name":"EF/ef_rain_particle_main/ef_rain_particle_main_00003"},{"time":2.6,"name":"EF/ef_rain_particle_main/ef_rain_particle_main_00005"},{"time":2.6666,"name":"EF/ef_rain_particle_main/ef_rain_particle_main_00007"},{"time":2.7333,"name":"EF/ef_rain_particle_main/ef_rain_particle_main_00009"},{"time":2.8,"name":"EF/ef_rain_particle_main/ef_rain_particle_main_00011"},{"time":2.8666,"name":"EF/ef_rain_particle_main/ef_rain_particle_main_00013"},{"time":2.9333,"name":"EF/ef_rain_particle_main/ef_rain_particle_main_00015"},{"time":3,"name":"EF/ef_rain_particle_main/ef_rain_particle_main_00017"},{"time":3.0666,"name":"EF/ef_rain_particle_main/ef_rain_particle_main_00019"},{"time":3.1333,"name":"EF/ef_rain_particle_main/ef_rain_particle_main_00021"},{"time":3.2,"name":"EF/ef_rain_particle_main/ef_rain_particle_main_00023"},{"time":3.2666,"name":"EF/ef_rain_particle_main/ef_rain_particle_main_00025"},{"time":3.3666,"name":"EF/ef_rain_particle_main/ef_rain_particle_main_00027"},{"time":3.4666,"name":"EF/ef_rain_particle_main/ef_rain_particle_main_00029"},{"time":3.5666,"name":null}]},"EF_rainparticle1_3":{"attachment":[{"time":2.5666,"name":"EF/ef_rain_particle_main/ef_rain_particle_main_00001"},{"time":2.6333,"name":"EF/ef_rain_particle_main/ef_rain_particle_main_00003"},{"time":2.7,"name":"EF/ef_rain_particle_main/ef_rain_particle_main_00005"},{"time":2.7666,"name":"EF/ef_rain_particle_main/ef_rain_particle_main_00007"},{"time":2.8333,"name":"EF/ef_rain_particle_main/ef_rain_particle_main_00009"},{"time":2.9,"name":"EF/ef_rain_particle_main/ef_rain_particle_main_00011"},{"time":2.9666,"name":"EF/ef_rain_particle_main/ef_rain_particle_main_00013"},{"time":3.0333,"name":"EF/ef_rain_particle_main/ef_rain_particle_main_00015"},{"time":3.1,"name":"EF/ef_rain_particle_main/ef_rain_particle_main_00017"},{"time":3.1666,"name":"EF/ef_rain_particle_main/ef_rain_particle_main_00019"},{"time":3.2333,"name":"EF/ef_rain_particle_main/ef_rain_particle_main_00021"},{"time":3.3,"name":"EF/ef_rain_particle_main/ef_rain_particle_main_00023"},{"time":3.3666,"name":"EF/ef_rain_particle_main/ef_rain_particle_main_00025"},{"time":3.4666,"name":"EF/ef_rain_particle_main/ef_rain_particle_main_00027"},{"time":3.5666,"name":"EF/ef_rain_particle_main/ef_rain_particle_main_00029"},{"time":3.6666,"name":null}]},"EF_rainparticle1_4":{"attachment":[{"time":2.4333,"name":"EF/ef_rain_particle_main/ef_rain_particle_main_00001"},{"time":2.5,"name":"EF/ef_rain_particle_main/ef_rain_particle_main_00003"},{"time":2.5666,"name":"EF/ef_rain_particle_main/ef_rain_particle_main_00005"},{"time":2.6333,"name":"EF/ef_rain_particle_main/ef_rain_particle_main_00007"},{"time":2.7,"name":"EF/ef_rain_particle_main/ef_rain_particle_main_00009"},{"time":2.7666,"name":"EF/ef_rain_particle_main/ef_rain_particle_main_00011"},{"time":2.8333,"name":"EF/ef_rain_particle_main/ef_rain_particle_main_00013"},{"time":2.9,"name":"EF/ef_rain_particle_main/ef_rain_particle_main_00015"},{"time":2.9666,"name":"EF/ef_rain_particle_main/ef_rain_particle_main_00017"},{"time":3.0333,"name":"EF/ef_rain_particle_main/ef_rain_particle_main_00019"},{"time":3.1,"name":"EF/ef_rain_particle_main/ef_rain_particle_main_00021"},{"time":3.1666,"name":"EF/ef_rain_particle_main/ef_rain_particle_main_00023"},{"time":3.2666,"name":"EF/ef_rain_particle_main/ef_rain_particle_main_00025"},{"time":3.3666,"name":"EF/ef_rain_particle_main/ef_rain_particle_main_00027"},{"time":3.4666,"name":"EF/ef_rain_particle_main/ef_rain_particle_main_00029"},{"time":3.5666,"name":null}]},"EF_rainparticle1_5":{"attachment":[{"time":2.5333,"name":"EF/ef_rain_particle_main/ef_rain_particle_main_00001"},{"time":2.6,"name":"EF/ef_rain_particle_main/ef_rain_particle_main_00003"},{"time":2.6666,"name":"EF/ef_rain_particle_main/ef_rain_particle_main_00005"},{"time":2.7333,"name":"EF/ef_rain_particle_main/ef_rain_particle_main_00007"},{"time":2.8,"name":"EF/ef_rain_particle_main/ef_rain_particle_main_00009"},{"time":2.8666,"name":"EF/ef_rain_particle_main/ef_rain_particle_main_00011"},{"time":2.9333,"name":"EF/ef_rain_particle_main/ef_rain_particle_main_00013"},{"time":3,"name":"EF/ef_rain_particle_main/ef_rain_particle_main_00015"},{"time":3.0666,"name":"EF/ef_rain_particle_main/ef_rain_particle_main_00017"},{"time":3.1333,"name":"EF/ef_rain_particle_main/ef_rain_particle_main_00019"},{"time":3.2,"name":"EF/ef_rain_particle_main/ef_rain_particle_main_00021"},{"time":3.2666,"name":"EF/ef_rain_particle_main/ef_rain_particle_main_00023"},{"time":3.3666,"name":"EF/ef_rain_particle_main/ef_rain_particle_main_00025"},{"time":3.4666,"name":"EF/ef_rain_particle_main/ef_rain_particle_main_00027"},{"time":3.6,"name":"EF/ef_rain_particle_main/ef_rain_particle_main_00029"},{"time":3.7,"name":null}]},"EF_rainparticle1_6":{"attachment":[{"time":2.6,"name":"EF/ef_rain_particle_main/ef_rain_particle_main_00001"},{"time":2.6666,"name":"EF/ef_rain_particle_main/ef_rain_particle_main_00003"},{"time":2.7333,"name":"EF/ef_rain_particle_main/ef_rain_particle_main_00005"},{"time":2.8,"name":"EF/ef_rain_particle_main/ef_rain_particle_main_00007"},{"time":2.8666,"name":"EF/ef_rain_particle_main/ef_rain_particle_main_00009"},{"time":2.9333,"name":"EF/ef_rain_particle_main/ef_rain_particle_main_00011"},{"time":3,"name":"EF/ef_rain_particle_main/ef_rain_particle_main_00013"},{"time":3.0666,"name":"EF/ef_rain_particle_main/ef_rain_particle_main_00015"},{"time":3.1333,"name":"EF/ef_rain_particle_main/ef_rain_particle_main_00017"},{"time":3.2,"name":"EF/ef_rain_particle_main/ef_rain_particle_main_00019"},{"time":3.2666,"name":"EF/ef_rain_particle_main/ef_rain_particle_main_00021"},{"time":3.3333,"name":"EF/ef_rain_particle_main/ef_rain_particle_main_00023"},{"time":3.4333,"name":"EF/ef_rain_particle_main/ef_rain_particle_main_00025"},{"time":3.5333,"name":"EF/ef_rain_particle_main/ef_rain_particle_main_00027"},{"time":3.6333,"name":"EF/ef_rain_particle_main/ef_rain_particle_main_00029"},{"time":3.7333,"name":null}]},"EF_shine1_1":{"attachment":[{"time":1.5333,"name":"EF/ef_charge_main/ef_charge_main_00023"},{"time":1.6333,"name":"EF/ef_charge_main/ef_charge_main_00024"},{"time":1.7333,"name":"EF/ef_charge_main/ef_charge_main_00025"}],"color":[{"time":1.6666,"color":"ffffffff"},{"time":2,"color":"ffffffc7"},{"time":2.3333,"color":"ffffffff"},{"time":2.6666,"color":"ffffffc7"},{"time":3,"color":"ffffffff"},{"time":3.3333,"color":"ffffffc7"},{"time":3.6666,"color":"ffffff00"}]}},"bones":{"EF_butterfly1_1":{"translate":[{"time":2.1666,"x":-244.02,"y":134.99}]},"EF_butterfly1_2":{"translate":[{"time":2.2333,"x":-80.47,"y":-40.23}],"scale":[{"time":2.2333,"x":-1,"y":1}]},"EF_butterfly1_3":{"translate":[{"time":2.3333,"x":-241.42,"y":-67.49}]},"EF_butterfly1_4":{"translate":[{"time":2.3666,"x":-64.62,"y":144.71}],"scale":[{"time":2.3666,"x":-1,"y":1}]},"EF_butterfly1_5":{"translate":[{"time":2.4333,"x":-332.92,"y":44.98}]},"EF_butterfly1_6":{"translate":[{"time":2.4,"x":2.24,"y":65.23}],"scale":[{"time":2.4,"x":-1,"y":1}]},"EF_rainparticle1_1":{"translate":[{"time":2.4333,"x":-364.41,"y":296.92,"curve":"stepped"},{"time":3.7,"x":-364.41,"y":296.92}],"scale":[{"time":2.4333,"x":1.539,"y":1.539}]},"EF_rainparticle1_6":{"translate":[{"time":2.6,"x":93.99,"y":216.01}],"scale":[{"time":2.6,"x":-1.54,"y":1.539}]},"EF_rainparticle1_5":{"translate":[{"time":2.5333,"x":46.17,"y":290.22}],"scale":[{"time":2.5333,"x":-1.54,"y":1.539}]},"EF_rainparticle1_4":{"translate":[{"time":2.4333,"x":26.38,"y":95.64}],"scale":[{"time":2.4333,"x":-1.54,"y":1.539}]},"EF_rainparticle1_3":{"translate":[{"time":2.5666,"x":-411.83,"y":179.71}],"scale":[{"time":2.5666,"x":1.539,"y":1.539}]},"EF_rainparticle1_2":{"translate":[{"time":2.4666,"x":-327.68,"y":69.27}],"scale":[{"time":2.4666,"x":1.539,"y":1.539}]},"EF_shine1_1":{"translate":[{"time":1.5333,"x":-267.24,"y":196.9},{"time":1.6666,"x":-266.18,"y":224.51}],"scale":[{"time":1.5333,"x":1.372,"y":1.372}]}},"events":[{"time":1.9333,"name":"Event"}]},"2-skill3":{"slots":{"EF_dust1_1":{"attachment":[{"time":3.2333,"name":"EF/ef_tuti_green/ef_tuti_green_00001"},{"time":3.2666,"name":"EF/ef_tuti_green/ef_tuti_green_00002"},{"time":3.3,"name":"EF/ef_tuti_green/ef_tuti_green_00003"},{"time":3.3333,"name":"EF/ef_tuti_green/ef_tuti_green_00004"},{"time":3.3666,"name":"EF/ef_tuti_green/ef_tuti_green_00005"},{"time":3.4,"name":"EF/ef_tuti_green/ef_tuti_green_00006"},{"time":3.4333,"name":"EF/ef_tuti_green/ef_tuti_green_00007"},{"time":3.4666,"name":"EF/ef_tuti_green/ef_tuti_green_00008"},{"time":3.5,"name":"EF/ef_tuti_green/ef_tuti_green_00009"},{"time":3.5666,"name":"EF/ef_tuti_green/ef_tuti_green_00010"},{"time":3.6333,"name":"EF/ef_tuti_green/ef_tuti_green_00011"},{"time":3.7,"name":"EF/ef_tuti_green/ef_tuti_green_00012"},{"time":3.7666,"name":"EF/ef_tuti_green/ef_tuti_green_00013"},{"time":3.8333,"name":"EF/ef_tuti_green/ef_tuti_green_00014"},{"time":3.9,"name":"EF/ef_tuti_green/ef_tuti_green_00015"},{"time":3.9666,"name":"EF/ef_tuti_green/ef_tuti_green_00016"},{"time":4.0333,"name":"EF/ef_tuti_green/ef_tuti_green_00017"},{"time":4.1,"name":null}],"color":[{"time":3.7333,"color":"ffffffff"},{"time":4.1,"color":"ffffff00"}]},"EF_energyball1_1":{"attachment":[{"time":0.9666,"name":"EF/ef_energy_ball_main/ef_energy_ball_main_00005"},{"time":1.0333,"name":"EF/ef_energy_ball_main/ef_energy_ball_main_00006"},{"time":1.1,"name":"EF/ef_energy_ball_main/ef_energy_ball_main_00008"},{"time":1.1666,"name":"EF/ef_energy_ball_main/ef_energy_ball_main_00010"},{"time":1.2333,"name":"EF/ef_energy_ball_main/ef_energy_ball_main_00012"},{"time":1.3,"name":"EF/ef_energy_ball_main/ef_energy_ball_main_00014"},{"time":1.3666,"name":"EF/ef_energy_ball_main/ef_energy_ball_main_00016"},{"time":1.4333,"name":"EF/ef_energy_ball_main/ef_energy_ball_main_00018"},{"time":1.5,"name":"EF/ef_energy_ball_main/ef_energy_ball_main_00020"},{"time":1.5666,"name":"EF/ef_energy_ball_main/ef_energy_ball_main_00012"},{"time":1.6333,"name":"EF/ef_energy_ball_main/ef_energy_ball_main_00014"},{"time":1.7,"name":"EF/ef_energy_ball_main/ef_energy_ball_main_00016"},{"time":1.7666,"name":"EF/ef_energy_ball_main/ef_energy_ball_main_00018"},{"time":1.8333,"name":"EF/ef_energy_ball_main/ef_energy_ball_main_00020"},{"time":1.9,"name":"EF/ef_energy_ball_main/ef_energy_ball_main_00012"},{"time":1.9666,"name":"EF/ef_energy_ball_main/ef_energy_ball_main_00014"},{"time":2.0333,"name":"EF/ef_energy_ball_main/ef_energy_ball_main_00016"},{"time":2.1,"name":"EF/ef_energy_ball_main/ef_energy_ball_main_00018"},{"time":2.1666,"name":"EF/ef_energy_ball_main/ef_energy_ball_main_00020"},{"time":2.2333,"name":"EF/ef_energy_ball_main/ef_energy_ball_main_00012"},{"time":2.3,"name":"EF/ef_energy_ball_main/ef_energy_ball_main_00014"},{"time":2.3666,"name":"EF/ef_energy_ball_main/ef_energy_ball_main_00016"},{"time":2.4333,"name":"EF/ef_energy_ball_main/ef_energy_ball_main_00018"},{"time":2.5,"name":"EF/ef_energy_ball_main/ef_energy_ball_main_00020"},{"time":2.5666,"name":"EF/ef_energy_ball_main/ef_energy_ball_main_00012"},{"time":2.6333,"name":"EF/ef_energy_ball_main/ef_energy_ball_main_00014"},{"time":2.7,"name":"EF/ef_energy_ball_main/ef_energy_ball_main_00016"},{"time":2.7666,"name":"EF/ef_energy_ball_main/ef_energy_ball_main_00018"},{"time":2.8333,"name":"EF/ef_energy_ball_main/ef_energy_ball_main_00020"},{"time":2.9333,"name":null}],"color":[{"time":2.7666,"color":"ffffffff","curve":[0.047,0.74,0.23,0.96]},{"time":2.9333,"color":"ffffff00"}]},"EF_explosion1_1":{"attachment":[{"time":2.8,"name":"EF/ef_explosion/ef_energy_ball_main_00053"},{"time":2.8666,"name":"EF/ef_explosion/ef_energy_ball_main_00054"},{"time":2.9333,"name":"EF/ef_explosion/ef_energy_ball_main_00056"},{"time":3,"name":"EF/ef_explosion/ef_energy_ball_main_00058"},{"time":3.0666,"name":"EF/ef_explosion/ef_energy_ball_main_00060"},{"time":3.1333,"name":"EF/ef_explosion/ef_energy_ball_main_00062"},{"time":3.2666,"name":"EF/ef_explosion/ef_energy_ball_main_00063"},{"time":3.4,"name":null}],"color":[{"time":2.7333,"color":"ffffff00"},{"time":2.9333,"color":"ffffffff","curve":"stepped"},{"time":3.1666,"color":"ffffffff"},{"time":3.4,"color":"ffffff00"}]},"EF_shine1_1":{"attachment":[{"time":3,"name":"EF/ef_charge_main/ef_charge_main_00023"},{"time":3.0666,"name":"EF/ef_charge_main/ef_charge_main_00024"},{"time":3.1666,"name":"EF/ef_charge_main/ef_charge_main_00025"},{"time":4.3333,"name":null}],"color":[{"time":3,"color":"ffffffff","curve":[0.49,0.09,0.791,0.38]},{"time":4.3333,"color":"ffffff00"}]},"EF_shot1_1":{"attachment":[{"time":2.4,"name":"EF/ef_shot_particle_main/ef_shot_particle_main_00003"},{"time":2.4666,"name":"EF/ef_shot_particle_main/ef_shot_particle_main_00004"},{"time":2.5333,"name":"EF/ef_shot_particle_main/ef_shot_particle_main_00005"},{"time":2.6,"name":"EF/ef_shot_particle_main/ef_shot_particle_main_00006"},{"time":2.6666,"name":"EF/ef_shot_particle_main/ef_shot_particle_main_00007"},{"time":2.7333,"name":"EF/ef_shot_particle_main/ef_shot_particle_main_00008"},{"time":2.8,"name":"EF/ef_shot_particle_main/ef_shot_particle_main_00009"},{"time":2.8666,"name":"EF/ef_shot_particle_main/ef_shot_particle_main_00010"},{"time":2.9333,"name":"EF/ef_shot_particle_main/ef_shot_particle_main_00011"},{"time":3,"name":"EF/ef_shot_particle_main/ef_shot_particle_main_00012"},{"time":3.0666,"name":null}]},"EF_shot1_2":{"attachment":[{"time":2.4333,"name":"EF/ef_shot_particle_main/ef_shot_particle_main_00003"},{"time":2.5,"name":"EF/ef_shot_particle_main/ef_shot_particle_main_00004"},{"time":2.5666,"name":"EF/ef_shot_particle_main/ef_shot_particle_main_00005"},{"time":2.6333,"name":"EF/ef_shot_particle_main/ef_shot_particle_main_00006"},{"time":2.7,"name":"EF/ef_shot_particle_main/ef_shot_particle_main_00007"},{"time":2.7666,"name":"EF/ef_shot_particle_main/ef_shot_particle_main_00008"},{"time":2.8333,"name":"EF/ef_shot_particle_main/ef_shot_particle_main_00009"},{"time":2.9,"name":"EF/ef_shot_particle_main/ef_shot_particle_main_00010"},{"time":2.9666,"name":"EF/ef_shot_particle_main/ef_shot_particle_main_00011"},{"time":3.0333,"name":"EF/ef_shot_particle_main/ef_shot_particle_main_00012"},{"time":3.1,"name":null}]},"EF_shot1_3":{"attachment":[{"time":2.4333,"name":"EF/ef_shot_particle_main/ef_shot_particle_main_00003"},{"time":2.5,"name":"EF/ef_shot_particle_main/ef_shot_particle_main_00004"},{"time":2.5666,"name":"EF/ef_shot_particle_main/ef_shot_particle_main_00005"},{"time":2.6333,"name":"EF/ef_shot_particle_main/ef_shot_particle_main_00006"},{"time":2.7,"name":"EF/ef_shot_particle_main/ef_shot_particle_main_00007"},{"time":2.7666,"name":"EF/ef_shot_particle_main/ef_shot_particle_main_00008"},{"time":2.8333,"name":"EF/ef_shot_particle_main/ef_shot_particle_main_00009"},{"time":2.9,"name":"EF/ef_shot_particle_main/ef_shot_particle_main_00010"},{"time":2.9666,"name":"EF/ef_shot_particle_main/ef_shot_particle_main_00011"},{"time":3.0333,"name":"EF/ef_shot_particle_main/ef_shot_particle_main_00012"},{"time":3.1,"name":null}]},"EF_shot1_4":{"attachment":[{"time":2.5333,"name":"EF/ef_shot_particle_main/ef_shot_particle_main_00003"},{"time":2.6,"name":"EF/ef_shot_particle_main/ef_shot_particle_main_00004"},{"time":2.6666,"name":"EF/ef_shot_particle_main/ef_shot_particle_main_00005"},{"time":2.7333,"name":"EF/ef_shot_particle_main/ef_shot_particle_main_00006"},{"time":2.8,"name":"EF/ef_shot_particle_main/ef_shot_particle_main_00007"},{"time":2.8666,"name":"EF/ef_shot_particle_main/ef_shot_particle_main_00008"},{"time":2.9333,"name":"EF/ef_shot_particle_main/ef_shot_particle_main_00009"},{"time":3,"name":"EF/ef_shot_particle_main/ef_shot_particle_main_00010"},{"time":3.0666,"name":"EF/ef_shot_particle_main/ef_shot_particle_main_00011"},{"time":3.1333,"name":"EF/ef_shot_particle_main/ef_shot_particle_main_00012"},{"time":3.2,"name":null}]},"EF_shot1_5":{"attachment":[{"time":2.6,"name":"EF/ef_shot_particle_main/ef_shot_particle_main_00003"},{"time":2.6666,"name":"EF/ef_shot_particle_main/ef_shot_particle_main_00004"},{"time":2.7333,"name":"EF/ef_shot_particle_main/ef_shot_particle_main_00005"},{"time":2.8,"name":"EF/ef_shot_particle_main/ef_shot_particle_main_00006"},{"time":2.8666,"name":"EF/ef_shot_particle_main/ef_shot_particle_main_00007"},{"time":2.9333,"name":"EF/ef_shot_particle_main/ef_shot_particle_main_00008"},{"time":3,"name":"EF/ef_shot_particle_main/ef_shot_particle_main_00009"},{"time":3.0666,"name":"EF/ef_shot_particle_main/ef_shot_particle_main_00010"},{"time":3.1333,"name":"EF/ef_shot_particle_main/ef_shot_particle_main_00011"},{"time":3.2,"name":"EF/ef_shot_particle_main/ef_shot_particle_main_00012"},{"time":3.2666,"name":null}]},"EF_shot1_6":{"attachment":[{"time":2.7,"name":"EF/ef_shot_particle_main/ef_shot_particle_main_00003"},{"time":2.7666,"name":"EF/ef_shot_particle_main/ef_shot_particle_main_00004"},{"time":2.8333,"name":"EF/ef_shot_particle_main/ef_shot_particle_main_00005"},{"time":2.9,"name":"EF/ef_shot_particle_main/ef_shot_particle_main_00006"},{"time":2.9666,"name":"EF/ef_shot_particle_main/ef_shot_particle_main_00007"},{"time":3.0333,"name":"EF/ef_shot_particle_main/ef_shot_particle_main_00008"},{"time":3.1,"name":"EF/ef_shot_particle_main/ef_shot_particle_main_00009"},{"time":3.1666,"name":"EF/ef_shot_particle_main/ef_shot_particle_main_00010"},{"time":3.2333,"name":"EF/ef_shot_particle_main/ef_shot_particle_main_00011"},{"time":3.3,"name":"EF/ef_shot_particle_main/ef_shot_particle_main_00012"},{"time":3.3666,"name":null}]},"EF_shot1_7":{"attachment":[{"time":2.6333,"name":"EF/ef_shot_particle_main/ef_shot_particle_main_00003"},{"time":2.7,"name":"EF/ef_shot_particle_main/ef_shot_particle_main_00004"},{"time":2.7666,"name":"EF/ef_shot_particle_main/ef_shot_particle_main_00005"},{"time":2.8333,"name":"EF/ef_shot_particle_main/ef_shot_particle_main_00006"},{"time":2.9,"name":"EF/ef_shot_particle_main/ef_shot_particle_main_00007"},{"time":2.9666,"name":"EF/ef_shot_particle_main/ef_shot_particle_main_00008"},{"time":3.0333,"name":"EF/ef_shot_particle_main/ef_shot_particle_main_00009"},{"time":3.1,"name":"EF/ef_shot_particle_main/ef_shot_particle_main_00010"},{"time":3.1666,"name":"EF/ef_shot_particle_main/ef_shot_particle_main_00011"},{"time":3.2333,"name":"EF/ef_shot_particle_main/ef_shot_particle_main_00012"},{"time":3.3,"name":null}]},"EF_shot1_8":{"attachment":[{"time":2.8,"name":"EF/ef_shot_particle_main/ef_shot_particle_main_00003"},{"time":2.8666,"name":"EF/ef_shot_particle_main/ef_shot_particle_main_00004"},{"time":2.9333,"name":"EF/ef_shot_particle_main/ef_shot_particle_main_00005"},{"time":3,"name":"EF/ef_shot_particle_main/ef_shot_particle_main_00006"},{"time":3.0666,"name":"EF/ef_shot_particle_main/ef_shot_particle_main_00007"},{"time":3.1333,"name":"EF/ef_shot_particle_main/ef_shot_particle_main_00008"},{"time":3.2,"name":"EF/ef_shot_particle_main/ef_shot_particle_main_00009"},{"time":3.2666,"name":"EF/ef_shot_particle_main/ef_shot_particle_main_00010"},{"time":3.3333,"name":"EF/ef_shot_particle_main/ef_shot_particle_main_00011"},{"time":3.4,"name":"EF/ef_shot_particle_main/ef_shot_particle_main_00012"},{"time":3.4666,"name":null}]},"EF_shot1_9":{"attachment":[{"time":2.8333,"name":"EF/ef_shot_particle_main/ef_shot_particle_main_00003"},{"time":2.9,"name":"EF/ef_shot_particle_main/ef_shot_particle_main_00004"},{"time":2.9666,"name":"EF/ef_shot_particle_main/ef_shot_particle_main_00005"},{"time":3.0333,"name":"EF/ef_shot_particle_main/ef_shot_particle_main_00006"},{"time":3.1,"name":"EF/ef_shot_particle_main/ef_shot_particle_main_00007"},{"time":3.1666,"name":"EF/ef_shot_particle_main/ef_shot_particle_main_00008"},{"time":3.2333,"name":"EF/ef_shot_particle_main/ef_shot_particle_main_00009"},{"time":3.3,"name":"EF/ef_shot_particle_main/ef_shot_particle_main_00010"},{"time":3.3666,"name":"EF/ef_shot_particle_main/ef_shot_particle_main_00011"},{"time":3.4333,"name":"EF/ef_shot_particle_main/ef_shot_particle_main_00012"},{"time":3.5,"name":null}]},"EF_smoke1_1":{"attachment":[{"time":3,"name":"EF/ef_EX_smoke_main/ef_EX_smoke_main_00001"},{"time":3.0333,"name":"EF/ef_EX_smoke_main/ef_EX_smoke_main_00002"},{"time":3.0666,"name":"EF/ef_EX_smoke_main/ef_EX_smoke_main_00003"},{"time":3.1,"name":"EF/ef_EX_smoke_main/ef_EX_smoke_main_00004"},{"time":3.1333,"name":"EF/ef_EX_smoke_main/ef_EX_smoke_main_00005"},{"time":3.1666,"name":"EF/ef_EX_smoke_main/ef_EX_smoke_main_00006"},{"time":3.2,"name":"EF/ef_EX_smoke_main/ef_EX_smoke_main_00007"},{"time":3.2666,"name":"EF/ef_EX_smoke_main/ef_EX_smoke_main_00008"},{"time":3.3333,"name":"EF/ef_EX_smoke_main/ef_EX_smoke_main_00009"},{"time":3.4,"name":"EF/ef_EX_smoke_main/ef_EX_smoke_main_00010"},{"time":3.4666,"name":"EF/ef_EX_smoke_main/ef_EX_smoke_main_00011"},{"time":3.5333,"name":"EF/ef_EX_smoke_main/ef_EX_smoke_main_00012"},{"time":3.6,"name":"EF/ef_EX_smoke_main/ef_EX_smoke_main_00013"},{"time":3.6666,"name":null}],"color":[{"time":3.3,"color":"ffffffff","curve":[0.151,0.61,0.75,1]},{"time":3.6666,"color":"ffffff00"}]},"EF_wind1_1":{"attachment":[{"time":3,"name":"EF/ef_wind_green/ef_wind_green_00001"},{"time":3.0666,"name":"EF/ef_wind_green/ef_wind_green_00003"},{"time":3.1333,"name":"EF/ef_wind_green/ef_wind_green_00005"},{"time":3.2,"name":"EF/ef_wind_green/ef_wind_green_00007"},{"time":3.2666,"name":"EF/ef_wind_green/ef_wind_green_00009"},{"time":3.3333,"name":"EF/ef_wind_green/ef_wind_green_00011"},{"time":3.4,"name":"EF/ef_wind_green/ef_wind_green_00001"},{"time":3.4666,"name":"EF/ef_wind_green/ef_wind_green_00003"},{"time":3.5333,"name":"EF/ef_wind_green/ef_wind_green_00005"},{"time":3.6,"name":"EF/ef_wind_green/ef_wind_green_00007"},{"time":3.6666,"name":"EF/ef_wind_green/ef_wind_green_00009"},{"time":3.7333,"name":"EF/ef_wind_green/ef_wind_green_00011"},{"time":3.8,"name":"EF/ef_wind_green/ef_wind_green_00001"},{"time":3.8666,"name":"EF/ef_wind_green/ef_wind_green_00003"},{"time":3.9333,"name":"EF/ef_wind_green/ef_wind_green_00005"},{"time":4,"name":"EF/ef_wind_green/ef_wind_green_00007"},{"time":4.0666,"name":"EF/ef_wind_green/ef_wind_green_00009"},{"time":4.1333,"name":"EF/ef_wind_green/ef_wind_green_00011"},{"time":4.2,"name":"EF/ef_wind_green/ef_wind_green_00001"},{"time":4.2666,"name":"EF/ef_wind_green/ef_wind_green_00003"},{"time":4.3333,"name":"EF/ef_wind_green/ef_wind_green_00005"},{"time":4.4,"name":"EF/ef_wind_green/ef_wind_green_00007"},{"time":4.4666,"name":"EF/ef_wind_green/ef_wind_green_00009"},{"time":4.5333,"name":null}],"color":[{"time":3.5,"color":"ffffffff","curve":[0.095,0.32,0.75,1]},{"time":4.5333,"color":"ffffff00"}]}},"bones":{"EF_energyball1_1":{"translate":[{"time":0.9666,"x":-147.19,"y":344.74,"curve":"stepped"},{"time":2.3666,"x":-147.19,"y":344.74,"curve":[0.239,0,0.823,0.25]},{"time":2.8,"x":-531.03,"y":24.19,"curve":[0.408,0.31,0.745,0.65]},{"time":2.8333,"x":-612.88,"y":-55.86}],"scale":[{"time":0.9666,"x":2.5,"y":2.5,"curve":"stepped"},{"time":2.7666,"x":2.5,"y":2.5,"curve":[0.047,0.74,0.23,0.96]},{"time":2.9333,"x":3.593,"y":3.593}]},"EF_explosion1_1":{"translate":[{"time":2.8,"x":-580.83,"y":21.09},{"time":2.8333,"x":-661.21,"y":-45}],"scale":[{"time":2.8,"x":1,"y":1,"curve":[0.122,0.7,0.457,0.89]},{"time":3.3666,"x":5,"y":5}]},"EF_shot1_1":{"rotate":[{"time":2.4,"angle":-319.2}],"translate":[{"time":2.4,"x":-295.71,"y":357.84}],"scale":[{"time":2.4,"x":2.5,"y":2.5}]},"EF_shot1_9":{"rotate":[{"time":2.8333,"angle":-140.77}],"translate":[{"time":2.8333,"x":-720.04,"y":105.43}],"scale":[{"time":2.8333,"x":-3.5,"y":3.5}]},"EF_shot1_8":{"rotate":[{"time":2.8,"angle":-315.83}],"translate":[{"time":2.8,"x":-572.76,"y":33.52}],"scale":[{"time":2.8,"x":2.472,"y":2.472}]},"EF_shot1_7":{"rotate":[{"time":2.6333,"angle":-320.44}],"translate":[{"time":2.6333,"x":-354.83,"y":206.75}],"scale":[{"time":2.6333,"x":2.472,"y":2.472}]},"EF_shot1_6":{"rotate":[{"time":2.7,"angle":-320.44}],"translate":[{"time":2.7,"x":-621.89,"y":98.08}],"scale":[{"time":2.7,"x":4,"y":4}]},"EF_shot1_5":{"rotate":[{"time":2.6,"angle":-320.44}],"translate":[{"time":2.6,"x":-519.81,"y":182.42}],"scale":[{"time":2.6,"x":6,"y":6}]},"EF_shot1_4":{"rotate":[{"time":2.5333,"angle":-323.17}],"translate":[{"time":2.5333,"x":-387.82,"y":159.33}],"scale":[{"time":2.5333,"x":2.5,"y":2.5}]},"EF_shot1_3":{"rotate":[{"time":2.4333,"angle":-319.2}],"translate":[{"time":2.4333,"x":-413.95,"y":394.51}],"scale":[{"time":2.4333,"x":2.5,"y":2.5}]},"EF_shot1_2":{"rotate":[{"time":2.4333,"angle":-319.2}],"translate":[{"time":2.4333,"x":-400.1,"y":349.38}],"scale":[{"time":2.4333,"x":2.5,"y":2.5}]},"EF_shine1_1":{"translate":[{"time":3,"x":-721.37,"y":47.36}],"scale":[{"time":3,"x":9.907,"y":9.907,"curve":[0.182,0.77,0.75,1]},{"time":3.2666,"x":15.043,"y":15.043}]},"EF_smoke1_1":{"translate":[{"time":3,"x":-619.69,"y":0}],"scale":[{"time":3,"x":4.5,"y":4.5}]},"EF_dust1_1":{"translate":[{"time":3.2333,"x":-673.15,"y":0}],"scale":[{"time":3.2333,"x":4.5,"y":4.5}]},"EF_wind1_1":{"translate":[{"time":3,"x":-726.6,"y":-47.51}],"scale":[{"time":3,"x":9,"y":9}]}}},"empty":{},"explosion":{"slots":{"EF_shine1_1":{"attachment":[{"time":0,"name":"EF/ef_charge_main/ef_charge_main_00023"},{"time":0.1,"name":"EF/ef_charge_main/ef_charge_main_00024"},{"time":0.2666,"name":"EF/ef_charge_main/ef_charge_main_00025"},{"time":0.4666,"name":null}],"color":[{"time":0.2333,"color":"ffffffff"},{"time":0.4666,"color":"ffffff00"}]},"EF_wave1_1":{"attachment":[{"time":0,"name":"EF/ef_wave_green/ef_wave_green_00001"},{"time":0.0333,"name":"EF/ef_wave_green/ef_wave_green_00003"},{"time":0.0666,"name":"EF/ef_wave_green/ef_wave_green_00005"},{"time":0.1333,"name":"EF/ef_wave_green/ef_wave_green_00007"},{"time":0.2,"name":"EF/ef_wave_green/ef_wave_green_00009"},{"time":0.2666,"name":"EF/ef_wave_green/ef_wave_green_00010"},{"time":0.3333,"name":null}],"color":[{"time":0.2333,"color":"ffffffff"},{"time":0.3333,"color":"ffffff00"}]}},"bones":{"EF_wave1_1":{"translate":[{"time":0,"x":-199.96,"y":-49.79}],"scale":[{"time":0,"x":2.5,"y":2.5},{"time":0.3,"x":4,"y":4}]},"EF_shine1_1":{"translate":[{"time":0,"x":-250,"y":-50}],"scale":[{"time":0,"x":1,"y":1,"curve":[0.18,0.59,0.75,1]},{"time":0.4333,"x":1.1,"y":1.1}]}},"events":[{"time":0,"name":"Event","string":"setPosition_TargetMain"},{"time":0,"name":"Sound1","string":"cri_se_battle_036_explosion_element_04"}]},"shot":{"slots":{"DAMAGEAREA":{"attachment":[{"time":0,"name":"DAMAGEAREA"},{"time":0.6333,"name":null}]},"EF_shot1_1":{"attachment":[{"time":0,"name":"EF/ef_shot_particle_main/ef_shot_particle_main_00003"},{"time":0.0666,"name":"EF/ef_shot_particle_main/ef_shot_particle_main_00004"},{"time":0.1333,"name":"EF/ef_shot_particle_main/ef_shot_particle_main_00005"},{"time":0.2,"name":"EF/ef_shot_particle_main/ef_shot_particle_main_00006"},{"time":0.2666,"name":"EF/ef_shot_particle_main/ef_shot_particle_main_00007"},{"time":0.3333,"name":"EF/ef_shot_particle_main/ef_shot_particle_main_00008"},{"time":0.4,"name":"EF/ef_shot_particle_main/ef_shot_particle_main_00009"},{"time":0.4666,"name":"EF/ef_shot_particle_main/ef_shot_particle_main_00010"},{"time":0.5333,"name":"EF/ef_shot_particle_main/ef_shot_particle_main_00011"},{"time":0.6,"name":"EF/ef_shot_particle_main/ef_shot_particle_main_00012"},{"time":0.6666,"name":null}]},"EF_shot2_1":{"attachment":[{"time":0,"name":"EF/ef_shot/ef_shot_green_00001"},{"time":0.0666,"name":"EF/ef_shot/ef_shot_green_00002"},{"time":0.1333,"name":"EF/ef_shot/ef_shot_green_00003"},{"time":0.2,"name":"EF/ef_shot/ef_shot_green_00004"},{"time":0.2666,"name":"EF/ef_shot/ef_shot_green_00005"},{"time":0.3333,"name":"EF/ef_shot/ef_shot_green_00006"},{"time":0.4,"name":"EF/ef_shot/ef_shot_green_00007"},{"time":0.4666,"name":"EF/ef_shot/ef_shot_green_00008"},{"time":0.5333,"name":"EF/ef_shot/ef_shot_green_00009"},{"time":0.6,"name":"EF/ef_shot/ef_shot_green_00010"},{"time":0.6666,"name":null}],"color":[{"time":0.5,"color":"ffffffff"},{"time":0.6666,"color":"ffffff00"}]}},"bones":{"EF_shot2_1":{"translate":[{"time":0,"x":-333.2,"y":-20,"curve":[0.185,1.04,0.574,0.99]},{"time":0.6666,"x":-600,"y":-20}],"scale":[{"time":0,"x":2.5,"y":2.5}]},"EF_shot1_1":{"translate":[{"time":0,"x":-383.2,"y":-20,"curve":[0.107,1.05,0.832,1.04]},{"time":0.6666,"x":-650,"y":-20}],"scale":[{"time":0,"x":1.25,"y":1.25}]},"DAMAGEAREA":{"translate":[{"time":0,"x":-98.28,"y":71.88,"curve":[0.183,1.07,0.687,0.99]},{"time":0.6,"x":-364.11,"y":77.24}],"scale":[{"time":0,"x":0.79,"y":0.568}]}},"events":[{"time":0,"name":"Event","float":0.2,"string":"kHitStopType_enemyonly"},{"time":0,"name":"Sound1","string":"cri_se_battle_arrow_light_effect"},{"time":0,"name":"Sound2","string":"setHitSound(se_battle_007_attack_hit_01)"}]}}}