{"skeleton":{"hash":"b6/2lGsyl/qKQr74DJuPo83b1O4","spine":"3.0.12","width":532,"height":551},"bones":[{"name":"root"},{"name":"MAIN","parent":"root"},{"name":"Boundingbox","parent":"root"}],"slots":[{"name":"tail","bone":"MAIN","attachment":"tail"},{"name":"leftarm","bone":"MAIN","attachment":"leftarm"},{"name":"regs","bone":"MAIN","attachment":"regs"},{"name":"tail_1b","bone":"MAIN","attachment":"tail_1b"},{"name":"tail_1a","bone":"MAIN","attachment":"tail_1a"},{"name":"ring_1b","bone":"MAIN","attachment":"ring_1b"},{"name":"ring_1a","bone":"MAIN","attachment":"ring_1a"},{"name":"rightarm_2a","bone":"MAIN"},{"name":"rightarm_1","bone":"MAIN","attachment":"rightarm_1"},{"name":"ear_1b","bone":"MAIN","attachment":"ear_1b"},{"name":"ear_1a","bone":"MAIN","attachment":"ear_1a"},{"name":"ear_2c","bone":"MAIN"},{"name":"face_1","bone":"MAIN","attachment":"face_1"},{"name":"Boundingbox","bone":"Boundingbox","attachment":"Boundingbox"}],"skins":{"default":{"Boundingbox":{"Boundingbox":{"type":"boundingbox","vertices":[-84.02892,-88.5343,134.40688,-88.5343,133.75288,123.03448,-84.02892,123.03448]}},"ear_1a":{"ear_1a":{"x":-101.5,"y":466.5,"width":349,"height":169},"ear_2a":{"x":-97.5,"y":448.5,"width":341,"height":133},"ear_3a":{"x":-34,"y":487.5,"width":342,"height":211},"ear_4a":{"x":-103,"y":466.5,"width":346,"height":169}},"ear_1b":{"ear_1b":{"x":-102,"y":353.5,"width":94,"height":57},"ear_1c":{"x":-102,"y":350,"width":94,"height":64},"ear_2b":{"x":-95,"y":353.5,"width":80,"height":57},"ear_3b":{"x":-88.5,"y":353.5,"width":67,"height":57}},"ear_2c":{"ear_2c":{"x":-218.5,"y":368.5,"width":19,"height":27}},"face_1":{"face_1":{"x":9,"y":318,"width":128,"height":128},"face_2":{"x":9,"y":318,"width":128,"height":128},"face_3":{"x":9,"y":318,"width":128,"height":128},"face_4":{"x":9,"y":318,"width":128,"height":128},"face_5":{"x":9,"y":318,"width":128,"height":128},"face_6":{"x":9,"y":318,"width":128,"height":128},"face_7":{"x":9,"y":318,"width":128,"height":128},"face_8":{"x":9,"y":318,"width":128,"height":128},"face_9":{"x":9,"y":318,"width":128,"height":128},"face_10":{"x":9,"y":318,"width":128,"height":128}},"leftarm":{"leftarm":{"x":62,"y":190,"width":106,"height":128}},"regs":{"regs":{"x":-26.5,"y":63,"width":327,"height":126}},"rightarm_1":{"rightarm_1":{"x":-55,"y":190,"width":128,"height":128},"rightarm_3":{"x":-55,"y":158,"width":128,"height":64}},"rightarm_2a":{"rightarm_2a":{"x":-55,"y":222,"width":128,"height":64},"rightarm_2b":{"x":-55,"y":222,"width":128,"height":64}},"ring_1a":{"ring_1a":{"x":-144.5,"y":259,"width":21,"height":10}},"ring_1b":{"ring_2":{"x":-105,"y":286,"width":100,"height":64},"ring_1b":{"x":-95,"y":265.5,"width":34,"height":23},"ring_3a":{"x":-83.5,"y":270.5,"width":57,"height":33}},"tail":{"tail":{"x":-169.5,"y":190,"width":101,"height":128}},"tail_1a":{"tail_1a":{"x":196.5,"y":265.5,"width":119,"height":383},"tail_3a":{"x":203,"y":254.5,"width":132,"height":361}},"tail_1b":{"tail_1b":{"x":105,"y":344,"width":64,"height":172},"tail_2b":{"x":105,"y":320,"width":64,"height":124},"tail_3b":{"x":105,"y":338,"width":64,"height":162}}}},"animations":{"1":{"slots":{"Boundingbox":{"attachment":[{"time":0,"name":null}]},"ear_1a":{"attachment":[{"time":0,"name":"ear_1a"}]},"ear_1b":{"attachment":[{"time":0,"name":"ear_1b"}]},"ear_2c":{"attachment":[{"time":0,"name":null}]},"face_1":{"attachment":[{"time":0,"name":"face_1"}]},"leftarm":{"attachment":[{"time":0,"name":"leftarm"}]},"regs":{"attachment":[{"time":0,"name":"regs"}]},"rightarm_1":{"attachment":[{"time":0,"name":"rightarm_1"}]},"rightarm_2a":{"attachment":[{"time":0,"name":null}]},"ring_1a":{"attachment":[{"time":0,"name":"ring_1a"}]},"ring_1b":{"attachment":[{"time":0,"name":"ring_1b"}]},"tail":{"attachment":[{"time":0,"name":"tail"}]},"tail_1a":{"attachment":[{"time":0,"name":"tail_1a"}]},"tail_1b":{"attachment":[{"time":0,"name":"tail_1b"}]}}},"2":{"slots":{"Boundingbox":{"attachment":[{"time":0,"name":null}]},"ear_1a":{"attachment":[{"time":0,"name":"ear_4a"}]},"ear_1b":{"attachment":[{"time":0,"name":"ear_1c"}]},"ear_2c":{"attachment":[{"time":0,"name":null}]},"face_1":{"attachment":[{"time":0,"name":"face_5"}]},"leftarm":{"attachment":[{"time":0,"name":"leftarm"}]},"regs":{"attachment":[{"time":0,"name":"regs"}]},"rightarm_1":{"attachment":[{"time":0,"name":"rightarm_3"}]},"rightarm_2a":{"attachment":[{"time":0,"name":"rightarm_2a"}]},"ring_1a":{"attachment":[{"time":0,"name":null}]},"ring_1b":{"attachment":[{"time":0,"name":"ring_2"}]},"tail":{"attachment":[{"time":0,"name":"tail"}]},"tail_1a":{"attachment":[{"time":0,"name":"tail_3a"}]},"tail_1b":{"attachment":[{"time":0,"name":"tail_3b"}]}}},"3":{"slots":{"Boundingbox":{"attachment":[{"time":0,"name":null}]},"ear_1a":{"attachment":[{"time":0,"name":"ear_3a"}]},"ear_1b":{"attachment":[{"time":0,"name":"ear_3b"}]},"ear_2c":{"attachment":[{"time":0,"name":null}]},"face_1":{"attachment":[{"time":0,"name":"face_3"}]},"leftarm":{"attachment":[{"time":0,"name":"leftarm"}]},"regs":{"attachment":[{"time":0,"name":"regs"}]},"rightarm_1":{"attachment":[{"time":0,"name":"rightarm_3"}]},"rightarm_2a":{"attachment":[{"time":0,"name":"rightarm_2b"}]},"ring_1a":{"attachment":[{"time":0,"name":"ring_1a"}]},"ring_1b":{"attachment":[{"time":0,"name":"ring_3a"}]},"tail":{"attachment":[{"time":0,"name":"tail"}]},"tail_1a":{"attachment":[{"time":0,"name":"tail_1a"}]},"tail_1b":{"attachment":[{"time":0,"name":"tail_2b"}]}}},"4":{"slots":{"Boundingbox":{"attachment":[{"time":0,"name":null}]},"ear_1a":{"attachment":[{"time":0,"name":"ear_2a"}]},"ear_1b":{"attachment":[{"time":0,"name":"ear_2b"}]},"ear_2c":{"attachment":[{"time":0,"name":"ear_2c"}]},"face_1":{"attachment":[{"time":0,"name":"face_4"}]},"leftarm":{"attachment":[{"time":0,"name":"leftarm"}]},"regs":{"attachment":[{"time":0,"name":"regs"}]},"rightarm_1":{"attachment":[{"time":0,"name":"rightarm_1"}]},"rightarm_2a":{"attachment":[{"time":0,"name":null}]},"ring_1a":{"attachment":[{"time":0,"name":"ring_1a"}]},"ring_1b":{"attachment":[{"time":0,"name":"ring_1b"}]},"tail":{"attachment":[{"time":0,"name":"tail"}]},"tail_1a":{"attachment":[{"time":0,"name":"tail_1a"}]},"tail_1b":{"attachment":[{"time":0,"name":"tail_1b"}]}}},"5":{"slots":{"Boundingbox":{"attachment":[{"time":0,"name":null}]},"ear_1a":{"attachment":[{"time":0,"name":"ear_1a"}]},"ear_1b":{"attachment":[{"time":0,"name":"ear_1c"}]},"ear_2c":{"attachment":[{"time":0,"name":null}]},"face_1":{"attachment":[{"time":0,"name":"face_2"}]},"leftarm":{"attachment":[{"time":0,"name":"leftarm"}]},"regs":{"attachment":[{"time":0,"name":"regs"}]},"rightarm_1":{"attachment":[{"time":0,"name":"rightarm_3"}]},"rightarm_2a":{"attachment":[{"time":0,"name":"rightarm_2a"}]},"ring_1a":{"attachment":[{"time":0,"name":"ring_1a"}]},"ring_1b":{"attachment":[{"time":0,"name":"ring_2"}]},"tail":{"attachment":[{"time":0,"name":"tail"}]},"tail_1a":{"attachment":[{"time":0,"name":"tail_1a"}]},"tail_1b":{"attachment":[{"time":0,"name":"tail_1b"}]}}},"6":{"slots":{"Boundingbox":{"attachment":[{"time":0,"name":null}]},"ear_1a":{"attachment":[{"time":0,"name":"ear_3a"}]},"ear_1b":{"attachment":[{"time":0,"name":"ear_3b"}]},"ear_2c":{"attachment":[{"time":0,"name":null}]},"face_1":{"attachment":[{"time":0,"name":"face_6"}]},"leftarm":{"attachment":[{"time":0,"name":"leftarm"}]},"regs":{"attachment":[{"time":0,"name":"regs"}]},"rightarm_1":{"attachment":[{"time":0,"name":"rightarm_1"}]},"rightarm_2a":{"attachment":[{"time":0,"name":null}]},"ring_1a":{"attachment":[{"time":0,"name":"ring_1a"}]},"ring_1b":{"attachment":[{"time":0,"name":"ring_1b"}]},"tail":{"attachment":[{"time":0,"name":"tail"}]},"tail_1a":{"attachment":[{"time":0,"name":"tail_1a"}]},"tail_1b":{"attachment":[{"time":0,"name":"tail_2b"}]}}},"7":{"slots":{"Boundingbox":{"attachment":[{"time":0,"name":null}]},"ear_1a":{"attachment":[{"time":0,"name":"ear_1a"}]},"ear_1b":{"attachment":[{"time":0,"name":"ear_1b"}]},"ear_2c":{"attachment":[{"time":0,"name":null}]},"face_1":{"attachment":[{"time":0,"name":"face_7"}]},"leftarm":{"attachment":[{"time":0,"name":"leftarm"}]},"regs":{"attachment":[{"time":0,"name":"regs"}]},"rightarm_1":{"attachment":[{"time":0,"name":"rightarm_1"}]},"rightarm_2a":{"attachment":[{"time":0,"name":null}]},"ring_1a":{"attachment":[{"time":0,"name":"ring_1a"}]},"ring_1b":{"attachment":[{"time":0,"name":"ring_1b"}]},"tail":{"attachment":[{"time":0,"name":"tail"}]},"tail_1a":{"attachment":[{"time":0,"name":"tail_1a"}]},"tail_1b":{"attachment":[{"time":0,"name":"tail_1b"}]}}},"8":{"slots":{"Boundingbox":{"attachment":[{"time":0,"name":null}]},"ear_1a":{"attachment":[{"time":0,"name":"ear_2a"}]},"ear_1b":{"attachment":[{"time":0,"name":"ear_2b"}]},"ear_2c":{"attachment":[{"time":0,"name":"ear_2c"}]},"face_1":{"attachment":[{"time":0,"name":"face_8"}]},"leftarm":{"attachment":[{"time":0,"name":"leftarm"}]},"regs":{"attachment":[{"time":0,"name":"regs"}]},"rightarm_1":{"attachment":[{"time":0,"name":"rightarm_1"}]},"rightarm_2a":{"attachment":[{"time":0,"name":null}]},"ring_1a":{"attachment":[{"time":0,"name":"ring_1a"}]},"ring_1b":{"attachment":[{"time":0,"name":"ring_1b"}]},"tail":{"attachment":[{"time":0,"name":"tail"}]},"tail_1a":{"attachment":[{"time":0,"name":"tail_1a"}]},"tail_1b":{"attachment":[{"time":0,"name":"tail_1b"}]}}},"9":{"slots":{"Boundingbox":{"attachment":[{"time":0,"name":null}]},"ear_1a":{"attachment":[{"time":0,"name":"ear_1a"}]},"ear_1b":{"attachment":[{"time":0,"name":"ear_1c"}]},"ear_2c":{"attachment":[{"time":0,"name":null}]},"face_1":{"attachment":[{"time":0,"name":"face_9"}]},"leftarm":{"attachment":[{"time":0,"name":"leftarm"}]},"regs":{"attachment":[{"time":0,"name":"regs"}]},"rightarm_1":{"attachment":[{"time":0,"name":"rightarm_3"}]},"rightarm_2a":{"attachment":[{"time":0,"name":"rightarm_2a"}]},"ring_1a":{"attachment":[{"time":0,"name":null}]},"ring_1b":{"attachment":[{"time":0,"name":"ring_2"}]},"tail":{"attachment":[{"time":0,"name":"tail"}]},"tail_1a":{"attachment":[{"time":0,"name":"tail_1a"}]},"tail_1b":{"attachment":[{"time":0,"name":"tail_1b"}]}}},"10":{"slots":{"Boundingbox":{"attachment":[{"time":0,"name":null}]},"ear_1a":{"attachment":[{"time":0,"name":"ear_1a"}]},"ear_1b":{"attachment":[{"time":0,"name":"ear_1c"}]},"ear_2c":{"attachment":[{"time":0,"name":null}]},"face_1":{"attachment":[{"time":0,"name":"face_10"}]},"leftarm":{"attachment":[{"time":0,"name":"leftarm"}]},"regs":{"attachment":[{"time":0,"name":"regs"}]},"rightarm_1":{"attachment":[{"time":0,"name":"rightarm_3"}]},"rightarm_2a":{"attachment":[{"time":0,"name":"rightarm_2a"}]},"ring_1a":{"attachment":[{"time":0,"name":null}]},"ring_1b":{"attachment":[{"time":0,"name":"ring_2"}]},"tail":{"attachment":[{"time":0,"name":"tail"}]},"tail_1a":{"attachment":[{"time":0,"name":"tail_1a"}]},"tail_1b":{"attachment":[{"time":0,"name":"tail_1b"}]}}},"window-1":{"slots":{"Boundingbox":{"attachment":[{"time":0,"name":"Boundingbox"}]},"ear_1a":{"attachment":[{"time":0,"name":"ear_1a"}]},"ear_1b":{"attachment":[{"time":0,"name":"ear_1b"}]},"ear_2c":{"attachment":[{"time":0,"name":null}]},"face_1":{"attachment":[{"time":0,"name":"face_1"}]},"leftarm":{"attachment":[{"time":0,"name":"leftarm"}]},"regs":{"attachment":[{"time":0,"name":"regs"}]},"rightarm_1":{"attachment":[{"time":0,"name":"rightarm_1"}]},"rightarm_2a":{"attachment":[{"time":0,"name":null}]},"ring_1a":{"attachment":[{"time":0,"name":"ring_1a"}]},"ring_1b":{"attachment":[{"time":0,"name":"ring_1b"}]},"tail":{"attachment":[{"time":0,"name":"tail"}]},"tail_1a":{"attachment":[{"time":0,"name":"tail_1a"}]},"tail_1b":{"attachment":[{"time":0,"name":"tail_1b"}]}},"bones":{"Boundingbox":{"translate":[{"time":0,"x":-46.61,"y":324.59}]}}},"window-2":{"slots":{"Boundingbox":{"attachment":[{"time":0,"name":"Boundingbox"}]},"ear_1a":{"attachment":[{"time":0,"name":"ear_4a"}]},"ear_1b":{"attachment":[{"time":0,"name":"ear_1c"}]},"ear_2c":{"attachment":[{"time":0,"name":null}]},"face_1":{"attachment":[{"time":0,"name":"face_5"}]},"leftarm":{"attachment":[{"time":0,"name":"leftarm"}]},"regs":{"attachment":[{"time":0,"name":"regs"}]},"rightarm_1":{"attachment":[{"time":0,"name":"rightarm_3"}]},"rightarm_2a":{"attachment":[{"time":0,"name":"rightarm_2a"}]},"ring_1a":{"attachment":[{"time":0,"name":null}]},"ring_1b":{"attachment":[{"time":0,"name":"ring_2"}]},"tail":{"attachment":[{"time":0,"name":"tail"}]},"tail_1a":{"attachment":[{"time":0,"name":"tail_3a"}]},"tail_1b":{"attachment":[{"time":0,"name":"tail_3b"}]}},"bones":{"Boundingbox":{"translate":[{"time":0,"x":-46.61,"y":324.59}]}}},"window-3":{"slots":{"Boundingbox":{"attachment":[{"time":0,"name":"Boundingbox"}]},"ear_1a":{"attachment":[{"time":0,"name":"ear_3a"}]},"ear_1b":{"attachment":[{"time":0,"name":"ear_3b"}]},"ear_2c":{"attachment":[{"time":0,"name":null}]},"face_1":{"attachment":[{"time":0,"name":"face_3"}]},"leftarm":{"attachment":[{"time":0,"name":"leftarm"}]},"regs":{"attachment":[{"time":0,"name":"regs"}]},"rightarm_1":{"attachment":[{"time":0,"name":"rightarm_3"}]},"rightarm_2a":{"attachment":[{"time":0,"name":"rightarm_2b"}]},"ring_1a":{"attachment":[{"time":0,"name":"ring_1a"}]},"ring_1b":{"attachment":[{"time":0,"name":"ring_3a"}]},"tail":{"attachment":[{"time":0,"name":"tail"}]},"tail_1a":{"attachment":[{"time":0,"name":"tail_1a"}]},"tail_1b":{"attachment":[{"time":0,"name":"tail_2b"}]}},"bones":{"Boundingbox":{"translate":[{"time":0,"x":-46.61,"y":324.59}]}}},"window-4":{"slots":{"Boundingbox":{"attachment":[{"time":0,"name":"Boundingbox"}]},"ear_1a":{"attachment":[{"time":0,"name":"ear_2a"}]},"ear_1b":{"attachment":[{"time":0,"name":"ear_2b"}]},"ear_2c":{"attachment":[{"time":0,"name":"ear_2c"}]},"face_1":{"attachment":[{"time":0,"name":"face_4"}]},"leftarm":{"attachment":[{"time":0,"name":"leftarm"}]},"regs":{"attachment":[{"time":0,"name":"regs"}]},"rightarm_1":{"attachment":[{"time":0,"name":"rightarm_1"}]},"rightarm_2a":{"attachment":[{"time":0,"name":null}]},"ring_1a":{"attachment":[{"time":0,"name":"ring_1a"}]},"ring_1b":{"attachment":[{"time":0,"name":"ring_1b"}]},"tail":{"attachment":[{"time":0,"name":"tail"}]},"tail_1a":{"attachment":[{"time":0,"name":"tail_1a"}]},"tail_1b":{"attachment":[{"time":0,"name":"tail_1b"}]}},"bones":{"Boundingbox":{"translate":[{"time":0,"x":-46.61,"y":324.59}]}}},"window-5":{"slots":{"Boundingbox":{"attachment":[{"time":0,"name":"Boundingbox"}]},"ear_1a":{"attachment":[{"time":0,"name":"ear_1a"}]},"ear_1b":{"attachment":[{"time":0,"name":"ear_1c"}]},"ear_2c":{"attachment":[{"time":0,"name":null}]},"face_1":{"attachment":[{"time":0,"name":"face_2"}]},"leftarm":{"attachment":[{"time":0,"name":"leftarm"}]},"regs":{"attachment":[{"time":0,"name":"regs"}]},"rightarm_1":{"attachment":[{"time":0,"name":"rightarm_3"}]},"rightarm_2a":{"attachment":[{"time":0,"name":"rightarm_2a"}]},"ring_1a":{"attachment":[{"time":0,"name":"ring_1a"}]},"ring_1b":{"attachment":[{"time":0,"name":"ring_2"}]},"tail":{"attachment":[{"time":0,"name":"tail"}]},"tail_1a":{"attachment":[{"time":0,"name":"tail_1a"}]},"tail_1b":{"attachment":[{"time":0,"name":"tail_1b"}]}},"bones":{"Boundingbox":{"translate":[{"time":0,"x":-46.61,"y":324.59}]}}},"window-6":{"slots":{"Boundingbox":{"attachment":[{"time":0,"name":"Boundingbox"}]},"ear_1a":{"attachment":[{"time":0,"name":"ear_3a"}]},"ear_1b":{"attachment":[{"time":0,"name":"ear_3b"}]},"ear_2c":{"attachment":[{"time":0,"name":null}]},"face_1":{"attachment":[{"time":0,"name":"face_6"}]},"leftarm":{"attachment":[{"time":0,"name":"leftarm"}]},"regs":{"attachment":[{"time":0,"name":"regs"}]},"rightarm_1":{"attachment":[{"time":0,"name":"rightarm_1"}]},"rightarm_2a":{"attachment":[{"time":0,"name":null}]},"ring_1a":{"attachment":[{"time":0,"name":"ring_1a"}]},"ring_1b":{"attachment":[{"time":0,"name":"ring_1b"}]},"tail":{"attachment":[{"time":0,"name":"tail"}]},"tail_1a":{"attachment":[{"time":0,"name":"tail_1a"}]},"tail_1b":{"attachment":[{"time":0,"name":"tail_2b"}]}},"bones":{"Boundingbox":{"translate":[{"time":0,"x":-46.61,"y":324.59}]}}},"window-7":{"slots":{"Boundingbox":{"attachment":[{"time":0,"name":"Boundingbox"}]},"ear_1a":{"attachment":[{"time":0,"name":"ear_1a"}]},"ear_1b":{"attachment":[{"time":0,"name":"ear_1b"}]},"ear_2c":{"attachment":[{"time":0,"name":null}]},"face_1":{"attachment":[{"time":0,"name":"face_7"}]},"leftarm":{"attachment":[{"time":0,"name":"leftarm"}]},"regs":{"attachment":[{"time":0,"name":"regs"}]},"rightarm_1":{"attachment":[{"time":0,"name":"rightarm_1"}]},"rightarm_2a":{"attachment":[{"time":0,"name":null}]},"ring_1a":{"attachment":[{"time":0,"name":"ring_1a"}]},"ring_1b":{"attachment":[{"time":0,"name":"ring_1b"}]},"tail":{"attachment":[{"time":0,"name":"tail"}]},"tail_1a":{"attachment":[{"time":0,"name":"tail_1a"}]},"tail_1b":{"attachment":[{"time":0,"name":"tail_1b"}]}},"bones":{"Boundingbox":{"translate":[{"time":0,"x":-46.61,"y":324.59}]}}},"window-8":{"slots":{"Boundingbox":{"attachment":[{"time":0,"name":"Boundingbox"}]},"ear_1a":{"attachment":[{"time":0,"name":"ear_2a"}]},"ear_1b":{"attachment":[{"time":0,"name":"ear_2b"}]},"ear_2c":{"attachment":[{"time":0,"name":"ear_2c"}]},"face_1":{"attachment":[{"time":0,"name":"face_8"}]},"leftarm":{"attachment":[{"time":0,"name":"leftarm"}]},"regs":{"attachment":[{"time":0,"name":"regs"}]},"rightarm_1":{"attachment":[{"time":0,"name":"rightarm_1"}]},"rightarm_2a":{"attachment":[{"time":0,"name":null}]},"ring_1a":{"attachment":[{"time":0,"name":"ring_1a"}]},"ring_1b":{"attachment":[{"time":0,"name":"ring_1b"}]},"tail":{"attachment":[{"time":0,"name":"tail"}]},"tail_1a":{"attachment":[{"time":0,"name":"tail_1a"}]},"tail_1b":{"attachment":[{"time":0,"name":"tail_1b"}]}},"bones":{"Boundingbox":{"translate":[{"time":0,"x":-46.61,"y":324.59}]}}},"window-9":{"slots":{"Boundingbox":{"attachment":[{"time":0,"name":"Boundingbox"}]},"ear_1a":{"attachment":[{"time":0,"name":"ear_1a"}]},"ear_1b":{"attachment":[{"time":0,"name":"ear_1c"}]},"ear_2c":{"attachment":[{"time":0,"name":null}]},"face_1":{"attachment":[{"time":0,"name":"face_9"}]},"leftarm":{"attachment":[{"time":0,"name":"leftarm"}]},"regs":{"attachment":[{"time":0,"name":"regs"}]},"rightarm_1":{"attachment":[{"time":0,"name":"rightarm_3"}]},"rightarm_2a":{"attachment":[{"time":0,"name":"rightarm_2a"}]},"ring_1a":{"attachment":[{"time":0,"name":null}]},"ring_1b":{"attachment":[{"time":0,"name":"ring_2"}]},"tail":{"attachment":[{"time":0,"name":"tail"}]},"tail_1a":{"attachment":[{"time":0,"name":"tail_1a"}]},"tail_1b":{"attachment":[{"time":0,"name":"tail_1b"}]}},"bones":{"Boundingbox":{"translate":[{"time":0,"x":-46.61,"y":324.59}]}}},"window-10":{"slots":{"Boundingbox":{"attachment":[{"time":0,"name":"Boundingbox"}]},"ear_1a":{"attachment":[{"time":0,"name":"ear_1a"}]},"ear_1b":{"attachment":[{"time":0,"name":"ear_1c"}]},"ear_2c":{"attachment":[{"time":0,"name":null}]},"face_1":{"attachment":[{"time":0,"name":"face_10"}]},"leftarm":{"attachment":[{"time":0,"name":"leftarm"}]},"regs":{"attachment":[{"time":0,"name":"regs"}]},"rightarm_1":{"attachment":[{"time":0,"name":"rightarm_3"}]},"rightarm_2a":{"attachment":[{"time":0,"name":"rightarm_2a"}]},"ring_1a":{"attachment":[{"time":0,"name":null}]},"ring_1b":{"attachment":[{"time":0,"name":"ring_2"}]},"tail":{"attachment":[{"time":0,"name":"tail"}]},"tail_1a":{"attachment":[{"time":0,"name":"tail_1a"}]},"tail_1b":{"attachment":[{"time":0,"name":"tail_1b"}]}},"bones":{"Boundingbox":{"translate":[{"time":0,"x":-46.61,"y":324.59}]}}}}}