{"skeleton":{"hash":"lEg8s5zzB4iZagNJ2cU2ISk8Zj4","spine":"3.0.12","width":0,"height":0,"images":"./images/"},"bones":[{"name":"root"},{"name":"kuru","parent":"root","y":75},{"name":"grid","parent":"root"},{"name":"MAIN","parent":"root","y":66.5,"scaleX":1.34,"scaleY":1.34},{"name":"SHADOW-OFFSET","parent":"MAIN","y":-0.07,"scaleX":1.5,"scaleY":1.5},{"name":"HPBAR","parent":"MAIN","y":136.93},{"name":"HITBOX","parent":"MAIN"},{"name":"EF","parent":"root","y":37.26},{"name":"bubble","parent":"EF","y":165.33},{"name":"bubble_5","parent":"bubble","x":57.48,"y":-34.95},{"name":"bubble_4","parent":"bubble","x":43.06,"y":-15.12},{"name":"bubble_3","parent":"bubble","x":-1.03,"y":32.99},{"name":"bubble_2","parent":"bubble","x":-36.53,"y":-14.51},{"name":"bubble_1","parent":"bubble","x":-47,"y":-43.33},{"name":"bubble_0","parent":"bubble","x":-64.3,"y":-10.93},{"name":"S1_wave1_2","parent":"EF","x":730.64,"y":492.02},{"name":"S1_wave1_1","parent":"EF","x":665.67,"y":491.54},{"name":"DAMAGEAREA","parent":"root"}],"slots":[{"name":"grid/bg","bone":"grid","color":"ffffff31"},{"name":"grid/grid","bone":"grid","color":"ffffff56"},{"name":"S1_wave1_1","bone":"S1_wave1_1","blend":"additive"},{"name":"S1_wave1_2","bone":"S1_wave1_2","blend":"additive"},{"name":"MAIN","bone":"MAIN","attachment":"idle_00"},{"name":"560_bubble_0","bone":"bubble_0","attachment":"EF/560_bubble/560_bubble_0"},{"name":"560_bubble_1","bone":"bubble_1","attachment":"EF/560_bubble/560_bubble_1"},{"name":"560_bubble_2","bone":"bubble_2","attachment":"EF/560_bubble/560_bubble_2"},{"name":"560_bubble_3","bone":"bubble_3","attachment":"EF/560_bubble/560_bubble_3"},{"name":"560_bubble_4","bone":"bubble_4","attachment":"EF/560_bubble/560_bubble_4"},{"name":"560_bubble_5","bone":"bubble_5","attachment":"EF/560_bubble/560_bubble_5"},{"name":"DAMAGEAREA","bone":"DAMAGEAREA"},{"name":"HITBOX","bone":"HITBOX","attachment":"HITBOX"},{"name":"kuru_1","bone":"kuru"}],"skins":{"default":{"560_bubble_0":{"EF/560_bubble/560_bubble_0":{"x":63.26,"y":-74.15,"width":350,"height":260}},"560_bubble_1":{"EF/560_bubble/560_bubble_1":{"x":44.97,"y":-41.7,"width":350,"height":260}},"560_bubble_2":{"EF/560_bubble/560_bubble_2":{"x":37.05,"y":-68.24,"width":350,"height":260}},"560_bubble_3":{"EF/560_bubble/560_bubble_3":{"x":0.56,"y":-114.8,"width":350,"height":260}},"560_bubble_4":{"EF/560_bubble/560_bubble_4":{"x":-44.05,"y":-68.76,"width":350,"height":260}},"560_bubble_5":{"EF/560_bubble/560_bubble_5":{"x":-59.12,"y":-47.95,"width":350,"height":260}},"DAMAGEAREA":{"DAMAGEAREA":{"type":"boundingbox","vertices":[-140.21988,144.78998,-143.86972,-145.38486,146.30527,-143.55988,142.65518,148.44003,0,0,0,0,0,0,0,0]}},"HITBOX":{"HITBOX":{"type":"boundingbox","vertices":[-144.59589,98.36732,-147.31969,-50.0841,70.59067,-52.808,73.31448,99.72929,0,0,0,0,0,0,0,0]}},"MAIN":{"attack1_00":{"x":-0.69,"y":24.23,"width":283,"height":233},"attack1_01":{"x":2.34,"y":12.08,"width":283,"height":233},"attack1_02":{"x":-3.21,"y":4.5,"width":283,"height":233},"attack1_03":{"x":1.49,"y":21.26,"width":283,"height":233},"attack1_04":{"x":-15.93,"y":21.26,"width":283,"height":233},"back_00":{"x":2.71,"y":3.22,"width":165,"height":212},"damage_00":{"x":21.5,"y":29.58,"width":215,"height":234},"front_00":{"x":-4.96,"y":40.54,"width":281,"height":169},"idle_00":{"x":-2.46,"y":37.8,"width":233,"height":183},"idle_01":{"x":-2.46,"y":37.8,"width":233,"height":183},"idle_02":{"x":-2.46,"y":37.8,"width":233,"height":183},"idle_03":{"x":-2.46,"y":37.8,"width":233,"height":183},"idle_04":{"x":-2.46,"y":37.8,"width":233,"height":183},"skill1_00":{"y":89.56,"width":246,"height":268},"skill1_01":{"y":63.46,"width":246,"height":268},"skill1_02":{"y":55.08,"width":246,"height":268},"skill1_03":{"y":50.16,"width":246,"height":268},"skill2_00":{"x":0.89,"y":25.51,"width":257,"height":206},"skill2_01":{"x":0.89,"y":25.51,"width":315,"height":234},"skill2_02":{"x":0.89,"y":25.51,"width":257,"height":206},"skill2_03":{"x":0.89,"y":25.51,"width":257,"height":206},"skill2_04":{"x":0.89,"y":25.51,"width":257,"height":206}},"S1_wave1_1":{"EF/710_S1_wave1/710_S1_wave1_00038":{"y":5.98,"width":200,"height":200},"EF/710_S1_wave1/710_S1_wave1_00039":{"y":5.98,"width":200,"height":200},"EF/710_S1_wave1/710_S1_wave1_00040":{"y":5.98,"width":200,"height":200},"EF/710_S1_wave1/710_S1_wave1_00041":{"y":5.98,"width":200,"height":200},"EF/710_S1_wave1/710_S1_wave1_00042":{"y":5.98,"width":200,"height":200},"EF/710_S1_wave1/710_S1_wave1_00043":{"y":5.98,"width":200,"height":200},"EF/710_S1_wave1/710_S1_wave1_00044":{"y":5.98,"width":200,"height":200},"EF/710_S1_wave1/710_S1_wave1_00045":{"y":5.98,"width":200,"height":200},"EF/710_S1_wave1/710_S1_wave1_00046":{"y":5.98,"width":200,"height":200},"EF/710_S1_wave1/710_S1_wave1_00047":{"y":5.98,"width":200,"height":200},"EF/710_S1_wave1/710_S1_wave1_00048":{"y":5.98,"width":200,"height":200},"EF/710_S1_wave1/710_S1_wave1_00049":{"y":5.98,"width":200,"height":200},"EF/710_S1_wave1/710_S1_wave1_00050":{"y":5.98,"width":200,"height":200},"EF/710_S1_wave1/710_S1_wave1_00051":{"y":5.98,"width":200,"height":200}},"S1_wave1_2":{"EF/710_S1_wave1/710_S1_wave1_00038":{"y":5.98,"width":200,"height":200},"EF/710_S1_wave1/710_S1_wave1_00039":{"y":5.98,"width":200,"height":200},"EF/710_S1_wave1/710_S1_wave1_00040":{"y":5.98,"width":200,"height":200},"EF/710_S1_wave1/710_S1_wave1_00041":{"y":5.98,"width":200,"height":200},"EF/710_S1_wave1/710_S1_wave1_00042":{"y":5.98,"width":200,"height":200},"EF/710_S1_wave1/710_S1_wave1_00043":{"y":5.98,"width":200,"height":200},"EF/710_S1_wave1/710_S1_wave1_00044":{"y":5.98,"width":200,"height":200},"EF/710_S1_wave1/710_S1_wave1_00045":{"y":5.98,"width":200,"height":200},"EF/710_S1_wave1/710_S1_wave1_00046":{"y":5.98,"width":200,"height":200},"EF/710_S1_wave1/710_S1_wave1_00047":{"y":5.98,"width":200,"height":200},"EF/710_S1_wave1/710_S1_wave1_00048":{"y":5.98,"width":200,"height":200},"EF/710_S1_wave1/710_S1_wave1_00049":{"y":5.98,"width":200,"height":200},"EF/710_S1_wave1/710_S1_wave1_00050":{"y":5.98,"width":200,"height":200},"EF/710_S1_wave1/710_S1_wave1_00051":{"y":5.98,"width":200,"height":200}},"kuru_1":{"kuru_00":{"y":-55.97,"width":315,"height":234},"kuru_01":{"y":-55.97,"width":315,"height":234}}}},"events":{"Event":{},"Hit":{},"HitEffect":{},"Sound1":{},"Sound2":{},"Voice":{}},"animations":{"attack1":{"slots":{"560_bubble_0":{"color":[{"time":1.5,"color":"ffffffff"},{"time":1.5666,"color":"ffffff00","curve":"stepped"},{"time":2.3666,"color":"ffffff00"},{"time":2.5,"color":"ffffffff"}]},"560_bubble_1":{"color":[{"time":1.5,"color":"ffffffff"},{"time":1.5666,"color":"ffffff00","curve":"stepped"},{"time":2.3,"color":"ffffff00"},{"time":2.4333,"color":"ffffffff"}]},"560_bubble_2":{"color":[{"time":1.5,"color":"ffffffff"},{"time":1.5666,"color":"ffffff00","curve":"stepped"},{"time":2.3333,"color":"ffffff00"},{"time":2.4666,"color":"ffffffff"}]},"560_bubble_3":{"color":[{"time":1.5,"color":"ffffffff"},{"time":1.5666,"color":"ffffff00","curve":"stepped"},{"time":2.3333,"color":"ffffff00"},{"time":2.4666,"color":"ffffffff"}]},"560_bubble_4":{"color":[{"time":1.5,"color":"ffffffff"},{"time":1.5666,"color":"ffffff00","curve":"stepped"},{"time":2.3666,"color":"ffffff00"},{"time":2.5,"color":"ffffffff"}]},"560_bubble_5":{"color":[{"time":1.5,"color":"ffffffff"},{"time":1.5666,"color":"ffffff00","curve":"stepped"},{"time":2.3,"color":"ffffff00"},{"time":2.4333,"color":"ffffffff"}]},"DAMAGEAREA":{"attachment":[{"time":1.6333,"name":"DAMAGEAREA"},{"time":2.0333,"name":null}]},"MAIN":{"attachment":[{"time":0,"name":"skill1_00"},{"time":0.3333,"name":"skill1_01"},{"time":0.5,"name":"skill1_02"},{"time":0.6666,"name":"skill1_03"},{"time":1.5,"name":"attack1_03"},{"time":1.5666,"name":"attack1_04"},{"time":2.4,"name":"attack1_00"},{"time":2.6,"name":"front_00"},{"time":3,"name":"attack1_00"},{"time":3.2,"name":"attack1_00"}]},"S1_wave1_1":{"attachment":[{"time":0,"name":null}]},"S1_wave1_2":{"attachment":[{"time":0,"name":null}]}},"bones":{"MAIN":{"translate":[{"time":0,"x":0,"y":0,"curve":"stepped"},{"time":0.1,"x":0,"y":0,"curve":[0.25,0,0.75,1]},{"time":1.3333,"x":5,"y":21.94,"curve":"stepped"},{"time":1.5,"x":18,"y":21.94,"curve":[0.253,0.59,0.546,1]},{"time":2.3666,"x":60,"y":21.94,"curve":"stepped"},{"time":2.6,"x":60,"y":21.94,"curve":[0.237,0.46,0.75,1]},{"time":3.2,"x":0,"y":0}]},"bubble":{"rotate":[{"time":0,"angle":-9.91}],"translate":[{"time":0,"x":25.28,"y":-31.21,"curve":"stepped"},{"time":0.4,"x":40.9,"y":-31.21},{"time":0.7666,"x":42.58,"y":-31.21,"curve":"stepped"},{"time":0.8,"x":42.99,"y":-29.65},{"time":1.4666,"x":44.53,"y":-33.01},{"time":1.5,"x":25.09,"y":-61.3},{"time":2.3666,"x":70.8,"y":-27.65,"curve":"stepped"},{"time":2.4,"x":83.31,"y":-19.67,"curve":"stepped"},{"time":2.6,"x":83.31,"y":-19.67,"curve":[0.243,0.34,0.75,1]},{"time":2.9666,"x":36.7,"y":-18.97,"curve":[0.243,0.34,0.75,1]},{"time":3,"x":38.3,"y":-31.21},{"time":3.2,"x":25.28,"y":-31.21}]},"bubble_3":{"translate":[{"time":0,"x":0,"y":0},{"time":0.2666,"x":1.13,"y":-6.48},{"time":0.6333,"x":0,"y":0,"curve":"stepped"},{"time":0.8333,"x":0,"y":0},{"time":1.1,"x":1.13,"y":-6.48},{"time":1.4666,"x":0,"y":0},{"time":1.5666,"x":-15.57,"y":116.31,"curve":"stepped"},{"time":2.3333,"x":0,"y":0,"curve":"stepped"},{"time":2.5,"x":0,"y":0},{"time":2.7666,"x":1.13,"y":-6.48},{"time":3.1333,"x":0,"y":0}]},"bubble_2":{"translate":[{"time":0,"x":0,"y":0},{"time":0.1666,"x":-1.02,"y":5.85},{"time":0.3333,"x":0,"y":0},{"time":0.5,"x":-0.51,"y":2.92},{"time":0.8333,"x":0,"y":0},{"time":1,"x":-1.02,"y":5.85},{"time":1.1666,"x":0,"y":0},{"time":1.3333,"x":-0.51,"y":2.92},{"time":1.5,"x":0,"y":0},{"time":1.5666,"x":-85.58,"y":51.24,"curve":"stepped"},{"time":2.3333,"x":0,"y":0,"curve":"stepped"},{"time":2.5,"x":0,"y":0},{"time":2.6666,"x":-1.02,"y":5.85},{"time":2.8333,"x":0,"y":0},{"time":3,"x":-0.51,"y":2.92},{"time":3.1666,"x":0,"y":0}]},"bubble_0":{"translate":[{"time":0,"x":0,"y":0},{"time":0.2333,"x":-1.09,"y":6.26},{"time":0.6333,"x":0,"y":0,"curve":"stepped"},{"time":0.8333,"x":0,"y":0},{"time":1.0666,"x":-1.09,"y":6.26},{"time":1.4666,"x":0,"y":0,"curve":"stepped"},{"time":1.5,"x":0,"y":0},{"time":1.5666,"x":-76.06,"y":91.94,"curve":"stepped"},{"time":2.3666,"x":0,"y":0,"curve":"stepped"},{"time":2.5,"x":0,"y":0},{"time":2.7333,"x":-1.09,"y":6.26},{"time":3.1333,"x":0,"y":0}]},"bubble_1":{"translate":[{"time":0,"x":0,"y":0},{"time":0.5,"x":-1.32,"y":7.6},{"time":0.7,"x":0,"y":0,"curve":"stepped"},{"time":0.8,"x":0,"y":0},{"time":1.2666,"x":-1.32,"y":7.6},{"time":1.4666,"x":0,"y":0,"curve":"stepped"},{"time":1.5,"x":0,"y":0},{"time":1.5666,"x":-105.3,"y":26.76,"curve":"stepped"},{"time":2.3,"x":0,"y":0,"curve":"stepped"},{"time":2.4666,"x":0,"y":0},{"time":2.9666,"x":-1.32,"y":7.6},{"time":3.1666,"x":0,"y":0}]},"bubble_4":{"translate":[{"time":0,"x":0,"y":0,"curve":"stepped"},{"time":0.0333,"x":0,"y":0},{"time":0.2,"x":-3.54,"y":7.86},{"time":0.7,"x":0,"y":0,"curve":"stepped"},{"time":0.8,"x":0,"y":0},{"time":0.9666,"x":-3.54,"y":7.86},{"time":1.4666,"x":0,"y":0,"curve":"stepped"},{"time":1.5,"x":0,"y":0},{"time":1.5666,"x":61.78,"y":73.03,"curve":"stepped"},{"time":2.3666,"x":0,"y":0,"curve":"stepped"},{"time":2.4666,"x":0,"y":0,"curve":"stepped"},{"time":2.5,"x":0,"y":0},{"time":2.6666,"x":-3.54,"y":7.86},{"time":3.1666,"x":0,"y":0}]},"bubble_5":{"translate":[{"time":0,"x":2.6,"y":-5.79},{"time":0.3333,"x":1.65,"y":0.74},{"time":0.7,"x":2.6,"y":-5.79,"curve":"stepped"},{"time":0.8,"x":2.6,"y":-5.79},{"time":1.1,"x":1.65,"y":0.74},{"time":1.4666,"x":2.6,"y":-5.79},{"time":1.5,"x":0,"y":0},{"time":1.5666,"x":112.24,"y":34.71,"curve":"stepped"},{"time":2.3,"x":0,"y":0},{"time":2.4666,"x":2.6,"y":-5.79},{"time":2.8,"x":1.65,"y":0.74},{"time":3.1666,"x":2.6,"y":-5.79}]},"DAMAGEAREA":{"translate":[{"time":1.6333,"x":-670.81,"y":83.41}],"scale":[{"time":1.6333,"x":3.343,"y":0.538}]}},"events":[{"time":0,"name":"Event","float":0.1,"string":"kHitStopType_enemyonly"},{"time":0,"name":"HitEffect","string":"setHitEffect(hit02b,1,0.6,100)"},{"time":0,"name":"Voice","string":"cri_047_voice_attack_a"},{"time":1.5,"name":"Sound1","string":"cri_se_battle_beam"},{"time":1.5,"name":"Sound2","string":"cri_se_battle_034_explosion_element_02"},{"time":1.5,"name":"Voice","string":"cri_047_voice_attack_b"},{"time":1.6,"name":"Sound1","string":"setHitSound(se_battle_explosion_water_02)"},{"time":1.7333,"name":"Hit","string":"resetHitList"},{"time":1.8,"name":"Hit","string":"resetHitList"},{"time":1.8666,"name":"Hit","string":"resetHitList"},{"time":1.9333,"name":"Hit","string":"resetHitList"}]},"back":{"slots":{"MAIN":{"attachment":[{"time":0,"name":"back_00"},{"time":0.2666,"name":"idle_02"},{"time":0.5666,"name":"idle_03"},{"time":0.7666,"name":"idle_04"},{"time":0.9666,"name":"idle_04"}]},"S1_wave1_1":{"attachment":[{"time":0,"name":null},{"time":0.4,"name":null}]},"S1_wave1_2":{"attachment":[{"time":0,"name":null},{"time":0.4,"name":null}]}},"bones":{"MAIN":{"translate":[{"time":0,"x":0,"y":0,"curve":[0.138,0.36,0.625,0.85]},{"time":0.2666,"x":130,"y":0,"curve":[0.24,0.71,0.75,1]},{"time":0.6666,"x":140,"y":0}]},"bubble":{"rotate":[{"time":0,"angle":-20.15,"curve":"stepped"},{"time":0.3666,"angle":-20.15,"curve":"stepped"},{"time":0.4,"angle":0}],"translate":[{"time":0,"x":0,"y":0,"curve":[0.141,0.37,0.608,0.89]},{"time":0.3666,"x":140,"y":0},{"time":0.4,"x":130,"y":0}]},"bubble_2":{"translate":[{"time":0,"x":46.61,"y":-5.55,"curve":"stepped"},{"time":0.4,"x":0,"y":0,"curve":"stepped"},{"time":0.5666,"x":0,"y":1.71,"curve":"stepped"},{"time":0.7666,"x":0,"y":0.68,"curve":"stepped"},{"time":0.9666,"x":0,"y":0.68}]},"bubble_3":{"translate":[{"time":0,"x":0.97,"y":-14.62,"curve":"stepped"},{"time":0.4,"x":0,"y":-5.83,"curve":"stepped"},{"time":0.5666,"x":0,"y":-7.2,"curve":"stepped"},{"time":0.7666,"x":0,"y":-3.08,"curve":"stepped"},{"time":0.9666,"x":0,"y":-3.08}]},"bubble_0":{"translate":[{"time":0,"x":-1.1,"y":7.99,"curve":"stepped"},{"time":0.4,"x":0,"y":-5.83,"curve":"stepped"},{"time":0.5666,"x":0,"y":-6.51,"curve":"stepped"},{"time":0.7666,"x":0,"y":-3.08,"curve":"stepped"},{"time":0.9666,"x":0,"y":-3.08}]},"bubble_1":{"translate":[{"time":0,"x":-37.72,"y":-19.68,"curve":"stepped"},{"time":0.4,"x":0,"y":-5.83,"curve":"stepped"},{"time":0.5666,"x":0,"y":-6.51,"curve":"stepped"},{"time":0.7666,"x":0,"y":-2.4,"curve":"stepped"},{"time":0.9666,"x":0,"y":-2.4}]},"bubble_5":{"translate":[{"time":0,"x":19.49,"y":-13.31,"curve":"stepped"},{"time":0.4,"x":0,"y":-5.83,"curve":"stepped"},{"time":0.5666,"x":0,"y":-6.51,"curve":"stepped"},{"time":0.7666,"x":0,"y":-3.77,"curve":"stepped"},{"time":0.9666,"x":0,"y":-3.77}]},"bubble_4":{"translate":[{"time":0.4,"x":-3.42,"y":0,"curve":"stepped"},{"time":0.5666,"x":-4.45,"y":0,"curve":"stepped"},{"time":0.7666,"x":-2.05,"y":0,"curve":"stepped"},{"time":0.9666,"x":-2.05,"y":0}]}}},"cast":{"slots":{"MAIN":{"attachment":[{"time":0,"name":"attack1_00"},{"time":0.1,"name":"attack1_01"},{"time":0.1666,"name":"attack1_02"},{"time":0.5,"name":"attack1_03"},{"time":0.5666,"name":"attack1_04"},{"time":1,"name":"attack1_04"}]},"S1_wave1_1":{"attachment":[{"time":0,"name":null}]},"S1_wave1_2":{"attachment":[{"time":0,"name":null}]}},"bones":{"MAIN":{"translate":[{"time":0.5,"x":0,"y":0,"curve":[0.25,0,0.75,1]},{"time":0.6666,"x":8.06,"y":0}]},"bubble":{"rotate":[{"time":0,"angle":-9.91,"curve":"stepped"},{"time":0.1,"angle":-16.67,"curve":"stepped"},{"time":0.1666,"angle":-21.94,"curve":"stepped"},{"time":0.5,"angle":-0.2}],"translate":[{"time":0,"x":35.32,"y":-31.21,"curve":"stepped"},{"time":0.1,"x":60.02,"y":-12,"curve":"stepped"},{"time":0.1666,"x":86.77,"y":-5.48,"curve":"stepped"},{"time":0.5,"x":67.57,"y":-41.84},{"time":0.6666,"x":74.6,"y":-41.84}]},"bubble_3":{"translate":[{"time":0,"x":0,"y":0,"curve":"stepped"},{"time":0.1,"x":30.37,"y":20.55,"curve":"stepped"},{"time":0.5,"x":-27.63,"y":31.68,"curve":"stepped"},{"time":0.5666,"x":24.18,"y":23.49},{"time":0.6666,"x":29.3,"y":23.51}]},"bubble_2":{"translate":[{"time":0,"x":0,"y":0,"curve":"stepped"},{"time":0.1,"x":30.67,"y":41.05,"curve":"stepped"},{"time":0.5,"x":42.33,"y":42.8,"curve":"stepped"},{"time":0.5666,"x":84.53,"y":36.67},{"time":0.6666,"x":92.02,"y":36.7}]},"bubble_0":{"translate":[{"time":0,"x":0,"y":0,"curve":"stepped"},{"time":0.1,"x":26.47,"y":41.94,"curve":"stepped"},{"time":0.5,"x":19.61,"y":40.54,"curve":"stepped"},{"time":0.5666,"x":67.08,"y":24.48},{"time":0.6666,"x":74.57,"y":24.51}]},"bubble_1":{"translate":[{"time":0,"x":0,"y":0,"curve":"stepped"},{"time":0.1,"x":27.61,"y":36.91,"curve":"stepped"},{"time":0.5,"x":24.86,"y":40.33,"curve":"stepped"},{"time":0.5666,"x":65.29,"y":41.21},{"time":0.6666,"x":70.42,"y":41.23}]},"bubble_4":{"translate":[{"time":0,"x":0,"y":0,"curve":"stepped"},{"time":0.1,"x":28.08,"y":37.77,"curve":"stepped"},{"time":0.5,"x":-0.77,"y":52.08,"curve":"stepped"},{"time":0.5666,"x":52.25,"y":43.14},{"time":0.6666,"x":55.01,"y":43.15}]},"bubble_5":{"translate":[{"time":0,"x":0,"y":0,"curve":"stepped"},{"time":0.1,"x":-3.34,"y":7.59,"curve":"stepped"},{"time":0.5,"x":-16.03,"y":6.52,"curve":"stepped"},{"time":0.5666,"x":54.28,"y":12.98},{"time":0.6666,"x":54.68,"y":12.98}]}},"events":[{"time":0.5,"name":"Voice","string":"cri_047_voice_item"}]},"damage":{"slots":{"MAIN":{"attachment":[{"time":0,"name":"damage_00"}]},"S1_wave1_1":{"attachment":[{"time":0,"name":null}]},"S1_wave1_2":{"attachment":[{"time":0,"name":null}]}},"bones":{"bubble":{"rotate":[{"time":0,"angle":-46.11}],"translate":[{"time":0,"x":94.56,"y":-14.97}]},"bubble_1":{"translate":[{"time":0,"x":4.77,"y":-1.85}]},"bubble_2":{"translate":[{"time":0,"x":13.74,"y":24.51}]},"bubble_0":{"translate":[{"time":0,"x":3.09,"y":41.86}]},"bubble_3":{"translate":[{"time":0,"x":2.35,"y":37.11}]},"bubble_4":{"translate":[{"time":0,"x":5.26,"y":45.25}]},"bubble_5":{"translate":[{"time":0,"x":-12.71,"y":8.95}]}}},"front":{"slots":{"MAIN":{"attachment":[{"time":0,"name":"front_00"}]},"S1_wave1_1":{"attachment":[{"time":0,"name":null}]},"S1_wave1_2":{"attachment":[{"time":0,"name":null}]}},"bones":{"MAIN":{"translate":[{"time":0,"x":0,"y":0}]},"bubble_4":{"translate":[{"time":0,"x":59.56,"y":10.51}]},"bubble_5":{"translate":[{"time":0,"x":26.57,"y":5.84}]},"bubble_3":{"translate":[{"time":0,"x":30.65,"y":-11.97}]},"bubble_2":{"translate":[{"time":0,"x":36.79,"y":7.3}]},"bubble_1":{"translate":[{"time":0,"x":83.21,"y":6.42}]},"bubble_0":{"translate":[{"time":0,"x":26.86,"y":-8.46}]},"bubble":{"translate":[{"time":0,"x":0,"y":0}]}}},"idle":{"slots":{"MAIN":{"attachment":[{"time":0,"name":"idle_00"},{"time":0.2,"name":"idle_01"},{"time":0.4,"name":"idle_02"},{"time":0.6,"name":"idle_03"},{"time":0.8,"name":"idle_04"},{"time":1,"name":"idle_04"}]},"S1_wave1_1":{"attachment":[{"time":0,"name":null}]},"S1_wave1_2":{"attachment":[{"time":0,"name":null}]}},"bones":{"MAIN":{"translate":[{"time":0,"x":0,"y":0}]},"bubble_4":{"translate":[{"time":0.2,"x":-2.4,"y":0,"curve":"stepped"},{"time":0.4,"x":-3.42,"y":0,"curve":"stepped"},{"time":0.6,"x":-4.45,"y":0,"curve":"stepped"},{"time":0.8,"x":-2.05,"y":0,"curve":"stepped"},{"time":1,"x":0,"y":0}]},"bubble_0":{"translate":[{"time":0.2,"x":0,"y":-3.43,"curve":"stepped"},{"time":0.4,"x":0,"y":-5.83,"curve":"stepped"},{"time":0.6,"x":0,"y":-6.51,"curve":"stepped"},{"time":0.8,"x":0,"y":-3.08,"curve":"stepped"},{"time":1,"x":0,"y":0}]},"bubble_1":{"translate":[{"time":0.2,"x":0,"y":-3.43,"curve":"stepped"},{"time":0.4,"x":0,"y":-5.83,"curve":"stepped"},{"time":0.6,"x":0,"y":-6.51,"curve":"stepped"},{"time":0.8,"x":0,"y":-2.4,"curve":"stepped"},{"time":1,"x":0,"y":0}]},"bubble_3":{"translate":[{"time":0.2,"x":0,"y":-3.43,"curve":"stepped"},{"time":0.4,"x":0,"y":-5.83,"curve":"stepped"},{"time":0.6,"x":0,"y":-7.2,"curve":"stepped"},{"time":0.8,"x":0,"y":-3.08,"curve":"stepped"},{"time":1,"x":0,"y":0}]},"bubble_5":{"translate":[{"time":0.2,"x":0,"y":-3.43,"curve":"stepped"},{"time":0.4,"x":0,"y":-5.83,"curve":"stepped"},{"time":0.6,"x":0,"y":-6.51,"curve":"stepped"},{"time":0.8,"x":0,"y":-3.77,"curve":"stepped"},{"time":1,"x":0,"y":0}]},"bubble_2":{"translate":[{"time":0.2,"x":0,"y":0.68,"curve":"stepped"},{"time":0.4,"x":0,"y":1.37,"curve":"stepped"},{"time":0.6,"x":0,"y":1.71,"curve":"stepped"},{"time":0.8,"x":0,"y":0.68,"curve":"stepped"},{"time":1,"x":0,"y":0}]},"bubble":{"rotate":[{"time":0,"angle":0}],"translate":[{"time":0,"x":0,"y":0}]}}},"skill1":{"slots":{"DAMAGEAREA":{"attachment":[{"time":0.3034,"name":"DAMAGEAREA"},{"time":0.3638,"name":null},{"time":0.3693,"name":"DAMAGEAREA"},{"time":0.4351,"name":null},{"time":0.5007,"name":"DAMAGEAREA"},{"time":0.5729,"name":null}]},"MAIN":{"attachment":[{"time":0,"name":"skill1_00"},{"time":0.1,"name":"skill1_01"},{"time":0.2,"name":"skill1_02"},{"time":0.2666,"name":"skill1_03"},{"time":1.1333,"name":"skill1_02"},{"time":1.2666,"name":"skill1_01"},{"time":1.4,"name":"skill1_00"},{"time":1.5333,"name":"skill1_00"}]},"S1_wave1_1":{"attachment":[{"time":0,"name":null}]},"S1_wave1_2":{"attachment":[{"time":0,"name":null}]}},"bones":{"MAIN":{"translate":[{"time":0,"x":0,"y":0,"curve":"stepped"},{"time":0.1,"x":0,"y":51.13,"curve":"stepped"},{"time":0.2,"x":0,"y":70.48,"curve":"stepped"},{"time":0.2666,"x":0,"y":73.24,"curve":"stepped"},{"time":1.1333,"x":0,"y":70.48,"curve":"stepped"},{"time":1.2666,"x":0,"y":51.13,"curve":"stepped"},{"time":1.4,"x":0,"y":0}]},"bubble":{"rotate":[{"time":0,"angle":-4.78,"curve":"stepped"},{"time":0.1,"angle":-9.86,"curve":"stepped"},{"time":0.2666,"angle":-17.84,"curve":"stepped"},{"time":1.1333,"angle":-9.86,"curve":"stepped"},{"time":1.4,"angle":-4.78}],"translate":[{"time":0,"x":-0.38,"y":23.72,"curve":"stepped"},{"time":0.1,"x":12.83,"y":50.18,"curve":"stepped"},{"time":1.1333,"x":12.83,"y":50.18,"curve":"stepped"},{"time":1.4,"x":-0.38,"y":23.72}]},"bubble_0":{"rotate":[{"time":0,"angle":0,"curve":"stepped"},{"time":1.4,"angle":0}],"translate":[{"time":0,"x":0,"y":0,"curve":"stepped"},{"time":0.1,"x":-42.98,"y":20.17,"curve":"stepped"},{"time":0.2,"x":-31,"y":36.28,"curve":"stepped"},{"time":0.2666,"x":-33.79,"y":75.43,"curve":"stepped"},{"time":0.3666,"x":-31,"y":36.28,"curve":"stepped"},{"time":0.4666,"x":-33.79,"y":75.43,"curve":"stepped"},{"time":0.5666,"x":-31,"y":36.28,"curve":"stepped"},{"time":0.6666,"x":-33.79,"y":75.43,"curve":"stepped"},{"time":0.7666,"x":-31,"y":36.28,"curve":"stepped"},{"time":1,"x":-42.98,"y":20.17,"curve":"stepped"},{"time":1.4,"x":0,"y":0}]},"bubble_2":{"rotate":[{"time":0,"angle":0,"curve":"stepped"},{"time":1.4,"angle":0}],"translate":[{"time":0,"x":0,"y":0,"curve":"stepped"},{"time":0.1,"x":1.83,"y":12.16,"curve":"stepped"},{"time":0.2,"x":1.05,"y":19.67,"curve":"stepped"},{"time":0.2666,"x":16.39,"y":63.43,"curve":"stepped"},{"time":0.3666,"x":1.05,"y":19.67,"curve":"stepped"},{"time":0.4666,"x":16.39,"y":63.43,"curve":"stepped"},{"time":0.5666,"x":1.05,"y":19.67,"curve":"stepped"},{"time":0.6666,"x":16.39,"y":63.43,"curve":"stepped"},{"time":0.7666,"x":1.05,"y":19.67,"curve":"stepped"},{"time":1,"x":1.83,"y":12.16,"curve":"stepped"},{"time":1.4,"x":0,"y":0}]},"bubble_1":{"rotate":[{"time":0,"angle":0,"curve":"stepped"},{"time":1.4,"angle":0}],"translate":[{"time":0,"x":0,"y":0,"curve":"stepped"},{"time":0.1,"x":-81.25,"y":4.04,"curve":"stepped"},{"time":0.2,"x":-83.91,"y":31.38,"curve":"stepped"},{"time":0.2666,"x":-69.59,"y":59.28,"curve":"stepped"},{"time":0.3666,"x":-83.91,"y":31.38,"curve":"stepped"},{"time":0.4666,"x":-69.59,"y":59.28,"curve":"stepped"},{"time":0.5666,"x":-83.91,"y":31.38,"curve":"stepped"},{"time":0.6666,"x":-69.59,"y":59.28,"curve":"stepped"},{"time":0.7666,"x":-83.91,"y":31.38,"curve":"stepped"},{"time":1,"x":-81.25,"y":4.04,"curve":"stepped"},{"time":1.4,"x":0,"y":0}]},"bubble_3":{"rotate":[{"time":0,"angle":0,"curve":"stepped"},{"time":1.4,"angle":0}],"translate":[{"time":0,"x":0,"y":0,"curve":"stepped"},{"time":0.1,"x":-42.05,"y":5.72,"curve":"stepped"},{"time":0.2,"x":-22.43,"y":12.03,"curve":"stepped"},{"time":0.2666,"x":-27.69,"y":49.98,"curve":"stepped"},{"time":0.3666,"x":-22.43,"y":12.03,"curve":"stepped"},{"time":0.4666,"x":-27.69,"y":49.98,"curve":"stepped"},{"time":0.5666,"x":-22.43,"y":12.03,"curve":"stepped"},{"time":0.6666,"x":-27.69,"y":49.98,"curve":"stepped"},{"time":0.7666,"x":-22.43,"y":12.03,"curve":"stepped"},{"time":1,"x":-42.05,"y":5.72,"curve":"stepped"},{"time":1.4,"x":0,"y":0}]},"bubble_4":{"rotate":[{"time":0,"angle":0,"curve":"stepped"},{"time":1.4,"angle":0}],"translate":[{"time":0,"x":0,"y":0,"curve":"stepped"},{"time":0.1,"x":-46.47,"y":15.22,"curve":"stepped"},{"time":0.2,"x":-33.23,"y":33.78,"curve":"stepped"},{"time":0.2666,"x":-31.04,"y":66.36,"curve":"stepped"},{"time":0.3666,"x":-33.23,"y":33.78,"curve":"stepped"},{"time":0.4666,"x":-31.04,"y":66.36,"curve":"stepped"},{"time":0.5666,"x":-33.23,"y":33.78,"curve":"stepped"},{"time":0.6666,"x":-31.04,"y":66.36,"curve":"stepped"},{"time":0.7666,"x":-33.23,"y":33.78,"curve":"stepped"},{"time":1,"x":-46.47,"y":15.22,"curve":"stepped"},{"time":1.4,"x":0,"y":0}]},"bubble_5":{"rotate":[{"time":0,"angle":0,"curve":"stepped"},{"time":1.4,"angle":0}],"translate":[{"time":0,"x":0,"y":0,"curve":"stepped"},{"time":0.1,"x":-27.72,"y":-4.02,"curve":"stepped"},{"time":0.2,"x":1.73,"y":25.06,"curve":"stepped"},{"time":0.2666,"x":26.25,"y":63.19,"curve":"stepped"},{"time":0.3666,"x":1.73,"y":25.06,"curve":"stepped"},{"time":0.4666,"x":26.25,"y":63.19,"curve":"stepped"},{"time":0.5666,"x":1.73,"y":25.06,"curve":"stepped"},{"time":0.6666,"x":26.25,"y":63.19,"curve":"stepped"},{"time":0.7666,"x":1.73,"y":25.06,"curve":"stepped"},{"time":1,"x":-27.72,"y":-4.02,"curve":"stepped"},{"time":1.4,"x":0,"y":0}]},"DAMAGEAREA":{"translate":[{"time":0.3029,"x":-186.73,"y":319.69},{"time":0.3034,"x":-156.12,"y":319.69},{"time":0.3611,"x":-623.77,"y":-102.41,"curve":"stepped"},{"time":0.3693,"x":19.9,"y":397.21},{"time":0.4324,"x":-695.91,"y":8.54,"curve":"stepped"},{"time":0.5007,"x":-122.23,"y":354.35},{"time":0.5698,"x":-675.7,"y":85.89}],"scale":[{"time":0.3029,"x":0.3,"y":0.328,"curve":"stepped"},{"time":0.3034,"x":0.3,"y":0.328,"curve":[0.506,0,0,1]},{"time":0.3611,"x":1.043,"y":1.138,"curve":"stepped"},{"time":0.3693,"x":0.466,"y":0.268,"curve":[0.881,0,0,1.05]},{"time":0.4324,"x":1.139,"y":0.656,"curve":"stepped"},{"time":0.5007,"x":0.515,"y":0.296,"curve":[0.475,0,0,1]},{"time":0.5698,"x":1.139,"y":0.656}]}},"events":[{"time":0,"name":"Event","float":0.1,"string":"kHitStopType_enemyonly"},{"time":0,"name":"HitEffect","string":"setHitEffect(hit04b,1,0.75,100)"},{"time":0.1,"name":"Voice","string":"cri_047_voice_skill"},{"time":0.3,"name":"Sound1","string":"cri_se_battle_beam"},{"time":0.3,"name":"Sound2","string":"cri_se_battle_explosion_water_02"},{"time":0.3333,"name":"Event","string":"shakeGround"},{"time":0.3666,"name":"Sound1","string":"cri_se_battle_beam"},{"time":0.3666,"name":"Sound2","string":"cri_se_battle_explosion_water_02"},{"time":0.3717,"name":"Hit","string":"resetHitList"},{"time":0.5,"name":"Sound1","string":"cri_se_battle_beam"},{"time":0.5,"name":"Sound2","string":"cri_se_battle_explosion_water_02"},{"time":0.5007,"name":"Hit","string":"resetHitList"},{"time":0.5333,"name":"Event","string":"kImpactType_knock"}]},"skill2":{"slots":{"560_bubble_0":{"attachment":[{"time":0.5333,"name":null},{"time":2.5333,"name":"EF/560_bubble/560_bubble_0"}]},"560_bubble_1":{"attachment":[{"time":0.5333,"name":null},{"time":2.5333,"name":"EF/560_bubble/560_bubble_1"}]},"560_bubble_2":{"attachment":[{"time":0.5333,"name":null},{"time":2.5333,"name":"EF/560_bubble/560_bubble_2"}]},"560_bubble_3":{"attachment":[{"time":0.5333,"name":null},{"time":2.5333,"name":"EF/560_bubble/560_bubble_3"}]},"560_bubble_4":{"attachment":[{"time":0.5333,"name":null},{"time":2.5333,"name":"EF/560_bubble/560_bubble_4"}]},"560_bubble_5":{"attachment":[{"time":0.5333,"name":null},{"time":2.5333,"name":"EF/560_bubble/560_bubble_5"}]},"DAMAGEAREA":{"attachment":[{"time":0.9,"name":"DAMAGEAREA"},{"time":2.3333,"name":null}]},"HITBOX":{"attachment":[{"time":2.3333,"name":"HITBOX"}]},"MAIN":{"attachment":[{"time":0,"name":"skill2_03"},{"time":0.2,"name":"skill2_02"},{"time":0.3666,"name":"skill2_00"},{"time":0.5333,"name":"skill2_01"},{"time":2.5333,"name":"skill2_00"},{"time":2.8666,"name":"skill2_02"},{"time":3.0666,"name":"skill2_03"},{"time":3.3,"name":"skill2_04"},{"time":3.6333,"name":"idle_00"}]},"S1_wave1_1":{"attachment":[{"time":0,"name":null},{"time":0.8666,"name":"EF/710_S1_wave1/710_S1_wave1_00044"},{"time":0.9,"name":"EF/710_S1_wave1/710_S1_wave1_00046"},{"time":0.9333,"name":"EF/710_S1_wave1/710_S1_wave1_00048"},{"time":0.9666,"name":"EF/710_S1_wave1/710_S1_wave1_00050"},{"time":1,"name":null},{"time":1.1333,"name":"EF/710_S1_wave1/710_S1_wave1_00038"},{"time":1.1666,"name":"EF/710_S1_wave1/710_S1_wave1_00039"},{"time":1.2,"name":"EF/710_S1_wave1/710_S1_wave1_00040"},{"time":1.2333,"name":"EF/710_S1_wave1/710_S1_wave1_00041"},{"time":1.2666,"name":"EF/710_S1_wave1/710_S1_wave1_00042"},{"time":1.3,"name":"EF/710_S1_wave1/710_S1_wave1_00043"},{"time":1.3333,"name":"EF/710_S1_wave1/710_S1_wave1_00044"},{"time":1.3666,"name":"EF/710_S1_wave1/710_S1_wave1_00046"},{"time":1.4,"name":"EF/710_S1_wave1/710_S1_wave1_00048"},{"time":1.4333,"name":"EF/710_S1_wave1/710_S1_wave1_00050"},{"time":1.4666,"name":null},{"time":1.6,"name":"EF/710_S1_wave1/710_S1_wave1_00038"},{"time":1.6333,"name":"EF/710_S1_wave1/710_S1_wave1_00039"},{"time":1.6666,"name":"EF/710_S1_wave1/710_S1_wave1_00040"},{"time":1.7,"name":"EF/710_S1_wave1/710_S1_wave1_00041"},{"time":1.7333,"name":"EF/710_S1_wave1/710_S1_wave1_00042"},{"time":1.7666,"name":"EF/710_S1_wave1/710_S1_wave1_00043"},{"time":1.8,"name":"EF/710_S1_wave1/710_S1_wave1_00044"},{"time":1.8333,"name":"EF/710_S1_wave1/710_S1_wave1_00046"},{"time":1.8666,"name":"EF/710_S1_wave1/710_S1_wave1_00048"},{"time":1.9,"name":"EF/710_S1_wave1/710_S1_wave1_00050"},{"time":1.9333,"name":null}]},"S1_wave1_2":{"attachment":[{"time":0,"name":null},{"time":0.7666,"name":"EF/710_S1_wave1/710_S1_wave1_00038"},{"time":0.8,"name":"EF/710_S1_wave1/710_S1_wave1_00039"},{"time":0.8333,"name":"EF/710_S1_wave1/710_S1_wave1_00040"},{"time":0.8666,"name":"EF/710_S1_wave1/710_S1_wave1_00041"},{"time":0.9,"name":"EF/710_S1_wave1/710_S1_wave1_00042"},{"time":0.9333,"name":"EF/710_S1_wave1/710_S1_wave1_00043"},{"time":0.9666,"name":"EF/710_S1_wave1/710_S1_wave1_00044"},{"time":1,"name":"EF/710_S1_wave1/710_S1_wave1_00046"},{"time":1.0333,"name":"EF/710_S1_wave1/710_S1_wave1_00048"},{"time":1.0666,"name":"EF/710_S1_wave1/710_S1_wave1_00050"},{"time":1.1,"name":null},{"time":1.2333,"name":"EF/710_S1_wave1/710_S1_wave1_00038"},{"time":1.2666,"name":"EF/710_S1_wave1/710_S1_wave1_00039"},{"time":1.3,"name":"EF/710_S1_wave1/710_S1_wave1_00040"},{"time":1.3333,"name":"EF/710_S1_wave1/710_S1_wave1_00041"},{"time":1.3666,"name":"EF/710_S1_wave1/710_S1_wave1_00042"},{"time":1.4,"name":"EF/710_S1_wave1/710_S1_wave1_00043"},{"time":1.4333,"name":"EF/710_S1_wave1/710_S1_wave1_00044"},{"time":1.4666,"name":"EF/710_S1_wave1/710_S1_wave1_00046"},{"time":1.5,"name":"EF/710_S1_wave1/710_S1_wave1_00048"},{"time":1.5333,"name":"EF/710_S1_wave1/710_S1_wave1_00050"},{"time":1.5666,"name":null},{"time":1.7,"name":"EF/710_S1_wave1/710_S1_wave1_00038"},{"time":1.7333,"name":"EF/710_S1_wave1/710_S1_wave1_00039"},{"time":1.7666,"name":"EF/710_S1_wave1/710_S1_wave1_00040"},{"time":1.8,"name":"EF/710_S1_wave1/710_S1_wave1_00041"},{"time":1.8333,"name":"EF/710_S1_wave1/710_S1_wave1_00042"},{"time":1.8666,"name":"EF/710_S1_wave1/710_S1_wave1_00043"},{"time":1.9,"name":"EF/710_S1_wave1/710_S1_wave1_00044"},{"time":1.9333,"name":"EF/710_S1_wave1/710_S1_wave1_00046"},{"time":1.9666,"name":"EF/710_S1_wave1/710_S1_wave1_00048"},{"time":2,"name":"EF/710_S1_wave1/710_S1_wave1_00050"},{"time":2.0333,"name":null}]},"kuru_1":{"attachment":[{"time":0.5333,"name":"kuru_01"},{"time":0.6666,"name":"kuru_00"},{"time":0.7666,"name":"kuru_01"},{"time":0.8666,"name":"kuru_00"},{"time":0.9333,"name":"kuru_01"},{"time":1,"name":"kuru_00"},{"time":1.0666,"name":"kuru_01"},{"time":1.1333,"name":"kuru_00"},{"time":1.2,"name":"kuru_01"},{"time":1.2666,"name":"kuru_00"},{"time":1.3333,"name":"kuru_01"},{"time":1.4,"name":"kuru_00"},{"time":1.4666,"name":"kuru_01"},{"time":1.5333,"name":"kuru_00"},{"time":1.6,"name":"kuru_01"},{"time":1.6666,"name":"kuru_00"},{"time":1.7333,"name":"kuru_01"},{"time":1.8,"name":"kuru_00"},{"time":1.9,"name":"kuru_01"},{"time":2.1,"name":"kuru_01"},{"time":2.2333,"name":"kuru_00"},{"time":2.3666,"name":"kuru_01"},{"time":2.5333,"name":null}]}},"bones":{"S1_wave1_1":{"translate":[{"time":0.8666,"x":-715.67,"y":-504.19}],"scale":[{"time":0.8666,"x":6,"y":6}]},"S1_wave1_2":{"translate":[{"time":0.7666,"x":-780.64,"y":-504.08}],"scale":[{"time":0.7666,"x":6,"y":6}]},"MAIN":{"rotate":[{"time":0.5333,"angle":5.09,"curve":"stepped"},{"time":0.6,"angle":5.09},{"time":0.6666,"angle":0},{"time":0.7,"angle":0.5,"curve":"stepped"},{"time":0.7666,"angle":2.25,"curve":"stepped"},{"time":0.8666,"angle":0.5,"curve":"stepped"},{"time":0.9333,"angle":2.25,"curve":"stepped"},{"time":1,"angle":0.5,"curve":"stepped"},{"time":1.0666,"angle":2.25,"curve":"stepped"},{"time":1.1333,"angle":0.5,"curve":"stepped"},{"time":1.2,"angle":2.25,"curve":"stepped"},{"time":1.2666,"angle":0.5,"curve":"stepped"},{"time":1.3333,"angle":2.25,"curve":"stepped"},{"time":1.4,"angle":0.5,"curve":"stepped"},{"time":1.4666,"angle":2.25,"curve":"stepped"},{"time":1.5333,"angle":0.5,"curve":"stepped"},{"time":1.6,"angle":2.25,"curve":"stepped"},{"time":1.6666,"angle":0.5,"curve":"stepped"},{"time":1.7333,"angle":2.25,"curve":"stepped"},{"time":1.8,"angle":0.5,"curve":"stepped"},{"time":1.9,"angle":2.25,"curve":"stepped"},{"time":2,"angle":0.5,"curve":"stepped"},{"time":2.1,"angle":2.25,"curve":"stepped"},{"time":2.2333,"angle":0.5,"curve":"stepped"},{"time":2.3666,"angle":2.25}],"translate":[{"time":0.5333,"x":-0.68,"y":32.66,"curve":"stepped"},{"time":0.6,"x":-0.68,"y":32.66},{"time":0.7,"x":-45.08,"y":33.47,"curve":"stepped"},{"time":0.7666,"x":-50.46,"y":32.66,"curve":"stepped"},{"time":0.8666,"x":-45.08,"y":33.47,"curve":"stepped"},{"time":0.9333,"x":-50.46,"y":32.66,"curve":"stepped"},{"time":1,"x":-45.08,"y":33.47,"curve":"stepped"},{"time":1.0666,"x":-50.46,"y":32.66,"curve":"stepped"},{"time":1.1333,"x":-45.08,"y":33.47,"curve":"stepped"},{"time":1.2,"x":-50.46,"y":32.66,"curve":"stepped"},{"time":1.2666,"x":-45.08,"y":33.47,"curve":"stepped"},{"time":1.3333,"x":-50.46,"y":32.66,"curve":"stepped"},{"time":1.4,"x":-45.08,"y":33.47,"curve":"stepped"},{"time":1.4666,"x":-50.46,"y":32.66,"curve":"stepped"},{"time":1.5333,"x":-45.08,"y":33.47,"curve":"stepped"},{"time":1.6,"x":-50.46,"y":32.66,"curve":"stepped"},{"time":1.6666,"x":-45.08,"y":33.47,"curve":"stepped"},{"time":1.7333,"x":-50.46,"y":32.66,"curve":"stepped"},{"time":1.8,"x":-45.08,"y":33.47,"curve":"stepped"},{"time":1.9,"x":-50.46,"y":32.66,"curve":"stepped"},{"time":2,"x":-45.08,"y":33.47,"curve":"stepped"},{"time":2.1,"x":-50.46,"y":32.66,"curve":"stepped"},{"time":2.2333,"x":-45.08,"y":33.47,"curve":"stepped"},{"time":2.3666,"x":-50.46,"y":32.66,"curve":"stepped"},{"time":2.5333,"x":-50,"y":0}],"scale":[{"time":0.5333,"x":0.97,"y":0.97,"curve":"stepped"},{"time":0.6666,"x":-0.97,"y":0.967,"curve":"stepped"},{"time":0.7666,"x":0.97,"y":0.967,"curve":"stepped"},{"time":0.8666,"x":-0.97,"y":0.967,"curve":"stepped"},{"time":0.9333,"x":0.97,"y":0.967,"curve":"stepped"},{"time":1,"x":-0.97,"y":0.967,"curve":"stepped"},{"time":1.0666,"x":0.97,"y":0.967,"curve":"stepped"},{"time":1.1333,"x":-0.97,"y":0.967,"curve":"stepped"},{"time":1.2,"x":0.97,"y":0.967,"curve":"stepped"},{"time":1.2666,"x":-0.97,"y":0.967,"curve":"stepped"},{"time":1.3333,"x":0.97,"y":0.967,"curve":"stepped"},{"time":1.4,"x":-0.97,"y":0.967,"curve":"stepped"},{"time":1.4666,"x":0.97,"y":0.967,"curve":"stepped"},{"time":1.5333,"x":-0.97,"y":0.967,"curve":"stepped"},{"time":1.6,"x":0.97,"y":0.967,"curve":"stepped"},{"time":1.6666,"x":-0.97,"y":0.967,"curve":"stepped"},{"time":1.7333,"x":0.97,"y":0.967,"curve":"stepped"},{"time":1.8,"x":-0.97,"y":0.967,"curve":"stepped"},{"time":1.9,"x":0.97,"y":0.967,"curve":"stepped"},{"time":2,"x":-0.97,"y":0.967,"curve":"stepped"},{"time":2.1,"x":0.97,"y":0.967,"curve":"stepped"},{"time":2.2333,"x":-0.97,"y":0.967,"curve":"stepped"},{"time":2.3666,"x":0.97,"y":0.967,"curve":"stepped"},{"time":2.5333,"x":1,"y":1,"curve":"stepped"},{"time":2.7,"x":-1,"y":1,"curve":"stepped"},{"time":2.8666,"x":1,"y":1}]},"bubble_1":{"translate":[{"time":0,"x":0,"y":0,"curve":"stepped"},{"time":0.2,"x":-8.28,"y":3.64,"curve":"stepped"},{"time":2.8666,"x":-8.28,"y":3.64,"curve":"stepped"},{"time":3.0666,"x":0,"y":0,"curve":"stepped"},{"time":3.3,"x":0,"y":0}]},"bubble_2":{"translate":[{"time":0,"x":0,"y":0,"curve":"stepped"},{"time":0.2,"x":42.18,"y":-8.25,"curve":"stepped"},{"time":2.8666,"x":42.18,"y":-8.25,"curve":"stepped"},{"time":3.0666,"x":0,"y":0,"curve":"stepped"},{"time":3.3,"x":0,"y":0}]},"bubble_0":{"translate":[{"time":0,"x":0,"y":0,"curve":"stepped"},{"time":0.2,"x":38.05,"y":-4.42,"curve":"stepped"},{"time":2.8666,"x":38.05,"y":-4.42,"curve":"stepped"},{"time":3.0666,"x":0,"y":0,"curve":"stepped"},{"time":3.3,"x":0,"y":0}]},"bubble_3":{"translate":[{"time":0,"x":0,"y":0,"curve":"stepped"},{"time":0.2,"x":20.35,"y":-20.35,"curve":"stepped"},{"time":2.8666,"x":20.35,"y":-20.35,"curve":"stepped"},{"time":3.0666,"x":0,"y":0,"curve":"stepped"},{"time":3.3,"x":0,"y":0}]},"bubble_4":{"translate":[{"time":0,"x":0,"y":0,"curve":"stepped"},{"time":0.2,"x":20.94,"y":-0.88,"curve":"stepped"},{"time":2.8666,"x":20.94,"y":-0.88,"curve":"stepped"},{"time":3.0666,"x":0,"y":0,"curve":"stepped"},{"time":3.3,"x":0,"y":0}]},"bubble_5":{"translate":[{"time":0,"x":0,"y":0,"curve":"stepped"},{"time":0.2,"x":2.06,"y":-9.14,"curve":"stepped"},{"time":2.8666,"x":2.06,"y":-9.14,"curve":"stepped"},{"time":3.0666,"x":0,"y":0,"curve":"stepped"},{"time":3.3,"x":0,"y":0}]},"bubble":{"rotate":[{"time":0,"angle":0,"curve":"stepped"},{"time":0.2,"angle":0,"curve":"stepped"},{"time":0.3666,"angle":22.62,"curve":"stepped"},{"time":2.8666,"angle":0,"curve":"stepped"},{"time":3.0666,"angle":0,"curve":"stepped"},{"time":3.3,"angle":-3.52}],"translate":[{"time":0,"x":0,"y":0,"curve":"stepped"},{"time":0.2,"x":0,"y":0,"curve":"stepped"},{"time":0.3666,"x":-48.37,"y":-10.02,"curve":"stepped"},{"time":2.5333,"x":-48.37,"y":-10.02,"curve":"stepped"},{"time":2.7,"x":-38.7,"y":8.87,"curve":"stepped"},{"time":2.8666,"x":0,"y":0,"curve":"stepped"},{"time":3.0666,"x":0,"y":0,"curve":"stepped"},{"time":3.3,"x":4.42,"y":2.94}],"scale":[{"time":2.7,"x":-1,"y":1,"curve":"stepped"},{"time":2.8666,"x":1,"y":1}]},"DAMAGEAREA":{"translate":[{"time":0.9,"x":-57.77,"y":421.13}],"scale":[{"time":0.9,"x":1.114,"y":3.098}]},"kuru":{"rotate":[{"time":0.5333,"angle":6.56,"curve":"stepped"},{"time":0.6,"angle":6.56},{"time":0.6666,"angle":3.45},{"time":0.7,"angle":4.28,"curve":"stepped"},{"time":0.7666,"angle":1.5,"curve":"stepped"},{"time":0.8666,"angle":4.28,"curve":"stepped"},{"time":0.9333,"angle":1.5,"curve":"stepped"},{"time":1,"angle":4.28,"curve":"stepped"},{"time":1.0666,"angle":1.5,"curve":"stepped"},{"time":1.1333,"angle":4.28,"curve":"stepped"},{"time":1.2,"angle":1.5,"curve":"stepped"},{"time":1.2666,"angle":4.28,"curve":"stepped"},{"time":1.3333,"angle":1.5,"curve":"stepped"},{"time":1.4,"angle":4.28,"curve":"stepped"},{"time":1.4666,"angle":1.5,"curve":"stepped"},{"time":1.5333,"angle":4.28,"curve":"stepped"},{"time":1.6,"angle":1.5,"curve":"stepped"},{"time":1.6666,"angle":4.28,"curve":"stepped"},{"time":1.7333,"angle":1.5,"curve":"stepped"},{"time":1.8,"angle":4.28,"curve":"stepped"},{"time":1.9,"angle":1.5,"curve":"stepped"},{"time":2,"angle":4.28,"curve":"stepped"},{"time":2.1,"angle":1.5,"curve":"stepped"},{"time":2.2333,"angle":4.28,"curve":"stepped"},{"time":2.3666,"angle":1.5}],"translate":[{"time":0.5333,"x":-8.55,"y":130.37,"curve":"stepped"},{"time":0.6,"x":-8.55,"y":130.37},{"time":0.6666,"x":-32.55,"y":131.25},{"time":0.7,"x":-48.94,"y":131.7,"curve":"stepped"},{"time":0.7666,"x":-53.55,"y":129.53,"curve":"stepped"},{"time":0.8666,"x":-48.94,"y":131.7,"curve":"stepped"},{"time":0.9333,"x":-53.55,"y":129.53,"curve":"stepped"},{"time":1,"x":-48.94,"y":131.7,"curve":"stepped"},{"time":1.0666,"x":-53.55,"y":129.53,"curve":"stepped"},{"time":1.1333,"x":-48.94,"y":131.7,"curve":"stepped"},{"time":1.2,"x":-53.55,"y":129.53,"curve":"stepped"},{"time":1.2666,"x":-48.94,"y":131.7,"curve":"stepped"},{"time":1.3333,"x":-53.55,"y":129.53,"curve":"stepped"},{"time":1.4,"x":-48.94,"y":131.7,"curve":"stepped"},{"time":1.4666,"x":-53.55,"y":129.53,"curve":"stepped"},{"time":1.5333,"x":-48.94,"y":131.7,"curve":"stepped"},{"time":1.6,"x":-53.55,"y":129.53,"curve":"stepped"},{"time":1.6666,"x":-48.94,"y":131.7,"curve":"stepped"},{"time":1.7333,"x":-53.55,"y":129.53,"curve":"stepped"},{"time":1.8,"x":-48.94,"y":131.7,"curve":"stepped"},{"time":1.9,"x":-53.55,"y":129.53,"curve":"stepped"},{"time":2,"x":-48.94,"y":131.7,"curve":"stepped"},{"time":2.1,"x":-53.55,"y":129.53,"curve":"stepped"},{"time":2.2333,"x":-48.94,"y":131.7,"curve":"stepped"},{"time":2.3666,"x":-53.55,"y":129.53}],"scale":[{"time":0.5333,"x":1.3,"y":1.3,"curve":"stepped"},{"time":0.7666,"x":-1.3,"y":1.3,"curve":"stepped"},{"time":0.8666,"x":1.3,"y":1.3,"curve":"stepped"},{"time":0.9333,"x":-1.3,"y":1.3,"curve":"stepped"},{"time":1,"x":1.3,"y":1.3,"curve":"stepped"},{"time":1.0666,"x":-1.3,"y":1.3,"curve":"stepped"},{"time":1.1333,"x":1.3,"y":1.3,"curve":"stepped"},{"time":1.2,"x":-1.3,"y":1.3,"curve":"stepped"},{"time":1.2666,"x":1.3,"y":1.3,"curve":"stepped"},{"time":1.3333,"x":-1.3,"y":1.3,"curve":"stepped"},{"time":1.4,"x":1.3,"y":1.3,"curve":"stepped"},{"time":1.4666,"x":-1.3,"y":1.3,"curve":"stepped"},{"time":1.5333,"x":1.3,"y":1.3,"curve":"stepped"},{"time":1.6,"x":-1.3,"y":1.3,"curve":"stepped"},{"time":1.6666,"x":1.3,"y":1.3,"curve":"stepped"},{"time":1.7333,"x":-1.3,"y":1.3,"curve":"stepped"},{"time":1.8,"x":1.3,"y":1.3,"curve":"stepped"},{"time":1.9,"x":-1.3,"y":1.3,"curve":"stepped"},{"time":2,"x":1.3,"y":1.3,"curve":"stepped"},{"time":2.1,"x":-1.3,"y":1.3,"curve":"stepped"},{"time":2.2333,"x":1.3,"y":1.3,"curve":"stepped"},{"time":2.3666,"x":-1.3,"y":1.3}]}},"events":[{"time":0,"name":"Event","float":0.1,"string":"kHitStopType_enemyonly"},{"time":0,"name":"HitEffect","string":"setHitEffect(hit02b,1,0.6,100)"},{"time":0.0333,"name":"Event","string":"kImpactType_up"},{"time":0.2,"name":"Voice","string":"cri_047_voice_fullarts_now"},{"time":0.6666,"name":"Event","float":12,"string":"addOrbitSystem-ice1"},{"time":0.7,"name":"Event","float":0.88,"string":"shakeGround_Loop"},{"time":0.7,"name":"Sound1","string":"cri_se_battle_storm"},{"time":0.7333,"name":"Event","string":"runScript-Suction"},{"time":0.9666,"name":"Hit","string":"resetHitList"},{"time":0.9666,"name":"Sound2","string":"setHitSound(se_battle_hard_hit)"},{"time":1.0666,"name":"Hit","string":"resetHitList"},{"time":1.0666,"name":"Sound2","string":"setHitSound(se_battle_hard_hit)"},{"time":1.1333,"name":"Hit","string":"resetHitList"},{"time":1.1333,"name":"Sound2","string":"setHitSound(se_battle_hard_hit)"},{"time":1.2,"name":"Hit","string":"resetHitList"},{"time":1.2,"name":"Sound2","string":"setHitSound(se_battle_hard_hit)"},{"time":1.2666,"name":"Hit","string":"resetHitList"},{"time":1.2666,"name":"Sound2","string":"setHitSound(se_battle_hard_hit)"},{"time":1.3333,"name":"Hit","string":"resetHitList"},{"time":1.3333,"name":"Sound2","string":"setHitSound(se_battle_hard_hit)"},{"time":1.4,"name":"Hit","string":"resetHitList"},{"time":1.4,"name":"Sound2","string":"setHitSound(se_battle_hard_hit)"},{"time":1.5,"name":"Hit","string":"resetHitList"},{"time":1.5,"name":"Sound2","string":"setHitSound(se_battle_hard_hit)"},{"time":1.5666,"name":"Hit","string":"resetHitList"},{"time":1.5666,"name":"Sound2","string":"setHitSound(se_battle_hard_hit)"},{"time":1.6333,"name":"Hit","string":"resetHitList"},{"time":1.6333,"name":"Sound2","string":"setHitSound(se_battle_hard_hit)"},{"time":1.7,"name":"Hit","string":"resetHitList"},{"time":1.7,"name":"Sound2","string":"setHitSound(se_battle_hard_hit)"},{"time":1.7666,"name":"Hit","string":"resetHitList"},{"time":1.7666,"name":"Sound2","string":"setHitSound(se_battle_hard_hit)"},{"time":1.8333,"name":"Hit","string":"resetHitList"},{"time":1.8333,"name":"Sound2","string":"setHitSound(se_battle_hard_hit)"},{"time":1.8666,"name":"Hit","string":"resetHitList"},{"time":1.8666,"name":"Sound2","string":"setHitSound(se_battle_hard_hit)"},{"time":1.9333,"name":"Hit","string":"resetHitList"},{"time":1.9333,"name":"Sound2","string":"setHitSound(se_battle_hard_hit)"},{"time":2,"name":"Hit","string":"resetHitList"},{"time":2,"name":"Sound2","string":"setHitSound(se_battle_hard_hit)"},{"time":2.0333,"name":"Hit","string":"resetHitList"},{"time":2.0333,"name":"Sound2","string":"setHitSound(se_battle_hard_hit)"},{"time":2.0666,"name":"Hit","string":"resetHitList"},{"time":2.0666,"name":"Sound2","string":"setHitSound(se_battle_hard_hit)"},{"time":2.1,"name":"Event","string":"runScript-SuctionEnd"}]},"skill1org":{"slots":{"DAMAGEAREA":{"attachment":[{"time":0.3333,"name":"DAMAGEAREA"},{"time":0.6,"name":null}]},"MAIN":{"attachment":[{"time":0,"name":"skill1_00"},{"time":0.1,"name":"skill1_01"},{"time":0.2,"name":"skill1_02"},{"time":0.2666,"name":"skill1_03"},{"time":1.1333,"name":"skill1_02"},{"time":1.2666,"name":"skill1_01"},{"time":1.4,"name":"skill1_00"},{"time":1.5333,"name":"skill1_00"}]},"S1_wave1_1":{"attachment":[{"time":0,"name":null}]},"S1_wave1_2":{"attachment":[{"time":0,"name":null}]}},"bones":{"MAIN":{"translate":[{"time":0,"x":0,"y":0,"curve":"stepped"},{"time":0.1,"x":0,"y":51.13,"curve":"stepped"},{"time":0.2,"x":0,"y":70.48,"curve":"stepped"},{"time":0.2666,"x":0,"y":73.24,"curve":"stepped"},{"time":1.1333,"x":0,"y":70.48,"curve":"stepped"},{"time":1.2666,"x":0,"y":51.13,"curve":"stepped"},{"time":1.4,"x":0,"y":0}]},"bubble":{"rotate":[{"time":0,"angle":-4.78,"curve":"stepped"},{"time":0.1,"angle":-9.86,"curve":"stepped"},{"time":0.2666,"angle":-17.84,"curve":"stepped"},{"time":1.1333,"angle":-9.86,"curve":"stepped"},{"time":1.4,"angle":-4.78}],"translate":[{"time":0,"x":-0.38,"y":23.72,"curve":"stepped"},{"time":0.1,"x":12.83,"y":50.18,"curve":"stepped"},{"time":1.1333,"x":12.83,"y":50.18,"curve":"stepped"},{"time":1.4,"x":-0.38,"y":23.72}]},"bubble_0":{"rotate":[{"time":0,"angle":0,"curve":"stepped"},{"time":1.4,"angle":0}],"translate":[{"time":0,"x":0,"y":0,"curve":"stepped"},{"time":0.1,"x":-42.98,"y":20.17,"curve":"stepped"},{"time":0.2,"x":-31,"y":36.28,"curve":"stepped"},{"time":0.2666,"x":-33.79,"y":75.43,"curve":"stepped"},{"time":0.3666,"x":-31,"y":36.28,"curve":"stepped"},{"time":0.4666,"x":-33.79,"y":75.43,"curve":"stepped"},{"time":0.5666,"x":-31,"y":36.28,"curve":"stepped"},{"time":0.6666,"x":-33.79,"y":75.43,"curve":"stepped"},{"time":0.7666,"x":-31,"y":36.28,"curve":"stepped"},{"time":1,"x":-42.98,"y":20.17,"curve":"stepped"},{"time":1.4,"x":0,"y":0}]},"bubble_2":{"rotate":[{"time":0,"angle":0,"curve":"stepped"},{"time":1.4,"angle":0}],"translate":[{"time":0,"x":0,"y":0,"curve":"stepped"},{"time":0.1,"x":1.83,"y":12.16,"curve":"stepped"},{"time":0.2,"x":1.05,"y":19.67,"curve":"stepped"},{"time":0.2666,"x":16.39,"y":63.43,"curve":"stepped"},{"time":0.3666,"x":1.05,"y":19.67,"curve":"stepped"},{"time":0.4666,"x":16.39,"y":63.43,"curve":"stepped"},{"time":0.5666,"x":1.05,"y":19.67,"curve":"stepped"},{"time":0.6666,"x":16.39,"y":63.43,"curve":"stepped"},{"time":0.7666,"x":1.05,"y":19.67,"curve":"stepped"},{"time":1,"x":1.83,"y":12.16,"curve":"stepped"},{"time":1.4,"x":0,"y":0}]},"bubble_1":{"rotate":[{"time":0,"angle":0,"curve":"stepped"},{"time":1.4,"angle":0}],"translate":[{"time":0,"x":0,"y":0,"curve":"stepped"},{"time":0.1,"x":-81.25,"y":4.04,"curve":"stepped"},{"time":0.2,"x":-83.91,"y":31.38,"curve":"stepped"},{"time":0.2666,"x":-69.59,"y":59.28,"curve":"stepped"},{"time":0.3666,"x":-83.91,"y":31.38,"curve":"stepped"},{"time":0.4666,"x":-69.59,"y":59.28,"curve":"stepped"},{"time":0.5666,"x":-83.91,"y":31.38,"curve":"stepped"},{"time":0.6666,"x":-69.59,"y":59.28,"curve":"stepped"},{"time":0.7666,"x":-83.91,"y":31.38,"curve":"stepped"},{"time":1,"x":-81.25,"y":4.04,"curve":"stepped"},{"time":1.4,"x":0,"y":0}]},"bubble_3":{"rotate":[{"time":0,"angle":0,"curve":"stepped"},{"time":1.4,"angle":0}],"translate":[{"time":0,"x":0,"y":0,"curve":"stepped"},{"time":0.1,"x":-42.05,"y":5.72,"curve":"stepped"},{"time":0.2,"x":-22.43,"y":12.03,"curve":"stepped"},{"time":0.2666,"x":-27.69,"y":49.98,"curve":"stepped"},{"time":0.3666,"x":-22.43,"y":12.03,"curve":"stepped"},{"time":0.4666,"x":-27.69,"y":49.98,"curve":"stepped"},{"time":0.5666,"x":-22.43,"y":12.03,"curve":"stepped"},{"time":0.6666,"x":-27.69,"y":49.98,"curve":"stepped"},{"time":0.7666,"x":-22.43,"y":12.03,"curve":"stepped"},{"time":1,"x":-42.05,"y":5.72,"curve":"stepped"},{"time":1.4,"x":0,"y":0}]},"bubble_4":{"rotate":[{"time":0,"angle":0,"curve":"stepped"},{"time":1.4,"angle":0}],"translate":[{"time":0,"x":0,"y":0,"curve":"stepped"},{"time":0.1,"x":-46.47,"y":15.22,"curve":"stepped"},{"time":0.2,"x":-33.23,"y":33.78,"curve":"stepped"},{"time":0.2666,"x":-31.04,"y":66.36,"curve":"stepped"},{"time":0.3666,"x":-33.23,"y":33.78,"curve":"stepped"},{"time":0.4666,"x":-31.04,"y":66.36,"curve":"stepped"},{"time":0.5666,"x":-33.23,"y":33.78,"curve":"stepped"},{"time":0.6666,"x":-31.04,"y":66.36,"curve":"stepped"},{"time":0.7666,"x":-33.23,"y":33.78,"curve":"stepped"},{"time":1,"x":-46.47,"y":15.22,"curve":"stepped"},{"time":1.4,"x":0,"y":0}]},"bubble_5":{"rotate":[{"time":0,"angle":0,"curve":"stepped"},{"time":1.4,"angle":0}],"translate":[{"time":0,"x":0,"y":0,"curve":"stepped"},{"time":0.1,"x":-27.72,"y":-4.02,"curve":"stepped"},{"time":0.2,"x":1.73,"y":25.06,"curve":"stepped"},{"time":0.2666,"x":26.25,"y":63.19,"curve":"stepped"},{"time":0.3666,"x":1.73,"y":25.06,"curve":"stepped"},{"time":0.4666,"x":26.25,"y":63.19,"curve":"stepped"},{"time":0.5666,"x":1.73,"y":25.06,"curve":"stepped"},{"time":0.6666,"x":26.25,"y":63.19,"curve":"stepped"},{"time":0.7666,"x":1.73,"y":25.06,"curve":"stepped"},{"time":1,"x":-27.72,"y":-4.02,"curve":"stepped"},{"time":1.4,"x":0,"y":0}]},"DAMAGEAREA":{"translate":[{"time":0.3333,"x":-342.54,"y":175.19,"curve":"stepped"},{"time":0.4,"x":-427.54,"y":175.19,"curve":"stepped"},{"time":0.5333,"x":-467.96,"y":175.19}],"scale":[{"time":0.3333,"x":1.63,"y":1,"curve":"stepped"},{"time":0.4,"x":2.245,"y":1,"curve":"stepped"},{"time":0.5333,"x":3.007,"y":1}]}},"events":[{"time":0,"name":"Event","float":0.1,"string":"kHitStopType_enemyonly"},{"time":0,"name":"HitEffect","string":"setHitEffect(hit04b,1,0.75,100)"},{"time":0.1,"name":"Voice","string":"cri_047_voice_skill"},{"time":0.3,"name":"Sound1","string":"cri_se_battle_beam"},{"time":0.3,"name":"Sound2","string":"cri_se_battle_explosion_water_02"},{"time":0.3333,"name":"Event","string":"shakeGround"},{"time":0.3666,"name":"Sound1","string":"cri_se_battle_beam"},{"time":0.3666,"name":"Sound2","string":"cri_se_battle_explosion_water_02"},{"time":0.4,"name":"Hit","string":"resetHitList"},{"time":0.5,"name":"Sound1","string":"cri_se_battle_beam"},{"time":0.5,"name":"Sound2","string":"cri_se_battle_explosion_water_02"},{"time":0.5333,"name":"Event","string":"kImpactType_knock"},{"time":0.5333,"name":"Hit","string":"resetHitList"}]}}}