{"skeleton":{"hash":"zwZ29sfIxcEqcXlAru0fbrlXklk","spine":"3.0.12","width":500,"height":500},"bones":[{"name":"root"},{"name":"book_skill3","parent":"root","x":-49.85,"y":25.29,"scaleX":2,"scaleY":2,"rotation":-0.34},{"name":"MAIN","parent":"root","y":60},{"name":"book_skill2","parent":"MAIN","x":-28.17,"y":-4.33,"scaleX":2,"scaleY":2},{"name":"HITBOX","parent":"MAIN","y":-60},{"name":"EF2","parent":"MAIN","x":4.67,"y":-30.69,"scaleX":2,"scaleY":2},{"name":"EF_MAIN","parent":"root"},{"name":"EF_wave2_2","parent":"EF_MAIN","x":300},{"name":"EF_wave2_1","parent":"EF_MAIN","x":300},{"name":"EF_wave1_1","parent":"EF_MAIN","x":200},{"name":"EF_smoke1_3","parent":"EF_MAIN","x":200,"y":150},{"name":"EF_smoke1_2","parent":"EF_MAIN","x":200,"y":150},{"name":"EF_smoke1_1","parent":"EF_MAIN","x":200,"y":150},{"name":"EF_shot_wave1_2","parent":"EF_MAIN","x":200,"y":100},{"name":"EF_shot_wave1_1","parent":"EF_MAIN","x":200,"y":100},{"name":"EF_rotwave1_1","parent":"EF_MAIN","x":250},{"name":"EF_magic_root","parent":"EF_MAIN","x":150},{"name":"EF_magic1","parent":"EF_magic_root"},{"name":"EF_magic2","parent":"EF_magic1"},{"name":"EF_line1_1","parent":"EF_MAIN","x":450,"y":50},{"name":"EF_flash1_1","parent":"EF_MAIN","x":250,"y":50},{"name":"EF_energyball1_1","parent":"EF_MAIN","x":200,"y":50},{"name":"EF_aura2_2","parent":"EF_MAIN","x":350},{"name":"EF_aura2_1","parent":"EF_MAIN","x":350},{"name":"DAMAGEAREA","parent":"root","y":-1.31,"scaleX":0.5,"scaleY":0.5}],"slots":[{"name":"DAMAGEAREA","bone":"DAMAGEAREA"},{"name":"EF_rotwave1_1","bone":"EF_rotwave1_1","blend":"additive"},{"name":"EF/5100_S2_magic1e","bone":"EF_magic2","blend":"additive"},{"name":"EF/magic_5dark","bone":"EF_magic1","blend":"additive"},{"name":"book_skill3","bone":"book_skill3"},{"name":"book_skill3_B","bone":"book_skill3","color":"ff0300ff","blend":"additive"},{"name":"EF_wave2_1","bone":"EF_wave2_1","blend":"additive"},{"name":"EF_wave2_2","bone":"EF_wave2_2","blend":"additive"},{"name":"MAIN","bone":"MAIN","attachment":"idle1_00"},{"name":"book_skill2","bone":"book_skill2"},{"name":"EF/skill1_07_ef","bone":"EF2","blend":"additive"},{"name":"EF/skill2_01_EF","bone":"EF2","blend":"additive"},{"name":"EF/skill2_06_EF","bone":"EF2"},{"name":"EF_wave1_1","bone":"EF_wave1_1","blend":"additive"},{"name":"EF_energyball1_1","bone":"EF_energyball1_1","blend":"additive"},{"name":"EF_shot_wave1_1","bone":"EF_shot_wave1_1","blend":"additive"},{"name":"EF_shot_wave1_2","bone":"EF_shot_wave1_2","blend":"additive"},{"name":"EF_smoke1_1","bone":"EF_smoke1_1","blend":"additive"},{"name":"EF_smoke1_2","bone":"EF_smoke1_2","blend":"additive"},{"name":"EF_smoke1_3","bone":"EF_smoke1_3","blend":"additive"},{"name":"EF_line1_1","bone":"EF_line1_1","blend":"additive"},{"name":"EF_aura2_1","bone":"EF_aura2_1","blend":"additive"},{"name":"EF_aura2_2","bone":"EF_aura2_2","blend":"additive"},{"name":"EF_flash1_1","bone":"EF_flash1_1","blend":"additive"},{"name":"HITBOX","bone":"HITBOX","attachment":"HITBOX"}],"skins":{"default":{"DAMAGEAREA":{"DAMAGEAREA":{"type":"boundingbox","vertices":[-129.52478,-126.15337,127.42483,-126.15337,127.42483,130.79622,-129.52478,129.65419]}},"EF/5100_S2_magic1e":{"EF/5100_S2_magic1e":{"scaleX":1.1,"scaleY":1.1,"width":255,"height":255}},"EF/magic_5dark":{"EF/magic_5dark":{"width":210,"height":210}},"EF/skill1_07_ef":{"EF/skill1_07_ef":{"x":-13,"y":23.55,"width":250,"height":250}},"EF/skill2_01_EF":{"EF/skill2_01_EF":{"x":-6.83,"y":22.18,"width":250,"height":250}},"EF/skill2_06_EF":{"EF/skill2_06_EF":{"x":-7.11,"y":23.67,"width":250,"height":250}},"EF_aura2_1":{"EF/ef_graund_aura_main/ef_graund_aura_main_00001":{"y":70.72,"width":210,"height":210},"EF/ef_graund_aura_main/ef_graund_aura_main_00002":{"y":70.72,"width":210,"height":210},"EF/ef_graund_aura_main/ef_graund_aura_main_00003":{"y":70.72,"width":210,"height":210},"EF/ef_graund_aura_main/ef_graund_aura_main_00004":{"y":70.72,"width":210,"height":210},"EF/ef_graund_aura_main/ef_graund_aura_main_00005":{"y":70.72,"width":210,"height":210},"EF/ef_graund_aura_main/ef_graund_aura_main_00006":{"y":70.72,"width":210,"height":210},"EF/ef_graund_aura_main/ef_graund_aura_main_00007":{"y":70.72,"width":210,"height":210},"EF/ef_graund_aura_main/ef_graund_aura_main_00008":{"y":70.72,"width":210,"height":210},"EF/ef_graund_aura_main/ef_graund_aura_main_00009":{"y":70.72,"width":210,"height":210},"EF/ef_graund_aura_main/ef_graund_aura_main_00010":{"y":70.72,"width":210,"height":210},"EF/ef_graund_aura_main/ef_graund_aura_main_00011":{"y":70.72,"width":210,"height":210},"EF/ef_graund_aura_main/ef_graund_aura_main_00012":{"y":70.72,"width":210,"height":210},"EF/ef_graund_aura_main/ef_graund_aura_main_00013":{"y":70.72,"width":210,"height":210},"EF/ef_graund_aura_main/ef_graund_aura_main_00014":{"y":70.72,"width":210,"height":210},"EF/ef_graund_aura_main/ef_graund_aura_main_00015":{"y":70.72,"width":210,"height":210},"EF/ef_graund_aura_main/ef_graund_aura_main_00016":{"y":70.72,"width":210,"height":210},"EF/ef_graund_aura_main/ef_graund_aura_main_00017":{"y":70.72,"width":210,"height":210},"EF/ef_graund_aura_main/ef_graund_aura_main_00018":{"y":70.72,"width":210,"height":210}},"EF_aura2_2":{"EF/ef_graund_aura_main/ef_graund_aura_main_00001":{"y":70.72,"width":210,"height":210},"EF/ef_graund_aura_main/ef_graund_aura_main_00002":{"y":70.72,"width":210,"height":210},"EF/ef_graund_aura_main/ef_graund_aura_main_00003":{"y":70.72,"width":210,"height":210},"EF/ef_graund_aura_main/ef_graund_aura_main_00004":{"y":70.72,"width":210,"height":210},"EF/ef_graund_aura_main/ef_graund_aura_main_00005":{"y":70.72,"width":210,"height":210},"EF/ef_graund_aura_main/ef_graund_aura_main_00006":{"y":70.72,"width":210,"height":210},"EF/ef_graund_aura_main/ef_graund_aura_main_00007":{"y":70.72,"width":210,"height":210},"EF/ef_graund_aura_main/ef_graund_aura_main_00008":{"y":70.72,"width":210,"height":210},"EF/ef_graund_aura_main/ef_graund_aura_main_00009":{"y":70.72,"width":210,"height":210},"EF/ef_graund_aura_main/ef_graund_aura_main_00010":{"y":70.72,"width":210,"height":210},"EF/ef_graund_aura_main/ef_graund_aura_main_00011":{"y":70.72,"width":210,"height":210},"EF/ef_graund_aura_main/ef_graund_aura_main_00012":{"y":70.72,"width":210,"height":210},"EF/ef_graund_aura_main/ef_graund_aura_main_00013":{"y":70.72,"width":210,"height":210},"EF/ef_graund_aura_main/ef_graund_aura_main_00014":{"y":70.72,"width":210,"height":210},"EF/ef_graund_aura_main/ef_graund_aura_main_00015":{"y":70.72,"width":210,"height":210},"EF/ef_graund_aura_main/ef_graund_aura_main_00016":{"y":70.72,"width":210,"height":210},"EF/ef_graund_aura_main/ef_graund_aura_main_00017":{"y":70.72,"width":210,"height":210},"EF/ef_graund_aura_main/ef_graund_aura_main_00018":{"y":70.72,"width":210,"height":210}},"EF_energyball1_1":{"EF/ef_energy_ball/ef_energy_ball_00015":{"x":-0.56,"y":-0.93,"width":150,"height":150},"EF/ef_energy_ball/ef_energy_ball_00017":{"x":-0.56,"y":-0.93,"width":150,"height":150},"EF/ef_energy_ball/ef_energy_ball_00019":{"x":-0.56,"y":-0.93,"width":150,"height":150},"EF/ef_energy_ball/ef_energy_ball_00021":{"x":-0.56,"y":-0.93,"width":150,"height":150},"EF/ef_energy_ball/ef_energy_ball_00023":{"x":-0.56,"y":-0.93,"width":150,"height":150},"EF/ef_energy_ball/ef_energy_ball_00025":{"x":-0.56,"y":-0.93,"width":150,"height":150},"EF/ef_energy_ball/ef_energy_ball_00027":{"x":-0.56,"y":-0.93,"width":150,"height":150},"EF/ef_energy_ball/ef_energy_ball_00029":{"x":-0.56,"y":-0.93,"width":150,"height":150}},"EF_flash1_1":{"EF/1010_S1_power3_00000":{"width":250,"height":250}},"EF_line1_1":{"EF/5160_S2_line1/5160_S2_line1_00007":{"y":4.22,"width":225,"height":225}},"EF_rotwave1_1":{"EF/ef_rot_wave_main/ef_rot_wave_main_00001":{"y":11.86,"width":200,"height":100},"EF/ef_rot_wave_main/ef_rot_wave_main_00003":{"y":11.86,"width":200,"height":100},"EF/ef_rot_wave_main/ef_rot_wave_main_00005":{"y":11.86,"width":200,"height":100},"EF/ef_rot_wave_main/ef_rot_wave_main_00006":{"y":11.86,"width":200,"height":100},"EF/ef_rot_wave_main/ef_rot_wave_main_00008":{"y":11.86,"width":200,"height":100},"EF/ef_rot_wave_main/ef_rot_wave_main_00010":{"y":11.86,"width":200,"height":100},"EF/ef_rot_wave_main/ef_rot_wave_main_00011":{"y":11.86,"width":200,"height":100},"EF/ef_rot_wave_main/ef_rot_wave_main_00013":{"y":11.86,"width":200,"height":100}},"EF_shot_wave1_1":{"EF/ef_shot_wave/ef_shot_wave_main_00002":{"x":9.82,"width":168,"height":224},"EF/ef_shot_wave/ef_shot_wave_main_00003":{"x":9.82,"width":168,"height":224},"EF/ef_shot_wave/ef_shot_wave_main_00004":{"x":9.82,"width":168,"height":224},"EF/ef_shot_wave/ef_shot_wave_main_00005":{"x":9.82,"width":168,"height":224}},"EF_shot_wave1_2":{"EF/ef_shot_wave/ef_shot_wave_main_00002":{"x":9.82,"width":168,"height":224},"EF/ef_shot_wave/ef_shot_wave_main_00003":{"x":9.82,"width":168,"height":224},"EF/ef_shot_wave/ef_shot_wave_main_00004":{"x":9.82,"width":168,"height":224},"EF/ef_shot_wave/ef_shot_wave_main_00005":{"x":9.82,"width":168,"height":224}},"EF_smoke1_1":{"EF/ef_smoke_mian/ef_smoke_mian_00001":{"y":11.88,"width":150,"height":200},"EF/ef_smoke_mian/ef_smoke_mian_00002":{"y":11.88,"width":150,"height":200},"EF/ef_smoke_mian/ef_smoke_mian_00003":{"y":11.88,"width":150,"height":200},"EF/ef_smoke_mian/ef_smoke_mian_00004":{"y":11.88,"width":150,"height":200},"EF/ef_smoke_mian/ef_smoke_mian_00005":{"y":11.88,"width":150,"height":200},"EF/ef_smoke_mian/ef_smoke_mian_00006":{"y":11.88,"width":150,"height":200},"EF/ef_smoke_mian/ef_smoke_mian_00007":{"y":11.88,"width":150,"height":200},"EF/ef_smoke_mian/ef_smoke_mian_00008":{"y":11.88,"width":150,"height":200},"EF/ef_smoke_mian/ef_smoke_mian_00009":{"y":11.88,"width":150,"height":200},"EF/ef_smoke_mian/ef_smoke_mian_00010":{"y":11.88,"width":150,"height":200}},"EF_smoke1_2":{"EF/ef_smoke_mian/ef_smoke_mian_00001":{"y":11.88,"width":150,"height":200},"EF/ef_smoke_mian/ef_smoke_mian_00002":{"y":11.88,"width":150,"height":200},"EF/ef_smoke_mian/ef_smoke_mian_00003":{"y":11.88,"width":150,"height":200},"EF/ef_smoke_mian/ef_smoke_mian_00004":{"y":11.88,"width":150,"height":200},"EF/ef_smoke_mian/ef_smoke_mian_00005":{"y":11.88,"width":150,"height":200},"EF/ef_smoke_mian/ef_smoke_mian_00006":{"y":11.88,"width":150,"height":200},"EF/ef_smoke_mian/ef_smoke_mian_00007":{"y":11.88,"width":150,"height":200},"EF/ef_smoke_mian/ef_smoke_mian_00008":{"y":11.88,"width":150,"height":200},"EF/ef_smoke_mian/ef_smoke_mian_00009":{"y":11.88,"width":150,"height":200},"EF/ef_smoke_mian/ef_smoke_mian_00010":{"y":11.88,"width":150,"height":200}},"EF_smoke1_3":{"EF/ef_smoke_mian/ef_smoke_mian_00001":{"y":11.88,"width":150,"height":200},"EF/ef_smoke_mian/ef_smoke_mian_00002":{"y":11.88,"width":150,"height":200},"EF/ef_smoke_mian/ef_smoke_mian_00003":{"y":11.88,"width":150,"height":200},"EF/ef_smoke_mian/ef_smoke_mian_00004":{"y":11.88,"width":150,"height":200},"EF/ef_smoke_mian/ef_smoke_mian_00005":{"y":11.88,"width":150,"height":200},"EF/ef_smoke_mian/ef_smoke_mian_00006":{"y":11.88,"width":150,"height":200},"EF/ef_smoke_mian/ef_smoke_mian_00007":{"y":11.88,"width":150,"height":200},"EF/ef_smoke_mian/ef_smoke_mian_00008":{"y":11.88,"width":150,"height":200},"EF/ef_smoke_mian/ef_smoke_mian_00009":{"y":11.88,"width":150,"height":200},"EF/ef_smoke_mian/ef_smoke_mian_00010":{"y":11.88,"width":150,"height":200}},"EF_wave1_1":{"EF/ef_graund_wave_purple/ef_graund_wave_purple_00002":{"y":9.4,"width":200,"height":120},"EF/ef_graund_wave_purple/ef_graund_wave_purple_00003":{"y":9.4,"width":200,"height":120},"EF/ef_graund_wave_purple/ef_graund_wave_purple_00004":{"y":9.4,"width":200,"height":120},"EF/ef_graund_wave_purple/ef_graund_wave_purple_00005":{"y":9.4,"width":200,"height":120},"EF/ef_graund_wave_purple/ef_graund_wave_purple_00006":{"y":9.4,"width":200,"height":120},"EF/ef_graund_wave_purple/ef_graund_wave_purple_00007":{"y":9.4,"width":200,"height":120},"EF/ef_graund_wave_purple/ef_graund_wave_purple_00008":{"y":9.4,"width":200,"height":120},"EF/ef_graund_wave_purple/ef_graund_wave_purple_00009":{"y":9.4,"width":200,"height":120},"EF/ef_graund_wave_purple/ef_graund_wave_purple_00010":{"y":9.4,"width":200,"height":120},"EF/ef_graund_wave_purple/ef_graund_wave_purple_00011":{"y":9.4,"width":200,"height":120},"EF/ef_graund_wave_purple/ef_graund_wave_purple_00012":{"y":9.4,"width":200,"height":120}},"EF_wave2_1":{"EF/ef_graund_wave_C_main/ef_graund_wave_C_main_00001":{"width":250,"height":100},"EF/ef_graund_wave_C_main/ef_graund_wave_C_main_00002":{"width":250,"height":100},"EF/ef_graund_wave_C_main/ef_graund_wave_C_main_00003":{"width":250,"height":100},"EF/ef_graund_wave_C_main/ef_graund_wave_C_main_00004":{"width":250,"height":100},"EF/ef_graund_wave_C_main/ef_graund_wave_C_main_00005":{"width":250,"height":100},"EF/ef_graund_wave_C_main/ef_graund_wave_C_main_00006":{"width":250,"height":100}},"EF_wave2_2":{"EF/ef_graund_wave_C_main/ef_graund_wave_C_main_00001":{"width":250,"height":100},"EF/ef_graund_wave_C_main/ef_graund_wave_C_main_00002":{"width":250,"height":100},"EF/ef_graund_wave_C_main/ef_graund_wave_C_main_00003":{"width":250,"height":100},"EF/ef_graund_wave_C_main/ef_graund_wave_C_main_00004":{"width":250,"height":100},"EF/ef_graund_wave_C_main/ef_graund_wave_C_main_00005":{"width":250,"height":100},"EF/ef_graund_wave_C_main/ef_graund_wave_C_main_00006":{"width":250,"height":100}},"HITBOX":{"HITBOX":{"type":"boundingbox","vertices":[-19.0903,0.13223,20.30865,-2.15176,17.45364,118.90004,-20.2323,117.75804]}},"MAIN":{"attack1_01":{"x":-11.06,"y":16.12,"scaleX":2,"scaleY":2,"width":250,"height":250},"attack1_02":{"x":-11.06,"y":16.12,"scaleX":2,"scaleY":2,"width":250,"height":250},"attack1_03":{"x":-11.06,"y":16.12,"scaleX":2,"scaleY":2,"width":250,"height":250},"attack1_04":{"x":-11.06,"y":16.12,"scaleX":2,"scaleY":2,"width":250,"height":250},"back_00":{"x":-11.06,"y":16.12,"scaleX":2,"scaleY":2,"width":250,"height":250},"damage_00":{"x":-11.06,"y":16.12,"scaleX":2,"scaleY":2,"width":250,"height":250},"front_00":{"x":-11.1,"y":9.55,"scaleX":2,"scaleY":2,"width":250,"height":250},"idle1_00":{"x":-11.06,"y":16.12,"scaleX":2,"scaleY":2,"width":250,"height":250},"idle1_01":{"x":-11.06,"y":16.12,"scaleX":2,"scaleY":2,"width":250,"height":250},"idle1_02":{"x":-11.06,"y":16.12,"scaleX":2,"scaleY":2,"width":250,"height":250},"idle1_03":{"x":-11.06,"y":16.12,"scaleX":2,"scaleY":2,"width":250,"height":250},"idle2_00":{"x":-11.06,"y":16.12,"scaleX":2,"scaleY":2,"width":250,"height":250},"idle2_01":{"x":-11.06,"y":16.12,"scaleX":2,"scaleY":2,"width":250,"height":250},"idle2_02":{"x":-11.06,"y":16.12,"scaleX":2,"scaleY":2,"width":250,"height":250},"idle2_03":{"x":-11.06,"y":16.12,"scaleX":2,"scaleY":2,"width":250,"height":250},"idle3_00":{"x":-11.06,"y":16.12,"scaleX":2,"scaleY":2,"width":250,"height":250},"idle3_01":{"x":-11.06,"y":16.12,"scaleX":2,"scaleY":2,"width":250,"height":250},"idle3_02":{"x":-11.06,"y":16.12,"scaleX":2,"scaleY":2,"width":250,"height":250},"idle3_03":{"x":-11.06,"y":16.12,"scaleX":2,"scaleY":2,"width":250,"height":250},"skill1_01":{"x":-11.06,"y":16.12,"scaleX":2,"scaleY":2,"width":250,"height":250},"skill1_02":{"x":-11.06,"y":16.12,"scaleX":2,"scaleY":2,"width":250,"height":250},"skill1_03":{"x":-11.06,"y":16.12,"scaleX":2,"scaleY":2,"width":250,"height":250},"skill1_04":{"x":-11.06,"y":16.12,"scaleX":2,"scaleY":2,"width":250,"height":250},"skill1_05":{"x":-11.06,"y":16.12,"scaleX":2,"scaleY":2,"width":250,"height":250},"skill1_06":{"x":-11.06,"y":16.12,"scaleX":2,"scaleY":2,"width":250,"height":250},"skill1_07":{"x":-11.06,"y":16.12,"scaleX":2,"scaleY":2,"width":250,"height":250},"skill1_08":{"x":-11.06,"y":16.12,"scaleX":2,"scaleY":2,"width":250,"height":250},"skill1_09":{"x":-11.06,"y":16.12,"scaleX":2,"scaleY":2,"width":250,"height":250},"skill2_00":{"x":-11.06,"y":16.12,"scaleX":2,"scaleY":2,"width":250,"height":250},"skill2_01":{"x":-11.06,"y":16.12,"scaleX":2,"scaleY":2,"width":250,"height":250},"skill2_02":{"x":-11.06,"y":16.12,"scaleX":2,"scaleY":2,"width":250,"height":250},"skill2_03":{"x":-11.06,"y":16.12,"scaleX":2,"scaleY":2,"width":250,"height":250},"skill2_04":{"x":-11.06,"y":16.12,"scaleX":2,"scaleY":2,"width":250,"height":250},"skill2_05":{"x":-11.06,"y":16.12,"scaleX":2,"scaleY":2,"width":250,"height":250},"skill2_06":{"x":-11.06,"y":16.12,"scaleX":2,"scaleY":2,"width":250,"height":250},"skill2_07":{"x":-11.06,"y":16.12,"scaleX":2,"scaleY":2,"width":250,"height":250},"skill2_08":{"x":-11.06,"y":16.12,"scaleX":2,"scaleY":2,"width":250,"height":250},"skill2_09":{"x":-11.06,"y":16.12,"scaleX":2,"scaleY":2,"width":250,"height":250},"skill2_10":{"x":-11.06,"y":16.12,"scaleX":2,"scaleY":2,"width":250,"height":250},"skill2_11":{"x":-11.06,"y":16.12,"scaleX":2,"scaleY":2,"width":250,"height":250},"skill2_12":{"x":-11.06,"y":16.12,"scaleX":2,"scaleY":2,"width":250,"height":250},"skill2_13":{"x":-11.06,"y":16.12,"scaleX":2,"scaleY":2,"width":250,"height":250},"skill2_14":{"x":-11.06,"y":16.12,"scaleX":2,"scaleY":2,"width":250,"height":250},"skill3_01":{"x":-11.06,"y":16.12,"scaleX":2,"scaleY":2,"width":250,"height":250},"skill3_02":{"x":-11.06,"y":16.12,"scaleX":2,"scaleY":2,"width":250,"height":250},"skill3_03":{"x":-11.06,"y":16.12,"scaleX":2,"scaleY":2,"width":250,"height":250},"skill3_04":{"x":-11.06,"y":16.12,"scaleX":2,"scaleY":2,"width":250,"height":250},"skill3_05":{"x":-11.06,"y":16.12,"scaleX":2,"scaleY":2,"width":250,"height":250},"skill3_06":{"x":-11.06,"y":16.12,"scaleX":2,"scaleY":2,"width":250,"height":250},"skill3_07":{"x":-11.06,"y":16.12,"scaleX":2,"scaleY":2,"width":250,"height":250},"skill3_08":{"x":-11.06,"y":16.12,"scaleX":2,"scaleY":2,"width":250,"height":250},"skill3_09":{"x":-11.06,"y":16.12,"scaleX":2,"scaleY":2,"width":250,"height":250},"skill3_10":{"x":-11.06,"y":16.12,"scaleX":2,"scaleY":2,"width":250,"height":250},"skill3_11":{"x":-11.06,"y":16.12,"scaleX":2,"scaleY":2,"width":250,"height":250},"skill3_12":{"x":-11.06,"y":16.12,"scaleX":2,"scaleY":2,"width":250,"height":250},"skill3_13":{"x":-11.06,"y":16.12,"scaleX":2,"scaleY":2,"width":250,"height":250},"skill3_14":{"x":-11.06,"y":16.12,"scaleX":2,"scaleY":2,"width":250,"height":250},"skill3_15":{"x":-11.06,"y":16.12,"scaleX":2,"scaleY":2,"width":250,"height":250},"skill3_16":{"x":-11.06,"y":16.12,"scaleX":2,"scaleY":2,"width":250,"height":250},"skill3_17":{"x":-11.06,"y":16.12,"scaleX":2,"scaleY":2,"width":250,"height":250}},"book_skill2":{"EF/book_skill2_00":{"x":-5.59,"y":7.7,"width":250,"height":250},"EF/book_skill2_01":{"x":-5.59,"y":7.7,"width":250,"height":250},"EF/book_skill2_02":{"x":-5.59,"y":7.7,"width":250,"height":250},"EF/book_skill2_03":{"x":-5.59,"y":7.7,"width":250,"height":250}},"book_skill3":{"EF/book_skill3_00":{"x":-29.3,"y":33.69,"width":250,"height":250},"EF/book_skill3_01":{"x":-29.3,"y":33.69,"width":250,"height":250},"EF/book_skill3_02":{"x":-29.3,"y":33.69,"width":250,"height":250},"EF/book_skill3_03":{"x":-29.3,"y":33.68,"width":250,"height":250}},"book_skill3_B":{"EF/skill3_book_03_B":{"x":-29.16,"y":40.76,"scaleX":1.163,"scaleY":1.163,"rotation":0.31,"width":250,"height":250}}}},"events":{"Event":{},"Hit":{},"Sound1":{},"Sound2":{},"Sound3":{},"Voice":{}},"animations":{"attack1":{"slots":{"EF_energyball1_1":{"attachment":[{"time":0.1666,"name":"EF/ef_energy_ball/ef_energy_ball_00015"},{"time":0.2,"name":"EF/ef_energy_ball/ef_energy_ball_00017"},{"time":0.2333,"name":"EF/ef_energy_ball/ef_energy_ball_00019"},{"time":0.2666,"name":"EF/ef_energy_ball/ef_energy_ball_00021"},{"time":0.3,"name":"EF/ef_energy_ball/ef_energy_ball_00023"},{"time":0.3333,"name":"EF/ef_energy_ball/ef_energy_ball_00025"},{"time":0.3666,"name":"EF/ef_energy_ball/ef_energy_ball_00027"},{"time":0.4,"name":"EF/ef_energy_ball/ef_energy_ball_00029"},{"time":0.4333,"name":"EF/ef_energy_ball/ef_energy_ball_00015"},{"time":0.4666,"name":"EF/ef_energy_ball/ef_energy_ball_00017"},{"time":0.5,"name":"EF/ef_energy_ball/ef_energy_ball_00019"},{"time":0.5333,"name":"EF/ef_energy_ball/ef_energy_ball_00021"},{"time":0.5666,"name":"EF/ef_energy_ball/ef_energy_ball_00023"},{"time":0.6,"name":"EF/ef_energy_ball/ef_energy_ball_00025"},{"time":0.6333,"name":"EF/ef_energy_ball/ef_energy_ball_00027"},{"time":0.6666,"name":"EF/ef_energy_ball/ef_energy_ball_00029"},{"time":0.7,"name":"EF/ef_energy_ball/ef_energy_ball_00015"},{"time":0.7333,"name":"EF/ef_energy_ball/ef_energy_ball_00017"},{"time":0.7666,"name":"EF/ef_energy_ball/ef_energy_ball_00019"},{"time":0.8,"name":"EF/ef_energy_ball/ef_energy_ball_00021"},{"time":0.8333,"name":"EF/ef_energy_ball/ef_energy_ball_00023"},{"time":0.8666,"name":"EF/ef_energy_ball/ef_energy_ball_00025"},{"time":0.9,"name":"EF/ef_energy_ball/ef_energy_ball_00027"},{"time":0.9333,"name":"EF/ef_energy_ball/ef_energy_ball_00029"},{"time":0.9666,"name":"EF/ef_energy_ball/ef_energy_ball_00015"},{"time":1,"name":null}]},"EF_shot_wave1_1":{"attachment":[{"time":1,"name":"EF/ef_shot_wave/ef_shot_wave_main_00002"},{"time":1.0666,"name":"EF/ef_shot_wave/ef_shot_wave_main_00003"},{"time":1.1333,"name":"EF/ef_shot_wave/ef_shot_wave_main_00004"},{"time":1.2,"name":"EF/ef_shot_wave/ef_shot_wave_main_00005"},{"time":1.2666,"name":null}]},"MAIN":{"attachment":[{"time":0,"name":"attack1_04"},{"time":0.0333,"name":"attack1_01"},{"time":0.1666,"name":"attack1_02"},{"time":0.8333,"name":"attack1_03"},{"time":1,"name":"attack1_04"},{"time":1.5,"name":"idle1_00"}]}},"bones":{"MAIN":{"translate":[{"time":0,"x":-8.39,"y":-6.04,"curve":"stepped"},{"time":0.1666,"x":-4.11,"y":0.02,"curve":"stepped"},{"time":0.8333,"x":-8.39,"y":-6.04,"curve":"stepped"},{"time":1,"x":-8.39,"y":-6.04,"curve":[0.119,0.85,0.289,0.97]},{"time":1.4666,"x":0,"y":-6.04,"curve":"stepped"},{"time":1.5,"x":0,"y":0}]},"EF_energyball1_1":{"translate":[{"time":0.1666,"x":-202.98,"y":99.88,"curve":"stepped"},{"time":0.8333,"x":-161.69,"y":7.25}],"scale":[{"time":0.1666,"x":0.5,"y":0.5,"curve":[0.25,0.58,0.75,1]},{"time":0.4,"x":3,"y":3}]},"EF_shot_wave1_1":{"translate":[{"time":1,"x":-291.88,"y":-40}],"scale":[{"time":1,"x":1,"y":1,"curve":[0.232,0.73,0.75,1]},{"time":1.2333,"x":1.5,"y":1.5}]}},"drawOrder":[{"time":0.8333,"offsets":[{"slot":"EF_energyball1_1","offset":-6}]}],"events":[{"time":0.1666,"name":"Sound1","string":"cri_se_battle_charge"},{"time":0.9333,"name":"Voice","string":"cri_261_voice_attack_random"},{"time":1,"name":"Event","string":"addOrbitSystemShot(attack1shot,attackexplosion,1)"}]},"back":{"slots":{"MAIN":{"attachment":[{"time":0,"name":"back_00"},{"time":0.3333,"name":"attack1_01"},{"time":0.5,"name":"idle1_03"},{"time":0.5666,"name":"idle1_00"}]}},"bones":{"MAIN":{"translate":[{"time":0,"x":0,"y":0,"curve":[0.269,0.55,0.75,1]},{"time":0.3333,"x":65,"y":0,"curve":[0.075,0.6,0.75,1]},{"time":0.5666,"x":70,"y":0}]}},"events":[{"time":0,"name":"Sound1","string":"cri_se_battle_jump"},{"time":0.3333,"name":"Sound1","string":"cri_se_battle_landing"}]},"backForSpecialQuest":{"slots":{"MAIN":{"attachment":[{"time":0,"name":"back_00"},{"time":0.6666,"name":"attack1_01"},{"time":0.8333,"name":"idle1_03"},{"time":0.9,"name":"idle1_00"}],"color":[{"time":0.2333,"color":"ffffffff"},{"time":0.5333,"color":"ffffff00"}]}},"bones":{"MAIN":{"translate":[{"time":0,"x":0,"y":0,"curve":[0.276,0.36,0.627,0.71]},{"time":0.2333,"x":222.75,"y":74.21,"curve":[0.358,0.6,0.753,1]},{"time":0.6666,"x":415.99,"y":117.98,"curve":[0.075,0.6,0.75,1]},{"time":0.9,"x":590.22,"y":0}]}},"events":[{"time":0.6666,"name":"Event","string":"runScript-backEnd"}]},"cast":{"slots":{"MAIN":{"attachment":[{"time":0,"name":"idle1_00"},{"time":0.0333,"name":"skill1_04"},{"time":0.2333,"name":"skill1_05"},{"time":0.3666,"name":"skill1_06"},{"time":0.5,"name":"skill1_07"},{"time":1,"name":"idle1_00"}]}},"bones":{"MAIN":{"translate":[{"time":0,"x":0,"y":0}]}},"events":[{"time":0.5,"name":"Voice","string":"cri_261_voice_item"}]},"damage":{"slots":{"MAIN":{"attachment":[{"time":0,"name":"damage_00"}]}}},"front":{"slots":{"MAIN":{"attachment":[{"time":0,"name":"front_00"}]}}},"idle":{"slots":{"MAIN":{"attachment":[{"time":0,"name":"idle1_00"},{"time":0.2666,"name":"idle1_01"},{"time":0.5,"name":"idle1_02"},{"time":0.7666,"name":"idle1_03"},{"time":1,"name":"idle1_00"}]}}},"idle2":{"slots":{"MAIN":{"attachment":[{"time":0,"name":"idle2_00"},{"time":0.2666,"name":"idle2_01"},{"time":0.7,"name":"idle2_02"},{"time":1.0666,"name":"idle2_03"},{"time":1.3333,"name":"idle2_00"}]}}},"idle3":{"slots":{"MAIN":{"attachment":[{"time":0,"name":"idle3_00"},{"time":0.2666,"name":"idle3_01"},{"time":0.5,"name":"idle3_02"},{"time":0.7666,"name":"idle3_03"},{"time":1,"name":"idle3_00"}]}}},"in":{"slots":{"MAIN":{"attachment":[{"time":0,"name":"skill1_01"},{"time":0.1666,"name":"skill1_02"},{"time":0.5,"name":"skill1_03"},{"time":0.8333,"name":"skill1_02"},{"time":1,"name":"idle1_00"}]}},"events":[{"time":0,"name":"Event","string":"takeSummon2"}]},"inForSpecialQuest":{"slots":{"MAIN":{"attachment":[{"time":0,"name":"front_00"},{"time":1.1,"name":"idle1_00"},{"time":1.3666,"name":"idle1_01"},{"time":1.6,"name":"idle1_02"},{"time":1.8666,"name":"idle1_03"},{"time":2.1,"name":"idle1_00"},{"time":2.3666,"name":"idle1_01"},{"time":2.6,"name":"idle1_02"},{"time":2.8666,"name":"idle1_03"},{"time":3.1,"name":"idle1_00"},{"time":3.3666,"name":"idle1_01"},{"time":3.6,"name":"idle1_02"},{"time":3.8666,"name":"idle1_03"},{"time":4.1,"name":"idle1_00"},{"time":4.3666,"name":"idle1_01"},{"time":4.6,"name":"idle1_02"},{"time":4.8666,"name":"idle1_03"},{"time":5.1,"name":"idle1_00"},{"time":5.3666,"name":"idle1_01"},{"time":5.6,"name":"idle1_02"},{"time":5.8666,"name":"idle1_03"},{"time":6.1,"name":"idle1_00"}]}},"bones":{"MAIN":{"translate":[{"time":0,"x":601.36,"y":0,"curve":[0.542,0,0.337,0.99]},{"time":1.1,"x":0,"y":0}]}},"events":[{"time":0,"name":"Event","string":"setPosition-default"}]},"skill1":{"slots":{"EF/skill1_07_ef":{"attachment":[{"time":1.8,"name":"EF/skill1_07_ef"},{"time":1.8666,"name":null}]},"EF_rotwave1_1":{"attachment":[{"time":1.3333,"name":"EF/ef_rot_wave_main/ef_rot_wave_main_00001"},{"time":1.3666,"name":"EF/ef_rot_wave_main/ef_rot_wave_main_00003"},{"time":1.4,"name":"EF/ef_rot_wave_main/ef_rot_wave_main_00005"},{"time":1.4333,"name":"EF/ef_rot_wave_main/ef_rot_wave_main_00006"},{"time":1.4666,"name":"EF/ef_rot_wave_main/ef_rot_wave_main_00008"},{"time":1.5,"name":"EF/ef_rot_wave_main/ef_rot_wave_main_00010"},{"time":1.5333,"name":"EF/ef_rot_wave_main/ef_rot_wave_main_00011"},{"time":1.5666,"name":"EF/ef_rot_wave_main/ef_rot_wave_main_00013"},{"time":1.6,"name":null}]},"EF_shot_wave1_1":{"attachment":[{"time":1.8,"name":"EF/ef_shot_wave/ef_shot_wave_main_00002"},{"time":1.8666,"name":"EF/ef_shot_wave/ef_shot_wave_main_00003"},{"time":1.9333,"name":"EF/ef_shot_wave/ef_shot_wave_main_00004"},{"time":2,"name":"EF/ef_shot_wave/ef_shot_wave_main_00005"},{"time":2.0666,"name":null}],"color":[{"time":0,"color":"ffffff00"},{"time":1.8,"color":"ffffffff","curve":"stepped"},{"time":1.9666,"color":"ffffffff"},{"time":2.0666,"color":"ffffff00"}]},"EF_wave1_1":{"attachment":[{"time":1.7666,"name":"EF/ef_graund_wave_purple/ef_graund_wave_purple_00002"},{"time":1.8,"name":"EF/ef_graund_wave_purple/ef_graund_wave_purple_00003"},{"time":1.8333,"name":"EF/ef_graund_wave_purple/ef_graund_wave_purple_00004"},{"time":1.8666,"name":"EF/ef_graund_wave_purple/ef_graund_wave_purple_00005"},{"time":1.9,"name":"EF/ef_graund_wave_purple/ef_graund_wave_purple_00006"},{"time":1.9333,"name":"EF/ef_graund_wave_purple/ef_graund_wave_purple_00007"},{"time":1.9666,"name":"EF/ef_graund_wave_purple/ef_graund_wave_purple_00008"},{"time":2,"name":"EF/ef_graund_wave_purple/ef_graund_wave_purple_00009"},{"time":2.0333,"name":"EF/ef_graund_wave_purple/ef_graund_wave_purple_00010"},{"time":2.0666,"name":"EF/ef_graund_wave_purple/ef_graund_wave_purple_00011"},{"time":2.1,"name":"EF/ef_graund_wave_purple/ef_graund_wave_purple_00012"},{"time":2.1333,"name":null}]},"MAIN":{"attachment":[{"time":0.0333,"name":"idle3_00"},{"time":0.1666,"name":"skill1_01"},{"time":0.3333,"name":"skill1_02"},{"time":0.5,"name":"skill1_03"},{"time":1,"name":"skill1_02"},{"time":1.1666,"name":"skill1_01"},{"time":1.3333,"name":"skill1_04"},{"time":1.6666,"name":"skill1_05"},{"time":1.7333,"name":"skill1_06"},{"time":1.8,"name":"skill1_07"},{"time":2.3333,"name":"skill1_08"},{"time":2.5,"name":"skill1_09"},{"time":2.6666,"name":"idle1_00"}]}},"bones":{"EF_shot_wave1_1":{"translate":[{"time":0,"x":-323.54,"y":-40,"curve":"stepped"},{"time":1.8,"x":-323.54,"y":-40}],"scale":[{"time":0,"x":2.5,"y":2.5},{"time":1.8,"x":2,"y":2,"curve":[0.218,0.83,0.75,1]},{"time":2.0333,"x":2.5,"y":2.5}]},"EF_wave1_1":{"translate":[{"time":0,"x":-211.83,"y":0,"curve":"stepped"},{"time":1.7666,"x":-211.83,"y":0}],"scale":[{"time":0,"x":2.68,"y":2.68,"curve":"stepped"},{"time":1.7666,"x":2.68,"y":2.68}]},"EF_rotwave1_1":{"translate":[{"time":0,"x":-249.16,"y":0,"curve":"stepped"},{"time":1.3333,"x":-249.16,"y":0}],"scale":[{"time":0,"x":2,"y":2,"curve":"stepped"},{"time":1.3333,"x":2,"y":2}]},"root":{"rotate":[{"time":1.0097,"angle":-10}]}},"drawOrder":[{"time":0,"offsets":[{"slot":"EF_wave1_1","offset":-5}]},{"time":1.8333,"offsets":[{"slot":"EF_wave1_1","offset":-5}]}],"events":[{"time":1.3333,"name":"Sound1","string":"cri_se_scenario_fetters_magic"},{"time":1.3333,"name":"Voice","string":"cri_261_voice_skill_all"},{"time":1.8333,"name":"Event","string":"addOrbitSystemShot(skill1_shot,2skill1explosion,1)"}]},"skill2":{"slots":{"EF/skill2_01_EF":{"attachment":[{"time":0.3333,"name":"EF/skill2_01_EF"},{"time":0.4,"name":null}]},"EF/skill2_06_EF":{"attachment":[{"time":1.4,"name":"EF/skill2_06_EF"},{"time":1.5333,"name":null}],"color":[{"time":1.4,"color":"ffffffff","curve":[0.251,0,0.868,0.33]},{"time":1.5333,"color":"ffffff00"}]},"EF_rotwave1_1":{"attachment":[{"time":1,"name":"EF/ef_rot_wave_main/ef_rot_wave_main_00001"},{"time":1.0333,"name":"EF/ef_rot_wave_main/ef_rot_wave_main_00003"},{"time":1.0666,"name":"EF/ef_rot_wave_main/ef_rot_wave_main_00005"},{"time":1.1,"name":"EF/ef_rot_wave_main/ef_rot_wave_main_00006"},{"time":1.1333,"name":"EF/ef_rot_wave_main/ef_rot_wave_main_00008"},{"time":1.1666,"name":"EF/ef_rot_wave_main/ef_rot_wave_main_00010"},{"time":1.2,"name":"EF/ef_rot_wave_main/ef_rot_wave_main_00011"},{"time":1.2333,"name":"EF/ef_rot_wave_main/ef_rot_wave_main_00013"},{"time":1.2666,"name":null}]},"EF_smoke1_1":{"attachment":[{"time":0.4333,"name":"EF/ef_smoke_mian/ef_smoke_mian_00001"},{"time":0.4666,"name":"EF/ef_smoke_mian/ef_smoke_mian_00002"},{"time":0.5,"name":"EF/ef_smoke_mian/ef_smoke_mian_00003"},{"time":0.5333,"name":"EF/ef_smoke_mian/ef_smoke_mian_00004"},{"time":0.5666,"name":"EF/ef_smoke_mian/ef_smoke_mian_00005"},{"time":0.6,"name":"EF/ef_smoke_mian/ef_smoke_mian_00006"},{"time":0.6333,"name":"EF/ef_smoke_mian/ef_smoke_mian_00007"},{"time":0.6666,"name":"EF/ef_smoke_mian/ef_smoke_mian_00008"},{"time":0.7,"name":"EF/ef_smoke_mian/ef_smoke_mian_00009"},{"time":0.7333,"name":"EF/ef_smoke_mian/ef_smoke_mian_00010"},{"time":0.7666,"name":null}]},"EF_wave2_1":{"attachment":[{"time":1.4,"name":"EF/ef_graund_wave_C_main/ef_graund_wave_C_main_00001"},{"time":1.4333,"name":"EF/ef_graund_wave_C_main/ef_graund_wave_C_main_00002"},{"time":1.4666,"name":"EF/ef_graund_wave_C_main/ef_graund_wave_C_main_00003"},{"time":1.5,"name":"EF/ef_graund_wave_C_main/ef_graund_wave_C_main_00004"},{"time":1.5333,"name":"EF/ef_graund_wave_C_main/ef_graund_wave_C_main_00005"},{"time":1.5666,"name":"EF/ef_graund_wave_C_main/ef_graund_wave_C_main_00006"},{"time":1.6,"name":"EF/ef_graund_wave_C_main/ef_graund_wave_C_main_00001"},{"time":1.6333,"name":"EF/ef_graund_wave_C_main/ef_graund_wave_C_main_00002"},{"time":1.6666,"name":"EF/ef_graund_wave_C_main/ef_graund_wave_C_main_00003"},{"time":1.7,"name":"EF/ef_graund_wave_C_main/ef_graund_wave_C_main_00004"},{"time":1.7333,"name":"EF/ef_graund_wave_C_main/ef_graund_wave_C_main_00005"},{"time":1.7666,"name":"EF/ef_graund_wave_C_main/ef_graund_wave_C_main_00006"},{"time":1.8,"name":"EF/ef_graund_wave_C_main/ef_graund_wave_C_main_00001"},{"time":1.8333,"name":"EF/ef_graund_wave_C_main/ef_graund_wave_C_main_00002"},{"time":1.8666,"name":"EF/ef_graund_wave_C_main/ef_graund_wave_C_main_00003"},{"time":1.9,"name":"EF/ef_graund_wave_C_main/ef_graund_wave_C_main_00004"},{"time":1.9333,"name":"EF/ef_graund_wave_C_main/ef_graund_wave_C_main_00005"},{"time":1.9666,"name":"EF/ef_graund_wave_C_main/ef_graund_wave_C_main_00006"},{"time":2,"name":"EF/ef_graund_wave_C_main/ef_graund_wave_C_main_00001"},{"time":2.0333,"name":"EF/ef_graund_wave_C_main/ef_graund_wave_C_main_00002"},{"time":2.0666,"name":"EF/ef_graund_wave_C_main/ef_graund_wave_C_main_00003"},{"time":2.1,"name":"EF/ef_graund_wave_C_main/ef_graund_wave_C_main_00004"},{"time":2.1333,"name":"EF/ef_graund_wave_C_main/ef_graund_wave_C_main_00005"},{"time":2.1666,"name":"EF/ef_graund_wave_C_main/ef_graund_wave_C_main_00006"},{"time":2.2,"name":"EF/ef_graund_wave_C_main/ef_graund_wave_C_main_00001"},{"time":2.2333,"name":"EF/ef_graund_wave_C_main/ef_graund_wave_C_main_00002"},{"time":2.2666,"name":"EF/ef_graund_wave_C_main/ef_graund_wave_C_main_00003"},{"time":2.3,"name":"EF/ef_graund_wave_C_main/ef_graund_wave_C_main_00004"},{"time":2.3333,"name":"EF/ef_graund_wave_C_main/ef_graund_wave_C_main_00005"},{"time":2.3666,"name":"EF/ef_graund_wave_C_main/ef_graund_wave_C_main_00006"},{"time":2.4,"name":"EF/ef_graund_wave_C_main/ef_graund_wave_C_main_00001"},{"time":2.4333,"name":"EF/ef_graund_wave_C_main/ef_graund_wave_C_main_00002"},{"time":2.4666,"name":"EF/ef_graund_wave_C_main/ef_graund_wave_C_main_00003"},{"time":2.5,"name":"EF/ef_graund_wave_C_main/ef_graund_wave_C_main_00004"},{"time":2.5333,"name":"EF/ef_graund_wave_C_main/ef_graund_wave_C_main_00005"},{"time":2.5666,"name":"EF/ef_graund_wave_C_main/ef_graund_wave_C_main_00006"},{"time":2.6,"name":"EF/ef_graund_wave_C_main/ef_graund_wave_C_main_00001"},{"time":2.6333,"name":"EF/ef_graund_wave_C_main/ef_graund_wave_C_main_00002"},{"time":2.6666,"name":"EF/ef_graund_wave_C_main/ef_graund_wave_C_main_00003"},{"time":2.7,"name":"EF/ef_graund_wave_C_main/ef_graund_wave_C_main_00004"},{"time":2.7333,"name":"EF/ef_graund_wave_C_main/ef_graund_wave_C_main_00005"},{"time":2.7666,"name":"EF/ef_graund_wave_C_main/ef_graund_wave_C_main_00006"},{"time":2.8,"name":"EF/ef_graund_wave_C_main/ef_graund_wave_C_main_00001"},{"time":2.8333,"name":"EF/ef_graund_wave_C_main/ef_graund_wave_C_main_00002"},{"time":2.8666,"name":"EF/ef_graund_wave_C_main/ef_graund_wave_C_main_00003"},{"time":2.9,"name":"EF/ef_graund_wave_C_main/ef_graund_wave_C_main_00004"},{"time":2.9333,"name":"EF/ef_graund_wave_C_main/ef_graund_wave_C_main_00005"},{"time":2.9666,"name":"EF/ef_graund_wave_C_main/ef_graund_wave_C_main_00006"},{"time":3,"name":null},{"time":3.3333,"name":"EF/ef_graund_wave_C_main/ef_graund_wave_C_main_00001"},{"time":3.3666,"name":"EF/ef_graund_wave_C_main/ef_graund_wave_C_main_00002"},{"time":3.4,"name":"EF/ef_graund_wave_C_main/ef_graund_wave_C_main_00003"},{"time":3.4333,"name":"EF/ef_graund_wave_C_main/ef_graund_wave_C_main_00004"},{"time":3.4666,"name":"EF/ef_graund_wave_C_main/ef_graund_wave_C_main_00005"},{"time":3.5,"name":"EF/ef_graund_wave_C_main/ef_graund_wave_C_main_00006"},{"time":3.5333,"name":null}]},"EF_wave2_2":{"attachment":[{"time":1.5,"name":"EF/ef_graund_wave_C_main/ef_graund_wave_C_main_00001"},{"time":1.5333,"name":"EF/ef_graund_wave_C_main/ef_graund_wave_C_main_00002"},{"time":1.5666,"name":"EF/ef_graund_wave_C_main/ef_graund_wave_C_main_00003"},{"time":1.6,"name":"EF/ef_graund_wave_C_main/ef_graund_wave_C_main_00004"},{"time":1.6333,"name":"EF/ef_graund_wave_C_main/ef_graund_wave_C_main_00005"},{"time":1.6666,"name":"EF/ef_graund_wave_C_main/ef_graund_wave_C_main_00006"},{"time":1.7,"name":"EF/ef_graund_wave_C_main/ef_graund_wave_C_main_00001"},{"time":1.7333,"name":"EF/ef_graund_wave_C_main/ef_graund_wave_C_main_00002"},{"time":1.7666,"name":"EF/ef_graund_wave_C_main/ef_graund_wave_C_main_00003"},{"time":1.8,"name":"EF/ef_graund_wave_C_main/ef_graund_wave_C_main_00004"},{"time":1.8333,"name":"EF/ef_graund_wave_C_main/ef_graund_wave_C_main_00005"},{"time":1.8666,"name":"EF/ef_graund_wave_C_main/ef_graund_wave_C_main_00006"},{"time":1.9,"name":"EF/ef_graund_wave_C_main/ef_graund_wave_C_main_00001"},{"time":1.9333,"name":"EF/ef_graund_wave_C_main/ef_graund_wave_C_main_00002"},{"time":1.9666,"name":"EF/ef_graund_wave_C_main/ef_graund_wave_C_main_00003"},{"time":2,"name":"EF/ef_graund_wave_C_main/ef_graund_wave_C_main_00004"},{"time":2.0333,"name":"EF/ef_graund_wave_C_main/ef_graund_wave_C_main_00005"},{"time":2.0666,"name":"EF/ef_graund_wave_C_main/ef_graund_wave_C_main_00006"},{"time":2.1,"name":"EF/ef_graund_wave_C_main/ef_graund_wave_C_main_00001"},{"time":2.1333,"name":"EF/ef_graund_wave_C_main/ef_graund_wave_C_main_00002"},{"time":2.1666,"name":"EF/ef_graund_wave_C_main/ef_graund_wave_C_main_00003"},{"time":2.2,"name":"EF/ef_graund_wave_C_main/ef_graund_wave_C_main_00004"},{"time":2.2333,"name":"EF/ef_graund_wave_C_main/ef_graund_wave_C_main_00005"},{"time":2.2666,"name":"EF/ef_graund_wave_C_main/ef_graund_wave_C_main_00006"},{"time":2.3,"name":"EF/ef_graund_wave_C_main/ef_graund_wave_C_main_00001"},{"time":2.3333,"name":"EF/ef_graund_wave_C_main/ef_graund_wave_C_main_00002"},{"time":2.3666,"name":"EF/ef_graund_wave_C_main/ef_graund_wave_C_main_00003"},{"time":2.4,"name":"EF/ef_graund_wave_C_main/ef_graund_wave_C_main_00004"},{"time":2.4333,"name":"EF/ef_graund_wave_C_main/ef_graund_wave_C_main_00005"},{"time":2.4666,"name":"EF/ef_graund_wave_C_main/ef_graund_wave_C_main_00006"},{"time":2.5,"name":"EF/ef_graund_wave_C_main/ef_graund_wave_C_main_00001"},{"time":2.5333,"name":"EF/ef_graund_wave_C_main/ef_graund_wave_C_main_00002"},{"time":2.5666,"name":"EF/ef_graund_wave_C_main/ef_graund_wave_C_main_00003"},{"time":2.6,"name":"EF/ef_graund_wave_C_main/ef_graund_wave_C_main_00004"},{"time":2.6333,"name":"EF/ef_graund_wave_C_main/ef_graund_wave_C_main_00005"},{"time":2.6666,"name":"EF/ef_graund_wave_C_main/ef_graund_wave_C_main_00006"},{"time":2.7,"name":"EF/ef_graund_wave_C_main/ef_graund_wave_C_main_00001"},{"time":2.7333,"name":"EF/ef_graund_wave_C_main/ef_graund_wave_C_main_00002"},{"time":2.7666,"name":"EF/ef_graund_wave_C_main/ef_graund_wave_C_main_00003"},{"time":2.8,"name":"EF/ef_graund_wave_C_main/ef_graund_wave_C_main_00004"},{"time":2.8333,"name":"EF/ef_graund_wave_C_main/ef_graund_wave_C_main_00005"},{"time":2.8666,"name":"EF/ef_graund_wave_C_main/ef_graund_wave_C_main_00006"},{"time":2.9,"name":"EF/ef_graund_wave_C_main/ef_graund_wave_C_main_00001"},{"time":2.9333,"name":"EF/ef_graund_wave_C_main/ef_graund_wave_C_main_00002"},{"time":2.9666,"name":"EF/ef_graund_wave_C_main/ef_graund_wave_C_main_00003"},{"time":3,"name":"EF/ef_graund_wave_C_main/ef_graund_wave_C_main_00004"},{"time":3.0333,"name":"EF/ef_graund_wave_C_main/ef_graund_wave_C_main_00005"},{"time":3.0666,"name":"EF/ef_graund_wave_C_main/ef_graund_wave_C_main_00006"},{"time":3.1,"name":null},{"time":3.4333,"name":"EF/ef_graund_wave_C_main/ef_graund_wave_C_main_00001"},{"time":3.4666,"name":"EF/ef_graund_wave_C_main/ef_graund_wave_C_main_00002"},{"time":3.5,"name":"EF/ef_graund_wave_C_main/ef_graund_wave_C_main_00003"},{"time":3.5333,"name":"EF/ef_graund_wave_C_main/ef_graund_wave_C_main_00004"},{"time":3.5666,"name":"EF/ef_graund_wave_C_main/ef_graund_wave_C_main_00005"},{"time":3.6,"name":"EF/ef_graund_wave_C_main/ef_graund_wave_C_main_00006"},{"time":3.6333,"name":null}]},"MAIN":{"attachment":[{"time":0,"name":"idle1_00"},{"time":0.0333,"name":"skill2_00"},{"time":0.3333,"name":"skill2_01"},{"time":0.4333,"name":"skill2_02"},{"time":0.5333,"name":"skill2_03"},{"time":0.8,"name":"skill2_04"},{"time":0.9333,"name":"skill2_05"},{"time":1.4,"name":"skill2_06"},{"time":1.5,"name":"skill2_07"},{"time":1.6,"name":"skill2_06"},{"time":1.7,"name":"skill2_07"},{"time":1.8,"name":"skill2_06"},{"time":1.9,"name":"skill2_07"},{"time":2,"name":"skill2_06"},{"time":2.1,"name":"skill2_07"},{"time":2.2,"name":"skill2_06"},{"time":2.3,"name":"skill2_07"},{"time":2.4,"name":"skill2_06"},{"time":2.5,"name":"skill2_07"},{"time":2.6,"name":"skill2_06"},{"time":2.7,"name":"skill2_07"},{"time":2.8,"name":"skill2_06"},{"time":2.9,"name":"skill2_07"},{"time":3,"name":"skill2_08"},{"time":3.1,"name":"skill2_09"},{"time":3.3333,"name":"skill2_11"},{"time":3.4,"name":"skill2_12"},{"time":3.4666,"name":"skill2_11"},{"time":3.5333,"name":"skill2_12"},{"time":3.6,"name":"skill2_11"},{"time":3.6666,"name":"skill2_12"},{"time":3.7333,"name":"skill2_11"},{"time":3.8,"name":"skill2_12"},{"time":3.8666,"name":"skill2_11"},{"time":3.9333,"name":"skill2_12"},{"time":4,"name":"skill2_11"},{"time":4.0666,"name":"skill2_12"},{"time":4.1666,"name":"skill2_13"},{"time":4.3333,"name":"attack1_01"},{"time":4.4,"name":"skill2_14"},{"time":4.6,"name":"idle1_00"}]},"book_skill2":{"attachment":[{"time":0.4333,"name":"EF/book_skill2_00"},{"time":1.4,"name":"EF/book_skill2_01"},{"time":1.5,"name":"EF/book_skill2_02"},{"time":1.6333,"name":"EF/book_skill2_03"},{"time":1.7666,"name":"EF/book_skill2_02"},{"time":1.9,"name":"EF/book_skill2_03"},{"time":2.0333,"name":"EF/book_skill2_02"},{"time":2.1666,"name":"EF/book_skill2_03"},{"time":2.3,"name":"EF/book_skill2_02"},{"time":2.4333,"name":"EF/book_skill2_03"},{"time":2.5666,"name":"EF/book_skill2_02"},{"time":2.7,"name":"EF/book_skill2_03"},{"time":2.8333,"name":"EF/book_skill2_02"},{"time":2.9666,"name":"EF/book_skill2_03"},{"time":3.1,"name":"EF/book_skill2_02"},{"time":3.2333,"name":"EF/book_skill2_03"},{"time":3.3666,"name":"EF/book_skill2_02"},{"time":3.4666,"name":"EF/book_skill2_03"},{"time":3.5666,"name":"EF/book_skill2_02"},{"time":3.6666,"name":"EF/book_skill2_03"},{"time":3.7666,"name":"EF/book_skill2_02"},{"time":3.8666,"name":"EF/book_skill2_03"},{"time":3.9666,"name":"EF/book_skill2_02"},{"time":4.0666,"name":"EF/book_skill2_03"},{"time":4.1666,"name":"EF/book_skill2_01"},{"time":4.2666,"name":"EF/book_skill2_00"},{"time":4.4666,"name":null}],"color":[{"time":0.4333,"color":"ffffff00"},{"time":0.5666,"color":"ffffffff","curve":"stepped"},{"time":4.1666,"color":"ffffffff","curve":[0.091,0.94,0.189,0.88]},{"time":4.4666,"color":"ffffff00"}]}},"bones":{"MAIN":{"translate":[{"time":0,"x":0,"y":0,"curve":"stepped"},{"time":0.8,"x":0,"y":0,"curve":[0.25,0,0.818,0.39]},{"time":0.9333,"x":0.13,"y":7.4,"curve":"stepped"},{"time":3.3333,"x":0.13,"y":7.4},{"time":3.6666,"x":0.13,"y":6.5},{"time":4,"x":0.13,"y":7.4,"curve":"stepped"},{"time":4.1666,"x":0.13,"y":7.4,"curve":[0.25,0,0.784,0.4]},{"time":4.3333,"x":-0.03,"y":-5.06},{"time":4.4,"x":0,"y":0}]},"book_skill2":{"translate":[{"time":0.4333,"x":-21.66,"y":21.82},{"time":0.9333,"x":-21.17,"y":12.38,"curve":"stepped"},{"time":1.4,"x":-21.17,"y":12.38,"curve":[0.089,0.93,0.143,0.98]},{"time":1.5,"x":-7.75,"y":0.19,"curve":"stepped"},{"time":4.1666,"x":-5.43,"y":-7.84},{"time":4.4333,"x":-5.46,"y":-13.58}]},"EF_smoke1_1":{"translate":[{"time":0.4333,"x":-249,"y":-92.09}],"scale":[{"time":0.4333,"x":1.5,"y":1.5}]},"EF_rotwave1_1":{"translate":[{"time":1,"x":-244.35,"y":0}],"scale":[{"time":1,"x":2.5,"y":2.5}]},"EF_wave2_1":{"translate":[{"time":1.4,"x":-300,"y":0,"curve":"stepped"},{"time":1.6,"x":-300,"y":0,"curve":"stepped"},{"time":1.8,"x":-300,"y":0,"curve":"stepped"},{"time":2,"x":-300,"y":0,"curve":"stepped"},{"time":2.2,"x":-300,"y":0,"curve":"stepped"},{"time":2.4,"x":-300,"y":0,"curve":"stepped"},{"time":2.6,"x":-300,"y":0,"curve":"stepped"},{"time":2.8,"x":-300,"y":0,"curve":"stepped"},{"time":3.3333,"x":-300,"y":0}],"scale":[{"time":1.4,"x":2,"y":2,"curve":"stepped"},{"time":1.6,"x":2,"y":2,"curve":"stepped"},{"time":1.8,"x":2,"y":2,"curve":"stepped"},{"time":2,"x":2,"y":2,"curve":"stepped"},{"time":2.2,"x":2,"y":2,"curve":"stepped"},{"time":2.4,"x":2,"y":2,"curve":"stepped"},{"time":2.6,"x":2,"y":2,"curve":"stepped"},{"time":2.8,"x":2,"y":2,"curve":"stepped"},{"time":3.3333,"x":2.5,"y":2.5}]},"EF_wave2_2":{"translate":[{"time":1.5,"x":-300,"y":0,"curve":"stepped"},{"time":1.7,"x":-300,"y":0,"curve":"stepped"},{"time":1.9,"x":-300,"y":0,"curve":"stepped"},{"time":2.1,"x":-300,"y":0,"curve":"stepped"},{"time":2.3,"x":-300,"y":0,"curve":"stepped"},{"time":2.5,"x":-300,"y":0,"curve":"stepped"},{"time":2.7,"x":-300,"y":0,"curve":"stepped"},{"time":2.9,"x":-300,"y":0,"curve":"stepped"},{"time":3.4333,"x":-300,"y":0}],"scale":[{"time":1.5,"x":2,"y":2,"curve":"stepped"},{"time":1.7,"x":2,"y":2,"curve":"stepped"},{"time":1.9,"x":2,"y":2,"curve":"stepped"},{"time":2.1,"x":2,"y":2,"curve":"stepped"},{"time":2.3,"x":2,"y":2,"curve":"stepped"},{"time":2.5,"x":2,"y":2,"curve":"stepped"},{"time":2.7,"x":2,"y":2,"curve":"stepped"},{"time":2.9,"x":2,"y":2,"curve":"stepped"},{"time":3.4333,"x":2.5,"y":2.5}]}},"events":[{"time":0,"name":"Event","string":"addOrbitSystem_2_skill2_orbit"},{"time":0,"name":"Voice","string":"cri_261_voice_fullarts_now"},{"time":0.3333,"name":"Sound1","string":"cri_se_battle_043_burn"},{"time":1,"name":"Sound1","string":"cri_se_scenario_fetters_magic"},{"time":2.1172,"name":"Voice","string":"cri_261_voice_fullarts_rank5"}]},"skill3":{"slots":{"EF/5100_S2_magic1e":{"attachment":[{"time":1.3333,"name":"EF/5100_S2_magic1e"}],"color":[{"time":3.3333,"color":"ffffffff"},{"time":3.6,"color":"ffffff00"}]},"EF/magic_5dark":{"attachment":[{"time":1.3333,"name":"EF/magic_5dark"}],"color":[{"time":3.3333,"color":"ffffffff"},{"time":3.6,"color":"ffffff00"}]},"EF_aura2_1":{"attachment":[{"time":1.3666,"name":"EF/ef_graund_aura_main/ef_graund_aura_main_00001"},{"time":1.4,"name":"EF/ef_graund_aura_main/ef_graund_aura_main_00002"},{"time":1.4333,"name":"EF/ef_graund_aura_main/ef_graund_aura_main_00003"},{"time":1.4666,"name":"EF/ef_graund_aura_main/ef_graund_aura_main_00004"},{"time":1.5,"name":"EF/ef_graund_aura_main/ef_graund_aura_main_00005"},{"time":1.5333,"name":"EF/ef_graund_aura_main/ef_graund_aura_main_00006"},{"time":1.5666,"name":"EF/ef_graund_aura_main/ef_graund_aura_main_00007"},{"time":1.6,"name":"EF/ef_graund_aura_main/ef_graund_aura_main_00008"},{"time":1.6333,"name":"EF/ef_graund_aura_main/ef_graund_aura_main_00009"},{"time":1.6666,"name":"EF/ef_graund_aura_main/ef_graund_aura_main_00010"},{"time":1.7,"name":"EF/ef_graund_aura_main/ef_graund_aura_main_00011"},{"time":1.7333,"name":"EF/ef_graund_aura_main/ef_graund_aura_main_00012"},{"time":1.7666,"name":"EF/ef_graund_aura_main/ef_graund_aura_main_00013"},{"time":1.8,"name":"EF/ef_graund_aura_main/ef_graund_aura_main_00014"},{"time":1.8333,"name":"EF/ef_graund_aura_main/ef_graund_aura_main_00015"},{"time":1.8666,"name":"EF/ef_graund_aura_main/ef_graund_aura_main_00016"},{"time":1.9,"name":"EF/ef_graund_aura_main/ef_graund_aura_main_00017"},{"time":1.9333,"name":"EF/ef_graund_aura_main/ef_graund_aura_main_00018"},{"time":1.9666,"name":null},{"time":2.0333,"name":"EF/ef_graund_aura_main/ef_graund_aura_main_00001"},{"time":2.0666,"name":"EF/ef_graund_aura_main/ef_graund_aura_main_00002"},{"time":2.1,"name":"EF/ef_graund_aura_main/ef_graund_aura_main_00003"},{"time":2.1333,"name":"EF/ef_graund_aura_main/ef_graund_aura_main_00004"},{"time":2.1666,"name":"EF/ef_graund_aura_main/ef_graund_aura_main_00005"},{"time":2.2,"name":"EF/ef_graund_aura_main/ef_graund_aura_main_00006"},{"time":2.2333,"name":"EF/ef_graund_aura_main/ef_graund_aura_main_00007"},{"time":2.2666,"name":"EF/ef_graund_aura_main/ef_graund_aura_main_00008"},{"time":2.3,"name":"EF/ef_graund_aura_main/ef_graund_aura_main_00009"},{"time":2.3333,"name":"EF/ef_graund_aura_main/ef_graund_aura_main_00010"},{"time":2.3666,"name":"EF/ef_graund_aura_main/ef_graund_aura_main_00011"},{"time":2.4,"name":"EF/ef_graund_aura_main/ef_graund_aura_main_00012"},{"time":2.4333,"name":"EF/ef_graund_aura_main/ef_graund_aura_main_00013"},{"time":2.4666,"name":"EF/ef_graund_aura_main/ef_graund_aura_main_00014"},{"time":2.5,"name":"EF/ef_graund_aura_main/ef_graund_aura_main_00015"},{"time":2.5333,"name":"EF/ef_graund_aura_main/ef_graund_aura_main_00016"},{"time":2.5666,"name":"EF/ef_graund_aura_main/ef_graund_aura_main_00017"},{"time":2.6,"name":"EF/ef_graund_aura_main/ef_graund_aura_main_00018"},{"time":2.6333,"name":null},{"time":2.7,"name":"EF/ef_graund_aura_main/ef_graund_aura_main_00001"},{"time":2.7333,"name":"EF/ef_graund_aura_main/ef_graund_aura_main_00002"},{"time":2.7666,"name":"EF/ef_graund_aura_main/ef_graund_aura_main_00003"},{"time":2.8,"name":"EF/ef_graund_aura_main/ef_graund_aura_main_00004"},{"time":2.8333,"name":"EF/ef_graund_aura_main/ef_graund_aura_main_00005"},{"time":2.8666,"name":"EF/ef_graund_aura_main/ef_graund_aura_main_00006"},{"time":2.9,"name":"EF/ef_graund_aura_main/ef_graund_aura_main_00007"},{"time":2.9333,"name":"EF/ef_graund_aura_main/ef_graund_aura_main_00008"},{"time":2.9666,"name":"EF/ef_graund_aura_main/ef_graund_aura_main_00009"},{"time":3,"name":"EF/ef_graund_aura_main/ef_graund_aura_main_00010"},{"time":3.0333,"name":"EF/ef_graund_aura_main/ef_graund_aura_main_00011"},{"time":3.0666,"name":"EF/ef_graund_aura_main/ef_graund_aura_main_00012"},{"time":3.1,"name":"EF/ef_graund_aura_main/ef_graund_aura_main_00013"},{"time":3.1333,"name":"EF/ef_graund_aura_main/ef_graund_aura_main_00014"},{"time":3.1666,"name":"EF/ef_graund_aura_main/ef_graund_aura_main_00015"},{"time":3.2,"name":"EF/ef_graund_aura_main/ef_graund_aura_main_00016"},{"time":3.2333,"name":"EF/ef_graund_aura_main/ef_graund_aura_main_00017"},{"time":3.2666,"name":"EF/ef_graund_aura_main/ef_graund_aura_main_00018"},{"time":3.3,"name":null},{"time":4.3333,"name":"EF/ef_graund_aura_main/ef_graund_aura_main_00001"},{"time":4.3666,"name":"EF/ef_graund_aura_main/ef_graund_aura_main_00003"},{"time":4.4,"name":"EF/ef_graund_aura_main/ef_graund_aura_main_00005"},{"time":4.4333,"name":"EF/ef_graund_aura_main/ef_graund_aura_main_00007"},{"time":4.4666,"name":"EF/ef_graund_aura_main/ef_graund_aura_main_00009"},{"time":4.5,"name":"EF/ef_graund_aura_main/ef_graund_aura_main_00011"},{"time":4.5333,"name":"EF/ef_graund_aura_main/ef_graund_aura_main_00013"},{"time":4.5666,"name":"EF/ef_graund_aura_main/ef_graund_aura_main_00015"},{"time":4.6,"name":"EF/ef_graund_aura_main/ef_graund_aura_main_00017"},{"time":4.6333,"name":null}]},"EF_aura2_2":{"attachment":[{"time":1.7,"name":"EF/ef_graund_aura_main/ef_graund_aura_main_00001"},{"time":1.7333,"name":"EF/ef_graund_aura_main/ef_graund_aura_main_00002"},{"time":1.7666,"name":"EF/ef_graund_aura_main/ef_graund_aura_main_00003"},{"time":1.8,"name":"EF/ef_graund_aura_main/ef_graund_aura_main_00004"},{"time":1.8333,"name":"EF/ef_graund_aura_main/ef_graund_aura_main_00005"},{"time":1.8666,"name":"EF/ef_graund_aura_main/ef_graund_aura_main_00006"},{"time":1.9,"name":"EF/ef_graund_aura_main/ef_graund_aura_main_00007"},{"time":1.9333,"name":"EF/ef_graund_aura_main/ef_graund_aura_main_00008"},{"time":1.9666,"name":"EF/ef_graund_aura_main/ef_graund_aura_main_00009"},{"time":2,"name":"EF/ef_graund_aura_main/ef_graund_aura_main_00010"},{"time":2.0333,"name":"EF/ef_graund_aura_main/ef_graund_aura_main_00011"},{"time":2.0666,"name":"EF/ef_graund_aura_main/ef_graund_aura_main_00012"},{"time":2.1,"name":"EF/ef_graund_aura_main/ef_graund_aura_main_00013"},{"time":2.1333,"name":"EF/ef_graund_aura_main/ef_graund_aura_main_00014"},{"time":2.1666,"name":"EF/ef_graund_aura_main/ef_graund_aura_main_00015"},{"time":2.2,"name":"EF/ef_graund_aura_main/ef_graund_aura_main_00016"},{"time":2.2333,"name":"EF/ef_graund_aura_main/ef_graund_aura_main_00017"},{"time":2.2666,"name":"EF/ef_graund_aura_main/ef_graund_aura_main_00018"},{"time":2.3,"name":null},{"time":2.3666,"name":"EF/ef_graund_aura_main/ef_graund_aura_main_00001"},{"time":2.4,"name":"EF/ef_graund_aura_main/ef_graund_aura_main_00002"},{"time":2.4333,"name":"EF/ef_graund_aura_main/ef_graund_aura_main_00003"},{"time":2.4666,"name":"EF/ef_graund_aura_main/ef_graund_aura_main_00004"},{"time":2.5,"name":"EF/ef_graund_aura_main/ef_graund_aura_main_00005"},{"time":2.5333,"name":"EF/ef_graund_aura_main/ef_graund_aura_main_00006"},{"time":2.5666,"name":"EF/ef_graund_aura_main/ef_graund_aura_main_00007"},{"time":2.6,"name":"EF/ef_graund_aura_main/ef_graund_aura_main_00008"},{"time":2.6333,"name":"EF/ef_graund_aura_main/ef_graund_aura_main_00009"},{"time":2.6666,"name":"EF/ef_graund_aura_main/ef_graund_aura_main_00010"},{"time":2.7,"name":"EF/ef_graund_aura_main/ef_graund_aura_main_00011"},{"time":2.7333,"name":"EF/ef_graund_aura_main/ef_graund_aura_main_00012"},{"time":2.7666,"name":"EF/ef_graund_aura_main/ef_graund_aura_main_00013"},{"time":2.8,"name":"EF/ef_graund_aura_main/ef_graund_aura_main_00014"},{"time":2.8333,"name":"EF/ef_graund_aura_main/ef_graund_aura_main_00015"},{"time":2.8666,"name":"EF/ef_graund_aura_main/ef_graund_aura_main_00016"},{"time":2.9,"name":"EF/ef_graund_aura_main/ef_graund_aura_main_00017"},{"time":2.9333,"name":"EF/ef_graund_aura_main/ef_graund_aura_main_00018"},{"time":2.9666,"name":null},{"time":3.0333,"name":"EF/ef_graund_aura_main/ef_graund_aura_main_00001"},{"time":3.0666,"name":"EF/ef_graund_aura_main/ef_graund_aura_main_00002"},{"time":3.1,"name":"EF/ef_graund_aura_main/ef_graund_aura_main_00003"},{"time":3.1333,"name":"EF/ef_graund_aura_main/ef_graund_aura_main_00004"},{"time":3.1666,"name":"EF/ef_graund_aura_main/ef_graund_aura_main_00005"},{"time":3.2,"name":"EF/ef_graund_aura_main/ef_graund_aura_main_00006"},{"time":3.2333,"name":"EF/ef_graund_aura_main/ef_graund_aura_main_00007"},{"time":3.2666,"name":"EF/ef_graund_aura_main/ef_graund_aura_main_00008"},{"time":3.3,"name":"EF/ef_graund_aura_main/ef_graund_aura_main_00009"},{"time":3.3333,"name":"EF/ef_graund_aura_main/ef_graund_aura_main_00010"},{"time":3.3666,"name":"EF/ef_graund_aura_main/ef_graund_aura_main_00011"},{"time":3.4,"name":"EF/ef_graund_aura_main/ef_graund_aura_main_00012"},{"time":3.4333,"name":"EF/ef_graund_aura_main/ef_graund_aura_main_00013"},{"time":3.4666,"name":"EF/ef_graund_aura_main/ef_graund_aura_main_00014"},{"time":3.5,"name":"EF/ef_graund_aura_main/ef_graund_aura_main_00015"},{"time":3.5333,"name":"EF/ef_graund_aura_main/ef_graund_aura_main_00016"},{"time":3.5666,"name":"EF/ef_graund_aura_main/ef_graund_aura_main_00017"},{"time":3.6,"name":"EF/ef_graund_aura_main/ef_graund_aura_main_00018"},{"time":3.6333,"name":null}]},"EF_flash1_1":{"attachment":[{"time":3,"name":"EF/1010_S1_power3_00000"}],"color":[{"time":3,"color":"ffffffff","curve":[0.25,0,0.88,0.08]},{"time":3.2666,"color":"ffffff00"}]},"EF_rotwave1_1":{"attachment":[{"time":0.6666,"name":"EF/ef_rot_wave_main/ef_rot_wave_main_00001"},{"time":0.7333,"name":"EF/ef_rot_wave_main/ef_rot_wave_main_00003"},{"time":0.8,"name":"EF/ef_rot_wave_main/ef_rot_wave_main_00005"},{"time":0.8666,"name":"EF/ef_rot_wave_main/ef_rot_wave_main_00006"},{"time":0.9333,"name":"EF/ef_rot_wave_main/ef_rot_wave_main_00008"},{"time":1,"name":"EF/ef_rot_wave_main/ef_rot_wave_main_00010"},{"time":1.0666,"name":"EF/ef_rot_wave_main/ef_rot_wave_main_00011"},{"time":1.1333,"name":"EF/ef_rot_wave_main/ef_rot_wave_main_00013"},{"time":1.2,"name":null}]},"EF_shot_wave1_1":{"attachment":[{"time":1.3333,"name":"EF/ef_shot_wave/ef_shot_wave_main_00002"},{"time":1.3666,"name":"EF/ef_shot_wave/ef_shot_wave_main_00003"},{"time":1.4666,"name":"EF/ef_shot_wave/ef_shot_wave_main_00004"},{"time":1.5,"name":"EF/ef_shot_wave/ef_shot_wave_main_00005"},{"time":1.5333,"name":null}],"color":[{"time":1.4333,"color":"ffffffff"},{"time":1.5333,"color":"ffffff00"}]},"EF_shot_wave1_2":{"attachment":[{"time":1.3333,"name":"EF/ef_shot_wave/ef_shot_wave_main_00002"},{"time":1.3666,"name":"EF/ef_shot_wave/ef_shot_wave_main_00003"},{"time":1.4666,"name":"EF/ef_shot_wave/ef_shot_wave_main_00004"},{"time":1.5,"name":"EF/ef_shot_wave/ef_shot_wave_main_00005"},{"time":1.5333,"name":null}],"color":[{"time":1.4333,"color":"ffffffff"},{"time":1.5333,"color":"ffffff00"}]},"EF_smoke1_1":{"attachment":[{"time":0.4333,"name":"EF/ef_smoke_mian/ef_smoke_mian_00001"},{"time":0.4666,"name":"EF/ef_smoke_mian/ef_smoke_mian_00002"},{"time":0.5,"name":"EF/ef_smoke_mian/ef_smoke_mian_00003"},{"time":0.5333,"name":"EF/ef_smoke_mian/ef_smoke_mian_00004"},{"time":0.5666,"name":"EF/ef_smoke_mian/ef_smoke_mian_00005"},{"time":0.6,"name":"EF/ef_smoke_mian/ef_smoke_mian_00006"},{"time":0.6333,"name":"EF/ef_smoke_mian/ef_smoke_mian_00007"},{"time":0.6666,"name":"EF/ef_smoke_mian/ef_smoke_mian_00008"},{"time":0.7,"name":"EF/ef_smoke_mian/ef_smoke_mian_00009"},{"time":0.7333,"name":"EF/ef_smoke_mian/ef_smoke_mian_00010"},{"time":0.7666,"name":null},{"time":6.6,"name":"EF/ef_smoke_mian/ef_smoke_mian_00001"},{"time":6.6333,"name":"EF/ef_smoke_mian/ef_smoke_mian_00002"},{"time":6.6666,"name":"EF/ef_smoke_mian/ef_smoke_mian_00003"},{"time":6.7,"name":"EF/ef_smoke_mian/ef_smoke_mian_00004"},{"time":6.7333,"name":"EF/ef_smoke_mian/ef_smoke_mian_00005"},{"time":6.7666,"name":"EF/ef_smoke_mian/ef_smoke_mian_00006"},{"time":6.8,"name":"EF/ef_smoke_mian/ef_smoke_mian_00007"},{"time":6.8333,"name":"EF/ef_smoke_mian/ef_smoke_mian_00008"},{"time":6.8666,"name":"EF/ef_smoke_mian/ef_smoke_mian_00009"},{"time":6.9,"name":"EF/ef_smoke_mian/ef_smoke_mian_00010"},{"time":6.9333,"name":null}]},"EF_smoke1_2":{"attachment":[{"time":0.4666,"name":"EF/ef_smoke_mian/ef_smoke_mian_00002"},{"time":0.5,"name":"EF/ef_smoke_mian/ef_smoke_mian_00003"},{"time":0.5333,"name":"EF/ef_smoke_mian/ef_smoke_mian_00004"},{"time":0.5666,"name":"EF/ef_smoke_mian/ef_smoke_mian_00005"},{"time":0.6,"name":"EF/ef_smoke_mian/ef_smoke_mian_00006"},{"time":0.6333,"name":"EF/ef_smoke_mian/ef_smoke_mian_00007"},{"time":0.6666,"name":"EF/ef_smoke_mian/ef_smoke_mian_00008"},{"time":0.7,"name":"EF/ef_smoke_mian/ef_smoke_mian_00009"},{"time":0.7333,"name":"EF/ef_smoke_mian/ef_smoke_mian_00010"},{"time":0.7666,"name":null},{"time":6.5,"name":"EF/ef_smoke_mian/ef_smoke_mian_00001"},{"time":6.5333,"name":"EF/ef_smoke_mian/ef_smoke_mian_00002"},{"time":6.5666,"name":"EF/ef_smoke_mian/ef_smoke_mian_00003"},{"time":6.6,"name":"EF/ef_smoke_mian/ef_smoke_mian_00004"},{"time":6.6333,"name":"EF/ef_smoke_mian/ef_smoke_mian_00005"},{"time":6.6666,"name":"EF/ef_smoke_mian/ef_smoke_mian_00006"},{"time":6.7,"name":"EF/ef_smoke_mian/ef_smoke_mian_00007"},{"time":6.7333,"name":"EF/ef_smoke_mian/ef_smoke_mian_00008"},{"time":6.7666,"name":"EF/ef_smoke_mian/ef_smoke_mian_00009"},{"time":6.8,"name":"EF/ef_smoke_mian/ef_smoke_mian_00010"},{"time":6.8333,"name":null}]},"EF_smoke1_3":{"attachment":[{"time":0.4,"name":"EF/ef_smoke_mian/ef_smoke_mian_00001"},{"time":0.4666,"name":"EF/ef_smoke_mian/ef_smoke_mian_00002"},{"time":0.5333,"name":"EF/ef_smoke_mian/ef_smoke_mian_00003"},{"time":0.6,"name":"EF/ef_smoke_mian/ef_smoke_mian_00004"},{"time":0.6666,"name":"EF/ef_smoke_mian/ef_smoke_mian_00005"},{"time":0.7333,"name":"EF/ef_smoke_mian/ef_smoke_mian_00006"},{"time":0.8,"name":"EF/ef_smoke_mian/ef_smoke_mian_00007"},{"time":0.8666,"name":"EF/ef_smoke_mian/ef_smoke_mian_00008"},{"time":0.9333,"name":"EF/ef_smoke_mian/ef_smoke_mian_00009"},{"time":1,"name":"EF/ef_smoke_mian/ef_smoke_mian_00010"},{"time":1.0666,"name":null},{"time":6.3333,"name":"EF/ef_smoke_mian/ef_smoke_mian_00001"},{"time":6.4,"name":"EF/ef_smoke_mian/ef_smoke_mian_00002"},{"time":6.4666,"name":"EF/ef_smoke_mian/ef_smoke_mian_00003"},{"time":6.5333,"name":"EF/ef_smoke_mian/ef_smoke_mian_00004"},{"time":6.6,"name":"EF/ef_smoke_mian/ef_smoke_mian_00005"},{"time":6.6666,"name":"EF/ef_smoke_mian/ef_smoke_mian_00006"},{"time":6.7333,"name":"EF/ef_smoke_mian/ef_smoke_mian_00007"},{"time":6.8,"name":"EF/ef_smoke_mian/ef_smoke_mian_00008"},{"time":6.8666,"name":"EF/ef_smoke_mian/ef_smoke_mian_00009"},{"time":6.9333,"name":"EF/ef_smoke_mian/ef_smoke_mian_00010"},{"time":7,"name":null}]},"EF_wave1_1":{"attachment":[{"time":1.3333,"name":"EF/ef_graund_wave_purple/ef_graund_wave_purple_00002"},{"time":1.3666,"name":"EF/ef_graund_wave_purple/ef_graund_wave_purple_00003"},{"time":1.4,"name":"EF/ef_graund_wave_purple/ef_graund_wave_purple_00004"},{"time":1.4333,"name":"EF/ef_graund_wave_purple/ef_graund_wave_purple_00005"},{"time":1.4666,"name":"EF/ef_graund_wave_purple/ef_graund_wave_purple_00006"},{"time":1.5,"name":"EF/ef_graund_wave_purple/ef_graund_wave_purple_00007"},{"time":1.5333,"name":"EF/ef_graund_wave_purple/ef_graund_wave_purple_00008"},{"time":1.5666,"name":"EF/ef_graund_wave_purple/ef_graund_wave_purple_00009"},{"time":1.6,"name":"EF/ef_graund_wave_purple/ef_graund_wave_purple_00010"},{"time":1.6333,"name":"EF/ef_graund_wave_purple/ef_graund_wave_purple_00011"},{"time":1.6666,"name":"EF/ef_graund_wave_purple/ef_graund_wave_purple_00012"},{"time":1.7,"name":null}]},"EF_wave2_1":{"attachment":[{"time":3.5,"name":"EF/ef_graund_wave_C_main/ef_graund_wave_C_main_00001"},{"time":3.5333,"name":"EF/ef_graund_wave_C_main/ef_graund_wave_C_main_00002"},{"time":3.5666,"name":"EF/ef_graund_wave_C_main/ef_graund_wave_C_main_00003"},{"time":3.6,"name":"EF/ef_graund_wave_C_main/ef_graund_wave_C_main_00004"},{"time":3.6333,"name":"EF/ef_graund_wave_C_main/ef_graund_wave_C_main_00005"},{"time":3.6666,"name":"EF/ef_graund_wave_C_main/ef_graund_wave_C_main_00006"},{"time":3.7,"name":null},{"time":3.7333,"name":"EF/ef_graund_wave_C_main/ef_graund_wave_C_main_00001"},{"time":3.7666,"name":"EF/ef_graund_wave_C_main/ef_graund_wave_C_main_00002"},{"time":3.8,"name":"EF/ef_graund_wave_C_main/ef_graund_wave_C_main_00003"},{"time":3.8333,"name":"EF/ef_graund_wave_C_main/ef_graund_wave_C_main_00004"},{"time":3.8666,"name":"EF/ef_graund_wave_C_main/ef_graund_wave_C_main_00005"},{"time":3.9,"name":"EF/ef_graund_wave_C_main/ef_graund_wave_C_main_00006"},{"time":3.9333,"name":null},{"time":3.9666,"name":"EF/ef_graund_wave_C_main/ef_graund_wave_C_main_00001"},{"time":4,"name":"EF/ef_graund_wave_C_main/ef_graund_wave_C_main_00002"},{"time":4.0333,"name":"EF/ef_graund_wave_C_main/ef_graund_wave_C_main_00003"},{"time":4.0666,"name":"EF/ef_graund_wave_C_main/ef_graund_wave_C_main_00004"},{"time":4.1,"name":"EF/ef_graund_wave_C_main/ef_graund_wave_C_main_00005"},{"time":4.1333,"name":"EF/ef_graund_wave_C_main/ef_graund_wave_C_main_00006"},{"time":4.1666,"name":null},{"time":4.2,"name":"EF/ef_graund_wave_C_main/ef_graund_wave_C_main_00001"},{"time":4.2333,"name":"EF/ef_graund_wave_C_main/ef_graund_wave_C_main_00002"},{"time":4.2666,"name":"EF/ef_graund_wave_C_main/ef_graund_wave_C_main_00003"},{"time":4.3,"name":"EF/ef_graund_wave_C_main/ef_graund_wave_C_main_00004"},{"time":4.3333,"name":"EF/ef_graund_wave_C_main/ef_graund_wave_C_main_00005"},{"time":4.3666,"name":"EF/ef_graund_wave_C_main/ef_graund_wave_C_main_00006"},{"time":4.4,"name":null},{"time":4.4333,"name":"EF/ef_graund_wave_C_main/ef_graund_wave_C_main_00001"},{"time":4.4666,"name":"EF/ef_graund_wave_C_main/ef_graund_wave_C_main_00002"},{"time":4.5,"name":"EF/ef_graund_wave_C_main/ef_graund_wave_C_main_00003"},{"time":4.5333,"name":"EF/ef_graund_wave_C_main/ef_graund_wave_C_main_00004"},{"time":4.5666,"name":"EF/ef_graund_wave_C_main/ef_graund_wave_C_main_00005"},{"time":4.6,"name":"EF/ef_graund_wave_C_main/ef_graund_wave_C_main_00006"},{"time":4.6333,"name":null},{"time":4.6666,"name":"EF/ef_graund_wave_C_main/ef_graund_wave_C_main_00001"},{"time":4.7,"name":"EF/ef_graund_wave_C_main/ef_graund_wave_C_main_00002"},{"time":4.7333,"name":"EF/ef_graund_wave_C_main/ef_graund_wave_C_main_00003"},{"time":4.7666,"name":"EF/ef_graund_wave_C_main/ef_graund_wave_C_main_00004"},{"time":4.8,"name":"EF/ef_graund_wave_C_main/ef_graund_wave_C_main_00005"},{"time":4.8333,"name":"EF/ef_graund_wave_C_main/ef_graund_wave_C_main_00006"},{"time":4.8666,"name":null},{"time":4.9,"name":"EF/ef_graund_wave_C_main/ef_graund_wave_C_main_00001"},{"time":4.9333,"name":"EF/ef_graund_wave_C_main/ef_graund_wave_C_main_00002"},{"time":4.9666,"name":"EF/ef_graund_wave_C_main/ef_graund_wave_C_main_00003"},{"time":5,"name":"EF/ef_graund_wave_C_main/ef_graund_wave_C_main_00004"},{"time":5.0333,"name":"EF/ef_graund_wave_C_main/ef_graund_wave_C_main_00005"},{"time":5.0666,"name":"EF/ef_graund_wave_C_main/ef_graund_wave_C_main_00006"},{"time":5.1,"name":null},{"time":5.1333,"name":"EF/ef_graund_wave_C_main/ef_graund_wave_C_main_00001"},{"time":5.1666,"name":"EF/ef_graund_wave_C_main/ef_graund_wave_C_main_00002"},{"time":5.2,"name":"EF/ef_graund_wave_C_main/ef_graund_wave_C_main_00003"},{"time":5.2333,"name":"EF/ef_graund_wave_C_main/ef_graund_wave_C_main_00004"},{"time":5.2666,"name":"EF/ef_graund_wave_C_main/ef_graund_wave_C_main_00005"},{"time":5.3,"name":"EF/ef_graund_wave_C_main/ef_graund_wave_C_main_00006"},{"time":5.3333,"name":null}]},"EF_wave2_2":{"attachment":[{"time":3.6,"name":"EF/ef_graund_wave_C_main/ef_graund_wave_C_main_00001"},{"time":3.6333,"name":"EF/ef_graund_wave_C_main/ef_graund_wave_C_main_00002"},{"time":3.6666,"name":"EF/ef_graund_wave_C_main/ef_graund_wave_C_main_00003"},{"time":3.7,"name":"EF/ef_graund_wave_C_main/ef_graund_wave_C_main_00004"},{"time":3.7333,"name":"EF/ef_graund_wave_C_main/ef_graund_wave_C_main_00005"},{"time":3.7666,"name":"EF/ef_graund_wave_C_main/ef_graund_wave_C_main_00006"},{"time":3.8,"name":null},{"time":3.8333,"name":"EF/ef_graund_wave_C_main/ef_graund_wave_C_main_00001"},{"time":3.8666,"name":"EF/ef_graund_wave_C_main/ef_graund_wave_C_main_00002"},{"time":3.9,"name":"EF/ef_graund_wave_C_main/ef_graund_wave_C_main_00003"},{"time":3.9333,"name":"EF/ef_graund_wave_C_main/ef_graund_wave_C_main_00004"},{"time":3.9666,"name":"EF/ef_graund_wave_C_main/ef_graund_wave_C_main_00005"},{"time":4,"name":"EF/ef_graund_wave_C_main/ef_graund_wave_C_main_00006"},{"time":4.0333,"name":null},{"time":4.0666,"name":"EF/ef_graund_wave_C_main/ef_graund_wave_C_main_00001"},{"time":4.1,"name":"EF/ef_graund_wave_C_main/ef_graund_wave_C_main_00002"},{"time":4.1333,"name":"EF/ef_graund_wave_C_main/ef_graund_wave_C_main_00003"},{"time":4.1666,"name":"EF/ef_graund_wave_C_main/ef_graund_wave_C_main_00004"},{"time":4.2,"name":"EF/ef_graund_wave_C_main/ef_graund_wave_C_main_00005"},{"time":4.2333,"name":"EF/ef_graund_wave_C_main/ef_graund_wave_C_main_00006"},{"time":4.2666,"name":null},{"time":4.3,"name":"EF/ef_graund_wave_C_main/ef_graund_wave_C_main_00001"},{"time":4.3333,"name":"EF/ef_graund_wave_C_main/ef_graund_wave_C_main_00002"},{"time":4.3666,"name":"EF/ef_graund_wave_C_main/ef_graund_wave_C_main_00003"},{"time":4.4,"name":"EF/ef_graund_wave_C_main/ef_graund_wave_C_main_00004"},{"time":4.4333,"name":"EF/ef_graund_wave_C_main/ef_graund_wave_C_main_00005"},{"time":4.4666,"name":"EF/ef_graund_wave_C_main/ef_graund_wave_C_main_00006"},{"time":4.5,"name":null},{"time":4.5333,"name":"EF/ef_graund_wave_C_main/ef_graund_wave_C_main_00001"},{"time":4.5666,"name":"EF/ef_graund_wave_C_main/ef_graund_wave_C_main_00002"},{"time":4.6,"name":"EF/ef_graund_wave_C_main/ef_graund_wave_C_main_00003"},{"time":4.6333,"name":"EF/ef_graund_wave_C_main/ef_graund_wave_C_main_00004"},{"time":4.6666,"name":"EF/ef_graund_wave_C_main/ef_graund_wave_C_main_00005"},{"time":4.7,"name":"EF/ef_graund_wave_C_main/ef_graund_wave_C_main_00006"},{"time":4.7333,"name":null},{"time":4.7666,"name":"EF/ef_graund_wave_C_main/ef_graund_wave_C_main_00001"},{"time":4.8,"name":"EF/ef_graund_wave_C_main/ef_graund_wave_C_main_00002"},{"time":4.8333,"name":"EF/ef_graund_wave_C_main/ef_graund_wave_C_main_00003"},{"time":4.8666,"name":"EF/ef_graund_wave_C_main/ef_graund_wave_C_main_00004"},{"time":4.9,"name":"EF/ef_graund_wave_C_main/ef_graund_wave_C_main_00005"},{"time":4.9333,"name":"EF/ef_graund_wave_C_main/ef_graund_wave_C_main_00006"},{"time":4.9666,"name":null},{"time":5,"name":"EF/ef_graund_wave_C_main/ef_graund_wave_C_main_00001"},{"time":5.0333,"name":"EF/ef_graund_wave_C_main/ef_graund_wave_C_main_00002"},{"time":5.0666,"name":"EF/ef_graund_wave_C_main/ef_graund_wave_C_main_00003"},{"time":5.1,"name":"EF/ef_graund_wave_C_main/ef_graund_wave_C_main_00004"},{"time":5.1333,"name":"EF/ef_graund_wave_C_main/ef_graund_wave_C_main_00005"},{"time":5.1666,"name":"EF/ef_graund_wave_C_main/ef_graund_wave_C_main_00006"},{"time":5.2,"name":null},{"time":5.2333,"name":"EF/ef_graund_wave_C_main/ef_graund_wave_C_main_00001"},{"time":5.2666,"name":"EF/ef_graund_wave_C_main/ef_graund_wave_C_main_00002"},{"time":5.3,"name":"EF/ef_graund_wave_C_main/ef_graund_wave_C_main_00003"},{"time":5.3333,"name":"EF/ef_graund_wave_C_main/ef_graund_wave_C_main_00004"},{"time":5.3666,"name":"EF/ef_graund_wave_C_main/ef_graund_wave_C_main_00005"},{"time":5.4,"name":"EF/ef_graund_wave_C_main/ef_graund_wave_C_main_00006"},{"time":5.4333,"name":null}]},"MAIN":{"attachment":[{"time":0.0333,"name":"attack1_01"},{"time":0.4,"name":"skill3_01"},{"time":0.8666,"name":"skill3_03"},{"time":0.9333,"name":"skill3_04"},{"time":1.0666,"name":"skill3_05"},{"time":1.1666,"name":"skill3_06"},{"time":1.3333,"name":"skill3_07"},{"time":1.4666,"name":"skill3_08"},{"time":1.6,"name":"skill3_07"},{"time":1.7333,"name":"skill3_08"},{"time":1.8666,"name":"skill3_07"},{"time":2,"name":"skill3_08"},{"time":2.1333,"name":"skill3_07"},{"time":2.2666,"name":"skill3_08"},{"time":2.4,"name":"skill3_09"},{"time":2.6666,"name":"skill3_10"},{"time":3,"name":"skill3_11"},{"time":3.1333,"name":"skill3_12"},{"time":3.2666,"name":"skill3_11"},{"time":3.4,"name":"skill3_12"},{"time":3.5333,"name":"skill3_11"},{"time":3.6666,"name":"skill3_12"},{"time":3.8,"name":"skill3_11"},{"time":3.9333,"name":"skill3_12"},{"time":4.0666,"name":"skill3_11"},{"time":4.2,"name":"skill3_12"},{"time":4.3333,"name":"skill3_11"},{"time":4.4666,"name":"skill3_12"},{"time":4.6,"name":"skill3_11"},{"time":4.7333,"name":"skill3_12"},{"time":4.8666,"name":"skill3_11"},{"time":5,"name":"skill3_12"},{"time":5.1333,"name":"skill3_11"},{"time":5.2666,"name":"skill3_12"},{"time":5.4,"name":"skill3_11"},{"time":5.5,"name":"skill3_13"},{"time":5.6666,"name":"skill3_14"},{"time":5.7333,"name":"skill3_15"},{"time":5.8,"name":"skill3_14"},{"time":5.8666,"name":"skill3_15"},{"time":5.9333,"name":"skill3_14"},{"time":6,"name":"skill3_15"},{"time":6.0666,"name":"skill3_14"},{"time":6.2,"name":"skill3_10"},{"time":6.2666,"name":"skill3_16"},{"time":6.8333,"name":"skill3_17"},{"time":7,"name":"idle1_03"}]},"book_skill3":{"attachment":[{"time":0.4,"name":"EF/book_skill3_00"},{"time":1,"name":"EF/book_skill3_00"},{"time":1.3333,"name":"EF/book_skill3_01"},{"time":1.4,"name":"EF/book_skill3_02"},{"time":1.4666,"name":"EF/book_skill3_01"},{"time":1.5333,"name":"EF/book_skill3_02"},{"time":1.6,"name":"EF/book_skill3_01"},{"time":1.6666,"name":"EF/book_skill3_02"},{"time":1.7333,"name":"EF/book_skill3_01"},{"time":1.8,"name":"EF/book_skill3_02"},{"time":1.8666,"name":"EF/book_skill3_01"},{"time":1.9333,"name":"EF/book_skill3_02"},{"time":2,"name":"EF/book_skill3_01"},{"time":2.0666,"name":"EF/book_skill3_02"},{"time":2.1333,"name":"EF/book_skill3_01"},{"time":2.2,"name":"EF/book_skill3_02"},{"time":2.2666,"name":"EF/book_skill3_01"},{"time":2.3333,"name":"EF/book_skill3_02"},{"time":2.4,"name":"EF/book_skill3_01"},{"time":2.4666,"name":"EF/book_skill3_02"},{"time":2.5333,"name":"EF/book_skill3_01"},{"time":2.6,"name":"EF/book_skill3_02"},{"time":2.6666,"name":"EF/book_skill3_01"},{"time":2.7333,"name":"EF/book_skill3_02"},{"time":2.8,"name":"EF/book_skill3_01"},{"time":2.8666,"name":"EF/book_skill3_02"},{"time":2.9333,"name":"EF/book_skill3_01"},{"time":3,"name":"EF/book_skill3_03"}],"color":[{"time":0.4,"color":"ffffff00","curve":[0.25,0,0.848,0.42]},{"time":0.5,"color":"ffffffff","curve":"stepped"},{"time":6.3333,"color":"ffffffff"},{"time":6.6,"color":"ffffff00"}]},"book_skill3_B":{"attachment":[{"time":4.3333,"name":"EF/skill3_book_03_B"}],"color":[{"time":4.3333,"color":"ff0300ff"},{"time":4.6666,"color":"ff030000"},{"time":5,"color":"ff0300ff"},{"time":5.3333,"color":"ff030000","curve":"stepped"},{"time":5.9,"color":"ff030000"}]}},"bones":{"MAIN":{"rotate":[{"time":5.6666,"angle":-14.25,"curve":"stepped"},{"time":6.2,"angle":0}],"translate":[{"time":1.0666,"x":-8.7,"y":0.05,"curve":"stepped"},{"time":2.6666,"x":-8.7,"y":0.05,"curve":[0.25,0,0.848,0.34]},{"time":5.5,"x":-8.16,"y":93.22,"curve":"stepped"},{"time":5.6666,"x":-8.16,"y":93.22,"curve":[0.191,0.8,0.316,0.98]},{"time":6.0333,"x":-2.17,"y":96.22,"curve":"stepped"},{"time":6.2666,"x":-2.17,"y":96.22,"curve":[0.219,0.58,0.75,1]},{"time":6.8333,"x":-2.17,"y":1.41}]},"EF_smoke1_1":{"translate":[{"time":0.4333,"x":-257.9,"y":-121.26,"curve":"stepped"},{"time":6.6,"x":-369.05,"y":-36.27}],"scale":[{"time":0.4333,"x":2.5,"y":2.5}]},"EF_smoke1_2":{"translate":[{"time":0.4666,"x":-297.19,"y":-47.82}],"scale":[{"time":0.4666,"x":2.5,"y":2.5}]},"EF_smoke1_3":{"translate":[{"time":0.4,"x":-285.17,"y":-106.36,"curve":"stepped"},{"time":6.3333,"x":-330.94,"y":-106.36}],"scale":[{"time":0.4,"x":3,"y":3}]},"EF_rotwave1_1":{"translate":[{"time":0.6666,"x":-250,"y":0}],"scale":[{"time":0.6666,"x":3,"y":3,"curve":[0.165,0.29,0.75,1]},{"time":1.1666,"x":2.116,"y":2.116}]},"EF_shot_wave1_1":{"rotate":[{"time":1.3333,"angle":-46.25}],"translate":[{"time":1.3333,"x":-217.12,"y":-25.05}],"scale":[{"time":1.3333,"x":2.025,"y":2.025,"curve":[0.142,0.53,0.75,1]},{"time":1.5,"x":3.145,"y":3.145}]},"EF_shot_wave1_2":{"rotate":[{"time":1.3333,"angle":47.36}],"translate":[{"time":1.3333,"x":-215.93,"y":-36.98}],"scale":[{"time":1.3333,"x":2.025,"y":2.025,"curve":[0.142,0.53,0.75,1]},{"time":1.5,"x":3.145,"y":3.145}]},"EF_wave1_1":{"translate":[{"time":1.3333,"x":-200,"y":0}],"scale":[{"time":1.3333,"x":3.424,"y":3.424}]},"EF_wave2_1":{"translate":[{"time":3.5,"x":-300,"y":0}],"scale":[{"time":3.5,"x":2,"y":2}]},"EF_wave2_2":{"translate":[{"time":3.6,"x":-300,"y":0}],"scale":[{"time":3.6,"x":2,"y":2}]},"EF_flash1_1":{"translate":[{"time":3,"x":-382.34,"y":68.17}],"scale":[{"time":3,"x":2.603,"y":2.603,"curve":[0.372,0.72,0.762,1]},{"time":3.2666,"x":4.5,"y":4.5}]},"EF_aura2_1":{"translate":[{"time":1.3666,"x":-350,"y":0}],"scale":[{"time":1.3666,"x":3,"y":1.5,"curve":"stepped"},{"time":4.3333,"x":3,"y":1.5,"curve":[0.221,0.5,0.75,1]},{"time":4.6,"x":4.152,"y":2.076}]},"EF_aura2_2":{"translate":[{"time":1.7,"x":-350,"y":0}],"scale":[{"time":1.7,"x":3,"y":1.5}]},"EF_magic1":{"rotate":[{"time":1.5,"angle":-112.35},{"time":3,"angle":0}]},"EF_magic2":{"rotate":[{"time":1.5,"angle":122.7},{"time":3,"angle":0}]},"EF_magic_root":{"translate":[{"time":1.3333,"x":-150,"y":0}],"scale":[{"time":1.3333,"x":0.63,"y":0.102,"curve":[0.136,0.48,0.75,1]},{"time":1.5,"x":1.975,"y":0.321,"curve":"stepped"},{"time":3.3333,"x":1.975,"y":0.321,"curve":[0.215,0.53,0.75,1]},{"time":3.6,"x":3.253,"y":0.529}]}},"drawOrder":[{"time":0.4,"offsets":[{"slot":"EF_smoke1_1","offset":-9},{"slot":"EF_smoke1_2","offset":-9},{"slot":"EF_smoke1_3","offset":-9}]},{"time":1.4,"offsets":[{"slot":"EF_wave1_1","offset":-9},{"slot":"EF_smoke1_1","offset":-8},{"slot":"EF_smoke1_2","offset":-8},{"slot":"EF_smoke1_3","offset":-8}]}],"events":[{"time":0,"name":"Voice","string":"cri_261_voice_fullarts_now_b"},{"time":0.4,"name":"Sound1","string":"cri_se_battle_043_burn"},{"time":0.7,"name":"Sound1","string":"cri_se_scenario_fetters_magic"},{"time":1.3333,"name":"Event","string":"addOrbitSystem_skill3_orbit"},{"time":1.3333,"name":"Sound1","string":"cri_se_battle_magic_Invocation_dark"},{"time":1.3333,"name":"Sound2","string":"cri_se_battle_darkness_explosion"},{"time":5.3666,"name":"Voice","string":"cri_261_voice_fullarts_rank6"},{"time":6.3,"name":"Sound1","string":"cri_se_battle_043_burn"}]}}}