{"skeleton":{"hash":"BGQj6kIVR3NhGOEBQyCxkwKYgz8","spine":"3.0.12","width":1180,"height":1180,"images":"./images/"},"bones":[{"name":"root"},{"name":"S2_waveB","parent":"root","x":838.96,"y":261.83,"color":"1700ffff"},{"name":"S2_wave3","parent":"root","x":569.12,"y":-49.92,"scaleX":2.5,"scaleY":2.5,"color":"ff0800ff"},{"name":"S2_wave2","parent":"root","x":481.72,"y":-48.72,"scaleX":2.5,"scaleY":2.5,"color":"ff0800ff"},{"name":"S1,2_wave1","parent":"root","x":397.39,"y":-48.61,"scaleX":2.5,"scaleY":2.5,"color":"ff009fff"},{"name":"MAIN","parent":"root","y":85},{"name":"SHADOW-OFFSET","parent":"MAIN","scaleX":1.5,"scaleY":1.5},{"name":"HITBOX","parent":"MAIN"},{"name":"DAMAGEAREA","parent":"root"}],"slots":[{"name":"grid/bg","bone":"root","color":"ffffff4b"},{"name":"grid/grid","bone":"root","color":"ffffff54"},{"name":"S1,2_wave1","bone":"S1,2_wave1","blend":"additive"},{"name":"S2_wave2","bone":"S2_wave2","blend":"additive"},{"name":"S2_wave3","bone":"S2_wave3","blend":"additive"},{"name":"S2_waveB","bone":"S2_waveB","blend":"additive"},{"name":"MAIN","bone":"MAIN","attachment":"idle_00"},{"name":"DAMAGEAREA","bone":"DAMAGEAREA"},{"name":"HITBOX","bone":"HITBOX","attachment":"HITBOX"}],"skins":{"default":{"DAMAGEAREA":{"DAMAGEAREA":{"type":"boundingbox","vertices":[-97.66983,-99.41454,97.25211,-98.34353,99.39412,98.72038,-99.8118,98.72038]}},"HITBOX":{"HITBOX":{"type":"boundingbox","vertices":[67.26407,-97.12807,67.26413,62.45089,-66.61091,62.45097,-63.67624,-97.51491]}},"MAIN":{"attack1_00":{"x":-33,"y":40,"width":500,"height":500},"attack1_01":{"x":-25,"y":40,"width":500,"height":500},"attack1_02":{"x":-25,"y":40,"width":500,"height":500},"attack1_03":{"x":-25,"y":40,"width":500,"height":500},"attack1_04":{"x":-25,"y":40,"width":500,"height":500},"attack1_05":{"x":-25,"y":40,"width":500,"height":500},"attack1_06":{"x":-25,"y":40,"width":500,"height":500},"attack1_07":{"x":-25,"y":40,"width":500,"height":500},"attack1_08":{"x":5.5,"y":40,"width":500,"height":500},"attack1_09":{"x":25,"y":70,"width":500,"height":500},"attack1_10":{"x":25,"y":70,"width":500,"height":500},"attack1_11":{"x":10,"y":40,"width":500,"height":500},"attack1_12":{"x":-15,"y":40,"width":500,"height":500},"back_00":{"x":-15,"y":10,"width":500,"height":500},"back_01":{"x":-15,"y":10,"width":500,"height":500},"back_02":{"x":-15,"y":10,"width":500,"height":500},"back_03":{"x":-15,"y":10,"width":500,"height":500},"damage_00":{"x":-5,"y":-5,"width":500,"height":500},"idle_00":{"x":-4,"y":-20,"width":500,"height":500},"idle_01":{"x":-4,"y":-20,"width":500,"height":500},"idle_02":{"x":-4,"y":-20,"width":500,"height":500},"idle_03":{"x":-4,"y":-20,"width":500,"height":500},"idle_04":{"x":-4,"y":-20,"width":500,"height":500},"skill1_00":{"x":-8,"y":32,"width":500,"height":500},"skill1_01":{"x":-8,"y":32,"width":500,"height":500},"skill1_02":{"x":-8,"y":32,"width":500,"height":500},"skill1_03":{"x":-8,"y":32,"width":500,"height":500},"skill1_04":{"x":-8,"y":32,"width":500,"height":500},"skill1_05":{"x":-8,"y":32,"width":500,"height":500},"skill1_06":{"x":-8,"y":32,"width":500,"height":500},"skill1_07":{"x":-8,"y":32,"width":500,"height":500},"skill1_08":{"x":-8,"y":32,"width":500,"height":500},"skill1_09":{"x":-8,"y":32,"width":500,"height":500},"skill1_10":{"x":-8,"y":32,"width":500,"height":500},"skill1_11":{"x":-8,"y":32,"width":500,"height":500},"skill2_00":{"x":25,"y":32,"width":500,"height":500},"skill2_01":{"x":25,"y":32,"width":500,"height":500},"skill2_02":{"x":25,"y":32,"width":500,"height":500},"skill2_03":{"x":35,"y":45,"width":500,"height":500},"skill2_05":{"x":5,"y":32,"width":500,"height":500},"skill2_06":{"y":32,"width":500,"height":500},"skill2_07":{"y":32,"width":500,"height":500},"skill2_08":{"y":32,"width":500,"height":500},"skill2_09":{"y":32,"width":500,"height":500},"skill2_10":{"y":32,"width":500,"height":500},"skill2_11":{"y":32,"width":500,"height":500}},"S1,2_wave1":{"EF/10023_S1_wave1/10023_S1_wave1_00038":{"x":-0.67,"y":15.8,"width":320,"height":320},"EF/10023_S1_wave1/10023_S1_wave1_00039":{"x":-0.67,"y":15.8,"width":320,"height":320},"EF/10023_S1_wave1/10023_S1_wave1_00041":{"x":-0.67,"y":15.8,"width":320,"height":320},"EF/10023_S1_wave1/10023_S1_wave1_00042":{"x":-0.67,"y":15.8,"width":320,"height":320},"EF/10023_S1_wave1/10023_S1_wave1_00043":{"x":-0.67,"y":15.8,"width":320,"height":320},"EF/10023_S1_wave1/10023_S1_wave1_00044":{"x":-0.67,"y":15.8,"width":320,"height":320},"EF/10023_S1_wave1/10023_S1_wave1_00045":{"x":-0.67,"y":15.8,"width":320,"height":320},"EF/10023_S1_wave1/10023_S1_wave1_00046":{"x":-0.6,"y":15.8,"width":320,"height":320},"EF/10023_S1_wave1/10023_S1_wave1_00047":{"x":-0.67,"y":15.8,"width":320,"height":320},"EF/10023_S1_wave1/10023_S1_wave1_00048":{"x":-0.67,"y":15.8,"width":320,"height":320}},"S2_wave2":{"EF/10023_S1_wave1/10023_S1_wave1_00038":{"x":-0.67,"y":15.8,"width":320,"height":320},"EF/10023_S1_wave1/10023_S1_wave1_00039":{"x":-0.67,"y":15.8,"width":320,"height":320},"EF/10023_S1_wave1/10023_S1_wave1_00041":{"x":-0.67,"y":15.8,"width":320,"height":320},"EF/10023_S1_wave1/10023_S1_wave1_00042":{"x":-0.67,"y":15.8,"width":320,"height":320},"EF/10023_S1_wave1/10023_S1_wave1_00043":{"x":-0.67,"y":15.8,"width":320,"height":320},"EF/10023_S1_wave1/10023_S1_wave1_00044":{"x":-0.67,"y":15.8,"width":320,"height":320},"EF/10023_S1_wave1/10023_S1_wave1_00045":{"x":-0.67,"y":15.8,"width":320,"height":320},"EF/10023_S1_wave1/10023_S1_wave1_00046":{"x":-0.6,"y":15.8,"width":320,"height":320},"EF/10023_S1_wave1/10023_S1_wave1_00047":{"x":-0.67,"y":15.8,"width":320,"height":320},"EF/10023_S1_wave1/10023_S1_wave1_00048":{"x":-0.67,"y":15.8,"width":320,"height":320}},"S2_wave3":{"EF/10023_S1_wave1/10023_S1_wave1_00038":{"x":-0.67,"y":15.8,"width":320,"height":320},"EF/10023_S1_wave1/10023_S1_wave1_00039":{"x":-0.67,"y":15.8,"width":320,"height":320},"EF/10023_S1_wave1/10023_S1_wave1_00041":{"x":-0.67,"y":15.8,"width":320,"height":320},"EF/10023_S1_wave1/10023_S1_wave1_00042":{"x":-0.67,"y":15.8,"width":320,"height":320},"EF/10023_S1_wave1/10023_S1_wave1_00043":{"x":-0.67,"y":15.8,"width":320,"height":320},"EF/10023_S1_wave1/10023_S1_wave1_00044":{"x":-0.67,"y":15.8,"width":320,"height":320},"EF/10023_S1_wave1/10023_S1_wave1_00045":{"x":-0.67,"y":15.8,"width":320,"height":320},"EF/10023_S1_wave1/10023_S1_wave1_00046":{"x":-0.6,"y":15.8,"width":320,"height":320},"EF/10023_S1_wave1/10023_S1_wave1_00047":{"x":-0.67,"y":15.8,"width":320,"height":320},"EF/10023_S1_wave1/10023_S1_wave1_00048":{"x":-0.67,"y":15.8,"width":320,"height":320}},"S2_waveB":{"EF/460_S2_wave1/460_S2_wave1_00002":{"x":-0.83,"y":-0.84,"width":365,"height":365},"EF/460_S2_wave1/460_S2_wave1_00003":{"x":-0.83,"y":-0.84,"width":365,"height":365},"EF/460_S2_wave1/460_S2_wave1_00004":{"x":-0.83,"y":-0.84,"width":365,"height":365},"EF/460_S2_wave1/460_S2_wave1_00005":{"x":-0.83,"y":-0.84,"width":365,"height":365},"EF/460_S2_wave1/460_S2_wave1_00006":{"x":-0.83,"y":-0.84,"width":365,"height":365},"EF/460_S2_wave1/460_S2_wave1_00007":{"x":-0.83,"y":-0.84,"width":365,"height":365}}}},"events":{"Event":{},"Event2":{},"Hit":{},"HitEffect":{},"Sound_1":{},"Sound_2":{},"Sound_3":{},"voice":{}},"animations":{"attack1":{"slots":{"DAMAGEAREA":{"attachment":[{"time":0.8,"name":"DAMAGEAREA"},{"time":0.9,"name":null},{"time":1.6333,"name":"DAMAGEAREA"},{"time":1.7333,"name":null}]},"MAIN":{"attachment":[{"time":0,"name":"attack1_00"},{"time":0.0333,"name":"attack1_01"},{"time":0.0666,"name":"attack1_02"},{"time":0.1333,"name":"attack1_03"},{"time":0.2333,"name":"attack1_04"},{"time":0.3,"name":"attack1_05"},{"time":0.4,"name":"attack1_06"},{"time":0.5333,"name":"attack1_07"},{"time":0.7666,"name":"attack1_08"},{"time":0.8,"name":"attack1_09"},{"time":0.8333,"name":"attack1_10"},{"time":0.8666,"name":"attack1_09"},{"time":0.9666,"name":"attack1_11"},{"time":1.0666,"name":"attack1_12"},{"time":1.1666,"name":"attack1_05"},{"time":1.2666,"name":"attack1_06"},{"time":1.3666,"name":"attack1_07"},{"time":1.6,"name":"attack1_08"},{"time":1.6333,"name":"attack1_09"},{"time":1.6666,"name":"attack1_10"},{"time":1.7,"name":"attack1_09"},{"time":2.0333,"name":"back_02"},{"time":2.2333,"name":"back_00"},{"time":2.2666,"name":"back_01"},{"time":2.3333,"name":"back_03"},{"time":2.4,"name":"back_01"},{"time":2.5,"name":"back_00"},{"time":2.6333,"name":"idle_00"},{"time":2.7333,"name":"idle_00"}]}},"bones":{"MAIN":{"translate":[{"time":0,"x":0,"y":0,"curve":"stepped"},{"time":0.0333,"x":-8,"y":0,"curve":"stepped"},{"time":0.7666,"x":-40,"y":0,"curve":"stepped"},{"time":0.8,"x":-58,"y":-30,"curve":[0.22,0.33,0.732,0.88]},{"time":0.8666,"x":-75,"y":-30,"curve":"stepped"},{"time":0.9666,"x":-60.05,"y":-3,"curve":"stepped"},{"time":1.0666,"x":-42,"y":-3,"curve":"stepped"},{"time":1.1666,"x":-48,"y":-2,"curve":"stepped"},{"time":1.6,"x":-77,"y":-2,"curve":"stepped"},{"time":1.6333,"x":-95,"y":-30,"curve":[0.168,0.33,0.743,0.95]},{"time":1.7,"x":-112,"y":-30,"curve":"stepped"},{"time":2.0333,"x":-71.86,"y":4},{"time":2.1333,"x":-44.93,"y":39.97},{"time":2.2333,"x":0,"y":0,"curve":"stepped"},{"time":2.3,"x":0,"y":0},{"time":2.3333,"x":0,"y":-5},{"time":2.3666,"x":0,"y":0}]},"DAMAGEAREA":{"translate":[{"time":0.8,"x":-141.8,"y":74.96},{"time":0.8666,"x":-161.45,"y":74.71},{"time":1.6333,"x":-178.94,"y":71.75},{"time":1.7,"x":-199.92,"y":71.75}],"scale":[{"time":0.8,"x":0.9,"y":1,"curve":"stepped"},{"time":1.6333,"x":0.9,"y":1}]}},"events":[{"time":0,"name":"Event","float":0.2,"string":"kHitStopType_normal"},{"time":0,"name":"HitEffect","string":"setHitEffect(hit04e,1,0.5,1)"},{"time":0.7666,"name":"Sound_1","string":"cri_se_battle_sword_swish_heavy"},{"time":0.7666,"name":"voice","string":"cri_023_voice_attack_random"},{"time":0.8,"name":"Event","string":"shakeGround"},{"time":0.8,"name":"Sound_1","string":"cri_se_battle_hard_hit"},{"time":1.5333,"name":"Event","float":0.25,"string":"kHitStopType_normal"},{"time":1.6,"name":"Sound_1","string":"cri_se_battle_sword_swish_heavy"},{"time":1.6,"name":"voice","string":"cri_023_voice_attack_random"},{"time":1.6333,"name":"Event","string":"shakeGround"},{"time":1.6333,"name":"Hit","float":1.25,"string":"resetHitList"},{"time":1.6333,"name":"Sound_1","string":"cri_se_battle_hard_hit"},{"time":1.6666,"name":"Event","string":"kImpactType_knock"},{"time":2.0333,"name":"Sound_1","string":"cri_se_battle_step"}]},"back":{"slots":{"MAIN":{"attachment":[{"time":0,"name":"idle_00"},{"time":0.0333,"name":"back_00"},{"time":0.0666,"name":"back_01"},{"time":0.1,"name":"back_02"},{"time":0.4666,"name":"back_00"},{"time":0.5,"name":"back_01"},{"time":0.5666,"name":"back_03"},{"time":0.6333,"name":"back_01"},{"time":0.7333,"name":"back_00"},{"time":0.8666,"name":"idle_00"},{"time":1,"name":"idle_00"}]}},"bones":{"MAIN":{"translate":[{"time":0.0666,"x":0,"y":0,"curve":[0.2,0.38,0.726,0.92]},{"time":0.1,"x":37.5,"y":40.47},{"time":0.1666,"x":58.1,"y":72.24},{"time":0.2666,"x":89,"y":102},{"time":0.3666,"x":119.6,"y":72.26},{"time":0.4333,"x":130,"y":40.5},{"time":0.4666,"x":140,"y":0,"curve":"stepped"},{"time":0.5333,"x":140,"y":0},{"time":0.5666,"x":140,"y":-10},{"time":0.6,"x":140,"y":0}]}},"events":[{"time":0.1,"name":"Sound_1","string":"cri_se_battle_step"}]},"cast":{"slots":{"MAIN":{"attachment":[{"time":0,"name":"skill1_00"},{"time":0.1333,"name":"skill1_01"},{"time":0.2666,"name":"skill1_02"},{"time":0.5,"name":"skill1_03"},{"time":0.5333,"name":"skill1_04"},{"time":0.6,"name":"skill1_05"},{"time":1,"name":"skill1_07"}]}},"bones":{"MAIN":{"translate":[{"time":0,"x":0,"y":0,"curve":"stepped"},{"time":0.5,"x":-1,"y":-2}]}},"events":[{"time":0.5,"name":"voice","string":"cri_023_voice_item"}]},"damage":{"slots":{"MAIN":{"attachment":[{"time":0,"name":"damage_00"}]}}},"front":{"slots":{"MAIN":{"attachment":[{"time":0,"name":"idle_00"},{"time":0.0333,"name":"back_00"},{"time":0.0666,"name":"back_01"},{"time":0.1,"name":"back_02"},{"time":0.4666,"name":"back_00"},{"time":0.5,"name":"back_01"},{"time":0.5666,"name":"back_03"},{"time":0.6333,"name":"back_01"},{"time":0.7333,"name":"back_00"},{"time":0.8333,"name":"idle_00"}]}},"bones":{"MAIN":{"translate":[{"time":0.0666,"x":0,"y":0,"curve":[0.2,0.38,0.726,0.92]},{"time":0.1,"x":0,"y":40.47},{"time":0.1666,"x":0,"y":72.24},{"time":0.2666,"x":0,"y":102},{"time":0.3666,"x":0,"y":72.26},{"time":0.4333,"x":0,"y":40.5},{"time":0.4666,"x":0,"y":0,"curve":"stepped"},{"time":0.5333,"x":0,"y":0},{"time":0.5666,"x":0,"y":-10},{"time":0.6,"x":0,"y":0}]}},"events":[{"time":0,"name":"Event","string":"setMoveSpeedRate"},{"time":0.1,"name":"Event","float":1,"string":"setMoveSpeedRate"},{"time":0.1,"name":"Sound_1","string":"cri_se_battle_jump"},{"time":0.4666,"name":"Event","float":0.25,"string":"setMoveSpeedRate"},{"time":0.6,"name":"Event","string":"setMoveSpeedRate"}]},"idle":{"slots":{"MAIN":{"attachment":[{"time":0,"name":"idle_00"},{"time":0.2,"name":"idle_01"},{"time":0.4,"name":"idle_02"},{"time":0.6,"name":"idle_03"},{"time":0.8,"name":"idle_04"},{"time":1,"name":"idle_00"}]}}},"skill1":{"slots":{"DAMAGEAREA":{"attachment":[{"time":0.9666,"name":"DAMAGEAREA"},{"time":1.0666,"name":null},{"time":1.6,"name":"DAMAGEAREA"},{"time":1.8333,"name":null}]},"MAIN":{"attachment":[{"time":0,"name":"skill1_00"},{"time":0.2666,"name":"skill1_01"},{"time":0.6,"name":"skill1_02"},{"time":0.9333,"name":"skill1_03"},{"time":0.9666,"name":"skill1_04"},{"time":1,"name":"skill1_05"},{"time":1.1,"name":"skill1_06"},{"time":1.2333,"name":"skill1_07"},{"time":1.5333,"name":"skill1_08"},{"time":1.5666,"name":"skill1_09"},{"time":1.6,"name":"skill1_10"},{"time":1.6333,"name":"skill1_11"},{"time":1.6666,"name":"skill1_10"},{"time":2.1666,"name":"idle_00"}]}},"bones":{"MAIN":{"translate":[{"time":0,"x":-29,"y":-7.5,"curve":"stepped"},{"time":0.9333,"x":-1,"y":-2,"curve":"stepped"},{"time":1.5333,"x":-14,"y":-2,"curve":"stepped"},{"time":1.5666,"x":-29,"y":-7.5,"curve":"stepped"},{"time":2.1666,"x":0,"y":0}]},"DAMAGEAREA":{"translate":[{"time":0,"x":-98.76,"y":15.68,"curve":"stepped"},{"time":0.9666,"x":-148.7,"y":49.79},{"time":1.0333,"x":-162.09,"y":64.4,"curve":"stepped"},{"time":1.6,"x":-129.96,"y":22.42},{"time":1.8,"x":-118.21,"y":36.94}],"scale":[{"time":0,"x":0.851,"y":0.581,"curve":"stepped"},{"time":0.9666,"x":0.867,"y":0.578},{"time":1.0333,"x":0.974,"y":0.684,"curve":"stepped"},{"time":1.6,"x":0.835,"y":0.586},{"time":1.8,"x":2.18,"y":0.592}]}},"events":[{"time":0,"name":"Event","float":0.2,"string":"kHitStopType_normal"},{"time":0.9333,"name":"Sound_1","string":"cri_se_battle_skill_shot"},{"time":0.9666,"name":"Event","string":"shakeGround"},{"time":0.9666,"name":"HitEffect","string":"setHitEffect(hit04e,1,0.75,1)"},{"time":0.9666,"name":"Sound_1","string":"cri_se_battle_thunder_small"},{"time":0.9666,"name":"Sound_2","string":"setHitSound(se_battle_hard_hit)"},{"time":0.9666,"name":"voice","string":"cri_023_voice_attack_random"},{"time":1,"name":"Event","float":0.05,"string":"kHitStopType_enemyonly"},{"time":1.0333,"name":"Event","string":"kImpactType_up"},{"time":1.0333,"name":"Hit","float":1.5,"string":"resetHitList"},{"time":1.5333,"name":"Sound_1","string":"cri_se_battle_skill_shot"},{"time":1.5666,"name":"Event","float":0.2,"string":"kHitStopType_normal"},{"time":1.5666,"name":"voice","string":"cri_023_voice_skill_b"},{"time":1.6,"name":"Event","float":0.5,"string":"shakeGround_Loop"},{"time":1.6,"name":"Hit","float":2,"string":"resetHitList"},{"time":1.6,"name":"HitEffect","string":"setHitEffect(hit04e,1,0.8,1)"},{"time":1.6,"name":"Sound_1","string":"cri_se_battle_monster_hit"},{"time":1.6,"name":"Sound_2","string":"cri_se_battle_037_explosion_element_05"},{"time":1.6333,"name":"Event","float":0.05,"string":"kHitStopType_enemyonly"},{"time":1.6666,"name":"Event","string":"kImpactType_up"},{"time":1.6666,"name":"Hit","float":2,"string":"resetHitList"},{"time":1.6666,"name":"HitEffect","string":"setHitEffect(hit0,1)"},{"time":1.7333,"name":"Hit","float":3,"string":"resetHitList"},{"time":1.8,"name":"Event","string":"kImpactType_knock"},{"time":1.8,"name":"Hit","float":3,"string":"resetHitList"}]},"skill2":{"slots":{"DAMAGEAREA":{"attachment":[{"time":1.2333,"name":"DAMAGEAREA"},{"time":1.5,"name":null},{"time":2.1,"name":"DAMAGEAREA"},{"time":2.6666,"name":null}]},"MAIN":{"attachment":[{"time":0,"name":"idle_00"},{"time":0.1,"name":"back_00"},{"time":0.2333,"name":"back_01"},{"time":0.4,"name":"back_03"},{"time":0.6333,"name":"back_02"},{"time":0.7333,"name":"skill2_00"},{"time":0.8,"name":"skill2_01"},{"time":0.9666,"name":"skill2_02"},{"time":1.1666,"name":"skill2_03"},{"time":1.2333,"name":"attack1_09"},{"time":1.2666,"name":"attack1_10"},{"time":1.3,"name":"attack1_09"},{"time":1.4,"name":"attack1_11"},{"time":1.5,"name":"attack1_12"},{"time":1.6,"name":"attack1_05"},{"time":1.7,"name":"attack1_06"},{"time":1.8,"name":"attack1_07"},{"time":2.0333,"name":"attack1_08"},{"time":2.0666,"name":"attack1_09"},{"time":2.1,"name":"attack1_10"},{"time":2.1333,"name":"attack1_09"},{"time":2.6666,"name":"attack1_11"},{"time":2.7333,"name":"skill2_05"},{"time":2.7666,"name":"skill2_06"},{"time":2.8,"name":"skill2_07"},{"time":2.8333,"name":"skill2_08"},{"time":2.9,"name":"skill2_09"},{"time":3.4333,"name":"skill2_10"},{"time":3.4666,"name":"skill2_11"},{"time":3.5,"name":"skill2_10"},{"time":3.8333,"name":"skill2_10"}]},"S1,2_wave1":{"attachment":[{"time":1.2333,"name":"EF/10023_S1_wave1/10023_S1_wave1_00038"},{"time":1.2666,"name":"EF/10023_S1_wave1/10023_S1_wave1_00039"},{"time":1.3,"name":"EF/10023_S1_wave1/10023_S1_wave1_00041"},{"time":1.3333,"name":"EF/10023_S1_wave1/10023_S1_wave1_00042"},{"time":1.3666,"name":"EF/10023_S1_wave1/10023_S1_wave1_00043"},{"time":1.4,"name":"EF/10023_S1_wave1/10023_S1_wave1_00044"},{"time":1.4333,"name":"EF/10023_S1_wave1/10023_S1_wave1_00045"},{"time":1.4666,"name":"EF/10023_S1_wave1/10023_S1_wave1_00046"},{"time":1.5,"name":"EF/10023_S1_wave1/10023_S1_wave1_00047"},{"time":1.5333,"name":"EF/10023_S1_wave1/10023_S1_wave1_00048"},{"time":2.1,"name":"EF/10023_S1_wave1/10023_S1_wave1_00038"},{"time":2.1333,"name":"EF/10023_S1_wave1/10023_S1_wave1_00039"},{"time":2.1666,"name":"EF/10023_S1_wave1/10023_S1_wave1_00041"},{"time":2.2,"name":"EF/10023_S1_wave1/10023_S1_wave1_00042"},{"time":2.2333,"name":"EF/10023_S1_wave1/10023_S1_wave1_00043"},{"time":2.2666,"name":"EF/10023_S1_wave1/10023_S1_wave1_00044"},{"time":2.3,"name":"EF/10023_S1_wave1/10023_S1_wave1_00045"},{"time":2.3333,"name":"EF/10023_S1_wave1/10023_S1_wave1_00046"},{"time":2.3666,"name":"EF/10023_S1_wave1/10023_S1_wave1_00047"},{"time":2.4,"name":"EF/10023_S1_wave1/10023_S1_wave1_00048"}],"color":[{"time":1.5333,"color":"ffffffff"},{"time":1.6333,"color":"ffffff00","curve":"stepped"},{"time":2.1,"color":"ffffffff","curve":"stepped"},{"time":2.4,"color":"ffffffff"},{"time":2.5,"color":"ffffff00"}]},"S2_wave2":{"attachment":[{"time":2.2666,"name":"EF/10023_S1_wave1/10023_S1_wave1_00038"},{"time":2.3,"name":"EF/10023_S1_wave1/10023_S1_wave1_00039"},{"time":2.3333,"name":"EF/10023_S1_wave1/10023_S1_wave1_00041"},{"time":2.3666,"name":"EF/10023_S1_wave1/10023_S1_wave1_00042"},{"time":2.4,"name":"EF/10023_S1_wave1/10023_S1_wave1_00043"},{"time":2.4333,"name":"EF/10023_S1_wave1/10023_S1_wave1_00044"},{"time":2.4666,"name":"EF/10023_S1_wave1/10023_S1_wave1_00046"},{"time":2.5,"name":"EF/10023_S1_wave1/10023_S1_wave1_00047"},{"time":2.5333,"name":"EF/10023_S1_wave1/10023_S1_wave1_00048"}],"color":[{"time":2.5333,"color":"ffffffff"},{"time":2.6333,"color":"ffffff00"}]},"S2_wave3":{"attachment":[{"time":2.4333,"name":"EF/10023_S1_wave1/10023_S1_wave1_00038"},{"time":2.4666,"name":"EF/10023_S1_wave1/10023_S1_wave1_00039"},{"time":2.5,"name":"EF/10023_S1_wave1/10023_S1_wave1_00041"},{"time":2.5333,"name":"EF/10023_S1_wave1/10023_S1_wave1_00042"},{"time":2.5666,"name":"EF/10023_S1_wave1/10023_S1_wave1_00043"},{"time":2.6,"name":"EF/10023_S1_wave1/10023_S1_wave1_00044"},{"time":2.6333,"name":"EF/10023_S1_wave1/10023_S1_wave1_00045"},{"time":2.6666,"name":"EF/10023_S1_wave1/10023_S1_wave1_00046"},{"time":2.7,"name":"EF/10023_S1_wave1/10023_S1_wave1_00047"},{"time":2.7333,"name":"EF/10023_S1_wave1/10023_S1_wave1_00048"}],"color":[{"time":2.7333,"color":"ffffffff"},{"time":2.8333,"color":"ffffff00"}]},"S2_waveB":{"attachment":[{"time":3.4333,"name":"EF/460_S2_wave1/460_S2_wave1_00002"},{"time":3.4666,"name":"EF/460_S2_wave1/460_S2_wave1_00003"},{"time":3.5,"name":"EF/460_S2_wave1/460_S2_wave1_00004"},{"time":3.5333,"name":"EF/460_S2_wave1/460_S2_wave1_00005"},{"time":3.5666,"name":"EF/460_S2_wave1/460_S2_wave1_00006"},{"time":3.6,"name":"EF/460_S2_wave1/460_S2_wave1_00007"}],"color":[{"time":3.6,"color":"ffffffff"},{"time":3.7,"color":"ffffff00"}]}},"bones":{"S1,2_wave1":{"translate":[{"time":0,"x":-614.73,"y":34.08,"curve":"stepped"},{"time":1.2333,"x":-614.73,"y":34.08,"curve":"stepped"},{"time":2.1,"x":-614.73,"y":34.08}],"scale":[{"time":0,"x":1.48,"y":1.48,"curve":"stepped"},{"time":1.2333,"x":1.48,"y":1.48,"curve":"stepped"},{"time":1.5333,"x":1.48,"y":1.48},{"time":1.6333,"x":1.68,"y":1.68,"curve":"stepped"},{"time":2.1,"x":1.48,"y":1.48,"curve":"stepped"},{"time":2.4,"x":1.48,"y":1.48},{"time":2.5,"x":1.68,"y":1.68}]},"S2_wave2":{"translate":[{"time":2.2666,"x":-695.21,"y":32.33}],"scale":[{"time":2.2666,"x":1.48,"y":1.48,"curve":"stepped"},{"time":2.5333,"x":1.48,"y":1.48},{"time":2.6333,"x":1.68,"y":1.68}]},"S2_wave3":{"translate":[{"time":2.4333,"x":-782.52,"y":34.98}],"scale":[{"time":2.4333,"x":1.48,"y":1.48,"curve":"stepped"},{"time":2.7333,"x":1.48,"y":1.48},{"time":2.8333,"x":1.68,"y":1.68}]},"S2_waveB":{"translate":[{"time":3.4333,"x":-1003.77,"y":-175.76}],"scale":[{"time":3.4333,"x":4.5,"y":4.5,"curve":"stepped"},{"time":3.6,"x":4.5,"y":4.5},{"time":3.7,"x":6.1,"y":6.1}]},"MAIN":{"translate":[{"time":0,"x":0,"y":0,"curve":"stepped"},{"time":0.4,"x":0,"y":0,"curve":"stepped"},{"time":0.6333,"x":-31.75,"y":41.95,"curve":[0.168,0.37,0.731,0.98]},{"time":0.9,"x":-92,"y":325,"curve":[0.345,0.08,0.757,0.53]},{"time":1.1333,"x":-92,"y":333.46,"curve":[0.516,0.06,0.925,0.25]},{"time":1.2,"x":-141.97,"y":32.03,"curve":"stepped"},{"time":1.2333,"x":-153,"y":-30},{"time":1.2666,"x":-153,"y":-40},{"time":1.3,"x":-153,"y":-30,"curve":"stepped"},{"time":1.4,"x":-137,"y":-0.5,"curve":"stepped"},{"time":1.5,"x":-115.5,"y":-0.5,"curve":"stepped"},{"time":1.6,"x":-123,"y":-0.5,"curve":"stepped"},{"time":2.0333,"x":-150.02,"y":-0.5,"curve":"stepped"},{"time":2.0666,"x":-180,"y":-30,"curve":"stepped"},{"time":2.6666,"x":-160,"y":-2,"curve":"stepped"},{"time":2.7333,"x":-142.84,"y":2},{"time":2.7666,"x":-152,"y":2}]},"DAMAGEAREA":{"translate":[{"time":0,"x":-213.37,"y":20,"curve":"stepped"},{"time":1.2333,"x":-213.37,"y":20,"curve":"stepped"},{"time":2.1,"x":-213.37,"y":26.67}],"scale":[{"time":0,"x":1.245,"y":0.587,"curve":"stepped"},{"time":1.2333,"x":1,"y":0.625},{"time":1.4,"x":2.228,"y":0.433,"curve":"stepped"},{"time":2.1,"x":1.422,"y":0.568},{"time":2.3333,"x":3.793,"y":0.603}]}},"events":[{"time":0,"name":"Event","float":0.3,"string":"kHitStopType_normal"},{"time":0.6,"name":"Event","float":0.1,"string":"shakeGround_Loop"},{"time":0.6333,"name":"Sound_1","string":"cri_se_battle_jump"},{"time":1.1666,"name":"Sound_1","string":"cri_se_battle_skill_swish"},{"time":1.1666,"name":"voice","string":"cri_023_voice_fullarts_now"},{"time":1.2333,"name":"Event","float":0.75,"string":"shakeGround_Loop"},{"time":1.2333,"name":"HitEffect","string":"setHitEffect(hit04e,1,0.8,1)"},{"time":1.2333,"name":"Sound_1","string":"setHitSound(se_battle_explosion_short)"},{"time":1.2333,"name":"Sound_2","string":"cri_se_battle_037_explosion_element_05"},{"time":1.2333,"name":"Sound_3","string":"cri_se_battle_monster_hit"},{"time":1.3,"name":"Event","float":0.05,"string":"kHitStopType_enemyonly"},{"time":1.3,"name":"Hit","float":1.1,"string":"resetHitList"},{"time":1.3,"name":"HitEffect","string":"setHitEffect(hit0,1)"},{"time":1.3666,"name":"Event","string":"kImpactType_down"},{"time":1.3666,"name":"Hit","float":1.2,"string":"resetHitList"},{"time":2,"name":"Sound_1","string":"cri_se_battle_skill_swish"},{"time":2.0333,"name":"voice","string":"cri_023_voice_attack_random"},{"time":2.0666,"name":"Event","float":0.3,"string":"kHitStopType_normal"},{"time":2.0666,"name":"Sound_1","string":"setHitSound(se_battle_explosion_short)"},{"time":2.0666,"name":"Sound_2","string":"cri_se_battle_037_explosion_element_05"},{"time":2.0666,"name":"Sound_3","string":"cri_se_battle_hard_hit"},{"time":2.1,"name":"Event","float":1,"string":"shakeGround_Loop"},{"time":2.1,"name":"Hit","float":2.2,"string":"resetHitList"},{"time":2.1,"name":"HitEffect","string":"setHitEffect(hit04e,1,1,1)"},{"time":2.1666,"name":"Event","float":0.05,"string":"kHitStopType_enemyonly"},{"time":2.1666,"name":"Hit","float":2.1,"string":"resetHitList"},{"time":2.1666,"name":"HitEffect","string":"setHitEffect(hit0,1)"},{"time":2.2333,"name":"Hit","float":2.3,"string":"resetHitList"},{"time":2.3,"name":"Hit","float":2.2,"string":"resetHitList"},{"time":2.3666,"name":"Event","string":"kImpactType_knock"},{"time":2.3666,"name":"Hit","float":2.5,"string":"resetHitList"},{"time":3.4333,"name":"Sound_1","string":"cri_se_battle_charge_completion"}]}}}