{"skeleton":{"hash":"Uata/IZzcddXm8m0cx/PHILmW5o","spine":"3.0.12","width":0,"height":0},"bones":[{"name":"root"},{"name":"MAIN","parent":"root"},{"name":"HITBOX","parent":"MAIN"},{"name":"EFOffset","parent":"MAIN"},{"name":"bird","parent":"EFOffset"},{"name":"EF_S2_wave1_3","parent":"EFOffset","scaleX":2.5,"scaleY":2.5},{"name":"EF_S2_wave1_2","parent":"EFOffset","scaleX":2.5,"scaleY":2.5},{"name":"EF_S2_wave1_1","parent":"EFOffset","scaleX":2.5,"scaleY":2.5},{"name":"EF_S2_wave3","parent":"EFOffset"},{"name":"EF_S2_wave2","parent":"EFOffset","scaleX":2.5,"scaleY":2.5},{"name":"EF_S2_slash2","parent":"EFOffset","scaleX":2.5,"scaleY":2.5},{"name":"EF_S2_slash1","parent":"EFOffset","scaleX":2.5,"scaleY":2.5},{"name":"EF_S2_power_2","parent":"EFOffset"},{"name":"EF_S2_power_1","parent":"EFOffset"},{"name":"EF_S2_magic","parent":"EFOffset","scaleX":1.5,"scaleY":1.5},{"name":"EF_S2_fire","parent":"EFOffset","scaleX":2.5,"scaleY":2.5},{"name":"EF_S2_ex3","parent":"EFOffset","scaleX":2.5,"scaleY":2.5},{"name":"EF_S2_ex2","parent":"EFOffset","scaleX":2.5,"scaleY":2.5},{"name":"EF_S2_ex1","parent":"EFOffset","scaleX":2.5,"scaleY":2.5},{"name":"EF_S2_dash","parent":"EFOffset","scaleX":3,"scaleY":3},{"name":"EF_EX_wing","parent":"EFOffset","scaleX":2.5,"scaleY":2.5},{"name":"EF_EX_wave_splash","parent":"EFOffset","scaleX":3,"scaleY":3},{"name":"EF_EX_wave_R_3","parent":"EFOffset","scaleX":3.5,"scaleY":3.5},{"name":"EF_EX_wave_R_2","parent":"EFOffset","scaleX":3.5,"scaleY":3.5},{"name":"EF_EX_wave_R_1","parent":"EFOffset","scaleX":3.5,"scaleY":3.5},{"name":"EF_EX_wave_G3","parent":"EFOffset","scaleX":2.5,"scaleY":2.5},{"name":"EF_EX_wave_G2","parent":"EFOffset","scaleX":2.5,"scaleY":2.5},{"name":"EF_EX_wave_G1","parent":"EFOffset","scaleX":2.5,"scaleY":2.5},{"name":"EF_EX_wave","parent":"EFOffset"},{"name":"EF_EX_power1","parent":"EFOffset","scaleX":2.5,"scaleY":2.5},{"name":"EF_EX_magic_Y","parent":"EFOffset","x":0.67,"y":58.15,"scaleX":0.8,"scaleY":0.15,"rotation":30},{"name":"EF_EX_magic_G","parent":"EFOffset","x":-0.69,"y":58.15,"scaleX":0.8,"scaleY":0.15,"rotation":-30},{"name":"DAMAGEAREA","parent":"root"}],"slots":[{"name":"bird","bone":"bird"},{"name":"EF_EX_magic_Y","bone":"EF_EX_magic_Y","blend":"additive"},{"name":"EF_EX_magic_G","bone":"EF_EX_magic_G","blend":"additive"},{"name":"EF_S2_magic","bone":"EF_S2_magic","blend":"additive"},{"name":"EF_EX_wave_R","bone":"EF_EX_wave_R_1","blend":"additive"},{"name":"EF_EX_wave_R2","bone":"EF_EX_wave_R_2","blend":"additive"},{"name":"EF_EX_wave_R3","bone":"EF_EX_wave_R_3","blend":"additive"},{"name":"EF_S2_wave_splash","bone":"EF_EX_wave_splash","blend":"additive"},{"name":"EF_S2_power","bone":"EF_EX_power1","blend":"additive"},{"name":"EF_EX_wave","bone":"EF_EX_wave","blend":"additive"},{"name":"EF/5130_EX1_wave2/5130_EX1_wave2_00003","bone":"EF_EX_wave_G1","blend":"additive"},{"name":"EF/5130_EX1_wave2/5130_EX1_wave2_3","bone":"EF_EX_wave_G2","blend":"additive"},{"name":"EF/5130_EX1_wave2/5130_EX1_wave2_4","bone":"EF_EX_wave_G3","blend":"additive"},{"name":"EF_EX_wing","bone":"EF_EX_wing","blend":"additive"},{"name":"EF/5130_S2_dash1/5130_S2_dash1_00000","bone":"EF_S2_dash","blend":"additive"},{"name":"EF_S2_ex1","bone":"EF_S2_ex1","blend":"additive"},{"name":"EF_S2_ex3","bone":"EF_S2_ex3","blend":"additive"},{"name":"EF_S2_ex2","bone":"EF_S2_ex2","blend":"additive"},{"name":"EF/5130_S2_fire1/5130_S2_fire1_00000","bone":"EF_S2_fire","blend":"additive"},{"name":"EF/5130_S2_power1/5130_S2_power1_00000","bone":"EF_S2_power_1","blend":"additive"},{"name":"EF/5130_S2_power1/5130_S2_power1_0","bone":"EF_S2_power_2","blend":"additive"},{"name":"EF_S2_slash1","bone":"EF_S2_slash1","blend":"additive"},{"name":"EF_S2_slash2","bone":"EF_S2_slash2","blend":"additive"},{"name":"EF_S2_wave","bone":"EF_S2_wave1_1","blend":"additive"},{"name":"EF_S2_wave3","bone":"EF_S2_wave1_2","blend":"additive"},{"name":"EF_S2_wave4","bone":"EF_S2_wave1_3","blend":"additive"},{"name":"EF_S2_wave2","bone":"EF_S2_wave2"},{"name":"EF/5130_S2_wave3/5130_S2_wave3_00000","bone":"EF_S2_wave3","blend":"additive"},{"name":"HITBOX","bone":"HITBOX"},{"name":"DAMAGEAREA","bone":"DAMAGEAREA"}],"skins":{"default":{"DAMAGEAREA":{"DAMAGEAREA":{"type":"boundingbox","vertices":[-31.72265,-33.17871,32.77721,-32.92071,32.0032,31.32115,-31.72265,31.32115]}},"EF/5130_EX1_wave2/5130_EX1_wave2_00003":{"EF/5130_EX1_wave2/5130_EX1_wave2_00003":{"width":250,"height":250},"EF/5130_EX1_wave2/5130_EX1_wave2_00004":{"width":250,"height":250},"EF/5130_EX1_wave2/5130_EX1_wave2_00005":{"width":250,"height":250},"EF/5130_EX1_wave2/5130_EX1_wave2_00006":{"width":250,"height":250}},"EF/5130_EX1_wave2/5130_EX1_wave2_3":{"EF/5130_EX1_wave2/5130_EX1_wave2_00003":{"width":250,"height":250},"EF/5130_EX1_wave2/5130_EX1_wave2_00004":{"width":250,"height":250},"EF/5130_EX1_wave2/5130_EX1_wave2_00005":{"width":250,"height":250},"EF/5130_EX1_wave2/5130_EX1_wave2_00006":{"width":250,"height":250}},"EF/5130_EX1_wave2/5130_EX1_wave2_4":{"EF/5130_EX1_wave2/5130_EX1_wave2_00003":{"width":250,"height":250},"EF/5130_EX1_wave2/5130_EX1_wave2_00004":{"width":250,"height":250},"EF/5130_EX1_wave2/5130_EX1_wave2_00005":{"width":250,"height":250},"EF/5130_EX1_wave2/5130_EX1_wave2_00006":{"width":250,"height":250}},"EF/5130_S2_dash1/5130_S2_dash1_00000":{"EF/5130_S2_dash1/5130_S2_dash1_00000":{"y":22.72,"width":250,"height":250},"EF/5130_S2_dash1/5130_S2_dash1_00001":{"y":22.72,"width":250,"height":250},"EF/5130_S2_dash1/5130_S2_dash1_00002":{"y":22.72,"width":250,"height":250},"EF/5130_S2_dash1/5130_S2_dash1_00003":{"y":22.72,"width":250,"height":250},"EF/5130_S2_dash1/5130_S2_dash1_00004":{"y":22.72,"width":250,"height":250},"EF/5130_S2_dash1/5130_S2_dash1_00005":{"y":22.72,"width":250,"height":250},"EF/5130_S2_dash1/5130_S2_dash1_00006":{"y":22.72,"width":250,"height":250},"EF/5130_S2_dash1/5130_S2_dash1_00007":{"y":22.72,"width":250,"height":250},"EF/5130_S2_dash1/5130_S2_dash1_00008":{"y":22.72,"width":250,"height":250},"EF/5130_S2_dash1/5130_S2_dash1_00009":{"y":22.72,"width":250,"height":250},"EF/5130_S2_dash1/5130_S2_dash1_00010":{"y":22.72,"width":250,"height":250},"EF/5130_S2_dash1/5130_S2_dash1_00011":{"y":22.72,"width":250,"height":250}},"EF/5130_S2_fire1/5130_S2_fire1_00000":{"EF/5130_S2_fire1/5130_S2_fire1_00000":{"x":62.65,"y":31.32,"width":250,"height":250},"EF/5130_S2_fire1/5130_S2_fire1_00001":{"x":62.65,"y":31.32,"width":250,"height":250},"EF/5130_S2_fire1/5130_S2_fire1_00002":{"x":62.65,"y":31.32,"width":250,"height":250},"EF/5130_S2_fire1/5130_S2_fire1_00003":{"x":62.65,"y":31.32,"width":250,"height":250},"EF/5130_S2_fire1/5130_S2_fire1_00004":{"x":62.65,"y":31.32,"width":250,"height":250},"EF/5130_S2_fire1/5130_S2_fire1_00005":{"x":62.65,"y":31.32,"width":250,"height":250},"EF/5130_S2_fire1/5130_S2_fire1_00006":{"x":62.65,"y":31.32,"width":250,"height":250},"EF/5130_S2_fire1/5130_S2_fire1_00007":{"x":62.65,"y":31.32,"width":250,"height":250},"EF/5130_S2_fire1/5130_S2_fire1_00008":{"x":62.65,"y":31.32,"width":250,"height":250}},"EF/5130_S2_power1/5130_S2_power1_0":{"EF/5130_S2_power1/5130_S2_power1_00000":{"width":250,"height":250},"EF/5130_S2_power1/5130_S2_power1_00001":{"width":250,"height":250},"EF/5130_S2_power1/5130_S2_power1_00002":{"width":250,"height":250},"EF/5130_S2_power1/5130_S2_power1_00003":{"width":250,"height":250},"EF/5130_S2_power1/5130_S2_power1_00004":{"width":250,"height":250},"EF/5130_S2_power1/5130_S2_power1_00005":{"width":250,"height":250},"EF/5130_S2_power1/5130_S2_power1_00006":{"width":250,"height":250},"EF/5130_S2_power1/5130_S2_power1_00007":{"width":250,"height":250},"EF/5130_S2_power1/5130_S2_power1_00008":{"width":250,"height":250},"EF/5130_S2_power1/5130_S2_power1_00009":{"width":250,"height":250}},"EF/5130_S2_power1/5130_S2_power1_00000":{"EF/5130_S2_power1/5130_S2_power1_00000":{"width":250,"height":250},"EF/5130_S2_power1/5130_S2_power1_00001":{"width":250,"height":250},"EF/5130_S2_power1/5130_S2_power1_00002":{"width":250,"height":250},"EF/5130_S2_power1/5130_S2_power1_00003":{"width":250,"height":250},"EF/5130_S2_power1/5130_S2_power1_00004":{"width":250,"height":250},"EF/5130_S2_power1/5130_S2_power1_00005":{"width":250,"height":250},"EF/5130_S2_power1/5130_S2_power1_00006":{"width":250,"height":250},"EF/5130_S2_power1/5130_S2_power1_00007":{"width":250,"height":250},"EF/5130_S2_power1/5130_S2_power1_00008":{"width":250,"height":250},"EF/5130_S2_power1/5130_S2_power1_00009":{"width":250,"height":250}},"EF/5130_S2_wave3/5130_S2_wave3_00000":{"EF/5130_S2_wave3/5130_S2_wave3_00000":{"x":2.39,"width":250,"height":250},"EF/5130_S2_wave3/5130_S2_wave3_00001":{"x":2.39,"width":250,"height":250},"EF/5130_S2_wave3/5130_S2_wave3_00002":{"x":2.39,"width":250,"height":250},"EF/5130_S2_wave3/5130_S2_wave3_00003":{"x":2.39,"width":250,"height":250},"EF/5130_S2_wave3/5130_S2_wave3_00004":{"x":2.39,"width":250,"height":250},"EF/5130_S2_wave3/5130_S2_wave3_00005":{"x":2.39,"width":250,"height":250}},"EF_EX_magic_G":{"EF/5130_EX1_magic2":{"type":"mesh","uvs":[1,1,0,1,0,0,1,0],"triangles":[1,2,3,1,3,0],"vertices":[183,-183,-183,-183,-183,183,183,183],"hull":4}},"EF_EX_magic_Y":{"EF/5130_EX1_magic1":{"type":"mesh","uvs":[1,1,0,1,0,0,1,0],"triangles":[1,2,3,1,3,0],"vertices":[183,-183,-183,-183,-183,183,183,183],"hull":4}},"EF_EX_wave":{"EF/5130_EX1_wave1/5130_EX1_wave1_00007":{"width":250,"height":250},"EF/5130_EX1_wave1/5130_EX1_wave1_00008":{"width":250,"height":250},"EF/5130_EX1_wave1/5130_EX1_wave1_00009":{"width":250,"height":250},"EF/5130_EX1_wave1/5130_EX1_wave1_00010":{"width":250,"height":250},"EF/5130_EX1_wave1/5130_EX1_wave1_00011":{"width":250,"height":250},"EF/5130_EX1_wave1/5130_EX1_wave1_00012":{"width":250,"height":250},"EF/5130_EX1_wave1/5130_EX1_wave1_00013":{"width":250,"height":250},"EF/5130_EX1_wave1/5130_EX1_wave1_00014":{"width":250,"height":250},"EF/5130_EX1_wave1/5130_EX1_wave1_00015":{"width":250,"height":250},"EF/5130_EX1_wave1/5130_EX1_wave1_00016":{"width":250,"height":250},"EF/5130_EX1_wave1/5130_EX1_wave1_00017":{"width":250,"height":250},"EF/5130_EX1_wave1/5130_EX1_wave1_00018":{"width":250,"height":250},"EF/5130_EX1_wave1/5130_EX1_wave1_00019":{"width":250,"height":250},"EF/5130_EX1_wave1/5130_EX1_wave1_00020":{"width":250,"height":250}},"EF_EX_wave_R":{"EF/5100_S2_wave2/5100_S2_wave2_00001":{"width":250,"height":250},"EF/5100_S2_wave2/5100_S2_wave2_00002":{"width":250,"height":250},"EF/5100_S2_wave2/5100_S2_wave2_00003":{"width":250,"height":250},"EF/5100_S2_wave2/5100_S2_wave2_00004":{"width":250,"height":250},"EF/5100_S2_wave2/5100_S2_wave2_00005":{"width":250,"height":250},"EF/5100_S2_wave2/5100_S2_wave2_00006":{"width":250,"height":250},"EF/5100_S2_wave2/5100_S2_wave2_00007":{"width":250,"height":250},"EF/5100_S2_wave2/5100_S2_wave2_00008":{"width":250,"height":250},"EF/5100_S2_wave2/5100_S2_wave2_00009":{"width":250,"height":250}},"EF_EX_wave_R2":{"EF/5100_S2_wave2/5100_S2_wave2_00001":{"width":250,"height":250},"EF/5100_S2_wave2/5100_S2_wave2_00002":{"width":250,"height":250},"EF/5100_S2_wave2/5100_S2_wave2_00003":{"width":250,"height":250},"EF/5100_S2_wave2/5100_S2_wave2_00004":{"width":250,"height":250},"EF/5100_S2_wave2/5100_S2_wave2_00005":{"width":250,"height":250},"EF/5100_S2_wave2/5100_S2_wave2_00006":{"width":250,"height":250},"EF/5100_S2_wave2/5100_S2_wave2_00007":{"width":250,"height":250},"EF/5100_S2_wave2/5100_S2_wave2_00008":{"width":250,"height":250},"EF/5100_S2_wave2/5100_S2_wave2_00009":{"width":250,"height":250}},"EF_EX_wave_R3":{"EF/5100_S2_wave2/5100_S2_wave2_00001":{"width":250,"height":250},"EF/5100_S2_wave2/5100_S2_wave2_00002":{"width":250,"height":250},"EF/5100_S2_wave2/5100_S2_wave2_00003":{"width":250,"height":250},"EF/5100_S2_wave2/5100_S2_wave2_00004":{"width":250,"height":250},"EF/5100_S2_wave2/5100_S2_wave2_00005":{"width":250,"height":250},"EF/5100_S2_wave2/5100_S2_wave2_00006":{"width":250,"height":250},"EF/5100_S2_wave2/5100_S2_wave2_00007":{"width":250,"height":250},"EF/5100_S2_wave2/5100_S2_wave2_00008":{"width":250,"height":250},"EF/5100_S2_wave2/5100_S2_wave2_00009":{"width":250,"height":250}},"EF_EX_wing":{"EF/5130_EX1_wing1/5130_EX1_wing1_00001":{"width":250,"height":250},"EF/5130_EX1_wing1/5130_EX1_wing1_00002":{"width":250,"height":250},"EF/5130_EX1_wing1/5130_EX1_wing1_00003":{"width":250,"height":250},"EF/5130_EX1_wing1/5130_EX1_wing1_00004":{"width":250,"height":250},"EF/5130_EX1_wing1/5130_EX1_wing1_00005":{"width":250,"height":250},"EF/5130_EX1_wing1/5130_EX1_wing1_00006":{"width":250,"height":250},"EF/5130_EX1_wing1/5130_EX1_wing1_00007":{"width":250,"height":250},"EF/5130_EX1_wing1/5130_EX1_wing1_00008":{"width":250,"height":250},"EF/5130_EX1_wing1/5130_EX1_wing1_00009":{"width":250,"height":250},"EF/5130_EX1_wing1/5130_EX1_wing1_00010":{"width":250,"height":250},"EF/5130_EX1_wing1/5130_EX1_wing1_00011":{"width":250,"height":250},"EF/5130_EX1_wing1/5130_EX1_wing1_00012":{"width":250,"height":250},"EF/5130_EX1_wing1/5130_EX1_wing1_00013":{"width":250,"height":250},"EF/5130_EX1_wing1/5130_EX1_wing1_00014":{"width":250,"height":250},"EF/5130_EX1_wing1/5130_EX1_wing1_00015":{"width":250,"height":250},"EF/5130_EX1_wing1/5130_EX1_wing1_00016":{"width":250,"height":250},"EF/5130_EX1_wing1/5130_EX1_wing1_00017":{"width":250,"height":250},"EF/5130_EX1_wing1/5130_EX1_wing1_00018":{"width":250,"height":250},"EF/5130_EX1_wing1/5130_EX1_wing1_00019":{"width":250,"height":250},"EF/5130_EX1_wing1/5130_EX1_wing1_00020":{"width":250,"height":250},"EF/5130_EX1_wing1/5130_EX1_wing1_00021":{"width":250,"height":250},"EF/5130_EX1_wing1/5130_EX1_wing1_00022":{"width":250,"height":250},"EF/5130_EX1_wing1/5130_EX1_wing1_00023":{"width":250,"height":250},"EF/5130_EX1_wing1/5130_EX1_wing1_00024":{"width":250,"height":250},"EF/5130_EX1_wing1/5130_EX1_wing1_00025":{"width":250,"height":250}},"EF_S2_ex1":{"EF/5130_S2_ex1/5130_S2_ex1_00000":{"x":2.15,"y":11.86,"width":250,"height":250},"EF/5130_S2_ex1/5130_S2_ex1_00001":{"x":2.15,"y":11.86,"width":250,"height":250},"EF/5130_S2_ex1/5130_S2_ex1_00002":{"x":2.15,"y":11.86,"width":250,"height":250},"EF/5130_S2_ex1/5130_S2_ex1_00003":{"x":2.15,"y":11.86,"width":250,"height":250},"EF/5130_S2_ex1/5130_S2_ex1_00004":{"x":2.15,"y":11.86,"width":250,"height":250},"EF/5130_S2_ex1/5130_S2_ex1_00005":{"x":2.15,"y":11.86,"width":250,"height":250},"EF/5130_S2_ex1/5130_S2_ex1_00006":{"x":2.15,"y":11.86,"width":250,"height":250},"EF/5130_S2_ex1/5130_S2_ex1_00007":{"x":2.15,"y":11.86,"width":250,"height":250},"EF/5130_S2_ex1/5130_S2_ex1_00008":{"x":2.15,"y":11.86,"width":250,"height":250},"EF/5130_S2_ex1/5130_S2_ex1_00009":{"x":2.15,"y":11.86,"width":250,"height":250},"EF/5130_S2_ex1/5130_S2_ex1_00010":{"x":2.15,"y":11.86,"width":250,"height":250},"EF/5130_S2_ex1/5130_S2_ex1_00011":{"x":2.15,"y":11.86,"width":250,"height":250},"EF/5130_S2_ex1/5130_S2_ex1_00012":{"x":2.15,"y":11.86,"width":250,"height":250}},"EF_S2_ex2":{"EF/5130_S2_ex1/5130_S2_ex1_00000":{"x":2.15,"y":11.86,"width":250,"height":250},"EF/5130_S2_ex1/5130_S2_ex1_00001":{"x":2.15,"y":11.86,"width":250,"height":250},"EF/5130_S2_ex1/5130_S2_ex1_00002":{"x":2.15,"y":11.86,"width":250,"height":250},"EF/5130_S2_ex1/5130_S2_ex1_00003":{"x":2.15,"y":11.86,"width":250,"height":250},"EF/5130_S2_ex1/5130_S2_ex1_00004":{"x":2.15,"y":11.86,"width":250,"height":250},"EF/5130_S2_ex1/5130_S2_ex1_00005":{"x":2.15,"y":11.86,"width":250,"height":250},"EF/5130_S2_ex1/5130_S2_ex1_00006":{"x":2.15,"y":11.86,"width":250,"height":250},"EF/5130_S2_ex1/5130_S2_ex1_00007":{"x":2.15,"y":11.86,"width":250,"height":250},"EF/5130_S2_ex1/5130_S2_ex1_00008":{"x":2.15,"y":11.86,"width":250,"height":250},"EF/5130_S2_ex1/5130_S2_ex1_00009":{"x":2.15,"y":11.86,"width":250,"height":250},"EF/5130_S2_ex1/5130_S2_ex1_00010":{"x":2.15,"y":11.86,"width":250,"height":250},"EF/5130_S2_ex1/5130_S2_ex1_00011":{"x":2.15,"y":11.86,"width":250,"height":250},"EF/5130_S2_ex1/5130_S2_ex1_00012":{"x":2.15,"y":11.86,"width":250,"height":250}},"EF_S2_ex3":{"EF/5130_S2_ex1/5130_S2_ex1_00000":{"x":2.15,"y":11.86,"width":250,"height":250},"EF/5130_S2_ex1/5130_S2_ex1_00001":{"x":2.15,"y":11.86,"width":250,"height":250},"EF/5130_S2_ex1/5130_S2_ex1_00002":{"x":2.15,"y":11.86,"width":250,"height":250},"EF/5130_S2_ex1/5130_S2_ex1_00003":{"x":2.15,"y":11.86,"width":250,"height":250},"EF/5130_S2_ex1/5130_S2_ex1_00004":{"x":2.15,"y":11.86,"width":250,"height":250},"EF/5130_S2_ex1/5130_S2_ex1_00005":{"x":2.15,"y":11.86,"width":250,"height":250},"EF/5130_S2_ex1/5130_S2_ex1_00006":{"x":2.15,"y":11.86,"width":250,"height":250},"EF/5130_S2_ex1/5130_S2_ex1_00007":{"x":2.15,"y":11.86,"width":250,"height":250},"EF/5130_S2_ex1/5130_S2_ex1_00008":{"x":2.15,"y":11.86,"width":250,"height":250},"EF/5130_S2_ex1/5130_S2_ex1_00009":{"x":2.15,"y":11.86,"width":250,"height":250},"EF/5130_S2_ex1/5130_S2_ex1_00010":{"x":2.15,"y":11.86,"width":250,"height":250},"EF/5130_S2_ex1/5130_S2_ex1_00011":{"x":2.15,"y":11.86,"width":250,"height":250},"EF/5130_S2_ex1/5130_S2_ex1_00012":{"x":2.15,"y":11.86,"width":250,"height":250}},"EF_S2_magic":{"EF/magic_3nature2":{"type":"mesh","uvs":[1,1,0,1,0,0,1,0],"triangles":[1,2,3,1,3,0],"vertices":[150,-150,-150,-150,-150,150,150,150],"hull":4}},"EF_S2_power":{"EF/5130_EX1_power1/5130_EX1_power1_00000":{"width":250,"height":250},"EF/5130_EX1_power1/5130_EX1_power1_00001":{"width":250,"height":250},"EF/5130_EX1_power1/5130_EX1_power1_00002":{"width":250,"height":250},"EF/5130_EX1_power1/5130_EX1_power1_00003":{"width":250,"height":250},"EF/5130_EX1_power1/5130_EX1_power1_00004":{"width":250,"height":250},"EF/5130_EX1_power1/5130_EX1_power1_00005":{"width":250,"height":250},"EF/5130_EX1_power1/5130_EX1_power1_00006":{"width":250,"height":250},"EF/5130_EX1_power1/5130_EX1_power1_00007":{"width":250,"height":250},"EF/5130_EX1_power1/5130_EX1_power1_00008":{"width":250,"height":250},"EF/5130_EX1_power1/5130_EX1_power1_00009":{"width":250,"height":250},"EF/5130_EX1_power1/5130_EX1_power1_00010":{"width":250,"height":250},"EF/5130_EX1_power1/5130_EX1_power1_00011":{"width":250,"height":250},"EF/5130_EX1_power1/5130_EX1_power1_00012":{"width":250,"height":250},"EF/5130_EX1_power1/5130_EX1_power1_00013":{"width":250,"height":250},"EF/5130_EX1_power1/5130_EX1_power1_00014":{"width":250,"height":250},"EF/5130_EX1_power1/5130_EX1_power1_00015":{"width":250,"height":250},"EF/5130_EX1_power1/5130_EX1_power1_00016":{"width":250,"height":250},"EF/5130_EX1_power1/5130_EX1_power1_00017":{"width":250,"height":250},"EF/5130_EX1_power1/5130_EX1_power1_00018":{"width":250,"height":250},"EF/5130_EX1_power1/5130_EX1_power1_00019":{"width":250,"height":250}},"EF_S2_slash1":{"EF/5130_S2_slash1/5130_S2_slash1_00000":{"width":250,"height":250},"EF/5130_S2_slash1/5130_S2_slash1_00001":{"width":250,"height":250},"EF/5130_S2_slash1/5130_S2_slash1_00002":{"width":250,"height":250},"EF/5130_S2_slash1/5130_S2_slash1_00003":{"width":250,"height":250},"EF/5130_S2_slash1/5130_S2_slash1_00004":{"width":250,"height":250},"EF/5130_S2_slash1/5130_S2_slash1_00005":{"width":250,"height":250}},"EF_S2_slash2":{"EF/5130_S2_slash2/5130_S2_slash2_00000":{"x":16.66,"y":8.9,"width":250,"height":250},"EF/5130_S2_slash2/5130_S2_slash2_00001":{"x":16.66,"y":8.9,"width":250,"height":250},"EF/5130_S2_slash2/5130_S2_slash2_00002":{"x":16.66,"y":8.9,"width":250,"height":250},"EF/5130_S2_slash2/5130_S2_slash2_00003":{"x":16.66,"y":8.9,"width":250,"height":250},"EF/5130_S2_slash2/5130_S2_slash2_00004":{"x":16.66,"y":8.9,"width":250,"height":250}},"EF_S2_wave":{"EF/5130_S2_wave1/5130_S2_wave1_00000":{"y":5.43,"width":250,"height":250},"EF/5130_S2_wave1/5130_S2_wave1_00001":{"y":5.43,"width":250,"height":250},"EF/5130_S2_wave1/5130_S2_wave1_00002":{"y":5.43,"width":250,"height":250},"EF/5130_S2_wave1/5130_S2_wave1_00003":{"y":5.43,"width":250,"height":250},"EF/5130_S2_wave1/5130_S2_wave1_00004":{"y":5.43,"width":250,"height":250},"EF/5130_S2_wave1/5130_S2_wave1_00005":{"y":5.43,"width":250,"height":250},"EF/5130_S2_wave1/5130_S2_wave1_00006":{"y":5.43,"width":250,"height":250},"EF/5130_S2_wave1/5130_S2_wave1_00007":{"y":5.43,"width":250,"height":250},"EF/5130_S2_wave1/5130_S2_wave1_00008":{"y":5.43,"width":250,"height":250},"EF/5130_S2_wave1/5130_S2_wave1_00009":{"y":5.43,"width":250,"height":250},"EF/5130_S2_wave1/5130_S2_wave1_00010":{"y":5.43,"width":250,"height":250}},"EF_S2_wave2":{"EF/5130_S2_wave2/5130_S2_wave2_00002":{"y":4.13,"width":250,"height":250},"EF/5130_S2_wave2/5130_S2_wave2_00003":{"y":4.13,"width":250,"height":250},"EF/5130_S2_wave2/5130_S2_wave2_00004":{"y":4.13,"width":250,"height":250},"EF/5130_S2_wave2/5130_S2_wave2_00005":{"y":4.13,"width":250,"height":250},"EF/5130_S2_wave2/5130_S2_wave2_00006":{"y":4.13,"width":250,"height":250},"EF/5130_S2_wave2/5130_S2_wave2_00007":{"y":4.13,"width":250,"height":250},"EF/5130_S2_wave2/5130_S2_wave2_00008":{"y":4.13,"width":250,"height":250},"EF/5130_S2_wave2/5130_S2_wave2_00009":{"y":4.13,"width":250,"height":250},"EF/5130_S2_wave2/5130_S2_wave2_00010":{"y":4.13,"width":250,"height":250},"EF/5130_S2_wave2/5130_S2_wave2_00011":{"y":4.13,"width":250,"height":250}},"EF_S2_wave3":{"EF/5130_S2_wave1/5130_S2_wave1_00000":{"y":5.43,"width":250,"height":250},"EF/5130_S2_wave1/5130_S2_wave1_00001":{"y":5.43,"width":250,"height":250},"EF/5130_S2_wave1/5130_S2_wave1_00002":{"y":5.43,"width":250,"height":250},"EF/5130_S2_wave1/5130_S2_wave1_00003":{"y":5.43,"width":250,"height":250},"EF/5130_S2_wave1/5130_S2_wave1_00004":{"y":5.43,"width":250,"height":250},"EF/5130_S2_wave1/5130_S2_wave1_00005":{"y":5.43,"width":250,"height":250},"EF/5130_S2_wave1/5130_S2_wave1_00006":{"y":5.43,"width":250,"height":250},"EF/5130_S2_wave1/5130_S2_wave1_00007":{"y":5.43,"width":250,"height":250},"EF/5130_S2_wave1/5130_S2_wave1_00008":{"y":5.43,"width":250,"height":250},"EF/5130_S2_wave1/5130_S2_wave1_00009":{"y":5.43,"width":250,"height":250},"EF/5130_S2_wave1/5130_S2_wave1_00010":{"y":5.43,"width":250,"height":250}},"EF_S2_wave4":{"EF/5130_S2_wave1/5130_S2_wave1_00000":{"y":5.43,"width":250,"height":250},"EF/5130_S2_wave1/5130_S2_wave1_00001":{"y":5.43,"width":250,"height":250},"EF/5130_S2_wave1/5130_S2_wave1_00002":{"y":5.43,"width":250,"height":250},"EF/5130_S2_wave1/5130_S2_wave1_00003":{"y":5.43,"width":250,"height":250},"EF/5130_S2_wave1/5130_S2_wave1_00004":{"y":5.43,"width":250,"height":250},"EF/5130_S2_wave1/5130_S2_wave1_00005":{"y":5.43,"width":250,"height":250},"EF/5130_S2_wave1/5130_S2_wave1_00006":{"y":5.43,"width":250,"height":250},"EF/5130_S2_wave1/5130_S2_wave1_00007":{"y":5.43,"width":250,"height":250},"EF/5130_S2_wave1/5130_S2_wave1_00008":{"y":5.43,"width":250,"height":250},"EF/5130_S2_wave1/5130_S2_wave1_00009":{"y":5.43,"width":250,"height":250},"EF/5130_S2_wave1/5130_S2_wave1_00010":{"y":5.43,"width":250,"height":250}},"EF_S2_wave_splash":{"EF/5100_S2_wave3/5100_S2_wave3_00002":{"width":250,"height":250},"EF/5100_S2_wave3/5100_S2_wave3_00003":{"width":250,"height":250},"EF/5100_S2_wave3/5100_S2_wave3_00004":{"width":250,"height":250},"EF/5100_S2_wave3/5100_S2_wave3_00005":{"width":250,"height":250},"EF/5100_S2_wave3/5100_S2_wave3_00006":{"width":250,"height":250},"EF/5100_S2_wave3/5100_S2_wave3_00007":{"width":250,"height":250},"EF/5100_S2_wave3/5100_S2_wave3_00008":{"width":250,"height":250}},"HITBOX":{"HITBOX":{"type":"boundingbox","vertices":[-32.00266,-32.31404,31.68732,-32.31404,32.67733,31.70595,-31.34265,32.03595]}},"bird":{"EF/bird/attack_00":{"width":132,"height":140},"EF/bird/attack_01":{"width":132,"height":140},"EF/bird/attack_02":{"width":132,"height":140},"EF/bird/attack_03":{"width":132,"height":140},"EF/bird/idle_00":{"width":132,"height":140},"EF/bird/idle_01":{"width":132,"height":140},"EF/bird/idle_02":{"x":-8.18,"width":132,"height":140}}}},"events":{"EFEvent":{},"Sound1":{}},"animations":{"2-attack1":{"slots":{"EF/5130_S2_power1/5130_S2_power1_00000":{"attachment":[{"time":0.5,"name":"EF/5130_S2_power1/5130_S2_power1_00000"},{"time":0.5333,"name":"EF/5130_S2_power1/5130_S2_power1_00001"},{"time":0.5666,"name":"EF/5130_S2_power1/5130_S2_power1_00002"},{"time":0.6,"name":"EF/5130_S2_power1/5130_S2_power1_00003"},{"time":0.6333,"name":"EF/5130_S2_power1/5130_S2_power1_00004"},{"time":0.6666,"name":"EF/5130_S2_power1/5130_S2_power1_00005"},{"time":0.7,"name":"EF/5130_S2_power1/5130_S2_power1_00006"},{"time":0.7333,"name":"EF/5130_S2_power1/5130_S2_power1_00007"},{"time":0.7666,"name":"EF/5130_S2_power1/5130_S2_power1_00008"},{"time":0.8,"name":"EF/5130_S2_power1/5130_S2_power1_00009"},{"time":0.8333,"name":null}]},"EF/5130_S2_wave3/5130_S2_wave3_00000":{"attachment":[{"time":0.5333,"name":"EF/5130_S2_wave3/5130_S2_wave3_00000"},{"time":0.5666,"name":"EF/5130_S2_wave3/5130_S2_wave3_00001"},{"time":0.6,"name":"EF/5130_S2_wave3/5130_S2_wave3_00002"},{"time":0.6333,"name":"EF/5130_S2_wave3/5130_S2_wave3_00003"},{"time":0.6666,"name":"EF/5130_S2_wave3/5130_S2_wave3_00004"},{"time":0.7,"name":"EF/5130_S2_wave3/5130_S2_wave3_00005"},{"time":0.7333,"name":null}]},"EF_S2_magic":{"attachment":[{"time":0.5,"name":"EF/magic_3nature2"}],"color":[{"time":0.7333,"color":"ffffffff","curve":[0.25,0,0.861,0.12]},{"time":0.8333,"color":"ffffff00"}]}},"bones":{"EF_S2_magic":{"translate":[{"time":0.5,"x":-74.64,"y":77.68}],"scale":[{"time":0.5,"x":0.114,"y":0.567}]},"EF_S2_wave3":{"translate":[{"time":0.5333,"x":-78.65,"y":86.63}],"scale":[{"time":0.5333,"x":3.521,"y":3.521}]},"EF_S2_power_1":{"translate":[{"time":0.5,"x":-74.63,"y":78.37}],"scale":[{"time":0.5,"x":3,"y":3}]}},"ffd":{"default":{"EF_S2_magic":{"EF/magic_3nature2":[{"time":0.5},{"time":0.8,"vertices":[-46.15802,-34.95229,-34.95044,46.16041,46.16223,34.95281,34.95453,-46.15987]}]}}},"events":[{"time":1.5666,"name":"Sound1"}]},"2-attack2":{"slots":{"EF/5130_S2_power1/5130_S2_power1_00000":{"attachment":[{"time":0.5,"name":"EF/5130_S2_power1/5130_S2_power1_00000"},{"time":0.5333,"name":"EF/5130_S2_power1/5130_S2_power1_00001"},{"time":0.5666,"name":"EF/5130_S2_power1/5130_S2_power1_00002"},{"time":0.6,"name":"EF/5130_S2_power1/5130_S2_power1_00003"},{"time":0.6333,"name":"EF/5130_S2_power1/5130_S2_power1_00004"},{"time":0.6666,"name":"EF/5130_S2_power1/5130_S2_power1_00005"},{"time":0.7,"name":"EF/5130_S2_power1/5130_S2_power1_00006"},{"time":0.7333,"name":"EF/5130_S2_power1/5130_S2_power1_00007"},{"time":0.7666,"name":"EF/5130_S2_power1/5130_S2_power1_00008"},{"time":0.8,"name":"EF/5130_S2_power1/5130_S2_power1_00009"},{"time":0.8333,"name":null}]},"EF/5130_S2_wave3/5130_S2_wave3_00000":{"attachment":[{"time":0.5333,"name":"EF/5130_S2_wave3/5130_S2_wave3_00000"},{"time":0.5666,"name":"EF/5130_S2_wave3/5130_S2_wave3_00001"},{"time":0.6,"name":"EF/5130_S2_wave3/5130_S2_wave3_00002"},{"time":0.6333,"name":"EF/5130_S2_wave3/5130_S2_wave3_00003"},{"time":0.6666,"name":"EF/5130_S2_wave3/5130_S2_wave3_00004"},{"time":0.7,"name":"EF/5130_S2_wave3/5130_S2_wave3_00005"},{"time":0.7333,"name":null}]},"EF_S2_magic":{"attachment":[{"time":0.5,"name":"EF/magic_3nature2"},{"time":0.8,"name":null}],"color":[{"time":0.5,"color":"ffffff00"},{"time":0.7333,"color":"ffffffff","curve":[0.25,0,0.861,0.12]},{"time":0.8,"color":"ffffff00"}]}},"bones":{"EF_S2_magic":{"translate":[{"time":0,"x":-74.64,"y":77.68,"curve":"stepped"},{"time":0.5,"x":-74.64,"y":77.68}],"scale":[{"time":0,"x":0.114,"y":0.567,"curve":"stepped"},{"time":0.5,"x":0.146,"y":0.728}]},"EF_S2_wave3":{"translate":[{"time":0,"x":-78.65,"y":86.63,"curve":"stepped"},{"time":0.5,"x":-78.65,"y":86.63}],"scale":[{"time":0,"x":3.521,"y":3.521,"curve":"stepped"},{"time":0.5,"x":4.518,"y":4.518}]},"EF_S2_power_1":{"translate":[{"time":0,"x":-74.63,"y":78.37,"curve":"stepped"},{"time":0.5,"x":-74.63,"y":78.37}],"scale":[{"time":0,"x":3,"y":3,"curve":"stepped"},{"time":0.5,"x":3.849,"y":3.849}]}},"ffd":{"default":{"EF_S2_magic":{"EF/magic_3nature2":[{"time":0.5},{"time":0.8,"vertices":[-46.15802,-34.95229,-34.95044,46.16041,46.16223,34.95281,34.95453,-46.15987]}]}}}},"2-attack3":{"slots":{"EF_S2_ex2":{"attachment":[{"time":0.4333,"name":"EF/5130_S2_ex1/5130_S2_ex1_00000"},{"time":0.4666,"name":"EF/5130_S2_ex1/5130_S2_ex1_00001"},{"time":0.5,"name":"EF/5130_S2_ex1/5130_S2_ex1_00002"},{"time":0.5333,"name":"EF/5130_S2_ex1/5130_S2_ex1_00003"},{"time":0.5666,"name":"EF/5130_S2_ex1/5130_S2_ex1_00004"},{"time":0.6,"name":"EF/5130_S2_ex1/5130_S2_ex1_00005"},{"time":0.6333,"name":"EF/5130_S2_ex1/5130_S2_ex1_00006"},{"time":0.6666,"name":"EF/5130_S2_ex1/5130_S2_ex1_00007"},{"time":0.7,"name":"EF/5130_S2_ex1/5130_S2_ex1_00008"},{"time":0.7333,"name":"EF/5130_S2_ex1/5130_S2_ex1_00009"},{"time":0.7666,"name":"EF/5130_S2_ex1/5130_S2_ex1_00010"},{"time":0.8,"name":"EF/5130_S2_ex1/5130_S2_ex1_00011"},{"time":0.8333,"name":"EF/5130_S2_ex1/5130_S2_ex1_00012"},{"time":0.9,"name":null}],"color":[{"time":0.8333,"color":"ffffffff"},{"time":0.9,"color":"ffffff00"}]},"EF_S2_slash2":{"attachment":[{"time":0.4333,"name":"EF/5130_S2_slash2/5130_S2_slash2_00000"},{"time":0.4666,"name":"EF/5130_S2_slash2/5130_S2_slash2_00001"},{"time":0.5,"name":"EF/5130_S2_slash2/5130_S2_slash2_00002"},{"time":0.5333,"name":"EF/5130_S2_slash2/5130_S2_slash2_00003"},{"time":0.5666,"name":"EF/5130_S2_slash2/5130_S2_slash2_00004"},{"time":0.6,"name":null}]},"EF_S2_wave3":{"attachment":[{"time":0.4333,"name":"EF/5130_S2_wave1/5130_S2_wave1_00000"},{"time":0.4666,"name":"EF/5130_S2_wave1/5130_S2_wave1_00001"},{"time":0.5,"name":"EF/5130_S2_wave1/5130_S2_wave1_00002"},{"time":0.5333,"name":"EF/5130_S2_wave1/5130_S2_wave1_00003"},{"time":0.5666,"name":"EF/5130_S2_wave1/5130_S2_wave1_00004"},{"time":0.6,"name":"EF/5130_S2_wave1/5130_S2_wave1_00005"},{"time":0.6333,"name":"EF/5130_S2_wave1/5130_S2_wave1_00006"},{"time":0.6666,"name":"EF/5130_S2_wave1/5130_S2_wave1_00007"},{"time":0.7,"name":"EF/5130_S2_wave1/5130_S2_wave1_00008"},{"time":0.7333,"name":"EF/5130_S2_wave1/5130_S2_wave1_00009"},{"time":0.7666,"name":"EF/5130_S2_wave1/5130_S2_wave1_00010"},{"time":0.8333,"name":null}],"color":[{"time":0.7666,"color":"ffffffff"},{"time":0.8333,"color":"ffffff00"}]}},"bones":{"EF_S2_slash2":{"rotate":[{"time":0.4333,"angle":38.05}],"translate":[{"time":0.4333,"x":-84.13,"y":49.7}],"scale":[{"time":0.4333,"x":1,"y":-1.025}]},"EF_S2_ex2":{"translate":[{"time":0.4333,"x":-113.33,"y":-4.37}],"scale":[{"time":0.8666,"x":1.097,"y":1.097}]},"EF_S2_wave1_2":{"translate":[{"time":0.4333,"x":-117.99,"y":-4.37}],"scale":[{"time":0.8,"x":1.049,"y":1.049}]},"EF_S2_wave1_1":{"translate":[{"time":0.4333,"x":256.22,"y":-4.37}]},"EF_S2_ex1":{"translate":[{"time":0.4333,"x":256.22,"y":-4.37}]}}},"2-attack4":{"slots":{"EF/5130_S2_power1/5130_S2_power1_00000":{"attachment":[{"time":0.5,"name":"EF/5130_S2_power1/5130_S2_power1_00000"},{"time":0.5333,"name":"EF/5130_S2_power1/5130_S2_power1_00001"},{"time":0.5666,"name":"EF/5130_S2_power1/5130_S2_power1_00002"},{"time":0.6,"name":"EF/5130_S2_power1/5130_S2_power1_00003"},{"time":0.6333,"name":"EF/5130_S2_power1/5130_S2_power1_00004"},{"time":0.6666,"name":"EF/5130_S2_power1/5130_S2_power1_00005"},{"time":0.7,"name":"EF/5130_S2_power1/5130_S2_power1_00006"},{"time":0.7333,"name":"EF/5130_S2_power1/5130_S2_power1_00007"},{"time":0.7666,"name":"EF/5130_S2_power1/5130_S2_power1_00008"},{"time":0.8,"name":"EF/5130_S2_power1/5130_S2_power1_00009"},{"time":0.8333,"name":null}]},"EF/5130_S2_wave3/5130_S2_wave3_00000":{"attachment":[{"time":0.5333,"name":"EF/5130_S2_wave3/5130_S2_wave3_00000"},{"time":0.5666,"name":"EF/5130_S2_wave3/5130_S2_wave3_00001"},{"time":0.6,"name":"EF/5130_S2_wave3/5130_S2_wave3_00002"},{"time":0.6333,"name":"EF/5130_S2_wave3/5130_S2_wave3_00003"},{"time":0.6666,"name":"EF/5130_S2_wave3/5130_S2_wave3_00004"},{"time":0.7,"name":"EF/5130_S2_wave3/5130_S2_wave3_00005"},{"time":0.7333,"name":null}]},"EF_S2_magic":{"attachment":[{"time":0.5,"name":"EF/magic_3nature2"},{"time":0.8,"name":null}],"color":[{"time":0.5,"color":"ffffff00"},{"time":0.7333,"color":"ffffffff","curve":[0.25,0,0.861,0.12]},{"time":0.8,"color":"ffffff00"}]}},"bones":{"EF_S2_magic":{"translate":[{"time":0,"x":-74.64,"y":77.68,"curve":"stepped"},{"time":0.5,"x":-74.64,"y":77.68}],"scale":[{"time":0,"x":0.114,"y":0.567,"curve":"stepped"},{"time":0.5,"x":0.146,"y":0.728}]},"EF_S2_wave3":{"translate":[{"time":0,"x":-78.65,"y":86.63,"curve":"stepped"},{"time":0.5,"x":-78.65,"y":86.63}],"scale":[{"time":0,"x":3.521,"y":3.521,"curve":"stepped"},{"time":0.5,"x":4.518,"y":4.518}]},"EF_S2_power_1":{"translate":[{"time":0,"x":-74.63,"y":78.37,"curve":"stepped"},{"time":0.5,"x":-74.63,"y":78.37}],"scale":[{"time":0,"x":3,"y":3,"curve":"stepped"},{"time":0.5,"x":3.849,"y":3.849}]}},"ffd":{"default":{"EF_S2_magic":{"EF/magic_3nature2":[{"time":0.5},{"time":0.8,"vertices":[-46.15802,-34.95229,-34.95044,46.16041,46.16223,34.95281,34.95453,-46.15987]}]}}}},"2-skill2":{"slots":{"EF/5130_S2_dash1/5130_S2_dash1_00000":{"attachment":[{"time":0.3333,"name":"EF/5130_S2_dash1/5130_S2_dash1_00000"},{"time":0.3666,"name":"EF/5130_S2_dash1/5130_S2_dash1_00001"},{"time":0.4,"name":"EF/5130_S2_dash1/5130_S2_dash1_00002"},{"time":0.4333,"name":"EF/5130_S2_dash1/5130_S2_dash1_00003"},{"time":0.4666,"name":"EF/5130_S2_dash1/5130_S2_dash1_00004"},{"time":0.5,"name":"EF/5130_S2_dash1/5130_S2_dash1_00005"},{"time":0.5333,"name":"EF/5130_S2_dash1/5130_S2_dash1_00006"},{"time":0.5666,"name":"EF/5130_S2_dash1/5130_S2_dash1_00007"},{"time":0.6,"name":"EF/5130_S2_dash1/5130_S2_dash1_00008"},{"time":0.6333,"name":"EF/5130_S2_dash1/5130_S2_dash1_00009"},{"time":0.6666,"name":"EF/5130_S2_dash1/5130_S2_dash1_00010"},{"time":0.7,"name":"EF/5130_S2_dash1/5130_S2_dash1_00011"},{"time":0.7666,"name":null},{"time":1,"name":"EF/5130_S2_dash1/5130_S2_dash1_00000"},{"time":1.0333,"name":"EF/5130_S2_dash1/5130_S2_dash1_00001"},{"time":1.0666,"name":"EF/5130_S2_dash1/5130_S2_dash1_00002"},{"time":1.1,"name":"EF/5130_S2_dash1/5130_S2_dash1_00003"},{"time":1.1333,"name":"EF/5130_S2_dash1/5130_S2_dash1_00004"},{"time":1.1666,"name":"EF/5130_S2_dash1/5130_S2_dash1_00005"},{"time":1.2,"name":"EF/5130_S2_dash1/5130_S2_dash1_00006"},{"time":1.2333,"name":"EF/5130_S2_dash1/5130_S2_dash1_00007"},{"time":1.2666,"name":"EF/5130_S2_dash1/5130_S2_dash1_00008"},{"time":1.3,"name":"EF/5130_S2_dash1/5130_S2_dash1_00009"},{"time":1.3333,"name":"EF/5130_S2_dash1/5130_S2_dash1_00010"},{"time":1.3666,"name":"EF/5130_S2_dash1/5130_S2_dash1_00011"},{"time":1.4333,"name":null}],"color":[{"time":0.7,"color":"ffffffff"},{"time":0.7666,"color":"ffffff00","curve":"stepped"},{"time":1,"color":"ffffffff","curve":"stepped"},{"time":1.3666,"color":"ffffffff"},{"time":1.4333,"color":"ffffff00"}]},"EF/5130_S2_fire1/5130_S2_fire1_00000":{"attachment":[{"time":0.6333,"name":"EF/5130_S2_fire1/5130_S2_fire1_00000"},{"time":0.6666,"name":"EF/5130_S2_fire1/5130_S2_fire1_00001"},{"time":0.7,"name":"EF/5130_S2_fire1/5130_S2_fire1_00002"},{"time":0.7333,"name":"EF/5130_S2_fire1/5130_S2_fire1_00003"},{"time":0.7666,"name":"EF/5130_S2_fire1/5130_S2_fire1_00004"},{"time":0.8,"name":"EF/5130_S2_fire1/5130_S2_fire1_00005"},{"time":0.8333,"name":"EF/5130_S2_fire1/5130_S2_fire1_00006"},{"time":0.8666,"name":"EF/5130_S2_fire1/5130_S2_fire1_00007"},{"time":0.9,"name":"EF/5130_S2_fire1/5130_S2_fire1_00008"},{"time":0.9333,"name":null},{"time":1.0333,"name":"EF/5130_S2_fire1/5130_S2_fire1_00000"},{"time":1.0666,"name":"EF/5130_S2_fire1/5130_S2_fire1_00001"},{"time":1.1,"name":"EF/5130_S2_fire1/5130_S2_fire1_00002"},{"time":1.1333,"name":"EF/5130_S2_fire1/5130_S2_fire1_00003"},{"time":1.1666,"name":"EF/5130_S2_fire1/5130_S2_fire1_00004"},{"time":1.2,"name":"EF/5130_S2_fire1/5130_S2_fire1_00005"},{"time":1.2333,"name":"EF/5130_S2_fire1/5130_S2_fire1_00006"},{"time":1.2666,"name":"EF/5130_S2_fire1/5130_S2_fire1_00007"},{"time":1.3,"name":"EF/5130_S2_fire1/5130_S2_fire1_00008"},{"time":1.3333,"name":null}]},"EF/5130_S2_power1/5130_S2_power1_00000":{"attachment":[{"time":1.8666,"name":"EF/5130_S2_power1/5130_S2_power1_00000"},{"time":1.9,"name":"EF/5130_S2_power1/5130_S2_power1_00001"},{"time":1.9333,"name":"EF/5130_S2_power1/5130_S2_power1_00002"},{"time":1.9666,"name":"EF/5130_S2_power1/5130_S2_power1_00003"},{"time":2,"name":"EF/5130_S2_power1/5130_S2_power1_00004"},{"time":2.0333,"name":"EF/5130_S2_power1/5130_S2_power1_00005"},{"time":2.0666,"name":"EF/5130_S2_power1/5130_S2_power1_00006"},{"time":2.1,"name":"EF/5130_S2_power1/5130_S2_power1_00007"},{"time":2.1333,"name":"EF/5130_S2_power1/5130_S2_power1_00008"},{"time":2.1666,"name":"EF/5130_S2_power1/5130_S2_power1_00009"},{"time":2.2,"name":null}]},"EF/5130_S2_wave3/5130_S2_wave3_00000":{"attachment":[{"time":1.9,"name":"EF/5130_S2_wave3/5130_S2_wave3_00000"},{"time":1.9333,"name":"EF/5130_S2_wave3/5130_S2_wave3_00001"},{"time":1.9666,"name":"EF/5130_S2_wave3/5130_S2_wave3_00002"},{"time":2,"name":"EF/5130_S2_wave3/5130_S2_wave3_00003"},{"time":2.0333,"name":"EF/5130_S2_wave3/5130_S2_wave3_00004"},{"time":2.0666,"name":"EF/5130_S2_wave3/5130_S2_wave3_00005"},{"time":2.1,"name":null}]},"EF_S2_ex1":{"attachment":[{"time":0.7333,"name":"EF/5130_S2_ex1/5130_S2_ex1_00000"},{"time":0.7666,"name":"EF/5130_S2_ex1/5130_S2_ex1_00001"},{"time":0.8,"name":"EF/5130_S2_ex1/5130_S2_ex1_00002"},{"time":0.8333,"name":"EF/5130_S2_ex1/5130_S2_ex1_00003"},{"time":0.8666,"name":"EF/5130_S2_ex1/5130_S2_ex1_00004"},{"time":0.9,"name":"EF/5130_S2_ex1/5130_S2_ex1_00005"},{"time":0.9333,"name":"EF/5130_S2_ex1/5130_S2_ex1_00006"},{"time":0.9666,"name":"EF/5130_S2_ex1/5130_S2_ex1_00007"},{"time":1,"name":"EF/5130_S2_ex1/5130_S2_ex1_00008"},{"time":1.0333,"name":"EF/5130_S2_ex1/5130_S2_ex1_00009"},{"time":1.0666,"name":"EF/5130_S2_ex1/5130_S2_ex1_00010"},{"time":1.1,"name":"EF/5130_S2_ex1/5130_S2_ex1_00011"},{"time":1.1333,"name":"EF/5130_S2_ex1/5130_S2_ex1_00012"},{"time":1.2,"name":null}],"color":[{"time":1.1333,"color":"ffffffff"},{"time":1.2,"color":"ffffff00"}]},"EF_S2_ex2":{"attachment":[{"time":1.0333,"name":"EF/5130_S2_ex1/5130_S2_ex1_00000"},{"time":1.0666,"name":"EF/5130_S2_ex1/5130_S2_ex1_00001"},{"time":1.1,"name":"EF/5130_S2_ex1/5130_S2_ex1_00002"},{"time":1.1333,"name":"EF/5130_S2_ex1/5130_S2_ex1_00003"},{"time":1.1666,"name":"EF/5130_S2_ex1/5130_S2_ex1_00004"},{"time":1.2,"name":"EF/5130_S2_ex1/5130_S2_ex1_00005"},{"time":1.2333,"name":"EF/5130_S2_ex1/5130_S2_ex1_00006"},{"time":1.2666,"name":"EF/5130_S2_ex1/5130_S2_ex1_00007"},{"time":1.3,"name":"EF/5130_S2_ex1/5130_S2_ex1_00008"},{"time":1.3333,"name":"EF/5130_S2_ex1/5130_S2_ex1_00009"},{"time":1.3666,"name":"EF/5130_S2_ex1/5130_S2_ex1_00010"},{"time":1.4,"name":"EF/5130_S2_ex1/5130_S2_ex1_00011"},{"time":1.4333,"name":"EF/5130_S2_ex1/5130_S2_ex1_00012"},{"time":1.5,"name":null}],"color":[{"time":1.4333,"color":"ffffffff"},{"time":1.5,"color":"ffffff00"}]},"EF_S2_ex3":{"attachment":[{"time":1.1666,"name":"EF/5130_S2_ex1/5130_S2_ex1_00000"},{"time":1.2,"name":"EF/5130_S2_ex1/5130_S2_ex1_00001"},{"time":1.2333,"name":"EF/5130_S2_ex1/5130_S2_ex1_00002"},{"time":1.2666,"name":"EF/5130_S2_ex1/5130_S2_ex1_00003"},{"time":1.3,"name":"EF/5130_S2_ex1/5130_S2_ex1_00004"},{"time":1.3333,"name":"EF/5130_S2_ex1/5130_S2_ex1_00005"},{"time":1.3666,"name":"EF/5130_S2_ex1/5130_S2_ex1_00006"},{"time":1.4,"name":"EF/5130_S2_ex1/5130_S2_ex1_00007"},{"time":1.4333,"name":"EF/5130_S2_ex1/5130_S2_ex1_00008"},{"time":1.4666,"name":"EF/5130_S2_ex1/5130_S2_ex1_00009"},{"time":1.5,"name":"EF/5130_S2_ex1/5130_S2_ex1_00010"},{"time":1.5333,"name":"EF/5130_S2_ex1/5130_S2_ex1_00011"},{"time":1.5666,"name":"EF/5130_S2_ex1/5130_S2_ex1_00012"},{"time":1.6333,"name":null}],"color":[{"time":1.5666,"color":"ffffffff"},{"time":1.6333,"color":"ffffff00"}]},"EF_S2_magic":{"attachment":[{"time":1.8666,"name":"EF/magic_3nature2"},{"time":2.1666,"name":null}],"color":[{"time":2.1,"color":"ffffffff","curve":[0.25,0,0.861,0.12]},{"time":2.1666,"color":"ffffff00"}]},"EF_S2_slash1":{"attachment":[{"time":0.6333,"name":"EF/5130_S2_slash1/5130_S2_slash1_00000"},{"time":0.6666,"name":"EF/5130_S2_slash1/5130_S2_slash1_00001"},{"time":0.7,"name":"EF/5130_S2_slash1/5130_S2_slash1_00002"},{"time":0.7333,"name":"EF/5130_S2_slash1/5130_S2_slash1_00003"},{"time":0.7666,"name":"EF/5130_S2_slash1/5130_S2_slash1_00004"},{"time":0.8,"name":"EF/5130_S2_slash1/5130_S2_slash1_00005"},{"time":0.8333,"name":null}]},"EF_S2_slash2":{"attachment":[{"time":1.0333,"name":"EF/5130_S2_slash2/5130_S2_slash2_00000"},{"time":1.0666,"name":"EF/5130_S2_slash2/5130_S2_slash2_00001"},{"time":1.1,"name":"EF/5130_S2_slash2/5130_S2_slash2_00002"},{"time":1.1333,"name":"EF/5130_S2_slash2/5130_S2_slash2_00003"},{"time":1.1666,"name":"EF/5130_S2_slash2/5130_S2_slash2_00004"},{"time":1.2,"name":null}]},"EF_S2_wave":{"attachment":[{"time":0.7333,"name":"EF/5130_S2_wave1/5130_S2_wave1_00000"},{"time":0.7666,"name":"EF/5130_S2_wave1/5130_S2_wave1_00001"},{"time":0.8,"name":"EF/5130_S2_wave1/5130_S2_wave1_00002"},{"time":0.8333,"name":"EF/5130_S2_wave1/5130_S2_wave1_00003"},{"time":0.8666,"name":"EF/5130_S2_wave1/5130_S2_wave1_00004"},{"time":0.9,"name":"EF/5130_S2_wave1/5130_S2_wave1_00005"},{"time":0.9333,"name":"EF/5130_S2_wave1/5130_S2_wave1_00006"},{"time":0.9666,"name":"EF/5130_S2_wave1/5130_S2_wave1_00007"},{"time":1,"name":"EF/5130_S2_wave1/5130_S2_wave1_00008"},{"time":1.0333,"name":"EF/5130_S2_wave1/5130_S2_wave1_00009"},{"time":1.0666,"name":"EF/5130_S2_wave1/5130_S2_wave1_00010"},{"time":1.1333,"name":null}],"color":[{"time":1.0666,"color":"ffffffff"},{"time":1.1333,"color":"ffffff00"}]},"EF_S2_wave3":{"attachment":[{"time":1.0333,"name":"EF/5130_S2_wave1/5130_S2_wave1_00000"},{"time":1.0666,"name":"EF/5130_S2_wave1/5130_S2_wave1_00001"},{"time":1.1,"name":"EF/5130_S2_wave1/5130_S2_wave1_00002"},{"time":1.1333,"name":"EF/5130_S2_wave1/5130_S2_wave1_00003"},{"time":1.1666,"name":"EF/5130_S2_wave1/5130_S2_wave1_00004"},{"time":1.2,"name":"EF/5130_S2_wave1/5130_S2_wave1_00005"},{"time":1.2333,"name":"EF/5130_S2_wave1/5130_S2_wave1_00006"},{"time":1.2666,"name":"EF/5130_S2_wave1/5130_S2_wave1_00007"},{"time":1.3,"name":"EF/5130_S2_wave1/5130_S2_wave1_00008"},{"time":1.3333,"name":"EF/5130_S2_wave1/5130_S2_wave1_00009"},{"time":1.3666,"name":"EF/5130_S2_wave1/5130_S2_wave1_00010"},{"time":1.4333,"name":null}],"color":[{"time":1.3666,"color":"ffffffff"},{"time":1.4333,"color":"ffffff00"}]},"EF_S2_wave4":{"attachment":[{"time":1.1666,"name":"EF/5130_S2_wave1/5130_S2_wave1_00000"},{"time":1.2,"name":"EF/5130_S2_wave1/5130_S2_wave1_00001"},{"time":1.2333,"name":"EF/5130_S2_wave1/5130_S2_wave1_00002"},{"time":1.2666,"name":"EF/5130_S2_wave1/5130_S2_wave1_00003"},{"time":1.3,"name":"EF/5130_S2_wave1/5130_S2_wave1_00004"},{"time":1.3333,"name":"EF/5130_S2_wave1/5130_S2_wave1_00005"},{"time":1.3666,"name":"EF/5130_S2_wave1/5130_S2_wave1_00006"},{"time":1.4,"name":"EF/5130_S2_wave1/5130_S2_wave1_00007"},{"time":1.4333,"name":"EF/5130_S2_wave1/5130_S2_wave1_00008"},{"time":1.4666,"name":"EF/5130_S2_wave1/5130_S2_wave1_00009"},{"time":1.5,"name":"EF/5130_S2_wave1/5130_S2_wave1_00010"},{"time":1.5666,"name":null}],"color":[{"time":1.5,"color":"ffffffff"},{"time":1.5666,"color":"ffffff00"}]}},"bones":{"EF_S2_magic":{"translate":[{"time":1.8666,"x":-296.62,"y":77.68}],"scale":[{"time":1.8666,"x":0.114,"y":0.567}]},"EF_S2_wave3":{"translate":[{"time":1.9,"x":-300.63,"y":86.63}],"scale":[{"time":1.9,"x":3.521,"y":3.521}]},"EF_S2_power_1":{"translate":[{"time":1.8666,"x":-296.61,"y":78.37}],"scale":[{"time":1.8666,"x":3,"y":3}]},"EF_S2_dash":{"translate":[{"time":0.3333,"x":68.25,"y":-22.56,"curve":"stepped"},{"time":1,"x":-149.15,"y":-14.44}],"scale":[{"time":0.3333,"x":1.333,"y":1.333,"curve":"stepped"},{"time":0.7,"x":1.333,"y":1.333},{"time":0.7333,"x":1.412,"y":1.385,"curve":"stepped"},{"time":1.4,"x":1.136,"y":1.039}]},"EF_S2_slash1":{"translate":[{"time":0.6333,"x":-186.39,"y":62.13}]},"EF_S2_slash2":{"translate":[{"time":1.0333,"x":-340.35,"y":54.08}]},"EF_S2_fire":{"translate":[{"time":0.6333,"x":-383.43,"y":8.18,"curve":"stepped"},{"time":1.0333,"x":-480.45,"y":52.6}]},"EF_S2_ex1":{"translate":[{"time":0.7333,"x":-361.8,"y":0}],"scale":[{"time":1.1666,"x":1.097,"y":1.097}]},"EF_S2_ex2":{"translate":[{"time":1.0333,"x":-369.56,"y":0}],"scale":[{"time":1.4666,"x":1.097,"y":1.097}]},"EF_S2_wave1_1":{"translate":[{"time":0.7333,"x":-361.8,"y":5.82}],"scale":[{"time":1.1,"x":1.049,"y":1.049}]},"EF_S2_ex3":{"translate":[{"time":1.1666,"x":-470.44,"y":-32.54}],"scale":[{"time":1.6,"x":1.097,"y":1.097}]},"EF_S2_wave1_2":{"translate":[{"time":1.0333,"x":-374.22,"y":0}],"scale":[{"time":1.4,"x":1.049,"y":1.049}]},"EF_S2_wave1_3":{"translate":[{"time":1.1666,"x":-470.52,"y":-32.48}],"scale":[{"time":1.5333,"x":1.049,"y":1.049}]}},"ffd":{"default":{"EF_S2_magic":{"EF/magic_3nature2":[{"time":1.8666},{"time":2.1666,"vertices":[-46.15802,-34.95229,-34.95044,46.16041,46.16223,34.95281,34.95453,-46.15987]}]}}}},"birdEx":{"slots":{"EF/5130_EX1_wave2/5130_EX1_wave2_00003":{"attachment":[{"time":0,"name":"EF/5130_EX1_wave2/5130_EX1_wave2_00003"},{"time":0.0666,"name":"EF/5130_EX1_wave2/5130_EX1_wave2_00004"},{"time":0.1,"name":"EF/5130_EX1_wave2/5130_EX1_wave2_00005"},{"time":0.1333,"name":"EF/5130_EX1_wave2/5130_EX1_wave2_00006"},{"time":0.1666,"name":null}],"color":[{"time":0,"color":"ffffff6f"},{"time":0.0333,"color":"ffffffff"}]},"EF/5130_EX1_wave2/5130_EX1_wave2_3":{"attachment":[{"time":0.1333,"name":"EF/5130_EX1_wave2/5130_EX1_wave2_00003"},{"time":0.2,"name":"EF/5130_EX1_wave2/5130_EX1_wave2_00004"},{"time":0.2333,"name":"EF/5130_EX1_wave2/5130_EX1_wave2_00005"},{"time":0.2666,"name":"EF/5130_EX1_wave2/5130_EX1_wave2_00006"},{"time":0.3,"name":null}],"color":[{"time":0.1333,"color":"ffffff6f"},{"time":0.1666,"color":"ffffffff"}]},"EF/5130_EX1_wave2/5130_EX1_wave2_4":{"attachment":[{"time":0.2666,"name":"EF/5130_EX1_wave2/5130_EX1_wave2_00003"},{"time":0.3333,"name":"EF/5130_EX1_wave2/5130_EX1_wave2_00004"},{"time":0.3666,"name":"EF/5130_EX1_wave2/5130_EX1_wave2_00005"},{"time":0.4,"name":"EF/5130_EX1_wave2/5130_EX1_wave2_00006"},{"time":0.4333,"name":null}],"color":[{"time":0.2666,"color":"ffffff6f"},{"time":0.3,"color":"ffffffff"}]},"EF/5130_S2_power1/5130_S2_power1_0":{"attachment":[{"time":0,"name":"EF/5130_S2_power1/5130_S2_power1_00000"},{"time":0.0333,"name":"EF/5130_S2_power1/5130_S2_power1_00001"},{"time":0.0666,"name":"EF/5130_S2_power1/5130_S2_power1_00002"},{"time":0.1,"name":"EF/5130_S2_power1/5130_S2_power1_00003"},{"time":0.1333,"name":"EF/5130_S2_power1/5130_S2_power1_00004"},{"time":0.1666,"name":"EF/5130_S2_power1/5130_S2_power1_00005"},{"time":0.2,"name":"EF/5130_S2_power1/5130_S2_power1_00006"},{"time":0.2333,"name":"EF/5130_S2_power1/5130_S2_power1_00007"},{"time":0.2666,"name":"EF/5130_S2_power1/5130_S2_power1_00008"},{"time":0.3,"name":"EF/5130_S2_power1/5130_S2_power1_00009"},{"time":0.3333,"name":null}]},"EF_EX_wave":{"attachment":[{"time":0.5,"name":"EF/5130_EX1_wave1/5130_EX1_wave1_00007"},{"time":0.5333,"name":"EF/5130_EX1_wave1/5130_EX1_wave1_00008"},{"time":0.5666,"name":"EF/5130_EX1_wave1/5130_EX1_wave1_00009"},{"time":0.6,"name":"EF/5130_EX1_wave1/5130_EX1_wave1_00010"},{"time":0.6333,"name":"EF/5130_EX1_wave1/5130_EX1_wave1_00011"},{"time":0.6666,"name":"EF/5130_EX1_wave1/5130_EX1_wave1_00012"},{"time":0.7,"name":"EF/5130_EX1_wave1/5130_EX1_wave1_00013"},{"time":0.7333,"name":"EF/5130_EX1_wave1/5130_EX1_wave1_00014"},{"time":0.7666,"name":"EF/5130_EX1_wave1/5130_EX1_wave1_00015"},{"time":0.8,"name":"EF/5130_EX1_wave1/5130_EX1_wave1_00016"},{"time":0.8333,"name":"EF/5130_EX1_wave1/5130_EX1_wave1_00017"},{"time":0.8666,"name":"EF/5130_EX1_wave1/5130_EX1_wave1_00018"},{"time":0.9,"name":"EF/5130_EX1_wave1/5130_EX1_wave1_00019"},{"time":0.9333,"name":"EF/5130_EX1_wave1/5130_EX1_wave1_00020"},{"time":0.9666,"name":null}]},"EF_EX_wave_R":{"attachment":[{"time":0.5,"name":"EF/5100_S2_wave2/5100_S2_wave2_00001"},{"time":0.5333,"name":"EF/5100_S2_wave2/5100_S2_wave2_00002"},{"time":0.5666,"name":"EF/5100_S2_wave2/5100_S2_wave2_00003"},{"time":0.6,"name":"EF/5100_S2_wave2/5100_S2_wave2_00004"},{"time":0.6333,"name":"EF/5100_S2_wave2/5100_S2_wave2_00005"},{"time":0.6666,"name":"EF/5100_S2_wave2/5100_S2_wave2_00006"},{"time":0.7,"name":"EF/5100_S2_wave2/5100_S2_wave2_00007"},{"time":0.7333,"name":"EF/5100_S2_wave2/5100_S2_wave2_00008"},{"time":0.7666,"name":"EF/5100_S2_wave2/5100_S2_wave2_00009"},{"time":0.8333,"name":null}],"color":[{"time":0.7666,"color":"ffffffff"},{"time":0.8333,"color":"ffffff7b"}]},"EF_EX_wave_R2":{"attachment":[{"time":0.6333,"name":"EF/5100_S2_wave2/5100_S2_wave2_00001"},{"time":0.6666,"name":"EF/5100_S2_wave2/5100_S2_wave2_00002"},{"time":0.7,"name":"EF/5100_S2_wave2/5100_S2_wave2_00003"},{"time":0.7333,"name":"EF/5100_S2_wave2/5100_S2_wave2_00004"},{"time":0.7666,"name":"EF/5100_S2_wave2/5100_S2_wave2_00005"},{"time":0.8,"name":"EF/5100_S2_wave2/5100_S2_wave2_00006"},{"time":0.8333,"name":"EF/5100_S2_wave2/5100_S2_wave2_00007"},{"time":0.8666,"name":"EF/5100_S2_wave2/5100_S2_wave2_00008"},{"time":0.9,"name":"EF/5100_S2_wave2/5100_S2_wave2_00009"},{"time":0.9666,"name":null}],"color":[{"time":0.8333,"color":"ffffffff"},{"time":0.9,"color":"ffffff7b"}]},"EF_EX_wave_R3":{"attachment":[{"time":0.7666,"name":"EF/5100_S2_wave2/5100_S2_wave2_00001"},{"time":0.8,"name":"EF/5100_S2_wave2/5100_S2_wave2_00002"},{"time":0.8333,"name":"EF/5100_S2_wave2/5100_S2_wave2_00003"},{"time":0.8666,"name":"EF/5100_S2_wave2/5100_S2_wave2_00004"},{"time":0.9,"name":"EF/5100_S2_wave2/5100_S2_wave2_00005"},{"time":0.9333,"name":"EF/5100_S2_wave2/5100_S2_wave2_00006"},{"time":0.9666,"name":"EF/5100_S2_wave2/5100_S2_wave2_00007"},{"time":1,"name":"EF/5100_S2_wave2/5100_S2_wave2_00008"},{"time":1.0333,"name":"EF/5100_S2_wave2/5100_S2_wave2_00009"},{"time":1.1,"name":null}],"color":[{"time":1.0333,"color":"ffffffff"},{"time":1.1,"color":"ffffff7b"}]},"EF_EX_wing":{"attachment":[{"time":0.6333,"name":"EF/5130_EX1_wing1/5130_EX1_wing1_00001"},{"time":0.6666,"name":"EF/5130_EX1_wing1/5130_EX1_wing1_00002"},{"time":0.7,"name":"EF/5130_EX1_wing1/5130_EX1_wing1_00003"},{"time":0.7333,"name":"EF/5130_EX1_wing1/5130_EX1_wing1_00004"},{"time":0.7666,"name":"EF/5130_EX1_wing1/5130_EX1_wing1_00005"},{"time":0.8,"name":"EF/5130_EX1_wing1/5130_EX1_wing1_00006"},{"time":0.8333,"name":"EF/5130_EX1_wing1/5130_EX1_wing1_00007"},{"time":0.8666,"name":"EF/5130_EX1_wing1/5130_EX1_wing1_00008"},{"time":0.9,"name":"EF/5130_EX1_wing1/5130_EX1_wing1_00009"},{"time":0.9333,"name":"EF/5130_EX1_wing1/5130_EX1_wing1_00010"},{"time":0.9666,"name":"EF/5130_EX1_wing1/5130_EX1_wing1_00011"},{"time":1,"name":"EF/5130_EX1_wing1/5130_EX1_wing1_00012"},{"time":1.0333,"name":"EF/5130_EX1_wing1/5130_EX1_wing1_00013"},{"time":1.0666,"name":"EF/5130_EX1_wing1/5130_EX1_wing1_00014"},{"time":1.1,"name":"EF/5130_EX1_wing1/5130_EX1_wing1_00015"},{"time":1.1333,"name":"EF/5130_EX1_wing1/5130_EX1_wing1_00016"},{"time":1.1666,"name":"EF/5130_EX1_wing1/5130_EX1_wing1_00017"},{"time":1.2,"name":"EF/5130_EX1_wing1/5130_EX1_wing1_00018"},{"time":1.2333,"name":"EF/5130_EX1_wing1/5130_EX1_wing1_00019"},{"time":1.2666,"name":"EF/5130_EX1_wing1/5130_EX1_wing1_00020"},{"time":1.3,"name":"EF/5130_EX1_wing1/5130_EX1_wing1_00021"},{"time":1.3333,"name":"EF/5130_EX1_wing1/5130_EX1_wing1_00022"},{"time":1.3666,"name":"EF/5130_EX1_wing1/5130_EX1_wing1_00023"},{"time":1.4,"name":"EF/5130_EX1_wing1/5130_EX1_wing1_00024"},{"time":1.4333,"name":"EF/5130_EX1_wing1/5130_EX1_wing1_00025"},{"time":1.5333,"name":null}],"color":[{"time":1.4666,"color":"ffffffff"},{"time":1.5666,"color":"ffffff00"}]},"EF_S2_wave_splash":{"attachment":[{"time":0.5666,"name":"EF/5100_S2_wave3/5100_S2_wave3_00002"},{"time":0.6,"name":"EF/5100_S2_wave3/5100_S2_wave3_00003"},{"time":0.6333,"name":"EF/5100_S2_wave3/5100_S2_wave3_00004"},{"time":0.6666,"name":"EF/5100_S2_wave3/5100_S2_wave3_00005"},{"time":0.7,"name":"EF/5100_S2_wave3/5100_S2_wave3_00006"},{"time":0.7333,"name":"EF/5100_S2_wave3/5100_S2_wave3_00007"},{"time":0.7666,"name":"EF/5100_S2_wave3/5100_S2_wave3_00008"},{"time":0.8333,"name":null}],"color":[{"time":0.7666,"color":"ffffffff"},{"time":0.8333,"color":"ffffff00"}]},"bird":{"attachment":[{"time":0.1,"name":"EF/bird/attack_00"},{"time":0.1666,"name":"EF/bird/attack_01"},{"time":0.6,"name":"EF/bird/attack_02"},{"time":0.7333,"name":"EF/bird/attack_03"}]}},"bones":{"EF_S2_power_2":{"translate":[{"time":0,"x":0,"y":294.57}],"scale":[{"time":0,"x":2.543,"y":2.543}]},"EF_EX_wave_G1":{"translate":[{"time":0,"x":-6.52,"y":294.57}],"scale":[{"time":0,"x":0.9,"y":0.9},{"time":0.0333,"x":1,"y":1}]},"EF_EX_wave_R_1":{"translate":[{"time":0.5,"x":0,"y":294.57}],"scale":[{"time":0.8,"x":1.069,"y":1.069}]},"EF_EX_wave_G2":{"translate":[{"time":0.1333,"x":-6.52,"y":294.57}],"scale":[{"time":0.1333,"x":0.9,"y":0.9},{"time":0.1666,"x":1,"y":1}]},"EF_EX_wave_G3":{"translate":[{"time":0.2666,"x":-6.52,"y":294.57}],"scale":[{"time":0.2666,"x":0.9,"y":0.9},{"time":0.3,"x":1,"y":1}]},"EF_EX_wave":{"translate":[{"time":0.5,"x":0,"y":295.41}],"scale":[{"time":0.5,"x":3,"y":3}]},"EF_EX_wave_R_3":{"translate":[{"time":0.7666,"x":0,"y":294.57}],"scale":[{"time":1.0666,"x":1.069,"y":1.069}]},"EF_EX_wave_R_2":{"translate":[{"time":0.6333,"x":0,"y":294.57}],"scale":[{"time":0.9333,"x":1.069,"y":1.069}]},"EF_EX_wave_splash":{"translate":[{"time":0.5666,"x":0,"y":284.92}],"scale":[{"time":0.5666,"x":1,"y":1},{"time":0.8333,"x":1.192,"y":1.192}]},"EF_EX_wing":{"translate":[{"time":0.6333,"x":0,"y":290.16}]},"bird":{"translate":[{"time":0.1,"x":8.23,"y":295.41,"curve":"stepped"},{"time":0.6,"x":-1.02,"y":295.41}]},"EFOffset":{"translate":[{"time":0,"x":0,"y":-294.13}]}},"events":[{"time":0,"name":"Sound1","string":"cri_se_battle_cure_01"},{"time":0.1666,"name":"Sound1","string":"cri_se_battle_skill_explosion_02"},{"time":0.7666,"name":"EFEvent","string":"runScript-birdEX"},{"time":1.5666,"name":"EFEvent","string":"runScript-birdStateEnd"}]},"birdIdle":{"slots":{"bird":{"attachment":[{"time":0,"name":"EF/bird/idle_00"},{"time":0.2,"name":"EF/bird/idle_01"},{"time":0.4,"name":"EF/bird/idle_02"},{"time":0.6,"name":"EF/bird/idle_00"}]}},"bones":{"bird":{"translate":[{"time":0,"x":0,"y":0}]},"root":{"translate":[{"time":0,"x":0,"y":0}]}}},"birdOut":{"slots":{"EF/5130_S2_power1/5130_S2_power1_00000":{"attachment":[{"time":0.4333,"name":"EF/5130_S2_power1/5130_S2_power1_00000"},{"time":0.4666,"name":"EF/5130_S2_power1/5130_S2_power1_00001"},{"time":0.5,"name":"EF/5130_S2_power1/5130_S2_power1_00002"},{"time":0.5333,"name":"EF/5130_S2_power1/5130_S2_power1_00003"},{"time":0.5666,"name":"EF/5130_S2_power1/5130_S2_power1_00004"},{"time":0.6,"name":"EF/5130_S2_power1/5130_S2_power1_00005"},{"time":0.6333,"name":"EF/5130_S2_power1/5130_S2_power1_00006"},{"time":0.6666,"name":"EF/5130_S2_power1/5130_S2_power1_00007"},{"time":0.7,"name":"EF/5130_S2_power1/5130_S2_power1_00008"},{"time":0.7333,"name":"EF/5130_S2_power1/5130_S2_power1_00009"},{"time":0.7666,"name":null}]},"bird":{"attachment":[{"time":0,"name":"EF/bird/idle_00"},{"time":0.2,"name":"EF/bird/idle_01"},{"time":0.3,"name":"EF/bird/attack_01"},{"time":0.3666,"name":"EF/bird/attack_02"},{"time":0.4333,"name":"EF/bird/attack_03"},{"time":0.5,"name":null}]}},"bones":{"EF_S2_power_1":{"scale":[{"time":0.4333,"x":2,"y":2}]}},"events":[{"time":0.4333,"name":"Sound1","string":"cri_se_battle_teleport"},{"time":0.7666,"name":"EFEvent","string":"runScript-onDestroy"}]},"cast2":{"slots":{"EF/5130_S2_dash1/5130_S2_dash1_00000":{"attachment":[{"time":1.2666,"name":"EF/5130_S2_dash1/5130_S2_dash1_00000"},{"time":1.3,"name":"EF/5130_S2_dash1/5130_S2_dash1_00001"},{"time":1.3333,"name":"EF/5130_S2_dash1/5130_S2_dash1_00002"},{"time":1.3666,"name":"EF/5130_S2_dash1/5130_S2_dash1_00003"},{"time":1.4,"name":"EF/5130_S2_dash1/5130_S2_dash1_00004"},{"time":1.4333,"name":"EF/5130_S2_dash1/5130_S2_dash1_00005"},{"time":1.4666,"name":"EF/5130_S2_dash1/5130_S2_dash1_00006"},{"time":1.5,"name":"EF/5130_S2_dash1/5130_S2_dash1_00007"},{"time":1.5333,"name":"EF/5130_S2_dash1/5130_S2_dash1_00008"},{"time":1.5666,"name":"EF/5130_S2_dash1/5130_S2_dash1_00009"},{"time":1.6,"name":"EF/5130_S2_dash1/5130_S2_dash1_00010"},{"time":1.6333,"name":"EF/5130_S2_dash1/5130_S2_dash1_00011"},{"time":1.7,"name":null}],"color":[{"time":1.2666,"color":"ffffffff","curve":"stepped"},{"time":1.6333,"color":"ffffffff"},{"time":1.7,"color":"ffffff00"}]},"EF/5130_S2_fire1/5130_S2_fire1_00000":{"attachment":[{"time":1.3,"name":"EF/5130_S2_fire1/5130_S2_fire1_00000"},{"time":1.3333,"name":"EF/5130_S2_fire1/5130_S2_fire1_00001"},{"time":1.3666,"name":"EF/5130_S2_fire1/5130_S2_fire1_00002"},{"time":1.4,"name":"EF/5130_S2_fire1/5130_S2_fire1_00003"},{"time":1.4333,"name":"EF/5130_S2_fire1/5130_S2_fire1_00004"},{"time":1.4666,"name":"EF/5130_S2_fire1/5130_S2_fire1_00005"},{"time":1.5,"name":"EF/5130_S2_fire1/5130_S2_fire1_00006"},{"time":1.5333,"name":"EF/5130_S2_fire1/5130_S2_fire1_00007"},{"time":1.5666,"name":"EF/5130_S2_fire1/5130_S2_fire1_00008"},{"time":1.6,"name":null}]},"EF_S2_ex2":{"attachment":[{"time":1.3,"name":"EF/5130_S2_ex1/5130_S2_ex1_00000"},{"time":1.3333,"name":"EF/5130_S2_ex1/5130_S2_ex1_00001"},{"time":1.3666,"name":"EF/5130_S2_ex1/5130_S2_ex1_00002"},{"time":1.4,"name":"EF/5130_S2_ex1/5130_S2_ex1_00003"},{"time":1.4333,"name":"EF/5130_S2_ex1/5130_S2_ex1_00004"},{"time":1.4666,"name":"EF/5130_S2_ex1/5130_S2_ex1_00005"},{"time":1.5,"name":"EF/5130_S2_ex1/5130_S2_ex1_00006"},{"time":1.5333,"name":"EF/5130_S2_ex1/5130_S2_ex1_00007"},{"time":1.5666,"name":"EF/5130_S2_ex1/5130_S2_ex1_00008"},{"time":1.6,"name":"EF/5130_S2_ex1/5130_S2_ex1_00009"},{"time":1.6333,"name":"EF/5130_S2_ex1/5130_S2_ex1_00010"},{"time":1.6666,"name":"EF/5130_S2_ex1/5130_S2_ex1_00011"},{"time":1.7,"name":"EF/5130_S2_ex1/5130_S2_ex1_00012"},{"time":1.7666,"name":null}],"color":[{"time":1.7,"color":"ffffffff"},{"time":1.7666,"color":"ffffff00"}]},"EF_S2_slash2":{"attachment":[{"time":1.3,"name":"EF/5130_S2_slash2/5130_S2_slash2_00000"},{"time":1.3333,"name":"EF/5130_S2_slash2/5130_S2_slash2_00001"},{"time":1.3666,"name":"EF/5130_S2_slash2/5130_S2_slash2_00002"},{"time":1.4,"name":"EF/5130_S2_slash2/5130_S2_slash2_00003"},{"time":1.4333,"name":"EF/5130_S2_slash2/5130_S2_slash2_00004"},{"time":1.4666,"name":null}]},"EF_S2_wave3":{"attachment":[{"time":1.3,"name":"EF/5130_S2_wave1/5130_S2_wave1_00000"},{"time":1.3333,"name":"EF/5130_S2_wave1/5130_S2_wave1_00001"},{"time":1.3666,"name":"EF/5130_S2_wave1/5130_S2_wave1_00002"},{"time":1.4,"name":"EF/5130_S2_wave1/5130_S2_wave1_00003"},{"time":1.4333,"name":"EF/5130_S2_wave1/5130_S2_wave1_00004"},{"time":1.4666,"name":"EF/5130_S2_wave1/5130_S2_wave1_00005"},{"time":1.5,"name":"EF/5130_S2_wave1/5130_S2_wave1_00006"},{"time":1.5333,"name":"EF/5130_S2_wave1/5130_S2_wave1_00007"},{"time":1.5666,"name":"EF/5130_S2_wave1/5130_S2_wave1_00008"},{"time":1.6,"name":"EF/5130_S2_wave1/5130_S2_wave1_00009"},{"time":1.6333,"name":"EF/5130_S2_wave1/5130_S2_wave1_00010"},{"time":1.7,"name":null}],"color":[{"time":1.6333,"color":"ffffffff"},{"time":1.7,"color":"ffffff00"}]}},"bones":{"EF_S2_dash":{"translate":[{"time":1.2666,"x":-149.15,"y":-14.44}],"scale":[{"time":1.6666,"x":1.136,"y":1.039}]},"EF_S2_slash2":{"translate":[{"time":1.3,"x":-340.35,"y":54.08}]},"EF_S2_fire":{"translate":[{"time":1.3,"x":-480.45,"y":52.6}]},"EF_S2_ex2":{"translate":[{"time":1.3,"x":-369.56,"y":0}],"scale":[{"time":1.7333,"x":1.097,"y":1.097}]},"EF_S2_wave1_2":{"translate":[{"time":1.3,"x":-374.22,"y":0}],"scale":[{"time":1.6666,"x":1.049,"y":1.049}]},"EFOffset":{"translate":[{"time":1.2666,"x":228.84,"y":0}]}}},"empty":{},"ex":{"slots":{"EF/5130_S2_power1/5130_S2_power1_00000":{"attachment":[{"time":0.5,"name":"EF/5130_S2_power1/5130_S2_power1_00000"},{"time":0.5333,"name":"EF/5130_S2_power1/5130_S2_power1_00001"},{"time":0.5666,"name":"EF/5130_S2_power1/5130_S2_power1_00002"},{"time":0.6,"name":"EF/5130_S2_power1/5130_S2_power1_00003"},{"time":0.6333,"name":"EF/5130_S2_power1/5130_S2_power1_00004"},{"time":0.6666,"name":"EF/5130_S2_power1/5130_S2_power1_00005"},{"time":0.7,"name":"EF/5130_S2_power1/5130_S2_power1_00006"},{"time":0.7333,"name":"EF/5130_S2_power1/5130_S2_power1_00007"},{"time":0.7666,"name":"EF/5130_S2_power1/5130_S2_power1_00008"},{"time":0.8,"name":"EF/5130_S2_power1/5130_S2_power1_00009"},{"time":0.8333,"name":null}]},"EF_EX_magic_G":{"attachment":[{"time":0.6,"name":"EF/5130_EX1_magic2"}],"color":[{"time":0.6,"color":"ffffff10"},{"time":0.7333,"color":"ffffffff","curve":"stepped"},{"time":1.0333,"color":"ffffffff"},{"time":1.1666,"color":"ffffff00"}]},"EF_EX_magic_Y":{"attachment":[{"time":0.6,"name":"EF/5130_EX1_magic1"}],"color":[{"time":0.6,"color":"ffffff10"},{"time":0.7333,"color":"ffffffff","curve":"stepped"},{"time":1.0333,"color":"ffffffff"},{"time":1.1666,"color":"ffffff00"}]},"EF_S2_power":{"attachment":[{"time":0,"name":"EF/5130_EX1_power1/5130_EX1_power1_00000"},{"time":0.0333,"name":"EF/5130_EX1_power1/5130_EX1_power1_00002"},{"time":0.0666,"name":"EF/5130_EX1_power1/5130_EX1_power1_00003"},{"time":0.1,"name":"EF/5130_EX1_power1/5130_EX1_power1_00004"},{"time":0.1333,"name":"EF/5130_EX1_power1/5130_EX1_power1_00005"},{"time":0.1666,"name":"EF/5130_EX1_power1/5130_EX1_power1_00006"},{"time":0.2,"name":"EF/5130_EX1_power1/5130_EX1_power1_00007"},{"time":0.2333,"name":"EF/5130_EX1_power1/5130_EX1_power1_00008"},{"time":0.2666,"name":"EF/5130_EX1_power1/5130_EX1_power1_00009"},{"time":0.3,"name":"EF/5130_EX1_power1/5130_EX1_power1_00010"},{"time":0.3333,"name":"EF/5130_EX1_power1/5130_EX1_power1_00011"},{"time":0.3666,"name":"EF/5130_EX1_power1/5130_EX1_power1_00012"},{"time":0.4,"name":"EF/5130_EX1_power1/5130_EX1_power1_00013"},{"time":0.4333,"name":"EF/5130_EX1_power1/5130_EX1_power1_00014"},{"time":0.4666,"name":"EF/5130_EX1_power1/5130_EX1_power1_00015"},{"time":0.5,"name":"EF/5130_EX1_power1/5130_EX1_power1_00016"},{"time":0.5333,"name":"EF/5130_EX1_power1/5130_EX1_power1_00017"},{"time":0.5666,"name":"EF/5130_EX1_power1/5130_EX1_power1_00018"},{"time":0.6,"name":"EF/5130_EX1_power1/5130_EX1_power1_00019"},{"time":0.6666,"name":null}],"color":[{"time":0.6,"color":"ffffffff"},{"time":0.6666,"color":"ffffff00"}]}},"bones":{"EF_EX_power1":{"translate":[{"time":0,"x":0,"y":65}]},"EF_S2_wave2":{"translate":[{"time":0,"x":0,"y":65}]},"EF_S2_power_1":{"translate":[{"time":0.5,"x":-90.62,"y":65}],"scale":[{"time":0.5,"x":2.5,"y":2.5}]},"EF_EX_magic_Y":{"scale":[{"time":0.6,"x":0.741,"y":0.741},{"time":0.7333,"x":1.316,"y":1.316}]},"EF_EX_magic_G":{"scale":[{"time":0.6,"x":0.741,"y":0.741},{"time":0.7333,"x":1.316,"y":1.316}]}},"ffd":{"default":{"EF_EX_magic_G":{"EF/5130_EX1_magic2":[{"time":0.6},{"time":1.1666,"vertices":[19.92073,22.37222,22.37247,-19.92138,-19.92137,-22.37313,-22.3731,19.92059]}]},"EF_EX_magic_Y":{"EF/5130_EX1_magic1":[{"time":0.6},{"time":1.1666,"vertices":[-10.6792,-10.08239,-10.08095,10.6777,10.67903,10.07928,10.08079,-10.68069]}]}}}},"exoriginal":{"slots":{"EF/5130_EX1_wave2/5130_EX1_wave2_00003":{"attachment":[{"time":0.6333,"name":"EF/5130_EX1_wave2/5130_EX1_wave2_00003"},{"time":0.7,"name":"EF/5130_EX1_wave2/5130_EX1_wave2_00004"},{"time":0.7333,"name":"EF/5130_EX1_wave2/5130_EX1_wave2_00005"},{"time":0.7666,"name":"EF/5130_EX1_wave2/5130_EX1_wave2_00006"},{"time":0.8,"name":null}],"color":[{"time":0.6333,"color":"ffffff6f"},{"time":0.6666,"color":"ffffffff"}]},"EF/5130_EX1_wave2/5130_EX1_wave2_3":{"attachment":[{"time":0.7666,"name":"EF/5130_EX1_wave2/5130_EX1_wave2_00003"},{"time":0.8333,"name":"EF/5130_EX1_wave2/5130_EX1_wave2_00004"},{"time":0.8666,"name":"EF/5130_EX1_wave2/5130_EX1_wave2_00005"},{"time":0.9,"name":"EF/5130_EX1_wave2/5130_EX1_wave2_00006"},{"time":0.9333,"name":null}],"color":[{"time":0.7666,"color":"ffffff6f"},{"time":0.8,"color":"ffffffff"}]},"EF/5130_EX1_wave2/5130_EX1_wave2_4":{"attachment":[{"time":0.9,"name":"EF/5130_EX1_wave2/5130_EX1_wave2_00003"},{"time":0.9666,"name":"EF/5130_EX1_wave2/5130_EX1_wave2_00004"},{"time":1,"name":"EF/5130_EX1_wave2/5130_EX1_wave2_00005"},{"time":1.0333,"name":"EF/5130_EX1_wave2/5130_EX1_wave2_00006"},{"time":1.0666,"name":null}],"color":[{"time":0.9,"color":"ffffff6f"},{"time":0.9333,"color":"ffffffff"}]},"EF/5130_S2_power1/5130_S2_power1_00000":{"attachment":[{"time":0.5,"name":"EF/5130_S2_power1/5130_S2_power1_00000"},{"time":0.5333,"name":"EF/5130_S2_power1/5130_S2_power1_00001"},{"time":0.5666,"name":"EF/5130_S2_power1/5130_S2_power1_00002"},{"time":0.6,"name":"EF/5130_S2_power1/5130_S2_power1_00003"},{"time":0.6333,"name":"EF/5130_S2_power1/5130_S2_power1_00004"},{"time":0.6666,"name":"EF/5130_S2_power1/5130_S2_power1_00005"},{"time":0.7,"name":"EF/5130_S2_power1/5130_S2_power1_00006"},{"time":0.7333,"name":"EF/5130_S2_power1/5130_S2_power1_00007"},{"time":0.7666,"name":"EF/5130_S2_power1/5130_S2_power1_00008"},{"time":0.8,"name":"EF/5130_S2_power1/5130_S2_power1_00009"},{"time":0.8333,"name":null}]},"EF/5130_S2_power1/5130_S2_power1_0":{"attachment":[{"time":0.6333,"name":"EF/5130_S2_power1/5130_S2_power1_00000"},{"time":0.6666,"name":"EF/5130_S2_power1/5130_S2_power1_00001"},{"time":0.7,"name":"EF/5130_S2_power1/5130_S2_power1_00002"},{"time":0.7333,"name":"EF/5130_S2_power1/5130_S2_power1_00003"},{"time":0.7666,"name":"EF/5130_S2_power1/5130_S2_power1_00004"},{"time":0.8,"name":"EF/5130_S2_power1/5130_S2_power1_00005"},{"time":0.8333,"name":"EF/5130_S2_power1/5130_S2_power1_00006"},{"time":0.8666,"name":"EF/5130_S2_power1/5130_S2_power1_00007"},{"time":0.9,"name":"EF/5130_S2_power1/5130_S2_power1_00008"},{"time":0.9333,"name":"EF/5130_S2_power1/5130_S2_power1_00009"},{"time":0.9666,"name":null}]},"EF_EX_magic_G":{"attachment":[{"time":0.6,"name":"EF/5130_EX1_magic2"}],"color":[{"time":0.6,"color":"ffffff10"},{"time":0.7333,"color":"ffffffff","curve":"stepped"},{"time":1.0333,"color":"ffffffff"},{"time":1.1666,"color":"ffffff00"}]},"EF_EX_magic_Y":{"attachment":[{"time":0.6,"name":"EF/5130_EX1_magic1"}],"color":[{"time":0.6,"color":"ffffff10"},{"time":0.7333,"color":"ffffffff","curve":"stepped"},{"time":1.0333,"color":"ffffffff"},{"time":1.1666,"color":"ffffff00"}]},"EF_EX_wave":{"attachment":[{"time":1.1333,"name":"EF/5130_EX1_wave1/5130_EX1_wave1_00007"},{"time":1.1666,"name":"EF/5130_EX1_wave1/5130_EX1_wave1_00008"},{"time":1.2,"name":"EF/5130_EX1_wave1/5130_EX1_wave1_00009"},{"time":1.2333,"name":"EF/5130_EX1_wave1/5130_EX1_wave1_00010"},{"time":1.2666,"name":"EF/5130_EX1_wave1/5130_EX1_wave1_00011"},{"time":1.3,"name":"EF/5130_EX1_wave1/5130_EX1_wave1_00012"},{"time":1.3333,"name":"EF/5130_EX1_wave1/5130_EX1_wave1_00013"},{"time":1.3666,"name":"EF/5130_EX1_wave1/5130_EX1_wave1_00014"},{"time":1.4,"name":"EF/5130_EX1_wave1/5130_EX1_wave1_00015"},{"time":1.4333,"name":"EF/5130_EX1_wave1/5130_EX1_wave1_00016"},{"time":1.4666,"name":"EF/5130_EX1_wave1/5130_EX1_wave1_00017"},{"time":1.5,"name":"EF/5130_EX1_wave1/5130_EX1_wave1_00018"},{"time":1.5333,"name":"EF/5130_EX1_wave1/5130_EX1_wave1_00019"},{"time":1.5666,"name":"EF/5130_EX1_wave1/5130_EX1_wave1_00020"},{"time":1.6,"name":null}]},"EF_EX_wave_R":{"attachment":[{"time":1.1333,"name":"EF/5100_S2_wave2/5100_S2_wave2_00001"},{"time":1.1666,"name":"EF/5100_S2_wave2/5100_S2_wave2_00002"},{"time":1.2,"name":"EF/5100_S2_wave2/5100_S2_wave2_00003"},{"time":1.2333,"name":"EF/5100_S2_wave2/5100_S2_wave2_00004"},{"time":1.2666,"name":"EF/5100_S2_wave2/5100_S2_wave2_00005"},{"time":1.3,"name":"EF/5100_S2_wave2/5100_S2_wave2_00006"},{"time":1.3333,"name":"EF/5100_S2_wave2/5100_S2_wave2_00007"},{"time":1.3666,"name":"EF/5100_S2_wave2/5100_S2_wave2_00008"},{"time":1.4,"name":"EF/5100_S2_wave2/5100_S2_wave2_00009"},{"time":1.4666,"name":null}],"color":[{"time":1.4,"color":"ffffffff"},{"time":1.4666,"color":"ffffff7b"}]},"EF_EX_wave_R2":{"attachment":[{"time":1.2666,"name":"EF/5100_S2_wave2/5100_S2_wave2_00001"},{"time":1.3,"name":"EF/5100_S2_wave2/5100_S2_wave2_00002"},{"time":1.3333,"name":"EF/5100_S2_wave2/5100_S2_wave2_00003"},{"time":1.3666,"name":"EF/5100_S2_wave2/5100_S2_wave2_00004"},{"time":1.4,"name":"EF/5100_S2_wave2/5100_S2_wave2_00005"},{"time":1.4333,"name":"EF/5100_S2_wave2/5100_S2_wave2_00006"},{"time":1.4666,"name":"EF/5100_S2_wave2/5100_S2_wave2_00007"},{"time":1.5,"name":"EF/5100_S2_wave2/5100_S2_wave2_00008"},{"time":1.5333,"name":"EF/5100_S2_wave2/5100_S2_wave2_00009"},{"time":1.6,"name":null}],"color":[{"time":1.4666,"color":"ffffffff"},{"time":1.5333,"color":"ffffff7b"}]},"EF_EX_wave_R3":{"attachment":[{"time":1.4,"name":"EF/5100_S2_wave2/5100_S2_wave2_00001"},{"time":1.4333,"name":"EF/5100_S2_wave2/5100_S2_wave2_00002"},{"time":1.4666,"name":"EF/5100_S2_wave2/5100_S2_wave2_00003"},{"time":1.5,"name":"EF/5100_S2_wave2/5100_S2_wave2_00004"},{"time":1.5333,"name":"EF/5100_S2_wave2/5100_S2_wave2_00005"},{"time":1.5666,"name":"EF/5100_S2_wave2/5100_S2_wave2_00006"},{"time":1.6,"name":"EF/5100_S2_wave2/5100_S2_wave2_00007"},{"time":1.6333,"name":"EF/5100_S2_wave2/5100_S2_wave2_00008"},{"time":1.6666,"name":"EF/5100_S2_wave2/5100_S2_wave2_00009"},{"time":1.7333,"name":null}],"color":[{"time":1.6666,"color":"ffffffff"},{"time":1.7333,"color":"ffffff7b"}]},"EF_EX_wing":{"attachment":[{"time":1.2666,"name":"EF/5130_EX1_wing1/5130_EX1_wing1_00001"},{"time":1.3,"name":"EF/5130_EX1_wing1/5130_EX1_wing1_00002"},{"time":1.3333,"name":"EF/5130_EX1_wing1/5130_EX1_wing1_00003"},{"time":1.3666,"name":"EF/5130_EX1_wing1/5130_EX1_wing1_00004"},{"time":1.4,"name":"EF/5130_EX1_wing1/5130_EX1_wing1_00005"},{"time":1.4333,"name":"EF/5130_EX1_wing1/5130_EX1_wing1_00006"},{"time":1.4666,"name":"EF/5130_EX1_wing1/5130_EX1_wing1_00007"},{"time":1.5,"name":"EF/5130_EX1_wing1/5130_EX1_wing1_00008"},{"time":1.5333,"name":"EF/5130_EX1_wing1/5130_EX1_wing1_00009"},{"time":1.5666,"name":"EF/5130_EX1_wing1/5130_EX1_wing1_00010"},{"time":1.6,"name":"EF/5130_EX1_wing1/5130_EX1_wing1_00011"},{"time":1.6333,"name":"EF/5130_EX1_wing1/5130_EX1_wing1_00012"},{"time":1.6666,"name":"EF/5130_EX1_wing1/5130_EX1_wing1_00013"},{"time":1.7,"name":"EF/5130_EX1_wing1/5130_EX1_wing1_00014"},{"time":1.7333,"name":"EF/5130_EX1_wing1/5130_EX1_wing1_00015"},{"time":1.7666,"name":"EF/5130_EX1_wing1/5130_EX1_wing1_00016"},{"time":1.8,"name":"EF/5130_EX1_wing1/5130_EX1_wing1_00017"},{"time":1.8333,"name":"EF/5130_EX1_wing1/5130_EX1_wing1_00018"},{"time":1.8666,"name":"EF/5130_EX1_wing1/5130_EX1_wing1_00019"},{"time":1.9,"name":"EF/5130_EX1_wing1/5130_EX1_wing1_00020"},{"time":1.9333,"name":"EF/5130_EX1_wing1/5130_EX1_wing1_00021"},{"time":1.9666,"name":"EF/5130_EX1_wing1/5130_EX1_wing1_00022"},{"time":2,"name":"EF/5130_EX1_wing1/5130_EX1_wing1_00023"},{"time":2.0333,"name":"EF/5130_EX1_wing1/5130_EX1_wing1_00024"},{"time":2.0666,"name":"EF/5130_EX1_wing1/5130_EX1_wing1_00025"},{"time":2.1666,"name":null}],"color":[{"time":2.1,"color":"ffffffff"},{"time":2.2,"color":"ffffff00"}]},"EF_S2_power":{"attachment":[{"time":0,"name":"EF/5130_EX1_power1/5130_EX1_power1_00000"},{"time":0.0333,"name":"EF/5130_EX1_power1/5130_EX1_power1_00002"},{"time":0.0666,"name":"EF/5130_EX1_power1/5130_EX1_power1_00003"},{"time":0.1,"name":"EF/5130_EX1_power1/5130_EX1_power1_00004"},{"time":0.1333,"name":"EF/5130_EX1_power1/5130_EX1_power1_00005"},{"time":0.1666,"name":"EF/5130_EX1_power1/5130_EX1_power1_00006"},{"time":0.2,"name":"EF/5130_EX1_power1/5130_EX1_power1_00007"},{"time":0.2333,"name":"EF/5130_EX1_power1/5130_EX1_power1_00008"},{"time":0.2666,"name":"EF/5130_EX1_power1/5130_EX1_power1_00009"},{"time":0.3,"name":"EF/5130_EX1_power1/5130_EX1_power1_00010"},{"time":0.3333,"name":"EF/5130_EX1_power1/5130_EX1_power1_00011"},{"time":0.3666,"name":"EF/5130_EX1_power1/5130_EX1_power1_00012"},{"time":0.4,"name":"EF/5130_EX1_power1/5130_EX1_power1_00013"},{"time":0.4333,"name":"EF/5130_EX1_power1/5130_EX1_power1_00014"},{"time":0.4666,"name":"EF/5130_EX1_power1/5130_EX1_power1_00015"},{"time":0.5,"name":"EF/5130_EX1_power1/5130_EX1_power1_00016"},{"time":0.5333,"name":"EF/5130_EX1_power1/5130_EX1_power1_00017"},{"time":0.5666,"name":"EF/5130_EX1_power1/5130_EX1_power1_00018"},{"time":0.6,"name":"EF/5130_EX1_power1/5130_EX1_power1_00019"},{"time":0.6666,"name":null}],"color":[{"time":0.6,"color":"ffffffff"},{"time":0.6666,"color":"ffffff00"}]},"EF_S2_wave_splash":{"attachment":[{"time":1.2,"name":"EF/5100_S2_wave3/5100_S2_wave3_00002"},{"time":1.2333,"name":"EF/5100_S2_wave3/5100_S2_wave3_00003"},{"time":1.2666,"name":"EF/5100_S2_wave3/5100_S2_wave3_00004"},{"time":1.3,"name":"EF/5100_S2_wave3/5100_S2_wave3_00005"},{"time":1.3333,"name":"EF/5100_S2_wave3/5100_S2_wave3_00006"},{"time":1.3666,"name":"EF/5100_S2_wave3/5100_S2_wave3_00007"},{"time":1.4,"name":"EF/5100_S2_wave3/5100_S2_wave3_00008"},{"time":1.4666,"name":null}],"color":[{"time":1.4,"color":"ffffffff"},{"time":1.4666,"color":"ffffff00"}]},"bird":{"attachment":[{"time":0.7333,"name":"EF/bird/attack_00"},{"time":0.8,"name":"EF/bird/attack_01"},{"time":1.2333,"name":"EF/bird/attack_02"},{"time":1.3666,"name":"EF/bird/attack_03"}]}},"bones":{"EF_EX_power1":{"translate":[{"time":0,"x":0,"y":65}]},"EF_S2_wave2":{"translate":[{"time":0,"x":0,"y":65}]},"EF_S2_power_1":{"translate":[{"time":0.5,"x":-90.62,"y":65}],"scale":[{"time":0.5,"x":2.5,"y":2.5}]},"EF_EX_magic_Y":{"scale":[{"time":0.6,"x":0.741,"y":0.741},{"time":0.7333,"x":1.316,"y":1.316}]},"EF_EX_magic_G":{"scale":[{"time":0.6,"x":0.741,"y":0.741},{"time":0.7333,"x":1.316,"y":1.316}]},"EF_S2_power_2":{"translate":[{"time":0.6333,"x":0,"y":294.57}],"scale":[{"time":0.6333,"x":2.543,"y":2.543}]},"EF_EX_wave_G1":{"translate":[{"time":0.6333,"x":-6.52,"y":294.57}],"scale":[{"time":0.6333,"x":0.9,"y":0.9},{"time":0.6666,"x":1,"y":1}]},"EF_EX_wave_R_1":{"translate":[{"time":1.1333,"x":0,"y":294.57}],"scale":[{"time":1.4333,"x":1.069,"y":1.069}]},"EF_EX_wave_G2":{"translate":[{"time":0.7666,"x":-6.52,"y":294.57}],"scale":[{"time":0.7666,"x":0.9,"y":0.9},{"time":0.8,"x":1,"y":1}]},"EF_EX_wave_G3":{"translate":[{"time":0.9,"x":-6.52,"y":294.57}],"scale":[{"time":0.9,"x":0.9,"y":0.9},{"time":0.9333,"x":1,"y":1}]},"EF_EX_wave":{"translate":[{"time":1.1333,"x":0,"y":295.41}],"scale":[{"time":1.1333,"x":3,"y":3}]},"EF_EX_wave_R_3":{"translate":[{"time":1.4,"x":0,"y":294.57}],"scale":[{"time":1.7,"x":1.069,"y":1.069}]},"EF_EX_wave_R_2":{"translate":[{"time":1.2666,"x":0,"y":294.57}],"scale":[{"time":1.5666,"x":1.069,"y":1.069}]},"EF_EX_wave_splash":{"translate":[{"time":1.2,"x":0,"y":284.92}],"scale":[{"time":1.2,"x":1,"y":1},{"time":1.4666,"x":1.192,"y":1.192}]},"EF_EX_wing":{"translate":[{"time":1.2666,"x":0,"y":290.16}]},"bird":{"translate":[{"time":0.7333,"x":8.23,"y":295.41,"curve":"stepped"},{"time":1.2333,"x":-1.02,"y":295.41}]}},"ffd":{"default":{"EF_EX_magic_G":{"EF/5130_EX1_magic2":[{"time":0.6},{"time":1.1666,"vertices":[19.92073,22.37222,22.37247,-19.92138,-19.92137,-22.37313,-22.3731,19.92059]}]},"EF_EX_magic_Y":{"EF/5130_EX1_magic1":[{"time":0.6},{"time":1.1666,"vertices":[-10.6792,-10.08239,-10.08095,10.6777,10.67903,10.07928,10.08079,-10.68069]}]}}}},"idle":{},"magic":{"slots":{"EF_S2_magic":{"attachment":[{"time":0,"name":"EF/magic_3nature2"},{"time":2,"name":"EF/magic_3nature2"}],"color":[{"time":0,"color":"f7fffc32"},{"time":1,"color":"ffffffff"},{"time":2,"color":"ffffff32"}]}},"bones":{"EF_S2_magic":{"rotate":[{"time":0,"angle":90}],"translate":[{"time":0,"x":0,"y":0.24}],"scale":[{"time":0,"x":0.114,"y":0.567}]}},"events":[{"time":0.7333,"name":"Sound1"}]}}}