{"skeleton":{"hash":"vx1fTwJGG/m2AXaxINWMdYlmTd4","spine":"3.0.12","width":0,"height":0},"bones":[{"name":"root"},{"name":"MAIN2","parent":"root","y":84.7},{"name":"MAIN","parent":"root","y":84.7},{"name":"HITBOX","parent":"MAIN","y":-22.2},{"name":"EF_dot","parent":"MAIN","x":50,"y":-34.7},{"name":"EF","parent":"root"},{"name":"EF_smoke1_1","parent":"EF","x":200,"y":100},{"name":"EF_of_blue1_1","parent":"EF","x":100,"y":100},{"name":"EF_groundwave1_2","parent":"EF"},{"name":"EF_groundwave1_1","parent":"EF"},{"name":"EF_ground1_3","parent":"EF"},{"name":"EF_ground1_2","parent":"EF"},{"name":"EF_ground1_1","parent":"EF"},{"name":"EF_dust1_4","parent":"EF","x":100},{"name":"EF_dust1_3","parent":"EF","x":100},{"name":"EF_dust1_2","parent":"EF","x":100},{"name":"EF_dust1_1","parent":"EF","x":100},{"name":"EF_dash1_1","parent":"EF","x":150},{"name":"EF_arm1_1","parent":"EF","x":100,"y":150},{"name":"DAMAGEAREA","parent":"root"}],"slots":[{"name":"MANT","bone":"MAIN","attachment":"mant00"},{"name":"EF_groundwave1_1","bone":"EF_groundwave1_1","blend":"additive"},{"name":"EF_groundwave1_2","bone":"EF_groundwave1_2","blend":"additive"},{"name":"EF_arm1_1","bone":"EF_arm1_1","blend":"additive"},{"name":"EF_ground1_1","bone":"EF_ground1_1","blend":"additive"},{"name":"EF_ground1_2","bone":"EF_ground1_2","blend":"additive"},{"name":"EF_ground1_3","bone":"EF_ground1_3","blend":"additive"},{"name":"MAIN","bone":"MAIN","attachment":"idle_00"},{"name":"MAIN2","bone":"MAIN2"},{"name":"EF_damage","bone":"EF_dot"},{"name":"EF_skill1","bone":"EF_dot"},{"name":"EF_skill2","bone":"EF_dot"},{"name":"EF_of_blue1_1","bone":"EF_of_blue1_1","blend":"additive"},{"name":"EF_smoke1_1","bone":"EF_smoke1_1","blend":"additive"},{"name":"EF_dash1_1","bone":"EF_dash1_1","blend":"additive"},{"name":"EF_dust1_1","bone":"EF_dust1_1","blend":"additive"},{"name":"EF_dust1_2","bone":"EF_dust1_2","blend":"additive"},{"name":"EF_dust1_3","bone":"EF_dust1_3","blend":"additive"},{"name":"EF_dust1_4","bone":"EF_dust1_4","blend":"additive"},{"name":"DAMAGEAREA","bone":"DAMAGEAREA"},{"name":"HITBOX","bone":"HITBOX","attachment":"HITBOX"}],"skins":{"default":{"DAMAGEAREA":{"DAMAGEAREA":{"type":"boundingbox","vertices":[-64.84988,60.79464,-64.17787,-62.18135,64.17411,-62.85335,61.48609,63.48263]}},"EF_arm1_1":{"EF/ef_slash_arm_main/ef_slash_arm_main_00001":{"y":-1.51,"width":200,"height":150},"EF/ef_slash_arm_main/ef_slash_arm_main_00002":{"y":-1.51,"width":200,"height":150},"EF/ef_slash_arm_main/ef_slash_arm_main_00003":{"y":-1.51,"width":200,"height":150},"EF/ef_slash_arm_main/ef_slash_arm_main_00004":{"y":-1.51,"width":200,"height":150}},"EF_damage":{"EF/dot/EF_damage_00":{"x":41,"y":-61.51,"scaleX":1.999,"scaleY":2,"width":256,"height":256}},"EF_dash1_1":{"EF/ef_dash_yellow/ef_dash_yellow_00001":{"x":29.54,"y":18.69,"width":200,"height":200},"EF/ef_dash_yellow/ef_dash_yellow_00003":{"x":29.54,"y":18.69,"width":200,"height":200},"EF/ef_dash_yellow/ef_dash_yellow_00005":{"x":29.54,"y":18.69,"width":200,"height":200},"EF/ef_dash_yellow/ef_dash_yellow_00007":{"x":29.54,"y":18.69,"width":200,"height":200},"EF/ef_dash_yellow/ef_dash_yellow_00009":{"x":29.54,"y":18.69,"width":200,"height":200},"EF/ef_dash_yellow/ef_dash_yellow_00011":{"x":29.54,"y":18.69,"width":200,"height":200},"EF/ef_dash_yellow/ef_dash_yellow_00013":{"x":29.54,"y":18.69,"width":200,"height":200}},"EF_dust1_1":{"EF/ef_tuti_yellow/ef_tuti_yellow_00001":{"y":15,"width":360,"height":240},"EF/ef_tuti_yellow/ef_tuti_yellow_00003":{"y":15,"width":360,"height":240},"EF/ef_tuti_yellow/ef_tuti_yellow_00005":{"y":15,"width":360,"height":240},"EF/ef_tuti_yellow/ef_tuti_yellow_00007":{"y":15,"width":360,"height":240},"EF/ef_tuti_yellow/ef_tuti_yellow_00009":{"y":15,"width":360,"height":240},"EF/ef_tuti_yellow/ef_tuti_yellow_00011":{"y":15,"width":360,"height":240},"EF/ef_tuti_yellow/ef_tuti_yellow_00013":{"y":15,"width":360,"height":240},"EF/ef_tuti_yellow/ef_tuti_yellow_00015":{"y":15,"width":360,"height":240},"EF/ef_tuti_yellow/ef_tuti_yellow_00017":{"y":15,"width":360,"height":240}},"EF_dust1_2":{"EF/ef_tuti_yellow/ef_tuti_yellow_00001":{"y":15,"width":360,"height":240},"EF/ef_tuti_yellow/ef_tuti_yellow_00003":{"y":15,"width":360,"height":240},"EF/ef_tuti_yellow/ef_tuti_yellow_00005":{"y":15,"width":360,"height":240},"EF/ef_tuti_yellow/ef_tuti_yellow_00007":{"y":15,"width":360,"height":240},"EF/ef_tuti_yellow/ef_tuti_yellow_00009":{"y":15,"width":360,"height":240},"EF/ef_tuti_yellow/ef_tuti_yellow_00011":{"y":15,"width":360,"height":240},"EF/ef_tuti_yellow/ef_tuti_yellow_00013":{"y":15,"width":360,"height":240},"EF/ef_tuti_yellow/ef_tuti_yellow_00015":{"y":15,"width":360,"height":240},"EF/ef_tuti_yellow/ef_tuti_yellow_00017":{"y":15,"width":360,"height":240}},"EF_dust1_3":{"EF/ef_tuti_yellow/ef_tuti_yellow_00001":{"y":15,"width":360,"height":240},"EF/ef_tuti_yellow/ef_tuti_yellow_00003":{"y":15,"width":360,"height":240},"EF/ef_tuti_yellow/ef_tuti_yellow_00005":{"y":15,"width":360,"height":240},"EF/ef_tuti_yellow/ef_tuti_yellow_00007":{"y":15,"width":360,"height":240},"EF/ef_tuti_yellow/ef_tuti_yellow_00009":{"y":15,"width":360,"height":240},"EF/ef_tuti_yellow/ef_tuti_yellow_00011":{"y":15,"width":360,"height":240},"EF/ef_tuti_yellow/ef_tuti_yellow_00013":{"y":15,"width":360,"height":240},"EF/ef_tuti_yellow/ef_tuti_yellow_00015":{"y":15,"width":360,"height":240},"EF/ef_tuti_yellow/ef_tuti_yellow_00017":{"y":15,"width":360,"height":240}},"EF_dust1_4":{"EF/ef_tuti_yellow/ef_tuti_yellow_00001":{"y":15,"width":360,"height":240},"EF/ef_tuti_yellow/ef_tuti_yellow_00003":{"y":15,"width":360,"height":240},"EF/ef_tuti_yellow/ef_tuti_yellow_00005":{"y":15,"width":360,"height":240},"EF/ef_tuti_yellow/ef_tuti_yellow_00007":{"y":15,"width":360,"height":240},"EF/ef_tuti_yellow/ef_tuti_yellow_00009":{"y":15,"width":360,"height":240},"EF/ef_tuti_yellow/ef_tuti_yellow_00011":{"y":15,"width":360,"height":240},"EF/ef_tuti_yellow/ef_tuti_yellow_00013":{"y":15,"width":360,"height":240},"EF/ef_tuti_yellow/ef_tuti_yellow_00015":{"y":15,"width":360,"height":240},"EF/ef_tuti_yellow/ef_tuti_yellow_00017":{"y":15,"width":360,"height":240}},"EF_ground1_1":{"EF/ef_graund_flash_main_00001":{"width":464,"height":88}},"EF_ground1_2":{"EF/ef_graund_flash_main_00001":{"width":464,"height":88}},"EF_ground1_3":{"EF/ef_graund_flash_main_00001":{"width":464,"height":88}},"EF_groundwave1_1":{"EF/ef_graund_wave_yellow/ef_graund_wave_yellow_00002":{"y":20.9,"width":400,"height":240},"EF/ef_graund_wave_yellow/ef_graund_wave_yellow_00003":{"y":20.9,"width":400,"height":240},"EF/ef_graund_wave_yellow/ef_graund_wave_yellow_00004":{"y":20.9,"width":400,"height":240},"EF/ef_graund_wave_yellow/ef_graund_wave_yellow_00005":{"y":20.9,"width":400,"height":240},"EF/ef_graund_wave_yellow/ef_graund_wave_yellow_00006":{"y":20.9,"width":400,"height":240},"EF/ef_graund_wave_yellow/ef_graund_wave_yellow_00007":{"y":20.9,"width":400,"height":240},"EF/ef_graund_wave_yellow/ef_graund_wave_yellow_00008":{"y":20.9,"width":400,"height":240},"EF/ef_graund_wave_yellow/ef_graund_wave_yellow_00009":{"y":20.9,"width":400,"height":240},"EF/ef_graund_wave_yellow/ef_graund_wave_yellow_00010":{"y":20.9,"width":400,"height":240},"EF/ef_graund_wave_yellow/ef_graund_wave_yellow_00011":{"y":20.9,"width":400,"height":240},"EF/ef_graund_wave_yellow/ef_graund_wave_yellow_00012":{"y":20.9,"width":400,"height":240},"EF/ef_graund_wave_yellow/ef_graund_wave_yellow_00013":{"y":20.9,"width":400,"height":240},"EF/ef_graund_wave_yellow/ef_graund_wave_yellow_00014":{"y":20.9,"width":400,"height":240}},"EF_groundwave1_2":{"EF/ef_graund_wave_yellow/ef_graund_wave_yellow_00002":{"y":20.9,"width":400,"height":240},"EF/ef_graund_wave_yellow/ef_graund_wave_yellow_00003":{"y":20.9,"width":400,"height":240},"EF/ef_graund_wave_yellow/ef_graund_wave_yellow_00004":{"y":20.9,"width":400,"height":240},"EF/ef_graund_wave_yellow/ef_graund_wave_yellow_00005":{"y":20.9,"width":400,"height":240},"EF/ef_graund_wave_yellow/ef_graund_wave_yellow_00006":{"y":20.9,"width":400,"height":240},"EF/ef_graund_wave_yellow/ef_graund_wave_yellow_00007":{"y":20.9,"width":400,"height":240},"EF/ef_graund_wave_yellow/ef_graund_wave_yellow_00008":{"y":20.9,"width":400,"height":240},"EF/ef_graund_wave_yellow/ef_graund_wave_yellow_00009":{"y":20.9,"width":400,"height":240},"EF/ef_graund_wave_yellow/ef_graund_wave_yellow_00010":{"y":20.9,"width":400,"height":240},"EF/ef_graund_wave_yellow/ef_graund_wave_yellow_00011":{"y":20.9,"width":400,"height":240},"EF/ef_graund_wave_yellow/ef_graund_wave_yellow_00012":{"y":20.9,"width":400,"height":240},"EF/ef_graund_wave_yellow/ef_graund_wave_yellow_00013":{"y":20.9,"width":400,"height":240},"EF/ef_graund_wave_yellow/ef_graund_wave_yellow_00014":{"y":20.9,"width":400,"height":240}},"EF_of_blue1_1":{"EF/ef_OF_blue/ef_OF_blue_00001":{"width":120,"height":120}},"EF_skill1":{"EF/dot/EF_skill1_00":{"x":77.62,"scaleX":1.999,"scaleY":2,"width":256,"height":256},"EF/dot/EF_skill1_01":{"x":77.62,"scaleX":1.999,"scaleY":2,"width":256,"height":256}},"EF_skill2":{"EF/dot/EF_skill2_00":{"scaleX":2,"scaleY":2,"width":256,"height":256},"EF/dot/EF_skill2_01":{"scaleX":2,"scaleY":2,"width":256,"height":256},"EF/dot/EF_skill2_02":{"scaleX":2,"scaleY":2,"width":256,"height":256},"EF/dot/EF_skill2_03":{"scaleX":2,"scaleY":2,"width":256,"height":256},"EF/dot/EF_skill2_04":{"scaleX":2,"scaleY":2,"width":256,"height":256},"EF/dot/EF_skill2_05":{"scaleX":2,"scaleY":2,"width":256,"height":256},"EF/dot/EF_skill2_06":{"scaleX":2,"scaleY":2,"width":256,"height":256},"EF/dot/EF_skill2_07":{"scaleX":2,"scaleY":2,"width":256,"height":256},"EF/dot/EF_skill2_08":{"scaleX":2,"scaleY":2,"width":256,"height":256},"EF/dot/EF_skill2_09":{"scaleX":2,"scaleY":2,"width":256,"height":256},"EF/dot/EF_skill2_10":{"scaleX":2,"scaleY":2,"width":256,"height":256},"EF/dot/EF_skill2_11":{"scaleX":2,"scaleY":2,"width":256,"height":256},"EF/dot/EF_skill2_12":{"scaleX":2,"scaleY":2,"width":256,"height":256},"EF/dot/EF_skill2_13":{"scaleX":2,"scaleY":2,"width":256,"height":256},"EF/dot/EF_skill2_14":{"scaleX":2,"scaleY":2,"width":256,"height":256},"EF/dot/EF_skill2_15":{"scaleX":2,"scaleY":2,"width":256,"height":256}},"EF_smoke1_1":{"EF/ef_arm_smoke_main/ef_arm_smoke_main_00001":{"x":12.06,"y":25.92,"width":160,"height":160},"EF/ef_arm_smoke_main/ef_arm_smoke_main_00003":{"x":12.06,"y":25.92,"width":160,"height":160},"EF/ef_arm_smoke_main/ef_arm_smoke_main_00005":{"x":12.06,"y":25.92,"width":160,"height":160},"EF/ef_arm_smoke_main/ef_arm_smoke_main_00008":{"x":12.06,"y":25.92,"width":160,"height":160},"EF/ef_arm_smoke_main/ef_arm_smoke_main_00010":{"x":12.06,"y":25.92,"width":160,"height":160},"EF/ef_arm_smoke_main/ef_arm_smoke_main_00011":{"x":12.06,"y":25.92,"width":160,"height":160},"EF/ef_arm_smoke_main/ef_arm_smoke_main_00012":{"x":12.06,"y":25.92,"width":160,"height":160}},"HITBOX":{"HITBOX":{"type":"boundingbox","vertices":[-22.51388,56.09062,-21.16988,-63.52535,31.24611,-62.18136,27.88611,55.41858]}},"MAIN":{"attack1_00":{"x":-29.53,"y":-26.4,"scaleX":2,"scaleY":2,"width":256,"height":256},"attack1_01":{"x":-29.53,"y":-26.4,"scaleX":2,"scaleY":2,"width":256,"height":256},"attack1_02":{"x":-29.53,"y":-26.4,"scaleX":2,"scaleY":2,"width":256,"height":256},"attack1_03":{"x":-29.53,"y":-26.4,"scaleX":2,"scaleY":2,"width":256,"height":256},"attack1_04":{"x":-29.53,"y":-26.4,"scaleX":2,"scaleY":2,"width":256,"height":256},"attack1_05":{"x":-29.53,"y":-26.4,"scaleX":2,"scaleY":2,"width":256,"height":256},"back_00":{"x":-29.53,"y":-26.4,"scaleX":2,"scaleY":2,"width":256,"height":256},"back_01":{"x":-29.53,"y":-26.4,"scaleX":2,"scaleY":2,"width":256,"height":256},"cast_00":{"x":-29.53,"y":-26.4,"scaleX":2,"scaleY":2,"width":256,"height":256},"damage_00":{"x":-29.53,"y":-26.4,"scaleX":2,"scaleY":2,"width":256,"height":256},"front_00":{"x":-29.53,"y":-17.04,"scaleX":2,"scaleY":2,"width":256,"height":256},"front_01":{"x":-29.53,"y":-17.04,"scaleX":2,"scaleY":2,"width":256,"height":256},"idle_00":{"x":-29.53,"y":-26.4,"scaleX":2,"scaleY":2,"width":256,"height":256},"idle_01":{"x":-29.53,"y":-26.4,"scaleX":2,"scaleY":2,"width":256,"height":256},"idle_02":{"x":-29.53,"y":-26.4,"scaleX":2,"scaleY":2,"width":256,"height":256},"idle_03":{"x":-29.53,"y":-26.4,"scaleX":2,"scaleY":2,"width":256,"height":256},"out_00":{"x":-29.53,"y":-26.4,"scaleX":2,"scaleY":2,"width":256,"height":256},"out_01":{"x":-29.53,"y":-26.4,"scaleX":2,"scaleY":2,"width":256,"height":256},"out_02":{"x":-29.53,"y":-26.4,"scaleX":2,"scaleY":2,"width":256,"height":256},"out_03":{"x":-29.53,"y":-15.39,"scaleX":2,"scaleY":2,"width":256,"height":256},"skill1_00":{"x":-29.53,"y":-26.4,"scaleX":2,"scaleY":2,"width":256,"height":256},"skill1_01":{"x":-29.53,"y":-26.4,"scaleX":2,"scaleY":2,"width":256,"height":256},"skill1_02":{"x":-29.53,"y":-26.4,"scaleX":2,"scaleY":2,"width":256,"height":256},"skill1_03":{"x":-29.53,"y":-26.4,"scaleX":2,"scaleY":2,"width":256,"height":256},"skill1_04":{"y":-26.4,"scaleX":2,"scaleY":2,"width":256,"height":256},"skill1_05":{"y":-26.4,"scaleX":2,"scaleY":2,"width":256,"height":256},"skill1_06":{"y":-26.4,"scaleX":2,"scaleY":2,"width":256,"height":256},"skill1_07":{"x":-29.53,"y":-26.4,"scaleX":2,"scaleY":2,"width":256,"height":256},"skill2_00":{"x":-29.53,"y":-26.4,"scaleX":2,"scaleY":2,"width":256,"height":256},"skill2_01":{"x":-29.53,"y":-26.4,"scaleX":2,"scaleY":2,"width":256,"height":256},"skill2_02":{"x":-29.53,"y":-26.4,"scaleX":2,"scaleY":2,"width":256,"height":256},"skill2_03":{"x":-29.53,"y":-26.4,"scaleX":2,"scaleY":2,"width":256,"height":256},"skill2_04":{"x":-29.53,"y":-26.4,"scaleX":2,"scaleY":2,"width":256,"height":256}},"MAIN2":{"attack1_00":{"x":-29.53,"y":-26.4,"scaleX":2,"scaleY":2,"width":256,"height":256},"attack1_01":{"x":-29.53,"y":-26.4,"scaleX":2,"scaleY":2,"width":256,"height":256},"attack1_02":{"x":-29.53,"y":-26.4,"scaleX":2,"scaleY":2,"width":256,"height":256},"attack1_03":{"x":-29.53,"y":-26.4,"scaleX":2,"scaleY":2,"width":256,"height":256},"attack1_04":{"x":-29.53,"y":-26.4,"scaleX":2,"scaleY":2,"width":256,"height":256},"attack1_05":{"x":-29.53,"y":-26.4,"scaleX":2,"scaleY":2,"width":256,"height":256},"back_00":{"x":-29.53,"y":-26.4,"scaleX":2,"scaleY":2,"width":256,"height":256},"back_01":{"x":-29.53,"y":-26.4,"scaleX":2,"scaleY":2,"width":256,"height":256},"cast_00":{"x":-29.53,"y":-26.4,"scaleX":2,"scaleY":2,"width":256,"height":256},"damage_00":{"x":-29.53,"y":-26.4,"scaleX":2,"scaleY":2,"width":256,"height":256},"front_00":{"x":-29.53,"y":-17.04,"scaleX":2,"scaleY":2,"width":256,"height":256},"front_01":{"x":-29.53,"y":-17.04,"scaleX":2,"scaleY":2,"width":256,"height":256},"idle_00":{"x":-29.53,"y":-26.4,"scaleX":2,"scaleY":2,"width":256,"height":256},"idle_01":{"x":-29.53,"y":-26.4,"scaleX":2,"scaleY":2,"width":256,"height":256},"idle_02":{"x":-29.53,"y":-26.4,"scaleX":2,"scaleY":2,"width":256,"height":256},"idle_03":{"x":-29.53,"y":-26.4,"scaleX":2,"scaleY":2,"width":256,"height":256},"out_00":{"x":-29.53,"y":-26.4,"scaleX":2,"scaleY":2,"width":256,"height":256},"out_01":{"x":-29.53,"y":-26.4,"scaleX":2,"scaleY":2,"width":256,"height":256},"out_02":{"x":-29.53,"y":-26.4,"scaleX":2,"scaleY":2,"width":256,"height":256},"out_03":{"x":-29.53,"y":-15.39,"scaleX":2,"scaleY":2,"width":256,"height":256},"skill1_00":{"x":-29.53,"y":-26.4,"scaleX":2,"scaleY":2,"width":256,"height":256},"skill1_01":{"x":-29.53,"y":-26.4,"scaleX":2,"scaleY":2,"width":256,"height":256},"skill1_02":{"x":-29.53,"y":-26.4,"scaleX":2,"scaleY":2,"width":256,"height":256},"skill1_03":{"x":-29.53,"y":-26.4,"scaleX":2,"scaleY":2,"width":256,"height":256},"skill1_04":{"y":-26.4,"scaleX":2,"scaleY":2,"width":256,"height":256},"skill1_05":{"y":-26.4,"scaleX":2,"scaleY":2,"width":256,"height":256},"skill1_06":{"y":-26.4,"scaleX":2,"scaleY":2,"width":256,"height":256},"skill1_07":{"x":-29.53,"y":-26.4,"scaleX":2,"scaleY":2,"width":256,"height":256},"skill2_00":{"x":-29.53,"y":-26.4,"scaleX":2,"scaleY":2,"width":256,"height":256},"skill2_01":{"x":-29.53,"y":-26.4,"scaleX":2,"scaleY":2,"width":256,"height":256},"skill2_02":{"x":-29.53,"y":-26.4,"scaleX":2,"scaleY":2,"width":256,"height":256},"skill2_03":{"x":-29.53,"y":-26.4,"scaleX":2,"scaleY":2,"width":256,"height":256},"skill2_04":{"x":-29.53,"y":-26.4,"scaleX":2,"scaleY":2,"width":256,"height":256}},"MANT":{"mant00":{"x":-29.53,"y":-26.4,"scaleX":2,"scaleY":2,"width":256,"height":256},"mant01":{"x":-29.53,"y":-26.4,"scaleX":2,"scaleY":2,"width":256,"height":256},"mant02":{"x":-29.53,"y":-26.4,"scaleX":2,"scaleY":2,"width":256,"height":256},"mant03":{"x":-29.53,"y":-26.4,"scaleX":2,"scaleY":2,"width":256,"height":256}}}},"events":{"Event":{},"Event2":{},"Hit":{},"Sound1":{},"Sound2":{},"Sound3":{},"Voice":{}},"animations":{"attack1":{"slots":{"MAIN":{"attachment":[{"time":0,"name":"attack1_00"},{"time":0.2,"name":"attack1_02"},{"time":0.3666,"name":"attack1_00"},{"time":0.5,"name":"attack1_01"},{"time":0.6666,"name":"attack1_00"},{"time":0.8333,"name":"attack1_00"}]},"MANT":{"attachment":[{"time":0,"name":"mant00"},{"time":0.2333,"name":"mant01"},{"time":0.4333,"name":"mant02"},{"time":0.6333,"name":"mant03"},{"time":0.8333,"name":"mant00"}]}}},"attack2":{"slots":{"MAIN":{"attachment":[{"time":0,"name":"attack1_03"},{"time":0.1333,"name":"attack1_04"},{"time":0.3333,"name":"attack1_05"},{"time":0.5,"name":"attack1_04"},{"time":0.7,"name":"attack1_05"},{"time":0.8333,"name":"attack1_03"}]},"MANT":{"attachment":[{"time":0,"name":"mant00"},{"time":0.2333,"name":"mant01"},{"time":0.4333,"name":"mant02"},{"time":0.6333,"name":"mant03"},{"time":0.8333,"name":"mant00"}]}}},"back":{"slots":{"MAIN":{"attachment":[{"time":0,"name":"idle_00"},{"time":0.0333,"name":"back_00"},{"time":0.2,"name":"back_01"},{"time":0.2666,"name":"idle_00"},{"time":0.6666,"name":"idle_00"}]},"MANT":{"attachment":[{"time":0,"name":"mant01"},{"time":0.0333,"name":null},{"time":0.2666,"name":"mant01"},{"time":0.3333,"name":"mant02"},{"time":0.5,"name":"mant03"},{"time":0.6666,"name":"mant00"}]}},"bones":{"MAIN":{"translate":[{"time":0,"x":0,"y":0,"curve":[0.158,0.45,0.75,1]},{"time":0.1,"x":105.28,"y":3.59},{"time":0.2666,"x":139,"y":0,"curve":[0.167,0.49,0.75,1]},{"time":0.3666,"x":140,"y":0}]}},"events":[{"time":0.0333,"name":"Sound1","string":"cri_se_battle_jump"}]},"cast":{"slots":{"MAIN":{"attachment":[{"time":0,"name":"idle_00"},{"time":0.2333,"name":"idle_01"},{"time":0.5,"name":"cast_00"},{"time":0.7,"name":"idle_02"},{"time":0.8666,"name":"idle_03"},{"time":1,"name":"idle_00"}]},"MANT":{"attachment":[{"time":0,"name":"mant00"},{"time":0.1333,"name":"mant01"},{"time":0.3,"name":"mant02"},{"time":0.4333,"name":"mant03"},{"time":0.5,"name":null},{"time":0.7,"name":"mant02"},{"time":0.8666,"name":"mant03"},{"time":1,"name":"mant00"}]}},"events":[{"time":0.5,"name":"Voice","string":"cri_707_voice_item"}]},"damage":{"slots":{"EF_damage":{"attachment":[{"time":0,"name":"EF/dot/EF_damage_00"}]},"MAIN":{"attachment":[{"time":0,"name":"damage_00"}]},"MANT":{"attachment":[{"time":0,"name":null}]}},"bones":{"EF_dot":{"translate":[{"time":0,"x":-54.92,"y":76.16}]}}},"front":{"slots":{"MAIN":{"attachment":[{"time":0,"name":"front_00"}]},"MANT":{"attachment":[{"time":0,"name":null}]}}},"front2":{"slots":{"MAIN":{"attachment":[{"time":0,"name":"front_01"}]},"MANT":{"attachment":[{"time":0,"name":null}]}}},"idle":{"slots":{"MAIN":{"attachment":[{"time":0,"name":"idle_00"},{"time":0.2333,"name":"idle_01"},{"time":0.4333,"name":"idle_02"},{"time":0.6333,"name":"idle_03"},{"time":0.8333,"name":"idle_00"}]},"MANT":{"attachment":[{"time":0,"name":"mant00"},{"time":0.2333,"name":"mant01"},{"time":0.4333,"name":"mant02"},{"time":0.6333,"name":"mant03"},{"time":0.8333,"name":"mant00"}]}}},"in":{"slots":{"MAIN":{"attachment":[{"time":0,"name":"front_00"}],"color":[{"time":0,"color":"ffffff00"},{"time":0.1333,"color":"ffffffff"}]},"MANT":{"attachment":[{"time":0,"name":null}]}},"bones":{"MAIN":{"translate":[{"time":0,"x":327.16,"y":0,"curve":[0.069,0.66,0.75,1]},{"time":0.3333,"x":0,"y":0}]}},"events":[{"time":0,"name":"Sound1","string":"cri_se_battle_Flutter"},{"time":0,"name":"Voice","string":"cri_707_voice_battlestart_a"}]},"in2":{"slots":{"MAIN":{"attachment":[{"time":0,"name":"front_00"}],"color":[{"time":0,"color":"ffffff00"},{"time":0.1333,"color":"ffffffff"}]},"MANT":{"attachment":[{"time":0,"name":null}]}},"bones":{"MAIN":{"translate":[{"time":0,"x":327.16,"y":0,"curve":[0.069,0.66,0.75,1]},{"time":0.3333,"x":0,"y":0}]}},"events":[{"time":0,"name":"Sound1","string":"cri_se_battle_Flutter"}]},"out":{"slots":{"EF_damage":{"attachment":[{"time":0,"name":"EF/dot/EF_damage_00"},{"time":0.1,"name":null}]},"MAIN":{"attachment":[{"time":0,"name":"damage_00"},{"time":0.3,"name":"idle_00"},{"time":0.4,"name":"out_01"},{"time":0.5,"name":"out_00"},{"time":0.6,"name":"out_01"},{"time":0.7,"name":"out_00"},{"time":0.9666,"name":"out_02"},{"time":1.1,"name":null}],"color":[{"time":1.1,"color":"ffffffff"},{"time":1.5,"color":"ffffff00"}]},"MAIN2":{"attachment":[{"time":1.1,"name":"out_03"}],"color":[{"time":1.1,"color":"ffffffff"},{"time":1.5,"color":"ffffff00"}]},"MANT":{"attachment":[{"time":0,"name":null},{"time":0.3,"name":"mant00"},{"time":0.4,"name":"mant01"},{"time":0.5,"name":"mant02"},{"time":0.6,"name":"mant03"},{"time":0.7,"name":"mant00"},{"time":0.8333,"name":"mant01"},{"time":0.9666,"name":null}],"color":[{"time":1.1,"color":"ffffffff"},{"time":1.5,"color":"ffffff00"}]}},"bones":{"MAIN":{"translate":[{"time":0,"x":0,"y":0}]},"EF_dot":{"translate":[{"time":0,"x":-54.92,"y":76.16}]},"MAIN2":{"translate":[{"time":1.1,"x":25.3,"y":0,"curve":[0.154,0.45,0.75,1]},{"time":1.5,"x":150,"y":0}]}}},"skill1":{"slots":{"DAMAGEAREA":{"attachment":[{"time":0.5666,"name":"DAMAGEAREA"},{"time":0.7666,"name":null}]},"EF_dash1_1":{"attachment":[{"time":0.5666,"name":"EF/ef_dash_yellow/ef_dash_yellow_00001"},{"time":0.6333,"name":"EF/ef_dash_yellow/ef_dash_yellow_00003"},{"time":0.7,"name":"EF/ef_dash_yellow/ef_dash_yellow_00005"},{"time":0.7333,"name":"EF/ef_dash_yellow/ef_dash_yellow_00007"},{"time":0.7666,"name":"EF/ef_dash_yellow/ef_dash_yellow_00009"},{"time":0.8,"name":"EF/ef_dash_yellow/ef_dash_yellow_00011"},{"time":0.8333,"name":"EF/ef_dash_yellow/ef_dash_yellow_00013"},{"time":0.8666,"name":null}]},"EF_dust1_1":{"attachment":[{"time":0.6333,"name":"EF/ef_tuti_yellow/ef_tuti_yellow_00001"},{"time":0.6666,"name":"EF/ef_tuti_yellow/ef_tuti_yellow_00003"},{"time":0.7,"name":"EF/ef_tuti_yellow/ef_tuti_yellow_00005"},{"time":0.7333,"name":"EF/ef_tuti_yellow/ef_tuti_yellow_00007"},{"time":0.7666,"name":"EF/ef_tuti_yellow/ef_tuti_yellow_00009"},{"time":0.8333,"name":"EF/ef_tuti_yellow/ef_tuti_yellow_00011"},{"time":0.9,"name":"EF/ef_tuti_yellow/ef_tuti_yellow_00013"},{"time":0.9666,"name":"EF/ef_tuti_yellow/ef_tuti_yellow_00015"},{"time":1.0333,"name":"EF/ef_tuti_yellow/ef_tuti_yellow_00017"},{"time":1.1,"name":null}]},"EF_groundwave1_1":{"attachment":[{"time":0.6333,"name":"EF/ef_graund_wave_yellow/ef_graund_wave_yellow_00002"},{"time":0.6666,"name":"EF/ef_graund_wave_yellow/ef_graund_wave_yellow_00003"},{"time":0.7,"name":"EF/ef_graund_wave_yellow/ef_graund_wave_yellow_00004"},{"time":0.7333,"name":"EF/ef_graund_wave_yellow/ef_graund_wave_yellow_00005"},{"time":0.7666,"name":"EF/ef_graund_wave_yellow/ef_graund_wave_yellow_00006"},{"time":0.8,"name":"EF/ef_graund_wave_yellow/ef_graund_wave_yellow_00007"},{"time":0.8333,"name":"EF/ef_graund_wave_yellow/ef_graund_wave_yellow_00008"},{"time":0.8666,"name":"EF/ef_graund_wave_yellow/ef_graund_wave_yellow_00009"},{"time":0.9,"name":"EF/ef_graund_wave_yellow/ef_graund_wave_yellow_00010"},{"time":0.9333,"name":"EF/ef_graund_wave_yellow/ef_graund_wave_yellow_00011"},{"time":0.9666,"name":"EF/ef_graund_wave_yellow/ef_graund_wave_yellow_00012"},{"time":1,"name":"EF/ef_graund_wave_yellow/ef_graund_wave_yellow_00013"},{"time":1.0333,"name":"EF/ef_graund_wave_yellow/ef_graund_wave_yellow_00014"},{"time":1.0666,"name":null}],"color":[{"time":0.6333,"color":"ffffffff","curve":"stepped"},{"time":0.9333,"color":"ffffffff","curve":[0.212,0.51,0.75,1]},{"time":1.0666,"color":"ffffff00"}]},"EF_skill1":{"attachment":[{"time":0.6666,"name":"EF/dot/EF_skill1_00"},{"time":0.7333,"name":"EF/dot/EF_skill1_01"},{"time":0.7666,"name":null}]},"EF_smoke1_1":{"attachment":[{"time":0.6666,"name":"EF/ef_arm_smoke_main/ef_arm_smoke_main_00001"},{"time":0.7,"name":"EF/ef_arm_smoke_main/ef_arm_smoke_main_00003"},{"time":0.7333,"name":"EF/ef_arm_smoke_main/ef_arm_smoke_main_00005"},{"time":0.7666,"name":"EF/ef_arm_smoke_main/ef_arm_smoke_main_00008"},{"time":0.8,"name":"EF/ef_arm_smoke_main/ef_arm_smoke_main_00010"},{"time":0.8333,"name":"EF/ef_arm_smoke_main/ef_arm_smoke_main_00011"},{"time":0.8666,"name":"EF/ef_arm_smoke_main/ef_arm_smoke_main_00012"},{"time":0.9,"name":null}]},"MAIN":{"attachment":[{"time":0.1666,"name":"skill1_00"},{"time":0.3,"name":"skill1_01"},{"time":0.4666,"name":"skill1_02"},{"time":0.5666,"name":"skill1_03"},{"time":0.6666,"name":"skill1_04"},{"time":0.7333,"name":"skill1_05"},{"time":0.8,"name":"skill1_06"},{"time":1.1333,"name":"idle_00"}],"color":[{"time":0,"color":"ffffffff"},{"time":0.0666,"color":"ffffff00","curve":"stepped"},{"time":0.1666,"color":"ffffff00"},{"time":0.2333,"color":"ffffffff"}]},"MANT":{"attachment":[{"time":0.1666,"name":null},{"time":1.1333,"name":"mant00"},{"time":1.3666,"name":"mant01"},{"time":1.5666,"name":"mant02"},{"time":1.7666,"name":"mant03"},{"time":1.9666,"name":"mant00"}],"color":[{"time":0,"color":"ffffffff"},{"time":0.0666,"color":"ffffff00","curve":"stepped"},{"time":0.1666,"color":"ffffff00"},{"time":0.2333,"color":"ffffffff"}]}},"bones":{"MAIN":{"translate":[{"time":0,"x":0,"y":0,"curve":"stepped"},{"time":0.6666,"x":-36.13,"y":0,"curve":"stepped"},{"time":0.9666,"x":-78.84,"y":0}]},"EF_dot":{"translate":[{"time":0.6666,"x":-142.14,"y":30}]},"EF_dash1_1":{"translate":[{"time":0.5666,"x":-77.11,"y":0}],"scale":[{"time":0.5666,"x":1.5,"y":1.5}]},"EF_dust1_1":{"translate":[{"time":0.6333,"x":-136.87,"y":0}],"scale":[{"time":0.6333,"x":1,"y":1,"curve":[0.178,0.46,0.75,1]},{"time":1.1,"x":1.5,"y":1.5}]},"EF_groundwave1_1":{"translate":[{"time":0.6333,"x":-48.22,"y":0}],"scale":[{"time":0.6333,"x":1,"y":1,"curve":[0.205,0.57,0.75,1]},{"time":1.0666,"x":2,"y":2}]},"EF_smoke1_1":{"rotate":[{"time":0.6666,"angle":-58.69}],"translate":[{"time":0.6666,"x":-318.83,"y":-15.36}],"scale":[{"time":0.6666,"x":3.423,"y":3.423}]},"DAMAGEAREA":{"translate":[{"time":0.5666,"x":-75.34,"y":71.03}],"scale":[{"time":0.5666,"x":1.434,"y":1.482}]}},"events":[{"time":0,"name":"Event","int":50,"string":"kImpactType_knock"},{"time":0.0333,"name":"Event","float":0.25,"string":"kHitStopType_normal"},{"time":0.0666,"name":"Voice","string":"cri_707_voice_skill_all"},{"time":0.1,"name":"Event","int":150,"float":150,"string":"setPosition_Target"},{"time":0.5333,"name":"Sound1","string":"cri_se_battle_033_explosion_element_01"},{"time":0.5333,"name":"Sound2","string":"cri_se_battle_skill_shot"},{"time":0.5333,"name":"Sound3","string":"setHitSound(se_battle_hard_hit)"},{"time":0.5666,"name":"Event2","float":1,"string":"shakeGround"}]},"skill2":{"slots":{"DAMAGEAREA":{"attachment":[{"time":0.6333,"name":"DAMAGEAREA"},{"time":2.5333,"name":null}]},"EF_groundwave1_1":{"attachment":[{"time":0.6333,"name":"EF/ef_graund_wave_yellow/ef_graund_wave_yellow_00002"},{"time":0.6666,"name":"EF/ef_graund_wave_yellow/ef_graund_wave_yellow_00004"},{"time":0.7,"name":"EF/ef_graund_wave_yellow/ef_graund_wave_yellow_00006"},{"time":0.7333,"name":"EF/ef_graund_wave_yellow/ef_graund_wave_yellow_00008"},{"time":0.7666,"name":"EF/ef_graund_wave_yellow/ef_graund_wave_yellow_00010"},{"time":0.8,"name":"EF/ef_graund_wave_yellow/ef_graund_wave_yellow_00012"},{"time":0.8333,"name":"EF/ef_graund_wave_yellow/ef_graund_wave_yellow_00014"},{"time":0.8666,"name":null},{"time":1.2333,"name":"EF/ef_graund_wave_yellow/ef_graund_wave_yellow_00002"},{"time":1.2666,"name":"EF/ef_graund_wave_yellow/ef_graund_wave_yellow_00004"},{"time":1.3,"name":"EF/ef_graund_wave_yellow/ef_graund_wave_yellow_00006"},{"time":1.3333,"name":"EF/ef_graund_wave_yellow/ef_graund_wave_yellow_00008"},{"time":1.3666,"name":"EF/ef_graund_wave_yellow/ef_graund_wave_yellow_00010"},{"time":1.4,"name":"EF/ef_graund_wave_yellow/ef_graund_wave_yellow_00012"},{"time":1.4333,"name":"EF/ef_graund_wave_yellow/ef_graund_wave_yellow_00014"},{"time":1.4666,"name":null},{"time":1.6666,"name":"EF/ef_graund_wave_yellow/ef_graund_wave_yellow_00002"},{"time":1.7,"name":"EF/ef_graund_wave_yellow/ef_graund_wave_yellow_00004"},{"time":1.7333,"name":"EF/ef_graund_wave_yellow/ef_graund_wave_yellow_00006"},{"time":1.7666,"name":"EF/ef_graund_wave_yellow/ef_graund_wave_yellow_00008"},{"time":1.8,"name":"EF/ef_graund_wave_yellow/ef_graund_wave_yellow_00010"},{"time":1.8333,"name":"EF/ef_graund_wave_yellow/ef_graund_wave_yellow_00012"},{"time":1.8666,"name":"EF/ef_graund_wave_yellow/ef_graund_wave_yellow_00014"},{"time":1.9,"name":null},{"time":1.9666,"name":"EF/ef_graund_wave_yellow/ef_graund_wave_yellow_00002"},{"time":2,"name":"EF/ef_graund_wave_yellow/ef_graund_wave_yellow_00004"},{"time":2.0333,"name":"EF/ef_graund_wave_yellow/ef_graund_wave_yellow_00006"},{"time":2.0666,"name":"EF/ef_graund_wave_yellow/ef_graund_wave_yellow_00008"},{"time":2.1,"name":"EF/ef_graund_wave_yellow/ef_graund_wave_yellow_00010"},{"time":2.1333,"name":"EF/ef_graund_wave_yellow/ef_graund_wave_yellow_00012"},{"time":2.1666,"name":"EF/ef_graund_wave_yellow/ef_graund_wave_yellow_00014"},{"time":2.2,"name":null},{"time":2.3,"name":"EF/ef_graund_wave_yellow/ef_graund_wave_yellow_00002"},{"time":2.3333,"name":"EF/ef_graund_wave_yellow/ef_graund_wave_yellow_00004"},{"time":2.3666,"name":"EF/ef_graund_wave_yellow/ef_graund_wave_yellow_00006"},{"time":2.4,"name":"EF/ef_graund_wave_yellow/ef_graund_wave_yellow_00008"},{"time":2.4333,"name":"EF/ef_graund_wave_yellow/ef_graund_wave_yellow_00010"},{"time":2.4666,"name":"EF/ef_graund_wave_yellow/ef_graund_wave_yellow_00012"},{"time":2.5,"name":"EF/ef_graund_wave_yellow/ef_graund_wave_yellow_00014"},{"time":2.5333,"name":null}]},"EF_groundwave1_2":{"attachment":[{"time":0.8666,"name":"EF/ef_graund_wave_yellow/ef_graund_wave_yellow_00002"},{"time":0.9,"name":"EF/ef_graund_wave_yellow/ef_graund_wave_yellow_00004"},{"time":0.9333,"name":"EF/ef_graund_wave_yellow/ef_graund_wave_yellow_00006"},{"time":0.9666,"name":"EF/ef_graund_wave_yellow/ef_graund_wave_yellow_00008"},{"time":1,"name":"EF/ef_graund_wave_yellow/ef_graund_wave_yellow_00010"},{"time":1.0333,"name":"EF/ef_graund_wave_yellow/ef_graund_wave_yellow_00012"},{"time":1.0666,"name":"EF/ef_graund_wave_yellow/ef_graund_wave_yellow_00014"},{"time":1.1,"name":null},{"time":1.4666,"name":"EF/ef_graund_wave_yellow/ef_graund_wave_yellow_00002"},{"time":1.5,"name":"EF/ef_graund_wave_yellow/ef_graund_wave_yellow_00004"},{"time":1.5333,"name":"EF/ef_graund_wave_yellow/ef_graund_wave_yellow_00006"},{"time":1.5666,"name":"EF/ef_graund_wave_yellow/ef_graund_wave_yellow_00008"},{"time":1.6,"name":"EF/ef_graund_wave_yellow/ef_graund_wave_yellow_00010"},{"time":1.6333,"name":"EF/ef_graund_wave_yellow/ef_graund_wave_yellow_00012"},{"time":1.6666,"name":"EF/ef_graund_wave_yellow/ef_graund_wave_yellow_00014"},{"time":1.7,"name":null},{"time":1.8333,"name":"EF/ef_graund_wave_yellow/ef_graund_wave_yellow_00002"},{"time":1.8666,"name":"EF/ef_graund_wave_yellow/ef_graund_wave_yellow_00004"},{"time":1.9,"name":"EF/ef_graund_wave_yellow/ef_graund_wave_yellow_00006"},{"time":1.9333,"name":"EF/ef_graund_wave_yellow/ef_graund_wave_yellow_00008"},{"time":1.9666,"name":"EF/ef_graund_wave_yellow/ef_graund_wave_yellow_00010"},{"time":2,"name":"EF/ef_graund_wave_yellow/ef_graund_wave_yellow_00012"},{"time":2.0333,"name":"EF/ef_graund_wave_yellow/ef_graund_wave_yellow_00014"},{"time":2.0666,"name":null},{"time":2.1,"name":"EF/ef_graund_wave_yellow/ef_graund_wave_yellow_00002"},{"time":2.1333,"name":"EF/ef_graund_wave_yellow/ef_graund_wave_yellow_00004"},{"time":2.1666,"name":"EF/ef_graund_wave_yellow/ef_graund_wave_yellow_00006"},{"time":2.2,"name":"EF/ef_graund_wave_yellow/ef_graund_wave_yellow_00008"},{"time":2.2333,"name":"EF/ef_graund_wave_yellow/ef_graund_wave_yellow_00010"},{"time":2.2666,"name":"EF/ef_graund_wave_yellow/ef_graund_wave_yellow_00012"},{"time":2.3,"name":"EF/ef_graund_wave_yellow/ef_graund_wave_yellow_00014"},{"time":2.3333,"name":null},{"time":2.3666,"name":"EF/ef_graund_wave_yellow/ef_graund_wave_yellow_00002"},{"time":2.4,"name":"EF/ef_graund_wave_yellow/ef_graund_wave_yellow_00004"},{"time":2.4333,"name":"EF/ef_graund_wave_yellow/ef_graund_wave_yellow_00006"},{"time":2.4666,"name":"EF/ef_graund_wave_yellow/ef_graund_wave_yellow_00008"},{"time":2.5,"name":"EF/ef_graund_wave_yellow/ef_graund_wave_yellow_00010"},{"time":2.5333,"name":"EF/ef_graund_wave_yellow/ef_graund_wave_yellow_00012"},{"time":2.5666,"name":"EF/ef_graund_wave_yellow/ef_graund_wave_yellow_00014"},{"time":2.6,"name":null}]},"EF_skill2":{"attachment":[{"time":0.6666,"name":"EF/dot/EF_skill2_00"},{"time":0.7333,"name":"EF/dot/EF_skill2_01"},{"time":0.8,"name":null},{"time":0.8666,"name":"EF/dot/EF_skill2_02"},{"time":0.9333,"name":"EF/dot/EF_skill2_03"},{"time":1,"name":null},{"time":1.0666,"name":"EF/dot/EF_skill2_00"},{"time":1.1333,"name":"EF/dot/EF_skill2_01"},{"time":1.2,"name":null},{"time":1.2666,"name":"EF/dot/EF_skill2_02"},{"time":1.3333,"name":"EF/dot/EF_skill2_03"},{"time":1.4,"name":null},{"time":1.4666,"name":"EF/dot/EF_skill2_04"},{"time":1.5333,"name":"EF/dot/EF_skill2_05"},{"time":1.6,"name":"EF/dot/EF_skill2_06"},{"time":1.6666,"name":"EF/dot/EF_skill2_07"},{"time":1.7333,"name":"EF/dot/EF_skill2_08"},{"time":1.8,"name":"EF/dot/EF_skill2_09"},{"time":1.8666,"name":"EF/dot/EF_skill2_10"},{"time":1.9333,"name":"EF/dot/EF_skill2_11"},{"time":2,"name":"EF/dot/EF_skill2_12"},{"time":2.0666,"name":"EF/dot/EF_skill2_13"},{"time":2.1333,"name":"EF/dot/EF_skill2_14"},{"time":2.2,"name":"EF/dot/EF_skill2_15"},{"time":2.2666,"name":"EF/dot/EF_skill2_10"},{"time":2.3333,"name":"EF/dot/EF_skill2_11"},{"time":2.4,"name":"EF/dot/EF_skill2_12"},{"time":2.4666,"name":"EF/dot/EF_skill2_13"},{"time":2.5333,"name":"EF/dot/EF_skill2_14"},{"time":2.6,"name":"EF/dot/EF_skill2_15"},{"time":2.6333,"name":null}]},"MAIN":{"attachment":[{"time":0.1666,"name":"front_00"},{"time":0.3,"name":"skill1_00"},{"time":0.4666,"name":"skill2_00"},{"time":0.6333,"name":"skill2_01"},{"time":0.8666,"name":"skill2_02"},{"time":1,"name":"skill2_03"},{"time":1.0666,"name":"skill2_02"},{"time":1.2,"name":"skill2_03"},{"time":1.2666,"name":"skill2_02"},{"time":2.6666,"name":"skill2_03"},{"time":3.1333,"name":"idle_00"}],"color":[{"time":0,"color":"ffffffff"},{"time":0.0666,"color":"ffffff00","curve":"stepped"},{"time":0.1666,"color":"ffffff00"},{"time":0.2333,"color":"ffffffff"}]},"MANT":{"attachment":[{"time":0.1666,"name":null},{"time":3.1333,"name":"mant00"}],"color":[{"time":0,"color":"ffffffff"},{"time":0.0666,"color":"ffffff00","curve":"stepped"},{"time":0.1666,"color":"ffffff00"},{"time":0.2333,"color":"ffffffff"}]}},"bones":{"EF_dot":{"translate":[{"time":0.6666,"x":-80.1,"y":18.6}]},"EF_groundwave1_1":{"scale":[{"time":1.9666,"x":1.5,"y":1.5}]},"EF_groundwave1_2":{"scale":[{"time":1.8333,"x":1.5,"y":1.5,"curve":"stepped"},{"time":1.9666,"x":1.5,"y":1.5}]},"DAMAGEAREA":{"translate":[{"time":0.6333,"x":-162.42,"y":90.8}],"scale":[{"time":0.6333,"x":2.723,"y":1.941}]}},"events":[{"time":0,"name":"Event","float":0.2,"string":"kHitStopType_normal"},{"time":0.0333,"name":"Event","string":"setHitBackEnemy(0,0)"},{"time":0.1666,"name":"Event","int":150,"float":150,"string":"setPosition_Target"},{"time":0.4666,"name":"Voice","string":"cri_707_voice_fullarts_rank5"},{"time":0.5333,"name":"Sound1","string":"cri_se_battle_033_explosion_element_01"},{"time":0.5333,"name":"Sound2","string":"cri_se_battle_skill_shot"},{"time":0.5333,"name":"Sound3","string":"setHitSound(se_battle_hard_hit)"},{"time":0.6333,"name":"Event2","float":0.5,"string":"shakeGround"},{"time":0.7333,"name":"Event2","float":0.5,"string":"shakeGround"},{"time":0.7333,"name":"Hit","string":"resetHitList"},{"time":0.7333,"name":"Sound1","string":"cri_se_battle_033_explosion_element_01"},{"time":0.7333,"name":"Sound2","string":"cri_se_battle_skill_shot"},{"time":0.9333,"name":"Event","float":0.15,"string":"kHitStopType_normal"},{"time":0.9333,"name":"Event2","float":0.5,"string":"shakeGround"},{"time":0.9333,"name":"Hit","string":"resetHitList"},{"time":0.9333,"name":"Sound1","string":"cri_se_battle_033_explosion_element_01"},{"time":0.9333,"name":"Sound2","string":"cri_se_battle_skill_shot"},{"time":1.1333,"name":"Event2","float":0.5,"string":"shakeGround"},{"time":1.1333,"name":"Hit","string":"resetHitList"},{"time":1.1333,"name":"Sound1","string":"cri_se_battle_033_explosion_element_01"},{"time":1.1333,"name":"Sound2","string":"cri_se_battle_skill_shot"},{"time":1.3333,"name":"Event2","float":1,"string":"shakeGround"},{"time":1.3333,"name":"Hit","string":"resetHitList"},{"time":1.3333,"name":"Sound1","string":"cri_se_battle_033_explosion_element_01"},{"time":1.3333,"name":"Sound2","string":"cri_se_battle_skill_shot"},{"time":1.4,"name":"Event","string":"setHitBackEnemy(4,0)"},{"time":1.4333,"name":"Event","float":0.03,"string":"kHitStopType_normal"},{"time":1.4333,"name":"Event2","float":1,"string":"shakeGround"},{"time":1.4333,"name":"Hit","string":"resetHitList"},{"time":1.4333,"name":"Sound1","string":"cri_se_battle_033_explosion_element_01"},{"time":1.4333,"name":"Sound2","string":"cri_se_battle_skill_shot"},{"time":1.5333,"name":"Event2","float":1,"string":"shakeGround"},{"time":1.5333,"name":"Hit","float":0.1,"string":"resetHitList"},{"time":1.5333,"name":"Sound1","string":"cri_se_battle_033_explosion_element_01"},{"time":1.5333,"name":"Sound2","string":"cri_se_battle_skill_shot"},{"time":1.6,"name":"Hit","float":0.1,"string":"resetHitList"},{"time":1.6,"name":"Sound1","string":"cri_se_battle_033_explosion_element_01"},{"time":1.6,"name":"Sound2","string":"cri_se_battle_skill_shot"},{"time":1.6666,"name":"Hit","float":0.1,"string":"resetHitList"},{"time":1.6666,"name":"Sound1","string":"cri_se_battle_033_explosion_element_01"},{"time":1.6666,"name":"Sound2","string":"cri_se_battle_skill_shot"},{"time":1.7333,"name":"Event2","float":1,"string":"shakeGround"},{"time":1.7333,"name":"Hit","float":0.1,"string":"resetHitList"},{"time":1.7333,"name":"Sound1","string":"cri_se_battle_033_explosion_element_01"},{"time":1.7333,"name":"Sound2","string":"cri_se_battle_skill_shot"},{"time":1.8,"name":"Hit","float":0.1,"string":"resetHitList"},{"time":1.8,"name":"Sound1","string":"cri_se_battle_033_explosion_element_01"},{"time":1.8,"name":"Sound2","string":"cri_se_battle_skill_shot"},{"time":1.8666,"name":"Hit","float":0.1,"string":"resetHitList"},{"time":1.8666,"name":"Sound1","string":"cri_se_battle_033_explosion_element_01"},{"time":1.8666,"name":"Sound2","string":"cri_se_battle_skill_shot"},{"time":1.9333,"name":"Event2","float":1,"string":"shakeGround"},{"time":1.9333,"name":"Hit","float":0.1,"string":"resetHitList"},{"time":1.9333,"name":"Sound1","string":"cri_se_battle_033_explosion_element_01"},{"time":1.9333,"name":"Sound2","string":"cri_se_battle_skill_shot"},{"time":2,"name":"Hit","float":0.1,"string":"resetHitList"},{"time":2,"name":"Sound1","string":"cri_se_battle_033_explosion_element_01"},{"time":2,"name":"Sound2","string":"cri_se_battle_skill_shot"},{"time":2.0666,"name":"Hit","float":0.1,"string":"resetHitList"},{"time":2.0666,"name":"Sound1","string":"cri_se_battle_033_explosion_element_01"},{"time":2.0666,"name":"Sound2","string":"cri_se_battle_skill_shot"},{"time":2.1333,"name":"Hit","float":0.1,"string":"resetHitList"},{"time":2.1333,"name":"Sound1","string":"cri_se_battle_033_explosion_element_01"},{"time":2.1333,"name":"Sound2","string":"cri_se_battle_skill_shot"},{"time":2.2,"name":"Event2","float":1,"string":"shakeGround"},{"time":2.2,"name":"Hit","float":0.1,"string":"resetHitList"},{"time":2.2,"name":"Sound1","string":"cri_se_battle_033_explosion_element_01"},{"time":2.2,"name":"Sound2","string":"cri_se_battle_skill_shot"},{"time":2.2666,"name":"Hit","float":0.1,"string":"resetHitList"},{"time":2.2666,"name":"Sound1","string":"cri_se_battle_033_explosion_element_01"},{"time":2.2666,"name":"Sound2","string":"cri_se_battle_skill_shot"},{"time":2.3333,"name":"Event2","float":1,"string":"shakeGround"},{"time":2.3333,"name":"Hit","float":0.1,"string":"resetHitList"},{"time":2.3333,"name":"Sound1","string":"cri_se_battle_033_explosion_element_01"},{"time":2.3333,"name":"Sound2","string":"cri_se_battle_skill_shot"},{"time":2.4,"name":"Hit","float":0.1,"string":"resetHitList"},{"time":2.4,"name":"Sound1","string":"cri_se_battle_033_explosion_element_01"},{"time":2.4,"name":"Sound2","string":"cri_se_battle_skill_shot"},{"time":2.4333,"name":"Event","string":"setHitBackEnemy(20,0)"},{"time":2.4666,"name":"Event","float":-0.3,"string":"kHitStopType_normal"},{"time":2.4666,"name":"Event2","float":3,"string":"shakeGround"},{"time":2.4666,"name":"Hit","float":0.1,"string":"resetHitList"},{"time":2.4666,"name":"Sound1","string":"cri_se_battle_033_explosion_element_01"},{"time":2.4666,"name":"Sound2","string":"cri_se_battle_skill_shot"}]}}}