{"skeleton":{"hash":"l9hYIv/MKAnvKepoMvS/ZxUlYfI","spine":"3.0.12","width":0,"height":0},"bones":[{"name":"root"},{"name":"MAIN","parent":"root","y":72}],"slots":[{"name":"MAIN","bone":"MAIN","attachment":"idle_00"}],"skins":{"default":{"MAIN":{"idle_00":{"y":-4.98,"width":500,"height":500},"idle_01":{"y":-4.98,"width":500,"height":500},"idle_02":{"y":-4.98,"width":500,"height":500},"idle_03":{"y":-4.98,"width":500,"height":500},"idle_04":{"y":-4.98,"width":500,"height":500}}}},"events":{"Event":{},"Hit":{},"HitEffect":{},"Sound1":{},"Sound2":{},"Voice":{}},"animations":{"idle":{"slots":{"MAIN":{"attachment":[{"time":0,"name":"idle_00"},{"time":0.2333,"name":"idle_01"},{"time":0.4666,"name":"idle_02"},{"time":0.7,"name":"idle_03"},{"time":0.9333,"name":"idle_04"},{"time":1.1666,"name":"idle_00"}]}},"bones":{"MAIN":{"translate":[{"time":0,"x":0,"y":0,"curve":[0.25,0,0.75,1]},{"time":0.6,"x":0,"y":5,"curve":[0.25,0,0.75,1]},{"time":1.1666,"x":0,"y":0}]}}}}}