{"skeleton":{"hash":"/EDSM8l6xRYkiz744VXGNEIJIZg","spine":"3.0.12","width":0,"height":0},"bones":[{"name":"root"},{"name":"190_S1_magic2_re","parent":"root","x":505,"y":222,"scaleX":2,"scaleY":2.5},{"name":"190_S1_bom2_re2","parent":"root","x":500,"y":-250,"scaleX":3.5,"scaleY":3.5},{"name":"190_S1_bom2_re1","parent":"root","x":500,"y":-250,"scaleX":3.5,"scaleY":3.5},{"name":"190_S1_bom1_re5","parent":"root","x":500,"scaleX":2.5,"scaleY":2.5},{"name":"190_S1_bom1_re4","parent":"root","x":500,"scaleX":2.5,"scaleY":2.5},{"name":"190_S1_bom1_re3","parent":"root","x":500,"scaleX":2.5,"scaleY":2.5},{"name":"190_S1_bom1_re2","parent":"root","x":500,"scaleX":2.5,"scaleY":2.5},{"name":"190_S1_bom1_re1","parent":"root","x":500,"scaleX":2.5,"scaleY":2.5}],"slots":[{"name":"EF/190_S1_bom1/190_S1_bom1_43","bone":"190_S1_bom1_re1"},{"name":"EF/190_S1_bom1/190_S1_bom1_44","bone":"190_S1_bom1_re2"},{"name":"EF/190_S1_bom1/190_S1_bom1_45","bone":"190_S1_bom1_re3"},{"name":"EF/190_S1_bom1/190_S1_bom1_38","bone":"190_S1_bom1_re1","blend":"additive"},{"name":"EF/190_S1_bom1/190_S1_bom1_39","bone":"190_S1_bom1_re2","blend":"additive"},{"name":"EF/190_S1_bom1/190_S1_bom1_40","bone":"190_S1_bom1_re3","blend":"additive"},{"name":"EF/190_S1_bom1/190_S1_bom1_41","bone":"190_S1_bom1_re4","blend":"additive"},{"name":"EF/190_S1_bom1/190_S1_bom1_42","bone":"190_S1_bom1_re5","blend":"additive"},{"name":"EF/190_S1_bom2/190_S1_bom2_39","bone":"190_S1_bom2_re1","blend":"additive"},{"name":"EF/190_S1_bom2/190_S1_bom2_40","bone":"190_S1_bom2_re2","blend":"additive"},{"name":"EF/190_S1_magic2/190_S1_magic2_38","bone":"190_S1_magic2_re","blend":"additive"}],"skins":{"default":{"EF/190_S1_bom1/190_S1_bom1_38":{"EF/190_S1_bom1/190_S1_bom1_00038":{"width":320,"height":283},"EF/190_S1_bom1/190_S1_bom1_00039":{"width":320,"height":283},"EF/190_S1_bom1/190_S1_bom1_00040":{"width":320,"height":283},"EF/190_S1_bom1/190_S1_bom1_00041":{"width":320,"height":283},"EF/190_S1_bom1/190_S1_bom1_00042":{"width":320,"height":283},"EF/190_S1_bom1/190_S1_bom1_00043":{"width":320,"height":283},"EF/190_S1_bom1/190_S1_bom1_00044":{"width":320,"height":283},"EF/190_S1_bom1/190_S1_bom1_00045":{"width":320,"height":283},"EF/190_S1_bom1/190_S1_bom1_00046":{"width":320,"height":283},"EF/190_S1_bom1/190_S1_bom1_00047":{"width":320,"height":283},"EF/190_S1_bom1/190_S1_bom1_00048":{"width":320,"height":283},"EF/190_S1_bom1/190_S1_bom1_00049":{"width":320,"height":283},"EF/190_S1_bom1/190_S1_bom1_00050":{"width":320,"height":283},"EF/190_S1_bom1/190_S1_bom1_00051":{"width":320,"height":283},"EF/190_S1_bom1/190_S1_bom1_00052":{"width":320,"height":283},"EF/190_S1_bom1/190_S1_bom1_00053":{"width":320,"height":283},"EF/190_S1_bom1/190_S1_bom1_00054":{"width":320,"height":283},"EF/190_S1_bom1/190_S1_bom1_00055":{"width":320,"height":283},"EF/190_S1_bom1/190_S1_bom1_00056":{"width":320,"height":283},"EF/190_S1_bom1/190_S1_bom1_00057":{"width":320,"height":283},"EF/190_S1_bom1/190_S1_bom1_00058":{"width":320,"height":283},"EF/190_S1_bom1/190_S1_bom1_00059":{"width":320,"height":283},"EF/190_S1_bom1/190_S1_bom1_00060":{"width":320,"height":283},"EF/190_S1_bom1/190_S1_bom1_00061":{"width":320,"height":283},"EF/190_S1_bom1/190_S1_bom1_00062":{"width":320,"height":283},"EF/190_S1_bom1/190_S1_bom1_00063":{"width":320,"height":283}},"EF/190_S1_bom1/190_S1_bom1_39":{"EF/190_S1_bom1/190_S1_bom1_00038":{"width":320,"height":283},"EF/190_S1_bom1/190_S1_bom1_00039":{"width":320,"height":283},"EF/190_S1_bom1/190_S1_bom1_00040":{"width":320,"height":283},"EF/190_S1_bom1/190_S1_bom1_00041":{"width":320,"height":283},"EF/190_S1_bom1/190_S1_bom1_00042":{"width":320,"height":283},"EF/190_S1_bom1/190_S1_bom1_00043":{"width":320,"height":283},"EF/190_S1_bom1/190_S1_bom1_00044":{"width":320,"height":283},"EF/190_S1_bom1/190_S1_bom1_00045":{"width":320,"height":283},"EF/190_S1_bom1/190_S1_bom1_00046":{"width":320,"height":283},"EF/190_S1_bom1/190_S1_bom1_00047":{"width":320,"height":283},"EF/190_S1_bom1/190_S1_bom1_00048":{"width":320,"height":283},"EF/190_S1_bom1/190_S1_bom1_00049":{"width":320,"height":283},"EF/190_S1_bom1/190_S1_bom1_00050":{"width":320,"height":283},"EF/190_S1_bom1/190_S1_bom1_00051":{"width":320,"height":283},"EF/190_S1_bom1/190_S1_bom1_00052":{"width":320,"height":283},"EF/190_S1_bom1/190_S1_bom1_00053":{"width":320,"height":283},"EF/190_S1_bom1/190_S1_bom1_00054":{"width":320,"height":283},"EF/190_S1_bom1/190_S1_bom1_00055":{"width":320,"height":283},"EF/190_S1_bom1/190_S1_bom1_00056":{"width":320,"height":283},"EF/190_S1_bom1/190_S1_bom1_00057":{"width":320,"height":283},"EF/190_S1_bom1/190_S1_bom1_00058":{"width":320,"height":283},"EF/190_S1_bom1/190_S1_bom1_00059":{"width":320,"height":283},"EF/190_S1_bom1/190_S1_bom1_00060":{"width":320,"height":283},"EF/190_S1_bom1/190_S1_bom1_00061":{"width":320,"height":283},"EF/190_S1_bom1/190_S1_bom1_00062":{"width":320,"height":283},"EF/190_S1_bom1/190_S1_bom1_00063":{"width":320,"height":283}},"EF/190_S1_bom1/190_S1_bom1_40":{"EF/190_S1_bom1/190_S1_bom1_00038":{"width":320,"height":283},"EF/190_S1_bom1/190_S1_bom1_00039":{"width":320,"height":283},"EF/190_S1_bom1/190_S1_bom1_00040":{"width":320,"height":283},"EF/190_S1_bom1/190_S1_bom1_00041":{"width":320,"height":283},"EF/190_S1_bom1/190_S1_bom1_00042":{"width":320,"height":283},"EF/190_S1_bom1/190_S1_bom1_00043":{"width":320,"height":283},"EF/190_S1_bom1/190_S1_bom1_00044":{"width":320,"height":283},"EF/190_S1_bom1/190_S1_bom1_00045":{"width":320,"height":283},"EF/190_S1_bom1/190_S1_bom1_00046":{"width":320,"height":283},"EF/190_S1_bom1/190_S1_bom1_00047":{"width":320,"height":283},"EF/190_S1_bom1/190_S1_bom1_00048":{"width":320,"height":283},"EF/190_S1_bom1/190_S1_bom1_00049":{"width":320,"height":283},"EF/190_S1_bom1/190_S1_bom1_00050":{"width":320,"height":283},"EF/190_S1_bom1/190_S1_bom1_00051":{"width":320,"height":283},"EF/190_S1_bom1/190_S1_bom1_00052":{"width":320,"height":283},"EF/190_S1_bom1/190_S1_bom1_00053":{"width":320,"height":283},"EF/190_S1_bom1/190_S1_bom1_00054":{"width":320,"height":283},"EF/190_S1_bom1/190_S1_bom1_00055":{"width":320,"height":283},"EF/190_S1_bom1/190_S1_bom1_00056":{"width":320,"height":283},"EF/190_S1_bom1/190_S1_bom1_00057":{"width":320,"height":283},"EF/190_S1_bom1/190_S1_bom1_00058":{"width":320,"height":283},"EF/190_S1_bom1/190_S1_bom1_00059":{"width":320,"height":283},"EF/190_S1_bom1/190_S1_bom1_00060":{"width":320,"height":283},"EF/190_S1_bom1/190_S1_bom1_00061":{"width":320,"height":283},"EF/190_S1_bom1/190_S1_bom1_00062":{"width":320,"height":283},"EF/190_S1_bom1/190_S1_bom1_00063":{"width":320,"height":283}},"EF/190_S1_bom1/190_S1_bom1_41":{"EF/190_S1_bom1/190_S1_bom1_00038":{"width":320,"height":283},"EF/190_S1_bom1/190_S1_bom1_00039":{"width":320,"height":283},"EF/190_S1_bom1/190_S1_bom1_00040":{"width":320,"height":283},"EF/190_S1_bom1/190_S1_bom1_00041":{"width":320,"height":283},"EF/190_S1_bom1/190_S1_bom1_00042":{"width":320,"height":283},"EF/190_S1_bom1/190_S1_bom1_00043":{"width":320,"height":283},"EF/190_S1_bom1/190_S1_bom1_00044":{"width":320,"height":283},"EF/190_S1_bom1/190_S1_bom1_00045":{"width":320,"height":283},"EF/190_S1_bom1/190_S1_bom1_00046":{"width":320,"height":283},"EF/190_S1_bom1/190_S1_bom1_00047":{"width":320,"height":283},"EF/190_S1_bom1/190_S1_bom1_00048":{"width":320,"height":283},"EF/190_S1_bom1/190_S1_bom1_00049":{"width":320,"height":283},"EF/190_S1_bom1/190_S1_bom1_00050":{"width":320,"height":283},"EF/190_S1_bom1/190_S1_bom1_00051":{"width":320,"height":283},"EF/190_S1_bom1/190_S1_bom1_00052":{"width":320,"height":283},"EF/190_S1_bom1/190_S1_bom1_00053":{"width":320,"height":283},"EF/190_S1_bom1/190_S1_bom1_00054":{"width":320,"height":283},"EF/190_S1_bom1/190_S1_bom1_00055":{"width":320,"height":283},"EF/190_S1_bom1/190_S1_bom1_00056":{"width":320,"height":283},"EF/190_S1_bom1/190_S1_bom1_00057":{"width":320,"height":283},"EF/190_S1_bom1/190_S1_bom1_00058":{"width":320,"height":283},"EF/190_S1_bom1/190_S1_bom1_00059":{"width":320,"height":283},"EF/190_S1_bom1/190_S1_bom1_00060":{"width":320,"height":283},"EF/190_S1_bom1/190_S1_bom1_00061":{"width":320,"height":283},"EF/190_S1_bom1/190_S1_bom1_00062":{"width":320,"height":283},"EF/190_S1_bom1/190_S1_bom1_00063":{"width":320,"height":283}},"EF/190_S1_bom1/190_S1_bom1_42":{"EF/190_S1_bom1/190_S1_bom1_00038":{"width":320,"height":283},"EF/190_S1_bom1/190_S1_bom1_00039":{"width":320,"height":283},"EF/190_S1_bom1/190_S1_bom1_00040":{"width":320,"height":283},"EF/190_S1_bom1/190_S1_bom1_00041":{"width":320,"height":283},"EF/190_S1_bom1/190_S1_bom1_00042":{"width":320,"height":283},"EF/190_S1_bom1/190_S1_bom1_00043":{"width":320,"height":283},"EF/190_S1_bom1/190_S1_bom1_00044":{"width":320,"height":283},"EF/190_S1_bom1/190_S1_bom1_00045":{"width":320,"height":283},"EF/190_S1_bom1/190_S1_bom1_00046":{"width":320,"height":283},"EF/190_S1_bom1/190_S1_bom1_00047":{"width":320,"height":283},"EF/190_S1_bom1/190_S1_bom1_00048":{"width":320,"height":283},"EF/190_S1_bom1/190_S1_bom1_00049":{"width":320,"height":283},"EF/190_S1_bom1/190_S1_bom1_00050":{"width":320,"height":283},"EF/190_S1_bom1/190_S1_bom1_00051":{"width":320,"height":283},"EF/190_S1_bom1/190_S1_bom1_00052":{"width":320,"height":283},"EF/190_S1_bom1/190_S1_bom1_00053":{"width":320,"height":283},"EF/190_S1_bom1/190_S1_bom1_00054":{"width":320,"height":283},"EF/190_S1_bom1/190_S1_bom1_00055":{"width":320,"height":283},"EF/190_S1_bom1/190_S1_bom1_00056":{"width":320,"height":283},"EF/190_S1_bom1/190_S1_bom1_00057":{"width":320,"height":283},"EF/190_S1_bom1/190_S1_bom1_00058":{"width":320,"height":283},"EF/190_S1_bom1/190_S1_bom1_00059":{"width":320,"height":283},"EF/190_S1_bom1/190_S1_bom1_00060":{"width":320,"height":283},"EF/190_S1_bom1/190_S1_bom1_00061":{"width":320,"height":283},"EF/190_S1_bom1/190_S1_bom1_00062":{"width":320,"height":283},"EF/190_S1_bom1/190_S1_bom1_00063":{"width":320,"height":283}},"EF/190_S1_bom1/190_S1_bom1_43":{"EF/190_S1_bom1/190_S1_bom1_00038":{"width":320,"height":283},"EF/190_S1_bom1/190_S1_bom1_00039":{"width":320,"height":283},"EF/190_S1_bom1/190_S1_bom1_00040":{"width":320,"height":283},"EF/190_S1_bom1/190_S1_bom1_00041":{"width":320,"height":283},"EF/190_S1_bom1/190_S1_bom1_00042":{"width":320,"height":283},"EF/190_S1_bom1/190_S1_bom1_00043":{"width":320,"height":283},"EF/190_S1_bom1/190_S1_bom1_00044":{"width":320,"height":283},"EF/190_S1_bom1/190_S1_bom1_00045":{"width":320,"height":283},"EF/190_S1_bom1/190_S1_bom1_00046":{"width":320,"height":283},"EF/190_S1_bom1/190_S1_bom1_00047":{"width":320,"height":283},"EF/190_S1_bom1/190_S1_bom1_00048":{"width":320,"height":283},"EF/190_S1_bom1/190_S1_bom1_00049":{"width":320,"height":283},"EF/190_S1_bom1/190_S1_bom1_00050":{"width":320,"height":283},"EF/190_S1_bom1/190_S1_bom1_00051":{"width":320,"height":283},"EF/190_S1_bom1/190_S1_bom1_00052":{"width":320,"height":283},"EF/190_S1_bom1/190_S1_bom1_00053":{"width":320,"height":283},"EF/190_S1_bom1/190_S1_bom1_00054":{"width":320,"height":283},"EF/190_S1_bom1/190_S1_bom1_00055":{"width":320,"height":283},"EF/190_S1_bom1/190_S1_bom1_00056":{"width":320,"height":283},"EF/190_S1_bom1/190_S1_bom1_00057":{"width":320,"height":283},"EF/190_S1_bom1/190_S1_bom1_00058":{"width":320,"height":283},"EF/190_S1_bom1/190_S1_bom1_00059":{"width":320,"height":283},"EF/190_S1_bom1/190_S1_bom1_00060":{"width":320,"height":283},"EF/190_S1_bom1/190_S1_bom1_00061":{"width":320,"height":283},"EF/190_S1_bom1/190_S1_bom1_00062":{"width":320,"height":283},"EF/190_S1_bom1/190_S1_bom1_00063":{"width":320,"height":283}},"EF/190_S1_bom1/190_S1_bom1_44":{"EF/190_S1_bom1/190_S1_bom1_00038":{"width":320,"height":283},"EF/190_S1_bom1/190_S1_bom1_00039":{"width":320,"height":283},"EF/190_S1_bom1/190_S1_bom1_00040":{"width":320,"height":283},"EF/190_S1_bom1/190_S1_bom1_00041":{"width":320,"height":283},"EF/190_S1_bom1/190_S1_bom1_00042":{"width":320,"height":283},"EF/190_S1_bom1/190_S1_bom1_00043":{"width":320,"height":283},"EF/190_S1_bom1/190_S1_bom1_00044":{"width":320,"height":283},"EF/190_S1_bom1/190_S1_bom1_00045":{"width":320,"height":283},"EF/190_S1_bom1/190_S1_bom1_00046":{"width":320,"height":283},"EF/190_S1_bom1/190_S1_bom1_00047":{"width":320,"height":283},"EF/190_S1_bom1/190_S1_bom1_00048":{"width":320,"height":283},"EF/190_S1_bom1/190_S1_bom1_00049":{"width":320,"height":283},"EF/190_S1_bom1/190_S1_bom1_00050":{"width":320,"height":283},"EF/190_S1_bom1/190_S1_bom1_00051":{"width":320,"height":283},"EF/190_S1_bom1/190_S1_bom1_00052":{"width":320,"height":283},"EF/190_S1_bom1/190_S1_bom1_00053":{"width":320,"height":283},"EF/190_S1_bom1/190_S1_bom1_00054":{"width":320,"height":283},"EF/190_S1_bom1/190_S1_bom1_00055":{"width":320,"height":283},"EF/190_S1_bom1/190_S1_bom1_00056":{"width":320,"height":283},"EF/190_S1_bom1/190_S1_bom1_00057":{"width":320,"height":283},"EF/190_S1_bom1/190_S1_bom1_00058":{"width":320,"height":283},"EF/190_S1_bom1/190_S1_bom1_00059":{"width":320,"height":283},"EF/190_S1_bom1/190_S1_bom1_00060":{"width":320,"height":283},"EF/190_S1_bom1/190_S1_bom1_00061":{"width":320,"height":283},"EF/190_S1_bom1/190_S1_bom1_00062":{"width":320,"height":283},"EF/190_S1_bom1/190_S1_bom1_00063":{"width":320,"height":283}},"EF/190_S1_bom1/190_S1_bom1_45":{"EF/190_S1_bom1/190_S1_bom1_00038":{"width":320,"height":283},"EF/190_S1_bom1/190_S1_bom1_00039":{"width":320,"height":283},"EF/190_S1_bom1/190_S1_bom1_00040":{"width":320,"height":283},"EF/190_S1_bom1/190_S1_bom1_00041":{"width":320,"height":283},"EF/190_S1_bom1/190_S1_bom1_00042":{"width":320,"height":283},"EF/190_S1_bom1/190_S1_bom1_00043":{"width":320,"height":283},"EF/190_S1_bom1/190_S1_bom1_00044":{"width":320,"height":283},"EF/190_S1_bom1/190_S1_bom1_00045":{"width":320,"height":283},"EF/190_S1_bom1/190_S1_bom1_00046":{"width":320,"height":283},"EF/190_S1_bom1/190_S1_bom1_00047":{"width":320,"height":283},"EF/190_S1_bom1/190_S1_bom1_00048":{"width":320,"height":283},"EF/190_S1_bom1/190_S1_bom1_00049":{"width":320,"height":283},"EF/190_S1_bom1/190_S1_bom1_00050":{"width":320,"height":283},"EF/190_S1_bom1/190_S1_bom1_00051":{"width":320,"height":283},"EF/190_S1_bom1/190_S1_bom1_00052":{"width":320,"height":283},"EF/190_S1_bom1/190_S1_bom1_00053":{"width":320,"height":283},"EF/190_S1_bom1/190_S1_bom1_00054":{"width":320,"height":283},"EF/190_S1_bom1/190_S1_bom1_00055":{"width":320,"height":283},"EF/190_S1_bom1/190_S1_bom1_00056":{"width":320,"height":283},"EF/190_S1_bom1/190_S1_bom1_00057":{"width":320,"height":283},"EF/190_S1_bom1/190_S1_bom1_00058":{"width":320,"height":283},"EF/190_S1_bom1/190_S1_bom1_00059":{"width":320,"height":283},"EF/190_S1_bom1/190_S1_bom1_00060":{"width":320,"height":283},"EF/190_S1_bom1/190_S1_bom1_00061":{"width":320,"height":283},"EF/190_S1_bom1/190_S1_bom1_00062":{"width":320,"height":283},"EF/190_S1_bom1/190_S1_bom1_00063":{"width":320,"height":283}},"EF/190_S1_bom2/190_S1_bom2_39":{"EF/190_S1_bom2/190_S1_bom2_00040":{"width":300,"height":300},"EF/190_S1_bom2/190_S1_bom2_00041":{"width":300,"height":300}},"EF/190_S1_bom2/190_S1_bom2_40":{"EF/190_S1_bom2/190_S1_bom2_00040":{"width":300,"height":300},"EF/190_S1_bom2/190_S1_bom2_00041":{"width":300,"height":300}},"EF/190_S1_magic2/190_S1_magic2_38":{"EF/190_S1_magic2/190_S1_magic2_00052":{"x":-5,"y":28,"width":300,"height":300},"EF/190_S1_magic2/190_S1_magic2_00053":{"x":-5,"y":28,"width":300,"height":300},"EF/190_S1_magic2/190_S1_magic2_00055":{"x":-5,"y":28,"width":300,"height":300},"EF/190_S1_magic2/190_S1_magic2_00057":{"x":-5,"y":28,"width":300,"height":300},"EF/190_S1_magic2/190_S1_magic2_00059":{"x":-5,"y":28,"width":300,"height":300},"EF/190_S1_magic2/190_S1_magic2_00061":{"x":-5,"y":28,"width":300,"height":300},"EF/190_S1_magic2/190_S1_magic2_00063":{"x":-5,"y":28,"width":300,"height":300},"EF/190_S1_magic2/190_S1_magic2_00065":{"x":-5,"y":28,"width":300,"height":300},"EF/190_S1_magic2/190_S1_magic2_00067":{"x":-5,"y":28,"width":300,"height":300}}}},"animations":{"1-attack1":{},"1-skill1":{"slots":{"EF/190_S1_bom1/190_S1_bom1_38":{"attachment":[{"time":0.6666,"name":"EF/190_S1_bom1/190_S1_bom1_00054"},{"time":0.7,"name":"EF/190_S1_bom1/190_S1_bom1_00055"},{"time":0.7333,"name":"EF/190_S1_bom1/190_S1_bom1_00056"},{"time":0.7666,"name":"EF/190_S1_bom1/190_S1_bom1_00057"},{"time":0.8,"name":"EF/190_S1_bom1/190_S1_bom1_00058"},{"time":0.8333,"name":"EF/190_S1_bom1/190_S1_bom1_00059"},{"time":0.8666,"name":"EF/190_S1_bom1/190_S1_bom1_00060"},{"time":0.9,"name":"EF/190_S1_bom1/190_S1_bom1_00061"},{"time":0.9333,"name":"EF/190_S1_bom1/190_S1_bom1_00062"},{"time":0.9666,"name":"EF/190_S1_bom1/190_S1_bom1_00063"}],"color":[{"time":0.9666,"color":"ffffffff"},{"time":1.5333,"color":"ffffff00"}]},"EF/190_S1_bom1/190_S1_bom1_43":{"attachment":[{"time":0.6666,"name":"EF/190_S1_bom1/190_S1_bom1_00054"},{"time":0.7,"name":"EF/190_S1_bom1/190_S1_bom1_00055"},{"time":0.7333,"name":"EF/190_S1_bom1/190_S1_bom1_00056"},{"time":0.7666,"name":"EF/190_S1_bom1/190_S1_bom1_00057"},{"time":0.8,"name":"EF/190_S1_bom1/190_S1_bom1_00058"},{"time":0.8333,"name":"EF/190_S1_bom1/190_S1_bom1_00059"},{"time":0.8666,"name":"EF/190_S1_bom1/190_S1_bom1_00060"},{"time":0.9,"name":"EF/190_S1_bom1/190_S1_bom1_00061"},{"time":0.9333,"name":"EF/190_S1_bom1/190_S1_bom1_00062"},{"time":0.9666,"name":"EF/190_S1_bom1/190_S1_bom1_00063"}],"color":[{"time":0.9666,"color":"ffffffff"},{"time":1.5333,"color":"ffffff00"}]}},"bones":{"190_S1_bom1_re1":{"translate":[{"time":0.6666,"x":-632.9,"y":92.09,"curve":"stepped"},{"time":0.9666,"x":-632.9,"y":92.09,"curve":[0.25,0,0.75,1]},{"time":1.5333,"x":-632.9,"y":77.08}],"scale":[{"time":0.6666,"x":0.48,"y":0.48,"curve":"stepped"},{"time":0.9666,"x":0.48,"y":0.48,"curve":[0.17,0.9,0.75,1]},{"time":1.5333,"x":0.76,"y":0.719}]}}},"1-skill2":{"slots":{"EF/190_S1_bom1/190_S1_bom1_38":{"attachment":[{"time":0.6666,"name":"EF/190_S1_bom1/190_S1_bom1_00054"},{"time":0.7,"name":"EF/190_S1_bom1/190_S1_bom1_00055"},{"time":0.7333,"name":"EF/190_S1_bom1/190_S1_bom1_00056"},{"time":0.7666,"name":"EF/190_S1_bom1/190_S1_bom1_00057"},{"time":0.8,"name":"EF/190_S1_bom1/190_S1_bom1_00058"},{"time":0.8333,"name":"EF/190_S1_bom1/190_S1_bom1_00059"},{"time":0.8666,"name":"EF/190_S1_bom1/190_S1_bom1_00060"},{"time":0.9,"name":"EF/190_S1_bom1/190_S1_bom1_00061"},{"time":0.9333,"name":"EF/190_S1_bom1/190_S1_bom1_00062"},{"time":0.9666,"name":"EF/190_S1_bom1/190_S1_bom1_00063"}],"color":[{"time":0.9666,"color":"ffffffff"},{"time":1.5333,"color":"ffffff00"}]},"EF/190_S1_bom1/190_S1_bom1_39":{"attachment":[{"time":0.7666,"name":"EF/190_S1_bom1/190_S1_bom1_00054"},{"time":0.8,"name":"EF/190_S1_bom1/190_S1_bom1_00055"},{"time":0.8333,"name":"EF/190_S1_bom1/190_S1_bom1_00056"},{"time":0.8666,"name":"EF/190_S1_bom1/190_S1_bom1_00057"},{"time":0.9,"name":"EF/190_S1_bom1/190_S1_bom1_00058"},{"time":0.9333,"name":"EF/190_S1_bom1/190_S1_bom1_00059"},{"time":0.9666,"name":"EF/190_S1_bom1/190_S1_bom1_00060"},{"time":1,"name":"EF/190_S1_bom1/190_S1_bom1_00061"},{"time":1.0333,"name":"EF/190_S1_bom1/190_S1_bom1_00062"},{"time":1.0666,"name":"EF/190_S1_bom1/190_S1_bom1_00063"}],"color":[{"time":1.0666,"color":"ffffffff"},{"time":1.6333,"color":"ffffff00"}]},"EF/190_S1_bom1/190_S1_bom1_40":{"attachment":[{"time":0.8666,"name":"EF/190_S1_bom1/190_S1_bom1_00054"},{"time":0.9,"name":"EF/190_S1_bom1/190_S1_bom1_00055"},{"time":0.9333,"name":"EF/190_S1_bom1/190_S1_bom1_00056"},{"time":0.9666,"name":"EF/190_S1_bom1/190_S1_bom1_00057"},{"time":1,"name":"EF/190_S1_bom1/190_S1_bom1_00058"},{"time":1.0333,"name":"EF/190_S1_bom1/190_S1_bom1_00059"},{"time":1.0666,"name":"EF/190_S1_bom1/190_S1_bom1_00060"},{"time":1.1,"name":"EF/190_S1_bom1/190_S1_bom1_00061"},{"time":1.1333,"name":"EF/190_S1_bom1/190_S1_bom1_00062"},{"time":1.1666,"name":"EF/190_S1_bom1/190_S1_bom1_00063"}],"color":[{"time":1.1666,"color":"ffffffff"},{"time":1.7333,"color":"ffffff00"}]},"EF/190_S1_bom1/190_S1_bom1_43":{"attachment":[{"time":0.6666,"name":"EF/190_S1_bom1/190_S1_bom1_00054"},{"time":0.7,"name":"EF/190_S1_bom1/190_S1_bom1_00055"},{"time":0.7333,"name":"EF/190_S1_bom1/190_S1_bom1_00056"},{"time":0.7666,"name":"EF/190_S1_bom1/190_S1_bom1_00057"},{"time":0.8,"name":"EF/190_S1_bom1/190_S1_bom1_00058"},{"time":0.8333,"name":"EF/190_S1_bom1/190_S1_bom1_00059"},{"time":0.8666,"name":"EF/190_S1_bom1/190_S1_bom1_00060"},{"time":0.9,"name":"EF/190_S1_bom1/190_S1_bom1_00061"},{"time":0.9333,"name":"EF/190_S1_bom1/190_S1_bom1_00062"},{"time":0.9666,"name":"EF/190_S1_bom1/190_S1_bom1_00063"}],"color":[{"time":0.9666,"color":"ffffffff"},{"time":1.5333,"color":"ffffff00"}]},"EF/190_S1_bom1/190_S1_bom1_44":{"attachment":[{"time":0.7666,"name":"EF/190_S1_bom1/190_S1_bom1_00054"},{"time":0.8,"name":"EF/190_S1_bom1/190_S1_bom1_00055"},{"time":0.8333,"name":"EF/190_S1_bom1/190_S1_bom1_00056"},{"time":0.8666,"name":"EF/190_S1_bom1/190_S1_bom1_00057"},{"time":0.9,"name":"EF/190_S1_bom1/190_S1_bom1_00058"},{"time":0.9333,"name":"EF/190_S1_bom1/190_S1_bom1_00059"},{"time":0.9666,"name":"EF/190_S1_bom1/190_S1_bom1_00060"},{"time":1,"name":"EF/190_S1_bom1/190_S1_bom1_00061"},{"time":1.0333,"name":"EF/190_S1_bom1/190_S1_bom1_00062"},{"time":1.0666,"name":"EF/190_S1_bom1/190_S1_bom1_00063"}],"color":[{"time":1.0666,"color":"ffffffff"},{"time":1.6333,"color":"ffffff00"}]},"EF/190_S1_bom1/190_S1_bom1_45":{"attachment":[{"time":0.8666,"name":"EF/190_S1_bom1/190_S1_bom1_00054"},{"time":0.9,"name":"EF/190_S1_bom1/190_S1_bom1_00055"},{"time":0.9333,"name":"EF/190_S1_bom1/190_S1_bom1_00056"},{"time":0.9666,"name":"EF/190_S1_bom1/190_S1_bom1_00057"},{"time":1,"name":"EF/190_S1_bom1/190_S1_bom1_00058"},{"time":1.0333,"name":"EF/190_S1_bom1/190_S1_bom1_00059"},{"time":1.0666,"name":"EF/190_S1_bom1/190_S1_bom1_00060"},{"time":1.1,"name":"EF/190_S1_bom1/190_S1_bom1_00061"},{"time":1.1333,"name":"EF/190_S1_bom1/190_S1_bom1_00062"},{"time":1.1666,"name":"EF/190_S1_bom1/190_S1_bom1_00063"}],"color":[{"time":1.1666,"color":"ffffffff"},{"time":1.7333,"color":"ffffff00"}]},"EF/190_S1_magic2/190_S1_magic2_38":{"attachment":[{"time":0.1333,"name":"EF/190_S1_magic2/190_S1_magic2_00052"},{"time":0.1666,"name":"EF/190_S1_magic2/190_S1_magic2_00053"},{"time":0.2333,"name":"EF/190_S1_magic2/190_S1_magic2_00055"},{"time":0.3,"name":"EF/190_S1_magic2/190_S1_magic2_00057"},{"time":0.3666,"name":"EF/190_S1_magic2/190_S1_magic2_00059"},{"time":0.4333,"name":"EF/190_S1_magic2/190_S1_magic2_00061"},{"time":0.5,"name":"EF/190_S1_magic2/190_S1_magic2_00063"},{"time":0.5666,"name":"EF/190_S1_magic2/190_S1_magic2_00065"},{"time":0.6333,"name":"EF/190_S1_magic2/190_S1_magic2_00067"}],"color":[{"time":0.1333,"color":"ffffff13"},{"time":0.2,"color":"ffffffff","curve":"stepped"},{"time":0.3333,"color":"ffffffff","curve":"stepped"},{"time":0.6333,"color":"ffffffff"},{"time":1,"color":"ffffff00"}]}},"bones":{"190_S1_magic2_re":{"translate":[{"time":0,"x":-505,"y":-242}],"scale":[{"time":0.1333,"x":1.5,"y":0.553},{"time":0.3333,"x":1.5,"y":1}]},"190_S1_bom1_re1":{"translate":[{"time":0.6666,"x":-710,"y":68.94,"curve":"stepped"},{"time":0.9666,"x":-710,"y":68.94,"curve":[0.25,0,0.75,1]},{"time":1.5333,"x":-710,"y":53.95}],"scale":[{"time":0.6666,"x":0.48,"y":0.48,"curve":"stepped"},{"time":0.9666,"x":0.48,"y":0.48,"curve":[0.17,0.9,0.75,1]},{"time":1.5333,"x":0.76,"y":0.719}]},"190_S1_bom1_re2":{"translate":[{"time":0.7666,"x":-646.3,"y":195.5,"curve":"stepped"},{"time":1.0666,"x":-646.3,"y":195.5,"curve":[0.25,0,0.75,1]},{"time":1.6333,"x":-646.3,"y":180.5}],"scale":[{"time":0.7666,"x":0.48,"y":0.48,"curve":"stepped"},{"time":1.0666,"x":0.48,"y":0.48,"curve":[0.17,0.9,0.75,1]},{"time":1.6333,"x":0.76,"y":0.719}]},"190_S1_bom1_re3":{"translate":[{"time":0.8666,"x":-604.3,"y":96.32,"curve":"stepped"},{"time":1.1666,"x":-604.3,"y":96.32,"curve":[0.25,0,0.75,1]},{"time":1.7333,"x":-604.3,"y":81.32}],"scale":[{"time":0.8666,"x":0.48,"y":0.48,"curve":"stepped"},{"time":1.1666,"x":0.48,"y":0.48,"curve":[0.17,0.9,0.75,1]},{"time":1.7333,"x":0.76,"y":0.719}]}}},"2-attack1":{},"2-skill1":{"slots":{"EF/190_S1_bom1/190_S1_bom1_38":{"attachment":[{"time":0.6666,"name":"EF/190_S1_bom1/190_S1_bom1_00054"},{"time":0.7,"name":"EF/190_S1_bom1/190_S1_bom1_00055"},{"time":0.7333,"name":"EF/190_S1_bom1/190_S1_bom1_00056"},{"time":0.7666,"name":"EF/190_S1_bom1/190_S1_bom1_00057"},{"time":0.8,"name":"EF/190_S1_bom1/190_S1_bom1_00058"},{"time":0.8333,"name":"EF/190_S1_bom1/190_S1_bom1_00059"},{"time":0.8666,"name":"EF/190_S1_bom1/190_S1_bom1_00060"},{"time":0.9,"name":"EF/190_S1_bom1/190_S1_bom1_00061"},{"time":0.9333,"name":"EF/190_S1_bom1/190_S1_bom1_00062"},{"time":0.9666,"name":"EF/190_S1_bom1/190_S1_bom1_00063"}],"color":[{"time":0.9666,"color":"ffffffff"},{"time":1.5333,"color":"ffffff00"}]},"EF/190_S1_bom1/190_S1_bom1_39":{"attachment":[{"time":0.7666,"name":"EF/190_S1_bom1/190_S1_bom1_00054"},{"time":0.8,"name":"EF/190_S1_bom1/190_S1_bom1_00055"},{"time":0.8333,"name":"EF/190_S1_bom1/190_S1_bom1_00056"},{"time":0.8666,"name":"EF/190_S1_bom1/190_S1_bom1_00057"},{"time":0.9,"name":"EF/190_S1_bom1/190_S1_bom1_00058"},{"time":0.9333,"name":"EF/190_S1_bom1/190_S1_bom1_00059"},{"time":0.9666,"name":"EF/190_S1_bom1/190_S1_bom1_00060"},{"time":1,"name":"EF/190_S1_bom1/190_S1_bom1_00061"},{"time":1.0333,"name":"EF/190_S1_bom1/190_S1_bom1_00062"},{"time":1.0666,"name":"EF/190_S1_bom1/190_S1_bom1_00063"}],"color":[{"time":1.0666,"color":"ffffffff"},{"time":1.6333,"color":"ffffff00"}]},"EF/190_S1_bom1/190_S1_bom1_40":{"attachment":[{"time":0.8666,"name":"EF/190_S1_bom1/190_S1_bom1_00054"},{"time":0.9,"name":"EF/190_S1_bom1/190_S1_bom1_00055"},{"time":0.9333,"name":"EF/190_S1_bom1/190_S1_bom1_00056"},{"time":0.9666,"name":"EF/190_S1_bom1/190_S1_bom1_00057"},{"time":1,"name":"EF/190_S1_bom1/190_S1_bom1_00058"},{"time":1.0333,"name":"EF/190_S1_bom1/190_S1_bom1_00059"},{"time":1.0666,"name":"EF/190_S1_bom1/190_S1_bom1_00060"},{"time":1.1,"name":"EF/190_S1_bom1/190_S1_bom1_00061"},{"time":1.1333,"name":"EF/190_S1_bom1/190_S1_bom1_00062"},{"time":1.1666,"name":"EF/190_S1_bom1/190_S1_bom1_00063"}],"color":[{"time":1.1666,"color":"ffffffff"},{"time":1.7333,"color":"ffffff00"}]},"EF/190_S1_bom1/190_S1_bom1_43":{"attachment":[{"time":0.6666,"name":"EF/190_S1_bom1/190_S1_bom1_00054"},{"time":0.7,"name":"EF/190_S1_bom1/190_S1_bom1_00055"},{"time":0.7333,"name":"EF/190_S1_bom1/190_S1_bom1_00056"},{"time":0.7666,"name":"EF/190_S1_bom1/190_S1_bom1_00057"},{"time":0.8,"name":"EF/190_S1_bom1/190_S1_bom1_00058"},{"time":0.8333,"name":"EF/190_S1_bom1/190_S1_bom1_00059"},{"time":0.8666,"name":"EF/190_S1_bom1/190_S1_bom1_00060"},{"time":0.9,"name":"EF/190_S1_bom1/190_S1_bom1_00061"},{"time":0.9333,"name":"EF/190_S1_bom1/190_S1_bom1_00062"},{"time":0.9666,"name":"EF/190_S1_bom1/190_S1_bom1_00063"}],"color":[{"time":0.9666,"color":"ffffffff"},{"time":1.5333,"color":"ffffff00"}]},"EF/190_S1_bom1/190_S1_bom1_44":{"attachment":[{"time":0.7666,"name":"EF/190_S1_bom1/190_S1_bom1_00054"},{"time":0.8,"name":"EF/190_S1_bom1/190_S1_bom1_00055"},{"time":0.8333,"name":"EF/190_S1_bom1/190_S1_bom1_00056"},{"time":0.8666,"name":"EF/190_S1_bom1/190_S1_bom1_00057"},{"time":0.9,"name":"EF/190_S1_bom1/190_S1_bom1_00058"},{"time":0.9333,"name":"EF/190_S1_bom1/190_S1_bom1_00059"},{"time":0.9666,"name":"EF/190_S1_bom1/190_S1_bom1_00060"},{"time":1,"name":"EF/190_S1_bom1/190_S1_bom1_00061"},{"time":1.0333,"name":"EF/190_S1_bom1/190_S1_bom1_00062"},{"time":1.0666,"name":"EF/190_S1_bom1/190_S1_bom1_00063"}],"color":[{"time":1.0666,"color":"ffffffff"},{"time":1.6333,"color":"ffffff00"}]},"EF/190_S1_bom1/190_S1_bom1_45":{"attachment":[{"time":0.8666,"name":"EF/190_S1_bom1/190_S1_bom1_00054"},{"time":0.9,"name":"EF/190_S1_bom1/190_S1_bom1_00055"},{"time":0.9333,"name":"EF/190_S1_bom1/190_S1_bom1_00056"},{"time":0.9666,"name":"EF/190_S1_bom1/190_S1_bom1_00057"},{"time":1,"name":"EF/190_S1_bom1/190_S1_bom1_00058"},{"time":1.0333,"name":"EF/190_S1_bom1/190_S1_bom1_00059"},{"time":1.0666,"name":"EF/190_S1_bom1/190_S1_bom1_00060"},{"time":1.1,"name":"EF/190_S1_bom1/190_S1_bom1_00061"},{"time":1.1333,"name":"EF/190_S1_bom1/190_S1_bom1_00062"},{"time":1.1666,"name":"EF/190_S1_bom1/190_S1_bom1_00063"}],"color":[{"time":1.1666,"color":"ffffffff"},{"time":1.7333,"color":"ffffff00"}]}},"bones":{"190_S1_bom1_re1":{"translate":[{"time":0.6666,"x":-710,"y":68.94,"curve":"stepped"},{"time":0.9666,"x":-710,"y":68.94,"curve":[0.25,0,0.75,1]},{"time":1.5333,"x":-710,"y":53.95}],"scale":[{"time":0.6666,"x":0.6,"y":0.6,"curve":"stepped"},{"time":0.9666,"x":0.6,"y":0.6,"curve":[0.17,0.9,0.75,1]},{"time":1.5333,"x":0.9,"y":0.8}]},"190_S1_bom1_re2":{"translate":[{"time":0.7666,"x":-646.3,"y":195.5,"curve":"stepped"},{"time":1.0666,"x":-646.3,"y":195.5,"curve":[0.25,0,0.75,1]},{"time":1.6333,"x":-646.3,"y":180.5}],"scale":[{"time":0.7666,"x":0.6,"y":0.6,"curve":"stepped"},{"time":1.0666,"x":0.6,"y":0.6,"curve":[0.17,0.9,0.75,1]},{"time":1.6333,"x":0.9,"y":0.8}]},"190_S1_bom1_re3":{"translate":[{"time":0.8666,"x":-558.27,"y":92.03,"curve":"stepped"},{"time":1.1666,"x":-558.27,"y":92.03,"curve":[0.25,0,0.75,1]},{"time":1.7333,"x":-558.27,"y":77.04}],"scale":[{"time":0.8666,"x":0.6,"y":0.6,"curve":"stepped"},{"time":1.1666,"x":0.6,"y":0.6,"curve":[0.17,0.9,0.75,1]},{"time":1.7333,"x":0.9,"y":0.8}]}}},"2-skill2":{"slots":{"EF/190_S1_bom1/190_S1_bom1_38":{"attachment":[{"time":0,"name":"EF/190_S1_bom1/190_S1_bom1_00059"},{"time":0.0666,"name":"EF/190_S1_bom1/190_S1_bom1_00038"},{"time":0.1,"name":"EF/190_S1_bom1/190_S1_bom1_00039"},{"time":0.1333,"name":"EF/190_S1_bom1/190_S1_bom1_00040"},{"time":0.1666,"name":"EF/190_S1_bom1/190_S1_bom1_00041"},{"time":0.2,"name":"EF/190_S1_bom1/190_S1_bom1_00042"},{"time":0.2333,"name":"EF/190_S1_bom1/190_S1_bom1_00043"},{"time":0.2666,"name":"EF/190_S1_bom1/190_S1_bom1_00044"},{"time":0.3,"name":"EF/190_S1_bom1/190_S1_bom1_00045"},{"time":0.3333,"name":"EF/190_S1_bom1/190_S1_bom1_00046"},{"time":0.3666,"name":"EF/190_S1_bom1/190_S1_bom1_00047"},{"time":0.4,"name":"EF/190_S1_bom1/190_S1_bom1_00048"},{"time":0.4333,"name":"EF/190_S1_bom1/190_S1_bom1_00049"},{"time":0.4666,"name":"EF/190_S1_bom1/190_S1_bom1_00050"},{"time":0.5,"name":"EF/190_S1_bom1/190_S1_bom1_00051"},{"time":0.5333,"name":"EF/190_S1_bom1/190_S1_bom1_00052"},{"time":0.5666,"name":"EF/190_S1_bom1/190_S1_bom1_00053"},{"time":0.6,"name":"EF/190_S1_bom1/190_S1_bom1_00054"},{"time":0.6333,"name":"EF/190_S1_bom1/190_S1_bom1_00055"},{"time":0.6666,"name":"EF/190_S1_bom1/190_S1_bom1_00056"},{"time":0.7,"name":"EF/190_S1_bom1/190_S1_bom1_00057"},{"time":0.7333,"name":"EF/190_S1_bom1/190_S1_bom1_00058"},{"time":0.7666,"name":"EF/190_S1_bom1/190_S1_bom1_00059"},{"time":0.8,"name":"EF/190_S1_bom1/190_S1_bom1_00060"},{"time":0.8333,"name":"EF/190_S1_bom1/190_S1_bom1_00061"},{"time":0.8666,"name":"EF/190_S1_bom1/190_S1_bom1_00062"},{"time":0.9,"name":"EF/190_S1_bom1/190_S1_bom1_00063"}],"color":[{"time":0.9,"color":"ffffffff"},{"time":1.5,"color":"ffffff00"}]},"EF/190_S1_bom1/190_S1_bom1_43":{"attachment":[{"time":0,"name":"EF/190_S1_bom1/190_S1_bom1_00059"},{"time":0.0666,"name":"EF/190_S1_bom1/190_S1_bom1_00038"},{"time":0.1,"name":"EF/190_S1_bom1/190_S1_bom1_00039"},{"time":0.1333,"name":"EF/190_S1_bom1/190_S1_bom1_00040"},{"time":0.1666,"name":"EF/190_S1_bom1/190_S1_bom1_00041"},{"time":0.2,"name":"EF/190_S1_bom1/190_S1_bom1_00042"},{"time":0.2333,"name":"EF/190_S1_bom1/190_S1_bom1_00043"},{"time":0.2666,"name":"EF/190_S1_bom1/190_S1_bom1_00044"},{"time":0.3,"name":"EF/190_S1_bom1/190_S1_bom1_00045"},{"time":0.3333,"name":"EF/190_S1_bom1/190_S1_bom1_00046"},{"time":0.3666,"name":"EF/190_S1_bom1/190_S1_bom1_00047"},{"time":0.4,"name":"EF/190_S1_bom1/190_S1_bom1_00048"},{"time":0.4333,"name":"EF/190_S1_bom1/190_S1_bom1_00049"},{"time":0.4666,"name":"EF/190_S1_bom1/190_S1_bom1_00050"},{"time":0.5,"name":"EF/190_S1_bom1/190_S1_bom1_00051"},{"time":0.5333,"name":"EF/190_S1_bom1/190_S1_bom1_00052"},{"time":0.5666,"name":"EF/190_S1_bom1/190_S1_bom1_00053"},{"time":0.6,"name":"EF/190_S1_bom1/190_S1_bom1_00054"},{"time":0.6333,"name":"EF/190_S1_bom1/190_S1_bom1_00055"},{"time":0.6666,"name":"EF/190_S1_bom1/190_S1_bom1_00056"},{"time":0.7,"name":"EF/190_S1_bom1/190_S1_bom1_00057"},{"time":0.7333,"name":"EF/190_S1_bom1/190_S1_bom1_00058"},{"time":0.7666,"name":"EF/190_S1_bom1/190_S1_bom1_00059"},{"time":0.8,"name":"EF/190_S1_bom1/190_S1_bom1_00060"},{"time":0.8333,"name":"EF/190_S1_bom1/190_S1_bom1_00061"},{"time":0.8666,"name":"EF/190_S1_bom1/190_S1_bom1_00062"},{"time":0.9,"name":"EF/190_S1_bom1/190_S1_bom1_00063"}],"color":[{"time":0.9,"color":"ffffffff"},{"time":1.5,"color":"ffffff00"}]},"EF/190_S1_magic2/190_S1_magic2_38":{"attachment":[{"time":0,"name":"EF/190_S1_magic2/190_S1_magic2_00067"},{"time":0.1,"name":"EF/190_S1_magic2/190_S1_magic2_00052"},{"time":0.2666,"name":"EF/190_S1_magic2/190_S1_magic2_00053"},{"time":0.3333,"name":"EF/190_S1_magic2/190_S1_magic2_00055"},{"time":0.4,"name":"EF/190_S1_magic2/190_S1_magic2_00057"},{"time":0.4666,"name":"EF/190_S1_magic2/190_S1_magic2_00059"},{"time":0.5333,"name":"EF/190_S1_magic2/190_S1_magic2_00061"},{"time":0.6,"name":"EF/190_S1_magic2/190_S1_magic2_00063"},{"time":0.6666,"name":"EF/190_S1_magic2/190_S1_magic2_00065"},{"time":0.7333,"name":"EF/190_S1_magic2/190_S1_magic2_00067"}],"color":[{"time":0,"color":"ffffffbf"},{"time":0.1,"color":"ffffff00"},{"time":0.2333,"color":"ffffffff","curve":"stepped"},{"time":0.7333,"color":"ffffffff"},{"time":0.8666,"color":"ffffff00"}]}},"bones":{"190_S1_magic2_re":{"translate":[{"time":0,"x":-505,"y":-242,"curve":"stepped"},{"time":0.1,"x":-505,"y":-242}],"scale":[{"time":0.1,"x":1,"y":0.501},{"time":0.2333,"x":1,"y":1}]},"190_S1_bom1_re1":{"translate":[{"time":0,"x":-660,"y":135,"curve":"stepped"},{"time":0.0666,"x":-660,"y":135,"curve":"stepped"},{"time":0.9,"x":-660,"y":135,"curve":[0.25,0,0.75,1]},{"time":1.5,"x":-660,"y":120}],"scale":[{"time":0.9,"x":1,"y":1,"curve":[0.17,0.9,0.75,1]},{"time":1.5,"x":1.3,"y":1.2}]}}},"empty":{}}}