{"skeleton":{"hash":"PRSya42cgYoNqQONDVE9AP+mzxA","spine":"3.0.12","width":0,"height":0,"images":"./images/"},"bones":[{"name":"root"},{"name":"MAIN","parent":"root"},{"name":"cloud_side","parent":"MAIN","x":26.22,"y":36.48},{"name":"cloud_base_2","parent":"MAIN","x":-19.76,"y":21.9},{"name":"cloud_base_1","parent":"MAIN","x":8.86,"y":25.69},{"name":"cloud_back","parent":"MAIN","x":19.23,"y":54.7},{"name":"cloud_2","parent":"MAIN","x":49.83,"y":87.7},{"name":"cloud_1","parent":"MAIN","x":-75.56,"y":60.3},{"name":"MAIN-origin","parent":"MAIN","y":35,"color":"00369bff"},{"name":"HPBAR","parent":"MAIN","y":140}],"slots":[{"name":"cloud_base_2","bone":"cloud_base_2","attachment":"cloud_base_2"},{"name":"cloud_back","bone":"cloud_back","attachment":"cloud_back"},{"name":"cloud_base_1","bone":"cloud_base_1","attachment":"cloud_base_1"},{"name":"cloud_2","bone":"cloud_2","attachment":"cloud_2"},{"name":"cloud_1","bone":"cloud_1","attachment":"cloud_1"},{"name":"MAIN","bone":"MAIN-origin","attachment":"idle_00"},{"name":"cloud_side","bone":"cloud_side","attachment":"cloud_side"}],"skins":{"default":{"MAIN":{"idle_00":{"x":-14.56,"y":25.84,"width":266,"height":278},"idle_01":{"x":-14.56,"y":25.84,"width":266,"height":278},"idle_02":{"x":-14.56,"y":25.84,"width":266,"height":278},"idle_03":{"x":-14.56,"y":25.84,"width":266,"height":278},"idle_04":{"x":-14.56,"y":25.84,"width":266,"height":278},"idle_05":{"x":-14.56,"y":25.84,"width":266,"height":278}},"cloud_1":{"cloud_1":{"x":59.89,"y":3.39,"width":158,"height":132}},"cloud_2":{"cloud_2":{"x":-65.5,"y":-24,"width":158,"height":132}},"cloud_back":{"cloud_back":{"x":-34.9,"y":8.99,"width":158,"height":132}},"cloud_base_1":{"cloud_base_1":{"x":-24.54,"y":38,"width":158,"height":132}},"cloud_base_2":{"cloud_base_2":{"x":4.09,"y":41.79,"width":158,"height":132}},"cloud_side":{"cloud_side":{"x":-41.9,"y":27.21,"width":158,"height":132}}}},"events":{"Event":{},"Hit":{},"sound_1":{},"sound_2":{},"sound_3":{},"voice":{}},"animations":{"idle":{"slots":{"MAIN":{"attachment":[{"time":0,"name":"idle_00"},{"time":0.1666,"name":"idle_01"},{"time":0.3333,"name":"idle_02"},{"time":0.5,"name":"idle_03"},{"time":0.6666,"name":"idle_04"},{"time":0.8333,"name":"idle_05"},{"time":1,"name":"idle_00"}]}},"bones":{"MAIN-origin":{"translate":[{"time":0,"x":0,"y":0},{"time":0.1666,"x":0,"y":0.88,"curve":[0.208,0.54,0.586,1]},{"time":0.5,"x":0,"y":3.13,"curve":[0.434,0,0.602,0.71]},{"time":0.8333,"x":0,"y":0.2},{"time":1,"x":0,"y":0}]},"cloud_base_2":{"translate":[{"time":0,"x":0,"y":0,"curve":[0.25,0,0.75,1]},{"time":0.5,"x":-2.68,"y":4.62,"curve":[0.25,0,0.75,1]},{"time":1,"x":0,"y":0}],"scale":[{"time":0,"x":1,"y":1,"curve":[0.25,0,0.75,1]},{"time":0.5,"x":1.05,"y":1.01,"curve":[0.25,0,0.75,1]},{"time":1,"x":1,"y":1}]},"cloud_base_1":{"translate":[{"time":0,"x":0,"y":0,"curve":[0.416,0,0.75,1]},{"time":0.5,"x":2.69,"y":3.74,"curve":[0.483,0,0.75,1]},{"time":1,"x":0,"y":0}],"scale":[{"time":0,"x":1,"y":1},{"time":0.5,"x":1.1,"y":1.07},{"time":1,"x":1,"y":1}]},"cloud_1":{"translate":[{"time":0,"x":0,"y":0},{"time":0.1666,"x":2,"y":-1.13},{"time":0.6666,"x":0,"y":3.13,"curve":[0.188,0,0.75,1]},{"time":1,"x":0,"y":0}],"scale":[{"time":0,"x":0.9,"y":0.91,"curve":[0,0.6,0.75,1]},{"time":0.5,"x":0.753,"y":0.762,"curve":[0.25,0,0.75,1]},{"time":1,"x":0.9,"y":0.91}]},"cloud_2":{"translate":[{"time":0,"x":0,"y":0},{"time":0.1666,"x":-0.44,"y":-2.02},{"time":0.6666,"x":0.88,"y":2.57,"curve":[0.421,0,0.75,1]},{"time":1,"x":0,"y":0}],"scale":[{"time":0,"x":0.951,"y":0.951},{"time":0.5,"x":1.005,"y":1.015},{"time":1,"x":0.951,"y":0.951}]},"cloud_side":{"translate":[{"time":0,"x":0,"y":0},{"time":0.1666,"x":0.27,"y":-0.99,"curve":[0.382,0.4,0.735,1]},{"time":0.6666,"x":1.28,"y":3.05,"curve":[0.392,0,0.75,1]},{"time":1,"x":0,"y":0}],"scale":[{"time":0,"x":1,"y":1},{"time":0.5,"x":1.04,"y":0.99},{"time":1,"x":1,"y":1}]},"cloud_back":{"translate":[{"time":0,"x":0,"y":0,"curve":[0.25,0,0.75,1]},{"time":0.5,"x":1.32,"y":1.89,"curve":[0.25,0,0.75,1]},{"time":1,"x":0,"y":0}],"scale":[{"time":0,"x":1,"y":1},{"time":0.5,"x":1.04,"y":0.99},{"time":1,"x":1,"y":1}]}}}}}