{"skeleton":{"hash":"OF07PN8M0Tx3MdXtKFoEb4DtSc8","spine":"3.0.12","width":285,"height":172},"bones":[{"name":"root"},{"name":"grid","parent":"root"},{"name":"MAIN4","parent":"root","x":1642.32,"y":96.68},{"name":"MAIN3","parent":"root","x":1431,"y":96.68},{"name":"MAIN2","parent":"root","x":1241,"y":96.68},{"name":"MAIN","parent":"root","y":68.05},{"name":"SHADOW-OFFSET","parent":"MAIN"},{"name":"HITBOX","parent":"MAIN"},{"name":"EF/sword/up_EF2","parent":"root","x":1538.61,"y":-682.51},{"name":"EF/sword/up_EF","parent":"root","x":1538.61,"y":-497.73},{"name":"EF/sword/10000-combo_7_ef1","parent":"root","x":1728.26,"y":-512.28},{"name":"EF/sword/10000-combo_16_ef2","parent":"root","x":2011.46,"y":-489.54},{"name":"DAMAGEAREA","parent":"root"}],"slots":[{"name":"grid/bg","bone":"grid","color":"adadad95"},{"name":"grid/grid","bone":"grid","color":"ffffff47"},{"name":"MAIN4","bone":"MAIN4","color":"ffffffd1"},{"name":"MAIN3","bone":"MAIN3","color":"ffffffd3"},{"name":"MAIN2","bone":"MAIN2","color":"ffffffd9"},{"name":"MAIN","bone":"MAIN","attachment":"idle_00"},{"name":"HITBOX","bone":"HITBOX","attachment":"HITBOX"},{"name":"DAMAGEAREA","bone":"DAMAGEAREA"},{"name":"EF/sword/up_EF","bone":"EF/sword/up_EF","color":"ff2612ff","blend":"additive"},{"name":"EF/sword/up_EF2","bone":"EF/sword/up_EF2","color":"ff2612ff","blend":"additive"},{"name":"EF/sword/10000-combo_7_ef","bone":"EF/sword/10000-combo_7_ef1","color":"ff2612ff","blend":"additive"},{"name":"EF/sword/10000-combo_16_ef2_1B","bone":"EF/sword/10000-combo_16_ef2","color":"ff2612ff","blend":"additive"},{"name":"EF/sword/10000-combo_16_ef2_1B2","bone":"EF/sword/10000-combo_16_ef2","color":"ff2612ff","blend":"additive"},{"name":"EF/sword/10000-combo_16_ef2_1B3","bone":"EF/sword/10000-combo_16_ef2","color":"ff2612ff","blend":"additive"},{"name":"EF/sword/10000-combo_16_ef2_1F","bone":"EF/sword/10000-combo_16_ef2","color":"ff2612ff","blend":"additive"},{"name":"EF/sword/10000-combo_16_ef2_2","bone":"EF/sword/10000-combo_16_ef2","color":"ff2612ff","blend":"additive"}],"skins":{"default":{"DAMAGEAREA":{"DAMAGEAREA":{"type":"boundingbox","vertices":[-98.64017,98.88397,-98.64017,-98.0519,98.29572,-97.57391,99.25172,97.92797]}},"EF/sword/10000-combo_16_ef2_1B":{"EF/sword/10000-combo_16_ef2_1B":{"x":-16.56,"y":19.78,"rotation":-32.05,"width":412,"height":342}},"EF/sword/10000-combo_16_ef2_1B2":{"EF/sword/10000-combo_16_ef2_1B":{"x":-16.56,"y":19.78,"rotation":-32.05,"width":412,"height":342}},"EF/sword/10000-combo_16_ef2_1B3":{"EF/sword/10000-combo_16_ef2_1B":{"x":-16.56,"y":19.78,"rotation":-32.05,"width":412,"height":342}},"EF/sword/10000-combo_16_ef2_1F":{"EF/sword/10000-combo_16_ef2_1F":{"x":-16.56,"y":19.78,"rotation":-32.05,"width":412,"height":342}},"EF/sword/10000-combo_16_ef2_2":{"EF/sword/10000-combo_16_ef2_2":{"x":-16.56,"y":19.78,"rotation":-32.05,"width":412,"height":342},"EF/sword/10000-combo_16_ef2_3":{"x":-16.56,"y":19.78,"rotation":-32.05,"width":412,"height":342}},"EF/sword/10000-combo_7_ef":{"EF/sword/10000-combo_7_ef1_1":{"x":29.69,"y":83.99,"width":412,"height":342},"EF/sword/10000-combo_7_ef1_2":{"x":29.69,"y":83.99,"width":412,"height":342},"EF/sword/10000-combo_7_ef1_3":{"x":29.69,"y":83.99,"width":412,"height":342}},"EF/sword/up_EF":{"EF/sword/up_EF_1":{"x":-19.9,"y":-31.41,"width":200,"height":200},"EF/sword/up_EF_2":{"x":-19.9,"y":-31.41,"width":200,"height":200},"EF/sword/up_EF_3":{"x":-19.9,"y":-31.41,"width":200,"height":200},"EF/sword/up_EF_4":{"x":-19.9,"y":-31.41,"width":200,"height":200}},"EF/sword/up_EF2":{"EF/sword/up_EF_1":{"x":-19.9,"y":-31.41,"width":200,"height":200},"EF/sword/up_EF_2":{"x":-19.9,"y":-31.41,"width":200,"height":200},"EF/sword/up_EF_3":{"x":-19.9,"y":-31.41,"width":200,"height":200},"EF/sword/up_EF_4":{"x":-19.9,"y":-31.41,"width":200,"height":200}},"HITBOX":{"HITBOX":{"type":"boundingbox","vertices":[-35.04231,55.73597,-35.04231,-54.253,34.29066,-54.253,34.29066,55.73597]}},"MAIN":{"attack1_00":{"x":11.83,"y":20.64,"width":253,"height":233},"attack1_01":{"x":11.83,"y":20.64,"width":253,"height":233},"attack1_02":{"x":11.83,"y":20.64,"width":253,"height":233},"attack1_03":{"x":11.83,"y":20.64,"width":253,"height":233},"attack1_04":{"x":11.83,"y":20.64,"width":253,"height":233},"attack1_05":{"x":11.83,"y":20.64,"width":253,"height":233},"attack2_00":{"x":-10.55,"y":-14.81,"width":352,"height":315},"attack2_01":{"x":-10.55,"y":-14.82,"width":352,"height":315},"attack2_02":{"x":-10.55,"y":-14.82,"width":352,"height":315},"attack2_03":{"x":-10.55,"y":-14.82,"width":352,"height":315},"attack2_04":{"x":-10.55,"y":-14.82,"width":352,"height":315},"back_00":{"x":8.24,"y":16.64,"width":234,"height":216},"damage_00":{"x":16.5,"y":29.42,"width":192,"height":255},"front_00":{"x":16.62,"y":-19.21,"width":222,"height":255},"front_01":{"x":16.62,"y":-19.21,"width":222,"height":255},"front_02":{"x":16.62,"y":-19.21,"width":222,"height":255},"idle_00":{"x":33.36,"y":-0.7,"width":285,"height":172},"idle_01":{"x":33.36,"y":-0.7,"width":285,"height":172},"idle_02":{"x":33.36,"y":-0.7,"width":285,"height":172},"idle_03":{"x":33.36,"y":-0.7,"width":285,"height":172},"idle_04":{"x":33.36,"y":-0.7,"width":285,"height":172},"skill2_00":{"x":-4.46,"y":14.13,"width":287,"height":274},"skill2_01":{"x":-4.48,"y":14.13,"width":287,"height":274},"skill2_02":{"x":-4.48,"y":14.13,"width":287,"height":274},"skill2_03":{"x":-4.48,"y":14.13,"width":287,"height":274},"skill2_04":{"x":-4.48,"y":14.13,"width":287,"height":274},"skill2_05":{"x":-4.48,"y":14.13,"width":287,"height":274},"skill2_06":{"x":-4.48,"y":14.13,"width":287,"height":274},"skill2_07":{"x":-4.48,"y":14.13,"width":287,"height":274},"skill2_08":{"x":-4.48,"y":14.13,"width":287,"height":274},"skill2_09":{"x":-4.48,"y":14.13,"width":287,"height":274},"skill2_10":{"x":-4.48,"y":14.13,"width":287,"height":274},"skill2_11":{"x":-4.48,"y":14.13,"width":287,"height":274},"skill2_12":{"x":-4.48,"y":14.13,"width":287,"height":274}},"MAIN2":{"attack1_00":{"x":-11.88,"y":21.77,"width":253,"height":233},"attack1_01":{"x":-11.88,"y":21.78,"width":253,"height":233},"attack1_02":{"x":-11.88,"y":21.78,"width":253,"height":233},"attack1_03":{"x":-11.88,"y":21.78,"width":253,"height":233},"attack1_04":{"x":-11.88,"y":21.78,"width":253,"height":233},"attack2_00":{"x":-10.55,"y":-8.57,"width":352,"height":315},"attack2_01":{"x":-10.55,"y":-8.57,"width":352,"height":315},"attack2_02":{"x":-10.55,"y":-8.57,"width":352,"height":315},"attack2_03":{"x":-10.55,"y":-8.57,"width":352,"height":315},"attack2_04":{"x":-11,"y":-8.57,"width":352,"height":315},"back_00":{"x":8.24,"y":18.79,"width":234,"height":216},"damage_00":{"x":16.5,"y":39.02,"width":192,"height":255},"front_00":{"x":16.62,"y":-19.21,"width":222,"height":255},"front_01":{"x":16.62,"y":-19.21,"width":222,"height":255},"front_02":{"x":16.62,"y":-19.21,"width":222,"height":255},"idle_00":{"x":33.36,"y":7.21,"width":285,"height":172},"idle_01":{"x":33.36,"y":7.21,"width":285,"height":172},"idle_02":{"x":33.36,"y":7.21,"width":285,"height":172},"idle_03":{"x":33.36,"y":7.21,"width":285,"height":172},"idle_04":{"x":33.36,"y":7.21,"width":285,"height":172},"skill2_00":{"x":-4.46,"y":22.05,"width":287,"height":274},"skill2_01":{"x":-4.48,"y":22.06,"width":287,"height":274},"skill2_02":{"x":-4.48,"y":22.06,"width":287,"height":274},"skill2_03":{"x":-4.48,"y":22.06,"width":287,"height":274},"skill2_04":{"x":-4.48,"y":22.06,"width":287,"height":274},"skill2_05":{"x":-4,"y":22.06,"width":287,"height":274},"skill2_06":{"x":-4.48,"y":22.06,"width":287,"height":274},"skill2_07":{"x":-4.48,"y":22.06,"width":287,"height":274},"skill2_08":{"x":-4.48,"y":22.06,"width":287,"height":274},"skill2_09":{"x":-4.48,"y":22.06,"width":287,"height":274},"skill2_10":{"x":-4.48,"y":22.06,"width":287,"height":274},"skill2_11":{"x":-4.48,"y":22.06,"width":287,"height":274},"skill2_12":{"x":-4.48,"y":22.06,"width":287,"height":274}},"MAIN3":{"attack1_00":{"x":-11.88,"y":21.77,"width":253,"height":233},"attack1_01":{"x":-11.88,"y":21.78,"width":253,"height":233},"attack1_02":{"x":-11.88,"y":21.78,"width":253,"height":233},"attack1_03":{"x":-11.88,"y":21.78,"width":253,"height":233},"attack1_04":{"x":-11.88,"y":21.78,"width":253,"height":233},"attack2_00":{"x":-10.55,"y":-8.57,"width":352,"height":315},"attack2_01":{"x":-10.55,"y":-8.57,"width":352,"height":315},"attack2_02":{"x":-10.55,"y":-8.57,"width":352,"height":315},"attack2_03":{"x":-10.55,"y":-8.57,"width":352,"height":315},"attack2_04":{"x":-11,"y":-8.57,"width":352,"height":315},"back_00":{"x":8.24,"y":18.79,"width":234,"height":216},"damage_00":{"x":16.5,"y":39.02,"width":192,"height":255},"front_00":{"x":16.62,"y":-19.21,"width":222,"height":255},"front_01":{"x":16.62,"y":-19.21,"width":222,"height":255},"front_02":{"x":16.62,"y":-19.21,"width":222,"height":255},"idle_00":{"x":33,"y":7.21,"width":285,"height":172},"idle_01":{"x":33.36,"y":7.21,"width":285,"height":172},"idle_02":{"x":33.36,"y":7.21,"width":285,"height":172},"idle_03":{"x":33.36,"y":7.21,"width":285,"height":172},"idle_04":{"x":33.36,"y":7.21,"width":285,"height":172},"skill2_00":{"x":-4.46,"y":22.05,"width":287,"height":274},"skill2_01":{"x":-4.48,"y":22.06,"width":287,"height":274},"skill2_02":{"x":-4.48,"y":22.06,"width":287,"height":274},"skill2_03":{"x":-4.48,"y":22.06,"width":287,"height":274},"skill2_04":{"x":-4.48,"y":22.06,"width":287,"height":274},"skill2_05":{"x":-4.48,"y":22.06,"width":287,"height":274},"skill2_06":{"x":-4.48,"y":22.06,"width":287,"height":274},"skill2_07":{"x":-4.48,"y":22.06,"width":287,"height":274},"skill2_08":{"x":-4.48,"y":22.06,"width":287,"height":274},"skill2_09":{"x":-4.48,"y":22.06,"width":287,"height":274},"skill2_10":{"x":-4.48,"y":22.06,"width":287,"height":274},"skill2_11":{"x":-4.48,"y":22.06,"width":287,"height":274},"skill2_12":{"x":-4.48,"y":22.06,"width":287,"height":274}},"MAIN4":{"attack1_00":{"x":-11.88,"y":21.77,"width":253,"height":233},"attack1_01":{"x":-11.88,"y":21.78,"width":253,"height":233},"attack1_02":{"x":-11.88,"y":21.78,"width":253,"height":233},"attack1_03":{"x":-11.88,"y":21.78,"width":253,"height":233},"attack1_04":{"x":-11.88,"y":21.78,"width":253,"height":233},"attack2_00":{"x":-10.55,"y":-8.57,"width":352,"height":315},"attack2_01":{"x":-10.55,"y":-8.57,"width":352,"height":315},"attack2_02":{"x":-10.55,"y":-8.57,"width":352,"height":315},"attack2_03":{"x":-10.55,"y":-8.57,"width":352,"height":315},"attack2_04":{"x":-11,"y":-8.57,"width":352,"height":315},"back_00":{"x":8.24,"y":18.79,"width":234,"height":216},"damage_00":{"x":16.5,"y":39.02,"width":192,"height":255},"front_00":{"x":16.62,"y":-19.21,"width":222,"height":255},"front_01":{"x":16.62,"y":-19.21,"width":222,"height":255},"front_02":{"x":16.62,"y":-19.21,"width":222,"height":255},"idle_00":{"x":33,"y":7.21,"width":285,"height":172},"idle_01":{"x":33.36,"y":7.21,"width":285,"height":172},"idle_02":{"x":33.36,"y":7.21,"width":285,"height":172},"idle_03":{"x":33.36,"y":7.21,"width":285,"height":172},"idle_04":{"x":33.36,"y":7.21,"width":285,"height":172},"skill2_00":{"x":-4.46,"y":22.05,"width":287,"height":274},"skill2_01":{"x":-4.48,"y":22.06,"width":287,"height":274},"skill2_02":{"x":-4.48,"y":22.06,"width":287,"height":274},"skill2_03":{"x":-4.48,"y":22.06,"width":287,"height":274},"skill2_04":{"x":-4.48,"y":22.06,"width":287,"height":274},"skill2_05":{"x":-4.48,"y":22.06,"width":287,"height":274},"skill2_06":{"x":-4.48,"y":22.06,"width":287,"height":274},"skill2_07":{"x":-4.48,"y":22.06,"width":287,"height":274},"skill2_08":{"x":-4.48,"y":22.06,"width":287,"height":274},"skill2_09":{"x":-4.48,"y":22.06,"width":287,"height":274},"skill2_10":{"x":-4.48,"y":22.06,"width":287,"height":274},"skill2_11":{"x":-4.48,"y":22.06,"width":287,"height":274},"skill2_12":{"x":-4.48,"y":22.06,"width":287,"height":274}}}},"events":{"Event":{},"Hit":{},"HitEffect":{},"Sound":{},"Sound2":{},"View":{},"Voice":{},"sound3":{}},"animations":{"attack1":{"slots":{"DAMAGEAREA":{"attachment":[{"time":0.1,"name":"DAMAGEAREA"},{"time":0.4,"name":null}]},"EF/sword/10000-combo_16_ef2_2":{"attachment":[{"time":0.1666,"name":null},{"time":0.2,"name":null}]},"EF/sword/10000-combo_16_ef2_1B":{"attachment":[{"time":0.1,"name":"EF/sword/10000-combo_16_ef2_1B"},{"time":0.1666,"name":null}]},"EF/sword/10000-combo_16_ef2_1B2":{"attachment":[{"time":0.1,"name":"EF/sword/10000-combo_16_ef2_1B"},{"time":0.1666,"name":null}]},"EF/sword/10000-combo_16_ef2_1F":{"attachment":[{"time":0.1,"name":"EF/sword/10000-combo_16_ef2_1F"},{"time":0.1666,"name":null}]},"EF/sword/up_EF":{"attachment":[{"time":0.1666,"name":"EF/sword/up_EF_1"},{"time":0.2,"name":null}],"color":[{"time":0.1666,"color":"ff2612ff"}]},"EF/sword/up_EF2":{"attachment":[{"time":0.2666,"name":"EF/sword/up_EF_1"},{"time":0.3333,"name":"EF/sword/up_EF_3"},{"time":0.4,"name":null}],"color":[{"time":0.2666,"color":"ff2612ff"},{"time":0.4,"color":"ff111200"}]},"MAIN":{"attachment":[{"time":0.0333,"name":"attack1_00"},{"time":0.1,"name":"attack1_01"},{"time":0.1666,"name":"attack1_02"},{"time":0.2666,"name":"attack1_03"},{"time":0.3333,"name":"attack1_04"},{"time":0.4,"name":"attack1_05"},{"time":0.6666,"name":"skill2_12"},{"time":0.7,"name":"idle_00"}]},"MAIN2":{"attachment":[{"time":0,"name":null},{"time":0.1,"name":"skill2_02"},{"time":0.1666,"name":"skill2_03"},{"time":0.2,"name":"skill2_04"},{"time":0.2666,"name":null}]},"MAIN3":{"attachment":[{"time":0,"name":null},{"time":0.2,"name":"attack2_00"},{"time":0.2666,"name":"attack2_01"},{"time":0.3333,"name":"attack2_02"},{"time":0.4,"name":null}]},"MAIN4":{"attachment":[{"time":0,"name":null}]}},"bones":{"DAMAGEAREA":{"translate":[{"time":0.1,"x":-56.02,"y":29.84,"curve":"stepped"},{"time":0.1666,"x":-104.28,"y":54.29,"curve":"stepped"},{"time":0.2666,"x":-137.35,"y":47.31}],"scale":[{"time":0.1,"x":0.766,"y":0.555,"curve":"stepped"},{"time":0.1333,"x":0.897,"y":0.649,"curve":"stepped"},{"time":0.1666,"x":0.547,"y":0.561,"curve":"stepped"},{"time":0.2666,"x":0.944,"y":0.478}]},"EF/sword/10000-combo_16_ef2":{"rotate":[{"time":0.1,"angle":-151.75}],"translate":[{"time":0.1,"x":-1990.17,"y":602.19}],"scale":[{"time":0.1,"x":-0.981,"y":0.549}]},"EF/sword/up_EF":{"rotate":[{"time":0.1666,"angle":-166.3}],"translate":[{"time":0.1666,"x":-1586.92,"y":555.19}],"scale":[{"time":0.1666,"x":-1.432,"y":1.421}]},"EF/sword/up_EF2":{"rotate":[{"time":0.2666,"angle":74.55}],"translate":[{"time":0.2666,"x":-1691.99,"y":798.97}],"scale":[{"time":0.2666,"x":1.416,"y":1.411}]},"MAIN":{"translate":[{"time":0,"x":0,"y":0},{"time":0.0333,"x":-22.49,"y":0,"curve":"stepped"},{"time":0.6666,"x":-22.49,"y":0},{"time":0.7,"x":0,"y":0}]},"MAIN2":{"translate":[{"time":0.1,"x":-1302.93,"y":-37.34,"curve":"stepped"},{"time":0.1333,"x":-1308.22,"y":-37.34,"curve":"stepped"},{"time":0.1666,"x":-1314,"y":-35.93}]},"MAIN3":{"translate":[{"time":0.2,"x":-1489.91,"y":-33.84,"curve":"stepped"},{"time":0.2666,"x":-1522.64,"y":-33.84}]}},"drawOrder":[{"time":0,"offsets":[{"slot":"EF/sword/up_EF","offset":-3},{"slot":"EF/sword/up_EF2","offset":-3}]},{"time":0.1,"offsets":[{"slot":"EF/sword/up_EF","offset":-3},{"slot":"EF/sword/up_EF2","offset":-3},{"slot":"EF/sword/10000-combo_16_ef2_1F","offset":-7}]}],"events":[{"time":0,"name":"Voice","string":"cri_029_voice_attack_random"},{"time":0.0666,"name":"Sound2","string":"cri_se_battle_swordswish_light"},{"time":0.1,"name":"Event","float":0.05,"string":"kHitStopType_normal"},{"time":0.1,"name":"Sound","string":"setHitSound(se_battle_017_sword_hit_01)"},{"time":0.1666,"name":"Hit","string":"resetHitList"},{"time":0.1666,"name":"Sound","string":"setHitSound(se_battle_018_sword_hit_02)"},{"time":0.1666,"name":"Sound2","string":"cri_se_battle_swordswish_light"},{"time":0.2666,"name":"Hit","string":"resetHitList"},{"time":0.2666,"name":"Sound","string":"setHitSound(se_battle_018_sword_hit_02)"}]},"back":{"slots":{"MAIN":{"attachment":[{"time":0,"name":"back_00"},{"time":0.3,"name":"idle_04"},{"time":0.4333,"name":"idle_00"},{"time":0.5666,"name":"idle_00"}]}},"bones":{"MAIN":{"translate":[{"time":0,"x":14.45,"y":0,"curve":[0.329,0.33,0.662,0.67]},{"time":0.1,"x":51.26,"y":14.72,"curve":[0.33,0.33,0.664,0.66]},{"time":0.1666,"x":74.87,"y":14.2,"curve":[0.328,0.33,0.661,0.67]},{"time":0.3,"x":120,"y":0,"curve":[0.25,0,0.75,1]},{"time":0.4333,"x":154,"y":0}]}},"events":[{"time":0,"name":"Sound","string":"cri_se_battle_jump"},{"time":0.3,"name":"Sound","string":"cri_se_battle_landing"}]},"cast":{"slots":{"EF/sword/10000-combo_16_ef2_2":{"attachment":[{"time":0.5333,"name":"EF/sword/10000-combo_16_ef2_2"},{"time":0.5666,"name":null}]},"EF/sword/10000-combo_16_ef2_1B":{"attachment":[{"time":0.5,"name":"EF/sword/10000-combo_16_ef2_1B"},{"time":0.5333,"name":null}]},"EF/sword/10000-combo_16_ef2_1B2":{"attachment":[{"time":0.5,"name":"EF/sword/10000-combo_16_ef2_1B"},{"time":0.5333,"name":null}]},"EF/sword/10000-combo_16_ef2_1F":{"attachment":[{"time":0.5,"name":"EF/sword/10000-combo_16_ef2_1F"},{"time":0.5333,"name":null}]},"MAIN":{"attachment":[{"time":0,"name":"attack1_00"},{"time":0.5,"name":"attack1_01"},{"time":0.5333,"name":"attack1_02"},{"time":0.6,"name":"attack1_03"},{"time":0.6333,"name":"attack1_04"},{"time":0.6666,"name":"attack1_05"},{"time":1,"name":"attack1_04"}]}},"bones":{"EF/sword/10000-combo_16_ef2":{"rotate":[{"time":0.5,"angle":-151.75}],"translate":[{"time":0.5,"x":-1976.18,"y":596.11}],"scale":[{"time":0.5,"x":-0.981,"y":0.549}]}},"drawOrder":[{"time":0.5,"offsets":[{"slot":"EF/sword/10000-combo_16_ef2_1F","offset":-9}]}],"events":[{"time":0.5,"name":"Voice","string":"cri_029_voice_item"}]},"damage":{"slots":{"MAIN":{"attachment":[{"time":0,"name":"damage_00"}]}}},"front":{"slots":{"MAIN":{"attachment":[{"time":0,"name":"front_00"}]}}},"idle":{"slots":{"MAIN":{"attachment":[{"time":0,"name":"idle_00"},{"time":0.1666,"name":"idle_01"},{"time":0.3333,"name":"idle_02"},{"time":0.5,"name":"idle_03"},{"time":0.6666,"name":"idle_04"},{"time":0.8333,"name":"idle_00"}]}}},"skill1":{"slots":{"DAMAGEAREA":{"attachment":[{"time":0.9333,"name":"DAMAGEAREA"},{"time":1.1666,"name":null}]},"EF/sword/up_EF":{"attachment":[{"time":0.9,"name":"EF/sword/up_EF_1"},{"time":0.9333,"name":"EF/sword/up_EF_3"},{"time":0.9666,"name":null}]},"MAIN":{"attachment":[{"time":0,"name":"skill2_00"},{"time":0.2666,"name":"skill2_01"},{"time":0.4333,"name":"skill2_02"},{"time":0.9,"name":"skill2_03"},{"time":0.9333,"name":"skill2_04"},{"time":0.9666,"name":"skill2_05"},{"time":1,"name":"skill2_06"},{"time":1.0666,"name":"skill2_07"},{"time":1.1333,"name":"skill2_08"},{"time":1.2,"name":"skill2_09"},{"time":1.2666,"name":"skill2_10"},{"time":1.3666,"name":"skill2_11"},{"time":1.5,"name":"skill2_12"},{"time":1.6666,"name":"back_00"},{"time":1.8666,"name":"idle_03"},{"time":2.0666,"name":"idle_04"},{"time":2.2666,"name":"idle_04"}]}},"bones":{"DAMAGEAREA":{"translate":[{"time":0.9333,"x":-185.37,"y":48.27}],"scale":[{"time":0.9333,"x":1.763,"y":0.347}]},"EF/sword/up_EF":{"rotate":[{"time":0.9,"angle":-142.62}],"translate":[{"time":0.9,"x":-1868.55,"y":544.21}],"scale":[{"time":0.9,"x":-1.334,"y":1.314}]},"MAIN":{"translate":[{"time":0,"x":0,"y":0,"curve":"stepped"},{"time":0.9,"x":-354.97,"y":0,"curve":"stepped"},{"time":1.6666,"x":-354.97,"y":0},{"time":1.7666,"x":-125.56,"y":28.74},{"time":1.8666,"x":-10,"y":0},{"time":1.9333,"x":0,"y":0}]}},"events":[{"time":0,"name":"HitEffect","string":"setHitEffect(hit06d,1,1,1)"},{"time":0.0333,"name":"Sound","string":"cri_se_battle_charge"},{"time":0.1666,"name":"View","float":0.34,"string":"shakeGround_Loop"},{"time":0.3333,"name":"Voice","string":"cri_029_voice_skill_b"},{"time":0.9,"name":"Event","float":0.3,"string":"shakeGround_Loop"},{"time":0.9,"name":"Sound","string":"cri_se_battle_skill_dash_ef"},{"time":0.9,"name":"Sound2","string":"cri_se_battle_033_explosion_element_01"},{"time":0.9333,"name":"Event","float":0.25,"string":"kHitStopType_normal"},{"time":0.9333,"name":"Sound","string":"cri_se_battle_sword_srash"},{"time":0.9666,"name":"Event","float":0.08,"string":"kHitStopType_enemyonly"},{"time":0.9666,"name":"HitEffect","string":"setHitEffect(hit06d,1,2.5,1)"},{"time":0.9666,"name":"Sound2","string":"setHitSound(se_battle_018_sword_hit_02)"},{"time":0.9666,"name":"View","string":"shakeGround"},{"time":1,"name":"Event","string":"kImpactType_knock"},{"time":1,"name":"Hit","float":15,"string":"resetHitList"}]},"skill2":{"slots":{"DAMAGEAREA":{"attachment":[{"time":0.5333,"name":"DAMAGEAREA"},{"time":1.2,"name":null}]},"EF/sword/10000-combo_16_ef2_1B":{"attachment":[{"time":0.5333,"name":"EF/sword/10000-combo_16_ef2_1B"},{"time":0.5666,"name":null}]},"EF/sword/10000-combo_16_ef2_1B2":{"attachment":[{"time":0.5333,"name":"EF/sword/10000-combo_16_ef2_1B"},{"time":0.5666,"name":null}]},"EF/sword/10000-combo_16_ef2_1F":{"attachment":[{"time":0.5333,"name":"EF/sword/10000-combo_16_ef2_1F"},{"time":0.5666,"name":null}]},"EF/sword/up_EF":{"attachment":[{"time":0.9,"name":"EF/sword/up_EF_1"},{"time":0.9333,"name":null}]},"EF/sword/up_EF2":{"attachment":[{"time":0.7333,"name":"EF/sword/up_EF_1"},{"time":0.7666,"name":"EF/sword/up_EF_3"},{"time":0.8,"name":null},{"time":0.9,"name":null}]},"MAIN":{"attachment":[{"time":0,"name":"skill2_12"},{"time":0.0666,"name":"front_02"},{"time":0.3,"name":"idle_00"},{"time":0.5,"name":"attack1_00"},{"time":0.5333,"name":"attack1_01"},{"time":0.5666,"name":"attack1_02"},{"time":0.6,"name":"attack1_03"},{"time":0.6333,"name":"attack1_04"},{"time":0.6666,"name":"attack2_00"},{"time":0.7333,"name":"attack2_01"},{"time":0.7666,"name":"attack2_02"},{"time":0.8,"name":"attack2_03"},{"time":0.8666,"name":"attack2_04"},{"time":0.9,"name":"skill2_04"},{"time":0.9333,"name":"skill2_05"},{"time":0.9666,"name":"skill2_06"},{"time":1.0333,"name":"skill2_07"},{"time":1.1,"name":"skill2_08"},{"time":1.1333,"name":"skill2_09"},{"time":1.2,"name":"skill2_10"},{"time":1.2666,"name":"skill2_11"},{"time":1.3333,"name":"skill2_12"},{"time":1.5,"name":"skill2_12"}],"color":[{"time":0.0333,"color":"ffffffff","curve":[0.181,0.4,0.745,0.89]},{"time":0.2,"color":"ffffff00","curve":"stepped"},{"time":0.3,"color":"ffffff00"},{"time":0.4,"color":"ffffffff"}]}},"bones":{"DAMAGEAREA":{"translate":[{"time":0,"x":-113.63,"y":160.64,"curve":"stepped"},{"time":0.5333,"x":-113.63,"y":160.64}],"scale":[{"time":0,"x":2,"y":2.5,"curve":"stepped"},{"time":0.5333,"x":2,"y":2.5}]},"EF/sword/10000-combo_16_ef2":{"rotate":[{"time":0,"angle":-151.75,"curve":"stepped"},{"time":0.5333,"angle":-151.75}],"translate":[{"time":0,"x":-1988.34,"y":586.99,"curve":"stepped"},{"time":0.5333,"x":-1988.34,"y":586.99}],"scale":[{"time":0,"x":-0.981,"y":0.549,"curve":"stepped"},{"time":0.5333,"x":-0.981,"y":0.549}]},"EF/sword/up_EF":{"rotate":[{"time":0,"angle":-142.64,"curve":"stepped"},{"time":0.9,"angle":-142.64}],"translate":[{"time":0,"x":-1521.62,"y":545.46,"curve":"stepped"},{"time":0.9,"x":-1521.62,"y":545.46}],"scale":[{"time":0,"x":-1.432,"y":1.421,"curve":"stepped"},{"time":0.9,"x":-1.432,"y":1.421}]},"EF/sword/up_EF2":{"rotate":[{"time":0,"angle":74.55,"curve":"stepped"},{"time":0.7333,"angle":74.55}],"translate":[{"time":0,"x":-1603.24,"y":785.21,"curve":"stepped"},{"time":0.7333,"x":-1603.24,"y":785.21}],"scale":[{"time":0,"x":1.416,"y":1.411,"curve":"stepped"},{"time":0.7333,"x":1.416,"y":1.411}]},"MAIN":{"translate":[{"time":0,"x":0,"y":0,"curve":[0.186,0.65,0.73,1]},{"time":0.1666,"x":-200,"y":-6,"curve":"stepped"},{"time":0.3,"x":0,"y":0}]}},"drawOrder":[{"time":0,"offsets":[{"slot":"EF/sword/10000-combo_16_ef2_1F","offset":-9}]},{"time":0.5333,"offsets":[{"slot":"EF/sword/10000-combo_16_ef2_1F","offset":-9}]}],"events":[{"time":0,"name":"HitEffect","string":"setHitEffect(hit06d,1,2,1)"},{"time":0,"name":"Sound","string":"cri_se_battle_teleport"},{"time":0,"name":"Voice","string":"cri_029_voice_skill_c"},{"time":0.1666,"name":"Event","string":"setHitEffect(hit03a, 0)"},{"time":0.3,"name":"Event","int":150,"string":"setPosition_Target"},{"time":0.5,"name":"Event","float":0.75,"string":"shakeGround_Loop"},{"time":0.5,"name":"Sound","string":"cri_se_battle_skill_shot"},{"time":0.5,"name":"Sound2","string":"cri_se_battle_040_weapon_swing"},{"time":0.5333,"name":"Event","float":0.3,"string":"kHitStopType_enemyonly"},{"time":0.5333,"name":"Sound","string":"setHitSound(se_battle_026_stab)"},{"time":0.5333,"name":"Sound2","string":"cri_se_battle_arrow_light_effect"},{"time":0.6,"name":"Hit","float":1.1,"string":"resetHitList"},{"time":0.6333,"name":"Sound","string":"cri_se_battle_skill_shot"},{"time":0.6666,"name":"Hit","float":1.1,"string":"resetHitList"},{"time":0.6666,"name":"Sound2","string":"cri_se_battle_arrow_light_effect"},{"time":0.7333,"name":"Hit","float":1.1,"string":"resetHitList"},{"time":0.7666,"name":"Sound","string":"cri_se_battle_skill_shot"},{"time":0.8,"name":"Hit","float":1.2,"string":"resetHitList"},{"time":0.8,"name":"Sound2","string":"cri_se_battle_arrow_light_effect"},{"time":0.8666,"name":"Hit","float":1.2,"string":"resetHitList"},{"time":0.9,"name":"Sound","string":"cri_se_battle_skill_shot"},{"time":0.9333,"name":"Hit","float":1.2,"string":"resetHitList"},{"time":0.9333,"name":"Sound2","string":"cri_se_battle_arrow_light_effect"},{"time":1,"name":"Hit","float":1.3,"string":"resetHitList"},{"time":1.0333,"name":"Sound","string":"cri_se_battle_skill_shot"},{"time":1.0666,"name":"Hit","float":1.3,"string":"resetHitList"},{"time":1.0666,"name":"Sound2","string":"cri_se_battle_arrow_light_effect"},{"time":1.1333,"name":"Event","string":"kImpactType_knock"},{"time":1.1333,"name":"Hit","float":2,"string":"resetHitList"}]}}}