{"skeleton":{"hash":"q7X8WMZgETDZnbLW71OESR5V01E","spine":"3.0.12","width":332,"height":665},"bones":[{"name":"root"}],"slots":[{"name":"3","bone":"root","attachment":"3"},{"name":"2","bone":"root","attachment":"2"},{"name":"face_1","bone":"root","attachment":"face_1"}],"skins":{"default":{"2":{"2":{"x":-17,"y":371,"width":244,"height":320}},"3":{"3":{"x":-18,"y":105.5,"width":332,"height":211}},"face_1":{"face_1":{"x":-26.5,"y":598,"width":177,"height":134},"face_2":{"x":-26.5,"y":598,"width":177,"height":134},"face_3":{"x":-26.5,"y":598,"width":177,"height":134}}}},"animations":{"1":{"slots":{"2":{"attachment":[{"time":0,"name":"2"}]},"3":{"attachment":[{"time":0,"name":"3"}]},"face_1":{"attachment":[{"time":0,"name":"face_1"}]}}},"2":{"slots":{"2":{"attachment":[{"time":0,"name":"2"}]},"3":{"attachment":[{"time":0,"name":"3"}]},"face_1":{"attachment":[{"time":0,"name":"face_2"}]}}},"3":{"slots":{"2":{"attachment":[{"time":0,"name":"2"}]},"3":{"attachment":[{"time":0,"name":"3"}]},"face_1":{"attachment":[{"time":0,"name":"face_3"}]}}}}}