{"skeleton":{"hash":"qLHdegFEi2tW+VuwCeoCt/Ooycs","spine":"3.0.12","width":0,"height":0},"bones":[{"name":"root"},{"name":"MAIN","parent":"root","scaleX":2,"scaleY":2},{"name":"SHADOW-OFFSET","parent":"MAIN","scaleX":0,"scaleY":0}],"slots":[{"name":"CO_HIT_000","bone":"MAIN","color":"ff9135ff","blend":"additive"}],"skins":{"default":{"CO_HIT_000":{"CO_HIT_000/VBHT_Slash20000":{"width":512,"height":512},"CO_HIT_000/VBHT_Slash20001":{"width":512,"height":512},"CO_HIT_000/VBHT_Slash20002":{"width":512,"height":512},"CO_HIT_000/VBHT_Slash20003":{"width":512,"height":512},"CO_HIT_000/VBHT_Slash20004":{"width":512,"height":512},"CO_HIT_000/VBHT_Slash20005":{"width":512,"height":512},"CO_HIT_000/VBHT_Slash20007":{"width":512,"height":512},"CO_HIT_000/VBHT_Slash20009":{"width":512,"height":512}}}},"animations":{"hit0":{"slots":{"CO_HIT_000":{"attachment":[{"time":0,"name":null},{"time":0.0333,"name":"CO_HIT_000/VBHT_Slash20001"},{"time":0.0666,"name":"CO_HIT_000/VBHT_Slash20002"},{"time":0.1,"name":"CO_HIT_000/VBHT_Slash20003"},{"time":0.1333,"name":"CO_HIT_000/VBHT_Slash20004"},{"time":0.1666,"name":"CO_HIT_000/VBHT_Slash20005"},{"time":0.2,"name":"CO_HIT_000/VBHT_Slash20007"},{"time":0.2333,"name":"CO_HIT_000/VBHT_Slash20009"}],"color":[{"time":0.2333,"color":"ffa84bff"},{"time":0.3333,"color":"ffffff00"}]}},"bones":{"MAIN":{"scale":[{"time":0.2333,"x":1,"y":1},{"time":0.3333,"x":1.152,"y":1.152}]}}},"hit1":{"slots":{"CO_HIT_000":{"attachment":[{"time":0,"name":null},{"time":0.0333,"name":"CO_HIT_000/VBHT_Slash20001"},{"time":0.0666,"name":"CO_HIT_000/VBHT_Slash20002"},{"time":0.1,"name":"CO_HIT_000/VBHT_Slash20003"},{"time":0.1333,"name":"CO_HIT_000/VBHT_Slash20004"},{"time":0.1666,"name":"CO_HIT_000/VBHT_Slash20005"},{"time":0.2,"name":"CO_HIT_000/VBHT_Slash20007"},{"time":0.2333,"name":"CO_HIT_000/VBHT_Slash20009"}],"color":[{"time":0.2333,"color":"ffa84bff"},{"time":0.3333,"color":"ffffff00"}]}},"bones":{"MAIN":{"scale":[{"time":0,"x":1.5,"y":1.5,"curve":"stepped"},{"time":0.2333,"x":1.5,"y":1.5},{"time":0.3333,"x":1.65,"y":1.65}]}}},"hit2":{"slots":{"CO_HIT_000":{"attachment":[{"time":0,"name":null},{"time":0.0333,"name":"CO_HIT_000/VBHT_Slash20001"},{"time":0.0666,"name":"CO_HIT_000/VBHT_Slash20002"},{"time":0.1,"name":"CO_HIT_000/VBHT_Slash20003"},{"time":0.1333,"name":"CO_HIT_000/VBHT_Slash20004"},{"time":0.1666,"name":"CO_HIT_000/VBHT_Slash20005"},{"time":0.2,"name":"CO_HIT_000/VBHT_Slash20007"},{"time":0.2333,"name":"CO_HIT_000/VBHT_Slash20009"}],"color":[{"time":0.2333,"color":"ffa84bff"},{"time":0.3333,"color":"ffffff00"}]}},"bones":{"MAIN":{"scale":[{"time":0,"x":2,"y":2,"curve":"stepped"},{"time":0.2333,"x":2,"y":2},{"time":0.3333,"x":2.2,"y":2.2}]}}}}}