{"skeleton":{"hash":"RTQoBySFPVYFE27ixsBgDJBOl1w","spine":"3.0.12","width":0,"height":0,"images":"./images/"},"bones":[{"name":"root"},{"name":"S2_magic","parent":"root","x":856.88,"y":97.86},{"name":"MAIN","parent":"root","y":58,"scaleX":1.1,"scaleY":1.1},{"name":"SHADOW-OFFSET","parent":"MAIN","scaleX":1.75,"scaleY":1.75},{"name":"HITBOX","parent":"MAIN"},{"name":"DAMAGEAREA","parent":"root"},{"name":"wave","parent":"root","x":861.5,"y":-10.29}],"slots":[{"name":"grid/nounit(0.88)","bone":"root","color":"666666ff"},{"name":"grid/grid","bone":"root"},{"name":"EF/magic_5dark","bone":"S2_magic","blend":"additive"},{"name":"EF/690_S1_wave1/690_S1_wave1_00002","bone":"wave","blend":"additive"},{"name":"MAIN","bone":"MAIN","attachment":"idle_00"},{"name":"DAMAGEAREA","bone":"DAMAGEAREA"},{"name":"HITBOX","bone":"HITBOX","attachment":"HITBOX"}],"skins":{"default":{"DAMAGEAREA":{"DAMAGEAREA":{"type":"boundingbox","vertices":[-98.73267,-97.82278,97.67425,-97.82278,98.92526,98.58414,-98.73267,97.33312,0,0,0,0,0,0,0,0]}},"EF/690_S1_wave1/690_S1_wave1_00002":{"EF/690_S1_wave1/690_S1_wave1_00002":{"x":-0.84,"y":7.35,"width":200,"height":200},"EF/690_S1_wave1/690_S1_wave1_00005":{"x":-0.84,"y":7.35,"width":200,"height":200},"EF/690_S1_wave1/690_S1_wave1_00007":{"x":-0.84,"y":7.35,"width":200,"height":200},"EF/690_S1_wave1/690_S1_wave1_00009":{"x":-0.84,"y":7.35,"width":200,"height":200},"EF/690_S1_wave1/690_S1_wave1_00011":{"x":-0.84,"y":7.35,"width":200,"height":200}},"EF/magic_5dark":{"EF/magic_5dark":{"type":"mesh","uvs":[1,1,0,1,0,0,1,0],"triangles":[1,2,3,1,3,0],"vertices":[148.05,-149.1,-151.94,-149.1,-151.94,150.89,148.05,150.89],"hull":4,"edges":[0,2,2,4,4,6,0,6],"width":300,"height":300}},"HITBOX":{"HITBOX":{"type":"boundingbox","vertices":[-65.83659,-45.32146,55.36338,-48.07599,53.527,70.36934,-64.00017,71.2875,0,0,0,0,0,0,0,0]}},"MAIN":{"attack1_00":{"x":14.54,"y":40.9,"width":540,"height":540},"attack1_01":{"x":14.54,"y":40.9,"width":540,"height":540},"attack1_02":{"x":14.54,"y":40.9,"width":540,"height":540},"attack1_03":{"x":14.54,"y":40.9,"width":540,"height":540},"attack1_04":{"x":14.54,"y":40.9,"width":540,"height":540},"attack1_05":{"x":14.54,"y":40.9,"width":540,"height":540},"attack1_06":{"x":14.54,"y":40.9,"width":540,"height":540},"back_00":{"x":-40.9,"y":7.27,"width":540,"height":540},"damage_00":{"x":2.72,"y":27.27,"width":540,"height":540},"front_00":{"x":10.9,"y":48.18,"width":540,"height":540},"idle_00":{"x":10.9,"y":39.09,"width":540,"height":540},"idle_01":{"x":10.9,"y":39.09,"width":540,"height":540},"idle_02":{"x":10.9,"y":39.09,"width":540,"height":540},"idle_03":{"x":10.9,"y":39.09,"width":540,"height":540},"idle_04":{"x":10.9,"y":39.09,"width":540,"height":540},"skll1_00":{"x":16.36,"y":60.9,"width":540,"height":540},"skll1_01":{"x":16.36,"y":60.9,"width":540,"height":540},"skll1_02":{"x":16.36,"y":60.9,"width":540,"height":540},"skll1_03":{"x":16.36,"y":60.9,"width":540,"height":540},"skll1_04":{"x":16.36,"y":60.9,"width":540,"height":540},"skll1_05":{"x":16.36,"y":60.9,"width":540,"height":540},"skll1_06":{"x":16.36,"y":60.9,"width":540,"height":540},"skll1_07":{"x":16.36,"y":60.9,"width":540,"height":540},"skll1_08":{"x":16.36,"y":60.9,"width":540,"height":540},"skll1_09":{"x":16.36,"y":60.9,"width":540,"height":540}}}},"events":{"Event":{},"Hit":{},"HitEffect":{},"Voice":{},"sound_1":{},"sound_2":{},"sound_3":{},"sound_4":{}},"animations":{"attack1":{"slots":{"DAMAGEAREA":{"attachment":[{"time":0.9,"name":"DAMAGEAREA"},{"time":1.2333,"name":null}]},"MAIN":{"attachment":[{"time":0,"name":"idle_00"},{"time":0.1333,"name":"attack1_00"},{"time":0.3333,"name":"attack1_01"},{"time":0.5666,"name":"attack1_02"},{"time":0.9,"name":"attack1_03"},{"time":0.9333,"name":"attack1_04"},{"time":1,"name":"attack1_05"},{"time":1.1,"name":"attack1_06"},{"time":1.5,"name":"idle_00"}]}},"bones":{"DAMAGEAREA":{"rotate":[{"time":0.9,"angle":8.72,"curve":"stepped"},{"time":1.0333,"angle":0}],"translate":[{"time":0.9,"x":-73.82,"y":49.86},{"time":0.9666,"x":-138.52,"y":39.92,"curve":"stepped"},{"time":1.0333,"x":-257.52,"y":41.92}],"scale":[{"time":0.9,"x":0.652,"y":0.506},{"time":0.9666,"x":1.352,"y":0.506,"curve":"stepped"},{"time":1.0333,"x":0.851,"y":0.646}]}},"events":[{"time":0,"name":"Event","float":0.05,"string":"kHitStopType_enemyonly"},{"time":0,"name":"HitEffect","string":"setHitEffect(hit04e,1,0.8,50)"},{"time":0.9,"name":"Voice","string":"cri_050_voice_attack_random"},{"time":0.9,"name":"sound_1","string":"cri_se_battle_metal_rubbing"},{"time":1,"name":"Event","float":0.1,"string":"kHitStopType_enemyonly"},{"time":1,"name":"Hit","string":"resetHitList"},{"time":1.1,"name":"Hit","float":1.05,"string":"resetHitList"},{"time":1.2,"name":"Event","string":"kImpactType_knock"},{"time":1.2,"name":"Hit","float":1.1,"string":"resetHitList"}]},"back":{"slots":{"MAIN":{"attachment":[{"time":0,"name":"back_00"},{"time":0.3333,"name":"idle_00"},{"time":0.8333,"name":"idle_00"}]}},"bones":{"MAIN":{"translate":[{"time":0,"x":0,"y":30},{"time":0.3,"x":130,"y":30,"curve":"stepped"},{"time":0.3333,"x":128,"y":0,"curve":[0.212,0.35,0.742,0.87]},{"time":0.5333,"x":140,"y":0}]}},"events":[{"time":0.3333,"name":"sound_2","string":"cri_se_battle_metal_rubbing"}]},"cast":{"slots":{"MAIN":{"attachment":[{"time":0,"name":"attack1_05"},{"time":0.0666,"name":"attack1_00"},{"time":0.1666,"name":"attack1_01"},{"time":0.2333,"name":"attack1_02"},{"time":0.5,"name":"attack1_03"},{"time":0.5333,"name":"attack1_04"},{"time":0.6,"name":"attack1_05"},{"time":0.7,"name":"attack1_06"},{"time":1,"name":"idle_00"}]}},"events":[{"time":0.5,"name":"Voice","string":"cri_050_voice_item"},{"time":0.5,"name":"sound_1","string":"cri_se_battle_metal_rubbing"}]},"damage":{"slots":{"MAIN":{"attachment":[{"time":0,"name":"damage_00"}]}}},"front":{"slots":{"MAIN":{"attachment":[{"time":0,"name":"front_00"}]}}},"idle":{"slots":{"MAIN":{"attachment":[{"time":0,"name":"idle_00"},{"time":0.2,"name":"idle_01"},{"time":0.4,"name":"idle_02"},{"time":0.6,"name":"idle_03"},{"time":0.8,"name":"idle_04"},{"time":1,"name":"idle_00"}]}}},"skill1":{"slots":{"DAMAGEAREA":{"attachment":[{"time":0.7666,"name":"DAMAGEAREA"},{"time":2.2666,"name":null}]},"MAIN":{"attachment":[{"time":0,"name":"skll1_00"},{"time":0.0666,"name":"skll1_01"},{"time":0.2,"name":"skll1_02"},{"time":0.3333,"name":"skll1_03"},{"time":0.5,"name":"skll1_04"},{"time":0.7666,"name":"skll1_05"},{"time":0.8,"name":"skll1_06"},{"time":0.8333,"name":"skll1_07"},{"time":0.8666,"name":"skll1_08"},{"time":0.9,"name":"skll1_09"},{"time":0.9333,"name":"skll1_07"},{"time":0.9666,"name":"skll1_08"},{"time":1,"name":"skll1_09"},{"time":1.0333,"name":"skll1_07"},{"time":1.0666,"name":"skll1_08"},{"time":1.1,"name":"skll1_09"},{"time":1.1333,"name":"skll1_07"},{"time":1.1666,"name":"skll1_08"},{"time":1.2,"name":"skll1_09"},{"time":1.2333,"name":"skll1_07"},{"time":1.2666,"name":"skll1_08"},{"time":1.3,"name":"skll1_09"},{"time":1.3333,"name":"skll1_07"},{"time":1.3666,"name":"skll1_08"},{"time":1.4,"name":"skll1_09"},{"time":1.4333,"name":"skll1_07"},{"time":1.4666,"name":"skll1_08"},{"time":1.5,"name":"skll1_09"},{"time":1.5333,"name":"skll1_07"},{"time":1.5666,"name":"skll1_08"},{"time":1.6,"name":"skll1_09"},{"time":1.6333,"name":"skll1_07"},{"time":1.6666,"name":"skll1_08"},{"time":1.7,"name":"skll1_09"},{"time":1.7333,"name":"skll1_07"},{"time":1.7666,"name":"skll1_08"},{"time":1.8,"name":"skll1_09"},{"time":1.8666,"name":"skll1_07"},{"time":1.9666,"name":"skll1_08"},{"time":2.0666,"name":"skll1_09"}]}},"bones":{"DAMAGEAREA":{"translate":[{"time":0.7666,"x":-163.88,"y":56.29},{"time":0.9666,"x":-367.79,"y":31.27}],"scale":[{"time":0.7666,"x":1.233,"y":0.601},{"time":0.9666,"x":3.239,"y":1.043}]}},"events":[{"time":0,"name":"Event","float":0.08,"string":"kHitStopType_enemyonly"},{"time":0,"name":"HitEffect","string":"setHitEffect(hit02e,1,0.8,50)"},{"time":0.7666,"name":"Event","string":"setHitBackEnemy(20,0)"},{"time":0.7666,"name":"Voice","string":"cri_050_voice_skill_all"},{"time":0.7666,"name":"sound_1","string":"cri_se_battle_metal_rubbing"},{"time":0.7666,"name":"sound_2","string":"cri_se_battle_030_explosion_02"},{"time":0.9333,"name":"Hit","string":"resetHitList"},{"time":0.9333,"name":"sound_2","string":"setHitSound(se_battle_explosion_short)"},{"time":1.1333,"name":"Hit","string":"resetHitList"},{"time":1.1333,"name":"sound_2","string":"setHitSound(se_battle_explosion_short)"},{"time":1.3333,"name":"Hit","string":"resetHitList"},{"time":1.3333,"name":"sound_2","string":"setHitSound(se_battle_explosion_short)"},{"time":1.5333,"name":"Hit","string":"resetHitList"},{"time":1.5333,"name":"sound_2","string":"setHitSound(se_battle_explosion_short)"},{"time":1.7333,"name":"Hit","string":"resetHitList"},{"time":1.7333,"name":"sound_2","string":"setHitSound(se_battle_explosion_short)"},{"time":1.9333,"name":"Hit","string":"resetHitList"},{"time":1.9333,"name":"sound_2","string":"setHitSound(se_battle_explosion_short)"},{"time":2.1,"name":"Hit","string":"resetHitList"},{"time":2.2333,"name":"Event","string":"kImpactType_knock"},{"time":2.2333,"name":"Hit","string":"resetHitList"}]},"skill2":{"slots":{"DAMAGEAREA":{"attachment":[{"time":1.3666,"name":"DAMAGEAREA"},{"time":1.5,"name":null}]},"EF/690_S1_wave1/690_S1_wave1_00002":{"attachment":[{"time":0,"name":"EF/690_S1_wave1/690_S1_wave1_00002"},{"time":0.1,"name":"EF/690_S1_wave1/690_S1_wave1_00005"},{"time":0.1666,"name":"EF/690_S1_wave1/690_S1_wave1_00007"},{"time":0.2333,"name":"EF/690_S1_wave1/690_S1_wave1_00009"},{"time":0.3,"name":"EF/690_S1_wave1/690_S1_wave1_00011"},{"time":1,"name":"EF/690_S1_wave1/690_S1_wave1_00002"},{"time":1.1,"name":"EF/690_S1_wave1/690_S1_wave1_00005"},{"time":1.1666,"name":"EF/690_S1_wave1/690_S1_wave1_00007"},{"time":1.2333,"name":"EF/690_S1_wave1/690_S1_wave1_00009"},{"time":1.3,"name":"EF/690_S1_wave1/690_S1_wave1_00011"}],"color":[{"time":0.3,"color":"ffffffff"},{"time":0.3666,"color":"ffffff00","curve":"stepped"},{"time":1,"color":"ffffffff","curve":"stepped"},{"time":1.3,"color":"ffffffff"},{"time":1.3666,"color":"ffffff00"}]},"EF/magic_5dark":{"attachment":[{"time":0,"name":"EF/magic_5dark"},{"time":2.1666,"name":null}],"color":[{"time":1.1,"color":"ffffffff"},{"time":1.3,"color":"ffffff00"}]},"MAIN":{"attachment":[{"time":0,"name":"skll1_00"},{"time":0.1333,"name":"skll1_01"},{"time":0.3,"name":"skll1_02"},{"time":0.5,"name":"skll1_03"},{"time":0.7666,"name":"skll1_04"},{"time":1.3666,"name":"skll1_05"},{"time":1.4,"name":"skll1_06"},{"time":1.4666,"name":"skll1_07"},{"time":1.5333,"name":"skll1_08"},{"time":1.6,"name":"skll1_09"}]}},"bones":{"S2_magic":{"translate":[{"time":0,"x":-851.67,"y":-93.92}],"scale":[{"time":0,"x":0.635,"y":0.17},{"time":0.2666,"x":1.1,"y":0.237,"curve":"stepped"},{"time":1.1,"x":1.1,"y":0.237},{"time":1.3,"x":0.366,"y":0.098}]},"wave":{"translate":[{"time":0,"x":-861.51,"y":24.55,"curve":"stepped"},{"time":1,"x":-861.51,"y":24.55}],"scale":[{"time":0,"x":2.28,"y":2.27},{"time":0.0666,"x":4,"y":4,"curve":"stepped"},{"time":0.1,"x":3,"y":4.52,"curve":"stepped"},{"time":0.1333,"x":5.34,"y":5.34,"curve":"stepped"},{"time":0.1666,"x":4.52,"y":4.52,"curve":"stepped"},{"time":0.2,"x":4.86,"y":4.86,"curve":"stepped"},{"time":0.2333,"x":4.52,"y":4.52,"curve":"stepped"},{"time":0.2666,"x":4.69,"y":4.69,"curve":"stepped"},{"time":0.3,"x":4.52,"y":4.52},{"time":0.3666,"x":5.64,"y":5.64,"curve":"stepped"},{"time":1,"x":2.28,"y":2.27},{"time":1.0666,"x":4,"y":4,"curve":"stepped"},{"time":1.1,"x":3,"y":4.52,"curve":"stepped"},{"time":1.1333,"x":5.34,"y":5.34,"curve":"stepped"},{"time":1.1666,"x":4.52,"y":4.52,"curve":"stepped"},{"time":1.2,"x":4.86,"y":4.86,"curve":"stepped"},{"time":1.2333,"x":4.52,"y":4.52,"curve":"stepped"},{"time":1.2666,"x":4.69,"y":4.69,"curve":"stepped"},{"time":1.3,"x":4.52,"y":4.52},{"time":1.3666,"x":5.64,"y":5.64}]},"DAMAGEAREA":{"translate":[{"time":1.4333,"x":6.93,"y":35.98}],"scale":[{"time":1.3666,"x":0.87,"y":0.721},{"time":1.4333,"x":4.5,"y":4.061}]}},"ffd":{"default":{"EF/magic_5dark":{"EF/magic_5dark":[{"time":0},{"time":1.3,"vertices":[-47.5516,-32.77266,-32.77342,47.55205,47.55206,32.77467,32.7738,-47.55162]}]}}},"events":[{"time":0,"name":"HitEffect","string":"setHitEffect(hit01e,1,1,50)"},{"time":0.0333,"name":"sound_1","string":"cri_se_battle_magic_Invocation_dark"},{"time":0.3333,"name":"sound_2","string":"cri_se_battle_charge_long"},{"time":0.9666,"name":"sound_3","string":"cri_se_battle_charge_completion"},{"time":1.0666,"name":"Voice","string":"cri_050_voice_fullarts_now"},{"time":1.3666,"name":"Event","float":0.05,"string":"kHitStopType_enemyonly"},{"time":1.4,"name":"Event","string":"shakeGround"},{"time":1.4,"name":"Hit","float":1.1,"string":"resetHitList"},{"time":1.4,"name":"sound_1","string":"cri_se_battle_darkness_explosion"},{"time":1.4,"name":"sound_2","string":"cri_se_battle_037_explosion_element_05"},{"time":1.4,"name":"sound_3","string":"cri_se_battle_metal_rubbing"},{"time":1.4,"name":"sound_4","string":"cri_se_battle_031_explosion_03"},{"time":1.4333,"name":"Event","float":3,"string":"addOrbitSystem_1smog"},{"time":1.4333,"name":"Hit","float":1.4,"string":"resetHitList"},{"time":1.4666,"name":"Event","float":0.2,"string":"kHitStopType_enemyonly"},{"time":1.4666,"name":"Hit","float":1.5,"string":"resetHitList"}]}}}