{"skeleton":{"hash":"t4SH5r56kSJgMbmAICgvbb3P96E","spine":"3.0.12","width":0,"height":0},"bones":[{"name":"root"},{"name":"MAIN","parent":"root","x":4.13,"y":72.82}],"slots":[{"name":"MAIN","bone":"MAIN","attachment":"idle_00"}],"skins":{"default":{"MAIN":{"idle_00":{"x":4.3,"y":7.48,"width":400,"height":400},"idle_01":{"x":4.3,"y":7.48,"width":400,"height":400},"idle_02":{"x":4.3,"y":7.48,"width":400,"height":400},"idle_03":{"x":4.3,"y":7.48,"width":400,"height":400}}}},"events":{"Event":{},"Hit":{}},"animations":{"idle":{"slots":{"MAIN":{"attachment":[{"time":0,"name":"idle_00"},{"time":0.1666,"name":"idle_01"},{"time":0.3333,"name":"idle_02"},{"time":0.5,"name":"idle_03"},{"time":0.6666,"name":"idle_00"}]}},"bones":{"MAIN":{"translate":[{"time":0,"x":0,"y":0}]}}}}}