{"skeleton":{"hash":"8sGxtEmylMiu1blbkTueUSgaJ+0","spine":"3.0.12","width":0,"height":0,"images":"./images/"},"bones":[{"name":"root"},{"name":"MAIN","parent":"root"},{"name":"bone4","parent":"MAIN","x":-0.06,"scaleX":0.614,"scaleY":0.614,"color":"000fffff"},{"name":"bone3","parent":"MAIN","x":-0.06,"scaleX":0.614,"scaleY":0.614,"color":"000fffff"},{"name":"EFTornado2","parent":"MAIN"},{"name":"bone","parent":"EFTornado2","x":-0.06,"scaleX":0.614,"scaleY":0.614,"color":"000fffff"},{"name":"710_S1_wave3","parent":"EFTornado2"},{"name":"710_S1_wave1","parent":"EFTornado2"},{"name":"310_S2_tornado2","parent":"EFTornado2"},{"name":"EFTornado1","parent":"MAIN"},{"name":"bone2","parent":"EFTornado1","x":-0.06,"scaleX":0.614,"scaleY":0.614,"color":"0009ffff"},{"name":"710_S1_wave4","parent":"EFTornado1"},{"name":"710_S1_wave2","parent":"EFTornado1"},{"name":"310_S2_tornado1","parent":"EFTornado1"},{"name":"510_S1_slash1","parent":"MAIN"},{"name":"310_S1_wave3","parent":"MAIN"},{"name":"310_S1_wave2","parent":"MAIN"},{"name":"310_S1_wave1","parent":"MAIN","scaleX":1.697,"scaleY":1.697},{"name":"310_S1_shine1","parent":"MAIN","scaleX":1.5,"scaleY":1.5},{"name":"DAMAGEAREA","parent":"root"}],"slots":[{"name":"EF/310_S1_shine1/310_S1_shine1_00000","bone":"310_S1_shine1","blend":"additive"},{"name":"EF/310_S1_wave1/310_S1_wave1_00000","bone":"310_S1_wave1","blend":"additive"},{"name":"EF/310_S1_wave2/310_S1_wave2_00000","bone":"310_S1_wave2","blend":"additive"},{"name":"EF/310_S1_wave3/310_S1_wave3_00000","bone":"310_S1_wave3","blend":"additive"},{"name":"EF/310_S2_tornado1/310_S2_tornado1_00000","bone":"310_S2_tornado1","blend":"additive"},{"name":"EF/310_S2_tornado1/310_S2_tornado1_0","bone":"310_S2_tornado2","blend":"additive"},{"name":"EF/510_S1_slash1/510_S1_slash1_00000","bone":"510_S1_slash1","blend":"additive"},{"name":"EF/710_S1_wave1/710_S1_wave1_00000","bone":"710_S1_wave1","blend":"additive"},{"name":"EF/710_S1_wave1/710_S1_wave1_1","bone":"710_S1_wave3","blend":"additive"},{"name":"EF/710_S1_wave1/710_S1_wave1_0","bone":"710_S1_wave2","blend":"additive"},{"name":"EF/710_S1_wave1/710_S1_wave1_2","bone":"710_S1_wave4","blend":"additive"},{"name":"DAMAGEAREA","bone":"DAMAGEAREA"},{"name":"EF/610_S1_water1/610_S1_water1_00000","bone":"bone","color":"d1fcffff","blend":"additive"},{"name":"EF/610_S1_water1/610_S1_water1_1","bone":"bone3","color":"d1fcffff","blend":"additive"},{"name":"EF/610_S1_water1/610_S1_water1_2","bone":"bone4","color":"d1fcffff","blend":"additive"},{"name":"EF/610_S1_water1/610_S1_water1_0","bone":"bone2","color":"d1fcffff","blend":"additive"}],"skins":{"default":{"DAMAGEAREA":{"DAMAGEAREA":{"type":"boundingbox","vertices":[-99.27615,98.22729,-97.66409,-101.66061,100.61183,-103.27264,102.22382,98.22729,0,0,0,0,0,0,0,0]}},"EF/310_S1_shine1/310_S1_shine1_00000":{"EF/310_S1_shine1/310_S1_shine1_00000":{"width":250,"height":250}},"EF/310_S1_wave1/310_S1_wave1_00000":{"EF/310_S1_wave1/310_S1_wave1_00000":{"width":300,"height":300}},"EF/310_S1_wave2/310_S1_wave2_00000":{"EF/310_S1_wave2/310_S1_wave2_00001":{"width":450,"height":450},"EF/310_S1_wave2/310_S1_wave2_00002":{"width":450,"height":450},"EF/310_S1_wave2/310_S1_wave2_00003":{"width":450,"height":450},"EF/310_S1_wave2/310_S1_wave2_00004":{"width":450,"height":450},"EF/310_S1_wave2/310_S1_wave2_00005":{"width":450,"height":450}},"EF/310_S1_wave3/310_S1_wave3_00000":{"EF/310_S1_wave3/310_S1_wave3_00000":{"width":450,"height":450},"EF/310_S1_wave3/310_S1_wave3_00001":{"width":450,"height":450},"EF/310_S1_wave3/310_S1_wave3_00002":{"width":450,"height":450},"EF/310_S1_wave3/310_S1_wave3_00003":{"width":450,"height":450},"EF/310_S1_wave3/310_S1_wave3_00004":{"width":450,"height":450},"EF/310_S1_wave3/310_S1_wave3_00005":{"width":450,"height":450},"EF/310_S1_wave3/310_S1_wave3_00006":{"width":450,"height":450}},"EF/310_S2_tornado1/310_S2_tornado1_0":{"EF/310_S2_tornado1/310_S2_tornado1_00000":{"width":389,"height":389},"EF/310_S2_tornado1/310_S2_tornado1_00001":{"width":389,"height":389},"EF/310_S2_tornado1/310_S2_tornado1_00002":{"width":389,"height":389},"EF/310_S2_tornado1/310_S2_tornado1_00003":{"width":389,"height":389},"EF/310_S2_tornado1/310_S2_tornado1_00004":{"width":389,"height":389}},"EF/310_S2_tornado1/310_S2_tornado1_00000":{"EF/310_S2_tornado1/310_S2_tornado1_00000":{"width":389,"height":389},"EF/310_S2_tornado1/310_S2_tornado1_00001":{"width":389,"height":389},"EF/310_S2_tornado1/310_S2_tornado1_00002":{"width":389,"height":389},"EF/310_S2_tornado1/310_S2_tornado1_00003":{"width":389,"height":389},"EF/310_S2_tornado1/310_S2_tornado1_00004":{"width":389,"height":389}},"EF/510_S1_slash1/510_S1_slash1_00000":{"EF/510_S1_slash1/510_S1_slash1_00000":{"width":360,"height":360}},"EF/610_S1_water1/610_S1_water1_0":{"EF/610_S1_water1/610_S1_water1_00000":{"x":1.25,"y":-7.82,"width":300,"height":300},"EF/610_S1_water1/610_S1_water1_00001":{"x":1.25,"y":-7.82,"width":300,"height":300},"EF/610_S1_water1/610_S1_water1_00002":{"x":1.25,"y":-7.82,"width":300,"height":300},"EF/610_S1_water1/610_S1_water1_00003":{"x":1.25,"y":-7.82,"width":300,"height":300},"EF/610_S1_water1/610_S1_water1_00004":{"x":1.25,"y":-7.82,"width":300,"height":300},"EF/610_S1_water1/610_S1_water1_00005":{"x":1.25,"y":-7.82,"width":300,"height":300}},"EF/610_S1_water1/610_S1_water1_00000":{"EF/610_S1_water1/610_S1_water1_00000":{"x":1.25,"y":-7.82,"width":300,"height":300},"EF/610_S1_water1/610_S1_water1_00001":{"x":1.25,"y":-7.82,"width":300,"height":300},"EF/610_S1_water1/610_S1_water1_00002":{"x":1.25,"y":-7.82,"width":300,"height":300},"EF/610_S1_water1/610_S1_water1_00003":{"x":1.25,"y":-7.82,"width":300,"height":300},"EF/610_S1_water1/610_S1_water1_00004":{"x":1.25,"y":-7.82,"width":300,"height":300},"EF/610_S1_water1/610_S1_water1_00005":{"x":1.25,"y":-7.82,"width":300,"height":300}},"EF/610_S1_water1/610_S1_water1_1":{"EF/610_S1_water1/610_S1_water1_00000":{"x":1.25,"y":-7.82,"width":300,"height":300},"EF/610_S1_water1/610_S1_water1_00001":{"x":1.25,"y":-7.82,"width":300,"height":300},"EF/610_S1_water1/610_S1_water1_00002":{"x":1.25,"y":-7.82,"width":300,"height":300},"EF/610_S1_water1/610_S1_water1_00003":{"x":1.25,"y":-7.82,"width":300,"height":300},"EF/610_S1_water1/610_S1_water1_00004":{"x":1.25,"y":-7.82,"width":300,"height":300},"EF/610_S1_water1/610_S1_water1_00005":{"x":1.25,"y":-7.82,"width":300,"height":300}},"EF/610_S1_water1/610_S1_water1_2":{"EF/610_S1_water1/610_S1_water1_00000":{"x":1.25,"y":-7.82,"width":300,"height":300},"EF/610_S1_water1/610_S1_water1_00001":{"x":1.25,"y":-7.82,"width":300,"height":300},"EF/610_S1_water1/610_S1_water1_00002":{"x":1.25,"y":-7.82,"width":300,"height":300},"EF/610_S1_water1/610_S1_water1_00003":{"x":1.25,"y":-7.82,"width":300,"height":300},"EF/610_S1_water1/610_S1_water1_00004":{"x":1.25,"y":-7.82,"width":300,"height":300},"EF/610_S1_water1/610_S1_water1_00005":{"x":1.25,"y":-7.82,"width":300,"height":300}},"EF/710_S1_wave1/710_S1_wave1_0":{"EF/710_S1_wave1/710_S1_wave1_00000":{"width":200,"height":200},"EF/710_S1_wave1/710_S1_wave1_00001":{"width":200,"height":200},"EF/710_S1_wave1/710_S1_wave1_00002":{"width":200,"height":200}},"EF/710_S1_wave1/710_S1_wave1_00000":{"EF/710_S1_wave1/710_S1_wave1_00000":{"width":200,"height":200},"EF/710_S1_wave1/710_S1_wave1_00001":{"width":200,"height":200},"EF/710_S1_wave1/710_S1_wave1_00002":{"width":200,"height":200}},"EF/710_S1_wave1/710_S1_wave1_1":{"EF/710_S1_wave1/710_S1_wave1_00000":{"width":200,"height":200},"EF/710_S1_wave1/710_S1_wave1_00001":{"width":200,"height":200},"EF/710_S1_wave1/710_S1_wave1_00002":{"width":200,"height":200}},"EF/710_S1_wave1/710_S1_wave1_2":{"EF/710_S1_wave1/710_S1_wave1_00000":{"width":200,"height":200},"EF/710_S1_wave1/710_S1_wave1_00001":{"width":200,"height":200},"EF/710_S1_wave1/710_S1_wave1_00002":{"width":200,"height":200}}}},"events":{"EFEvent":{},"EFHit":{},"EFView":{},"Sound1":{},"Sound2":{},"Sound3":{}},"animations":{"1-attack1":{},"1-skill1":{"slots":{"EF/310_S1_shine1/310_S1_shine1_00000":{"attachment":[{"time":0.5,"name":"EF/310_S1_shine1/310_S1_shine1_00000"}],"color":[{"time":0.5,"color":"ffffffff"},{"time":0.8333,"color":"ffffff00"}]},"EF/310_S1_wave1/310_S1_wave1_00000":{"attachment":[{"time":0.5,"name":"EF/310_S1_wave1/310_S1_wave1_00000"},{"time":1.1666,"name":null}],"color":[{"time":1.0666,"color":"ffffffff"},{"time":1.1666,"color":"ffffff00"}]},"EF/310_S1_wave2/310_S1_wave2_00000":{"attachment":[{"time":0.5,"name":"EF/310_S1_wave2/310_S1_wave2_00001"},{"time":0.5333,"name":"EF/310_S1_wave2/310_S1_wave2_00002"},{"time":0.5666,"name":"EF/310_S1_wave2/310_S1_wave2_00003"},{"time":0.6,"name":"EF/310_S1_wave2/310_S1_wave2_00004"},{"time":0.6333,"name":"EF/310_S1_wave2/310_S1_wave2_00005"},{"time":0.6666,"name":"EF/310_S1_wave2/310_S1_wave2_00002"},{"time":0.7,"name":"EF/310_S1_wave2/310_S1_wave2_00003"},{"time":0.7333,"name":"EF/310_S1_wave2/310_S1_wave2_00004"},{"time":0.7666,"name":"EF/310_S1_wave2/310_S1_wave2_00005"},{"time":0.8,"name":"EF/310_S1_wave2/310_S1_wave2_00002"},{"time":0.8333,"name":"EF/310_S1_wave2/310_S1_wave2_00003"},{"time":0.8666,"name":"EF/310_S1_wave2/310_S1_wave2_00004"},{"time":0.9,"name":"EF/310_S1_wave2/310_S1_wave2_00005"},{"time":0.9333,"name":"EF/310_S1_wave2/310_S1_wave2_00002"},{"time":0.9666,"name":"EF/310_S1_wave2/310_S1_wave2_00003"},{"time":1,"name":"EF/310_S1_wave2/310_S1_wave2_00004"},{"time":1.0333,"name":"EF/310_S1_wave2/310_S1_wave2_00005"},{"time":1.0666,"name":"EF/310_S1_wave2/310_S1_wave2_00002"},{"time":1.1,"name":"EF/310_S1_wave2/310_S1_wave2_00003"},{"time":1.1333,"name":"EF/310_S1_wave2/310_S1_wave2_00004"},{"time":1.1666,"name":null}]},"EF/310_S1_wave3/310_S1_wave3_00000":{"attachment":[{"time":0.5,"name":"EF/310_S1_wave3/310_S1_wave3_00000"},{"time":0.5333,"name":"EF/310_S1_wave3/310_S1_wave3_00001"},{"time":0.5666,"name":"EF/310_S1_wave3/310_S1_wave3_00002"},{"time":0.6,"name":"EF/310_S1_wave3/310_S1_wave3_00003"},{"time":0.6333,"name":"EF/310_S1_wave3/310_S1_wave3_00004"},{"time":0.6666,"name":"EF/310_S1_wave3/310_S1_wave3_00003"},{"time":0.7,"name":"EF/310_S1_wave3/310_S1_wave3_00004"},{"time":0.7333,"name":"EF/310_S1_wave3/310_S1_wave3_00003"},{"time":0.7666,"name":"EF/310_S1_wave3/310_S1_wave3_00004"},{"time":0.8,"name":"EF/310_S1_wave3/310_S1_wave3_00003"},{"time":0.8333,"name":"EF/310_S1_wave3/310_S1_wave3_00004"},{"time":0.8666,"name":"EF/310_S1_wave3/310_S1_wave3_00003"},{"time":0.9,"name":"EF/310_S1_wave3/310_S1_wave3_00004"},{"time":0.9333,"name":"EF/310_S1_wave3/310_S1_wave3_00003"},{"time":0.9666,"name":"EF/310_S1_wave3/310_S1_wave3_00004"},{"time":1,"name":"EF/310_S1_wave3/310_S1_wave3_00003"},{"time":1.0333,"name":"EF/310_S1_wave3/310_S1_wave3_00004"},{"time":1.0666,"name":"EF/310_S1_wave3/310_S1_wave3_00003"},{"time":1.1,"name":"EF/310_S1_wave3/310_S1_wave3_00005"},{"time":1.1333,"name":"EF/310_S1_wave3/310_S1_wave3_00006"},{"time":1.1666,"name":null}]},"EF/510_S1_slash1/510_S1_slash1_00000":{"attachment":[{"time":0.5,"name":null},{"time":0.5666,"name":"EF/510_S1_slash1/510_S1_slash1_00000"},{"time":0.6333,"name":null}]},"EF/610_S1_water1/610_S1_water1_1":{"attachment":[{"time":0.8333,"name":"EF/610_S1_water1/610_S1_water1_00000"},{"time":0.8666,"name":"EF/610_S1_water1/610_S1_water1_00001"},{"time":0.9,"name":"EF/610_S1_water1/610_S1_water1_00002"},{"time":0.9333,"name":"EF/610_S1_water1/610_S1_water1_00003"},{"time":0.9666,"name":"EF/610_S1_water1/610_S1_water1_00004"},{"time":1,"name":"EF/610_S1_water1/610_S1_water1_00005"}],"color":[{"time":0.8333,"color":"d1fcffff","curve":"stepped"},{"time":0.9666,"color":"d1fcffff"},{"time":1.0333,"color":"d1fcff00"}]},"EF/610_S1_water1/610_S1_water1_2":{"attachment":[{"time":0.5,"name":"EF/610_S1_water1/610_S1_water1_00000"},{"time":0.5333,"name":"EF/610_S1_water1/610_S1_water1_00001"},{"time":0.5666,"name":"EF/610_S1_water1/610_S1_water1_00002"},{"time":0.6,"name":"EF/610_S1_water1/610_S1_water1_00003"},{"time":0.6333,"name":"EF/610_S1_water1/610_S1_water1_00004"},{"time":0.6666,"name":"EF/610_S1_water1/610_S1_water1_00005"},{"time":0.9666,"name":"EF/610_S1_water1/610_S1_water1_00000"},{"time":1,"name":"EF/610_S1_water1/610_S1_water1_00001"},{"time":1.0333,"name":"EF/610_S1_water1/610_S1_water1_00002"},{"time":1.0666,"name":"EF/610_S1_water1/610_S1_water1_00003"},{"time":1.1,"name":"EF/610_S1_water1/610_S1_water1_00004"},{"time":1.1333,"name":"EF/610_S1_water1/610_S1_water1_00005"}],"color":[{"time":0.5,"color":"d1fcffff","curve":"stepped"},{"time":0.6666,"color":"d1fcffff"},{"time":0.7666,"color":"d1fcff00","curve":"stepped"},{"time":0.9666,"color":"d1fcffff","curve":"stepped"},{"time":1.1,"color":"d1fcffff"},{"time":1.1666,"color":"d1fcff00"}]}},"bones":{"310_S1_shine1":{"translate":[{"time":0.5,"x":-168.18,"y":67.43}],"scale":[{"time":0.5,"x":2,"y":2}]},"310_S1_wave1":{"translate":[{"time":0.5,"x":-190.93,"y":105.12}],"scale":[{"time":0.5,"x":2,"y":2,"curve":"stepped"},{"time":0.5333,"x":1.95,"y":1.95,"curve":"stepped"},{"time":0.5666,"x":2,"y":2,"curve":"stepped"},{"time":0.6,"x":1.95,"y":1.95,"curve":"stepped"},{"time":0.6333,"x":2,"y":2,"curve":"stepped"},{"time":0.6666,"x":1.95,"y":1.95,"curve":"stepped"},{"time":0.7,"x":2,"y":2,"curve":"stepped"},{"time":0.7333,"x":1.95,"y":1.95,"curve":"stepped"},{"time":0.7666,"x":2,"y":2,"curve":"stepped"},{"time":0.8,"x":1.95,"y":1.95,"curve":"stepped"},{"time":0.8333,"x":2,"y":2,"curve":"stepped"},{"time":0.8666,"x":1.95,"y":1.95,"curve":"stepped"},{"time":0.9,"x":2,"y":2,"curve":"stepped"},{"time":0.9333,"x":1.95,"y":1.95,"curve":"stepped"},{"time":0.9666,"x":2,"y":2,"curve":"stepped"},{"time":1,"x":1.95,"y":1.95,"curve":"stepped"},{"time":1.0333,"x":2,"y":2,"curve":"stepped"},{"time":1.0666,"x":1.95,"y":1.95,"curve":"stepped"},{"time":1.1,"x":2,"y":2,"curve":"stepped"},{"time":1.1333,"x":1.95,"y":1.95}]},"310_S1_wave2":{"translate":[{"time":0.5,"x":-364.67,"y":87.48,"curve":"stepped"},{"time":0.5333,"x":-394.89,"y":87.48}],"scale":[{"time":0.5,"x":2,"y":2}]},"310_S1_wave3":{"translate":[{"time":0.5,"x":-387.63,"y":100.56,"curve":"stepped"},{"time":0.6,"x":-387.63,"y":100.56,"curve":"stepped"},{"time":0.6333,"x":-387.63,"y":113.41,"curve":"stepped"},{"time":0.6666,"x":-387.63,"y":100.56,"curve":"stepped"},{"time":0.7,"x":-387.63,"y":113.41,"curve":"stepped"},{"time":0.7333,"x":-387.63,"y":100.56,"curve":"stepped"},{"time":0.7666,"x":-387.63,"y":113.41,"curve":"stepped"},{"time":0.8,"x":-387.63,"y":100.56,"curve":"stepped"},{"time":0.8333,"x":-387.63,"y":113.41,"curve":"stepped"},{"time":0.8666,"x":-387.63,"y":100.56,"curve":"stepped"},{"time":0.9,"x":-387.63,"y":113.41,"curve":"stepped"},{"time":0.9333,"x":-387.63,"y":100.56,"curve":"stepped"},{"time":0.9666,"x":-387.63,"y":113.41,"curve":"stepped"},{"time":1,"x":-387.63,"y":100.56,"curve":"stepped"},{"time":1.0333,"x":-387.63,"y":113.41,"curve":"stepped"},{"time":1.0666,"x":-387.63,"y":100.56}],"scale":[{"time":0.5,"x":2,"y":2}]},"510_S1_slash1":{"rotate":[{"time":0.5,"angle":-19.49,"curve":"stepped"},{"time":0.5666,"angle":-19.89}],"translate":[{"time":0.5,"x":0,"y":206.68,"curve":"stepped"},{"time":0.5666,"x":44.38,"y":187.66}],"scale":[{"time":0.5,"x":1.289,"y":0.7,"curve":"stepped"},{"time":0.5666,"x":-1.46,"y":-0.81}]},"bone4":{"translate":[{"time":0.5,"x":-166.22,"y":70.31,"curve":"stepped"},{"time":0.6666,"x":-166.22,"y":70.31},{"time":0.7666,"x":-166.22,"y":65.32,"curve":"stepped"},{"time":0.9666,"x":-100.21,"y":81.45}],"scale":[{"time":0.5,"x":4.785,"y":4.785,"curve":"stepped"},{"time":0.6666,"x":4.785,"y":4.785},{"time":0.7666,"x":4.957,"y":4.957,"curve":"stepped"},{"time":0.9666,"x":4.02,"y":4.02}]},"bone3":{"translate":[{"time":0.8333,"x":-292.03,"y":129.33}],"scale":[{"time":0.8333,"x":4.116,"y":4.116}]}}},"1-skill2":{"slots":{"EF/310_S1_shine1/310_S1_shine1_00000":{"attachment":[{"time":0.0333,"name":"EF/310_S1_shine1/310_S1_shine1_00000"},{"time":0.4,"name":"EF/310_S1_shine1/310_S1_shine1_00000"}],"color":[{"time":0.0333,"color":"ffffffff","curve":"stepped"},{"time":0.2,"color":"ffffffff"},{"time":0.4,"color":"ffffff00"}]},"EF/610_S1_water1/610_S1_water1_1":{"attachment":[{"time":0.0333,"name":"EF/610_S1_water1/610_S1_water1_00000"},{"time":0.0666,"name":"EF/610_S1_water1/610_S1_water1_00001"},{"time":0.1,"name":"EF/610_S1_water1/610_S1_water1_00002"},{"time":0.1333,"name":"EF/610_S1_water1/610_S1_water1_00003"},{"time":0.2,"name":"EF/610_S1_water1/610_S1_water1_00004"},{"time":0.2666,"name":"EF/610_S1_water1/610_S1_water1_00005"}],"color":[{"time":0.2333,"color":"d1fcffff"},{"time":0.4333,"color":"d1fcff00"}]}},"bones":{"310_S1_shine1":{"translate":[{"time":0.0333,"x":0,"y":150}],"scale":[{"time":0.0333,"x":2,"y":2}]},"bone3":{"translate":[{"time":0.0333,"x":0.06,"y":152.57,"curve":"stepped"},{"time":0.2,"x":0.06,"y":152.57},{"time":0.4333,"x":0.06,"y":137.92}],"scale":[{"time":0.0333,"x":4.881,"y":4.881,"curve":"stepped"},{"time":0.2,"x":4.881,"y":4.881},{"time":0.4333,"x":5.528,"y":5.528}]}},"events":[{"time":0.0333,"name":"Sound1","string":"cri_se_battle_sword_swish_heavy"},{"time":0.1333,"name":"Sound1","string":"cri_se_battle_sword_swish_heavy"},{"time":0.2333,"name":"Sound1","string":"cri_se_battle_sword_swish_heavy"},{"time":0.3333,"name":"Sound1","string":"cri_se_battle_sword_swish_heavy"},{"time":0.4333,"name":"Sound1","string":"cri_se_battle_sword_swish_heavy"},{"time":0.5333,"name":"Sound1","string":"cri_se_battle_sword_swish_heavy"},{"time":0.6333,"name":"Sound1","string":"cri_se_battle_sword_swish_heavy"},{"time":0.7333,"name":"Sound1","string":"cri_se_battle_sword_swish_heavy"}]},"1Vortex":{"slots":{"DAMAGEAREA":{"attachment":[{"time":0.1333,"name":"DAMAGEAREA"},{"time":1.1666,"name":null}]},"EF/310_S2_tornado1/310_S2_tornado1_00000":{"attachment":[{"time":0,"name":null},{"time":0.0666,"name":"EF/310_S2_tornado1/310_S2_tornado1_00003"},{"time":0.1333,"name":"EF/310_S2_tornado1/310_S2_tornado1_00002"},{"time":0.2,"name":"EF/310_S2_tornado1/310_S2_tornado1_00000"},{"time":0.2666,"name":"EF/310_S2_tornado1/310_S2_tornado1_00001"},{"time":1,"name":"EF/310_S2_tornado1/310_S2_tornado1_00000"},{"time":1.1,"name":"EF/310_S2_tornado1/310_S2_tornado1_00002"},{"time":1.2,"name":"EF/310_S2_tornado1/310_S2_tornado1_00003"},{"time":1.2666,"name":"EF/310_S2_tornado1/310_S2_tornado1_00004"},{"time":1.3666,"name":null}],"color":[{"time":0.9333,"color":"ffffffff","curve":[0.534,0.04,0.888,0.32]},{"time":1.3666,"color":"ffffff00"}]},"EF/610_S1_water1/610_S1_water1_00000":{"attachment":[{"time":0,"name":"EF/610_S1_water1/610_S1_water1_00000"},{"time":0.0333,"name":"EF/610_S1_water1/610_S1_water1_00001"},{"time":0.0666,"name":"EF/610_S1_water1/610_S1_water1_00002"},{"time":0.1,"name":"EF/610_S1_water1/610_S1_water1_00003"},{"time":0.1333,"name":"EF/610_S1_water1/610_S1_water1_00004"},{"time":0.1666,"name":"EF/610_S1_water1/610_S1_water1_00005"}],"color":[{"time":0.1,"color":"d1fcffff"},{"time":0.1666,"color":"d1fcff00"}]},"EF/710_S1_wave1/710_S1_wave1_0":{"attachment":[{"time":0,"name":"EF/710_S1_wave1/710_S1_wave1_00000"},{"time":0.1333,"name":"EF/710_S1_wave1/710_S1_wave1_00001"},{"time":0.2333,"name":"EF/710_S1_wave1/710_S1_wave1_00002"},{"time":0.6666,"name":"EF/710_S1_wave1/710_S1_wave1_00000"},{"time":0.8,"name":"EF/710_S1_wave1/710_S1_wave1_00001"},{"time":0.9,"name":"EF/710_S1_wave1/710_S1_wave1_00002"}],"color":[{"time":0,"color":"ffffffbd"},{"time":0.0666,"color":"ffffffff","curve":"stepped"},{"time":0.3333,"color":"ffffffff"},{"time":0.4333,"color":"ffffff00","curve":"stepped"},{"time":0.6666,"color":"ffffff7d"},{"time":0.7333,"color":"ffffffff","curve":"stepped"},{"time":1,"color":"ffffffff"},{"time":1.1,"color":"ffffff00"}]},"EF/710_S1_wave1/710_S1_wave1_2":{"attachment":[{"time":0,"name":"EF/710_S1_wave1/710_S1_wave1_00000"},{"time":0.1333,"name":"EF/710_S1_wave1/710_S1_wave1_00001"},{"time":0.2333,"name":"EF/710_S1_wave1/710_S1_wave1_00002"},{"time":0.6666,"name":"EF/710_S1_wave1/710_S1_wave1_00000"},{"time":0.8,"name":"EF/710_S1_wave1/710_S1_wave1_00001"},{"time":0.9,"name":"EF/710_S1_wave1/710_S1_wave1_00002"}],"color":[{"time":0,"color":"ffffffbd"},{"time":0.0666,"color":"ffffffff","curve":"stepped"},{"time":0.3333,"color":"ffffffff"},{"time":0.4333,"color":"ffffff00","curve":"stepped"},{"time":0.6666,"color":"ffffff7d"},{"time":0.7333,"color":"ffffffff","curve":"stepped"},{"time":1,"color":"ffffffff"},{"time":1.1,"color":"ffffff00"}]}},"bones":{"310_S2_tornado1":{"translate":[{"time":0,"x":-222.79,"y":240,"curve":"stepped"},{"time":0.1,"x":-222.79,"y":240},{"time":0.6666,"x":-381.61,"y":147.47},{"time":1.0333,"x":-453.42,"y":154.37}],"scale":[{"time":0,"x":1.8,"y":1.8,"curve":"stepped"},{"time":0.2666,"x":1.8,"y":1.8,"curve":"stepped"},{"time":0.3333,"x":-1.8,"y":1.8,"curve":"stepped"},{"time":0.4,"x":1.8,"y":1.8,"curve":"stepped"},{"time":0.4666,"x":-1.8,"y":1.8,"curve":"stepped"},{"time":0.5333,"x":1.8,"y":1.8,"curve":"stepped"},{"time":0.6,"x":-1.8,"y":1.8,"curve":"stepped"},{"time":0.6666,"x":1.8,"y":1.8,"curve":"stepped"},{"time":0.7333,"x":-1.8,"y":1.8,"curve":"stepped"},{"time":0.8,"x":1.8,"y":1.8,"curve":"stepped"},{"time":0.8666,"x":-1.8,"y":1.8}]},"710_S1_wave2":{"translate":[{"time":0,"x":-217.56,"y":26.52,"curve":"stepped"},{"time":0.1,"x":-217.56,"y":26.52},{"time":0.6666,"x":-375.36,"y":-105.22},{"time":1.0333,"x":-453.49,"y":-42.41}],"scale":[{"time":0,"x":2.666,"y":2.333,"curve":"stepped"},{"time":0.0333,"x":2.666,"y":2.333,"curve":"stepped"},{"time":0.0666,"x":3.333,"y":2.666,"curve":"stepped"},{"time":0.1,"x":4,"y":3,"curve":"stepped"},{"time":0.1333,"x":2.8,"y":2.6,"curve":"stepped"},{"time":0.1666,"x":3.4,"y":2.8,"curve":"stepped"},{"time":0.2,"x":4,"y":3,"curve":"stepped"},{"time":0.2333,"x":2.6,"y":2.5},{"time":0.4333,"x":4.011,"y":3.856,"curve":"stepped"},{"time":0.6666,"x":2,"y":2,"curve":"stepped"},{"time":0.7,"x":2.666,"y":2.333,"curve":"stepped"},{"time":0.7333,"x":3.333,"y":2.666,"curve":"stepped"},{"time":0.7666,"x":4,"y":3,"curve":"stepped"},{"time":0.8,"x":2.8,"y":2.6,"curve":"stepped"},{"time":0.8333,"x":3.4,"y":2.8,"curve":"stepped"},{"time":0.8666,"x":4,"y":3,"curve":"stepped"},{"time":0.9,"x":2.6,"y":2.5},{"time":1.1,"x":4.011,"y":3.856}]},"710_S1_wave4":{"translate":[{"time":0,"x":-217.56,"y":26.52,"curve":"stepped"},{"time":0.1,"x":-217.56,"y":26.52},{"time":0.2333,"x":-254.69,"y":-13.9},{"time":0.4333,"x":-310.39,"y":-57.77},{"time":0.6666,"x":-375.36,"y":-105.22},{"time":0.9,"x":-425.08,"y":-72.32},{"time":1.0333,"x":-456.99,"y":-50.02},{"time":1.1,"x":-455.85,"y":-49.48}],"scale":[{"time":0,"x":2.666,"y":2.333,"curve":"stepped"},{"time":0.0333,"x":2.666,"y":2.333,"curve":"stepped"},{"time":0.0666,"x":3.333,"y":2.666,"curve":"stepped"},{"time":0.1,"x":2,"y":1.5,"curve":"stepped"},{"time":0.1333,"x":1.4,"y":1.3,"curve":"stepped"},{"time":0.1666,"x":1.7,"y":1.4,"curve":"stepped"},{"time":0.2,"x":2,"y":1.5,"curve":"stepped"},{"time":0.2333,"x":1.848,"y":1.25},{"time":0.4333,"x":2.466,"y":1.92,"curve":"stepped"},{"time":0.6666,"x":2,"y":2,"curve":"stepped"},{"time":0.7,"x":2.666,"y":2.333,"curve":"stepped"},{"time":0.7333,"x":3.333,"y":2.666,"curve":"stepped"},{"time":0.7666,"x":2,"y":1.5,"curve":"stepped"},{"time":0.8,"x":1.4,"y":1.3,"curve":"stepped"},{"time":0.8333,"x":1.7,"y":1.4,"curve":"stepped"},{"time":0.8666,"x":2,"y":1.5,"curve":"stepped"},{"time":0.9,"x":1.848,"y":1.25},{"time":1.1,"x":2.466,"y":1.92}]},"DAMAGEAREA":{"translate":[{"time":0.1333,"x":81.71,"y":177.11},{"time":0.5666,"x":-46.58,"y":97.98},{"time":1.0666,"x":-148.6,"y":105.17}],"scale":[{"time":0.1333,"x":0.718,"y":1.615}]},"MAIN":{"translate":[{"time":0,"x":309.53,"y":0}]},"bone":{"translate":[{"time":0,"x":-220.78,"y":29.61,"curve":"stepped"},{"time":0.1,"x":-220.78,"y":29.61},{"time":0.1666,"x":-234.66,"y":4.08}],"scale":[{"time":0,"x":3.643,"y":3.643}]}},"events":[{"time":0,"name":"EFEvent","string":"setPosition_Target"},{"time":0,"name":"EFView","float":1.17,"string":"shakeGround_Loop"},{"time":0,"name":"Sound1","string":"cri_se_battle_storm"},{"time":0.0333,"name":"EFEvent","string":"setHitEffect(hit02b,1)"},{"time":0.1,"name":"EFEvent","float":0.05,"string":"kHitStopType_enemyonly"},{"time":0.1333,"name":"EFEvent","string":"setHitBackEnemy(5,5)"},{"time":0.1333,"name":"Sound1","string":"setHitSound(se_battle_explosion_water_02)"},{"time":0.1666,"name":"EFHit","string":"resetHitList"},{"time":0.1666,"name":"Sound1","string":"setHitSound(empty)"},{"time":0.2,"name":"EFHit","string":"resetHitList"},{"time":0.2,"name":"Sound1","string":"setHitSound(empty)"},{"time":0.2333,"name":"EFHit","string":"resetHitList"},{"time":0.2333,"name":"Sound1","string":"setHitSound(se_battle_explosion_water_02)"},{"time":0.2666,"name":"EFHit","string":"resetHitList"},{"time":0.2666,"name":"Sound1","string":"setHitSound(empty)"},{"time":0.3,"name":"EFHit","string":"resetHitList"},{"time":0.3,"name":"Sound1","string":"setHitSound(empty)"},{"time":0.3333,"name":"EFHit","string":"resetHitList"},{"time":0.3333,"name":"Sound1","string":"setHitSound(se_battle_explosion_water_02)"},{"time":0.3666,"name":"EFHit","string":"resetHitList"},{"time":0.3666,"name":"Sound1","string":"setHitSound(empty)"},{"time":0.4,"name":"EFHit","string":"resetHitList"},{"time":0.4,"name":"Sound1","string":"setHitSound(empty)"},{"time":0.4333,"name":"EFHit","string":"resetHitList"},{"time":0.4333,"name":"Sound1","string":"setHitSound(se_battle_explosion_water_02)"},{"time":0.4666,"name":"EFHit","string":"resetHitList"},{"time":0.4666,"name":"Sound1","string":"setHitSound(empty)"},{"time":0.5,"name":"EFHit","string":"resetHitList"},{"time":0.5,"name":"Sound1","string":"setHitSound(empty)"},{"time":0.5333,"name":"EFHit","string":"resetHitList"},{"time":0.5333,"name":"Sound1","string":"setHitSound(se_battle_explosion_water_02)"},{"time":0.5666,"name":"EFHit","string":"resetHitList"},{"time":0.5666,"name":"Sound1","string":"setHitSound(empty)"},{"time":0.6,"name":"EFHit","string":"resetHitList"},{"time":0.6,"name":"Sound1","string":"setHitSound(empty)"},{"time":0.6333,"name":"EFHit","string":"resetHitList"},{"time":0.6333,"name":"Sound1","string":"setHitSound(se_battle_explosion_water_02)"},{"time":0.6666,"name":"EFHit","string":"resetHitList"},{"time":0.6666,"name":"Sound1","string":"setHitSound(empty)"},{"time":0.7,"name":"EFHit","string":"resetHitList"},{"time":0.7,"name":"Sound1","string":"setHitSound(empty)"},{"time":0.7333,"name":"EFHit","string":"resetHitList"},{"time":0.7333,"name":"Sound1","string":"setHitSound(se_battle_explosion_water_02)"},{"time":0.7666,"name":"EFHit","string":"resetHitList"},{"time":0.7666,"name":"Sound1","string":"setHitSound(empty)"},{"time":0.8,"name":"EFHit","string":"resetHitList"},{"time":0.8,"name":"Sound1","string":"setHitSound(empty)"},{"time":0.8333,"name":"EFHit","string":"resetHitList"},{"time":0.8333,"name":"Sound1","string":"setHitSound(se_battle_explosion_water_02)"},{"time":0.8666,"name":"EFEvent","string":"kImpactType_up"},{"time":0.8666,"name":"EFHit","string":"resetHitList"},{"time":0.8666,"name":"Sound1","string":"setHitSound(empty)"},{"time":0.9,"name":"EFHit","string":"resetHitList"},{"time":0.9,"name":"Sound1","string":"setHitSound(empty)"},{"time":0.9333,"name":"EFHit","string":"resetHitList"},{"time":0.9333,"name":"Sound1","string":"setHitSound(se_battle_explosion_water_02)"},{"time":0.9666,"name":"Sound1","string":"setHitSound(empty)"},{"time":1,"name":"Sound1","string":"setHitSound(empty)"},{"time":1.0333,"name":"Sound1","string":"setHitSound(se_battle_explosion_water_02)"},{"time":1.0666,"name":"Sound1","string":"setHitSound(empty)"},{"time":1.1,"name":"Sound1","string":"setHitSound(empty)"}]},"2-attack1":{},"2-skill1":{"slots":{"EF/310_S1_shine1/310_S1_shine1_00000":{"attachment":[{"time":0.5,"name":"EF/310_S1_shine1/310_S1_shine1_00000"}],"color":[{"time":0.5,"color":"ffffffff"},{"time":1,"color":"ffffff00"}]},"EF/310_S1_wave1/310_S1_wave1_00000":{"attachment":[{"time":0.5,"name":"EF/310_S1_wave1/310_S1_wave1_00000"},{"time":1.5,"name":null}],"color":[{"time":1.4,"color":"ffffffff"},{"time":1.5,"color":"ffffff00"}]},"EF/310_S1_wave2/310_S1_wave2_00000":{"attachment":[{"time":0.5,"name":"EF/310_S1_wave2/310_S1_wave2_00001"},{"time":0.5333,"name":"EF/310_S1_wave2/310_S1_wave2_00002"},{"time":0.5666,"name":"EF/310_S1_wave2/310_S1_wave2_00003"},{"time":0.6,"name":"EF/310_S1_wave2/310_S1_wave2_00004"},{"time":0.6333,"name":"EF/310_S1_wave2/310_S1_wave2_00005"},{"time":0.6666,"name":"EF/310_S1_wave2/310_S1_wave2_00002"},{"time":0.7,"name":"EF/310_S1_wave2/310_S1_wave2_00003"},{"time":0.7333,"name":"EF/310_S1_wave2/310_S1_wave2_00004"},{"time":0.7666,"name":"EF/310_S1_wave2/310_S1_wave2_00005"},{"time":0.8,"name":"EF/310_S1_wave2/310_S1_wave2_00002"},{"time":0.8333,"name":"EF/310_S1_wave2/310_S1_wave2_00003"},{"time":0.8666,"name":"EF/310_S1_wave2/310_S1_wave2_00004"},{"time":0.9,"name":"EF/310_S1_wave2/310_S1_wave2_00005"},{"time":0.9333,"name":"EF/310_S1_wave2/310_S1_wave2_00002"},{"time":0.9666,"name":"EF/310_S1_wave2/310_S1_wave2_00003"},{"time":1,"name":"EF/310_S1_wave2/310_S1_wave2_00004"},{"time":1.0333,"name":"EF/310_S1_wave2/310_S1_wave2_00005"},{"time":1.0666,"name":"EF/310_S1_wave2/310_S1_wave2_00002"},{"time":1.1,"name":"EF/310_S1_wave2/310_S1_wave2_00003"},{"time":1.1333,"name":"EF/310_S1_wave2/310_S1_wave2_00004"},{"time":1.1666,"name":"EF/310_S1_wave2/310_S1_wave2_00005"},{"time":1.2,"name":"EF/310_S1_wave2/310_S1_wave2_00002"},{"time":1.2333,"name":"EF/310_S1_wave2/310_S1_wave2_00003"},{"time":1.2666,"name":"EF/310_S1_wave2/310_S1_wave2_00004"},{"time":1.3,"name":"EF/310_S1_wave2/310_S1_wave2_00005"},{"time":1.3333,"name":"EF/310_S1_wave2/310_S1_wave2_00002"},{"time":1.3666,"name":"EF/310_S1_wave2/310_S1_wave2_00003"},{"time":1.4,"name":"EF/310_S1_wave2/310_S1_wave2_00004"},{"time":1.4333,"name":"EF/310_S1_wave2/310_S1_wave2_00005"},{"time":1.4666,"name":"EF/310_S1_wave2/310_S1_wave2_00003"},{"time":1.5,"name":null}]},"EF/310_S1_wave3/310_S1_wave3_00000":{"attachment":[{"time":0.5,"name":"EF/310_S1_wave3/310_S1_wave3_00000"},{"time":0.5333,"name":"EF/310_S1_wave3/310_S1_wave3_00001"},{"time":0.5666,"name":"EF/310_S1_wave3/310_S1_wave3_00002"},{"time":0.6,"name":"EF/310_S1_wave3/310_S1_wave3_00003"},{"time":0.6333,"name":"EF/310_S1_wave3/310_S1_wave3_00004"},{"time":0.6666,"name":"EF/310_S1_wave3/310_S1_wave3_00003"},{"time":0.7,"name":"EF/310_S1_wave3/310_S1_wave3_00004"},{"time":0.7333,"name":"EF/310_S1_wave3/310_S1_wave3_00003"},{"time":0.7666,"name":"EF/310_S1_wave3/310_S1_wave3_00004"},{"time":0.8,"name":"EF/310_S1_wave3/310_S1_wave3_00003"},{"time":0.8333,"name":"EF/310_S1_wave3/310_S1_wave3_00004"},{"time":0.8666,"name":"EF/310_S1_wave3/310_S1_wave3_00003"},{"time":0.9,"name":"EF/310_S1_wave3/310_S1_wave3_00004"},{"time":0.9333,"name":"EF/310_S1_wave3/310_S1_wave3_00003"},{"time":0.9666,"name":"EF/310_S1_wave3/310_S1_wave3_00004"},{"time":1,"name":"EF/310_S1_wave3/310_S1_wave3_00003"},{"time":1.0333,"name":"EF/310_S1_wave3/310_S1_wave3_00004"},{"time":1.0666,"name":"EF/310_S1_wave3/310_S1_wave3_00003"},{"time":1.1,"name":"EF/310_S1_wave3/310_S1_wave3_00004"},{"time":1.1333,"name":"EF/310_S1_wave3/310_S1_wave3_00003"},{"time":1.1666,"name":"EF/310_S1_wave3/310_S1_wave3_00004"},{"time":1.2,"name":"EF/310_S1_wave3/310_S1_wave3_00003"},{"time":1.2333,"name":"EF/310_S1_wave3/310_S1_wave3_00004"},{"time":1.2666,"name":"EF/310_S1_wave3/310_S1_wave3_00003"},{"time":1.3,"name":"EF/310_S1_wave3/310_S1_wave3_00004"},{"time":1.3333,"name":"EF/310_S1_wave3/310_S1_wave3_00003"},{"time":1.3666,"name":"EF/310_S1_wave3/310_S1_wave3_00004"},{"time":1.4,"name":"EF/310_S1_wave3/310_S1_wave3_00005"},{"time":1.4333,"name":"EF/310_S1_wave3/310_S1_wave3_00006"},{"time":1.4666,"name":null},{"time":1.5,"name":null}]},"EF/510_S1_slash1/510_S1_slash1_00000":{"attachment":[{"time":0.5,"name":null},{"time":0.6333,"name":null}]},"EF/610_S1_water1/610_S1_water1_1":{"attachment":[{"time":0.8,"name":"EF/610_S1_water1/610_S1_water1_00000"},{"time":0.8333,"name":"EF/610_S1_water1/610_S1_water1_00001"},{"time":0.8666,"name":"EF/610_S1_water1/610_S1_water1_00002"},{"time":0.9,"name":"EF/610_S1_water1/610_S1_water1_00003"},{"time":0.9333,"name":"EF/610_S1_water1/610_S1_water1_00004"},{"time":0.9666,"name":"EF/610_S1_water1/610_S1_water1_00005"},{"time":1.2666,"name":"EF/610_S1_water1/610_S1_water1_00000"},{"time":1.3,"name":"EF/610_S1_water1/610_S1_water1_00001"},{"time":1.3333,"name":"EF/610_S1_water1/610_S1_water1_00002"},{"time":1.3666,"name":"EF/610_S1_water1/610_S1_water1_00003"},{"time":1.4,"name":"EF/610_S1_water1/610_S1_water1_00004"},{"time":1.4333,"name":"EF/610_S1_water1/610_S1_water1_00005"}],"color":[{"time":0.8,"color":"d1fcffff","curve":"stepped"},{"time":0.9333,"color":"d1fcffff"},{"time":1,"color":"d1fcff00","curve":"stepped"},{"time":1.2666,"color":"d1fcffff","curve":"stepped"},{"time":1.4,"color":"d1fcffff"},{"time":1.4666,"color":"d1fcff00"}]},"EF/610_S1_water1/610_S1_water1_2":{"attachment":[{"time":0.5,"name":"EF/610_S1_water1/610_S1_water1_00000"},{"time":0.5333,"name":"EF/610_S1_water1/610_S1_water1_00001"},{"time":0.5666,"name":"EF/610_S1_water1/610_S1_water1_00002"},{"time":0.6,"name":"EF/610_S1_water1/610_S1_water1_00003"},{"time":0.6333,"name":"EF/610_S1_water1/610_S1_water1_00004"},{"time":0.6666,"name":"EF/610_S1_water1/610_S1_water1_00005"},{"time":1.0333,"name":"EF/610_S1_water1/610_S1_water1_00000"},{"time":1.0666,"name":"EF/610_S1_water1/610_S1_water1_00001"},{"time":1.1,"name":"EF/610_S1_water1/610_S1_water1_00002"},{"time":1.1333,"name":"EF/610_S1_water1/610_S1_water1_00003"},{"time":1.1666,"name":"EF/610_S1_water1/610_S1_water1_00004"},{"time":1.2,"name":"EF/610_S1_water1/610_S1_water1_00005"}],"color":[{"time":0.5,"color":"d1fcffff","curve":"stepped"},{"time":0.6666,"color":"d1fcffff"},{"time":0.7666,"color":"d1fcff00","curve":"stepped"},{"time":1.0333,"color":"d1fcffff","curve":"stepped"},{"time":1.1666,"color":"d1fcffff"},{"time":1.2333,"color":"d1fcff00"}]}},"bones":{"310_S1_shine1":{"translate":[{"time":0.5,"x":-168.18,"y":67.43}],"scale":[{"time":0.5,"x":2,"y":2}]},"310_S1_wave1":{"translate":[{"time":0.5,"x":-190.93,"y":105.12}],"scale":[{"time":0.5,"x":2,"y":2,"curve":"stepped"},{"time":0.5333,"x":1.95,"y":1.95,"curve":"stepped"},{"time":0.5666,"x":2,"y":2,"curve":"stepped"},{"time":0.6,"x":1.95,"y":1.95,"curve":"stepped"},{"time":0.6333,"x":2,"y":2,"curve":"stepped"},{"time":0.6666,"x":1.95,"y":1.95,"curve":"stepped"},{"time":0.7,"x":2,"y":2,"curve":"stepped"},{"time":0.7333,"x":1.95,"y":1.95,"curve":"stepped"},{"time":0.7666,"x":2,"y":2,"curve":"stepped"},{"time":0.8,"x":1.95,"y":1.95,"curve":"stepped"},{"time":0.8333,"x":2,"y":2,"curve":"stepped"},{"time":0.8666,"x":1.95,"y":1.95,"curve":"stepped"},{"time":0.9,"x":2,"y":2,"curve":"stepped"},{"time":0.9333,"x":1.95,"y":1.95,"curve":"stepped"},{"time":0.9666,"x":2,"y":2,"curve":"stepped"},{"time":1,"x":1.95,"y":1.95,"curve":"stepped"},{"time":1.0333,"x":2,"y":2,"curve":"stepped"},{"time":1.0666,"x":1.95,"y":1.95,"curve":"stepped"},{"time":1.1,"x":2,"y":2,"curve":"stepped"},{"time":1.1333,"x":1.95,"y":1.95,"curve":"stepped"},{"time":1.1666,"x":1.95,"y":1.95,"curve":"stepped"},{"time":1.2,"x":2,"y":2,"curve":"stepped"},{"time":1.2333,"x":1.95,"y":1.95,"curve":"stepped"},{"time":1.2666,"x":2,"y":2,"curve":"stepped"},{"time":1.3,"x":1.95,"y":1.95,"curve":"stepped"},{"time":1.3333,"x":2,"y":2,"curve":"stepped"},{"time":1.3666,"x":1.95,"y":1.95,"curve":"stepped"},{"time":1.4,"x":2,"y":2,"curve":"stepped"},{"time":1.4333,"x":1.95,"y":1.95,"curve":"stepped"},{"time":1.4666,"x":2,"y":2,"curve":"stepped"},{"time":1.5,"x":1.95,"y":1.95}]},"310_S1_wave2":{"translate":[{"time":0.5,"x":-364.67,"y":87.48,"curve":"stepped"},{"time":0.5333,"x":-394.89,"y":87.48}],"scale":[{"time":0.5,"x":2,"y":2}]},"310_S1_wave3":{"translate":[{"time":0.5,"x":-387.63,"y":100.56,"curve":"stepped"},{"time":0.6,"x":-387.63,"y":100.56,"curve":"stepped"},{"time":0.6333,"x":-387.63,"y":113.41,"curve":"stepped"},{"time":0.6666,"x":-387.63,"y":100.56,"curve":"stepped"},{"time":0.7,"x":-387.63,"y":113.41,"curve":"stepped"},{"time":0.7333,"x":-387.63,"y":100.56,"curve":"stepped"},{"time":0.7666,"x":-387.63,"y":113.41,"curve":"stepped"},{"time":0.8,"x":-387.63,"y":100.56,"curve":"stepped"},{"time":0.8333,"x":-387.63,"y":113.41,"curve":"stepped"},{"time":0.8666,"x":-387.63,"y":100.56,"curve":"stepped"},{"time":0.9,"x":-387.63,"y":113.41,"curve":"stepped"},{"time":0.9333,"x":-387.63,"y":100.56,"curve":"stepped"},{"time":0.9666,"x":-387.63,"y":113.41,"curve":"stepped"},{"time":1,"x":-387.63,"y":100.56,"curve":"stepped"},{"time":1.0333,"x":-387.63,"y":113.41,"curve":"stepped"},{"time":1.0666,"x":-387.63,"y":100.56,"curve":"stepped"},{"time":1.1,"x":-387.63,"y":113.41,"curve":"stepped"},{"time":1.1333,"x":-387.63,"y":100.56,"curve":"stepped"},{"time":1.1666,"x":-387.63,"y":113.41,"curve":"stepped"},{"time":1.2,"x":-387.63,"y":100.56,"curve":"stepped"},{"time":1.2333,"x":-387.63,"y":113.41,"curve":"stepped"},{"time":1.2666,"x":-387.63,"y":100.56,"curve":"stepped"},{"time":1.3,"x":-387.63,"y":113.41,"curve":"stepped"},{"time":1.3333,"x":-387.63,"y":100.56,"curve":"stepped"},{"time":1.3666,"x":-387.63,"y":113.41}],"scale":[{"time":0.5,"x":2,"y":2}]},"510_S1_slash1":{"rotate":[{"time":0.5,"angle":-19.49,"curve":"stepped"},{"time":0.5666,"angle":-19.89}],"translate":[{"time":0.5,"x":0,"y":206.68,"curve":"stepped"},{"time":0.5666,"x":44.38,"y":187.66}],"scale":[{"time":0.5,"x":1.289,"y":0.7,"curve":"stepped"},{"time":0.5666,"x":-1.46,"y":-0.81}]},"bone3":{"translate":[{"time":0.8,"x":-292.03,"y":129.33,"curve":"stepped"},{"time":1.2666,"x":-228.22,"y":-4.22}],"scale":[{"time":0.8,"x":4.116,"y":4.116}]},"bone4":{"translate":[{"time":0.5,"x":-166.22,"y":70.31,"curve":"stepped"},{"time":0.6666,"x":-166.22,"y":70.31},{"time":0.7666,"x":-166.22,"y":65.32,"curve":"stepped"},{"time":1.0333,"x":-100.21,"y":81.45}],"scale":[{"time":0.5,"x":4.785,"y":4.785,"curve":"stepped"},{"time":0.6666,"x":4.785,"y":4.785},{"time":0.7666,"x":4.957,"y":4.957,"curve":"stepped"},{"time":1.0333,"x":4.02,"y":4.02}]}},"events":[{"time":0.6333,"name":"Sound2"}]},"2-skill2":{"slots":{"EF/310_S1_shine1/310_S1_shine1_00000":{"attachment":[{"time":0.0333,"name":"EF/310_S1_shine1/310_S1_shine1_00000"},{"time":0.4,"name":"EF/310_S1_shine1/310_S1_shine1_00000"}],"color":[{"time":0.0333,"color":"ffffffff","curve":"stepped"},{"time":0.2,"color":"ffffffff"},{"time":0.4,"color":"ffffff00"}]},"EF/610_S1_water1/610_S1_water1_1":{"attachment":[{"time":0.0333,"name":"EF/610_S1_water1/610_S1_water1_00000"},{"time":0.0666,"name":"EF/610_S1_water1/610_S1_water1_00001"},{"time":0.1,"name":"EF/610_S1_water1/610_S1_water1_00002"},{"time":0.1333,"name":"EF/610_S1_water1/610_S1_water1_00003"},{"time":0.2,"name":"EF/610_S1_water1/610_S1_water1_00004"},{"time":0.2666,"name":"EF/610_S1_water1/610_S1_water1_00005"}],"color":[{"time":0.2333,"color":"d1fcffff"},{"time":0.4333,"color":"d1fcff00"}]}},"bones":{"310_S1_shine1":{"translate":[{"time":0.0333,"x":0,"y":150}],"scale":[{"time":0.0333,"x":2,"y":2}]},"bone3":{"translate":[{"time":0.0333,"x":0.06,"y":152.57,"curve":"stepped"},{"time":0.2,"x":0.06,"y":152.57},{"time":0.4333,"x":0.06,"y":137.92}],"scale":[{"time":0.0333,"x":4.881,"y":4.881,"curve":"stepped"},{"time":0.2,"x":4.881,"y":4.881},{"time":0.4333,"x":5.528,"y":5.528}]}}},"2Vortex":{"slots":{"DAMAGEAREA":{"attachment":[{"time":0.0666,"name":"DAMAGEAREA"},{"time":1.1,"name":null}]},"EF/310_S2_tornado1/310_S2_tornado1_00000":{"attachment":[{"time":0.0333,"name":"EF/310_S2_tornado1/310_S2_tornado1_00003"},{"time":0.0666,"name":"EF/310_S2_tornado1/310_S2_tornado1_00002"},{"time":0.1333,"name":"EF/310_S2_tornado1/310_S2_tornado1_00000"},{"time":0.2,"name":"EF/310_S2_tornado1/310_S2_tornado1_00001"},{"time":0.9333,"name":"EF/310_S2_tornado1/310_S2_tornado1_00000"},{"time":1.0333,"name":"EF/310_S2_tornado1/310_S2_tornado1_00002"},{"time":1.1333,"name":"EF/310_S2_tornado1/310_S2_tornado1_00003"},{"time":1.2,"name":"EF/310_S2_tornado1/310_S2_tornado1_00004"},{"time":1.3,"name":null}],"color":[{"time":0.8666,"color":"ffffffff","curve":[0.534,0.04,0.888,0.32]},{"time":1.3,"color":"ffffff00"}]},"EF/310_S2_tornado1/310_S2_tornado1_0":{"attachment":[{"time":0.0333,"name":"EF/310_S2_tornado1/310_S2_tornado1_00003"},{"time":0.0666,"name":"EF/310_S2_tornado1/310_S2_tornado1_00002"},{"time":0.1333,"name":"EF/310_S2_tornado1/310_S2_tornado1_00000"},{"time":0.2,"name":"EF/310_S2_tornado1/310_S2_tornado1_00001"},{"time":0.9333,"name":"EF/310_S2_tornado1/310_S2_tornado1_00000"},{"time":1.0333,"name":"EF/310_S2_tornado1/310_S2_tornado1_00002"},{"time":1.1333,"name":"EF/310_S2_tornado1/310_S2_tornado1_00003"},{"time":1.2,"name":"EF/310_S2_tornado1/310_S2_tornado1_00004"},{"time":1.3,"name":null}],"color":[{"time":0.8666,"color":"ffffffff","curve":[0.534,0.04,0.888,0.32]},{"time":1.3,"color":"ffffff00"}]},"EF/610_S1_water1/610_S1_water1_00000":{"attachment":[{"time":0.0333,"name":"EF/610_S1_water1/610_S1_water1_00000"},{"time":0.0666,"name":"EF/610_S1_water1/610_S1_water1_00001"},{"time":0.1,"name":"EF/610_S1_water1/610_S1_water1_00002"},{"time":0.1333,"name":"EF/610_S1_water1/610_S1_water1_00003"},{"time":0.1666,"name":"EF/610_S1_water1/610_S1_water1_00004"},{"time":0.2,"name":"EF/610_S1_water1/610_S1_water1_00005"}],"color":[{"time":0.1333,"color":"d1fcffff"},{"time":0.2,"color":"d1fcff00"}]},"EF/610_S1_water1/610_S1_water1_0":{"attachment":[{"time":0.0333,"name":"EF/610_S1_water1/610_S1_water1_00000"},{"time":0.0666,"name":"EF/610_S1_water1/610_S1_water1_00001"},{"time":0.1,"name":"EF/610_S1_water1/610_S1_water1_00002"},{"time":0.1333,"name":"EF/610_S1_water1/610_S1_water1_00003"},{"time":0.1666,"name":"EF/610_S1_water1/610_S1_water1_00004"},{"time":0.2,"name":"EF/610_S1_water1/610_S1_water1_00005"}],"color":[{"time":0.1333,"color":"d1fcffff"},{"time":0.2,"color":"d1fcff00"}]},"EF/710_S1_wave1/710_S1_wave1_00000":{"attachment":[{"time":0.0333,"name":"EF/710_S1_wave1/710_S1_wave1_00000"},{"time":0.0666,"name":"EF/710_S1_wave1/710_S1_wave1_00001"},{"time":0.1666,"name":"EF/710_S1_wave1/710_S1_wave1_00002"},{"time":0.6,"name":"EF/710_S1_wave1/710_S1_wave1_00000"},{"time":0.7333,"name":"EF/710_S1_wave1/710_S1_wave1_00001"},{"time":0.8333,"name":"EF/710_S1_wave1/710_S1_wave1_00002"}],"color":[{"time":0.0333,"color":"ffffffbd"},{"time":0.0666,"color":"ffffffff","curve":"stepped"},{"time":0.2666,"color":"ffffffff"},{"time":0.3666,"color":"ffffff00","curve":"stepped"},{"time":0.6,"color":"ffffff7d"},{"time":0.6666,"color":"ffffffff","curve":"stepped"},{"time":0.9333,"color":"ffffffff"},{"time":1.0333,"color":"ffffff00"}]},"EF/710_S1_wave1/710_S1_wave1_0":{"attachment":[{"time":0.0333,"name":"EF/710_S1_wave1/710_S1_wave1_00000"},{"time":0.0666,"name":"EF/710_S1_wave1/710_S1_wave1_00001"},{"time":0.1666,"name":"EF/710_S1_wave1/710_S1_wave1_00002"},{"time":0.6,"name":"EF/710_S1_wave1/710_S1_wave1_00000"},{"time":0.7333,"name":"EF/710_S1_wave1/710_S1_wave1_00001"},{"time":0.8333,"name":"EF/710_S1_wave1/710_S1_wave1_00002"}],"color":[{"time":0.0333,"color":"ffffffbd"},{"time":0.0666,"color":"ffffffff","curve":"stepped"},{"time":0.2666,"color":"ffffffff"},{"time":0.3666,"color":"ffffff00","curve":"stepped"},{"time":0.6,"color":"ffffff7d"},{"time":0.6666,"color":"ffffffff","curve":"stepped"},{"time":0.9333,"color":"ffffffff"},{"time":1.0333,"color":"ffffff00"}]},"EF/710_S1_wave1/710_S1_wave1_1":{"attachment":[{"time":0.0333,"name":"EF/710_S1_wave1/710_S1_wave1_00000"},{"time":0.0666,"name":"EF/710_S1_wave1/710_S1_wave1_00001"},{"time":0.1666,"name":"EF/710_S1_wave1/710_S1_wave1_00002"},{"time":0.6,"name":"EF/710_S1_wave1/710_S1_wave1_00000"},{"time":0.7333,"name":"EF/710_S1_wave1/710_S1_wave1_00001"},{"time":0.8333,"name":"EF/710_S1_wave1/710_S1_wave1_00002"}],"color":[{"time":0.0333,"color":"ffffffbd"},{"time":0.0666,"color":"ffffffff","curve":"stepped"},{"time":0.2666,"color":"ffffffff"},{"time":0.3666,"color":"ffffff00","curve":"stepped"},{"time":0.6,"color":"ffffff7d"},{"time":0.6666,"color":"ffffffff","curve":"stepped"},{"time":0.9333,"color":"ffffffff"},{"time":1.0333,"color":"ffffff00"}]},"EF/710_S1_wave1/710_S1_wave1_2":{"attachment":[{"time":0.0333,"name":"EF/710_S1_wave1/710_S1_wave1_00000"},{"time":0.0666,"name":"EF/710_S1_wave1/710_S1_wave1_00001"},{"time":0.1666,"name":"EF/710_S1_wave1/710_S1_wave1_00002"},{"time":0.6,"name":"EF/710_S1_wave1/710_S1_wave1_00000"},{"time":0.7333,"name":"EF/710_S1_wave1/710_S1_wave1_00001"},{"time":0.8333,"name":"EF/710_S1_wave1/710_S1_wave1_00002"}],"color":[{"time":0.0333,"color":"ffffffbd"},{"time":0.0666,"color":"ffffffff","curve":"stepped"},{"time":0.2666,"color":"ffffffff"},{"time":0.3666,"color":"ffffff00","curve":"stepped"},{"time":0.6,"color":"ffffff7d"},{"time":0.6666,"color":"ffffffff","curve":"stepped"},{"time":0.9333,"color":"ffffffff"},{"time":1.0333,"color":"ffffff00"}]}},"bones":{"310_S2_tornado1":{"translate":[{"time":0.0333,"x":-222.79,"y":240},{"time":0.6,"x":-381.61,"y":147.47},{"time":0.9666,"x":-453.42,"y":154.37}],"scale":[{"time":0.0333,"x":1.8,"y":1.8,"curve":"stepped"},{"time":0.2,"x":1.8,"y":1.8,"curve":"stepped"},{"time":0.2666,"x":-1.8,"y":1.8,"curve":"stepped"},{"time":0.3333,"x":1.8,"y":1.8,"curve":"stepped"},{"time":0.4,"x":-1.8,"y":1.8,"curve":"stepped"},{"time":0.4666,"x":1.8,"y":1.8,"curve":"stepped"},{"time":0.5333,"x":-1.8,"y":1.8,"curve":"stepped"},{"time":0.6,"x":1.8,"y":1.8,"curve":"stepped"},{"time":0.6666,"x":-1.8,"y":1.8,"curve":"stepped"},{"time":0.7333,"x":1.8,"y":1.8,"curve":"stepped"},{"time":0.8,"x":-1.8,"y":1.8}]},"710_S1_wave1":{"translate":[{"time":0.0333,"x":-381.15,"y":41.93},{"time":0.6,"x":-203.98,"y":-8.71},{"time":0.9666,"x":-251.47,"y":26.52}],"scale":[{"time":0.0333,"x":4,"y":3,"curve":"stepped"},{"time":0.0666,"x":2.8,"y":2.6,"curve":"stepped"},{"time":0.1,"x":3.4,"y":2.8,"curve":"stepped"},{"time":0.1333,"x":4,"y":3,"curve":"stepped"},{"time":0.1666,"x":2.6,"y":2.5},{"time":0.3666,"x":3.675,"y":3.43,"curve":"stepped"},{"time":0.6,"x":2,"y":2,"curve":"stepped"},{"time":0.6333,"x":2.666,"y":2.333,"curve":"stepped"},{"time":0.6666,"x":3.333,"y":2.666,"curve":"stepped"},{"time":0.7,"x":4,"y":3,"curve":"stepped"},{"time":0.7333,"x":2.8,"y":2.6,"curve":"stepped"},{"time":0.7666,"x":3.4,"y":2.8,"curve":"stepped"},{"time":0.8,"x":4,"y":3,"curve":"stepped"},{"time":0.8333,"x":2.6,"y":2.5},{"time":1.0333,"x":3.675,"y":3.43}]},"310_S2_tornado2":{"translate":[{"time":0.0333,"x":-378.22,"y":241.38},{"time":0.6,"x":-204.22,"y":242.76},{"time":0.9666,"x":-252.55,"y":226.18}],"scale":[{"time":0.0333,"x":1.8,"y":1.8,"curve":"stepped"},{"time":0.2,"x":1.8,"y":1.8,"curve":"stepped"},{"time":0.2666,"x":-1.8,"y":1.8,"curve":"stepped"},{"time":0.3333,"x":1.8,"y":1.8,"curve":"stepped"},{"time":0.4,"x":-1.8,"y":1.8,"curve":"stepped"},{"time":0.4666,"x":1.8,"y":1.8,"curve":"stepped"},{"time":0.5333,"x":-1.8,"y":1.8,"curve":"stepped"},{"time":0.6,"x":1.8,"y":1.8,"curve":"stepped"},{"time":0.6666,"x":-1.8,"y":1.8,"curve":"stepped"},{"time":0.7333,"x":1.8,"y":1.8,"curve":"stepped"},{"time":0.8,"x":-1.8,"y":1.8}]},"710_S1_wave2":{"translate":[{"time":0.0333,"x":-217.56,"y":26.52},{"time":0.6,"x":-375.36,"y":-105.22},{"time":0.9666,"x":-453.49,"y":-42.41}],"scale":[{"time":0.0333,"x":4,"y":3,"curve":"stepped"},{"time":0.0666,"x":2.8,"y":2.6,"curve":"stepped"},{"time":0.1,"x":3.4,"y":2.8,"curve":"stepped"},{"time":0.1333,"x":4,"y":3,"curve":"stepped"},{"time":0.1666,"x":2.6,"y":2.5},{"time":0.3666,"x":4.011,"y":3.856,"curve":"stepped"},{"time":0.6,"x":2,"y":2,"curve":"stepped"},{"time":0.6333,"x":2.666,"y":2.333,"curve":"stepped"},{"time":0.6666,"x":3.333,"y":2.666,"curve":"stepped"},{"time":0.7,"x":4,"y":3,"curve":"stepped"},{"time":0.7333,"x":2.8,"y":2.6,"curve":"stepped"},{"time":0.7666,"x":3.4,"y":2.8,"curve":"stepped"},{"time":0.8,"x":4,"y":3,"curve":"stepped"},{"time":0.8333,"x":2.6,"y":2.5},{"time":1.0333,"x":4.011,"y":3.856}]},"710_S1_wave3":{"translate":[{"time":0.0333,"x":-381.15,"y":36.93},{"time":0.1666,"x":-339.47,"y":23.84},{"time":0.3666,"x":-276.93,"y":6.09},{"time":0.6,"x":-203.98,"y":-13.72},{"time":0.8333,"x":-234.2,"y":5.98},{"time":0.9666,"x":-251.61,"y":18.79},{"time":1.0333,"x":-253.83,"y":19.29}],"scale":[{"time":0.0333,"x":2,"y":1.5,"curve":"stepped"},{"time":0.0666,"x":1.4,"y":1.3,"curve":"stepped"},{"time":0.1,"x":1.7,"y":1.4,"curve":"stepped"},{"time":0.1333,"x":2,"y":1.5,"curve":"stepped"},{"time":0.1666,"x":1.848,"y":1.25},{"time":0.3666,"x":2.279,"y":1.774,"curve":"stepped"},{"time":0.6,"x":2,"y":2,"curve":"stepped"},{"time":0.6333,"x":2.666,"y":2.333,"curve":"stepped"},{"time":0.6666,"x":3.333,"y":2.666,"curve":"stepped"},{"time":0.7,"x":2,"y":1.5,"curve":"stepped"},{"time":0.7333,"x":1.4,"y":1.3,"curve":"stepped"},{"time":0.7666,"x":1.7,"y":1.4,"curve":"stepped"},{"time":0.8,"x":2,"y":1.5,"curve":"stepped"},{"time":0.8333,"x":1.848,"y":1.25},{"time":1.0333,"x":2.279,"y":1.774}]},"710_S1_wave4":{"translate":[{"time":0.0333,"x":-217.56,"y":26.52},{"time":0.1666,"x":-254.69,"y":-13.9},{"time":0.3666,"x":-310.39,"y":-57.77},{"time":0.6,"x":-375.36,"y":-105.22},{"time":0.8333,"x":-425.08,"y":-72.32},{"time":0.9666,"x":-456.99,"y":-50.02},{"time":1.0333,"x":-455.85,"y":-49.48}],"scale":[{"time":0.0333,"x":2,"y":1.5,"curve":"stepped"},{"time":0.0666,"x":1.4,"y":1.3,"curve":"stepped"},{"time":0.1,"x":1.7,"y":1.4,"curve":"stepped"},{"time":0.1333,"x":2,"y":1.5,"curve":"stepped"},{"time":0.1666,"x":1.848,"y":1.25},{"time":0.3666,"x":2.466,"y":1.92,"curve":"stepped"},{"time":0.6,"x":2,"y":2,"curve":"stepped"},{"time":0.6333,"x":2.666,"y":2.333,"curve":"stepped"},{"time":0.6666,"x":3.333,"y":2.666,"curve":"stepped"},{"time":0.7,"x":2,"y":1.5,"curve":"stepped"},{"time":0.7333,"x":1.4,"y":1.3,"curve":"stepped"},{"time":0.7666,"x":1.7,"y":1.4,"curve":"stepped"},{"time":0.8,"x":2,"y":1.5,"curve":"stepped"},{"time":0.8333,"x":1.848,"y":1.25},{"time":1.0333,"x":2.466,"y":1.92}]},"DAMAGEAREA":{"translate":[{"time":0.0666,"x":0.17,"y":153.13},{"time":0.5,"x":6.17,"y":153.13},{"time":1,"x":-59.88,"y":153.13}],"scale":[{"time":0.0666,"x":1.509,"y":1.615,"curve":"stepped"},{"time":0.4666,"x":1.509,"y":1.615},{"time":0.6333,"x":2.121,"y":1.615},{"time":0.9,"x":2.336,"y":1.615}]},"MAIN":{"translate":[{"time":0,"x":309.53,"y":0}]},"bone":{"translate":[{"time":0.0333,"x":-382.5,"y":43.15},{"time":0.2,"x":-328.53,"y":21.05}],"scale":[{"time":0.0333,"x":2.647,"y":2.647}]},"bone2":{"translate":[{"time":0.0333,"x":-216.4,"y":26.72},{"time":0.2,"x":-264.54,"y":-20.98}],"scale":[{"time":0.0333,"x":2.651,"y":2.651}]}},"events":[{"time":0,"name":"EFEvent","string":"setPosition_Target"},{"time":0.0333,"name":"EFEvent","float":0.05,"string":"kHitStopType_enemyonly"},{"time":0.0333,"name":"EFView","float":1.17,"string":"shakeGround_Loop"},{"time":0.0333,"name":"Sound1","string":"cri_se_battle_storm"},{"time":0.0666,"name":"EFEvent","string":"setHitEffect(hit02b,1)"},{"time":0.0666,"name":"Sound1","string":"setHitSound(se_battle_explosion_water_02)"},{"time":0.1,"name":"EFEvent","string":"setHitBackEnemy(5,10)"},{"time":0.1,"name":"EFHit","string":"resetHitList"},{"time":0.1,"name":"Sound1","string":"cri_se_battle_storm"},{"time":0.1333,"name":"EFHit","string":"resetHitList"},{"time":0.1333,"name":"Sound1","string":"setHitSound(se_battle_explosion_water_02)"},{"time":0.1666,"name":"EFHit","string":"resetHitList"},{"time":0.1666,"name":"Sound1","string":"setHitSound(empty)"},{"time":0.2,"name":"EFHit","string":"resetHitList"},{"time":0.2,"name":"Sound1","string":"setHitSound(empty)"},{"time":0.2333,"name":"EFHit","string":"resetHitList"},{"time":0.2333,"name":"Sound1","string":"setHitSound(se_battle_explosion_water_02)"},{"time":0.2666,"name":"EFHit","string":"resetHitList"},{"time":0.2666,"name":"Sound1","string":"setHitSound(empty)"},{"time":0.3,"name":"EFHit","string":"resetHitList"},{"time":0.3,"name":"Sound1","string":"setHitSound(empty)"},{"time":0.3333,"name":"EFHit","string":"resetHitList"},{"time":0.3333,"name":"Sound1","string":"setHitSound(se_battle_explosion_water_02)"},{"time":0.3666,"name":"EFHit","string":"resetHitList"},{"time":0.3666,"name":"Sound1","string":"setHitSound(empty)"},{"time":0.4,"name":"EFHit","string":"resetHitList"},{"time":0.4,"name":"Sound1","string":"setHitSound(empty)"},{"time":0.4333,"name":"EFHit","string":"resetHitList"},{"time":0.4333,"name":"Sound1","string":"setHitSound(se_battle_explosion_water_02)"},{"time":0.4666,"name":"EFHit","string":"resetHitList"},{"time":0.4666,"name":"Sound1","string":"setHitSound(empty)"},{"time":0.5,"name":"EFHit","string":"resetHitList"},{"time":0.5,"name":"Sound1","string":"setHitSound(empty)"},{"time":0.5333,"name":"EFHit","string":"resetHitList"},{"time":0.5333,"name":"Sound1","string":"setHitSound(se_battle_explosion_water_02)"},{"time":0.5666,"name":"EFHit","string":"resetHitList"},{"time":0.5666,"name":"Sound1","string":"setHitSound(empty)"},{"time":0.6,"name":"EFHit","string":"resetHitList"},{"time":0.6,"name":"Sound1","string":"setHitSound(empty)"},{"time":0.6333,"name":"EFHit","string":"resetHitList"},{"time":0.6333,"name":"Sound1","string":"setHitSound(se_battle_explosion_water_02)"},{"time":0.6666,"name":"EFHit","string":"resetHitList"},{"time":0.6666,"name":"Sound1","string":"setHitSound(empty)"},{"time":0.7,"name":"EFHit","string":"resetHitList"},{"time":0.7,"name":"Sound1","string":"setHitSound(empty)"},{"time":0.7333,"name":"EFHit","string":"resetHitList"},{"time":0.7333,"name":"Sound1","string":"setHitSound(se_battle_explosion_water_02)"},{"time":0.7666,"name":"EFHit","string":"resetHitList"},{"time":0.7666,"name":"Sound1","string":"setHitSound(empty)"},{"time":0.8,"name":"EFEvent","string":"kImpactType_up"},{"time":0.8,"name":"EFHit","string":"resetHitList"},{"time":0.8,"name":"Sound1","string":"setHitSound(empty)"},{"time":0.8333,"name":"EFHit","string":"resetHitList"},{"time":0.8333,"name":"Sound1","string":"setHitSound(se_battle_explosion_water_02)"},{"time":0.8666,"name":"EFHit","string":"resetHitList"},{"time":0.8666,"name":"Sound1","string":"setHitSound(empty)"},{"time":0.9,"name":"Sound1","string":"setHitSound(empty)"},{"time":0.9333,"name":"Sound1","string":"setHitSound(se_battle_explosion_water_02)"},{"time":0.9666,"name":"Sound1","string":"setHitSound(empty)"},{"time":1,"name":"Sound1","string":"setHitSound(empty)"},{"time":1.0333,"name":"Sound1","string":"setHitSound(se_battle_explosion_water_02)"},{"time":1.0666,"name":"Sound1","string":"setHitSound(empty)"},{"time":1.1,"name":"Sound1","string":"setHitSound(empty)"}]},"2attackVortex":{"slots":{"DAMAGEAREA":{"attachment":[{"time":0.0333,"name":"DAMAGEAREA"}]},"EF/310_S2_tornado1/310_S2_tornado1_0":{"attachment":[{"time":0.5,"name":"EF/310_S2_tornado1/310_S2_tornado1_00004"},{"time":0.5666,"name":"EF/310_S2_tornado1/310_S2_tornado1_00003"},{"time":0.6333,"name":"EF/310_S2_tornado1/310_S2_tornado1_00002"},{"time":0.7,"name":"EF/310_S2_tornado1/310_S2_tornado1_00000"},{"time":0.7666,"name":"EF/310_S2_tornado1/310_S2_tornado1_00001"},{"time":1.5,"name":"EF/310_S2_tornado1/310_S2_tornado1_00000"},{"time":1.6,"name":"EF/310_S2_tornado1/310_S2_tornado1_00002"},{"time":1.7,"name":"EF/310_S2_tornado1/310_S2_tornado1_00003"},{"time":1.7666,"name":"EF/310_S2_tornado1/310_S2_tornado1_00004"},{"time":1.8666,"name":null}],"color":[{"time":1.4333,"color":"ffffffff","curve":[0.534,0.04,0.888,0.32]},{"time":1.8666,"color":"ffffff00"}]},"EF/310_S2_tornado1/310_S2_tornado1_00000":{"attachment":[{"time":0.0333,"name":"EF/310_S2_tornado1/310_S2_tornado1_00003"},{"time":0.0666,"name":"EF/310_S2_tornado1/310_S2_tornado1_00002"},{"time":0.1333,"name":"EF/310_S2_tornado1/310_S2_tornado1_00000"},{"time":0.2,"name":"EF/310_S2_tornado1/310_S2_tornado1_00001"},{"time":0.9333,"name":"EF/310_S2_tornado1/310_S2_tornado1_00000"},{"time":1.0333,"name":"EF/310_S2_tornado1/310_S2_tornado1_00002"},{"time":1.1333,"name":"EF/310_S2_tornado1/310_S2_tornado1_00003"},{"time":1.2,"name":"EF/310_S2_tornado1/310_S2_tornado1_00004"},{"time":1.3,"name":null}],"color":[{"time":0.8666,"color":"ffffffff","curve":[0.534,0.04,0.888,0.32]},{"time":1.3,"color":"ffffff00"}]},"EF/610_S1_water1/610_S1_water1_00000":{"attachment":[{"time":0.5,"name":"EF/610_S1_water1/610_S1_water1_00000"},{"time":0.5333,"name":"EF/610_S1_water1/610_S1_water1_00001"},{"time":0.5666,"name":"EF/610_S1_water1/610_S1_water1_00002"},{"time":0.6,"name":"EF/610_S1_water1/610_S1_water1_00003"},{"time":0.6333,"name":"EF/610_S1_water1/610_S1_water1_00004"},{"time":0.6666,"name":"EF/610_S1_water1/610_S1_water1_00005"}],"color":[{"time":0.6333,"color":"d1fcffff"},{"time":0.7,"color":"d1fcff00"}]},"EF/610_S1_water1/610_S1_water1_0":{"attachment":[{"time":0.0333,"name":"EF/610_S1_water1/610_S1_water1_00000"},{"time":0.0666,"name":"EF/610_S1_water1/610_S1_water1_00001"},{"time":0.1,"name":"EF/610_S1_water1/610_S1_water1_00002"},{"time":0.1333,"name":"EF/610_S1_water1/610_S1_water1_00003"},{"time":0.1666,"name":"EF/610_S1_water1/610_S1_water1_00004"},{"time":0.2,"name":"EF/610_S1_water1/610_S1_water1_00005"}],"color":[{"time":0.1666,"color":"d1fcffff"},{"time":0.2333,"color":"d1fcff00"}]},"EF/710_S1_wave1/710_S1_wave1_00000":{"attachment":[{"time":0.5,"name":"EF/710_S1_wave1/710_S1_wave1_00000"},{"time":0.6333,"name":"EF/710_S1_wave1/710_S1_wave1_00001"},{"time":0.7333,"name":"EF/710_S1_wave1/710_S1_wave1_00002"},{"time":1.1666,"name":"EF/710_S1_wave1/710_S1_wave1_00000"},{"time":1.3,"name":"EF/710_S1_wave1/710_S1_wave1_00001"},{"time":1.4,"name":"EF/710_S1_wave1/710_S1_wave1_00002"}],"color":[{"time":0.5,"color":"ffffffbd"},{"time":0.5666,"color":"ffffffff","curve":"stepped"},{"time":0.8333,"color":"ffffffff"},{"time":0.9333,"color":"ffffff00","curve":"stepped"},{"time":1.1666,"color":"ffffff7d"},{"time":1.2333,"color":"ffffffff","curve":"stepped"},{"time":1.5,"color":"ffffffff"},{"time":1.6,"color":"ffffff00"}]},"EF/710_S1_wave1/710_S1_wave1_0":{"attachment":[{"time":0.0666,"name":"EF/710_S1_wave1/710_S1_wave1_00001"},{"time":0.1666,"name":"EF/710_S1_wave1/710_S1_wave1_00002"},{"time":0.6,"name":"EF/710_S1_wave1/710_S1_wave1_00000"},{"time":0.7333,"name":"EF/710_S1_wave1/710_S1_wave1_00001"},{"time":0.8333,"name":"EF/710_S1_wave1/710_S1_wave1_00002"}],"color":[{"time":0.0666,"color":"ffffff00"},{"time":0.1333,"color":"ffffffff","curve":"stepped"},{"time":0.2666,"color":"ffffffff"},{"time":0.3666,"color":"ffffff00","curve":"stepped"},{"time":0.6,"color":"ffffff7d"},{"time":0.6666,"color":"ffffffff","curve":"stepped"},{"time":0.9333,"color":"ffffffff"},{"time":1.0333,"color":"ffffff00"}]},"EF/710_S1_wave1/710_S1_wave1_1":{"attachment":[{"time":0.5,"name":"EF/710_S1_wave1/710_S1_wave1_00000"},{"time":0.6333,"name":"EF/710_S1_wave1/710_S1_wave1_00001"},{"time":0.7333,"name":"EF/710_S1_wave1/710_S1_wave1_00002"},{"time":1.1666,"name":"EF/710_S1_wave1/710_S1_wave1_00000"},{"time":1.3,"name":"EF/710_S1_wave1/710_S1_wave1_00001"},{"time":1.4,"name":"EF/710_S1_wave1/710_S1_wave1_00002"}],"color":[{"time":0.5,"color":"ffffffbd"},{"time":0.5666,"color":"ffffffff","curve":"stepped"},{"time":0.8333,"color":"ffffffff"},{"time":0.9333,"color":"ffffff00","curve":"stepped"},{"time":1.1666,"color":"ffffff7d"},{"time":1.2333,"color":"ffffffff","curve":"stepped"},{"time":1.5,"color":"ffffffff"},{"time":1.6,"color":"ffffff00"}]},"EF/710_S1_wave1/710_S1_wave1_2":{"attachment":[{"time":0.0333,"name":"EF/710_S1_wave1/710_S1_wave1_00002"},{"time":0.0666,"name":"EF/710_S1_wave1/710_S1_wave1_00001"},{"time":0.1666,"name":"EF/710_S1_wave1/710_S1_wave1_00002"},{"time":0.6,"name":"EF/710_S1_wave1/710_S1_wave1_00000"},{"time":0.7333,"name":"EF/710_S1_wave1/710_S1_wave1_00001"},{"time":0.8333,"name":"EF/710_S1_wave1/710_S1_wave1_00002"}],"color":[{"time":0.0333,"color":"ffffff00"},{"time":0.1,"color":"ffffffff","curve":"stepped"},{"time":0.2666,"color":"ffffffff"},{"time":0.3666,"color":"ffffff00","curve":"stepped"},{"time":0.6,"color":"ffffff7d"},{"time":0.6666,"color":"ffffffff","curve":"stepped"},{"time":0.9333,"color":"ffffffff"},{"time":1.0333,"color":"ffffff00"}]}},"bones":{"710_S1_wave4":{"translate":[{"time":0.0333,"x":-217.56,"y":26.52},{"time":0.1666,"x":-254.69,"y":26.52},{"time":0.3666,"x":-310.39,"y":26.52},{"time":0.6,"x":-375.36,"y":26.52},{"time":0.8333,"x":-425.08,"y":26.52},{"time":0.9666,"x":-456.99,"y":26.52},{"time":1.0333,"x":-455.85,"y":26.52}],"scale":[{"time":0.0333,"x":2,"y":1.5,"curve":"stepped"},{"time":0.0666,"x":1.4,"y":1.3,"curve":"stepped"},{"time":0.1,"x":1.7,"y":1.4,"curve":"stepped"},{"time":0.1333,"x":2,"y":1.5,"curve":"stepped"},{"time":0.1666,"x":1.848,"y":1.25},{"time":0.3666,"x":2.466,"y":1.92,"curve":"stepped"},{"time":0.6,"x":2,"y":2,"curve":"stepped"},{"time":0.6333,"x":2.666,"y":2.333,"curve":"stepped"},{"time":0.6666,"x":3.333,"y":2.666,"curve":"stepped"},{"time":0.7,"x":2,"y":1.5,"curve":"stepped"},{"time":0.7333,"x":1.4,"y":1.3,"curve":"stepped"},{"time":0.7666,"x":1.7,"y":1.4,"curve":"stepped"},{"time":0.8,"x":2,"y":1.5,"curve":"stepped"},{"time":0.8333,"x":1.848,"y":1.25},{"time":1.0333,"x":2.466,"y":1.92}]},"710_S1_wave1":{"translate":[{"time":0.5,"x":-381.15,"y":41.93,"curve":"stepped"},{"time":0.6,"x":-381.15,"y":41.93},{"time":1.1666,"x":-541.2,"y":41.94},{"time":1.5333,"x":-601.2,"y":41.94}],"scale":[{"time":0.5,"x":2.666,"y":2.333,"curve":"stepped"},{"time":0.5333,"x":2.666,"y":2.333,"curve":"stepped"},{"time":0.5666,"x":3.333,"y":2.666,"curve":"stepped"},{"time":0.6,"x":4,"y":3,"curve":"stepped"},{"time":0.6333,"x":2.8,"y":2.6,"curve":"stepped"},{"time":0.6666,"x":3.4,"y":2.8,"curve":"stepped"},{"time":0.7,"x":4,"y":3,"curve":"stepped"},{"time":0.7333,"x":2.6,"y":2.5},{"time":0.9333,"x":3.675,"y":3.43,"curve":"stepped"},{"time":1.1666,"x":2,"y":2,"curve":"stepped"},{"time":1.2,"x":2.666,"y":2.333,"curve":"stepped"},{"time":1.2333,"x":3.333,"y":2.666,"curve":"stepped"},{"time":1.2666,"x":4,"y":3,"curve":"stepped"},{"time":1.3,"x":2.8,"y":2.6,"curve":"stepped"},{"time":1.3333,"x":3.4,"y":2.8,"curve":"stepped"},{"time":1.3666,"x":4,"y":3,"curve":"stepped"},{"time":1.4,"x":2.6,"y":2.5},{"time":1.6,"x":3.675,"y":3.43}]},"710_S1_wave3":{"translate":[{"time":0.5,"x":-381.15,"y":40.27,"curve":"stepped"},{"time":0.6,"x":-381.15,"y":40.28},{"time":1.1666,"x":-541.2,"y":40.28},{"time":1.5333,"x":-601.2,"y":40.28}],"scale":[{"time":0.5,"x":2.666,"y":2.333,"curve":"stepped"},{"time":0.5333,"x":2.666,"y":2.333,"curve":"stepped"},{"time":0.5666,"x":3.333,"y":2.666,"curve":"stepped"},{"time":0.6,"x":2,"y":1.5,"curve":"stepped"},{"time":0.6333,"x":1.4,"y":1.3,"curve":"stepped"},{"time":0.6666,"x":1.7,"y":1.4,"curve":"stepped"},{"time":0.7,"x":2,"y":1.5,"curve":"stepped"},{"time":0.7333,"x":1.848,"y":1.25},{"time":0.9333,"x":2.279,"y":1.774,"curve":"stepped"},{"time":1.1666,"x":2,"y":2,"curve":"stepped"},{"time":1.2,"x":2.666,"y":2.333,"curve":"stepped"},{"time":1.2333,"x":3.333,"y":2.666,"curve":"stepped"},{"time":1.2666,"x":2,"y":1.5,"curve":"stepped"},{"time":1.3,"x":1.4,"y":1.3,"curve":"stepped"},{"time":1.3333,"x":1.7,"y":1.4,"curve":"stepped"},{"time":1.3666,"x":2,"y":1.5,"curve":"stepped"},{"time":1.4,"x":1.848,"y":1.25},{"time":1.6,"x":2.279,"y":1.774}]},"310_S2_tornado2":{"translate":[{"time":0.5,"x":-378.22,"y":240.46,"curve":"stepped"},{"time":0.6,"x":-378.22,"y":240.4},{"time":1.1666,"x":-538.2,"y":240.4},{"time":1.5333,"x":-598.2,"y":240.4}],"scale":[{"time":0.5,"x":1.8,"y":1.8,"curve":"stepped"},{"time":0.7666,"x":1.8,"y":1.8,"curve":"stepped"},{"time":0.8333,"x":-1.8,"y":1.8,"curve":"stepped"},{"time":0.9,"x":1.8,"y":1.8,"curve":"stepped"},{"time":0.9666,"x":-1.8,"y":1.8,"curve":"stepped"},{"time":1.0333,"x":1.8,"y":1.8,"curve":"stepped"},{"time":1.1,"x":-1.8,"y":1.8,"curve":"stepped"},{"time":1.1666,"x":1.8,"y":1.8,"curve":"stepped"},{"time":1.2333,"x":-1.8,"y":1.8,"curve":"stepped"},{"time":1.3,"x":1.8,"y":1.8,"curve":"stepped"},{"time":1.3666,"x":-1.8,"y":1.8}]},"310_S2_tornado1":{"translate":[{"time":0.0333,"x":-222.79,"y":240},{"time":0.6,"x":-381.61,"y":240},{"time":0.9666,"x":-453.42,"y":240}],"scale":[{"time":0.2,"x":1.8,"y":1.8,"curve":"stepped"},{"time":0.2666,"x":-1.8,"y":1.8,"curve":"stepped"},{"time":0.3333,"x":1.8,"y":1.8,"curve":"stepped"},{"time":0.4,"x":-1.8,"y":1.8,"curve":"stepped"},{"time":0.4666,"x":1.8,"y":1.8,"curve":"stepped"},{"time":0.5333,"x":-1.8,"y":1.8,"curve":"stepped"},{"time":0.6,"x":1.8,"y":1.8,"curve":"stepped"},{"time":0.6666,"x":-1.8,"y":1.8,"curve":"stepped"},{"time":0.7333,"x":1.8,"y":1.8,"curve":"stepped"},{"time":0.8,"x":-1.8,"y":1.8}]},"710_S1_wave2":{"translate":[{"time":0.0666,"x":-217.56,"y":26.52},{"time":0.6,"x":-375.36,"y":26.52},{"time":0.9666,"x":-453.49,"y":26.52}],"scale":[{"time":0.0666,"x":2.8,"y":2.6,"curve":"stepped"},{"time":0.1,"x":3.4,"y":2.8,"curve":"stepped"},{"time":0.1333,"x":4,"y":3,"curve":"stepped"},{"time":0.1666,"x":2.6,"y":2.5},{"time":0.3666,"x":4.011,"y":3.856,"curve":"stepped"},{"time":0.6,"x":2,"y":2,"curve":"stepped"},{"time":0.6333,"x":2.666,"y":2.333,"curve":"stepped"},{"time":0.6666,"x":3.333,"y":2.666,"curve":"stepped"},{"time":0.7,"x":4,"y":3,"curve":"stepped"},{"time":0.7333,"x":2.8,"y":2.6,"curve":"stepped"},{"time":0.7666,"x":3.4,"y":2.8,"curve":"stepped"},{"time":0.8,"x":4,"y":3,"curve":"stepped"},{"time":0.8333,"x":2.6,"y":2.5},{"time":1.0333,"x":4.011,"y":3.856}]},"MAIN":{"translate":[{"time":0,"x":161,"y":0}],"scale":[{"time":0,"x":0.5,"y":0.5}]},"EFTornado2":{"translate":[{"time":0,"x":128,"y":-72}]},"DAMAGEAREA":{"translate":[{"time":0.0333,"x":57.8,"y":122.7},{"time":0.4333,"x":1.5,"y":122.7},{"time":1.3333,"x":-56.7,"y":122.7}],"scale":[{"time":0.0333,"x":0.716,"y":1.093,"curve":"stepped"},{"time":0.5,"x":0.94,"y":1.393},{"time":1.1333,"x":0.612,"y":1.393}]},"bone":{"translate":[{"time":0.5,"x":-379.61,"y":41.17}],"scale":[{"time":0.5,"x":3.264,"y":3.264}]},"bone2":{"translate":[{"time":0.0333,"x":-217.85,"y":26.49},{"time":0.2333,"x":-273.52,"y":26.49}],"scale":[{"time":0.0333,"x":2.758,"y":2.758}]}},"events":[{"time":0,"name":"EFEvent","string":"setPosition_Target"},{"time":0,"name":"Sound1","string":"cri_se_battle_storm"},{"time":0.0333,"name":"EFEvent","string":"setHitBackEnemy(5,0)"},{"time":0.0333,"name":"Sound2","string":"setHitSound(se_battle_explosion_water_02)"},{"time":0.0666,"name":"EFEvent","string":"setHitEffect(hit08b,1)"},{"time":0.2,"name":"EFHit","string":"resetHitList"},{"time":0.3666,"name":"EFHit","string":"resetHitList"},{"time":0.5333,"name":"EFHit","string":"resetHitList"},{"time":0.5333,"name":"Sound1","string":"cri_se_battle_storm"},{"time":0.7,"name":"EFHit","string":"resetHitList"},{"time":0.8666,"name":"EFHit","string":"resetHitList"},{"time":1.0333,"name":"EFHit","string":"resetHitList"},{"time":1.2,"name":"EFHit","string":"resetHitList"},{"time":1.3666,"name":"EFHit","string":"resetHitList"}]}}}