{"skeleton":{"hash":"V/TBJ+WiWmgdAyJd8W6TM7seNoo","spine":"3.0.12","width":0,"height":0},"bones":[{"name":"root"},{"name":"blure6","parent":"root","x":73.72,"y":64.89},{"name":"blure5","parent":"root","x":73.72,"y":64.89},{"name":"blure4","parent":"root","x":73.72,"y":64.89},{"name":"blure3","parent":"root","x":73.72,"y":64.89},{"name":"blure2","parent":"root","x":73.72,"y":64.89},{"name":"blure","parent":"root","x":73.72,"y":64.89},{"name":"MAIN","parent":"root","y":65.24},{"name":"SHADOW-OFFSET","parent":"MAIN","y":-65.24},{"name":"HITBOX","parent":"MAIN","y":-65.24},{"name":"EF_wave1_2","parent":"root","x":200,"y":150},{"name":"EF_wave1_1","parent":"root","x":200,"y":150},{"name":"EF_shot2","parent":"root","x":150,"y":150},{"name":"EF_shot1","parent":"root","x":150,"y":150},{"name":"EF_rotwave1_1","parent":"root","x":150},{"name":"EF_charge1_1","parent":"root","x":300,"y":150},{"name":"EF_cartridge2","parent":"root","x":20},{"name":"EF_cartridge","parent":"root"},{"name":"EF_Spin1","parent":"root","x":150,"y":50},{"name":"DAMAGEAREA","parent":"root"},{"name":"spin_gun1","parent":"MAIN","x":21.63,"y":-6.03},{"name":"wave","parent":"MAIN","x":-23.87,"y":-65.24,"scaleX":1.498,"scaleY":1.498},{"name":"wave2","parent":"MAIN","x":-23.87,"y":-65.24,"scaleX":1.498,"scaleY":1.498},{"name":"wave3","parent":"MAIN","x":-23.87,"y":-65.24,"scaleX":1.498,"scaleY":1.498}],"slots":[{"name":"EF/wave_ground/740_S1_wave1_00003","bone":"wave","blend":"additive"},{"name":"EF/wave_ground/740_S1_wave1_3","bone":"wave2","blend":"additive"},{"name":"EF/wave_ground/740_S1_wave1_4","bone":"wave3","blend":"additive"},{"name":"EF_rotwave1_1","bone":"EF_rotwave1_1","blend":"additive"},{"name":"spin2","bone":"spin_gun1"},{"name":"MAIN","bone":"MAIN","attachment":"idle01"},{"name":"spin","bone":"spin_gun1"},{"name":"blure","bone":"blure"},{"name":"blure2","bone":"blure2"},{"name":"blure3","bone":"blure3"},{"name":"blure4","bone":"blure4"},{"name":"blure5","bone":"blure5"},{"name":"blure6","bone":"blure6"},{"name":"DAMAGEAREA","bone":"DAMAGEAREA"},{"name":"HITBOX","bone":"HITBOX","attachment":"HITBOX"},{"name":"EF_shot1","bone":"EF_shot1","blend":"additive"},{"name":"EF_shot2","bone":"EF_shot2","blend":"additive"},{"name":"EF_wave1_1","bone":"EF_wave1_1","blend":"additive"},{"name":"EF_wave1_2","bone":"EF_wave1_2","blend":"additive"},{"name":"EF_charge1_1","bone":"EF_charge1_1","blend":"additive"},{"name":"EF/EF_skill2_01","bone":"EF_Spin1","blend":"additive"},{"name":"EF/Cartridge","bone":"EF_cartridge"},{"name":"EF/Cartridge2","bone":"EF_cartridge2"}],"skins":{"default":{"DAMAGEAREA":{"DAMAGEAREA":{"type":"boundingbox","vertices":[-98.66643,97.3742,-98.66643,-96.8338,98.22955,-98.1778,97.55752,97.3742]}},"EF/Cartridge":{"EF/Cartridge":{"width":64,"height":64}},"EF/Cartridge2":{"EF/Cartridge":{"width":64,"height":64}},"EF/EF_skill2_01":{"EF/EF_skill2_01":{"width":178,"height":136},"EF/EF_skill2_02":{"width":178,"height":136}},"EF/wave_ground/740_S1_wave1_00003":{"EF/wave_ground/740_S1_wave1_00003":{"y":8.65,"width":250,"height":250},"EF/wave_ground/740_S1_wave1_00004":{"y":8.65,"width":250,"height":250},"EF/wave_ground/740_S1_wave1_00005":{"y":8.65,"width":250,"height":250},"EF/wave_ground/740_S1_wave1_00006":{"y":8.65,"width":250,"height":250},"EF/wave_ground/740_S1_wave1_00007":{"y":8.65,"width":250,"height":250},"EF/wave_ground/740_S1_wave1_00008":{"y":8.65,"width":250,"height":250},"EF/wave_ground/740_S1_wave1_00009":{"y":8.65,"width":250,"height":250},"EF/wave_ground/740_S1_wave1_00010":{"y":8.65,"width":250,"height":250}},"EF/wave_ground/740_S1_wave1_3":{"EF/wave_ground/740_S1_wave1_00003":{"y":8.65,"width":250,"height":250},"EF/wave_ground/740_S1_wave1_00004":{"y":8.65,"width":250,"height":250},"EF/wave_ground/740_S1_wave1_00005":{"y":8.65,"width":250,"height":250},"EF/wave_ground/740_S1_wave1_00006":{"y":8.65,"width":250,"height":250},"EF/wave_ground/740_S1_wave1_00007":{"y":8.65,"width":250,"height":250},"EF/wave_ground/740_S1_wave1_00008":{"y":8.65,"width":250,"height":250},"EF/wave_ground/740_S1_wave1_00009":{"y":8.65,"width":250,"height":250},"EF/wave_ground/740_S1_wave1_00010":{"y":8.65,"width":250,"height":250}},"EF/wave_ground/740_S1_wave1_4":{"EF/wave_ground/740_S1_wave1_00003":{"y":8.65,"width":250,"height":250},"EF/wave_ground/740_S1_wave1_00004":{"y":8.65,"width":250,"height":250},"EF/wave_ground/740_S1_wave1_00005":{"y":8.65,"width":250,"height":250},"EF/wave_ground/740_S1_wave1_00006":{"y":8.65,"width":250,"height":250},"EF/wave_ground/740_S1_wave1_00007":{"y":8.65,"width":250,"height":250},"EF/wave_ground/740_S1_wave1_00008":{"y":8.65,"width":250,"height":250},"EF/wave_ground/740_S1_wave1_00009":{"y":8.65,"width":250,"height":250},"EF/wave_ground/740_S1_wave1_00010":{"y":8.65,"width":250,"height":250}},"EF_charge1_1":{"EF/EF_charge1/130_S1_shine2_00038":{"width":250,"height":250},"EF/EF_charge1/130_S1_shine2_00039":{"width":250,"height":250},"EF/EF_charge1/130_S1_shine2_00040":{"width":250,"height":250},"EF/EF_charge1/130_S1_shine2_00041":{"width":250,"height":250},"EF/EF_charge1/130_S1_shine2_00042":{"width":250,"height":250},"EF/EF_charge1/130_S1_shine2_00043":{"width":250,"height":250},"EF/EF_charge1/130_S1_shine2_00044":{"width":250,"height":250},"EF/EF_charge1/130_S1_shine2_00045":{"width":250,"height":250},"EF/EF_charge1/130_S1_shine2_00046":{"width":250,"height":250},"EF/EF_charge1/130_S1_shine2_00047":{"width":250,"height":250},"EF/EF_charge1/130_S1_shine2_00048":{"width":250,"height":250}},"EF_rotwave1_1":{"EF/ef_rot_wave_main/ef_rot_wave_main_00001":{"y":9.39,"width":200,"height":100},"EF/ef_rot_wave_main/ef_rot_wave_main_00003":{"y":9.39,"width":200,"height":100},"EF/ef_rot_wave_main/ef_rot_wave_main_00005":{"y":9.39,"width":200,"height":100},"EF/ef_rot_wave_main/ef_rot_wave_main_00006":{"y":9.39,"width":200,"height":100},"EF/ef_rot_wave_main/ef_rot_wave_main_00008":{"y":9.39,"width":200,"height":100},"EF/ef_rot_wave_main/ef_rot_wave_main_00010":{"y":9.39,"width":200,"height":100},"EF/ef_rot_wave_main/ef_rot_wave_main_00011":{"y":9.39,"width":200,"height":100},"EF/ef_rot_wave_main/ef_rot_wave_main_00013":{"y":9.39,"width":200,"height":100}},"EF_shot1":{"EF/shot/340_S1_shot1_00000":{"x":-29.9,"width":150,"height":150},"EF/shot/340_S1_shot1_00001":{"x":-29.9,"width":150,"height":150},"EF/shot/340_S1_shot1_00002":{"x":-29.9,"width":150,"height":150},"EF/shot/340_S1_shot1_00003":{"x":-29.9,"width":150,"height":150},"EF/shot/340_S1_shot1_00004":{"x":-29.9,"width":150,"height":150},"EF/shot/340_S1_shot1_00005":{"x":-29.9,"width":150,"height":150},"EF/shot/340_S1_shot1_00006":{"x":-29.9,"width":150,"height":150},"EF/shot/340_S1_shot1_00007":{"x":-29.9,"width":150,"height":150},"EF/shot/340_S1_shot1_00008":{"x":-29.9,"width":150,"height":150}},"EF_shot2":{"EF/shot/340_S1_shot1_00000":{"x":-29.9,"width":150,"height":150},"EF/shot/340_S1_shot1_00001":{"x":-29.9,"width":150,"height":150},"EF/shot/340_S1_shot1_00002":{"x":-29.9,"width":150,"height":150},"EF/shot/340_S1_shot1_00003":{"x":-29.9,"width":150,"height":150},"EF/shot/340_S1_shot1_00004":{"x":-29.9,"width":150,"height":150},"EF/shot/340_S1_shot1_00005":{"x":-29.9,"width":150,"height":150},"EF/shot/340_S1_shot1_00006":{"x":-29.9,"width":150,"height":150},"EF/shot/340_S1_shot1_00007":{"x":-29.9,"width":150,"height":150},"EF/shot/340_S1_shot1_00008":{"x":-29.9,"width":150,"height":150}},"EF_wave1_1":{"EF/wave_air/9100_A5D_attack4_00001":{"scaleX":-1,"width":250,"height":250},"EF/wave_air/9100_A5D_attack4_00002":{"scaleX":-1,"width":250,"height":250},"EF/wave_air/9100_A5D_attack4_00003":{"scaleX":-1,"width":250,"height":250},"EF/wave_air/9100_A5D_attack4_00004":{"scaleX":-1,"width":250,"height":250}},"EF_wave1_2":{"EF/wave_air/9100_A5D_attack4_00001":{"scaleX":-1,"width":250,"height":250},"EF/wave_air/9100_A5D_attack4_00002":{"scaleX":-1,"width":250,"height":250},"EF/wave_air/9100_A5D_attack4_00003":{"scaleX":-1,"width":250,"height":250},"EF/wave_air/9100_A5D_attack4_00004":{"scaleX":-1,"width":250,"height":250}},"HITBOX":{"HITBOX":{"type":"boundingbox","vertices":[-47.16439,121.24018,-47.16439,3.43224,36.41556,2.23824,36.81355,121.63817]}},"MAIN":{"attack01":{"x":-20,"y":32.29,"width":400,"height":268},"attack02":{"x":-20,"y":32.29,"width":400,"height":268},"attack03":{"x":-20,"y":32.29,"width":400,"height":268},"attack04":{"x":-20,"y":32.29,"width":400,"height":268},"attack05":{"x":-20,"y":32.29,"width":400,"height":268},"attack06":{"x":35.63,"y":34.48,"width":400,"height":268},"attack07":{"x":35.38,"y":34.48,"width":400,"height":268},"attack08":{"x":31.77,"y":34.85,"width":400,"height":268},"attack09":{"x":32.56,"y":34.85,"width":400,"height":268},"attack010":{"x":37.82,"y":34.91,"width":400,"height":268},"back":{"x":-11.14,"y":20.22,"width":300,"height":268},"damage":{"x":-8.01,"y":12.23,"width":300,"height":268},"front":{"x":22.78,"y":19.02,"width":300,"height":268},"idle01":{"x":-19.97,"y":32.31,"width":300,"height":268},"idle02":{"x":-19.97,"y":32.31,"width":300,"height":268},"idle03":{"x":-19.97,"y":32.31,"width":300,"height":268},"idle04":{"x":-19.97,"y":32.31,"width":300,"height":268},"idle05":{"x":-19.97,"y":32.31,"width":300,"height":268},"skill1_01":{"x":35.04,"y":28.19,"width":300,"height":268},"skill1_02":{"x":43.31,"y":28.91,"width":300,"height":268},"skill1_03":{"x":47.25,"y":28.91,"width":300,"height":268},"skill1_04":{"x":43.31,"y":28.91,"width":300,"height":268},"skill1_05":{"x":47.25,"y":28.91,"width":300,"height":268},"skill1_06":{"x":43.31,"y":28.91,"width":300,"height":268},"skill1_07":{"x":41.26,"y":28.91,"width":300,"height":268},"skill2_01":{"x":2.96,"y":82.3,"width":400,"height":368},"skill2_02":{"x":-1.06,"y":82.3,"width":400,"height":368},"skill2_03":{"x":-21.6,"y":82.3,"width":400,"height":368},"skill2_04":{"x":-17.46,"y":82.3,"width":400,"height":368},"skill3_00":{"x":22.79,"y":19.01,"width":300,"height":268},"skill3_01":{"x":22.79,"y":19.01,"width":300,"height":268},"skill3_02":{"x":22.79,"y":19.01,"width":300,"height":268},"skill3_03":{"x":22.79,"y":19.01,"width":300,"height":268},"skill3_04":{"x":-11.14,"y":20.22,"width":300,"height":268},"skill3_05":{"x":-1.05,"y":82.25,"width":400,"height":368},"skill3_06":{"x":-1.05,"y":82.25,"width":400,"height":368},"skill3_07":{"x":-1.05,"y":82.25,"width":400,"height":368},"skill3_08":{"x":-1.05,"y":82.25,"width":400,"height":368},"skill3_09":{"x":-1.05,"y":82.25,"width":400,"height":368},"skill3_10":{"x":-1.05,"y":82.25,"width":400,"height":368},"skill3_11":{"x":-1.05,"y":82.25,"width":400,"height":368},"skill3_12":{"x":-1.05,"y":82.25,"width":400,"height":368}},"blure":{"attack01":{"x":-20,"y":32.63,"width":400,"height":268},"attack02":{"x":-20,"y":32.63,"width":400,"height":268},"attack03":{"x":-20,"y":32.63,"width":400,"height":268},"attack04":{"x":-20,"y":32.63,"width":400,"height":268},"attack05":{"x":-20,"y":32.63,"width":400,"height":268},"attack06":{"x":35.63,"y":34.83,"width":400,"height":268},"attack07":{"x":35.38,"y":34.83,"width":400,"height":268},"attack08":{"x":31.77,"y":35.19,"width":400,"height":268},"attack09":{"x":32.56,"y":35.19,"width":400,"height":268},"attack010":{"x":37.82,"y":35.26,"width":400,"height":268},"back":{"x":-11.14,"y":20.57,"width":300,"height":268},"damage":{"x":-8.01,"y":12.58,"width":300,"height":268},"front":{"x":22.78,"y":19.36,"width":300,"height":268},"idle01":{"x":-19.97,"y":32.66,"width":300,"height":268},"idle02":{"x":-19.97,"y":32.66,"width":300,"height":268},"idle03":{"x":-19.97,"y":32.66,"width":300,"height":268},"idle04":{"x":-19.97,"y":32.66,"width":300,"height":268},"idle05":{"x":-19.97,"y":32.66,"width":300,"height":268},"skill1_01":{"x":35.04,"y":28.54,"width":300,"height":268},"skill1_02":{"x":43.31,"y":29.26,"width":300,"height":268},"skill1_03":{"x":47.25,"y":29.26,"width":300,"height":268},"skill1_04":{"x":43.31,"y":29.26,"width":300,"height":268},"skill1_05":{"x":47.25,"y":29.26,"width":300,"height":268},"skill1_06":{"x":47.28,"y":29.26,"width":300,"height":268},"skill1_07":{"x":41.26,"y":29.26,"width":300,"height":268},"skill2_01":{"x":2.96,"y":82.64,"width":400,"height":368},"skill2_02":{"x":-1.06,"y":82.64,"width":400,"height":368},"skill2_03":{"x":-21.6,"y":82.64,"width":400,"height":368},"skill2_04":{"x":-17.46,"y":82.64,"width":400,"height":368},"skill3_01":{"x":22.79,"y":19.36,"width":300,"height":268},"skill3_02":{"x":22.79,"y":19.36,"width":300,"height":268},"skill3_03":{"x":22.79,"y":19.36,"width":300,"height":268}},"blure2":{"attack01":{"x":-20,"y":32.63,"width":400,"height":268},"attack02":{"x":-20,"y":32.63,"width":400,"height":268},"attack03":{"x":-20,"y":32.63,"width":400,"height":268},"attack04":{"x":-20,"y":32.63,"width":400,"height":268},"attack05":{"x":-20,"y":32.63,"width":400,"height":268},"attack06":{"x":35.63,"y":34.83,"width":400,"height":268},"attack07":{"x":35.38,"y":34.83,"width":400,"height":268},"attack08":{"x":31.77,"y":35.19,"width":400,"height":268},"attack09":{"x":32.56,"y":35.19,"width":400,"height":268},"attack010":{"x":37.82,"y":35.26,"width":400,"height":268},"back":{"x":-11.14,"y":20.57,"width":300,"height":268},"damage":{"x":-8.01,"y":12.58,"width":300,"height":268},"front":{"x":22.78,"y":19.36,"width":300,"height":268},"idle01":{"x":-19.97,"y":32.66,"width":300,"height":268},"idle02":{"x":-19.97,"y":32.66,"width":300,"height":268},"idle03":{"x":-19.97,"y":32.66,"width":300,"height":268},"idle04":{"x":-19.97,"y":32.66,"width":300,"height":268},"idle05":{"x":-19.97,"y":32.66,"width":300,"height":268},"skill1_01":{"x":35.04,"y":28.54,"width":300,"height":268},"skill1_02":{"x":43.31,"y":29.26,"width":300,"height":268},"skill1_03":{"x":47.25,"y":29.26,"width":300,"height":268},"skill1_04":{"x":43.31,"y":29.26,"width":300,"height":268},"skill1_05":{"x":47.25,"y":29.26,"width":300,"height":268},"skill1_06":{"x":47.25,"y":29.26,"width":300,"height":268},"skill1_07":{"x":41.26,"y":29.26,"width":300,"height":268},"skill2_01":{"x":2.96,"y":82.64,"width":400,"height":368},"skill2_02":{"x":-1.06,"y":82.64,"width":400,"height":368},"skill2_03":{"x":-21.6,"y":82.64,"width":400,"height":368},"skill2_04":{"x":-17.46,"y":82.64,"width":400,"height":368},"skill3_01":{"x":22.79,"y":19.36,"width":300,"height":268},"skill3_02":{"x":22.79,"y":19.36,"width":300,"height":268},"skill3_03":{"x":22.79,"y":19.36,"width":300,"height":268}},"blure3":{"attack01":{"x":-20,"y":32.63,"width":400,"height":268},"attack02":{"x":-20,"y":32.63,"width":400,"height":268},"attack03":{"x":-20,"y":32.63,"width":400,"height":268},"attack04":{"x":-20,"y":32.63,"width":400,"height":268},"attack05":{"x":-20,"y":32.63,"width":400,"height":268},"attack06":{"x":35.63,"y":34.83,"width":400,"height":268},"attack07":{"x":35.38,"y":34.83,"width":400,"height":268},"attack08":{"x":31.77,"y":35.19,"width":400,"height":268},"attack09":{"x":32.56,"y":35.19,"width":400,"height":268},"attack010":{"x":37.82,"y":35.26,"width":400,"height":268},"back":{"x":-11.14,"y":20.57,"width":300,"height":268},"damage":{"x":-8.01,"y":12.58,"width":300,"height":268},"front":{"x":22.78,"y":19.36,"width":300,"height":268},"idle01":{"x":-19.97,"y":32.66,"width":300,"height":268},"idle02":{"x":-19.97,"y":32.66,"width":300,"height":268},"idle03":{"x":-19.97,"y":32.66,"width":300,"height":268},"idle04":{"x":-19.97,"y":32.66,"width":300,"height":268},"idle05":{"x":-19.97,"y":32.66,"width":300,"height":268},"skill1_01":{"x":35.04,"y":28.54,"width":300,"height":268},"skill1_02":{"x":43.31,"y":29.26,"width":300,"height":268},"skill1_03":{"x":47.25,"y":29.26,"width":300,"height":268},"skill1_04":{"x":43.31,"y":29.26,"width":300,"height":268},"skill1_05":{"x":47.25,"y":29.26,"width":300,"height":268},"skill1_06":{"x":47.25,"y":29.26,"width":300,"height":268},"skill1_07":{"x":41.26,"y":29.26,"width":300,"height":268},"skill2_01":{"x":2.96,"y":82.64,"width":400,"height":368},"skill2_02":{"x":-1.06,"y":82.64,"width":400,"height":368},"skill2_03":{"x":-21.6,"y":82.64,"width":400,"height":368},"skill2_04":{"x":-17.46,"y":82.64,"width":400,"height":368},"skill3_01":{"x":22.79,"y":19.36,"width":300,"height":268},"skill3_02":{"x":22.79,"y":19.36,"width":300,"height":268},"skill3_03":{"x":22.79,"y":19.36,"width":300,"height":268}},"blure4":{"attack01":{"x":-20,"y":32.63,"width":400,"height":268},"attack02":{"x":-20,"y":32.63,"width":400,"height":268},"attack03":{"x":-20,"y":32.63,"width":400,"height":268},"attack04":{"x":-20,"y":32.63,"width":400,"height":268},"attack05":{"x":-20,"y":32.63,"width":400,"height":268},"attack06":{"x":35.63,"y":34.83,"width":400,"height":268},"attack07":{"x":35.38,"y":34.83,"width":400,"height":268},"attack08":{"x":31.77,"y":35.19,"width":400,"height":268},"attack09":{"x":32.56,"y":35.19,"width":400,"height":268},"attack010":{"x":37.82,"y":35.26,"width":400,"height":268},"back":{"x":-11.14,"y":20.57,"width":300,"height":268},"damage":{"x":-8.01,"y":12.58,"width":300,"height":268},"front":{"x":22.78,"y":19.36,"width":300,"height":268},"idle01":{"x":-19.97,"y":32.66,"width":300,"height":268},"idle02":{"x":-19.97,"y":32.66,"width":300,"height":268},"idle03":{"x":-19.97,"y":32.66,"width":300,"height":268},"idle04":{"x":-19.97,"y":32.66,"width":300,"height":268},"idle05":{"x":-19.97,"y":32.66,"width":300,"height":268},"skill1_01":{"x":35.04,"y":28.54,"width":300,"height":268},"skill1_02":{"x":43.31,"y":29.26,"width":300,"height":268},"skill1_03":{"x":47.25,"y":29.26,"width":300,"height":268},"skill1_04":{"x":43.31,"y":29.26,"width":300,"height":268},"skill1_05":{"x":47.25,"y":29.26,"width":300,"height":268},"skill1_06":{"x":47.25,"y":29.26,"width":300,"height":268},"skill1_07":{"x":41.26,"y":29.26,"width":300,"height":268},"skill2_01":{"x":2.96,"y":82.64,"width":400,"height":368},"skill2_02":{"x":-1.06,"y":82.64,"width":400,"height":368},"skill2_03":{"x":-21.6,"y":82.64,"width":400,"height":368},"skill2_04":{"x":-17.46,"y":82.64,"width":400,"height":368},"skill3_01":{"x":22.79,"y":19.36,"width":300,"height":268},"skill3_02":{"x":22.79,"y":19.36,"width":300,"height":268},"skill3_03":{"x":22.79,"y":19.36,"width":300,"height":268}},"blure5":{"attack01":{"x":-20,"y":32.63,"width":400,"height":268},"attack02":{"x":-20,"y":32.63,"width":400,"height":268},"attack03":{"x":-20,"y":32.63,"width":400,"height":268},"attack04":{"x":-20,"y":32.63,"width":400,"height":268},"attack05":{"x":-20,"y":32.63,"width":400,"height":268},"attack06":{"x":35.63,"y":34.83,"width":400,"height":268},"attack07":{"x":35.38,"y":34.83,"width":400,"height":268},"attack08":{"x":31.77,"y":35.19,"width":400,"height":268},"attack09":{"x":32.56,"y":35.19,"width":400,"height":268},"attack010":{"x":37.82,"y":35.26,"width":400,"height":268},"back":{"x":-11.14,"y":20.57,"width":300,"height":268},"damage":{"x":-8.01,"y":12.58,"width":300,"height":268},"front":{"x":22.78,"y":19.36,"width":300,"height":268},"idle01":{"x":-19.97,"y":32.66,"width":300,"height":268},"idle02":{"x":-19.97,"y":32.66,"width":300,"height":268},"idle03":{"x":-19.97,"y":32.66,"width":300,"height":268},"idle04":{"x":-19.97,"y":32.66,"width":300,"height":268},"idle05":{"x":-19.97,"y":32.66,"width":300,"height":268},"skill1_01":{"x":35.04,"y":28.54,"width":300,"height":268},"skill1_02":{"x":43.31,"y":29.26,"width":300,"height":268},"skill1_03":{"x":47.25,"y":29.26,"width":300,"height":268},"skill1_04":{"x":43.31,"y":29.26,"width":300,"height":268},"skill1_05":{"x":47.25,"y":29.26,"width":300,"height":268},"skill1_06":{"x":47.25,"y":29.26,"width":300,"height":268},"skill1_07":{"x":41.26,"y":29.26,"width":300,"height":268},"skill2_01":{"x":2.96,"y":82.64,"width":400,"height":368},"skill2_02":{"x":-1.06,"y":82.64,"width":400,"height":368},"skill2_03":{"x":-21.6,"y":82.64,"width":400,"height":368},"skill2_04":{"x":-17.46,"y":82.64,"width":400,"height":368},"skill3_01":{"x":22.79,"y":19.36,"width":300,"height":268},"skill3_02":{"x":22.79,"y":19.36,"width":300,"height":268},"skill3_03":{"x":22.79,"y":19.36,"width":300,"height":268}},"blure6":{"attack01":{"x":-20,"y":32.63,"width":400,"height":268},"attack02":{"x":-20,"y":32.63,"width":400,"height":268},"attack03":{"x":-20,"y":32.63,"width":400,"height":268},"attack04":{"x":-20,"y":32.63,"width":400,"height":268},"attack05":{"x":-20,"y":32.63,"width":400,"height":268},"attack06":{"x":35.63,"y":34.83,"width":400,"height":268},"attack07":{"x":35.38,"y":34.83,"width":400,"height":268},"attack08":{"x":31.77,"y":35.19,"width":400,"height":268},"attack09":{"x":32.56,"y":35.19,"width":400,"height":268},"attack010":{"x":37.82,"y":35.26,"width":400,"height":268},"back":{"x":-11.14,"y":20.57,"width":300,"height":268},"damage":{"x":-8.01,"y":12.58,"width":300,"height":268},"front":{"x":22.78,"y":19.36,"width":300,"height":268},"idle01":{"x":-19.97,"y":32.66,"width":300,"height":268},"idle02":{"x":-19.97,"y":32.66,"width":300,"height":268},"idle03":{"x":-19.97,"y":32.66,"width":300,"height":268},"idle04":{"x":-19.97,"y":32.66,"width":300,"height":268},"idle05":{"x":-19.97,"y":32.66,"width":300,"height":268},"skill1_01":{"x":35.04,"y":28.54,"width":300,"height":268},"skill1_02":{"x":43.31,"y":29.26,"width":300,"height":268},"skill1_03":{"x":47.25,"y":29.26,"width":300,"height":268},"skill1_04":{"x":43.31,"y":29.26,"width":300,"height":268},"skill1_05":{"x":47.25,"y":29.26,"width":300,"height":268},"skill1_06":{"x":47.25,"y":29.26,"width":300,"height":268},"skill1_07":{"x":41.26,"y":29.26,"width":300,"height":268},"skill2_01":{"x":2.96,"y":82.64,"width":400,"height":368},"skill2_02":{"x":-1.06,"y":82.64,"width":400,"height":368},"skill2_03":{"x":-21.6,"y":82.64,"width":400,"height":368},"skill2_04":{"x":-17.46,"y":82.64,"width":400,"height":368},"skill3_01":{"x":22.79,"y":19.36,"width":300,"height":268},"skill3_02":{"x":22.79,"y":19.36,"width":300,"height":268},"skill3_03":{"x":22.79,"y":19.36,"width":300,"height":268}},"spin":{"spin":{"x":-2.68,"y":-4.46,"width":128,"height":128}},"spin2":{"spin":{"x":-2.68,"y":-4.46,"width":128,"height":128}}}},"events":{"Especial":{},"Event":{},"Hit":{},"Sound1":{},"Sound2":{},"Sound3":{},"Voice":{},"efEvent":{},"efEvent2":{}},"animations":{"Reload":{"slots":{"EF/Cartridge":{"attachment":[{"time":0.5,"name":"EF/Cartridge"}],"color":[{"time":0.7666,"color":"ffffffff"},{"time":0.9666,"color":"ffffff00"}]},"EF/Cartridge2":{"attachment":[{"time":0.4666,"name":"EF/Cartridge"}],"color":[{"time":0.7333,"color":"ffffffff"},{"time":0.9333,"color":"ffffff00"}]},"EF/EF_skill2_01":{"attachment":[{"time":0.0666,"name":"EF/EF_skill2_01"},{"time":0.1,"name":"EF/EF_skill2_02"},{"time":0.1333,"name":"EF/EF_skill2_01"},{"time":0.1666,"name":"EF/EF_skill2_02"},{"time":0.2,"name":"EF/EF_skill2_01"},{"time":0.2333,"name":"EF/EF_skill2_02"},{"time":0.2666,"name":"EF/EF_skill2_01"},{"time":0.3,"name":"EF/EF_skill2_02"},{"time":0.3333,"name":"EF/EF_skill2_01"},{"time":0.3666,"name":null}]},"EF_charge1_1":{"attachment":[{"time":0.6333,"name":"EF/EF_charge1/130_S1_shine2_00038"},{"time":0.6666,"name":"EF/EF_charge1/130_S1_shine2_00039"},{"time":0.7,"name":"EF/EF_charge1/130_S1_shine2_00040"},{"time":0.7333,"name":"EF/EF_charge1/130_S1_shine2_00041"},{"time":0.7666,"name":"EF/EF_charge1/130_S1_shine2_00042"},{"time":0.8,"name":"EF/EF_charge1/130_S1_shine2_00043"},{"time":0.8333,"name":"EF/EF_charge1/130_S1_shine2_00044"},{"time":0.8666,"name":"EF/EF_charge1/130_S1_shine2_00045"},{"time":0.9,"name":"EF/EF_charge1/130_S1_shine2_00046"},{"time":0.9333,"name":"EF/EF_charge1/130_S1_shine2_00047"},{"time":0.9666,"name":"EF/EF_charge1/130_S1_shine2_00048"},{"time":1,"name":null}],"color":[{"time":0.8333,"color":"ffffffff"},{"time":1,"color":"ffffff00"}]},"EF_rotwave1_1":{"attachment":[{"time":0.6333,"name":"EF/ef_rot_wave_main/ef_rot_wave_main_00001"},{"time":0.6666,"name":"EF/ef_rot_wave_main/ef_rot_wave_main_00003"},{"time":0.7,"name":"EF/ef_rot_wave_main/ef_rot_wave_main_00005"},{"time":0.7333,"name":"EF/ef_rot_wave_main/ef_rot_wave_main_00006"},{"time":0.7666,"name":"EF/ef_rot_wave_main/ef_rot_wave_main_00008"},{"time":0.8,"name":"EF/ef_rot_wave_main/ef_rot_wave_main_00010"},{"time":0.8333,"name":"EF/ef_rot_wave_main/ef_rot_wave_main_00011"},{"time":0.8666,"name":"EF/ef_rot_wave_main/ef_rot_wave_main_00013"},{"time":0.9,"name":null}]},"MAIN":{"attachment":[{"time":0,"name":"idle01"},{"time":0.0666,"name":"skill3_12"},{"time":0.1666,"name":"skill3_06"},{"time":0.2666,"name":"skill3_07"},{"time":0.3,"name":"skill3_09"},{"time":0.3666,"name":"skill3_11"},{"time":0.4333,"name":"skill3_10"},{"time":1,"name":"idle01"}]},"spin":{"attachment":[{"time":0.0666,"name":"spin"},{"time":0.4,"name":null}]},"spin2":{"attachment":[{"time":0.0666,"name":"spin"},{"time":0.4,"name":null}]}},"bones":{"MAIN":{"translate":[{"time":0,"x":21.89,"y":0,"curve":"stepped"},{"time":0.0666,"x":21.89,"y":0}]},"spin_gun1":{"rotate":[{"time":0,"angle":-153.96},{"time":0.0666,"angle":-5.72},{"time":0.1333,"angle":-136.09},{"time":0.2,"angle":46.35},{"time":0.2666,"angle":-54.78},{"time":0.3333,"angle":-153.96}],"translate":[{"time":0,"x":-20.17,"y":75.27},{"time":0.0666,"x":-68.28,"y":-4.65},{"time":0.1666,"x":-81.48,"y":38.79},{"time":0.2666,"x":-81.48,"y":51.21},{"time":0.3333,"x":-20.17,"y":75.27}]},"EF_cartridge":{"rotate":[{"time":0.5,"angle":21.95},{"time":0.7,"angle":-110.65},{"time":0.9,"angle":-141.44},{"time":0.9666,"angle":-163.49}],"translate":[{"time":0.5,"x":30.53,"y":86.67},{"time":0.6333,"x":65.99,"y":47.27},{"time":0.7,"x":80.77,"y":5.9},{"time":0.7666,"x":86.68,"y":13.78},{"time":0.9,"x":94.14,"y":5.58},{"time":0.9666,"x":106.82,"y":11.55}]},"EF_cartridge2":{"rotate":[{"time":0.4666,"angle":21.95},{"time":0.6666,"angle":-110.65},{"time":0.8666,"angle":-141.44},{"time":0.9333,"angle":-163.49}],"translate":[{"time":0.4666,"x":30.53,"y":86.67},{"time":0.6,"x":65.99,"y":47.27},{"time":0.6666,"x":80.77,"y":5.9},{"time":0.7333,"x":86.68,"y":13.78},{"time":0.8666,"x":94.14,"y":5.58},{"time":0.9333,"x":106.82,"y":11.55}]},"EF_Spin1":{"translate":[{"time":0,"x":-126.41,"y":84.76},{"time":0.0666,"x":-175.52,"y":4.83},{"time":0.1666,"x":-187.8,"y":48.13},{"time":0.2666,"x":-188.01,"y":60.87},{"time":0.3,"x":-157.47,"y":72.54},{"time":0.3333,"x":-126.41,"y":84.76}]},"EF_charge1_1":{"translate":[{"time":0.6333,"x":-279.13,"y":-31.71}]},"EF_rotwave1_1":{"translate":[{"time":0.6333,"x":-127.73,"y":0}],"scale":[{"time":0.6333,"x":2,"y":2}]}}},"attack1":{"slots":{"DAMAGEAREA":{"attachment":[{"time":0.2333,"name":"DAMAGEAREA"},{"time":0.4666,"name":null},{"time":0.8666,"name":"DAMAGEAREA"},{"time":0.9666,"name":null}]},"EF_shot1":{"attachment":[{"time":0.1333,"name":"EF/shot/340_S1_shot1_00000"},{"time":0.1666,"name":"EF/shot/340_S1_shot1_00002"},{"time":0.2,"name":"EF/shot/340_S1_shot1_00004"},{"time":0.2333,"name":"EF/shot/340_S1_shot1_00006"},{"time":0.2666,"name":"EF/shot/340_S1_shot1_00008"},{"time":0.3,"name":null},{"time":0.8333,"name":"EF/shot/340_S1_shot1_00000"},{"time":0.8666,"name":"EF/shot/340_S1_shot1_00002"},{"time":0.9,"name":"EF/shot/340_S1_shot1_00004"},{"time":0.9333,"name":"EF/shot/340_S1_shot1_00006"},{"time":0.9666,"name":"EF/shot/340_S1_shot1_00008"},{"time":1,"name":null}],"color":[{"time":0.8333,"color":"ffffffff"}]},"EF_shot2":{"attachment":[{"time":0.3,"name":"EF/shot/340_S1_shot1_00000"},{"time":0.3333,"name":"EF/shot/340_S1_shot1_00002"},{"time":0.3666,"name":"EF/shot/340_S1_shot1_00004"},{"time":0.4,"name":"EF/shot/340_S1_shot1_00006"},{"time":0.4333,"name":"EF/shot/340_S1_shot1_00008"},{"time":0.4666,"name":null}]},"EF_wave1_1":{"attachment":[{"time":0.1333,"name":"EF/wave_air/9100_A5D_attack4_00001"},{"time":0.1666,"name":"EF/wave_air/9100_A5D_attack4_00002"},{"time":0.2,"name":"EF/wave_air/9100_A5D_attack4_00003"},{"time":0.2333,"name":"EF/wave_air/9100_A5D_attack4_00004"},{"time":0.2666,"name":null},{"time":0.3333,"name":"EF/wave_air/9100_A5D_attack4_00001"},{"time":0.3666,"name":"EF/wave_air/9100_A5D_attack4_00002"},{"time":0.4,"name":"EF/wave_air/9100_A5D_attack4_00003"},{"time":0.4333,"name":"EF/wave_air/9100_A5D_attack4_00004"},{"time":0.4666,"name":null},{"time":0.8333,"name":"EF/wave_air/9100_A5D_attack4_00001"},{"time":0.8666,"name":"EF/wave_air/9100_A5D_attack4_00002"},{"time":0.9,"name":"EF/wave_air/9100_A5D_attack4_00003"},{"time":0.9333,"name":"EF/wave_air/9100_A5D_attack4_00004"},{"time":0.9666,"name":null}]},"MAIN":{"attachment":[{"time":0,"name":"idle01"},{"time":0.0666,"name":"idle02"},{"time":0.1333,"name":"attack01"},{"time":0.2333,"name":"attack02"},{"time":0.3,"name":"attack03"},{"time":0.3666,"name":"attack04"},{"time":0.4333,"name":"attack05"},{"time":0.6,"name":"attack06"},{"time":0.6333,"name":"attack07"},{"time":0.8666,"name":"attack08"},{"time":0.9,"name":"attack09"},{"time":0.9666,"name":"attack010"},{"time":1.2666,"name":"attack05"},{"time":1.3333,"name":"idle01"}]}},"bones":{"MAIN":{"translate":[{"time":0,"x":0,"y":0,"curve":"stepped"},{"time":0.1333,"x":-30.27,"y":0,"curve":"stepped"},{"time":0.6,"x":-78.64,"y":0,"curve":"stepped"},{"time":0.8666,"x":-77.53,"y":0,"curve":"stepped"},{"time":0.9,"x":-74.22,"y":0,"curve":"stepped"},{"time":0.9666,"x":-79.64,"y":0,"curve":"stepped"},{"time":1.2666,"x":-30.27,"y":0,"curve":"stepped"},{"time":1.3333,"x":0,"y":0}]},"DAMAGEAREA":{"translate":[{"time":0.2333,"x":-386.1,"y":70.2}],"scale":[{"time":0.2333,"x":3.864,"y":1}]},"EF_wave1_1":{"translate":[{"time":0.1333,"x":-346.33,"y":-52.64,"curve":"stepped"},{"time":0.8333,"x":-395.01,"y":-41.64}]},"EF_shot1":{"translate":[{"time":0.1333,"x":-302.69,"y":-52.64,"curve":"stepped"},{"time":0.8333,"x":-356.87,"y":-41.64}],"scale":[{"time":0.1333,"x":1.646,"y":1.646,"curve":"stepped"},{"time":0.8333,"x":1.646,"y":1.646}]},"EF_shot2":{"translate":[{"time":0.3,"x":-302.69,"y":-52.64}],"scale":[{"time":0.3,"x":1.646,"y":1.646}]}},"events":[{"time":0.0333,"name":"Event","string":"setHitEffect(hit05e,0)"},{"time":0.2,"name":"Event","float":0.1,"string":"kHitStopType_enemyonly"},{"time":0.2,"name":"Sound1","string":"cri_se_battle_gun_burst"},{"time":0.2,"name":"Sound2","string":"cri_se_battle_machinegun_02"},{"time":0.2,"name":"Voice","string":"cri_128_voice_attack_random"},{"time":0.3333,"name":"Sound1","string":"cri_se_battle_gun_burst"},{"time":0.3333,"name":"Sound2","string":"cri_se_battle_machinegun_02"},{"time":0.4,"name":"Hit","string":"resetHitList"},{"time":0.8333,"name":"Hit","string":"resetHitList"},{"time":0.8333,"name":"Sound1","string":"cri_se_battle_gun_burst"},{"time":0.8333,"name":"Sound2","string":"cri_se_battle_machinegun_02"},{"time":0.8333,"name":"Voice","string":"cri_128_voice_attack_c"}]},"back":{"slots":{"MAIN":{"attachment":[{"time":0,"name":"back"},{"time":0.3,"name":"idle02"},{"time":0.3333,"name":"idle05"},{"time":0.5,"name":"idle01"}]},"blure":{"attachment":[{"time":0.0333,"name":"back"}],"color":[{"time":0.0333,"color":"ffffffff"},{"time":0.1666,"color":"ffffff00"}]},"blure2":{"attachment":[{"time":0.1,"name":"back"}],"color":[{"time":0.1,"color":"ffffffff"},{"time":0.2333,"color":"ffffff00"}]},"blure3":{"attachment":[{"time":0.1666,"name":"back"}],"color":[{"time":0.1666,"color":"ffffffff"},{"time":0.3,"color":"ffffff00"}]},"blure4":{"attachment":[{"time":0.2333,"name":"back"}],"color":[{"time":0.2333,"color":"ffffffff"},{"time":0.3666,"color":"ffffff00"}]},"blure5":{"attachment":[{"time":0.3,"name":"back"}],"color":[{"time":0.3,"color":"ffffffff"},{"time":0.4333,"color":"ffffff00"}]}},"bones":{"MAIN":{"translate":[{"time":0,"x":0,"y":0,"curve":[0.15,0.58,0.604,0.93]},{"time":0.3333,"x":134.3,"y":0},{"time":0.4333,"x":140.17,"y":0,"curve":"stepped"},{"time":0.6,"x":140.17,"y":0}]},"blure5":{"translate":[{"time":0.3,"x":43.36,"y":0}]},"blure4":{"translate":[{"time":0.2333,"x":20.58,"y":0}]},"blure3":{"translate":[{"time":0.1666,"x":-3.67,"y":0}]},"blure2":{"translate":[{"time":0.1,"x":-39.69,"y":0}]},"blure":{"translate":[{"time":0.0333,"x":-73.72,"y":0}]}},"drawOrder":[{"time":0,"offsets":[{"slot":"MAIN","offset":7}]}]},"cast":{"slots":{"MAIN":{"attachment":[{"time":0,"name":"idle01"},{"time":0.1,"name":"idle02"},{"time":0.1666,"name":"attack06"},{"time":0.2,"name":"attack07"},{"time":0.5,"name":"attack08"},{"time":0.5333,"name":"attack09"},{"time":0.6333,"name":"attack010"},{"time":0.7333,"name":"attack06"},{"time":0.8,"name":"idle01"}]}},"bones":{"MAIN":{"translate":[{"time":0,"x":0,"y":0,"curve":"stepped"},{"time":0.1666,"x":-36.41,"y":0,"curve":"stepped"},{"time":0.5,"x":-34.97,"y":0,"curve":"stepped"},{"time":0.5333,"x":-33.83,"y":0,"curve":"stepped"},{"time":0.6333,"x":-38.99,"y":0,"curve":"stepped"},{"time":0.7333,"x":-39.03,"y":0,"curve":"stepped"},{"time":0.8,"x":0,"y":0}]}},"events":[{"time":0.2,"name":"Voice","string":"cri_128_voice_item"}]},"damage":{"slots":{"MAIN":{"attachment":[{"time":0,"name":"damage"}]}},"bones":{"MAIN":{"translate":[{"time":0,"x":0,"y":0}]}}},"front":{"slots":{"MAIN":{"attachment":[{"time":0,"name":"front"}]},"blure":{"attachment":[{"time":0,"name":"front"},{"time":0.1,"name":"front"}],"color":[{"time":0,"color":"ffffffff"},{"time":0.0666,"color":"ffffff00","curve":"stepped"},{"time":0.1,"color":"ffffffff"},{"time":0.1666,"color":"ffffff00"}]},"blure2":{"attachment":[{"time":0.0333,"name":"front"},{"time":0.1333,"name":"front"}],"color":[{"time":0.0333,"color":"ffffffff"},{"time":0.1,"color":"ffffff00","curve":"stepped"},{"time":0.1333,"color":"ffffffff"},{"time":0.2,"color":"ffffff00"}]},"blure3":{"attachment":[{"time":0.0666,"name":"front"}],"color":[{"time":0.0666,"color":"ffffffff"},{"time":0.1333,"color":"ffffff00"}]},"blure4":{"attachment":[{"time":0.1,"name":"front"}],"color":[{"time":0.1,"color":"ffffffff"},{"time":0.1666,"color":"ffffff00"}]},"blure5":{"attachment":[{"time":0.1333,"name":"front"}],"color":[{"time":0.1333,"color":"ffffffff"},{"time":0.2,"color":"ffffff00"}]}},"bones":{"MAIN":{"translate":[{"time":0,"x":0,"y":0}]},"blure2":{"translate":[{"time":0.0333,"x":-25.24,"y":0,"curve":"stepped"},{"time":0.1333,"x":-25.24,"y":0}]},"blure":{"translate":[{"time":0,"x":-52.91,"y":0,"curve":"stepped"},{"time":0.1,"x":-52.91,"y":0}]},"blure5":{"translate":[{"time":0.1333,"x":26.88,"y":0}]},"blure4":{"translate":[{"time":0.1,"x":10.31,"y":0}]},"blure3":{"translate":[{"time":0.0666,"x":-11.46,"y":0}]}},"drawOrder":[{"time":0,"offsets":[{"slot":"MAIN","offset":7},{"slot":"blure","offset":4},{"slot":"blure2","offset":2},{"slot":"blure3","offset":0},{"slot":"blure4","offset":-2}]}]},"idle":{"slots":{"MAIN":{"attachment":[{"time":0,"name":"idle01"},{"time":0.1666,"name":"idle02"},{"time":0.3333,"name":"idle03"},{"time":0.5,"name":"idle04"},{"time":0.6666,"name":"idle05"},{"time":0.8333,"name":"idle01"}]}},"bones":{"MAIN":{"translate":[{"time":0,"x":0,"y":0}]}}},"in":{"slots":{"EF/Cartridge":{"attachment":[{"time":0.5,"name":"EF/Cartridge"}],"color":[{"time":0.7666,"color":"ffffffff"},{"time":0.9666,"color":"ffffff00"}]},"EF/Cartridge2":{"attachment":[{"time":0.4666,"name":"EF/Cartridge"}],"color":[{"time":0.7333,"color":"ffffffff"},{"time":0.9333,"color":"ffffff00"}]},"EF/EF_skill2_01":{"attachment":[{"time":0.0666,"name":"EF/EF_skill2_01"},{"time":0.1,"name":"EF/EF_skill2_02"},{"time":0.1333,"name":"EF/EF_skill2_01"},{"time":0.1666,"name":"EF/EF_skill2_02"},{"time":0.2,"name":"EF/EF_skill2_01"},{"time":0.2333,"name":"EF/EF_skill2_02"},{"time":0.2666,"name":"EF/EF_skill2_01"},{"time":0.3,"name":"EF/EF_skill2_02"},{"time":0.3333,"name":"EF/EF_skill2_01"},{"time":0.3666,"name":null}]},"EF_charge1_1":{"attachment":[{"time":0.6333,"name":"EF/EF_charge1/130_S1_shine2_00038"},{"time":0.6666,"name":"EF/EF_charge1/130_S1_shine2_00039"},{"time":0.7,"name":"EF/EF_charge1/130_S1_shine2_00040"},{"time":0.7333,"name":"EF/EF_charge1/130_S1_shine2_00041"},{"time":0.7666,"name":"EF/EF_charge1/130_S1_shine2_00042"},{"time":0.8,"name":"EF/EF_charge1/130_S1_shine2_00043"},{"time":0.8333,"name":"EF/EF_charge1/130_S1_shine2_00044"},{"time":0.8666,"name":"EF/EF_charge1/130_S1_shine2_00045"},{"time":0.9,"name":"EF/EF_charge1/130_S1_shine2_00046"},{"time":0.9333,"name":"EF/EF_charge1/130_S1_shine2_00047"},{"time":0.9666,"name":"EF/EF_charge1/130_S1_shine2_00048"},{"time":1,"name":null}],"color":[{"time":0.8333,"color":"ffffffff"},{"time":1,"color":"ffffff00"}]},"EF_rotwave1_1":{"attachment":[{"time":0.6333,"name":"EF/ef_rot_wave_main/ef_rot_wave_main_00001"},{"time":0.6666,"name":"EF/ef_rot_wave_main/ef_rot_wave_main_00003"},{"time":0.7,"name":"EF/ef_rot_wave_main/ef_rot_wave_main_00005"},{"time":0.7333,"name":"EF/ef_rot_wave_main/ef_rot_wave_main_00006"},{"time":0.7666,"name":"EF/ef_rot_wave_main/ef_rot_wave_main_00008"},{"time":0.8,"name":"EF/ef_rot_wave_main/ef_rot_wave_main_00010"},{"time":0.8333,"name":"EF/ef_rot_wave_main/ef_rot_wave_main_00011"},{"time":0.8666,"name":"EF/ef_rot_wave_main/ef_rot_wave_main_00013"},{"time":0.9,"name":null}]},"MAIN":{"attachment":[{"time":0,"name":"idle01"},{"time":0.0666,"name":"skill3_12"},{"time":0.1666,"name":"skill3_06"},{"time":0.2666,"name":"skill3_07"},{"time":0.3,"name":"skill3_09"},{"time":0.3666,"name":"skill3_11"},{"time":0.4333,"name":"skill3_10"},{"time":1,"name":"idle01"}],"color":[{"time":0,"color":"ffffff00"},{"time":0.1333,"color":"ffffffff"}]},"spin":{"attachment":[{"time":0.0666,"name":"spin"},{"time":0.4,"name":null}]},"spin2":{"attachment":[{"time":0.0666,"name":"spin"},{"time":0.4,"name":null}]}},"bones":{"MAIN":{"translate":[{"time":0,"x":21.89,"y":0,"curve":"stepped"},{"time":0.0666,"x":21.89,"y":0}]},"spin_gun1":{"rotate":[{"time":0,"angle":-153.96},{"time":0.0666,"angle":-5.72},{"time":0.1333,"angle":-136.09},{"time":0.2,"angle":46.35},{"time":0.2666,"angle":-54.78},{"time":0.3333,"angle":-153.96}],"translate":[{"time":0,"x":-20.17,"y":75.27},{"time":0.0666,"x":-68.28,"y":-4.65},{"time":0.1666,"x":-81.48,"y":38.79},{"time":0.2666,"x":-81.48,"y":51.21},{"time":0.3333,"x":-20.17,"y":75.27}]},"EF_cartridge":{"rotate":[{"time":0.5,"angle":21.95},{"time":0.7,"angle":-110.65},{"time":0.9,"angle":-141.44},{"time":0.9666,"angle":-163.49}],"translate":[{"time":0.5,"x":30.53,"y":86.67},{"time":0.6333,"x":65.99,"y":47.27},{"time":0.7,"x":80.77,"y":5.9},{"time":0.7666,"x":86.68,"y":13.78},{"time":0.9,"x":94.14,"y":5.58},{"time":0.9666,"x":106.82,"y":11.55}]},"EF_cartridge2":{"rotate":[{"time":0.4666,"angle":21.95},{"time":0.6666,"angle":-110.65},{"time":0.8666,"angle":-141.44},{"time":0.9333,"angle":-163.49}],"translate":[{"time":0.4666,"x":30.53,"y":86.67},{"time":0.6,"x":65.99,"y":47.27},{"time":0.6666,"x":80.77,"y":5.9},{"time":0.7333,"x":86.68,"y":13.78},{"time":0.8666,"x":94.14,"y":5.58},{"time":0.9333,"x":106.82,"y":11.55}]},"EF_Spin1":{"translate":[{"time":0,"x":-126.41,"y":84.76},{"time":0.0666,"x":-175.52,"y":4.83},{"time":0.1666,"x":-187.8,"y":48.13},{"time":0.2666,"x":-188.01,"y":60.87},{"time":0.3,"x":-157.47,"y":72.54},{"time":0.3333,"x":-126.41,"y":84.76}]},"EF_charge1_1":{"translate":[{"time":0.6333,"x":-279.13,"y":-31.71}]},"EF_rotwave1_1":{"translate":[{"time":0.6333,"x":-127.73,"y":0}],"scale":[{"time":0.6333,"x":2,"y":2}]}},"events":[{"time":0,"name":"Event","string":"takeSummon2"}]},"skill1":{"slots":{"DAMAGEAREA":{"attachment":[{"time":0.5666,"name":"DAMAGEAREA"},{"time":2.2333,"name":null}]},"EF/wave_ground/740_S1_wave1_00003":{"attachment":[{"time":0.3666,"name":"EF/wave_ground/740_S1_wave1_00003"},{"time":0.4,"name":"EF/wave_ground/740_S1_wave1_00004"},{"time":0.4333,"name":"EF/wave_ground/740_S1_wave1_00005"},{"time":0.4666,"name":"EF/wave_ground/740_S1_wave1_00006"},{"time":0.5,"name":"EF/wave_ground/740_S1_wave1_00007"},{"time":0.5333,"name":"EF/wave_ground/740_S1_wave1_00008"},{"time":0.5666,"name":"EF/wave_ground/740_S1_wave1_00009"},{"time":0.6,"name":"EF/wave_ground/740_S1_wave1_00010"},{"time":0.6333,"name":null},{"time":0.8333,"name":"EF/wave_ground/740_S1_wave1_00003"},{"time":0.8666,"name":"EF/wave_ground/740_S1_wave1_00004"},{"time":0.9,"name":"EF/wave_ground/740_S1_wave1_00005"},{"time":0.9333,"name":"EF/wave_ground/740_S1_wave1_00006"},{"time":0.9666,"name":"EF/wave_ground/740_S1_wave1_00007"},{"time":1,"name":"EF/wave_ground/740_S1_wave1_00008"},{"time":1.0333,"name":"EF/wave_ground/740_S1_wave1_00009"},{"time":1.0666,"name":"EF/wave_ground/740_S1_wave1_00010"},{"time":1.1,"name":null},{"time":1.2,"name":"EF/wave_ground/740_S1_wave1_00003"},{"time":1.2333,"name":"EF/wave_ground/740_S1_wave1_00004"},{"time":1.2666,"name":"EF/wave_ground/740_S1_wave1_00005"},{"time":1.3,"name":"EF/wave_ground/740_S1_wave1_00006"},{"time":1.3333,"name":"EF/wave_ground/740_S1_wave1_00007"},{"time":1.3666,"name":"EF/wave_ground/740_S1_wave1_00008"},{"time":1.4,"name":"EF/wave_ground/740_S1_wave1_00009"},{"time":1.4333,"name":"EF/wave_ground/740_S1_wave1_00010"},{"time":1.4666,"name":null},{"time":1.5666,"name":"EF/wave_ground/740_S1_wave1_00003"},{"time":1.6,"name":"EF/wave_ground/740_S1_wave1_00004"},{"time":1.6333,"name":"EF/wave_ground/740_S1_wave1_00005"},{"time":1.6666,"name":"EF/wave_ground/740_S1_wave1_00006"},{"time":1.7,"name":"EF/wave_ground/740_S1_wave1_00007"},{"time":1.7333,"name":"EF/wave_ground/740_S1_wave1_00008"},{"time":1.7666,"name":"EF/wave_ground/740_S1_wave1_00009"},{"time":1.8,"name":"EF/wave_ground/740_S1_wave1_00010"},{"time":1.8333,"name":null},{"time":1.9333,"name":"EF/wave_ground/740_S1_wave1_00003"},{"time":1.9666,"name":"EF/wave_ground/740_S1_wave1_00004"},{"time":2,"name":"EF/wave_ground/740_S1_wave1_00005"},{"time":2.0333,"name":"EF/wave_ground/740_S1_wave1_00006"},{"time":2.0666,"name":"EF/wave_ground/740_S1_wave1_00007"},{"time":2.1,"name":"EF/wave_ground/740_S1_wave1_00008"},{"time":2.1333,"name":"EF/wave_ground/740_S1_wave1_00009"},{"time":2.1666,"name":"EF/wave_ground/740_S1_wave1_00010"},{"time":2.2,"name":null}]},"EF/wave_ground/740_S1_wave1_3":{"attachment":[{"time":0.5,"name":"EF/wave_ground/740_S1_wave1_00003"},{"time":0.5333,"name":"EF/wave_ground/740_S1_wave1_00004"},{"time":0.5666,"name":"EF/wave_ground/740_S1_wave1_00005"},{"time":0.6,"name":"EF/wave_ground/740_S1_wave1_00006"},{"time":0.6333,"name":"EF/wave_ground/740_S1_wave1_00007"},{"time":0.6666,"name":"EF/wave_ground/740_S1_wave1_00008"},{"time":0.7,"name":"EF/wave_ground/740_S1_wave1_00009"},{"time":0.7333,"name":"EF/wave_ground/740_S1_wave1_00010"},{"time":0.7666,"name":null},{"time":0.9666,"name":"EF/wave_ground/740_S1_wave1_00003"},{"time":1,"name":"EF/wave_ground/740_S1_wave1_00004"},{"time":1.0333,"name":"EF/wave_ground/740_S1_wave1_00005"},{"time":1.0666,"name":"EF/wave_ground/740_S1_wave1_00006"},{"time":1.1,"name":"EF/wave_ground/740_S1_wave1_00007"},{"time":1.1333,"name":"EF/wave_ground/740_S1_wave1_00008"},{"time":1.1666,"name":"EF/wave_ground/740_S1_wave1_00009"},{"time":1.2,"name":null},{"time":1.3333,"name":"EF/wave_ground/740_S1_wave1_00003"},{"time":1.3666,"name":"EF/wave_ground/740_S1_wave1_00004"},{"time":1.4,"name":"EF/wave_ground/740_S1_wave1_00005"},{"time":1.4333,"name":"EF/wave_ground/740_S1_wave1_00006"},{"time":1.4666,"name":"EF/wave_ground/740_S1_wave1_00007"},{"time":1.5,"name":"EF/wave_ground/740_S1_wave1_00008"},{"time":1.5333,"name":"EF/wave_ground/740_S1_wave1_00009"},{"time":1.5666,"name":null},{"time":1.7,"name":"EF/wave_ground/740_S1_wave1_00003"},{"time":1.7333,"name":"EF/wave_ground/740_S1_wave1_00004"},{"time":1.7666,"name":"EF/wave_ground/740_S1_wave1_00005"},{"time":1.8,"name":"EF/wave_ground/740_S1_wave1_00006"},{"time":1.8333,"name":"EF/wave_ground/740_S1_wave1_00007"},{"time":1.8666,"name":"EF/wave_ground/740_S1_wave1_00008"},{"time":1.9,"name":"EF/wave_ground/740_S1_wave1_00009"},{"time":1.9333,"name":null},{"time":2.0666,"name":"EF/wave_ground/740_S1_wave1_00003"},{"time":2.1,"name":"EF/wave_ground/740_S1_wave1_00004"},{"time":2.1333,"name":"EF/wave_ground/740_S1_wave1_00005"},{"time":2.1666,"name":"EF/wave_ground/740_S1_wave1_00006"},{"time":2.2,"name":"EF/wave_ground/740_S1_wave1_00007"},{"time":2.2333,"name":"EF/wave_ground/740_S1_wave1_00008"},{"time":2.2666,"name":"EF/wave_ground/740_S1_wave1_00009"},{"time":2.3,"name":null}]},"EF_shot1":{"attachment":[{"time":0.5,"name":"EF/shot/340_S1_shot1_00000"},{"time":0.5333,"name":"EF/shot/340_S1_shot1_00002"},{"time":0.5666,"name":"EF/shot/340_S1_shot1_00004"},{"time":0.6,"name":"EF/shot/340_S1_shot1_00006"},{"time":0.6333,"name":"EF/shot/340_S1_shot1_00008"},{"time":0.6666,"name":null},{"time":0.8666,"name":"EF/shot/340_S1_shot1_00000"},{"time":0.9,"name":"EF/shot/340_S1_shot1_00002"},{"time":0.9333,"name":"EF/shot/340_S1_shot1_00004"},{"time":0.9666,"name":"EF/shot/340_S1_shot1_00006"},{"time":1,"name":"EF/shot/340_S1_shot1_00008"},{"time":1.0333,"name":null},{"time":1.2,"name":"EF/shot/340_S1_shot1_00000"},{"time":1.2333,"name":"EF/shot/340_S1_shot1_00002"},{"time":1.2666,"name":"EF/shot/340_S1_shot1_00004"},{"time":1.3,"name":"EF/shot/340_S1_shot1_00006"},{"time":1.3333,"name":"EF/shot/340_S1_shot1_00008"},{"time":1.3666,"name":null},{"time":1.5666,"name":"EF/shot/340_S1_shot1_00000"},{"time":1.6,"name":"EF/shot/340_S1_shot1_00002"},{"time":1.6333,"name":"EF/shot/340_S1_shot1_00004"},{"time":1.6666,"name":"EF/shot/340_S1_shot1_00006"},{"time":1.7,"name":"EF/shot/340_S1_shot1_00008"},{"time":1.7333,"name":null},{"time":1.9333,"name":"EF/shot/340_S1_shot1_00000"},{"time":1.9666,"name":"EF/shot/340_S1_shot1_00002"},{"time":2,"name":"EF/shot/340_S1_shot1_00004"},{"time":2.0333,"name":"EF/shot/340_S1_shot1_00006"},{"time":2.0666,"name":"EF/shot/340_S1_shot1_00008"},{"time":2.1,"name":null}]},"EF_shot2":{"attachment":[{"time":0.6333,"name":"EF/shot/340_S1_shot1_00000"},{"time":0.6666,"name":"EF/shot/340_S1_shot1_00002"},{"time":0.7,"name":"EF/shot/340_S1_shot1_00004"},{"time":0.7333,"name":"EF/shot/340_S1_shot1_00006"},{"time":0.7666,"name":"EF/shot/340_S1_shot1_00008"},{"time":0.8,"name":null},{"time":1,"name":"EF/shot/340_S1_shot1_00000"},{"time":1.0333,"name":"EF/shot/340_S1_shot1_00002"},{"time":1.0666,"name":"EF/shot/340_S1_shot1_00004"},{"time":1.1,"name":"EF/shot/340_S1_shot1_00006"},{"time":1.1333,"name":"EF/shot/340_S1_shot1_00008"},{"time":1.1666,"name":null},{"time":1.3333,"name":"EF/shot/340_S1_shot1_00000"},{"time":1.3666,"name":"EF/shot/340_S1_shot1_00002"},{"time":1.4,"name":"EF/shot/340_S1_shot1_00004"},{"time":1.4333,"name":"EF/shot/340_S1_shot1_00006"},{"time":1.4666,"name":"EF/shot/340_S1_shot1_00008"},{"time":1.5,"name":null},{"time":1.7,"name":"EF/shot/340_S1_shot1_00000"},{"time":1.7333,"name":"EF/shot/340_S1_shot1_00002"},{"time":1.7666,"name":"EF/shot/340_S1_shot1_00004"},{"time":1.8,"name":"EF/shot/340_S1_shot1_00006"},{"time":1.8333,"name":"EF/shot/340_S1_shot1_00008"},{"time":1.8666,"name":null},{"time":2.0666,"name":"EF/shot/340_S1_shot1_00000"},{"time":2.1,"name":"EF/shot/340_S1_shot1_00002"},{"time":2.1333,"name":"EF/shot/340_S1_shot1_00004"},{"time":2.1666,"name":"EF/shot/340_S1_shot1_00006"},{"time":2.2,"name":"EF/shot/340_S1_shot1_00008"},{"time":2.2333,"name":null}]},"EF_wave1_1":{"attachment":[{"time":0.5,"name":"EF/wave_air/9100_A5D_attack4_00001"},{"time":0.5333,"name":"EF/wave_air/9100_A5D_attack4_00002"},{"time":0.5666,"name":"EF/wave_air/9100_A5D_attack4_00003"},{"time":0.6333,"name":"EF/wave_air/9100_A5D_attack4_00004"},{"time":0.7,"name":null},{"time":0.8666,"name":"EF/wave_air/9100_A5D_attack4_00001"},{"time":0.9,"name":"EF/wave_air/9100_A5D_attack4_00002"},{"time":0.9333,"name":"EF/wave_air/9100_A5D_attack4_00003"},{"time":1,"name":"EF/wave_air/9100_A5D_attack4_00004"},{"time":1.0666,"name":null},{"time":1.2,"name":"EF/wave_air/9100_A5D_attack4_00001"},{"time":1.2333,"name":"EF/wave_air/9100_A5D_attack4_00002"},{"time":1.2666,"name":"EF/wave_air/9100_A5D_attack4_00003"},{"time":1.3333,"name":"EF/wave_air/9100_A5D_attack4_00004"},{"time":1.4,"name":null},{"time":1.5666,"name":"EF/wave_air/9100_A5D_attack4_00001"},{"time":1.6,"name":"EF/wave_air/9100_A5D_attack4_00002"},{"time":1.6333,"name":"EF/wave_air/9100_A5D_attack4_00003"},{"time":1.7,"name":"EF/wave_air/9100_A5D_attack4_00004"},{"time":1.7666,"name":null},{"time":1.9333,"name":"EF/wave_air/9100_A5D_attack4_00001"},{"time":1.9666,"name":"EF/wave_air/9100_A5D_attack4_00002"},{"time":2,"name":"EF/wave_air/9100_A5D_attack4_00003"},{"time":2.0666,"name":"EF/wave_air/9100_A5D_attack4_00004"},{"time":2.1333,"name":null}],"color":[{"time":0.5,"color":"ffffffff","curve":"stepped"},{"time":0.5666,"color":"ffffffff"},{"time":0.7,"color":"ffffff00","curve":"stepped"},{"time":0.8666,"color":"ffffffff","curve":"stepped"},{"time":0.9333,"color":"ffffffff"},{"time":1.0666,"color":"ffffff00","curve":"stepped"},{"time":1.2,"color":"ffffffff","curve":"stepped"},{"time":1.2666,"color":"ffffffff"},{"time":1.4,"color":"ffffff00","curve":"stepped"},{"time":1.5666,"color":"ffffffff","curve":"stepped"},{"time":1.6333,"color":"ffffffff"},{"time":1.7666,"color":"ffffff00","curve":"stepped"},{"time":1.9333,"color":"ffffffff","curve":"stepped"},{"time":2,"color":"ffffffff"},{"time":2.1333,"color":"ffffff00"}]},"EF_wave1_2":{"attachment":[{"time":0.6333,"name":"EF/wave_air/9100_A5D_attack4_00001"},{"time":0.6666,"name":"EF/wave_air/9100_A5D_attack4_00002"},{"time":0.7,"name":"EF/wave_air/9100_A5D_attack4_00003"},{"time":0.7666,"name":"EF/wave_air/9100_A5D_attack4_00004"},{"time":0.8333,"name":null},{"time":1,"name":"EF/wave_air/9100_A5D_attack4_00001"},{"time":1.0333,"name":"EF/wave_air/9100_A5D_attack4_00002"},{"time":1.0666,"name":"EF/wave_air/9100_A5D_attack4_00003"},{"time":1.1333,"name":"EF/wave_air/9100_A5D_attack4_00004"},{"time":1.2,"name":null},{"time":1.3333,"name":"EF/wave_air/9100_A5D_attack4_00001"},{"time":1.3666,"name":"EF/wave_air/9100_A5D_attack4_00002"},{"time":1.4,"name":"EF/wave_air/9100_A5D_attack4_00003"},{"time":1.4666,"name":"EF/wave_air/9100_A5D_attack4_00004"},{"time":1.5333,"name":null},{"time":1.7,"name":"EF/wave_air/9100_A5D_attack4_00001"},{"time":1.7333,"name":"EF/wave_air/9100_A5D_attack4_00002"},{"time":1.7666,"name":"EF/wave_air/9100_A5D_attack4_00003"},{"time":1.8333,"name":"EF/wave_air/9100_A5D_attack4_00004"},{"time":1.9,"name":null},{"time":2.0666,"name":"EF/wave_air/9100_A5D_attack4_00001"},{"time":2.1,"name":"EF/wave_air/9100_A5D_attack4_00002"},{"time":2.1333,"name":"EF/wave_air/9100_A5D_attack4_00003"},{"time":2.2,"name":"EF/wave_air/9100_A5D_attack4_00004"},{"time":2.2666,"name":null}],"color":[{"time":0.6333,"color":"ffffffff","curve":"stepped"},{"time":0.7,"color":"ffffffff"},{"time":0.8333,"color":"ffffff00","curve":"stepped"},{"time":1,"color":"ffffffff","curve":"stepped"},{"time":1.0666,"color":"ffffffff"},{"time":1.2,"color":"ffffff00","curve":"stepped"},{"time":1.3333,"color":"ffffffff","curve":"stepped"},{"time":1.4,"color":"ffffffff"},{"time":1.5333,"color":"ffffff00","curve":"stepped"},{"time":1.7,"color":"ffffffff","curve":"stepped"},{"time":1.7666,"color":"ffffffff"},{"time":1.9,"color":"ffffff00","curve":"stepped"},{"time":2.0666,"color":"ffffffff","curve":"stepped"},{"time":2.1333,"color":"ffffffff"},{"time":2.2666,"color":"ffffff00"}]},"MAIN":{"attachment":[{"time":0,"name":"idle01"},{"time":0.0333,"name":"front"},{"time":0.3666,"name":"skill1_01"},{"time":0.4666,"name":"skill1_02"},{"time":0.5333,"name":"skill1_03"},{"time":0.6,"name":"skill1_04"},{"time":0.6666,"name":"skill1_05"},{"time":0.7333,"name":"skill1_06"},{"time":0.8333,"name":"skill1_02"},{"time":0.9,"name":"skill1_03"},{"time":0.9666,"name":"skill1_04"},{"time":1.0333,"name":"skill1_05"},{"time":1.1,"name":"skill1_06"},{"time":1.2,"name":"skill1_02"},{"time":1.2666,"name":"skill1_03"},{"time":1.3333,"name":"skill1_04"},{"time":1.4,"name":"skill1_05"},{"time":1.4666,"name":"skill1_06"},{"time":1.5666,"name":"skill1_02"},{"time":1.6333,"name":"skill1_03"},{"time":1.7,"name":"skill1_04"},{"time":1.7666,"name":"skill1_05"},{"time":1.8333,"name":"skill1_06"},{"time":1.9333,"name":"skill1_02"},{"time":2,"name":"skill1_03"},{"time":2.0666,"name":"skill1_04"},{"time":2.1333,"name":"skill1_05"},{"time":2.2,"name":"skill1_06"},{"time":2.3,"name":"skill1_07"},{"time":2.5,"name":"idle02"},{"time":2.6333,"name":"idle01"}],"color":[{"time":0.1,"color":"ffffffff"},{"time":0.2,"color":"ffffff00","curve":"stepped"},{"time":0.3666,"color":"ffffffff","curve":"stepped"},{"time":0.7333,"color":"ffffffff"},{"time":0.7666,"color":"ffffff00","curve":"stepped"},{"time":0.8333,"color":"ffffffff","curve":"stepped"},{"time":1.1,"color":"ffffffff"},{"time":1.1333,"color":"ffffff00","curve":"stepped"},{"time":1.2,"color":"ffffffff","curve":"stepped"},{"time":1.4666,"color":"ffffffff"},{"time":1.5,"color":"ffffff00","curve":"stepped"},{"time":1.5666,"color":"ffffffff","curve":"stepped"},{"time":1.8333,"color":"ffffffff"},{"time":1.8666,"color":"ffffff00","curve":"stepped"},{"time":1.9333,"color":"ffffffff","curve":"stepped"},{"time":2.1333,"color":"ffffffff","curve":[0.25,0,0.759,0.4]},{"time":2.4,"color":"ffffff00","curve":"stepped"},{"time":2.5,"color":"ffffff00"},{"time":2.6333,"color":"ffffffff"}]},"blure":{"attachment":[{"time":0.0333,"name":"front"},{"time":0.7333,"name":"skill1_06"},{"time":1.1,"name":"skill1_06"},{"time":1.4666,"name":"skill1_06"},{"time":1.8333,"name":"skill1_06"}],"color":[{"time":0.0333,"color":"ffffffff"},{"time":0.1666,"color":"ffffff00","curve":"stepped"},{"time":0.7333,"color":"ffffffff","curve":[0.25,0,0.836,0.51]},{"time":0.9,"color":"ffffff00","curve":"stepped"},{"time":1.1,"color":"ffffffff","curve":[0.25,0,0.836,0.51]},{"time":1.2666,"color":"ffffff00","curve":"stepped"},{"time":1.4666,"color":"ffffffff","curve":[0.25,0,0.836,0.51]},{"time":1.6333,"color":"ffffff00","curve":"stepped"},{"time":1.8333,"color":"ffffffff","curve":[0.25,0,0.836,0.51]},{"time":2,"color":"ffffff00"}]},"blure2":{"attachment":[{"time":0.0666,"name":"front"}],"color":[{"time":0.0666,"color":"ffffffff"},{"time":0.2,"color":"ffffff00"}]},"blure3":{"attachment":[{"time":0.1,"name":"front"}],"color":[{"time":0.1,"color":"ffffffff"},{"time":0.2333,"color":"ffffff00"}]},"blure4":{"attachment":[{"time":0.1333,"name":"front"}],"color":[{"time":0.1333,"color":"ffffffff"},{"time":0.2666,"color":"ffffff00"}]},"blure5":{"attachment":[{"time":0.1666,"name":"front"}],"color":[{"time":0.1666,"color":"ffffffff"},{"time":0.3,"color":"ffffff00"}]}},"bones":{"MAIN":{"rotate":[{"time":2.8,"angle":0}],"translate":[{"time":0,"x":0,"y":0,"curve":"stepped"},{"time":0.0333,"x":-86.87,"y":0,"curve":[0.103,0.79,0.75,1]},{"time":0.2,"x":-194.48,"y":0,"curve":"stepped"},{"time":0.3666,"x":237.3,"y":0,"curve":"stepped"},{"time":0.5333,"x":246.36,"y":0,"curve":"stepped"},{"time":0.6,"x":243.18,"y":0,"curve":"stepped"},{"time":0.6666,"x":246.36,"y":0,"curve":"stepped"},{"time":0.8333,"x":-238.11,"y":0,"curve":"stepped"},{"time":0.9,"x":-242.93,"y":0,"curve":"stepped"},{"time":0.9666,"x":-240.39,"y":0,"curve":"stepped"},{"time":1.0333,"x":-247.21,"y":0,"curve":"stepped"},{"time":1.2,"x":237.3,"y":0,"curve":"stepped"},{"time":1.2666,"x":246.36,"y":0,"curve":"stepped"},{"time":1.3333,"x":243.18,"y":0,"curve":"stepped"},{"time":1.4,"x":246.36,"y":0,"curve":"stepped"},{"time":1.5666,"x":-238.11,"y":0,"curve":"stepped"},{"time":1.6333,"x":-242.93,"y":0,"curve":"stepped"},{"time":1.7,"x":-240.39,"y":0,"curve":"stepped"},{"time":1.7666,"x":-247.21,"y":0,"curve":"stepped"},{"time":1.9333,"x":237.3,"y":0,"curve":"stepped"},{"time":2,"x":246.36,"y":0,"curve":"stepped"},{"time":2.0666,"x":243.18,"y":0,"curve":"stepped"},{"time":2.1333,"x":246.36,"y":0,"curve":[0.25,0,0.806,0.41]},{"time":2.2333,"x":257.4,"y":0,"curve":"stepped"},{"time":2.4,"x":-238.11,"y":0,"curve":"stepped"},{"time":2.5,"x":0,"y":0}],"scale":[{"time":0,"x":1,"y":1,"curve":"stepped"},{"time":0.3666,"x":-1,"y":1,"curve":"stepped"},{"time":0.8333,"x":1,"y":1,"curve":"stepped"},{"time":1.2,"x":-1,"y":1,"curve":"stepped"},{"time":1.5666,"x":1,"y":1,"curve":"stepped"},{"time":1.9333,"x":-1,"y":1,"curve":"stepped"},{"time":2.5,"x":1,"y":1}]},"blure":{"translate":[{"time":0.0333,"x":-132.99,"y":0,"curve":"stepped"},{"time":0.7333,"x":174.4,"y":0,"curve":[0.25,0,0.791,0.55]},{"time":0.8333,"x":185.37,"y":0,"curve":"stepped"},{"time":1.1,"x":-321.53,"y":0,"curve":[0.25,0,0.8,0.34]},{"time":1.2,"x":-332.52,"y":0,"curve":"stepped"},{"time":1.4666,"x":174.4,"y":0,"curve":[0.25,0,0.791,0.55]},{"time":1.5666,"x":185.37,"y":0,"curve":"stepped"},{"time":1.8333,"x":-321.53,"y":0,"curve":[0.25,0,0.8,0.34]},{"time":1.9333,"x":-332.52,"y":0}],"scale":[{"time":0.7333,"x":-1,"y":1,"curve":"stepped"},{"time":1.1,"x":1,"y":1,"curve":"stepped"},{"time":1.4666,"x":-1,"y":1,"curve":"stepped"},{"time":1.8333,"x":1,"y":1}]},"DAMAGEAREA":{"translate":[{"time":0.5666,"x":2.23,"y":70.23}],"scale":[{"time":0.5666,"x":1.925,"y":2.021}]},"wave":{"translate":[{"time":0.3666,"x":24.81,"y":0,"curve":"stepped"},{"time":0.8333,"x":24.81,"y":0,"curve":"stepped"},{"time":1.2,"x":24.81,"y":0,"curve":"stepped"},{"time":1.5666,"x":24.81,"y":0,"curve":"stepped"},{"time":1.9333,"x":24.81,"y":0}]},"wave2":{"translate":[{"time":0.5,"x":24.81,"y":0,"curve":"stepped"},{"time":0.9666,"x":24.81,"y":0,"curve":"stepped"},{"time":1.3333,"x":24.81,"y":0,"curve":"stepped"},{"time":1.7,"x":24.81,"y":0,"curve":"stepped"},{"time":2.0666,"x":24.81,"y":0}]},"EF_shot1":{"translate":[{"time":0.5,"x":-3.15,"y":-61.07,"curve":"stepped"},{"time":0.8666,"x":-298.61,"y":-61.07,"curve":"stepped"},{"time":1.2,"x":-3.15,"y":-61.07,"curve":"stepped"},{"time":1.5666,"x":-298.61,"y":-61.07,"curve":"stepped"},{"time":1.9333,"x":-3.15,"y":-61.07}],"scale":[{"time":0.5,"x":1.646,"y":1.646,"curve":"stepped"},{"time":0.8666,"x":-1.65,"y":1.646,"curve":"stepped"},{"time":1.2,"x":1.646,"y":1.646,"curve":"stepped"},{"time":1.5666,"x":-1.65,"y":1.646,"curve":"stepped"},{"time":1.9333,"x":1.646,"y":1.646}]},"EF_shot2":{"translate":[{"time":0.6333,"x":-10.64,"y":-51.38,"curve":"stepped"},{"time":1,"x":-285.02,"y":-51.59,"curve":"stepped"},{"time":1.3333,"x":-10.64,"y":-51.38,"curve":"stepped"},{"time":1.7,"x":-285.02,"y":-51.59,"curve":"stepped"},{"time":2.0666,"x":-10.64,"y":-51.38}],"scale":[{"time":0.6333,"x":1.646,"y":1.646,"curve":"stepped"},{"time":1,"x":-1.65,"y":1.646,"curve":"stepped"},{"time":1.3333,"x":1.646,"y":1.646,"curve":"stepped"},{"time":1.7,"x":-1.65,"y":1.646,"curve":"stepped"},{"time":2.0666,"x":1.646,"y":1.646}]},"EF_wave1_1":{"translate":[{"time":0.5,"x":-60.07,"y":-61.46,"curve":"stepped"},{"time":0.8666,"x":-350.65,"y":-61.46,"curve":"stepped"},{"time":1.2,"x":-60.07,"y":-61.46,"curve":"stepped"},{"time":1.5666,"x":-350.65,"y":-61.46,"curve":"stepped"},{"time":1.9333,"x":-60.07,"y":-61.46}],"scale":[{"time":0.5,"x":1.5,"y":1.5},{"time":0.6666,"x":2,"y":2,"curve":"stepped"},{"time":0.8666,"x":-1.5,"y":1.5},{"time":1.0333,"x":-2,"y":2,"curve":"stepped"},{"time":1.2,"x":1.5,"y":1.5},{"time":1.3666,"x":2,"y":2,"curve":"stepped"},{"time":1.5666,"x":-1.5,"y":1.5},{"time":1.7333,"x":-2,"y":2,"curve":"stepped"},{"time":1.9333,"x":1.5,"y":1.5},{"time":2.1,"x":2,"y":2}]},"EF_wave1_2":{"translate":[{"time":0.6333,"x":-52.26,"y":-49.92,"curve":"stepped"},{"time":1,"x":-331.74,"y":-49.92,"curve":"stepped"},{"time":1.3333,"x":-52.26,"y":-49.92,"curve":"stepped"},{"time":1.7,"x":-331.74,"y":-49.92,"curve":"stepped"},{"time":2.0666,"x":-52.26,"y":-49.92}],"scale":[{"time":0.6333,"x":1.5,"y":1.5},{"time":0.8,"x":2,"y":2,"curve":"stepped"},{"time":1,"x":-1.5,"y":1.5},{"time":1.1666,"x":-2,"y":2,"curve":"stepped"},{"time":1.3333,"x":1.5,"y":1.5},{"time":1.5,"x":2,"y":2,"curve":"stepped"},{"time":1.7,"x":-1.5,"y":1.5},{"time":1.8666,"x":-2,"y":2,"curve":"stepped"},{"time":2.0666,"x":1.5,"y":1.5},{"time":2.2333,"x":2,"y":2}]},"blure2":{"translate":[{"time":0.0666,"x":-178.7,"y":0}]},"blure3":{"translate":[{"time":0.1,"x":-206.76,"y":0}]},"blure4":{"translate":[{"time":0.1333,"x":-228.57,"y":0}]},"blure5":{"translate":[{"time":0.1666,"x":-244.16,"y":0}]}},"drawOrder":[{"time":0.0333,"offsets":[{"slot":"MAIN","offset":7}]},{"time":0.7333}],"events":[{"time":0.0333,"name":"Event","string":"setHitEffect(hit05e,0)"},{"time":0.0333,"name":"Sound1","string":"cri_se_battle_teleport"},{"time":0.2666,"name":"Event","string":"setPosition_Target"},{"time":0.3,"name":"Event","int":50,"string":"setPositionX_Target"},{"time":0.3666,"name":"Voice","string":"cri_128_voice_skill_all"},{"time":0.5,"name":"Event","float":0.2,"string":"kHitStopType_enemyonly"},{"time":0.5,"name":"Sound1","string":"cri_se_battle_gun_burst"},{"time":0.5,"name":"Sound2","string":"cri_se_battle_machinegun_02"},{"time":0.5333,"name":"Event","int":90,"string":"kImpactType_up"},{"time":0.5666,"name":"Event","float":0.5,"string":"shakeGround"},{"time":0.6333,"name":"Sound1","string":"cri_se_battle_gun_burst"},{"time":0.6333,"name":"Sound2","string":"cri_se_battle_machinegun_02"},{"time":0.7,"name":"Hit","string":"resetHitList"},{"time":0.8,"name":"Sound1","string":"cri_se_battle_teleport"},{"time":0.8666,"name":"Sound1","string":"cri_se_battle_gun_burst"},{"time":0.8666,"name":"Sound2","string":"cri_se_battle_machinegun_02"},{"time":0.9333,"name":"Event","float":0.5,"string":"shakeGround"},{"time":0.9333,"name":"Hit","string":"resetHitList"},{"time":1,"name":"Sound1","string":"cri_se_battle_gun_burst"},{"time":1,"name":"Sound2","string":"cri_se_battle_machinegun_02"},{"time":1.0666,"name":"Hit","string":"resetHitList"},{"time":1.1666,"name":"Sound1","string":"cri_se_battle_teleport"},{"time":1.2333,"name":"Sound1","string":"cri_se_battle_gun_burst"},{"time":1.2333,"name":"Sound2","string":"cri_se_battle_machinegun_02"},{"time":1.3,"name":"Event","float":0.5,"string":"shakeGround"},{"time":1.3,"name":"Hit","string":"resetHitList"},{"time":1.3666,"name":"Sound1","string":"cri_se_battle_gun_burst"},{"time":1.3666,"name":"Sound2","string":"cri_se_battle_machinegun_02"},{"time":1.4333,"name":"Hit","string":"resetHitList"},{"time":1.5333,"name":"Sound1","string":"cri_se_battle_teleport"},{"time":1.6,"name":"Sound1","string":"cri_se_battle_gun_burst"},{"time":1.6,"name":"Sound2","string":"cri_se_battle_machinegun_02"},{"time":1.6666,"name":"Event","float":0.5,"string":"shakeGround"},{"time":1.6666,"name":"Hit","string":"resetHitList"},{"time":1.7333,"name":"Sound1","string":"cri_se_battle_gun_burst"},{"time":1.7333,"name":"Sound2","string":"cri_se_battle_machinegun_02"},{"time":1.8,"name":"Hit","string":"resetHitList"},{"time":1.9,"name":"Sound1","string":"cri_se_battle_teleport"},{"time":1.9666,"name":"Sound1","string":"cri_se_battle_gun_burst"},{"time":1.9666,"name":"Sound2","string":"cri_se_battle_machinegun_02"},{"time":2.0666,"name":"Event","float":0.5,"string":"shakeGround"},{"time":2.0666,"name":"Hit","string":"resetHitList"},{"time":2.1,"name":"Sound1","string":"cri_se_battle_gun_burst"},{"time":2.1,"name":"Sound2","string":"cri_se_battle_machinegun_02"},{"time":2.1666,"name":"Hit","string":"resetHitList"},{"time":2.2666,"name":"Sound1","string":"cri_se_battle_teleport"}]},"skill2":{"slots":{"EF/wave_ground/740_S1_wave1_00003":{"attachment":[{"time":0.1333,"name":"EF/wave_ground/740_S1_wave1_00003"},{"time":0.1666,"name":"EF/wave_ground/740_S1_wave1_00004"},{"time":0.2,"name":"EF/wave_ground/740_S1_wave1_00005"},{"time":0.2333,"name":"EF/wave_ground/740_S1_wave1_00006"},{"time":0.2666,"name":"EF/wave_ground/740_S1_wave1_00007"},{"time":0.3,"name":"EF/wave_ground/740_S1_wave1_00008"},{"time":0.3333,"name":"EF/wave_ground/740_S1_wave1_00009"},{"time":0.3666,"name":"EF/wave_ground/740_S1_wave1_00010"},{"time":0.6333,"name":"EF/wave_ground/740_S1_wave1_00003"},{"time":0.6666,"name":"EF/wave_ground/740_S1_wave1_00004"},{"time":0.7,"name":"EF/wave_ground/740_S1_wave1_00005"},{"time":0.7333,"name":"EF/wave_ground/740_S1_wave1_00006"},{"time":0.7666,"name":"EF/wave_ground/740_S1_wave1_00007"},{"time":0.8,"name":"EF/wave_ground/740_S1_wave1_00008"},{"time":0.8333,"name":"EF/wave_ground/740_S1_wave1_00009"},{"time":0.8666,"name":"EF/wave_ground/740_S1_wave1_00010"}],"color":[{"time":0.1333,"color":"ffffffff","curve":"stepped"},{"time":0.3666,"color":"ffffffff"},{"time":0.4666,"color":"ffffff00","curve":"stepped"},{"time":0.6333,"color":"ffffffff","curve":"stepped"},{"time":0.8666,"color":"ffffffff"},{"time":0.9666,"color":"ffffff00"}]},"EF/wave_ground/740_S1_wave1_3":{"attachment":[{"time":0.3,"name":"EF/wave_ground/740_S1_wave1_00003"},{"time":0.3333,"name":"EF/wave_ground/740_S1_wave1_00004"},{"time":0.3666,"name":"EF/wave_ground/740_S1_wave1_00005"},{"time":0.4,"name":"EF/wave_ground/740_S1_wave1_00006"},{"time":0.4333,"name":"EF/wave_ground/740_S1_wave1_00007"},{"time":0.4666,"name":"EF/wave_ground/740_S1_wave1_00008"},{"time":0.5,"name":"EF/wave_ground/740_S1_wave1_00009"},{"time":0.5333,"name":"EF/wave_ground/740_S1_wave1_00010"},{"time":0.9,"name":"EF/wave_ground/740_S1_wave1_00003"},{"time":0.9333,"name":"EF/wave_ground/740_S1_wave1_00004"},{"time":0.9666,"name":"EF/wave_ground/740_S1_wave1_00005"},{"time":1,"name":"EF/wave_ground/740_S1_wave1_00006"},{"time":1.0333,"name":"EF/wave_ground/740_S1_wave1_00007"},{"time":1.0666,"name":"EF/wave_ground/740_S1_wave1_00008"},{"time":1.1,"name":"EF/wave_ground/740_S1_wave1_00009"},{"time":1.1333,"name":"EF/wave_ground/740_S1_wave1_00010"}],"color":[{"time":0.3,"color":"ffffffff","curve":"stepped"},{"time":0.5333,"color":"ffffffff"},{"time":0.6333,"color":"ffffff00","curve":"stepped"},{"time":0.9,"color":"ffffffff","curve":"stepped"},{"time":1.1333,"color":"ffffffff"},{"time":1.2333,"color":"ffffff00"}]},"EF/wave_ground/740_S1_wave1_4":{"attachment":[{"time":0.4666,"name":"EF/wave_ground/740_S1_wave1_00003"},{"time":0.5,"name":"EF/wave_ground/740_S1_wave1_00004"},{"time":0.5333,"name":"EF/wave_ground/740_S1_wave1_00005"},{"time":0.5666,"name":"EF/wave_ground/740_S1_wave1_00006"},{"time":0.6,"name":"EF/wave_ground/740_S1_wave1_00007"},{"time":0.6333,"name":"EF/wave_ground/740_S1_wave1_00008"},{"time":0.6666,"name":"EF/wave_ground/740_S1_wave1_00009"},{"time":0.7,"name":"EF/wave_ground/740_S1_wave1_00010"}],"color":[{"time":0.4666,"color":"ffffffff","curve":"stepped"},{"time":0.7,"color":"ffffffff"},{"time":0.8,"color":"ffffff00"}]},"MAIN":{"attachment":[{"time":0,"name":"back"},{"time":0.1333,"name":"skill2_01"},{"time":0.2666,"name":"skill2_02"},{"time":0.9,"name":"skill2_03"},{"time":1.0333,"name":"skill2_04"},{"time":1.2,"name":"skill2_02"},{"time":1.4,"name":"idle02"},{"time":1.5,"name":"idle01"}]},"blure":{"attachment":[{"time":0,"name":"back"}],"color":[{"time":0,"color":"ffffffff"},{"time":0.3333,"color":"ffffff00"}]},"blure2":{"attachment":[{"time":0.0666,"name":"back"}],"color":[{"time":0.0666,"color":"ffffffff"},{"time":0.4,"color":"ffffff00"}]},"blure3":{"attachment":[{"time":0.1,"name":"back"}],"color":[{"time":0.1,"color":"ffffffff"},{"time":0.4666,"color":"ffffff00"}]},"blure4":{"attachment":[{"time":0.1333,"name":"skill2_02"}],"color":[{"time":0.1333,"color":"ffffffff"},{"time":0.5,"color":"ffffff00"}]},"blure5":{"attachment":[{"time":0.1666,"name":"skill2_04"}],"color":[{"time":0.1666,"color":"ffffffff"},{"time":0.5333,"color":"ffffff00"}]}},"bones":{"MAIN":{"translate":[{"time":0,"x":0,"y":0,"curve":[0.081,0.66,0.75,1]},{"time":0.3,"x":159.9,"y":0},{"time":0.4333,"x":164.06,"y":0,"curve":"stepped"},{"time":0.9,"x":159.9,"y":0,"curve":"stepped"},{"time":1,"x":171.27,"y":0,"curve":"stepped"},{"time":1.0333,"x":178.6,"y":0}]},"wave":{"translate":[{"time":0.1333,"x":23.29,"y":0,"curve":"stepped"},{"time":0.6333,"x":23.29,"y":0}],"scale":[{"time":0.1333,"x":1.334,"y":1.334,"curve":"stepped"},{"time":0.3666,"x":1.334,"y":1.334},{"time":0.4666,"x":1.668,"y":1.668,"curve":"stepped"},{"time":0.6333,"x":1.334,"y":1.334,"curve":"stepped"},{"time":0.8666,"x":1.334,"y":1.334},{"time":0.9666,"x":1.668,"y":1.668}]},"wave2":{"translate":[{"time":0.3,"x":23.3,"y":0,"curve":"stepped"},{"time":0.9,"x":35.6,"y":0}],"scale":[{"time":0.3,"x":1.334,"y":1.334,"curve":"stepped"},{"time":0.5333,"x":1.334,"y":1.334},{"time":0.6333,"x":1.668,"y":1.668,"curve":"stepped"},{"time":0.9,"x":1.668,"y":1.668,"curve":"stepped"},{"time":1.1333,"x":1.668,"y":1.668},{"time":1.2333,"x":2.002,"y":2.002}]},"wave3":{"translate":[{"time":0.4666,"x":23.3,"y":0}],"scale":[{"time":0.4666,"x":1.334,"y":1.334,"curve":"stepped"},{"time":0.7,"x":1.334,"y":1.334},{"time":0.8,"x":1.668,"y":1.668}]},"blure":{"translate":[{"time":0,"x":-73.79,"y":0}]},"blure3":{"translate":[{"time":0.1,"x":-3.67,"y":0}]},"blure2":{"translate":[{"time":0.0666,"x":-37.97,"y":0}]},"blure4":{"translate":[{"time":0.1333,"x":19.4,"y":0}]},"blure5":{"translate":[{"time":0.1666,"x":53.8,"y":0}]}},"drawOrder":[{"time":0,"offsets":[{"slot":"MAIN","offset":7}]}],"events":[{"time":0.1333,"name":"Sound1","string":"cri_se_battle_charge"},{"time":0.6,"name":"Voice","string":"cri_128_voice_fullarts_rank5"},{"time":0.9,"name":"Event","string":"shakeGround"},{"time":0.9,"name":"Sound1","string":"cri_se_battle_beam"},{"time":0.9,"name":"Sound2","string":"cri_se_battle_gun_burst"},{"time":1.5666,"name":"Event","string":"addOrbitSystem_skill2_balletrain2"},{"time":1.7333,"name":"Event","float":1.8,"string":"shakeGround_Loop"}]},"skill3":{"slots":{"DAMAGEAREA":{"attachment":[{"time":0.6666,"name":"DAMAGEAREA"},{"time":4.2666,"name":null},{"time":4.8,"name":"DAMAGEAREA"},{"time":5,"name":null}]},"EF/EF_skill2_01":{"attachment":[{"time":0,"name":"EF/EF_skill2_02"},{"time":0.0333,"name":"EF/EF_skill2_02"},{"time":0.0666,"name":"EF/EF_skill2_01"},{"time":0.1,"name":"EF/EF_skill2_02"},{"time":0.1333,"name":"EF/EF_skill2_01"},{"time":0.1666,"name":"EF/EF_skill2_02"},{"time":0.2,"name":"EF/EF_skill2_01"},{"time":3.7333,"name":"EF/EF_skill2_01"},{"time":3.7666,"name":"EF/EF_skill2_02"},{"time":3.8,"name":"EF/EF_skill2_01"},{"time":3.8333,"name":"EF/EF_skill2_02"},{"time":3.8666,"name":"EF/EF_skill2_01"},{"time":3.9,"name":"EF/EF_skill2_02"},{"time":3.9333,"name":"EF/EF_skill2_01"},{"time":3.9666,"name":null}],"color":[{"time":0.1333,"color":"ffffffff"},{"time":0.2333,"color":"ffffff00","curve":"stepped"},{"time":3.7333,"color":"ffffffff"}]},"EF_shot1":{"attachment":[{"time":4.7666,"name":"EF/shot/340_S1_shot1_00000"},{"time":4.8,"name":"EF/shot/340_S1_shot1_00002"},{"time":4.8333,"name":"EF/shot/340_S1_shot1_00004"},{"time":4.8666,"name":"EF/shot/340_S1_shot1_00006"},{"time":4.9,"name":"EF/shot/340_S1_shot1_00008"},{"time":4.9333,"name":null}]},"EF_shot2":{"attachment":[{"time":4.7666,"name":"EF/shot/340_S1_shot1_00000"},{"time":4.8,"name":"EF/shot/340_S1_shot1_00002"},{"time":4.8333,"name":"EF/shot/340_S1_shot1_00004"},{"time":4.8666,"name":"EF/shot/340_S1_shot1_00006"},{"time":4.9,"name":"EF/shot/340_S1_shot1_00008"},{"time":4.9333,"name":null}]},"EF_wave1_1":{"attachment":[{"time":4.7666,"name":"EF/wave_air/9100_A5D_attack4_00001"},{"time":4.8,"name":"EF/wave_air/9100_A5D_attack4_00002"},{"time":4.8333,"name":"EF/wave_air/9100_A5D_attack4_00003"},{"time":4.9,"name":"EF/wave_air/9100_A5D_attack4_00004"},{"time":4.9666,"name":null}]},"EF_wave1_2":{"attachment":[{"time":4.7666,"name":"EF/wave_air/9100_A5D_attack4_00001"},{"time":4.8,"name":"EF/wave_air/9100_A5D_attack4_00002"},{"time":4.8333,"name":"EF/wave_air/9100_A5D_attack4_00003"},{"time":4.9,"name":"EF/wave_air/9100_A5D_attack4_00004"},{"time":4.9666,"name":null}]},"MAIN":{"attachment":[{"time":0,"name":"skill3_04"},{"time":3.4666,"name":"skill3_01"},{"time":3.5333,"name":"skill3_03"},{"time":3.6,"name":"skill3_01"},{"time":3.6666,"name":"skill3_02"},{"time":3.7333,"name":"skill3_00"},{"time":3.9,"name":"skill3_05"},{"time":3.9666,"name":"skill3_08"},{"time":4.1333,"name":"skill3_06"},{"time":4.8,"name":"skill3_07"},{"time":4.8333,"name":"skill3_08"},{"time":6,"name":"idle01"}],"color":[{"time":0.1333,"color":"ffffffff"},{"time":0.2333,"color":"ffffff00","curve":"stepped"},{"time":3.5,"color":"ffffff00"},{"time":3.6333,"color":"ffffffff"}]},"spin":{"attachment":[{"time":0,"name":"spin"},{"time":3.7333,"name":"spin"},{"time":3.9333,"name":null}],"color":[{"time":0.1333,"color":"ffffffff"},{"time":0.2333,"color":"ffffff00","curve":"stepped"},{"time":3.7333,"color":"ffffffff"}]},"spin2":{"attachment":[{"time":0,"name":"spin"},{"time":3.7333,"name":"spin"},{"time":3.9333,"name":null}],"color":[{"time":0.1333,"color":"ffffffff"},{"time":0.2333,"color":"ffffff00","curve":"stepped"},{"time":3.7333,"color":"ffffffff"}]}},"bones":{"MAIN":{"translate":[{"time":0,"x":138.46,"y":0,"curve":[0.165,0.64,0.75,1]},{"time":0.2333,"x":155,"y":0,"curve":"stepped"},{"time":0.3333,"x":0,"y":0,"curve":"stepped"},{"time":0.6666,"x":350,"y":0},{"time":3.5,"x":800,"y":0,"curve":[0.11,0.63,0.75,1]},{"time":3.8,"x":150,"y":0,"curve":[0.124,0.52,0.75,1]},{"time":4.1,"x":50,"y":0,"curve":"stepped"},{"time":4.1333,"x":32.8,"y":0},{"time":4.2,"x":50,"y":0,"curve":"stepped"},{"time":4.7666,"x":112.73,"y":0,"curve":[0.25,0,0.75,1]},{"time":4.8333,"x":150,"y":0,"curve":[0.25,0,0.75,1]},{"time":4.9666,"x":156.48,"y":0,"curve":[0.25,0,0.75,1]},{"time":5.2333,"x":159.72,"y":0}]},"spin_gun1":{"rotate":[{"time":0,"angle":-5.72,"curve":"stepped"},{"time":0.0333,"angle":-5.72},{"time":0.0666,"angle":-136.09},{"time":0.1,"angle":46.35},{"time":0.1333,"angle":-54.78},{"time":0.1666,"angle":-153.96},{"time":0.2,"angle":89.27,"curve":"stepped"},{"time":3.7333,"angle":-153.96},{"time":3.7666,"angle":-5.72},{"time":3.8,"angle":-136.09},{"time":3.8333,"angle":46.35},{"time":3.8666,"angle":-54.78},{"time":3.9,"angle":-153.96},{"time":3.9333,"angle":89.27}],"translate":[{"time":0,"x":-60.25,"y":-8.83,"curve":"stepped"},{"time":0.2,"x":-85.33,"y":41.34,"curve":"stepped"},{"time":3.7333,"x":-78.1,"y":-27.34},{"time":3.8666,"x":-80.47,"y":5.8},{"time":3.9,"x":-69.81,"y":83.94},{"time":3.9333,"x":-48.5,"y":93.42}]},"EF_Spin1":{"translate":[{"time":0,"x":-56.38,"y":-0.13,"curve":[0.163,0.5,0.623,0.84]},{"time":0.1666,"x":-45.7,"y":0.03,"curve":[0.354,0.44,0.692,0.77]},{"time":0.2,"x":-62.78,"y":50.62,"curve":"stepped"},{"time":3.7333,"x":-22.92,"y":-17.85},{"time":3.7666,"x":-53.58,"y":-16.82},{"time":3.8,"x":-61.75,"y":-0.47},{"time":3.8333,"x":-90.37,"y":1.56},{"time":3.8666,"x":-110.81,"y":12.8},{"time":3.9,"x":-104.68,"y":90.48},{"time":3.9333,"x":-95.48,"y":100.7}]},"EF_shot1":{"translate":[{"time":4.7666,"x":-150.39,"y":-51.65}],"scale":[{"time":4.7666,"x":2,"y":2}]},"EF_shot2":{"translate":[{"time":4.7666,"x":-153.98,"y":-44.09}],"scale":[{"time":4.7666,"x":2,"y":2}]},"EF_wave1_1":{"translate":[{"time":4.7666,"x":-200.41,"y":-53.69}],"scale":[{"time":4.7666,"x":2.5,"y":2.5},{"time":4.9333,"x":3,"y":3}]},"EF_wave1_2":{"translate":[{"time":4.7666,"x":-205.6,"y":-42.58}],"scale":[{"time":4.7666,"x":2.5,"y":2.5},{"time":4.9333,"x":3,"y":3}]},"DAMAGEAREA":{"translate":[{"time":0.6666,"x":0,"y":70.99,"curve":"stepped"},{"time":4.8,"x":-132.69,"y":70.99}],"scale":[{"time":0.6666,"x":8.31,"y":4.217,"curve":"stepped"},{"time":4.8,"x":2.545,"y":2.492},{"time":5,"x":4.932,"y":4.648}]}},"drawOrder":[{"time":0.0333,"offsets":[{"slot":"blure","offset":2},{"slot":"blure2","offset":0},{"slot":"blure3","offset":-2},{"slot":"blure4","offset":-4},{"slot":"blure5","offset":-6},{"slot":"blure6","offset":-8}]},{"time":0.6666,"offsets":[{"slot":"blure3","offset":-2},{"slot":"blure6","offset":-2}]}],"events":[{"time":0,"name":"Event","string":"ignoreBorder-true"},{"time":0,"name":"Voice","string":"cri_128_voice_fullarts_now_b"},{"time":0.6333,"name":"efEvent2","string":"setHitBackEnemy(6,0)"},{"time":0.6666,"name":"Especial","float":-47.7,"string":"runScript-skill3Check"},{"time":0.6666,"name":"Event","string":"setHitEffect(hit05e,1)"},{"time":0.6666,"name":"Sound1","string":"cri_se_battle_beam"},{"time":0.6666,"name":"Sound3","string":"setHitSound(se_battle_007_attack_hit_01)"},{"time":0.6666,"name":"efEvent","float":0.2,"string":"kHitStopType_enemyonly"},{"time":0.6666,"name":"efEvent2","float":2,"string":"shakeGround_Loop"},{"time":0.7333,"name":"Hit","string":"resetHitList"},{"time":0.8,"name":"Hit","string":"resetHitList"},{"time":0.8,"name":"Sound1","string":"cri_se_battle_beam"},{"time":0.8333,"name":"Especial","string":"runScript-skill3Check"},{"time":0.8666,"name":"Hit","string":"resetHitList"},{"time":0.9333,"name":"Hit","string":"resetHitList"},{"time":0.9333,"name":"Sound1","string":"cri_se_battle_beam"},{"time":1,"name":"Especial","string":"runScript-skill3Check"},{"time":1,"name":"Hit","string":"resetHitList"},{"time":1.0666,"name":"Hit","string":"resetHitList"},{"time":1.0666,"name":"Sound1","string":"cri_se_battle_beam"},{"time":1.1333,"name":"Hit","string":"resetHitList"},{"time":1.1666,"name":"Especial","string":"runScript-skill3Check"},{"time":1.2,"name":"Hit","string":"resetHitList"},{"time":1.2,"name":"Sound1","string":"cri_se_battle_beam"},{"time":1.2666,"name":"Hit","string":"resetHitList"},{"time":1.3333,"name":"Especial","string":"runScript-skill3Check"},{"time":1.3333,"name":"Hit","string":"resetHitList"},{"time":1.3333,"name":"Sound1","string":"cri_se_battle_beam"},{"time":1.3333,"name":"efEvent","float":0.07,"string":"kHitStopType_normal"},{"time":1.4,"name":"Hit","string":"resetHitList"},{"time":1.4,"name":"efEvent","float":0.1,"string":"kHitStopType_enemyonly"},{"time":1.4666,"name":"Hit","string":"resetHitList"},{"time":1.4666,"name":"Sound1","string":"cri_se_battle_beam"},{"time":1.5,"name":"Especial","string":"runScript-skill3Check"},{"time":1.5333,"name":"Hit","string":"resetHitList"},{"time":1.6,"name":"Hit","string":"resetHitList"},{"time":1.6,"name":"Sound1","string":"cri_se_battle_beam"},{"time":1.6666,"name":"Especial","string":"runScript-skill3Check"},{"time":1.6666,"name":"Hit","string":"resetHitList"},{"time":1.7333,"name":"Hit","string":"resetHitList"},{"time":1.7333,"name":"Sound1","string":"cri_se_battle_beam"},{"time":1.7333,"name":"efEvent2","float":2,"string":"shakeGround_Loop"},{"time":1.8,"name":"Hit","string":"resetHitList"},{"time":1.8333,"name":"Especial","string":"runScript-skill3Check"},{"time":1.8666,"name":"Hit","string":"resetHitList"},{"time":1.8666,"name":"Sound1","string":"cri_se_battle_beam"},{"time":1.8666,"name":"efEvent","float":0.07,"string":"kHitStopType_normal"},{"time":1.9333,"name":"Hit","string":"resetHitList"},{"time":1.9333,"name":"efEvent","float":0.1,"string":"kHitStopType_enemyonly"},{"time":2,"name":"Especial","string":"runScript-skill3Check"},{"time":2,"name":"Hit","string":"resetHitList"},{"time":2,"name":"Sound1","string":"cri_se_battle_beam"},{"time":2.0666,"name":"Hit","string":"resetHitList"},{"time":2.1333,"name":"Hit","string":"resetHitList"},{"time":2.1333,"name":"Sound1","string":"cri_se_battle_beam"},{"time":2.1666,"name":"Especial","string":"runScript-skill3Check"},{"time":2.2,"name":"Hit","string":"resetHitList"},{"time":2.2666,"name":"Hit","string":"resetHitList"},{"time":2.2666,"name":"Sound1","string":"cri_se_battle_beam"},{"time":2.3333,"name":"Especial","string":"runScript-skill3Check"},{"time":2.3333,"name":"Hit","string":"resetHitList"},{"time":2.4,"name":"Hit","string":"resetHitList"},{"time":2.4,"name":"Sound1","string":"cri_se_battle_beam"},{"time":2.4,"name":"efEvent","float":0.07,"string":"kHitStopType_normal"},{"time":2.4666,"name":"Hit","string":"resetHitList"},{"time":2.4666,"name":"efEvent","float":0.1,"string":"kHitStopType_enemyonly"},{"time":2.5,"name":"Especial","string":"runScript-skill3Check"},{"time":2.5333,"name":"Hit","string":"resetHitList"},{"time":2.5333,"name":"Sound1","string":"cri_se_battle_beam"},{"time":2.6,"name":"Hit","string":"resetHitList"},{"time":2.6666,"name":"Especial","string":"runScript-skill3Check"},{"time":2.6666,"name":"Hit","string":"resetHitList"},{"time":2.6666,"name":"Sound1","string":"cri_se_battle_beam"},{"time":2.7333,"name":"Hit","string":"resetHitList"},{"time":2.7333,"name":"efEvent2","float":2,"string":"shakeGround_Loop"},{"time":2.8,"name":"Hit","string":"resetHitList"},{"time":2.8,"name":"Sound1","string":"cri_se_battle_beam"},{"time":2.8333,"name":"Especial","string":"runScript-skill3Check"},{"time":2.8666,"name":"Hit","string":"resetHitList"},{"time":2.9333,"name":"Hit","string":"resetHitList"},{"time":2.9333,"name":"Sound1","string":"cri_se_battle_beam"},{"time":3,"name":"Especial","string":"runScript-skill3Check"},{"time":3,"name":"Hit","string":"resetHitList"},{"time":3.0666,"name":"Hit","string":"resetHitList"},{"time":3.0666,"name":"Sound1","string":"cri_se_battle_beam"},{"time":3.1333,"name":"Hit","string":"resetHitList"},{"time":3.1666,"name":"Especial","string":"runScript-skill3Check"},{"time":3.2,"name":"Hit","string":"resetHitList"},{"time":3.2,"name":"Sound1","string":"cri_se_battle_beam"},{"time":3.2,"name":"efEvent","float":0.07,"string":"kHitStopType_normal"},{"time":3.2666,"name":"Hit","string":"resetHitList"},{"time":3.2666,"name":"efEvent","float":0.1,"string":"kHitStopType_enemyonly"},{"time":3.3333,"name":"Especial","string":"runScript-skill3Check"},{"time":3.3333,"name":"Hit","string":"resetHitList"},{"time":3.3333,"name":"Sound1","string":"cri_se_battle_beam"},{"time":3.4,"name":"Hit","string":"resetHitList"},{"time":3.4666,"name":"Hit","string":"resetHitList"},{"time":3.4666,"name":"Sound1","string":"cri_se_battle_beam"},{"time":3.5,"name":"Especial","string":"runScript-skill3Check"},{"time":3.5333,"name":"Hit","string":"resetHitList"},{"time":3.5666,"name":"Event","string":"movePosition_Target(0,100,0)"},{"time":3.6,"name":"Hit","string":"resetHitList"},{"time":3.6,"name":"Sound1","string":"cri_se_battle_beam"},{"time":3.6666,"name":"Especial","string":"runScript-skill3Check"},{"time":3.6666,"name":"Hit","string":"resetHitList"},{"time":3.7333,"name":"Hit","string":"resetHitList"},{"time":3.7333,"name":"Sound1","string":"cri_se_battle_beam"},{"time":3.7333,"name":"efEvent2","float":2,"string":"shakeGround_Loop"},{"time":3.8,"name":"Hit","string":"resetHitList"},{"time":3.8333,"name":"Especial","string":"runScript-skill3Check"},{"time":3.8666,"name":"Hit","string":"resetHitList"},{"time":3.8666,"name":"Sound1","string":"cri_se_battle_beam"},{"time":3.9333,"name":"Hit","string":"resetHitList"},{"time":4,"name":"Especial","string":"runScript-skill3Check"},{"time":4,"name":"Hit","string":"resetHitList"},{"time":4,"name":"Sound1","string":"cri_se_battle_beam"},{"time":4,"name":"efEvent","float":0.1,"string":"kHitStopType_normal"},{"time":4.0666,"name":"Hit","string":"resetHitList"},{"time":4.0666,"name":"efEvent","float":0.1,"string":"kHitStopType_enemyonly"},{"time":4.1333,"name":"Hit","string":"resetHitList"},{"time":4.1333,"name":"Sound1","string":"cri_se_battle_beam"},{"time":4.1666,"name":"Especial","string":"runScript-skill3Check"},{"time":4.2,"name":"Hit","string":"resetHitList"},{"time":4.2,"name":"efEvent","float":0.6,"string":"kHitStopType_enemyonly"},{"time":4.2,"name":"efEvent2","float":2,"string":"shakeGround"},{"time":4.3333,"name":"Especial","string":"runScript-skill3Check"},{"time":4.5,"name":"Especial","string":"runScript-skill3Check"},{"time":4.6666,"name":"Especial","string":"runScript-skill3Check"},{"time":4.6666,"name":"Voice","string":"cri_128_voice_fullarts_rank6"},{"time":4.7333,"name":"Sound1","string":"cri_se_battle_beam"},{"time":4.7333,"name":"Sound2","string":"cri_se_battle_037_explosion_element_05"},{"time":4.8,"name":"Hit","string":"resetHitList"},{"time":4.8,"name":"efEvent","float":0.23,"string":"kHitStopType_normal"},{"time":4.8,"name":"efEvent2","float":2.2,"string":"shakeGround"},{"time":4.8333,"name":"Especial","string":"runScript-skill3Check"}]}}}