{"skeleton":{"hash":"eRCafKWvVj1EOQk5pA49FgSoyUQ","spine":"3.0.12","width":0,"height":0},"bones":[{"name":"root"},{"name":"MAIN","parent":"root","y":70},{"name":"HITBOX","parent":"MAIN","y":-70},{"name":"EF","parent":"root"},{"name":"MD_shock2_2","parent":"EF","x":300,"y":50},{"name":"MD_shock2_1","parent":"EF","x":300,"y":50},{"name":"MD_shock1_1","parent":"EF","x":357.42,"rotation":90},{"name":"EF_wave2_1","parent":"EF","x":300},{"name":"EF_wave1_1","parent":"EF","x":100},{"name":"EF_tower1_1","parent":"EF","x":400},{"name":"EF_shot1_3","parent":"EF","x":100,"y":50},{"name":"EF_shot1_2","parent":"EF","x":100,"y":50},{"name":"EF_shot1_1","parent":"EF","x":100,"y":50},{"name":"EF_rune1_1","parent":"EF","x":250,"y":49.95},{"name":"EF_rotwave1_3","parent":"EF","x":150},{"name":"EF_rotwave1_2","parent":"EF","x":150},{"name":"EF_rotwave1_1","parent":"EF","x":150},{"name":"EF_light1_1","parent":"EF","x":150.39,"y":50},{"name":"EF_firecircle1_1","parent":"EF","x":250},{"name":"EF_cross1_1","parent":"EF","x":200,"y":50},{"name":"EF_charge1_1","parent":"EF","x":100,"y":100},{"name":"EF_auracricle1_1","parent":"EF","x":200},{"name":"DAMAGEAREA","parent":"root","y":63.01}],"slots":[{"name":"DAMAGEAREA","bone":"DAMAGEAREA"},{"name":"EF_wave1_1","bone":"EF_wave1_1","blend":"additive"},{"name":"EF_wave2_1","bone":"EF_wave2_1","blend":"additive"},{"name":"MAIN","bone":"MAIN","attachment":"idle_00"},{"name":"MD_shock2_2","bone":"MD_shock2_2","color":"000000ff"},{"name":"MAIN2","bone":"MAIN"},{"name":"EF_rotwave1_1","bone":"EF_rotwave1_1","blend":"additive"},{"name":"EF_rotwave1_2","bone":"EF_rotwave1_2","blend":"additive"},{"name":"EF_rotwave1_3","bone":"EF_rotwave1_3","blend":"additive"},{"name":"EF_shot1_1","bone":"EF_shot1_1","blend":"additive"},{"name":"EF_shot1_2","bone":"EF_shot1_2","blend":"additive"},{"name":"EF_shot1_3","bone":"EF_shot1_3","blend":"additive"},{"name":"EF_light1_1","bone":"EF_light1_1","blend":"additive"},{"name":"EF_cross1_1","bone":"EF_cross1_1","blend":"additive"},{"name":"EF_charge1_1","bone":"EF_charge1_1","blend":"additive"},{"name":"EF_auracricle1_1","bone":"EF_auracricle1_1","blend":"additive"},{"name":"EF_rune1_1","bone":"EF_rune1_1","blend":"additive"},{"name":"EF_firecircle1_1","bone":"EF_firecircle1_1"},{"name":"MD_shock1_1","bone":"MD_shock1_1","blend":"additive"},{"name":"MD_shock2_1","bone":"MD_shock2_1","blend":"additive"},{"name":"EF_tower1_1","bone":"EF_tower1_1","blend":"additive"},{"name":"HITBOX","bone":"HITBOX","attachment":"HITBOX"}],"skins":{"default":{"DAMAGEAREA":{"DAMAGEAREA":{"type":"boundingbox","vertices":[63.69307,-62.88496,64.50107,64.44488,-63.54684,63.9429,-63.54684,-62.57898]}},"EF_auracricle1_1":{"EF/MD/ef_out_aura_main/ef_out_aura_main_00002":{"y":108.64,"width":180,"height":252},"EF/MD/ef_out_aura_main/ef_out_aura_main_00003":{"y":108.64,"width":180,"height":252},"EF/MD/ef_out_aura_main/ef_out_aura_main_00004":{"y":108.64,"width":180,"height":252},"EF/MD/ef_out_aura_main/ef_out_aura_main_00005":{"y":108.64,"width":180,"height":252},"EF/MD/ef_out_aura_main/ef_out_aura_main_00006":{"y":108.64,"width":180,"height":252},"EF/MD/ef_out_aura_main/ef_out_aura_main_00007":{"y":108.64,"width":180,"height":252},"EF/MD/ef_out_aura_main/ef_out_aura_main_00008":{"y":108.64,"width":180,"height":252},"EF/MD/ef_out_aura_main/ef_out_aura_main_00009":{"y":108.64,"width":180,"height":252},"EF/MD/ef_out_aura_main/ef_out_aura_main_00010":{"y":108.64,"width":180,"height":252},"EF/MD/ef_out_aura_main/ef_out_aura_main_00011":{"y":108.64,"width":180,"height":252},"EF/MD/ef_out_aura_main/ef_out_aura_main_00012":{"y":108.64,"width":180,"height":252},"EF/MD/ef_out_aura_main/ef_out_aura_main_00013":{"y":108.64,"width":180,"height":252},"EF/MD/ef_out_aura_main/ef_out_aura_main_00014":{"y":108.64,"width":180,"height":252},"EF/MD/ef_out_aura_main/ef_out_aura_main_00015":{"y":108.64,"width":180,"height":252},"EF/MD/ef_out_aura_main/ef_out_aura_main_00016":{"y":108.64,"width":180,"height":252},"EF/MD/ef_out_aura_main/ef_out_aura_main_00017":{"y":108.64,"width":180,"height":252},"EF/MD/ef_out_aura_main/ef_out_aura_main_00018":{"y":108.64,"width":180,"height":252},"EF/MD/ef_out_aura_main/ef_out_aura_main_00019":{"y":108.64,"width":180,"height":252},"EF/MD/ef_out_aura_main/ef_out_aura_main_00020":{"y":108.64,"width":180,"height":252}},"EF_charge1_1":{"EF/MD/ef_charge_A_main/ef_charge_A_main_00001":{"x":-1.32,"width":200,"height":200},"EF/MD/ef_charge_A_main/ef_charge_A_main_00002":{"x":-1.32,"width":200,"height":200},"EF/MD/ef_charge_A_main/ef_charge_A_main_00003":{"x":-1.32,"width":200,"height":200},"EF/MD/ef_charge_A_main/ef_charge_A_main_00004":{"x":-1.32,"width":200,"height":200},"EF/MD/ef_charge_A_main/ef_charge_A_main_00005":{"x":-1.32,"width":200,"height":200},"EF/MD/ef_charge_A_main/ef_charge_A_main_00006":{"x":-1.32,"width":200,"height":200},"EF/MD/ef_charge_A_main/ef_charge_A_main_00007":{"x":-1.32,"width":200,"height":200},"EF/MD/ef_charge_A_main/ef_charge_A_main_00008":{"x":-1.32,"width":200,"height":200},"EF/MD/ef_charge_A_main/ef_charge_A_main_00009":{"x":-1.32,"width":200,"height":200},"EF/MD/ef_charge_A_main/ef_charge_A_main_00010":{"x":-1.32,"width":200,"height":200}},"EF_cross1_1":{"EF/MD/EF_cross/ef_cross_blue_main_00001":{"width":180,"height":180},"EF/MD/EF_cross/ef_cross_blue_main_00002":{"width":180,"height":180},"EF/MD/EF_cross/ef_cross_blue_main_00003":{"width":180,"height":180},"EF/MD/EF_cross/ef_cross_blue_main_00004":{"width":180,"height":180}},"EF_firecircle1_1":{"EF/ef_aura_circle_graund_main 2/ef_aura_circle_graund_main 2_00001":{"width":200,"height":120},"EF/ef_aura_circle_graund_main 2/ef_aura_circle_graund_main 2_00002":{"width":200,"height":120},"EF/ef_aura_circle_graund_main 2/ef_aura_circle_graund_main 2_00003":{"width":200,"height":120},"EF/ef_aura_circle_graund_main 2/ef_aura_circle_graund_main 2_00004":{"width":200,"height":120},"EF/ef_aura_circle_graund_main 2/ef_aura_circle_graund_main 2_00005":{"width":200,"height":120},"EF/ef_aura_circle_graund_main 2/ef_aura_circle_graund_main 2_00006":{"width":200,"height":120},"EF/ef_aura_circle_graund_main 2/ef_aura_circle_graund_main 2_00007":{"width":200,"height":120},"EF/ef_aura_circle_graund_main 2/ef_aura_circle_graund_main 2_00008":{"width":200,"height":120},"EF/ef_aura_circle_graund_main 2/ef_aura_circle_graund_main 2_00009":{"width":200,"height":120},"EF/ef_aura_circle_graund_main 2/ef_aura_circle_graund_main 2_00010":{"width":200,"height":120},"EF/ef_aura_circle_graund_main 2/ef_aura_circle_graund_main 2_00011":{"width":200,"height":120}},"EF_light1_1":{"EF/MD/130_S1_shine1_00040":{"y":-2.59,"width":350,"height":350}},"EF_rotwave1_1":{"EF/ef_rot_wave_main/ef_rot_wave_main_00001":{"rotation":-90,"width":150,"height":230},"EF/ef_rot_wave_main/ef_rot_wave_main_00002":{"rotation":-90,"width":150,"height":230},"EF/ef_rot_wave_main/ef_rot_wave_main_00003":{"rotation":-90,"width":150,"height":230},"EF/ef_rot_wave_main/ef_rot_wave_main_00004":{"rotation":-90,"width":150,"height":230},"EF/ef_rot_wave_main/ef_rot_wave_main_00005":{"rotation":-90,"width":150,"height":230},"EF/ef_rot_wave_main/ef_rot_wave_main_00006":{"rotation":-90,"width":150,"height":230},"EF/ef_rot_wave_main/ef_rot_wave_main_00007":{"rotation":-90,"width":150,"height":230},"EF/ef_rot_wave_main/ef_rot_wave_main_00008":{"rotation":-90,"width":150,"height":230},"EF/ef_rot_wave_main/ef_rot_wave_main_00009":{"rotation":-90,"width":150,"height":230},"EF/ef_rot_wave_main/ef_rot_wave_main_00010":{"rotation":-90,"width":150,"height":230},"EF/ef_rot_wave_main/ef_rot_wave_main_00011":{"rotation":-90,"width":150,"height":230},"EF/ef_rot_wave_main/ef_rot_wave_main_00012":{"rotation":-90,"width":150,"height":230},"EF/ef_rot_wave_main/ef_rot_wave_main_00013":{"rotation":-90,"width":150,"height":230},"EF/ef_rot_wave_main/ef_rot_wave_main_00014":{"rotation":-90,"width":150,"height":230},"EF/ef_rot_wave_main/ef_rot_wave_main_00015":{"rotation":-90,"width":150,"height":230}},"EF_rotwave1_2":{"EF/ef_rot_wave_main/ef_rot_wave_main_00001":{"rotation":-90,"width":150,"height":230},"EF/ef_rot_wave_main/ef_rot_wave_main_00002":{"rotation":-90,"width":150,"height":230},"EF/ef_rot_wave_main/ef_rot_wave_main_00003":{"rotation":-90,"width":150,"height":230},"EF/ef_rot_wave_main/ef_rot_wave_main_00004":{"rotation":-90,"width":150,"height":230},"EF/ef_rot_wave_main/ef_rot_wave_main_00005":{"rotation":-90,"width":150,"height":230},"EF/ef_rot_wave_main/ef_rot_wave_main_00006":{"rotation":-90,"width":150,"height":230},"EF/ef_rot_wave_main/ef_rot_wave_main_00007":{"rotation":-90,"width":150,"height":230},"EF/ef_rot_wave_main/ef_rot_wave_main_00008":{"rotation":-90,"width":150,"height":230},"EF/ef_rot_wave_main/ef_rot_wave_main_00009":{"rotation":-90,"width":150,"height":230},"EF/ef_rot_wave_main/ef_rot_wave_main_00010":{"rotation":-90,"width":150,"height":230},"EF/ef_rot_wave_main/ef_rot_wave_main_00011":{"rotation":-90,"width":150,"height":230},"EF/ef_rot_wave_main/ef_rot_wave_main_00012":{"rotation":-90,"width":150,"height":230},"EF/ef_rot_wave_main/ef_rot_wave_main_00013":{"rotation":-90,"width":150,"height":230},"EF/ef_rot_wave_main/ef_rot_wave_main_00014":{"rotation":-90,"width":150,"height":230},"EF/ef_rot_wave_main/ef_rot_wave_main_00015":{"rotation":-90,"width":150,"height":230}},"EF_rotwave1_3":{"EF/ef_rot_wave_main/ef_rot_wave_main_00001":{"rotation":-90,"width":150,"height":230},"EF/ef_rot_wave_main/ef_rot_wave_main_00002":{"rotation":-90,"width":150,"height":230},"EF/ef_rot_wave_main/ef_rot_wave_main_00003":{"rotation":-90,"width":150,"height":230},"EF/ef_rot_wave_main/ef_rot_wave_main_00004":{"rotation":-90,"width":150,"height":230},"EF/ef_rot_wave_main/ef_rot_wave_main_00005":{"rotation":-90,"width":150,"height":230},"EF/ef_rot_wave_main/ef_rot_wave_main_00006":{"rotation":-90,"width":150,"height":230},"EF/ef_rot_wave_main/ef_rot_wave_main_00007":{"rotation":-90,"width":150,"height":230},"EF/ef_rot_wave_main/ef_rot_wave_main_00008":{"rotation":-90,"width":150,"height":230},"EF/ef_rot_wave_main/ef_rot_wave_main_00009":{"rotation":-90,"width":150,"height":230},"EF/ef_rot_wave_main/ef_rot_wave_main_00010":{"rotation":-90,"width":150,"height":230},"EF/ef_rot_wave_main/ef_rot_wave_main_00011":{"rotation":-90,"width":150,"height":230},"EF/ef_rot_wave_main/ef_rot_wave_main_00012":{"rotation":-90,"width":150,"height":230},"EF/ef_rot_wave_main/ef_rot_wave_main_00013":{"rotation":-90,"width":150,"height":230},"EF/ef_rot_wave_main/ef_rot_wave_main_00014":{"rotation":-90,"width":150,"height":230},"EF/ef_rot_wave_main/ef_rot_wave_main_00015":{"rotation":-90,"width":150,"height":230}},"EF_rune1_1":{"EF/MD/ef_rune_main/ef_rune_main_00001":{"width":240,"height":240},"EF/MD/ef_rune_main/ef_rune_main_00002":{"width":240,"height":240},"EF/MD/ef_rune_main/ef_rune_main_00003":{"width":240,"height":240},"EF/MD/ef_rune_main/ef_rune_main_00004":{"width":240,"height":240},"EF/MD/ef_rune_main/ef_rune_main_00005":{"width":240,"height":240},"EF/MD/ef_rune_main/ef_rune_main_00006":{"width":240,"height":240},"EF/MD/ef_rune_main/ef_rune_main_00007":{"width":240,"height":240},"EF/MD/ef_rune_main/ef_rune_main_00008":{"width":240,"height":240},"EF/MD/ef_rune_main/ef_rune_main_00009":{"width":240,"height":240},"EF/MD/ef_rune_main/ef_rune_main_00010":{"width":240,"height":240},"EF/MD/ef_rune_main/ef_rune_main_00011":{"width":240,"height":240},"EF/MD/ef_rune_main/ef_rune_main_00012":{"width":240,"height":240},"EF/MD/ef_rune_main/ef_rune_main_00013":{"width":240,"height":240},"EF/MD/ef_rune_main/ef_rune_main_00014":{"width":240,"height":240},"EF/MD/ef_rune_main/ef_rune_main_00015":{"width":240,"height":240},"EF/MD/ef_rune_main/ef_rune_main_00016":{"width":240,"height":240},"EF/MD/ef_rune_main/ef_rune_main_00017":{"width":240,"height":240},"EF/MD/ef_rune_main/ef_rune_main_00018":{"width":240,"height":240},"EF/MD/ef_rune_main/ef_rune_main_00019":{"width":240,"height":240},"EF/MD/ef_rune_main/ef_rune_main_00020":{"width":240,"height":240},"EF/MD/ef_rune_main/ef_rune_main_00021":{"width":240,"height":240},"EF/MD/ef_rune_main/ef_rune_main_00022":{"width":240,"height":240},"EF/MD/ef_rune_main/ef_rune_main_00023":{"width":240,"height":240},"EF/MD/ef_rune_main/ef_rune_main_00024":{"width":240,"height":240},"EF/MD/ef_rune_main/ef_rune_main_00025":{"width":240,"height":240},"EF/MD/ef_rune_main/ef_rune_main_00026":{"width":240,"height":240},"EF/MD/ef_rune_main/ef_rune_main_00027":{"width":240,"height":240},"EF/MD/ef_rune_main/ef_rune_main_00028":{"width":240,"height":240},"EF/MD/ef_rune_main/ef_rune_main_00029":{"width":240,"height":240},"EF/MD/ef_rune_main/ef_rune_main_00030":{"width":240,"height":240}},"EF_shot1_1":{"EF/ef_mzl_shot_main/ef_mzl_shot_main_00001":{"x":-8.2,"width":200,"height":200},"EF/ef_mzl_shot_main/ef_mzl_shot_main_00002":{"x":-8.2,"width":200,"height":200},"EF/ef_mzl_shot_main/ef_mzl_shot_main_00003":{"x":-8.2,"width":200,"height":200},"EF/ef_mzl_shot_main/ef_mzl_shot_main_00004":{"x":-8.2,"width":200,"height":200},"EF/ef_mzl_shot_main/ef_mzl_shot_main_00005":{"x":-8.2,"width":200,"height":200},"EF/ef_mzl_shot_main/ef_mzl_shot_main_00006":{"x":-8.2,"width":200,"height":200},"EF/ef_mzl_shot_main/ef_mzl_shot_main_00007":{"x":-8.2,"width":200,"height":200},"EF/ef_mzl_shot_main/ef_mzl_shot_main_00008":{"x":-8.2,"width":200,"height":200}},"EF_shot1_2":{"EF/ef_mzl_shot_main/ef_mzl_shot_main_00001":{"x":-8.2,"width":200,"height":200},"EF/ef_mzl_shot_main/ef_mzl_shot_main_00002":{"x":-8.2,"width":200,"height":200},"EF/ef_mzl_shot_main/ef_mzl_shot_main_00003":{"x":-8.2,"width":200,"height":200},"EF/ef_mzl_shot_main/ef_mzl_shot_main_00004":{"x":-8.2,"width":200,"height":200},"EF/ef_mzl_shot_main/ef_mzl_shot_main_00005":{"x":-8.2,"width":200,"height":200},"EF/ef_mzl_shot_main/ef_mzl_shot_main_00006":{"x":-8.2,"width":200,"height":200},"EF/ef_mzl_shot_main/ef_mzl_shot_main_00007":{"x":-8.2,"width":200,"height":200},"EF/ef_mzl_shot_main/ef_mzl_shot_main_00008":{"x":-8.2,"width":200,"height":200}},"EF_shot1_3":{"EF/ef_mzl_shot_main/ef_mzl_shot_main_00001":{"x":-8.2,"width":200,"height":200},"EF/ef_mzl_shot_main/ef_mzl_shot_main_00002":{"x":-8.2,"width":200,"height":200},"EF/ef_mzl_shot_main/ef_mzl_shot_main_00003":{"x":-8.2,"width":200,"height":200},"EF/ef_mzl_shot_main/ef_mzl_shot_main_00004":{"x":-8.2,"width":200,"height":200},"EF/ef_mzl_shot_main/ef_mzl_shot_main_00005":{"x":-8.2,"width":200,"height":200},"EF/ef_mzl_shot_main/ef_mzl_shot_main_00006":{"x":-8.2,"width":200,"height":200},"EF/ef_mzl_shot_main/ef_mzl_shot_main_00007":{"x":-8.2,"width":200,"height":200},"EF/ef_mzl_shot_main/ef_mzl_shot_main_00008":{"x":-8.2,"width":200,"height":200}},"EF_tower1_1":{"EF/MD/EF_tower/ef_MD_tower_00":{"y":108.2,"width":250,"height":250},"EF/MD/EF_tower/ef_MD_tower_01":{"y":108.2,"width":250,"height":250},"EF/MD/EF_tower/ef_MD_tower_02":{"y":108.2,"width":250,"height":250},"EF/MD/EF_tower/ef_MD_tower_03":{"y":108.2,"width":250,"height":250},"EF/MD/EF_tower/ef_MD_tower_04":{"y":108.2,"width":250,"height":250},"EF/MD/EF_tower/ef_MD_tower_05":{"y":108.2,"width":250,"height":250},"EF/MD/EF_tower/ef_MD_tower_06":{"y":108.2,"width":250,"height":250},"EF/MD/EF_tower/ef_MD_tower_07":{"y":108.2,"width":250,"height":250},"EF/MD/EF_tower/ef_MD_tower_08":{"y":108.2,"width":250,"height":250}},"EF_wave1_1":{"EF/ef_graund_wave_yellow/ef_graund_wave_yellow_00001":{"y":9.94,"width":200,"height":120},"EF/ef_graund_wave_yellow/ef_graund_wave_yellow_00002":{"y":9.94,"width":200,"height":120},"EF/ef_graund_wave_yellow/ef_graund_wave_yellow_00003":{"y":9.94,"width":200,"height":120},"EF/ef_graund_wave_yellow/ef_graund_wave_yellow_00004":{"y":9.94,"width":200,"height":120},"EF/ef_graund_wave_yellow/ef_graund_wave_yellow_00005":{"y":9.94,"width":200,"height":120},"EF/ef_graund_wave_yellow/ef_graund_wave_yellow_00006":{"y":9.94,"width":200,"height":120},"EF/ef_graund_wave_yellow/ef_graund_wave_yellow_00007":{"y":9.94,"width":200,"height":120},"EF/ef_graund_wave_yellow/ef_graund_wave_yellow_00008":{"y":9.94,"width":200,"height":120},"EF/ef_graund_wave_yellow/ef_graund_wave_yellow_00009":{"y":9.94,"width":200,"height":120},"EF/ef_graund_wave_yellow/ef_graund_wave_yellow_00010":{"y":9.94,"width":200,"height":120},"EF/ef_graund_wave_yellow/ef_graund_wave_yellow_00011":{"y":9.94,"width":200,"height":120},"EF/ef_graund_wave_yellow/ef_graund_wave_yellow_00012":{"y":9.94,"width":200,"height":120}},"EF_wave2_1":{"EF/ef_graund_wave_dark/ef_graund_wave_dark_00001":{"y":9.51,"width":200,"height":120},"EF/ef_graund_wave_dark/ef_graund_wave_dark_00002":{"y":9.51,"width":200,"height":120},"EF/ef_graund_wave_dark/ef_graund_wave_dark_00003":{"y":9.51,"width":200,"height":120},"EF/ef_graund_wave_dark/ef_graund_wave_dark_00004":{"y":9.51,"width":200,"height":120},"EF/ef_graund_wave_dark/ef_graund_wave_dark_00005":{"y":9.51,"width":200,"height":120},"EF/ef_graund_wave_dark/ef_graund_wave_dark_00006":{"y":9.51,"width":200,"height":120},"EF/ef_graund_wave_dark/ef_graund_wave_dark_00007":{"y":9.51,"width":200,"height":120},"EF/ef_graund_wave_dark/ef_graund_wave_dark_00008":{"y":9.51,"width":200,"height":120},"EF/ef_graund_wave_dark/ef_graund_wave_dark_00009":{"y":9.51,"width":200,"height":120},"EF/ef_graund_wave_dark/ef_graund_wave_dark_00010":{"y":9.51,"width":200,"height":120},"EF/ef_graund_wave_dark/ef_graund_wave_dark_00011":{"y":9.51,"width":200,"height":120},"EF/ef_graund_wave_dark/ef_graund_wave_dark_00012":{"y":9.51,"width":200,"height":120}},"HITBOX":{"HITBOX":{"type":"boundingbox","vertices":[-11.64062,0.8801,27.07736,0.8801,27.07736,123.48711,-10.92364,123.48711]}},"MAIN":{"attack_1":{"x":4.55,"y":7.08,"scaleX":2,"scaleY":2,"width":95,"height":95},"attack_2":{"x":4.55,"y":7.08,"scaleX":2,"scaleY":2,"width":95,"height":95},"attack_3":{"x":4.55,"y":7.08,"scaleX":2,"scaleY":2,"width":95,"height":95},"attack_4":{"x":4.55,"y":7.08,"scaleX":2,"scaleY":2,"width":95,"height":95},"attack_5":{"x":4.55,"y":7.08,"scaleX":2,"scaleY":2,"width":95,"height":95},"attack_6":{"x":4.55,"y":7.08,"scaleX":2,"scaleY":2,"width":95,"height":95},"attack_7":{"x":4.55,"y":7.08,"scaleX":2,"scaleY":2,"width":95,"height":95},"attack_8":{"x":4.55,"y":7.08,"scaleX":2,"scaleY":2,"width":95,"height":95},"attack_9":{"x":4.55,"y":7.08,"scaleX":2,"scaleY":2,"width":95,"height":95},"attack_10":{"x":4.55,"y":7.08,"scaleX":2,"scaleY":2,"width":95,"height":95},"back":{"x":4.55,"y":7.08,"scaleX":2,"scaleY":2,"width":95,"height":95},"damage":{"x":4.55,"y":7.08,"scaleX":2,"scaleY":2,"width":95,"height":95},"front":{"x":4.55,"y":7.08,"scaleX":2,"scaleY":2,"width":95,"height":95},"idle_00":{"x":4.55,"y":7.08,"scaleX":2,"scaleY":2,"width":95,"height":95},"idle_01":{"x":4.55,"y":7.08,"scaleX":2,"scaleY":2,"width":95,"height":95},"idle_02":{"x":4.55,"y":7.08,"scaleX":2,"scaleY":2,"width":95,"height":95},"idle_03":{"x":4.55,"y":7.08,"scaleX":2,"scaleY":2,"width":95,"height":95},"idle_04":{"x":4.55,"y":7.08,"scaleX":2,"scaleY":2,"width":95,"height":95},"skill1_1":{"x":4.55,"y":7.08,"scaleX":2,"scaleY":2,"width":95,"height":95},"skill1_2":{"x":4.55,"y":7.08,"scaleX":2,"scaleY":2,"width":95,"height":95},"skill1_3":{"x":4.55,"y":7.08,"scaleX":2,"scaleY":2,"width":95,"height":95},"skill1_4":{"x":4.55,"y":7.08,"scaleX":2,"scaleY":2,"width":95,"height":95},"skill1_5":{"x":4.55,"y":7.08,"scaleX":2,"scaleY":2,"width":95,"height":95},"skill1_6":{"x":4.55,"y":7.08,"scaleX":2,"scaleY":2,"width":95,"height":95},"skill1_7":{"x":4.55,"y":7.08,"scaleX":2,"scaleY":2,"width":95,"height":95},"skill1_8":{"x":4.55,"y":7.08,"scaleX":2,"scaleY":2,"width":95,"height":95},"skill1_9":{"x":4.55,"y":7.08,"scaleX":2,"scaleY":2,"width":95,"height":95},"skill1_10":{"x":4.55,"y":7.08,"scaleX":2,"scaleY":2,"width":95,"height":95},"skill1_11":{"x":4.55,"y":7.08,"scaleX":2,"scaleY":2,"width":95,"height":95},"skill2_1":{"x":4.55,"y":7.08,"scaleX":2,"scaleY":2,"width":95,"height":95},"skill2_2":{"x":4.55,"y":7.08,"scaleX":2,"scaleY":2,"width":95,"height":95},"skill2_3":{"x":4.55,"y":7.08,"scaleX":2,"scaleY":2,"width":95,"height":95},"skill2_4":{"x":4.55,"y":7.08,"scaleX":2,"scaleY":2,"width":95,"height":95},"skill2_5":{"x":4.55,"y":7.08,"scaleX":2,"scaleY":2,"width":95,"height":95},"skill2_6":{"x":4.55,"y":7.08,"scaleX":2,"scaleY":2,"width":95,"height":95},"skill2_7":{"x":4.55,"y":7.08,"scaleX":2,"scaleY":2,"width":95,"height":95},"skill2_8":{"x":4.55,"y":7.08,"scaleX":2,"scaleY":2,"width":95,"height":95},"skill2_9":{"x":4.55,"y":7.08,"scaleX":2,"scaleY":2,"width":95,"height":95},"skill2_10":{"x":4.55,"y":7.08,"scaleX":2,"scaleY":2,"width":95,"height":95},"skill2_11":{"x":4.55,"y":7.08,"scaleX":2,"scaleY":2,"width":95,"height":95},"skill2_12":{"x":4.55,"y":7.08,"scaleX":2,"scaleY":2,"width":95,"height":95},"skill2_13":{"x":4.55,"y":7.08,"scaleX":2,"scaleY":2,"width":95,"height":95},"skill2_14":{"x":4.55,"y":7.08,"scaleX":2,"scaleY":2,"width":95,"height":95},"skill2_15":{"x":4.55,"y":7.08,"scaleX":2,"scaleY":2,"width":95,"height":95},"skill2_16":{"x":4.55,"y":7.08,"scaleX":2,"scaleY":2,"width":95,"height":95},"skill3_1":{"x":4.55,"y":7.08,"scaleX":2,"scaleY":2,"width":95,"height":95},"skill3_2":{"x":4.55,"y":7.08,"scaleX":2,"scaleY":2,"width":95,"height":95},"skill3_3":{"x":4.55,"y":7.08,"scaleX":2,"scaleY":2,"width":95,"height":95},"skill3_4":{"x":4.55,"y":7.08,"scaleX":2,"scaleY":2,"width":95,"height":95},"skill3_5":{"x":4.55,"y":7.08,"scaleX":2,"scaleY":2,"width":95,"height":95},"skill3_6":{"x":4.55,"y":7.08,"scaleX":2,"scaleY":2,"width":95,"height":95},"skill3_7":{"x":4.55,"y":7.08,"scaleX":2,"scaleY":2,"width":95,"height":95},"skill3_8":{"x":4.55,"y":7.08,"scaleX":2,"scaleY":2,"width":95,"height":95},"skill3_9":{"x":4.55,"y":7.08,"scaleX":2,"scaleY":2,"width":95,"height":95},"skill3_10":{"x":4.55,"y":7.08,"scaleX":2,"scaleY":2,"width":95,"height":95},"skill3_11":{"x":4.55,"y":7.08,"scaleX":2,"scaleY":2,"width":95,"height":95},"skill3_13":{"x":4.55,"y":7.08,"scaleX":2,"scaleY":2,"width":95,"height":95},"skill3_14":{"x":4.55,"y":7.08,"scaleX":2,"scaleY":2,"width":95,"height":95},"skill3_15":{"x":4.55,"y":7.08,"scaleX":2,"scaleY":2,"width":95,"height":95},"skill3_16":{"x":4.55,"y":7.08,"scaleX":2,"scaleY":2,"width":95,"height":95},"skill3_17":{"x":4.55,"y":7.08,"scaleX":2,"scaleY":2,"width":95,"height":95},"skill3_18":{"x":4.55,"y":7.08,"scaleX":2,"scaleY":2,"width":95,"height":95},"skill3_19":{"x":4.55,"y":7.08,"scaleX":2,"scaleY":2,"width":95,"height":95},"skill3_20":{"x":4.55,"y":7.08,"scaleX":2,"scaleY":2,"width":95,"height":95},"skill3_21":{"x":4.55,"y":7.08,"scaleX":2,"scaleY":2,"width":95,"height":95},"skill4_1":{"x":4.55,"y":7.08,"scaleX":2,"scaleY":2,"width":95,"height":95},"skill4_2":{"x":4.55,"y":7.08,"scaleX":2,"scaleY":2,"width":95,"height":95},"skill4_3":{"x":4.55,"y":7.08,"scaleX":2,"scaleY":2,"width":95,"height":95},"skill4_4":{"x":4.55,"y":7.08,"scaleX":2,"scaleY":2,"width":95,"height":95},"skill4_5":{"x":4.55,"y":7.08,"scaleX":2,"scaleY":2,"width":95,"height":95},"skill4_6":{"x":4.55,"y":7.08,"scaleX":2,"scaleY":2,"width":95,"height":95},"skill4_7":{"x":4.55,"y":7.08,"scaleX":2,"scaleY":2,"width":95,"height":95},"skill4_8":{"x":4.55,"y":7.08,"scaleX":2,"scaleY":2,"width":95,"height":95},"skill4_9":{"x":4.55,"y":7.08,"scaleX":2,"scaleY":2,"width":95,"height":95},"skill4_10":{"x":4.55,"y":7.08,"scaleX":2,"scaleY":2,"width":95,"height":95},"skill4_11":{"x":4.55,"y":7.08,"scaleX":2,"scaleY":2,"width":95,"height":95},"skill4_12":{"x":4.55,"y":7.08,"scaleX":2,"scaleY":2,"width":95,"height":95},"skill4_13":{"x":4.55,"y":7.08,"scaleX":2,"scaleY":2,"width":95,"height":95},"skill4_14":{"x":4.55,"y":7.08,"scaleX":2,"scaleY":2,"width":95,"height":95},"skill4_15":{"x":4.55,"y":7.08,"scaleX":2,"scaleY":2,"width":95,"height":95},"skill4_16":{"x":4.55,"y":7.08,"scaleX":2,"scaleY":2,"width":95,"height":95},"skill4_17":{"x":4.55,"y":7.08,"scaleX":2,"scaleY":2,"width":95,"height":95}},"MAIN2":{"skill3_20":{"x":4.55,"y":7.08,"scaleX":2,"scaleY":2,"width":95,"height":95}},"MD_shock1_1":{"EF/MD/ef_MD_shock1/ef_MD_shock_00":{"x":67.12,"width":210,"height":210},"EF/MD/ef_MD_shock1/ef_MD_shock_01":{"x":67.12,"width":210,"height":210},"EF/MD/ef_MD_shock1/ef_MD_shock_02":{"x":67.12,"width":210,"height":210},"EF/MD/ef_MD_shock1/ef_MD_shock_03":{"x":67.12,"width":210,"height":210},"EF/MD/ef_MD_shock1/ef_MD_shock_04":{"x":67.12,"width":210,"height":210},"EF/MD/ef_MD_shock1/ef_MD_shock_05":{"x":67.12,"width":210,"height":210},"EF/MD/ef_MD_shock1/ef_MD_shock_06":{"x":67.12,"width":210,"height":210},"EF/MD/ef_MD_shock1/ef_MD_shock_07":{"x":67.12,"width":210,"height":210},"EF/MD/ef_MD_shock1/ef_MD_shock_08":{"x":67.12,"width":210,"height":210},"EF/MD/ef_MD_shock1/ef_MD_shock_09":{"x":67.12,"width":210,"height":210},"EF/MD/ef_MD_shock1/ef_MD_shock_10":{"x":67.12,"width":210,"height":210},"EF/MD/ef_MD_shock1/ef_MD_shock_11":{"x":67.12,"width":210,"height":210}},"MD_shock2_1":{"EF/MD/ef_MD_shock2/ef_MD_shock2_00":{"width":210,"height":210},"EF/MD/ef_MD_shock2/ef_MD_shock2_01":{"width":210,"height":210},"EF/MD/ef_MD_shock2/ef_MD_shock2_02":{"width":210,"height":210},"EF/MD/ef_MD_shock2/ef_MD_shock2_03":{"width":210,"height":210},"EF/MD/ef_MD_shock2/ef_MD_shock2_04":{"width":210,"height":210},"EF/MD/ef_MD_shock2/ef_MD_shock2_05":{"width":210,"height":210},"EF/MD/ef_MD_shock2/ef_MD_shock2_06":{"width":210,"height":210},"EF/MD/ef_MD_shock2/ef_MD_shock2_07":{"width":210,"height":210},"EF/MD/ef_MD_shock2/ef_MD_shock2_08":{"width":210,"height":210},"EF/MD/ef_MD_shock2/ef_MD_shock2_09":{"width":210,"height":210},"EF/MD/ef_MD_shock2/ef_MD_shock2_10":{"width":210,"height":210}},"MD_shock2_2":{"EF/MD/ef_MD_shock2/ef_MD_shock2_00":{"width":210,"height":210},"EF/MD/ef_MD_shock2/ef_MD_shock2_01":{"width":210,"height":210},"EF/MD/ef_MD_shock2/ef_MD_shock2_02":{"width":210,"height":210},"EF/MD/ef_MD_shock2/ef_MD_shock2_03":{"width":210,"height":210},"EF/MD/ef_MD_shock2/ef_MD_shock2_04":{"width":210,"height":210},"EF/MD/ef_MD_shock2/ef_MD_shock2_05":{"width":210,"height":210},"EF/MD/ef_MD_shock2/ef_MD_shock2_06":{"width":210,"height":210},"EF/MD/ef_MD_shock2/ef_MD_shock2_07":{"width":210,"height":210},"EF/MD/ef_MD_shock2/ef_MD_shock2_08":{"width":210,"height":210},"EF/MD/ef_MD_shock2/ef_MD_shock2_09":{"width":210,"height":210},"EF/MD/ef_MD_shock2/ef_MD_shock2_10":{"width":210,"height":210}}}},"events":{"Event":{},"Event2":{},"Hit":{},"Sound1":{},"Sound2":{},"Sound3":{},"Voice":{}},"animations":{"attack1":{"slots":{"DAMAGEAREA":{"attachment":[{"time":0.7333,"name":"DAMAGEAREA"},{"time":0.9,"name":null}]},"EF_rotwave1_1":{"attachment":[{"time":0.2,"name":"EF/ef_rot_wave_main/ef_rot_wave_main_00001"},{"time":0.2333,"name":"EF/ef_rot_wave_main/ef_rot_wave_main_00002"},{"time":0.2666,"name":"EF/ef_rot_wave_main/ef_rot_wave_main_00003"},{"time":0.3,"name":"EF/ef_rot_wave_main/ef_rot_wave_main_00004"},{"time":0.3333,"name":"EF/ef_rot_wave_main/ef_rot_wave_main_00005"},{"time":0.3666,"name":"EF/ef_rot_wave_main/ef_rot_wave_main_00006"},{"time":0.4,"name":"EF/ef_rot_wave_main/ef_rot_wave_main_00007"},{"time":0.4333,"name":"EF/ef_rot_wave_main/ef_rot_wave_main_00008"},{"time":0.4666,"name":"EF/ef_rot_wave_main/ef_rot_wave_main_00009"},{"time":0.5,"name":"EF/ef_rot_wave_main/ef_rot_wave_main_00010"},{"time":0.5333,"name":"EF/ef_rot_wave_main/ef_rot_wave_main_00011"},{"time":0.5666,"name":"EF/ef_rot_wave_main/ef_rot_wave_main_00012"},{"time":0.6,"name":"EF/ef_rot_wave_main/ef_rot_wave_main_00013"},{"time":0.6333,"name":"EF/ef_rot_wave_main/ef_rot_wave_main_00014"},{"time":0.6666,"name":"EF/ef_rot_wave_main/ef_rot_wave_main_00015"},{"time":0.7,"name":null}]},"EF_rotwave1_2":{"attachment":[{"time":0.2666,"name":"EF/ef_rot_wave_main/ef_rot_wave_main_00001"},{"time":0.3,"name":"EF/ef_rot_wave_main/ef_rot_wave_main_00002"},{"time":0.3333,"name":"EF/ef_rot_wave_main/ef_rot_wave_main_00003"},{"time":0.3666,"name":"EF/ef_rot_wave_main/ef_rot_wave_main_00004"},{"time":0.4,"name":"EF/ef_rot_wave_main/ef_rot_wave_main_00005"},{"time":0.4333,"name":"EF/ef_rot_wave_main/ef_rot_wave_main_00006"},{"time":0.4666,"name":"EF/ef_rot_wave_main/ef_rot_wave_main_00007"},{"time":0.5,"name":"EF/ef_rot_wave_main/ef_rot_wave_main_00008"},{"time":0.5333,"name":"EF/ef_rot_wave_main/ef_rot_wave_main_00009"},{"time":0.5666,"name":"EF/ef_rot_wave_main/ef_rot_wave_main_00010"},{"time":0.6,"name":"EF/ef_rot_wave_main/ef_rot_wave_main_00011"},{"time":0.6333,"name":"EF/ef_rot_wave_main/ef_rot_wave_main_00012"},{"time":0.6666,"name":"EF/ef_rot_wave_main/ef_rot_wave_main_00013"},{"time":0.7,"name":"EF/ef_rot_wave_main/ef_rot_wave_main_00014"},{"time":0.7333,"name":"EF/ef_rot_wave_main/ef_rot_wave_main_00015"},{"time":0.7666,"name":null}]},"EF_rotwave1_3":{"attachment":[{"time":0.3,"name":"EF/ef_rot_wave_main/ef_rot_wave_main_00001"},{"time":0.3333,"name":"EF/ef_rot_wave_main/ef_rot_wave_main_00002"},{"time":0.3666,"name":"EF/ef_rot_wave_main/ef_rot_wave_main_00003"},{"time":0.4,"name":"EF/ef_rot_wave_main/ef_rot_wave_main_00004"},{"time":0.4333,"name":"EF/ef_rot_wave_main/ef_rot_wave_main_00005"},{"time":0.4666,"name":"EF/ef_rot_wave_main/ef_rot_wave_main_00006"},{"time":0.5,"name":"EF/ef_rot_wave_main/ef_rot_wave_main_00007"},{"time":0.5333,"name":"EF/ef_rot_wave_main/ef_rot_wave_main_00008"},{"time":0.5666,"name":"EF/ef_rot_wave_main/ef_rot_wave_main_00009"},{"time":0.6,"name":"EF/ef_rot_wave_main/ef_rot_wave_main_00010"},{"time":0.6333,"name":"EF/ef_rot_wave_main/ef_rot_wave_main_00011"},{"time":0.6666,"name":"EF/ef_rot_wave_main/ef_rot_wave_main_00012"},{"time":0.7,"name":"EF/ef_rot_wave_main/ef_rot_wave_main_00013"},{"time":0.7333,"name":"EF/ef_rot_wave_main/ef_rot_wave_main_00014"},{"time":0.7666,"name":"EF/ef_rot_wave_main/ef_rot_wave_main_00015"},{"time":0.8,"name":null}]},"EF_shot1_1":{"attachment":[{"time":0.7,"name":"EF/ef_mzl_shot_main/ef_mzl_shot_main_00001"},{"time":0.7333,"name":"EF/ef_mzl_shot_main/ef_mzl_shot_main_00002"},{"time":0.7666,"name":"EF/ef_mzl_shot_main/ef_mzl_shot_main_00003"},{"time":0.8,"name":"EF/ef_mzl_shot_main/ef_mzl_shot_main_00004"},{"time":0.8333,"name":"EF/ef_mzl_shot_main/ef_mzl_shot_main_00005"},{"time":0.8666,"name":"EF/ef_mzl_shot_main/ef_mzl_shot_main_00006"},{"time":0.9,"name":"EF/ef_mzl_shot_main/ef_mzl_shot_main_00007"},{"time":0.9333,"name":"EF/ef_mzl_shot_main/ef_mzl_shot_main_00008"},{"time":0.9666,"name":null}]},"EF_shot1_2":{"attachment":[{"time":0.7333,"name":"EF/ef_mzl_shot_main/ef_mzl_shot_main_00001"},{"time":0.7666,"name":"EF/ef_mzl_shot_main/ef_mzl_shot_main_00002"},{"time":0.8,"name":"EF/ef_mzl_shot_main/ef_mzl_shot_main_00003"},{"time":0.8333,"name":"EF/ef_mzl_shot_main/ef_mzl_shot_main_00004"},{"time":0.8666,"name":"EF/ef_mzl_shot_main/ef_mzl_shot_main_00005"},{"time":0.9,"name":"EF/ef_mzl_shot_main/ef_mzl_shot_main_00006"},{"time":0.9333,"name":"EF/ef_mzl_shot_main/ef_mzl_shot_main_00007"},{"time":0.9666,"name":"EF/ef_mzl_shot_main/ef_mzl_shot_main_00008"},{"time":1,"name":null}]},"EF_shot1_3":{"attachment":[{"time":0.8,"name":"EF/ef_mzl_shot_main/ef_mzl_shot_main_00001"},{"time":0.8333,"name":"EF/ef_mzl_shot_main/ef_mzl_shot_main_00002"},{"time":0.8666,"name":"EF/ef_mzl_shot_main/ef_mzl_shot_main_00003"},{"time":0.9,"name":"EF/ef_mzl_shot_main/ef_mzl_shot_main_00004"},{"time":0.9333,"name":"EF/ef_mzl_shot_main/ef_mzl_shot_main_00005"},{"time":0.9666,"name":"EF/ef_mzl_shot_main/ef_mzl_shot_main_00006"},{"time":1,"name":"EF/ef_mzl_shot_main/ef_mzl_shot_main_00007"},{"time":1.0333,"name":"EF/ef_mzl_shot_main/ef_mzl_shot_main_00008"},{"time":1.0666,"name":null}]},"MAIN":{"attachment":[{"time":0,"name":"attack_1"},{"time":0.2,"name":"attack_2"},{"time":0.3666,"name":"attack_3"},{"time":0.5333,"name":"attack_4"},{"time":0.7,"name":"attack_7"},{"time":0.8333,"name":"attack_8"},{"time":1.0333,"name":"attack_9"},{"time":1.2666,"name":"attack_10"},{"time":1.5,"name":"idle_00"}]}},"bones":{"MAIN":{"translate":[{"time":0,"x":0,"y":0,"curve":"stepped"},{"time":0.2,"x":0,"y":0,"curve":[0.057,0.83,0,0.9]},{"time":0.7,"x":-4.2,"y":0.74,"curve":[0.124,0.92,0.305,0.9]},{"time":1.0333,"x":-0.58,"y":-1.46,"curve":[0.25,0,0.75,1]},{"time":1.5,"x":0,"y":0}]},"EF_rotwave1_1":{"rotate":[{"time":0.2,"angle":90}],"translate":[{"time":0.2,"x":-228.12,"y":159.82,"curve":[0.25,0,0.796,0.49]},{"time":0.5333,"x":-235.38,"y":159.82}],"scale":[{"time":0.2,"x":0.75,"y":0.75}]},"EF_rotwave1_2":{"rotate":[{"time":0.2666,"angle":90}],"translate":[{"time":0.2666,"x":-191.79,"y":50.85,"curve":[0.25,0,0.796,0.49]},{"time":0.6,"x":-201.96,"y":50.85}],"scale":[{"time":0.2666,"x":0.5,"y":0.5}]},"EF_rotwave1_3":{"rotate":[{"time":0.3,"angle":90}],"translate":[{"time":0.3,"x":-251.36,"y":75.55,"curve":[0.25,0,0.796,0.49]},{"time":0.6333,"x":-265.89,"y":75.55}]},"EF_shot1_1":{"translate":[{"time":0.7,"x":-186.24,"y":108.48}]},"EF_shot1_2":{"translate":[{"time":0.7333,"x":-153.6,"y":0.95}]},"EF_shot1_3":{"translate":[{"time":0.8,"x":-216.96,"y":24.96}]},"DAMAGEAREA":{"translate":[{"time":0.7333,"x":-855.26,"y":39.77}],"scale":[{"time":0.7333,"x":14.047,"y":1}]}},"events":[{"time":0,"name":"Event","string":"setHitEffect(hit04d, 0)"},{"time":0,"name":"Sound3","string":"setHitSound(se_battle_007_attack_hit_01)"},{"time":0,"name":"Voice","string":"cri_268_voice_attack_random"},{"time":0.0666,"name":"Hit","float":0.1,"string":"kHitStopType_enemyonly"},{"time":0.1333,"name":"Sound1","string":"cri_se_battle_charge"},{"time":0.7,"name":"Sound1","string":"cri_se_battle_beam"},{"time":0.7,"name":"Voice","string":"cri_268_voice_attack_c"},{"time":0.8,"name":"Hit","string":"resetHitList"},{"time":0.8,"name":"Sound1","string":"cri_se_battle_beam"},{"time":0.8666,"name":"Hit","string":"resetHitList"}]},"back":{"slots":{"MAIN":{"attachment":[{"time":0,"name":"back"},{"time":0.3333,"name":null},{"time":0.5666,"name":"back"},{"time":0.8,"name":"attack_1"},{"time":0.9,"name":"attack_9"},{"time":1,"name":"idle_00"}],"color":[{"time":0,"color":"ffffffff","curve":[0.86,0,0.75,1]},{"time":0.2333,"color":"000000ff"},{"time":0.3333,"color":"00000000","curve":"stepped"},{"time":0.5666,"color":"00000000"},{"time":0.6666,"color":"000000ff"},{"time":0.8333,"color":"ffffffff"}]}},"bones":{"MAIN":{"translate":[{"time":0,"x":19.91,"y":0,"curve":[0.352,0.4,0.535,0.94]},{"time":0.3333,"x":70,"y":0,"curve":"stepped"},{"time":0.5666,"x":110,"y":0,"curve":[0.22,0.74,0.572,0.97]},{"time":1,"x":140,"y":0}]}}},"cast":{"slots":{"MAIN":{"attachment":[{"time":0,"name":"skill1_1"},{"time":0.1666,"name":"skill1_2"},{"time":0.3,"name":"skill1_3"},{"time":0.4333,"name":"skill1_4"},{"time":0.5,"name":"skill1_9"},{"time":0.7333,"name":"skill1_10"},{"time":0.9,"name":"skill1_11"},{"time":1,"name":"idle_00"}]}},"bones":{"MAIN":{"translate":[{"time":0,"x":0,"y":0}]}},"events":[{"time":0.5,"name":"Voice","string":"cri_268_voice_item"}]},"damage":{"slots":{"MAIN":{"attachment":[{"time":0,"name":"damage"}]}}},"empty":{"slots":{"MAIN":{"attachment":[{"time":0,"name":null}]}}},"front":{"slots":{"MAIN":{"attachment":[{"time":0,"name":"front"}]}}},"idle":{"slots":{"MAIN":{"attachment":[{"time":0,"name":"idle_00"},{"time":0.2333,"name":"idle_01"},{"time":0.4666,"name":"idle_02"},{"time":0.7,"name":"idle_03"},{"time":0.9333,"name":"idle_04"},{"time":1.1666,"name":"idle_00"}]}},"bones":{"MAIN":{"translate":[{"time":0,"x":0,"y":0,"curve":[0.25,0,0.75,1]},{"time":0.4666,"x":0,"y":-1,"curve":[0.25,0,0.75,1]},{"time":1.1666,"x":0,"y":0}]}},"events":[{"time":0,"name":"Event","string":"runScript_showEffect"}]},"in":{"slots":{"MAIN":{"attachment":[{"time":0,"name":"skill3_3"},{"time":0.1,"name":"skill3_4"},{"time":0.2,"name":"skill3_5"},{"time":0.3333,"name":"skill3_6"},{"time":0.4333,"name":"skill3_7"},{"time":0.5333,"name":"idle_01"},{"time":0.6666,"name":"idle_00"}],"color":[{"time":0,"color":"00000000"},{"time":0.1,"color":"000000ff"},{"time":0.3333,"color":"ffffffff"}]}},"bones":{"MAIN":{"translate":[{"time":0,"x":0,"y":-3.15,"curve":[0.377,0,0.736,0.92]},{"time":0.5,"x":0,"y":-4.42},{"time":0.6333,"x":0,"y":0}]}},"events":[{"time":0,"name":"Event","string":"takeSummon"}]},"skill1":{"slots":{"EF_rotwave1_1":{"attachment":[{"time":0.4,"name":"EF/ef_rot_wave_main/ef_rot_wave_main_00001"},{"time":0.4666,"name":"EF/ef_rot_wave_main/ef_rot_wave_main_00002"},{"time":0.5333,"name":"EF/ef_rot_wave_main/ef_rot_wave_main_00003"},{"time":0.6,"name":"EF/ef_rot_wave_main/ef_rot_wave_main_00004"},{"time":0.6666,"name":"EF/ef_rot_wave_main/ef_rot_wave_main_00005"},{"time":0.7333,"name":"EF/ef_rot_wave_main/ef_rot_wave_main_00006"},{"time":0.8,"name":"EF/ef_rot_wave_main/ef_rot_wave_main_00007"},{"time":0.8666,"name":"EF/ef_rot_wave_main/ef_rot_wave_main_00008"},{"time":0.9333,"name":"EF/ef_rot_wave_main/ef_rot_wave_main_00009"},{"time":1,"name":"EF/ef_rot_wave_main/ef_rot_wave_main_00010"},{"time":1.0666,"name":"EF/ef_rot_wave_main/ef_rot_wave_main_00011"},{"time":1.1333,"name":"EF/ef_rot_wave_main/ef_rot_wave_main_00012"},{"time":1.2,"name":"EF/ef_rot_wave_main/ef_rot_wave_main_00013"},{"time":1.2666,"name":"EF/ef_rot_wave_main/ef_rot_wave_main_00014"},{"time":1.3333,"name":"EF/ef_rot_wave_main/ef_rot_wave_main_00015"},{"time":1.4,"name":null}]},"EF_wave1_1":{"attachment":[{"time":1.6666,"name":"EF/ef_graund_wave_yellow/ef_graund_wave_yellow_00001"},{"time":1.7,"name":"EF/ef_graund_wave_yellow/ef_graund_wave_yellow_00002"},{"time":1.7333,"name":"EF/ef_graund_wave_yellow/ef_graund_wave_yellow_00003"},{"time":1.7666,"name":"EF/ef_graund_wave_yellow/ef_graund_wave_yellow_00004"},{"time":1.8,"name":"EF/ef_graund_wave_yellow/ef_graund_wave_yellow_00005"},{"time":1.8333,"name":"EF/ef_graund_wave_yellow/ef_graund_wave_yellow_00006"},{"time":1.8666,"name":"EF/ef_graund_wave_yellow/ef_graund_wave_yellow_00007"},{"time":1.9,"name":"EF/ef_graund_wave_yellow/ef_graund_wave_yellow_00008"},{"time":1.9333,"name":"EF/ef_graund_wave_yellow/ef_graund_wave_yellow_00009"},{"time":1.9666,"name":"EF/ef_graund_wave_yellow/ef_graund_wave_yellow_00010"},{"time":2,"name":"EF/ef_graund_wave_yellow/ef_graund_wave_yellow_00011"},{"time":2.0333,"name":"EF/ef_graund_wave_yellow/ef_graund_wave_yellow_00012"},{"time":2.0666,"name":null}]},"MAIN":{"attachment":[{"time":0,"name":"skill1_1"},{"time":0.1333,"name":"skill1_2"},{"time":0.4,"name":"skill1_3"},{"time":0.7,"name":"skill1_4"},{"time":0.9333,"name":"skill1_5"},{"time":1.2333,"name":"skill1_7"},{"time":1.4,"name":"skill1_8"},{"time":1.7,"name":"skill1_9"},{"time":1.9333,"name":"skill1_10"},{"time":2.3333,"name":"skill1_11"}]}},"bones":{"MAIN":{"translate":[{"time":0,"x":0,"y":0,"curve":[0.089,0.88,0.214,0.96]},{"time":1.6666,"x":2,"y":0.85},{"time":1.7,"x":-7.8,"y":-1.54,"curve":[0.12,0.83,0.27,0.96]},{"time":2.3333,"x":0,"y":0}]},"EF_rotwave1_1":{"translate":[{"time":0.4,"x":-150.35,"y":0}],"scale":[{"time":0.4,"x":2,"y":1.2}]},"EF_wave1_1":{"translate":[{"time":1.6666,"x":-100,"y":0}],"scale":[{"time":1.6666,"x":2.519,"y":2.519}]}},"drawOrder":[{"time":0,"offsets":[{"slot":"EF_rotwave1_1","offset":-3}]}],"events":[{"time":0.1333,"name":"Event","string":"addOrbitSystem_skill1_orbit"},{"time":0.4,"name":"Sound1","string":"cri_se_battle_charge_long"},{"time":1.4,"name":"Voice","string":"cri_268_voice_skill_all"}]},"skill2":{"slots":{"EF_wave1_1":{"attachment":[{"time":0.4,"name":"EF/ef_graund_wave_yellow/ef_graund_wave_yellow_00001"},{"time":0.4333,"name":"EF/ef_graund_wave_yellow/ef_graund_wave_yellow_00002"},{"time":0.4666,"name":"EF/ef_graund_wave_yellow/ef_graund_wave_yellow_00003"},{"time":0.5,"name":"EF/ef_graund_wave_yellow/ef_graund_wave_yellow_00004"},{"time":0.5333,"name":"EF/ef_graund_wave_yellow/ef_graund_wave_yellow_00005"},{"time":0.5666,"name":"EF/ef_graund_wave_yellow/ef_graund_wave_yellow_00006"},{"time":0.6,"name":"EF/ef_graund_wave_yellow/ef_graund_wave_yellow_00007"},{"time":0.6333,"name":"EF/ef_graund_wave_yellow/ef_graund_wave_yellow_00008"},{"time":0.6666,"name":"EF/ef_graund_wave_yellow/ef_graund_wave_yellow_00009"},{"time":0.7,"name":"EF/ef_graund_wave_yellow/ef_graund_wave_yellow_00010"},{"time":0.7333,"name":"EF/ef_graund_wave_yellow/ef_graund_wave_yellow_00011"},{"time":0.7666,"name":"EF/ef_graund_wave_yellow/ef_graund_wave_yellow_00012"},{"time":0.8,"name":null}]},"MAIN":{"attachment":[{"time":0,"name":"idle_00"},{"time":0.0333,"name":"skill2_1"},{"time":0.2,"name":"skill2_2"},{"time":0.4,"name":"skill2_3"},{"time":0.6,"name":"skill2_4"},{"time":0.8,"name":"skill2_5"},{"time":0.9333,"name":"skill2_6"},{"time":1.0333,"name":"skill2_7"},{"time":1.1,"name":"skill2_8"},{"time":1.2,"name":"skill2_9"},{"time":1.3,"name":"skill2_10"},{"time":1.4333,"name":"skill2_11"},{"time":1.5,"name":"skill2_12"},{"time":1.6,"name":"skill2_13"},{"time":1.7,"name":"skill2_14"},{"time":1.8,"name":"skill2_12"},{"time":1.9,"name":"skill2_13"},{"time":2,"name":"skill2_14"},{"time":2.1,"name":"skill2_12"},{"time":2.2,"name":"skill2_13"},{"time":2.3,"name":"skill2_14"},{"time":2.4,"name":"skill2_12"},{"time":2.5,"name":"skill2_13"},{"time":2.6,"name":"skill2_14"},{"time":2.7,"name":"skill2_12"},{"time":2.8,"name":"skill2_13"},{"time":2.9,"name":"skill2_14"},{"time":3,"name":"skill2_12"},{"time":3.1,"name":"skill2_13"},{"time":3.2,"name":"skill2_14"},{"time":3.3,"name":"skill2_12"},{"time":3.4,"name":"skill2_13"},{"time":3.5,"name":"skill2_14"},{"time":3.6,"name":"skill2_12"},{"time":3.7,"name":"skill2_13"},{"time":3.8,"name":"skill2_14"},{"time":3.9,"name":"skill2_12"},{"time":4,"name":"skill2_13"},{"time":4.1,"name":"skill2_14"},{"time":4.2,"name":"skill2_11"},{"time":4.3333,"name":"skill2_12"},{"time":4.4666,"name":"skill2_15"},{"time":4.8,"name":"skill2_16"},{"time":4.9666,"name":"idle_00"}]}},"bones":{"MAIN":{"translate":[{"time":0,"x":0,"y":0},{"time":0.3666,"x":10,"y":10,"curve":[0.124,0.93,0.24,1]},{"time":0.8,"x":0,"y":-1,"curve":"stepped"},{"time":1.1,"x":0,"y":-1,"curve":[0.155,0.54,0.551,0.99]},{"time":1.4,"x":0,"y":50},{"time":1.4333,"x":-7.77,"y":43.77},{"time":1.4666,"x":3.88,"y":52.33,"curve":"stepped"},{"time":4.3333,"x":3.88,"y":52.33},{"time":4.8,"x":0,"y":-5.48},{"time":4.8666,"x":0,"y":0,"curve":"stepped"},{"time":4.9666,"x":0,"y":0}]},"EF_wave1_1":{"translate":[{"time":0.4,"x":-89.89,"y":0}],"scale":[{"time":0.4,"x":3,"y":2.5}]}},"events":[{"time":0,"name":"Voice","string":"cri_268_voice_fullarts_now"},{"time":0.4,"name":"Sound1","string":"cri_se_battle_charge_completion"},{"time":0.4333,"name":"Event","string":"addOrbitSystem_skill2_orbit"},{"time":1.7333,"name":"Voice","string":"cri_268_voice_fullarts_rank5_a"}]},"skill3":{"slots":{"EF_auracricle1_1":{"attachment":[{"time":0.6666,"name":"EF/MD/ef_out_aura_main/ef_out_aura_main_00002"},{"time":0.7,"name":"EF/MD/ef_out_aura_main/ef_out_aura_main_00003"},{"time":0.7333,"name":"EF/MD/ef_out_aura_main/ef_out_aura_main_00004"},{"time":0.7666,"name":"EF/MD/ef_out_aura_main/ef_out_aura_main_00005"},{"time":0.8,"name":"EF/MD/ef_out_aura_main/ef_out_aura_main_00006"},{"time":0.8333,"name":"EF/MD/ef_out_aura_main/ef_out_aura_main_00007"},{"time":0.8666,"name":"EF/MD/ef_out_aura_main/ef_out_aura_main_00008"},{"time":0.9,"name":"EF/MD/ef_out_aura_main/ef_out_aura_main_00009"},{"time":0.9333,"name":"EF/MD/ef_out_aura_main/ef_out_aura_main_00010"},{"time":0.9666,"name":"EF/MD/ef_out_aura_main/ef_out_aura_main_00011"},{"time":1,"name":"EF/MD/ef_out_aura_main/ef_out_aura_main_00012"},{"time":1.0666,"name":"EF/MD/ef_out_aura_main/ef_out_aura_main_00013"},{"time":1.1333,"name":"EF/MD/ef_out_aura_main/ef_out_aura_main_00014"},{"time":1.2,"name":"EF/MD/ef_out_aura_main/ef_out_aura_main_00015"},{"time":1.2666,"name":"EF/MD/ef_out_aura_main/ef_out_aura_main_00016"},{"time":1.3333,"name":"EF/MD/ef_out_aura_main/ef_out_aura_main_00017"},{"time":1.4,"name":"EF/MD/ef_out_aura_main/ef_out_aura_main_00018"},{"time":1.4666,"name":"EF/MD/ef_out_aura_main/ef_out_aura_main_00019"},{"time":1.5333,"name":"EF/MD/ef_out_aura_main/ef_out_aura_main_00020"},{"time":1.6,"name":"EF/MD/ef_out_aura_main/ef_out_aura_main_00012"},{"time":1.6666,"name":"EF/MD/ef_out_aura_main/ef_out_aura_main_00013"},{"time":1.7333,"name":"EF/MD/ef_out_aura_main/ef_out_aura_main_00014"},{"time":1.8,"name":"EF/MD/ef_out_aura_main/ef_out_aura_main_00015"},{"time":1.8666,"name":"EF/MD/ef_out_aura_main/ef_out_aura_main_00016"},{"time":1.9333,"name":"EF/MD/ef_out_aura_main/ef_out_aura_main_00017"},{"time":2,"name":"EF/MD/ef_out_aura_main/ef_out_aura_main_00018"},{"time":2.0666,"name":"EF/MD/ef_out_aura_main/ef_out_aura_main_00019"},{"time":2.1333,"name":"EF/MD/ef_out_aura_main/ef_out_aura_main_00020"},{"time":2.2,"name":"EF/MD/ef_out_aura_main/ef_out_aura_main_00012"},{"time":2.2666,"name":"EF/MD/ef_out_aura_main/ef_out_aura_main_00013"},{"time":2.3333,"name":"EF/MD/ef_out_aura_main/ef_out_aura_main_00014"},{"time":2.4,"name":"EF/MD/ef_out_aura_main/ef_out_aura_main_00015"},{"time":2.4666,"name":"EF/MD/ef_out_aura_main/ef_out_aura_main_00016"},{"time":2.5333,"name":"EF/MD/ef_out_aura_main/ef_out_aura_main_00017"},{"time":2.6,"name":"EF/MD/ef_out_aura_main/ef_out_aura_main_00018"},{"time":2.6666,"name":"EF/MD/ef_out_aura_main/ef_out_aura_main_00019"},{"time":2.7333,"name":"EF/MD/ef_out_aura_main/ef_out_aura_main_00020"},{"time":2.8,"name":null}],"color":[{"time":0.6333,"color":"ffffff00"},{"time":0.8,"color":"ffffffff","curve":"stepped"},{"time":2.1666,"color":"ffffffff","curve":[0.156,0.85,0.585,1]},{"time":2.8,"color":"ffffff00"}]},"EF_charge1_1":{"attachment":[{"time":0.7,"name":"EF/MD/ef_charge_A_main/ef_charge_A_main_00001"},{"time":0.7333,"name":"EF/MD/ef_charge_A_main/ef_charge_A_main_00006"},{"time":0.7666,"name":"EF/MD/ef_charge_A_main/ef_charge_A_main_00007"},{"time":0.8,"name":"EF/MD/ef_charge_A_main/ef_charge_A_main_00008"},{"time":0.8333,"name":"EF/MD/ef_charge_A_main/ef_charge_A_main_00009"},{"time":0.8666,"name":"EF/MD/ef_charge_A_main/ef_charge_A_main_00010"},{"time":0.9,"name":null},{"time":2.3333,"name":"EF/MD/ef_charge_A_main/ef_charge_A_main_00001"},{"time":2.3666,"name":"EF/MD/ef_charge_A_main/ef_charge_A_main_00002"},{"time":2.4,"name":"EF/MD/ef_charge_A_main/ef_charge_A_main_00003"},{"time":2.4333,"name":"EF/MD/ef_charge_A_main/ef_charge_A_main_00004"},{"time":2.4666,"name":"EF/MD/ef_charge_A_main/ef_charge_A_main_00005"},{"time":2.5333,"name":"EF/MD/ef_charge_A_main/ef_charge_A_main_00006"},{"time":2.6,"name":"EF/MD/ef_charge_A_main/ef_charge_A_main_00007"},{"time":2.7,"name":"EF/MD/ef_charge_A_main/ef_charge_A_main_00008"},{"time":2.8,"name":"EF/MD/ef_charge_A_main/ef_charge_A_main_00009"},{"time":2.9,"name":"EF/MD/ef_charge_A_main/ef_charge_A_main_00010"},{"time":3.0333,"name":null}],"color":[{"time":2.8666,"color":"ffffffff"},{"time":3.0333,"color":"ffffff00"}]},"EF_cross1_1":{"attachment":[{"time":0.0666,"name":"EF/MD/EF_cross/ef_cross_blue_main_00001"},{"time":0.1666,"name":null},{"time":0.5666,"name":"EF/MD/EF_cross/ef_cross_blue_main_00001"},{"time":0.6666,"name":"EF/MD/EF_cross/ef_cross_blue_main_00001"},{"time":0.7,"name":"EF/MD/EF_cross/ef_cross_blue_main_00002"},{"time":0.7333,"name":"EF/MD/EF_cross/ef_cross_blue_main_00003"},{"time":0.7666,"name":"EF/MD/EF_cross/ef_cross_blue_main_00004"},{"time":0.8,"name":"EF/MD/EF_cross/ef_cross_blue_main_00001"},{"time":2.6666,"name":null}],"color":[{"time":2.3,"color":"ffffffff","curve":[0.326,0.87,0.75,1]},{"time":2.6666,"color":"ffffff00"}]},"EF_rune1_1":{"attachment":[{"time":0.7,"name":"EF/MD/ef_rune_main/ef_rune_main_00001"},{"time":0.7666,"name":"EF/MD/ef_rune_main/ef_rune_main_00002"},{"time":0.8,"name":"EF/MD/ef_rune_main/ef_rune_main_00003"},{"time":0.8666,"name":"EF/MD/ef_rune_main/ef_rune_main_00004"},{"time":0.9333,"name":"EF/MD/ef_rune_main/ef_rune_main_00005"},{"time":0.9666,"name":"EF/MD/ef_rune_main/ef_rune_main_00006"},{"time":1.0333,"name":"EF/MD/ef_rune_main/ef_rune_main_00007"},{"time":1.0666,"name":"EF/MD/ef_rune_main/ef_rune_main_00008"},{"time":1.1333,"name":"EF/MD/ef_rune_main/ef_rune_main_00009"},{"time":1.2,"name":"EF/MD/ef_rune_main/ef_rune_main_00010"},{"time":1.2333,"name":"EF/MD/ef_rune_main/ef_rune_main_00011"},{"time":1.3,"name":"EF/MD/ef_rune_main/ef_rune_main_00012"},{"time":1.3666,"name":"EF/MD/ef_rune_main/ef_rune_main_00013"},{"time":1.4,"name":"EF/MD/ef_rune_main/ef_rune_main_00014"},{"time":1.4666,"name":"EF/MD/ef_rune_main/ef_rune_main_00015"},{"time":1.5333,"name":"EF/MD/ef_rune_main/ef_rune_main_00016"},{"time":1.5666,"name":"EF/MD/ef_rune_main/ef_rune_main_00017"},{"time":1.6333,"name":"EF/MD/ef_rune_main/ef_rune_main_00018"},{"time":1.6666,"name":"EF/MD/ef_rune_main/ef_rune_main_00019"},{"time":1.7333,"name":"EF/MD/ef_rune_main/ef_rune_main_00020"},{"time":1.8,"name":"EF/MD/ef_rune_main/ef_rune_main_00021"},{"time":1.8333,"name":"EF/MD/ef_rune_main/ef_rune_main_00022"},{"time":1.9,"name":"EF/MD/ef_rune_main/ef_rune_main_00023"},{"time":1.9666,"name":"EF/MD/ef_rune_main/ef_rune_main_00024"},{"time":2,"name":"EF/MD/ef_rune_main/ef_rune_main_00025"},{"time":2.0666,"name":"EF/MD/ef_rune_main/ef_rune_main_00026"},{"time":2.1,"name":"EF/MD/ef_rune_main/ef_rune_main_00027"},{"time":2.1666,"name":"EF/MD/ef_rune_main/ef_rune_main_00028"},{"time":2.2333,"name":"EF/MD/ef_rune_main/ef_rune_main_00029"},{"time":2.2666,"name":"EF/MD/ef_rune_main/ef_rune_main_00030"},{"time":2.3333,"name":null}]},"EF_tower1_1":{"attachment":[{"time":2.3333,"name":"EF/MD/EF_tower/ef_MD_tower_00"},{"time":2.3666,"name":"EF/MD/EF_tower/ef_MD_tower_01"},{"time":2.4,"name":"EF/MD/EF_tower/ef_MD_tower_02"},{"time":2.4333,"name":"EF/MD/EF_tower/ef_MD_tower_03"},{"time":2.4666,"name":"EF/MD/EF_tower/ef_MD_tower_04"},{"time":2.5333,"name":"EF/MD/EF_tower/ef_MD_tower_05"},{"time":2.6,"name":"EF/MD/EF_tower/ef_MD_tower_06"},{"time":2.6666,"name":"EF/MD/EF_tower/ef_MD_tower_07"},{"time":2.7333,"name":"EF/MD/EF_tower/ef_MD_tower_08"},{"time":2.8,"name":null}],"color":[{"time":2.6333,"color":"ffffffff"},{"time":2.8,"color":"ffffff00"}]},"EF_wave2_1":{"attachment":[{"time":2.3333,"name":"EF/ef_graund_wave_dark/ef_graund_wave_dark_00001"},{"time":2.3666,"name":"EF/ef_graund_wave_dark/ef_graund_wave_dark_00002"},{"time":2.4,"name":"EF/ef_graund_wave_dark/ef_graund_wave_dark_00003"},{"time":2.4333,"name":"EF/ef_graund_wave_dark/ef_graund_wave_dark_00004"},{"time":2.4666,"name":"EF/ef_graund_wave_dark/ef_graund_wave_dark_00005"},{"time":2.5,"name":"EF/ef_graund_wave_dark/ef_graund_wave_dark_00006"},{"time":2.5333,"name":"EF/ef_graund_wave_dark/ef_graund_wave_dark_00007"},{"time":2.5666,"name":"EF/ef_graund_wave_dark/ef_graund_wave_dark_00008"},{"time":2.6,"name":"EF/ef_graund_wave_dark/ef_graund_wave_dark_00009"},{"time":2.6333,"name":"EF/ef_graund_wave_dark/ef_graund_wave_dark_00010"},{"time":2.6666,"name":"EF/ef_graund_wave_dark/ef_graund_wave_dark_00011"},{"time":2.7,"name":"EF/ef_graund_wave_dark/ef_graund_wave_dark_00012"},{"time":2.7333,"name":null}]},"MAIN":{"attachment":[{"time":0,"name":"idle_00"},{"time":0.0666,"name":"skill4_1"},{"time":0.1666,"name":"skill4_2"},{"time":0.2666,"name":"skill4_3"},{"time":0.3666,"name":"skill4_4"},{"time":0.4666,"name":"skill4_5"},{"time":0.5666,"name":"skill4_6"},{"time":0.6666,"name":"skill4_7"},{"time":0.7666,"name":"skill4_8"},{"time":0.8666,"name":"skill4_9"},{"time":0.9666,"name":"skill4_10"},{"time":1.0666,"name":"skill4_11"},{"time":1.1666,"name":"skill4_9"},{"time":1.2666,"name":"skill4_10"},{"time":1.3666,"name":"skill4_11"},{"time":1.4666,"name":"skill4_9"},{"time":1.5666,"name":"skill4_10"},{"time":1.6666,"name":"skill4_11"},{"time":1.7666,"name":"skill4_9"},{"time":1.8666,"name":"skill4_10"},{"time":1.9666,"name":"skill4_11"},{"time":2.0666,"name":"skill4_9"},{"time":2.1666,"name":"skill4_10"},{"time":2.2666,"name":"skill4_11"},{"time":2.3666,"name":"skill4_12"},{"time":2.4666,"name":"skill4_13"},{"time":2.5666,"name":"skill4_14"},{"time":2.6666,"name":"skill4_15"},{"time":2.7666,"name":"skill4_16"},{"time":2.8666,"name":"skill4_17"},{"time":2.9666,"name":"skill3_6"},{"time":3.0666,"name":"skill3_7"},{"time":3.2,"name":"idle_00"},{"time":3.3333,"name":"idle_00"}]},"MAIN2":{"attachment":[{"time":0,"name":null},{"time":3.3333,"name":null}]},"MD_shock1_1":{"attachment":[{"time":2.3333,"name":"EF/MD/ef_MD_shock1/ef_MD_shock_00"},{"time":2.3666,"name":"EF/MD/ef_MD_shock1/ef_MD_shock_01"},{"time":2.4,"name":"EF/MD/ef_MD_shock1/ef_MD_shock_02"},{"time":2.4333,"name":"EF/MD/ef_MD_shock1/ef_MD_shock_03"},{"time":2.4666,"name":"EF/MD/ef_MD_shock1/ef_MD_shock_04"},{"time":2.5,"name":"EF/MD/ef_MD_shock1/ef_MD_shock_05"},{"time":2.5333,"name":"EF/MD/ef_MD_shock1/ef_MD_shock_06"},{"time":2.5666,"name":"EF/MD/ef_MD_shock1/ef_MD_shock_07"},{"time":2.6,"name":"EF/MD/ef_MD_shock1/ef_MD_shock_08"},{"time":2.6333,"name":"EF/MD/ef_MD_shock1/ef_MD_shock_09"},{"time":2.6666,"name":"EF/MD/ef_MD_shock1/ef_MD_shock_10"},{"time":2.7,"name":"EF/MD/ef_MD_shock1/ef_MD_shock_11"},{"time":2.7333,"name":null}]},"MD_shock2_1":{"attachment":[{"time":2.3333,"name":"EF/MD/ef_MD_shock2/ef_MD_shock2_00"},{"time":2.4,"name":"EF/MD/ef_MD_shock2/ef_MD_shock2_01"},{"time":2.4666,"name":"EF/MD/ef_MD_shock2/ef_MD_shock2_02"},{"time":2.5333,"name":"EF/MD/ef_MD_shock2/ef_MD_shock2_03"},{"time":2.6,"name":"EF/MD/ef_MD_shock2/ef_MD_shock2_04"},{"time":2.6666,"name":"EF/MD/ef_MD_shock2/ef_MD_shock2_05"},{"time":2.7333,"name":"EF/MD/ef_MD_shock2/ef_MD_shock2_06"},{"time":2.8333,"name":"EF/MD/ef_MD_shock2/ef_MD_shock2_07"},{"time":2.9333,"name":"EF/MD/ef_MD_shock2/ef_MD_shock2_08"},{"time":3.0333,"name":"EF/MD/ef_MD_shock2/ef_MD_shock2_09"},{"time":3.1333,"name":"EF/MD/ef_MD_shock2/ef_MD_shock2_10"},{"time":3.2333,"name":null}]},"MD_shock2_2":{"attachment":[{"time":2.3666,"name":"EF/MD/ef_MD_shock2/ef_MD_shock2_00"},{"time":2.4333,"name":"EF/MD/ef_MD_shock2/ef_MD_shock2_01"},{"time":2.5,"name":"EF/MD/ef_MD_shock2/ef_MD_shock2_02"},{"time":2.5666,"name":"EF/MD/ef_MD_shock2/ef_MD_shock2_03"},{"time":2.6333,"name":"EF/MD/ef_MD_shock2/ef_MD_shock2_04"},{"time":2.7,"name":"EF/MD/ef_MD_shock2/ef_MD_shock2_05"},{"time":2.7666,"name":"EF/MD/ef_MD_shock2/ef_MD_shock2_06"},{"time":2.8666,"name":"EF/MD/ef_MD_shock2/ef_MD_shock2_07"},{"time":2.9666,"name":"EF/MD/ef_MD_shock2/ef_MD_shock2_08"},{"time":3.0666,"name":"EF/MD/ef_MD_shock2/ef_MD_shock2_09"},{"time":3.1666,"name":"EF/MD/ef_MD_shock2/ef_MD_shock2_10"},{"time":3.2666,"name":null}]}},"bones":{"MAIN":{"translate":[{"time":0,"x":1.71,"y":0,"curve":[0.153,0.59,0.75,1]},{"time":0.6333,"x":0,"y":-3},{"time":0.7666,"x":0,"y":5},{"time":2.3333,"x":0,"y":7,"curve":[0.193,0.76,0.482,1]},{"time":2.6333,"x":0,"y":15,"curve":[0.615,0.01,0.75,1]},{"time":3.2,"x":0,"y":-2},{"time":3.3333,"x":0,"y":0}]},"EF_cross1_1":{"translate":[{"time":0.0666,"x":-197.86,"y":28.21},{"time":0.1333,"x":-198.92,"y":27.45,"curve":"stepped"},{"time":0.5666,"x":-201.14,"y":18.56,"curve":"stepped"},{"time":0.6666,"x":-212.9,"y":58.52},{"time":0.7666,"x":-212.9,"y":75.68,"curve":"stepped"},{"time":0.8,"x":-212.9,"y":73.34}],"scale":[{"time":0.0666,"x":2.46,"y":2.46,"curve":"stepped"},{"time":0.5666,"x":2.46,"y":2.46},{"time":0.6666,"x":4.937,"y":4.937,"curve":"stepped"},{"time":2.3,"x":4.937,"y":4.937,"curve":[0.173,0.75,0.75,1]},{"time":2.6666,"x":6,"y":6}]},"EF_auracricle1_1":{"translate":[{"time":0.6666,"x":-201.2,"y":0}],"scale":[{"time":2.2,"x":1,"y":1,"curve":[0.118,0.77,0.75,1]},{"time":2.7666,"x":1.601,"y":1.601}]},"EF_charge1_1":{"translate":[{"time":0.7,"x":-112.15,"y":15.83},{"time":0.8,"x":-112.57,"y":26.22,"curve":"stepped"},{"time":2.3333,"x":-100,"y":-22.09}],"scale":[{"time":0.7,"x":1,"y":1},{"time":0.8666,"x":3.011,"y":3.011,"curve":"stepped"},{"time":2.3333,"x":1,"y":1},{"time":2.4666,"x":2.5,"y":2.5},{"time":3,"x":6,"y":6}]},"EF_rune1_1":{"translate":[{"time":0.7,"x":-263.03,"y":132.88}],"scale":[{"time":0.7,"x":1,"y":1,"curve":[0.2,0.62,0.75,1]},{"time":1.5333,"x":2,"y":2,"curve":"stepped"},{"time":1.9666,"x":2,"y":2,"curve":[0.842,0.04,0.923,0.11]},{"time":2.1666,"x":1,"y":1}]},"EF_wave2_1":{"translate":[{"time":2.3333,"x":-300,"y":0}],"scale":[{"time":2.3333,"x":4.683,"y":4.683}]},"MD_shock1_1":{"translate":[{"time":2.3333,"x":-357.42,"y":0}],"scale":[{"time":2.3333,"x":4.5,"y":4.5}]},"MD_shock2_1":{"translate":[{"time":2.3333,"x":-299.71,"y":27.05}],"scale":[{"time":2.3333,"x":4,"y":4,"curve":"stepped"},{"time":2.7333,"x":4,"y":4,"curve":[0.194,0.84,0.75,1]},{"time":3.2,"x":4.5,"y":4.5}]},"MD_shock2_2":{"translate":[{"time":2.3666,"x":-298.63,"y":27.05}],"scale":[{"time":2.3666,"x":3,"y":3,"curve":"stepped"},{"time":2.7666,"x":3,"y":3,"curve":[0.194,0.84,0.75,1]},{"time":3.2333,"x":3.5,"y":3.5}]},"EF_tower1_1":{"translate":[{"time":2.3333,"x":-400,"y":0}],"scale":[{"time":2.3333,"x":6,"y":6}]}},"events":[{"time":0,"name":"Event","string":"disableSkillEffect"},{"time":0,"name":"Sound3","string":"setHitSound(se_battle_007_attack_hit_01)"},{"time":0.6666,"name":"Sound1","string":"cri_se_battle_magic_Invocation_dark"},{"time":0.6666,"name":"Voice","string":"cri_268_voice_fullarts_now_b_02"},{"time":0.9333,"name":"Sound1","string":"cri_se_battle_barrier"},{"time":2.3333,"name":"Event","string":"runScript_md6Start"},{"time":2.3333,"name":"Sound1","string":"cri_se_battle_skill_reaper"}]},"skill3_2":{"slots":{"DAMAGEAREA":{"attachment":[{"time":2.3,"name":"DAMAGEAREA"},{"time":4.8666,"name":null}]},"MAIN":{"attachment":[{"time":0,"name":"idle_00"},{"time":0.0333,"name":"skill3_1"},{"time":0.1333,"name":"skill3_2"},{"time":0.2333,"name":"skill3_3"},{"time":0.3333,"name":"skill3_4"},{"time":0.4333,"name":"skill3_5"},{"time":0.5333,"name":"skill3_6"},{"time":0.6333,"name":"skill3_7"},{"time":1,"name":null},{"time":1.3333,"name":"skill3_8"},{"time":1.5333,"name":"skill3_9"},{"time":1.6333,"name":"skill3_10"},{"time":1.7333,"name":"skill3_11"},{"time":1.8333,"name":"skill3_13"},{"time":1.9333,"name":"skill3_14"},{"time":2.1666,"name":"skill3_15"},{"time":2.2666,"name":"skill3_16"},{"time":2.3666,"name":"skill3_17"},{"time":2.4666,"name":"skill3_18"},{"time":2.5666,"name":"skill3_16"},{"time":2.6666,"name":"skill3_17"},{"time":2.7666,"name":"skill3_18"},{"time":2.8666,"name":"skill3_16"},{"time":2.9666,"name":"skill3_17"},{"time":3.0666,"name":"skill3_18"},{"time":3.1666,"name":"skill3_16"},{"time":3.2666,"name":"skill3_17"},{"time":3.3666,"name":"skill3_18"},{"time":3.4666,"name":"skill3_16"},{"time":3.5666,"name":"skill3_17"},{"time":3.6666,"name":"skill3_18"},{"time":3.7666,"name":"skill3_16"},{"time":3.8666,"name":"skill3_17"},{"time":3.9666,"name":"skill3_18"},{"time":4.0666,"name":"skill3_16"},{"time":4.1666,"name":"skill3_17"},{"time":4.2666,"name":"skill3_18"},{"time":4.3666,"name":"skill3_16"},{"time":4.4666,"name":"skill3_17"},{"time":4.5666,"name":"skill3_18"},{"time":4.6666,"name":"skill3_19"},{"time":4.7,"name":"skill3_20"},{"time":4.8333,"name":null},{"time":5.7,"name":"skill3_21"},{"time":6.3333,"name":"idle_00"}],"color":[{"time":0.5333,"color":"ffffffff"},{"time":0.8,"color":"000000ff"},{"time":1,"color":"00000000","curve":"stepped"},{"time":1.3333,"color":"00000000"},{"time":1.4333,"color":"000000ff"},{"time":1.6333,"color":"ffffff00","curve":"stepped"},{"time":4.7,"color":"ffffff00","curve":"stepped"},{"time":4.8333,"color":"ffffff00","curve":"stepped"},{"time":5.7,"color":"00000000"},{"time":5.8666,"color":"000000ff"},{"time":6.0333,"color":"ffffffff"}]}},"bones":{"MAIN":{"translate":[{"time":0,"x":0,"y":0,"curve":"stepped"},{"time":1.3333,"x":0,"y":310.34,"curve":[0.208,0.74,0.75,1]},{"time":1.9,"x":0,"y":248.78},{"time":2.1666,"x":0,"y":249.58,"curve":"stepped"},{"time":5.7,"x":0,"y":5},{"time":6.0333,"x":0,"y":0,"curve":"stepped"},{"time":6.3333,"x":0,"y":0}],"scale":[{"time":0,"x":1,"y":1,"curve":"stepped"},{"time":5.7,"x":1,"y":1}]},"DAMAGEAREA":{"translate":[{"time":2.3,"x":0,"y":291.7}],"scale":[{"time":2.3,"x":15.549,"y":15.549}]}},"events":[{"time":0,"name":"Sound3","string":"setHitSound(se_battle_007_attack_hit_01)"},{"time":0,"name":"Voice","string":"cri_268_voice_fullarts_now_b_01"},{"time":0.7666,"name":"Event","string":"runScript_invisible"},{"time":1.3,"name":"Event","string":"setPosition_Center"},{"time":1.3666,"name":"Sound1","string":"cri_se_battle_effect_02"},{"time":2,"name":"Event","float":20,"string":"kImpactType_up"},{"time":2.0666,"name":"Event","float":0.03,"string":"kHitStopType_normal"},{"time":2.0666,"name":"Sound1","string":"cri_se_battle_storm"},{"time":2.1,"name":"Voice","string":"cri_268_voice_fullarts_rank6"},{"time":2.2333,"name":"Event"},{"time":2.2666,"name":"Event","string":"setHitEffect(hit02e, 1)"},{"time":2.3,"name":"Event","float":5.5,"string":"shakeGround_Loop"},{"time":2.3666,"name":"Hit","string":"resetHitList"},{"time":2.4333,"name":"Hit","string":"resetHitList"},{"time":2.5,"name":"Hit","string":"resetHitList"},{"time":2.5666,"name":"Hit","string":"resetHitList"},{"time":2.6333,"name":"Hit","string":"resetHitList"},{"time":2.7,"name":"Hit","string":"resetHitList"},{"time":2.7666,"name":"Hit","string":"resetHitList"},{"time":2.8333,"name":"Hit","string":"resetHitList"},{"time":2.9,"name":"Hit","string":"resetHitList"},{"time":2.9,"name":"Sound1","string":"cri_se_battle_cyclone"},{"time":2.9666,"name":"Hit","string":"resetHitList"},{"time":3.0333,"name":"Hit","string":"resetHitList"},{"time":3.1,"name":"Hit","string":"resetHitList"},{"time":3.1666,"name":"Hit","string":"resetHitList"},{"time":3.2333,"name":"Hit","string":"resetHitList"},{"time":3.3,"name":"Hit","string":"resetHitList"},{"time":3.3666,"name":"Hit","string":"resetHitList"},{"time":3.4,"name":"Sound1","string":"cri_se_battle_darkness_explosion"},{"time":3.4333,"name":"Hit","string":"resetHitList"},{"time":3.5,"name":"Hit","string":"resetHitList"},{"time":3.5666,"name":"Hit","string":"resetHitList"},{"time":3.6333,"name":"Hit","string":"resetHitList"},{"time":3.7,"name":"Hit","string":"resetHitList"},{"time":3.7666,"name":"Hit","string":"resetHitList"},{"time":3.8333,"name":"Hit","string":"resetHitList"},{"time":3.9,"name":"Hit","string":"resetHitList"},{"time":3.9666,"name":"Hit","string":"resetHitList"},{"time":4.0333,"name":"Hit","string":"resetHitList"},{"time":4.1,"name":"Hit","string":"resetHitList"},{"time":4.1666,"name":"Hit","string":"resetHitList"},{"time":4.2333,"name":"Hit","string":"resetHitList"},{"time":4.3,"name":"Hit","string":"resetHitList"},{"time":4.3666,"name":"Hit","string":"resetHitList"},{"time":4.4333,"name":"Event","float":0.06,"string":"kHitStopType_normal"},{"time":4.4333,"name":"Hit","string":"resetHitList"},{"time":4.5,"name":"Hit","string":"resetHitList"},{"time":4.5666,"name":"Hit","string":"resetHitList"},{"time":4.6666,"name":"Event","string":"whiteOutBack(0, 0.5 ,0.1)"},{"time":4.6666,"name":"Event2","float":0.33,"string":"kHitStopType_normal"},{"time":4.6666,"name":"Hit","string":"resetHitList"},{"time":4.6666,"name":"Sound1","string":"cri_se_battle_037_explosion_element_05"},{"time":4.7333,"name":"Event","float":0.05,"string":"kHitStopType_normal"},{"time":4.7333,"name":"Hit","string":"resetHitList"},{"time":4.8,"name":"Hit","string":"resetHitList"},{"time":5.7333,"name":"Event","string":"setPosition_Default"},{"time":6.3333,"name":"Event","string":"runScript_showEffect"}]}}}