{"skeleton":{"hash":"nedlxEyZrnQ7UJolh9lq2fTANuM","spine":"3.0.12","width":0,"height":0,"images":"./images4/"},"bones":[{"name":"root"},{"name":"MAIN","parent":"root","y":40.05,"scaleX":1.2,"scaleY":1.2}],"slots":[{"name":"MAIN","bone":"MAIN","attachment":"idle_00"}],"skins":{"default":{"MAIN":{"idle_00":{"x":-10,"y":24.94,"width":400,"height":320},"idle_01":{"x":-10,"y":24.94,"width":400,"height":320},"idle_02":{"x":-10,"y":24.94,"width":400,"height":320},"idle_03":{"x":-10,"y":24.94,"width":400,"height":320},"idle_04":{"x":-10,"y":24.94,"width":400,"height":320}}}},"events":{"Event":{},"Event2":{},"Hit":{},"Sound1":{},"Sound2":{},"Sound3":{},"Voice":{}},"animations":{"idle":{"slots":{"MAIN":{"attachment":[{"time":0,"name":"idle_00"},{"time":0.1666,"name":"idle_01"},{"time":0.3333,"name":"idle_02"},{"time":0.5,"name":"idle_03"},{"time":0.6666,"name":"idle_04"},{"time":0.8333,"name":"idle_00"}]}},"bones":{"MAIN":{"translate":[{"time":0,"x":0,"y":0}]}}}}}