{"skeleton":{"hash":"3J9MmtV1Y5RQpi1aTifucVluHkE","spine":"3.0.12","width":0,"height":0,"images":"./images/"},"bones":[{"name":"root"},{"name":"grid","parent":"root"},{"name":"MAIN","parent":"root","y":30.47},{"name":"SHADOW-OFFSET","parent":"MAIN","scaleX":0.75,"scaleY":0.75},{"name":"HPBAR","parent":"MAIN","x":5,"y":89.52},{"name":"HITBOX","parent":"MAIN"},{"name":"EF/s2_smoke2","parent":"root"},{"name":"EF/s2_smoke1","parent":"root"},{"name":"DAMAGEAREA","parent":"root"}],"slots":[{"name":"grid/bg","bone":"grid","color":"ffffff64"},{"name":"grid/grid","bone":"grid","color":"ffffff64"},{"name":"EF/s2_smoke2","bone":"EF/s2_smoke2"},{"name":"EF/s2_smoke1","bone":"EF/s2_smoke1"},{"name":"MAIN","bone":"MAIN","attachment":"idle_00"},{"name":"DAMAGEAREA","bone":"DAMAGEAREA"},{"name":"HITBOX","bone":"HITBOX","attachment":"HITBOX"}],"skins":{"default":{"DAMAGEAREA":{"DAMAGEAREA":{"type":"boundingbox","vertices":[-90.2746,-89.64689,90.73829,-88.28591,90.73846,100.89307,-91.63544,96.8101,0,0,0,0,0,0,0,0]}},"EF/s2_smoke1":{"EF/750_S2_smoke1/750_S2_smoke1_00000":{"width":360,"height":360},"EF/750_S2_smoke1/750_S2_smoke1_00001":{"width":360,"height":360},"EF/750_S2_smoke1/750_S2_smoke1_00002":{"width":360,"height":360},"EF/750_S2_smoke1/750_S2_smoke1_00003":{"width":360,"height":360},"EF/750_S2_smoke1/750_S2_smoke1_00004":{"width":360,"height":360},"EF/750_S2_smoke1/750_S2_smoke1_00005":{"width":360,"height":360},"EF/750_S2_smoke1/750_S2_smoke1_00006":{"width":360,"height":360},"EF/750_S2_smoke1/750_S2_smoke1_00007":{"width":360,"height":360},"EF/750_S2_smoke1/750_S2_smoke1_00008":{"width":360,"height":360},"EF/750_S2_smoke1/750_S2_smoke1_00009":{"width":360,"height":360},"EF/750_S2_smoke1/750_S2_smoke1_00010":{"width":360,"height":360},"EF/750_S2_smoke1/750_S2_smoke1_00011":{"width":360,"height":360},"EF/750_S2_smoke1/750_S2_smoke1_00012":{"width":360,"height":360},"EF/750_S2_smoke1/750_S2_smoke1_00013":{"width":360,"height":360},"EF/750_S2_smoke1/750_S2_smoke1_00014":{"width":360,"height":360},"EF/750_S2_smoke1/750_S2_smoke1_00015":{"width":360,"height":360}},"EF/s2_smoke2":{"EF/750_S2_smoke1/750_S2_smoke1_00000":{"width":360,"height":360},"EF/750_S2_smoke1/750_S2_smoke1_00001":{"width":360,"height":360},"EF/750_S2_smoke1/750_S2_smoke1_00002":{"width":360,"height":360},"EF/750_S2_smoke1/750_S2_smoke1_00003":{"width":360,"height":360},"EF/750_S2_smoke1/750_S2_smoke1_00004":{"width":360,"height":360},"EF/750_S2_smoke1/750_S2_smoke1_00005":{"width":360,"height":360},"EF/750_S2_smoke1/750_S2_smoke1_00006":{"width":360,"height":360},"EF/750_S2_smoke1/750_S2_smoke1_00007":{"width":360,"height":360},"EF/750_S2_smoke1/750_S2_smoke1_00008":{"width":360,"height":360},"EF/750_S2_smoke1/750_S2_smoke1_00009":{"width":360,"height":360},"EF/750_S2_smoke1/750_S2_smoke1_00010":{"width":360,"height":360},"EF/750_S2_smoke1/750_S2_smoke1_00011":{"width":360,"height":360},"EF/750_S2_smoke1/750_S2_smoke1_00012":{"width":360,"height":360},"EF/750_S2_smoke1/750_S2_smoke1_00013":{"width":360,"height":360},"EF/750_S2_smoke1/750_S2_smoke1_00014":{"width":360,"height":360},"EF/750_S2_smoke1/750_S2_smoke1_00015":{"width":360,"height":360}},"HITBOX":{"HITBOX":{"type":"boundingbox","vertices":[-32.50061,55.94394,-33.1965,-31.91101,27.41145,-31.10693,27.48251,55.92203,0,0,0,0,0,0,0,0]}},"MAIN":{"attack1_00":{"y":20,"width":160,"height":160},"attack1_01":{"y":20,"width":160,"height":160},"attack1_02":{"y":20,"width":160,"height":160},"attack1_03":{"y":20,"width":160,"height":160},"attack1_04":{"y":20,"width":160,"height":160},"attack1_05":{"y":20,"width":160,"height":160},"damage_00":{"x":-3.96,"y":27.27,"width":160,"height":160},"front_00":{"y":20,"width":160,"height":160},"front_01":{"y":20,"width":160,"height":160},"front_02":{"y":20,"width":160,"height":160},"front_03":{"y":20,"width":160,"height":160},"front_04":{"y":20,"width":160,"height":160},"idle_00":{"y":20,"width":160,"height":160},"idle_01":{"y":20,"width":160,"height":160},"idle_02":{"y":20,"width":160,"height":160},"idle_03":{"y":20,"width":160,"height":160},"idle_04":{"y":20,"width":160,"height":160},"idle_05":{"y":20,"width":160,"height":160},"idle_06":{"y":20,"width":160,"height":160},"idle_07":{"y":20,"width":160,"height":160},"skill1_00":{"x":10,"y":20,"width":160,"height":160},"skill1_01":{"x":10,"y":20,"width":160,"height":160},"skill1_02":{"x":4,"y":20,"width":160,"height":160},"skill1_03":{"y":20,"width":160,"height":160},"skill1_04":{"x":15,"y":20,"width":160,"height":160},"skill1_05":{"x":15,"y":20,"width":160,"height":160}}}},"events":{"EVENT":{},"HIT":{},"SOUND":{},"voice":{}},"animations":{"attack1":{"slots":{"DAMAGEAREA":{"attachment":[{"time":0.6,"name":"DAMAGEAREA"},{"time":0.7,"name":null}]},"EF/s2_smoke1":{"attachment":[{"time":0,"name":null}]},"EF/s2_smoke2":{"attachment":[{"time":0,"name":null}]},"MAIN":{"attachment":[{"time":0,"name":"attack1_00"},{"time":0.0666,"name":"attack1_01"},{"time":0.1333,"name":"attack1_02"},{"time":0.2666,"name":"idle_00"},{"time":0.3666,"name":"attack1_04"},{"time":0.5,"name":"attack1_05"},{"time":0.7,"name":"damage_00"},{"time":0.9333,"name":"attack1_04"},{"time":1.0333,"name":"attack1_03"},{"time":1.1,"name":"attack1_02"},{"time":1.3333,"name":"idle_01"},{"time":1.5,"name":"idle_01"}]}},"bones":{"MAIN":{"translate":[{"time":0,"x":0,"y":1.99,"curve":[0.137,0.48,0.438,0.79]},{"time":0.0666,"x":0,"y":28.93,"curve":[0.217,0.73,0.534,1]},{"time":0.2,"x":0,"y":9.72,"curve":"stepped"},{"time":0.2666,"x":0,"y":5.29,"curve":"stepped"},{"time":0.3666,"x":0,"y":1.99,"curve":"stepped"},{"time":0.4666,"x":0,"y":1.99,"curve":[0.231,0.35,0.612,0.71]},{"time":0.5666,"x":-105.44,"y":33.64,"curve":[0.341,0.41,0.685,0.75]},{"time":0.6,"x":-137.68,"y":34.96,"curve":[0.381,0.63,0.728,1]},{"time":0.6333,"x":-144.04,"y":35.61},{"time":0.6666,"x":-152.34,"y":35.61,"curve":"stepped"},{"time":0.7,"x":-135.29,"y":33.97,"curve":[0.331,0.33,0.664,0.66]},{"time":0.7133,"x":-128.22,"y":33.02,"curve":[0.32,0.33,0.654,0.67]},{"time":0.8,"x":-85.27,"y":27.17,"curve":[0.312,0.34,0.646,0.67]},{"time":0.9666,"x":-35.66,"y":-4.32,"curve":[0.278,0.31,0.616,0.65]},{"time":1.1,"x":-19.59,"y":9.12,"curve":[0.288,0.32,0.628,0.66]},{"time":1.2666,"x":0,"y":-1.37},{"time":1.4,"x":0,"y":1.99}],"scale":[{"time":0.6,"x":1,"y":1},{"time":0.6666,"x":0.733,"y":1,"curve":"stepped"},{"time":0.7,"x":1,"y":1,"curve":"stepped"},{"time":0.9333,"x":1,"y":1,"curve":"stepped"},{"time":0.9666,"x":1,"y":0.852},{"time":1.0333,"x":1,"y":1}]},"DAMAGEAREA":{"translate":[{"time":0.6,"x":-177.13,"y":59.17}],"scale":[{"time":0.6,"x":0.884,"y":0.695}]}},"events":[{"time":0.2666,"name":"EVENT","float":0.03,"string":"kHitStopType_normal"},{"time":0.5,"name":"SOUND","string":"cri_se_battle_pop_jump"},{"time":0.5,"name":"voice","string":"cri_066_voice_attack_random"},{"time":0.6,"name":"SOUND","string":"setHitSound(se_battle_pop_hit)"},{"time":0.9666,"name":"SOUND","string":"cri_se_battle_pop_landing"},{"time":1.2666,"name":"SOUND","string":"cri_se_battle_pop_landing"}]},"back":{"slots":{"MAIN":{"attachment":[{"time":0,"name":"front_00"},{"time":0.0333,"name":"front_01"},{"time":0.2,"name":"front_02"},{"time":0.3666,"name":"front_03"},{"time":0.5666,"name":"front_04"},{"time":0.6666,"name":"front_00"}]}},"bones":{"MAIN":{"translate":[{"time":0,"x":0,"y":0,"curve":[0.365,1,0.836,0.95]},{"time":0.3333,"x":70.47,"y":53.12,"curve":[0.751,0.19,0.778,0.8]},{"time":0.5666,"x":90.9,"y":0},{"time":0.6666,"x":93.47,"y":0}]}},"events":[{"time":0,"name":"SOUND","string":"cri_se_battle_pop_jump"},{"time":0.5666,"name":"SOUND","string":"cri_se_battle_pop_landing"}]},"cast":{"slots":{"DAMAGEAREA":{"attachment":[{"time":0.8666,"name":null}]},"EF/s2_smoke1":{"attachment":[{"time":0,"name":null}]},"EF/s2_smoke2":{"attachment":[{"time":0,"name":null}]},"MAIN":{"attachment":[{"time":0,"name":"skill1_00"},{"time":0.1,"name":"skill1_01"},{"time":0.3333,"name":"skill1_02"},{"time":0.4333,"name":"skill1_03"},{"time":0.5,"name":"skill1_04"},{"time":0.8333,"name":"attack1_01"},{"time":1,"name":"idle_03"},{"time":1.0333,"name":"idle_02"},{"time":1.0666,"name":"idle_01"}]}},"bones":{"MAIN":{"translate":[{"time":0,"x":0,"y":0,"curve":"stepped"},{"time":0.1,"x":0,"y":0,"curve":[0,1,0.915,0.98]},{"time":0.5,"x":0,"y":29.52,"curve":"stepped"},{"time":0.8333,"x":0,"y":24.52,"curve":[0.151,0.02,0.76,0.14]},{"time":1,"x":0,"y":0,"curve":"stepped"},{"time":1.0666,"x":0,"y":0}],"scale":[{"time":0,"x":1,"y":1}]}},"events":[{"time":0.1333,"name":"SOUND","string":"cri_se_battle_pop_jump"},{"time":0.5,"name":"voice","string":"cri_066_voice_attack_random"},{"time":1,"name":"SOUND","string":"cri_se_battle_pop_landing"}]},"damage":{"slots":{"EF/s2_smoke1":{"attachment":[{"time":0,"name":null}]},"EF/s2_smoke2":{"attachment":[{"time":0,"name":null}]},"MAIN":{"attachment":[{"time":0,"name":"damage_00"}]}}},"front":{"slots":{"EF/s2_smoke1":{"attachment":[{"time":0,"name":null}]},"EF/s2_smoke2":{"attachment":[{"time":0,"name":null}]},"MAIN":{"attachment":[{"time":0,"name":"front_00"},{"time":0.0333,"name":"front_01"},{"time":0.2,"name":"front_02"},{"time":0.3666,"name":"front_03"},{"time":0.5666,"name":"front_04"},{"time":0.6666,"name":"front_00"}]}},"bones":{"MAIN":{"translate":[{"time":0,"x":0,"y":0,"curve":[0,1,0.998,1.11]},{"time":0.4,"x":0,"y":53.12},{"time":0.5666,"x":0,"y":0,"curve":"stepped"},{"time":0.6666,"x":0,"y":0}]}},"events":[{"time":0.5666,"name":"SOUND","string":"cri_se_battle_pop_landing"}]},"idle":{"slots":{"MAIN":{"attachment":[{"time":0,"name":"idle_00"},{"time":0.2,"name":"idle_01"},{"time":0.3666,"name":"idle_02"},{"time":0.4666,"name":"idle_03"},{"time":0.6,"name":"idle_04"},{"time":0.8,"name":"idle_05"},{"time":1,"name":"idle_06"},{"time":1.1,"name":"idle_07"},{"time":1.2333,"name":"idle_00"}]}},"bones":{"MAIN":{"translate":[{"time":0,"x":0,"y":0,"curve":"stepped"},{"time":0.2,"x":0,"y":5,"curve":"stepped"},{"time":0.3666,"x":0,"y":0,"curve":"stepped"},{"time":0.8,"x":0,"y":5,"curve":"stepped"},{"time":1,"x":0,"y":0}]}}},"skill1":{"slots":{"DAMAGEAREA":{"attachment":[{"time":0.7333,"name":"DAMAGEAREA"},{"time":1.1,"name":null}]},"MAIN":{"attachment":[{"time":0,"name":"skill1_00"},{"time":0.1333,"name":"skill1_01"},{"time":0.3666,"name":"skill1_02"},{"time":0.5,"name":"skill1_03"},{"time":0.6666,"name":"skill1_04"},{"time":0.7666,"name":"skill1_05"},{"time":0.8666,"name":"skill1_04"},{"time":0.9666,"name":"skill1_04"},{"time":1,"name":"attack1_01"},{"time":1.2,"name":"idle_03"},{"time":1.2333,"name":"idle_02"},{"time":1.2666,"name":"idle_01"},{"time":1.3333,"name":"skill1_00"}]}},"bones":{"MAIN":{"translate":[{"time":0,"x":0,"y":0,"curve":"stepped"},{"time":0.1,"x":0,"y":0,"curve":[0,1,0.915,0.98]},{"time":0.5666,"x":0,"y":103.75,"curve":"stepped"},{"time":0.6333,"x":0,"y":103.75,"curve":[0,0.94,0.748,0.99]},{"time":0.7666,"x":29.14,"y":148.17,"curve":"stepped"},{"time":1,"x":29.14,"y":148.17,"curve":[0.151,0.02,0.76,0.14]},{"time":1.2,"x":0,"y":0,"curve":"stepped"},{"time":1.3333,"x":0,"y":0}],"scale":[{"time":0,"x":1,"y":1}]},"DAMAGEAREA":{"translate":[{"time":0.7333,"x":-210,"y":60}],"scale":[{"time":0.7333,"x":2,"y":0.75}]}},"events":[{"time":0,"name":"EVENT","float":0.1,"string":"kHitStopType_normal"},{"time":0.0333,"name":"EVENT","string":"setHitEffect(hit02a,1,0.6,50)"},{"time":0.1,"name":"SOUND","string":"cri_se_battle_pop_jump"},{"time":0.6666,"name":"SOUND","string":"cri_se_battle_029_explosion_01"},{"time":0.6666,"name":"voice","string":"cri_066_voice_attack_random"},{"time":0.8333,"name":"HIT","string":"resetHitList"},{"time":0.9,"name":"HIT","string":"resetHitList"},{"time":1.2,"name":"SOUND","string":"cri_se_battle_pop_landing"}]},"skill2":{"slots":{"DAMAGEAREA":{"attachment":[{"time":1.5333,"name":"DAMAGEAREA"},{"time":2.2,"name":null}]},"EF/s2_smoke1":{"attachment":[{"time":1.6,"name":"EF/750_S2_smoke1/750_S2_smoke1_00000"},{"time":1.6333,"name":"EF/750_S2_smoke1/750_S2_smoke1_00001"},{"time":1.6666,"name":"EF/750_S2_smoke1/750_S2_smoke1_00002"},{"time":1.7,"name":"EF/750_S2_smoke1/750_S2_smoke1_00003"},{"time":1.7333,"name":"EF/750_S2_smoke1/750_S2_smoke1_00004"},{"time":1.7666,"name":"EF/750_S2_smoke1/750_S2_smoke1_00005"},{"time":1.8,"name":"EF/750_S2_smoke1/750_S2_smoke1_00006"},{"time":1.8333,"name":"EF/750_S2_smoke1/750_S2_smoke1_00007"},{"time":1.8666,"name":"EF/750_S2_smoke1/750_S2_smoke1_00008"},{"time":1.9,"name":"EF/750_S2_smoke1/750_S2_smoke1_00009"},{"time":1.9333,"name":"EF/750_S2_smoke1/750_S2_smoke1_00010"},{"time":1.9666,"name":"EF/750_S2_smoke1/750_S2_smoke1_00011"},{"time":2,"name":"EF/750_S2_smoke1/750_S2_smoke1_00012"},{"time":2.0333,"name":"EF/750_S2_smoke1/750_S2_smoke1_00013"},{"time":2.0666,"name":"EF/750_S2_smoke1/750_S2_smoke1_00014"},{"time":2.1,"name":"EF/750_S2_smoke1/750_S2_smoke1_00015"},{"time":2.1333,"name":null}]},"EF/s2_smoke2":{"attachment":[{"time":1.7333,"name":"EF/750_S2_smoke1/750_S2_smoke1_00000"},{"time":1.7666,"name":"EF/750_S2_smoke1/750_S2_smoke1_00001"},{"time":1.8,"name":"EF/750_S2_smoke1/750_S2_smoke1_00002"},{"time":1.8333,"name":"EF/750_S2_smoke1/750_S2_smoke1_00003"},{"time":1.8666,"name":"EF/750_S2_smoke1/750_S2_smoke1_00004"},{"time":1.9,"name":"EF/750_S2_smoke1/750_S2_smoke1_00005"},{"time":1.9333,"name":"EF/750_S2_smoke1/750_S2_smoke1_00006"},{"time":1.9666,"name":"EF/750_S2_smoke1/750_S2_smoke1_00007"},{"time":2,"name":"EF/750_S2_smoke1/750_S2_smoke1_00008"},{"time":2.0333,"name":"EF/750_S2_smoke1/750_S2_smoke1_00009"},{"time":2.0666,"name":"EF/750_S2_smoke1/750_S2_smoke1_00010"},{"time":2.1,"name":"EF/750_S2_smoke1/750_S2_smoke1_00011"},{"time":2.1333,"name":"EF/750_S2_smoke1/750_S2_smoke1_00012"},{"time":2.1666,"name":"EF/750_S2_smoke1/750_S2_smoke1_00013"},{"time":2.2,"name":"EF/750_S2_smoke1/750_S2_smoke1_00014"},{"time":2.2333,"name":"EF/750_S2_smoke1/750_S2_smoke1_00015"},{"time":2.2666,"name":null}]},"MAIN":{"attachment":[{"time":0.1333,"name":"skill1_01"},{"time":0.3666,"name":"skill1_02"},{"time":0.5666,"name":"skill1_03"},{"time":1.4333,"name":"skill1_04"},{"time":1.5333,"name":"skill1_05"},{"time":1.6666,"name":"skill1_04"},{"time":1.7666,"name":"skill1_05"},{"time":1.8666,"name":"skill1_04"},{"time":1.9666,"name":"skill1_05"},{"time":2.0666,"name":"skill1_04"},{"time":2.1666,"name":"skill1_05"},{"time":2.4666,"name":"attack1_01"},{"time":2.5333,"name":"idle_03"},{"time":2.6333,"name":"idle_02"},{"time":2.6666,"name":"idle_01"},{"time":2.7333,"name":"skill1_00"}]}},"bones":{"EF/s2_smoke1":{"translate":[{"time":0,"x":-250,"y":50}],"scale":[{"time":0,"x":1.75,"y":1.75}]},"MAIN":{"translate":[{"time":0.1,"x":0,"y":0,"curve":[0,1,0.915,0.98]},{"time":1.3333,"x":0,"y":103.75,"curve":"stepped"},{"time":1.4,"x":0,"y":103.75,"curve":[0,0.94,0.748,0.99]},{"time":1.5333,"x":29.14,"y":148.17,"curve":[0.25,0,0.75,1]},{"time":2.0666,"x":40.47,"y":153.84,"curve":[1,0.02,1,0.99]},{"time":2.4666,"x":77.83,"y":136.28},{"time":2.6333,"x":53.02,"y":0,"curve":"stepped"},{"time":2.7333,"x":53.02,"y":0}]},"DAMAGEAREA":{"translate":[{"time":1.5333,"x":-225.77,"y":59.85},{"time":1.6,"x":-224.46,"y":33.68}],"scale":[{"time":1.5333,"x":2.094,"y":0.76}]},"EF/s2_smoke2":{"translate":[{"time":0,"x":-200,"y":20}],"scale":[{"time":0,"x":1.2,"y":1.2}]}},"events":[{"time":0,"name":"EVENT","float":0.03,"string":"kHitStopType_enemyonly"},{"time":0.0333,"name":"EVENT","string":"setHitEffect(hit02a,1,0.65,70)"},{"time":0.1333,"name":"SOUND","string":"cri_se_battle_pop_jump"},{"time":1.4333,"name":"SOUND","string":"cri_se_battle_029_explosion_01"},{"time":1.4333,"name":"voice","string":"cri_066_voice_skill_b"},{"time":1.6666,"name":"HIT","string":"resetHitList"},{"time":1.7333,"name":"EVENT","string":"shakeGround"},{"time":1.7666,"name":"EVENT","float":0.25,"string":"kHitStopType_enemyonly"},{"time":1.8666,"name":"HIT","string":"resetHitList"},{"time":2.0333,"name":"HIT","string":"resetHitList"},{"time":2.1666,"name":"HIT","string":"resetHitList"},{"time":2.5333,"name":"SOUND","string":"cri_se_battle_pop_landing"}]}}}