{"skeleton":{"hash":"Vw7VWpbby65yvDnbsJSS2VUgQCE","spine":"3.0.12","width":0,"height":0,"images":"./images2/"},"bones":[{"name":"root"},{"name":"MAIN3","parent":"root","x":1.35,"y":111.21},{"name":"MAIN2","parent":"root","x":1.35,"y":111.21},{"name":"MAIN","parent":"root","x":1.35,"y":111.21},{"name":"SHADOW-OFFSET","parent":"MAIN","x":-1.35,"y":-111.21},{"name":"HPBAR","parent":"MAIN","x":-1.35,"y":88.78},{"name":"HITBOX","parent":"MAIN","x":-1.35,"y":-17.44},{"name":"EF","parent":"root","y":118.3},{"name":"S2_light2","parent":"EF","x":-298.35,"y":-270.39},{"name":"S2_light1","parent":"EF","x":-298.35,"y":-270.39},{"name":"S1_wave1_2","parent":"EF","x":-110.38,"y":-187.45},{"name":"S1_wave1","parent":"EF","y":-187.45},{"name":"DAMAGEAREA","parent":"root"}],"slots":[{"name":"Grit/bg","bone":"root","color":"8c8c8cff"},{"name":"S1_wave1","bone":"S1_wave1","blend":"additive"},{"name":"S1_wave1_2","bone":"S1_wave1_2","blend":"additive"},{"name":"MAIN","bone":"MAIN","attachment":"idle_00"},{"name":"MAIN2","bone":"MAIN2","blend":"additive"},{"name":"MAIN3","bone":"MAIN3","blend":"additive"},{"name":"S2_light1","bone":"S2_light1","blend":"additive"},{"name":"S2_light2","bone":"S2_light2","blend":"additive"},{"name":"DAMAGEAREA","bone":"DAMAGEAREA"},{"name":"HITBOX","bone":"HITBOX","attachment":"HITBOX"}],"skins":{"default":{"DAMAGEAREA":{"DAMAGEAREA":{"type":"boundingbox","vertices":[-32.53417,-32.31501,31.64182,-31.93301,32.40581,31.86097,-32.53417,31.86097,0,0,0,0,0,0,0,0]}},"HITBOX":{"HITBOX":{"type":"boundingbox","vertices":[-64.6656,65.77294,-65.4536,-63.45895,65.35427,-64.24693,65.35426,63.40893,0,0,0,0,0,0,0,0]}},"MAIN":{"attack_00":{"x":5.23,"y":-15.58,"width":509,"height":323},"attack_01":{"x":5.23,"y":-15.58,"width":509,"height":323},"attack_02":{"x":5.23,"y":-15.58,"width":509,"height":323},"attack_03":{"x":5.23,"y":-15.58,"width":509,"height":323},"attack_04":{"x":5.23,"y":-15.58,"width":509,"height":323},"back_02":{"x":11.33,"y":-13.94,"width":490,"height":366},"damage_00":{"x":-1.35,"y":3.04,"width":291,"height":272},"idle_00":{"x":-1.05,"y":15.77,"width":371,"height":350},"idle_01":{"x":-1.05,"y":15.77,"width":371,"height":350},"idle_02":{"x":-1.05,"y":15.77,"width":371,"height":350},"idle_03":{"x":-1.05,"y":15.77,"width":371,"height":350},"idle_04":{"x":-1.05,"y":15.77,"width":371,"height":350},"skll1_00":{"x":-11.81,"y":18.17,"width":447,"height":446},"skll1_01":{"x":-11.81,"y":18.17,"width":447,"height":446},"skll1_02":{"x":-11.81,"y":18.17,"width":447,"height":446},"skll1_03":{"x":-11.81,"y":18.17,"width":447,"height":446},"skll1_04":{"x":-11.81,"y":18.17,"width":447,"height":446},"skll1_05":{"x":-11.81,"y":18.17,"width":447,"height":446},"skll1_06":{"x":-11.81,"y":18.17,"width":447,"height":446}},"MAIN2":{"skll1_04":{"x":-11.81,"y":18.17,"width":447,"height":446},"skll1_06":{"x":-11.81,"y":18.17,"width":447,"height":446}},"MAIN3":{"skll1_04":{"x":-11.81,"y":18.17,"width":447,"height":446},"skll1_06":{"x":-11.81,"y":18.17,"width":447,"height":446}},"S1_wave1":{"EF/200_S1_wave1/03_fire_00038":{"x":-0.98,"y":16.53,"scaleX":2,"scaleY":2,"width":300,"height":300},"EF/200_S1_wave1/03_fire_00039":{"x":-0.98,"y":16.53,"scaleX":2,"scaleY":2,"width":300,"height":300},"EF/200_S1_wave1/03_fire_00040":{"x":-0.98,"y":16.53,"scaleX":2,"scaleY":2,"width":300,"height":300},"EF/200_S1_wave1/03_fire_00041":{"x":-0.98,"y":16.53,"scaleX":2,"scaleY":2,"width":300,"height":300},"EF/200_S1_wave1/03_fire_00042":{"x":-0.98,"y":16.53,"scaleX":2,"scaleY":2,"width":300,"height":300},"EF/200_S1_wave1/03_fire_00043":{"x":-0.98,"y":16.53,"scaleX":2,"scaleY":2,"width":300,"height":300},"EF/200_S1_wave1/03_fire_00044":{"x":-0.98,"y":16.53,"scaleX":2,"scaleY":2,"width":300,"height":300},"EF/200_S1_wave1/03_fire_00045":{"x":-0.98,"y":16.53,"scaleX":2,"scaleY":2,"width":300,"height":300},"EF/200_S1_wave1/03_fire_00046":{"x":-0.98,"y":16.53,"scaleX":2,"scaleY":2,"width":300,"height":300},"EF/200_S1_wave1/03_fire_00047":{"x":-0.98,"y":16.53,"scaleX":2,"scaleY":2,"width":300,"height":300},"EF/200_S1_wave1/03_fire_00048":{"x":-0.98,"y":16.53,"scaleX":2,"scaleY":2,"width":300,"height":300},"EF/200_S1_wave1/03_fire_00049":{"x":-0.98,"y":16.53,"scaleX":2,"scaleY":2,"width":300,"height":300},"EF/200_S1_wave1/03_fire_00050":{"x":-0.98,"y":16.53,"scaleX":2,"scaleY":2,"width":300,"height":300}},"S1_wave1_2":{"EF/200_S1_wave1/03_fire_00038":{"x":-0.98,"y":16.53,"scaleX":2,"scaleY":2,"width":300,"height":300},"EF/200_S1_wave1/03_fire_00039":{"x":-0.98,"y":16.53,"scaleX":2,"scaleY":2,"width":300,"height":300},"EF/200_S1_wave1/03_fire_00040":{"x":-0.98,"y":16.53,"scaleX":2,"scaleY":2,"width":300,"height":300},"EF/200_S1_wave1/03_fire_00041":{"x":-0.98,"y":16.53,"scaleX":2,"scaleY":2,"width":300,"height":300},"EF/200_S1_wave1/03_fire_00042":{"x":-0.98,"y":16.53,"scaleX":2,"scaleY":2,"width":300,"height":300},"EF/200_S1_wave1/03_fire_00043":{"x":-0.98,"y":16.53,"scaleX":2,"scaleY":2,"width":300,"height":300},"EF/200_S1_wave1/03_fire_00044":{"x":-0.98,"y":16.53,"scaleX":2,"scaleY":2,"width":300,"height":300},"EF/200_S1_wave1/03_fire_00045":{"x":-0.98,"y":16.53,"scaleX":2,"scaleY":2,"width":300,"height":300},"EF/200_S1_wave1/03_fire_00046":{"x":-0.98,"y":16.53,"scaleX":2,"scaleY":2,"width":300,"height":300},"EF/200_S1_wave1/03_fire_00047":{"x":-0.98,"y":16.53,"scaleX":2,"scaleY":2,"width":300,"height":300},"EF/200_S1_wave1/03_fire_00048":{"x":-0.98,"y":16.53,"scaleX":2,"scaleY":2,"width":300,"height":300},"EF/200_S1_wave1/03_fire_00049":{"x":-0.98,"y":16.53,"scaleX":2,"scaleY":2,"width":300,"height":300},"EF/200_S1_wave1/03_fire_00050":{"x":-0.98,"y":16.53,"scaleX":2,"scaleY":2,"width":300,"height":300}},"S2_light1":{"EF/550_S2_light1_DOT/550_S2_light1_00038":{"x":1.65,"y":-1.26,"scaleX":2,"scaleY":2,"width":250,"height":250},"EF/550_S2_light1_DOT/550_S2_light1_00039":{"x":1.65,"y":-1.26,"scaleX":2,"scaleY":2,"width":250,"height":250},"EF/550_S2_light1_DOT/550_S2_light1_00040":{"x":1.65,"y":-1.26,"scaleX":2,"scaleY":2,"width":250,"height":250},"EF/550_S2_light1_DOT/550_S2_light1_00041":{"x":1.65,"y":-1.26,"scaleX":2,"scaleY":2,"width":250,"height":250},"EF/550_S2_light1_DOT/550_S2_light1_00042":{"x":1.65,"y":-1.26,"scaleX":2,"scaleY":2,"width":250,"height":250},"EF/550_S2_light1_DOT/550_S2_light1_00043":{"x":1.65,"y":-1.26,"scaleX":2,"scaleY":2,"width":250,"height":250},"EF/550_S2_light1_DOT/550_S2_light1_00044":{"x":1.65,"y":-1.26,"scaleX":2,"scaleY":2,"width":250,"height":250},"EF/550_S2_light1_DOT/550_S2_light1_00045":{"x":1.65,"y":-1.26,"scaleX":2,"scaleY":2,"width":250,"height":250},"EF/550_S2_light1_DOT/550_S2_light1_00046":{"x":1.65,"y":-1.26,"scaleX":2,"scaleY":2,"width":250,"height":250},"EF/550_S2_light1_DOT/550_S2_light1_00047":{"x":1.65,"y":-1.26,"scaleX":2,"scaleY":2,"width":250,"height":250},"EF/550_S2_light1_DOT/550_S2_light1_00048":{"x":1.65,"y":-1.26,"scaleX":2,"scaleY":2,"width":250,"height":250},"EF/550_S2_light1_DOT/550_S2_light1_00049":{"x":1.65,"y":-1.26,"scaleX":2,"scaleY":2,"width":250,"height":250},"EF/550_S2_light1_DOT/550_S2_light1_00050":{"x":1.65,"y":-1.26,"scaleX":2,"scaleY":2,"width":250,"height":250},"EF/550_S2_light1_DOT/550_S2_light1_00051":{"x":1.65,"y":-1.26,"scaleX":2,"scaleY":2,"width":250,"height":250},"EF/550_S2_light1_DOT/550_S2_light1_00052":{"x":1.65,"y":-1.26,"scaleX":2,"scaleY":2,"width":250,"height":250}},"S2_light2":{"EF/550_S2_light1_DOT/550_S2_light1_00038":{"x":1.65,"y":-1.26,"scaleX":2,"scaleY":2,"width":250,"height":250},"EF/550_S2_light1_DOT/550_S2_light1_00039":{"x":1.65,"y":-1.26,"scaleX":2,"scaleY":2,"width":250,"height":250},"EF/550_S2_light1_DOT/550_S2_light1_00040":{"x":1.65,"y":-1.26,"scaleX":2,"scaleY":2,"width":250,"height":250},"EF/550_S2_light1_DOT/550_S2_light1_00041":{"x":1.65,"y":-1.26,"scaleX":2,"scaleY":2,"width":250,"height":250},"EF/550_S2_light1_DOT/550_S2_light1_00042":{"x":1.65,"y":-1.26,"scaleX":2,"scaleY":2,"width":250,"height":250},"EF/550_S2_light1_DOT/550_S2_light1_00043":{"x":1.65,"y":-1.26,"scaleX":2,"scaleY":2,"width":250,"height":250},"EF/550_S2_light1_DOT/550_S2_light1_00044":{"x":1.65,"y":-1.26,"scaleX":2,"scaleY":2,"width":250,"height":250},"EF/550_S2_light1_DOT/550_S2_light1_00045":{"x":1.65,"y":-1.26,"scaleX":2,"scaleY":2,"width":250,"height":250},"EF/550_S2_light1_DOT/550_S2_light1_00046":{"x":1.65,"y":-1.26,"scaleX":2,"scaleY":2,"width":250,"height":250},"EF/550_S2_light1_DOT/550_S2_light1_00047":{"x":1.65,"y":-1.26,"scaleX":2,"scaleY":2,"width":250,"height":250},"EF/550_S2_light1_DOT/550_S2_light1_00048":{"x":1.65,"y":-1.26,"scaleX":2,"scaleY":2,"width":250,"height":250},"EF/550_S2_light1_DOT/550_S2_light1_00049":{"x":1.65,"y":-1.26,"scaleX":2,"scaleY":2,"width":250,"height":250},"EF/550_S2_light1_DOT/550_S2_light1_00050":{"x":1.65,"y":-1.26,"scaleX":2,"scaleY":2,"width":250,"height":250},"EF/550_S2_light1_DOT/550_S2_light1_00051":{"x":1.65,"y":-1.26,"scaleX":2,"scaleY":2,"width":250,"height":250},"EF/550_S2_light1_DOT/550_S2_light1_00052":{"x":1.65,"y":-1.26,"scaleX":2,"scaleY":2,"width":250,"height":250}}}},"events":{"Event":{},"Hit":{},"HitEffect":{},"Sound":{},"Sound_2":{},"voice":{}},"animations":{"attack1":{"slots":{"DAMAGEAREA":{"attachment":[{"time":0.6666,"name":"DAMAGEAREA"},{"time":0.9,"name":null}]},"MAIN":{"attachment":[{"time":0,"name":"skll1_02"},{"time":0.2333,"name":"attack_00"},{"time":0.3666,"name":"attack_01"},{"time":0.6666,"name":"attack_02"},{"time":0.7333,"name":"attack_03"},{"time":0.8666,"name":"attack_04"},{"time":1.2333,"name":"attack_00"},{"time":1.3333,"name":"attack_01"},{"time":1.6666,"name":"idle_00"}]}},"bones":{"MAIN":{"rotate":[{"time":0,"angle":110.14,"curve":"stepped"},{"time":0.2333,"angle":3.46},{"time":0.3333,"angle":0}],"translate":[{"time":0,"x":-8.69,"y":13.81,"curve":[0.074,0.81,0.75,1]},{"time":0.3333,"x":-81.49,"y":-4.9,"curve":[0.145,0.49,0.75,1]},{"time":0.7333,"x":-88.75,"y":-8.01,"curve":[0.059,0.64,0.75,1]},{"time":1,"x":-2.3,"y":9.73},{"time":1.2333,"x":1.03,"y":11.4,"curve":"stepped"},{"time":1.6666,"x":0,"y":0}]},"DAMAGEAREA":{"translate":[{"time":0.6666,"x":-211.87,"y":66.41},{"time":0.7666,"x":-260.25,"y":66.41}],"scale":[{"time":0.6666,"x":5.997,"y":2.081}]}},"events":[{"time":0,"name":"HitEffect","string":"setHitEffect(hit02a,1,0.7,100)"},{"time":0.3666,"name":"Sound","string":"cri_se_battle_Flutter"},{"time":0.6333,"name":"Event","float":0.1,"string":"kHitStopType_normal"},{"time":0.6333,"name":"voice","string":"cri_046_voice_attack_b"},{"time":0.6666,"name":"Sound","string":"cri_se_battle_033_explosion_element_01"},{"time":0.6666,"name":"Sound_2","string":"setHitSound(se_battle_explosion_short)"},{"time":0.7,"name":"Hit","string":"resetHitList"},{"time":0.7333,"name":"Sound","string":"cri_se_battle_Flutter"},{"time":0.8,"name":"Hit","string":"resetHitList"},{"time":1.3333,"name":"Sound","string":"cri_se_battle_Flutter"}]},"back":{"slots":{"MAIN":{"attachment":[{"time":0,"name":"back_02"},{"time":0.5,"name":"idle_00"},{"time":0.6666,"name":"idle_01"},{"time":0.8333,"name":"idle_02"},{"time":1,"name":"idle_03"},{"time":1.1666,"name":"idle_04"},{"time":1.3333,"name":"idle_00"}]},"S1_wave1":{"attachment":[{"time":0,"name":null}]},"S1_wave1_2":{"attachment":[{"time":0,"name":null}]},"S2_light1":{"attachment":[{"time":0,"name":null}]}},"bones":{"MAIN":{"translate":[{"time":0,"x":0,"y":0,"curve":[0.163,0.89,0.75,1]},{"time":0.5,"x":93.54,"y":0},{"time":0.6,"x":95.73,"y":0,"curve":"stepped"},{"time":1,"x":95.73,"y":0}]}},"events":[{"time":0.0666,"name":"Sound","string":"cri_se_battle_Flutter"},{"time":1.0333,"name":"Sound_2","string":"cri_se_battle_Flutter"}]},"cast":{"slots":{"MAIN":{"attachment":[{"time":0,"name":"attack_00"},{"time":0.3333,"name":"attack_01"},{"time":0.5666,"name":"attack_02"},{"time":0.6666,"name":"attack_03"},{"time":0.7666,"name":"attack_04"},{"time":1.1,"name":"attack_00"}]},"S1_wave1":{"attachment":[{"time":0,"name":null}]},"S1_wave1_2":{"attachment":[{"time":0,"name":null}]},"S2_light1":{"attachment":[{"time":0,"name":null}]}},"events":[{"time":0.6666,"name":"Sound","string":"cri_se_battle_Flutter"}]},"damage":{"slots":{"MAIN":{"attachment":[{"time":0,"name":"damage_00"},{"time":1,"name":"damage_00"}]},"S1_wave1":{"attachment":[{"time":0,"name":null}]},"S1_wave1_2":{"attachment":[{"time":0,"name":null}]},"S2_light1":{"attachment":[{"time":0,"name":null}]}},"bones":{"MAIN":{"translate":[{"time":0,"x":0,"y":0,"curve":[0.807,0,0.895,0.68]},{"time":0.1333,"x":1.43,"y":-30.11}]}}},"front":{"slots":{"MAIN":{"attachment":[{"time":0,"name":"idle_00"},{"time":0.1666,"name":"idle_01"},{"time":0.3333,"name":"idle_02"},{"time":0.5,"name":"idle_03"},{"time":0.6666,"name":"idle_04"},{"time":0.8333,"name":"idle_00"}]},"S1_wave1":{"attachment":[{"time":0,"name":null}]},"S1_wave1_2":{"attachment":[{"time":0,"name":null}]},"S2_light1":{"attachment":[{"time":0,"name":null}]}},"events":[{"time":0.5333,"name":"Sound","string":"cri_se_battle_Flutter"}]},"idle":{"slots":{"MAIN":{"attachment":[{"time":0,"name":"idle_00"},{"time":0.1666,"name":"idle_01"},{"time":0.3333,"name":"idle_02"},{"time":0.5,"name":"idle_03"},{"time":0.6666,"name":"idle_04"},{"time":0.8333,"name":"idle_00"}]},"S1_wave1":{"attachment":[{"time":0,"name":null}]},"S1_wave1_2":{"attachment":[{"time":0,"name":null}]},"S2_light1":{"attachment":[{"time":0,"name":null}]}},"events":[{"time":0.5,"name":"Sound","string":"cri_se_battle_Flutter"}]},"skill1":{"slots":{"DAMAGEAREA":{"attachment":[{"time":1.5,"name":"DAMAGEAREA"},{"time":2.1,"name":null}]},"MAIN":{"attachment":[{"time":0,"name":"attack_00"},{"time":0.3,"name":"back_02"},{"time":0.4333,"name":"skll1_02"},{"time":0.6666,"name":"idle_04"},{"time":0.7333,"name":"idle_00"},{"time":0.7666,"name":"attack_02"},{"time":1.3333,"name":"attack_01"},{"time":1.4666,"name":"attack_03"},{"time":1.5,"name":"attack_04"},{"time":2.1333,"name":"idle_00"},{"time":2.2666,"name":"idle_01"},{"time":2.3333,"name":"idle_02"},{"time":2.4666,"name":"idle_03"},{"time":2.5333,"name":"idle_04"},{"time":2.6666,"name":"idle_04"}]},"S1_wave1":{"attachment":[{"time":1.9666,"name":"EF/200_S1_wave1/03_fire_00038"},{"time":2,"name":"EF/200_S1_wave1/03_fire_00039"},{"time":2.0333,"name":"EF/200_S1_wave1/03_fire_00040"},{"time":2.0666,"name":"EF/200_S1_wave1/03_fire_00041"},{"time":2.1,"name":"EF/200_S1_wave1/03_fire_00042"},{"time":2.1333,"name":"EF/200_S1_wave1/03_fire_00043"},{"time":2.1666,"name":"EF/200_S1_wave1/03_fire_00044"},{"time":2.2,"name":"EF/200_S1_wave1/03_fire_00045"},{"time":2.2333,"name":"EF/200_S1_wave1/03_fire_00046"},{"time":2.2666,"name":"EF/200_S1_wave1/03_fire_00047"},{"time":2.3,"name":"EF/200_S1_wave1/03_fire_00048"},{"time":2.3333,"name":"EF/200_S1_wave1/03_fire_00049"},{"time":2.3666,"name":"EF/200_S1_wave1/03_fire_00050"},{"time":2.4,"name":null}]},"S1_wave1_2":{"attachment":[{"time":1.5333,"name":"EF/200_S1_wave1/03_fire_00038"},{"time":1.5666,"name":"EF/200_S1_wave1/03_fire_00039"},{"time":1.6,"name":"EF/200_S1_wave1/03_fire_00040"},{"time":1.6333,"name":"EF/200_S1_wave1/03_fire_00041"},{"time":1.6666,"name":"EF/200_S1_wave1/03_fire_00042"},{"time":1.7,"name":"EF/200_S1_wave1/03_fire_00043"},{"time":1.7333,"name":"EF/200_S1_wave1/03_fire_00044"},{"time":1.7666,"name":"EF/200_S1_wave1/03_fire_00045"},{"time":1.8,"name":"EF/200_S1_wave1/03_fire_00046"},{"time":1.8333,"name":"EF/200_S1_wave1/03_fire_00047"},{"time":1.8666,"name":"EF/200_S1_wave1/03_fire_00048"},{"time":1.9,"name":"EF/200_S1_wave1/03_fire_00049"},{"time":1.9333,"name":"EF/200_S1_wave1/03_fire_00050"},{"time":1.9666,"name":null}]}},"bones":{"S1_wave1":{"translate":[{"time":1.9666,"x":-152.59,"y":89.85}],"scale":[{"time":1.9666,"x":1.2,"y":1.2}]},"MAIN":{"rotate":[{"time":0.4333,"angle":117.66},{"time":0.5333,"angle":96.85},{"time":0.6333,"angle":66.27,"curve":"stepped"},{"time":0.6666,"angle":46.19},{"time":0.9333,"angle":-5.63,"curve":[0.142,0.29,0.75,1]},{"time":1.3333,"angle":-18.86,"curve":"stepped"},{"time":1.4666,"angle":16.55,"curve":[0.174,0.3,0.75,1]},{"time":2.1,"angle":27.11,"curve":"stepped"},{"time":2.1333,"angle":16.55}],"translate":[{"time":0.0333,"x":0,"y":0},{"time":0.2,"x":92.43,"y":37.23,"curve":[0.084,0.16,0.75,1]},{"time":0.4,"x":150.79,"y":54.26,"curve":"stepped"},{"time":0.4333,"x":125.15,"y":-19.2},{"time":0.5333,"x":25.52,"y":-61.29},{"time":0.6,"x":-33.2,"y":-34.53},{"time":0.6666,"x":-80.56,"y":4.23},{"time":0.7,"x":-100.46,"y":17.88},{"time":0.9333,"x":-35.55,"y":63.38,"curve":[0.199,0.33,0.75,1]},{"time":1.3333,"x":-12.61,"y":99.77,"curve":[0.919,0,0.75,1]},{"time":1.6333,"x":33.11,"y":95.11},{"time":1.9,"x":51.18,"y":91.63},{"time":2.1333,"x":58.36,"y":81.98},{"time":2.6666,"x":-1.35,"y":-0.01}]},"S1_wave1_2":{"translate":[{"time":1.5333,"x":-42.32,"y":90.18}],"scale":[{"time":1.5333,"x":1.2,"y":1.2}]},"EF":{"translate":[{"time":1.5,"x":-70,"y":0}]},"DAMAGEAREA":{"translate":[{"time":1.5,"x":-225.84,"y":87.7},{"time":1.7,"x":-216.54,"y":87.7}],"scale":[{"time":1.5,"x":3.754,"y":2.684},{"time":1.7,"x":5.151,"y":3.758}]}},"events":[{"time":0,"name":"Event","float":0.1,"string":"kHitStopType_normal"},{"time":0,"name":"HitEffect","string":"setHitEffect(hit02a,1,0.7,100)"},{"time":0.1666,"name":"Sound","string":"cri_se_battle_Flutter"},{"time":0.7666,"name":"Sound","string":"cri_se_battle_Flutter"},{"time":1.4666,"name":"Event","string":"shakeGround"},{"time":1.4666,"name":"Sound","string":"cri_se_battle_Flutter"},{"time":1.4666,"name":"Sound_2","string":"cri_046_voice_skill"},{"time":1.4666,"name":"voice","string":"cri_046_voice_skill"},{"time":1.5,"name":"Event","string":"kImpactType_up"},{"time":1.5666,"name":"Hit","string":"resetHitList"},{"time":1.5666,"name":"Sound","string":"cri_se_battle_033_explosion_element_01"},{"time":1.5666,"name":"Sound_2","string":"cri_se_battle_029_explosion_01"},{"time":1.6,"name":"Event","float":1,"string":"shakeGround_Loop"},{"time":1.6333,"name":"Hit","string":"resetHitList"},{"time":1.6333,"name":"Sound","string":"setHitSound(se_battle_explosion_short)"},{"time":1.7,"name":"Hit","string":"resetHitList"},{"time":1.7,"name":"Sound","string":"setHitSound(se_battle_explosion_short)"},{"time":1.7666,"name":"Hit","string":"resetHitList"},{"time":1.7666,"name":"Sound","string":"setHitSound(se_battle_explosion_short)"},{"time":1.8333,"name":"Hit","string":"resetHitList"},{"time":1.8333,"name":"Sound","string":"setHitSound(se_battle_explosion_short)"},{"time":1.9,"name":"Hit","string":"resetHitList"},{"time":1.9,"name":"Sound","string":"setHitSound(se_battle_explosion_short)"},{"time":1.9666,"name":"Hit","string":"resetHitList"},{"time":1.9666,"name":"Sound","string":"setHitSound(se_battle_explosion_short)"},{"time":2.0333,"name":"Hit","string":"resetHitList"},{"time":2.0333,"name":"Sound","string":"setHitSound(se_battle_explosion_short)"},{"time":2.4666,"name":"Sound","string":"cri_se_battle_Flutter"}]},"skill2":{"slots":{"DAMAGEAREA":{"attachment":[{"time":1.8,"name":"DAMAGEAREA"},{"time":2.4333,"name":null}]},"MAIN":{"attachment":[{"time":0,"name":"skll1_00"},{"time":0.2,"name":"skll1_02"},{"time":0.4666,"name":"skll1_03"},{"time":0.5333,"name":"skll1_04"},{"time":1.7666,"name":"skll1_05"},{"time":1.8666,"name":"skll1_06"},{"time":2.8333,"name":"skll1_00"},{"time":2.9333,"name":"skll1_00"},{"time":3.2,"name":"skll1_01"},{"time":3.3333,"name":"idle_01"},{"time":3.4,"name":"idle_01"}],"color":[{"time":0.2333,"color":"ffffffff","curve":[0.119,0.69,0.75,1]},{"time":0.3,"color":"ffffff00","curve":"stepped"},{"time":0.7333,"color":"ffffff00"},{"time":0.9333,"color":"ffffffff"}]},"S1_wave1":{"attachment":[{"time":0.2,"name":"EF/200_S1_wave1/03_fire_00038"},{"time":0.2333,"name":"EF/200_S1_wave1/03_fire_00039"},{"time":0.2666,"name":"EF/200_S1_wave1/03_fire_00040"},{"time":0.3,"name":"EF/200_S1_wave1/03_fire_00041"},{"time":0.3333,"name":"EF/200_S1_wave1/03_fire_00042"},{"time":0.3666,"name":"EF/200_S1_wave1/03_fire_00043"},{"time":0.4,"name":"EF/200_S1_wave1/03_fire_00044"},{"time":0.4333,"name":"EF/200_S1_wave1/03_fire_00045"},{"time":0.4666,"name":"EF/200_S1_wave1/03_fire_00046"},{"time":0.5,"name":"EF/200_S1_wave1/03_fire_00047"},{"time":0.5333,"name":"EF/200_S1_wave1/03_fire_00048"},{"time":0.7333,"name":"EF/200_S1_wave1/03_fire_00049"},{"time":0.7666,"name":"EF/200_S1_wave1/03_fire_00050"},{"time":0.8,"name":null}]},"S2_light1":{"attachment":[{"time":0.7666,"name":"EF/550_S2_light1_DOT/550_S2_light1_00038"},{"time":0.8333,"name":"EF/550_S2_light1_DOT/550_S2_light1_00039"},{"time":0.9,"name":"EF/550_S2_light1_DOT/550_S2_light1_00040"},{"time":0.9666,"name":"EF/550_S2_light1_DOT/550_S2_light1_00041"},{"time":1.0333,"name":"EF/550_S2_light1_DOT/550_S2_light1_00042"},{"time":1.1,"name":"EF/550_S2_light1_DOT/550_S2_light1_00043"},{"time":1.1666,"name":"EF/550_S2_light1_DOT/550_S2_light1_00044"},{"time":1.2333,"name":"EF/550_S2_light1_DOT/550_S2_light1_00045"},{"time":1.3,"name":"EF/550_S2_light1_DOT/550_S2_light1_00046"},{"time":1.3666,"name":"EF/550_S2_light1_DOT/550_S2_light1_00047"},{"time":1.4333,"name":"EF/550_S2_light1_DOT/550_S2_light1_00048"},{"time":1.5,"name":"EF/550_S2_light1_DOT/550_S2_light1_00049"},{"time":1.5666,"name":"EF/550_S2_light1_DOT/550_S2_light1_00050"},{"time":1.6333,"name":"EF/550_S2_light1_DOT/550_S2_light1_00051"},{"time":1.7,"name":"EF/550_S2_light1_DOT/550_S2_light1_00052"},{"time":1.7666,"name":null}]},"S2_light2":{"attachment":[{"time":0.8,"name":"EF/550_S2_light1_DOT/550_S2_light1_00038"},{"time":0.8333,"name":"EF/550_S2_light1_DOT/550_S2_light1_00039"},{"time":0.8666,"name":"EF/550_S2_light1_DOT/550_S2_light1_00040"},{"time":0.9,"name":"EF/550_S2_light1_DOT/550_S2_light1_00041"},{"time":0.9333,"name":"EF/550_S2_light1_DOT/550_S2_light1_00042"},{"time":0.9666,"name":"EF/550_S2_light1_DOT/550_S2_light1_00043"},{"time":1,"name":"EF/550_S2_light1_DOT/550_S2_light1_00044"},{"time":1.0333,"name":"EF/550_S2_light1_DOT/550_S2_light1_00045"},{"time":1.0666,"name":"EF/550_S2_light1_DOT/550_S2_light1_00046"},{"time":1.1,"name":"EF/550_S2_light1_DOT/550_S2_light1_00047"},{"time":1.1333,"name":"EF/550_S2_light1_DOT/550_S2_light1_00048"},{"time":1.1666,"name":"EF/550_S2_light1_DOT/550_S2_light1_00049"},{"time":1.2,"name":"EF/550_S2_light1_DOT/550_S2_light1_00050"},{"time":1.2333,"name":"EF/550_S2_light1_DOT/550_S2_light1_00051"},{"time":1.2666,"name":"EF/550_S2_light1_DOT/550_S2_light1_00052"},{"time":1.3,"name":"EF/550_S2_light1_DOT/550_S2_light1_00038"},{"time":1.3333,"name":"EF/550_S2_light1_DOT/550_S2_light1_00039"},{"time":1.3666,"name":"EF/550_S2_light1_DOT/550_S2_light1_00040"},{"time":1.4,"name":"EF/550_S2_light1_DOT/550_S2_light1_00041"},{"time":1.4333,"name":"EF/550_S2_light1_DOT/550_S2_light1_00042"},{"time":1.4666,"name":"EF/550_S2_light1_DOT/550_S2_light1_00043"},{"time":1.5,"name":"EF/550_S2_light1_DOT/550_S2_light1_00044"},{"time":1.5333,"name":"EF/550_S2_light1_DOT/550_S2_light1_00045"},{"time":1.5666,"name":"EF/550_S2_light1_DOT/550_S2_light1_00046"},{"time":1.6,"name":"EF/550_S2_light1_DOT/550_S2_light1_00047"},{"time":1.6333,"name":"EF/550_S2_light1_DOT/550_S2_light1_00048"},{"time":1.6666,"name":"EF/550_S2_light1_DOT/550_S2_light1_00049"},{"time":1.7,"name":"EF/550_S2_light1_DOT/550_S2_light1_00050"},{"time":1.7333,"name":"EF/550_S2_light1_DOT/550_S2_light1_00051"},{"time":1.7666,"name":"EF/550_S2_light1_DOT/550_S2_light1_00052"},{"time":1.8,"name":null}]}},"bones":{"MAIN":{"translate":[{"time":0,"x":0,"y":0,"curve":[0.187,0.34,0.75,1]},{"time":0.1666,"x":0,"y":-21.82,"curve":[0.047,0.77,0.75,1]},{"time":0.5,"x":0,"y":203.33,"curve":"stepped"},{"time":0.7333,"x":0,"y":115.56,"curve":"stepped"},{"time":2.8333,"x":0,"y":121.94},{"time":3.2,"x":0,"y":13.88},{"time":3.3333,"x":0,"y":0}],"scale":[{"time":0.7333,"x":1.07,"y":1.07,"curve":[0.25,0,0.75,1]},{"time":1.5333,"x":1,"y":1,"curve":"stepped"},{"time":1.7666,"x":0.954,"y":0.954,"curve":[0.25,0,0.75,1]},{"time":2,"x":1.024,"y":1.024}]},"S1_wave1":{"translate":[{"time":0.2,"x":11.57,"y":67.95}],"scale":[{"time":0.2,"x":1.2,"y":1.2}]},"S2_light1":{"translate":[{"time":0.7666,"x":300.31,"y":389.32}],"scale":[{"time":0.7666,"x":2.6,"y":2.7}]},"DAMAGEAREA":{"translate":[{"time":1.8,"x":0,"y":184.9}],"scale":[{"time":1.8,"x":20.934,"y":13.097}]},"S2_light2":{"translate":[{"time":0.8,"x":300.31,"y":389.32}],"scale":[{"time":0.8,"x":2.6,"y":2.7}]},"HITBOX":{"translate":[{"time":0,"x":-1419.17,"y":-30.32}]}},"events":[{"time":0,"name":"Event","float":0.3,"string":"kHitStopType_normal"},{"time":0,"name":"HitEffect","string":"setHitEffect(hit02a,1,1.5,1)"},{"time":0.2,"name":"Sound","string":"cri_se_battle_Flutter"},{"time":0.5,"name":"Event","string":"setPosition_Center"},{"time":0.7333,"name":"Event","string":"shakeGround"},{"time":0.7666,"name":"Sound_2","string":"cri_se_battle_charge_long"},{"time":1.7,"name":"Sound","string":"cri_se_battle_031_explosion_03"},{"time":1.7,"name":"Sound_2","string":"cri_se_battle_033_explosion_element_01"},{"time":1.7,"name":"voice","string":"cri_046_voice_fullarts_now"},{"time":1.8,"name":"Event","string":"addOrbitSystem-fire"},{"time":1.8333,"name":"Event","string":"shakeGround"},{"time":1.8666,"name":"Event","string":"kImpactType_knock"},{"time":2.0666,"name":"Event","string":"runSkillEffect"}]}}}