{"skeleton":{"hash":"P0x29e2iDAdlutpdSBnZ1jGixMU","spine":"3.0.12","width":512,"height":512},"bones":[{"name":"root"},{"name":"MAIN","parent":"root","y":50},{"name":"HITBOX","parent":"MAIN","y":-1.2,"scaleX":0.551,"scaleY":0.763},{"name":"EF_MAIN","parent":"root"},{"name":"EF_wave1_3","parent":"EF_MAIN","x":300},{"name":"EF_wave1_2","parent":"EF_MAIN","x":300},{"name":"EF_wave1_1","parent":"EF_MAIN","x":300},{"name":"EF_slash1_2","parent":"EF_MAIN","x":300,"y":100},{"name":"EF_slash1_1","parent":"EF_MAIN","x":300,"y":100},{"name":"EF_rotwave1_1","parent":"EF_MAIN","x":350},{"name":"EF_firewave1_1","parent":"EF_MAIN","x":300,"y":50},{"name":"EF_eye_sphere","parent":"EF_MAIN","x":250,"y":100},{"name":"EF_eye_shine","parent":"EF_MAIN","x":250,"y":50},{"name":"EF_dashsmoke1_2","parent":"EF_MAIN","x":100},{"name":"EF_dashsmoke1_1","parent":"EF_MAIN","x":100},{"name":"EF_dash1_1","parent":"EF_MAIN","x":200},{"name":"EF_aura1_1","parent":"EF_MAIN"},{"name":"EF_Dot","parent":"root","x":200,"y":50},{"name":"DAMAGEAREA","parent":"root"},{"name":"shadow","parent":"root","y":50},{"name":"shadow2","parent":"root","y":50}],"slots":[{"name":"EF_wave1_1","bone":"EF_wave1_1","blend":"additive"},{"name":"EF_wave1_2","bone":"EF_wave1_2","blend":"additive"},{"name":"EF_wave1_3","bone":"EF_wave1_3","blend":"additive"},{"name":"EF_dashsmoke1_2","bone":"EF_dashsmoke1_2","blend":"additive"},{"name":"EF_slash1_2","bone":"EF_slash1_2","blend":"additive"},{"name":"shadow2","bone":"shadow2"},{"name":"shadow","bone":"shadow"},{"name":"EF_rotwave1_1","bone":"EF_rotwave1_1","blend":"additive"},{"name":"MAIN","bone":"MAIN","attachment":"damage_00"},{"name":"EF_Dot","bone":"EF_Dot","blend":"additive"},{"name":"EF_eye_shine","bone":"EF_eye_shine","blend":"additive"},{"name":"EF_eye_sphere","bone":"EF_eye_sphere","blend":"additive"},{"name":"DAMAGEAREA","bone":"DAMAGEAREA"},{"name":"EF_dashsmoke1_1","bone":"EF_dashsmoke1_1","blend":"additive"},{"name":"EF_dash1_1","bone":"EF_dash1_1","blend":"additive"},{"name":"EF_firewave1_1","bone":"EF_firewave1_1","blend":"additive"},{"name":"EF_aura1_1","bone":"EF_aura1_1","blend":"additive"},{"name":"EF_slash1_1","bone":"EF_slash1_1","blend":"additive"},{"name":"HITBOX","bone":"HITBOX","attachment":"HITBOX"}],"skins":{"default":{"DAMAGEAREA":{"DAMAGEAREA":{"type":"boundingbox","vertices":[-97.76053,-96.68721,97.82343,-96.68721,97.82343,97.3688,-97.76053,97.3688]}},"EF_Dot":{"EF_dot/attack1_EF_00":{"scaleX":2,"scaleY":2,"width":256,"height":256},"EF_dot/attack1_EF_01":{"scaleX":2,"scaleY":2,"width":256,"height":256},"EF_dot/attack1_EF_03":{"scaleX":2,"scaleY":2,"width":256,"height":256},"EF_dot/attack1_EF_04":{"scaleX":2,"scaleY":2,"width":256,"height":256}},"EF_aura1_1":{"EF/ef_trunade_aura_main/ef_trunade_aura_main_00001":{"y":112.79,"width":150,"height":240},"EF/ef_trunade_aura_main/ef_trunade_aura_main_00002":{"y":112.79,"width":150,"height":240},"EF/ef_trunade_aura_main/ef_trunade_aura_main_00003":{"y":112.79,"width":150,"height":240},"EF/ef_trunade_aura_main/ef_trunade_aura_main_00004":{"y":112.79,"width":150,"height":240},"EF/ef_trunade_aura_main/ef_trunade_aura_main_00005":{"y":112.79,"width":150,"height":240},"EF/ef_trunade_aura_main/ef_trunade_aura_main_00006":{"y":112.79,"width":150,"height":240},"EF/ef_trunade_aura_main/ef_trunade_aura_main_00007":{"y":112.79,"width":150,"height":240},"EF/ef_trunade_aura_main/ef_trunade_aura_main_00008":{"y":112.79,"width":150,"height":240}},"EF_dash1_1":{"EF/ef_dash_yellow/ef_dash_yellow_00002":{"x":30.28,"y":18.16,"width":200,"height":200},"EF/ef_dash_yellow/ef_dash_yellow_00004":{"x":30.28,"y":18.16,"width":200,"height":200},"EF/ef_dash_yellow/ef_dash_yellow_00005":{"x":30.28,"y":18.16,"width":200,"height":200},"EF/ef_dash_yellow/ef_dash_yellow_00006":{"x":30.28,"y":18.16,"width":200,"height":200},"EF/ef_dash_yellow/ef_dash_yellow_00007":{"x":30.28,"y":18.16,"width":200,"height":200},"EF/ef_dash_yellow/ef_dash_yellow_00008":{"x":30.28,"y":18.16,"width":200,"height":200},"EF/ef_dash_yellow/ef_dash_yellow_00009":{"x":30.28,"y":18.16,"width":200,"height":200},"EF/ef_dash_yellow/ef_dash_yellow_00010":{"x":30.28,"y":18.16,"width":200,"height":200},"EF/ef_dash_yellow/ef_dash_yellow_00011":{"x":30.28,"y":18.16,"width":200,"height":200},"EF/ef_dash_yellow/ef_dash_yellow_00012":{"x":30.28,"y":18.16,"width":200,"height":200}},"EF_dashsmoke1_1":{"EF/ef_dash_smoke_main/ef_dash_smoke_main_00001":{"x":42.48,"y":42.48,"width":200,"height":200},"EF/ef_dash_smoke_main/ef_dash_smoke_main_00002":{"x":42.48,"y":42.48,"width":200,"height":200},"EF/ef_dash_smoke_main/ef_dash_smoke_main_00003":{"x":42.48,"y":42.48,"width":200,"height":200},"EF/ef_dash_smoke_main/ef_dash_smoke_main_00004":{"x":42.48,"y":42.48,"width":200,"height":200},"EF/ef_dash_smoke_main/ef_dash_smoke_main_00005":{"x":42.48,"y":42.48,"width":200,"height":200},"EF/ef_dash_smoke_main/ef_dash_smoke_main_00006":{"x":42.48,"y":42.48,"width":200,"height":200},"EF/ef_dash_smoke_main/ef_dash_smoke_main_00007":{"x":42.48,"y":42.48,"width":200,"height":200},"EF/ef_dash_smoke_main/ef_dash_smoke_main_00008":{"x":42.48,"y":42.48,"width":200,"height":200},"EF/ef_dash_smoke_main/ef_dash_smoke_main_00009":{"x":42.48,"y":42.48,"width":200,"height":200},"EF/ef_dash_smoke_main/ef_dash_smoke_main_00010":{"x":42.48,"y":42.48,"width":200,"height":200},"EF/ef_dash_smoke_main/ef_dash_smoke_main_00011":{"x":42.48,"y":42.48,"width":200,"height":200},"EF/ef_dash_smoke_main/ef_dash_smoke_main_00012":{"x":42.48,"y":42.48,"width":200,"height":200}},"EF_dashsmoke1_2":{"EF/ef_dash_smoke_main/ef_dash_smoke_main_00001":{"x":42.48,"y":42.48,"width":200,"height":200},"EF/ef_dash_smoke_main/ef_dash_smoke_main_00002":{"x":42.48,"y":42.48,"width":200,"height":200},"EF/ef_dash_smoke_main/ef_dash_smoke_main_00003":{"x":42.48,"y":42.48,"width":200,"height":200},"EF/ef_dash_smoke_main/ef_dash_smoke_main_00004":{"x":42.48,"y":42.48,"width":200,"height":200},"EF/ef_dash_smoke_main/ef_dash_smoke_main_00005":{"x":42.48,"y":42.48,"width":200,"height":200},"EF/ef_dash_smoke_main/ef_dash_smoke_main_00006":{"x":42.48,"y":42.48,"width":200,"height":200},"EF/ef_dash_smoke_main/ef_dash_smoke_main_00007":{"x":42.48,"y":42.48,"width":200,"height":200},"EF/ef_dash_smoke_main/ef_dash_smoke_main_00008":{"x":42.48,"y":42.48,"width":200,"height":200},"EF/ef_dash_smoke_main/ef_dash_smoke_main_00009":{"x":42.48,"y":42.48,"width":200,"height":200},"EF/ef_dash_smoke_main/ef_dash_smoke_main_00010":{"x":42.48,"y":42.48,"width":200,"height":200},"EF/ef_dash_smoke_main/ef_dash_smoke_main_00011":{"x":42.48,"y":42.48,"width":200,"height":200},"EF/ef_dash_smoke_main/ef_dash_smoke_main_00012":{"x":42.48,"y":42.48,"width":200,"height":200}},"EF_eye_shine":{"EF/main_eye_shine/ef_shine_main_00001":{"x":-0.68,"y":-1.42,"width":188,"height":188},"EF/main_eye_shine/ef_shine_main_00002":{"x":-0.68,"y":-1.42,"width":188,"height":188},"EF/main_eye_shine/ef_shine_main_00008":{"x":-0.68,"y":-1.42,"width":188,"height":188},"EF/main_eye_shine/ef_shine_main_00009":{"x":-0.68,"y":-1.42,"width":188,"height":188},"EF/main_eye_shine/ef_shine_main_00010":{"x":-0.68,"y":-1.42,"width":188,"height":188}},"EF_eye_sphere":{"EF/main_eye_shine/sphire":{"width":200,"height":200}},"EF_firewave1_1":{"EF/ef_fire_wave_A_main/ef_fire_wave_A_main_00006":{"x":82.51,"width":240,"height":240},"EF/ef_fire_wave_A_main/ef_fire_wave_A_main_00007":{"x":82.51,"width":240,"height":240},"EF/ef_fire_wave_A_main/ef_fire_wave_A_main_00008":{"x":82.51,"width":240,"height":240},"EF/ef_fire_wave_A_main/ef_fire_wave_A_main_00009":{"x":82.51,"width":240,"height":240},"EF/ef_fire_wave_A_main/ef_fire_wave_A_main_00010":{"x":82.51,"width":240,"height":240},"EF/ef_fire_wave_A_main/ef_fire_wave_A_main_00011":{"x":82.51,"width":240,"height":240}},"EF_rotwave1_1":{"EF/ef_rot_wave_yellow/ef_rot_wave_yellow_00001":{"y":9.41,"width":210,"height":100},"EF/ef_rot_wave_yellow/ef_rot_wave_yellow_00002":{"y":9.41,"width":210,"height":100},"EF/ef_rot_wave_yellow/ef_rot_wave_yellow_00003":{"y":9.41,"width":210,"height":100},"EF/ef_rot_wave_yellow/ef_rot_wave_yellow_00004":{"y":9.41,"width":210,"height":100},"EF/ef_rot_wave_yellow/ef_rot_wave_yellow_00005":{"y":9.41,"width":210,"height":100},"EF/ef_rot_wave_yellow/ef_rot_wave_yellow_00006":{"y":9.41,"width":210,"height":100},"EF/ef_rot_wave_yellow/ef_rot_wave_yellow_00007":{"y":9.41,"width":210,"height":100},"EF/ef_rot_wave_yellow/ef_rot_wave_yellow_00008":{"y":9.41,"width":210,"height":100},"EF/ef_rot_wave_yellow/ef_rot_wave_yellow_00009":{"y":9.41,"width":210,"height":100},"EF/ef_rot_wave_yellow/ef_rot_wave_yellow_00010":{"y":9.41,"width":210,"height":100},"EF/ef_rot_wave_yellow/ef_rot_wave_yellow_00011":{"y":9.41,"width":210,"height":100}},"EF_slash1_1":{"EF/ef_slash_A_main/ef_slash_A_main_00001":{"width":210,"height":90},"EF/ef_slash_A_main/ef_slash_A_main_00002":{"width":210,"height":90},"EF/ef_slash_A_main/ef_slash_A_main_00003":{"width":210,"height":90},"EF/ef_slash_A_main/ef_slash_A_main_00004":{"width":210,"height":90},"EF/ef_slash_A_main/ef_slash_A_main_00005":{"width":210,"height":90},"EF/ef_slash_A_main/ef_slash_A_main_00006":{"width":210,"height":90},"EF/ef_slash_A_main/ef_slash_A_main_00007":{"width":210,"height":90},"EF/ef_slash_A_main/ef_slash_A_main_00008":{"width":210,"height":90},"EF/ef_slash_A_main/ef_slash_A_main_00009":{"width":210,"height":90}},"EF_slash1_2":{"EF/ef_slash_A_main/ef_slash_A_main_00001":{"scaleX":-1,"scaleY":-1,"rotation":8.8,"width":210,"height":90},"EF/ef_slash_A_main/ef_slash_A_main_00002":{"scaleX":-1,"scaleY":-1,"rotation":8.8,"width":210,"height":90},"EF/ef_slash_A_main/ef_slash_A_main_00003":{"scaleX":-1,"scaleY":-1,"rotation":8.8,"width":210,"height":90},"EF/ef_slash_A_main/ef_slash_A_main_00004":{"scaleX":-1,"scaleY":-1,"rotation":8.8,"width":210,"height":90},"EF/ef_slash_A_main/ef_slash_A_main_00005":{"scaleX":-1,"scaleY":-1,"rotation":8.8,"width":210,"height":90},"EF/ef_slash_A_main/ef_slash_A_main_00006":{"scaleX":-1,"scaleY":-1,"rotation":8.8,"width":210,"height":90},"EF/ef_slash_A_main/ef_slash_A_main_00007":{"scaleX":-1,"scaleY":-1,"rotation":8.8,"width":210,"height":90},"EF/ef_slash_A_main/ef_slash_A_main_00008":{"scaleX":-1,"scaleY":-1,"rotation":8.8,"width":210,"height":90},"EF/ef_slash_A_main/ef_slash_A_main_00009":{"scaleX":-1,"scaleY":-1,"rotation":8.8,"width":210,"height":90}},"EF_wave1_1":{"EF/ef_graund_wave_yellow/ef_graund_wave_yellow_00001":{"y":10.59,"width":200,"height":120},"EF/ef_graund_wave_yellow/ef_graund_wave_yellow_00002":{"y":10.59,"width":200,"height":120},"EF/ef_graund_wave_yellow/ef_graund_wave_yellow_00003":{"y":10.59,"width":200,"height":120},"EF/ef_graund_wave_yellow/ef_graund_wave_yellow_00004":{"y":10.59,"width":200,"height":120},"EF/ef_graund_wave_yellow/ef_graund_wave_yellow_00005":{"y":10.59,"width":200,"height":120},"EF/ef_graund_wave_yellow/ef_graund_wave_yellow_00006":{"y":10.59,"width":200,"height":120},"EF/ef_graund_wave_yellow/ef_graund_wave_yellow_00007":{"y":10.59,"width":200,"height":120},"EF/ef_graund_wave_yellow/ef_graund_wave_yellow_00008":{"y":10.59,"width":200,"height":120},"EF/ef_graund_wave_yellow/ef_graund_wave_yellow_00009":{"y":10.59,"width":200,"height":120},"EF/ef_graund_wave_yellow/ef_graund_wave_yellow_00010":{"y":10.59,"width":200,"height":120},"EF/ef_graund_wave_yellow/ef_graund_wave_yellow_00011":{"y":10.59,"width":200,"height":120},"EF/ef_graund_wave_yellow/ef_graund_wave_yellow_00012":{"y":10.59,"width":200,"height":120},"EF/ef_graund_wave_yellow/ef_graund_wave_yellow_00013":{"y":10.59,"width":200,"height":120}},"EF_wave1_2":{"EF/ef_graund_wave_yellow/ef_graund_wave_yellow_00001":{"y":10.59,"width":200,"height":120},"EF/ef_graund_wave_yellow/ef_graund_wave_yellow_00002":{"y":10.59,"width":200,"height":120},"EF/ef_graund_wave_yellow/ef_graund_wave_yellow_00003":{"y":10.59,"width":200,"height":120},"EF/ef_graund_wave_yellow/ef_graund_wave_yellow_00004":{"y":10.59,"width":200,"height":120},"EF/ef_graund_wave_yellow/ef_graund_wave_yellow_00005":{"y":10.59,"width":200,"height":120},"EF/ef_graund_wave_yellow/ef_graund_wave_yellow_00006":{"y":10.59,"width":200,"height":120},"EF/ef_graund_wave_yellow/ef_graund_wave_yellow_00007":{"y":10.59,"width":200,"height":120},"EF/ef_graund_wave_yellow/ef_graund_wave_yellow_00008":{"y":10.59,"width":200,"height":120},"EF/ef_graund_wave_yellow/ef_graund_wave_yellow_00009":{"y":10.59,"width":200,"height":120},"EF/ef_graund_wave_yellow/ef_graund_wave_yellow_00010":{"y":10.59,"width":200,"height":120},"EF/ef_graund_wave_yellow/ef_graund_wave_yellow_00011":{"y":10.59,"width":200,"height":120},"EF/ef_graund_wave_yellow/ef_graund_wave_yellow_00012":{"y":10.59,"width":200,"height":120},"EF/ef_graund_wave_yellow/ef_graund_wave_yellow_00013":{"y":10.59,"width":200,"height":120}},"EF_wave1_3":{"EF/ef_graund_wave_yellow/ef_graund_wave_yellow_00001":{"y":10.59,"width":200,"height":120},"EF/ef_graund_wave_yellow/ef_graund_wave_yellow_00002":{"y":10.59,"width":200,"height":120},"EF/ef_graund_wave_yellow/ef_graund_wave_yellow_00003":{"y":10.59,"width":200,"height":120},"EF/ef_graund_wave_yellow/ef_graund_wave_yellow_00004":{"y":10.59,"width":200,"height":120},"EF/ef_graund_wave_yellow/ef_graund_wave_yellow_00005":{"y":10.59,"width":200,"height":120},"EF/ef_graund_wave_yellow/ef_graund_wave_yellow_00006":{"y":10.59,"width":200,"height":120},"EF/ef_graund_wave_yellow/ef_graund_wave_yellow_00007":{"y":10.59,"width":200,"height":120},"EF/ef_graund_wave_yellow/ef_graund_wave_yellow_00008":{"y":10.59,"width":200,"height":120},"EF/ef_graund_wave_yellow/ef_graund_wave_yellow_00009":{"y":10.59,"width":200,"height":120},"EF/ef_graund_wave_yellow/ef_graund_wave_yellow_00010":{"y":10.59,"width":200,"height":120},"EF/ef_graund_wave_yellow/ef_graund_wave_yellow_00011":{"y":10.59,"width":200,"height":120},"EF/ef_graund_wave_yellow/ef_graund_wave_yellow_00012":{"y":10.59,"width":200,"height":120},"EF/ef_graund_wave_yellow/ef_graund_wave_yellow_00013":{"y":10.59,"width":200,"height":120}},"HITBOX":{"HITBOX":{"type":"boundingbox","vertices":[-63.43893,-63.50691,63.11041,-63.50691,63.49156,63.4236,-63.43893,63.80477]}},"MAIN":{"attack1_00":{"y":29.22,"scaleX":2,"scaleY":2,"width":256,"height":256},"attack1_01":{"y":29.22,"scaleX":2,"scaleY":2,"width":256,"height":256},"attack1_02":{"y":29.22,"scaleX":2,"scaleY":2,"width":256,"height":256},"attack1_03":{"y":29.22,"scaleX":2,"scaleY":2,"width":256,"height":256},"attack1_04":{"y":29.22,"scaleX":2,"scaleY":2,"width":256,"height":256},"attack1_05":{"y":29.22,"scaleX":2,"scaleY":2,"width":256,"height":256},"attack1_06":{"y":29.22,"scaleX":2,"scaleY":2,"width":256,"height":256},"back_00":{"y":29.22,"scaleX":2,"scaleY":2,"width":256,"height":256},"damage_00":{"y":47.73,"scaleX":2,"scaleY":2,"width":256,"height":256},"front_00":{"y":29.22,"scaleX":2,"scaleY":2,"width":256,"height":256},"idle_00":{"y":29.22,"scaleX":2,"scaleY":2,"width":256,"height":256},"idle_01":{"y":29.22,"scaleX":2,"scaleY":2,"width":256,"height":256},"idle_02":{"y":29.22,"scaleX":2,"scaleY":2,"width":256,"height":256},"idle_03":{"y":29.22,"scaleX":2,"scaleY":2,"width":256,"height":256},"skill1_00":{"y":29.22,"scaleX":2,"scaleY":2,"width":256,"height":256},"skill1_01":{"y":29.22,"scaleX":2,"scaleY":2,"width":256,"height":256},"skill1_02":{"y":29.22,"scaleX":2,"scaleY":2,"width":256,"height":256},"skill1_03":{"y":29.22,"scaleX":2,"scaleY":2,"width":256,"height":256},"skill1_04":{"y":29.22,"scaleX":2,"scaleY":2,"width":256,"height":256},"skill1_05":{"y":29.22,"scaleX":2,"scaleY":2,"width":256,"height":256},"skill1_06":{"y":29.22,"scaleX":2,"scaleY":2,"width":256,"height":256},"skill1_07":{"y":29.22,"scaleX":2,"scaleY":2,"width":256,"height":256},"skill1_08":{"y":29.22,"scaleX":2,"scaleY":2,"width":256,"height":256},"skill1_09":{"y":29.22,"scaleX":2,"scaleY":2,"width":256,"height":256},"skill1_10":{"y":29.22,"scaleX":2,"scaleY":2,"width":256,"height":256},"skill1_11":{"y":29.22,"scaleX":2,"scaleY":2,"width":256,"height":256},"skill2_00":{"y":29.22,"scaleX":2,"scaleY":2,"width":256,"height":256},"skill2_01":{"y":29.22,"scaleX":2,"scaleY":2,"width":256,"height":256},"skill2_02":{"y":29.22,"scaleX":2,"scaleY":2,"width":256,"height":256},"skill2_03":{"y":29.22,"scaleX":2,"scaleY":2,"width":256,"height":256},"skill2_04":{"y":29.22,"scaleX":2,"scaleY":2,"width":256,"height":256},"skill2_05":{"y":29.22,"scaleX":2,"scaleY":2,"width":256,"height":256},"skill2_06":{"y":29.22,"scaleX":2,"scaleY":2,"width":256,"height":256},"skill2_07":{"y":29.22,"scaleX":2,"scaleY":2,"width":256,"height":256},"skill2_08":{"y":29.22,"scaleX":2,"scaleY":2,"width":256,"height":256},"skill2_09":{"y":29.22,"scaleX":2,"scaleY":2,"width":256,"height":256},"skill2_10":{"y":29.22,"scaleX":2,"scaleY":2,"width":256,"height":256},"skill3_00":{"y":29.22,"scaleX":2,"scaleY":2,"width":256,"height":256},"skill3_01":{"y":29.22,"scaleX":2,"scaleY":2,"width":256,"height":256},"skill3_02":{"y":29.22,"scaleX":2,"scaleY":2,"width":256,"height":256},"skill3_03":{"y":29.22,"scaleX":2,"scaleY":2,"width":256,"height":256},"skill3_04":{"y":29.22,"scaleX":2,"scaleY":2,"width":256,"height":256},"skill3_05":{"y":29.22,"scaleX":2,"scaleY":2,"width":256,"height":256},"skill3_06":{"y":29.22,"scaleX":2,"scaleY":2,"width":256,"height":256},"skill3_07":{"y":29.22,"scaleX":2,"scaleY":2,"width":256,"height":256},"skill3_08":{"y":29.22,"scaleX":2,"scaleY":2,"width":256,"height":256},"skill3_09":{"y":29.22,"scaleX":2,"scaleY":2,"width":256,"height":256},"skill3_10":{"y":29.22,"scaleX":2,"scaleY":2,"width":256,"height":256},"skill3_11":{"y":29.22,"scaleX":2,"scaleY":2,"width":256,"height":256},"skill3b_01":{"y":29.22,"scaleX":2,"scaleY":2,"width":256,"height":256},"skill3b_02":{"y":29.22,"scaleX":2,"scaleY":2,"width":256,"height":256},"skill3b_03":{"y":29.22,"scaleX":2,"scaleY":2,"width":256,"height":256},"skill3b_04":{"y":29.22,"scaleX":2,"scaleY":2,"width":256,"height":256},"skill3b_05":{"y":29.22,"scaleX":2,"scaleY":2,"width":256,"height":256}},"shadow":{"attack1_00":{"y":29.22,"scaleX":2,"scaleY":2,"width":256,"height":256},"attack1_01":{"y":29.22,"scaleX":2,"scaleY":2,"width":256,"height":256},"attack1_02":{"y":29.22,"scaleX":2,"scaleY":2,"width":256,"height":256},"attack1_03":{"y":29.22,"scaleX":2,"scaleY":2,"width":256,"height":256},"attack1_04":{"y":29.22,"scaleX":2,"scaleY":2,"width":256,"height":256},"attack1_05":{"y":29.22,"scaleX":2,"scaleY":2,"width":256,"height":256},"attack1_06":{"y":29.22,"scaleX":2,"scaleY":2,"width":256,"height":256},"back_00":{"y":29.22,"scaleX":2,"scaleY":2,"width":256,"height":256},"damage_00":{"y":29.22,"scaleX":2,"scaleY":2,"width":256,"height":256},"front_00":{"y":29.22,"scaleX":2,"scaleY":2,"width":256,"height":256},"idle_00":{"y":29.22,"scaleX":2,"scaleY":2,"width":256,"height":256},"idle_01":{"y":29.22,"scaleX":2,"scaleY":2,"width":256,"height":256},"idle_02":{"y":29.22,"scaleX":2,"scaleY":2,"width":256,"height":256},"idle_03":{"y":29.22,"scaleX":2,"scaleY":2,"width":256,"height":256},"skill1_00":{"y":29.22,"scaleX":2,"scaleY":2,"width":256,"height":256},"skill1_01":{"y":29.22,"scaleX":2,"scaleY":2,"width":256,"height":256},"skill1_02":{"y":29.22,"scaleX":2,"scaleY":2,"width":256,"height":256},"skill1_03":{"y":29.22,"scaleX":2,"scaleY":2,"width":256,"height":256},"skill1_04":{"y":29.22,"scaleX":2,"scaleY":2,"width":256,"height":256},"skill1_05":{"y":29.22,"scaleX":2,"scaleY":2,"width":256,"height":256},"skill1_06":{"y":29.22,"scaleX":2,"scaleY":2,"width":256,"height":256},"skill1_07":{"y":29.22,"scaleX":2,"scaleY":2,"width":256,"height":256},"skill1_08":{"y":29.22,"scaleX":2,"scaleY":2,"width":256,"height":256},"skill1_09":{"y":29.22,"scaleX":2,"scaleY":2,"width":256,"height":256},"skill1_10":{"y":29.22,"scaleX":2,"scaleY":2,"width":256,"height":256},"skill1_11":{"y":29.22,"scaleX":2,"scaleY":2,"width":256,"height":256},"skill2_00":{"y":29.22,"scaleX":2,"scaleY":2,"width":256,"height":256},"skill2_01":{"y":29.22,"scaleX":2,"scaleY":2,"width":256,"height":256},"skill2_02":{"y":29.22,"scaleX":2,"scaleY":2,"width":256,"height":256},"skill2_03":{"y":29.22,"scaleX":2,"scaleY":2,"width":256,"height":256},"skill2_04":{"y":29.22,"scaleX":2,"scaleY":2,"width":256,"height":256},"skill2_05":{"y":29.22,"scaleX":2,"scaleY":2,"width":256,"height":256},"skill2_06":{"y":29.22,"scaleX":2,"scaleY":2,"width":256,"height":256},"skill2_07":{"y":29.22,"scaleX":2,"scaleY":2,"width":256,"height":256},"skill2_08":{"y":29.22,"scaleX":2,"scaleY":2,"width":256,"height":256},"skill2_09":{"y":29.22,"scaleX":2,"scaleY":2,"width":256,"height":256},"skill2_10":{"y":29.22,"scaleX":2,"scaleY":2,"width":256,"height":256},"skill3_00":{"y":29.22,"scaleX":2,"scaleY":2,"width":256,"height":256},"skill3_01":{"y":29.22,"scaleX":2,"scaleY":2,"width":256,"height":256},"skill3_02":{"y":29.22,"scaleX":2,"scaleY":2,"width":256,"height":256},"skill3_03":{"y":29.22,"scaleX":2,"scaleY":2,"width":256,"height":256},"skill3_04":{"y":29.22,"scaleX":2,"scaleY":2,"width":256,"height":256},"skill3_05":{"y":29.22,"scaleX":2,"scaleY":2,"width":256,"height":256},"skill3_06":{"y":29.22,"scaleX":2,"scaleY":2,"width":256,"height":256},"skill3_07":{"y":29.22,"scaleX":2,"scaleY":2,"width":256,"height":256},"skill3_08":{"y":29.22,"scaleX":2,"scaleY":2,"width":256,"height":256},"skill3_09":{"y":29.22,"scaleX":2,"scaleY":2,"width":256,"height":256},"skill3_10":{"y":29.22,"scaleX":2,"scaleY":2,"width":256,"height":256},"skill3_11":{"y":29.22,"scaleX":2,"scaleY":2,"width":256,"height":256},"skill3b_00":{"y":29.22,"scaleX":2,"scaleY":2,"width":256,"height":256},"skill3b_01":{"y":29.22,"scaleX":2,"scaleY":2,"width":256,"height":256},"skill3b_02":{"y":29.22,"scaleX":2,"scaleY":2,"width":256,"height":256},"skill3b_03":{"y":29.22,"scaleX":2,"scaleY":2,"width":256,"height":256},"skill3b_04":{"y":29.22,"scaleX":2,"scaleY":2,"width":256,"height":256},"skill3b_05":{"y":29.22,"scaleX":2,"scaleY":2,"width":256,"height":256}},"shadow2":{"attack1_00":{"y":29.22,"scaleX":2,"scaleY":2,"width":256,"height":256},"attack1_01":{"y":29.22,"scaleX":2,"scaleY":2,"width":256,"height":256},"attack1_02":{"y":29.22,"scaleX":2,"scaleY":2,"width":256,"height":256},"attack1_03":{"y":29.22,"scaleX":2,"scaleY":2,"width":256,"height":256},"attack1_04":{"y":29.22,"scaleX":2,"scaleY":2,"width":256,"height":256},"attack1_05":{"y":29.22,"scaleX":2,"scaleY":2,"width":256,"height":256},"attack1_06":{"y":29.22,"scaleX":2,"scaleY":2,"width":256,"height":256},"back_00":{"y":29.22,"scaleX":2,"scaleY":2,"width":256,"height":256},"damage_00":{"y":29.22,"scaleX":2,"scaleY":2,"width":256,"height":256},"front_00":{"y":29.22,"scaleX":2,"scaleY":2,"width":256,"height":256},"idle_00":{"y":29.22,"scaleX":2,"scaleY":2,"width":256,"height":256},"idle_01":{"y":29.22,"scaleX":2,"scaleY":2,"width":256,"height":256},"idle_02":{"y":29.22,"scaleX":2,"scaleY":2,"width":256,"height":256},"idle_03":{"y":29.22,"scaleX":2,"scaleY":2,"width":256,"height":256},"skill1_00":{"y":29.22,"scaleX":2,"scaleY":2,"width":256,"height":256},"skill1_01":{"y":29.22,"scaleX":2,"scaleY":2,"width":256,"height":256},"skill1_02":{"y":29.22,"scaleX":2,"scaleY":2,"width":256,"height":256},"skill1_03":{"y":29.22,"scaleX":2,"scaleY":2,"width":256,"height":256},"skill1_04":{"y":29.22,"scaleX":2,"scaleY":2,"width":256,"height":256},"skill1_05":{"y":29.22,"scaleX":2,"scaleY":2,"width":256,"height":256},"skill1_06":{"y":29.22,"scaleX":2,"scaleY":2,"width":256,"height":256},"skill1_07":{"y":29.22,"scaleX":2,"scaleY":2,"width":256,"height":256},"skill1_08":{"y":29.22,"scaleX":2,"scaleY":2,"width":256,"height":256},"skill1_09":{"y":29.22,"scaleX":2,"scaleY":2,"width":256,"height":256},"skill1_10":{"y":29.22,"scaleX":2,"scaleY":2,"width":256,"height":256},"skill1_11":{"y":29.22,"scaleX":2,"scaleY":2,"width":256,"height":256},"skill2_00":{"y":29.22,"scaleX":2,"scaleY":2,"width":256,"height":256},"skill2_01":{"y":29.22,"scaleX":2,"scaleY":2,"width":256,"height":256},"skill2_02":{"y":29.22,"scaleX":2,"scaleY":2,"width":256,"height":256},"skill2_03":{"y":29.22,"scaleX":2,"scaleY":2,"width":256,"height":256},"skill2_04":{"y":29.22,"scaleX":2,"scaleY":2,"width":256,"height":256},"skill2_05":{"y":29.22,"scaleX":2,"scaleY":2,"width":256,"height":256},"skill2_06":{"y":29.22,"scaleX":2,"scaleY":2,"width":256,"height":256},"skill2_07":{"y":29.22,"scaleX":2,"scaleY":2,"width":256,"height":256},"skill2_08":{"y":29.22,"scaleX":2,"scaleY":2,"width":256,"height":256},"skill2_09":{"y":29.22,"scaleX":2,"scaleY":2,"width":256,"height":256},"skill2_10":{"y":29.22,"scaleX":2,"scaleY":2,"width":256,"height":256},"skill3_00":{"y":29.22,"scaleX":2,"scaleY":2,"width":256,"height":256},"skill3_01":{"y":29.22,"scaleX":2,"scaleY":2,"width":256,"height":256},"skill3_02":{"y":29.22,"scaleX":2,"scaleY":2,"width":256,"height":256},"skill3_03":{"y":29.22,"scaleX":2,"scaleY":2,"width":256,"height":256},"skill3_04":{"y":29.22,"scaleX":2,"scaleY":2,"width":256,"height":256},"skill3_05":{"y":29.22,"scaleX":2,"scaleY":2,"width":256,"height":256},"skill3_06":{"y":29.22,"scaleX":2,"scaleY":2,"width":256,"height":256},"skill3_07":{"y":29.22,"scaleX":2,"scaleY":2,"width":256,"height":256},"skill3_08":{"y":29.22,"scaleX":2,"scaleY":2,"width":256,"height":256},"skill3_09":{"y":29.22,"scaleX":2,"scaleY":2,"width":256,"height":256},"skill3_10":{"y":29.22,"scaleX":2,"scaleY":2,"width":256,"height":256},"skill3_11":{"y":29.22,"scaleX":2,"scaleY":2,"width":256,"height":256},"skill3b_00":{"y":29.22,"scaleX":2,"scaleY":2,"width":256,"height":256},"skill3b_01":{"y":29.22,"scaleX":2,"scaleY":2,"width":256,"height":256},"skill3b_02":{"y":29.22,"scaleX":2,"scaleY":2,"width":256,"height":256},"skill3b_03":{"y":29.22,"scaleX":2,"scaleY":2,"width":256,"height":256},"skill3b_04":{"y":29.22,"scaleX":2,"scaleY":2,"width":256,"height":256},"skill3b_05":{"y":29.22,"scaleX":2,"scaleY":2,"width":256,"height":256}}}},"events":{"Event":{},"Event2":{},"Hit":{"string":"resetHitList"},"Sound1":{},"Sound2":{},"Sound3":{},"Voice":{}},"animations":{"attack1":{"slots":{"DAMAGEAREA":{"attachment":[{"time":0.1666,"name":"DAMAGEAREA"},{"time":0.2333,"name":null},{"time":0.4,"name":"DAMAGEAREA"},{"time":0.4666,"name":null},{"time":0.5666,"name":"DAMAGEAREA"},{"time":0.6666,"name":null},{"time":0.7666,"name":"DAMAGEAREA"},{"time":0.8333,"name":null},{"time":0.8666,"name":"DAMAGEAREA"},{"time":0.9333,"name":null}]},"EF_Dot":{"attachment":[{"time":0.1666,"name":"EF_dot/attack1_EF_00"},{"time":0.2,"name":"EF_dot/attack1_EF_01"},{"time":0.2333,"name":null},{"time":0.4,"name":"EF_dot/attack1_EF_03"},{"time":0.4333,"name":"EF_dot/attack1_EF_04"},{"time":0.4666,"name":null},{"time":0.5666,"name":"EF_dot/attack1_EF_03"},{"time":0.6,"name":"EF_dot/attack1_EF_04"},{"time":0.6333,"name":null},{"time":0.7666,"name":"EF_dot/attack1_EF_00"},{"time":0.8,"name":"EF_dot/attack1_EF_01"},{"time":0.8333,"name":null},{"time":0.8666,"name":"EF_dot/attack1_EF_03"},{"time":0.9,"name":"EF_dot/attack1_EF_04"},{"time":0.9333,"name":null}]},"MAIN":{"attachment":[{"time":0,"name":"attack1_00"},{"time":0.1,"name":"attack1_01"},{"time":0.1666,"name":"attack1_02"},{"time":0.2333,"name":"attack1_03"},{"time":0.3333,"name":"attack1_04"},{"time":0.4,"name":"attack1_05"},{"time":0.4666,"name":"attack1_06"},{"time":0.5333,"name":"skill1_00"},{"time":0.5666,"name":"skill2_01"},{"time":0.6,"name":"skill2_02"},{"time":0.7,"name":"skill2_03"},{"time":0.7333,"name":"skill2_04"},{"time":0.7666,"name":"skill2_05"},{"time":0.8,"name":"skill2_06"},{"time":0.8333,"name":"skill2_07"},{"time":0.8666,"name":"skill1_03"},{"time":0.9333,"name":"skill1_07"},{"time":1,"name":"skill1_04"},{"time":1.1,"name":"attack1_00"},{"time":1.1666,"name":"idle_00"}]}},"bones":{"MAIN":{"rotate":[{"time":0,"angle":0}],"translate":[{"time":0,"x":0,"y":0,"curve":[0.25,0,0.883,0.1]},{"time":0.1,"x":-61.35,"y":0,"curve":[0.114,0.73,0.381,0.93]},{"time":0.3,"x":-80,"y":0,"curve":"stepped"},{"time":0.3333,"x":-80,"y":0,"curve":[0.616,0.03,0.787,0.75]},{"time":0.4666,"x":-87,"y":0,"curve":"stepped"},{"time":0.5333,"x":-87,"y":0,"curve":[0.086,0.75,0.309,0.9]},{"time":0.6666,"x":-238.39,"y":0,"curve":"stepped"},{"time":0.7,"x":-275.92,"y":5.17,"curve":[0.181,0.6,0.75,1]},{"time":0.8333,"x":-149.11,"y":5.17,"curve":[0.234,0.7,0.59,0.83]},{"time":1,"x":-5.47,"y":40.11,"curve":"stepped"},{"time":1.1,"x":0,"y":0}]},"EF_Dot":{"rotate":[{"time":0.5666,"angle":-95.19,"curve":"stepped"},{"time":0.8666,"angle":-171.57}],"translate":[{"time":0.1666,"x":-274.32,"y":27.17,"curve":"stepped"},{"time":0.4,"x":-282.09,"y":29.76,"curve":"stepped"},{"time":0.5666,"x":-346.08,"y":15.85,"curve":"stepped"},{"time":0.6,"x":-386.91,"y":19.54,"curve":"stepped"},{"time":0.7666,"x":-351.19,"y":30.39,"curve":"stepped"},{"time":0.8666,"x":-261.91,"y":60.25}],"scale":[{"time":0.5666,"x":-0.43,"y":2.617,"curve":"stepped"},{"time":0.7666,"x":0.5,"y":2.315,"curve":"stepped"},{"time":0.8666,"x":-1.337,"y":1.53}]},"DAMAGEAREA":{"translate":[{"time":0.1666,"x":-140.56,"y":80.32,"curve":"stepped"},{"time":0.5666,"x":-156.62,"y":60.24,"curve":"stepped"},{"time":0.8666,"x":-130.52,"y":110.44}],"scale":[{"time":0.1666,"x":1,"y":0.678,"curve":"stepped"},{"time":0.5666,"x":1.501,"y":0.698,"curve":"stepped"},{"time":0.8666,"x":1.581,"y":0.991}]}},"drawOrder":[{"time":0.7666,"offsets":[{"slot":"MAIN","offset":1}]},{"time":0.8333}],"events":[{"time":0.1333,"name":"Event","float":0.1,"string":"kHitStopType_normal"},{"time":0.1333,"name":"Sound1","string":"cri_se_battle_arrow"},{"time":0.1333,"name":"Sound3","string":"setHitSound(se_battle_019_sword_hit_03)"},{"time":0.1333,"name":"Voice","string":"cri_286_voice_attack_random"},{"time":0.3666,"name":"Sound1","string":"cri_se_battle_arrow"},{"time":0.4,"name":"Hit"},{"time":0.5333,"name":"Event","float":0.05,"string":"kHitStopType_normal"},{"time":0.5333,"name":"Sound1","string":"cri_se_battle_arrow"},{"time":0.5666,"name":"Hit"},{"time":0.7333,"name":"Event","float":0.01,"string":"kHitStopType_normal"},{"time":0.7333,"name":"Sound1","string":"cri_se_battle_arrow"},{"time":0.7333,"name":"Voice","string":"cri_286_voice_attack_c"},{"time":0.7666,"name":"Hit"},{"time":0.8666,"name":"Hit"},{"time":0.8666,"name":"Sound1","string":"cri_se_battle_arrow"}]},"back":{"slots":{"MAIN":{"attachment":[{"time":0,"name":"attack1_00"},{"time":0.0333,"name":"skill2_03"},{"time":0.0666,"name":"skill1_07"},{"time":0.1333,"name":"skill1_05"},{"time":0.2,"name":"skill1_08"},{"time":0.2333,"name":"skill1_09"},{"time":0.3333,"name":"attack1_00"},{"time":0.4333,"name":"idle_01"},{"time":0.5666,"name":"idle_00"}]}},"bones":{"MAIN":{"translate":[{"time":0,"x":0,"y":0,"curve":"stepped"},{"time":0.0333,"x":30.82,"y":12.41,"curve":[0.138,0.58,0.648,0.91]},{"time":0.2666,"x":168.99,"y":53.88},{"time":0.3333,"x":233.65,"y":0},{"time":0.4333,"x":235,"y":0},{"time":0.5666,"x":240,"y":0}],"scale":[{"time":0.0333,"x":-1,"y":1,"curve":"stepped"},{"time":0.0666,"x":1,"y":1,"curve":"stepped"},{"time":0.4333,"x":1,"y":1}]}},"events":[{"time":0.0333,"name":"Sound1","string":"cri_se_battle_jump"},{"time":0.3333,"name":"Sound1","string":"cri_se_battle_landing"}]},"cast":{"slots":{"MAIN":{"attachment":[{"time":0,"name":"idle_00"},{"time":0.0666,"name":"skill1_00"},{"time":0.1666,"name":"skill1_01"},{"time":0.3333,"name":"attack1_00"},{"time":0.4333,"name":"attack1_01"},{"time":0.5,"name":"attack1_02"},{"time":0.5666,"name":"attack1_03"},{"time":0.8,"name":"attack1_00"},{"time":0.9,"name":"idle_01"},{"time":1,"name":"idle_00"}]}},"bones":{"MAIN":{"rotate":[{"time":0,"angle":0}],"translate":[{"time":0,"x":0,"y":0,"curve":"stepped"},{"time":1,"x":0,"y":0}]}},"events":[{"time":0.3333,"name":"Voice","string":"cri_286_voice_item"}]},"damage":{"slots":{"MAIN":{"attachment":[{"time":0,"name":"damage_00"}]}}},"front":{"slots":{"MAIN":{"attachment":[{"time":0,"name":"front_00"}]}},"bones":{"MAIN":{"translate":[{"time":0,"x":-13.6,"y":15.55}]}}},"idle":{"slots":{"MAIN":{"attachment":[{"time":0,"name":"idle_00"},{"time":0.2,"name":"idle_01"},{"time":0.4,"name":"idle_02"},{"time":0.6,"name":"idle_03"},{"time":0.8,"name":"idle_00"}]}}},"in":{"slots":{"MAIN":{"attachment":[{"time":0,"name":"skill1_07"},{"time":0.0666,"name":"skill1_08"},{"time":0.1333,"name":"skill1_09"},{"time":0.2333,"name":"skill1_10"},{"time":0.3,"name":"skill1_11"},{"time":0.4,"name":"idle_01"},{"time":0.4666,"name":"idle_02"},{"time":0.5333,"name":"idle_03"},{"time":0.6333,"name":"idle_00"}],"color":[{"time":0,"color":"ffffff00"},{"time":0.1,"color":"ffffffff"}]}},"bones":{"MAIN":{"translate":[{"time":0,"x":0,"y":225.72},{"time":0.2333,"x":0,"y":0}]}},"events":[{"time":0,"name":"Event","string":"takeSummon"}]},"skill1":{"slots":{"DAMAGEAREA":{"attachment":[{"time":0.2333,"name":"DAMAGEAREA"},{"time":0.5666,"name":null}]},"EF_dash1_1":{"attachment":[{"time":0.2,"name":"EF/ef_dash_yellow/ef_dash_yellow_00002"},{"time":0.2333,"name":"EF/ef_dash_yellow/ef_dash_yellow_00004"},{"time":0.2666,"name":"EF/ef_dash_yellow/ef_dash_yellow_00005"},{"time":0.3,"name":"EF/ef_dash_yellow/ef_dash_yellow_00006"},{"time":0.3333,"name":"EF/ef_dash_yellow/ef_dash_yellow_00007"},{"time":0.3666,"name":"EF/ef_dash_yellow/ef_dash_yellow_00008"},{"time":0.4,"name":"EF/ef_dash_yellow/ef_dash_yellow_00009"},{"time":0.4333,"name":"EF/ef_dash_yellow/ef_dash_yellow_00010"},{"time":0.4666,"name":"EF/ef_dash_yellow/ef_dash_yellow_00011"},{"time":0.5,"name":"EF/ef_dash_yellow/ef_dash_yellow_00012"},{"time":0.5333,"name":null}]},"EF_wave1_1":{"attachment":[{"time":0.1666,"name":"EF/ef_graund_wave_yellow/ef_graund_wave_yellow_00001"},{"time":0.2,"name":"EF/ef_graund_wave_yellow/ef_graund_wave_yellow_00003"},{"time":0.2333,"name":"EF/ef_graund_wave_yellow/ef_graund_wave_yellow_00005"},{"time":0.2666,"name":"EF/ef_graund_wave_yellow/ef_graund_wave_yellow_00007"},{"time":0.3,"name":"EF/ef_graund_wave_yellow/ef_graund_wave_yellow_00008"},{"time":0.3666,"name":"EF/ef_graund_wave_yellow/ef_graund_wave_yellow_00009"},{"time":0.4,"name":"EF/ef_graund_wave_yellow/ef_graund_wave_yellow_00010"},{"time":0.4666,"name":"EF/ef_graund_wave_yellow/ef_graund_wave_yellow_00011"},{"time":0.5333,"name":"EF/ef_graund_wave_yellow/ef_graund_wave_yellow_00012"},{"time":0.6,"name":"EF/ef_graund_wave_yellow/ef_graund_wave_yellow_00013"},{"time":0.6666,"name":null}]},"MAIN":{"attachment":[{"time":0,"name":"idle_00"},{"time":0.0333,"name":"skill1_00"},{"time":0.1,"name":"skill1_01"},{"time":0.2,"name":"skill1_02"},{"time":0.2333,"name":"skill1_03"},{"time":0.2666,"name":"skill1_04"},{"time":0.3,"name":"skill1_05"},{"time":0.3333,"name":"skill1_06"},{"time":0.3666,"name":"skill1_03"},{"time":0.4,"name":"skill1_04"},{"time":0.4333,"name":"skill1_05"},{"time":0.4666,"name":"skill1_06"},{"time":0.5,"name":"skill1_07"},{"time":0.7333,"name":"skill1_08"},{"time":0.8,"name":"skill1_09"},{"time":0.9666,"name":"skill1_10"},{"time":1.0666,"name":"skill1_11"},{"time":1.1666,"name":"idle_00"}]}},"bones":{"MAIN":{"translate":[{"time":0,"x":0,"y":0,"curve":"stepped"},{"time":0.0333,"x":-12.78,"y":0,"curve":[0.09,0.65,0.629,0.91]},{"time":0.1666,"x":-56.46,"y":-4.35,"curve":[0.391,0.7,0.738,1]},{"time":0.2,"x":-57.85,"y":3.65,"curve":"stepped"},{"time":0.2333,"x":-91.34,"y":50.54,"curve":[0.211,0.6,0.699,0.93]},{"time":0.6666,"x":-151.36,"y":521.29,"curve":[0.25,0,0.826,0.42]},{"time":0.9666,"x":-178.01,"y":0,"curve":"stepped"},{"time":1.1666,"x":-178.01,"y":0}]},"DAMAGEAREA":{"translate":[{"time":0.2333,"x":-131.3,"y":115.44,"curve":[0.266,0.33,0.601,0.67]},{"time":0.5333,"x":-192.34,"y":317.81,"curve":[0.322,0.33,0.655,0.66]},{"time":0.6,"x":-150.23,"y":540.15}],"scale":[{"time":0.2333,"x":1.518,"y":1.331},{"time":0.5333,"x":2.114,"y":3.357}]},"EF_wave1_1":{"translate":[{"time":0.1666,"x":-363.89,"y":0}],"scale":[{"time":0.1666,"x":2.5,"y":2.5,"curve":"stepped"},{"time":0.3333,"x":2.5,"y":2.5,"curve":[0.031,0.72,0.254,0.95]},{"time":0.6333,"x":3,"y":3}]},"EF_dash1_1":{"translate":[{"time":0.2,"x":-206.47,"y":-1.22}],"scale":[{"time":0.2,"x":2,"y":2}]}},"events":[{"time":0,"name":"Sound3","string":"setHitSound(se_battle_swordslash_heavy)"},{"time":0.1,"name":"Event","string":"setHitEffect(hit02d, 0)"},{"time":0.1,"name":"Voice","string":"cri_286_voice_skill_all"},{"time":0.1333,"name":"Event","string":"setHitBackEnemy(0,150)"},{"time":0.1666,"name":"Event","string":"setForceImpact(1)"},{"time":0.2,"name":"Event","float":0.01,"string":"kHitStopType_normal"},{"time":0.2,"name":"Sound1","string":"cri_se_battle_jump"},{"time":0.2666,"name":"Event","int":50,"string":"kImpactType_up"},{"time":0.2666,"name":"Sound1","string":"cri_se_battle_skill_shot"},{"time":0.3,"name":"Hit"},{"time":0.3333,"name":"Event","string":"setHitBackEnemy(0,0)"},{"time":0.3666,"name":"Hit"},{"time":0.3666,"name":"Sound1","string":"cri_se_battle_skill_shot"},{"time":0.4333,"name":"Hit"},{"time":0.4666,"name":"Hit"},{"time":0.4666,"name":"Sound1","string":"cri_se_battle_skill_shot"},{"time":0.5,"name":"Hit"},{"time":0.5333,"name":"Event","int":150,"string":"kImpactType_up"},{"time":0.5333,"name":"Hit"},{"time":0.5666,"name":"Sound1","string":"cri_se_battle_skill_shot"},{"time":0.9666,"name":"Sound1","string":"cri_se_battle_landing"}]},"skill2":{"slots":{"DAMAGEAREA":{"attachment":[{"time":0.3666,"name":"DAMAGEAREA"},{"time":0.4333,"name":null},{"time":0.6666,"name":"DAMAGEAREA"},{"time":0.7333,"name":null},{"time":0.9333,"name":"DAMAGEAREA"},{"time":1,"name":null},{"time":1.2333,"name":"DAMAGEAREA"},{"time":1.3,"name":null},{"time":1.5,"name":"DAMAGEAREA"},{"time":1.5666,"name":null},{"time":1.8,"name":"DAMAGEAREA"},{"time":1.8666,"name":null}]},"EF_dash1_1":{"attachment":[{"time":0.3333,"name":"EF/ef_dash_yellow/ef_dash_yellow_00002"},{"time":0.3666,"name":"EF/ef_dash_yellow/ef_dash_yellow_00005"},{"time":0.4,"name":"EF/ef_dash_yellow/ef_dash_yellow_00007"},{"time":0.4333,"name":"EF/ef_dash_yellow/ef_dash_yellow_00008"},{"time":0.4666,"name":"EF/ef_dash_yellow/ef_dash_yellow_00009"},{"time":0.5,"name":"EF/ef_dash_yellow/ef_dash_yellow_00010"},{"time":0.5333,"name":"EF/ef_dash_yellow/ef_dash_yellow_00011"},{"time":0.5666,"name":"EF/ef_dash_yellow/ef_dash_yellow_00012"},{"time":0.6,"name":null},{"time":0.6333,"name":"EF/ef_dash_yellow/ef_dash_yellow_00002"},{"time":0.6666,"name":"EF/ef_dash_yellow/ef_dash_yellow_00005"},{"time":0.7,"name":"EF/ef_dash_yellow/ef_dash_yellow_00007"},{"time":0.7333,"name":"EF/ef_dash_yellow/ef_dash_yellow_00008"},{"time":0.7666,"name":"EF/ef_dash_yellow/ef_dash_yellow_00009"},{"time":0.8,"name":"EF/ef_dash_yellow/ef_dash_yellow_00010"},{"time":0.8333,"name":"EF/ef_dash_yellow/ef_dash_yellow_00011"},{"time":0.8666,"name":"EF/ef_dash_yellow/ef_dash_yellow_00012"},{"time":0.9,"name":"EF/ef_dash_yellow/ef_dash_yellow_00002"},{"time":0.9333,"name":"EF/ef_dash_yellow/ef_dash_yellow_00005"},{"time":0.9666,"name":"EF/ef_dash_yellow/ef_dash_yellow_00007"},{"time":1,"name":"EF/ef_dash_yellow/ef_dash_yellow_00008"},{"time":1.0333,"name":"EF/ef_dash_yellow/ef_dash_yellow_00009"},{"time":1.0666,"name":"EF/ef_dash_yellow/ef_dash_yellow_00010"},{"time":1.1,"name":"EF/ef_dash_yellow/ef_dash_yellow_00011"},{"time":1.1333,"name":"EF/ef_dash_yellow/ef_dash_yellow_00012"},{"time":1.1666,"name":null},{"time":1.2,"name":"EF/ef_dash_yellow/ef_dash_yellow_00002"},{"time":1.2333,"name":"EF/ef_dash_yellow/ef_dash_yellow_00005"},{"time":1.2666,"name":"EF/ef_dash_yellow/ef_dash_yellow_00007"},{"time":1.3,"name":"EF/ef_dash_yellow/ef_dash_yellow_00008"},{"time":1.3333,"name":"EF/ef_dash_yellow/ef_dash_yellow_00009"},{"time":1.3666,"name":"EF/ef_dash_yellow/ef_dash_yellow_00010"},{"time":1.4,"name":"EF/ef_dash_yellow/ef_dash_yellow_00011"},{"time":1.4333,"name":"EF/ef_dash_yellow/ef_dash_yellow_00012"},{"time":1.4666,"name":"EF/ef_dash_yellow/ef_dash_yellow_00002"},{"time":1.5,"name":"EF/ef_dash_yellow/ef_dash_yellow_00005"},{"time":1.5333,"name":"EF/ef_dash_yellow/ef_dash_yellow_00007"},{"time":1.5666,"name":"EF/ef_dash_yellow/ef_dash_yellow_00008"},{"time":1.6,"name":"EF/ef_dash_yellow/ef_dash_yellow_00009"},{"time":1.6333,"name":"EF/ef_dash_yellow/ef_dash_yellow_00010"},{"time":1.6666,"name":"EF/ef_dash_yellow/ef_dash_yellow_00011"},{"time":1.7,"name":"EF/ef_dash_yellow/ef_dash_yellow_00012"},{"time":1.7333,"name":null},{"time":1.7666,"name":"EF/ef_dash_yellow/ef_dash_yellow_00002"},{"time":1.8,"name":"EF/ef_dash_yellow/ef_dash_yellow_00005"},{"time":1.8333,"name":"EF/ef_dash_yellow/ef_dash_yellow_00007"},{"time":1.8666,"name":"EF/ef_dash_yellow/ef_dash_yellow_00008"},{"time":1.9,"name":"EF/ef_dash_yellow/ef_dash_yellow_00009"},{"time":1.9333,"name":"EF/ef_dash_yellow/ef_dash_yellow_00010"},{"time":1.9666,"name":"EF/ef_dash_yellow/ef_dash_yellow_00011"},{"time":2,"name":"EF/ef_dash_yellow/ef_dash_yellow_00012"},{"time":2.0333,"name":null}]},"EF_dashsmoke1_1":{"attachment":[{"time":1.9666,"name":"EF/ef_dash_smoke_main/ef_dash_smoke_main_00001"},{"time":2,"name":"EF/ef_dash_smoke_main/ef_dash_smoke_main_00002"},{"time":2.0333,"name":"EF/ef_dash_smoke_main/ef_dash_smoke_main_00003"},{"time":2.0666,"name":"EF/ef_dash_smoke_main/ef_dash_smoke_main_00004"},{"time":2.1,"name":"EF/ef_dash_smoke_main/ef_dash_smoke_main_00005"},{"time":2.1333,"name":"EF/ef_dash_smoke_main/ef_dash_smoke_main_00006"},{"time":2.1666,"name":"EF/ef_dash_smoke_main/ef_dash_smoke_main_00007"},{"time":2.2,"name":"EF/ef_dash_smoke_main/ef_dash_smoke_main_00008"},{"time":2.2333,"name":"EF/ef_dash_smoke_main/ef_dash_smoke_main_00009"},{"time":2.2666,"name":"EF/ef_dash_smoke_main/ef_dash_smoke_main_00010"},{"time":2.3333,"name":"EF/ef_dash_smoke_main/ef_dash_smoke_main_00011"},{"time":2.4,"name":"EF/ef_dash_smoke_main/ef_dash_smoke_main_00012"},{"time":2.4666,"name":null}],"color":[{"time":1.9333,"color":"ffffff00"},{"time":2.1,"color":"ffffff9a","curve":[0.25,0,0.8,0.41]},{"time":2.4666,"color":"ffffff00"}]},"EF_dashsmoke1_2":{"attachment":[{"time":1.9666,"name":"EF/ef_dash_smoke_main/ef_dash_smoke_main_00001"},{"time":2,"name":"EF/ef_dash_smoke_main/ef_dash_smoke_main_00002"},{"time":2.0333,"name":"EF/ef_dash_smoke_main/ef_dash_smoke_main_00003"},{"time":2.0666,"name":"EF/ef_dash_smoke_main/ef_dash_smoke_main_00004"},{"time":2.1,"name":"EF/ef_dash_smoke_main/ef_dash_smoke_main_00005"},{"time":2.1333,"name":"EF/ef_dash_smoke_main/ef_dash_smoke_main_00006"},{"time":2.1666,"name":"EF/ef_dash_smoke_main/ef_dash_smoke_main_00007"},{"time":2.2,"name":"EF/ef_dash_smoke_main/ef_dash_smoke_main_00008"},{"time":2.2333,"name":"EF/ef_dash_smoke_main/ef_dash_smoke_main_00009"},{"time":2.2666,"name":"EF/ef_dash_smoke_main/ef_dash_smoke_main_00010"},{"time":2.3333,"name":"EF/ef_dash_smoke_main/ef_dash_smoke_main_00011"},{"time":2.4,"name":"EF/ef_dash_smoke_main/ef_dash_smoke_main_00012"},{"time":2.4666,"name":null}],"color":[{"time":1.9333,"color":"ffffff00"},{"time":2.1,"color":"ffffff9a"}]},"EF_rotwave1_1":{"attachment":[{"time":0,"name":"EF/ef_rot_wave_yellow/ef_rot_wave_yellow_00001"},{"time":0.0333,"name":"EF/ef_rot_wave_yellow/ef_rot_wave_yellow_00002"},{"time":0.0666,"name":"EF/ef_rot_wave_yellow/ef_rot_wave_yellow_00003"},{"time":0.1,"name":"EF/ef_rot_wave_yellow/ef_rot_wave_yellow_00004"},{"time":0.1333,"name":"EF/ef_rot_wave_yellow/ef_rot_wave_yellow_00005"},{"time":0.1666,"name":"EF/ef_rot_wave_yellow/ef_rot_wave_yellow_00006"},{"time":0.2,"name":"EF/ef_rot_wave_yellow/ef_rot_wave_yellow_00007"},{"time":0.2333,"name":"EF/ef_rot_wave_yellow/ef_rot_wave_yellow_00008"},{"time":0.2666,"name":"EF/ef_rot_wave_yellow/ef_rot_wave_yellow_00009"},{"time":0.3,"name":"EF/ef_rot_wave_yellow/ef_rot_wave_yellow_00010"},{"time":0.3333,"name":"EF/ef_rot_wave_yellow/ef_rot_wave_yellow_00011"},{"time":0.3666,"name":null}]},"EF_slash1_1":{"attachment":[{"time":0.3666,"name":"EF/ef_slash_A_main/ef_slash_A_main_00002"},{"time":0.4,"name":"EF/ef_slash_A_main/ef_slash_A_main_00003"},{"time":0.4333,"name":"EF/ef_slash_A_main/ef_slash_A_main_00004"},{"time":0.4666,"name":"EF/ef_slash_A_main/ef_slash_A_main_00005"},{"time":0.5,"name":"EF/ef_slash_A_main/ef_slash_A_main_00006"},{"time":0.5333,"name":"EF/ef_slash_A_main/ef_slash_A_main_00007"},{"time":0.5666,"name":"EF/ef_slash_A_main/ef_slash_A_main_00008"},{"time":0.6,"name":"EF/ef_slash_A_main/ef_slash_A_main_00009"},{"time":0.6333,"name":null},{"time":0.9333,"name":"EF/ef_slash_A_main/ef_slash_A_main_00002"},{"time":0.9666,"name":"EF/ef_slash_A_main/ef_slash_A_main_00003"},{"time":1,"name":"EF/ef_slash_A_main/ef_slash_A_main_00004"},{"time":1.0333,"name":"EF/ef_slash_A_main/ef_slash_A_main_00005"},{"time":1.0666,"name":"EF/ef_slash_A_main/ef_slash_A_main_00006"},{"time":1.1,"name":"EF/ef_slash_A_main/ef_slash_A_main_00007"},{"time":1.1333,"name":"EF/ef_slash_A_main/ef_slash_A_main_00008"},{"time":1.1666,"name":"EF/ef_slash_A_main/ef_slash_A_main_00009"},{"time":1.2,"name":null},{"time":1.5,"name":"EF/ef_slash_A_main/ef_slash_A_main_00002"},{"time":1.5333,"name":"EF/ef_slash_A_main/ef_slash_A_main_00003"},{"time":1.5666,"name":"EF/ef_slash_A_main/ef_slash_A_main_00004"},{"time":1.6,"name":"EF/ef_slash_A_main/ef_slash_A_main_00005"},{"time":1.6333,"name":"EF/ef_slash_A_main/ef_slash_A_main_00006"},{"time":1.6666,"name":"EF/ef_slash_A_main/ef_slash_A_main_00007"},{"time":1.7,"name":"EF/ef_slash_A_main/ef_slash_A_main_00008"},{"time":1.7333,"name":"EF/ef_slash_A_main/ef_slash_A_main_00009"},{"time":1.7666,"name":null}],"color":[{"time":0.3333,"color":"ffffff00"},{"time":0.4,"color":"ffffffff","curve":"stepped"},{"time":0.5,"color":"ffffffff","curve":[0.098,0.38,0.75,1]},{"time":0.6333,"color":"ffffff00","curve":"stepped"},{"time":0.9,"color":"ffffff00"},{"time":0.9666,"color":"ffffffff","curve":"stepped"},{"time":1.0666,"color":"ffffffff","curve":[0.098,0.38,0.75,1]},{"time":1.2,"color":"ffffff00","curve":"stepped"},{"time":1.4666,"color":"ffffff00"},{"time":1.5333,"color":"ffffffff","curve":"stepped"},{"time":1.6333,"color":"ffffffff","curve":[0.098,0.38,0.75,1]},{"time":1.7666,"color":"ffffff00"}]},"EF_slash1_2":{"attachment":[{"time":0.6666,"name":"EF/ef_slash_A_main/ef_slash_A_main_00002"},{"time":0.7,"name":"EF/ef_slash_A_main/ef_slash_A_main_00003"},{"time":0.7333,"name":"EF/ef_slash_A_main/ef_slash_A_main_00004"},{"time":0.7666,"name":"EF/ef_slash_A_main/ef_slash_A_main_00005"},{"time":0.8,"name":"EF/ef_slash_A_main/ef_slash_A_main_00006"},{"time":0.8333,"name":"EF/ef_slash_A_main/ef_slash_A_main_00007"},{"time":0.8666,"name":"EF/ef_slash_A_main/ef_slash_A_main_00008"},{"time":0.9,"name":"EF/ef_slash_A_main/ef_slash_A_main_00009"},{"time":0.9333,"name":null},{"time":1.2333,"name":"EF/ef_slash_A_main/ef_slash_A_main_00002"},{"time":1.2666,"name":"EF/ef_slash_A_main/ef_slash_A_main_00003"},{"time":1.3,"name":"EF/ef_slash_A_main/ef_slash_A_main_00004"},{"time":1.3333,"name":"EF/ef_slash_A_main/ef_slash_A_main_00005"},{"time":1.3666,"name":"EF/ef_slash_A_main/ef_slash_A_main_00006"},{"time":1.4,"name":"EF/ef_slash_A_main/ef_slash_A_main_00007"},{"time":1.4333,"name":"EF/ef_slash_A_main/ef_slash_A_main_00008"},{"time":1.4666,"name":"EF/ef_slash_A_main/ef_slash_A_main_00009"},{"time":1.5,"name":null},{"time":1.8,"name":"EF/ef_slash_A_main/ef_slash_A_main_00002"},{"time":1.8333,"name":"EF/ef_slash_A_main/ef_slash_A_main_00003"},{"time":1.8666,"name":"EF/ef_slash_A_main/ef_slash_A_main_00004"},{"time":1.9,"name":"EF/ef_slash_A_main/ef_slash_A_main_00005"},{"time":1.9333,"name":"EF/ef_slash_A_main/ef_slash_A_main_00006"},{"time":1.9666,"name":"EF/ef_slash_A_main/ef_slash_A_main_00007"},{"time":2,"name":"EF/ef_slash_A_main/ef_slash_A_main_00008"},{"time":2.0333,"name":"EF/ef_slash_A_main/ef_slash_A_main_00009"},{"time":2.0666,"name":null}],"color":[{"time":0.6333,"color":"ffffff00"},{"time":0.7,"color":"ffffffff","curve":"stepped"},{"time":0.8,"color":"ffffffff","curve":[0.098,0.38,0.75,1]},{"time":0.9333,"color":"ffffff00","curve":"stepped"},{"time":1.2,"color":"ffffff00"},{"time":1.2666,"color":"ffffffff","curve":"stepped"},{"time":1.3666,"color":"ffffffff","curve":[0.098,0.38,0.75,1]},{"time":1.5,"color":"ffffff00","curve":"stepped"},{"time":1.7666,"color":"ffffff00"},{"time":1.8333,"color":"ffffffff","curve":"stepped"},{"time":1.9333,"color":"ffffffff","curve":[0.098,0.38,0.75,1]},{"time":2.0666,"color":"ffffff00"}]},"EF_wave1_1":{"attachment":[{"time":0.3333,"name":"EF/ef_graund_wave_yellow/ef_graund_wave_yellow_00002"},{"time":0.3666,"name":"EF/ef_graund_wave_yellow/ef_graund_wave_yellow_00004"},{"time":0.4,"name":"EF/ef_graund_wave_yellow/ef_graund_wave_yellow_00006"},{"time":0.4333,"name":"EF/ef_graund_wave_yellow/ef_graund_wave_yellow_00008"},{"time":0.4666,"name":"EF/ef_graund_wave_yellow/ef_graund_wave_yellow_00010"},{"time":0.5,"name":"EF/ef_graund_wave_yellow/ef_graund_wave_yellow_00012"},{"time":0.5333,"name":"EF/ef_graund_wave_yellow/ef_graund_wave_yellow_00013"},{"time":0.5666,"name":null},{"time":0.6333,"name":"EF/ef_graund_wave_yellow/ef_graund_wave_yellow_00002"},{"time":0.6666,"name":"EF/ef_graund_wave_yellow/ef_graund_wave_yellow_00004"},{"time":0.7,"name":"EF/ef_graund_wave_yellow/ef_graund_wave_yellow_00006"},{"time":0.7333,"name":"EF/ef_graund_wave_yellow/ef_graund_wave_yellow_00008"},{"time":0.7666,"name":"EF/ef_graund_wave_yellow/ef_graund_wave_yellow_00010"},{"time":0.8,"name":"EF/ef_graund_wave_yellow/ef_graund_wave_yellow_00012"},{"time":0.8333,"name":"EF/ef_graund_wave_yellow/ef_graund_wave_yellow_00013"},{"time":0.8666,"name":null},{"time":0.9,"name":"EF/ef_graund_wave_yellow/ef_graund_wave_yellow_00002"},{"time":0.9333,"name":"EF/ef_graund_wave_yellow/ef_graund_wave_yellow_00004"},{"time":0.9666,"name":"EF/ef_graund_wave_yellow/ef_graund_wave_yellow_00006"},{"time":1,"name":"EF/ef_graund_wave_yellow/ef_graund_wave_yellow_00008"},{"time":1.0333,"name":"EF/ef_graund_wave_yellow/ef_graund_wave_yellow_00010"},{"time":1.0666,"name":"EF/ef_graund_wave_yellow/ef_graund_wave_yellow_00012"},{"time":1.1,"name":"EF/ef_graund_wave_yellow/ef_graund_wave_yellow_00013"},{"time":1.1333,"name":null},{"time":1.2,"name":"EF/ef_graund_wave_yellow/ef_graund_wave_yellow_00002"},{"time":1.2333,"name":"EF/ef_graund_wave_yellow/ef_graund_wave_yellow_00004"},{"time":1.2666,"name":"EF/ef_graund_wave_yellow/ef_graund_wave_yellow_00006"},{"time":1.3,"name":"EF/ef_graund_wave_yellow/ef_graund_wave_yellow_00008"},{"time":1.3333,"name":"EF/ef_graund_wave_yellow/ef_graund_wave_yellow_00010"},{"time":1.3666,"name":"EF/ef_graund_wave_yellow/ef_graund_wave_yellow_00012"},{"time":1.4,"name":"EF/ef_graund_wave_yellow/ef_graund_wave_yellow_00013"},{"time":1.4333,"name":null},{"time":1.4666,"name":"EF/ef_graund_wave_yellow/ef_graund_wave_yellow_00002"},{"time":1.5,"name":"EF/ef_graund_wave_yellow/ef_graund_wave_yellow_00004"},{"time":1.5333,"name":"EF/ef_graund_wave_yellow/ef_graund_wave_yellow_00006"},{"time":1.5666,"name":"EF/ef_graund_wave_yellow/ef_graund_wave_yellow_00008"},{"time":1.6,"name":"EF/ef_graund_wave_yellow/ef_graund_wave_yellow_00010"},{"time":1.6333,"name":"EF/ef_graund_wave_yellow/ef_graund_wave_yellow_00012"},{"time":1.6666,"name":"EF/ef_graund_wave_yellow/ef_graund_wave_yellow_00013"},{"time":1.7,"name":null},{"time":1.7666,"name":"EF/ef_graund_wave_yellow/ef_graund_wave_yellow_00002"},{"time":1.8,"name":"EF/ef_graund_wave_yellow/ef_graund_wave_yellow_00004"},{"time":1.8333,"name":"EF/ef_graund_wave_yellow/ef_graund_wave_yellow_00006"},{"time":1.8666,"name":"EF/ef_graund_wave_yellow/ef_graund_wave_yellow_00008"},{"time":1.9,"name":"EF/ef_graund_wave_yellow/ef_graund_wave_yellow_00010"},{"time":1.9333,"name":"EF/ef_graund_wave_yellow/ef_graund_wave_yellow_00012"},{"time":1.9666,"name":"EF/ef_graund_wave_yellow/ef_graund_wave_yellow_00013"},{"time":2,"name":"EF/ef_graund_wave_yellow/ef_graund_wave_yellow_00001"},{"time":2.0333,"name":"EF/ef_graund_wave_yellow/ef_graund_wave_yellow_00002"},{"time":2.0666,"name":"EF/ef_graund_wave_yellow/ef_graund_wave_yellow_00003"},{"time":2.1,"name":"EF/ef_graund_wave_yellow/ef_graund_wave_yellow_00004"},{"time":2.1333,"name":"EF/ef_graund_wave_yellow/ef_graund_wave_yellow_00005"},{"time":2.1666,"name":"EF/ef_graund_wave_yellow/ef_graund_wave_yellow_00006"},{"time":2.2,"name":"EF/ef_graund_wave_yellow/ef_graund_wave_yellow_00007"},{"time":2.2333,"name":"EF/ef_graund_wave_yellow/ef_graund_wave_yellow_00008"},{"time":2.2666,"name":"EF/ef_graund_wave_yellow/ef_graund_wave_yellow_00009"},{"time":2.3,"name":"EF/ef_graund_wave_yellow/ef_graund_wave_yellow_00010"},{"time":2.3333,"name":"EF/ef_graund_wave_yellow/ef_graund_wave_yellow_00011"},{"time":2.3666,"name":"EF/ef_graund_wave_yellow/ef_graund_wave_yellow_00012"},{"time":2.4,"name":"EF/ef_graund_wave_yellow/ef_graund_wave_yellow_00013"},{"time":2.4333,"name":null}]},"EF_wave1_2":{"attachment":[{"time":0.3666,"name":"EF/ef_graund_wave_yellow/ef_graund_wave_yellow_00002"},{"time":0.4,"name":"EF/ef_graund_wave_yellow/ef_graund_wave_yellow_00004"},{"time":0.4333,"name":"EF/ef_graund_wave_yellow/ef_graund_wave_yellow_00006"},{"time":0.4666,"name":"EF/ef_graund_wave_yellow/ef_graund_wave_yellow_00008"},{"time":0.5,"name":"EF/ef_graund_wave_yellow/ef_graund_wave_yellow_00010"},{"time":0.5333,"name":"EF/ef_graund_wave_yellow/ef_graund_wave_yellow_00012"},{"time":0.5666,"name":"EF/ef_graund_wave_yellow/ef_graund_wave_yellow_00013"},{"time":0.6,"name":null},{"time":0.6666,"name":"EF/ef_graund_wave_yellow/ef_graund_wave_yellow_00002"},{"time":0.7,"name":"EF/ef_graund_wave_yellow/ef_graund_wave_yellow_00004"},{"time":0.7333,"name":"EF/ef_graund_wave_yellow/ef_graund_wave_yellow_00006"},{"time":0.7666,"name":"EF/ef_graund_wave_yellow/ef_graund_wave_yellow_00008"},{"time":0.8,"name":"EF/ef_graund_wave_yellow/ef_graund_wave_yellow_00010"},{"time":0.8333,"name":"EF/ef_graund_wave_yellow/ef_graund_wave_yellow_00012"},{"time":0.8666,"name":"EF/ef_graund_wave_yellow/ef_graund_wave_yellow_00013"},{"time":0.9,"name":null},{"time":0.9333,"name":"EF/ef_graund_wave_yellow/ef_graund_wave_yellow_00002"},{"time":0.9666,"name":"EF/ef_graund_wave_yellow/ef_graund_wave_yellow_00004"},{"time":1,"name":"EF/ef_graund_wave_yellow/ef_graund_wave_yellow_00006"},{"time":1.0333,"name":"EF/ef_graund_wave_yellow/ef_graund_wave_yellow_00008"},{"time":1.0666,"name":"EF/ef_graund_wave_yellow/ef_graund_wave_yellow_00010"},{"time":1.1,"name":"EF/ef_graund_wave_yellow/ef_graund_wave_yellow_00012"},{"time":1.1333,"name":"EF/ef_graund_wave_yellow/ef_graund_wave_yellow_00013"},{"time":1.1666,"name":null},{"time":1.2333,"name":"EF/ef_graund_wave_yellow/ef_graund_wave_yellow_00002"},{"time":1.2666,"name":"EF/ef_graund_wave_yellow/ef_graund_wave_yellow_00004"},{"time":1.3,"name":"EF/ef_graund_wave_yellow/ef_graund_wave_yellow_00006"},{"time":1.3333,"name":"EF/ef_graund_wave_yellow/ef_graund_wave_yellow_00008"},{"time":1.3666,"name":"EF/ef_graund_wave_yellow/ef_graund_wave_yellow_00010"},{"time":1.4,"name":"EF/ef_graund_wave_yellow/ef_graund_wave_yellow_00012"},{"time":1.4333,"name":"EF/ef_graund_wave_yellow/ef_graund_wave_yellow_00013"},{"time":1.4666,"name":null},{"time":1.5,"name":"EF/ef_graund_wave_yellow/ef_graund_wave_yellow_00002"},{"time":1.5333,"name":"EF/ef_graund_wave_yellow/ef_graund_wave_yellow_00004"},{"time":1.5666,"name":"EF/ef_graund_wave_yellow/ef_graund_wave_yellow_00006"},{"time":1.6,"name":"EF/ef_graund_wave_yellow/ef_graund_wave_yellow_00008"},{"time":1.6333,"name":"EF/ef_graund_wave_yellow/ef_graund_wave_yellow_00010"},{"time":1.6666,"name":"EF/ef_graund_wave_yellow/ef_graund_wave_yellow_00012"},{"time":1.7,"name":"EF/ef_graund_wave_yellow/ef_graund_wave_yellow_00013"},{"time":1.7333,"name":null},{"time":1.8,"name":"EF/ef_graund_wave_yellow/ef_graund_wave_yellow_00002"},{"time":1.8333,"name":"EF/ef_graund_wave_yellow/ef_graund_wave_yellow_00004"},{"time":1.8666,"name":"EF/ef_graund_wave_yellow/ef_graund_wave_yellow_00006"},{"time":1.9,"name":"EF/ef_graund_wave_yellow/ef_graund_wave_yellow_00008"},{"time":1.9333,"name":"EF/ef_graund_wave_yellow/ef_graund_wave_yellow_00010"},{"time":1.9666,"name":"EF/ef_graund_wave_yellow/ef_graund_wave_yellow_00012"},{"time":2,"name":"EF/ef_graund_wave_yellow/ef_graund_wave_yellow_00013"},{"time":2.0333,"name":"EF/ef_graund_wave_yellow/ef_graund_wave_yellow_00001"},{"time":2.0666,"name":"EF/ef_graund_wave_yellow/ef_graund_wave_yellow_00002"},{"time":2.1,"name":"EF/ef_graund_wave_yellow/ef_graund_wave_yellow_00003"},{"time":2.1333,"name":"EF/ef_graund_wave_yellow/ef_graund_wave_yellow_00004"},{"time":2.1666,"name":"EF/ef_graund_wave_yellow/ef_graund_wave_yellow_00005"},{"time":2.2,"name":"EF/ef_graund_wave_yellow/ef_graund_wave_yellow_00006"},{"time":2.2333,"name":"EF/ef_graund_wave_yellow/ef_graund_wave_yellow_00007"},{"time":2.2666,"name":"EF/ef_graund_wave_yellow/ef_graund_wave_yellow_00008"},{"time":2.3,"name":"EF/ef_graund_wave_yellow/ef_graund_wave_yellow_00009"},{"time":2.3333,"name":"EF/ef_graund_wave_yellow/ef_graund_wave_yellow_00010"},{"time":2.3666,"name":"EF/ef_graund_wave_yellow/ef_graund_wave_yellow_00011"},{"time":2.4,"name":"EF/ef_graund_wave_yellow/ef_graund_wave_yellow_00012"},{"time":2.4333,"name":"EF/ef_graund_wave_yellow/ef_graund_wave_yellow_00013"},{"time":2.4666,"name":null}]},"EF_wave1_3":{"attachment":[{"time":0.4,"name":"EF/ef_graund_wave_yellow/ef_graund_wave_yellow_00001"},{"time":0.4333,"name":"EF/ef_graund_wave_yellow/ef_graund_wave_yellow_00004"},{"time":0.4666,"name":"EF/ef_graund_wave_yellow/ef_graund_wave_yellow_00006"},{"time":0.5,"name":"EF/ef_graund_wave_yellow/ef_graund_wave_yellow_00008"},{"time":0.5333,"name":"EF/ef_graund_wave_yellow/ef_graund_wave_yellow_00010"},{"time":0.5666,"name":"EF/ef_graund_wave_yellow/ef_graund_wave_yellow_00012"},{"time":0.6,"name":"EF/ef_graund_wave_yellow/ef_graund_wave_yellow_00013"},{"time":0.6333,"name":null},{"time":0.7,"name":"EF/ef_graund_wave_yellow/ef_graund_wave_yellow_00001"},{"time":0.7333,"name":"EF/ef_graund_wave_yellow/ef_graund_wave_yellow_00004"},{"time":0.7666,"name":"EF/ef_graund_wave_yellow/ef_graund_wave_yellow_00006"},{"time":0.8,"name":"EF/ef_graund_wave_yellow/ef_graund_wave_yellow_00008"},{"time":0.8333,"name":"EF/ef_graund_wave_yellow/ef_graund_wave_yellow_00010"},{"time":0.8666,"name":"EF/ef_graund_wave_yellow/ef_graund_wave_yellow_00012"},{"time":0.9,"name":"EF/ef_graund_wave_yellow/ef_graund_wave_yellow_00013"},{"time":0.9333,"name":null},{"time":0.9666,"name":"EF/ef_graund_wave_yellow/ef_graund_wave_yellow_00001"},{"time":1,"name":"EF/ef_graund_wave_yellow/ef_graund_wave_yellow_00004"},{"time":1.0333,"name":"EF/ef_graund_wave_yellow/ef_graund_wave_yellow_00006"},{"time":1.0666,"name":"EF/ef_graund_wave_yellow/ef_graund_wave_yellow_00008"},{"time":1.1,"name":"EF/ef_graund_wave_yellow/ef_graund_wave_yellow_00010"},{"time":1.1333,"name":"EF/ef_graund_wave_yellow/ef_graund_wave_yellow_00012"},{"time":1.1666,"name":"EF/ef_graund_wave_yellow/ef_graund_wave_yellow_00013"},{"time":1.2,"name":null},{"time":1.2666,"name":"EF/ef_graund_wave_yellow/ef_graund_wave_yellow_00001"},{"time":1.3,"name":"EF/ef_graund_wave_yellow/ef_graund_wave_yellow_00004"},{"time":1.3333,"name":"EF/ef_graund_wave_yellow/ef_graund_wave_yellow_00006"},{"time":1.3666,"name":"EF/ef_graund_wave_yellow/ef_graund_wave_yellow_00008"},{"time":1.4,"name":"EF/ef_graund_wave_yellow/ef_graund_wave_yellow_00010"},{"time":1.4333,"name":"EF/ef_graund_wave_yellow/ef_graund_wave_yellow_00012"},{"time":1.4666,"name":"EF/ef_graund_wave_yellow/ef_graund_wave_yellow_00013"},{"time":1.5,"name":null},{"time":1.5333,"name":"EF/ef_graund_wave_yellow/ef_graund_wave_yellow_00001"},{"time":1.5666,"name":"EF/ef_graund_wave_yellow/ef_graund_wave_yellow_00004"},{"time":1.6,"name":"EF/ef_graund_wave_yellow/ef_graund_wave_yellow_00006"},{"time":1.6333,"name":"EF/ef_graund_wave_yellow/ef_graund_wave_yellow_00008"},{"time":1.6666,"name":"EF/ef_graund_wave_yellow/ef_graund_wave_yellow_00010"},{"time":1.7,"name":"EF/ef_graund_wave_yellow/ef_graund_wave_yellow_00012"},{"time":1.7333,"name":"EF/ef_graund_wave_yellow/ef_graund_wave_yellow_00013"},{"time":1.7666,"name":null},{"time":1.8333,"name":"EF/ef_graund_wave_yellow/ef_graund_wave_yellow_00001"},{"time":1.8666,"name":"EF/ef_graund_wave_yellow/ef_graund_wave_yellow_00004"},{"time":1.9,"name":"EF/ef_graund_wave_yellow/ef_graund_wave_yellow_00006"},{"time":1.9333,"name":"EF/ef_graund_wave_yellow/ef_graund_wave_yellow_00008"},{"time":1.9666,"name":"EF/ef_graund_wave_yellow/ef_graund_wave_yellow_00010"},{"time":2,"name":"EF/ef_graund_wave_yellow/ef_graund_wave_yellow_00012"},{"time":2.0333,"name":"EF/ef_graund_wave_yellow/ef_graund_wave_yellow_00013"},{"time":2.0666,"name":"EF/ef_graund_wave_yellow/ef_graund_wave_yellow_00001"},{"time":2.1,"name":"EF/ef_graund_wave_yellow/ef_graund_wave_yellow_00002"},{"time":2.1333,"name":"EF/ef_graund_wave_yellow/ef_graund_wave_yellow_00003"},{"time":2.1666,"name":"EF/ef_graund_wave_yellow/ef_graund_wave_yellow_00004"},{"time":2.2,"name":"EF/ef_graund_wave_yellow/ef_graund_wave_yellow_00005"},{"time":2.2333,"name":"EF/ef_graund_wave_yellow/ef_graund_wave_yellow_00006"},{"time":2.2666,"name":"EF/ef_graund_wave_yellow/ef_graund_wave_yellow_00007"},{"time":2.3,"name":"EF/ef_graund_wave_yellow/ef_graund_wave_yellow_00008"},{"time":2.3333,"name":"EF/ef_graund_wave_yellow/ef_graund_wave_yellow_00009"},{"time":2.3666,"name":"EF/ef_graund_wave_yellow/ef_graund_wave_yellow_00010"},{"time":2.4,"name":"EF/ef_graund_wave_yellow/ef_graund_wave_yellow_00011"},{"time":2.4333,"name":"EF/ef_graund_wave_yellow/ef_graund_wave_yellow_00012"},{"time":2.4666,"name":"EF/ef_graund_wave_yellow/ef_graund_wave_yellow_00013"},{"time":2.5,"name":null}]},"MAIN":{"attachment":[{"time":0,"name":"idle_00"},{"time":0.0666,"name":"skill1_00"},{"time":0.1333,"name":"skill1_01"},{"time":0.3333,"name":"attack1_01"},{"time":0.3666,"name":"skill2_01"},{"time":0.4,"name":"skill2_02"},{"time":0.4666,"name":"skill2_03"},{"time":0.5666,"name":"skill2_04"},{"time":0.6666,"name":"skill2_05"},{"time":0.7,"name":"skill2_06"},{"time":0.7666,"name":"skill2_07"},{"time":0.8333,"name":"attack1_00"},{"time":0.9,"name":"attack1_01"},{"time":0.9333,"name":"skill2_01"},{"time":0.9666,"name":"skill2_02"},{"time":1.0333,"name":"skill2_03"},{"time":1.1333,"name":"skill2_04"},{"time":1.2333,"name":"skill2_05"},{"time":1.2666,"name":"skill2_06"},{"time":1.3333,"name":"skill2_07"},{"time":1.4,"name":"attack1_00"},{"time":1.4666,"name":"attack1_01"},{"time":1.5,"name":"skill2_01"},{"time":1.5333,"name":"skill2_02"},{"time":1.6,"name":"skill2_03"},{"time":1.7,"name":"skill2_04"},{"time":1.8,"name":"skill2_05"},{"time":1.8333,"name":"skill2_06"},{"time":1.9666,"name":"skill2_09"},{"time":2.0666,"name":"skill2_10"},{"time":2.1666,"name":"skill2_09"},{"time":2.2666,"name":"skill2_10"},{"time":2.4,"name":"skill3_10"},{"time":2.5,"name":"idle_00"}]},"shadow":{"attachment":[{"time":0.3666,"name":"attack1_01"},{"time":0.4,"name":"skill2_01"},{"time":0.4333,"name":"skill2_02"},{"time":0.5,"name":"skill2_03"},{"time":0.6,"name":"skill2_04"},{"time":0.7,"name":"skill2_05"},{"time":0.7333,"name":"skill2_06"},{"time":0.8,"name":"skill2_07"},{"time":0.8666,"name":"attack1_00"},{"time":0.9333,"name":"attack1_01"},{"time":0.9666,"name":"skill2_01"},{"time":1,"name":"skill2_02"},{"time":1.0666,"name":"skill2_03"},{"time":1.1666,"name":"skill2_04"},{"time":1.2666,"name":"skill2_05"},{"time":1.3,"name":"skill2_06"},{"time":1.3666,"name":"skill2_07"},{"time":1.4333,"name":"attack1_00"},{"time":1.5,"name":"attack1_01"},{"time":1.5333,"name":"skill2_01"},{"time":1.5666,"name":"skill2_02"},{"time":1.6333,"name":"skill2_03"},{"time":1.7333,"name":"skill2_04"},{"time":1.8333,"name":"skill2_05"},{"time":1.8666,"name":"skill2_06"},{"time":2,"name":"skill2_09"},{"time":2.0333,"name":"skill2_10"},{"time":2.1,"name":null}],"color":[{"time":0.3666,"color":"ffffffc7","curve":"stepped"},{"time":1.8666,"color":"ffffffc7"},{"time":2.1,"color":"ffffff00"}]},"shadow2":{"attachment":[{"time":0.4,"name":"attack1_01"},{"time":0.4333,"name":"skill2_01"},{"time":0.4666,"name":"skill2_02"},{"time":0.5333,"name":"skill2_03"},{"time":0.6333,"name":"skill2_04"},{"time":0.7333,"name":"skill2_05"},{"time":0.7666,"name":"skill2_06"},{"time":0.8333,"name":"skill2_07"},{"time":0.9,"name":"attack1_00"},{"time":0.9666,"name":"attack1_01"},{"time":1,"name":"skill2_01"},{"time":1.0333,"name":"skill2_02"},{"time":1.1,"name":"skill2_03"},{"time":1.2,"name":"skill2_04"},{"time":1.3,"name":"skill2_05"},{"time":1.3333,"name":"skill2_06"},{"time":1.4,"name":"skill2_07"},{"time":1.4666,"name":"attack1_00"},{"time":1.5333,"name":"attack1_01"},{"time":1.5666,"name":"skill2_01"},{"time":1.6,"name":"skill2_02"},{"time":1.6666,"name":"skill2_03"},{"time":1.7666,"name":"skill2_04"},{"time":1.8666,"name":"skill2_05"},{"time":1.9,"name":"skill2_06"},{"time":2.0333,"name":"skill2_09"},{"time":2.0666,"name":"skill2_10"},{"time":2.1333,"name":null}],"color":[{"time":0.4,"color":"ffffffc7","curve":"stepped"},{"time":1.9,"color":"ffffffc7"},{"time":2.1333,"color":"ffffff00"}]}},"bones":{"MAIN":{"translate":[{"time":0,"x":0,"y":0,"curve":[0.171,0.78,0.75,1]},{"time":0.2333,"x":28.34,"y":0,"curve":"stepped"},{"time":0.3333,"x":0,"y":0,"curve":[0.081,0.73,0.618,0.93]},{"time":0.4666,"x":-400,"y":0},{"time":0.6333,"x":-405,"y":0,"curve":[0.081,0.73,0.618,0.93]},{"time":0.7666,"x":-5,"y":0},{"time":0.9,"x":0,"y":0,"curve":[0.081,0.73,0.618,0.93]},{"time":1.0333,"x":-400,"y":0},{"time":1.2,"x":-405,"y":0,"curve":[0.081,0.73,0.618,0.93]},{"time":1.3333,"x":-5,"y":0},{"time":1.4666,"x":0,"y":0,"curve":[0.081,0.73,0.618,0.93]},{"time":1.6,"x":-400,"y":0},{"time":1.7666,"x":-405,"y":0,"curve":[0.044,0.82,0.044,0.9]},{"time":2.3,"x":122.46,"y":0},{"time":2.4666,"x":143.84,"y":0}]},"DAMAGEAREA":{"translate":[{"time":0.3666,"x":-269.2,"y":77.64}],"scale":[{"time":0.3666,"x":4.762,"y":1}]},"shadow":{"translate":[{"time":0.3666,"x":0,"y":0,"curve":"stepped"},{"time":0.4,"x":-247.07,"y":0,"curve":"stepped"},{"time":0.4333,"x":-332.94,"y":0,"curve":"stepped"},{"time":0.4666,"x":-377.46,"y":0,"curve":"stepped"},{"time":0.5,"x":-400.54,"y":0,"curve":"stepped"},{"time":0.5333,"x":-403.09,"y":0,"curve":"stepped"},{"time":0.5666,"x":-403.09,"y":0,"curve":"stepped"},{"time":0.6,"x":-405.17,"y":0,"curve":"stepped"},{"time":0.6666,"x":-405.17,"y":0,"curve":"stepped"},{"time":0.7,"x":-157.19,"y":0,"curve":"stepped"},{"time":0.7333,"x":-71.57,"y":0,"curve":"stepped"},{"time":0.7666,"x":-28.2,"y":0,"curve":"stepped"},{"time":0.8,"x":-7.07,"y":0,"curve":"stepped"},{"time":0.8333,"x":-3.74,"y":0,"curve":"stepped"},{"time":0.9,"x":-3.74,"y":0},{"time":0.9333,"x":0,"y":0,"curve":"stepped"},{"time":0.9666,"x":-247.07,"y":0,"curve":"stepped"},{"time":1,"x":-332.94,"y":0,"curve":"stepped"},{"time":1.0333,"x":-377.46,"y":0,"curve":"stepped"},{"time":1.0666,"x":-400.54,"y":0,"curve":"stepped"},{"time":1.1,"x":-403.09,"y":0,"curve":"stepped"},{"time":1.1333,"x":-403.09,"y":0,"curve":"stepped"},{"time":1.1666,"x":-405.17,"y":0,"curve":"stepped"},{"time":1.2333,"x":-405.17,"y":0,"curve":"stepped"},{"time":1.2666,"x":-157.19,"y":0,"curve":"stepped"},{"time":1.3,"x":-71.57,"y":0,"curve":"stepped"},{"time":1.3333,"x":-28.2,"y":0,"curve":"stepped"},{"time":1.3666,"x":-7.07,"y":0,"curve":"stepped"},{"time":1.4,"x":-3.74,"y":0,"curve":"stepped"},{"time":1.4666,"x":-3.74,"y":0},{"time":1.5,"x":0,"y":0,"curve":"stepped"},{"time":1.5333,"x":-247.07,"y":0,"curve":"stepped"},{"time":1.5666,"x":-332.94,"y":0,"curve":"stepped"},{"time":1.6,"x":-377.46,"y":0,"curve":"stepped"},{"time":1.6333,"x":-400.54,"y":0,"curve":"stepped"},{"time":1.6666,"x":-403.09,"y":0,"curve":"stepped"},{"time":1.7,"x":-403.09,"y":0,"curve":"stepped"},{"time":1.7333,"x":-405.17,"y":0,"curve":"stepped"},{"time":1.8,"x":-405.17,"y":0,"curve":"stepped"},{"time":1.8333,"x":-157.19,"y":0,"curve":"stepped"},{"time":1.8666,"x":-71.57,"y":0,"curve":"stepped"},{"time":1.9,"x":-28.2,"y":0,"curve":"stepped"},{"time":1.9333,"x":-7.07,"y":0,"curve":"stepped"},{"time":1.9666,"x":32.64,"y":0,"curve":"stepped"},{"time":2,"x":70.03,"y":0,"curve":"stepped"},{"time":2.0333,"x":79.15,"y":0,"curve":"stepped"},{"time":2.0666,"x":89.93,"y":0,"curve":"stepped"},{"time":2.1,"x":98.22,"y":0}]},"shadow2":{"translate":[{"time":0.4,"x":0,"y":0,"curve":"stepped"},{"time":0.4333,"x":-247.07,"y":0,"curve":"stepped"},{"time":0.4666,"x":-332.94,"y":0,"curve":"stepped"},{"time":0.5,"x":-377.46,"y":0,"curve":"stepped"},{"time":0.5333,"x":-400.54,"y":0,"curve":"stepped"},{"time":0.5666,"x":-403.09,"y":0,"curve":"stepped"},{"time":0.6,"x":-403.09,"y":0,"curve":"stepped"},{"time":0.6333,"x":-405.17,"y":0,"curve":"stepped"},{"time":0.7,"x":-405.17,"y":0,"curve":"stepped"},{"time":0.7333,"x":-157.19,"y":0,"curve":"stepped"},{"time":0.7666,"x":-71.57,"y":0,"curve":"stepped"},{"time":0.8,"x":-28.2,"y":0,"curve":"stepped"},{"time":0.8333,"x":-7.07,"y":0,"curve":"stepped"},{"time":0.8666,"x":-3.74,"y":0,"curve":"stepped"},{"time":0.9333,"x":-3.74,"y":0},{"time":0.9666,"x":0,"y":0,"curve":"stepped"},{"time":1,"x":-247.07,"y":0,"curve":"stepped"},{"time":1.0333,"x":-332.94,"y":0,"curve":"stepped"},{"time":1.0666,"x":-377.46,"y":0,"curve":"stepped"},{"time":1.1,"x":-400.54,"y":0,"curve":"stepped"},{"time":1.1333,"x":-403.09,"y":0,"curve":"stepped"},{"time":1.1666,"x":-403.09,"y":0,"curve":"stepped"},{"time":1.2,"x":-405.17,"y":0,"curve":"stepped"},{"time":1.2666,"x":-405.17,"y":0,"curve":"stepped"},{"time":1.3,"x":-157.19,"y":0,"curve":"stepped"},{"time":1.3333,"x":-71.57,"y":0,"curve":"stepped"},{"time":1.3666,"x":-28.2,"y":0,"curve":"stepped"},{"time":1.4,"x":-7.07,"y":0,"curve":"stepped"},{"time":1.4333,"x":-3.74,"y":0,"curve":"stepped"},{"time":1.5,"x":-3.74,"y":0},{"time":1.5333,"x":0,"y":0,"curve":"stepped"},{"time":1.5666,"x":-247.07,"y":0,"curve":"stepped"},{"time":1.6,"x":-332.94,"y":0,"curve":"stepped"},{"time":1.6333,"x":-377.46,"y":0,"curve":"stepped"},{"time":1.6666,"x":-400.54,"y":0,"curve":"stepped"},{"time":1.7,"x":-403.09,"y":0,"curve":"stepped"},{"time":1.7333,"x":-403.09,"y":0,"curve":"stepped"},{"time":1.7666,"x":-405.17,"y":0,"curve":"stepped"},{"time":1.8333,"x":-405.17,"y":0,"curve":"stepped"},{"time":1.8666,"x":-157.19,"y":0,"curve":"stepped"},{"time":1.9,"x":-71.57,"y":0,"curve":"stepped"},{"time":1.9333,"x":-28.2,"y":0,"curve":"stepped"},{"time":1.9666,"x":-7.07,"y":0,"curve":"stepped"},{"time":2,"x":32.64,"y":0,"curve":"stepped"},{"time":2.0333,"x":70.03,"y":0,"curve":"stepped"},{"time":2.0666,"x":79.15,"y":0,"curve":"stepped"},{"time":2.1,"x":89.93,"y":0,"curve":"stepped"},{"time":2.1333,"x":98.22,"y":0}]},"EF_rotwave1_1":{"translate":[{"time":0,"x":-350,"y":0},{"time":0.3333,"x":-345,"y":0}],"scale":[{"time":0,"x":3,"y":3,"curve":[0.25,0,0.853,0.12]},{"time":0.3333,"x":1,"y":1}]},"EF_wave1_1":{"translate":[{"time":0.3333,"x":-294.32,"y":0,"curve":"stepped"},{"time":0.6333,"x":-720.35,"y":0,"curve":"stepped"},{"time":0.9,"x":-294.32,"y":0,"curve":"stepped"},{"time":1.2,"x":-720.35,"y":0,"curve":"stepped"},{"time":1.4666,"x":-294.32,"y":0,"curve":"stepped"},{"time":1.7666,"x":-720.35,"y":0,"curve":"stepped"},{"time":2,"x":-207.93,"y":0}],"scale":[{"time":0.3333,"x":1.5,"y":1.5}]},"EF_wave1_3":{"translate":[{"time":0.4,"x":-621.56,"y":0,"curve":"stepped"},{"time":0.7,"x":-396.82,"y":0,"curve":"stepped"},{"time":0.9666,"x":-621.56,"y":0,"curve":"stepped"},{"time":1.2666,"x":-391.88,"y":0,"curve":"stepped"},{"time":1.5333,"x":-615.39,"y":0,"curve":"stepped"},{"time":1.8333,"x":-351.13,"y":0,"curve":"stepped"},{"time":2.0666,"x":-166.08,"y":0}],"scale":[{"time":0.4,"x":1.5,"y":1.5}]},"EF_wave1_2":{"translate":[{"time":0.3666,"x":-532.65,"y":0,"curve":"stepped"},{"time":0.6666,"x":-532.65,"y":0,"curve":"stepped"},{"time":0.9333,"x":-532.65,"y":0,"curve":"stepped"},{"time":1.2333,"x":-475.85,"y":0,"curve":"stepped"},{"time":1.5,"x":-532.65,"y":0,"curve":"stepped"},{"time":1.8,"x":-421.51,"y":0,"curve":"stepped"},{"time":2.0333,"x":-175.65,"y":0}],"scale":[{"time":0.3666,"x":1.5,"y":1.5}]},"EF_dashsmoke1_1":{"translate":[{"time":1.9666,"x":-57.1,"y":0}],"scale":[{"time":1.9666,"x":0.949,"y":0.949}]},"EF_dashsmoke1_2":{"translate":[{"time":1.9666,"x":-53.29,"y":-20.3}],"scale":[{"time":1.9666,"x":2,"y":2}]},"EF_dash1_1":{"translate":[{"time":0.3333,"x":-160.45,"y":0,"curve":"stepped"},{"time":0.6333,"x":-668.99,"y":0,"curve":"stepped"},{"time":0.9,"x":-160.45,"y":0,"curve":"stepped"},{"time":1.2,"x":-668.99,"y":0,"curve":"stepped"},{"time":1.4666,"x":-160.45,"y":0,"curve":"stepped"},{"time":1.7666,"x":-668.99,"y":0}],"scale":[{"time":0.3333,"x":1.25,"y":1.25,"curve":"stepped"},{"time":0.6333,"x":-1.25,"y":1.25,"curve":"stepped"},{"time":0.9,"x":1.25,"y":1.25,"curve":"stepped"},{"time":1.2,"x":-1.25,"y":1.25,"curve":"stepped"},{"time":1.4666,"x":1.25,"y":1.25,"curve":"stepped"},{"time":1.7666,"x":-1.25,"y":1.25}]},"EF_slash1_1":{"translate":[{"time":0.3666,"x":-593.91,"y":-26.58,"curve":"stepped"},{"time":0.9333,"x":-593.91,"y":-26.58,"curve":"stepped"},{"time":1.5,"x":-593.91,"y":-26.58}],"scale":[{"time":0.3666,"x":4.5,"y":4.5,"curve":"stepped"},{"time":0.9333,"x":4.5,"y":4.5,"curve":"stepped"},{"time":1.5,"x":4.5,"y":4.5}]},"EF_slash1_2":{"rotate":[{"time":0.6666,"angle":-4.4}],"translate":[{"time":0.6666,"x":-496.83,"y":-5.4,"curve":"stepped"},{"time":1.2333,"x":-496.83,"y":-5.4,"curve":"stepped"},{"time":1.8,"x":-496.83,"y":-5.4}],"scale":[{"time":0.6666,"x":4.5,"y":4.5,"curve":"stepped"},{"time":1.2333,"x":4.5,"y":4.5,"curve":"stepped"},{"time":1.8,"x":4.5,"y":4.5}]}},"drawOrder":[{"time":0.3666,"offsets":[{"slot":"shadow2","offset":3},{"slot":"shadow","offset":1}]},{"time":0.6333,"offsets":[{"slot":"EF_rotwave1_1","offset":-2}]},{"time":0.9666,"offsets":[{"slot":"shadow2","offset":3},{"slot":"shadow","offset":1}]},{"time":1.2333,"offsets":[{"slot":"EF_rotwave1_1","offset":-2}]},{"time":1.5333,"offsets":[{"slot":"shadow2","offset":3},{"slot":"shadow","offset":1}]},{"time":1.7666,"offsets":[{"slot":"EF_rotwave1_1","offset":-2}]}],"events":[{"time":0,"name":"Sound1","string":"cri_se_battle_jcharge"},{"time":0,"name":"Sound3","string":"setHitSound(se_battle_swordslash_heavy)"},{"time":0,"name":"Voice","string":"cri_286_voice_fullarts_now"},{"time":0.2666,"name":"Event","string":"ignoreBorder_true"},{"time":0.3333,"name":"Event","float":0.05,"string":"kHitStopType_normal"},{"time":0.3333,"name":"Sound1","string":"cri_se_battle_arrow_light_effect"},{"time":0.3333,"name":"Sound2","string":"cri_se_battle_skill_swish"},{"time":0.3666,"name":"Event","float":1,"string":"shakeGround"},{"time":0.6333,"name":"Sound1","string":"cri_se_battle_arrow_light_effect"},{"time":0.6333,"name":"Sound2","string":"cri_se_battle_skill_swish"},{"time":0.6666,"name":"Hit"},{"time":0.9,"name":"Sound1","string":"cri_se_battle_arrow_light_effect"},{"time":0.9,"name":"Sound2","string":"cri_se_battle_skill_swish"},{"time":0.9333,"name":"Event","float":1,"string":"shakeGround"},{"time":0.9333,"name":"Hit"},{"time":1.2,"name":"Sound1","string":"cri_se_battle_arrow_light_effect"},{"time":1.2,"name":"Sound2","string":"cri_se_battle_skill_swish"},{"time":1.2333,"name":"Hit"},{"time":1.4666,"name":"Sound1","string":"cri_se_battle_arrow_light_effect"},{"time":1.4666,"name":"Sound2","string":"cri_se_battle_skill_swish"},{"time":1.5,"name":"Hit"},{"time":1.7,"name":"Event","float":0.25,"string":"kHitStopType_normal"},{"time":1.7666,"name":"Sound1","string":"cri_se_battle_arrow_light_effect"},{"time":1.7666,"name":"Sound2","string":"cri_se_battle_skill_swish"},{"time":1.7666,"name":"Voice","string":"cri_286_voice_fullarts_rank5"},{"time":1.8,"name":"Event","float":2,"string":"shakeGround"},{"time":1.8,"name":"Hit"}]}}}