{"skeleton":{"hash":"vwqytr9CGotX9i66TX1y0vam3RM","spine":"3.0.12","width":0,"height":0,"images":"./images/"},"bones":[{"name":"root"},{"name":"MAIN","parent":"root","y":66}],"slots":[{"name":"MAIN","bone":"MAIN","attachment":"idle_00"}],"skins":{"default":{"MAIN":{"idle_00":{"x":-1.4,"y":5,"width":302,"height":267},"idle_01":{"x":-1.4,"y":5,"width":302,"height":267},"idle_02":{"x":-1.4,"y":5,"width":302,"height":267},"idle_03":{"x":-1.4,"y":5,"width":302,"height":267},"idle_04":{"x":-1.4,"y":5,"width":302,"height":267}}}},"events":{"Event":{},"Hit":{},"HitEffect":{},"Sound_1":{},"Sound_2":{},"voice":{}},"animations":{"idle":{"slots":{"MAIN":{"attachment":[{"time":0,"name":"idle_00"},{"time":0.1666,"name":"idle_01"},{"time":0.3333,"name":"idle_02"},{"time":0.5,"name":"idle_03"},{"time":0.6666,"name":"idle_04"},{"time":0.8333,"name":"idle_00"}]}}}}}