{"skeleton":{"hash":"z6G+CluIONpfXmVb6u9vnoKYG5w","spine":"3.0.12","width":0,"height":0,"images":"./images2/"},"bones":[{"name":"root"},{"name":"MAIN","parent":"root","y":60.09},{"name":"idle_weapon","parent":"MAIN","x":36.55,"y":19.53}],"slots":[{"name":"MAIN","bone":"MAIN","attachment":"idle_00"},{"name":"idle_weapon","bone":"idle_weapon"}],"skins":{"default":{"MAIN":{"idle_00":{"x":10.34,"y":20.86,"width":256,"height":256},"idle_01":{"x":10.34,"y":20.86,"width":256,"height":256},"idle_02":{"x":10.34,"y":20.86,"width":256,"height":256},"idle_03":{"x":10.34,"y":20.86,"width":256,"height":256},"idle_04":{"x":10.34,"y":20.86,"width":256,"height":256}},"idle_weapon":{"idle_weapon":{"x":10.41,"y":15.67,"width":82,"height":202}}}},"events":{"Event":{},"Hit":{},"Sound":{},"Voice":{},"sound_1":{},"sound_2":{},"sound_3":{}},"animations":{"idle":{"slots":{"MAIN":{"attachment":[{"time":0,"name":"idle_00"},{"time":0.1666,"name":"idle_01"},{"time":0.3333,"name":"idle_02"},{"time":0.5,"name":"idle_03"},{"time":0.6666,"name":"idle_04"},{"time":0.8333,"name":"idle_00"}]},"idle_weapon":{"attachment":[{"time":0,"name":"idle_weapon"}]}},"bones":{"idle_weapon":{"rotate":[{"time":0,"angle":0,"curve":"stepped"},{"time":0.1666,"angle":0.12,"curve":"stepped"},{"time":0.3333,"angle":359.68,"curve":"stepped"},{"time":0.5,"angle":359.72,"curve":"stepped"},{"time":0.6666,"angle":359.45,"curve":"stepped"},{"time":0.8333,"angle":0}],"translate":[{"time":0,"x":-0.2,"y":0,"curve":"stepped"},{"time":0.1666,"x":-0.33,"y":-1.07,"curve":"stepped"},{"time":0.3333,"x":-0.33,"y":-2.28,"curve":"stepped"},{"time":0.5,"x":-0.33,"y":-3.08,"curve":"stepped"},{"time":0.6666,"x":-0.13,"y":-1.48,"curve":"stepped"},{"time":0.8333,"x":-0.2,"y":0}]}}}}}