{"skeleton":{"hash":"rTQAW4Ok7v936X2nCZtYe1Y8Kb8","spine":"3.0.12","width":450,"height":250,"images":"./images/"},"bones":[{"name":"root"},{"name":"MAIN","parent":"root","y":30,"color":"9c0001ff"},{"name":"Wheel_Main","parent":"MAIN","color":"1a9c00ff"},{"name":"R_wheel_front","parent":"Wheel_Main","x":-79.38,"y":-8.26,"color":"1a9c00ff"},{"name":"R_wheel_back","parent":"Wheel_Main","x":78.45,"y":-8.26,"color":"1a9c00ff"},{"name":"L_wheel_front","parent":"Wheel_Main","x":-79.38,"y":-10.47,"color":"1a9c00ff"},{"name":"L_wheel_back","parent":"Wheel_Main","x":78.48,"y":-10.46,"color":"1a9c00ff"},{"name":"SHADOW-OFFSET","parent":"MAIN","x":-15,"y":-30,"scaleX":3,"scaleY":2.75,"color":"9c0001ff"},{"name":"Box_Main","parent":"MAIN","color":"1a9c00ff"},{"name":"shafts","parent":"Box_Main","x":-137.18,"y":-3.65,"color":"07009cff"}],"slots":[{"name":"R_wheel_back","bone":"R_wheel_back","attachment":"R_wheel_back"},{"name":"R_wheel_front","bone":"R_wheel_front","attachment":"R_wheel_front"},{"name":"R_kubiki","bone":"shafts","attachment":"R_kubiki"},{"name":"door","bone":"Box_Main","attachment":"door"},{"name":"box","bone":"Box_Main","attachment":"box"},{"name":"L_kubiki","bone":"shafts","attachment":"L_kubiki"},{"name":"L_wheel_back","bone":"L_wheel_back","attachment":"L_wheel_back"},{"name":"L_wheel_front","bone":"L_wheel_front","attachment":"L_wheel_front"}],"skins":{"default":{"L_kubiki":{"L_kubiki":{"x":-75.98,"y":13.72,"scaleX":2,"scaleY":2,"width":86,"height":22}},"L_wheel_back":{"L_wheel_back":{"x":0.34,"y":0.53,"scaleX":2,"scaleY":2,"width":52,"height":52}},"L_wheel_front":{"L_wheel_front":{"x":0.21,"y":0.53,"scaleX":2,"scaleY":2,"width":52,"height":52}},"R_kubiki":{"R_kubiki":{"x":-75.98,"y":21.72,"scaleX":2,"scaleY":2,"width":86,"height":22}},"R_wheel_back":{"R_wheel_back":{"x":-1.62,"y":4.33,"scaleX":2,"scaleY":2,"width":52,"height":52}},"R_wheel_front":{"R_wheel_front":{"x":-1.78,"y":4.33,"scaleX":2,"scaleY":2,"width":52,"height":52}},"box":{"box":{"x":-18.16,"y":85.06,"scaleX":2,"scaleY":2,"width":169,"height":103}},"door":{"door":{"x":134.83,"y":26.06,"scaleX":2,"scaleY":2,"width":14,"height":30}}}},"animations":{"idle":{"bones":{"shafts":{"rotate":[{"time":0,"angle":29.13}]}}}}}