{"skeleton":{"hash":"6UA+UROPwHQbFrT8tgXRchWAHjk","spine":"3.0.12","width":392,"height":654},"bones":[{"name":"root"},{"name":"MAIN","parent":"root"}],"slots":[{"name":"a_all_07","bone":"MAIN","attachment":"a_all_07"},{"name":"a_all_06","bone":"MAIN","attachment":"a_all_06"},{"name":"a_all_05","bone":"MAIN","attachment":"a_all_05"},{"name":"a_all_04","bone":"MAIN","attachment":"a_all_04"},{"name":"a_all_03","bone":"MAIN","attachment":"a_all_03"},{"name":"a_all_02","bone":"MAIN","attachment":"a_all_02"},{"name":"a_all_01","bone":"MAIN","attachment":"a_all_01"},{"name":"a_face_f0_all_04","bone":"MAIN","attachment":"a_face_f0_all_04"},{"name":"a_face_f0_all_02","bone":"MAIN","attachment":"a_face_f0_all_02"},{"name":"a_face_f0_all_03","bone":"MAIN","attachment":"a_face_f0_all_03"},{"name":"a_face_f0_all_01","bone":"MAIN","attachment":"a_face_f0_all_01"},{"name":"face","bone":"MAIN","attachment":"face_100"}],"skins":{"default":{"a_all_01":{"a_all_01":{"x":47.5,"y":448,"width":313,"height":128}},"a_all_02":{"a_all_02":{"x":212,"y":416.5,"width":16,"height":33}},"a_all_03":{"a_all_03":{"x":50,"y":320,"width":308,"height":128}},"a_all_04":{"a_all_04":{"x":219,"y":346.5,"width":30,"height":27}},"a_all_05":{"a_all_05":{"x":28.5,"y":192,"width":317,"height":128}},"a_all_06":{"a_all_06":{"x":210,"y":80.5,"width":12,"height":33}},"a_all_07":{"a_all_07":{"x":36,"y":64,"width":336,"height":128}},"a_face_f0_all_01":{"a_face_f0_all_01":{"x":61,"y":647,"width":154,"height":14}},"a_face_f0_all_02":{"a_face_f0_all_02":{"x":-69,"y":548.5,"width":34,"height":51}},"a_face_f0_all_03":{"a_face_f0_all_03":{"x":140,"y":576,"width":128,"height":128}},"a_face_f0_all_04":{"a_face_f0_all_04":{"x":232,"y":542.5,"width":56,"height":57}},"face":{"face_100":{"x":12,"y":576,"width":128,"height":128},"face_110":{"x":12,"y":576,"width":128,"height":128},"face_120":{"x":12,"y":576,"width":128,"height":128},"face_130":{"x":12,"y":576,"width":128,"height":128},"face_140":{"x":12,"y":576,"width":128,"height":128},"face_150":{"x":12,"y":576,"width":128,"height":128},"face_160":{"x":12,"y":576,"width":128,"height":128},"face_170":{"x":12,"y":576,"width":128,"height":128},"face_180":{"x":12,"y":576,"width":128,"height":128},"face_190":{"x":12,"y":576,"width":128,"height":128},"face_200":{"x":12,"y":576,"width":128,"height":128}}}},"animations":{"100":{"slots":{"a_all_01":{"attachment":[{"time":0,"name":"a_all_01"}]},"a_all_02":{"attachment":[{"time":0,"name":"a_all_02"}]},"a_all_03":{"attachment":[{"time":0,"name":"a_all_03"}]},"a_all_04":{"attachment":[{"time":0,"name":"a_all_04"}]},"a_all_05":{"attachment":[{"time":0,"name":"a_all_05"}]},"a_all_06":{"attachment":[{"time":0,"name":"a_all_06"}]},"a_all_07":{"attachment":[{"time":0,"name":"a_all_07"}]},"a_face_f0_all_01":{"attachment":[{"time":0,"name":"a_face_f0_all_01"}]},"a_face_f0_all_02":{"attachment":[{"time":0,"name":"a_face_f0_all_02"}]},"a_face_f0_all_03":{"attachment":[{"time":0,"name":"a_face_f0_all_03"}]},"a_face_f0_all_04":{"attachment":[{"time":0,"name":"a_face_f0_all_04"}]},"face":{"attachment":[{"time":0,"name":"face_100"}]}}},"110":{"slots":{"a_all_01":{"attachment":[{"time":0,"name":"a_all_01"}]},"a_all_02":{"attachment":[{"time":0,"name":"a_all_02"}]},"a_all_03":{"attachment":[{"time":0,"name":"a_all_03"}]},"a_all_04":{"attachment":[{"time":0,"name":"a_all_04"}]},"a_all_05":{"attachment":[{"time":0,"name":"a_all_05"}]},"a_all_06":{"attachment":[{"time":0,"name":"a_all_06"}]},"a_all_07":{"attachment":[{"time":0,"name":"a_all_07"}]},"a_face_f0_all_01":{"attachment":[{"time":0,"name":"a_face_f0_all_01"}]},"a_face_f0_all_02":{"attachment":[{"time":0,"name":"a_face_f0_all_02"}]},"a_face_f0_all_03":{"attachment":[{"time":0,"name":"a_face_f0_all_03"}]},"a_face_f0_all_04":{"attachment":[{"time":0,"name":"a_face_f0_all_04"}]},"face":{"attachment":[{"time":0,"name":"face_110"}]}}},"120":{"slots":{"a_all_01":{"attachment":[{"time":0,"name":"a_all_01"}]},"a_all_02":{"attachment":[{"time":0,"name":"a_all_02"}]},"a_all_03":{"attachment":[{"time":0,"name":"a_all_03"}]},"a_all_04":{"attachment":[{"time":0,"name":"a_all_04"}]},"a_all_05":{"attachment":[{"time":0,"name":"a_all_05"}]},"a_all_06":{"attachment":[{"time":0,"name":"a_all_06"}]},"a_all_07":{"attachment":[{"time":0,"name":"a_all_07"}]},"a_face_f0_all_01":{"attachment":[{"time":0,"name":"a_face_f0_all_01"}]},"a_face_f0_all_02":{"attachment":[{"time":0,"name":"a_face_f0_all_02"}]},"a_face_f0_all_03":{"attachment":[{"time":0,"name":"a_face_f0_all_03"}]},"a_face_f0_all_04":{"attachment":[{"time":0,"name":"a_face_f0_all_04"}]},"face":{"attachment":[{"time":0,"name":"face_120"}]}}},"130":{"slots":{"a_all_01":{"attachment":[{"time":0,"name":"a_all_01"}]},"a_all_02":{"attachment":[{"time":0,"name":"a_all_02"}]},"a_all_03":{"attachment":[{"time":0,"name":"a_all_03"}]},"a_all_04":{"attachment":[{"time":0,"name":"a_all_04"}]},"a_all_05":{"attachment":[{"time":0,"name":"a_all_05"}]},"a_all_06":{"attachment":[{"time":0,"name":"a_all_06"}]},"a_all_07":{"attachment":[{"time":0,"name":"a_all_07"}]},"a_face_f0_all_01":{"attachment":[{"time":0,"name":"a_face_f0_all_01"}]},"a_face_f0_all_02":{"attachment":[{"time":0,"name":"a_face_f0_all_02"}]},"a_face_f0_all_03":{"attachment":[{"time":0,"name":"a_face_f0_all_03"}]},"a_face_f0_all_04":{"attachment":[{"time":0,"name":"a_face_f0_all_04"}]},"face":{"attachment":[{"time":0,"name":"face_130"}]}}},"140":{"slots":{"a_all_01":{"attachment":[{"time":0,"name":"a_all_01"}]},"a_all_02":{"attachment":[{"time":0,"name":"a_all_02"}]},"a_all_03":{"attachment":[{"time":0,"name":"a_all_03"}]},"a_all_04":{"attachment":[{"time":0,"name":"a_all_04"}]},"a_all_05":{"attachment":[{"time":0,"name":"a_all_05"}]},"a_all_06":{"attachment":[{"time":0,"name":"a_all_06"}]},"a_all_07":{"attachment":[{"time":0,"name":"a_all_07"}]},"a_face_f0_all_01":{"attachment":[{"time":0,"name":"a_face_f0_all_01"}]},"a_face_f0_all_02":{"attachment":[{"time":0,"name":"a_face_f0_all_02"}]},"a_face_f0_all_03":{"attachment":[{"time":0,"name":"a_face_f0_all_03"}]},"a_face_f0_all_04":{"attachment":[{"time":0,"name":"a_face_f0_all_04"}]},"face":{"attachment":[{"time":0,"name":"face_140"}]}}},"150":{"slots":{"a_all_01":{"attachment":[{"time":0,"name":"a_all_01"}]},"a_all_02":{"attachment":[{"time":0,"name":"a_all_02"}]},"a_all_03":{"attachment":[{"time":0,"name":"a_all_03"}]},"a_all_04":{"attachment":[{"time":0,"name":"a_all_04"}]},"a_all_05":{"attachment":[{"time":0,"name":"a_all_05"}]},"a_all_06":{"attachment":[{"time":0,"name":"a_all_06"}]},"a_all_07":{"attachment":[{"time":0,"name":"a_all_07"}]},"a_face_f0_all_01":{"attachment":[{"time":0,"name":"a_face_f0_all_01"}]},"a_face_f0_all_02":{"attachment":[{"time":0,"name":"a_face_f0_all_02"}]},"a_face_f0_all_03":{"attachment":[{"time":0,"name":"a_face_f0_all_03"}]},"a_face_f0_all_04":{"attachment":[{"time":0,"name":"a_face_f0_all_04"}]},"face":{"attachment":[{"time":0,"name":"face_150"}]}}},"160":{"slots":{"a_all_01":{"attachment":[{"time":0,"name":"a_all_01"}]},"a_all_02":{"attachment":[{"time":0,"name":"a_all_02"}]},"a_all_03":{"attachment":[{"time":0,"name":"a_all_03"}]},"a_all_04":{"attachment":[{"time":0,"name":"a_all_04"}]},"a_all_05":{"attachment":[{"time":0,"name":"a_all_05"}]},"a_all_06":{"attachment":[{"time":0,"name":"a_all_06"}]},"a_all_07":{"attachment":[{"time":0,"name":"a_all_07"}]},"a_face_f0_all_01":{"attachment":[{"time":0,"name":"a_face_f0_all_01"}]},"a_face_f0_all_02":{"attachment":[{"time":0,"name":"a_face_f0_all_02"}]},"a_face_f0_all_03":{"attachment":[{"time":0,"name":"a_face_f0_all_03"}]},"a_face_f0_all_04":{"attachment":[{"time":0,"name":"a_face_f0_all_04"}]},"face":{"attachment":[{"time":0,"name":"face_160"}]}}},"170":{"slots":{"a_all_01":{"attachment":[{"time":0,"name":"a_all_01"}]},"a_all_02":{"attachment":[{"time":0,"name":"a_all_02"}]},"a_all_03":{"attachment":[{"time":0,"name":"a_all_03"}]},"a_all_04":{"attachment":[{"time":0,"name":"a_all_04"}]},"a_all_05":{"attachment":[{"time":0,"name":"a_all_05"}]},"a_all_06":{"attachment":[{"time":0,"name":"a_all_06"}]},"a_all_07":{"attachment":[{"time":0,"name":"a_all_07"}]},"a_face_f0_all_01":{"attachment":[{"time":0,"name":"a_face_f0_all_01"}]},"a_face_f0_all_02":{"attachment":[{"time":0,"name":"a_face_f0_all_02"}]},"a_face_f0_all_03":{"attachment":[{"time":0,"name":"a_face_f0_all_03"}]},"a_face_f0_all_04":{"attachment":[{"time":0,"name":"a_face_f0_all_04"}]},"face":{"attachment":[{"time":0,"name":"face_170"}]}}},"180":{"slots":{"a_all_01":{"attachment":[{"time":0,"name":"a_all_01"}]},"a_all_02":{"attachment":[{"time":0,"name":"a_all_02"}]},"a_all_03":{"attachment":[{"time":0,"name":"a_all_03"}]},"a_all_04":{"attachment":[{"time":0,"name":"a_all_04"}]},"a_all_05":{"attachment":[{"time":0,"name":"a_all_05"}]},"a_all_06":{"attachment":[{"time":0,"name":"a_all_06"}]},"a_all_07":{"attachment":[{"time":0,"name":"a_all_07"}]},"a_face_f0_all_01":{"attachment":[{"time":0,"name":"a_face_f0_all_01"}]},"a_face_f0_all_02":{"attachment":[{"time":0,"name":"a_face_f0_all_02"}]},"a_face_f0_all_03":{"attachment":[{"time":0,"name":"a_face_f0_all_03"}]},"a_face_f0_all_04":{"attachment":[{"time":0,"name":"a_face_f0_all_04"}]},"face":{"attachment":[{"time":0,"name":"face_180"}]}}},"190":{"slots":{"a_all_01":{"attachment":[{"time":0,"name":"a_all_01"}]},"a_all_02":{"attachment":[{"time":0,"name":"a_all_02"}]},"a_all_03":{"attachment":[{"time":0,"name":"a_all_03"}]},"a_all_04":{"attachment":[{"time":0,"name":"a_all_04"}]},"a_all_05":{"attachment":[{"time":0,"name":"a_all_05"}]},"a_all_06":{"attachment":[{"time":0,"name":"a_all_06"}]},"a_all_07":{"attachment":[{"time":0,"name":"a_all_07"}]},"a_face_f0_all_01":{"attachment":[{"time":0,"name":"a_face_f0_all_01"}]},"a_face_f0_all_02":{"attachment":[{"time":0,"name":"a_face_f0_all_02"}]},"a_face_f0_all_03":{"attachment":[{"time":0,"name":"a_face_f0_all_03"}]},"a_face_f0_all_04":{"attachment":[{"time":0,"name":"a_face_f0_all_04"}]},"face":{"attachment":[{"time":0,"name":"face_190"}]}}},"200":{"slots":{"a_all_01":{"attachment":[{"time":0,"name":"a_all_01"}]},"a_all_02":{"attachment":[{"time":0,"name":"a_all_02"}]},"a_all_03":{"attachment":[{"time":0,"name":"a_all_03"}]},"a_all_04":{"attachment":[{"time":0,"name":"a_all_04"}]},"a_all_05":{"attachment":[{"time":0,"name":"a_all_05"}]},"a_all_06":{"attachment":[{"time":0,"name":"a_all_06"}]},"a_all_07":{"attachment":[{"time":0,"name":"a_all_07"}]},"a_face_f0_all_01":{"attachment":[{"time":0,"name":"a_face_f0_all_01"}]},"a_face_f0_all_02":{"attachment":[{"time":0,"name":"a_face_f0_all_02"}]},"a_face_f0_all_03":{"attachment":[{"time":0,"name":"a_face_f0_all_03"}]},"a_face_f0_all_04":{"attachment":[{"time":0,"name":"a_face_f0_all_04"}]},"face":{"attachment":[{"time":0,"name":"face_200"}]}}}}}