{"skeleton":{"hash":"pOkmd0eb34R8vmqB50fqdlCkmh0","spine":"3.0.12","width":450,"height":316},"bones":[{"name":"root"},{"name":"MAIN","parent":"root","y":70}],"slots":[{"name":"MAIN","bone":"MAIN","attachment":"idle_00"}],"skins":{"default":{"MAIN":{"back_00":{"x":6.54,"y":-10.04,"width":429,"height":298},"damage_00":{"x":-2.26,"y":-12.57,"width":355,"height":251},"die_00":{"x":1.45,"y":-12.22,"width":490,"height":316},"down2_00":{"x":1.45,"y":-12.21,"width":450,"height":316},"down2_01":{"x":1.45,"y":-12.21,"width":450,"height":316},"down2_02":{"x":1.45,"y":-12.21,"width":450,"height":316},"down2_03":{"x":1.45,"y":-12.21,"width":450,"height":316},"down_00":{"x":2.16,"y":-12.22,"width":450,"height":316},"down_01":{"x":2.16,"y":-12.22,"width":450,"height":316},"down_02":{"x":2.16,"y":-12.22,"width":450,"height":316},"down_03":{"x":2.16,"y":-12.22,"width":450,"height":316},"down_04":{"x":2.16,"y":-12.22,"width":450,"height":316},"front2_00":{"x":-9.93,"y":-17.4,"scaleX":1.1,"scaleY":1.1,"width":325,"height":237},"front_00":{"x":12.65,"y":-17.88,"width":325,"height":237},"idle2_00":{"x":1.45,"y":-12.22,"width":450,"height":316},"idle2_01":{"x":1.45,"y":-12.22,"width":450,"height":316},"idle2_02":{"x":1.45,"y":-12.22,"width":450,"height":316},"idle2_03":{"x":1.45,"y":-12.22,"width":450,"height":316},"idle2_04":{"x":1.45,"y":-12.22,"width":450,"height":316},"idle3_00":{"x":1.22,"y":-16,"width":450,"height":316},"idle3_01":{"x":1.22,"y":-16,"width":450,"height":316},"idle3_02":{"x":1.22,"y":-16,"width":450,"height":316},"idle3_03":{"x":1.22,"y":-16,"width":450,"height":316},"idle4_00":{"x":1.22,"y":-16,"width":450,"height":316},"idle4_01":{"x":1.22,"y":-16,"width":450,"height":316},"idle4_02":{"x":1.22,"y":-16,"width":450,"height":316},"idle4_03":{"x":1.22,"y":-16,"width":450,"height":316},"idle5_00":{"x":1.45,"y":-12.21,"width":450,"height":316},"idle5_01":{"x":1.45,"y":-12.21,"width":450,"height":316},"idle5_02":{"x":1.45,"y":-12.21,"width":450,"height":316},"idle5_03":{"x":1.45,"y":-12.21,"width":450,"height":316},"idle5_04":{"x":1.45,"y":-12.21,"width":450,"height":316},"idle6_00":{"x":1.45,"y":-12.21,"width":450,"height":316},"idle6_01":{"x":1.45,"y":-12.21,"width":450,"height":316},"idle6_02":{"x":1.45,"y":-12.21,"width":450,"height":316},"idle6_03":{"x":1.45,"y":-12.21,"width":450,"height":316},"idle6_04":{"x":1.45,"y":-12.21,"width":450,"height":316},"idle_00":{"x":1.45,"y":-12.21,"width":450,"height":316},"idle_01":{"x":1.45,"y":-12.22,"width":450,"height":316},"idle_02":{"x":1.45,"y":-12.22,"width":450,"height":316},"idle_03":{"x":1.45,"y":-12.22,"width":450,"height":316},"idle_04":{"x":1.45,"y":-12.22,"width":450,"height":316},"kneel_3_00":{"x":2.16,"y":-12.22,"width":450,"height":316},"kneel_3_01":{"x":2.16,"y":-12.22,"width":450,"height":316},"kneel_3_02":{"x":2.16,"y":-12.22,"width":450,"height":316},"kneel_3_03":{"x":2.16,"y":-12.22,"width":450,"height":316},"kneel_3_04":{"x":2.16,"y":-12.22,"width":450,"height":316},"parry_00":{"x":1.45,"y":-12.21,"width":533,"height":360},"parry_01":{"x":1.45,"y":-12.21,"width":533,"height":360},"parry_02":{"x":1.45,"y":-12.21,"width":533,"height":360},"parry_03":{"x":1.45,"y":-12.21,"width":533,"height":360},"sword_00":{"x":1.45,"y":-12.21,"width":450,"height":316},"sword_01":{"x":1.45,"y":-12.21,"width":450,"height":316},"sword_02":{"x":1.45,"y":-12.21,"width":450,"height":316},"sword_03":{"x":1.45,"y":-12.21,"width":450,"height":316},"sword_04":{"x":1.45,"y":-12.21,"width":450,"height":316},"sword_05":{"x":1.45,"y":-12.21,"width":450,"height":316},"sword_06":{"x":1.45,"y":-12.21,"width":450,"height":316},"sword_07":{"x":1.45,"y":-12.21,"width":450,"height":316},"weapon_on_00":{"x":1.45,"y":-12.22,"width":450,"height":316},"weapon_on_01":{"x":1.45,"y":-12.22,"width":450,"height":316},"weapon_on_02":{"x":1.45,"y":-12.22,"width":450,"height":316},"weapon_on_03":{"x":1.45,"y":-12.22,"width":450,"height":316}}}},"events":{"Event":{},"Event2":{},"Event3":{},"Hit":{},"Sound1":{},"Sound2":{},"Sound3":{},"View":{},"Voice":{}},"animations":{"back":{"slots":{"MAIN":{"attachment":[{"time":0,"name":"back_00"},{"time":0.2666,"name":"idle_03"},{"time":0.4333,"name":"idle_04"},{"time":0.6,"name":"idle_00"}]}},"bones":{"MAIN":{"translate":[{"time":0,"x":0,"y":0,"curve":[0.226,0.34,0.587,0.69]},{"time":0.1,"x":69.22,"y":20,"curve":[0.339,0.57,0.764,1]},{"time":0.3,"x":130,"y":0,"curve":[0.201,0.33,0.75,1]},{"time":0.4666,"x":140,"y":0}]}},"events":[{"time":0,"name":"Sound2","string":"cri_se_battle_jump"},{"time":0.2666,"name":"Sound2","string":"cri_se_battle_landing"}]},"damage":{"slots":{"MAIN":{"attachment":[{"time":0,"name":"damage_00"}]}}},"down":{"slots":{"MAIN":{"attachment":[{"time":0,"name":"die_00"}]}}},"down2":{"slots":{"MAIN":{"attachment":[{"time":0,"name":"idle5_00"},{"time":0.0666,"name":"down2_00"},{"time":0.2,"name":"down2_01"},{"time":0.3,"name":"down2_02"},{"time":0.4333,"name":"down2_03"},{"time":0.5,"name":"die_00"}]}},"bones":{"MAIN":{"translate":[{"time":0.4333,"x":-66.96,"y":0}]}}},"front":{"slots":{"MAIN":{"attachment":[{"time":0,"name":"front2_00"}]}}},"guard":{"slots":{"MAIN":{"attachment":[{"time":0,"name":"parry_00"},{"time":0.0666,"name":"parry_01"},{"time":0.1666,"name":"parry_02"},{"time":0.2,"name":"parry_03"}]}},"bones":{"MAIN":{"translate":[{"time":0,"x":0,"y":-4.93}]}}},"idle":{"slots":{"MAIN":{"attachment":[{"time":0,"name":"idle_00"},{"time":0.1666,"name":"idle_01"},{"time":0.3333,"name":"idle_02"},{"time":0.5,"name":"idle_03"},{"time":0.6666,"name":"idle_04"},{"time":0.8333,"name":"idle_00"}]}},"bones":{"MAIN":{"translate":[{"time":0,"x":0,"y":0}]}}},"idle2":{"slots":{"MAIN":{"attachment":[{"time":0,"name":"idle5_00"},{"time":0.2333,"name":"idle5_01"},{"time":0.4333,"name":"idle5_02"},{"time":0.6666,"name":"idle5_03"},{"time":0.8666,"name":"idle5_04"},{"time":1.1,"name":"idle5_00"}]}},"bones":{"MAIN":{"translate":[{"time":0,"x":0,"y":0}]}}},"idle3":{"slots":{"MAIN":{"attachment":[{"time":0,"name":"idle6_00"},{"time":0.1666,"name":"idle6_01"},{"time":0.3333,"name":"idle6_02"},{"time":0.5,"name":"idle6_03"},{"time":0.6666,"name":"idle6_04"},{"time":0.8333,"name":"idle6_00"}]}}},"kneel":{"slots":{"MAIN":{"attachment":[{"time":0,"name":"down_00"},{"time":0.2666,"name":"down_01"},{"time":0.5333,"name":"down_02"},{"time":0.8,"name":"down_03"},{"time":1.0666,"name":"down_04"},{"time":1.3333,"name":"down_00"}]}}},"kneel2":{"slots":{"MAIN":{"attachment":[{"time":0,"name":"kneel_3_00"},{"time":0.2666,"name":"kneel_3_01"},{"time":0.5333,"name":"kneel_3_02"},{"time":0.8,"name":"kneel_3_03"},{"time":1.0666,"name":"kneel_3_04"},{"time":1.3333,"name":"kneel_3_00"}]}}},"sword":{"slots":{"MAIN":{"attachment":[{"time":0,"name":"idle5_01"},{"time":0.1333,"name":"sword_00"},{"time":0.2333,"name":"sword_01"},{"time":0.3333,"name":"sword_02"},{"time":0.4333,"name":"sword_03"},{"time":0.5333,"name":"sword_04"},{"time":0.6333,"name":"sword_05"},{"time":0.7333,"name":"sword_06"},{"time":0.8333,"name":"sword_07"},{"time":0.9333,"name":"idle6_00"}]}}},"weapon_on":{"slots":{"MAIN":{"attachment":[{"time":0,"name":"idle2_00"},{"time":0.0666,"name":"weapon_on_00"},{"time":0.1333,"name":"weapon_on_01"},{"time":0.1666,"name":"weapon_on_02"},{"time":0.2333,"name":"weapon_on_03"},{"time":0.3,"name":"idle_01"},{"time":0.3666,"name":"idle_00"},{"time":0.4666,"name":"idle_00"}]}},"events":[{"time":0,"name":"Sound1","string":"cri_se_battle_sword_draw_01"}]}}}