{"skeleton":{"hash":"cP8cfHSj2ttlcX0//OSUbeTDovg","spine":"3.0.12","width":0,"height":0,"images":"./images2/"},"bones":[{"name":"root"},{"name":"S1,2_wave3","parent":"root","x":277.79,"y":-529.16,"scaleX":2,"scaleY":2,"color":"00fffbff"},{"name":"S1,2_wave2","parent":"root","x":277.79,"y":-470.22,"scaleX":2,"scaleY":2,"color":"00fffbff"},{"name":"S1,2_wave1","parent":"root","x":277.79,"y":-414.86,"scaleX":2,"scaleY":2,"color":"00fffbff"},{"name":"MAIN","parent":"root","y":64.57,"scaleX":1.111,"scaleY":1.111},{"name":"hand","parent":"MAIN","x":-11.84,"y":-17.51,"scaleX":0.902,"scaleY":0.902,"color":"51ff00ff"},{"name":"SHADOW-OFFSET","parent":"MAIN","y":-58.43},{"name":"HITBOX","parent":"MAIN","y":-58.44,"scaleX":1.129,"scaleY":1.129},{"name":"DAMAGEAREA","parent":"root","color":"009b03ff"},{"name":"A2_slash","parent":"root","x":847.19,"y":-262.13},{"name":"A1_slash","parent":"root","x":724.7,"y":-268.4,"scaleX":2,"scaleY":2},{"name":"weapon","parent":"MAIN","x":-42.69,"y":-14.64,"scaleX":0.9,"scaleY":0.9,"color":"0023ffff"},{"name":"weapon2","parent":"weapon","x":0.42,"color":"0023ffff"},{"name":"weapon_1_1","parent":"MAIN","x":-101.53,"y":23.41,"scaleX":1.126,"scaleY":1.126,"color":"1100ffff"},{"name":"kusari2","parent":"weapon_1_1","x":1.19,"y":7.78,"color":"1500ffff"},{"name":"bone5","parent":"kusari2","x":-0.59,"y":16.77},{"name":"bone6","parent":"bone5","x":1.79,"y":19.76},{"name":"weapon_1_2","parent":"MAIN","x":-230.16,"y":23.41,"scaleX":1.12,"scaleY":1.12,"color":"1100ffff"},{"name":"kusari3","parent":"weapon_1_2","x":1.19,"y":7.78,"color":"1500ffff"},{"name":"bone7","parent":"kusari3","x":-0.59,"y":16.77},{"name":"bone8","parent":"bone7","x":1.79,"y":19.76},{"name":"weapon_2_1","parent":"MAIN","x":-109.14,"y":-93.92,"scaleX":1.122,"scaleY":1.122,"color":"04ff00ff"},{"name":"kusari","parent":"weapon_2_1","x":1.19,"y":7.18,"color":"22ff00ff"},{"name":"bone3","parent":"kusari","x":-0.59,"y":16.77},{"name":"bone4","parent":"bone3","x":1.79,"y":19.76},{"name":"weapon_2_2","parent":"MAIN","x":-231.84,"y":-93.99,"scaleX":1.123,"scaleY":1.123,"color":"04ff00ff"},{"name":"kusari4","parent":"weapon_2_2","x":1.19,"y":7.18,"color":"22ff00ff"},{"name":"bone9","parent":"kusari4","x":-0.59,"y":16.77},{"name":"bone10","parent":"bone9","x":1.79,"y":19.76}],"slots":[{"name":"grid/nounit(0.88)","bone":"root","color":"707070ff"},{"name":"grid/grid","bone":"root"},{"name":"EF/5120_S1_wave1/5120_S1_wave1_00001","bone":"S1,2_wave1","blend":"additive"},{"name":"EF/5120_S1_wave1/5120_S1_wave1_1","bone":"S1,2_wave2","blend":"additive"},{"name":"EF/5120_S1_wave1/5120_S1_wave1_2","bone":"S1,2_wave3","blend":"additive"},{"name":"EF/EF_slash_Dot/up_EF_1","bone":"A2_slash","color":"ff0900ff","blend":"additive"},{"name":"MAIN","bone":"MAIN","attachment":"idle_00"},{"name":"weapon","bone":"weapon","attachment":"weapon"},{"name":"weapon2","bone":"weapon2"},{"name":"hand","bone":"hand","attachment":"R_arm_3"},{"name":"EF/EF_slash_Dot/10000-combo_16_ef2_1B","bone":"A1_slash","color":"ff0900ff","blend":"additive"},{"name":"EF/EF_slash_Dot/10000-combo_16_ef2_1F","bone":"A1_slash","color":"ff0900ff","blend":"additive"},{"name":"DAMAGEAREA","bone":"DAMAGEAREA"},{"name":"HITBOX","bone":"HITBOX","attachment":"HITBOX"},{"name":"weapon_summons_chain_1","bone":"kusari"},{"name":"weapon_summons_chain_10","bone":"kusari4"},{"name":"weapon_summons_chain_4","bone":"kusari2"},{"name":"weapon_summons_chain_7","bone":"kusari3"},{"name":"weapon_summons_chain_2","bone":"bone4"},{"name":"weapon_summons_chain_12","bone":"bone10"},{"name":"weapon_summons_chain_6","bone":"bone6"},{"name":"weapon_summons_chain_9","bone":"bone8"},{"name":"weapon_summons_chain_3","bone":"bone3"},{"name":"weapon_summons_chain_11","bone":"bone9"},{"name":"weapon_summons_chain_5","bone":"bone5"},{"name":"weapon_summons_chain_8","bone":"bone7"},{"name":"weapon_summons_f","bone":"weapon_2_1"},{"name":"weapon_summons_f2","bone":"weapon_2_2"},{"name":"weapon_summons_n","bone":"weapon_1_1"},{"name":"weapon_summons_n2","bone":"weapon_1_2"}],"skins":{"default":{"DAMAGEAREA":{"DAMAGEAREA":{"type":"boundingbox","vertices":[-99.92901,-98.36902,97.74702,-97.68503,99.11503,95.88701,-98.561,95.88701]}},"EF/5120_S1_wave1/5120_S1_wave1_00001":{"EF/5120_S1_wave1/5120_S1_wave1_00001":{"x":-3.44,"y":5.6,"width":250,"height":250},"EF/5120_S1_wave1/5120_S1_wave1_00002":{"x":-3.44,"y":5.6,"width":250,"height":250},"EF/5120_S1_wave1/5120_S1_wave1_00003":{"x":-3.44,"y":5.6,"width":250,"height":250},"EF/5120_S1_wave1/5120_S1_wave1_00004":{"x":-3.44,"y":5.6,"width":250,"height":250},"EF/5120_S1_wave1/5120_S1_wave1_00005":{"x":-3.44,"y":5.6,"width":250,"height":250},"EF/5120_S1_wave1/5120_S1_wave1_00006":{"x":-3.44,"y":5.6,"width":250,"height":250},"EF/5120_S1_wave1/5120_S1_wave1_00007":{"x":-3.44,"y":5.6,"width":250,"height":250},"EF/5120_S1_wave1/5120_S1_wave1_00008":{"x":-3.44,"y":5.6,"width":250,"height":250},"EF/5120_S1_wave1/5120_S1_wave1_00009":{"x":-3.44,"y":5.6,"width":250,"height":250}},"EF/5120_S1_wave1/5120_S1_wave1_1":{"EF/5120_S1_wave1/5120_S1_wave1_00001":{"x":-3.44,"y":5.6,"width":250,"height":250},"EF/5120_S1_wave1/5120_S1_wave1_00002":{"x":-3.44,"y":5.6,"width":250,"height":250},"EF/5120_S1_wave1/5120_S1_wave1_00003":{"x":-3.44,"y":5.6,"width":250,"height":250},"EF/5120_S1_wave1/5120_S1_wave1_00004":{"x":-3.44,"y":5.6,"width":250,"height":250},"EF/5120_S1_wave1/5120_S1_wave1_00005":{"x":-3.44,"y":5.6,"width":250,"height":250},"EF/5120_S1_wave1/5120_S1_wave1_00006":{"x":-3.44,"y":5.6,"width":250,"height":250},"EF/5120_S1_wave1/5120_S1_wave1_00007":{"x":-3.44,"y":5.6,"width":250,"height":250},"EF/5120_S1_wave1/5120_S1_wave1_00008":{"x":-3.44,"y":5.6,"width":250,"height":250},"EF/5120_S1_wave1/5120_S1_wave1_00009":{"x":-3.44,"y":5.6,"width":250,"height":250}},"EF/5120_S1_wave1/5120_S1_wave1_2":{"EF/5120_S1_wave1/5120_S1_wave1_00001":{"x":-3.44,"y":5.6,"width":250,"height":250},"EF/5120_S1_wave1/5120_S1_wave1_00002":{"x":-3.44,"y":5.6,"width":250,"height":250},"EF/5120_S1_wave1/5120_S1_wave1_00003":{"x":-3.44,"y":5.6,"width":250,"height":250},"EF/5120_S1_wave1/5120_S1_wave1_00004":{"x":-3.44,"y":5.6,"width":250,"height":250},"EF/5120_S1_wave1/5120_S1_wave1_00005":{"x":-3.44,"y":5.6,"width":250,"height":250},"EF/5120_S1_wave1/5120_S1_wave1_00006":{"x":-3.44,"y":5.6,"width":250,"height":250},"EF/5120_S1_wave1/5120_S1_wave1_00007":{"x":-3.44,"y":5.6,"width":250,"height":250},"EF/5120_S1_wave1/5120_S1_wave1_00008":{"x":-3.44,"y":5.6,"width":250,"height":250},"EF/5120_S1_wave1/5120_S1_wave1_00009":{"x":-3.44,"y":5.6,"width":250,"height":250}},"EF/EF_slash_Dot/10000-combo_16_ef2_1B":{"EF/EF_slash_Dot/10000-combo_16_ef2_1B":{"x":-25.73,"y":-12.94,"width":206,"height":171}},"EF/EF_slash_Dot/10000-combo_16_ef2_1F":{"EF/EF_slash_Dot/10000-combo_16_ef2_1F":{"x":-25.73,"y":-12.94,"width":206,"height":171}},"EF/EF_slash_Dot/up_EF_1":{"EF/EF_slash_Dot/up_EF_1":{"x":-23.7,"y":-60.58,"width":200,"height":200}},"HITBOX":{"HITBOX":{"type":"boundingbox","vertices":[-26.50064,3.92186,22.939,3.92186,22.939,80.86929,-26.87237,80.86929]}},"MAIN":{"attack1_00":{"x":3.39,"y":-2.72,"width":450,"height":450},"attack1_01":{"x":-2,"y":-7.48,"width":450,"height":450},"attack1_02":{"x":-2,"y":-7.48,"width":450,"height":450},"attack1_03":{"x":-2,"y":-7.48,"width":450,"height":450},"attack1_04":{"x":-0.47,"y":-6.58,"width":450,"height":450},"attack1_05":{"x":-0.47,"y":-6.58,"width":450,"height":450},"attack1_06":{"x":-0.47,"y":-6.58,"width":450,"height":450},"attack1_07":{"x":-0.47,"y":-6.58,"width":450,"height":450},"attack1_08":{"x":-0.47,"y":-6.58,"width":450,"height":450},"attack1_09":{"x":-16.75,"y":-7.57,"width":450,"height":450},"attack1_10":{"x":-16.75,"y":-7.57,"width":450,"height":450},"attack1_11":{"x":-16.75,"y":-7.57,"width":450,"height":450},"attack1_12":{"x":27.41,"y":-4.96,"width":450,"height":450},"attack1_13":{"x":27.41,"y":-4.96,"width":450,"height":450},"attack1_14":{"x":27.41,"y":-4.96,"width":450,"height":450},"attack1_15":{"x":27.41,"y":-4.96,"width":450,"height":450},"attack1_16":{"x":27.41,"y":-4.96,"width":450,"height":450},"attack1_17":{"x":-6.08,"y":25.13,"width":450,"height":450},"attack1_18":{"x":-6.08,"y":25.13,"width":450,"height":450},"attack1_19":{"x":-6.08,"y":25.13,"width":450,"height":450},"attack1_20":{"x":-6.08,"y":25.13,"width":450,"height":450},"attack1_21":{"x":-6.08,"y":25.13,"width":450,"height":450},"back_00":{"x":1.94,"y":-5.62,"width":450,"height":450},"damage_00":{"x":12.96,"y":-7.52,"width":450,"height":450},"front_00":{"x":4.31,"y":2.15,"width":450,"height":450},"idle_00":{"x":11.89,"y":-5.46,"width":450,"height":450},"idle_01":{"x":11.89,"y":-5.46,"width":450,"height":450},"idle_02":{"x":11.89,"y":-5.46,"width":450,"height":450},"idle_03":{"x":11.89,"y":-5.46,"width":450,"height":450},"idle_04":{"x":11.89,"y":-5.46,"width":450,"height":450},"skill1_00":{"x":21.11,"y":-1.37,"width":450,"height":450},"skill1_01":{"x":22.01,"y":-0.12,"width":450,"height":450},"skill1_02":{"x":-4.96,"y":-0.06,"width":450,"height":450},"skill1_03":{"x":-4.96,"y":-0.06,"width":450,"height":450},"skill1_04":{"x":-4.96,"y":-0.06,"width":450,"height":450},"skill1_05":{"x":-3.8,"y":-0.01,"width":450,"height":450},"skill1_06":{"x":-3.8,"y":-0.02,"width":450,"height":450},"skill1_07":{"x":-3.8,"y":-0.02,"width":450,"height":450},"skill1_08":{"x":-17.11,"y":-6.76,"width":450,"height":450},"skill1_09":{"x":-17.11,"y":-6.76,"width":450,"height":450},"skill1_10":{"x":-17.11,"y":-6.76,"width":450,"height":450},"skill1_11":{"x":-17.11,"y":-6.76,"width":450,"height":450},"skill1_12":{"x":2.94,"y":-5.68,"width":450,"height":450},"skill1_13":{"x":2.94,"y":-5.68,"width":450,"height":450},"skill1_14":{"x":2.94,"y":-5.68,"width":450,"height":450},"skill2_00":{"x":5.86,"y":7.62,"width":450,"height":450},"skill2_01":{"x":5.86,"y":7.62,"width":450,"height":450},"skill2_02":{"x":5.86,"y":7.62,"width":450,"height":450},"skill2_03":{"x":5.86,"y":7.62,"width":450,"height":450},"skill2_04":{"x":5.86,"y":7.62,"width":450,"height":450},"skill2_05":{"x":5.86,"y":7.62,"width":450,"height":450},"skill2_06":{"x":5.86,"y":7.62,"width":450,"height":450},"skill2_07":{"x":5.82,"y":7.62,"width":450,"height":450},"skill2_08":{"x":5.82,"y":12.03,"width":450,"height":450},"skill2_09":{"x":5.82,"y":12.03,"width":450,"height":450},"skill2_10":{"x":5.86,"y":8.79,"width":450,"height":450},"skill2_11":{"x":5.86,"y":8.79,"width":450,"height":450},"skill2_12":{"x":5.86,"y":8.79,"width":450,"height":450},"skill2_13":{"x":25.16,"y":15.45,"width":450,"height":450},"skill2_14":{"x":25.16,"y":15.45,"width":450,"height":450},"skill2_15":{"x":25.16,"y":15.45,"width":450,"height":450},"skill2_17":{"x":1.32,"y":2.49,"width":450,"height":450},"skill2_18":{"x":1.32,"y":2.49,"width":450,"height":450},"skill2_19":{"x":1.32,"y":2.49,"width":450,"height":450},"skill2_20":{"x":21.83,"y":12.12,"width":450,"height":450},"skill2_21":{"x":28.31,"y":12.12,"width":450,"height":450},"skill2_22":{"x":28.31,"y":12.12,"width":450,"height":450},"skill2_23":{"x":28.31,"y":9.78,"width":450,"height":450},"skill2_24":{"x":2.81,"y":9.51,"width":450,"height":450},"skill2_25":{"x":2.81,"y":9.51,"width":450,"height":450},"skill2_26":{"x":2.81,"y":9.51,"width":450,"height":450},"skill2_28":{"x":2.22,"y":10.23,"width":450,"height":450},"skill2_29":{"x":2.22,"y":10.23,"width":450,"height":450},"skill2_30":{"x":2.22,"y":10.23,"width":450,"height":450}},"hand":{"L_arm_3":{"x":-26.05,"y":-35.17,"width":300,"height":300},"R_arm_3":{"x":18,"y":6.28,"width":300,"height":300},"R_arm_3_atk2":{"x":28.42,"y":10.71,"width":300,"height":300},"R_arm_3_over":{"x":35.48,"y":-4.79,"width":300,"height":300}},"weapon":{"weapon":{"x":51.6,"y":2.73,"width":300,"height":300},"weapon_d_1_reverse":{"x":57.39,"y":10.57,"width":300,"height":300},"weapon_d_1_surface":{"x":57.39,"y":10.57,"width":300,"height":300},"weapon_d_2_reverse":{"x":57.39,"y":10.57,"width":300,"height":300},"weapon_master":{"x":57.39,"y":10.57,"width":300,"height":300}},"weapon2":{"weapon_master":{"x":57.39,"y":10.57,"width":300,"height":300}},"weapon_summons_chain_1":{"weapon_summons_chain_1":{"x":-4.54,"y":13.9,"width":300,"height":300}},"weapon_summons_chain_10":{"weapon_summons_chain_1":{"x":-4.54,"y":13.9,"width":300,"height":300}},"weapon_summons_chain_11":{"weapon_summons_chain_3":{"x":-3.94,"y":-2.87,"width":300,"height":300}},"weapon_summons_chain_12":{"weapon_summons_chain_2":{"x":-5.74,"y":-22.63,"width":300,"height":300}},"weapon_summons_chain_2":{"weapon_summons_chain_2":{"x":-5.74,"y":-22.63,"width":300,"height":300}},"weapon_summons_chain_3":{"weapon_summons_chain_3":{"x":-3.94,"y":-2.87,"width":300,"height":300}},"weapon_summons_chain_4":{"weapon_summons_chain_1":{"x":-4.54,"y":13.9,"width":300,"height":300}},"weapon_summons_chain_5":{"weapon_summons_chain_3":{"x":-3.94,"y":-2.87,"width":300,"height":300}},"weapon_summons_chain_6":{"weapon_summons_chain_2":{"x":-5.74,"y":-22.63,"width":300,"height":300}},"weapon_summons_chain_7":{"weapon_summons_chain_1":{"x":-4.54,"y":13.9,"width":300,"height":300}},"weapon_summons_chain_8":{"weapon_summons_chain_3":{"x":-3.94,"y":-2.87,"width":300,"height":300}},"weapon_summons_chain_9":{"weapon_summons_chain_2":{"x":-5.74,"y":-22.63,"width":300,"height":300}},"weapon_summons_f":{"weapon_summons_f":{"x":-41.68,"y":-8.86,"width":140,"height":80}},"weapon_summons_f2":{"weapon_summons_f":{"x":-41.68,"y":-8.86,"width":140,"height":80}},"weapon_summons_n":{"weapon_summons_n":{"x":-44.67,"y":-11.85,"width":144,"height":128}},"weapon_summons_n2":{"weapon_summons_n":{"x":-44.67,"y":-11.85,"width":144,"height":128}}}},"events":{"Event":{},"Event2":{},"Hit":{},"Sound1":{},"Sound2":{},"Sound3":{},"Voice":{}},"animations":{"attack1":{"slots":{"DAMAGEAREA":{"attachment":[{"time":0.4,"name":"DAMAGEAREA"},{"time":0.4666,"name":null},{"time":1.2666,"name":"DAMAGEAREA"},{"time":1.3333,"name":null},{"time":1.9333,"name":"DAMAGEAREA"}]},"EF/EF_slash_Dot/10000-combo_16_ef2_1B":{"attachment":[{"time":0.4,"name":"EF/EF_slash_Dot/10000-combo_16_ef2_1B"},{"time":0.4333,"name":null},{"time":1.2666,"name":"EF/EF_slash_Dot/10000-combo_16_ef2_1B"},{"time":1.3,"name":null}]},"EF/EF_slash_Dot/10000-combo_16_ef2_1F":{"attachment":[{"time":0.4,"name":"EF/EF_slash_Dot/10000-combo_16_ef2_1F"},{"time":0.4333,"name":null},{"time":1.2666,"name":"EF/EF_slash_Dot/10000-combo_16_ef2_1F"},{"time":1.3,"name":null}]},"EF/EF_slash_Dot/up_EF_1":{"attachment":[{"time":1.9333,"name":"EF/EF_slash_Dot/up_EF_1"},{"time":1.9666,"name":null}]},"MAIN":{"attachment":[{"time":0,"name":"attack1_00"},{"time":0.0666,"name":"attack1_01"},{"time":0.1666,"name":"attack1_02"},{"time":0.3,"name":"attack1_03"},{"time":0.4,"name":"attack1_04"},{"time":0.4666,"name":"attack1_05"},{"time":0.5666,"name":"attack1_06"},{"time":0.6666,"name":"attack1_07"},{"time":0.7666,"name":"attack1_08"},{"time":0.8333,"name":"attack1_09"},{"time":0.9666,"name":"attack1_10"},{"time":1.1,"name":"attack1_11"},{"time":1.2666,"name":"attack1_12"},{"time":1.3,"name":"attack1_13"},{"time":1.3333,"name":"attack1_14"},{"time":1.4333,"name":"attack1_15"},{"time":1.5333,"name":"attack1_16"},{"time":1.6,"name":"attack1_17"},{"time":1.6666,"name":"attack1_18"},{"time":1.9333,"name":"attack1_19"},{"time":1.9666,"name":"attack1_20"},{"time":2,"name":"attack1_21"},{"time":2.3,"name":"back_00"},{"time":2.4333,"name":"idle_04"},{"time":2.5666,"name":"idle_00"}]},"hand":{"attachment":[{"time":0,"name":"L_arm_3"},{"time":0.0666,"name":null},{"time":1.2666,"name":"R_arm_3_atk2"},{"time":1.6,"name":null},{"time":1.9333,"name":"R_arm_3_over"},{"time":2.3,"name":null},{"time":2.4333,"name":"R_arm_3"},{"time":2.5666,"name":"R_arm_3"}]},"weapon":{"attachment":[{"time":0,"name":"weapon_d_2_reverse"},{"time":0.0666,"name":"weapon"},{"time":0.4,"name":"weapon_d_2_reverse"},{"time":0.7666,"name":"weapon_d_1_reverse"},{"time":0.8333,"name":"weapon_master"},{"time":1.3,"name":"weapon_master"},{"time":1.6,"name":"weapon_master"},{"time":2.3,"name":null},{"time":2.4333,"name":"weapon"}]},"weapon2":{"attachment":[{"time":0,"name":null},{"time":0.8333,"name":"weapon_master"},{"time":1.3,"name":null},{"time":1.6,"name":null},{"time":1.6666,"name":"weapon_master"},{"time":1.9333,"name":null}]},"weapon_summons_chain_4":{"attachment":[{"time":1.2666,"name":null}]}},"bones":{"MAIN":{"translate":[{"time":0,"x":0,"y":0,"curve":"stepped"},{"time":0.0666,"x":46.55,"y":0,"curve":[0.25,0,0.812,0.72]},{"time":0.2333,"x":51.79,"y":0,"curve":"stepped"},{"time":0.4,"x":-18,"y":0,"curve":[0.178,0.33,0.75,1]},{"time":0.5666,"x":-24,"y":0,"curve":"stepped"},{"time":0.8333,"x":-12.8,"y":0,"curve":"stepped"},{"time":1.2666,"x":-63.43,"y":0,"curve":[0.16,0.32,0.75,1]},{"time":1.4,"x":-70,"y":0,"curve":"stepped"},{"time":2.3,"x":-70,"y":0,"curve":[0.189,0.24,0.569,0.62]},{"time":2.3666,"x":-34.89,"y":8.32,"curve":[0.355,0.46,0.774,0.92]},{"time":2.4666,"x":0,"y":0}]},"A1_slash":{"rotate":[{"time":0.4,"angle":88.31,"curve":"stepped"},{"time":1.2666,"angle":-84.63}],"translate":[{"time":0.4,"x":-656.16,"y":366.45,"curve":"stepped"},{"time":1.2666,"x":-884.41,"y":280.62}],"scale":[{"time":0.4,"x":0.395,"y":-2.43,"curve":"stepped"},{"time":1.2666,"x":1.004,"y":-2.118}]},"DAMAGEAREA":{"translate":[{"time":0.4,"x":-72.03,"y":62.63,"curve":"stepped"},{"time":1.2666,"x":-139.89,"y":76.21}],"scale":[{"time":0.4,"x":1.583,"y":0.53,"curve":"stepped"},{"time":1.2666,"x":1.235,"y":0.954},{"time":1.9333,"x":0.99,"y":0.954}]},"hand":{"rotate":[{"time":0,"angle":100.31,"curve":"stepped"},{"time":1.2666,"angle":17.74,"curve":"stepped"},{"time":1.3,"angle":15.25,"curve":"stepped"},{"time":1.9333,"angle":52.66,"curve":"stepped"},{"time":1.9666,"angle":47.62,"curve":"stepped"},{"time":2.4333,"angle":3.57,"curve":"stepped"},{"time":2.5666,"angle":0}],"translate":[{"time":0,"x":-24.49,"y":34.4,"curve":"stepped"},{"time":1.2666,"x":-32.5,"y":-9.78,"curve":"stepped"},{"time":1.3,"x":-33.66,"y":-13.61,"curve":"stepped"},{"time":1.3333,"x":-35.58,"y":-19.37,"curve":"stepped"},{"time":1.9333,"x":-21.38,"y":-3.92,"curve":"stepped"},{"time":1.9666,"x":-19.82,"y":-11.85,"curve":"stepped"},{"time":2,"x":-19.82,"y":-9.39,"curve":"stepped"},{"time":2.4333,"x":-0.32,"y":0.89,"curve":"stepped"},{"time":2.5666,"x":0,"y":0}],"scale":[{"time":0,"x":-0.996,"y":1}]},"weapon":{"rotate":[{"time":0,"angle":-31.41,"curve":"stepped"},{"time":0.0666,"angle":-27.54,"curve":"stepped"},{"time":0.1666,"angle":-27.61,"curve":"stepped"},{"time":0.3,"angle":-27.75,"curve":"stepped"},{"time":0.4,"angle":13.21,"curve":"stepped"},{"time":0.4666,"angle":14.67,"curve":"stepped"},{"time":0.5666,"angle":16.58,"curve":"stepped"},{"time":0.6666,"angle":-4.54,"curve":"stepped"},{"time":0.7666,"angle":-15.35,"curve":"stepped"},{"time":0.8333,"angle":-37.33,"curve":"stepped"},{"time":0.9666,"angle":-43.76,"curve":"stepped"},{"time":1.1,"angle":-48.88,"curve":"stepped"},{"time":1.2666,"angle":-159.19,"curve":"stepped"},{"time":1.6,"angle":26.45,"curve":"stepped"},{"time":1.6666,"angle":-15.54,"curve":"stepped"},{"time":1.9333,"angle":-169.85,"curve":"stepped"},{"time":1.9666,"angle":-177.55,"curve":"stepped"},{"time":2.4333,"angle":3.21,"curve":"stepped"},{"time":2.5666,"angle":0}],"translate":[{"time":0,"x":38.93,"y":13.99,"curve":"stepped"},{"time":0.0666,"x":29.06,"y":15.15,"curve":"stepped"},{"time":0.1666,"x":32.62,"y":12.63,"curve":"stepped"},{"time":0.3,"x":35.61,"y":9.63,"curve":"stepped"},{"time":0.4,"x":40.29,"y":22.41,"curve":"stepped"},{"time":0.4666,"x":38.85,"y":23.31,"curve":"stepped"},{"time":0.5666,"x":38.31,"y":23.67,"curve":"stepped"},{"time":0.6666,"x":39.83,"y":19.97,"curve":"stepped"},{"time":0.7666,"x":37.48,"y":11.16,"curve":"stepped"},{"time":0.8333,"x":45.31,"y":56.54,"curve":"stepped"},{"time":0.9666,"x":52.06,"y":53.62,"curve":"stepped"},{"time":1.1,"x":55.55,"y":47.46,"curve":"stepped"},{"time":1.2666,"x":30.98,"y":-1.87,"curve":"stepped"},{"time":1.3,"x":30.98,"y":-5.24,"curve":"stepped"},{"time":1.3333,"x":30.98,"y":-9.19,"curve":"stepped"},{"time":1.6,"x":15.33,"y":65.81,"curve":"stepped"},{"time":1.6666,"x":31.09,"y":95.42,"curve":"stepped"},{"time":1.9333,"x":38.08,"y":-3.41,"curve":"stepped"},{"time":1.9666,"x":41.59,"y":-15.58,"curve":"stepped"},{"time":2,"x":41.59,"y":-13.5,"curve":"stepped"},{"time":2.4333,"x":-0.21,"y":-0.36,"curve":"stepped"},{"time":2.5666,"x":0,"y":0}],"scale":[{"time":0,"x":-0.999,"y":1,"curve":"stepped"},{"time":0.0666,"x":1,"y":-0.999,"curve":"stepped"},{"time":2.4333,"x":1,"y":0.999}]},"A2_slash":{"rotate":[{"time":1.9333,"angle":97.47}],"translate":[{"time":1.9333,"x":-1020.68,"y":261.53}],"scale":[{"time":1.9333,"x":-2.513,"y":2.294}]},"SHADOW-OFFSET":{"translate":[{"time":1.6,"x":25.52,"y":0,"curve":"stepped"},{"time":2.3,"x":0,"y":0}]}},"drawOrder":[{"time":0,"offsets":[{"slot":"MAIN","offset":2}]},{"time":0.0666,"offsets":[{"slot":"MAIN","offset":2}]},{"time":1.2666,"offsets":[{"slot":"EF/EF_slash_Dot/10000-combo_16_ef2_1B","offset":-4}]},{"time":1.6,"offsets":[{"slot":"MAIN","offset":3},{"slot":"EF/EF_slash_Dot/10000-combo_16_ef2_1B","offset":-4}]},{"time":1.9333,"offsets":[{"slot":"EF/EF_slash_Dot/up_EF_1","offset":2},{"slot":"EF/EF_slash_Dot/10000-combo_16_ef2_1B","offset":-5}]},{"time":2.4333,"offsets":[{"slot":"EF/EF_slash_Dot/10000-combo_16_ef2_1B","offset":-4}]}],"events":[{"time":0,"name":"Event","float":0.1,"string":"kHitStopType_normal"},{"time":0.4,"name":"Sound1","string":"cri_se_battle_sword_swish_heavy"},{"time":0.4,"name":"Sound2","string":"cri_se_battle_026_stab"},{"time":0.4,"name":"Voice","string":"cri_111_voice_attack_a"},{"time":1.2333,"name":"Event","string":"kImpactType_down"},{"time":1.2666,"name":"Event","float":0.15,"string":"kHitStopType_normal"},{"time":1.2666,"name":"Hit","string":"resetHitList"},{"time":1.2666,"name":"Sound1","string":"cri_se_battle_sword_swish_heavy"},{"time":1.2666,"name":"Sound2","string":"cri_se_battle_026_stab"},{"time":1.2666,"name":"Voice","string":"cri_111_voice_attack_b"},{"time":1.9333,"name":"Event","float":0.2,"string":"kHitStopType_normal"},{"time":1.9333,"name":"Hit","string":"resetHitList"},{"time":1.9333,"name":"Sound1","string":"cri_se_battle_sword_swish_heavy"},{"time":1.9333,"name":"Sound2","string":"cri_se_battle_026_stab"},{"time":1.9333,"name":"Voice","string":"cri_111_voice_attack_c"}]},"back":{"slots":{"MAIN":{"attachment":[{"time":0,"name":"back_00"},{"time":0.2666,"name":"idle_03"},{"time":0.4,"name":"idle_04"},{"time":0.5333,"name":"idle_00"}]},"hand":{"attachment":[{"time":0,"name":null},{"time":0.2666,"name":"R_arm_3"},{"time":0.5333,"name":"R_arm_3"}]},"weapon":{"attachment":[{"time":0,"name":null},{"time":0.2666,"name":"weapon"}]},"weapon2":{"attachment":[{"time":0,"name":null}]}},"bones":{"MAIN":{"translate":[{"time":0,"x":0,"y":0,"curve":[0.219,0.29,0.582,0.65]},{"time":0.1,"x":59.59,"y":15,"curve":[0.338,0.51,0.765,1]},{"time":0.3,"x":125,"y":0},{"time":0.4333,"x":140,"y":0}]},"hand":{"rotate":[{"time":0.2666,"angle":8.4,"curve":"stepped"},{"time":0.4,"angle":3.57,"curve":"stepped"},{"time":0.5333,"angle":0}],"translate":[{"time":0.2666,"x":-0.3,"y":2.46,"curve":"stepped"},{"time":0.4,"x":-0.32,"y":0.89,"curve":"stepped"},{"time":0.5333,"x":0,"y":0}]},"weapon":{"rotate":[{"time":0.2666,"angle":6.12,"curve":"stepped"},{"time":0.4,"angle":3.21,"curve":"stepped"},{"time":0.5333,"angle":0}],"translate":[{"time":0.2666,"x":-0.57,"y":-0.83,"curve":"stepped"},{"time":0.4,"x":-0.21,"y":-0.36,"curve":"stepped"},{"time":0.5333,"x":0,"y":0}]}},"events":[{"time":0,"name":"Sound3","string":"cri_se_battle_jump"},{"time":0.2666,"name":"Sound3","string":"cri_se_battle_landing"}]},"cast":{"slots":{"MAIN":{"attachment":[{"time":0,"name":"attack1_00"},{"time":0.0666,"name":"attack1_01"},{"time":0.1666,"name":"attack1_02"},{"time":0.3,"name":"attack1_03"},{"time":0.5,"name":"attack1_04"},{"time":0.5666,"name":"attack1_05"},{"time":0.6666,"name":"attack1_06"},{"time":1,"name":"attack1_06"}]},"hand":{"attachment":[{"time":0,"name":null}]},"weapon":{"attachment":[{"time":0,"name":null},{"time":0.0666,"name":"weapon"},{"time":0.5,"name":"weapon_d_2_reverse"}]},"weapon2":{"attachment":[{"time":0,"name":null}]}},"bones":{"MAIN":{"translate":[{"time":0,"x":0,"y":0,"curve":"stepped"},{"time":0.0666,"x":51.79,"y":0,"curve":"stepped"},{"time":0.5,"x":-18,"y":0}]},"weapon":{"rotate":[{"time":0,"angle":157.54,"curve":"stepped"},{"time":0.0666,"angle":-27.54,"curve":"stepped"},{"time":0.1666,"angle":-27.61,"curve":"stepped"},{"time":0.3,"angle":-27.75,"curve":"stepped"},{"time":0.5,"angle":13.21,"curve":"stepped"},{"time":0.5666,"angle":14.67,"curve":"stepped"},{"time":0.6666,"angle":16.58}],"translate":[{"time":0.0666,"x":29.06,"y":15.15,"curve":"stepped"},{"time":0.1666,"x":32.62,"y":12.63,"curve":"stepped"},{"time":0.3,"x":35.61,"y":9.63,"curve":"stepped"},{"time":0.5,"x":40.29,"y":22.41,"curve":"stepped"},{"time":0.5666,"x":38.85,"y":23.31,"curve":"stepped"},{"time":0.6666,"x":38.31,"y":23.67}],"scale":[{"time":0.0666,"x":1,"y":-0.999}]}},"drawOrder":[{"time":0.0666,"offsets":[{"slot":"MAIN","offset":2}]}],"events":[{"time":0.5,"name":"Voice","string":"cri_111_voice_item"}]},"damage":{"slots":{"MAIN":{"attachment":[{"time":0,"name":"damage_00"}]},"hand":{"attachment":[{"time":0,"name":null}]},"weapon":{"attachment":[{"time":0,"name":"weapon"}]},"weapon2":{"attachment":[{"time":0,"name":null}]}},"bones":{"weapon":{"rotate":[{"time":0,"angle":-148.98}],"translate":[{"time":0,"x":19.97,"y":50.72}],"scale":[{"time":0,"x":1,"y":-1.003}]}},"drawOrder":[{"time":0,"offsets":[{"slot":"MAIN","offset":2}]}]},"front":{"slots":{"MAIN":{"attachment":[{"time":0,"name":"front_00"}]},"hand":{"attachment":[{"time":0,"name":null}]},"weapon":{"attachment":[{"time":0,"name":"weapon_d_2_reverse"}]},"weapon2":{"attachment":[{"time":0,"name":null}]}},"bones":{"weapon":{"rotate":[{"time":0,"angle":166.19}],"translate":[{"time":0,"x":82.91,"y":60.25}]}},"drawOrder":[{"time":0,"offsets":[{"slot":"MAIN","offset":2}]}]},"idle":{"slots":{"MAIN":{"attachment":[{"time":0,"name":"idle_00"},{"time":0.1666,"name":"idle_01"},{"time":0.3333,"name":"idle_02"},{"time":0.5,"name":"idle_03"},{"time":0.6666,"name":"idle_04"},{"time":0.8333,"name":"idle_00"}]},"hand":{"attachment":[{"time":0,"name":"R_arm_3"},{"time":0.8333,"name":"R_arm_3"}]},"weapon":{"attachment":[{"time":0,"name":"weapon"}]},"weapon2":{"attachment":[{"time":0,"name":null}]}},"bones":{"MAIN":{"rotate":[{"time":0,"angle":0}],"translate":[{"time":0,"x":0,"y":0}],"scale":[{"time":0,"x":1,"y":1}]},"weapon":{"rotate":[{"time":0,"angle":0,"curve":"stepped"},{"time":0.1666,"angle":1.59,"curve":"stepped"},{"time":0.3333,"angle":3.4,"curve":"stepped"},{"time":0.5,"angle":6.12,"curve":"stepped"},{"time":0.6666,"angle":3.21,"curve":"stepped"},{"time":0.8333,"angle":0}],"translate":[{"time":0,"x":0,"y":0,"curve":"stepped"},{"time":0.1666,"x":0,"y":-0.18,"curve":"stepped"},{"time":0.3333,"x":-0.37,"y":-0.14,"curve":"stepped"},{"time":0.5,"x":-0.57,"y":-0.83,"curve":"stepped"},{"time":0.6666,"x":-0.21,"y":-0.36,"curve":"stepped"},{"time":0.8333,"x":0,"y":0}]},"hand":{"rotate":[{"time":0,"angle":0,"curve":"stepped"},{"time":0.1666,"angle":0.67,"curve":"stepped"},{"time":0.3333,"angle":5.76,"curve":"stepped"},{"time":0.5,"angle":8.4,"curve":"stepped"},{"time":0.6666,"angle":3.57,"curve":"stepped"},{"time":0.8333,"angle":0}],"translate":[{"time":0,"x":0,"y":0,"curve":"stepped"},{"time":0.1666,"x":-0.16,"y":0.41,"curve":"stepped"},{"time":0.3333,"x":-0.46,"y":1.48,"curve":"stepped"},{"time":0.5,"x":-0.3,"y":2.46,"curve":"stepped"},{"time":0.6666,"x":-0.32,"y":0.89,"curve":"stepped"},{"time":0.8333,"x":0,"y":0}]}}},"in":{"slots":{"MAIN":{"attachment":[{"time":0,"name":"front_00"},{"time":0.3333,"name":"skill1_12"},{"time":0.4,"name":"skill1_13"},{"time":0.4666,"name":"skill1_14"},{"time":0.6333,"name":"skill1_13"},{"time":0.7,"name":"skill1_12"},{"time":0.8333,"name":"idle_00"},{"time":0.8666,"name":"idle_01"},{"time":0.9,"name":"idle_02"},{"time":0.9666,"name":"idle_00"}]},"hand":{"attachment":[{"time":0.4,"name":null},{"time":0.8333,"name":"R_arm_3"}]},"weapon":{"attachment":[{"time":0,"name":"weapon_d_2_reverse"},{"time":0.3333,"name":null},{"time":0.8333,"name":"weapon"}]},"weapon2":{"attachment":[{"time":0.7,"name":null},{"time":0.8,"name":null}]}},"bones":{"MAIN":{"rotate":[{"time":0.8333,"angle":0}],"translate":[{"time":0,"x":380.3,"y":12.32,"curve":[0.339,0.89,0.516,1]},{"time":0.6,"x":21.2,"y":9.82,"curve":"stepped"},{"time":0.8333,"x":0,"y":0}],"scale":[{"time":0.8333,"x":1,"y":1}]},"weapon":{"rotate":[{"time":0,"angle":175.27,"curve":"stepped"},{"time":0.3333,"angle":-158.35,"curve":"stepped"},{"time":0.8333,"angle":0}],"translate":[{"time":0,"x":107.61,"y":64.49,"curve":"stepped"},{"time":0.3333,"x":-4.2,"y":14.86,"curve":"stepped"},{"time":0.8333,"x":0,"y":0}],"scale":[{"time":0,"x":1,"y":1,"curve":"stepped"},{"time":0.3333,"x":1,"y":-1,"curve":"stepped"},{"time":0.8333,"x":1,"y":1.11}]},"hand":{"rotate":[{"time":0.8333,"angle":0}],"translate":[{"time":0.8333,"x":0,"y":0}],"scale":[{"time":0.8333,"x":1.151,"y":1.155}]}},"drawOrder":[{"time":0,"offsets":[{"slot":"MAIN","offset":1}]},{"time":0.8333,"offsets":[{"slot":"weapon","offset":1}]}],"events":[{"time":0,"name":"Sound1","string":"cri_se_battle_skill_shot"},{"time":0.2333,"name":"Sound1","string":"cri_se_battle_arrow_light_effect"}]},"skill1":{"slots":{"DAMAGEAREA":{"attachment":[{"time":0.6333,"name":"DAMAGEAREA"},{"time":0.8,"name":null},{"time":1.5666,"name":"DAMAGEAREA"},{"time":1.8,"name":null}]},"EF/5120_S1_wave1/5120_S1_wave1_00001":{"attachment":[{"time":0.6333,"name":"EF/5120_S1_wave1/5120_S1_wave1_00001"},{"time":0.6666,"name":"EF/5120_S1_wave1/5120_S1_wave1_00002"},{"time":0.7,"name":"EF/5120_S1_wave1/5120_S1_wave1_00003"},{"time":0.7333,"name":"EF/5120_S1_wave1/5120_S1_wave1_00004"},{"time":0.7666,"name":"EF/5120_S1_wave1/5120_S1_wave1_00005"},{"time":0.8,"name":"EF/5120_S1_wave1/5120_S1_wave1_00006"},{"time":0.8333,"name":"EF/5120_S1_wave1/5120_S1_wave1_00007"},{"time":0.8666,"name":"EF/5120_S1_wave1/5120_S1_wave1_00008"},{"time":0.9,"name":"EF/5120_S1_wave1/5120_S1_wave1_00009"},{"time":1.5666,"name":"EF/5120_S1_wave1/5120_S1_wave1_00001"},{"time":1.6,"name":"EF/5120_S1_wave1/5120_S1_wave1_00002"},{"time":1.6333,"name":"EF/5120_S1_wave1/5120_S1_wave1_00003"},{"time":1.6666,"name":"EF/5120_S1_wave1/5120_S1_wave1_00004"},{"time":1.7,"name":"EF/5120_S1_wave1/5120_S1_wave1_00005"},{"time":1.7333,"name":"EF/5120_S1_wave1/5120_S1_wave1_00006"},{"time":1.7666,"name":"EF/5120_S1_wave1/5120_S1_wave1_00007"},{"time":1.8,"name":"EF/5120_S1_wave1/5120_S1_wave1_00008"},{"time":1.8333,"name":"EF/5120_S1_wave1/5120_S1_wave1_00009"}],"color":[{"time":0.9,"color":"ffffffff"},{"time":0.9666,"color":"ffffff00","curve":"stepped"},{"time":1.5666,"color":"ffffffff","curve":"stepped"},{"time":1.8333,"color":"ffffffff"},{"time":1.9333,"color":"ffffff00"}]},"EF/5120_S1_wave1/5120_S1_wave1_1":{"attachment":[{"time":0.6333,"name":"EF/5120_S1_wave1/5120_S1_wave1_00001"},{"time":0.6666,"name":"EF/5120_S1_wave1/5120_S1_wave1_00002"},{"time":0.7,"name":"EF/5120_S1_wave1/5120_S1_wave1_00003"},{"time":0.7333,"name":"EF/5120_S1_wave1/5120_S1_wave1_00004"},{"time":0.7666,"name":"EF/5120_S1_wave1/5120_S1_wave1_00005"},{"time":0.8,"name":"EF/5120_S1_wave1/5120_S1_wave1_00006"},{"time":0.8333,"name":"EF/5120_S1_wave1/5120_S1_wave1_00007"},{"time":0.8666,"name":"EF/5120_S1_wave1/5120_S1_wave1_00008"},{"time":0.9,"name":"EF/5120_S1_wave1/5120_S1_wave1_00009"},{"time":1.5666,"name":"EF/5120_S1_wave1/5120_S1_wave1_00001"},{"time":1.6,"name":"EF/5120_S1_wave1/5120_S1_wave1_00002"},{"time":1.6333,"name":"EF/5120_S1_wave1/5120_S1_wave1_00003"},{"time":1.6666,"name":"EF/5120_S1_wave1/5120_S1_wave1_00004"},{"time":1.7,"name":"EF/5120_S1_wave1/5120_S1_wave1_00005"},{"time":1.7333,"name":"EF/5120_S1_wave1/5120_S1_wave1_00006"},{"time":1.7666,"name":"EF/5120_S1_wave1/5120_S1_wave1_00007"},{"time":1.8,"name":"EF/5120_S1_wave1/5120_S1_wave1_00008"},{"time":1.8333,"name":"EF/5120_S1_wave1/5120_S1_wave1_00009"}],"color":[{"time":0.9,"color":"ffffffff"},{"time":1,"color":"ffffff00","curve":"stepped"},{"time":1.5666,"color":"ffffffff","curve":"stepped"},{"time":1.8333,"color":"ffffffff"},{"time":1.9333,"color":"ffffff00"}]},"EF/5120_S1_wave1/5120_S1_wave1_2":{"attachment":[{"time":1.6333,"name":"EF/5120_S1_wave1/5120_S1_wave1_00001"},{"time":1.6666,"name":"EF/5120_S1_wave1/5120_S1_wave1_00002"},{"time":1.7,"name":"EF/5120_S1_wave1/5120_S1_wave1_00003"},{"time":1.7333,"name":"EF/5120_S1_wave1/5120_S1_wave1_00004"},{"time":1.7666,"name":"EF/5120_S1_wave1/5120_S1_wave1_00005"},{"time":1.8,"name":"EF/5120_S1_wave1/5120_S1_wave1_00006"},{"time":1.8333,"name":"EF/5120_S1_wave1/5120_S1_wave1_00007"},{"time":1.8666,"name":"EF/5120_S1_wave1/5120_S1_wave1_00008"},{"time":1.9,"name":"EF/5120_S1_wave1/5120_S1_wave1_00009"}],"color":[{"time":1.9,"color":"ffffffff"},{"time":2,"color":"ffffff00"}]},"MAIN":{"attachment":[{"time":0,"name":"skill1_00"},{"time":0.0666,"name":"skill1_01"},{"time":0.1666,"name":"skill1_02"},{"time":0.2666,"name":"skill1_03"},{"time":0.3666,"name":"skill1_04"},{"time":0.6333,"name":"skill1_05"},{"time":0.7,"name":"skill1_06"},{"time":0.7666,"name":"skill1_07"},{"time":0.9666,"name":"skill1_08"},{"time":1.0666,"name":"skill1_09"},{"time":1.1666,"name":"skill1_10"},{"time":1.2666,"name":"skill1_11"},{"time":1.5666,"name":"skill1_12"},{"time":1.6,"name":"skill1_13"},{"time":1.6333,"name":"skill1_14"}]},"hand":{"attachment":[{"time":0,"name":"R_arm_3_over"},{"time":0.1666,"name":null}]},"weapon":{"attachment":[{"time":0,"name":"weapon"},{"time":0.1666,"name":"weapon"},{"time":0.6333,"name":"weapon_d_2_reverse"},{"time":0.9666,"name":"weapon"},{"time":1.5666,"name":null}]},"weapon2":{"attachment":[{"time":0,"name":null},{"time":0.1666,"name":null}]}},"bones":{"S1,2_wave1":{"translate":[{"time":0.6333,"x":-232.33,"y":420,"curve":"stepped"},{"time":1.5666,"x":-232.48,"y":415.39}],"scale":[{"time":0.9,"x":1,"y":1},{"time":0.9666,"x":1.154,"y":1.154,"curve":"stepped"},{"time":1.5666,"x":1.25,"y":1.25,"curve":"stepped"},{"time":1.8333,"x":1.25,"y":1.25},{"time":1.9333,"x":1.35,"y":1.35}]},"S1,2_wave2":{"translate":[{"time":0.6333,"x":-480.43,"y":466.75,"curve":"stepped"},{"time":1.5666,"x":-463.53,"y":467.38}],"scale":[{"time":0.6333,"x":2,"y":2,"curve":"stepped"},{"time":0.9,"x":2,"y":2},{"time":1,"x":2.25,"y":2.25,"curve":"stepped"},{"time":1.5666,"x":2,"y":2,"curve":"stepped"},{"time":1.8333,"x":2,"y":2},{"time":1.9333,"x":2.25,"y":2.25}]},"S1,2_wave3":{"translate":[{"time":1.6333,"x":-535.8,"y":524.73}],"scale":[{"time":1.6333,"x":1.999,"y":1.999,"curve":"stepped"},{"time":1.9,"x":1.999,"y":1.999},{"time":2,"x":2.25,"y":2.25}]},"DAMAGEAREA":{"translate":[{"time":0.6333,"x":-212.62,"y":62.12,"curve":"stepped"},{"time":1.5666,"x":-158.82,"y":82.45},{"time":1.6666,"x":-255.66,"y":82.45}],"scale":[{"time":0.6333,"x":1.626,"y":0.903,"curve":"stepped"},{"time":1.5666,"x":1.159,"y":1.164}]},"hand":{"rotate":[{"time":0,"angle":158,"curve":"stepped"},{"time":0.0666,"angle":-133.54}],"translate":[{"time":0,"x":28.06,"y":-9.44,"curve":"stepped"},{"time":0.0666,"x":61.21,"y":16.21}],"scale":[{"time":0,"x":1,"y":-0.996}]},"weapon":{"rotate":[{"time":0,"angle":26.34,"curve":"stepped"},{"time":0.0666,"angle":103.4,"curve":"stepped"},{"time":0.1666,"angle":-3.87,"curve":"stepped"},{"time":0.2666,"angle":-40.9,"curve":"stepped"},{"time":0.3666,"angle":-46.13,"curve":"stepped"},{"time":0.6333,"angle":119.27,"curve":"stepped"},{"time":0.7,"angle":124.54,"curve":"stepped"},{"time":0.7666,"angle":119.31,"curve":"stepped"},{"time":0.9666,"angle":61.12,"curve":"stepped"},{"time":1.0666,"angle":8.65,"curve":"stepped"},{"time":1.1666,"angle":-35.45,"curve":"stepped"},{"time":1.2666,"angle":-39.59}],"translate":[{"time":0,"x":39.74,"y":-20.02,"curve":"stepped"},{"time":0.0666,"x":93.13,"y":-8.11,"curve":"stepped"},{"time":0.1666,"x":-13.64,"y":62.89,"curve":"stepped"},{"time":0.2666,"x":11.28,"y":76.44,"curve":"stepped"},{"time":0.3666,"x":11.88,"y":79.26,"curve":"stepped"},{"time":0.6333,"x":54.61,"y":12.93,"curve":"stepped"},{"time":0.7,"x":47.51,"y":16.48,"curve":"stepped"},{"time":0.7666,"x":54.61,"y":13.43,"curve":"stepped"},{"time":0.9666,"x":-31.7,"y":21.04,"curve":"stepped"},{"time":1.0666,"x":-20.45,"y":51.31,"curve":"stepped"},{"time":1.1666,"x":19.91,"y":66.45,"curve":"stepped"},{"time":1.2666,"x":29.66,"y":62.59}],"scale":[{"time":0.1666,"x":1,"y":-0.814,"curve":"stepped"},{"time":0.6333,"x":1,"y":-1.461,"curve":"stepped"},{"time":0.9666,"x":1,"y":-0.999}]},"SHADOW-OFFSET":{"translate":[{"time":0,"x":-13.92,"y":0,"curve":"stepped"},{"time":0.1666,"x":-13.92,"y":0}]}},"drawOrder":[{"time":0,"offsets":[{"slot":"weapon2","offset":-2}]},{"time":0.1666,"offsets":[{"slot":"MAIN","offset":2}]}],"events":[{"time":0.3333,"name":"Event","float":0.2,"string":"kHitStopType_normal"},{"time":0.6333,"name":"Event","float":0.6,"string":"shakeGround_Loop"},{"time":0.6333,"name":"Sound1","string":"cri_se_battle_monster_hit"},{"time":0.6333,"name":"Sound2","string":"cri_se_battle_026_stab"},{"time":0.7,"name":"Event","float":0.8,"string":"kHitStopType_enemyonly"},{"time":0.7,"name":"Hit","string":"resetHitList"},{"time":0.7666,"name":"Hit","string":"resetHitList"},{"time":1.1666,"name":"Voice","string":"cri_111_voice_skill_all"},{"time":1.5333,"name":"Event","float":0.25,"string":"kHitStopType_normal"},{"time":1.5666,"name":"Event","float":1.5,"string":"shakeGround"},{"time":1.5666,"name":"Hit","string":"resetHitList"},{"time":1.5666,"name":"Sound1","string":"cri_se_battle_monster_hit"},{"time":1.5666,"name":"Sound2","string":"cri_se_battle_026_stab"},{"time":1.5666,"name":"Sound3","string":"cri_se_battle_033_explosion_element_01"},{"time":1.6,"name":"Event","string":"setHitBackEnemy(40,0)"},{"time":1.6333,"name":"Event","float":0.03,"string":"kHitStopType_enemyonly"},{"time":1.6333,"name":"Hit","string":"resetHitList"},{"time":1.7,"name":"Hit","string":"resetHitList"},{"time":1.7666,"name":"Event","int":150,"string":"kImpactType_knock"},{"time":1.7666,"name":"Hit","string":"resetHitList"}]},"skill2":{"slots":{"DAMAGEAREA":{"attachment":[{"time":1.5666,"name":"DAMAGEAREA"},{"time":1.7333,"name":null},{"time":2.0333,"name":"DAMAGEAREA"},{"time":2.2333,"name":null},{"time":2.5333,"name":"DAMAGEAREA"},{"time":2.7333,"name":null},{"time":3.0333,"name":"DAMAGEAREA"},{"time":3.2333,"name":null},{"time":3.5333,"name":"DAMAGEAREA"},{"time":3.9333,"name":null},{"time":4.5333,"name":"DAMAGEAREA"},{"time":4.9,"name":null}]},"EF/5120_S1_wave1/5120_S1_wave1_00001":{"attachment":[{"time":0.3333,"name":"EF/5120_S1_wave1/5120_S1_wave1_00001"},{"time":0.3666,"name":"EF/5120_S1_wave1/5120_S1_wave1_00003"},{"time":0.4,"name":"EF/5120_S1_wave1/5120_S1_wave1_00005"},{"time":0.4333,"name":"EF/5120_S1_wave1/5120_S1_wave1_00007"},{"time":0.4666,"name":"EF/5120_S1_wave1/5120_S1_wave1_00009"},{"time":1.5666,"name":"EF/5120_S1_wave1/5120_S1_wave1_00002"},{"time":1.6,"name":"EF/5120_S1_wave1/5120_S1_wave1_00003"},{"time":1.6333,"name":"EF/5120_S1_wave1/5120_S1_wave1_00004"},{"time":1.6666,"name":"EF/5120_S1_wave1/5120_S1_wave1_00005"},{"time":1.7,"name":"EF/5120_S1_wave1/5120_S1_wave1_00006"},{"time":1.7333,"name":"EF/5120_S1_wave1/5120_S1_wave1_00007"},{"time":1.7666,"name":"EF/5120_S1_wave1/5120_S1_wave1_00008"},{"time":1.8,"name":"EF/5120_S1_wave1/5120_S1_wave1_00009"},{"time":2.0333,"name":"EF/5120_S1_wave1/5120_S1_wave1_00002"},{"time":2.0666,"name":"EF/5120_S1_wave1/5120_S1_wave1_00003"},{"time":2.1,"name":"EF/5120_S1_wave1/5120_S1_wave1_00004"},{"time":2.1333,"name":"EF/5120_S1_wave1/5120_S1_wave1_00005"},{"time":2.1666,"name":"EF/5120_S1_wave1/5120_S1_wave1_00006"},{"time":2.2,"name":"EF/5120_S1_wave1/5120_S1_wave1_00007"},{"time":2.2333,"name":"EF/5120_S1_wave1/5120_S1_wave1_00008"},{"time":2.2666,"name":"EF/5120_S1_wave1/5120_S1_wave1_00009"},{"time":2.5333,"name":"EF/5120_S1_wave1/5120_S1_wave1_00002"},{"time":2.5666,"name":"EF/5120_S1_wave1/5120_S1_wave1_00003"},{"time":2.6,"name":"EF/5120_S1_wave1/5120_S1_wave1_00004"},{"time":2.6333,"name":"EF/5120_S1_wave1/5120_S1_wave1_00005"},{"time":2.6666,"name":"EF/5120_S1_wave1/5120_S1_wave1_00006"},{"time":2.7,"name":"EF/5120_S1_wave1/5120_S1_wave1_00007"},{"time":2.7333,"name":"EF/5120_S1_wave1/5120_S1_wave1_00008"},{"time":2.7666,"name":"EF/5120_S1_wave1/5120_S1_wave1_00009"},{"time":3.0333,"name":"EF/5120_S1_wave1/5120_S1_wave1_00002"},{"time":3.0666,"name":"EF/5120_S1_wave1/5120_S1_wave1_00003"},{"time":3.1,"name":"EF/5120_S1_wave1/5120_S1_wave1_00004"},{"time":3.1333,"name":"EF/5120_S1_wave1/5120_S1_wave1_00005"},{"time":3.1666,"name":"EF/5120_S1_wave1/5120_S1_wave1_00006"},{"time":3.2,"name":"EF/5120_S1_wave1/5120_S1_wave1_00007"},{"time":3.2333,"name":"EF/5120_S1_wave1/5120_S1_wave1_00008"},{"time":3.2666,"name":"EF/5120_S1_wave1/5120_S1_wave1_00009"},{"time":3.5333,"name":"EF/5120_S1_wave1/5120_S1_wave1_00002"},{"time":3.5666,"name":"EF/5120_S1_wave1/5120_S1_wave1_00003"},{"time":3.6,"name":"EF/5120_S1_wave1/5120_S1_wave1_00004"},{"time":3.6333,"name":"EF/5120_S1_wave1/5120_S1_wave1_00005"},{"time":3.6666,"name":"EF/5120_S1_wave1/5120_S1_wave1_00006"},{"time":3.7,"name":"EF/5120_S1_wave1/5120_S1_wave1_00007"},{"time":3.7333,"name":"EF/5120_S1_wave1/5120_S1_wave1_00008"},{"time":3.7666,"name":"EF/5120_S1_wave1/5120_S1_wave1_00009"},{"time":4.5333,"name":"EF/5120_S1_wave1/5120_S1_wave1_00002"},{"time":4.5666,"name":"EF/5120_S1_wave1/5120_S1_wave1_00003"},{"time":4.6,"name":"EF/5120_S1_wave1/5120_S1_wave1_00004"},{"time":4.6333,"name":"EF/5120_S1_wave1/5120_S1_wave1_00005"},{"time":4.6666,"name":"EF/5120_S1_wave1/5120_S1_wave1_00006"},{"time":4.7,"name":"EF/5120_S1_wave1/5120_S1_wave1_00007"},{"time":4.7333,"name":"EF/5120_S1_wave1/5120_S1_wave1_00008"},{"time":4.7666,"name":"EF/5120_S1_wave1/5120_S1_wave1_00009"}],"color":[{"time":0.4666,"color":"ffffffff"},{"time":0.5666,"color":"ffffff00","curve":"stepped"},{"time":1.5666,"color":"ffffffff","curve":"stepped"},{"time":1.8,"color":"ffffffff"},{"time":1.8666,"color":"ffffff00","curve":"stepped"},{"time":2.0333,"color":"ffffffff","curve":"stepped"},{"time":2.2666,"color":"ffffffff"},{"time":2.3333,"color":"ffffff00","curve":"stepped"},{"time":2.5333,"color":"ffffffff","curve":"stepped"},{"time":2.7666,"color":"ffffffff","curve":"stepped"},{"time":2.8333,"color":"ffffff00","curve":"stepped"},{"time":3.0333,"color":"ffffffff","curve":"stepped"},{"time":3.2666,"color":"ffffffff"},{"time":3.3333,"color":"ffffff00","curve":"stepped"},{"time":3.5333,"color":"ffffffff","curve":"stepped"},{"time":3.7666,"color":"ffffffff"},{"time":3.8333,"color":"ffffff00","curve":"stepped"},{"time":4.5333,"color":"ffffffff","curve":"stepped"},{"time":4.7666,"color":"ffffffff"},{"time":4.8666,"color":"ffffff00"}]},"EF/5120_S1_wave1/5120_S1_wave1_1":{"attachment":[{"time":1.5666,"name":"EF/5120_S1_wave1/5120_S1_wave1_00001"},{"time":1.6,"name":"EF/5120_S1_wave1/5120_S1_wave1_00002"},{"time":1.6333,"name":"EF/5120_S1_wave1/5120_S1_wave1_00003"},{"time":1.6666,"name":"EF/5120_S1_wave1/5120_S1_wave1_00004"},{"time":1.7,"name":"EF/5120_S1_wave1/5120_S1_wave1_00005"},{"time":1.7333,"name":"EF/5120_S1_wave1/5120_S1_wave1_00006"},{"time":1.7666,"name":"EF/5120_S1_wave1/5120_S1_wave1_00007"},{"time":1.8,"name":"EF/5120_S1_wave1/5120_S1_wave1_00009"},{"time":2.0333,"name":"EF/5120_S1_wave1/5120_S1_wave1_00001"},{"time":2.0666,"name":"EF/5120_S1_wave1/5120_S1_wave1_00002"},{"time":2.1,"name":"EF/5120_S1_wave1/5120_S1_wave1_00003"},{"time":2.1333,"name":"EF/5120_S1_wave1/5120_S1_wave1_00004"},{"time":2.1666,"name":"EF/5120_S1_wave1/5120_S1_wave1_00005"},{"time":2.2,"name":"EF/5120_S1_wave1/5120_S1_wave1_00006"},{"time":2.2333,"name":"EF/5120_S1_wave1/5120_S1_wave1_00007"},{"time":2.2666,"name":"EF/5120_S1_wave1/5120_S1_wave1_00008"},{"time":2.3,"name":"EF/5120_S1_wave1/5120_S1_wave1_00009"},{"time":2.5333,"name":"EF/5120_S1_wave1/5120_S1_wave1_00001"},{"time":2.5666,"name":"EF/5120_S1_wave1/5120_S1_wave1_00002"},{"time":2.6,"name":"EF/5120_S1_wave1/5120_S1_wave1_00003"},{"time":2.6333,"name":"EF/5120_S1_wave1/5120_S1_wave1_00004"},{"time":2.6666,"name":"EF/5120_S1_wave1/5120_S1_wave1_00005"},{"time":2.7,"name":"EF/5120_S1_wave1/5120_S1_wave1_00006"},{"time":2.7333,"name":"EF/5120_S1_wave1/5120_S1_wave1_00007"},{"time":2.7666,"name":"EF/5120_S1_wave1/5120_S1_wave1_00008"},{"time":2.8,"name":"EF/5120_S1_wave1/5120_S1_wave1_00009"},{"time":3.0333,"name":"EF/5120_S1_wave1/5120_S1_wave1_00001"},{"time":3.0666,"name":"EF/5120_S1_wave1/5120_S1_wave1_00002"},{"time":3.1,"name":"EF/5120_S1_wave1/5120_S1_wave1_00003"},{"time":3.1333,"name":"EF/5120_S1_wave1/5120_S1_wave1_00004"},{"time":3.1666,"name":"EF/5120_S1_wave1/5120_S1_wave1_00005"},{"time":3.2,"name":"EF/5120_S1_wave1/5120_S1_wave1_00006"},{"time":3.2333,"name":"EF/5120_S1_wave1/5120_S1_wave1_00007"},{"time":3.2666,"name":"EF/5120_S1_wave1/5120_S1_wave1_00008"},{"time":3.3,"name":"EF/5120_S1_wave1/5120_S1_wave1_00009"},{"time":3.5333,"name":"EF/5120_S1_wave1/5120_S1_wave1_00001"},{"time":3.5666,"name":"EF/5120_S1_wave1/5120_S1_wave1_00002"},{"time":3.6,"name":"EF/5120_S1_wave1/5120_S1_wave1_00003"},{"time":3.6333,"name":"EF/5120_S1_wave1/5120_S1_wave1_00004"},{"time":3.6666,"name":"EF/5120_S1_wave1/5120_S1_wave1_00005"},{"time":3.7,"name":"EF/5120_S1_wave1/5120_S1_wave1_00006"},{"time":3.7333,"name":"EF/5120_S1_wave1/5120_S1_wave1_00007"},{"time":3.7666,"name":"EF/5120_S1_wave1/5120_S1_wave1_00008"},{"time":3.8,"name":"EF/5120_S1_wave1/5120_S1_wave1_00009"}],"color":[{"time":1.5666,"color":"ffffffff","curve":"stepped"},{"time":1.8,"color":"ffffffff"},{"time":1.9333,"color":"ffffff00","curve":"stepped"},{"time":2.0333,"color":"ffffffff","curve":"stepped"},{"time":2.3,"color":"ffffffff"},{"time":2.4,"color":"ffffff00","curve":"stepped"},{"time":2.5333,"color":"ffffffff","curve":"stepped"},{"time":2.8,"color":"ffffffff","curve":"stepped"},{"time":2.9,"color":"ffffff00","curve":"stepped"},{"time":3.0333,"color":"ffffffff","curve":"stepped"},{"time":3.3,"color":"ffffffff"},{"time":3.4,"color":"ffffff00","curve":"stepped"},{"time":3.5333,"color":"ffffffff","curve":"stepped"},{"time":3.8,"color":"ffffffff"},{"time":3.9,"color":"ffffff00"}]},"MAIN":{"attachment":[{"time":0,"name":"skill2_00"},{"time":0.1,"name":"skill2_01"},{"time":0.2,"name":"skill2_02"},{"time":0.3333,"name":"skill2_03"},{"time":0.3666,"name":"skill2_04"},{"time":0.4666,"name":"skill2_05"},{"time":0.5666,"name":"skill2_06"},{"time":0.7666,"name":"skill2_07"},{"time":0.8,"name":"skill2_08"},{"time":0.8333,"name":"skill2_09"},{"time":1.3666,"name":"skill2_10"},{"time":1.4,"name":"skill2_11"},{"time":1.4666,"name":"skill2_12"},{"time":1.5666,"name":"skill2_13"},{"time":1.6,"name":"skill2_14"},{"time":1.6333,"name":"skill2_15"},{"time":1.7333,"name":"skill2_17"},{"time":1.8,"name":"skill2_18"},{"time":1.8666,"name":"skill2_19"},{"time":2.0333,"name":"skill2_21"},{"time":2.1,"name":"skill2_22"},{"time":2.1666,"name":"skill2_23"},{"time":2.3333,"name":"skill2_10"},{"time":2.3666,"name":"skill2_11"},{"time":2.4333,"name":"skill2_12"},{"time":2.5333,"name":"skill2_13"},{"time":2.5666,"name":"skill2_14"},{"time":2.6,"name":"skill2_15"},{"time":2.7,"name":"skill2_17"},{"time":2.7666,"name":"skill2_18"},{"time":2.8333,"name":"skill2_19"},{"time":3,"name":"skill2_21"},{"time":3.0666,"name":"skill2_22"},{"time":3.1333,"name":"skill2_23"},{"time":3.2333,"name":"skill2_10"},{"time":3.3333,"name":"skill2_11"},{"time":3.4333,"name":"skill2_12"},{"time":3.5333,"name":"skill2_13"},{"time":3.5666,"name":"skill2_14"},{"time":3.6,"name":"skill2_15"},{"time":3.9333,"name":"skill2_24"},{"time":4,"name":"skill2_25"},{"time":4.1333,"name":"skill2_26"},{"time":4.5333,"name":"skill2_28"},{"time":4.5666,"name":"skill2_29"},{"time":4.6333,"name":"skill2_30"},{"time":5.5333,"name":"skill2_24"}]},"hand":{"attachment":[{"time":0,"name":null}]},"weapon":{"attachment":[{"time":0,"name":null}]},"weapon2":{"attachment":[{"time":0,"name":null}]},"weapon_summons_chain_4":{"attachment":[{"time":0.3333,"name":"weapon_summons_chain_1"}]},"weapon_summons_chain_5":{"attachment":[{"time":0.3333,"name":"weapon_summons_chain_3"}]},"weapon_summons_chain_6":{"attachment":[{"time":0.3333,"name":"weapon_summons_chain_2"}]},"weapon_summons_chain_7":{"attachment":[{"time":0.3333,"name":"weapon_summons_chain_1"},{"time":2.0333,"name":null},{"time":2.3333,"name":"weapon_summons_chain_1"},{"time":3,"name":null},{"time":3.2333,"name":"weapon_summons_chain_1"}]},"weapon_summons_chain_8":{"attachment":[{"time":0.3333,"name":"weapon_summons_chain_3"},{"time":2.0333,"name":null},{"time":2.3333,"name":"weapon_summons_chain_3"},{"time":3,"name":null},{"time":3.2333,"name":"weapon_summons_chain_3"}]},"weapon_summons_chain_9":{"attachment":[{"time":0.3333,"name":"weapon_summons_chain_2"},{"time":2.0333,"name":null},{"time":2.3333,"name":"weapon_summons_chain_2"},{"time":3,"name":null},{"time":3.2333,"name":"weapon_summons_chain_2"}]},"weapon_summons_chain_10":{"attachment":[{"time":2.0333,"name":"weapon_summons_chain_1"},{"time":2.3333,"name":null},{"time":3,"name":"weapon_summons_chain_1"},{"time":3.2333,"name":null}]},"weapon_summons_chain_11":{"attachment":[{"time":2.0333,"name":"weapon_summons_chain_3"},{"time":2.3333,"name":null}]},"weapon_summons_chain_12":{"attachment":[{"time":2.0333,"name":"weapon_summons_chain_2"},{"time":2.3333,"name":null}]},"weapon_summons_f2":{"attachment":[{"time":2.0333,"name":"weapon_summons_f"},{"time":2.3333,"name":null},{"time":3,"name":"weapon_summons_f"},{"time":3.2333,"name":null}]},"weapon_summons_n":{"attachment":[{"time":0.3333,"name":"weapon_summons_n"}]},"weapon_summons_n2":{"attachment":[{"time":0.3333,"name":"weapon_summons_n"},{"time":2.0333,"name":null},{"time":2.3333,"name":"weapon_summons_n"},{"time":3,"name":null},{"time":3.2333,"name":"weapon_summons_n"}]}},"bones":{"MAIN":{"translate":[{"time":1.5666,"x":0,"y":0,"curve":[0.152,0.35,0.75,0.97]},{"time":1.6666,"x":-30,"y":0,"curve":"stepped"},{"time":2.0333,"x":-30,"y":0,"curve":[0.25,0,0.75,1]},{"time":2.1333,"x":-60,"y":0,"curve":"stepped"},{"time":2.5333,"x":-60,"y":0,"curve":[0.25,0,0.75,1]},{"time":2.6333,"x":-90,"y":0,"curve":"stepped"},{"time":3.0333,"x":-90,"y":0,"curve":[0.179,0.35,0.75,1]},{"time":3.1333,"x":-120,"y":0,"curve":"stepped"},{"time":3.5333,"x":-120,"y":0,"curve":[0.2,0.43,0.75,1]},{"time":3.6666,"x":-150,"y":0,"curve":"stepped"},{"time":3.9333,"x":-100,"y":0,"curve":"stepped"},{"time":4.5333,"x":-165,"y":0,"curve":[0.182,0.32,0.748,0.95]},{"time":4.6666,"x":-175,"y":0}]},"S1,2_wave1":{"translate":[{"time":0.3333,"x":-270.81,"y":416.89,"curve":"stepped"},{"time":1.5666,"x":-267.65,"y":418.24,"curve":"stepped"},{"time":2.0333,"x":-293.69,"y":418.24,"curve":"stepped"},{"time":2.5333,"x":-325.93,"y":418.24,"curve":"stepped"},{"time":3.0333,"x":-353.86,"y":418.24,"curve":"stepped"},{"time":3.5333,"x":-385.87,"y":418.24,"curve":"stepped"},{"time":4.5333,"x":-421.03,"y":419.37}],"scale":[{"time":0.3333,"x":1.751,"y":1.751,"curve":"stepped"},{"time":0.4666,"x":1.751,"y":1.751,"curve":[0.25,0,0.75,1]},{"time":0.5666,"x":2.5,"y":2.5,"curve":"stepped"},{"time":1.5666,"x":1.5,"y":1.5,"curve":"stepped"},{"time":4.5333,"x":1.5,"y":1.5,"curve":"stepped"},{"time":4.7666,"x":1.5,"y":1.5},{"time":4.8666,"x":1.65,"y":1.65}]},"S1,2_wave2":{"translate":[{"time":1.5666,"x":-475.97,"y":478.04,"curve":"stepped"},{"time":2.0333,"x":-486.46,"y":478.04,"curve":"stepped"},{"time":2.5333,"x":-521.23,"y":478.04,"curve":"stepped"},{"time":3.0333,"x":-555.52,"y":478.04,"curve":"stepped"},{"time":3.5333,"x":-566.85,"y":478.04}],"scale":[{"time":1.5666,"x":1.8,"y":1.8},{"time":1.8,"x":1.85,"y":1.85},{"time":1.9333,"x":2,"y":2,"curve":"stepped"},{"time":2.0333,"x":1.8,"y":1.8},{"time":2.3,"x":1.85,"y":1.85},{"time":2.4,"x":2,"y":2,"curve":"stepped"},{"time":2.5333,"x":1.8,"y":1.8},{"time":2.8,"x":1.85,"y":1.85},{"time":2.9,"x":2,"y":2,"curve":"stepped"},{"time":3.0333,"x":1.8,"y":1.8},{"time":3.3,"x":1.85,"y":1.85},{"time":3.4,"x":2,"y":2,"curve":"stepped"},{"time":3.5333,"x":1.8,"y":1.8},{"time":3.8,"x":1.85,"y":1.85},{"time":3.9,"x":2,"y":2}]},"DAMAGEAREA":{"translate":[{"time":1.5666,"x":-127.92,"y":75.32},{"time":3.5333,"x":-263.03,"y":75.32,"curve":"stepped"},{"time":4.5333,"x":-332.37,"y":75.32},{"time":4.7666,"x":-444.76,"y":95.64}],"scale":[{"time":1.5666,"x":1.679,"y":0.928},{"time":3.5333,"x":1.883,"y":0.928,"curve":"stepped"},{"time":4.5333,"x":1.987,"y":0.928},{"time":4.7666,"x":3.032,"y":1.205}]},"weapon_1_1":{"rotate":[{"time":0.3333,"angle":-120.43,"curve":"stepped"},{"time":0.3666,"angle":-152.36,"curve":"stepped"},{"time":0.7666,"angle":154,"curve":"stepped"},{"time":0.8,"angle":171.05,"curve":"stepped"},{"time":0.8333,"angle":-169.85,"curve":"stepped"},{"time":1.3666,"angle":-20.07,"curve":"stepped"},{"time":1.4,"angle":-3.76,"curve":"stepped"},{"time":1.4666,"angle":13.68,"curve":"stepped"},{"time":1.5666,"angle":62.48,"curve":"stepped"},{"time":1.6,"angle":76.3,"curve":"stepped"},{"time":1.6333,"angle":62.59,"curve":"stepped"},{"time":1.7333,"angle":-129.61,"curve":"stepped"},{"time":1.8,"angle":-168.2,"curve":"stepped"},{"time":1.8666,"angle":157.35,"curve":"stepped"},{"time":2.0333,"angle":5.08,"curve":"stepped"},{"time":2.1,"angle":-1.3,"curve":"stepped"},{"time":2.1666,"angle":5.54,"curve":"stepped"},{"time":2.3333,"angle":-20.07,"curve":"stepped"},{"time":2.3666,"angle":-3.76,"curve":"stepped"},{"time":2.4333,"angle":13.68,"curve":"stepped"},{"time":2.5333,"angle":62.48,"curve":"stepped"},{"time":2.5666,"angle":76.3,"curve":"stepped"},{"time":2.6,"angle":62.59,"curve":"stepped"},{"time":2.7,"angle":-129.61,"curve":"stepped"},{"time":2.7666,"angle":-168.2,"curve":"stepped"},{"time":2.8333,"angle":157.35,"curve":"stepped"},{"time":3,"angle":5.08,"curve":"stepped"},{"time":3.0666,"angle":-1.3,"curve":"stepped"},{"time":3.1333,"angle":5.54,"curve":"stepped"},{"time":3.2333,"angle":-20.07,"curve":"stepped"},{"time":3.3333,"angle":-3.76,"curve":"stepped"},{"time":3.4333,"angle":13.68,"curve":"stepped"},{"time":3.5333,"angle":62.48,"curve":"stepped"},{"time":3.5666,"angle":76.3,"curve":"stepped"},{"time":3.6,"angle":62.59,"curve":"stepped"},{"time":3.9333,"angle":26.54,"curve":"stepped"},{"time":4,"angle":13.02,"curve":"stepped"},{"time":4.1333,"angle":-16.41,"curve":"stepped"},{"time":4.5333,"angle":-169.8,"curve":"stepped"},{"time":4.5666,"angle":-176.41}],"translate":[{"time":0.3333,"x":123.42,"y":42.96,"curve":"stepped"},{"time":0.3666,"x":152.55,"y":38.61,"curve":"stepped"},{"time":0.7666,"x":192.09,"y":-47,"curve":"stepped"},{"time":0.8,"x":193.83,"y":-34.02,"curve":"stepped"},{"time":0.8333,"x":195.83,"y":-18.88,"curve":"stepped"},{"time":1.3666,"x":82.29,"y":-38.77,"curve":"stepped"},{"time":1.4,"x":87.24,"y":-42.79,"curve":"stepped"},{"time":1.4666,"x":101.35,"y":-44.99,"curve":"stepped"},{"time":1.5666,"x":152.67,"y":14.68,"curve":"stepped"},{"time":1.6,"x":142.55,"y":18.48,"curve":"stepped"},{"time":1.6333,"x":150.87,"y":16.03,"curve":"stepped"},{"time":1.6666,"x":151.34,"y":17.34,"curve":"stepped"},{"time":1.7333,"x":94.28,"y":29.98,"curve":"stepped"},{"time":1.8,"x":158.57,"y":39.06,"curve":"stepped"},{"time":1.8666,"x":166.54,"y":13.03,"curve":"stepped"},{"time":2.0333,"x":19.5,"y":-59.67,"curve":"stepped"},{"time":2.1,"x":19.84,"y":-61.65,"curve":"stepped"},{"time":2.1666,"x":20.31,"y":-62.76,"curve":"stepped"},{"time":2.3333,"x":82.25,"y":-38.76,"curve":"stepped"},{"time":2.3666,"x":86.95,"y":-42.79,"curve":"stepped"},{"time":2.4333,"x":100.86,"y":-45.11,"curve":"stepped"},{"time":2.5333,"x":152.95,"y":14.52,"curve":"stepped"},{"time":2.5666,"x":142.28,"y":18.6,"curve":"stepped"},{"time":2.6,"x":150.65,"y":15.9,"curve":"stepped"},{"time":2.6333,"x":151.42,"y":17.13,"curve":"stepped"},{"time":2.7,"x":94.24,"y":30.04,"curve":"stepped"},{"time":2.7666,"x":158.42,"y":38.99,"curve":"stepped"},{"time":2.8333,"x":166.6,"y":13.44,"curve":"stepped"},{"time":3,"x":19.46,"y":-59.65,"curve":"stepped"},{"time":3.0666,"x":19.78,"y":-61.55,"curve":"stepped"},{"time":3.1333,"x":20.23,"y":-62.73,"curve":"stepped"},{"time":3.2333,"x":82.48,"y":-38.7,"curve":"stepped"},{"time":3.3333,"x":87.34,"y":-42.79,"curve":"stepped"},{"time":3.4333,"x":100.55,"y":-45.41,"curve":"stepped"},{"time":3.5333,"x":152.92,"y":14.93,"curve":"stepped"},{"time":3.5666,"x":142.33,"y":18.49,"curve":"stepped"},{"time":3.6,"x":150.76,"y":16.06,"curve":"stepped"},{"time":3.6333,"x":151.45,"y":17.37,"curve":"stepped"},{"time":3.9333,"x":150.58,"y":46.29,"curve":"stepped"},{"time":4,"x":156.75,"y":40.93,"curve":"stepped"},{"time":4.1333,"x":180.58,"y":22.41,"curve":"stepped"},{"time":4.5333,"x":44,"y":-61.63,"curve":"stepped"},{"time":4.5666,"x":47.44,"y":-59.96,"curve":"stepped"},{"time":4.6333,"x":48.42,"y":-57.37}],"scale":[{"time":1.3666,"x":1,"y":1,"curve":"stepped"},{"time":1.5666,"x":-1,"y":1,"curve":"stepped"},{"time":1.7333,"x":1,"y":1,"curve":"stepped"},{"time":2.3333,"x":1,"y":1,"curve":"stepped"},{"time":2.5333,"x":-1,"y":1,"curve":"stepped"},{"time":2.7,"x":1,"y":1,"curve":"stepped"},{"time":3.2333,"x":1,"y":1,"curve":"stepped"},{"time":3.5333,"x":-1,"y":1,"curve":"stepped"},{"time":4,"x":-1,"y":-1}]},"kusari2":{"rotate":[{"time":0.7666,"angle":-21.31,"curve":"stepped"},{"time":0.8333,"angle":19.38,"curve":"stepped"},{"time":0.8666,"angle":34.66,"curve":"stepped"},{"time":1.3666,"angle":-170.71,"curve":"stepped"},{"time":1.4666,"angle":159.81,"curve":"stepped"},{"time":1.5666,"angle":178.35,"curve":"stepped"},{"time":1.6,"angle":164.54,"curve":"stepped"},{"time":1.6333,"angle":164.41,"curve":"stepped"},{"time":1.7333,"angle":179,"curve":"stepped"},{"time":2.3333,"angle":-170.71,"curve":"stepped"},{"time":2.4333,"angle":159.81,"curve":"stepped"},{"time":2.5333,"angle":178.35,"curve":"stepped"},{"time":2.5666,"angle":164.54,"curve":"stepped"},{"time":2.6,"angle":164.41,"curve":"stepped"},{"time":2.7,"angle":179,"curve":"stepped"},{"time":3.2333,"angle":-170.71,"curve":"stepped"},{"time":3.4333,"angle":159.81,"curve":"stepped"},{"time":3.5,"angle":178.35,"curve":"stepped"},{"time":3.5333,"angle":164.54,"curve":"stepped"},{"time":3.5666,"angle":164.41,"curve":"stepped"},{"time":4,"angle":4.08,"curve":"stepped"},{"time":4.5333,"angle":-25.3}],"translate":[{"time":1.3666,"x":-2.04,"y":-0.74,"curve":"stepped"},{"time":1.4666,"x":-1.79,"y":-4.81,"curve":"stepped"},{"time":2.3333,"x":-2.04,"y":-0.74,"curve":"stepped"},{"time":2.4333,"x":-1.79,"y":-4.81,"curve":"stepped"},{"time":3.2333,"x":-2.04,"y":-0.74,"curve":"stepped"},{"time":3.4333,"x":-1.79,"y":-4.81}],"scale":[{"time":1.3666,"x":1,"y":1,"curve":"stepped"},{"time":2.3333,"x":1,"y":1,"curve":"stepped"},{"time":3.2333,"x":1,"y":1}]},"bone5":{"rotate":[{"time":0.7666,"angle":-21.81,"curve":"stepped"},{"time":0.8333,"angle":27.22,"curve":"stepped"},{"time":1.3666,"angle":27.22,"curve":"stepped"},{"time":1.4,"angle":19.62,"curve":"stepped"},{"time":1.4666,"angle":0,"curve":"stepped"},{"time":1.5666,"angle":18.94,"curve":"stepped"},{"time":1.6,"angle":-15.25,"curve":"stepped"},{"time":2.3333,"angle":27.22,"curve":"stepped"},{"time":2.3666,"angle":19.62,"curve":"stepped"},{"time":2.4333,"angle":0,"curve":"stepped"},{"time":2.5333,"angle":18.94,"curve":"stepped"},{"time":2.5666,"angle":-15.25}],"translate":[{"time":1.3666,"x":0,"y":0,"curve":"stepped"},{"time":2.3333,"x":0,"y":0}],"scale":[{"time":1.3666,"x":1,"y":1,"curve":"stepped"},{"time":2.3333,"x":1,"y":1}]},"bone6":{"rotate":[{"time":0.7666,"angle":-22.81,"curve":"stepped"},{"time":0.8333,"angle":6.57,"curve":"stepped"},{"time":1.3666,"angle":6.57,"curve":"stepped"},{"time":1.4,"angle":-8.89,"curve":"stepped"},{"time":1.4666,"angle":-22.14,"curve":"stepped"},{"time":1.5666,"angle":10.66,"curve":"stepped"},{"time":1.6,"angle":-8.13,"curve":"stepped"},{"time":2.3333,"angle":6.57,"curve":"stepped"},{"time":2.3666,"angle":-8.89,"curve":"stepped"},{"time":2.4333,"angle":-22.14,"curve":"stepped"},{"time":2.5333,"angle":10.66,"curve":"stepped"},{"time":2.5666,"angle":-8.13}],"translate":[{"time":1.3666,"x":0,"y":0,"curve":"stepped"},{"time":2.3333,"x":0,"y":0}],"scale":[{"time":1.3666,"x":1,"y":1,"curve":"stepped"},{"time":2.3333,"x":1,"y":1}]},"weapon_1_2":{"rotate":[{"time":0.3333,"angle":-112.94,"curve":"stepped"},{"time":0.3666,"angle":-152.97,"curve":"stepped"},{"time":0.7666,"angle":-154.84,"curve":"stepped"},{"time":0.8,"angle":-170.52,"curve":"stepped"},{"time":0.8333,"angle":169.92,"curve":"stepped"},{"time":1.3666,"angle":173.74,"curve":"stepped"},{"time":1.4,"angle":156.49,"curve":"stepped"},{"time":1.4666,"angle":147.69,"curve":"stepped"},{"time":1.5666,"angle":7.98,"curve":"stepped"},{"time":1.6,"angle":0.09,"curve":"stepped"},{"time":1.6333,"angle":8.47,"curve":"stepped"},{"time":1.6666,"angle":7.8,"curve":"stepped"},{"time":1.7333,"angle":-21.55,"curve":"stepped"},{"time":1.8,"angle":-31.85,"curve":"stepped"},{"time":1.8666,"angle":-39.73,"curve":"stepped"},{"time":2.3333,"angle":173.74,"curve":"stepped"},{"time":2.3666,"angle":156.49,"curve":"stepped"},{"time":2.4333,"angle":147.69,"curve":"stepped"},{"time":2.5333,"angle":7.98,"curve":"stepped"},{"time":2.5666,"angle":0.09,"curve":"stepped"},{"time":2.6,"angle":8.47,"curve":"stepped"},{"time":2.6333,"angle":7.8,"curve":"stepped"},{"time":2.7,"angle":-21.55,"curve":"stepped"},{"time":2.7666,"angle":-31.85,"curve":"stepped"},{"time":2.8333,"angle":-39.73,"curve":"stepped"},{"time":3.2333,"angle":173.74,"curve":"stepped"},{"time":3.3333,"angle":156.49,"curve":"stepped"},{"time":3.4333,"angle":147.69,"curve":"stepped"},{"time":3.5333,"angle":7.98,"curve":"stepped"},{"time":3.5666,"angle":0.09,"curve":"stepped"},{"time":3.6,"angle":8.47,"curve":"stepped"},{"time":3.6333,"angle":7.8,"curve":"stepped"},{"time":3.9333,"angle":-152.66,"curve":"stepped"},{"time":4,"angle":-165.86,"curve":"stepped"},{"time":4.1333,"angle":163.9,"curve":"stepped"},{"time":4.5333,"angle":10.6,"curve":"stepped"},{"time":4.5666,"angle":1.94}],"translate":[{"time":0.3333,"x":214.81,"y":64.16,"curve":"stepped"},{"time":0.3666,"x":240.47,"y":51.43,"curve":"stepped"},{"time":0.7666,"x":156.38,"y":-56.84,"curve":"stepped"},{"time":0.8,"x":145.91,"y":-36.32,"curve":"stepped"},{"time":0.8333,"x":146.27,"y":-22.05,"curve":"stepped"},{"time":1.3666,"x":248.39,"y":33.85,"curve":"stepped"},{"time":1.4,"x":257.62,"y":27.1,"curve":"stepped"},{"time":1.4666,"x":262.62,"y":21.39,"curve":"stepped"},{"time":1.5666,"x":135.27,"y":-54.81,"curve":"stepped"},{"time":1.6,"x":142.95,"y":-61.93,"curve":"stepped"},{"time":1.6333,"x":143.54,"y":-59.91,"curve":"stepped"},{"time":1.6666,"x":143.19,"y":-60.33,"curve":"stepped"},{"time":1.7333,"x":172.07,"y":-33.55,"curve":"stepped"},{"time":1.8,"x":175.47,"y":-20.42,"curve":"stepped"},{"time":1.8666,"x":178.28,"y":-14.58,"curve":"stepped"},{"time":2.0333,"x":93.77,"y":33.84,"curve":"stepped"},{"time":2.3333,"x":248.6,"y":33.6,"curve":"stepped"},{"time":2.3666,"x":257.85,"y":27.33,"curve":"stepped"},{"time":2.4333,"x":262.66,"y":21.65,"curve":"stepped"},{"time":2.5333,"x":135.16,"y":-55.09,"curve":"stepped"},{"time":2.5666,"x":143.14,"y":-61.67,"curve":"stepped"},{"time":2.6,"x":143.35,"y":-60.02,"curve":"stepped"},{"time":2.6333,"x":143.43,"y":-60.07,"curve":"stepped"},{"time":2.7,"x":171.9,"y":-33.74,"curve":"stepped"},{"time":2.7666,"x":175.68,"y":-20.64,"curve":"stepped"},{"time":2.8333,"x":178.31,"y":-14.46,"curve":"stepped"},{"time":3,"x":93.77,"y":33.84,"curve":"stepped"},{"time":3.2333,"x":248.34,"y":33.44,"curve":"stepped"},{"time":3.3333,"x":257.6,"y":27.29,"curve":"stepped"},{"time":3.4333,"x":262.63,"y":21.36,"curve":"stepped"},{"time":3.5333,"x":135.52,"y":-55.38,"curve":"stepped"},{"time":3.5666,"x":143.07,"y":-61.92,"curve":"stepped"},{"time":3.6,"x":143.47,"y":-59.86,"curve":"stepped"},{"time":3.6333,"x":143.43,"y":-60.19,"curve":"stepped"},{"time":3.9333,"x":237.19,"y":53.14,"curve":"stepped"},{"time":4,"x":255.22,"y":52.09,"curve":"stepped"},{"time":4.1333,"x":269.57,"y":34.57,"curve":"stepped"},{"time":4.5333,"x":144.21,"y":-55.14,"curve":"stepped"},{"time":4.5666,"x":143.21,"y":-61.19,"curve":"stepped"},{"time":4.6333,"x":143.27,"y":-60.08}],"scale":[{"time":0.7666,"x":-1,"y":1,"curve":"stepped"},{"time":1.3666,"x":1,"y":1,"curve":"stepped"},{"time":2.3333,"x":1,"y":1,"curve":"stepped"},{"time":3.2333,"x":1,"y":1}]},"kusari3":{"rotate":[{"time":0.7666,"angle":-22.6,"curve":"stepped"},{"time":0.8333,"angle":35.64,"curve":"stepped"},{"time":0.8666,"angle":52.08,"curve":"stepped"},{"time":1.3666,"angle":52.08,"curve":"stepped"},{"time":1.5666,"angle":-17.85,"curve":"stepped"},{"time":1.8,"angle":-171.84,"curve":"stepped"},{"time":2.3333,"angle":52.08,"curve":"stepped"},{"time":2.5333,"angle":-17.85,"curve":"stepped"},{"time":2.7666,"angle":-171.84,"curve":"stepped"},{"time":3.2333,"angle":52.08,"curve":"stepped"},{"time":3.5,"angle":-17.85,"curve":"stepped"},{"time":4.5333,"angle":-28.44}],"translate":[{"time":0.3666,"x":0.17,"y":-3.64,"curve":"stepped"},{"time":1.3666,"x":0.17,"y":-3.64,"curve":"stepped"},{"time":2.3333,"x":0.17,"y":-3.64,"curve":"stepped"},{"time":3.2333,"x":0.17,"y":-3.64}],"scale":[{"time":1.3666,"x":1,"y":1,"curve":"stepped"},{"time":2.3333,"x":1,"y":1,"curve":"stepped"},{"time":3.2333,"x":1,"y":1}]},"bone7":{"rotate":[{"time":0.7666,"angle":-26.12,"curve":"stepped"},{"time":0.8333,"angle":22.77,"curve":"stepped"},{"time":1.3666,"angle":22.77,"curve":"stepped"},{"time":1.5666,"angle":-8.11,"curve":"stepped"},{"time":1.8,"angle":7.3,"curve":"stepped"},{"time":2.3333,"angle":22.77,"curve":"stepped"},{"time":2.5333,"angle":-8.11,"curve":"stepped"},{"time":2.7666,"angle":7.3,"curve":"stepped"},{"time":4.5333,"angle":-12.24}],"translate":[{"time":1.3666,"x":0,"y":0,"curve":"stepped"},{"time":2.3333,"x":0,"y":0}],"scale":[{"time":1.3666,"x":1,"y":1,"curve":"stepped"},{"time":2.3333,"x":1,"y":1}]},"bone8":{"rotate":[{"time":0.7666,"angle":-21.67,"curve":"stepped"},{"time":0.8333,"angle":2.79,"curve":"stepped"},{"time":1.3666,"angle":2.79,"curve":"stepped"},{"time":1.5666,"angle":-21.42,"curve":"stepped"},{"time":1.8,"angle":-0.85,"curve":"stepped"},{"time":2.3333,"angle":2.79,"curve":"stepped"},{"time":2.5333,"angle":-21.42,"curve":"stepped"},{"time":2.7666,"angle":-0.85,"curve":"stepped"},{"time":4.5333,"angle":-11.34}],"translate":[{"time":1.3666,"x":0,"y":0,"curve":"stepped"},{"time":2.3333,"x":0,"y":0}],"scale":[{"time":1.3666,"x":1,"y":1,"curve":"stepped"},{"time":2.3333,"x":1,"y":1}]},"weapon_2_2":{"rotate":[{"time":1.3666,"angle":0,"curve":"stepped"},{"time":2.0333,"angle":147.77,"curve":"stepped"},{"time":2.0666,"angle":147.77,"curve":"stepped"},{"time":2.1,"angle":131.35,"curve":"stepped"},{"time":2.1666,"angle":129.31,"curve":"stepped"},{"time":2.3333,"angle":0,"curve":"stepped"},{"time":3,"angle":147.77,"curve":"stepped"},{"time":3.0333,"angle":147.77,"curve":"stepped"},{"time":3.0666,"angle":131.35,"curve":"stepped"},{"time":3.1333,"angle":129.31}],"translate":[{"time":1.3666,"x":0,"y":0,"curve":"stepped"},{"time":2.0333,"x":232.31,"y":133.56,"curve":"stepped"},{"time":2.0666,"x":230.57,"y":134.06,"curve":"stepped"},{"time":2.1,"x":249.89,"y":133.39,"curve":"stepped"},{"time":2.1666,"x":253.22,"y":138.04,"curve":"stepped"},{"time":2.3333,"x":0,"y":0,"curve":"stepped"},{"time":3,"x":232.37,"y":133.54,"curve":"stepped"},{"time":3.0666,"x":250.03,"y":133.41,"curve":"stepped"},{"time":3.1333,"x":253.27,"y":138.1}],"scale":[{"time":1.3666,"x":1,"y":1,"curve":"stepped"},{"time":2.0333,"x":-1,"y":1,"curve":"stepped"},{"time":2.3333,"x":1,"y":1,"curve":"stepped"},{"time":3,"x":-1,"y":1}]},"kusari4":{"rotate":[{"time":1.3666,"angle":0,"curve":"stepped"},{"time":2.0333,"angle":35.16,"curve":"stepped"},{"time":2.1,"angle":-14.03,"curve":"stepped"},{"time":2.3333,"angle":0,"curve":"stepped"},{"time":3,"angle":35.16,"curve":"stepped"},{"time":3.0666,"angle":-14.03}],"translate":[{"time":1.3666,"x":0,"y":0,"curve":"stepped"},{"time":2.3333,"x":0,"y":0}],"scale":[{"time":1.3666,"x":1,"y":1,"curve":"stepped"},{"time":2.3333,"x":1,"y":1}]},"bone9":{"rotate":[{"time":1.3666,"angle":0,"curve":"stepped"},{"time":2.0333,"angle":22.47}],"translate":[{"time":1.3666,"x":0,"y":0}],"scale":[{"time":1.3666,"x":1,"y":1}]},"bone10":{"rotate":[{"time":1.3666,"angle":0,"curve":"stepped"},{"time":2.0333,"angle":22.05}],"translate":[{"time":1.3666,"x":0,"y":0}],"scale":[{"time":1.3666,"x":1,"y":1}]},"weapon_2_1":{"rotate":[{"time":1.3666,"angle":0}],"translate":[{"time":1.3666,"x":0,"y":0}],"scale":[{"time":1.3666,"x":1,"y":1}]},"kusari":{"rotate":[{"time":1.3666,"angle":0}],"translate":[{"time":1.3666,"x":0,"y":0}],"scale":[{"time":1.3666,"x":1,"y":1}]},"bone3":{"rotate":[{"time":1.3666,"angle":0}],"translate":[{"time":1.3666,"x":0,"y":0}],"scale":[{"time":1.3666,"x":1,"y":1}]},"bone4":{"rotate":[{"time":1.3666,"angle":0}],"translate":[{"time":1.3666,"x":0,"y":0}],"scale":[{"time":1.3666,"x":1,"y":1}]},"SHADOW-OFFSET":{"translate":[{"time":4.5333,"x":14.31,"y":0}]}},"drawOrder":[{"time":0,"offsets":[{"slot":"weapon_summons_chain_4","offset":11},{"slot":"weapon_summons_chain_7","offset":-9},{"slot":"weapon_summons_chain_6","offset":8},{"slot":"weapon_summons_chain_9","offset":-14},{"slot":"weapon_summons_chain_5","offset":5},{"slot":"weapon_summons_chain_8","offset":-16},{"slot":"weapon_summons_n2","offset":-23}]},{"time":0.3333,"offsets":[{"slot":"weapon_summons_chain_7","offset":-8},{"slot":"weapon_summons_chain_9","offset":-15},{"slot":"weapon_summons_chain_8","offset":-18},{"slot":"weapon_summons_n2","offset":-21}]},{"time":0.3666,"offsets":[{"slot":"weapon_summons_chain_7","offset":-10},{"slot":"weapon_summons_chain_9","offset":-15},{"slot":"weapon_summons_chain_8","offset":-16},{"slot":"weapon_summons_n2","offset":-21}]},{"time":0.7666,"offsets":[{"slot":"weapon_summons_chain_4","offset":11},{"slot":"weapon_summons_chain_7","offset":-9},{"slot":"weapon_summons_chain_6","offset":8},{"slot":"weapon_summons_chain_9","offset":-14},{"slot":"weapon_summons_chain_5","offset":5},{"slot":"weapon_summons_chain_8","offset":-16},{"slot":"weapon_summons_n2","offset":-23}]},{"time":2.0333,"offsets":[{"slot":"weapon_summons_chain_10","offset":-13},{"slot":"weapon_summons_chain_4","offset":11},{"slot":"weapon_summons_chain_7","offset":-6},{"slot":"weapon_summons_chain_12","offset":-16},{"slot":"weapon_summons_chain_6","offset":8},{"slot":"weapon_summons_chain_9","offset":-11},{"slot":"weapon_summons_chain_11","offset":-19},{"slot":"weapon_summons_chain_5","offset":5},{"slot":"weapon_summons_chain_8","offset":-12},{"slot":"weapon_summons_f2","offset":-15},{"slot":"weapon_summons_n2","offset":-20}]},{"time":3,"offsets":[{"slot":"weapon_summons_chain_10","offset":-13},{"slot":"weapon_summons_chain_4","offset":11},{"slot":"weapon_summons_chain_7","offset":-6},{"slot":"weapon_summons_chain_12","offset":-16},{"slot":"weapon_summons_chain_6","offset":8},{"slot":"weapon_summons_chain_9","offset":-11},{"slot":"weapon_summons_chain_11","offset":-19},{"slot":"weapon_summons_chain_5","offset":5},{"slot":"weapon_summons_chain_8","offset":-12},{"slot":"weapon_summons_f2","offset":-15},{"slot":"weapon_summons_n2","offset":-20}]},{"time":3.5333,"offsets":[{"slot":"weapon_summons_chain_10","offset":-13},{"slot":"weapon_summons_chain_4","offset":9},{"slot":"weapon_summons_chain_7","offset":-6},{"slot":"weapon_summons_chain_12","offset":-16},{"slot":"weapon_summons_chain_6","offset":6},{"slot":"weapon_summons_chain_9","offset":-11},{"slot":"weapon_summons_chain_11","offset":-19},{"slot":"weapon_summons_chain_8","offset":-12},{"slot":"weapon_summons_f2","offset":-15},{"slot":"weapon_summons_n2","offset":-20}]},{"time":4.5333,"offsets":[{"slot":"weapon_summons_chain_10","offset":-13},{"slot":"weapon_summons_chain_4","offset":13},{"slot":"weapon_summons_chain_7","offset":-6},{"slot":"weapon_summons_chain_12","offset":-16},{"slot":"weapon_summons_chain_6","offset":5},{"slot":"weapon_summons_chain_9","offset":-11},{"slot":"weapon_summons_chain_11","offset":-19},{"slot":"weapon_summons_chain_8","offset":-12},{"slot":"weapon_summons_f2","offset":-15},{"slot":"weapon_summons_n2","offset":-20}]}],"events":[{"time":0,"name":"Sound1","string":"cri_se_battle_charge"},{"time":0,"name":"Voice","string":"cri_111_voice_fullarts_now"},{"time":0.3333,"name":"Event","float":0.2,"string":"shakeGround_Loop"},{"time":0.7666,"name":"Event","string":"runSkillEffect"},{"time":1.4666,"name":"Event","string":"setHitBackEnemy(0,0)"},{"time":1.5333,"name":"Event","float":0.1,"string":"kHitStopType_normal"},{"time":1.5666,"name":"Event","string":"setHitBackEnemy(15,15)"},{"time":1.5666,"name":"Event2","float":0.3,"string":"shakeGround_Loop"},{"time":1.5666,"name":"Sound1","string":"cri_se_battle_026_stab"},{"time":1.5666,"name":"Sound2","string":"cri_se_battle_monster_hit"},{"time":1.5666,"name":"Sound3","string":"cri_se_battle_033_explosion_element_01"},{"time":1.6,"name":"Event","float":0.3,"string":"kHitStopType_enemyonly"},{"time":1.6333,"name":"Hit","string":"resetHitList"},{"time":2.0333,"name":"Event","float":0.07,"string":"kHitStopType_normal"},{"time":2.0333,"name":"Event2","float":0.3,"string":"shakeGround_Loop"},{"time":2.0333,"name":"Hit","string":"resetHitList"},{"time":2.0333,"name":"Sound1","string":"cri_se_battle_026_stab"},{"time":2.0333,"name":"Sound2","string":"cri_se_battle_monster_hit"},{"time":2.0333,"name":"Sound3","string":"cri_se_battle_033_explosion_element_01"},{"time":2.1,"name":"Event","float":0.3,"string":"kHitStopType_enemyonly"},{"time":2.1,"name":"Hit","string":"resetHitList"},{"time":2.5333,"name":"Event","float":0.07,"string":"kHitStopType_normal"},{"time":2.5333,"name":"Event2","float":0.3,"string":"shakeGround_Loop"},{"time":2.5333,"name":"Hit","string":"resetHitList"},{"time":2.5333,"name":"Sound1","string":"cri_se_battle_026_stab"},{"time":2.5333,"name":"Sound2","string":"cri_se_battle_monster_hit"},{"time":2.5333,"name":"Sound3","string":"cri_se_battle_033_explosion_element_01"},{"time":2.6,"name":"Event","float":0.3,"string":"kHitStopType_enemyonly"},{"time":2.6,"name":"Hit","string":"resetHitList"},{"time":3.0333,"name":"Event","float":0.07,"string":"kHitStopType_normal"},{"time":3.0333,"name":"Event2","float":0.3,"string":"shakeGround_Loop"},{"time":3.0333,"name":"Hit","string":"resetHitList"},{"time":3.0333,"name":"Sound1","string":"cri_se_battle_026_stab"},{"time":3.0333,"name":"Sound2","string":"cri_se_battle_monster_hit"},{"time":3.0333,"name":"Sound3","string":"cri_se_battle_033_explosion_element_01"},{"time":3.1,"name":"Event","float":0.3,"string":"kHitStopType_enemyonly"},{"time":3.1,"name":"Hit","string":"resetHitList"},{"time":3.5333,"name":"Event","float":0.07,"string":"kHitStopType_normal"},{"time":3.5333,"name":"Event2","float":0.3,"string":"shakeGround_Loop"},{"time":3.5333,"name":"Hit","string":"resetHitList"},{"time":3.5333,"name":"Sound1","string":"cri_se_battle_026_stab"},{"time":3.5333,"name":"Sound2","string":"cri_se_battle_monster_hit"},{"time":3.5333,"name":"Sound3","string":"cri_se_battle_033_explosion_element_01"},{"time":3.6,"name":"Event","float":0.6,"string":"kHitStopType_enemyonly"},{"time":3.6,"name":"Hit","string":"resetHitList"},{"time":4.2666,"name":"Voice","string":"cri_111_voice_fullarts_rank5"},{"time":4.4666,"name":"Event","string":"setHitBackEnemy(0,0)"},{"time":4.5,"name":"Event","float":0.4,"string":"kHitStopType_normal"},{"time":4.5333,"name":"Event2","string":"shakeGround"},{"time":4.5333,"name":"Hit","string":"resetHitList"},{"time":4.5333,"name":"Sound1","string":"cri_se_battle_026_stab"},{"time":4.5333,"name":"Sound2","string":"cri_se_battle_monster_hit"},{"time":4.5333,"name":"Sound3","string":"cri_se_battle_032_explosion_04"},{"time":4.5666,"name":"Event","string":"setHitBackEnemy(70,0)"},{"time":4.6,"name":"Event","float":0.25,"string":"kHitStopType_enemyonly"},{"time":4.6,"name":"Hit","string":"resetHitList"},{"time":4.6666,"name":"Hit","string":"resetHitList"},{"time":4.7333,"name":"Hit","string":"resetHitList"},{"time":4.8,"name":"Event","int":200,"string":"kImpactType_knock"},{"time":4.8,"name":"Hit","string":"resetHitList"}]}}}