{"skeleton":{"hash":"VaYdxcCCbUGA9qgXlmh/YtNZ07c","spine":"3.0.12","width":0,"height":0},"bones":[{"name":"root"},{"name":"EF","parent":"root"},{"name":"Font_root","parent":"EF","x":200,"y":-50},{"name":"Font_04","parent":"Font_root","x":173.01},{"name":"Font_03","parent":"Font_root","x":58.94},{"name":"Font_02","parent":"Font_root","x":-56.36},{"name":"Font_01","parent":"Font_root","x":-170.96}],"slots":[{"name":"Font_render_00001","bone":"Font_01"},{"name":"Font_render_00002","bone":"Font_02"},{"name":"Font_render_00003","bone":"Font_03"},{"name":"Font_render_00004","bone":"Font_04"}],"skins":{"default":{"Font_render_00001":{"Font_render_00001":{"y":9.05,"width":141,"height":150}},"Font_render_00002":{"Font_render_00002":{"y":9.05,"width":141,"height":150}},"Font_render_00003":{"Font_render_00003":{"y":9.05,"width":141,"height":150}},"Font_render_00004":{"Font_render_00004":{"y":9.05,"width":141,"height":150}}}},"events":{"Events":{},"Hit":{}},"animations":{"font":{"slots":{"Font_render_00001":{"attachment":[{"time":0,"name":"Font_render_00001"},{"time":1.7,"name":null}]},"Font_render_00002":{"attachment":[{"time":0.3,"name":"Font_render_00002"},{"time":1.7,"name":null}]},"Font_render_00003":{"attachment":[{"time":0.5,"name":"Font_render_00003"},{"time":1.7,"name":null}]},"Font_render_00004":{"attachment":[{"time":0.8,"name":"Font_render_00004"},{"time":1.7,"name":null}]}},"bones":{"Font_root":{"translate":[{"time":0,"x":-200,"y":50}],"scale":[{"time":0,"x":1.334,"y":1.334}]}}}}}