{"skeleton":{"hash":"DlIrYK5fyHwuSU63fjl5+dzLaRU","spine":"3.0.12","width":0,"height":0},"bones":[{"name":"root"},{"name":"S1_fire1","parent":"root","x":-55.15,"y":120.89,"rotation":-39.15},{"name":"MAIN","parent":"root","y":115.31},{"name":"front_EF","parent":"MAIN","x":24.47,"y":2.67},{"name":"bless","parent":"MAIN","x":-42.63,"y":-115.31},{"name":"back_EF","parent":"MAIN","x":-19.54,"y":28.89},{"name":"b_wing","parent":"MAIN","x":-69.93,"y":-101.29},{"name":"SHADOW_OFFSET","parent":"MAIN","y":-115.31},{"name":"HITBOX","parent":"MAIN","x":12.61,"y":-19.8,"scaleX":0.621},{"name":"DAMAGEAREA","parent":"root"},{"name":"wing","parent":"MAIN","y":37.45}],"slots":[{"name":"grid/bg3","bone":"root"},{"name":"grid/grid","bone":"root"},{"name":"MAIN","bone":"MAIN","attachment":"skill2_01"},{"name":"front_EF","bone":"front_EF","attachment":"dot_EF/sk2_f_fire01"},{"name":"dot_EF/idle_00","bone":"root"},{"name":"bless_EF","bone":"bless"},{"name":"dot_EF/at_b_fire_01","bone":"back_EF","attachment":"dot_EF/sk2_b_fire01"},{"name":"f_wing","bone":"wing"},{"name":"b_wing","bone":"b_wing"},{"name":"EF/9090A_S1_fire1/9090A_S1_fire1_00014","bone":"S1_fire1","blend":"additive"},{"name":"DAMAGEAREA","bone":"DAMAGEAREA"},{"name":"HITBOX","bone":"HITBOX","attachment":"HITBOX"}],"skins":{"default":{"DAMAGEAREA":{"DAMAGEAREA":{"type":"boundingbox","vertices":[-99.22292,-98.94003,97.19508,-98.94003,98.99706,97.47794,-97.42091,99.28]}},"EF/9090A_S1_fire1/9090A_S1_fire1_00014":{"EF/9090A_S1_fire1/9090A_S1_fire1_00014":{"x":1.87,"y":-76.64,"width":250,"height":250},"EF/9090A_S1_fire1/9090A_S1_fire1_00016":{"x":1.87,"y":-76.64,"width":250,"height":250},"EF/9090A_S1_fire1/9090A_S1_fire1_00018":{"x":1.87,"y":-76.64,"width":250,"height":250},"EF/9090A_S1_fire1/9090A_S1_fire1_00020":{"x":1.87,"y":-76.64,"width":250,"height":250},"EF/9090A_S1_fire1/9090A_S1_fire1_00022":{"x":1.87,"y":-76.64,"width":250,"height":250},"EF/9090A_S1_fire1/9090A_S1_fire1_00024":{"x":1.87,"y":-76.64,"width":250,"height":250}},"HITBOX":{"HITBOX":{"type":"boundingbox","vertices":[-95.6189,-98.94003,98.99706,-98.94003,98.99706,97.47794,-97.42091,95.67594]}},"MAIN":{"attack_02":{"x":24.52,"y":17.97,"scaleX":2,"scaleY":2,"width":286,"height":272},"attack_03":{"x":24.52,"y":17.97,"scaleX":2,"scaleY":2,"width":286,"height":272},"attack_04":{"x":24.52,"y":17.97,"scaleX":2,"scaleY":2,"width":286,"height":272},"attack_05":{"x":24.52,"y":17.97,"scaleX":2,"scaleY":2,"width":286,"height":272},"attack_06":{"x":24.52,"y":17.97,"scaleX":2,"scaleY":2,"width":286,"height":272},"attack_07":{"x":24.52,"y":17.97,"scaleX":2,"scaleY":2,"width":286,"height":272},"attack_08":{"x":24.52,"y":17.97,"scaleX":2,"scaleY":2,"width":286,"height":272},"attack_11":{"x":24.52,"y":17.97,"scaleX":2,"scaleY":2,"width":286,"height":272},"back_01":{"x":24.52,"y":17.97,"scaleX":2,"scaleY":2,"width":286,"height":272},"damage_01":{"x":24.52,"y":17.97,"scaleX":2,"scaleY":2,"width":286,"height":272},"front_01":{"x":24.52,"y":17.97,"scaleX":2,"scaleY":2,"width":286,"height":272},"idle_01":{"x":24.52,"y":17.97,"scaleX":2,"scaleY":2,"width":286,"height":272},"idle_02":{"x":24.52,"y":17.97,"scaleX":2,"scaleY":2,"width":286,"height":272},"idle_03":{"x":24.52,"y":17.97,"scaleX":2,"scaleY":2,"width":286,"height":272},"idle_04":{"x":24.52,"y":17.97,"scaleX":2,"scaleY":2,"width":286,"height":272},"idle_05":{"x":24.52,"y":17.97,"scaleX":2,"scaleY":2,"width":286,"height":272},"idle_06":{"x":24.52,"y":17.97,"scaleX":2,"scaleY":2,"width":286,"height":272},"skill1_01":{"x":24.52,"y":17.97,"scaleX":2,"scaleY":2,"width":286,"height":272},"skill1_02":{"x":24.52,"y":17.97,"scaleX":2,"scaleY":2,"width":286,"height":272},"skill1_03":{"x":24.52,"y":17.97,"scaleX":2,"scaleY":2,"width":286,"height":272},"skill1_04":{"x":24.52,"y":17.97,"scaleX":2,"scaleY":2,"width":286,"height":272},"skill1_05":{"x":24.52,"y":17.97,"scaleX":2,"scaleY":2,"width":286,"height":272},"skill1_06":{"x":24.52,"y":17.97,"scaleX":2,"scaleY":2,"width":286,"height":272},"skill1_07":{"x":24.52,"y":17.97,"scaleX":2,"scaleY":2,"width":286,"height":272},"skill1_08":{"x":24.52,"y":17.97,"scaleX":2,"scaleY":2,"width":286,"height":272},"skill2_01":{"x":24.52,"y":17.97,"scaleX":2,"scaleY":2,"width":286,"height":272},"skill2_02":{"x":24.52,"y":17.97,"scaleX":2,"scaleY":2,"width":286,"height":272},"skill2_03":{"x":24.52,"y":17.97,"scaleX":2,"scaleY":2,"width":286,"height":272},"skill2_04":{"x":24.52,"y":17.97,"scaleX":2,"scaleY":2,"width":286,"height":272},"skill2_05":{"x":24.52,"y":17.97,"scaleX":2,"scaleY":2,"width":286,"height":272},"skill2_06":{"x":24.52,"y":17.97,"scaleX":2,"scaleY":2,"width":286,"height":272},"skill2_07":{"x":24.52,"y":17.97,"scaleX":2,"scaleY":2,"width":286,"height":272},"skill2_08":{"x":24.52,"y":17.97,"scaleX":2,"scaleY":2,"width":286,"height":272},"skill2_09":{"x":24.52,"y":17.97,"scaleX":2,"scaleY":2,"width":286,"height":272},"skill2_10":{"x":24.52,"y":17.97,"scaleX":2,"scaleY":2,"width":286,"height":272},"skill2_12":{"x":24.52,"y":17.97,"scaleX":2,"scaleY":2,"width":286,"height":272},"skill2_13":{"x":24.52,"y":17.97,"scaleX":2,"scaleY":2,"width":286,"height":272},"skill2_16":{"x":24.52,"y":17.97,"scaleX":2,"scaleY":2,"width":286,"height":272},"skill2_17":{"x":24.52,"y":17.97,"scaleX":2,"scaleY":2,"width":286,"height":272}},"b_wing":{"sk2_f_wing12_b":{"x":69.93,"y":-14.02,"scaleX":2,"scaleY":2,"width":286,"height":272},"sk2_f_wing13_b":{"x":69.93,"y":-14.02,"scaleX":2,"scaleY":2,"width":286,"height":272}},"bless_EF":{"dot_EF/at_bless_02":{"x":53.9,"y":-29.63,"scaleX":2,"scaleY":2,"width":286,"height":272},"dot_EF/at_bless_03":{"x":53.9,"y":-29.63,"scaleX":2,"scaleY":2,"width":286,"height":272},"dot_EF/at_bless_04":{"x":53.9,"y":-29.63,"scaleX":2,"scaleY":2,"width":286,"height":272},"dot_EF/at_bless_05":{"x":53.9,"y":-29.63,"scaleX":2,"scaleY":2,"width":286,"height":272},"dot_EF/at_bless_06":{"x":53.9,"y":-29.63,"scaleX":2,"scaleY":2,"width":286,"height":272},"dot_EF/at_bless_07":{"x":53.9,"y":-29.63,"scaleX":2,"scaleY":2,"width":286,"height":272},"dot_EF/at_bless_08":{"x":53.9,"y":-29.63,"scaleX":2,"scaleY":2,"width":286,"height":272},"dot_EF/at_bless_09":{"x":53.9,"y":-29.63,"scaleX":2,"scaleY":2,"width":286,"height":272}},"dot_EF/at_b_fire_01":{"dot_EF/at_b_fire_01":{"x":45,"y":-11.15,"scaleX":2,"scaleY":2,"width":286,"height":272},"dot_EF/id_b_fire01":{"x":45,"y":-11.15,"scaleX":2,"scaleY":2,"width":286,"height":272},"dot_EF/id_b_fire02":{"x":45,"y":-11.15,"scaleX":2,"scaleY":2,"width":286,"height":272},"dot_EF/id_b_fire03":{"x":45,"y":-11.15,"scaleX":2,"scaleY":2,"width":286,"height":272},"dot_EF/id_b_fire04":{"x":45,"y":-11.15,"scaleX":2,"scaleY":2,"width":286,"height":272},"dot_EF/id_b_fire05":{"x":45,"y":-11.15,"scaleX":2,"scaleY":2,"width":286,"height":272},"dot_EF/id_b_fire06":{"x":45,"y":-11.15,"scaleX":2,"scaleY":2,"width":286,"height":272},"dot_EF/sk1_b_fire03":{"x":45,"y":-11.15,"scaleX":2,"scaleY":2,"width":286,"height":272},"dot_EF/sk1_b_fire04":{"x":45,"y":-11.15,"scaleX":2,"scaleY":2,"width":286,"height":272},"dot_EF/sk1_b_fire05":{"x":45,"y":-11.15,"scaleX":2,"scaleY":2,"width":286,"height":272},"dot_EF/sk1_b_fire06":{"x":45,"y":-11.15,"scaleX":2,"scaleY":2,"width":286,"height":272},"dot_EF/sk1_b_fire07":{"x":45,"y":-11.15,"scaleX":2,"scaleY":2,"width":286,"height":272},"dot_EF/sk1_b_fire08":{"x":45,"y":-11.15,"scaleX":2,"scaleY":2,"width":286,"height":272},"dot_EF/sk2_b_fire01":{"x":45,"y":-11.15,"scaleX":2,"scaleY":2,"width":286,"height":272},"dot_EF/sk2_b_fire02":{"x":45,"y":-11.15,"scaleX":2,"scaleY":2,"width":286,"height":272},"dot_EF/sk2_b_fire03":{"x":45,"y":-11.15,"scaleX":2,"scaleY":2,"width":286,"height":272},"dot_EF/sk2_b_fire04":{"x":45,"y":-11.15,"scaleX":2,"scaleY":2,"width":286,"height":272},"dot_EF/sk2_b_fire05":{"x":45,"y":-11.15,"scaleX":2,"scaleY":2,"width":286,"height":272},"dot_EF/sk2_b_fire06":{"x":45,"y":-11.15,"scaleX":2,"scaleY":2,"width":286,"height":272},"dot_EF/sk2_b_fire10":{"x":45,"y":-11.15,"scaleX":2,"scaleY":2,"width":286,"height":272},"dot_EF/sk2_b_fire11":{"x":45,"y":-11.15,"scaleX":2,"scaleY":2,"width":286,"height":272}},"f_wing":{"sk1_f_wing03":{"x":27.75,"y":-22.9,"scaleX":2,"scaleY":2,"width":286,"height":272},"sk1_f_wing04":{"x":27.75,"y":-22.9,"scaleX":2,"scaleY":2,"width":286,"height":272},"sk1_f_wing05":{"x":27.75,"y":-22.9,"scaleX":2,"scaleY":2,"width":286,"height":272},"sk1_f_wing06":{"x":27.75,"y":-22.9,"scaleX":2,"scaleY":2,"width":286,"height":272},"sk1_f_wing07":{"x":27.75,"y":-22.9,"scaleX":2,"scaleY":2,"width":286,"height":272},"sk1_f_wing08":{"x":27.75,"y":-22.9,"scaleX":2,"scaleY":2,"width":286,"height":272},"sk2_f_wing12_a":{"x":27.75,"y":-22.9,"scaleX":2,"scaleY":2,"width":286,"height":272},"sk2_f_wing13_a":{"x":27.75,"y":-22.9,"scaleX":2,"scaleY":2,"width":286,"height":272}},"front_EF":{"dot_EF/at_f_fire_01":{"x":-1.07,"y":14.29,"scaleX":2,"scaleY":2,"width":286,"height":272},"dot_EF/at_f_fire_02":{"x":-1.07,"y":14.29,"scaleX":2,"scaleY":2,"width":286,"height":272},"dot_EF/at_f_fire_03":{"x":-1.07,"y":14.29,"scaleX":2,"scaleY":2,"width":286,"height":272},"dot_EF/at_f_fire_04":{"x":-1.07,"y":14.29,"scaleX":2,"scaleY":2,"width":286,"height":272},"dot_EF/at_f_fire_05":{"x":-1.07,"y":14.29,"scaleX":2,"scaleY":2,"width":286,"height":272},"dot_EF/at_f_fire_06":{"x":-1.07,"y":14.29,"scaleX":2,"scaleY":2,"width":286,"height":272},"dot_EF/at_f_fire_07":{"x":-1.07,"y":14.29,"scaleX":2,"scaleY":2,"width":286,"height":272},"dot_EF/at_f_fire_11":{"x":-1.07,"y":14.29,"scaleX":2,"scaleY":2,"width":286,"height":272},"dot_EF/id_f_fire01":{"x":-1.07,"y":14.29,"scaleX":2,"scaleY":2,"width":286,"height":272},"dot_EF/id_f_fire02":{"x":-1.07,"y":14.29,"scaleX":2,"scaleY":2,"width":286,"height":272},"dot_EF/id_f_fire03":{"x":-1.07,"y":14.29,"scaleX":2,"scaleY":2,"width":286,"height":272},"dot_EF/id_f_fire04":{"x":-1.07,"y":14.29,"scaleX":2,"scaleY":2,"width":286,"height":272},"dot_EF/id_f_fire05":{"x":-1.07,"y":14.29,"scaleX":2,"scaleY":2,"width":286,"height":272},"dot_EF/id_f_fire06":{"x":-1.07,"y":14.29,"scaleX":2,"scaleY":2,"width":286,"height":272},"dot_EF/sk1_f_fire01":{"x":-1.07,"y":14.29,"scaleX":2,"scaleY":2,"width":286,"height":272},"dot_EF/sk1_f_fire02":{"x":-1.07,"y":14.29,"scaleX":2,"scaleY":2,"width":286,"height":272},"dot_EF/sk1_f_fire03":{"x":-1.07,"y":14.29,"scaleX":2,"scaleY":2,"width":286,"height":272},"dot_EF/sk1_f_fire04":{"x":-1.07,"y":14.29,"scaleX":2,"scaleY":2,"width":286,"height":272},"dot_EF/sk1_f_fire05":{"x":-1.07,"y":14.29,"scaleX":2,"scaleY":2,"width":286,"height":272},"dot_EF/sk1_f_fire06":{"x":-1.07,"y":14.29,"scaleX":2,"scaleY":2,"width":286,"height":272},"dot_EF/sk1_f_fire07":{"x":-1.07,"y":14.29,"scaleX":2,"scaleY":2,"width":286,"height":272},"dot_EF/sk1_f_fire08":{"x":-1.07,"y":14.29,"scaleX":2,"scaleY":2,"width":286,"height":272},"dot_EF/sk2_f_fire01":{"x":-1.07,"y":14.29,"scaleX":2,"scaleY":2,"width":286,"height":272},"dot_EF/sk2_f_fire02":{"x":-1.07,"y":14.29,"scaleX":2,"scaleY":2,"width":286,"height":272},"dot_EF/sk2_f_fire03":{"x":-1.07,"y":14.29,"scaleX":2,"scaleY":2,"width":286,"height":272},"dot_EF/sk2_f_fire04":{"x":-1.07,"y":14.29,"scaleX":2,"scaleY":2,"width":286,"height":272},"dot_EF/sk2_f_fire05":{"x":-1.07,"y":14.29,"scaleX":2,"scaleY":2,"width":286,"height":272},"dot_EF/sk2_f_fire06":{"x":-1.07,"y":14.29,"scaleX":2,"scaleY":2,"width":286,"height":272},"dot_EF/sk2_f_fire07":{"x":-1.07,"y":14.29,"scaleX":2,"scaleY":2,"width":286,"height":272},"dot_EF/sk2_f_fire08":{"x":-1.07,"y":14.29,"scaleX":2,"scaleY":2,"width":286,"height":272},"dot_EF/sk2_f_fire09":{"x":-1.07,"y":14.29,"scaleX":2,"scaleY":2,"width":286,"height":272},"dot_EF/sk2_f_fire10":{"x":-1.07,"y":14.29,"scaleX":2,"scaleY":2,"width":286,"height":272},"dot_EF/sk2_f_fire11":{"x":-1.07,"y":14.29,"scaleX":2,"scaleY":2,"width":286,"height":272},"dot_EF/sk2_f_fire12":{"x":-1.07,"y":14.29,"scaleX":2,"scaleY":2,"width":286,"height":272},"dot_EF/sk2_f_fire13":{"x":-1.07,"y":14.29,"scaleX":2,"scaleY":2,"width":286,"height":272},"dot_EF/sk2_f_fire14":{"x":-1.07,"y":14.29,"scaleX":2,"scaleY":2,"width":286,"height":272},"dot_EF/sk2_f_fire15":{"x":-1.07,"y":14.29,"scaleX":2,"scaleY":2,"width":286,"height":272}}}},"events":{"Event":{},"Hit":{},"Sound1":{},"Sound2":{},"Sound3":{},"Voice":{}},"animations":{"attack1":{"slots":{"MAIN":{"attachment":[{"time":0,"name":"attack_02"},{"time":0.1,"name":"attack_03"},{"time":0.2,"name":"attack_04"},{"time":0.3,"name":"attack_05"},{"time":0.4,"name":"attack_06"},{"time":0.4666,"name":"attack_05"},{"time":0.5666,"name":"attack_07"},{"time":0.6333,"name":"attack_08"},{"time":1,"name":"attack_11"},{"time":1.1333,"name":"idle_01"}]},"bless_EF":{"attachment":[{"time":0,"name":"dot_EF/at_bless_02"},{"time":0.1,"name":"dot_EF/at_bless_03"},{"time":0.2,"name":"dot_EF/at_bless_04"},{"time":0.3,"name":"dot_EF/at_bless_05"},{"time":0.4,"name":"dot_EF/at_bless_06"},{"time":0.4666,"name":"dot_EF/at_bless_05"},{"time":0.5666,"name":"dot_EF/at_bless_07"},{"time":0.6333,"name":"dot_EF/at_bless_08"},{"time":0.7333,"name":"dot_EF/at_bless_09"},{"time":0.7666,"name":null}]},"dot_EF/at_b_fire_01":{"attachment":[{"time":0,"name":null},{"time":0.1,"name":null}]},"front_EF":{"attachment":[{"time":0,"name":"dot_EF/at_f_fire_02"},{"time":0.1,"name":"dot_EF/at_f_fire_03"},{"time":0.2,"name":"dot_EF/at_f_fire_04"},{"time":0.3,"name":"dot_EF/at_f_fire_05"},{"time":0.4,"name":"dot_EF/at_f_fire_04"},{"time":0.4666,"name":"dot_EF/at_f_fire_05"},{"time":0.5666,"name":"dot_EF/at_f_fire_07"},{"time":0.6666,"name":null},{"time":1,"name":"dot_EF/at_f_fire_11"},{"time":1.1333,"name":"dot_EF/id_f_fire01"}]}},"bones":{"MAIN":{"rotate":[{"time":0,"angle":0,"curve":"stepped"},{"time":0.5666,"angle":-21.03,"curve":"stepped"},{"time":1.1333,"angle":0}],"translate":[{"time":0,"x":41.33,"y":25.65,"curve":[0.143,0.94,0.75,1]},{"time":0.4,"x":50.54,"y":31.37,"curve":"stepped"},{"time":0.5666,"x":24.4,"y":22.65,"curve":"stepped"},{"time":0.6,"x":24.4,"y":22.65,"curve":[0.169,0.84,0.75,1]},{"time":0.6666,"x":-17.63,"y":4.18,"curve":[0.118,0.95,0.357,1]},{"time":0.8333,"x":17.03,"y":16.95,"curve":"stepped"},{"time":1,"x":4.35,"y":2.48,"curve":"stepped"},{"time":1.1333,"x":0,"y":0}]},"back_EF":{"translate":[{"time":0,"x":10.45,"y":-27.88}]},"front_EF":{"translate":[{"time":0.5666,"x":13.21,"y":-19.21}]},"bless":{"translate":[{"time":0,"x":12.2,"y":163.16,"curve":"stepped"},{"time":0.5666,"x":25.42,"y":143.95}]}},"drawOrder":[{"time":0,"offsets":[{"slot":"dot_EF/at_b_fire_01","offset":-6}]}],"events":[{"time":0.4666,"name":"Voice","string":"cri_136_voice_attack_random"},{"time":0.6,"name":"Event","string":"addOrbitSystemInsightRotation(fire,explosion,1,0,170,180,0)"},{"time":0.6,"name":"Sound2","string":"cri_se_battle_Flutter"}]},"back":{"slots":{"MAIN":{"attachment":[{"time":0,"name":"idle_02"},{"time":0.0666,"name":"idle_03"},{"time":0.1333,"name":"idle_04"},{"time":0.1666,"name":"back_01"},{"time":0.4666,"name":"idle_04"},{"time":0.5666,"name":"idle_03"},{"time":0.6666,"name":"idle_02"},{"time":0.7666,"name":"idle_04"},{"time":0.9,"name":"idle_05"},{"time":1,"name":"idle_06"},{"time":1.1333,"name":"idle_01"}]},"dot_EF/at_b_fire_01":{"attachment":[{"time":0,"name":"dot_EF/id_b_fire05"},{"time":0.0666,"name":null},{"time":0.5666,"name":"dot_EF/id_b_fire03"},{"time":0.6666,"name":"dot_EF/id_b_fire05"},{"time":0.7666,"name":"dot_EF/id_b_fire06"},{"time":0.9,"name":"dot_EF/id_b_fire04"},{"time":1,"name":"dot_EF/id_b_fire05"},{"time":1.1333,"name":"dot_EF/id_b_fire06"}]},"front_EF":{"attachment":[{"time":0,"name":"dot_EF/id_f_fire05"},{"time":0.0666,"name":null},{"time":0.5666,"name":"dot_EF/id_f_fire03"},{"time":0.6666,"name":"dot_EF/id_f_fire05"},{"time":0.7666,"name":"dot_EF/id_f_fire06"},{"time":0.9,"name":"dot_EF/id_f_fire04"},{"time":1,"name":"dot_EF/id_f_fire05"},{"time":1.1333,"name":"dot_EF/id_f_fire06"}]}},"bones":{"MAIN":{"translate":[{"time":0,"x":0,"y":0},{"time":0.1,"x":9.01,"y":2.43},{"time":0.3,"x":92.13,"y":17.38,"curve":[0.325,0.65,0.666,1]},{"time":0.4666,"x":119.18,"y":20.68},{"time":0.6,"x":134.44,"y":14.16,"curve":[0.203,0.64,0.75,1]},{"time":0.7333,"x":138.88,"y":1.63,"curve":[0.52,0,0.75,1]},{"time":0.9333,"x":140,"y":6.01}]},"front_EF":{"translate":[{"time":0,"x":21.14,"y":52.85,"curve":"stepped"},{"time":0.0666,"x":21.14,"y":52.85,"curve":"stepped"},{"time":0.5666,"x":0,"y":0,"curve":"stepped"},{"time":0.6666,"x":21.14,"y":52.85,"curve":"stepped"},{"time":0.9,"x":-4.41,"y":12.26}]},"back_EF":{"translate":[{"time":0,"x":24.4,"y":61,"curve":"stepped"},{"time":0.0666,"x":24.4,"y":61,"curve":"stepped"},{"time":0.5666,"x":0,"y":0,"curve":"stepped"},{"time":0.6666,"x":24.4,"y":61,"curve":"stepped"},{"time":0.9,"x":3.35,"y":15.91}]}},"drawOrder":[{"time":0.8333,"offsets":[{"slot":"dot_EF/at_b_fire_01","offset":-4}]}],"events":[{"time":0.1,"name":"Sound2","string":"cri_se_battle_Flutter"},{"time":0.7666,"name":"Sound2","string":"cri_se_battle_Flutter"}]},"cast":{"slots":{"MAIN":{"attachment":[{"time":0,"name":"attack_02"},{"time":0.0666,"name":"attack_03"},{"time":0.1333,"name":"attack_04"},{"time":0.2,"name":"attack_05"},{"time":0.3333,"name":"attack_05"},{"time":0.4666,"name":"attack_07"},{"time":0.5,"name":"attack_08"},{"time":0.7,"name":"attack_11"},{"time":0.7666,"name":"idle_01"}]},"bless_EF":{"attachment":[{"time":0,"name":"dot_EF/at_bless_02"},{"time":0.0666,"name":"dot_EF/at_bless_03"},{"time":0.1333,"name":"dot_EF/at_bless_04"},{"time":0.2,"name":"dot_EF/at_bless_05"},{"time":0.2666,"name":"dot_EF/at_bless_06"},{"time":0.3333,"name":"dot_EF/at_bless_05"},{"time":0.4,"name":"dot_EF/at_bless_06"},{"time":0.4666,"name":"dot_EF/at_bless_07"},{"time":0.5,"name":"dot_EF/at_bless_08"},{"time":0.5666,"name":"dot_EF/at_bless_09"},{"time":0.6333,"name":null}]},"dot_EF/at_b_fire_01":{"attachment":[{"time":0,"name":"dot_EF/at_b_fire_01"},{"time":0.0666,"name":null}]},"front_EF":{"attachment":[{"time":0,"name":"dot_EF/at_f_fire_02"},{"time":0.0666,"name":"dot_EF/at_f_fire_03"},{"time":0.1333,"name":"dot_EF/at_f_fire_04"},{"time":0.2,"name":"dot_EF/at_f_fire_05"},{"time":0.2666,"name":"dot_EF/at_f_fire_04"},{"time":0.3333,"name":"dot_EF/at_f_fire_05"},{"time":0.4,"name":"dot_EF/at_f_fire_04"},{"time":0.4666,"name":null},{"time":0.6333,"name":null},{"time":0.7666,"name":"dot_EF/at_f_fire_11"}]}},"bones":{"MAIN":{"translate":[{"time":0,"x":0,"y":0,"curve":"stepped"},{"time":0.7,"x":0,"y":-6.34,"curve":"stepped"},{"time":0.7666,"x":0,"y":0}]},"back_EF":{"translate":[{"time":0,"x":10.45,"y":-27.88}]},"bless":{"translate":[{"time":0,"x":12.2,"y":163.16,"curve":"stepped"},{"time":0.4666,"x":21.65,"y":143.09}]}},"drawOrder":[{"time":0,"offsets":[{"slot":"dot_EF/at_b_fire_01","offset":-6}]}],"events":[{"time":0.3333,"name":"Voice","string":"cri_136_voice_item"}]},"damage":{"slots":{"MAIN":{"attachment":[{"time":0,"name":"damage_01"}]},"dot_EF/at_b_fire_01":{"attachment":[{"time":0,"name":null}]},"front_EF":{"attachment":[{"time":0,"name":null}]}}},"front":{"slots":{"MAIN":{"attachment":[{"time":0,"name":"front_01"}]},"dot_EF/at_b_fire_01":{"attachment":[{"time":0,"name":null}]},"front_EF":{"attachment":[{"time":0,"name":null}]}}},"idle":{"slots":{"MAIN":{"attachment":[{"time":0,"name":"idle_01"},{"time":0.1666,"name":"idle_02"},{"time":0.3666,"name":"idle_03"},{"time":0.5333,"name":"idle_04"},{"time":0.7,"name":"idle_05"},{"time":0.9,"name":"idle_06"},{"time":1.0666,"name":"idle_01"}]},"dot_EF/at_b_fire_01":{"attachment":[{"time":0,"name":"dot_EF/id_b_fire01"},{"time":0.1666,"name":"dot_EF/id_b_fire02"},{"time":0.3666,"name":"dot_EF/id_b_fire03"},{"time":0.5333,"name":"dot_EF/id_b_fire04"},{"time":0.7,"name":"dot_EF/id_b_fire05"},{"time":0.9,"name":"dot_EF/id_b_fire06"}]},"front_EF":{"attachment":[{"time":0,"name":"dot_EF/id_f_fire01"},{"time":0.1666,"name":"dot_EF/id_f_fire02"},{"time":0.3666,"name":"dot_EF/id_f_fire03"},{"time":0.5333,"name":"dot_EF/id_f_fire04"},{"time":0.7,"name":"dot_EF/id_f_fire05"},{"time":0.9,"name":"dot_EF/id_f_fire06"}]}},"bones":{"MAIN":{"translate":[{"time":0,"x":0,"y":0,"curve":"stepped"},{"time":0.1666,"x":-1,"y":-2.5,"curve":"stepped"},{"time":0.3666,"x":-2,"y":-5,"curve":"stepped"},{"time":0.5333,"x":0,"y":3.75,"curve":"stepped"},{"time":0.7,"x":0,"y":6.26,"curve":"stepped"},{"time":0.9,"x":0,"y":3.13,"curve":"stepped"},{"time":1.0666,"x":0,"y":0}]}},"drawOrder":[{"time":0.5333,"offsets":[{"slot":"dot_EF/at_b_fire_01","offset":-4}]}],"events":[{"time":0.4666,"name":"Sound2","string":"cri_se_battle_Flutter"}]},"none":{"slots":{"MAIN":{"attachment":[{"time":0,"name":"idle_01"}]},"dot_EF/at_b_fire_01":{"attachment":[{"time":0,"name":"dot_EF/id_b_fire01"}]},"front_EF":{"attachment":[{"time":0,"name":"dot_EF/id_f_fire01"}]}},"bones":{"MAIN":{"translate":[{"time":0,"x":0,"y":0}]}}},"skill1":{"slots":{"DAMAGEAREA":{"attachment":[{"time":1.5666,"name":"DAMAGEAREA"},{"time":3.1333,"name":null}]},"EF/9090A_S1_fire1/9090A_S1_fire1_00014":{"attachment":[{"time":1.5666,"name":"EF/9090A_S1_fire1/9090A_S1_fire1_00014"},{"time":1.6333,"name":"EF/9090A_S1_fire1/9090A_S1_fire1_00016"},{"time":1.7,"name":"EF/9090A_S1_fire1/9090A_S1_fire1_00018"},{"time":1.7666,"name":"EF/9090A_S1_fire1/9090A_S1_fire1_00020"},{"time":1.8333,"name":"EF/9090A_S1_fire1/9090A_S1_fire1_00022"},{"time":1.9,"name":"EF/9090A_S1_fire1/9090A_S1_fire1_00024"},{"time":1.9666,"name":"EF/9090A_S1_fire1/9090A_S1_fire1_00014"},{"time":2.0333,"name":"EF/9090A_S1_fire1/9090A_S1_fire1_00016"},{"time":2.1,"name":"EF/9090A_S1_fire1/9090A_S1_fire1_00018"},{"time":2.1666,"name":"EF/9090A_S1_fire1/9090A_S1_fire1_00020"},{"time":2.2333,"name":"EF/9090A_S1_fire1/9090A_S1_fire1_00022"},{"time":2.3,"name":"EF/9090A_S1_fire1/9090A_S1_fire1_00024"},{"time":2.3666,"name":"EF/9090A_S1_fire1/9090A_S1_fire1_00014"},{"time":2.4333,"name":"EF/9090A_S1_fire1/9090A_S1_fire1_00016"},{"time":2.5,"name":"EF/9090A_S1_fire1/9090A_S1_fire1_00018"},{"time":2.5666,"name":"EF/9090A_S1_fire1/9090A_S1_fire1_00020"},{"time":2.6333,"name":"EF/9090A_S1_fire1/9090A_S1_fire1_00022"},{"time":2.7,"name":"EF/9090A_S1_fire1/9090A_S1_fire1_00024"},{"time":2.7666,"name":"EF/9090A_S1_fire1/9090A_S1_fire1_00014"},{"time":2.8333,"name":"EF/9090A_S1_fire1/9090A_S1_fire1_00016"},{"time":2.9,"name":"EF/9090A_S1_fire1/9090A_S1_fire1_00018"},{"time":2.9666,"name":"EF/9090A_S1_fire1/9090A_S1_fire1_00020"},{"time":3.0333,"name":"EF/9090A_S1_fire1/9090A_S1_fire1_00022"},{"time":3.1,"name":"EF/9090A_S1_fire1/9090A_S1_fire1_00024"},{"time":3.1666,"name":"EF/9090A_S1_fire1/9090A_S1_fire1_00014"},{"time":3.2333,"name":null}],"color":[{"time":1.5666,"color":"ffffffc8","curve":"stepped"},{"time":3,"color":"ffffffc8","curve":[0.222,0.56,0.75,1]},{"time":3.2,"color":"ffffff00"}]},"MAIN":{"attachment":[{"time":0,"name":"idle_01"},{"time":0.0333,"name":"skill2_04"},{"time":0.0666,"name":"skill2_05"},{"time":0.2666,"name":"skill1_01"},{"time":0.3666,"name":"skill1_02"},{"time":0.4666,"name":"idle_01"},{"time":0.5,"name":"attack_02"},{"time":0.5666,"name":"attack_03"},{"time":0.6666,"name":"attack_04"},{"time":0.7333,"name":"attack_05"},{"time":0.8,"name":"attack_06"},{"time":0.8666,"name":"attack_05"},{"time":0.9333,"name":"attack_06"},{"time":1,"name":"attack_05"},{"time":1.0666,"name":"attack_06"},{"time":1.1333,"name":"attack_05"},{"time":1.2,"name":"attack_06"},{"time":1.2666,"name":"attack_05"},{"time":1.3333,"name":"attack_06"},{"time":1.4,"name":"attack_05"},{"time":1.4666,"name":"attack_07"},{"time":1.5666,"name":"skill1_03"},{"time":1.7,"name":"skill1_04"},{"time":1.8333,"name":"skill1_05"},{"time":1.9666,"name":"skill1_06"},{"time":2.1,"name":"skill1_07"},{"time":2.2333,"name":"skill1_08"},{"time":2.3666,"name":"skill1_03"},{"time":2.5,"name":"skill1_04"},{"time":2.6333,"name":"skill1_05"},{"time":2.7666,"name":"skill1_06"},{"time":2.9,"name":"skill1_07"},{"time":3.0333,"name":"skill1_08"},{"time":3.1666,"name":"skill1_03"},{"time":3.2333,"name":"attack_02"},{"time":3.2666,"name":"front_01"},{"time":3.4333,"name":"idle_02"},{"time":3.5333,"name":"idle_03"},{"time":3.6333,"name":"idle_04"},{"time":3.7333,"name":"idle_05"},{"time":3.8333,"name":"idle_06"},{"time":3.9,"name":"idle_01"}]},"bless_EF":{"attachment":[{"time":0.5,"name":"dot_EF/at_bless_02"},{"time":0.5666,"name":"dot_EF/at_bless_03"},{"time":0.6666,"name":"dot_EF/at_bless_04"},{"time":0.7333,"name":"dot_EF/at_bless_05"},{"time":0.8,"name":"dot_EF/at_bless_06"},{"time":0.8666,"name":"dot_EF/at_bless_05"},{"time":0.9333,"name":"dot_EF/at_bless_06"},{"time":1,"name":"dot_EF/at_bless_05"},{"time":1.0666,"name":"dot_EF/at_bless_06"},{"time":1.1333,"name":"dot_EF/at_bless_05"},{"time":1.2,"name":"dot_EF/at_bless_06"},{"time":1.2666,"name":"dot_EF/at_bless_05"},{"time":1.3333,"name":"dot_EF/at_bless_06"},{"time":1.4,"name":"dot_EF/at_bless_05"},{"time":1.4666,"name":"dot_EF/at_bless_07"},{"time":1.5666,"name":null}]},"dot_EF/at_b_fire_01":{"attachment":[{"time":0,"name":"dot_EF/id_b_fire01"},{"time":0.0333,"name":null},{"time":1.5666,"name":"dot_EF/sk1_b_fire03"},{"time":1.7,"name":"dot_EF/sk1_b_fire04"},{"time":1.8333,"name":"dot_EF/sk1_b_fire05"},{"time":1.9666,"name":"dot_EF/sk1_b_fire06"},{"time":2.1,"name":"dot_EF/sk1_b_fire07"},{"time":2.2333,"name":"dot_EF/sk1_b_fire08"},{"time":2.3666,"name":"dot_EF/sk1_b_fire03"},{"time":2.5,"name":"dot_EF/sk1_b_fire04"},{"time":2.6333,"name":"dot_EF/sk1_b_fire05"},{"time":2.7666,"name":"dot_EF/sk1_b_fire06"},{"time":2.9,"name":"dot_EF/sk1_b_fire07"},{"time":3.0333,"name":"dot_EF/sk1_b_fire08"},{"time":3.1666,"name":"dot_EF/sk1_b_fire03"},{"time":3.2,"name":"dot_EF/sk1_b_fire04"},{"time":3.2666,"name":null},{"time":3.4333,"name":"dot_EF/id_b_fire02"},{"time":3.5333,"name":"dot_EF/id_b_fire03"},{"time":3.6333,"name":"dot_EF/id_b_fire04"},{"time":3.7333,"name":"dot_EF/id_b_fire05"},{"time":3.8333,"name":"dot_EF/id_b_fire06"}]},"f_wing":{"attachment":[{"time":1.5666,"name":"sk1_f_wing03"},{"time":1.7,"name":"sk1_f_wing04"},{"time":1.8333,"name":"sk1_f_wing05"},{"time":1.9666,"name":"sk1_f_wing06"},{"time":2.1,"name":"sk1_f_wing07"},{"time":2.2333,"name":"sk1_f_wing08"},{"time":2.3666,"name":"sk1_f_wing03"},{"time":2.5,"name":"sk1_f_wing04"},{"time":2.6333,"name":"sk1_f_wing05"},{"time":2.7666,"name":"sk1_f_wing06"},{"time":2.9,"name":"sk1_f_wing07"},{"time":3.0333,"name":"sk1_f_wing08"},{"time":3.1666,"name":"sk1_f_wing03"},{"time":3.2333,"name":null}]},"front_EF":{"attachment":[{"time":0,"name":"dot_EF/id_f_fire01"},{"time":0.0333,"name":null},{"time":0.1,"name":null},{"time":0.2666,"name":"dot_EF/sk1_f_fire01"},{"time":0.3666,"name":"dot_EF/sk1_f_fire02"},{"time":0.4666,"name":"dot_EF/id_f_fire01"},{"time":0.5,"name":"dot_EF/at_f_fire_02"},{"time":0.5666,"name":"dot_EF/at_f_fire_03"},{"time":0.6666,"name":"dot_EF/at_f_fire_04"},{"time":0.7333,"name":"dot_EF/at_f_fire_05"},{"time":0.8,"name":"dot_EF/at_f_fire_04"},{"time":0.8666,"name":"dot_EF/at_f_fire_05"},{"time":0.9333,"name":"dot_EF/at_f_fire_06"},{"time":1,"name":"dot_EF/at_f_fire_05"},{"time":1.0666,"name":"dot_EF/at_f_fire_06"},{"time":1.1333,"name":"dot_EF/at_f_fire_05"},{"time":1.2,"name":"dot_EF/at_f_fire_06"},{"time":1.2666,"name":"dot_EF/at_f_fire_05"},{"time":1.3333,"name":"dot_EF/at_f_fire_06"},{"time":1.4,"name":"dot_EF/at_f_fire_05"},{"time":1.4666,"name":"dot_EF/at_f_fire_07"},{"time":1.5666,"name":"dot_EF/sk1_f_fire03"},{"time":1.7,"name":"dot_EF/sk1_f_fire04"},{"time":1.8333,"name":"dot_EF/sk1_f_fire05"},{"time":1.9666,"name":"dot_EF/sk1_f_fire06"},{"time":2.1,"name":"dot_EF/sk1_f_fire07"},{"time":2.2333,"name":"dot_EF/sk1_f_fire08"},{"time":2.3666,"name":"dot_EF/sk1_f_fire03"},{"time":2.5,"name":"dot_EF/sk1_f_fire04"},{"time":2.6333,"name":"dot_EF/sk1_f_fire05"},{"time":2.7666,"name":"dot_EF/sk1_f_fire06"},{"time":2.9,"name":"dot_EF/sk1_f_fire07"},{"time":3.0333,"name":"dot_EF/sk1_f_fire08"},{"time":3.1666,"name":"dot_EF/sk1_f_fire03"},{"time":3.2,"name":"dot_EF/sk1_f_fire04"},{"time":3.2666,"name":null},{"time":3.4333,"name":"dot_EF/id_f_fire02"},{"time":3.5333,"name":"dot_EF/id_f_fire03"},{"time":3.6333,"name":"dot_EF/id_f_fire04"},{"time":3.7333,"name":"dot_EF/id_f_fire05"},{"time":3.8333,"name":"dot_EF/id_f_fire06"}]},"grid/bg3":{"attachment":[{"time":3.7666,"name":null}]}},"bones":{"back_EF":{"translate":[{"time":1.9666,"x":0,"y":-10.86,"curve":"stepped"},{"time":3.4333,"x":0,"y":0}]},"front_EF":{"translate":[{"time":1.8333,"x":3,"y":-7.51,"curve":"stepped"},{"time":1.9666,"x":3,"y":-12.04,"curve":"stepped"},{"time":2.6333,"x":3,"y":-7.51,"curve":"stepped"},{"time":2.7666,"x":3,"y":-12.04,"curve":"stepped"},{"time":3.4333,"x":3,"y":-0.26}]},"MAIN":{"translate":[{"time":0,"x":0,"y":0,"curve":[0.126,0.93,0.562,1]},{"time":0.4666,"x":0,"y":129.87,"curve":"stepped"},{"time":0.6666,"x":0,"y":129.87,"curve":"stepped"},{"time":0.7333,"x":-1.11,"y":133.2,"curve":"stepped"},{"time":0.8,"x":0,"y":129.87,"curve":"stepped"},{"time":0.8666,"x":-1.11,"y":133.2,"curve":"stepped"},{"time":0.9333,"x":0,"y":129.87,"curve":"stepped"},{"time":1,"x":-1.11,"y":133.2,"curve":"stepped"},{"time":1.0666,"x":0,"y":129.87,"curve":"stepped"},{"time":1.1333,"x":-1.11,"y":133.2,"curve":"stepped"},{"time":1.2,"x":0,"y":129.87,"curve":"stepped"},{"time":1.2666,"x":-1.11,"y":133.2,"curve":"stepped"},{"time":1.3333,"x":0,"y":129.87,"curve":"stepped"},{"time":1.4,"x":-1.11,"y":133.2,"curve":"stepped"},{"time":1.5666,"x":-1.11,"y":133.2},{"time":3.2333,"x":-34.18,"y":124.28,"curve":[0.448,0,0.391,1]},{"time":3.6333,"x":-64.06,"y":-13.31,"curve":[0.46,0,0.75,1]},{"time":3.9,"x":-64.07,"y":0}]},"wing":{"translate":[{"time":1.5666,"x":-3.32,"y":4.44}]},"bless":{"translate":[{"time":0.5,"x":11.1,"y":158.72}]},"S1_fire1":{"rotate":[{"time":1.5666,"angle":0},{"time":3.2333,"angle":-11.19}],"translate":[{"time":1.5666,"x":-26.18,"y":112.37},{"time":3.2333,"x":-64.37,"y":103.64}],"scale":[{"time":1.5666,"x":1.733,"y":2.454},{"time":2.9666,"x":1.733,"y":2.541,"curve":[0.975,0,0.75,1]},{"time":3.2,"x":0.005,"y":2.557}]},"DAMAGEAREA":{"translate":[{"time":1.5666,"x":-287.42,"y":75.07},{"time":3.0666,"x":-349.63,"y":75.07}],"scale":[{"time":1.5666,"x":1.686,"y":1},{"time":3.0666,"x":2.301,"y":1}]}},"drawOrder":[{"time":1.5666,"offsets":[{"slot":"f_wing","offset":2}]},{"time":1.8333,"offsets":[{"slot":"front_EF","offset":3},{"slot":"f_wing","offset":2}]},{"time":2.6333,"offsets":[{"slot":"front_EF","offset":3},{"slot":"f_wing","offset":2}]}],"events":[{"time":0,"name":"Event","float":0.1,"string":"kHitStopType_enemyonly"},{"time":0,"name":"Sound2","string":"cri_se_battle_Flutter"},{"time":0.4666,"name":"Sound2","string":"cri_se_battle_Flutter"},{"time":0.6666,"name":"Sound1","string":"cri_se_battle_charge"},{"time":0.6666,"name":"Voice","string":"cri_136_voice_skill_all"},{"time":1.4666,"name":"Sound2","string":"cri_se_battle_Flutter"},{"time":1.5333,"name":"Sound1","string":"cri_se_battle_029_explosion_01"},{"time":1.5666,"name":"Event","string":"shakeGround"},{"time":1.5666,"name":"Sound3","string":"setHitSound(se_battle_explosion_short)"},{"time":1.6333,"name":"Event","string":"resetHitList"},{"time":1.7,"name":"Event","string":"resetHitList"},{"time":1.7666,"name":"Event","string":"resetHitList"},{"time":1.8333,"name":"Event","string":"resetHitList"},{"time":1.9,"name":"Event","string":"resetHitList"},{"time":1.9,"name":"Sound1","string":"cri_se_battle_skill_elxplosion"},{"time":1.9666,"name":"Event","string":"resetHitList"},{"time":2.0333,"name":"Event","string":"resetHitList"},{"time":2.1,"name":"Event","string":"resetHitList"},{"time":2.1,"name":"Sound2","string":"cri_se_battle_Flutter"},{"time":2.1666,"name":"Event","string":"resetHitList"},{"time":2.2333,"name":"Event","string":"resetHitList"},{"time":2.3,"name":"Event","string":"resetHitList"},{"time":2.3666,"name":"Event","string":"resetHitList"},{"time":2.4333,"name":"Event","string":"resetHitList"},{"time":2.5,"name":"Event","string":"resetHitList"},{"time":2.5666,"name":"Event","string":"resetHitList"},{"time":2.6333,"name":"Event","string":"resetHitList"},{"time":2.7,"name":"Event","string":"resetHitList"},{"time":2.7666,"name":"Event","string":"resetHitList"},{"time":2.8333,"name":"Event","string":"resetHitList"},{"time":2.9,"name":"Event","string":"resetHitList"},{"time":2.9,"name":"Sound2","string":"cri_se_battle_Flutter"},{"time":2.9666,"name":"Event","string":"resetHitList"},{"time":3.0333,"name":"Event","string":"resetHitList"},{"time":3.5333,"name":"Sound2","string":"cri_se_battle_Flutter"}]},"skill2":{"slots":{"DAMAGEAREA":{"attachment":[{"time":3.9333,"name":"DAMAGEAREA"},{"time":4.0333,"name":null},{"time":4.3333,"name":"DAMAGEAREA"},{"time":4.4,"name":null},{"time":5.1333,"name":"DAMAGEAREA"},{"time":5.2333,"name":null}]},"MAIN":{"attachment":[{"time":0,"name":"skill2_01"},{"time":0.1333,"name":"skill2_02"},{"time":0.2666,"name":"skill2_03"},{"time":0.4,"name":"skill2_04"},{"time":0.5666,"name":"skill2_05"},{"time":0.7,"name":"skill2_06"},{"time":0.8333,"name":"skill2_01"},{"time":0.9666,"name":"skill2_02"},{"time":1.1,"name":"skill2_03"},{"time":1.2333,"name":"skill2_04"},{"time":1.3666,"name":"skill2_05"},{"time":1.5,"name":"skill2_06"},{"time":1.6,"name":"skill2_07"},{"time":1.7,"name":"skill2_08"},{"time":1.9333,"name":"skill2_09"},{"time":2.0666,"name":"skill2_10"},{"time":2.1666,"name":"attack_11"},{"time":2.2666,"name":"skill2_12"},{"time":2.3333,"name":"skill2_13"},{"time":2.4,"name":"skill2_12"},{"time":2.4666,"name":"skill2_13"},{"time":2.5333,"name":"skill2_12"},{"time":2.6,"name":"skill2_13"},{"time":2.6666,"name":"skill2_12"},{"time":2.7333,"name":"skill2_13"},{"time":2.8,"name":"skill2_12"},{"time":2.8666,"name":"skill2_13"},{"time":2.9333,"name":"skill2_12"},{"time":3,"name":"skill2_13"},{"time":3.0666,"name":"skill2_12"},{"time":3.1333,"name":"skill2_13"},{"time":3.2,"name":"skill2_12"},{"time":3.2666,"name":"skill2_13"},{"time":3.3333,"name":"skill2_12"},{"time":3.4,"name":"skill2_13"},{"time":3.4666,"name":"skill2_12"},{"time":3.5333,"name":"skill2_13"},{"time":3.6,"name":"skill2_12"},{"time":3.6666,"name":"skill2_13"},{"time":3.7333,"name":"skill2_12"},{"time":3.8333,"name":"attack_08"},{"time":3.9,"name":"skill2_16"},{"time":3.9666,"name":"skill2_17"},{"time":4.0333,"name":"skill2_16"},{"time":4.1,"name":"skill2_17"},{"time":4.1666,"name":"skill2_16"},{"time":4.2333,"name":"skill2_17"},{"time":4.3,"name":"skill2_16"},{"time":4.3666,"name":"attack_11"},{"time":4.4666,"name":"skill2_13"},{"time":4.5666,"name":"skill2_12"},{"time":5.0333,"name":"skill2_17"},{"time":5.1,"name":"skill2_16"},{"time":5.1666,"name":"skill2_17"},{"time":5.2333,"name":"skill2_16"},{"time":5.3,"name":"skill2_17"},{"time":5.3666,"name":"skill2_16"},{"time":5.4333,"name":"skill2_17"},{"time":5.9333,"name":"attack_06"},{"time":6.0333,"name":"idle_02"},{"time":6.3,"name":"idle_03"},{"time":6.4,"name":"idle_04"},{"time":6.5,"name":"idle_05"},{"time":6.6,"name":"idle_06"},{"time":6.7666,"name":"idle_01"}]},"b_wing":{"attachment":[{"time":2.2666,"name":"sk2_f_wing12_b"},{"time":2.3333,"name":"sk2_f_wing13_b"},{"time":2.4,"name":"sk2_f_wing12_b"},{"time":2.4666,"name":"sk2_f_wing13_b"},{"time":2.5333,"name":"sk2_f_wing12_b"},{"time":2.6,"name":"sk2_f_wing13_b"},{"time":2.6666,"name":"sk2_f_wing12_b"},{"time":2.7333,"name":"sk2_f_wing13_b"},{"time":2.8,"name":"sk2_f_wing12_b"},{"time":2.8666,"name":"sk2_f_wing13_b"},{"time":2.9333,"name":"sk2_f_wing12_b"},{"time":3,"name":"sk2_f_wing13_b"},{"time":3.0666,"name":"sk2_f_wing12_b"},{"time":3.1333,"name":"sk2_f_wing13_b"},{"time":3.2,"name":"sk2_f_wing12_b"},{"time":3.2666,"name":"sk2_f_wing13_b"},{"time":3.3333,"name":"sk2_f_wing12_b"},{"time":3.4,"name":"sk2_f_wing13_b"},{"time":3.4666,"name":"sk2_f_wing12_b"},{"time":3.5333,"name":"sk2_f_wing13_b"},{"time":3.6,"name":"sk2_f_wing12_b"},{"time":3.6666,"name":"sk2_f_wing13_b"},{"time":3.7333,"name":"sk2_f_wing12_b"},{"time":3.8333,"name":null},{"time":4.4666,"name":"sk2_f_wing12_b"},{"time":4.5666,"name":"sk2_f_wing13_b"},{"time":5.0333,"name":null}]},"dot_EF/at_b_fire_01":{"attachment":[{"time":0,"name":"dot_EF/sk2_b_fire01"},{"time":0.1333,"name":"dot_EF/sk2_b_fire02"},{"time":0.2666,"name":"dot_EF/sk2_b_fire03"},{"time":0.4,"name":"dot_EF/sk2_b_fire04"},{"time":0.5666,"name":"dot_EF/sk2_b_fire05"},{"time":0.7,"name":"dot_EF/sk2_b_fire06"},{"time":0.8333,"name":"dot_EF/sk2_b_fire01"},{"time":0.9666,"name":"dot_EF/sk2_b_fire02"},{"time":1.1,"name":"dot_EF/sk2_b_fire03"},{"time":1.2333,"name":"dot_EF/sk2_b_fire04"},{"time":1.4,"name":"dot_EF/sk2_b_fire05"},{"time":1.5333,"name":"dot_EF/sk2_b_fire06"},{"time":1.6,"name":null},{"time":1.9333,"name":"dot_EF/sk2_b_fire03"},{"time":2.0666,"name":"dot_EF/sk2_b_fire04"},{"time":2.1666,"name":"dot_EF/sk2_b_fire05"},{"time":2.2666,"name":null},{"time":2.9333,"name":null},{"time":3.2,"name":null},{"time":6.0333,"name":"dot_EF/id_b_fire02"},{"time":6.3,"name":"dot_EF/id_b_fire03"},{"time":6.4,"name":"dot_EF/id_b_fire04"},{"time":6.5,"name":"dot_EF/id_b_fire05"},{"time":6.6,"name":"dot_EF/id_b_fire06"},{"time":6.7666,"name":"dot_EF/id_b_fire01"}]},"f_wing":{"attachment":[{"time":2.2666,"name":"sk2_f_wing12_a"},{"time":2.3333,"name":"sk2_f_wing13_a"},{"time":2.4,"name":"sk2_f_wing12_a"},{"time":2.4666,"name":"sk2_f_wing13_a"},{"time":2.5333,"name":"sk2_f_wing12_a"},{"time":2.6,"name":"sk2_f_wing13_a"},{"time":2.6666,"name":"sk2_f_wing12_a"},{"time":2.7333,"name":"sk2_f_wing13_a"},{"time":2.8,"name":"sk2_f_wing12_a"},{"time":2.8666,"name":"sk2_f_wing13_a"},{"time":2.9333,"name":"sk2_f_wing12_a"},{"time":3,"name":"sk2_f_wing13_a"},{"time":3.0666,"name":"sk2_f_wing12_a"},{"time":3.1333,"name":"sk2_f_wing13_a"},{"time":3.2,"name":"sk2_f_wing12_a"},{"time":3.2666,"name":"sk2_f_wing13_a"},{"time":3.3333,"name":"sk2_f_wing12_a"},{"time":3.4,"name":"sk2_f_wing13_a"},{"time":3.4666,"name":"sk2_f_wing12_a"},{"time":3.5333,"name":"sk2_f_wing13_a"},{"time":3.6,"name":"sk2_f_wing12_a"},{"time":3.6666,"name":"sk2_f_wing13_a"},{"time":3.7333,"name":"sk2_f_wing12_a"},{"time":3.8333,"name":null},{"time":4.4666,"name":"sk2_f_wing12_a"},{"time":4.5666,"name":"sk2_f_wing13_a"},{"time":5.0333,"name":null}]},"front_EF":{"attachment":[{"time":0,"name":"dot_EF/sk2_f_fire01"},{"time":0.1333,"name":"dot_EF/sk2_f_fire02"},{"time":0.2666,"name":"dot_EF/sk2_f_fire03"},{"time":0.4,"name":"dot_EF/sk2_f_fire04"},{"time":0.5666,"name":"dot_EF/sk2_f_fire05"},{"time":0.7,"name":"dot_EF/sk2_f_fire06"},{"time":0.8333,"name":"dot_EF/sk2_f_fire01"},{"time":0.9666,"name":"dot_EF/sk2_f_fire02"},{"time":1.1,"name":"dot_EF/sk2_f_fire03"},{"time":1.2333,"name":"dot_EF/sk2_f_fire04"},{"time":1.4,"name":"dot_EF/sk2_f_fire05"},{"time":1.5333,"name":"dot_EF/sk2_f_fire06"},{"time":1.6,"name":"dot_EF/sk2_f_fire07"},{"time":1.7,"name":"dot_EF/sk2_f_fire08"},{"time":1.9333,"name":"dot_EF/sk2_f_fire09"},{"time":2.0666,"name":"dot_EF/sk2_f_fire10"},{"time":2.1666,"name":"dot_EF/sk2_f_fire11"},{"time":2.2666,"name":"dot_EF/sk2_f_fire12"},{"time":2.3333,"name":"dot_EF/sk2_f_fire13"},{"time":2.4,"name":"dot_EF/sk2_f_fire12"},{"time":2.4666,"name":"dot_EF/sk2_f_fire13"},{"time":2.5333,"name":"dot_EF/sk2_f_fire12"},{"time":2.6,"name":"dot_EF/sk2_f_fire13"},{"time":2.6666,"name":"dot_EF/sk2_f_fire12"},{"time":2.7333,"name":"dot_EF/sk2_f_fire13"},{"time":2.8,"name":"dot_EF/sk2_f_fire12"},{"time":2.8666,"name":"dot_EF/sk2_f_fire13"},{"time":2.9333,"name":"dot_EF/sk2_f_fire12"},{"time":3,"name":"dot_EF/sk2_f_fire13"},{"time":3.0666,"name":"dot_EF/sk2_f_fire12"},{"time":3.1333,"name":"dot_EF/sk2_f_fire13"},{"time":3.2,"name":"dot_EF/sk2_f_fire12"},{"time":3.2666,"name":"dot_EF/sk2_f_fire13"},{"time":3.3333,"name":"dot_EF/sk2_f_fire12"},{"time":3.4,"name":"dot_EF/sk2_f_fire13"},{"time":3.4666,"name":"dot_EF/sk2_f_fire12"},{"time":3.5333,"name":"dot_EF/sk2_f_fire13"},{"time":3.6,"name":"dot_EF/sk2_f_fire12"},{"time":3.6666,"name":"dot_EF/sk2_f_fire13"},{"time":3.7333,"name":"dot_EF/sk2_f_fire12"},{"time":3.8333,"name":null},{"time":5.0333,"name":null},{"time":6.0333,"name":"dot_EF/id_f_fire02"},{"time":6.3,"name":"dot_EF/id_f_fire03"},{"time":6.4,"name":"dot_EF/id_f_fire04"},{"time":6.5,"name":"dot_EF/id_f_fire05"},{"time":6.6,"name":"dot_EF/id_f_fire06"},{"time":6.7666,"name":"dot_EF/id_f_fire01"}]}},"bones":{"back_EF":{"translate":[{"time":1.9333,"x":5.06,"y":12.65,"curve":"stepped"},{"time":6.0333,"x":5.06,"y":3.59,"curve":"stepped"},{"time":6.6,"x":5.06,"y":2.29}]},"MAIN":{"translate":[{"time":0,"x":0,"y":0,"curve":"stepped"},{"time":0.1333,"x":0,"y":-0.58,"curve":"stepped"},{"time":0.2666,"x":0,"y":26.36,"curve":"stepped"},{"time":0.4,"x":0,"y":50.36,"curve":"stepped"},{"time":0.5666,"x":0,"y":72.77,"curve":"stepped"},{"time":0.7,"x":0,"y":84.18,"curve":"stepped"},{"time":0.8333,"x":0,"y":83.86,"curve":"stepped"},{"time":0.9666,"x":0,"y":72.91,"curve":"stepped"},{"time":1.1,"x":0,"y":102.56,"curve":"stepped"},{"time":1.2333,"x":0,"y":138.67,"curve":"stepped"},{"time":1.3666,"x":0,"y":163.69,"curve":"stepped"},{"time":1.5,"x":0,"y":201.44,"curve":"stepped"},{"time":1.6,"x":0,"y":201.51,"curve":"stepped"},{"time":1.7,"x":8.53,"y":197.18,"curve":"stepped"},{"time":1.8,"x":13.4,"y":203.92,"curve":"stepped"},{"time":2.0666,"x":0,"y":203.35,"curve":"stepped"},{"time":2.1666,"x":-12.88,"y":199.67,"curve":"stepped"},{"time":2.2666,"x":-15.84,"y":198.3,"curve":"stepped"},{"time":2.9333,"x":-15.84,"y":198.3,"curve":"stepped"},{"time":3.2,"x":-15.84,"y":198.3,"curve":"stepped"},{"time":3.9,"x":-21.75,"y":221.21,"curve":"stepped"},{"time":5.9333,"x":-5.72,"y":167.94,"curve":"stepped"},{"time":6.0333,"x":-5.72,"y":167.94,"curve":[0.25,0,0.52,1]},{"time":6.3333,"x":0,"y":-22.33,"curve":[0.46,0,0.75,1]},{"time":6.6,"x":0,"y":10.52,"curve":[0.382,0,0.422,1]},{"time":6.7666,"x":0,"y":0}]},"b_wing":{"translate":[{"time":2.2666,"x":25.59,"y":127.99,"curve":"stepped"},{"time":2.4,"x":25.59,"y":127.99,"curve":"stepped"},{"time":2.5333,"x":25.59,"y":127.99,"curve":"stepped"},{"time":2.6666,"x":25.59,"y":127.99,"curve":"stepped"},{"time":2.8,"x":25.59,"y":127.99,"curve":"stepped"},{"time":2.9333,"x":25.59,"y":127.99,"curve":"stepped"},{"time":3.0666,"x":25.59,"y":127.99,"curve":"stepped"},{"time":3.2,"x":25.59,"y":127.99,"curve":"stepped"},{"time":3.3333,"x":25.59,"y":127.99,"curve":"stepped"},{"time":3.4666,"x":25.59,"y":127.99,"curve":"stepped"},{"time":3.6,"x":25.59,"y":127.99,"curve":"stepped"},{"time":3.7333,"x":25.59,"y":127.99,"curve":"stepped"},{"time":4.4666,"x":25.59,"y":127.99}]},"DAMAGEAREA":{"translate":[{"time":3.9333,"x":-8.3,"y":368.53,"curve":"stepped"},{"time":4.3333,"x":-8.3,"y":368.53,"curve":"stepped"},{"time":5.1333,"x":-23.99,"y":327.75}],"scale":[{"time":3.9333,"x":3.73,"y":3.802,"curve":"stepped"},{"time":4.3333,"x":3.73,"y":3.802,"curve":"stepped"},{"time":5.1333,"x":4.585,"y":4.637}]}},"drawOrder":[{"time":0.4,"offsets":[{"slot":"dot_EF/at_b_fire_01","offset":-4}]},{"time":0.8333,"offsets":[{"slot":"bless_EF","offset":1}]},{"time":1.2333,"offsets":[{"slot":"dot_EF/at_b_fire_01","offset":-4}]},{"time":1.9333,"offsets":[{"slot":"front_EF","offset":5}]},{"time":6.4,"offsets":[{"slot":"front_EF","offset":5},{"slot":"dot_EF/at_b_fire_01","offset":-4}]}],"events":[{"time":0,"name":"Event","float":0.15,"string":"kHitStopType_normal"},{"time":0.2333,"name":"Sound2","string":"cri_se_battle_Flutter"},{"time":0.2333,"name":"Voice","string":"cri_136_voice_fullarts_now"},{"time":1.2,"name":"Sound2","string":"cri_se_battle_Flutter"},{"time":1.9666,"name":"Sound2","string":"cri_se_battle_Flutter"},{"time":2.3666,"name":"Sound1","string":"cri_se_battle_charge_long"},{"time":2.3666,"name":"Voice","string":"cri_136_voice_fullarts_rank5"},{"time":2.4333,"name":"Event","float":2,"string":"shakeGround-Loop"},{"time":3.8333,"name":"Event","string":"runSkillEffect"},{"time":3.8666,"name":"Event","string":"shakeGround"},{"time":3.8666,"name":"Sound1","string":"cri_se_battle_029_explosion_01"},{"time":3.8666,"name":"Sound3","string":"setHitSound(se_battle_explosion_short)"},{"time":4.1666,"name":"Sound1","string":"cri_se_battle_029_explosion_01"},{"time":4.2333,"name":"Event","string":"shakeGround"},{"time":4.3333,"name":"Event","string":"resetHitList"},{"time":4.3333,"name":"Sound2","string":"cri_se_battle_Flutter"},{"time":4.8333,"name":"Event","string":"kImpactType-knock"},{"time":4.8666,"name":"Event","float":0.25,"string":"kHitStopType_normal"},{"time":4.9333,"name":"Event","string":"shakeGround"},{"time":4.9333,"name":"Sound1","string":"cri_se_battle_030_explosion_02"},{"time":5.1333,"name":"Event","string":"resetHitList"},{"time":6.3666,"name":"Sound2","string":"cri_se_battle_Flutter"}]}}}