{"skeleton":{"hash":"BnILNcUcwWsn7sQPgaXZwHTnPlo","spine":"3.0.12","width":0,"height":0},"bones":[{"name":"root"},{"name":"MAIN","parent":"root","y":119.15},{"name":"SHADOW-OFFSET","parent":"MAIN","scaleX":1.2},{"name":"HPBAR","parent":"MAIN","y":100.84},{"name":"HITBOX","parent":"MAIN"},{"name":"EF_wave","parent":"root","x":-100,"y":100,"scaleX":1.5,"scaleY":1.5},{"name":"EF_magic","parent":"root"},{"name":"DAMAGEAREA","parent":"root"}],"slots":[{"name":"grid/nounit(0.88)","bone":"root","color":"ffffff77"},{"name":"grid/nounit(0.88)2","bone":"root","color":"ffffff77"},{"name":"grid/grid","bone":"root"},{"name":"EF/690_S1_wave1/690_S1_wave1_00002","bone":"EF_wave","blend":"additive"},{"name":"EF/magic_5dark","bone":"EF_magic","blend":"additive"},{"name":"MAIN","bone":"MAIN","attachment":"idle_00"},{"name":"DAMAGEAREA","bone":"DAMAGEAREA"},{"name":"HITBOX","bone":"HITBOX","attachment":"HITBOX"}],"skins":{"default":{"DAMAGEAREA":{"DAMAGEAREA":{"type":"boundingbox","vertices":[98.33484,98.3934,-99.12201,98.3934,-99.91502,-99.85641,99.92082,-96.68443]}},"EF/690_S1_wave1/690_S1_wave1_00002":{"EF/690_S1_wave1/690_S1_wave1_00002":{"width":400,"height":400},"EF/690_S1_wave1/690_S1_wave1_00005":{"width":400,"height":400},"EF/690_S1_wave1/690_S1_wave1_00007":{"width":400,"height":400},"EF/690_S1_wave1/690_S1_wave1_00009":{"width":400,"height":400},"EF/690_S1_wave1/690_S1_wave1_00011":{"width":400,"height":400}},"EF/magic_5dark":{"EF/magic_5dark":{"type":"mesh","uvs":[1,1,0,1,0,0,1,0],"triangles":[1,2,3,1,3,0],"vertices":[150.2,-138.6,-149.79,-138.6,-149.79,161.39,150.2,161.39],"hull":4}},"HITBOX":{"HITBOX":{"type":"boundingbox","vertices":[-63.43705,-64.37655,39.65291,-63.58355,38.85985,44.26436,-62.64404,45.05734]}},"MAIN":{"attack_00":{"x":65,"y":11,"width":850,"height":782},"attack_01":{"x":65,"y":11,"width":850,"height":782},"attack_02":{"x":65,"y":11,"width":850,"height":782},"attack_03":{"x":65,"y":11,"width":850,"height":782},"attack_04":{"x":65,"y":11,"width":850,"height":782},"back_00":{"x":22,"y":-35,"width":850,"height":782},"damage_00":{"x":35,"y":-20,"width":850,"height":782},"front_00":{"x":30,"y":45,"width":850,"height":782},"idle_00":{"x":-4.38,"y":-9.54,"width":850,"height":782},"idle_01":{"x":-4.38,"y":-9.54,"width":850,"height":782},"idle_02":{"x":-4.38,"y":-9.54,"width":850,"height":782},"idle_03":{"x":-4.38,"y":-9.54,"width":850,"height":782},"idle_04":{"x":-4.38,"y":-9.54,"width":850,"height":782},"skill1_00":{"y":-45,"width":850,"height":782},"skill1_01":{"y":-45,"width":850,"height":782},"skill1_02":{"x":10,"y":-35,"width":850,"height":782},"skill1_03":{"y":-45,"width":850,"height":782},"skill1_04":{"x":80,"y":-15,"width":850,"height":782},"skill1_05":{"x":50,"width":850,"height":782},"skill1_06":{"x":60,"y":-5,"width":850,"height":782},"skill1_07":{"x":10,"y":-10,"width":850,"height":782},"skill1_08":{"x":10,"y":-10,"width":850,"height":782},"skill1_09":{"x":25,"y":-20,"width":850,"height":782},"skill1_10":{"x":35,"width":850,"height":782},"skill1_11":{"x":30,"y":-25,"width":850,"height":782},"skill1_12":{"x":30,"y":-25,"width":850,"height":782},"skill1_13":{"x":25,"y":-15,"width":850,"height":782},"skill1_14":{"x":25,"y":-15,"width":850,"height":782},"skill1_15":{"x":42.1,"y":18.34,"width":850,"height":782},"skill2_00":{"x":25,"y":-35,"width":850,"height":782},"skill2_01":{"x":25,"y":-35,"width":850,"height":782},"skill2_03":{"x":16.68,"y":-13.55,"width":850,"height":782},"skill2_04":{"x":95,"y":-10,"width":850,"height":782},"skill2_05":{"x":55,"y":-5,"width":850,"height":782}}}},"events":{"Event":{},"Hit":{},"HitEffect":{},"sound_1":{},"sound_2":{},"sound_3":{},"voice":{}},"animations":{"attack1":{"slots":{"MAIN":{"attachment":[{"time":0,"name":"attack_00"},{"time":0.0666,"name":"attack_01"},{"time":0.1333,"name":"attack_02"},{"time":0.5,"name":"attack_04"},{"time":0.6333,"name":"attack_03"},{"time":0.8333,"name":"attack_00"}]}},"bones":{"MAIN":{"rotate":[{"time":0,"angle":0,"curve":"stepped"},{"time":0.5,"angle":20,"curve":"stepped"},{"time":0.6333,"angle":10.61,"curve":"stepped"},{"time":0.8333,"angle":0}],"translate":[{"time":0,"x":-0.75,"y":-2.25,"curve":"stepped"},{"time":0.5,"x":0,"y":8.34,"curve":"stepped"},{"time":0.6333,"x":0,"y":0,"curve":"stepped"},{"time":0.8333,"x":0,"y":0}]}},"events":[{"time":0.5,"name":"Event","string":"addOrbitSystemShot(shot,exprosion,1)"},{"time":0.5,"name":"sound_1","string":"cri_se_battle_Flutter"},{"time":0.5,"name":"voice","string":"cri_035_voice_attack_a"}]},"back":{"slots":{"MAIN":{"attachment":[{"time":0,"name":"idle_00"},{"time":0.0666,"name":"back_00"},{"time":0.3333,"name":"idle_04"},{"time":0.4666,"name":"idle_01"},{"time":0.7666,"name":"idle_00"}]}},"bones":{"MAIN":{"translate":[{"time":0,"x":0,"y":0},{"time":0.0666,"x":1.65,"y":0},{"time":0.1666,"x":63.68,"y":7.04,"curve":[0.215,0.65,0.521,0.82]},{"time":0.3333,"x":130,"y":0.04,"curve":[0.3,0.77,0.75,1]},{"time":0.5333,"x":140,"y":0.04}]}},"events":[{"time":0.0666,"name":"sound_1","string":"cri_se_battle_Flutter"},{"time":0.3333,"name":"sound_1","string":"cri_se_battle_Flutter"}]},"cast":{"slots":{"MAIN":{"attachment":[{"time":0,"name":"attack_00"},{"time":0.0666,"name":"attack_01"},{"time":0.1333,"name":"attack_02"},{"time":0.5,"name":"attack_03"},{"time":0.6333,"name":"attack_04"},{"time":1,"name":"attack_04"}]}},"events":[{"time":0.5,"name":"sound_1","string":"cri_se_battle_Flutter"}]},"damage":{"slots":{"MAIN":{"attachment":[{"time":0,"name":"damage_00"}]}}},"front":{"slots":{"MAIN":{"attachment":[{"time":0,"name":"front_00"}]}},"bones":{"MAIN":{"rotate":[{"time":0,"angle":-7.26}],"translate":[{"time":0,"x":0,"y":-21.34}]}}},"idle":{"slots":{"MAIN":{"attachment":[{"time":0,"name":"idle_00"},{"time":0.1666,"name":"idle_01"},{"time":0.3666,"name":"idle_02"},{"time":0.5,"name":"idle_03"},{"time":0.6333,"name":"idle_04"},{"time":0.7666,"name":"idle_00"}]}},"bones":{"MAIN":{"translate":[{"time":0,"x":0,"y":0},{"time":0.1666,"x":0,"y":-5.89,"curve":[0.382,0.04,0.683,0.21]},{"time":0.3666,"x":0,"y":-4.08,"curve":[0.299,0.18,0.612,0.49]},{"time":0.5333,"x":0,"y":15.31},{"time":0.7666,"x":0,"y":0}]}},"events":[{"time":0.3666,"name":"sound_1","string":"cri_se_battle_Flutter"}]},"skill1":{"slots":{"DAMAGEAREA":{"attachment":[{"time":0.9333,"name":"DAMAGEAREA"},{"time":1.2666,"name":null},{"time":1.8333,"name":"DAMAGEAREA"},{"time":2.1333,"name":null}]},"EF/690_S1_wave1/690_S1_wave1_00002":{"attachment":[{"time":0.9333,"name":"EF/690_S1_wave1/690_S1_wave1_00002"},{"time":1,"name":"EF/690_S1_wave1/690_S1_wave1_00005"},{"time":1.0666,"name":"EF/690_S1_wave1/690_S1_wave1_00007"},{"time":1.1333,"name":"EF/690_S1_wave1/690_S1_wave1_00009"},{"time":1.2,"name":"EF/690_S1_wave1/690_S1_wave1_00011"},{"time":1.3,"name":null}],"color":[{"time":1.1666,"color":"ffffffff"},{"time":1.3,"color":"ffffff00"}]},"MAIN":{"attachment":[{"time":0,"name":"skill1_00"},{"time":0.1,"name":"skill1_01"},{"time":0.1666,"name":"back_00"},{"time":0.2,"name":"skill1_02"},{"time":0.3,"name":"skill1_03"},{"time":0.4,"name":"skill1_00"},{"time":0.5,"name":"skill1_04"},{"time":0.7666,"name":"skill1_05"},{"time":0.8333,"name":"skill1_06"},{"time":0.9,"name":"skill1_07"},{"time":0.9333,"name":"skill1_08"},{"time":0.9666,"name":"skill1_09"},{"time":1.1333,"name":"skill1_11"},{"time":1.4,"name":"skill1_12"},{"time":1.8333,"name":"skill1_13"},{"time":1.9,"name":"skill1_14"},{"time":1.9666,"name":"skill1_15"}]}},"bones":{"MAIN":{"rotate":[{"time":0.7666,"angle":25.13},{"time":0.8,"angle":-31.47},{"time":0.8333,"angle":-5.47},{"time":0.8666,"angle":-8.81},{"time":0.9,"angle":17.8},{"time":0.9666,"angle":5.61}],"translate":[{"time":0,"x":0,"y":0,"curve":[0.25,0,0.756,0.88]},{"time":0.1333,"x":0,"y":-28.01,"curve":[0.169,0.56,0.526,0.85]},{"time":0.7333,"x":72.82,"y":279.41},{"time":0.8333,"x":-117.92,"y":-43.91},{"time":0.9333,"x":-200.63,"y":-79.31},{"time":0.9666,"x":-250.27,"y":-72.82},{"time":1.4,"x":-271.77,"y":-70.67}]},"EF_wave":{"translate":[{"time":0.9333,"x":-118.88,"y":-77.69}],"scale":[{"time":0.9333,"x":1,"y":1},{"time":1.2666,"x":1.43,"y":1.43}]},"DAMAGEAREA":{"translate":[{"time":0.9333,"x":-227.55,"y":52.01},{"time":1.1666,"x":-227.55,"y":55.13,"curve":"stepped"},{"time":1.8333,"x":-441.36,"y":31.72},{"time":1.9666,"x":-474.14,"y":-1.04,"curve":"stepped"},{"time":2,"x":-474.14,"y":-1.04}],"scale":[{"time":0.9333,"x":1,"y":0.734},{"time":1.1666,"x":2.42,"y":0.814,"curve":"stepped"},{"time":1.8333,"x":1.54,"y":0.751},{"time":1.9666,"x":1.802,"y":0.891,"curve":"stepped"},{"time":2,"x":1.802,"y":0.891}]}},"events":[{"time":0,"name":"Event","float":0.1,"string":"kHitStopType_normal"},{"time":0,"name":"HitEffect","string":"setHitEffect(hit04c,1,0.6,1)"},{"time":0.1666,"name":"sound_1","string":"cri_se_battle_Flutter"},{"time":0.4,"name":"sound_1","string":"cri_se_battle_Flutter"},{"time":0.7666,"name":"sound_1","string":"cri_se_battle_Flutter"},{"time":0.7666,"name":"sound_2","string":"cri_se_battle_sword_swish_heavy"},{"time":0.7666,"name":"voice","string":"cri_035_voice_skill"},{"time":0.9333,"name":"Event","string":"kImpactType_knock"},{"time":0.9333,"name":"sound_1","string":"cri_se_battle_037_explosion_element_05"},{"time":0.9333,"name":"sound_2","string":"cri_se_battle_monster_landing"},{"time":0.9333,"name":"sound_3","string":"cri_se_battle_monster_hit"},{"time":0.9666,"name":"Event","string":"shakeGround"},{"time":0.9666,"name":"sound_3","string":"setHitSound(se_battle_007_attack_hit_01)"},{"time":1.8333,"name":"Event","float":0.05,"string":"kHitStopType_enemyonly"},{"time":1.8333,"name":"Hit","string":"resetHitList"},{"time":1.8333,"name":"HitEffect","string":"setHitEffect(hit04c,1,0.6,50)"},{"time":1.8333,"name":"sound_1","string":"cri_se_battle_033_explosion_element_01"},{"time":1.8333,"name":"voice","string":"cri_035_voice_attack_b"},{"time":1.9666,"name":"Hit","string":"resetHitList"},{"time":2.1,"name":"Hit","string":"resetHitList"}]},"skill2":{"slots":{"DAMAGEAREA":{"attachment":[{"time":1.2666,"name":"DAMAGEAREA"},{"time":1.5333,"name":null},{"time":1.6333,"name":"DAMAGEAREA"},{"time":2.1666,"name":null}]},"EF/690_S1_wave1/690_S1_wave1_00002":{"attachment":[{"time":1.2,"name":"EF/690_S1_wave1/690_S1_wave1_00002"},{"time":1.2666,"name":"EF/690_S1_wave1/690_S1_wave1_00005"},{"time":1.3333,"name":"EF/690_S1_wave1/690_S1_wave1_00007"},{"time":1.4,"name":"EF/690_S1_wave1/690_S1_wave1_00009"},{"time":1.4666,"name":"EF/690_S1_wave1/690_S1_wave1_00011"},{"time":1.5333,"name":null},{"time":1.8333,"name":"EF/690_S1_wave1/690_S1_wave1_00002"},{"time":1.8666,"name":"EF/690_S1_wave1/690_S1_wave1_00005"},{"time":1.9,"name":"EF/690_S1_wave1/690_S1_wave1_00007"},{"time":1.9333,"name":"EF/690_S1_wave1/690_S1_wave1_00009"},{"time":1.9666,"name":"EF/690_S1_wave1/690_S1_wave1_00011"},{"time":2,"name":null}]},"EF/magic_5dark":{"attachment":[{"time":1.2,"name":"EF/magic_5dark"},{"time":2.1333,"name":null}]},"MAIN":{"attachment":[{"time":0,"name":"idle_00"},{"time":0.0666,"name":"skill2_00"},{"time":0.1333,"name":"skill2_01"},{"time":0.5,"name":"skill2_03"},{"time":0.8666,"name":"skill1_04"},{"time":1.1,"name":"front_00"},{"time":1.2,"name":"skill2_05"},{"time":1.4,"name":"skill1_10"},{"time":1.4666,"name":"skill1_11"},{"time":1.5333,"name":"skill1_12"},{"time":1.6333,"name":"skill1_13"},{"time":1.7666,"name":"skill1_14"},{"time":1.8333,"name":"skill1_15"},{"time":2.6666,"name":"skill1_14"}]}},"bones":{"MAIN":{"rotate":[{"time":0.5,"angle":10.98,"curve":"stepped"},{"time":1.1,"angle":55.91,"curve":"stepped"},{"time":1.2,"angle":0}],"translate":[{"time":0,"x":0,"y":0,"curve":[0.177,0.6,0.711,0.9]},{"time":0.4666,"x":0,"y":-63.95,"curve":[0.274,0.58,0.583,0.9]},{"time":0.6666,"x":-96.54,"y":782.08,"curve":"stepped"},{"time":0.8666,"x":-96.54,"y":782.08,"curve":[0.316,0.66,0.648,1]},{"time":1.0666,"x":-98.39,"y":765.54,"curve":[0.298,0.36,0.635,0.69]},{"time":1.1,"x":-102.17,"y":324.51,"curve":[0.329,0.57,0.711,0.89]},{"time":1.1666,"x":-210.92,"y":-38.04,"curve":[0.366,0.67,0.703,1]},{"time":1.2,"x":-267.9,"y":-70.69},{"time":1.2333,"x":-262.06,"y":-81.55},{"time":1.2666,"x":-256.21,"y":-69.38},{"time":1.3,"x":-277.96,"y":-92.46},{"time":1.3333,"x":-280.74,"y":-98.52},{"time":1.3666,"x":-279.21,"y":-92.01,"curve":"stepped"},{"time":1.4,"x":-279.21,"y":-92.01,"curve":"stepped"},{"time":1.4666,"x":-279.21,"y":-66.44,"curve":"stepped"},{"time":1.6333,"x":-279.21,"y":-82.31}]},"EF_wave":{"translate":[{"time":1.2,"x":-161.66,"y":-53.88,"curve":"stepped"},{"time":1.8333,"x":-161.66,"y":-0.31}],"scale":[{"time":1.2,"x":1.75,"y":2},{"time":1.5,"x":2.333,"y":2.666,"curve":"stepped"},{"time":1.8333,"x":3,"y":3.666}]},"EF_magic":{"translate":[{"time":1.2,"x":-264.69,"y":-12.68}],"scale":[{"time":1.2,"x":1,"y":0.223},{"time":1.4,"x":1.779,"y":0.397}]},"DAMAGEAREA":{"translate":[{"time":1.2666,"x":-263.01,"y":-14.51,"curve":"stepped"},{"time":1.6333,"x":-263.01,"y":-14.51},{"time":1.8333,"x":-263.01,"y":102.2,"curve":"stepped"},{"time":1.8666,"x":-263.01,"y":102.2}],"scale":[{"time":1.2666,"x":2.446,"y":0.604},{"time":1.5,"x":5.56,"y":0.604,"curve":"stepped"},{"time":1.6333,"x":0.668,"y":0.604},{"time":1.8333,"x":3.306,"y":1.816,"curve":"stepped"},{"time":1.8666,"x":2.833,"y":1.643},{"time":2.2666,"x":2.921,"y":1.694}]}},"ffd":{"default":{"EF/magic_5dark":{"EF/magic_5dark":[{"time":1.4},{"time":2.1333,"vertices":[-31.27394,-25.77532,-25.77481,31.27394,31.27439,25.77482,25.77534,-31.2744]}]}}},"events":[{"time":0,"name":"Event","float":0.2,"string":"kHitStopType_normal"},{"time":0,"name":"HitEffect","string":"setHitEffect(hit02c,1,0.6,50)"},{"time":0.5,"name":"Event","float":0.4,"string":"shakeGround_Loop"},{"time":0.5,"name":"sound_1","string":"cri_se_battle_monster_jump"},{"time":0.5,"name":"sound_2","string":"cri_se_battle_Flutter"},{"time":0.5,"name":"sound_3","string":"cri_se_battle_magic_Invocation_dark"},{"time":0.8666,"name":"Event","int":345,"string":"setPosition_Target"},{"time":1.1,"name":"sound_1","string":"cri_se_battle_skill_shot"},{"time":1.1,"name":"voice","string":"cri_035_voice_fullarts_now"},{"time":1.2,"name":"sound_1","string":"cri_se_battle_monster_landing"},{"time":1.2333,"name":"sound_1","string":"cri_se_battle_magic_Invocation_dark"},{"time":1.2666,"name":"Event","string":"kImpactType_knock"},{"time":1.3,"name":"Event","string":"shakeGround"},{"time":1.6,"name":"Event","string":"setHitBackEnemy(10,10)"},{"time":1.6333,"name":"Event","float":0.1,"string":"kHitStopType_enemyonly"},{"time":1.6333,"name":"Hit","string":"resetHitList"},{"time":1.6333,"name":"sound_1","string":"cri_se_battle_darkness_explosion"},{"time":1.6333,"name":"sound_2","string":"cri_se_battle_monster_hit"},{"time":1.6333,"name":"sound_3","string":"cri_se_battle_thunder_small"},{"time":1.7333,"name":"Event","float":1.5,"string":"shakeGround_Loop"},{"time":1.8333,"name":"Hit","string":"resetHitList"},{"time":1.8333,"name":"sound_1","string":"setHitSound(se_battle_explosion_short)"},{"time":2,"name":"Hit","string":"resetHitList"},{"time":2.1,"name":"Event","string":"setHitBackEnemy(80,60)"},{"time":2.1333,"name":"Hit","string":"resetHitList"}]}}}