{"skeleton":{"hash":"WOO+lgoGo/YNRTkfdqsQE2LdFjQ","spine":"3.0.12","width":0,"height":0},"bones":[{"name":"root"},{"name":"MAIN","parent":"root","y":60},{"name":"emotion","parent":"MAIN","x":3.15,"y":33.64,"scaleX":0.5,"scaleY":0.5},{"name":"weapon_01","parent":"root","x":100}],"slots":[{"name":"MAIN","bone":"MAIN","attachment":"idle_00"},{"name":"EF/EF_01","bone":"emotion"},{"name":"EF/EF_04","bone":"weapon_01"}],"skins":{"default":{"EF/EF_01":{"Dot_EF/EF_01":{"x":-4.27,"y":19.75,"scaleX":2,"scaleY":2,"width":512,"height":512},"Dot_EF/EF_02":{"x":-4.27,"y":19.75,"scaleX":2,"scaleY":2,"width":512,"height":512},"Dot_EF/EF_03":{"x":-7,"y":30.67,"scaleX":2,"scaleY":2,"width":512,"height":512}},"EF/EF_04":{"Dot_EF/EF_04":{"x":1.2,"y":-3.17,"width":512,"height":512}},"MAIN":{"idle_00":{"x":-7.08,"y":16.19,"width":512,"height":512},"idle_01":{"x":-7.08,"y":16.19,"width":512,"height":512},"idle_02":{"x":-7.08,"y":16.19,"width":512,"height":512},"idle_03":{"x":-7.08,"y":16.19,"width":512,"height":512},"idle_04":{"x":-7.08,"y":16.19,"width":512,"height":512},"idle_05":{"x":-7.08,"y":16.19,"width":512,"height":512},"skill1_00":{"x":-7.08,"y":16.19,"width":512,"height":512},"skill1_01":{"x":-7.08,"y":16.19,"width":512,"height":512},"skill1_06":{"x":-7.08,"y":16.19,"width":512,"height":512},"skill1_07":{"x":-7.08,"y":16.19,"width":512,"height":512},"skill1_08":{"x":-7.08,"y":16.19,"width":512,"height":512},"skill1_09":{"x":-7.08,"y":16.19,"width":512,"height":512},"skill1_10":{"x":-7.08,"y":16.19,"width":512,"height":512},"skill1_23":{"x":-7.08,"y":16.19,"width":512,"height":512},"skill2_00":{"x":-7.08,"y":16.19,"width":512,"height":512},"skill2_16":{"x":-7.08,"y":16.19,"width":512,"height":512},"skill2_17":{"x":-7.08,"y":16.19,"width":512,"height":512},"skill2_18":{"x":-7.08,"y":16.19,"width":512,"height":512},"skill2_19":{"x":-7.08,"y":16.19,"width":512,"height":512},"skill2_20":{"x":-7.08,"y":16.19,"width":512,"height":512}}}},"events":{"Event1":{},"Hit":{"string":"resetHitList"}},"animations":{"idle":{"slots":{"EF/EF_04":{"attachment":[{"time":10.2333,"name":"Dot_EF/EF_04"},{"time":11.0666,"name":"Dot_EF/EF_04"},{"time":11.9,"name":"Dot_EF/EF_04"},{"time":12.7333,"name":null}]},"MAIN":{"attachment":[{"time":0,"name":"idle_00"},{"time":0.2,"name":"idle_01"},{"time":0.4,"name":"idle_02"},{"time":0.6,"name":"idle_03"},{"time":0.8,"name":"idle_04"},{"time":1,"name":"idle_05"},{"time":1.2,"name":"idle_00"},{"time":1.4,"name":"idle_01"},{"time":1.6,"name":"idle_02"},{"time":1.8,"name":"idle_03"},{"time":2,"name":"idle_04"},{"time":2.2,"name":"idle_05"},{"time":2.4,"name":"idle_00"},{"time":2.6,"name":"idle_01"},{"time":2.8,"name":"idle_02"},{"time":3,"name":"idle_03"},{"time":3.2,"name":"idle_04"},{"time":3.4,"name":"idle_05"},{"time":3.6,"name":"idle_00"},{"time":3.8,"name":"idle_01"},{"time":4,"name":"idle_02"},{"time":4.2,"name":"idle_03"},{"time":4.4,"name":"idle_04"},{"time":4.6,"name":"idle_05"},{"time":4.8,"name":"skill2_16"},{"time":4.8666,"name":"skill2_17"},{"time":4.9333,"name":"skill2_16"},{"time":5,"name":"skill2_17"},{"time":5.0666,"name":"skill2_16"},{"time":5.1333,"name":"skill2_17"},{"time":5.2,"name":"skill2_16"},{"time":5.2666,"name":"skill2_17"},{"time":5.3333,"name":"skill2_18"},{"time":5.4333,"name":"skill2_19"},{"time":5.5,"name":"skill2_20"},{"time":6.4666,"name":"skill1_23"},{"time":6.6333,"name":"idle_00"},{"time":6.8333,"name":"idle_01"},{"time":7.0333,"name":"idle_02"},{"time":7.2333,"name":"idle_03"},{"time":7.4333,"name":"idle_04"},{"time":7.6333,"name":"idle_05"},{"time":7.8333,"name":"idle_00"},{"time":8.0333,"name":"idle_01"},{"time":8.2333,"name":"idle_02"},{"time":8.4333,"name":"idle_03"},{"time":8.6333,"name":"idle_04"},{"time":8.8333,"name":"idle_05"},{"time":9.0333,"name":"idle_00"},{"time":9.2333,"name":"idle_01"},{"time":9.4333,"name":"idle_02"},{"time":9.6333,"name":"idle_03"},{"time":9.8333,"name":"idle_04"},{"time":10.0333,"name":"idle_05"},{"time":10.2333,"name":"skill1_06"},{"time":10.3333,"name":"skill1_07"},{"time":10.4333,"name":"skill1_08"},{"time":10.5333,"name":"skill1_09"},{"time":10.6333,"name":"skill1_06"},{"time":10.7333,"name":"skill1_07"},{"time":10.8333,"name":"skill1_08"},{"time":10.9333,"name":"skill1_09"},{"time":11.0666,"name":"skill1_06"},{"time":11.1666,"name":"skill1_07"},{"time":11.2666,"name":"skill1_08"},{"time":11.3666,"name":"skill1_09"},{"time":11.4666,"name":"skill1_06"},{"time":11.5666,"name":"skill1_07"},{"time":11.6666,"name":"skill1_08"},{"time":11.7666,"name":"skill1_09"},{"time":11.9,"name":"skill1_06"},{"time":12,"name":"skill1_07"},{"time":12.1,"name":"skill1_08"},{"time":12.2,"name":"skill1_09"},{"time":12.3,"name":"skill1_06"},{"time":12.4,"name":"skill1_07"},{"time":12.5,"name":"skill1_08"},{"time":12.6,"name":"skill1_09"},{"time":12.7333,"name":"skill1_10"},{"time":13.6666,"name":"skill1_00"},{"time":13.8,"name":"skill1_01"},{"time":13.9333,"name":"skill1_00"},{"time":14.1333,"name":"idle_00"},{"time":14.3333,"name":"idle_01"},{"time":14.5333,"name":"idle_02"},{"time":14.7333,"name":"idle_03"},{"time":14.9333,"name":"idle_04"},{"time":15.1333,"name":"idle_05"},{"time":15.3333,"name":"idle_00"}]}},"bones":{"MAIN":{"rotate":[{"time":0,"angle":0,"curve":"stepped"},{"time":4.8,"angle":12.06,"curve":[0.098,0.86,0.29,0.9]},{"time":4.9666,"angle":-12.1,"curve":[0.073,0.63,0.21,0.82]},{"time":5.1,"angle":12.06,"curve":[0.041,0.46,0.16,0.85]},{"time":5.3,"angle":-12.1,"curve":"stepped"},{"time":5.3333,"angle":0}],"translate":[{"time":0,"x":0,"y":0,"curve":"stepped"},{"time":4.8,"x":-28.85,"y":2.06,"curve":[0.098,0.86,0.29,0.9]},{"time":4.9666,"x":-4.12,"y":1.37,"curve":[0.073,0.63,0.21,0.82]},{"time":5.1,"x":-28.85,"y":2.06,"curve":[0.041,0.46,0.16,0.85]},{"time":5.3,"x":-4.12,"y":1.37,"curve":"stepped"},{"time":5.3333,"x":0,"y":0,"curve":"stepped"},{"time":12.7333,"x":0,"y":2.74,"curve":"stepped"},{"time":12.8666,"x":6.2,"y":0,"curve":"stepped"},{"time":13,"x":18.61,"y":1,"curve":"stepped"},{"time":13.1,"x":18.61,"y":0,"curve":"stepped"},{"time":13.6666,"x":0,"y":0}],"scale":[{"time":0,"x":1,"y":1,"curve":"stepped"},{"time":6.4666,"x":-1,"y":1,"curve":"stepped"},{"time":6.6333,"x":1,"y":1,"curve":"stepped"},{"time":10.2333,"x":-1,"y":1,"curve":"stepped"},{"time":10.6333,"x":1,"y":1,"curve":"stepped"},{"time":11.0666,"x":-1,"y":1,"curve":"stepped"},{"time":11.4666,"x":1,"y":1,"curve":"stepped"},{"time":11.9,"x":-1,"y":1,"curve":"stepped"},{"time":12.3,"x":1,"y":1}]},"weapon_01":{"translate":[{"time":10.2333,"x":-96.64,"y":158.23,"curve":"stepped"},{"time":10.3333,"x":-83.89,"y":107.26,"curve":"stepped"},{"time":10.4333,"x":-129.56,"y":55.22,"curve":"stepped"},{"time":10.5333,"x":-64.78,"y":46.72,"curve":"stepped"},{"time":10.6333,"x":-116.82,"y":121.06,"curve":"stepped"},{"time":10.7333,"x":-98.76,"y":89.2,"curve":"stepped"},{"time":10.8333,"x":-64.78,"y":56.28,"curve":"stepped"},{"time":10.9333,"x":-128.5,"y":110.44,"curve":"stepped"},{"time":11,"x":-114.98,"y":141.98,"curve":"stepped"},{"time":11.0666,"x":-96.64,"y":158.23,"curve":"stepped"},{"time":11.1666,"x":-83.89,"y":107.26,"curve":"stepped"},{"time":11.2666,"x":-129.56,"y":55.22,"curve":"stepped"},{"time":11.3666,"x":-64.78,"y":46.72,"curve":"stepped"},{"time":11.4666,"x":-116.82,"y":121.06,"curve":"stepped"},{"time":11.5666,"x":-98.76,"y":89.2,"curve":"stepped"},{"time":11.6666,"x":-64.78,"y":56.28,"curve":"stepped"},{"time":11.7666,"x":-128.5,"y":110.44,"curve":"stepped"},{"time":11.8333,"x":-114.98,"y":141.98,"curve":"stepped"},{"time":11.9,"x":-96.64,"y":158.23,"curve":"stepped"},{"time":12,"x":-83.89,"y":107.26,"curve":"stepped"},{"time":12.1,"x":-129.56,"y":55.22,"curve":"stepped"},{"time":12.2,"x":-64.78,"y":46.72,"curve":"stepped"},{"time":12.3,"x":-116.82,"y":121.06,"curve":"stepped"},{"time":12.4,"x":-98.76,"y":89.2,"curve":"stepped"},{"time":12.5,"x":-64.78,"y":56.28,"curve":"stepped"},{"time":12.6,"x":-128.5,"y":110.44,"curve":"stepped"},{"time":12.6666,"x":-114.98,"y":141.98}]}}},"idle2":{"slots":{"MAIN":{"attachment":[{"time":0,"name":"idle_00"},{"time":0.2,"name":"idle_01"},{"time":0.4,"name":"idle_02"},{"time":0.6,"name":"idle_03"},{"time":0.8,"name":"idle_04"},{"time":1,"name":"idle_05"},{"time":1.2,"name":"idle_00"}]}}},"in":{"slots":{"MAIN":{"attachment":[{"time":0,"name":"skill2_16"},{"time":0.0666,"name":"skill2_17"},{"time":0.1333,"name":"skill2_16"},{"time":0.2,"name":"skill2_17"},{"time":0.2666,"name":"skill2_16"},{"time":0.3333,"name":"skill2_17"},{"time":0.4,"name":"skill2_16"},{"time":0.4666,"name":"skill2_17"},{"time":0.5333,"name":"skill2_18"},{"time":0.6333,"name":"skill2_19"},{"time":0.7,"name":"skill2_20"},{"time":1,"name":"skill1_23"},{"time":1.1666,"name":"idle_00"},{"time":1.3333,"name":"idle_00"}]}},"bones":{"MAIN":{"rotate":[{"time":0,"angle":0}],"translate":[{"time":0,"x":0,"y":333.39,"curve":[0.652,0.11,0.936,0.39]},{"time":0.4333,"x":0,"y":247.21},{"time":0.6666,"x":0,"y":-2.13,"curve":"stepped"},{"time":0.7,"x":0,"y":2.62,"curve":"stepped"},{"time":0.7333,"x":0,"y":0}],"scale":[{"time":1,"x":-1,"y":1,"curve":"stepped"},{"time":1.1666,"x":1,"y":1}]}}},"skill1":{"slots":{"EF/EF_01":{"attachment":[{"time":1.2666,"name":"Dot_EF/EF_01"},{"time":1.3333,"name":null},{"time":1.4,"name":"Dot_EF/EF_01"},{"time":1.4666,"name":null}]},"EF/EF_04":{"attachment":[{"time":1.7,"name":"Dot_EF/EF_04"},{"time":2.5333,"name":null}]},"MAIN":{"attachment":[{"time":0,"name":"skill1_00"},{"time":0.1,"name":"skill1_01"},{"time":0.2,"name":"skill1_00"},{"time":0.3,"name":"skill1_01"},{"time":0.4,"name":"skill1_00"},{"time":1.7,"name":"skill1_06"},{"time":1.8,"name":"skill1_07"},{"time":1.9,"name":"skill1_08"},{"time":2,"name":"skill1_09"},{"time":2.1,"name":"skill1_06"},{"time":2.2,"name":"skill1_07"},{"time":2.3,"name":"skill1_08"},{"time":2.4,"name":"skill1_09"},{"time":2.5333,"name":"skill1_10"},{"time":5.9,"name":"idle_00"},{"time":6,"name":"idle_00"}]}},"bones":{"MAIN":{"rotate":[{"time":2.5333,"angle":0,"curve":[0.073,0.76,0.75,1]},{"time":3.0666,"angle":-11.47},{"time":3.1,"angle":-10.39,"curve":"stepped"},{"time":3.1333,"angle":0,"curve":[0.13,0.79,0.75,1]},{"time":3.2,"angle":10.18,"curve":"stepped"},{"time":3.3666,"angle":0}],"translate":[{"time":0.5333,"x":-6.05,"y":0,"curve":"stepped"},{"time":1.2666,"x":0,"y":0,"curve":"stepped"},{"time":2.5333,"x":0,"y":0},{"time":2.5666,"x":17.49,"y":8.82},{"time":2.6333,"x":26.61,"y":-2.52},{"time":2.6666,"x":36.62,"y":0},{"time":2.7333,"x":43.88,"y":-2.52,"curve":[0.097,0.79,0.75,1]},{"time":3.0666,"x":50.4,"y":-2.52},{"time":3.1,"x":43.29,"y":-2.52,"curve":"stepped"},{"time":3.1333,"x":23.46,"y":0,"curve":[0.13,0.79,0.75,1]},{"time":3.2666,"x":-9.94,"y":0,"curve":[0.147,0.85,0.75,1]},{"time":3.5666,"x":-75.01,"y":0,"curve":"stepped"},{"time":4.0666,"x":-61.47,"y":0,"curve":"stepped"},{"time":4.1666,"x":-31.55,"y":-2.59},{"time":4.4666,"x":163.64,"y":-0.32,"curve":[0.094,0.84,0.75,1]},{"time":4.8333,"x":200,"y":0}],"scale":[{"time":0.5333,"x":1,"y":1,"curve":"stepped"},{"time":1.7,"x":-1,"y":1,"curve":"stepped"},{"time":2.1,"x":1,"y":1,"curve":"stepped"},{"time":2.5333,"x":1,"y":1}]},"weapon_01":{"translate":[{"time":1.7,"x":-96.64,"y":158.23,"curve":"stepped"},{"time":1.8,"x":-83.89,"y":107.26,"curve":"stepped"},{"time":1.9,"x":-129.56,"y":55.22,"curve":"stepped"},{"time":2,"x":-64.78,"y":46.72,"curve":"stepped"},{"time":2.1,"x":-116.82,"y":121.06,"curve":"stepped"},{"time":2.2,"x":-98.76,"y":89.2,"curve":"stepped"},{"time":2.3,"x":-64.78,"y":56.28,"curve":"stepped"},{"time":2.4,"x":-128.5,"y":110.44,"curve":"stepped"},{"time":2.4666,"x":-114.98,"y":141.98}]}},"events":[{"time":3.2666,"name":"Event1","string":"addOrbitSystem_firebomb"}]},"skill2":{"slots":{"MAIN":{"attachment":[{"time":0,"name":"skill2_00"},{"time":3.2,"name":"skill2_16"},{"time":3.2666,"name":"skill2_17"},{"time":3.3333,"name":"skill2_16"},{"time":3.4,"name":"skill2_17"},{"time":3.4666,"name":"skill2_16"},{"time":3.5333,"name":"skill2_17"},{"time":3.6,"name":"skill2_16"},{"time":3.6666,"name":"skill2_17"},{"time":3.7333,"name":"skill2_18"},{"time":3.8,"name":"skill2_19"},{"time":3.9,"name":"skill2_20"},{"time":4.6666,"name":"idle_00"}]}},"bones":{"MAIN":{"rotate":[{"time":1.4666,"angle":-16.03,"curve":"stepped"},{"time":3.2,"angle":0}],"translate":[{"time":0,"x":0,"y":0,"curve":"stepped"},{"time":0.2,"x":0,"y":0,"curve":[0.15,0.82,0.536,1]},{"time":1,"x":0,"y":335.05,"curve":"stepped"},{"time":2.9,"x":0,"y":335.05,"curve":[0.695,0,0.956,0.17]},{"time":3.7,"x":0,"y":247.21},{"time":3.8,"x":0,"y":-2.13,"curve":"stepped"},{"time":3.8333,"x":0,"y":2.62,"curve":"stepped"},{"time":3.9,"x":0,"y":0}],"scale":[{"time":4.5666,"x":-1,"y":1,"curve":"stepped"},{"time":4.6666,"x":1,"y":1}]}},"events":[{"time":1.6666,"name":"Event1","string":"setHitEffect(hit02d, 0)"},{"time":1.7,"name":"Event1","float":0.01,"string":"kHitStopType_normal"},{"time":1.9333,"name":"Hit"},{"time":2,"name":"Hit"},{"time":2.0666,"name":"Hit"},{"time":2.1333,"name":"Hit"},{"time":2.3666,"name":"Hit"},{"time":2.4333,"name":"Hit"},{"time":2.5,"name":"Hit"},{"time":2.5666,"name":"Hit"},{"time":2.6333,"name":"Hit"},{"time":2.8,"name":"Hit"},{"time":2.8666,"name":"Hit"},{"time":2.9333,"name":"Hit"},{"time":3,"name":"Hit"},{"time":3.0666,"name":"Hit"}]}}}