{"skeleton":{"hash":"EJAxQUQnXsQ8KcKWzKmBNNgVTaM","spine":"3.0.12","width":612,"height":454},"bones":[{"name":"root"},{"name":"MAIN","parent":"root","y":70},{"name":"MAIN_DOT_EF","parent":"MAIN"},{"name":"EF_MAIN","parent":"root"},{"name":"ef_tuti_green","parent":"EF_MAIN","x":900},{"name":"ef_trust_shadow_main3","parent":"EF_MAIN","x":800,"y":600},{"name":"ef_trust_shadow_main2","parent":"EF_MAIN","x":800,"y":600},{"name":"ef_trust_shadow_main","parent":"EF_MAIN","x":800,"y":600},{"name":"ef_trust_main6","parent":"EF_MAIN","x":700,"y":300},{"name":"ef_trust_main5","parent":"EF_MAIN","x":700,"y":300},{"name":"ef_trust_main4","parent":"EF_MAIN","x":700,"y":300},{"name":"ef_trust_main3","parent":"EF_MAIN","x":700,"y":300},{"name":"ef_trust_main2","parent":"EF_MAIN","x":700,"y":300},{"name":"ef_trust_main","parent":"EF_MAIN","x":700,"y":300},{"name":"ef_slash_rot_main4","parent":"EF_MAIN","x":700,"y":400},{"name":"ef_slash_rot_main3","parent":"EF_MAIN","x":700,"y":400},{"name":"ef_slash_rot_main2","parent":"EF_MAIN","x":700,"y":400},{"name":"ef_slash_rot_main","parent":"EF_MAIN","x":700,"y":400},{"name":"ef_slash_A_main","parent":"EF_MAIN","x":700,"y":500},{"name":"ef_rot_wave_main2","parent":"EF_MAIN","x":800},{"name":"ef_rot_wave_main","parent":"EF_MAIN","x":800},{"name":"ef_graund_wave_green3","parent":"EF_MAIN","x":700},{"name":"ef_graund_wave_green2","parent":"EF_MAIN","x":700},{"name":"ef_graund_wave_green","parent":"EF_MAIN","x":700},{"name":"ef_graund_shock_main","parent":"EF_MAIN","x":700,"y":600},{"name":"ef_graund_earth_green15","parent":"EF_MAIN","x":600},{"name":"ef_graund_earth_green14","parent":"EF_MAIN","x":600},{"name":"ef_graund_earth_green13","parent":"EF_MAIN","x":600},{"name":"ef_graund_earth_green12","parent":"EF_MAIN","x":600},{"name":"ef_graund_earth_green11","parent":"EF_MAIN","x":600},{"name":"ef_graund_earth_green10","parent":"EF_MAIN","x":600},{"name":"ef_graund_earth_green9","parent":"EF_MAIN","x":600},{"name":"ef_graund_earth_green8","parent":"EF_MAIN","x":600},{"name":"ef_graund_earth_green7","parent":"EF_MAIN","x":600},{"name":"ef_graund_earth_green6","parent":"EF_MAIN","x":600},{"name":"ef_graund_earth_green5","parent":"EF_MAIN","x":600},{"name":"ef_graund_earth_green4","parent":"EF_MAIN","x":600},{"name":"ef_graund_earth_green3","parent":"EF_MAIN","x":600},{"name":"ef_graund_earth_green2","parent":"EF_MAIN","x":600},{"name":"ef_graund_earth_green","parent":"EF_MAIN","x":600},{"name":"ef_ex_main","parent":"EF_MAIN","x":500},{"name":"ef_dash_green2","parent":"EF_MAIN","x":400},{"name":"ef_dash_green","parent":"EF_MAIN","x":400},{"name":"DOT","parent":"EF_MAIN","scaleX":2,"scaleY":2},{"name":"DAMAGEAREA","parent":"root"},{"name":"smash_attack_A_green","parent":"EF_MAIN","x":800,"y":500},{"name":"smash_attack_A_green2","parent":"EF_MAIN","x":800,"y":500},{"name":"smash_attack_A_green3","parent":"EF_MAIN","x":800,"y":500},{"name":"smash_wave_A_green","parent":"EF_MAIN","x":800,"y":400},{"name":"smash_wave_A_green2","parent":"EF_MAIN","x":800,"y":400},{"name":"smash_wave_A_green3","parent":"EF_MAIN","x":800,"y":400}],"slots":[{"name":"ef_graund_earth_green","bone":"ef_graund_earth_green","blend":"additive"},{"name":"ef_graund_earth_green2","bone":"ef_graund_earth_green2","blend":"additive"},{"name":"ef_graund_earth_green3","bone":"ef_graund_earth_green3","blend":"additive"},{"name":"ef_graund_earth_green4","bone":"ef_graund_earth_green4","blend":"additive"},{"name":"ef_graund_earth_green5","bone":"ef_graund_earth_green5","blend":"additive"},{"name":"ef_graund_earth_green6","bone":"ef_graund_earth_green6","blend":"additive"},{"name":"ef_graund_earth_green7","bone":"ef_graund_earth_green7","blend":"additive"},{"name":"ef_graund_earth_green8","bone":"ef_graund_earth_green8","blend":"additive"},{"name":"ef_graund_earth_green9","bone":"ef_graund_earth_green9","blend":"additive"},{"name":"ef_graund_earth_green10","bone":"ef_graund_earth_green10","blend":"additive"},{"name":"ef_graund_earth_green11","bone":"ef_graund_earth_green11","blend":"additive"},{"name":"ef_graund_earth_green12","bone":"ef_graund_earth_green12","blend":"additive"},{"name":"ef_graund_earth_green13","bone":"ef_graund_earth_green13","blend":"additive"},{"name":"ef_graund_earth_green14","bone":"ef_graund_earth_green14","blend":"additive"},{"name":"ef_graund_earth_green15","bone":"ef_graund_earth_green15","blend":"additive"},{"name":"ef_graund_shock_main","bone":"ef_graund_shock_main","blend":"additive"},{"name":"ef_graund_wave_green","bone":"ef_graund_wave_green","blend":"additive"},{"name":"ef_graund_wave_green2","bone":"ef_graund_wave_green2","blend":"additive"},{"name":"ef_graund_wave_green3","bone":"ef_graund_wave_green3","blend":"additive"},{"name":"ef_rot_wave_main","bone":"ef_rot_wave_main","blend":"additive"},{"name":"ef_rot_wave_main2","bone":"ef_rot_wave_main2","blend":"additive"},{"name":"ef_ex_main","bone":"ef_ex_main","blend":"additive"},{"name":"MAIN","bone":"MAIN","attachment":"idle_00"},{"name":"ef_ex_main2","bone":"ef_ex_main","blend":"additive"},{"name":"skill1_02_EF","bone":"MAIN_DOT_EF"},{"name":"skill2_00_EF","bone":"MAIN_DOT_EF"},{"name":"DOT","bone":"DOT","blend":"additive"},{"name":"ef_dash_green","bone":"ef_dash_green","blend":"additive"},{"name":"ef_dash_green2","bone":"ef_dash_green2","blend":"additive"},{"name":"ef_slash_A_main","bone":"ef_slash_A_main","blend":"additive"},{"name":"ef_slash_rot_main","bone":"ef_slash_rot_main","blend":"additive"},{"name":"ef_slash_rot_main2","bone":"ef_slash_rot_main2","blend":"additive"},{"name":"ef_slash_rot_main3","bone":"ef_slash_rot_main3","blend":"additive"},{"name":"ef_slash_rot_main4","bone":"ef_slash_rot_main4","blend":"additive"},{"name":"ef_trust_main","bone":"ef_trust_main","blend":"additive"},{"name":"ef_trust_main4","bone":"ef_trust_main4","blend":"additive"},{"name":"ef_trust_main5","bone":"ef_trust_main5","blend":"additive"},{"name":"ef_trust_main6","bone":"ef_trust_main6","blend":"additive"},{"name":"ef_trust_main3","bone":"ef_trust_main3","blend":"additive"},{"name":"ef_trust_main2","bone":"ef_trust_main2","blend":"additive"},{"name":"ef_trust_shadow_main","bone":"ef_trust_shadow_main"},{"name":"ef_trust_shadow_main2","bone":"ef_trust_shadow_main2"},{"name":"ef_trust_shadow_main3","bone":"ef_trust_shadow_main3"},{"name":"ef_tuti_green","bone":"ef_tuti_green","blend":"additive"},{"name":"smash_wave_A_green","bone":"smash_wave_A_green","blend":"additive"},{"name":"smash_wave_A_green3","bone":"smash_wave_A_green3","blend":"additive"},{"name":"smash_wave_A_green2","bone":"smash_wave_A_green2","blend":"additive"},{"name":"smash_attack_A_green","bone":"smash_attack_A_green","blend":"additive"},{"name":"smash_attack_A_green3","bone":"smash_attack_A_green3","blend":"additive"},{"name":"smash_attack_A_green2","bone":"smash_attack_A_green2","blend":"additive"},{"name":"DAMAGEAREA","bone":"DAMAGEAREA"}],"skins":{"default":{"DAMAGEAREA":{"DAMAGEAREA":{"type":"boundingbox","vertices":[-164.33408,187.72812,-164.33405,-4.61586,82.09277,-4.71686,81.80467,187.47998]}},"DOT":{"ef/DOT/attack1_04_EF":{"width":306,"height":227},"ef/DOT/attack1_05_EF":{"width":306,"height":227},"ef/DOT/attack1_06_EF":{"width":306,"height":227},"ef/DOT/attack1_07_EF":{"width":306,"height":227},"ef/DOT/attack1_08_EF":{"width":306,"height":227}},"MAIN":{"attack1_00":{"x":-16.48,"y":9.46,"scaleX":2,"scaleY":2,"width":306,"height":227},"attack1_01":{"x":-16.48,"y":9.46,"scaleX":2,"scaleY":2,"width":306,"height":227},"attack1_02":{"x":-16.48,"y":9.46,"scaleX":2,"scaleY":2,"width":306,"height":227},"attack1_03":{"x":-16.48,"y":9.46,"scaleX":2,"scaleY":2,"width":306,"height":227},"attack1_04":{"x":-16.48,"y":9.46,"scaleX":2,"scaleY":2,"width":306,"height":227},"attack1_05":{"x":-16.48,"y":9.46,"scaleX":2,"scaleY":2,"width":306,"height":227},"attack1_06":{"x":-16.48,"y":9.46,"scaleX":2,"scaleY":2,"width":306,"height":227},"attack1_07":{"x":-16.48,"y":9.46,"scaleX":2,"scaleY":2,"width":306,"height":227},"attack1_08":{"x":-16.48,"y":9.46,"scaleX":2,"scaleY":2,"width":306,"height":227},"attack1_09":{"x":-16.48,"y":9.46,"scaleX":2,"scaleY":2,"width":306,"height":227},"attack1_10":{"x":-16.48,"y":9.46,"scaleX":2,"scaleY":2,"width":306,"height":227},"attack1_11":{"x":-16.48,"y":9.46,"scaleX":2,"scaleY":2,"width":306,"height":227},"attack1_12":{"x":-16.48,"y":9.46,"scaleX":2,"scaleY":2,"width":306,"height":227},"back_00":{"x":-16.48,"y":9.46,"scaleX":2,"scaleY":2,"width":306,"height":227},"damage_00":{"x":-16.48,"y":9.46,"scaleX":2,"scaleY":2,"width":306,"height":227},"front_00":{"x":-16.48,"y":9.46,"scaleX":2,"scaleY":2,"width":306,"height":227},"idle_00":{"x":-16.48,"y":9.46,"scaleX":2,"scaleY":2,"width":306,"height":227},"idle_01":{"x":-16.48,"y":9.46,"scaleX":2,"scaleY":2,"width":306,"height":227},"idle_02":{"x":-16.48,"y":9.46,"scaleX":2,"scaleY":2,"width":306,"height":227},"idle_03":{"x":-16.48,"y":9.46,"scaleX":2,"scaleY":2,"width":306,"height":227},"skill1_00":{"x":-16.48,"y":9.46,"scaleX":2,"scaleY":2,"width":306,"height":227},"skill1_01":{"x":-16.48,"y":9.46,"scaleX":2,"scaleY":2,"width":306,"height":227},"skill1_02":{"x":-16.48,"y":9.46,"scaleX":2,"scaleY":2,"width":306,"height":227},"skill1_03":{"x":-16.48,"y":9.46,"scaleX":2,"scaleY":2,"width":306,"height":227},"skill1_04":{"x":-16.48,"y":9.46,"scaleX":2,"scaleY":2,"width":306,"height":227},"skill1_05":{"x":-16.48,"y":9.46,"scaleX":2,"scaleY":2,"width":306,"height":227},"skill1_06":{"x":-16.48,"y":9.46,"scaleX":2,"scaleY":2,"width":306,"height":227},"skill1_07":{"x":-16.48,"y":9.46,"scaleX":2,"scaleY":2,"width":306,"height":227},"skill1_08":{"x":-16.48,"y":9.46,"scaleX":2,"scaleY":2,"width":306,"height":227},"skill1_09":{"x":-16.48,"y":9.46,"scaleX":2,"scaleY":2,"width":306,"height":227},"skill1_10":{"x":-16.48,"y":9.46,"scaleX":2,"scaleY":2,"width":306,"height":227},"skill1_11":{"x":-16.48,"y":9.46,"scaleX":2,"scaleY":2,"width":306,"height":227},"skill1_12":{"x":-16.48,"y":9.46,"scaleX":2,"scaleY":2,"width":306,"height":227},"skill1_13":{"x":-16.48,"y":9.46,"scaleX":2,"scaleY":2,"width":306,"height":227},"skill1_14":{"x":-16.48,"y":9.46,"scaleX":2,"scaleY":2,"width":306,"height":227},"skill1_15":{"x":-16.48,"y":9.46,"scaleX":2,"scaleY":2,"width":306,"height":227},"skill1_16":{"x":-16.48,"y":9.46,"scaleX":2,"scaleY":2,"width":306,"height":227},"skill1_17":{"x":-16.48,"y":9.46,"scaleX":2,"scaleY":2,"width":306,"height":227},"skill1_18":{"x":-16.48,"y":9.46,"scaleX":2,"scaleY":2,"width":306,"height":227},"skill2_00":{"x":-16.48,"y":9.46,"scaleX":2,"scaleY":2,"width":306,"height":227},"skill2_01":{"x":-16.48,"y":9.46,"scaleX":2,"scaleY":2,"width":306,"height":227},"skill2_02":{"x":-16.48,"y":9.46,"scaleX":2,"scaleY":2,"width":306,"height":227},"skill2_03":{"x":-16.48,"y":9.46,"scaleX":2,"scaleY":2,"width":306,"height":227},"skill2_04":{"x":-16.48,"y":9.46,"scaleX":2,"scaleY":2,"width":306,"height":227},"skill2_05":{"x":-16.48,"y":9.46,"scaleX":2,"scaleY":2,"width":306,"height":227},"skill2_06":{"x":-16.48,"y":9.46,"scaleX":2,"scaleY":2,"width":306,"height":227},"skill2_07":{"x":-16.48,"y":9.46,"scaleX":2,"scaleY":2,"width":306,"height":227},"skill2_08":{"x":-16.48,"y":9.46,"scaleX":2,"scaleY":2,"width":306,"height":227}},"ef_dash_green":{"ef/ef_dash_green/ef_dash_green_00001":{"x":78.8,"y":28.57,"scaleX":2,"scaleY":2,"width":180,"height":180},"ef/ef_dash_green/ef_dash_green_00002":{"x":78.8,"y":28.57,"scaleX":2,"scaleY":2,"width":180,"height":180},"ef/ef_dash_green/ef_dash_green_00003":{"x":78.8,"y":28.57,"scaleX":2,"scaleY":2,"width":180,"height":180},"ef/ef_dash_green/ef_dash_green_00004":{"x":78.8,"y":28.57,"scaleX":2,"scaleY":2,"width":180,"height":180},"ef/ef_dash_green/ef_dash_green_00005":{"x":78.8,"y":28.57,"scaleX":2,"scaleY":2,"width":180,"height":180},"ef/ef_dash_green/ef_dash_green_00006":{"x":78.8,"y":28.57,"scaleX":2,"scaleY":2,"width":180,"height":180},"ef/ef_dash_green/ef_dash_green_00007":{"x":78.8,"y":28.57,"scaleX":2,"scaleY":2,"width":180,"height":180},"ef/ef_dash_green/ef_dash_green_00008":{"x":78.8,"y":28.57,"scaleX":2,"scaleY":2,"width":180,"height":180},"ef/ef_dash_green/ef_dash_green_00009":{"x":78.8,"y":28.57,"scaleX":2,"scaleY":2,"width":180,"height":180},"ef/ef_dash_green/ef_dash_green_00010":{"x":78.8,"y":28.57,"scaleX":2,"scaleY":2,"width":180,"height":180},"ef/ef_dash_green/ef_dash_green_00011":{"x":78.8,"y":28.57,"scaleX":2,"scaleY":2,"width":180,"height":180},"ef/ef_dash_green/ef_dash_green_00012":{"x":78.8,"y":28.57,"scaleX":2,"scaleY":2,"width":180,"height":180},"ef/ef_dash_green/ef_dash_green_00013":{"x":78.8,"y":28.57,"scaleX":2,"scaleY":2,"width":180,"height":180}},"ef_dash_green2":{"ef/ef_dash_green/ef_dash_green_00001":{"x":78.8,"y":28.57,"scaleX":2,"scaleY":2,"width":180,"height":180},"ef/ef_dash_green/ef_dash_green_00002":{"x":78.8,"y":28.57,"scaleX":2,"scaleY":2,"width":180,"height":180},"ef/ef_dash_green/ef_dash_green_00003":{"x":78.8,"y":28.57,"scaleX":2,"scaleY":2,"width":180,"height":180},"ef/ef_dash_green/ef_dash_green_00004":{"x":78.8,"y":28.57,"scaleX":2,"scaleY":2,"width":180,"height":180},"ef/ef_dash_green/ef_dash_green_00005":{"x":78.8,"y":28.57,"scaleX":2,"scaleY":2,"width":180,"height":180},"ef/ef_dash_green/ef_dash_green_00006":{"x":78.8,"y":28.57,"scaleX":2,"scaleY":2,"width":180,"height":180},"ef/ef_dash_green/ef_dash_green_00007":{"x":78.8,"y":28.57,"scaleX":2,"scaleY":2,"width":180,"height":180},"ef/ef_dash_green/ef_dash_green_00008":{"x":78.8,"y":28.57,"scaleX":2,"scaleY":2,"width":180,"height":180},"ef/ef_dash_green/ef_dash_green_00009":{"x":78.8,"y":28.57,"scaleX":2,"scaleY":2,"width":180,"height":180},"ef/ef_dash_green/ef_dash_green_00010":{"x":78.8,"y":28.57,"scaleX":2,"scaleY":2,"width":180,"height":180},"ef/ef_dash_green/ef_dash_green_00011":{"x":78.8,"y":28.57,"scaleX":2,"scaleY":2,"width":180,"height":180},"ef/ef_dash_green/ef_dash_green_00012":{"x":78.8,"y":28.57,"scaleX":2,"scaleY":2,"width":180,"height":180},"ef/ef_dash_green/ef_dash_green_00013":{"x":78.8,"y":28.57,"scaleX":2,"scaleY":2,"width":180,"height":180}},"ef_ex_main":{"ef/ef_ex_main/ef_ex_main_00001":{"y":103.08,"scaleX":2,"scaleY":2,"width":188,"height":150},"ef/ef_ex_main/ef_ex_main_00002":{"y":103.08,"scaleX":2,"scaleY":2,"width":188,"height":150},"ef/ef_ex_main/ef_ex_main_00003":{"y":103.08,"scaleX":2,"scaleY":2,"width":188,"height":150},"ef/ef_ex_main/ef_ex_main_00004":{"y":103.08,"scaleX":2,"scaleY":2,"width":188,"height":150},"ef/ef_ex_main/ef_ex_main_00005":{"y":103.08,"scaleX":2,"scaleY":2,"width":188,"height":150},"ef/ef_ex_main/ef_ex_main_00006":{"y":103.08,"scaleX":2,"scaleY":2,"width":188,"height":150},"ef/ef_ex_main/ef_ex_main_00007":{"y":103.08,"scaleX":2,"scaleY":2,"width":188,"height":150},"ef/ef_ex_main/ef_ex_main_00008":{"y":103.08,"scaleX":2,"scaleY":2,"width":188,"height":150},"ef/ef_ex_main/ef_ex_main_00009":{"y":103.08,"scaleX":2,"scaleY":2,"width":188,"height":150},"ef/ef_ex_main/ef_ex_main_00010":{"y":103.08,"scaleX":2,"scaleY":2,"width":188,"height":150},"ef/ef_ex_main/ef_ex_main_00011":{"y":103.08,"scaleX":2,"scaleY":2,"width":188,"height":150},"ef/ef_ex_main/ef_ex_main_00012":{"y":103.08,"scaleX":2,"scaleY":2,"width":188,"height":150},"ef/ef_ex_main/ef_ex_main_00013":{"y":103.08,"scaleX":2,"scaleY":2,"width":188,"height":150}},"ef_ex_main2":{"ef/ef_ex_main/ef_ex_main_00001":{"y":103.08,"scaleX":2,"scaleY":2,"width":188,"height":150},"ef/ef_ex_main/ef_ex_main_00002":{"y":103.08,"scaleX":2,"scaleY":2,"width":188,"height":150},"ef/ef_ex_main/ef_ex_main_00003":{"y":103.08,"scaleX":2,"scaleY":2,"width":188,"height":150},"ef/ef_ex_main/ef_ex_main_00004":{"y":103.08,"scaleX":2,"scaleY":2,"width":188,"height":150},"ef/ef_ex_main/ef_ex_main_00005":{"y":103.08,"scaleX":2,"scaleY":2,"width":188,"height":150},"ef/ef_ex_main/ef_ex_main_00006":{"y":103.08,"scaleX":2,"scaleY":2,"width":188,"height":150},"ef/ef_ex_main/ef_ex_main_00007":{"y":103.08,"scaleX":2,"scaleY":2,"width":188,"height":150},"ef/ef_ex_main/ef_ex_main_00008":{"y":103.08,"scaleX":2,"scaleY":2,"width":188,"height":150},"ef/ef_ex_main/ef_ex_main_00009":{"y":103.08,"scaleX":2,"scaleY":2,"width":188,"height":150},"ef/ef_ex_main/ef_ex_main_00010":{"y":103.08,"scaleX":2,"scaleY":2,"width":188,"height":150},"ef/ef_ex_main/ef_ex_main_00011":{"y":103.08,"scaleX":2,"scaleY":2,"width":188,"height":150},"ef/ef_ex_main/ef_ex_main_00012":{"y":103.08,"scaleX":2,"scaleY":2,"width":188,"height":150},"ef/ef_ex_main/ef_ex_main_00013":{"y":103.08,"scaleX":2,"scaleY":2,"width":188,"height":150}},"ef_graund_earth_green":{"ef/ef_graund_earth_green/ef_graund_earth_green_00005":{"y":6.26,"width":250,"height":250}},"ef_graund_earth_green10":{"ef/ef_graund_earth_green/ef_graund_earth_green_00005":{"y":6.26,"width":250,"height":250}},"ef_graund_earth_green11":{"ef/ef_graund_earth_green/ef_graund_earth_green_00005":{"y":6.26,"width":250,"height":250}},"ef_graund_earth_green12":{"ef/ef_graund_earth_green/ef_graund_earth_green_00005":{"y":6.26,"width":250,"height":250}},"ef_graund_earth_green13":{"ef/ef_graund_earth_green/ef_graund_earth_green_00005":{"y":6.26,"width":250,"height":250}},"ef_graund_earth_green14":{"ef/ef_graund_earth_green/ef_graund_earth_green_00005":{"y":6.26,"width":250,"height":250}},"ef_graund_earth_green15":{"ef/ef_graund_earth_green/ef_graund_earth_green_00005":{"y":6.26,"width":250,"height":250}},"ef_graund_earth_green2":{"ef/ef_graund_earth_green/ef_graund_earth_green_00005":{"y":6.26,"width":250,"height":250}},"ef_graund_earth_green3":{"ef/ef_graund_earth_green/ef_graund_earth_green_00005":{"y":6.26,"width":250,"height":250}},"ef_graund_earth_green4":{"ef/ef_graund_earth_green/ef_graund_earth_green_00005":{"y":6.26,"width":250,"height":250}},"ef_graund_earth_green5":{"ef/ef_graund_earth_green/ef_graund_earth_green_00005":{"y":6.26,"width":250,"height":250}},"ef_graund_earth_green6":{"ef/ef_graund_earth_green/ef_graund_earth_green_00005":{"y":6.26,"width":250,"height":250}},"ef_graund_earth_green7":{"ef/ef_graund_earth_green/ef_graund_earth_green_00005":{"y":6.26,"width":250,"height":250}},"ef_graund_earth_green8":{"ef/ef_graund_earth_green/ef_graund_earth_green_00005":{"y":6.26,"width":250,"height":250}},"ef_graund_earth_green9":{"ef/ef_graund_earth_green/ef_graund_earth_green_00005":{"y":6.26,"width":250,"height":250}},"ef_graund_shock_main":{"ef/ef_graund_shock_main/ef_graund_shock_main_00001":{"x":2.76,"y":9.09,"scaleX":2,"scaleY":2,"width":250,"height":150},"ef/ef_graund_shock_main/ef_graund_shock_main_00002":{"x":2.76,"y":9.09,"scaleX":2,"scaleY":2,"width":250,"height":150},"ef/ef_graund_shock_main/ef_graund_shock_main_00003":{"x":2.76,"y":9.09,"scaleX":2,"scaleY":2,"width":250,"height":150},"ef/ef_graund_shock_main/ef_graund_shock_main_00004":{"x":2.76,"y":9.09,"scaleX":2,"scaleY":2,"width":250,"height":150}},"ef_graund_wave_green":{"ef/ef_graund_wave_green/ef_graund_wave_green_00001":{"y":15.52,"width":315,"height":180},"ef/ef_graund_wave_green/ef_graund_wave_green_00002":{"y":15.52,"width":315,"height":180},"ef/ef_graund_wave_green/ef_graund_wave_green_00003":{"y":15.52,"width":315,"height":180},"ef/ef_graund_wave_green/ef_graund_wave_green_00004":{"y":15.52,"width":315,"height":180},"ef/ef_graund_wave_green/ef_graund_wave_green_00005":{"y":15.52,"width":315,"height":180},"ef/ef_graund_wave_green/ef_graund_wave_green_00006":{"y":15.52,"width":315,"height":180},"ef/ef_graund_wave_green/ef_graund_wave_green_00007":{"y":15.52,"width":315,"height":180},"ef/ef_graund_wave_green/ef_graund_wave_green_00008":{"y":15.52,"width":315,"height":180},"ef/ef_graund_wave_green/ef_graund_wave_green_00009":{"y":15.52,"width":315,"height":180},"ef/ef_graund_wave_green/ef_graund_wave_green_00010":{"y":15.52,"width":315,"height":180},"ef/ef_graund_wave_green/ef_graund_wave_green_00011":{"y":15.52,"width":315,"height":180},"ef/ef_graund_wave_green/ef_graund_wave_green_00012":{"y":15.52,"width":315,"height":180},"ef/ef_graund_wave_green/ef_graund_wave_green_00013":{"y":15.52,"width":315,"height":180},"ef/ef_graund_wave_green/ef_graund_wave_green_00014":{"y":15.52,"width":315,"height":180}},"ef_graund_wave_green2":{"ef/ef_graund_wave_green/ef_graund_wave_green_00001":{"y":15.52,"width":315,"height":180},"ef/ef_graund_wave_green/ef_graund_wave_green_00002":{"y":15.52,"width":315,"height":180},"ef/ef_graund_wave_green/ef_graund_wave_green_00003":{"y":15.52,"width":315,"height":180},"ef/ef_graund_wave_green/ef_graund_wave_green_00004":{"y":15.52,"width":315,"height":180},"ef/ef_graund_wave_green/ef_graund_wave_green_00005":{"y":15.52,"width":315,"height":180},"ef/ef_graund_wave_green/ef_graund_wave_green_00006":{"y":15.52,"width":315,"height":180},"ef/ef_graund_wave_green/ef_graund_wave_green_00007":{"y":15.52,"width":315,"height":180},"ef/ef_graund_wave_green/ef_graund_wave_green_00008":{"y":15.52,"width":315,"height":180},"ef/ef_graund_wave_green/ef_graund_wave_green_00009":{"y":15.52,"width":315,"height":180},"ef/ef_graund_wave_green/ef_graund_wave_green_00010":{"y":15.52,"width":315,"height":180},"ef/ef_graund_wave_green/ef_graund_wave_green_00011":{"y":15.52,"width":315,"height":180},"ef/ef_graund_wave_green/ef_graund_wave_green_00012":{"y":15.52,"width":315,"height":180},"ef/ef_graund_wave_green/ef_graund_wave_green_00013":{"y":15.52,"width":315,"height":180},"ef/ef_graund_wave_green/ef_graund_wave_green_00014":{"y":15.52,"width":315,"height":180}},"ef_graund_wave_green3":{"ef/ef_graund_wave_green/ef_graund_wave_green_00001":{"y":15.52,"width":315,"height":180},"ef/ef_graund_wave_green/ef_graund_wave_green_00002":{"y":15.52,"width":315,"height":180},"ef/ef_graund_wave_green/ef_graund_wave_green_00003":{"y":15.52,"width":315,"height":180},"ef/ef_graund_wave_green/ef_graund_wave_green_00004":{"y":15.52,"width":315,"height":180},"ef/ef_graund_wave_green/ef_graund_wave_green_00005":{"y":15.52,"width":315,"height":180},"ef/ef_graund_wave_green/ef_graund_wave_green_00006":{"y":15.52,"width":315,"height":180},"ef/ef_graund_wave_green/ef_graund_wave_green_00007":{"y":15.52,"width":315,"height":180},"ef/ef_graund_wave_green/ef_graund_wave_green_00008":{"y":15.52,"width":315,"height":180},"ef/ef_graund_wave_green/ef_graund_wave_green_00009":{"y":15.52,"width":315,"height":180},"ef/ef_graund_wave_green/ef_graund_wave_green_00010":{"y":15.52,"width":315,"height":180},"ef/ef_graund_wave_green/ef_graund_wave_green_00011":{"y":15.52,"width":315,"height":180},"ef/ef_graund_wave_green/ef_graund_wave_green_00012":{"y":15.52,"width":315,"height":180},"ef/ef_graund_wave_green/ef_graund_wave_green_00013":{"y":15.52,"width":315,"height":180},"ef/ef_graund_wave_green/ef_graund_wave_green_00014":{"y":15.52,"width":315,"height":180}},"ef_rot_wave_main":{"ef/ef_rot_wave_main/ef_rot_wave_main_00001":{"y":13.85,"width":315,"height":150},"ef/ef_rot_wave_main/ef_rot_wave_main_00002":{"y":13.85,"width":315,"height":150},"ef/ef_rot_wave_main/ef_rot_wave_main_00003":{"y":13.85,"width":315,"height":150},"ef/ef_rot_wave_main/ef_rot_wave_main_00004":{"y":13.85,"width":315,"height":150},"ef/ef_rot_wave_main/ef_rot_wave_main_00005":{"y":13.85,"width":315,"height":150},"ef/ef_rot_wave_main/ef_rot_wave_main_00006":{"y":13.85,"width":315,"height":150},"ef/ef_rot_wave_main/ef_rot_wave_main_00007":{"y":13.85,"width":315,"height":150},"ef/ef_rot_wave_main/ef_rot_wave_main_00008":{"y":13.85,"width":315,"height":150},"ef/ef_rot_wave_main/ef_rot_wave_main_00009":{"y":13.85,"width":315,"height":150},"ef/ef_rot_wave_main/ef_rot_wave_main_00010":{"y":13.85,"width":315,"height":150},"ef/ef_rot_wave_main/ef_rot_wave_main_00011":{"y":13.85,"width":315,"height":150},"ef/ef_rot_wave_main/ef_rot_wave_main_00012":{"y":13.85,"width":315,"height":150},"ef/ef_rot_wave_main/ef_rot_wave_main_00013":{"y":13.85,"width":315,"height":150},"ef/ef_rot_wave_main/ef_rot_wave_main_00014":{"y":13.85,"width":315,"height":150},"ef/ef_rot_wave_main/ef_rot_wave_main_00015":{"y":13.85,"width":315,"height":150}},"ef_rot_wave_main2":{"ef/ef_rot_wave_main/ef_rot_wave_main_00001":{"y":13.85,"width":315,"height":150},"ef/ef_rot_wave_main/ef_rot_wave_main_00002":{"y":13.85,"width":315,"height":150},"ef/ef_rot_wave_main/ef_rot_wave_main_00003":{"y":13.85,"width":315,"height":150},"ef/ef_rot_wave_main/ef_rot_wave_main_00004":{"y":13.85,"width":315,"height":150},"ef/ef_rot_wave_main/ef_rot_wave_main_00005":{"y":13.85,"width":315,"height":150},"ef/ef_rot_wave_main/ef_rot_wave_main_00006":{"y":13.85,"width":315,"height":150},"ef/ef_rot_wave_main/ef_rot_wave_main_00007":{"y":13.85,"width":315,"height":150},"ef/ef_rot_wave_main/ef_rot_wave_main_00008":{"y":13.85,"width":315,"height":150},"ef/ef_rot_wave_main/ef_rot_wave_main_00009":{"y":13.85,"width":315,"height":150},"ef/ef_rot_wave_main/ef_rot_wave_main_00010":{"y":13.85,"width":315,"height":150},"ef/ef_rot_wave_main/ef_rot_wave_main_00011":{"y":13.85,"width":315,"height":150},"ef/ef_rot_wave_main/ef_rot_wave_main_00012":{"y":13.85,"width":315,"height":150},"ef/ef_rot_wave_main/ef_rot_wave_main_00013":{"y":13.85,"width":315,"height":150},"ef/ef_rot_wave_main/ef_rot_wave_main_00014":{"y":13.85,"width":315,"height":150},"ef/ef_rot_wave_main/ef_rot_wave_main_00015":{"y":13.85,"width":315,"height":150}},"ef_slash_A_main":{"ef/ef_slash_A_main/ef_slash_A_main_00001":{"width":150,"height":300},"ef/ef_slash_A_main/ef_slash_A_main_00002":{"width":150,"height":300},"ef/ef_slash_A_main/ef_slash_A_main_00003":{"width":150,"height":300},"ef/ef_slash_A_main/ef_slash_A_main_00004":{"width":150,"height":300},"ef/ef_slash_A_main/ef_slash_A_main_00005":{"width":150,"height":300},"ef/ef_slash_A_main/ef_slash_A_main_00006":{"width":150,"height":300},"ef/ef_slash_A_main/ef_slash_A_main_00007":{"width":150,"height":300},"ef/ef_slash_A_main/ef_slash_A_main_00008":{"width":150,"height":300},"ef/ef_slash_A_main/ef_slash_A_main_00009":{"width":150,"height":300}},"ef_slash_rot_main":{"ef/ef_slash_rot_main/ef_slash_rot_main_00001":{"width":100,"height":75},"ef/ef_slash_rot_main/ef_slash_rot_main_00002":{"width":100,"height":75},"ef/ef_slash_rot_main/ef_slash_rot_main_00003":{"width":100,"height":75},"ef/ef_slash_rot_main/ef_slash_rot_main_00004":{"width":100,"height":75},"ef/ef_slash_rot_main/ef_slash_rot_main_00005":{"width":100,"height":75},"ef/ef_slash_rot_main/ef_slash_rot_main_00006":{"width":100,"height":75}},"ef_slash_rot_main2":{"ef/ef_slash_rot_main/ef_slash_rot_main_00001":{"width":100,"height":75},"ef/ef_slash_rot_main/ef_slash_rot_main_00002":{"width":100,"height":75},"ef/ef_slash_rot_main/ef_slash_rot_main_00003":{"width":100,"height":75},"ef/ef_slash_rot_main/ef_slash_rot_main_00004":{"width":100,"height":75},"ef/ef_slash_rot_main/ef_slash_rot_main_00005":{"width":100,"height":75},"ef/ef_slash_rot_main/ef_slash_rot_main_00006":{"width":100,"height":75}},"ef_slash_rot_main3":{"ef/ef_slash_rot_main/ef_slash_rot_main_00001":{"width":100,"height":75},"ef/ef_slash_rot_main/ef_slash_rot_main_00002":{"width":100,"height":75},"ef/ef_slash_rot_main/ef_slash_rot_main_00003":{"width":100,"height":75},"ef/ef_slash_rot_main/ef_slash_rot_main_00004":{"width":100,"height":75},"ef/ef_slash_rot_main/ef_slash_rot_main_00005":{"width":100,"height":75},"ef/ef_slash_rot_main/ef_slash_rot_main_00006":{"width":100,"height":75}},"ef_slash_rot_main4":{"ef/ef_slash_rot_main/ef_slash_rot_main_00001":{"width":100,"height":75},"ef/ef_slash_rot_main/ef_slash_rot_main_00002":{"width":100,"height":75},"ef/ef_slash_rot_main/ef_slash_rot_main_00003":{"width":100,"height":75},"ef/ef_slash_rot_main/ef_slash_rot_main_00004":{"width":100,"height":75},"ef/ef_slash_rot_main/ef_slash_rot_main_00005":{"width":100,"height":75},"ef/ef_slash_rot_main/ef_slash_rot_main_00006":{"width":100,"height":75}},"ef_trust_main":{"ef/ef_trust_main/ef_trust_main_00001":{"width":250,"height":150},"ef/ef_trust_main/ef_trust_main_00002":{"width":250,"height":150},"ef/ef_trust_main/ef_trust_main_00003":{"width":250,"height":150},"ef/ef_trust_main/ef_trust_main_00004":{"width":250,"height":150},"ef/ef_trust_main/ef_trust_main_00005":{"width":250,"height":150},"ef/ef_trust_main/ef_trust_main_00006":{"width":250,"height":150},"ef/ef_trust_main/ef_trust_main_00007":{"width":250,"height":150}},"ef_trust_main2":{"ef/ef_trust_main/ef_trust_main_00001":{"width":250,"height":150},"ef/ef_trust_main/ef_trust_main_00002":{"width":250,"height":150},"ef/ef_trust_main/ef_trust_main_00003":{"width":250,"height":150},"ef/ef_trust_main/ef_trust_main_00004":{"width":250,"height":150},"ef/ef_trust_main/ef_trust_main_00005":{"width":250,"height":150},"ef/ef_trust_main/ef_trust_main_00006":{"width":250,"height":150},"ef/ef_trust_main/ef_trust_main_00007":{"width":250,"height":150}},"ef_trust_main3":{"ef/ef_trust_main/ef_trust_main_00001":{"width":250,"height":150},"ef/ef_trust_main/ef_trust_main_00002":{"width":250,"height":150},"ef/ef_trust_main/ef_trust_main_00003":{"width":250,"height":150},"ef/ef_trust_main/ef_trust_main_00004":{"width":250,"height":150},"ef/ef_trust_main/ef_trust_main_00005":{"width":250,"height":150},"ef/ef_trust_main/ef_trust_main_00006":{"width":250,"height":150},"ef/ef_trust_main/ef_trust_main_00007":{"width":250,"height":150}},"ef_trust_main4":{"ef/ef_trust_main/ef_trust_main_00001":{"width":250,"height":150},"ef/ef_trust_main/ef_trust_main_00002":{"width":250,"height":150},"ef/ef_trust_main/ef_trust_main_00003":{"width":250,"height":150},"ef/ef_trust_main/ef_trust_main_00004":{"width":250,"height":150},"ef/ef_trust_main/ef_trust_main_00005":{"width":250,"height":150},"ef/ef_trust_main/ef_trust_main_00006":{"width":250,"height":150},"ef/ef_trust_main/ef_trust_main_00007":{"width":250,"height":150}},"ef_trust_main5":{"ef/ef_trust_main/ef_trust_main_00001":{"width":250,"height":150},"ef/ef_trust_main/ef_trust_main_00002":{"width":250,"height":150},"ef/ef_trust_main/ef_trust_main_00003":{"width":250,"height":150},"ef/ef_trust_main/ef_trust_main_00004":{"width":250,"height":150},"ef/ef_trust_main/ef_trust_main_00005":{"width":250,"height":150},"ef/ef_trust_main/ef_trust_main_00006":{"width":250,"height":150},"ef/ef_trust_main/ef_trust_main_00007":{"width":250,"height":150}},"ef_trust_main6":{"ef/ef_trust_main/ef_trust_main_00001":{"width":250,"height":150},"ef/ef_trust_main/ef_trust_main_00002":{"width":250,"height":150},"ef/ef_trust_main/ef_trust_main_00003":{"width":250,"height":150},"ef/ef_trust_main/ef_trust_main_00004":{"width":250,"height":150},"ef/ef_trust_main/ef_trust_main_00005":{"width":250,"height":150},"ef/ef_trust_main/ef_trust_main_00006":{"width":250,"height":150},"ef/ef_trust_main/ef_trust_main_00007":{"width":250,"height":150}},"ef_trust_shadow_main":{"ef/ef_trust_shadow_main/ef_trust_shadow_main_00001":{"width":340,"height":200},"ef/ef_trust_shadow_main/ef_trust_shadow_main_00002":{"width":340,"height":200},"ef/ef_trust_shadow_main/ef_trust_shadow_main_00003":{"width":340,"height":200}},"ef_trust_shadow_main2":{"ef/ef_trust_shadow_main/ef_trust_shadow_main_00001":{"width":340,"height":200},"ef/ef_trust_shadow_main/ef_trust_shadow_main_00002":{"width":340,"height":200},"ef/ef_trust_shadow_main/ef_trust_shadow_main_00003":{"width":340,"height":200}},"ef_trust_shadow_main3":{"ef/ef_trust_shadow_main/ef_trust_shadow_main_00001":{"width":340,"height":200},"ef/ef_trust_shadow_main/ef_trust_shadow_main_00002":{"width":340,"height":200},"ef/ef_trust_shadow_main/ef_trust_shadow_main_00003":{"width":340,"height":200}},"ef_tuti_green":{"ef/ef_tuti_green/ef_tuti_green_00001":{"y":7.28,"width":180,"height":120},"ef/ef_tuti_green/ef_tuti_green_00002":{"y":7.28,"width":180,"height":120},"ef/ef_tuti_green/ef_tuti_green_00003":{"y":7.28,"width":180,"height":120},"ef/ef_tuti_green/ef_tuti_green_00004":{"y":7.28,"width":180,"height":120},"ef/ef_tuti_green/ef_tuti_green_00005":{"y":7.28,"width":180,"height":120},"ef/ef_tuti_green/ef_tuti_green_00006":{"y":7.28,"width":180,"height":120},"ef/ef_tuti_green/ef_tuti_green_00007":{"y":7.28,"width":180,"height":120},"ef/ef_tuti_green/ef_tuti_green_00008":{"y":7.28,"width":180,"height":120},"ef/ef_tuti_green/ef_tuti_green_00009":{"y":7.28,"width":180,"height":120},"ef/ef_tuti_green/ef_tuti_green_00010":{"y":7.28,"width":180,"height":120},"ef/ef_tuti_green/ef_tuti_green_00011":{"y":7.28,"width":180,"height":120},"ef/ef_tuti_green/ef_tuti_green_00012":{"y":7.28,"width":180,"height":120},"ef/ef_tuti_green/ef_tuti_green_00013":{"y":7.28,"width":180,"height":120},"ef/ef_tuti_green/ef_tuti_green_00014":{"y":7.28,"width":180,"height":120},"ef/ef_tuti_green/ef_tuti_green_00015":{"y":7.28,"width":180,"height":120},"ef/ef_tuti_green/ef_tuti_green_00016":{"y":7.28,"width":180,"height":120},"ef/ef_tuti_green/ef_tuti_green_00017":{"y":7.28,"width":180,"height":120}},"skill1_02_EF":{"skill1_02_EF":{"x":-1.1,"y":2.13,"scaleX":2,"scaleY":2,"width":306,"height":227}},"skill2_00_EF":{"skill2_00_EF":{"x":-16.48,"y":9.46,"scaleX":2,"scaleY":2,"width":306,"height":227}},"smash_attack_A_green":{"ef/smash_attack_A_green/ef_smash_attack_A_green_00001":{"width":120,"height":160},"ef/smash_attack_A_green/ef_smash_attack_A_green_00002":{"width":120,"height":160},"ef/smash_attack_A_green/ef_smash_attack_A_green_00003":{"width":120,"height":160},"ef/smash_attack_A_green/ef_smash_attack_A_green_00004":{"width":120,"height":160}},"smash_attack_A_green2":{"ef/smash_attack_A_green/ef_smash_attack_A_green_00001":{"width":120,"height":160},"ef/smash_attack_A_green/ef_smash_attack_A_green_00002":{"width":120,"height":160},"ef/smash_attack_A_green/ef_smash_attack_A_green_00003":{"width":120,"height":160},"ef/smash_attack_A_green/ef_smash_attack_A_green_00004":{"width":120,"height":160}},"smash_attack_A_green3":{"ef/smash_attack_A_green/ef_smash_attack_A_green_00001":{"width":120,"height":160},"ef/smash_attack_A_green/ef_smash_attack_A_green_00002":{"width":120,"height":160},"ef/smash_attack_A_green/ef_smash_attack_A_green_00003":{"width":120,"height":160},"ef/smash_attack_A_green/ef_smash_attack_A_green_00004":{"width":120,"height":160}},"smash_wave_A_green":{"ef/smash_wave_A_green/ef_smash_wave_A_green_00001":{"x":2.9,"width":120,"height":160},"ef/smash_wave_A_green/ef_smash_wave_A_green_00002":{"x":2.9,"width":120,"height":160},"ef/smash_wave_A_green/ef_smash_wave_A_green_00003":{"x":2.9,"width":120,"height":160},"ef/smash_wave_A_green/ef_smash_wave_A_green_00004":{"x":2.9,"width":120,"height":160},"ef/smash_wave_A_green/ef_smash_wave_A_green_00005":{"x":2.9,"width":120,"height":160}},"smash_wave_A_green2":{"ef/smash_wave_A_green/ef_smash_wave_A_green_00001":{"x":2.9,"width":120,"height":160},"ef/smash_wave_A_green/ef_smash_wave_A_green_00002":{"x":2.9,"width":120,"height":160},"ef/smash_wave_A_green/ef_smash_wave_A_green_00003":{"x":2.9,"width":120,"height":160},"ef/smash_wave_A_green/ef_smash_wave_A_green_00004":{"x":2.9,"width":120,"height":160},"ef/smash_wave_A_green/ef_smash_wave_A_green_00005":{"x":2.9,"width":120,"height":160}},"smash_wave_A_green3":{"ef/smash_wave_A_green/ef_smash_wave_A_green_00001":{"x":2.9,"width":120,"height":160},"ef/smash_wave_A_green/ef_smash_wave_A_green_00002":{"x":2.9,"width":120,"height":160},"ef/smash_wave_A_green/ef_smash_wave_A_green_00003":{"x":2.9,"width":120,"height":160},"ef/smash_wave_A_green/ef_smash_wave_A_green_00004":{"x":2.9,"width":120,"height":160},"ef/smash_wave_A_green/ef_smash_wave_A_green_00005":{"x":2.9,"width":120,"height":160}}}},"events":{"Event":{},"Event2":{},"Sound1":{},"Sound2":{},"Sound3":{},"Voice":{},"hit":{"string":"resetHitList"}},"animations":{"attack1":{"slots":{"DAMAGEAREA":{"attachment":[{"time":0.2666,"name":"DAMAGEAREA"},{"time":0.3,"name":null},{"time":0.5333,"name":"DAMAGEAREA"},{"time":0.5666,"name":null},{"time":0.9,"name":"DAMAGEAREA"},{"time":0.9333,"name":null}]},"DOT":{"attachment":[{"time":0.2666,"name":"ef/DOT/attack1_04_EF"},{"time":0.3333,"name":null},{"time":0.5333,"name":"ef/DOT/attack1_05_EF"},{"time":0.5666,"name":"ef/DOT/attack1_06_EF"},{"time":0.6333,"name":null},{"time":0.9,"name":"ef/DOT/attack1_07_EF"},{"time":0.9333,"name":"ef/DOT/attack1_08_EF"},{"time":1,"name":null}]},"MAIN":{"attachment":[{"time":0,"name":"idle_00"},{"time":0.0333,"name":"attack1_12"},{"time":0.0666,"name":"attack1_00"},{"time":0.1333,"name":"attack1_01"},{"time":0.2,"name":"attack1_02"},{"time":0.2666,"name":"attack1_03"},{"time":0.3333,"name":"attack1_04"},{"time":0.4,"name":"attack1_01"},{"time":0.4666,"name":"attack1_02"},{"time":0.5333,"name":"attack1_05"},{"time":0.6,"name":"attack1_06"},{"time":0.6666,"name":"attack1_01"},{"time":0.9,"name":"attack1_07"},{"time":0.9666,"name":"attack1_08"},{"time":1.0333,"name":"attack1_09"},{"time":1.1,"name":"attack1_10"},{"time":1.1666,"name":"attack1_11"},{"time":1.2333,"name":"attack1_12"},{"time":1.3666,"name":"attack1_00"},{"time":1.4666,"name":"idle_00"}]}},"bones":{"MAIN":{"translate":[{"time":0,"x":0,"y":0,"curve":"stepped"},{"time":0.1333,"x":36.46,"y":0,"curve":[0.603,0.01,0.573,1]},{"time":0.2333,"x":43.39,"y":0,"curve":"stepped"},{"time":0.2666,"x":36.46,"y":0,"curve":[0.143,0.8,0.202,0.91]},{"time":0.3333,"x":29.97,"y":0,"curve":"stepped"},{"time":0.4,"x":36.46,"y":0,"curve":[0.603,0.01,0.573,1]},{"time":0.5,"x":43.39,"y":0,"curve":"stepped"},{"time":0.5333,"x":36.46,"y":0,"curve":[0.143,0.8,0.202,0.91]},{"time":0.6,"x":32.13,"y":0,"curve":"stepped"},{"time":0.6666,"x":36.46,"y":0,"curve":[0.603,0.01,0.573,1]},{"time":0.8333,"x":43.39,"y":0,"curve":"stepped"},{"time":0.9,"x":28.24,"y":0,"curve":[0.183,0.95,0.385,0.98]},{"time":1.1666,"x":12.82,"y":0,"curve":"stepped"},{"time":1.2333,"x":0,"y":0,"curve":"stepped"},{"time":1.4666,"x":0,"y":0}]},"DOT":{"rotate":[{"time":0.5333,"angle":-3.08}],"translate":[{"time":0.2666,"x":-140.41,"y":41.29,"curve":"stepped"},{"time":0.3,"x":-145.72,"y":41.29,"curve":"stepped"},{"time":0.5333,"x":-117.99,"y":152.8,"curve":"stepped"},{"time":0.5666,"x":-140.3,"y":166.61,"curve":"stepped"},{"time":0.9,"x":-142.89,"y":99.11,"curve":"stepped"},{"time":0.9333,"x":-158.82,"y":103.36}]},"DAMAGEAREA":{"translate":[{"time":0.2666,"x":-67.57,"y":-3.46,"curve":"stepped"},{"time":0.5333,"x":-48.76,"y":0,"curve":"stepped"},{"time":0.9,"x":-52.23,"y":0}],"scale":[{"time":0.2666,"x":1.609,"y":0.386,"curve":"stepped"},{"time":0.5333,"x":1.555,"y":1.415,"curve":"stepped"},{"time":0.9,"x":2.017,"y":0.771}]}},"events":[{"time":0,"name":"Event","string":"setHitEffect(hit03c,1)"},{"time":0,"name":"Sound3","string":"setHitSound(se_battle_019_sword_hit_03)"},{"time":0.0333,"name":"Event","int":1,"string":"kImpactType_normal"},{"time":0.0666,"name":"Event","float":0.02,"string":"kHitStopType_normal"},{"time":0.2333,"name":"Sound1","string":"cri_se_battle_sword_swish_heavy"},{"time":0.2333,"name":"Voice","string":"cri_294_voice_attack_random"},{"time":0.5,"name":"Sound1","string":"cri_se_battle_sword_swish_heavy"},{"time":0.5333,"name":"hit"},{"time":0.8666,"name":"Sound1","string":"cri_se_battle_sword_swish_heavy"},{"time":0.8666,"name":"Voice","string":"cri_294_voice_attack_c"},{"time":0.9,"name":"hit"}]},"back":{"slots":{"MAIN":{"attachment":[{"time":0,"name":"back_00"},{"time":0.2666,"name":"attack1_01"},{"time":0.4,"name":"attack1_02"},{"time":0.5,"name":"idle_03"},{"time":0.6666,"name":"idle_00"}]}},"bones":{"MAIN":{"translate":[{"time":0,"x":19.15,"y":0},{"time":0.1333,"x":76.33,"y":24.9},{"time":0.2666,"x":125,"y":0,"curve":[0.075,0.6,0.75,1]},{"time":0.5666,"x":140,"y":0,"curve":"stepped"},{"time":0.6666,"x":140,"y":0}]}},"events":[{"time":0,"name":"Sound1","string":"cri_se_battle_jump"},{"time":0.2666,"name":"Sound1","string":"cri_se_battle_landing"}]},"cast":{"slots":{"MAIN":{"attachment":[{"time":0,"name":"idle_00"},{"time":0.0666,"name":"skill1_11"},{"time":0.1666,"name":"skill1_12"},{"time":0.2666,"name":"skill1_13"},{"time":0.5,"name":"skill1_14"},{"time":0.5666,"name":"skill1_15"},{"time":0.6666,"name":"skill1_16"},{"time":0.8,"name":"skill1_17"},{"time":0.9,"name":"attack1_12"},{"time":0.9333,"name":"attack1_00"},{"time":1,"name":"idle_00"}]}},"bones":{"MAIN":{"translate":[{"time":0,"x":0,"y":0,"curve":"stepped"},{"time":0.0666,"x":11.04,"y":-1,"curve":"stepped"},{"time":0.2666,"x":0,"y":-1,"curve":[0.147,0.9,0.336,0.94]},{"time":0.4666,"x":0,"y":0,"curve":"stepped"},{"time":0.5,"x":0,"y":-2,"curve":[0.578,0.3,0.386,0.95]},{"time":0.5333,"x":0,"y":0,"curve":"stepped"},{"time":1,"x":0,"y":0}]}},"events":[{"time":0.4666,"name":"Voice","string":"cri_294_voice_item"}]},"damage":{"slots":{"MAIN":{"attachment":[{"time":0,"name":"damage_00"}]}}},"front":{"slots":{"MAIN":{"attachment":[{"time":0,"name":"front_00"}]}}},"idle":{"slots":{"MAIN":{"attachment":[{"time":0,"name":"idle_00"},{"time":0.2666,"name":"idle_01"},{"time":0.5,"name":"idle_02"},{"time":0.7666,"name":"idle_03"},{"time":1,"name":"idle_00"}]}},"bones":{"MAIN":{"translate":[{"time":0,"x":0,"y":0,"curve":"stepped"},{"time":1,"x":0,"y":0}]}}},"in":{"slots":{"MAIN":{"attachment":[{"time":0,"name":"skill1_01"},{"time":0.2,"name":"attack1_01"},{"time":0.3666,"name":"attack1_02"},{"time":0.5,"name":"attack1_00"},{"time":0.5666,"name":"attack1_12"},{"time":0.6666,"name":"idle_00"}],"color":[{"time":0,"color":"ffffff00"},{"time":0.1333,"color":"ffffffff"}]}},"bones":{"MAIN":{"translate":[{"time":0,"x":23.63,"y":230},{"time":0.2,"x":23.63,"y":-5,"curve":"stepped"},{"time":0.2333,"x":23.63,"y":0,"curve":"stepped"},{"time":0.5,"x":0,"y":0}]}},"events":[{"time":0,"name":"Event","string":"takeSummon"},{"time":0.2,"name":"Sound1","string":"cri_se_battle_landing"}]},"skill1":{"slots":{"DAMAGEAREA":{"attachment":[{"time":0.8333,"name":"DAMAGEAREA"},{"time":0.8666,"name":null}]},"MAIN":{"attachment":[{"time":0,"name":"idle_00"},{"time":0.0333,"name":"attack1_12"},{"time":0.1,"name":"attack1_00"},{"time":0.1666,"name":"skill1_00"},{"time":0.2666,"name":"skill1_01"},{"time":0.3333,"name":"skill1_02"},{"time":0.6,"name":"skill1_03"},{"time":0.7333,"name":"skill1_04"},{"time":0.7666,"name":"skill1_05"},{"time":0.8,"name":"skill1_06"},{"time":0.9,"name":"skill1_07"},{"time":1,"name":"skill1_08"},{"time":1.1,"name":"skill1_09"},{"time":1.2,"name":"skill1_10"},{"time":1.3333,"name":"skill1_11"},{"time":1.5,"name":"back_00"},{"time":1.6666,"name":"attack1_01"},{"time":1.8,"name":"attack1_02"},{"time":1.9,"name":"idle_03"},{"time":2.0666,"name":"idle_00"}]},"ef_ex_main":{"attachment":[{"time":0.7666,"name":"ef/ef_ex_main/ef_ex_main_00001"},{"time":0.8,"name":"ef/ef_ex_main/ef_ex_main_00002"},{"time":0.8333,"name":"ef/ef_ex_main/ef_ex_main_00003"},{"time":0.8666,"name":"ef/ef_ex_main/ef_ex_main_00004"},{"time":0.9,"name":"ef/ef_ex_main/ef_ex_main_00005"},{"time":0.9333,"name":"ef/ef_ex_main/ef_ex_main_00006"},{"time":0.9666,"name":"ef/ef_ex_main/ef_ex_main_00007"},{"time":1,"name":"ef/ef_ex_main/ef_ex_main_00008"},{"time":1.0333,"name":"ef/ef_ex_main/ef_ex_main_00009"},{"time":1.0666,"name":"ef/ef_ex_main/ef_ex_main_00010"},{"time":1.1,"name":"ef/ef_ex_main/ef_ex_main_00011"},{"time":1.1333,"name":"ef/ef_ex_main/ef_ex_main_00012"},{"time":1.1666,"name":"ef/ef_ex_main/ef_ex_main_00013"},{"time":1.2,"name":null}],"color":[{"time":0.7666,"color":"ffffff95"}]},"ef_ex_main2":{"attachment":[{"time":0.7666,"name":"ef/ef_ex_main/ef_ex_main_00001"},{"time":0.8,"name":"ef/ef_ex_main/ef_ex_main_00002"},{"time":0.8333,"name":"ef/ef_ex_main/ef_ex_main_00003"},{"time":0.8666,"name":"ef/ef_ex_main/ef_ex_main_00004"},{"time":0.9,"name":"ef/ef_ex_main/ef_ex_main_00005"},{"time":0.9333,"name":"ef/ef_ex_main/ef_ex_main_00006"},{"time":0.9666,"name":"ef/ef_ex_main/ef_ex_main_00007"},{"time":1,"name":"ef/ef_ex_main/ef_ex_main_00008"},{"time":1.0333,"name":"ef/ef_ex_main/ef_ex_main_00009"},{"time":1.0666,"name":"ef/ef_ex_main/ef_ex_main_00010"},{"time":1.1,"name":"ef/ef_ex_main/ef_ex_main_00011"},{"time":1.1333,"name":"ef/ef_ex_main/ef_ex_main_00012"},{"time":1.1666,"name":"ef/ef_ex_main/ef_ex_main_00013"},{"time":1.2,"name":null}],"color":[{"time":0.7666,"color":"ffffff7d"}]},"ef_graund_earth_green":{"attachment":[{"time":0.7666,"name":"ef/ef_graund_earth_green/ef_graund_earth_green_00005"},{"time":1.6666,"name":null}],"color":[{"time":0.9,"color":"ffffffff"},{"time":1,"color":"5e5e5e96"},{"time":1.5,"color":"ffffffff"},{"time":1.6666,"color":"ffffff00"}]},"ef_graund_earth_green2":{"attachment":[{"time":0.7666,"name":"ef/ef_graund_earth_green/ef_graund_earth_green_00005"},{"time":1.6666,"name":null}],"color":[{"time":0.9,"color":"ffffffff"},{"time":1,"color":"5e5e5e96"},{"time":1.5,"color":"ffffffff"},{"time":1.6666,"color":"ffffff00"}]},"ef_graund_earth_green3":{"attachment":[{"time":0.8,"name":"ef/ef_graund_earth_green/ef_graund_earth_green_00005"},{"time":1.6666,"name":null}],"color":[{"time":0.8,"color":"ffffff00"},{"time":0.9,"color":"ffffffff"},{"time":1,"color":"5e5e5e96"},{"time":1.5,"color":"ffffffff"},{"time":1.6666,"color":"ffffff00"}]},"ef_graund_earth_green4":{"attachment":[{"time":0.8,"name":"ef/ef_graund_earth_green/ef_graund_earth_green_00005"},{"time":1.6666,"name":null}],"color":[{"time":0.8,"color":"ffffff00"},{"time":0.9,"color":"ffffffff"},{"time":1,"color":"5e5e5e96"},{"time":1.5,"color":"ffffffff"},{"time":1.6666,"color":"ffffff00"}]},"ef_graund_earth_green5":{"attachment":[{"time":0.8,"name":"ef/ef_graund_earth_green/ef_graund_earth_green_00005"},{"time":1.6666,"name":null}],"color":[{"time":0.8,"color":"ffffff00"},{"time":0.9,"color":"ffffffff"},{"time":1,"color":"5e5e5e96"},{"time":1.5,"color":"ffffffff"},{"time":1.6666,"color":"ffffff00"}]},"ef_graund_earth_green6":{"attachment":[{"time":0.8,"name":"ef/ef_graund_earth_green/ef_graund_earth_green_00005"},{"time":1.6666,"name":null}],"color":[{"time":0.8,"color":"ffffff00"},{"time":0.9,"color":"ffffffff"},{"time":1,"color":"5e5e5e96"},{"time":1.5,"color":"ffffffff"},{"time":1.6666,"color":"ffffff00"}]},"ef_graund_earth_green7":{"attachment":[{"time":0.8,"name":"ef/ef_graund_earth_green/ef_graund_earth_green_00005"},{"time":1.6666,"name":null}],"color":[{"time":0.8,"color":"ffffff00"},{"time":0.9,"color":"ffffffff"},{"time":1,"color":"5e5e5e96"},{"time":1.5,"color":"ffffffff"},{"time":1.6666,"color":"ffffff00"}]},"ef_graund_earth_green8":{"attachment":[{"time":0.8,"name":"ef/ef_graund_earth_green/ef_graund_earth_green_00005"},{"time":1.6666,"name":null}],"color":[{"time":0.8,"color":"ffffff00"},{"time":0.9,"color":"ffffffff"},{"time":1,"color":"5e5e5e96"},{"time":1.5,"color":"ffffffff"},{"time":1.6666,"color":"ffffff00"}]},"ef_graund_earth_green9":{"attachment":[{"time":0.8,"name":"ef/ef_graund_earth_green/ef_graund_earth_green_00005"},{"time":1.6666,"name":null}],"color":[{"time":0.8,"color":"ffffff00"},{"time":0.9,"color":"ffffffff"},{"time":1,"color":"5e5e5e96"},{"time":1.5,"color":"ffffffff"},{"time":1.6666,"color":"ffffff00"}]},"ef_graund_shock_main":{"attachment":[{"time":0.7666,"name":"ef/ef_graund_shock_main/ef_graund_shock_main_00001"},{"time":0.8,"name":"ef/ef_graund_shock_main/ef_graund_shock_main_00002"},{"time":0.8333,"name":"ef/ef_graund_shock_main/ef_graund_shock_main_00003"},{"time":0.8666,"name":"ef/ef_graund_shock_main/ef_graund_shock_main_00004"},{"time":0.9666,"name":null}],"color":[{"time":0.8666,"color":"ffffffff"},{"time":0.9666,"color":"ffffff00"}]},"ef_graund_wave_green":{"attachment":[{"time":0.0333,"name":"ef/ef_graund_wave_green/ef_graund_wave_green_00001"},{"time":0.0666,"name":"ef/ef_graund_wave_green/ef_graund_wave_green_00002"},{"time":0.1,"name":"ef/ef_graund_wave_green/ef_graund_wave_green_00003"},{"time":0.1333,"name":"ef/ef_graund_wave_green/ef_graund_wave_green_00004"},{"time":0.1666,"name":"ef/ef_graund_wave_green/ef_graund_wave_green_00005"},{"time":0.2,"name":"ef/ef_graund_wave_green/ef_graund_wave_green_00006"},{"time":0.2333,"name":"ef/ef_graund_wave_green/ef_graund_wave_green_00007"},{"time":0.2666,"name":"ef/ef_graund_wave_green/ef_graund_wave_green_00008"},{"time":0.3,"name":"ef/ef_graund_wave_green/ef_graund_wave_green_00009"},{"time":0.3333,"name":"ef/ef_graund_wave_green/ef_graund_wave_green_00010"},{"time":0.3666,"name":"ef/ef_graund_wave_green/ef_graund_wave_green_00011"},{"time":0.4,"name":"ef/ef_graund_wave_green/ef_graund_wave_green_00012"},{"time":0.4333,"name":"ef/ef_graund_wave_green/ef_graund_wave_green_00013"},{"time":0.4666,"name":"ef/ef_graund_wave_green/ef_graund_wave_green_00014"},{"time":0.5,"name":null},{"time":0.7666,"name":"ef/ef_graund_wave_green/ef_graund_wave_green_00001"},{"time":0.8,"name":"ef/ef_graund_wave_green/ef_graund_wave_green_00002"},{"time":0.8333,"name":"ef/ef_graund_wave_green/ef_graund_wave_green_00003"},{"time":0.8666,"name":"ef/ef_graund_wave_green/ef_graund_wave_green_00004"},{"time":0.9,"name":"ef/ef_graund_wave_green/ef_graund_wave_green_00005"},{"time":0.9333,"name":"ef/ef_graund_wave_green/ef_graund_wave_green_00006"},{"time":0.9666,"name":"ef/ef_graund_wave_green/ef_graund_wave_green_00007"},{"time":1,"name":"ef/ef_graund_wave_green/ef_graund_wave_green_00008"},{"time":1.0333,"name":"ef/ef_graund_wave_green/ef_graund_wave_green_00009"},{"time":1.0666,"name":"ef/ef_graund_wave_green/ef_graund_wave_green_00010"},{"time":1.1,"name":"ef/ef_graund_wave_green/ef_graund_wave_green_00011"},{"time":1.1333,"name":"ef/ef_graund_wave_green/ef_graund_wave_green_00012"},{"time":1.1666,"name":"ef/ef_graund_wave_green/ef_graund_wave_green_00013"},{"time":1.2,"name":"ef/ef_graund_wave_green/ef_graund_wave_green_00014"},{"time":1.2333,"name":null}]},"ef_slash_rot_main":{"attachment":[{"time":0.3333,"name":"ef/ef_slash_rot_main/ef_slash_rot_main_00001"},{"time":0.3666,"name":"ef/ef_slash_rot_main/ef_slash_rot_main_00002"},{"time":0.4,"name":"ef/ef_slash_rot_main/ef_slash_rot_main_00003"},{"time":0.4333,"name":"ef/ef_slash_rot_main/ef_slash_rot_main_00004"},{"time":0.4666,"name":"ef/ef_slash_rot_main/ef_slash_rot_main_00005"},{"time":0.5,"name":"ef/ef_slash_rot_main/ef_slash_rot_main_00001"},{"time":0.5333,"name":"ef/ef_slash_rot_main/ef_slash_rot_main_00002"},{"time":0.5666,"name":"ef/ef_slash_rot_main/ef_slash_rot_main_00003"},{"time":0.6,"name":"ef/ef_slash_rot_main/ef_slash_rot_main_00004"},{"time":0.6333,"name":"ef/ef_slash_rot_main/ef_slash_rot_main_00005"},{"time":0.6666,"name":"ef/ef_slash_rot_main/ef_slash_rot_main_00006"},{"time":0.7,"name":null}],"color":[{"time":0.5,"color":"ffffffff"},{"time":0.7,"color":"ffffff00"}]},"ef_slash_rot_main2":{"attachment":[{"time":0.3333,"name":"ef/ef_slash_rot_main/ef_slash_rot_main_00001"},{"time":0.3666,"name":"ef/ef_slash_rot_main/ef_slash_rot_main_00002"},{"time":0.4,"name":"ef/ef_slash_rot_main/ef_slash_rot_main_00003"},{"time":0.4333,"name":"ef/ef_slash_rot_main/ef_slash_rot_main_00004"},{"time":0.4666,"name":"ef/ef_slash_rot_main/ef_slash_rot_main_00005"},{"time":0.5,"name":"ef/ef_slash_rot_main/ef_slash_rot_main_00001"},{"time":0.5333,"name":"ef/ef_slash_rot_main/ef_slash_rot_main_00002"},{"time":0.5666,"name":"ef/ef_slash_rot_main/ef_slash_rot_main_00003"},{"time":0.6,"name":"ef/ef_slash_rot_main/ef_slash_rot_main_00004"},{"time":0.6333,"name":"ef/ef_slash_rot_main/ef_slash_rot_main_00005"},{"time":0.6666,"name":"ef/ef_slash_rot_main/ef_slash_rot_main_00006"},{"time":0.7,"name":null}],"color":[{"time":0.5,"color":"ffffffff"},{"time":0.7,"color":"ffffff00"}]},"ef_slash_rot_main3":{"attachment":[{"time":0.3333,"name":"ef/ef_slash_rot_main/ef_slash_rot_main_00006"},{"time":0.3666,"name":"ef/ef_slash_rot_main/ef_slash_rot_main_00001"},{"time":0.4,"name":"ef/ef_slash_rot_main/ef_slash_rot_main_00002"},{"time":0.4333,"name":"ef/ef_slash_rot_main/ef_slash_rot_main_00003"},{"time":0.4666,"name":"ef/ef_slash_rot_main/ef_slash_rot_main_00004"},{"time":0.5,"name":"ef/ef_slash_rot_main/ef_slash_rot_main_00005"},{"time":0.5333,"name":"ef/ef_slash_rot_main/ef_slash_rot_main_00006"},{"time":0.6,"name":null}],"color":[{"time":0.3333,"color":"ffffffc7","curve":"stepped"},{"time":0.5,"color":"ffffffc7"},{"time":0.6,"color":"ffffff00"}]},"ef_slash_rot_main4":{"attachment":[{"time":0.3333,"name":"ef/ef_slash_rot_main/ef_slash_rot_main_00006"},{"time":0.3666,"name":"ef/ef_slash_rot_main/ef_slash_rot_main_00001"},{"time":0.4,"name":"ef/ef_slash_rot_main/ef_slash_rot_main_00002"},{"time":0.4333,"name":"ef/ef_slash_rot_main/ef_slash_rot_main_00003"},{"time":0.4666,"name":"ef/ef_slash_rot_main/ef_slash_rot_main_00004"},{"time":0.5,"name":"ef/ef_slash_rot_main/ef_slash_rot_main_00005"},{"time":0.5333,"name":"ef/ef_slash_rot_main/ef_slash_rot_main_00006"},{"time":0.6,"name":null}],"color":[{"time":0.3333,"color":"ffffffc7","curve":"stepped"},{"time":0.5,"color":"ffffffc7"},{"time":0.6,"color":"ffffff00"}]},"ef_tuti_green":{"attachment":[{"time":0.7666,"name":"ef/ef_tuti_green/ef_tuti_green_00001"},{"time":0.8,"name":"ef/ef_tuti_green/ef_tuti_green_00002"},{"time":0.8333,"name":"ef/ef_tuti_green/ef_tuti_green_00003"},{"time":0.9333,"name":"ef/ef_tuti_green/ef_tuti_green_00004"},{"time":0.9666,"name":"ef/ef_tuti_green/ef_tuti_green_00005"},{"time":1,"name":"ef/ef_tuti_green/ef_tuti_green_00006"},{"time":1.1,"name":"ef/ef_tuti_green/ef_tuti_green_00007"},{"time":1.1333,"name":"ef/ef_tuti_green/ef_tuti_green_00008"},{"time":1.1666,"name":"ef/ef_tuti_green/ef_tuti_green_00009"},{"time":1.2333,"name":"ef/ef_tuti_green/ef_tuti_green_00010"},{"time":1.2666,"name":"ef/ef_tuti_green/ef_tuti_green_00011"},{"time":1.3333,"name":"ef/ef_tuti_green/ef_tuti_green_00012"},{"time":1.4,"name":"ef/ef_tuti_green/ef_tuti_green_00013"},{"time":1.4333,"name":"ef/ef_tuti_green/ef_tuti_green_00014"},{"time":1.4666,"name":"ef/ef_tuti_green/ef_tuti_green_00015"},{"time":1.5333,"name":"ef/ef_tuti_green/ef_tuti_green_00016"},{"time":1.6,"name":"ef/ef_tuti_green/ef_tuti_green_00017"},{"time":1.7,"name":null}],"color":[{"time":1.6,"color":"ffffffff"},{"time":1.7,"color":"ffffff00"}]},"skill1_02_EF":{"attachment":[{"time":0.3333,"name":"skill1_02_EF"},{"time":0.6,"name":null}]}},"bones":{"MAIN":{"translate":[{"time":0.1666,"x":18.11,"y":0,"curve":[0.094,1,0.237,0.96]},{"time":0.7,"x":18.11,"y":118.4},{"time":0.7333,"x":-90.94,"y":59.2},{"time":0.7666,"x":-168.7,"y":0,"curve":[0.018,0.35,0.363,0.68]},{"time":0.8,"x":-168.7,"y":-5.43,"curve":[0.15,0.4,0.507,0.73]},{"time":0.9,"x":-168.7,"y":-5.43,"curve":"stepped"},{"time":1.2,"x":-172.76,"y":0,"curve":"stepped"},{"time":1.3333,"x":-159.48,"y":0,"curve":"stepped"},{"time":1.5,"x":-160.12,"y":0},{"time":1.5666,"x":-79.04,"y":21.55},{"time":1.6666,"x":-25,"y":0,"curve":[0.075,0.6,0.75,1]},{"time":1.9666,"x":0,"y":0}]},"MAIN_DOT_EF":{"rotate":[{"time":0.3333,"angle":0}],"translate":[{"time":0.3333,"x":-24.73,"y":91.61,"curve":"stepped"},{"time":0.4,"x":-4.3,"y":92.92,"curve":"stepped"},{"time":0.4666,"x":-25.03,"y":90.47,"curve":"stepped"},{"time":0.5333,"x":-5.66,"y":93.19,"curve":"stepped"},{"time":0.5666,"x":-24.42,"y":91.56}],"scale":[{"time":0.3333,"x":1,"y":1,"curve":"stepped"},{"time":0.3666,"x":1.05,"y":1.05,"curve":"stepped"},{"time":0.4,"x":-1,"y":1,"curve":"stepped"},{"time":0.4333,"x":-1.05,"y":1.05,"curve":"stepped"},{"time":0.4666,"x":1,"y":1,"curve":"stepped"},{"time":0.5,"x":1.05,"y":1.05,"curve":"stepped"},{"time":0.5333,"x":-1,"y":1,"curve":"stepped"},{"time":0.5666,"x":1.05,"y":1.05}]},"ef_graund_wave_green":{"translate":[{"time":0.0333,"x":-700,"y":0,"curve":"stepped"},{"time":0.7666,"x":-931.21,"y":0}],"scale":[{"time":0.0333,"x":1.5,"y":1.5,"curve":"stepped"},{"time":0.7666,"x":2,"y":2},{"time":1.2333,"x":2.5,"y":2.5}]},"ef_slash_rot_main":{"translate":[{"time":0.3333,"x":-706.49,"y":-133.11},{"time":0.4,"x":-700.75,"y":-130.93},{"time":0.4666,"x":-697.2,"y":-124.8},{"time":0.5333,"x":-698.06,"y":-122.49},{"time":0.5666,"x":-699.48,"y":-123.51}],"scale":[{"time":0.3333,"x":3.1,"y":3.1}]},"ef_slash_rot_main2":{"translate":[{"time":0.3333,"x":-706.49,"y":-133.11},{"time":0.4,"x":-700.75,"y":-130.93},{"time":0.4666,"x":-697.2,"y":-124.8},{"time":0.5333,"x":-698.06,"y":-122.49},{"time":0.5666,"x":-699.48,"y":-123.51}],"scale":[{"time":0.3333,"x":-3.25,"y":-3.25}]},"ef_slash_rot_main3":{"translate":[{"time":0.3333,"x":-706.49,"y":-133.11},{"time":0.4,"x":-700.75,"y":-130.93},{"time":0.4666,"x":-697.2,"y":-124.8},{"time":0.5333,"x":-698.06,"y":-122.49},{"time":0.5666,"x":-699.48,"y":-123.51}],"scale":[{"time":0.3333,"x":2,"y":2}]},"ef_slash_rot_main4":{"translate":[{"time":0.3333,"x":-706.49,"y":-133.11},{"time":0.4,"x":-700.75,"y":-130.93},{"time":0.4666,"x":-697.2,"y":-124.8},{"time":0.5333,"x":-698.06,"y":-122.49},{"time":0.5666,"x":-699.48,"y":-123.51}],"scale":[{"time":0.3333,"x":-2,"y":-2}]},"ef_graund_shock_main":{"translate":[{"time":0.7666,"x":-939.38,"y":-600}],"scale":[{"time":0.7666,"x":1,"y":1},{"time":0.9666,"x":2,"y":2}]},"ef_ex_main":{"translate":[{"time":0.7666,"x":-740.33,"y":0}],"scale":[{"time":0.7666,"x":1,"y":1},{"time":1.2,"x":2,"y":2}]},"ef_graund_earth_green":{"rotate":[{"time":0.7666,"angle":6.15}],"translate":[{"time":0.7666,"x":-762.16,"y":-8.22}],"scale":[{"time":0.7666,"x":0.805,"y":0.87}]},"ef_graund_earth_green2":{"rotate":[{"time":0.7666,"angle":176.63}],"translate":[{"time":0.7666,"x":-919.27,"y":-3.79}],"scale":[{"time":0.7666,"x":0.85,"y":0.754}]},"ef_graund_earth_green3":{"rotate":[{"time":0.8,"angle":173.91}],"translate":[{"time":0.8,"x":-674.9,"y":13.72}],"scale":[{"time":0.8,"x":0.984,"y":0.814}]},"ef_graund_earth_green4":{"rotate":[{"time":0.8,"angle":179.88}],"translate":[{"time":0.8,"x":-836.32,"y":13.27}],"scale":[{"time":0.8,"x":0.571,"y":0.688}]},"ef_graund_earth_green5":{"rotate":[{"time":0.8,"angle":-1.01}],"translate":[{"time":0.8,"x":-862.46,"y":-28.68}],"scale":[{"time":0.8,"x":1.389,"y":1.282}]},"ef_graund_earth_green6":{"rotate":[{"time":0.8,"angle":-5.02}],"translate":[{"time":0.8,"x":-1007.03,"y":-8.1}],"scale":[{"time":0.8,"x":-0.827,"y":0.996}]},"ef_graund_earth_green7":{"rotate":[{"time":0.8,"angle":179.1}],"translate":[{"time":0.8,"x":-815.56,"y":24.58}],"scale":[{"time":0.8,"x":0.522,"y":0.727}]},"ef_graund_earth_green8":{"rotate":[{"time":0.8,"angle":6.91}],"translate":[{"time":0.8,"x":-678.04,"y":-13.75}],"scale":[{"time":0.8,"x":1.057,"y":1.577}]},"ef_graund_earth_green9":{"rotate":[{"time":0.8,"angle":-176.15}],"translate":[{"time":0.8,"x":-978.4,"y":10.75}],"scale":[{"time":0.8,"x":0.884,"y":0.737}]},"ef_tuti_green":{"translate":[{"time":0.7666,"x":-1133.92,"y":0}],"scale":[{"time":0.7666,"x":3,"y":3},{"time":1.7,"x":4.73,"y":3.639}]},"DAMAGEAREA":{"translate":[{"time":0.8333,"x":-140.26,"y":-43.43}],"scale":[{"time":0.8333,"x":2.024,"y":1.022}]}},"events":[{"time":0,"name":"Event","string":"setHitEffect(hit03c,1)"},{"time":0,"name":"Sound3","string":"setHitSound(se_battle_swordslash_heavy)"},{"time":0.0333,"name":"Event","int":100,"string":"kImpactType_up"},{"time":0.0666,"name":"Event","float":0.09,"string":"kHitStopType_normal"},{"time":0.1666,"name":"Sound1","string":"cri_se_battle_jump"},{"time":0.3,"name":"Sound1","string":"cri_se_battle_sword_swish_heavy"},{"time":0.4333,"name":"Sound1","string":"cri_se_battle_sword_swish_heavy"},{"time":0.5333,"name":"Voice","string":"cri_294_voice_skill_all"},{"time":0.5666,"name":"Sound1","string":"cri_se_battle_sword_swish_heavy"},{"time":0.7333,"name":"Sound1","string":"cri_se_battle_skill_shot"},{"time":0.7666,"name":"Event2","float":1,"string":"shakeGround"},{"time":0.7666,"name":"Sound1","string":"cri_se_battle_monster_hit"},{"time":0.7666,"name":"Sound2","string":"cri_se_battle_037_explosion_element_05"},{"time":1.5,"name":"Sound1","string":"cri_se_battle_jump"},{"time":1.6666,"name":"Sound1","string":"cri_se_battle_landing"}]},"skill2":{"slots":{"DAMAGEAREA":{"attachment":[{"time":0.3333,"name":"DAMAGEAREA"},{"time":0.3666,"name":null},{"time":0.9333,"name":"DAMAGEAREA"},{"time":0.9666,"name":null},{"time":1.4,"name":"DAMAGEAREA"},{"time":1.4333,"name":null},{"time":1.7,"name":"DAMAGEAREA"},{"time":1.7333,"name":null},{"time":1.8333,"name":"DAMAGEAREA"},{"time":1.8666,"name":null},{"time":2.5,"name":"DAMAGEAREA"},{"time":2.5333,"name":null}]},"MAIN":{"attachment":[{"time":0,"name":"idle_00"},{"time":0.0333,"name":"attack1_00"},{"time":0.1333,"name":"skill2_00"},{"time":0.2333,"name":"attack1_07"},{"time":0.6333,"name":"attack1_08"},{"time":0.7333,"name":"skill2_00"},{"time":0.8333,"name":"attack1_03"},{"time":1,"name":"attack1_04"},{"time":1.2,"name":"skill2_00"},{"time":1.3,"name":"attack1_05"},{"time":1.3666,"name":"attack1_06"},{"time":1.5666,"name":"skill2_00"},{"time":1.6333,"name":"attack1_03"},{"time":1.6666,"name":"attack1_04"},{"time":1.7333,"name":"skill2_00"},{"time":1.8,"name":"attack1_05"},{"time":1.8666,"name":"attack1_06"},{"time":1.9333,"name":"skill2_01"},{"time":2.0666,"name":"skill2_02"},{"time":2.2,"name":"skill2_03"},{"time":2.3333,"name":"skill2_04"},{"time":2.4,"name":"skill2_05"},{"time":2.5,"name":"skill2_06"},{"time":2.6,"name":"skill2_07"},{"time":2.7,"name":"skill2_08"},{"time":2.8,"name":"skill2_05"},{"time":2.9,"name":"skill2_06"},{"time":3,"name":"skill2_07"},{"time":3.1,"name":"skill2_08"},{"time":3.2,"name":"skill2_05"},{"time":3.3,"name":"skill2_06"},{"time":3.4,"name":"skill2_07"},{"time":3.5,"name":"skill2_08"},{"time":3.6,"name":"skill2_05"},{"time":3.7,"name":"skill2_06"},{"time":3.8,"name":"skill2_07"},{"time":3.9,"name":"skill2_08"},{"time":4,"name":"attack1_12"},{"time":4.1,"name":"attack1_00"},{"time":4.2,"name":"back_00"},{"time":4.3666,"name":"attack1_01"},{"time":4.5,"name":"attack1_02"},{"time":4.6,"name":"idle_03"},{"time":4.7666,"name":"idle_00"}]},"ef_dash_green":{"attachment":[{"time":0.1333,"name":"ef/ef_dash_green/ef_dash_green_00001"},{"time":0.1666,"name":"ef/ef_dash_green/ef_dash_green_00002"},{"time":0.2,"name":"ef/ef_dash_green/ef_dash_green_00003"},{"time":0.2333,"name":"ef/ef_dash_green/ef_dash_green_00004"},{"time":0.2666,"name":"ef/ef_dash_green/ef_dash_green_00005"},{"time":0.3,"name":"ef/ef_dash_green/ef_dash_green_00006"},{"time":0.3333,"name":"ef/ef_dash_green/ef_dash_green_00007"},{"time":0.3666,"name":"ef/ef_dash_green/ef_dash_green_00008"},{"time":0.4,"name":"ef/ef_dash_green/ef_dash_green_00009"},{"time":0.4333,"name":"ef/ef_dash_green/ef_dash_green_00010"},{"time":0.4666,"name":"ef/ef_dash_green/ef_dash_green_00011"},{"time":0.5,"name":"ef/ef_dash_green/ef_dash_green_00012"},{"time":0.5333,"name":"ef/ef_dash_green/ef_dash_green_00013"},{"time":0.5666,"name":null},{"time":0.7333,"name":"ef/ef_dash_green/ef_dash_green_00001"},{"time":0.7666,"name":"ef/ef_dash_green/ef_dash_green_00002"},{"time":0.8,"name":"ef/ef_dash_green/ef_dash_green_00003"},{"time":0.8333,"name":"ef/ef_dash_green/ef_dash_green_00004"},{"time":0.8666,"name":"ef/ef_dash_green/ef_dash_green_00005"},{"time":0.9,"name":"ef/ef_dash_green/ef_dash_green_00006"},{"time":0.9333,"name":"ef/ef_dash_green/ef_dash_green_00007"},{"time":0.9666,"name":"ef/ef_dash_green/ef_dash_green_00008"},{"time":1,"name":"ef/ef_dash_green/ef_dash_green_00009"},{"time":1.0333,"name":"ef/ef_dash_green/ef_dash_green_00010"},{"time":1.0666,"name":"ef/ef_dash_green/ef_dash_green_00011"},{"time":1.1,"name":"ef/ef_dash_green/ef_dash_green_00012"},{"time":1.1333,"name":"ef/ef_dash_green/ef_dash_green_00013"},{"time":1.1666,"name":null},{"time":1.2,"name":"ef/ef_dash_green/ef_dash_green_00001"},{"time":1.2333,"name":"ef/ef_dash_green/ef_dash_green_00002"},{"time":1.2666,"name":"ef/ef_dash_green/ef_dash_green_00003"},{"time":1.3,"name":"ef/ef_dash_green/ef_dash_green_00004"},{"time":1.3333,"name":"ef/ef_dash_green/ef_dash_green_00005"},{"time":1.3666,"name":"ef/ef_dash_green/ef_dash_green_00006"},{"time":1.4,"name":"ef/ef_dash_green/ef_dash_green_00007"},{"time":1.4333,"name":"ef/ef_dash_green/ef_dash_green_00008"},{"time":1.4666,"name":"ef/ef_dash_green/ef_dash_green_00009"},{"time":1.5,"name":"ef/ef_dash_green/ef_dash_green_00010"},{"time":1.5333,"name":"ef/ef_dash_green/ef_dash_green_00011"},{"time":1.5666,"name":"ef/ef_dash_green/ef_dash_green_00012"},{"time":1.6,"name":"ef/ef_dash_green/ef_dash_green_00013"},{"time":1.6333,"name":null},{"time":1.7333,"name":"ef/ef_dash_green/ef_dash_green_00001"},{"time":1.7666,"name":"ef/ef_dash_green/ef_dash_green_00002"},{"time":1.8,"name":"ef/ef_dash_green/ef_dash_green_00003"},{"time":1.8333,"name":"ef/ef_dash_green/ef_dash_green_00004"},{"time":1.8666,"name":"ef/ef_dash_green/ef_dash_green_00005"},{"time":1.9,"name":"ef/ef_dash_green/ef_dash_green_00006"},{"time":1.9333,"name":"ef/ef_dash_green/ef_dash_green_00007"},{"time":1.9666,"name":"ef/ef_dash_green/ef_dash_green_00008"},{"time":2,"name":"ef/ef_dash_green/ef_dash_green_00009"},{"time":2.0333,"name":"ef/ef_dash_green/ef_dash_green_00010"},{"time":2.0666,"name":"ef/ef_dash_green/ef_dash_green_00011"},{"time":2.1,"name":"ef/ef_dash_green/ef_dash_green_00012"},{"time":2.1333,"name":"ef/ef_dash_green/ef_dash_green_00013"},{"time":2.1666,"name":null},{"time":2.4,"name":"ef/ef_dash_green/ef_dash_green_00001"},{"time":2.4333,"name":"ef/ef_dash_green/ef_dash_green_00002"},{"time":2.4666,"name":"ef/ef_dash_green/ef_dash_green_00003"},{"time":2.5,"name":"ef/ef_dash_green/ef_dash_green_00004"},{"time":2.5333,"name":"ef/ef_dash_green/ef_dash_green_00005"},{"time":2.5666,"name":"ef/ef_dash_green/ef_dash_green_00006"},{"time":2.6,"name":"ef/ef_dash_green/ef_dash_green_00007"},{"time":2.6333,"name":"ef/ef_dash_green/ef_dash_green_00008"},{"time":2.6666,"name":"ef/ef_dash_green/ef_dash_green_00009"},{"time":2.7,"name":"ef/ef_dash_green/ef_dash_green_00010"},{"time":2.7333,"name":"ef/ef_dash_green/ef_dash_green_00011"},{"time":2.7666,"name":"ef/ef_dash_green/ef_dash_green_00012"},{"time":2.8,"name":"ef/ef_dash_green/ef_dash_green_00013"},{"time":2.8333,"name":null}]},"ef_dash_green2":{"attachment":[{"time":1.5666,"name":"ef/ef_dash_green/ef_dash_green_00001"},{"time":1.6,"name":"ef/ef_dash_green/ef_dash_green_00002"},{"time":1.6333,"name":"ef/ef_dash_green/ef_dash_green_00003"},{"time":1.6666,"name":"ef/ef_dash_green/ef_dash_green_00004"},{"time":1.7,"name":"ef/ef_dash_green/ef_dash_green_00005"},{"time":1.7333,"name":"ef/ef_dash_green/ef_dash_green_00006"},{"time":1.7666,"name":"ef/ef_dash_green/ef_dash_green_00007"},{"time":1.8,"name":"ef/ef_dash_green/ef_dash_green_00008"},{"time":1.8333,"name":"ef/ef_dash_green/ef_dash_green_00009"},{"time":1.8666,"name":"ef/ef_dash_green/ef_dash_green_00010"},{"time":1.9,"name":"ef/ef_dash_green/ef_dash_green_00011"},{"time":1.9333,"name":"ef/ef_dash_green/ef_dash_green_00012"},{"time":1.9666,"name":"ef/ef_dash_green/ef_dash_green_00013"},{"time":2,"name":null},{"time":2.4333,"name":"ef/ef_dash_green/ef_dash_green_00001"},{"time":2.5,"name":"ef/ef_dash_green/ef_dash_green_00002"},{"time":2.5666,"name":"ef/ef_dash_green/ef_dash_green_00003"},{"time":2.6333,"name":"ef/ef_dash_green/ef_dash_green_00004"},{"time":2.7,"name":"ef/ef_dash_green/ef_dash_green_00005"},{"time":2.7333,"name":"ef/ef_dash_green/ef_dash_green_00006"},{"time":2.8,"name":"ef/ef_dash_green/ef_dash_green_00007"},{"time":2.8333,"name":"ef/ef_dash_green/ef_dash_green_00008"},{"time":2.8666,"name":"ef/ef_dash_green/ef_dash_green_00009"},{"time":2.9333,"name":"ef/ef_dash_green/ef_dash_green_00010"},{"time":2.9666,"name":"ef/ef_dash_green/ef_dash_green_00011"},{"time":3,"name":"ef/ef_dash_green/ef_dash_green_00012"},{"time":3.0333,"name":"ef/ef_dash_green/ef_dash_green_00013"},{"time":3.0666,"name":null}]},"ef_graund_wave_green":{"attachment":[{"time":0.0333,"name":"ef/ef_graund_wave_green/ef_graund_wave_green_00001"},{"time":0.0666,"name":"ef/ef_graund_wave_green/ef_graund_wave_green_00002"},{"time":0.1,"name":"ef/ef_graund_wave_green/ef_graund_wave_green_00003"},{"time":0.1333,"name":"ef/ef_graund_wave_green/ef_graund_wave_green_00004"},{"time":0.1666,"name":"ef/ef_graund_wave_green/ef_graund_wave_green_00005"},{"time":0.2,"name":"ef/ef_graund_wave_green/ef_graund_wave_green_00006"},{"time":0.2333,"name":"ef/ef_graund_wave_green/ef_graund_wave_green_00007"},{"time":0.2666,"name":"ef/ef_graund_wave_green/ef_graund_wave_green_00008"},{"time":0.3,"name":"ef/ef_graund_wave_green/ef_graund_wave_green_00009"},{"time":0.3333,"name":"ef/ef_graund_wave_green/ef_graund_wave_green_00010"},{"time":0.3666,"name":"ef/ef_graund_wave_green/ef_graund_wave_green_00011"},{"time":0.4,"name":"ef/ef_graund_wave_green/ef_graund_wave_green_00012"},{"time":0.4333,"name":"ef/ef_graund_wave_green/ef_graund_wave_green_00013"},{"time":0.4666,"name":"ef/ef_graund_wave_green/ef_graund_wave_green_00014"},{"time":0.5,"name":null},{"time":0.7333,"name":"ef/ef_graund_wave_green/ef_graund_wave_green_00001"},{"time":0.7666,"name":"ef/ef_graund_wave_green/ef_graund_wave_green_00002"},{"time":0.8,"name":"ef/ef_graund_wave_green/ef_graund_wave_green_00003"},{"time":0.8333,"name":"ef/ef_graund_wave_green/ef_graund_wave_green_00004"},{"time":0.8666,"name":"ef/ef_graund_wave_green/ef_graund_wave_green_00005"},{"time":0.9,"name":"ef/ef_graund_wave_green/ef_graund_wave_green_00006"},{"time":0.9333,"name":"ef/ef_graund_wave_green/ef_graund_wave_green_00007"},{"time":0.9666,"name":"ef/ef_graund_wave_green/ef_graund_wave_green_00008"},{"time":1,"name":"ef/ef_graund_wave_green/ef_graund_wave_green_00009"},{"time":1.0333,"name":"ef/ef_graund_wave_green/ef_graund_wave_green_00010"},{"time":1.0666,"name":"ef/ef_graund_wave_green/ef_graund_wave_green_00011"},{"time":1.1,"name":"ef/ef_graund_wave_green/ef_graund_wave_green_00012"},{"time":1.1333,"name":"ef/ef_graund_wave_green/ef_graund_wave_green_00013"},{"time":1.1666,"name":"ef/ef_graund_wave_green/ef_graund_wave_green_00014"},{"time":1.2,"name":null},{"time":1.5666,"name":"ef/ef_graund_wave_green/ef_graund_wave_green_00001"},{"time":1.6,"name":"ef/ef_graund_wave_green/ef_graund_wave_green_00002"},{"time":1.6333,"name":"ef/ef_graund_wave_green/ef_graund_wave_green_00003"},{"time":1.6666,"name":"ef/ef_graund_wave_green/ef_graund_wave_green_00004"},{"time":1.7,"name":"ef/ef_graund_wave_green/ef_graund_wave_green_00005"},{"time":1.7333,"name":"ef/ef_graund_wave_green/ef_graund_wave_green_00006"},{"time":1.7666,"name":"ef/ef_graund_wave_green/ef_graund_wave_green_00007"},{"time":1.8,"name":"ef/ef_graund_wave_green/ef_graund_wave_green_00008"},{"time":1.8333,"name":"ef/ef_graund_wave_green/ef_graund_wave_green_00009"},{"time":1.8666,"name":"ef/ef_graund_wave_green/ef_graund_wave_green_00010"},{"time":1.9,"name":"ef/ef_graund_wave_green/ef_graund_wave_green_00011"},{"time":1.9333,"name":"ef/ef_graund_wave_green/ef_graund_wave_green_00012"},{"time":1.9666,"name":"ef/ef_graund_wave_green/ef_graund_wave_green_00013"},{"time":2,"name":"ef/ef_graund_wave_green/ef_graund_wave_green_00014"},{"time":2.0333,"name":null},{"time":2.4333,"name":"ef/ef_graund_wave_green/ef_graund_wave_green_00001"},{"time":2.4666,"name":"ef/ef_graund_wave_green/ef_graund_wave_green_00002"},{"time":2.5,"name":"ef/ef_graund_wave_green/ef_graund_wave_green_00003"},{"time":2.5333,"name":"ef/ef_graund_wave_green/ef_graund_wave_green_00004"},{"time":2.5666,"name":"ef/ef_graund_wave_green/ef_graund_wave_green_00005"},{"time":2.6,"name":"ef/ef_graund_wave_green/ef_graund_wave_green_00006"},{"time":2.6333,"name":"ef/ef_graund_wave_green/ef_graund_wave_green_00007"},{"time":2.6666,"name":"ef/ef_graund_wave_green/ef_graund_wave_green_00008"},{"time":2.7,"name":"ef/ef_graund_wave_green/ef_graund_wave_green_00009"},{"time":2.7333,"name":"ef/ef_graund_wave_green/ef_graund_wave_green_00010"},{"time":2.7666,"name":"ef/ef_graund_wave_green/ef_graund_wave_green_00011"},{"time":2.8,"name":"ef/ef_graund_wave_green/ef_graund_wave_green_00012"},{"time":2.8333,"name":"ef/ef_graund_wave_green/ef_graund_wave_green_00013"},{"time":2.8666,"name":"ef/ef_graund_wave_green/ef_graund_wave_green_00014"},{"time":2.9,"name":null}]},"ef_graund_wave_green2":{"attachment":[{"time":1.2,"name":"ef/ef_graund_wave_green/ef_graund_wave_green_00001"},{"time":1.2333,"name":"ef/ef_graund_wave_green/ef_graund_wave_green_00002"},{"time":1.2666,"name":"ef/ef_graund_wave_green/ef_graund_wave_green_00003"},{"time":1.3,"name":"ef/ef_graund_wave_green/ef_graund_wave_green_00004"},{"time":1.3333,"name":"ef/ef_graund_wave_green/ef_graund_wave_green_00005"},{"time":1.3666,"name":"ef/ef_graund_wave_green/ef_graund_wave_green_00006"},{"time":1.4,"name":"ef/ef_graund_wave_green/ef_graund_wave_green_00007"},{"time":1.4333,"name":"ef/ef_graund_wave_green/ef_graund_wave_green_00008"},{"time":1.4666,"name":"ef/ef_graund_wave_green/ef_graund_wave_green_00009"},{"time":1.5,"name":"ef/ef_graund_wave_green/ef_graund_wave_green_00010"},{"time":1.5333,"name":"ef/ef_graund_wave_green/ef_graund_wave_green_00011"},{"time":1.5666,"name":"ef/ef_graund_wave_green/ef_graund_wave_green_00012"},{"time":1.6,"name":"ef/ef_graund_wave_green/ef_graund_wave_green_00013"},{"time":1.6333,"name":"ef/ef_graund_wave_green/ef_graund_wave_green_00014"},{"time":1.6666,"name":null},{"time":1.7333,"name":"ef/ef_graund_wave_green/ef_graund_wave_green_00001"},{"time":1.7666,"name":"ef/ef_graund_wave_green/ef_graund_wave_green_00002"},{"time":1.8,"name":"ef/ef_graund_wave_green/ef_graund_wave_green_00003"},{"time":1.8333,"name":"ef/ef_graund_wave_green/ef_graund_wave_green_00004"},{"time":1.8666,"name":"ef/ef_graund_wave_green/ef_graund_wave_green_00005"},{"time":1.9,"name":"ef/ef_graund_wave_green/ef_graund_wave_green_00006"},{"time":1.9333,"name":"ef/ef_graund_wave_green/ef_graund_wave_green_00007"},{"time":1.9666,"name":"ef/ef_graund_wave_green/ef_graund_wave_green_00008"},{"time":2,"name":"ef/ef_graund_wave_green/ef_graund_wave_green_00009"},{"time":2.0333,"name":"ef/ef_graund_wave_green/ef_graund_wave_green_00010"},{"time":2.0666,"name":"ef/ef_graund_wave_green/ef_graund_wave_green_00011"},{"time":2.1,"name":"ef/ef_graund_wave_green/ef_graund_wave_green_00012"},{"time":2.1333,"name":"ef/ef_graund_wave_green/ef_graund_wave_green_00013"},{"time":2.1666,"name":"ef/ef_graund_wave_green/ef_graund_wave_green_00014"},{"time":2.2,"name":null},{"time":2.4,"name":"ef/ef_graund_wave_green/ef_graund_wave_green_00001"},{"time":2.4333,"name":"ef/ef_graund_wave_green/ef_graund_wave_green_00002"},{"time":2.4666,"name":"ef/ef_graund_wave_green/ef_graund_wave_green_00003"},{"time":2.5,"name":"ef/ef_graund_wave_green/ef_graund_wave_green_00004"},{"time":2.5333,"name":"ef/ef_graund_wave_green/ef_graund_wave_green_00005"},{"time":2.5666,"name":"ef/ef_graund_wave_green/ef_graund_wave_green_00006"},{"time":2.6,"name":"ef/ef_graund_wave_green/ef_graund_wave_green_00007"},{"time":2.6333,"name":"ef/ef_graund_wave_green/ef_graund_wave_green_00008"},{"time":2.6666,"name":"ef/ef_graund_wave_green/ef_graund_wave_green_00009"},{"time":2.7,"name":"ef/ef_graund_wave_green/ef_graund_wave_green_00010"},{"time":2.7333,"name":"ef/ef_graund_wave_green/ef_graund_wave_green_00011"},{"time":2.7666,"name":"ef/ef_graund_wave_green/ef_graund_wave_green_00012"},{"time":2.8,"name":"ef/ef_graund_wave_green/ef_graund_wave_green_00013"},{"time":2.8333,"name":"ef/ef_graund_wave_green/ef_graund_wave_green_00014"},{"time":2.8666,"name":null}]},"ef_graund_wave_green3":{"attachment":[{"time":2.4666,"name":"ef/ef_graund_wave_green/ef_graund_wave_green_00001"},{"time":2.5,"name":"ef/ef_graund_wave_green/ef_graund_wave_green_00002"},{"time":2.5333,"name":"ef/ef_graund_wave_green/ef_graund_wave_green_00003"},{"time":2.5666,"name":"ef/ef_graund_wave_green/ef_graund_wave_green_00004"},{"time":2.6,"name":"ef/ef_graund_wave_green/ef_graund_wave_green_00005"},{"time":2.6333,"name":"ef/ef_graund_wave_green/ef_graund_wave_green_00006"},{"time":2.6666,"name":"ef/ef_graund_wave_green/ef_graund_wave_green_00007"},{"time":2.7,"name":"ef/ef_graund_wave_green/ef_graund_wave_green_00008"},{"time":2.7333,"name":"ef/ef_graund_wave_green/ef_graund_wave_green_00009"},{"time":2.7666,"name":"ef/ef_graund_wave_green/ef_graund_wave_green_00010"},{"time":2.8,"name":"ef/ef_graund_wave_green/ef_graund_wave_green_00011"},{"time":2.8333,"name":"ef/ef_graund_wave_green/ef_graund_wave_green_00012"},{"time":2.8666,"name":"ef/ef_graund_wave_green/ef_graund_wave_green_00013"},{"time":2.9,"name":"ef/ef_graund_wave_green/ef_graund_wave_green_00014"},{"time":2.9333,"name":null}]},"ef_rot_wave_main":{"attachment":[{"time":1.9333,"name":"ef/ef_rot_wave_main/ef_rot_wave_main_00015"},{"time":1.9666,"name":"ef/ef_rot_wave_main/ef_rot_wave_main_00014"},{"time":2,"name":"ef/ef_rot_wave_main/ef_rot_wave_main_00013"},{"time":2.0333,"name":"ef/ef_rot_wave_main/ef_rot_wave_main_00012"},{"time":2.0666,"name":"ef/ef_rot_wave_main/ef_rot_wave_main_00011"},{"time":2.1,"name":"ef/ef_rot_wave_main/ef_rot_wave_main_00010"},{"time":2.1333,"name":"ef/ef_rot_wave_main/ef_rot_wave_main_00009"},{"time":2.1666,"name":"ef/ef_rot_wave_main/ef_rot_wave_main_00008"},{"time":2.2,"name":"ef/ef_rot_wave_main/ef_rot_wave_main_00007"},{"time":2.2333,"name":"ef/ef_rot_wave_main/ef_rot_wave_main_00006"},{"time":2.2666,"name":"ef/ef_rot_wave_main/ef_rot_wave_main_00005"},{"time":2.3,"name":"ef/ef_rot_wave_main/ef_rot_wave_main_00004"},{"time":2.3333,"name":"ef/ef_rot_wave_main/ef_rot_wave_main_00003"},{"time":2.3666,"name":"ef/ef_rot_wave_main/ef_rot_wave_main_00001"},{"time":2.4,"name":null}]},"ef_trust_main":{"attachment":[{"time":0.2333,"name":"ef/ef_trust_main/ef_trust_main_00001"},{"time":0.2666,"name":"ef/ef_trust_main/ef_trust_main_00002"},{"time":0.3,"name":"ef/ef_trust_main/ef_trust_main_00003"},{"time":0.3333,"name":"ef/ef_trust_main/ef_trust_main_00004"},{"time":0.3666,"name":"ef/ef_trust_main/ef_trust_main_00005"},{"time":0.4,"name":"ef/ef_trust_main/ef_trust_main_00006"},{"time":0.4333,"name":"ef/ef_trust_main/ef_trust_main_00007"},{"time":0.4666,"name":null},{"time":0.8333,"name":"ef/ef_trust_main/ef_trust_main_00001"},{"time":0.8666,"name":"ef/ef_trust_main/ef_trust_main_00002"},{"time":0.9,"name":"ef/ef_trust_main/ef_trust_main_00003"},{"time":0.9333,"name":"ef/ef_trust_main/ef_trust_main_00004"},{"time":0.9666,"name":"ef/ef_trust_main/ef_trust_main_00005"},{"time":1,"name":"ef/ef_trust_main/ef_trust_main_00006"},{"time":1.0333,"name":"ef/ef_trust_main/ef_trust_main_00007"},{"time":1.0666,"name":null},{"time":1.3,"name":"ef/ef_trust_main/ef_trust_main_00001"},{"time":1.3333,"name":"ef/ef_trust_main/ef_trust_main_00002"},{"time":1.3666,"name":"ef/ef_trust_main/ef_trust_main_00003"},{"time":1.4,"name":"ef/ef_trust_main/ef_trust_main_00004"},{"time":1.4333,"name":"ef/ef_trust_main/ef_trust_main_00005"},{"time":1.4666,"name":"ef/ef_trust_main/ef_trust_main_00006"},{"time":1.5,"name":"ef/ef_trust_main/ef_trust_main_00007"},{"time":1.5333,"name":null},{"time":1.6333,"name":"ef/ef_trust_main/ef_trust_main_00001"},{"time":1.6666,"name":"ef/ef_trust_main/ef_trust_main_00002"},{"time":1.7,"name":"ef/ef_trust_main/ef_trust_main_00003"},{"time":1.7333,"name":"ef/ef_trust_main/ef_trust_main_00004"},{"time":1.7666,"name":"ef/ef_trust_main/ef_trust_main_00005"},{"time":1.8,"name":"ef/ef_trust_main/ef_trust_main_00006"},{"time":1.8333,"name":"ef/ef_trust_main/ef_trust_main_00007"},{"time":1.8666,"name":null},{"time":2.4333,"name":"ef/ef_trust_main/ef_trust_main_00001"},{"time":2.4666,"name":"ef/ef_trust_main/ef_trust_main_00002"},{"time":2.5,"name":"ef/ef_trust_main/ef_trust_main_00003"},{"time":2.5333,"name":"ef/ef_trust_main/ef_trust_main_00004"},{"time":2.5666,"name":"ef/ef_trust_main/ef_trust_main_00005"},{"time":2.6,"name":"ef/ef_trust_main/ef_trust_main_00006"},{"time":2.6333,"name":"ef/ef_trust_main/ef_trust_main_00007"},{"time":2.6666,"name":null}]},"ef_trust_main2":{"attachment":[{"time":1.8,"name":"ef/ef_trust_main/ef_trust_main_00001"},{"time":1.8333,"name":"ef/ef_trust_main/ef_trust_main_00004"},{"time":1.8666,"name":"ef/ef_trust_main/ef_trust_main_00005"},{"time":1.9,"name":"ef/ef_trust_main/ef_trust_main_00006"},{"time":1.9333,"name":"ef/ef_trust_main/ef_trust_main_00007"},{"time":1.9666,"name":null}]},"skill2_00_EF":{"attachment":[{"time":0.1333,"name":"skill2_00_EF"},{"time":0.2333,"name":null},{"time":0.7333,"name":"skill2_00_EF"},{"time":0.8333,"name":null},{"time":1.2,"name":"skill2_00_EF"},{"time":1.3,"name":null},{"time":1.5666,"name":"skill2_00_EF"},{"time":1.6333,"name":null},{"time":1.7333,"name":"skill2_00_EF"},{"time":1.8,"name":null}]},"smash_attack_A_green":{"attachment":[{"time":0.2666,"name":"ef/smash_attack_A_green/ef_smash_attack_A_green_00001"},{"time":0.3,"name":"ef/smash_attack_A_green/ef_smash_attack_A_green_00002"},{"time":0.3333,"name":"ef/smash_attack_A_green/ef_smash_attack_A_green_00003"},{"time":0.3666,"name":"ef/smash_attack_A_green/ef_smash_attack_A_green_00004"},{"time":0.4333,"name":null},{"time":0.8666,"name":"ef/smash_attack_A_green/ef_smash_attack_A_green_00001"},{"time":0.9,"name":"ef/smash_attack_A_green/ef_smash_attack_A_green_00002"},{"time":0.9333,"name":"ef/smash_attack_A_green/ef_smash_attack_A_green_00003"},{"time":0.9666,"name":"ef/smash_attack_A_green/ef_smash_attack_A_green_00004"},{"time":1.0333,"name":null},{"time":1.3,"name":"ef/smash_attack_A_green/ef_smash_attack_A_green_00001"},{"time":1.3333,"name":"ef/smash_attack_A_green/ef_smash_attack_A_green_00002"},{"time":1.3666,"name":"ef/smash_attack_A_green/ef_smash_attack_A_green_00003"},{"time":1.4,"name":"ef/smash_attack_A_green/ef_smash_attack_A_green_00004"},{"time":1.4666,"name":null},{"time":1.6666,"name":"ef/smash_attack_A_green/ef_smash_attack_A_green_00001"},{"time":1.7,"name":"ef/smash_attack_A_green/ef_smash_attack_A_green_00002"},{"time":1.7333,"name":"ef/smash_attack_A_green/ef_smash_attack_A_green_00003"},{"time":1.7666,"name":"ef/smash_attack_A_green/ef_smash_attack_A_green_00004"},{"time":1.8333,"name":null},{"time":2.4,"name":"ef/smash_attack_A_green/ef_smash_attack_A_green_00001"},{"time":2.4333,"name":"ef/smash_attack_A_green/ef_smash_attack_A_green_00002"},{"time":2.4666,"name":"ef/smash_attack_A_green/ef_smash_attack_A_green_00003"},{"time":2.5,"name":"ef/smash_attack_A_green/ef_smash_attack_A_green_00004"},{"time":2.5666,"name":null}],"color":[{"time":0.3666,"color":"ffffffff"},{"time":0.4333,"color":"ffffff00","curve":"stepped"},{"time":0.8666,"color":"ffffffff","curve":"stepped"},{"time":0.9666,"color":"ffffffff"},{"time":1.0333,"color":"ffffff00","curve":"stepped"},{"time":1.3,"color":"ffffffff","curve":"stepped"},{"time":1.4,"color":"ffffffff"},{"time":1.4666,"color":"ffffff00","curve":"stepped"},{"time":1.6666,"color":"ffffffff","curve":"stepped"},{"time":1.7666,"color":"ffffffff"},{"time":1.8333,"color":"ffffff00","curve":"stepped"},{"time":2.4,"color":"ffffffff","curve":"stepped"},{"time":2.5,"color":"ffffffff"},{"time":2.5666,"color":"ffffff00"}]},"smash_attack_A_green2":{"attachment":[{"time":1.8,"name":"ef/smash_attack_A_green/ef_smash_attack_A_green_00001"},{"time":1.8333,"name":"ef/smash_attack_A_green/ef_smash_attack_A_green_00002"},{"time":1.8666,"name":"ef/smash_attack_A_green/ef_smash_attack_A_green_00003"},{"time":1.9,"name":"ef/smash_attack_A_green/ef_smash_attack_A_green_00004"},{"time":1.9666,"name":null}],"color":[{"time":1.8,"color":"ffffffff","curve":"stepped"},{"time":1.9,"color":"ffffffff"},{"time":1.9666,"color":"ffffff00"}]},"smash_wave_A_green":{"attachment":[{"time":0.2666,"name":"ef/smash_wave_A_green/ef_smash_wave_A_green_00001"},{"time":0.3,"name":"ef/smash_wave_A_green/ef_smash_wave_A_green_00002"},{"time":0.3333,"name":"ef/smash_wave_A_green/ef_smash_wave_A_green_00003"},{"time":0.3666,"name":"ef/smash_wave_A_green/ef_smash_wave_A_green_00004"},{"time":0.4,"name":"ef/smash_wave_A_green/ef_smash_wave_A_green_00005"},{"time":0.6,"name":null},{"time":0.8333,"name":"ef/smash_wave_A_green/ef_smash_wave_A_green_00001"},{"time":0.8666,"name":"ef/smash_wave_A_green/ef_smash_wave_A_green_00002"},{"time":0.9,"name":"ef/smash_wave_A_green/ef_smash_wave_A_green_00003"},{"time":0.9333,"name":"ef/smash_wave_A_green/ef_smash_wave_A_green_00004"},{"time":0.9666,"name":"ef/smash_wave_A_green/ef_smash_wave_A_green_00005"},{"time":1.1666,"name":null},{"time":1.3,"name":"ef/smash_wave_A_green/ef_smash_wave_A_green_00001"},{"time":1.3333,"name":"ef/smash_wave_A_green/ef_smash_wave_A_green_00002"},{"time":1.3666,"name":"ef/smash_wave_A_green/ef_smash_wave_A_green_00003"},{"time":1.4,"name":"ef/smash_wave_A_green/ef_smash_wave_A_green_00004"},{"time":1.4333,"name":"ef/smash_wave_A_green/ef_smash_wave_A_green_00005"},{"time":1.6,"name":null},{"time":1.6666,"name":"ef/smash_wave_A_green/ef_smash_wave_A_green_00001"},{"time":1.7,"name":"ef/smash_wave_A_green/ef_smash_wave_A_green_00002"},{"time":1.7333,"name":"ef/smash_wave_A_green/ef_smash_wave_A_green_00003"},{"time":1.7666,"name":"ef/smash_wave_A_green/ef_smash_wave_A_green_00004"},{"time":1.8,"name":"ef/smash_wave_A_green/ef_smash_wave_A_green_00005"},{"time":1.9666,"name":null},{"time":2.4,"name":"ef/smash_wave_A_green/ef_smash_wave_A_green_00001"},{"time":2.4333,"name":"ef/smash_wave_A_green/ef_smash_wave_A_green_00002"},{"time":2.4666,"name":"ef/smash_wave_A_green/ef_smash_wave_A_green_00003"},{"time":2.5,"name":"ef/smash_wave_A_green/ef_smash_wave_A_green_00004"},{"time":2.5333,"name":"ef/smash_wave_A_green/ef_smash_wave_A_green_00005"},{"time":2.7,"name":null}],"color":[{"time":0.4,"color":"ffffffff"},{"time":0.6,"color":"ffffff00","curve":"stepped"},{"time":0.8333,"color":"ffffffff","curve":"stepped"},{"time":0.9666,"color":"ffffffff"},{"time":1.1666,"color":"ffffff00","curve":"stepped"},{"time":1.3,"color":"ffffffff","curve":"stepped"},{"time":1.4333,"color":"ffffffff"},{"time":1.6,"color":"ffffff00","curve":"stepped"},{"time":1.6666,"color":"ffffffff","curve":"stepped"},{"time":1.8,"color":"ffffffff"},{"time":1.9666,"color":"ffffff00","curve":"stepped"},{"time":2.4,"color":"ffffffff","curve":"stepped"},{"time":2.5333,"color":"ffffffff"},{"time":2.7,"color":"ffffff00"}]},"smash_wave_A_green2":{"attachment":[{"time":1.8,"name":"ef/smash_wave_A_green/ef_smash_wave_A_green_00001"},{"time":1.8333,"name":"ef/smash_wave_A_green/ef_smash_wave_A_green_00002"},{"time":1.8666,"name":"ef/smash_wave_A_green/ef_smash_wave_A_green_00003"},{"time":1.9,"name":"ef/smash_wave_A_green/ef_smash_wave_A_green_00004"},{"time":1.9333,"name":"ef/smash_wave_A_green/ef_smash_wave_A_green_00005"},{"time":2.1,"name":null}],"color":[{"time":1.8,"color":"ffffffff","curve":"stepped"},{"time":1.9333,"color":"ffffffff"},{"time":2.1,"color":"ffffff00"}]}},"bones":{"MAIN":{"rotate":[{"time":1.5666,"angle":4.84,"curve":"stepped"},{"time":1.7333,"angle":3.4,"curve":"stepped"},{"time":1.8,"angle":7.17,"curve":"stepped"},{"time":1.9333,"angle":0}],"translate":[{"time":0,"x":0,"y":0,"curve":"stepped"},{"time":0.2333,"x":0,"y":0,"curve":[0,0.89,0,0.89]},{"time":0.7,"x":-15,"y":0,"curve":"stepped"},{"time":0.7333,"x":4.79,"y":0,"curve":[0.211,0.88,0.462,0.97]},{"time":0.8,"x":10,"y":0,"curve":"stepped"},{"time":0.8333,"x":3.66,"y":0,"curve":[0,0.89,0,0.88]},{"time":1.1666,"x":-10,"y":0,"curve":"stepped"},{"time":1.2,"x":-1.68,"y":0,"curve":[0.03,0.83,0.665,0.95]},{"time":1.2666,"x":5.11,"y":0,"curve":"stepped"},{"time":1.3,"x":-1.68,"y":0,"curve":[0.083,0.9,0.184,0.99]},{"time":1.5333,"x":-10,"y":0,"curve":"stepped"},{"time":1.5666,"x":-3.78,"y":-1.98,"curve":[0,1,0.329,1]},{"time":1.6,"x":9.33,"y":-1.5,"curve":"stepped"},{"time":1.6333,"x":2.2,"y":0,"curve":[0,0.93,0,0.92]},{"time":1.7,"x":-15,"y":-1.5,"curve":"stepped"},{"time":1.7333,"x":-5.22,"y":-3.4,"curve":[0.106,1,0.19,1]},{"time":1.7666,"x":4.98,"y":-0.48,"curve":"stepped"},{"time":1.8,"x":-6.46,"y":-4.86,"curve":[0.059,0.91,0.555,1]},{"time":1.9,"x":-30,"y":-2.91,"curve":"stepped"},{"time":1.9333,"x":-15.92,"y":0,"curve":[0.087,0.94,0.099,1]},{"time":2.3333,"x":75,"y":0,"curve":"stepped"},{"time":2.4,"x":29.8,"y":0,"curve":[0.109,0.9,0,0.97]},{"time":2.6,"x":-100,"y":0,"curve":"stepped"},{"time":4,"x":-103.47,"y":0,"curve":"stepped"},{"time":4.2,"x":-98.94,"y":0},{"time":4.2666,"x":-54.57,"y":9.62},{"time":4.3666,"x":-25,"y":0,"curve":[0.075,0.6,0.75,1]},{"time":4.6666,"x":0,"y":0}]},"MAIN_DOT_EF":{"rotate":[{"time":0.1333,"angle":-10.04,"curve":"stepped"},{"time":0.7333,"angle":13.98,"curve":"stepped"},{"time":1.2,"angle":-30.29,"curve":"stepped"},{"time":1.5666,"angle":10.47,"curve":"stepped"},{"time":1.7333,"angle":-26.91}]},"ef_graund_wave_green":{"translate":[{"time":0.0333,"x":-700,"y":0,"curve":"stepped"},{"time":0.7333,"x":-708.73,"y":0,"curve":"stepped"},{"time":1.5666,"x":-715.53,"y":0,"curve":"stepped"},{"time":2.4333,"x":-756.31,"y":0}],"scale":[{"time":0.0333,"x":1.5,"y":1.5,"curve":[0.165,0.83,0.541,0.98]},{"time":0.5,"x":2,"y":2,"curve":"stepped"},{"time":0.7333,"x":1.5,"y":1.5,"curve":[0.165,0.83,0.541,0.98]},{"time":1.2,"x":2,"y":2,"curve":"stepped"},{"time":1.5666,"x":1.5,"y":1.5,"curve":[0.165,0.83,0.541,0.98]},{"time":2.0333,"x":2,"y":2,"curve":"stepped"},{"time":2.4333,"x":2.5,"y":2.5,"curve":[0.165,0.83,0.541,0.98]},{"time":2.9,"x":3,"y":3}]},"ef_dash_green":{"translate":[{"time":0.1333,"x":-361.79,"y":0,"curve":"stepped"},{"time":0.7333,"x":-355,"y":0,"curve":"stepped"},{"time":1.2,"x":-361.79,"y":0,"curve":"stepped"},{"time":1.7333,"x":-368.59,"y":0,"curve":"stepped"},{"time":2.4,"x":-333.64,"y":0}],"scale":[{"time":2.4,"x":1.5,"y":1.5}]},"ef_trust_main":{"rotate":[{"time":0.2333,"angle":-8.21,"curve":"stepped"},{"time":0.8333,"angle":12.59,"curve":"stepped"},{"time":1.3,"angle":-30.43,"curve":"stepped"},{"time":1.6333,"angle":15.51,"curve":"stepped"},{"time":2.4333,"angle":-4.05}],"translate":[{"time":0.2333,"x":-945.64,"y":-189.18,"curve":"stepped"},{"time":0.8333,"x":-989.2,"y":-297.09,"curve":"stepped"},{"time":1.3,"x":-953.55,"y":-83.8,"curve":"stepped"},{"time":1.6333,"x":-985.8,"y":-312.26,"curve":"stepped"},{"time":2.4333,"x":-985.07,"y":-216.25},{"time":2.6666,"x":-1096.71,"y":-208.38}],"scale":[{"time":0.2333,"x":3.132,"y":1},{"time":0.3333,"x":3.427,"y":2.936,"curve":"stepped"},{"time":0.8333,"x":3.132,"y":1},{"time":0.9333,"x":3.427,"y":2.936,"curve":"stepped"},{"time":1.3,"x":3.132,"y":1},{"time":1.4,"x":3.427,"y":2.936,"curve":"stepped"},{"time":1.6333,"x":3.132,"y":1},{"time":1.7333,"x":3.427,"y":2.936,"curve":"stepped"},{"time":2.4333,"x":3.132,"y":2.304},{"time":2.5333,"x":3.427,"y":2.936},{"time":2.6666,"x":70,"y":60}]},"smash_wave_A_green":{"rotate":[{"time":0.2666,"angle":-8.83,"curve":"stepped"},{"time":0.8333,"angle":9.89,"curve":"stepped"},{"time":1.3,"angle":-34.62,"curve":"stepped"},{"time":1.6666,"angle":11.75,"curve":"stepped"},{"time":2.4,"angle":-3.62}],"translate":[{"time":0.2666,"x":-994.55,"y":-303.1,"curve":"stepped"},{"time":0.8333,"x":-979.37,"y":-371.62,"curve":"stepped"},{"time":1.3,"x":-972.92,"y":-231.55,"curve":"stepped"},{"time":1.6666,"x":-991.23,"y":-387.96,"curve":"stepped"},{"time":2.4,"x":-946.3,"y":-318.07}],"scale":[{"time":0.2666,"x":1.71,"y":1.71},{"time":0.6,"x":4,"y":4,"curve":"stepped"},{"time":0.8333,"x":1.71,"y":1.71},{"time":1.1666,"x":4,"y":4,"curve":"stepped"},{"time":1.3,"x":1.71,"y":1.71},{"time":1.6,"x":4,"y":4,"curve":"stepped"},{"time":1.6666,"x":1.71,"y":1.71},{"time":1.9666,"x":4,"y":4,"curve":"stepped"},{"time":2.4,"x":1.71,"y":1.71},{"time":2.7,"x":4,"y":4}]},"smash_attack_A_green":{"rotate":[{"time":0.2666,"angle":-11.06,"curve":"stepped"},{"time":0.8666,"angle":10.78,"curve":"stepped"},{"time":1.3,"angle":-33.88,"curve":"stepped"},{"time":1.6666,"angle":10.78,"curve":"stepped"},{"time":2.4,"angle":-4.85}],"translate":[{"time":0.2666,"x":-939.26,"y":-411.61,"curve":"stepped"},{"time":0.8666,"x":-943.13,"y":-467.36,"curve":"stepped"},{"time":1.3,"x":-929.54,"y":-356.67,"curve":"stepped"},{"time":1.6666,"x":-943.13,"y":-467.36,"curve":"stepped"},{"time":2.4,"x":-799.06,"y":-426.68}],"scale":[{"time":0.2666,"x":2,"y":2,"curve":[0.352,0.81,0.75,1]},{"time":0.4333,"x":4,"y":4,"curve":"stepped"},{"time":0.8666,"x":2,"y":2,"curve":[0.352,0.81,0.75,1]},{"time":1.0333,"x":4,"y":4,"curve":"stepped"},{"time":1.3,"x":2,"y":2,"curve":[0.352,0.81,0.75,1]},{"time":1.4666,"x":4,"y":4,"curve":"stepped"},{"time":1.6666,"x":2,"y":2,"curve":[0.352,0.81,0.75,1]},{"time":1.8333,"x":4,"y":4,"curve":"stepped"},{"time":2.4,"x":3,"y":3,"curve":[0.352,0.81,0.75,1]},{"time":2.5666,"x":6,"y":6}]},"ef_trust_main2":{"rotate":[{"time":1.8,"angle":-24.47}],"translate":[{"time":1.8,"x":-980.38,"y":-112.95}],"scale":[{"time":1.8,"x":3.132,"y":1},{"time":1.9,"x":3.427,"y":2.936}]},"ef_dash_green2":{"translate":[{"time":1.5666,"x":-351.11,"y":0,"curve":"stepped"},{"time":2.4333,"x":-428.79,"y":0}],"scale":[{"time":2.4333,"x":1.5,"y":1.5}]},"ef_graund_wave_green2":{"translate":[{"time":1.2,"x":-708.73,"y":0,"curve":"stepped"},{"time":1.7333,"x":-719.41,"y":0,"curve":"stepped"},{"time":2.4,"x":-667.95,"y":0}],"scale":[{"time":1.2,"x":1.5,"y":1.5,"curve":[0.165,0.83,0.541,0.98]},{"time":1.6666,"x":2,"y":2,"curve":"stepped"},{"time":1.7333,"x":1.5,"y":1.5,"curve":[0.165,0.83,0.541,0.98]},{"time":2.2,"x":2,"y":2,"curve":"stepped"},{"time":2.4,"x":2.5,"y":2.5,"curve":[0.165,0.83,0.541,0.98]},{"time":2.8666,"x":3,"y":3}]},"ef_graund_wave_green3":{"translate":[{"time":2.4666,"x":-793.21,"y":0}],"scale":[{"time":2.4666,"x":2.5,"y":2.5,"curve":[0.165,0.83,0.541,0.98]},{"time":2.9333,"x":3,"y":3}]},"smash_wave_A_green2":{"rotate":[{"time":1.8,"angle":-21.47}],"translate":[{"time":1.8,"x":-997.11,"y":-255.66}],"scale":[{"time":1.8,"x":1.71,"y":1.71},{"time":2.1,"x":4,"y":4}]},"ef_rot_wave_main":{"translate":[{"time":1.9333,"x":-737.38,"y":0}],"scale":[{"time":1.9333,"x":5,"y":5},{"time":2.4,"x":2,"y":2}]},"smash_attack_A_green2":{"rotate":[{"time":1.8,"angle":-20.93}],"translate":[{"time":1.8,"x":-965.73,"y":-366.94}],"scale":[{"time":1.8,"x":2,"y":2,"curve":[0.352,0.81,0.75,1]},{"time":1.9666,"x":4,"y":4}]},"DAMAGEAREA":{"translate":[{"time":0.3333,"x":401.57,"y":-190.87,"curve":"stepped"},{"time":0.9333,"x":401.57,"y":-190.87,"curve":"stepped"},{"time":1.4,"x":401.57,"y":-190.87,"curve":"stepped"},{"time":1.7,"x":401.57,"y":-190.87,"curve":"stepped"},{"time":1.8333,"x":401.57,"y":-190.87,"curve":"stepped"},{"time":2.5,"x":401.57,"y":-190.87}],"scale":[{"time":0.3333,"x":11.829,"y":2.908,"curve":"stepped"},{"time":0.9333,"x":11.829,"y":2.908,"curve":"stepped"},{"time":1.4,"x":11.829,"y":2.908,"curve":"stepped"},{"time":1.7,"x":11.829,"y":2.908,"curve":"stepped"},{"time":1.8333,"x":11.829,"y":2.908,"curve":"stepped"},{"time":2.5,"x":11.829,"y":2.908}]}},"drawOrder":[{"time":1.9333,"offsets":[{"slot":"ef_dash_green","offset":-5}]},{"time":2.4,"offsets":[{"slot":"ef_dash_green","offset":-4}]}],"events":[{"time":0,"name":"Event","string":"setHitEffect(hit03c,1)"},{"time":0,"name":"Sound3","string":"setHitSound(se_battle_swordslash_heavy)"},{"time":0,"name":"Voice","string":"cri_294_voice_fullarts_now"},{"time":0.0333,"name":"Event","int":150,"string":"kImpactType_normal"},{"time":0.0666,"name":"Event","float":0.1,"string":"kHitStopType_normal"},{"time":0.2333,"name":"Sound1","string":"cri_se_battle_arrow_light_effect"},{"time":0.2333,"name":"Sound2","string":"cri_se_battle_sword_srash"},{"time":0.3333,"name":"Event2","float":1,"string":"shakeGround"},{"time":0.8333,"name":"Sound1","string":"cri_se_battle_arrow_light_effect"},{"time":0.8333,"name":"Sound2","string":"cri_se_battle_sword_srash"},{"time":0.9333,"name":"Event","float":0.15,"string":"kHitStopType_normal"},{"time":0.9333,"name":"Event2","float":1,"string":"shakeGround"},{"time":0.9333,"name":"hit"},{"time":1.3,"name":"Sound1","string":"cri_se_battle_arrow_light_effect"},{"time":1.3,"name":"Sound2","string":"cri_se_battle_sword_srash"},{"time":1.4,"name":"Event","float":0.05,"string":"kHitStopType_normal"},{"time":1.4,"name":"Event2","float":1,"string":"shakeGround"},{"time":1.4,"name":"hit"},{"time":1.6333,"name":"Sound1","string":"cri_se_battle_arrow_light_effect"},{"time":1.6333,"name":"Sound2","string":"cri_se_battle_sword_srash"},{"time":1.7,"name":"Event2","float":0.5,"string":"shakeGround"},{"time":1.7,"name":"hit"},{"time":1.8,"name":"Sound1","string":"cri_se_battle_arrow_light_effect"},{"time":1.8,"name":"Sound2","string":"cri_se_battle_sword_srash"},{"time":1.8333,"name":"Event","float":0.1,"string":"kHitStopType_normal"},{"time":1.8333,"name":"hit"},{"time":1.9333,"name":"Sound1","string":"cri_se_battle_charge"},{"time":2.2333,"name":"Voice","string":"cri_294_voice_fullarts_rank5"},{"time":2.4,"name":"Sound1","string":"cri_se_battle_skill_swish"},{"time":2.4666,"name":"Event2","float":1,"string":"shakeGround_Loop"},{"time":2.5,"name":"Event","float":0.2,"string":"kHitStopType_normal"},{"time":2.5,"name":"hit"},{"time":2.5333,"name":"Sound1","string":"cri_se_battle_skill_reaper"},{"time":3.6666,"name":"Event2","string":"shakeGround_Stop"}]}}}