{"skeleton":{"hash":"sx/mW08UxDjLj4B10x6UvmcNAvY","spine":"3.0.12","width":1100,"height":512},"bones":[{"name":"root"},{"name":"MAIN","parent":"root","y":70}],"slots":[{"name":"MAIN","bone":"MAIN","attachment":"idle_00"}],"skins":{"default":{"MAIN":{"idle_00":{"x":-6.79,"y":-3.24,"width":1100,"height":512},"idle_01":{"x":-6.79,"y":-3.24,"width":1100,"height":512},"idle_02":{"x":-6.79,"y":-3.24,"width":1100,"height":512},"idle_03":{"x":-6.79,"y":-3.24,"width":1100,"height":512}}}},"events":{"Event":{},"Event2":{},"Hit":{},"Sound1":{},"Sound2":{},"Sound3":{},"Voice":{}},"animations":{"idle":{"slots":{"MAIN":{"attachment":[{"time":0,"name":"idle_00"},{"time":0.2333,"name":"idle_01"},{"time":0.4666,"name":"idle_02"},{"time":0.7333,"name":"idle_03"},{"time":0.9666,"name":"idle_00"}]}}}}}