{"skeleton":{"hash":"Zu8R0gGEOa8aMttUSnachK2euDk","spine":"3.0.12","width":0,"height":0,"images":"./images2/"},"bones":[{"name":"root"},{"name":"MAIN","parent":"root","y":86.37},{"name":"EF","parent":"root","y":6.65},{"name":"S1_wave1_2","parent":"EF","x":1.74,"y":-45.32},{"name":"S1_wave1","parent":"EF","y":-3}],"slots":[{"name":"MAIN","bone":"MAIN","attachment":"570-idle_00"},{"name":"S1_wave1","bone":"S1_wave1"},{"name":"S1_wave1_2","bone":"S1_wave1_2","blend":"additive"}],"skins":{"default":{"MAIN":{"570-idle_00":{"x":-3.2,"y":15.99,"width":500,"height":500},"570-idle_01":{"x":-3.2,"y":15.99,"width":500,"height":500},"570-idle_02":{"x":-3.2,"y":15.99,"width":500,"height":500},"570-idle_03":{"x":-3.2,"y":15.99,"width":500,"height":500}}}},"events":{"Event":{},"Hit":{},"HitEffect":{},"Sound1":{},"Sound2":{},"Sound3":{},"Voice":{}},"animations":{"idle":{"slots":{"MAIN":{"attachment":[{"time":0,"name":"570-idle_00"},{"time":0.2666,"name":"570-idle_01"},{"time":0.5333,"name":"570-idle_02"},{"time":0.8,"name":"570-idle_03"},{"time":1.0666,"name":"570-idle_00"}]},"S1_wave1":{"attachment":[{"time":0,"name":null}]},"S1_wave1_2":{"attachment":[{"time":0,"name":null}]}},"bones":{"MAIN":{"translate":[{"time":0,"x":0,"y":-0.74}]}}}}}