{"skeleton":{"hash":"hLBxWRD2jIiQjhnBc9Nt6DA6Fqw","spine":"3.0.12","width":0,"height":0},"bones":[{"name":"root"},{"name":"cat","parent":"root","x":71,"y":21},{"name":"MAIN","parent":"root","y":70}],"slots":[{"name":"MAIN","bone":"MAIN"},{"name":"cat/cat_00","bone":"cat","attachment":"cat/cat_00"}],"skins":{"default":{"MAIN":{"attack1_00":{"width":512,"height":512},"attack1_01":{"width":512,"height":512},"attack1_07":{"width":512,"height":512},"attack1_08":{"width":512,"height":512},"idle_00":{"width":512,"height":512},"idle_01":{"width":512,"height":512},"idle_02":{"width":512,"height":512},"idle_03":{"width":512,"height":512},"in_02":{"width":512,"height":512},"skill1_00":{"width":512,"height":512},"skill1_01":{"width":512,"height":512},"skill1_02":{"width":512,"height":512}},"cat/cat_00":{"cat/cat_00":{"width":200,"height":200},"cat/cat_01":{"width":200,"height":200},"cat/cat_02":{"width":200,"height":200},"cat/cat_03":{"width":200,"height":200},"cat/cat_04":{"width":200,"height":200},"cat/cat_05":{"width":200,"height":200},"cat/cat_06":{"width":200,"height":200},"cat/cat_07":{"width":200,"height":200},"cat/cat_08":{"width":200,"height":200},"cat/cat_09":{"width":200,"height":200},"cat/cat_10":{"width":200,"height":200},"cat/cat_11":{"width":200,"height":200},"cat/cat_12":{"width":200,"height":200},"cat/cat_13":{"width":200,"height":200},"cat/cat_14":{"width":200,"height":200},"cat/cat_15":{"width":200,"height":200},"cat/cat_16":{"width":200,"height":200},"cat/cat_17":{"width":200,"height":200},"cat/cat_18":{"width":200,"height":200},"cat/cat_00b":{"width":200,"height":200},"cat/cat_00c":{"width":200,"height":200},"cat/cat_00d":{"width":200,"height":200}}}},"events":{"Event1":{},"Event2":{},"Hit":{"string":"resetHitList"}},"animations":{"idle":{"slots":{"MAIN":{"attachment":[{"time":0,"name":"idle_00"},{"time":0.2,"name":"idle_01"},{"time":0.4,"name":"idle_02"},{"time":0.6,"name":"idle_03"},{"time":0.8,"name":"idle_00"},{"time":1,"name":"idle_01"},{"time":1.2,"name":"idle_02"},{"time":1.4,"name":"idle_03"},{"time":1.6,"name":"idle_00"},{"time":1.8,"name":"idle_01"},{"time":2,"name":"idle_02"},{"time":2.2,"name":"idle_03"},{"time":2.4,"name":"idle_00"},{"time":2.6,"name":"idle_01"},{"time":2.8,"name":"idle_02"},{"time":3,"name":"idle_03"},{"time":3.2,"name":"idle_00"},{"time":3.4,"name":"idle_01"},{"time":3.6,"name":"idle_02"},{"time":3.8,"name":"idle_03"},{"time":4,"name":"idle_00"},{"time":4.2,"name":"idle_01"},{"time":4.4,"name":"idle_02"},{"time":4.6,"name":"idle_03"},{"time":4.8,"name":"idle_00"},{"time":5,"name":"idle_01"},{"time":5.2,"name":"idle_02"},{"time":5.4,"name":"idle_03"},{"time":5.6,"name":"attack1_00"},{"time":5.6333,"name":"attack1_01"},{"time":5.7333,"name":"in_02"},{"time":5.9666,"name":"attack1_07"},{"time":6.2666,"name":"attack1_08"},{"time":6.4666,"name":"idle_02"},{"time":6.5666,"name":"idle_03"},{"time":6.7666,"name":"idle_00"},{"time":6.9666,"name":"idle_01"},{"time":7.1666,"name":"idle_02"},{"time":7.3666,"name":"idle_03"},{"time":7.5666,"name":"idle_00"},{"time":7.7666,"name":"idle_01"},{"time":7.9666,"name":"idle_02"},{"time":8.1666,"name":"idle_03"},{"time":8.3666,"name":"idle_00"},{"time":8.5666,"name":"idle_01"},{"time":8.7666,"name":"idle_02"},{"time":8.9666,"name":"idle_03"},{"time":9.1666,"name":"idle_00"},{"time":9.4666,"name":"skill1_02"},{"time":9.5666,"name":"skill1_01"},{"time":9.6666,"name":"attack1_07"},{"time":9.8333,"name":"attack1_01"},{"time":10.7,"name":"idle_00"},{"time":10.9,"name":"idle_01"},{"time":11.1,"name":"idle_02"},{"time":11.3,"name":"idle_03"},{"time":11.5,"name":"idle_00"},{"time":11.7,"name":"idle_01"},{"time":11.9,"name":"idle_02"},{"time":12.1,"name":"idle_03"},{"time":12.3,"name":"idle_00"},{"time":12.5,"name":"idle_01"},{"time":12.7,"name":"idle_02"},{"time":12.9,"name":"idle_03"},{"time":13.1,"name":"idle_00"},{"time":13.3,"name":"idle_01"},{"time":13.5,"name":"idle_02"},{"time":13.7,"name":"idle_03"},{"time":13.9,"name":"idle_00"},{"time":14.1,"name":"idle_01"},{"time":14.3,"name":"idle_02"},{"time":14.5,"name":"idle_03"},{"time":14.7,"name":"idle_00"},{"time":14.9,"name":"idle_01"},{"time":15.1,"name":"idle_02"},{"time":15.3,"name":"idle_03"},{"time":15.5,"name":"idle_00"}]},"cat/cat_00":{"attachment":[{"time":0,"name":"cat/cat_00"},{"time":0.2,"name":"cat/cat_00b"},{"time":0.4,"name":"cat/cat_00c"},{"time":0.6,"name":"cat/cat_00d"},{"time":0.8,"name":"cat/cat_00"},{"time":1,"name":"cat/cat_00b"},{"time":1.2,"name":"cat/cat_00c"},{"time":1.4,"name":"cat/cat_00d"},{"time":1.6,"name":"cat/cat_00"},{"time":1.8,"name":"cat/cat_00b"},{"time":2,"name":"cat/cat_00c"},{"time":2.2,"name":"cat/cat_00d"},{"time":2.4,"name":"cat/cat_00"},{"time":2.6,"name":"cat/cat_00b"},{"time":2.8,"name":"cat/cat_00c"},{"time":2.9666,"name":"cat/cat_17"},{"time":3.1333,"name":"cat/cat_18"},{"time":3.2,"name":"cat/cat_00"},{"time":3.4,"name":"cat/cat_00b"},{"time":3.6,"name":"cat/cat_00c"},{"time":3.8,"name":"cat/cat_00d"},{"time":4,"name":"cat/cat_00"},{"time":4.2,"name":"cat/cat_00b"},{"time":4.4,"name":"cat/cat_00c"},{"time":4.6,"name":"cat/cat_00d"},{"time":4.8,"name":"cat/cat_00"},{"time":5,"name":"cat/cat_00b"},{"time":5.2,"name":"cat/cat_00c"},{"time":5.4,"name":"cat/cat_00d"},{"time":5.6666,"name":"cat/cat_17"},{"time":5.8666,"name":"cat/cat_18"},{"time":5.9666,"name":"cat/cat_17"},{"time":6.2666,"name":"cat/cat_18"},{"time":6.4333,"name":"cat/cat_00c"},{"time":6.5666,"name":"cat/cat_00d"},{"time":6.7666,"name":"cat/cat_00"},{"time":6.9666,"name":"cat/cat_00b"},{"time":7.1666,"name":"cat/cat_00c"},{"time":7.3666,"name":"cat/cat_00d"},{"time":7.5666,"name":"cat/cat_00"},{"time":7.7666,"name":"cat/cat_00b"},{"time":7.9666,"name":"cat/cat_00c"},{"time":8.1666,"name":"cat/cat_00d"},{"time":8.3666,"name":"cat/cat_00"},{"time":8.5666,"name":"cat/cat_00b"},{"time":8.7666,"name":"cat/cat_00c"},{"time":8.9666,"name":"cat/cat_00d"},{"time":9.1666,"name":"cat/cat_00"},{"time":9.3666,"name":"cat/cat_08"},{"time":9.6,"name":"cat/cat_06"},{"time":9.6666,"name":"cat/cat_07"},{"time":10,"name":"cat/cat_01"},{"time":10.7,"name":"cat/cat_00"},{"time":10.9,"name":"cat/cat_00b"},{"time":11.1,"name":"cat/cat_00c"},{"time":11.3,"name":"cat/cat_00d"},{"time":11.5,"name":"cat/cat_00"},{"time":11.7,"name":"cat/cat_00b"},{"time":11.9,"name":"cat/cat_00c"},{"time":12.1,"name":"cat/cat_00d"},{"time":12.3,"name":"cat/cat_00"},{"time":12.5,"name":"cat/cat_00b"},{"time":12.7,"name":"cat/cat_00c"},{"time":12.9,"name":"cat/cat_00d"},{"time":13.1,"name":"cat/cat_00"},{"time":13.3,"name":"cat/cat_00b"},{"time":13.5,"name":"cat/cat_00c"},{"time":13.7,"name":"cat/cat_00d"},{"time":13.9,"name":"cat/cat_00"},{"time":14.1,"name":"cat/cat_00b"},{"time":14.3,"name":"cat/cat_00c"},{"time":14.5,"name":"cat/cat_00d"},{"time":14.7,"name":"cat/cat_00"},{"time":14.9,"name":"cat/cat_00b"},{"time":15.1,"name":"cat/cat_00c"},{"time":15.3,"name":"cat/cat_00d"},{"time":15.5,"name":"cat/cat_00"}]}},"bones":{"MAIN":{"translate":[{"time":5.7333,"x":-2,"y":0,"curve":"stepped"},{"time":5.9333,"x":-2,"y":-3.95,"curve":"stepped"},{"time":5.9666,"x":-10,"y":0,"curve":[0.046,1,0.315,1]},{"time":6.2666,"x":-10,"y":69.88,"curve":[0.206,0.01,0.358,0.11]},{"time":6.4333,"x":-10,"y":0,"curve":"stepped"},{"time":6.4666,"x":0,"y":0},{"time":6.5,"x":0,"y":-2.18},{"time":6.5666,"x":0,"y":0,"curve":"stepped"},{"time":9.4666,"x":2.8,"y":0},{"time":9.6,"x":1.4,"y":50.39},{"time":9.8,"x":0,"y":0},{"time":9.8333,"x":0,"y":-8.39},{"time":9.8666,"x":0,"y":0}]},"cat":{"translate":[{"time":9.3666,"x":5.36,"y":0},{"time":9.6,"x":0,"y":0,"curve":[0.076,0.79,0.333,0.93]},{"time":9.8333,"x":0,"y":93.28},{"time":10,"x":0,"y":0},{"time":10.0333,"x":0,"y":-1.35},{"time":10.0666,"x":0,"y":0,"curve":"stepped"},{"time":10.7,"x":0,"y":0}]}}}}}