{"skeleton":{"hash":"4qn8gj7f0UDuR0yuTY91ZOFYG3U","spine":"3.0.12","width":500,"height":500},"bones":[{"name":"root"},{"name":"MAIN","parent":"root","y":51.48},{"name":"weapon","parent":"MAIN","x":52,"y":3},{"name":"swoad_accessory1","parent":"weapon","length":26.27,"x":29.82,"y":8.46,"rotation":-5.24},{"name":"swoad_accessory2","parent":"swoad_accessory1","length":20.33,"x":30.96,"y":-1.46,"rotation":-24.89}],"slots":[{"name":"swoad","bone":"weapon","attachment":"swoad"},{"name":"MAIN","bone":"MAIN","attachment":"idle_00"},{"name":"swoad_accessory","bone":"swoad_accessory1","attachment":"swoad_accessory"}],"skins":{"default":{"MAIN":{"idle_00":{"x":-4.5,"y":-5,"width":500,"height":500},"idle_01":{"x":-4.5,"y":-5,"width":500,"height":500},"idle_02":{"x":-4.5,"y":-5,"width":500,"height":500},"idle_03":{"x":-4.5,"y":-5,"width":500,"height":500},"idle_04":{"x":-4.5,"y":-5,"width":500,"height":500}},"swoad":{"swoad":{"x":-65.17,"y":1.72,"width":286,"height":220}},"swoad_accessory":{"swoad_accessory":{"type":"weightedmesh","uvs":[0,0.41687,0.39175,0.428,0.52261,0.5712,0.63573,0.69499,0.78765,1,0.99999,1,0.99999,0.428,0.83177,0.07938,0.64954,0,0.46602,0,0.27206,0,4.6E-4,0,0.7324,0.41687,0.87511,0.72837,0.57223,0.23453],"triangles":[12,2,14,14,8,7,12,14,7,12,7,6,3,2,12,13,12,6,3,12,13,4,3,13,13,6,5,4,13,5,14,9,8,14,1,10,14,10,9,2,1,14,0,11,10,1,0,10],"vertices":[1,3,-4.67999,-7.66,1,2,3,17.95999,-5.86,0.99306,4,-9.93999,-9.46,0.00693,2,3,25.83,-8.59,0.63532,4,-1.65,-8.63,0.36467,2,3,32.63,-10.96,0.19197,4,5.51,-7.91,0.80802,1,4,16.79999,-9.83,1,1,4,27.46,-3.65,1,2,3,53.09,-2.65,0.10399,4,20.58,8.22,0.896,2,3,42.61,4.78,0.24,4,7.94,10.57,0.75999,2,3,31.91,5.72,0.4,4,-2.15,6.92,0.59999,1,3,21.31,4.75,1,1,3,10.10999,3.73,1,1,3,-5.57,2.29,1,2,3,37.61,-3.8,0.23999,4,7.01,0.67,0.76,1,4,17.92,-1.64,1,2,3,27.96,-0.29,0.57213,4,-3.21,-0.19,0.42785],"hull":12}}}},"events":{"Event":{},"Hit":{},"Sound1":{},"Sound2":{},"Sound3":{},"Voice":{}},"animations":{"idle":{"slots":{"MAIN":{"attachment":[{"time":0,"name":"idle_00"},{"time":0.1666,"name":"idle_01"},{"time":0.3333,"name":"idle_02"},{"time":0.5,"name":"idle_03"},{"time":0.6666,"name":"idle_04"},{"time":0.8333,"name":"idle_00"}]}},"bones":{"weapon":{"translate":[{"time":0,"x":0,"y":0,"curve":"stepped"},{"time":0.1666,"x":0,"y":-0.88,"curve":"stepped"},{"time":0.3333,"x":0,"y":-1.68,"curve":"stepped"},{"time":0.5,"x":0,"y":-0.93,"curve":"stepped"},{"time":0.6666,"x":0,"y":0.37,"curve":"stepped"},{"time":0.8333,"x":0,"y":0}]},"swoad_accessory1":{"rotate":[{"time":0,"angle":0,"curve":"stepped"},{"time":0.1666,"angle":2.52,"curve":"stepped"},{"time":0.3333,"angle":6.39,"curve":"stepped"},{"time":0.5,"angle":-2.83,"curve":"stepped"},{"time":0.6666,"angle":-1.41,"curve":"stepped"},{"time":0.8333,"angle":0}]},"swoad_accessory2":{"rotate":[{"time":0,"angle":0,"curve":"stepped"},{"time":0.1666,"angle":7.96,"curve":"stepped"},{"time":0.3333,"angle":14.28,"curve":"stepped"},{"time":0.5,"angle":20.78,"curve":"stepped"},{"time":0.6666,"angle":10.15,"curve":"stepped"},{"time":0.8333,"angle":0}]}}}}}