{"skeleton":{"hash":"6NQUyjkrfBmeFeT57XPV2TYi/vo","spine":"3.0.12","width":1180,"height":1292,"images":"./images2/"},"bones":[{"name":"root"},{"name":"S2_EF_aura","parent":"root","x":465.9,"y":-280.77,"color":"34ff00ff"},{"name":"MAIN","parent":"root","y":65},{"name":"SHADOW-OFFSET","parent":"MAIN"},{"name":"HITBOX","parent":"MAIN","x":-2.53,"y":-5.9,"scaleX":0.34,"scaleY":0.662},{"name":"DAMAGEAREA","parent":"root"},{"name":"A1_slash","parent":"root","x":643.12,"y":-284.85,"color":"ff1200ff"},{"name":"wave1","parent":"root","x":298.23,"y":-276.24,"scaleX":1.5,"scaleY":1.5},{"name":"wave2","parent":"root","x":298.23,"y":-335.97,"scaleX":1.5,"scaleY":1.5},{"name":"wave3","parent":"root","x":298.23,"y":-393.55,"scaleX":1.5,"scaleY":1.5}],"slots":[{"name":"grid/nounit(0.88)","bone":"root","color":"636363ff"},{"name":"grid/grid","bone":"root"},{"name":"EF/EF_aura_Dot/B_grass_aura_1","bone":"S2_EF_aura","blend":"additive"},{"name":"MAIN","bone":"MAIN","attachment":"idle_00"},{"name":"EF/5110_S1_wave1/5110_S1_wave1_00000","bone":"wave1","blend":"additive"},{"name":"EF/5110_S1_wave1/5110_S1_wave1_0","bone":"wave2","blend":"additive"},{"name":"EF/5110_S1_wave1/5110_S1_wave1_1","bone":"wave3","blend":"additive"},{"name":"EF/EF_aura_Dot/F_grass_aura_1","bone":"S2_EF_aura","blend":"additive"},{"name":"EF/EF_slash_Dot/10000-combo_16_ef2_1B","bone":"A1_slash","color":"0064ffff","blend":"additive"},{"name":"EF/EF_slash_Dot/10000-combo_16_ef2_1F","bone":"A1_slash","color":"0064ffff","blend":"additive"},{"name":"DAMAGEAREA","bone":"DAMAGEAREA"},{"name":"HITBOX","bone":"HITBOX","attachment":"HITBOX"}],"skins":{"default":{"DAMAGEAREA":{"DAMAGEAREA":{"type":"boundingbox","vertices":[-97.81702,-98.18671,97.1469,-99.03069,97.99091,96.77728,-97.81702,98.46529]}},"EF/5110_S1_wave1/5110_S1_wave1_0":{"EF/5110_S1_wave1/5110_S1_wave1_00000":{"x":0.98,"y":2.25,"width":225,"height":225},"EF/5110_S1_wave1/5110_S1_wave1_00001":{"x":0.98,"y":2.25,"width":225,"height":225},"EF/5110_S1_wave1/5110_S1_wave1_00002":{"x":0.98,"y":2.25,"width":225,"height":225},"EF/5110_S1_wave1/5110_S1_wave1_00003":{"x":0.98,"y":2.25,"width":225,"height":225},"EF/5110_S1_wave1/5110_S1_wave1_00004":{"x":0.98,"y":2.25,"width":225,"height":225},"EF/5110_S1_wave1/5110_S1_wave1_00005":{"x":0.98,"y":2.25,"width":225,"height":225},"EF/5110_S1_wave1/5110_S1_wave1_00006":{"x":0.98,"y":2.25,"width":225,"height":225},"EF/5110_S1_wave1/5110_S1_wave1_00007":{"x":0.98,"y":2.25,"width":225,"height":225},"EF/5110_S1_wave1/5110_S1_wave1_00008":{"x":0.98,"y":2.25,"width":225,"height":225},"EF/5110_S1_wave1/5110_S1_wave1_00009":{"x":0.98,"y":2.25,"width":225,"height":225},"EF/5110_S1_wave1/5110_S1_wave1_00010":{"x":0.98,"y":2.25,"width":225,"height":225}},"EF/5110_S1_wave1/5110_S1_wave1_00000":{"EF/5110_S1_wave1/5110_S1_wave1_00000":{"x":0.98,"y":2.25,"width":225,"height":225},"EF/5110_S1_wave1/5110_S1_wave1_00001":{"x":0.98,"y":2.25,"width":225,"height":225},"EF/5110_S1_wave1/5110_S1_wave1_00002":{"x":0.98,"y":2.25,"width":225,"height":225},"EF/5110_S1_wave1/5110_S1_wave1_00003":{"x":0.98,"y":2.25,"width":225,"height":225},"EF/5110_S1_wave1/5110_S1_wave1_00004":{"x":0.98,"y":2.25,"width":225,"height":225},"EF/5110_S1_wave1/5110_S1_wave1_00005":{"x":0.98,"y":2.25,"width":225,"height":225},"EF/5110_S1_wave1/5110_S1_wave1_00006":{"x":0.98,"y":2.25,"width":225,"height":225},"EF/5110_S1_wave1/5110_S1_wave1_00007":{"x":0.98,"y":2.25,"width":225,"height":225},"EF/5110_S1_wave1/5110_S1_wave1_00008":{"x":0.98,"y":2.25,"width":225,"height":225},"EF/5110_S1_wave1/5110_S1_wave1_00009":{"x":0.98,"y":2.25,"width":225,"height":225},"EF/5110_S1_wave1/5110_S1_wave1_00010":{"x":0.98,"y":2.25,"width":225,"height":225}},"EF/5110_S1_wave1/5110_S1_wave1_1":{"EF/5110_S1_wave1/5110_S1_wave1_00000":{"x":0.98,"y":2.25,"width":225,"height":225},"EF/5110_S1_wave1/5110_S1_wave1_00001":{"x":0.98,"y":2.25,"width":225,"height":225},"EF/5110_S1_wave1/5110_S1_wave1_00002":{"x":0.98,"y":2.25,"width":225,"height":225},"EF/5110_S1_wave1/5110_S1_wave1_00003":{"x":0.98,"y":2.25,"width":225,"height":225},"EF/5110_S1_wave1/5110_S1_wave1_00004":{"x":0.98,"y":2.25,"width":225,"height":225},"EF/5110_S1_wave1/5110_S1_wave1_00005":{"x":0.98,"y":2.25,"width":225,"height":225},"EF/5110_S1_wave1/5110_S1_wave1_00006":{"x":0.98,"y":2.25,"width":225,"height":225},"EF/5110_S1_wave1/5110_S1_wave1_00007":{"x":0.98,"y":2.25,"width":225,"height":225},"EF/5110_S1_wave1/5110_S1_wave1_00008":{"x":0.98,"y":2.25,"width":225,"height":225},"EF/5110_S1_wave1/5110_S1_wave1_00009":{"x":0.98,"y":2.25,"width":225,"height":225},"EF/5110_S1_wave1/5110_S1_wave1_00010":{"x":0.98,"y":2.25,"width":225,"height":225}},"EF/EF_aura_Dot/B_grass_aura_1":{"EF/EF_aura_Dot/B_grass_aura_1":{"x":-1.02,"y":41.05,"width":176,"height":128},"EF/EF_aura_Dot/B_grass_aura_2":{"x":-1.02,"y":41.05,"width":176,"height":128},"EF/EF_aura_Dot/B_grass_aura_3":{"x":-1.02,"y":41.05,"width":176,"height":128}},"EF/EF_aura_Dot/F_grass_aura_1":{"EF/EF_aura_Dot/F_grass_aura_1":{"x":-1.02,"y":41.05,"width":176,"height":128},"EF/EF_aura_Dot/F_grass_aura_2":{"x":-1.02,"y":41.05,"width":176,"height":128},"EF/EF_aura_Dot/F_grass_aura_3":{"x":-1.02,"y":41.05,"width":176,"height":128}},"EF/EF_slash_Dot/10000-combo_16_ef2_1B":{"EF/EF_slash_Dot/10000-combo_16_ef2_1B":{"x":-53.15,"y":-28.25,"width":412,"height":342},"EF/EF_slash_Dot/10000-combo_16_ef2_1Ba":{"x":-53.12,"y":-28.24,"width":412,"height":342}},"EF/EF_slash_Dot/10000-combo_16_ef2_1F":{"EF/EF_slash_Dot/10000-combo_16_ef2_1F":{"x":-53.15,"y":-28.25,"width":412,"height":342}},"HITBOX":{"HITBOX":{"type":"boundingbox","vertices":[-99.50504,-90.60272,97.14696,-91.44673,100.52292,110.26925,-99.50497,110.26926]}},"MAIN":{"attack1_00":{"y":2,"width":500,"height":500},"attack1_01":{"y":2,"width":500,"height":500},"attack1_02":{"y":2,"width":500,"height":500},"attack1_03":{"y":2,"width":500,"height":500},"attack1_04":{"y":2,"width":500,"height":500},"attack1_05":{"y":2,"width":500,"height":500},"attack1_06":{"y":2,"width":500,"height":500},"attack1_07":{"y":2,"width":500,"height":500},"attack1_08":{"y":2,"width":500,"height":500},"attack1_09":{"y":2,"width":500,"height":500},"attack2_00":{"x":-17,"y":9,"width":500,"height":500},"attack2_01":{"x":-17,"y":9,"width":500,"height":500},"attack2_02":{"x":-17,"y":9,"width":500,"height":500},"attack2_03":{"x":-17,"y":9,"width":500,"height":500},"attack2_04":{"x":25,"y":9,"width":500,"height":500},"attack2_05":{"x":25,"y":9,"width":500,"height":500},"attack2_06":{"x":25,"y":9,"width":500,"height":500},"attack2_07":{"x":25,"y":9,"width":500,"height":500},"attack2_08":{"x":25,"y":9,"width":500,"height":500},"attack3_00":{"x":-16,"y":9,"width":500,"height":500},"attack3_01":{"x":-5,"width":500,"height":500},"attack3_02":{"x":-5,"width":500,"height":500},"attack3_03":{"x":-5,"width":500,"height":500},"attack3_04":{"x":7,"y":10,"width":500,"height":500},"attack3_05":{"x":7,"y":10,"width":500,"height":500},"attack3_06":{"x":7,"y":10,"width":500,"height":500},"back_00":{"x":-10,"y":-2,"width":500,"height":500},"damage_00":{"x":8,"y":6,"width":500,"height":500},"front_00":{"x":14,"y":13,"width":500,"height":500},"idle_00":{"x":-3,"y":2,"width":500,"height":500},"idle_01":{"x":-3,"y":2,"width":500,"height":500},"idle_02":{"x":-3,"y":2,"width":500,"height":500},"idle_03":{"x":-3,"y":2,"width":500,"height":500},"idle_04":{"x":-3,"y":2,"width":500,"height":500},"skill1_00":{"y":-10,"width":500,"height":500},"skill1_01":{"y":-10,"width":500,"height":500},"skill1_02":{"y":-10,"width":500,"height":500},"skill1_03":{"y":-10,"width":500,"height":500},"skill1_04":{"y":-10,"width":500,"height":500},"skill1_05":{"y":-10,"width":500,"height":500},"skill1_06":{"y":-10,"width":500,"height":500},"skill1_07":{"y":-10,"width":500,"height":500},"skill1_08":{"y":-10,"width":500,"height":500},"skill1_09":{"y":-10,"width":500,"height":500},"skill1_10":{"y":-10,"width":500,"height":500},"skill1_11":{"y":-10,"width":500,"height":500},"skill2_00":{"x":-7,"y":15,"width":500,"height":500},"skill2_01":{"x":-7,"y":15,"width":500,"height":500},"skill2_02":{"x":-7,"y":15,"width":500,"height":500},"skill2_03":{"x":-7,"y":15,"width":500,"height":500},"skill2_04":{"x":-9,"y":15,"width":500,"height":500},"skill2_05":{"x":-9,"y":15,"width":500,"height":500},"skill2_06":{"x":-9,"y":15,"width":500,"height":500},"skill2_07":{"x":-9,"y":15,"width":500,"height":500},"skill2_08":{"x":-9,"y":15,"width":500,"height":500},"skill2_09":{"x":10,"y":15,"width":500,"height":500},"skill2_10":{"x":10,"y":15,"width":500,"height":500},"skill2_11":{"x":10,"y":15,"width":500,"height":500},"skill2_12":{"x":10,"y":15,"width":500,"height":500},"skill2_13":{"x":10,"y":15,"width":500,"height":500},"skill2_14":{"x":10,"y":15,"width":500,"height":500},"skill2_15":{"x":10,"y":15,"width":500,"height":500}}}},"events":{"Event":{},"Hit":{},"Sound1":{},"Sound2":{},"Sound3":{},"Voice":{}},"animations":{"attack1":{"slots":{"DAMAGEAREA":{"attachment":[{"time":0.3333,"name":"DAMAGEAREA"},{"time":0.4,"name":null},{"time":0.7666,"name":"DAMAGEAREA"},{"time":0.8333,"name":null},{"time":1.0666,"name":"DAMAGEAREA"},{"time":1.1333,"name":null}]},"EF/EF_slash_Dot/10000-combo_16_ef2_1B":{"attachment":[{"time":0.3333,"name":"EF/EF_slash_Dot/10000-combo_16_ef2_1B"},{"time":0.3666,"name":null},{"time":0.7666,"name":"EF/EF_slash_Dot/10000-combo_16_ef2_1Ba"},{"time":0.8,"name":null},{"time":1.0666,"name":"EF/EF_slash_Dot/10000-combo_16_ef2_1B"},{"time":1.1,"name":null}]},"EF/EF_slash_Dot/10000-combo_16_ef2_1F":{"attachment":[{"time":0.3333,"name":"EF/EF_slash_Dot/10000-combo_16_ef2_1F"},{"time":0.3666,"name":null},{"time":0.7666,"name":"EF/EF_slash_Dot/10000-combo_16_ef2_1F"},{"time":0.8,"name":null},{"time":1.0666,"name":"EF/EF_slash_Dot/10000-combo_16_ef2_1F"},{"time":1.1,"name":null},{"time":1.8666,"name":null}]},"MAIN":{"attachment":[{"time":0,"name":"attack1_00"},{"time":0.0666,"name":"attack1_01"},{"time":0.1,"name":"attack1_02"},{"time":0.1333,"name":"attack1_03"},{"time":0.1666,"name":"attack1_04"},{"time":0.3,"name":"attack1_05"},{"time":0.3333,"name":"attack1_06"},{"time":0.3666,"name":"attack1_07"},{"time":0.4,"name":"attack1_08"},{"time":0.4333,"name":"attack1_09"},{"time":0.5333,"name":"attack2_00"},{"time":0.6,"name":"attack2_01"},{"time":0.6333,"name":"attack2_02"},{"time":0.6666,"name":"attack2_03"},{"time":0.7666,"name":"attack2_04"},{"time":0.8333,"name":"attack2_05"},{"time":0.9,"name":"attack2_06"},{"time":0.9666,"name":"attack2_07"},{"time":1,"name":"attack2_08"},{"time":1.0333,"name":"skill2_08"},{"time":1.0666,"name":"skill2_09"},{"time":1.1,"name":"skill2_10"},{"time":1.1666,"name":"skill2_11"},{"time":1.2333,"name":"skill2_12"},{"time":1.3,"name":"skill2_13"},{"time":1.3666,"name":"skill2_14"},{"time":1.5,"name":"back_00"},{"time":1.7666,"name":"idle_03"},{"time":1.9333,"name":"idle_04"},{"time":2.1666,"name":"idle_00"},{"time":2.3333,"name":"idle_01"},{"time":2.5,"name":"idle_02"},{"time":2.6666,"name":"idle_03"},{"time":2.8333,"name":"idle_04"},{"time":3,"name":"idle_00"}]}},"bones":{"MAIN":{"translate":[{"time":0,"x":0,"y":0,"curve":"stepped"},{"time":0.3,"x":0,"y":0,"curve":[0.169,0.72,0.75,1]},{"time":0.3666,"x":-70,"y":0,"curve":"stepped"},{"time":0.5333,"x":-83,"y":0,"curve":"stepped"},{"time":0.7666,"x":-120,"y":0,"curve":[0.204,0.47,0.75,1]},{"time":0.9333,"x":-130,"y":0,"curve":"stepped"},{"time":1.0333,"x":-142.96,"y":0,"curve":[0.234,0.48,0.75,1]},{"time":1.1,"x":-181.84,"y":0,"curve":"stepped"},{"time":1.5,"x":-152.63,"y":0,"curve":[0.225,0.39,0.608,0.74]},{"time":1.6333,"x":-56.95,"y":20.06,"curve":[0.374,0.62,0.755,1]},{"time":1.7666,"x":-30,"y":0,"curve":[0.22,0.46,0.75,1]},{"time":2.1666,"x":-20,"y":0}]},"A1_slash":{"rotate":[{"time":0.3333,"angle":2.31,"curve":"stepped"},{"time":0.7666,"angle":-3.04,"curve":"stepped"},{"time":1.0666,"angle":-109.73}],"translate":[{"time":0.3333,"x":-609.83,"y":405.94,"curve":"stepped"},{"time":0.7666,"x":-738.82,"y":289.22,"curve":"stepped"},{"time":1.0666,"x":-922.72,"y":433.49}],"scale":[{"time":0.3333,"x":1.056,"y":0.675,"curve":"stepped"},{"time":0.7666,"x":0.879,"y":-1.24,"curve":"stepped"},{"time":1.0666,"x":-0.56,"y":-1.712}]},"DAMAGEAREA":{"translate":[{"time":0.3333,"x":-113.63,"y":51.64,"curve":"stepped"},{"time":0.7666,"x":-204.53,"y":51.64,"curve":"stepped"},{"time":1.0666,"x":-235.57,"y":68.36}],"scale":[{"time":0.3333,"x":1.165,"y":0.543,"curve":"stepped"},{"time":1.0666,"x":1.469,"y":0.68}]}},"drawOrder":[{"time":0.3333,"offsets":[{"slot":"EF/EF_slash_Dot/10000-combo_16_ef2_1B","offset":-5}]},{"time":0.7666,"offsets":[{"slot":"EF/EF_slash_Dot/10000-combo_16_ef2_1B","offset":-3},{"slot":"EF/EF_slash_Dot/10000-combo_16_ef2_1F","offset":-6}]},{"time":1.0666,"offsets":[{"slot":"EF/EF_slash_Dot/10000-combo_16_ef2_1B","offset":-3},{"slot":"EF/EF_slash_Dot/10000-combo_16_ef2_1F","offset":-5}]}],"events":[{"time":0,"name":"Event","float":0.09,"string":"kHitStopType_normal"},{"time":0.0666,"name":"Event","string":"setHitBackEnemy(25,0)"},{"time":0.2666,"name":"Voice","string":"cri_103_voice_attack_random"},{"time":0.3333,"name":"Sound1","string":"cri_se_battle_018_sword_hit_02"},{"time":0.7666,"name":"Hit","string":"resetHitList"},{"time":0.7666,"name":"Sound1","string":"cri_se_battle_018_sword_hit_02"},{"time":0.7666,"name":"Voice","string":"cri_103_voice_attack_c"},{"time":1.0666,"name":"Hit","string":"resetHitList"},{"time":1.0666,"name":"Sound1","string":"cri_se_battle_018_sword_hit_02"},{"time":1.2666,"name":"Event","string":"runScript-addSP"},{"time":1.4333,"name":"Event","string":"runScript-skillcheck"},{"time":1.5,"name":"Sound1","string":"cri_se_battle_jump"},{"time":1.7666,"name":"Sound1","string":"cri_se_battle_landing"}]},"attack2":{"slots":{"DAMAGEAREA":{"attachment":[{"time":0.1666,"name":"DAMAGEAREA"},{"time":0.4,"name":null}]},"EF/5110_S1_wave1/5110_S1_wave1_0":{"attachment":[{"time":0.2333,"name":"EF/5110_S1_wave1/5110_S1_wave1_00001"},{"time":0.2666,"name":"EF/5110_S1_wave1/5110_S1_wave1_00002"},{"time":0.3,"name":"EF/5110_S1_wave1/5110_S1_wave1_00003"},{"time":0.3333,"name":"EF/5110_S1_wave1/5110_S1_wave1_00004"},{"time":0.3666,"name":"EF/5110_S1_wave1/5110_S1_wave1_00005"},{"time":0.4,"name":"EF/5110_S1_wave1/5110_S1_wave1_00006"},{"time":0.4333,"name":"EF/5110_S1_wave1/5110_S1_wave1_00007"},{"time":0.4666,"name":"EF/5110_S1_wave1/5110_S1_wave1_00008"},{"time":0.5,"name":"EF/5110_S1_wave1/5110_S1_wave1_00009"}],"color":[{"time":0.5,"color":"ffffffff"},{"time":0.6,"color":"ffffff00"}]},"MAIN":{"attachment":[{"time":0,"name":"front_00"},{"time":0.1,"name":"attack3_00"},{"time":0.1666,"name":"attack3_01"},{"time":0.2,"name":"attack3_03"},{"time":0.2666,"name":"attack3_04"},{"time":0.3666,"name":"attack3_05"},{"time":0.5,"name":"attack3_06"}]}},"bones":{"MAIN":{"translate":[{"time":0,"x":0,"y":0,"curve":"stepped"},{"time":0.1666,"x":0,"y":7.74,"curve":"stepped"},{"time":0.2666,"x":-10,"y":0,"curve":[0.151,0.31,0.75,1]},{"time":0.5666,"x":-15,"y":0}]},"wave2":{"translate":[{"time":0.2333,"x":-479.2,"y":333.06}],"scale":[{"time":0.2333,"x":2.997,"y":2.997,"curve":"stepped"},{"time":0.5,"x":2.997,"y":2.997},{"time":0.6,"x":3.666,"y":3.666}]},"DAMAGEAREA":{"translate":[{"time":0.1666,"x":-59.01,"y":62.86}],"scale":[{"time":0.1666,"x":2.424,"y":0.615}]}},"drawOrder":[{"time":0,"offsets":[{"slot":"MAIN","offset":3}]}],"events":[{"time":0,"name":"Event","string":"addOrbitSystem_dash"},{"time":0.0666,"name":"Event","string":"runScript-pause"},{"time":0.1,"name":"Event","float":0.1,"string":"kHitStopType_enemyonly"},{"time":0.1333,"name":"Event","string":"setForceImpact(1)"},{"time":0.1666,"name":"Event","int":350,"string":"kImpactType_knock"},{"time":0.1666,"name":"Sound1","string":"cri_se_battle_018_sword_hit_02"},{"time":0.1666,"name":"Sound2","string":"cri_se_battle_hard_hit"},{"time":0.1666,"name":"Sound3","string":"cri_se_battle_explosion_water_02"},{"time":0.2,"name":"Event","string":"shakeGround"},{"time":0.2,"name":"Hit","string":"resetHitList"},{"time":0.2666,"name":"Hit","string":"resetHitList"},{"time":0.3333,"name":"Hit","string":"resetHitList"},{"time":0.4,"name":"Event","string":"runScript-addSP"}]},"attack3":{"slots":{"DAMAGEAREA":{"attachment":[{"time":0.2333,"name":"DAMAGEAREA"},{"time":0.3,"name":null}]},"EF/EF_slash_Dot/10000-combo_16_ef2_1B":{"attachment":[{"time":0.2333,"name":"EF/EF_slash_Dot/10000-combo_16_ef2_1Ba"},{"time":0.2666,"name":null}]},"EF/EF_slash_Dot/10000-combo_16_ef2_1F":{"attachment":[{"time":0.2333,"name":"EF/EF_slash_Dot/10000-combo_16_ef2_1F"},{"time":0.2666,"name":null}]},"MAIN":{"attachment":[{"time":0,"name":"attack2_00"},{"time":0.0666,"name":"attack2_01"},{"time":0.1,"name":"attack2_02"},{"time":0.1333,"name":"attack2_03"},{"time":0.2333,"name":"attack2_04"},{"time":0.3,"name":"attack2_05"},{"time":0.3666,"name":"attack2_06"},{"time":0.4333,"name":"attack2_07"},{"time":0.4666,"name":"attack2_08"},{"time":0.7666,"name":"attack2_08"}]}},"bones":{"A1_slash":{"rotate":[{"time":0.2333,"angle":-3.04}],"translate":[{"time":0.2333,"x":-609.74,"y":282.41}],"scale":[{"time":0.2333,"x":0.879,"y":-1.24}]},"DAMAGEAREA":{"translate":[{"time":0.2333,"x":-81.89,"y":51.64}]}},"drawOrder":[{"time":0.2333,"offsets":[{"slot":"EF/EF_slash_Dot/10000-combo_16_ef2_1B","offset":-3},{"slot":"EF/EF_slash_Dot/10000-combo_16_ef2_1F","offset":-6}]}],"events":[{"time":0,"name":"Event","float":0.4,"string":"kHitStopType-normal"},{"time":0.0666,"name":"Event","string":"setForceImpact(1)"},{"time":0.1,"name":"Event","int":170,"string":"kImpactType-knock"},{"time":0.2,"name":"Sound1","string":"cri_se_battle_018_sword_hit_02"},{"time":0.2333,"name":"Voice","string":"cri_103_voice_attack_c"}]},"attack4":{"slots":{"DAMAGEAREA":{"attachment":[{"time":0.3666,"name":"DAMAGEAREA"},{"time":1,"name":null}]},"EF/5110_S1_wave1/5110_S1_wave1_0":{"attachment":[{"time":0.4333,"name":"EF/5110_S1_wave1/5110_S1_wave1_00000"},{"time":0.4666,"name":"EF/5110_S1_wave1/5110_S1_wave1_00001"},{"time":0.5,"name":"EF/5110_S1_wave1/5110_S1_wave1_00002"},{"time":0.5333,"name":"EF/5110_S1_wave1/5110_S1_wave1_00003"},{"time":0.5666,"name":"EF/5110_S1_wave1/5110_S1_wave1_00004"},{"time":0.6,"name":"EF/5110_S1_wave1/5110_S1_wave1_00005"},{"time":0.6333,"name":"EF/5110_S1_wave1/5110_S1_wave1_00006"},{"time":0.6666,"name":"EF/5110_S1_wave1/5110_S1_wave1_00007"},{"time":0.7,"name":"EF/5110_S1_wave1/5110_S1_wave1_00008"},{"time":0.7333,"name":"EF/5110_S1_wave1/5110_S1_wave1_00009"},{"time":0.7666,"name":"EF/5110_S1_wave1/5110_S1_wave1_00010"},{"time":0.8,"name":null}],"color":[{"time":0.4333,"color":"ffffffff"}]},"EF/5110_S1_wave1/5110_S1_wave1_1":{"attachment":[{"time":0.5,"name":"EF/5110_S1_wave1/5110_S1_wave1_00000"},{"time":0.5333,"name":"EF/5110_S1_wave1/5110_S1_wave1_00001"},{"time":0.5666,"name":"EF/5110_S1_wave1/5110_S1_wave1_00002"},{"time":0.6,"name":"EF/5110_S1_wave1/5110_S1_wave1_00003"},{"time":0.6333,"name":"EF/5110_S1_wave1/5110_S1_wave1_00004"},{"time":0.6666,"name":"EF/5110_S1_wave1/5110_S1_wave1_00005"},{"time":0.7,"name":"EF/5110_S1_wave1/5110_S1_wave1_00006"},{"time":0.7333,"name":"EF/5110_S1_wave1/5110_S1_wave1_00007"},{"time":0.7666,"name":"EF/5110_S1_wave1/5110_S1_wave1_00008"},{"time":0.8,"name":"EF/5110_S1_wave1/5110_S1_wave1_00009"},{"time":0.8333,"name":"EF/5110_S1_wave1/5110_S1_wave1_00010"},{"time":0.8666,"name":null}]},"MAIN":{"attachment":[{"time":0,"name":"skill1_00"},{"time":0.0666,"name":"skill1_01"},{"time":0.1,"name":"skill1_02"},{"time":0.1333,"name":"skill1_03"},{"time":0.2,"name":"skill1_04"},{"time":0.3333,"name":"skill1_05"},{"time":0.3666,"name":"skill1_06"},{"time":0.4,"name":"skill1_07"},{"time":0.4666,"name":"skill1_08"},{"time":0.5333,"name":"skill1_09"},{"time":0.6,"name":"skill1_05"},{"time":0.6333,"name":"skill1_06"},{"time":0.6666,"name":"skill1_07"},{"time":0.7333,"name":"skill1_08"},{"time":0.8333,"name":"skill1_05"},{"time":0.8666,"name":"skill1_06"},{"time":0.9,"name":"skill1_07"},{"time":0.9666,"name":"skill1_08"},{"time":1,"name":"skill1_11"},{"time":1.0333,"name":"skill1_09"},{"time":1.1,"name":"skill1_10"},{"time":1.1666,"name":"skill1_11"},{"time":1.5,"name":"skill1_11"}]}},"bones":{"MAIN":{"translate":[{"time":0.3333,"x":0,"y":0,"curve":[0,0.66,0.75,1]},{"time":0.5,"x":15,"y":0,"curve":"stepped"},{"time":0.5666,"x":15,"y":0,"curve":[0.005,0.53,0.75,1]},{"time":0.7333,"x":25,"y":0,"curve":"stepped"},{"time":0.8333,"x":25,"y":0,"curve":[0.051,0.48,0.75,1]},{"time":1.0666,"x":35,"y":0}]},"wave2":{"translate":[{"time":0.4333,"x":-539.47,"y":333.06}],"scale":[{"time":0.4333,"x":3,"y":3}]},"wave3":{"translate":[{"time":0.5,"x":-696.08,"y":388.16}],"scale":[{"time":0.5,"x":3,"y":3}]},"DAMAGEAREA":{"translate":[{"time":0.3666,"x":-184.03,"y":62.86,"curve":[0.245,0.79,0.75,1]},{"time":0.6,"x":-288.75,"y":62.86}],"scale":[{"time":0.3666,"x":2.184,"y":1}]}},"events":[{"time":0.2,"name":"Voice","string":"cri_103_voice_skill_all"},{"time":0.2666,"name":"Event","string":"setHitBackEnemy(10,10)"},{"time":0.3333,"name":"Sound2","string":"cri_se_battle_hard_hit"},{"time":0.3333,"name":"Sound3","string":"cri_se_battle_explosion_water_02"},{"time":0.3666,"name":"Event","float":0.2,"string":"kHitStopType-enemyonly"},{"time":0.4333,"name":"Hit","string":"resetHitList"},{"time":0.4333,"name":"Sound2","string":"cri_se_battle_hard_hit"},{"time":0.4333,"name":"Sound3","string":"cri_se_battle_explosion_water_01"},{"time":0.4666,"name":"Event","string":"shakeGround"},{"time":0.5333,"name":"Event","string":"shakeGround"},{"time":0.6333,"name":"Hit","string":"resetHitList"},{"time":0.6333,"name":"Sound3","string":"cri_se_battle_explosion_water_02"},{"time":0.7,"name":"Hit","string":"resetHitList"},{"time":0.7333,"name":"Sound3","string":"cri_se_battle_explosion_water_01"},{"time":0.7666,"name":"Event","string":"setForceImpact(1)"},{"time":0.8333,"name":"Hit","string":"resetHitList"},{"time":0.8666,"name":"Event","int":300,"string":"kImpactType_knock"},{"time":0.9,"name":"Hit","string":"resetHitList"},{"time":0.9,"name":"Sound3","string":"cri_se_battle_explosion_water_02"},{"time":1,"name":"Sound3","string":"cri_se_battle_explosion_water_01"},{"time":1.0666,"name":"Event","string":"runScript-addSP"}]},"attack5":{"slots":{"DAMAGEAREA":{"attachment":[{"time":0.3333,"name":"DAMAGEAREA"},{"time":1.0333,"name":null}]},"EF/5110_S1_wave1/5110_S1_wave1_0":{"attachment":[{"time":0.2666,"name":"EF/5110_S1_wave1/5110_S1_wave1_00001"},{"time":0.3,"name":"EF/5110_S1_wave1/5110_S1_wave1_00002"},{"time":0.3333,"name":"EF/5110_S1_wave1/5110_S1_wave1_00003"},{"time":0.3666,"name":"EF/5110_S1_wave1/5110_S1_wave1_00004"},{"time":0.4,"name":"EF/5110_S1_wave1/5110_S1_wave1_00005"},{"time":0.4333,"name":"EF/5110_S1_wave1/5110_S1_wave1_00006"},{"time":0.4666,"name":"EF/5110_S1_wave1/5110_S1_wave1_00007"},{"time":0.5,"name":"EF/5110_S1_wave1/5110_S1_wave1_00008"},{"time":0.5333,"name":"EF/5110_S1_wave1/5110_S1_wave1_00009"}],"color":[{"time":0.5333,"color":"ffffffff"},{"time":0.6333,"color":"ffffff00"}]},"MAIN":{"attachment":[{"time":0,"name":"front_00"},{"time":0.1666,"name":"front_00"},{"time":0.2333,"name":"attack3_00"},{"time":0.2666,"name":"attack3_01"},{"time":0.3,"name":"attack3_03"},{"time":0.3333,"name":"attack3_04"},{"time":0.4,"name":"attack3_05"},{"time":0.5,"name":"attack3_06"},{"time":1.2333,"name":"back_00"},{"time":1.5,"name":"idle_03"},{"time":1.6666,"name":"idle_04"},{"time":1.8333,"name":"idle_00"}]}},"bones":{"MAIN":{"translate":[{"time":0.1666,"x":0,"y":0,"curve":"stepped"},{"time":0.2666,"x":0,"y":7.74,"curve":"stepped"},{"time":0.3333,"x":-10,"y":0,"curve":[0.151,0.31,0.75,1]},{"time":0.5333,"x":-15,"y":0,"curve":"stepped"},{"time":1.2333,"x":0,"y":0,"curve":[0.247,0.44,0.586,0.76]},{"time":1.4,"x":92.11,"y":15,"curve":[0.253,0.68,0.599,0.85]},{"time":1.5333,"x":130,"y":0,"curve":[0.179,0.47,0.75,1]},{"time":1.6666,"x":140,"y":0}]},"wave2":{"translate":[{"time":0.2666,"x":-479.2,"y":333.06}],"scale":[{"time":0.2666,"x":2.997,"y":2.997,"curve":"stepped"},{"time":0.5333,"x":2.997,"y":2.997},{"time":0.6333,"x":3.666,"y":3.666}]},"DAMAGEAREA":{"translate":[{"time":0.3,"x":-142.48,"y":252.31}],"scale":[{"time":0.3333,"x":2.022,"y":6.175}]}},"drawOrder":[{"time":0.1666,"offsets":[{"slot":"MAIN","offset":3}]}],"events":[{"time":0.0333,"name":"Event","string":"runScript-pause"},{"time":0.1,"name":"Event","string":"setHitBackEnemy(0,8)"},{"time":0.1666,"name":"Event","string":"addOrbitSystem_dash"},{"time":0.1666,"name":"Voice","string":"cri_103_voice_fullarts_now"},{"time":0.2,"name":"Event","string":"runScript-pause"},{"time":0.2333,"name":"Event","float":0.4,"string":"kHitStopType_enemyonly"},{"time":0.2666,"name":"Sound1","string":"cri_se_battle_explosion_water_02"},{"time":0.2666,"name":"Sound2","string":"cri_se_battle_018_sword_hit_02"},{"time":0.2666,"name":"Sound3","string":"cri_se_battle_hard_hit"},{"time":0.3,"name":"Event","string":"shakeGround"},{"time":0.3,"name":"Hit","string":"resetHitList"},{"time":0.3333,"name":"Hit","string":"resetHitList"},{"time":0.3666,"name":"Event","float":1,"string":"shakeGround-Loop"},{"time":0.3666,"name":"Hit","string":"resetHitList"},{"time":0.4,"name":"Hit","string":"resetHitList"},{"time":0.4333,"name":"Hit","string":"resetHitList"},{"time":0.4666,"name":"Hit","string":"resetHitList"},{"time":0.5,"name":"Hit","string":"resetHitList"},{"time":0.5333,"name":"Hit","string":"resetHitList"},{"time":0.5666,"name":"Hit","string":"resetHitList"},{"time":0.6,"name":"Hit","string":"resetHitList"},{"time":0.6333,"name":"Hit","string":"resetHitList"},{"time":0.6666,"name":"Hit","string":"resetHitList"},{"time":0.7,"name":"Hit","string":"resetHitList"},{"time":0.7333,"name":"Hit","string":"resetHitList"},{"time":0.7666,"name":"Hit","string":"resetHitList"},{"time":0.8,"name":"Hit","string":"resetHitList"},{"time":0.8333,"name":"Hit","string":"resetHitList"},{"time":0.8666,"name":"Hit","string":"resetHitList"},{"time":0.9,"name":"Hit","string":"resetHitList"},{"time":0.9333,"name":"Hit","string":"resetHitList"},{"time":0.9666,"name":"Event","string":"setForceImpact(1)"},{"time":0.9666,"name":"Hit","string":"resetHitList"},{"time":1,"name":"Event","string":"kImpactType_down"},{"time":1,"name":"Hit","string":"resetHitList"},{"time":1.2333,"name":"Sound1","string":"cri_se_battle_jump"},{"time":1.5,"name":"Sound1","string":"cri_se_battle_landing"}]},"back":{"slots":{"MAIN":{"attachment":[{"time":0,"name":"back_00"},{"time":0.2666,"name":"idle_03"},{"time":0.4333,"name":"idle_04"},{"time":0.6,"name":"idle_00"}]}},"bones":{"MAIN":{"translate":[{"time":0,"x":0,"y":0,"curve":[0.247,0.44,0.586,0.76]},{"time":0.1,"x":92.11,"y":15,"curve":[0.253,0.68,0.599,0.85]},{"time":0.3,"x":130,"y":0,"curve":[0.179,0.47,0.75,1]},{"time":0.4333,"x":140,"y":0}]}},"events":[{"time":0,"name":"Sound1","string":"cri_se_battle_jump"},{"time":0.2666,"name":"Sound1","string":"cri_se_battle_landing"}]},"cast":{"slots":{"MAIN":{"attachment":[{"time":0,"name":"skill1_00"},{"time":0.0333,"name":"skill1_01"},{"time":0.1,"name":"skill1_02"},{"time":0.1666,"name":"skill1_03"},{"time":0.2333,"name":"skill1_04"},{"time":0.5,"name":"skill1_05"},{"time":0.5333,"name":"skill1_06"},{"time":0.5666,"name":"skill1_07"},{"time":0.6333,"name":"skill1_08"},{"time":0.7,"name":"skill1_09"},{"time":0.7666,"name":"skill1_10"},{"time":0.8666,"name":"skill1_11"},{"time":1,"name":"skill1_11"}]}},"events":[{"time":0.5,"name":"Voice","string":"cri_103_voice_item"}]},"cast1":{"slots":{"MAIN":{"attachment":[{"time":0,"name":"skill1_00"},{"time":0.0333,"name":"skill1_01"},{"time":0.1,"name":"skill1_02"},{"time":0.1666,"name":"skill1_03"},{"time":0.2333,"name":"skill1_04"},{"time":0.5,"name":"skill1_05"},{"time":0.5333,"name":"skill1_06"},{"time":0.5666,"name":"skill1_07"},{"time":0.6333,"name":"skill1_08"},{"time":0.7,"name":"skill1_09"},{"time":0.7666,"name":"skill1_10"},{"time":0.8666,"name":"skill1_11"},{"time":1,"name":"skill1_11"}]}},"events":[{"time":0.5,"name":"Voice","string":"cri_103_voice_item"}]},"charge":{"slots":{"EF/5110_S1_wave1/5110_S1_wave1_00000":{"attachment":[{"time":0,"name":"EF/5110_S1_wave1/5110_S1_wave1_00002"},{"time":0.0333,"name":"EF/5110_S1_wave1/5110_S1_wave1_00003"},{"time":0.0666,"name":"EF/5110_S1_wave1/5110_S1_wave1_00004"},{"time":0.1,"name":"EF/5110_S1_wave1/5110_S1_wave1_00005"},{"time":0.1333,"name":"EF/5110_S1_wave1/5110_S1_wave1_00006"},{"time":0.1666,"name":"EF/5110_S1_wave1/5110_S1_wave1_00007"},{"time":0.2,"name":"EF/5110_S1_wave1/5110_S1_wave1_00008"},{"time":0.2333,"name":"EF/5110_S1_wave1/5110_S1_wave1_00009"},{"time":0.2666,"name":"EF/5110_S1_wave1/5110_S1_wave1_00010"}],"color":[{"time":0,"color":"ffffff46"},{"time":0.0666,"color":"ffffffff","curve":"stepped"},{"time":0.2666,"color":"ffffffff"},{"time":0.3666,"color":"ffffff00"}]},"EF/EF_aura_Dot/B_grass_aura_1":{"attachment":[{"time":0,"name":"EF/EF_aura_Dot/B_grass_aura_2"},{"time":0.0333,"name":"EF/EF_aura_Dot/B_grass_aura_3"},{"time":0.0666,"name":"EF/EF_aura_Dot/B_grass_aura_1"},{"time":0.1,"name":"EF/EF_aura_Dot/B_grass_aura_2"},{"time":0.1333,"name":"EF/EF_aura_Dot/B_grass_aura_3"},{"time":0.1666,"name":"EF/EF_aura_Dot/B_grass_aura_1"},{"time":0.2,"name":"EF/EF_aura_Dot/B_grass_aura_2"},{"time":0.2333,"name":"EF/EF_aura_Dot/B_grass_aura_3"},{"time":0.2666,"name":"EF/EF_aura_Dot/B_grass_aura_1"},{"time":0.3,"name":"EF/EF_aura_Dot/B_grass_aura_2"},{"time":0.3333,"name":"EF/EF_aura_Dot/B_grass_aura_3"},{"time":0.3666,"name":"EF/EF_aura_Dot/B_grass_aura_1"},{"time":0.4,"name":"EF/EF_aura_Dot/B_grass_aura_2"},{"time":0.4333,"name":"EF/EF_aura_Dot/B_grass_aura_3"},{"time":0.4666,"name":"EF/EF_aura_Dot/B_grass_aura_1"},{"time":0.5,"name":"EF/EF_aura_Dot/B_grass_aura_2"},{"time":0.5333,"name":"EF/EF_aura_Dot/B_grass_aura_3"},{"time":0.5666,"name":"EF/EF_aura_Dot/B_grass_aura_1"},{"time":0.6,"name":"EF/EF_aura_Dot/B_grass_aura_2"},{"time":0.6333,"name":"EF/EF_aura_Dot/B_grass_aura_3"},{"time":0.6666,"name":"EF/EF_aura_Dot/B_grass_aura_1"},{"time":0.7,"name":"EF/EF_aura_Dot/B_grass_aura_2"},{"time":0.7333,"name":"EF/EF_aura_Dot/B_grass_aura_3"},{"time":0.7666,"name":"EF/EF_aura_Dot/B_grass_aura_1"},{"time":0.8,"name":"EF/EF_aura_Dot/B_grass_aura_2"},{"time":0.8333,"name":"EF/EF_aura_Dot/B_grass_aura_3"},{"time":0.8666,"name":"EF/EF_aura_Dot/B_grass_aura_1"},{"time":0.9,"name":"EF/EF_aura_Dot/B_grass_aura_2"},{"time":0.9333,"name":"EF/EF_aura_Dot/B_grass_aura_3"},{"time":0.9666,"name":"EF/EF_aura_Dot/B_grass_aura_1"},{"time":1.0333,"name":"EF/EF_aura_Dot/B_grass_aura_2"},{"time":1.0666,"name":"EF/EF_aura_Dot/B_grass_aura_3"},{"time":1.1,"name":"EF/EF_aura_Dot/B_grass_aura_1"},{"time":1.1333,"name":"EF/EF_aura_Dot/B_grass_aura_2"},{"time":1.1666,"name":"EF/EF_aura_Dot/B_grass_aura_3"},{"time":1.2,"name":"EF/EF_aura_Dot/B_grass_aura_1"},{"time":1.2333,"name":"EF/EF_aura_Dot/B_grass_aura_2"},{"time":1.2666,"name":"EF/EF_aura_Dot/B_grass_aura_3"},{"time":1.3,"name":"EF/EF_aura_Dot/B_grass_aura_1"},{"time":1.3333,"name":"EF/EF_aura_Dot/B_grass_aura_2"},{"time":1.3666,"name":"EF/EF_aura_Dot/B_grass_aura_3"},{"time":1.4,"name":"EF/EF_aura_Dot/B_grass_aura_1"},{"time":1.4333,"name":"EF/EF_aura_Dot/B_grass_aura_2"},{"time":1.4666,"name":"EF/EF_aura_Dot/B_grass_aura_3"},{"time":1.5,"name":"EF/EF_aura_Dot/B_grass_aura_1"},{"time":1.5333,"name":"EF/EF_aura_Dot/B_grass_aura_2"},{"time":1.5666,"name":"EF/EF_aura_Dot/B_grass_aura_3"},{"time":1.6,"name":"EF/EF_aura_Dot/B_grass_aura_1"},{"time":1.6333,"name":"EF/EF_aura_Dot/B_grass_aura_2"},{"time":1.6666,"name":"EF/EF_aura_Dot/B_grass_aura_3"},{"time":1.7,"name":"EF/EF_aura_Dot/B_grass_aura_1"},{"time":1.7333,"name":"EF/EF_aura_Dot/B_grass_aura_2"},{"time":1.7666,"name":"EF/EF_aura_Dot/B_grass_aura_3"},{"time":1.8,"name":"EF/EF_aura_Dot/B_grass_aura_1"},{"time":1.8333,"name":"EF/EF_aura_Dot/B_grass_aura_2"},{"time":1.8666,"name":"EF/EF_aura_Dot/B_grass_aura_3"},{"time":1.9,"name":"EF/EF_aura_Dot/B_grass_aura_1"},{"time":1.9333,"name":"EF/EF_aura_Dot/B_grass_aura_2"},{"time":1.9666,"name":"EF/EF_aura_Dot/B_grass_aura_3"},{"time":2,"name":"EF/EF_aura_Dot/B_grass_aura_1"}]},"EF/EF_aura_Dot/F_grass_aura_1":{"attachment":[{"time":0,"name":"EF/EF_aura_Dot/F_grass_aura_2"},{"time":0.0333,"name":"EF/EF_aura_Dot/F_grass_aura_3"},{"time":0.0666,"name":"EF/EF_aura_Dot/F_grass_aura_1"},{"time":0.1,"name":"EF/EF_aura_Dot/F_grass_aura_2"},{"time":0.1333,"name":"EF/EF_aura_Dot/F_grass_aura_3"},{"time":0.1666,"name":"EF/EF_aura_Dot/F_grass_aura_1"},{"time":0.2,"name":"EF/EF_aura_Dot/F_grass_aura_2"},{"time":0.2333,"name":"EF/EF_aura_Dot/F_grass_aura_3"},{"time":0.2666,"name":"EF/EF_aura_Dot/F_grass_aura_1"},{"time":0.3,"name":"EF/EF_aura_Dot/F_grass_aura_2"},{"time":0.3333,"name":"EF/EF_aura_Dot/F_grass_aura_3"},{"time":0.3666,"name":"EF/EF_aura_Dot/F_grass_aura_1"},{"time":0.4,"name":"EF/EF_aura_Dot/F_grass_aura_2"},{"time":0.4333,"name":"EF/EF_aura_Dot/F_grass_aura_3"},{"time":0.4666,"name":"EF/EF_aura_Dot/F_grass_aura_1"},{"time":0.5,"name":"EF/EF_aura_Dot/F_grass_aura_2"},{"time":0.5333,"name":"EF/EF_aura_Dot/F_grass_aura_3"},{"time":0.5666,"name":"EF/EF_aura_Dot/F_grass_aura_1"},{"time":0.6,"name":"EF/EF_aura_Dot/F_grass_aura_2"},{"time":0.6333,"name":"EF/EF_aura_Dot/F_grass_aura_3"},{"time":0.6666,"name":"EF/EF_aura_Dot/F_grass_aura_1"},{"time":0.7,"name":"EF/EF_aura_Dot/F_grass_aura_2"},{"time":0.7333,"name":"EF/EF_aura_Dot/F_grass_aura_3"},{"time":0.7666,"name":"EF/EF_aura_Dot/F_grass_aura_1"},{"time":0.8,"name":"EF/EF_aura_Dot/F_grass_aura_2"},{"time":0.8333,"name":"EF/EF_aura_Dot/F_grass_aura_3"},{"time":0.8666,"name":"EF/EF_aura_Dot/F_grass_aura_1"},{"time":0.9,"name":"EF/EF_aura_Dot/F_grass_aura_2"},{"time":0.9333,"name":"EF/EF_aura_Dot/F_grass_aura_3"},{"time":0.9666,"name":"EF/EF_aura_Dot/F_grass_aura_1"},{"time":1.0333,"name":"EF/EF_aura_Dot/F_grass_aura_2"},{"time":1.0666,"name":"EF/EF_aura_Dot/F_grass_aura_3"},{"time":1.1,"name":"EF/EF_aura_Dot/F_grass_aura_1"},{"time":1.1333,"name":"EF/EF_aura_Dot/F_grass_aura_2"},{"time":1.1666,"name":"EF/EF_aura_Dot/F_grass_aura_3"},{"time":1.2,"name":"EF/EF_aura_Dot/F_grass_aura_1"},{"time":1.2333,"name":"EF/EF_aura_Dot/F_grass_aura_2"},{"time":1.2666,"name":"EF/EF_aura_Dot/F_grass_aura_3"},{"time":1.3,"name":"EF/EF_aura_Dot/F_grass_aura_1"},{"time":1.3333,"name":"EF/EF_aura_Dot/F_grass_aura_2"},{"time":1.3666,"name":"EF/EF_aura_Dot/F_grass_aura_3"},{"time":1.4,"name":"EF/EF_aura_Dot/F_grass_aura_1"},{"time":1.4333,"name":"EF/EF_aura_Dot/F_grass_aura_2"},{"time":1.4666,"name":"EF/EF_aura_Dot/F_grass_aura_3"},{"time":1.5,"name":"EF/EF_aura_Dot/F_grass_aura_1"},{"time":1.5333,"name":"EF/EF_aura_Dot/F_grass_aura_2"},{"time":1.5666,"name":"EF/EF_aura_Dot/F_grass_aura_3"},{"time":1.6,"name":"EF/EF_aura_Dot/F_grass_aura_1"},{"time":1.6333,"name":"EF/EF_aura_Dot/F_grass_aura_2"},{"time":1.6666,"name":"EF/EF_aura_Dot/F_grass_aura_3"},{"time":1.7,"name":"EF/EF_aura_Dot/F_grass_aura_1"},{"time":1.7333,"name":"EF/EF_aura_Dot/F_grass_aura_2"},{"time":1.7666,"name":"EF/EF_aura_Dot/F_grass_aura_3"},{"time":1.8,"name":"EF/EF_aura_Dot/F_grass_aura_1"},{"time":1.8333,"name":"EF/EF_aura_Dot/F_grass_aura_2"},{"time":1.8666,"name":"EF/EF_aura_Dot/F_grass_aura_3"},{"time":1.9,"name":"EF/EF_aura_Dot/F_grass_aura_1"},{"time":1.9333,"name":"EF/EF_aura_Dot/F_grass_aura_2"},{"time":1.9666,"name":"EF/EF_aura_Dot/F_grass_aura_3"},{"time":2,"name":"EF/EF_aura_Dot/F_grass_aura_1"}]},"MAIN":{"attachment":[{"time":0,"name":"skill2_00"},{"time":0.0666,"name":"skill2_01"},{"time":0.1333,"name":"skill2_02"},{"time":0.2,"name":"skill2_00"},{"time":0.2666,"name":"skill2_01"},{"time":0.3333,"name":"skill2_02"},{"time":0.4,"name":"skill2_00"},{"time":0.4666,"name":"skill2_01"},{"time":0.5333,"name":"skill2_02"},{"time":0.6,"name":"skill2_00"},{"time":0.6666,"name":"skill2_01"},{"time":0.7333,"name":"skill2_02"},{"time":0.8,"name":"skill2_00"},{"time":0.8666,"name":"skill2_01"},{"time":0.9333,"name":"skill2_02"},{"time":1,"name":"skill2_02"},{"time":1.0333,"name":"skill2_00"},{"time":1.1,"name":"skill2_01"},{"time":1.1666,"name":"skill2_02"},{"time":1.2333,"name":"skill2_00"},{"time":1.3,"name":"skill2_01"},{"time":1.3666,"name":"skill2_02"},{"time":1.4333,"name":"skill2_00"},{"time":1.5,"name":"skill2_01"},{"time":1.5666,"name":"skill2_02"},{"time":1.6333,"name":"skill2_00"},{"time":1.7,"name":"skill2_01"},{"time":1.7666,"name":"skill2_02"},{"time":1.8333,"name":"skill2_00"},{"time":1.9,"name":"skill2_01"},{"time":1.9666,"name":"skill2_02"}]}},"bones":{"S2_EF_aura":{"translate":[{"time":0,"x":-460.51,"y":292.54,"curve":"stepped"},{"time":1.0333,"x":-460.51,"y":292.54}],"scale":[{"time":0,"x":1.499,"y":1.499,"curve":"stepped"},{"time":1.0333,"x":1.499,"y":1.499}]},"wave1":{"translate":[{"time":0,"x":-301.46,"y":280.76}],"scale":[{"time":0,"x":1.803,"y":1.803,"curve":"stepped"},{"time":0.2666,"x":1.803,"y":1.803,"curve":[0.25,0,0.75,1]},{"time":0.3666,"x":2,"y":2}]}},"drawOrder":[{"time":0.0333,"offsets":[{"slot":"MAIN","offset":3}]},{"time":0.1,"offsets":[{"slot":"MAIN","offset":3}]},{"time":1.0666,"offsets":[{"slot":"MAIN","offset":3}]},{"time":1.1333,"offsets":[{"slot":"MAIN","offset":3}]}],"events":[{"time":0,"name":"Sound1","string":"cri_se_battle_charge"},{"time":0.0333,"name":"Event","string":"runScript-addSP"},{"time":0.0666,"name":"Event","string":"runScript-addSP"},{"time":1.0333,"name":"Sound1","string":"cri_se_battle_charge"}]},"chargeset":{"slots":{"MAIN":{"attachment":[{"time":0,"name":"skill2_00"}]}}},"damage":{"slots":{"MAIN":{"attachment":[{"time":0,"name":"damage_00"}]}}},"front":{"slots":{"MAIN":{"attachment":[{"time":0,"name":"front_00"}]}}},"idle":{"slots":{"MAIN":{"attachment":[{"time":0,"name":"idle_00"},{"time":0.1666,"name":"idle_01"},{"time":0.3333,"name":"idle_02"},{"time":0.5,"name":"idle_03"},{"time":0.6666,"name":"idle_04"},{"time":0.8333,"name":"idle_00"}]}}},"in":{"slots":{"MAIN":{"attachment":[{"time":0,"name":"idle_00"},{"time":0.1666,"name":"idle_01"},{"time":0.3333,"name":"idle_02"},{"time":0.5,"name":"idle_03"},{"time":0.6666,"name":"idle_04"},{"time":0.8333,"name":"idle_00"}]}}},"rage":{"slots":{"DAMAGEAREA":{"attachment":[{"time":0.5,"name":"DAMAGEAREA"},{"time":0.5666,"name":null}]},"MAIN":{"attachment":[{"time":0,"name":"skill1_00"},{"time":0.0333,"name":"skill1_01"},{"time":0.1,"name":"skill1_02"},{"time":0.1666,"name":"skill1_03"},{"time":0.2333,"name":"skill1_04"},{"time":0.5,"name":"skill1_05"},{"time":0.5333,"name":"skill1_06"},{"time":0.5666,"name":"skill1_07"},{"time":0.6333,"name":"skill1_08"},{"time":0.7,"name":"skill1_09"},{"time":0.7666,"name":"skill1_10"},{"time":0.8666,"name":"skill1_11"},{"time":1,"name":"skill1_11"}]}},"bones":{"DAMAGEAREA":{"translate":[{"time":0.5,"x":0,"y":56.87}],"scale":[{"time":0.5,"x":2.742,"y":1.802}]}},"events":[{"time":0.4,"name":"Event","float":0.5,"string":"kHitStopType-enemyonly"},{"time":0.4333,"name":"Event","string":"setForceImpact(1)"},{"time":0.4666,"name":"Event","int":280,"string":"kImpactType-knock"},{"time":0.5,"name":"Event","string":"shakeGround"},{"time":0.5,"name":"Sound1","string":"cri_se_battle_charge"},{"time":0.5,"name":"Voice","string":"cri_103_voice_item"}]},"skill1":{"slots":{"DAMAGEAREA":{"attachment":[{"time":0.2666,"name":"DAMAGEAREA"},{"time":0.5333,"name":null},{"time":1.1333,"name":"DAMAGEAREA"},{"time":1.5333,"name":null}]},"EF/5110_S1_wave1/5110_S1_wave1_0":{"attachment":[{"time":0.3333,"name":"EF/5110_S1_wave1/5110_S1_wave1_00001"},{"time":0.3666,"name":"EF/5110_S1_wave1/5110_S1_wave1_00002"},{"time":0.4,"name":"EF/5110_S1_wave1/5110_S1_wave1_00003"},{"time":0.4333,"name":"EF/5110_S1_wave1/5110_S1_wave1_00004"},{"time":0.4666,"name":"EF/5110_S1_wave1/5110_S1_wave1_00005"},{"time":0.5,"name":"EF/5110_S1_wave1/5110_S1_wave1_00006"},{"time":0.5333,"name":"EF/5110_S1_wave1/5110_S1_wave1_00007"},{"time":0.5666,"name":"EF/5110_S1_wave1/5110_S1_wave1_00008"},{"time":0.6,"name":"EF/5110_S1_wave1/5110_S1_wave1_00009"},{"time":1.2,"name":"EF/5110_S1_wave1/5110_S1_wave1_00000"},{"time":1.2333,"name":"EF/5110_S1_wave1/5110_S1_wave1_00001"},{"time":1.2666,"name":"EF/5110_S1_wave1/5110_S1_wave1_00002"},{"time":1.3,"name":"EF/5110_S1_wave1/5110_S1_wave1_00003"},{"time":1.3333,"name":"EF/5110_S1_wave1/5110_S1_wave1_00004"},{"time":1.3666,"name":"EF/5110_S1_wave1/5110_S1_wave1_00005"},{"time":1.4,"name":"EF/5110_S1_wave1/5110_S1_wave1_00006"},{"time":1.4333,"name":"EF/5110_S1_wave1/5110_S1_wave1_00007"},{"time":1.4666,"name":"EF/5110_S1_wave1/5110_S1_wave1_00008"},{"time":1.5,"name":"EF/5110_S1_wave1/5110_S1_wave1_00009"},{"time":1.5333,"name":"EF/5110_S1_wave1/5110_S1_wave1_00010"},{"time":1.5666,"name":null}],"color":[{"time":0.6,"color":"ffffffff"},{"time":0.7,"color":"ffffff00","curve":"stepped"},{"time":1.2,"color":"ffffffff"}]},"EF/5110_S1_wave1/5110_S1_wave1_1":{"attachment":[{"time":1.2666,"name":"EF/5110_S1_wave1/5110_S1_wave1_00000"},{"time":1.3,"name":"EF/5110_S1_wave1/5110_S1_wave1_00001"},{"time":1.3333,"name":"EF/5110_S1_wave1/5110_S1_wave1_00002"},{"time":1.3666,"name":"EF/5110_S1_wave1/5110_S1_wave1_00003"},{"time":1.4,"name":"EF/5110_S1_wave1/5110_S1_wave1_00004"},{"time":1.4333,"name":"EF/5110_S1_wave1/5110_S1_wave1_00005"},{"time":1.4666,"name":"EF/5110_S1_wave1/5110_S1_wave1_00006"},{"time":1.5,"name":"EF/5110_S1_wave1/5110_S1_wave1_00007"},{"time":1.5333,"name":"EF/5110_S1_wave1/5110_S1_wave1_00008"},{"time":1.5666,"name":"EF/5110_S1_wave1/5110_S1_wave1_00009"},{"time":1.6,"name":"EF/5110_S1_wave1/5110_S1_wave1_00010"},{"time":1.6333,"name":null}]},"MAIN":{"attachment":[{"time":0.1666,"name":"front_00"},{"time":0.2333,"name":"attack3_00"},{"time":0.2666,"name":"attack3_01"},{"time":0.3,"name":"attack3_03"},{"time":0.3333,"name":"attack3_04"},{"time":0.4,"name":"attack3_05"},{"time":0.5,"name":"attack3_06"},{"time":0.7666,"name":"skill1_00"},{"time":0.8333,"name":"skill1_01"},{"time":0.8666,"name":"skill1_02"},{"time":0.9,"name":"skill1_03"},{"time":0.9666,"name":"skill1_04"},{"time":1.1,"name":"skill1_05"},{"time":1.1333,"name":"skill1_06"},{"time":1.1666,"name":"skill1_07"},{"time":1.2333,"name":"skill1_08"},{"time":1.3,"name":"skill1_09"},{"time":1.3666,"name":"skill1_10"},{"time":1.4333,"name":"skill1_11"},{"time":1.7666,"name":"skill1_11"}]}},"bones":{"MAIN":{"translate":[{"time":0.1666,"x":0,"y":0,"curve":"stepped"},{"time":0.2666,"x":0,"y":7.74,"curve":"stepped"},{"time":0.3333,"x":-10,"y":0,"curve":[0.151,0.31,0.75,1]},{"time":0.5333,"x":-15,"y":0}]},"wave2":{"translate":[{"time":0.3333,"x":-479.2,"y":333.06,"curve":"stepped"},{"time":1.2,"x":-539.47,"y":333.06}],"scale":[{"time":0.3333,"x":2.997,"y":2.997,"curve":"stepped"},{"time":0.6,"x":2.997,"y":2.997},{"time":0.7,"x":3.666,"y":3.666,"curve":"stepped"},{"time":1.2,"x":3,"y":3}]},"wave3":{"translate":[{"time":1.2666,"x":-696.08,"y":388.16}],"scale":[{"time":1.2666,"x":3,"y":3}]},"DAMAGEAREA":{"translate":[{"time":0.2666,"x":-59.01,"y":62.86},{"time":1.1333,"x":-118.09,"y":62.86,"curve":[0.245,0.79,0.75,1]},{"time":1.3666,"x":-288.75,"y":62.86}],"scale":[{"time":0.2666,"x":2.424,"y":0.615}]}},"drawOrder":[{"time":0.1666,"offsets":[{"slot":"MAIN","offset":3}]}],"events":[{"time":0.1666,"name":"Event","string":"addOrbitSystem_dash"},{"time":0.2,"name":"Event","string":"runScript-pause"},{"time":0.2333,"name":"Event","float":0.1,"string":"kHitStopType_enemyonly"},{"time":0.2666,"name":"Event","string":"kImpactType_up"},{"time":0.2666,"name":"Sound1","string":"cri_se_battle_018_sword_hit_02"},{"time":0.2666,"name":"Sound2","string":"cri_se_battle_hard_hit"},{"time":0.2666,"name":"Sound3","string":"cri_se_battle_explosion_water_02"},{"time":0.3,"name":"Event","string":"shakeGround"},{"time":0.3666,"name":"Hit","string":"resetHitList"},{"time":0.4333,"name":"Hit","string":"resetHitList"},{"time":0.5,"name":"Hit","string":"resetHitList"},{"time":0.9666,"name":"Voice","string":"cri_103_voice_skill_all"},{"time":1.0666,"name":"Event","string":"setForceImpact(1)"},{"time":1.1,"name":"Sound2","string":"cri_se_battle_hard_hit"},{"time":1.1,"name":"Sound3","string":"cri_se_battle_explosion_water_02"},{"time":1.1333,"name":"Event","int":90,"string":"kImpactType_knock"},{"time":1.2,"name":"Hit","string":"resetHitList"},{"time":1.2,"name":"Sound2","string":"cri_se_battle_hard_hit"},{"time":1.2,"name":"Sound3","string":"cri_se_battle_explosion_water_01"},{"time":1.2333,"name":"Event","string":"shakeGround"},{"time":1.2666,"name":"Hit","string":"resetHitList"},{"time":1.3333,"name":"Event","string":"shakeGround"},{"time":1.3333,"name":"Hit","string":"resetHitList"},{"time":1.4,"name":"Hit","string":"resetHitList"},{"time":1.4666,"name":"Hit","string":"resetHitList"}]},"skill2":{"slots":{"DAMAGEAREA":{"attachment":[{"time":0.2666,"name":"DAMAGEAREA"},{"time":0.3333,"name":null},{"time":2.5333,"name":"DAMAGEAREA"},{"time":3.4333,"name":null}]},"EF/5110_S1_wave1/5110_S1_wave1_0":{"attachment":[{"time":0.2666,"name":"EF/5110_S1_wave1/5110_S1_wave1_00001"},{"time":0.3,"name":"EF/5110_S1_wave1/5110_S1_wave1_00002"},{"time":0.3333,"name":"EF/5110_S1_wave1/5110_S1_wave1_00003"},{"time":0.3666,"name":"EF/5110_S1_wave1/5110_S1_wave1_00004"},{"time":0.4,"name":"EF/5110_S1_wave1/5110_S1_wave1_00005"},{"time":0.4333,"name":"EF/5110_S1_wave1/5110_S1_wave1_00006"},{"time":0.4666,"name":"EF/5110_S1_wave1/5110_S1_wave1_00007"},{"time":0.5,"name":"EF/5110_S1_wave1/5110_S1_wave1_00008"},{"time":0.5333,"name":"EF/5110_S1_wave1/5110_S1_wave1_00009"},{"time":2.6666,"name":"EF/5110_S1_wave1/5110_S1_wave1_00001"},{"time":2.7,"name":"EF/5110_S1_wave1/5110_S1_wave1_00002"},{"time":2.7333,"name":"EF/5110_S1_wave1/5110_S1_wave1_00003"},{"time":2.7666,"name":"EF/5110_S1_wave1/5110_S1_wave1_00004"},{"time":2.8,"name":"EF/5110_S1_wave1/5110_S1_wave1_00005"},{"time":2.8333,"name":"EF/5110_S1_wave1/5110_S1_wave1_00006"},{"time":2.8666,"name":"EF/5110_S1_wave1/5110_S1_wave1_00007"},{"time":2.9,"name":"EF/5110_S1_wave1/5110_S1_wave1_00008"},{"time":2.9333,"name":"EF/5110_S1_wave1/5110_S1_wave1_00009"},{"time":2.9666,"name":"EF/5110_S1_wave1/5110_S1_wave1_00010"},{"time":3,"name":null},{"time":3.1666,"name":"EF/5110_S1_wave1/5110_S1_wave1_00001"},{"time":3.2,"name":"EF/5110_S1_wave1/5110_S1_wave1_00002"},{"time":3.2333,"name":"EF/5110_S1_wave1/5110_S1_wave1_00003"},{"time":3.2666,"name":"EF/5110_S1_wave1/5110_S1_wave1_00004"},{"time":3.3,"name":"EF/5110_S1_wave1/5110_S1_wave1_00005"},{"time":3.3333,"name":"EF/5110_S1_wave1/5110_S1_wave1_00006"},{"time":3.3666,"name":"EF/5110_S1_wave1/5110_S1_wave1_00007"},{"time":3.4,"name":"EF/5110_S1_wave1/5110_S1_wave1_00008"},{"time":3.4333,"name":"EF/5110_S1_wave1/5110_S1_wave1_00009"},{"time":3.4666,"name":"EF/5110_S1_wave1/5110_S1_wave1_00010"},{"time":3.5,"name":null}],"color":[{"time":0.5333,"color":"ffffffff"},{"time":0.6333,"color":"ffffff00","curve":"stepped"},{"time":2.6666,"color":"ffffffff"}]},"EF/5110_S1_wave1/5110_S1_wave1_00000":{"attachment":[{"time":0.7666,"name":"EF/5110_S1_wave1/5110_S1_wave1_00001"},{"time":0.8,"name":"EF/5110_S1_wave1/5110_S1_wave1_00002"},{"time":0.8333,"name":"EF/5110_S1_wave1/5110_S1_wave1_00003"},{"time":0.8666,"name":"EF/5110_S1_wave1/5110_S1_wave1_00004"},{"time":0.9,"name":"EF/5110_S1_wave1/5110_S1_wave1_00005"},{"time":0.9333,"name":"EF/5110_S1_wave1/5110_S1_wave1_00006"},{"time":0.9666,"name":"EF/5110_S1_wave1/5110_S1_wave1_00007"},{"time":1,"name":"EF/5110_S1_wave1/5110_S1_wave1_00008"},{"time":1.0333,"name":"EF/5110_S1_wave1/5110_S1_wave1_00009"},{"time":1.0666,"name":"EF/5110_S1_wave1/5110_S1_wave1_00010"},{"time":1.3,"name":"EF/5110_S1_wave1/5110_S1_wave1_00001"},{"time":1.3333,"name":"EF/5110_S1_wave1/5110_S1_wave1_00002"},{"time":1.3666,"name":"EF/5110_S1_wave1/5110_S1_wave1_00003"},{"time":1.4,"name":"EF/5110_S1_wave1/5110_S1_wave1_00004"},{"time":1.4333,"name":"EF/5110_S1_wave1/5110_S1_wave1_00005"},{"time":1.4666,"name":"EF/5110_S1_wave1/5110_S1_wave1_00006"},{"time":1.5,"name":"EF/5110_S1_wave1/5110_S1_wave1_00007"},{"time":1.5333,"name":"EF/5110_S1_wave1/5110_S1_wave1_00008"},{"time":1.5666,"name":"EF/5110_S1_wave1/5110_S1_wave1_00009"},{"time":1.6,"name":"EF/5110_S1_wave1/5110_S1_wave1_00010"},{"time":2.5,"name":"EF/5110_S1_wave1/5110_S1_wave1_00001"},{"time":2.5333,"name":"EF/5110_S1_wave1/5110_S1_wave1_00002"},{"time":2.5666,"name":"EF/5110_S1_wave1/5110_S1_wave1_00003"},{"time":2.6,"name":"EF/5110_S1_wave1/5110_S1_wave1_00004"},{"time":2.6333,"name":"EF/5110_S1_wave1/5110_S1_wave1_00005"},{"time":2.6666,"name":"EF/5110_S1_wave1/5110_S1_wave1_00006"},{"time":2.7,"name":"EF/5110_S1_wave1/5110_S1_wave1_00007"},{"time":2.7333,"name":"EF/5110_S1_wave1/5110_S1_wave1_00008"},{"time":2.7666,"name":"EF/5110_S1_wave1/5110_S1_wave1_00009"},{"time":2.8,"name":"EF/5110_S1_wave1/5110_S1_wave1_00010"},{"time":2.8333,"name":null},{"time":3,"name":"EF/5110_S1_wave1/5110_S1_wave1_00001"},{"time":3.0333,"name":"EF/5110_S1_wave1/5110_S1_wave1_00002"},{"time":3.0666,"name":"EF/5110_S1_wave1/5110_S1_wave1_00003"},{"time":3.1,"name":"EF/5110_S1_wave1/5110_S1_wave1_00004"},{"time":3.1333,"name":"EF/5110_S1_wave1/5110_S1_wave1_00005"},{"time":3.1666,"name":"EF/5110_S1_wave1/5110_S1_wave1_00006"},{"time":3.2,"name":"EF/5110_S1_wave1/5110_S1_wave1_00007"},{"time":3.2333,"name":"EF/5110_S1_wave1/5110_S1_wave1_00008"},{"time":3.2666,"name":"EF/5110_S1_wave1/5110_S1_wave1_00009"},{"time":3.3,"name":"EF/5110_S1_wave1/5110_S1_wave1_00010"},{"time":3.3333,"name":null}],"color":[{"time":0.7666,"color":"ffffff46"},{"time":0.8333,"color":"ffffffff","curve":"stepped"},{"time":1.0666,"color":"ffffffff"},{"time":1.1666,"color":"ffffff00","curve":"stepped"},{"time":1.3,"color":"ffffffff","curve":"stepped"},{"time":1.6,"color":"ffffffff"},{"time":1.7,"color":"ffffff00","curve":"stepped"},{"time":2.5,"color":"ffffffff"}]},"EF/5110_S1_wave1/5110_S1_wave1_1":{"attachment":[{"time":2.8333,"name":"EF/5110_S1_wave1/5110_S1_wave1_00001"},{"time":2.8666,"name":"EF/5110_S1_wave1/5110_S1_wave1_00002"},{"time":2.9,"name":"EF/5110_S1_wave1/5110_S1_wave1_00003"},{"time":2.9333,"name":"EF/5110_S1_wave1/5110_S1_wave1_00004"},{"time":2.9666,"name":"EF/5110_S1_wave1/5110_S1_wave1_00005"},{"time":3,"name":"EF/5110_S1_wave1/5110_S1_wave1_00006"},{"time":3.0333,"name":"EF/5110_S1_wave1/5110_S1_wave1_00007"},{"time":3.0666,"name":"EF/5110_S1_wave1/5110_S1_wave1_00008"},{"time":3.1,"name":"EF/5110_S1_wave1/5110_S1_wave1_00009"},{"time":3.1333,"name":"EF/5110_S1_wave1/5110_S1_wave1_00010"},{"time":3.1666,"name":null},{"time":3.3333,"name":"EF/5110_S1_wave1/5110_S1_wave1_00001"},{"time":3.3666,"name":"EF/5110_S1_wave1/5110_S1_wave1_00002"},{"time":3.4,"name":"EF/5110_S1_wave1/5110_S1_wave1_00003"},{"time":3.4333,"name":"EF/5110_S1_wave1/5110_S1_wave1_00004"},{"time":3.4666,"name":"EF/5110_S1_wave1/5110_S1_wave1_00005"},{"time":3.5,"name":"EF/5110_S1_wave1/5110_S1_wave1_00006"},{"time":3.5333,"name":"EF/5110_S1_wave1/5110_S1_wave1_00007"},{"time":3.5666,"name":"EF/5110_S1_wave1/5110_S1_wave1_00008"},{"time":3.6,"name":"EF/5110_S1_wave1/5110_S1_wave1_00009"},{"time":3.6333,"name":"EF/5110_S1_wave1/5110_S1_wave1_00010"},{"time":3.6666,"name":null}]},"EF/EF_aura_Dot/B_grass_aura_1":{"attachment":[{"time":0.7666,"name":"EF/EF_aura_Dot/B_grass_aura_1"},{"time":0.8,"name":"EF/EF_aura_Dot/B_grass_aura_2"},{"time":0.8333,"name":"EF/EF_aura_Dot/B_grass_aura_3"},{"time":0.8666,"name":"EF/EF_aura_Dot/B_grass_aura_1"},{"time":0.9,"name":"EF/EF_aura_Dot/B_grass_aura_2"},{"time":0.9333,"name":"EF/EF_aura_Dot/B_grass_aura_3"},{"time":0.9666,"name":"EF/EF_aura_Dot/B_grass_aura_1"},{"time":1,"name":"EF/EF_aura_Dot/B_grass_aura_2"},{"time":1.0333,"name":"EF/EF_aura_Dot/B_grass_aura_3"},{"time":1.0666,"name":"EF/EF_aura_Dot/B_grass_aura_1"},{"time":1.1,"name":"EF/EF_aura_Dot/B_grass_aura_2"},{"time":1.1333,"name":"EF/EF_aura_Dot/B_grass_aura_3"},{"time":1.1666,"name":"EF/EF_aura_Dot/B_grass_aura_1"},{"time":1.2,"name":"EF/EF_aura_Dot/B_grass_aura_2"},{"time":1.2333,"name":"EF/EF_aura_Dot/B_grass_aura_3"},{"time":1.2666,"name":"EF/EF_aura_Dot/B_grass_aura_1"},{"time":1.3,"name":"EF/EF_aura_Dot/B_grass_aura_2"},{"time":1.3333,"name":"EF/EF_aura_Dot/B_grass_aura_3"},{"time":1.3666,"name":"EF/EF_aura_Dot/B_grass_aura_1"},{"time":1.4,"name":"EF/EF_aura_Dot/B_grass_aura_2"},{"time":1.4333,"name":"EF/EF_aura_Dot/B_grass_aura_3"},{"time":1.4666,"name":"EF/EF_aura_Dot/B_grass_aura_1"},{"time":1.5,"name":"EF/EF_aura_Dot/B_grass_aura_2"},{"time":1.5333,"name":"EF/EF_aura_Dot/B_grass_aura_3"},{"time":1.5666,"name":"EF/EF_aura_Dot/B_grass_aura_1"},{"time":1.6,"name":"EF/EF_aura_Dot/B_grass_aura_2"},{"time":1.6333,"name":"EF/EF_aura_Dot/B_grass_aura_3"},{"time":1.6666,"name":"EF/EF_aura_Dot/B_grass_aura_1"},{"time":1.7,"name":"EF/EF_aura_Dot/B_grass_aura_2"},{"time":1.7333,"name":"EF/EF_aura_Dot/B_grass_aura_3"},{"time":1.7666,"name":"EF/EF_aura_Dot/B_grass_aura_1"}],"color":[{"time":0.7666,"color":"ffffff4c"},{"time":1.2,"color":"ffffffff","curve":"stepped"},{"time":1.7,"color":"ffffffff"},{"time":1.7666,"color":"ffffff00"}]},"EF/EF_aura_Dot/F_grass_aura_1":{"attachment":[{"time":0.7666,"name":"EF/EF_aura_Dot/F_grass_aura_1"},{"time":0.8,"name":"EF/EF_aura_Dot/F_grass_aura_2"},{"time":0.8333,"name":"EF/EF_aura_Dot/F_grass_aura_3"},{"time":0.8666,"name":"EF/EF_aura_Dot/F_grass_aura_1"},{"time":0.9,"name":"EF/EF_aura_Dot/F_grass_aura_2"},{"time":0.9333,"name":"EF/EF_aura_Dot/F_grass_aura_3"},{"time":0.9666,"name":"EF/EF_aura_Dot/F_grass_aura_1"},{"time":1,"name":"EF/EF_aura_Dot/F_grass_aura_2"},{"time":1.0333,"name":"EF/EF_aura_Dot/F_grass_aura_3"},{"time":1.0666,"name":"EF/EF_aura_Dot/F_grass_aura_1"},{"time":1.1,"name":"EF/EF_aura_Dot/F_grass_aura_2"},{"time":1.1333,"name":"EF/EF_aura_Dot/F_grass_aura_3"},{"time":1.1666,"name":"EF/EF_aura_Dot/F_grass_aura_1"},{"time":1.2,"name":"EF/EF_aura_Dot/F_grass_aura_2"},{"time":1.2333,"name":"EF/EF_aura_Dot/F_grass_aura_3"},{"time":1.2666,"name":"EF/EF_aura_Dot/F_grass_aura_1"},{"time":1.3,"name":"EF/EF_aura_Dot/F_grass_aura_2"},{"time":1.3333,"name":"EF/EF_aura_Dot/F_grass_aura_3"},{"time":1.3666,"name":"EF/EF_aura_Dot/F_grass_aura_1"},{"time":1.4,"name":"EF/EF_aura_Dot/F_grass_aura_2"},{"time":1.4333,"name":"EF/EF_aura_Dot/F_grass_aura_3"},{"time":1.4666,"name":"EF/EF_aura_Dot/F_grass_aura_1"},{"time":1.5,"name":"EF/EF_aura_Dot/F_grass_aura_2"},{"time":1.5333,"name":"EF/EF_aura_Dot/F_grass_aura_3"},{"time":1.5666,"name":"EF/EF_aura_Dot/F_grass_aura_1"},{"time":1.6,"name":"EF/EF_aura_Dot/F_grass_aura_2"},{"time":1.6333,"name":"EF/EF_aura_Dot/F_grass_aura_3"},{"time":1.6666,"name":"EF/EF_aura_Dot/F_grass_aura_1"},{"time":1.7,"name":"EF/EF_aura_Dot/F_grass_aura_2"},{"time":1.7333,"name":"EF/EF_aura_Dot/F_grass_aura_3"},{"time":1.7666,"name":"EF/EF_aura_Dot/F_grass_aura_1"}],"color":[{"time":0.7666,"color":"ffffff4c"},{"time":1.2,"color":"ffffffff","curve":"stepped"},{"time":1.7,"color":"ffffffff"},{"time":1.7666,"color":"ffffff00"}]},"MAIN":{"attachment":[{"time":0.1666,"name":"front_00"},{"time":0.2333,"name":"attack3_00"},{"time":0.2666,"name":"attack3_01"},{"time":0.3,"name":"attack3_03"},{"time":0.3333,"name":"attack3_04"},{"time":0.4,"name":"attack3_05"},{"time":0.5,"name":"attack3_06"},{"time":0.6,"name":"skill2_08"},{"time":0.6666,"name":"attack2_07"},{"time":0.7333,"name":"skill2_07"},{"time":0.8,"name":"skill2_00"},{"time":0.8666,"name":"skill2_01"},{"time":0.9333,"name":"skill2_02"},{"time":1,"name":"skill2_00"},{"time":1.0666,"name":"skill2_01"},{"time":1.1333,"name":"skill2_02"},{"time":1.2,"name":"skill2_00"},{"time":1.2666,"name":"skill2_01"},{"time":1.3333,"name":"skill2_02"},{"time":1.4,"name":"skill2_00"},{"time":1.4666,"name":"skill2_01"},{"time":1.5333,"name":"skill2_02"},{"time":1.6,"name":"skill2_00"},{"time":1.6666,"name":"skill2_01"},{"time":1.7333,"name":"skill2_02"},{"time":1.8,"name":"skill2_00"},{"time":1.9333,"name":"skill2_03"},{"time":1.9666,"name":"skill2_04"},{"time":2.0333,"name":"skill2_05"},{"time":2.1,"name":"skill2_06"},{"time":2.2,"name":"skill2_07"},{"time":2.5,"name":"skill2_08"},{"time":2.5333,"name":"skill2_09"},{"time":2.5666,"name":"skill2_10"},{"time":2.6,"name":"skill2_11"},{"time":2.6333,"name":"skill2_09"},{"time":2.6666,"name":"skill2_10"},{"time":2.7,"name":"skill2_11"},{"time":2.7333,"name":"skill2_09"},{"time":2.7666,"name":"skill2_10"},{"time":2.8,"name":"skill2_11"},{"time":2.8333,"name":"skill2_09"},{"time":2.8666,"name":"skill2_10"},{"time":2.9,"name":"skill2_11"},{"time":2.9333,"name":"skill2_09"},{"time":2.9666,"name":"skill2_10"},{"time":3,"name":"skill2_11"},{"time":3.0333,"name":"skill2_09"},{"time":3.0666,"name":"skill2_10"},{"time":3.1,"name":"skill2_11"},{"time":3.1333,"name":"skill2_09"},{"time":3.1666,"name":"skill2_10"},{"time":3.2,"name":"skill2_11"},{"time":3.2333,"name":"skill2_09"},{"time":3.2666,"name":"skill2_10"},{"time":3.3,"name":"skill2_11"},{"time":3.3333,"name":"skill2_09"},{"time":3.3666,"name":"skill2_10"},{"time":3.4,"name":"skill2_11"},{"time":3.4333,"name":"skill2_09"},{"time":3.5,"name":"skill2_10"},{"time":3.5666,"name":"skill2_11"},{"time":3.6333,"name":"skill2_12"},{"time":3.7,"name":"skill2_13"},{"time":3.7666,"name":"skill2_14"},{"time":3.8333,"name":"skill2_15"}]}},"bones":{"MAIN":{"translate":[{"time":0.1666,"x":0,"y":0,"curve":"stepped"},{"time":0.2666,"x":0,"y":7.74,"curve":"stepped"},{"time":0.3333,"x":-10,"y":0,"curve":[0.151,0.31,0.75,1]},{"time":0.5333,"x":-15,"y":0,"curve":"stepped"},{"time":0.8,"x":8,"y":0,"curve":"stepped"},{"time":1.9333,"x":5,"y":0,"curve":"stepped"},{"time":2.5333,"x":-46,"y":0,"curve":[0.25,0,0.75,1]},{"time":2.6333,"x":-53,"y":0}]},"wave2":{"translate":[{"time":0.2666,"x":-479.2,"y":333.06,"curve":"stepped"},{"time":2.6666,"x":-337.77,"y":334.48}],"scale":[{"time":0.2666,"x":2.997,"y":2.997,"curve":"stepped"},{"time":0.5333,"x":2.997,"y":2.997},{"time":0.6333,"x":3.666,"y":3.666,"curve":"stepped"},{"time":2.6666,"x":2.666,"y":2.666}]},"S2_EF_aura":{"translate":[{"time":0.7666,"x":-460.51,"y":292.54}],"scale":[{"time":0.7666,"x":1.499,"y":1.499}]},"wave1":{"translate":[{"time":0.7666,"x":-301.46,"y":280.76,"curve":"stepped"},{"time":2.5,"x":-337.49,"y":275.32}],"scale":[{"time":0.7666,"x":1.803,"y":1.803,"curve":"stepped"},{"time":1.0666,"x":1.803,"y":1.803,"curve":[0.25,0,0.75,1]},{"time":1.1666,"x":2,"y":2,"curve":"stepped"},{"time":1.3,"x":1.803,"y":1.803,"curve":"stepped"},{"time":1.6,"x":1.803,"y":1.803,"curve":[0.25,0,0.75,1]},{"time":1.7,"x":2,"y":2,"curve":"stepped"},{"time":2.5,"x":2.666,"y":2.666}]},"wave3":{"translate":[{"time":2.8333,"x":-337.2,"y":391.71}],"scale":[{"time":2.8333,"x":2.666,"y":2.666}]},"DAMAGEAREA":{"translate":[{"time":0.2666,"x":-72.07,"y":102.95},{"time":2.5333,"x":-206.11,"y":252.31}],"scale":[{"time":0.2666,"x":2.464,"y":1},{"time":2.5333,"x":2.022,"y":6.175}]}},"drawOrder":[{"time":0.1666,"offsets":[{"slot":"MAIN","offset":3}]},{"time":0.8333,"offsets":[{"slot":"MAIN","offset":3}]},{"time":0.9,"offsets":[{"slot":"MAIN","offset":3}]}],"events":[{"time":0.1666,"name":"Event","string":"addOrbitSystem_dash"},{"time":0.1666,"name":"Voice","string":"cri_103_voice_fullarts_now"},{"time":0.2,"name":"Event","string":"runScript-pause"},{"time":0.2333,"name":"Event","float":3,"string":"kHitStopType_enemyonly"},{"time":0.2666,"name":"Event","string":"kImpactType_up"},{"time":0.2666,"name":"Sound1","string":"cri_se_battle_explosion_water_02"},{"time":0.2666,"name":"Sound2","string":"cri_se_battle_018_sword_hit_02"},{"time":0.2666,"name":"Sound3","string":"cri_se_battle_hard_hit"},{"time":0.3,"name":"Event","string":"shakeGround"},{"time":0.4,"name":"Event","float":0.1,"string":"kHitStopType_enemyonly"},{"time":0.5,"name":"Event","float":0.1,"string":"kHitStopType_enemyonly"},{"time":0.7666,"name":"Sound1","string":"cri_se_battle_charge"},{"time":2.2,"name":"Voice","string":"cri_103_voice_fullarts_rank2"},{"time":2.4333,"name":"Event","string":"setHitBackEnemy(0,15)"},{"time":2.5,"name":"Sound1","string":"cri_se_battle_skill_elxplosion"},{"time":2.5,"name":"Sound2","string":"cri_se_battle_explosion_water_01"},{"time":2.5,"name":"Sound3","string":"cri_se_battle_hard_hit"},{"time":2.5666,"name":"Event","float":1,"string":"shakeGround-Loop"},{"time":2.5666,"name":"Hit","string":"resetHitList"},{"time":2.6,"name":"Hit","string":"resetHitList"},{"time":2.6333,"name":"Hit","string":"resetHitList"},{"time":2.6666,"name":"Hit","string":"resetHitList"},{"time":2.7,"name":"Hit","string":"resetHitList"},{"time":2.7333,"name":"Hit","string":"resetHitList"},{"time":2.7666,"name":"Hit","string":"resetHitList"},{"time":2.8,"name":"Hit","string":"resetHitList"},{"time":2.8333,"name":"Hit","string":"resetHitList"},{"time":2.8666,"name":"Hit","string":"resetHitList"},{"time":2.9,"name":"Hit","string":"resetHitList"},{"time":2.9333,"name":"Hit","string":"resetHitList"},{"time":2.9666,"name":"Hit","string":"resetHitList"},{"time":3,"name":"Hit","string":"resetHitList"},{"time":3.0333,"name":"Hit","string":"resetHitList"},{"time":3.0666,"name":"Hit","string":"resetHitList"},{"time":3.1,"name":"Hit","string":"resetHitList"},{"time":3.1333,"name":"Hit","string":"resetHitList"},{"time":3.1666,"name":"Hit","string":"resetHitList"},{"time":3.2,"name":"Hit","string":"resetHitList"},{"time":3.2333,"name":"Hit","string":"resetHitList"},{"time":3.2666,"name":"Hit","string":"resetHitList"},{"time":3.3,"name":"Hit","string":"resetHitList"},{"time":3.3333,"name":"Hit","string":"resetHitList"},{"time":3.3666,"name":"Hit","string":"resetHitList"},{"time":3.4,"name":"Hit","string":"resetHitList"}]},"skill4":{"slots":{"EF/5110_S1_wave1/5110_S1_wave1_0":{"color":[{"time":0.0333,"color":"ffffff00"}]},"EF/5110_S1_wave1/5110_S1_wave1_00000":{"attachment":[{"time":0.1666,"name":"EF/5110_S1_wave1/5110_S1_wave1_00001"},{"time":0.2,"name":"EF/5110_S1_wave1/5110_S1_wave1_00002"},{"time":0.2333,"name":"EF/5110_S1_wave1/5110_S1_wave1_00003"},{"time":0.2666,"name":"EF/5110_S1_wave1/5110_S1_wave1_00004"},{"time":0.3,"name":"EF/5110_S1_wave1/5110_S1_wave1_00005"},{"time":0.3333,"name":"EF/5110_S1_wave1/5110_S1_wave1_00006"},{"time":0.3666,"name":"EF/5110_S1_wave1/5110_S1_wave1_00007"},{"time":0.4,"name":"EF/5110_S1_wave1/5110_S1_wave1_00008"},{"time":0.4333,"name":"EF/5110_S1_wave1/5110_S1_wave1_00009"},{"time":0.4666,"name":"EF/5110_S1_wave1/5110_S1_wave1_00010"}],"color":[{"time":0.1666,"color":"ffffff46"},{"time":0.2333,"color":"ffffffff","curve":"stepped"},{"time":0.4666,"color":"ffffffff"},{"time":0.5666,"color":"ffffff00"}]},"EF/EF_aura_Dot/B_grass_aura_1":{"attachment":[{"time":0.1666,"name":"EF/EF_aura_Dot/B_grass_aura_1"},{"time":0.2,"name":"EF/EF_aura_Dot/B_grass_aura_2"},{"time":0.2333,"name":"EF/EF_aura_Dot/B_grass_aura_3"},{"time":0.2666,"name":"EF/EF_aura_Dot/B_grass_aura_1"},{"time":0.3,"name":"EF/EF_aura_Dot/B_grass_aura_2"},{"time":0.3333,"name":"EF/EF_aura_Dot/B_grass_aura_3"},{"time":0.3666,"name":"EF/EF_aura_Dot/B_grass_aura_1"},{"time":0.4,"name":"EF/EF_aura_Dot/B_grass_aura_2"},{"time":0.4333,"name":"EF/EF_aura_Dot/B_grass_aura_3"},{"time":0.4666,"name":"EF/EF_aura_Dot/B_grass_aura_1"},{"time":0.5,"name":"EF/EF_aura_Dot/B_grass_aura_2"},{"time":0.5333,"name":"EF/EF_aura_Dot/B_grass_aura_3"},{"time":0.5666,"name":"EF/EF_aura_Dot/B_grass_aura_1"},{"time":0.6,"name":"EF/EF_aura_Dot/B_grass_aura_2"},{"time":0.6333,"name":"EF/EF_aura_Dot/B_grass_aura_3"},{"time":0.6666,"name":"EF/EF_aura_Dot/B_grass_aura_1"},{"time":0.7,"name":"EF/EF_aura_Dot/B_grass_aura_2"},{"time":0.7333,"name":"EF/EF_aura_Dot/B_grass_aura_3"},{"time":0.7666,"name":"EF/EF_aura_Dot/B_grass_aura_1"},{"time":0.8,"name":"EF/EF_aura_Dot/B_grass_aura_2"},{"time":0.8333,"name":"EF/EF_aura_Dot/B_grass_aura_3"},{"time":0.8666,"name":"EF/EF_aura_Dot/B_grass_aura_1"},{"time":0.9,"name":"EF/EF_aura_Dot/B_grass_aura_2"},{"time":0.9333,"name":"EF/EF_aura_Dot/B_grass_aura_3"},{"time":0.9666,"name":"EF/EF_aura_Dot/B_grass_aura_1"},{"time":1,"name":"EF/EF_aura_Dot/B_grass_aura_2"}],"color":[{"time":0.1666,"color":"ffffff4c"},{"time":0.6,"color":"ffffffff"}]},"EF/EF_aura_Dot/F_grass_aura_1":{"attachment":[{"time":0.1666,"name":"EF/EF_aura_Dot/F_grass_aura_1"},{"time":0.2,"name":"EF/EF_aura_Dot/F_grass_aura_2"},{"time":0.2333,"name":"EF/EF_aura_Dot/F_grass_aura_3"},{"time":0.2666,"name":"EF/EF_aura_Dot/F_grass_aura_1"},{"time":0.3,"name":"EF/EF_aura_Dot/F_grass_aura_2"},{"time":0.3333,"name":"EF/EF_aura_Dot/F_grass_aura_3"},{"time":0.3666,"name":"EF/EF_aura_Dot/F_grass_aura_1"},{"time":0.4,"name":"EF/EF_aura_Dot/F_grass_aura_2"},{"time":0.4333,"name":"EF/EF_aura_Dot/F_grass_aura_3"},{"time":0.4666,"name":"EF/EF_aura_Dot/F_grass_aura_1"},{"time":0.5,"name":"EF/EF_aura_Dot/F_grass_aura_2"},{"time":0.5333,"name":"EF/EF_aura_Dot/F_grass_aura_3"},{"time":0.5666,"name":"EF/EF_aura_Dot/F_grass_aura_1"},{"time":0.6,"name":"EF/EF_aura_Dot/F_grass_aura_2"},{"time":0.6333,"name":"EF/EF_aura_Dot/F_grass_aura_3"},{"time":0.6666,"name":"EF/EF_aura_Dot/F_grass_aura_1"},{"time":0.7,"name":"EF/EF_aura_Dot/F_grass_aura_2"},{"time":0.7333,"name":"EF/EF_aura_Dot/F_grass_aura_3"},{"time":0.7666,"name":"EF/EF_aura_Dot/F_grass_aura_1"},{"time":0.8,"name":"EF/EF_aura_Dot/F_grass_aura_2"},{"time":0.8333,"name":"EF/EF_aura_Dot/F_grass_aura_3"},{"time":0.8666,"name":"EF/EF_aura_Dot/F_grass_aura_1"},{"time":0.9,"name":"EF/EF_aura_Dot/F_grass_aura_2"},{"time":0.9333,"name":"EF/EF_aura_Dot/F_grass_aura_3"},{"time":0.9666,"name":"EF/EF_aura_Dot/F_grass_aura_1"},{"time":1,"name":"EF/EF_aura_Dot/F_grass_aura_2"}],"color":[{"time":0.1666,"color":"ffffff4c"},{"time":0.6,"color":"ffffffff"}]},"MAIN":{"attachment":[{"time":0,"name":"skill2_08"},{"time":0.0666,"name":"attack2_07"},{"time":0.1333,"name":"skill2_07"},{"time":0.2,"name":"skill2_00"},{"time":0.2666,"name":"skill2_01"},{"time":0.3333,"name":"skill2_02"},{"time":0.4,"name":"skill2_00"},{"time":0.4666,"name":"skill2_01"},{"time":0.5333,"name":"skill2_02"},{"time":0.6,"name":"skill2_00"},{"time":0.6666,"name":"skill2_01"},{"time":0.7333,"name":"skill2_02"},{"time":0.8,"name":"skill2_00"},{"time":0.8666,"name":"skill2_01"},{"time":0.9333,"name":"skill2_02"},{"time":1,"name":"skill2_00"}]}},"bones":{"MAIN":{"translate":[{"time":0.2,"x":8,"y":0}]},"wave2":{"scale":[{"time":0.0333,"x":3.666,"y":3.666}]},"S2_EF_aura":{"translate":[{"time":0.1666,"x":-460.51,"y":292.54}],"scale":[{"time":0.1666,"x":1.499,"y":1.499}]},"wave1":{"translate":[{"time":0.1666,"x":-301.46,"y":280.76}],"scale":[{"time":0.1666,"x":1.803,"y":1.803,"curve":"stepped"},{"time":0.4666,"x":1.803,"y":1.803,"curve":[0.25,0,0.75,1]},{"time":0.5666,"x":2,"y":2}]}},"drawOrder":[{"time":0.2333,"offsets":[{"slot":"MAIN","offset":3}]},{"time":0.3,"offsets":[{"slot":"MAIN","offset":3}]}],"events":[{"time":0.1666,"name":"Sound1","string":"cri_se_battle_charge"},{"time":1,"name":"Event","string":"runScript-chargeEnd"}]},"skill5":{"slots":{"DAMAGEAREA":{"attachment":[{"time":0.6,"name":"DAMAGEAREA"},{"time":1.5,"name":null}]},"EF/5110_S1_wave1/5110_S1_wave1_0":{"attachment":[{"time":0.7333,"name":"EF/5110_S1_wave1/5110_S1_wave1_00001"},{"time":0.7666,"name":"EF/5110_S1_wave1/5110_S1_wave1_00002"},{"time":0.8,"name":"EF/5110_S1_wave1/5110_S1_wave1_00003"},{"time":0.8333,"name":"EF/5110_S1_wave1/5110_S1_wave1_00004"},{"time":0.8666,"name":"EF/5110_S1_wave1/5110_S1_wave1_00005"},{"time":0.9,"name":"EF/5110_S1_wave1/5110_S1_wave1_00006"},{"time":0.9333,"name":"EF/5110_S1_wave1/5110_S1_wave1_00007"},{"time":0.9666,"name":"EF/5110_S1_wave1/5110_S1_wave1_00008"},{"time":1,"name":"EF/5110_S1_wave1/5110_S1_wave1_00009"},{"time":1.0333,"name":"EF/5110_S1_wave1/5110_S1_wave1_00010"},{"time":1.0666,"name":null},{"time":1.2333,"name":"EF/5110_S1_wave1/5110_S1_wave1_00001"},{"time":1.2666,"name":"EF/5110_S1_wave1/5110_S1_wave1_00002"},{"time":1.3,"name":"EF/5110_S1_wave1/5110_S1_wave1_00003"},{"time":1.3333,"name":"EF/5110_S1_wave1/5110_S1_wave1_00004"},{"time":1.3666,"name":"EF/5110_S1_wave1/5110_S1_wave1_00005"},{"time":1.4,"name":"EF/5110_S1_wave1/5110_S1_wave1_00006"},{"time":1.4333,"name":"EF/5110_S1_wave1/5110_S1_wave1_00007"},{"time":1.4666,"name":"EF/5110_S1_wave1/5110_S1_wave1_00008"},{"time":1.5,"name":"EF/5110_S1_wave1/5110_S1_wave1_00009"},{"time":1.5333,"name":"EF/5110_S1_wave1/5110_S1_wave1_00010"},{"time":1.5666,"name":null}],"color":[{"time":0.7333,"color":"ffffffff"}]},"EF/5110_S1_wave1/5110_S1_wave1_00000":{"attachment":[{"time":0.5666,"name":"EF/5110_S1_wave1/5110_S1_wave1_00001"},{"time":0.6,"name":"EF/5110_S1_wave1/5110_S1_wave1_00002"},{"time":0.6333,"name":"EF/5110_S1_wave1/5110_S1_wave1_00003"},{"time":0.6666,"name":"EF/5110_S1_wave1/5110_S1_wave1_00004"},{"time":0.7,"name":"EF/5110_S1_wave1/5110_S1_wave1_00005"},{"time":0.7333,"name":"EF/5110_S1_wave1/5110_S1_wave1_00006"},{"time":0.7666,"name":"EF/5110_S1_wave1/5110_S1_wave1_00007"},{"time":0.8,"name":"EF/5110_S1_wave1/5110_S1_wave1_00008"},{"time":0.8333,"name":"EF/5110_S1_wave1/5110_S1_wave1_00009"},{"time":0.8666,"name":"EF/5110_S1_wave1/5110_S1_wave1_00010"},{"time":0.9,"name":null},{"time":1.0666,"name":"EF/5110_S1_wave1/5110_S1_wave1_00001"},{"time":1.1,"name":"EF/5110_S1_wave1/5110_S1_wave1_00002"},{"time":1.1333,"name":"EF/5110_S1_wave1/5110_S1_wave1_00003"},{"time":1.1666,"name":"EF/5110_S1_wave1/5110_S1_wave1_00004"},{"time":1.2,"name":"EF/5110_S1_wave1/5110_S1_wave1_00005"},{"time":1.2333,"name":"EF/5110_S1_wave1/5110_S1_wave1_00006"},{"time":1.2666,"name":"EF/5110_S1_wave1/5110_S1_wave1_00007"},{"time":1.3,"name":"EF/5110_S1_wave1/5110_S1_wave1_00008"},{"time":1.3333,"name":"EF/5110_S1_wave1/5110_S1_wave1_00009"},{"time":1.3666,"name":"EF/5110_S1_wave1/5110_S1_wave1_00010"},{"time":1.4,"name":null}],"color":[{"time":0.5666,"color":"ffffffff"}]},"EF/5110_S1_wave1/5110_S1_wave1_1":{"attachment":[{"time":0.9,"name":"EF/5110_S1_wave1/5110_S1_wave1_00001"},{"time":0.9333,"name":"EF/5110_S1_wave1/5110_S1_wave1_00002"},{"time":0.9666,"name":"EF/5110_S1_wave1/5110_S1_wave1_00003"},{"time":1,"name":"EF/5110_S1_wave1/5110_S1_wave1_00004"},{"time":1.0333,"name":"EF/5110_S1_wave1/5110_S1_wave1_00005"},{"time":1.0666,"name":"EF/5110_S1_wave1/5110_S1_wave1_00006"},{"time":1.1,"name":"EF/5110_S1_wave1/5110_S1_wave1_00007"},{"time":1.1333,"name":"EF/5110_S1_wave1/5110_S1_wave1_00008"},{"time":1.1666,"name":"EF/5110_S1_wave1/5110_S1_wave1_00009"},{"time":1.2,"name":"EF/5110_S1_wave1/5110_S1_wave1_00010"},{"time":1.2333,"name":null},{"time":1.4,"name":"EF/5110_S1_wave1/5110_S1_wave1_00001"},{"time":1.4333,"name":"EF/5110_S1_wave1/5110_S1_wave1_00002"},{"time":1.4666,"name":"EF/5110_S1_wave1/5110_S1_wave1_00003"},{"time":1.5,"name":"EF/5110_S1_wave1/5110_S1_wave1_00004"},{"time":1.5333,"name":"EF/5110_S1_wave1/5110_S1_wave1_00005"},{"time":1.5666,"name":"EF/5110_S1_wave1/5110_S1_wave1_00006"},{"time":1.6,"name":"EF/5110_S1_wave1/5110_S1_wave1_00007"},{"time":1.6333,"name":"EF/5110_S1_wave1/5110_S1_wave1_00008"},{"time":1.6666,"name":"EF/5110_S1_wave1/5110_S1_wave1_00009"},{"time":1.7,"name":"EF/5110_S1_wave1/5110_S1_wave1_00010"},{"time":1.7333,"name":null}]},"EF/EF_aura_Dot/B_grass_aura_1":{"attachment":[{"time":0,"name":null}]},"EF/EF_aura_Dot/F_grass_aura_1":{"attachment":[{"time":0,"name":null}]},"MAIN":{"attachment":[{"time":0,"name":"skill2_03"},{"time":0.0333,"name":"skill2_04"},{"time":0.1,"name":"skill2_05"},{"time":0.1666,"name":"skill2_06"},{"time":0.2666,"name":"skill2_07"},{"time":0.5666,"name":"skill2_08"},{"time":0.6,"name":"skill2_09"},{"time":0.6333,"name":"skill2_10"},{"time":0.6666,"name":"skill2_11"},{"time":0.7,"name":"skill2_09"},{"time":0.7333,"name":"skill2_10"},{"time":0.7666,"name":"skill2_11"},{"time":0.8,"name":"skill2_09"},{"time":0.8333,"name":"skill2_10"},{"time":0.8666,"name":"skill2_11"},{"time":0.9,"name":"skill2_09"},{"time":0.9333,"name":"skill2_10"},{"time":0.9666,"name":"skill2_11"},{"time":1,"name":"skill2_09"},{"time":1.0333,"name":"skill2_10"},{"time":1.0666,"name":"skill2_11"},{"time":1.1,"name":"skill2_09"},{"time":1.1333,"name":"skill2_10"},{"time":1.1666,"name":"skill2_11"},{"time":1.2,"name":"skill2_09"},{"time":1.2333,"name":"skill2_10"},{"time":1.2666,"name":"skill2_11"},{"time":1.3,"name":"skill2_09"},{"time":1.3333,"name":"skill2_10"},{"time":1.3666,"name":"skill2_11"},{"time":1.4,"name":"skill2_09"},{"time":1.4333,"name":"skill2_10"},{"time":1.4666,"name":"skill2_11"},{"time":1.5,"name":"skill2_09"},{"time":1.5666,"name":"skill2_10"},{"time":1.6333,"name":"skill2_11"},{"time":1.7,"name":"skill2_12"},{"time":1.7666,"name":"skill2_13"},{"time":1.8333,"name":"skill2_14"},{"time":1.9,"name":"skill2_15"}]}},"bones":{"MAIN":{"translate":[{"time":0,"x":5,"y":0,"curve":"stepped"},{"time":0.6,"x":-46,"y":0,"curve":[0.25,0,0.75,1]},{"time":0.7,"x":-53,"y":0}]},"wave2":{"translate":[{"time":0.7333,"x":-337.77,"y":334.48}],"scale":[{"time":0.7333,"x":2.666,"y":2.666}]},"wave1":{"translate":[{"time":0.5666,"x":-337.49,"y":275.32}],"scale":[{"time":0.5666,"x":2.666,"y":2.666}]},"wave3":{"translate":[{"time":0.9,"x":-337.2,"y":391.71}],"scale":[{"time":0.9,"x":2.666,"y":2.666}]},"DAMAGEAREA":{"translate":[{"time":0.6,"x":-173.91,"y":252.31}],"scale":[{"time":0.6,"x":2.022,"y":6.175}]}},"events":[{"time":0.2666,"name":"Voice","string":"cri_103_voice_fullarts_rank2"},{"time":0.5,"name":"Event","string":"setHitBackEnemy(3,25)"},{"time":0.5333,"name":"Event","float":0.2,"string":"kHitStopType-enemyonly"},{"time":0.5666,"name":"Sound1","string":"cri_se_battle_skill_elxplosion"},{"time":0.5666,"name":"Sound2","string":"cri_se_battle_explosion_water_01"},{"time":0.5666,"name":"Sound3","string":"cri_se_battle_hard_hit"},{"time":0.6333,"name":"Event","float":1,"string":"shakeGround-Loop"},{"time":0.6333,"name":"Hit","string":"resetHitList"},{"time":0.6666,"name":"Hit","string":"resetHitList"},{"time":0.7,"name":"Hit","string":"resetHitList"},{"time":0.7333,"name":"Hit","string":"resetHitList"},{"time":0.7666,"name":"Hit","string":"resetHitList"},{"time":0.8,"name":"Hit","string":"resetHitList"},{"time":0.8333,"name":"Hit","string":"resetHitList"},{"time":0.8666,"name":"Hit","string":"resetHitList"},{"time":0.9,"name":"Hit","string":"resetHitList"},{"time":0.9333,"name":"Hit","string":"resetHitList"},{"time":0.9666,"name":"Hit","string":"resetHitList"},{"time":1,"name":"Hit","string":"resetHitList"},{"time":1.0333,"name":"Hit","string":"resetHitList"},{"time":1.0666,"name":"Hit","string":"resetHitList"},{"time":1.1,"name":"Hit","string":"resetHitList"},{"time":1.1333,"name":"Hit","string":"resetHitList"},{"time":1.1666,"name":"Hit","string":"resetHitList"},{"time":1.2,"name":"Hit","string":"resetHitList"},{"time":1.2333,"name":"Hit","string":"resetHitList"},{"time":1.2666,"name":"Hit","string":"resetHitList"},{"time":1.3,"name":"Hit","string":"resetHitList"},{"time":1.3333,"name":"Hit","string":"resetHitList"},{"time":1.3666,"name":"Hit","string":"resetHitList"},{"time":1.4,"name":"Hit","string":"resetHitList"},{"time":1.4333,"name":"Hit","string":"resetHitList"},{"time":1.4666,"name":"Hit","string":"resetHitList"}]}}}