{"skeleton":{"hash":"cf7bkoPbWrkRd12miDAQGIoLlfA","spine":"3.0.12","width":0,"height":0},"bones":[{"name":"root"},{"name":"BLD_NTR_ex3/BLD_NTR_ex3_00001","parent":"root","x":200,"y":-128.25},{"name":"BLD_NTR_ex2/BLD_NTR_ex2_00003","parent":"root","x":200,"y":-112.9},{"name":"BLD_NTR_ex1/BLD_NTR_ex1_00001","parent":"root","x":200,"y":-103.72},{"name":"9140_A4_wind1/9140_A4_wind1_00000","parent":"root"},{"name":"690_S2_rock2/690_S2_rock2_6","parent":"root","x":200,"y":-91.35},{"name":"690_S2_rock2/690_S2_rock2_00005","parent":"root","x":200,"y":-91.35},{"name":"690_S2_rock2/690_S2_rock2_5","parent":"root","x":200,"y":-91.35},{"name":"5240_S1_wave2/5240_S1_wave2_00001","parent":"root","x":200,"y":-78.77},{"name":"5200_S2_wind2/5200_S2_wind2_00023","parent":"root","x":200,"y":-63.55},{"name":"5200_S2_wind1/5200_S2_wind1_00006","parent":"root","x":200,"y":-51.3},{"name":"5200_S2_smash3/5200_S2_smash3_00003","parent":"root","x":200,"y":-32.99},{"name":"5200_S2_smash2/5200_S2_smash2_00003","parent":"root","x":200,"y":-44.43},{"name":"5200_S2_smash1/5200_S2_smash1_00002","parent":"root"},{"name":"5200_S2_slash2/5200_S2_slash2_10","parent":"root","x":200,"y":-22.54},{"name":"5200_S2_slash2/5200_S2_slash2_9","parent":"root","x":200,"y":-22.54},{"name":"5200_S2_slash2/5200_S2_slash2_8","parent":"root","x":200,"y":-22.54},{"name":"5200_S2_slash2/5200_S2_slash2_00007","parent":"root","x":200,"y":-22.54},{"name":"5200_S2_slash2/5200_S2_slash2_7","parent":"root","x":200,"y":-22.54},{"name":"5200_S2_slash1/5200_S2_slash1_10","parent":"root","x":200,"y":1.07},{"name":"5200_S2_slash1/5200_S2_slash1_9","parent":"root","x":200,"y":1.07},{"name":"5200_S2_slash1/5200_S2_slash1_8","parent":"root","x":200,"y":1.07},{"name":"5200_S2_slash1/5200_S2_slash1_00007","parent":"root","x":200,"y":1.07},{"name":"5200_S2_slash1/5200_S2_slash1_7","parent":"root","x":200,"y":1.07},{"name":"5200_S1_smash2/5200_S1_smash1_00001","parent":"root","x":200,"y":-11.28},{"name":"5200_S1_smash1/5200_S1_smash1_00002","parent":"root","x":200,"y":26.06},{"name":"5200_S1_slash1/5200_S1_slash1_00001","parent":"root","x":200,"y":13.59},{"name":"5200_S1_dome3/5200_S1_dome3_00004","parent":"root","x":200,"y":21.35},{"name":"5200_S1_dome2/5200_S1_dome2_00003","parent":"root","x":200,"y":37.9},{"name":"5200_S1_dome1/5200_S1_dome1_00002","parent":"root","x":200,"y":50.22}],"slots":[{"name":"5200_S2_smash3/5200_S2_smash3_00003","bone":"5200_S2_smash3/5200_S2_smash3_00003","blend":"additive"},{"name":"5200_S2_smash2/5200_S2_smash2_00003","bone":"5200_S2_smash2/5200_S2_smash2_00003","blend":"additive"},{"name":"5200_S2_smash1/5200_S2_smash1_00002","bone":"5200_S2_smash1/5200_S2_smash1_00002","blend":"additive"},{"name":"9140_A4_wind1/9140_A4_wind1_00000","bone":"9140_A4_wind1/9140_A4_wind1_00000","blend":"additive"},{"name":"5240_S1_wave2/5240_S1_wave2_00001","bone":"5240_S1_wave2/5240_S1_wave2_00001","blend":"additive"},{"name":"5200_S1_slash1/5200_S1_slash1_00001","bone":"5200_S1_slash1/5200_S1_slash1_00001","blend":"additive"},{"name":"5200_S1_smash2/5200_S1_smash1_00001","bone":"5200_S1_smash2/5200_S1_smash1_00001","blend":"additive"},{"name":"5200_S1_smash1/5200_S1_smash1_00002","bone":"5200_S1_smash1/5200_S1_smash1_00002","blend":"additive"},{"name":"5200_S2_slash1/5200_S2_slash1_00007","bone":"5200_S2_slash1/5200_S2_slash1_00007","blend":"additive"},{"name":"5200_S2_slash1/5200_S2_slash1_7","bone":"5200_S2_slash1/5200_S2_slash1_7","blend":"additive"},{"name":"5200_S2_slash1/5200_S2_slash1_8","bone":"5200_S2_slash1/5200_S2_slash1_8","blend":"additive"},{"name":"5200_S2_slash1/5200_S2_slash1_9","bone":"5200_S2_slash1/5200_S2_slash1_9","blend":"additive"},{"name":"5200_S2_slash1/5200_S2_slash1_10","bone":"5200_S2_slash1/5200_S2_slash1_10","blend":"additive"},{"name":"5200_S2_slash2/5200_S2_slash2_00007","bone":"5200_S2_slash2/5200_S2_slash2_00007","blend":"additive"},{"name":"5200_S2_slash2/5200_S2_slash2_7","bone":"5200_S2_slash2/5200_S2_slash2_7","blend":"additive"},{"name":"5200_S2_slash2/5200_S2_slash2_8","bone":"5200_S2_slash2/5200_S2_slash2_8","blend":"additive"},{"name":"5200_S2_slash2/5200_S2_slash2_9","bone":"5200_S2_slash2/5200_S2_slash2_9","blend":"additive"},{"name":"5200_S2_slash2/5200_S2_slash2_10","bone":"5200_S2_slash2/5200_S2_slash2_10","blend":"additive"},{"name":"BLD_NTR_ex1/BLD_NTR_ex1_00001","bone":"BLD_NTR_ex1/BLD_NTR_ex1_00001","blend":"additive"},{"name":"BLD_NTR_ex2/BLD_NTR_ex2_00003","bone":"BLD_NTR_ex2/BLD_NTR_ex2_00003","blend":"additive"},{"name":"BLD_NTR_ex3/BLD_NTR_ex3_00001","bone":"BLD_NTR_ex3/BLD_NTR_ex3_00001","blend":"additive"},{"name":"5200_S1_dome3/5200_S1_dome3_00004","bone":"5200_S1_dome3/5200_S1_dome3_00004","blend":"additive"},{"name":"5200_S1_dome2/5200_S1_dome2_00003","bone":"5200_S1_dome2/5200_S1_dome2_00003","blend":"additive"},{"name":"5200_S1_dome1/5200_S1_dome1_00002","bone":"5200_S1_dome1/5200_S1_dome1_00002","blend":"additive"},{"name":"5200_S2_wind1/5200_S2_wind1_00006","bone":"5200_S2_wind1/5200_S2_wind1_00006","blend":"additive"},{"name":"5200_S2_wind2/5200_S2_wind2_00023","bone":"5200_S2_wind2/5200_S2_wind2_00023","blend":"additive"},{"name":"690_S2_rock2/690_S2_rock2_00005","bone":"690_S2_rock2/690_S2_rock2_00005"},{"name":"690_S2_rock2/690_S2_rock2_5","bone":"690_S2_rock2/690_S2_rock2_5"},{"name":"690_S2_rock2/690_S2_rock2_6","bone":"690_S2_rock2/690_S2_rock2_6"}],"skins":{"default":{"5200_S1_dome1/5200_S1_dome1_00002":{"5200_S1_dome1/5200_S1_dome1_00002":{"x":0.3,"y":18.75,"width":272,"height":272},"5200_S1_dome1/5200_S1_dome1_00003":{"x":0.3,"y":18.75,"width":272,"height":272},"5200_S1_dome1/5200_S1_dome1_00005":{"x":0.3,"y":18.75,"width":272,"height":272},"5200_S1_dome1/5200_S1_dome1_00007":{"x":0.3,"y":18.75,"width":272,"height":272},"5200_S1_dome1/5200_S1_dome1_00009":{"x":0.3,"y":18.75,"width":272,"height":272},"5200_S1_dome1/5200_S1_dome1_00011":{"x":0.3,"y":18.75,"width":272,"height":272},"5200_S1_dome1/5200_S1_dome1_00013":{"x":0.3,"y":18.75,"width":272,"height":272}},"5200_S1_dome2/5200_S1_dome2_00003":{"5200_S1_dome2/5200_S1_dome2_00003":{"width":200,"height":200},"5200_S1_dome2/5200_S1_dome2_00004":{"width":200,"height":200},"5200_S1_dome2/5200_S1_dome2_00005":{"width":200,"height":200},"5200_S1_dome2/5200_S1_dome2_00008":{"width":200,"height":200},"5200_S1_dome2/5200_S1_dome2_00010":{"width":200,"height":200},"5200_S1_dome2/5200_S1_dome2_00012":{"width":200,"height":200},"5200_S1_dome2/5200_S1_dome2_00018":{"width":200,"height":200},"5200_S1_dome2/5200_S1_dome2_00019":{"width":200,"height":200}},"5200_S1_dome3/5200_S1_dome3_00004":{"5200_S1_dome3/5200_S1_dome3_00004":{"width":175,"height":175},"5200_S1_dome3/5200_S1_dome3_00007":{"width":175,"height":175},"5200_S1_dome3/5200_S1_dome3_00009":{"width":175,"height":175},"5200_S1_dome3/5200_S1_dome3_00011":{"width":175,"height":175},"5200_S1_dome3/5200_S1_dome3_00012":{"width":175,"height":175},"5200_S1_dome3/5200_S1_dome3_00013":{"width":175,"height":175}},"5200_S1_slash1/5200_S1_slash1_00001":{"5200_S1_slash1/5200_S1_slash1_00001":{"width":175,"height":175},"5200_S1_slash1/5200_S1_slash1_00002":{"width":175,"height":175},"5200_S1_slash1/5200_S1_slash1_00003":{"width":175,"height":175},"5200_S1_slash1/5200_S1_slash1_00004":{"width":175,"height":175}},"5200_S1_smash1/5200_S1_smash1_00002":{"5200_S1_smash1/5200_S1_smash1_00002":{"width":250,"height":250},"5200_S1_smash1/5200_S1_smash1_00003":{"width":250,"height":250},"5200_S1_smash1/5200_S1_smash1_00004":{"width":250,"height":250},"5200_S1_smash1/5200_S1_smash1_00005":{"width":250,"height":250},"5200_S1_smash1/5200_S1_smash1_00006":{"width":250,"height":250},"5200_S1_smash1/5200_S1_smash1_00007":{"width":250,"height":250},"5200_S1_smash1/5200_S1_smash1_00008":{"width":250,"height":250}},"5200_S1_smash2/5200_S1_smash1_00001":{"5200_S1_smash2/5200_S1_smash1_00001":{"width":200,"height":200},"5200_S1_smash2/5200_S1_smash1_00003":{"width":200,"height":200},"5200_S1_smash2/5200_S1_smash1_00004":{"width":200,"height":200},"5200_S1_smash2/5200_S1_smash1_00005":{"width":200,"height":200}},"5200_S2_slash1/5200_S2_slash1_00007":{"5200_S2_slash1/5200_S2_slash1_00007":{"width":225,"height":225}},"5200_S2_slash1/5200_S2_slash1_10":{"5200_S2_slash1/5200_S2_slash1_00007":{"width":225,"height":225}},"5200_S2_slash1/5200_S2_slash1_7":{"5200_S2_slash1/5200_S2_slash1_00007":{"width":225,"height":225}},"5200_S2_slash1/5200_S2_slash1_8":{"5200_S2_slash1/5200_S2_slash1_00007":{"width":225,"height":225}},"5200_S2_slash1/5200_S2_slash1_9":{"5200_S2_slash1/5200_S2_slash1_00007":{"width":225,"height":225}},"5200_S2_slash2/5200_S2_slash2_00007":{"5200_S2_slash2/5200_S2_slash2_00007":{"width":225,"height":225}},"5200_S2_slash2/5200_S2_slash2_10":{"5200_S2_slash2/5200_S2_slash2_00007":{"width":225,"height":225}},"5200_S2_slash2/5200_S2_slash2_7":{"5200_S2_slash2/5200_S2_slash2_00007":{"width":225,"height":225}},"5200_S2_slash2/5200_S2_slash2_8":{"5200_S2_slash2/5200_S2_slash2_00007":{"width":225,"height":225}},"5200_S2_slash2/5200_S2_slash2_9":{"5200_S2_slash2/5200_S2_slash2_00007":{"width":225,"height":225}},"5200_S2_smash1/5200_S2_smash1_00002":{"5200_S2_smash1/5200_S2_smash1_00002":{"width":200,"height":200},"5200_S2_smash1/5200_S2_smash1_00003":{"width":200,"height":200},"5200_S2_smash1/5200_S2_smash1_00004":{"width":200,"height":200},"5200_S2_smash1/5200_S2_smash1_00005":{"width":200,"height":200},"5200_S2_smash1/5200_S2_smash1_00006":{"width":200,"height":200},"5200_S2_smash1/5200_S2_smash1_00007":{"width":200,"height":200}},"5200_S2_smash2/5200_S2_smash2_00003":{"5200_S2_smash2/5200_S2_smash2_00003":{"width":250,"height":250},"5200_S2_smash2/5200_S2_smash2_00005":{"width":250,"height":250}},"5200_S2_smash3/5200_S2_smash3_00003":{"5200_S2_smash3/5200_S2_smash3_00003":{"width":250,"height":250},"5200_S2_smash3/5200_S2_smash3_00004":{"width":250,"height":250},"5200_S2_smash3/5200_S2_smash3_00005":{"width":250,"height":250},"5200_S2_smash3/5200_S2_smash3_00006":{"width":250,"height":250}},"5200_S2_wind1/5200_S2_wind1_00006":{"5200_S2_wind1/5200_S2_wind1_00006":{"width":100,"height":100}},"5200_S2_wind2/5200_S2_wind2_00023":{"5200_S2_wind2/5200_S2_wind2_00023":{"width":160,"height":160},"5200_S2_wind2/5200_S2_wind2_00024":{"width":160,"height":160},"5200_S2_wind2/5200_S2_wind2_00025":{"width":160,"height":160}},"5240_S1_wave2/5240_S1_wave2_00001":{"5240_S1_wave2/5240_S1_wave2_00001":{"width":200,"height":200},"5240_S1_wave2/5240_S1_wave2_00002":{"width":200,"height":200},"5240_S1_wave2/5240_S1_wave2_00003":{"width":200,"height":200},"5240_S1_wave2/5240_S1_wave2_00004":{"width":200,"height":200},"5240_S1_wave2/5240_S1_wave2_00006":{"width":200,"height":200},"5240_S1_wave2/5240_S1_wave2_00009":{"width":200,"height":200},"5240_S1_wave2/5240_S1_wave2_00010":{"width":200,"height":200}},"690_S2_rock2/690_S2_rock2_00005":{"690_S2_rock2/690_S2_rock2_00005":{"width":150,"height":150}},"690_S2_rock2/690_S2_rock2_5":{"690_S2_rock2/690_S2_rock2_00005":{"width":150,"height":150}},"690_S2_rock2/690_S2_rock2_6":{"690_S2_rock2/690_S2_rock2_00005":{"width":150,"height":150}},"9140_A4_wind1/9140_A4_wind1_00000":{"9140_A4_wind1/9140_A4_wind1_00000":{"width":180,"height":180},"9140_A4_wind1/9140_A4_wind1_00001":{"width":180,"height":180},"9140_A4_wind1/9140_A4_wind1_00002":{"width":180,"height":180},"9140_A4_wind1/9140_A4_wind1_00004":{"width":180,"height":180},"9140_A4_wind1/9140_A4_wind1_00006":{"width":180,"height":180},"9140_A4_wind1/9140_A4_wind1_00008":{"width":180,"height":180}},"BLD_NTR_ex1/BLD_NTR_ex1_00001":{"BLD_NTR_ex1/BLD_NTR_ex1_00001":{"y":20.29,"width":200,"height":200},"BLD_NTR_ex1/BLD_NTR_ex1_00002":{"y":20.29,"width":200,"height":200},"BLD_NTR_ex1/BLD_NTR_ex1_00003":{"y":20.29,"width":200,"height":200},"BLD_NTR_ex1/BLD_NTR_ex1_00006":{"y":20.29,"width":200,"height":200},"BLD_NTR_ex1/BLD_NTR_ex1_00007":{"y":20.29,"width":200,"height":200},"BLD_NTR_ex1/BLD_NTR_ex1_00008":{"y":20.29,"width":200,"height":200},"BLD_NTR_ex1/BLD_NTR_ex1_00009":{"y":20.29,"width":200,"height":200},"BLD_NTR_ex1/BLD_NTR_ex1_00011":{"y":20.29,"width":200,"height":200},"BLD_NTR_ex1/BLD_NTR_ex1_00012":{"y":20.29,"width":200,"height":200},"BLD_NTR_ex1/BLD_NTR_ex1_00014":{"y":20.29,"width":200,"height":200},"BLD_NTR_ex1/BLD_NTR_ex1_00016":{"y":20.29,"width":200,"height":200}},"BLD_NTR_ex2/BLD_NTR_ex2_00003":{"BLD_NTR_ex2/BLD_NTR_ex2_00003":{"y":26.09,"width":200,"height":200},"BLD_NTR_ex2/BLD_NTR_ex2_00004":{"y":26.09,"width":200,"height":200},"BLD_NTR_ex2/BLD_NTR_ex2_00005":{"y":26.09,"width":200,"height":200},"BLD_NTR_ex2/BLD_NTR_ex2_00006":{"y":26.09,"width":200,"height":200},"BLD_NTR_ex2/BLD_NTR_ex2_00007":{"y":26.09,"width":200,"height":200},"BLD_NTR_ex2/BLD_NTR_ex2_00008":{"y":26.09,"width":200,"height":200}},"BLD_NTR_ex3/BLD_NTR_ex3_00001":{"BLD_NTR_ex3/BLD_NTR_ex3_00001":{"x":2.72,"y":4.73,"width":125,"height":125},"BLD_NTR_ex3/BLD_NTR_ex3_00002":{"x":2.72,"y":4.73,"width":125,"height":125},"BLD_NTR_ex3/BLD_NTR_ex3_00003":{"x":2.72,"y":4.73,"width":125,"height":125},"BLD_NTR_ex3/BLD_NTR_ex3_00004":{"x":2.72,"y":4.73,"width":125,"height":125},"BLD_NTR_ex3/BLD_NTR_ex3_00005":{"x":2.72,"y":4.73,"width":125,"height":125},"BLD_NTR_ex3/BLD_NTR_ex3_00008":{"x":2.72,"y":4.73,"width":125,"height":125}}}},"animations":{"1-attack1":{},"1-attack2":{"slots":{"5200_S1_smash1/5200_S1_smash1_00002":{"attachment":[{"time":0.3333,"name":"5200_S1_smash1/5200_S1_smash1_00002"},{"time":0.3666,"name":"5200_S1_smash1/5200_S1_smash1_00003"},{"time":0.4,"name":"5200_S1_smash1/5200_S1_smash1_00004"},{"time":0.4333,"name":"5200_S1_smash1/5200_S1_smash1_00005"},{"time":0.5,"name":"5200_S1_smash1/5200_S1_smash1_00006"},{"time":0.5666,"name":"5200_S1_smash1/5200_S1_smash1_00007"},{"time":0.6333,"name":"5200_S1_smash1/5200_S1_smash1_00008"}],"color":[{"time":0.4666,"color":"ffffffff"},{"time":0.6333,"color":"ffffff00"}]},"5200_S1_smash2/5200_S1_smash1_00001":{"attachment":[{"time":0.3333,"name":"5200_S1_smash2/5200_S1_smash1_00001"},{"time":0.3666,"name":"5200_S1_smash2/5200_S1_smash1_00003"},{"time":0.4333,"name":"5200_S1_smash2/5200_S1_smash1_00005"},{"time":0.5,"name":null}]},"5200_S2_smash1/5200_S2_smash1_00002":{"attachment":[{"time":0.3333,"name":null}]},"5240_S1_wave2/5240_S1_wave2_00001":{"attachment":[{"time":0.3666,"name":"5240_S1_wave2/5240_S1_wave2_00001"},{"time":0.4333,"name":"5240_S1_wave2/5240_S1_wave2_00002"},{"time":0.4666,"name":"5240_S1_wave2/5240_S1_wave2_00003"},{"time":0.5,"name":"5240_S1_wave2/5240_S1_wave2_00006"},{"time":0.5333,"name":"5240_S1_wave2/5240_S1_wave2_00009"},{"time":0.6,"name":"5240_S1_wave2/5240_S1_wave2_00010"}],"color":[{"time":0.5333,"color":"ffffffff","curve":[0.217,0.38,0.716,1]},{"time":0.7333,"color":"ffffff00"}]}},"bones":{"5200_S1_smash2/5200_S1_smash1_00001":{"rotate":[{"time":0.3333,"angle":-17.02}],"translate":[{"time":0.3333,"x":-262.95,"y":63.77}],"scale":[{"time":0.3333,"x":4.254,"y":4.254}]},"5200_S1_smash1/5200_S1_smash1_00002":{"translate":[{"time":0.3333,"x":-405.58,"y":84.74}],"scale":[{"time":0.3333,"x":1.997,"y":1.997},{"time":0.6,"x":3.035,"y":3.035}]},"5240_S1_wave2/5240_S1_wave2_00001":{"translate":[{"time":0.3666,"x":-416.11,"y":197.96},{"time":0.7333,"x":-416.11,"y":179.49}],"scale":[{"time":0.3666,"x":2.102,"y":2.102,"curve":[0.25,0,0.75,1]},{"time":0.7333,"x":2.806,"y":2.806}]}}},"1-attack3":{"slots":{"5200_S1_dome3/5200_S1_dome3_00004":{"attachment":[{"time":0.8,"name":"5200_S1_dome3/5200_S1_dome3_00004"},{"time":0.8333,"name":"5200_S1_dome3/5200_S1_dome3_00007"},{"time":0.8666,"name":"5200_S1_dome3/5200_S1_dome3_00009"},{"time":0.9,"name":"5200_S1_dome3/5200_S1_dome3_00011"},{"time":0.9333,"name":"5200_S1_dome3/5200_S1_dome3_00012"},{"time":0.9666,"name":"5200_S1_dome3/5200_S1_dome3_00013"}],"color":[{"time":0.8666,"color":"ffffffff","curve":[0.207,0.88,0.75,1]},{"time":1.0666,"color":"ffffff00"}]},"5200_S1_slash1/5200_S1_slash1_00001":{"attachment":[{"time":0.7666,"name":"5200_S1_slash1/5200_S1_slash1_00001"},{"time":0.8,"name":"5200_S1_slash1/5200_S1_slash1_00002"},{"time":0.8333,"name":"5200_S1_slash1/5200_S1_slash1_00003"},{"time":0.9,"name":"5200_S1_slash1/5200_S1_slash1_00004"},{"time":0.9666,"name":null}],"color":[{"time":0.8666,"color":"ffffffff"},{"time":0.9666,"color":"ffffff00"}]},"5200_S1_smash1/5200_S1_smash1_00002":{"attachment":[{"time":0.7666,"name":null}]},"5200_S2_smash3/5200_S2_smash3_00003":{"attachment":[{"time":0.7666,"name":"5200_S2_smash3/5200_S2_smash3_00003"},{"time":0.8,"name":"5200_S2_smash3/5200_S2_smash3_00004"},{"time":0.8333,"name":"5200_S2_smash3/5200_S2_smash3_00005"},{"time":0.8666,"name":"5200_S2_smash3/5200_S2_smash3_00006"},{"time":0.9333,"name":null}],"color":[{"time":0.8333,"color":"ffffffff"},{"time":0.9333,"color":"ffffff00"}]},"690_S2_rock2/690_S2_rock2_00005":{"attachment":[{"time":0.7666,"name":null}]},"BLD_NTR_ex3/BLD_NTR_ex3_00001":{"attachment":[{"time":0.7666,"name":"BLD_NTR_ex3/BLD_NTR_ex3_00001"},{"time":0.8,"name":"BLD_NTR_ex3/BLD_NTR_ex3_00002"},{"time":0.8333,"name":"BLD_NTR_ex3/BLD_NTR_ex3_00003"},{"time":0.8666,"name":"BLD_NTR_ex3/BLD_NTR_ex3_00004"},{"time":0.9,"name":"BLD_NTR_ex3/BLD_NTR_ex3_00005"},{"time":0.9333,"name":"BLD_NTR_ex3/BLD_NTR_ex3_00008"},{"time":0.9666,"name":null}]}},"bones":{"5200_S2_smash3/5200_S2_smash3_00003":{"translate":[{"time":0.7666,"x":-361.72,"y":32.79},{"time":0.8666,"x":-361.72,"y":79.65}],"scale":[{"time":0.7666,"x":2.481,"y":2.481},{"time":0.8666,"x":3.923,"y":3.923}]},"5200_S1_slash1/5200_S1_slash1_00001":{"rotate":[{"time":0.7666,"angle":43.19}],"translate":[{"time":0.7666,"x":-316.85,"y":115.3}],"scale":[{"time":0.7666,"x":5.111,"y":5.435}]},"5200_S1_dome3/5200_S1_dome3_00004":{"translate":[{"time":0.8,"x":-350.57,"y":-57.89}],"scale":[{"time":0.8,"x":3.286,"y":3.286,"curve":[0.174,0.82,0.75,1]},{"time":1.0666,"x":6.241,"y":6.241}]},"BLD_NTR_ex3/BLD_NTR_ex3_00001":{"translate":[{"time":0.7666,"x":-336.3,"y":126.9}],"scale":[{"time":0.7666,"x":2.886,"y":2.886}]}}},"1-attack4":{"slots":{"5200_S1_slash1/5200_S1_slash1_00001":{"attachment":[{"time":0.6666,"name":"5200_S1_slash1/5200_S1_slash1_00001"},{"time":0.7,"name":"5200_S1_slash1/5200_S1_slash1_00002"},{"time":0.7333,"name":"5200_S1_slash1/5200_S1_slash1_00003"},{"time":0.7666,"name":"5200_S1_slash1/5200_S1_slash1_00004"}],"color":[{"time":0.7333,"color":"ffffffff"},{"time":0.8666,"color":"ffffff00"}]},"5200_S2_smash3/5200_S2_smash3_00003":{"attachment":[{"time":0.6666,"name":"5200_S2_smash3/5200_S2_smash3_00003"},{"time":0.7,"name":"5200_S2_smash3/5200_S2_smash3_00004"},{"time":0.7666,"name":"5200_S2_smash3/5200_S2_smash3_00005"},{"time":0.8,"name":"5200_S2_smash3/5200_S2_smash3_00006"},{"time":0.8666,"name":null}],"color":[{"time":0.7333,"color":"ffffffff"},{"time":0.8666,"color":"ffffff00"}]},"5200_S2_wind1/5200_S2_wind1_00006":{"attachment":[{"time":0,"name":null}]}},"bones":{"root":{"translate":[{"time":0.6333,"x":-85.22,"y":114.16}],"scale":[{"time":0.6333,"x":2.288,"y":2.288}]},"5200_S2_smash3/5200_S2_smash3_00003":{"translate":[{"time":0.6666,"x":-223.75,"y":-9.66},{"time":0.8,"x":-223.74,"y":21.11}],"scale":[{"time":0.6666,"x":1.356,"y":1.356,"curve":[0.199,0.4,0.75,1]},{"time":0.8,"x":1.861,"y":1.861}]},"5200_S1_slash1/5200_S1_slash1_00001":{"rotate":[{"time":0.6666,"angle":16.82}],"translate":[{"time":0.6666,"x":-150.66,"y":-55.41},{"time":0.7,"x":-174.01,"y":-20.55}],"scale":[{"time":0.6666,"x":2.417,"y":2.546}]}}},"1-attack5":{},"1-skill1":{"slots":{"5200_S1_dome1/5200_S1_dome1_00002":{"attachment":[{"time":0.8333,"name":"5200_S1_dome1/5200_S1_dome1_00002"},{"time":0.8666,"name":"5200_S1_dome1/5200_S1_dome1_00003"},{"time":0.9333,"name":"5200_S1_dome1/5200_S1_dome1_00005"},{"time":1,"name":"5200_S1_dome1/5200_S1_dome1_00007"},{"time":1.0666,"name":"5200_S1_dome1/5200_S1_dome1_00009"},{"time":1.1333,"name":"5200_S1_dome1/5200_S1_dome1_00011"},{"time":1.2,"name":"5200_S1_dome1/5200_S1_dome1_00013"}],"color":[{"time":1.1666,"color":"ffffffff"},{"time":1.3333,"color":"ffffff00"}]},"5200_S1_dome2/5200_S1_dome2_00003":{"attachment":[{"time":0.7666,"name":"5200_S1_dome2/5200_S1_dome2_00003"},{"time":0.8333,"name":"5200_S1_dome2/5200_S1_dome2_00004"},{"time":0.9,"name":"5200_S1_dome2/5200_S1_dome2_00005"},{"time":0.9666,"name":"5200_S1_dome2/5200_S1_dome2_00008"},{"time":1.0333,"name":"5200_S1_dome2/5200_S1_dome2_00010"},{"time":1.1,"name":"5200_S1_dome2/5200_S1_dome2_00012"},{"time":1.2,"name":"5200_S1_dome2/5200_S1_dome2_00018"},{"time":1.3,"name":"5200_S1_dome2/5200_S1_dome2_00019"}],"color":[{"time":1.1,"color":"ffffffff"},{"time":1.6666,"color":"ffffff00"}]},"5200_S1_dome3/5200_S1_dome3_00004":{"attachment":[{"time":0.8666,"name":"5200_S1_dome3/5200_S1_dome3_00004"},{"time":0.9333,"name":"5200_S1_dome3/5200_S1_dome3_00007"},{"time":0.9666,"name":"5200_S1_dome3/5200_S1_dome3_00009"},{"time":1.0333,"name":"5200_S1_dome3/5200_S1_dome3_00011"},{"time":1.0666,"name":"5200_S1_dome3/5200_S1_dome3_00012"},{"time":1.1333,"name":"5200_S1_dome3/5200_S1_dome3_00013"}],"color":[{"time":1.0666,"color":"ffffffff"},{"time":1.2333,"color":"ffffff00"}]},"5200_S1_slash1/5200_S1_slash1_00001":{"attachment":[{"time":0.8,"name":"5200_S1_slash1/5200_S1_slash1_00001"},{"time":0.8333,"name":"5200_S1_slash1/5200_S1_slash1_00002"},{"time":0.8666,"name":"5200_S1_slash1/5200_S1_slash1_00003"},{"time":0.9,"name":"5200_S1_slash1/5200_S1_slash1_00004"},{"time":1.2333,"name":null}],"color":[{"time":0.9,"color":"ffffffff"},{"time":1.1,"color":"ffffff00"}]},"5200_S1_smash1/5200_S1_smash1_00002":{"attachment":[{"time":0.1666,"name":"5200_S1_smash1/5200_S1_smash1_00002"},{"time":0.2,"name":"5200_S1_smash1/5200_S1_smash1_00003"},{"time":0.2333,"name":"5200_S1_smash1/5200_S1_smash1_00004"},{"time":0.2666,"name":"5200_S1_smash1/5200_S1_smash1_00005"},{"time":0.3,"name":"5200_S1_smash1/5200_S1_smash1_00006"},{"time":0.3333,"name":"5200_S1_smash1/5200_S1_smash1_00007"},{"time":0.3666,"name":"5200_S1_smash1/5200_S1_smash1_00008"},{"time":0.8,"name":null}],"color":[{"time":0.3333,"color":"ffffffff"},{"time":0.5,"color":"ffffff00"}]},"5200_S1_smash2/5200_S1_smash1_00001":{"attachment":[{"time":0.1666,"name":"5200_S1_smash2/5200_S1_smash1_00001"},{"time":0.2,"name":"5200_S1_smash2/5200_S1_smash1_00003"},{"time":0.2666,"name":"5200_S1_smash2/5200_S1_smash1_00005"},{"time":0.3333,"name":null}]},"5200_S2_smash1/5200_S2_smash1_00002":{"attachment":[{"time":0.1666,"name":null}]},"5200_S2_smash3/5200_S2_smash3_00003":{"attachment":[{"time":0.8,"name":"5200_S2_smash3/5200_S2_smash3_00003"},{"time":0.8333,"name":"5200_S2_smash3/5200_S2_smash3_00004"},{"time":0.8666,"name":"5200_S2_smash3/5200_S2_smash3_00005"},{"time":0.9,"name":"5200_S2_smash3/5200_S2_smash3_00006"}],"color":[{"time":0.8666,"color":"ffffffff"},{"time":0.9666,"color":"ffffff00"}]},"5240_S1_wave2/5240_S1_wave2_00001":{"attachment":[{"time":0.2,"name":"5240_S1_wave2/5240_S1_wave2_00001"},{"time":0.2666,"name":"5240_S1_wave2/5240_S1_wave2_00002"},{"time":0.3,"name":"5240_S1_wave2/5240_S1_wave2_00003"},{"time":0.3333,"name":"5240_S1_wave2/5240_S1_wave2_00006"},{"time":0.3666,"name":"5240_S1_wave2/5240_S1_wave2_00009"},{"time":0.4333,"name":"5240_S1_wave2/5240_S1_wave2_00010"}],"color":[{"time":0.3666,"color":"ffffffff","curve":[0.217,0.38,0.716,1]},{"time":0.7,"color":"ffffff00"}]},"690_S2_rock2/690_S2_rock2_00005":{"attachment":[{"time":0.8,"name":null}]},"9140_A4_wind1/9140_A4_wind1_00000":{"attachment":[{"time":0.8,"name":"9140_A4_wind1/9140_A4_wind1_00000"},{"time":0.8333,"name":"9140_A4_wind1/9140_A4_wind1_00001"},{"time":0.9,"name":"9140_A4_wind1/9140_A4_wind1_00002"},{"time":0.9666,"name":"9140_A4_wind1/9140_A4_wind1_00004"},{"time":1.0333,"name":"9140_A4_wind1/9140_A4_wind1_00006"},{"time":1.1,"name":"9140_A4_wind1/9140_A4_wind1_00008"}],"color":[{"time":1,"color":"ffffffff"},{"time":1.3333,"color":"ffffff00"}]},"BLD_NTR_ex3/BLD_NTR_ex3_00001":{"attachment":[{"time":0.8,"name":"BLD_NTR_ex3/BLD_NTR_ex3_00001"},{"time":0.8333,"name":"BLD_NTR_ex3/BLD_NTR_ex3_00002"},{"time":0.8666,"name":"BLD_NTR_ex3/BLD_NTR_ex3_00003"},{"time":0.9,"name":"BLD_NTR_ex3/BLD_NTR_ex3_00004"},{"time":0.9333,"name":"BLD_NTR_ex3/BLD_NTR_ex3_00005"},{"time":0.9666,"name":"BLD_NTR_ex3/BLD_NTR_ex3_00008"},{"time":1,"name":null}]}},"bones":{"5200_S2_smash3/5200_S2_smash3_00003":{"translate":[{"time":0.8,"x":-374.95,"y":81.21},{"time":0.9666,"x":-336.23,"y":112.33}],"scale":[{"time":0.8,"x":2.481,"y":2.481}]},"5200_S1_smash2/5200_S1_smash1_00001":{"rotate":[{"time":0.1666,"angle":-17.02}],"translate":[{"time":0.1666,"x":-262.95,"y":63.77}],"scale":[{"time":0.1666,"x":4.254,"y":4.254}]},"5200_S1_smash1/5200_S1_smash1_00002":{"translate":[{"time":0.1666,"x":-405.58,"y":84.74}],"scale":[{"time":0.1666,"x":1.997,"y":1.997}]},"5240_S1_wave2/5240_S1_wave2_00001":{"translate":[{"time":0.2,"x":-416.11,"y":197.96},{"time":0.5666,"x":-416.11,"y":179.49}],"scale":[{"time":0.2,"x":2.102,"y":2.102,"curve":[0.25,0,0.75,1]},{"time":0.5666,"x":2.806,"y":2.806}]},"5200_S1_slash1/5200_S1_slash1_00001":{"rotate":[{"time":0.8,"angle":31.67}],"translate":[{"time":0.8,"x":-260.33,"y":69.72}],"scale":[{"time":0.8,"x":4.297,"y":4.297}]},"5200_S1_dome1/5200_S1_dome1_00002":{"translate":[{"time":0.8333,"x":-400.63,"y":-53.88}],"scale":[{"time":0.8333,"x":2.355,"y":2.355},{"time":0.8666,"x":2.828,"y":2.828,"curve":"stepped"},{"time":0.9333,"x":2.277,"y":2.277},{"time":1.2,"x":2.235,"y":2.235}]},"5200_S1_dome2/5200_S1_dome2_00003":{"translate":[{"time":0.7666,"x":-403.72,"y":-8.34}],"scale":[{"time":0.9,"x":2.035,"y":2.035,"curve":[0.243,0.78,0.75,1]},{"time":1.3333,"x":2.842,"y":2.842}]},"9140_A4_wind1/9140_A4_wind1_00000":{"translate":[{"time":0.8,"x":-208.64,"y":105.39}],"scale":[{"time":0.8,"x":2.481,"y":2.481}]},"5200_S1_dome3/5200_S1_dome3_00004":{"translate":[{"time":0.8666,"x":-385.41,"y":61.16}],"scale":[{"time":0.8666,"x":1.884,"y":1.884},{"time":0.9666,"x":4.175,"y":4.175}]},"BLD_NTR_ex3/BLD_NTR_ex3_00001":{"translate":[{"time":0.8,"x":-336.3,"y":126.9}],"scale":[{"time":0.8,"x":2.886,"y":2.886}]}}},"1-skill2":{"slots":{"5200_S1_dome1/5200_S1_dome1_00002":{"attachment":[{"time":2.5666,"name":"5200_S1_dome1/5200_S1_dome1_00002"},{"time":2.6333,"name":"5200_S1_dome1/5200_S1_dome1_00003"},{"time":2.7333,"name":"5200_S1_dome1/5200_S1_dome1_00005"},{"time":2.8,"name":"5200_S1_dome1/5200_S1_dome1_00007"},{"time":2.8666,"name":"5200_S1_dome1/5200_S1_dome1_00009"},{"time":2.9333,"name":"5200_S1_dome1/5200_S1_dome1_00005"},{"time":3,"name":"5200_S1_dome1/5200_S1_dome1_00007"},{"time":3.0666,"name":"5200_S1_dome1/5200_S1_dome1_00009"},{"time":3.1333,"name":"5200_S1_dome1/5200_S1_dome1_00005"},{"time":3.2,"name":"5200_S1_dome1/5200_S1_dome1_00007"},{"time":3.2666,"name":"5200_S1_dome1/5200_S1_dome1_00009"},{"time":3.3333,"name":"5200_S1_dome1/5200_S1_dome1_00011"},{"time":3.5,"name":null}],"color":[{"time":3.1666,"color":"ffffffff"},{"time":3.5,"color":"ffffff00"}]},"5200_S1_slash1/5200_S1_slash1_00001":{"attachment":[{"time":2.5,"name":"5200_S1_slash1/5200_S1_slash1_00001"},{"time":2.5333,"name":"5200_S1_slash1/5200_S1_slash1_00002"},{"time":2.5666,"name":"5200_S1_slash1/5200_S1_slash1_00003"},{"time":2.6,"name":"5200_S1_slash1/5200_S1_slash1_00004"}],"color":[{"time":2.5666,"color":"ffffffff"},{"time":2.7,"color":"ffffff00"}]},"5200_S2_slash1/5200_S2_slash1_00007":{"attachment":[{"time":2.6333,"name":"5200_S2_slash1/5200_S2_slash1_00007"},{"time":2.8,"name":null},{"time":2.9666,"name":"5200_S2_slash1/5200_S2_slash1_00007"},{"time":3.1333,"name":null}]},"5200_S2_slash1/5200_S2_slash1_7":{"attachment":[{"time":2.6666,"name":"5200_S2_slash1/5200_S2_slash1_00007"},{"time":2.8333,"name":null},{"time":2.8666,"name":"5200_S2_slash1/5200_S2_slash1_00007"},{"time":3.0333,"name":null}]},"5200_S2_slash1/5200_S2_slash1_8":{"attachment":[{"time":2.8,"name":"5200_S2_slash1/5200_S2_slash1_00007"},{"time":2.9666,"name":null},{"time":3,"name":"5200_S2_slash1/5200_S2_slash1_00007"},{"time":3.1666,"name":null}]},"5200_S2_slash1/5200_S2_slash1_9":{"attachment":[{"time":2.6,"name":"5200_S2_slash1/5200_S2_slash1_00007"},{"time":2.7666,"name":null},{"time":2.8,"name":"5200_S2_slash1/5200_S2_slash1_00007"},{"time":2.9666,"name":null}]},"5200_S2_slash1/5200_S2_slash1_10":{"attachment":[{"time":2.6333,"name":"5200_S2_slash1/5200_S2_slash1_00007"},{"time":2.8,"name":null},{"time":2.8333,"name":"5200_S2_slash1/5200_S2_slash1_00007"},{"time":3,"name":null}]},"5200_S2_slash2/5200_S2_slash2_00007":{"attachment":[{"time":2.6,"name":"5200_S2_slash2/5200_S2_slash2_00007"},{"time":2.9,"name":null}]},"5200_S2_slash2/5200_S2_slash2_7":{"attachment":[{"time":2.8,"name":"5200_S2_slash2/5200_S2_slash2_00007"},{"time":3.1,"name":null}]},"5200_S2_slash2/5200_S2_slash2_8":{"attachment":[{"time":2.7333,"name":"5200_S2_slash2/5200_S2_slash2_00007"},{"time":3,"name":null}]},"5200_S2_smash1/5200_S2_smash1_00002":{"attachment":[{"time":2.5,"name":"5200_S2_smash1/5200_S2_smash1_00002"},{"time":2.5333,"name":"5200_S2_smash1/5200_S2_smash1_00003"},{"time":2.5666,"name":"5200_S2_smash1/5200_S2_smash1_00004"},{"time":2.6,"name":"5200_S2_smash1/5200_S2_smash1_00005"},{"time":2.6333,"name":"5200_S2_smash1/5200_S2_smash1_00006"},{"time":2.6666,"name":"5200_S2_smash1/5200_S2_smash1_00007"}],"color":[{"time":2.6,"color":"ffffffff"},{"time":2.7666,"color":"ffffff00"}]},"5200_S2_smash2/5200_S2_smash2_00003":{"attachment":[{"time":2.5,"name":"5200_S2_smash2/5200_S2_smash2_00003"},{"time":2.6,"name":"5200_S2_smash2/5200_S2_smash2_00005"}],"color":[{"time":2.6666,"color":"ffffffff"},{"time":2.7666,"color":"ffffff00"}]},"5200_S2_smash3/5200_S2_smash3_00003":{"attachment":[{"time":2.5,"name":"5200_S2_smash3/5200_S2_smash3_00003"},{"time":2.5333,"name":"5200_S2_smash3/5200_S2_smash3_00004"},{"time":2.6,"name":"5200_S2_smash3/5200_S2_smash3_00005"},{"time":2.6333,"name":"5200_S2_smash3/5200_S2_smash3_00006"}],"color":[{"time":2.5666,"color":"ffffffff"},{"time":2.7,"color":"ffffff00"}]},"5200_S2_wind1/5200_S2_wind1_00006":{"attachment":[{"time":0,"name":null},{"time":2.7,"name":"5200_S2_wind1/5200_S2_wind1_00006"},{"time":3.0666,"name":null}]},"5200_S2_wind2/5200_S2_wind2_00023":{"attachment":[{"time":2.6666,"name":"5200_S2_wind2/5200_S2_wind2_00023"},{"time":2.7,"name":"5200_S2_wind2/5200_S2_wind2_00024"},{"time":2.7333,"name":"5200_S2_wind2/5200_S2_wind2_00025"},{"time":2.7666,"name":"5200_S2_wind2/5200_S2_wind2_00023"},{"time":2.8,"name":"5200_S2_wind2/5200_S2_wind2_00024"},{"time":2.8333,"name":"5200_S2_wind2/5200_S2_wind2_00025"},{"time":2.8666,"name":"5200_S2_wind2/5200_S2_wind2_00023"},{"time":2.9,"name":"5200_S2_wind2/5200_S2_wind2_00024"},{"time":2.9333,"name":"5200_S2_wind2/5200_S2_wind2_00025"},{"time":2.9666,"name":null}]},"690_S2_rock2/690_S2_rock2_00005":{"attachment":[{"time":2.6666,"name":"690_S2_rock2/690_S2_rock2_00005"},{"time":2.9,"name":null}]},"690_S2_rock2/690_S2_rock2_5":{"attachment":[{"time":2.7,"name":"690_S2_rock2/690_S2_rock2_00005"},{"time":2.9333,"name":null}]},"690_S2_rock2/690_S2_rock2_6":{"attachment":[{"time":2.7333,"name":"690_S2_rock2/690_S2_rock2_00005"},{"time":2.9666,"name":null}]}},"bones":{"5200_S2_smash1/5200_S2_smash1_00002":{"translate":[{"time":2.5,"x":0,"y":25.82},{"time":2.7666,"x":0,"y":49.23}],"scale":[{"time":2.5,"x":1.275,"y":1.275},{"time":2.7333,"x":2.777,"y":2.777}]},"root":{"translate":[{"time":2.5,"x":-123.53,"y":114.16}],"scale":[{"time":2.5,"x":2.288,"y":2.288}]},"5200_S2_smash2/5200_S2_smash2_00003":{"translate":[{"time":2.5,"x":-202.68,"y":83.37,"curve":"stepped"},{"time":2.5333,"x":-210.49,"y":59.79},{"time":2.5666,"x":-210.49,"y":62.8},{"time":2.7333,"x":-210.12,"y":136.21}],"scale":[{"time":2.5,"x":0.538,"y":0.888,"curve":"stepped"},{"time":2.5333,"x":3.17,"y":2.052,"curve":"stepped"},{"time":2.5666,"x":3.17,"y":2.052},{"time":2.6,"x":3.504,"y":1.698},{"time":2.7,"x":1.465,"y":1.698}]},"5200_S2_smash3/5200_S2_smash3_00003":{"translate":[{"time":2.5,"x":-200.62,"y":3.65},{"time":2.7,"x":-200.62,"y":29.58}],"scale":[{"time":2.5,"x":0.956,"y":0.956,"curve":[0.199,0.4,0.75,1]},{"time":2.7,"x":1.55,"y":1.55}]},"5200_S2_wind1/5200_S2_wind1_00006":{"translate":[{"time":2.7,"x":-191.86,"y":-578.42},{"time":2.8666,"x":-191.86,"y":1129.06,"curve":"stepped"},{"time":2.9,"x":-191.86,"y":-578.42},{"time":3.0666,"x":-191.86,"y":1129.06}],"scale":[{"time":2.7,"x":11.551,"y":11.551}]},"5200_S1_dome1/5200_S1_dome1_00002":{"translate":[{"time":2.5666,"x":-208.84,"y":-94.63}],"scale":[{"time":2.5666,"x":1.483,"y":1.483},{"time":2.6333,"x":1.889,"y":1.889,"curve":"stepped"},{"time":2.7333,"x":1.889,"y":1.889},{"time":3.1333,"x":1.946,"y":1.946}]},"5200_S1_slash1/5200_S1_slash1_00001":{"translate":[{"time":2.5,"x":-157.02,"y":-51.91}],"scale":[{"time":2.5,"x":1.801,"y":1.801}]},"5200_S2_slash1/5200_S2_slash1_10":{"translate":[{"time":2.6333,"x":-248.3,"y":141.61},{"time":2.7,"x":-248.3,"y":-16.38},{"time":2.7666,"x":-248.3,"y":-28.31,"curve":"stepped"},{"time":2.8333,"x":-248.3,"y":141.61},{"time":2.9,"x":-248.3,"y":-22.34},{"time":2.9666,"x":-248.3,"y":-28.31}],"scale":[{"time":2.6333,"x":1.941,"y":1},{"time":2.7,"x":2.918,"y":1.07},{"time":2.7666,"x":0.479,"y":0.479,"curve":"stepped"},{"time":2.8333,"x":1.941,"y":1},{"time":2.9,"x":2.918,"y":1.07},{"time":2.9666,"x":0.479,"y":0.479}]},"5200_S2_slash1/5200_S2_slash1_00007":{"translate":[{"time":2.6333,"x":-224.04,"y":218.21},{"time":2.7,"x":-229.15,"y":-12.56},{"time":2.7666,"x":-227.23,"y":-28.31,"curve":"stepped"},{"time":2.9666,"x":-224.04,"y":218.21},{"time":3.0333,"x":-229.15,"y":-33.82},{"time":3.1,"x":-227.23,"y":-28.31}],"scale":[{"time":2.6333,"x":1.941,"y":1},{"time":2.7,"x":2.918,"y":1.07},{"time":2.7666,"x":0.479,"y":0.479,"curve":"stepped"},{"time":2.9666,"x":1.941,"y":1},{"time":3.0333,"x":2.918,"y":1.07},{"time":3.1,"x":0.479,"y":0.479}]},"5200_S2_slash1/5200_S2_slash1_9":{"translate":[{"time":2.6,"x":-173.92,"y":150.2},{"time":2.6666,"x":-172.17,"y":10.83},{"time":2.7333,"x":-170.42,"y":-28.31,"curve":"stepped"},{"time":2.8,"x":-173.92,"y":150.2},{"time":2.8666,"x":-172.17,"y":-4.9},{"time":2.9333,"x":-170.42,"y":-28.31}],"scale":[{"time":2.6,"x":1.941,"y":1},{"time":2.6666,"x":2.918,"y":1.07},{"time":2.7333,"x":0.479,"y":0.479,"curve":"stepped"},{"time":2.8,"x":1.941,"y":1},{"time":2.8666,"x":2.918,"y":1.07},{"time":2.9333,"x":0.479,"y":0.479}]},"5200_S2_slash1/5200_S2_slash1_8":{"translate":[{"time":2.8,"x":-208.04,"y":141.61},{"time":2.8666,"x":-208.04,"y":53.78},{"time":2.9333,"x":-208.04,"y":-28.31,"curve":"stepped"},{"time":3,"x":-208.04,"y":141.61},{"time":3.0666,"x":-208.04,"y":53.78},{"time":3.1333,"x":-208.04,"y":-28.31}],"scale":[{"time":2.8,"x":1.941,"y":1},{"time":2.8666,"x":2.918,"y":1.07},{"time":2.9333,"x":0.479,"y":0.479,"curve":"stepped"},{"time":3,"x":1.941,"y":1},{"time":3.0666,"x":2.918,"y":1.07},{"time":3.1333,"x":0.479,"y":0.479}]},"5200_S2_slash1/5200_S2_slash1_7":{"translate":[{"time":2.6666,"x":-185.07,"y":210.89},{"time":2.7333,"x":-185.07,"y":3.48},{"time":2.8,"x":-185.07,"y":-15.31,"curve":"stepped"},{"time":2.8666,"x":-185.07,"y":210.89},{"time":2.9333,"x":-185.07,"y":19.64},{"time":3,"x":-185.07,"y":-15.31}],"scale":[{"time":2.6666,"x":1.941,"y":1},{"time":2.7333,"x":2.918,"y":1.07},{"time":2.8,"x":0.479,"y":0.479,"curve":"stepped"},{"time":2.8666,"x":1.941,"y":1},{"time":2.9333,"x":2.918,"y":1.07},{"time":3,"x":0.479,"y":0.479}]},"5200_S2_slash2/5200_S2_slash2_00007":{"translate":[{"time":2.6,"x":-155.17,"y":229.05},{"time":2.7333,"x":-155.17,"y":31.15},{"time":2.8666,"x":-155.17,"y":6.73}],"scale":[{"time":2.6,"x":3.297,"y":0.858},{"time":2.7333,"x":3.297,"y":1.971},{"time":2.8666,"x":0.93,"y":0.389}]},"5200_S2_slash2/5200_S2_slash2_7":{"translate":[{"time":2.8,"x":-230.8,"y":259.14},{"time":2.9333,"x":-230.8,"y":136.15},{"time":3.0666,"x":-230.8,"y":6.73}],"scale":[{"time":2.8,"x":1.734,"y":0.858},{"time":2.9333,"x":2.339,"y":1.338},{"time":3.0666,"x":0.93,"y":0.389}]},"5200_S2_slash2/5200_S2_slash2_8":{"translate":[{"time":2.7333,"x":-259.19,"y":227.79},{"time":2.8333,"x":-259.2,"y":34.7},{"time":2.9666,"x":-259.2,"y":3.34}],"scale":[{"time":2.8333,"x":2.721,"y":1.651},{"time":2.9666,"x":1.723,"y":0.489}]},"690_S2_rock2/690_S2_rock2_00005":{"translate":[{"time":2.6666,"x":-185.18,"y":-400.35},{"time":2.7666,"x":-185.18,"y":695.75,"curve":"stepped"},{"time":2.8,"x":-185.18,"y":-377.38},{"time":2.9,"x":-185.18,"y":695.75}],"scale":[{"time":2.6666,"x":4.62,"y":4.62}]},"690_S2_rock2/690_S2_rock2_5":{"translate":[{"time":2.7,"x":-185.18,"y":-501.22},{"time":2.8,"x":-185.18,"y":695.75,"curve":"stepped"},{"time":2.8333,"x":-185.18,"y":-501.22},{"time":2.9333,"x":-185.18,"y":695.75}],"scale":[{"time":2.7,"x":4.62,"y":4.62}]},"690_S2_rock2/690_S2_rock2_6":{"translate":[{"time":2.7333,"x":-185.18,"y":-548.61},{"time":2.8333,"x":-185.18,"y":695.75,"curve":"stepped"},{"time":2.8666,"x":-185.18,"y":-548.61},{"time":2.9666,"x":-185.18,"y":695.75}],"scale":[{"time":2.7333,"x":4.62,"y":4.62}]},"5200_S2_wind2/5200_S2_wind2_00023":{"translate":[{"time":2.6666,"x":-182.08,"y":-2.14}],"scale":[{"time":2.6666,"x":5.866,"y":5.866}]}}},"2-attack1":{},"2-attack2":{"slots":{"5200_S1_smash1/5200_S1_smash1_00002":{"attachment":[{"time":0.3333,"name":"5200_S1_smash1/5200_S1_smash1_00002"},{"time":0.3666,"name":"5200_S1_smash1/5200_S1_smash1_00003"},{"time":0.4,"name":"5200_S1_smash1/5200_S1_smash1_00004"},{"time":0.4333,"name":"5200_S1_smash1/5200_S1_smash1_00005"},{"time":0.4666,"name":"5200_S1_smash1/5200_S1_smash1_00006"},{"time":0.5,"name":"5200_S1_smash1/5200_S1_smash1_00007"},{"time":0.5333,"name":"5200_S1_smash1/5200_S1_smash1_00008"}],"color":[{"time":0.5,"color":"ffffffff"},{"time":0.6666,"color":"ffffff00"}]},"5200_S1_smash2/5200_S1_smash1_00001":{"attachment":[{"time":0.3333,"name":"5200_S1_smash2/5200_S1_smash1_00001"},{"time":0.3666,"name":"5200_S1_smash2/5200_S1_smash1_00003"},{"time":0.4333,"name":"5200_S1_smash2/5200_S1_smash1_00005"},{"time":0.5,"name":null}]},"5200_S2_smash1/5200_S2_smash1_00002":{"attachment":[{"time":0.3333,"name":null}]},"5240_S1_wave2/5240_S1_wave2_00001":{"attachment":[{"time":0.3666,"name":"5240_S1_wave2/5240_S1_wave2_00001"},{"time":0.4333,"name":"5240_S1_wave2/5240_S1_wave2_00002"},{"time":0.4666,"name":"5240_S1_wave2/5240_S1_wave2_00003"},{"time":0.5,"name":"5240_S1_wave2/5240_S1_wave2_00006"},{"time":0.5333,"name":"5240_S1_wave2/5240_S1_wave2_00009"},{"time":0.6,"name":"5240_S1_wave2/5240_S1_wave2_00010"}],"color":[{"time":0.5333,"color":"ffffffff","curve":[0.217,0.38,0.716,1]},{"time":0.8333,"color":"ffffff00"}]}},"bones":{"5200_S1_smash2/5200_S1_smash1_00001":{"rotate":[{"time":0.3333,"angle":-8.33}],"translate":[{"time":0.3333,"x":-262.95,"y":63.77}],"scale":[{"time":0.3333,"x":4.645,"y":4.645}]},"5200_S1_smash1/5200_S1_smash1_00002":{"translate":[{"time":0.3333,"x":-419.36,"y":63.12}],"scale":[{"time":0.3333,"x":2.484,"y":2.484},{"time":0.5333,"x":3.447,"y":3.447},{"time":0.6666,"x":3.888,"y":3.888}]},"5240_S1_wave2/5240_S1_wave2_00001":{"translate":[{"time":0.3666,"x":-441.08,"y":182.62},{"time":0.8333,"x":-441.08,"y":144.67}],"scale":[{"time":0.3666,"x":2.102,"y":2.102,"curve":[0.25,0,0.75,1]},{"time":0.7333,"x":2.806,"y":2.806}]}}},"2-attack3":{"slots":{"5200_S1_dome3/5200_S1_dome3_00004":{"attachment":[{"time":0.8,"name":"5200_S1_dome3/5200_S1_dome3_00004"},{"time":0.8333,"name":"5200_S1_dome3/5200_S1_dome3_00007"},{"time":0.8666,"name":"5200_S1_dome3/5200_S1_dome3_00009"},{"time":0.9,"name":"5200_S1_dome3/5200_S1_dome3_00011"},{"time":0.9333,"name":"5200_S1_dome3/5200_S1_dome3_00012"},{"time":0.9666,"name":"5200_S1_dome3/5200_S1_dome3_00013"}],"color":[{"time":0.8666,"color":"ffffffff","curve":[0.207,0.88,0.75,1]},{"time":1.0666,"color":"ffffff00"}]},"5200_S1_slash1/5200_S1_slash1_00001":{"attachment":[{"time":0.7666,"name":"5200_S1_slash1/5200_S1_slash1_00001"},{"time":0.8,"name":"5200_S1_slash1/5200_S1_slash1_00002"},{"time":0.8333,"name":"5200_S1_slash1/5200_S1_slash1_00003"},{"time":0.9,"name":"5200_S1_slash1/5200_S1_slash1_00004"},{"time":0.9666,"name":null}],"color":[{"time":0.8666,"color":"ffffffff"},{"time":0.9666,"color":"ffffff00"}]},"5200_S1_smash1/5200_S1_smash1_00002":{"attachment":[{"time":0.7666,"name":null}]},"5200_S2_smash3/5200_S2_smash3_00003":{"attachment":[{"time":0.7666,"name":"5200_S2_smash3/5200_S2_smash3_00003"},{"time":0.8,"name":"5200_S2_smash3/5200_S2_smash3_00004"},{"time":0.8333,"name":"5200_S2_smash3/5200_S2_smash3_00005"},{"time":0.8666,"name":"5200_S2_smash3/5200_S2_smash3_00006"},{"time":0.9333,"name":null}],"color":[{"time":0.8333,"color":"ffffffff"},{"time":0.9333,"color":"ffffff00"}]},"690_S2_rock2/690_S2_rock2_00005":{"attachment":[{"time":0.7666,"name":null}]},"BLD_NTR_ex3/BLD_NTR_ex3_00001":{"attachment":[{"time":0.7666,"name":"BLD_NTR_ex3/BLD_NTR_ex3_00001"},{"time":0.8,"name":"BLD_NTR_ex3/BLD_NTR_ex3_00002"},{"time":0.8333,"name":"BLD_NTR_ex3/BLD_NTR_ex3_00003"},{"time":0.8666,"name":"BLD_NTR_ex3/BLD_NTR_ex3_00004"},{"time":0.9,"name":"BLD_NTR_ex3/BLD_NTR_ex3_00005"},{"time":0.9333,"name":"BLD_NTR_ex3/BLD_NTR_ex3_00008"},{"time":0.9666,"name":null}]}},"bones":{"5200_S2_smash3/5200_S2_smash3_00003":{"translate":[{"time":0.7666,"x":-361.72,"y":32.79},{"time":0.8666,"x":-361.72,"y":79.65}],"scale":[{"time":0.7666,"x":2.481,"y":2.481},{"time":0.8666,"x":5.583,"y":5.583}]},"5200_S1_slash1/5200_S1_slash1_00001":{"rotate":[{"time":0.7666,"angle":43.19}],"translate":[{"time":0.7666,"x":-316.85,"y":115.3}],"scale":[{"time":0.7666,"x":5.111,"y":5.435}]},"5200_S1_dome3/5200_S1_dome3_00004":{"translate":[{"time":0.8,"x":-350.57,"y":-57.89}],"scale":[{"time":0.8,"x":3.286,"y":3.286,"curve":[0.174,0.82,0.75,1]},{"time":1.0666,"x":8.563,"y":8.563}]},"BLD_NTR_ex3/BLD_NTR_ex3_00001":{"translate":[{"time":0.7666,"x":-336.3,"y":126.9}],"scale":[{"time":0.7666,"x":2.886,"y":2.886}]}}},"2-attack4":{"slots":{"5200_S1_slash1/5200_S1_slash1_00001":{"attachment":[{"time":0.6666,"name":"5200_S1_slash1/5200_S1_slash1_00001"},{"time":0.7,"name":"5200_S1_slash1/5200_S1_slash1_00002"},{"time":0.7333,"name":"5200_S1_slash1/5200_S1_slash1_00003"},{"time":0.7666,"name":"5200_S1_slash1/5200_S1_slash1_00004"}],"color":[{"time":0.7333,"color":"ffffffff"},{"time":0.8666,"color":"ffffff00"}]},"5200_S2_smash3/5200_S2_smash3_00003":{"attachment":[{"time":0.6666,"name":"5200_S2_smash3/5200_S2_smash3_00003"},{"time":0.7,"name":"5200_S2_smash3/5200_S2_smash3_00004"},{"time":0.7666,"name":"5200_S2_smash3/5200_S2_smash3_00005"},{"time":0.8,"name":"5200_S2_smash3/5200_S2_smash3_00006"},{"time":0.8666,"name":null}],"color":[{"time":0.7333,"color":"ffffffff"},{"time":0.8666,"color":"ffffff00"}]},"5200_S2_wind1/5200_S2_wind1_00006":{"attachment":[{"time":0,"name":null}]}},"bones":{"root":{"translate":[{"time":0.6333,"x":-85.22,"y":114.16}],"scale":[{"time":0.6333,"x":2.288,"y":2.288}]},"5200_S2_smash3/5200_S2_smash3_00003":{"translate":[{"time":0.6666,"x":-223.75,"y":-9.66},{"time":0.8,"x":-223.74,"y":21.11}],"scale":[{"time":0.6666,"x":1.356,"y":1.356,"curve":[0.199,0.4,0.75,1]},{"time":0.8,"x":2.769,"y":2.769}]},"5200_S1_slash1/5200_S1_slash1_00001":{"rotate":[{"time":0.6666,"angle":16.82}],"translate":[{"time":0.6666,"x":-150.66,"y":-55.41},{"time":0.7,"x":-174.01,"y":-20.55}],"scale":[{"time":0.6666,"x":2.417,"y":2.546}]}}},"2-skill1":{"slots":{"5200_S1_dome1/5200_S1_dome1_00002":{"attachment":[{"time":0.8333,"name":"5200_S1_dome1/5200_S1_dome1_00002"},{"time":0.8666,"name":"5200_S1_dome1/5200_S1_dome1_00003"},{"time":0.9333,"name":"5200_S1_dome1/5200_S1_dome1_00005"},{"time":1,"name":"5200_S1_dome1/5200_S1_dome1_00007"},{"time":1.0666,"name":"5200_S1_dome1/5200_S1_dome1_00009"},{"time":1.1333,"name":"5200_S1_dome1/5200_S1_dome1_00011"},{"time":1.2,"name":"5200_S1_dome1/5200_S1_dome1_00013"}],"color":[{"time":1.1666,"color":"ffffffff"},{"time":1.3333,"color":"ffffff00"}]},"5200_S1_dome2/5200_S1_dome2_00003":{"attachment":[{"time":0.8333,"name":"5200_S1_dome2/5200_S1_dome2_00003"},{"time":0.8666,"name":"5200_S1_dome2/5200_S1_dome2_00004"},{"time":0.9,"name":"5200_S1_dome2/5200_S1_dome2_00005"},{"time":0.9666,"name":"5200_S1_dome2/5200_S1_dome2_00008"},{"time":1,"name":"5200_S1_dome2/5200_S1_dome2_00010"},{"time":1.0666,"name":"5200_S1_dome2/5200_S1_dome2_00012"},{"time":1.1,"name":"5200_S1_dome2/5200_S1_dome2_00018"}],"color":[{"time":1.3,"color":"ffffffff","curve":[0.27,0.75,0.75,1]},{"time":1.7333,"color":"ffffff00"}]},"5200_S1_dome3/5200_S1_dome3_00004":{"attachment":[{"time":0.8666,"name":"5200_S1_dome3/5200_S1_dome3_00004"},{"time":0.9,"name":"5200_S1_dome3/5200_S1_dome3_00007"},{"time":0.9333,"name":"5200_S1_dome3/5200_S1_dome3_00009"},{"time":0.9666,"name":"5200_S1_dome3/5200_S1_dome3_00011"},{"time":1,"name":"5200_S1_dome3/5200_S1_dome3_00012"},{"time":1.0333,"name":"5200_S1_dome3/5200_S1_dome3_00013"}],"color":[{"time":0.9333,"color":"ffffffff","curve":[0.207,0.88,0.75,1]},{"time":1.1333,"color":"ffffff00"}]},"5200_S1_slash1/5200_S1_slash1_00001":{"attachment":[{"time":0.8,"name":"5200_S1_slash1/5200_S1_slash1_00001"},{"time":0.8333,"name":"5200_S1_slash1/5200_S1_slash1_00002"},{"time":0.8666,"name":"5200_S1_slash1/5200_S1_slash1_00003"},{"time":0.9,"name":"5200_S1_slash1/5200_S1_slash1_00004"},{"time":1.2333,"name":null}],"color":[{"time":0.9,"color":"ffffffff"},{"time":1,"color":"ffffff00"}]},"5200_S1_smash1/5200_S1_smash1_00002":{"attachment":[{"time":0.1666,"name":"5200_S1_smash1/5200_S1_smash1_00002"},{"time":0.2,"name":"5200_S1_smash1/5200_S1_smash1_00003"},{"time":0.2333,"name":"5200_S1_smash1/5200_S1_smash1_00004"},{"time":0.2666,"name":"5200_S1_smash1/5200_S1_smash1_00005"},{"time":0.3,"name":"5200_S1_smash1/5200_S1_smash1_00006"},{"time":0.3333,"name":"5200_S1_smash1/5200_S1_smash1_00007"},{"time":0.3666,"name":"5200_S1_smash1/5200_S1_smash1_00008"},{"time":0.8,"name":null}],"color":[{"time":0.3333,"color":"ffffffff"},{"time":0.5,"color":"ffffff00"}]},"5200_S1_smash2/5200_S1_smash1_00001":{"attachment":[{"time":0.1666,"name":"5200_S1_smash2/5200_S1_smash1_00001"},{"time":0.2,"name":"5200_S1_smash2/5200_S1_smash1_00003"},{"time":0.2666,"name":"5200_S1_smash2/5200_S1_smash1_00005"},{"time":0.3333,"name":null}]},"5200_S2_smash1/5200_S2_smash1_00002":{"attachment":[{"time":0.1666,"name":null}]},"5200_S2_smash3/5200_S2_smash3_00003":{"attachment":[{"time":0.8,"name":"5200_S2_smash3/5200_S2_smash3_00003"},{"time":0.8333,"name":"5200_S2_smash3/5200_S2_smash3_00004"},{"time":0.8666,"name":"5200_S2_smash3/5200_S2_smash3_00005"},{"time":0.9,"name":"5200_S2_smash3/5200_S2_smash3_00006"}],"color":[{"time":0.8666,"color":"ffffffff"},{"time":0.9666,"color":"ffffff00"}]},"5240_S1_wave2/5240_S1_wave2_00001":{"attachment":[{"time":0.2,"name":"5240_S1_wave2/5240_S1_wave2_00001"},{"time":0.2666,"name":"5240_S1_wave2/5240_S1_wave2_00002"},{"time":0.3,"name":"5240_S1_wave2/5240_S1_wave2_00003"},{"time":0.3333,"name":"5240_S1_wave2/5240_S1_wave2_00006"},{"time":0.3666,"name":"5240_S1_wave2/5240_S1_wave2_00009"},{"time":0.4333,"name":"5240_S1_wave2/5240_S1_wave2_00010"}],"color":[{"time":0.3666,"color":"ffffffff","curve":[0.217,0.38,0.716,1]},{"time":0.7,"color":"ffffff00"}]},"690_S2_rock2/690_S2_rock2_00005":{"attachment":[{"time":0.8,"name":null}]},"9140_A4_wind1/9140_A4_wind1_00000":{"attachment":[{"time":0.9,"name":"9140_A4_wind1/9140_A4_wind1_00000"},{"time":0.9333,"name":"9140_A4_wind1/9140_A4_wind1_00001"},{"time":1,"name":"9140_A4_wind1/9140_A4_wind1_00002"},{"time":1.0666,"name":"9140_A4_wind1/9140_A4_wind1_00004"},{"time":1.1,"name":"9140_A4_wind1/9140_A4_wind1_00006"},{"time":1.1666,"name":"9140_A4_wind1/9140_A4_wind1_00008"},{"time":1.2333,"name":"9140_A4_wind1/9140_A4_wind1_00002"},{"time":1.3,"name":"9140_A4_wind1/9140_A4_wind1_00004"},{"time":1.3666,"name":"9140_A4_wind1/9140_A4_wind1_00006"}],"color":[{"time":1,"color":"ffffffff"},{"time":1.3666,"color":"ffffff00"}]},"BLD_NTR_ex3/BLD_NTR_ex3_00001":{"attachment":[{"time":0.8,"name":"BLD_NTR_ex3/BLD_NTR_ex3_00001"},{"time":0.8333,"name":"BLD_NTR_ex3/BLD_NTR_ex3_00002"},{"time":0.8666,"name":"BLD_NTR_ex3/BLD_NTR_ex3_00003"},{"time":0.9,"name":"BLD_NTR_ex3/BLD_NTR_ex3_00004"},{"time":0.9333,"name":"BLD_NTR_ex3/BLD_NTR_ex3_00005"},{"time":0.9666,"name":"BLD_NTR_ex3/BLD_NTR_ex3_00008"},{"time":1,"name":null}]}},"bones":{"5200_S2_smash3/5200_S2_smash3_00003":{"translate":[{"time":0.8,"x":-346.1,"y":81.21},{"time":0.9666,"x":-336.23,"y":112.33}],"scale":[{"time":0.8,"x":2.481,"y":2.481}]},"5200_S1_smash2/5200_S1_smash1_00001":{"rotate":[{"time":0.1666,"angle":-8.33}],"translate":[{"time":0.1666,"x":-262.95,"y":63.77}],"scale":[{"time":0.1666,"x":4.645,"y":4.645}]},"5200_S1_smash1/5200_S1_smash1_00002":{"translate":[{"time":0.1666,"x":-419.36,"y":63.12}],"scale":[{"time":0.1666,"x":2.484,"y":2.484},{"time":0.3666,"x":3.447,"y":3.447},{"time":0.5,"x":3.888,"y":3.888}]},"5240_S1_wave2/5240_S1_wave2_00001":{"translate":[{"time":0.2,"x":-441.08,"y":182.62},{"time":0.7,"x":-441.08,"y":144.67}],"scale":[{"time":0.2,"x":2.102,"y":2.102,"curve":[0.25,0,0.75,1]},{"time":0.5666,"x":2.806,"y":2.806}]},"5200_S1_slash1/5200_S1_slash1_00001":{"rotate":[{"time":0.8,"angle":43.19}],"translate":[{"time":0.8,"x":-281.41,"y":87.69}],"scale":[{"time":0.8,"x":5.111,"y":5.435}]},"5200_S1_dome1/5200_S1_dome1_00002":{"translate":[{"time":0.8333,"x":-394.92,"y":-53.88}],"scale":[{"time":0.8333,"x":2.355,"y":2.355},{"time":0.8666,"x":2.828,"y":2.828,"curve":"stepped"},{"time":0.9333,"x":2.944,"y":2.944,"curve":[0.141,0.98,0.512,1]},{"time":1.2,"x":3.326,"y":3.326}]},"5200_S1_dome2/5200_S1_dome2_00003":{"translate":[{"time":0.8333,"x":-385.64,"y":-18.17,"curve":"stepped"},{"time":1.1,"x":-385.64,"y":-18.17}],"scale":[{"time":0.8333,"x":3.404,"y":3.404,"curve":"stepped"},{"time":1.1,"x":3.656,"y":3.656,"curve":[0.141,0.94,0.376,1]},{"time":1.7333,"x":4.299,"y":4.299}]},"9140_A4_wind1/9140_A4_wind1_00000":{"translate":[{"time":0.9,"x":-161.61,"y":105.39},{"time":0.9333,"x":-191.12,"y":158.09,"curve":[0.159,0.94,0.75,1]},{"time":1.3666,"x":-207.99,"y":164.41}],"scale":[{"time":0.9,"x":2.083,"y":2.083},{"time":0.9666,"x":3.369,"y":3.369}]},"5200_S1_dome3/5200_S1_dome3_00004":{"translate":[{"time":0.8666,"x":-384.94,"y":62.37}],"scale":[{"time":0.8666,"x":3.286,"y":3.286,"curve":[0.174,0.82,0.75,1]},{"time":1.1333,"x":8.563,"y":8.563}]},"BLD_NTR_ex3/BLD_NTR_ex3_00001":{"translate":[{"time":0.8,"x":-336.3,"y":126.9}],"scale":[{"time":0.8,"x":2.886,"y":2.886}]}}},"2-skill2":{"slots":{"5200_S1_dome1/5200_S1_dome1_00002":{"attachment":[{"time":2.5666,"name":"5200_S1_dome1/5200_S1_dome1_00002"},{"time":2.6333,"name":"5200_S1_dome1/5200_S1_dome1_00003"},{"time":2.7333,"name":"5200_S1_dome1/5200_S1_dome1_00005"},{"time":2.8,"name":"5200_S1_dome1/5200_S1_dome1_00007"},{"time":2.8666,"name":"5200_S1_dome1/5200_S1_dome1_00009"},{"time":2.9333,"name":"5200_S1_dome1/5200_S1_dome1_00005"},{"time":3,"name":"5200_S1_dome1/5200_S1_dome1_00005"},{"time":3.0666,"name":"5200_S1_dome1/5200_S1_dome1_00009"},{"time":3.1333,"name":"5200_S1_dome1/5200_S1_dome1_00005"},{"time":3.2,"name":"5200_S1_dome1/5200_S1_dome1_00007"},{"time":3.2666,"name":"5200_S1_dome1/5200_S1_dome1_00005"},{"time":3.3333,"name":"5200_S1_dome1/5200_S1_dome1_00007"},{"time":3.4,"name":"5200_S1_dome1/5200_S1_dome1_00009"},{"time":3.4666,"name":"5200_S1_dome1/5200_S1_dome1_00011"},{"time":3.5333,"name":"5200_S1_dome1/5200_S1_dome1_00013"},{"time":3.7,"name":null}],"color":[{"time":3.2666,"color":"ffffffff"},{"time":3.6666,"color":"ffffff00"}]},"5200_S1_dome2/5200_S1_dome2_00003":{"attachment":[{"time":2.7,"name":"5200_S1_dome2/5200_S1_dome2_00003"},{"time":2.7666,"name":"5200_S1_dome2/5200_S1_dome2_00004"},{"time":2.8333,"name":"5200_S1_dome2/5200_S1_dome2_00005"},{"time":2.9,"name":"5200_S1_dome2/5200_S1_dome2_00008"},{"time":2.9666,"name":"5200_S1_dome2/5200_S1_dome2_00010"},{"time":3.0333,"name":"5200_S1_dome2/5200_S1_dome2_00012"},{"time":3.3,"name":"5200_S1_dome2/5200_S1_dome2_00018"},{"time":3.5666,"name":null}],"color":[{"time":3.0333,"color":"ffffffff","curve":[0.157,0.88,0.452,1]},{"time":3.5666,"color":"ffffff00"}]},"5200_S1_dome3/5200_S1_dome3_00004":{"attachment":[{"time":2.7666,"name":"5200_S1_dome3/5200_S1_dome3_00004"},{"time":2.8333,"name":"5200_S1_dome3/5200_S1_dome3_00007"},{"time":2.9,"name":"5200_S1_dome3/5200_S1_dome3_00009"},{"time":2.9666,"name":"5200_S1_dome3/5200_S1_dome3_00011"},{"time":3.0333,"name":"5200_S1_dome3/5200_S1_dome3_00012"},{"time":3.0666,"name":"5200_S1_dome3/5200_S1_dome3_00013"}],"color":[{"time":2.9,"color":"ffffffff","curve":[0.207,0.88,0.75,1]},{"time":3.2666,"color":"ffffff00"}]},"5200_S1_slash1/5200_S1_slash1_00001":{"attachment":[{"time":2.5,"name":"5200_S1_slash1/5200_S1_slash1_00001"},{"time":2.5333,"name":"5200_S1_slash1/5200_S1_slash1_00002"},{"time":2.5666,"name":"5200_S1_slash1/5200_S1_slash1_00003"},{"time":2.6,"name":"5200_S1_slash1/5200_S1_slash1_00004"}],"color":[{"time":2.5666,"color":"ffffffff"},{"time":2.7,"color":"ffffff00"}]},"5200_S2_slash1/5200_S2_slash1_00007":{"attachment":[{"time":2.6333,"name":"5200_S2_slash1/5200_S2_slash1_00007"},{"time":2.7333,"name":null},{"time":2.7666,"name":"5200_S2_slash1/5200_S2_slash1_00007"},{"time":2.8666,"name":null},{"time":2.9,"name":"5200_S2_slash1/5200_S2_slash1_00007"},{"time":3,"name":null},{"time":3.0333,"name":"5200_S2_slash1/5200_S2_slash1_00007"},{"time":3.1333,"name":null},{"time":3.1666,"name":"5200_S2_slash1/5200_S2_slash1_00007"},{"time":3.2666,"name":null}]},"5200_S2_slash1/5200_S2_slash1_7":{"attachment":[{"time":2.6666,"name":"5200_S2_slash1/5200_S2_slash1_00007"},{"time":2.7666,"name":null},{"time":2.8,"name":"5200_S2_slash1/5200_S2_slash1_00007"},{"time":2.9,"name":null},{"time":2.9333,"name":"5200_S2_slash1/5200_S2_slash1_00007"},{"time":3.0333,"name":null},{"time":3.0666,"name":"5200_S2_slash1/5200_S2_slash1_00007"},{"time":3.1666,"name":null},{"time":3.2,"name":"5200_S2_slash1/5200_S2_slash1_00007"},{"time":3.3,"name":null}]},"5200_S2_slash1/5200_S2_slash1_8":{"attachment":[{"time":2.6,"name":"5200_S2_slash1/5200_S2_slash1_00007"},{"time":2.7,"name":null},{"time":2.7333,"name":"5200_S2_slash1/5200_S2_slash1_00007"},{"time":2.8333,"name":null},{"time":2.8666,"name":"5200_S2_slash1/5200_S2_slash1_00007"},{"time":2.9666,"name":null},{"time":3,"name":"5200_S2_slash1/5200_S2_slash1_00007"},{"time":3.1,"name":null},{"time":3.1333,"name":"5200_S2_slash1/5200_S2_slash1_00007"},{"time":3.2333,"name":null},{"time":3.2666,"name":"5200_S2_slash1/5200_S2_slash1_00007"},{"time":3.3666,"name":null}]},"5200_S2_slash1/5200_S2_slash1_9":{"attachment":[{"time":2.6,"name":"5200_S2_slash1/5200_S2_slash1_00007"},{"time":2.7,"name":null},{"time":2.7333,"name":"5200_S2_slash1/5200_S2_slash1_00007"},{"time":2.8333,"name":null},{"time":2.8666,"name":"5200_S2_slash1/5200_S2_slash1_00007"},{"time":2.9666,"name":null},{"time":3,"name":"5200_S2_slash1/5200_S2_slash1_00007"},{"time":3.1,"name":null},{"time":3.1333,"name":"5200_S2_slash1/5200_S2_slash1_00007"},{"time":3.2333,"name":null},{"time":3.2666,"name":"5200_S2_slash1/5200_S2_slash1_00007"},{"time":3.3666,"name":null}]},"5200_S2_slash1/5200_S2_slash1_10":{"attachment":[{"time":2.6666,"name":"5200_S2_slash1/5200_S2_slash1_00007"},{"time":2.7666,"name":null},{"time":2.8,"name":"5200_S2_slash1/5200_S2_slash1_00007"},{"time":2.9,"name":null},{"time":2.9333,"name":"5200_S2_slash1/5200_S2_slash1_00007"},{"time":3.0333,"name":null},{"time":3.0666,"name":"5200_S2_slash1/5200_S2_slash1_00007"},{"time":3.1666,"name":null},{"time":3.2333,"name":"5200_S2_slash1/5200_S2_slash1_00007"},{"time":3.3333,"name":null}]},"5200_S2_slash2/5200_S2_slash2_00007":{"attachment":[{"time":2.6,"name":"5200_S2_slash2/5200_S2_slash2_00007"},{"time":2.7,"name":null},{"time":2.7333,"name":"5200_S2_slash2/5200_S2_slash2_00007"},{"time":2.8333,"name":null},{"time":2.8666,"name":"5200_S2_slash2/5200_S2_slash2_00007"},{"time":2.9666,"name":null},{"time":3,"name":"5200_S2_slash2/5200_S2_slash2_00007"},{"time":3.1,"name":null},{"time":3.1333,"name":"5200_S2_slash2/5200_S2_slash2_00007"},{"time":3.2333,"name":null},{"time":3.2666,"name":"5200_S2_slash2/5200_S2_slash2_00007"},{"time":3.3666,"name":null}]},"5200_S2_slash2/5200_S2_slash2_7":{"attachment":[{"time":2.6666,"name":"5200_S2_slash2/5200_S2_slash2_00007"},{"time":2.7666,"name":null},{"time":2.8,"name":"5200_S2_slash2/5200_S2_slash2_00007"},{"time":2.9,"name":null},{"time":2.9333,"name":"5200_S2_slash2/5200_S2_slash2_00007"},{"time":3.0333,"name":null},{"time":3.0666,"name":"5200_S2_slash2/5200_S2_slash2_00007"},{"time":3.1666,"name":null},{"time":3.2333,"name":"5200_S2_slash2/5200_S2_slash2_00007"},{"time":3.3333,"name":null}]},"5200_S2_slash2/5200_S2_slash2_8":{"attachment":[{"time":2.7,"name":"5200_S2_slash2/5200_S2_slash2_00007"},{"time":2.8,"name":null},{"time":2.8333,"name":"5200_S2_slash2/5200_S2_slash2_00007"},{"time":2.9333,"name":null},{"time":2.9666,"name":"5200_S2_slash2/5200_S2_slash2_00007"},{"time":3.0666,"name":null},{"time":3.1,"name":"5200_S2_slash2/5200_S2_slash2_00007"},{"time":3.2,"name":null},{"time":3.3,"name":"5200_S2_slash2/5200_S2_slash2_00007"},{"time":3.4,"name":null}]},"5200_S2_smash1/5200_S2_smash1_00002":{"attachment":[{"time":2.5,"name":"5200_S2_smash1/5200_S2_smash1_00002"},{"time":2.5333,"name":"5200_S2_smash1/5200_S2_smash1_00003"},{"time":2.5666,"name":"5200_S2_smash1/5200_S2_smash1_00004"},{"time":2.6,"name":"5200_S2_smash1/5200_S2_smash1_00005"},{"time":2.6333,"name":"5200_S2_smash1/5200_S2_smash1_00006"},{"time":2.6666,"name":"5200_S2_smash1/5200_S2_smash1_00007"}],"color":[{"time":2.6,"color":"ffffffff"},{"time":2.7666,"color":"ffffff00"}]},"5200_S2_smash2/5200_S2_smash2_00003":{"attachment":[{"time":2.5,"name":"5200_S2_smash2/5200_S2_smash2_00003"},{"time":2.6,"name":"5200_S2_smash2/5200_S2_smash2_00005"}],"color":[{"time":2.6666,"color":"ffffffff"},{"time":2.7666,"color":"ffffff00"}]},"5200_S2_smash3/5200_S2_smash3_00003":{"attachment":[{"time":2.5,"name":"5200_S2_smash3/5200_S2_smash3_00003"},{"time":2.5333,"name":"5200_S2_smash3/5200_S2_smash3_00004"},{"time":2.6,"name":"5200_S2_smash3/5200_S2_smash3_00005"},{"time":2.6333,"name":"5200_S2_smash3/5200_S2_smash3_00006"}],"color":[{"time":2.5666,"color":"ffffffff"},{"time":2.7,"color":"ffffff00"}]},"5200_S2_wind1/5200_S2_wind1_00006":{"attachment":[{"time":0,"name":null},{"time":2.7,"name":"5200_S2_wind1/5200_S2_wind1_00006"},{"time":3.0666,"name":null}]},"5200_S2_wind2/5200_S2_wind2_00023":{"attachment":[{"time":2.6666,"name":"5200_S2_wind2/5200_S2_wind2_00023"},{"time":2.7,"name":"5200_S2_wind2/5200_S2_wind2_00024"},{"time":2.7333,"name":"5200_S2_wind2/5200_S2_wind2_00025"},{"time":2.7666,"name":"5200_S2_wind2/5200_S2_wind2_00023"},{"time":2.8,"name":"5200_S2_wind2/5200_S2_wind2_00024"},{"time":2.8333,"name":"5200_S2_wind2/5200_S2_wind2_00025"},{"time":2.8666,"name":"5200_S2_wind2/5200_S2_wind2_00023"},{"time":2.9,"name":"5200_S2_wind2/5200_S2_wind2_00024"},{"time":2.9333,"name":"5200_S2_wind2/5200_S2_wind2_00025"},{"time":2.9666,"name":null}]},"690_S2_rock2/690_S2_rock2_00005":{"attachment":[{"time":2.6666,"name":"690_S2_rock2/690_S2_rock2_00005"},{"time":2.9,"name":null}]},"690_S2_rock2/690_S2_rock2_5":{"attachment":[{"time":2.7,"name":"690_S2_rock2/690_S2_rock2_00005"},{"time":2.9333,"name":null}]},"690_S2_rock2/690_S2_rock2_6":{"attachment":[{"time":2.7333,"name":"690_S2_rock2/690_S2_rock2_00005"},{"time":2.9666,"name":null}]},"9140_A4_wind1/9140_A4_wind1_00000":{"attachment":[{"time":2.8666,"name":"9140_A4_wind1/9140_A4_wind1_00000"},{"time":2.9,"name":"9140_A4_wind1/9140_A4_wind1_00001"},{"time":2.9666,"name":"9140_A4_wind1/9140_A4_wind1_00002"},{"time":3.0333,"name":"9140_A4_wind1/9140_A4_wind1_00004"},{"time":3.1,"name":"9140_A4_wind1/9140_A4_wind1_00006"},{"time":3.1666,"name":"9140_A4_wind1/9140_A4_wind1_00008"},{"time":3.2333,"name":"9140_A4_wind1/9140_A4_wind1_00002"},{"time":3.3,"name":"9140_A4_wind1/9140_A4_wind1_00004"},{"time":3.3666,"name":"9140_A4_wind1/9140_A4_wind1_00006"}],"color":[{"time":3.0666,"color":"ffffffff"},{"time":3.4,"color":"ffffff00"}]}},"bones":{"5200_S2_smash1/5200_S2_smash1_00002":{"translate":[{"time":2.5,"x":0,"y":25.82},{"time":2.7666,"x":0,"y":49.23}],"scale":[{"time":2.5,"x":1.275,"y":1.275},{"time":2.7333,"x":2.777,"y":2.777}]},"root":{"translate":[{"time":2.4666,"x":-85.22,"y":114.16}],"scale":[{"time":2.4666,"x":2.288,"y":2.288}]},"5200_S2_smash2/5200_S2_smash2_00003":{"translate":[{"time":2.5,"x":-210.49,"y":59.79,"curve":"stepped"},{"time":2.5333,"x":-210.49,"y":59.79},{"time":2.5666,"x":-210.49,"y":62.8},{"time":2.7333,"x":-204.68,"y":29.34}],"scale":[{"time":2.5,"x":0.538,"y":0.888,"curve":"stepped"},{"time":2.5333,"x":3.17,"y":2.052,"curve":"stepped"},{"time":2.5666,"x":3.17,"y":2.052},{"time":2.6,"x":3.504,"y":1.698},{"time":2.7,"x":1.465,"y":1.698}]},"5200_S2_smash3/5200_S2_smash3_00003":{"translate":[{"time":2.5,"x":-206.03,"y":7.15}],"scale":[{"time":2.5,"x":1.356,"y":1.356,"curve":[0.199,0.4,0.75,1]},{"time":2.7,"x":1.55,"y":1.55}]},"5200_S2_wind1/5200_S2_wind1_00006":{"translate":[{"time":2.7,"x":-191.86,"y":-578.42},{"time":2.8666,"x":-191.86,"y":1129.06,"curve":"stepped"},{"time":2.9,"x":-191.86,"y":-578.42},{"time":3.0666,"x":-191.86,"y":1129.06}],"scale":[{"time":2.7,"x":11.551,"y":11.551}]},"5200_S1_dome1/5200_S1_dome1_00002":{"translate":[{"time":2.5666,"x":-213.49,"y":-94.63}],"scale":[{"time":2.5666,"x":1.483,"y":1.483},{"time":2.6333,"x":2.914,"y":2.914},{"time":2.7333,"x":2.207,"y":2.207},{"time":3.1333,"x":2.369,"y":2.369}]},"5200_S1_slash1/5200_S1_slash1_00001":{"rotate":[{"time":2.5,"angle":16.82}],"translate":[{"time":2.5,"x":-150.66,"y":-55.41}],"scale":[{"time":2.5,"x":2.417,"y":2.546}]},"5200_S2_slash1/5200_S2_slash1_10":{"translate":[{"time":2.6666,"x":-292.77,"y":201.1,"curve":[0.187,0.88,0.75,1]},{"time":2.7666,"x":-292.77,"y":-54.15},{"time":2.8,"x":-327.81,"y":316.55,"curve":[0.187,0.88,0.75,1]},{"time":2.9,"x":-327.81,"y":-51.53,"curve":[0.187,0.88,0.75,1]},{"time":2.9333,"x":-292.77,"y":201.1,"curve":[0.187,0.88,0.75,1]},{"time":3.0333,"x":-292.77,"y":-54.15},{"time":3.0666,"x":-327.81,"y":316.55,"curve":[0.187,0.88,0.75,1]},{"time":3.1666,"x":-327.81,"y":-51.53,"curve":[0.187,0.88,0.75,1]},{"time":3.2333,"x":-312.31,"y":318.15,"curve":[0.187,0.88,0.75,1]},{"time":3.3333,"x":-292.77,"y":-54.15}],"scale":[{"time":2.6666,"x":1.941,"y":1},{"time":2.7,"x":2.918,"y":1.07},{"time":2.7666,"x":0.479,"y":0.479,"curve":"stepped"},{"time":2.8,"x":1.941,"y":1},{"time":2.8333,"x":2.918,"y":1.07},{"time":2.9,"x":0.479,"y":0.479,"curve":"stepped"},{"time":2.9333,"x":1.941,"y":1},{"time":2.9666,"x":2.918,"y":1.07},{"time":3.0333,"x":0.479,"y":0.479,"curve":"stepped"},{"time":3.0666,"x":1.941,"y":1},{"time":3.1,"x":2.918,"y":1.07},{"time":3.1666,"x":0.479,"y":0.479},{"time":3.2333,"x":1.941,"y":1},{"time":3.2666,"x":2.918,"y":1.07},{"time":3.3333,"x":0.479,"y":0.479}]},"5200_S2_slash1/5200_S2_slash1_00007":{"translate":[{"time":2.6333,"x":-105.8,"y":218.21},{"time":2.7333,"x":-105.8,"y":-32.57},{"time":2.7666,"x":-105.8,"y":218.21},{"time":2.8666,"x":-105.8,"y":-32.57},{"time":2.9,"x":-105.8,"y":218.21},{"time":3,"x":-105.8,"y":-32.57},{"time":3.0333,"x":-105.8,"y":218.21},{"time":3.1333,"x":-105.8,"y":-32.57},{"time":3.1666,"x":-105.8,"y":218.21},{"time":3.2666,"x":-105.8,"y":-32.57}],"scale":[{"time":2.6333,"x":1.941,"y":1},{"time":2.6666,"x":2.918,"y":1.07},{"time":2.7333,"x":0.479,"y":0.479,"curve":"stepped"},{"time":2.7666,"x":1.941,"y":1},{"time":2.8,"x":2.918,"y":1.07},{"time":2.8666,"x":0.479,"y":0.479,"curve":"stepped"},{"time":2.9,"x":1.941,"y":1},{"time":2.9333,"x":2.918,"y":1.07},{"time":3,"x":0.479,"y":0.479,"curve":"stepped"},{"time":3.0333,"x":1.941,"y":1},{"time":3.0666,"x":2.918,"y":1.07},{"time":3.1333,"x":0.479,"y":0.479,"curve":"stepped"},{"time":3.1666,"x":1.941,"y":1},{"time":3.2,"x":2.918,"y":1.07},{"time":3.2666,"x":0.479,"y":0.479}]},"5200_S2_slash1/5200_S2_slash1_9":{"translate":[{"time":2.6,"x":-142.57,"y":226.33},{"time":2.7,"x":-139.88,"y":-41.37},{"time":2.7333,"x":-303.72,"y":300.09},{"time":2.8333,"x":-303.72,"y":-39.83},{"time":2.8666,"x":-303.72,"y":300.09},{"time":2.9666,"x":-303.72,"y":-39.83},{"time":3,"x":-142.57,"y":226.33},{"time":3.1,"x":-139.88,"y":-41.37},{"time":3.1333,"x":-303.72,"y":300.09},{"time":3.2333,"x":-303.72,"y":-39.83},{"time":3.2666,"x":-97.11,"y":226.33},{"time":3.3666,"x":-93.09,"y":-114.9}],"scale":[{"time":2.6,"x":1.941,"y":1},{"time":2.6333,"x":2.918,"y":1.07},{"time":2.7,"x":0.479,"y":0.479,"curve":"stepped"},{"time":2.7333,"x":1.941,"y":1},{"time":2.7666,"x":2.918,"y":1.07},{"time":2.8333,"x":0.479,"y":0.479,"curve":"stepped"},{"time":2.8666,"x":1.941,"y":1},{"time":2.9,"x":2.918,"y":1.07},{"time":2.9666,"x":0.479,"y":0.479,"curve":"stepped"},{"time":3,"x":1.941,"y":1},{"time":3.0333,"x":2.918,"y":1.07},{"time":3.1,"x":0.479,"y":0.479,"curve":"stepped"},{"time":3.1333,"x":1.941,"y":1},{"time":3.1666,"x":2.918,"y":1.07},{"time":3.2333,"x":0.479,"y":0.479,"curve":"stepped"},{"time":3.2666,"x":1.941,"y":1},{"time":3.3,"x":2.918,"y":1.07},{"time":3.3666,"x":0.479,"y":0.479}]},"5200_S2_slash1/5200_S2_slash1_8":{"translate":[{"time":2.6,"x":-292.46,"y":217.74},{"time":2.7,"x":-322.1,"y":-44.68},{"time":2.7333,"x":-217,"y":217.74},{"time":2.8333,"x":-217,"y":-44.68},{"time":2.8666,"x":-217,"y":217.74},{"time":2.9666,"x":-217,"y":-44.68},{"time":3,"x":-217,"y":217.74},{"time":3.1,"x":-217,"y":-44.68},{"time":3.1333,"x":-217,"y":217.74},{"time":3.2333,"x":-217,"y":-44.68},{"time":3.2666,"x":-311.26,"y":185.65},{"time":3.3666,"x":-317.94,"y":-44.68}],"scale":[{"time":2.6,"x":1.941,"y":1},{"time":2.6333,"x":2.918,"y":1.07},{"time":2.7,"x":0.479,"y":0.479,"curve":"stepped"},{"time":2.7333,"x":1.941,"y":1},{"time":2.7666,"x":2.918,"y":1.07},{"time":2.8333,"x":0.479,"y":0.479,"curve":"stepped"},{"time":2.8666,"x":1.941,"y":1},{"time":2.9,"x":2.918,"y":1.07},{"time":2.9666,"x":0.479,"y":0.479,"curve":"stepped"},{"time":3,"x":1.941,"y":1},{"time":3.0333,"x":2.918,"y":1.07},{"time":3.1,"x":0.479,"y":0.479,"curve":"stepped"},{"time":3.1333,"x":1.941,"y":1},{"time":3.1666,"x":2.918,"y":1.07},{"time":3.2333,"x":0.479,"y":0.479,"curve":"stepped"},{"time":3.2666,"x":1.941,"y":1},{"time":3.3,"x":2.918,"y":1.07},{"time":3.3666,"x":0.479,"y":0.479}]},"5200_S2_slash1/5200_S2_slash1_7":{"translate":[{"time":2.6666,"x":-185.07,"y":210.89},{"time":2.7666,"x":-185.07,"y":-40.78},{"time":2.8,"x":-185.07,"y":210.89},{"time":2.9,"x":-185.07,"y":-40.78},{"time":2.9333,"x":-185.07,"y":210.89},{"time":3.0333,"x":-185.07,"y":-40.78},{"time":3.0666,"x":-185.07,"y":210.89},{"time":3.1666,"x":-185.07,"y":-40.78},{"time":3.2,"x":-185.07,"y":210.89},{"time":3.3,"x":-185.07,"y":-40.78}],"scale":[{"time":2.6666,"x":1.941,"y":1},{"time":2.7,"x":2.918,"y":1.07},{"time":2.7666,"x":0.479,"y":0.479,"curve":"stepped"},{"time":2.8,"x":1.941,"y":1},{"time":2.8333,"x":2.918,"y":1.07},{"time":2.9,"x":0.479,"y":0.479,"curve":"stepped"},{"time":2.9333,"x":1.941,"y":1},{"time":2.9666,"x":2.918,"y":1.07},{"time":3.0333,"x":0.479,"y":0.479,"curve":"stepped"},{"time":3.0666,"x":1.941,"y":1},{"time":3.1,"x":2.918,"y":1.07},{"time":3.1666,"x":0.479,"y":0.479,"curve":"stepped"},{"time":3.2,"x":1.941,"y":1},{"time":3.2333,"x":2.918,"y":1.07},{"time":3.3,"x":0.479,"y":0.479}]},"5200_S2_slash2/5200_S2_slash2_00007":{"translate":[{"time":2.6,"x":-207.93,"y":306.7},{"time":2.7,"x":-207.93,"y":79.13},{"time":2.7333,"x":-142.06,"y":249.84},{"time":2.8333,"x":-142.06,"y":-14.65},{"time":2.8666,"x":-207.93,"y":306.7},{"time":2.9666,"x":-207.93,"y":79.13},{"time":3,"x":-142.06,"y":249.84},{"time":3.1,"x":-142.06,"y":-14.65},{"time":3.1333,"x":-181.19,"y":306.7},{"time":3.2333,"x":-195.23,"y":31.66},{"time":3.2666,"x":-153.78,"y":306.7},{"time":3.3666,"x":-153.11,"y":31.66}],"scale":[{"time":2.6,"x":3.297,"y":0.858},{"time":2.6333,"x":3.297,"y":1.971},{"time":2.7,"x":0.93,"y":0.389,"curve":"stepped"},{"time":2.7333,"x":3.297,"y":0.858},{"time":2.7666,"x":3.297,"y":1.971},{"time":2.8333,"x":0.93,"y":0.389,"curve":"stepped"},{"time":2.8666,"x":3.297,"y":0.858},{"time":2.9,"x":3.297,"y":1.971},{"time":2.9666,"x":0.93,"y":0.389,"curve":"stepped"},{"time":3,"x":3.297,"y":0.858},{"time":3.0333,"x":3.297,"y":1.971},{"time":3.1,"x":0.93,"y":0.389},{"time":3.1333,"x":3.297,"y":0.858},{"time":3.1666,"x":3.297,"y":1.971},{"time":3.2333,"x":0.93,"y":0.389,"curve":"stepped"},{"time":3.2666,"x":3.297,"y":0.858},{"time":3.3,"x":3.297,"y":1.971},{"time":3.3666,"x":0.93,"y":0.389}]},"5200_S2_slash2/5200_S2_slash2_7":{"translate":[{"time":2.6666,"x":-258.57,"y":259.14},{"time":2.7666,"x":-258.57,"y":-26.57},{"time":2.8,"x":-258.57,"y":259.14},{"time":2.9,"x":-258.57,"y":-26.57},{"time":2.9333,"x":-258.57,"y":259.14},{"time":3.0333,"x":-258.57,"y":-26.57},{"time":3.0666,"x":-258.57,"y":259.14},{"time":3.1666,"x":-258.57,"y":-26.57},{"time":3.2333,"x":-258.57,"y":381},{"time":3.3333,"x":-255.23,"y":-26.57}],"scale":[{"time":2.6666,"x":1.734,"y":0.858},{"time":2.7,"x":2.339,"y":1.338},{"time":2.7666,"x":0.93,"y":0.389,"curve":"stepped"},{"time":2.8,"x":1.734,"y":0.858},{"time":2.8333,"x":2.339,"y":1.338},{"time":2.9,"x":0.93,"y":0.389,"curve":"stepped"},{"time":2.9333,"x":1.734,"y":0.858},{"time":2.9666,"x":2.339,"y":1.338},{"time":3.0333,"x":0.93,"y":0.389,"curve":"stepped"},{"time":3.0666,"x":1.734,"y":0.858},{"time":3.1,"x":2.339,"y":1.338},{"time":3.1666,"x":0.93,"y":0.389},{"time":3.2333,"x":1.734,"y":0.858},{"time":3.2666,"x":2.339,"y":1.338},{"time":3.3333,"x":0.93,"y":0.389}]},"5200_S2_slash2/5200_S2_slash2_8":{"translate":[{"time":2.7,"x":-259.19,"y":227.79},{"time":2.8,"x":-259.19,"y":-69.56},{"time":2.8333,"x":-259.19,"y":227.79},{"time":2.9333,"x":-259.19,"y":-69.56},{"time":2.9666,"x":-259.19,"y":227.79},{"time":3.0666,"x":-259.19,"y":-69.56},{"time":3.1,"x":-259.19,"y":227.79},{"time":3.2,"x":-259.19,"y":-69.56},{"time":3.3,"x":-201.7,"y":350.79},{"time":3.4,"x":-201.7,"y":-69.56}],"scale":[{"time":2.7,"x":1,"y":1},{"time":2.7333,"x":2.721,"y":1.651},{"time":2.8,"x":1.723,"y":0.489,"curve":"stepped"},{"time":2.8333,"x":1,"y":1},{"time":2.8666,"x":2.721,"y":1.651},{"time":2.9333,"x":1.723,"y":0.489},{"time":2.9666,"x":1,"y":1},{"time":3,"x":2.721,"y":1.651},{"time":3.0666,"x":1.723,"y":0.489},{"time":3.1,"x":1,"y":1},{"time":3.1333,"x":2.721,"y":1.651},{"time":3.2,"x":1.723,"y":0.489},{"time":3.3,"x":1,"y":1},{"time":3.3333,"x":2.721,"y":1.651},{"time":3.4,"x":1.723,"y":0.489}]},"690_S2_rock2/690_S2_rock2_00005":{"translate":[{"time":2.6666,"x":-185.18,"y":-400.35},{"time":2.7666,"x":-185.18,"y":695.75,"curve":"stepped"},{"time":2.8,"x":-185.18,"y":-377.38},{"time":2.9,"x":-185.18,"y":695.75}],"scale":[{"time":2.6666,"x":4.62,"y":4.62}]},"690_S2_rock2/690_S2_rock2_5":{"translate":[{"time":2.7,"x":-185.18,"y":-501.22},{"time":2.8,"x":-185.18,"y":695.75,"curve":"stepped"},{"time":2.8333,"x":-185.18,"y":-501.22},{"time":2.9333,"x":-185.18,"y":695.75}],"scale":[{"time":2.7,"x":4.62,"y":4.62}]},"690_S2_rock2/690_S2_rock2_6":{"translate":[{"time":2.7333,"x":-185.18,"y":-548.61},{"time":2.8333,"x":-185.18,"y":695.75,"curve":"stepped"},{"time":2.8666,"x":-185.18,"y":-548.61},{"time":2.9666,"x":-185.18,"y":695.75}],"scale":[{"time":2.7333,"x":4.62,"y":4.62}]},"5200_S2_wind2/5200_S2_wind2_00023":{"translate":[{"time":2.6666,"x":-182.08,"y":-2.14}],"scale":[{"time":2.6666,"x":5.866,"y":5.866}]},"9140_A4_wind1/9140_A4_wind1_00000":{"rotate":[{"time":2.8666,"angle":12.08}],"translate":[{"time":2.8666,"x":-28.61,"y":60.08}],"scale":[{"time":2.8666,"x":2.883,"y":2.883}]},"5200_S1_dome2/5200_S1_dome2_00003":{"translate":[{"time":2.7,"x":-191.13,"y":-46.46,"curve":"stepped"},{"time":3.0333,"x":-191.13,"y":-46.46,"curve":[0.191,0.68,0.75,1]},{"time":3.5666,"x":-191.13,"y":-29.56}],"scale":[{"time":2.7,"x":2.627,"y":2.627,"curve":"stepped"},{"time":3.0333,"x":2.627,"y":2.627,"curve":[0.191,0.68,0.75,1]},{"time":3.5666,"x":3.406,"y":3.406}]},"5200_S1_dome3/5200_S1_dome3_00004":{"translate":[{"time":2.7666,"x":-216.64,"y":29.18}],"scale":[{"time":2.7666,"x":3.286,"y":3.286,"curve":[0.174,0.82,0.75,1]},{"time":3.2666,"x":6.455,"y":6.455}]}}},"none":{}}}