{"skeleton":{"hash":"lZzojZoDNzu2mfrbqIMwKhGVU30","spine":"3.0.12","width":553,"height":672},"bones":[{"name":"root"}],"slots":[{"name":"mouth_100","bone":"root","attachment":"mouth_100"},{"name":"eye_100","bone":"root","attachment":"eye_100"},{"name":"all_05","bone":"root","attachment":"all_05"},{"name":"all_04","bone":"root","attachment":"all_04"},{"name":"all_03","bone":"root","attachment":"all_03"},{"name":"all_02","bone":"root","attachment":"all_02"},{"name":"all_01","bone":"root","attachment":"all_01"},{"name":"a_11","bone":"root","attachment":"a_11"},{"name":"a_10","bone":"root","attachment":"a_10"},{"name":"a_09","bone":"root","attachment":"a_09"},{"name":"a_08","bone":"root","attachment":"a_08"},{"name":"a_07","bone":"root","attachment":"a_07"},{"name":"a_06","bone":"root","attachment":"a_06"},{"name":"a_05","bone":"root","attachment":"a_05"},{"name":"a_04","bone":"root","attachment":"a_04"},{"name":"a_03","bone":"root","attachment":"a_03"},{"name":"a_02","bone":"root","attachment":"a_02"},{"name":"a_01","bone":"root","attachment":"a_01"},{"name":"b_only_12","bone":"root"}],"skins":{"default":{"a_01":{"a_01":{"x":-67.5,"y":549,"width":27,"height":30},"b_01":{"x":-65.5,"y":550.5,"width":27,"height":33}},"a_02":{"a_02":{"x":109.5,"y":539,"width":19,"height":22},"b_02":{"x":90.5,"y":543,"width":21,"height":30}},"a_03":{"a_03":{"x":-67,"y":486,"width":54,"height":96},"b_03":{"x":-65.5,"y":486,"width":51,"height":96}},"a_04":{"a_04":{"x":86.5,"y":483,"width":67,"height":90},"b_04":{"x":85,"y":483,"width":64,"height":90}},"a_05":{"a_05":{"x":-117.5,"y":365,"width":131,"height":146},"b_05":{"x":-122,"y":365,"width":140,"height":146}},"a_06":{"a_06":{"x":83.5,"y":417.5,"width":43,"height":41},"b_06":{"x":94,"y":417.5,"width":62,"height":41}},"a_07":{"a_07":{"x":92.5,"y":358,"width":117,"height":78},"b_07":{"x":121.5,"y":358,"width":175,"height":78}},"a_08":{"a_08":{"x":-100,"y":235,"width":268,"height":114},"b_08":{"x":-100.5,"y":235,"width":269,"height":114}},"a_09":{"a_09":{"x":155,"y":271,"width":242,"height":96},"b_09":{"x":156.5,"y":271,"width":245,"height":96}},"a_10":{"a_10":{"x":176.5,"y":200.5,"width":285,"height":45},"b_10":{"x":176.5,"y":200.5,"width":285,"height":45}},"a_11":{"a_11":{"x":19,"y":89,"width":238,"height":178},"b_11":{"x":21.5,"y":89,"width":233,"height":178}},"all_01":{"all_01":{"x":6.5,"y":486,"width":93,"height":96}},"all_02":{"all_02":{"x":4.5,"y":417.5,"width":113,"height":41}},"all_03":{"all_03":{"x":-9,"y":344.5,"width":86,"height":105}},"all_04":{"all_04":{"x":-164.5,"y":89,"width":107,"height":178}},"all_05":{"all_05":{"x":212.5,"y":89,"width":149,"height":178}},"b_only_12":{"b_only_12":{"x":-190.5,"y":472,"width":107,"height":68}},"eye_100":{"eye_100":{"x":14,"y":621,"width":136,"height":102},"eye_110":{"x":14,"y":621,"width":136,"height":102},"eye_120":{"x":14,"y":621,"width":136,"height":102},"eye_130":{"x":14,"y":621,"width":136,"height":102},"eye_140":{"x":3.5,"y":620,"width":135,"height":100}},"mouth_100":{"mouth_100":{"x":8.5,"y":552,"width":97,"height":36},"mouth_110":{"x":8.5,"y":552,"width":97,"height":36},"mouth_120":{"x":8.5,"y":552,"width":97,"height":36},"mouth_130":{"x":8.5,"y":552,"width":97,"height":36},"mouth_140":{"x":3,"y":552,"width":96,"height":36}}}},"animations":{"100":{"slots":{"a_01":{"attachment":[{"time":0,"name":"a_01"}]},"a_02":{"attachment":[{"time":0,"name":"a_02"}]},"a_03":{"attachment":[{"time":0,"name":"a_03"}]},"a_04":{"attachment":[{"time":0,"name":"a_04"}]},"a_05":{"attachment":[{"time":0,"name":"a_05"}]},"a_06":{"attachment":[{"time":0,"name":"a_06"}]},"a_07":{"attachment":[{"time":0,"name":"a_07"}]},"a_08":{"attachment":[{"time":0,"name":"a_08"}]},"a_09":{"attachment":[{"time":0,"name":"a_09"}]},"a_10":{"attachment":[{"time":0,"name":"a_10"}]},"a_11":{"attachment":[{"time":0,"name":"a_11"}]},"all_01":{"attachment":[{"time":0,"name":"all_01"}]},"all_02":{"attachment":[{"time":0,"name":"all_02"}]},"all_03":{"attachment":[{"time":0,"name":"all_03"}]},"all_04":{"attachment":[{"time":0,"name":"all_04"}]},"all_05":{"attachment":[{"time":0,"name":"all_05"}]},"b_only_12":{"attachment":[{"time":0,"name":null}]},"eye_100":{"attachment":[{"time":0,"name":"eye_100"}]},"mouth_100":{"attachment":[{"time":0,"name":"mouth_100"}]}}},"110":{"slots":{"a_01":{"attachment":[{"time":0,"name":"a_01"}]},"a_02":{"attachment":[{"time":0,"name":"a_02"}]},"a_03":{"attachment":[{"time":0,"name":"a_03"}]},"a_04":{"attachment":[{"time":0,"name":"a_04"}]},"a_05":{"attachment":[{"time":0,"name":"a_05"}]},"a_06":{"attachment":[{"time":0,"name":"a_06"}]},"a_07":{"attachment":[{"time":0,"name":"a_07"}]},"a_08":{"attachment":[{"time":0,"name":"a_08"}]},"a_09":{"attachment":[{"time":0,"name":"a_09"}]},"a_10":{"attachment":[{"time":0,"name":"a_10"}]},"a_11":{"attachment":[{"time":0,"name":"a_11"}]},"all_01":{"attachment":[{"time":0,"name":"all_01"}]},"all_02":{"attachment":[{"time":0,"name":"all_02"}]},"all_03":{"attachment":[{"time":0,"name":"all_03"}]},"all_04":{"attachment":[{"time":0,"name":"all_04"}]},"all_05":{"attachment":[{"time":0,"name":"all_05"}]},"b_only_12":{"attachment":[{"time":0,"name":null}]},"eye_100":{"attachment":[{"time":0,"name":"eye_110"}]},"mouth_100":{"attachment":[{"time":0,"name":"mouth_110"}]}}},"120":{"slots":{"a_01":{"attachment":[{"time":0,"name":"a_01"}]},"a_02":{"attachment":[{"time":0,"name":"a_02"}]},"a_03":{"attachment":[{"time":0,"name":"a_03"}]},"a_04":{"attachment":[{"time":0,"name":"a_04"}]},"a_05":{"attachment":[{"time":0,"name":"a_05"}]},"a_06":{"attachment":[{"time":0,"name":"a_06"}]},"a_07":{"attachment":[{"time":0,"name":"a_07"}]},"a_08":{"attachment":[{"time":0,"name":"a_08"}]},"a_09":{"attachment":[{"time":0,"name":"a_09"}]},"a_10":{"attachment":[{"time":0,"name":"a_10"}]},"a_11":{"attachment":[{"time":0,"name":"a_11"}]},"all_01":{"attachment":[{"time":0,"name":"all_01"}]},"all_02":{"attachment":[{"time":0,"name":"all_02"}]},"all_03":{"attachment":[{"time":0,"name":"all_03"}]},"all_04":{"attachment":[{"time":0,"name":"all_04"}]},"all_05":{"attachment":[{"time":0,"name":"all_05"}]},"b_only_12":{"attachment":[{"time":0,"name":null}]},"eye_100":{"attachment":[{"time":0,"name":"eye_120"}]},"mouth_100":{"attachment":[{"time":0,"name":"mouth_120"}]}}},"130":{"slots":{"a_01":{"attachment":[{"time":0,"name":"a_01"}]},"a_02":{"attachment":[{"time":0,"name":"a_02"}]},"a_03":{"attachment":[{"time":0,"name":"a_03"}]},"a_04":{"attachment":[{"time":0,"name":"a_04"}]},"a_05":{"attachment":[{"time":0,"name":"a_05"}]},"a_06":{"attachment":[{"time":0,"name":"a_06"}]},"a_07":{"attachment":[{"time":0,"name":"a_07"}]},"a_08":{"attachment":[{"time":0,"name":"a_08"}]},"a_09":{"attachment":[{"time":0,"name":"a_09"}]},"a_10":{"attachment":[{"time":0,"name":"a_10"}]},"a_11":{"attachment":[{"time":0,"name":"a_11"}]},"all_01":{"attachment":[{"time":0,"name":"all_01"}]},"all_02":{"attachment":[{"time":0,"name":"all_02"}]},"all_03":{"attachment":[{"time":0,"name":"all_03"}]},"all_04":{"attachment":[{"time":0,"name":"all_04"}]},"all_05":{"attachment":[{"time":0,"name":"all_05"}]},"b_only_12":{"attachment":[{"time":0,"name":null}]},"eye_100":{"attachment":[{"time":0,"name":"eye_130"}]},"mouth_100":{"attachment":[{"time":0,"name":"mouth_130"}]}}},"140":{"slots":{"a_01":{"attachment":[{"time":0,"name":"a_01"}]},"a_02":{"attachment":[{"time":0,"name":"a_02"}]},"a_03":{"attachment":[{"time":0,"name":"a_03"}]},"a_04":{"attachment":[{"time":0,"name":"a_04"}]},"a_05":{"attachment":[{"time":0,"name":"a_05"}]},"a_06":{"attachment":[{"time":0,"name":"a_06"}]},"a_07":{"attachment":[{"time":0,"name":"a_07"}]},"a_08":{"attachment":[{"time":0,"name":"a_08"}]},"a_09":{"attachment":[{"time":0,"name":"a_09"}]},"a_10":{"attachment":[{"time":0,"name":"a_10"}]},"a_11":{"attachment":[{"time":0,"name":"a_11"}]},"all_01":{"attachment":[{"time":0,"name":"all_01"}]},"all_02":{"attachment":[{"time":0,"name":"all_02"}]},"all_03":{"attachment":[{"time":0,"name":"all_03"}]},"all_04":{"attachment":[{"time":0,"name":"all_04"}]},"all_05":{"attachment":[{"time":0,"name":"all_05"}]},"b_only_12":{"attachment":[{"time":0,"name":null}]},"eye_100":{"attachment":[{"time":0,"name":"eye_140"}]},"mouth_100":{"attachment":[{"time":0,"name":"mouth_140"}]}}},"200":{"slots":{"a_01":{"attachment":[{"time":0,"name":"b_01"}]},"a_02":{"attachment":[{"time":0,"name":"b_02"}]},"a_03":{"attachment":[{"time":0,"name":"b_03"}]},"a_04":{"attachment":[{"time":0,"name":"b_04"}]},"a_05":{"attachment":[{"time":0,"name":"b_05"}]},"a_06":{"attachment":[{"time":0,"name":"b_06"}]},"a_07":{"attachment":[{"time":0,"name":"b_07"}]},"a_08":{"attachment":[{"time":0,"name":"b_08"}]},"a_09":{"attachment":[{"time":0,"name":"b_09"}]},"a_10":{"attachment":[{"time":0,"name":"b_10"}]},"a_11":{"attachment":[{"time":0,"name":"b_11"}]},"all_01":{"attachment":[{"time":0,"name":"all_01"}]},"all_02":{"attachment":[{"time":0,"name":"all_02"}]},"all_03":{"attachment":[{"time":0,"name":"all_03"}]},"all_04":{"attachment":[{"time":0,"name":"all_04"}]},"all_05":{"attachment":[{"time":0,"name":"all_05"}]},"b_only_12":{"attachment":[{"time":0,"name":"b_only_12"}]},"eye_100":{"attachment":[{"time":0,"name":"eye_100"}]},"mouth_100":{"attachment":[{"time":0,"name":"mouth_100"}]}}},"210":{"slots":{"a_01":{"attachment":[{"time":0,"name":"b_01"}]},"a_02":{"attachment":[{"time":0,"name":"b_02"}]},"a_03":{"attachment":[{"time":0,"name":"b_03"}]},"a_04":{"attachment":[{"time":0,"name":"b_04"}]},"a_05":{"attachment":[{"time":0,"name":"b_05"}]},"a_06":{"attachment":[{"time":0,"name":"b_06"}]},"a_07":{"attachment":[{"time":0,"name":"b_07"}]},"a_08":{"attachment":[{"time":0,"name":"b_08"}]},"a_09":{"attachment":[{"time":0,"name":"b_09"}]},"a_10":{"attachment":[{"time":0,"name":"b_10"}]},"a_11":{"attachment":[{"time":0,"name":"b_11"}]},"all_01":{"attachment":[{"time":0,"name":"all_01"}]},"all_02":{"attachment":[{"time":0,"name":"all_02"}]},"all_03":{"attachment":[{"time":0,"name":"all_03"}]},"all_04":{"attachment":[{"time":0,"name":"all_04"}]},"all_05":{"attachment":[{"time":0,"name":"all_05"}]},"b_only_12":{"attachment":[{"time":0,"name":"b_only_12"}]},"eye_100":{"attachment":[{"time":0,"name":"eye_110"}]},"mouth_100":{"attachment":[{"time":0,"name":"mouth_110"}]}}},"220":{"slots":{"a_01":{"attachment":[{"time":0,"name":"b_01"}]},"a_02":{"attachment":[{"time":0,"name":"b_02"}]},"a_03":{"attachment":[{"time":0,"name":"b_03"}]},"a_04":{"attachment":[{"time":0,"name":"b_04"}]},"a_05":{"attachment":[{"time":0,"name":"b_05"}]},"a_06":{"attachment":[{"time":0,"name":"b_06"}]},"a_07":{"attachment":[{"time":0,"name":"b_07"}]},"a_08":{"attachment":[{"time":0,"name":"b_08"}]},"a_09":{"attachment":[{"time":0,"name":"b_09"}]},"a_10":{"attachment":[{"time":0,"name":"b_10"}]},"a_11":{"attachment":[{"time":0,"name":"b_11"}]},"all_01":{"attachment":[{"time":0,"name":"all_01"}]},"all_02":{"attachment":[{"time":0,"name":"all_02"}]},"all_03":{"attachment":[{"time":0,"name":"all_03"}]},"all_04":{"attachment":[{"time":0,"name":"all_04"}]},"all_05":{"attachment":[{"time":0,"name":"all_05"}]},"b_only_12":{"attachment":[{"time":0,"name":"b_only_12"}]},"eye_100":{"attachment":[{"time":0,"name":"eye_120"}]},"mouth_100":{"attachment":[{"time":0,"name":"mouth_120"}]}}},"230":{"slots":{"a_01":{"attachment":[{"time":0,"name":"b_01"}]},"a_02":{"attachment":[{"time":0,"name":"b_02"}]},"a_03":{"attachment":[{"time":0,"name":"b_03"}]},"a_04":{"attachment":[{"time":0,"name":"b_04"}]},"a_05":{"attachment":[{"time":0,"name":"b_05"}]},"a_06":{"attachment":[{"time":0,"name":"b_06"}]},"a_07":{"attachment":[{"time":0,"name":"b_07"}]},"a_08":{"attachment":[{"time":0,"name":"b_08"}]},"a_09":{"attachment":[{"time":0,"name":"b_09"}]},"a_10":{"attachment":[{"time":0,"name":"b_10"}]},"a_11":{"attachment":[{"time":0,"name":"b_11"}]},"all_01":{"attachment":[{"time":0,"name":"all_01"}]},"all_02":{"attachment":[{"time":0,"name":"all_02"}]},"all_03":{"attachment":[{"time":0,"name":"all_03"}]},"all_04":{"attachment":[{"time":0,"name":"all_04"}]},"all_05":{"attachment":[{"time":0,"name":"all_05"}]},"b_only_12":{"attachment":[{"time":0,"name":"b_only_12"}]},"eye_100":{"attachment":[{"time":0,"name":"eye_130"}]},"mouth_100":{"attachment":[{"time":0,"name":"mouth_130"}]}}},"240":{"slots":{"a_01":{"attachment":[{"time":0,"name":"b_01"}]},"a_02":{"attachment":[{"time":0,"name":"b_02"}]},"a_03":{"attachment":[{"time":0,"name":"b_03"}]},"a_04":{"attachment":[{"time":0,"name":"b_04"}]},"a_05":{"attachment":[{"time":0,"name":"b_05"}]},"a_06":{"attachment":[{"time":0,"name":"b_06"}]},"a_07":{"attachment":[{"time":0,"name":"b_07"}]},"a_08":{"attachment":[{"time":0,"name":"b_08"}]},"a_09":{"attachment":[{"time":0,"name":"b_09"}]},"a_10":{"attachment":[{"time":0,"name":"b_10"}]},"a_11":{"attachment":[{"time":0,"name":"b_11"}]},"all_01":{"attachment":[{"time":0,"name":"all_01"}]},"all_02":{"attachment":[{"time":0,"name":"all_02"}]},"all_03":{"attachment":[{"time":0,"name":"all_03"}]},"all_04":{"attachment":[{"time":0,"name":"all_04"}]},"all_05":{"attachment":[{"time":0,"name":"all_05"}]},"b_only_12":{"attachment":[{"time":0,"name":"b_only_12"}]},"eye_100":{"attachment":[{"time":0,"name":"eye_140"}]},"mouth_100":{"attachment":[{"time":0,"name":"mouth_140"}]}}}}}