{"skeleton":{"hash":"s8tDXlQm4dX9bXzXyCF72AAxDZY","spine":"3.0.12","width":200.45,"height":255.54},"bones":[{"name":"root"},{"name":"MAIN","parent":"root","x":-2.46,"y":230.78},{"name":"SHADOW-OFFSET","parent":"MAIN","x":2.46,"y":-230.78,"scaleX":0,"scaleY":0},{"name":"L_leg_IK","parent":"root","x":80.65,"y":81.41},{"name":"L_leg_1","parent":"MAIN","length":117.92,"x":27.34,"y":5.93,"rotation":-35.35},{"name":"L_leg_2","parent":"L_leg_1","length":91.5,"x":124.18,"y":-3.03,"rotation":-83.1},{"name":"L_leg_3","parent":"L_leg_2","length":67.98,"x":101.64,"y":0.62,"rotation":89.29},{"name":"bone","parent":"L_leg_3","length":32.88,"x":72.36,"y":3.31,"rotation":372}],"ik":[{"name":"L_leg_IK","bones":["L_leg_1","L_leg_2"],"target":"L_leg_IK","bendPositive":false}],"slots":[{"name":"L_leg3","bone":"L_leg_3","attachment":"L_leg3"},{"name":"L-leg2","bone":"L_leg_2","attachment":"L-leg2"},{"name":"L_leg1","bone":"L_leg_1","attachment":"L_leg1"}],"skins":{"default":{"L-leg2":{"L-leg2":{"x":44.25,"y":-3.23,"rotation":118.02,"width":126,"height":135}},"L_leg1":{"L_leg1":{"type":"weightedmesh","uvs":[0.00138,0.59048,0.31708,0.88011,0.67632,1,0.93033,1,1,0.75535,0.96486,0.61781,0.93047,0.48443,0.50577,0,0,0,0.86957,0.67696,0.14278,0.49057,0.79885,0.91376,0.90016,0.81112],"triangles":[3,12,4,11,12,3,9,10,6,9,6,5,9,5,4,12,9,4,1,10,9,11,1,9,0,10,1,12,11,9,2,1,11,2,11,3,10,7,6,10,8,7,0,8,10],"vertices":[2,4,-4.01,-58.41,0.37112,1,-9.91,-39.22,0.62887,2,4,61.77,-60.15,0.856,5,48.73,-69.12999,0.14399,3,4,120.17,-38.83,0.36685,5,34.99,-8.51,0.624,1,102.44,-95.57,0.00914,3,4,154.81,-14.35,0.784,5,15.1,28.94,0.21599,1,144.86,-95.82,0,3,4,145.11,19.53,0.45467,5,-19.73,23.61,0.54531,1,156.68,-62.62,0,3,4,129.52,31.42,0.68106,5,-33.49,9.64999,0.31893,1,150.93,-43.88,0,3,4,114.36,42.91,0.77789,5,-46.81,-3.92,0.18655,1,145.29,-25.71,0.03554,2,4,18.41,55.78,0.71999,1,74.76999,40.56,0.28,2,4,-50.55,7.02,0.8,1,-9.67,41.06,0.19999,2,4,121.17,15.66,0.78399,5,-18.92,-0.62,0.216,2,4,7.42,-33.68999,0.33587,1,13.77,-25.78,0.66412,3,4,130.11,-17.44,0.50476,5,15.04,4.05,0.49393,1,122.97,-83.96,0.0013,3,4,135.87,3.71,0.45199,5,-5.21,12.44,0.54763,1,139.97,-70.1,3.7E-4],"hull":9}},"L_leg3":{"L_leg3":{"type":"weightedmesh","uvs":[8.1E-4,0.84006,0.2224,0.89853,0.65445,1,0.99323,1,1,0.89468,1,0.62938,0.7518,0.30995,0.51097,0,0.27039,0,0.08849,0,0.04801,0.16299,0,0.35628,0.3179,0.3691,0.58814,0.6772],"triangles":[12,8,7,13,5,4,3,2,4,13,6,5,9,8,12,13,12,6,12,0,11,10,9,12,12,11,10,1,0,12,1,12,13,2,13,4,1,13,2,12,7,6],"vertices":[2,6,-2.3,-50.58,0.99999,7,-84.23,-37.18,0,3,6,26.69,-39.41,0.99999,7,-53.54,-32.29,0,5,141.38,26.82,0,2,6,82.82,-16.86,0.63923,7,6.03,-21.91,0.36076,1,7,51.12,-8.35,1,1,7,49.87,-0.92,1,2,7,44.45,17.11,0.99998,5,73.74,113.25,1.0E-5,2,6,71.12999,32.59,0.49,7,4.89,28.9,0.51,2,6,31.2,35.8,0.27199,5,66.23,32.25999,0.728,3,6,1.88,19.73,0.00406,7,-65.51999,30.71,2.1E-4,5,81.94,2.74,0.99572,3,6,-20.28,7.57,0.78927,7,-89.73,23.43,3.3E-4,5,93.81,-19.56,0.21038,2,6,-19.66,-5.27,0.67199,5,106.67,-19.09,0.328,2,6,-18.91,-20.51,0.99996,7,-94.23,-4.32,3.0E-5,3,6,20.26,-0.07,0.89599,7,-51.65,7.52,0.01085,5,101.97,20.87999,0.09314,1,6,63.72,-1.2,1],"hull":12}}},"1":{},"2":{}},"events":{"Event":{},"Hit":{},"Sound1":{},"Sound2":{},"Sound3":{},"Voice":{}},"animations":{"attack1":{"bones":{"L_leg_IK":{"translate":[{"time":0.8,"x":0,"y":0,"curve":[0.103,0.55,0.75,1]},{"time":2.0333,"x":74.45,"y":246.65},{"time":2.1,"x":147.89,"y":-14.53,"curve":"stepped"},{"time":3.4,"x":147.89,"y":-14.53,"curve":"stepped"},{"time":3.4666,"x":147.89,"y":-14.53,"curve":"stepped"},{"time":3.7,"x":147.89,"y":-14.53},{"time":4.1,"x":117.36,"y":29.37},{"time":4.5,"x":1.99,"y":-1.45},{"time":5.0666,"x":-4.86,"y":2.26},{"time":6,"x":0,"y":0}]},"MAIN":{"rotate":[{"time":0,"angle":0,"curve":[0.078,0.63,0.75,1]},{"time":0.7,"angle":-5.32},{"time":2.0333,"angle":31.93},{"time":2.1,"angle":0,"curve":"stepped"},{"time":5.0666,"angle":0}],"translate":[{"time":0,"x":0,"y":0},{"time":0.7,"x":11.6,"y":-10.28,"curve":[0.078,0.83,0.75,1]},{"time":2.0333,"x":-8.94,"y":4.15},{"time":2.1,"x":95.28,"y":-61.47,"curve":"stepped"},{"time":3.4,"x":95.28,"y":-61.47,"curve":"stepped"},{"time":3.4666,"x":95.28,"y":-61.47},{"time":3.7,"x":95.28,"y":-20.39},{"time":4.1,"x":77.67,"y":13.74},{"time":4.5,"x":30.19,"y":13.74},{"time":5.0666,"x":0,"y":0}]},"L_leg_3":{"rotate":[{"time":0,"angle":0},{"time":0.6666,"angle":9.92,"curve":[0.508,0,0.75,1]},{"time":1,"angle":-13.45},{"time":2.0333,"angle":0},{"time":2.1,"angle":-17.77,"curve":"stepped"},{"time":3.4,"angle":-17.77,"curve":"stepped"},{"time":3.4666,"angle":-17.77},{"time":3.7,"angle":-26.92},{"time":4.1,"angle":0},{"time":4.5,"angle":2.72},{"time":5.0666,"angle":-5.19},{"time":6,"angle":0}],"translate":[{"time":0,"x":0,"y":0}]}},"drawOrder":[{"time":0.0333}],"events":[{"time":0,"name":"Event","float":0.15,"string":"kHitStopType_normal"},{"time":0,"name":"Sound1"},{"time":1.6666,"name":"Voice","string":"cri_boss_40003_02"},{"time":2.1,"name":"Event","string":"shakeGround"},{"time":2.1,"name":"Sound1","string":"cri_se_battle_monster_hit"},{"time":2.5333,"name":"Event","string":"runScript-addSP"},{"time":4.5,"name":"Sound1","string":"cri_se_battle_monster_footstep"},{"time":5.0666,"name":"Sound1","string":"cri_se_battle_monster_footstep"}]},"attack2":{"bones":{"MAIN":{"translate":[{"time":0,"x":0,"y":0},{"time":0.6666,"x":-34.03,"y":-6.93},{"time":1.6666,"x":-34.03,"y":-12.56},{"time":1.7333,"x":42.87,"y":-61.16,"curve":[0.152,0.55,0.75,1]},{"time":1.9,"x":126.28,"y":5.99},{"time":2.2,"x":126.28,"y":4.95},{"time":3,"x":126.28,"y":5.99,"curve":[0.737,0,0.879,0.62]},{"time":3.9333,"x":0,"y":0}]},"L_leg_IK":{"translate":[{"time":0,"x":0,"y":0},{"time":0.3333,"x":-14.39,"y":19.63},{"time":0.6666,"x":-28.79,"y":0,"curve":"stepped"},{"time":1.6666,"x":-28.79,"y":0},{"time":1.7333,"x":54.15,"y":0},{"time":1.9,"x":135.25,"y":0},{"time":3,"x":134.31,"y":0},{"time":3.6333,"x":119.14,"y":2.01,"curve":[0.25,0,0.75,1]},{"time":4,"x":12.83,"y":-4.2},{"time":4.3666,"x":0,"y":0}]},"L_leg_3":{"rotate":[{"time":1.6666,"angle":0},{"time":1.7,"angle":3.78},{"time":1.7666,"angle":10.75},{"time":1.8666,"angle":0.69},{"time":1.9,"angle":-4.94,"curve":"stepped"},{"time":3.3333,"angle":-4.94},{"time":3.6666,"angle":-15.21},{"time":4.0666,"angle":-3.11},{"time":4.4333,"angle":0}]},"bone":{"rotate":[{"time":4.3,"angle":0},{"time":4.5,"angle":-353.33},{"time":4.6666,"angle":0}]}},"drawOrder":[{"time":0.0333}],"events":[{"time":0,"name":"Event","float":0.3,"string":"kHitStopType_normal"},{"time":1.3333,"name":"Voice","string":"cri_boss_40003_02"},{"time":1.7333,"name":"Sound1","string":"cri_se_battle_monster_swish"},{"time":1.8,"name":"Event","string":"shakeGround"},{"time":1.8,"name":"Sound1","string":"cri_se_battle_hard_hit"},{"time":1.8,"name":"Sound2","string":"cri_se_battle_025_blow_hit"},{"time":2.1,"name":"Event","string":"runScript-addSP"},{"time":4.6666,"name":"Voice","string":"cri_se_battle_monster_footstep"}]},"attack3":{"bones":{"MAIN":{"rotate":[{"time":0,"angle":-1.35},{"time":0.0333,"angle":0,"curve":"stepped"},{"time":0.0666,"angle":0,"curve":"stepped"},{"time":0.1666,"angle":0},{"time":0.3666,"angle":11.67,"curve":"stepped"},{"time":0.6666,"angle":11.67,"curve":[0.823,0,1,0]},{"time":1.1333,"angle":0}],"translate":[{"time":0,"x":0,"y":-40.64,"curve":"stepped"},{"time":0.0333,"x":0,"y":-14.84,"curve":"stepped"},{"time":0.0666,"x":0,"y":-14.84},{"time":0.1666,"x":0,"y":0.95},{"time":0.2,"x":0,"y":21.22},{"time":0.6666,"x":-6.81,"y":25.76,"curve":[0.823,0,1,0]},{"time":1.1333,"x":0,"y":0},{"time":1.2333,"x":0,"y":-92.54},{"time":2.8,"x":0,"y":0,"curve":"stepped"},{"time":3.1666,"x":0,"y":0}]},"L_leg_3":{"rotate":[{"time":0,"angle":5.62},{"time":0.0333,"angle":7.67,"curve":"stepped"},{"time":0.0666,"angle":7.67,"curve":"stepped"},{"time":0.1333,"angle":7.67,"curve":"stepped"},{"time":0.1666,"angle":-1.35,"curve":[0.07,0.74,0.75,1]},{"time":0.6666,"angle":19.27,"curve":[0.823,0,0.75,1]},{"time":1.1333,"angle":0},{"time":1.2333,"angle":18.61,"curve":[0.741,0,1,0.84]},{"time":2.8,"angle":0}]},"L_leg_IK":{"translate":[{"time":0.1333,"x":0,"y":0},{"time":0.2,"x":12.36,"y":77.03,"curve":[0.176,0.58,0.75,1]},{"time":0.6666,"x":20.13,"y":128.02,"curve":[0.823,0,1,0]},{"time":1.1333,"x":0,"y":0,"curve":"stepped"},{"time":3.1666,"x":0,"y":0}]}},"drawOrder":[{"time":0},{"time":0.0333},{"time":0.0666},{"time":0.1},{"time":1.1333},{"time":2.7666}],"events":[{"time":0,"name":"Event","float":0.3,"string":"kHitStopType_normal"},{"time":0,"name":"Voice","string":"cri_boss_40003_02"},{"time":0.0333,"name":"Sound1","string":"cri_se_battle_monster_swish"},{"time":0.0333,"name":"Sound2","string":"cri_se_battle_metal_rubbing"},{"time":0.1,"name":"Event","string":"addOrbitSystemCamera_Screen"},{"time":0.1333,"name":"Event","string":"shakeGround"},{"time":0.1333,"name":"Sound1","string":"cri_se_battle_025_blow_hit"},{"time":0.1333,"name":"Sound2","string":"cri_se_battle_monster_hit"},{"time":1.1333,"name":"Event","string":"shakeGround"},{"time":1.1333,"name":"Sound1","string":"cri_se_battle_monster_footstep"}]},"attack4":{"bones":{"L_leg_IK":{"rotate":[{"time":0,"angle":0}],"translate":[{"time":0,"x":0,"y":0},{"time":0.1666,"x":2.23,"y":0},{"time":0.9,"x":-51.06,"y":0,"curve":"stepped"},{"time":1.6333,"x":-51.06,"y":0},{"time":1.9333,"x":6.82,"y":32.51},{"time":2,"x":45.9,"y":31.99},{"time":2.0333,"x":66.84,"y":-23.55},{"time":3.7,"x":67.4,"y":-18.1,"curve":"stepped"},{"time":3.9666,"x":67.4,"y":-18.1,"curve":[0.733,0,0.75,1]},{"time":4.5,"x":24.75,"y":-12.12},{"time":5.0666,"x":0,"y":0}],"scale":[{"time":0,"x":1,"y":1}]},"MAIN":{"rotate":[{"time":0,"angle":0},{"time":0.1666,"angle":-2.7},{"time":0.9,"angle":0,"curve":[0.144,0.69,0.75,1]},{"time":1.6333,"angle":3.15,"curve":[0.88,0,0.75,1]},{"time":2.0333,"angle":-25.48},{"time":3.7,"angle":-21.93,"curve":"stepped"},{"time":3.9666,"angle":-21.93,"curve":[0.133,0.43,0.75,1]},{"time":4.4,"angle":-7.14},{"time":5.0666,"angle":0}],"translate":[{"time":0,"x":0,"y":0,"curve":[0.25,0,0.75,1]},{"time":0.1666,"x":0,"y":-6.92},{"time":0.9,"x":-42.09,"y":13.1,"curve":[0.144,0.69,0.75,1]},{"time":1.6333,"x":-43.16,"y":19.56,"curve":[0.88,0,0.75,1]},{"time":2.0333,"x":41.35,"y":-61.76},{"time":3.7,"x":36.53,"y":-56.84,"curve":"stepped"},{"time":3.9666,"x":36.53,"y":-56.84,"curve":[0.133,0.43,0.75,1]},{"time":4.4,"x":7.44,"y":-26.62},{"time":5.0666,"x":0,"y":0}],"scale":[{"time":0,"x":1,"y":1}]},"L_leg_3":{"rotate":[{"time":0,"angle":0,"curve":[0.25,0,0.75,1]},{"time":0.1666,"angle":-0.98,"curve":[0.25,0,0.75,1]},{"time":0.7666,"angle":0,"curve":"stepped"},{"time":0.9,"angle":0},{"time":1.5333,"angle":-3.67,"curve":[0.76,0,0.75,1]},{"time":1.8666,"angle":8.87,"curve":[1,0,1,0.73]},{"time":2.0333,"angle":-0.46},{"time":3.7,"angle":-3.04,"curve":"stepped"},{"time":3.9666,"angle":-3.04,"curve":[0.133,0.43,0.75,1]},{"time":4.4,"angle":3.39},{"time":5.0666,"angle":0}],"translate":[{"time":0,"x":0,"y":0}],"scale":[{"time":0,"x":1,"y":1}]},"L_leg_1":{"rotate":[{"time":0,"angle":0}],"translate":[{"time":0,"x":0,"y":0,"curve":"stepped"},{"time":0.1666,"x":0,"y":0,"curve":"stepped"},{"time":1.6333,"x":0,"y":0},{"time":1.8666,"x":-18.87,"y":-1.17},{"time":2,"x":-22.43,"y":14.47},{"time":2.0333,"x":1.13,"y":-25.32,"curve":"stepped"},{"time":3.7,"x":1.13,"y":-25.32,"curve":"stepped"},{"time":3.9666,"x":1.13,"y":-25.32,"curve":"stepped"},{"time":4.4,"x":1.13,"y":-25.32},{"time":5.0666,"x":0,"y":0}],"scale":[{"time":0,"x":1,"y":1}]},"bone":{"rotate":[{"time":0,"angle":0,"curve":"stepped"},{"time":1.8666,"angle":0},{"time":2,"angle":-348.54},{"time":2.0333,"angle":0}],"translate":[{"time":0,"x":0,"y":0}],"scale":[{"time":0,"x":1,"y":1}]},"L_leg_2":{"rotate":[{"time":0,"angle":0}],"translate":[{"time":0,"x":0,"y":0}],"scale":[{"time":0,"x":1,"y":1}]}},"drawOrder":[{"time":5.0666}],"events":[{"time":0.0333,"name":"Event","string":"kImpactType_down"},{"time":0.1666,"name":"Event","float":0.2,"string":"kHitStopType_normal"},{"time":0.1666,"name":"Voice","string":"cri_boss_40003_02"},{"time":0.9,"name":"Sound1","string":"cri_se_battle_metal_rubbing"},{"time":1.8666,"name":"Sound1","string":"cri_se_battle_monster_swish"},{"time":2.0333,"name":"Sound1","string":"cri_se_battle_monster_footstep"},{"time":2.0333,"name":"Sound2","string":"cri_se_battle_031_explosion_03"},{"time":2.0333,"name":"Sound3","string":"cri_se_battle_monster_hit"},{"time":2.0666,"name":"Event","string":"addOrbitSystemCamera_Screen"},{"time":2.1,"name":"Event","float":1,"string":"shakeGround-loop"},{"time":2.2666,"name":"Event","string":"runScript-addSP"}]},"attack5":{"bones":{"L_leg_IK":{"rotate":[{"time":2.0333,"angle":0}],"translate":[{"time":1.1666,"x":0,"y":0},{"time":1.4333,"x":52.45,"y":-5.64,"curve":"stepped"},{"time":1.6333,"x":52.45,"y":-5.64},{"time":1.8666,"x":68.31,"y":7.38},{"time":1.9666,"x":95.74,"y":12,"curve":[0.116,0.51,0.537,0.82]},{"time":2.0333,"x":113.39,"y":-5.35}],"scale":[{"time":2.0333,"x":1,"y":1}]},"MAIN":{"rotate":[{"time":0,"angle":0},{"time":0.5666,"angle":1.35},{"time":2.0333,"angle":0.67}],"translate":[{"time":0,"x":0,"y":0},{"time":0.5666,"x":15.33,"y":-16.52,"curve":"stepped"},{"time":1.6333,"x":15.33,"y":-16.52},{"time":1.9333,"x":54.13,"y":-33.5},{"time":1.9666,"x":63.89,"y":-45.44},{"time":2.0333,"x":109.47,"y":-48.69}],"scale":[{"time":2.0333,"x":1,"y":1}]},"L_leg_3":{"rotate":[{"time":0,"angle":0},{"time":0.5666,"angle":16.4},{"time":1.1666,"angle":16.23},{"time":1.4333,"angle":-12.7,"curve":"stepped"},{"time":1.6333,"angle":-12.7},{"time":1.9333,"angle":-3.84},{"time":1.9666,"angle":-1.52},{"time":2.0333,"angle":9.65}],"translate":[{"time":2.0333,"x":0,"y":0}],"scale":[{"time":2.0333,"x":1,"y":1}]},"bone":{"rotate":[{"time":1.9666,"angle":0,"curve":"stepped"},{"time":2.0333,"angle":0}]},"L_leg_1":{"rotate":[{"time":2.0333,"angle":0}],"translate":[{"time":2.0333,"x":0,"y":0}],"scale":[{"time":2.0333,"x":1,"y":1}]},"L_leg_2":{"rotate":[{"time":2.0333,"angle":0}],"translate":[{"time":2.0333,"x":0,"y":0}],"scale":[{"time":2.0333,"x":1,"y":1}]}},"drawOrder":[{"time":0.0333},{"time":1.9333},{"time":1.9666},{"time":2.0333}],"events":[{"time":0,"name":"Event","string":"setHitEffect(hit02a,1,3,0)"},{"time":1.1,"name":"Sound1","string":"cri_se_battle_monster_footstep"},{"time":1.4333,"name":"Sound1","string":"cri_se_battle_monster_footstep"},{"time":1.5666,"name":"Voice","string":"cri_boss_40003_03"},{"time":1.8666,"name":"Event","float":0.01,"string":"kHitStopType_enemyonly"},{"time":1.9666,"name":"Event","string":"runScript-glab"},{"time":2.0333,"name":"Sound1","string":"cri_se_battle_monster_footstep"},{"time":2.0333,"name":"Sound2","string":"cri_se_battle_hands_hit"},{"time":2.0666,"name":"Event","string":"runScript-checkGlabSucsess"}]},"back":{"bones":{"L_leg_IK":{"translate":[{"time":0,"x":0,"y":0},{"time":0.4333,"x":-1.02,"y":-0.84},{"time":0.5333,"x":-22.86,"y":22.5},{"time":0.6,"x":-72.53,"y":43.09},{"time":0.7666,"x":-121.07,"y":18.39},{"time":1.1,"x":-152.55,"y":3},{"time":2,"x":-175.96,"y":0}]},"MAIN":{"rotate":[{"time":0,"angle":0},{"time":0.7666,"angle":-2.62},{"time":1.1,"angle":5.6},{"time":1.6333,"angle":0}],"translate":[{"time":0,"x":0,"y":0},{"time":0.4333,"x":-28.12,"y":3.81},{"time":0.4666,"x":-17.22,"y":2.99},{"time":0.7666,"x":-88.29,"y":13.74},{"time":1.1,"x":-98.34,"y":13.74},{"time":1.6333,"x":-180.08,"y":0}]},"L_leg_3":{"rotate":[{"time":0,"angle":0},{"time":0.4333,"angle":-17.91},{"time":0.6,"angle":-22.95},{"time":0.7666,"angle":0},{"time":1.1,"angle":16.03},{"time":1.6333,"angle":-2.98},{"time":2,"angle":0}]},"bone":{"rotate":[{"time":0.4333,"angle":0},{"time":0.6,"angle":-323.87},{"time":1.1,"angle":0}]}},"drawOrder":[{"time":0.1}],"events":[{"time":1.1,"name":"Sound1","string":"cri_se_battle_monster_footstep"},{"time":1.1333,"name":"Event","string":"shakeGround"},{"time":1.6333,"name":"Sound1","string":"cri_se_battle_monster_footstep"},{"time":1.7,"name":"Event","string":"shakeGround"}]},"damage":{"bones":{"MAIN":{"translate":[{"time":0,"x":0,"y":0},{"time":0.2,"x":-48.61,"y":3.73},{"time":1.6666,"x":0,"y":0}]},"L_leg_3":{"rotate":[{"time":0,"angle":0},{"time":0.2,"angle":-26.01},{"time":1.6666,"angle":0}]},"L_leg_IK":{"translate":[{"time":0,"x":0,"y":0},{"time":0.2,"x":-4.3,"y":2.86},{"time":1.6666,"x":0,"y":0}]}},"drawOrder":[{"time":0.0666},{"time":1.5333}]},"damage2":{"bones":{"MAIN":{"translate":[{"time":0,"x":0,"y":0,"curve":[0.25,0,0.75,1]},{"time":0.2,"x":-48.61,"y":3.73},{"time":1.6666,"x":0,"y":0}]},"L_leg_3":{"rotate":[{"time":0,"angle":0,"curve":[0.25,0,0.75,1]},{"time":0.2,"angle":-26.01},{"time":1.6666,"angle":0}]},"L_leg_IK":{"translate":[{"time":0,"x":0,"y":0},{"time":0.2,"x":-4.3,"y":2.86},{"time":1.6666,"x":0,"y":0}]}},"drawOrder":[{"time":0},{"time":0.0666}]},"goblin_attack":{"events":[{"time":0.9333,"name":"Event","string":"runScript-goblinAttack"},{"time":1.2666,"name":"Event","string":"runScript-goblinAttack"},{"time":1.6333,"name":"Event","string":"runScript-goblinAttack"},{"time":1.9333,"name":"Event","string":"runScript-goblinAttack"}]},"goblin_drop":{"drawOrder":[{"time":0.6}],"events":[{"time":0.4666,"name":"Sound1","string":"cri_se_battle_pop_landing"},{"time":0.7333,"name":"Sound1","string":"cri_se_battle_pop_landing"},{"time":1.1333,"name":"Event","string":"runScript-summon"}]},"idle":{"bones":{"MAIN":{"translate":[{"time":0,"x":0,"y":0,"curve":[0.25,0,0.75,1]},{"time":1.6666,"x":-0.87,"y":-14.98,"curve":[0.25,0,0.75,1]},{"time":3.3333,"x":0,"y":0}]},"L_leg_3":{"rotate":[{"time":0,"angle":0,"curve":[0.25,0,0.75,1]},{"time":1.6666,"angle":3.46,"curve":[0.25,0,0.75,1]},{"time":3.3333,"angle":0}]}}},"idle2":{"bones":{"MAIN":{"rotate":[{"time":0,"angle":0}],"translate":[{"time":0,"x":0,"y":0,"curve":[0.25,0,0.75,1]},{"time":1.6666,"x":-0.87,"y":-14.98,"curve":[0.25,0,0.75,1]},{"time":3.3333,"x":0,"y":0}],"scale":[{"time":0,"x":1,"y":1}]},"L_leg_3":{"rotate":[{"time":0,"angle":0,"curve":[0.25,0,0.75,1]},{"time":1.6666,"angle":3.46,"curve":[0.25,0,0.75,1]},{"time":3.3333,"angle":0}],"translate":[{"time":0,"x":0,"y":0}],"scale":[{"time":0,"x":1,"y":1}]},"L_leg_IK":{"rotate":[{"time":0,"angle":0}],"translate":[{"time":0,"x":0,"y":0}],"scale":[{"time":0,"x":1,"y":1}]},"L_leg_1":{"rotate":[{"time":0,"angle":0}],"translate":[{"time":0,"x":0,"y":0}],"scale":[{"time":0,"x":1,"y":1}]},"L_leg_2":{"rotate":[{"time":0,"angle":0}],"translate":[{"time":0,"x":0,"y":0}],"scale":[{"time":0,"x":1,"y":1}]},"bone":{"rotate":[{"time":0,"angle":0}],"translate":[{"time":0,"x":0,"y":0}],"scale":[{"time":0,"x":1,"y":1}]}},"drawOrder":[{"time":0}]},"in":{"bones":{"L_leg_IK":{"translate":[{"time":0,"x":-275.92,"y":194.19},{"time":1,"x":-323.09,"y":179.05},{"time":1.6666,"x":-276.43,"y":198.8,"curve":[0.883,0,0.75,1]},{"time":2,"x":-254.85,"y":4.57},{"time":2.5666,"x":-249.6,"y":5.86},{"time":3,"x":-214.1,"y":24.42},{"time":3.6666,"x":124.96,"y":141.41,"curve":[0.994,0,0.75,1]},{"time":3.8,"x":185.72,"y":0,"curve":"stepped"},{"time":4.2,"x":185.72,"y":0}]},"MAIN":{"rotate":[{"time":0,"angle":-0.4},{"time":1.6666,"angle":0,"curve":[0.883,0,0.75,1]},{"time":2,"angle":-16.97},{"time":2.6666,"angle":9.48,"curve":[0.883,0,0.75,1]},{"time":3,"angle":-16.3},{"time":3.6666,"angle":6.7,"curve":[0.994,0,0.75,1]},{"time":3.9,"angle":-4.08},{"time":4,"angle":0,"curve":"stepped"},{"time":4.2,"angle":0}],"translate":[{"time":0,"x":-352.3,"y":5.91},{"time":1,"x":-354.52,"y":6.24},{"time":1.6666,"x":-353.95,"y":6.24,"curve":[0.883,0,0.75,1]},{"time":2,"x":-284.64,"y":-7.74},{"time":2.6666,"x":-121.83,"y":27.64,"curve":[0.883,0,0.75,1]},{"time":3,"x":-76.12,"y":18.59},{"time":3.6666,"x":38.9,"y":21.71,"curve":[0.25,0,0.75,1]},{"time":3.8333,"x":185.72,"y":0,"curve":[0.25,0,0.75,1]},{"time":3.9,"x":183.33,"y":-10.01,"curve":[0.25,0,0.75,1]},{"time":4,"x":185.72,"y":0,"curve":"stepped"},{"time":4.2,"x":185.72,"y":0}]},"L_leg_1":{"translate":[{"time":0,"x":13.89,"y":17.68,"curve":"stepped"},{"time":3,"x":13.89,"y":17.68,"curve":[0.749,0,0.917,0.68]},{"time":3.3,"x":-5.22,"y":38.33,"curve":[0.378,0.43,0.689,0.78]},{"time":3.7,"x":0.3,"y":-11.78,"curve":[0.319,0.64,0.639,1]},{"time":4,"x":13.89,"y":17.68}]},"L_leg_3":{"rotate":[{"time":0,"angle":10.73,"curve":[0.917,0,0.906,1]},{"time":1,"angle":11.08,"curve":"stepped"},{"time":1.6666,"angle":11.08,"curve":[0.883,0,0.75,1]},{"time":2,"angle":-3.78},{"time":2.3666,"angle":0.79},{"time":2.5333,"angle":-0.21},{"time":2.6666,"angle":-3.78,"curve":[0.883,0,0.75,1]},{"time":3,"angle":14.79},{"time":3.5666,"angle":-17.22},{"time":3.9,"angle":0,"curve":"stepped"},{"time":4.2,"angle":0}]},"bone":{"rotate":[{"time":4.2,"angle":0}]}},"drawOrder":[{"time":0},{"time":1},{"time":3}],"events":[{"time":0,"name":"Event","string":"runScript-ashi"},{"time":2,"name":"Event","string":"shakeGround"},{"time":2,"name":"Sound1","string":"cri_se_battle_monster_footstep"},{"time":2.0333,"name":"Sound2"},{"time":3,"name":"Event","string":"shakeGround"},{"time":3,"name":"Sound1","string":"cri_se_battle_monster_footstep"},{"time":3.8,"name":"Voice","string":"cri_boss_40003_01"},{"time":3.8333,"name":"Sound1","string":"cri_se_battle_monster_footstep"},{"time":3.8666,"name":"Event","string":"shakeGround"}]},"library":{"bones":{"MAIN":{"translate":[{"time":0,"x":0,"y":0,"curve":[0.25,0,0.75,1]},{"time":1.6666,"x":-0.87,"y":-14.98,"curve":[0.25,0,0.75,1]},{"time":3.3333,"x":0,"y":0}]},"L_leg_3":{"rotate":[{"time":0,"angle":0,"curve":[0.25,0,0.75,1]},{"time":1.6666,"angle":3.46,"curve":[0.25,0,0.75,1]},{"time":3.3333,"angle":0}]},"root":{"translate":[{"time":0,"x":0,"y":0}],"scale":[{"time":0,"x":1.45,"y":1.45}]}}},"out":{"slots":{"L-leg2":{"attachment":[{"time":0,"name":"L-leg2"},{"time":0.8,"name":"L-leg2"},{"time":1.3666,"name":"L-leg2"}],"color":[{"time":0,"color":"ffffffff","curve":"stepped"},{"time":1.3666,"color":"ffffff00"}]},"L_leg1":{"attachment":[{"time":0.8,"name":"L_leg1"},{"time":1.3666,"name":"L_leg1"}],"color":[{"time":0,"color":"ffffffff","curve":"stepped"},{"time":1.3666,"color":"ffffff00"}]},"L_leg3":{"attachment":[{"time":0,"name":"L_leg3"},{"time":0.8,"name":"L_leg3"},{"time":1.3666,"name":"L_leg3"}],"color":[{"time":0,"color":"ffffffff","curve":"stepped"},{"time":1.3666,"color":"ffffff00"}]}},"bones":{"MAIN":{"rotate":[{"time":1.1,"angle":0,"curve":[0.834,0,0.75,1]},{"time":1.7333,"angle":108.66}],"translate":[{"time":0,"x":0,"y":0,"curve":"stepped"},{"time":0.0666,"x":0,"y":0,"curve":[0.138,0.62,0.75,1]},{"time":0.5333,"x":-44.7,"y":0},{"time":0.8,"x":-61.57,"y":0},{"time":1.1,"x":-89.99,"y":0,"curve":[0.834,0,0.75,1]},{"time":1.7333,"x":-98.89,"y":-125.01}]},"L_leg_IK":{"translate":[{"time":0,"x":0,"y":0,"curve":"stepped"},{"time":0.1333,"x":0,"y":0},{"time":0.3333,"x":20.19,"y":11.22},{"time":1.1,"x":-84.71,"y":-13.12},{"time":1.4333,"x":-90.32,"y":-9.54},{"time":1.7333,"x":6.21,"y":37.15},{"time":2.0333,"x":-13.97,"y":-48.76}]},"L_leg_3":{"rotate":[{"time":0,"angle":0,"curve":"stepped"},{"time":0.2,"angle":0,"curve":"stepped"},{"time":0.2666,"angle":0},{"time":1.1,"angle":-7.08},{"time":1.5,"angle":-11.09},{"time":1.9666,"angle":-35.8}]},"bone":{"rotate":[{"time":0.2,"angle":0,"curve":"stepped"},{"time":0.2666,"angle":0},{"time":0.5333,"angle":29.61},{"time":0.6,"angle":33.07},{"time":1.0666,"angle":-348.94}]}},"ffd":{"default":{"L_leg1":{"L_leg1":[{"time":0,"curve":"stepped"},{"time":1.7333}]}}},"drawOrder":[{"time":0.2}],"events":[{"time":0.2666,"name":"Voice","string":"cri_boss_40003_05"},{"time":0.3666,"name":"Event","string":"shakeGround"},{"time":1.0333,"name":"Sound1","string":"cri_se_battle_monster_footstep"},{"time":1.7333,"name":"Sound1","string":"cri_se_battle_monster_fall"},{"time":1.7333,"name":"Sound2","string":"cri_se_battle_metal_rubbing"},{"time":1.7333,"name":"Sound3","string":"se_battle_monster_hit"},{"time":1.8,"name":"Event","float":1,"string":"shakeGround-Loop"}]},"setUpWeapon":{"bones":{"MAIN":{"rotate":[{"time":0,"angle":0}],"translate":[{"time":0,"x":0,"y":0}],"scale":[{"time":0,"x":1,"y":1}]},"L_leg_3":{"rotate":[{"time":0,"angle":0}],"translate":[{"time":0,"x":0,"y":0}],"scale":[{"time":0,"x":1,"y":1}]},"L_leg_IK":{"rotate":[{"time":0,"angle":0}],"translate":[{"time":0,"x":0,"y":0}],"scale":[{"time":0,"x":1,"y":1}]},"L_leg_1":{"rotate":[{"time":0,"angle":0}],"translate":[{"time":0,"x":0,"y":0}],"scale":[{"time":0,"x":1,"y":1}]},"L_leg_2":{"rotate":[{"time":0,"angle":0}],"translate":[{"time":0,"x":0,"y":0}],"scale":[{"time":0,"x":1,"y":1}]},"bone":{"rotate":[{"time":0,"angle":0}],"translate":[{"time":0,"x":0,"y":0}],"scale":[{"time":0,"x":1,"y":1}]}},"drawOrder":[{"time":0}]},"setUpWeaponBreaked":{"bones":{"MAIN":{"translate":[{"time":0,"x":0,"y":0}]},"L_leg_3":{"rotate":[{"time":0,"angle":0}]}}},"skill2":{"bones":{"L_leg_IK":{"translate":[{"time":0,"x":0,"y":0,"curve":"stepped"},{"time":0.2666,"x":0,"y":0},{"time":0.6666,"x":-15.52,"y":0,"curve":"stepped"},{"time":0.9666,"x":-15.52,"y":0,"curve":"stepped"},{"time":1.2666,"x":-15.52,"y":0},{"time":1.4666,"x":-12.2,"y":0},{"time":1.7333,"x":-7.76,"y":0,"curve":"stepped"},{"time":1.8333,"x":-7.76,"y":0},{"time":1.9666,"x":152.99,"y":204.23},{"time":2.4,"x":238.8,"y":233.67},{"time":2.9333,"x":312.33,"y":337.17},{"time":2.9666,"x":262.26,"y":117.83},{"time":3.0333,"x":306.11,"y":-39.86,"curve":"stepped"},{"time":3.4666,"x":306.11,"y":-39.86,"curve":"stepped"},{"time":5.3333,"x":306.11,"y":-39.86},{"time":5.9333,"x":293.2,"y":-39.41},{"time":6.1333,"x":155.5,"y":3.63},{"time":6.3,"x":75.62,"y":46.64},{"time":6.4666,"x":5.19,"y":0},{"time":6.6333,"x":0,"y":0,"curve":"stepped"},{"time":8,"x":0,"y":0}]},"MAIN":{"rotate":[{"time":0,"angle":0,"curve":"stepped"},{"time":0.2666,"angle":0,"curve":"stepped"},{"time":0.6666,"angle":0},{"time":0.9666,"angle":-2.61},{"time":1.2666,"angle":-0.9},{"time":1.4666,"angle":0,"curve":"stepped"},{"time":1.7333,"angle":0,"curve":"stepped"},{"time":1.8333,"angle":0},{"time":1.9666,"angle":-3.99,"curve":"stepped"},{"time":2.4,"angle":-3.99},{"time":2.9333,"angle":0.17},{"time":2.9666,"angle":-7.86},{"time":3.0333,"angle":-1.63,"curve":"stepped"},{"time":3.4666,"angle":-1.63,"curve":"stepped"},{"time":4.4,"angle":-1.63,"curve":"stepped"},{"time":5.3333,"angle":-1.63,"curve":[0.134,0.47,0.75,1]},{"time":5.9333,"angle":-6.98},{"time":6.1333,"angle":-8.59},{"time":6.4666,"angle":-5.43},{"time":7.3333,"angle":0,"curve":"stepped"},{"time":8,"angle":0}],"translate":[{"time":0,"x":0,"y":0,"curve":"stepped"},{"time":0.2666,"x":0,"y":0},{"time":0.6666,"x":20.7,"y":0},{"time":0.9666,"x":-10.79,"y":-29.54,"curve":"stepped"},{"time":1.2666,"x":-10.79,"y":-29.54},{"time":1.4666,"x":-7.46,"y":-47.84},{"time":1.7333,"x":-3.02,"y":-72.24,"curve":"stepped"},{"time":1.8333,"x":-3.02,"y":-72.24},{"time":1.9666,"x":228.47,"y":242.03},{"time":2.4,"x":218.94,"y":242.03},{"time":2.9333,"x":311.45,"y":242.03},{"time":2.9666,"x":316.71,"y":105.69},{"time":3.0333,"x":284.72,"y":-91.98,"curve":"stepped"},{"time":3.4666,"x":284.72,"y":-91.98},{"time":4.4,"x":282.77,"y":-93.03,"curve":[0.25,0,0.75,1]},{"time":5.3333,"x":323.93,"y":-21.66,"curve":[0.134,0.47,0.75,1]},{"time":5.9333,"x":325.58,"y":-66.29},{"time":6.1333,"x":111.83,"y":27.6},{"time":6.4666,"x":5.19,"y":-12.98},{"time":6.6666,"x":-10.67,"y":-73.12,"curve":[0.533,0,0.75,1]},{"time":8,"x":0,"y":0}]},"L_leg_1":{"translate":[{"time":0.8,"x":0,"y":0},{"time":0.9666,"x":28.41,"y":9.47,"curve":"stepped"},{"time":1.7333,"x":28.41,"y":9.47,"curve":"stepped"},{"time":1.8333,"x":28.41,"y":9.47},{"time":1.9666,"x":0,"y":0,"curve":"stepped"},{"time":2.9666,"x":0,"y":0},{"time":3.0333,"x":18.47,"y":0.52,"curve":"stepped"},{"time":3.4666,"x":18.47,"y":0.52,"curve":"stepped"},{"time":5.3333,"x":18.47,"y":0.52},{"time":7.9666,"x":0,"y":0}]},"L_leg_3":{"rotate":[{"time":0,"angle":0,"curve":"stepped"},{"time":0.2666,"angle":0},{"time":0.6666,"angle":16.99},{"time":0.8,"angle":17.03},{"time":0.9666,"angle":28.32,"curve":"stepped"},{"time":1.2666,"angle":28.32},{"time":1.4666,"angle":34.12},{"time":1.7333,"angle":41.85,"curve":"stepped"},{"time":1.8333,"angle":41.85},{"time":1.9666,"angle":-42.48,"curve":"stepped"},{"time":2.4,"angle":-42.48},{"time":2.9333,"angle":0},{"time":2.9666,"angle":25.37},{"time":3.0333,"angle":12.84,"curve":"stepped"},{"time":3.2,"angle":12.84,"curve":"stepped"},{"time":3.2666,"angle":12.84,"curve":"stepped"},{"time":3.4666,"angle":12.84},{"time":4.4,"angle":14.24},{"time":4.7333,"angle":15.51},{"time":4.9333,"angle":12.06},{"time":5.3333,"angle":11.47,"curve":[0.134,0.47,0.75,1]},{"time":5.9333,"angle":42.37},{"time":6.1333,"angle":-22.32,"curve":[0.25,0,0.75,1]},{"time":6.4666,"angle":5.19,"curve":[0.134,0.53,0.75,1]},{"time":6.6333,"angle":26.97,"curve":[0.533,0,0.75,1]},{"time":8,"angle":0}]}},"drawOrder":[{"time":0.0333},{"time":0.9666}],"events":[{"time":0.2666,"name":"Sound2","string":"cri_se_battle_monster_footstep"},{"time":1.8666,"name":"Event","string":"shakeGround"},{"time":1.8666,"name":"Sound1","string":"cri_se_battle_monster_jump"},{"time":1.8666,"name":"Voice","string":"cri_boss_40003_03"},{"time":2.9333,"name":"Event","string":"kImpactType_down"},{"time":2.9666,"name":"Event","float":0.3,"string":"kHitStopType_normal"},{"time":3,"name":"Event","string":"addOrbitSystemCamera_Screen"},{"time":3.0333,"name":"Event","string":"shakeGround"},{"time":3.0333,"name":"Sound1","string":"cri_se_battle_hard_hit"},{"time":3.0333,"name":"Sound2","string":"cri_se_battle_monster_hit"},{"time":3.0666,"name":"Event","float":0.05,"string":"kHitStopType_normal"},{"time":3.0666,"name":"Sound2","string":"resetHitList"},{"time":3.1,"name":"Event","string":"kImpactType_up"},{"time":3.1,"name":"Sound2","string":"resetHitList"},{"time":3.1333,"name":"Event","float":1,"string":"shakeGround-Loop"},{"time":3.1333,"name":"Sound2","string":"resetHitList"},{"time":3.1666,"name":"Sound2","string":"resetHitList"},{"time":3.2,"name":"Sound2","string":"resetHitList"},{"time":3.2333,"name":"Sound2","string":"resetHitList"},{"time":3.2666,"name":"Sound2","string":"resetHitList"},{"time":3.3,"name":"Sound2","string":"resetHitList"},{"time":3.3333,"name":"Sound2","string":"resetHitList"}]},"skill1_miss":{"bones":{"L_leg_IK":{"rotate":[{"time":0,"angle":0}],"translate":[{"time":0,"x":113.39,"y":-5.35,"curve":[0.37,0.77,0.774,1]},{"time":0.0666,"x":116.6,"y":-8.51,"curve":[0.698,0,0.75,1]},{"time":1.4666,"x":90.52,"y":-12.06,"curve":"stepped"},{"time":2.6666,"x":90.52,"y":-12.06},{"time":3.5,"x":26.59,"y":18.39},{"time":3.9666,"x":1.99,"y":-1.45},{"time":4.7,"x":-4.86,"y":2.26},{"time":5.2333,"x":0,"y":0}]},"MAIN":{"rotate":[{"time":0,"angle":0.67},{"time":1.4666,"angle":0},{"time":2.6666,"angle":2.12},{"time":3.5,"angle":0.29},{"time":3.9666,"angle":2.91},{"time":4.7,"angle":-0.67},{"time":5.2333,"angle":0}],"translate":[{"time":0,"x":109.47,"y":-48.69},{"time":1.4666,"x":89.17,"y":0.52},{"time":1.7666,"x":89.17,"y":-5.34,"curve":"stepped"},{"time":2.6666,"x":89.17,"y":-5.34},{"time":3.5,"x":59.37,"y":13.74},{"time":3.9666,"x":30.19,"y":13.74},{"time":4.7,"x":-33.2,"y":13.74},{"time":5.2333,"x":0,"y":0}]},"L_leg_3":{"rotate":[{"time":0,"angle":9.65},{"time":0.6666,"angle":0.86},{"time":1.4666,"angle":-6.7,"curve":"stepped"},{"time":2.6666,"angle":-6.7},{"time":3.5,"angle":0},{"time":3.9666,"angle":2.72},{"time":4.7,"angle":-20.69},{"time":5.2333,"angle":0}]},"bone":{"rotate":[{"time":0,"angle":0},{"time":1.4666,"angle":13.84,"curve":"stepped"},{"time":2.6666,"angle":13.84},{"time":3.5,"angle":0}]}},"drawOrder":[{"time":0},{"time":1.4},{"time":5.2666}],"events":[{"time":3.9666,"name":"Sound1","string":"cri_se_battle_monster_footstep"},{"time":4.7,"name":"Sound1","string":"cri_se_battle_monster_footstep"}]},"skill1_throw":{"bones":{"L_leg_IK":{"rotate":[{"time":0,"angle":0}],"translate":[{"time":0,"x":113.39,"y":-5.35,"curve":[0.37,0.77,0.774,1]},{"time":0.0666,"x":116.6,"y":-8.51,"curve":[0.698,0,0.75,1]},{"time":1.3333,"x":90.52,"y":-12.06,"curve":"stepped"},{"time":2.7666,"x":90.52,"y":-12.06,"curve":"stepped"},{"time":3.0333,"x":90.52,"y":-12.06},{"time":3.6333,"x":90.81,"y":-13.22},{"time":3.8333,"x":102.12,"y":-12.06},{"time":4.5333,"x":102.39,"y":-12.06},{"time":5.0333,"x":90.52,"y":-12.06},{"time":5.4666,"x":26.59,"y":18.39},{"time":5.9,"x":1.99,"y":-1.45},{"time":6.4666,"x":-4.86,"y":2.26},{"time":7,"x":0,"y":0}],"scale":[{"time":0,"x":1,"y":1}]},"MAIN":{"rotate":[{"time":0,"angle":0.67},{"time":1.3333,"angle":0},{"time":2.7666,"angle":1.32},{"time":3.6333,"angle":0,"curve":"stepped"},{"time":5.1666,"angle":0},{"time":5.4666,"angle":-2.56},{"time":5.9,"angle":2.65},{"time":6.4666,"angle":1.88},{"time":7,"angle":0}],"translate":[{"time":0,"x":109.47,"y":-48.69},{"time":1.3333,"x":89.17,"y":0.52},{"time":2.7666,"x":88.28,"y":1.4},{"time":3,"x":89.17,"y":0.52,"curve":[0.173,0.5,0.75,1]},{"time":3.6333,"x":45.32,"y":0.52},{"time":3.7333,"x":89.17,"y":0.52},{"time":3.8333,"x":124.6,"y":0.52,"curve":[0.144,0.34,0.75,1]},{"time":4.5333,"x":123.82,"y":-3.44,"curve":[0.164,0.03,0.403,0.29]},{"time":5.1666,"x":89.17,"y":0.52},{"time":5.4666,"x":59.37,"y":13.74},{"time":5.9,"x":30.19,"y":13.74},{"time":6.4666,"x":-33.2,"y":13.74},{"time":7,"x":0,"y":0}],"scale":[{"time":0,"x":1,"y":1}]},"L_leg_1":{"rotate":[{"time":0,"angle":0}],"translate":[{"time":0,"x":0,"y":0}],"scale":[{"time":0,"x":1,"y":1}]},"bone":{"rotate":[{"time":0,"angle":0},{"time":1.3333,"angle":13.84,"curve":"stepped"},{"time":2.7666,"angle":13.84,"curve":"stepped"},{"time":3.5333,"angle":13.84,"curve":"stepped"},{"time":3.8,"angle":13.84},{"time":3.8333,"angle":-348.85},{"time":4.5333,"angle":-349.21},{"time":5.4666,"angle":0}]},"L_leg_3":{"rotate":[{"time":0,"angle":9.65},{"time":0.6666,"angle":0.86},{"time":1.3333,"angle":-7.14,"curve":"stepped"},{"time":2.7666,"angle":-7.14},{"time":3,"angle":-6.87},{"time":3.0333,"angle":-12.98},{"time":3.3666,"angle":-24.05},{"time":3.6333,"angle":-30.18},{"time":3.7333,"angle":-10.34},{"time":3.8333,"angle":3.38},{"time":4,"angle":3.21},{"time":4.5333,"angle":2.75},{"time":5.0333,"angle":-0.77},{"time":5.4666,"angle":0},{"time":5.9,"angle":2.72},{"time":6.4666,"angle":-20.69},{"time":7,"angle":0}],"translate":[{"time":0,"x":0,"y":0}],"scale":[{"time":0,"x":1,"y":1}]},"L_leg_2":{"rotate":[{"time":0,"angle":0}],"translate":[{"time":0,"x":0,"y":0}],"scale":[{"time":0,"x":1,"y":1}]}},"drawOrder":[{"time":0},{"time":1.3333},{"time":2.7666},{"time":4},{"time":5.4666}],"events":[{"time":3.6333,"name":"Sound1","string":"cri_se_battle_monster_swish"},{"time":3.8,"name":"Event","string":"runScript-throw"},{"time":3.8333,"name":"Event","string":"shakeGround"},{"time":3.8333,"name":"Sound1","string":"cri_se_battle_monster_hit"},{"time":3.8333,"name":"Sound2","string":"cri_se_battle_hard_hit"},{"time":3.8666,"name":"Event","string":"runScript-throwEnd"},{"time":5.9,"name":"Sound1","string":"cri_se_battle_monster_footstep"},{"time":6.4666,"name":"Sound1","string":"cri_se_battle_monster_footstep"}]}}}