{"skeleton":{"hash":"UeQeswiefGZmurikHZBGbHNZhSw","spine":"3.0.12","width":0,"height":0},"bones":[{"name":"root"},{"name":"MAIN","parent":"root"},{"name":"fire_2","parent":"MAIN","x":728.83,"y":110.84},{"name":"fire_1","parent":"MAIN","x":703.97,"y":110.84},{"name":"S2_slash2_3","parent":"MAIN","x":851.31,"y":290.1},{"name":"S2_slash2_2","parent":"MAIN","x":776.17,"y":290.1},{"name":"S2_slash2_1","parent":"MAIN","x":724.07,"y":290.1},{"name":"S2_slash1_3","parent":"MAIN","x":970.16,"y":-138.63},{"name":"S2_slash1_2","parent":"MAIN","x":855.08,"y":-138.63},{"name":"S2_slash1_1","parent":"MAIN","x":710.43,"y":-138.63},{"name":"S2_charge1","parent":"MAIN","x":716.72,"y":-440.95},{"name":"S1_shine1_4","parent":"MAIN","x":1906.61,"y":-173.28},{"name":"S1_shine1_3","parent":"MAIN","x":1637.65,"y":-173.28},{"name":"S1_shine1_2","parent":"MAIN","x":1373.91,"y":-173.28},{"name":"EFS1Slash","parent":"MAIN"},{"name":"S1_shine1_5","parent":"EFS1Slash","x":1092.04,"y":-173.28},{"name":"S1_shine1_1","parent":"EFS1Slash","x":1092.04,"y":-173.28},{"name":"S1_dash15","parent":"EFS1Slash","x":1088.43,"y":243.29},{"name":"S1_dash14","parent":"EFS1Slash","x":1088.43,"y":243.29},{"name":"S1_dash13","parent":"EFS1Slash","x":1088.43,"y":243.29},{"name":"S1_dash12","parent":"EFS1Slash","x":1088.43,"y":243.29},{"name":"S1_dash11","parent":"EFS1Slash","x":1088.43,"y":243.29},{"name":"S1_dash10","parent":"EFS1Slash","x":1088.43,"y":243.29},{"name":"S1_dash9","parent":"EFS1Slash","x":1088.43,"y":243.29},{"name":"S1_dash8","parent":"EFS1Slash","x":1088.43,"y":243.29},{"name":"S1_dash7","parent":"EFS1Slash","x":1088.43,"y":243.29},{"name":"S1_dash6","parent":"EFS1Slash","x":1088.43,"y":243.29},{"name":"S1_dash5","parent":"EFS1Slash","x":1088.43,"y":243.29},{"name":"S1_dash4","parent":"EFS1Slash","x":1088.43,"y":243.29},{"name":"S1_dash3","parent":"EFS1Slash","x":1088.43,"y":243.29},{"name":"S1_dash2","parent":"EFS1Slash","x":728.84,"y":-727},{"name":"S1_dash1","parent":"EFS1Slash","x":1093.42,"y":-720.41}],"slots":[{"name":"S2_slash2_1","bone":"S2_slash2_1","blend":"additive"},{"name":"S2_slash2_2","bone":"S2_slash2_2","blend":"additive"},{"name":"S2_slash2_3","bone":"S2_slash2_3","blend":"additive"},{"name":"S2_slash1_1","bone":"S2_slash1_1","blend":"additive"},{"name":"S2_slash1_2","bone":"S2_slash1_2","blend":"additive"},{"name":"S2_slash1_3","bone":"S2_slash1_3","blend":"additive"},{"name":"S2_charge1","bone":"S2_charge1","blend":"additive"},{"name":"S1_shine1_1","bone":"S1_shine1_1","blend":"additive"},{"name":"S1_shine1_5","bone":"S1_shine1_5","blend":"additive"},{"name":"S1_shine1_2","bone":"S1_shine1_2","blend":"additive"},{"name":"S1_shine1_3","bone":"S1_shine1_3","blend":"additive"},{"name":"S1_shine1_4","bone":"S1_shine1_4","blend":"additive"},{"name":"S1_dash3","bone":"S1_dash3","blend":"additive"},{"name":"S1_dash4","bone":"S1_dash4","blend":"additive"},{"name":"S1_dash5","bone":"S1_dash5","blend":"additive"},{"name":"S1_dash6","bone":"S1_dash6","blend":"additive"},{"name":"S1_dash7","bone":"S1_dash7","blend":"additive"},{"name":"S1_dash8","bone":"S1_dash8","blend":"additive"},{"name":"S1_dash9","bone":"S1_dash9","blend":"additive"},{"name":"S1_dash10","bone":"S1_dash10","blend":"additive"},{"name":"S1_dash11","bone":"S1_dash11","blend":"additive"},{"name":"S1_dash12","bone":"S1_dash12","blend":"additive"},{"name":"S1_dash13","bone":"S1_dash13","blend":"additive"},{"name":"S1_dash14","bone":"S1_dash14","blend":"additive"},{"name":"S1_dash15","bone":"S1_dash15","blend":"additive"},{"name":"S1_dash2","bone":"S1_dash2","blend":"additive"},{"name":"S1_dash1","bone":"S1_dash1","blend":"additive"},{"name":"EF/A1_fire1/550_A1_fire1_00038","bone":"fire_1","blend":"additive"},{"name":"EF/A1_fire1/550_A1_fire1_38","bone":"fire_2","blend":"additive"}],"skins":{"default":{"EF/A1_fire1/550_A1_fire1_00038":{"EF/A1_fire1/550_A1_fire1_00038":{"x":0.5,"y":17.02,"width":200,"height":200},"EF/A1_fire1/550_A1_fire1_00039":{"x":0.5,"y":17.02,"width":200,"height":200},"EF/A1_fire1/550_A1_fire1_00040":{"x":0.5,"y":17.02,"width":200,"height":200},"EF/A1_fire1/550_A1_fire1_00041":{"x":0.5,"y":17.02,"width":200,"height":200},"EF/A1_fire1/550_A1_fire1_00042":{"x":0.5,"y":17.02,"width":200,"height":200},"EF/A1_fire1/550_A1_fire1_00043":{"x":0.5,"y":17.02,"width":200,"height":200},"EF/A1_fire1/550_A1_fire1_00044":{"x":0.5,"y":17.02,"width":200,"height":200},"EF/A1_fire1/550_A1_fire1_00045":{"x":0.5,"y":17.02,"width":200,"height":200},"EF/A1_fire1/550_A1_fire1_00046":{"x":0.5,"y":17.02,"width":200,"height":200}},"EF/A1_fire1/550_A1_fire1_38":{"EF/A1_fire1/550_A1_fire1_00038":{"x":0.5,"y":17.02,"width":200,"height":200},"EF/A1_fire1/550_A1_fire1_00039":{"x":0.5,"y":17.02,"width":200,"height":200},"EF/A1_fire1/550_A1_fire1_00040":{"x":0.5,"y":17.02,"width":200,"height":200},"EF/A1_fire1/550_A1_fire1_00041":{"x":0.5,"y":17.02,"width":200,"height":200},"EF/A1_fire1/550_A1_fire1_00042":{"x":0.5,"y":17.02,"width":200,"height":200},"EF/A1_fire1/550_A1_fire1_00043":{"x":0.5,"y":17.02,"width":200,"height":200},"EF/A1_fire1/550_A1_fire1_00044":{"x":0.5,"y":17.02,"width":200,"height":200},"EF/A1_fire1/550_A1_fire1_00045":{"x":0.5,"y":17.02,"width":200,"height":200},"EF/A1_fire1/550_A1_fire1_00046":{"x":0.5,"y":17.02,"width":200,"height":200}},"S1_dash1":{"EF/380_S1_dash1/380_S1_dash1_00039":{"x":12.31,"y":-9.33,"width":400,"height":400}},"S1_dash10":{"EF/380_S1_dash3/380_S1_dash3_00046":{"x":0.33,"y":10.8,"width":418,"height":418}},"S1_dash11":{"EF/380_S1_dash3/380_S1_dash3_00046":{"x":0.33,"y":10.8,"width":418,"height":418}},"S1_dash12":{"EF/380_S1_dash3/380_S1_dash3_00046":{"x":0.33,"y":10.8,"width":418,"height":418}},"S1_dash13":{"EF/380_S1_dash3/380_S1_dash3_00046":{"x":0.33,"y":10.8,"width":418,"height":418}},"S1_dash14":{"EF/380_S1_dash3/380_S1_dash3_00046":{"x":0.33,"y":10.8,"width":418,"height":418}},"S1_dash15":{"EF/380_S1_dash3/380_S1_dash3_00046":{"x":0.33,"y":10.8,"width":418,"height":418}},"S1_dash2":{"EF/380_S1_dash2/380_S1_dash2_00039":{"x":-5.71,"y":2.18,"width":257,"height":257},"EF/380_S1_dash2/380_S1_dash2_00040":{"x":-5.71,"y":2.18,"width":257,"height":257},"EF/380_S1_dash2/380_S1_dash2_00042":{"x":-5.71,"y":2.18,"width":257,"height":257},"EF/380_S1_dash2/380_S1_dash2_00043":{"x":-5.71,"y":2.18,"width":257,"height":257},"EF/380_S1_dash2/380_S1_dash2_00045":{"x":-5.71,"y":2.18,"width":257,"height":257},"EF/380_S1_dash2/380_S1_dash2_00046":{"x":-5.71,"y":2.18,"width":257,"height":257},"EF/380_S1_dash2/380_S1_dash2_00047":{"x":-5.71,"y":2.18,"width":257,"height":257}},"S1_dash3":{"EF/380_S1_dash3/380_S1_dash3_00040":{"x":0.33,"y":10.8,"width":418,"height":418},"EF/380_S1_dash3/380_S1_dash3_00041":{"x":0.33,"y":10.8,"width":418,"height":418},"EF/380_S1_dash3/380_S1_dash3_00042":{"x":0.33,"y":10.8,"width":418,"height":418},"EF/380_S1_dash3/380_S1_dash3_00043":{"x":0.33,"y":10.8,"width":418,"height":418},"EF/380_S1_dash3/380_S1_dash3_00044":{"x":0.33,"y":10.8,"width":418,"height":418},"EF/380_S1_dash3/380_S1_dash3_00045":{"x":0.33,"y":10.8,"width":418,"height":418},"EF/380_S1_dash3/380_S1_dash3_00046":{"x":0.33,"y":10.8,"width":418,"height":418},"EF/380_S1_dash3/380_S1_dash3_00048":{"x":0.33,"y":10.8,"width":418,"height":418}},"S1_dash4":{"EF/380_S1_dash3/380_S1_dash3_00046":{"x":0.33,"y":10.8,"width":418,"height":418}},"S1_dash5":{"EF/380_S1_dash3/380_S1_dash3_00046":{"x":0.33,"y":10.8,"width":418,"height":418}},"S1_dash6":{"EF/380_S1_dash3/380_S1_dash3_00046":{"x":0.33,"y":10.8,"width":418,"height":418}},"S1_dash7":{"EF/380_S1_dash3/380_S1_dash3_00046":{"x":0.33,"y":10.8,"width":418,"height":418}},"S1_dash8":{"EF/380_S1_dash3/380_S1_dash3_00046":{"x":0.33,"y":10.8,"width":418,"height":418}},"S1_dash9":{"EF/380_S1_dash3/380_S1_dash3_00046":{"x":0.33,"y":10.8,"width":418,"height":418}},"S1_shine1_1":{"EF/380_S1_shine1/380_S1_shine1_00040":{"x":1.35,"y":-0.73,"width":270,"height":270},"EF/380_S1_shine1/380_S1_shine1_00041":{"x":1.35,"y":-0.73,"width":270,"height":270},"EF/380_S1_shine1/380_S1_shine1_00042":{"x":1.35,"y":-0.73,"width":270,"height":270}},"S1_shine1_2":{"EF/380_S1_shine1/380_S1_shine1_00040":{"x":1.35,"y":-0.73,"width":270,"height":270},"EF/380_S1_shine1/380_S1_shine1_00041":{"x":1.35,"y":-0.73,"width":270,"height":270},"EF/380_S1_shine1/380_S1_shine1_00042":{"x":1.35,"y":-0.73,"width":270,"height":270}},"S1_shine1_3":{"EF/380_S1_shine1/380_S1_shine1_00040":{"x":1.35,"y":-0.73,"width":270,"height":270},"EF/380_S1_shine1/380_S1_shine1_00041":{"x":1.35,"y":-0.73,"width":270,"height":270},"EF/380_S1_shine1/380_S1_shine1_00042":{"x":1.35,"y":-0.73,"width":270,"height":270}},"S1_shine1_4":{"EF/380_S1_shine1/380_S1_shine1_00040":{"x":1.35,"y":-0.73,"width":270,"height":270},"EF/380_S1_shine1/380_S1_shine1_00041":{"x":1.35,"y":-0.73,"width":270,"height":270},"EF/380_S1_shine1/380_S1_shine1_00042":{"x":1.35,"y":-0.73,"width":270,"height":270}},"S1_shine1_5":{"EF/380_S1_shine1/380_S1_shine1_00040":{"x":1.35,"y":-0.73,"width":270,"height":270},"EF/380_S1_shine1/380_S1_shine1_00041":{"x":1.35,"y":-0.73,"width":270,"height":270},"EF/380_S1_shine1/380_S1_shine1_00042":{"x":1.35,"y":-0.73,"width":270,"height":270}},"S2_charge1":{"EF/380_S2_charge1/380_S2_charge1_00052":{"x":-0.62,"y":0.51,"width":260,"height":260},"EF/380_S2_charge1/380_S2_charge1_00053":{"x":-0.62,"y":0.51,"width":260,"height":260},"EF/380_S2_charge1/380_S2_charge1_00054":{"x":-0.62,"y":0.51,"width":260,"height":260},"EF/380_S2_charge1/380_S2_charge1_00056":{"x":-0.62,"y":0.51,"width":260,"height":260},"EF/380_S2_charge1/380_S2_charge1_00057":{"x":-0.62,"y":0.51,"width":260,"height":260},"EF/380_S2_charge1/380_S2_charge1_00058":{"x":-0.62,"y":0.51,"width":260,"height":260},"EF/380_S2_charge1/380_S2_charge1_00059":{"x":-0.62,"y":0.51,"width":260,"height":260},"EF/380_S2_charge1/380_S2_charge1_00061":{"x":-0.62,"y":0.51,"width":260,"height":260},"EF/380_S2_charge1/380_S2_charge1_00062":{"x":-0.62,"y":0.51,"width":260,"height":260}},"S2_slash1_1":{"EF/380_S2_slash1/380_S2_slash1_00038":{"x":4.11,"y":-1.5,"width":243,"height":379},"EF/380_S2_slash1/380_S2_slash1_00039":{"x":4.11,"y":-1.5,"width":243,"height":379},"EF/380_S2_slash1/380_S2_slash1_00040":{"x":4.11,"y":-1.5,"width":243,"height":379},"EF/380_S2_slash1/380_S2_slash1_00041":{"x":4.11,"y":-1.5,"width":243,"height":379}},"S2_slash1_2":{"EF/380_S2_slash1/380_S2_slash1_00038":{"x":4.11,"y":-1.5,"width":243,"height":379},"EF/380_S2_slash1/380_S2_slash1_00039":{"x":4.11,"y":-1.5,"width":243,"height":379},"EF/380_S2_slash1/380_S2_slash1_00040":{"x":4.11,"y":-1.5,"width":243,"height":379},"EF/380_S2_slash1/380_S2_slash1_00041":{"x":4.11,"y":-1.5,"width":243,"height":379}},"S2_slash1_3":{"EF/380_S2_slash1/380_S2_slash1_00038":{"x":4.11,"y":-1.5,"width":243,"height":379},"EF/380_S2_slash1/380_S2_slash1_00039":{"x":4.11,"y":-1.5,"width":243,"height":379},"EF/380_S2_slash1/380_S2_slash1_00040":{"x":4.11,"y":-1.5,"width":243,"height":379},"EF/380_S2_slash1/380_S2_slash1_00041":{"x":4.11,"y":-1.5,"width":243,"height":379}},"S2_slash2_1":{"EF/380_S2_slash2/380_S2_slash2_00044":{"x":4.32,"y":-6.75,"width":346,"height":540},"EF/380_S2_slash2/380_S2_slash2_00048":{"x":4.32,"y":-6.75,"width":346,"height":540},"EF/380_S2_slash2/380_S2_slash2_00051":{"x":4.32,"y":-6.75,"width":346,"height":540},"EF/380_S2_slash2/380_S2_slash2_00053":{"x":4.32,"y":-6.75,"width":346,"height":540},"EF/380_S2_slash2/380_S2_slash2_00054":{"x":4.32,"y":-6.75,"width":346,"height":540},"EF/380_S2_slash2/380_S2_slash2_00056":{"x":4.32,"y":-6.75,"width":346,"height":540}},"S2_slash2_2":{"EF/380_S2_slash2/380_S2_slash2_00044":{"x":4.32,"y":-6.75,"width":346,"height":540},"EF/380_S2_slash2/380_S2_slash2_00048":{"x":4.32,"y":-6.75,"width":346,"height":540},"EF/380_S2_slash2/380_S2_slash2_00051":{"x":4.32,"y":-6.75,"width":346,"height":540},"EF/380_S2_slash2/380_S2_slash2_00053":{"x":4.32,"y":-6.75,"width":346,"height":540},"EF/380_S2_slash2/380_S2_slash2_00054":{"x":4.32,"y":-6.75,"width":346,"height":540},"EF/380_S2_slash2/380_S2_slash2_00056":{"x":4.32,"y":-6.75,"width":346,"height":540}},"S2_slash2_3":{"EF/380_S2_slash2/380_S2_slash2_00044":{"x":4.32,"y":-6.75,"width":346,"height":540},"EF/380_S2_slash2/380_S2_slash2_00048":{"x":4.32,"y":-6.75,"width":346,"height":540},"EF/380_S2_slash2/380_S2_slash2_00051":{"x":4.32,"y":-6.75,"width":346,"height":540},"EF/380_S2_slash2/380_S2_slash2_00053":{"x":4.32,"y":-6.75,"width":346,"height":540},"EF/380_S2_slash2/380_S2_slash2_00054":{"x":4.32,"y":-6.75,"width":346,"height":540},"EF/380_S2_slash2/380_S2_slash2_00056":{"x":4.32,"y":-6.75,"width":346,"height":540}}}},"animations":{"1-attack1":{"slots":{"S1_dash1":{"attachment":[{"time":0,"name":null}]},"S1_dash2":{"attachment":[{"time":0,"name":null}]},"S1_dash3":{"attachment":[{"time":0,"name":null}]},"S1_shine1_1":{"attachment":[{"time":0,"name":null}]},"S1_shine1_2":{"attachment":[{"time":0,"name":null}]},"S1_shine1_3":{"attachment":[{"time":0,"name":null}]},"S1_shine1_4":{"attachment":[{"time":0,"name":null}]},"S2_charge1":{"attachment":[{"time":0,"name":null}]},"S2_slash1_1":{"attachment":[{"time":0,"name":null}]},"S2_slash1_2":{"attachment":[{"time":0,"name":null}]},"S2_slash1_3":{"attachment":[{"time":0,"name":null}]},"S2_slash2_1":{"attachment":[{"time":0,"name":null}]},"S2_slash2_2":{"attachment":[{"time":0,"name":null}]},"S2_slash2_3":{"attachment":[{"time":0,"name":null}]}}},"1-skill1":{"slots":{"EF/A1_fire1/550_A1_fire1_00038":{"attachment":[{"time":0.9333,"name":"EF/A1_fire1/550_A1_fire1_00038"},{"time":0.9666,"name":"EF/A1_fire1/550_A1_fire1_00039"},{"time":1,"name":"EF/A1_fire1/550_A1_fire1_00040"},{"time":1.0333,"name":"EF/A1_fire1/550_A1_fire1_00041"},{"time":1.0666,"name":"EF/A1_fire1/550_A1_fire1_00042"},{"time":1.1,"name":"EF/A1_fire1/550_A1_fire1_00043"},{"time":1.1333,"name":"EF/A1_fire1/550_A1_fire1_00044"},{"time":1.1666,"name":"EF/A1_fire1/550_A1_fire1_00045"},{"time":1.2,"name":"EF/A1_fire1/550_A1_fire1_00046"},{"time":1.2333,"name":null}]},"EF/A1_fire1/550_A1_fire1_38":{"attachment":[{"time":0.9333,"name":"EF/A1_fire1/550_A1_fire1_00038"},{"time":0.9666,"name":"EF/A1_fire1/550_A1_fire1_00039"},{"time":1,"name":"EF/A1_fire1/550_A1_fire1_00040"},{"time":1.0333,"name":"EF/A1_fire1/550_A1_fire1_00041"},{"time":1.0666,"name":"EF/A1_fire1/550_A1_fire1_00042"},{"time":1.1,"name":"EF/A1_fire1/550_A1_fire1_00043"},{"time":1.1333,"name":"EF/A1_fire1/550_A1_fire1_00044"},{"time":1.1666,"name":"EF/A1_fire1/550_A1_fire1_00045"},{"time":1.2,"name":"EF/A1_fire1/550_A1_fire1_00046"},{"time":1.2333,"name":null}]},"S1_dash1":{"attachment":[{"time":0.9,"name":"EF/380_S1_dash1/380_S1_dash1_00039"},{"time":1.1666,"name":null}]},"S1_dash2":{"attachment":[{"time":0.9,"name":"EF/380_S1_dash2/380_S1_dash2_00039"},{"time":0.9333,"name":"EF/380_S1_dash2/380_S1_dash2_00040"},{"time":1,"name":"EF/380_S1_dash2/380_S1_dash2_00042"},{"time":1.0333,"name":"EF/380_S1_dash2/380_S1_dash2_00043"},{"time":1.0666,"name":"EF/380_S1_dash2/380_S1_dash2_00045"},{"time":1.1,"name":"EF/380_S1_dash2/380_S1_dash2_00046"},{"time":1.1333,"name":"EF/380_S1_dash2/380_S1_dash2_00047"},{"time":1.1666,"name":null}]},"S1_dash3":{"attachment":[{"time":0.9333,"name":"EF/380_S1_dash3/380_S1_dash3_00040"},{"time":0.9666,"name":"EF/380_S1_dash3/380_S1_dash3_00041"},{"time":1,"name":"EF/380_S1_dash3/380_S1_dash3_00042"},{"time":1.0333,"name":"EF/380_S1_dash3/380_S1_dash3_00043"},{"time":1.0666,"name":"EF/380_S1_dash3/380_S1_dash3_00044"},{"time":1.1,"name":"EF/380_S1_dash3/380_S1_dash3_00045"},{"time":1.1333,"name":"EF/380_S1_dash3/380_S1_dash3_00046"},{"time":1.1666,"name":"EF/380_S1_dash3/380_S1_dash3_00048"},{"time":1.2,"name":null}]},"S1_shine1_1":{"attachment":[{"time":0.9,"name":"EF/380_S1_shine1/380_S1_shine1_00040"},{"time":0.9333,"name":"EF/380_S1_shine1/380_S1_shine1_00040"},{"time":0.9666,"name":"EF/380_S1_shine1/380_S1_shine1_00040"},{"time":1,"name":"EF/380_S1_shine1/380_S1_shine1_00041"},{"time":1.0333,"name":"EF/380_S1_shine1/380_S1_shine1_00042"},{"time":1.1333,"name":null}]},"S2_charge1":{"attachment":[{"time":0.0666,"name":"EF/380_S2_charge1/380_S2_charge1_00052"},{"time":0.1,"name":"EF/380_S2_charge1/380_S2_charge1_00053"},{"time":0.1666,"name":"EF/380_S2_charge1/380_S2_charge1_00054"},{"time":0.2,"name":"EF/380_S2_charge1/380_S2_charge1_00056"},{"time":0.2333,"name":"EF/380_S2_charge1/380_S2_charge1_00057"},{"time":0.2666,"name":"EF/380_S2_charge1/380_S2_charge1_00058"},{"time":0.3,"name":"EF/380_S2_charge1/380_S2_charge1_00059"},{"time":0.3333,"name":"EF/380_S2_charge1/380_S2_charge1_00061"},{"time":0.3666,"name":"EF/380_S2_charge1/380_S2_charge1_00062"},{"time":0.5,"name":null}]}},"bones":{"S1_dash1":{"translate":[{"time":0.9,"x":-1153.77,"y":771.05},{"time":0.9666,"x":-1302.15,"y":771.05},{"time":1.0333,"x":-1368.73,"y":771.05},{"time":1.1,"x":-1458.27,"y":771.05}],"scale":[{"time":0.9,"x":1.999,"y":3.129},{"time":0.9666,"x":3.375,"y":3.13},{"time":1.0333,"x":2.995,"y":3.13},{"time":1.1,"x":1.75,"y":0.28}]},"S1_dash3":{"rotate":[{"time":0.9333,"angle":-90}],"translate":[{"time":0.9333,"x":-1274.67,"y":-193.14},{"time":1,"x":-1321.94,"y":-193.14},{"time":1.1,"x":-1328.85,"y":-193.14}],"scale":[{"time":0.9333,"x":2.49,"y":2.087,"curve":"stepped"},{"time":1.0666,"x":2.49,"y":2.087,"curve":"stepped"},{"time":1.1666,"x":1.259,"y":2.087}]},"S1_shine1_1":{"rotate":[{"time":0.9,"angle":144.78}],"translate":[{"time":0.9,"x":-1339.91,"y":230.23}],"scale":[{"time":0.9,"x":4.924,"y":4.924},{"time":0.9333,"x":2.257,"y":2.257},{"time":1.0333,"x":3.727,"y":3.727},{"time":1.1,"x":0.595,"y":0.595}]},"S2_charge1":{"translate":[{"time":0.0666,"x":-707.47,"y":556.77}],"scale":[{"time":0.0666,"x":2.94,"y":2.94},{"time":0.3666,"x":2.4,"y":2.4},{"time":0.4666,"x":0.387,"y":0.387}]},"MAIN":{"scale":[{"time":0.0333,"x":0.6,"y":0.6}]},"EFS1Slash":{"translate":[{"time":0.9,"x":-124.2,"y":33.33}]},"fire_1":{"rotate":[{"time":0.9333,"angle":-26.66}],"translate":[{"time":0.9333,"x":-1032.5,"y":1.89}],"scale":[{"time":0.9333,"x":0.869,"y":0.869},{"time":1.0333,"x":2.233,"y":2.233}]},"fire_2":{"translate":[{"time":0.9333,"x":-1116.47,"y":-50.29}],"scale":[{"time":0.9333,"x":-1,"y":1}]},"S1_dash2":{"translate":[{"time":0.9,"x":-644,"y":750.38}],"scale":[{"time":0.9,"x":2.613,"y":2.613,"curve":"stepped"},{"time":0.9666,"x":2.92,"y":2.92,"curve":"stepped"},{"time":1,"x":2.613,"y":2.613}]}}},"1-skill2":{"slots":{"EF/A1_fire1/550_A1_fire1_00038":{"attachment":[{"time":0.5333,"name":"EF/A1_fire1/550_A1_fire1_00038"},{"time":0.5666,"name":"EF/A1_fire1/550_A1_fire1_00039"},{"time":0.6,"name":"EF/A1_fire1/550_A1_fire1_00040"},{"time":0.6333,"name":"EF/A1_fire1/550_A1_fire1_00041"},{"time":0.6666,"name":"EF/A1_fire1/550_A1_fire1_00042"},{"time":0.7,"name":"EF/A1_fire1/550_A1_fire1_00043"},{"time":0.7333,"name":"EF/A1_fire1/550_A1_fire1_00044"},{"time":0.7666,"name":"EF/A1_fire1/550_A1_fire1_00045"},{"time":0.8,"name":"EF/A1_fire1/550_A1_fire1_00046"},{"time":0.8333,"name":null},{"time":0.8666,"name":"EF/A1_fire1/550_A1_fire1_00038"},{"time":0.9,"name":"EF/A1_fire1/550_A1_fire1_00039"},{"time":0.9333,"name":"EF/A1_fire1/550_A1_fire1_00040"},{"time":0.9666,"name":"EF/A1_fire1/550_A1_fire1_00041"},{"time":1,"name":"EF/A1_fire1/550_A1_fire1_00042"},{"time":1.0333,"name":"EF/A1_fire1/550_A1_fire1_00043"},{"time":1.0666,"name":"EF/A1_fire1/550_A1_fire1_00044"},{"time":1.1,"name":"EF/A1_fire1/550_A1_fire1_00045"},{"time":1.1333,"name":"EF/A1_fire1/550_A1_fire1_00046"},{"time":1.1666,"name":null}]},"EF/A1_fire1/550_A1_fire1_38":{"attachment":[{"time":0.7,"name":"EF/A1_fire1/550_A1_fire1_00038"},{"time":0.7333,"name":"EF/A1_fire1/550_A1_fire1_00039"},{"time":0.7666,"name":"EF/A1_fire1/550_A1_fire1_00040"},{"time":0.8,"name":"EF/A1_fire1/550_A1_fire1_00041"},{"time":0.8333,"name":"EF/A1_fire1/550_A1_fire1_00042"},{"time":0.8666,"name":"EF/A1_fire1/550_A1_fire1_00043"},{"time":0.9,"name":"EF/A1_fire1/550_A1_fire1_00044"},{"time":0.9333,"name":"EF/A1_fire1/550_A1_fire1_00045"},{"time":0.9666,"name":"EF/A1_fire1/550_A1_fire1_00046"},{"time":1,"name":null},{"time":1.0333,"name":"EF/A1_fire1/550_A1_fire1_00038"},{"time":1.0666,"name":"EF/A1_fire1/550_A1_fire1_00039"},{"time":1.1,"name":"EF/A1_fire1/550_A1_fire1_00040"},{"time":1.1333,"name":"EF/A1_fire1/550_A1_fire1_00041"},{"time":1.1666,"name":"EF/A1_fire1/550_A1_fire1_00042"},{"time":1.2,"name":"EF/A1_fire1/550_A1_fire1_00043"},{"time":1.2333,"name":"EF/A1_fire1/550_A1_fire1_00044"},{"time":1.2666,"name":"EF/A1_fire1/550_A1_fire1_00045"},{"time":1.3,"name":"EF/A1_fire1/550_A1_fire1_00046"},{"time":1.3333,"name":null}]},"S1_dash1":{"attachment":[{"time":0.5,"name":null}]},"S1_dash2":{"attachment":[{"time":0.5,"name":null}]},"S1_dash3":{"attachment":[{"time":0.5,"name":null}]},"S1_shine1_1":{"attachment":[{"time":0.5,"name":null},{"time":0.5333,"name":"EF/380_S1_shine1/380_S1_shine1_00040"},{"time":0.5666,"name":"EF/380_S1_shine1/380_S1_shine1_00041"},{"time":0.6,"name":"EF/380_S1_shine1/380_S1_shine1_00042"},{"time":0.6333,"name":null},{"time":0.7333,"name":null},{"time":0.7666,"name":"EF/380_S1_shine1/380_S1_shine1_00040"},{"time":0.8,"name":"EF/380_S1_shine1/380_S1_shine1_00041"},{"time":0.8333,"name":"EF/380_S1_shine1/380_S1_shine1_00042"},{"time":0.8666,"name":null},{"time":0.9666,"name":null},{"time":1,"name":"EF/380_S1_shine1/380_S1_shine1_00040"},{"time":1.0333,"name":"EF/380_S1_shine1/380_S1_shine1_00041"},{"time":1.0666,"name":"EF/380_S1_shine1/380_S1_shine1_00042"},{"time":1.1,"name":null}]},"S1_shine1_2":{"attachment":[{"time":0.5,"name":null},{"time":0.6666,"name":"EF/380_S1_shine1/380_S1_shine1_00040"},{"time":0.7,"name":"EF/380_S1_shine1/380_S1_shine1_00040"},{"time":0.7333,"name":"EF/380_S1_shine1/380_S1_shine1_00041"},{"time":0.7666,"name":"EF/380_S1_shine1/380_S1_shine1_00042"},{"time":0.8,"name":null},{"time":0.9,"name":"EF/380_S1_shine1/380_S1_shine1_00040"},{"time":0.9333,"name":"EF/380_S1_shine1/380_S1_shine1_00040"},{"time":0.9666,"name":"EF/380_S1_shine1/380_S1_shine1_00041"},{"time":1,"name":"EF/380_S1_shine1/380_S1_shine1_00042"},{"time":1.0333,"name":null}]},"S1_shine1_3":{"attachment":[{"time":0.5,"name":null},{"time":1.0333,"name":"EF/380_S1_shine1/380_S1_shine1_00040"},{"time":1.0666,"name":"EF/380_S1_shine1/380_S1_shine1_00040"},{"time":1.1,"name":"EF/380_S1_shine1/380_S1_shine1_00041"},{"time":1.1333,"name":"EF/380_S1_shine1/380_S1_shine1_00042"},{"time":1.2,"name":null}]},"S1_shine1_4":{"attachment":[{"time":0.5,"name":null}]},"S2_charge1":{"attachment":[{"time":0.5,"name":null}]},"S2_slash1_1":{"attachment":[{"time":0.5,"name":null},{"time":0.5333,"name":"EF/380_S2_slash1/380_S2_slash1_00038"},{"time":0.5666,"name":"EF/380_S2_slash1/380_S2_slash1_00039"},{"time":0.6,"name":"EF/380_S2_slash1/380_S2_slash1_00041"},{"time":0.6333,"name":null},{"time":0.7333,"name":null},{"time":0.7666,"name":"EF/380_S2_slash1/380_S2_slash1_00038"},{"time":0.8,"name":"EF/380_S2_slash1/380_S2_slash1_00039"},{"time":0.8333,"name":"EF/380_S2_slash1/380_S2_slash1_00041"},{"time":0.8666,"name":null},{"time":0.9666,"name":null},{"time":1,"name":"EF/380_S2_slash1/380_S2_slash1_00038"},{"time":1.0333,"name":"EF/380_S2_slash1/380_S2_slash1_00039"},{"time":1.0666,"name":"EF/380_S2_slash1/380_S2_slash1_00041"},{"time":1.1,"name":null}]},"S2_slash1_2":{"attachment":[{"time":0.5,"name":null},{"time":0.6333,"name":"EF/380_S2_slash1/380_S2_slash1_00038"},{"time":0.6666,"name":"EF/380_S2_slash1/380_S2_slash1_00040"},{"time":0.7,"name":"EF/380_S2_slash1/380_S2_slash1_00041"},{"time":0.7333,"name":null},{"time":0.8666,"name":"EF/380_S2_slash1/380_S2_slash1_00038"},{"time":0.9,"name":"EF/380_S2_slash1/380_S2_slash1_00040"},{"time":0.9333,"name":"EF/380_S2_slash1/380_S2_slash1_00041"},{"time":0.9666,"name":null},{"time":1.0333,"name":"EF/380_S2_slash1/380_S2_slash1_00038"},{"time":1.0666,"name":"EF/380_S2_slash1/380_S2_slash1_00040"},{"time":1.1,"name":"EF/380_S2_slash1/380_S2_slash1_00041"},{"time":1.1333,"name":null}]},"S2_slash2_1":{"attachment":[{"time":0.5,"name":null},{"time":0.5333,"name":"EF/380_S2_slash2/380_S2_slash2_00044"},{"time":0.5666,"name":"EF/380_S2_slash2/380_S2_slash2_00048"},{"time":0.6,"name":"EF/380_S2_slash2/380_S2_slash2_00051"},{"time":0.6333,"name":"EF/380_S2_slash2/380_S2_slash2_00054"},{"time":0.6666,"name":"EF/380_S2_slash2/380_S2_slash2_00056"},{"time":0.7,"name":null},{"time":0.7333,"name":null},{"time":0.7666,"name":"EF/380_S2_slash2/380_S2_slash2_00044"},{"time":0.8,"name":"EF/380_S2_slash2/380_S2_slash2_00048"},{"time":0.8333,"name":"EF/380_S2_slash2/380_S2_slash2_00051"},{"time":0.8666,"name":"EF/380_S2_slash2/380_S2_slash2_00054"},{"time":0.9,"name":"EF/380_S2_slash2/380_S2_slash2_00056"},{"time":0.9333,"name":null},{"time":0.9666,"name":null},{"time":1,"name":"EF/380_S2_slash2/380_S2_slash2_00044"},{"time":1.0333,"name":"EF/380_S2_slash2/380_S2_slash2_00048"},{"time":1.0666,"name":"EF/380_S2_slash2/380_S2_slash2_00051"},{"time":1.1,"name":"EF/380_S2_slash2/380_S2_slash2_00054"},{"time":1.1333,"name":"EF/380_S2_slash2/380_S2_slash2_00056"},{"time":1.1666,"name":null}]},"S2_slash2_2":{"attachment":[{"time":0.5,"name":null},{"time":0.6666,"name":"EF/380_S2_slash2/380_S2_slash2_00044"},{"time":0.7,"name":"EF/380_S2_slash2/380_S2_slash2_00051"},{"time":0.7333,"name":"EF/380_S2_slash2/380_S2_slash2_00053"},{"time":0.7666,"name":"EF/380_S2_slash2/380_S2_slash2_00054"},{"time":0.8,"name":"EF/380_S2_slash2/380_S2_slash2_00056"},{"time":0.8333,"name":null},{"time":0.9,"name":"EF/380_S2_slash2/380_S2_slash2_00044"},{"time":0.9333,"name":"EF/380_S2_slash2/380_S2_slash2_00051"},{"time":0.9666,"name":"EF/380_S2_slash2/380_S2_slash2_00053"},{"time":1,"name":"EF/380_S2_slash2/380_S2_slash2_00054"},{"time":1.0333,"name":"EF/380_S2_slash2/380_S2_slash2_00056"},{"time":1.0666,"name":null}]},"S2_slash2_3":{"attachment":[{"time":0.5,"name":null},{"time":1,"name":"EF/380_S2_slash2/380_S2_slash2_00044"},{"time":1.0333,"name":"EF/380_S2_slash2/380_S2_slash2_00048"},{"time":1.0666,"name":"EF/380_S2_slash2/380_S2_slash2_00051"},{"time":1.1,"name":"EF/380_S2_slash2/380_S2_slash2_00053"},{"time":1.1333,"name":"EF/380_S2_slash2/380_S2_slash2_00054"},{"time":1.1666,"name":"EF/380_S2_slash2/380_S2_slash2_00056"},{"time":1.2333,"name":null}]}},"bones":{"S1_shine1_1":{"rotate":[{"time":0.5333,"angle":160.27,"curve":"stepped"},{"time":0.7666,"angle":160.27,"curve":"stepped"},{"time":1,"angle":165.67}],"translate":[{"time":0.5333,"x":-1309.3,"y":547.78,"curve":"stepped"},{"time":0.7666,"x":-1309.3,"y":547.78,"curve":"stepped"},{"time":1,"x":-1304.12,"y":161.25}],"scale":[{"time":0.5333,"x":2.936,"y":2.936},{"time":0.5666,"x":2.405,"y":2.405},{"time":0.6,"x":1.458,"y":1.458},{"time":0.6333,"x":0.448,"y":0.448,"curve":"stepped"},{"time":0.7666,"x":2.936,"y":2.936},{"time":0.8,"x":2.405,"y":2.405},{"time":0.8333,"x":1.458,"y":1.458},{"time":0.8666,"x":0.448,"y":0.448,"curve":"stepped"},{"time":1,"x":2.936,"y":2.936},{"time":1.0333,"x":2.405,"y":2.405},{"time":1.0666,"x":1.458,"y":1.458},{"time":1.1,"x":0.448,"y":0.448}]},"S1_shine1_2":{"rotate":[{"time":0.6666,"angle":-148.28,"curve":"stepped"},{"time":0.9,"angle":30.05}],"translate":[{"time":0.6666,"x":-1636.56,"y":317.72,"curve":"stepped"},{"time":0.9,"x":-1604.14,"y":561.56}],"scale":[{"time":0.6666,"x":2.268,"y":2.268},{"time":0.7,"x":1.917,"y":1.917},{"time":0.7333,"x":2.246,"y":2.246},{"time":0.8,"x":0.52,"y":0.52,"curve":"stepped"},{"time":0.9,"x":2.268,"y":2.268},{"time":0.9333,"x":1.917,"y":1.917},{"time":0.9666,"x":2.246,"y":2.246},{"time":1.0333,"x":0.52,"y":0.52}]},"S1_shine1_3":{"rotate":[{"time":1.0333,"angle":-25.28}],"translate":[{"time":1.0333,"x":-1625.71,"y":446.57}],"scale":[{"time":1.0333,"x":3.214,"y":3.214},{"time":1.0666,"x":2.603,"y":2.603},{"time":1.1,"x":2.538,"y":2.538},{"time":1.1666,"x":0.635,"y":0.635}]},"S2_slash1_1":{"rotate":[{"time":0.5333,"angle":23.86,"curve":"stepped"},{"time":0.7666,"angle":23.86,"curve":"stepped"},{"time":1,"angle":29.26}],"translate":[{"time":0.5333,"x":-848.91,"y":334.26,"curve":"stepped"},{"time":0.7666,"x":-848.91,"y":334.26,"curve":"stepped"},{"time":1,"x":-1015.04,"y":290.09}],"scale":[{"time":0.5333,"x":3.742,"y":5.001,"curve":"stepped"},{"time":0.7666,"x":3.742,"y":5.001,"curve":"stepped"},{"time":1,"x":3.742,"y":5.001}]},"S2_slash1_2":{"rotate":[{"time":0.6333,"angle":-115.96,"curve":"stepped"},{"time":0.8666,"angle":62.37,"curve":"stepped"},{"time":1.0333,"angle":-34.08}],"translate":[{"time":0.6333,"x":-1035.23,"y":194.66,"curve":"stepped"},{"time":0.8666,"x":-1002.8,"y":438.5,"curve":"stepped"},{"time":1.0333,"x":-872.89,"y":370.63}],"scale":[{"time":0.6333,"x":3.74,"y":5,"curve":"stepped"},{"time":0.8666,"x":3.74,"y":5,"curve":"stepped"},{"time":1.0333,"x":3.74,"y":5}]},"S2_slash2_1":{"rotate":[{"time":0.5333,"angle":-155.75,"curve":"stepped"},{"time":0.8,"angle":-155.75,"curve":"stepped"},{"time":1,"angle":-150.35}],"translate":[{"time":0.5333,"x":-850.52,"y":-94.81,"curve":"stepped"},{"time":0.6,"x":-850.52,"y":-94.81},{"time":0.6666,"x":-529.37,"y":-803.56,"curve":"stepped"},{"time":0.7666,"x":-850.52,"y":-94.81,"curve":"stepped"},{"time":0.8333,"x":-850.52,"y":-94.81},{"time":0.9,"x":-529.37,"y":-803.56,"curve":"stepped"},{"time":1,"x":-1016.66,"y":-138.97},{"time":1.1333,"x":-586.96,"y":-893.1}],"scale":[{"time":0.5333,"x":2.469,"y":2.469,"curve":"stepped"},{"time":0.7666,"x":2.469,"y":2.469,"curve":"stepped"},{"time":1,"x":2.469,"y":2.469}]},"S2_slash2_2":{"rotate":[{"time":0.6666,"angle":-117.67,"curve":"stepped"},{"time":0.9,"angle":60.66}],"translate":[{"time":0.6666,"x":-893.33,"y":-225.96},{"time":0.7666,"x":-1573,"y":130.56,"curve":"stepped"},{"time":0.9,"x":-860.9,"y":17.86},{"time":1,"x":-317.06,"y":-287.59}],"scale":[{"time":0.6666,"x":2.47,"y":2.47,"curve":"stepped"},{"time":0.9,"x":2.47,"y":2.47}]},"S2_slash2_3":{"rotate":[{"time":1,"angle":142.42}],"translate":[{"time":1,"x":-892.78,"y":-82.27,"curve":"stepped"},{"time":1.0666,"x":-892.78,"y":-82.27},{"time":1.2,"x":-1483.37,"y":-862.17}],"scale":[{"time":1,"x":2.52,"y":2.52}]},"fire_1":{"rotate":[{"time":0.5333,"angle":-26.66,"curve":"stepped"},{"time":0.8666,"angle":1.67}],"translate":[{"time":0.5333,"x":-917.68,"y":249.89,"curve":"stepped"},{"time":0.8666,"x":-572.55,"y":71.38}],"scale":[{"time":0.5333,"x":0.869,"y":0.869},{"time":0.6,"x":1.876,"y":1.876,"curve":"stepped"},{"time":0.8666,"x":-0.87,"y":0.869},{"time":0.9666,"x":-2.23,"y":2.233}]},"fire_2":{"rotate":[{"time":1.0333,"angle":-20.89}],"translate":[{"time":0.7,"x":-1018.3,"y":66.62,"curve":"stepped"},{"time":1.0333,"x":-925.9,"y":-89.47}],"scale":[{"time":0.7,"x":-1,"y":1,"curve":"stepped"},{"time":1.0333,"x":1.554,"y":1.554},{"time":1.2,"x":2.93,"y":2.937}]}}},"empty":{"slots":{"S1_dash1":{"attachment":[{"time":0,"name":null}]},"S1_dash2":{"attachment":[{"time":0,"name":null}]},"S1_dash3":{"attachment":[{"time":0,"name":null}]},"S1_shine1_1":{"attachment":[{"time":0,"name":null}]},"S1_shine1_2":{"attachment":[{"time":0,"name":null}]},"S1_shine1_3":{"attachment":[{"time":0,"name":null}]},"S1_shine1_4":{"attachment":[{"time":0,"name":null}]},"S2_charge1":{"attachment":[{"time":0,"name":null}]},"S2_slash1_1":{"attachment":[{"time":0,"name":null}]},"S2_slash1_2":{"attachment":[{"time":0,"name":null}]},"S2_slash1_3":{"attachment":[{"time":0,"name":null}]},"S2_slash2_1":{"attachment":[{"time":0,"name":null}]},"S2_slash2_2":{"attachment":[{"time":0,"name":null}]},"S2_slash2_3":{"attachment":[{"time":0,"name":null}]}}}}}