{"skeleton":{"hash":"JdzI8Z/cPlx/oI41s/6s9uCOesk","spine":"3.0.12","width":0,"height":0},"bones":[{"name":"root"},{"name":"body_main","parent":"root","y":200,"scaleX":2.5,"scaleY":2.5},{"name":"MAIN","parent":"root","y":195},{"name":"KO","parent":"MAIN","y":-195},{"name":"O","parent":"KO"},{"name":"K","parent":"KO"}],"slots":[{"name":"EF_tsumakushi","bone":"body_main"},{"name":"EF_yamibarai","bone":"body_main"},{"name":"EF_oniyaki1","bone":"body_main"},{"name":"EF_yawotome","bone":"body_main"},{"name":"EF_oniyaki2","bone":"body_main"},{"name":"K.O/K_00","bone":"K"},{"name":"K.O/O_00","bone":"O"}],"skins":{"default":{"EF_oniyaki1":{"鬼焼き/kof98011-2":{"x":57.08,"y":19.79,"width":304,"height":250},"鬼焼き/kof98013-2":{"x":57.08,"y":19.79,"width":304,"height":250},"鬼焼き/kof98015-2":{"x":57.08,"y":19.79,"width":304,"height":250},"鬼焼き/kof98017-2":{"x":57.08,"y":19.79,"width":304,"height":250},"鬼焼き/kof98019-2":{"x":57.08,"y":19.79,"width":304,"height":250},"鬼焼き/kof98021-2":{"x":57.08,"y":19.79,"width":304,"height":250},"鬼焼き/kof98023-2":{"x":57.08,"y":19.79,"width":304,"height":250},"鬼焼き/kof98025-2":{"x":57.08,"y":19.79,"width":304,"height":250}},"EF_oniyaki2":{"鬼焼き/kof98034-2":{"x":57.08,"y":19.79,"width":304,"height":250},"鬼焼き/kof98035-2":{"x":57.08,"y":19.79,"width":304,"height":250},"鬼焼き/kof98037-2":{"x":57.08,"y":19.79,"width":304,"height":250},"鬼焼き/kof98039-2":{"x":57.08,"y":19.79,"width":304,"height":250},"鬼焼き/kof98041-2":{"x":57.08,"y":19.79,"width":304,"height":250},"鬼焼き/kof98043-2":{"x":57.08,"y":19.79,"width":304,"height":250},"鬼焼き/kof98045-2":{"x":57.08,"y":19.79,"width":304,"height":250},"鬼焼き/kof98047-2":{"x":57.08,"y":19.79,"width":304,"height":250},"鬼焼き/kof98049-2":{"x":57.08,"y":19.79,"width":304,"height":250},"鬼焼き/kof98051-2":{"x":57.08,"y":19.79,"width":304,"height":250},"鬼焼き/kof98053-2":{"x":57.08,"y":19.79,"width":304,"height":250},"鬼焼き/kof98055-2":{"x":57.08,"y":19.79,"width":304,"height":250},"鬼焼き/kof98057-2":{"x":57.08,"y":19.79,"width":304,"height":250},"鬼焼き/kof98059-2":{"x":57.08,"y":19.79,"width":304,"height":250},"鬼焼き/kof98061-2":{"x":57.08,"y":19.79,"width":304,"height":250},"鬼焼き/kof98063-2":{"x":57.08,"y":19.79,"width":304,"height":250},"鬼焼き/kof98065-2":{"x":57.08,"y":19.79,"width":304,"height":250},"鬼焼き/kof98067-2":{"x":57.08,"y":19.79,"width":304,"height":250},"鬼焼き/kof98069-2":{"x":57.08,"y":19.79,"width":304,"height":250}},"EF_tsumakushi":{"爪櫛/kof98242-2":{"x":75.08,"y":6.8,"width":304,"height":224},"爪櫛/kof98244-2":{"x":75.08,"y":6.8,"width":304,"height":224},"爪櫛/kof98246-2":{"x":75.08,"y":6.8,"width":304,"height":224},"爪櫛/kof98248-2":{"x":75.08,"y":6.8,"width":304,"height":224},"爪櫛/kof98250-2":{"x":75.08,"y":6.8,"width":304,"height":224},"爪櫛/kof98252-2":{"x":75.08,"y":6.8,"width":304,"height":224},"爪櫛/kof98254-2":{"x":75.08,"y":6.8,"width":304,"height":224},"爪櫛/kof98256-2":{"x":75.08,"y":6.8,"width":304,"height":224},"爪櫛/kof98258-2":{"x":75.08,"y":6.8,"width":304,"height":224},"爪櫛/kof98260-2":{"x":75.08,"y":6.8,"width":304,"height":224},"爪櫛/kof98262-2":{"x":75.08,"y":6.8,"width":304,"height":224}},"EF_yamibarai":{"闇払い/kof98167-2":{"x":41.08,"y":6.8,"width":304,"height":224},"闇払い/kof98169-2":{"x":41.08,"y":6.8,"width":304,"height":224},"闇払い/kof98171-2":{"x":41.08,"y":6.8,"width":304,"height":224},"闇払い/kof98173-2":{"x":41.08,"y":6.8,"width":304,"height":224},"闇払い/kof98175-2":{"x":41.08,"y":6.8,"width":304,"height":224},"闇払い/kof98177-2":{"x":41.08,"y":6.8,"width":304,"height":224},"闇払い/kof98179-2":{"x":41.08,"y":6.8,"width":304,"height":224},"闇払い/kof98181-2":{"x":41.08,"y":6.8,"width":304,"height":224},"闇払い/kof98183-2":{"x":41.08,"y":6.8,"width":304,"height":224},"闇払い/kof98185-2":{"x":41.08,"y":6.8,"width":304,"height":224},"闇払い/kof98187-2":{"x":41.08,"y":6.8,"width":304,"height":224},"闇払い/kof98189-2":{"x":41.08,"y":6.8,"width":304,"height":224},"闇払い/kof98191-2":{"x":41.08,"y":6.8,"width":304,"height":224},"闇払い/kof98193-2":{"x":41.08,"y":6.8,"width":304,"height":224},"闇払い/kof98195-2":{"x":41.08,"y":6.8,"width":304,"height":224},"闇払い/kof98197-2":{"x":41.08,"y":6.8,"width":304,"height":224},"闇払い/kof98198-2":{"x":41.08,"y":6.8,"width":304,"height":224},"闇払い/kof98200-2":{"x":41.08,"y":6.8,"width":304,"height":224},"闇払い/kof98202-2":{"x":41.08,"y":6.8,"width":304,"height":224},"闇払い/kof98204-2":{"x":41.08,"y":6.8,"width":304,"height":224},"闇払い/kof98206-2":{"x":41.08,"y":6.8,"width":304,"height":224},"闇払い/kof98208-2":{"x":41.08,"y":6.8,"width":304,"height":224},"闇払い/kof98211-2":{"x":41.08,"y":6.8,"width":304,"height":224},"闇払い/kof98213-2":{"x":41.08,"y":6.8,"width":304,"height":224},"闇払い/kof98215-2":{"x":41.08,"y":6.8,"width":304,"height":224},"闇払い/kof98217-2":{"x":41.08,"y":6.8,"width":304,"height":224},"闇払い/kof98219-2":{"x":41.08,"y":6.8,"width":304,"height":224},"闇払い/kof98221-2":{"x":41.08,"y":6.8,"width":304,"height":224}},"EF_yawotome":{"八稚女/kof98018-2":{"x":69.08,"y":6.8,"width":350,"height":224},"八稚女/kof98020-2":{"x":69.08,"y":6.8,"width":350,"height":224},"八稚女/kof98022-2":{"x":69.08,"y":6.8,"width":350,"height":224},"八稚女/kof98024-2":{"x":69.08,"y":6.8,"width":350,"height":224},"八稚女/kof98026-2":{"x":69.08,"y":6.8,"width":350,"height":224},"八稚女/kof98028-2":{"x":69.08,"y":6.8,"width":350,"height":224},"八稚女/kof98030-2":{"x":69.08,"y":6.8,"width":350,"height":224},"八稚女/kof98032-2":{"x":69.08,"y":6.8,"width":350,"height":224},"八稚女/kof98034-2":{"x":69.08,"y":6.8,"width":350,"height":224},"八稚女/kof98036-2":{"x":69.08,"y":6.8,"width":350,"height":224},"八稚女/kof98038-2":{"x":69.08,"y":6.8,"width":350,"height":224},"八稚女/kof98040-2":{"x":69.08,"y":6.8,"width":350,"height":224},"八稚女/kof98042-2":{"x":69.08,"y":6.8,"width":350,"height":224},"八稚女/kof98044-2":{"x":69.08,"y":6.8,"width":350,"height":224},"八稚女/kof98046-2":{"x":69.08,"y":6.8,"width":350,"height":224},"八稚女/kof98048-2":{"x":69.08,"y":6.8,"width":350,"height":224},"八稚女/kof98050-2":{"x":69.08,"y":6.8,"width":350,"height":224},"八稚女/kof98052-2":{"x":69.08,"y":6.8,"width":350,"height":224},"八稚女/kof98054-2":{"x":69.08,"y":6.8,"width":350,"height":224},"八稚女/kof98056-2":{"x":69.08,"y":6.8,"width":350,"height":224},"八稚女/kof98058-2":{"x":69.08,"y":6.8,"width":350,"height":224},"八稚女/kof98060-2":{"x":69.08,"y":6.8,"width":350,"height":224},"八稚女/kof98062-2":{"x":69.08,"y":6.8,"width":350,"height":224},"八稚女/kof98064-2":{"x":69.08,"y":6.8,"width":350,"height":224},"八稚女/kof98066-2":{"x":69.08,"y":6.8,"width":350,"height":224},"八稚女/kof98068-2":{"x":69.08,"y":6.8,"width":350,"height":224},"八稚女/kof98070-2":{"x":69.08,"y":6.8,"width":350,"height":224},"八稚女/kof98176-2":{"x":69.08,"y":6.8,"width":350,"height":224},"八稚女/kof98178-2":{"x":69.08,"y":6.8,"width":350,"height":224},"八稚女/kof98181-2":{"x":69.08,"y":6.8,"width":350,"height":224},"八稚女/kof98183-2":{"x":69.08,"y":6.8,"width":350,"height":224},"八稚女/kof98185-2":{"x":69.08,"y":6.8,"width":350,"height":224},"八稚女/kof98187-2":{"x":69.08,"y":6.8,"width":350,"height":224},"八稚女/kof98189-2":{"x":69.08,"y":6.8,"width":350,"height":224},"八稚女/kof98191-2":{"x":69.08,"y":6.8,"width":350,"height":224},"八稚女/kof98193-2":{"x":69.08,"y":6.8,"width":350,"height":224},"八稚女/kof98195-2":{"x":69.08,"y":6.8,"width":350,"height":224},"八稚女/kof98197-2":{"x":69.08,"y":6.8,"width":350,"height":224},"八稚女/kof98199-2":{"x":69.08,"y":6.8,"width":350,"height":224},"八稚女/kof98201-2":{"x":69.08,"y":6.8,"width":350,"height":224},"八稚女/kof98203-2":{"x":69.08,"y":6.8,"width":350,"height":224},"八稚女/kof98205-2":{"x":69.08,"y":6.8,"width":350,"height":224},"八稚女/kof98207-2":{"x":69.08,"y":6.8,"width":350,"height":224},"八稚女/kof98209-2":{"x":69.08,"y":6.8,"width":350,"height":224},"八稚女/kof98211-2":{"x":69.08,"y":6.8,"width":350,"height":224},"八稚女/kof98213-2":{"x":69.08,"y":6.8,"width":350,"height":224},"八稚女/kof98215-2":{"x":69.08,"y":6.8,"width":350,"height":224},"八稚女/kof98217-2":{"x":69.08,"y":6.8,"width":350,"height":224},"八稚女/kof98219-2":{"x":69.08,"y":6.8,"width":350,"height":224},"八稚女/kof98221-2":{"x":69.08,"y":6.8,"width":350,"height":224},"八稚女/kof98223-2":{"x":69.08,"y":6.8,"width":350,"height":224},"八稚女/kof98225-2":{"x":69.08,"y":6.8,"width":350,"height":224},"八稚女/kof98227-2":{"x":69.08,"y":6.8,"width":350,"height":224},"八稚女/kof98229-2":{"x":69.08,"y":6.8,"width":350,"height":224},"八稚女/kof98231-2":{"x":69.08,"y":6.8,"width":350,"height":224},"八稚女/kof98233-2":{"x":69.08,"y":6.8,"width":350,"height":224},"八稚女/kof98235-2":{"x":69.08,"y":6.8,"width":350,"height":224},"八稚女/kof98239-2":{"x":69.08,"y":6.8,"width":350,"height":224},"八稚女/kof98241-2":{"x":69.08,"y":6.8,"width":350,"height":224},"八稚女/kof98245-2":{"x":69.08,"y":6.8,"width":350,"height":224},"八稚女/kof98247-2":{"x":69.08,"y":6.8,"width":350,"height":224},"八稚女/kof98249-2":{"x":69.08,"y":6.8,"width":350,"height":224},"八稚女/kof98251-2":{"x":69.08,"y":6.8,"width":350,"height":224},"八稚女/kof98253-2":{"x":69.08,"y":6.8,"width":350,"height":224},"八稚女/kof98255-2":{"x":69.08,"y":6.8,"width":350,"height":224},"八稚女/kof98257-2":{"x":69.08,"y":6.8,"width":350,"height":224},"八稚女/kof98259-2":{"x":69.08,"y":6.8,"width":350,"height":224},"八稚女/kof98261-2":{"x":69.08,"y":6.8,"width":350,"height":224},"八稚女/kof98263-2":{"x":69.08,"y":6.8,"width":350,"height":224},"八稚女/kof98265-2":{"x":69.08,"y":6.8,"width":350,"height":224},"八稚女/kof98268-2":{"x":69.08,"y":6.8,"width":350,"height":224},"八稚女/kof98270-2":{"x":69.08,"y":6.8,"width":350,"height":224},"八稚女/kof98272-2":{"x":69.08,"y":6.8,"width":350,"height":224},"八稚女/kof98274-2":{"x":69.08,"y":6.8,"width":350,"height":224},"八稚女/kof98276-2":{"x":69.08,"y":6.8,"width":350,"height":224},"八稚女/kof98278-2":{"x":69.08,"y":6.8,"width":350,"height":224},"八稚女/kof98280-2":{"x":69.08,"y":6.8,"width":350,"height":224},"八稚女/kof98282-2":{"x":69.08,"y":6.8,"width":350,"height":224},"八稚女/kof98284-2":{"x":69.08,"y":6.8,"width":350,"height":224},"八稚女/kof98286-2":{"x":69.08,"y":6.8,"width":350,"height":224},"八稚女/kof98288-2":{"x":69.08,"y":6.8,"width":350,"height":224},"八稚女/kof98290-2":{"x":69.08,"y":6.8,"width":350,"height":224},"八稚女/kof98292-2":{"x":69.08,"y":6.8,"width":350,"height":224},"八稚女/kof98294-2":{"x":69.08,"y":6.8,"width":350,"height":224},"八稚女/kof98296-2":{"x":69.08,"y":6.8,"width":350,"height":224},"八稚女/kof98298-2":{"x":69.08,"y":6.8,"width":350,"height":224},"八稚女/kof98300-2":{"x":69.08,"y":6.8,"width":350,"height":224},"八稚女/kof98302-2":{"x":69.08,"y":6.8,"width":350,"height":224},"八稚女/kof98304-2":{"x":69.08,"y":6.8,"width":350,"height":224},"八稚女/kof98306-2":{"x":69.08,"y":6.8,"width":350,"height":224},"八稚女/kof98308-2":{"x":69.08,"y":6.8,"width":350,"height":224},"八稚女/kof98310-2":{"x":69.08,"y":6.8,"width":350,"height":224},"八稚女/kof98312-2":{"x":69.08,"y":6.8,"width":350,"height":224},"八稚女/kof98314-2":{"x":69.08,"y":6.8,"width":350,"height":224},"八稚女/kof98316-2":{"x":69.08,"y":6.8,"width":350,"height":224},"八稚女/kof98318-2":{"x":69.08,"y":6.8,"width":350,"height":224},"八稚女/kof98320-2":{"x":69.08,"y":6.8,"width":350,"height":224},"八稚女/kof98322-2":{"x":69.08,"y":6.8,"width":350,"height":224},"八稚女/kof98324-2":{"x":69.08,"y":6.8,"width":350,"height":224},"八稚女/kof98326-2":{"x":69.08,"y":6.8,"width":350,"height":224},"八稚女/kof98328-2":{"x":69.08,"y":6.8,"width":350,"height":224},"八稚女/kof98330-2":{"x":69.08,"y":6.8,"width":350,"height":224}},"K.O/K_00":{"K.O/K_00":{"width":128,"height":128},"K.O/K_01":{"width":128,"height":128},"K.O/K_02":{"width":128,"height":128},"K.O/K_03":{"width":128,"height":128}},"K.O/O_00":{"K.O/O_00":{"width":128,"height":128},"K.O/O_01":{"width":128,"height":128},"K.O/O_02":{"width":128,"height":128},"K.O/O_03":{"width":128,"height":128}}}},"animations":{"attack1":{},"attack2":{},"attack3":{},"attack4":{},"attack5":{},"attack6":{},"attack7":{},"attack8":{},"attack9":{},"attack10":{},"attack11":{},"back":{},"damage1":{},"damage2":{},"damege3":{},"front":{},"idle":{},"out":{"slots":{"K.O/K_00":{"attachment":[{"time":0,"name":"K.O/K_00"},{"time":1.0333,"name":"K.O/K_03"},{"time":1.0666,"name":"K.O/K_02"},{"time":1.1,"name":"K.O/K_01"},{"time":1.2333,"name":null},{"time":2,"name":null}]},"K.O/O_00":{"attachment":[{"time":0,"name":"K.O/O_00"},{"time":1.0333,"name":"K.O/O_03"},{"time":1.0666,"name":"K.O/O_02"},{"time":1.1,"name":"K.O/O_01"},{"time":1.2333,"name":null},{"time":2,"name":null}]}},"bones":{"K":{"translate":[{"time":0,"x":-42,"y":0}],"scale":[{"time":1.1,"x":1,"y":1},{"time":1.2,"x":0.1,"y":1,"curve":"stepped"},{"time":2,"x":0.1,"y":1}]},"O":{"translate":[{"time":0,"x":54,"y":0}],"scale":[{"time":1.1,"x":1,"y":1},{"time":1.2,"x":0.1,"y":1,"curve":"stepped"},{"time":2,"x":0.1,"y":1}]},"KO":{"translate":[{"time":0,"x":0,"y":239.91}],"scale":[{"time":0,"x":1,"y":1},{"time":0.0333,"x":0.5,"y":0.5},{"time":0.0666,"x":1,"y":1,"curve":"stepped"},{"time":1,"x":1,"y":1,"curve":"stepped"},{"time":1.2,"x":1,"y":1,"curve":"stepped"},{"time":2,"x":1,"y":1}]},"MAIN":{"scale":[{"time":0,"x":2.238,"y":2.238}]}}},"skill1":{"slots":{"EF_yawotome":{"attachment":[{"time":0.6,"name":"八稚女/kof98018-2"},{"time":0.6333,"name":"八稚女/kof98020-2"},{"time":0.6666,"name":"八稚女/kof98022-2"},{"time":0.7,"name":"八稚女/kof98024-2"},{"time":0.7333,"name":"八稚女/kof98026-2"},{"time":0.7666,"name":"八稚女/kof98028-2"},{"time":0.8,"name":"八稚女/kof98030-2"},{"time":0.8333,"name":"八稚女/kof98032-2"},{"time":0.8666,"name":"八稚女/kof98034-2"},{"time":0.9,"name":"八稚女/kof98036-2"},{"time":0.9333,"name":"八稚女/kof98038-2"},{"time":0.9666,"name":"八稚女/kof98040-2"},{"time":1,"name":"八稚女/kof98042-2"},{"time":1.0333,"name":"八稚女/kof98044-2"},{"time":1.0666,"name":"八稚女/kof98046-2"},{"time":1.1,"name":"八稚女/kof98048-2"},{"time":1.1333,"name":"八稚女/kof98050-2"},{"time":1.1666,"name":"八稚女/kof98052-2"},{"time":1.2,"name":"八稚女/kof98054-2"},{"time":1.2333,"name":"八稚女/kof98056-2"},{"time":1.2666,"name":"八稚女/kof98058-2"},{"time":1.3,"name":"八稚女/kof98060-2"},{"time":1.3333,"name":"八稚女/kof98062-2"},{"time":1.3666,"name":"八稚女/kof98064-2"},{"time":1.4,"name":"八稚女/kof98066-2"},{"time":1.4333,"name":"八稚女/kof98068-2"},{"time":1.4666,"name":"八稚女/kof98070-2"},{"time":1.5,"name":"八稚女/kof98176-2"},{"time":1.5333,"name":"八稚女/kof98178-2"},{"time":1.6,"name":"八稚女/kof98181-2"},{"time":1.6333,"name":"八稚女/kof98183-2"},{"time":1.6666,"name":"八稚女/kof98185-2"},{"time":1.7,"name":"八稚女/kof98187-2"},{"time":1.7333,"name":"八稚女/kof98189-2"},{"time":1.7666,"name":"八稚女/kof98191-2"},{"time":1.8,"name":"八稚女/kof98193-2"},{"time":1.8333,"name":"八稚女/kof98195-2"},{"time":1.8666,"name":"八稚女/kof98197-2"},{"time":1.9,"name":"八稚女/kof98199-2"},{"time":1.9333,"name":"八稚女/kof98201-2"},{"time":1.9666,"name":"八稚女/kof98203-2"},{"time":2,"name":"八稚女/kof98205-2"},{"time":2.0333,"name":"八稚女/kof98207-2"},{"time":2.0666,"name":"八稚女/kof98209-2"},{"time":2.1,"name":"八稚女/kof98211-2"},{"time":2.1333,"name":"八稚女/kof98213-2"},{"time":2.1666,"name":"八稚女/kof98215-2"},{"time":2.2,"name":"八稚女/kof98217-2"},{"time":2.2333,"name":"八稚女/kof98219-2"},{"time":2.2666,"name":"八稚女/kof98221-2"},{"time":2.3,"name":"八稚女/kof98223-2"},{"time":2.3333,"name":"八稚女/kof98225-2"},{"time":2.3666,"name":"八稚女/kof98227-2"},{"time":2.4,"name":"八稚女/kof98229-2"},{"time":2.4333,"name":"八稚女/kof98231-2"},{"time":2.4666,"name":"八稚女/kof98233-2"},{"time":2.5,"name":"八稚女/kof98235-2"},{"time":2.5666,"name":"八稚女/kof98239-2"},{"time":2.6,"name":"八稚女/kof98241-2"},{"time":2.7,"name":"八稚女/kof98245-2"},{"time":2.7333,"name":"八稚女/kof98247-2"},{"time":2.7666,"name":"八稚女/kof98249-2"},{"time":2.8,"name":"八稚女/kof98251-2"},{"time":2.8333,"name":"八稚女/kof98253-2"},{"time":2.8666,"name":"八稚女/kof98255-2"},{"time":2.9,"name":"八稚女/kof98257-2"},{"time":2.9333,"name":"八稚女/kof98259-2"},{"time":2.9666,"name":"八稚女/kof98261-2"},{"time":3,"name":"八稚女/kof98263-2"},{"time":3.0333,"name":"八稚女/kof98265-2"},{"time":3.1,"name":"八稚女/kof98268-2"},{"time":3.1333,"name":"八稚女/kof98270-2"},{"time":3.1666,"name":"八稚女/kof98272-2"},{"time":3.2,"name":"八稚女/kof98274-2"},{"time":3.2333,"name":"八稚女/kof98276-2"},{"time":3.2666,"name":"八稚女/kof98278-2"},{"time":3.3,"name":"八稚女/kof98280-2"},{"time":3.3333,"name":"八稚女/kof98282-2"},{"time":3.3666,"name":"八稚女/kof98284-2"},{"time":3.4,"name":"八稚女/kof98286-2"},{"time":3.4333,"name":"八稚女/kof98288-2"},{"time":3.4666,"name":"八稚女/kof98290-2"},{"time":3.5,"name":"八稚女/kof98292-2"},{"time":3.5333,"name":"八稚女/kof98294-2"},{"time":3.5666,"name":"八稚女/kof98296-2"},{"time":3.6,"name":"八稚女/kof98298-2"},{"time":3.6333,"name":"八稚女/kof98300-2"},{"time":3.6666,"name":"八稚女/kof98302-2"},{"time":3.7,"name":"八稚女/kof98304-2"},{"time":3.7333,"name":"八稚女/kof98306-2"},{"time":3.7666,"name":"八稚女/kof98308-2"},{"time":3.8,"name":"八稚女/kof98310-2"},{"time":3.8333,"name":"八稚女/kof98312-2"},{"time":3.8666,"name":"八稚女/kof98314-2"},{"time":3.9,"name":"八稚女/kof98316-2"},{"time":3.9333,"name":"八稚女/kof98318-2"},{"time":3.9666,"name":"八稚女/kof98320-2"},{"time":4,"name":"八稚女/kof98322-2"},{"time":4.0333,"name":"八稚女/kof98324-2"},{"time":4.0666,"name":"八稚女/kof98326-2"},{"time":4.1,"name":"八稚女/kof98328-2"},{"time":4.1333,"name":"八稚女/kof98330-2"},{"time":4.1666,"name":null}]}}},"skill2":{"slots":{"EF_tsumakushi":{"attachment":[{"time":0.5666,"name":"爪櫛/kof98242-2"},{"time":0.6,"name":"爪櫛/kof98244-2"},{"time":0.6333,"name":"爪櫛/kof98246-2"},{"time":0.6666,"name":"爪櫛/kof98248-2"},{"time":0.7,"name":"爪櫛/kof98250-2"},{"time":0.7333,"name":"爪櫛/kof98252-2"},{"time":0.7666,"name":"爪櫛/kof98254-2"},{"time":0.8,"name":"爪櫛/kof98256-2"},{"time":0.8333,"name":"爪櫛/kof98258-2"},{"time":0.8666,"name":"爪櫛/kof98260-2"},{"time":0.9,"name":"爪櫛/kof98262-2"},{"time":0.9333,"name":null}]}}},"skill3":{"slots":{"EF_yamibarai":{"attachment":[{"time":0.1,"name":"闇払い/kof98167-2"},{"time":0.1333,"name":"闇払い/kof98169-2"},{"time":0.1666,"name":"闇払い/kof98171-2"},{"time":0.2,"name":"闇払い/kof98173-2"},{"time":0.2333,"name":"闇払い/kof98175-2"},{"time":0.2666,"name":"闇払い/kof98177-2"},{"time":0.3,"name":"闇払い/kof98179-2"},{"time":0.3333,"name":"闇払い/kof98181-2"},{"time":0.3666,"name":"闇払い/kof98183-2"},{"time":0.4,"name":"闇払い/kof98185-2"},{"time":0.4333,"name":"闇払い/kof98187-2"},{"time":0.4666,"name":"闇払い/kof98189-2"},{"time":0.5,"name":"闇払い/kof98191-2"},{"time":0.5333,"name":"闇払い/kof98193-2"},{"time":0.5666,"name":"闇払い/kof98195-2"},{"time":0.6,"name":"闇払い/kof98197-2"},{"time":0.6333,"name":"闇払い/kof98198-2"},{"time":0.6666,"name":"闇払い/kof98200-2"},{"time":0.7,"name":"闇払い/kof98202-2"},{"time":0.7333,"name":"闇払い/kof98204-2"},{"time":0.7666,"name":"闇払い/kof98206-2"},{"time":0.8,"name":"闇払い/kof98208-2"},{"time":0.8333,"name":"闇払い/kof98211-2"},{"time":0.8666,"name":"闇払い/kof98213-2"},{"time":0.9,"name":"闇払い/kof98215-2"},{"time":0.9333,"name":"闇払い/kof98217-2"},{"time":0.9666,"name":"闇払い/kof98219-2"},{"time":1,"name":"闇払い/kof98221-2"},{"time":1.0333,"name":"闇払い/kof98197-2"},{"time":1.0666,"name":"闇払い/kof98198-2"},{"time":1.1,"name":"闇払い/kof98200-2"},{"time":1.1333,"name":"闇払い/kof98202-2"},{"time":1.1666,"name":"闇払い/kof98204-2"},{"time":1.2,"name":"闇払い/kof98206-2"},{"time":1.2333,"name":"闇払い/kof98208-2"},{"time":1.2666,"name":"闇払い/kof98211-2"},{"time":1.3,"name":"闇払い/kof98213-2"},{"time":1.3333,"name":"闇払い/kof98215-2"},{"time":1.3666,"name":"闇払い/kof98217-2"},{"time":1.4,"name":"闇払い/kof98219-2"},{"time":1.4333,"name":"闇払い/kof98221-2"},{"time":1.4666,"name":"闇払い/kof98197-2"},{"time":1.5,"name":"闇払い/kof98198-2"},{"time":1.5333,"name":"闇払い/kof98200-2"},{"time":1.5666,"name":"闇払い/kof98202-2"},{"time":1.6,"name":"闇払い/kof98204-2"},{"time":1.6333,"name":"闇払い/kof98206-2"},{"time":1.6666,"name":"闇払い/kof98208-2"},{"time":1.7,"name":"闇払い/kof98211-2"},{"time":1.7333,"name":"闇払い/kof98213-2"},{"time":1.7666,"name":"闇払い/kof98215-2"},{"time":1.8,"name":"闇払い/kof98217-2"},{"time":1.8333,"name":"闇払い/kof98219-2"},{"time":1.8666,"name":"闇払い/kof98221-2"}]}},"bones":{"body_main":{"translate":[{"time":1.0333,"x":151.3,"y":0,"curve":"stepped"},{"time":1.4666,"x":294.75,"y":0}]}}},"skill4":{"slots":{"EF_oniyaki2":{"attachment":[{"time":0.4,"name":"鬼焼き/kof98034-2"},{"time":0.4333,"name":"鬼焼き/kof98035-2"},{"time":0.4666,"name":"鬼焼き/kof98037-2"},{"time":0.5,"name":"鬼焼き/kof98039-2"},{"time":0.5333,"name":"鬼焼き/kof98041-2"},{"time":0.5666,"name":"鬼焼き/kof98043-2"},{"time":0.6,"name":"鬼焼き/kof98045-2"},{"time":0.6333,"name":"鬼焼き/kof98047-2"},{"time":0.6666,"name":"鬼焼き/kof98049-2"},{"time":0.7,"name":"鬼焼き/kof98051-2"},{"time":0.7333,"name":"鬼焼き/kof98053-2"},{"time":0.7666,"name":"鬼焼き/kof98055-2"},{"time":0.8,"name":"鬼焼き/kof98057-2"},{"time":0.8333,"name":"鬼焼き/kof98059-2"},{"time":0.8666,"name":"鬼焼き/kof98061-2"},{"time":0.9,"name":"鬼焼き/kof98063-2"},{"time":0.9333,"name":"鬼焼き/kof98065-2"},{"time":0.9666,"name":"鬼焼き/kof98067-2"},{"time":1,"name":"鬼焼き/kof98069-2"},{"time":1.0333,"name":null}]}}}}}