{"skeleton":{"hash":"aavxTWRqHBIZWt/69sQqlTQ1Rw4","spine":"3.0.12","width":0,"height":0},"bones":[{"name":"root"},{"name":"EF/S3_ex2","parent":"root","x":507.63,"y":-769.58},{"name":"EF/S3_ex1","parent":"root","x":342.24,"y":-754.82},{"name":"EF/S2_power","parent":"root","x":471.13,"y":-348.18},{"name":"EF/S1_breath6","parent":"root","x":76.32,"y":-475.99},{"name":"EF/S1_breath4","parent":"root","x":76.32,"y":-455},{"name":"EF/S1_breath1","parent":"root","x":77.44,"y":-427.03}],"slots":[{"name":"bg0.8","bone":"root","color":"919191ff"},{"name":"EF/S1_breath1/9040A_S1_breath1_00001","bone":"EF/S1_breath1","blend":"additive"},{"name":"EF/S1_breath1/9040A_S1_breath1_1","bone":"EF/S1_breath4","blend":"additive"},{"name":"EF/S1_breath1/9040A_S1_breath1_2","bone":"EF/S1_breath6","blend":"additive"},{"name":"EF/S2_power/9050_V2_power1_00001","bone":"EF/S2_power","blend":"additive"},{"name":"EF/S3_ex1/SMN_SKL_ex1_00001","bone":"EF/S3_ex1"},{"name":"EF/S3_ex2/SMN_SKL_ex2_00001","bone":"EF/S3_ex2"}],"skins":{"default":{"EF/S1_breath1/9040A_S1_breath1_00001":{"EF/S1_breath1/9040A_S1_breath1_00001":{"x":62.34,"y":-4.44,"width":240,"height":240},"EF/S1_breath1/9040A_S1_breath1_00005":{"x":62.34,"y":-4.44,"width":240,"height":240},"EF/S1_breath1/9040A_S1_breath1_00009":{"x":62.34,"y":-4.44,"width":240,"height":240},"EF/S1_breath1/9040A_S1_breath1_00013":{"x":62.34,"y":-4.44,"width":240,"height":240},"EF/S1_breath1/9040A_S1_breath1_00017":{"x":62.34,"y":-4.44,"width":240,"height":240},"EF/S1_breath1/9040A_S1_breath1_00021":{"x":62.34,"y":-4.44,"width":240,"height":240},"EF/S1_breath1/9040A_S1_breath1_00025":{"x":62.34,"y":-4.44,"width":240,"height":240},"EF/S1_breath1/9040A_S1_breath1_00029":{"x":62.34,"y":-4.44,"width":240,"height":240},"EF/S1_breath1/9040A_S1_breath1_00033":{"x":62.34,"y":-4.44,"width":240,"height":240},"EF/S1_breath1/9040A_S1_breath1_00037":{"x":62.34,"y":-4.44,"width":240,"height":240},"EF/S1_breath1/9040A_S1_breath1_00041":{"x":62.34,"y":-4.44,"width":240,"height":240},"EF/S1_breath1/9040A_S1_breath1_00045":{"x":62.34,"y":-4.44,"width":240,"height":240},"EF/S1_breath1/9040A_S1_breath1_00049":{"x":62.34,"y":-4.44,"width":240,"height":240},"EF/S1_breath1/9040A_S1_breath1_00053":{"x":62.34,"y":-4.44,"width":240,"height":240},"EF/S1_breath1/9040A_S1_breath1_00057":{"x":62.34,"y":-4.44,"width":240,"height":240},"EF/S1_breath1/9040A_S1_breath1_00061":{"x":62.34,"y":-4.44,"width":240,"height":240},"EF/S1_breath1/9040A_S1_breath1_00065":{"x":62.34,"y":-4.44,"width":240,"height":240},"EF/S1_breath1/9040A_S1_breath1_00069":{"x":62.34,"y":-4.44,"width":240,"height":240},"EF/S1_breath1/9040A_S1_breath1_00073":{"x":62.34,"y":-4.44,"width":240,"height":240},"EF/S1_breath1/9040A_S1_breath1_00077":{"x":62.34,"y":-4.44,"width":240,"height":240},"EF/S1_breath1/9040A_S1_breath1_00081":{"x":62.34,"y":-4.44,"width":240,"height":240},"EF/S1_breath1/9040A_S1_breath1_00085":{"x":62.34,"y":-4.44,"width":240,"height":240},"EF/S1_breath1/9040A_S1_breath1_00089":{"x":62.34,"y":-4.44,"width":240,"height":240},"EF/S1_breath1/9040A_S1_breath1_00093":{"x":62.34,"y":-4.44,"width":240,"height":240},"EF/S1_breath1/9040A_S1_breath1_00097":{"x":62.34,"y":-4.44,"width":240,"height":240},"EF/S1_breath1/9040A_S1_breath1_00101":{"x":62.34,"y":-4.44,"width":240,"height":240},"EF/S1_breath1/9040A_S1_breath1_00105":{"x":62.34,"y":-4.44,"width":240,"height":240},"EF/S1_breath1/9040A_S1_breath1_00109":{"x":62.34,"y":-4.44,"width":240,"height":240}},"EF/S1_breath1/9040A_S1_breath1_1":{"EF/S1_breath1/9040A_S1_breath1_00001":{"x":62.34,"y":-4.44,"width":240,"height":240},"EF/S1_breath1/9040A_S1_breath1_00005":{"x":62.34,"y":-4.44,"width":240,"height":240},"EF/S1_breath1/9040A_S1_breath1_00009":{"x":62.34,"y":-4.44,"width":240,"height":240},"EF/S1_breath1/9040A_S1_breath1_00013":{"x":62.34,"y":-4.44,"width":240,"height":240},"EF/S1_breath1/9040A_S1_breath1_00017":{"x":62.34,"y":-4.44,"width":240,"height":240},"EF/S1_breath1/9040A_S1_breath1_00021":{"x":62.34,"y":-4.44,"width":240,"height":240},"EF/S1_breath1/9040A_S1_breath1_00025":{"x":62.34,"y":-4.44,"width":240,"height":240},"EF/S1_breath1/9040A_S1_breath1_00029":{"x":62.34,"y":-4.44,"width":240,"height":240},"EF/S1_breath1/9040A_S1_breath1_00033":{"x":62.34,"y":-4.44,"width":240,"height":240},"EF/S1_breath1/9040A_S1_breath1_00037":{"x":62.34,"y":-4.44,"width":240,"height":240},"EF/S1_breath1/9040A_S1_breath1_00041":{"x":62.34,"y":-4.44,"width":240,"height":240},"EF/S1_breath1/9040A_S1_breath1_00045":{"x":62.34,"y":-4.44,"width":240,"height":240},"EF/S1_breath1/9040A_S1_breath1_00049":{"x":62.34,"y":-4.44,"width":240,"height":240},"EF/S1_breath1/9040A_S1_breath1_00053":{"x":62.34,"y":-4.44,"width":240,"height":240},"EF/S1_breath1/9040A_S1_breath1_00057":{"x":62.34,"y":-4.44,"width":240,"height":240},"EF/S1_breath1/9040A_S1_breath1_00061":{"x":62.34,"y":-4.44,"width":240,"height":240},"EF/S1_breath1/9040A_S1_breath1_00065":{"x":62.34,"y":-4.44,"width":240,"height":240},"EF/S1_breath1/9040A_S1_breath1_00069":{"x":62.34,"y":-4.44,"width":240,"height":240},"EF/S1_breath1/9040A_S1_breath1_00073":{"x":62.34,"y":-4.44,"width":240,"height":240},"EF/S1_breath1/9040A_S1_breath1_00077":{"x":62.34,"y":-4.44,"width":240,"height":240},"EF/S1_breath1/9040A_S1_breath1_00081":{"x":62.34,"y":-4.44,"width":240,"height":240},"EF/S1_breath1/9040A_S1_breath1_00085":{"x":62.34,"y":-4.44,"width":240,"height":240},"EF/S1_breath1/9040A_S1_breath1_00089":{"x":62.34,"y":-4.44,"width":240,"height":240},"EF/S1_breath1/9040A_S1_breath1_00093":{"x":62.34,"y":-4.44,"width":240,"height":240},"EF/S1_breath1/9040A_S1_breath1_00097":{"x":62.34,"y":-4.44,"width":240,"height":240},"EF/S1_breath1/9040A_S1_breath1_00101":{"x":62.34,"y":-4.44,"width":240,"height":240},"EF/S1_breath1/9040A_S1_breath1_00105":{"x":62.34,"y":-4.44,"width":240,"height":240},"EF/S1_breath1/9040A_S1_breath1_00109":{"x":62.34,"y":-4.44,"width":240,"height":240}},"EF/S1_breath1/9040A_S1_breath1_2":{"EF/S1_breath1/9040A_S1_breath1_00001":{"x":62.34,"y":-4.44,"width":240,"height":240},"EF/S1_breath1/9040A_S1_breath1_00005":{"x":62.34,"y":-4.44,"width":240,"height":240},"EF/S1_breath1/9040A_S1_breath1_00009":{"x":62.34,"y":-4.44,"width":240,"height":240},"EF/S1_breath1/9040A_S1_breath1_00013":{"x":62.34,"y":-4.44,"width":240,"height":240},"EF/S1_breath1/9040A_S1_breath1_00017":{"x":62.34,"y":-4.44,"width":240,"height":240},"EF/S1_breath1/9040A_S1_breath1_00021":{"x":62.34,"y":-4.44,"width":240,"height":240},"EF/S1_breath1/9040A_S1_breath1_00025":{"x":62.34,"y":-4.44,"width":240,"height":240},"EF/S1_breath1/9040A_S1_breath1_00029":{"x":62.34,"y":-4.44,"width":240,"height":240},"EF/S1_breath1/9040A_S1_breath1_00033":{"x":62.34,"y":-4.44,"width":240,"height":240},"EF/S1_breath1/9040A_S1_breath1_00037":{"x":62.34,"y":-4.44,"width":240,"height":240},"EF/S1_breath1/9040A_S1_breath1_00041":{"x":62.34,"y":-4.44,"width":240,"height":240},"EF/S1_breath1/9040A_S1_breath1_00045":{"x":62.34,"y":-4.44,"width":240,"height":240},"EF/S1_breath1/9040A_S1_breath1_00049":{"x":62.34,"y":-4.44,"width":240,"height":240},"EF/S1_breath1/9040A_S1_breath1_00053":{"x":62.34,"y":-4.44,"width":240,"height":240},"EF/S1_breath1/9040A_S1_breath1_00057":{"x":62.34,"y":-4.44,"width":240,"height":240},"EF/S1_breath1/9040A_S1_breath1_00061":{"x":62.34,"y":-4.44,"width":240,"height":240},"EF/S1_breath1/9040A_S1_breath1_00065":{"x":62.34,"y":-4.44,"width":240,"height":240},"EF/S1_breath1/9040A_S1_breath1_00069":{"x":62.34,"y":-4.44,"width":240,"height":240},"EF/S1_breath1/9040A_S1_breath1_00073":{"x":62.34,"y":-4.44,"width":240,"height":240},"EF/S1_breath1/9040A_S1_breath1_00077":{"x":62.34,"y":-4.44,"width":240,"height":240},"EF/S1_breath1/9040A_S1_breath1_00081":{"x":62.34,"y":-4.44,"width":240,"height":240},"EF/S1_breath1/9040A_S1_breath1_00085":{"x":62.34,"y":-4.44,"width":240,"height":240},"EF/S1_breath1/9040A_S1_breath1_00089":{"x":62.34,"y":-4.44,"width":240,"height":240},"EF/S1_breath1/9040A_S1_breath1_00093":{"x":62.34,"y":-4.44,"width":240,"height":240},"EF/S1_breath1/9040A_S1_breath1_00097":{"x":62.34,"y":-4.44,"width":240,"height":240},"EF/S1_breath1/9040A_S1_breath1_00101":{"x":62.34,"y":-4.44,"width":240,"height":240},"EF/S1_breath1/9040A_S1_breath1_00105":{"x":62.34,"y":-4.44,"width":240,"height":240},"EF/S1_breath1/9040A_S1_breath1_00109":{"x":62.34,"y":-4.44,"width":240,"height":240}},"EF/S2_power/9050_V2_power1_00001":{"EF/S2_power/9050_V2_power1_00001":{"x":-1.4,"y":0.07,"width":200,"height":200},"EF/S2_power/9050_V2_power1_00003":{"x":-1.4,"y":0.07,"width":200,"height":200},"EF/S2_power/9050_V2_power1_00005":{"x":-1.4,"y":0.07,"width":200,"height":200},"EF/S2_power/9050_V2_power1_00007":{"x":-1.4,"y":0.07,"width":200,"height":200},"EF/S2_power/9050_V2_power1_00009":{"x":-1.4,"y":0.07,"width":200,"height":200},"EF/S2_power/9050_V2_power1_00011":{"x":-1.4,"y":0.07,"width":200,"height":200},"EF/S2_power/9050_V2_power1_00013":{"x":-1.4,"y":0.07,"width":200,"height":200},"EF/S2_power/9050_V2_power1_00015":{"x":-1.4,"y":0.07,"width":200,"height":200},"EF/S2_power/9050_V2_power1_00017":{"x":-1.4,"y":0.07,"width":200,"height":200},"EF/S2_power/9050_V2_power1_00019":{"x":-1.4,"y":0.07,"width":200,"height":200}},"EF/S3_ex1/SMN_SKL_ex1_00001":{"EF/S3_ex1/SMN_SKL_ex1_00001":{"x":-4.14,"y":6.17,"width":200,"height":200},"EF/S3_ex1/SMN_SKL_ex1_00003":{"x":-4.14,"y":6.17,"width":200,"height":200},"EF/S3_ex1/SMN_SKL_ex1_00005":{"x":-4.14,"y":6.17,"width":200,"height":200},"EF/S3_ex1/SMN_SKL_ex1_00007":{"x":-4.14,"y":6.17,"width":200,"height":200},"EF/S3_ex1/SMN_SKL_ex1_00009":{"x":-4.14,"y":6.17,"width":200,"height":200},"EF/S3_ex1/SMN_SKL_ex1_00011":{"x":-4.14,"y":6.17,"width":200,"height":200}},"EF/S3_ex2/SMN_SKL_ex2_00001":{"EF/S3_ex2/SMN_SKL_ex2_00001":{"x":-4.03,"y":13.1,"width":200,"height":200},"EF/S3_ex2/SMN_SKL_ex2_00002":{"x":-4.03,"y":13.1,"width":200,"height":200},"EF/S3_ex2/SMN_SKL_ex2_00003":{"x":-4.03,"y":13.1,"width":200,"height":200},"EF/S3_ex2/SMN_SKL_ex2_00004":{"x":-4.03,"y":13.1,"width":200,"height":200},"EF/S3_ex2/SMN_SKL_ex2_00005":{"x":-4.03,"y":13.1,"width":200,"height":200},"EF/S3_ex2/SMN_SKL_ex2_00006":{"x":-4.03,"y":13.1,"width":200,"height":200}}}},"events":{"in":{}},"animations":{"1-attack1":{"bones":{"root":{"rotate":[{"time":0,"angle":0,"curve":"stepped"},{"time":0.5,"angle":0,"curve":"stepped"},{"time":0.5333,"angle":0,"curve":"stepped"},{"time":0.9333,"angle":0,"curve":"stepped"},{"time":1.0333,"angle":0}],"translate":[{"time":0,"x":0,"y":0,"curve":"stepped"},{"time":0.5,"x":0,"y":0,"curve":"stepped"},{"time":0.5333,"x":0,"y":0,"curve":"stepped"},{"time":0.9333,"x":0,"y":0,"curve":"stepped"},{"time":1.0333,"x":0,"y":0}],"scale":[{"time":0,"x":1,"y":1,"curve":"stepped"},{"time":0.5,"x":1,"y":1,"curve":"stepped"},{"time":0.5333,"x":1,"y":1,"curve":"stepped"},{"time":0.9333,"x":1,"y":1,"curve":"stepped"},{"time":1.0333,"x":1,"y":1}]}},"drawOrder":[{"time":0.7},{"time":0.9333},{"time":1.0333}]},"1-skill1":{"slots":{"EF/S1_breath1/9040A_S1_breath1_00001":{"attachment":[{"time":0.9333,"name":"EF/S1_breath1/9040A_S1_breath1_00005"},{"time":0.9666,"name":"EF/S1_breath1/9040A_S1_breath1_00009"},{"time":1,"name":"EF/S1_breath1/9040A_S1_breath1_00013"},{"time":1.0333,"name":"EF/S1_breath1/9040A_S1_breath1_00017"},{"time":1.0666,"name":"EF/S1_breath1/9040A_S1_breath1_00021"},{"time":1.1,"name":"EF/S1_breath1/9040A_S1_breath1_00025"},{"time":1.1333,"name":"EF/S1_breath1/9040A_S1_breath1_00029"},{"time":1.1666,"name":"EF/S1_breath1/9040A_S1_breath1_00033"},{"time":1.2,"name":"EF/S1_breath1/9040A_S1_breath1_00037"},{"time":1.2333,"name":"EF/S1_breath1/9040A_S1_breath1_00041"},{"time":1.2666,"name":"EF/S1_breath1/9040A_S1_breath1_00045"},{"time":1.3,"name":"EF/S1_breath1/9040A_S1_breath1_00049"},{"time":1.3333,"name":"EF/S1_breath1/9040A_S1_breath1_00053"},{"time":1.3666,"name":"EF/S1_breath1/9040A_S1_breath1_00057"},{"time":1.4,"name":"EF/S1_breath1/9040A_S1_breath1_00061"},{"time":1.4333,"name":"EF/S1_breath1/9040A_S1_breath1_00065"},{"time":1.4666,"name":"EF/S1_breath1/9040A_S1_breath1_00069"},{"time":1.5,"name":"EF/S1_breath1/9040A_S1_breath1_00073"},{"time":1.5333,"name":"EF/S1_breath1/9040A_S1_breath1_00077"},{"time":1.5666,"name":"EF/S1_breath1/9040A_S1_breath1_00081"},{"time":1.6,"name":"EF/S1_breath1/9040A_S1_breath1_00085"},{"time":1.6333,"name":"EF/S1_breath1/9040A_S1_breath1_00089"},{"time":1.6666,"name":"EF/S1_breath1/9040A_S1_breath1_00093"},{"time":1.7,"name":"EF/S1_breath1/9040A_S1_breath1_00097"},{"time":1.7333,"name":"EF/S1_breath1/9040A_S1_breath1_00101"},{"time":1.7666,"name":"EF/S1_breath1/9040A_S1_breath1_00105"},{"time":1.8,"name":null}]}},"bones":{"root":{"rotate":[{"time":0,"angle":0,"curve":"stepped"},{"time":0.5,"angle":0,"curve":"stepped"},{"time":0.8,"angle":0,"curve":"stepped"},{"time":0.8666,"angle":0,"curve":"stepped"},{"time":1.6666,"angle":0,"curve":"stepped"},{"time":1.9,"angle":0}],"translate":[{"time":0,"x":0,"y":0,"curve":"stepped"},{"time":0.5,"x":0,"y":0,"curve":"stepped"},{"time":0.8,"x":0,"y":0,"curve":"stepped"},{"time":0.8666,"x":0,"y":0,"curve":"stepped"},{"time":1.6666,"x":0,"y":0,"curve":"stepped"},{"time":1.9,"x":0,"y":0}],"scale":[{"time":0,"x":1,"y":1,"curve":"stepped"},{"time":0.5,"x":1,"y":1,"curve":"stepped"},{"time":0.8,"x":1,"y":1,"curve":"stepped"},{"time":0.8666,"x":1,"y":1,"curve":"stepped"},{"time":1.6666,"x":1,"y":1,"curve":"stepped"},{"time":1.9,"x":1,"y":1}]},"EF/S1_breath1":{"translate":[{"time":0.9333,"x":-98.08,"y":481.03,"curve":[0.035,0.99,0.75,1]},{"time":1.8,"x":19.96,"y":481.03}]}}},"1-skill2":{"slots":{"EF/S1_breath1/9040A_S1_breath1_00001":{"attachment":[{"time":0.8666,"name":"EF/S1_breath1/9040A_S1_breath1_00005"},{"time":0.9,"name":"EF/S1_breath1/9040A_S1_breath1_00009"},{"time":0.9333,"name":"EF/S1_breath1/9040A_S1_breath1_00013"},{"time":0.9666,"name":"EF/S1_breath1/9040A_S1_breath1_00017"},{"time":1,"name":"EF/S1_breath1/9040A_S1_breath1_00021"},{"time":1.0333,"name":"EF/S1_breath1/9040A_S1_breath1_00025"},{"time":1.0666,"name":"EF/S1_breath1/9040A_S1_breath1_00029"},{"time":1.1,"name":"EF/S1_breath1/9040A_S1_breath1_00033"},{"time":1.1333,"name":"EF/S1_breath1/9040A_S1_breath1_00037"},{"time":1.1666,"name":"EF/S1_breath1/9040A_S1_breath1_00041"},{"time":1.2,"name":"EF/S1_breath1/9040A_S1_breath1_00045"},{"time":1.2333,"name":"EF/S1_breath1/9040A_S1_breath1_00049"},{"time":1.2666,"name":"EF/S1_breath1/9040A_S1_breath1_00053"},{"time":1.3,"name":"EF/S1_breath1/9040A_S1_breath1_00057"},{"time":1.3333,"name":"EF/S1_breath1/9040A_S1_breath1_00061"},{"time":1.3666,"name":"EF/S1_breath1/9040A_S1_breath1_00065"},{"time":1.4,"name":"EF/S1_breath1/9040A_S1_breath1_00069"},{"time":1.4333,"name":"EF/S1_breath1/9040A_S1_breath1_00073"},{"time":1.4666,"name":"EF/S1_breath1/9040A_S1_breath1_00077"},{"time":1.5,"name":"EF/S1_breath1/9040A_S1_breath1_00081"},{"time":1.5333,"name":"EF/S1_breath1/9040A_S1_breath1_00085"},{"time":1.5666,"name":"EF/S1_breath1/9040A_S1_breath1_00089"},{"time":1.6,"name":"EF/S1_breath1/9040A_S1_breath1_00093"},{"time":1.6333,"name":"EF/S1_breath1/9040A_S1_breath1_00097"},{"time":1.6666,"name":"EF/S1_breath1/9040A_S1_breath1_00101"},{"time":1.7,"name":"EF/S1_breath1/9040A_S1_breath1_00105"},{"time":1.7333,"name":null}]},"EF/S1_breath1/9040A_S1_breath1_1":{"attachment":[{"time":0.9666,"name":"EF/S1_breath1/9040A_S1_breath1_00001"},{"time":1,"name":"EF/S1_breath1/9040A_S1_breath1_00005"},{"time":1.0333,"name":"EF/S1_breath1/9040A_S1_breath1_00009"},{"time":1.0666,"name":"EF/S1_breath1/9040A_S1_breath1_00013"},{"time":1.1,"name":"EF/S1_breath1/9040A_S1_breath1_00017"},{"time":1.1333,"name":"EF/S1_breath1/9040A_S1_breath1_00021"},{"time":1.1666,"name":"EF/S1_breath1/9040A_S1_breath1_00025"},{"time":1.2,"name":"EF/S1_breath1/9040A_S1_breath1_00029"},{"time":1.2333,"name":"EF/S1_breath1/9040A_S1_breath1_00033"},{"time":1.2666,"name":"EF/S1_breath1/9040A_S1_breath1_00037"},{"time":1.3,"name":"EF/S1_breath1/9040A_S1_breath1_00041"},{"time":1.3333,"name":"EF/S1_breath1/9040A_S1_breath1_00045"},{"time":1.3666,"name":"EF/S1_breath1/9040A_S1_breath1_00049"},{"time":1.4,"name":"EF/S1_breath1/9040A_S1_breath1_00053"},{"time":1.4333,"name":"EF/S1_breath1/9040A_S1_breath1_00057"},{"time":1.4666,"name":"EF/S1_breath1/9040A_S1_breath1_00061"},{"time":1.5,"name":"EF/S1_breath1/9040A_S1_breath1_00065"},{"time":1.5333,"name":"EF/S1_breath1/9040A_S1_breath1_00069"},{"time":1.5666,"name":"EF/S1_breath1/9040A_S1_breath1_00073"},{"time":1.6,"name":"EF/S1_breath1/9040A_S1_breath1_00077"},{"time":1.6333,"name":"EF/S1_breath1/9040A_S1_breath1_00081"},{"time":1.6666,"name":"EF/S1_breath1/9040A_S1_breath1_00085"},{"time":1.7,"name":"EF/S1_breath1/9040A_S1_breath1_00089"},{"time":1.7333,"name":"EF/S1_breath1/9040A_S1_breath1_00093"},{"time":1.7666,"name":"EF/S1_breath1/9040A_S1_breath1_00097"},{"time":1.8,"name":"EF/S1_breath1/9040A_S1_breath1_00101"},{"time":1.8333,"name":"EF/S1_breath1/9040A_S1_breath1_00105"},{"time":1.8666,"name":"EF/S1_breath1/9040A_S1_breath1_00109"},{"time":1.9,"name":null}]},"EF/S1_breath1/9040A_S1_breath1_2":{"attachment":[{"time":1.1,"name":"EF/S1_breath1/9040A_S1_breath1_00001"},{"time":1.1333,"name":"EF/S1_breath1/9040A_S1_breath1_00005"},{"time":1.1666,"name":"EF/S1_breath1/9040A_S1_breath1_00009"},{"time":1.2,"name":"EF/S1_breath1/9040A_S1_breath1_00013"},{"time":1.2333,"name":"EF/S1_breath1/9040A_S1_breath1_00017"},{"time":1.2666,"name":"EF/S1_breath1/9040A_S1_breath1_00021"},{"time":1.3,"name":"EF/S1_breath1/9040A_S1_breath1_00025"},{"time":1.3333,"name":"EF/S1_breath1/9040A_S1_breath1_00029"},{"time":1.3666,"name":"EF/S1_breath1/9040A_S1_breath1_00033"},{"time":1.4,"name":"EF/S1_breath1/9040A_S1_breath1_00037"},{"time":1.4333,"name":"EF/S1_breath1/9040A_S1_breath1_00041"},{"time":1.4666,"name":"EF/S1_breath1/9040A_S1_breath1_00045"},{"time":1.5,"name":"EF/S1_breath1/9040A_S1_breath1_00049"},{"time":1.5333,"name":"EF/S1_breath1/9040A_S1_breath1_00053"},{"time":1.5666,"name":"EF/S1_breath1/9040A_S1_breath1_00057"},{"time":1.6,"name":"EF/S1_breath1/9040A_S1_breath1_00061"},{"time":1.6333,"name":"EF/S1_breath1/9040A_S1_breath1_00065"},{"time":1.6666,"name":"EF/S1_breath1/9040A_S1_breath1_00069"},{"time":1.7,"name":"EF/S1_breath1/9040A_S1_breath1_00073"},{"time":1.7333,"name":"EF/S1_breath1/9040A_S1_breath1_00077"},{"time":1.7666,"name":"EF/S1_breath1/9040A_S1_breath1_00081"},{"time":1.8,"name":"EF/S1_breath1/9040A_S1_breath1_00085"},{"time":1.8333,"name":"EF/S1_breath1/9040A_S1_breath1_00089"},{"time":1.8666,"name":"EF/S1_breath1/9040A_S1_breath1_00093"},{"time":1.9,"name":"EF/S1_breath1/9040A_S1_breath1_00097"},{"time":1.9333,"name":"EF/S1_breath1/9040A_S1_breath1_00101"},{"time":1.9666,"name":"EF/S1_breath1/9040A_S1_breath1_00105"},{"time":2,"name":"EF/S1_breath1/9040A_S1_breath1_00109"},{"time":2.0333,"name":null}]}},"bones":{"root":{"rotate":[{"time":0,"angle":0,"curve":"stepped"},{"time":0.5,"angle":0,"curve":"stepped"},{"time":0.8,"angle":0,"curve":"stepped"},{"time":0.8666,"angle":0,"curve":"stepped"},{"time":2.4333,"angle":0,"curve":"stepped"},{"time":2.6666,"angle":0}],"translate":[{"time":0,"x":0,"y":0,"curve":"stepped"},{"time":0.5,"x":0,"y":0,"curve":"stepped"},{"time":0.8,"x":0,"y":0,"curve":"stepped"},{"time":0.8666,"x":0,"y":0,"curve":"stepped"},{"time":2.4333,"x":0,"y":0,"curve":"stepped"},{"time":2.6666,"x":0,"y":0}],"scale":[{"time":0,"x":1,"y":1,"curve":"stepped"},{"time":0.5,"x":1,"y":1,"curve":"stepped"},{"time":0.8,"x":1,"y":1,"curve":"stepped"},{"time":0.8666,"x":1,"y":1,"curve":"stepped"},{"time":2.4333,"x":1,"y":1,"curve":"stepped"},{"time":2.6666,"x":1,"y":1}]},"EF/S1_breath1":{"translate":[{"time":0.8666,"x":-98.08,"y":481.03,"curve":[0.039,0.63,0.518,0.89]},{"time":1.7,"x":107.32,"y":481.03,"curve":[0.333,0.35,0.666,0.68]},{"time":1.7333,"x":110.57,"y":481.03}]},"EF/S1_breath4":{"translate":[{"time":0.9666,"x":-57.42,"y":505.96,"curve":[0.055,0.39,0.487,0.73]},{"time":1.9,"x":39.07,"y":505.96}]},"EF/S1_breath6":{"translate":[{"time":1.1,"x":-46.69,"y":529.06}]}}},"in":{"slots":{"EF/S3_ex1/SMN_SKL_ex1_00001":{"attachment":[{"time":0.1666,"name":"EF/S3_ex1/SMN_SKL_ex1_00001"},{"time":0.2333,"name":"EF/S3_ex1/SMN_SKL_ex1_00003"},{"time":0.3,"name":"EF/S3_ex1/SMN_SKL_ex1_00005"},{"time":0.4,"name":"EF/S3_ex1/SMN_SKL_ex1_00007"},{"time":0.4666,"name":"EF/S3_ex1/SMN_SKL_ex1_00009"},{"time":0.5333,"name":"EF/S3_ex1/SMN_SKL_ex1_00011"},{"time":0.6333,"name":null}],"color":[{"time":0.5333,"color":"ffffffff"},{"time":0.6333,"color":"ffffff00"}]},"EF/S3_ex2/SMN_SKL_ex2_00001":{"attachment":[{"time":0.1666,"name":"EF/S3_ex2/SMN_SKL_ex2_00001"},{"time":0.2333,"name":"EF/S3_ex2/SMN_SKL_ex2_00002"},{"time":0.3,"name":"EF/S3_ex2/SMN_SKL_ex2_00003"},{"time":0.4,"name":"EF/S3_ex2/SMN_SKL_ex2_00004"},{"time":0.4666,"name":"EF/S3_ex2/SMN_SKL_ex2_00005"},{"time":0.5333,"name":"EF/S3_ex2/SMN_SKL_ex2_00006"},{"time":0.6333,"name":null}],"color":[{"time":0.5333,"color":"ffffffff"},{"time":0.6333,"color":"ffffff00"}]}},"bones":{"EF/S3_ex1":{"translate":[{"time":0.1666,"x":-340.46,"y":752.15}],"scale":[{"time":0.1666,"x":1.182,"y":1.182},{"time":0.5333,"x":1.405,"y":1.405},{"time":0.6333,"x":1.801,"y":1.801}]},"EF/S3_ex2":{"translate":[{"time":0.1666,"x":-499.48,"y":768.1},{"time":0.5333,"x":-499.48,"y":778.27},{"time":0.6333,"x":-499.48,"y":768.1}],"scale":[{"time":0.1666,"x":1,"y":1},{"time":0.5333,"x":1.306,"y":1}]}}}}}