{"skeleton":{"hash":"lYP7Hxy52efAlVM3aQd8C3ejiLE","spine":"3.0.12","width":500,"height":500,"images":"./images/"},"bones":[{"name":"root"},{"name":"grid","parent":"root"},{"name":"MAIN","parent":"root","y":65},{"name":"SHADOW-OFFSET","parent":"MAIN","y":-65.67},{"name":"HITBOX","parent":"MAIN","y":-65.67},{"name":"EF","parent":"root"},{"name":"S_wave4","parent":"EF","x":563.96,"y":-715.97,"scaleX":1.995,"scaleY":1.995,"color":"1fff00ff"},{"name":"S_wave3","parent":"EF","x":563.96,"y":-641.5,"scaleX":1.995,"scaleY":1.995,"color":"1fff00ff"},{"name":"S_wave2","parent":"EF","x":563.96,"y":-578.36,"scaleX":1.995,"scaleY":1.995,"color":"1fff00ff"},{"name":"S_wave1","parent":"EF","x":563.96,"y":-524.93,"scaleX":1.995,"scaleY":1.995,"color":"1fff00ff"},{"name":"S_B_waveB5","parent":"EF","x":706.45,"y":-755.34,"scaleX":2.002,"scaleY":2.002,"color":"001fffff"},{"name":"S_B_waveB4","parent":"EF","x":706.45,"y":-704.51,"scaleX":2.002,"scaleY":2.002,"color":"001fffff"},{"name":"S_B_waveB3","parent":"EF","x":706.45,"y":-650.47,"scaleX":2.002,"scaleY":2.002,"color":"001fffff"},{"name":"S_B_waveB2","parent":"EF","x":706.45,"y":-587.16,"scaleX":2.002,"scaleY":2.002,"color":"001fffff"},{"name":"S_B_waveB1","parent":"EF","x":706.45,"y":-529.24,"scaleX":2.002,"scaleY":2.002,"color":"001fffff"},{"name":"S1_B_waveA1","parent":"EF","x":425.02,"y":-526.72,"scaleX":2.003,"scaleY":2.003,"color":"0003ffff"},{"name":"S1_A_wave1","parent":"EF","x":294.37,"y":-525.92,"scaleX":1.998,"scaleY":1.998,"color":"ff000cff"},{"name":"DAMAGEAREA","parent":"root"},{"name":"A1_slash","parent":"root","x":957.2,"y":-440.7},{"name":"A1_shock","parent":"root","x":778.6,"y":-301.28}],"slots":[{"name":"grid/nounit(0.88)","bone":"grid","color":"6b6b6bff"},{"name":"grid/grid","bone":"grid","color":"ffffff73"},{"name":"EF/5140_S1A_wave1/5140_S1A_wave1_00003","bone":"S1_A_wave1","blend":"additive"},{"name":"EF/5140_S1B_wave1/5140_S1B_wave1_00003","bone":"S1_B_waveA1","blend":"additive"},{"name":"EF/5140_S2_wave1/5140_S2_wave1_00002","bone":"S_wave1","blend":"additive"},{"name":"EF/5140_S2_wave1/5140_S2_wave1_2","bone":"S_wave2","blend":"additive"},{"name":"EF/5140_S2_wave1/5140_S2_wave1_3","bone":"S_wave3","blend":"additive"},{"name":"EF/5140_S2_wave1/5140_S2_wave1_4","bone":"S_wave4","blend":"additive"},{"name":"EF/5140_S2_wave2/610_S1_wave1_00000","bone":"S_B_waveB1","blend":"additive"},{"name":"EF/5140_S2_wave2/610_S1_wave1_0","bone":"S_B_waveB2","blend":"additive"},{"name":"EF/5140_S2_wave2/610_S1_wave1_1","bone":"S_B_waveB3","blend":"additive"},{"name":"EF/5140_S2_wave2/610_S1_wave1_2","bone":"S_B_waveB4","blend":"additive"},{"name":"EF/5140_S2_wave2/610_S1_wave1_3","bone":"S_B_waveB5","blend":"additive"},{"name":"MAIN","bone":"MAIN","attachment":"idle_00"},{"name":"EF/EF_slash_DOT/sp_ef_1","bone":"A1_shock","color":"faff12ff","blend":"additive"},{"name":"HITBOX","bone":"HITBOX","attachment":"HITBOX"},{"name":"DAMAGEAREA","bone":"DAMAGEAREA"},{"name":"EF/EF_slash_DOT/10000-combo_16_ef2_1B","bone":"A1_slash","color":"faff12ff","blend":"additive"},{"name":"EF/EF_slash_DOT/10000-combo_16_ef2_1F","bone":"A1_slash","color":"faff12ff","blend":"additive"}],"skins":{"default":{"DAMAGEAREA":{"DAMAGEAREA":{"type":"boundingbox","vertices":[-98.09598,97.36705,-97.99152,-97.9283,97.94421,-97.9283,98.36021,96.75943]}},"EF/5140_S1A_wave1/5140_S1A_wave1_00003":{"EF/5140_S1A_wave1/5140_S1A_wave1_00003":{"x":0.63,"y":3.28,"width":250,"height":250},"EF/5140_S1A_wave1/5140_S1A_wave1_00004":{"x":0.63,"y":3.28,"width":250,"height":250},"EF/5140_S1A_wave1/5140_S1A_wave1_00005":{"x":0.63,"y":3.28,"width":250,"height":250},"EF/5140_S1A_wave1/5140_S1A_wave1_00006":{"x":0.63,"y":3.28,"width":250,"height":250},"EF/5140_S1A_wave1/5140_S1A_wave1_00007":{"x":0.63,"y":3.28,"width":250,"height":250},"EF/5140_S1A_wave1/5140_S1A_wave1_00008":{"x":0.63,"y":3.28,"width":250,"height":250},"EF/5140_S1A_wave1/5140_S1A_wave1_00009":{"x":0.63,"y":3.28,"width":250,"height":250},"EF/5140_S1A_wave1/5140_S1A_wave1_00010":{"x":0.63,"y":3.28,"width":250,"height":250},"EF/5140_S1A_wave1/5140_S1A_wave1_00011":{"x":0.63,"y":3.28,"width":250,"height":250}},"EF/5140_S1B_wave1/5140_S1B_wave1_00003":{"EF/5140_S1B_wave1/5140_S1B_wave1_00003":{"x":-1.1,"y":3.05,"width":250,"height":250},"EF/5140_S1B_wave1/5140_S1B_wave1_00004":{"x":-1.1,"y":3.05,"width":250,"height":250},"EF/5140_S1B_wave1/5140_S1B_wave1_00005":{"x":-1.1,"y":3.05,"width":250,"height":250},"EF/5140_S1B_wave1/5140_S1B_wave1_00006":{"x":-1.1,"y":3.05,"width":250,"height":250},"EF/5140_S1B_wave1/5140_S1B_wave1_00007":{"x":-1.1,"y":3.05,"width":250,"height":250},"EF/5140_S1B_wave1/5140_S1B_wave1_00008":{"x":-1.1,"y":3.05,"width":250,"height":250},"EF/5140_S1B_wave1/5140_S1B_wave1_00009":{"x":-1.1,"y":3.05,"width":250,"height":250},"EF/5140_S1B_wave1/5140_S1B_wave1_00010":{"x":-1.1,"y":3.05,"width":250,"height":250},"EF/5140_S1B_wave1/5140_S1B_wave1_00011":{"x":-1.1,"y":3.05,"width":250,"height":250}},"EF/5140_S2_wave1/5140_S2_wave1_00002":{"EF/5140_S2_wave1/5140_S2_wave1_00002":{"x":-3.97,"y":5.6,"width":250,"height":250},"EF/5140_S2_wave1/5140_S2_wave1_00003":{"x":-3.97,"y":5.6,"width":250,"height":250},"EF/5140_S2_wave1/5140_S2_wave1_00004":{"x":-3.97,"y":5.6,"width":250,"height":250},"EF/5140_S2_wave1/5140_S2_wave1_00005":{"x":-3.97,"y":5.6,"width":250,"height":250},"EF/5140_S2_wave1/5140_S2_wave1_00006":{"x":-3.97,"y":5.6,"width":250,"height":250},"EF/5140_S2_wave1/5140_S2_wave1_00007":{"x":-3.97,"y":5.6,"width":250,"height":250},"EF/5140_S2_wave1/5140_S2_wave1_00008":{"x":-3.97,"y":5.6,"width":250,"height":250},"EF/5140_S2_wave1/5140_S2_wave1_00009":{"x":-3.97,"y":5.6,"width":250,"height":250}},"EF/5140_S2_wave1/5140_S2_wave1_2":{"EF/5140_S2_wave1/5140_S2_wave1_00002":{"x":-3.97,"y":5.6,"width":250,"height":250},"EF/5140_S2_wave1/5140_S2_wave1_00003":{"x":-3.97,"y":5.6,"width":250,"height":250},"EF/5140_S2_wave1/5140_S2_wave1_00004":{"x":-3.97,"y":5.6,"width":250,"height":250},"EF/5140_S2_wave1/5140_S2_wave1_00005":{"x":-3.97,"y":5.6,"width":250,"height":250},"EF/5140_S2_wave1/5140_S2_wave1_00006":{"x":-3.97,"y":5.6,"width":250,"height":250},"EF/5140_S2_wave1/5140_S2_wave1_00007":{"x":-3.97,"y":5.6,"width":250,"height":250},"EF/5140_S2_wave1/5140_S2_wave1_00008":{"x":-3.97,"y":5.6,"width":250,"height":250},"EF/5140_S2_wave1/5140_S2_wave1_00009":{"x":-3.97,"y":5.6,"width":250,"height":250}},"EF/5140_S2_wave1/5140_S2_wave1_3":{"EF/5140_S2_wave1/5140_S2_wave1_00002":{"x":-3.97,"y":5.6,"width":250,"height":250},"EF/5140_S2_wave1/5140_S2_wave1_00003":{"x":-3.97,"y":5.6,"width":250,"height":250},"EF/5140_S2_wave1/5140_S2_wave1_00004":{"x":-3.97,"y":5.6,"width":250,"height":250},"EF/5140_S2_wave1/5140_S2_wave1_00005":{"x":-3.97,"y":5.6,"width":250,"height":250},"EF/5140_S2_wave1/5140_S2_wave1_00006":{"x":-3.97,"y":5.6,"width":250,"height":250},"EF/5140_S2_wave1/5140_S2_wave1_00007":{"x":-3.97,"y":5.6,"width":250,"height":250},"EF/5140_S2_wave1/5140_S2_wave1_00008":{"x":-3.97,"y":5.6,"width":250,"height":250},"EF/5140_S2_wave1/5140_S2_wave1_00009":{"x":-3.97,"y":5.6,"width":250,"height":250}},"EF/5140_S2_wave1/5140_S2_wave1_4":{"EF/5140_S2_wave1/5140_S2_wave1_00002":{"x":-3.97,"y":5.6,"width":250,"height":250},"EF/5140_S2_wave1/5140_S2_wave1_00003":{"x":-3.97,"y":5.6,"width":250,"height":250},"EF/5140_S2_wave1/5140_S2_wave1_00004":{"x":-3.97,"y":5.6,"width":250,"height":250},"EF/5140_S2_wave1/5140_S2_wave1_00005":{"x":-3.97,"y":5.6,"width":250,"height":250},"EF/5140_S2_wave1/5140_S2_wave1_00006":{"x":-3.97,"y":5.6,"width":250,"height":250},"EF/5140_S2_wave1/5140_S2_wave1_00007":{"x":-3.97,"y":5.6,"width":250,"height":250},"EF/5140_S2_wave1/5140_S2_wave1_00008":{"x":-3.97,"y":5.6,"width":250,"height":250},"EF/5140_S2_wave1/5140_S2_wave1_00009":{"x":-3.97,"y":5.6,"width":250,"height":250}},"EF/5140_S2_wave2/610_S1_wave1_0":{"EF/5140_S2_wave2/610_S1_wave1_00001":{"x":-2.69,"y":6.44,"width":225,"height":225},"EF/5140_S2_wave2/610_S1_wave1_00002":{"x":-2.69,"y":6.44,"width":225,"height":225},"EF/5140_S2_wave2/610_S1_wave1_00003":{"x":-2.69,"y":6.44,"width":225,"height":225},"EF/5140_S2_wave2/610_S1_wave1_00004":{"x":-2.69,"y":6.44,"width":225,"height":225},"EF/5140_S2_wave2/610_S1_wave1_00005":{"x":-2.69,"y":6.44,"width":225,"height":225},"EF/5140_S2_wave2/610_S1_wave1_00006":{"x":-2.69,"y":6.44,"width":225,"height":225},"EF/5140_S2_wave2/610_S1_wave1_00007":{"x":-2.69,"y":6.44,"width":225,"height":225},"EF/5140_S2_wave2/610_S1_wave1_00008":{"x":-2.69,"y":6.44,"width":225,"height":225},"EF/5140_S2_wave2/610_S1_wave1_00009":{"x":-2.69,"y":6.44,"width":225,"height":225}},"EF/5140_S2_wave2/610_S1_wave1_00000":{"EF/5140_S2_wave2/610_S1_wave1_00001":{"x":-2.69,"y":6.44,"width":225,"height":225},"EF/5140_S2_wave2/610_S1_wave1_00002":{"x":-2.69,"y":6.44,"width":225,"height":225},"EF/5140_S2_wave2/610_S1_wave1_00003":{"x":-2.69,"y":6.44,"width":225,"height":225},"EF/5140_S2_wave2/610_S1_wave1_00004":{"x":-2.69,"y":6.44,"width":225,"height":225},"EF/5140_S2_wave2/610_S1_wave1_00005":{"x":-2.69,"y":6.44,"width":225,"height":225},"EF/5140_S2_wave2/610_S1_wave1_00006":{"x":-2.69,"y":6.44,"width":225,"height":225},"EF/5140_S2_wave2/610_S1_wave1_00007":{"x":-2.69,"y":6.44,"width":225,"height":225},"EF/5140_S2_wave2/610_S1_wave1_00008":{"x":-2.69,"y":6.44,"width":225,"height":225},"EF/5140_S2_wave2/610_S1_wave1_00009":{"x":-2.69,"y":6.44,"width":225,"height":225}},"EF/5140_S2_wave2/610_S1_wave1_1":{"EF/5140_S2_wave2/610_S1_wave1_00001":{"x":-2.69,"y":6.44,"width":225,"height":225},"EF/5140_S2_wave2/610_S1_wave1_00002":{"x":-2.69,"y":6.44,"width":225,"height":225},"EF/5140_S2_wave2/610_S1_wave1_00003":{"x":-2.69,"y":6.44,"width":225,"height":225},"EF/5140_S2_wave2/610_S1_wave1_00004":{"x":-2.69,"y":6.44,"width":225,"height":225},"EF/5140_S2_wave2/610_S1_wave1_00005":{"x":-2.69,"y":6.44,"width":225,"height":225},"EF/5140_S2_wave2/610_S1_wave1_00006":{"x":-2.69,"y":6.44,"width":225,"height":225},"EF/5140_S2_wave2/610_S1_wave1_00007":{"x":-2.69,"y":6.44,"width":225,"height":225},"EF/5140_S2_wave2/610_S1_wave1_00008":{"x":-2.69,"y":6.44,"width":225,"height":225},"EF/5140_S2_wave2/610_S1_wave1_00009":{"x":-2.69,"y":6.44,"width":225,"height":225}},"EF/5140_S2_wave2/610_S1_wave1_2":{"EF/5140_S2_wave2/610_S1_wave1_00001":{"x":-2.69,"y":6.44,"width":225,"height":225},"EF/5140_S2_wave2/610_S1_wave1_00002":{"x":-2.69,"y":6.44,"width":225,"height":225},"EF/5140_S2_wave2/610_S1_wave1_00003":{"x":-2.69,"y":6.44,"width":225,"height":225},"EF/5140_S2_wave2/610_S1_wave1_00004":{"x":-2.69,"y":6.44,"width":225,"height":225},"EF/5140_S2_wave2/610_S1_wave1_00005":{"x":-2.69,"y":6.44,"width":225,"height":225},"EF/5140_S2_wave2/610_S1_wave1_00006":{"x":-2.69,"y":6.44,"width":225,"height":225},"EF/5140_S2_wave2/610_S1_wave1_00007":{"x":-2.69,"y":6.44,"width":225,"height":225},"EF/5140_S2_wave2/610_S1_wave1_00008":{"x":-2.69,"y":6.44,"width":225,"height":225},"EF/5140_S2_wave2/610_S1_wave1_00009":{"x":-2.69,"y":6.44,"width":225,"height":225}},"EF/5140_S2_wave2/610_S1_wave1_3":{"EF/5140_S2_wave2/610_S1_wave1_00001":{"x":-2.69,"y":6.44,"width":225,"height":225},"EF/5140_S2_wave2/610_S1_wave1_00002":{"x":-2.69,"y":6.44,"width":225,"height":225},"EF/5140_S2_wave2/610_S1_wave1_00003":{"x":-2.69,"y":6.44,"width":225,"height":225},"EF/5140_S2_wave2/610_S1_wave1_00004":{"x":-2.69,"y":6.44,"width":225,"height":225},"EF/5140_S2_wave2/610_S1_wave1_00005":{"x":-2.69,"y":6.44,"width":225,"height":225},"EF/5140_S2_wave2/610_S1_wave1_00006":{"x":-2.69,"y":6.44,"width":225,"height":225},"EF/5140_S2_wave2/610_S1_wave1_00007":{"x":-2.69,"y":6.44,"width":225,"height":225},"EF/5140_S2_wave2/610_S1_wave1_00008":{"x":-2.69,"y":6.44,"width":225,"height":225},"EF/5140_S2_wave2/610_S1_wave1_00009":{"x":-2.69,"y":6.44,"width":225,"height":225}},"EF/EF_slash_DOT/10000-combo_16_ef2_1B":{"EF/EF_slash_DOT/10000-combo_16_ef2_1B":{"x":-47.29,"y":-31.09,"width":206,"height":171}},"EF/EF_slash_DOT/10000-combo_16_ef2_1F":{"EF/EF_slash_DOT/10000-combo_16_ef2_1F":{"x":-47.25,"y":-31.09,"width":206,"height":171}},"EF/EF_slash_DOT/sp_ef_1":{"EF/EF_slash_DOT/sp_ef_1":{"x":68.4,"y":3.88,"width":300,"height":160},"EF/EF_slash_DOT/sp_ef_2":{"x":68.4,"y":3.88,"width":300,"height":160},"EF/EF_slash_DOT/sp_ef_3":{"x":68.4,"y":3.88,"width":300,"height":160}},"HITBOX":{"HITBOX":{"type":"boundingbox","vertices":[-35.89962,97.67868,-35.89962,-1.12096,53.74805,0.54302,53.95606,98.92668]}},"MAIN":{"attack1_00":{"x":-55,"y":-2,"width":500,"height":500},"attack1_01":{"x":-55,"y":-2,"width":500,"height":500},"attack1_02":{"x":-55,"y":-2,"width":500,"height":500},"attack1_03":{"x":-25,"y":-11,"width":500,"height":500},"attack1_04":{"x":-25,"y":-11,"width":500,"height":500},"attack1_05":{"x":-33,"y":-2,"width":500,"height":500},"attack1_06":{"x":-33,"y":-2,"width":500,"height":500},"attack1_07":{"x":-33,"y":-2,"width":500,"height":500},"attack2_00":{"x":1,"y":-1,"width":500,"height":500},"attack2_01":{"x":1,"y":-1,"width":500,"height":500},"attack2_02":{"x":1,"y":-1,"width":500,"height":500},"attack2_03":{"x":7.5,"y":-1,"width":500,"height":500},"attack2_04":{"x":7.5,"y":-1,"width":500,"height":500},"attack2_05":{"x":7.5,"y":-1,"width":500,"height":500},"attack2_06":{"x":7.5,"y":-1,"width":500,"height":500},"attack3_00":{"x":2,"y":22,"width":500,"height":500},"attack3_01":{"x":2,"y":22,"width":500,"height":500},"attack3_02":{"x":2,"y":22,"width":500,"height":500},"attack3_03":{"x":8,"y":-17,"width":500,"height":500},"attack3_04":{"x":8,"y":-17,"width":500,"height":500},"attack3_05":{"x":-8,"y":-2,"width":500,"height":500},"attack3_06":{"x":-8,"y":-2,"width":500,"height":500},"attack3_07":{"x":-8,"y":-2,"width":500,"height":500},"attack3_08":{"x":5,"width":500,"height":500},"back_00":{"x":-30,"y":-5,"width":500,"height":500},"combo_00":{"x":-33,"y":-2,"width":500,"height":500},"combo_01":{"x":-33,"y":-2,"width":500,"height":500},"damage_00":{"x":-10,"y":-10,"width":500,"height":500},"front_00":{"x":2.5,"y":-3,"width":500,"height":500},"idle_00":{"x":-7,"y":-15,"width":500,"height":500},"idle_01":{"x":-7,"y":-15,"width":500,"height":500},"idle_02":{"x":-7,"y":-15,"width":500,"height":500},"idle_03":{"x":-7,"y":-15,"width":500,"height":500},"idle_04":{"x":-7,"y":-15,"width":500,"height":500},"kneel1_00":{"x":-16.86,"y":-14.45,"width":500,"height":500}}}},"events":{"Event":{},"Event2":{},"Hit":{},"Sound1":{},"Sound2":{},"Sound3":{},"View":{},"Voice":{}},"animations":{"MvsC":{"slots":{"EF/5140_S2_wave1/5140_S2_wave1_00002":{"attachment":[{"time":0.8,"name":"EF/5140_S2_wave1/5140_S2_wave1_00002"},{"time":0.8333,"name":"EF/5140_S2_wave1/5140_S2_wave1_00003"},{"time":0.8666,"name":"EF/5140_S2_wave1/5140_S2_wave1_00004"},{"time":0.9,"name":"EF/5140_S2_wave1/5140_S2_wave1_00005"},{"time":0.9333,"name":"EF/5140_S2_wave1/5140_S2_wave1_00006"},{"time":0.9666,"name":"EF/5140_S2_wave1/5140_S2_wave1_00007"},{"time":1,"name":"EF/5140_S2_wave1/5140_S2_wave1_00008"},{"time":1.0333,"name":"EF/5140_S2_wave1/5140_S2_wave1_00009"},{"time":1.3333,"name":"EF/5140_S2_wave1/5140_S2_wave1_00002"},{"time":1.3666,"name":"EF/5140_S2_wave1/5140_S2_wave1_00003"},{"time":1.4,"name":"EF/5140_S2_wave1/5140_S2_wave1_00004"},{"time":1.4333,"name":"EF/5140_S2_wave1/5140_S2_wave1_00005"},{"time":1.4666,"name":"EF/5140_S2_wave1/5140_S2_wave1_00006"},{"time":1.5,"name":"EF/5140_S2_wave1/5140_S2_wave1_00007"},{"time":1.5333,"name":"EF/5140_S2_wave1/5140_S2_wave1_00008"},{"time":1.5666,"name":"EF/5140_S2_wave1/5140_S2_wave1_00009"},{"time":1.6,"name":null},{"time":1.7333,"name":"EF/5140_S2_wave1/5140_S2_wave1_00002"},{"time":1.7666,"name":"EF/5140_S2_wave1/5140_S2_wave1_00003"},{"time":1.8,"name":"EF/5140_S2_wave1/5140_S2_wave1_00004"},{"time":1.8333,"name":"EF/5140_S2_wave1/5140_S2_wave1_00005"},{"time":1.8666,"name":"EF/5140_S2_wave1/5140_S2_wave1_00006"},{"time":1.9,"name":"EF/5140_S2_wave1/5140_S2_wave1_00007"},{"time":1.9333,"name":"EF/5140_S2_wave1/5140_S2_wave1_00008"},{"time":1.9666,"name":"EF/5140_S2_wave1/5140_S2_wave1_00009"},{"time":2.2666,"name":"EF/5140_S2_wave1/5140_S2_wave1_00002"},{"time":2.3,"name":"EF/5140_S2_wave1/5140_S2_wave1_00003"},{"time":2.3333,"name":"EF/5140_S2_wave1/5140_S2_wave1_00004"},{"time":2.3666,"name":"EF/5140_S2_wave1/5140_S2_wave1_00005"},{"time":2.4,"name":"EF/5140_S2_wave1/5140_S2_wave1_00006"},{"time":2.4333,"name":"EF/5140_S2_wave1/5140_S2_wave1_00007"},{"time":2.4666,"name":"EF/5140_S2_wave1/5140_S2_wave1_00008"},{"time":2.5,"name":"EF/5140_S2_wave1/5140_S2_wave1_00009"}],"color":[{"time":0.8,"color":"ffffffff","curve":"stepped"},{"time":1.0333,"color":"ffffffff"},{"time":1.1,"color":"ffffff00","curve":"stepped"},{"time":1.3333,"color":"ffffffff","curve":"stepped"},{"time":1.7333,"color":"ffffffff","curve":"stepped"},{"time":1.9666,"color":"ffffffff"},{"time":2.0666,"color":"ffffff00","curve":"stepped"},{"time":2.2666,"color":"ffffffff","curve":"stepped"},{"time":2.5,"color":"ffffffff"},{"time":2.5666,"color":"ffffff00"}]},"EF/5140_S2_wave1/5140_S2_wave1_2":{"attachment":[{"time":0.3666,"name":"EF/5140_S2_wave1/5140_S2_wave1_00002"},{"time":0.4,"name":"EF/5140_S2_wave1/5140_S2_wave1_00003"},{"time":0.4333,"name":"EF/5140_S2_wave1/5140_S2_wave1_00004"},{"time":0.4666,"name":"EF/5140_S2_wave1/5140_S2_wave1_00005"},{"time":0.5,"name":"EF/5140_S2_wave1/5140_S2_wave1_00006"},{"time":0.5333,"name":"EF/5140_S2_wave1/5140_S2_wave1_00007"},{"time":0.5666,"name":"EF/5140_S2_wave1/5140_S2_wave1_00008"},{"time":0.6,"name":"EF/5140_S2_wave1/5140_S2_wave1_00009"}],"color":[{"time":0.6,"color":"ffffffff"},{"time":0.7,"color":"ffffff00"}]},"EF/5140_S2_wave1/5140_S2_wave1_3":{"attachment":[{"time":0.6,"name":"EF/5140_S2_wave1/5140_S2_wave1_00002"},{"time":0.6333,"name":"EF/5140_S2_wave1/5140_S2_wave1_00003"},{"time":0.6666,"name":"EF/5140_S2_wave1/5140_S2_wave1_00004"},{"time":0.7,"name":"EF/5140_S2_wave1/5140_S2_wave1_00005"},{"time":0.7333,"name":"EF/5140_S2_wave1/5140_S2_wave1_00006"},{"time":0.7666,"name":"EF/5140_S2_wave1/5140_S2_wave1_00007"},{"time":0.8,"name":"EF/5140_S2_wave1/5140_S2_wave1_00008"},{"time":0.8333,"name":"EF/5140_S2_wave1/5140_S2_wave1_00009"}],"color":[{"time":0.8333,"color":"ffffffff"},{"time":0.9333,"color":"ffffff00"}]},"EF/5140_S2_wave2/610_S1_wave1_00000":{"attachment":[{"time":2.2666,"name":"EF/5140_S2_wave2/610_S1_wave1_00002"},{"time":2.3,"name":"EF/5140_S2_wave2/610_S1_wave1_00003"},{"time":2.3333,"name":"EF/5140_S2_wave2/610_S1_wave1_00004"},{"time":2.3666,"name":"EF/5140_S2_wave2/610_S1_wave1_00005"},{"time":2.4,"name":"EF/5140_S2_wave2/610_S1_wave1_00006"},{"time":2.4333,"name":"EF/5140_S2_wave2/610_S1_wave1_00007"},{"time":2.4666,"name":"EF/5140_S2_wave2/610_S1_wave1_00008"},{"time":2.5,"name":"EF/5140_S2_wave2/610_S1_wave1_00009"},{"time":2.5333,"name":null}]},"EF/5140_S2_wave2/610_S1_wave1_0":{"attachment":[{"time":2.3333,"name":"EF/5140_S2_wave2/610_S1_wave1_00002"},{"time":2.3666,"name":"EF/5140_S2_wave2/610_S1_wave1_00003"},{"time":2.4,"name":"EF/5140_S2_wave2/610_S1_wave1_00004"},{"time":2.4333,"name":"EF/5140_S2_wave2/610_S1_wave1_00005"},{"time":2.4666,"name":"EF/5140_S2_wave2/610_S1_wave1_00006"},{"time":2.5,"name":"EF/5140_S2_wave2/610_S1_wave1_00007"},{"time":2.5333,"name":"EF/5140_S2_wave2/610_S1_wave1_00008"},{"time":2.5666,"name":"EF/5140_S2_wave2/610_S1_wave1_00009"},{"time":2.6,"name":null}]},"EF/5140_S2_wave2/610_S1_wave1_1":{"attachment":[{"time":2.4,"name":"EF/5140_S2_wave2/610_S1_wave1_00002"},{"time":2.4333,"name":"EF/5140_S2_wave2/610_S1_wave1_00003"},{"time":2.4666,"name":"EF/5140_S2_wave2/610_S1_wave1_00004"},{"time":2.5,"name":"EF/5140_S2_wave2/610_S1_wave1_00005"},{"time":2.5333,"name":"EF/5140_S2_wave2/610_S1_wave1_00006"},{"time":2.5666,"name":"EF/5140_S2_wave2/610_S1_wave1_00007"},{"time":2.6,"name":"EF/5140_S2_wave2/610_S1_wave1_00008"},{"time":2.6333,"name":"EF/5140_S2_wave2/610_S1_wave1_00009"},{"time":2.6666,"name":null}]},"EF/5140_S2_wave2/610_S1_wave1_2":{"attachment":[{"time":2.4666,"name":"EF/5140_S2_wave2/610_S1_wave1_00002"},{"time":2.5,"name":"EF/5140_S2_wave2/610_S1_wave1_00003"},{"time":2.5333,"name":"EF/5140_S2_wave2/610_S1_wave1_00004"},{"time":2.5666,"name":"EF/5140_S2_wave2/610_S1_wave1_00005"},{"time":2.6,"name":"EF/5140_S2_wave2/610_S1_wave1_00006"},{"time":2.6333,"name":"EF/5140_S2_wave2/610_S1_wave1_00007"},{"time":2.6666,"name":"EF/5140_S2_wave2/610_S1_wave1_00008"},{"time":2.7,"name":"EF/5140_S2_wave2/610_S1_wave1_00009"},{"time":2.7333,"name":null}]},"EF/5140_S2_wave2/610_S1_wave1_3":{"attachment":[{"time":2.5333,"name":"EF/5140_S2_wave2/610_S1_wave1_00002"},{"time":2.5666,"name":"EF/5140_S2_wave2/610_S1_wave1_00003"},{"time":2.6,"name":"EF/5140_S2_wave2/610_S1_wave1_00004"},{"time":2.6333,"name":"EF/5140_S2_wave2/610_S1_wave1_00005"},{"time":2.6666,"name":"EF/5140_S2_wave2/610_S1_wave1_00006"},{"time":2.7,"name":"EF/5140_S2_wave2/610_S1_wave1_00007"},{"time":2.7333,"name":"EF/5140_S2_wave2/610_S1_wave1_00008"},{"time":2.7666,"name":"EF/5140_S2_wave2/610_S1_wave1_00009"},{"time":2.8,"name":null}]},"MAIN":{"attachment":[{"time":0,"name":"front_00"},{"time":0.1666,"name":"combo_01"},{"time":0.3666,"name":"combo_00"},{"time":0.5,"name":"attack1_00"},{"time":0.5666,"name":"attack1_01"},{"time":0.6666,"name":"attack1_02"},{"time":0.8,"name":"attack1_03"},{"time":0.8666,"name":"attack1_04"},{"time":0.9,"name":"attack1_07"},{"time":1,"name":"attack1_06"},{"time":1.1,"name":"attack1_05"},{"time":1.2,"name":"attack3_00"},{"time":1.2333,"name":"attack3_01"},{"time":1.2666,"name":"attack3_02"},{"time":1.3333,"name":"attack3_03"},{"time":1.4666,"name":"attack3_04"},{"time":1.6333,"name":"attack3_07"},{"time":1.6666,"name":"attack3_06"},{"time":1.7,"name":"attack3_05"},{"time":1.7333,"name":"attack3_08"},{"time":1.8,"name":"attack2_00"},{"time":1.8666,"name":"attack2_01"},{"time":1.9333,"name":"attack2_02"},{"time":2.1333,"name":"attack2_03"},{"time":2.1666,"name":"attack2_04"},{"time":2.2666,"name":"attack2_05"},{"time":2.4,"name":"attack2_06"},{"time":2.7,"name":"attack3_00"},{"time":2.7666,"name":"attack3_01"},{"time":2.8333,"name":"attack3_02"},{"time":2.8666,"name":"back_00"}]}},"bones":{"MAIN":{"translate":[{"time":0,"x":888,"y":235},{"time":0.1666,"x":10,"y":0},{"time":0.3333,"x":0,"y":0,"curve":"stepped"},{"time":0.5,"x":0,"y":0,"curve":"stepped"},{"time":0.8,"x":-45,"y":0,"curve":[0.156,1,0.383,1]},{"time":0.9,"x":-150,"y":0,"curve":[0.177,0.31,0.75,1]},{"time":1.1,"x":-160,"y":0,"curve":"stepped"},{"time":1.3333,"x":-160,"y":53.45,"curve":[0.116,0.6,0.614,0.96]},{"time":1.4333,"x":-160,"y":203.64,"curve":[0.124,0.25,0.758,0.93]},{"time":1.6,"x":-160,"y":225.46},{"time":1.6333,"x":-170,"y":18.72,"curve":[0.19,0,0.595,0.35]},{"time":1.6666,"x":-170,"y":6.37,"curve":[0.406,0.23,0.812,0.57]},{"time":1.7,"x":-170,"y":-5.33,"curve":"stepped"},{"time":1.7333,"x":-192.18,"y":-14.94,"curve":"stepped"},{"time":1.8,"x":-203.83,"y":0,"curve":"stepped"},{"time":2.8666,"x":-135.78,"y":26.96},{"time":3.0333,"x":888,"y":235}]},"S_wave1":{"translate":[{"time":0.8,"x":-535.47,"y":532.74,"curve":"stepped"},{"time":1.3333,"x":-705.72,"y":530.37,"curve":"stepped"},{"time":1.7333,"x":-927.04,"y":535.5,"curve":"stepped"},{"time":2.2666,"x":-686.12,"y":529.16}],"scale":[{"time":0.8,"x":1.253,"y":1.253,"curve":"stepped"},{"time":1.0333,"x":1.253,"y":1.253,"curve":"stepped"},{"time":1.1,"x":1.354,"y":1.354,"curve":"stepped"},{"time":1.3333,"x":0.753,"y":0.753,"curve":"stepped"},{"time":1.7333,"x":2.155,"y":2.155,"curve":"stepped"},{"time":1.9666,"x":2.155,"y":2.155},{"time":2.0666,"x":2.405,"y":2.405,"curve":"stepped"},{"time":2.2666,"x":1.253,"y":1.253,"curve":"stepped"},{"time":2.5,"x":1.253,"y":1.253,"curve":"stepped"},{"time":2.5666,"x":1.354,"y":1.354}]},"S_wave3":{"translate":[{"time":0.6,"x":-556.37,"y":640.99}],"scale":[{"time":0.6,"x":1.756,"y":1.756,"curve":"stepped"},{"time":0.8333,"x":1.756,"y":1.756},{"time":0.9333,"x":1.904,"y":1.904}]},"S_wave2":{"translate":[{"time":0.3666,"x":-557.48,"y":577.87}],"scale":[{"time":0.3666,"x":1.502,"y":1.502,"curve":"stepped"},{"time":0.6,"x":1.502,"y":1.502},{"time":0.7,"x":1.654,"y":1.654}]},"S_B_waveB3":{"translate":[{"time":2.4,"x":-1275.17,"y":643.44}],"scale":[{"time":2.4,"x":1.497,"y":1.497}]},"S_B_waveB1":{"translate":[{"time":2.2666,"x":-1025.67,"y":527.62}],"scale":[{"time":2.2666,"x":1.497,"y":1.497}]},"S_B_waveB4":{"translate":[{"time":2.4666,"x":-1416.27,"y":694.68}],"scale":[{"time":2.4666,"x":1.497,"y":1.497}]},"S_B_waveB2":{"translate":[{"time":2.3333,"x":-1163.58,"y":580.49}],"scale":[{"time":2.3333,"x":1.497,"y":1.497}]},"S_B_waveB5":{"translate":[{"time":2.5333,"x":-1566.4,"y":746.56}],"scale":[{"time":2.5333,"x":1.498,"y":1.498}]}}},"attack1":{"slots":{"DAMAGEAREA":{"attachment":[{"time":0.5,"name":"DAMAGEAREA"},{"time":0.6,"name":null},{"time":1.2666,"name":"DAMAGEAREA"},{"time":1.3666,"name":null}]},"EF/EF_slash_DOT/10000-combo_16_ef2_1B":{"attachment":[{"time":1.2666,"name":"EF/EF_slash_DOT/10000-combo_16_ef2_1B"},{"time":1.3,"name":null}]},"EF/EF_slash_DOT/10000-combo_16_ef2_1F":{"attachment":[{"time":1.2666,"name":"EF/EF_slash_DOT/10000-combo_16_ef2_1F"},{"time":1.3,"name":null}]},"EF/EF_slash_DOT/sp_ef_1":{"attachment":[{"time":0.5,"name":"EF/EF_slash_DOT/sp_ef_1"},{"time":0.5333,"name":"EF/EF_slash_DOT/sp_ef_2"},{"time":0.5666,"name":"EF/EF_slash_DOT/sp_ef_3"},{"time":0.6,"name":null}]},"MAIN":{"attachment":[{"time":0,"name":"attack1_00"},{"time":0.0666,"name":"attack1_01"},{"time":0.1666,"name":"attack1_02"},{"time":0.4333,"name":"attack1_03"},{"time":0.5,"name":"attack1_04"},{"time":0.5333,"name":"attack1_07"},{"time":0.6333,"name":"attack1_06"},{"time":0.7333,"name":"attack1_05"},{"time":0.8333,"name":"combo_00"},{"time":0.8666,"name":"combo_01"},{"time":0.9333,"name":"attack2_00"},{"time":1,"name":"attack2_01"},{"time":1.1,"name":"attack2_02"},{"time":1.2666,"name":"attack2_03"},{"time":1.3,"name":"attack2_04"},{"time":1.3666,"name":"attack2_05"},{"time":1.4333,"name":"attack2_06"},{"time":1.6,"name":"back_00"},{"time":1.8,"name":"attack3_01"},{"time":1.8666,"name":"attack3_02"},{"time":2,"name":"attack3_01"},{"time":2.1,"name":"idle_04"},{"time":2.2333,"name":"idle_00"}]}},"bones":{"MAIN":{"translate":[{"time":0,"x":0,"y":0,"curve":[0.162,0.36,0.75,1]},{"time":0.3,"x":5,"y":0,"curve":"stepped"},{"time":0.4333,"x":-45,"y":0,"curve":[0.156,1,0.383,1]},{"time":0.5333,"x":-60,"y":0,"curve":[0.177,0.31,0.75,1]},{"time":0.7333,"x":-70,"y":0,"curve":"stepped"},{"time":1.2666,"x":-70,"y":0,"curve":[0.132,0.66,0.75,1]},{"time":1.4,"x":-90,"y":0,"curve":"stepped"},{"time":1.6,"x":-70,"y":0,"curve":[0.175,0.42,0.562,0.75]},{"time":1.7,"x":-59.58,"y":15.85,"curve":[0.357,0.66,0.769,1]},{"time":1.8333,"x":-20,"y":0,"curve":[0.195,0.37,0.75,1]},{"time":2,"x":0,"y":0}]},"A1_shock":{"translate":[{"time":0.5,"x":-988.8,"y":360.59,"curve":[0.308,0,0.726,0.2]},{"time":0.5666,"x":-960.8,"y":370.49,"curve":[0.505,0.23,0.877,0.55]},{"time":0.6,"x":-933.69,"y":370.49}],"scale":[{"time":0.5,"x":2,"y":2}]},"DAMAGEAREA":{"translate":[{"time":0.5,"x":-96.47,"y":39.82,"curve":"stepped"},{"time":1.2666,"x":-135.57,"y":39.82}],"scale":[{"time":0.5,"x":2.145,"y":0.38,"curve":"stepped"},{"time":1.2666,"x":1.197,"y":0.38}]},"A1_slash":{"rotate":[{"time":1.2666,"angle":16.84}],"translate":[{"time":1.2666,"x":-994.3,"y":569.15}],"scale":[{"time":1.2666,"x":1.181,"y":0.463}]}},"drawOrder":[{"time":1.2666,"offsets":[{"slot":"EF/EF_slash_DOT/10000-combo_16_ef2_1B","offset":-4}]}],"events":[{"time":0.4333,"name":"Sound1","string":"cri_se_battle_skill_shot"},{"time":0.4333,"name":"Voice","string":"cri_106_voice_attack_random"},{"time":0.5,"name":"Sound1","string":"setHitSound(se_battle_thrustviolently)"},{"time":0.5666,"name":"Hit","string":"resetHitList"},{"time":1.2333,"name":"Sound1","string":"cri_se_battle_sword_swish_heavy"},{"time":1.2666,"name":"Hit","string":"resetHitList"},{"time":1.2666,"name":"Sound1","string":"setHitSound(se_battle_019_sword_hit_03)"},{"time":1.2666,"name":"Voice","string":"cri_106_voice_attack_c"},{"time":1.6,"name":"Sound1","string":"cri_se_battle_jump"},{"time":1.8,"name":"Sound1","string":"cri_se_battle_landing"}]},"back":{"slots":{"MAIN":{"attachment":[{"time":0,"name":"back_00"},{"time":0.2666,"name":"idle_03"},{"time":0.4333,"name":"idle_04"},{"time":0.6,"name":"idle_00"}]}},"bones":{"MAIN":{"translate":[{"time":0,"x":0,"y":0,"curve":[0.244,0.38,0.602,0.73]},{"time":0.1333,"x":90.17,"y":15.34,"curve":[0.323,0.59,0.687,0.98]},{"time":0.3,"x":130,"y":0},{"time":0.4666,"x":140,"y":0}]}},"events":[{"time":0,"name":"Sound1","string":"cri_se_battle_jump"},{"time":0.2666,"name":"Sound1","string":"cri_se_battle_landing"}]},"cast":{"slots":{"MAIN":{"attachment":[{"time":0,"name":"attack1_00"},{"time":0.1,"name":"attack1_01"},{"time":0.2333,"name":"attack1_02"},{"time":0.5,"name":"attack1_07"},{"time":0.5666,"name":"attack1_06"},{"time":0.6666,"name":"attack1_05"},{"time":1,"name":"attack1_04"}]}},"events":[{"time":0.5,"name":"Voice","string":"cri_106_voice_item"}]},"damage":{"slots":{"MAIN":{"attachment":[{"time":0,"name":"damage_00"}]}}},"front":{"slots":{"MAIN":{"attachment":[{"time":0,"name":"front_00"}]}}},"idle":{"slots":{"MAIN":{"attachment":[{"time":0,"name":"idle_00"},{"time":0.1666,"name":"idle_01"},{"time":0.3333,"name":"idle_02"},{"time":0.5,"name":"idle_03"},{"time":0.6666,"name":"idle_04"},{"time":0.8333,"name":"idle_04"}]}}},"in":{"slots":{"MAIN":{"attachment":[{"time":0,"name":"front_00"},{"time":0.3333,"name":"idle_01"},{"time":0.5,"name":"idle_02"},{"time":0.6666,"name":"idle_03"},{"time":0.8333,"name":"idle_04"},{"time":1,"name":"idle_00"}],"color":[{"time":0,"color":"ffffff00"},{"time":0.3333,"color":"ffffffff"}]}},"bones":{"MAIN":{"translate":[{"time":0,"x":230,"y":0},{"time":0.3333,"x":20,"y":0,"curve":[0,0.95,0.75,1]},{"time":0.8333,"x":0,"y":0}]}}},"skill1":{"slots":{"DAMAGEAREA":{"attachment":[{"time":0.8333,"name":"DAMAGEAREA"},{"time":1.3,"name":null}]},"EF/5140_S1B_wave1/5140_S1B_wave1_00003":{"attachment":[{"time":0.1666,"name":"EF/5140_S1B_wave1/5140_S1B_wave1_00003"},{"time":0.2,"name":"EF/5140_S1B_wave1/5140_S1B_wave1_00004"},{"time":0.2333,"name":"EF/5140_S1B_wave1/5140_S1B_wave1_00005"},{"time":0.2666,"name":"EF/5140_S1B_wave1/5140_S1B_wave1_00006"},{"time":0.3,"name":"EF/5140_S1B_wave1/5140_S1B_wave1_00007"},{"time":0.3333,"name":"EF/5140_S1B_wave1/5140_S1B_wave1_00008"},{"time":0.3666,"name":"EF/5140_S1B_wave1/5140_S1B_wave1_00009"},{"time":0.4,"name":"EF/5140_S1B_wave1/5140_S1B_wave1_00010"},{"time":0.4333,"name":"EF/5140_S1B_wave1/5140_S1B_wave1_00011"}],"color":[{"time":0.4333,"color":"ffffffff"},{"time":0.5333,"color":"ffffff00"}]},"EF/5140_S2_wave1/5140_S2_wave1_00002":{"attachment":[{"time":0.8333,"name":"EF/5140_S2_wave1/5140_S2_wave1_00003"},{"time":0.8666,"name":"EF/5140_S2_wave1/5140_S2_wave1_00004"},{"time":0.9,"name":"EF/5140_S2_wave1/5140_S2_wave1_00005"},{"time":0.9333,"name":"EF/5140_S2_wave1/5140_S2_wave1_00006"},{"time":0.9666,"name":"EF/5140_S2_wave1/5140_S2_wave1_00007"},{"time":1,"name":"EF/5140_S2_wave1/5140_S2_wave1_00008"},{"time":1.0333,"name":"EF/5140_S2_wave1/5140_S2_wave1_00009"},{"time":1.0666,"name":null}]},"EF/5140_S2_wave2/610_S1_wave1_00000":{"attachment":[{"time":0.8333,"name":"EF/5140_S2_wave2/610_S1_wave1_00002"},{"time":0.8666,"name":"EF/5140_S2_wave2/610_S1_wave1_00003"},{"time":0.9,"name":"EF/5140_S2_wave2/610_S1_wave1_00004"},{"time":0.9333,"name":"EF/5140_S2_wave2/610_S1_wave1_00005"},{"time":0.9666,"name":"EF/5140_S2_wave2/610_S1_wave1_00006"},{"time":1,"name":"EF/5140_S2_wave2/610_S1_wave1_00007"},{"time":1.0333,"name":"EF/5140_S2_wave2/610_S1_wave1_00008"},{"time":1.0666,"name":"EF/5140_S2_wave2/610_S1_wave1_00009"},{"time":1.1,"name":null},{"time":1.1666,"name":"EF/5140_S2_wave2/610_S1_wave1_00002"},{"time":1.2,"name":"EF/5140_S2_wave2/610_S1_wave1_00003"},{"time":1.2333,"name":"EF/5140_S2_wave2/610_S1_wave1_00004"},{"time":1.2666,"name":"EF/5140_S2_wave2/610_S1_wave1_00005"},{"time":1.3,"name":"EF/5140_S2_wave2/610_S1_wave1_00006"},{"time":1.3333,"name":"EF/5140_S2_wave2/610_S1_wave1_00007"},{"time":1.3666,"name":"EF/5140_S2_wave2/610_S1_wave1_00008"},{"time":1.4,"name":"EF/5140_S2_wave2/610_S1_wave1_00009"},{"time":1.4333,"name":null}]},"EF/5140_S2_wave2/610_S1_wave1_0":{"attachment":[{"time":0.9,"name":"EF/5140_S2_wave2/610_S1_wave1_00002"},{"time":0.9333,"name":"EF/5140_S2_wave2/610_S1_wave1_00003"},{"time":0.9666,"name":"EF/5140_S2_wave2/610_S1_wave1_00004"},{"time":1,"name":"EF/5140_S2_wave2/610_S1_wave1_00005"},{"time":1.0333,"name":"EF/5140_S2_wave2/610_S1_wave1_00006"},{"time":1.0666,"name":"EF/5140_S2_wave2/610_S1_wave1_00007"},{"time":1.1,"name":"EF/5140_S2_wave2/610_S1_wave1_00008"},{"time":1.1333,"name":"EF/5140_S2_wave2/610_S1_wave1_00009"},{"time":1.1666,"name":null}]},"EF/5140_S2_wave2/610_S1_wave1_1":{"attachment":[{"time":0.9666,"name":"EF/5140_S2_wave2/610_S1_wave1_00002"},{"time":1,"name":"EF/5140_S2_wave2/610_S1_wave1_00003"},{"time":1.0333,"name":"EF/5140_S2_wave2/610_S1_wave1_00004"},{"time":1.0666,"name":"EF/5140_S2_wave2/610_S1_wave1_00005"},{"time":1.1,"name":"EF/5140_S2_wave2/610_S1_wave1_00006"},{"time":1.1333,"name":"EF/5140_S2_wave2/610_S1_wave1_00007"},{"time":1.1666,"name":"EF/5140_S2_wave2/610_S1_wave1_00008"},{"time":1.2,"name":"EF/5140_S2_wave2/610_S1_wave1_00009"},{"time":1.2333,"name":null}]},"EF/5140_S2_wave2/610_S1_wave1_2":{"attachment":[{"time":1.0333,"name":"EF/5140_S2_wave2/610_S1_wave1_00002"},{"time":1.0666,"name":"EF/5140_S2_wave2/610_S1_wave1_00003"},{"time":1.1,"name":"EF/5140_S2_wave2/610_S1_wave1_00004"},{"time":1.1333,"name":"EF/5140_S2_wave2/610_S1_wave1_00005"},{"time":1.1666,"name":"EF/5140_S2_wave2/610_S1_wave1_00006"},{"time":1.2,"name":"EF/5140_S2_wave2/610_S1_wave1_00007"},{"time":1.2333,"name":"EF/5140_S2_wave2/610_S1_wave1_00008"},{"time":1.2666,"name":"EF/5140_S2_wave2/610_S1_wave1_00009"},{"time":1.3,"name":null}]},"EF/5140_S2_wave2/610_S1_wave1_3":{"attachment":[{"time":1.1,"name":"EF/5140_S2_wave2/610_S1_wave1_00002"},{"time":1.1333,"name":"EF/5140_S2_wave2/610_S1_wave1_00003"},{"time":1.1666,"name":"EF/5140_S2_wave2/610_S1_wave1_00004"},{"time":1.2,"name":"EF/5140_S2_wave2/610_S1_wave1_00005"},{"time":1.2333,"name":"EF/5140_S2_wave2/610_S1_wave1_00006"},{"time":1.2666,"name":"EF/5140_S2_wave2/610_S1_wave1_00007"},{"time":1.3,"name":"EF/5140_S2_wave2/610_S1_wave1_00008"},{"time":1.3333,"name":"EF/5140_S2_wave2/610_S1_wave1_00009"},{"time":1.3666,"name":null}]},"MAIN":{"attachment":[{"time":0,"name":"attack2_00"},{"time":0.1333,"name":"attack2_01"},{"time":0.3333,"name":"attack2_02"},{"time":0.8333,"name":"attack2_03"},{"time":0.8666,"name":"attack2_04"},{"time":0.9666,"name":"attack2_05"},{"time":1.1,"name":"attack2_06"},{"time":1.9,"name":"attack2_06"}]}},"bones":{"S1_A_wave1":{"translate":[{"time":0,"x":-0.17,"y":0}]},"S1_B_waveA1":{"translate":[{"time":0.1666,"x":-410.85,"y":526.55}],"scale":[{"time":0.1666,"x":1.249,"y":1.249,"curve":"stepped"},{"time":0.4333,"x":1.249,"y":1.249},{"time":0.5333,"x":1.449,"y":1.449}]},"S_B_waveB1":{"translate":[{"time":0.8333,"x":-851.54,"y":541.72,"curve":"stepped"},{"time":1.1666,"x":-1471.1,"y":531.22}],"scale":[{"time":0.8333,"x":1.497,"y":1.497}]},"S_B_waveB2":{"translate":[{"time":0.9,"x":-964.35,"y":595.6}],"scale":[{"time":0.9,"x":1.497,"y":1.497}]},"S_B_waveB3":{"translate":[{"time":0.9666,"x":-1074.73,"y":655.68}],"scale":[{"time":0.9666,"x":1.497,"y":1.497}]},"S_B_waveB4":{"translate":[{"time":1.0333,"x":-1183.29,"y":708.54}],"scale":[{"time":1.0333,"x":1.497,"y":1.497}]},"S_B_waveB5":{"translate":[{"time":1.1,"x":-1325.32,"y":759.76}],"scale":[{"time":1.1,"x":1.498,"y":1.498}]},"S_wave1":{"translate":[{"time":0.8333,"x":-513.89,"y":525.02}],"scale":[{"time":0.8333,"x":1.503,"y":1.503}]},"DAMAGEAREA":{"translate":[{"time":0.8333,"x":-126.25,"y":94.51},{"time":1,"x":-240.59,"y":94.51},{"time":1.1666,"x":-458.1,"y":94.51},{"time":1.2666,"x":-481.62,"y":106.66}],"scale":[{"time":0.8333,"x":0.84,"y":1.026},{"time":1,"x":2.06,"y":1.026},{"time":1.1666,"x":4.175,"y":1.026},{"time":1.2666,"x":4.467,"y":1.026}]}},"events":[{"time":0,"name":"Event","string":"runSkillEffect"},{"time":0.1666,"name":"Sound1","string":"cri_se_battle_arrow_light_effect"},{"time":0.4333,"name":"Voice","string":"cri_106_voice_skill_all"},{"time":0.7333,"name":"Event","float":0.12,"string":"kHitStopType_normal"},{"time":0.7666,"name":"Event","string":"setHitBackEnemy(40,0)"},{"time":0.8,"name":"Event","string":"setHitBack(20,0)"},{"time":0.8333,"name":"Sound1","string":"cri_se_battle_032_explosion_04"},{"time":0.8333,"name":"Sound2","string":"setHitSound(se_battle_explosion_short)"},{"time":0.8333,"name":"Sound3","string":"cri_se_battle_monster_hit"},{"time":0.8333,"name":"View","float":0.66,"string":"shakeGround_Loop"},{"time":0.8666,"name":"Event","float":0.05,"string":"kHitStopType_enemyonly"},{"time":0.9,"name":"Event","string":"setHitBack(0,0)"},{"time":0.9,"name":"Hit","string":"resetHitList"},{"time":0.9666,"name":"Hit","string":"resetHitList"},{"time":0.9666,"name":"Sound3","string":"cri_se_battle_monster_hit"},{"time":1.0333,"name":"Hit","string":"resetHitList"},{"time":1.1,"name":"Hit","string":"resetHitList"},{"time":1.1,"name":"Sound3","string":"cri_se_battle_monster_hit"},{"time":1.1333,"name":"Event","string":"setHitBackEnemy(0,0)"},{"time":1.1666,"name":"Event","string":"kImpactType_down"},{"time":1.1666,"name":"Hit","string":"resetHitList"},{"time":1.2333,"name":"Hit","string":"resetHitList"}]},"skill2":{"slots":{"DAMAGEAREA":{"attachment":[{"time":1.7666,"name":"DAMAGEAREA"},{"time":1.9333,"name":null},{"time":2.7,"name":"DAMAGEAREA"},{"time":2.8666,"name":null},{"time":3.5666,"name":"DAMAGEAREA"},{"time":4.0333,"name":null}]},"EF/5140_S2_wave1/5140_S2_wave1_00002":{"attachment":[{"time":0,"name":"EF/5140_S2_wave1/5140_S2_wave1_00002"},{"time":0.0333,"name":"EF/5140_S2_wave1/5140_S2_wave1_00003"},{"time":0.0666,"name":"EF/5140_S2_wave1/5140_S2_wave1_00004"},{"time":0.1,"name":"EF/5140_S2_wave1/5140_S2_wave1_00005"},{"time":0.1333,"name":"EF/5140_S2_wave1/5140_S2_wave1_00006"},{"time":0.1666,"name":"EF/5140_S2_wave1/5140_S2_wave1_00007"},{"time":0.2,"name":"EF/5140_S2_wave1/5140_S2_wave1_00008"},{"time":0.2333,"name":"EF/5140_S2_wave1/5140_S2_wave1_00009"},{"time":0.4,"name":"EF/5140_S2_wave1/5140_S2_wave1_00002"},{"time":0.4333,"name":"EF/5140_S2_wave1/5140_S2_wave1_00003"},{"time":0.4666,"name":"EF/5140_S2_wave1/5140_S2_wave1_00004"},{"time":0.5,"name":"EF/5140_S2_wave1/5140_S2_wave1_00005"},{"time":0.5333,"name":"EF/5140_S2_wave1/5140_S2_wave1_00006"},{"time":0.5666,"name":"EF/5140_S2_wave1/5140_S2_wave1_00007"},{"time":0.6,"name":"EF/5140_S2_wave1/5140_S2_wave1_00008"},{"time":0.6333,"name":"EF/5140_S2_wave1/5140_S2_wave1_00009"},{"time":1.7,"name":"EF/5140_S2_wave1/5140_S2_wave1_00002"},{"time":1.7333,"name":"EF/5140_S2_wave1/5140_S2_wave1_00003"},{"time":1.7666,"name":"EF/5140_S2_wave1/5140_S2_wave1_00004"},{"time":1.8,"name":"EF/5140_S2_wave1/5140_S2_wave1_00005"},{"time":1.8333,"name":"EF/5140_S2_wave1/5140_S2_wave1_00006"},{"time":1.8666,"name":"EF/5140_S2_wave1/5140_S2_wave1_00007"},{"time":1.9,"name":"EF/5140_S2_wave1/5140_S2_wave1_00008"},{"time":1.9333,"name":"EF/5140_S2_wave1/5140_S2_wave1_00009"},{"time":2.3333,"name":"EF/5140_S2_wave1/5140_S2_wave1_00002"},{"time":2.3666,"name":"EF/5140_S2_wave1/5140_S2_wave1_00003"},{"time":2.4,"name":"EF/5140_S2_wave1/5140_S2_wave1_00004"},{"time":2.4333,"name":"EF/5140_S2_wave1/5140_S2_wave1_00005"},{"time":2.4666,"name":"EF/5140_S2_wave1/5140_S2_wave1_00006"},{"time":2.5,"name":"EF/5140_S2_wave1/5140_S2_wave1_00007"},{"time":2.5333,"name":"EF/5140_S2_wave1/5140_S2_wave1_00008"},{"time":2.5666,"name":"EF/5140_S2_wave1/5140_S2_wave1_00009"},{"time":2.6,"name":null},{"time":2.8,"name":"EF/5140_S2_wave1/5140_S2_wave1_00002"},{"time":2.8333,"name":"EF/5140_S2_wave1/5140_S2_wave1_00003"},{"time":2.8666,"name":"EF/5140_S2_wave1/5140_S2_wave1_00004"},{"time":2.9,"name":"EF/5140_S2_wave1/5140_S2_wave1_00005"},{"time":2.9333,"name":"EF/5140_S2_wave1/5140_S2_wave1_00006"},{"time":2.9666,"name":"EF/5140_S2_wave1/5140_S2_wave1_00007"},{"time":3,"name":"EF/5140_S2_wave1/5140_S2_wave1_00008"},{"time":3.0333,"name":"EF/5140_S2_wave1/5140_S2_wave1_00009"},{"time":3.5666,"name":"EF/5140_S2_wave1/5140_S2_wave1_00002"},{"time":3.6,"name":"EF/5140_S2_wave1/5140_S2_wave1_00003"},{"time":3.6333,"name":"EF/5140_S2_wave1/5140_S2_wave1_00004"},{"time":3.6666,"name":"EF/5140_S2_wave1/5140_S2_wave1_00005"},{"time":3.7,"name":"EF/5140_S2_wave1/5140_S2_wave1_00006"},{"time":3.7333,"name":"EF/5140_S2_wave1/5140_S2_wave1_00007"},{"time":3.7666,"name":"EF/5140_S2_wave1/5140_S2_wave1_00008"},{"time":3.8,"name":"EF/5140_S2_wave1/5140_S2_wave1_00009"}],"color":[{"time":0,"color":"ffffff00"},{"time":0.1,"color":"ffffffff","curve":"stepped"},{"time":0.2333,"color":"ffffffff"},{"time":0.3333,"color":"ffffff00","curve":"stepped"},{"time":0.4,"color":"ffffffff","curve":"stepped"},{"time":0.6333,"color":"ffffffff"},{"time":0.7333,"color":"ffffff00","curve":"stepped"},{"time":1.7,"color":"ffffffff","curve":"stepped"},{"time":1.9333,"color":"ffffffff"},{"time":2,"color":"ffffff00","curve":"stepped"},{"time":2.3333,"color":"ffffffff","curve":"stepped"},{"time":2.8,"color":"ffffffff","curve":"stepped"},{"time":3.0333,"color":"ffffffff"},{"time":3.1333,"color":"ffffff00","curve":"stepped"},{"time":3.5666,"color":"ffffffff","curve":"stepped"},{"time":3.8,"color":"ffffffff"},{"time":3.8666,"color":"ffffff00"}]},"EF/5140_S2_wave1/5140_S2_wave1_2":{"attachment":[{"time":0.7333,"name":"EF/5140_S2_wave1/5140_S2_wave1_00002"},{"time":0.7666,"name":"EF/5140_S2_wave1/5140_S2_wave1_00003"},{"time":0.8,"name":"EF/5140_S2_wave1/5140_S2_wave1_00004"},{"time":0.8333,"name":"EF/5140_S2_wave1/5140_S2_wave1_00005"},{"time":0.8666,"name":"EF/5140_S2_wave1/5140_S2_wave1_00006"},{"time":0.9,"name":"EF/5140_S2_wave1/5140_S2_wave1_00007"},{"time":0.9333,"name":"EF/5140_S2_wave1/5140_S2_wave1_00008"},{"time":0.9666,"name":"EF/5140_S2_wave1/5140_S2_wave1_00009"},{"time":1.2,"name":"EF/5140_S2_wave1/5140_S2_wave1_00002"},{"time":1.2333,"name":"EF/5140_S2_wave1/5140_S2_wave1_00003"},{"time":1.2666,"name":"EF/5140_S2_wave1/5140_S2_wave1_00004"},{"time":1.3,"name":"EF/5140_S2_wave1/5140_S2_wave1_00005"},{"time":1.3333,"name":"EF/5140_S2_wave1/5140_S2_wave1_00006"},{"time":1.3666,"name":"EF/5140_S2_wave1/5140_S2_wave1_00007"},{"time":1.4,"name":"EF/5140_S2_wave1/5140_S2_wave1_00008"},{"time":1.4333,"name":"EF/5140_S2_wave1/5140_S2_wave1_00009"}],"color":[{"time":0.9666,"color":"ffffffff"},{"time":1.0666,"color":"ffffff00","curve":"stepped"},{"time":1.2,"color":"ffffffff","curve":"stepped"},{"time":1.4333,"color":"ffffffff"},{"time":1.5333,"color":"ffffff00"}]},"EF/5140_S2_wave1/5140_S2_wave1_3":{"attachment":[{"time":0.9666,"name":"EF/5140_S2_wave1/5140_S2_wave1_00002"},{"time":1,"name":"EF/5140_S2_wave1/5140_S2_wave1_00003"},{"time":1.0333,"name":"EF/5140_S2_wave1/5140_S2_wave1_00004"},{"time":1.0666,"name":"EF/5140_S2_wave1/5140_S2_wave1_00005"},{"time":1.1,"name":"EF/5140_S2_wave1/5140_S2_wave1_00006"},{"time":1.1333,"name":"EF/5140_S2_wave1/5140_S2_wave1_00007"},{"time":1.1666,"name":"EF/5140_S2_wave1/5140_S2_wave1_00008"},{"time":1.2,"name":"EF/5140_S2_wave1/5140_S2_wave1_00009"}],"color":[{"time":1.2,"color":"ffffffff"},{"time":1.3,"color":"ffffff00"}]},"EF/5140_S2_wave2/610_S1_wave1_0":{"attachment":[{"time":3.6333,"name":"EF/5140_S2_wave2/610_S1_wave1_00002"},{"time":3.6666,"name":"EF/5140_S2_wave2/610_S1_wave1_00003"},{"time":3.7,"name":"EF/5140_S2_wave2/610_S1_wave1_00004"},{"time":3.7333,"name":"EF/5140_S2_wave2/610_S1_wave1_00005"},{"time":3.7666,"name":"EF/5140_S2_wave2/610_S1_wave1_00006"},{"time":3.8,"name":"EF/5140_S2_wave2/610_S1_wave1_00007"},{"time":3.8333,"name":"EF/5140_S2_wave2/610_S1_wave1_00008"},{"time":3.8666,"name":"EF/5140_S2_wave2/610_S1_wave1_00009"},{"time":3.9,"name":null}]},"EF/5140_S2_wave2/610_S1_wave1_00000":{"attachment":[{"time":3.5666,"name":"EF/5140_S2_wave2/610_S1_wave1_00002"},{"time":3.6,"name":"EF/5140_S2_wave2/610_S1_wave1_00003"},{"time":3.6333,"name":"EF/5140_S2_wave2/610_S1_wave1_00004"},{"time":3.6666,"name":"EF/5140_S2_wave2/610_S1_wave1_00005"},{"time":3.7,"name":"EF/5140_S2_wave2/610_S1_wave1_00006"},{"time":3.7333,"name":"EF/5140_S2_wave2/610_S1_wave1_00007"},{"time":3.7666,"name":"EF/5140_S2_wave2/610_S1_wave1_00008"},{"time":3.8,"name":"EF/5140_S2_wave2/610_S1_wave1_00009"},{"time":3.8333,"name":null}]},"EF/5140_S2_wave2/610_S1_wave1_1":{"attachment":[{"time":3.7,"name":"EF/5140_S2_wave2/610_S1_wave1_00002"},{"time":3.7333,"name":"EF/5140_S2_wave2/610_S1_wave1_00003"},{"time":3.7666,"name":"EF/5140_S2_wave2/610_S1_wave1_00004"},{"time":3.8,"name":"EF/5140_S2_wave2/610_S1_wave1_00005"},{"time":3.8333,"name":"EF/5140_S2_wave2/610_S1_wave1_00006"},{"time":3.8666,"name":"EF/5140_S2_wave2/610_S1_wave1_00007"},{"time":3.9,"name":"EF/5140_S2_wave2/610_S1_wave1_00008"},{"time":3.9333,"name":"EF/5140_S2_wave2/610_S1_wave1_00009"},{"time":3.9666,"name":null}]},"EF/5140_S2_wave2/610_S1_wave1_2":{"attachment":[{"time":3.7666,"name":"EF/5140_S2_wave2/610_S1_wave1_00002"},{"time":3.8,"name":"EF/5140_S2_wave2/610_S1_wave1_00003"},{"time":3.8333,"name":"EF/5140_S2_wave2/610_S1_wave1_00004"},{"time":3.8666,"name":"EF/5140_S2_wave2/610_S1_wave1_00005"},{"time":3.9,"name":"EF/5140_S2_wave2/610_S1_wave1_00006"},{"time":3.9333,"name":"EF/5140_S2_wave2/610_S1_wave1_00007"},{"time":3.9666,"name":"EF/5140_S2_wave2/610_S1_wave1_00008"},{"time":4,"name":"EF/5140_S2_wave2/610_S1_wave1_00009"},{"time":4.0333,"name":null}]},"EF/5140_S2_wave2/610_S1_wave1_3":{"attachment":[{"time":3.8333,"name":"EF/5140_S2_wave2/610_S1_wave1_00002"},{"time":3.8666,"name":"EF/5140_S2_wave2/610_S1_wave1_00003"},{"time":3.9,"name":"EF/5140_S2_wave2/610_S1_wave1_00004"},{"time":3.9333,"name":"EF/5140_S2_wave2/610_S1_wave1_00005"},{"time":3.9666,"name":"EF/5140_S2_wave2/610_S1_wave1_00006"},{"time":4,"name":"EF/5140_S2_wave2/610_S1_wave1_00007"},{"time":4.0333,"name":"EF/5140_S2_wave2/610_S1_wave1_00008"},{"time":4.0666,"name":"EF/5140_S2_wave2/610_S1_wave1_00009"},{"time":4.1,"name":null}]},"MAIN":{"attachment":[{"time":0,"name":"attack1_00"},{"time":0.2333,"name":"attack1_01"},{"time":0.8,"name":"attack1_02"},{"time":1.7,"name":"attack1_03"},{"time":1.7666,"name":"attack1_04"},{"time":1.8,"name":"attack1_07"},{"time":1.9,"name":"attack1_06"},{"time":2,"name":"attack1_05"},{"time":2.0666,"name":"attack3_00"},{"time":2.1333,"name":"attack3_01"},{"time":2.2333,"name":"attack3_02"},{"time":2.3333,"name":"attack3_03"},{"time":2.5333,"name":"attack3_04"},{"time":2.7,"name":"attack3_07"},{"time":2.7333,"name":"attack3_06"},{"time":2.7666,"name":"attack3_05"},{"time":2.8,"name":"attack3_08"},{"time":2.8666,"name":"attack3_02"},{"time":3,"name":"attack3_01"},{"time":3.1,"name":"combo_01"},{"time":3.1666,"name":"attack2_00"},{"time":3.2333,"name":"attack2_01"},{"time":3.3333,"name":"attack2_02"},{"time":3.5666,"name":"attack2_03"},{"time":3.6,"name":"attack2_04"},{"time":3.7,"name":"attack2_05"},{"time":3.8333,"name":"attack2_06"}]}},"bones":{"MAIN":{"translate":[{"time":0,"x":0,"y":0,"curve":"stepped"},{"time":1.7,"x":-45,"y":0,"curve":[0.156,1,0.383,1]},{"time":1.8,"x":-150,"y":0,"curve":[0.177,0.31,0.75,1]},{"time":2,"x":-160,"y":0,"curve":"stepped"},{"time":2.3333,"x":-160,"y":53.45,"curve":[0.116,0.6,0.614,0.96]},{"time":2.5,"x":-160,"y":203.64,"curve":[0.124,0.25,0.758,0.93]},{"time":2.6666,"x":-160,"y":225.46},{"time":2.7,"x":-170,"y":18.72,"curve":[0.19,0,0.595,0.35]},{"time":2.7333,"x":-170,"y":6.37,"curve":[0.406,0.23,0.812,0.57]},{"time":2.7666,"x":-170,"y":-5.33,"curve":"stepped"},{"time":2.8,"x":-192.18,"y":-14.94,"curve":"stepped"},{"time":2.8666,"x":-203.83,"y":0}]},"S_wave1":{"translate":[{"time":0,"x":-554.19,"y":523.6,"curve":"stepped"},{"time":1.7,"x":-535.47,"y":532.74,"curve":"stepped"},{"time":2.3333,"x":-705.72,"y":530.37,"curve":"stepped"},{"time":2.8,"x":-927.04,"y":535.5,"curve":"stepped"},{"time":3.5666,"x":-686.12,"y":529.16}],"scale":[{"time":0.2333,"x":1,"y":1,"curve":[0.25,0,0.75,1]},{"time":0.3333,"x":1.152,"y":1.152,"curve":"stepped"},{"time":0.4,"x":1.253,"y":1.253,"curve":"stepped"},{"time":0.6333,"x":1.253,"y":1.253,"curve":[0.25,0,0.75,1]},{"time":0.7333,"x":1.404,"y":1.404,"curve":"stepped"},{"time":1.7,"x":1.253,"y":1.253,"curve":"stepped"},{"time":1.9333,"x":1.253,"y":1.253,"curve":"stepped"},{"time":2,"x":1.354,"y":1.354,"curve":"stepped"},{"time":2.3333,"x":0.753,"y":0.753,"curve":"stepped"},{"time":2.8,"x":2.155,"y":2.155,"curve":"stepped"},{"time":3.0333,"x":2.155,"y":2.155},{"time":3.1333,"x":2.405,"y":2.405,"curve":"stepped"},{"time":3.5666,"x":1.253,"y":1.253,"curve":"stepped"},{"time":3.8,"x":1.253,"y":1.253,"curve":"stepped"},{"time":3.8666,"x":1.354,"y":1.354}]},"S_wave2":{"translate":[{"time":0.7333,"x":-557.48,"y":577.87}],"scale":[{"time":0.7333,"x":1.502,"y":1.502,"curve":"stepped"},{"time":0.9666,"x":1.502,"y":1.502},{"time":1.0666,"x":1.654,"y":1.654,"curve":"stepped"},{"time":1.2,"x":2.004,"y":2.004,"curve":"stepped"},{"time":1.4333,"x":2.004,"y":2.004},{"time":1.5333,"x":2.155,"y":2.155}]},"S_wave3":{"translate":[{"time":0.9666,"x":-556.37,"y":640.99}],"scale":[{"time":0.9666,"x":1.756,"y":1.756,"curve":"stepped"},{"time":1.2,"x":1.756,"y":1.756},{"time":1.3,"x":1.904,"y":1.904}]},"S_B_waveB2":{"translate":[{"time":3.6333,"x":-1163.58,"y":580.49}],"scale":[{"time":3.6333,"x":1.497,"y":1.497}]},"S_B_waveB1":{"translate":[{"time":3.5666,"x":-1025.67,"y":527.62}],"scale":[{"time":3.5666,"x":1.497,"y":1.497}]},"S_B_waveB5":{"translate":[{"time":3.8333,"x":-1566.4,"y":746.56}],"scale":[{"time":3.8333,"x":1.498,"y":1.498}]},"S_B_waveB4":{"translate":[{"time":3.7666,"x":-1416.27,"y":694.68}],"scale":[{"time":3.7666,"x":1.497,"y":1.497}]},"S_B_waveB3":{"translate":[{"time":3.7,"x":-1275.17,"y":643.44}],"scale":[{"time":3.7,"x":1.497,"y":1.497}]},"DAMAGEAREA":{"translate":[{"time":1.7666,"x":-212.39,"y":60.58,"curve":"stepped"},{"time":2.7,"x":-338.61,"y":60.58},{"time":2.7666,"x":-372.31,"y":128,"curve":"stepped"},{"time":3.5666,"x":-321.42,"y":94.51},{"time":3.9,"x":-617.95,"y":94.51},{"time":4,"x":-651.09,"y":94.51,"curve":"stepped"},{"time":4.4666,"x":-651.09,"y":94.51}],"scale":[{"time":1.7666,"x":2.116,"y":0.612,"curve":"stepped"},{"time":2.7,"x":1.536,"y":0.612},{"time":2.7666,"x":1.545,"y":1.377,"curve":"stepped"},{"time":3.5666,"x":0.84,"y":1.026},{"time":3.9,"x":3.935,"y":1.026},{"time":4,"x":4.36,"y":1.026}]}},"events":[{"time":0.0333,"name":"Sound1","string":"cri_se_battle_charge_long"},{"time":0.0333,"name":"Sound2","string":"cri_se_battle_arrow_light_effect"},{"time":0.1,"name":"Event","float":1.4,"string":"shakeGround_Loop"},{"time":0.1333,"name":"Event","int":150,"string":"kImpactType_knock"},{"time":0.2,"name":"Event","int":1,"float":1,"string":"setForceImpact(1)"},{"time":0.2333,"name":"Voice","string":"cri_106_voice_fullarts_now"},{"time":0.3,"name":"Event","string":"setHitBack(20,0)"},{"time":0.4,"name":"Sound2","string":"cri_se_battle_arrow_light_effect"},{"time":0.7333,"name":"Sound2","string":"cri_se_battle_arrow_light_effect"},{"time":0.9666,"name":"Sound2","string":"cri_se_battle_arrow_light_effect"},{"time":1.2,"name":"Sound2","string":"cri_se_battle_arrow_light_effect"},{"time":1.7,"name":"Event","float":0.06,"string":"kHitStopType_normal"},{"time":1.7,"name":"Sound1","string":"cri_se_battle_033_explosion_element_01"},{"time":1.7,"name":"Sound2","string":"cri_se_battle_skill_dash_ef"},{"time":1.7666,"name":"Event","string":"shakeGround"},{"time":1.7666,"name":"Sound2","string":"setHitSound(se_battle_explosion_short)"},{"time":1.8333,"name":"Hit","string":"resetHitList"},{"time":1.9,"name":"Hit","string":"resetHitList"},{"time":2,"name":"Event","string":"setHitBack(0,0)"},{"time":2.0666,"name":"Event","string":"setForceImpact(0)"},{"time":2.1333,"name":"Event","string":"kImpactType_normal"},{"time":2.3333,"name":"Sound2","string":"cri_se_battle_jump"},{"time":2.6333,"name":"Event","float":0.06,"string":"kHitStopType_normal"},{"time":2.6666,"name":"Event","string":"setHitBackEnemy(0,20)"},{"time":2.7,"name":"Event","string":"shakeGround"},{"time":2.7,"name":"Hit","string":"resetHitList"},{"time":2.7,"name":"Sound1","string":"cri_se_battle_monster_hit"},{"time":2.7,"name":"Sound2","string":"setHitSound(se_battle_explosion_short)"},{"time":2.7,"name":"Sound3","string":"cri_se_battle_033_explosion_element_01"},{"time":2.7666,"name":"Hit","string":"resetHitList"},{"time":2.8333,"name":"Hit","string":"resetHitList"},{"time":3.2333,"name":"Voice","string":"cri_106_voice_fullarts_rank4"},{"time":3.5,"name":"Event","string":"setHitBack(20,0)"},{"time":3.5333,"name":"Event","string":"setHitBackEnemy(20,0)"},{"time":3.5666,"name":"Event2","string":"shakeGround"},{"time":3.5666,"name":"Hit","string":"resetHitList"},{"time":3.5666,"name":"Sound1","string":"cri_se_battle_monster_hit"},{"time":3.5666,"name":"Sound2","string":"cri_se_battle_032_explosion_04"},{"time":3.5666,"name":"Sound3","string":"setHitSound(se_battle_explosion_short)"},{"time":3.5666,"name":"View","float":0.66,"string":"shakeGround_Loop"},{"time":3.6,"name":"Event","float":0.2,"string":"kHitStopType_normal"},{"time":3.6333,"name":"Hit","string":"resetHitList"},{"time":3.6666,"name":"Event","string":"setHitBack(0,0)"},{"time":3.7,"name":"Event","float":0.05,"string":"kHitStopType_enemyonly"},{"time":3.7,"name":"Hit","string":"resetHitList"},{"time":3.7,"name":"Sound1","string":"cri_se_battle_monster_hit"},{"time":3.7666,"name":"Hit","string":"resetHitList"},{"time":3.8333,"name":"Hit","string":"resetHitList"},{"time":3.8333,"name":"Sound1","string":"cri_se_battle_monster_hit"},{"time":3.8666,"name":"Event","string":"setHitBackEnemy(0,0)"},{"time":3.9,"name":"Event","string":"kImpactType_down"},{"time":3.9,"name":"Hit","string":"resetHitList"},{"time":3.9666,"name":"Hit","string":"resetHitList"}]},"skill3":{"slots":{"DAMAGEAREA":{"attachment":[{"time":0.6,"name":"DAMAGEAREA"},{"time":0.7666,"name":null},{"time":1.7333,"name":"DAMAGEAREA"},{"time":1.9,"name":null}]},"EF/5140_S1A_wave1/5140_S1A_wave1_00003":{"attachment":[{"time":0.1666,"name":"EF/5140_S1A_wave1/5140_S1A_wave1_00003"},{"time":0.2,"name":"EF/5140_S1A_wave1/5140_S1A_wave1_00004"},{"time":0.2333,"name":"EF/5140_S1A_wave1/5140_S1A_wave1_00005"},{"time":0.2666,"name":"EF/5140_S1A_wave1/5140_S1A_wave1_00006"},{"time":0.3,"name":"EF/5140_S1A_wave1/5140_S1A_wave1_00007"},{"time":0.3333,"name":"EF/5140_S1A_wave1/5140_S1A_wave1_00008"},{"time":0.3666,"name":"EF/5140_S1A_wave1/5140_S1A_wave1_00010"},{"time":0.4,"name":"EF/5140_S1A_wave1/5140_S1A_wave1_00011"}],"color":[{"time":0.4,"color":"ffffffff"},{"time":0.5,"color":"ffffff00"}]},"EF/5140_S2_wave1/5140_S2_wave1_00002":{"attachment":[{"time":0.5333,"name":"EF/5140_S2_wave1/5140_S2_wave1_00003"},{"time":0.5666,"name":"EF/5140_S2_wave1/5140_S2_wave1_00004"},{"time":0.6,"name":"EF/5140_S2_wave1/5140_S2_wave1_00005"},{"time":0.6333,"name":"EF/5140_S2_wave1/5140_S2_wave1_00006"},{"time":0.6666,"name":"EF/5140_S2_wave1/5140_S2_wave1_00007"},{"time":0.7,"name":"EF/5140_S2_wave1/5140_S2_wave1_00008"},{"time":0.7333,"name":"EF/5140_S2_wave1/5140_S2_wave1_00009"},{"time":0.7666,"name":null},{"time":1.3333,"name":"EF/5140_S2_wave1/5140_S2_wave1_00002"},{"time":1.3666,"name":"EF/5140_S2_wave1/5140_S2_wave1_00003"},{"time":1.4,"name":"EF/5140_S2_wave1/5140_S2_wave1_00004"},{"time":1.4333,"name":"EF/5140_S2_wave1/5140_S2_wave1_00005"},{"time":1.4666,"name":"EF/5140_S2_wave1/5140_S2_wave1_00006"},{"time":1.5,"name":"EF/5140_S2_wave1/5140_S2_wave1_00007"},{"time":1.5333,"name":"EF/5140_S2_wave1/5140_S2_wave1_00008"},{"time":1.5666,"name":"EF/5140_S2_wave1/5140_S2_wave1_00009"},{"time":1.6,"name":null},{"time":1.7333,"name":"EF/5140_S2_wave1/5140_S2_wave1_00002"},{"time":1.7666,"name":"EF/5140_S2_wave1/5140_S2_wave1_00003"},{"time":1.8,"name":"EF/5140_S2_wave1/5140_S2_wave1_00004"},{"time":1.8333,"name":"EF/5140_S2_wave1/5140_S2_wave1_00005"},{"time":1.8666,"name":"EF/5140_S2_wave1/5140_S2_wave1_00006"},{"time":1.9,"name":"EF/5140_S2_wave1/5140_S2_wave1_00007"},{"time":1.9333,"name":"EF/5140_S2_wave1/5140_S2_wave1_00008"},{"time":1.9666,"name":"EF/5140_S2_wave1/5140_S2_wave1_00009"}],"color":[{"time":1.9666,"color":"ffffffff"},{"time":2.0666,"color":"ffffff00"}]},"MAIN":{"attachment":[{"time":0,"name":"attack1_00"},{"time":0.0666,"name":"attack1_01"},{"time":0.1666,"name":"attack1_02"},{"time":0.5333,"name":"attack1_03"},{"time":0.6,"name":"attack1_04"},{"time":0.6333,"name":"attack1_07"},{"time":0.7333,"name":"attack1_06"},{"time":0.8333,"name":"attack1_05"},{"time":0.9333,"name":"attack3_00"},{"time":1.0333,"name":"attack3_01"},{"time":1.1666,"name":"attack3_02"},{"time":1.3333,"name":"attack3_03"},{"time":1.5333,"name":"attack3_04"},{"time":1.7333,"name":"attack3_07"},{"time":1.7666,"name":"attack3_06"},{"time":1.8,"name":"attack3_05"},{"time":1.8333,"name":"attack3_08"},{"time":1.9,"name":"attack3_02"},{"time":2.0333,"name":"attack3_01"}]}},"bones":{"MAIN":{"translate":[{"time":0,"x":0,"y":0,"curve":"stepped"},{"time":0.5333,"x":-45,"y":0,"curve":[0.156,1,0.383,1]},{"time":0.6333,"x":-150,"y":0,"curve":[0.177,0.31,0.75,1]},{"time":0.8333,"x":-160,"y":0,"curve":"stepped"},{"time":1.3333,"x":-160,"y":53.45,"curve":[0.116,0.6,0.614,0.96]},{"time":1.5,"x":-160,"y":203.64,"curve":[0.124,0.25,0.758,0.93]},{"time":1.7,"x":-160,"y":225.46},{"time":1.7333,"x":-170,"y":18.72,"curve":[0.19,0,0.595,0.35]},{"time":1.7666,"x":-170,"y":6.37,"curve":[0.406,0.23,0.812,0.57]},{"time":1.8,"x":-170,"y":-5.33,"curve":"stepped"},{"time":1.8333,"x":-192.18,"y":-14.94,"curve":"stepped"},{"time":1.9,"x":-203.83,"y":0}]},"S_wave1":{"translate":[{"time":0.5333,"x":-500.93,"y":535.69,"curve":"stepped"},{"time":1.3333,"x":-705.72,"y":530.37,"curve":"stepped"},{"time":1.7333,"x":-894.62,"y":535.5}],"scale":[{"time":0.5333,"x":1.503,"y":1.503,"curve":"stepped"},{"time":1.3333,"x":0.753,"y":0.753,"curve":"stepped"},{"time":1.7333,"x":2.004,"y":2.004,"curve":"stepped"},{"time":1.9666,"x":2.004,"y":2.004},{"time":2.0666,"x":2.255,"y":2.255}]},"S1_A_wave1":{"translate":[{"time":0.1666,"x":-279.92,"y":526.67}],"scale":[{"time":0.1666,"x":1.252,"y":1.252,"curve":"stepped"},{"time":0.4,"x":1.252,"y":1.252},{"time":0.5,"x":1.451,"y":1.451}]},"DAMAGEAREA":{"translate":[{"time":0.6,"x":-196,"y":42.71,"curve":"stepped"},{"time":1.7333,"x":-321.92,"y":45.59},{"time":1.8,"x":-324.53,"y":115.96}],"scale":[{"time":0.6,"x":1.962,"y":0.426,"curve":"stepped"},{"time":1.7333,"x":1.344,"y":0.518},{"time":1.8,"x":1.503,"y":1.317}]}},"events":[{"time":0,"name":"Event","string":"runSkillEffect"},{"time":0.1666,"name":"Sound1","string":"cri_se_battle_arrow_light_effect"},{"time":0.5333,"name":"Sound1","string":"cri_se_battle_skill_dash_ef"},{"time":0.5333,"name":"Sound2","string":"cri_se_battle_033_explosion_element_01"},{"time":0.5666,"name":"Event","float":0.08,"string":"kHitStopType_normal"},{"time":0.6,"name":"Sound1","string":"setHitSound(se_battle_explosion_short)"},{"time":0.6666,"name":"Hit","string":"resetHitList"},{"time":1.3333,"name":"Sound1","string":"cri_se_battle_jump"},{"time":1.3333,"name":"Voice","string":"cri_106_voice_skill_all"},{"time":1.7,"name":"Event","float":0.06,"string":"kHitStopType_normal"},{"time":1.7333,"name":"Hit","string":"resetHitList"},{"time":1.7333,"name":"Sound1","string":"cri_se_battle_monster_hit"},{"time":1.7333,"name":"Sound2","string":"setHitSound(se_battle_explosion_short)"},{"time":1.7333,"name":"Sound3","string":"cri_se_battle_033_explosion_element_01"},{"time":1.7333,"name":"View","string":"shakeGround"},{"time":1.8,"name":"Hit","string":"resetHitList"},{"time":1.8666,"name":"Event","string":"kImpactType_up"},{"time":1.8666,"name":"Hit","string":"resetHitList"}]}}}