{"skeleton":{"hash":"NK69XZV1182jT1Fg+4zxv5b7IaE","spine":"3.0.12","width":0,"height":0,"images":"./../ID100_クライド/images/"},"bones":[{"name":"root"},{"name":"MAIN","parent":"root","y":41.1},{"name":"DAMAGEAREA","parent":"root"}],"slots":[{"name":"MAIN","bone":"MAIN","attachment":"idle_00"},{"name":"DAMAGEAREA","bone":"DAMAGEAREA"}],"skins":{"default":{"DAMAGEAREA":{"DAMAGEAREA":{"type":"boundingbox","vertices":[97.85991,-98.54654,98.67491,98.68336,-98.55502,98.68336,-101,-94.47153,0,0,0,0,0,0,0,0]}},"MAIN":{"idle_00":{"y":119.01,"width":600,"height":500},"idle_01":{"y":119.01,"width":600,"height":500},"idle_02":{"y":119.01,"width":600,"height":500},"idle_03":{"y":119.01,"width":600,"height":500},"idle_04":{"y":119.01,"width":600,"height":500}}}},"events":{"Event":{},"Hit":{},"Sound":{},"Sound_2":{},"Sound_3":{},"Sound_4":{},"Voice":{}},"animations":{"idle":{"slots":{"MAIN":{"attachment":[{"time":0,"name":"idle_00"},{"time":0.1666,"name":"idle_01"},{"time":0.3333,"name":"idle_02"},{"time":0.5,"name":"idle_03"},{"time":0.6666,"name":"idle_04"},{"time":0.8333,"name":"idle_00"}]}},"bones":{"MAIN":{"translate":[{"time":0,"x":0,"y":0}]}}}}}