{"skeleton":{"hash":"TUm3WK6kLmO9aUZP5nGKiluQqeE","spine":"3.0.12","width":760,"height":560},"bones":[{"name":"root"},{"name":"body_main","parent":"root","y":150.1,"scaleX":2.5,"scaleY":2.5},{"name":"SHADOW-OFFSET","parent":"root","scaleX":1.5},{"name":"MAIN","parent":"root","y":150},{"name":"HITBOX","parent":"MAIN","y":-43.39,"scaleY":1.711},{"name":"DAMAGEAREA","parent":"root"}],"slots":[{"name":"MAIN","bone":"body_main","attachment":"ryu/kof98000"},{"name":"EF_ninpou","bone":"body_main"},{"name":"EF_houou-2","bone":"body_main"},{"name":"EF_houou","bone":"body_main"},{"name":"EF_ryuenbu","bone":"body_main"},{"name":"DAMAGEAREA","bone":"DAMAGEAREA"},{"name":"HITBOX","bone":"HITBOX","attachment":"HITBOX"}],"skins":{"default":{"DAMAGEAREA":{"DAMAGEAREA":{"type":"boundingbox","vertices":[-64.31582,-65.39882,63.93119,-64.74783,63.93119,65.45218,-64.31582,65.45218]}},"EF_houou":{"houou/kof98110-2":{"x":84.94,"y":38.48,"width":304,"height":250},"houou/kof98112-2":{"x":84.94,"y":38.48,"width":304,"height":250},"houou/kof98114-2":{"x":84.94,"y":38.48,"width":304,"height":250},"houou/kof98116-2":{"x":84.94,"y":38.48,"width":304,"height":250},"houou/kof98118-2":{"x":84.94,"y":38.48,"width":304,"height":250},"houou/kof98120-2":{"x":84.94,"y":38.48,"width":304,"height":250},"houou/kof98122-2":{"x":84.94,"y":38.48,"width":304,"height":250},"houou/kof98124-2":{"x":84.94,"y":38.48,"width":304,"height":250},"houou/kof98126-2":{"x":84.94,"y":38.48,"width":304,"height":250},"houou/kof98128-2":{"x":84.94,"y":38.48,"width":304,"height":250},"houou/kof98130-2":{"x":84.94,"y":38.48,"width":304,"height":250},"houou/kof98132-2":{"x":84.94,"y":38.48,"width":304,"height":250},"houou/kof98134-2":{"x":84.94,"y":38.48,"width":304,"height":250},"houou/kof98136-2":{"x":84.94,"y":38.48,"width":304,"height":250},"houou/kof98138-2":{"x":84.94,"y":38.48,"width":304,"height":250},"houou/kof98140-2":{"x":84.94,"y":38.48,"width":304,"height":250},"houou/kof98142-2":{"x":84.94,"y":38.48,"width":304,"height":250},"houou/kof98144-2":{"x":84.94,"y":38.48,"width":304,"height":250},"houou/kof98146-2":{"x":84.94,"y":38.48,"width":304,"height":250},"houou/kof98148-2":{"x":84.94,"y":38.48,"width":304,"height":250},"houou/kof98150-2":{"x":84.94,"y":38.48,"width":304,"height":250},"houou/kof98152-2":{"x":84.94,"y":38.48,"width":304,"height":250},"houou/kof98154-2":{"x":84.94,"y":38.48,"width":304,"height":250},"houou/kof98156-2":{"x":84.94,"y":38.48,"width":304,"height":250},"houou/kof98158-2":{"x":84.94,"y":38.48,"width":304,"height":250},"houou/kof98160-2":{"x":84.94,"y":38.48,"width":304,"height":250}},"EF_houou-2":{"houou/kof98120-2":{"x":73.26,"y":128.78,"rotation":-172.74,"width":304,"height":250},"houou/kof98120-3":{"path":"houou/kof98120-2","x":73.67,"y":120.84,"rotation":-172.74,"width":304,"height":250}},"EF_ninpou":{"hachi/kof98109-2":{"x":192.94,"y":26.48,"width":510,"height":224},"hachi/kof98111-2":{"x":192.94,"y":26.48,"width":510,"height":224},"hachi/kof98113-2":{"x":192.94,"y":26.48,"width":510,"height":224},"hachi/kof98115-2":{"x":192.94,"y":26.48,"width":510,"height":224},"hachi/kof98117-2":{"x":192.94,"y":26.48,"width":510,"height":224},"hachi/kof98118-2":{"x":192.94,"y":26.48,"width":510,"height":224},"hachi/kof98120-2":{"x":192.94,"y":26.48,"width":510,"height":224},"hachi/kof98122-2":{"x":192.94,"y":26.48,"width":510,"height":224},"hachi/kof98124-2":{"x":192.94,"y":26.48,"width":510,"height":224},"hachi/kof98126-2":{"x":192.94,"y":26.48,"width":510,"height":224},"hachi/kof98128-2":{"x":192.94,"y":26.48,"width":510,"height":224}},"EF_ryuenbu":{"ryu/kof98006-2":{"x":62.94,"y":26.48,"width":304,"height":224},"ryu/kof98008-2":{"x":62.94,"y":26.48,"width":304,"height":224},"ryu/kof98010-2":{"x":62.94,"y":26.48,"width":304,"height":224},"ryu/kof98012-2":{"x":62.94,"y":26.48,"width":304,"height":224},"ryu/kof98014-2":{"x":62.94,"y":26.48,"width":304,"height":224},"ryu/kof98016-2":{"x":62.94,"y":26.48,"width":304,"height":224},"ryu/kof98018-2":{"x":62.94,"y":26.48,"width":304,"height":224},"ryu/kof98020-2":{"x":62.94,"y":26.48,"width":304,"height":224},"ryu/kof98022-2":{"x":62.94,"y":26.48,"width":304,"height":224},"ryu/kof98024-2":{"x":62.94,"y":26.48,"width":304,"height":224},"ryu/kof98026-2":{"x":62.94,"y":26.48,"width":304,"height":224},"ryu/kof98028-2":{"x":62.94,"y":26.48,"width":304,"height":224},"ryu/kof98030-2":{"x":62.94,"y":26.48,"width":304,"height":224},"ryu/kof98032-2":{"x":62.94,"y":26.48,"width":304,"height":224},"ryu/kof98034-2":{"x":62.94,"y":26.48,"width":304,"height":224},"ryu/kof98036-2":{"x":62.94,"y":26.48,"width":304,"height":224},"ryu/kof98038-2":{"x":62.94,"y":26.48,"width":304,"height":224},"ryu/kof98040-2":{"x":62.94,"y":26.48,"width":304,"height":224}},"HITBOX":{"HITBOX":{"type":"boundingbox","vertices":[-63.42049,-63.42204,64.31636,-62.39604,64.31636,62.77583,-62.39449,63.28884]}},"MAIN":{"afro/kof98044":{"x":83.74,"y":26.48,"width":304,"height":224},"afro/kof98045":{"x":83.74,"y":26.48,"width":304,"height":224},"afro/kof98046":{"x":83.74,"y":26.48,"width":304,"height":224},"afro/kof98047":{"x":83.74,"y":26.48,"width":304,"height":224},"afro/kof98048":{"x":83.74,"y":26.48,"width":304,"height":224},"afro/kof98049":{"x":83.74,"y":26.48,"width":304,"height":224},"afro/kof98050":{"x":83.74,"y":26.48,"width":304,"height":224},"afro/kof98051":{"x":83.74,"y":26.48,"width":304,"height":224},"afro/kof98052":{"x":83.74,"y":26.48,"width":304,"height":224},"afro/kof98053":{"x":83.74,"y":26.48,"width":304,"height":224},"afro/kof98054":{"x":83.74,"y":26.48,"width":304,"height":224},"afro/kof98055":{"x":83.74,"y":26.48,"width":304,"height":224},"afro/kof98056":{"x":83.74,"y":26.48,"width":304,"height":224},"afro/kof98057":{"x":83.74,"y":26.48,"width":304,"height":224},"afro/kof98058":{"x":83.74,"y":26.48,"width":304,"height":224},"afro/kof98059":{"x":83.74,"y":26.48,"width":304,"height":224},"afro/kof98060":{"x":83.74,"y":26.48,"width":304,"height":224},"afro/kof98061":{"x":83.74,"y":26.48,"width":304,"height":224},"afro/kof98062":{"x":83.74,"y":26.48,"width":304,"height":224},"afro/kof98063":{"x":83.74,"y":26.48,"width":304,"height":224},"afro/kof98064":{"x":83.74,"y":26.48,"width":304,"height":224},"afro/kof98065":{"x":83.74,"y":26.48,"width":304,"height":224},"afro/kof98066":{"x":83.74,"y":26.48,"width":304,"height":224},"afro/kof98067":{"x":83.74,"y":26.48,"width":304,"height":224},"afro/kof98068":{"x":83.74,"y":26.48,"width":304,"height":224},"afro/kof98069":{"x":83.74,"y":26.48,"width":304,"height":224},"afro/kof98070":{"x":83.74,"y":26.48,"width":304,"height":224},"afro/kof98071":{"x":83.74,"y":26.48,"width":304,"height":224},"afro/kof98072":{"x":83.74,"y":26.48,"width":304,"height":224},"afro/kof98073":{"x":83.74,"y":26.48,"width":304,"height":224},"afro/kof98074":{"x":83.74,"y":26.48,"width":304,"height":224},"afro/kof98075":{"x":83.74,"y":26.48,"width":304,"height":224},"afro/kof98076":{"x":83.74,"y":26.48,"width":304,"height":224},"afro/kof98077":{"x":83.74,"y":26.48,"width":304,"height":224},"afro/kof98078":{"x":83.74,"y":26.48,"width":304,"height":224},"afro/kof98079":{"x":83.74,"y":26.48,"width":304,"height":224},"attack/farXkick/kof98503":{"x":6.94,"y":26.48,"width":304,"height":224},"attack/farXkick/kof98504":{"x":6.94,"y":26.48,"width":304,"height":224},"attack/farXkick/kof98505":{"x":6.94,"y":26.48,"width":304,"height":224},"attack/farXkick/kof98506":{"x":6.94,"y":26.48,"width":304,"height":224},"attack/farXkick/kof98507":{"x":6.94,"y":26.48,"width":304,"height":224},"attack/farXkick/kof98508":{"x":6.94,"y":26.48,"width":304,"height":224},"attack/farXkick/kof98509":{"x":6.94,"y":26.48,"width":304,"height":224},"attack/farXkick/kof98510":{"x":6.94,"y":26.48,"width":304,"height":224},"attack/farXkick/kof98511":{"x":6.94,"y":26.48,"width":304,"height":224},"attack/farXpunch/kof98495":{"x":6.94,"y":26.48,"width":304,"height":224},"attack/farXpunch/kof98496":{"x":6.94,"y":26.48,"width":304,"height":224},"attack/farXpunch/kof98497":{"x":6.94,"y":26.48,"width":304,"height":224},"attack/farXpunch/kof98498":{"x":6.94,"y":26.48,"width":304,"height":224},"attack/farXpunch/kof98499":{"x":6.94,"y":26.48,"width":304,"height":224},"attack/farXpunch/kof98500":{"x":6.94,"y":26.48,"width":304,"height":224},"attack/farXpunch/kof98501":{"x":6.94,"y":26.48,"width":304,"height":224},"attack/farXpunch/kof98502":{"x":6.94,"y":26.48,"width":304,"height":224},"attack/farZkick/kof98487":{"x":6.94,"y":26.48,"width":304,"height":224},"attack/farZkick/kof98488":{"x":6.94,"y":26.48,"width":304,"height":224},"attack/farZkick/kof98489":{"x":6.94,"y":26.48,"width":304,"height":224},"attack/farZkick/kof98490":{"x":6.94,"y":26.48,"width":304,"height":224},"attack/farZkick/kof98491":{"x":6.94,"y":26.48,"width":304,"height":224},"attack/farZkick/kof98492":{"x":6.94,"y":26.48,"width":304,"height":224},"attack/farZkick/kof98493":{"x":6.94,"y":26.48,"width":304,"height":224},"attack/farZkick/kof98494":{"x":6.94,"y":26.48,"width":304,"height":224},"attack/farZpunch/kof98448":{"x":6.94,"y":26.48,"width":304,"height":224},"attack/farZpunch/kof98449":{"x":6.94,"y":26.48,"width":304,"height":224},"attack/farZpunch/kof98450":{"x":6.94,"y":26.48,"width":304,"height":224},"attack/farZpunch/kof98451":{"x":6.94,"y":26.48,"width":304,"height":224},"attack/farZpunch/kof98452":{"x":6.94,"y":26.48,"width":304,"height":224},"attack/farZpunch/kof98453":{"x":6.94,"y":26.48,"width":304,"height":224},"attack/lowXkick/kof98535":{"x":-1.04,"y":26.48,"width":304,"height":224},"attack/lowXkick/kof98536":{"x":-1.04,"y":26.48,"width":304,"height":224},"attack/lowXkick/kof98537":{"x":-1.04,"y":26.48,"width":304,"height":224},"attack/lowXkick/kof98538":{"x":-1.04,"y":26.48,"width":304,"height":224},"attack/lowXkick/kof98539":{"x":-1.04,"y":26.48,"width":304,"height":224},"attack/lowXkick/kof98540":{"x":-1.04,"y":26.48,"width":304,"height":224},"attack/lowXkick/kof98541":{"x":-1.04,"y":26.48,"width":304,"height":224},"attack/lowXkick/kof98542":{"x":-1.04,"y":26.48,"width":304,"height":224},"attack/lowXkick/kof98543":{"x":-1.04,"y":26.48,"width":304,"height":224},"attack/lowXkick/kof98544":{"x":-1.04,"y":26.48,"width":304,"height":224},"attack/lowXkick/kof98545":{"x":-1.04,"y":26.48,"width":304,"height":224},"attack/lowXkick/kof98546":{"x":-1.04,"y":26.48,"width":304,"height":224},"attack/lowXpunch/kof98522":{"x":-1.04,"y":26.48,"width":304,"height":224},"attack/lowXpunch/kof98528":{"x":-1.04,"y":26.48,"width":304,"height":224},"attack/lowXpunch/kof98529":{"x":-1.04,"y":26.48,"width":304,"height":224},"attack/lowXpunch/kof98530":{"x":-1.04,"y":26.48,"width":304,"height":224},"attack/lowXpunch/kof98531":{"x":-1.04,"y":26.48,"width":304,"height":224},"attack/lowXpunch/kof98532":{"x":-1.04,"y":26.48,"width":304,"height":224},"attack/lowXpunch/kof98533":{"x":-1.04,"y":26.48,"width":304,"height":224},"attack/lowXpunch/kof98534":{"x":-1.04,"y":26.48,"width":304,"height":224},"attack/lowZkick/kof98523":{"x":-1.04,"y":26.48,"width":304,"height":224},"attack/lowZkick/kof98524":{"x":-1.04,"y":26.48,"width":304,"height":224},"attack/lowZkick/kof98525":{"x":-1.04,"y":26.48,"width":304,"height":224},"attack/lowZkick/kof98526":{"x":-1.04,"y":26.48,"width":304,"height":224},"attack/lowZkick/kof98527":{"x":-1.04,"y":26.48,"width":304,"height":224},"attack/lowZpunch/kof98513":{"x":-1.04,"y":26.48,"width":304,"height":224},"attack/lowZpunch/kof98514":{"x":-1.04,"y":26.48,"width":304,"height":224},"attack/lowZpunch/kof98515":{"x":-1.04,"y":26.48,"width":304,"height":224},"attack/lowZpunch/kof98516":{"x":-1.04,"y":26.48,"width":304,"height":224},"attack/lowZpunch/kof98517":{"x":-1.04,"y":26.48,"width":304,"height":224},"attack/lowZpunch/kof98518":{"x":-1.04,"y":26.48,"width":304,"height":224},"attack/lowZpunch/kof98519":{"x":-1.04,"y":26.48,"width":304,"height":224},"attack/lowZpunch/kof98520":{"x":-1.04,"y":26.48,"width":304,"height":224},"attack/lowZpunch/kof98521":{"x":-1.04,"y":26.48,"width":304,"height":224},"attack/nearXkick/kof98626":{"x":7.74,"y":26.48,"width":304,"height":224},"attack/nearXkick/kof98627":{"x":7.74,"y":26.48,"width":304,"height":224},"attack/nearXkick/kof98628":{"x":7.74,"y":26.48,"width":304,"height":224},"attack/nearXkick/kof98629":{"x":7.74,"y":26.48,"width":304,"height":224},"attack/nearXkick/kof98630":{"x":7.74,"y":26.48,"width":304,"height":224},"attack/nearXkick/kof98631":{"x":7.74,"y":26.48,"width":304,"height":224},"attack/nearXkick/kof98632":{"x":7.74,"y":26.48,"width":304,"height":224},"attack/nearXkick/kof98633":{"x":7.74,"y":26.48,"width":304,"height":224},"attack/nearXkick/kof98634":{"x":7.74,"y":26.48,"width":304,"height":224},"attack/nearXpunch/kof98620":{"x":7.74,"y":26.48,"width":304,"height":224},"attack/nearXpunch/kof98621":{"x":7.74,"y":26.48,"width":304,"height":224},"attack/nearXpunch/kof98622":{"x":7.74,"y":26.48,"width":304,"height":224},"attack/nearXpunch/kof98623":{"x":7.74,"y":26.48,"width":304,"height":224},"attack/nearXpunch/kof98624":{"x":7.74,"y":26.48,"width":304,"height":224},"attack/nearXpunch/kof98625":{"x":7.74,"y":26.48,"width":304,"height":224},"attack/nearZkick/kof98614":{"x":7.74,"y":26.48,"width":304,"height":224},"attack/nearZkick/kof98615":{"x":7.74,"y":26.48,"width":304,"height":224},"attack/nearZkick/kof98616":{"x":7.74,"y":26.48,"width":304,"height":224},"attack/nearZkick/kof98617":{"x":7.74,"y":26.48,"width":304,"height":224},"attack/nearZkick/kof98618":{"x":7.74,"y":26.48,"width":304,"height":224},"attack/nearZkick/kof98619":{"x":7.74,"y":26.48,"width":304,"height":224},"attack/nearZpunch/kof98607":{"x":52.74,"y":26.48,"width":304,"height":224},"attack/nearZpunch/kof98608":{"x":52.74,"y":26.48,"width":304,"height":224},"attack/nearZpunch/kof98609":{"x":52.74,"y":26.48,"width":304,"height":224},"attack/nearZpunch/kof98610":{"x":52.74,"y":26.48,"width":304,"height":224},"attack/nearZpunch/kof98611":{"x":52.74,"y":26.48,"width":304,"height":224},"attack/nearZpunch/kof98612":{"x":52.74,"y":26.48,"width":304,"height":224},"attack/nearZpunch/kof98613":{"x":52.74,"y":26.48,"width":304,"height":224},"back/kof98562":{"x":-15.05,"y":26.48,"width":304,"height":224},"back/kof98563":{"x":-15.05,"y":26.48,"width":304,"height":224},"back/kof98564":{"x":-15.05,"y":26.48,"width":304,"height":224},"back/kof98565":{"x":-15.05,"y":26.48,"width":304,"height":224},"back/kof98566":{"x":-15.05,"y":26.48,"width":304,"height":224},"back/kof98567":{"x":-15.05,"y":26.48,"width":304,"height":224},"back/kof98568":{"x":-15.05,"y":26.48,"width":304,"height":224},"back/kof98569":{"x":-15.05,"y":26.48,"width":304,"height":224},"back/kof98570":{"x":-15.05,"y":26.48,"width":304,"height":224},"back/kof98571":{"x":-15.05,"y":26.48,"width":304,"height":224},"back/kof98572":{"x":-15.05,"y":26.48,"width":304,"height":224},"back/kof98573":{"x":-15.05,"y":26.48,"width":304,"height":224},"back/kof98574":{"x":-15.05,"y":26.48,"width":304,"height":224},"back/kof98575":{"x":-15.05,"y":26.48,"width":304,"height":224},"back/kof98576":{"x":-15.05,"y":26.48,"width":304,"height":224},"back/kof98577":{"x":-15.05,"y":26.48,"width":304,"height":224},"back/kof98578":{"x":-15.05,"y":26.48,"width":304,"height":224},"back/kof98579":{"x":-15.05,"y":26.48,"width":304,"height":224},"back/kof98580":{"x":-15.05,"y":26.48,"width":304,"height":224},"back/kof98581":{"x":-15.05,"y":26.48,"width":304,"height":224},"damage/damage1/kof98582":{"x":-9.05,"y":26.48,"width":304,"height":224},"damage/damage1/kof98583":{"x":-9.05,"y":26.48,"width":304,"height":224},"damage/damage1/kof98584":{"x":-9.05,"y":26.48,"width":304,"height":224},"damage/damage1/kof98585":{"x":-9.05,"y":26.48,"width":304,"height":224},"damage/damage1/kof98586":{"x":-9.05,"y":26.48,"width":304,"height":224},"damage/damage1/kof98587":{"x":-9.05,"y":26.48,"width":304,"height":224},"damage/damage1/kof98588":{"x":-9.05,"y":26.48,"width":304,"height":224},"damage/damage1/kof98589":{"x":-9.05,"y":26.48,"width":304,"height":224},"damage/damage2/kof98590":{"x":-9.05,"y":26.48,"width":304,"height":224},"damage/damage2/kof98591":{"x":-9.05,"y":26.48,"width":304,"height":224},"damage/damage2/kof98592":{"x":-9.05,"y":26.48,"width":304,"height":224},"damage/damage2/kof98593":{"x":-9.05,"y":26.48,"width":304,"height":224},"damage/damage2/kof98594":{"x":-9.05,"y":26.48,"width":304,"height":224},"damage/damage2/kof98595":{"x":-9.05,"y":26.48,"width":304,"height":224},"damage/damage3/kof98596":{"x":18.94,"y":26.48,"width":304,"height":224},"damage/damage3/kof98597":{"x":18.94,"y":26.48,"width":304,"height":224},"damage/damage3/kof98598":{"x":18.94,"y":26.48,"width":304,"height":224},"damage/damage3/kof98599":{"x":18.94,"y":26.48,"width":304,"height":224},"damage/damage3/kof98600":{"x":18.94,"y":26.48,"width":304,"height":224},"damage/damage3/kof98601":{"x":18.94,"y":26.48,"width":304,"height":224},"damage/damage3/kof98602":{"x":18.94,"y":26.48,"width":304,"height":224},"damage/damage3/kof98603":{"x":18.94,"y":26.48,"width":304,"height":224},"damage/damage3/kof98604":{"x":18.94,"y":26.48,"width":304,"height":224},"damage/damage3/kof98605":{"x":18.94,"y":26.48,"width":304,"height":224},"damage/damage3/kof98606":{"x":18.94,"y":26.48,"width":304,"height":224},"dash/mai_d (1)":{"x":-1.04,"y":26.48,"width":304,"height":224},"dash/mai_d (2)":{"x":-1.04,"y":26.48,"width":304,"height":224},"dash/mai_d (3)":{"x":-1.04,"y":26.48,"width":304,"height":224},"dash/mai_d (4)":{"x":-1.04,"y":26.48,"width":304,"height":224},"dash/mai_d (5)":{"x":-1.04,"y":26.48,"width":304,"height":224},"dash/mai_d (6)":{"x":-1.04,"y":26.48,"width":304,"height":224},"dash/mai_n (1)":{"x":-1.04,"y":26.48,"width":304,"height":224},"dash/mai_n (10)":{"x":-1.04,"y":26.48,"width":304,"height":224},"dash/mai_n (11)":{"x":-1.04,"y":26.48,"width":304,"height":224},"dash/mai_n (12)":{"x":-1.04,"y":26.48,"width":304,"height":224},"dash/mai_n (13)":{"x":-1.04,"y":26.48,"width":304,"height":224},"dash/mai_n (14)":{"x":-1.04,"y":26.48,"width":304,"height":224},"dash/mai_n (15)":{"x":-1.04,"y":26.48,"width":304,"height":224},"dash/mai_n (16)":{"x":-1.04,"y":26.48,"width":304,"height":224},"dash/mai_n (17)":{"x":-1.04,"y":26.48,"width":304,"height":224},"dash/mai_n (18)":{"x":-1.04,"y":26.48,"width":304,"height":224},"dash/mai_n (2)":{"x":-1.04,"y":26.48,"width":304,"height":224},"dash/mai_n (3)":{"x":-1.04,"y":26.48,"width":304,"height":224},"dash/mai_n (4)":{"x":-1.04,"y":26.48,"width":304,"height":224},"dash/mai_n (5)":{"x":-1.04,"y":26.48,"width":304,"height":224},"dash/mai_n (6)":{"x":-1.04,"y":26.48,"width":304,"height":224},"dash/mai_n (7)":{"x":-1.04,"y":26.48,"width":304,"height":224},"dash/mai_n (8)":{"x":-1.04,"y":26.48,"width":304,"height":224},"dash/mai_n (9)":{"x":-1.04,"y":26.48,"width":304,"height":224},"down/kof98125":{"x":-1.04,"y":26.47,"width":304,"height":224},"down/kof98126":{"x":-1.04,"y":26.47,"width":304,"height":224},"down/kof98127":{"x":-1.04,"y":26.47,"width":304,"height":224},"down/kof98128":{"x":-1.04,"y":26.47,"width":304,"height":224},"down/kof98130":{"x":-1.04,"y":26.47,"width":304,"height":224},"down/kof98131":{"x":-1.04,"y":26.47,"width":304,"height":224},"down/kof98132":{"x":-1.04,"y":26.47,"width":304,"height":224},"down/kof98133":{"x":-1.04,"y":26.47,"width":304,"height":224},"down/kof98134":{"x":-1.04,"y":26.47,"width":304,"height":224},"down/kof98135":{"x":-1.04,"y":26.47,"width":304,"height":224},"down/kof98136":{"x":-1.04,"y":26.47,"width":304,"height":224},"down/kof98137":{"x":-1.04,"y":26.47,"width":304,"height":224},"down/kof98138":{"x":-1.04,"y":26.47,"width":304,"height":224},"down/kof98139":{"x":-1.04,"y":26.47,"width":304,"height":224},"down/kof98140":{"x":-1.04,"y":26.47,"width":304,"height":224},"down/kof98141":{"x":-1.04,"y":26.47,"width":304,"height":224},"down/kof98142":{"x":-1.04,"y":26.47,"width":304,"height":224},"down/kof98143":{"x":-1.04,"y":26.47,"width":304,"height":224},"down/kof98144":{"x":-1.04,"y":26.47,"width":304,"height":224},"down/kof98145":{"x":-1.04,"y":26.47,"width":304,"height":224},"down/kof98146":{"x":-1.04,"y":26.47,"width":304,"height":224},"down/kof98147":{"x":-1.04,"y":26.47,"width":304,"height":224},"hachi/kof98072":{"x":192.94,"y":26.48,"width":510,"height":224},"hachi/kof98073":{"x":192.94,"y":26.48,"width":510,"height":224},"hachi/kof98074":{"x":192.94,"y":26.48,"width":510,"height":224},"hachi/kof98075":{"x":192.94,"y":26.48,"width":510,"height":224},"hachi/kof98076":{"x":192.94,"y":26.48,"width":510,"height":224},"hachi/kof98077":{"x":192.94,"y":26.48,"width":510,"height":224},"hachi/kof98078":{"x":192.94,"y":26.48,"width":510,"height":224},"hachi/kof98079":{"x":192.94,"y":26.48,"width":510,"height":224},"hachi/kof98080":{"x":192.94,"y":26.48,"width":510,"height":224},"hachi/kof98081":{"x":192.94,"y":26.48,"width":510,"height":224},"hachi/kof98082":{"x":192.94,"y":26.48,"width":510,"height":224},"hachi/kof98083":{"x":192.94,"y":26.48,"width":510,"height":224},"hachi/kof98084":{"x":192.94,"y":26.48,"width":510,"height":224},"hachi/kof98085":{"x":192.94,"y":26.48,"width":510,"height":224},"hachi/kof98086":{"x":192.94,"y":26.48,"width":510,"height":224},"hachi/kof98087":{"x":192.94,"y":26.48,"width":510,"height":224},"hachi/kof98088":{"x":192.94,"y":26.48,"width":510,"height":224},"hachi/kof98089":{"x":192.94,"y":26.48,"width":510,"height":224},"hachi/kof98090":{"x":192.94,"y":26.48,"width":510,"height":224},"hachi/kof98091":{"x":192.94,"y":26.48,"width":510,"height":224},"hachi/kof98092":{"x":192.94,"y":26.48,"width":510,"height":224},"hachi/kof98093":{"x":192.94,"y":26.48,"width":510,"height":224},"hachi/kof98094":{"x":192.94,"y":26.48,"width":510,"height":224},"hachi/kof98095":{"x":192.94,"y":26.48,"width":510,"height":224},"hachi/kof98096":{"x":192.94,"y":26.48,"width":510,"height":224},"hachi/kof98097":{"x":192.94,"y":26.48,"width":510,"height":224},"hachi/kof98098":{"x":192.94,"y":26.48,"width":510,"height":224},"hachi/kof98099":{"x":192.94,"y":26.48,"width":510,"height":224},"hachi/kof98100":{"x":192.94,"y":26.48,"width":510,"height":224},"hachi/kof98101":{"x":192.94,"y":26.48,"width":510,"height":224},"hachi/kof98102":{"x":192.94,"y":26.48,"width":510,"height":224},"hachi/kof98103":{"x":192.94,"y":26.48,"width":510,"height":224},"hachi/kof98104":{"x":192.94,"y":26.48,"width":510,"height":224},"hachi/kof98105":{"x":192.94,"y":26.48,"width":510,"height":224},"hachi/kof98106":{"x":192.94,"y":26.48,"width":510,"height":224},"hachi/kof98107":{"x":192.94,"y":26.48,"width":510,"height":224},"hachi/kof98108":{"x":192.94,"y":26.48,"width":510,"height":224},"hachi/kof98109":{"x":192.94,"y":26.48,"width":510,"height":224},"hachi/kof98111":{"x":192.94,"y":26.48,"width":510,"height":224},"hachi/kof98113":{"x":192.94,"y":26.48,"width":510,"height":224},"hachi/kof98115":{"x":192.94,"y":26.48,"width":510,"height":224},"hachi/kof98118":{"x":192.94,"y":26.48,"width":510,"height":224},"hachi/kof98120":{"x":192.94,"y":26.48,"width":510,"height":224},"hachi/kof98122":{"x":192.94,"y":26.48,"width":510,"height":224},"hachi/kof98124":{"x":192.94,"y":26.48,"width":510,"height":224},"hachi/kof98126":{"x":192.94,"y":26.48,"width":510,"height":224},"hachi/kof98128":{"x":192.94,"y":26.48,"width":510,"height":224},"hachi/kof98130":{"x":192.94,"y":26.48,"width":510,"height":224},"hachi/kof98131":{"x":192.94,"y":26.48,"width":510,"height":224},"hachi/kof98136":{"x":192.94,"y":26.48,"width":510,"height":224},"houou/kof98080":{"x":84.94,"y":38.48,"width":304,"height":250},"houou/kof98081":{"x":84.94,"y":38.48,"width":304,"height":250},"houou/kof98082":{"x":84.94,"y":38.48,"width":304,"height":250},"houou/kof98083":{"x":84.94,"y":38.48,"width":304,"height":250},"houou/kof98084":{"x":84.94,"y":38.48,"width":304,"height":250},"houou/kof98085":{"x":84.94,"y":38.48,"width":304,"height":250},"houou/kof98086":{"x":84.94,"y":38.48,"width":304,"height":250},"houou/kof98087":{"x":84.94,"y":38.48,"width":304,"height":250},"houou/kof98088":{"x":84.94,"y":38.48,"width":304,"height":250},"houou/kof98089":{"x":84.94,"y":38.48,"width":304,"height":250},"houou/kof98090":{"x":84.94,"y":38.48,"width":304,"height":250},"houou/kof98091":{"x":84.94,"y":38.48,"width":304,"height":250},"houou/kof98092":{"x":84.94,"y":38.48,"width":304,"height":250},"houou/kof98093":{"x":84.94,"y":38.48,"width":304,"height":250},"houou/kof98094":{"x":84.94,"y":38.48,"width":304,"height":250},"houou/kof98095":{"x":84.94,"y":38.48,"width":304,"height":250},"houou/kof98096":{"x":84.94,"y":38.48,"width":304,"height":250},"houou/kof98097":{"x":84.94,"y":38.48,"width":304,"height":250},"houou/kof98098":{"x":84.94,"y":38.48,"width":304,"height":250},"houou/kof98099":{"x":84.94,"y":38.48,"width":304,"height":250},"houou/kof98100":{"x":84.94,"y":38.48,"width":304,"height":250},"houou/kof98101":{"x":84.94,"y":38.48,"width":304,"height":250},"houou/kof98102":{"x":84.94,"y":38.48,"width":304,"height":250},"houou/kof98103":{"x":84.94,"y":38.48,"width":304,"height":250},"houou/kof98104":{"x":84.94,"y":38.48,"width":304,"height":250},"houou/kof98105":{"x":84.94,"y":38.48,"width":304,"height":250},"houou/kof98106":{"x":84.94,"y":38.48,"width":304,"height":250},"houou/kof98107":{"x":84.94,"y":38.48,"width":304,"height":250},"houou/kof98108":{"x":84.94,"y":38.48,"width":304,"height":250},"houou/kof98109":{"x":84.94,"y":38.48,"width":304,"height":250},"houou/kof98110":{"x":84.94,"y":38.48,"width":304,"height":250},"houou/kof98112":{"x":84.94,"y":38.48,"width":304,"height":250},"houou/kof98114":{"x":84.94,"y":38.48,"width":304,"height":250},"houou/kof98116":{"x":84.94,"y":38.48,"width":304,"height":250},"houou/kof98118":{"x":84.94,"y":38.48,"width":304,"height":250},"houou/kof98120":{"x":84.94,"y":38.48,"width":304,"height":250},"houou/kof98122":{"x":84.94,"y":38.48,"width":304,"height":250},"houou/kof98124":{"x":84.94,"y":38.48,"width":304,"height":250},"houou/kof98126":{"x":84.94,"y":38.48,"width":304,"height":250},"houou/kof98128":{"x":84.94,"y":38.48,"width":304,"height":250},"houou/kof98130":{"x":84.94,"y":38.48,"width":304,"height":250},"houou/kof98132":{"x":84.94,"y":38.48,"width":304,"height":250},"houou/kof98134":{"x":84.94,"y":38.48,"width":304,"height":250},"houou/kof98136":{"x":84.94,"y":38.48,"width":304,"height":250},"houou/kof98138":{"x":84.94,"y":38.48,"width":304,"height":250},"houou/kof98140":{"x":84.94,"y":38.48,"width":304,"height":250},"houou/kof98142":{"x":84.94,"y":38.48,"width":304,"height":250},"houou/kof98144":{"x":84.94,"y":38.48,"width":304,"height":250},"houou/kof98146":{"x":84.94,"y":38.48,"width":304,"height":250},"houou/kof98148":{"x":84.94,"y":38.48,"width":304,"height":250},"houou/kof98150":{"x":84.94,"y":38.48,"width":304,"height":250},"houou/kof98152":{"x":84.94,"y":38.48,"width":304,"height":250},"houou/kof98154":{"x":84.94,"y":38.48,"width":304,"height":250},"houou/kof98156":{"x":84.94,"y":38.48,"width":304,"height":250},"houou/kof98158":{"x":84.94,"y":38.48,"width":304,"height":250},"houou/kof98160":{"x":84.94,"y":38.48,"width":304,"height":250},"houou/kof98162":{"x":84.94,"y":38.48,"width":304,"height":250},"ryu/kof98000":{"x":62.94,"y":26.48,"width":304,"height":224},"ryu/kof98001":{"x":62.94,"y":26.48,"width":304,"height":224},"ryu/kof98002":{"x":62.94,"y":26.48,"width":304,"height":224},"ryu/kof98003":{"x":62.94,"y":26.48,"width":304,"height":224},"ryu/kof98004":{"x":62.94,"y":26.48,"width":304,"height":224},"ryu/kof98005":{"x":62.94,"y":26.48,"width":304,"height":224},"ryu/kof98006":{"x":62.94,"y":26.48,"width":304,"height":224},"ryu/kof98008":{"x":62.94,"y":26.48,"width":304,"height":224},"ryu/kof98010":{"x":62.94,"y":26.48,"width":304,"height":224},"ryu/kof98012":{"x":62.94,"y":26.48,"width":304,"height":224},"ryu/kof98014":{"x":62.94,"y":26.48,"width":304,"height":224},"ryu/kof98016":{"x":62.94,"y":26.48,"width":304,"height":224},"ryu/kof98018":{"x":62.94,"y":26.48,"width":304,"height":224},"ryu/kof98020":{"x":62.94,"y":26.48,"width":304,"height":224},"ryu/kof98022":{"x":62.94,"y":26.48,"width":304,"height":224},"ryu/kof98024":{"x":62.94,"y":26.48,"width":304,"height":224},"ryu/kof98026":{"x":62.94,"y":26.48,"width":304,"height":224},"ryu/kof98028":{"x":62.94,"y":26.48,"width":304,"height":224},"ryu/kof98030":{"x":62.94,"y":26.48,"width":304,"height":224},"ryu/kof98032":{"x":62.94,"y":26.48,"width":304,"height":224},"ryu/kof98034":{"x":62.94,"y":26.48,"width":304,"height":224},"ryu/kof98036":{"x":62.94,"y":26.48,"width":304,"height":224},"ryu/kof98038":{"x":62.94,"y":26.48,"width":304,"height":224},"ryu/kof98040":{"x":62.94,"y":26.48,"width":304,"height":224},"ryu/kof98042":{"x":62.94,"y":26.48,"width":304,"height":224},"ryu/kof98043":{"x":62.94,"y":26.48,"width":304,"height":224}}}},"events":{"Event":{},"Hit":{},"Sound1":{},"Sound2":{},"Sound3":{},"Voice":{}},"animations":{"attack1":{"slots":{"DAMAGEAREA":{"attachment":[{"time":0.2666,"name":"DAMAGEAREA"},{"time":0.3333,"name":null}]},"MAIN":{"attachment":[{"time":0,"name":"attack/farXkick/kof98503"},{"time":0.0666,"name":"attack/farXkick/kof98504"},{"time":0.1333,"name":"attack/farXkick/kof98505"},{"time":0.2,"name":"attack/farXkick/kof98506"},{"time":0.2666,"name":"attack/farXkick/kof98507"},{"time":0.3333,"name":"attack/farXkick/kof98508"},{"time":0.4,"name":"attack/farXkick/kof98509"},{"time":0.4666,"name":"attack/farXkick/kof98510"},{"time":0.5333,"name":"attack/farXkick/kof98511"}]}},"bones":{"DAMAGEAREA":{"translate":[{"time":0.2666,"x":97.48,"y":64.98}],"scale":[{"time":0.2666,"x":1.632,"y":1}]},"MAIN":{"translate":[{"time":0,"x":-38.75,"y":0},{"time":0.2,"x":-78.58,"y":0},{"time":0.3333,"x":87.21,"y":0}]},"SHADOW-OFFSET":{"translate":[{"time":0,"x":13.3,"y":0},{"time":0.1666,"x":41.12,"y":0},{"time":0.2,"x":58.85,"y":0},{"time":0.2333,"x":10.07,"y":0},{"time":0.2666,"x":9.67,"y":0,"curve":"stepped"},{"time":0.3666,"x":9.67,"y":0},{"time":0.4,"x":16.93,"y":0},{"time":0.5333,"x":1.2,"y":0}]}},"events":[{"time":0,"name":"Event","float":0.18,"string":"kHitStopType_normal"},{"time":0,"name":"Sound1","string":"cri_se_battle_k_kara"},{"time":0,"name":"Sound2","string":"setHitSound(se_battle_k_3)"},{"time":0,"name":"Voice","string":"cri_40080_voice_attack_a"},{"time":0.0333,"name":"Event","string":"kImpactType_knock"},{"time":0.3333,"name":"Event","string":"runScript-addSP"}]},"attack2":{"slots":{"DAMAGEAREA":{"attachment":[{"time":0.2,"name":"DAMAGEAREA"},{"time":0.2666,"name":null}]},"MAIN":{"attachment":[{"time":0,"name":"attack/farXpunch/kof98502"},{"time":0.0666,"name":"attack/farXpunch/kof98495"},{"time":0.1333,"name":"attack/farXpunch/kof98496"},{"time":0.2,"name":"attack/farXpunch/kof98497"},{"time":0.2666,"name":"attack/farXpunch/kof98498"},{"time":0.3333,"name":"attack/farXpunch/kof98499"},{"time":0.4,"name":"attack/farXpunch/kof98500"},{"time":0.4666,"name":"attack/farXpunch/kof98501"},{"time":0.5333,"name":"attack/farXpunch/kof98502"}]}},"bones":{"DAMAGEAREA":{"translate":[{"time":0.2,"x":93.78,"y":95.01}],"scale":[{"time":0.2,"x":1.462,"y":1.462}]},"MAIN":{"translate":[{"time":0,"x":0,"y":0}]}},"events":[{"time":0,"name":"Event","float":0.18,"string":"kHitStopType_normal"},{"time":0,"name":"Sound1","string":"cri_se_battle_sensu"},{"time":0,"name":"Sound2","string":"setHitSound(se_battle_p_17)"},{"time":0,"name":"Voice","string":"cri_40080_voice_attack_a"},{"time":0.0333,"name":"Event","string":"setHitBackEnemy(50,0)"},{"time":0.2666,"name":"Event","string":"runScript-addSP"}]},"attack3":{"slots":{"DAMAGEAREA":{"attachment":[{"time":0.2666,"name":"DAMAGEAREA"},{"time":0.4,"name":null}]},"MAIN":{"attachment":[{"time":0,"name":"attack/lowXkick/kof98535"},{"time":0.0666,"name":"attack/lowXkick/kof98536"},{"time":0.1333,"name":"attack/lowXkick/kof98537"},{"time":0.2,"name":"attack/lowXkick/kof98538"},{"time":0.2666,"name":"attack/lowXkick/kof98539"},{"time":0.3333,"name":"attack/lowXkick/kof98540"},{"time":0.4,"name":"attack/lowXkick/kof98541"},{"time":0.4666,"name":"attack/lowXkick/kof98542"},{"time":0.5333,"name":"attack/lowXkick/kof98543"},{"time":0.6,"name":"attack/lowXkick/kof98544"},{"time":0.6666,"name":"attack/lowXkick/kof98545"},{"time":0.7333,"name":"attack/lowXkick/kof98546"}]}},"bones":{"DAMAGEAREA":{"translate":[{"time":0.2666,"x":66.98,"y":65.5}],"scale":[{"time":0.2666,"x":1.625,"y":1}]}},"events":[{"time":0,"name":"Event","float":0.18,"string":"kHitStopType_normal"},{"time":0,"name":"Voice","string":"cri_40080_voice_attack_a"},{"time":0.0333,"name":"Event","string":"setHitBackEnemy(50,0)"},{"time":0.0666,"name":"Event","string":"kImpactType_knock"},{"time":0.0666,"name":"Sound1","string":"cri_se_battle_kara_h"},{"time":0.0666,"name":"Sound2","string":"setHitSound(se_battle_k_3)"},{"time":0.4,"name":"Event","string":"runScript-addSP"}]},"attack4":{"slots":{"DAMAGEAREA":{"attachment":[{"time":0.2666,"name":"DAMAGEAREA"},{"time":0.3333,"name":null}]},"MAIN":{"attachment":[{"time":0,"name":"attack/lowXpunch/kof98522"},{"time":0.0666,"name":"attack/lowXpunch/kof98528"},{"time":0.1333,"name":"attack/lowXpunch/kof98529"},{"time":0.2,"name":"attack/lowXpunch/kof98530"},{"time":0.2666,"name":"attack/lowXpunch/kof98531"},{"time":0.3333,"name":"attack/lowXpunch/kof98532"},{"time":0.4,"name":"attack/lowXpunch/kof98533"},{"time":0.4666,"name":"attack/lowXpunch/kof98534"}]}},"bones":{"DAMAGEAREA":{"translate":[{"time":0.2666,"x":84.85,"y":65.5}],"scale":[{"time":0.2666,"x":1.387,"y":0.995}]}},"events":[{"time":0,"name":"Event","float":0.18,"string":"kHitStopType_normal"},{"time":0,"name":"Sound1","string":"cri_se_battle_kara_h"},{"time":0,"name":"Sound2","string":"setHitSound(se_battle_p_17)"},{"time":0,"name":"Voice","string":"cri_40080_voice_attack_a"},{"time":0.3333,"name":"Event","string":"runScript-addSP"}]},"attack5":{"slots":{"DAMAGEAREA":{"attachment":[{"time":0.2666,"name":"DAMAGEAREA"},{"time":0.5333,"name":null}]},"MAIN":{"attachment":[{"time":0,"name":"attack/lowZpunch/kof98513"},{"time":0.0666,"name":"attack/lowZpunch/kof98514"},{"time":0.1333,"name":"attack/lowZpunch/kof98515"},{"time":0.2,"name":"attack/lowZpunch/kof98516"},{"time":0.2666,"name":"attack/lowZpunch/kof98517"},{"time":0.3333,"name":"attack/nearZkick/kof98616"},{"time":0.4666,"name":"attack/farZpunch/kof98450"},{"time":0.5333,"name":"attack/farZpunch/kof98451"},{"time":0.6,"name":"attack/farZpunch/kof98452"},{"time":0.6666,"name":"attack/farZpunch/kof98453"}]}},"bones":{"DAMAGEAREA":{"translate":[{"time":0.2666,"x":84.85,"y":56.56,"curve":"stepped"},{"time":0.4666,"x":129.5,"y":66.98}],"scale":[{"time":0.2666,"x":2.012,"y":0.836,"curve":"stepped"},{"time":0.4666,"x":2.281,"y":1.025}]},"MAIN":{"translate":[{"time":0.3333,"x":-64.6,"y":0},{"time":0.5333,"x":43.06,"y":0},{"time":0.6,"x":0,"y":0}]},"SHADOW-OFFSET":{"translate":[{"time":0,"x":-14.51,"y":0,"curve":"stepped"},{"time":0.3333,"x":39.91,"y":0},{"time":0.4666,"x":7.25,"y":0},{"time":0.5,"x":-2.72,"y":0},{"time":0.5333,"x":-35.27,"y":0},{"time":0.6,"x":1.2,"y":0}]}},"events":[{"time":0,"name":"Event","float":0.18,"string":"kHitStopType_normal"},{"time":0,"name":"Sound1","string":"cri_se_battle_sensu"},{"time":0,"name":"Sound2","string":"setHitSound(se_battle_p_17)"},{"time":0,"name":"Voice","string":"cri_40080_voice_attack_b"},{"time":0.3333,"name":"Hit","string":"resetHitList"},{"time":0.3333,"name":"Sound1","string":"cri_se_battle_kara_h"},{"time":0.3333,"name":"Sound2","string":"setHitSound(se_battle_k_3)"},{"time":0.3333,"name":"Voice","string":"cri_40080_voice_attack_b"},{"time":0.4666,"name":"Event","string":"kImpactType_knock"},{"time":0.4666,"name":"Hit","string":"resetHitList"},{"time":0.5333,"name":"Event","string":"runScript-addSP"}]},"attack6":{"slots":{"DAMAGEAREA":{"attachment":[{"time":0.1666,"name":"DAMAGEAREA"},{"time":0.4666,"name":null}]},"MAIN":{"attachment":[{"time":0,"name":"attack/lowZkick/kof98523"},{"time":0.0666,"name":"attack/lowZkick/kof98524"},{"time":0.1333,"name":"attack/lowZkick/kof98525"},{"time":0.2,"name":"attack/nearZkick/kof98616"},{"time":0.3333,"name":"attack/farZkick/kof98489"},{"time":0.4,"name":"attack/farZkick/kof98490"},{"time":0.4666,"name":"attack/farZkick/kof98491"},{"time":0.5333,"name":"attack/farZkick/kof98492"},{"time":0.6,"name":"attack/farZkick/kof98493"},{"time":0.6666,"name":"attack/farZkick/kof98494"}]}},"bones":{"DAMAGEAREA":{"translate":[{"time":0.1666,"x":40.18,"y":66.98,"curve":"stepped"},{"time":0.3333,"x":186.08,"y":108.67}],"scale":[{"time":0.1666,"x":1.833,"y":1,"curve":"stepped"},{"time":0.3333,"x":1.86,"y":1.746}]},"SHADOW-OFFSET":{"translate":[{"time":0.3333,"x":79.82,"y":0,"curve":"stepped"},{"time":0.4,"x":79.82,"y":0},{"time":0.6,"x":1.2,"y":0}]}},"events":[{"time":0,"name":"Event","float":0.18,"string":"kHitStopType_normal"},{"time":0,"name":"Sound1","string":"cri_se_battle_kara_h"},{"time":0,"name":"Sound2","string":"setHitSound(se_battle_k_3)"},{"time":0,"name":"Voice","string":"cri_40080_voice_attack_b"},{"time":0.0333,"name":"Event","string":"setHitBackEnemy(50,0)"},{"time":0.1666,"name":"Sound1","string":"cri_se_battle_kara_h"},{"time":0.1666,"name":"Voice","string":"cri_40080_voice_attack_b"},{"time":0.2333,"name":"Hit","string":"resetHitList"},{"time":0.3333,"name":"Event","string":"kImpactType_knock_up"},{"time":0.3333,"name":"Hit","string":"resetHitList"},{"time":0.3333,"name":"Sound1","string":"cri_se_battle_kara_h"},{"time":0.3333,"name":"Voice","string":"cri_40080_voice_attack_b"},{"time":0.4666,"name":"Event","string":"runScript-addSP"}]},"attack7":{"slots":{"DAMAGEAREA":{"attachment":[{"time":0.2666,"name":"DAMAGEAREA"},{"time":0.3333,"name":null},{"time":0.6,"name":"DAMAGEAREA"},{"time":0.7,"name":null}]},"EF_ryuenbu":{"attachment":[{"time":0.5333,"name":"ryu/kof98006-2"},{"time":0.5666,"name":"ryu/kof98008-2"},{"time":0.6,"name":"ryu/kof98010-2"},{"time":0.6333,"name":"ryu/kof98012-2"},{"time":0.6666,"name":"ryu/kof98014-2"},{"time":0.7,"name":"ryu/kof98016-2"},{"time":0.7333,"name":"ryu/kof98018-2"},{"time":0.7666,"name":"ryu/kof98020-2"},{"time":0.8,"name":"ryu/kof98022-2"},{"time":0.8333,"name":"ryu/kof98024-2"},{"time":0.8666,"name":"ryu/kof98026-2"},{"time":0.9,"name":"ryu/kof98028-2"},{"time":0.9333,"name":"ryu/kof98030-2"},{"time":0.9666,"name":"ryu/kof98032-2"},{"time":1,"name":"ryu/kof98034-2"},{"time":1.0333,"name":"ryu/kof98036-2"},{"time":1.0666,"name":"ryu/kof98038-2"},{"time":1.1,"name":"ryu/kof98040-2"},{"time":1.1333,"name":null}]},"MAIN":{"attachment":[{"time":0,"name":"attack/lowXpunch/kof98522"},{"time":0.0666,"name":"attack/lowXpunch/kof98528"},{"time":0.1333,"name":"attack/lowXpunch/kof98529"},{"time":0.2,"name":"attack/lowXpunch/kof98530"},{"time":0.2666,"name":"attack/lowXpunch/kof98531"},{"time":0.3333,"name":"ryu/kof98000"},{"time":0.3666,"name":"ryu/kof98001"},{"time":0.4,"name":"ryu/kof98002"},{"time":0.4333,"name":"ryu/kof98003"},{"time":0.4666,"name":"ryu/kof98004"},{"time":0.5,"name":"ryu/kof98005"},{"time":0.5333,"name":"ryu/kof98006"},{"time":0.5666,"name":"ryu/kof98008"},{"time":0.6,"name":"ryu/kof98010"},{"time":0.6333,"name":"ryu/kof98012"},{"time":0.6666,"name":"ryu/kof98014"},{"time":0.7,"name":"ryu/kof98016"},{"time":0.7333,"name":"ryu/kof98018"},{"time":0.7666,"name":"ryu/kof98020"},{"time":0.8,"name":"ryu/kof98022"},{"time":0.8333,"name":"ryu/kof98024"},{"time":0.8666,"name":"ryu/kof98026"},{"time":0.9,"name":"ryu/kof98028"},{"time":0.9333,"name":"ryu/kof98030"},{"time":0.9666,"name":"ryu/kof98032"},{"time":1,"name":"ryu/kof98034"},{"time":1.0333,"name":"ryu/kof98036"},{"time":1.0666,"name":"ryu/kof98038"},{"time":1.1,"name":"ryu/kof98040"},{"time":1.1333,"name":"ryu/kof98042"},{"time":1.1666,"name":"ryu/kof98043"}]}},"bones":{"DAMAGEAREA":{"translate":[{"time":0.2666,"x":58.05,"y":66.98,"curve":"stepped"},{"time":0.6,"x":151.84,"y":125.04}],"scale":[{"time":0.2666,"x":1.416,"y":1,"curve":"stepped"},{"time":0.6,"x":2.426,"y":1.908}]},"SHADOW-OFFSET":{"translate":[{"time":0.4333,"x":38.7,"y":0,"curve":"stepped"},{"time":0.6666,"x":38.7,"y":0},{"time":0.7,"x":7.25,"y":0},{"time":1,"x":0,"y":0}]}},"events":[{"time":0,"name":"Event","float":0.18,"string":"kHitStopType_normal"},{"time":0,"name":"Sound1","string":"cri_se_battle_kara_h"},{"time":0,"name":"Sound2","string":"setHitSound(se_battle_p_17)"},{"time":0,"name":"Voice","string":"cri_40080_voice_attack_b"},{"time":0.4,"name":"Sound1","string":"cri_se_battle_enbu_1"},{"time":0.4,"name":"Sound2","string":"setHitSound(se_battle_hit_f2)"},{"time":0.4,"name":"Voice","string":"cri_40080_voice_attack_c"},{"time":0.5333,"name":"Sound1","string":"cri_se_battle_hi_2"},{"time":0.5666,"name":"Event","string":"shakeGround"},{"time":0.6,"name":"Event","string":"kImpactType_knock"},{"time":0.6,"name":"Hit","string":"resetHitList"},{"time":0.7,"name":"Event","string":"runScript-addSP"}]},"attack8":{"slots":{"DAMAGEAREA":{"attachment":[{"time":0.2666,"name":"DAMAGEAREA"},{"time":0.3333,"name":null},{"time":0.4666,"name":"DAMAGEAREA"},{"time":0.5333,"name":null},{"time":0.8666,"name":"DAMAGEAREA"},{"time":0.9333,"name":null}]},"MAIN":{"attachment":[{"time":0,"name":"afro/kof98044"},{"time":0.0333,"name":"afro/kof98045"},{"time":0.0666,"name":"afro/kof98046"},{"time":0.1,"name":"afro/kof98047"},{"time":0.1333,"name":"afro/kof98048"},{"time":0.1666,"name":"afro/kof98049"},{"time":0.2,"name":"afro/kof98050"},{"time":0.2333,"name":"afro/kof98051"},{"time":0.2666,"name":"afro/kof98052"},{"time":0.3,"name":"afro/kof98053"},{"time":0.3333,"name":"afro/kof98054"},{"time":0.3666,"name":"afro/kof98055"},{"time":0.4,"name":"afro/kof98056"},{"time":0.4333,"name":"afro/kof98057"},{"time":0.4666,"name":"afro/kof98058"},{"time":0.5,"name":"afro/kof98059"},{"time":0.5333,"name":"afro/kof98060"},{"time":0.5666,"name":"afro/kof98061"},{"time":0.6,"name":"afro/kof98062"},{"time":0.6333,"name":"afro/kof98063"},{"time":0.6666,"name":"afro/kof98064"},{"time":0.7,"name":"afro/kof98065"},{"time":0.7333,"name":"afro/kof98066"},{"time":0.7666,"name":"afro/kof98067"},{"time":0.8,"name":"afro/kof98068"},{"time":0.8333,"name":"afro/kof98069"},{"time":0.8666,"name":"afro/kof98070"},{"time":0.9,"name":"afro/kof98071"},{"time":0.9333,"name":"afro/kof98072"},{"time":0.9666,"name":"afro/kof98073"},{"time":1,"name":"afro/kof98074"},{"time":1.0333,"name":"afro/kof98075"},{"time":1.0666,"name":"afro/kof98076"},{"time":1.1,"name":"afro/kof98077"},{"time":1.1333,"name":"afro/kof98078"},{"time":1.1666,"name":"afro/kof98079"}]}},"bones":{"DAMAGEAREA":{"translate":[{"time":0.2666,"x":105.69,"y":135.46},{"time":0.8666,"x":196.5,"y":135.46}],"scale":[{"time":0.2666,"x":1.684,"y":2.052}]},"MAIN":{"translate":[{"time":0,"x":0,"y":0},{"time":0.0333,"x":-28.88,"y":0,"curve":"stepped"},{"time":0.1,"x":-16.27,"y":0},{"time":0.8666,"x":111.84,"y":0}]},"SHADOW-OFFSET":{"translate":[{"time":0.8,"x":-13.3,"y":0}]}},"events":[{"time":0,"name":"Event","float":0.18,"string":"kHitStopType_enemyonly"},{"time":0,"name":"Sound1","string":"cri_se_battle_mai_kasa"},{"time":0,"name":"Sound2","string":"setHitSound(se_battle_p_17)"},{"time":0,"name":"Voice","string":"cri_40080_voice_attack_d"},{"time":0.0333,"name":"Event","string":"setHitBackEnemy(50,0)"},{"time":0.2,"name":"Sound1","string":"cri_se_battle_mai_kasa"},{"time":0.4,"name":"Sound1","string":"cri_se_battle_mai_kasa"},{"time":0.4666,"name":"Hit","string":"resetHitList"},{"time":0.6,"name":"Sound1","string":"cri_se_battle_mai_kasa"},{"time":0.8,"name":"Event","float":0.18,"string":"kHitStopType_normal"},{"time":0.8666,"name":"Hit","string":"resetHitList"},{"time":0.9333,"name":"Event","string":"runScript-addSP"}]},"attack9":{"slots":{"DAMAGEAREA":{"attachment":[{"time":0.2666,"name":"DAMAGEAREA"},{"time":0.3666,"name":null}]},"EF_ryuenbu":{"attachment":[{"time":0.2,"name":"ryu/kof98006-2"},{"time":0.2333,"name":"ryu/kof98008-2"},{"time":0.2666,"name":"ryu/kof98010-2"},{"time":0.3,"name":"ryu/kof98012-2"},{"time":0.3333,"name":"ryu/kof98014-2"},{"time":0.3666,"name":"ryu/kof98016-2"},{"time":0.4,"name":"ryu/kof98018-2"},{"time":0.4333,"name":"ryu/kof98020-2"},{"time":0.4666,"name":"ryu/kof98022-2"},{"time":0.5,"name":"ryu/kof98024-2"},{"time":0.5333,"name":"ryu/kof98026-2"},{"time":0.5666,"name":"ryu/kof98028-2"},{"time":0.6,"name":"ryu/kof98030-2"},{"time":0.6333,"name":"ryu/kof98032-2"},{"time":0.6666,"name":"ryu/kof98034-2"},{"time":0.7,"name":"ryu/kof98036-2"},{"time":0.7333,"name":"ryu/kof98038-2"},{"time":0.7666,"name":"ryu/kof98040-2"},{"time":0.8,"name":null}]},"MAIN":{"attachment":[{"time":0,"name":"ryu/kof98000"},{"time":0.0333,"name":"ryu/kof98001"},{"time":0.0666,"name":"ryu/kof98002"},{"time":0.1,"name":"ryu/kof98003"},{"time":0.1333,"name":"ryu/kof98004"},{"time":0.1666,"name":"ryu/kof98005"},{"time":0.2,"name":"ryu/kof98006"},{"time":0.2333,"name":"ryu/kof98008"},{"time":0.2666,"name":"ryu/kof98010"},{"time":0.3,"name":"ryu/kof98012"},{"time":0.3333,"name":"ryu/kof98014"},{"time":0.3666,"name":"ryu/kof98016"},{"time":0.4,"name":"ryu/kof98018"},{"time":0.4333,"name":"ryu/kof98020"},{"time":0.4666,"name":"ryu/kof98022"},{"time":0.5,"name":"ryu/kof98024"},{"time":0.5333,"name":"ryu/kof98026"},{"time":0.5666,"name":"ryu/kof98028"},{"time":0.6,"name":"ryu/kof98030"},{"time":0.6333,"name":"ryu/kof98032"},{"time":0.6666,"name":"ryu/kof98034"},{"time":0.7,"name":"ryu/kof98036"},{"time":0.7333,"name":"ryu/kof98038"},{"time":0.7666,"name":"ryu/kof98040"},{"time":0.8,"name":"ryu/kof98042"},{"time":0.8333,"name":"ryu/kof98043"}]}},"bones":{"DAMAGEAREA":{"translate":[{"time":0.2666,"x":142.53,"y":135.44}],"scale":[{"time":0.2666,"x":2.209,"y":2.063}]},"SHADOW-OFFSET":{"translate":[{"time":0.1333,"x":32.65,"y":0}]}},"events":[{"time":0,"name":"Event","float":0.18,"string":"kHitStopType_normal"},{"time":0,"name":"Sound1","string":"cri_se_battle_enbu_1"},{"time":0,"name":"Sound2","string":"setHitSound(se_battle_hit_f2)"},{"time":0,"name":"Voice","string":"cri_40080_voice_attack_c"},{"time":0.2,"name":"Sound1","string":"cri_se_battle_hi_2"},{"time":0.2333,"name":"Event","string":"shakeGround"},{"time":0.2666,"name":"Event","string":"kImpactType_knock"},{"time":0.3666,"name":"Event","string":"runScript-addSP"}]},"attack10":{"slots":{"MAIN":{"attachment":[{"time":0,"name":"dash/mai_d (1)"},{"time":0.0666,"name":"dash/mai_d (2)"},{"time":0.1333,"name":"dash/mai_d (3)"},{"time":0.2,"name":"dash/mai_d (4)"},{"time":0.2666,"name":"dash/mai_d (5)"},{"time":0.3333,"name":"dash/mai_d (6)"}]}},"bones":{"body_main":{"translate":[{"time":0,"x":-96.28,"y":0},{"time":0.3333,"x":80.83,"y":0}]},"MAIN":{"translate":[{"time":0,"x":2.4,"y":0},{"time":0.3333,"x":178.15,"y":0}]}},"events":[{"time":0,"name":"Sound1","string":"cri_se_battle_run_n"}]},"attack11":{"slots":{"MAIN":{"attachment":[{"time":0,"name":"dash/mai_d (1)"},{"time":0.0666,"name":"dash/mai_d (2)"},{"time":0.1333,"name":"dash/mai_d (3)"}]}},"bones":{"body_main":{"translate":[{"time":0,"x":-102.91,"y":0},{"time":0.1333,"x":25.14,"y":0}]},"MAIN":{"translate":[{"time":0,"x":-0.58,"y":0},{"time":0.1333,"x":117.33,"y":0}]}}},"attack12":{"slots":{"MAIN":{"attachment":[{"time":0,"name":"back/kof98562"},{"time":0.0333,"name":"back/kof98563"},{"time":0.0666,"name":"back/kof98564"},{"time":0.1,"name":"back/kof98565"},{"time":0.1333,"name":"back/kof98566"},{"time":0.1666,"name":"back/kof98567"},{"time":0.2,"name":"back/kof98568"},{"time":0.2333,"name":"back/kof98569"},{"time":0.2666,"name":"back/kof98570"},{"time":0.3,"name":"back/kof98571"},{"time":0.3333,"name":"back/kof98572"}]}},"bones":{"body_main":{"translate":[{"time":0,"x":15.41,"y":0}]},"MAIN":{"translate":[{"time":0,"x":0.3,"y":0},{"time":0.3333,"x":-178.8,"y":0}]},"SHADOW-OFFSET":{"translate":[{"time":0,"x":-11.92,"y":0},{"time":0.3333,"x":-11.57,"y":0}]}}},"attack10old":{"slots":{"MAIN":{"attachment":[{"time":0,"name":"attack/lowZkick/kof98523"},{"time":0.0333,"name":"attack/lowZkick/kof98524"},{"time":0.0666,"name":"attack/lowZkick/kof98525"},{"time":0.1,"name":"attack/lowZkick/kof98526"},{"time":0.1333,"name":"attack/lowZkick/kof98527"}]}}},"attack11old":{"slots":{"MAIN":{"attachment":[{"time":0,"name":"attack/lowXpunch/kof98522"},{"time":0.0333,"name":"attack/lowXpunch/kof98528"},{"time":0.0666,"name":"attack/lowXpunch/kof98529"},{"time":0.1,"name":"attack/lowXpunch/kof98530"},{"time":0.1333,"name":"attack/lowXpunch/kof98531"},{"time":0.1666,"name":"attack/lowXpunch/kof98532"},{"time":0.2,"name":"attack/lowXpunch/kof98533"},{"time":0.2333,"name":"attack/lowXpunch/kof98534"}]}}},"attack12old":{"slots":{"MAIN":{"attachment":[{"time":0,"name":"attack/lowXkick/kof98535"},{"time":0.0333,"name":"attack/lowXkick/kof98536"},{"time":0.0666,"name":"attack/lowXkick/kof98537"},{"time":0.1,"name":"attack/lowXkick/kof98538"},{"time":0.1333,"name":"attack/lowXkick/kof98539"},{"time":0.1666,"name":"attack/lowXkick/kof98540"},{"time":0.2,"name":"attack/lowXkick/kof98541"},{"time":0.2333,"name":"attack/lowXkick/kof98542"},{"time":0.2666,"name":"attack/lowXkick/kof98543"},{"time":0.3,"name":"attack/lowXkick/kof98544"},{"time":0.3333,"name":"attack/lowXkick/kof98545"},{"time":0.3666,"name":"attack/lowXkick/kof98546"}]}}},"attack1old":{"slots":{"MAIN":{"attachment":[{"time":0,"name":"attack/nearZpunch/kof98607"},{"time":0.0333,"name":"attack/nearZpunch/kof98608"},{"time":0.0666,"name":"attack/nearZpunch/kof98609"},{"time":0.1,"name":"attack/nearZpunch/kof98610"},{"time":0.1333,"name":"attack/nearZpunch/kof98611"},{"time":0.1666,"name":"attack/nearZpunch/kof98612"},{"time":0.2,"name":"attack/nearZpunch/kof98613"}]}},"bones":{"MAIN":{"translate":[{"time":0,"x":0,"y":0},{"time":0.0666,"x":135.66,"y":0},{"time":0.1333,"x":149.66,"y":0},{"time":0.2,"x":105.51,"y":0}]}}},"attack2old":{"slots":{"MAIN":{"attachment":[{"time":0,"name":"attack/nearZkick/kof98614"},{"time":0.0333,"name":"attack/nearZkick/kof98615"},{"time":0.0666,"name":"attack/nearZkick/kof98616"},{"time":0.1,"name":"attack/nearZkick/kof98617"},{"time":0.1333,"name":"attack/nearZkick/kof98618"},{"time":0.1666,"name":"attack/nearZkick/kof98619"}]}},"bones":{"MAIN":{"translate":[{"time":0,"x":0,"y":0},{"time":0.0666,"x":-64.6,"y":0},{"time":0.1666,"x":0,"y":0}]}}},"attack3old":{"slots":{"MAIN":{"attachment":[{"time":0,"name":"attack/nearXpunch/kof98620"},{"time":0.0333,"name":"attack/nearXpunch/kof98621"},{"time":0.0666,"name":"attack/nearXpunch/kof98622"},{"time":0.1,"name":"attack/nearXpunch/kof98623"},{"time":0.1333,"name":"attack/nearXpunch/kof98624"},{"time":0.1666,"name":"attack/nearXpunch/kof98625"}]}},"bones":{"MAIN":{"translate":[{"time":0,"x":0,"y":0},{"time":0.0666,"x":61.37,"y":0}]}}},"attack4old":{"slots":{"MAIN":{"attachment":[{"time":0,"name":"attack/nearXkick/kof98626"},{"time":0.0333,"name":"attack/nearXkick/kof98627"},{"time":0.0666,"name":"attack/nearXkick/kof98628"},{"time":0.1,"name":"attack/nearXkick/kof98629"},{"time":0.1333,"name":"attack/nearXkick/kof98630"},{"time":0.1666,"name":"attack/nearXkick/kof98631"},{"time":0.2,"name":"attack/nearXkick/kof98632"},{"time":0.2333,"name":"attack/nearXkick/kof98633"},{"time":0.2666,"name":"attack/nearXkick/kof98634"}]}},"bones":{"MAIN":{"translate":[{"time":0,"x":0,"y":0},{"time":0.1,"x":-29.07,"y":0},{"time":0.2,"x":0,"y":0}]}}},"attack5old":{"slots":{"MAIN":{"attachment":[{"time":0,"name":"attack/farZpunch/kof98448"},{"time":0.0333,"name":"attack/farZpunch/kof98449"},{"time":0.0666,"name":"attack/farZpunch/kof98450"},{"time":0.1,"name":"attack/farZpunch/kof98451"},{"time":0.1333,"name":"attack/farZpunch/kof98452"},{"time":0.1666,"name":"attack/farZpunch/kof98453"}]}},"bones":{"MAIN":{"translate":[{"time":0,"x":0,"y":0},{"time":0.0333,"x":43.06,"y":0,"curve":"stepped"},{"time":0.1,"x":43.06,"y":0},{"time":0.1333,"x":0,"y":0}]}}},"attack6old":{"slots":{"MAIN":{"attachment":[{"time":0,"name":"attack/farZkick/kof98487"},{"time":0.0333,"name":"attack/farZkick/kof98488"},{"time":0.0666,"name":"attack/farZkick/kof98489"},{"time":0.1,"name":"attack/farZkick/kof98490"},{"time":0.1333,"name":"attack/farZkick/kof98491"},{"time":0.1666,"name":"attack/farZkick/kof98492"},{"time":0.2,"name":"attack/farZkick/kof98493"},{"time":0.2333,"name":"attack/farZkick/kof98494"}]}},"bones":{"MAIN":{"translate":[{"time":0,"x":0,"y":0},{"time":0.0666,"x":80.75,"y":0,"curve":"stepped"},{"time":0.1666,"x":80.75,"y":0},{"time":0.2333,"x":0,"y":0}]}}},"attack7old":{"slots":{"MAIN":{"attachment":[{"time":0,"name":"attack/farXpunch/kof98502"},{"time":0.0333,"name":"attack/farXpunch/kof98495"},{"time":0.0666,"name":"attack/farXpunch/kof98496"},{"time":0.1,"name":"attack/farXpunch/kof98497"},{"time":0.1333,"name":"attack/farXpunch/kof98498"},{"time":0.1666,"name":"attack/farXpunch/kof98499"},{"time":0.2,"name":"attack/farXpunch/kof98500"},{"time":0.2333,"name":"attack/farXpunch/kof98501"},{"time":0.2666,"name":"attack/farXpunch/kof98502"}]}},"bones":{"MAIN":{"translate":[{"time":0,"x":0,"y":0}]}}},"attack8old":{"slots":{"MAIN":{"attachment":[{"time":0,"name":"attack/farXkick/kof98503"},{"time":0.0666,"name":"attack/farXkick/kof98504"},{"time":0.1333,"name":"attack/farXkick/kof98505"},{"time":0.2,"name":"attack/farXkick/kof98506"},{"time":0.2666,"name":"attack/farXkick/kof98507"},{"time":0.3333,"name":"attack/farXkick/kof98508"},{"time":0.4,"name":"attack/farXkick/kof98509"},{"time":0.4666,"name":"attack/farXkick/kof98510"},{"time":0.5333,"name":"attack/farXkick/kof98511"}]}},"bones":{"MAIN":{"translate":[{"time":0,"x":-38.75,"y":0},{"time":0.2,"x":-78.58,"y":0},{"time":0.3333,"x":87.21,"y":0}]}}},"attack9old":{"slots":{"MAIN":{"attachment":[{"time":0,"name":"attack/lowZpunch/kof98513"},{"time":0.0333,"name":"attack/lowZpunch/kof98514"},{"time":0.0666,"name":"attack/lowZpunch/kof98515"},{"time":0.1,"name":"attack/lowZpunch/kof98516"},{"time":0.1333,"name":"attack/lowZpunch/kof98517"},{"time":0.1666,"name":"attack/lowZpunch/kof98518"},{"time":0.2,"name":"attack/lowZpunch/kof98519"},{"time":0.2333,"name":"attack/lowZpunch/kof98520"},{"time":0.2666,"name":"attack/lowZpunch/kof98521"}]}}},"back":{"slots":{"MAIN":{"attachment":[{"time":0,"name":"back/kof98562"},{"time":0.0333,"name":"back/kof98563"},{"time":0.0666,"name":"back/kof98564"},{"time":0.1,"name":"back/kof98565"},{"time":0.1333,"name":"back/kof98566"},{"time":0.1666,"name":"back/kof98567"},{"time":0.2,"name":"back/kof98568"},{"time":0.2333,"name":"back/kof98569"},{"time":0.2666,"name":"back/kof98570"},{"time":0.3,"name":"back/kof98571"},{"time":0.3333,"name":"back/kof98572"},{"time":0.3666,"name":"back/kof98573"},{"time":0.4,"name":"back/kof98574"},{"time":0.4333,"name":"back/kof98575"},{"time":0.4666,"name":"back/kof98576"},{"time":0.5,"name":"back/kof98577"},{"time":0.5333,"name":"back/kof98578"},{"time":0.5666,"name":"back/kof98579"},{"time":0.6,"name":"back/kof98580"},{"time":0.6333,"name":"back/kof98581"}]}},"bones":{"MAIN":{"translate":[{"time":0,"x":0,"y":0},{"time":0.6333,"x":-333.78,"y":0}]}}},"damage":{"slots":{"MAIN":{"attachment":[{"time":0,"name":"damage/damage1/kof98582"},{"time":0.0333,"name":"damage/damage1/kof98583"},{"time":0.0666,"name":"damage/damage1/kof98584"},{"time":0.1,"name":"damage/damage1/kof98585"},{"time":0.1333,"name":"damage/damage1/kof98586"},{"time":0.1666,"name":"damage/damage1/kof98587"},{"time":0.2,"name":"damage/damage1/kof98588"},{"time":0.7333,"name":"damage/damage1/kof98589"}]}},"bones":{"MAIN":{"translate":[{"time":0,"x":0,"y":0},{"time":0.1,"x":-67.83,"y":0},{"time":0.7333,"x":-62.44,"y":0}]}}},"damage2":{"slots":{"MAIN":{"attachment":[{"time":0,"name":"damage/damage2/kof98590"},{"time":0.0333,"name":"damage/damage2/kof98591"},{"time":0.0666,"name":"damage/damage2/kof98592"},{"time":0.1,"name":"damage/damage2/kof98593"},{"time":0.1333,"name":"damage/damage2/kof98594"},{"time":0.1666,"name":"damage/damage2/kof98595"}]}},"bones":{"MAIN":{"translate":[{"time":0,"x":0,"y":0},{"time":0.1666,"x":-52.75,"y":0}]}}},"damage3":{"slots":{"MAIN":{"attachment":[{"time":0,"name":"damage/damage3/kof98596"},{"time":0.0333,"name":"damage/damage3/kof98597"},{"time":0.0666,"name":"damage/damage3/kof98598"},{"time":0.1,"name":"damage/damage3/kof98599"},{"time":0.1333,"name":"damage/damage3/kof98600"},{"time":0.1666,"name":"damage/damage3/kof98601"},{"time":0.2,"name":"damage/damage3/kof98602"},{"time":0.2333,"name":"damage/damage3/kof98603"},{"time":0.2666,"name":"damage/damage3/kof98604"},{"time":0.3,"name":"damage/damage3/kof98605"},{"time":0.3333,"name":"damage/damage3/kof98606"}]}},"bones":{"MAIN":{"translate":[{"time":0,"x":0,"y":0},{"time":0.0333,"x":29.07,"y":0},{"time":0.2,"x":-85.06,"y":0}]}}},"front":{"slots":{"MAIN":{"attachment":[{"time":0,"name":"dash/mai_d (1)"},{"time":0.0666,"name":"dash/mai_d (2)"},{"time":0.1333,"name":"dash/mai_d (3)"},{"time":0.2,"name":"dash/mai_d (4)"},{"time":0.2666,"name":"dash/mai_d (5)"},{"time":0.3333,"name":"dash/mai_d (6)"}]}},"bones":{"MAIN":{"translate":[{"time":0,"x":172.27,"y":0}]}}},"idle":{"slots":{"MAIN":{"attachment":[{"time":0,"name":"dash/mai_n (1)"},{"time":0.0666,"name":"dash/mai_n (2)"},{"time":0.1333,"name":"dash/mai_n (3)"},{"time":0.2,"name":"dash/mai_n (4)"},{"time":0.2666,"name":"dash/mai_n (5)"},{"time":0.3333,"name":"dash/mai_n (6)"},{"time":0.4,"name":"dash/mai_n (7)"},{"time":0.4666,"name":"dash/mai_n (8)"},{"time":0.5333,"name":"dash/mai_n (9)"},{"time":0.6,"name":"dash/mai_n (10)"},{"time":0.6666,"name":"dash/mai_n (11)"},{"time":0.7333,"name":"dash/mai_n (12)"},{"time":0.8,"name":"dash/mai_n (13)"},{"time":0.8666,"name":"dash/mai_n (14)"},{"time":0.9333,"name":"dash/mai_n (15)"},{"time":1,"name":"dash/mai_n (16)"},{"time":1.0666,"name":"dash/mai_n (17)"},{"time":1.1333,"name":"dash/mai_n (18)"}]}}},"in":{"slots":{"MAIN":{"attachment":[{"time":0,"name":"dash/mai_d (1)"},{"time":0.0666,"name":"dash/mai_d (2)"},{"time":0.1333,"name":"dash/mai_d (3)"},{"time":0.2,"name":"dash/mai_d (4)"},{"time":0.2666,"name":"dash/mai_d (5)"},{"time":0.3333,"name":"dash/mai_d (6)"},{"time":0.4,"name":"dash/mai_d (2)"},{"time":0.4666,"name":"dash/mai_d (3)"},{"time":0.5333,"name":"dash/mai_d (4)"},{"time":0.6,"name":"dash/mai_d (5)"},{"time":0.6666,"name":"dash/mai_d (6)"},{"time":0.7333,"name":"dash/mai_n (1)"}]}},"bones":{"body_main":{"translate":[{"time":0,"x":-494,"y":0},{"time":0.6666,"x":-138.25,"y":0,"curve":"stepped"},{"time":0.7333,"x":-3.77,"y":0}]},"MAIN":{"translate":[{"time":0,"x":-255.04,"y":0},{"time":0.7333,"x":-3.64,"y":0}]}},"events":[{"time":0,"name":"Voice","string":"cri_40080_voice_battlestart"},{"time":0.1,"name":"Sound1","string":"cri_se_battle_landing"},{"time":0.2666,"name":"Sound1","string":"cri_se_battle_landing"},{"time":0.4333,"name":"Sound1","string":"cri_se_battle_landing"},{"time":0.6,"name":"Sound1","string":"cri_se_battle_landing"}]},"out":{"slots":{"MAIN":{"attachment":[{"time":0,"name":"down/kof98125"},{"time":0.0666,"name":"down/kof98126"},{"time":0.1333,"name":"down/kof98127"},{"time":0.2,"name":"down/kof98128"},{"time":0.2666,"name":"down/kof98130"},{"time":0.3333,"name":"down/kof98131"},{"time":0.4,"name":"down/kof98132"},{"time":0.4666,"name":"down/kof98133"},{"time":0.5333,"name":"down/kof98134"},{"time":0.6,"name":"down/kof98135"},{"time":0.6666,"name":"down/kof98136"},{"time":0.7333,"name":"down/kof98137"},{"time":0.8,"name":"down/kof98138"},{"time":0.8666,"name":"down/kof98139"},{"time":0.9333,"name":"down/kof98140"},{"time":1,"name":"down/kof98141"},{"time":1.0666,"name":"down/kof98142"},{"time":1.1333,"name":"down/kof98143"},{"time":1.2,"name":"down/kof98144"},{"time":1.2666,"name":"down/kof98145"},{"time":1.3333,"name":"down/kof98146"},{"time":1.4,"name":"down/kof98147"}]}},"bones":{"MAIN":{"translate":[{"time":0,"x":0,"y":0},{"time":0.7,"x":-78.6,"y":0},{"time":1.4,"x":-134.4,"y":0}]},"SHADOW-OFFSET":{"scale":[{"time":0.7,"x":1,"y":1},{"time":0.9666,"x":1.666,"y":1}]}},"events":[{"time":0,"name":"Event","string":"addOrbitSystemCamera_out"},{"time":0,"name":"Sound1","string":"cri_se_battle_ko_hit2"},{"time":0,"name":"Voice","string":"cri_40080_voice_down"},{"time":1,"name":"Sound1","string":"cri_se_battle_bound_1"},{"time":1.3333,"name":"Sound1","string":"cri_se_battle_bound_1"}]},"skill1":{"slots":{"DAMAGEAREA":{"attachment":[{"time":0.5333,"name":"DAMAGEAREA"},{"time":0.6,"name":null},{"time":0.8333,"name":"DAMAGEAREA"},{"time":1.5333,"name":null}]},"EF_ninpou":{"attachment":[{"time":1.5333,"name":"hachi/kof98109-2"},{"time":1.5666,"name":"hachi/kof98111-2"},{"time":1.6,"name":"hachi/kof98113-2"},{"time":1.6333,"name":"hachi/kof98115-2"},{"time":1.6666,"name":"hachi/kof98117-2"},{"time":1.7,"name":"hachi/kof98118-2"},{"time":1.7333,"name":"hachi/kof98120-2"},{"time":1.7666,"name":"hachi/kof98122-2"},{"time":1.8,"name":"hachi/kof98124-2"},{"time":1.8333,"name":"hachi/kof98126-2"},{"time":1.8666,"name":"hachi/kof98128-2"},{"time":1.9,"name":null}]},"MAIN":{"attachment":[{"time":0,"name":"hachi/kof98072"},{"time":0.3333,"name":"hachi/kof98073"},{"time":0.3666,"name":"hachi/kof98074"},{"time":0.4,"name":"hachi/kof98075"},{"time":0.4333,"name":"hachi/kof98076"},{"time":0.4666,"name":"hachi/kof98077"},{"time":0.5,"name":"hachi/kof98078"},{"time":0.5333,"name":"hachi/kof98079"},{"time":0.5666,"name":"hachi/kof98080"},{"time":0.6,"name":"hachi/kof98081"},{"time":0.6333,"name":"hachi/kof98082"},{"time":0.6666,"name":"hachi/kof98083"},{"time":0.7,"name":"hachi/kof98084"},{"time":0.7333,"name":"hachi/kof98085"},{"time":0.7666,"name":"hachi/kof98086"},{"time":0.8,"name":"hachi/kof98087"},{"time":0.8333,"name":"hachi/kof98088"},{"time":0.8666,"name":"hachi/kof98089"},{"time":0.9,"name":"hachi/kof98090"},{"time":0.9333,"name":"hachi/kof98091"},{"time":0.9666,"name":"hachi/kof98092"},{"time":1,"name":"hachi/kof98093"},{"time":1.0333,"name":"hachi/kof98094"},{"time":1.0666,"name":"hachi/kof98095"},{"time":1.1,"name":"hachi/kof98096"},{"time":1.1333,"name":"hachi/kof98097"},{"time":1.1666,"name":"hachi/kof98098"},{"time":1.2,"name":"hachi/kof98099"},{"time":1.2333,"name":"hachi/kof98100"},{"time":1.2666,"name":"hachi/kof98101"},{"time":1.3,"name":"hachi/kof98102"},{"time":1.3333,"name":"hachi/kof98103"},{"time":1.3666,"name":"hachi/kof98104"},{"time":1.4,"name":"hachi/kof98105"},{"time":1.4333,"name":"hachi/kof98106"},{"time":1.4666,"name":"hachi/kof98107"},{"time":1.5,"name":"hachi/kof98108"},{"time":1.5333,"name":"hachi/kof98109"},{"time":1.5666,"name":"hachi/kof98111"},{"time":1.6,"name":"hachi/kof98113"},{"time":1.6333,"name":"hachi/kof98115"},{"time":1.6666,"name":"hachi/kof98118"},{"time":1.7,"name":"hachi/kof98120"},{"time":1.7333,"name":"hachi/kof98122"},{"time":1.7666,"name":"hachi/kof98124"},{"time":1.8,"name":"hachi/kof98126"},{"time":1.8333,"name":"hachi/kof98128"},{"time":1.8666,"name":"hachi/kof98130"},{"time":1.9,"name":"hachi/kof98131"}]}},"bones":{"DAMAGEAREA":{"translate":[{"time":0.5333,"x":138.82,"y":113.43,"curve":"stepped"},{"time":0.8333,"x":201.74,"y":119.72},{"time":1.5,"x":562.46,"y":119.72}],"scale":[{"time":0.5333,"x":2.152,"y":1.756}]},"body_main":{"translate":[{"time":1.5333,"x":194.99,"y":0}]},"MAIN":{"translate":[{"time":0,"x":-9.67,"y":0},{"time":0.4333,"x":50.08,"y":0},{"time":0.8,"x":215.66,"y":0},{"time":1.2,"x":368.74,"y":0},{"time":1.6333,"x":642.92,"y":0},{"time":1.6666,"x":770.03,"y":0}]}},"events":[{"time":0,"name":"Event","string":"whiteOut(0,0.1,0.2)"},{"time":0,"name":"Voice","string":"cri_40080_voice_skill_a"},{"time":0.0333,"name":"Event","string":"blackOutBack(0,0.466,0)"},{"time":0.0666,"name":"Event","string":"shakeGround"},{"time":0.1,"name":"Event","float":0.18,"string":"kHitStopType_enemyonly"},{"time":0.1333,"name":"Event","string":"setHitBackEnemy(70,0)"},{"time":0.2333,"name":"Sound1","string":"cri_se_battle_kara_h"},{"time":0.2333,"name":"Sound2","string":"setHitSound(se_battle_p_17)"},{"time":0.7333,"name":"Sound1","string":"cri_se_battle_syo_jmp2"},{"time":0.8333,"name":"Hit","string":"resetHitList"},{"time":0.8333,"name":"Sound1","string":"cri_se_battle_hit_f2"},{"time":0.8333,"name":"Voice","string":"cri_40080_voice_skill_b"},{"time":0.9666,"name":"Hit","string":"resetHitList"},{"time":1.1333,"name":"Hit","string":"resetHitList"},{"time":1.3,"name":"Hit","string":"resetHitList"},{"time":1.3666,"name":"Event","string":"kImpactType_knock"},{"time":1.4333,"name":"Event","string":"shakeGround"},{"time":1.4666,"name":"Event","float":0.18,"string":"kHitStopType_normal"},{"time":1.4666,"name":"Hit","string":"resetHitList"}]},"skill2":{"slots":{"DAMAGEAREA":{"attachment":[{"time":1.3,"name":"DAMAGEAREA"},{"time":1.8,"name":null}]},"EF_houou":{"attachment":[{"time":1.3,"name":"houou/kof98110-2"},{"time":1.3333,"name":"houou/kof98112-2"},{"time":1.3666,"name":"houou/kof98114-2"},{"time":1.4,"name":"houou/kof98116-2"},{"time":1.4333,"name":"houou/kof98120-2"},{"time":1.4666,"name":"houou/kof98122-2"},{"time":1.5,"name":"houou/kof98124-2"},{"time":1.5333,"name":"houou/kof98126-2"},{"time":1.5666,"name":"houou/kof98128-2"},{"time":1.6,"name":"houou/kof98130-2"},{"time":1.6333,"name":"houou/kof98132-2"},{"time":1.6666,"name":"houou/kof98134-2"},{"time":1.7,"name":"houou/kof98136-2"},{"time":1.7333,"name":"houou/kof98138-2"},{"time":1.7666,"name":"houou/kof98140-2"},{"time":1.8,"name":"houou/kof98142-2"},{"time":1.8333,"name":"houou/kof98144-2"},{"time":1.8666,"name":"houou/kof98146-2"},{"time":1.9,"name":"houou/kof98148-2"},{"time":1.9333,"name":"houou/kof98150-2"},{"time":1.9666,"name":"houou/kof98152-2"},{"time":2,"name":"houou/kof98154-2"},{"time":2.0333,"name":"houou/kof98156-2"},{"time":2.0666,"name":"houou/kof98158-2"},{"time":2.1,"name":"houou/kof98160-2"},{"time":2.1333,"name":null}]},"EF_houou-2":{"attachment":[{"time":1.3,"name":"houou/kof98120-2"},{"time":1.3333,"name":"houou/kof98120-3"},{"time":1.3666,"name":null}]},"MAIN":{"attachment":[{"time":0,"name":"houou/kof98080"},{"time":0.3333,"name":"houou/kof98081"},{"time":0.3666,"name":"houou/kof98082"},{"time":0.4,"name":"houou/kof98083"},{"time":0.4333,"name":"houou/kof98084"},{"time":0.4666,"name":"houou/kof98085"},{"time":0.5,"name":"houou/kof98086"},{"time":0.5333,"name":"houou/kof98087"},{"time":0.5666,"name":"houou/kof98088"},{"time":0.6,"name":"houou/kof98089"},{"time":0.6333,"name":"houou/kof98090"},{"time":0.6666,"name":"houou/kof98091"},{"time":0.7,"name":"houou/kof98092"},{"time":0.7333,"name":"houou/kof98093"},{"time":0.7666,"name":"houou/kof98094"},{"time":0.8,"name":"houou/kof98095"},{"time":0.8333,"name":"houou/kof98096"},{"time":0.8666,"name":"houou/kof98097"},{"time":0.9,"name":"houou/kof98098"},{"time":0.9333,"name":"houou/kof98099"},{"time":0.9666,"name":"houou/kof98100"},{"time":1,"name":"houou/kof98101"},{"time":1.0333,"name":"houou/kof98102"},{"time":1.0666,"name":"houou/kof98103"},{"time":1.1,"name":"houou/kof98104"},{"time":1.1333,"name":"houou/kof98105"},{"time":1.1666,"name":"houou/kof98106"},{"time":1.2,"name":"houou/kof98107"},{"time":1.2333,"name":"houou/kof98108"},{"time":1.2666,"name":"houou/kof98109"},{"time":1.3,"name":"houou/kof98110"},{"time":1.3333,"name":"houou/kof98112"},{"time":1.3666,"name":"houou/kof98114"},{"time":1.4,"name":"houou/kof98116"},{"time":1.4333,"name":"houou/kof98118"},{"time":1.4666,"name":"houou/kof98120"},{"time":1.5,"name":"houou/kof98122"},{"time":1.5333,"name":"houou/kof98124"},{"time":1.5666,"name":"houou/kof98126"},{"time":1.6,"name":"houou/kof98128"},{"time":1.6333,"name":"houou/kof98130"},{"time":1.6666,"name":"houou/kof98132"},{"time":1.7,"name":"houou/kof98134"},{"time":1.7333,"name":"houou/kof98136"},{"time":1.7666,"name":"houou/kof98138"},{"time":1.8,"name":"houou/kof98140"},{"time":1.8333,"name":"houou/kof98142"},{"time":1.8666,"name":"houou/kof98144"},{"time":1.9,"name":"houou/kof98146"},{"time":1.9333,"name":"houou/kof98148"},{"time":1.9666,"name":"houou/kof98150"},{"time":2,"name":"houou/kof98152"},{"time":2.0333,"name":"houou/kof98154"},{"time":2.0666,"name":"houou/kof98156"},{"time":2.1,"name":"houou/kof98158"},{"time":2.1333,"name":"houou/kof98160"},{"time":2.1666,"name":"houou/kof98162"}]}},"bones":{"DAMAGEAREA":{"translate":[{"time":1.3,"x":197.36,"y":335.05},{"time":1.7,"x":296.37,"y":153.08}],"scale":[{"time":1.3,"x":3.199,"y":3.086}]},"MAIN":{"translate":[{"time":0,"x":0,"y":0},{"time":0.8,"x":109.66,"y":0},{"time":1.2666,"x":182.21,"y":0},{"time":1.7666,"x":307.06,"y":0}]}},"events":[{"time":0,"name":"Event","string":"whiteOut(0,0.1,0.2)"},{"time":0.0333,"name":"Event","string":"blackOutBack(0,0.466,0)"},{"time":0.0666,"name":"Event","string":"shakeGround"},{"time":0.3333,"name":"Sound1","string":"cri_se_battle_kohou_l"},{"time":0.5333,"name":"Event","float":0.18,"string":"kHitStopType_enemyonly"},{"time":0.5666,"name":"Event","string":"setHitBackEnemy(10,0)"},{"time":1.2333,"name":"Voice","string":"cri_40080_voice_skill_c"},{"time":1.3,"name":"Event","string":"shakeGround"},{"time":1.3,"name":"Sound1","string":"cri_se_battle_sara_2"},{"time":1.3,"name":"Sound2","string":"cri_se_battle_f_hit_f"},{"time":1.3,"name":"Sound3","string":"setHitSound(se_battle_hi_2)"},{"time":1.4,"name":"Hit","string":"resetHitList"},{"time":1.5,"name":"Hit","string":"resetHitList"},{"time":1.6,"name":"Hit","string":"resetHitList"},{"time":1.7,"name":"Event","string":"shakeGround"},{"time":1.7333,"name":"Event","float":0.18,"string":"kHitStopType_normal"},{"time":1.7666,"name":"Hit","string":"resetHitList"}]},"skill1old":{"slots":{"MAIN":{"attachment":[{"time":0,"name":"afro/kof98044"},{"time":0.0333,"name":"afro/kof98045"},{"time":0.0666,"name":"afro/kof98046"},{"time":0.1,"name":"afro/kof98047"},{"time":0.1333,"name":"afro/kof98048"},{"time":0.1666,"name":"afro/kof98049"},{"time":0.2,"name":"afro/kof98050"},{"time":0.2333,"name":"afro/kof98051"},{"time":0.2666,"name":"afro/kof98052"},{"time":0.3,"name":"afro/kof98053"},{"time":0.3333,"name":"afro/kof98054"},{"time":0.3666,"name":"afro/kof98055"},{"time":0.4,"name":"afro/kof98056"},{"time":0.4333,"name":"afro/kof98057"},{"time":0.4666,"name":"afro/kof98058"},{"time":0.5,"name":"afro/kof98059"},{"time":0.5333,"name":"afro/kof98060"},{"time":0.5666,"name":"afro/kof98061"},{"time":0.6,"name":"afro/kof98062"},{"time":0.6333,"name":"afro/kof98063"},{"time":0.6666,"name":"afro/kof98064"},{"time":0.7,"name":"afro/kof98065"},{"time":0.7333,"name":"afro/kof98066"},{"time":0.7666,"name":"afro/kof98067"},{"time":0.8,"name":"afro/kof98068"},{"time":0.8333,"name":"afro/kof98069"},{"time":0.8666,"name":"afro/kof98070"},{"time":0.9,"name":"afro/kof98071"},{"time":0.9333,"name":"afro/kof98072"},{"time":0.9666,"name":"afro/kof98073"},{"time":1,"name":"afro/kof98074"},{"time":1.0333,"name":"afro/kof98075"},{"time":1.0666,"name":"afro/kof98076"},{"time":1.1,"name":"afro/kof98077"},{"time":1.1333,"name":"afro/kof98078"},{"time":1.1666,"name":"afro/kof98079"}]}},"bones":{"MAIN":{"translate":[{"time":0,"x":0,"y":0},{"time":0.0333,"x":-16.27,"y":0,"curve":"stepped"},{"time":0.1,"x":-16.27,"y":0},{"time":0.8666,"x":138.89,"y":0}]}}},"skill2old":{"slots":{"EF_ninpou":{"attachment":[{"time":1.2333,"name":"hachi/kof98109-2"},{"time":1.2666,"name":"hachi/kof98111-2"},{"time":1.3,"name":"hachi/kof98113-2"},{"time":1.3333,"name":"hachi/kof98115-2"},{"time":1.3666,"name":"hachi/kof98117-2"},{"time":1.4,"name":"hachi/kof98118-2"},{"time":1.4333,"name":"hachi/kof98120-2"},{"time":1.4666,"name":"hachi/kof98122-2"},{"time":1.5,"name":"hachi/kof98124-2"},{"time":1.5333,"name":"hachi/kof98126-2"},{"time":1.5666,"name":"hachi/kof98128-2"},{"time":1.6,"name":null}]},"MAIN":{"attachment":[{"time":0,"name":"hachi/kof98072"},{"time":0.0333,"name":"hachi/kof98073"},{"time":0.0666,"name":"hachi/kof98074"},{"time":0.1,"name":"hachi/kof98075"},{"time":0.1333,"name":"hachi/kof98076"},{"time":0.1666,"name":"hachi/kof98077"},{"time":0.2,"name":"hachi/kof98078"},{"time":0.2333,"name":"hachi/kof98079"},{"time":0.2666,"name":"hachi/kof98080"},{"time":0.3,"name":"hachi/kof98081"},{"time":0.3333,"name":"hachi/kof98082"},{"time":0.3666,"name":"hachi/kof98083"},{"time":0.4,"name":"hachi/kof98084"},{"time":0.4333,"name":"hachi/kof98085"},{"time":0.4666,"name":"hachi/kof98086"},{"time":0.5,"name":"hachi/kof98087"},{"time":0.5333,"name":"hachi/kof98088"},{"time":0.5666,"name":"hachi/kof98089"},{"time":0.6,"name":"hachi/kof98090"},{"time":0.6333,"name":"hachi/kof98091"},{"time":0.6666,"name":"hachi/kof98092"},{"time":0.7,"name":"hachi/kof98093"},{"time":0.7333,"name":"hachi/kof98094"},{"time":0.7666,"name":"hachi/kof98095"},{"time":0.8,"name":"hachi/kof98096"},{"time":0.8333,"name":"hachi/kof98097"},{"time":0.8666,"name":"hachi/kof98098"},{"time":0.9,"name":"hachi/kof98099"},{"time":0.9333,"name":"hachi/kof98100"},{"time":0.9666,"name":"hachi/kof98101"},{"time":1,"name":"hachi/kof98102"},{"time":1.0333,"name":"hachi/kof98103"},{"time":1.0666,"name":"hachi/kof98104"},{"time":1.1,"name":"hachi/kof98105"},{"time":1.1333,"name":"hachi/kof98106"},{"time":1.1666,"name":"hachi/kof98107"},{"time":1.2,"name":"hachi/kof98108"},{"time":1.2333,"name":"hachi/kof98109"},{"time":1.2666,"name":"hachi/kof98111"},{"time":1.3,"name":"hachi/kof98113"},{"time":1.3333,"name":"hachi/kof98115"},{"time":1.3666,"name":"hachi/kof98118"},{"time":1.4,"name":"hachi/kof98120"},{"time":1.4333,"name":"hachi/kof98122"},{"time":1.4666,"name":"hachi/kof98124"},{"time":1.5,"name":"hachi/kof98126"},{"time":1.5333,"name":"hachi/kof98128"},{"time":1.5666,"name":"hachi/kof98130"},{"time":1.6,"name":"hachi/kof98131"}]}},"bones":{"body_main":{"translate":[{"time":1.2333,"x":194.99,"y":0}]},"MAIN":{"translate":[{"time":0,"x":0,"y":0},{"time":0.1333,"x":67.01,"y":0},{"time":0.5,"x":222.92,"y":0},{"time":0.9,"x":395.35,"y":0},{"time":1.3333,"x":680.42,"y":0},{"time":1.3666,"x":788.4,"y":0}]}}},"skill3old":{"slots":{"EF_houou":{"attachment":[{"time":1,"name":"houou/kof98110-2"},{"time":1.0333,"name":"houou/kof98112-2"},{"time":1.0666,"name":"houou/kof98114-2"},{"time":1.1,"name":"houou/kof98116-2"},{"time":1.1333,"name":"houou/kof98120-2"},{"time":1.1666,"name":"houou/kof98122-2"},{"time":1.2,"name":"houou/kof98124-2"},{"time":1.2333,"name":"houou/kof98126-2"},{"time":1.2666,"name":"houou/kof98128-2"},{"time":1.3,"name":"houou/kof98130-2"},{"time":1.3333,"name":"houou/kof98132-2"},{"time":1.3666,"name":"houou/kof98134-2"},{"time":1.4,"name":"houou/kof98136-2"},{"time":1.4333,"name":"houou/kof98138-2"},{"time":1.4666,"name":"houou/kof98140-2"},{"time":1.5,"name":"houou/kof98142-2"},{"time":1.5333,"name":"houou/kof98144-2"},{"time":1.5666,"name":"houou/kof98146-2"},{"time":1.6,"name":"houou/kof98148-2"},{"time":1.6333,"name":"houou/kof98150-2"},{"time":1.6666,"name":"houou/kof98152-2"},{"time":1.7,"name":"houou/kof98154-2"},{"time":1.7333,"name":"houou/kof98156-2"},{"time":1.7666,"name":"houou/kof98158-2"},{"time":1.8,"name":"houou/kof98160-2"},{"time":1.8333,"name":null}]},"EF_houou-2":{"attachment":[{"time":1,"name":"houou/kof98120-2"},{"time":1.0333,"name":"houou/kof98120-3"},{"time":1.0666,"name":null}]},"MAIN":{"attachment":[{"time":0,"name":"houou/kof98080"},{"time":0.0333,"name":"houou/kof98081"},{"time":0.0666,"name":"houou/kof98082"},{"time":0.1,"name":"houou/kof98083"},{"time":0.1333,"name":"houou/kof98084"},{"time":0.1666,"name":"houou/kof98085"},{"time":0.2,"name":"houou/kof98086"},{"time":0.2333,"name":"houou/kof98087"},{"time":0.2666,"name":"houou/kof98088"},{"time":0.3,"name":"houou/kof98089"},{"time":0.3333,"name":"houou/kof98090"},{"time":0.3666,"name":"houou/kof98091"},{"time":0.4,"name":"houou/kof98092"},{"time":0.4333,"name":"houou/kof98093"},{"time":0.4666,"name":"houou/kof98094"},{"time":0.5,"name":"houou/kof98095"},{"time":0.5333,"name":"houou/kof98096"},{"time":0.5666,"name":"houou/kof98097"},{"time":0.6,"name":"houou/kof98098"},{"time":0.6333,"name":"houou/kof98099"},{"time":0.6666,"name":"houou/kof98100"},{"time":0.7,"name":"houou/kof98101"},{"time":0.7333,"name":"houou/kof98102"},{"time":0.7666,"name":"houou/kof98103"},{"time":0.8,"name":"houou/kof98104"},{"time":0.8333,"name":"houou/kof98105"},{"time":0.8666,"name":"houou/kof98106"},{"time":0.9,"name":"houou/kof98107"},{"time":0.9333,"name":"houou/kof98108"},{"time":0.9666,"name":"houou/kof98109"},{"time":1,"name":"houou/kof98110"},{"time":1.0333,"name":"houou/kof98112"},{"time":1.0666,"name":"houou/kof98114"},{"time":1.1,"name":"houou/kof98116"},{"time":1.1333,"name":"houou/kof98118"},{"time":1.1666,"name":"houou/kof98120"},{"time":1.2,"name":"houou/kof98122"},{"time":1.2333,"name":"houou/kof98124"},{"time":1.2666,"name":"houou/kof98126"},{"time":1.3,"name":"houou/kof98128"},{"time":1.3333,"name":"houou/kof98130"},{"time":1.3666,"name":"houou/kof98132"},{"time":1.4,"name":"houou/kof98134"},{"time":1.4333,"name":"houou/kof98136"},{"time":1.4666,"name":"houou/kof98138"},{"time":1.5,"name":"houou/kof98140"},{"time":1.5333,"name":"houou/kof98142"},{"time":1.5666,"name":"houou/kof98144"},{"time":1.6,"name":"houou/kof98146"},{"time":1.6333,"name":"houou/kof98148"},{"time":1.6666,"name":"houou/kof98150"},{"time":1.7,"name":"houou/kof98152"},{"time":1.7333,"name":"houou/kof98154"},{"time":1.7666,"name":"houou/kof98156"},{"time":1.8,"name":"houou/kof98158"},{"time":1.8333,"name":"houou/kof98160"},{"time":1.8666,"name":"houou/kof98162"}]}},"bones":{"MAIN":{"translate":[{"time":0,"x":0,"y":0},{"time":0.5,"x":109.66,"y":0},{"time":0.9666,"x":182.21,"y":0},{"time":1.4666,"x":307.06,"y":0}]}}},"skill4old":{"slots":{"EF_ryuenbu":{"attachment":[{"time":0.2,"name":"ryu/kof98006-2"},{"time":0.2333,"name":"ryu/kof98008-2"},{"time":0.2666,"name":"ryu/kof98010-2"},{"time":0.3,"name":"ryu/kof98012-2"},{"time":0.3333,"name":"ryu/kof98014-2"},{"time":0.3666,"name":"ryu/kof98016-2"},{"time":0.4,"name":"ryu/kof98018-2"},{"time":0.4333,"name":"ryu/kof98020-2"},{"time":0.4666,"name":"ryu/kof98022-2"},{"time":0.5,"name":"ryu/kof98024-2"},{"time":0.5333,"name":"ryu/kof98026-2"},{"time":0.5666,"name":"ryu/kof98028-2"},{"time":0.6,"name":"ryu/kof98030-2"},{"time":0.6333,"name":"ryu/kof98032-2"},{"time":0.6666,"name":"ryu/kof98034-2"},{"time":0.7,"name":"ryu/kof98036-2"},{"time":0.7333,"name":"ryu/kof98038-2"},{"time":0.7666,"name":"ryu/kof98040-2"},{"time":0.8,"name":null}]},"MAIN":{"attachment":[{"time":0,"name":"ryu/kof98000"},{"time":0.0333,"name":"ryu/kof98001"},{"time":0.0666,"name":"ryu/kof98002"},{"time":0.1,"name":"ryu/kof98003"},{"time":0.1333,"name":"ryu/kof98004"},{"time":0.1666,"name":"ryu/kof98005"},{"time":0.2,"name":"ryu/kof98006"},{"time":0.2333,"name":"ryu/kof98008"},{"time":0.2666,"name":"ryu/kof98010"},{"time":0.3,"name":"ryu/kof98012"},{"time":0.3333,"name":"ryu/kof98014"},{"time":0.3666,"name":"ryu/kof98016"},{"time":0.4,"name":"ryu/kof98018"},{"time":0.4333,"name":"ryu/kof98020"},{"time":0.4666,"name":"ryu/kof98022"},{"time":0.5,"name":"ryu/kof98024"},{"time":0.5333,"name":"ryu/kof98026"},{"time":0.5666,"name":"ryu/kof98028"},{"time":0.6,"name":"ryu/kof98030"},{"time":0.6333,"name":"ryu/kof98032"},{"time":0.6666,"name":"ryu/kof98034"},{"time":0.7,"name":"ryu/kof98036"},{"time":0.7333,"name":"ryu/kof98038"},{"time":0.7666,"name":"ryu/kof98040"},{"time":0.8,"name":"ryu/kof98042"},{"time":0.8333,"name":"ryu/kof98043"}]}}}}}