{"skeleton":{"hash":"PWU+9EVRTubFnuBjesJXU+YFl7U","spine":"3.0.12","width":0,"height":0},"bones":[{"name":"root"},{"name":"MAIN","parent":"root","y":65},{"name":"HPBAR","parent":"MAIN","y":75.42},{"name":"HITBOX","parent":"MAIN","y":-0.41,"scaleX":0.792,"scaleY":2.016},{"name":"EF_main2","parent":"MAIN","y":6,"scaleX":2,"scaleY":2},{"name":"EF_main","parent":"root"},{"name":"ef_tuti_red","parent":"EF_main","x":300},{"name":"ef_trust_line_sumi","parent":"EF_main","x":400},{"name":"ef_stamp_sumi_main_p","parent":"EF_main","x":800,"y":250},{"name":"ef_slash_C_sumi","parent":"EF_main","x":300,"y":350},{"name":"ef_slash_B_sumi 2","parent":"EF_main","x":300,"y":150},{"name":"ef_slash_B_sumi","parent":"EF_main","x":300,"y":250},{"name":"ef_slash_A_main","parent":"EF_main","x":300,"y":450},{"name":"ef_jet_sumi_p","parent":"EF_main","x":600,"y":450},{"name":"ef_graund_wave_sumi2","parent":"EF_main","x":500},{"name":"ef_graund_wave_sumi","parent":"EF_main","x":500},{"name":"ef_graund_wave_main2","parent":"EF_main","x":600},{"name":"ef_graund_wave_main","parent":"EF_main","x":600},{"name":"ef_dash_sumi","parent":"EF_main","x":700},{"name":"ef_dash_main2","parent":"EF_main","x":800},{"name":"ef_dash_main","parent":"EF_main","x":800},{"name":"ef_charge_main","parent":"EF_main","x":500,"y":350},{"name":"ef_burst_aura_sumi_p","parent":"EF_main","x":500,"y":250},{"name":"DAMAGEAREA","parent":"root"}],"slots":[{"name":"ef_stamp_sumi_main_p","bone":"ef_stamp_sumi_main_p"},{"name":"ef_graund_wave_sumi","bone":"ef_graund_wave_sumi"},{"name":"ef_graund_wave_sumi2","bone":"ef_graund_wave_sumi2"},{"name":"ef_graund_wave_main","bone":"ef_graund_wave_main","blend":"additive"},{"name":"ef_graund_wave_main2","bone":"ef_graund_wave_main2","blend":"additive"},{"name":"ef_burst_aura_sumi_p","bone":"ef_burst_aura_sumi_p"},{"name":"ef_jet_sumi_p","bone":"ef_jet_sumi_p"},{"name":"MAIN","bone":"MAIN","attachment":"idle_00"},{"name":"ef_tuti_red","bone":"ef_tuti_red","blend":"additive"},{"name":"EF2","bone":"EF_main2","blend":"additive"},{"name":"ef_trust_line_sumi","bone":"ef_trust_line_sumi"},{"name":"ef_slash_B_sumi 2","bone":"ef_slash_B_sumi 2"},{"name":"ef_slash_B_sumi","bone":"ef_slash_B_sumi"},{"name":"ef_slash_C_sumi","bone":"ef_slash_C_sumi"},{"name":"ef_slash_A_main","bone":"ef_slash_A_main","blend":"additive"},{"name":"ef_dash_sumi","bone":"ef_dash_sumi"},{"name":"ef_dash_main","bone":"ef_dash_main","blend":"additive"},{"name":"ef_dash_main2","bone":"ef_dash_main2","blend":"additive"},{"name":"ef_charge_main","bone":"ef_charge_main","blend":"additive"},{"name":"DAMAGEAREA","bone":"DAMAGEAREA"},{"name":"HITBOX","bone":"HITBOX","attachment":"HITBOX"}],"skins":{"default":{"DAMAGEAREA":{"DAMAGEAREA":{"type":"boundingbox","vertices":[63.91381,-63.89054,63.95378,64.05831,-64.1271,63.3053,-63.8124,-64.37607]}},"EF2":{"EF/EF_attack1_01":{"x":-8.15,"y":-0.3,"width":250,"height":250},"EF/EF_attack1_02":{"x":-19.31,"y":4.69,"width":250,"height":250},"EF/EF_attack1_04":{"x":-12.72,"y":-6.47,"width":250,"height":250},"EF/EF_attack1_05":{"x":-13.43,"y":-0.3,"width":250,"height":250},"EF/EF_attack1_06a":{"x":-8.38,"y":2.06,"width":250,"height":250},"EF/EF_attack1_06b":{"x":-9.35,"y":-2.49,"width":250,"height":250},"EF/EF_skill3_01":{"x":-8.15,"y":-0.3,"width":250,"height":250},"EF/EF_skill3_06":{"x":-5.89,"y":0.96,"width":250,"height":250},"EF/EF_skill3_08":{"x":-5.89,"y":0.96,"width":250,"height":250},"EF/EF_skill3_09":{"x":-5.89,"y":0.96,"width":250,"height":250}},"HITBOX":{"HITBOX":{"type":"boundingbox","vertices":[-31.74299,31.85282,-31.74299,-31.66706,31.9754,-32.26256,31.7769,31.85282]}},"MAIN":{"attack1_00":{"x":-14.4,"y":16.59,"scaleX":2,"scaleY":2,"width":250,"height":250},"attack1_01":{"x":-14.4,"y":16.59,"scaleX":2,"scaleY":2,"width":250,"height":250},"attack1_02":{"x":-14.4,"y":16.59,"scaleX":2,"scaleY":2,"width":250,"height":250},"attack1_03":{"x":-14.4,"y":16.59,"scaleX":2,"scaleY":2,"width":250,"height":250},"attack1_04":{"x":-14.4,"y":16.59,"scaleX":2,"scaleY":2,"width":250,"height":250},"attack1_05":{"x":-14.4,"y":16.59,"scaleX":2,"scaleY":2,"width":250,"height":250},"attack1_06":{"x":-14.4,"y":16.59,"scaleX":2,"scaleY":2,"width":250,"height":250},"attack1_07":{"x":-14.4,"y":16.59,"scaleX":2,"scaleY":2,"width":250,"height":250},"attack1_08":{"x":-14.4,"y":16.59,"scaleX":2,"scaleY":2,"width":250,"height":250},"back_00":{"x":-14.4,"y":16.59,"scaleX":2,"scaleY":2,"width":250,"height":250},"damage_00":{"x":-14.4,"y":16.59,"scaleX":2,"scaleY":2,"width":250,"height":250},"front_00":{"x":-14.4,"y":16.59,"scaleX":2,"scaleY":2,"width":250,"height":250},"idle_00":{"x":-14.4,"y":16.59,"scaleX":2,"scaleY":2,"width":250,"height":250},"idle_01":{"x":-14.4,"y":16.59,"scaleX":2,"scaleY":2,"width":250,"height":250},"idle_02":{"x":-14.4,"y":16.59,"scaleX":2,"scaleY":2,"width":250,"height":250},"idle_03":{"x":-14.4,"y":16.59,"scaleX":2,"scaleY":2,"width":250,"height":250},"skill1_00":{"x":-14.4,"y":16.59,"scaleX":2,"scaleY":2,"width":250,"height":250},"skill1_01":{"x":-14.4,"y":16.59,"scaleX":2,"scaleY":2,"width":250,"height":250},"skill1_02":{"x":-14.4,"y":16.59,"scaleX":2,"scaleY":2,"width":250,"height":250},"skill1_03":{"x":-14.4,"y":16.59,"scaleX":2,"scaleY":2,"width":250,"height":250},"skill1_04":{"x":-14.4,"y":16.59,"scaleX":2,"scaleY":2,"width":250,"height":250},"skill1_05":{"x":-14.4,"y":16.59,"scaleX":2,"scaleY":2,"width":250,"height":250},"skill1_06":{"x":-14.4,"y":16.59,"scaleX":2,"scaleY":2,"width":250,"height":250},"skill1_07":{"x":-14.4,"y":16.59,"scaleX":2,"scaleY":2,"width":250,"height":250},"skill1_08":{"x":-14.4,"y":16.59,"scaleX":2,"scaleY":2,"width":250,"height":250},"skill2_01":{"x":-14.4,"y":16.59,"scaleX":2,"scaleY":2,"width":250,"height":250},"skill2_02":{"x":-14.4,"y":19.69,"scaleX":2,"scaleY":2,"width":250,"height":250},"skill2_03":{"x":-14.4,"y":19.69,"scaleX":2,"scaleY":2,"width":250,"height":250},"skill2_04":{"x":-14.4,"y":19.81,"scaleX":2,"scaleY":2,"width":250,"height":250},"skill3_00":{"x":-14.4,"y":16.59,"scaleX":2,"scaleY":2,"width":250,"height":250},"skill3_01":{"x":-14.4,"y":16.59,"scaleX":2,"scaleY":2,"width":250,"height":250},"skill3_02":{"x":-14.4,"y":16.59,"scaleX":2,"scaleY":2,"width":250,"height":250},"skill3_03":{"x":-14.4,"y":16.59,"scaleX":2,"scaleY":2,"width":250,"height":250},"skill3_04":{"x":-14.4,"y":16.59,"scaleX":2,"scaleY":2,"width":250,"height":250},"skill3_05":{"x":-14.4,"y":16.59,"scaleX":2,"scaleY":2,"width":250,"height":250},"skill3_06":{"x":-14.4,"y":16.59,"scaleX":2,"scaleY":2,"width":250,"height":250},"skill3_07":{"x":-14.4,"y":16.59,"scaleX":2,"scaleY":2,"width":250,"height":250},"skill3_08":{"x":-14.4,"y":16.59,"scaleX":2,"scaleY":2,"width":250,"height":250},"skill3_09":{"x":-14.4,"y":16.59,"scaleX":2,"scaleY":2,"width":250,"height":250},"skill3_10":{"x":-14.4,"y":16.59,"scaleX":2,"scaleY":2,"width":250,"height":250},"skill3_11":{"x":-14.4,"y":16.59,"scaleX":2,"scaleY":2,"width":250,"height":250},"skill3_12":{"x":-14.4,"y":16.59,"scaleX":2,"scaleY":2,"width":250,"height":250},"skill3_13":{"x":-14.4,"y":16.59,"scaleX":2,"scaleY":2,"width":250,"height":250},"skill3_14":{"x":-14.4,"y":16.59,"scaleX":2,"scaleY":2,"width":250,"height":250},"skill3_15":{"x":-14.4,"y":16.59,"scaleX":2,"scaleY":2,"width":250,"height":250},"skill3_16":{"x":-14.4,"y":16.59,"scaleX":2,"scaleY":2,"width":250,"height":250},"skill3_17":{"x":-14.4,"y":16.59,"scaleX":2,"scaleY":2,"width":250,"height":250},"skill3_18":{"x":-14.4,"y":16.59,"scaleX":2,"scaleY":2,"width":250,"height":250},"skill3_19":{"x":-14.4,"y":16.59,"scaleX":2,"scaleY":2,"width":250,"height":250},"skill3_20":{"x":-14.4,"y":16.59,"scaleX":2,"scaleY":2,"width":250,"height":250}},"ef_burst_aura_sumi_p":{"EF/ef_burst_aura_sumi/ef_burst_aura_sumi_00001":{"y":24.19,"width":300,"height":300},"EF/ef_burst_aura_sumi/ef_burst_aura_sumi_00002":{"y":24.19,"width":300,"height":300},"EF/ef_burst_aura_sumi/ef_burst_aura_sumi_00003":{"y":24.19,"width":300,"height":300},"EF/ef_burst_aura_sumi/ef_burst_aura_sumi_00004":{"y":24.19,"width":300,"height":300},"EF/ef_burst_aura_sumi/ef_burst_aura_sumi_00005":{"y":24.19,"width":300,"height":300},"EF/ef_burst_aura_sumi/ef_burst_aura_sumi_00006":{"y":24.19,"width":300,"height":300},"EF/ef_burst_aura_sumi/ef_burst_aura_sumi_00007":{"y":24.19,"width":300,"height":300},"EF/ef_burst_aura_sumi/ef_burst_aura_sumi_00008":{"y":24.19,"width":300,"height":300},"EF/ef_burst_aura_sumi/ef_burst_aura_sumi_00009":{"y":24.19,"width":300,"height":300},"EF/ef_burst_aura_sumi/ef_burst_aura_sumi_00010":{"y":24.19,"width":300,"height":300},"EF/ef_burst_aura_sumi/ef_burst_aura_sumi_00012":{"y":24.19,"width":300,"height":300}},"ef_charge_main":{"EF/ef_charge_main/ef_charge_main_00001":{"width":160,"height":160},"EF/ef_charge_main/ef_charge_main_00002":{"width":160,"height":160},"EF/ef_charge_main/ef_charge_main_00003":{"width":160,"height":160},"EF/ef_charge_main/ef_charge_main_00004":{"width":160,"height":160},"EF/ef_charge_main/ef_charge_main_00005":{"width":160,"height":160},"EF/ef_charge_main/ef_charge_main_00006":{"width":160,"height":160},"EF/ef_charge_main/ef_charge_main_00007":{"width":160,"height":160},"EF/ef_charge_main/ef_charge_main_00008":{"width":160,"height":160},"EF/ef_charge_main/ef_charge_main_00009":{"width":160,"height":160},"EF/ef_charge_main/ef_charge_main_00010":{"width":160,"height":160},"EF/ef_charge_main/ef_charge_main_00011":{"width":160,"height":160},"EF/ef_charge_main/ef_charge_main_00012":{"width":160,"height":160},"EF/ef_charge_main/ef_charge_main_00014":{"width":160,"height":160}},"ef_dash_main":{"EF/ef_dash_main/ef_dash_main_00001":{"x":61.54,"y":18.96,"width":200,"height":200},"EF/ef_dash_main/ef_dash_main_00003":{"x":61.54,"y":18.96,"width":200,"height":200},"EF/ef_dash_main/ef_dash_main_00004":{"x":61.54,"y":18.96,"width":200,"height":200},"EF/ef_dash_main/ef_dash_main_00005":{"x":61.54,"y":18.96,"width":200,"height":200},"EF/ef_dash_main/ef_dash_main_00006":{"x":61.54,"y":18.96,"width":200,"height":200},"EF/ef_dash_main/ef_dash_main_00007":{"x":61.54,"y":18.96,"width":200,"height":200},"EF/ef_dash_main/ef_dash_main_00008":{"x":61.54,"y":18.96,"width":200,"height":200},"EF/ef_dash_main/ef_dash_main_00010":{"x":61.54,"y":18.96,"width":200,"height":200},"EF/ef_dash_main/ef_dash_main_00012":{"x":61.54,"y":18.96,"width":200,"height":200}},"ef_dash_main2":{"EF/ef_dash_main/ef_dash_main_00001":{"x":61.54,"y":18.96,"width":200,"height":200},"EF/ef_dash_main/ef_dash_main_00003":{"x":61.54,"y":18.96,"width":200,"height":200},"EF/ef_dash_main/ef_dash_main_00004":{"x":61.54,"y":18.96,"width":200,"height":200},"EF/ef_dash_main/ef_dash_main_00005":{"x":61.54,"y":18.96,"width":200,"height":200},"EF/ef_dash_main/ef_dash_main_00006":{"x":61.54,"y":18.96,"width":200,"height":200},"EF/ef_dash_main/ef_dash_main_00007":{"x":61.54,"y":18.96,"width":200,"height":200},"EF/ef_dash_main/ef_dash_main_00008":{"x":61.54,"y":18.96,"width":200,"height":200},"EF/ef_dash_main/ef_dash_main_00010":{"x":61.54,"y":18.96,"width":200,"height":200},"EF/ef_dash_main/ef_dash_main_00012":{"x":61.54,"y":18.96,"width":200,"height":200}},"ef_dash_sumi":{"EF/ef_dash_sumi/ef_dash_sumi_00001":{"x":60.6,"y":17.89,"width":200,"height":200},"EF/ef_dash_sumi/ef_dash_sumi_00003":{"x":60.6,"y":17.89,"width":200,"height":200},"EF/ef_dash_sumi/ef_dash_sumi_00004":{"x":60.6,"y":17.89,"width":200,"height":200},"EF/ef_dash_sumi/ef_dash_sumi_00005":{"x":60.6,"y":17.89,"width":200,"height":200},"EF/ef_dash_sumi/ef_dash_sumi_00006":{"x":60.6,"y":17.89,"width":200,"height":200},"EF/ef_dash_sumi/ef_dash_sumi_00007":{"x":60.6,"y":17.89,"width":200,"height":200},"EF/ef_dash_sumi/ef_dash_sumi_00008":{"x":60.6,"y":17.89,"width":200,"height":200},"EF/ef_dash_sumi/ef_dash_sumi_00010":{"x":60.6,"y":17.89,"width":200,"height":200},"EF/ef_dash_sumi/ef_dash_sumi_00012":{"x":60.6,"y":17.89,"width":200,"height":200}},"ef_graund_wave_main":{"EF/ef_graund_wave_main/ef_graund_wave_main_00001":{"y":43.39,"width":320,"height":210},"EF/ef_graund_wave_main/ef_graund_wave_main_00003":{"y":43.39,"width":320,"height":210},"EF/ef_graund_wave_main/ef_graund_wave_main_00004":{"y":43.39,"width":320,"height":210},"EF/ef_graund_wave_main/ef_graund_wave_main_00005":{"y":43.39,"width":320,"height":210},"EF/ef_graund_wave_main/ef_graund_wave_main_00006":{"y":43.39,"width":320,"height":210},"EF/ef_graund_wave_main/ef_graund_wave_main_00007":{"y":43.39,"width":320,"height":210},"EF/ef_graund_wave_main/ef_graund_wave_main_00008":{"y":43.39,"width":320,"height":210},"EF/ef_graund_wave_main/ef_graund_wave_main_00009":{"y":43.39,"width":320,"height":210},"EF/ef_graund_wave_main/ef_graund_wave_main_00010":{"y":43.39,"width":320,"height":210},"EF/ef_graund_wave_main/ef_graund_wave_main_00011":{"y":43.39,"width":320,"height":210},"EF/ef_graund_wave_main/ef_graund_wave_main_00012":{"y":43.39,"width":320,"height":210}},"ef_graund_wave_main2":{"EF/ef_graund_wave_main/ef_graund_wave_main_00001":{"y":43.39,"width":320,"height":210},"EF/ef_graund_wave_main/ef_graund_wave_main_00003":{"y":43.39,"width":320,"height":210},"EF/ef_graund_wave_main/ef_graund_wave_main_00004":{"y":43.39,"width":320,"height":210},"EF/ef_graund_wave_main/ef_graund_wave_main_00005":{"y":43.39,"width":320,"height":210},"EF/ef_graund_wave_main/ef_graund_wave_main_00006":{"y":43.39,"width":320,"height":210},"EF/ef_graund_wave_main/ef_graund_wave_main_00007":{"y":43.39,"width":320,"height":210},"EF/ef_graund_wave_main/ef_graund_wave_main_00008":{"y":43.39,"width":320,"height":210},"EF/ef_graund_wave_main/ef_graund_wave_main_00009":{"y":43.39,"width":320,"height":210},"EF/ef_graund_wave_main/ef_graund_wave_main_00010":{"y":43.39,"width":320,"height":210},"EF/ef_graund_wave_main/ef_graund_wave_main_00011":{"y":43.39,"width":320,"height":210},"EF/ef_graund_wave_main/ef_graund_wave_main_00012":{"y":43.39,"width":320,"height":210}},"ef_graund_wave_sumi":{"EF/ef_graund_wave_sumi/ef_graund_wave_sumi_00001":{"y":43.64,"width":320,"height":200},"EF/ef_graund_wave_sumi/ef_graund_wave_sumi_00003":{"y":43.64,"width":320,"height":200},"EF/ef_graund_wave_sumi/ef_graund_wave_sumi_00004":{"y":43.64,"width":320,"height":200},"EF/ef_graund_wave_sumi/ef_graund_wave_sumi_00005":{"y":43.64,"width":320,"height":200},"EF/ef_graund_wave_sumi/ef_graund_wave_sumi_00006":{"y":43.64,"width":320,"height":200},"EF/ef_graund_wave_sumi/ef_graund_wave_sumi_00007":{"y":43.64,"width":320,"height":200},"EF/ef_graund_wave_sumi/ef_graund_wave_sumi_00008":{"y":43.64,"width":320,"height":200},"EF/ef_graund_wave_sumi/ef_graund_wave_sumi_00009":{"y":43.64,"width":320,"height":200},"EF/ef_graund_wave_sumi/ef_graund_wave_sumi_00010":{"y":43.64,"width":320,"height":200},"EF/ef_graund_wave_sumi/ef_graund_wave_sumi_00011":{"y":43.64,"width":320,"height":200},"EF/ef_graund_wave_sumi/ef_graund_wave_sumi_00012":{"y":43.64,"width":320,"height":200}},"ef_graund_wave_sumi2":{"EF/ef_graund_wave_sumi/ef_graund_wave_sumi_00001":{"y":43.64,"width":320,"height":200},"EF/ef_graund_wave_sumi/ef_graund_wave_sumi_00003":{"y":43.64,"width":320,"height":200},"EF/ef_graund_wave_sumi/ef_graund_wave_sumi_00004":{"y":43.64,"width":320,"height":200},"EF/ef_graund_wave_sumi/ef_graund_wave_sumi_00005":{"y":43.64,"width":320,"height":200},"EF/ef_graund_wave_sumi/ef_graund_wave_sumi_00006":{"y":43.64,"width":320,"height":200},"EF/ef_graund_wave_sumi/ef_graund_wave_sumi_00007":{"y":43.64,"width":320,"height":200},"EF/ef_graund_wave_sumi/ef_graund_wave_sumi_00008":{"y":43.64,"width":320,"height":200},"EF/ef_graund_wave_sumi/ef_graund_wave_sumi_00009":{"y":43.64,"width":320,"height":200},"EF/ef_graund_wave_sumi/ef_graund_wave_sumi_00010":{"y":43.64,"width":320,"height":200},"EF/ef_graund_wave_sumi/ef_graund_wave_sumi_00011":{"y":43.64,"width":320,"height":200},"EF/ef_graund_wave_sumi/ef_graund_wave_sumi_00012":{"y":43.64,"width":320,"height":200}},"ef_jet_sumi_p":{"EF/ef_jet_sumi/ef_jet_sumi_00001":{"x":67.94,"width":200,"height":200},"EF/ef_jet_sumi/ef_jet_sumi_00002":{"x":67.94,"width":200,"height":200},"EF/ef_jet_sumi/ef_jet_sumi_00003":{"x":67.94,"width":200,"height":200},"EF/ef_jet_sumi/ef_jet_sumi_00004":{"x":67.94,"width":200,"height":200},"EF/ef_jet_sumi/ef_jet_sumi_00005":{"x":67.94,"width":200,"height":200},"EF/ef_jet_sumi/ef_jet_sumi_00006":{"x":67.94,"width":200,"height":200}},"ef_slash_A_main":{"EF/ef_slash_A_main/ef_slash_A_main_00001":{"width":200,"height":200},"EF/ef_slash_A_main/ef_slash_A_main_00002":{"width":200,"height":200},"EF/ef_slash_A_main/ef_slash_A_main_00003":{"width":200,"height":200},"EF/ef_slash_A_main/ef_slash_A_main_00004":{"width":200,"height":200},"EF/ef_slash_A_main/ef_slash_A_main_00005":{"width":200,"height":200}},"ef_slash_B_sumi":{"EF/ef_slash_B_sumi/ef_slash_B_sumi_00001":{"width":200,"height":200},"EF/ef_slash_B_sumi/ef_slash_B_sumi_00002":{"width":200,"height":200},"EF/ef_slash_B_sumi/ef_slash_B_sumi_00003":{"width":200,"height":200},"EF/ef_slash_B_sumi/ef_slash_B_sumi_00004":{"width":200,"height":200},"EF/ef_slash_B_sumi/ef_slash_B_sumi_00005":{"width":200,"height":200},"EF/ef_slash_B_sumi/ef_slash_B_sumi_00006":{"width":200,"height":200},"EF/ef_slash_B_sumi/ef_slash_B_sumi_00007":{"width":200,"height":200}},"ef_slash_B_sumi 2":{"EF/ef_slash_B_sumi 2/ef_slash_B_sumi 2_00001":{"width":200,"height":200},"EF/ef_slash_B_sumi 2/ef_slash_B_sumi 2_00002":{"width":200,"height":200},"EF/ef_slash_B_sumi 2/ef_slash_B_sumi 2_00003":{"width":200,"height":200},"EF/ef_slash_B_sumi 2/ef_slash_B_sumi 2_00004":{"width":200,"height":200},"EF/ef_slash_B_sumi 2/ef_slash_B_sumi 2_00005":{"width":200,"height":200},"EF/ef_slash_B_sumi 2/ef_slash_B_sumi 2_00006":{"width":200,"height":200},"EF/ef_slash_B_sumi 2/ef_slash_B_sumi 2_00007":{"width":200,"height":200}},"ef_slash_C_sumi":{"EF/ef_slash_C_sumi/ef_slash_C_sumi_00001":{"x":102.61,"width":300,"height":150},"EF/ef_slash_C_sumi/ef_slash_C_sumi_00002":{"x":102.61,"width":300,"height":150},"EF/ef_slash_C_sumi/ef_slash_C_sumi_00004":{"x":102.61,"width":300,"height":150},"EF/ef_slash_C_sumi/ef_slash_C_sumi_00006":{"x":102.61,"width":300,"height":150},"EF/ef_slash_C_sumi/ef_slash_C_sumi_00008":{"x":102.61,"width":300,"height":150},"EF/ef_slash_C_sumi/ef_slash_C_sumi_00010":{"x":102.61,"width":300,"height":150},"EF/ef_slash_C_sumi/ef_slash_C_sumi_00011":{"x":102.61,"width":300,"height":150},"EF/ef_slash_C_sumi/ef_slash_C_sumi_00012":{"x":102.61,"width":300,"height":150}},"ef_stamp_sumi_main_p":{"EF/ef_stamp_sumi_main/ef_stamp_sumi_main_00001":{"width":200,"height":200},"EF/ef_stamp_sumi_main/ef_stamp_sumi_main_00002":{"width":200,"height":200},"EF/ef_stamp_sumi_main/ef_stamp_sumi_main_00003":{"width":200,"height":200},"EF/ef_stamp_sumi_main/ef_stamp_sumi_main_00004":{"width":200,"height":200},"EF/ef_stamp_sumi_main/ef_stamp_sumi_main_00005":{"width":200,"height":200},"EF/ef_stamp_sumi_main/ef_stamp_sumi_main_00007":{"width":200,"height":200},"EF/ef_stamp_sumi_main/ef_stamp_sumi_main_00009":{"width":200,"height":200},"EF/ef_stamp_sumi_main/ef_stamp_sumi_main_00011":{"width":200,"height":200},"EF/ef_stamp_sumi_main/ef_stamp_sumi_main_00013":{"width":200,"height":200},"EF/ef_stamp_sumi_main/ef_stamp_sumi_main_00015":{"width":200,"height":200}},"ef_trust_line_sumi":{"EF/ef_trust_line_sumi/ef_trust_line_sumi_00001":{"y":-25.54,"width":150,"height":400}},"ef_tuti_red":{"EF/ef_tuti_red/ef_tuti_red_00002":{"y":9.11,"width":200,"height":120},"EF/ef_tuti_red/ef_tuti_red_00003":{"y":9.11,"width":200,"height":120},"EF/ef_tuti_red/ef_tuti_red_00004":{"y":9.11,"width":200,"height":120},"EF/ef_tuti_red/ef_tuti_red_00005":{"y":9.11,"width":200,"height":120},"EF/ef_tuti_red/ef_tuti_red_00006":{"y":9.11,"width":200,"height":120},"EF/ef_tuti_red/ef_tuti_red_00007":{"y":9.11,"width":200,"height":120},"EF/ef_tuti_red/ef_tuti_red_00008":{"y":9.11,"width":200,"height":120},"EF/ef_tuti_red/ef_tuti_red_00009":{"y":9.11,"width":200,"height":120},"EF/ef_tuti_red/ef_tuti_red_00010":{"y":9.11,"width":200,"height":120},"EF/ef_tuti_red/ef_tuti_red_00011":{"y":9.11,"width":200,"height":120},"EF/ef_tuti_red/ef_tuti_red_00012":{"y":9.11,"width":200,"height":120},"EF/ef_tuti_red/ef_tuti_red_00013":{"y":9.11,"width":200,"height":120},"EF/ef_tuti_red/ef_tuti_red_00014":{"y":9.11,"width":200,"height":120},"EF/ef_tuti_red/ef_tuti_red_00015":{"y":9.11,"width":200,"height":120},"EF/ef_tuti_red/ef_tuti_red_00016":{"y":9.11,"width":200,"height":120},"EF/ef_tuti_red/ef_tuti_red_00017":{"y":9.11,"width":200,"height":120}}}},"events":{"Event":{},"Event2":{},"Hit":{},"Sound1":{},"Sound2":{},"Sound3":{},"Voice":{}},"animations":{"attack1":{"slots":{"DAMAGEAREA":{"attachment":[{"time":0.1666,"name":"DAMAGEAREA"},{"time":0.2333,"name":null},{"time":0.6333,"name":"DAMAGEAREA"},{"time":0.7,"name":null},{"time":0.9666,"name":"DAMAGEAREA"},{"time":1.0333,"name":null}]},"EF2":{"attachment":[{"time":0.1666,"name":"EF/EF_attack1_01"},{"time":0.2333,"name":"EF/EF_attack1_02"},{"time":0.3,"name":null},{"time":0.6333,"name":"EF/EF_attack1_04"},{"time":0.7,"name":"EF/EF_attack1_05"},{"time":0.7666,"name":null},{"time":0.9666,"name":"EF/EF_attack1_06a"},{"time":1.0333,"name":"EF/EF_attack1_06b"},{"time":1.1,"name":null}],"color":[{"time":0.1666,"color":"ffffffff","curve":[0.779,0.05,0.941,0.39]},{"time":0.3,"color":"ffffff00","curve":"stepped"},{"time":0.6333,"color":"ffffffff","curve":[0.558,0.14,0.863,0.44]},{"time":0.7666,"color":"ffffff00","curve":"stepped"},{"time":0.9666,"color":"ffffffff","curve":[0.722,0.03,0.872,0.62]},{"time":1.1,"color":"ffffff00"}]},"MAIN":{"attachment":[{"time":0,"name":"idle_00"},{"time":0.0333,"name":"attack1_00"},{"time":0.1666,"name":"attack1_01"},{"time":0.3,"name":"attack1_02"},{"time":0.4666,"name":"attack1_03"},{"time":0.6333,"name":"attack1_04"},{"time":0.8,"name":"attack1_05"},{"time":0.9333,"name":"attack1_06"},{"time":1.1666,"name":"attack1_07"},{"time":1.4666,"name":"back_00"},{"time":1.7666,"name":"idle_03"},{"time":2,"name":"idle_00"}]}},"bones":{"MAIN":{"translate":[{"time":0,"x":0,"y":0,"curve":"stepped"},{"time":0.0333,"x":0,"y":0,"curve":"stepped"},{"time":0.1666,"x":0,"y":0,"curve":[0.297,0.69,0.568,0.83]},{"time":0.4666,"x":-2.5,"y":0,"curve":"stepped"},{"time":0.6333,"x":-20.85,"y":0,"curve":"stepped"},{"time":0.8,"x":-28.96,"y":0,"curve":"stepped"},{"time":0.9333,"x":-39.34,"y":0,"curve":[0.131,0.73,0.222,0.96]},{"time":1.1666,"x":-50,"y":0,"curve":"stepped"},{"time":1.4666,"x":-34.33,"y":0,"curve":[0.243,0.37,0.585,0.7]},{"time":1.6333,"x":-13.85,"y":2.57,"curve":[0.288,0.37,0.627,0.7]},{"time":1.8,"x":-2.5,"y":-0.5,"curve":[0.134,0.82,0.483,0.98]},{"time":2,"x":0,"y":0}]},"DAMAGEAREA":{"translate":[{"time":0.1666,"x":-97.54,"y":49.01,"curve":"stepped"},{"time":0.9666,"x":-86.59,"y":28.99}],"scale":[{"time":0.1666,"x":1.518,"y":0.719,"curve":"stepped"},{"time":0.9666,"x":2.268,"y":0.666}]}},"events":[{"time":0,"name":"Event","string":"setHitEffect(hit03a, 1)"},{"time":0,"name":"Event2"},{"time":0.0333,"name":"Event","float":0.15,"string":"kHitStopType_normal"},{"time":0.1333,"name":"Sound1","string":"cri_se_battle_sword_swish_heavy"},{"time":0.1333,"name":"Sound3","string":"setHitSound(se_battle_025_blow_hit)"},{"time":0.1333,"name":"Voice","string":"cri_711_voice_attack_random"},{"time":0.6,"name":"Sound3","string":"setHitSound(se_battle_019_sword_hit_03)"},{"time":0.6333,"name":"Hit","string":"resetHitList"},{"time":0.6333,"name":"Sound1","string":"cri_se_battle_sword_swish_heavy"},{"time":0.9333,"name":"Sound1","string":"cri_se_battle_sword_swish_heavy"},{"time":0.9333,"name":"Sound3","string":"setHitSound(se_battle_025_blow_hit)"},{"time":0.9333,"name":"Voice","string":"cri_711_voice_attack_c"},{"time":0.9666,"name":"Hit","string":"resetHitList"}]},"back":{"slots":{"MAIN":{"attachment":[{"time":0,"name":"back_00"},{"time":0.3666,"name":"idle_01"},{"time":0.7333,"name":"idle_00"}]}},"bones":{"MAIN":{"translate":[{"time":0,"x":7.94,"y":0,"curve":[0.175,0.39,0.616,0.81]},{"time":0.2,"x":100,"y":13.78,"curve":[0.447,0.43,0.68,0.51]},{"time":0.3666,"x":130,"y":-0.5,"curve":[0.227,0.69,0.478,0.96]},{"time":0.7333,"x":140,"y":0}]}},"events":[{"time":0,"name":"Sound1","string":"cri_se_battle_jump"},{"time":0.3666,"name":"Sound1","string":"cri_se_battle_landing"}]},"cast":{"slots":{"MAIN":{"attachment":[{"time":0,"name":"idle_00"},{"time":0.1666,"name":"attack1_00"},{"time":0.5,"name":"attack1_01"},{"time":0.6333,"name":"attack1_02"},{"time":0.8,"name":"attack1_03"},{"time":1,"name":"idle_00"}]}},"bones":{"MAIN":{"translate":[{"time":0,"x":0,"y":0,"curve":"stepped"},{"time":0.1666,"x":14.57,"y":0,"curve":"stepped"},{"time":0.6333,"x":7.29,"y":0,"curve":"stepped"},{"time":1,"x":0,"y":0}]}},"events":[{"time":0.5,"name":"Voice","string":"cri_711_voice_item"}]},"damage":{"slots":{"MAIN":{"attachment":[{"time":0,"name":"damage_00"}]}}},"empty":{"slots":{"MAIN":{"attachment":[{"time":0,"name":null}]}}},"front":{"slots":{"MAIN":{"attachment":[{"time":0,"name":"front_00"}]}}},"idle":{"slots":{"MAIN":{"attachment":[{"time":0,"name":"idle_00"},{"time":0.2666,"name":"idle_01"},{"time":0.5,"name":"idle_02"},{"time":0.7666,"name":"idle_03"},{"time":1,"name":"idle_00"}]}}},"in":{"slots":{"MAIN":{"attachment":[{"time":0,"name":"front_00"},{"time":0.5,"name":"idle_01"},{"time":0.6666,"name":"idle_02"},{"time":0.8333,"name":"idle_03"},{"time":1,"name":"idle_00"}],"color":[{"time":0,"color":"ffffff00"},{"time":0.2333,"color":"ffffffff"}]}},"bones":{"MAIN":{"translate":[{"time":0,"x":125,"y":0,"curve":[0.108,0.83,0.265,0.96]},{"time":0.8333,"x":0,"y":0}]}},"events":[{"time":0.5,"name":"Event","string":"takeBattleEffectAnimation(summon_3)"},{"time":0.5,"name":"Sound1","string":"cri_se_battle_landing"}]},"skill1":{"slots":{"DAMAGEAREA":{"attachment":[{"time":1.1,"name":"DAMAGEAREA"},{"time":1.1666,"name":null}]},"MAIN":{"attachment":[{"time":0,"name":"back_00"},{"time":0.3666,"name":"skill1_00"},{"time":0.5,"name":"skill1_01"},{"time":0.5666,"name":"skill1_02"},{"time":0.6333,"name":"skill1_03"},{"time":1.0333,"name":"skill1_04"},{"time":1.2,"name":"skill1_03"},{"time":1.4,"name":"skill1_05"},{"time":1.5,"name":"skill1_06"},{"time":1.6,"name":"skill1_07"},{"time":1.7,"name":"skill1_08"},{"time":1.8,"name":"skill1_02"},{"time":1.9,"name":"idle_03"},{"time":2,"name":"idle_00"}]},"ef_charge_main":{"attachment":[{"time":0.6333,"name":"EF/ef_charge_main/ef_charge_main_00001"},{"time":0.6666,"name":"EF/ef_charge_main/ef_charge_main_00002"},{"time":0.7,"name":"EF/ef_charge_main/ef_charge_main_00003"},{"time":0.7333,"name":"EF/ef_charge_main/ef_charge_main_00004"},{"time":0.7666,"name":"EF/ef_charge_main/ef_charge_main_00005"},{"time":0.8,"name":"EF/ef_charge_main/ef_charge_main_00006"},{"time":0.8333,"name":"EF/ef_charge_main/ef_charge_main_00007"},{"time":0.8666,"name":"EF/ef_charge_main/ef_charge_main_00008"},{"time":0.9,"name":"EF/ef_charge_main/ef_charge_main_00009"},{"time":0.9333,"name":"EF/ef_charge_main/ef_charge_main_00010"},{"time":0.9666,"name":"EF/ef_charge_main/ef_charge_main_00011"},{"time":1,"name":"EF/ef_charge_main/ef_charge_main_00012"},{"time":1.0333,"name":"EF/ef_charge_main/ef_charge_main_00014"},{"time":1.0666,"name":null}],"color":[{"time":1.0333,"color":"ffffffff","curve":[0.25,0,0.764,0.3]},{"time":1.0666,"color":"ffffff00"}]},"ef_dash_main":{"attachment":[{"time":0,"name":"EF/ef_dash_main/ef_dash_main_00001"},{"time":0.0333,"name":"EF/ef_dash_main/ef_dash_main_00003"},{"time":0.0666,"name":"EF/ef_dash_main/ef_dash_main_00004"},{"time":0.1,"name":"EF/ef_dash_main/ef_dash_main_00005"},{"time":0.1333,"name":"EF/ef_dash_main/ef_dash_main_00006"},{"time":0.1666,"name":"EF/ef_dash_main/ef_dash_main_00007"},{"time":0.2,"name":"EF/ef_dash_main/ef_dash_main_00008"},{"time":0.2333,"name":"EF/ef_dash_main/ef_dash_main_00010"},{"time":0.2666,"name":"EF/ef_dash_main/ef_dash_main_00012"},{"time":0.3666,"name":null},{"time":1.0333,"name":"EF/ef_dash_main/ef_dash_main_00001"},{"time":1.0666,"name":"EF/ef_dash_main/ef_dash_main_00003"},{"time":1.1,"name":"EF/ef_dash_main/ef_dash_main_00004"},{"time":1.1333,"name":"EF/ef_dash_main/ef_dash_main_00005"},{"time":1.1666,"name":"EF/ef_dash_main/ef_dash_main_00006"},{"time":1.2,"name":"EF/ef_dash_main/ef_dash_main_00007"},{"time":1.2333,"name":"EF/ef_dash_main/ef_dash_main_00008"},{"time":1.2666,"name":"EF/ef_dash_main/ef_dash_main_00010"},{"time":1.3,"name":"EF/ef_dash_main/ef_dash_main_00012"},{"time":1.4,"name":null}],"color":[{"time":0.2666,"color":"ffffffff"},{"time":0.3666,"color":"ffffff00","curve":"stepped"},{"time":1.0333,"color":"ffffffff","curve":"stepped"},{"time":1.3,"color":"ffffffff"},{"time":1.4,"color":"ffffff00"}]},"ef_graund_wave_main":{"attachment":[{"time":0,"name":"EF/ef_graund_wave_main/ef_graund_wave_main_00003"},{"time":0.0333,"name":"EF/ef_graund_wave_main/ef_graund_wave_main_00004"},{"time":0.0666,"name":"EF/ef_graund_wave_main/ef_graund_wave_main_00005"},{"time":0.1,"name":"EF/ef_graund_wave_main/ef_graund_wave_main_00006"},{"time":0.1333,"name":"EF/ef_graund_wave_main/ef_graund_wave_main_00007"},{"time":0.1666,"name":"EF/ef_graund_wave_main/ef_graund_wave_main_00008"},{"time":0.2,"name":"EF/ef_graund_wave_main/ef_graund_wave_main_00009"},{"time":0.2333,"name":"EF/ef_graund_wave_main/ef_graund_wave_main_00010"},{"time":0.2666,"name":"EF/ef_graund_wave_main/ef_graund_wave_main_00011"},{"time":0.3,"name":"EF/ef_graund_wave_main/ef_graund_wave_main_00012"},{"time":0.3666,"name":null},{"time":1.0333,"name":"EF/ef_graund_wave_main/ef_graund_wave_main_00003"},{"time":1.0666,"name":"EF/ef_graund_wave_main/ef_graund_wave_main_00004"},{"time":1.1,"name":"EF/ef_graund_wave_main/ef_graund_wave_main_00005"},{"time":1.1333,"name":"EF/ef_graund_wave_main/ef_graund_wave_main_00006"},{"time":1.1666,"name":"EF/ef_graund_wave_main/ef_graund_wave_main_00007"},{"time":1.2,"name":"EF/ef_graund_wave_main/ef_graund_wave_main_00008"},{"time":1.2333,"name":"EF/ef_graund_wave_main/ef_graund_wave_main_00009"},{"time":1.2666,"name":"EF/ef_graund_wave_main/ef_graund_wave_main_00010"},{"time":1.3,"name":"EF/ef_graund_wave_main/ef_graund_wave_main_00011"},{"time":1.3333,"name":"EF/ef_graund_wave_main/ef_graund_wave_main_00012"},{"time":1.4,"name":null}],"color":[{"time":0.3,"color":"ffffffff"},{"time":0.3666,"color":"ffffff00","curve":"stepped"},{"time":1.0333,"color":"ffffffff","curve":"stepped"},{"time":1.3333,"color":"ffffffff"},{"time":1.4,"color":"ffffff00"}]}},"bones":{"MAIN":{"translate":[{"time":0,"x":7.94,"y":0,"curve":[0.207,0.34,0.573,0.69]},{"time":0.1666,"x":87.33,"y":39.61,"curve":[0.311,0.41,0.668,0.77]},{"time":0.3333,"x":130,"y":20.62,"curve":"stepped"},{"time":0.3666,"x":160.42,"y":-0.5,"curve":[0.182,0.89,0.111,0.97]},{"time":0.5666,"x":180,"y":-0.5,"curve":"stepped"},{"time":1.0333,"x":180,"y":-0.5,"curve":[0.249,0.63,0.561,0.93]},{"time":1.1,"x":202.81,"y":-0.5,"curve":[0.249,0.63,0.561,0.93]},{"time":1.2,"x":180,"y":-0.5,"curve":"stepped"},{"time":1.9,"x":152.11,"y":-0.5}]},"ef_charge_main":{"translate":[{"time":0.6333,"x":-429.27,"y":-280.24}],"scale":[{"time":0.6333,"x":3,"y":3,"curve":[0.424,0.04,0.82,0.36]},{"time":1.0333,"x":1,"y":1}]},"ef_dash_main":{"translate":[{"time":0,"x":-837.78,"y":0,"curve":"stepped"},{"time":1.0333,"x":-589.4,"y":0}],"scale":[{"time":0,"x":-1,"y":1},{"time":0.3666,"x":-1.5,"y":1.5,"curve":"stepped"},{"time":1.0333,"x":1,"y":1},{"time":1.4,"x":1.5,"y":1.5}]},"ef_graund_wave_main":{"translate":[{"time":0,"x":-633.88,"y":0,"curve":"stepped"},{"time":1.0333,"x":-421.75,"y":0}],"scale":[{"time":0,"x":1.2,"y":1.2},{"time":0.3666,"x":1.5,"y":1.5,"curve":"stepped"},{"time":1.0333,"x":1.2,"y":1.2},{"time":1.4,"x":1.5,"y":1.5}]},"DAMAGEAREA":{"translate":[{"time":1.1,"x":-329.26,"y":31.53}],"scale":[{"time":1.1,"x":7.626,"y":0.498}]}},"events":[{"time":0,"name":"Event","string":"setHitEffect(hit03a,1,2,0)"},{"time":0,"name":"Sound1","string":"cri_se_battle_jump"},{"time":0.3666,"name":"Sound1","string":"cri_se_battle_landing"},{"time":0.5,"name":"Sound1","string":"cri_se_battle_019_sword_hit_03"},{"time":0.6333,"name":"Voice","string":"cri_711_voice_skill_all"},{"time":1.0333,"name":"Sound1","string":"cri_se_battle_039_weapon_swing"},{"time":1.0333,"name":"Sound2","string":"cri_se_battle_gun_burst"},{"time":1.1,"name":"Event2","string":"shakeGround"}]},"skill2":{"slots":{"DAMAGEAREA":{"attachment":[{"time":0.3,"name":"DAMAGEAREA"},{"time":0.4,"name":null},{"time":0.7333,"name":"DAMAGEAREA"},{"time":0.8,"name":null},{"time":1.2,"name":"DAMAGEAREA"},{"time":1.2666,"name":null},{"time":1.5,"name":"DAMAGEAREA"},{"time":1.5666,"name":null},{"time":2.6,"name":"DAMAGEAREA"},{"time":2.8666,"name":null}]},"MAIN":{"attachment":[{"time":0.0333,"name":"skill1_00"},{"time":0.2333,"name":"skill2_01"},{"time":0.5,"name":"front_00"},{"time":0.6,"name":"attack1_00"},{"time":0.7333,"name":"attack1_01"},{"time":0.8666,"name":"attack1_02"},{"time":1.0333,"name":"attack1_03"},{"time":1.2,"name":"attack1_04"},{"time":1.3666,"name":"attack1_05"},{"time":1.5,"name":"attack1_06"},{"time":1.7333,"name":"attack1_07"},{"time":1.9333,"name":"skill2_01"},{"time":2,"name":"skill2_02"},{"time":2.1,"name":"skill2_03"},{"time":2.2,"name":"skill2_02"},{"time":2.3,"name":"skill2_03"},{"time":2.4,"name":"skill2_02"},{"time":2.5,"name":"skill2_04"},{"time":2.5666,"name":"skill2_02"},{"time":2.6333,"name":"skill2_03"},{"time":2.7,"name":"skill2_02"},{"time":2.7666,"name":"skill2_03"},{"time":2.8333,"name":"skill2_02"},{"time":2.9333,"name":"skill2_03"},{"time":3,"name":"back_00"},{"time":3.3333,"name":"idle_03"},{"time":3.5,"name":"idle_00"},{"time":3.6,"name":"idle_01"},{"time":3.7333,"name":"idle_02"},{"time":3.8333,"name":"idle_03"},{"time":3.9666,"name":"idle_00"}]},"ef_charge_main":{"attachment":[{"time":0.0333,"name":"EF/ef_charge_main/ef_charge_main_00001"},{"time":0.0666,"name":"EF/ef_charge_main/ef_charge_main_00002"},{"time":0.1,"name":"EF/ef_charge_main/ef_charge_main_00004"},{"time":0.1333,"name":"EF/ef_charge_main/ef_charge_main_00006"},{"time":0.1666,"name":"EF/ef_charge_main/ef_charge_main_00008"},{"time":0.2,"name":"EF/ef_charge_main/ef_charge_main_00010"},{"time":0.2333,"name":"EF/ef_charge_main/ef_charge_main_00012"},{"time":0.2666,"name":"EF/ef_charge_main/ef_charge_main_00014"},{"time":0.3333,"name":null},{"time":2,"name":"EF/ef_charge_main/ef_charge_main_00001"},{"time":2.0333,"name":"EF/ef_charge_main/ef_charge_main_00002"},{"time":2.0666,"name":"EF/ef_charge_main/ef_charge_main_00003"},{"time":2.1,"name":"EF/ef_charge_main/ef_charge_main_00004"},{"time":2.1333,"name":"EF/ef_charge_main/ef_charge_main_00005"},{"time":2.1666,"name":"EF/ef_charge_main/ef_charge_main_00006"},{"time":2.2,"name":"EF/ef_charge_main/ef_charge_main_00007"},{"time":2.2333,"name":"EF/ef_charge_main/ef_charge_main_00008"},{"time":2.2666,"name":"EF/ef_charge_main/ef_charge_main_00009"},{"time":2.3,"name":"EF/ef_charge_main/ef_charge_main_00010"},{"time":2.3333,"name":"EF/ef_charge_main/ef_charge_main_00011"},{"time":2.3666,"name":"EF/ef_charge_main/ef_charge_main_00012"},{"time":2.4,"name":"EF/ef_charge_main/ef_charge_main_00014"},{"time":2.5,"name":null}],"color":[{"time":0.2333,"color":"ffffffff","curve":[0.25,0,0.764,0.3]},{"time":0.3333,"color":"ffffff00","curve":"stepped"},{"time":2,"color":"ffffffff","curve":"stepped"},{"time":2.4,"color":"ffffffff","curve":[0.25,0,0.764,0.3]},{"time":2.5,"color":"ffffff00"}]},"ef_dash_main":{"attachment":[{"time":0.2333,"name":"EF/ef_dash_main/ef_dash_main_00001"},{"time":0.2666,"name":"EF/ef_dash_main/ef_dash_main_00003"},{"time":0.3,"name":"EF/ef_dash_main/ef_dash_main_00004"},{"time":0.3333,"name":"EF/ef_dash_main/ef_dash_main_00005"},{"time":0.3666,"name":"EF/ef_dash_main/ef_dash_main_00006"},{"time":0.4,"name":"EF/ef_dash_main/ef_dash_main_00007"},{"time":0.4333,"name":"EF/ef_dash_main/ef_dash_main_00008"},{"time":0.4666,"name":"EF/ef_dash_main/ef_dash_main_00010"},{"time":0.5,"name":"EF/ef_dash_main/ef_dash_main_00012"},{"time":0.5666,"name":null},{"time":2.5,"name":"EF/ef_dash_main/ef_dash_main_00001"},{"time":2.5333,"name":"EF/ef_dash_main/ef_dash_main_00003"},{"time":2.5666,"name":"EF/ef_dash_main/ef_dash_main_00004"},{"time":2.6,"name":"EF/ef_dash_main/ef_dash_main_00005"},{"time":2.6333,"name":"EF/ef_dash_main/ef_dash_main_00006"},{"time":2.6666,"name":"EF/ef_dash_main/ef_dash_main_00007"},{"time":2.7,"name":"EF/ef_dash_main/ef_dash_main_00008"},{"time":2.7333,"name":"EF/ef_dash_main/ef_dash_main_00010"},{"time":2.7666,"name":"EF/ef_dash_main/ef_dash_main_00012"},{"time":2.8333,"name":null},{"time":3,"name":"EF/ef_dash_main/ef_dash_main_00001"},{"time":3.0333,"name":"EF/ef_dash_main/ef_dash_main_00003"},{"time":3.0666,"name":"EF/ef_dash_main/ef_dash_main_00004"},{"time":3.1,"name":"EF/ef_dash_main/ef_dash_main_00005"},{"time":3.1333,"name":"EF/ef_dash_main/ef_dash_main_00006"},{"time":3.1666,"name":"EF/ef_dash_main/ef_dash_main_00007"},{"time":3.2,"name":"EF/ef_dash_main/ef_dash_main_00008"},{"time":3.2333,"name":"EF/ef_dash_main/ef_dash_main_00010"},{"time":3.2666,"name":"EF/ef_dash_main/ef_dash_main_00012"},{"time":3.3333,"name":null}],"color":[{"time":0.5,"color":"ffffffff"},{"time":0.5666,"color":"ffffff00","curve":"stepped"},{"time":2.5,"color":"ffffffff","curve":"stepped"},{"time":2.7666,"color":"ffffffff"},{"time":2.8333,"color":"ffffff00","curve":"stepped"},{"time":3,"color":"ffffffff","curve":"stepped"},{"time":3.2666,"color":"ffffffff"},{"time":3.3333,"color":"ffffff00"}]},"ef_graund_wave_main":{"attachment":[{"time":0.2333,"name":"EF/ef_graund_wave_main/ef_graund_wave_main_00001"},{"time":0.2666,"name":"EF/ef_graund_wave_main/ef_graund_wave_main_00003"},{"time":0.3,"name":"EF/ef_graund_wave_main/ef_graund_wave_main_00004"},{"time":0.3333,"name":"EF/ef_graund_wave_main/ef_graund_wave_main_00005"},{"time":0.3666,"name":"EF/ef_graund_wave_main/ef_graund_wave_main_00006"},{"time":0.4,"name":"EF/ef_graund_wave_main/ef_graund_wave_main_00007"},{"time":0.4333,"name":"EF/ef_graund_wave_main/ef_graund_wave_main_00008"},{"time":0.4666,"name":"EF/ef_graund_wave_main/ef_graund_wave_main_00009"},{"time":0.5,"name":"EF/ef_graund_wave_main/ef_graund_wave_main_00010"},{"time":0.5333,"name":"EF/ef_graund_wave_main/ef_graund_wave_main_00011"},{"time":0.5666,"name":"EF/ef_graund_wave_main/ef_graund_wave_main_00012"},{"time":0.6333,"name":null},{"time":2.5,"name":"EF/ef_graund_wave_main/ef_graund_wave_main_00001"},{"time":2.5333,"name":"EF/ef_graund_wave_main/ef_graund_wave_main_00003"},{"time":2.5666,"name":"EF/ef_graund_wave_main/ef_graund_wave_main_00004"},{"time":2.6,"name":"EF/ef_graund_wave_main/ef_graund_wave_main_00005"},{"time":2.6333,"name":"EF/ef_graund_wave_main/ef_graund_wave_main_00006"},{"time":2.6666,"name":"EF/ef_graund_wave_main/ef_graund_wave_main_00007"},{"time":2.7,"name":"EF/ef_graund_wave_main/ef_graund_wave_main_00008"},{"time":2.7333,"name":"EF/ef_graund_wave_main/ef_graund_wave_main_00009"},{"time":2.7666,"name":"EF/ef_graund_wave_main/ef_graund_wave_main_00010"},{"time":2.8,"name":"EF/ef_graund_wave_main/ef_graund_wave_main_00011"},{"time":2.8333,"name":"EF/ef_graund_wave_main/ef_graund_wave_main_00012"},{"time":2.9,"name":null},{"time":3,"name":"EF/ef_graund_wave_main/ef_graund_wave_main_00001"},{"time":3.0333,"name":"EF/ef_graund_wave_main/ef_graund_wave_main_00003"},{"time":3.0666,"name":"EF/ef_graund_wave_main/ef_graund_wave_main_00004"},{"time":3.1,"name":"EF/ef_graund_wave_main/ef_graund_wave_main_00005"},{"time":3.1333,"name":"EF/ef_graund_wave_main/ef_graund_wave_main_00006"},{"time":3.1666,"name":"EF/ef_graund_wave_main/ef_graund_wave_main_00007"},{"time":3.2,"name":"EF/ef_graund_wave_main/ef_graund_wave_main_00008"},{"time":3.2333,"name":"EF/ef_graund_wave_main/ef_graund_wave_main_00009"},{"time":3.2666,"name":"EF/ef_graund_wave_main/ef_graund_wave_main_00010"},{"time":3.3,"name":"EF/ef_graund_wave_main/ef_graund_wave_main_00011"},{"time":3.3333,"name":"EF/ef_graund_wave_main/ef_graund_wave_main_00012"},{"time":3.4,"name":null}],"color":[{"time":0.5666,"color":"ffffffff"},{"time":0.6333,"color":"ffffff00","curve":"stepped"},{"time":2.5,"color":"ffffffff","curve":"stepped"},{"time":2.7666,"color":"ffffffff"},{"time":2.9,"color":"ffffff00","curve":"stepped"},{"time":3,"color":"ffffffff","curve":"stepped"},{"time":3.2666,"color":"ffffffff"},{"time":3.4,"color":"ffffff00"}]},"ef_slash_A_main":{"attachment":[{"time":0.7333,"name":"EF/ef_slash_A_main/ef_slash_A_main_00001"},{"time":0.7666,"name":"EF/ef_slash_A_main/ef_slash_A_main_00002"},{"time":0.8,"name":"EF/ef_slash_A_main/ef_slash_A_main_00003"},{"time":0.8333,"name":"EF/ef_slash_A_main/ef_slash_A_main_00004"},{"time":0.8666,"name":"EF/ef_slash_A_main/ef_slash_A_main_00005"},{"time":0.9666,"name":null}],"color":[{"time":0.8666,"color":"ffffffff"},{"time":0.9666,"color":"ffffff00"}]},"ef_tuti_red":{"attachment":[{"time":2.5666,"name":"EF/ef_tuti_red/ef_tuti_red_00002"},{"time":2.6,"name":"EF/ef_tuti_red/ef_tuti_red_00003"},{"time":2.6333,"name":"EF/ef_tuti_red/ef_tuti_red_00004"},{"time":2.6666,"name":"EF/ef_tuti_red/ef_tuti_red_00005"},{"time":2.7,"name":"EF/ef_tuti_red/ef_tuti_red_00006"},{"time":2.7333,"name":"EF/ef_tuti_red/ef_tuti_red_00007"},{"time":2.7666,"name":"EF/ef_tuti_red/ef_tuti_red_00008"},{"time":2.8,"name":"EF/ef_tuti_red/ef_tuti_red_00009"},{"time":2.8333,"name":"EF/ef_tuti_red/ef_tuti_red_00010"},{"time":2.8666,"name":"EF/ef_tuti_red/ef_tuti_red_00011"},{"time":2.9,"name":"EF/ef_tuti_red/ef_tuti_red_00012"},{"time":2.9333,"name":"EF/ef_tuti_red/ef_tuti_red_00013"},{"time":2.9666,"name":"EF/ef_tuti_red/ef_tuti_red_00014"},{"time":3,"name":"EF/ef_tuti_red/ef_tuti_red_00015"},{"time":3.0333,"name":"EF/ef_tuti_red/ef_tuti_red_00016"},{"time":3.0666,"name":"EF/ef_tuti_red/ef_tuti_red_00017"},{"time":3.1666,"name":null}],"color":[{"time":3.0666,"color":"ffffffff"},{"time":3.1666,"color":"ffffff00"}]}},"bones":{"MAIN":{"translate":[{"time":0,"x":0,"y":0,"curve":"stepped"},{"time":0.0333,"x":34.17,"y":0,"curve":[0.224,0.67,0.75,1]},{"time":0.1333,"x":35,"y":0,"curve":"stepped"},{"time":0.2333,"x":35,"y":0,"curve":[0.15,0.6,0.44,0.93]},{"time":0.3,"x":43.09,"y":0,"curve":[0.106,1,0.75,1]},{"time":0.4,"x":34.17,"y":0,"curve":"stepped"},{"time":0.5,"x":29.72,"y":0,"curve":[0.187,0.51,0.75,1]},{"time":0.7333,"x":10,"y":0,"curve":[0.297,0.69,0.568,0.83]},{"time":1.0333,"x":-2.5,"y":0,"curve":"stepped"},{"time":1.2,"x":-20.85,"y":0,"curve":"stepped"},{"time":1.3666,"x":-28.96,"y":0,"curve":"stepped"},{"time":1.5,"x":-39.34,"y":0,"curve":[0.131,0.73,0.239,0.98]},{"time":1.7,"x":-50,"y":0,"curve":"stepped"},{"time":1.7333,"x":-71.77,"y":0,"curve":"stepped"},{"time":1.9333,"x":-73.16,"y":0,"curve":"stepped"},{"time":2,"x":-109.64,"y":0,"curve":"stepped"},{"time":2.4666,"x":-109.64,"y":0,"curve":[0.196,0.93,0.75,1]},{"time":2.5,"x":-94.26,"y":0,"curve":[0.168,0.7,0.45,0.97]},{"time":2.5666,"x":-109.64,"y":0,"curve":"stepped"},{"time":3,"x":-64.73,"y":0,"curve":[0.347,0.78,0.631,0.83]},{"time":3.1666,"x":7.77,"y":14.2,"curve":[0.549,0.36,0.66,0.85]},{"time":3.3333,"x":27.86,"y":0,"curve":[0.297,0.69,0.568,0.83]},{"time":3.5,"x":30,"y":0}]},"ef_charge_main":{"rotate":[{"time":2,"angle":-43.14}],"translate":[{"time":0.0333,"x":-572.99,"y":-256.2,"curve":"stepped"},{"time":2,"x":-676.27,"y":-325.15}],"scale":[{"time":0.0333,"x":2.5,"y":2.5,"curve":[0.25,0,0.853,0.17]},{"time":0.3333,"x":1.8,"y":1.8,"curve":"stepped"},{"time":2,"x":4,"y":4,"curve":[0.25,0,0.853,0.17]},{"time":2.5,"x":2.5,"y":2.5}]},"ef_dash_main":{"translate":[{"time":0.2333,"x":-747.78,"y":0,"curve":"stepped"},{"time":2.5,"x":-878.68,"y":0,"curve":"stepped"},{"time":3,"x":-907.67,"y":0}],"scale":[{"time":0.2333,"x":2,"y":2},{"time":0.5666,"x":2.5,"y":2.5,"curve":"stepped"},{"time":2.5,"x":1,"y":1},{"time":2.8333,"x":2,"y":2,"curve":"stepped"},{"time":3,"x":-1,"y":1},{"time":3.3333,"x":-1.2,"y":1.2}]},"ef_graund_wave_main":{"translate":[{"time":0.2333,"x":-569.73,"y":0,"curve":"stepped"},{"time":2.5,"x":-796.61,"y":0,"curve":"stepped"},{"time":3,"x":-720.18,"y":0}],"scale":[{"time":0.2333,"x":1.5,"y":1.5},{"time":0.6333,"x":2,"y":2,"curve":"stepped"},{"time":2.5,"x":1.5,"y":1.5},{"time":2.9,"x":3,"y":3,"curve":"stepped"},{"time":3,"x":1,"y":1},{"time":3.4,"x":1.1,"y":1.1}]},"ef_slash_A_main":{"translate":[{"time":0.7333,"x":-324.55,"y":-371.91},{"time":0.8333,"x":-342.68,"y":-376.71}],"scale":[{"time":0.7333,"x":2,"y":2},{"time":0.9666,"x":2.2,"y":2.2}]},"ef_tuti_red":{"translate":[{"time":2.5666,"x":-496.56,"y":0}],"scale":[{"time":2.5666,"x":2,"y":2},{"time":3.1666,"x":3.5,"y":3.5}]},"DAMAGEAREA":{"translate":[{"time":0.3,"x":-581.24,"y":54.61,"curve":"stepped"},{"time":0.7333,"x":-60.41,"y":114.29,"curve":"stepped"},{"time":1.2,"x":-50.46,"y":77.72,"curve":"stepped"},{"time":1.5,"x":-66.44,"y":57.5,"curve":"stepped"},{"time":2.6,"x":-200.14,"y":76.95}],"scale":[{"time":0.3,"x":9.152,"y":0.752,"curve":"stepped"},{"time":0.7333,"x":1.604,"y":1.666,"curve":"stepped"},{"time":1.2,"x":2.757,"y":1.775,"curve":"stepped"},{"time":1.5,"x":2.667,"y":1.514,"curve":"stepped"},{"time":2.6,"x":2.329,"y":2.16},{"time":2.8,"x":4.633,"y":2.16}]}},"events":[{"time":0,"name":"Event","string":"setHitEffect(hit03a, 1)"},{"time":0,"name":"Sound1","string":"cri_se_battle_charge"},{"time":0,"name":"Voice","string":"cri_711_voice_fullarts_now"},{"time":0.0333,"name":"Event","float":0.15,"string":"kHitStopType_normal"},{"time":0.0666,"name":"Event","int":1,"string":"kImpactType_up"},{"time":0.2333,"name":"Sound1","string":"cri_se_battle_039_weapon_swing"},{"time":0.2333,"name":"Sound2","string":"cri_se_battle_gun_burst"},{"time":0.5,"name":"Event","float":-1,"string":"addOrbitSystem_dash2"},{"time":0.5333,"name":"Event","string":"movePosition_Target(0.2,100,0)"},{"time":0.7,"name":"Event","string":"setHitBackEnemy(30,0)"},{"time":0.7,"name":"Sound1","string":"cri_se_battle_skill_shot"},{"time":0.7333,"name":"Hit","string":"resetHitList"},{"time":1.1666,"name":"Sound1","string":"cri_se_battle_skill_shot"},{"time":1.2,"name":"Event","int":1,"string":"kImpactType_down"},{"time":1.2,"name":"Hit","string":"resetHitList"},{"time":1.4666,"name":"Sound1","string":"cri_se_battle_skill_shot"},{"time":1.5,"name":"Event","int":1,"string":"kImpactType_up"},{"time":1.5,"name":"Hit","string":"resetHitList"},{"time":2,"name":"Sound1","string":"cri_se_battle_charge"},{"time":2.3333,"name":"Voice","string":"cri_711_voice_fullarts_rank5"},{"time":2.4,"name":"Sound3","string":"setHitSound(se_battle_007_attack_hit_01)"},{"time":2.5,"name":"Event","string":"setHitBackEnemy(0,30)"},{"time":2.5,"name":"Sound1","string":"cri_se_battle_explosion_short"},{"time":2.6,"name":"Event","int":1,"string":"kImpactType_up"},{"time":2.6,"name":"Hit","string":"resetHitList"},{"time":2.6666,"name":"Event","float":0.15,"string":"kHitStopType_enemyonly"},{"time":2.6666,"name":"Hit","string":"resetHitList"},{"time":2.7333,"name":"Hit","string":"resetHitList"},{"time":2.8,"name":"Hit","string":"resetHitList"},{"time":3,"name":"Sound1","string":"cri_se_battle_jump"},{"time":3.3333,"name":"Sound1","string":"cri_se_battle_landing"}]},"skill3":{"slots":{"DAMAGEAREA":{"attachment":[{"time":1.5333,"name":"DAMAGEAREA"},{"time":1.7333,"name":null},{"time":1.9,"name":"DAMAGEAREA"},{"time":1.9666,"name":null},{"time":2.5,"name":"DAMAGEAREA"},{"time":2.5666,"name":null},{"time":3.5,"name":"DAMAGEAREA"},{"time":3.5666,"name":null},{"time":4.5666,"name":"DAMAGEAREA"},{"time":4.9666,"name":null}]},"EF2":{"attachment":[{"time":0.1333,"name":"EF/EF_skill3_01"},{"time":0.2333,"name":null},{"time":1.5,"name":"EF/EF_skill3_06"},{"time":1.6,"name":null},{"time":1.9,"name":"EF/EF_skill3_08"},{"time":2.0333,"name":null},{"time":2.0666,"name":"EF/EF_skill3_09"},{"time":2.2,"name":null}],"color":[{"time":0.1333,"color":"ffffffff"},{"time":0.2333,"color":"ffffff00","curve":"stepped"},{"time":1.5,"color":"ffffffff"},{"time":1.6,"color":"ffffff00","curve":"stepped"},{"time":1.9,"color":"ffffffff"},{"time":2.0333,"color":"ffffff00","curve":"stepped"},{"time":2.0666,"color":"ffffffff"},{"time":2.2,"color":"ffffff00"}]},"MAIN":{"attachment":[{"time":0.0333,"name":"skill3_00"},{"time":0.1333,"name":"skill3_01"},{"time":0.2333,"name":"skill3_02"},{"time":0.3666,"name":"skill3_03"},{"time":0.5,"name":"skill3_02"},{"time":0.6333,"name":"skill3_03"},{"time":0.7666,"name":"skill3_02"},{"time":0.9,"name":"skill3_03"},{"time":0.9666,"name":"skill3_02"},{"time":1.0333,"name":"skill3_03"},{"time":1.1,"name":"skill3_02"},{"time":1.1666,"name":"skill3_03"},{"time":1.2333,"name":"skill3_04"},{"time":1.3333,"name":"skill3_05"},{"time":1.5,"name":"skill3_06"},{"time":1.5666,"name":"skill3_07"},{"time":1.9,"name":"skill3_08"},{"time":2.0666,"name":"skill3_09"},{"time":2.2,"name":"skill3_10"},{"time":2.3333,"name":"skill3_11"},{"time":2.5,"name":"skill3_12"},{"time":2.6,"name":"skill3_13"},{"time":2.9333,"name":"skill3_14"},{"time":3.0333,"name":"skill3_15"},{"time":3.1666,"name":"skill3_10"},{"time":3.2666,"name":"skill3_11"},{"time":3.5,"name":"skill3_12"},{"time":3.6666,"name":"skill3_13"},{"time":4.0666,"name":"skill3_14"},{"time":4.1666,"name":"skill3_15"},{"time":4.5666,"name":"skill3_16"},{"time":4.7333,"name":"skill3_17"},{"time":4.8333,"name":"skill3_18"},{"time":4.9333,"name":"skill3_17"},{"time":5.0333,"name":"skill3_18"},{"time":5.1333,"name":"skill3_17"},{"time":5.2333,"name":"skill3_18"},{"time":5.3333,"name":"skill3_18"},{"time":5.4333,"name":"skill3_17"},{"time":5.5333,"name":"skill3_18"},{"time":5.6333,"name":"skill3_17"},{"time":5.7333,"name":"skill3_19"},{"time":5.8666,"name":"skill3_20"},{"time":6.2333,"name":"idle_03"},{"time":6.3333,"name":"idle_00"}]},"ef_burst_aura_sumi_p":{"attachment":[{"time":0.2333,"name":"EF/ef_burst_aura_sumi/ef_burst_aura_sumi_00001"},{"time":0.3666,"name":"EF/ef_burst_aura_sumi/ef_burst_aura_sumi_00002"},{"time":0.4666,"name":"EF/ef_burst_aura_sumi/ef_burst_aura_sumi_00003"},{"time":0.5666,"name":"EF/ef_burst_aura_sumi/ef_burst_aura_sumi_00004"},{"time":0.6666,"name":"EF/ef_burst_aura_sumi/ef_burst_aura_sumi_00005"},{"time":0.7666,"name":"EF/ef_burst_aura_sumi/ef_burst_aura_sumi_00006"},{"time":0.8666,"name":"EF/ef_burst_aura_sumi/ef_burst_aura_sumi_00007"},{"time":0.9666,"name":"EF/ef_burst_aura_sumi/ef_burst_aura_sumi_00008"},{"time":1.0666,"name":"EF/ef_burst_aura_sumi/ef_burst_aura_sumi_00009"},{"time":1.1333,"name":"EF/ef_burst_aura_sumi/ef_burst_aura_sumi_00010"},{"time":1.2,"name":"EF/ef_burst_aura_sumi/ef_burst_aura_sumi_00012"},{"time":1.3666,"name":null}],"color":[{"time":1.2,"color":"ffffffff"},{"time":1.3666,"color":"ffffff00"}]},"ef_dash_sumi":{"attachment":[{"time":4.5666,"name":"EF/ef_dash_sumi/ef_dash_sumi_00001"},{"time":4.6,"name":"EF/ef_dash_sumi/ef_dash_sumi_00003"},{"time":4.6333,"name":"EF/ef_dash_sumi/ef_dash_sumi_00004"},{"time":4.6666,"name":"EF/ef_dash_sumi/ef_dash_sumi_00005"},{"time":4.7,"name":"EF/ef_dash_sumi/ef_dash_sumi_00006"},{"time":4.7333,"name":"EF/ef_dash_sumi/ef_dash_sumi_00007"},{"time":4.7666,"name":"EF/ef_dash_sumi/ef_dash_sumi_00008"},{"time":4.8,"name":"EF/ef_dash_sumi/ef_dash_sumi_00010"},{"time":4.8333,"name":"EF/ef_dash_sumi/ef_dash_sumi_00012"},{"time":4.8666,"name":null}]},"ef_graund_wave_sumi":{"attachment":[{"time":0.2333,"name":"EF/ef_graund_wave_sumi/ef_graund_wave_sumi_00001"},{"time":0.2666,"name":"EF/ef_graund_wave_sumi/ef_graund_wave_sumi_00003"},{"time":0.3,"name":"EF/ef_graund_wave_sumi/ef_graund_wave_sumi_00004"},{"time":0.3333,"name":"EF/ef_graund_wave_sumi/ef_graund_wave_sumi_00005"},{"time":0.3666,"name":"EF/ef_graund_wave_sumi/ef_graund_wave_sumi_00006"},{"time":0.4,"name":"EF/ef_graund_wave_sumi/ef_graund_wave_sumi_00007"},{"time":0.4333,"name":"EF/ef_graund_wave_sumi/ef_graund_wave_sumi_00008"},{"time":0.4666,"name":"EF/ef_graund_wave_sumi/ef_graund_wave_sumi_00009"},{"time":0.5,"name":"EF/ef_graund_wave_sumi/ef_graund_wave_sumi_00010"},{"time":0.5333,"name":"EF/ef_graund_wave_sumi/ef_graund_wave_sumi_00011"},{"time":0.5666,"name":"EF/ef_graund_wave_sumi/ef_graund_wave_sumi_00012"},{"time":0.6,"name":null},{"time":0.7666,"name":"EF/ef_graund_wave_sumi/ef_graund_wave_sumi_00001"},{"time":0.8,"name":"EF/ef_graund_wave_sumi/ef_graund_wave_sumi_00003"},{"time":0.8333,"name":"EF/ef_graund_wave_sumi/ef_graund_wave_sumi_00004"},{"time":0.8666,"name":"EF/ef_graund_wave_sumi/ef_graund_wave_sumi_00005"},{"time":0.9,"name":"EF/ef_graund_wave_sumi/ef_graund_wave_sumi_00006"},{"time":0.9333,"name":"EF/ef_graund_wave_sumi/ef_graund_wave_sumi_00007"},{"time":0.9666,"name":"EF/ef_graund_wave_sumi/ef_graund_wave_sumi_00008"},{"time":1,"name":"EF/ef_graund_wave_sumi/ef_graund_wave_sumi_00009"},{"time":1.0333,"name":"EF/ef_graund_wave_sumi/ef_graund_wave_sumi_00010"},{"time":1.0666,"name":"EF/ef_graund_wave_sumi/ef_graund_wave_sumi_00011"},{"time":1.1,"name":"EF/ef_graund_wave_sumi/ef_graund_wave_sumi_00012"},{"time":1.1333,"name":null},{"time":2.5,"name":"EF/ef_graund_wave_sumi/ef_graund_wave_sumi_00001"},{"time":2.5333,"name":"EF/ef_graund_wave_sumi/ef_graund_wave_sumi_00003"},{"time":2.5666,"name":"EF/ef_graund_wave_sumi/ef_graund_wave_sumi_00004"},{"time":2.6,"name":"EF/ef_graund_wave_sumi/ef_graund_wave_sumi_00005"},{"time":2.6333,"name":"EF/ef_graund_wave_sumi/ef_graund_wave_sumi_00006"},{"time":2.6666,"name":"EF/ef_graund_wave_sumi/ef_graund_wave_sumi_00007"},{"time":2.7,"name":"EF/ef_graund_wave_sumi/ef_graund_wave_sumi_00008"},{"time":2.7333,"name":"EF/ef_graund_wave_sumi/ef_graund_wave_sumi_00009"},{"time":2.7666,"name":"EF/ef_graund_wave_sumi/ef_graund_wave_sumi_00010"},{"time":2.8,"name":"EF/ef_graund_wave_sumi/ef_graund_wave_sumi_00011"},{"time":2.8333,"name":"EF/ef_graund_wave_sumi/ef_graund_wave_sumi_00012"},{"time":2.8666,"name":null},{"time":3.5,"name":"EF/ef_graund_wave_sumi/ef_graund_wave_sumi_00001"},{"time":3.5333,"name":"EF/ef_graund_wave_sumi/ef_graund_wave_sumi_00003"},{"time":3.5666,"name":"EF/ef_graund_wave_sumi/ef_graund_wave_sumi_00004"},{"time":3.6,"name":"EF/ef_graund_wave_sumi/ef_graund_wave_sumi_00005"},{"time":3.6333,"name":"EF/ef_graund_wave_sumi/ef_graund_wave_sumi_00006"},{"time":3.6666,"name":"EF/ef_graund_wave_sumi/ef_graund_wave_sumi_00007"},{"time":3.7,"name":"EF/ef_graund_wave_sumi/ef_graund_wave_sumi_00008"},{"time":3.7333,"name":"EF/ef_graund_wave_sumi/ef_graund_wave_sumi_00009"},{"time":3.7666,"name":"EF/ef_graund_wave_sumi/ef_graund_wave_sumi_00010"},{"time":3.8,"name":"EF/ef_graund_wave_sumi/ef_graund_wave_sumi_00011"},{"time":3.8333,"name":"EF/ef_graund_wave_sumi/ef_graund_wave_sumi_00012"},{"time":3.8666,"name":null},{"time":4.5666,"name":"EF/ef_graund_wave_sumi/ef_graund_wave_sumi_00001"},{"time":4.6,"name":"EF/ef_graund_wave_sumi/ef_graund_wave_sumi_00003"},{"time":4.6333,"name":"EF/ef_graund_wave_sumi/ef_graund_wave_sumi_00004"},{"time":4.6666,"name":"EF/ef_graund_wave_sumi/ef_graund_wave_sumi_00005"},{"time":4.7,"name":"EF/ef_graund_wave_sumi/ef_graund_wave_sumi_00006"},{"time":4.7333,"name":"EF/ef_graund_wave_sumi/ef_graund_wave_sumi_00007"},{"time":4.7666,"name":"EF/ef_graund_wave_sumi/ef_graund_wave_sumi_00008"},{"time":4.8,"name":"EF/ef_graund_wave_sumi/ef_graund_wave_sumi_00009"},{"time":4.8333,"name":"EF/ef_graund_wave_sumi/ef_graund_wave_sumi_00010"},{"time":4.8666,"name":"EF/ef_graund_wave_sumi/ef_graund_wave_sumi_00011"},{"time":4.9,"name":"EF/ef_graund_wave_sumi/ef_graund_wave_sumi_00012"},{"time":4.9333,"name":null}]},"ef_graund_wave_sumi2":{"attachment":[{"time":0.5,"name":"EF/ef_graund_wave_sumi/ef_graund_wave_sumi_00001"},{"time":0.5333,"name":"EF/ef_graund_wave_sumi/ef_graund_wave_sumi_00003"},{"time":0.5666,"name":"EF/ef_graund_wave_sumi/ef_graund_wave_sumi_00004"},{"time":0.6,"name":"EF/ef_graund_wave_sumi/ef_graund_wave_sumi_00005"},{"time":0.6333,"name":"EF/ef_graund_wave_sumi/ef_graund_wave_sumi_00006"},{"time":0.6666,"name":"EF/ef_graund_wave_sumi/ef_graund_wave_sumi_00007"},{"time":0.7,"name":"EF/ef_graund_wave_sumi/ef_graund_wave_sumi_00008"},{"time":0.7333,"name":"EF/ef_graund_wave_sumi/ef_graund_wave_sumi_00009"},{"time":0.7666,"name":"EF/ef_graund_wave_sumi/ef_graund_wave_sumi_00010"},{"time":0.8,"name":"EF/ef_graund_wave_sumi/ef_graund_wave_sumi_00011"},{"time":0.8333,"name":"EF/ef_graund_wave_sumi/ef_graund_wave_sumi_00012"},{"time":0.8666,"name":null}]},"ef_jet_sumi_p":{"attachment":[{"time":4.7333,"name":"EF/ef_jet_sumi/ef_jet_sumi_00001"},{"time":4.7666,"name":"EF/ef_jet_sumi/ef_jet_sumi_00002"},{"time":4.8,"name":"EF/ef_jet_sumi/ef_jet_sumi_00003"},{"time":5,"name":"EF/ef_jet_sumi/ef_jet_sumi_00004"},{"time":5.0333,"name":"EF/ef_jet_sumi/ef_jet_sumi_00005"},{"time":5.0666,"name":"EF/ef_jet_sumi/ef_jet_sumi_00006"},{"time":5.1,"name":null}]},"ef_slash_B_sumi":{"attachment":[{"time":1.5,"name":"EF/ef_slash_B_sumi/ef_slash_B_sumi_00001"},{"time":1.5333,"name":"EF/ef_slash_B_sumi/ef_slash_B_sumi_00002"},{"time":1.5666,"name":"EF/ef_slash_B_sumi/ef_slash_B_sumi_00003"},{"time":1.6,"name":"EF/ef_slash_B_sumi/ef_slash_B_sumi_00004"},{"time":1.6333,"name":"EF/ef_slash_B_sumi/ef_slash_B_sumi_00005"},{"time":1.6666,"name":"EF/ef_slash_B_sumi/ef_slash_B_sumi_00006"},{"time":1.7,"name":"EF/ef_slash_B_sumi/ef_slash_B_sumi_00007"},{"time":1.8,"name":null}],"color":[{"time":1.5,"color":"ffffffb4"},{"time":1.6,"color":"ffffffff"},{"time":1.8,"color":"ffffff00"}]},"ef_slash_B_sumi 2":{"attachment":[{"time":1.8666,"name":"EF/ef_slash_B_sumi 2/ef_slash_B_sumi 2_00001"},{"time":1.9,"name":"EF/ef_slash_B_sumi 2/ef_slash_B_sumi 2_00002"},{"time":1.9333,"name":"EF/ef_slash_B_sumi 2/ef_slash_B_sumi 2_00003"},{"time":1.9666,"name":"EF/ef_slash_B_sumi 2/ef_slash_B_sumi 2_00004"},{"time":2,"name":"EF/ef_slash_B_sumi 2/ef_slash_B_sumi 2_00005"},{"time":2.0333,"name":"EF/ef_slash_B_sumi 2/ef_slash_B_sumi 2_00006"},{"time":2.0666,"name":"EF/ef_slash_B_sumi 2/ef_slash_B_sumi 2_00007"},{"time":2.1666,"name":null}],"color":[{"time":1.8666,"color":"ffffffb4"},{"time":1.9666,"color":"ffffffff"},{"time":2.1666,"color":"ffffff00"}]},"ef_slash_C_sumi":{"attachment":[{"time":2.5,"name":"EF/ef_slash_C_sumi/ef_slash_C_sumi_00001"},{"time":2.5333,"name":"EF/ef_slash_C_sumi/ef_slash_C_sumi_00002"},{"time":2.5666,"name":"EF/ef_slash_C_sumi/ef_slash_C_sumi_00004"},{"time":2.6,"name":"EF/ef_slash_C_sumi/ef_slash_C_sumi_00006"},{"time":2.6666,"name":"EF/ef_slash_C_sumi/ef_slash_C_sumi_00008"},{"time":2.7333,"name":"EF/ef_slash_C_sumi/ef_slash_C_sumi_00010"},{"time":2.8,"name":"EF/ef_slash_C_sumi/ef_slash_C_sumi_00011"},{"time":2.8666,"name":"EF/ef_slash_C_sumi/ef_slash_C_sumi_00012"},{"time":2.9666,"name":null},{"time":3.5,"name":"EF/ef_slash_C_sumi/ef_slash_C_sumi_00001"},{"time":3.5333,"name":"EF/ef_slash_C_sumi/ef_slash_C_sumi_00002"},{"time":3.5666,"name":"EF/ef_slash_C_sumi/ef_slash_C_sumi_00004"},{"time":3.6,"name":"EF/ef_slash_C_sumi/ef_slash_C_sumi_00006"},{"time":3.6666,"name":"EF/ef_slash_C_sumi/ef_slash_C_sumi_00008"},{"time":3.7333,"name":"EF/ef_slash_C_sumi/ef_slash_C_sumi_00010"},{"time":3.8,"name":"EF/ef_slash_C_sumi/ef_slash_C_sumi_00011"},{"time":3.8666,"name":"EF/ef_slash_C_sumi/ef_slash_C_sumi_00012"},{"time":3.9666,"name":null}],"color":[{"time":2.5,"color":"ffffffff","curve":[0.967,0.04,0.972,0.24]},{"time":2.9666,"color":"ffffff00","curve":"stepped"},{"time":3.5,"color":"ffffffff","curve":[0.967,0.04,0.972,0.24]},{"time":3.9666,"color":"ffffff00"}]},"ef_stamp_sumi_main_p":{"attachment":[{"time":2.5,"name":"EF/ef_stamp_sumi_main/ef_stamp_sumi_main_00001"},{"time":2.5333,"name":"EF/ef_stamp_sumi_main/ef_stamp_sumi_main_00002"},{"time":2.5666,"name":"EF/ef_stamp_sumi_main/ef_stamp_sumi_main_00003"},{"time":2.6,"name":"EF/ef_stamp_sumi_main/ef_stamp_sumi_main_00004"},{"time":2.6333,"name":"EF/ef_stamp_sumi_main/ef_stamp_sumi_main_00005"},{"time":2.6666,"name":"EF/ef_stamp_sumi_main/ef_stamp_sumi_main_00007"},{"time":2.7,"name":"EF/ef_stamp_sumi_main/ef_stamp_sumi_main_00009"},{"time":2.7333,"name":"EF/ef_stamp_sumi_main/ef_stamp_sumi_main_00011"},{"time":2.7666,"name":"EF/ef_stamp_sumi_main/ef_stamp_sumi_main_00013"},{"time":2.9333,"name":"EF/ef_stamp_sumi_main/ef_stamp_sumi_main_00015"},{"time":3,"name":null},{"time":3.5,"name":"EF/ef_stamp_sumi_main/ef_stamp_sumi_main_00001"},{"time":3.5333,"name":"EF/ef_stamp_sumi_main/ef_stamp_sumi_main_00002"},{"time":3.5666,"name":"EF/ef_stamp_sumi_main/ef_stamp_sumi_main_00003"},{"time":3.6,"name":"EF/ef_stamp_sumi_main/ef_stamp_sumi_main_00004"},{"time":3.6333,"name":"EF/ef_stamp_sumi_main/ef_stamp_sumi_main_00005"},{"time":3.6666,"name":"EF/ef_stamp_sumi_main/ef_stamp_sumi_main_00007"},{"time":3.7,"name":"EF/ef_stamp_sumi_main/ef_stamp_sumi_main_00009"},{"time":3.7333,"name":"EF/ef_stamp_sumi_main/ef_stamp_sumi_main_00011"},{"time":3.7666,"name":"EF/ef_stamp_sumi_main/ef_stamp_sumi_main_00013"},{"time":3.9333,"name":"EF/ef_stamp_sumi_main/ef_stamp_sumi_main_00015"},{"time":4,"name":null}],"color":[{"time":2.7666,"color":"ffffffff"},{"time":3,"color":"ffffff00","curve":"stepped"},{"time":3.5,"color":"ffffffff","curve":"stepped"},{"time":3.7666,"color":"ffffffff"},{"time":4,"color":"ffffff00"}]},"ef_trust_line_sumi":{"attachment":[{"time":4.5666,"name":"EF/ef_trust_line_sumi/ef_trust_line_sumi_00001"}],"color":[{"time":4.5666,"color":"000000c7","curve":[0.064,0.92,0.102,0.97]},{"time":4.8333,"color":"000000ff","curve":[0.25,0,0.907,0.07]},{"time":4.9666,"color":"ffffff00"}]}},"bones":{"MAIN":{"translate":[{"time":0,"x":0,"y":0,"curve":"stepped"},{"time":0.0333,"x":12.63,"y":-4.2,"curve":"stepped"},{"time":0.1333,"x":0,"y":0,"curve":"stepped"},{"time":0.2333,"x":-3.71,"y":0,"curve":"stepped"},{"time":1.2333,"x":-3.71,"y":0,"curve":[0.098,0.9,0.393,0.98]},{"time":1.8333,"x":-50,"y":0,"curve":"stepped"},{"time":4.5666,"x":-91.9,"y":0,"curve":[0.188,0.66,0.112,0.97]},{"time":5.7,"x":-100,"y":0,"curve":"stepped"},{"time":5.7333,"x":-93.05,"y":0,"curve":"stepped"},{"time":5.8666,"x":-89.33,"y":0}]},"EF_main2":{"translate":[{"time":0.1333,"x":-0.64,"y":4.65,"curve":"stepped"},{"time":1.5,"x":0,"y":0,"curve":"stepped"},{"time":1.9,"x":-1.55,"y":1.12,"curve":"stepped"},{"time":2.0666,"x":-1.55,"y":1.12}]},"ef_graund_wave_sumi":{"translate":[{"time":0.2333,"x":-499.6,"y":0,"curve":"stepped"},{"time":0.7666,"x":-499.6,"y":0,"curve":"stepped"},{"time":2.5,"x":-617.26,"y":0,"curve":"stepped"},{"time":3.5,"x":-617.26,"y":0,"curve":"stepped"},{"time":4.5666,"x":-520.56,"y":0}],"scale":[{"time":0.2333,"x":1.5,"y":1.5},{"time":0.6,"x":1.6,"y":1.6,"curve":"stepped"},{"time":0.7666,"x":1.5,"y":1.5},{"time":1.1333,"x":1.6,"y":1.6,"curve":"stepped"},{"time":2.5,"x":1.5,"y":1.5},{"time":2.8666,"x":2,"y":2,"curve":"stepped"},{"time":3.5,"x":1.5,"y":1.5},{"time":3.8666,"x":2,"y":2,"curve":"stepped"},{"time":4.5666,"x":1.5,"y":1.5},{"time":4.9333,"x":1.6,"y":1.6}]},"ef_graund_wave_sumi2":{"translate":[{"time":0.5,"x":-499.6,"y":0}],"scale":[{"time":0.5,"x":1.5,"y":1.5},{"time":0.8666,"x":1.6,"y":1.6}]},"ef_slash_B_sumi":{"translate":[{"time":1.5,"x":-341.13,"y":-161.5}],"scale":[{"time":1.5,"x":2,"y":2}]},"ef_slash_B_sumi 2":{"translate":[{"time":1.8666,"x":-362.55,"y":-72.51}],"scale":[{"time":1.8666,"x":2,"y":2}]},"ef_dash_sumi":{"translate":[{"time":4.5666,"x":-747.25,"y":0}],"scale":[{"time":4.5666,"x":1.5,"y":1.5},{"time":4.8666,"x":1.6,"y":1.6}]},"ef_slash_C_sumi":{"rotate":[{"time":2.5,"angle":89.64,"curve":"stepped"},{"time":3.5,"angle":89.64}],"translate":[{"time":2.5,"x":-418.62,"y":-348.66,"curve":"stepped"},{"time":3.5,"x":-418.62,"y":-348.66}],"scale":[{"time":2.5,"x":1,"y":1},{"time":2.9666,"x":3,"y":3,"curve":"stepped"},{"time":3.5,"x":1,"y":-1},{"time":3.9666,"x":3,"y":-3}]},"ef_stamp_sumi_main_p":{"rotate":[{"time":2.5,"angle":-178.29,"curve":"stepped"},{"time":3.5,"angle":-178.29}],"translate":[{"time":2.5,"x":-918.22,"y":-249.3,"curve":"stepped"},{"time":3.5,"x":-918.22,"y":-249.3}],"scale":[{"time":2.5,"x":1.2,"y":0.3,"curve":[0.12,0.88,0.75,1]},{"time":3,"x":2,"y":0.6,"curve":"stepped"},{"time":3.5,"x":-1.2,"y":0.3,"curve":[0.187,0.7,0.342,0.95]},{"time":4,"x":-2,"y":0.6}]},"ef_trust_line_sumi":{"rotate":[{"time":4.5666,"angle":90}],"translate":[{"time":4.5666,"x":-566.85,"y":90.45},{"time":4.7,"x":-570.14,"y":90.27,"curve":"stepped"},{"time":4.7333,"x":-1527.89,"y":82.39}],"scale":[{"time":4.5666,"x":0.5,"y":0.5},{"time":4.7,"x":0.9,"y":0.9,"curve":"stepped"},{"time":4.7333,"x":0.25,"y":10,"curve":[0.912,0.07,0.84,0.37]},{"time":4.9666,"x":4,"y":5}]},"DAMAGEAREA":{"translate":[{"time":1.5333,"x":-74.59,"y":89.15,"curve":"stepped"},{"time":1.9,"x":-81.98,"y":72.01,"curve":"stepped"},{"time":2.5,"x":-124.32,"y":93.52,"curve":"stepped"},{"time":3.5,"x":-124.32,"y":100.58,"curve":"stepped"},{"time":4.5666,"x":-114.24,"y":71.9,"curve":"stepped"},{"time":4.7333,"x":-80.85,"y":88.96}],"scale":[{"time":1.5333,"x":2.488,"y":1.496,"curve":"stepped"},{"time":1.9,"x":2.488,"y":1.496,"curve":"stepped"},{"time":2.5,"x":1.729,"y":1.899,"curve":"stepped"},{"time":3.5,"x":1.624,"y":1.899,"curve":"stepped"},{"time":4.5666,"x":3.511,"y":0.975,"curve":"stepped"},{"time":4.7333,"x":70.276,"y":1.446}]},"ef_burst_aura_sumi_p":{"translate":[{"time":0.2333,"x":-501.61,"y":-263.14}],"scale":[{"time":0.2333,"x":1,"y":1},{"time":0.3666,"x":2,"y":2},{"time":1.3666,"x":3,"y":3}]},"ef_jet_sumi_p":{"translate":[{"time":4.7333,"x":-785.35,"y":-372.34}],"scale":[{"time":4.7333,"x":1,"y":2},{"time":5.1,"x":4,"y":5}]}},"events":[{"time":0,"name":"Event","string":"setHitEffect(hit03a, 1)"},{"time":0,"name":"Voice","string":"cri_711_voice_fullarts_now_b"},{"time":0.0333,"name":"Event","float":0.15,"string":"kHitStopType_normal"},{"time":0.0666,"name":"Event","int":1,"string":"kImpactType_down"},{"time":0.2333,"name":"Event2","string":"whiteOutBack(0.2,6.2,1)"},{"time":0.2333,"name":"Sound1","string":"cri_se_battle_charge"},{"time":0.3333,"name":"Sound3","string":"setHitSound(se_battle_019_sword_hit_03)"},{"time":0.6666,"name":"Voice","string":"cri_711_voice_fullarts_rank6"},{"time":1.2333,"name":"Event","float":-1,"string":"addOrbitSystem_dash3"},{"time":1.2666,"name":"Event","string":"movePosition_Target(0.2,100,0)"},{"time":1.4666,"name":"Sound1","string":"cri_se_battle_039_weapon_swing"},{"time":1.5333,"name":"Event2","string":"shakeGround"},{"time":1.6333,"name":"Event","float":0.5,"string":"kHitStopType_enemyonly"},{"time":1.6333,"name":"Hit","string":"resetHitList"},{"time":1.8333,"name":"Event","float":0.15,"string":"kHitStopType_normal"},{"time":1.8666,"name":"Sound1","string":"cri_se_battle_039_weapon_swing"},{"time":1.9,"name":"Event","int":1,"string":"kImpactType_up"},{"time":1.9,"name":"Event2","string":"shakeGround"},{"time":1.9,"name":"Hit","string":"resetHitList"},{"time":2.5,"name":"Event","int":1,"string":"kImpactType_down"},{"time":2.5,"name":"Event2","string":"shakeGround"},{"time":2.5,"name":"Hit","string":"resetHitList"},{"time":3.5,"name":"Event2","string":"shakeGround"},{"time":3.5,"name":"Hit","string":"resetHitList"},{"time":4.5666,"name":"Event","int":1,"string":"kImpactType_knock"},{"time":4.5666,"name":"Hit","string":"resetHitList"},{"time":4.7333,"name":"Sound1","string":"cri_se_battle_sword_srash"},{"time":4.7666,"name":"Event","float":0.3,"string":"kHitStopType_normal"},{"time":4.7666,"name":"Event2","float":3,"string":"shakeGround"},{"time":4.8,"name":"Event","int":3,"string":"kImpactType_knock"},{"time":4.8,"name":"Hit","string":"resetHitList"},{"time":4.8333,"name":"Event","float":0.5,"string":"kHitStopType_enemyonly"},{"time":5,"name":"Event2","string":"whiteOutBack(0,1.2,1)"},{"time":5.1333,"name":"Event2","string":"addOrbitSystemCamera_hit3"}]}}}