{"skeleton":{"hash":"G5wc13j7YuJs/oWB97KXceUFcm0","spine":"3.0.12","width":0,"height":0},"bones":[{"name":"root"},{"name":"EF","parent":"root"},{"name":"ef_slash_bolt","parent":"EF","x":450},{"name":"ef_shot_main","parent":"EF","x":400},{"name":"ef_line_main2","parent":"EF","x":350},{"name":"ef_line_main","parent":"EF","x":350},{"name":"ef_flash_line2","parent":"EF","x":100},{"name":"ef_flash_line","parent":"EF","x":100},{"name":"ef_cross_main","parent":"EF","x":150},{"name":"ef_coin_main2","parent":"EF","x":300},{"name":"ef_coin_main","parent":"EF","x":300},{"name":"ef_OF_yellow","parent":"EF","x":50},{"name":"S1_shine3","parent":"EF","x":250},{"name":"S1_shine2","parent":"EF","x":250},{"name":"A1_pt1","parent":"EF","x":200},{"name":"1040_A1_wave4","parent":"EF"},{"name":"1040_A1_wave3","parent":"EF"},{"name":"1040_A1_wave2","parent":"EF"},{"name":"1040_A1_wave1","parent":"EF"}],"slots":[{"name":"0e/1040_A1_wave1/1040_A1_wave1_00001","bone":"1040_A1_wave1","blend":"additive"},{"name":"0e/1040_A1_wave1/1040_A1_wave1_1","bone":"1040_A1_wave2","blend":"additive"},{"name":"0e/1040_A1_wave1/1040_A1_wave1_2","bone":"1040_A1_wave3","blend":"additive"},{"name":"0e/1040_A1_wave1/1040_A1_wave1_3","bone":"1040_A1_wave4","blend":"additive"},{"name":"0e/ef_OF_yellow/ef_OF_yellow_00001","bone":"ef_OF_yellow","blend":"additive"},{"name":"0e/s12_ef_flash_line_main/ef_flash_line_main_00004","bone":"ef_flash_line","blend":"additive"},{"name":"0e/s12_ef_flash_line_main/ef_flash_line_main_4","bone":"ef_flash_line2","blend":"additive"},{"name":"0e/s1_ef_cross_main/ef_cross_main_00001","bone":"ef_cross_main","blend":"additive"},{"name":"0e/s2_1040_A1_pt1/1040_A1_pt1_00002","bone":"A1_pt1","blend":"additive"},{"name":"0e/s2_1040_S1_shine2/1040_S1_shine2_00000","bone":"S1_shine2","blend":"additive"},{"name":"0e/s2_1040_S1_shine2/1040_S1_shine2_0","bone":"S1_shine3","blend":"additive"},{"name":"0e/s2_ef_coin_main/ef_coin_main_00001","bone":"ef_coin_main"},{"name":"0e/s2_ef_coin_main/ef_coin_main_1","bone":"ef_coin_main2"},{"name":"0e/s2_ef_line_main/ef_line_main_00001","bone":"ef_line_main","blend":"additive"},{"name":"0e/s2_ef_line_main/ef_line_main_1","bone":"ef_line_main2","blend":"additive"},{"name":"0e/s2_ef_shot_main/ef_shot_main_00001","bone":"ef_shot_main","blend":"additive"},{"name":"0e/s2_ef_slash_bolt_main/ef_slash_bolt_main_00001","bone":"ef_slash_bolt","blend":"additive"}],"skins":{"default":{"0e/1040_A1_wave1/1040_A1_wave1_00001":{"0e/1040_A1_wave1/1040_A1_wave1_00001":{"width":150,"height":150},"0e/1040_A1_wave1/1040_A1_wave1_00002":{"width":150,"height":150},"0e/1040_A1_wave1/1040_A1_wave1_00003":{"width":150,"height":150},"0e/1040_A1_wave1/1040_A1_wave1_00004":{"width":150,"height":150},"0e/1040_A1_wave1/1040_A1_wave1_00005":{"width":150,"height":150},"0e/1040_A1_wave1/1040_A1_wave1_00006":{"width":150,"height":150},"0e/1040_A1_wave1/1040_A1_wave1_00007":{"width":150,"height":150},"0e/1040_A1_wave1/1040_A1_wave1_00008":{"width":150,"height":150},"0e/1040_A1_wave1/1040_A1_wave1_00009":{"width":150,"height":150},"0e/1040_A1_wave1/1040_A1_wave1_00010":{"width":150,"height":150},"0e/1040_A1_wave1/1040_A1_wave1_00011":{"width":150,"height":150}},"0e/1040_A1_wave1/1040_A1_wave1_1":{"0e/1040_A1_wave1/1040_A1_wave1_00001":{"width":150,"height":150},"0e/1040_A1_wave1/1040_A1_wave1_00002":{"width":150,"height":150},"0e/1040_A1_wave1/1040_A1_wave1_00003":{"width":150,"height":150},"0e/1040_A1_wave1/1040_A1_wave1_00004":{"width":150,"height":150},"0e/1040_A1_wave1/1040_A1_wave1_00005":{"width":150,"height":150},"0e/1040_A1_wave1/1040_A1_wave1_00006":{"width":150,"height":150},"0e/1040_A1_wave1/1040_A1_wave1_00007":{"width":150,"height":150},"0e/1040_A1_wave1/1040_A1_wave1_00008":{"width":150,"height":150},"0e/1040_A1_wave1/1040_A1_wave1_00009":{"width":150,"height":150},"0e/1040_A1_wave1/1040_A1_wave1_00010":{"width":150,"height":150},"0e/1040_A1_wave1/1040_A1_wave1_00011":{"width":150,"height":150}},"0e/1040_A1_wave1/1040_A1_wave1_2":{"0e/1040_A1_wave1/1040_A1_wave1_00001":{"width":150,"height":150},"0e/1040_A1_wave1/1040_A1_wave1_00002":{"width":150,"height":150},"0e/1040_A1_wave1/1040_A1_wave1_00003":{"width":150,"height":150},"0e/1040_A1_wave1/1040_A1_wave1_00004":{"width":150,"height":150},"0e/1040_A1_wave1/1040_A1_wave1_00005":{"width":150,"height":150},"0e/1040_A1_wave1/1040_A1_wave1_00006":{"width":150,"height":150},"0e/1040_A1_wave1/1040_A1_wave1_00007":{"width":150,"height":150},"0e/1040_A1_wave1/1040_A1_wave1_00008":{"width":150,"height":150},"0e/1040_A1_wave1/1040_A1_wave1_00009":{"width":150,"height":150},"0e/1040_A1_wave1/1040_A1_wave1_00010":{"width":150,"height":150},"0e/1040_A1_wave1/1040_A1_wave1_00011":{"width":150,"height":150}},"0e/1040_A1_wave1/1040_A1_wave1_3":{"0e/1040_A1_wave1/1040_A1_wave1_00001":{"width":150,"height":150},"0e/1040_A1_wave1/1040_A1_wave1_00002":{"width":150,"height":150},"0e/1040_A1_wave1/1040_A1_wave1_00003":{"width":150,"height":150},"0e/1040_A1_wave1/1040_A1_wave1_00004":{"width":150,"height":150},"0e/1040_A1_wave1/1040_A1_wave1_00005":{"width":150,"height":150},"0e/1040_A1_wave1/1040_A1_wave1_00006":{"width":150,"height":150},"0e/1040_A1_wave1/1040_A1_wave1_00007":{"width":150,"height":150},"0e/1040_A1_wave1/1040_A1_wave1_00008":{"width":150,"height":150},"0e/1040_A1_wave1/1040_A1_wave1_00009":{"width":150,"height":150},"0e/1040_A1_wave1/1040_A1_wave1_00010":{"width":150,"height":150},"0e/1040_A1_wave1/1040_A1_wave1_00011":{"width":150,"height":150}},"0e/ef_OF_yellow/ef_OF_yellow_00001":{"0e/ef_OF_yellow/ef_OF_yellow_00001":{"width":200,"height":200},"0e/ef_OF_yellow/ef_OF_yellow_00002":{"width":200,"height":200},"0e/ef_OF_yellow/ef_OF_yellow_00003":{"width":200,"height":200},"0e/ef_OF_yellow/ef_OF_yellow_00004":{"width":200,"height":200},"0e/ef_OF_yellow/ef_OF_yellow_00005":{"width":200,"height":200},"0e/ef_OF_yellow/ef_OF_yellow_00006":{"width":200,"height":200},"0e/ef_OF_yellow/ef_OF_yellow_00007":{"width":200,"height":200}},"0e/s12_ef_flash_line_main/ef_flash_line_main_00004":{"0e/s12_ef_flash_line_main/ef_flash_line_main_00004":{"width":258,"height":60}},"0e/s12_ef_flash_line_main/ef_flash_line_main_4":{"0e/s12_ef_flash_line_main/ef_flash_line_main_00004":{"width":258,"height":60}},"0e/s1_ef_cross_main/ef_cross_main_00001":{"0e/s1_ef_cross_main/ef_cross_main_00001":{"width":240,"height":240},"0e/s1_ef_cross_main/ef_cross_main_00002":{"width":240,"height":240},"0e/s1_ef_cross_main/ef_cross_main_00003":{"width":240,"height":240},"0e/s1_ef_cross_main/ef_cross_main_00004":{"width":240,"height":240},"0e/s1_ef_cross_main/ef_cross_main_00006":{"width":240,"height":240},"0e/s1_ef_cross_main/ef_cross_main_00007":{"width":240,"height":240},"0e/s1_ef_cross_main/ef_cross_main_00008":{"width":240,"height":240},"0e/s1_ef_cross_main/ef_cross_main_00009":{"width":240,"height":240},"0e/s1_ef_cross_main/ef_cross_main_00010":{"width":240,"height":240},"0e/s1_ef_cross_main/ef_cross_main_00011":{"width":240,"height":240},"0e/s1_ef_cross_main/ef_cross_main_00012":{"width":240,"height":240}},"0e/s2_1040_A1_pt1/1040_A1_pt1_00002":{"0e/s2_1040_A1_pt1/1040_A1_pt1_00002":{"width":150,"height":150},"0e/s2_1040_A1_pt1/1040_A1_pt1_00003":{"width":150,"height":150},"0e/s2_1040_A1_pt1/1040_A1_pt1_00004":{"width":150,"height":150},"0e/s2_1040_A1_pt1/1040_A1_pt1_00005":{"width":150,"height":150},"0e/s2_1040_A1_pt1/1040_A1_pt1_00006":{"width":150,"height":150},"0e/s2_1040_A1_pt1/1040_A1_pt1_00007":{"width":150,"height":150},"0e/s2_1040_A1_pt1/1040_A1_pt1_00008":{"width":150,"height":150},"0e/s2_1040_A1_pt1/1040_A1_pt1_00009":{"width":150,"height":150},"0e/s2_1040_A1_pt1/1040_A1_pt1_00010":{"width":150,"height":150},"0e/s2_1040_A1_pt1/1040_A1_pt1_00011":{"width":150,"height":150},"0e/s2_1040_A1_pt1/1040_A1_pt1_00012":{"width":150,"height":150},"0e/s2_1040_A1_pt1/1040_A1_pt1_00013":{"width":150,"height":150},"0e/s2_1040_A1_pt1/1040_A1_pt1_00014":{"width":150,"height":150},"0e/s2_1040_A1_pt1/1040_A1_pt1_00015":{"width":150,"height":150}},"0e/s2_1040_S1_shine2/1040_S1_shine2_0":{"0e/s2_1040_S1_shine2/1040_S1_shine2_00000":{"width":250,"height":250},"0e/s2_1040_S1_shine2/1040_S1_shine2_00001":{"width":250,"height":250},"0e/s2_1040_S1_shine2/1040_S1_shine2_00002":{"width":250,"height":250},"0e/s2_1040_S1_shine2/1040_S1_shine2_00003":{"width":250,"height":250},"0e/s2_1040_S1_shine2/1040_S1_shine2_00004":{"width":250,"height":250},"0e/s2_1040_S1_shine2/1040_S1_shine2_00005":{"width":250,"height":250},"0e/s2_1040_S1_shine2/1040_S1_shine2_00006":{"width":250,"height":250},"0e/s2_1040_S1_shine2/1040_S1_shine2_00007":{"width":250,"height":250},"0e/s2_1040_S1_shine2/1040_S1_shine2_00008":{"width":250,"height":250},"0e/s2_1040_S1_shine2/1040_S1_shine2_00009":{"width":250,"height":250},"0e/s2_1040_S1_shine2/1040_S1_shine2_00010":{"width":250,"height":250},"0e/s2_1040_S1_shine2/1040_S1_shine2_00011":{"width":250,"height":250},"0e/s2_1040_S1_shine2/1040_S1_shine2_00012":{"width":250,"height":250},"0e/s2_1040_S1_shine2/1040_S1_shine2_00013":{"width":250,"height":250},"0e/s2_1040_S1_shine2/1040_S1_shine2_00014":{"width":250,"height":250},"0e/s2_1040_S1_shine2/1040_S1_shine2_00015":{"width":250,"height":250},"0e/s2_1040_S1_shine2/1040_S1_shine2_00016":{"width":250,"height":250},"0e/s2_1040_S1_shine2/1040_S1_shine2_00017":{"width":250,"height":250},"0e/s2_1040_S1_shine2/1040_S1_shine2_00018":{"width":250,"height":250},"0e/s2_1040_S1_shine2/1040_S1_shine2_00019":{"width":250,"height":250},"0e/s2_1040_S1_shine2/1040_S1_shine2_00020":{"width":250,"height":250},"0e/s2_1040_S1_shine2/1040_S1_shine2_00021":{"width":250,"height":250}},"0e/s2_1040_S1_shine2/1040_S1_shine2_00000":{"0e/s2_1040_S1_shine2/1040_S1_shine2_00000":{"width":250,"height":250},"0e/s2_1040_S1_shine2/1040_S1_shine2_00001":{"width":250,"height":250},"0e/s2_1040_S1_shine2/1040_S1_shine2_00002":{"width":250,"height":250},"0e/s2_1040_S1_shine2/1040_S1_shine2_00003":{"width":250,"height":250},"0e/s2_1040_S1_shine2/1040_S1_shine2_00004":{"width":250,"height":250},"0e/s2_1040_S1_shine2/1040_S1_shine2_00005":{"width":250,"height":250},"0e/s2_1040_S1_shine2/1040_S1_shine2_00006":{"width":250,"height":250},"0e/s2_1040_S1_shine2/1040_S1_shine2_00007":{"width":250,"height":250},"0e/s2_1040_S1_shine2/1040_S1_shine2_00008":{"width":250,"height":250},"0e/s2_1040_S1_shine2/1040_S1_shine2_00009":{"width":250,"height":250},"0e/s2_1040_S1_shine2/1040_S1_shine2_00010":{"width":250,"height":250},"0e/s2_1040_S1_shine2/1040_S1_shine2_00011":{"width":250,"height":250},"0e/s2_1040_S1_shine2/1040_S1_shine2_00012":{"width":250,"height":250},"0e/s2_1040_S1_shine2/1040_S1_shine2_00013":{"width":250,"height":250},"0e/s2_1040_S1_shine2/1040_S1_shine2_00014":{"width":250,"height":250},"0e/s2_1040_S1_shine2/1040_S1_shine2_00015":{"width":250,"height":250},"0e/s2_1040_S1_shine2/1040_S1_shine2_00016":{"width":250,"height":250},"0e/s2_1040_S1_shine2/1040_S1_shine2_00017":{"width":250,"height":250},"0e/s2_1040_S1_shine2/1040_S1_shine2_00018":{"width":250,"height":250},"0e/s2_1040_S1_shine2/1040_S1_shine2_00019":{"width":250,"height":250},"0e/s2_1040_S1_shine2/1040_S1_shine2_00020":{"width":250,"height":250},"0e/s2_1040_S1_shine2/1040_S1_shine2_00021":{"width":250,"height":250}},"0e/s2_ef_coin_main/ef_coin_main_00001":{"0e/s2_ef_coin_main/ef_coin_main_00001":{"y":110.83,"width":540,"height":540},"0e/s2_ef_coin_main/ef_coin_main_00002":{"y":110.83,"width":540,"height":540},"0e/s2_ef_coin_main/ef_coin_main_00003":{"y":110.83,"width":540,"height":540},"0e/s2_ef_coin_main/ef_coin_main_00004":{"y":110.83,"width":540,"height":540},"0e/s2_ef_coin_main/ef_coin_main_00005":{"y":110.83,"width":540,"height":540},"0e/s2_ef_coin_main/ef_coin_main_00006":{"y":110.83,"width":540,"height":540},"0e/s2_ef_coin_main/ef_coin_main_00007":{"y":110.83,"width":540,"height":540},"0e/s2_ef_coin_main/ef_coin_main_00008":{"y":110.83,"width":540,"height":540},"0e/s2_ef_coin_main/ef_coin_main_00009":{"y":110.83,"width":540,"height":540},"0e/s2_ef_coin_main/ef_coin_main_00010":{"y":110.83,"width":540,"height":540},"0e/s2_ef_coin_main/ef_coin_main_00011":{"y":110.83,"width":540,"height":540},"0e/s2_ef_coin_main/ef_coin_main_00012":{"y":110.83,"width":540,"height":540},"0e/s2_ef_coin_main/ef_coin_main_00013":{"y":110.83,"width":540,"height":540},"0e/s2_ef_coin_main/ef_coin_main_00014":{"y":110.83,"width":540,"height":540},"0e/s2_ef_coin_main/ef_coin_main_00015":{"y":110.83,"width":540,"height":540},"0e/s2_ef_coin_main/ef_coin_main_00016":{"y":110.83,"width":540,"height":540},"0e/s2_ef_coin_main/ef_coin_main_00017":{"y":110.83,"width":540,"height":540},"0e/s2_ef_coin_main/ef_coin_main_00018":{"y":110.83,"width":540,"height":540}},"0e/s2_ef_coin_main/ef_coin_main_1":{"0e/s2_ef_coin_main/ef_coin_main_00001":{"y":110.83,"width":540,"height":540},"0e/s2_ef_coin_main/ef_coin_main_00002":{"y":110.83,"width":540,"height":540},"0e/s2_ef_coin_main/ef_coin_main_00003":{"y":110.83,"width":540,"height":540},"0e/s2_ef_coin_main/ef_coin_main_00004":{"y":110.83,"width":540,"height":540},"0e/s2_ef_coin_main/ef_coin_main_00005":{"y":110.83,"width":540,"height":540},"0e/s2_ef_coin_main/ef_coin_main_00006":{"y":110.83,"width":540,"height":540},"0e/s2_ef_coin_main/ef_coin_main_00007":{"y":110.83,"width":540,"height":540},"0e/s2_ef_coin_main/ef_coin_main_00008":{"y":110.83,"width":540,"height":540},"0e/s2_ef_coin_main/ef_coin_main_00009":{"y":110.83,"width":540,"height":540},"0e/s2_ef_coin_main/ef_coin_main_00010":{"y":110.83,"width":540,"height":540},"0e/s2_ef_coin_main/ef_coin_main_00011":{"y":110.83,"width":540,"height":540},"0e/s2_ef_coin_main/ef_coin_main_00012":{"y":110.83,"width":540,"height":540},"0e/s2_ef_coin_main/ef_coin_main_00013":{"y":110.83,"width":540,"height":540},"0e/s2_ef_coin_main/ef_coin_main_00014":{"y":110.83,"width":540,"height":540},"0e/s2_ef_coin_main/ef_coin_main_00015":{"y":110.83,"width":540,"height":540},"0e/s2_ef_coin_main/ef_coin_main_00016":{"y":110.83,"width":540,"height":540},"0e/s2_ef_coin_main/ef_coin_main_00017":{"y":110.83,"width":540,"height":540},"0e/s2_ef_coin_main/ef_coin_main_00018":{"y":110.83,"width":540,"height":540}},"0e/s2_ef_line_main/ef_line_main_00001":{"0e/s2_ef_line_main/ef_line_main_00001":{"x":-40.18,"width":180,"height":48},"0e/s2_ef_line_main/ef_line_main_00002":{"x":-40.18,"width":180,"height":48},"0e/s2_ef_line_main/ef_line_main_00003":{"x":-40.18,"width":180,"height":48},"0e/s2_ef_line_main/ef_line_main_00004":{"x":-40.18,"width":180,"height":48},"0e/s2_ef_line_main/ef_line_main_00005":{"x":-40.18,"width":180,"height":48},"0e/s2_ef_line_main/ef_line_main_00006":{"x":-40.18,"width":180,"height":48},"0e/s2_ef_line_main/ef_line_main_00007":{"x":-40.18,"width":180,"height":48},"0e/s2_ef_line_main/ef_line_main_00008":{"x":-40.18,"width":180,"height":48},"0e/s2_ef_line_main/ef_line_main_00009":{"x":-40.18,"width":180,"height":48},"0e/s2_ef_line_main/ef_line_main_00010":{"x":-40.18,"width":180,"height":48}},"0e/s2_ef_line_main/ef_line_main_1":{"0e/s2_ef_line_main/ef_line_main_00001":{"x":-40.18,"width":180,"height":48},"0e/s2_ef_line_main/ef_line_main_00002":{"x":-40.18,"width":180,"height":48},"0e/s2_ef_line_main/ef_line_main_00003":{"x":-40.18,"width":180,"height":48},"0e/s2_ef_line_main/ef_line_main_00004":{"x":-40.18,"width":180,"height":48},"0e/s2_ef_line_main/ef_line_main_00005":{"x":-40.18,"width":180,"height":48},"0e/s2_ef_line_main/ef_line_main_00006":{"x":-40.18,"width":180,"height":48},"0e/s2_ef_line_main/ef_line_main_00007":{"x":-40.18,"width":180,"height":48},"0e/s2_ef_line_main/ef_line_main_00008":{"x":-40.18,"width":180,"height":48},"0e/s2_ef_line_main/ef_line_main_00009":{"x":-40.18,"width":180,"height":48},"0e/s2_ef_line_main/ef_line_main_00010":{"x":-40.18,"width":180,"height":48}},"0e/s2_ef_shot_main/ef_shot_main_00001":{"0e/s2_ef_shot_main/ef_shot_main_00001":{"width":160,"height":160},"0e/s2_ef_shot_main/ef_shot_main_00002":{"width":160,"height":160},"0e/s2_ef_shot_main/ef_shot_main_00003":{"width":160,"height":160},"0e/s2_ef_shot_main/ef_shot_main_00004":{"width":160,"height":160},"0e/s2_ef_shot_main/ef_shot_main_00005":{"width":160,"height":160},"0e/s2_ef_shot_main/ef_shot_main_00006":{"width":160,"height":160},"0e/s2_ef_shot_main/ef_shot_main_00007":{"width":160,"height":160},"0e/s2_ef_shot_main/ef_shot_main_00008":{"width":160,"height":160},"0e/s2_ef_shot_main/ef_shot_main_00009":{"width":160,"height":160}},"0e/s2_ef_slash_bolt_main/ef_slash_bolt_main_00001":{"0e/s2_ef_slash_bolt_main/ef_slash_bolt_main_00001":{"x":-108.22,"width":240,"height":120},"0e/s2_ef_slash_bolt_main/ef_slash_bolt_main_00002":{"x":-108.22,"width":240,"height":120},"0e/s2_ef_slash_bolt_main/ef_slash_bolt_main_00003":{"x":-108.22,"width":240,"height":120},"0e/s2_ef_slash_bolt_main/ef_slash_bolt_main_00004":{"x":-108.22,"width":240,"height":120},"0e/s2_ef_slash_bolt_main/ef_slash_bolt_main_00005":{"x":-108.22,"width":240,"height":120},"0e/s2_ef_slash_bolt_main/ef_slash_bolt_main_00006":{"x":-108.22,"width":240,"height":120},"0e/s2_ef_slash_bolt_main/ef_slash_bolt_main_00007":{"x":-108.22,"width":240,"height":120},"0e/s2_ef_slash_bolt_main/ef_slash_bolt_main_00008":{"x":-108.22,"width":240,"height":120},"0e/s2_ef_slash_bolt_main/ef_slash_bolt_main_00009":{"x":-108.22,"width":240,"height":120},"0e/s2_ef_slash_bolt_main/ef_slash_bolt_main_00010":{"x":-108.22,"width":240,"height":120}}}},"animations":{"1-skill1":{"slots":{"0e/1040_A1_wave1/1040_A1_wave1_00001":{"attachment":[{"time":0.4,"name":"0e/1040_A1_wave1/1040_A1_wave1_00001"},{"time":0.4333,"name":"0e/1040_A1_wave1/1040_A1_wave1_00002"},{"time":0.4666,"name":"0e/1040_A1_wave1/1040_A1_wave1_00003"},{"time":0.5,"name":"0e/1040_A1_wave1/1040_A1_wave1_00004"},{"time":0.5333,"name":"0e/1040_A1_wave1/1040_A1_wave1_00005"},{"time":0.5666,"name":"0e/1040_A1_wave1/1040_A1_wave1_00006"},{"time":0.6,"name":"0e/1040_A1_wave1/1040_A1_wave1_00007"},{"time":0.6333,"name":"0e/1040_A1_wave1/1040_A1_wave1_00008"},{"time":0.6666,"name":"0e/1040_A1_wave1/1040_A1_wave1_00009"},{"time":0.7,"name":"0e/1040_A1_wave1/1040_A1_wave1_00010"},{"time":0.7333,"name":"0e/1040_A1_wave1/1040_A1_wave1_00011"},{"time":0.7666,"name":null}],"color":[{"time":0.6,"color":"ffffffff"},{"time":0.7333,"color":"ffffff00"}]},"0e/s12_ef_flash_line_main/ef_flash_line_main_00004":{"attachment":[{"time":1.5,"name":"0e/s12_ef_flash_line_main/ef_flash_line_main_00004"},{"time":1.8666,"name":null}],"color":[{"time":1.6666,"color":"ffffffff"},{"time":1.8666,"color":"ffffff00"}]},"0e/s12_ef_flash_line_main/ef_flash_line_main_4":{"attachment":[{"time":1.5,"name":"0e/s12_ef_flash_line_main/ef_flash_line_main_00004"},{"time":1.8666,"name":null}],"color":[{"time":1.6666,"color":"ffffffff"},{"time":1.8666,"color":"ffffff00"}]},"0e/s1_ef_cross_main/ef_cross_main_00001":{"attachment":[{"time":1.5666,"name":"0e/s1_ef_cross_main/ef_cross_main_00001"},{"time":1.6,"name":"0e/s1_ef_cross_main/ef_cross_main_00002"},{"time":1.6333,"name":"0e/s1_ef_cross_main/ef_cross_main_00003"},{"time":1.6666,"name":"0e/s1_ef_cross_main/ef_cross_main_00004"},{"time":1.7,"name":"0e/s1_ef_cross_main/ef_cross_main_00006"},{"time":1.7333,"name":"0e/s1_ef_cross_main/ef_cross_main_00007"},{"time":1.7666,"name":"0e/s1_ef_cross_main/ef_cross_main_00008"},{"time":1.8,"name":"0e/s1_ef_cross_main/ef_cross_main_00009"},{"time":1.8333,"name":"0e/s1_ef_cross_main/ef_cross_main_00010"},{"time":1.8666,"name":"0e/s1_ef_cross_main/ef_cross_main_00011"},{"time":1.9,"name":"0e/s1_ef_cross_main/ef_cross_main_00012"},{"time":1.9333,"name":null}],"color":[{"time":1.7333,"color":"ffffffff"},{"time":1.9,"color":"ffffff00"}]}},"bones":{"1040_A1_wave1":{"translate":[{"time":0.4,"x":0,"y":86.91}],"scale":[{"time":0.4,"x":1,"y":1},{"time":0.7,"x":4,"y":4}]},"ef_flash_line":{"rotate":[{"time":1.5,"angle":50}],"translate":[{"time":1.5,"x":-106.1,"y":100.75}],"scale":[{"time":1.5,"x":1,"y":1},{"time":1.6333,"x":2.806,"y":2.806},{"time":1.8666,"x":0.105,"y":0.105}]},"ef_flash_line2":{"rotate":[{"time":1.5,"angle":-50}],"translate":[{"time":1.5,"x":-106.1,"y":100.75}],"scale":[{"time":1.5,"x":1,"y":1},{"time":1.6333,"x":2.806,"y":2.806},{"time":1.8666,"x":0.105,"y":0.105}]},"ef_cross_main":{"translate":[{"time":1.5666,"x":-102.85,"y":84.96},{"time":1.9,"x":-997.1,"y":84.96}],"scale":[{"time":1.5666,"x":2.2,"y":2.2}]}}},"1-skill2":{"slots":{"0e/s2_ef_line_main/ef_line_main_00001":{"attachment":[{"time":3.1666,"name":"0e/s2_ef_line_main/ef_line_main_00001"},{"time":3.2,"name":"0e/s2_ef_line_main/ef_line_main_00002"},{"time":3.2333,"name":"0e/s2_ef_line_main/ef_line_main_00003"},{"time":3.2666,"name":"0e/s2_ef_line_main/ef_line_main_00004"},{"time":3.3,"name":"0e/s2_ef_line_main/ef_line_main_00005"},{"time":3.3333,"name":"0e/s2_ef_line_main/ef_line_main_00006"},{"time":3.3666,"name":"0e/s2_ef_line_main/ef_line_main_00007"},{"time":3.4,"name":"0e/s2_ef_line_main/ef_line_main_00008"},{"time":3.4333,"name":"0e/s2_ef_line_main/ef_line_main_00009"},{"time":3.4666,"name":"0e/s2_ef_line_main/ef_line_main_00010"},{"time":3.5,"name":null}]},"0e/s2_ef_line_main/ef_line_main_1":{"attachment":[{"time":3.1666,"name":"0e/s2_ef_line_main/ef_line_main_00001"},{"time":3.2,"name":"0e/s2_ef_line_main/ef_line_main_00002"},{"time":3.2333,"name":"0e/s2_ef_line_main/ef_line_main_00003"},{"time":3.2666,"name":"0e/s2_ef_line_main/ef_line_main_00004"},{"time":3.3,"name":"0e/s2_ef_line_main/ef_line_main_00005"},{"time":3.3333,"name":"0e/s2_ef_line_main/ef_line_main_00006"},{"time":3.3666,"name":"0e/s2_ef_line_main/ef_line_main_00007"},{"time":3.4,"name":"0e/s2_ef_line_main/ef_line_main_00008"},{"time":3.4333,"name":"0e/s2_ef_line_main/ef_line_main_00009"},{"time":3.4666,"name":"0e/s2_ef_line_main/ef_line_main_00010"},{"time":3.5,"name":null}]},"0e/s2_ef_slash_bolt_main/ef_slash_bolt_main_00001":{"attachment":[{"time":3.1333,"name":"0e/s2_ef_slash_bolt_main/ef_slash_bolt_main_00001"},{"time":3.1666,"name":"0e/s2_ef_slash_bolt_main/ef_slash_bolt_main_00002"},{"time":3.2,"name":"0e/s2_ef_slash_bolt_main/ef_slash_bolt_main_00003"},{"time":3.2333,"name":"0e/s2_ef_slash_bolt_main/ef_slash_bolt_main_00004"},{"time":3.2666,"name":"0e/s2_ef_slash_bolt_main/ef_slash_bolt_main_00005"},{"time":3.3,"name":"0e/s2_ef_slash_bolt_main/ef_slash_bolt_main_00006"},{"time":3.3333,"name":"0e/s2_ef_slash_bolt_main/ef_slash_bolt_main_00007"},{"time":3.4,"name":"0e/s2_ef_slash_bolt_main/ef_slash_bolt_main_00008"},{"time":3.4666,"name":"0e/s2_ef_slash_bolt_main/ef_slash_bolt_main_00009"},{"time":3.5333,"name":"0e/s2_ef_slash_bolt_main/ef_slash_bolt_main_00010"},{"time":3.6,"name":null}]}},"bones":{"ef_slash_bolt":{"translate":[{"time":3.1333,"x":93.25,"y":63.23},{"time":3.2666,"x":187.36,"y":63.23}],"scale":[{"time":3.1333,"x":5.003,"y":3},{"time":3.2666,"x":5.696,"y":3}]},"ef_line_main":{"translate":[{"time":3.1666,"x":-251.9,"y":160.06},{"time":3.3333,"x":-152.19,"y":160.06}],"scale":[{"time":3.1666,"x":7.917,"y":3.516}]},"ef_line_main2":{"translate":[{"time":3.1666,"x":-363.42,"y":-32.8},{"time":3.3333,"x":-263.71,"y":-32.79}],"scale":[{"time":3.1666,"x":7.917,"y":3.516}]}}},"2-skill1":{"slots":{"0e/1040_A1_wave1/1040_A1_wave1_00001":{"attachment":[{"time":0.4,"name":"0e/1040_A1_wave1/1040_A1_wave1_00001"},{"time":0.4333,"name":"0e/1040_A1_wave1/1040_A1_wave1_00002"},{"time":0.4666,"name":"0e/1040_A1_wave1/1040_A1_wave1_00003"},{"time":0.5,"name":"0e/1040_A1_wave1/1040_A1_wave1_00004"},{"time":0.5333,"name":"0e/1040_A1_wave1/1040_A1_wave1_00005"},{"time":0.5666,"name":"0e/1040_A1_wave1/1040_A1_wave1_00006"},{"time":0.6,"name":"0e/1040_A1_wave1/1040_A1_wave1_00007"},{"time":0.6333,"name":"0e/1040_A1_wave1/1040_A1_wave1_00008"},{"time":0.6666,"name":"0e/1040_A1_wave1/1040_A1_wave1_00009"},{"time":0.7,"name":"0e/1040_A1_wave1/1040_A1_wave1_00010"},{"time":0.7333,"name":"0e/1040_A1_wave1/1040_A1_wave1_00011"},{"time":0.7666,"name":null}],"color":[{"time":0.6,"color":"ffffffff"},{"time":0.7333,"color":"ffffff00"}]},"0e/s12_ef_flash_line_main/ef_flash_line_main_00004":{"attachment":[{"time":1.5,"name":"0e/s12_ef_flash_line_main/ef_flash_line_main_00004"},{"time":1.8666,"name":null}],"color":[{"time":1.7,"color":"ffffffff"},{"time":1.8666,"color":"ffffff00"}]},"0e/s12_ef_flash_line_main/ef_flash_line_main_4":{"attachment":[{"time":1.5,"name":"0e/s12_ef_flash_line_main/ef_flash_line_main_00004"},{"time":1.8666,"name":null}],"color":[{"time":1.7,"color":"ffffffff"},{"time":1.8666,"color":"ffffff00"}]},"0e/s1_ef_cross_main/ef_cross_main_00001":{"attachment":[{"time":1.5666,"name":"0e/s1_ef_cross_main/ef_cross_main_00001"},{"time":1.6,"name":"0e/s1_ef_cross_main/ef_cross_main_00002"},{"time":1.6333,"name":"0e/s1_ef_cross_main/ef_cross_main_00003"},{"time":1.6666,"name":"0e/s1_ef_cross_main/ef_cross_main_00004"},{"time":1.7,"name":"0e/s1_ef_cross_main/ef_cross_main_00006"},{"time":1.7333,"name":"0e/s1_ef_cross_main/ef_cross_main_00007"},{"time":1.7666,"name":"0e/s1_ef_cross_main/ef_cross_main_00008"},{"time":1.8,"name":"0e/s1_ef_cross_main/ef_cross_main_00009"},{"time":1.8333,"name":"0e/s1_ef_cross_main/ef_cross_main_00010"},{"time":1.8666,"name":"0e/s1_ef_cross_main/ef_cross_main_00011"},{"time":1.9,"name":"0e/s1_ef_cross_main/ef_cross_main_00012"},{"time":1.9333,"name":null}],"color":[{"time":1.7333,"color":"ffffffff"},{"time":1.9,"color":"ffffff00"}]}},"bones":{"1040_A1_wave1":{"translate":[{"time":0.4,"x":0,"y":86.91}],"scale":[{"time":0.4,"x":1,"y":1},{"time":0.7,"x":5,"y":5}]},"ef_flash_line":{"rotate":[{"time":1.5,"angle":50}],"translate":[{"time":1.5,"x":-106.1,"y":100.75}],"scale":[{"time":1.5,"x":1,"y":1},{"time":1.6333,"x":3.889,"y":3.889},{"time":1.8666,"x":0.105,"y":0.105}]},"ef_flash_line2":{"rotate":[{"time":1.5,"angle":-50}],"translate":[{"time":1.5,"x":-106.1,"y":100.75}],"scale":[{"time":1.5,"x":1,"y":1},{"time":1.6333,"x":3.889,"y":3.889},{"time":1.8666,"x":0.105,"y":0.105}]},"ef_cross_main":{"translate":[{"time":1.5666,"x":-102.85,"y":84.96},{"time":1.9,"x":-997.1,"y":84.96}],"scale":[{"time":1.5666,"x":2.376,"y":2.376},{"time":1.9,"x":3,"y":3}]}}},"2-skill2":{"slots":{"0e/1040_A1_wave1/1040_A1_wave1_00001":{"attachment":[{"time":3.1333,"name":"0e/1040_A1_wave1/1040_A1_wave1_00001"},{"time":3.1666,"name":"0e/1040_A1_wave1/1040_A1_wave1_00002"},{"time":3.2,"name":"0e/1040_A1_wave1/1040_A1_wave1_00003"},{"time":3.2333,"name":"0e/1040_A1_wave1/1040_A1_wave1_00004"},{"time":3.2666,"name":"0e/1040_A1_wave1/1040_A1_wave1_00005"},{"time":3.3,"name":"0e/1040_A1_wave1/1040_A1_wave1_00006"},{"time":3.3333,"name":"0e/1040_A1_wave1/1040_A1_wave1_00007"},{"time":3.3666,"name":"0e/1040_A1_wave1/1040_A1_wave1_00008"},{"time":3.4,"name":"0e/1040_A1_wave1/1040_A1_wave1_00009"},{"time":3.4333,"name":"0e/1040_A1_wave1/1040_A1_wave1_00010"},{"time":3.4666,"name":"0e/1040_A1_wave1/1040_A1_wave1_00011"},{"time":3.5,"name":null}]},"0e/1040_A1_wave1/1040_A1_wave1_1":{"attachment":[{"time":3.1666,"name":"0e/1040_A1_wave1/1040_A1_wave1_00001"},{"time":3.2,"name":"0e/1040_A1_wave1/1040_A1_wave1_00002"},{"time":3.2333,"name":"0e/1040_A1_wave1/1040_A1_wave1_00003"},{"time":3.2666,"name":"0e/1040_A1_wave1/1040_A1_wave1_00004"},{"time":3.3,"name":"0e/1040_A1_wave1/1040_A1_wave1_00005"},{"time":3.3333,"name":"0e/1040_A1_wave1/1040_A1_wave1_00006"},{"time":3.3666,"name":"0e/1040_A1_wave1/1040_A1_wave1_00007"},{"time":3.4,"name":"0e/1040_A1_wave1/1040_A1_wave1_00008"},{"time":3.4333,"name":"0e/1040_A1_wave1/1040_A1_wave1_00009"},{"time":3.4666,"name":"0e/1040_A1_wave1/1040_A1_wave1_00010"},{"time":3.5,"name":"0e/1040_A1_wave1/1040_A1_wave1_00011"},{"time":3.5333,"name":null}]},"0e/1040_A1_wave1/1040_A1_wave1_2":{"attachment":[{"time":3.2,"name":"0e/1040_A1_wave1/1040_A1_wave1_00001"},{"time":3.2333,"name":"0e/1040_A1_wave1/1040_A1_wave1_00002"},{"time":3.2666,"name":"0e/1040_A1_wave1/1040_A1_wave1_00003"},{"time":3.3,"name":"0e/1040_A1_wave1/1040_A1_wave1_00004"},{"time":3.3333,"name":"0e/1040_A1_wave1/1040_A1_wave1_00005"},{"time":3.3666,"name":"0e/1040_A1_wave1/1040_A1_wave1_00006"},{"time":3.4,"name":"0e/1040_A1_wave1/1040_A1_wave1_00007"},{"time":3.4333,"name":"0e/1040_A1_wave1/1040_A1_wave1_00008"},{"time":3.4666,"name":"0e/1040_A1_wave1/1040_A1_wave1_00009"},{"time":3.5,"name":"0e/1040_A1_wave1/1040_A1_wave1_00010"},{"time":3.5333,"name":"0e/1040_A1_wave1/1040_A1_wave1_00011"},{"time":3.5666,"name":null}]},"0e/1040_A1_wave1/1040_A1_wave1_3":{"attachment":[{"time":3.2333,"name":"0e/1040_A1_wave1/1040_A1_wave1_00001"},{"time":3.2666,"name":"0e/1040_A1_wave1/1040_A1_wave1_00002"},{"time":3.3,"name":"0e/1040_A1_wave1/1040_A1_wave1_00003"},{"time":3.3333,"name":"0e/1040_A1_wave1/1040_A1_wave1_00004"},{"time":3.3666,"name":"0e/1040_A1_wave1/1040_A1_wave1_00005"},{"time":3.4,"name":"0e/1040_A1_wave1/1040_A1_wave1_00006"},{"time":3.4333,"name":"0e/1040_A1_wave1/1040_A1_wave1_00007"},{"time":3.4666,"name":"0e/1040_A1_wave1/1040_A1_wave1_00008"},{"time":3.5,"name":"0e/1040_A1_wave1/1040_A1_wave1_00009"},{"time":3.5333,"name":"0e/1040_A1_wave1/1040_A1_wave1_00010"},{"time":3.5666,"name":"0e/1040_A1_wave1/1040_A1_wave1_00011"},{"time":3.6,"name":null}]},"0e/s2_ef_line_main/ef_line_main_00001":{"attachment":[{"time":3.1666,"name":"0e/s2_ef_line_main/ef_line_main_00001"},{"time":3.2,"name":"0e/s2_ef_line_main/ef_line_main_00002"},{"time":3.2333,"name":"0e/s2_ef_line_main/ef_line_main_00003"},{"time":3.2666,"name":"0e/s2_ef_line_main/ef_line_main_00004"},{"time":3.3,"name":"0e/s2_ef_line_main/ef_line_main_00005"},{"time":3.3333,"name":"0e/s2_ef_line_main/ef_line_main_00006"},{"time":3.3666,"name":"0e/s2_ef_line_main/ef_line_main_00007"},{"time":3.4,"name":"0e/s2_ef_line_main/ef_line_main_00008"},{"time":3.4333,"name":"0e/s2_ef_line_main/ef_line_main_00009"},{"time":3.4666,"name":"0e/s2_ef_line_main/ef_line_main_00010"},{"time":3.5,"name":null}]},"0e/s2_ef_line_main/ef_line_main_1":{"attachment":[{"time":3.1666,"name":"0e/s2_ef_line_main/ef_line_main_00001"},{"time":3.2,"name":"0e/s2_ef_line_main/ef_line_main_00002"},{"time":3.2333,"name":"0e/s2_ef_line_main/ef_line_main_00003"},{"time":3.2666,"name":"0e/s2_ef_line_main/ef_line_main_00004"},{"time":3.3,"name":"0e/s2_ef_line_main/ef_line_main_00005"},{"time":3.3333,"name":"0e/s2_ef_line_main/ef_line_main_00006"},{"time":3.3666,"name":"0e/s2_ef_line_main/ef_line_main_00007"},{"time":3.4,"name":"0e/s2_ef_line_main/ef_line_main_00008"},{"time":3.4333,"name":"0e/s2_ef_line_main/ef_line_main_00009"},{"time":3.4666,"name":"0e/s2_ef_line_main/ef_line_main_00010"},{"time":3.5,"name":null}]},"0e/s2_ef_slash_bolt_main/ef_slash_bolt_main_00001":{"attachment":[{"time":3.1333,"name":"0e/s2_ef_slash_bolt_main/ef_slash_bolt_main_00001"},{"time":3.1666,"name":"0e/s2_ef_slash_bolt_main/ef_slash_bolt_main_00002"},{"time":3.2,"name":"0e/s2_ef_slash_bolt_main/ef_slash_bolt_main_00003"},{"time":3.2333,"name":"0e/s2_ef_slash_bolt_main/ef_slash_bolt_main_00004"},{"time":3.2666,"name":"0e/s2_ef_slash_bolt_main/ef_slash_bolt_main_00005"},{"time":3.3,"name":"0e/s2_ef_slash_bolt_main/ef_slash_bolt_main_00006"},{"time":3.3333,"name":"0e/s2_ef_slash_bolt_main/ef_slash_bolt_main_00007"},{"time":3.4,"name":"0e/s2_ef_slash_bolt_main/ef_slash_bolt_main_00008"},{"time":3.4666,"name":"0e/s2_ef_slash_bolt_main/ef_slash_bolt_main_00009"},{"time":3.5333,"name":"0e/s2_ef_slash_bolt_main/ef_slash_bolt_main_00010"},{"time":3.6,"name":null}]}},"bones":{"ef_slash_bolt":{"translate":[{"time":3.1333,"x":93.25,"y":63.23},{"time":3.2666,"x":187.36,"y":63.23}],"scale":[{"time":3.1333,"x":6.028,"y":4},{"time":3.2666,"x":6.952,"y":4}]},"ef_line_main":{"translate":[{"time":3.1666,"x":-251.9,"y":160.06},{"time":3.3333,"x":-152.19,"y":160.06}],"scale":[{"time":3.1666,"x":7.917,"y":5.134}]},"ef_line_main2":{"translate":[{"time":3.1666,"x":-363.42,"y":-32.8},{"time":3.3333,"x":-263.71,"y":-32.79}],"scale":[{"time":3.1666,"x":7.917,"y":5.134}]},"1040_A1_wave1":{"translate":[{"time":3.1333,"x":41.3,"y":66.6}],"scale":[{"time":3.1333,"x":1.5,"y":6},{"time":3.4333,"x":1.5,"y":7}]},"1040_A1_wave2":{"translate":[{"time":3.1666,"x":-160,"y":66.6}],"scale":[{"time":3.1666,"x":1.5,"y":6},{"time":3.4666,"x":1.5,"y":6.8}]},"1040_A1_wave3":{"translate":[{"time":3.2,"x":-370,"y":66.6}],"scale":[{"time":3.2,"x":1.5,"y":6},{"time":3.5,"x":1.5,"y":6.6}]},"1040_A1_wave4":{"translate":[{"time":3.2333,"x":-580,"y":66.6}],"scale":[{"time":3.2333,"x":1.5,"y":6},{"time":3.5333,"x":1.5,"y":6.2}]}}},"2-skill3":{"slots":{"0e/1040_A1_wave1/1040_A1_wave1_00001":{"attachment":[{"time":2.0666,"name":"0e/1040_A1_wave1/1040_A1_wave1_00001"},{"time":2.1,"name":"0e/1040_A1_wave1/1040_A1_wave1_00002"},{"time":2.1333,"name":"0e/1040_A1_wave1/1040_A1_wave1_00003"},{"time":2.1666,"name":"0e/1040_A1_wave1/1040_A1_wave1_00004"},{"time":2.2,"name":"0e/1040_A1_wave1/1040_A1_wave1_00005"},{"time":2.2333,"name":"0e/1040_A1_wave1/1040_A1_wave1_00006"},{"time":2.2666,"name":"0e/1040_A1_wave1/1040_A1_wave1_00007"},{"time":2.3,"name":"0e/1040_A1_wave1/1040_A1_wave1_00008"},{"time":2.3333,"name":"0e/1040_A1_wave1/1040_A1_wave1_00009"},{"time":2.3666,"name":"0e/1040_A1_wave1/1040_A1_wave1_00010"},{"time":2.4,"name":"0e/1040_A1_wave1/1040_A1_wave1_00011"},{"time":2.4333,"name":null},{"time":5.2333,"name":"0e/1040_A1_wave1/1040_A1_wave1_00001"},{"time":5.2666,"name":"0e/1040_A1_wave1/1040_A1_wave1_00002"},{"time":5.3,"name":"0e/1040_A1_wave1/1040_A1_wave1_00003"},{"time":5.3333,"name":"0e/1040_A1_wave1/1040_A1_wave1_00004"},{"time":5.3666,"name":"0e/1040_A1_wave1/1040_A1_wave1_00005"},{"time":5.4,"name":"0e/1040_A1_wave1/1040_A1_wave1_00006"},{"time":5.4333,"name":"0e/1040_A1_wave1/1040_A1_wave1_00007"},{"time":5.4666,"name":"0e/1040_A1_wave1/1040_A1_wave1_00008"},{"time":5.5,"name":"0e/1040_A1_wave1/1040_A1_wave1_00009"},{"time":5.5333,"name":"0e/1040_A1_wave1/1040_A1_wave1_00010"},{"time":5.5666,"name":"0e/1040_A1_wave1/1040_A1_wave1_00011"},{"time":5.6,"name":null}],"color":[{"time":2.0666,"color":"51feffff","curve":"stepped"},{"time":2.2666,"color":"51feffff"},{"time":2.4333,"color":"51feff00","curve":"stepped"},{"time":5.2333,"color":"f6ffffff"}]},"0e/1040_A1_wave1/1040_A1_wave1_1":{"attachment":[{"time":2.0666,"name":"0e/1040_A1_wave1/1040_A1_wave1_00001"},{"time":2.1,"name":"0e/1040_A1_wave1/1040_A1_wave1_00002"},{"time":2.1333,"name":"0e/1040_A1_wave1/1040_A1_wave1_00003"},{"time":2.1666,"name":"0e/1040_A1_wave1/1040_A1_wave1_00004"},{"time":2.2,"name":"0e/1040_A1_wave1/1040_A1_wave1_00005"},{"time":2.2333,"name":"0e/1040_A1_wave1/1040_A1_wave1_00006"},{"time":2.2666,"name":"0e/1040_A1_wave1/1040_A1_wave1_00007"},{"time":2.3,"name":"0e/1040_A1_wave1/1040_A1_wave1_00008"},{"time":2.3333,"name":"0e/1040_A1_wave1/1040_A1_wave1_00009"},{"time":2.3666,"name":"0e/1040_A1_wave1/1040_A1_wave1_00010"},{"time":2.4,"name":"0e/1040_A1_wave1/1040_A1_wave1_00011"},{"time":2.4333,"name":null},{"time":5.2666,"name":"0e/1040_A1_wave1/1040_A1_wave1_00001"},{"time":5.3,"name":"0e/1040_A1_wave1/1040_A1_wave1_00002"},{"time":5.3333,"name":"0e/1040_A1_wave1/1040_A1_wave1_00003"},{"time":5.3666,"name":"0e/1040_A1_wave1/1040_A1_wave1_00004"},{"time":5.4,"name":"0e/1040_A1_wave1/1040_A1_wave1_00005"},{"time":5.4333,"name":"0e/1040_A1_wave1/1040_A1_wave1_00006"},{"time":5.4666,"name":"0e/1040_A1_wave1/1040_A1_wave1_00007"},{"time":5.5,"name":"0e/1040_A1_wave1/1040_A1_wave1_00008"},{"time":5.5333,"name":"0e/1040_A1_wave1/1040_A1_wave1_00009"},{"time":5.5666,"name":"0e/1040_A1_wave1/1040_A1_wave1_00010"},{"time":5.6,"name":"0e/1040_A1_wave1/1040_A1_wave1_00011"},{"time":5.6333,"name":null},{"time":5.9666,"name":"0e/1040_A1_wave1/1040_A1_wave1_00001"},{"time":6,"name":"0e/1040_A1_wave1/1040_A1_wave1_00002"},{"time":6.0333,"name":"0e/1040_A1_wave1/1040_A1_wave1_00003"},{"time":6.0666,"name":"0e/1040_A1_wave1/1040_A1_wave1_00004"},{"time":6.1,"name":"0e/1040_A1_wave1/1040_A1_wave1_00005"},{"time":6.1333,"name":"0e/1040_A1_wave1/1040_A1_wave1_00006"},{"time":6.1666,"name":"0e/1040_A1_wave1/1040_A1_wave1_00007"},{"time":6.2,"name":"0e/1040_A1_wave1/1040_A1_wave1_00008"},{"time":6.2333,"name":"0e/1040_A1_wave1/1040_A1_wave1_00009"},{"time":6.2666,"name":"0e/1040_A1_wave1/1040_A1_wave1_00010"},{"time":6.3,"name":"0e/1040_A1_wave1/1040_A1_wave1_00011"},{"time":6.3333,"name":null}],"color":[{"time":2.0666,"color":"51feffff","curve":"stepped"},{"time":2.2666,"color":"51feffff"},{"time":2.4333,"color":"51feff00","curve":"stepped"},{"time":5.2666,"color":"f4ffffff"}]},"0e/1040_A1_wave1/1040_A1_wave1_2":{"attachment":[{"time":5.3,"name":"0e/1040_A1_wave1/1040_A1_wave1_00001"},{"time":5.3333,"name":"0e/1040_A1_wave1/1040_A1_wave1_00002"},{"time":5.3666,"name":"0e/1040_A1_wave1/1040_A1_wave1_00003"},{"time":5.4,"name":"0e/1040_A1_wave1/1040_A1_wave1_00004"},{"time":5.4333,"name":"0e/1040_A1_wave1/1040_A1_wave1_00005"},{"time":5.4666,"name":"0e/1040_A1_wave1/1040_A1_wave1_00006"},{"time":5.5,"name":"0e/1040_A1_wave1/1040_A1_wave1_00007"},{"time":5.5333,"name":"0e/1040_A1_wave1/1040_A1_wave1_00008"},{"time":5.5666,"name":"0e/1040_A1_wave1/1040_A1_wave1_00009"},{"time":5.6,"name":"0e/1040_A1_wave1/1040_A1_wave1_00010"},{"time":5.6333,"name":"0e/1040_A1_wave1/1040_A1_wave1_00011"},{"time":5.6666,"name":null},{"time":5.9333,"name":"0e/1040_A1_wave1/1040_A1_wave1_00001"},{"time":5.9666,"name":"0e/1040_A1_wave1/1040_A1_wave1_00002"},{"time":6,"name":"0e/1040_A1_wave1/1040_A1_wave1_00003"},{"time":6.0333,"name":"0e/1040_A1_wave1/1040_A1_wave1_00004"},{"time":6.0666,"name":"0e/1040_A1_wave1/1040_A1_wave1_00005"},{"time":6.1,"name":"0e/1040_A1_wave1/1040_A1_wave1_00006"},{"time":6.1333,"name":"0e/1040_A1_wave1/1040_A1_wave1_00007"},{"time":6.1666,"name":"0e/1040_A1_wave1/1040_A1_wave1_00008"},{"time":6.2,"name":"0e/1040_A1_wave1/1040_A1_wave1_00009"},{"time":6.2333,"name":"0e/1040_A1_wave1/1040_A1_wave1_00010"},{"time":6.2666,"name":"0e/1040_A1_wave1/1040_A1_wave1_00011"},{"time":6.3,"name":null}]},"0e/1040_A1_wave1/1040_A1_wave1_3":{"attachment":[{"time":4.4333,"name":"0e/1040_A1_wave1/1040_A1_wave1_00001"},{"time":4.4666,"name":"0e/1040_A1_wave1/1040_A1_wave1_00002"},{"time":4.5,"name":"0e/1040_A1_wave1/1040_A1_wave1_00003"},{"time":4.5333,"name":"0e/1040_A1_wave1/1040_A1_wave1_00004"},{"time":4.5666,"name":"0e/1040_A1_wave1/1040_A1_wave1_00005"},{"time":4.6,"name":"0e/1040_A1_wave1/1040_A1_wave1_00006"},{"time":4.6333,"name":"0e/1040_A1_wave1/1040_A1_wave1_00007"},{"time":4.6666,"name":"0e/1040_A1_wave1/1040_A1_wave1_00008"},{"time":4.7,"name":"0e/1040_A1_wave1/1040_A1_wave1_00009"},{"time":4.7333,"name":"0e/1040_A1_wave1/1040_A1_wave1_00010"},{"time":4.7666,"name":"0e/1040_A1_wave1/1040_A1_wave1_00011"},{"time":4.8,"name":null},{"time":5.3333,"name":"0e/1040_A1_wave1/1040_A1_wave1_00001"},{"time":5.3666,"name":"0e/1040_A1_wave1/1040_A1_wave1_00002"},{"time":5.4,"name":"0e/1040_A1_wave1/1040_A1_wave1_00003"},{"time":5.4333,"name":"0e/1040_A1_wave1/1040_A1_wave1_00004"},{"time":5.4666,"name":"0e/1040_A1_wave1/1040_A1_wave1_00005"},{"time":5.5,"name":"0e/1040_A1_wave1/1040_A1_wave1_00006"},{"time":5.5333,"name":"0e/1040_A1_wave1/1040_A1_wave1_00007"},{"time":5.5666,"name":"0e/1040_A1_wave1/1040_A1_wave1_00008"},{"time":5.6,"name":"0e/1040_A1_wave1/1040_A1_wave1_00009"},{"time":5.6333,"name":"0e/1040_A1_wave1/1040_A1_wave1_00010"},{"time":5.6666,"name":"0e/1040_A1_wave1/1040_A1_wave1_00011"},{"time":5.7,"name":null},{"time":5.9,"name":"0e/1040_A1_wave1/1040_A1_wave1_00001"},{"time":5.9333,"name":"0e/1040_A1_wave1/1040_A1_wave1_00002"},{"time":5.9666,"name":"0e/1040_A1_wave1/1040_A1_wave1_00003"},{"time":6,"name":"0e/1040_A1_wave1/1040_A1_wave1_00004"},{"time":6.0333,"name":"0e/1040_A1_wave1/1040_A1_wave1_00005"},{"time":6.0666,"name":"0e/1040_A1_wave1/1040_A1_wave1_00006"},{"time":6.1,"name":"0e/1040_A1_wave1/1040_A1_wave1_00007"},{"time":6.1333,"name":"0e/1040_A1_wave1/1040_A1_wave1_00008"},{"time":6.1666,"name":"0e/1040_A1_wave1/1040_A1_wave1_00009"},{"time":6.2,"name":"0e/1040_A1_wave1/1040_A1_wave1_00010"},{"time":6.2333,"name":"0e/1040_A1_wave1/1040_A1_wave1_00011"},{"time":6.2666,"name":null}],"color":[{"time":4.4333,"color":"00fff1ff","curve":"stepped"},{"time":4.6333,"color":"00fff1ff"},{"time":4.8,"color":"00fff100","curve":"stepped"},{"time":5.3333,"color":"feffffff"}]},"0e/s12_ef_flash_line_main/ef_flash_line_main_4":{"attachment":[{"time":4.4333,"name":"0e/s12_ef_flash_line_main/ef_flash_line_main_00004"},{"time":4.8,"name":null}],"color":[{"time":4.4333,"color":"00dbffff","curve":"stepped"},{"time":4.6333,"color":"00dbffff"},{"time":4.8,"color":"00fffc00"}]},"0e/s12_ef_flash_line_main/ef_flash_line_main_00004":{"attachment":[{"time":4.4333,"name":"0e/s12_ef_flash_line_main/ef_flash_line_main_00004"},{"time":4.8,"name":null}],"color":[{"time":4.4333,"color":"00dbffff","curve":"stepped"},{"time":4.6333,"color":"00dbffff"},{"time":4.8,"color":"00fffc00"}]},"0e/s2_ef_line_main/ef_line_main_1":{"attachment":[{"time":5.2333,"name":"0e/s2_ef_line_main/ef_line_main_00001"},{"time":5.2666,"name":"0e/s2_ef_line_main/ef_line_main_00002"},{"time":5.3,"name":"0e/s2_ef_line_main/ef_line_main_00003"},{"time":5.3333,"name":"0e/s2_ef_line_main/ef_line_main_00004"},{"time":5.3666,"name":"0e/s2_ef_line_main/ef_line_main_00005"},{"time":5.4,"name":"0e/s2_ef_line_main/ef_line_main_00006"},{"time":5.4333,"name":"0e/s2_ef_line_main/ef_line_main_00007"},{"time":5.4666,"name":"0e/s2_ef_line_main/ef_line_main_00008"},{"time":5.5,"name":"0e/s2_ef_line_main/ef_line_main_00009"},{"time":5.5333,"name":"0e/s2_ef_line_main/ef_line_main_00010"},{"time":5.5666,"name":null},{"time":5.9,"name":"0e/s2_ef_line_main/ef_line_main_00001"},{"time":5.9333,"name":"0e/s2_ef_line_main/ef_line_main_00002"},{"time":5.9666,"name":"0e/s2_ef_line_main/ef_line_main_00003"},{"time":6,"name":"0e/s2_ef_line_main/ef_line_main_00004"},{"time":6.0333,"name":"0e/s2_ef_line_main/ef_line_main_00005"},{"time":6.0666,"name":"0e/s2_ef_line_main/ef_line_main_00006"},{"time":6.1,"name":"0e/s2_ef_line_main/ef_line_main_00007"},{"time":6.1333,"name":"0e/s2_ef_line_main/ef_line_main_00008"},{"time":6.1666,"name":"0e/s2_ef_line_main/ef_line_main_00009"},{"time":6.2,"name":"0e/s2_ef_line_main/ef_line_main_00010"},{"time":6.2333,"name":null}]},"0e/s2_ef_line_main/ef_line_main_00001":{"attachment":[{"time":5.2333,"name":"0e/s2_ef_line_main/ef_line_main_00001"},{"time":5.2666,"name":"0e/s2_ef_line_main/ef_line_main_00002"},{"time":5.3,"name":"0e/s2_ef_line_main/ef_line_main_00003"},{"time":5.3333,"name":"0e/s2_ef_line_main/ef_line_main_00004"},{"time":5.3666,"name":"0e/s2_ef_line_main/ef_line_main_00005"},{"time":5.4,"name":"0e/s2_ef_line_main/ef_line_main_00006"},{"time":5.4333,"name":"0e/s2_ef_line_main/ef_line_main_00007"},{"time":5.4666,"name":"0e/s2_ef_line_main/ef_line_main_00008"},{"time":5.5,"name":"0e/s2_ef_line_main/ef_line_main_00009"},{"time":5.5333,"name":"0e/s2_ef_line_main/ef_line_main_00010"},{"time":5.5666,"name":null},{"time":5.9,"name":"0e/s2_ef_line_main/ef_line_main_00001"},{"time":5.9333,"name":"0e/s2_ef_line_main/ef_line_main_00002"},{"time":5.9666,"name":"0e/s2_ef_line_main/ef_line_main_00003"},{"time":6,"name":"0e/s2_ef_line_main/ef_line_main_00004"},{"time":6.0333,"name":"0e/s2_ef_line_main/ef_line_main_00005"},{"time":6.0666,"name":"0e/s2_ef_line_main/ef_line_main_00006"},{"time":6.1,"name":"0e/s2_ef_line_main/ef_line_main_00007"},{"time":6.1333,"name":"0e/s2_ef_line_main/ef_line_main_00008"},{"time":6.1666,"name":"0e/s2_ef_line_main/ef_line_main_00009"},{"time":6.2,"name":"0e/s2_ef_line_main/ef_line_main_00010"},{"time":6.2333,"name":null}]},"0e/s2_ef_slash_bolt_main/ef_slash_bolt_main_00001":{"attachment":[{"time":5.2333,"name":"0e/s2_ef_slash_bolt_main/ef_slash_bolt_main_00001"},{"time":5.2666,"name":"0e/s2_ef_slash_bolt_main/ef_slash_bolt_main_00002"},{"time":5.3,"name":"0e/s2_ef_slash_bolt_main/ef_slash_bolt_main_00003"},{"time":5.3333,"name":"0e/s2_ef_slash_bolt_main/ef_slash_bolt_main_00004"},{"time":5.3666,"name":"0e/s2_ef_slash_bolt_main/ef_slash_bolt_main_00005"},{"time":5.4,"name":"0e/s2_ef_slash_bolt_main/ef_slash_bolt_main_00006"},{"time":5.4333,"name":"0e/s2_ef_slash_bolt_main/ef_slash_bolt_main_00007"},{"time":5.4666,"name":"0e/s2_ef_slash_bolt_main/ef_slash_bolt_main_00008"},{"time":5.5,"name":"0e/s2_ef_slash_bolt_main/ef_slash_bolt_main_00009"},{"time":5.5333,"name":"0e/s2_ef_slash_bolt_main/ef_slash_bolt_main_00010"},{"time":5.5666,"name":null},{"time":5.9,"name":"0e/s2_ef_slash_bolt_main/ef_slash_bolt_main_00001"},{"time":5.9333,"name":"0e/s2_ef_slash_bolt_main/ef_slash_bolt_main_00002"},{"time":5.9666,"name":"0e/s2_ef_slash_bolt_main/ef_slash_bolt_main_00003"},{"time":6,"name":"0e/s2_ef_slash_bolt_main/ef_slash_bolt_main_00004"},{"time":6.0333,"name":"0e/s2_ef_slash_bolt_main/ef_slash_bolt_main_00005"},{"time":6.0666,"name":"0e/s2_ef_slash_bolt_main/ef_slash_bolt_main_00006"},{"time":6.1,"name":"0e/s2_ef_slash_bolt_main/ef_slash_bolt_main_00007"},{"time":6.1333,"name":"0e/s2_ef_slash_bolt_main/ef_slash_bolt_main_00008"},{"time":6.1666,"name":"0e/s2_ef_slash_bolt_main/ef_slash_bolt_main_00009"},{"time":6.2,"name":"0e/s2_ef_slash_bolt_main/ef_slash_bolt_main_00010"},{"time":6.2333,"name":null}]}},"bones":{"1040_A1_wave1":{"rotate":[{"time":2.0666,"angle":50,"curve":"stepped"},{"time":5.2333,"angle":0}],"translate":[{"time":2.0666,"x":147.64,"y":62.81,"curve":"stepped"},{"time":5.2333,"x":41.3,"y":66.6}],"scale":[{"time":2.0666,"x":1.891,"y":6},{"time":2.3,"x":1.891,"y":7,"curve":"stepped"},{"time":5.2333,"x":1.5,"y":6},{"time":5.5333,"x":1.5,"y":7}]},"1040_A1_wave2":{"rotate":[{"time":2.0666,"angle":-50,"curve":"stepped"},{"time":5.2666,"angle":0}],"translate":[{"time":2.0666,"x":147.64,"y":62.81,"curve":"stepped"},{"time":5.2666,"x":-160,"y":66.6}],"scale":[{"time":2.0666,"x":1.891,"y":6},{"time":2.3,"x":1.891,"y":7,"curve":"stepped"},{"time":5.2666,"x":1.5,"y":6},{"time":5.5666,"x":1.5,"y":6.8,"curve":"stepped"},{"time":5.9666,"x":1.5,"y":6.8},{"time":6.3,"x":1.815,"y":8.228}]},"ef_flash_line2":{"rotate":[{"time":4.4333,"angle":-50}],"translate":[{"time":4.4333,"x":-251.1,"y":81.84}],"scale":[{"time":4.4333,"x":1,"y":1},{"time":4.5666,"x":3.889,"y":3.889},{"time":4.8,"x":0.105,"y":0.105}]},"ef_flash_line":{"rotate":[{"time":4.4333,"angle":50}],"translate":[{"time":4.4333,"x":-251.1,"y":81.84}],"scale":[{"time":4.4333,"x":1,"y":1},{"time":4.5666,"x":3.889,"y":3.889},{"time":4.8,"x":0.105,"y":0.105}]},"1040_A1_wave4":{"translate":[{"time":4.4333,"x":-149.6,"y":81.53,"curve":"stepped"},{"time":5.3333,"x":-580,"y":66.6}],"scale":[{"time":4.4333,"x":8,"y":8,"curve":"stepped"},{"time":5.3333,"x":1.5,"y":6},{"time":5.6333,"x":1.5,"y":6.2,"curve":"stepped"},{"time":5.9,"x":1.5,"y":6.2},{"time":6.2333,"x":2.504,"y":10.352}]},"ef_slash_bolt":{"translate":[{"time":5.2333,"x":115.71,"y":63.4,"curve":"stepped"},{"time":5.9,"x":-1272.31,"y":63.4}],"scale":[{"time":5.2333,"x":5.282,"y":4},{"time":5.4,"x":6.283,"y":4,"curve":"stepped"},{"time":5.9,"x":-6.28,"y":4}]},"ef_line_main2":{"translate":[{"time":5.2333,"x":-363.42,"y":-32.8},{"time":5.4,"x":-263.71,"y":-32.79,"curve":"stepped"},{"time":5.9,"x":-1106.64,"y":-32.8},{"time":6.0666,"x":-882.04,"y":-32.79}],"scale":[{"time":5.2333,"x":7.917,"y":5.134,"curve":"stepped"},{"time":5.9,"x":-7.92,"y":5.134}]},"ef_line_main":{"translate":[{"time":5.2333,"x":-251.9,"y":160.06},{"time":5.4,"x":-152.19,"y":160.06,"curve":"stepped"},{"time":5.9,"x":-995.12,"y":160.06},{"time":6.0666,"x":-770.52,"y":160.06}],"scale":[{"time":5.2333,"x":7.917,"y":5.134,"curve":"stepped"},{"time":5.9,"x":-7.92,"y":5.134}]},"1040_A1_wave3":{"translate":[{"time":5.3,"x":-370,"y":66.6}],"scale":[{"time":5.3,"x":1.5,"y":6},{"time":5.6,"x":1.5,"y":6.6,"curve":"stepped"},{"time":5.9333,"x":1.5,"y":6.6},{"time":6.2666,"x":2.129,"y":9.369}]}}},"empty":{},"hit":{"slots":{"0e/s2_ef_shot_main/ef_shot_main_00001":{"attachment":[{"time":0,"name":"0e/s2_ef_shot_main/ef_shot_main_00001"},{"time":0.0333,"name":"0e/s2_ef_shot_main/ef_shot_main_00002"},{"time":0.0666,"name":"0e/s2_ef_shot_main/ef_shot_main_00003"},{"time":0.1,"name":"0e/s2_ef_shot_main/ef_shot_main_00004"},{"time":0.1333,"name":"0e/s2_ef_shot_main/ef_shot_main_00005"},{"time":0.1666,"name":"0e/s2_ef_shot_main/ef_shot_main_00006"},{"time":0.2,"name":"0e/s2_ef_shot_main/ef_shot_main_00007"},{"time":0.2333,"name":"0e/s2_ef_shot_main/ef_shot_main_00008"},{"time":0.2666,"name":"0e/s2_ef_shot_main/ef_shot_main_00009"},{"time":0.3,"name":null},{"time":0.3333,"name":null}]}},"bones":{"ef_shot_main":{"translate":[{"time":0,"x":-400,"y":0}],"scale":[{"time":0,"x":2,"y":2}]}}},"treasure_chest_EF1":{"slots":{"0e/1040_A1_wave1/1040_A1_wave1_00001":{"attachment":[{"time":0,"name":"0e/1040_A1_wave1/1040_A1_wave1_00001"},{"time":0.0333,"name":"0e/1040_A1_wave1/1040_A1_wave1_00002"},{"time":0.0666,"name":"0e/1040_A1_wave1/1040_A1_wave1_00003"},{"time":0.1,"name":"0e/1040_A1_wave1/1040_A1_wave1_00004"},{"time":0.1333,"name":"0e/1040_A1_wave1/1040_A1_wave1_00005"},{"time":0.1666,"name":"0e/1040_A1_wave1/1040_A1_wave1_00006"},{"time":0.2,"name":"0e/1040_A1_wave1/1040_A1_wave1_00007"},{"time":0.2333,"name":"0e/1040_A1_wave1/1040_A1_wave1_00008"},{"time":0.2666,"name":"0e/1040_A1_wave1/1040_A1_wave1_00009"},{"time":0.3,"name":"0e/1040_A1_wave1/1040_A1_wave1_00010"},{"time":0.3333,"name":"0e/1040_A1_wave1/1040_A1_wave1_00011"},{"time":0.3666,"name":null}],"color":[{"time":0.2,"color":"ffb3a7ff"},{"time":0.3666,"color":"ffffff00"}]},"0e/1040_A1_wave1/1040_A1_wave1_1":{"attachment":[{"time":0,"name":"0e/1040_A1_wave1/1040_A1_wave1_00001"},{"time":0.0333,"name":"0e/1040_A1_wave1/1040_A1_wave1_00002"},{"time":0.0666,"name":"0e/1040_A1_wave1/1040_A1_wave1_00003"},{"time":0.1,"name":"0e/1040_A1_wave1/1040_A1_wave1_00004"},{"time":0.1333,"name":"0e/1040_A1_wave1/1040_A1_wave1_00005"},{"time":0.1666,"name":"0e/1040_A1_wave1/1040_A1_wave1_00006"},{"time":0.2,"name":"0e/1040_A1_wave1/1040_A1_wave1_00007"},{"time":0.2333,"name":"0e/1040_A1_wave1/1040_A1_wave1_00008"},{"time":0.2666,"name":"0e/1040_A1_wave1/1040_A1_wave1_00009"},{"time":0.3,"name":"0e/1040_A1_wave1/1040_A1_wave1_00010"},{"time":0.3333,"name":"0e/1040_A1_wave1/1040_A1_wave1_00011"},{"time":0.3666,"name":null}],"color":[{"time":0.2,"color":"ffb3a7ff"},{"time":0.3666,"color":"ffffff00"}]},"0e/s2_1040_S1_shine2/1040_S1_shine2_00000":{"attachment":[{"time":0,"name":"0e/s2_1040_S1_shine2/1040_S1_shine2_00000"},{"time":0.0333,"name":"0e/s2_1040_S1_shine2/1040_S1_shine2_00001"},{"time":0.0666,"name":"0e/s2_1040_S1_shine2/1040_S1_shine2_00002"},{"time":0.1,"name":"0e/s2_1040_S1_shine2/1040_S1_shine2_00003"},{"time":0.1333,"name":"0e/s2_1040_S1_shine2/1040_S1_shine2_00004"},{"time":0.1666,"name":"0e/s2_1040_S1_shine2/1040_S1_shine2_00005"},{"time":0.2,"name":"0e/s2_1040_S1_shine2/1040_S1_shine2_00006"},{"time":0.2333,"name":"0e/s2_1040_S1_shine2/1040_S1_shine2_00007"},{"time":0.2666,"name":"0e/s2_1040_S1_shine2/1040_S1_shine2_00008"},{"time":0.3,"name":"0e/s2_1040_S1_shine2/1040_S1_shine2_00009"},{"time":0.3333,"name":"0e/s2_1040_S1_shine2/1040_S1_shine2_00010"},{"time":0.3666,"name":"0e/s2_1040_S1_shine2/1040_S1_shine2_00011"},{"time":0.4,"name":"0e/s2_1040_S1_shine2/1040_S1_shine2_00012"},{"time":0.4333,"name":"0e/s2_1040_S1_shine2/1040_S1_shine2_00013"},{"time":0.4666,"name":"0e/s2_1040_S1_shine2/1040_S1_shine2_00014"},{"time":0.5,"name":"0e/s2_1040_S1_shine2/1040_S1_shine2_00015"},{"time":0.5333,"name":"0e/s2_1040_S1_shine2/1040_S1_shine2_00016"},{"time":0.5666,"name":"0e/s2_1040_S1_shine2/1040_S1_shine2_00017"},{"time":0.6,"name":"0e/s2_1040_S1_shine2/1040_S1_shine2_00018"},{"time":0.6333,"name":"0e/s2_1040_S1_shine2/1040_S1_shine2_00019"},{"time":0.6666,"name":"0e/s2_1040_S1_shine2/1040_S1_shine2_00020"},{"time":0.7,"name":"0e/s2_1040_S1_shine2/1040_S1_shine2_00021"},{"time":0.7333,"name":null}],"color":[{"time":0,"color":"ff7f76ff"}]},"0e/s2_1040_S1_shine2/1040_S1_shine2_0":{"attachment":[{"time":0,"name":"0e/s2_1040_S1_shine2/1040_S1_shine2_00000"},{"time":0.0333,"name":"0e/s2_1040_S1_shine2/1040_S1_shine2_00001"},{"time":0.0666,"name":"0e/s2_1040_S1_shine2/1040_S1_shine2_00002"},{"time":0.1,"name":"0e/s2_1040_S1_shine2/1040_S1_shine2_00003"},{"time":0.1333,"name":"0e/s2_1040_S1_shine2/1040_S1_shine2_00004"},{"time":0.1666,"name":"0e/s2_1040_S1_shine2/1040_S1_shine2_00005"},{"time":0.2,"name":"0e/s2_1040_S1_shine2/1040_S1_shine2_00006"},{"time":0.2333,"name":"0e/s2_1040_S1_shine2/1040_S1_shine2_00007"},{"time":0.2666,"name":"0e/s2_1040_S1_shine2/1040_S1_shine2_00008"},{"time":0.3,"name":"0e/s2_1040_S1_shine2/1040_S1_shine2_00009"},{"time":0.3333,"name":"0e/s2_1040_S1_shine2/1040_S1_shine2_00010"},{"time":0.3666,"name":"0e/s2_1040_S1_shine2/1040_S1_shine2_00011"},{"time":0.4,"name":"0e/s2_1040_S1_shine2/1040_S1_shine2_00012"},{"time":0.4333,"name":"0e/s2_1040_S1_shine2/1040_S1_shine2_00013"},{"time":0.4666,"name":"0e/s2_1040_S1_shine2/1040_S1_shine2_00014"},{"time":0.5,"name":"0e/s2_1040_S1_shine2/1040_S1_shine2_00015"},{"time":0.5333,"name":"0e/s2_1040_S1_shine2/1040_S1_shine2_00016"},{"time":0.5666,"name":"0e/s2_1040_S1_shine2/1040_S1_shine2_00017"},{"time":0.6,"name":"0e/s2_1040_S1_shine2/1040_S1_shine2_00018"},{"time":0.6333,"name":"0e/s2_1040_S1_shine2/1040_S1_shine2_00019"},{"time":0.6666,"name":"0e/s2_1040_S1_shine2/1040_S1_shine2_00020"},{"time":0.7,"name":"0e/s2_1040_S1_shine2/1040_S1_shine2_00021"},{"time":0.7333,"name":null}]},"0e/s2_ef_coin_main/ef_coin_main_00001":{"attachment":[{"time":0.0333,"name":"0e/s2_ef_coin_main/ef_coin_main_00001"},{"time":0.0666,"name":"0e/s2_ef_coin_main/ef_coin_main_00002"},{"time":0.1,"name":"0e/s2_ef_coin_main/ef_coin_main_00003"},{"time":0.1333,"name":"0e/s2_ef_coin_main/ef_coin_main_00004"},{"time":0.1666,"name":"0e/s2_ef_coin_main/ef_coin_main_00005"},{"time":0.2,"name":"0e/s2_ef_coin_main/ef_coin_main_00006"},{"time":0.2333,"name":"0e/s2_ef_coin_main/ef_coin_main_00007"},{"time":0.2666,"name":"0e/s2_ef_coin_main/ef_coin_main_00008"},{"time":0.3,"name":"0e/s2_ef_coin_main/ef_coin_main_00009"},{"time":0.3333,"name":"0e/s2_ef_coin_main/ef_coin_main_00010"},{"time":0.3666,"name":"0e/s2_ef_coin_main/ef_coin_main_00011"},{"time":0.4,"name":"0e/s2_ef_coin_main/ef_coin_main_00012"},{"time":0.4333,"name":"0e/s2_ef_coin_main/ef_coin_main_00013"},{"time":0.4666,"name":"0e/s2_ef_coin_main/ef_coin_main_00014"},{"time":0.5,"name":"0e/s2_ef_coin_main/ef_coin_main_00015"},{"time":0.5333,"name":"0e/s2_ef_coin_main/ef_coin_main_00016"},{"time":0.5666,"name":"0e/s2_ef_coin_main/ef_coin_main_00017"},{"time":0.6,"name":"0e/s2_ef_coin_main/ef_coin_main_00018"},{"time":0.6333,"name":null}]}},"bones":{"ef_coin_main":{"translate":[{"time":0.0333,"x":-300,"y":0}]},"S1_shine2":{"translate":[{"time":0,"x":-250,"y":9.73},{"time":0.3333,"x":-250,"y":30}],"scale":[{"time":0,"x":2,"y":2},{"time":0.3333,"x":2.607,"y":2.607}]},"1040_A1_wave1":{"rotate":[{"time":0,"angle":50}],"translate":[{"time":0,"x":0,"y":8.81}],"scale":[{"time":0,"x":1,"y":3},{"time":0.2666,"x":1.384,"y":5.272}]},"1040_A1_wave2":{"rotate":[{"time":0,"angle":-50}],"translate":[{"time":0,"x":0,"y":8.81}],"scale":[{"time":0,"x":1,"y":3},{"time":0.2666,"x":1.384,"y":5.272}]},"S1_shine3":{"translate":[{"time":0,"x":-250,"y":9.73},{"time":0.3333,"x":-250,"y":30}],"scale":[{"time":0,"x":-1.15,"y":1.154},{"time":0.3333,"x":-1.588,"y":1.635}]}}},"treasure_chest_EF2":{"slots":{"0e/1040_A1_wave1/1040_A1_wave1_00001":{"attachment":[{"time":0,"name":"0e/1040_A1_wave1/1040_A1_wave1_00001"},{"time":0.0333,"name":"0e/1040_A1_wave1/1040_A1_wave1_00002"},{"time":0.0666,"name":"0e/1040_A1_wave1/1040_A1_wave1_00003"},{"time":0.1,"name":"0e/1040_A1_wave1/1040_A1_wave1_00004"},{"time":0.1333,"name":"0e/1040_A1_wave1/1040_A1_wave1_00005"},{"time":0.1666,"name":"0e/1040_A1_wave1/1040_A1_wave1_00006"},{"time":0.2,"name":"0e/1040_A1_wave1/1040_A1_wave1_00007"},{"time":0.2333,"name":"0e/1040_A1_wave1/1040_A1_wave1_00008"},{"time":0.2666,"name":"0e/1040_A1_wave1/1040_A1_wave1_00009"},{"time":0.3,"name":"0e/1040_A1_wave1/1040_A1_wave1_00010"},{"time":0.3333,"name":"0e/1040_A1_wave1/1040_A1_wave1_00011"},{"time":0.3666,"name":null}],"color":[{"time":0.2,"color":"ffb3a7ff"},{"time":0.3666,"color":"ffffff00"}]},"0e/1040_A1_wave1/1040_A1_wave1_1":{"attachment":[{"time":0,"name":"0e/1040_A1_wave1/1040_A1_wave1_00001"},{"time":0.0333,"name":"0e/1040_A1_wave1/1040_A1_wave1_00002"},{"time":0.0666,"name":"0e/1040_A1_wave1/1040_A1_wave1_00003"},{"time":0.1,"name":"0e/1040_A1_wave1/1040_A1_wave1_00004"},{"time":0.1333,"name":"0e/1040_A1_wave1/1040_A1_wave1_00005"},{"time":0.1666,"name":"0e/1040_A1_wave1/1040_A1_wave1_00006"},{"time":0.2,"name":"0e/1040_A1_wave1/1040_A1_wave1_00007"},{"time":0.2333,"name":"0e/1040_A1_wave1/1040_A1_wave1_00008"},{"time":0.2666,"name":"0e/1040_A1_wave1/1040_A1_wave1_00009"},{"time":0.3,"name":"0e/1040_A1_wave1/1040_A1_wave1_00010"},{"time":0.3333,"name":"0e/1040_A1_wave1/1040_A1_wave1_00011"},{"time":0.3666,"name":null}],"color":[{"time":0.2,"color":"ffb3a7ff"},{"time":0.3666,"color":"ffffff00"}]},"0e/s2_1040_A1_pt1/1040_A1_pt1_00002":{"attachment":[{"time":0.1,"name":"0e/s2_1040_A1_pt1/1040_A1_pt1_00002"},{"time":0.1333,"name":"0e/s2_1040_A1_pt1/1040_A1_pt1_00003"},{"time":0.1666,"name":"0e/s2_1040_A1_pt1/1040_A1_pt1_00004"},{"time":0.2,"name":"0e/s2_1040_A1_pt1/1040_A1_pt1_00005"},{"time":0.2333,"name":"0e/s2_1040_A1_pt1/1040_A1_pt1_00006"},{"time":0.2666,"name":"0e/s2_1040_A1_pt1/1040_A1_pt1_00007"},{"time":0.3,"name":"0e/s2_1040_A1_pt1/1040_A1_pt1_00008"},{"time":0.3333,"name":"0e/s2_1040_A1_pt1/1040_A1_pt1_00009"},{"time":0.3666,"name":"0e/s2_1040_A1_pt1/1040_A1_pt1_00010"},{"time":0.4,"name":"0e/s2_1040_A1_pt1/1040_A1_pt1_00011"},{"time":0.4333,"name":"0e/s2_1040_A1_pt1/1040_A1_pt1_00012"},{"time":0.4666,"name":"0e/s2_1040_A1_pt1/1040_A1_pt1_00013"},{"time":0.5,"name":"0e/s2_1040_A1_pt1/1040_A1_pt1_00014"},{"time":0.5333,"name":"0e/s2_1040_A1_pt1/1040_A1_pt1_00015"},{"time":0.5666,"name":null}]},"0e/s2_1040_S1_shine2/1040_S1_shine2_00000":{"attachment":[{"time":0,"name":"0e/s2_1040_S1_shine2/1040_S1_shine2_00000"},{"time":0.0333,"name":"0e/s2_1040_S1_shine2/1040_S1_shine2_00001"},{"time":0.0666,"name":"0e/s2_1040_S1_shine2/1040_S1_shine2_00002"},{"time":0.1,"name":"0e/s2_1040_S1_shine2/1040_S1_shine2_00003"},{"time":0.1333,"name":"0e/s2_1040_S1_shine2/1040_S1_shine2_00004"},{"time":0.1666,"name":"0e/s2_1040_S1_shine2/1040_S1_shine2_00005"},{"time":0.2,"name":"0e/s2_1040_S1_shine2/1040_S1_shine2_00006"},{"time":0.2333,"name":"0e/s2_1040_S1_shine2/1040_S1_shine2_00007"},{"time":0.2666,"name":"0e/s2_1040_S1_shine2/1040_S1_shine2_00008"},{"time":0.3,"name":"0e/s2_1040_S1_shine2/1040_S1_shine2_00009"},{"time":0.3333,"name":"0e/s2_1040_S1_shine2/1040_S1_shine2_00010"},{"time":0.3666,"name":"0e/s2_1040_S1_shine2/1040_S1_shine2_00011"},{"time":0.4,"name":"0e/s2_1040_S1_shine2/1040_S1_shine2_00012"},{"time":0.4333,"name":"0e/s2_1040_S1_shine2/1040_S1_shine2_00013"},{"time":0.4666,"name":"0e/s2_1040_S1_shine2/1040_S1_shine2_00014"},{"time":0.5,"name":"0e/s2_1040_S1_shine2/1040_S1_shine2_00015"},{"time":0.5333,"name":"0e/s2_1040_S1_shine2/1040_S1_shine2_00016"},{"time":0.5666,"name":"0e/s2_1040_S1_shine2/1040_S1_shine2_00017"},{"time":0.6,"name":"0e/s2_1040_S1_shine2/1040_S1_shine2_00018"},{"time":0.6333,"name":"0e/s2_1040_S1_shine2/1040_S1_shine2_00019"},{"time":0.6666,"name":"0e/s2_1040_S1_shine2/1040_S1_shine2_00020"},{"time":0.7,"name":"0e/s2_1040_S1_shine2/1040_S1_shine2_00021"},{"time":0.7333,"name":null}],"color":[{"time":0,"color":"ff7f76ff"}]},"0e/s2_1040_S1_shine2/1040_S1_shine2_0":{"attachment":[{"time":0,"name":"0e/s2_1040_S1_shine2/1040_S1_shine2_00000"},{"time":0.0333,"name":"0e/s2_1040_S1_shine2/1040_S1_shine2_00001"},{"time":0.0666,"name":"0e/s2_1040_S1_shine2/1040_S1_shine2_00002"},{"time":0.1,"name":"0e/s2_1040_S1_shine2/1040_S1_shine2_00003"},{"time":0.1333,"name":"0e/s2_1040_S1_shine2/1040_S1_shine2_00004"},{"time":0.1666,"name":"0e/s2_1040_S1_shine2/1040_S1_shine2_00005"},{"time":0.2,"name":"0e/s2_1040_S1_shine2/1040_S1_shine2_00006"},{"time":0.2333,"name":"0e/s2_1040_S1_shine2/1040_S1_shine2_00007"},{"time":0.2666,"name":"0e/s2_1040_S1_shine2/1040_S1_shine2_00008"},{"time":0.3,"name":"0e/s2_1040_S1_shine2/1040_S1_shine2_00009"},{"time":0.3333,"name":"0e/s2_1040_S1_shine2/1040_S1_shine2_00010"},{"time":0.3666,"name":"0e/s2_1040_S1_shine2/1040_S1_shine2_00011"},{"time":0.4,"name":"0e/s2_1040_S1_shine2/1040_S1_shine2_00012"},{"time":0.4333,"name":"0e/s2_1040_S1_shine2/1040_S1_shine2_00013"},{"time":0.4666,"name":"0e/s2_1040_S1_shine2/1040_S1_shine2_00014"},{"time":0.5,"name":"0e/s2_1040_S1_shine2/1040_S1_shine2_00015"},{"time":0.5333,"name":"0e/s2_1040_S1_shine2/1040_S1_shine2_00016"},{"time":0.5666,"name":"0e/s2_1040_S1_shine2/1040_S1_shine2_00017"},{"time":0.6,"name":"0e/s2_1040_S1_shine2/1040_S1_shine2_00018"},{"time":0.6333,"name":"0e/s2_1040_S1_shine2/1040_S1_shine2_00019"},{"time":0.6666,"name":"0e/s2_1040_S1_shine2/1040_S1_shine2_00020"},{"time":0.7,"name":"0e/s2_1040_S1_shine2/1040_S1_shine2_00021"},{"time":0.7333,"name":null}]},"0e/s2_ef_coin_main/ef_coin_main_00001":{"attachment":[{"time":0.0333,"name":"0e/s2_ef_coin_main/ef_coin_main_00001"},{"time":0.0666,"name":"0e/s2_ef_coin_main/ef_coin_main_00002"},{"time":0.1,"name":"0e/s2_ef_coin_main/ef_coin_main_00003"},{"time":0.1333,"name":"0e/s2_ef_coin_main/ef_coin_main_00004"},{"time":0.1666,"name":"0e/s2_ef_coin_main/ef_coin_main_00005"},{"time":0.2,"name":"0e/s2_ef_coin_main/ef_coin_main_00006"},{"time":0.2333,"name":"0e/s2_ef_coin_main/ef_coin_main_00007"},{"time":0.2666,"name":"0e/s2_ef_coin_main/ef_coin_main_00008"},{"time":0.3,"name":"0e/s2_ef_coin_main/ef_coin_main_00009"},{"time":0.3333,"name":"0e/s2_ef_coin_main/ef_coin_main_00010"},{"time":0.3666,"name":"0e/s2_ef_coin_main/ef_coin_main_00011"},{"time":0.4,"name":"0e/s2_ef_coin_main/ef_coin_main_00012"},{"time":0.4333,"name":"0e/s2_ef_coin_main/ef_coin_main_00013"},{"time":0.4666,"name":"0e/s2_ef_coin_main/ef_coin_main_00014"},{"time":0.5,"name":"0e/s2_ef_coin_main/ef_coin_main_00015"},{"time":0.5333,"name":"0e/s2_ef_coin_main/ef_coin_main_00016"},{"time":0.5666,"name":"0e/s2_ef_coin_main/ef_coin_main_00017"},{"time":0.6,"name":"0e/s2_ef_coin_main/ef_coin_main_00018"},{"time":0.6333,"name":null}]},"0e/s2_ef_coin_main/ef_coin_main_1":{"attachment":[{"time":0.2,"name":"0e/s2_ef_coin_main/ef_coin_main_00001"},{"time":0.2333,"name":"0e/s2_ef_coin_main/ef_coin_main_00002"},{"time":0.2666,"name":"0e/s2_ef_coin_main/ef_coin_main_00003"},{"time":0.3,"name":"0e/s2_ef_coin_main/ef_coin_main_00004"},{"time":0.3333,"name":"0e/s2_ef_coin_main/ef_coin_main_00005"},{"time":0.3666,"name":"0e/s2_ef_coin_main/ef_coin_main_00006"},{"time":0.4,"name":"0e/s2_ef_coin_main/ef_coin_main_00007"},{"time":0.4333,"name":"0e/s2_ef_coin_main/ef_coin_main_00008"},{"time":0.4666,"name":"0e/s2_ef_coin_main/ef_coin_main_00009"},{"time":0.5,"name":"0e/s2_ef_coin_main/ef_coin_main_00010"},{"time":0.5333,"name":"0e/s2_ef_coin_main/ef_coin_main_00011"},{"time":0.5666,"name":"0e/s2_ef_coin_main/ef_coin_main_00012"},{"time":0.6,"name":"0e/s2_ef_coin_main/ef_coin_main_00013"},{"time":0.6333,"name":"0e/s2_ef_coin_main/ef_coin_main_00014"},{"time":0.6666,"name":"0e/s2_ef_coin_main/ef_coin_main_00015"},{"time":0.7,"name":"0e/s2_ef_coin_main/ef_coin_main_00016"},{"time":0.7333,"name":"0e/s2_ef_coin_main/ef_coin_main_00017"},{"time":0.7666,"name":"0e/s2_ef_coin_main/ef_coin_main_00018"},{"time":0.8,"name":null}]}},"bones":{"ef_coin_main":{"rotate":[{"time":0.0333,"angle":2.57}],"translate":[{"time":0.0333,"x":-300,"y":0}]},"S1_shine2":{"translate":[{"time":0,"x":-250,"y":9.73},{"time":0.3333,"x":-250,"y":30}],"scale":[{"time":0,"x":2,"y":2},{"time":0.3333,"x":3.082,"y":3.082}]},"A1_pt1":{"rotate":[{"time":0.1,"angle":0},{"time":0.5666,"angle":-30.34}],"translate":[{"time":0.1,"x":-200,"y":8.08}],"scale":[{"time":0.1,"x":2,"y":2},{"time":0.5666,"x":4.5,"y":4.5}]},"1040_A1_wave1":{"rotate":[{"time":0,"angle":50}],"translate":[{"time":0,"x":0,"y":8.81}],"scale":[{"time":0,"x":1,"y":3},{"time":0.2666,"x":1.778,"y":6.771}]},"1040_A1_wave2":{"rotate":[{"time":0,"angle":-50}],"translate":[{"time":0,"x":0,"y":8.81}],"scale":[{"time":0,"x":1,"y":3},{"time":0.2666,"x":1.778,"y":6.771}]},"S1_shine3":{"translate":[{"time":0,"x":-250,"y":9.73},{"time":0.3333,"x":-250,"y":30}],"scale":[{"time":0,"x":-1.15,"y":1.154},{"time":0.3333,"x":-1.929,"y":1.81}]},"ef_coin_main2":{"rotate":[{"time":0.2,"angle":-4.57}],"translate":[{"time":0.2,"x":-304.17,"y":0}],"scale":[{"time":0.2,"x":-0.9,"y":0.9}]}}}}}