{"skeleton":{"hash":"FDXRTut21KXkdjmm8ZeLx8cf9yU","spine":"3.0.12","width":0,"height":0},"bones":[{"name":"root"},{"name":"rainbow_wave1_1","parent":"root"},{"name":"normal2","parent":"root"},{"name":"normal","parent":"root"},{"name":"addition6","parent":"root"},{"name":"addition5","parent":"root"},{"name":"addition4","parent":"root"},{"name":"addition3","parent":"root"},{"name":"addition2","parent":"root"},{"name":"addition","parent":"root"},{"name":"tower_line_rainbow","parent":"root","x":7},{"name":"tower_rainbow","parent":"root","x":7},{"name":"tower_rainbow2","parent":"root","x":7},{"name":"tower_rainbow3","parent":"root","x":7},{"name":"tower_rainbow4","parent":"root","x":7},{"name":"tower_rainbow5","parent":"root","x":7},{"name":"tower_rainbow6","parent":"root","x":7},{"name":"tower_rainbow7","parent":"root","x":7},{"name":"tower_rainbow8","parent":"root","x":7},{"name":"tower_rainbow 2","parent":"root","x":7},{"name":"tower_rainbow 3","parent":"root","x":7},{"name":"tower_rainbow 4","parent":"root","x":7},{"name":"wave_rainbow_1","parent":"root","x":7},{"name":"wave_rainbow_2","parent":"root","x":7}],"slots":[{"name":"skill1","bone":"addition","blend":"additive"},{"name":"skill2","bone":"addition","blend":"additive"},{"name":"skill3","bone":"addition","blend":"additive"},{"name":"skill4","bone":"addition","blend":"additive"},{"name":"skill5","bone":"addition","blend":"additive"},{"name":"toge","bone":"addition","blend":"additive"},{"name":"toge5","bone":"addition","blend":"additive"},{"name":"toge2","bone":"addition2","blend":"additive"},{"name":"toge3","bone":"addition2","blend":"additive"},{"name":"toge4","bone":"addition2","blend":"additive"},{"name":"tower1","bone":"addition","blend":"additive"},{"name":"tower2","bone":"addition","blend":"additive"},{"name":"wave","bone":"addition2","blend":"additive"},{"name":"particle","bone":"addition2","blend":"additive"},{"name":"dead","bone":"addition"},{"name":"rare","bone":"normal","blend":"additive"},{"name":"breakline","bone":"addition","blend":"additive"},{"name":"breakline2","bone":"addition2","blend":"additive"},{"name":"break3","bone":"addition3","blend":"additive"},{"name":"break4","bone":"addition4","blend":"additive"},{"name":"break2","bone":"addition6","blend":"additive"},{"name":"break5","bone":"addition5","blend":"additive"},{"name":"MAIN","bone":"normal"},{"name":"MAIN2","bone":"normal2"},{"name":"tower_rainbow/tower_rainbow_00001","bone":"tower_rainbow","blend":"additive"},{"name":"tower_rainbow/tower_rainbow_1","bone":"tower_rainbow2","blend":"additive"},{"name":"tower_rainbow/tower_rainbow_2","bone":"tower_rainbow3","blend":"additive"},{"name":"tower_rainbow/tower_rainbow_3","bone":"tower_rainbow4","blend":"additive"},{"name":"tower_rainbow/tower_rainbow_4","bone":"tower_rainbow5","blend":"additive"},{"name":"tower_rainbow/tower_rainbow_5","bone":"tower_rainbow6","blend":"additive"},{"name":"tower_rainbow/tower_rainbow_6","bone":"tower_rainbow7","blend":"additive"},{"name":"tower_rainbow/tower_rainbow_7","bone":"tower_rainbow8","blend":"additive"},{"name":"tower_line_rainbow/tower_line_rainbow_00001","bone":"tower_line_rainbow","blend":"additive"},{"name":"tower_rainbow 2/tower_rainbow 2_00001","bone":"tower_rainbow 2","blend":"additive"},{"name":"tower_rainbow 2/tower_rainbow 2_1","bone":"tower_rainbow 3","blend":"additive"},{"name":"tower_rainbow 2/tower_rainbow 2_2","bone":"tower_rainbow 4","blend":"additive"},{"name":"wave_rainbow/wave_rainbow_00004","bone":"wave_rainbow_1","blend":"additive"},{"name":"wave_rainbow/wave_rainbow_4","bone":"wave_rainbow_2","blend":"additive"},{"name":"rainbow_wave1_1","bone":"rainbow_wave1_1","blend":"additive"}],"skins":{"default":{"MAIN":{"CO_skil1_06/CO_skil1_06_00000":{"width":250,"height":250},"CO_skil1_06/CO_skil1_06_00001":{"width":250,"height":250},"CO_skil1_06/CO_skil1_06_00002":{"width":250,"height":250},"CO_skil1_06/CO_skil1_06_00003":{"width":250,"height":250},"CO_skil1_06/CO_skil1_06_00004":{"width":250,"height":250},"CO_skil1_06/CO_skil1_06_00005":{"width":250,"height":250},"CO_skil1_06/CO_skil1_06_00006":{"width":250,"height":250},"CO_skil1_06/CO_skil1_06_00007":{"width":250,"height":250},"battle_text_break":{"width":258,"height":61},"box":{"width":120,"height":120},"drop_mine_stone_l":{"width":43,"height":43},"gran":{"width":64,"height":64},"sp":{"width":32,"height":32},"unit":{"width":64,"height":64}},"MAIN2":{"battle_text_break":{"width":258,"height":61}},"break2":{"breakimg/CO_break2/CO_break2_00001":{"width":200,"height":200},"breakimg/CO_break2/CO_break2_00002":{"width":200,"height":200},"breakimg/CO_break2/CO_break2_00003":{"width":200,"height":200},"breakimg/CO_break2/CO_break2_00004":{"width":200,"height":200},"breakimg/CO_break2/CO_break2_00005":{"width":200,"height":200},"breakimg/CO_break2/CO_break2_00006":{"width":200,"height":200},"breakimg/CO_break2/CO_break2_00007":{"width":200,"height":200},"breakimg/CO_break2/CO_break2_00008":{"width":200,"height":200},"breakimg/CO_break2/CO_break2_00009":{"width":200,"height":200},"breakimg/CO_break2/CO_break2_00010":{"width":200,"height":200},"breakimg/CO_break2/CO_break2_00011":{"width":200,"height":200},"breakimg/CO_break2/CO_break2_00012":{"width":200,"height":200}},"break3":{"breakimg/CO_break3/CO_break3_00001":{"width":150,"height":150},"breakimg/CO_break3/CO_break3_00002":{"width":150,"height":150},"breakimg/CO_break3/CO_break3_00003":{"width":150,"height":150},"breakimg/CO_break3/CO_break3_00004":{"width":150,"height":150}},"break4":{"breakimg/CO_break4/CO_break4_00001":{"width":300,"height":300},"breakimg/CO_break4/CO_break4_00002":{"width":300,"height":300},"breakimg/CO_break4/CO_break4_00003":{"width":300,"height":300},"breakimg/CO_break4/CO_break4_00004":{"width":300,"height":300},"breakimg/CO_break4/CO_break4_00005":{"width":300,"height":300},"breakimg/CO_break4/CO_break4_00006":{"width":300,"height":300},"breakimg/CO_break4/CO_break4_00007":{"width":300,"height":300},"breakimg/CO_break4/CO_break4_00008":{"width":300,"height":300},"breakimg/CO_break4/CO_break4_00009":{"width":300,"height":300}},"break5":{"breakimg/CO_break5/CO_break5_00001":{"width":300,"height":300}},"breakline":{"breakimg/CO_break1/CO_break1_00001":{"width":300,"height":300},"breakimg/CO_break1/CO_break1_00003":{"width":300,"height":300},"breakimg/CO_break1/CO_break1_00005":{"width":300,"height":300},"breakimg/CO_break1/CO_break1_00007":{"width":300,"height":300},"breakimg/CO_break1/CO_break1_00009":{"width":300,"height":300},"breakimg/CO_break1/CO_break1_00011":{"width":300,"height":300},"breakimg/CO_break1/CO_break1_00013":{"width":300,"height":300},"breakimg/CO_break1/CO_break1_00015":{"width":300,"height":300}},"breakline2":{"breakimg/CO_break1/CO_break1_00001":{"width":300,"height":300},"breakimg/CO_break1/CO_break1_00003":{"width":300,"height":300},"breakimg/CO_break1/CO_break1_00005":{"width":300,"height":300},"breakimg/CO_break1/CO_break1_00007":{"width":300,"height":300},"breakimg/CO_break1/CO_break1_00009":{"width":300,"height":300},"breakimg/CO_break1/CO_break1_00011":{"width":300,"height":300},"breakimg/CO_break1/CO_break1_00013":{"width":300,"height":300},"breakimg/CO_break1/CO_break1_00015":{"width":300,"height":300}},"dead":{"CO_dead/CO_dead1_00001":{"width":250,"height":250},"CO_dead/CO_dead1_00002":{"width":250,"height":250},"CO_dead/CO_dead1_00003":{"width":250,"height":250},"CO_dead/CO_dead1_00004":{"width":250,"height":250},"CO_dead/CO_dead1_00005":{"width":250,"height":250},"CO_dead/CO_dead1_00006":{"width":250,"height":250},"CO_dead/CO_dead1_00007":{"width":250,"height":250},"CO_dead/CO_dead1_00008":{"width":250,"height":250}},"particle":{"CO_summon_pt1/CO_summon_pt1_00001":{"x":10,"y":100,"scaleX":2,"scaleY":2,"width":125,"height":125},"CO_summon_pt1/CO_summon_pt1_00002":{"x":10,"y":100,"scaleX":2,"scaleY":2,"width":125,"height":125},"CO_summon_pt1/CO_summon_pt1_00003":{"x":10,"y":100,"scaleX":2,"scaleY":2,"width":125,"height":125},"CO_summon_pt1/CO_summon_pt1_00004":{"x":10,"y":100,"scaleX":2,"scaleY":2,"width":125,"height":125},"CO_summon_pt1/CO_summon_pt1_00005":{"x":10,"y":100,"scaleX":2,"scaleY":2,"width":125,"height":125},"CO_summon_pt1/CO_summon_pt1_00006":{"x":10,"y":100,"scaleX":2,"scaleY":2,"width":125,"height":125},"CO_summon_pt1/CO_summon_pt1_00007":{"x":10,"y":100,"scaleX":2,"scaleY":2,"width":125,"height":125},"CO_summon_pt1/CO_summon_pt1_00008":{"x":10,"y":100,"scaleX":2,"scaleY":2,"width":125,"height":125},"CO_summon_pt1/CO_summon_pt1_00009":{"x":10,"y":100,"scaleX":2,"scaleY":2,"width":125,"height":125},"CO_summon_pt1/CO_summon_pt1_00010":{"x":10,"y":100,"scaleX":2,"scaleY":2,"width":125,"height":125},"CO_summon_pt1/CO_summon_pt1_00011":{"x":10,"y":100,"scaleX":2,"scaleY":2,"width":125,"height":125},"CO_summon_pt1/CO_summon_pt1_00012":{"x":10,"y":100,"scaleX":2,"scaleY":2,"width":125,"height":125},"CO_summon_pt1/CO_summon_pt1_00013":{"x":10,"y":100,"scaleX":2,"scaleY":2,"width":125,"height":125},"CO_summon_pt1/CO_summon_pt1_00014":{"x":10,"y":100,"scaleX":2,"scaleY":2,"width":125,"height":125}},"rainbow_wave1_1":{"550_S2_wave1_DOT/550_S2_wave1_00039":{"width":280,"height":280},"550_S2_wave1_DOT/550_S2_wave1_00041":{"width":280,"height":280},"550_S2_wave1_DOT/550_S2_wave1_00043":{"width":280,"height":280},"550_S2_wave1_DOT/550_S2_wave1_00045":{"width":280,"height":280},"550_S2_wave1_DOT/550_S2_wave1_00047":{"width":280,"height":280},"550_S2_wave1_DOT/550_S2_wave1_00049":{"width":280,"height":280}},"rare":{"itemplay/UI_item_play_04_00007":{"width":250,"height":250},"itemplay/UI_item_play_04_00008":{"width":250,"height":250},"itemplay/UI_item_play_04_00009":{"width":250,"height":250},"itemplay/UI_item_play_04_00010":{"width":250,"height":250},"itemplay/UI_item_play_04_00011":{"width":250,"height":250},"itemplay/UI_item_play_04_00012":{"width":250,"height":250},"itemplay/UI_item_play_04_00013":{"width":250,"height":250},"itemplay/UI_item_play_04_00014":{"width":250,"height":250},"itemplay/UI_item_play_04_00015":{"width":250,"height":250},"itemplay/UI_item_play_04_00016":{"width":250,"height":250}},"skill1":{"CO_skil1_01/CO_skil1_01_00000":{"width":250,"height":250},"CO_skil1_01/CO_skil1_01_00002":{"width":250,"height":250},"CO_skil1_01/CO_skil1_01_00003":{"width":250,"height":250},"CO_skil1_01/CO_skil1_01_00004":{"width":250,"height":250},"CO_skil1_01/CO_skil1_01_00005":{"width":250,"height":250},"CO_skil1_01/CO_skil1_01_00006":{"width":250,"height":250},"CO_skil1_01/CO_skil1_01_00007":{"width":250,"height":250},"CO_skil1_01/CO_skil1_01_00008":{"width":250,"height":250},"CO_skil1_01/CO_skil1_01_00009":{"width":250,"height":250},"CO_skil1_01/CO_skil1_01_00010":{"width":250,"height":250},"CO_skil1_01/CO_skil1_01_00011":{"width":250,"height":250}},"skill2":{"CO_skil1_02/CO_skil1_02_00000":{"width":250,"height":250},"CO_skil1_02/CO_skil1_02_00002":{"width":250,"height":250},"CO_skil1_02/CO_skil1_02_00003":{"width":250,"height":250},"CO_skil1_02/CO_skil1_02_00004":{"width":250,"height":250},"CO_skil1_02/CO_skil1_02_00005":{"width":250,"height":250},"CO_skil1_02/CO_skil1_02_00006":{"width":250,"height":250},"CO_skil1_02/CO_skil1_02_00007":{"width":250,"height":250},"CO_skil1_02/CO_skil1_02_00008":{"width":250,"height":250},"CO_skil1_02/CO_skil1_02_00009":{"width":250,"height":250},"CO_skil1_02/CO_skil1_02_00010":{"width":250,"height":250},"CO_skil1_02/CO_skil1_02_00011":{"width":250,"height":250}},"skill3":{"CO_skil1_03/CO_skil1_03_00000":{"width":250,"height":250},"CO_skil1_03/CO_skil1_03_00002":{"width":250,"height":250},"CO_skil1_03/CO_skil1_03_00003":{"width":250,"height":250},"CO_skil1_03/CO_skil1_03_00004":{"width":250,"height":250},"CO_skil1_03/CO_skil1_03_00005":{"width":250,"height":250},"CO_skil1_03/CO_skil1_03_00006":{"width":250,"height":250},"CO_skil1_03/CO_skil1_03_00007":{"width":250,"height":250},"CO_skil1_03/CO_skil1_03_00008":{"width":250,"height":250},"CO_skil1_03/CO_skil1_03_00009":{"width":250,"height":250},"CO_skil1_03/CO_skil1_03_00010":{"width":250,"height":250},"CO_skil1_03/CO_skil1_03_00011":{"width":250,"height":250}},"skill4":{"CO_skil1_04/CO_skil1_04_00000":{"width":250,"height":250},"CO_skil1_04/CO_skil1_04_00002":{"width":250,"height":250},"CO_skil1_04/CO_skil1_04_00003":{"width":250,"height":250},"CO_skil1_04/CO_skil1_04_00004":{"width":250,"height":250},"CO_skil1_04/CO_skil1_04_00005":{"width":250,"height":250},"CO_skil1_04/CO_skil1_04_00006":{"width":250,"height":250},"CO_skil1_04/CO_skil1_04_00007":{"width":250,"height":250},"CO_skil1_04/CO_skil1_04_00008":{"width":250,"height":250},"CO_skil1_04/CO_skil1_04_00009":{"width":250,"height":250},"CO_skil1_04/CO_skil1_04_00010":{"width":250,"height":250},"CO_skil1_04/CO_skil1_04_00011":{"width":250,"height":250}},"skill5":{"CO_skil1_05/CO_skil1_05_00000":{"width":250,"height":250},"CO_skil1_05/CO_skil1_05_00002":{"width":250,"height":250},"CO_skil1_05/CO_skil1_05_00003":{"width":250,"height":250},"CO_skil1_05/CO_skil1_05_00004":{"width":250,"height":250},"CO_skil1_05/CO_skil1_05_00005":{"width":250,"height":250},"CO_skil1_05/CO_skil1_05_00006":{"width":250,"height":250},"CO_skil1_05/CO_skil1_05_00007":{"width":250,"height":250},"CO_skil1_05/CO_skil1_05_00008":{"width":250,"height":250},"CO_skil1_05/CO_skil1_05_00009":{"width":250,"height":250},"CO_skil1_05/CO_skil1_05_00010":{"width":250,"height":250},"CO_skil1_05/CO_skil1_05_00011":{"width":250,"height":250}},"toge":{"CO_skil1_01/CO_skl1_01b_00000":{"width":250,"height":250},"CO_skil1_02/CO_skl1_02b_00000":{"width":250,"height":250},"CO_skil1_03/CO_skl1_03b_00000":{"width":250,"height":250},"CO_skil1_04/CO_skl1_04b_00000":{"width":250,"height":250},"CO_skil1_05/CO_skl1_05b_00000":{"width":250,"height":250}},"toge2":{"CO_skl1_01c_00000":{"width":125,"height":125},"CO_skl1_02c_00000":{"width":125,"height":125},"CO_skl1_03c_00000":{"width":125,"height":125},"CO_skl1_04c_00000":{"width":125,"height":125},"CO_skl1_05c_00000":{"width":125,"height":125}},"toge3":{"CO_skl1_01c_00000":{"width":125,"height":125},"CO_skl1_02c_00000":{"width":125,"height":125},"CO_skl1_03c_00000":{"width":125,"height":125},"CO_skl1_04c_00000":{"width":125,"height":125},"CO_skl1_05c_00000":{"width":125,"height":125}},"toge4":{"CO_skl1_01c_00000":{"width":125,"height":125},"CO_skl1_02c_00000":{"width":125,"height":125},"CO_skl1_03c_00000":{"width":125,"height":125},"CO_skl1_04c_00000":{"width":125,"height":125},"CO_skl1_05c_00000":{"width":125,"height":125}},"toge5":{"CO_skil1_01/CO_skl1_01b_00000":{"width":250,"height":250},"CO_skil1_02/CO_skl1_02b_00000":{"width":250,"height":250},"CO_skil1_03/CO_skl1_03b_00000":{"width":250,"height":250},"CO_skil1_04/CO_skl1_04b_00000":{"width":250,"height":250},"CO_skil1_05/CO_skl1_05b_00000":{"width":250,"height":250}},"tower1":{"CO_summon_tower1/CO_summon_tower1_00001":{"width":250,"height":250}},"tower2":{"CO_summon_tower2/CO_summon_tower2_00001":{"width":250,"height":250},"CO_summon_tower2/CO_summon_tower2_00002":{"width":250,"height":250},"CO_summon_tower2/CO_summon_tower2_00004":{"width":250,"height":250},"CO_summon_tower2/CO_summon_tower2_00007":{"width":250,"height":250},"CO_summon_tower2/CO_summon_tower2_00009":{"rotation":-0.14,"width":250,"height":250}},"tower_line_rainbow/tower_line_rainbow_00001":{"tower_line_rainbow/tower_line_rainbow_00001":{"x":10.51,"y":108.45,"width":252,"height":282},"tower_line_rainbow/tower_line_rainbow_00002":{"x":10.51,"y":108.45,"width":252,"height":282},"tower_line_rainbow/tower_line_rainbow_00003":{"x":10.51,"y":108.45,"width":252,"height":282},"tower_line_rainbow/tower_line_rainbow_00004":{"x":10.51,"y":108.45,"width":252,"height":282},"tower_line_rainbow/tower_line_rainbow_00005":{"x":10.51,"y":108.45,"width":252,"height":282},"tower_line_rainbow/tower_line_rainbow_00006":{"x":10.51,"y":108.45,"width":252,"height":282},"tower_line_rainbow/tower_line_rainbow_00007":{"x":10.51,"y":108.45,"width":252,"height":282},"tower_line_rainbow/tower_line_rainbow_00008":{"x":10.51,"y":108.45,"width":252,"height":282}},"tower_rainbow 2/tower_rainbow 2_00001":{"tower_rainbow 2/tower_rainbow 2_00005":{"x":6.74,"y":105.4,"width":252,"height":276},"tower_rainbow 2/tower_rainbow 2_00006":{"x":6.74,"y":105.4,"width":252,"height":276},"tower_rainbow 2/tower_rainbow 2_00007":{"x":6.74,"y":105.4,"width":252,"height":276},"tower_rainbow 2/tower_rainbow 2_00008":{"x":6.74,"y":105.4,"width":252,"height":276},"tower_rainbow 2/tower_rainbow 2_00009":{"x":6.74,"y":105.4,"width":252,"height":276},"tower_rainbow 2/tower_rainbow 2_00010":{"x":6.74,"y":105.4,"width":252,"height":276},"tower_rainbow 2/tower_rainbow 2_00011":{"x":6.74,"y":105.4,"width":252,"height":276},"tower_rainbow 2/tower_rainbow 2_00012":{"x":6.74,"y":105.4,"width":252,"height":276},"tower_rainbow 2/tower_rainbow 2_00013":{"x":6.74,"y":105.4,"width":252,"height":276}},"tower_rainbow 2/tower_rainbow 2_1":{"tower_rainbow 2/tower_rainbow 2_00005":{"x":6.74,"y":105.4,"width":252,"height":276},"tower_rainbow 2/tower_rainbow 2_00006":{"x":6.74,"y":105.4,"width":252,"height":276},"tower_rainbow 2/tower_rainbow 2_00007":{"x":6.74,"y":105.4,"width":252,"height":276},"tower_rainbow 2/tower_rainbow 2_00008":{"x":6.74,"y":105.4,"width":252,"height":276},"tower_rainbow 2/tower_rainbow 2_00009":{"x":6.74,"y":105.4,"width":252,"height":276},"tower_rainbow 2/tower_rainbow 2_00010":{"x":6.74,"y":105.4,"width":252,"height":276},"tower_rainbow 2/tower_rainbow 2_00011":{"x":6.74,"y":105.4,"width":252,"height":276},"tower_rainbow 2/tower_rainbow 2_00012":{"x":6.74,"y":105.4,"width":252,"height":276},"tower_rainbow 2/tower_rainbow 2_00013":{"x":6.74,"y":105.4,"width":252,"height":276}},"tower_rainbow 2/tower_rainbow 2_2":{"tower_rainbow 2/tower_rainbow 2_00005":{"x":6.74,"y":105.4,"width":252,"height":276},"tower_rainbow 2/tower_rainbow 2_00006":{"x":6.74,"y":105.4,"width":252,"height":276},"tower_rainbow 2/tower_rainbow 2_00007":{"x":6.74,"y":105.4,"width":252,"height":276},"tower_rainbow 2/tower_rainbow 2_00008":{"x":6.74,"y":105.4,"width":252,"height":276},"tower_rainbow 2/tower_rainbow 2_00009":{"x":6.74,"y":105.4,"width":252,"height":276},"tower_rainbow 2/tower_rainbow 2_00010":{"x":6.74,"y":105.4,"width":252,"height":276},"tower_rainbow 2/tower_rainbow 2_00011":{"x":6.74,"y":105.4,"width":252,"height":276},"tower_rainbow 2/tower_rainbow 2_00012":{"x":6.74,"y":105.4,"width":252,"height":276},"tower_rainbow 2/tower_rainbow 2_00013":{"x":6.74,"y":105.4,"width":252,"height":276}},"tower_rainbow/tower_rainbow_00001":{"tower_rainbow/tower_rainbow_00001":{"x":9.65,"y":104.57,"width":252,"height":282},"tower_rainbow/tower_rainbow_00002":{"x":9.65,"y":104.57,"width":252,"height":282},"tower_rainbow/tower_rainbow_00003":{"x":9.65,"y":104.57,"width":252,"height":282},"tower_rainbow/tower_rainbow_00004":{"x":9.65,"y":104.57,"width":252,"height":282},"tower_rainbow/tower_rainbow_00005":{"x":9.65,"y":104.57,"width":252,"height":282},"tower_rainbow/tower_rainbow_00006":{"x":9.65,"y":104.57,"width":252,"height":282},"tower_rainbow/tower_rainbow_00007":{"x":9.65,"y":104.57,"width":252,"height":282},"tower_rainbow/tower_rainbow_00008":{"x":9.65,"y":104.57,"width":252,"height":282},"tower_rainbow/tower_rainbow_00009":{"x":9.65,"y":104.57,"width":252,"height":282}},"tower_rainbow/tower_rainbow_1":{"tower_rainbow/tower_rainbow_00001":{"x":9.65,"y":104.57,"width":252,"height":282},"tower_rainbow/tower_rainbow_00002":{"x":9.65,"y":104.57,"width":252,"height":282},"tower_rainbow/tower_rainbow_00003":{"x":9.65,"y":104.57,"width":252,"height":282},"tower_rainbow/tower_rainbow_00004":{"x":9.65,"y":104.57,"width":252,"height":282},"tower_rainbow/tower_rainbow_00005":{"x":9.65,"y":104.57,"width":252,"height":282},"tower_rainbow/tower_rainbow_00006":{"x":9.65,"y":104.57,"width":252,"height":282},"tower_rainbow/tower_rainbow_00007":{"x":9.65,"y":104.57,"width":252,"height":282},"tower_rainbow/tower_rainbow_00008":{"x":9.65,"y":104.57,"width":252,"height":282},"tower_rainbow/tower_rainbow_00009":{"x":9.65,"y":104.57,"width":252,"height":282}},"tower_rainbow/tower_rainbow_2":{"tower_rainbow/tower_rainbow_00001":{"x":9.65,"y":104.57,"width":252,"height":282},"tower_rainbow/tower_rainbow_00002":{"x":9.65,"y":104.57,"width":252,"height":282},"tower_rainbow/tower_rainbow_00003":{"x":9.65,"y":104.57,"width":252,"height":282},"tower_rainbow/tower_rainbow_00004":{"x":9.65,"y":104.57,"width":252,"height":282},"tower_rainbow/tower_rainbow_00005":{"x":9.65,"y":104.57,"width":252,"height":282},"tower_rainbow/tower_rainbow_00006":{"x":9.65,"y":104.57,"width":252,"height":282},"tower_rainbow/tower_rainbow_00007":{"x":9.65,"y":104.57,"width":252,"height":282},"tower_rainbow/tower_rainbow_00008":{"x":9.65,"y":104.57,"width":252,"height":282},"tower_rainbow/tower_rainbow_00009":{"x":9.65,"y":104.57,"width":252,"height":282}},"tower_rainbow/tower_rainbow_3":{"tower_rainbow/tower_rainbow_00001":{"x":9.65,"y":104.57,"width":252,"height":282},"tower_rainbow/tower_rainbow_00002":{"x":9.65,"y":104.57,"width":252,"height":282},"tower_rainbow/tower_rainbow_00003":{"x":9.65,"y":104.57,"width":252,"height":282},"tower_rainbow/tower_rainbow_00004":{"x":9.65,"y":104.57,"width":252,"height":282},"tower_rainbow/tower_rainbow_00005":{"x":9.65,"y":104.57,"width":252,"height":282},"tower_rainbow/tower_rainbow_00006":{"x":9.65,"y":104.57,"width":252,"height":282},"tower_rainbow/tower_rainbow_00007":{"x":9.65,"y":104.57,"width":252,"height":282},"tower_rainbow/tower_rainbow_00008":{"x":9.65,"y":104.57,"width":252,"height":282},"tower_rainbow/tower_rainbow_00009":{"x":9.65,"y":104.57,"width":252,"height":282}},"tower_rainbow/tower_rainbow_4":{"tower_rainbow/tower_rainbow_00001":{"x":9.65,"y":104.57,"width":252,"height":282},"tower_rainbow/tower_rainbow_00002":{"x":9.65,"y":104.57,"width":252,"height":282},"tower_rainbow/tower_rainbow_00003":{"x":9.65,"y":104.57,"width":252,"height":282},"tower_rainbow/tower_rainbow_00004":{"x":9.65,"y":104.57,"width":252,"height":282},"tower_rainbow/tower_rainbow_00005":{"x":9.65,"y":104.57,"width":252,"height":282},"tower_rainbow/tower_rainbow_00006":{"x":9.65,"y":104.57,"width":252,"height":282},"tower_rainbow/tower_rainbow_00007":{"x":9.65,"y":104.57,"width":252,"height":282},"tower_rainbow/tower_rainbow_00008":{"x":9.65,"y":104.57,"width":252,"height":282},"tower_rainbow/tower_rainbow_00009":{"x":9.65,"y":104.57,"width":252,"height":282}},"tower_rainbow/tower_rainbow_5":{"tower_rainbow/tower_rainbow_00001":{"x":9.65,"y":104.57,"width":252,"height":282},"tower_rainbow/tower_rainbow_00002":{"x":9.65,"y":104.57,"width":252,"height":282},"tower_rainbow/tower_rainbow_00003":{"x":9.65,"y":104.57,"width":252,"height":282},"tower_rainbow/tower_rainbow_00004":{"x":9.65,"y":104.57,"width":252,"height":282},"tower_rainbow/tower_rainbow_00005":{"x":9.65,"y":104.57,"width":252,"height":282},"tower_rainbow/tower_rainbow_00006":{"x":9.65,"y":104.57,"width":252,"height":282},"tower_rainbow/tower_rainbow_00007":{"x":9.65,"y":104.57,"width":252,"height":282},"tower_rainbow/tower_rainbow_00008":{"x":9.65,"y":104.57,"width":252,"height":282},"tower_rainbow/tower_rainbow_00009":{"x":9.65,"y":104.57,"width":252,"height":282}},"tower_rainbow/tower_rainbow_6":{"tower_rainbow/tower_rainbow_00001":{"x":9.65,"y":104.57,"width":252,"height":282},"tower_rainbow/tower_rainbow_00002":{"x":9.65,"y":104.57,"width":252,"height":282},"tower_rainbow/tower_rainbow_00003":{"x":9.65,"y":104.57,"width":252,"height":282},"tower_rainbow/tower_rainbow_00004":{"x":9.65,"y":104.57,"width":252,"height":282},"tower_rainbow/tower_rainbow_00005":{"x":9.65,"y":104.57,"width":252,"height":282},"tower_rainbow/tower_rainbow_00006":{"x":9.65,"y":104.57,"width":252,"height":282},"tower_rainbow/tower_rainbow_00007":{"x":9.65,"y":104.57,"width":252,"height":282},"tower_rainbow/tower_rainbow_00008":{"x":9.65,"y":104.57,"width":252,"height":282},"tower_rainbow/tower_rainbow_00009":{"x":9.65,"y":104.57,"width":252,"height":282}},"tower_rainbow/tower_rainbow_7":{"tower_rainbow/tower_rainbow_00001":{"x":9.65,"y":104.57,"width":252,"height":282},"tower_rainbow/tower_rainbow_00002":{"x":9.65,"y":104.57,"width":252,"height":282},"tower_rainbow/tower_rainbow_00003":{"x":9.65,"y":104.57,"width":252,"height":282},"tower_rainbow/tower_rainbow_00004":{"x":9.65,"y":104.57,"width":252,"height":282},"tower_rainbow/tower_rainbow_00005":{"x":9.65,"y":104.57,"width":252,"height":282},"tower_rainbow/tower_rainbow_00006":{"x":9.65,"y":104.57,"width":252,"height":282},"tower_rainbow/tower_rainbow_00007":{"x":9.65,"y":104.57,"width":252,"height":282},"tower_rainbow/tower_rainbow_00008":{"x":9.65,"y":104.57,"width":252,"height":282},"tower_rainbow/tower_rainbow_00009":{"x":9.65,"y":104.57,"width":252,"height":282}},"wave":{"CO_summon_wave1/CO_summon_wave1_00001":{"width":250,"height":250},"CO_summon_wave1/CO_summon_wave1_00002":{"width":250,"height":250},"CO_summon_wave1/CO_summon_wave1_00003":{"width":250,"height":250},"CO_summon_wave1/CO_summon_wave1_00004":{"width":250,"height":250},"CO_summon_wave1/CO_summon_wave1_00005":{"width":250,"height":250},"CO_summon_wave1/CO_summon_wave1_00006":{"width":250,"height":250},"CO_summon_wave1/CO_summon_wave1_00007":{"width":250,"height":250},"CO_summon_wave1/CO_summon_wave1_00008":{"width":250,"height":250},"CO_summon_wave1/CO_summon_wave1_00009":{"width":250,"height":250}},"wave_rainbow/wave_rainbow_00004":{"wave_rainbow/wave_rainbow_00004":{"y":10.79,"width":282,"height":252},"wave_rainbow/wave_rainbow_00005":{"y":10.79,"width":282,"height":252},"wave_rainbow/wave_rainbow_00006":{"y":10.79,"width":282,"height":252},"wave_rainbow/wave_rainbow_00007":{"y":10.79,"width":282,"height":252},"wave_rainbow/wave_rainbow_00008":{"y":10.79,"width":282,"height":252},"wave_rainbow/wave_rainbow_00009":{"y":10.79,"width":282,"height":252},"wave_rainbow/wave_rainbow_00010":{"y":10.79,"width":282,"height":252},"wave_rainbow/wave_rainbow_00011":{"y":10.79,"width":282,"height":252}},"wave_rainbow/wave_rainbow_4":{"wave_rainbow/wave_rainbow_00004":{"y":10.79,"width":282,"height":252},"wave_rainbow/wave_rainbow_00005":{"y":10.79,"width":282,"height":252},"wave_rainbow/wave_rainbow_00006":{"y":10.79,"width":282,"height":252},"wave_rainbow/wave_rainbow_00007":{"y":10.79,"width":282,"height":252},"wave_rainbow/wave_rainbow_00008":{"y":10.79,"width":282,"height":252},"wave_rainbow/wave_rainbow_00009":{"y":10.79,"width":282,"height":252},"wave_rainbow/wave_rainbow_00010":{"y":10.79,"width":282,"height":252},"wave_rainbow/wave_rainbow_00011":{"y":10.79,"width":282,"height":252}}}},"animations":{"box":{"slots":{"MAIN":{"attachment":[{"time":0,"name":"box"}]}},"bones":{"normal":{"translate":[{"time":0,"x":-8.39,"y":26.67}]}}},"break_eff":{"slots":{"break2":{"attachment":[{"time":0.2333,"name":"breakimg/CO_break2/CO_break2_00001"},{"time":0.2666,"name":"breakimg/CO_break2/CO_break2_00002"},{"time":0.3,"name":"breakimg/CO_break2/CO_break2_00003"},{"time":0.3333,"name":"breakimg/CO_break2/CO_break2_00004"},{"time":0.3666,"name":"breakimg/CO_break2/CO_break2_00005"},{"time":0.4,"name":"breakimg/CO_break2/CO_break2_00006"},{"time":0.4333,"name":"breakimg/CO_break2/CO_break2_00007"},{"time":0.4666,"name":"breakimg/CO_break2/CO_break2_00008"},{"time":0.6333,"name":"breakimg/CO_break2/CO_break2_00009"},{"time":0.6666,"name":"breakimg/CO_break2/CO_break2_00010"},{"time":0.7,"name":"breakimg/CO_break2/CO_break2_00011"},{"time":0.7333,"name":"breakimg/CO_break2/CO_break2_00012"},{"time":0.7666,"name":null}]},"break3":{"attachment":[{"time":0.2333,"name":null},{"time":0.3333,"name":"breakimg/CO_break3/CO_break3_00001"},{"time":0.3666,"name":"breakimg/CO_break3/CO_break3_00002"},{"time":0.4,"name":"breakimg/CO_break3/CO_break3_00003"},{"time":0.4333,"name":"breakimg/CO_break3/CO_break3_00004"},{"time":0.4666,"name":null}]},"break4":{"attachment":[{"time":0.2,"name":"breakimg/CO_break4/CO_break4_00001"},{"time":0.2333,"name":"breakimg/CO_break4/CO_break4_00002"},{"time":0.2666,"name":"breakimg/CO_break4/CO_break4_00003"},{"time":0.3,"name":"breakimg/CO_break4/CO_break4_00004"},{"time":0.3333,"name":"breakimg/CO_break4/CO_break4_00005"},{"time":0.3666,"name":"breakimg/CO_break4/CO_break4_00006"},{"time":0.4,"name":"breakimg/CO_break4/CO_break4_00007"},{"time":0.4333,"name":"breakimg/CO_break4/CO_break4_00008"},{"time":0.4666,"name":"breakimg/CO_break4/CO_break4_00009"},{"time":0.5,"name":null}]},"break5":{"attachment":[{"time":0.1666,"name":"breakimg/CO_break5/CO_break5_00001"}],"color":[{"time":0.1666,"color":"ffffff00"},{"time":0.2666,"color":"ffffff76","curve":[0.25,0,0.75,1]},{"time":0.7,"color":"ffffff00"}]},"breakline":{"attachment":[{"time":0.1666,"name":"breakimg/CO_break1/CO_break1_00001"},{"time":0.2333,"name":"breakimg/CO_break1/CO_break1_00003"},{"time":0.3,"name":"breakimg/CO_break1/CO_break1_00005"},{"time":0.3666,"name":"breakimg/CO_break1/CO_break1_00007"},{"time":0.4333,"name":"breakimg/CO_break1/CO_break1_00009"},{"time":0.6333,"name":"breakimg/CO_break1/CO_break1_00011"},{"time":0.7,"name":"breakimg/CO_break1/CO_break1_00013"},{"time":0.7666,"name":"breakimg/CO_break1/CO_break1_00015"},{"time":0.8333,"name":null}]},"breakline2":{"attachment":[{"time":0.1666,"name":"breakimg/CO_break1/CO_break1_00001"},{"time":0.2333,"name":"breakimg/CO_break1/CO_break1_00003"},{"time":0.3,"name":"breakimg/CO_break1/CO_break1_00005"},{"time":0.3666,"name":"breakimg/CO_break1/CO_break1_00007"},{"time":0.4333,"name":"breakimg/CO_break1/CO_break1_00009"},{"time":0.6333,"name":"breakimg/CO_break1/CO_break1_00011"},{"time":0.7,"name":"breakimg/CO_break1/CO_break1_00013"},{"time":0.7666,"name":"breakimg/CO_break1/CO_break1_00015"},{"time":0.8333,"name":null}]}},"bones":{"addition":{"rotate":[{"time":0.1666,"angle":62.98}],"translate":[{"time":0.1666,"x":-2.39,"y":-20.33}],"scale":[{"time":0.1666,"x":2,"y":2}]},"addition2":{"rotate":[{"time":0.1666,"angle":150.49}],"translate":[{"time":0.1666,"x":5.47,"y":-9.95}],"scale":[{"time":0.1666,"x":2,"y":2}]},"addition3":{"translate":[{"time":0.3333,"x":6.43,"y":-10.95}],"scale":[{"time":0.3333,"x":2.891,"y":2.891}]},"addition5":{"scale":[{"time":0.1666,"x":2,"y":2,"curve":[0.25,0,0.75,1]},{"time":0.7,"x":3,"y":3}]},"addition6":{"scale":[{"time":0.1666,"x":2.349,"y":2.349}]},"root":{"translate":[{"time":0,"x":-3.67,"y":8.4}]},"addition4":{"translate":[{"time":0.2,"x":8.62,"y":-6.57}],"scale":[{"time":0.2,"x":2,"y":2}]}}},"breaktext":{"slots":{"MAIN":{"attachment":[{"time":0,"name":"battle_text_break"}],"color":[{"time":0,"color":"ffffff94","curve":[0.644,0,0.917,0.4]},{"time":0.3666,"color":"ffffffff","curve":"stepped"},{"time":1.0333,"color":"ffffffff"},{"time":1.2,"color":"ffffff00"}]},"MAIN2":{"attachment":[{"time":0,"name":"battle_text_break"}],"color":[{"time":0,"color":"ffffff00","curve":"stepped"},{"time":0.1666,"color":"ffffff9d","curve":[0.157,0.51,0.75,1]},{"time":0.4666,"color":"ffffff00"}]},"breakline":{"attachment":[{"time":0,"name":"breakimg/CO_break1/CO_break1_00001"},{"time":0.0333,"name":"breakimg/CO_break1/CO_break1_00003"},{"time":0.0666,"name":"breakimg/CO_break1/CO_break1_00005"},{"time":0.1,"name":"breakimg/CO_break1/CO_break1_00007"},{"time":0.1333,"name":"breakimg/CO_break1/CO_break1_00009"},{"time":0.1666,"name":"breakimg/CO_break1/CO_break1_00011"},{"time":0.2,"name":"breakimg/CO_break1/CO_break1_00013"},{"time":0.2333,"name":"breakimg/CO_break1/CO_break1_00015"},{"time":0.2666,"name":null}]}},"bones":{"normal":{"translate":[{"time":0,"x":550.89,"y":0,"curve":[0.25,0,0.831,0.64]},{"time":0.1666,"x":0,"y":0,"curve":"stepped"},{"time":1.0333,"x":0,"y":0,"curve":[0.134,0.48,0.705,0.85]},{"time":1.2,"x":-159.47,"y":0}]},"normal2":{"scale":[{"time":0.1666,"x":1,"y":1,"curve":[0,0.4,0.75,1]},{"time":0.4666,"x":2,"y":2}]},"root":{"scale":[{"time":0,"x":0.8,"y":0.8}]},"addition":{"rotate":[{"time":0,"angle":0}],"translate":[{"time":0,"x":-189.26,"y":-2.52}],"scale":[{"time":0,"x":11.686,"y":8.683}]}}},"coin":{"slots":{"MAIN":{"attachment":[{"time":0,"name":"gran"}]}},"bones":{"normal":{"translate":[{"time":0,"x":2.36,"y":28.21,"curve":[0.25,0,0.75,1]},{"time":0.6666,"x":2.36,"y":33.34,"curve":[0.25,0,0.75,1]},{"time":0.8333,"x":2.36,"y":33.88,"curve":[0.25,0,0.75,1]},{"time":1.5,"x":2.36,"y":28.76},{"time":1.6666,"x":2.36,"y":28.21}],"scale":[{"time":0,"x":0.7,"y":0.7}]}}},"dead":{"slots":{"dead":{"attachment":[{"time":0,"name":"CO_dead/CO_dead1_00001"},{"time":0.0333,"name":"CO_dead/CO_dead1_00002"},{"time":0.0666,"name":"CO_dead/CO_dead1_00003"},{"time":0.1,"name":"CO_dead/CO_dead1_00004"},{"time":0.1333,"name":"CO_dead/CO_dead1_00005"},{"time":0.1666,"name":"CO_dead/CO_dead1_00006"},{"time":0.2,"name":"CO_dead/CO_dead1_00007"},{"time":0.2333,"name":"CO_dead/CO_dead1_00008"},{"time":0.2666,"name":null}]}}},"getdrop":{"slots":{"skill2":{"attachment":[{"time":0,"name":"CO_skil1_02/CO_skil1_02_00000"},{"time":0.0333,"name":"CO_skil1_02/CO_skil1_02_00002"},{"time":0.0666,"name":"CO_skil1_02/CO_skil1_02_00003"},{"time":0.1,"name":"CO_skil1_02/CO_skil1_02_00004"},{"time":0.1333,"name":"CO_skil1_02/CO_skil1_02_00005"},{"time":0.1666,"name":"CO_skil1_02/CO_skil1_02_00006"},{"time":0.2,"name":"CO_skil1_02/CO_skil1_02_00007"},{"time":0.2333,"name":"CO_skil1_02/CO_skil1_02_00007"},{"time":0.2666,"name":"CO_skil1_02/CO_skil1_02_00008"},{"time":0.3,"name":"CO_skil1_02/CO_skil1_02_00009"},{"time":0.3333,"name":"CO_skil1_02/CO_skil1_02_00010"},{"time":0.3666,"name":"CO_skil1_02/CO_skil1_02_00011"},{"time":0.4,"name":null},{"time":0.4666,"name":null}]}},"bones":{"addition":{"translate":[{"time":0,"x":0,"y":27.35}],"scale":[{"time":0,"x":0.5,"y":0.5}]}}},"item0":{"slots":{"MAIN":{"attachment":[{"time":0,"name":"CO_skil1_06/CO_skil1_06_00000"},{"time":0.0333,"name":"CO_skil1_06/CO_skil1_06_00001"},{"time":0.0666,"name":"CO_skil1_06/CO_skil1_06_00002"},{"time":0.1,"name":"CO_skil1_06/CO_skil1_06_00003"},{"time":0.1333,"name":"CO_skil1_06/CO_skil1_06_00004"},{"time":0.1666,"name":"CO_skil1_06/CO_skil1_06_00005"},{"time":0.2,"name":"CO_skil1_06/CO_skil1_06_00006"},{"time":0.2333,"name":"CO_skil1_06/CO_skil1_06_00007"},{"time":0.2666,"name":null}]}},"bones":{"normal":{"scale":[{"time":0,"x":2.5,"y":2.5}]}}},"item1":{"slots":{"skill1":{"attachment":[{"time":0,"name":"CO_skil1_01/CO_skil1_01_00000"},{"time":0.0666,"name":"CO_skil1_01/CO_skil1_01_00002"},{"time":0.1,"name":"CO_skil1_01/CO_skil1_01_00003"},{"time":0.1333,"name":"CO_skil1_01/CO_skil1_01_00004"},{"time":0.1666,"name":"CO_skil1_01/CO_skil1_01_00005"},{"time":0.2,"name":"CO_skil1_01/CO_skil1_01_00006"},{"time":0.2333,"name":"CO_skil1_01/CO_skil1_01_00007"},{"time":0.2666,"name":"CO_skil1_01/CO_skil1_01_00008"},{"time":0.3,"name":"CO_skil1_01/CO_skil1_01_00009"},{"time":0.3333,"name":"CO_skil1_01/CO_skil1_01_00010"},{"time":0.3666,"name":"CO_skil1_01/CO_skil1_01_00011"},{"time":0.4333,"name":null}],"color":[{"time":0,"color":"ffffffff","curve":"stepped"},{"time":0.3666,"color":"ffffffff"},{"time":0.4333,"color":"ffffff00"}]},"toge":{"attachment":[{"time":0,"name":"CO_skil1_01/CO_skl1_01b_00000"}],"color":[{"time":0,"color":"ffffff00"},{"time":0.1666,"color":"ffffffff"},{"time":0.4,"color":"ffffff00"}]}},"bones":{"addition":{"scale":[{"time":0,"x":2.5,"y":2.5}]}}},"item2":{"slots":{"skill5":{"attachment":[{"time":0,"name":"CO_skil1_05/CO_skil1_05_00000"},{"time":0.0666,"name":"CO_skil1_05/CO_skil1_05_00002"},{"time":0.1,"name":"CO_skil1_05/CO_skil1_05_00003"},{"time":0.1333,"name":"CO_skil1_05/CO_skil1_05_00004"},{"time":0.1666,"name":"CO_skil1_05/CO_skil1_05_00005"},{"time":0.2,"name":"CO_skil1_05/CO_skil1_05_00006"},{"time":0.2333,"name":"CO_skil1_05/CO_skil1_05_00007"},{"time":0.2666,"name":"CO_skil1_05/CO_skil1_05_00008"},{"time":0.3,"name":"CO_skil1_05/CO_skil1_05_00009"},{"time":0.3333,"name":"CO_skil1_05/CO_skil1_05_00010"},{"time":0.3666,"name":"CO_skil1_05/CO_skil1_05_00011"}],"color":[{"time":0.3,"color":"ffffffff"},{"time":0.3666,"color":"ffffff00"}]},"toge":{"attachment":[{"time":0,"name":"CO_skil1_05/CO_skl1_05b_00000"}],"color":[{"time":0,"color":"ffffff00"},{"time":0.1666,"color":"ffffffff"},{"time":0.3333,"color":"ffffff00"}]}},"bones":{"addition":{"scale":[{"time":0,"x":2.5,"y":2.5}]}}},"item3":{"slots":{"skill2":{"attachment":[{"time":0,"name":"CO_skil1_02/CO_skil1_02_00000"},{"time":0.0666,"name":"CO_skil1_02/CO_skil1_02_00002"},{"time":0.1,"name":"CO_skil1_02/CO_skil1_02_00003"},{"time":0.1333,"name":"CO_skil1_02/CO_skil1_02_00004"},{"time":0.1666,"name":"CO_skil1_02/CO_skil1_02_00005"},{"time":0.2,"name":"CO_skil1_02/CO_skil1_02_00006"},{"time":0.2333,"name":"CO_skil1_02/CO_skil1_02_00007"},{"time":0.2666,"name":"CO_skil1_02/CO_skil1_02_00008"},{"time":0.3,"name":"CO_skil1_02/CO_skil1_02_00009"},{"time":0.3333,"name":"CO_skil1_02/CO_skil1_02_00010"},{"time":0.3666,"name":"CO_skil1_02/CO_skil1_02_00011"},{"time":0.4333,"name":null}],"color":[{"time":0.3666,"color":"ffffffff"},{"time":0.4333,"color":"ffffff00"}]},"toge":{"attachment":[{"time":0,"name":"CO_skil1_02/CO_skl1_02b_00000"}],"color":[{"time":0,"color":"ffffff00"},{"time":0.1666,"color":"ffffffff"},{"time":0.4,"color":"ffffff00"}]}},"bones":{"addition":{"scale":[{"time":0,"x":2.5,"y":2.5}]}}},"item4":{"slots":{"skill3":{"attachment":[{"time":0,"name":"CO_skil1_03/CO_skil1_03_00000"},{"time":0.0666,"name":"CO_skil1_03/CO_skil1_03_00002"},{"time":0.1,"name":"CO_skil1_03/CO_skil1_03_00003"},{"time":0.1333,"name":"CO_skil1_03/CO_skil1_03_00004"},{"time":0.1666,"name":"CO_skil1_03/CO_skil1_03_00005"},{"time":0.2,"name":"CO_skil1_03/CO_skil1_03_00006"},{"time":0.2333,"name":"CO_skil1_03/CO_skil1_03_00007"},{"time":0.2666,"name":"CO_skil1_03/CO_skil1_03_00008"},{"time":0.3,"name":"CO_skil1_03/CO_skil1_03_00009"},{"time":0.3333,"name":"CO_skil1_03/CO_skil1_03_00010"},{"time":0.3666,"name":"CO_skil1_03/CO_skil1_03_00011"},{"time":0.4,"name":null}],"color":[{"time":0.3333,"color":"ffffffff"},{"time":0.4,"color":"ffffff00"}]},"toge":{"attachment":[{"time":0,"name":"CO_skil1_03/CO_skl1_03b_00000"}],"color":[{"time":0,"color":"ffffff00"},{"time":0.1666,"color":"ffffffff"},{"time":0.3666,"color":"ffffff00"}]}},"bones":{"addition":{"scale":[{"time":0,"x":2.5,"y":2.5}]}}},"item5":{"slots":{"skill4":{"attachment":[{"time":0,"name":"CO_skil1_04/CO_skil1_04_00000"},{"time":0.0666,"name":"CO_skil1_04/CO_skil1_04_00002"},{"time":0.1,"name":"CO_skil1_04/CO_skil1_04_00003"},{"time":0.1333,"name":"CO_skil1_04/CO_skil1_04_00004"},{"time":0.1666,"name":"CO_skil1_04/CO_skil1_04_00005"},{"time":0.2,"name":"CO_skil1_04/CO_skil1_04_00006"},{"time":0.2333,"name":"CO_skil1_04/CO_skil1_04_00007"},{"time":0.2666,"name":"CO_skil1_04/CO_skil1_04_00008"},{"time":0.3,"name":"CO_skil1_04/CO_skil1_04_00009"},{"time":0.3333,"name":"CO_skil1_04/CO_skil1_04_00010"},{"time":0.3666,"name":"CO_skil1_04/CO_skil1_04_00011"}],"color":[{"time":0.3,"color":"ffffffff"},{"time":0.3666,"color":"ffffff00"}]},"toge":{"attachment":[{"time":0,"name":"CO_skil1_04/CO_skl1_04b_00000"}],"color":[{"time":0,"color":"ffffff00"},{"time":0.1666,"color":"ffffffff"},{"time":0.3333,"color":"ffffff00"}]}},"bones":{"addition":{"scale":[{"time":0,"x":2.5,"y":2.5}]}}},"minemagicstone":{"slots":{"MAIN":{"attachment":[{"time":0,"name":"drop_mine_stone_l"}]}},"bones":{"normal":{"translate":[{"time":0,"x":2.36,"y":28.21,"curve":[0.25,0,0.75,1]},{"time":0.6666,"x":2.36,"y":33.34,"curve":[0.25,0,0.75,1]},{"time":0.8333,"x":2.36,"y":33.88,"curve":[0.25,0,0.75,1]},{"time":1.5,"x":2.36,"y":28.76},{"time":1.6666,"x":2.36,"y":28.21}]}}},"raredrop":{"slots":{"rare":{"attachment":[{"time":0,"name":"itemplay/UI_item_play_04_00007"},{"time":0.0333,"name":"itemplay/UI_item_play_04_00008"},{"time":0.0666,"name":"itemplay/UI_item_play_04_00009"},{"time":0.1,"name":"itemplay/UI_item_play_04_00010"},{"time":0.1333,"name":"itemplay/UI_item_play_04_00011"},{"time":0.1666,"name":"itemplay/UI_item_play_04_00012"},{"time":0.2,"name":"itemplay/UI_item_play_04_00013"},{"time":0.2333,"name":"itemplay/UI_item_play_04_00014"},{"time":0.2666,"name":"itemplay/UI_item_play_04_00015"},{"time":0.3,"name":"itemplay/UI_item_play_04_00016"}],"color":[{"time":0,"color":"ffffffff","curve":"stepped"},{"time":0.3,"color":"ffffffff"},{"time":0.4666,"color":"ffffff00"}]}},"bones":{"normal":{"translate":[{"time":0,"x":0,"y":31.87}],"scale":[{"time":0,"x":2.5,"y":2.5,"curve":"stepped"},{"time":0.3,"x":2.5,"y":2.5},{"time":0.4666,"x":4,"y":4}]}}},"shockground":{"slots":{"wave":{"attachment":[{"time":0,"name":"CO_summon_wave1/CO_summon_wave1_00001"},{"time":0.0333,"name":"CO_summon_wave1/CO_summon_wave1_00004"},{"time":0.0666,"name":"CO_summon_wave1/CO_summon_wave1_00005"},{"time":0.1,"name":"CO_summon_wave1/CO_summon_wave1_00006"},{"time":0.1333,"name":"CO_summon_wave1/CO_summon_wave1_00007"},{"time":0.1666,"name":"CO_summon_wave1/CO_summon_wave1_00008"},{"time":0.2,"name":"CO_summon_wave1/CO_summon_wave1_00009"},{"time":0.2333,"name":null}]}},"bones":{"addition2":{"scale":[{"time":0,"x":0.6,"y":0.6}]}}},"skill0":{"slots":{"MAIN":{"attachment":[{"time":0,"name":"CO_skil1_06/CO_skil1_06_00000"},{"time":0.0333,"name":"CO_skil1_06/CO_skil1_06_00001"},{"time":0.0666,"name":"CO_skil1_06/CO_skil1_06_00002"},{"time":0.1,"name":"CO_skil1_06/CO_skil1_06_00003"},{"time":0.1333,"name":"CO_skil1_06/CO_skil1_06_00004"},{"time":0.1666,"name":"CO_skil1_06/CO_skil1_06_00005"},{"time":0.2,"name":"CO_skil1_06/CO_skil1_06_00006"},{"time":0.2333,"name":"CO_skil1_06/CO_skil1_06_00007"},{"time":0.2666,"name":null}]}},"bones":{"normal":{"scale":[{"time":0,"x":2.5,"y":2.5}]}}},"skill1":{"slots":{"skill1":{"attachment":[{"time":0,"name":"CO_skil1_01/CO_skil1_01_00000"},{"time":0.0666,"name":"CO_skil1_01/CO_skil1_01_00002"},{"time":0.1,"name":"CO_skil1_01/CO_skil1_01_00003"},{"time":0.1333,"name":"CO_skil1_01/CO_skil1_01_00004"},{"time":0.1666,"name":"CO_skil1_01/CO_skil1_01_00005"},{"time":0.2,"name":"CO_skil1_01/CO_skil1_01_00006"},{"time":0.2333,"name":"CO_skil1_01/CO_skil1_01_00007"},{"time":0.2666,"name":"CO_skil1_01/CO_skil1_01_00008"},{"time":0.3,"name":"CO_skil1_01/CO_skil1_01_00009"},{"time":0.3333,"name":"CO_skil1_01/CO_skil1_01_00010"},{"time":0.3666,"name":"CO_skil1_01/CO_skil1_01_00011"},{"time":0.4333,"name":null}],"color":[{"time":0.3666,"color":"ffffffff"},{"time":0.4333,"color":"ffffff00"}]},"toge":{"attachment":[{"time":0,"name":"CO_skil1_01/CO_skl1_01b_00000"}],"color":[{"time":0,"color":"ffffff00"},{"time":0.1666,"color":"ffffffff"},{"time":0.4,"color":"ffffff00"}]},"toge2":{"attachment":[{"time":0,"name":"CO_skl1_01c_00000"}],"color":[{"time":0,"color":"ffffff00"},{"time":0.1666,"color":"ffffffff","curve":"stepped"},{"time":0.3333,"color":"ffffffff"},{"time":0.4333,"color":"ffffff00"}]}},"bones":{"addition":{"scale":[{"time":0,"x":2.5,"y":2.5}]},"addition2":{"scale":[{"time":0,"x":0,"y":0,"curve":[0.25,0,0.75,1]},{"time":0.1666,"x":2.2,"y":2.2}]}}},"skill2":{"slots":{"skill2":{"attachment":[{"time":0,"name":"CO_skil1_02/CO_skil1_02_00000"},{"time":0.0666,"name":"CO_skil1_02/CO_skil1_02_00002"},{"time":0.1,"name":"CO_skil1_02/CO_skil1_02_00003"},{"time":0.1333,"name":"CO_skil1_02/CO_skil1_02_00004"},{"time":0.1666,"name":"CO_skil1_02/CO_skil1_02_00005"},{"time":0.2,"name":"CO_skil1_02/CO_skil1_02_00006"},{"time":0.2333,"name":"CO_skil1_02/CO_skil1_02_00007"},{"time":0.2666,"name":"CO_skil1_02/CO_skil1_02_00008"},{"time":0.3,"name":"CO_skil1_02/CO_skil1_02_00009"},{"time":0.3333,"name":"CO_skil1_02/CO_skil1_02_00010"},{"time":0.3666,"name":"CO_skil1_02/CO_skil1_02_00011"},{"time":0.4333,"name":null}],"color":[{"time":0.3666,"color":"ffffffff"},{"time":0.4333,"color":"ffffff00"}]},"toge":{"attachment":[{"time":0,"name":"CO_skil1_02/CO_skl1_02b_00000"}],"color":[{"time":0,"color":"ffffff00"},{"time":0.1666,"color":"ffffffff"},{"time":0.4,"color":"ffffff00"}]},"toge2":{"attachment":[{"time":0,"name":"CO_skl1_02c_00000"}],"color":[{"time":0,"color":"ffffff00"},{"time":0.1666,"color":"ffffffff","curve":"stepped"},{"time":0.3333,"color":"ffffffff"},{"time":0.4333,"color":"ffffff00"}]}},"bones":{"addition":{"scale":[{"time":0,"x":2.5,"y":2.5}]},"addition2":{"scale":[{"time":0,"x":0,"y":0,"curve":[0.25,0,0.75,1]},{"time":0.1666,"x":2.2,"y":2.2}]}}},"skill3":{"slots":{"skill3":{"attachment":[{"time":0,"name":"CO_skil1_03/CO_skil1_03_00000"},{"time":0.0666,"name":"CO_skil1_03/CO_skil1_03_00002"},{"time":0.1,"name":"CO_skil1_03/CO_skil1_03_00003"},{"time":0.1333,"name":"CO_skil1_03/CO_skil1_03_00004"},{"time":0.1666,"name":"CO_skil1_03/CO_skil1_03_00005"},{"time":0.2,"name":"CO_skil1_03/CO_skil1_03_00006"},{"time":0.2333,"name":"CO_skil1_03/CO_skil1_03_00007"},{"time":0.2666,"name":"CO_skil1_03/CO_skil1_03_00008"},{"time":0.3,"name":"CO_skil1_03/CO_skil1_03_00009"},{"time":0.3333,"name":"CO_skil1_03/CO_skil1_03_00010"},{"time":0.3666,"name":"CO_skil1_03/CO_skil1_03_00011"},{"time":0.4,"name":null}],"color":[{"time":0.3333,"color":"ffffffff"},{"time":0.4,"color":"ffffff00"}]},"toge":{"attachment":[{"time":0,"name":"CO_skil1_03/CO_skl1_03b_00000"}],"color":[{"time":0,"color":"ffffff00"},{"time":0.1666,"color":"ffffffff"},{"time":0.3666,"color":"ffffff00"}]},"toge2":{"attachment":[{"time":0,"name":"CO_skl1_03c_00000"}],"color":[{"time":0,"color":"ffffff00"},{"time":0.1666,"color":"ffffffff","curve":"stepped"},{"time":0.3,"color":"ffffffff"},{"time":0.4,"color":"ffffff00"}]}},"bones":{"addition":{"scale":[{"time":0,"x":2.5,"y":2.5}]},"addition2":{"scale":[{"time":0,"x":0,"y":0,"curve":[0.25,0,0.75,1]},{"time":0.1666,"x":2.2,"y":2.2}]}}},"skill4":{"slots":{"skill4":{"attachment":[{"time":0,"name":"CO_skil1_04/CO_skil1_04_00000"},{"time":0.0666,"name":"CO_skil1_04/CO_skil1_04_00002"},{"time":0.1,"name":"CO_skil1_04/CO_skil1_04_00003"},{"time":0.1333,"name":"CO_skil1_04/CO_skil1_04_00004"},{"time":0.1666,"name":"CO_skil1_04/CO_skil1_04_00005"},{"time":0.2,"name":"CO_skil1_04/CO_skil1_04_00006"},{"time":0.2333,"name":"CO_skil1_04/CO_skil1_04_00007"},{"time":0.2666,"name":"CO_skil1_04/CO_skil1_04_00008"},{"time":0.3,"name":"CO_skil1_04/CO_skil1_04_00009"},{"time":0.3333,"name":"CO_skil1_04/CO_skil1_04_00010"},{"time":0.3666,"name":"CO_skil1_04/CO_skil1_04_00011"}],"color":[{"time":0.3,"color":"ffffffff"},{"time":0.3666,"color":"ffffff00"}]},"toge":{"attachment":[{"time":0,"name":"CO_skil1_04/CO_skl1_04b_00000"}],"color":[{"time":0,"color":"ffffff00"},{"time":0.1666,"color":"ffffffff"},{"time":0.3333,"color":"ffffff00"}]},"toge2":{"attachment":[{"time":0,"name":"CO_skl1_04c_00000"}],"color":[{"time":0,"color":"ffffff00"},{"time":0.1666,"color":"ffffffff","curve":"stepped"},{"time":0.2666,"color":"ffffffff"},{"time":0.3666,"color":"ffffff00"}]}},"bones":{"addition":{"scale":[{"time":0,"x":2.5,"y":2.5}]},"addition2":{"scale":[{"time":0,"x":0,"y":0,"curve":[0.25,0,0.75,1]},{"time":0.1666,"x":2.2,"y":2.2}]}}},"skill5":{"slots":{"skill5":{"attachment":[{"time":0,"name":"CO_skil1_05/CO_skil1_05_00000"},{"time":0.0666,"name":"CO_skil1_05/CO_skil1_05_00002"},{"time":0.1,"name":"CO_skil1_05/CO_skil1_05_00003"},{"time":0.1333,"name":"CO_skil1_05/CO_skil1_05_00004"},{"time":0.1666,"name":"CO_skil1_05/CO_skil1_05_00005"},{"time":0.2,"name":"CO_skil1_05/CO_skil1_05_00006"},{"time":0.2333,"name":"CO_skil1_05/CO_skil1_05_00007"},{"time":0.2666,"name":"CO_skil1_05/CO_skil1_05_00008"},{"time":0.3,"name":"CO_skil1_05/CO_skil1_05_00009"},{"time":0.3333,"name":"CO_skil1_05/CO_skil1_05_00010"},{"time":0.3666,"name":"CO_skil1_05/CO_skil1_05_00011"}],"color":[{"time":0.3,"color":"ffffffff"},{"time":0.3666,"color":"ffffff00"}]},"toge":{"attachment":[{"time":0,"name":"CO_skil1_05/CO_skl1_05b_00000"}],"color":[{"time":0,"color":"ffffff00"},{"time":0.1666,"color":"ffffffff"},{"time":0.3333,"color":"ffffff00"}]},"toge2":{"attachment":[{"time":0,"name":"CO_skl1_05c_00000"}],"color":[{"time":0,"color":"ffffff00"},{"time":0.1666,"color":"ffffffff","curve":"stepped"},{"time":0.2666,"color":"ffffffff"},{"time":0.3666,"color":"ffffff00"}]}},"bones":{"addition":{"scale":[{"time":0,"x":2.5,"y":2.5}]},"addition2":{"scale":[{"time":0,"x":0,"y":0,"curve":[0.25,0,0.75,1]},{"time":0.1666,"x":2.2,"y":2.2}]}}},"sp":{"slots":{"MAIN":{"attachment":[{"time":0,"name":"sp"},{"time":2.6666,"name":"sp"}]}},"bones":{"normal":{"translate":[{"time":0,"x":0,"y":30.44,"curve":[0.25,0,0.75,1]},{"time":1.3333,"x":0,"y":26.58,"curve":[0.25,0,0.75,1]},{"time":2.6666,"x":0,"y":30.44}],"scale":[{"time":0,"x":1,"y":1}]},"addition":{"translate":[{"time":0,"x":0,"y":6.99}],"scale":[{"time":0,"x":1.244,"y":1.244}]}},"drawOrder":[{"time":0.1}]},"summon":{"slots":{"particle":{"attachment":[{"time":0.2333,"name":"CO_summon_pt1/CO_summon_pt1_00001"},{"time":0.2666,"name":"CO_summon_pt1/CO_summon_pt1_00002"},{"time":0.3,"name":"CO_summon_pt1/CO_summon_pt1_00003"},{"time":0.3333,"name":"CO_summon_pt1/CO_summon_pt1_00004"},{"time":0.3666,"name":"CO_summon_pt1/CO_summon_pt1_00005"},{"time":0.4,"name":"CO_summon_pt1/CO_summon_pt1_00006"},{"time":0.4333,"name":"CO_summon_pt1/CO_summon_pt1_00007"},{"time":0.4666,"name":"CO_summon_pt1/CO_summon_pt1_00008"},{"time":0.5,"name":"CO_summon_pt1/CO_summon_pt1_00009"},{"time":0.5333,"name":"CO_summon_pt1/CO_summon_pt1_00010"},{"time":0.5666,"name":"CO_summon_pt1/CO_summon_pt1_00011"},{"time":0.6,"name":"CO_summon_pt1/CO_summon_pt1_00012"},{"time":0.6333,"name":"CO_summon_pt1/CO_summon_pt1_00013"},{"time":0.6666,"name":"CO_summon_pt1/CO_summon_pt1_00014"}],"color":[{"time":0.3333,"color":"ffffffff"},{"time":0.6666,"color":"ffffff00"}]},"tower1":{"attachment":[{"time":0,"name":"CO_summon_tower1/CO_summon_tower1_00001"}],"color":[{"time":0,"color":"ffffffff"},{"time":0.3,"color":"ffffff00"}]},"tower2":{"attachment":[{"time":0,"name":"CO_summon_tower2/CO_summon_tower2_00001"},{"time":0.0666,"name":"CO_summon_tower2/CO_summon_tower2_00002"},{"time":0.1333,"name":"CO_summon_tower2/CO_summon_tower2_00007"},{"time":0.2,"name":"CO_summon_tower2/CO_summon_tower2_00009"}],"color":[{"time":0,"color":"ffffffff"},{"time":0.2666,"color":"ffffff00"}]},"wave":{"attachment":[{"time":0,"name":"CO_summon_wave1/CO_summon_wave1_00001"},{"time":0.0333,"name":"CO_summon_wave1/CO_summon_wave1_00002"},{"time":0.0666,"name":"CO_summon_wave1/CO_summon_wave1_00003"},{"time":0.1,"name":"CO_summon_wave1/CO_summon_wave1_00004"},{"time":0.1333,"name":"CO_summon_wave1/CO_summon_wave1_00005"},{"time":0.1666,"name":"CO_summon_wave1/CO_summon_wave1_00006"},{"time":0.2,"name":"CO_summon_wave1/CO_summon_wave1_00007"},{"time":0.2333,"name":"CO_summon_wave1/CO_summon_wave1_00008"},{"time":0.2666,"name":"CO_summon_wave1/CO_summon_wave1_00009"},{"time":0.3,"name":null}]}},"bones":{"addition":{"translate":[{"time":0,"x":0,"y":104.3},{"time":0.0333,"x":0,"y":103.91}],"scale":[{"time":0,"x":0.5,"y":1,"curve":[0.25,0,0.75,1]},{"time":0.0333,"x":1.4,"y":1,"curve":[0.25,0,0.75,1]},{"time":0.1666,"x":1.6,"y":1,"curve":[0.25,0,0.75,1]},{"time":0.3,"x":0,"y":1}]},"addition2":{"scale":[{"time":0,"x":0.6,"y":0.6}]},"root":{"scale":[{"time":0,"x":3,"y":3}]}}},"summon_2":{"slots":{"tower_line_rainbow/tower_line_rainbow_00001":{"attachment":[{"time":0,"name":"tower_line_rainbow/tower_line_rainbow_00001"},{"time":0.0333,"name":"tower_line_rainbow/tower_line_rainbow_00002"},{"time":0.0666,"name":"tower_line_rainbow/tower_line_rainbow_00003"},{"time":0.1,"name":"tower_line_rainbow/tower_line_rainbow_00004"},{"time":0.1333,"name":"tower_line_rainbow/tower_line_rainbow_00005"},{"time":0.1666,"name":"tower_line_rainbow/tower_line_rainbow_00006"},{"time":0.2,"name":"tower_line_rainbow/tower_line_rainbow_00007"},{"time":0.2333,"name":"tower_line_rainbow/tower_line_rainbow_00008"},{"time":0.3,"name":null}],"color":[{"time":0,"color":"ffffffbf","curve":[0.224,0.66,0.75,1]},{"time":0.3,"color":"ffffff00"}]},"tower_rainbow 2/tower_rainbow 2_00001":{"attachment":[{"time":0.2,"name":"tower_rainbow 2/tower_rainbow 2_00005"},{"time":0.2333,"name":"tower_rainbow 2/tower_rainbow 2_00006"},{"time":0.3,"name":"tower_rainbow 2/tower_rainbow 2_00007"},{"time":0.3666,"name":"tower_rainbow 2/tower_rainbow 2_00008"},{"time":0.4333,"name":"tower_rainbow 2/tower_rainbow 2_00009"},{"time":0.5,"name":"tower_rainbow 2/tower_rainbow 2_00010"},{"time":0.5666,"name":"tower_rainbow 2/tower_rainbow 2_00011"},{"time":0.6333,"name":"tower_rainbow 2/tower_rainbow 2_00012"},{"time":0.7,"name":"tower_rainbow 2/tower_rainbow 2_00013"},{"time":0.7666,"name":null}],"color":[{"time":0.4,"color":"ffffffff"},{"time":0.7666,"color":"ffffff00"}]},"tower_rainbow/tower_rainbow_00001":{"attachment":[{"time":0,"name":"tower_rainbow/tower_rainbow_00001"}]},"wave_rainbow/wave_rainbow_00004":{"attachment":[{"time":0,"name":"wave_rainbow/wave_rainbow_00004"},{"time":0.0333,"name":"wave_rainbow/wave_rainbow_00005"},{"time":0.0666,"name":"wave_rainbow/wave_rainbow_00006"},{"time":0.1,"name":"wave_rainbow/wave_rainbow_00007"},{"time":0.1333,"name":"wave_rainbow/wave_rainbow_00008"},{"time":0.1666,"name":"wave_rainbow/wave_rainbow_00009"},{"time":0.2,"name":"wave_rainbow/wave_rainbow_00010"},{"time":0.2333,"name":"wave_rainbow/wave_rainbow_00011"},{"time":0.3,"name":null}],"color":[{"time":0.2333,"color":"ffffffff"},{"time":0.3,"color":"ffffff00"}]},"wave_rainbow/wave_rainbow_4":{"attachment":[{"time":0.1333,"name":"wave_rainbow/wave_rainbow_00004"},{"time":0.1666,"name":"wave_rainbow/wave_rainbow_00005"},{"time":0.2,"name":"wave_rainbow/wave_rainbow_00006"},{"time":0.2333,"name":"wave_rainbow/wave_rainbow_00007"},{"time":0.2666,"name":"wave_rainbow/wave_rainbow_00008"},{"time":0.3,"name":"wave_rainbow/wave_rainbow_00009"},{"time":0.3333,"name":"wave_rainbow/wave_rainbow_00010"},{"time":0.3666,"name":"wave_rainbow/wave_rainbow_00011"},{"time":0.4333,"name":null}],"color":[{"time":0.3666,"color":"ffffffff"},{"time":0.4333,"color":"ffffff00"}]}},"bones":{"wave_rainbow_1":{"translate":[{"time":0,"x":-7,"y":0}],"scale":[{"time":0,"x":0.6,"y":0.6}]},"tower_line_rainbow":{"translate":[{"time":0,"x":-7,"y":-6.19}],"scale":[{"time":0,"x":0.5,"y":1,"curve":[0.25,0,0.75,1]},{"time":0.0333,"x":1.4,"y":1,"curve":[0.25,0,0.75,1]},{"time":0.1666,"x":1.6,"y":1,"curve":[0.25,0,0.75,1]},{"time":0.3,"x":0,"y":1}]},"tower_rainbow":{"translate":[{"time":0,"x":-7,"y":0}],"scale":[{"time":0,"x":0.5,"y":1,"curve":[0.25,0,0.75,1]},{"time":0.0333,"x":1.4,"y":1,"curve":[0.25,0,0.75,1]},{"time":0.1666,"x":1.6,"y":1,"curve":[0.25,0,0.75,1]},{"time":0.3,"x":0,"y":1}]},"tower_rainbow 2":{"translate":[{"time":0,"x":-7,"y":-13.08}],"scale":[{"time":0,"x":0.421,"y":1},{"time":0.2,"x":1,"y":1,"curve":[0.236,0.89,0.75,1]},{"time":0.7666,"x":1.085,"y":1.035}]},"root":{"translate":[{"time":0,"x":0,"y":0}],"scale":[{"time":0,"x":3,"y":3}]},"wave_rainbow_2":{"translate":[{"time":0,"x":-7,"y":0}],"scale":[{"time":0,"x":0.645,"y":0.645}]}}},"summon_3":{"slots":{"rainbow_wave1_1":{"attachment":[{"time":0.0666,"name":"550_S2_wave1_DOT/550_S2_wave1_00039"},{"time":0.1333,"name":"550_S2_wave1_DOT/550_S2_wave1_00041"},{"time":0.2,"name":"550_S2_wave1_DOT/550_S2_wave1_00043"},{"time":0.2666,"name":"550_S2_wave1_DOT/550_S2_wave1_00045"},{"time":0.3333,"name":"550_S2_wave1_DOT/550_S2_wave1_00047"},{"time":0.4,"name":"550_S2_wave1_DOT/550_S2_wave1_00049"},{"time":0.4666,"name":null}],"color":[{"time":0.3666,"color":"ffffffff"},{"time":0.4666,"color":"ffffff00"}]},"skill1":{"attachment":[{"time":0,"name":"CO_skil1_01/CO_skil1_01_00000"},{"time":0.0666,"name":"CO_skil1_01/CO_skil1_01_00002"},{"time":0.1,"name":"CO_skil1_01/CO_skil1_01_00003"},{"time":0.1333,"name":"CO_skil1_01/CO_skil1_01_00004"},{"time":0.1666,"name":"CO_skil1_01/CO_skil1_01_00005"},{"time":0.2,"name":"CO_skil1_01/CO_skil1_01_00006"},{"time":0.2333,"name":"CO_skil1_01/CO_skil1_01_00007"},{"time":0.2666,"name":"CO_skil1_01/CO_skil1_01_00008"},{"time":0.3,"name":"CO_skil1_01/CO_skil1_01_00009"},{"time":0.3333,"name":"CO_skil1_01/CO_skil1_01_00010"},{"time":0.3666,"name":"CO_skil1_01/CO_skil1_01_00011"}],"color":[{"time":0.3,"color":"ffffffff"},{"time":0.3666,"color":"ffffff00"}]},"skill2":{"attachment":[{"time":0,"name":"CO_skil1_02/CO_skil1_02_00000"},{"time":0.0666,"name":"CO_skil1_02/CO_skil1_02_00002"},{"time":0.1,"name":"CO_skil1_02/CO_skil1_02_00003"},{"time":0.1333,"name":"CO_skil1_02/CO_skil1_02_00004"},{"time":0.1666,"name":"CO_skil1_02/CO_skil1_02_00005"},{"time":0.2,"name":"CO_skil1_02/CO_skil1_02_00006"},{"time":0.2333,"name":"CO_skil1_02/CO_skil1_02_00007"},{"time":0.2666,"name":"CO_skil1_02/CO_skil1_02_00008"},{"time":0.3,"name":"CO_skil1_02/CO_skil1_02_00009"},{"time":0.3333,"name":"CO_skil1_02/CO_skil1_02_00010"},{"time":0.3666,"name":"CO_skil1_02/CO_skil1_02_00011"}],"color":[{"time":0.3,"color":"ffffffff"},{"time":0.3666,"color":"ffffff00"}]},"skill4":{"attachment":[{"time":0,"name":"CO_skil1_04/CO_skil1_04_00000"},{"time":0.0666,"name":"CO_skil1_04/CO_skil1_04_00002"},{"time":0.1,"name":"CO_skil1_04/CO_skil1_04_00003"},{"time":0.1333,"name":"CO_skil1_04/CO_skil1_04_00004"},{"time":0.1666,"name":"CO_skil1_04/CO_skil1_04_00005"},{"time":0.2,"name":"CO_skil1_04/CO_skil1_04_00006"},{"time":0.2333,"name":"CO_skil1_04/CO_skil1_04_00007"},{"time":0.2666,"name":"CO_skil1_04/CO_skil1_04_00008"},{"time":0.3,"name":"CO_skil1_04/CO_skil1_04_00009"},{"time":0.3333,"name":"CO_skil1_04/CO_skil1_04_00010"},{"time":0.3666,"name":"CO_skil1_04/CO_skil1_04_00011"}],"color":[{"time":0.3,"color":"ffffffff"},{"time":0.3666,"color":"ffffff00"}]},"toge2":{"attachment":[{"time":0,"name":"CO_skl1_01c_00000"}],"color":[{"time":0,"color":"ffffff00"},{"time":0.1666,"color":"ffffffff","curve":"stepped"},{"time":0.2666,"color":"ffffffff"},{"time":0.3666,"color":"ffffff00"}]},"toge3":{"attachment":[{"time":0,"name":"CO_skl1_02c_00000"}],"color":[{"time":0,"color":"ffffff00"},{"time":0.1666,"color":"ffffffff","curve":"stepped"},{"time":0.2666,"color":"ffffffff"},{"time":0.3666,"color":"ffffff00"}]},"tower_rainbow 2/tower_rainbow 2_00001":{"attachment":[{"time":0.2333,"name":"tower_rainbow 2/tower_rainbow 2_00005"},{"time":0.3,"name":"tower_rainbow 2/tower_rainbow 2_00006"},{"time":0.3666,"name":"tower_rainbow 2/tower_rainbow 2_00007"},{"time":0.4333,"name":"tower_rainbow 2/tower_rainbow 2_00008"},{"time":0.5,"name":"tower_rainbow 2/tower_rainbow 2_00009"},{"time":0.5666,"name":"tower_rainbow 2/tower_rainbow 2_00010"},{"time":0.6333,"name":"tower_rainbow 2/tower_rainbow 2_00011"},{"time":0.7,"name":"tower_rainbow 2/tower_rainbow 2_00012"},{"time":0.7666,"name":"tower_rainbow 2/tower_rainbow 2_00013"},{"time":0.8333,"name":null}],"color":[{"time":0.2333,"color":"ffffffff","curve":"stepped"},{"time":0.6666,"color":"ffffffff","curve":[0.446,0.15,0.788,0.48]},{"time":0.8333,"color":"ffffff00"}]},"tower_rainbow 2/tower_rainbow 2_1":{"attachment":[{"time":0.2,"name":"tower_rainbow 2/tower_rainbow 2_00005"},{"time":0.2666,"name":"tower_rainbow 2/tower_rainbow 2_00006"},{"time":0.3333,"name":"tower_rainbow 2/tower_rainbow 2_00007"},{"time":0.4,"name":"tower_rainbow 2/tower_rainbow 2_00008"},{"time":0.4666,"name":"tower_rainbow 2/tower_rainbow 2_00009"},{"time":0.5333,"name":"tower_rainbow 2/tower_rainbow 2_00010"},{"time":0.6,"name":"tower_rainbow 2/tower_rainbow 2_00011"},{"time":0.6666,"name":"tower_rainbow 2/tower_rainbow 2_00012"},{"time":0.7333,"name":"tower_rainbow 2/tower_rainbow 2_00013"},{"time":0.8,"name":null}],"color":[{"time":0.6333,"color":"ffffffff","curve":[0.446,0.15,0.788,0.48]},{"time":0.8,"color":"ffffff00"}]},"tower_rainbow 2/tower_rainbow 2_2":{"attachment":[{"time":0.2,"name":"tower_rainbow 2/tower_rainbow 2_00005"},{"time":0.2666,"name":"tower_rainbow 2/tower_rainbow 2_00006"},{"time":0.3333,"name":"tower_rainbow 2/tower_rainbow 2_00007"},{"time":0.4,"name":"tower_rainbow 2/tower_rainbow 2_00008"},{"time":0.4666,"name":"tower_rainbow 2/tower_rainbow 2_00009"},{"time":0.5333,"name":"tower_rainbow 2/tower_rainbow 2_00010"},{"time":0.6,"name":"tower_rainbow 2/tower_rainbow 2_00011"},{"time":0.6666,"name":"tower_rainbow 2/tower_rainbow 2_00012"},{"time":0.7333,"name":"tower_rainbow 2/tower_rainbow 2_00013"},{"time":0.8,"name":null}],"color":[{"time":0.6333,"color":"ffffffff","curve":[0.446,0.15,0.788,0.48]},{"time":0.8,"color":"ffffff00"}]}},"bones":{"tower_rainbow 2":{"translate":[{"time":0.2333,"x":-6.82,"y":-183.6,"curve":[0.269,0.5,0.464,0.8]},{"time":0.8333,"x":-6.82,"y":-173.6}],"scale":[{"time":0.2333,"x":1.5,"y":1.5,"curve":[0.153,0.5,0.542,0.89]},{"time":0.8333,"x":1.6,"y":1.6}]},"tower_rainbow 3":{"translate":[{"time":0.2,"x":74.09,"y":-177.5,"curve":[0.269,0.5,0.464,0.8]},{"time":0.8,"x":84.1,"y":-177.5}],"scale":[{"time":0.2,"x":1.4,"y":1.4,"curve":[0.153,0.5,0.542,0.89]},{"time":0.8,"x":1.5,"y":1.5}]},"tower_rainbow 4":{"translate":[{"time":0.2,"x":-98.73,"y":-177.5,"curve":[0.269,0.5,0.464,0.8]},{"time":0.8,"x":-108.73,"y":-177.5}],"scale":[{"time":0.2,"x":-1.3,"y":1.3,"curve":[0.153,0.5,0.542,0.89]},{"time":0.8,"x":-1.4,"y":1.4}]},"addition2":{"scale":[{"time":0,"x":0,"y":0,"curve":[0.25,0,0.75,1]},{"time":0.1666,"x":3.3,"y":3.3}]},"rainbow_wave1_1":{"rotate":[{"time":0.0666,"angle":0}],"translate":[{"time":0.0666,"x":0,"y":0}],"scale":[{"time":0.0666,"x":3,"y":3,"curve":[0.272,0.56,0.485,0.74]},{"time":0.4666,"x":2,"y":2}]},"addition":{"scale":[{"time":0,"x":3,"y":3}]}}},"unit":{"slots":{"MAIN":{"attachment":[{"time":0,"name":"unit"}]}},"bones":{"normal":{"translate":[{"time":0,"x":2.36,"y":28.21,"curve":[0.25,0,0.75,1]},{"time":0.6666,"x":2.36,"y":33.34,"curve":[0.25,0,0.75,1]},{"time":0.8333,"x":2.36,"y":33.88,"curve":[0.25,0,0.75,1]},{"time":1.5,"x":2.36,"y":28.76},{"time":1.6666,"x":2.36,"y":28.21}]}}}}}