{"skeleton":{"hash":"mFv7CI0xWnFvDPJ7hJOF7yhUq/Q","spine":"3.0.12","width":100.24,"height":100.24},"bones":[{"name":"root"},{"name":"normal","parent":"root"}],"slots":[{"name":"MAIN","bone":"normal","attachment":"ether1/ether1_00001"}],"skins":{"default":{"MAIN":{"ether1/ether1_00001":{"rotation":0.13,"width":100,"height":100},"ether1/ether1_00003":{"width":100,"height":100},"ether1/ether1_00005":{"width":100,"height":100},"ether1/ether1_00007":{"width":100,"height":100},"ether1/ether1_00009":{"width":100,"height":100},"ether1/ether1_00011":{"width":100,"height":100},"ether1/ether1_00013":{"width":100,"height":100},"ether1/ether1_00015":{"width":100,"height":100},"ether1/ether1_00017":{"width":100,"height":100},"ether1/ether1_00019":{"width":100,"height":100},"ether1/ether1_00021":{"width":100,"height":100},"ether1/ether1_00023":{"width":100,"height":100},"ether1/ether1_00025":{"width":100,"height":100},"ether1/ether1_00027":{"width":100,"height":100}}}},"animations":{"sp":{"slots":{"MAIN":{"attachment":[{"time":0,"name":"ether1/ether1_00001"},{"time":0.1,"name":"ether1/ether1_00003"},{"time":0.2,"name":"ether1/ether1_00005"},{"time":0.3,"name":"ether1/ether1_00007"},{"time":0.4,"name":"ether1/ether1_00009"},{"time":0.5,"name":"ether1/ether1_00011"},{"time":0.6,"name":"ether1/ether1_00013"},{"time":0.7,"name":"ether1/ether1_00015"},{"time":0.8,"name":"ether1/ether1_00017"},{"time":0.9,"name":"ether1/ether1_00019"},{"time":1,"name":"ether1/ether1_00021"},{"time":1.1,"name":"ether1/ether1_00023"},{"time":1.2,"name":"ether1/ether1_00025"},{"time":1.3,"name":"ether1/ether1_00027"},{"time":1.4,"name":"ether1/ether1_00025"},{"time":1.5,"name":"ether1/ether1_00023"},{"time":1.6,"name":"ether1/ether1_00021"},{"time":1.7,"name":"ether1/ether1_00019"},{"time":1.8,"name":"ether1/ether1_00017"},{"time":1.9,"name":"ether1/ether1_00015"},{"time":2,"name":"ether1/ether1_00013"},{"time":2.1,"name":"ether1/ether1_00011"},{"time":2.2,"name":"ether1/ether1_00009"},{"time":2.3,"name":"ether1/ether1_00007"},{"time":2.4,"name":"ether1/ether1_00005"},{"time":2.5,"name":"ether1/ether1_00003"},{"time":2.6,"name":"ether1/ether1_00001"}],"color":[{"time":0,"color":"ffffffff"},{"time":0.3333,"color":"ffffffa4"},{"time":0.6666,"color":"ffffffff"},{"time":1,"color":"ffffffa4"},{"time":1.3333,"color":"ffffffff"},{"time":1.6666,"color":"ffffffa4"},{"time":2,"color":"ffffffff"},{"time":2.3333,"color":"ffffffa4"},{"time":2.6,"color":"ffffffff"}]}},"bones":{"normal":{"translate":[{"time":0,"x":0,"y":0,"curve":[0.25,0,0.75,1]},{"time":1.3333,"x":0,"y":4,"curve":[0.25,0,0.75,1]},{"time":2.6,"x":0,"y":0}],"scale":[{"time":0,"x":1.1,"y":1.1},{"time":1.3333,"x":1,"y":1},{"time":2.6,"x":1.1,"y":1.1}]}}}}}