{"skeleton":{"hash":"3req2jHLdJYcn0dBLulJAQNaGHc","spine":"3.0.12","width":0,"height":0},"bones":[{"name":"root"},{"name":"normal2","parent":"root"},{"name":"normal","parent":"root"},{"name":"body","parent":"root"},{"name":"sub","parent":"root"},{"name":"sub2","parent":"root"},{"name":"sub3","parent":"root"},{"name":"sub4","parent":"root"}],"slots":[{"name":"body","bone":"body","blend":"additive"},{"name":"sub2","bone":"sub2","blend":"additive"},{"name":"sub","bone":"sub","blend":"additive"},{"name":"normal1","bone":"normal"},{"name":"normal3","bone":"normal2"},{"name":"normal","bone":"normal"},{"name":"cutin","bone":"body","blend":"additive"},{"name":"itemplay","bone":"body","blend":"additive"},{"name":"touch","bone":"body"},{"name":"eff1","bone":"sub3","blend":"additive"},{"name":"eff2","bone":"sub4","blend":"additive"},{"name":"eff3","bone":"sub4","blend":"additive"},{"name":"bossgage_1","bone":"sub4","blend":"additive"},{"name":"bossgage_loop","bone":"sub4","blend":"additive"}],"skins":{"default":{"body":{"image/UI_skl2/UI_skl2_00000":{"width":200,"height":200},"image/UI_skl2/UI_skl2_00002":{"width":200,"height":200},"image/UI_skl2/UI_skl2_00004":{"width":200,"height":200},"image/UI_skl2/UI_skl2_00006":{"width":200,"height":200},"image/UI_skl2/UI_skl2_00008":{"width":200,"height":200},"image/UI_skl2/UI_skl2_00010":{"width":200,"height":200},"image/UI_skl2/UI_skl2_00012":{"width":200,"height":200},"image/UI_skl2/UI_skl2_00014":{"width":200,"height":200},"image/UI_skl2/UI_skl2_00016":{"width":200,"height":200},"image/UI_skl2/UI_skl2_00018":{"width":200,"height":200},"image/UI_skl2/UI_skl2_00020":{"width":200,"height":200},"image/UI_skl2/UI_skl2_00022":{"width":200,"height":200},"image/UI_skl2/UI_skl2_00023":{"width":200,"height":200},"image/UI_skl2_03/UI_skl2_03_00000":{"width":120,"height":120},"image/UI_skl2_03/UI_skl2_03_00002":{"width":120,"height":120},"image/UI_skl2_03/UI_skl2_03_00004":{"width":120,"height":120},"image/UI_skl2_03/UI_skl2_03_00006":{"width":120,"height":120},"image/UI_skl2_03/UI_skl2_03_00008":{"width":120,"height":120},"image/UI_skl2_03/UI_skl2_03_00010":{"width":120,"height":120},"image/UI_skl2_03/UI_skl2_03_00012":{"width":120,"height":120},"image/UI_skl2_03/UI_skl2_03_00014":{"width":120,"height":120},"image/UI_skl2_03/UI_skl2_03_00016":{"width":120,"height":120},"image/UI_skl2_03/UI_skl2_03_00018":{"width":120,"height":120},"image/UI_skl2_03/UI_skl2_03_00020":{"width":120,"height":120},"image/UI_skl2_03/UI_skl2_03_00022":{"width":120,"height":120},"image/UI_skl2_03/UI_skl2_03_00023":{"width":120,"height":120},"image/UI_wave2_01/boss_skl_00001":{"width":250,"height":250},"image/UI_wave2_01/boss_skl_00002":{"width":250,"height":250},"image/UI_wave2_01/boss_skl_00003":{"width":250,"height":250},"image/UI_wave2_01/boss_skl_00004":{"width":250,"height":250},"image/UI_wave2_01/boss_skl_00005":{"width":250,"height":250},"image/UI_wave2_01/boss_skl_00006":{"width":250,"height":250},"image/UI_wave2_01/boss_skl_00007":{"width":250,"height":250},"image/UI_wave2_01/boss_skl_00008":{"width":250,"height":250},"image/UI_wave2_01/boss_skl_00009":{"width":250,"height":250},"image/UI_wave2_01/boss_skl_00010":{"width":250,"height":250}},"bossgage_1":{"image/CO_bossgage/CO_bossgage2b_00001":{"width":250,"height":250},"image/CO_bossgage/CO_bossgage2b_00003":{"width":250,"height":250},"image/CO_bossgage/CO_bossgage2b_00005":{"width":250,"height":250},"image/CO_bossgage/CO_bossgage2b_00007":{"width":250,"height":250},"image/CO_bossgage/CO_bossgage2b_00009":{"width":250,"height":250},"image/CO_bossgage/CO_bossgage2b_00011":{"width":250,"height":250},"image/CO_bossgage/CO_bossgage2b_00013":{"width":250,"height":250},"image/CO_bossgage/CO_bossgage2b_00015":{"width":250,"height":250},"image/CO_bossgage/CO_bossgage2b_00017":{"width":250,"height":250},"image/CO_bossgage/CO_bossgage2b_00018":{"width":250,"height":250},"image/CO_bossgage/CO_bossgage2b_00019":{"width":250,"height":250},"image/CO_bossgage/CO_bossgage2b_00020":{"width":250,"height":250},"image/CO_bossgage/CO_bossgage2b_00021":{"width":250,"height":250},"image/CO_bossgage/CO_bossgage2b_00022":{"width":250,"height":250},"image/CO_bossgage/CO_bossgage2b_00023":{"width":250,"height":250},"image/CO_bossgage/CO_bossgage2b_00024":{"width":250,"height":250}},"bossgage_loop":{"image/CO_bossgage/CO_bossgage2a_00001":{"width":250,"height":250},"image/CO_bossgage/CO_bossgage2a_00003":{"width":250,"height":250},"image/CO_bossgage/CO_bossgage2a_00005":{"width":250,"height":250},"image/CO_bossgage/CO_bossgage2a_00007":{"width":250,"height":250},"image/CO_bossgage/CO_bossgage2a_00009":{"width":250,"height":250},"image/CO_bossgage/CO_bossgage2a_00011":{"width":250,"height":250},"image/CO_bossgage/CO_bossgage2a_00013":{"width":250,"height":250},"image/CO_bossgage/CO_bossgage2a_00015":{"width":250,"height":250},"image/CO_bossgage/CO_bossgage2a_00017":{"width":250,"height":250},"image/CO_bossgage/CO_bossgage2a_00019":{"width":250,"height":250},"image/CO_bossgage/CO_bossgage2a_00021":{"width":250,"height":250},"image/CO_bossgage/CO_bossgage2a_00023":{"width":250,"height":250},"image/CO_bossgage/CO_bossgage2a_00025":{"width":250,"height":250},"image/CO_bossgage/CO_bossgage2a_00027":{"width":250,"height":250},"image/CO_bossgage/CO_bossgage2a_00029":{"width":250,"height":250}},"cutin":{"image/UI_cutin_wave1/UI_cutin_wave1_00001":{"width":250,"height":250},"image/UI_cutin_wave1/UI_cutin_wave1_00002":{"width":250,"height":250},"image/UI_cutin_wave1/UI_cutin_wave1_00003":{"width":250,"height":250},"image/UI_cutin_wave1/UI_cutin_wave1_00004":{"width":250,"height":250},"image/UI_cutin_wave1/UI_cutin_wave1_00005":{"width":250,"height":250},"image/UI_cutin_wave1/UI_cutin_wave1_00006":{"width":250,"height":250},"image/UI_cutin_wave1/UI_cutin_wave1_00007":{"width":250,"height":250},"image/UI_cutin_wave1/UI_cutin_wave1_00008":{"width":250,"height":250},"image/UI_cutin_wave1/UI_cutin_wave1_00009":{"width":250,"height":250},"image/UI_cutin_wave1/UI_cutin_wave1_00010":{"width":250,"height":250}},"eff1":{"image/CO_skill/CO_skill1a_00012":{"width":300,"height":300},"image/CO_skill/CO_skill1a_00013":{"width":300,"height":300},"image/CO_skill/CO_skill1a_00014":{"width":300,"height":300},"image/CO_skill/CO_skill1a_00015":{"width":300,"height":300},"image/CO_skill/CO_skill1a_00016":{"width":300,"height":300},"image/CO_skill/CO_skill1a_00017":{"width":300,"height":300},"image/CO_skill/CO_skill1a_00018":{"width":300,"height":300},"image/CO_skill/CO_skill1a_00019":{"width":300,"height":300},"image/CO_skill/CO_skill1a_00020":{"width":300,"height":300}},"eff2":{"image/CO_skill/CO_skill1b_00007":{"x":71.81,"width":300,"height":300}},"eff3":{"image/CO_skill/CO_skill1b_00007":{"x":-76.34,"y":1.94,"width":300,"height":300}},"itemplay":{"image/UI_item_play_01/UI_item_play_01_00008":{"width":250,"height":250},"image/UI_item_play_01/UI_item_play_01_00009":{"width":250,"height":250},"image/UI_item_play_01/UI_item_play_01_00010":{"width":250,"height":250},"image/UI_item_play_01/UI_item_play_01_00011":{"width":250,"height":250},"image/UI_item_play_01/UI_item_play_01_00012":{"width":250,"height":250},"image/UI_item_play_01/UI_item_play_01_00013":{"width":250,"height":250},"image/UI_item_play_01/UI_item_play_01_00014":{"width":250,"height":250},"image/UI_item_play_01/UI_item_play_01_00015":{"width":250,"height":250},"image/UI_item_play_01/UI_item_play_01_00016":{"width":250,"height":250},"image/UI_item_play_02/UI_item_play_02_00008":{"width":250,"height":250},"image/UI_item_play_02/UI_item_play_02_00009":{"width":250,"height":250},"image/UI_item_play_02/UI_item_play_02_00010":{"width":250,"height":250},"image/UI_item_play_02/UI_item_play_02_00011":{"width":250,"height":250},"image/UI_item_play_02/UI_item_play_02_00012":{"width":250,"height":250},"image/UI_item_play_02/UI_item_play_02_00013":{"width":250,"height":250},"image/UI_item_play_02/UI_item_play_02_00014":{"width":250,"height":250},"image/UI_item_play_02/UI_item_play_02_00015":{"width":250,"height":250},"image/UI_item_play_02/UI_item_play_02_00016":{"width":250,"height":250},"image/UI_item_play_03/UI_item_play_03_00008":{"width":250,"height":250},"image/UI_item_play_03/UI_item_play_03_00009":{"width":250,"height":250},"image/UI_item_play_03/UI_item_play_03_00010":{"width":250,"height":250},"image/UI_item_play_03/UI_item_play_03_00011":{"width":250,"height":250},"image/UI_item_play_03/UI_item_play_03_00012":{"width":250,"height":250},"image/UI_item_play_03/UI_item_play_03_00013":{"width":250,"height":250},"image/UI_item_play_03/UI_item_play_03_00014":{"width":250,"height":250},"image/UI_item_play_03/UI_item_play_03_00015":{"width":250,"height":250},"image/UI_item_play_03/UI_item_play_03_00016":{"width":250,"height":250},"image/UI_item_play_04/UI_item_play_04_00008":{"width":250,"height":250},"image/UI_item_play_04/UI_item_play_04_00009":{"width":250,"height":250},"image/UI_item_play_04/UI_item_play_04_00010":{"width":250,"height":250},"image/UI_item_play_04/UI_item_play_04_00011":{"width":250,"height":250},"image/UI_item_play_04/UI_item_play_04_00012":{"width":250,"height":250},"image/UI_item_play_04/UI_item_play_04_00013":{"width":250,"height":250},"image/UI_item_play_04/UI_item_play_04_00014":{"width":250,"height":250},"image/UI_item_play_04/UI_item_play_04_00015":{"width":250,"height":250},"image/UI_item_play_04/UI_item_play_04_00016":{"width":250,"height":250},"image/UI_item_play_05/UI_item_play_05_00008":{"width":250,"height":250},"image/UI_item_play_05/UI_item_play_05_00009":{"width":250,"height":250},"image/UI_item_play_05/UI_item_play_05_00010":{"width":250,"height":250},"image/UI_item_play_05/UI_item_play_05_00011":{"width":250,"height":250},"image/UI_item_play_05/UI_item_play_05_00012":{"width":250,"height":250},"image/UI_item_play_05/UI_item_play_05_00013":{"width":250,"height":250},"image/UI_item_play_05/UI_item_play_05_00014":{"width":250,"height":250},"image/UI_item_play_05/UI_item_play_05_00015":{"width":250,"height":250},"image/UI_item_play_05/UI_item_play_05_00016":{"width":250,"height":250}},"normal":{"image/skilline/skilline_0":{"path":"image/skilline/skilline_00000","width":225,"height":225},"image/skilline/skilline_00002":{"width":225,"height":225},"image/skilline/skilline_00005":{"width":225,"height":225},"image/skilline/skilline_00008":{"width":225,"height":225}},"normal1":{"image/skilline/skilline_0":{"path":"image/skilline/skilline_00000","width":225,"height":225},"image/skilline/skilline_00002":{"width":225,"height":225},"image/skilline/skilline_00005":{"width":225,"height":225},"image/skilline/skilline_00008":{"width":225,"height":225}},"normal3":{"image/skilline/skilline_0":{"path":"image/skilline/skilline_00000","width":225,"height":225},"image/skilline/skilline_00002":{"width":225,"height":225},"image/skilline/skilline_00005":{"width":225,"height":225},"image/skilline/skilline_00008":{"width":225,"height":225}},"sub":{"image/UI_touch1_02/UI_touch1_02_00004":{"width":200,"height":200},"image/UI_touch1_02/UI_touch1_02_00005":{"width":200,"height":200},"image/UI_touch1_02/UI_touch1_02_00006":{"width":200,"height":200},"image/UI_touch1_02/UI_touch1_02_00007":{"width":200,"height":200},"image/UI_touch1_02/UI_touch1_02_00008":{"width":200,"height":200},"image/UI_touch1_02/UI_touch1_02_00009":{"width":200,"height":200},"image/UI_touch1_02/UI_touch1_02_00010":{"width":200,"height":200},"image/UI_touch2_02/UI_touch2_02_00004":{"width":200,"height":200},"image/UI_touch2_02/UI_touch2_02_00005":{"width":200,"height":200},"image/UI_touch2_02/UI_touch2_02_00006":{"width":200,"height":200},"image/UI_touch2_02/UI_touch2_02_00007":{"width":200,"height":200},"image/UI_touch2_02/UI_touch2_02_00008":{"width":200,"height":200},"image/UI_touch2_02/UI_touch2_02_00009":{"width":200,"height":200},"image/UI_touch2_02/UI_touch2_02_00010":{"width":200,"height":200},"image/UI_wave2_02/UI_wave2_02_00001":{"width":250,"height":250},"image/UI_wave2_02/UI_wave2_02_00002":{"width":250,"height":250},"image/UI_wave2_02/UI_wave2_02_00003":{"width":250,"height":250},"image/UI_wave2_02/UI_wave2_02_00004":{"width":250,"height":250},"image/UI_wave2_02/UI_wave2_02_00005":{"width":250,"height":250},"image/UI_wave2_02/UI_wave2_02_00006":{"width":250,"height":250},"image/UI_wave2_02/UI_wave2_02_00007":{"width":250,"height":250},"image/UI_wave2_02/UI_wave2_02_00008":{"width":250,"height":250},"image/UI_wave2_02/UI_wave2_02_00009":{"width":250,"height":250},"image/UI_wave2_02/UI_wave2_02_00010":{"width":250,"height":250}},"sub2":{"image/01_quest start/start":{"width":310,"height":56},"image/UI_cutin_circle_01":{"y":1,"width":256,"height":256}},"touch":{"image/UI_touch1_01/UI_touch1_01_00000":{"width":200,"height":200},"image/UI_touch2_01/UI_touch2_01_00000":{"width":200,"height":200}}}},"animations":{"bossgage_1":{"slots":{"bossgage_1":{"attachment":[{"time":0,"name":"image/CO_bossgage/CO_bossgage2b_00001"},{"time":0.0666,"name":"image/CO_bossgage/CO_bossgage2b_00003"},{"time":0.1333,"name":"image/CO_bossgage/CO_bossgage2b_00005"},{"time":0.2,"name":"image/CO_bossgage/CO_bossgage2b_00007"},{"time":0.2666,"name":"image/CO_bossgage/CO_bossgage2b_00009"},{"time":0.3333,"name":"image/CO_bossgage/CO_bossgage2b_00011"},{"time":0.4,"name":"image/CO_bossgage/CO_bossgage2b_00013"},{"time":0.4666,"name":"image/CO_bossgage/CO_bossgage2b_00015"},{"time":0.5333,"name":"image/CO_bossgage/CO_bossgage2b_00017"},{"time":0.5666,"name":"image/CO_bossgage/CO_bossgage2b_00018"},{"time":0.6,"name":"image/CO_bossgage/CO_bossgage2b_00019"},{"time":0.6333,"name":"image/CO_bossgage/CO_bossgage2b_00020"},{"time":0.6666,"name":"image/CO_bossgage/CO_bossgage2b_00021"},{"time":0.7,"name":"image/CO_bossgage/CO_bossgage2b_00022"},{"time":0.7333,"name":"image/CO_bossgage/CO_bossgage2b_00023"},{"time":0.7666,"name":"image/CO_bossgage/CO_bossgage2b_00024"},{"time":0.8,"name":null}]}},"bones":{"sub4":{"translate":[{"time":0,"x":0,"y":4.07}],"scale":[{"time":0,"x":0.796,"y":0.493}]}}},"bossgage_loop":{"slots":{"bossgage_loop":{"attachment":[{"time":0,"name":"image/CO_bossgage/CO_bossgage2a_00001"},{"time":0.0666,"name":"image/CO_bossgage/CO_bossgage2a_00003"},{"time":0.1333,"name":"image/CO_bossgage/CO_bossgage2a_00005"},{"time":0.2,"name":"image/CO_bossgage/CO_bossgage2a_00007"},{"time":0.2666,"name":"image/CO_bossgage/CO_bossgage2a_00009"},{"time":0.3333,"name":"image/CO_bossgage/CO_bossgage2a_00011"},{"time":0.4,"name":"image/CO_bossgage/CO_bossgage2a_00013"},{"time":0.4666,"name":"image/CO_bossgage/CO_bossgage2a_00015"},{"time":0.5333,"name":"image/CO_bossgage/CO_bossgage2a_00017"},{"time":0.6,"name":"image/CO_bossgage/CO_bossgage2a_00019"},{"time":0.6666,"name":"image/CO_bossgage/CO_bossgage2a_00021"},{"time":0.7333,"name":"image/CO_bossgage/CO_bossgage2a_00023"},{"time":0.8,"name":"image/CO_bossgage/CO_bossgage2a_00025"},{"time":0.8666,"name":"image/CO_bossgage/CO_bossgage2a_00027"},{"time":0.9333,"name":"image/CO_bossgage/CO_bossgage2a_00029"}]}}},"burst-charge":{"slots":{"body":{"attachment":[{"time":0,"name":"image/UI_skl2_03/UI_skl2_03_00000"},{"time":0.0333,"name":"image/UI_skl2_03/UI_skl2_03_00002"},{"time":0.1,"name":"image/UI_skl2_03/UI_skl2_03_00004"},{"time":0.1666,"name":"image/UI_skl2_03/UI_skl2_03_00006"},{"time":0.2333,"name":"image/UI_skl2_03/UI_skl2_03_00008"},{"time":0.3,"name":"image/UI_skl2_03/UI_skl2_03_00010"},{"time":0.3666,"name":"image/UI_skl2_03/UI_skl2_03_00012"},{"time":0.4333,"name":"image/UI_skl2_03/UI_skl2_03_00014"},{"time":0.5,"name":"image/UI_skl2_03/UI_skl2_03_00016"},{"time":0.5666,"name":"image/UI_skl2_03/UI_skl2_03_00018"},{"time":0.6333,"name":"image/UI_skl2_03/UI_skl2_03_00020"},{"time":0.7,"name":"image/UI_skl2_03/UI_skl2_03_00022"},{"time":0.7666,"name":"image/UI_skl2_03/UI_skl2_03_00023"},{"time":0.8333,"name":"image/UI_skl2_03/UI_skl2_03_00022"},{"time":0.9,"name":"image/UI_skl2_03/UI_skl2_03_00020"},{"time":0.9666,"name":"image/UI_skl2_03/UI_skl2_03_00018"},{"time":1.0333,"name":"image/UI_skl2_03/UI_skl2_03_00016"},{"time":1.1,"name":"image/UI_skl2_03/UI_skl2_03_00014"},{"time":1.1666,"name":"image/UI_skl2_03/UI_skl2_03_00012"},{"time":1.2333,"name":"image/UI_skl2_03/UI_skl2_03_00010"},{"time":1.3,"name":"image/UI_skl2_03/UI_skl2_03_00008"},{"time":1.3666,"name":"image/UI_skl2_03/UI_skl2_03_00006"},{"time":1.4333,"name":"image/UI_skl2_03/UI_skl2_03_00004"},{"time":1.5,"name":"image/UI_skl2_03/UI_skl2_03_00002"},{"time":1.5666,"name":"image/UI_skl2_03/UI_skl2_03_00000"},{"time":1.6333,"name":"image/UI_skl2_03/UI_skl2_03_00023"}]}},"bones":{"body":{"translate":[{"time":0,"x":0.75,"y":5.36}],"scale":[{"time":0,"x":1.2,"y":1.2}]}}},"burst-charge2":{"slots":{"body":{"attachment":[{"time":0,"name":"image/UI_skl2/UI_skl2_00000"},{"time":0.0333,"name":"image/UI_skl2/UI_skl2_00002"},{"time":0.1,"name":"image/UI_skl2/UI_skl2_00004"},{"time":0.1666,"name":"image/UI_skl2/UI_skl2_00006"},{"time":0.2333,"name":"image/UI_skl2/UI_skl2_00008"},{"time":0.3,"name":"image/UI_skl2/UI_skl2_00010"},{"time":0.3666,"name":"image/UI_skl2/UI_skl2_00012"},{"time":0.4333,"name":"image/UI_skl2/UI_skl2_00014"},{"time":0.5,"name":"image/UI_skl2/UI_skl2_00016"},{"time":0.5666,"name":"image/UI_skl2/UI_skl2_00018"},{"time":0.6333,"name":"image/UI_skl2/UI_skl2_00020"},{"time":0.7,"name":"image/UI_skl2/UI_skl2_00022"},{"time":0.7666,"name":"image/UI_skl2/UI_skl2_00023"},{"time":0.8333,"name":"image/UI_skl2/UI_skl2_00022"},{"time":0.9,"name":"image/UI_skl2/UI_skl2_00020"},{"time":0.9666,"name":"image/UI_skl2/UI_skl2_00018"},{"time":1.0333,"name":"image/UI_skl2/UI_skl2_00016"},{"time":1.1,"name":"image/UI_skl2/UI_skl2_00014"},{"time":1.1666,"name":"image/UI_skl2/UI_skl2_00012"},{"time":1.2333,"name":"image/UI_skl2/UI_skl2_00010"},{"time":1.3,"name":"image/UI_skl2/UI_skl2_00008"},{"time":1.3666,"name":"image/UI_skl2/UI_skl2_00006"},{"time":1.4333,"name":"image/UI_skl2/UI_skl2_00004"},{"time":1.5,"name":"image/UI_skl2/UI_skl2_00002"},{"time":1.5666,"name":"image/UI_skl2/UI_skl2_00000"}]}},"bones":{"body":{"translate":[{"time":0,"x":-0.56,"y":0.41}],"scale":[{"time":0,"x":0.702,"y":0.75}]}}},"cutin":{"slots":{"cutin":{"attachment":[{"time":0,"name":null},{"time":0.3333,"name":"image/UI_cutin_wave1/UI_cutin_wave1_00001"},{"time":0.3666,"name":"image/UI_cutin_wave1/UI_cutin_wave1_00002"},{"time":0.4,"name":"image/UI_cutin_wave1/UI_cutin_wave1_00003"},{"time":0.4333,"name":"image/UI_cutin_wave1/UI_cutin_wave1_00004"},{"time":0.4666,"name":"image/UI_cutin_wave1/UI_cutin_wave1_00005"},{"time":0.5,"name":"image/UI_cutin_wave1/UI_cutin_wave1_00006"},{"time":0.5333,"name":"image/UI_cutin_wave1/UI_cutin_wave1_00007"},{"time":0.5666,"name":"image/UI_cutin_wave1/UI_cutin_wave1_00008"},{"time":0.6,"name":"image/UI_cutin_wave1/UI_cutin_wave1_00009"},{"time":0.6333,"name":"image/UI_cutin_wave1/UI_cutin_wave1_00010"},{"time":0.8666,"name":null}],"color":[{"time":0.6333,"color":"ffffffff"},{"time":0.8666,"color":"ffffff00"}]}},"bones":{"body":{"scale":[{"time":0.3333,"x":6,"y":6,"curve":"stepped"},{"time":0.6333,"x":6,"y":6},{"time":0.8666,"x":8,"y":8}]}}},"empty":{},"enemycount":{"slots":{"sub":{"attachment":[{"time":0,"name":null},{"time":0.0333,"name":"image/UI_wave2_02/UI_wave2_02_00001"},{"time":0.0666,"name":"image/UI_wave2_02/UI_wave2_02_00002"},{"time":0.1,"name":"image/UI_wave2_02/UI_wave2_02_00003"},{"time":0.1333,"name":"image/UI_wave2_02/UI_wave2_02_00004"},{"time":0.1666,"name":"image/UI_wave2_02/UI_wave2_02_00005"},{"time":0.2,"name":"image/UI_wave2_02/UI_wave2_02_00006"},{"time":0.2333,"name":"image/UI_wave2_02/UI_wave2_02_00007"},{"time":0.2666,"name":"image/UI_wave2_02/UI_wave2_02_00008"},{"time":0.3,"name":"image/UI_wave2_02/UI_wave2_02_00009"},{"time":0.3333,"name":"image/UI_wave2_02/UI_wave2_02_00010"},{"time":0.3666,"name":null}]}},"bones":{"sub":{"translate":[{"time":0,"x":1,"y":0}],"scale":[{"time":0,"x":0.5,"y":0.5}]}}},"enemycount-focus":{"slots":{"body":{"attachment":[{"time":0,"name":"image/UI_wave2_01/boss_skl_00001"},{"time":0.0333,"name":"image/UI_wave2_01/boss_skl_00002"},{"time":0.0666,"name":"image/UI_wave2_01/boss_skl_00003"},{"time":0.1,"name":"image/UI_wave2_01/boss_skl_00004"},{"time":0.1333,"name":"image/UI_wave2_01/boss_skl_00005"},{"time":0.1666,"name":"image/UI_wave2_01/boss_skl_00006"},{"time":0.2,"name":"image/UI_wave2_01/boss_skl_00007"},{"time":0.2333,"name":"image/UI_wave2_01/boss_skl_00008"},{"time":0.2666,"name":"image/UI_wave2_01/boss_skl_00009"},{"time":0.3,"name":"image/UI_wave2_01/boss_skl_00010"},{"time":0.3333,"name":null}]},"sub":{"attachment":[{"time":0,"name":null},{"time":0.0333,"name":"image/UI_wave2_02/UI_wave2_02_00001"},{"time":0.0666,"name":"image/UI_wave2_02/UI_wave2_02_00002"},{"time":0.1,"name":"image/UI_wave2_02/UI_wave2_02_00003"},{"time":0.1333,"name":"image/UI_wave2_02/UI_wave2_02_00004"},{"time":0.1666,"name":"image/UI_wave2_02/UI_wave2_02_00005"},{"time":0.2,"name":"image/UI_wave2_02/UI_wave2_02_00006"},{"time":0.2333,"name":"image/UI_wave2_02/UI_wave2_02_00007"},{"time":0.2666,"name":"image/UI_wave2_02/UI_wave2_02_00008"},{"time":0.3,"name":"image/UI_wave2_02/UI_wave2_02_00009"},{"time":0.3333,"name":"image/UI_wave2_02/UI_wave2_02_00010"},{"time":0.3666,"name":null}]}},"bones":{"body":{"translate":[{"time":0,"x":3.18,"y":-2.49}]},"sub":{"translate":[{"time":0,"x":0,"y":0}],"scale":[{"time":0,"x":1.3,"y":1.3}]}}},"focus":{"slots":{"normal":{"attachment":[{"time":0,"name":"image/skilline/skilline_0"},{"time":0.1333,"name":"image/skilline/skilline_00002"},{"time":0.2,"name":"image/skilline/skilline_00005"},{"time":0.2666,"name":"image/skilline/skilline_00008"}],"color":[{"time":0,"color":"ffffff00","curve":[0.25,0,0.75,1]},{"time":0.0666,"color":"ffffffff","curve":[0.25,0,0.75,1]},{"time":0.1333,"color":"ffffff00","curve":[0.25,0,0.75,1]},{"time":0.2333,"color":"ffffffff","curve":[0.25,0,0.75,1]},{"time":0.3666,"color":"ffffff00"}]}},"bones":{"normal":{"scale":[{"time":0,"x":6,"y":6}]}}},"itemplay-blue":{"slots":{"itemplay":{"attachment":[{"time":0,"name":"image/UI_item_play_02/UI_item_play_02_00008"},{"time":0.3333,"name":"image/UI_item_play_02/UI_item_play_02_00009"},{"time":0.3666,"name":"image/UI_item_play_02/UI_item_play_02_00010"},{"time":0.4,"name":"image/UI_item_play_02/UI_item_play_02_00011"},{"time":0.4333,"name":"image/UI_item_play_02/UI_item_play_02_00012"},{"time":0.4666,"name":"image/UI_item_play_02/UI_item_play_02_00013"},{"time":0.5,"name":"image/UI_item_play_02/UI_item_play_02_00014"},{"time":0.5333,"name":"image/UI_item_play_02/UI_item_play_02_00015"},{"time":0.5666,"name":"image/UI_item_play_02/UI_item_play_02_00016"},{"time":0.6,"name":null}]}},"bones":{"body":{"translate":[{"time":0,"x":-0.98,"y":-0.32}],"scale":[{"time":0,"x":1,"y":1,"curve":"stepped"},{"time":0.3333,"x":2,"y":2}]}}},"itemplay-green":{"slots":{"itemplay":{"attachment":[{"time":0,"name":"image/UI_item_play_03/UI_item_play_03_00008"},{"time":0.3333,"name":"image/UI_item_play_03/UI_item_play_03_00009"},{"time":0.3666,"name":"image/UI_item_play_03/UI_item_play_03_00010"},{"time":0.4,"name":"image/UI_item_play_03/UI_item_play_03_00011"},{"time":0.4333,"name":"image/UI_item_play_03/UI_item_play_03_00012"},{"time":0.4666,"name":"image/UI_item_play_03/UI_item_play_03_00013"},{"time":0.5,"name":"image/UI_item_play_03/UI_item_play_03_00014"},{"time":0.5333,"name":"image/UI_item_play_03/UI_item_play_03_00015"},{"time":0.5666,"name":"image/UI_item_play_03/UI_item_play_03_00016"},{"time":0.6,"name":null}]}},"bones":{"body":{"translate":[{"time":0,"x":-0.98,"y":-0.32}],"scale":[{"time":0,"x":1,"y":1,"curve":"stepped"},{"time":0.3333,"x":2,"y":2}]}}},"itemplay-purple":{"slots":{"itemplay":{"attachment":[{"time":0,"name":"image/UI_item_play_05/UI_item_play_05_00008"},{"time":0.3333,"name":"image/UI_item_play_05/UI_item_play_05_00009"},{"time":0.3666,"name":"image/UI_item_play_05/UI_item_play_05_00010"},{"time":0.4,"name":"image/UI_item_play_05/UI_item_play_05_00011"},{"time":0.4333,"name":"image/UI_item_play_05/UI_item_play_05_00012"},{"time":0.4666,"name":"image/UI_item_play_05/UI_item_play_05_00013"},{"time":0.5,"name":"image/UI_item_play_05/UI_item_play_05_00014"},{"time":0.5333,"name":"image/UI_item_play_05/UI_item_play_05_00015"},{"time":0.5666,"name":"image/UI_item_play_05/UI_item_play_05_00016"},{"time":0.6,"name":null}]}},"bones":{"body":{"translate":[{"time":0,"x":-0.98,"y":-0.32}],"scale":[{"time":0,"x":1,"y":1,"curve":"stepped"},{"time":0.3333,"x":2,"y":2}]}}},"itemplay-red":{"slots":{"itemplay":{"attachment":[{"time":0,"name":"image/UI_item_play_01/UI_item_play_01_00008"},{"time":0.3333,"name":"image/UI_item_play_01/UI_item_play_01_00009"},{"time":0.3666,"name":"image/UI_item_play_01/UI_item_play_01_00010"},{"time":0.4,"name":"image/UI_item_play_01/UI_item_play_01_00011"},{"time":0.4333,"name":"image/UI_item_play_01/UI_item_play_01_00012"},{"time":0.4666,"name":"image/UI_item_play_01/UI_item_play_01_00013"},{"time":0.5,"name":"image/UI_item_play_01/UI_item_play_01_00014"},{"time":0.5333,"name":"image/UI_item_play_01/UI_item_play_01_00015"},{"time":0.5666,"name":"image/UI_item_play_01/UI_item_play_01_00016"},{"time":0.6,"name":null}]}},"bones":{"body":{"translate":[{"time":0,"x":-0.98,"y":-0.32}],"scale":[{"time":0,"x":1,"y":1,"curve":"stepped"},{"time":0.3333,"x":2,"y":2}]}}},"itemplay-yellow":{"slots":{"itemplay":{"attachment":[{"time":0,"name":"image/UI_item_play_04/UI_item_play_04_00008"},{"time":0.3333,"name":"image/UI_item_play_04/UI_item_play_04_00009"},{"time":0.3666,"name":"image/UI_item_play_04/UI_item_play_04_00010"},{"time":0.4,"name":"image/UI_item_play_04/UI_item_play_04_00011"},{"time":0.4333,"name":"image/UI_item_play_04/UI_item_play_04_00012"},{"time":0.4666,"name":"image/UI_item_play_04/UI_item_play_04_00013"},{"time":0.5,"name":"image/UI_item_play_04/UI_item_play_04_00014"},{"time":0.5333,"name":"image/UI_item_play_04/UI_item_play_04_00015"},{"time":0.5666,"name":"image/UI_item_play_04/UI_item_play_04_00016"},{"time":0.6,"name":null}]}},"bones":{"body":{"translate":[{"time":0,"x":-0.98,"y":-0.32}],"scale":[{"time":0,"x":1,"y":1,"curve":"stepped"},{"time":0.3333,"x":2,"y":2}]}}},"skill_charge":{"slots":{"eff1":{"attachment":[{"time":0,"name":"image/CO_skill/CO_skill1a_00012"},{"time":0.0666,"name":"image/CO_skill/CO_skill1a_00013"},{"time":0.1333,"name":"image/CO_skill/CO_skill1a_00014"},{"time":0.2,"name":"image/CO_skill/CO_skill1a_00015"},{"time":0.2666,"name":"image/CO_skill/CO_skill1a_00016"},{"time":0.3333,"name":"image/CO_skill/CO_skill1a_00017"},{"time":0.4,"name":"image/CO_skill/CO_skill1a_00018"},{"time":0.4666,"name":"image/CO_skill/CO_skill1a_00019"},{"time":0.5333,"name":"image/CO_skill/CO_skill1a_00020"},{"time":0.7,"name":"image/CO_skill/CO_skill1a_00020"}],"color":[{"time":0.5333,"color":"ffffffff"},{"time":0.7,"color":"ffffff00"}]},"eff2":{"attachment":[{"time":0,"name":"image/CO_skill/CO_skill1b_00007"}],"color":[{"time":0.4333,"color":"ffffffff"},{"time":0.7,"color":"ffffff00"}]},"eff3":{"attachment":[{"time":0,"name":"image/CO_skill/CO_skill1b_00007"}],"color":[{"time":0.4333,"color":"ffffffff"},{"time":0.7,"color":"ffffff00"}]}},"bones":{"sub4":{"translate":[{"time":0,"x":0,"y":-40,"curve":[0.234,0.9,0.75,1]},{"time":0.3,"x":0,"y":0}],"scale":[{"time":0,"x":1,"y":0.2,"curve":[0.227,0.89,0.75,1]},{"time":0.3,"x":1,"y":1}]}}},"touch1":{"slots":{"touch":{"attachment":[{"time":0,"name":"image/UI_touch1_01/UI_touch1_01_00000"}],"color":[{"time":0,"color":"ffffffff","curve":[0.25,0,0.75,1]},{"time":0.7666,"color":"ffffff82","curve":[0.25,0,0.75,1]},{"time":1.5666,"color":"ffffffff"}]}},"bones":{"body":{"rotate":[{"time":0,"angle":0},{"time":0.4,"angle":90},{"time":0.8,"angle":180},{"time":1.2,"angle":270},{"time":1.5666,"angle":0}],"scale":[{"time":0,"x":1.2,"y":1.2,"curve":"stepped"},{"time":1.0333,"x":1.2,"y":1.2}]}}},"touch2":{"slots":{"touch":{"attachment":[{"time":0,"name":"image/UI_touch2_01/UI_touch2_01_00000"}],"color":[{"time":0,"color":"ffffff84","curve":[0.25,0,0.75,1]},{"time":0.4666,"color":"ffffffff","curve":[0.25,0,0.75,1]},{"time":1.0333,"color":"ffffff84"}]}},"bones":{"body":{"translate":[{"time":1.0333,"x":0,"y":0}],"scale":[{"time":0,"x":1.2,"y":1.2}]}}},"touch1-ef":{"slots":{"sub":{"attachment":[{"time":0,"name":"image/UI_touch1_02/UI_touch1_02_00004"},{"time":0.0666,"name":"image/UI_touch1_02/UI_touch1_02_00004"},{"time":0.1,"name":"image/UI_touch1_02/UI_touch1_02_00005"},{"time":0.1333,"name":"image/UI_touch1_02/UI_touch1_02_00006"},{"time":0.1666,"name":"image/UI_touch1_02/UI_touch1_02_00007"},{"time":0.2,"name":"image/UI_touch1_02/UI_touch1_02_00008"},{"time":0.2333,"name":"image/UI_touch1_02/UI_touch1_02_00009"},{"time":0.2666,"name":"image/UI_touch1_02/UI_touch1_02_00010"},{"time":0.3,"name":null},{"time":0.6666,"name":null}],"color":[{"time":0,"color":"ffffff00"},{"time":0.0666,"color":"ffffffff"}]}},"bones":{"sub":{"scale":[{"time":0,"x":0.8,"y":0.8},{"time":0.0666,"x":1,"y":1}]}}},"touch2-ef":{"slots":{"sub":{"attachment":[{"time":0.0333,"name":"image/UI_touch2_02/UI_touch2_02_00004"},{"time":0.0666,"name":"image/UI_touch2_02/UI_touch2_02_00005"},{"time":0.1,"name":"image/UI_touch2_02/UI_touch2_02_00006"},{"time":0.1333,"name":"image/UI_touch2_02/UI_touch2_02_00007"},{"time":0.1666,"name":"image/UI_touch2_02/UI_touch2_02_00008"},{"time":0.2,"name":"image/UI_touch2_02/UI_touch2_02_00009"},{"time":0.2333,"name":"image/UI_touch2_02/UI_touch2_02_00010"},{"time":0.2666,"name":null}],"color":[{"time":0.0333,"color":"ffffff00"},{"time":0.1333,"color":"ffffffff"}]}},"bones":{"sub":{"scale":[{"time":0.0333,"x":1.015,"y":1.015}]}}}}}