{"skeleton":{"hash":"b3hk1LsBAoGW2GXWV9HxfVPAk3A","spine":"3.0.12","width":0,"height":0,"images":"./images/"},"bones":[{"name":"root"},{"name":"line","parent":"root"}],"slots":[{"name":"line","bone":"line","blend":"additive"}],"skins":{"default":{"line":{"drive-download-20191024T084526Z-001/ef_cross_line_main_00001":{"width":400,"height":600},"drive-download-20191024T084526Z-001/ef_cross_line_main_00002":{"width":400,"height":600},"drive-download-20191024T084526Z-001/ef_cross_line_main_00003":{"width":400,"height":600},"drive-download-20191024T084526Z-001/ef_cross_line_main_00004":{"width":400,"height":600},"drive-download-20191024T084526Z-001/ef_cross_line_main_00005":{"width":400,"height":600},"drive-download-20191024T084526Z-001/ef_cross_line_main_00006":{"width":400,"height":600},"drive-download-20191024T084526Z-001/ef_cross_line_main_00007":{"width":400,"height":600}}}},"animations":{"line":{"slots":{"line":{"attachment":[{"time":0,"name":"drive-download-20191024T084526Z-001/ef_cross_line_main_00001"},{"time":0.8666,"name":"drive-download-20191024T084526Z-001/ef_cross_line_main_00002"},{"time":0.9,"name":"drive-download-20191024T084526Z-001/ef_cross_line_main_00003"},{"time":0.9333,"name":"drive-download-20191024T084526Z-001/ef_cross_line_main_00004"},{"time":0.9666,"name":"drive-download-20191024T084526Z-001/ef_cross_line_main_00005"},{"time":1,"name":"drive-download-20191024T084526Z-001/ef_cross_line_main_00006"},{"time":1.0333,"name":"drive-download-20191024T084526Z-001/ef_cross_line_main_00007"}],"color":[{"time":1.0333,"color":"ffffffff"},{"time":1.3333,"color":"ffffff00"}]}},"bones":{"line":{"scale":[{"time":0,"x":0.375,"y":4},{"time":0.0333,"x":0.651,"y":4},{"time":0.0666,"x":0.375,"y":4},{"time":0.1,"x":0.651,"y":4},{"time":0.1333,"x":0.375,"y":4},{"time":0.1666,"x":0.651,"y":4},{"time":0.2,"x":0.375,"y":4},{"time":0.2333,"x":0.651,"y":4},{"time":0.2666,"x":0.375,"y":4},{"time":0.3,"x":0.651,"y":4},{"time":0.3333,"x":0.53,"y":4},{"time":0.3666,"x":1.056,"y":4},{"time":0.4,"x":0.685,"y":4},{"time":0.4333,"x":1.379,"y":4},{"time":0.4666,"x":0.839,"y":4},{"time":0.5,"x":2.231,"y":4},{"time":0.5333,"x":0.994,"y":4},{"time":0.5666,"x":2.534,"y":4},{"time":0.6,"x":1.149,"y":4},{"time":0.6333,"x":3.864,"y":4},{"time":0.6666,"x":1.304,"y":4},{"time":0.7,"x":4.193,"y":4},{"time":0.7333,"x":1.459,"y":4},{"time":0.7666,"x":4.942,"y":4},{"time":0.8,"x":1.438,"y":4},{"time":0.8333,"x":6.039,"y":4},{"time":0.8666,"x":6.083,"y":4},{"time":0.9,"x":1.614,"y":4},{"time":0.9333,"x":3.764,"y":4},{"time":1.0333,"x":1.924,"y":4,"curve":[0.094,0.86,0.384,0.99]},{"time":1.0666,"x":50,"y":4},{"time":1.1333,"x":72.867,"y":10.098},{"time":1.2,"x":0.173,"y":10.098},{"time":1.3,"x":0.062,"y":10.098}]},"root":{"scale":[{"time":0,"x":0.8,"y":0.8}]}}}}}