{"skeleton":{"hash":"Iaj5xwTbtom1RcVlUaldHX5dHq8","spine":"3.0.12","width":0,"height":0},"bones":[{"name":"root"},{"name":"MAIN","parent":"root","scaleX":2,"scaleY":2}],"slots":[{"name":"CO_HIT_004","bone":"MAIN","blend":"additive"},{"name":"CO_HIT_004_2","bone":"MAIN","blend":"additive"},{"name":"CO_HIT_015","bone":"MAIN","blend":"additive"},{"name":"CO_HIT_015_2","bone":"MAIN","blend":"additive"},{"name":"CO_HIT_019","bone":"MAIN","blend":"additive"},{"name":"CO_HIT_019_2","bone":"MAIN","blend":"additive"},{"name":"CO_HIT_021","bone":"MAIN","blend":"additive"},{"name":"CO_HIT_021_2","bone":"MAIN","blend":"additive"},{"name":"CO_HIT_026","bone":"MAIN","blend":"additive"},{"name":"CO_HIT_026_2","bone":"MAIN","blend":"additive"},{"name":"CO_HIT_000","bone":"MAIN","color":"ff9135ff","blend":"additive"},{"name":"CO_HIT_000_2","bone":"MAIN","color":"ff9135ff","blend":"additive"}],"skins":{"default":{"CO_HIT_000":{"CO_HIT_000/VBHT_Slash20001":{"width":512,"height":512},"CO_HIT_000/VBHT_Slash20002":{"width":512,"height":512},"CO_HIT_000/VBHT_Slash20003":{"width":512,"height":512},"CO_HIT_000/VBHT_Slash20004":{"width":512,"height":512},"CO_HIT_000/VBHT_Slash20005":{"width":512,"height":512},"CO_HIT_000/VBHT_Slash20007":{"width":512,"height":512},"CO_HIT_000/VBHT_Slash20009":{"width":512,"height":512}},"CO_HIT_000_2":{"CO_HIT_000/VBHT_Slash20001":{"width":512,"height":512},"CO_HIT_000/VBHT_Slash20002":{"width":512,"height":512},"CO_HIT_000/VBHT_Slash20003":{"width":512,"height":512},"CO_HIT_000/VBHT_Slash20004":{"width":512,"height":512},"CO_HIT_000/VBHT_Slash20005":{"width":512,"height":512},"CO_HIT_000/VBHT_Slash20007":{"width":512,"height":512},"CO_HIT_000/VBHT_Slash20009":{"width":512,"height":512}},"CO_HIT_004":{"CO_HIT_004/CO_HIT_004a/CO_HIT_004a_00002":{"width":175,"height":175},"CO_HIT_004/CO_HIT_004a/CO_HIT_004a_00004":{"width":175,"height":175},"CO_HIT_004/CO_HIT_004a/CO_HIT_004a_00006":{"width":175,"height":175},"CO_HIT_004/CO_HIT_004a/CO_HIT_004a_00008":{"width":175,"height":175},"CO_HIT_004/CO_HIT_004a/CO_HIT_004a_00010":{"width":175,"height":175},"CO_HIT_004/CO_HIT_004a/CO_HIT_004a_00011":{"width":175,"height":175},"CO_HIT_004/CO_HIT_004a/CO_HIT_004a_00012":{"width":175,"height":175},"CO_HIT_004/CO_HIT_004b/CO_HIT_004b_00002":{"width":175,"height":175},"CO_HIT_004/CO_HIT_004b/CO_HIT_004b_00004":{"width":175,"height":175},"CO_HIT_004/CO_HIT_004b/CO_HIT_004b_00006":{"width":175,"height":175},"CO_HIT_004/CO_HIT_004b/CO_HIT_004b_00008":{"width":175,"height":175},"CO_HIT_004/CO_HIT_004b/CO_HIT_004b_00010":{"width":175,"height":175},"CO_HIT_004/CO_HIT_004b/CO_HIT_004b_00011":{"width":175,"height":175},"CO_HIT_004/CO_HIT_004b/CO_HIT_004b_00012":{"width":175,"height":175},"CO_HIT_004/CO_HIT_004c/CO_HIT_004c_00002":{"width":175,"height":175},"CO_HIT_004/CO_HIT_004c/CO_HIT_004c_00004":{"width":175,"height":175},"CO_HIT_004/CO_HIT_004c/CO_HIT_004c_00006":{"width":175,"height":175},"CO_HIT_004/CO_HIT_004c/CO_HIT_004c_00008":{"width":175,"height":175},"CO_HIT_004/CO_HIT_004c/CO_HIT_004c_00010":{"width":175,"height":175},"CO_HIT_004/CO_HIT_004c/CO_HIT_004c_00011":{"width":175,"height":175},"CO_HIT_004/CO_HIT_004c/CO_HIT_004c_00012":{"width":175,"height":175},"CO_HIT_004/CO_HIT_004d/COHIT_004d_00002":{"width":175,"height":175},"CO_HIT_004/CO_HIT_004d/COHIT_004d_00004":{"width":175,"height":175},"CO_HIT_004/CO_HIT_004d/COHIT_004d_00006":{"width":175,"height":175},"CO_HIT_004/CO_HIT_004d/COHIT_004d_00008":{"width":175,"height":175},"CO_HIT_004/CO_HIT_004d/COHIT_004d_00010":{"width":175,"height":175},"CO_HIT_004/CO_HIT_004d/COHIT_004d_00011":{"width":175,"height":175},"CO_HIT_004/CO_HIT_004d/COHIT_004d_00012":{"width":175,"height":175},"CO_HIT_004/CO_HIT_004e/CO_HIT_004e_00002":{"width":175,"height":175},"CO_HIT_004/CO_HIT_004e/CO_HIT_004e_00004":{"width":175,"height":175},"CO_HIT_004/CO_HIT_004e/CO_HIT_004e_00006":{"width":175,"height":175},"CO_HIT_004/CO_HIT_004e/CO_HIT_004e_00008":{"width":175,"height":175},"CO_HIT_004/CO_HIT_004e/CO_HIT_004e_00010":{"width":175,"height":175},"CO_HIT_004/CO_HIT_004e/CO_HIT_004e_00011":{"width":175,"height":175},"CO_HIT_004/CO_HIT_004e/CO_HIT_004e_00012":{"width":175,"height":175},"CO_HIT_004/CO_HIT_004f/CO_HIT_004f_00002":{"width":175,"height":175},"CO_HIT_004/CO_HIT_004f/CO_HIT_004f_00004":{"width":175,"height":175},"CO_HIT_004/CO_HIT_004f/CO_HIT_004f_00006":{"width":175,"height":175},"CO_HIT_004/CO_HIT_004f/CO_HIT_004f_00008":{"width":175,"height":175},"CO_HIT_004/CO_HIT_004f/CO_HIT_004f_00010":{"width":175,"height":175},"CO_HIT_004/CO_HIT_004f/CO_HIT_004f_00011":{"width":175,"height":175},"CO_HIT_004/CO_HIT_004f/CO_HIT_004f_00012":{"width":175,"height":175}},"CO_HIT_004_2":{"CO_HIT_004/CO_HIT_004a/CO_HIT_004a_00002":{"width":175,"height":175},"CO_HIT_004/CO_HIT_004a/CO_HIT_004a_00004":{"width":175,"height":175},"CO_HIT_004/CO_HIT_004a/CO_HIT_004a_00006":{"width":175,"height":175},"CO_HIT_004/CO_HIT_004a/CO_HIT_004a_00008":{"width":175,"height":175},"CO_HIT_004/CO_HIT_004a/CO_HIT_004a_00010":{"width":175,"height":175},"CO_HIT_004/CO_HIT_004a/CO_HIT_004a_00011":{"width":175,"height":175},"CO_HIT_004/CO_HIT_004a/CO_HIT_004a_00012":{"width":175,"height":175},"CO_HIT_004/CO_HIT_004b/CO_HIT_004b_00002":{"width":175,"height":175},"CO_HIT_004/CO_HIT_004b/CO_HIT_004b_00004":{"width":175,"height":175},"CO_HIT_004/CO_HIT_004b/CO_HIT_004b_00006":{"width":175,"height":175},"CO_HIT_004/CO_HIT_004b/CO_HIT_004b_00008":{"width":175,"height":175},"CO_HIT_004/CO_HIT_004b/CO_HIT_004b_00010":{"width":175,"height":175},"CO_HIT_004/CO_HIT_004b/CO_HIT_004b_00011":{"width":175,"height":175},"CO_HIT_004/CO_HIT_004b/CO_HIT_004b_00012":{"width":175,"height":175},"CO_HIT_004/CO_HIT_004c/CO_HIT_004c_00002":{"width":175,"height":175},"CO_HIT_004/CO_HIT_004c/CO_HIT_004c_00004":{"width":175,"height":175},"CO_HIT_004/CO_HIT_004c/CO_HIT_004c_00006":{"width":175,"height":175},"CO_HIT_004/CO_HIT_004c/CO_HIT_004c_00008":{"width":175,"height":175},"CO_HIT_004/CO_HIT_004c/CO_HIT_004c_00010":{"width":175,"height":175},"CO_HIT_004/CO_HIT_004c/CO_HIT_004c_00011":{"width":175,"height":175},"CO_HIT_004/CO_HIT_004c/CO_HIT_004c_00012":{"width":175,"height":175},"CO_HIT_004/CO_HIT_004d/COHIT_004d_00002":{"width":175,"height":175},"CO_HIT_004/CO_HIT_004d/COHIT_004d_00004":{"width":175,"height":175},"CO_HIT_004/CO_HIT_004d/COHIT_004d_00006":{"width":175,"height":175},"CO_HIT_004/CO_HIT_004d/COHIT_004d_00008":{"width":175,"height":175},"CO_HIT_004/CO_HIT_004d/COHIT_004d_00010":{"width":175,"height":175},"CO_HIT_004/CO_HIT_004d/COHIT_004d_00011":{"width":175,"height":175},"CO_HIT_004/CO_HIT_004d/COHIT_004d_00012":{"width":175,"height":175},"CO_HIT_004/CO_HIT_004e/CO_HIT_004e_00002":{"width":175,"height":175},"CO_HIT_004/CO_HIT_004e/CO_HIT_004e_00004":{"width":175,"height":175},"CO_HIT_004/CO_HIT_004e/CO_HIT_004e_00006":{"width":175,"height":175},"CO_HIT_004/CO_HIT_004e/CO_HIT_004e_00008":{"width":175,"height":175},"CO_HIT_004/CO_HIT_004e/CO_HIT_004e_00010":{"width":175,"height":175},"CO_HIT_004/CO_HIT_004e/CO_HIT_004e_00011":{"width":175,"height":175},"CO_HIT_004/CO_HIT_004e/CO_HIT_004e_00012":{"width":175,"height":175},"CO_HIT_004/CO_HIT_004f/CO_HIT_004f_00002":{"width":175,"height":175},"CO_HIT_004/CO_HIT_004f/CO_HIT_004f_00004":{"width":175,"height":175},"CO_HIT_004/CO_HIT_004f/CO_HIT_004f_00006":{"width":175,"height":175},"CO_HIT_004/CO_HIT_004f/CO_HIT_004f_00008":{"width":175,"height":175},"CO_HIT_004/CO_HIT_004f/CO_HIT_004f_00010":{"width":175,"height":175},"CO_HIT_004/CO_HIT_004f/CO_HIT_004f_00011":{"width":175,"height":175},"CO_HIT_004/CO_HIT_004f/CO_HIT_004f_00012":{"width":175,"height":175}},"CO_HIT_015":{"CO_HIT_015/CO_HIT_015a/CO_HIT_015a_00001":{"width":175,"height":175},"CO_HIT_015/CO_HIT_015a/CO_HIT_015a_00002":{"width":175,"height":175},"CO_HIT_015/CO_HIT_015a/CO_HIT_015a_00003":{"width":175,"height":175},"CO_HIT_015/CO_HIT_015a/CO_HIT_015a_00004":{"width":175,"height":175},"CO_HIT_015/CO_HIT_015b/CO_HIT_015b_00001":{"width":175,"height":175},"CO_HIT_015/CO_HIT_015b/CO_HIT_015b_00002":{"width":175,"height":175},"CO_HIT_015/CO_HIT_015b/CO_HIT_015b_00003":{"width":175,"height":175},"CO_HIT_015/CO_HIT_015b/CO_HIT_015b_00004":{"width":175,"height":175},"CO_HIT_015/CO_HIT_015c/CO_HIT_015c_00001":{"width":175,"height":175},"CO_HIT_015/CO_HIT_015c/CO_HIT_015c_00002":{"width":175,"height":175},"CO_HIT_015/CO_HIT_015c/CO_HIT_015c_00003":{"width":175,"height":175},"CO_HIT_015/CO_HIT_015c/CO_HIT_015c_00004":{"width":175,"height":175},"CO_HIT_015/CO_HIT_015d/CO_HIT_015d_00001":{"width":175,"height":175},"CO_HIT_015/CO_HIT_015d/CO_HIT_015d_00002":{"width":175,"height":175},"CO_HIT_015/CO_HIT_015d/CO_HIT_015d_00003":{"width":175,"height":175},"CO_HIT_015/CO_HIT_015d/CO_HIT_015d_00004":{"width":175,"height":175},"CO_HIT_015/CO_HIT_015e/CO_HIT_015e_00001":{"width":175,"height":175},"CO_HIT_015/CO_HIT_015e/CO_HIT_015e_00002":{"width":175,"height":175},"CO_HIT_015/CO_HIT_015e/CO_HIT_015e_00003":{"width":175,"height":175},"CO_HIT_015/CO_HIT_015e/CO_HIT_015e_00004":{"width":175,"height":175},"CO_HIT_015/CO_HIT_015f/CO_HIT_015f_00001":{"width":175,"height":175},"CO_HIT_015/CO_HIT_015f/CO_HIT_015f_00002":{"width":175,"height":175},"CO_HIT_015/CO_HIT_015f/CO_HIT_015f_00003":{"width":175,"height":175},"CO_HIT_015/CO_HIT_015f/CO_HIT_015f_00004":{"width":175,"height":175}},"CO_HIT_015_2":{"CO_HIT_015/CO_HIT_015a/CO_HIT_015a_00001":{"scaleX":-1,"rotation":122.58,"width":175,"height":175},"CO_HIT_015/CO_HIT_015a/CO_HIT_015a_00002":{"scaleX":-1,"rotation":122.59,"width":175,"height":175},"CO_HIT_015/CO_HIT_015a/CO_HIT_015a_00003":{"scaleX":-1,"rotation":122.59,"width":175,"height":175},"CO_HIT_015/CO_HIT_015a/CO_HIT_015a_00004":{"scaleX":-1,"rotation":122.59,"width":175,"height":175},"CO_HIT_015/CO_HIT_015b/CO_HIT_015b_00001":{"scaleX":-1,"rotation":122.59,"width":175,"height":175},"CO_HIT_015/CO_HIT_015b/CO_HIT_015b_00002":{"scaleX":-1,"rotation":122.59,"width":175,"height":175},"CO_HIT_015/CO_HIT_015b/CO_HIT_015b_00003":{"scaleX":-1,"rotation":122.59,"width":175,"height":175},"CO_HIT_015/CO_HIT_015b/CO_HIT_015b_00004":{"scaleX":-1,"rotation":122.59,"width":175,"height":175},"CO_HIT_015/CO_HIT_015c/CO_HIT_015c_00001":{"scaleX":-1,"rotation":122.59,"width":175,"height":175},"CO_HIT_015/CO_HIT_015c/CO_HIT_015c_00002":{"scaleX":-1,"rotation":122.59,"width":175,"height":175},"CO_HIT_015/CO_HIT_015c/CO_HIT_015c_00003":{"scaleX":-1,"rotation":122.59,"width":175,"height":175},"CO_HIT_015/CO_HIT_015c/CO_HIT_015c_00004":{"scaleX":-1,"rotation":122.59,"width":175,"height":175},"CO_HIT_015/CO_HIT_015d/CO_HIT_015d_00001":{"scaleX":-1,"rotation":122.59,"width":175,"height":175},"CO_HIT_015/CO_HIT_015d/CO_HIT_015d_00002":{"scaleX":-1,"rotation":122.59,"width":175,"height":175},"CO_HIT_015/CO_HIT_015d/CO_HIT_015d_00003":{"scaleX":-1,"rotation":122.59,"width":175,"height":175},"CO_HIT_015/CO_HIT_015d/CO_HIT_015d_00004":{"scaleX":-1,"rotation":122.59,"width":175,"height":175},"CO_HIT_015/CO_HIT_015e/CO_HIT_015e_00001":{"scaleX":-1,"rotation":122.59,"width":175,"height":175},"CO_HIT_015/CO_HIT_015e/CO_HIT_015e_00002":{"scaleX":-1,"rotation":122.59,"width":175,"height":175},"CO_HIT_015/CO_HIT_015e/CO_HIT_015e_00003":{"scaleX":-1,"rotation":122.59,"width":175,"height":175},"CO_HIT_015/CO_HIT_015e/CO_HIT_015e_00004":{"scaleX":-1,"rotation":122.59,"width":175,"height":175},"CO_HIT_015/CO_HIT_015f/CO_HIT_015f_00001":{"scaleX":-1,"rotation":122.59,"width":175,"height":175},"CO_HIT_015/CO_HIT_015f/CO_HIT_015f_00002":{"scaleX":-1,"rotation":122.59,"width":175,"height":175},"CO_HIT_015/CO_HIT_015f/CO_HIT_015f_00003":{"scaleX":-1,"rotation":122.59,"width":175,"height":175},"CO_HIT_015/CO_HIT_015f/CO_HIT_015f_00004":{"scaleX":-1,"rotation":122.59,"width":175,"height":175}},"CO_HIT_019":{"CO_HIT_019/CO_HIT_019a/CO_HIT_019a_00000":{"width":250,"height":250},"CO_HIT_019/CO_HIT_019a/CO_HIT_019a_00001":{"width":250,"height":250},"CO_HIT_019/CO_HIT_019a/CO_HIT_019a_00002":{"width":250,"height":250},"CO_HIT_019/CO_HIT_019a/CO_HIT_019a_00003":{"width":250,"height":250},"CO_HIT_019/CO_HIT_019a/CO_HIT_019a_00004":{"width":250,"height":250},"CO_HIT_019/CO_HIT_019a/CO_HIT_019a_00005":{"width":250,"height":250},"CO_HIT_019/CO_HIT_019a/CO_HIT_019a_00006":{"width":250,"height":250},"CO_HIT_019/CO_HIT_019b/CO_HIT_019b_00000":{"width":250,"height":250},"CO_HIT_019/CO_HIT_019b/CO_HIT_019b_00001":{"width":250,"height":250},"CO_HIT_019/CO_HIT_019b/CO_HIT_019b_00002":{"width":250,"height":250},"CO_HIT_019/CO_HIT_019b/CO_HIT_019b_00003":{"width":250,"height":250},"CO_HIT_019/CO_HIT_019b/CO_HIT_019b_00004":{"width":250,"height":250},"CO_HIT_019/CO_HIT_019b/CO_HIT_019b_00005":{"width":250,"height":250},"CO_HIT_019/CO_HIT_019b/CO_HIT_019b_00006":{"width":250,"height":250},"CO_HIT_019/CO_HIT_019c/CO_HIT_019c_00000":{"width":250,"height":250},"CO_HIT_019/CO_HIT_019c/CO_HIT_019c_00001":{"width":250,"height":250},"CO_HIT_019/CO_HIT_019c/CO_HIT_019c_00002":{"width":250,"height":250},"CO_HIT_019/CO_HIT_019c/CO_HIT_019c_00003":{"width":250,"height":250},"CO_HIT_019/CO_HIT_019c/CO_HIT_019c_00004":{"width":250,"height":250},"CO_HIT_019/CO_HIT_019c/CO_HIT_019c_00005":{"width":250,"height":250},"CO_HIT_019/CO_HIT_019c/CO_HIT_019c_00006":{"width":250,"height":250},"CO_HIT_019/CO_HIT_019d/CO_HIT_019d_00000":{"width":250,"height":250},"CO_HIT_019/CO_HIT_019d/CO_HIT_019d_00001":{"width":250,"height":250},"CO_HIT_019/CO_HIT_019d/CO_HIT_019d_00002":{"width":250,"height":250},"CO_HIT_019/CO_HIT_019d/CO_HIT_019d_00003":{"width":250,"height":250},"CO_HIT_019/CO_HIT_019d/CO_HIT_019d_00004":{"width":250,"height":250},"CO_HIT_019/CO_HIT_019d/CO_HIT_019d_00005":{"width":250,"height":250},"CO_HIT_019/CO_HIT_019d/CO_HIT_019d_00006":{"width":250,"height":250},"CO_HIT_019/CO_HIT_019e/CO_HIT_019e_00000":{"width":250,"height":250},"CO_HIT_019/CO_HIT_019e/CO_HIT_019e_00001":{"width":250,"height":250},"CO_HIT_019/CO_HIT_019e/CO_HIT_019e_00002":{"width":250,"height":250},"CO_HIT_019/CO_HIT_019e/CO_HIT_019e_00003":{"width":250,"height":250},"CO_HIT_019/CO_HIT_019e/CO_HIT_019e_00004":{"width":250,"height":250},"CO_HIT_019/CO_HIT_019e/CO_HIT_019e_00005":{"width":250,"height":250},"CO_HIT_019/CO_HIT_019e/CO_HIT_019e_00006":{"width":250,"height":250},"CO_HIT_019/CO_HIT_019f/CO_HIT_019f_00000":{"width":250,"height":250},"CO_HIT_019/CO_HIT_019f/CO_HIT_019f_00001":{"width":250,"height":250},"CO_HIT_019/CO_HIT_019f/CO_HIT_019f_00002":{"width":250,"height":250},"CO_HIT_019/CO_HIT_019f/CO_HIT_019f_00003":{"width":250,"height":250},"CO_HIT_019/CO_HIT_019f/CO_HIT_019f_00004":{"width":250,"height":250},"CO_HIT_019/CO_HIT_019f/CO_HIT_019f_00005":{"width":250,"height":250},"CO_HIT_019/CO_HIT_019f/CO_HIT_019f_00006":{"width":250,"height":250}},"CO_HIT_019_2":{"CO_HIT_019/CO_HIT_019a/CO_HIT_019a_00000":{"rotation":179.95,"width":250,"height":250},"CO_HIT_019/CO_HIT_019a/CO_HIT_019a_00001":{"rotation":179.95,"width":250,"height":250},"CO_HIT_019/CO_HIT_019a/CO_HIT_019a_00002":{"rotation":179.95,"width":250,"height":250},"CO_HIT_019/CO_HIT_019a/CO_HIT_019a_00003":{"rotation":179.95,"width":250,"height":250},"CO_HIT_019/CO_HIT_019a/CO_HIT_019a_00004":{"rotation":179.95,"width":250,"height":250},"CO_HIT_019/CO_HIT_019a/CO_HIT_019a_00005":{"rotation":179.95,"width":250,"height":250},"CO_HIT_019/CO_HIT_019a/CO_HIT_019a_00006":{"rotation":179.95,"width":250,"height":250},"CO_HIT_019/CO_HIT_019b/CO_HIT_019b_00000":{"rotation":179.95,"width":250,"height":250},"CO_HIT_019/CO_HIT_019b/CO_HIT_019b_00001":{"rotation":179.95,"width":250,"height":250},"CO_HIT_019/CO_HIT_019b/CO_HIT_019b_00002":{"rotation":179.95,"width":250,"height":250},"CO_HIT_019/CO_HIT_019b/CO_HIT_019b_00003":{"rotation":179.95,"width":250,"height":250},"CO_HIT_019/CO_HIT_019b/CO_HIT_019b_00004":{"rotation":179.95,"width":250,"height":250},"CO_HIT_019/CO_HIT_019b/CO_HIT_019b_00005":{"rotation":179.95,"width":250,"height":250},"CO_HIT_019/CO_HIT_019b/CO_HIT_019b_00006":{"rotation":179.95,"width":250,"height":250},"CO_HIT_019/CO_HIT_019c/CO_HIT_019c_00000":{"rotation":179.95,"width":250,"height":250},"CO_HIT_019/CO_HIT_019c/CO_HIT_019c_00001":{"rotation":179.95,"width":250,"height":250},"CO_HIT_019/CO_HIT_019c/CO_HIT_019c_00002":{"rotation":179.95,"width":250,"height":250},"CO_HIT_019/CO_HIT_019c/CO_HIT_019c_00003":{"rotation":179.95,"width":250,"height":250},"CO_HIT_019/CO_HIT_019c/CO_HIT_019c_00004":{"rotation":179.95,"width":250,"height":250},"CO_HIT_019/CO_HIT_019c/CO_HIT_019c_00005":{"rotation":179.95,"width":250,"height":250},"CO_HIT_019/CO_HIT_019c/CO_HIT_019c_00006":{"rotation":179.95,"width":250,"height":250},"CO_HIT_019/CO_HIT_019d/CO_HIT_019d_00000":{"rotation":179.95,"width":250,"height":250},"CO_HIT_019/CO_HIT_019d/CO_HIT_019d_00001":{"rotation":179.95,"width":250,"height":250},"CO_HIT_019/CO_HIT_019d/CO_HIT_019d_00002":{"rotation":179.95,"width":250,"height":250},"CO_HIT_019/CO_HIT_019d/CO_HIT_019d_00003":{"rotation":179.95,"width":250,"height":250},"CO_HIT_019/CO_HIT_019d/CO_HIT_019d_00004":{"rotation":179.95,"width":250,"height":250},"CO_HIT_019/CO_HIT_019d/CO_HIT_019d_00005":{"rotation":179.95,"width":250,"height":250},"CO_HIT_019/CO_HIT_019d/CO_HIT_019d_00006":{"rotation":179.95,"width":250,"height":250},"CO_HIT_019/CO_HIT_019e/CO_HIT_019e_00000":{"rotation":179.95,"width":250,"height":250},"CO_HIT_019/CO_HIT_019e/CO_HIT_019e_00001":{"rotation":179.95,"width":250,"height":250},"CO_HIT_019/CO_HIT_019e/CO_HIT_019e_00002":{"rotation":179.95,"width":250,"height":250},"CO_HIT_019/CO_HIT_019e/CO_HIT_019e_00003":{"rotation":179.95,"width":250,"height":250},"CO_HIT_019/CO_HIT_019e/CO_HIT_019e_00004":{"rotation":179.95,"width":250,"height":250},"CO_HIT_019/CO_HIT_019e/CO_HIT_019e_00005":{"rotation":179.95,"width":250,"height":250},"CO_HIT_019/CO_HIT_019e/CO_HIT_019e_00006":{"rotation":179.95,"width":250,"height":250},"CO_HIT_019/CO_HIT_019f/CO_HIT_019f_00000":{"rotation":179.95,"width":250,"height":250},"CO_HIT_019/CO_HIT_019f/CO_HIT_019f_00001":{"rotation":179.95,"width":250,"height":250},"CO_HIT_019/CO_HIT_019f/CO_HIT_019f_00002":{"rotation":179.95,"width":250,"height":250},"CO_HIT_019/CO_HIT_019f/CO_HIT_019f_00003":{"rotation":179.95,"width":250,"height":250},"CO_HIT_019/CO_HIT_019f/CO_HIT_019f_00004":{"rotation":179.95,"width":250,"height":250},"CO_HIT_019/CO_HIT_019f/CO_HIT_019f_00005":{"rotation":179.95,"width":250,"height":250},"CO_HIT_019/CO_HIT_019f/CO_HIT_019f_00006":{"rotation":179.95,"width":250,"height":250}},"CO_HIT_021":{"CO_HIT_021/CO_HIT_021a/CO_HIT_021a_00001":{"width":250,"height":250},"CO_HIT_021/CO_HIT_021a/CO_HIT_021a_00002":{"width":250,"height":250},"CO_HIT_021/CO_HIT_021a/CO_HIT_021a_00003":{"width":250,"height":250},"CO_HIT_021/CO_HIT_021a/CO_HIT_021a_00005":{"width":250,"height":250},"CO_HIT_021/CO_HIT_021b/CO_HIT_021b_00001":{"width":250,"height":250},"CO_HIT_021/CO_HIT_021b/CO_HIT_021b_00002":{"width":250,"height":250},"CO_HIT_021/CO_HIT_021b/CO_HIT_021b_00003":{"width":250,"height":250},"CO_HIT_021/CO_HIT_021b/CO_HIT_021b_00005":{"width":250,"height":250},"CO_HIT_021/CO_HIT_021c/CO_HIT_021c_00001":{"width":250,"height":250},"CO_HIT_021/CO_HIT_021c/CO_HIT_021c_00002":{"width":250,"height":250},"CO_HIT_021/CO_HIT_021c/CO_HIT_021c_00003":{"width":250,"height":250},"CO_HIT_021/CO_HIT_021c/CO_HIT_021c_00005":{"width":250,"height":250},"CO_HIT_021/CO_HIT_021d/CO_HIT_021d_00001":{"width":250,"height":250},"CO_HIT_021/CO_HIT_021d/CO_HIT_021d_00002":{"width":250,"height":250},"CO_HIT_021/CO_HIT_021d/CO_HIT_021d_00003":{"width":250,"height":250},"CO_HIT_021/CO_HIT_021d/CO_HIT_021d_00005":{"width":250,"height":250},"CO_HIT_021/CO_HIT_021e/CO_HIT_021e_00001":{"width":250,"height":250},"CO_HIT_021/CO_HIT_021e/CO_HIT_021e_00002":{"width":250,"height":250},"CO_HIT_021/CO_HIT_021e/CO_HIT_021e_00003":{"width":250,"height":250},"CO_HIT_021/CO_HIT_021e/CO_HIT_021e_00005":{"width":250,"height":250},"CO_HIT_021/CO_HIT_021f/CO_HIT_021f_00001":{"width":250,"height":250},"CO_HIT_021/CO_HIT_021f/CO_HIT_021f_00002":{"width":250,"height":250},"CO_HIT_021/CO_HIT_021f/CO_HIT_021f_00003":{"width":250,"height":250},"CO_HIT_021/CO_HIT_021f/CO_HIT_021f_00005":{"width":250,"height":250}},"CO_HIT_021_2":{"CO_HIT_021/CO_HIT_021a/CO_HIT_021a_00001":{"rotation":-82.2,"width":250,"height":250},"CO_HIT_021/CO_HIT_021a/CO_HIT_021a_00002":{"rotation":277.79,"width":250,"height":250},"CO_HIT_021/CO_HIT_021a/CO_HIT_021a_00003":{"rotation":277.79,"width":250,"height":250},"CO_HIT_021/CO_HIT_021a/CO_HIT_021a_00005":{"rotation":277.79,"width":250,"height":250},"CO_HIT_021/CO_HIT_021b/CO_HIT_021b_00001":{"rotation":277.79,"width":250,"height":250},"CO_HIT_021/CO_HIT_021b/CO_HIT_021b_00002":{"rotation":277.79,"width":250,"height":250},"CO_HIT_021/CO_HIT_021b/CO_HIT_021b_00003":{"rotation":277.79,"width":250,"height":250},"CO_HIT_021/CO_HIT_021b/CO_HIT_021b_00005":{"rotation":277.79,"width":250,"height":250},"CO_HIT_021/CO_HIT_021c/CO_HIT_021c_00001":{"rotation":277.79,"width":250,"height":250},"CO_HIT_021/CO_HIT_021c/CO_HIT_021c_00002":{"rotation":277.79,"width":250,"height":250},"CO_HIT_021/CO_HIT_021c/CO_HIT_021c_00003":{"rotation":277.79,"width":250,"height":250},"CO_HIT_021/CO_HIT_021c/CO_HIT_021c_00005":{"rotation":277.79,"width":250,"height":250},"CO_HIT_021/CO_HIT_021d/CO_HIT_021d_00001":{"rotation":277.79,"width":250,"height":250},"CO_HIT_021/CO_HIT_021d/CO_HIT_021d_00002":{"rotation":277.79,"width":250,"height":250},"CO_HIT_021/CO_HIT_021d/CO_HIT_021d_00003":{"rotation":277.79,"width":250,"height":250},"CO_HIT_021/CO_HIT_021d/CO_HIT_021d_00005":{"rotation":277.79,"width":250,"height":250},"CO_HIT_021/CO_HIT_021e/CO_HIT_021e_00001":{"rotation":277.79,"width":250,"height":250},"CO_HIT_021/CO_HIT_021e/CO_HIT_021e_00002":{"rotation":277.79,"width":250,"height":250},"CO_HIT_021/CO_HIT_021e/CO_HIT_021e_00003":{"rotation":277.79,"width":250,"height":250},"CO_HIT_021/CO_HIT_021e/CO_HIT_021e_00005":{"rotation":277.79,"width":250,"height":250},"CO_HIT_021/CO_HIT_021f/CO_HIT_021f_00001":{"rotation":277.79,"width":250,"height":250},"CO_HIT_021/CO_HIT_021f/CO_HIT_021f_00002":{"rotation":277.79,"width":250,"height":250},"CO_HIT_021/CO_HIT_021f/CO_HIT_021f_00003":{"rotation":277.79,"width":250,"height":250},"CO_HIT_021/CO_HIT_021f/CO_HIT_021f_00005":{"rotation":277.79,"width":250,"height":250}},"CO_HIT_026":{"CO_HIT_026/CO_HIT_026b/CO_HIT_026b_00001":{"width":225,"height":225},"CO_HIT_026/CO_HIT_026b/CO_HIT_026b_00002":{"width":225,"height":225},"CO_HIT_026/CO_HIT_026b/CO_HIT_026b_00003":{"width":225,"height":225},"CO_HIT_026/CO_HIT_026b/CO_HIT_026b_00004":{"width":225,"height":225},"CO_HIT_026/CO_HIT_026b/CO_HIT_026b_00005":{"width":225,"height":225},"CO_HIT_026/CO_HIT_026b/CO_HIT_026b_00006":{"width":225,"height":225},"CO_HIT_026/CO_HIT_026b/CO_HIT_026b_00007":{"width":225,"height":225},"CO_HIT_026/CO_HIT_026b/CO_HIT_026b_00008":{"width":225,"height":225},"CO_HIT_026/CO_HIT_026b/CO_HIT_026b_00009":{"width":225,"height":225},"CO_HIT_026/CO_HIT_026b/CO_HIT_026b_00010":{"width":225,"height":225},"CO_HIT_026/CO_HIT_026b/CO_HIT_026b_00011":{"width":225,"height":225}},"CO_HIT_026_2":{"CO_HIT_026/CO_HIT_026b/CO_HIT_026b_00001":{"scaleX":-0.8,"scaleY":0.8,"width":225,"height":225},"CO_HIT_026/CO_HIT_026b/CO_HIT_026b_00002":{"scaleX":-0.8,"scaleY":0.8,"width":225,"height":225},"CO_HIT_026/CO_HIT_026b/CO_HIT_026b_00003":{"scaleX":-0.8,"scaleY":0.8,"width":225,"height":225},"CO_HIT_026/CO_HIT_026b/CO_HIT_026b_00004":{"scaleX":-0.8,"scaleY":0.8,"width":225,"height":225},"CO_HIT_026/CO_HIT_026b/CO_HIT_026b_00005":{"scaleX":-0.8,"scaleY":0.8,"width":225,"height":225},"CO_HIT_026/CO_HIT_026b/CO_HIT_026b_00006":{"scaleX":-0.8,"scaleY":0.8,"width":225,"height":225},"CO_HIT_026/CO_HIT_026b/CO_HIT_026b_00007":{"scaleX":-0.8,"scaleY":0.8,"width":225,"height":225},"CO_HIT_026/CO_HIT_026b/CO_HIT_026b_00008":{"scaleX":-0.8,"scaleY":0.8,"width":225,"height":225},"CO_HIT_026/CO_HIT_026b/CO_HIT_026b_00009":{"scaleX":-0.8,"scaleY":0.8,"width":225,"height":225},"CO_HIT_026/CO_HIT_026b/CO_HIT_026b_00010":{"scaleX":-0.8,"scaleY":0.8,"width":225,"height":225},"CO_HIT_026/CO_HIT_026b/CO_HIT_026b_00011":{"scaleX":-0.8,"scaleY":0.8,"width":225,"height":225}}}},"animations":{"hit0":{"slots":{"CO_HIT_000":{"attachment":[{"time":0.0333,"name":"CO_HIT_000/VBHT_Slash20001"},{"time":0.0666,"name":"CO_HIT_000/VBHT_Slash20002"},{"time":0.1,"name":"CO_HIT_000/VBHT_Slash20003"},{"time":0.1333,"name":"CO_HIT_000/VBHT_Slash20004"},{"time":0.1666,"name":"CO_HIT_000/VBHT_Slash20005"},{"time":0.2,"name":"CO_HIT_000/VBHT_Slash20007"},{"time":0.2333,"name":"CO_HIT_000/VBHT_Slash20009"},{"time":0.3333,"name":null}],"color":[{"time":0.2333,"color":"ffa84bff"},{"time":0.3333,"color":"ffffff00"}]},"CO_HIT_000_2":{"attachment":[{"time":0.0333,"name":"CO_HIT_000/VBHT_Slash20001"},{"time":0.0666,"name":"CO_HIT_000/VBHT_Slash20002"},{"time":0.1,"name":"CO_HIT_000/VBHT_Slash20003"},{"time":0.1333,"name":"CO_HIT_000/VBHT_Slash20004"},{"time":0.1666,"name":"CO_HIT_000/VBHT_Slash20005"},{"time":0.2,"name":"CO_HIT_000/VBHT_Slash20007"},{"time":0.2333,"name":"CO_HIT_000/VBHT_Slash20009"},{"time":0.3333,"name":null}],"color":[{"time":0.2333,"color":"ff9135ff"},{"time":0.3333,"color":"ff913500"}]}},"bones":{"MAIN":{"scale":[{"time":0.2333,"x":1,"y":1},{"time":0.3333,"x":1.152,"y":1.152}]}}},"hit02a":{"slots":{"CO_HIT_004":{"attachment":[{"time":0,"name":"CO_HIT_004/CO_HIT_004a/CO_HIT_004a_00002"},{"time":0.0333,"name":"CO_HIT_004/CO_HIT_004a/CO_HIT_004a_00004"},{"time":0.0666,"name":"CO_HIT_004/CO_HIT_004a/CO_HIT_004a_00006"},{"time":0.1,"name":"CO_HIT_004/CO_HIT_004a/CO_HIT_004a_00008"},{"time":0.1333,"name":"CO_HIT_004/CO_HIT_004a/CO_HIT_004a_00010"},{"time":0.1666,"name":"CO_HIT_004/CO_HIT_004a/CO_HIT_004a_00011"},{"time":0.2,"name":"CO_HIT_004/CO_HIT_004a/CO_HIT_004a_00012"},{"time":0.3333,"name":null}],"color":[{"time":0,"color":"ffffffff"},{"time":0.2666,"color":"ffffff00"}]},"CO_HIT_004_2":{"attachment":[{"time":0,"name":"CO_HIT_004/CO_HIT_004a/CO_HIT_004a_00002"},{"time":0.0333,"name":"CO_HIT_004/CO_HIT_004a/CO_HIT_004a_00004"},{"time":0.0666,"name":"CO_HIT_004/CO_HIT_004a/CO_HIT_004a_00006"},{"time":0.1,"name":"CO_HIT_004/CO_HIT_004a/CO_HIT_004a_00008"},{"time":0.1333,"name":"CO_HIT_004/CO_HIT_004a/CO_HIT_004a_00010"},{"time":0.1666,"name":"CO_HIT_004/CO_HIT_004a/CO_HIT_004a_00011"},{"time":0.2,"name":"CO_HIT_004/CO_HIT_004a/CO_HIT_004a_00012"},{"time":0.3333,"name":null}],"color":[{"time":0,"color":"ffffffff"},{"time":0.2666,"color":"ffffff00"}]}}},"hit02b":{"slots":{"CO_HIT_004":{"attachment":[{"time":0,"name":"CO_HIT_004/CO_HIT_004b/CO_HIT_004b_00002"},{"time":0.0333,"name":"CO_HIT_004/CO_HIT_004b/CO_HIT_004b_00004"},{"time":0.0666,"name":"CO_HIT_004/CO_HIT_004b/CO_HIT_004b_00006"},{"time":0.1,"name":"CO_HIT_004/CO_HIT_004b/CO_HIT_004b_00008"},{"time":0.1333,"name":"CO_HIT_004/CO_HIT_004b/CO_HIT_004b_00010"},{"time":0.1666,"name":"CO_HIT_004/CO_HIT_004b/CO_HIT_004b_00011"},{"time":0.2,"name":"CO_HIT_004/CO_HIT_004b/CO_HIT_004b_00012"},{"time":0.3333,"name":null}],"color":[{"time":0,"color":"ffffffff"},{"time":0.2666,"color":"ffffff00"}]},"CO_HIT_004_2":{"attachment":[{"time":0,"name":"CO_HIT_004/CO_HIT_004b/CO_HIT_004b_00002"},{"time":0.0333,"name":"CO_HIT_004/CO_HIT_004b/CO_HIT_004b_00004"},{"time":0.0666,"name":"CO_HIT_004/CO_HIT_004b/CO_HIT_004b_00006"},{"time":0.1,"name":"CO_HIT_004/CO_HIT_004b/CO_HIT_004b_00008"},{"time":0.1333,"name":"CO_HIT_004/CO_HIT_004b/CO_HIT_004b_00010"},{"time":0.1666,"name":"CO_HIT_004/CO_HIT_004b/CO_HIT_004b_00011"},{"time":0.2,"name":"CO_HIT_004/CO_HIT_004b/CO_HIT_004b_00012"},{"time":0.3333,"name":null}],"color":[{"time":0,"color":"ffffffff"},{"time":0.2666,"color":"ffffff00"}]}}},"hit02c":{"slots":{"CO_HIT_004":{"attachment":[{"time":0,"name":"CO_HIT_004/CO_HIT_004c/CO_HIT_004c_00002"},{"time":0.0333,"name":"CO_HIT_004/CO_HIT_004c/CO_HIT_004c_00004"},{"time":0.0666,"name":"CO_HIT_004/CO_HIT_004c/CO_HIT_004c_00006"},{"time":0.1,"name":"CO_HIT_004/CO_HIT_004c/CO_HIT_004c_00008"},{"time":0.1333,"name":"CO_HIT_004/CO_HIT_004c/CO_HIT_004c_00010"},{"time":0.1666,"name":"CO_HIT_004/CO_HIT_004c/CO_HIT_004c_00011"},{"time":0.2,"name":"CO_HIT_004/CO_HIT_004c/CO_HIT_004c_00012"},{"time":0.3333,"name":null}],"color":[{"time":0,"color":"ffffffff"},{"time":0.2666,"color":"ffffff00"}]},"CO_HIT_004_2":{"attachment":[{"time":0,"name":"CO_HIT_004/CO_HIT_004c/CO_HIT_004c_00002"},{"time":0.0333,"name":"CO_HIT_004/CO_HIT_004c/CO_HIT_004c_00004"},{"time":0.0666,"name":"CO_HIT_004/CO_HIT_004c/CO_HIT_004c_00006"},{"time":0.1,"name":"CO_HIT_004/CO_HIT_004c/CO_HIT_004c_00008"},{"time":0.1333,"name":"CO_HIT_004/CO_HIT_004c/CO_HIT_004c_00010"},{"time":0.1666,"name":"CO_HIT_004/CO_HIT_004c/CO_HIT_004c_00011"},{"time":0.2,"name":"CO_HIT_004/CO_HIT_004c/CO_HIT_004c_00012"},{"time":0.3333,"name":null}],"color":[{"time":0,"color":"ffffffff"},{"time":0.2666,"color":"ffffff00"}]}}},"hit02d":{"slots":{"CO_HIT_004":{"attachment":[{"time":0,"name":"CO_HIT_004/CO_HIT_004d/COHIT_004d_00002"},{"time":0.0333,"name":"CO_HIT_004/CO_HIT_004d/COHIT_004d_00004"},{"time":0.0666,"name":"CO_HIT_004/CO_HIT_004d/COHIT_004d_00006"},{"time":0.1,"name":"CO_HIT_004/CO_HIT_004d/COHIT_004d_00008"},{"time":0.1333,"name":"CO_HIT_004/CO_HIT_004d/COHIT_004d_00010"},{"time":0.1666,"name":"CO_HIT_004/CO_HIT_004d/COHIT_004d_00011"},{"time":0.2,"name":"CO_HIT_004/CO_HIT_004d/COHIT_004d_00012"},{"time":0.3333,"name":null}],"color":[{"time":0,"color":"ffffffff"},{"time":0.2666,"color":"ffffff00"}]},"CO_HIT_004_2":{"attachment":[{"time":0,"name":"CO_HIT_004/CO_HIT_004d/COHIT_004d_00002"},{"time":0.0333,"name":"CO_HIT_004/CO_HIT_004d/COHIT_004d_00004"},{"time":0.0666,"name":"CO_HIT_004/CO_HIT_004d/COHIT_004d_00006"},{"time":0.1,"name":"CO_HIT_004/CO_HIT_004d/COHIT_004d_00008"},{"time":0.1333,"name":"CO_HIT_004/CO_HIT_004d/COHIT_004d_00010"},{"time":0.1666,"name":"CO_HIT_004/CO_HIT_004d/COHIT_004d_00011"},{"time":0.2,"name":"CO_HIT_004/CO_HIT_004d/COHIT_004d_00012"},{"time":0.3333,"name":null}],"color":[{"time":0,"color":"ffffffff"},{"time":0.2666,"color":"ffffff00"}]}}},"hit02e":{"slots":{"CO_HIT_004":{"attachment":[{"time":0,"name":"CO_HIT_004/CO_HIT_004e/CO_HIT_004e_00002"},{"time":0.0333,"name":"CO_HIT_004/CO_HIT_004e/CO_HIT_004e_00004"},{"time":0.0666,"name":"CO_HIT_004/CO_HIT_004e/CO_HIT_004e_00006"},{"time":0.1,"name":"CO_HIT_004/CO_HIT_004e/CO_HIT_004e_00008"},{"time":0.1333,"name":"CO_HIT_004/CO_HIT_004e/CO_HIT_004e_00010"},{"time":0.1666,"name":"CO_HIT_004/CO_HIT_004e/CO_HIT_004e_00011"},{"time":0.2,"name":"CO_HIT_004/CO_HIT_004e/CO_HIT_004e_00012"},{"time":0.3333,"name":null}],"color":[{"time":0,"color":"ffffffff"},{"time":0.2666,"color":"ffffff00"}]},"CO_HIT_004_2":{"attachment":[{"time":0,"name":"CO_HIT_004/CO_HIT_004e/CO_HIT_004e_00002"},{"time":0.0333,"name":"CO_HIT_004/CO_HIT_004e/CO_HIT_004e_00004"},{"time":0.0666,"name":"CO_HIT_004/CO_HIT_004e/CO_HIT_004e_00006"},{"time":0.1,"name":"CO_HIT_004/CO_HIT_004e/CO_HIT_004e_00008"},{"time":0.1333,"name":"CO_HIT_004/CO_HIT_004e/CO_HIT_004e_00010"},{"time":0.1666,"name":"CO_HIT_004/CO_HIT_004e/CO_HIT_004e_00011"},{"time":0.2,"name":"CO_HIT_004/CO_HIT_004e/CO_HIT_004e_00012"},{"time":0.3333,"name":null}],"color":[{"time":0,"color":"ffffffff"},{"time":0.2666,"color":"ffffff00"}]}}},"hit02f":{"slots":{"CO_HIT_004":{"attachment":[{"time":0,"name":"CO_HIT_004/CO_HIT_004f/CO_HIT_004f_00002"},{"time":0.0333,"name":"CO_HIT_004/CO_HIT_004f/CO_HIT_004f_00004"},{"time":0.0666,"name":"CO_HIT_004/CO_HIT_004f/CO_HIT_004f_00006"},{"time":0.1,"name":"CO_HIT_004/CO_HIT_004f/CO_HIT_004f_00008"},{"time":0.1333,"name":"CO_HIT_004/CO_HIT_004f/CO_HIT_004f_00011"},{"time":0.1666,"name":"CO_HIT_004/CO_HIT_004f/CO_HIT_004f_00012"},{"time":0.2,"name":"CO_HIT_004/CO_HIT_004f/CO_HIT_004f_00012"},{"time":0.3333,"name":null}],"color":[{"time":0,"color":"ffffffff"},{"time":0.2666,"color":"ffffff00"}]},"CO_HIT_004_2":{"attachment":[{"time":0,"name":"CO_HIT_004/CO_HIT_004f/CO_HIT_004f_00002"},{"time":0.0333,"name":"CO_HIT_004/CO_HIT_004f/CO_HIT_004f_00004"},{"time":0.0666,"name":"CO_HIT_004/CO_HIT_004f/CO_HIT_004f_00006"},{"time":0.1,"name":"CO_HIT_004/CO_HIT_004f/CO_HIT_004f_00008"},{"time":0.1333,"name":"CO_HIT_004/CO_HIT_004f/CO_HIT_004f_00010"},{"time":0.1666,"name":"CO_HIT_004/CO_HIT_004f/CO_HIT_004f_00011"},{"time":0.2,"name":"CO_HIT_004/CO_HIT_004f/CO_HIT_004f_00012"},{"time":0.3333,"name":null}],"color":[{"time":0,"color":"ffffffff"},{"time":0.2666,"color":"ffffff00"}]}}},"hit03a":{"slots":{"CO_HIT_015":{"attachment":[{"time":0,"name":"CO_HIT_015/CO_HIT_015a/CO_HIT_015a_00001"},{"time":0.0333,"name":"CO_HIT_015/CO_HIT_015a/CO_HIT_015a_00002"},{"time":0.0666,"name":"CO_HIT_015/CO_HIT_015a/CO_HIT_015a_00003"},{"time":0.1,"name":"CO_HIT_015/CO_HIT_015a/CO_HIT_015a_00004"},{"time":0.3333,"name":null}],"color":[{"time":0.1,"color":"ffffffff"},{"time":0.1666,"color":"ffffff00"}]},"CO_HIT_015_2":{"attachment":[{"time":0,"name":"CO_HIT_015/CO_HIT_015a/CO_HIT_015a_00001"},{"time":0.0333,"name":"CO_HIT_015/CO_HIT_015a/CO_HIT_015a_00002"},{"time":0.0666,"name":"CO_HIT_015/CO_HIT_015a/CO_HIT_015a_00003"},{"time":0.1,"name":"CO_HIT_015/CO_HIT_015a/CO_HIT_015a_00004"},{"time":0.3333,"name":null}],"color":[{"time":0.1,"color":"ffffffff"},{"time":0.1666,"color":"ffffff00"}]}},"bones":{"MAIN":{"scale":[{"time":0.1,"x":1,"y":1},{"time":0.1666,"x":1.252,"y":1.252}]}}},"hit03b":{"slots":{"CO_HIT_015":{"attachment":[{"time":0,"name":"CO_HIT_015/CO_HIT_015b/CO_HIT_015b_00001"},{"time":0.0333,"name":"CO_HIT_015/CO_HIT_015b/CO_HIT_015b_00002"},{"time":0.0666,"name":"CO_HIT_015/CO_HIT_015b/CO_HIT_015b_00003"},{"time":0.1,"name":"CO_HIT_015/CO_HIT_015b/CO_HIT_015b_00004"},{"time":0.3333,"name":null}],"color":[{"time":0.1,"color":"ffffffff"},{"time":0.1666,"color":"ffffff00"}]},"CO_HIT_015_2":{"attachment":[{"time":0,"name":"CO_HIT_015/CO_HIT_015b/CO_HIT_015b_00001"},{"time":0.0333,"name":"CO_HIT_015/CO_HIT_015b/CO_HIT_015b_00002"},{"time":0.0666,"name":"CO_HIT_015/CO_HIT_015b/CO_HIT_015b_00003"},{"time":0.1,"name":"CO_HIT_015/CO_HIT_015b/CO_HIT_015b_00004"},{"time":0.3333,"name":null}],"color":[{"time":0.1,"color":"ffffffff"},{"time":0.1666,"color":"ffffff00"}]}},"bones":{"MAIN":{"scale":[{"time":0.1,"x":1,"y":1},{"time":0.1666,"x":1.252,"y":1.252}]}}},"hit03c":{"slots":{"CO_HIT_015":{"attachment":[{"time":0,"name":"CO_HIT_015/CO_HIT_015c/CO_HIT_015c_00001"},{"time":0.0333,"name":"CO_HIT_015/CO_HIT_015c/CO_HIT_015c_00002"},{"time":0.0666,"name":"CO_HIT_015/CO_HIT_015c/CO_HIT_015c_00003"},{"time":0.1,"name":"CO_HIT_015/CO_HIT_015c/CO_HIT_015c_00004"},{"time":0.3333,"name":null}],"color":[{"time":0.1,"color":"ffffffff"},{"time":0.1666,"color":"ffffff00"}]},"CO_HIT_015_2":{"attachment":[{"time":0,"name":"CO_HIT_015/CO_HIT_015c/CO_HIT_015c_00001"},{"time":0.0333,"name":"CO_HIT_015/CO_HIT_015c/CO_HIT_015c_00002"},{"time":0.0666,"name":"CO_HIT_015/CO_HIT_015c/CO_HIT_015c_00002"},{"time":0.1,"name":"CO_HIT_015/CO_HIT_015c/CO_HIT_015c_00003"},{"time":0.3333,"name":null}],"color":[{"time":0.1,"color":"ffffffff"},{"time":0.1666,"color":"ffffff00"}]}},"bones":{"MAIN":{"scale":[{"time":0.1,"x":1,"y":1},{"time":0.1666,"x":1.252,"y":1.252}]}}},"hit03d":{"slots":{"CO_HIT_015":{"attachment":[{"time":0,"name":"CO_HIT_015/CO_HIT_015d/CO_HIT_015d_00001"},{"time":0.0333,"name":"CO_HIT_015/CO_HIT_015d/CO_HIT_015d_00002"},{"time":0.0666,"name":"CO_HIT_015/CO_HIT_015d/CO_HIT_015d_00003"},{"time":0.1,"name":"CO_HIT_015/CO_HIT_015d/CO_HIT_015d_00004"},{"time":0.3333,"name":null}],"color":[{"time":0.1,"color":"ffffffff"},{"time":0.1666,"color":"ffffff00"}]},"CO_HIT_015_2":{"attachment":[{"time":0,"name":"CO_HIT_015/CO_HIT_015d/CO_HIT_015d_00001"},{"time":0.0333,"name":"CO_HIT_015/CO_HIT_015d/CO_HIT_015d_00002"},{"time":0.0666,"name":"CO_HIT_015/CO_HIT_015d/CO_HIT_015d_00003"},{"time":0.1,"name":"CO_HIT_015/CO_HIT_015d/CO_HIT_015d_00004"},{"time":0.3333,"name":null}],"color":[{"time":0.1,"color":"ffffffff"},{"time":0.1666,"color":"ffffff00"}]}},"bones":{"MAIN":{"scale":[{"time":0.1,"x":1,"y":1},{"time":0.1666,"x":1.252,"y":1.252}]}}},"hit03e":{"slots":{"CO_HIT_015":{"attachment":[{"time":0,"name":"CO_HIT_015/CO_HIT_015e/CO_HIT_015e_00001"},{"time":0.0333,"name":"CO_HIT_015/CO_HIT_015e/CO_HIT_015e_00002"},{"time":0.0666,"name":"CO_HIT_015/CO_HIT_015e/CO_HIT_015e_00003"},{"time":0.1,"name":"CO_HIT_015/CO_HIT_015e/CO_HIT_015e_00004"},{"time":0.3333,"name":null}],"color":[{"time":0.1,"color":"ffffffff"},{"time":0.1666,"color":"ffffff00"}]},"CO_HIT_015_2":{"attachment":[{"time":0,"name":"CO_HIT_015/CO_HIT_015e/CO_HIT_015e_00001"},{"time":0.0333,"name":"CO_HIT_015/CO_HIT_015e/CO_HIT_015e_00002"},{"time":0.0666,"name":"CO_HIT_015/CO_HIT_015e/CO_HIT_015e_00003"},{"time":0.1,"name":"CO_HIT_015/CO_HIT_015e/CO_HIT_015e_00004"},{"time":0.3333,"name":null}],"color":[{"time":0.1,"color":"ffffffff"},{"time":0.1666,"color":"ffffff00"}]}},"bones":{"MAIN":{"scale":[{"time":0.1,"x":1,"y":1},{"time":0.1666,"x":1.252,"y":1.252}]}}},"hit03f":{"slots":{"CO_HIT_015":{"attachment":[{"time":0,"name":"CO_HIT_015/CO_HIT_015f/CO_HIT_015f_00001"},{"time":0.0333,"name":"CO_HIT_015/CO_HIT_015f/CO_HIT_015f_00002"},{"time":0.0666,"name":"CO_HIT_015/CO_HIT_015f/CO_HIT_015f_00003"},{"time":0.1,"name":"CO_HIT_015/CO_HIT_015f/CO_HIT_015f_00004"},{"time":0.3333,"name":null}],"color":[{"time":0.1,"color":"ffffffff"},{"time":0.1666,"color":"ffffff00"}]},"CO_HIT_015_2":{"attachment":[{"time":0,"name":"CO_HIT_015/CO_HIT_015f/CO_HIT_015f_00001"},{"time":0.0333,"name":"CO_HIT_015/CO_HIT_015f/CO_HIT_015f_00002"},{"time":0.0666,"name":"CO_HIT_015/CO_HIT_015f/CO_HIT_015f_00003"},{"time":0.1,"name":"CO_HIT_015/CO_HIT_015f/CO_HIT_015f_00004"},{"time":0.3333,"name":null}],"color":[{"time":0.1,"color":"ffffffff"},{"time":0.1666,"color":"ffffff00"}]}},"bones":{"MAIN":{"scale":[{"time":0.1,"x":1,"y":1},{"time":0.1666,"x":1.252,"y":1.252}]}}},"hit04a":{"slots":{"CO_HIT_019":{"attachment":[{"time":0,"name":"CO_HIT_019/CO_HIT_019a/CO_HIT_019a_00000"},{"time":0.0333,"name":"CO_HIT_019/CO_HIT_019a/CO_HIT_019a_00001"},{"time":0.0666,"name":"CO_HIT_019/CO_HIT_019a/CO_HIT_019a_00002"},{"time":0.1,"name":"CO_HIT_019/CO_HIT_019a/CO_HIT_019a_00003"},{"time":0.1333,"name":"CO_HIT_019/CO_HIT_019a/CO_HIT_019a_00004"},{"time":0.1666,"name":"CO_HIT_019/CO_HIT_019a/CO_HIT_019a_00005"},{"time":0.2,"name":"CO_HIT_019/CO_HIT_019a/CO_HIT_019a_00006"},{"time":0.3333,"name":null}],"color":[{"time":0.2,"color":"ffffffff"},{"time":0.2666,"color":"ffffff00"}]},"CO_HIT_019_2":{"attachment":[{"time":0,"name":"CO_HIT_019/CO_HIT_019a/CO_HIT_019a_00000"},{"time":0.0333,"name":"CO_HIT_019/CO_HIT_019a/CO_HIT_019a_00001"},{"time":0.0666,"name":"CO_HIT_019/CO_HIT_019a/CO_HIT_019a_00002"},{"time":0.1,"name":"CO_HIT_019/CO_HIT_019a/CO_HIT_019a_00003"},{"time":0.1333,"name":"CO_HIT_019/CO_HIT_019a/CO_HIT_019a_00004"},{"time":0.1666,"name":"CO_HIT_019/CO_HIT_019a/CO_HIT_019a_00005"},{"time":0.2,"name":"CO_HIT_019/CO_HIT_019a/CO_HIT_019a_00006"},{"time":0.3333,"name":null}],"color":[{"time":0.2,"color":"ffffffff"},{"time":0.2666,"color":"ffffff00"}]}}},"hit04b":{"slots":{"CO_HIT_019":{"attachment":[{"time":0,"name":"CO_HIT_019/CO_HIT_019b/CO_HIT_019b_00000"},{"time":0.0333,"name":"CO_HIT_019/CO_HIT_019b/CO_HIT_019b_00001"},{"time":0.0666,"name":"CO_HIT_019/CO_HIT_019b/CO_HIT_019b_00002"},{"time":0.1,"name":"CO_HIT_019/CO_HIT_019b/CO_HIT_019b_00003"},{"time":0.1333,"name":"CO_HIT_019/CO_HIT_019b/CO_HIT_019b_00004"},{"time":0.1666,"name":"CO_HIT_019/CO_HIT_019b/CO_HIT_019b_00005"},{"time":0.2,"name":"CO_HIT_019/CO_HIT_019b/CO_HIT_019b_00006"},{"time":0.3333,"name":null}],"color":[{"time":0.2,"color":"ffffffff"},{"time":0.2666,"color":"ffffff00"}]},"CO_HIT_019_2":{"attachment":[{"time":0,"name":"CO_HIT_019/CO_HIT_019b/CO_HIT_019b_00000"},{"time":0.0333,"name":"CO_HIT_019/CO_HIT_019b/CO_HIT_019b_00001"},{"time":0.0666,"name":"CO_HIT_019/CO_HIT_019b/CO_HIT_019b_00002"},{"time":0.1,"name":"CO_HIT_019/CO_HIT_019b/CO_HIT_019b_00003"},{"time":0.1333,"name":"CO_HIT_019/CO_HIT_019b/CO_HIT_019b_00004"},{"time":0.1666,"name":"CO_HIT_019/CO_HIT_019b/CO_HIT_019b_00005"},{"time":0.2,"name":"CO_HIT_019/CO_HIT_019b/CO_HIT_019b_00006"},{"time":0.3333,"name":null}],"color":[{"time":0.2,"color":"ffffffff"},{"time":0.2666,"color":"ffffff00"}]}}},"hit04c":{"slots":{"CO_HIT_019":{"attachment":[{"time":0,"name":"CO_HIT_019/CO_HIT_019c/CO_HIT_019c_00000"},{"time":0.0333,"name":"CO_HIT_019/CO_HIT_019c/CO_HIT_019c_00001"},{"time":0.0666,"name":"CO_HIT_019/CO_HIT_019c/CO_HIT_019c_00002"},{"time":0.1,"name":"CO_HIT_019/CO_HIT_019c/CO_HIT_019c_00003"},{"time":0.1333,"name":"CO_HIT_019/CO_HIT_019c/CO_HIT_019c_00004"},{"time":0.1666,"name":"CO_HIT_019/CO_HIT_019c/CO_HIT_019c_00005"},{"time":0.2,"name":"CO_HIT_019/CO_HIT_019c/CO_HIT_019c_00006"},{"time":0.3333,"name":null}],"color":[{"time":0.2,"color":"ffffffff"},{"time":0.2666,"color":"ffffff00"}]},"CO_HIT_019_2":{"attachment":[{"time":0,"name":"CO_HIT_019/CO_HIT_019c/CO_HIT_019c_00000"},{"time":0.0333,"name":"CO_HIT_019/CO_HIT_019c/CO_HIT_019c_00001"},{"time":0.0666,"name":"CO_HIT_019/CO_HIT_019c/CO_HIT_019c_00002"},{"time":0.1,"name":"CO_HIT_019/CO_HIT_019c/CO_HIT_019c_00003"},{"time":0.1333,"name":"CO_HIT_019/CO_HIT_019c/CO_HIT_019c_00004"},{"time":0.1666,"name":"CO_HIT_019/CO_HIT_019c/CO_HIT_019c_00005"},{"time":0.2,"name":"CO_HIT_019/CO_HIT_019c/CO_HIT_019c_00006"},{"time":0.3333,"name":null}],"color":[{"time":0.2,"color":"ffffffff"},{"time":0.2666,"color":"ffffff00"}]}}},"hit04d":{"slots":{"CO_HIT_019":{"attachment":[{"time":0,"name":"CO_HIT_019/CO_HIT_019d/CO_HIT_019d_00000"},{"time":0.0333,"name":"CO_HIT_019/CO_HIT_019d/CO_HIT_019d_00001"},{"time":0.0666,"name":"CO_HIT_019/CO_HIT_019d/CO_HIT_019d_00002"},{"time":0.1,"name":"CO_HIT_019/CO_HIT_019d/CO_HIT_019d_00003"},{"time":0.1333,"name":"CO_HIT_019/CO_HIT_019d/CO_HIT_019d_00004"},{"time":0.1666,"name":"CO_HIT_019/CO_HIT_019d/CO_HIT_019d_00005"},{"time":0.2,"name":"CO_HIT_019/CO_HIT_019d/CO_HIT_019d_00006"},{"time":0.3333,"name":null}],"color":[{"time":0.2,"color":"ffffffff"},{"time":0.2666,"color":"ffffff00"}]},"CO_HIT_019_2":{"attachment":[{"time":0,"name":"CO_HIT_019/CO_HIT_019d/CO_HIT_019d_00000"},{"time":0.0333,"name":"CO_HIT_019/CO_HIT_019d/CO_HIT_019d_00001"},{"time":0.0666,"name":"CO_HIT_019/CO_HIT_019d/CO_HIT_019d_00002"},{"time":0.1,"name":"CO_HIT_019/CO_HIT_019d/CO_HIT_019d_00003"},{"time":0.1333,"name":"CO_HIT_019/CO_HIT_019d/CO_HIT_019d_00004"},{"time":0.1666,"name":"CO_HIT_019/CO_HIT_019d/CO_HIT_019d_00005"},{"time":0.2,"name":"CO_HIT_019/CO_HIT_019d/CO_HIT_019d_00006"},{"time":0.3333,"name":null}],"color":[{"time":0.2,"color":"ffffffff"},{"time":0.2666,"color":"ffffff00"}]}}},"hit04e":{"slots":{"CO_HIT_019":{"attachment":[{"time":0,"name":"CO_HIT_019/CO_HIT_019e/CO_HIT_019e_00000"},{"time":0.0333,"name":"CO_HIT_019/CO_HIT_019e/CO_HIT_019e_00001"},{"time":0.0666,"name":"CO_HIT_019/CO_HIT_019e/CO_HIT_019e_00002"},{"time":0.1,"name":"CO_HIT_019/CO_HIT_019e/CO_HIT_019e_00003"},{"time":0.1333,"name":"CO_HIT_019/CO_HIT_019e/CO_HIT_019e_00004"},{"time":0.1666,"name":"CO_HIT_019/CO_HIT_019e/CO_HIT_019e_00005"},{"time":0.2,"name":"CO_HIT_019/CO_HIT_019e/CO_HIT_019e_00006"},{"time":0.3333,"name":null}],"color":[{"time":0.2,"color":"ffffffff"},{"time":0.2666,"color":"ffffff00"}]},"CO_HIT_019_2":{"attachment":[{"time":0,"name":"CO_HIT_019/CO_HIT_019e/CO_HIT_019e_00000"},{"time":0.0333,"name":"CO_HIT_019/CO_HIT_019e/CO_HIT_019e_00001"},{"time":0.0666,"name":"CO_HIT_019/CO_HIT_019e/CO_HIT_019e_00002"},{"time":0.1,"name":"CO_HIT_019/CO_HIT_019e/CO_HIT_019e_00003"},{"time":0.1333,"name":"CO_HIT_019/CO_HIT_019e/CO_HIT_019e_00004"},{"time":0.1666,"name":"CO_HIT_019/CO_HIT_019e/CO_HIT_019e_00005"},{"time":0.2,"name":"CO_HIT_019/CO_HIT_019e/CO_HIT_019e_00006"},{"time":0.3333,"name":null}],"color":[{"time":0.2,"color":"ffffffff"},{"time":0.2666,"color":"ffffff00"}]}}},"hit04f":{"slots":{"CO_HIT_019":{"attachment":[{"time":0,"name":"CO_HIT_019/CO_HIT_019f/CO_HIT_019f_00000"},{"time":0.0333,"name":"CO_HIT_019/CO_HIT_019f/CO_HIT_019f_00001"},{"time":0.0666,"name":"CO_HIT_019/CO_HIT_019f/CO_HIT_019f_00002"},{"time":0.1,"name":"CO_HIT_019/CO_HIT_019f/CO_HIT_019f_00003"},{"time":0.1333,"name":"CO_HIT_019/CO_HIT_019f/CO_HIT_019f_00004"},{"time":0.1666,"name":"CO_HIT_019/CO_HIT_019f/CO_HIT_019f_00005"},{"time":0.2,"name":"CO_HIT_019/CO_HIT_019f/CO_HIT_019f_00006"},{"time":0.3333,"name":null}],"color":[{"time":0.2,"color":"ffffffff"},{"time":0.2666,"color":"ffffff00"}]},"CO_HIT_019_2":{"attachment":[{"time":0,"name":"CO_HIT_019/CO_HIT_019f/CO_HIT_019f_00000"},{"time":0.0333,"name":"CO_HIT_019/CO_HIT_019f/CO_HIT_019f_00001"},{"time":0.0666,"name":"CO_HIT_019/CO_HIT_019f/CO_HIT_019f_00002"},{"time":0.1,"name":"CO_HIT_019/CO_HIT_019f/CO_HIT_019f_00003"},{"time":0.1333,"name":"CO_HIT_019/CO_HIT_019f/CO_HIT_019f_00004"},{"time":0.1666,"name":"CO_HIT_019/CO_HIT_019f/CO_HIT_019f_00005"},{"time":0.2,"name":"CO_HIT_019/CO_HIT_019f/CO_HIT_019f_00006"},{"time":0.3333,"name":null}],"color":[{"time":0.2,"color":"ffffffff"},{"time":0.2666,"color":"ffffff00"}]}}},"hit05a":{"slots":{"CO_HIT_021":{"attachment":[{"time":0,"name":"CO_HIT_021/CO_HIT_021a/CO_HIT_021a_00001"},{"time":0.0333,"name":"CO_HIT_021/CO_HIT_021a/CO_HIT_021a_00002"},{"time":0.0666,"name":"CO_HIT_021/CO_HIT_021a/CO_HIT_021a_00003"},{"time":0.1,"name":"CO_HIT_021/CO_HIT_021a/CO_HIT_021a_00005"},{"time":0.3333,"name":null}],"color":[{"time":0.1,"color":"ffffffff"},{"time":0.1666,"color":"ffffff00"}]},"CO_HIT_021_2":{"attachment":[{"time":0,"name":"CO_HIT_021/CO_HIT_021a/CO_HIT_021a_00001"},{"time":0.0333,"name":"CO_HIT_021/CO_HIT_021a/CO_HIT_021a_00002"},{"time":0.0666,"name":"CO_HIT_021/CO_HIT_021a/CO_HIT_021a_00003"},{"time":0.1,"name":"CO_HIT_021/CO_HIT_021a/CO_HIT_021a_00005"},{"time":0.3333,"name":null}],"color":[{"time":0.1,"color":"ffffffff"},{"time":0.1666,"color":"ffffff00"}]}},"bones":{"MAIN":{"scale":[{"time":0.1,"x":1,"y":1},{"time":0.1666,"x":1.249,"y":1.249}]}}},"hit05b":{"slots":{"CO_HIT_021":{"attachment":[{"time":0,"name":"CO_HIT_021/CO_HIT_021b/CO_HIT_021b_00001"},{"time":0.0333,"name":"CO_HIT_021/CO_HIT_021b/CO_HIT_021b_00002"},{"time":0.0666,"name":"CO_HIT_021/CO_HIT_021b/CO_HIT_021b_00003"},{"time":0.1,"name":"CO_HIT_021/CO_HIT_021b/CO_HIT_021b_00005"},{"time":0.3333,"name":null}],"color":[{"time":0.1,"color":"ffffffff"},{"time":0.1666,"color":"ffffff00"}]},"CO_HIT_021_2":{"attachment":[{"time":0,"name":"CO_HIT_021/CO_HIT_021b/CO_HIT_021b_00001"},{"time":0.0333,"name":"CO_HIT_021/CO_HIT_021b/CO_HIT_021b_00002"},{"time":0.0666,"name":"CO_HIT_021/CO_HIT_021b/CO_HIT_021b_00003"},{"time":0.1,"name":"CO_HIT_021/CO_HIT_021b/CO_HIT_021b_00005"},{"time":0.3333,"name":null}],"color":[{"time":0.1,"color":"ffffffff"},{"time":0.1666,"color":"ffffff00"}]}},"bones":{"MAIN":{"scale":[{"time":0.1,"x":1,"y":1},{"time":0.1666,"x":1.249,"y":1.249}]}}},"hit05c":{"slots":{"CO_HIT_021":{"attachment":[{"time":0,"name":"CO_HIT_021/CO_HIT_021c/CO_HIT_021c_00001"},{"time":0.0333,"name":"CO_HIT_021/CO_HIT_021c/CO_HIT_021c_00002"},{"time":0.0666,"name":"CO_HIT_021/CO_HIT_021c/CO_HIT_021c_00003"},{"time":0.1,"name":"CO_HIT_021/CO_HIT_021c/CO_HIT_021c_00005"},{"time":0.3333,"name":null}],"color":[{"time":0.1,"color":"ffffffff"},{"time":0.1666,"color":"ffffff00"}]},"CO_HIT_021_2":{"attachment":[{"time":0,"name":"CO_HIT_021/CO_HIT_021c/CO_HIT_021c_00001"},{"time":0.0333,"name":"CO_HIT_021/CO_HIT_021c/CO_HIT_021c_00002"},{"time":0.0666,"name":"CO_HIT_021/CO_HIT_021c/CO_HIT_021c_00003"},{"time":0.1,"name":"CO_HIT_021/CO_HIT_021c/CO_HIT_021c_00005"},{"time":0.3333,"name":null}],"color":[{"time":0.1,"color":"ffffffff"},{"time":0.1666,"color":"ffffff00"}]}},"bones":{"MAIN":{"scale":[{"time":0.1,"x":1,"y":1},{"time":0.1666,"x":1.249,"y":1.249}]}}},"hit05d":{"slots":{"CO_HIT_021":{"attachment":[{"time":0,"name":"CO_HIT_021/CO_HIT_021d/CO_HIT_021d_00001"},{"time":0.0333,"name":"CO_HIT_021/CO_HIT_021d/CO_HIT_021d_00002"},{"time":0.0666,"name":"CO_HIT_021/CO_HIT_021d/CO_HIT_021d_00003"},{"time":0.1,"name":"CO_HIT_021/CO_HIT_021d/CO_HIT_021d_00005"},{"time":0.3333,"name":null}],"color":[{"time":0.1,"color":"ffffffff"},{"time":0.1666,"color":"ffffff00"}]},"CO_HIT_021_2":{"attachment":[{"time":0,"name":"CO_HIT_021/CO_HIT_021d/CO_HIT_021d_00001"},{"time":0.0333,"name":"CO_HIT_021/CO_HIT_021d/CO_HIT_021d_00002"},{"time":0.0666,"name":"CO_HIT_021/CO_HIT_021d/CO_HIT_021d_00003"},{"time":0.1,"name":"CO_HIT_021/CO_HIT_021d/CO_HIT_021d_00005"},{"time":0.3333,"name":null}],"color":[{"time":0.1,"color":"ffffffff"},{"time":0.1666,"color":"ffffff00"}]}},"bones":{"MAIN":{"scale":[{"time":0.1,"x":1,"y":1},{"time":0.1666,"x":1.249,"y":1.249}]}}},"hit05e":{"slots":{"CO_HIT_021":{"attachment":[{"time":0,"name":"CO_HIT_021/CO_HIT_021e/CO_HIT_021e_00001"},{"time":0.0333,"name":"CO_HIT_021/CO_HIT_021e/CO_HIT_021e_00002"},{"time":0.0666,"name":"CO_HIT_021/CO_HIT_021e/CO_HIT_021e_00003"},{"time":0.1,"name":"CO_HIT_021/CO_HIT_021e/CO_HIT_021e_00005"},{"time":0.3333,"name":null}],"color":[{"time":0.1,"color":"ffffffff"},{"time":0.1666,"color":"ffffff00"}]},"CO_HIT_021_2":{"attachment":[{"time":0,"name":"CO_HIT_021/CO_HIT_021e/CO_HIT_021e_00001"},{"time":0.0333,"name":"CO_HIT_021/CO_HIT_021e/CO_HIT_021e_00002"},{"time":0.0666,"name":"CO_HIT_021/CO_HIT_021e/CO_HIT_021e_00003"},{"time":0.1,"name":"CO_HIT_021/CO_HIT_021e/CO_HIT_021e_00005"},{"time":0.3333,"name":null}],"color":[{"time":0.1,"color":"ffffffff"},{"time":0.1666,"color":"ffffff00"}]}},"bones":{"MAIN":{"scale":[{"time":0.1,"x":1,"y":1},{"time":0.1666,"x":1.249,"y":1.249}]}}},"hit05f":{"slots":{"CO_HIT_021":{"attachment":[{"time":0,"name":"CO_HIT_021/CO_HIT_021f/CO_HIT_021f_00001"},{"time":0.0333,"name":"CO_HIT_021/CO_HIT_021f/CO_HIT_021f_00002"},{"time":0.0666,"name":"CO_HIT_021/CO_HIT_021f/CO_HIT_021f_00003"},{"time":0.1,"name":"CO_HIT_021/CO_HIT_021f/CO_HIT_021f_00005"},{"time":0.3333,"name":null}],"color":[{"time":0.1,"color":"ffffffff"},{"time":0.1666,"color":"ffffff00"}]},"CO_HIT_021_2":{"attachment":[{"time":0,"name":"CO_HIT_021/CO_HIT_021f/CO_HIT_021f_00001"},{"time":0.0333,"name":"CO_HIT_021/CO_HIT_021f/CO_HIT_021f_00002"},{"time":0.0666,"name":"CO_HIT_021/CO_HIT_021f/CO_HIT_021f_00003"},{"time":0.1,"name":"CO_HIT_021/CO_HIT_021f/CO_HIT_021f_00005"},{"time":0.3333,"name":null}],"color":[{"time":0.1,"color":"ffffffff"},{"time":0.1666,"color":"ffffff00"}]}},"bones":{"MAIN":{"scale":[{"time":0.1,"x":1,"y":1},{"time":0.1666,"x":1.249,"y":1.249}]}}},"hit08b":{"slots":{"CO_HIT_026":{"attachment":[{"time":0,"name":"CO_HIT_026/CO_HIT_026b/CO_HIT_026b_00001"},{"time":0.0333,"name":"CO_HIT_026/CO_HIT_026b/CO_HIT_026b_00002"},{"time":0.0666,"name":"CO_HIT_026/CO_HIT_026b/CO_HIT_026b_00003"},{"time":0.1,"name":"CO_HIT_026/CO_HIT_026b/CO_HIT_026b_00004"},{"time":0.1333,"name":"CO_HIT_026/CO_HIT_026b/CO_HIT_026b_00005"},{"time":0.1666,"name":"CO_HIT_026/CO_HIT_026b/CO_HIT_026b_00006"},{"time":0.2,"name":"CO_HIT_026/CO_HIT_026b/CO_HIT_026b_00007"},{"time":0.2333,"name":"CO_HIT_026/CO_HIT_026b/CO_HIT_026b_00008"},{"time":0.2666,"name":"CO_HIT_026/CO_HIT_026b/CO_HIT_026b_00009"},{"time":0.3,"name":"CO_HIT_026/CO_HIT_026b/CO_HIT_026b_00010"},{"time":0.3333,"name":"CO_HIT_026/CO_HIT_026b/CO_HIT_026b_00011"},{"time":0.5,"name":null}],"color":[{"time":0.2666,"color":"ffffffff"},{"time":0.4,"color":"ffffff00"}]},"CO_HIT_026_2":{"attachment":[{"time":0,"name":"CO_HIT_026/CO_HIT_026b/CO_HIT_026b_00001"},{"time":0.0333,"name":"CO_HIT_026/CO_HIT_026b/CO_HIT_026b_00002"},{"time":0.0666,"name":"CO_HIT_026/CO_HIT_026b/CO_HIT_026b_00003"},{"time":0.1,"name":"CO_HIT_026/CO_HIT_026b/CO_HIT_026b_00004"},{"time":0.1333,"name":"CO_HIT_026/CO_HIT_026b/CO_HIT_026b_00005"},{"time":0.1666,"name":"CO_HIT_026/CO_HIT_026b/CO_HIT_026b_00006"},{"time":0.2,"name":"CO_HIT_026/CO_HIT_026b/CO_HIT_026b_00007"},{"time":0.2333,"name":"CO_HIT_026/CO_HIT_026b/CO_HIT_026b_00008"},{"time":0.2666,"name":"CO_HIT_026/CO_HIT_026b/CO_HIT_026b_00009"},{"time":0.3,"name":"CO_HIT_026/CO_HIT_026b/CO_HIT_026b_00010"},{"time":0.3333,"name":"CO_HIT_026/CO_HIT_026b/CO_HIT_026b_00011"},{"time":0.5,"name":null}],"color":[{"time":0.2666,"color":"ffffffff"},{"time":0.4,"color":"ffffff00"}]}},"bones":{"MAIN":{"translate":[{"time":0.2666,"x":0,"y":0},{"time":0.4,"x":0,"y":-8}],"scale":[{"time":0.2666,"x":1,"y":1},{"time":0.4,"x":1.252,"y":1.252}]}}}}}