{"skeleton":{"hash":"eptLcVAYjPNy/bPp1Uh5TEjvRYY","spine":"3.0.12","width":0,"height":0},"bones":[{"name":"root"},{"name":"questclear","parent":"root","scaleX":0.6,"scaleY":0.6},{"name":"quest_failed","parent":"root","scaleX":0.2,"scaleY":0.2}],"slots":[{"name":"quest_failed","bone":"quest_failed"},{"name":"clear_text_window","bone":"questclear"}],"skins":{"default":{"clear_text_window":{"clear_text_window":{"width":640,"height":73},"clear_text_window_2":{"width":320,"height":67}},"quest_failed":{"quest_failed":{"width":500,"height":500}}}},"events":{"sound":{}},"animations":{"clear":{"slots":{"clear_text_window":{"attachment":[{"time":0.3333,"name":"clear_text_window"},{"time":2,"name":null},{"time":2.3333,"name":"clear_text_window_2"}]}},"bones":{"questclear":{"translate":[{"time":0.3333,"x":0,"y":700},{"time":0.5,"x":0,"y":0,"curve":"stepped"},{"time":1.8333,"x":0,"y":0},{"time":2,"x":0,"y":700,"curve":"stepped"},{"time":2.3333,"x":0,"y":700},{"time":2.5,"x":0,"y":0,"curve":"stepped"},{"time":3.8333,"x":0,"y":0},{"time":4,"x":0,"y":700}]}},"events":[{"time":0.5,"name":"sound","string":"cri-MH_UI_SE_BATTLE_MESSAGE2"},{"time":2.5,"name":"sound","string":"cri-MH_UI_SE_BATTLE_MESSAGE2"}]},"lose":{"slots":{"quest_failed":{"attachment":[{"time":0.4333,"name":"quest_failed"}],"color":[{"time":0.4333,"color":"ffffff00"},{"time":0.5333,"color":"ffffffff"}]}},"bones":{"quest_failed":{"rotate":[{"time":0.4333,"angle":5.06}],"scale":[{"time":0.4333,"x":4.163,"y":4.163},{"time":0.5333,"x":3.774,"y":3.774},{"time":0.6,"x":3.962,"y":3.962,"curve":"stepped"},{"time":4.3333,"x":3.962,"y":3.962}]}},"events":[{"time":0,"name":"sound","string":"cri-MH-BATTLE-FAILURE1"}]}}}