{"skeleton":{"hash":"bEcS/ZHRAOkiodTUOTo0AkIWBwc","spine":"3.0.12","width":0,"height":0,"images":"./images/EF/"},"bones":[{"name":"root"},{"name":"MAIN","parent":"root"},{"name":"barrier","parent":"MAIN","x":-0.39,"y":9.22,"scaleX":1.502,"scaleY":1.502,"color":"ff00d6ff"}],"slots":[{"name":"5160_EX1_barrier1/5160_EX1_barrier1_00000","bone":"barrier","blend":"additive"},{"name":"5160_EX1_barrier1/5160_EX1_barrier1_1","bone":"barrier","blend":"additive"}],"skins":{"default":{"5160_EX1_barrier1/5160_EX1_barrier1_00000":{"5160_EX1_barrier1/5160_EX1_barrier1_00000":{"y":3.08,"width":250,"height":250}},"5160_EX1_barrier1/5160_EX1_barrier1_1":{"5160_EX1_barrier1/5160_EX1_barrier1_00000":{"y":3.08,"width":250,"height":250}}}},"animations":{"1-attack1":{},"1-attack2":{},"1-attack3":{},"1-skill1":{},"1-skill2":{},"2-attack1":{},"2-attack2":{},"2-attack3":{},"2-skill1":{},"2-skill2":{},"2-skill3":{"drawOrder":[{"time":2.2666},{"time":3.2333},{"time":3.6}]},"barrier":{"slots":{"5160_EX1_barrier1/5160_EX1_barrier1_00000":{"attachment":[{"time":0,"name":"5160_EX1_barrier1/5160_EX1_barrier1_00000"}],"color":[{"time":0,"color":"ffffffff"}]},"5160_EX1_barrier1/5160_EX1_barrier1_1":{"attachment":[{"time":0,"name":"5160_EX1_barrier1/5160_EX1_barrier1_00000"}],"color":[{"time":0,"color":"ffffff00"},{"time":0.8333,"color":"ffffffff"},{"time":1.6666,"color":"ffffff00"}]}},"bones":{"barrier":{"translate":[{"time":0,"x":-43.75,"y":-40.1}],"scale":[{"time":0,"x":2.341,"y":2.341}]}}},"event":{"slots":{"5160_EX1_barrier1/5160_EX1_barrier1_00000":{"attachment":[{"time":0.6666,"name":"5160_EX1_barrier1/5160_EX1_barrier1_00000"}],"color":[{"time":0.6666,"color":"ffffff74"},{"time":0.7333,"color":"ffffffff"}]}},"bones":{"barrier":{"translate":[{"time":0.6666,"x":-257.93,"y":-300.49}],"scale":[{"time":0.6666,"x":0.665,"y":0.665},{"time":0.7333,"x":1.064,"y":1.064},{"time":0.7666,"x":0.998,"y":0.998}]}}},"event1":{},"event2":{},"eventoriginal":{},"guard":{"slots":{"5160_EX1_barrier1/5160_EX1_barrier1_00000":{"attachment":[{"time":0.6666,"name":"5160_EX1_barrier1/5160_EX1_barrier1_00000"}],"color":[{"time":0.6666,"color":"ffffff74"},{"time":0.7333,"color":"ffffffff"}]}},"bones":{"barrier":{"translate":[{"time":0.6666,"x":-257.93,"y":-300.49}],"scale":[{"time":0.6666,"x":0.665,"y":0.665},{"time":0.7333,"x":1.064,"y":1.064},{"time":0.7666,"x":0.998,"y":0.998}]}}},"none":{}}}