{"skeleton":{"hash":"3T+3MTDSzC62uTeUwgjNYH8/ANI","spine":"3.0.12","width":0,"height":0},"bones":[{"name":"root"},{"name":"normal","parent":"root"},{"name":"ef_particle1_4","parent":"root"},{"name":"ef_particle1_3","parent":"root"},{"name":"ef_particle1_2","parent":"root"},{"name":"ef_particle1_1","parent":"root"},{"name":"ef_aura1_1","parent":"root"},{"name":"addition2","parent":"root"},{"name":"addition","parent":"root"}],"slots":[{"name":"buff2","bone":"addition2","blend":"additive"},{"name":"buff1","bone":"addition","blend":"additive"},{"name":"debuff1","bone":"addition","blend":"additive"},{"name":"debuff2","bone":"addition","blend":"additive"},{"name":"heal1","bone":"addition","blend":"additive"},{"name":"heal2","bone":"addition","blend":"additive"},{"name":"heal3","bone":"addition","blend":"additive"},{"name":"buff-red1","bone":"addition","blend":"additive"},{"name":"buff-red2","bone":"addition","blend":"additive"},{"name":"ice","bone":"addition","blend":"additive"},{"name":"mahi_1","bone":"addition2","blend":"additive"},{"name":"mahi_2","bone":"normal","blend":"additive"},{"name":"addition","bone":"addition","blend":"additive"},{"name":"ef_aura1_1","bone":"ef_aura1_1","blend":"additive"},{"name":"ef_particle1_1","bone":"ef_particle1_1","blend":"additive"},{"name":"ef_particle1_2","bone":"ef_particle1_2","blend":"additive"},{"name":"ef_particle1_3","bone":"ef_particle1_3","blend":"additive"},{"name":"ef_particle1_4","bone":"ef_particle1_4","blend":"additive"},{"name":"barrier00","bone":"addition","blend":"additive"}],"skins":{"default":{"addition":{"aura/9030_S1_aura2_00000":{"width":125,"height":125},"aura/9030_S1_aura2_00002":{"width":125,"height":125},"aura/9030_S1_aura2_00004":{"width":125,"height":125},"aura/9030_S1_aura2_00006":{"width":125,"height":125},"aura/9030_S1_aura2_00008":{"width":125,"height":125},"aura/9030_S1_aura2_00010":{"width":125,"height":125},"aura/9030_S1_aura2_00012":{"width":125,"height":125},"aura/9030_S1_aura2_00014":{"width":125,"height":125},"aura/9030_S1_aura2_00016":{"width":125,"height":125},"aura/9030_S1_aura2_00018":{"width":125,"height":125},"aura/9030_S1_aura2_00020":{"width":125,"height":125},"aura/9030_S1_aura2_00022":{"width":125,"height":125},"ganan/430_S2_power1_00003":{"width":250,"height":250},"ganan/430_S2_power1_00004":{"width":250,"height":250},"ganan/430_S2_power1_00005":{"width":250,"height":250},"ganan/430_S2_power1_00007":{"width":250,"height":250},"ganan/430_S2_power1_00008":{"width":250,"height":250},"ganan/430_S2_power1_00010":{"width":250,"height":250},"ganan/430_S2_power1_00013":{"width":250,"height":250},"ganan/430_S2_power1_00014":{"width":250,"height":250},"ganan/430_S2_power1_00015":{"width":250,"height":250}},"barrier00":{"barrier/ef_sheld_blue_mian_00004":{"width":150,"height":150},"barrier/ef_sheld_blue_mian_00005":{"width":150,"height":150},"barrier/ef_sheld_blue_mian_00006":{"width":150,"height":150},"barrier/ef_sheld_blue_mian_00007":{"width":150,"height":150},"barrier/ef_sheld_blue_mian_00008":{"width":150,"height":150},"barrier/ef_sheld_blue_mian_00009":{"width":150,"height":150},"barrier/ef_sheld_blue_mian_00010":{"width":150,"height":150},"barrier/ef_sheld_blue_mian_00011":{"width":150,"height":150},"barrier/ef_sheld_blue_mian_00012":{"width":150,"height":150}},"buff-red1":{"CO_buff_up1_red/CO_buff_up1_red_00000":{"width":200,"height":200},"CO_buff_up1_red/CO_buff_up1_red_00001":{"width":200,"height":200},"CO_buff_up1_red/CO_buff_up1_red_00002":{"width":200,"height":200},"CO_buff_up1_red/CO_buff_up1_red_00003":{"width":200,"height":200},"CO_buff_up1_red/CO_buff_up1_red_00004":{"width":200,"height":200},"CO_buff_up1_red/CO_buff_up1_red_00005":{"width":200,"height":200},"CO_buff_up1_red/CO_buff_up1_red_00006":{"width":200,"height":200},"CO_buff_up1_red/CO_buff_up1_red_00007":{"width":200,"height":200},"CO_buff_up1_red/CO_buff_up1_red_00008":{"width":200,"height":200},"CO_buff_up1_red/CO_buff_up1_red_00009":{"width":200,"height":200},"CO_buff_up1_red/CO_buff_up1_red_00010":{"width":200,"height":200},"CO_buff_up1_red/CO_buff_up1_red_00011":{"width":200,"height":200},"CO_buff_up1_red/CO_buff_up1_red_00012":{"width":200,"height":200},"CO_buff_up1_red/CO_buff_up1_red_00013":{"width":200,"height":200},"CO_buff_up1_red/CO_buff_up1_red_00014":{"width":200,"height":200},"CO_buff_up1_red/CO_buff_up1_red_00015":{"width":200,"height":200},"CO_buff_up1_red/CO_buff_up1_red_00016":{"width":200,"height":200},"CO_buff_up1_red/CO_buff_up1_red_00017":{"width":200,"height":200},"CO_buff_up1_red/CO_buff_up1_red_00018":{"width":200,"height":200},"CO_buff_up1_red/CO_buff_up1_red_00019":{"width":200,"height":200},"CO_buff_up1_red/CO_buff_up1_red_00020":{"width":200,"height":200},"CO_buff_up1_red/CO_buff_up1_red_00021":{"width":200,"height":200},"CO_buff_up1_red/CO_buff_up1_red_00022":{"width":200,"height":200},"CO_buff_up1_red/CO_buff_up1_red_00023":{"width":200,"height":200},"CO_buff_up1_red/CO_buff_up1_red_00024":{"width":200,"height":200}},"buff-red2":{"CO_buff_up2_red/CO_buff_up2_red_00001":{"width":200,"height":200},"CO_buff_up2_red/CO_buff_up2_red_00002":{"width":200,"height":200},"CO_buff_up2_red/CO_buff_up2_red_00003":{"width":200,"height":200},"CO_buff_up2_red/CO_buff_up2_red_00004":{"width":200,"height":200},"CO_buff_up2_red/CO_buff_up2_red_00005":{"width":200,"height":200},"CO_buff_up2_red/CO_buff_up2_red_00006":{"width":200,"height":200},"CO_buff_up2_red/CO_buff_up2_red_00007":{"width":200,"height":200},"CO_buff_up2_red/CO_buff_up2_red_00008":{"width":200,"height":200},"CO_buff_up2_red/CO_buff_up2_red_00009":{"width":200,"height":200},"CO_buff_up2_red/CO_buff_up2_red_00010":{"width":200,"height":200},"CO_buff_up2_red/CO_buff_up2_red_00011":{"width":200,"height":200},"CO_buff_up2_red/CO_buff_up2_red_00012":{"width":200,"height":200}},"buff1":{"CO_buff_itemon1/CO_buff_itemon1_00001":{"width":200,"height":200},"CO_buff_itemon1/CO_buff_itemon1_00002":{"width":200,"height":200},"CO_buff_itemon1/CO_buff_itemon1_00003":{"width":200,"height":200},"CO_buff_itemon1/CO_buff_itemon1_00004":{"width":200,"height":200},"CO_buff_itemon1/CO_buff_itemon1_00005":{"width":200,"height":200},"CO_buff_itemon1/CO_buff_itemon1_00006":{"width":200,"height":200},"CO_buff_itemon1/CO_buff_itemon1_00007":{"width":200,"height":200},"CO_buff_itemon1/CO_buff_itemon1_00008":{"width":200,"height":200},"CO_buff_itemon1/CO_buff_itemon1_00009":{"width":200,"height":200},"CO_buff_itemon1/CO_buff_itemon1_00010":{"width":200,"height":200},"CO_buff_itemon1/CO_buff_itemon1_00011":{"width":200,"height":200},"CO_buff_itemon1/CO_buff_itemon1_00012":{"width":200,"height":200},"CO_buff_itemon1/CO_buff_itemon1_00013":{"width":200,"height":200},"CO_buff_itemon1/CO_buff_itemon1_00014":{"width":200,"height":200},"CO_buff_itemon1/CO_buff_itemon1_00015":{"width":200,"height":200},"CO_buff_itemon1/CO_buff_itemon1_00016":{"width":200,"height":200},"CO_buff_itemon1/CO_buff_itemon1_00017":{"width":200,"height":200},"CO_buff_itemon1/CO_buff_itemon1_00018":{"width":200,"height":200},"CO_buff_itemon1/CO_buff_itemon1_00019":{"width":200,"height":200},"CO_buff_itemon1/CO_buff_itemon1_00020":{"width":200,"height":200},"CO_buff_itemon1/CO_buff_itemon1_00021":{"width":200,"height":200},"CO_buff_itemon1/CO_buff_itemon1_00022":{"width":200,"height":200},"CO_buff_itemon1/CO_buff_itemon1_00023":{"width":200,"height":200},"CO_buff_itemon1/CO_buff_itemon1_00024":{"width":200,"height":200},"CO_buff_itemon1/CO_buff_itemon1_00025":{"width":200,"height":200},"CO_buff_itemon1/CO_buff_itemon1_00026":{"width":200,"height":200},"CO_buff_itemon1/CO_buff_itemon1_00027":{"width":200,"height":200}},"buff2":{"CO_buff_itemon2/CO_buff_itemon2_00000":{"width":200,"height":200},"CO_buff_itemon2/CO_buff_itemon2_00002":{"width":200,"height":200},"CO_buff_itemon2/CO_buff_itemon2_00004":{"width":200,"height":200},"CO_buff_itemon2/CO_buff_itemon2_00006":{"width":200,"height":200},"CO_buff_itemon2/CO_buff_itemon2_00008":{"width":200,"height":200},"CO_buff_itemon2/CO_buff_itemon2_00010":{"width":200,"height":200},"CO_buff_itemon2/CO_buff_itemon2_00012":{"width":200,"height":200},"CO_buff_itemon2/CO_buff_itemon2_00014":{"width":200,"height":200},"CO_buff_itemon2/CO_buff_itemon2_00016":{"width":200,"height":200}},"debuff1":{"CO_buff_down1_purple/CO_buff_down1_purple_00000":{"width":200,"height":200},"CO_buff_down1_purple/CO_buff_down1_purple_00001":{"width":200,"height":200},"CO_buff_down1_purple/CO_buff_down1_purple_00002":{"width":200,"height":200},"CO_buff_down1_purple/CO_buff_down1_purple_00003":{"width":200,"height":200},"CO_buff_down1_purple/CO_buff_down1_purple_00004":{"width":200,"height":200},"CO_buff_down1_purple/CO_buff_down1_purple_00005":{"width":200,"height":200},"CO_buff_down1_purple/CO_buff_down1_purple_00006":{"width":200,"height":200},"CO_buff_down1_purple/CO_buff_down1_purple_00007":{"width":200,"height":200},"CO_buff_down1_purple/CO_buff_down1_purple_00008":{"width":200,"height":200},"CO_buff_down1_purple/CO_buff_down1_purple_00009":{"width":200,"height":200},"CO_buff_down1_purple/CO_buff_down1_purple_00010":{"width":200,"height":200},"CO_buff_down1_purple/CO_buff_down1_purple_00011":{"width":200,"height":200},"CO_buff_down1_purple/CO_buff_down1_purple_00012":{"width":200,"height":200},"CO_buff_down1_purple/CO_buff_down1_purple_00013":{"width":200,"height":200},"CO_buff_down1_purple/CO_buff_down1_purple_00014":{"width":200,"height":200},"CO_buff_down1_purple/CO_buff_down1_purple_00015":{"width":200,"height":200},"CO_buff_down1_purple/CO_buff_down1_purple_00016":{"width":200,"height":200},"CO_buff_down1_purple/CO_buff_down1_purple_00017":{"width":200,"height":200},"CO_buff_down1_purple/CO_buff_down1_purple_00018":{"width":200,"height":200},"CO_buff_down1_purple/CO_buff_down1_purple_00019":{"width":200,"height":200},"CO_buff_down1_purple/CO_buff_down1_purple_00020":{"width":200,"height":200},"CO_buff_down1_purple/CO_buff_down1_purple_00021":{"width":200,"height":200}},"debuff2":{"CO_buff_down2_purple/CO_buff_down2_purple_00002":{"width":200,"height":200},"CO_buff_down2_purple/CO_buff_down2_purple_00003":{"width":200,"height":200},"CO_buff_down2_purple/CO_buff_down2_purple_00004":{"width":200,"height":200},"CO_buff_down2_purple/CO_buff_down2_purple_00005":{"width":200,"height":200},"CO_buff_down2_purple/CO_buff_down2_purple_00006":{"width":200,"height":200},"CO_buff_down2_purple/CO_buff_down2_purple_00007":{"width":200,"height":200},"CO_buff_down2_purple/CO_buff_down2_purple_00008":{"width":200,"height":200},"CO_buff_down2_purple/CO_buff_down2_purple_00009":{"width":200,"height":200},"CO_buff_down2_purple/CO_buff_down2_purple_00010":{"width":200,"height":200},"CO_buff_down2_purple/CO_buff_down2_purple_00011":{"width":200,"height":200},"CO_buff_down2_purple/CO_buff_down2_purple_00012":{"width":200,"height":200},"CO_buff_down2_purple/CO_buff_down2_purple_00013":{"width":200,"height":200}},"ef_aura1_1":{"ef_aura/670_S2_ene2_00003":{"x":7.82,"y":29.42,"width":250,"height":250},"ef_aura/670_S2_ene2_00004":{"x":7.82,"y":29.42,"width":250,"height":250},"ef_aura/670_S2_ene2_00005":{"x":7.82,"y":29.42,"width":250,"height":250},"ef_aura/670_S2_ene2_00007":{"x":7.82,"y":29.42,"width":250,"height":250},"ef_aura/670_S2_ene2_00008":{"x":7.82,"y":29.42,"width":250,"height":250},"ef_aura/670_S2_ene2_00010":{"x":7.82,"y":29.42,"width":250,"height":250},"ef_aura/670_S2_ene2_00013":{"x":7.82,"y":29.42,"width":250,"height":250},"ef_aura/670_S2_ene2_00014":{"x":7.82,"y":29.42,"width":250,"height":250},"ef_aura/670_S2_ene2_00015":{"x":7.82,"y":29.42,"width":250,"height":250}},"ef_particle1_1":{"particle_blue/main_00001":{"width":250,"height":250},"particle_blue/main_00002":{"width":250,"height":250},"particle_blue/main_00003":{"width":250,"height":250},"particle_blue/main_00004":{"width":250,"height":250},"particle_blue/main_00005":{"width":250,"height":250},"particle_blue/main_00006":{"width":250,"height":250},"particle_blue/main_00007":{"width":250,"height":250}},"ef_particle1_2":{"particle_blue/main_00001":{"width":250,"height":250},"particle_blue/main_00002":{"width":250,"height":250},"particle_blue/main_00003":{"width":250,"height":250},"particle_blue/main_00004":{"width":250,"height":250},"particle_blue/main_00005":{"width":250,"height":250},"particle_blue/main_00006":{"width":250,"height":250},"particle_blue/main_00007":{"width":250,"height":250}},"ef_particle1_3":{"particle_blue/main_00001":{"width":250,"height":250},"particle_blue/main_00002":{"width":250,"height":250},"particle_blue/main_00003":{"width":250,"height":250},"particle_blue/main_00004":{"width":250,"height":250},"particle_blue/main_00005":{"width":250,"height":250},"particle_blue/main_00006":{"width":250,"height":250},"particle_blue/main_00007":{"width":250,"height":250}},"ef_particle1_4":{"particle_blue/main_00001":{"width":250,"height":250},"particle_blue/main_00002":{"width":250,"height":250},"particle_blue/main_00003":{"width":250,"height":250},"particle_blue/main_00004":{"width":250,"height":250},"particle_blue/main_00005":{"width":250,"height":250},"particle_blue/main_00006":{"width":250,"height":250},"particle_blue/main_00007":{"width":250,"height":250}},"heal1":{"CO_buff_heal1/CO_buff_heal1_00002":{"width":200,"height":200},"CO_buff_heal1/CO_buff_heal1_00003":{"width":200,"height":200},"CO_buff_heal1/CO_buff_heal1_00004":{"width":200,"height":200},"CO_buff_heal1/CO_buff_heal1_00005":{"width":200,"height":200},"CO_buff_heal1/CO_buff_heal1_00006":{"width":200,"height":200},"CO_buff_heal1/CO_buff_heal1_00007":{"width":200,"height":200},"CO_buff_heal1/CO_buff_heal1_00008":{"width":200,"height":200},"CO_buff_heal1/CO_buff_heal1_00009":{"width":200,"height":200},"CO_buff_heal1/CO_buff_heal1_00010":{"width":200,"height":200},"CO_buff_heal1/CO_buff_heal1_00011":{"width":200,"height":200},"CO_buff_heal1/CO_buff_heal1_00012":{"width":200,"height":200}},"heal2":{"CO_buff_heal2/CO_buff_heal2_00000":{"width":200,"height":200},"CO_buff_heal2/CO_buff_heal2_00001":{"width":200,"height":200},"CO_buff_heal2/CO_buff_heal2_00002":{"width":200,"height":200},"CO_buff_heal2/CO_buff_heal2_00003":{"width":200,"height":200},"CO_buff_heal2/CO_buff_heal2_00004":{"width":200,"height":200},"CO_buff_heal2/CO_buff_heal2_00005":{"width":200,"height":200},"CO_buff_heal2/CO_buff_heal2_00006":{"width":200,"height":200},"CO_buff_heal2/CO_buff_heal2_00007":{"width":200,"height":200},"CO_buff_heal2/CO_buff_heal2_00008":{"width":200,"height":200},"CO_buff_heal2/CO_buff_heal2_00009":{"width":200,"height":200},"CO_buff_heal2/CO_buff_heal2_00010":{"width":200,"height":200},"CO_buff_heal2/CO_buff_heal2_00011":{"width":200,"height":200},"CO_buff_heal2/CO_buff_heal2_00012":{"width":200,"height":200}},"heal3":{"CO_buff_heal3/CO_buff_heal3_00002":{"width":200,"height":200},"CO_buff_heal3/CO_buff_heal3_00003":{"width":200,"height":200},"CO_buff_heal3/CO_buff_heal3_00004":{"width":200,"height":200},"CO_buff_heal3/CO_buff_heal3_00005":{"width":200,"height":200},"CO_buff_heal3/CO_buff_heal3_00006":{"width":200,"height":200},"CO_buff_heal3/CO_buff_heal3_00007":{"width":200,"height":200},"CO_buff_heal3/CO_buff_heal3_00008":{"width":200,"height":200},"CO_buff_heal3/CO_buff_heal3_00009":{"width":200,"height":200}},"ice":{"CO_STATE_ice1_00000":{"y":33.34,"width":300,"height":300}},"mahi_1":{"CO_mahi/CO_st2_mahi2_00001":{"width":200,"height":200}},"mahi_2":{"CO_mahi/CO_st2_mahi1_00001":{"width":200,"height":200},"CO_mahi/CO_st2_mahi1_00002":{"width":200,"height":200},"CO_mahi/CO_st2_mahi1_00003":{"width":200,"height":200},"CO_mahi/CO_st2_mahi1_00004":{"width":200,"height":200},"CO_mahi/CO_st2_mahi1_00005":{"width":200,"height":200},"CO_mahi/CO_st2_mahi1_00006":{"width":200,"height":200},"CO_mahi/CO_st2_mahi1_00007":{"width":200,"height":200},"CO_mahi/CO_st2_mahi1_00008":{"width":200,"height":200},"CO_mahi/CO_st2_mahi1_00009":{"width":200,"height":200},"CO_mahi/CO_st2_mahi1_00010":{"width":200,"height":200}}}},"animations":{"1":{"slots":{"barrier00":{"attachment":[{"time":0,"name":"barrier/ef_sheld_blue_mian_00004"},{"time":0.1666,"name":"barrier/ef_sheld_blue_mian_00005"},{"time":0.3666,"name":"barrier/ef_sheld_blue_mian_00006"},{"time":0.5333,"name":"barrier/ef_sheld_blue_mian_00007"},{"time":0.7,"name":"barrier/ef_sheld_blue_mian_00008"},{"time":0.8666,"name":"barrier/ef_sheld_blue_mian_00009"},{"time":1.0666,"name":"barrier/ef_sheld_blue_mian_00010"},{"time":1.2333,"name":"barrier/ef_sheld_blue_mian_00011"},{"time":1.4,"name":"barrier/ef_sheld_blue_mian_00012"},{"time":1.6,"name":"barrier/ef_sheld_blue_mian_00012"},{"time":1.7666,"name":"barrier/ef_sheld_blue_mian_00011"},{"time":1.9333,"name":"barrier/ef_sheld_blue_mian_00010"},{"time":2.1333,"name":"barrier/ef_sheld_blue_mian_00009"},{"time":2.3,"name":"barrier/ef_sheld_blue_mian_00008"},{"time":2.4666,"name":"barrier/ef_sheld_blue_mian_00007"},{"time":2.6333,"name":"barrier/ef_sheld_blue_mian_00006"},{"time":2.8333,"name":"barrier/ef_sheld_blue_mian_00005"},{"time":3,"name":"barrier/ef_sheld_blue_mian_00004"}],"color":[{"time":0,"color":"ffffffff"},{"time":1.4,"color":"ffffff9a"},{"time":3,"color":"ffffffff"}]}},"bones":{"addition":{"scale":[{"time":0,"x":2,"y":2,"curve":"stepped"},{"time":3,"x":2,"y":2}]}}},"3":{"slots":{"mahi_1":{"attachment":[{"time":0.8333,"name":null}]},"mahi_2":{"attachment":[{"time":0.0333,"name":"CO_mahi/CO_st2_mahi1_00001"},{"time":0.0666,"name":"CO_mahi/CO_st2_mahi1_00002"},{"time":0.1,"name":"CO_mahi/CO_st2_mahi1_00003"},{"time":0.1333,"name":"CO_mahi/CO_st2_mahi1_00004"},{"time":0.1666,"name":"CO_mahi/CO_st2_mahi1_00005"},{"time":0.2,"name":"CO_mahi/CO_st2_mahi1_00006"},{"time":0.2333,"name":"CO_mahi/CO_st2_mahi1_00007"},{"time":0.2666,"name":"CO_mahi/CO_st2_mahi1_00008"},{"time":0.3,"name":"CO_mahi/CO_st2_mahi1_00009"},{"time":0.3333,"name":"CO_mahi/CO_st2_mahi1_00010"},{"time":0.3666,"name":null}]}}},"7":{"slots":{"ice":{"attachment":[{"time":0,"name":"CO_STATE_ice1_00000"}]}}},"9":{"slots":{"buff-red1":{"attachment":[{"time":0,"name":"CO_buff_up1_red/CO_buff_up1_red_00000"},{"time":0.0333,"name":"CO_buff_up1_red/CO_buff_up1_red_00001"},{"time":0.0666,"name":"CO_buff_up1_red/CO_buff_up1_red_00002"},{"time":0.1,"name":"CO_buff_up1_red/CO_buff_up1_red_00003"},{"time":0.1333,"name":"CO_buff_up1_red/CO_buff_up1_red_00004"},{"time":0.1666,"name":"CO_buff_up1_red/CO_buff_up1_red_00005"},{"time":0.2,"name":"CO_buff_up1_red/CO_buff_up1_red_00006"},{"time":0.2333,"name":"CO_buff_up1_red/CO_buff_up1_red_00007"},{"time":0.2666,"name":"CO_buff_up1_red/CO_buff_up1_red_00008"},{"time":0.3,"name":"CO_buff_up1_red/CO_buff_up1_red_00009"},{"time":0.3333,"name":"CO_buff_up1_red/CO_buff_up1_red_00010"},{"time":0.3666,"name":"CO_buff_up1_red/CO_buff_up1_red_00011"},{"time":0.4,"name":"CO_buff_up1_red/CO_buff_up1_red_00012"},{"time":0.4333,"name":"CO_buff_up1_red/CO_buff_up1_red_00013"},{"time":0.4666,"name":"CO_buff_up1_red/CO_buff_up1_red_00014"},{"time":0.5,"name":"CO_buff_up1_red/CO_buff_up1_red_00015"},{"time":0.5333,"name":"CO_buff_up1_red/CO_buff_up1_red_00016"},{"time":0.5666,"name":"CO_buff_up1_red/CO_buff_up1_red_00017"},{"time":0.6,"name":"CO_buff_up1_red/CO_buff_up1_red_00019"},{"time":0.6333,"name":"CO_buff_up1_red/CO_buff_up1_red_00020"},{"time":0.6666,"name":"CO_buff_up1_red/CO_buff_up1_red_00021"},{"time":0.7,"name":"CO_buff_up1_red/CO_buff_up1_red_00022"},{"time":0.7333,"name":"CO_buff_up1_red/CO_buff_up1_red_00023"},{"time":0.7666,"name":"CO_buff_up1_red/CO_buff_up1_red_00024"},{"time":0.8,"name":null},{"time":1.2,"name":null}]},"buff-red2":{"attachment":[{"time":0.0333,"name":"CO_buff_up2_red/CO_buff_up2_red_00001"},{"time":0.0666,"name":"CO_buff_up2_red/CO_buff_up2_red_00002"},{"time":0.1,"name":"CO_buff_up2_red/CO_buff_up2_red_00003"},{"time":0.1333,"name":"CO_buff_up2_red/CO_buff_up2_red_00004"},{"time":0.1666,"name":"CO_buff_up2_red/CO_buff_up2_red_00005"},{"time":0.2,"name":"CO_buff_up2_red/CO_buff_up2_red_00006"},{"time":0.2333,"name":"CO_buff_up2_red/CO_buff_up2_red_00007"},{"time":0.2666,"name":"CO_buff_up2_red/CO_buff_up2_red_00008"},{"time":0.3,"name":"CO_buff_up2_red/CO_buff_up2_red_00009"},{"time":0.3333,"name":"CO_buff_up2_red/CO_buff_up2_red_00010"},{"time":0.3666,"name":"CO_buff_up2_red/CO_buff_up2_red_00011"},{"time":0.4,"name":"CO_buff_up2_red/CO_buff_up2_red_00012"},{"time":0.4333,"name":null}]}},"bones":{"addition":{"scale":[{"time":0,"x":3,"y":3}]}}},"10":{"slots":{"debuff1":{"attachment":[{"time":0,"name":"CO_buff_down1_purple/CO_buff_down1_purple_00000"},{"time":0.0333,"name":"CO_buff_down1_purple/CO_buff_down1_purple_00001"},{"time":0.0666,"name":"CO_buff_down1_purple/CO_buff_down1_purple_00002"},{"time":0.1,"name":"CO_buff_down1_purple/CO_buff_down1_purple_00003"},{"time":0.1333,"name":"CO_buff_down1_purple/CO_buff_down1_purple_00004"},{"time":0.1666,"name":"CO_buff_down1_purple/CO_buff_down1_purple_00005"},{"time":0.2,"name":"CO_buff_down1_purple/CO_buff_down1_purple_00007"},{"time":0.2333,"name":"CO_buff_down1_purple/CO_buff_down1_purple_00008"},{"time":0.2666,"name":"CO_buff_down1_purple/CO_buff_down1_purple_00010"},{"time":0.3,"name":"CO_buff_down1_purple/CO_buff_down1_purple_00011"},{"time":0.3333,"name":"CO_buff_down1_purple/CO_buff_down1_purple_00012"},{"time":0.3666,"name":"CO_buff_down1_purple/CO_buff_down1_purple_00013"},{"time":0.4,"name":"CO_buff_down1_purple/CO_buff_down1_purple_00014"},{"time":0.4333,"name":"CO_buff_down1_purple/CO_buff_down1_purple_00015"},{"time":0.4666,"name":"CO_buff_down1_purple/CO_buff_down1_purple_00016"},{"time":0.5,"name":"CO_buff_down1_purple/CO_buff_down1_purple_00017"},{"time":0.5333,"name":"CO_buff_down1_purple/CO_buff_down1_purple_00018"},{"time":0.5666,"name":"CO_buff_down1_purple/CO_buff_down1_purple_00019"},{"time":0.6,"name":"CO_buff_down1_purple/CO_buff_down1_purple_00020"},{"time":0.6333,"name":"CO_buff_down1_purple/CO_buff_down1_purple_00021"},{"time":0.6666,"name":"CO_buff_down1_purple/CO_buff_down1_purple_00021"},{"time":0.7,"name":null}]},"debuff2":{"attachment":[{"time":0.0666,"name":"CO_buff_down2_purple/CO_buff_down2_purple_00002"},{"time":0.1,"name":"CO_buff_down2_purple/CO_buff_down2_purple_00003"},{"time":0.1333,"name":"CO_buff_down2_purple/CO_buff_down2_purple_00004"},{"time":0.1666,"name":"CO_buff_down2_purple/CO_buff_down2_purple_00005"},{"time":0.2,"name":"CO_buff_down2_purple/CO_buff_down2_purple_00006"},{"time":0.2333,"name":"CO_buff_down2_purple/CO_buff_down2_purple_00007"},{"time":0.2666,"name":"CO_buff_down2_purple/CO_buff_down2_purple_00008"},{"time":0.3,"name":"CO_buff_down2_purple/CO_buff_down2_purple_00009"},{"time":0.3333,"name":"CO_buff_down2_purple/CO_buff_down2_purple_00010"},{"time":0.3666,"name":"CO_buff_down2_purple/CO_buff_down2_purple_00011"},{"time":0.4,"name":"CO_buff_down2_purple/CO_buff_down2_purple_00012"},{"time":0.4333,"name":"CO_buff_down2_purple/CO_buff_down2_purple_00013"},{"time":0.4666,"name":null}]}},"bones":{"addition":{"translate":[{"time":0,"x":0,"y":0.54}],"scale":[{"time":0,"x":3,"y":3}]}}},"11":{"slots":{"heal1":{"attachment":[{"time":0,"name":"CO_buff_heal1/CO_buff_heal1_00002"},{"time":0.0333,"name":"CO_buff_heal1/CO_buff_heal1_00003"},{"time":0.0666,"name":"CO_buff_heal1/CO_buff_heal1_00004"},{"time":0.1,"name":"CO_buff_heal1/CO_buff_heal1_00005"},{"time":0.1333,"name":"CO_buff_heal1/CO_buff_heal1_00006"},{"time":0.1666,"name":"CO_buff_heal1/CO_buff_heal1_00007"},{"time":0.2,"name":"CO_buff_heal1/CO_buff_heal1_00008"},{"time":0.2333,"name":"CO_buff_heal1/CO_buff_heal1_00009"},{"time":0.2666,"name":"CO_buff_heal1/CO_buff_heal1_00010"},{"time":0.3,"name":"CO_buff_heal1/CO_buff_heal1_00011"},{"time":0.3333,"name":"CO_buff_heal1/CO_buff_heal1_00012"},{"time":0.3666,"name":null},{"time":0.7666,"name":"CO_buff_heal1/CO_buff_heal1_00002"}]},"heal2":{"attachment":[{"time":0,"name":"CO_buff_heal2/CO_buff_heal2_00000"},{"time":0.0333,"name":"CO_buff_heal2/CO_buff_heal2_00001"},{"time":0.0666,"name":"CO_buff_heal2/CO_buff_heal2_00002"},{"time":0.1,"name":"CO_buff_heal2/CO_buff_heal2_00003"},{"time":0.1333,"name":"CO_buff_heal2/CO_buff_heal2_00004"},{"time":0.1666,"name":"CO_buff_heal2/CO_buff_heal2_00005"},{"time":0.2,"name":"CO_buff_heal2/CO_buff_heal2_00006"},{"time":0.2333,"name":"CO_buff_heal2/CO_buff_heal2_00007"},{"time":0.2666,"name":"CO_buff_heal2/CO_buff_heal2_00008"},{"time":0.3,"name":"CO_buff_heal2/CO_buff_heal2_00009"},{"time":0.3333,"name":"CO_buff_heal2/CO_buff_heal2_00010"},{"time":0.3666,"name":"CO_buff_heal2/CO_buff_heal2_00011"},{"time":0.4,"name":"CO_buff_heal2/CO_buff_heal2_00012"},{"time":0.4333,"name":null}]},"heal3":{"attachment":[{"time":0.0666,"name":"CO_buff_heal3/CO_buff_heal3_00002"},{"time":0.1,"name":"CO_buff_heal3/CO_buff_heal3_00003"},{"time":0.1333,"name":"CO_buff_heal3/CO_buff_heal3_00004"},{"time":0.1666,"name":"CO_buff_heal3/CO_buff_heal3_00005"},{"time":0.2,"name":"CO_buff_heal3/CO_buff_heal3_00006"},{"time":0.2333,"name":"CO_buff_heal3/CO_buff_heal3_00007"},{"time":0.2666,"name":"CO_buff_heal3/CO_buff_heal3_00008"},{"time":0.3,"name":"CO_buff_heal3/CO_buff_heal3_00009"},{"time":0.3333,"name":null}]}},"bones":{"addition":{"translate":[{"time":0,"x":0,"y":-14.81}],"scale":[{"time":0,"x":3.5,"y":3.5}]}}},"1003":{"slots":{"mahi_1":{"attachment":[{"time":0,"name":"CO_mahi/CO_st2_mahi2_00001"},{"time":0.1666,"name":"CO_mahi/CO_st2_mahi2_00001"},{"time":0.4333,"name":null}],"color":[{"time":0,"color":"ffffff00"},{"time":0.1,"color":"ffffffff","curve":"stepped"},{"time":0.2666,"color":"ffffffff"},{"time":0.4,"color":"ffffff00"}]},"mahi_2":{"attachment":[{"time":0,"name":"CO_mahi/CO_st2_mahi1_00001"},{"time":0.0333,"name":"CO_mahi/CO_st2_mahi1_00002"},{"time":0.0666,"name":"CO_mahi/CO_st2_mahi1_00003"},{"time":0.1,"name":"CO_mahi/CO_st2_mahi1_00004"},{"time":0.1333,"name":"CO_mahi/CO_st2_mahi1_00005"},{"time":0.1666,"name":"CO_mahi/CO_st2_mahi1_00006"},{"time":0.2,"name":"CO_mahi/CO_st2_mahi1_00007"},{"time":0.2333,"name":"CO_mahi/CO_st2_mahi1_00001"},{"time":0.2666,"name":"CO_mahi/CO_st2_mahi1_00002"},{"time":0.3,"name":"CO_mahi/CO_st2_mahi1_00003"},{"time":0.3333,"name":"CO_mahi/CO_st2_mahi1_00004"},{"time":0.3666,"name":"CO_mahi/CO_st2_mahi1_00005"},{"time":0.4,"name":"CO_mahi/CO_st2_mahi1_00006"},{"time":0.4333,"name":"CO_mahi/CO_st2_mahi1_00007"},{"time":0.4666,"name":null}]}},"bones":{"addition2":{"scale":[{"time":0,"x":0.7,"y":0.7},{"time":0.0333,"x":0.65,"y":0.65},{"time":0.1666,"x":1,"y":1,"curve":"stepped"},{"time":0.2,"x":0.78,"y":0.78},{"time":0.2333,"x":0.866,"y":0.866,"curve":"stepped"},{"time":0.2666,"x":0.9,"y":0.9,"curve":[0.405,0,0.829,0.38]},{"time":0.4666,"x":0.3,"y":0.3}]}}},"16":{"slots":{"addition":{"attachment":[{"time":0,"name":"aura/9030_S1_aura2_00000"},{"time":0.1,"name":"aura/9030_S1_aura2_00002"},{"time":0.2,"name":"aura/9030_S1_aura2_00004"},{"time":0.3,"name":"aura/9030_S1_aura2_00006"},{"time":0.4,"name":"aura/9030_S1_aura2_00008"},{"time":0.5,"name":"aura/9030_S1_aura2_00010"},{"time":0.6,"name":"aura/9030_S1_aura2_00012"},{"time":0.7,"name":"aura/9030_S1_aura2_00014"},{"time":0.8,"name":"aura/9030_S1_aura2_00016"},{"time":0.9,"name":"aura/9030_S1_aura2_00018"},{"time":1,"name":"aura/9030_S1_aura2_00020"},{"time":1.1,"name":"aura/9030_S1_aura2_00022"}],"color":[{"time":0,"color":"ffffff00","curve":[0.25,0,0.75,1]},{"time":0.3,"color":"ffffffff","curve":"stepped"},{"time":0.7,"color":"ffffffff","curve":[0.25,0,0.75,1]},{"time":1.1,"color":"ffffff00"}]}},"bones":{"addition":{"scale":[{"time":0,"x":4,"y":4}]}}},"17":{"slots":{"addition":{"attachment":[{"time":0,"name":"ganan/430_S2_power1_00003"},{"time":0.1666,"name":"ganan/430_S2_power1_00004"},{"time":0.3333,"name":"ganan/430_S2_power1_00005"},{"time":0.5,"name":"ganan/430_S2_power1_00007"},{"time":0.6666,"name":"ganan/430_S2_power1_00008"},{"time":0.8333,"name":"ganan/430_S2_power1_00010"},{"time":1,"name":"ganan/430_S2_power1_00013"},{"time":1.1666,"name":"ganan/430_S2_power1_00014"},{"time":1.3333,"name":"ganan/430_S2_power1_00015"},{"time":1.5,"name":"ganan/430_S2_power1_00003"}]}},"bones":{"addition":{"translate":[{"time":0,"x":0,"y":15.01}],"scale":[{"time":0,"x":1.5,"y":1.5}]}}},"18":{"slots":{"addition":{"attachment":[{"time":0,"name":"ganan/430_S2_power1_00003"},{"time":0.1666,"name":"ganan/430_S2_power1_00004"},{"time":0.3333,"name":"ganan/430_S2_power1_00005"},{"time":0.5,"name":"ganan/430_S2_power1_00007"},{"time":0.6666,"name":"ganan/430_S2_power1_00008"},{"time":0.8333,"name":"ganan/430_S2_power1_00010"},{"time":1,"name":"ganan/430_S2_power1_00013"},{"time":1.1666,"name":"ganan/430_S2_power1_00014"},{"time":1.3333,"name":"ganan/430_S2_power1_00015"},{"time":1.5,"name":"ganan/430_S2_power1_00003"}]}},"bones":{"addition":{"translate":[{"time":0,"x":0,"y":26.68}],"scale":[{"time":0,"x":3,"y":3}]}}},"110":{"slots":{"ice":{"attachment":[{"time":0,"name":"CO_STATE_ice1_00000"}]}}},"1-3":{"slots":{"barrier00":{"attachment":[{"time":0.1,"name":"barrier/ef_sheld_blue_mian_00004"},{"time":0.1333,"name":"barrier/ef_sheld_blue_mian_00005"},{"time":0.1666,"name":"barrier/ef_sheld_blue_mian_00006"},{"time":0.2,"name":"barrier/ef_sheld_blue_mian_00007"},{"time":0.2666,"name":"barrier/ef_sheld_blue_mian_00008"},{"time":0.3333,"name":"barrier/ef_sheld_blue_mian_00009"},{"time":0.4,"name":"barrier/ef_sheld_blue_mian_00010"},{"time":0.4666,"name":"barrier/ef_sheld_blue_mian_00011"},{"time":0.5333,"name":"barrier/ef_sheld_blue_mian_00012"},{"time":0.6,"name":"barrier/ef_sheld_blue_mian_00011"},{"time":0.6666,"name":"barrier/ef_sheld_blue_mian_00010"},{"time":0.7333,"name":"barrier/ef_sheld_blue_mian_00009"},{"time":0.7666,"name":"barrier/ef_sheld_blue_mian_00008"},{"time":0.8,"name":"barrier/ef_sheld_blue_mian_00007"},{"time":0.8333,"name":"barrier/ef_sheld_blue_mian_00006"},{"time":0.8666,"name":"barrier/ef_sheld_blue_mian_00005"},{"time":0.9,"name":"barrier/ef_sheld_blue_mian_00004"}]}},"bones":{"addition":{"scale":[{"time":0,"x":2,"y":2}]}}},"1_1":{"slots":{"barrier00":{"attachment":[{"time":0,"name":"barrier/ef_sheld_blue_mian_00012"}]}},"bones":{"addition":{"scale":[{"time":0,"x":2,"y":2}]}}},"1_2":{"slots":{"barrier00":{"attachment":[{"time":0,"name":"barrier/ef_sheld_blue_mian_00004"},{"time":0.5333,"name":"barrier/ef_sheld_blue_mian_00005"},{"time":0.6666,"name":"barrier/ef_sheld_blue_mian_00006"},{"time":0.7666,"name":"barrier/ef_sheld_blue_mian_00007"},{"time":0.9333,"name":"barrier/ef_sheld_blue_mian_00008"},{"time":1.0666,"name":"barrier/ef_sheld_blue_mian_00009"},{"time":1.2333,"name":"barrier/ef_sheld_blue_mian_00010"},{"time":1.3666,"name":"barrier/ef_sheld_blue_mian_00011"},{"time":1.5333,"name":"barrier/ef_sheld_blue_mian_00012"},{"time":1.6666,"name":"barrier/ef_sheld_blue_mian_00011"},{"time":1.8333,"name":"barrier/ef_sheld_blue_mian_00010"},{"time":1.9666,"name":"barrier/ef_sheld_blue_mian_00009"},{"time":2.1,"name":"barrier/ef_sheld_blue_mian_00008"},{"time":2.2333,"name":"barrier/ef_sheld_blue_mian_00007"},{"time":2.3666,"name":"barrier/ef_sheld_blue_mian_00006"},{"time":2.4666,"name":"barrier/ef_sheld_blue_mian_00005"},{"time":3,"name":"barrier/ef_sheld_blue_mian_00004"}]}},"bones":{"addition":{"scale":[{"time":0,"x":2,"y":2}]}}},"20":{"slots":{"ef_aura1_1":{"attachment":[{"time":0,"name":"ef_aura/670_S2_ene2_00003"},{"time":0.1,"name":"ef_aura/670_S2_ene2_00004"},{"time":0.2,"name":"ef_aura/670_S2_ene2_00005"},{"time":0.3,"name":"ef_aura/670_S2_ene2_00007"},{"time":0.4,"name":"ef_aura/670_S2_ene2_00008"},{"time":0.5,"name":"ef_aura/670_S2_ene2_00010"},{"time":0.6,"name":"ef_aura/670_S2_ene2_00013"},{"time":0.7,"name":"ef_aura/670_S2_ene2_00014"},{"time":0.8,"name":"ef_aura/670_S2_ene2_00015"},{"time":0.9,"name":"ef_aura/670_S2_ene2_00003"}],"color":[{"time":0,"color":"ffffffff"},{"time":0.4333,"color":"ffffffb9"},{"time":0.9,"color":"ffffffff"}]},"ef_particle1_1":{"attachment":[{"time":0,"name":"particle_blue/main_00001"},{"time":0.1,"name":"particle_blue/main_00002"},{"time":0.2,"name":"particle_blue/main_00003"},{"time":0.3,"name":"particle_blue/main_00004"},{"time":0.4,"name":"particle_blue/main_00005"},{"time":0.5,"name":"particle_blue/main_00006"},{"time":0.6,"name":"particle_blue/main_00007"},{"time":0.7,"name":null}],"color":[{"time":0.5333,"color":"ffffffff"},{"time":0.7,"color":"ffffff00"}]},"ef_particle1_2":{"attachment":[{"time":0.1666,"name":"particle_blue/main_00001"},{"time":0.2666,"name":"particle_blue/main_00002"},{"time":0.3666,"name":"particle_blue/main_00003"},{"time":0.4666,"name":"particle_blue/main_00004"},{"time":0.5666,"name":"particle_blue/main_00005"},{"time":0.6666,"name":"particle_blue/main_00006"},{"time":0.7666,"name":"particle_blue/main_00007"},{"time":0.8666,"name":null}],"color":[{"time":0.7,"color":"ffffffff"},{"time":0.8666,"color":"ffffff00"}]},"ef_particle1_3":{"attachment":[{"time":0,"name":"particle_blue/main_00001"},{"time":0.1,"name":"particle_blue/main_00002"},{"time":0.2,"name":"particle_blue/main_00003"},{"time":0.3,"name":"particle_blue/main_00004"},{"time":0.4,"name":"particle_blue/main_00005"},{"time":0.5,"name":"particle_blue/main_00006"},{"time":0.6,"name":"particle_blue/main_00007"},{"time":0.7,"name":null}],"color":[{"time":0.5333,"color":"ffffffff"},{"time":0.7,"color":"ffffff00"}]},"ef_particle1_4":{"attachment":[{"time":0,"name":"particle_blue/main_00004"},{"time":0.1,"name":"particle_blue/main_00005"},{"time":0.2,"name":"particle_blue/main_00006"},{"time":0.3,"name":"particle_blue/main_00007"},{"time":0.4,"name":null},{"time":0.7333,"name":"particle_blue/main_00001"},{"time":0.8333,"name":"particle_blue/main_00002"}],"color":[{"time":0.2333,"color":"ffffffff"},{"time":0.4,"color":"ffffff00"}]},"ice":{"attachment":[{"time":0,"name":"CO_STATE_ice1_00000"}]}},"bones":{"ef_aura1_1":{"translate":[{"time":0,"x":-20.89,"y":-92.27}],"scale":[{"time":0,"x":3.742,"y":3.742}]},"ef_particle1_1":{"translate":[{"time":0,"x":7.54,"y":-40.22}],"scale":[{"time":0,"x":1.5,"y":1.5},{"time":0.7,"x":1.8,"y":1.8}]},"ef_particle1_2":{"translate":[{"time":0.1666,"x":1.25,"y":70.39}],"scale":[{"time":0.1666,"x":1.5,"y":1.5},{"time":0.8666,"x":1.8,"y":1.8}]},"ef_particle1_3":{"translate":[{"time":0,"x":0,"y":72.67}]},"ef_particle1_4":{"translate":[{"time":0,"x":0,"y":72.67}]}}},"50009":{"slots":{"buff-red1":{"attachment":[{"time":0,"name":"CO_buff_up1_red/CO_buff_up1_red_00000"},{"time":0.0333,"name":"CO_buff_up1_red/CO_buff_up1_red_00001"},{"time":0.0666,"name":"CO_buff_up1_red/CO_buff_up1_red_00002"},{"time":0.1,"name":"CO_buff_up1_red/CO_buff_up1_red_00003"},{"time":0.1333,"name":"CO_buff_up1_red/CO_buff_up1_red_00004"},{"time":0.1666,"name":"CO_buff_up1_red/CO_buff_up1_red_00005"},{"time":0.2,"name":"CO_buff_up1_red/CO_buff_up1_red_00006"},{"time":0.2333,"name":"CO_buff_up1_red/CO_buff_up1_red_00007"},{"time":0.2666,"name":"CO_buff_up1_red/CO_buff_up1_red_00008"},{"time":0.3,"name":"CO_buff_up1_red/CO_buff_up1_red_00009"},{"time":0.3333,"name":"CO_buff_up1_red/CO_buff_up1_red_00010"},{"time":0.3666,"name":"CO_buff_up1_red/CO_buff_up1_red_00011"},{"time":0.4,"name":"CO_buff_up1_red/CO_buff_up1_red_00012"},{"time":0.4333,"name":"CO_buff_up1_red/CO_buff_up1_red_00013"},{"time":0.4666,"name":"CO_buff_up1_red/CO_buff_up1_red_00014"},{"time":0.5,"name":"CO_buff_up1_red/CO_buff_up1_red_00015"},{"time":0.5333,"name":"CO_buff_up1_red/CO_buff_up1_red_00016"},{"time":0.5666,"name":"CO_buff_up1_red/CO_buff_up1_red_00017"},{"time":0.6,"name":"CO_buff_up1_red/CO_buff_up1_red_00019"},{"time":0.6333,"name":"CO_buff_up1_red/CO_buff_up1_red_00020"},{"time":0.6666,"name":"CO_buff_up1_red/CO_buff_up1_red_00021"},{"time":0.7,"name":"CO_buff_up1_red/CO_buff_up1_red_00022"},{"time":0.7333,"name":"CO_buff_up1_red/CO_buff_up1_red_00023"},{"time":0.7666,"name":"CO_buff_up1_red/CO_buff_up1_red_00024"},{"time":0.8,"name":null},{"time":1.2,"name":null}]}},"bones":{"addition":{"scale":[{"time":0,"x":3,"y":3}]}}},"barrier":{"bones":{"addition":{"scale":[{"time":0,"x":3,"y":3}]}}},"up":{"slots":{"buff1":{"attachment":[{"time":0,"name":"CO_buff_itemon1/CO_buff_itemon1_00001"},{"time":0.0333,"name":"CO_buff_itemon1/CO_buff_itemon1_00002"},{"time":0.0666,"name":"CO_buff_itemon1/CO_buff_itemon1_00003"},{"time":0.1,"name":"CO_buff_itemon1/CO_buff_itemon1_00004"},{"time":0.1333,"name":"CO_buff_itemon1/CO_buff_itemon1_00005"},{"time":0.1666,"name":"CO_buff_itemon1/CO_buff_itemon1_00006"},{"time":0.2,"name":"CO_buff_itemon1/CO_buff_itemon1_00007"},{"time":0.2333,"name":"CO_buff_itemon1/CO_buff_itemon1_00008"},{"time":0.2666,"name":"CO_buff_itemon1/CO_buff_itemon1_00009"},{"time":0.3,"name":"CO_buff_itemon1/CO_buff_itemon1_00010"},{"time":0.3333,"name":"CO_buff_itemon1/CO_buff_itemon1_00011"},{"time":0.3666,"name":"CO_buff_itemon1/CO_buff_itemon1_00012"},{"time":0.4,"name":"CO_buff_itemon1/CO_buff_itemon1_00013"},{"time":0.4333,"name":"CO_buff_itemon1/CO_buff_itemon1_00014"},{"time":0.4666,"name":"CO_buff_itemon1/CO_buff_itemon1_00015"},{"time":0.5,"name":"CO_buff_itemon1/CO_buff_itemon1_00016"},{"time":0.5333,"name":"CO_buff_itemon1/CO_buff_itemon1_00017"},{"time":0.5666,"name":"CO_buff_itemon1/CO_buff_itemon1_00018"},{"time":0.6,"name":"CO_buff_itemon1/CO_buff_itemon1_00019"},{"time":0.6333,"name":"CO_buff_itemon1/CO_buff_itemon1_00020"},{"time":0.6666,"name":"CO_buff_itemon1/CO_buff_itemon1_00022"},{"time":0.7,"name":"CO_buff_itemon1/CO_buff_itemon1_00023"},{"time":0.7333,"name":"CO_buff_itemon1/CO_buff_itemon1_00024"},{"time":0.7666,"name":"CO_buff_itemon1/CO_buff_itemon1_00025"},{"time":0.8,"name":"CO_buff_itemon1/CO_buff_itemon1_00026"},{"time":0.8333,"name":"CO_buff_itemon1/CO_buff_itemon1_00027"},{"time":0.9333,"name":null}],"color":[{"time":0.8333,"color":"ffffffff"},{"time":0.9333,"color":"ffffff00"}]},"buff2":{"attachment":[{"time":0,"name":"CO_buff_itemon2/CO_buff_itemon2_00000"},{"time":0.0666,"name":"CO_buff_itemon2/CO_buff_itemon2_00002"},{"time":0.1333,"name":"CO_buff_itemon2/CO_buff_itemon2_00004"},{"time":0.2,"name":"CO_buff_itemon2/CO_buff_itemon2_00006"},{"time":0.2666,"name":"CO_buff_itemon2/CO_buff_itemon2_00008"},{"time":0.3333,"name":"CO_buff_itemon2/CO_buff_itemon2_00010"},{"time":0.4,"name":"CO_buff_itemon2/CO_buff_itemon2_00012"},{"time":0.4666,"name":"CO_buff_itemon2/CO_buff_itemon2_00014"},{"time":0.5333,"name":"CO_buff_itemon2/CO_buff_itemon2_00016"}],"color":[{"time":0.5666,"color":"ffffff00"}]}},"bones":{"addition":{"translate":[{"time":0,"x":0,"y":47.4}],"scale":[{"time":0,"x":3,"y":3}]},"addition2":{"translate":[{"time":0,"x":7.6,"y":43.93}],"scale":[{"time":0,"x":2,"y":2}]}}}}}