{"skeleton":{"hash":"SJXSirZ244spnfxEpVzL/oJvVX4","spine":"3.0.12","width":0,"height":0},"bones":[{"name":"root"},{"name":"9140_OUT_shine6","parent":"root"},{"name":"9140_OUT_shine5","parent":"root"},{"name":"9140_OUT_shine4","parent":"root"},{"name":"9140_OUT_shine3","parent":"root"},{"name":"9140_OUT_shine2","parent":"root"},{"name":"9140_OUT_shine1","parent":"root"}],"slots":[{"name":"EF/out/9140_OUT_shine1/9140_OUT_shine1_00001","bone":"9140_OUT_shine1","blend":"additive"},{"name":"EF/out/9140_OUT_shine2/9140_OUT_shine2_00001","bone":"9140_OUT_shine2","blend":"additive"},{"name":"EF/out/9140_OUT_shine3/9140_OUT_shine3_00002","bone":"9140_OUT_shine3","blend":"additive"},{"name":"EF/out/9140_OUT_shine4/9140_OUT_shine4_00002","bone":"9140_OUT_shine4","blend":"additive"},{"name":"EF/out/9140_OUT_shine5/9140_OUT_shine5_00002","bone":"9140_OUT_shine5","blend":"additive"},{"name":"EF/out/9140_OUT_shine6/9140_OUT_shine6_00002","bone":"9140_OUT_shine6","blend":"additive"}],"skins":{"default":{"EF/out/9140_OUT_shine1/9140_OUT_shine1_00001":{"EF/out/9140_OUT_shine1/9140_OUT_shine1_00001":{"width":200,"height":200},"EF/out/9140_OUT_shine1/9140_OUT_shine1_00002":{"width":200,"height":200},"EF/out/9140_OUT_shine1/9140_OUT_shine1_00003":{"width":200,"height":200},"EF/out/9140_OUT_shine1/9140_OUT_shine1_00004":{"width":200,"height":200},"EF/out/9140_OUT_shine1/9140_OUT_shine1_00005":{"width":200,"height":200},"EF/out/9140_OUT_shine1/9140_OUT_shine1_00006":{"width":200,"height":200},"EF/out/9140_OUT_shine1/9140_OUT_shine1_00007":{"width":200,"height":200},"EF/out/9140_OUT_shine1/9140_OUT_shine1_00008":{"width":200,"height":200},"EF/out/9140_OUT_shine1/9140_OUT_shine1_00009":{"width":200,"height":200},"EF/out/9140_OUT_shine1/9140_OUT_shine1_00010":{"width":200,"height":200},"EF/out/9140_OUT_shine1/9140_OUT_shine1_00011":{"width":200,"height":200},"EF/out/9140_OUT_shine1/9140_OUT_shine1_00012":{"width":200,"height":200},"EF/out/9140_OUT_shine1/9140_OUT_shine1_00013":{"width":200,"height":200},"EF/out/9140_OUT_shine1/9140_OUT_shine1_00014":{"width":200,"height":200},"EF/out/9140_OUT_shine1/9140_OUT_shine1_00015":{"width":200,"height":200},"EF/out/9140_OUT_shine1/9140_OUT_shine1_00016":{"width":200,"height":200},"EF/out/9140_OUT_shine1/9140_OUT_shine1_00017":{"width":200,"height":200},"EF/out/9140_OUT_shine1/9140_OUT_shine1_00018":{"width":200,"height":200},"EF/out/9140_OUT_shine1/9140_OUT_shine1_00019":{"width":200,"height":200},"EF/out/9140_OUT_shine1/9140_OUT_shine1_00020":{"width":200,"height":200},"EF/out/9140_OUT_shine1/9140_OUT_shine1_00021":{"width":200,"height":200},"EF/out/9140_OUT_shine1/9140_OUT_shine1_00022":{"width":200,"height":200},"EF/out/9140_OUT_shine1/9140_OUT_shine1_00023":{"width":200,"height":200},"EF/out/9140_OUT_shine1/9140_OUT_shine1_00024":{"width":200,"height":200},"EF/out/9140_OUT_shine1/9140_OUT_shine1_00025":{"width":200,"height":200},"EF/out/9140_OUT_shine1/9140_OUT_shine1_00026":{"width":200,"height":200},"EF/out/9140_OUT_shine1/9140_OUT_shine1_00027":{"width":200,"height":200},"EF/out/9140_OUT_shine1/9140_OUT_shine1_00028":{"width":200,"height":200},"EF/out/9140_OUT_shine1/9140_OUT_shine1_00029":{"width":200,"height":200},"EF/out/9140_OUT_shine1/9140_OUT_shine1_00030":{"width":200,"height":200},"EF/out/9140_OUT_shine1/9140_OUT_shine1_00031":{"width":200,"height":200},"EF/out/9140_OUT_shine1/9140_OUT_shine1_00032":{"width":200,"height":200},"EF/out/9140_OUT_shine1/9140_OUT_shine1_00033":{"width":200,"height":200},"EF/out/9140_OUT_shine1/9140_OUT_shine1_00034":{"width":200,"height":200},"EF/out/9140_OUT_shine1/9140_OUT_shine1_00035":{"width":200,"height":200},"EF/out/9140_OUT_shine1/9140_OUT_shine1_00036":{"width":200,"height":200},"EF/out/9140_OUT_shine1/9140_OUT_shine1_00037":{"width":200,"height":200},"EF/out/9140_OUT_shine1/9140_OUT_shine1_00038":{"width":200,"height":200}},"EF/out/9140_OUT_shine2/9140_OUT_shine2_00001":{"EF/out/9140_OUT_shine2/9140_OUT_shine2_00001":{"width":200,"height":200},"EF/out/9140_OUT_shine2/9140_OUT_shine2_00002":{"width":200,"height":200},"EF/out/9140_OUT_shine2/9140_OUT_shine2_00003":{"width":200,"height":200},"EF/out/9140_OUT_shine2/9140_OUT_shine2_00004":{"width":200,"height":200},"EF/out/9140_OUT_shine2/9140_OUT_shine2_00005":{"width":200,"height":200},"EF/out/9140_OUT_shine2/9140_OUT_shine2_00006":{"width":200,"height":200},"EF/out/9140_OUT_shine2/9140_OUT_shine2_00007":{"width":200,"height":200},"EF/out/9140_OUT_shine2/9140_OUT_shine2_00008":{"width":200,"height":200},"EF/out/9140_OUT_shine2/9140_OUT_shine2_00009":{"width":200,"height":200},"EF/out/9140_OUT_shine2/9140_OUT_shine2_00010":{"width":200,"height":200}},"EF/out/9140_OUT_shine3/9140_OUT_shine3_00002":{"EF/out/9140_OUT_shine3/9140_OUT_shine3_00002":{"width":200,"height":200},"EF/out/9140_OUT_shine3/9140_OUT_shine3_00003":{"width":200,"height":200},"EF/out/9140_OUT_shine3/9140_OUT_shine3_00004":{"width":200,"height":200},"EF/out/9140_OUT_shine3/9140_OUT_shine3_00005":{"width":200,"height":200},"EF/out/9140_OUT_shine3/9140_OUT_shine3_00006":{"width":200,"height":200},"EF/out/9140_OUT_shine3/9140_OUT_shine3_00007":{"width":200,"height":200},"EF/out/9140_OUT_shine3/9140_OUT_shine3_00008":{"width":200,"height":200},"EF/out/9140_OUT_shine3/9140_OUT_shine3_00009":{"width":200,"height":200},"EF/out/9140_OUT_shine3/9140_OUT_shine3_00010":{"width":200,"height":200},"EF/out/9140_OUT_shine3/9140_OUT_shine3_00011":{"width":200,"height":200},"EF/out/9140_OUT_shine3/9140_OUT_shine3_00012":{"width":200,"height":200},"EF/out/9140_OUT_shine3/9140_OUT_shine3_00013":{"width":200,"height":200},"EF/out/9140_OUT_shine3/9140_OUT_shine3_00014":{"width":200,"height":200},"EF/out/9140_OUT_shine3/9140_OUT_shine3_00015":{"width":200,"height":200},"EF/out/9140_OUT_shine3/9140_OUT_shine3_00016":{"width":200,"height":200},"EF/out/9140_OUT_shine3/9140_OUT_shine3_00017":{"width":200,"height":200},"EF/out/9140_OUT_shine3/9140_OUT_shine3_00018":{"width":200,"height":200},"EF/out/9140_OUT_shine3/9140_OUT_shine3_00019":{"width":200,"height":200},"EF/out/9140_OUT_shine3/9140_OUT_shine3_00021":{"width":200,"height":200},"EF/out/9140_OUT_shine3/9140_OUT_shine3_00022":{"width":200,"height":200},"EF/out/9140_OUT_shine3/9140_OUT_shine3_00024":{"width":200,"height":200},"EF/out/9140_OUT_shine3/9140_OUT_shine3_00026":{"width":200,"height":200}},"EF/out/9140_OUT_shine4/9140_OUT_shine4_00002":{"EF/out/9140_OUT_shine4/9140_OUT_shine4_00002":{"width":200,"height":200},"EF/out/9140_OUT_shine4/9140_OUT_shine4_00003":{"width":200,"height":200},"EF/out/9140_OUT_shine4/9140_OUT_shine4_00004":{"width":200,"height":200},"EF/out/9140_OUT_shine4/9140_OUT_shine4_00005":{"width":200,"height":200},"EF/out/9140_OUT_shine4/9140_OUT_shine4_00006":{"width":200,"height":200},"EF/out/9140_OUT_shine4/9140_OUT_shine4_00007":{"width":200,"height":200},"EF/out/9140_OUT_shine4/9140_OUT_shine4_00008":{"width":200,"height":200},"EF/out/9140_OUT_shine4/9140_OUT_shine4_00009":{"width":200,"height":200},"EF/out/9140_OUT_shine4/9140_OUT_shine4_00010":{"width":200,"height":200},"EF/out/9140_OUT_shine4/9140_OUT_shine4_00011":{"width":200,"height":200},"EF/out/9140_OUT_shine4/9140_OUT_shine4_00012":{"width":200,"height":200},"EF/out/9140_OUT_shine4/9140_OUT_shine4_00013":{"width":200,"height":200},"EF/out/9140_OUT_shine4/9140_OUT_shine4_00014":{"width":200,"height":200},"EF/out/9140_OUT_shine4/9140_OUT_shine4_00015":{"width":200,"height":200},"EF/out/9140_OUT_shine4/9140_OUT_shine4_00016":{"width":200,"height":200},"EF/out/9140_OUT_shine4/9140_OUT_shine4_00017":{"width":200,"height":200},"EF/out/9140_OUT_shine4/9140_OUT_shine4_00018":{"width":200,"height":200},"EF/out/9140_OUT_shine4/9140_OUT_shine4_00019":{"width":200,"height":200},"EF/out/9140_OUT_shine4/9140_OUT_shine4_00020":{"width":200,"height":200},"EF/out/9140_OUT_shine4/9140_OUT_shine4_00021":{"width":200,"height":200},"EF/out/9140_OUT_shine4/9140_OUT_shine4_00022":{"width":200,"height":200},"EF/out/9140_OUT_shine4/9140_OUT_shine4_00023":{"width":200,"height":200},"EF/out/9140_OUT_shine4/9140_OUT_shine4_00024":{"width":200,"height":200},"EF/out/9140_OUT_shine4/9140_OUT_shine4_00025":{"width":200,"height":200}},"EF/out/9140_OUT_shine5/9140_OUT_shine5_00002":{"EF/out/9140_OUT_shine5/9140_OUT_shine5_00002":{"width":200,"height":200},"EF/out/9140_OUT_shine5/9140_OUT_shine5_00003":{"width":200,"height":200},"EF/out/9140_OUT_shine5/9140_OUT_shine5_00004":{"width":200,"height":200},"EF/out/9140_OUT_shine5/9140_OUT_shine5_00005":{"width":200,"height":200}},"EF/out/9140_OUT_shine6/9140_OUT_shine6_00002":{"EF/out/9140_OUT_shine6/9140_OUT_shine6_00002":{"width":200,"height":200},"EF/out/9140_OUT_shine6/9140_OUT_shine6_00003":{"width":200,"height":200},"EF/out/9140_OUT_shine6/9140_OUT_shine6_00004":{"width":200,"height":200},"EF/out/9140_OUT_shine6/9140_OUT_shine6_00005":{"width":200,"height":200},"EF/out/9140_OUT_shine6/9140_OUT_shine6_00006":{"width":200,"height":200},"EF/out/9140_OUT_shine6/9140_OUT_shine6_00007":{"width":200,"height":200},"EF/out/9140_OUT_shine6/9140_OUT_shine6_00008":{"width":200,"height":200},"EF/out/9140_OUT_shine6/9140_OUT_shine6_00009":{"width":200,"height":200},"EF/out/9140_OUT_shine6/9140_OUT_shine6_00010":{"width":200,"height":200},"EF/out/9140_OUT_shine6/9140_OUT_shine6_00011":{"width":200,"height":200}}}},"animations":{"out_ef":{"slots":{"EF/out/9140_OUT_shine1/9140_OUT_shine1_00001":{"attachment":[{"time":0.0333,"name":"EF/out/9140_OUT_shine1/9140_OUT_shine1_00001"},{"time":0.0666,"name":"EF/out/9140_OUT_shine1/9140_OUT_shine1_00002"},{"time":0.1,"name":"EF/out/9140_OUT_shine1/9140_OUT_shine1_00003"},{"time":0.1666,"name":"EF/out/9140_OUT_shine1/9140_OUT_shine1_00004"},{"time":0.2,"name":"EF/out/9140_OUT_shine1/9140_OUT_shine1_00005"},{"time":0.2333,"name":"EF/out/9140_OUT_shine1/9140_OUT_shine1_00006"},{"time":0.2666,"name":"EF/out/9140_OUT_shine1/9140_OUT_shine1_00007"},{"time":0.3,"name":"EF/out/9140_OUT_shine1/9140_OUT_shine1_00008"},{"time":0.3333,"name":"EF/out/9140_OUT_shine1/9140_OUT_shine1_00009"},{"time":0.3666,"name":"EF/out/9140_OUT_shine1/9140_OUT_shine1_00010"},{"time":0.4,"name":"EF/out/9140_OUT_shine1/9140_OUT_shine1_00011"},{"time":0.4666,"name":"EF/out/9140_OUT_shine1/9140_OUT_shine1_00012"},{"time":0.5,"name":"EF/out/9140_OUT_shine1/9140_OUT_shine1_00013"},{"time":0.5333,"name":"EF/out/9140_OUT_shine1/9140_OUT_shine1_00014"},{"time":0.5666,"name":"EF/out/9140_OUT_shine1/9140_OUT_shine1_00015"},{"time":0.6,"name":"EF/out/9140_OUT_shine1/9140_OUT_shine1_00016"},{"time":0.6333,"name":"EF/out/9140_OUT_shine1/9140_OUT_shine1_00017"},{"time":0.6666,"name":"EF/out/9140_OUT_shine1/9140_OUT_shine1_00018"},{"time":0.7,"name":"EF/out/9140_OUT_shine1/9140_OUT_shine1_00019"},{"time":0.7666,"name":"EF/out/9140_OUT_shine1/9140_OUT_shine1_00020"},{"time":0.8,"name":"EF/out/9140_OUT_shine1/9140_OUT_shine1_00021"},{"time":0.8333,"name":"EF/out/9140_OUT_shine1/9140_OUT_shine1_00022"},{"time":0.8666,"name":"EF/out/9140_OUT_shine1/9140_OUT_shine1_00023"},{"time":0.9,"name":"EF/out/9140_OUT_shine1/9140_OUT_shine1_00024"},{"time":0.9333,"name":"EF/out/9140_OUT_shine1/9140_OUT_shine1_00025"},{"time":0.9666,"name":"EF/out/9140_OUT_shine1/9140_OUT_shine1_00026"},{"time":1,"name":"EF/out/9140_OUT_shine1/9140_OUT_shine1_00027"},{"time":1.0666,"name":"EF/out/9140_OUT_shine1/9140_OUT_shine1_00028"},{"time":1.1,"name":"EF/out/9140_OUT_shine1/9140_OUT_shine1_00029"},{"time":1.1333,"name":"EF/out/9140_OUT_shine1/9140_OUT_shine1_00030"},{"time":1.1666,"name":"EF/out/9140_OUT_shine1/9140_OUT_shine1_00031"},{"time":1.2,"name":"EF/out/9140_OUT_shine1/9140_OUT_shine1_00032"},{"time":1.2333,"name":"EF/out/9140_OUT_shine1/9140_OUT_shine1_00033"},{"time":1.2666,"name":"EF/out/9140_OUT_shine1/9140_OUT_shine1_00034"},{"time":1.3,"name":"EF/out/9140_OUT_shine1/9140_OUT_shine1_00035"},{"time":1.3666,"name":"EF/out/9140_OUT_shine1/9140_OUT_shine1_00036"},{"time":1.4,"name":"EF/out/9140_OUT_shine1/9140_OUT_shine1_00037"},{"time":1.4333,"name":"EF/out/9140_OUT_shine1/9140_OUT_shine1_00032"},{"time":1.4666,"name":"EF/out/9140_OUT_shine1/9140_OUT_shine1_00033"},{"time":1.5,"name":"EF/out/9140_OUT_shine1/9140_OUT_shine1_00034"},{"time":1.5333,"name":"EF/out/9140_OUT_shine1/9140_OUT_shine1_00035"},{"time":1.5666,"name":"EF/out/9140_OUT_shine1/9140_OUT_shine1_00036"},{"time":1.6,"name":"EF/out/9140_OUT_shine1/9140_OUT_shine1_00037"},{"time":1.6333,"name":"EF/out/9140_OUT_shine1/9140_OUT_shine1_00032"},{"time":1.6666,"name":"EF/out/9140_OUT_shine1/9140_OUT_shine1_00033"},{"time":1.7,"name":"EF/out/9140_OUT_shine1/9140_OUT_shine1_00034"},{"time":1.7333,"name":"EF/out/9140_OUT_shine1/9140_OUT_shine1_00035"},{"time":1.7666,"name":"EF/out/9140_OUT_shine1/9140_OUT_shine1_00036"},{"time":1.8,"name":"EF/out/9140_OUT_shine1/9140_OUT_shine1_00037"},{"time":1.8333,"name":"EF/out/9140_OUT_shine1/9140_OUT_shine1_00032"},{"time":1.8666,"name":"EF/out/9140_OUT_shine1/9140_OUT_shine1_00033"},{"time":1.9,"name":"EF/out/9140_OUT_shine1/9140_OUT_shine1_00034"},{"time":1.9333,"name":"EF/out/9140_OUT_shine1/9140_OUT_shine1_00035"},{"time":1.9666,"name":"EF/out/9140_OUT_shine1/9140_OUT_shine1_00036"},{"time":2,"name":"EF/out/9140_OUT_shine1/9140_OUT_shine1_00037"},{"time":2.0333,"name":"EF/out/9140_OUT_shine1/9140_OUT_shine1_00038"},{"time":2.0666,"name":null},{"time":3.3333,"name":"EF/out/9140_OUT_shine1/9140_OUT_shine1_00001"}],"color":[{"time":0.0333,"color":"ffffff7f"},{"time":0.3,"color":"ffffffff","curve":"stepped"},{"time":1.9666,"color":"ffffffff"},{"time":2.0666,"color":"ffffff00"}]},"EF/out/9140_OUT_shine2/9140_OUT_shine2_00001":{"attachment":[{"time":1.5,"name":"EF/out/9140_OUT_shine2/9140_OUT_shine2_00001"},{"time":1.6,"name":"EF/out/9140_OUT_shine2/9140_OUT_shine2_00002"},{"time":1.6666,"name":"EF/out/9140_OUT_shine2/9140_OUT_shine2_00003"},{"time":1.7333,"name":"EF/out/9140_OUT_shine2/9140_OUT_shine2_00004"},{"time":1.8333,"name":"EF/out/9140_OUT_shine2/9140_OUT_shine2_00005"},{"time":1.9,"name":"EF/out/9140_OUT_shine2/9140_OUT_shine2_00006"},{"time":2,"name":"EF/out/9140_OUT_shine2/9140_OUT_shine2_00007"},{"time":2.0666,"name":"EF/out/9140_OUT_shine2/9140_OUT_shine2_00008"},{"time":2.1666,"name":"EF/out/9140_OUT_shine2/9140_OUT_shine2_00009"},{"time":2.2333,"name":"EF/out/9140_OUT_shine2/9140_OUT_shine2_00010"},{"time":2.3,"name":null}],"color":[{"time":1.5,"color":"f8fffb00"},{"time":1.8333,"color":"ffffffff","curve":"stepped"},{"time":2.1333,"color":"ffffffff"},{"time":2.3,"color":"ffffff00"}]},"EF/out/9140_OUT_shine3/9140_OUT_shine3_00002":{"attachment":[{"time":2.1,"name":"EF/out/9140_OUT_shine3/9140_OUT_shine3_00002"},{"time":2.1666,"name":"EF/out/9140_OUT_shine3/9140_OUT_shine3_00002"},{"time":2.2666,"name":"EF/out/9140_OUT_shine3/9140_OUT_shine3_00003"},{"time":2.3333,"name":"EF/out/9140_OUT_shine3/9140_OUT_shine3_00004"},{"time":2.4,"name":"EF/out/9140_OUT_shine3/9140_OUT_shine3_00005"},{"time":2.4333,"name":"EF/out/9140_OUT_shine3/9140_OUT_shine3_00006"},{"time":2.5,"name":"EF/out/9140_OUT_shine3/9140_OUT_shine3_00007"},{"time":2.5333,"name":"EF/out/9140_OUT_shine3/9140_OUT_shine3_00008"},{"time":2.5666,"name":"EF/out/9140_OUT_shine3/9140_OUT_shine3_00009"},{"time":2.6,"name":"EF/out/9140_OUT_shine3/9140_OUT_shine3_00010"},{"time":2.6333,"name":"EF/out/9140_OUT_shine3/9140_OUT_shine3_00011"},{"time":2.6666,"name":"EF/out/9140_OUT_shine3/9140_OUT_shine3_00012"},{"time":2.7,"name":"EF/out/9140_OUT_shine3/9140_OUT_shine3_00013"},{"time":2.7333,"name":"EF/out/9140_OUT_shine3/9140_OUT_shine3_00014"},{"time":2.7666,"name":"EF/out/9140_OUT_shine3/9140_OUT_shine3_00015"},{"time":2.8,"name":"EF/out/9140_OUT_shine3/9140_OUT_shine3_00016"},{"time":2.8333,"name":"EF/out/9140_OUT_shine3/9140_OUT_shine3_00017"},{"time":2.8666,"name":"EF/out/9140_OUT_shine3/9140_OUT_shine3_00018"},{"time":2.9,"name":"EF/out/9140_OUT_shine3/9140_OUT_shine3_00019"},{"time":2.9333,"name":"EF/out/9140_OUT_shine3/9140_OUT_shine3_00021"},{"time":2.9666,"name":"EF/out/9140_OUT_shine3/9140_OUT_shine3_00022"},{"time":3,"name":"EF/out/9140_OUT_shine3/9140_OUT_shine3_00024"},{"time":3.0333,"name":"EF/out/9140_OUT_shine3/9140_OUT_shine3_00026"},{"time":3.0666,"name":null}],"color":[{"time":2.1,"color":"ffffff00"},{"time":2.5,"color":"ffffffff","curve":"stepped"},{"time":2.9333,"color":"ffffffff"},{"time":3.0666,"color":"ffffff00"}]},"EF/out/9140_OUT_shine4/9140_OUT_shine4_00002":{"attachment":[{"time":2.1,"name":"EF/out/9140_OUT_shine4/9140_OUT_shine4_00002"},{"time":2.1666,"name":"EF/out/9140_OUT_shine4/9140_OUT_shine4_00003"},{"time":2.2666,"name":"EF/out/9140_OUT_shine4/9140_OUT_shine4_00004"},{"time":2.3333,"name":"EF/out/9140_OUT_shine4/9140_OUT_shine4_00005"},{"time":2.4,"name":"EF/out/9140_OUT_shine4/9140_OUT_shine4_00006"},{"time":2.4333,"name":"EF/out/9140_OUT_shine4/9140_OUT_shine4_00007"},{"time":2.5,"name":"EF/out/9140_OUT_shine4/9140_OUT_shine4_00008"},{"time":2.5333,"name":"EF/out/9140_OUT_shine4/9140_OUT_shine4_00009"},{"time":2.5666,"name":"EF/out/9140_OUT_shine4/9140_OUT_shine4_00010"},{"time":2.6,"name":"EF/out/9140_OUT_shine4/9140_OUT_shine4_00011"},{"time":2.6333,"name":"EF/out/9140_OUT_shine4/9140_OUT_shine4_00012"},{"time":2.6666,"name":"EF/out/9140_OUT_shine4/9140_OUT_shine4_00013"},{"time":2.7,"name":"EF/out/9140_OUT_shine4/9140_OUT_shine4_00014"},{"time":2.7333,"name":"EF/out/9140_OUT_shine4/9140_OUT_shine4_00015"},{"time":2.7666,"name":"EF/out/9140_OUT_shine4/9140_OUT_shine4_00016"},{"time":2.8,"name":"EF/out/9140_OUT_shine4/9140_OUT_shine4_00017"},{"time":2.8333,"name":"EF/out/9140_OUT_shine4/9140_OUT_shine4_00018"},{"time":2.8666,"name":"EF/out/9140_OUT_shine4/9140_OUT_shine4_00019"},{"time":2.9,"name":"EF/out/9140_OUT_shine4/9140_OUT_shine4_00020"},{"time":2.9333,"name":"EF/out/9140_OUT_shine4/9140_OUT_shine4_00021"},{"time":2.9666,"name":"EF/out/9140_OUT_shine4/9140_OUT_shine4_00022"},{"time":3,"name":"EF/out/9140_OUT_shine4/9140_OUT_shine4_00023"},{"time":3.0333,"name":"EF/out/9140_OUT_shine4/9140_OUT_shine4_00024"},{"time":3.0666,"name":"EF/out/9140_OUT_shine4/9140_OUT_shine4_00025"},{"time":3.1,"name":null}],"color":[{"time":2.1,"color":"ffffff1c"},{"time":2.4666,"color":"ffffffff","curve":"stepped"},{"time":2.9666,"color":"ffffffff"},{"time":3.1,"color":"ffffff00"}]},"EF/out/9140_OUT_shine5/9140_OUT_shine5_00002":{"attachment":[{"time":2.1666,"name":"EF/out/9140_OUT_shine5/9140_OUT_shine5_00002"},{"time":2.2333,"name":"EF/out/9140_OUT_shine5/9140_OUT_shine5_00003"},{"time":2.3,"name":"EF/out/9140_OUT_shine5/9140_OUT_shine5_00004"},{"time":2.3666,"name":"EF/out/9140_OUT_shine5/9140_OUT_shine5_00005"},{"time":2.4,"name":null}],"color":[{"time":2.4,"color":"ffffffff"},{"time":2.4666,"color":"ffffff00"}]},"EF/out/9140_OUT_shine6/9140_OUT_shine6_00002":{"attachment":[{"time":2.1666,"name":"EF/out/9140_OUT_shine6/9140_OUT_shine6_00002"},{"time":2.2,"name":"EF/out/9140_OUT_shine6/9140_OUT_shine6_00003"},{"time":2.2333,"name":"EF/out/9140_OUT_shine6/9140_OUT_shine6_00004"},{"time":2.2666,"name":"EF/out/9140_OUT_shine6/9140_OUT_shine6_00005"},{"time":2.3,"name":"EF/out/9140_OUT_shine6/9140_OUT_shine6_00006"},{"time":2.3333,"name":"EF/out/9140_OUT_shine6/9140_OUT_shine6_00007"},{"time":2.4,"name":"EF/out/9140_OUT_shine6/9140_OUT_shine6_00008"},{"time":2.4333,"name":"EF/out/9140_OUT_shine6/9140_OUT_shine6_00009"},{"time":2.5,"name":"EF/out/9140_OUT_shine6/9140_OUT_shine6_00010"},{"time":2.5666,"name":"EF/out/9140_OUT_shine6/9140_OUT_shine6_00011"},{"time":2.6333,"name":null}],"color":[{"time":2.4333,"color":"ffffffff"},{"time":2.6333,"color":"ffffff00"}]}},"bones":{"9140_OUT_shine1":{"scale":[{"time":0.0333,"x":6.224,"y":6.224,"curve":"stepped"},{"time":1.1666,"x":6.224,"y":6.224},{"time":1.6333,"x":7.353,"y":7.353},{"time":2,"x":5.561,"y":5.561,"curve":"stepped"},{"time":2.0333,"x":6.224,"y":6.224}]},"9140_OUT_shine2":{"scale":[{"time":1.5,"x":1,"y":1},{"time":2.3,"x":3.479,"y":3.479}]},"9140_OUT_shine3":{"scale":[{"time":2.1,"x":1,"y":1,"curve":"stepped"},{"time":2.1666,"x":1,"y":1},{"time":2.5,"x":5.882,"y":5.882,"curve":"stepped"},{"time":2.9333,"x":5.882,"y":5.882},{"time":3.0666,"x":6.252,"y":6.252}]},"9140_OUT_shine4":{"scale":[{"time":2.1,"x":1.119,"y":1.119},{"time":2.5,"x":6.808,"y":6.808,"curve":"stepped"},{"time":2.9333,"x":6.808,"y":6.808},{"time":3.1,"x":7.151,"y":7.151}]},"9140_OUT_shine5":{"scale":[{"time":2.1666,"x":5.557,"y":5.557}]},"9140_OUT_shine6":{"scale":[{"time":2.1666,"x":2.899,"y":2.899},{"time":2.4,"x":2.022,"y":2.022},{"time":2.6333,"x":5.396,"y":5.396}]}}}}}