{"skeleton":{"hash":"VTgm64ocdlth3+6b8AN+/Zjj8jQ","spine":"3.0.12","width":0,"height":0,"images":""},"bones":[{"name":"root"},{"name":"9070_wave2","parent":"root"},{"name":"9070_wave1","parent":"root"},{"name":"250_s1_roll","parent":"root"},{"name":"250_s1_ex","parent":"root"},{"name":"250_s1_dusty","parent":"root"},{"name":"100_S1_slash2_00001","parent":"root","x":-161.02,"y":42.04}],"slots":[{"name":"images/EF/250_S1_ex1/250_S1_ex1_00000","bone":"250_s1_ex","blend":"additive"},{"name":"images/EF/250_S1_roll1/250_S1_roll1_00000","bone":"250_s1_roll","blend":"additive"},{"name":"images/EF/320_S1_dusty1/320_S1_dusty1_00000","bone":"250_s1_dusty","blend":"additive"},{"name":"images/EF/9070_wave1/9070_wave1_00000","bone":"9070_wave1","blend":"additive"},{"name":"images/EF/9070_wave1/9070_wave1_0","bone":"9070_wave2","blend":"additive"},{"name":"images/EF/100_S1_slash2/100_S1_slash2_00001","bone":"100_S1_slash2_00001","blend":"additive"}],"skins":{"default":{"images/EF/100_S1_slash2/100_S1_slash2_00001":{"images/EF/100_S1_slash2/100_S1_slash2_00001":{"x":-14.09,"y":0.19,"width":225,"height":225},"images/EF/100_S1_slash2/100_S1_slash2_00002":{"x":-14.09,"y":0.19,"width":225,"height":225},"images/EF/100_S1_slash2/100_S1_slash2_00003":{"x":-14.09,"y":0.19,"width":225,"height":225},"images/EF/100_S1_slash2/100_S1_slash2_00005":{"x":-14.09,"y":0.19,"width":225,"height":225},"images/EF/100_S1_slash2/100_S1_slash2_00008":{"x":-14.09,"y":0.19,"width":225,"height":225}},"images/EF/250_S1_ex1/250_S1_ex1_00000":{"images/EF/250_S1_ex1/250_S1_ex1_00000":{"width":405,"height":405},"images/EF/250_S1_ex1/250_S1_ex1_00001":{"width":405,"height":405},"images/EF/250_S1_ex1/250_S1_ex1_00002":{"width":405,"height":405},"images/EF/250_S1_ex1/250_S1_ex1_00003":{"width":405,"height":405},"images/EF/250_S1_ex1/250_S1_ex1_00004":{"width":405,"height":405},"images/EF/250_S1_ex1/250_S1_ex1_00005":{"width":405,"height":405}},"images/EF/250_S1_roll1/250_S1_roll1_00000":{"images/EF/250_S1_roll1/250_S1_roll1_00000":{"width":405,"height":405},"images/EF/250_S1_roll1/250_S1_roll1_00001":{"width":405,"height":405},"images/EF/250_S1_roll1/250_S1_roll1_00002":{"width":405,"height":405},"images/EF/250_S1_roll1/250_S1_roll1_00003":{"width":405,"height":405}},"images/EF/320_S1_dusty1/320_S1_dusty1_00000":{"images/EF/320_S1_dusty1/320_S1_dusty1_00000":{"width":300,"height":300},"images/EF/320_S1_dusty1/320_S1_dusty1_00001":{"width":300,"height":300},"images/EF/320_S1_dusty1/320_S1_dusty1_00002":{"width":300,"height":300},"images/EF/320_S1_dusty1/320_S1_dusty1_00003":{"width":300,"height":300},"images/EF/320_S1_dusty1/320_S1_dusty1_00004":{"width":300,"height":300},"images/EF/320_S1_dusty1/320_S1_dusty1_00005":{"width":300,"height":300},"images/EF/320_S1_dusty1/320_S1_dusty1_00006":{"width":300,"height":300}},"images/EF/9070_wave1/9070_wave1_0":{"images/EF/9070_wave1/9070_wave1_00000":{"width":360,"height":360},"images/EF/9070_wave1/9070_wave1_00001":{"width":360,"height":360},"images/EF/9070_wave1/9070_wave1_00002":{"width":360,"height":360},"images/EF/9070_wave1/9070_wave1_00003":{"width":360,"height":360},"images/EF/9070_wave1/9070_wave1_00004":{"width":360,"height":360},"images/EF/9070_wave1/9070_wave1_00005":{"width":360,"height":360}},"images/EF/9070_wave1/9070_wave1_00000":{"images/EF/9070_wave1/9070_wave1_00000":{"width":360,"height":360},"images/EF/9070_wave1/9070_wave1_00001":{"width":360,"height":360},"images/EF/9070_wave1/9070_wave1_00002":{"width":360,"height":360},"images/EF/9070_wave1/9070_wave1_00003":{"width":360,"height":360},"images/EF/9070_wave1/9070_wave1_00004":{"width":360,"height":360},"images/EF/9070_wave1/9070_wave1_00005":{"width":360,"height":360}}}},"animations":{"1-attack1":{},"1-skill1":{"slots":{"images/EF/100_S1_slash2/100_S1_slash2_00001":{"attachment":[{"time":0.4666,"name":"images/EF/100_S1_slash2/100_S1_slash2_00001"},{"time":0.5,"name":"images/EF/100_S1_slash2/100_S1_slash2_00002"},{"time":0.5333,"name":"images/EF/100_S1_slash2/100_S1_slash2_00003"},{"time":0.5666,"name":null}]},"images/EF/250_S1_ex1/250_S1_ex1_00000":{"attachment":[{"time":0.1333,"name":null},{"time":0.2333,"name":"images/EF/250_S1_ex1/250_S1_ex1_00000"},{"time":0.3,"name":"images/EF/250_S1_ex1/250_S1_ex1_00001"},{"time":0.3666,"name":"images/EF/250_S1_ex1/250_S1_ex1_00002"},{"time":0.4333,"name":"images/EF/250_S1_ex1/250_S1_ex1_00003"},{"time":0.5,"name":"images/EF/250_S1_ex1/250_S1_ex1_00004"},{"time":0.5666,"name":"images/EF/250_S1_ex1/250_S1_ex1_00005"},{"time":0.6333,"name":"images/EF/250_S1_ex1/250_S1_ex1_00005"}],"color":[{"time":0,"color":"ffffff00"},{"time":0.5666,"color":"ffffffff"},{"time":0.6333,"color":"ffffff00"}]},"images/EF/250_S1_roll1/250_S1_roll1_00000":{"attachment":[{"time":0.1333,"name":null},{"time":0.2333,"name":"images/EF/250_S1_roll1/250_S1_roll1_00000"},{"time":0.3,"name":"images/EF/250_S1_roll1/250_S1_roll1_00001"},{"time":0.3666,"name":"images/EF/250_S1_roll1/250_S1_roll1_00002"},{"time":0.4333,"name":"images/EF/250_S1_roll1/250_S1_roll1_00003"},{"time":0.5,"name":"images/EF/250_S1_roll1/250_S1_roll1_00002"},{"time":0.5666,"name":"images/EF/250_S1_roll1/250_S1_roll1_00003"},{"time":0.6666,"name":null}],"color":[{"time":0,"color":"ffffff00"},{"time":0.5666,"color":"ffffffff"},{"time":0.6666,"color":"ffffff00"}]},"images/EF/320_S1_dusty1/320_S1_dusty1_00000":{"attachment":[{"time":0.2666,"name":"images/EF/320_S1_dusty1/320_S1_dusty1_00000"},{"time":0.3,"name":"images/EF/320_S1_dusty1/320_S1_dusty1_00001"},{"time":0.3333,"name":"images/EF/320_S1_dusty1/320_S1_dusty1_00002"},{"time":0.3666,"name":"images/EF/320_S1_dusty1/320_S1_dusty1_00003"},{"time":0.4,"name":"images/EF/320_S1_dusty1/320_S1_dusty1_00004"},{"time":0.4333,"name":"images/EF/320_S1_dusty1/320_S1_dusty1_00005"},{"time":0.4666,"name":"images/EF/320_S1_dusty1/320_S1_dusty1_00006"}],"color":[{"time":0,"color":"ffffff00"},{"time":0.4666,"color":"ffffffff"},{"time":0.6,"color":"ffffff00"}]},"images/EF/9070_wave1/9070_wave1_00000":{"attachment":[{"time":0.4,"name":"images/EF/9070_wave1/9070_wave1_00000"},{"time":0.4333,"name":"images/EF/9070_wave1/9070_wave1_00001"},{"time":0.4666,"name":"images/EF/9070_wave1/9070_wave1_00002"},{"time":0.5,"name":"images/EF/9070_wave1/9070_wave1_00003"},{"time":0.5333,"name":"images/EF/9070_wave1/9070_wave1_00004"}],"color":[{"time":0,"color":"ffffff00"},{"time":0.5333,"color":"ffffffff"},{"time":0.6,"color":"ffffff00"}]},"images/EF/9070_wave1/9070_wave1_0":{"attachment":[{"time":0.4,"name":null},{"time":0.4333,"name":"images/EF/9070_wave1/9070_wave1_00000"},{"time":0.4666,"name":"images/EF/9070_wave1/9070_wave1_00001"},{"time":0.5,"name":"images/EF/9070_wave1/9070_wave1_00002"},{"time":0.5333,"name":"images/EF/9070_wave1/9070_wave1_00003"},{"time":0.5666,"name":"images/EF/9070_wave1/9070_wave1_00004"}],"color":[{"time":0,"color":"ffffff00"},{"time":0.5666,"color":"ffffffff"},{"time":0.6333,"color":"ffffff00"}]}},"bones":{"250_s1_ex":{"translate":[{"time":0,"x":-120,"y":93.72},{"time":0.2333,"x":0,"y":68.72},{"time":0.4666,"x":-126.43,"y":68.73}],"scale":[{"time":0,"x":1.5,"y":1.5},{"time":0.2333,"x":0.94,"y":0.94}]},"250_s1_roll":{"translate":[{"time":0,"x":-120,"y":105.26},{"time":0.2333,"x":0,"y":70.57},{"time":0.4666,"x":-126.43,"y":70.58}],"scale":[{"time":0,"x":1.5,"y":1.75},{"time":0.2333,"x":1.03,"y":1.201}]},"9070_wave1":{"translate":[{"time":0,"x":-125.62,"y":25},{"time":0.4,"x":-88.41,"y":29.89},{"time":0.5,"x":-125.62,"y":25}],"scale":[{"time":0,"x":3.009,"y":3.009},{"time":0.4,"x":1.75,"y":1.75,"curve":"stepped"},{"time":0.5333,"x":1.75,"y":1.75},{"time":0.6,"x":2,"y":2}]},"250_s1_dusty":{"translate":[{"time":0,"x":-120,"y":44.7},{"time":0.1333,"x":0,"y":44.7},{"time":0.2666,"x":-10.4,"y":22.77},{"time":0.4666,"x":-126.43,"y":22.02}],"scale":[{"time":0,"x":2.2,"y":2.2},{"time":0.2666,"x":1.062,"y":1.062,"curve":"stepped"},{"time":0.4666,"x":1.062,"y":1.062},{"time":0.6,"x":1.5,"y":1.5}]},"9070_wave2":{"translate":[{"time":0,"x":-120,"y":19.95},{"time":0.4,"x":-84.06,"y":19.95},{"time":0.5,"x":-120,"y":19.95}],"scale":[{"time":0,"x":2.206,"y":2.206},{"time":0.4,"x":1,"y":1,"curve":"stepped"},{"time":0.5666,"x":1,"y":1},{"time":0.6333,"x":1.5,"y":1.5}]},"100_S1_slash2_00001":{"translate":[{"time":0.4666,"x":-25.24,"y":20.34}],"scale":[{"time":0.4666,"x":2.187,"y":1.458}]}}},"1-skill2":{},"2-attack1":{},"2-skill1":{"slots":{"images/EF/100_S1_slash2/100_S1_slash2_00001":{"attachment":[{"time":0.4666,"name":"images/EF/100_S1_slash2/100_S1_slash2_00001"},{"time":0.5,"name":"images/EF/100_S1_slash2/100_S1_slash2_00002"},{"time":0.5333,"name":"images/EF/100_S1_slash2/100_S1_slash2_00003"},{"time":0.5666,"name":null}]},"images/EF/250_S1_ex1/250_S1_ex1_00000":{"attachment":[{"time":0.1333,"name":null},{"time":0.2333,"name":"images/EF/250_S1_ex1/250_S1_ex1_00000"},{"time":0.3,"name":"images/EF/250_S1_ex1/250_S1_ex1_00001"},{"time":0.3666,"name":"images/EF/250_S1_ex1/250_S1_ex1_00002"},{"time":0.4333,"name":"images/EF/250_S1_ex1/250_S1_ex1_00003"},{"time":0.5,"name":"images/EF/250_S1_ex1/250_S1_ex1_00004"},{"time":0.5666,"name":"images/EF/250_S1_ex1/250_S1_ex1_00005"},{"time":0.6333,"name":"images/EF/250_S1_ex1/250_S1_ex1_00005"}],"color":[{"time":0,"color":"ffffff00"},{"time":0.5666,"color":"ffffffff"},{"time":0.6333,"color":"ffffff00"}]},"images/EF/250_S1_roll1/250_S1_roll1_00000":{"attachment":[{"time":0.1333,"name":null},{"time":0.2333,"name":"images/EF/250_S1_roll1/250_S1_roll1_00000"},{"time":0.3,"name":"images/EF/250_S1_roll1/250_S1_roll1_00001"},{"time":0.3666,"name":"images/EF/250_S1_roll1/250_S1_roll1_00002"},{"time":0.4333,"name":"images/EF/250_S1_roll1/250_S1_roll1_00003"},{"time":0.5,"name":"images/EF/250_S1_roll1/250_S1_roll1_00002"},{"time":0.5666,"name":"images/EF/250_S1_roll1/250_S1_roll1_00003"},{"time":0.6666,"name":null}],"color":[{"time":0,"color":"ffffff00"},{"time":0.5666,"color":"ffffffff"},{"time":0.6666,"color":"ffffff00"}]},"images/EF/320_S1_dusty1/320_S1_dusty1_00000":{"attachment":[{"time":0.2666,"name":"images/EF/320_S1_dusty1/320_S1_dusty1_00000"},{"time":0.3,"name":"images/EF/320_S1_dusty1/320_S1_dusty1_00001"},{"time":0.3333,"name":"images/EF/320_S1_dusty1/320_S1_dusty1_00002"},{"time":0.3666,"name":"images/EF/320_S1_dusty1/320_S1_dusty1_00003"},{"time":0.4,"name":"images/EF/320_S1_dusty1/320_S1_dusty1_00004"},{"time":0.4333,"name":"images/EF/320_S1_dusty1/320_S1_dusty1_00005"},{"time":0.4666,"name":"images/EF/320_S1_dusty1/320_S1_dusty1_00006"}],"color":[{"time":0,"color":"ffffff00"},{"time":0.4666,"color":"ffffffff"},{"time":0.6,"color":"ffffff00"}]},"images/EF/9070_wave1/9070_wave1_00000":{"attachment":[{"time":0.4,"name":"images/EF/9070_wave1/9070_wave1_00000"},{"time":0.4333,"name":"images/EF/9070_wave1/9070_wave1_00001"},{"time":0.4666,"name":"images/EF/9070_wave1/9070_wave1_00002"},{"time":0.5,"name":"images/EF/9070_wave1/9070_wave1_00003"},{"time":0.5333,"name":"images/EF/9070_wave1/9070_wave1_00004"}],"color":[{"time":0,"color":"ffffff00"},{"time":0.5333,"color":"ffffffff"},{"time":0.6,"color":"ffffff00"}]},"images/EF/9070_wave1/9070_wave1_0":{"attachment":[{"time":0.4,"name":null},{"time":0.4333,"name":"images/EF/9070_wave1/9070_wave1_00000"},{"time":0.4666,"name":"images/EF/9070_wave1/9070_wave1_00001"},{"time":0.5,"name":"images/EF/9070_wave1/9070_wave1_00002"},{"time":0.5333,"name":"images/EF/9070_wave1/9070_wave1_00003"},{"time":0.5666,"name":"images/EF/9070_wave1/9070_wave1_00004"}],"color":[{"time":0,"color":"ffffff00"},{"time":0.5666,"color":"ffffffff"},{"time":0.6333,"color":"ffffff00"}]}},"bones":{"250_s1_ex":{"translate":[{"time":0,"x":-120,"y":93.72},{"time":0.2333,"x":0,"y":93.72},{"time":0.4666,"x":-120,"y":93.72}],"scale":[{"time":0,"x":1.5,"y":1.5,"curve":"stepped"},{"time":0.2333,"x":1.5,"y":1.5}]},"250_s1_roll":{"translate":[{"time":0,"x":-120,"y":105.26},{"time":0.2333,"x":0,"y":105.26},{"time":0.4666,"x":-120,"y":105.26}],"scale":[{"time":0,"x":1.5,"y":1.75,"curve":"stepped"},{"time":0.2333,"x":1.5,"y":1.75}]},"9070_wave1":{"translate":[{"time":0,"x":-125.62,"y":25},{"time":0.4,"x":-88.41,"y":29.89},{"time":0.5,"x":-110,"y":26.63}],"scale":[{"time":0,"x":3.009,"y":3.009},{"time":0.4,"x":2.757,"y":2.757,"curve":"stepped"},{"time":0.5333,"x":2.757,"y":2.757},{"time":0.6,"x":3.009,"y":3.009}]},"250_s1_dusty":{"translate":[{"time":0,"x":-120,"y":44.7},{"time":0.1333,"x":0,"y":44.7,"curve":"stepped"},{"time":0.2333,"x":0,"y":44.7},{"time":0.4666,"x":-120,"y":44.7}],"scale":[{"time":0,"x":2.2,"y":2.2},{"time":0.2666,"x":2,"y":2,"curve":"stepped"},{"time":0.4666,"x":2,"y":2},{"time":0.6,"x":2.2,"y":2.2}]},"9070_wave2":{"translate":[{"time":0,"x":-120,"y":19.95},{"time":0.4,"x":-84.06,"y":19.95},{"time":0.5,"x":-110,"y":19.95}],"scale":[{"time":0,"x":2.206,"y":2.206},{"time":0.4,"x":1.986,"y":1.986,"curve":"stepped"},{"time":0.5666,"x":1.986,"y":1.986},{"time":0.6333,"x":2.206,"y":2.206}]},"100_S1_slash2_00001":{"translate":[{"time":0,"x":-28,"y":5.54,"curve":"stepped"},{"time":0.4666,"x":-28,"y":5.54}],"scale":[{"time":0,"x":4,"y":-3.5,"curve":"stepped"},{"time":0.4666,"x":4,"y":-3.5}]}}},"2-skill2":{}}}