{"skeleton":{"hash":"nzIBgw8WGeqCpKVIosV1Lu/jdWE","spine":"3.0.12","width":0,"height":0},"bones":[{"name":"root"},{"name":"grit","parent":"root","x":-119.97},{"name":"S2_fire2_2","parent":"root","x":1056.08,"y":-129.18},{"name":"S2_fire2_1","parent":"root","x":1056.08,"y":-51.04},{"name":"MAIN","parent":"root","y":64.22},{"name":"SHADOW-OFFSET","parent":"MAIN","x":16.01,"scaleX":1.6,"scaleY":1.6},{"name":"HPBAR","parent":"MAIN","x":10,"y":105.77},{"name":"HITBOX","parent":"MAIN"},{"name":"DAMAGEAREA","parent":"root"}],"slots":[{"name":"grit/bg","bone":"grit","color":"ffffff5b"},{"name":"grit/grid","bone":"grit"},{"name":"grit/最小カメラ倍率(0.72倍)(横888px)","bone":"grit","color":"ffffff6e"},{"name":"MAIN","bone":"MAIN","attachment":"300-idle_00"},{"name":"S2_fire2_1","bone":"S2_fire2_1","blend":"additive"},{"name":"S2_fire2_2","bone":"S2_fire2_2","blend":"additive"},{"name":"DAMAGEAREA","bone":"DAMAGEAREA"},{"name":"HITBOX","bone":"HITBOX","attachment":"HITBOX"}],"skins":{"default":{"DAMAGEAREA":{"DAMAGEAREA":{"type":"boundingbox","vertices":[-42.75854,37.33682,-41.82351,-43.07311,47.00139,-43.0731,47.00139,36.40184]}},"HITBOX":{"HITBOX":{"type":"boundingbox","vertices":[-49.30353,36.6968,-52.10855,-68.95814,59.15641,-66.15313,60.09138,36.6968]}},"MAIN":{"300-attack1_00":{"x":38.61,"y":22.69,"width":660,"height":416},"300-attack1_01":{"x":38.61,"y":22.69,"width":660,"height":416},"300-attack1_02":{"x":38.61,"y":22.69,"width":660,"height":416},"300-attack1_03":{"x":24.77,"y":20.09,"width":660,"height":416},"300-attack1_04":{"x":24.78,"y":20.77,"width":660,"height":416},"300-attack1_05":{"x":24.78,"y":20.77,"width":660,"height":416},"300-back_00":{"x":-33.42,"y":-6.13,"width":474,"height":386},"300-damage_00":{"x":3.4,"y":9.7,"width":388,"height":358},"300-flont_00":{"x":42.1,"y":5.86,"width":566,"height":384},"300-idle_00":{"x":18.56,"y":6.67,"width":412,"height":346},"300-idle_01":{"x":18.56,"y":6.67,"width":412,"height":346},"300-idle_02":{"x":18.56,"y":6.67,"width":412,"height":346},"300-idle_03":{"x":18.56,"y":6.67,"width":412,"height":346},"300-idle_04":{"x":18.56,"y":6.67,"width":412,"height":346},"300-skill1_00":{"x":47.54,"y":-14.04,"width":608,"height":512},"300-skill1_01":{"x":47.54,"y":-14.04,"width":608,"height":512},"300-skill1_02":{"x":47.54,"y":-14.04,"width":608,"height":512},"300-skill1_03":{"x":47.54,"y":-14.04,"width":608,"height":512},"300-skill1_04":{"x":47.54,"y":-14.04,"width":608,"height":512},"300-skill1_05":{"x":47.54,"y":-14.04,"width":608,"height":512},"300-skill1_06":{"x":47.54,"y":-14.04,"width":608,"height":512},"300-skill1_07":{"x":47.54,"y":-14.04,"width":608,"height":512},"300-skill1_08":{"x":47.54,"y":-14.04,"width":608,"height":512},"300-skill1_09":{"x":47.54,"y":-14.04,"width":608,"height":512},"300-skill1_10":{"x":47.54,"y":-14.04,"width":608,"height":512},"300-skill1_11":{"x":47.54,"y":-14.04,"width":608,"height":512},"300-skill1_12":{"x":47.54,"y":-14.04,"width":608,"height":512},"300-skill1_13":{"x":47.54,"y":-14.04,"width":608,"height":512},"300-skill2_01":{"x":48.99,"y":-27.89,"width":646,"height":532},"300-skill2_02":{"x":48.99,"y":-27.89,"width":646,"height":532},"300-skill2_03":{"x":48.99,"y":-27.89,"width":646,"height":532},"300-skill2_04":{"x":48.99,"y":-27.89,"width":646,"height":532},"300-skill2_05":{"x":48.99,"y":-27.89,"width":646,"height":532},"300-skill2_06":{"x":48.99,"y":-27.89,"width":646,"height":532},"300-skill2_07":{"x":48.99,"y":-27.89,"width":646,"height":532},"300-skill2_08":{"x":48.99,"y":-27.89,"width":646,"height":532},"300-skill2_09":{"x":48.99,"y":-27.89,"width":646,"height":532},"300-skill2_10":{"x":48.99,"y":-27.89,"width":646,"height":532},"300-skill2_11":{"x":48.99,"y":-27.89,"width":646,"height":532},"300-skill2_12":{"x":48.99,"y":-27.89,"width":646,"height":532},"300-skill2_13":{"x":48.99,"y":-27.89,"width":646,"height":532},"300-skill2_14":{"x":48.99,"y":-27.89,"width":646,"height":532},"300-skill2_15":{"x":48.99,"y":-27.89,"width":646,"height":532},"300-skill2_16":{"x":48.99,"y":-27.89,"width":646,"height":532},"300-skill2_17":{"x":48.99,"y":-27.89,"width":646,"height":532},"300-skill2_18":{"x":48.99,"y":-27.89,"width":646,"height":532}},"S2_fire2_1":{"EF/200_S2_fire2_DOT/200_S2_fire2_00046":{"y":-2.01,"width":153,"height":31},"EF/200_S2_fire2_DOT/200_S2_fire2_00047":{"y":-2.01,"width":153,"height":31},"EF/200_S2_fire2_DOT/200_S2_fire2_00048":{"y":-2.01,"width":153,"height":31},"EF/200_S2_fire2_DOT/200_S2_fire2_00049":{"y":-2.01,"width":153,"height":31},"EF/200_S2_fire2_DOT/200_S2_fire2_00050":{"y":-2.01,"width":153,"height":31},"EF/200_S2_fire2_DOT/200_S2_fire2_00051":{"y":-2.01,"width":153,"height":31},"EF/200_S2_fire2_DOT/200_S2_fire2_00052":{"y":-2.01,"width":153,"height":31}},"S2_fire2_2":{"EF/200_S2_fire2_DOT/200_S2_fire2_00046":{"y":-2.01,"width":153,"height":31},"EF/200_S2_fire2_DOT/200_S2_fire2_00047":{"y":-2.01,"width":153,"height":31},"EF/200_S2_fire2_DOT/200_S2_fire2_00048":{"y":-2.01,"width":153,"height":31},"EF/200_S2_fire2_DOT/200_S2_fire2_00049":{"y":-2.01,"width":153,"height":31},"EF/200_S2_fire2_DOT/200_S2_fire2_00050":{"y":-2.01,"width":153,"height":31},"EF/200_S2_fire2_DOT/200_S2_fire2_00051":{"y":-2.01,"width":153,"height":31},"EF/200_S2_fire2_DOT/200_S2_fire2_00052":{"y":-2.01,"width":153,"height":31}}}},"events":{"Event":{},"Hit":{},"Sound":{},"Sound2":{},"Sound3":{},"voice":{}},"animations":{"attack1":{"slots":{"DAMAGEAREA":{"attachment":[{"time":0.9,"name":"DAMAGEAREA"},{"time":1.1,"name":null}]},"MAIN":{"attachment":[{"time":0,"name":"300-attack1_00"},{"time":0.1333,"name":"300-attack1_01"},{"time":0.3,"name":"300-attack1_02"},{"time":0.8333,"name":"300-attack1_03"},{"time":0.8666,"name":"300-attack1_04"},{"time":0.9333,"name":"300-attack1_05"},{"time":1.6333,"name":"300-attack1_04"}]}},"bones":{"DAMAGEAREA":{"translate":[{"time":0.9,"x":-161.75,"y":39.26}],"scale":[{"time":0.9,"x":3.852,"y":1}]}},"events":[{"time":0.8333,"name":"Sound","string":"cri_se_battle_spark_rise"},{"time":0.8333,"name":"Sound2","string":"setHitSound(se_battle_spark)"},{"time":0.8333,"name":"voice","string":"cri_021_voice_attack_a"},{"time":0.8666,"name":"Event","float":0.1,"string":"kHitStopType_normal"},{"time":1,"name":"Event","float":0.1,"string":"kHitStopType_enemyonly"},{"time":1,"name":"Hit","float":0.9,"string":"resetHitList"}]},"back":{"slots":{"MAIN":{"attachment":[{"time":0,"name":"300-back_00"},{"time":0.4666,"name":"300-idle_00"},{"time":0.8333,"name":"300-idle_01"}]}},"bones":{"MAIN":{"translate":[{"time":0,"x":0,"y":0},{"time":0.2333,"x":75.23,"y":14},{"time":0.4666,"x":130,"y":0},{"time":0.7666,"x":140,"y":0}]}},"events":[{"time":0,"name":"Sound","string":"cri_se_battle_monster_jump"},{"time":0.4666,"name":"Sound","string":"cri_se_battle_monster_landing"}]},"cast":{"slots":{"MAIN":{"attachment":[{"time":0,"name":"300-attack1_00"},{"time":0.1333,"name":"300-attack1_01"},{"time":0.3,"name":"300-attack1_02"},{"time":0.4333,"name":"300-attack1_03"},{"time":0.4666,"name":"300-attack1_04"},{"time":0.5333,"name":"300-attack1_05"},{"time":0.9333,"name":"300-attack1_04"}]}},"events":[{"time":0.4333,"name":"voice","string":"cri_021_voice_attack_a"}]},"damage":{"slots":{"MAIN":{"attachment":[{"time":0,"name":"300-damage_00"}]}}},"front":{"slots":{"MAIN":{"attachment":[{"time":0,"name":"300-flont_00"}]}},"bones":{"MAIN":{"translate":[{"time":0,"x":0,"y":20.84}]}}},"idle":{"slots":{"MAIN":{"attachment":[{"time":0,"name":"300-idle_00"},{"time":0.2,"name":"300-idle_01"},{"time":0.4,"name":"300-idle_02"},{"time":0.6,"name":"300-idle_03"},{"time":0.8,"name":"300-idle_04"},{"time":1,"name":"300-idle_04"}]}}},"skill1":{"slots":{"DAMAGEAREA":{"attachment":[{"time":1.8,"name":"DAMAGEAREA"},{"time":2.5,"name":null}]},"MAIN":{"attachment":[{"time":0,"name":"300-skill1_00"},{"time":0.1,"name":"300-skill2_01"},{"time":0.2666,"name":"300-skill2_02"},{"time":0.6,"name":"300-skill2_03"},{"time":0.8,"name":"300-skill2_03"},{"time":0.8666,"name":"300-skill2_04"},{"time":0.9333,"name":"300-skill2_05"},{"time":1.0333,"name":"300-skill2_06"},{"time":1.1666,"name":"300-skill2_07"},{"time":1.7,"name":"300-skill2_08"},{"time":1.7666,"name":"300-skill2_09"},{"time":1.8,"name":"300-skill2_10"},{"time":1.8666,"name":"300-skill2_11"},{"time":2.5666,"name":"300-skill2_11"},{"time":2.6,"name":"300-skill2_12"},{"time":2.7,"name":"300-skill2_13"},{"time":2.8666,"name":"300-skill2_14"},{"time":2.9,"name":"300-skill2_15"},{"time":2.9666,"name":"300-skill2_16"},{"time":3.0333,"name":"300-skill2_17"},{"time":3.1333,"name":"300-skill2_18"},{"time":3.2333,"name":"300-skill1_00"},{"time":3.5,"name":"300-skill1_00"}]}},"bones":{"MAIN":{"translate":[{"time":0.5666,"x":0,"y":0,"curve":[0.124,0.33,0.579,0.93]},{"time":0.9,"x":0,"y":166.66},{"time":1.4,"x":0,"y":176.04},{"time":2.5666,"x":1.62,"y":169.46,"curve":[0.252,0.07,0.75,1]},{"time":2.9,"x":0,"y":0}]},"S2_fire2_1":{"translate":[{"time":2,"x":-1329.94,"y":335.37}],"scale":[{"time":2,"x":2.2,"y":2.2}]},"S2_fire2_2":{"translate":[{"time":2,"x":-1329.94,"y":335.37}],"scale":[{"time":2,"x":3.2,"y":3.2}]},"DAMAGEAREA":{"translate":[{"time":1.8,"x":-271.93,"y":41.12}],"scale":[{"time":1.8,"x":2.54,"y":1},{"time":2,"x":3.792,"y":1}]}},"events":[{"time":0.1,"name":"Event","float":0.05,"string":"kHitStopType_normal"},{"time":0.6,"name":"Sound","string":"cri_se_battle_monster_jump"},{"time":1.7,"name":"voice","string":"cri_021_voice_skill"},{"time":1.7333,"name":"Sound","string":"cri_se_battle_thunder_small"},{"time":1.7333,"name":"Sound2","string":"cri_se_battle_skill_electric"},{"time":1.7333,"name":"Sound3","string":"cri_se_battle_spark_rise"},{"time":1.7666,"name":"Sound2","string":"setHitSound(se_battle_spark)"},{"time":1.8,"name":"Event","float":0.2,"string":"shakeGround-Loop"},{"time":1.8333,"name":"Sound","string":"cri_se_battle_029_explosion_01"},{"time":1.8666,"name":"Hit","float":1.2,"string":"resetHitList"},{"time":1.9666,"name":"Event","float":0.15,"string":"kHitStopType_enemyonly"},{"time":1.9666,"name":"Hit","float":1.4,"string":"resetHitList"},{"time":1.9666,"name":"Sound2","string":"setHitSound(empty)"},{"time":2.0666,"name":"Hit","float":1.5,"string":"resetHitList"},{"time":2.0666,"name":"Sound2","string":"setHitSound(se_battle_spark)"},{"time":2.1666,"name":"Hit","float":1.5,"string":"resetHitList"},{"time":2.1666,"name":"Sound2","string":"setHitSound(empty)"},{"time":2.2666,"name":"Hit","float":1.5,"string":"resetHitList"},{"time":2.2666,"name":"Sound2","string":"setHitSound(se_battle_spark)"},{"time":2.3666,"name":"Event","string":"kImpactType_up"},{"time":2.3666,"name":"Hit","float":1.5,"string":"resetHitList"},{"time":2.3666,"name":"Sound2","string":"setHitSound(empty)"},{"time":2.4333,"name":"Event","string":"shakeGround"},{"time":2.4666,"name":"Hit","float":1.5,"string":"resetHitList"},{"time":2.4666,"name":"Sound2","string":"setHitSound(se_battle_spark)"},{"time":2.9,"name":"Sound","string":"cri_se_battle_monster_landing"}]},"skill2":{"slots":{"MAIN":{"attachment":[{"time":0,"name":"300-skill1_00"},{"time":0.0666,"name":"300-skill1_01"},{"time":0.1333,"name":"300-skill1_02"},{"time":0.3333,"name":"300-skill1_03"},{"time":0.4,"name":"300-skill1_04"},{"time":0.5666,"name":"300-skill1_05"},{"time":0.6333,"name":"300-skill1_06"},{"time":0.7,"name":"300-skill1_07"},{"time":1.1,"name":"300-skill1_08"},{"time":1.1333,"name":"300-skill1_09"},{"time":1.1666,"name":"300-skill1_10"},{"time":1.2,"name":"300-skill1_11"},{"time":1.2333,"name":"300-skill1_10"},{"time":1.2666,"name":"300-skill1_11"},{"time":1.3,"name":"300-skill1_10"},{"time":1.3333,"name":"300-skill1_11"},{"time":1.3666,"name":"300-skill1_10"},{"time":1.4,"name":"300-skill1_11"},{"time":1.4333,"name":"300-skill1_10"},{"time":1.4666,"name":"300-skill1_11"},{"time":1.5,"name":"300-skill1_10"},{"time":1.5333,"name":"300-skill1_11"},{"time":1.5666,"name":"300-skill1_10"},{"time":1.6,"name":"300-skill1_11"},{"time":1.6333,"name":"300-skill1_10"},{"time":1.6666,"name":"300-skill1_11"},{"time":1.8666,"name":"300-skill1_08"},{"time":2,"name":"300-skill1_12"},{"time":2.1,"name":"300-skill1_13"},{"time":2.1666,"name":"300-skill1_00"},{"time":2.2333,"name":"300-skill1_01"},{"time":2.3,"name":"300-skill1_02"},{"time":2.5333,"name":"300-skill1_01"},{"time":2.6333,"name":"300-skill1_00"},{"time":2.8333,"name":"300-skill1_02"}]}},"bones":{"MAIN":{"translate":[{"time":0.2666,"x":0,"y":0,"curve":[0.051,0.3,0.648,0.98]},{"time":0.6666,"x":0,"y":243.47,"curve":[0.25,0,0.75,1]},{"time":1.0666,"x":0,"y":235.98,"curve":"stepped"},{"time":1.8333,"x":0,"y":235.98,"curve":[0.399,0.05,0.96,0.59]},{"time":2.2,"x":0,"y":0}]}},"events":[{"time":0.2666,"name":"Sound","string":"cri_se_battle_monster_jump"},{"time":1.1333,"name":"Event","string":"addOrbitSystem_Meteor1"},{"time":1.1333,"name":"voice","string":"cri_021_voice_fullarts_now"},{"time":1.2,"name":"Event","string":"addOrbitSystem_Meteor2"},{"time":1.2666,"name":"Event","string":"addOrbitSystem_Meteor3"},{"time":1.3333,"name":"Event","string":"addOrbitSystem_Meteor4"},{"time":1.6333,"name":"Event","string":"addOrbitSystem_MeteorFinal"},{"time":2.2,"name":"Sound","string":"cri_se_battle_monster_landing"}]}}}