{"skeleton":{"hash":"M8iUhgtygqa71F6O40a8NIVQ8VU","spine":"3.0.12","width":0,"height":0},"bones":[{"name":"root"},{"name":"line","parent":"root"}],"slots":[{"name":"grid/nounit(0.88)","bone":"root"},{"name":"line","bone":"line","blend":"additive"}],"skins":{"default":{"line":{"EF/line/sklline_00000":{"width":504,"height":504},"EF/line/sklline_00002":{"width":504,"height":504},"EF/line/sklline_00004":{"width":504,"height":504},"EF/line/sklline_00006":{"width":504,"height":504}}}},"animations":{"line":{"slots":{"line":{"attachment":[{"time":0,"name":"EF/line/sklline_00000"},{"time":0.0333,"name":"EF/line/sklline_00002"},{"time":0.0666,"name":"EF/line/sklline_00004"},{"time":0.1,"name":"EF/line/sklline_00006"},{"time":0.1333,"name":"EF/line/sklline_00004"},{"time":0.1666,"name":"EF/line/sklline_00002"},{"time":0.2,"name":"EF/line/sklline_00000"},{"time":0.2333,"name":"EF/line/sklline_00006"}]}},"bones":{"line":{"translate":[{"time":0,"x":0,"y":0}],"scale":[{"time":0,"x":1.55,"y":1.55}]}}}}}