{"skeleton":{"hash":"f3Rwd0eKIUWrhhaw+itrhcMHkqg","spine":"3.0.12","width":0,"height":0,"images":"./imagese2/"},"bones":[{"name":"root"},{"name":"MAIN","parent":"root","y":45.77},{"name":"EF","parent":"root","y":50.78},{"name":"fire","parent":"EF","x":-91.43,"y":-41.12}],"slots":[{"name":"MAIN","bone":"MAIN","attachment":"idle_00"},{"name":"fire_1","bone":"fire"}],"skins":{"default":{"MAIN":{"idle_00":{"y":-3.2,"width":393,"height":315},"idle_01":{"y":-3.2,"width":393,"height":315},"idle_02":{"y":-3.2,"width":393,"height":315},"idle_03":{"y":-3.2,"width":393,"height":315},"idle_04":{"y":-3.2,"width":393,"height":315}},"fire_1":{"fire_2":{"x":67.4,"y":91.75,"scaleX":2,"scaleY":2,"width":192,"height":144},"fire_3":{"x":67.4,"y":91.75,"scaleX":2,"scaleY":2,"width":192,"height":144},"fire_4":{"x":67.4,"y":91.75,"scaleX":2,"scaleY":2,"width":192,"height":144}}}},"events":{"Event":{},"Event2":{"string":"kImpactType_knock"},"Event3":{"float":0.15,"string":"kHitStopType_normal"},"Hit":{},"Sound":{},"Sound_2":{},"Sound_3":{},"Voice":{}},"animations":{"idle":{"slots":{"MAIN":{"attachment":[{"time":0,"name":"idle_00"},{"time":0.2666,"name":"idle_01"},{"time":0.3666,"name":"idle_02"},{"time":0.4333,"name":"idle_03"},{"time":0.5,"name":"idle_04"},{"time":0.5666,"name":"idle_03"},{"time":0.6333,"name":"idle_04"},{"time":0.7,"name":"idle_03"},{"time":0.7666,"name":"idle_04"},{"time":0.8333,"name":"idle_03"},{"time":0.9,"name":"idle_04"},{"time":0.9666,"name":"idle_03"},{"time":1.0333,"name":"idle_04"},{"time":1.1,"name":"idle_03"},{"time":1.1666,"name":"idle_04"},{"time":1.2,"name":"idle_00"},{"time":1.2333,"name":"idle_00"}]},"fire_1":{"attachment":[{"time":0,"name":null},{"time":0.3666,"name":"fire_2"},{"time":0.4333,"name":"fire_3"},{"time":0.5,"name":"fire_4"},{"time":0.5666,"name":"fire_2"},{"time":0.6333,"name":"fire_3"},{"time":0.7,"name":"fire_4"},{"time":0.7666,"name":"fire_2"},{"time":0.8333,"name":"fire_3"},{"time":0.9,"name":"fire_4"},{"time":0.9666,"name":"fire_2"},{"time":1.0333,"name":"fire_3"},{"time":1.1,"name":"fire_4"},{"time":1.1666,"name":"fire_2"},{"time":1.2,"name":null},{"time":1.2333,"name":null}]}},"bones":{"fire":{"translate":[{"time":0.3666,"x":-13.37,"y":0.23}]}}}}}