{"skeleton":{"hash":"Tk+B8fNyG82Nhh30jmGA1B2pQX4","spine":"3.0.12","width":512,"height":512},"bones":[{"name":"root"},{"name":"magic1a6","parent":"root","x":196.64},{"name":"magic1a5","parent":"root","x":196.64},{"name":"magic1a4","parent":"root","x":196.64},{"name":"magic1a3","parent":"root","x":196.64},{"name":"magic1a2","parent":"root","x":196.64},{"name":"magic1a1","parent":"root","x":196.64},{"name":"large_sword2","parent":"root","x":39.4,"y":99.92,"scaleX":2,"scaleY":2,"rotation":-20.65},{"name":"ken_root","parent":"root"},{"name":"attack_ken9","parent":"ken_root","x":73.78,"y":0.09,"scaleX":2,"scaleY":2},{"name":"attack_ken8","parent":"ken_root","x":73.78,"y":0.09,"scaleX":2,"scaleY":2},{"name":"attack_ken7","parent":"ken_root","x":73.78,"y":0.09,"scaleX":2,"scaleY":2},{"name":"attack_ken6","parent":"ken_root","x":73.78,"y":0.09,"scaleX":2,"scaleY":2},{"name":"attack_ken5","parent":"ken_root","x":73.78,"y":0.09,"scaleX":2,"scaleY":2},{"name":"attack_ken4","parent":"ken_root","x":73.78,"y":0.09,"scaleX":2,"scaleY":2},{"name":"attack_ken3","parent":"ken_root","x":73.78,"y":0.09,"scaleX":2,"scaleY":2},{"name":"attack_ken2","parent":"ken_root","x":73.78,"y":0.09,"scaleX":2,"scaleY":2},{"name":"attack_ken1","parent":"ken_root","x":73.78,"y":0.09,"scaleX":2,"scaleY":2},{"name":"graund_wave2","parent":"root","x":137.25},{"name":"graund_wave1","parent":"root","x":137.25},{"name":"flash_5","parent":"root","x":350.04},{"name":"flash_4","parent":"root","x":350.04},{"name":"flash_3","parent":"root","x":350.04},{"name":"flash_2","parent":"root","x":350.04},{"name":"flash_1","parent":"root","x":350.04},{"name":"earth3","parent":"root","x":258},{"name":"earth2","parent":"root","x":258},{"name":"earth1","parent":"root","x":258},{"name":"S2_fire2_7","parent":"root","x":115.13,"y":7.61},{"name":"S2_fire2_6","parent":"root","x":115.13,"y":7.61},{"name":"S2_fire2_5","parent":"root","x":115.13,"y":7.61},{"name":"MAIN","parent":"root","y":67},{"name":"large_sword","parent":"MAIN","x":39.4,"y":32.92,"scaleX":2,"scaleY":2,"rotation":-20.65},{"name":"firesword_root","parent":"MAIN","x":98.72,"y":-78.77},{"name":"S2_fire2_4","parent":"firesword_root","y":19.39},{"name":"S2_fire2_3","parent":"firesword_root","y":19.39},{"name":"S2_fire2_2","parent":"firesword_root","y":19.39},{"name":"S2_fire2_1","parent":"firesword_root","y":19.39},{"name":"S2_fire1","parent":"firesword_root","y":11.77},{"name":"HITBOX","parent":"MAIN","y":-11.96,"scaleX":0.484,"scaleY":0.938},{"name":"DAMAGEAREA","parent":"root"}],"slots":[{"name":"EF/5100_S2_magic1a","bone":"magic1a1","blend":"additive"},{"name":"EF/5100_S2_magic1a2","bone":"magic1a2","blend":"additive"},{"name":"EF/5100_S2_magic1a3","bone":"magic1a3","blend":"additive"},{"name":"EF/5100_S2_magic1a4","bone":"magic1a4","blend":"additive"},{"name":"EF/5100_S2_magic1a5","bone":"magic1a5","blend":"additive"},{"name":"EF/5100_S2_magic1a6","bone":"magic1a6","blend":"additive"},{"name":"EF/magic_1fire","bone":"magic1a1","blend":"additive"},{"name":"EF/magic_1fire2","bone":"magic1a2","blend":"additive"},{"name":"EF/magic_1fire3","bone":"magic1a3","blend":"additive"},{"name":"EF/magic_1fire4","bone":"magic1a4","blend":"additive"},{"name":"EF/magic_1fire5","bone":"magic1a5","blend":"additive"},{"name":"EF/magic_1fire6","bone":"magic1a6","blend":"additive"},{"name":"EF/ef_graund_wave_main/ef_graund_wave_main_00002","bone":"graund_wave1","blend":"additive"},{"name":"EF/ef_graund_wave_main/ef_graund_wave_main_2","bone":"graund_wave2","blend":"additive"},{"name":"EF/efr_ATK2_earth2_00001","bone":"earth1","blend":"additive"},{"name":"EF/efr_ATK2_earth2_1","bone":"earth2","blend":"additive"},{"name":"EF/efr_ATK2_earth2_2","bone":"earth3","blend":"additive"},{"name":"weapon","bone":"large_sword","attachment":"weapon"},{"name":"large_sword2","bone":"large_sword2"},{"name":"MAIN","bone":"MAIN","attachment":"idle_00"},{"name":"attack_ken1","bone":"attack_ken1"},{"name":"attack_ken2","bone":"attack_ken2"},{"name":"attack_ken3","bone":"attack_ken3"},{"name":"attack_ken4","bone":"attack_ken5"},{"name":"attack_ken6","bone":"attack_ken6"},{"name":"attack_ken7","bone":"attack_ken7"},{"name":"attack_ken8","bone":"attack_ken8"},{"name":"attack_ken9","bone":"attack_ken9"},{"name":"attack_ken5","bone":"attack_ken4"},{"name":"large_sword","bone":"large_sword"},{"name":"EF/ef_OF_main/ef_OF_main_00005","bone":"flash_1","blend":"additive"},{"name":"EF/ef_OF_main/ef_OF_main_5","bone":"flash_2","blend":"additive"},{"name":"EF/ef_OF_main/ef_OF_main_6","bone":"flash_3","blend":"additive"},{"name":"EF/ef_OF_main/ef_OF_main_7","bone":"flash_4","blend":"additive"},{"name":"EF/ef_OF_main/ef_OF_main_8","bone":"flash_5","blend":"additive"},{"name":"EF/700_S2_fire1/700_S2_fire1_00007","bone":"S2_fire1","blend":"additive"},{"name":"EF/ssceconv_ef_fire_sphere_main_00001/ef_fire_sphere_main_00001","bone":"S2_fire2_1","blend":"additive"},{"name":"EF/ssceconv_ef_fire_sphere_main_00001/ef_fire_sphere_main_4","bone":"S2_fire2_5","blend":"additive"},{"name":"EF/ssceconv_ef_fire_sphere_main_00001/ef_fire_sphere_main_5","bone":"S2_fire2_6","blend":"additive"},{"name":"EF/ssceconv_ef_fire_sphere_main_00001/ef_fire_sphere_main_6","bone":"S2_fire2_7","blend":"additive"},{"name":"EF/ssceconv_ef_fire_sphere_main_00001/ef_fire_sphere_main_1","bone":"S2_fire2_2","blend":"additive"},{"name":"EF/ssceconv_ef_fire_sphere_main_00001/ef_fire_sphere_main_2","bone":"S2_fire2_3","blend":"additive"},{"name":"EF/ssceconv_ef_fire_sphere_main_00001/ef_fire_sphere_main_3","bone":"S2_fire2_4","blend":"additive"},{"name":"HITBOX","bone":"HITBOX","attachment":"HITBOX"},{"name":"DAMAGEAREA","bone":"DAMAGEAREA"}],"skins":{"default":{"DAMAGEAREA":{"DAMAGEAREA":{"type":"boundingbox","vertices":[-63.97918,-64.93008,63.49677,-64.46309,63.49677,64.19285,-64.4712,64.19285]}},"EF/5100_S2_magic1a":{"EF/5100_S2_magic1a":{"type":"mesh","uvs":[1,1,0,1,0,0,1,0],"triangles":[1,2,3,1,3,0],"vertices":[182,-182,-182,-182,-182,182,182,182],"hull":4}},"EF/5100_S2_magic1a2":{"EF/5100_S2_magic1a":{"type":"mesh","uvs":[1,1,0,1,0,0,1,0],"triangles":[1,2,3,1,3,0],"vertices":[182,-182,-182,-182,-182,182,182,182],"hull":4}},"EF/5100_S2_magic1a3":{"EF/5100_S2_magic1a":{"type":"mesh","uvs":[1,1,0,1,0,0,1,0],"triangles":[1,2,3,1,3,0],"vertices":[182,-182,-182,-182,-182,182,182,182],"hull":4}},"EF/5100_S2_magic1a4":{"EF/5100_S2_magic1a":{"type":"mesh","uvs":[1,1,0,1,0,0,1,0],"triangles":[1,2,3,1,3,0],"vertices":[182,-182,-182,-182,-182,182,182,182],"hull":4}},"EF/5100_S2_magic1a5":{"EF/5100_S2_magic1a":{"type":"mesh","uvs":[1,1,0,1,0,0,1,0],"triangles":[1,2,3,1,3,0],"vertices":[182,-182,-182,-182,-182,182,182,182],"hull":4}},"EF/5100_S2_magic1a6":{"EF/5100_S2_magic1a":{"type":"mesh","uvs":[1,1,0,1,0,0,1,0],"triangles":[1,2,3,1,3,0],"vertices":[182,-182,-182,-182,-182,182,182,182],"hull":4}},"EF/700_S2_fire1/700_S2_fire1_00007":{"EF/700_S2_fire1/700_S2_fire1_00007":{"x":0.72,"y":161.38,"width":500,"height":500},"EF/700_S2_fire1/700_S2_fire1_00009":{"x":0.72,"y":161.38,"width":500,"height":500},"EF/700_S2_fire1/700_S2_fire1_00011":{"x":0.72,"y":161.38,"width":500,"height":500}},"EF/ef_OF_main/ef_OF_main_00005":{"EF/ef_OF_main/ef_OF_main_00005":{"width":200,"height":200}},"EF/ef_OF_main/ef_OF_main_5":{"EF/ef_OF_main/ef_OF_main_00005":{"width":200,"height":200}},"EF/ef_OF_main/ef_OF_main_6":{"EF/ef_OF_main/ef_OF_main_00005":{"width":200,"height":200}},"EF/ef_OF_main/ef_OF_main_7":{"EF/ef_OF_main/ef_OF_main_00005":{"width":200,"height":200}},"EF/ef_OF_main/ef_OF_main_8":{"EF/ef_OF_main/ef_OF_main_00005":{"width":200,"height":200}},"EF/ef_graund_wave_main/ef_graund_wave_main_00002":{"EF/ef_graund_wave_main/ef_graund_wave_main_00002":{"y":9.23,"width":200,"height":120},"EF/ef_graund_wave_main/ef_graund_wave_main_00004":{"y":9.23,"width":200,"height":120},"EF/ef_graund_wave_main/ef_graund_wave_main_00006":{"y":9.23,"width":200,"height":120},"EF/ef_graund_wave_main/ef_graund_wave_main_00008":{"y":9.23,"width":200,"height":120},"EF/ef_graund_wave_main/ef_graund_wave_main_00010":{"y":9.23,"width":200,"height":120},"EF/ef_graund_wave_main/ef_graund_wave_main_00012":{"y":9.23,"width":200,"height":120}},"EF/ef_graund_wave_main/ef_graund_wave_main_2":{"EF/ef_graund_wave_main/ef_graund_wave_main_00002":{"y":9.23,"width":200,"height":120},"EF/ef_graund_wave_main/ef_graund_wave_main_00004":{"y":9.23,"width":200,"height":120},"EF/ef_graund_wave_main/ef_graund_wave_main_00006":{"y":9.23,"width":200,"height":120},"EF/ef_graund_wave_main/ef_graund_wave_main_00008":{"y":9.23,"width":200,"height":120},"EF/ef_graund_wave_main/ef_graund_wave_main_00010":{"y":9.23,"width":200,"height":120},"EF/ef_graund_wave_main/ef_graund_wave_main_00012":{"y":9.23,"width":200,"height":120}},"EF/efr_ATK2_earth2_00001":{"EF/efr_ATK2_earth2_00001":{"x":-0.26,"y":0.14,"width":464,"height":88}},"EF/efr_ATK2_earth2_1":{"EF/efr_ATK2_earth2_00001":{"x":-0.26,"y":0.14,"width":464,"height":88}},"EF/efr_ATK2_earth2_2":{"EF/efr_ATK2_earth2_00001":{"x":-0.26,"y":0.14,"width":464,"height":88}},"EF/magic_1fire":{"EF/magic_1fire":{"type":"mesh","uvs":[1,1,0,1,0,0,1,0],"triangles":[1,2,3,1,3,0],"vertices":[150,-150,-150,-150,-150,150,150,150],"hull":4}},"EF/magic_1fire2":{"EF/magic_1fire":{"type":"mesh","uvs":[1,1,0,1,0,0,1,0],"triangles":[1,2,3,1,3,0],"vertices":[150,-150,-150,-150,-150,150,150,150],"hull":4}},"EF/magic_1fire3":{"EF/magic_1fire":{"type":"mesh","uvs":[1,1,0,1,0,0,1,0],"triangles":[1,2,3,1,3,0],"vertices":[150,-150,-150,-150,-150,150,150,150],"hull":4}},"EF/magic_1fire4":{"EF/magic_1fire":{"type":"mesh","uvs":[1,1,0,1,0,0,1,0],"triangles":[1,2,3,1,3,0],"vertices":[150,-150,-150,-150,-150,150,150,150],"hull":4}},"EF/magic_1fire5":{"EF/magic_1fire":{"type":"mesh","uvs":[1,1,0,1,0,0,1,0],"triangles":[1,2,3,1,3,0],"vertices":[150,-150,-150,-150,-150,150,150,150],"hull":4}},"EF/magic_1fire6":{"EF/magic_1fire":{"type":"mesh","uvs":[1,1,0,1,0,0,1,0],"triangles":[1,2,3,1,3,0],"vertices":[150,-150,-150,-150,-150,150,150,150],"hull":4}},"EF/ssceconv_ef_fire_sphere_main_00001/ef_fire_sphere_main_00001":{"EF/ssceconv_ef_fire_sphere_main_00001/ef_fire_sphere_main_00001":{"x":-23.32,"y":45.66,"width":151,"height":176},"EF/ssceconv_ef_fire_sphere_main_00001/ef_fire_sphere_main_00002":{"x":-23.32,"y":45.66,"width":151,"height":176},"EF/ssceconv_ef_fire_sphere_main_00001/ef_fire_sphere_main_00003":{"x":-23.32,"y":45.66,"width":151,"height":176},"EF/ssceconv_ef_fire_sphere_main_00001/ef_fire_sphere_main_00004":{"x":-23.32,"y":45.66,"width":151,"height":176},"EF/ssceconv_ef_fire_sphere_main_00001/ef_fire_sphere_main_00005":{"x":-23.32,"y":45.66,"width":151,"height":176},"EF/ssceconv_ef_fire_sphere_main_00001/ef_fire_sphere_main_00006":{"x":-23.32,"y":45.66,"width":151,"height":176},"EF/ssceconv_ef_fire_sphere_main_00001/ef_fire_sphere_main_00007":{"x":-23.32,"y":45.66,"width":151,"height":176},"EF/ssceconv_ef_fire_sphere_main_00001/ef_fire_sphere_main_00008":{"x":-23.32,"y":45.66,"width":151,"height":176},"EF/ssceconv_ef_fire_sphere_main_00001/ef_fire_sphere_main_00009":{"x":-23.32,"y":45.66,"width":151,"height":176},"EF/ssceconv_ef_fire_sphere_main_00001/ef_fire_sphere_main_00010":{"x":-23.32,"y":45.66,"width":151,"height":176},"EF/ssceconv_ef_fire_sphere_main_00001/ef_fire_sphere_main_00011":{"x":-23.32,"y":45.66,"width":151,"height":176}},"EF/ssceconv_ef_fire_sphere_main_00001/ef_fire_sphere_main_1":{"EF/ssceconv_ef_fire_sphere_main_00001/ef_fire_sphere_main_00001":{"x":-23.32,"y":45.66,"width":151,"height":176},"EF/ssceconv_ef_fire_sphere_main_00001/ef_fire_sphere_main_00002":{"x":-23.32,"y":45.66,"width":151,"height":176},"EF/ssceconv_ef_fire_sphere_main_00001/ef_fire_sphere_main_00003":{"x":-23.32,"y":45.66,"width":151,"height":176},"EF/ssceconv_ef_fire_sphere_main_00001/ef_fire_sphere_main_00004":{"x":-23.32,"y":45.66,"width":151,"height":176},"EF/ssceconv_ef_fire_sphere_main_00001/ef_fire_sphere_main_00005":{"x":-23.32,"y":45.66,"width":151,"height":176},"EF/ssceconv_ef_fire_sphere_main_00001/ef_fire_sphere_main_00006":{"x":-23.32,"y":45.66,"width":151,"height":176},"EF/ssceconv_ef_fire_sphere_main_00001/ef_fire_sphere_main_00007":{"x":-23.32,"y":45.66,"width":151,"height":176},"EF/ssceconv_ef_fire_sphere_main_00001/ef_fire_sphere_main_00008":{"x":-23.32,"y":45.66,"width":151,"height":176},"EF/ssceconv_ef_fire_sphere_main_00001/ef_fire_sphere_main_00009":{"x":-23.32,"y":45.66,"width":151,"height":176},"EF/ssceconv_ef_fire_sphere_main_00001/ef_fire_sphere_main_00010":{"x":-23.32,"y":45.66,"width":151,"height":176},"EF/ssceconv_ef_fire_sphere_main_00001/ef_fire_sphere_main_00011":{"x":-23.32,"y":45.66,"width":151,"height":176}},"EF/ssceconv_ef_fire_sphere_main_00001/ef_fire_sphere_main_2":{"EF/ssceconv_ef_fire_sphere_main_00001/ef_fire_sphere_main_00001":{"x":-23.32,"y":45.66,"width":151,"height":176},"EF/ssceconv_ef_fire_sphere_main_00001/ef_fire_sphere_main_00002":{"x":-23.32,"y":45.66,"width":151,"height":176},"EF/ssceconv_ef_fire_sphere_main_00001/ef_fire_sphere_main_00003":{"x":-23.32,"y":45.66,"width":151,"height":176},"EF/ssceconv_ef_fire_sphere_main_00001/ef_fire_sphere_main_00004":{"x":-23.32,"y":45.66,"width":151,"height":176},"EF/ssceconv_ef_fire_sphere_main_00001/ef_fire_sphere_main_00005":{"x":-23.32,"y":45.66,"width":151,"height":176},"EF/ssceconv_ef_fire_sphere_main_00001/ef_fire_sphere_main_00006":{"x":-23.32,"y":45.66,"width":151,"height":176},"EF/ssceconv_ef_fire_sphere_main_00001/ef_fire_sphere_main_00007":{"x":-23.32,"y":45.66,"width":151,"height":176},"EF/ssceconv_ef_fire_sphere_main_00001/ef_fire_sphere_main_00008":{"x":-23.32,"y":45.66,"width":151,"height":176},"EF/ssceconv_ef_fire_sphere_main_00001/ef_fire_sphere_main_00009":{"x":-23.32,"y":45.66,"width":151,"height":176},"EF/ssceconv_ef_fire_sphere_main_00001/ef_fire_sphere_main_00010":{"x":-23.32,"y":45.66,"width":151,"height":176},"EF/ssceconv_ef_fire_sphere_main_00001/ef_fire_sphere_main_00011":{"x":-23.32,"y":45.66,"width":151,"height":176}},"EF/ssceconv_ef_fire_sphere_main_00001/ef_fire_sphere_main_3":{"EF/ssceconv_ef_fire_sphere_main_00001/ef_fire_sphere_main_00001":{"x":-23.32,"y":45.66,"width":151,"height":176},"EF/ssceconv_ef_fire_sphere_main_00001/ef_fire_sphere_main_00002":{"x":-23.32,"y":45.66,"width":151,"height":176},"EF/ssceconv_ef_fire_sphere_main_00001/ef_fire_sphere_main_00003":{"x":-23.32,"y":45.66,"width":151,"height":176},"EF/ssceconv_ef_fire_sphere_main_00001/ef_fire_sphere_main_00004":{"x":-23.32,"y":45.66,"width":151,"height":176},"EF/ssceconv_ef_fire_sphere_main_00001/ef_fire_sphere_main_00005":{"x":-23.32,"y":45.66,"width":151,"height":176},"EF/ssceconv_ef_fire_sphere_main_00001/ef_fire_sphere_main_00006":{"x":-23.32,"y":45.66,"width":151,"height":176},"EF/ssceconv_ef_fire_sphere_main_00001/ef_fire_sphere_main_00007":{"x":-23.32,"y":45.66,"width":151,"height":176},"EF/ssceconv_ef_fire_sphere_main_00001/ef_fire_sphere_main_00008":{"x":-23.32,"y":45.66,"width":151,"height":176},"EF/ssceconv_ef_fire_sphere_main_00001/ef_fire_sphere_main_00009":{"x":-23.32,"y":45.66,"width":151,"height":176},"EF/ssceconv_ef_fire_sphere_main_00001/ef_fire_sphere_main_00010":{"x":-23.32,"y":45.66,"width":151,"height":176},"EF/ssceconv_ef_fire_sphere_main_00001/ef_fire_sphere_main_00011":{"x":-23.32,"y":45.66,"width":151,"height":176}},"EF/ssceconv_ef_fire_sphere_main_00001/ef_fire_sphere_main_4":{"EF/ssceconv_ef_fire_sphere_main_00001/ef_fire_sphere_main_00001":{"x":-23.32,"y":45.66,"width":151,"height":176},"EF/ssceconv_ef_fire_sphere_main_00001/ef_fire_sphere_main_00002":{"x":-23.32,"y":45.66,"width":151,"height":176},"EF/ssceconv_ef_fire_sphere_main_00001/ef_fire_sphere_main_00003":{"x":-23.32,"y":45.66,"width":151,"height":176},"EF/ssceconv_ef_fire_sphere_main_00001/ef_fire_sphere_main_00004":{"x":-23.32,"y":45.66,"width":151,"height":176},"EF/ssceconv_ef_fire_sphere_main_00001/ef_fire_sphere_main_00005":{"x":-23.32,"y":45.66,"width":151,"height":176},"EF/ssceconv_ef_fire_sphere_main_00001/ef_fire_sphere_main_00006":{"x":-23.32,"y":45.66,"width":151,"height":176},"EF/ssceconv_ef_fire_sphere_main_00001/ef_fire_sphere_main_00007":{"x":-23.32,"y":45.66,"width":151,"height":176},"EF/ssceconv_ef_fire_sphere_main_00001/ef_fire_sphere_main_00008":{"x":-23.32,"y":45.66,"width":151,"height":176},"EF/ssceconv_ef_fire_sphere_main_00001/ef_fire_sphere_main_00009":{"x":-23.32,"y":45.66,"width":151,"height":176},"EF/ssceconv_ef_fire_sphere_main_00001/ef_fire_sphere_main_00010":{"x":-23.32,"y":45.66,"width":151,"height":176},"EF/ssceconv_ef_fire_sphere_main_00001/ef_fire_sphere_main_00011":{"x":-23.32,"y":45.66,"width":151,"height":176}},"EF/ssceconv_ef_fire_sphere_main_00001/ef_fire_sphere_main_5":{"EF/ssceconv_ef_fire_sphere_main_00001/ef_fire_sphere_main_00001":{"x":-23.32,"y":45.66,"width":151,"height":176},"EF/ssceconv_ef_fire_sphere_main_00001/ef_fire_sphere_main_00002":{"x":-23.32,"y":45.66,"width":151,"height":176},"EF/ssceconv_ef_fire_sphere_main_00001/ef_fire_sphere_main_00003":{"x":-23.32,"y":45.66,"width":151,"height":176},"EF/ssceconv_ef_fire_sphere_main_00001/ef_fire_sphere_main_00004":{"x":-23.32,"y":45.66,"width":151,"height":176},"EF/ssceconv_ef_fire_sphere_main_00001/ef_fire_sphere_main_00005":{"x":-23.32,"y":45.66,"width":151,"height":176},"EF/ssceconv_ef_fire_sphere_main_00001/ef_fire_sphere_main_00006":{"x":-23.32,"y":45.66,"width":151,"height":176},"EF/ssceconv_ef_fire_sphere_main_00001/ef_fire_sphere_main_00007":{"x":-23.32,"y":45.66,"width":151,"height":176},"EF/ssceconv_ef_fire_sphere_main_00001/ef_fire_sphere_main_00008":{"x":-23.32,"y":45.66,"width":151,"height":176},"EF/ssceconv_ef_fire_sphere_main_00001/ef_fire_sphere_main_00009":{"x":-23.32,"y":45.66,"width":151,"height":176},"EF/ssceconv_ef_fire_sphere_main_00001/ef_fire_sphere_main_00010":{"x":-23.32,"y":45.66,"width":151,"height":176},"EF/ssceconv_ef_fire_sphere_main_00001/ef_fire_sphere_main_00011":{"x":-23.32,"y":45.66,"width":151,"height":176}},"EF/ssceconv_ef_fire_sphere_main_00001/ef_fire_sphere_main_6":{"EF/ssceconv_ef_fire_sphere_main_00001/ef_fire_sphere_main_00001":{"x":-23.32,"y":45.66,"width":151,"height":176},"EF/ssceconv_ef_fire_sphere_main_00001/ef_fire_sphere_main_00002":{"x":-23.32,"y":45.66,"width":151,"height":176},"EF/ssceconv_ef_fire_sphere_main_00001/ef_fire_sphere_main_00003":{"x":-23.32,"y":45.66,"width":151,"height":176},"EF/ssceconv_ef_fire_sphere_main_00001/ef_fire_sphere_main_00004":{"x":-23.32,"y":45.66,"width":151,"height":176},"EF/ssceconv_ef_fire_sphere_main_00001/ef_fire_sphere_main_00005":{"x":-23.32,"y":45.66,"width":151,"height":176},"EF/ssceconv_ef_fire_sphere_main_00001/ef_fire_sphere_main_00006":{"x":-23.32,"y":45.66,"width":151,"height":176},"EF/ssceconv_ef_fire_sphere_main_00001/ef_fire_sphere_main_00007":{"x":-23.32,"y":45.66,"width":151,"height":176},"EF/ssceconv_ef_fire_sphere_main_00001/ef_fire_sphere_main_00008":{"x":-23.32,"y":45.66,"width":151,"height":176},"EF/ssceconv_ef_fire_sphere_main_00001/ef_fire_sphere_main_00009":{"x":-23.32,"y":45.66,"width":151,"height":176},"EF/ssceconv_ef_fire_sphere_main_00001/ef_fire_sphere_main_00010":{"x":-23.32,"y":45.66,"width":151,"height":176},"EF/ssceconv_ef_fire_sphere_main_00001/ef_fire_sphere_main_00011":{"x":-23.32,"y":45.66,"width":151,"height":176}},"HITBOX":{"HITBOX":{"type":"boundingbox","vertices":[-63.78322,-64.46309,63.49677,-64.46309,63.49677,63.50486,-63.78322,62.81686]}},"MAIN":{"attack_00":{"x":-1.83,"y":13.65,"scaleX":2,"scaleY":2,"width":256,"height":256},"attack_01":{"x":-1.83,"y":13.65,"scaleX":2,"scaleY":2,"width":256,"height":256},"attack_02":{"x":-1.83,"y":13.65,"scaleX":2,"scaleY":2,"width":256,"height":256},"attack_03":{"x":-1.83,"y":13.65,"scaleX":2,"scaleY":2,"width":256,"height":256},"attack_04":{"x":-1.83,"y":13.65,"scaleX":2,"scaleY":2,"width":256,"height":256},"back_00":{"x":-1.83,"y":13.65,"scaleX":2,"scaleY":2,"width":256,"height":256},"damage_00":{"x":-1.83,"y":13.65,"scaleX":2,"scaleY":2,"width":256,"height":256},"front_00":{"x":-1.83,"y":13.65,"scaleX":2,"scaleY":2,"width":256,"height":256},"idle_00":{"x":-1.83,"y":13.65,"scaleX":2,"scaleY":2,"width":256,"height":256},"idle_01":{"x":-1.83,"y":13.65,"scaleX":2,"scaleY":2,"width":256,"height":256},"idle_02":{"x":-1.83,"y":13.65,"scaleX":2,"scaleY":2,"width":256,"height":256},"idle_03":{"x":-1.83,"y":13.65,"scaleX":2,"scaleY":2,"width":256,"height":256},"skill1_00":{"x":-1.83,"y":13.65,"scaleX":2,"scaleY":2,"width":256,"height":256},"skill1_01":{"x":-1.83,"y":13.65,"scaleX":2,"scaleY":2,"width":256,"height":256},"skill1_02":{"x":-1.83,"y":13.65,"scaleX":2,"scaleY":2,"width":256,"height":256},"skill1_03":{"x":-1.83,"y":13.65,"scaleX":2,"scaleY":2,"width":256,"height":256},"skill1_04":{"x":-1.83,"y":13.65,"scaleX":2,"scaleY":2,"width":256,"height":256},"skill1_05":{"x":-1.83,"y":13.65,"scaleX":2,"scaleY":2,"width":256,"height":256},"skill1_06":{"x":-1.83,"y":13.65,"scaleX":2,"scaleY":2,"width":256,"height":256},"skill1_07":{"x":-1.83,"y":13.65,"scaleX":2,"scaleY":2,"width":256,"height":256},"skill2_00":{"x":-1.83,"y":13.65,"scaleX":2,"scaleY":2,"width":256,"height":256},"skill2_01":{"x":-1.83,"y":13.65,"scaleX":2,"scaleY":2,"width":256,"height":256},"skill2_02":{"x":-1.83,"y":13.65,"scaleX":2,"scaleY":2,"width":256,"height":256},"skill2_03":{"x":-1.83,"y":13.65,"scaleX":2,"scaleY":2,"width":256,"height":256},"skill2_04":{"x":-1.83,"y":13.65,"scaleX":2,"scaleY":2,"width":256,"height":256},"skill2_05":{"x":-1.83,"y":13.65,"scaleX":2,"scaleY":2,"width":256,"height":256},"skill2_06":{"x":-1.83,"y":13.65,"scaleX":2,"scaleY":2,"width":256,"height":256},"skill2_07":{"x":-1.83,"y":13.65,"scaleX":2,"scaleY":2,"width":256,"height":256},"skill2_05b":{"x":-1.83,"y":13.65,"scaleX":2,"scaleY":2,"width":256,"height":256}},"attack_ken1":{"attack_ken1":{"x":-0.8,"rotation":90,"width":15,"height":43},"attack_ken2":{"x":-0.8,"y":-1,"width":43,"height":14}},"attack_ken2":{"attack_ken1":{"x":-0.8,"rotation":90,"width":15,"height":43},"attack_ken2":{"x":-0.8,"y":-1,"width":43,"height":14}},"attack_ken3":{"attack_ken1":{"x":-0.8,"rotation":90,"width":15,"height":43},"attack_ken2":{"x":-0.8,"y":-1,"width":43,"height":14}},"attack_ken4":{"attack_ken1":{"x":-0.8,"rotation":90,"width":15,"height":43},"attack_ken2":{"x":-0.8,"y":-1,"width":43,"height":14}},"attack_ken5":{"attack_ken1":{"x":-0.8,"rotation":90,"width":15,"height":43},"attack_ken2":{"x":-0.8,"y":-1,"width":43,"height":14}},"attack_ken6":{"attack_ken1":{"x":-0.8,"rotation":90,"width":15,"height":43},"attack_ken2":{"x":-0.8,"y":-1,"width":43,"height":14}},"attack_ken7":{"attack_ken1":{"x":-0.8,"rotation":90,"width":15,"height":43},"attack_ken2":{"x":-0.8,"y":-1,"width":43,"height":14}},"attack_ken8":{"attack_ken1":{"x":-0.8,"rotation":90,"width":15,"height":43},"attack_ken2":{"x":-0.8,"y":-1,"width":43,"height":14}},"attack_ken9":{"attack_ken1":{"x":-0.8,"rotation":90,"width":15,"height":43},"attack_ken2":{"x":-0.8,"y":-1,"width":43,"height":14}},"large_sword":{"large_sword":{"x":-23.95,"width":96,"height":32}},"large_sword2":{"large_sword":{"x":-23.95,"width":96,"height":32},"weapon":{"x":-22.35,"y":1.06,"rotation":20.76,"width":90,"height":42}},"weapon":{"weapon":{"x":-22.35,"y":1.06,"rotation":20.76,"width":90,"height":42}}}},"events":{"Event":{},"Hit":{},"Sound1":{},"Sound2":{},"Sound3":{},"Voice":{}},"animations":{"attack1":{"slots":{"DAMAGEAREA":{"attachment":[{"time":0.9,"name":"DAMAGEAREA"},{"time":1.0333,"name":null}]},"MAIN":{"attachment":[{"time":0,"name":"attack_00"},{"time":0.1666,"name":"attack_01"},{"time":0.2666,"name":"attack_02"},{"time":0.3666,"name":"attack_01"},{"time":0.4666,"name":"attack_02"},{"time":0.5666,"name":"attack_01"},{"time":0.6666,"name":"attack_02"},{"time":0.7666,"name":"attack_01"},{"time":0.8333,"name":"attack_00"},{"time":0.8666,"name":"attack_03"},{"time":0.9666,"name":"attack_04"},{"time":1.0666,"name":"attack_03"},{"time":1.1666,"name":"attack_04"},{"time":1.2666,"name":"attack_03"},{"time":1.3666,"name":"attack_04"},{"time":1.5,"name":"idle_00"}]},"attack_ken1":{"attachment":[{"time":0.1666,"name":"attack_ken1"},{"time":0.8333,"name":"attack_ken2"}],"color":[{"time":0.1666,"color":"ffffff00"},{"time":0.3666,"color":"ffffffff","curve":"stepped"},{"time":0.9333,"color":"ffffffff"},{"time":1.0333,"color":"ffffff00"}]},"attack_ken3":{"attachment":[{"time":0.2333,"name":"attack_ken1"},{"time":0.8333,"name":"attack_ken2"}],"color":[{"time":0.2333,"color":"ffffff00"},{"time":0.4333,"color":"ffffffff","curve":"stepped"},{"time":0.9333,"color":"ffffffff"},{"time":1.0333,"color":"ffffff00"}]},"attack_ken5":{"attachment":[{"time":0.2666,"name":"attack_ken1"},{"time":0.8333,"name":"attack_ken2"}],"color":[{"time":0.2666,"color":"ffffff00"},{"time":0.4666,"color":"ffffffff","curve":"stepped"},{"time":0.9333,"color":"ffffffff"},{"time":1.0333,"color":"ffffff00"}]}},"bones":{"attack_ken1":{"rotate":[{"time":0.1666,"angle":0}],"translate":[{"time":0.1666,"x":-71.02,"y":151.53,"curve":[0.25,0,0.75,1]},{"time":0.3666,"x":-71.02,"y":183.49,"curve":"stepped"},{"time":0.8666,"x":-71.02,"y":183.49},{"time":1.0333,"x":-580.69,"y":183.49}]},"attack_ken3":{"rotate":[{"time":0.2333,"angle":0}],"translate":[{"time":0.2333,"x":-159.1,"y":66.3,"curve":[0.25,0,0.75,1]},{"time":0.4333,"x":-159.1,"y":74.77,"curve":"stepped"},{"time":0.8666,"x":-159.1,"y":74.77},{"time":1.0333,"x":-690.19,"y":74.77}]},"attack_ken4":{"rotate":[{"time":0.2666,"angle":0}],"translate":[{"time":0.2666,"x":3.94,"y":18.87,"curve":[0.137,0.51,0.75,1]},{"time":0.4666,"x":3.93,"y":51.86,"curve":"stepped"},{"time":0.8666,"x":3.93,"y":51.85},{"time":1.0333,"x":-506.63,"y":51.85}]},"large_sword":{"rotate":[{"time":0,"angle":0,"curve":[0.153,-0.15,0.18,-0.17]},{"time":0.7666,"angle":-0.31,"curve":[0.153,-0.15,0.18,-0.17]},{"time":1.5,"angle":0}],"translate":[{"time":0,"x":0,"y":0,"curve":[0.153,-0.15,0.18,-0.17]},{"time":0.7666,"x":0,"y":4.25,"curve":[0.153,-0.15,0.18,-0.17]},{"time":1.5,"x":0,"y":0}]},"DAMAGEAREA":{"translate":[{"time":0.9,"x":-79.4,"y":88.56},{"time":1,"x":-389.75,"y":88.56}],"scale":[{"time":0.9,"x":2.435,"y":1.366}]}},"events":[{"time":0,"name":"Event","float":0.1,"string":"kHitStopType_normal"},{"time":0.0333,"name":"Event","string":"setHitEffect(hit03b, 0)"},{"time":0.2,"name":"Sound1","string":"cri_se_battle_teleport"},{"time":0.8666,"name":"Sound1","string":"cri_se_battle_gun_burst"},{"time":0.8666,"name":"Voice","string":"cri_179_voice_attack_random"}]},"back":{"slots":{"MAIN":{"attachment":[{"time":0,"name":"back_00"},{"time":0.3666,"name":"idle_01"},{"time":0.4333,"name":"idle_00"}]}},"bones":{"MAIN":{"translate":[{"time":0,"x":0,"y":0},{"time":0.1666,"x":66.66,"y":15.83},{"time":0.3,"x":120,"y":0,"curve":[0.147,0.53,0.75,1]},{"time":0.5,"x":140,"y":0}],"scale":[{"time":0.3666,"x":1,"y":0.991},{"time":0.4333,"x":1,"y":1}]},"large_sword":{"rotate":[{"time":0,"angle":0,"curve":[0.25,0,0.75,1]},{"time":0.1666,"angle":1.65,"curve":[0.182,0.29,0.75,1]},{"time":0.5,"angle":0}],"translate":[{"time":0,"x":0,"y":0,"curve":[0.25,0,0.75,1]},{"time":0.1666,"x":-13.74,"y":-1.73,"curve":[0.182,0.29,0.75,1]},{"time":0.5,"x":0,"y":0}],"scale":[{"time":0,"x":1,"y":1,"curve":"stepped"},{"time":0.5,"x":1,"y":1}]}},"events":[{"time":0,"name":"Sound1","string":"cri_se_battle_jump"},{"time":0.3666,"name":"Sound1","string":"cri_se_battle_landing"}]},"cast":{"slots":{"MAIN":{"attachment":[{"time":0,"name":"attack_00"},{"time":0.1333,"name":"attack_02"},{"time":0.2666,"name":"attack_01"},{"time":0.4666,"name":"attack_00"},{"time":0.5,"name":"attack_03"},{"time":0.5666,"name":"attack_04"}]}},"bones":{"large_sword":{"rotate":[{"time":0,"angle":0,"curve":[0.153,-0.15,0.18,-0.17]},{"time":0.5333,"angle":-0.31,"curve":[0.153,-0.15,0.18,-0.17]},{"time":1,"angle":0}],"translate":[{"time":0,"x":0,"y":0,"curve":[0.153,-0.15,0.18,-0.17]},{"time":0.5333,"x":0,"y":2.23,"curve":[0.153,-0.15,0.18,-0.17]},{"time":1,"x":0,"y":0}]}},"events":[{"time":0.4666,"name":"Voice","string":"cri_179_voice_item"}]},"damage":{"slots":{"MAIN":{"attachment":[{"time":0,"name":"damage_00"}]}},"bones":{"large_sword":{"rotate":[{"time":0,"angle":-26.39}],"translate":[{"time":0,"x":20.74,"y":-8.73}]}}},"front":{"slots":{"MAIN":{"attachment":[{"time":0,"name":"front_00"}]},"weapon":{"attachment":[{"time":0,"name":null}]}}},"idle":{"slots":{"MAIN":{"attachment":[{"time":0,"name":"idle_00"},{"time":0.2333,"name":"idle_01"},{"time":0.4666,"name":"idle_02"},{"time":0.7,"name":"idle_03"},{"time":0.9333,"name":"idle_00"}]}},"bones":{"large_sword":{"rotate":[{"time":0,"angle":0,"curve":[0.166,-0.18,0.187,-0.19]},{"time":0.4666,"angle":-0.14,"curve":[0.166,-0.18,0.187,-0.19]},{"time":0.9333,"angle":0}],"translate":[{"time":0,"x":0,"y":0,"curve":[0.166,-0.18,0.187,-0.19]},{"time":0.4666,"x":0,"y":1.07,"curve":[0.166,-0.18,0.187,-0.19]},{"time":0.9333,"x":0,"y":0}]}}},"in":{"slots":{"MAIN":{"attachment":[{"time":0,"name":"attack_01"},{"time":0.0666,"name":"attack_02"},{"time":0.1333,"name":"attack_01"},{"time":0.2,"name":"attack_02"},{"time":0.2666,"name":"attack_01"},{"time":0.3333,"name":"attack_02"},{"time":0.4,"name":"attack_01"},{"time":0.4666,"name":"attack_02"},{"time":0.5333,"name":"attack_01"},{"time":0.6,"name":"attack_02"},{"time":0.6666,"name":"attack_01"},{"time":0.7333,"name":"attack_02"},{"time":0.8333,"name":"attack_00"},{"time":1,"name":"idle_00"}]},"large_sword":{"color":[{"time":0,"color":"ffffff00"},{"time":0.5,"color":"ffffffff"}]},"weapon":{"color":[{"time":0,"color":"ffffff00"},{"time":0.5,"color":"ffffffff"}]}},"bones":{"MAIN":{"translate":[{"time":1,"x":0,"y":0}]},"large_sword":{"translate":[{"time":0,"x":0,"y":78.62},{"time":0.8333,"x":0,"y":-1.63},{"time":1,"x":0,"y":0}]}},"events":[{"time":0,"name":"Event","string":"takeSummon"}]},"skill1":{"slots":{"DAMAGEAREA":{"attachment":[{"time":0.6666,"name":"DAMAGEAREA"},{"time":1.7,"name":null}]},"EF/ef_graund_wave_main/ef_graund_wave_main_00002":{"attachment":[{"time":0.4333,"name":"EF/ef_graund_wave_main/ef_graund_wave_main_00002"},{"time":0.4666,"name":"EF/ef_graund_wave_main/ef_graund_wave_main_00004"},{"time":0.5,"name":"EF/ef_graund_wave_main/ef_graund_wave_main_00006"},{"time":0.5333,"name":"EF/ef_graund_wave_main/ef_graund_wave_main_00008"},{"time":0.5666,"name":"EF/ef_graund_wave_main/ef_graund_wave_main_00010"},{"time":0.6,"name":"EF/ef_graund_wave_main/ef_graund_wave_main_00012"},{"time":0.6333,"name":null},{"time":0.8333,"name":"EF/ef_graund_wave_main/ef_graund_wave_main_00002"},{"time":0.8666,"name":"EF/ef_graund_wave_main/ef_graund_wave_main_00004"},{"time":0.9,"name":"EF/ef_graund_wave_main/ef_graund_wave_main_00006"},{"time":0.9333,"name":"EF/ef_graund_wave_main/ef_graund_wave_main_00008"},{"time":0.9666,"name":"EF/ef_graund_wave_main/ef_graund_wave_main_00010"},{"time":1,"name":"EF/ef_graund_wave_main/ef_graund_wave_main_00012"},{"time":1.0333,"name":null},{"time":1.1666,"name":"EF/ef_graund_wave_main/ef_graund_wave_main_00002"},{"time":1.2,"name":"EF/ef_graund_wave_main/ef_graund_wave_main_00004"},{"time":1.2333,"name":"EF/ef_graund_wave_main/ef_graund_wave_main_00006"},{"time":1.2666,"name":"EF/ef_graund_wave_main/ef_graund_wave_main_00008"},{"time":1.3,"name":"EF/ef_graund_wave_main/ef_graund_wave_main_00010"},{"time":1.3333,"name":"EF/ef_graund_wave_main/ef_graund_wave_main_00012"},{"time":1.3666,"name":null}]},"MAIN":{"attachment":[{"time":0,"name":"idle_00"},{"time":0.0333,"name":"skill1_00"},{"time":0.1666,"name":"skill1_01"},{"time":0.4333,"name":"skill1_02"},{"time":0.5333,"name":"skill1_03"},{"time":0.6333,"name":"skill1_04"},{"time":0.7333,"name":"skill1_05"},{"time":0.8333,"name":"skill1_03"},{"time":0.9333,"name":"skill1_04"},{"time":1.0333,"name":"skill1_05"},{"time":1.1333,"name":"skill1_03"},{"time":1.2,"name":"skill1_04"},{"time":1.2666,"name":"skill1_05"},{"time":1.3333,"name":"skill1_03"},{"time":1.3666,"name":"skill1_06"},{"time":1.4,"name":"skill1_07"},{"time":1.9,"name":"attack_00"},{"time":2.0333,"name":"idle_02"},{"time":2.1333,"name":"idle_00"}]},"large_sword":{"attachment":[{"time":1.3666,"name":"large_sword"},{"time":1.9,"name":null}],"color":[{"time":1.3666,"color":"ffffffff","curve":"stepped"},{"time":1.5666,"color":"ffffffff","curve":[0.75,0,0.75,1]},{"time":1.6,"color":"ffffff00"}]},"weapon":{"attachment":[{"time":0.0333,"name":null},{"time":1.3666,"name":null},{"time":1.9,"name":"weapon"}],"color":[{"time":1.9,"color":"ffffff00","curve":"stepped"},{"time":1.9666,"color":"ffffff00","curve":[0.229,0.68,0.75,1]},{"time":2.2666,"color":"ffffffff"}]}},"bones":{"MAIN":{"translate":[{"time":0.1333,"x":0,"y":0,"curve":[0.156,0.44,0.75,1]},{"time":0.2333,"x":1.78,"y":0,"curve":"stepped"},{"time":0.4333,"x":1.78,"y":0},{"time":0.5333,"x":-5,"y":0,"curve":[0.25,0,0.761,0.72]},{"time":1.2666,"x":-50,"y":0,"curve":"stepped"},{"time":1.3666,"x":-34.28,"y":0},{"time":1.4333,"x":-29.78,"y":0,"curve":[0.097,1,0.42,1]},{"time":2,"x":0,"y":0}]},"large_sword":{"rotate":[{"time":1.3666,"angle":20.65,"curve":"stepped"},{"time":1.9,"angle":0}],"translate":[{"time":1.3666,"x":-138.65,"y":-21.51},{"time":1.6,"x":-1557.83,"y":-21.51,"curve":"stepped"},{"time":1.9,"x":0,"y":0,"curve":"stepped"},{"time":1.9666,"x":0,"y":-12.14,"curve":[0.229,0.68,0.75,1]},{"time":2.2666,"x":0,"y":0}]},"graund_wave1":{"translate":[{"time":0.4333,"x":-163.01,"y":-3.79,"curve":"stepped"},{"time":0.8333,"x":-163.01,"y":-3.79,"curve":"stepped"},{"time":1.1666,"x":-200.92,"y":-3.79}],"scale":[{"time":0.4333,"x":2.374,"y":2.374}]},"DAMAGEAREA":{"translate":[{"time":0.6666,"x":-35.13,"y":64.41},{"time":1.3,"x":-128.82,"y":64.41,"curve":[0.516,0.24,0.864,0.74]},{"time":1.5,"x":-722.21,"y":64.41}],"scale":[{"time":0.6666,"x":3.863,"y":1.229,"curve":"stepped"},{"time":1.3,"x":3.863,"y":1.229,"curve":[0.516,0.24,0.864,0.74]},{"time":1.5,"x":6.985,"y":1.229}]}},"events":[{"time":0,"name":"Event","float":0.15,"string":"kHitStopType_normal"},{"time":0.0333,"name":"Event","string":"setHitEffect(hit03a, 0)"},{"time":0.0666,"name":"Event","string":"setHitBackEnemy(5,0)"},{"time":0.5,"name":"Sound1","string":"cri_se_battle_sword_swish_heavy"},{"time":0.5,"name":"Sound3","string":"setHitSound(se_battle_thrustviolently)"},{"time":0.5,"name":"Voice","string":"cri_179_voice_skill_all"},{"time":0.6333,"name":"Event","string":"shakeGround"},{"time":0.8333,"name":"Sound1","string":"cri_se_battle_sword_swish_heavy"},{"time":0.9,"name":"Hit","string":"resetHitList"},{"time":1.1333,"name":"Hit","string":"resetHitList"},{"time":1.1666,"name":"Sound1","string":"cri_se_battle_sword_swish_heavy"},{"time":1.3333,"name":"Event","string":"kImpactType_knock"},{"time":1.3333,"name":"Sound1","string":"cri_se_battle_033_explosion_element_01"},{"time":1.3333,"name":"Sound2","string":"cri_se_battle_gun_burst"},{"time":1.3333,"name":"Sound3","string":"setHitSound(se_battle_explosion_short)"},{"time":1.3666,"name":"Event","string":"shakeGround"},{"time":1.4333,"name":"Event","float":0.25,"string":"kHitStopType_normal"},{"time":1.4333,"name":"Hit","float":30,"string":"resetHitList"},{"time":2.0333,"name":"Event","string":"runScript-chekcHit"}]},"skill2":{"slots":{"DAMAGEAREA":{"attachment":[{"time":1.5666,"name":"DAMAGEAREA"},{"time":2.9,"name":null}]},"EF/700_S2_fire1/700_S2_fire1_00007":{"attachment":[{"time":0.9666,"name":"EF/700_S2_fire1/700_S2_fire1_00009"},{"time":1.0333,"name":"EF/700_S2_fire1/700_S2_fire1_00011"},{"time":1.1,"name":"EF/700_S2_fire1/700_S2_fire1_00007"},{"time":1.1666,"name":"EF/700_S2_fire1/700_S2_fire1_00009"},{"time":1.2333,"name":"EF/700_S2_fire1/700_S2_fire1_00011"},{"time":1.3,"name":"EF/700_S2_fire1/700_S2_fire1_00007"},{"time":1.3666,"name":"EF/700_S2_fire1/700_S2_fire1_00009"},{"time":1.4,"name":"EF/700_S2_fire1/700_S2_fire1_00009"},{"time":1.4666,"name":"EF/700_S2_fire1/700_S2_fire1_00011"},{"time":1.5333,"name":"EF/700_S2_fire1/700_S2_fire1_00009"},{"time":1.5666,"name":null}],"color":[{"time":0.9666,"color":"ffffff00"},{"time":1.0333,"color":"ffffffff"}]},"EF/ssceconv_ef_fire_sphere_main_00001/ef_fire_sphere_main_00001":{"attachment":[{"time":0.9666,"name":"EF/ssceconv_ef_fire_sphere_main_00001/ef_fire_sphere_main_00009"},{"time":1,"name":"EF/ssceconv_ef_fire_sphere_main_00001/ef_fire_sphere_main_00010"},{"time":1.0666,"name":"EF/ssceconv_ef_fire_sphere_main_00001/ef_fire_sphere_main_00011"},{"time":1.1,"name":null},{"time":1.1333,"name":"EF/ssceconv_ef_fire_sphere_main_00001/ef_fire_sphere_main_00002"},{"time":1.1666,"name":"EF/ssceconv_ef_fire_sphere_main_00001/ef_fire_sphere_main_00003"},{"time":1.2333,"name":"EF/ssceconv_ef_fire_sphere_main_00001/ef_fire_sphere_main_00004"},{"time":1.2666,"name":"EF/ssceconv_ef_fire_sphere_main_00001/ef_fire_sphere_main_00005"},{"time":1.3333,"name":"EF/ssceconv_ef_fire_sphere_main_00001/ef_fire_sphere_main_00006"},{"time":1.3666,"name":"EF/ssceconv_ef_fire_sphere_main_00001/ef_fire_sphere_main_00007"},{"time":1.4333,"name":"EF/ssceconv_ef_fire_sphere_main_00001/ef_fire_sphere_main_00008"},{"time":1.4666,"name":"EF/ssceconv_ef_fire_sphere_main_00001/ef_fire_sphere_main_00009"},{"time":1.5666,"name":null}],"color":[{"time":0.9666,"color":"ffffff00"},{"time":1.0333,"color":"ffffffff"}]},"EF/ssceconv_ef_fire_sphere_main_00001/ef_fire_sphere_main_1":{"attachment":[{"time":0.9666,"name":"EF/ssceconv_ef_fire_sphere_main_00001/ef_fire_sphere_main_00003"},{"time":1,"name":"EF/ssceconv_ef_fire_sphere_main_00001/ef_fire_sphere_main_00004"},{"time":1.0666,"name":"EF/ssceconv_ef_fire_sphere_main_00001/ef_fire_sphere_main_00005"},{"time":1.1,"name":"EF/ssceconv_ef_fire_sphere_main_00001/ef_fire_sphere_main_00006"},{"time":1.1666,"name":"EF/ssceconv_ef_fire_sphere_main_00001/ef_fire_sphere_main_00007"},{"time":1.2,"name":"EF/ssceconv_ef_fire_sphere_main_00001/ef_fire_sphere_main_00008"},{"time":1.2666,"name":"EF/ssceconv_ef_fire_sphere_main_00001/ef_fire_sphere_main_00009"},{"time":1.3,"name":"EF/ssceconv_ef_fire_sphere_main_00001/ef_fire_sphere_main_00010"},{"time":1.3666,"name":"EF/ssceconv_ef_fire_sphere_main_00001/ef_fire_sphere_main_00011"},{"time":1.4,"name":null}],"color":[{"time":0.9666,"color":"ffffff00"},{"time":1.0333,"color":"ffffffff"}]},"EF/ssceconv_ef_fire_sphere_main_00001/ef_fire_sphere_main_2":{"attachment":[{"time":1,"name":"EF/ssceconv_ef_fire_sphere_main_00001/ef_fire_sphere_main_00003"},{"time":1.0333,"name":"EF/ssceconv_ef_fire_sphere_main_00001/ef_fire_sphere_main_00004"},{"time":1.1,"name":"EF/ssceconv_ef_fire_sphere_main_00001/ef_fire_sphere_main_00005"},{"time":1.1333,"name":"EF/ssceconv_ef_fire_sphere_main_00001/ef_fire_sphere_main_00006"},{"time":1.2,"name":"EF/ssceconv_ef_fire_sphere_main_00001/ef_fire_sphere_main_00007"},{"time":1.2333,"name":"EF/ssceconv_ef_fire_sphere_main_00001/ef_fire_sphere_main_00008"},{"time":1.3,"name":"EF/ssceconv_ef_fire_sphere_main_00001/ef_fire_sphere_main_00009"},{"time":1.3333,"name":"EF/ssceconv_ef_fire_sphere_main_00001/ef_fire_sphere_main_00010"},{"time":1.4,"name":"EF/ssceconv_ef_fire_sphere_main_00001/ef_fire_sphere_main_00011"},{"time":1.4333,"name":null}],"color":[{"time":0.9666,"color":"ffffff00"},{"time":1.0333,"color":"ffffffff"}]},"EF/ssceconv_ef_fire_sphere_main_00001/ef_fire_sphere_main_3":{"attachment":[{"time":0.9666,"name":"EF/ssceconv_ef_fire_sphere_main_00001/ef_fire_sphere_main_00008"},{"time":1.0333,"name":"EF/ssceconv_ef_fire_sphere_main_00001/ef_fire_sphere_main_00009"},{"time":1.0666,"name":"EF/ssceconv_ef_fire_sphere_main_00001/ef_fire_sphere_main_00010"},{"time":1.1333,"name":"EF/ssceconv_ef_fire_sphere_main_00001/ef_fire_sphere_main_00011"},{"time":1.1666,"name":null},{"time":1.2,"name":"EF/ssceconv_ef_fire_sphere_main_00001/ef_fire_sphere_main_00002"},{"time":1.2333,"name":"EF/ssceconv_ef_fire_sphere_main_00001/ef_fire_sphere_main_00003"},{"time":1.3,"name":"EF/ssceconv_ef_fire_sphere_main_00001/ef_fire_sphere_main_00004"},{"time":1.3333,"name":"EF/ssceconv_ef_fire_sphere_main_00001/ef_fire_sphere_main_00005"},{"time":1.4,"name":"EF/ssceconv_ef_fire_sphere_main_00001/ef_fire_sphere_main_00006"},{"time":1.4333,"name":"EF/ssceconv_ef_fire_sphere_main_00001/ef_fire_sphere_main_00007"},{"time":1.5,"name":"EF/ssceconv_ef_fire_sphere_main_00001/ef_fire_sphere_main_00008"},{"time":1.5666,"name":null}],"color":[{"time":0.9666,"color":"ffffff00"},{"time":1.0333,"color":"ffffffff"}]},"EF/ssceconv_ef_fire_sphere_main_00001/ef_fire_sphere_main_4":{"attachment":[{"time":1.5666,"name":"EF/ssceconv_ef_fire_sphere_main_00001/ef_fire_sphere_main_00005"},{"time":1.6333,"name":"EF/ssceconv_ef_fire_sphere_main_00001/ef_fire_sphere_main_00006"},{"time":1.7333,"name":"EF/ssceconv_ef_fire_sphere_main_00001/ef_fire_sphere_main_00007"},{"time":1.8,"name":"EF/ssceconv_ef_fire_sphere_main_00001/ef_fire_sphere_main_00008"},{"time":1.8666,"name":"EF/ssceconv_ef_fire_sphere_main_00001/ef_fire_sphere_main_00009"},{"time":1.9666,"name":"EF/ssceconv_ef_fire_sphere_main_00001/ef_fire_sphere_main_00010"},{"time":2.0666,"name":"EF/ssceconv_ef_fire_sphere_main_00001/ef_fire_sphere_main_00011"},{"time":2.1666,"name":null}]},"EF/ssceconv_ef_fire_sphere_main_00001/ef_fire_sphere_main_5":{"attachment":[{"time":1.5666,"name":"EF/ssceconv_ef_fire_sphere_main_00001/ef_fire_sphere_main_00005"},{"time":1.6333,"name":"EF/ssceconv_ef_fire_sphere_main_00001/ef_fire_sphere_main_00006"},{"time":1.7,"name":"EF/ssceconv_ef_fire_sphere_main_00001/ef_fire_sphere_main_00007"},{"time":1.8,"name":"EF/ssceconv_ef_fire_sphere_main_00001/ef_fire_sphere_main_00008"},{"time":1.9,"name":"EF/ssceconv_ef_fire_sphere_main_00001/ef_fire_sphere_main_00009"},{"time":2,"name":"EF/ssceconv_ef_fire_sphere_main_00001/ef_fire_sphere_main_00010"},{"time":2.1333,"name":"EF/ssceconv_ef_fire_sphere_main_00001/ef_fire_sphere_main_00011"},{"time":2.2666,"name":null}]},"EF/ssceconv_ef_fire_sphere_main_00001/ef_fire_sphere_main_6":{"attachment":[{"time":1.5666,"name":"EF/ssceconv_ef_fire_sphere_main_00001/ef_fire_sphere_main_00005"},{"time":1.6666,"name":"EF/ssceconv_ef_fire_sphere_main_00001/ef_fire_sphere_main_00006"},{"time":1.7666,"name":"EF/ssceconv_ef_fire_sphere_main_00001/ef_fire_sphere_main_00007"},{"time":1.8666,"name":"EF/ssceconv_ef_fire_sphere_main_00001/ef_fire_sphere_main_00008"},{"time":1.9666,"name":"EF/ssceconv_ef_fire_sphere_main_00001/ef_fire_sphere_main_00009"},{"time":2.1,"name":"EF/ssceconv_ef_fire_sphere_main_00001/ef_fire_sphere_main_00010"},{"time":2.2333,"name":"EF/ssceconv_ef_fire_sphere_main_00001/ef_fire_sphere_main_00011"},{"time":2.3333,"name":null}]},"MAIN":{"attachment":[{"time":0,"name":"idle_00"},{"time":0.1,"name":"attack_00"},{"time":0.2333,"name":"back_00"},{"time":0.6666,"name":"attack_00"},{"time":0.9666,"name":"skill2_05"},{"time":1.5333,"name":"skill2_05b"},{"time":1.5666,"name":"skill2_06"},{"time":1.6333,"name":"skill2_07"},{"time":1.7,"name":"skill2_06"},{"time":1.7666,"name":"skill2_07"},{"time":1.8333,"name":"skill2_06"},{"time":1.9,"name":"skill2_07"},{"time":1.9666,"name":"skill2_06"},{"time":2.0333,"name":"skill2_07"},{"time":2.1,"name":"skill2_06"},{"time":2.1666,"name":"skill2_07"},{"time":2.2333,"name":"skill2_06"},{"time":2.3,"name":"skill2_07"},{"time":2.3666,"name":"skill2_06"},{"time":2.4333,"name":"skill2_07"},{"time":2.5,"name":"skill2_06"},{"time":2.6,"name":"skill2_07"},{"time":2.7,"name":"skill2_06"},{"time":2.8,"name":"skill2_07"},{"time":3,"name":"back_00"},{"time":3.3333,"name":"attack_00"},{"time":3.6333,"name":"idle_02"},{"time":3.7666,"name":"idle_00"}],"color":[{"time":0.5333,"color":"ffffffff"},{"time":0.6666,"color":"ffffff00","curve":"stepped"},{"time":0.9666,"color":"ffffff00"},{"time":1.0333,"color":"ffffffff"}]},"large_sword":{"attachment":[{"time":0.6666,"name":null},{"time":0.9666,"name":null},{"time":3,"name":null}],"color":[{"time":0.9666,"color":"ffffff00"},{"time":1.1,"color":"ffffffff"}]},"large_sword2":{"attachment":[{"time":0,"name":"weapon"},{"time":0.0666,"name":"large_sword"},{"time":0.6666,"name":null},{"time":3,"name":"weapon"},{"time":3.7,"name":null}],"color":[{"time":0.4333,"color":"ffffffff"},{"time":0.5666,"color":"ffffff00","curve":"stepped"},{"time":3,"color":"ffffffff"}]},"weapon":{"attachment":[{"time":0,"name":null},{"time":0.6666,"name":null},{"time":0.9666,"name":"weapon"},{"time":1.5333,"name":null},{"time":3,"name":null},{"time":3.7,"name":"weapon"}],"color":[{"time":0.9666,"color":"ffffff00"},{"time":1.1,"color":"ffffffff"}]}},"bones":{"MAIN":{"rotate":[{"time":0.2666,"angle":-28.27,"curve":"stepped"},{"time":0.3666,"angle":-111.7,"curve":"stepped"},{"time":0.4666,"angle":164.87,"curve":"stepped"},{"time":0.5333,"angle":73.43,"curve":"stepped"},{"time":0.6666,"angle":8.88,"curve":"stepped"},{"time":0.9666,"angle":0,"curve":[0.044,0.84,0.323,1]},{"time":1.5,"angle":-34.89,"curve":[0.25,0,0.75,1]},{"time":1.5666,"angle":15.7,"curve":"stepped"},{"time":3,"angle":15.7,"curve":"stepped"},{"time":3.1,"angle":-127.96,"curve":"stepped"},{"time":3.2333,"angle":104.03,"curve":"stepped"},{"time":3.3333,"angle":0}],"translate":[{"time":0.2666,"x":27.16,"y":27.16,"curve":[0.225,0.59,0.634,1]},{"time":0.4666,"x":98.05,"y":166.14,"curve":[0.437,0,0.827,0.45]},{"time":0.6666,"x":109.52,"y":131.96,"curve":[0.204,0.82,0.75,1]},{"time":0.9666,"x":-174.94,"y":276.39,"curve":[0.159,0.89,0.441,1]},{"time":1.3666,"x":-263.49,"y":367.94,"curve":[0.717,0,0.867,0.13]},{"time":1.5666,"x":-280,"y":32.71},{"time":1.6333,"x":-280,"y":45.83,"curve":"stepped"},{"time":3,"x":-280,"y":45.83},{"time":3.1333,"x":-199.73,"y":79.82},{"time":3.3333,"x":-149.63,"y":0,"curve":[0.212,0.87,0.75,1]},{"time":3.6333,"x":-124.52,"y":0}],"scale":[{"time":0.9666,"x":1,"y":1}]},"large_sword2":{"rotate":[{"time":0,"angle":0,"curve":"stepped"},{"time":3,"angle":38.91,"curve":[0.25,0,0.75,1]},{"time":3.2333,"angle":10.33,"curve":[0.16,0.44,0.75,1]},{"time":3.7,"angle":0}],"translate":[{"time":0,"x":0,"y":0,"curve":[0.196,0.82,0.75,1]},{"time":0.6666,"x":134.09,"y":-3.64,"curve":"stepped"},{"time":3,"x":-308.86,"y":-23.93,"curve":[0.222,0.64,0.75,1]},{"time":3.7,"x":-124.52,"y":0},{"time":3.9333,"x":-13.86,"y":0}]},"large_sword":{"rotate":[{"time":0.6666,"angle":22.22,"curve":"stepped"},{"time":0.9666,"angle":-147.27,"curve":[0.044,0.84,0.323,1]},{"time":1.3666,"angle":-156.29,"curve":"stepped"},{"time":3,"angle":38.91,"curve":[0.25,0,0.75,1]},{"time":3.2333,"angle":10.33,"curve":[0.16,0.44,0.75,1]},{"time":3.7,"angle":0}],"translate":[{"time":0,"x":0,"y":0,"curve":"stepped"},{"time":0.6666,"x":13.92,"y":-105.99,"curve":"stepped"},{"time":0.9666,"x":-37.1,"y":23.51,"curve":"stepped"},{"time":3,"x":-46.89,"y":-49.92,"curve":[0.562,0,0.75,1]},{"time":3.7,"x":0,"y":0},{"time":3.7666,"x":0,"y":0}],"scale":[{"time":0.9666,"x":0.95,"y":-0.95,"curve":"stepped"},{"time":3,"x":1,"y":1}]},"S2_fire2_1":{"scale":[{"time":0.9666,"x":3.198,"y":3.198}]},"S2_fire2_4":{"scale":[{"time":0.9666,"x":-1.9,"y":3.247}]},"S2_fire2_3":{"scale":[{"time":0.9666,"x":1.976,"y":3.198}]},"S2_fire1":{"scale":[{"time":0.9666,"x":4.251,"y":0.344,"curve":[0.153,0.91,0.566,1]},{"time":1.1333,"x":3.09,"y":4.038,"curve":[0.19,0.57,0.75,1]},{"time":1.5333,"x":3.361,"y":4.493}]},"S2_fire2_2":{"scale":[{"time":0.9666,"x":-3.515,"y":3.269}]},"firesword_root":{"rotate":[{"time":0.9333,"angle":-82.41,"curve":"stepped"},{"time":1.5666,"angle":-15.75}],"translate":[{"time":0.9333,"x":-96.94,"y":131.22,"curve":"stepped"},{"time":1.5666,"x":-253.55,"y":14.05}]},"S2_fire2_5":{"rotate":[{"time":1.5666,"angle":-68.09}],"translate":[{"time":1.5666,"x":-604.25,"y":300.06}],"scale":[{"time":1.5666,"x":3.606,"y":3.184}]},"S2_fire2_6":{"rotate":[{"time":1.5666,"angle":-51.26}],"translate":[{"time":1.5666,"x":-650.03,"y":136.97}],"scale":[{"time":1.5666,"x":4.195,"y":2.491}]},"S2_fire2_7":{"rotate":[{"time":1.5666,"angle":-10.44}],"translate":[{"time":1.5666,"x":-510.81,"y":-46.19}],"scale":[{"time":1.5666,"x":4.661,"y":3.204}]},"DAMAGEAREA":{"translate":[{"time":1.5666,"x":-535.9,"y":193.96}],"scale":[{"time":1.5666,"x":4.022,"y":3.315}]}},"drawOrder":[{"time":0.5666,"offsets":[{"slot":"large_sword","offset":-12}]},{"time":1.5,"offsets":[{"slot":"large_sword","offset":-12}]}],"events":[{"time":0,"name":"Event","float":0.3,"string":"kHitStopType_normal"},{"time":0,"name":"Voice","string":"cri_179_voice_fullarts_now"},{"time":0.0666,"name":"Event","string":"ignoreBorder_true"},{"time":0.2333,"name":"Sound1","string":"cri_se_battle_jump"},{"time":0.3666,"name":"Sound1","string":"cri_se_battle_teleport"},{"time":0.7333,"name":"Event","int":400,"string":"setPosition_Target"},{"time":0.8666,"name":"Sound1","string":"cri_se_scenario_no2_magic"},{"time":1.1,"name":"Sound2","string":"cri_se_battle_033_explosion_element_01"},{"time":1.1,"name":"Sound3","string":"cri_se_battle_skill_swish"},{"time":1.2,"name":"Sound1","string":"cri_se_battle_explosion_short"},{"time":1.2666,"name":"Sound1","string":"cri_se_battle_explosion_short"},{"time":1.3333,"name":"Sound1","string":"cri_se_battle_explosion_short"},{"time":1.4,"name":"Sound2","string":"cri_se_battle_033_explosion_element_01"},{"time":1.4,"name":"Sound3","string":"cri_se_battle_skill_swish"},{"time":1.4666,"name":"Sound1","string":"cri_se_battle_explosion_short"},{"time":1.5333,"name":"Event","float":3,"string":"shakeGround"},{"time":1.5333,"name":"Sound1","string":"cri_se_battle_explosion_short"},{"time":1.5666,"name":"Event","string":"kImpactType_up"},{"time":1.6,"name":"Event","string":"runSkillEffect"},{"time":1.6,"name":"Sound1","string":"cri_se_battle_explosion_short"},{"time":1.6333,"name":"Event","string":"runScript-showSummary"},{"time":1.6666,"name":"Event","float":0.1,"string":"kHitStopType_enemyonly"},{"time":1.7,"name":"Hit","string":"resetHitList"},{"time":1.8,"name":"Hit","string":"resetHitList"},{"time":1.8333,"name":"Sound1","string":"cri_se_battle_skill_elxplosion"},{"time":1.9,"name":"Hit","string":"resetHitList"},{"time":2,"name":"Hit","string":"resetHitList"},{"time":2.1,"name":"Hit","string":"resetHitList"},{"time":2.2,"name":"Hit","string":"resetHitList"},{"time":2.3,"name":"Hit","string":"resetHitList"},{"time":2.3333,"name":"Voice","string":"cri_179_voice_fullarts_rank5"},{"time":2.4,"name":"Hit","string":"resetHitList"},{"time":2.4,"name":"Sound1","string":"cri_se_battle_030_explosion_02"},{"time":2.4,"name":"Sound2","string":"setHitSound(se_battle_explosion_short)"},{"time":2.5,"name":"Hit","string":"resetHitList"},{"time":2.6333,"name":"Hit","string":"resetHitList"},{"time":2.8,"name":"Hit","string":"resetHitList"},{"time":3.0333,"name":"Sound1","string":"cri_se_battle_029_explosion_01"},{"time":3.6,"name":"Event","string":"runScript-chekcHit"}]}}}