{"skeleton":{"hash":"/8490hxnaZf75Wo7M5KB+AoYgSM","spine":"3.0.12","width":700,"height":700},"bones":[{"name":"root"},{"name":"MAIN","parent":"root","y":52.12},{"name":"EF","parent":"root"},{"name":"rionB","parent":"EF"},{"name":"fireA","parent":"EF"}],"slots":[{"name":"rionB","bone":"rionB","attachment":"EF/rionB/idle_rionB_01"},{"name":"fireA","bone":"fireA","attachment":"EF/fireA/idel_fireA_01","blend":"additive"},{"name":"MAIN","bone":"MAIN","attachment":"idle_01"}],"skins":{"default":{"MAIN":{"idle_00":{"x":9.6,"scaleX":2,"scaleY":2,"width":350,"height":350},"idle_01":{"x":9.6,"scaleX":2,"scaleY":2,"width":350,"height":350},"idle_02":{"x":9.6,"scaleX":2,"scaleY":2,"width":350,"height":350},"idle_03":{"x":9.6,"scaleX":2,"scaleY":2,"width":350,"height":350}},"fireA":{"EF/fireA/idel_fireA_00":{"x":9.6,"y":52.12,"scaleX":2,"scaleY":2,"width":350,"height":350},"EF/fireA/idel_fireA_01":{"x":9.6,"y":52.12,"scaleX":2,"scaleY":2,"width":350,"height":350},"EF/fireA/idel_fireA_02":{"x":9.6,"y":52.12,"scaleX":2,"scaleY":2,"width":350,"height":350},"EF/fireA/idel_fireA_03":{"x":9.6,"y":52.12,"scaleX":2,"scaleY":2,"width":350,"height":350}},"rionB":{"EF/rionB/idle_rionB_00":{"x":9.6,"y":52.12,"scaleX":2,"scaleY":2,"width":350,"height":350},"EF/rionB/idle_rionB_01":{"x":9.6,"y":52.12,"scaleX":2,"scaleY":2,"width":350,"height":350},"EF/rionB/idle_rionB_02":{"x":9.6,"y":52.12,"scaleX":2,"scaleY":2,"width":350,"height":350},"EF/rionB/idle_rionB_03":{"x":9.6,"y":52.12,"scaleX":2,"scaleY":2,"width":350,"height":350}}}},"events":{"Event":{},"Event2":{},"Hit":{},"Sound1":{},"Sound2":{},"Sound3":{},"Voice":{}},"animations":{"idle":{"slots":{"MAIN":{"attachment":[{"time":0,"name":"idle_00"},{"time":0.2333,"name":"idle_01"},{"time":0.4666,"name":"idle_02"},{"time":0.7,"name":"idle_03"},{"time":0.9333,"name":"idle_00"},{"time":1.1666,"name":"idle_01"},{"time":1.4,"name":"idle_02"},{"time":1.6333,"name":"idle_03"},{"time":1.8666,"name":"idle_03"}]},"fireA":{"attachment":[{"time":0,"name":"EF/fireA/idel_fireA_00"},{"time":0.2333,"name":"EF/fireA/idel_fireA_01"},{"time":0.4666,"name":"EF/fireA/idel_fireA_02"},{"time":0.7,"name":"EF/fireA/idel_fireA_03"},{"time":0.9333,"name":"EF/fireA/idel_fireA_00"},{"time":1.1666,"name":"EF/fireA/idel_fireA_01"},{"time":1.4,"name":"EF/fireA/idel_fireA_02"},{"time":1.6333,"name":"EF/fireA/idel_fireA_03"},{"time":1.8666,"name":"EF/fireA/idel_fireA_03"}]},"rionB":{"attachment":[{"time":0,"name":"EF/rionB/idle_rionB_00"},{"time":0.2,"name":"EF/rionB/idle_rionB_01"},{"time":0.5,"name":"EF/rionB/idle_rionB_02"},{"time":0.7666,"name":"EF/rionB/idle_rionB_03"},{"time":1,"name":"EF/rionB/idle_rionB_00"},{"time":1.2666,"name":"EF/rionB/idle_rionB_01"},{"time":1.4666,"name":"EF/rionB/idle_rionB_02"},{"time":1.6666,"name":"EF/rionB/idle_rionB_03"},{"time":1.8666,"name":"EF/rionB/idle_rionB_03"}]}}}}}