{"skeleton":{"hash":"/Cy0voESoIDvQcgREj9+VMg0QiM","spine":"3.0.12","width":0,"height":0,"images":"./images3/"},"bones":[{"name":"root"},{"name":"MAIN","parent":"root","y":86,"scaleX":1.1,"scaleY":1.1},{"name":"Ghost3","parent":"root","x":-100.2,"y":111.8,"scaleX":1.1,"scaleY":1.1},{"name":"Ghost2","parent":"root","x":97.48,"y":147.3,"scaleX":1.1,"scaleY":1.1}],"slots":[{"name":"attack1_ghost_1","bone":"Ghost3","attachment":"idol_ghost_0"},{"name":"MAIN","bone":"MAIN","attachment":"idle_0"},{"name":"attack1_ghost_0","bone":"Ghost2","attachment":"idol_ghost_0"}],"skins":{"default":{"MAIN":{"idle_0":{"y":32.33,"width":454,"height":239},"idle_1":{"y":32.33,"width":454,"height":239},"idle_2":{"y":32.33,"width":454,"height":239},"idle_3":{"y":32.33,"width":454,"height":239}},"attack1_ghost_0":{"idol_ghost_0":{"x":19,"y":-24.62,"rotation":-0.22,"width":477,"height":401},"idol_ghost_1":{"x":19.01,"y":-25.09,"width":477,"height":401},"idol_ghost_2":{"x":19.01,"y":-25.09,"width":477,"height":401},"idol_ghost_3":{"x":19.01,"y":-25.09,"width":477,"height":401}},"attack1_ghost_1":{"idol_ghost_0":{"x":19.01,"y":-25.09,"width":477,"height":401},"idol_ghost_1":{"x":19.01,"y":-25.09,"width":477,"height":401},"idol_ghost_2":{"x":19.01,"y":-25.09,"width":477,"height":401},"idol_ghost_3":{"x":19.01,"y":-25.09,"width":477,"height":401}}}},"events":{"Event":{},"Hit":{},"HitEffect":{},"Sound1":{},"Sound2":{},"Sound3":{},"Voice":{}},"animations":{"idle":{"slots":{"MAIN":{"attachment":[{"time":0,"name":"idle_0"},{"time":0.2333,"name":"idle_1"},{"time":0.6,"name":"idle_2"},{"time":0.8666,"name":"idle_3"},{"time":1.1666,"name":"idle_0"}]},"attack1_ghost_0":{"attachment":[{"time":0,"name":"idol_ghost_0"},{"time":0.2333,"name":"idol_ghost_1"},{"time":0.6,"name":"idol_ghost_2"},{"time":0.8666,"name":"idol_ghost_3"},{"time":1.1666,"name":"idol_ghost_0"}]},"attack1_ghost_1":{"attachment":[{"time":0,"name":"idol_ghost_0"},{"time":0.2333,"name":"idol_ghost_1"},{"time":0.6,"name":"idol_ghost_2"},{"time":0.8666,"name":"idol_ghost_3"},{"time":1.1666,"name":"idol_ghost_0"}]}},"bones":{"MAIN":{"translate":[{"time":0,"x":0,"y":-61.86}]},"Ghost2":{"translate":[{"time":0,"x":0,"y":-45.65},{"time":0.6,"x":0,"y":-44.56},{"time":1.1666,"x":0,"y":-45.65}]},"Ghost3":{"translate":[{"time":0,"x":0,"y":-45.65},{"time":0.6,"x":0,"y":-43.36},{"time":1.1666,"x":0,"y":-45.65}]}}}}}