{"skeleton":{"hash":"9GeQH+ZHd/HnNthnEyVGJFIZpC8","spine":"3.0.12","width":0,"height":0,"images":"./images/"},"bones":[{"name":"root"},{"name":"magic_4light","parent":"root","x":718.31,"y":-495.26},{"name":"SHADOW-OFFSET","parent":"root","scaleX":1.2,"scaleY":1.2},{"name":"S1,2_wave3","parent":"root","x":865.24,"y":-497.38},{"name":"S1,2_wave2","parent":"root","x":832.44,"y":-497.38},{"name":"S1,2_wave1","parent":"root","x":796.41,"y":-497.38},{"name":"MAIN","parent":"root","y":65},{"name":"HPBAR","parent":"MAIN","y":102.41},{"name":"HITBOX","parent":"MAIN","y":-10,"scaleY":5},{"name":"EFBoltA2","parent":"root"},{"name":"S1,2_boltA2","parent":"EFBoltA2","x":747.5,"y":95.93,"scaleX":2.6,"scaleY":2.6,"color":"00fff7ff"},{"name":"EFArrowA","parent":"root"},{"name":"AS_arrowA","parent":"EFArrowA","x":246.8,"y":685.7,"color":"000000ff"},{"name":"AS_arrowB1","parent":"AS_arrowA","x":-0.3,"y":-183.9,"rotation":180,"color":"000000ff"},{"name":"DAMAGEAREA","parent":"root"}],"slots":[{"name":"grid/nounit(0.88)","bone":"root","color":"ffffff78"},{"name":"grid/grid","bone":"root","color":"ffffff95"},{"name":"EF/magic_4light","bone":"magic_4light","blend":"additive"},{"name":"S1,2_wave1","bone":"S1,2_wave1","blend":"additive"},{"name":"S1,2_wave2","bone":"S1,2_wave2","blend":"additive"},{"name":"S1,2_wave3","bone":"S1,2_wave3","blend":"additive"},{"name":"EF/480_S1_arrow1/480_S1_arrow1_00038","bone":"AS_arrowA","blend":"additive"},{"name":"EF/480_S1_arrow2/480_S1_arrow2_00040","bone":"AS_arrowB1","blend":"additive"},{"name":"EF/580_S2_bolt1/580_S2_bolt1_00001","bone":"S1,2_boltA2","blend":"additive"},{"name":"MAIN","bone":"MAIN","attachment":"idle_00"},{"name":"DAMAGEAREA","bone":"DAMAGEAREA"},{"name":"HITBOX","bone":"HITBOX","attachment":"HITBOX"}],"skins":{"default":{"DAMAGEAREA":{"DAMAGEAREA":{"type":"boundingbox","vertices":[-64.46512,-64.51361,62.13484,-61.98161,61.29083,52.80237,-63.62112,53.64641,0,0,0,0,0,0,0,0]}},"EF/480_S1_arrow1/480_S1_arrow1_00038":{"EF/480_S1_arrow1/480_S1_arrow1_00038":{"x":-0.3,"y":-5.4,"width":225,"height":225}},"EF/480_S1_arrow2/480_S1_arrow2_00040":{"EF/480_S1_arrow2/480_S1_arrow2_00040":{"x":3.5,"y":14.19,"width":337,"height":450}},"EF/580_S2_bolt1/580_S2_bolt1_00001":{"EF/580_S2_bolt1/580_S2_bolt1_00001":{"x":1.76,"y":78.25,"width":225,"height":225},"EF/580_S2_bolt1/580_S2_bolt1_00002":{"x":1.76,"y":78.25,"width":225,"height":225},"EF/580_S2_bolt1/580_S2_bolt1_00003":{"x":1.76,"y":78.25,"width":225,"height":225},"EF/580_S2_bolt1/580_S2_bolt1_00004":{"x":1.76,"y":78.25,"width":225,"height":225},"EF/580_S2_bolt1/580_S2_bolt1_00005":{"x":1.76,"y":78.25,"width":225,"height":225}},"EF/magic_4light":{"EF/magic_4light":{"type":"mesh","uvs":[1,1,0,1,0,0,1,0],"triangles":[1,2,3,1,3,0],"vertices":[106.98,-106.19,-106.01,-106.19,-106.01,106.8,106.98,106.8],"hull":4,"edges":[0,2,2,4,4,6,0,6],"width":213,"height":213}},"HITBOX":{"HITBOX":{"type":"boundingbox","vertices":[-40.1288,13.51209,-38.55482,-8.99608,54.31113,-9.15348,51.16315,13.5121,0,0,0,0,0,0,0,0]}},"MAIN":{"attack1_00":{"x":6,"y":3,"width":500,"height":500},"attack1_01":{"x":6,"y":3,"width":500,"height":500},"attack1_02":{"x":6,"y":3,"width":500,"height":500},"attack1_03":{"x":6,"y":3,"width":500,"height":500},"attack1_04":{"x":6,"y":3,"width":500,"height":500},"attack1_05":{"x":6,"y":3,"width":500,"height":500},"attack1_06":{"x":6,"y":3,"width":500,"height":500},"attack1_07":{"x":20,"width":500,"height":500},"attack1_08":{"x":20,"width":500,"height":500},"attack1_09":{"x":20,"width":500,"height":500},"attack1_10":{"x":20,"width":500,"height":500},"attack1_11":{"x":20,"width":500,"height":500},"attack1_12":{"x":20,"width":500,"height":500},"attack1_13":{"x":20,"width":500,"height":500},"attack1_14":{"x":15,"y":7,"width":500,"height":500},"attack1_15":{"x":15,"y":7,"width":500,"height":500},"attack1_16":{"x":15,"y":7,"width":500,"height":500},"attack1_17":{"x":15.38,"y":7,"width":500,"height":500},"attack1_18":{"x":15,"y":7,"width":500,"height":500},"attack1_19":{"x":15,"y":7,"width":500,"height":500},"attack1_20":{"x":15,"y":7,"width":500,"height":500},"back_00":{"x":19,"y":7,"width":500,"height":500},"damage_00":{"x":17,"y":17,"width":500,"height":500},"front_00":{"x":15,"y":10,"width":500,"height":500},"idle_00":{"x":25,"y":7,"width":500,"height":500},"idle_01":{"x":25,"y":7,"width":500,"height":500},"idle_02":{"x":25,"y":7,"width":500,"height":500},"idle_03":{"x":25,"y":7,"width":500,"height":500},"skill1_00":{"x":-24,"y":12,"width":500,"height":500},"skill1_01":{"x":-24,"y":12,"width":500,"height":500},"skill1_02":{"x":-24,"y":12.4,"width":500,"height":500},"skill1_03":{"y":10,"width":500,"height":500},"skill1_04":{"x":64,"y":8,"width":500,"height":500},"skill1_05":{"x":64,"y":8,"width":500,"height":500}},"S1,2_wave1":{"EF/130_S1_wave1/130_S1_wave1_00000":{"x":1.41,"y":13.74,"width":250,"height":250},"EF/130_S1_wave1/130_S1_wave1_00001":{"x":1.41,"y":13.74,"width":250,"height":250},"EF/130_S1_wave1/130_S1_wave1_00002":{"x":1.41,"y":13.74,"width":250,"height":250},"EF/130_S1_wave1/130_S1_wave1_00003":{"x":1.41,"y":13.74,"width":250,"height":250},"EF/130_S1_wave1/130_S1_wave1_00004":{"x":1.41,"y":13.74,"width":250,"height":250},"EF/130_S1_wave1/130_S1_wave1_00005":{"x":1.41,"y":13.74,"width":250,"height":250},"EF/130_S1_wave1/130_S1_wave1_00006":{"x":1.41,"y":13.74,"width":250,"height":250},"EF/130_S1_wave1/130_S1_wave1_00007":{"x":1.41,"y":13.74,"width":250,"height":250},"EF/130_S1_wave1/130_S1_wave1_00008":{"x":1.41,"y":13.74,"width":250,"height":250},"EF/130_S1_wave1/130_S1_wave1_00009":{"x":1.41,"y":13.74,"width":250,"height":250}},"S1,2_wave2":{"EF/130_S1_wave1/130_S1_wave1_00000":{"x":1.41,"y":13.74,"width":250,"height":250},"EF/130_S1_wave1/130_S1_wave1_00001":{"x":1.41,"y":13.74,"width":250,"height":250},"EF/130_S1_wave1/130_S1_wave1_00002":{"x":1.41,"y":13.74,"width":250,"height":250},"EF/130_S1_wave1/130_S1_wave1_00003":{"x":1.41,"y":13.74,"width":250,"height":250},"EF/130_S1_wave1/130_S1_wave1_00004":{"x":1.41,"y":13.74,"width":250,"height":250},"EF/130_S1_wave1/130_S1_wave1_00005":{"x":1.41,"y":13.74,"width":250,"height":250},"EF/130_S1_wave1/130_S1_wave1_00006":{"x":1.41,"y":13.74,"width":250,"height":250},"EF/130_S1_wave1/130_S1_wave1_00007":{"x":1.41,"y":13.74,"width":250,"height":250},"EF/130_S1_wave1/130_S1_wave1_00008":{"x":1.41,"y":13.74,"width":250,"height":250},"EF/130_S1_wave1/130_S1_wave1_00009":{"x":1.41,"y":13.74,"width":250,"height":250}},"S1,2_wave3":{"EF/130_S1_wave1/130_S1_wave1_00000":{"x":1.41,"y":13.74,"width":250,"height":250},"EF/130_S1_wave1/130_S1_wave1_00001":{"x":1.41,"y":13.74,"width":250,"height":250},"EF/130_S1_wave1/130_S1_wave1_00002":{"x":1.41,"y":13.74,"width":250,"height":250},"EF/130_S1_wave1/130_S1_wave1_00003":{"x":1.41,"y":13.74,"width":250,"height":250},"EF/130_S1_wave1/130_S1_wave1_00004":{"x":1.41,"y":13.74,"width":250,"height":250},"EF/130_S1_wave1/130_S1_wave1_00005":{"x":1.41,"y":13.74,"width":250,"height":250},"EF/130_S1_wave1/130_S1_wave1_00006":{"x":1.41,"y":13.74,"width":250,"height":250},"EF/130_S1_wave1/130_S1_wave1_00007":{"x":1.41,"y":13.74,"width":250,"height":250},"EF/130_S1_wave1/130_S1_wave1_00008":{"x":1.41,"y":13.74,"width":250,"height":250},"EF/130_S1_wave1/130_S1_wave1_00009":{"x":1.41,"y":13.74,"width":250,"height":250}}}},"events":{"Event":{},"Hit":{},"Sound1":{},"Sound2":{},"Sound3":{},"Voice":{}},"animations":{"attack1":{"slots":{"DAMAGEAREA":{"attachment":[{"time":0.7,"name":"DAMAGEAREA"},{"time":0.7333,"name":null},{"time":1.3333,"name":"DAMAGEAREA"},{"time":1.3666,"name":null},{"time":1.7,"name":"DAMAGEAREA"},{"time":1.7333,"name":null}]},"EF/480_S1_arrow1/480_S1_arrow1_00038":{"attachment":[{"time":0.0666,"name":"EF/480_S1_arrow1/480_S1_arrow1_00038"},{"time":0.7333,"name":null}]},"EF/480_S1_arrow2/480_S1_arrow2_00040":{"attachment":[{"time":0.0666,"name":"EF/480_S1_arrow2/480_S1_arrow2_00040"},{"time":0.7333,"name":null}]},"EF/580_S2_bolt1/580_S2_bolt1_00001":{"attachment":[{"time":0.0666,"name":"EF/580_S2_bolt1/580_S2_bolt1_00001"},{"time":0.1,"name":"EF/580_S2_bolt1/580_S2_bolt1_00002"},{"time":0.1333,"name":"EF/580_S2_bolt1/580_S2_bolt1_00003"},{"time":0.1666,"name":"EF/580_S2_bolt1/580_S2_bolt1_00001"},{"time":0.2,"name":"EF/580_S2_bolt1/580_S2_bolt1_00002"},{"time":0.2333,"name":"EF/580_S2_bolt1/580_S2_bolt1_00003"},{"time":0.2666,"name":"EF/580_S2_bolt1/580_S2_bolt1_00004"},{"time":0.3,"name":"EF/580_S2_bolt1/580_S2_bolt1_00005"},{"time":0.3333,"name":"EF/580_S2_bolt1/580_S2_bolt1_00001"},{"time":0.3666,"name":"EF/580_S2_bolt1/580_S2_bolt1_00002"},{"time":0.4,"name":"EF/580_S2_bolt1/580_S2_bolt1_00003"},{"time":0.4333,"name":"EF/580_S2_bolt1/580_S2_bolt1_00004"},{"time":0.4666,"name":"EF/580_S2_bolt1/580_S2_bolt1_00005"},{"time":0.5,"name":"EF/580_S2_bolt1/580_S2_bolt1_00001"},{"time":0.5333,"name":"EF/580_S2_bolt1/580_S2_bolt1_00002"},{"time":0.5666,"name":"EF/580_S2_bolt1/580_S2_bolt1_00003"},{"time":0.6,"name":"EF/580_S2_bolt1/580_S2_bolt1_00004"},{"time":0.6333,"name":"EF/580_S2_bolt1/580_S2_bolt1_00005"},{"time":0.6666,"name":"EF/580_S2_bolt1/580_S2_bolt1_00001"},{"time":0.7,"name":"EF/580_S2_bolt1/580_S2_bolt1_00002"},{"time":0.7333,"name":null}]},"MAIN":{"attachment":[{"time":0,"name":"idle_00"},{"time":0.0666,"name":"attack1_00"},{"time":0.2,"name":"attack1_01"},{"time":0.4,"name":"attack1_02"},{"time":0.7,"name":"attack1_03"},{"time":0.7333,"name":"attack1_04"},{"time":0.8,"name":"attack1_05"},{"time":0.8666,"name":"attack1_06"},{"time":1.1333,"name":"attack1_07"},{"time":1.2,"name":"attack1_08"},{"time":1.2666,"name":"attack1_09"},{"time":1.3333,"name":"attack1_10"},{"time":1.3666,"name":"attack1_11"},{"time":1.4333,"name":"attack1_12"},{"time":1.5,"name":"attack1_13"},{"time":1.5333,"name":"attack1_14"},{"time":1.6,"name":"attack1_15"},{"time":1.6666,"name":"attack1_16"},{"time":1.7,"name":"attack1_17"},{"time":1.7333,"name":"attack1_18"},{"time":1.8,"name":"attack1_19"},{"time":1.8666,"name":"attack1_20"},{"time":2,"name":"attack1_20"}]}},"bones":{"MAIN":{"translate":[{"time":0,"x":0,"y":0,"curve":"stepped"},{"time":0.7,"x":0,"y":0,"curve":[0.218,0.38,0.75,1]},{"time":0.8,"x":5,"y":0,"curve":"stepped"},{"time":1.1333,"x":5,"y":17.48,"curve":"stepped"},{"time":1.3333,"x":5,"y":17.48,"curve":[0.222,0.45,0.75,1]},{"time":1.4333,"x":10,"y":17.48,"curve":"stepped"},{"time":1.5333,"x":10,"y":0,"curve":"stepped"},{"time":1.7,"x":10,"y":0,"curve":[0.25,0,0.75,1]},{"time":1.8,"x":15,"y":0}]},"DAMAGEAREA":{"translate":[{"time":0.7,"x":-542.14,"y":55.3,"curve":"stepped"},{"time":1.3333,"x":-558.45,"y":79.26,"curve":"stepped"},{"time":1.7,"x":-545.4,"y":55.3}],"scale":[{"time":0.7,"x":9.479,"y":0.783,"curve":"stepped"},{"time":1.3333,"x":9.479,"y":0.783,"curve":"stepped"},{"time":1.7,"x":9.479,"y":0.783}]},"S1,2_boltA2":{"rotate":[{"time":0.0666,"angle":-89.22}],"translate":[{"time":0.0666,"x":-938.79,"y":-11.86,"curve":[0.231,0.41,0.674,0.88]},{"time":0.6666,"x":-932.27,"y":-11.77,"curve":[0.383,0.62,0.73,1]},{"time":0.7,"x":-1589.46,"y":-16.66,"curve":[0.214,0.43,0.75,1]},{"time":0.7333,"x":-1896.06,"y":-16.64}],"scale":[{"time":0.0666,"x":0.637,"y":0.637,"curve":"stepped"},{"time":0.3333,"x":0.637,"y":0.637,"curve":[0.25,0,0.796,0.25]},{"time":0.7333,"x":1.388,"y":1.388}]},"AS_arrowA":{"rotate":[{"time":0.0666,"angle":90.21}],"translate":[{"time":0.0666,"x":-444.52,"y":-602.58,"curve":[0.225,0.43,0.75,1]},{"time":0.6666,"x":-424.5,"y":-602.51,"curve":[0.212,0.45,0.75,1]},{"time":0.7333,"x":-1400,"y":-606.06}]},"AS_arrowB1":{"translate":[{"time":0.6666,"x":0,"y":0}],"scale":[{"time":0.6666,"x":1,"y":1}]},"SHADOW-OFFSET":{"translate":[{"time":0.0666,"x":-15.55,"y":0,"curve":"stepped"},{"time":1.1333,"x":0,"y":0}],"scale":[{"time":0.0666,"x":1.041,"y":1,"curve":"stepped"},{"time":1.1333,"x":1,"y":1}]}},"events":[{"time":0.0666,"name":"Voice","string":"cri_064_voice_attack_random"},{"time":0.6333,"name":"Event","float":0.05,"string":"kHitStopType_normal"},{"time":0.7,"name":"Event","float":0.1,"string":"shakeGround_Loop"},{"time":0.7,"name":"Sound1","string":"cri_se_battle_gun_burst"},{"time":0.7,"name":"Sound2","string":"cri_se_battle_spark"},{"time":1.3333,"name":"Event","float":0.03,"string":"kHitStopType_normal"},{"time":1.3333,"name":"Hit","float":0.5,"string":"resetHitList"},{"time":1.3333,"name":"Sound1","string":"cri_se_battle_gun_burst"},{"time":1.3333,"name":"Sound2","string":"cri_se_battle_spark"},{"time":1.3333,"name":"Voice","string":"cri_064_voice_attack_c"},{"time":1.7,"name":"Hit","float":0.5,"string":"resetHitList"},{"time":1.7,"name":"Sound1","string":"cri_se_battle_gun_burst"},{"time":1.7,"name":"Sound2","string":"cri_se_battle_spark"}]},"back":{"slots":{"MAIN":{"attachment":[{"time":0,"name":"back_00"},{"time":0.2666,"name":"idle_00"},{"time":0.4,"name":"idle_01"},{"time":0.5333,"name":"idle_02"},{"time":0.6666,"name":"idle_03"},{"time":0.8,"name":"idle_00"}]}},"bones":{"MAIN":{"translate":[{"time":0,"x":0,"y":10,"curve":[0.223,0.32,0.596,0.69]},{"time":0.1333,"x":82.5,"y":15,"curve":[0.352,0.57,0.739,1]},{"time":0.3,"x":130,"y":0,"curve":[0.25,0,0.75,1]},{"time":0.4666,"x":140,"y":0}]}},"events":[{"time":0,"name":"Sound1","string":"cri_se_battle_jump"},{"time":0.2666,"name":"Sound1","string":"cri_se_battle_landing"}]},"cast":{"slots":{"MAIN":{"attachment":[{"time":0,"name":"attack1_14"},{"time":0.1,"name":"attack1_15"},{"time":0.2333,"name":"attack1_16"},{"time":0.5,"name":"attack1_17"},{"time":0.5333,"name":"attack1_18"},{"time":0.6,"name":"attack1_19"},{"time":0.7,"name":"attack1_20"},{"time":1,"name":"attack1_20"}]}},"events":[{"time":0.5,"name":"Voice","string":"cri_064_voice_item"}]},"damage":{"slots":{"MAIN":{"attachment":[{"time":0,"name":"damage_00"}]}}},"front":{"slots":{"MAIN":{"attachment":[{"time":0,"name":"front_00"}]}}},"idle":{"slots":{"MAIN":{"attachment":[{"time":0,"name":"idle_00"},{"time":0.2333,"name":"idle_01"},{"time":0.4666,"name":"idle_02"},{"time":0.7,"name":"idle_03"},{"time":0.9333,"name":"idle_00"}]}},"bones":{"SHADOW-OFFSET":{"translate":[{"time":0,"x":8.3,"y":0}]}}},"skill1":{"slots":{"DAMAGEAREA":{"attachment":[{"time":0.4666,"name":"DAMAGEAREA"},{"time":0.7333,"name":null},{"time":1.0333,"name":"DAMAGEAREA"},{"time":1.1333,"name":null},{"time":1.5666,"name":"DAMAGEAREA"},{"time":1.6333,"name":null}]},"EF/480_S1_arrow1/480_S1_arrow1_00038":{"attachment":[{"time":0.9,"name":"EF/480_S1_arrow1/480_S1_arrow1_00038"}]},"MAIN":{"attachment":[{"time":0.1333,"name":"skill1_00"},{"time":0.1666,"name":"skill1_01"},{"time":0.2333,"name":"skill1_02"},{"time":0.4333,"name":"skill1_03"},{"time":0.5,"name":"skill1_04"},{"time":0.5666,"name":"skill1_05"},{"time":0.9,"name":"attack1_00"},{"time":0.9333,"name":"attack1_01"},{"time":0.9666,"name":"attack1_02"},{"time":1.0333,"name":"attack1_03"},{"time":1.1,"name":"attack1_04"},{"time":1.1666,"name":"attack1_05"},{"time":1.2333,"name":"attack1_06"},{"time":1.2666,"name":"back_00"},{"time":1.3666,"name":"attack1_14"},{"time":1.4666,"name":"attack1_15"},{"time":1.5,"name":"attack1_16"},{"time":1.5333,"name":"attack1_17"},{"time":1.6,"name":"attack1_18"},{"time":1.7,"name":"attack1_19"},{"time":1.7666,"name":"attack1_20"},{"time":1.9333,"name":"skill1_00"}]}},"bones":{"MAIN":{"translate":[{"time":0.1,"x":0,"y":0},{"time":0.2666,"x":-15,"y":0,"curve":"stepped"},{"time":0.4,"x":-15,"y":0,"curve":[0.212,0.53,0.695,1]},{"time":0.4666,"x":-160,"y":0,"curve":[0.22,0.38,0.75,1]},{"time":0.5666,"x":-190,"y":0,"curve":[0.204,0.4,0.75,1]},{"time":0.8333,"x":-198.59,"y":0,"curve":"stepped"},{"time":0.9,"x":-190,"y":0,"curve":"stepped"},{"time":0.9666,"x":-191.16,"y":0,"curve":"stepped"},{"time":1.0333,"x":-182.21,"y":0},{"time":1.2333,"x":-168.24,"y":0,"curve":"stepped"},{"time":1.2666,"x":-182.21,"y":0},{"time":1.3666,"x":-20,"y":0,"curve":[0.227,0.42,0.75,1]},{"time":1.4666,"x":0,"y":0,"curve":"stepped"},{"time":1.5333,"x":0,"y":0,"curve":[0.206,0.44,0.75,1]},{"time":1.6,"x":15,"y":0},{"time":1.7,"x":22.95,"y":0}]},"DAMAGEAREA":{"translate":[{"time":0.4666,"x":-143.45,"y":56.72},{"time":0.6,"x":-218.29,"y":89.11,"curve":"stepped"},{"time":1.0333,"x":-318.04,"y":67.55,"curve":"stepped"},{"time":1.1,"x":-691.13,"y":53.43,"curve":"stepped"},{"time":1.5666,"x":-367.88,"y":84.48},{"time":1.6,"x":-549.38,"y":84.48}],"scale":[{"time":0.4666,"x":1.981,"y":1.091},{"time":0.6,"x":1.832,"y":1.555,"curve":"stepped"},{"time":1.0333,"x":1.722,"y":1.326,"curve":"stepped"},{"time":1.1,"x":8.561,"y":1.074,"curve":"stepped"},{"time":1.5666,"x":6.974,"y":0.963},{"time":1.6,"x":9.107,"y":1.351}]},"AS_arrowA":{"rotate":[{"time":0.9,"angle":90.21}],"translate":[{"time":0.9,"x":-598.96,"y":-598.91},{"time":1.0333,"x":-586.93,"y":-598.91,"curve":"stepped"},{"time":1.0666,"x":-652.77,"y":-598.91},{"time":1.1333,"x":-1867.23,"y":-598.91}],"scale":[{"time":0.9,"x":1.196,"y":1.196}]},"SHADOW-OFFSET":{"scale":[{"time":0.9,"x":1.041,"y":1,"curve":"stepped"},{"time":1.2666,"x":1,"y":1}]}},"events":[{"time":0,"name":"Event","string":"setHitEffect(hit04d,1,1,1)"},{"time":0.3333,"name":"Event","float":0.1,"string":"setForceImpact(1)"},{"time":0.4,"name":"Event","float":0.3,"string":"kHitStopType_normal"},{"time":0.4333,"name":"Event","int":400,"string":"kImpactType_knock"},{"time":0.4666,"name":"Event","float":0.1,"string":"shakeGround_Loop"},{"time":0.5,"name":"Sound2","string":"cri_se_battle_monster_hit"},{"time":0.5,"name":"Voice","string":"cri_064_voice_skill_all"},{"time":0.7333,"name":"Event","float":0.1,"string":"setForceImpact(1)"},{"time":0.8666,"name":"Event","string":"setHitEffect(hit06b,1,2,0)"},{"time":0.9666,"name":"Event","float":0.1,"string":"kHitStopType_normal"},{"time":1,"name":"Event","int":1,"string":"kImpactType_normal"},{"time":1.0333,"name":"Event","float":0.1,"string":"shakeGround_Loop"},{"time":1.0333,"name":"Sound1","string":"cri_se_battle_hard_hit"},{"time":1.0333,"name":"Sound2","string":"cri_se_battle_gun_burst"},{"time":1.1,"name":"Hit","float":2,"string":"resetHitList"},{"time":1.5,"name":"Event","float":0.15,"string":"kHitStopType_normal"},{"time":1.5333,"name":"Event","float":0.3,"string":"shakeGround_Loop"},{"time":1.5333,"name":"Sound1","string":"cri_se_battle_spark_rise"},{"time":1.5333,"name":"Sound2","string":"cri_se_battle_gun_burst"},{"time":1.5666,"name":"Hit","float":2,"string":"resetHitList"},{"time":1.6,"name":"Hit","float":2,"string":"resetHitList"}]},"skill2":{"slots":{"DAMAGEAREA":{"attachment":[{"time":0.9666,"name":"DAMAGEAREA"},{"time":1.0333,"name":null},{"time":1.3,"name":"DAMAGEAREA"},{"time":1.4,"name":null},{"time":1.6333,"name":"DAMAGEAREA"},{"time":1.7333,"name":null},{"time":3.3333,"name":"DAMAGEAREA"},{"time":3.7666,"name":null}]},"EF/magic_4light":{"attachment":[{"time":0.1666,"name":"EF/magic_4light"}],"color":[{"time":1.9333,"color":"ffffffff"},{"time":2.2333,"color":"ffffff00"}]},"MAIN":{"attachment":[{"time":0,"name":"idle_00"},{"time":0.1333,"name":"attack1_07"},{"time":0.4,"name":"attack1_08"},{"time":0.6,"name":"attack1_09"},{"time":0.9,"name":"attack1_10"},{"time":0.9666,"name":"attack1_11"},{"time":1.0333,"name":"attack1_12"},{"time":1.0666,"name":"attack1_13"},{"time":1.1,"name":"attack1_14"},{"time":1.1333,"name":"attack1_15"},{"time":1.2,"name":"attack1_16"},{"time":1.2666,"name":"attack1_17"},{"time":1.3333,"name":"attack1_18"},{"time":1.4,"name":"attack1_19"},{"time":1.4333,"name":"attack1_20"},{"time":1.4666,"name":"attack1_00"},{"time":1.5,"name":"attack1_01"},{"time":1.5666,"name":"attack1_02"},{"time":1.6,"name":"attack1_03"},{"time":1.6666,"name":"attack1_04"},{"time":1.7333,"name":"attack1_05"},{"time":1.8,"name":"attack1_06"},{"time":1.8666,"name":"back_00"},{"time":2.0333,"name":"attack1_14"},{"time":2.4,"name":"attack1_15"},{"time":2.9333,"name":"attack1_16"},{"time":3.3333,"name":"attack1_17"},{"time":3.4,"name":"attack1_18"},{"time":3.4666,"name":"attack1_19"},{"time":3.5333,"name":"attack1_18"},{"time":3.6,"name":"attack1_19"},{"time":3.6666,"name":"attack1_18"},{"time":3.7333,"name":"attack1_19"},{"time":3.8,"name":"attack1_18"},{"time":3.8666,"name":"attack1_19"},{"time":3.9333,"name":"attack1_20"},{"time":4.7333,"name":"attack1_20"}]},"S1,2_wave1":{"attachment":[{"time":0.1666,"name":"EF/130_S1_wave1/130_S1_wave1_00000"},{"time":0.2,"name":"EF/130_S1_wave1/130_S1_wave1_00001"},{"time":0.2333,"name":"EF/130_S1_wave1/130_S1_wave1_00002"},{"time":0.2666,"name":"EF/130_S1_wave1/130_S1_wave1_00003"},{"time":0.3,"name":"EF/130_S1_wave1/130_S1_wave1_00004"},{"time":0.3333,"name":"EF/130_S1_wave1/130_S1_wave1_00005"},{"time":0.3666,"name":"EF/130_S1_wave1/130_S1_wave1_00006"},{"time":0.4,"name":"EF/130_S1_wave1/130_S1_wave1_00007"},{"time":0.4333,"name":"EF/130_S1_wave1/130_S1_wave1_00008"},{"time":0.4666,"name":"EF/130_S1_wave1/130_S1_wave1_00009"},{"time":0.9,"name":"EF/130_S1_wave1/130_S1_wave1_00000"},{"time":0.9333,"name":"EF/130_S1_wave1/130_S1_wave1_00001"},{"time":0.9666,"name":"EF/130_S1_wave1/130_S1_wave1_00002"},{"time":1,"name":"EF/130_S1_wave1/130_S1_wave1_00003"},{"time":1.0333,"name":"EF/130_S1_wave1/130_S1_wave1_00004"},{"time":1.0666,"name":"EF/130_S1_wave1/130_S1_wave1_00005"},{"time":1.1,"name":"EF/130_S1_wave1/130_S1_wave1_00006"},{"time":1.1333,"name":"EF/130_S1_wave1/130_S1_wave1_00007"},{"time":1.1666,"name":"EF/130_S1_wave1/130_S1_wave1_00008"},{"time":1.2,"name":"EF/130_S1_wave1/130_S1_wave1_00009"},{"time":1.6,"name":"EF/130_S1_wave1/130_S1_wave1_00000"},{"time":1.6333,"name":"EF/130_S1_wave1/130_S1_wave1_00001"},{"time":1.6666,"name":"EF/130_S1_wave1/130_S1_wave1_00002"},{"time":1.7,"name":"EF/130_S1_wave1/130_S1_wave1_00003"},{"time":1.7333,"name":"EF/130_S1_wave1/130_S1_wave1_00004"},{"time":1.7666,"name":"EF/130_S1_wave1/130_S1_wave1_00005"},{"time":1.8,"name":"EF/130_S1_wave1/130_S1_wave1_00006"},{"time":1.8333,"name":"EF/130_S1_wave1/130_S1_wave1_00007"},{"time":1.8666,"name":"EF/130_S1_wave1/130_S1_wave1_00008"},{"time":1.9,"name":"EF/130_S1_wave1/130_S1_wave1_00009"},{"time":3.3666,"name":"EF/130_S1_wave1/130_S1_wave1_00000"},{"time":3.4,"name":"EF/130_S1_wave1/130_S1_wave1_00001"},{"time":3.4333,"name":"EF/130_S1_wave1/130_S1_wave1_00002"},{"time":3.4666,"name":"EF/130_S1_wave1/130_S1_wave1_00003"},{"time":3.5,"name":"EF/130_S1_wave1/130_S1_wave1_00004"},{"time":3.5333,"name":"EF/130_S1_wave1/130_S1_wave1_00005"},{"time":3.5666,"name":"EF/130_S1_wave1/130_S1_wave1_00006"},{"time":3.6,"name":"EF/130_S1_wave1/130_S1_wave1_00007"},{"time":3.6333,"name":"EF/130_S1_wave1/130_S1_wave1_00008"},{"time":3.6666,"name":"EF/130_S1_wave1/130_S1_wave1_00009"}],"color":[{"time":0.4666,"color":"ffffffff"},{"time":0.5666,"color":"ffffff00","curve":"stepped"},{"time":0.9,"color":"ffffffff","curve":"stepped"},{"time":1.2,"color":"ffffffff"},{"time":1.3,"color":"ffffff00","curve":"stepped"},{"time":1.6,"color":"ffffffff","curve":"stepped"},{"time":1.9,"color":"ffffffff"},{"time":2,"color":"ffffff00","curve":"stepped"},{"time":3.3666,"color":"ffffffff","curve":"stepped"},{"time":3.6666,"color":"ffffffff"},{"time":3.7666,"color":"ffffff00"}]},"S1,2_wave2":{"attachment":[{"time":1.2666,"name":"EF/130_S1_wave1/130_S1_wave1_00000"},{"time":1.3,"name":"EF/130_S1_wave1/130_S1_wave1_00001"},{"time":1.3333,"name":"EF/130_S1_wave1/130_S1_wave1_00002"},{"time":1.3666,"name":"EF/130_S1_wave1/130_S1_wave1_00003"},{"time":1.4,"name":"EF/130_S1_wave1/130_S1_wave1_00004"},{"time":1.4333,"name":"EF/130_S1_wave1/130_S1_wave1_00005"},{"time":1.4666,"name":"EF/130_S1_wave1/130_S1_wave1_00006"},{"time":1.5,"name":"EF/130_S1_wave1/130_S1_wave1_00007"},{"time":1.5333,"name":"EF/130_S1_wave1/130_S1_wave1_00008"},{"time":1.5666,"name":"EF/130_S1_wave1/130_S1_wave1_00009"},{"time":3.5333,"name":"EF/130_S1_wave1/130_S1_wave1_00000"},{"time":3.5666,"name":"EF/130_S1_wave1/130_S1_wave1_00001"},{"time":3.6,"name":"EF/130_S1_wave1/130_S1_wave1_00002"},{"time":3.6333,"name":"EF/130_S1_wave1/130_S1_wave1_00003"},{"time":3.6666,"name":"EF/130_S1_wave1/130_S1_wave1_00004"},{"time":3.7,"name":"EF/130_S1_wave1/130_S1_wave1_00005"},{"time":3.7333,"name":"EF/130_S1_wave1/130_S1_wave1_00006"},{"time":3.7666,"name":"EF/130_S1_wave1/130_S1_wave1_00007"},{"time":3.8,"name":"EF/130_S1_wave1/130_S1_wave1_00008"},{"time":3.8333,"name":"EF/130_S1_wave1/130_S1_wave1_00009"}],"color":[{"time":1.2666,"color":"ffffffff","curve":"stepped"},{"time":1.5666,"color":"ffffffff"},{"time":1.6666,"color":"ffffff00","curve":"stepped"},{"time":3.5333,"color":"ffffffff","curve":"stepped"},{"time":3.8333,"color":"ffffffff"},{"time":3.9333,"color":"ffffff00"}]},"S1,2_wave3":{"attachment":[{"time":3.7,"name":"EF/130_S1_wave1/130_S1_wave1_00000"},{"time":3.7333,"name":"EF/130_S1_wave1/130_S1_wave1_00001"},{"time":3.7666,"name":"EF/130_S1_wave1/130_S1_wave1_00002"},{"time":3.8,"name":"EF/130_S1_wave1/130_S1_wave1_00003"},{"time":3.8333,"name":"EF/130_S1_wave1/130_S1_wave1_00004"},{"time":3.8666,"name":"EF/130_S1_wave1/130_S1_wave1_00005"},{"time":3.9,"name":"EF/130_S1_wave1/130_S1_wave1_00006"},{"time":3.9333,"name":"EF/130_S1_wave1/130_S1_wave1_00007"},{"time":3.9666,"name":"EF/130_S1_wave1/130_S1_wave1_00008"},{"time":4,"name":"EF/130_S1_wave1/130_S1_wave1_00009"}],"color":[{"time":3.7,"color":"ffffffff","curve":"stepped"},{"time":4,"color":"ffffffff"},{"time":4.1,"color":"ffffff00"}]}},"bones":{"MAIN":{"translate":[{"time":0,"x":0,"y":0,"curve":"stepped"},{"time":0.1333,"x":0,"y":16.84,"curve":"stepped"},{"time":0.9,"x":0,"y":16.84,"curve":[0.23,0.45,0.75,1]},{"time":0.9666,"x":18.68,"y":16.84},{"time":1,"x":21.98,"y":16.84},{"time":1.0333,"x":18.68,"y":16.84,"curve":"stepped"},{"time":1.1,"x":18.68,"y":0,"curve":"stepped"},{"time":1.2666,"x":18.68,"y":0,"curve":[0.229,0.4,0.75,1]},{"time":1.3333,"x":30.61,"y":0},{"time":1.4,"x":36.19,"y":0,"curve":"stepped"},{"time":1.6333,"x":36.19,"y":0,"curve":[0.221,0.47,0.75,1]},{"time":1.7,"x":43.18,"y":0},{"time":1.7666,"x":50.31,"y":0,"curve":"stepped"},{"time":1.9,"x":50.31,"y":0},{"time":1.9666,"x":92.6,"y":10.08},{"time":2.0333,"x":156.03,"y":0},{"time":2.1333,"x":172.41,"y":0},{"time":2.4666,"x":181.74,"y":0,"curve":"stepped"},{"time":3.3,"x":181.74,"y":0},{"time":3.4666,"x":191.17,"y":0},{"time":3.8666,"x":198.72,"y":0}]},"magic_4light":{"translate":[{"time":0.1666,"x":-724.35,"y":493.21}],"scale":[{"time":0.1666,"x":0.552,"y":0.132},{"time":0.5,"x":2.303,"y":0.551,"curve":"stepped"},{"time":1.9333,"x":2.303,"y":0.551},{"time":2.2333,"x":0.594,"y":0.142}]},"S1,2_wave1":{"translate":[{"time":0.1666,"x":-799.38,"y":499.65,"curve":"stepped"},{"time":0.9,"x":-799.38,"y":499.65,"curve":"stepped"},{"time":1.6,"x":-766.62,"y":499.65,"curve":"stepped"},{"time":3.3666,"x":-599.34,"y":497.61}],"scale":[{"time":0.1666,"x":2.8,"y":2.8,"curve":"stepped"},{"time":0.4666,"x":2.8,"y":2.8},{"time":0.5666,"x":3.3,"y":3.3,"curve":"stepped"},{"time":0.9,"x":2.8,"y":2.8,"curve":"stepped"},{"time":1.2,"x":2.8,"y":2.8},{"time":1.3,"x":3.3,"y":3.3,"curve":"stepped"},{"time":1.6,"x":2.8,"y":2.8,"curve":"stepped"},{"time":1.9,"x":2.8,"y":2.8},{"time":2,"x":3.3,"y":3.3,"curve":"stepped"},{"time":3.3666,"x":2.003,"y":2.003,"curve":"stepped"},{"time":3.6666,"x":2.003,"y":2.003},{"time":3.7666,"x":2.504,"y":2.504}]},"S1,2_wave2":{"translate":[{"time":1.2666,"x":-805.51,"y":496.66,"curve":"stepped"},{"time":3.5333,"x":-635.31,"y":497.24,"curve":"stepped"},{"time":4,"x":-635.31,"y":497.24}],"scale":[{"time":1.2666,"x":2.799,"y":2.799,"curve":"stepped"},{"time":1.5666,"x":2.799,"y":2.799},{"time":1.6666,"x":3.31,"y":3.31,"curve":"stepped"},{"time":3.5333,"x":2.001,"y":2.001,"curve":"stepped"},{"time":3.8333,"x":2.001,"y":2.001},{"time":3.9333,"x":2.501,"y":2.501,"curve":"stepped"},{"time":4,"x":2.001,"y":2.001}]},"S1,2_wave3":{"translate":[{"time":3.7,"x":-667.82,"y":497.78}],"scale":[{"time":3.7,"x":1.995,"y":1.995,"curve":"stepped"},{"time":4,"x":1.995,"y":1.995},{"time":4.1,"x":2.501,"y":2.501}]},"DAMAGEAREA":{"translate":[{"time":0.9666,"x":-385.64,"y":69.5},{"time":1,"x":-553.09,"y":69.5,"curve":"stepped"},{"time":1.3,"x":-298.98,"y":69.5},{"time":1.3333,"x":-553.09,"y":69.5,"curve":"stepped"},{"time":1.6333,"x":-298.98,"y":69.5},{"time":1.6666,"x":-553.09,"y":69.5,"curve":"stepped"},{"time":3.3333,"x":-557.44,"y":71.54}],"scale":[{"time":0.9666,"x":6.921,"y":1.243},{"time":1,"x":9.678,"y":1.243,"curve":"stepped"},{"time":1.3,"x":5.557,"y":1.243},{"time":1.3333,"x":9.678,"y":1.243,"curve":"stepped"},{"time":1.6333,"x":5.557,"y":1.243},{"time":1.6666,"x":9.678,"y":1.243,"curve":"stepped"},{"time":3.3333,"x":12.402,"y":1.32}]}},"ffd":{"default":{"EF/magic_4light":{"EF/magic_4light":[{"time":0.1666,"vertices":[10.32055,13.3376,11.81432,-11.84383,-13.36711,-13.3376,-14.86088,11.84383]},{"time":2.2333,"vertices":[-24.05894,-16.46046,-17.98375,22.53567,21.01238,16.46048,14.9372,-22.53565]}]}}},"events":[{"time":0,"name":"Event","float":0.15,"string":"kHitStopType_enemyonly"},{"time":0.0333,"name":"Event","string":"setHitEffect(hit03d,1,1,1)"},{"time":0.1333,"name":"Sound1","string":"cri_se_battle_arrow_light_effect"},{"time":0.1333,"name":"Voice","string":"cri_064_voice_fullarts_now"},{"time":0.9333,"name":"Event","float":0.1,"string":"kHitStopType_normal"},{"time":0.9666,"name":"Event","float":0.1,"string":"shakeGround_Loop"},{"time":0.9666,"name":"Sound1","string":"cri_se_battle_gun_burst"},{"time":0.9666,"name":"Sound2","string":"cri_se_battle_spark_rise"},{"time":1,"name":"Event","float":0.08,"string":"kHitStopType_enemyonly"},{"time":1.2666,"name":"Event","float":0.15,"string":"kHitStopType_normal"},{"time":1.3,"name":"Event","float":0.1,"string":"shakeGround_Loop"},{"time":1.3,"name":"Hit","string":"resetHitList"},{"time":1.3,"name":"Sound1","string":"cri_se_battle_gun_burst"},{"time":1.3,"name":"Sound2","string":"cri_se_battle_spark_rise"},{"time":1.3333,"name":"Event","float":0.08,"string":"kHitStopType_enemyonly"},{"time":1.3333,"name":"Hit","string":"resetHitList"},{"time":1.3666,"name":"Hit","string":"resetHitList"},{"time":1.6,"name":"Event","float":0.15,"string":"kHitStopType_normal"},{"time":1.6333,"name":"Event","float":0.1,"string":"shakeGround_Loop"},{"time":1.6333,"name":"Hit","string":"resetHitList"},{"time":1.6333,"name":"Sound1","string":"cri_se_battle_gun_burst"},{"time":1.6333,"name":"Sound2","string":"cri_se_battle_spark_rise"},{"time":1.6666,"name":"Event","float":1.8,"string":"kHitStopType_enemyonly"},{"time":1.6666,"name":"Hit","string":"resetHitList"},{"time":1.7,"name":"Hit","string":"resetHitList"},{"time":2.2333,"name":"Sound2","string":"cri_se_battle_arrow_light_effect"},{"time":2.4666,"name":"Sound1","string":"cri_se_battle_charge"},{"time":2.4666,"name":"Voice","string":"cri_064_voice_fullarts_rank3"},{"time":3.2666,"name":"Event","float":0.3,"string":"kHitStopType_normal"},{"time":3.3,"name":"Event","float":1.5,"string":"shakeGround_Loop"},{"time":3.3333,"name":"Event","string":"addOrbitSystemCamera_wind"},{"time":3.3333,"name":"Hit","float":4,"string":"resetHitList"},{"time":3.3333,"name":"Sound1","string":"cri_se_battle_hard_hit"},{"time":3.3333,"name":"Sound2","string":"cri_se_battle_032_explosion_04"},{"time":3.4333,"name":"Event","float":0.03,"string":"kHitStopType_normal"},{"time":3.4333,"name":"Hit","float":4,"string":"resetHitList"},{"time":3.5333,"name":"Hit","float":4,"string":"resetHitList"},{"time":3.6333,"name":"Hit","float":4,"string":"resetHitList"},{"time":3.7,"name":"Event","float":0.05,"string":"kHitStopType_enemyonly"},{"time":3.7333,"name":"Event","int":300,"string":"kImpactType_knock"},{"time":3.7333,"name":"Hit","float":8,"string":"resetHitList"}]}}}