{"skeleton":{"hash":"1/+fqu1DUqsCcdSQvisFqHMWWVU","spine":"3.0.12","width":0,"height":0},"bones":[{"name":"root"},{"name":"MAIN","parent":"root","y":125.29,"scaleX":1.1,"scaleY":1.1},{"name":"SHADOW-OFFSET","parent":"MAIN","y":-113.9,"scaleX":1.3,"scaleY":1.3},{"name":"HPBAR","parent":"MAIN","x":15.35,"y":84.9},{"name":"HITBOX","parent":"MAIN","x":1.25,"y":-29.79},{"name":"GHOST_01","parent":"MAIN","x":-83.21,"y":-38.33},{"name":"GHOST_00","parent":"MAIN","x":68.77,"y":-10.31},{"name":"EF_light1_3","parent":"MAIN","x":-13.21,"y":-25.98,"scaleX":0.404,"scaleY":0.404},{"name":"EF_light1_2","parent":"MAIN","x":-4.06,"y":-17.35,"scaleX":0.404,"scaleY":0.404},{"name":"EF_light1_1","parent":"MAIN","x":7.62,"y":-24.97,"scaleX":0.404,"scaleY":0.404},{"name":"EF","parent":"root"},{"name":"EF_wave1","parent":"EF","x":300},{"name":"EF_magic_root","parent":"EF","x":250},{"name":"EF_magic2","parent":"EF_magic_root"},{"name":"EF_magic1","parent":"EF_magic_root"},{"name":"EF_dot","parent":"EF","x":250,"y":100},{"name":"EF_aura1","parent":"EF","x":200,"y":50},{"name":"DAMAGEAREA","parent":"root"}],"slots":[{"name":"DAMAGEAREA","bone":"DAMAGEAREA"},{"name":"HITBOX","bone":"HITBOX","attachment":"HITBOX"},{"name":"EF_magic1","bone":"EF_magic1","blend":"additive"},{"name":"EF_magic2","bone":"EF_magic2","blend":"additive"},{"name":"GHOST_01","bone":"GHOST_01","attachment":"idol_ghost_0"},{"name":"MAIN","bone":"MAIN","attachment":"idle_0"},{"name":"GHOST_00","bone":"GHOST_00","attachment":"idol_ghost_0"},{"name":"EF_dot1","bone":"EF_dot","color":"a500ffff","blend":"additive"},{"name":"EF_dot0","bone":"EF_dot","color":"a500ffff","blend":"additive"},{"name":"EF_aura1","bone":"EF_aura1","blend":"additive"},{"name":"EF_light1_1","bone":"EF_light1_1","blend":"additive"},{"name":"EF_light1_2","bone":"EF_light1_2","blend":"additive"},{"name":"EF_light1_3","bone":"EF_light1_3","blend":"additive"}],"skins":{"default":{"DAMAGEAREA":{"DAMAGEAREA":{"type":"boundingbox","vertices":[-95.02875,95.72919,-96.68478,-95.53885,96.23923,-94.71085,96.23923,95.72919]}},"EF_aura1":{"EF/EF_aura/ef_energy_aura_main_00001":{"y":15.2,"width":100,"height":100},"EF/EF_aura/ef_energy_aura_main_00002":{"y":15.2,"width":100,"height":100},"EF/EF_aura/ef_energy_aura_main_00003":{"y":15.2,"width":100,"height":100},"EF/EF_aura/ef_energy_aura_main_00004":{"y":15.2,"width":100,"height":100},"EF/EF_aura/ef_energy_aura_main_00005":{"y":15.2,"width":100,"height":100}},"EF_dot0":{"EF/taiken_DOT/10000-combo_16_ef2_1B":{"width":206,"height":171},"EF/taiken_DOT/slash_dot00":{"x":-8.05,"y":44.52,"width":190,"height":187},"EF/taiken_DOT/up_EF_1":{"x":31.86,"y":11.43,"scaleX":-1,"rotation":90,"width":100,"height":100}},"EF_dot1":{"EF/taiken_DOT/10000-combo_16_ef2_1F":{"width":206,"height":171}},"EF_light1_1":{"EF/900_S2_sphire2_00004":{"width":500,"height":500}},"EF_light1_2":{"EF/900_S2_sphire2_00004":{"width":500,"height":500}},"EF_light1_3":{"EF/900_S2_sphire2_00004":{"width":500,"height":500}},"EF_magic1":{"EF/magic/magic_5dark":{"width":240,"height":240}},"EF_magic2":{"EF/magic/magic_5dark":{"width":240,"height":240}},"GHOST_00":{"attack1_ghost_0":{"x":26.15,"y":-27.08,"width":477,"height":401},"attack1_ghost_1":{"x":26.15,"y":-27.08,"width":477,"height":401},"attack1_ghost_2":{"x":26.15,"y":-27.08,"width":477,"height":401},"attack1_ghost_3":{"x":26.15,"y":-27.08,"width":477,"height":401},"attack1_ghost_4":{"x":26.15,"y":-27.08,"width":477,"height":401},"idol_ghost_0":{"x":26.13,"y":-22.1,"width":477,"height":401},"idol_ghost_1":{"x":26.13,"y":-22.1,"width":477,"height":401},"idol_ghost_2":{"x":26.13,"y":-22.1,"width":477,"height":401},"idol_ghost_3":{"x":26.13,"y":-22.1,"width":477,"height":401}},"GHOST_01":{"attack1_ghost_0":{"x":26.15,"y":-27.08,"width":477,"height":401},"attack1_ghost_1":{"x":26.15,"y":-27.08,"width":477,"height":401},"attack1_ghost_2":{"x":26.15,"y":-27.08,"width":477,"height":401},"attack1_ghost_3":{"x":26.15,"y":-27.08,"width":477,"height":401},"attack1_ghost_4":{"x":26.15,"y":-27.08,"width":477,"height":401},"idol_ghost_0":{"x":26.13,"y":-22.1,"width":477,"height":401},"idol_ghost_1":{"x":26.13,"y":-22.1,"width":477,"height":401},"idol_ghost_2":{"x":26.13,"y":-22.1,"width":477,"height":401},"idol_ghost_3":{"x":26.13,"y":-22.1,"width":477,"height":401}},"HITBOX":{"HITBOX":{"type":"boundingbox","vertices":[-44.48292,-76.43475,43.28504,-76.43474,41.62901,96.13673,-43.65492,94.99389]}},"MAIN":{"attack1_0":{"x":15.14,"y":-10.6,"width":410,"height":410},"attack1_1":{"x":15.14,"y":-10.6,"width":410,"height":410},"attack1_2":{"x":15.14,"y":-10.6,"width":410,"height":410},"attack1_3":{"x":15.14,"y":-10.6,"width":410,"height":410},"attack1_4":{"x":15.14,"y":-10.6,"width":410,"height":410},"attack2_0":{"x":15.14,"y":-18.45,"width":410,"height":410},"attack2_1":{"x":15.14,"y":-18.45,"width":410,"height":410},"attack2_2":{"x":15.14,"y":-18.45,"width":410,"height":410},"attack2_3":{"x":15.14,"y":-18.45,"width":410,"height":410},"attack2_4":{"x":15.14,"y":-18.45,"width":410,"height":410},"attack2_5":{"x":15.14,"y":-18.45,"width":410,"height":410},"back_0":{"x":-2.4,"y":-10.58,"width":410,"height":410},"damage_0":{"x":15.14,"y":-10.6,"width":410,"height":410},"front_0":{"x":0.06,"y":-25.68,"width":410,"height":410},"idle_0":{"x":15.14,"y":-10.6,"width":410,"height":410},"idle_1":{"x":15.14,"y":-10.6,"width":410,"height":410},"idle_2":{"x":15.14,"y":-10.6,"width":410,"height":410},"idle_3":{"x":15.14,"y":-10.6,"width":410,"height":410},"skill1_0":{"x":15.14,"y":-10.6,"width":410,"height":410},"skill1_1":{"x":15.14,"y":-10.6,"width":410,"height":410},"skill1_2":{"x":15.14,"y":-10.6,"width":410,"height":410},"skill1_3":{"x":15.14,"y":-10.6,"width":410,"height":410},"skill1_4":{"x":15.14,"y":-10.6,"width":410,"height":410},"skill1_5":{"x":15.14,"y":-10.6,"width":410,"height":410},"skill1_6":{"x":15.14,"y":-10.6,"width":410,"height":410},"skill1_7":{"x":15.14,"y":-10.6,"width":410,"height":410},"skill1_8":{"x":15.14,"y":-10.6,"width":410,"height":410},"skill1_11":{"x":15.14,"y":-10.6,"width":410,"height":410},"skill1_13":{"x":15.14,"y":-10.6,"width":410,"height":410},"skill1_14":{"x":15.14,"y":-10.6,"width":410,"height":410},"skill1_afterimage":{"x":17.01,"y":-10.6,"scaleX":2,"scaleY":2,"width":224,"height":216},"skill2_0":{"x":15.14,"y":-10.6,"width":410,"height":410},"skill2_1":{"x":15.14,"y":-10.6,"width":410,"height":410},"skill2_2":{"x":15.14,"y":-10.6,"width":410,"height":410},"skill3_2":{"x":17.1,"y":-9.01,"width":410,"height":410},"skill3_3":{"x":17.1,"y":-9.01,"width":410,"height":410},"skill3_4":{"x":17.1,"y":-9.01,"width":410,"height":410},"skill3_5":{"x":15.14,"y":-10.63,"width":410,"height":410},"skill3_6":{"x":15.14,"y":-10.63,"width":410,"height":410}}}},"events":{"Event":{},"Event2":{},"Hit":{},"HitEffect":{},"Sound1":{},"Sound2":{},"Sound3":{},"Voice":{}},"animations":{"attack1":{"slots":{"DAMAGEAREA":{"attachment":[{"time":0.2666,"name":"DAMAGEAREA"},{"time":0.3,"name":null},{"time":0.8,"name":"DAMAGEAREA"},{"time":0.8333,"name":null},{"time":1.3,"name":"DAMAGEAREA"},{"time":1.3333,"name":null}]},"EF_dot0":{"attachment":[{"time":0.2666,"name":"EF/taiken_DOT/up_EF_1"},{"time":0.3,"name":null},{"time":0.8,"name":"EF/taiken_DOT/10000-combo_16_ef2_1B"},{"time":0.8333,"name":null},{"time":1.3,"name":"EF/taiken_DOT/slash_dot00"},{"time":1.3333,"name":null}]},"EF_dot1":{"attachment":[{"time":0.8,"name":"EF/taiken_DOT/10000-combo_16_ef2_1F"},{"time":0.8333,"name":null}]},"GHOST_00":{"attachment":[{"time":0,"name":"idol_ghost_0"},{"time":0.0666,"name":"attack1_ghost_3"},{"time":0.1666,"name":"attack1_ghost_0"},{"time":0.2,"name":"attack1_ghost_1"},{"time":0.2666,"name":"attack1_ghost_2"},{"time":0.4333,"name":"attack1_ghost_0"},{"time":0.4666,"name":"attack1_ghost_1"},{"time":0.8,"name":"attack1_ghost_2"},{"time":0.8666,"name":"attack1_ghost_4"},{"time":0.9333,"name":"attack1_ghost_3"},{"time":1.1333,"name":"attack1_ghost_0"},{"time":1.1666,"name":"attack1_ghost_1"},{"time":1.3,"name":"attack1_ghost_2"},{"time":1.4,"name":"attack1_ghost_3"},{"time":1.7666,"name":"attack1_ghost_4"},{"time":1.9666,"name":"attack1_ghost_3"},{"time":2.0666,"name":"idol_ghost_0"}]},"GHOST_01":{"attachment":[{"time":0,"name":"idol_ghost_0"},{"time":0.0666,"name":"attack1_ghost_3"},{"time":0.1666,"name":"attack1_ghost_0"},{"time":0.2,"name":"attack1_ghost_1"},{"time":0.2666,"name":"attack1_ghost_2"},{"time":0.4333,"name":"attack1_ghost_0"},{"time":0.4666,"name":"attack1_ghost_1"},{"time":0.8,"name":"attack1_ghost_2"},{"time":0.8666,"name":"attack1_ghost_4"},{"time":0.9333,"name":"attack1_ghost_3"},{"time":1.1333,"name":"attack1_ghost_0"},{"time":1.1666,"name":"attack1_ghost_1"},{"time":1.3,"name":"attack1_ghost_2"},{"time":1.4,"name":"attack1_ghost_3"},{"time":1.7666,"name":"attack1_ghost_4"},{"time":1.9666,"name":"attack1_ghost_3"},{"time":2.0666,"name":"idol_ghost_0"}]},"MAIN":{"attachment":[{"time":0,"name":"skill1_0"},{"time":0.0333,"name":"skill1_1"},{"time":0.1,"name":"skill1_2"},{"time":0.1666,"name":"skill1_3"},{"time":0.2666,"name":"skill1_4"},{"time":0.3,"name":"skill1_5"},{"time":0.3666,"name":"skill1_6"},{"time":0.4333,"name":"attack1_0"},{"time":0.5,"name":"attack1_1"},{"time":0.8,"name":"attack1_2"},{"time":0.8333,"name":"attack1_3"},{"time":0.9,"name":"attack1_4"},{"time":1,"name":"skill1_0"},{"time":1.0666,"name":"skill1_2"},{"time":1.1,"name":"skill1_3"},{"time":1.2666,"name":"skill1_3"},{"time":1.3,"name":"skill1_5"},{"time":1.3333,"name":"skill1_6"},{"time":1.7666,"name":"front_0"},{"time":1.8333,"name":"back_0"},{"time":1.9666,"name":"idle_1"},{"time":2.0333,"name":"idle_2"},{"time":2.1,"name":"idle_3"},{"time":2.1666,"name":"idle_0"}]}},"bones":{"MAIN":{"rotate":[{"time":0,"angle":0,"curve":"stepped"},{"time":1.1,"angle":0,"curve":[0.126,0.58,0.75,1]},{"time":1.2666,"angle":-6.99,"curve":"stepped"},{"time":1.3666,"angle":3.49},{"time":1.4333,"angle":5.53,"curve":"stepped"},{"time":1.7666,"angle":-12.89,"curve":"stepped"},{"time":1.8333,"angle":0}],"translate":[{"time":0,"x":0,"y":1.59,"curve":[0.347,0.82,0.725,0.91]},{"time":0.1666,"x":-3.29,"y":13.18,"curve":"stepped"},{"time":0.2666,"x":-3.29,"y":-21.47,"curve":[0.085,0.81,0.75,1]},{"time":0.3333,"x":-52.54,"y":-21.47,"curve":"stepped"},{"time":0.4333,"x":-52.54,"y":-21.47,"curve":[0.085,0.81,0.75,1]},{"time":0.5,"x":-46.15,"y":-21.47,"curve":[0.085,0.81,0.75,1]},{"time":0.6333,"x":-38.86,"y":-21.47,"curve":"stepped"},{"time":0.8,"x":-69.11,"y":10.25},{"time":0.8666,"x":-94.65,"y":10.25},{"time":0.9666,"x":-118.84,"y":10.25,"curve":"stepped"},{"time":1,"x":-107.83,"y":10.25,"curve":"stepped"},{"time":1.0333,"x":-81.82,"y":17.56,"curve":[0.06,0.5,0.75,1]},{"time":1.2666,"x":-76.16,"y":40.41,"curve":[0.116,0.81,0.75,1]},{"time":1.3666,"x":-99.88,"y":17.56},{"time":1.5,"x":-104.61,"y":17.56,"curve":"stepped"},{"time":1.7666,"x":-99.88,"y":17.56,"curve":[0.156,0.54,0.75,1]},{"time":2,"x":-3.8,"y":0},{"time":2.1333,"x":0,"y":0}]},"DAMAGEAREA":{"translate":[{"time":0.2666,"x":-139.63,"y":98.06,"curve":"stepped"},{"time":0.8,"x":-188.41,"y":146.13,"curve":"stepped"},{"time":1.3,"x":-260.74,"y":158.18}],"scale":[{"time":0.2666,"x":1.417,"y":1.361,"curve":"stepped"},{"time":0.8,"x":1.837,"y":1.023,"curve":"stepped"},{"time":1.3,"x":1.349,"y":1.96}]},"GHOST_00":{"rotate":[{"time":0,"angle":0,"curve":"stepped"},{"time":1.3,"angle":-2.24},{"time":1.4,"angle":5.69,"curve":"stepped"},{"time":1.7666,"angle":36},{"time":1.8,"angle":14.3}],"translate":[{"time":0,"x":0,"y":0},{"time":0.2333,"x":52.06,"y":13.7},{"time":0.3,"x":24.24,"y":8.75},{"time":0.4333,"x":40.29,"y":17.21},{"time":0.7666,"x":44.55,"y":10.84},{"time":0.8,"x":13.16,"y":7.46},{"time":0.9666,"x":-0.54,"y":3.76},{"time":1.2,"x":46.38,"y":20.54},{"time":1.2333,"x":42.92,"y":15.93},{"time":1.3,"x":46.38,"y":20.54},{"time":1.3333,"x":0,"y":0},{"time":1.4,"x":-8.19,"y":0.64},{"time":1.6,"x":-13.64,"y":1.17,"curve":"stepped"},{"time":1.7666,"x":-11.33,"y":26.76},{"time":1.8,"x":-40.3,"y":-5.41},{"time":2.0666,"x":0,"y":0}]},"GHOST_01":{"rotate":[{"time":0,"angle":0,"curve":"stepped"},{"time":1.3,"angle":-2.24},{"time":1.4,"angle":5.69,"curve":"stepped"},{"time":1.7666,"angle":36}],"translate":[{"time":0,"x":0,"y":0},{"time":0.2333,"x":52.06,"y":13.7},{"time":0.3,"x":24.24,"y":8.75},{"time":0.4333,"x":40.29,"y":17.21},{"time":0.7666,"x":44.55,"y":10.84},{"time":0.8,"x":13.16,"y":7.46},{"time":0.9666,"x":-0.54,"y":3.76},{"time":1.2,"x":46.38,"y":20.54},{"time":1.2333,"x":42.92,"y":15.93},{"time":1.3,"x":46.38,"y":20.54},{"time":1.3333,"x":0,"y":0},{"time":1.4,"x":-8.19,"y":0.64},{"time":1.6,"x":-13.64,"y":1.17,"curve":"stepped"},{"time":1.7666,"x":1.84,"y":-26.23},{"time":2.0666,"x":0,"y":0}]},"EF_dot":{"rotate":[{"time":0.2666,"angle":37.69,"curve":"stepped"},{"time":0.8,"angle":0.5,"curve":"stepped"},{"time":1.3,"angle":28.3}],"translate":[{"time":0.2666,"x":-356.77,"y":-56.85,"curve":"stepped"},{"time":0.8,"x":-316.64,"y":71.73,"curve":"stepped"},{"time":1.3,"x":-319.76,"y":-74.9}],"scale":[{"time":0.2666,"x":4.09,"y":4.09,"curve":"stepped"},{"time":0.8,"x":3.151,"y":3.151,"curve":"stepped"},{"time":1.3,"x":4.538,"y":3.474}]}},"drawOrder":[{"time":0.2666},{"time":0.9}],"events":[{"time":0,"name":"HitEffect","string":"setHitEffect(hit06e,1,1.2,1)"},{"time":0.2333,"name":"Sound1","string":"cri_se_battle_sword_swish_heavy"},{"time":0.2666,"name":"Event","float":0.15,"string":"kHitStopType_normal"},{"time":0.2666,"name":"Sound1","string":"setHitSound(se_battle_019_sword_hit_03)"},{"time":0.2666,"name":"Voice","string":"cri_060_voice_attack_random"},{"time":0.7666,"name":"Sound1","string":"cri_se_battle_sword_swish_heavy"},{"time":0.8,"name":"Event","float":0.15,"string":"kHitStopType_normal"},{"time":0.8,"name":"Hit","string":"resetHitList"},{"time":0.8,"name":"Sound1","string":"setHitSound(se_battle_019_sword_hit_03)"},{"time":1.3,"name":"Event","float":0.25,"string":"kHitStopType_normal"},{"time":1.3,"name":"Hit","float":1.25,"string":"resetHitList"},{"time":1.3,"name":"Sound1","string":"cri_se_battle_sword_swish_heavy"},{"time":1.3,"name":"Voice","string":"cri_060_voice_attack_c"}]},"back":{"slots":{"GHOST_00":{"attachment":[{"time":0,"name":"attack1_ghost_4"},{"time":0.5333,"name":"attack1_ghost_3"},{"time":0.6666,"name":"idol_ghost_0"}]},"GHOST_01":{"attachment":[{"time":0,"name":"attack1_ghost_4"},{"time":0.5333,"name":"attack1_ghost_3"},{"time":0.6666,"name":"idol_ghost_0"}]},"MAIN":{"attachment":[{"time":0,"name":"idle_3"},{"time":0.0333,"name":"front_0"},{"time":0.1,"name":"back_0"},{"time":0.4666,"name":"idle_1"},{"time":0.5333,"name":"idle_2"},{"time":0.6,"name":"idle_3"},{"time":0.6666,"name":"idle_0"}]}},"bones":{"MAIN":{"rotate":[{"time":0,"angle":0,"curve":"stepped"},{"time":0.0333,"angle":-10.43,"curve":"stepped"},{"time":0.1,"angle":0}],"translate":[{"time":0,"x":0,"y":0,"curve":[0.128,0.68,0.75,1]},{"time":0.3333,"x":132.98,"y":0,"curve":[0.275,0.62,0.75,1]},{"time":0.6666,"x":143.84,"y":0}]},"HITBOX":{"translate":[{"time":0.6666,"x":-3.49,"y":0}]},"GHOST_01":{"translate":[{"time":0,"x":0,"y":0,"curve":[0.118,0.3,0.75,1]},{"time":0.3333,"x":-15.15,"y":0},{"time":0.6,"x":0,"y":0}]},"GHOST_00":{"translate":[{"time":0,"x":0,"y":0,"curve":[0.118,0.3,0.75,1]},{"time":0.3333,"x":-15.15,"y":0},{"time":0.5,"x":-7.3,"y":0},{"time":0.6,"x":0,"y":0}]}}},"cast":{"slots":{"GHOST_00":{"attachment":[{"time":0,"name":"attack1_ghost_0"},{"time":0.1666,"name":"attack1_ghost_1"},{"time":0.4333,"name":"attack1_ghost_2"},{"time":0.5,"name":"attack1_ghost_3"}]},"GHOST_01":{"attachment":[{"time":0,"name":"attack1_ghost_0"},{"time":0.1666,"name":"attack1_ghost_1"},{"time":0.4333,"name":"attack1_ghost_2"},{"time":0.5,"name":"attack1_ghost_3"}]},"MAIN":{"attachment":[{"time":0,"name":"idle_0"},{"time":0.0666,"name":"skill1_0"},{"time":0.1333,"name":"skill1_1"},{"time":0.1666,"name":"skill1_2"},{"time":0.2,"name":"skill1_3"},{"time":0.4666,"name":"skill1_4"},{"time":0.5,"name":"skill1_5"},{"time":0.5333,"name":"skill1_6"},{"time":1,"name":"skill1_6"}]}},"drawOrder":[{"time":0.4333}],"events":[{"time":0.4,"name":"Event","float":0.15,"string":"kHitStopType_normal"},{"time":0.4333,"name":"Hit","string":"resetHitList"},{"time":0.5,"name":"Voice","string":"cri_060_voice_item"}]},"damage":{"slots":{"GHOST_00":{"attachment":[{"time":0,"name":"attack1_ghost_1"}]},"MAIN":{"attachment":[{"time":0,"name":"damage_0"}]}},"bones":{"GHOST_00":{"rotate":[{"time":0,"angle":-37.45}]},"GHOST_01":{"rotate":[{"time":0,"angle":-5.43}],"translate":[{"time":0,"x":62.09,"y":65.82}]}}},"front":{"slots":{"GHOST_00":{"attachment":[{"time":0,"name":"attack1_ghost_2"}]},"GHOST_01":{"attachment":[{"time":0,"name":"attack1_ghost_3"}]},"MAIN":{"attachment":[{"time":0,"name":"front_0"}]}},"bones":{"GHOST_00":{"translate":[{"time":0,"x":-40.09,"y":17.17}]},"GHOST_01":{"rotate":[{"time":0,"angle":4.29}],"translate":[{"time":0,"x":6.39,"y":49.13}]}}},"idle":{"slots":{"GHOST_00":{"attachment":[{"time":0,"name":"idol_ghost_0"},{"time":0.3,"name":"idol_ghost_1"},{"time":0.6,"name":"idol_ghost_2"},{"time":0.8666,"name":"idol_ghost_3"},{"time":1.1666,"name":"idol_ghost_0"}]},"GHOST_01":{"attachment":[{"time":0,"name":"idol_ghost_0"},{"time":0.3,"name":"idol_ghost_1"},{"time":0.6,"name":"idol_ghost_2"},{"time":0.8666,"name":"idol_ghost_3"},{"time":1.1666,"name":"idol_ghost_0"}]},"MAIN":{"attachment":[{"time":0,"name":"idle_0"},{"time":0.3,"name":"idle_1"},{"time":0.6,"name":"idle_2"},{"time":0.8666,"name":"idle_3"},{"time":1.1666,"name":"idle_0"}]}},"bones":{"GHOST_00":{"translate":[{"time":0,"x":0,"y":0},{"time":0.6,"x":0,"y":-3.09},{"time":1.1666,"x":0,"y":0}]},"GHOST_01":{"translate":[{"time":0,"x":0,"y":0},{"time":0.5666,"x":0,"y":1.54},{"time":1.1666,"x":0,"y":0}]}}},"skill1":{"slots":{"DAMAGEAREA":{"attachment":[{"time":1.3333,"name":"DAMAGEAREA"},{"time":1.4333,"name":null},{"time":2.4333,"name":"DAMAGEAREA"},{"time":3.1666,"name":null}]},"EF_aura1":{"attachment":[{"time":1.8333,"name":"EF/EF_aura/ef_energy_aura_main_00001"},{"time":1.8666,"name":"EF/EF_aura/ef_energy_aura_main_00002"},{"time":1.9,"name":"EF/EF_aura/ef_energy_aura_main_00003"},{"time":1.9333,"name":"EF/EF_aura/ef_energy_aura_main_00004"},{"time":1.9666,"name":"EF/EF_aura/ef_energy_aura_main_00005"},{"time":2,"name":"EF/EF_aura/ef_energy_aura_main_00001"},{"time":2.0333,"name":"EF/EF_aura/ef_energy_aura_main_00002"},{"time":2.0666,"name":"EF/EF_aura/ef_energy_aura_main_00003"},{"time":2.1,"name":"EF/EF_aura/ef_energy_aura_main_00004"},{"time":2.1333,"name":"EF/EF_aura/ef_energy_aura_main_00005"},{"time":2.1666,"name":"EF/EF_aura/ef_energy_aura_main_00001"},{"time":2.2,"name":"EF/EF_aura/ef_energy_aura_main_00002"},{"time":2.2333,"name":"EF/EF_aura/ef_energy_aura_main_00003"},{"time":2.2666,"name":null}]},"GHOST_00":{"attachment":[{"time":0.0333,"name":"attack1_ghost_0"},{"time":0.1666,"name":"attack1_ghost_1"},{"time":0.5,"name":"attack1_ghost_2"},{"time":1.0333,"name":"attack1_ghost_0"},{"time":1.2,"name":"attack1_ghost_1"},{"time":1.3333,"name":"attack1_ghost_2"},{"time":1.7333,"name":"attack1_ghost_3"},{"time":1.9333,"name":"attack1_ghost_0"},{"time":2.1333,"name":"attack1_ghost_1"},{"time":2.3666,"name":"attack1_ghost_2"},{"time":3.0333,"name":null},{"time":3.2,"name":"idol_ghost_0"}],"color":[{"time":0.5,"color":"ffffffff"},{"time":0.7333,"color":"ffffff00","curve":"stepped"},{"time":1,"color":"ffffff00"},{"time":1.1333,"color":"ffffffff","curve":"stepped"},{"time":2.9333,"color":"ffffffff"},{"time":3.0333,"color":"ffffff00","curve":"stepped"},{"time":3.2,"color":"ffffff00"},{"time":3.3333,"color":"ffffffff"}]},"GHOST_01":{"attachment":[{"time":0.0333,"name":"attack1_ghost_0"},{"time":0.1666,"name":"attack1_ghost_1"},{"time":0.5,"name":"attack1_ghost_2"},{"time":1.0333,"name":"attack1_ghost_0"},{"time":1.2,"name":"attack1_ghost_1"},{"time":1.3333,"name":"attack1_ghost_2"},{"time":1.7333,"name":"attack1_ghost_3"},{"time":1.9333,"name":"attack1_ghost_0"},{"time":2.1333,"name":"attack1_ghost_1"},{"time":2.3666,"name":"attack1_ghost_2"},{"time":3.0333,"name":null},{"time":3.2,"name":"idol_ghost_0"}],"color":[{"time":0.5,"color":"ffffffff"},{"time":0.7333,"color":"ffffff00","curve":"stepped"},{"time":1,"color":"ffffff00"},{"time":1.1333,"color":"ffffffff","curve":"stepped"},{"time":2.9333,"color":"ffffffff"},{"time":3.0333,"color":"ffffff00","curve":"stepped"},{"time":3.2,"color":"ffffff00"},{"time":3.3333,"color":"ffffffff"}]},"MAIN":{"attachment":[{"time":0,"name":"idle_0"},{"time":0.0333,"name":"attack2_0"},{"time":0.1333,"name":"attack2_1"},{"time":0.4666,"name":"attack2_2"},{"time":0.5,"name":"attack2_3"},{"time":0.5333,"name":"attack2_4"},{"time":0.6333,"name":"skill1_afterimage"},{"time":0.7333,"name":null},{"time":0.8666,"name":"skill1_afterimage"},{"time":0.9333,"name":"skill1_0"},{"time":0.9666,"name":"skill1_1"},{"time":1,"name":"skill1_2"},{"time":1.3,"name":"skill1_3"},{"time":1.3333,"name":"skill1_4"},{"time":1.3666,"name":"skill1_5"},{"time":1.4,"name":"skill1_6"},{"time":1.5666,"name":"skill1_0"},{"time":1.6666,"name":"skill1_7"},{"time":1.7666,"name":"skill1_8"},{"time":2.1666,"name":"skill1_11"},{"time":2.2666,"name":"skill1_13"},{"time":2.3,"name":"skill1_14"},{"time":2.3333,"name":"skill1_13"},{"time":2.3666,"name":"skill1_14"},{"time":2.4,"name":"skill1_13"},{"time":2.4333,"name":"skill1_14"},{"time":2.4666,"name":"skill1_13"},{"time":2.5,"name":"skill1_14"},{"time":2.5666,"name":"skill1_13"},{"time":3,"name":"skill1_afterimage"},{"time":3.1,"name":null},{"time":3.2333,"name":"skill1_afterimage"},{"time":3.3333,"name":"idle_0"}],"color":[{"time":0.6333,"color":"ffffffff"},{"time":0.7333,"color":"ffffff00","curve":"stepped"},{"time":0.8666,"color":"ffffffff"}]}},"bones":{"MAIN":{"rotate":[{"time":0,"angle":0,"curve":"stepped"},{"time":1.3333,"angle":0},{"time":1.4,"angle":7.73,"curve":"stepped"},{"time":1.5666,"angle":7.73,"curve":"stepped"},{"time":1.6666,"angle":0,"curve":"stepped"},{"time":2.2666,"angle":5.5,"curve":"stepped"},{"time":3,"angle":0}],"translate":[{"time":0,"x":0,"y":0,"curve":[0.103,0.43,0.75,1]},{"time":0.3,"x":10.16,"y":0,"curve":"stepped"},{"time":0.4666,"x":22.86,"y":0},{"time":0.5,"x":-2.54,"y":0},{"time":0.6,"x":-20.32,"y":0,"curve":"stepped"},{"time":0.8666,"x":2.26,"y":161.3,"curve":"stepped"},{"time":0.9333,"x":2.26,"y":161.3,"curve":[0.133,0.58,0.75,1]},{"time":1.1666,"x":16.78,"y":166.14,"curve":"stepped"},{"time":1.4,"x":16.78,"y":166.14,"curve":[0.143,0.68,0.75,1]},{"time":1.6666,"x":103.81,"y":220.5,"curve":"stepped"},{"time":1.7333,"x":103.81,"y":220.5},{"time":1.7666,"x":103.81,"y":218.05},{"time":1.8,"x":103.81,"y":226.63},{"time":1.8333,"x":103.81,"y":220.5,"curve":"stepped"},{"time":2.1,"x":103.81,"y":220.5,"curve":"stepped"},{"time":2.1666,"x":103.81,"y":220.5,"curve":[0.25,0,0.75,1]},{"time":2.2333,"x":155.33,"y":237.68,"curve":"stepped"},{"time":2.2666,"x":154.9,"y":226.13,"curve":"stepped"},{"time":2.3,"x":154.9,"y":226.13},{"time":2.4,"x":182.85,"y":249.15,"curve":[0.126,0.65,0.136,0.75]},{"time":3,"x":214.09,"y":265.59,"curve":[0.17,0.4,0.75,1]},{"time":3.1,"x":222.31,"y":270.52,"curve":"stepped"},{"time":3.2333,"x":0,"y":2.94},{"time":3.3333,"x":0,"y":0}]},"DAMAGEAREA":{"translate":[{"time":1.3333,"x":-114.67,"y":214.23},{"time":1.4333,"x":-73.09,"y":138.62,"curve":"stepped"},{"time":2.4333,"x":-243.21,"y":32.76},{"time":2.8,"x":-219.27,"y":32.76}],"scale":[{"time":1.3333,"x":1.85,"y":2.223},{"time":1.4333,"x":2.689,"y":2.587,"curve":"stepped"},{"time":2.4333,"x":0.705,"y":0.678},{"time":2.6666,"x":2.269,"y":1.423},{"time":2.8,"x":2.391,"y":1.476}]},"SHADOW-OFFSET":{"rotate":[{"time":1.8,"angle":-8.78},{"time":1.8666,"angle":0}]},"HITBOX":{"rotate":[{"time":1.8,"angle":-8.78},{"time":1.8666,"angle":0}]},"EF_aura1":{"rotate":[{"time":2.1666,"angle":-52.55}],"translate":[{"time":1.8333,"x":-73.12,"y":370.62,"curve":"stepped"},{"time":2.1666,"x":-5.21,"y":351.42,"curve":"stepped"},{"time":2.2,"x":39.23,"y":369.26}]},"GHOST_00":{"rotate":[{"time":0,"angle":0,"curve":"stepped"},{"time":1.2666,"angle":0,"curve":"stepped"},{"time":1.3333,"angle":12.06,"curve":"stepped"},{"time":3.2,"angle":0}],"translate":[{"time":0,"x":0,"y":0,"curve":"stepped"},{"time":0.0333,"x":0,"y":0,"curve":[0.218,0.75,0.443,0.89]},{"time":0.4666,"x":33.41,"y":0},{"time":0.6666,"x":-144.79,"y":0,"curve":"stepped"},{"time":0.9666,"x":0,"y":0,"curve":[0.218,0.75,0.443,0.89]},{"time":1.2666,"x":29.7,"y":0},{"time":1.4666,"x":22.56,"y":-1.52,"curve":"stepped"},{"time":1.9333,"x":22.56,"y":-1.52},{"time":2.2333,"x":28.13,"y":36.52,"curve":"stepped"},{"time":2.3666,"x":-3.03,"y":29.86,"curve":"stepped"},{"time":3.2,"x":0,"y":0}]},"GHOST_01":{"rotate":[{"time":0,"angle":0,"curve":"stepped"},{"time":1.2666,"angle":0,"curve":"stepped"},{"time":1.3333,"angle":12.06,"curve":"stepped"},{"time":3.2,"angle":0}],"translate":[{"time":0,"x":0,"y":0,"curve":"stepped"},{"time":0.0333,"x":0,"y":0,"curve":[0.218,0.75,0.443,0.89]},{"time":0.4666,"x":33.41,"y":0},{"time":0.6666,"x":-14.85,"y":0,"curve":"stepped"},{"time":0.9666,"x":0,"y":0,"curve":[0.218,0.75,0.443,0.89]},{"time":1.2666,"x":29.7,"y":0},{"time":1.4666,"x":22.56,"y":-1.52,"curve":"stepped"},{"time":1.9333,"x":22.56,"y":-1.52},{"time":2.2333,"x":28.13,"y":36.52,"curve":"stepped"},{"time":2.3666,"x":-3.03,"y":29.86,"curve":"stepped"},{"time":3.2,"x":0,"y":0}]}},"events":[{"time":0.4666,"name":"Event","float":2.4,"string":"runScript_3flame"},{"time":0.4666,"name":"Voice","string":"cri_060_voice_skill_all"},{"time":0.6666,"name":"Sound1","string":"cri_se_battle_teleport"},{"time":0.8333,"name":"Event","int":234,"string":"setPosition_Target"},{"time":1.2666,"name":"Event","float":0.25,"string":"kHitStopType_normal"},{"time":1.2666,"name":"Sound1","string":"cri_se_battle_sword_swish_heavy"},{"time":1.3,"name":"Event","float":0.15,"string":"kImpactType_down"},{"time":1.3,"name":"Sound1","string":"cri_se_battle_037_explosion_element_05"},{"time":1.3333,"name":"HitEffect","string":"setHitEffect(hit06e,1,1.5,1)"},{"time":1.3333,"name":"Sound1","string":"setHitSound(se_battle_explosion_short)"},{"time":1.3666,"name":"Event","float":0.2,"string":"shakeGround_Loop"},{"time":1.4,"name":"Hit","string":"resetHitList"},{"time":1.4,"name":"HitEffect","string":"setHitEffect(hit06e,1,0,1)"},{"time":1.4,"name":"Sound1","string":"setHitSound(se_battle_explosion_short)"},{"time":2.2333,"name":"Sound1","string":"cri_se_battle_gun_burst"},{"time":2.3,"name":"Sound1","string":"cri_se_battle_gun_burst"},{"time":2.3666,"name":"Event","float":0.15,"string":"kHitStopType_enemyonly"},{"time":2.3666,"name":"Sound1","string":"cri_se_battle_gun_burst"},{"time":2.4,"name":"Event","string":"kImpactType_normal"},{"time":2.4333,"name":"Event","string":"shakeGround"},{"time":2.4333,"name":"Hit","float":1.4,"string":"resetHitList"},{"time":2.4333,"name":"HitEffect","string":"setHitEffect(hit02e,1,1,1)"},{"time":2.4333,"name":"Sound1","string":"cri_se_battle_explosion_short"},{"time":2.4333,"name":"Sound2","string":"cri_se_battle_hard_hit"},{"time":2.4333,"name":"Sound3","string":"cri_se_battle_037_explosion_element_05"},{"time":2.4666,"name":"Hit","float":1.5,"string":"resetHitList"},{"time":2.4666,"name":"Sound2","string":"setHitSound(se_battle_explosion_short)"},{"time":2.5333,"name":"Sound1","string":"cri_se_battle_explosion_short"},{"time":2.5333,"name":"Sound2","string":"cri_se_battle_hard_hit"},{"time":2.5333,"name":"Sound3","string":"cri_se_battle_037_explosion_element_05"},{"time":2.6333,"name":"Sound1","string":"cri_se_battle_explosion_short"},{"time":2.6333,"name":"Sound2","string":"cri_se_battle_hard_hit"},{"time":2.6333,"name":"Sound3","string":"cri_se_battle_037_explosion_element_05"},{"time":2.6666,"name":"Hit","float":1.4,"string":"resetHitList"},{"time":2.7,"name":"Hit","float":1.5,"string":"resetHitList"},{"time":2.9666,"name":"Hit","float":1.4,"string":"resetHitList"},{"time":3,"name":"Hit","float":1.5,"string":"resetHitList"},{"time":3.0333,"name":"Sound1","string":"cri_se_battle_teleport"}]},"skill2":{"slots":{"DAMAGEAREA":{"attachment":[{"time":1.8333,"name":"DAMAGEAREA"},{"time":2.9333,"name":null}]},"EF_magic1":{"attachment":[{"time":0,"name":"EF/magic/magic_5dark"}],"color":[{"time":0,"color":"ffffff00"},{"time":0.2333,"color":"ffffffff","curve":"stepped"},{"time":1.6333,"color":"ffffffff"},{"time":1.8333,"color":"ffffff00"}]},"GHOST_00":{"attachment":[{"time":0,"name":"attack1_ghost_2"},{"time":0.1333,"name":"attack1_ghost_3"},{"time":0.1666,"name":"attack1_ghost_4"},{"time":0.2,"name":"attack1_ghost_2"},{"time":0.3333,"name":"attack1_ghost_4"},{"time":0.4333,"name":"attack1_ghost_3"}],"color":[{"time":0.3333,"color":"ffffffff"},{"time":0.5,"color":"ffffff00"}]},"GHOST_01":{"attachment":[{"time":0,"name":"attack1_ghost_0"},{"time":0.2,"name":"attack1_ghost_2"},{"time":0.3333,"name":"attack1_ghost_4"},{"time":0.4333,"name":"attack1_ghost_3"}],"color":[{"time":0.3333,"color":"ffffffff"},{"time":0.5,"color":"ffffff00"}]},"MAIN":{"attachment":[{"time":0,"name":"skill1_0"},{"time":0.1666,"name":"skill1_1"},{"time":0.2333,"name":"skill2_0"},{"time":0.3,"name":"skill2_1"},{"time":0.3666,"name":"skill2_2"},{"time":0.4333,"name":"skill2_0"},{"time":0.5,"name":"skill2_1"},{"time":0.5666,"name":"skill2_2"},{"time":0.6333,"name":"skill2_0"},{"time":0.7,"name":"skill2_1"},{"time":0.7666,"name":"skill2_2"},{"time":0.8333,"name":"skill2_0"},{"time":0.9,"name":"skill2_1"},{"time":0.9666,"name":"skill2_2"},{"time":1.0333,"name":"skill2_0"},{"time":1.1,"name":"skill2_1"},{"time":1.1666,"name":"skill2_2"},{"time":1.2333,"name":"skill2_0"},{"time":1.3,"name":"skill2_1"},{"time":1.3666,"name":"skill2_2"},{"time":1.4333,"name":"skill2_0"},{"time":1.5,"name":"skill2_1"},{"time":1.5666,"name":"skill2_2"},{"time":1.6333,"name":"skill2_0"},{"time":1.7,"name":"skill1_3"},{"time":1.7666,"name":"skill1_4"},{"time":1.8,"name":"skill1_5"},{"time":1.8333,"name":"skill1_6"}]}},"bones":{"MAIN":{"translate":[{"time":0,"x":0,"y":0},{"time":0.0666,"x":0,"y":-8.22},{"time":0.2333,"x":0,"y":0.82},{"time":1.6666,"x":0,"y":2.46,"curve":"stepped"},{"time":1.7333,"x":0,"y":0,"curve":[0.038,0.74,0.75,1]},{"time":1.9,"x":39.21,"y":4.85,"curve":[0.19,0.45,0.75,1]},{"time":3.1666,"x":45.3,"y":5.05}]},"DAMAGEAREA":{"translate":[{"time":1.7333,"x":-277.65,"y":68.23,"curve":"stepped"},{"time":1.8,"x":-253.6,"y":31.52},{"time":1.8333,"x":-268.49,"y":390.7}],"scale":[{"time":1.8,"x":2.088,"y":1},{"time":1.8333,"x":2.817,"y":4.933}]},"GHOST_00":{"rotate":[{"time":0,"angle":0},{"time":0.1333,"angle":-41.05,"curve":"stepped"},{"time":0.1666,"angle":45.34,"curve":"stepped"},{"time":0.2,"angle":29.49},{"time":0.3,"angle":49.43,"curve":"stepped"},{"time":0.3333,"angle":-46.29},{"time":0.4333,"angle":-60.99}],"translate":[{"time":0,"x":0,"y":0},{"time":0.1333,"x":-115.53,"y":61.16,"curve":"stepped"},{"time":0.1666,"x":-100,"y":103.88,"curve":"stepped"},{"time":0.2,"x":-82.52,"y":112.62,"curve":"stepped"},{"time":0.2333,"x":-54.37,"y":126.21},{"time":0.3,"x":3.88,"y":170.87},{"time":0.3333,"x":-32.04,"y":221.36},{"time":0.4333,"x":-82.98,"y":281.42}],"scale":[{"time":0,"x":1,"y":1,"curve":"stepped"},{"time":0.1333,"x":1,"y":1,"curve":"stepped"},{"time":0.1666,"x":-1,"y":1,"curve":"stepped"},{"time":0.3,"x":-1,"y":1,"curve":"stepped"},{"time":0.3333,"x":1,"y":1}]},"GHOST_01":{"rotate":[{"time":0,"angle":0,"curve":"stepped"},{"time":0.1333,"angle":0,"curve":"stepped"},{"time":0.1666,"angle":-61.95,"curve":"stepped"},{"time":0.2,"angle":-30.99},{"time":0.3,"angle":-44.71,"curve":"stepped"},{"time":0.3333,"angle":46.47},{"time":0.4333,"angle":60.54}],"translate":[{"time":0,"x":0,"y":0},{"time":0.1333,"x":144.66,"y":56.31,"curve":"stepped"},{"time":0.1666,"x":131.07,"y":128.15,"curve":"stepped"},{"time":0.2,"x":118.45,"y":140.78,"curve":"stepped"},{"time":0.2333,"x":77.67,"y":154.37},{"time":0.3,"x":2.91,"y":196.12},{"time":0.3333,"x":48.54,"y":249.52},{"time":0.4333,"x":99.31,"y":309.74}],"scale":[{"time":0,"x":-1,"y":1,"curve":"stepped"},{"time":0.1333,"x":-1,"y":1,"curve":"stepped"},{"time":0.1666,"x":1,"y":1,"curve":"stepped"},{"time":0.3,"x":1,"y":1,"curve":"stepped"},{"time":0.3333,"x":-1,"y":1}]},"EF_magic1":{"rotate":[{"time":0,"angle":0},{"time":0.2333,"angle":17.48},{"time":1.6333,"angle":113.86}]},"EF_magic_root":{"translate":[{"time":0,"x":-250,"y":0}],"scale":[{"time":0,"x":1,"y":0.15},{"time":0.2333,"x":2,"y":0.297,"curve":"stepped"},{"time":1.6333,"x":2,"y":0.297},{"time":1.7333,"x":2.876,"y":0.427}]}},"drawOrder":[{"time":0.2},{"time":0.2333,"offsets":[{"slot":"GHOST_01","offset":2},{"slot":"MAIN","offset":0}]},{"time":0.5,"offsets":[{"slot":"GHOST_01","offset":2},{"slot":"MAIN","offset":0}]}],"events":[{"time":0,"name":"HitEffect","string":"setHitEffect(hit02e,1,0.6,100)"},{"time":0.1333,"name":"Voice","string":"cri_060_voice_fullarts_rank5"},{"time":0.2,"name":"Sound1","string":"cri_se_battle_charge_long"},{"time":0.2,"name":"Sound2","string":"cri_se_battle_effect_01"},{"time":0.7666,"name":"Sound1","string":"cri_se_battle_arrow_light_effect"},{"time":0.7666,"name":"Sound3","string":"cri_se_battle_hard_hit"},{"time":0.9333,"name":"Sound1","string":"cri_se_battle_spark"},{"time":1.7333,"name":"Sound1","string":"cri_se_battle_skill_shot"},{"time":1.8333,"name":"Event","float":0.18,"string":"kHitStopType_normal"},{"time":1.9333,"name":"Hit","float":1.2,"string":"resetHitList"},{"time":1.9666,"name":"Event","float":1.5,"string":"shakeGround_Loop"},{"time":1.9666,"name":"Sound1","string":"cri_se_battle_spark_rise"},{"time":1.9666,"name":"Sound2","string":"cri_se_battle_monster_hit"},{"time":1.9666,"name":"Sound3","string":"cri_se_battle_skill_elxplosion"},{"time":2,"name":"Event","string":"addOrbitSystemCamera_3RockandFlash"},{"time":2,"name":"Hit","float":1.5,"string":"resetHitList"},{"time":2,"name":"Sound1","string":"setHitSound(se_battle_spark)"},{"time":2.0666,"name":"Event","float":0.05,"string":"kHitStopType_enemyonly"},{"time":2.0666,"name":"Hit","float":1.9,"string":"resetHitList"},{"time":2.1,"name":"Sound2","string":"cri_se_battle_030_explosion_02"},{"time":2.1666,"name":"Hit","float":2.4,"string":"resetHitList"},{"time":2.2,"name":"Event","string":"kImpactType_up"},{"time":2.2666,"name":"Hit","float":3,"string":"resetHitList"},{"time":2.3333,"name":"Hit","float":3,"string":"resetHitList"},{"time":2.3333,"name":"Sound2","string":"cri_se_battle_032_explosion_04"},{"time":2.4,"name":"Hit","float":3,"string":"resetHitList"},{"time":2.4666,"name":"Event","string":"kImpactType_up"},{"time":2.4666,"name":"Hit","float":3,"string":"resetHitList"},{"time":2.5666,"name":"Hit","float":3,"string":"resetHitList"},{"time":2.6333,"name":"Hit","float":3,"string":"resetHitList"},{"time":2.6666,"name":"Event","string":"kImpactType_up"},{"time":2.7,"name":"Hit","float":3,"string":"resetHitList"},{"time":2.8,"name":"Event","string":"kImpactType_up"},{"time":2.8,"name":"Hit","float":3,"string":"resetHitList"},{"time":2.8666,"name":"Event","string":"kImpactType_up"},{"time":2.8666,"name":"Hit","float":3,"string":"resetHitList"}]},"skill3":{"slots":{"DAMAGEAREA":{"attachment":[{"time":1.6666,"name":"DAMAGEAREA"},{"time":2.7333,"name":null},{"time":3.1333,"name":"DAMAGEAREA"},{"time":4,"name":null},{"time":4.3333,"name":"DAMAGEAREA"},{"time":6.3333,"name":null}]},"EF_aura1":{"attachment":[{"time":2.6666,"name":"EF/EF_aura/ef_energy_aura_main_00001"},{"time":2.7,"name":"EF/EF_aura/ef_energy_aura_main_00002"},{"time":2.7333,"name":"EF/EF_aura/ef_energy_aura_main_00003"},{"time":2.7666,"name":"EF/EF_aura/ef_energy_aura_main_00004"},{"time":2.8,"name":"EF/EF_aura/ef_energy_aura_main_00005"},{"time":2.8333,"name":"EF/EF_aura/ef_energy_aura_main_00001"},{"time":2.8666,"name":"EF/EF_aura/ef_energy_aura_main_00001"},{"time":2.9,"name":"EF/EF_aura/ef_energy_aura_main_00002"},{"time":2.9333,"name":"EF/EF_aura/ef_energy_aura_main_00003"},{"time":2.9666,"name":"EF/EF_aura/ef_energy_aura_main_00004"},{"time":3,"name":"EF/EF_aura/ef_energy_aura_main_00005"},{"time":3.0333,"name":"EF/EF_aura/ef_energy_aura_main_00001"},{"time":3.0666,"name":null},{"time":4.3666,"name":"EF/EF_aura/ef_energy_aura_main_00001"},{"time":4.4,"name":"EF/EF_aura/ef_energy_aura_main_00002"},{"time":4.4333,"name":"EF/EF_aura/ef_energy_aura_main_00003"},{"time":4.4666,"name":"EF/EF_aura/ef_energy_aura_main_00004"},{"time":4.5,"name":"EF/EF_aura/ef_energy_aura_main_00005"},{"time":4.5333,"name":"EF/EF_aura/ef_energy_aura_main_00001"},{"time":4.5666,"name":"EF/EF_aura/ef_energy_aura_main_00002"},{"time":4.6,"name":"EF/EF_aura/ef_energy_aura_main_00003"},{"time":4.6333,"name":"EF/EF_aura/ef_energy_aura_main_00004"},{"time":4.6666,"name":"EF/EF_aura/ef_energy_aura_main_00005"},{"time":4.7,"name":"EF/EF_aura/ef_energy_aura_main_00001"},{"time":4.7333,"name":"EF/EF_aura/ef_energy_aura_main_00002"},{"time":4.7666,"name":"EF/EF_aura/ef_energy_aura_main_00003"},{"time":4.8,"name":"EF/EF_aura/ef_energy_aura_main_00004"},{"time":4.8333,"name":"EF/EF_aura/ef_energy_aura_main_00005"},{"time":4.8666,"name":"EF/EF_aura/ef_energy_aura_main_00001"},{"time":4.9,"name":"EF/EF_aura/ef_energy_aura_main_00002"},{"time":4.9333,"name":"EF/EF_aura/ef_energy_aura_main_00003"},{"time":4.9666,"name":"EF/EF_aura/ef_energy_aura_main_00004"},{"time":5,"name":"EF/EF_aura/ef_energy_aura_main_00005"},{"time":5.0333,"name":"EF/EF_aura/ef_energy_aura_main_00001"},{"time":5.0666,"name":"EF/EF_aura/ef_energy_aura_main_00002"},{"time":5.1,"name":"EF/EF_aura/ef_energy_aura_main_00003"},{"time":5.1333,"name":"EF/EF_aura/ef_energy_aura_main_00004"},{"time":5.1666,"name":"EF/EF_aura/ef_energy_aura_main_00005"},{"time":5.2,"name":"EF/EF_aura/ef_energy_aura_main_00001"},{"time":5.2333,"name":"EF/EF_aura/ef_energy_aura_main_00002"},{"time":5.2666,"name":"EF/EF_aura/ef_energy_aura_main_00003"},{"time":5.3,"name":"EF/EF_aura/ef_energy_aura_main_00004"},{"time":5.3333,"name":"EF/EF_aura/ef_energy_aura_main_00005"},{"time":5.3666,"name":"EF/EF_aura/ef_energy_aura_main_00001"},{"time":5.4,"name":"EF/EF_aura/ef_energy_aura_main_00002"},{"time":5.4333,"name":"EF/EF_aura/ef_energy_aura_main_00003"},{"time":5.4666,"name":"EF/EF_aura/ef_energy_aura_main_00004"},{"time":5.5,"name":"EF/EF_aura/ef_energy_aura_main_00005"},{"time":5.5333,"name":"EF/EF_aura/ef_energy_aura_main_00001"},{"time":5.5666,"name":"EF/EF_aura/ef_energy_aura_main_00002"},{"time":5.6,"name":"EF/EF_aura/ef_energy_aura_main_00003"},{"time":5.6333,"name":"EF/EF_aura/ef_energy_aura_main_00004"},{"time":5.6666,"name":"EF/EF_aura/ef_energy_aura_main_00005"},{"time":5.7,"name":"EF/EF_aura/ef_energy_aura_main_00001"},{"time":5.7333,"name":"EF/EF_aura/ef_energy_aura_main_00002"},{"time":5.7666,"name":"EF/EF_aura/ef_energy_aura_main_00003"},{"time":5.8,"name":"EF/EF_aura/ef_energy_aura_main_00004"},{"time":5.8333,"name":"EF/EF_aura/ef_energy_aura_main_00005"},{"time":5.8666,"name":"EF/EF_aura/ef_energy_aura_main_00001"},{"time":5.9,"name":"EF/EF_aura/ef_energy_aura_main_00002"},{"time":5.9333,"name":"EF/EF_aura/ef_energy_aura_main_00003"},{"time":5.9666,"name":"EF/EF_aura/ef_energy_aura_main_00004"},{"time":6,"name":"EF/EF_aura/ef_energy_aura_main_00005"},{"time":6.0333,"name":"EF/EF_aura/ef_energy_aura_main_00001"},{"time":6.0666,"name":"EF/EF_aura/ef_energy_aura_main_00002"},{"time":6.1,"name":"EF/EF_aura/ef_energy_aura_main_00003"},{"time":6.1333,"name":"EF/EF_aura/ef_energy_aura_main_00004"},{"time":6.1666,"name":null}]},"EF_light1_1":{"attachment":[{"time":1.5333,"name":"EF/900_S2_sphire2_00004"},{"time":1.9666,"name":null},{"time":6.1333,"name":"EF/900_S2_sphire2_00004"},{"time":6.5666,"name":null}],"color":[{"time":1.5333,"color":"ffffffff","curve":[0.182,0.44,0.75,1]},{"time":1.9666,"color":"ffffff00","curve":"stepped"},{"time":6.1333,"color":"ffffffff","curve":[0.182,0.44,0.75,1]},{"time":6.5666,"color":"ffffff00"}]},"EF_light1_2":{"attachment":[{"time":1.5333,"name":"EF/900_S2_sphire2_00004"},{"time":1.9666,"name":null},{"time":6.1333,"name":"EF/900_S2_sphire2_00004"},{"time":6.5666,"name":null}],"color":[{"time":1.5333,"color":"ffffffff","curve":[0.182,0.44,0.75,1]},{"time":1.9666,"color":"ffffff00","curve":"stepped"},{"time":6.1333,"color":"ffffffff","curve":[0.182,0.44,0.75,1]},{"time":6.5666,"color":"ffffff00"}]},"EF_light1_3":{"attachment":[{"time":1.5333,"name":"EF/900_S2_sphire2_00004"},{"time":1.9666,"name":null},{"time":6.1333,"name":"EF/900_S2_sphire2_00004"},{"time":6.5666,"name":null}],"color":[{"time":1.5333,"color":"ffffffff","curve":[0.182,0.44,0.75,1]},{"time":1.9666,"color":"ffffff00","curve":"stepped"},{"time":6.1333,"color":"ffffffff","curve":[0.182,0.44,0.75,1]},{"time":6.5666,"color":"ffffff00"}]},"EF_magic1":{"attachment":[{"time":4.4,"name":"EF/magic/magic_5dark"}],"color":[{"time":6.1666,"color":"ffffffff"},{"time":6.6666,"color":"ffffff00"}]},"EF_magic2":{"attachment":[{"time":4.5,"name":"EF/magic/magic_5dark"},{"time":5,"name":"EF/magic/magic_5dark"},{"time":5.5,"name":"EF/magic/magic_5dark"},{"time":6,"name":"EF/magic/magic_5dark"}],"color":[{"time":4.5,"color":"ffffff00"},{"time":4.5666,"color":"ffffffff"},{"time":4.8333,"color":"ffffff00","curve":"stepped"},{"time":5,"color":"ffffff00"},{"time":5.0666,"color":"ffffffff"},{"time":5.3333,"color":"ffffff00","curve":"stepped"},{"time":5.5,"color":"ffffff00"},{"time":5.5666,"color":"ffffffff"},{"time":5.8333,"color":"ffffff00","curve":"stepped"},{"time":6,"color":"ffffff00"},{"time":6.0666,"color":"ffffffff"},{"time":6.3333,"color":"ffffff00"}]},"GHOST_00":{"attachment":[{"time":0,"name":null}]},"GHOST_01":{"attachment":[{"time":0,"name":null}]},"MAIN":{"attachment":[{"time":0,"name":"attack2_1"},{"time":0.0333,"name":"attack2_0"},{"time":0.1333,"name":"attack2_1"},{"time":0.4666,"name":"attack2_2"},{"time":0.5,"name":"attack2_3"},{"time":0.5333,"name":"attack2_4"},{"time":0.6333,"name":"skill1_afterimage"},{"time":0.7333,"name":null},{"time":0.8666,"name":"skill1_afterimage"},{"time":0.9333,"name":"skill3_2"},{"time":1.5333,"name":"skill3_3"},{"time":1.5666,"name":"skill3_4"},{"time":1.6,"name":"skill3_3"},{"time":1.6333,"name":"skill3_4"},{"time":1.6666,"name":"skill3_3"},{"time":1.7,"name":"skill3_4"},{"time":1.7333,"name":"skill3_3"},{"time":1.7666,"name":"skill3_4"},{"time":1.8,"name":"skill3_3"},{"time":1.8333,"name":"skill3_4"},{"time":1.8666,"name":"skill3_3"},{"time":1.9,"name":"skill3_4"},{"time":1.9333,"name":"skill3_3"},{"time":1.9666,"name":"skill3_4"},{"time":2,"name":"skill3_3"},{"time":2.0333,"name":"skill3_4"},{"time":2.0666,"name":"skill3_3"},{"time":2.1,"name":"skill3_4"},{"time":2.1333,"name":"skill3_3"},{"time":2.1666,"name":"skill3_4"},{"time":2.2,"name":"skill3_3"},{"time":2.2333,"name":"skill3_4"},{"time":2.2666,"name":"skill3_3"},{"time":2.3,"name":"skill3_4"},{"time":2.3333,"name":"skill3_3"},{"time":2.3666,"name":"skill3_4"},{"time":2.4,"name":"skill3_3"},{"time":2.4333,"name":"skill3_4"},{"time":2.4666,"name":"skill3_3"},{"time":2.5,"name":"skill3_4"},{"time":2.5666,"name":"back_0"},{"time":2.6,"name":"skill1_0"},{"time":2.6666,"name":"skill1_11"},{"time":3.0666,"name":"skill1_13"},{"time":3.1,"name":"skill1_14"},{"time":3.1333,"name":"skill1_13"},{"time":3.1666,"name":"skill1_14"},{"time":3.2,"name":"skill1_13"},{"time":3.2333,"name":"skill1_14"},{"time":3.2666,"name":"skill1_13"},{"time":3.3,"name":"skill1_14"},{"time":3.3333,"name":"skill1_13"},{"time":3.3666,"name":"skill1_14"},{"time":3.4,"name":"skill1_13"},{"time":3.4333,"name":"skill1_14"},{"time":3.4666,"name":"skill1_13"},{"time":3.5,"name":"skill1_14"},{"time":3.7333,"name":"skill1_4"},{"time":3.8,"name":"skill1_5"},{"time":4,"name":"skill1_6"},{"time":4.2,"name":"skill1_afterimage"},{"time":4.2333,"name":null},{"time":4.3,"name":"skill1_afterimage"},{"time":4.3333,"name":"skill1_14"},{"time":4.3666,"name":"attack2_4"},{"time":4.4,"name":"skill3_5"},{"time":6.1666,"name":"skill3_6"},{"time":6.7,"name":"attack2_1"},{"time":6.7666,"name":"attack2_2"},{"time":6.8,"name":"back_0"},{"time":6.9,"name":"idle_3"},{"time":7,"name":"idle_0"}],"color":[{"time":0.6333,"color":"ffffffff"},{"time":0.7333,"color":"ffffff00","curve":"stepped"},{"time":0.8666,"color":"ffffffff"}]}},"bones":{"MAIN":{"rotate":[{"time":1.5,"angle":0},{"time":1.5333,"angle":3.38,"curve":"stepped"},{"time":4,"angle":0,"curve":"stepped"},{"time":4.0333,"angle":0,"curve":"stepped"},{"time":4.2,"angle":360}],"translate":[{"time":0,"x":81.46,"y":0,"curve":"stepped"},{"time":0.3333,"x":81.46,"y":0,"curve":"stepped"},{"time":0.4666,"x":81.46,"y":0,"curve":[0.139,0.6,0.75,1]},{"time":0.6666,"x":58.68,"y":0,"curve":"stepped"},{"time":0.8666,"x":203.17,"y":90.11,"curve":[0.145,0.75,0.75,1]},{"time":1.5333,"x":210.94,"y":90.11},{"time":1.5666,"x":213.12,"y":90.11},{"time":1.6,"x":210.94,"y":90.11},{"time":1.6333,"x":213.12,"y":90.11},{"time":1.6666,"x":210.94,"y":90.11},{"time":1.7,"x":213.12,"y":90.11},{"time":1.7333,"x":210.94,"y":90.11},{"time":1.7666,"x":213.12,"y":90.11},{"time":1.8,"x":210.94,"y":90.11},{"time":1.8333,"x":213.12,"y":90.11},{"time":1.8666,"x":210.94,"y":90.11},{"time":1.9,"x":213.12,"y":90.11},{"time":1.9333,"x":210.94,"y":90.11},{"time":1.9666,"x":213.12,"y":90.11},{"time":2,"x":210.94,"y":90.11},{"time":2.0333,"x":213.12,"y":90.11},{"time":2.0666,"x":210.94,"y":90.11},{"time":2.1,"x":213.12,"y":90.11},{"time":2.1333,"x":210.94,"y":90.11},{"time":2.1666,"x":213.12,"y":90.11},{"time":2.2,"x":210.94,"y":90.11},{"time":2.2333,"x":213.12,"y":90.11},{"time":2.2666,"x":210.94,"y":90.11},{"time":2.3,"x":213.12,"y":90.11},{"time":2.3333,"x":210.94,"y":90.11},{"time":2.3666,"x":213.12,"y":90.11},{"time":2.4,"x":210.94,"y":90.11},{"time":2.4333,"x":213.12,"y":90.11},{"time":2.4666,"x":210.94,"y":90.11,"curve":"stepped"},{"time":2.5,"x":210.94,"y":90.11,"curve":[0.177,0.63,0.623,0.89]},{"time":2.6333,"x":224.2,"y":90.89,"curve":[0.241,0.39,0.587,0.72]},{"time":2.7,"x":266.33,"y":93.37,"curve":"stepped"},{"time":2.9333,"x":266.33,"y":93.37,"curve":[0.274,0.58,0.659,0.86]},{"time":3.0666,"x":267.68,"y":93.37},{"time":3.1,"x":273.36,"y":97.92,"curve":"stepped"},{"time":3.1333,"x":267.68,"y":93.37},{"time":3.1666,"x":273.36,"y":97.92,"curve":"stepped"},{"time":3.2,"x":267.68,"y":93.37},{"time":3.2333,"x":273.36,"y":97.92,"curve":"stepped"},{"time":3.2666,"x":267.68,"y":93.37},{"time":3.3,"x":273.36,"y":97.92,"curve":"stepped"},{"time":3.3333,"x":267.68,"y":93.37},{"time":3.3666,"x":273.36,"y":97.92,"curve":"stepped"},{"time":3.4,"x":267.68,"y":93.37},{"time":3.4333,"x":273.36,"y":97.92,"curve":"stepped"},{"time":3.4666,"x":267.68,"y":93.37},{"time":3.5,"x":273.36,"y":97.92,"curve":"stepped"},{"time":3.5666,"x":273.36,"y":97.92,"curve":[0.292,0.45,0.641,0.77]},{"time":4,"x":275.64,"y":97.92,"curve":"stepped"},{"time":4.1666,"x":275.64,"y":97.92},{"time":4.2,"x":241.21,"y":61.25,"curve":"stepped"},{"time":4.2333,"x":-150.63,"y":-38.68,"curve":"stepped"},{"time":4.3,"x":176.27,"y":6.5,"curve":"stepped"},{"time":4.3333,"x":86.83,"y":-38.68},{"time":4.4,"x":-19.31,"y":-17.43,"curve":[0.25,0,0.75,1]},{"time":4.4666,"x":-19.31,"y":-11.27,"curve":[0.25,0,0.75,1]},{"time":5.7333,"x":-19.31,"y":0.02,"curve":"stepped"},{"time":6.1333,"x":-19.31,"y":16.45,"curve":[0.25,0,0.75,1]},{"time":6.1666,"x":-19.31,"y":-21.54,"curve":[0.25,0,0.75,1]},{"time":6.2,"x":-19.31,"y":1.05,"curve":[0.25,0,0.75,1]},{"time":6.2333,"x":-19.31,"y":0.02,"curve":"stepped"},{"time":6.6666,"x":-19.31,"y":0.02,"curve":[0.25,0,0.75,1]},{"time":6.8333,"x":257.98,"y":-9.87},{"time":7,"x":263.11,"y":-9.87}]},"SHADOW-OFFSET":{"rotate":[{"time":1.8,"angle":-8.78},{"time":1.8666,"angle":0}]},"HITBOX":{"rotate":[{"time":1.8,"angle":-8.78},{"time":1.8666,"angle":0}]},"EF_light1_1":{"translate":[{"time":1.5333,"x":-5.73,"y":6.45,"curve":"stepped"},{"time":2.3333,"x":0,"y":0}],"scale":[{"time":1.5333,"x":0.528,"y":0.528,"curve":[0.208,0.7,0.557,0.93]},{"time":1.9666,"x":1.301,"y":1.301,"curve":"stepped"},{"time":6.1333,"x":0.528,"y":0.528,"curve":[0.208,0.7,0.557,0.93]},{"time":6.5666,"x":1.301,"y":1.301}]},"EF_light1_2":{"translate":[{"time":1.5333,"x":-5.73,"y":6.45,"curve":"stepped"},{"time":2.3333,"x":0,"y":0}],"scale":[{"time":1.5333,"x":0.528,"y":0.528,"curve":[0.208,0.7,0.557,0.93]},{"time":1.9666,"x":1.301,"y":1.301,"curve":"stepped"},{"time":6.1333,"x":0.528,"y":0.528,"curve":[0.208,0.7,0.557,0.93]},{"time":6.5666,"x":1.301,"y":1.301}]},"EF_light1_3":{"translate":[{"time":1.5333,"x":-5.73,"y":6.45,"curve":"stepped"},{"time":2.3333,"x":0,"y":0}],"scale":[{"time":1.5333,"x":0.528,"y":0.528,"curve":[0.208,0.7,0.557,0.93]},{"time":1.9666,"x":1.301,"y":1.301,"curve":"stepped"},{"time":6.1333,"x":0.528,"y":0.528,"curve":[0.208,0.7,0.557,0.93]},{"time":6.5666,"x":1.301,"y":1.301}]},"EF_aura1":{"rotate":[{"time":2.6666,"angle":-19.05,"curve":"stepped"},{"time":4.3666,"angle":-3.38}],"translate":[{"time":2.6666,"x":131.89,"y":225.12,"curve":[0.149,0.75,0.355,0.92]},{"time":2.7333,"x":145.49,"y":225.12,"curve":"stepped"},{"time":4.3666,"x":-208.92,"y":101.37,"curve":"stepped"},{"time":4.4,"x":-201.2,"y":132.92},{"time":6.1,"x":-200.19,"y":150.01},{"time":6.1333,"x":-199.41,"y":163.35}],"scale":[{"time":4.3666,"x":1.027,"y":1.027,"curve":"stepped"},{"time":6.1,"x":1.027,"y":1.027},{"time":6.2,"x":1.374,"y":1.374}]},"EF_magic1":{"scale":[{"time":6.1666,"x":1,"y":1},{"time":6.6666,"x":1.132,"y":1.132}]},"EF_magic_root":{"translate":[{"time":4.4,"x":-250,"y":406.6}],"scale":[{"time":4.4,"x":2,"y":2}]},"EF_magic2":{"scale":[{"time":4.5,"x":1,"y":1,"curve":[0.166,0.55,0.75,1]},{"time":4.8333,"x":1.206,"y":1.206,"curve":"stepped"},{"time":5,"x":1,"y":1,"curve":[0.166,0.55,0.75,1]},{"time":5.3333,"x":1.206,"y":1.206,"curve":"stepped"},{"time":5.5,"x":1,"y":1,"curve":[0.166,0.55,0.75,1]},{"time":5.8333,"x":1.206,"y":1.206,"curve":"stepped"},{"time":6,"x":1,"y":1,"curve":[0.166,0.55,0.75,1]},{"time":6.3333,"x":1.206,"y":1.206}]},"DAMAGEAREA":{"translate":[{"time":1.6666,"x":6.13,"y":203.99},{"time":1.7666,"x":-90.49,"y":203.99,"curve":"stepped"},{"time":3.1333,"x":-133.24,"y":26.63},{"time":3.2666,"x":-207.06,"y":50.61},{"time":3.5333,"x":-179.45,"y":32.2,"curve":"stepped"},{"time":4.3333,"x":3.66,"y":82.4,"curve":"stepped"},{"time":4.4,"x":0,"y":401.01}],"scale":[{"time":1.6666,"x":2.712,"y":2.233},{"time":1.7666,"x":3.586,"y":2.849},{"time":2.3333,"x":3.586,"y":3.549,"curve":"stepped"},{"time":3.1333,"x":0.567,"y":0.38},{"time":3.2666,"x":3.396,"y":1.152},{"time":3.5333,"x":4.437,"y":1.382,"curve":"stepped"},{"time":4.3333,"x":0.53,"y":0.553,"curve":"stepped"},{"time":4.4,"x":1.026,"y":1}]}},"events":[{"time":0,"name":"HitEffect","string":"setHitEffect(hit02e, 0)"},{"time":0,"name":"Sound1"},{"time":0.6,"name":"Event","string":"addOrbitSystem_4flame"},{"time":0.7333,"name":"Event","int":234,"string":"setPosition_Target"},{"time":1.6666,"name":"Event2","float":0.01,"string":"kHitStopType_normal"},{"time":1.7,"name":"Event","float":0.5,"string":"shakeGround_Loop"},{"time":1.7,"name":"Hit","string":"resetHitList"},{"time":1.7333,"name":"Hit","string":"resetHitList"},{"time":1.7666,"name":"Hit","string":"resetHitList"},{"time":1.8,"name":"Hit","string":"resetHitList"},{"time":1.8333,"name":"Hit","string":"resetHitList"},{"time":1.8666,"name":"Hit","string":"resetHitList"},{"time":1.9,"name":"Hit","string":"resetHitList"},{"time":1.9333,"name":"Hit","string":"resetHitList"},{"time":1.9666,"name":"Hit","string":"resetHitList"},{"time":2,"name":"Event","float":0.5,"string":"shakeGround_Loop"},{"time":2,"name":"Hit","string":"resetHitList"},{"time":2.0333,"name":"Hit","string":"resetHitList"},{"time":2.0666,"name":"Hit","string":"resetHitList"},{"time":2.1,"name":"Hit","string":"resetHitList"},{"time":2.1333,"name":"Hit","string":"resetHitList"},{"time":2.1666,"name":"Hit","string":"resetHitList"},{"time":2.2,"name":"Hit","string":"resetHitList"},{"time":2.2333,"name":"Hit","string":"resetHitList"},{"time":2.2666,"name":"Hit","string":"resetHitList"},{"time":2.3,"name":"Hit","string":"resetHitList"},{"time":2.3333,"name":"Event","float":0.5,"string":"shakeGround_Loop"},{"time":2.3333,"name":"Hit","string":"resetHitList"},{"time":2.3666,"name":"Hit","string":"resetHitList"},{"time":2.4,"name":"Hit","string":"resetHitList"},{"time":2.4333,"name":"Hit","string":"resetHitList"},{"time":2.4666,"name":"Hit","string":"resetHitList"},{"time":2.5,"name":"Hit","string":"resetHitList"},{"time":2.5333,"name":"Hit","string":"resetHitList"},{"time":2.5666,"name":"Hit","string":"resetHitList"},{"time":2.6,"name":"Hit","string":"resetHitList"},{"time":2.6333,"name":"Hit","string":"resetHitList"},{"time":2.6666,"name":"Hit","string":"resetHitList"},{"time":2.7,"name":"Hit","string":"resetHitList"},{"time":2.7333,"name":"Hit","string":"resetHitList"},{"time":3,"name":"Event","string":"shakeGround_Stop"},{"time":3.1333,"name":"Event","float":0.15,"string":"kHitStopType_enemyonly"},{"time":3.1333,"name":"Event2","float":0.15,"string":"kHitStopType_enemyonly"},{"time":3.1666,"name":"Hit","float":1.4,"string":"resetHitList"},{"time":3.2333,"name":"Hit","float":1.4,"string":"resetHitList"},{"time":3.2666,"name":"Hit","float":1.4,"string":"resetHitList"},{"time":3.3333,"name":"Hit","float":1.4,"string":"resetHitList"},{"time":3.3666,"name":"Hit","float":1.4,"string":"resetHitList"},{"time":3.4333,"name":"Hit","float":1.4,"string":"resetHitList"},{"time":3.4666,"name":"Hit","float":1.4,"string":"resetHitList"},{"time":3.5,"name":"Hit","float":1.4,"string":"resetHitList"},{"time":4.2666,"name":"Event","string":"setPosition_Target"},{"time":4.2666,"name":"Event2","float":1,"string":"kHitStopType_enemyonly"},{"time":4.3,"name":"Event","float":0.5,"string":"shakeGround_Loop"},{"time":4.3,"name":"Event2","string":"setHitBackEnemy(0,350)"},{"time":4.3666,"name":"Hit","string":"resetHitList"},{"time":4.4,"name":"Event2","string":"setHitBackEnemy(0,0)"},{"time":4.4666,"name":"Event2","float":0.5,"string":"kHitStopType_enemyonly"},{"time":4.4666,"name":"Hit","string":"resetHitList"},{"time":4.5333,"name":"Hit","string":"resetHitList"},{"time":4.6,"name":"Hit","string":"resetHitList"},{"time":4.6666,"name":"Hit","string":"resetHitList"},{"time":4.7333,"name":"Hit","string":"resetHitList"},{"time":4.8,"name":"Hit","string":"resetHitList"},{"time":4.8666,"name":"Hit","string":"resetHitList"},{"time":4.9333,"name":"Hit","string":"resetHitList"},{"time":5,"name":"Event","float":0.5,"string":"shakeGround_Loop"},{"time":5,"name":"Hit","string":"resetHitList"},{"time":5.0666,"name":"Hit","string":"resetHitList"},{"time":5.1333,"name":"Hit","string":"resetHitList"},{"time":5.2,"name":"Hit","string":"resetHitList"},{"time":5.2666,"name":"Hit","string":"resetHitList"},{"time":5.3333,"name":"Hit","string":"resetHitList"},{"time":5.4,"name":"Hit","string":"resetHitList"},{"time":5.4666,"name":"Hit","string":"resetHitList"},{"time":5.5333,"name":"Hit","string":"resetHitList"},{"time":5.6,"name":"Hit","string":"resetHitList"},{"time":5.6666,"name":"Hit","string":"resetHitList"},{"time":5.7333,"name":"Hit","string":"resetHitList"},{"time":5.8,"name":"Hit","string":"resetHitList"},{"time":5.8666,"name":"Hit","string":"resetHitList"},{"time":5.9333,"name":"Hit","string":"resetHitList"},{"time":6,"name":"Event","float":0.5,"string":"shakeGround_Loop"},{"time":6,"name":"Hit","string":"resetHitList"},{"time":6.0666,"name":"Event","string":"setForceImpact(1)"},{"time":6.0666,"name":"Event2","int":250,"string":"kImpactType_up"},{"time":6.0666,"name":"Hit","string":"resetHitList"},{"time":6.1,"name":"Event","float":2,"string":"shakeGround"},{"time":6.1,"name":"Event2","float":0.8,"string":"kHitStopType_normal"},{"time":6.1666,"name":"Hit","string":"resetHitList"}]}}}