{"skeleton":{"hash":"TRx4RDA1zfcdzmQD4q3KjBvfyXU","spine":"3.0.12","width":0,"height":0,"images":"./imagese/"},"bones":[{"name":"root"},{"name":"MAIN","parent":"root","y":41.64}],"slots":[{"name":"MAIN","bone":"MAIN","attachment":"atacck1_00"}],"skins":{"default":{"MAIN":{"atacck1_00":{"x":-3.99,"y":28.17,"scaleX":2,"scaleY":2,"width":185,"height":119},"atacck1_01":{"x":-3.99,"y":28.17,"scaleX":2,"scaleY":2,"width":185,"height":119},"idle_02":{"x":-9.97,"y":28.02,"scaleX":2,"scaleY":2,"width":131,"height":105},"idle_03":{"x":-9.97,"y":28.02,"scaleX":2,"scaleY":2,"width":131,"height":105}}}},"events":{"Event":{},"Hit":{},"Sound":{},"Sound_2":{},"Sound_3":{},"Voice":{}},"animations":{"idle":{"slots":{"MAIN":{"attachment":[{"time":0,"name":"atacck1_00"},{"time":0.2333,"name":"atacck1_01"},{"time":0.3666,"name":"idle_02"},{"time":0.4333,"name":"idle_02"},{"time":0.5,"name":"idle_03"},{"time":0.6,"name":"idle_02"},{"time":0.6666,"name":"idle_03"},{"time":0.7333,"name":"idle_02"},{"time":0.8,"name":"idle_03"},{"time":0.8666,"name":"idle_02"},{"time":0.9333,"name":"idle_03"},{"time":1,"name":"idle_02"},{"time":1.0666,"name":"idle_03"},{"time":1.1333,"name":"idle_02"},{"time":1.2,"name":"idle_03"},{"time":1.3666,"name":"atacck1_01"},{"time":1.5,"name":"atacck1_00"},{"time":1.7,"name":"atacck1_00"}]}},"events":[{"time":1.6,"name":"Event"}]}}}