{"skeleton":{"hash":"eTi5XId7OaH649kM0zR2rFk8Uqs","spine":"3.0.12","width":0,"height":0},"bones":[{"name":"root"},{"name":"bone","parent":"root","x":123.82,"y":-2.19},{"name":"MAIN","parent":"root","y":75},{"name":"bookD","parent":"MAIN","x":-68.59,"y":-5.66,"scaleX":2,"scaleY":2},{"name":"bookC","parent":"MAIN","x":82.15,"y":-16.07,"scaleX":2,"scaleY":2},{"name":"bookB","parent":"MAIN","x":22.69,"y":80.45,"scaleX":2,"scaleY":2},{"name":"bookA","parent":"MAIN","x":-63.98,"y":22.77,"scaleX":2,"scaleY":2},{"name":"attack_EF_00","parent":"MAIN","x":-70.8,"y":62.56},{"name":"HITBOX","parent":"MAIN","y":-75},{"name":"DAMAGEAREA","parent":"root"},{"name":"wave1","parent":"root","x":0.8},{"name":"wave2","parent":"root","x":0.8},{"name":"weapon","parent":"MAIN","x":7.47,"y":19.44}],"slots":[{"name":"EF/10118_S1_wave1/10118_S1_wave1_00003","bone":"wave1","blend":"additive"},{"name":"EF/10118_S1_wave1/10118_S1_wave1_3","bone":"wave2","blend":"additive"},{"name":"EF/10118_S2_shine1/10118_S2_shine1_00005","bone":"bone","blend":"additive"},{"name":"mant_00","bone":"MAIN","attachment":"mant_00"},{"name":"arm_00","bone":"MAIN","attachment":"arm_00"},{"name":"MAIN","bone":"MAIN","attachment":"idle_00"},{"name":"attack_EF_00","bone":"attack_EF_00"},{"name":"bookA","bone":"bookA","attachment":"bookA_00"},{"name":"bookB","bone":"bookB","attachment":"bookB_00"},{"name":"bookC","bone":"bookC"},{"name":"bookD","bone":"bookD"},{"name":"cloth_00","bone":"MAIN","attachment":"cloth_00"},{"name":"hand_EF_skill2","bone":"MAIN"},{"name":"key_00","bone":"MAIN","attachment":"key_00"},{"name":"weapon_00","bone":"weapon","attachment":"weapon_00"},{"name":"DAMAGEAREA","bone":"DAMAGEAREA"},{"name":"HITBOX","bone":"HITBOX","attachment":"HITBOX"}],"skins":{"default":{"DAMAGEAREA":{"DAMAGEAREA":{"type":"boundingbox","vertices":[-97.74763,96.53001,-98.9666,-97.29103,97.29242,-97.29103,97.29242,97.74898]}},"EF/10118_S1_wave1/10118_S1_wave1_00003":{"EF/10118_S1_wave1/10118_S1_wave1_00004":{"x":-0.8,"width":250,"height":250},"EF/10118_S1_wave1/10118_S1_wave1_00005":{"x":-0.8,"width":250,"height":250},"EF/10118_S1_wave1/10118_S1_wave1_00006":{"x":-0.8,"width":250,"height":250},"EF/10118_S1_wave1/10118_S1_wave1_00007":{"x":-0.8,"width":250,"height":250}},"EF/10118_S1_wave1/10118_S1_wave1_3":{"EF/10118_S1_wave1/10118_S1_wave1_00004":{"x":-0.8,"width":250,"height":250},"EF/10118_S1_wave1/10118_S1_wave1_00005":{"x":-0.8,"width":250,"height":250},"EF/10118_S1_wave1/10118_S1_wave1_00006":{"x":-0.8,"width":250,"height":250},"EF/10118_S1_wave1/10118_S1_wave1_00007":{"x":-0.8,"width":250,"height":250}},"EF/10118_S2_shine1/10118_S2_shine1_00005":{"EF/10118_S2_shine1/10118_S2_shine1_00005":{"x":1.27,"y":3.82,"width":250,"height":250},"EF/10118_S2_shine1/10118_S2_shine1_00006":{"x":1.27,"y":3.82,"width":250,"height":250},"EF/10118_S2_shine1/10118_S2_shine1_00007":{"x":1.27,"y":3.82,"width":250,"height":250},"EF/10118_S2_shine1/10118_S2_shine1_00008":{"x":1.27,"y":3.82,"width":250,"height":250},"EF/10118_S2_shine1/10118_S2_shine1_00009":{"x":1.27,"y":3.82,"width":250,"height":250},"EF/10118_S2_shine1/10118_S2_shine1_00010":{"x":1.27,"y":3.82,"width":250,"height":250},"EF/10118_S2_shine1/10118_S2_shine1_00011":{"x":1.27,"y":3.82,"width":250,"height":250},"EF/10118_S2_shine1/10118_S2_shine1_00012":{"x":1.27,"y":3.82,"width":250,"height":250},"EF/10118_S2_shine1/10118_S2_shine1_00013":{"x":1.27,"y":3.82,"width":250,"height":250},"EF/10118_S2_shine1/10118_S2_shine1_00014":{"x":1.27,"y":3.82,"width":250,"height":250},"EF/10118_S2_shine1/10118_S2_shine1_00015":{"x":1.27,"y":3.82,"width":250,"height":250},"EF/10118_S2_shine1/10118_S2_shine1_00016":{"x":1.27,"y":3.82,"width":250,"height":250}},"HITBOX":{"HITBOX":{"type":"boundingbox","vertices":[-58.73957,137.97595,-59.95862,-0.99001,63.16038,0.22895,63.16038,136.75699]}},"MAIN":{"attack1_00":{"x":-10,"y":12,"scaleX":2,"scaleY":2,"width":200,"height":200},"attack1_01":{"x":-10,"y":12,"scaleX":2,"scaleY":2,"width":200,"height":200},"attack1_02":{"x":-10,"y":12,"scaleX":2,"scaleY":2,"width":200,"height":200},"attack1_03":{"x":-10,"y":12,"scaleX":2,"scaleY":2,"width":200,"height":200},"attack1_04":{"x":-10,"y":12,"scaleX":2,"scaleY":2,"width":200,"height":200},"attack1_05":{"x":-10,"y":12,"scaleX":2,"scaleY":2,"width":200,"height":200},"back_00":{"y":-1.71,"scaleX":2,"scaleY":2,"width":201,"height":200},"damage_00":{"x":1.44,"y":-0.99,"scaleX":2,"scaleY":2,"width":200,"height":200},"front_00":{"y":-1.71,"scaleX":2,"scaleY":2,"width":200,"height":200},"idle_00":{"y":-1.71,"scaleX":2,"scaleY":2,"width":200,"height":200},"idle_01":{"y":-1.71,"scaleX":2,"scaleY":2,"width":200,"height":200},"idle_02":{"y":-1.71,"scaleX":2,"scaleY":2,"width":200,"height":200},"idle_03":{"y":-1.71,"scaleX":2,"scaleY":2,"width":200,"height":200},"idle_04":{"y":-1.71,"scaleX":2,"scaleY":2,"width":200,"height":200},"skill2_00":{"y":-1.71,"scaleX":2,"scaleY":2,"width":201,"height":202},"skill2_01":{"y":-1.71,"scaleX":2,"scaleY":2,"width":201,"height":202},"skill2_02":{"y":-1.71,"scaleX":2,"scaleY":2,"width":201,"height":202},"skill2_03":{"y":-1.71,"scaleX":2,"scaleY":2,"width":201,"height":202},"skill2_04":{"y":-1.71,"scaleX":2,"scaleY":2,"width":201,"height":202}},"arm_00":{"arm_00":{"y":-1.71,"scaleX":2,"scaleY":2,"width":200,"height":200},"arm_01":{"y":-1.71,"scaleX":2,"scaleY":2,"width":200,"height":200},"arm_02":{"y":-1.71,"scaleX":2,"scaleY":2,"width":200,"height":200},"arm_03":{"y":-1.71,"scaleX":2,"scaleY":2,"width":200,"height":200},"arm_04":{"y":-1.71,"scaleX":2,"scaleY":2,"width":200,"height":200}},"attack_EF_00":{"attack_EF_00":{"x":70.8,"y":-64.27,"scaleX":2,"scaleY":2,"width":200,"height":200},"attack_EF_01":{"x":70.8,"y":-64.27,"scaleX":2,"scaleY":2,"width":200,"height":200}},"bookA":{"bookA_00":{"x":33.99,"y":-13.15,"width":200,"height":200},"bookA_01":{"x":33.89,"y":-16.25,"width":200,"height":200},"bookA_02":{"x":33.89,"y":-17.25,"width":200,"height":200},"bookA_03":{"x":33.89,"y":-16.25,"width":200,"height":200},"bookA_attack_01":{"x":7.99,"y":-14.45,"width":200,"height":200},"bookA_attack_02":{"x":-40.84,"y":-6.46,"width":200,"height":200},"bookA_attack_03":{"x":-7.58,"y":16.43,"width":200,"height":200}},"bookB":{"bookB_00":{"x":-10.26,"y":-41.72,"width":200,"height":200},"bookB_attack_01":{"x":-25.81,"y":-27.09,"width":200,"height":200},"bookB_attack_02":{"x":13.85,"y":-31.12,"width":200,"height":200},"bookB_attack_03":{"x":-1.6,"y":-33.14,"width":200,"height":200}},"bookC":{"bookC_00":{"x":-41.07,"y":7.18,"width":200,"height":200},"bookC_01":{"x":-41.07,"y":6.36,"width":200,"height":200},"bookC_02":{"x":-41.07,"y":7.18,"width":200,"height":200},"bookC_03":{"x":-41.07,"y":7.18,"width":200,"height":200},"bookC_04":{"x":-41.07,"y":7.18,"width":200,"height":200},"bookC_attack_02":{"x":29.38,"y":11.3,"width":200,"height":200},"bookC_attack_03":{"x":-20.41,"y":7.47,"width":200,"height":200}},"bookD":{"bookD_skill2_00":{"x":34.29,"y":1.97,"width":201,"height":202},"bookD_skill2_01":{"x":34.29,"y":1.97,"width":201,"height":202},"bookD_skill2_02":{"x":34.29,"y":1.97,"width":201,"height":202},"bookD_skill2_03":{"x":34.29,"y":1.97,"width":201,"height":202},"bookD_skill2_04":{"x":34.29,"y":1.97,"width":201,"height":202}},"cloth_00":{"cloth_00":{"y":-1.71,"scaleX":2,"scaleY":2,"width":200,"height":200},"cloth_01":{"y":-1.71,"scaleX":2,"scaleY":2,"width":200,"height":200},"cloth_02":{"y":-1.71,"scaleX":2,"scaleY":2,"width":200,"height":200},"cloth_03":{"y":-1.71,"scaleX":2,"scaleY":2,"width":200,"height":200},"cloth_04":{"y":-1.71,"scaleX":2,"scaleY":2,"width":200,"height":200}},"hand_EF_skill2":{"hand_EF_skill2_00":{"y":-1.71,"scaleX":2,"scaleY":2,"width":201,"height":202},"hand_EF_skill2_01":{"y":-1.71,"scaleX":2,"scaleY":2,"width":201,"height":202}},"key_00":{"key_00":{"y":-1.71,"scaleX":2,"scaleY":2,"width":200,"height":200},"key_01":{"y":-1.71,"scaleX":2,"scaleY":2,"width":200,"height":200},"key_02":{"y":-1.71,"scaleX":2,"scaleY":2,"width":200,"height":200},"key_03":{"y":-1.71,"scaleX":2,"scaleY":2,"width":200,"height":200},"key_04":{"y":-1.71,"scaleX":2,"scaleY":2,"width":200,"height":200}},"mant_00":{"mant_00":{"y":-1.7,"scaleX":2,"scaleY":2,"width":200,"height":200},"mant_01":{"y":-1.7,"scaleX":2,"scaleY":2,"width":200,"height":200},"mant_02":{"y":-1.7,"scaleX":2,"scaleY":2,"width":200,"height":200},"mant_03":{"y":-1.7,"scaleX":2,"scaleY":2,"width":200,"height":200},"mant_04":{"y":-1.7,"scaleX":2,"scaleY":2,"width":200,"height":200}},"weapon_00":{"weapon_00":{"x":-7.47,"y":-21.15,"scaleX":2,"scaleY":2,"width":200,"height":200},"weapon_01":{"x":-7.47,"y":-21.15,"scaleX":2,"scaleY":2,"width":200,"height":200},"weapon_02":{"x":-7.47,"y":-21.15,"scaleX":2,"scaleY":2,"width":200,"height":200},"weapon_03":{"x":-7.47,"y":-21.15,"scaleX":2,"scaleY":2,"width":200,"height":200},"weapon_04":{"x":-7.47,"y":-21.15,"scaleX":2,"scaleY":2,"width":200,"height":200}}}},"events":{"Event":{},"Event2":{},"Hit":{},"Sound1":{},"Sound2":{},"Voice":{}},"animations":{"attack1":{"slots":{"EF/10118_S1_wave1/10118_S1_wave1_00003":{"attachment":[{"time":0.5666,"name":"EF/10118_S1_wave1/10118_S1_wave1_00004"},{"time":0.6,"name":"EF/10118_S1_wave1/10118_S1_wave1_00005"},{"time":0.6333,"name":"EF/10118_S1_wave1/10118_S1_wave1_00006"},{"time":0.6666,"name":"EF/10118_S1_wave1/10118_S1_wave1_00007"}],"color":[{"time":0.6666,"color":"ffffffff"},{"time":0.7666,"color":"ffffff00"}]},"MAIN":{"attachment":[{"time":0,"name":"idle_00"},{"time":0.1,"name":"attack1_00"},{"time":0.2666,"name":"attack1_03"},{"time":0.5666,"name":"attack1_01"},{"time":0.6333,"name":"attack1_02"},{"time":0.6666,"name":"attack1_03"},{"time":0.7,"name":"attack1_04"},{"time":0.8,"name":"attack1_05"}]},"arm_00":{"attachment":[{"time":0.1,"name":null}]},"attack_EF_00":{"attachment":[{"time":0.7,"name":"attack_EF_00"},{"time":0.7333,"name":"attack_EF_01"},{"time":0.7666,"name":null}]},"bookA":{"attachment":[{"time":0,"name":"bookA_00"},{"time":0.5666,"name":"bookA_attack_01"},{"time":0.6333,"name":"bookA_attack_02"},{"time":0.6666,"name":"bookA_attack_03"},{"time":0.7,"name":"bookA_00"}]},"bookB":{"attachment":[{"time":0,"name":"bookB_00"},{"time":0.5666,"name":"bookB_attack_01"},{"time":0.6333,"name":"bookB_attack_02"},{"time":0.6666,"name":"bookB_attack_03"},{"time":0.7,"name":"bookB_00"}]},"bookC":{"attachment":[{"time":0,"name":"bookC_00"},{"time":0.6333,"name":"bookC_attack_02"},{"time":0.6666,"name":"bookC_attack_03"},{"time":0.7,"name":"bookC_00"}]},"cloth_00":{"attachment":[{"time":0.1,"name":null}]},"key_00":{"attachment":[{"time":0.1,"name":null}]},"mant_00":{"attachment":[{"time":0.1,"name":null}]},"weapon_00":{"attachment":[{"time":0,"name":"weapon_00"},{"time":0.1,"name":null}]}},"bones":{"MAIN":{"translate":[{"time":0,"x":0,"y":0},{"time":0.3333,"x":0,"y":-2},{"time":0.6666,"x":0,"y":0},{"time":1,"x":0,"y":-2,"curve":"stepped"},{"time":1.1666,"x":0,"y":-2}]},"bookA":{"translate":[{"time":0,"x":-0.94,"y":0,"curve":"stepped"},{"time":0.1,"x":2.24,"y":0,"curve":"stepped"},{"time":0.2666,"x":4.04,"y":-1.34,"curve":"stepped"},{"time":0.5666,"x":37.54,"y":19.09,"curve":"stepped"},{"time":0.6333,"x":141,"y":3.93,"curve":"stepped"},{"time":0.6666,"x":68.88,"y":-47.62,"curve":"stepped"},{"time":0.7,"x":-7.48,"y":-20.44,"curve":"stepped"},{"time":0.8,"x":-8.92,"y":-15.55}]},"bookB":{"translate":[{"time":0,"x":0,"y":0,"curve":"stepped"},{"time":0.1,"x":3.14,"y":0,"curve":"stepped"},{"time":0.2666,"x":4.93,"y":-0.89,"curve":"stepped"},{"time":0.5666,"x":22.08,"y":-13.11,"curve":"stepped"},{"time":0.6333,"x":-62.84,"y":-4.02,"curve":"stepped"},{"time":0.6666,"x":-25.77,"y":-2.67,"curve":"stepped"},{"time":0.7,"x":12.95,"y":-9.21,"curve":"stepped"},{"time":0.8,"x":16.99,"y":-10.07}]},"bookC":{"translate":[{"time":0,"x":0,"y":0,"curve":"stepped"},{"time":0.1,"x":3.14,"y":0,"curve":"stepped"},{"time":0.2666,"x":4.48,"y":-0.89,"curve":"stepped"},{"time":0.5666,"x":-63.99,"y":-27.83,"curve":"stepped"},{"time":0.6333,"x":-154.31,"y":8.89,"curve":"stepped"},{"time":0.6666,"x":-53.21,"y":19,"curve":"stepped"},{"time":0.7,"x":1.43,"y":-18.43,"curve":"stepped"},{"time":0.8,"x":4.31,"y":-24.19}]},"attack_EF_00":{"translate":[{"time":0.7,"x":-11.1,"y":13.78}]},"wave1":{"scale":[{"time":0.5666,"x":2.496,"y":2.496,"curve":"stepped"},{"time":0.6666,"x":2.496,"y":2.496},{"time":0.7666,"x":4.495,"y":4.495}]}},"drawOrder":[{"time":0},{"time":0.5666,"offsets":[{"slot":"bookA","offset":-2},{"slot":"bookB","offset":1}]},{"time":0.6666,"offsets":[{"slot":"attack_EF_00","offset":2},{"slot":"bookC","offset":-4}]},{"time":0.7,"offsets":[{"slot":"attack_EF_00","offset":2},{"slot":"bookC","offset":-3}]},{"time":1}],"events":[{"time":0,"name":"Event","string":"addOrbitSystem_attack1_lazer_all_Center"},{"time":0.5666,"name":"Sound1","string":"cri_se_battle_skill_ice_short"},{"time":0.5666,"name":"Sound2","string":"cri_se_battle_sword_swish_heavy"},{"time":0.5666,"name":"Voice","string":"cri_118_voice_attack_random"},{"time":0.6,"name":"Sound1","string":"cri_se_battle_attack_ice_short"}]},"attack2":{"slots":{"EF/10118_S1_wave1/10118_S1_wave1_00003":{"attachment":[{"time":0.5666,"name":"EF/10118_S1_wave1/10118_S1_wave1_00004"},{"time":0.6,"name":"EF/10118_S1_wave1/10118_S1_wave1_00005"},{"time":0.6333,"name":"EF/10118_S1_wave1/10118_S1_wave1_00006"},{"time":0.6666,"name":"EF/10118_S1_wave1/10118_S1_wave1_00007"}],"color":[{"time":0.6666,"color":"ffffffff"},{"time":0.7666,"color":"ffffff00"}]},"MAIN":{"attachment":[{"time":0,"name":"idle_00"},{"time":0.1,"name":"attack1_00"},{"time":0.2666,"name":"attack1_03"},{"time":0.5666,"name":"attack1_01"},{"time":0.6333,"name":"attack1_02"},{"time":0.6666,"name":"attack1_03"},{"time":0.7,"name":"attack1_04"},{"time":0.8,"name":"attack1_05"}]},"arm_00":{"attachment":[{"time":0.1,"name":null}]},"attack_EF_00":{"attachment":[{"time":0.7,"name":"attack_EF_00"},{"time":0.7333,"name":"attack_EF_01"},{"time":0.7666,"name":null}]},"bookA":{"attachment":[{"time":0,"name":"bookA_00"},{"time":0.5666,"name":"bookA_attack_01"},{"time":0.6333,"name":"bookA_attack_02"},{"time":0.6666,"name":"bookA_attack_03"},{"time":0.7,"name":"bookA_00"}]},"bookB":{"attachment":[{"time":0,"name":"bookB_00"},{"time":0.5666,"name":"bookB_attack_01"},{"time":0.6333,"name":"bookB_attack_02"},{"time":0.6666,"name":"bookB_attack_03"},{"time":0.7,"name":"bookB_00"}]},"bookC":{"attachment":[{"time":0,"name":"bookC_00"},{"time":0.6333,"name":"bookC_attack_02"},{"time":0.6666,"name":"bookC_attack_03"},{"time":0.7,"name":"bookC_00"}]},"cloth_00":{"attachment":[{"time":0.1,"name":null}]},"key_00":{"attachment":[{"time":0.1,"name":null}]},"mant_00":{"attachment":[{"time":0.1,"name":null}]},"weapon_00":{"attachment":[{"time":0,"name":"weapon_00"},{"time":0.1,"name":null}]}},"bones":{"MAIN":{"translate":[{"time":0,"x":0,"y":0,"curve":"stepped"},{"time":0.5333,"x":0,"y":0,"curve":[0.116,0.56,0.359,1]},{"time":1,"x":-100,"y":0,"curve":"stepped"},{"time":1.1666,"x":-100,"y":0}]},"bookA":{"translate":[{"time":0,"x":-0.94,"y":0,"curve":"stepped"},{"time":0.1,"x":2.24,"y":0,"curve":"stepped"},{"time":0.2666,"x":4.04,"y":-1.34,"curve":"stepped"},{"time":0.5666,"x":37.54,"y":19.09,"curve":"stepped"},{"time":0.6333,"x":141,"y":3.93,"curve":"stepped"},{"time":0.6666,"x":68.88,"y":-47.62,"curve":"stepped"},{"time":0.7,"x":-7.48,"y":-20.44,"curve":"stepped"},{"time":0.8,"x":-8.92,"y":-15.55}]},"bookB":{"translate":[{"time":0,"x":0,"y":0,"curve":"stepped"},{"time":0.1,"x":3.14,"y":0,"curve":"stepped"},{"time":0.2666,"x":4.93,"y":-0.89,"curve":"stepped"},{"time":0.5666,"x":22.08,"y":-13.11,"curve":"stepped"},{"time":0.6333,"x":-62.84,"y":-4.02,"curve":"stepped"},{"time":0.6666,"x":-25.77,"y":-2.67,"curve":"stepped"},{"time":0.7,"x":12.95,"y":-9.21,"curve":"stepped"},{"time":0.8,"x":16.99,"y":-10.07}]},"bookC":{"translate":[{"time":0,"x":0,"y":0,"curve":"stepped"},{"time":0.1,"x":3.14,"y":0,"curve":"stepped"},{"time":0.2666,"x":4.48,"y":-0.89,"curve":"stepped"},{"time":0.5666,"x":-63.99,"y":-27.83,"curve":"stepped"},{"time":0.6333,"x":-154.31,"y":8.89,"curve":"stepped"},{"time":0.6666,"x":-53.21,"y":19,"curve":"stepped"},{"time":0.7,"x":1.43,"y":-18.43,"curve":"stepped"},{"time":0.8,"x":4.31,"y":-24.19}]},"attack_EF_00":{"translate":[{"time":0.7,"x":-11.1,"y":13.78}]},"wave1":{"scale":[{"time":0.5666,"x":2.496,"y":2.496,"curve":"stepped"},{"time":0.6666,"x":2.496,"y":2.496},{"time":0.7666,"x":4.495,"y":4.495}]}},"drawOrder":[{"time":0},{"time":0.5666,"offsets":[{"slot":"bookA","offset":-2},{"slot":"bookB","offset":1}]},{"time":0.6666,"offsets":[{"slot":"attack_EF_00","offset":2},{"slot":"bookC","offset":-4}]},{"time":0.7,"offsets":[{"slot":"attack_EF_00","offset":2},{"slot":"bookC","offset":-3}]},{"time":1}],"events":[{"time":0,"name":"Event","string":"addOrbitSystem_attack1_lazer_all_Front"},{"time":0.5666,"name":"Sound1","string":"cri_se_battle_skill_ice_short"},{"time":0.5666,"name":"Sound2","string":"cri_se_battle_sword_swish_heavy"},{"time":0.5666,"name":"Voice","string":"cri_118_voice_attack_random"},{"time":0.6,"name":"Sound1","string":"cri_se_battle_attack_ice_short"}]},"attack3":{"slots":{"EF/10118_S1_wave1/10118_S1_wave1_00003":{"attachment":[{"time":0.5666,"name":"EF/10118_S1_wave1/10118_S1_wave1_00004"},{"time":0.6,"name":"EF/10118_S1_wave1/10118_S1_wave1_00005"},{"time":0.6333,"name":"EF/10118_S1_wave1/10118_S1_wave1_00006"},{"time":0.6666,"name":"EF/10118_S1_wave1/10118_S1_wave1_00007"}],"color":[{"time":0.6666,"color":"ffffffff"},{"time":0.7666,"color":"ffffff00"}]},"MAIN":{"attachment":[{"time":0,"name":"idle_00"},{"time":0.1,"name":"attack1_00"},{"time":0.2666,"name":"attack1_03"},{"time":0.5666,"name":"attack1_01"},{"time":0.6333,"name":"attack1_02"},{"time":0.6666,"name":"attack1_03"},{"time":0.7,"name":"attack1_04"},{"time":0.8,"name":"attack1_05"}]},"arm_00":{"attachment":[{"time":0.1,"name":null}]},"attack_EF_00":{"attachment":[{"time":0.7,"name":"attack_EF_00"},{"time":0.7333,"name":"attack_EF_01"},{"time":0.7666,"name":null}]},"bookA":{"attachment":[{"time":0,"name":"bookA_00"},{"time":0.5666,"name":"bookA_attack_01"},{"time":0.6333,"name":"bookA_attack_02"},{"time":0.6666,"name":"bookA_attack_03"},{"time":0.7,"name":"bookA_00"}]},"bookB":{"attachment":[{"time":0,"name":"bookB_00"},{"time":0.5666,"name":"bookB_attack_01"},{"time":0.6333,"name":"bookB_attack_02"},{"time":0.6666,"name":"bookB_attack_03"},{"time":0.7,"name":"bookB_00"}]},"bookC":{"attachment":[{"time":0,"name":"bookC_00"},{"time":0.6333,"name":"bookC_attack_02"},{"time":0.6666,"name":"bookC_attack_03"},{"time":0.7,"name":"bookC_00"}]},"cloth_00":{"attachment":[{"time":0.1,"name":null}]},"key_00":{"attachment":[{"time":0.1,"name":null}]},"mant_00":{"attachment":[{"time":0.1,"name":null}]},"weapon_00":{"attachment":[{"time":0,"name":"weapon_00"},{"time":0.1,"name":null}]}},"bones":{"MAIN":{"translate":[{"time":0,"x":0,"y":0,"curve":"stepped"},{"time":0.5333,"x":0,"y":0,"curve":[0.116,0.56,0.359,1]},{"time":1,"x":150,"y":0,"curve":"stepped"},{"time":1.1666,"x":150,"y":0}]},"bookA":{"translate":[{"time":0,"x":-0.94,"y":0,"curve":"stepped"},{"time":0.1,"x":2.24,"y":0,"curve":"stepped"},{"time":0.2666,"x":4.04,"y":-1.34,"curve":"stepped"},{"time":0.5666,"x":37.54,"y":19.09,"curve":"stepped"},{"time":0.6333,"x":141,"y":3.93,"curve":"stepped"},{"time":0.6666,"x":68.88,"y":-47.62,"curve":"stepped"},{"time":0.7,"x":-7.48,"y":-20.44,"curve":"stepped"},{"time":0.8,"x":-8.92,"y":-15.55}]},"bookB":{"translate":[{"time":0,"x":0,"y":0,"curve":"stepped"},{"time":0.1,"x":3.14,"y":0,"curve":"stepped"},{"time":0.2666,"x":4.93,"y":-0.89,"curve":"stepped"},{"time":0.5666,"x":22.08,"y":-13.11,"curve":"stepped"},{"time":0.6333,"x":-62.84,"y":-4.02,"curve":"stepped"},{"time":0.6666,"x":-25.77,"y":-2.67,"curve":"stepped"},{"time":0.7,"x":12.95,"y":-9.21,"curve":"stepped"},{"time":0.8,"x":16.99,"y":-10.07}]},"bookC":{"translate":[{"time":0,"x":0,"y":0,"curve":"stepped"},{"time":0.1,"x":3.14,"y":0,"curve":"stepped"},{"time":0.2666,"x":4.48,"y":-0.89,"curve":"stepped"},{"time":0.5666,"x":-63.99,"y":-27.83,"curve":"stepped"},{"time":0.6333,"x":-154.31,"y":8.89,"curve":"stepped"},{"time":0.6666,"x":-53.21,"y":19,"curve":"stepped"},{"time":0.7,"x":1.43,"y":-18.43,"curve":"stepped"},{"time":0.8,"x":4.31,"y":-24.19}]},"attack_EF_00":{"translate":[{"time":0.7,"x":-11.1,"y":13.78}]},"wave1":{"scale":[{"time":0.5666,"x":2.496,"y":2.496,"curve":"stepped"},{"time":0.6666,"x":2.496,"y":2.496},{"time":0.7666,"x":4.495,"y":4.495}]}},"drawOrder":[{"time":0},{"time":0.5666,"offsets":[{"slot":"bookA","offset":-2},{"slot":"bookB","offset":1}]},{"time":0.6666,"offsets":[{"slot":"attack_EF_00","offset":2},{"slot":"bookC","offset":-4}]},{"time":0.7,"offsets":[{"slot":"attack_EF_00","offset":2},{"slot":"bookC","offset":-3}]},{"time":1}],"events":[{"time":0,"name":"Event","string":"addOrbitSystem_attack1_lazer_all_Back"},{"time":0.5666,"name":"Sound1","string":"cri_se_battle_skill_ice_short"},{"time":0.5666,"name":"Sound2","string":"cri_se_battle_sword_swish_heavy"},{"time":0.5666,"name":"Voice","string":"cri_118_voice_attack_random"},{"time":0.6,"name":"Sound1","string":"cri_se_battle_attack_ice_short"}]},"back":{"slots":{"MAIN":{"attachment":[{"time":0,"name":"back_00"},{"time":0.3333,"name":"idle_04"},{"time":0.5,"name":"idle_00"}]},"arm_00":{"attachment":[{"time":0,"name":null},{"time":0.3333,"name":"arm_04"},{"time":0.5,"name":"arm_00"}]},"bookA":{"attachment":[{"time":0,"name":"bookA_00"},{"time":0.3333,"name":"bookA_02"},{"time":0.5,"name":"bookA_00"}]},"bookB":{"attachment":[{"time":0.3333,"name":"bookB_00"}]},"bookC":{"attachment":[{"time":0.3333,"name":"bookC_03"},{"time":0.5,"name":"bookC_00"}]},"cloth_00":{"attachment":[{"time":0,"name":null},{"time":0.3333,"name":"cloth_04"},{"time":0.5,"name":"cloth_00"}]},"key_00":{"attachment":[{"time":0,"name":null},{"time":0.3333,"name":"key_04"}]},"mant_00":{"attachment":[{"time":0,"name":null},{"time":0.3333,"name":"mant_04"},{"time":0.5,"name":"mant_00"}]},"weapon_00":{"attachment":[{"time":0,"name":null},{"time":0.3333,"name":"weapon_04"},{"time":0.5,"name":"weapon_00"}]}},"bones":{"MAIN":{"translate":[{"time":0,"x":0,"y":0,"curve":[0.231,0.33,0.59,0.68]},{"time":0.1333,"x":67.21,"y":10,"curve":[0.332,0.54,0.748,0.98]},{"time":0.3333,"x":130,"y":0},{"time":0.5,"x":140,"y":0}]},"bookA":{"translate":[{"time":0,"x":-17.03,"y":-2.58,"curve":"stepped"},{"time":0.3333,"x":0,"y":-0.92,"curve":"stepped"},{"time":0.5,"x":0,"y":0}]},"bookC":{"translate":[{"time":0,"x":-14.38,"y":-20.18,"curve":"stepped"},{"time":0.3333,"x":0,"y":-8.79,"curve":"stepped"},{"time":0.5,"x":0,"y":0}]},"bookB":{"translate":[{"time":0,"x":-12.14,"y":-4.41,"curve":"stepped"},{"time":0.3333,"x":0,"y":4.06,"curve":"stepped"},{"time":0.5,"x":0,"y":5.45}]}},"drawOrder":[{"time":0.3333,"offsets":[{"slot":"bookC","offset":4}]}],"events":[{"time":0,"name":"Sound1","string":"cri_se_battle_jump"},{"time":0.3333,"name":"Sound1","string":"cri_se_battle_landing"}]},"cast":{"slots":{"MAIN":{"attachment":[{"time":0,"name":"idle_00"},{"time":0.0666,"name":"attack1_00"},{"time":0.3,"name":"attack1_01"},{"time":0.3666,"name":"attack1_02"},{"time":0.4,"name":"attack1_03"},{"time":0.4666,"name":"attack1_04"},{"time":0.5666,"name":"attack1_05"},{"time":0.7666,"name":"attack1_05"}]},"arm_00":{"attachment":[{"time":0.0666,"name":null}]},"attack_EF_00":{"attachment":[{"time":0.4666,"name":"attack_EF_00"},{"time":0.5,"name":"attack_EF_01"},{"time":0.5333,"name":null}]},"bookA":{"attachment":[{"time":0,"name":"bookA_00"},{"time":0.3,"name":"bookA_attack_01"},{"time":0.3666,"name":"bookA_attack_02"},{"time":0.4,"name":"bookA_attack_03"},{"time":0.4666,"name":"bookA_00"}]},"bookB":{"attachment":[{"time":0,"name":"bookB_00"},{"time":0.3,"name":"bookB_attack_01"},{"time":0.3666,"name":"bookB_attack_02"},{"time":0.4,"name":"bookB_attack_03"},{"time":0.4666,"name":"bookB_00"}]},"bookC":{"attachment":[{"time":0,"name":"bookC_00"},{"time":0.3666,"name":"bookC_attack_02"},{"time":0.4,"name":"bookC_attack_03"},{"time":0.4666,"name":"bookC_00"}]},"cloth_00":{"attachment":[{"time":0.0666,"name":null}]},"key_00":{"attachment":[{"time":0.0666,"name":null}]},"mant_00":{"attachment":[{"time":0.0666,"name":null}]},"weapon_00":{"attachment":[{"time":0.0666,"name":null}]}},"bones":{"MAIN":{"translate":[{"time":0,"x":0,"y":0},{"time":0.2,"x":0,"y":-2},{"time":0.5666,"x":0,"y":0}]},"bookA":{"translate":[{"time":0,"x":0,"y":0,"curve":"stepped"},{"time":0.3,"x":37.54,"y":19.09,"curve":"stepped"},{"time":0.3666,"x":141,"y":3.93,"curve":"stepped"},{"time":0.4,"x":68.88,"y":-47.62,"curve":"stepped"},{"time":0.4666,"x":-7.48,"y":-20.44,"curve":"stepped"},{"time":0.5666,"x":-8.92,"y":-15.55}]},"bookB":{"translate":[{"time":0,"x":0,"y":0,"curve":"stepped"},{"time":0.3,"x":22.08,"y":-13.11,"curve":"stepped"},{"time":0.3666,"x":-62.84,"y":-4.02,"curve":"stepped"},{"time":0.4,"x":-25.77,"y":-2.67,"curve":"stepped"},{"time":0.4666,"x":12.95,"y":-9.21,"curve":"stepped"},{"time":0.5666,"x":16.99,"y":-10.07}]},"bookC":{"translate":[{"time":0,"x":0,"y":0,"curve":"stepped"},{"time":0.3,"x":-63.99,"y":-27.83,"curve":"stepped"},{"time":0.3666,"x":-154.31,"y":8.89,"curve":"stepped"},{"time":0.4,"x":-53.21,"y":19,"curve":"stepped"},{"time":0.4666,"x":1.43,"y":-18.43,"curve":"stepped"},{"time":0.5666,"x":4.31,"y":-24.19}]},"attack_EF_00":{"translate":[{"time":0.4666,"x":-11.1,"y":13.78}]}},"drawOrder":[{"time":0.3,"offsets":[{"slot":"bookA","offset":-2},{"slot":"bookB","offset":1}]},{"time":0.4,"offsets":[{"slot":"attack_EF_00","offset":2},{"slot":"bookC","offset":-4}]},{"time":0.4666,"offsets":[{"slot":"attack_EF_00","offset":2},{"slot":"bookC","offset":-3}]}],"events":[{"time":0.3,"name":"Voice","string":"cri_118_voice_item"}]},"damage":{"slots":{"MAIN":{"attachment":[{"time":0,"name":"damage_00"}]},"arm_00":{"attachment":[{"time":0,"name":null}]},"cloth_00":{"attachment":[{"time":0,"name":null}]},"key_00":{"attachment":[{"time":0,"name":null}]},"mant_00":{"attachment":[{"time":0,"name":null}]},"weapon_00":{"attachment":[{"time":0,"name":null}]}},"bones":{"bookA":{"translate":[{"time":0,"x":17.39,"y":51.47}]},"bookB":{"translate":[{"time":0,"x":34.07,"y":-23.42}]},"bookC":{"translate":[{"time":0,"x":3.9,"y":-2.48}]}}},"front":{"slots":{"MAIN":{"attachment":[{"time":0,"name":"front_00"}]},"arm_00":{"attachment":[{"time":0,"name":null}]},"cloth_00":{"attachment":[{"time":0,"name":null}]},"key_00":{"attachment":[{"time":0,"name":null}]},"mant_00":{"attachment":[{"time":0,"name":null}]},"weapon_00":{"attachment":[{"time":0,"name":null}]}},"bones":{"bookA":{"rotate":[{"time":0,"angle":10.04}],"translate":[{"time":0,"x":-31.57,"y":-13.32}]},"bookC":{"rotate":[{"time":0,"angle":13.8}],"translate":[{"time":0,"x":4.32,"y":16.88}]},"bookB":{"rotate":[{"time":0,"angle":20}],"translate":[{"time":0,"x":-21.64,"y":0.86}]}}},"idle":{"slots":{"MAIN":{"attachment":[{"time":0,"name":"idle_00"},{"time":0.3,"name":"idle_01"},{"time":0.6,"name":"idle_02"},{"time":0.9,"name":"idle_03"},{"time":1.2,"name":"idle_04"},{"time":1.5,"name":"idle_00"}]},"arm_00":{"attachment":[{"time":0,"name":"arm_04"},{"time":0.3,"name":"arm_00"},{"time":0.6,"name":"arm_01"},{"time":0.9,"name":"arm_02"},{"time":1.2,"name":"arm_03"},{"time":1.5,"name":"arm_04"}]},"bookA":{"attachment":[{"time":0,"name":"bookA_00"},{"time":0.3,"name":"bookA_01"},{"time":0.6,"name":"bookA_02"},{"time":0.9,"name":"bookA_03"},{"time":1.5,"name":"bookA_00"}]},"bookC":{"attachment":[{"time":0,"name":"bookC_00"},{"time":0.3,"name":"bookC_01"},{"time":0.6,"name":"bookC_02"},{"time":0.9,"name":"bookC_03"},{"time":1.2,"name":"bookC_04"},{"time":1.5,"name":"bookC_00"}]},"cloth_00":{"attachment":[{"time":0,"name":"cloth_04"},{"time":0.3,"name":"cloth_00"},{"time":0.6,"name":"cloth_01"},{"time":0.9,"name":"cloth_02"},{"time":1.2,"name":"cloth_03"},{"time":1.5,"name":"cloth_04"}]},"key_00":{"attachment":[{"time":0,"name":"key_03"},{"time":0.3,"name":"key_04"},{"time":0.6,"name":"key_00"},{"time":0.9,"name":"key_01"},{"time":1.2,"name":"key_02"},{"time":1.5,"name":"key_03"}]},"mant_00":{"attachment":[{"time":0,"name":"mant_04"},{"time":0.3,"name":"mant_00"},{"time":0.6,"name":"mant_01"},{"time":0.9,"name":"mant_02"},{"time":1.2,"name":"mant_03"},{"time":1.5,"name":"mant_04"}]},"weapon_00":{"attachment":[{"time":0,"name":"weapon_00"},{"time":1.5,"name":"weapon_00"}]}},"bones":{"MAIN":{"translate":[{"time":0,"x":0,"y":0},{"time":0.7666,"x":0,"y":3},{"time":1.5,"x":0,"y":0}]},"bookA":{"translate":[{"time":0,"x":0,"y":0,"curve":"stepped"},{"time":0.3,"x":0,"y":1.94,"curve":"stepped"},{"time":0.6,"x":0,"y":3.89,"curve":"stepped"},{"time":0.9,"x":0,"y":2.59,"curve":"stepped"},{"time":1.2,"x":0,"y":1.29,"curve":"stepped"},{"time":1.5,"x":0,"y":0}]},"bookC":{"translate":[{"time":0,"x":0,"y":0}]},"bookB":{"translate":[{"time":0,"x":0,"y":5.45,"curve":"stepped"},{"time":0.3,"x":0,"y":3.76,"curve":"stepped"},{"time":0.6,"x":0,"y":6.3,"curve":"stepped"},{"time":0.9,"x":0,"y":8.83,"curve":"stepped"},{"time":1.2,"x":0,"y":7.14,"curve":"stepped"},{"time":1.5,"x":0,"y":5.45}]},"weapon":{"translate":[{"time":0,"x":-0.22,"y":0,"curve":"stepped"},{"time":0.4,"x":-0.22,"y":1.07,"curve":"stepped"},{"time":0.7333,"x":-0.22,"y":2.02,"curve":"stepped"},{"time":1.1,"x":-0.22,"y":1.07,"curve":"stepped"},{"time":1.5,"x":-0.22,"y":0}]}}},"skill1":{"slots":{"EF/10118_S1_wave1/10118_S1_wave1_00003":{"attachment":[{"time":0.5,"name":"EF/10118_S1_wave1/10118_S1_wave1_00004"},{"time":0.5333,"name":"EF/10118_S1_wave1/10118_S1_wave1_00005"},{"time":0.5666,"name":"EF/10118_S1_wave1/10118_S1_wave1_00006"},{"time":0.6,"name":"EF/10118_S1_wave1/10118_S1_wave1_00007"}],"color":[{"time":0.6,"color":"ffffffff"},{"time":0.7,"color":"ffffff00"}]},"EF/10118_S1_wave1/10118_S1_wave1_3":{"attachment":[{"time":0.6333,"name":"EF/10118_S1_wave1/10118_S1_wave1_00004"},{"time":0.6666,"name":"EF/10118_S1_wave1/10118_S1_wave1_00005"},{"time":0.7,"name":"EF/10118_S1_wave1/10118_S1_wave1_00006"},{"time":0.7333,"name":"EF/10118_S1_wave1/10118_S1_wave1_00007"}],"color":[{"time":0.7333,"color":"ffffffff"},{"time":0.8333,"color":"ffffff00"}]},"MAIN":{"attachment":[{"time":0,"name":"idle_00"},{"time":0.1,"name":"attack1_00"},{"time":0.2666,"name":"attack1_03"},{"time":0.5,"name":"attack1_01"},{"time":0.5333,"name":"attack1_02"},{"time":0.5666,"name":"attack1_03"},{"time":0.6,"name":"attack1_00"},{"time":0.6333,"name":"attack1_01"},{"time":0.6666,"name":"attack1_02"},{"time":0.7,"name":"attack1_03"},{"time":0.7333,"name":"attack1_04"},{"time":0.8333,"name":"attack1_05"},{"time":1.2666,"name":"attack1_05"}]},"arm_00":{"attachment":[{"time":0.1,"name":null}]},"attack_EF_00":{"attachment":[{"time":0.7333,"name":"attack_EF_00"},{"time":0.7666,"name":"attack_EF_01"},{"time":0.8,"name":null}]},"bookA":{"attachment":[{"time":0,"name":"bookA_00"},{"time":0.5,"name":"bookA_attack_01"},{"time":0.5333,"name":"bookA_attack_02"},{"time":0.5666,"name":"bookA_attack_03"},{"time":0.6,"name":"bookA_00"},{"time":0.6333,"name":"bookA_attack_01"},{"time":0.6666,"name":"bookA_attack_02"},{"time":0.7,"name":"bookA_attack_03"},{"time":0.7333,"name":"bookA_00"}]},"bookB":{"attachment":[{"time":0,"name":"bookB_00"},{"time":0.5,"name":"bookB_attack_01"},{"time":0.5333,"name":"bookB_attack_02"},{"time":0.5666,"name":"bookB_attack_03"},{"time":0.6,"name":"bookB_00"},{"time":0.6333,"name":"bookB_attack_01"},{"time":0.6666,"name":"bookB_attack_02"},{"time":0.7,"name":"bookB_attack_03"},{"time":0.7333,"name":"bookB_00"}]},"bookC":{"attachment":[{"time":0,"name":"bookC_00"},{"time":0.5333,"name":"bookC_attack_02"},{"time":0.5666,"name":"bookC_attack_03"},{"time":0.6,"name":"bookC_00"},{"time":0.6666,"name":"bookC_attack_02"},{"time":0.7,"name":"bookC_attack_03"},{"time":0.7333,"name":"bookC_00"}]},"cloth_00":{"attachment":[{"time":0.1,"name":null}]},"key_00":{"attachment":[{"time":0.1,"name":null}]},"mant_00":{"attachment":[{"time":0.1,"name":null}]},"weapon_00":{"attachment":[{"time":0.1,"name":null}]}},"bones":{"MAIN":{"translate":[{"time":0,"x":0,"y":0},{"time":0.3333,"x":0,"y":-2},{"time":0.5,"x":0,"y":0,"curve":[0.116,0.56,0.359,1]},{"time":0.8333,"x":70,"y":0,"curve":"stepped"},{"time":1.2666,"x":70,"y":0}]},"bookA":{"translate":[{"time":0,"x":0,"y":0,"curve":"stepped"},{"time":0.1333,"x":2.24,"y":0,"curve":"stepped"},{"time":0.2666,"x":4.04,"y":-1.34,"curve":"stepped"},{"time":0.5,"x":37.54,"y":19.09,"curve":"stepped"},{"time":0.5333,"x":141,"y":3.93,"curve":"stepped"},{"time":0.5666,"x":68.88,"y":-47.62,"curve":"stepped"},{"time":0.6,"x":0,"y":0,"curve":"stepped"},{"time":0.6333,"x":37.54,"y":19.09,"curve":"stepped"},{"time":0.6666,"x":141,"y":3.93,"curve":"stepped"},{"time":0.7,"x":68.88,"y":-47.62,"curve":"stepped"},{"time":0.7333,"x":-8,"y":-20.44,"curve":"stepped"},{"time":0.8333,"x":-8.92,"y":-15.55}]},"bookB":{"translate":[{"time":0,"x":0,"y":0,"curve":"stepped"},{"time":0.1333,"x":3.14,"y":0,"curve":"stepped"},{"time":0.2666,"x":4.93,"y":-0.89,"curve":"stepped"},{"time":0.5,"x":22.08,"y":-13.11,"curve":"stepped"},{"time":0.5333,"x":-62.84,"y":-4.02,"curve":"stepped"},{"time":0.5666,"x":-25.77,"y":-2.67,"curve":"stepped"},{"time":0.6,"x":0,"y":0,"curve":"stepped"},{"time":0.6333,"x":22.08,"y":-13.11,"curve":"stepped"},{"time":0.6666,"x":-62.84,"y":-4.02,"curve":"stepped"},{"time":0.7,"x":-25.77,"y":-2.67,"curve":"stepped"},{"time":0.7333,"x":12.95,"y":-9.21,"curve":"stepped"},{"time":0.8333,"x":16.99,"y":-10.07}]},"bookC":{"translate":[{"time":0,"x":0,"y":0,"curve":"stepped"},{"time":0.1333,"x":3.14,"y":0,"curve":"stepped"},{"time":0.2666,"x":4.48,"y":-0.89,"curve":"stepped"},{"time":0.5,"x":-63.99,"y":-27.83,"curve":"stepped"},{"time":0.5333,"x":-154.31,"y":8.89,"curve":"stepped"},{"time":0.5666,"x":-53.21,"y":19,"curve":"stepped"},{"time":0.6,"x":0,"y":0,"curve":"stepped"},{"time":0.6333,"x":-63.99,"y":-27.83,"curve":"stepped"},{"time":0.6666,"x":-154.31,"y":8.89,"curve":"stepped"},{"time":0.7,"x":-53.21,"y":19,"curve":"stepped"},{"time":0.7333,"x":1.43,"y":-18.43,"curve":"stepped"},{"time":0.8333,"x":4.31,"y":-24.19}]},"attack_EF_00":{"translate":[{"time":0.7333,"x":-11.1,"y":13.78}]},"wave1":{"scale":[{"time":0.5,"x":2.496,"y":2.496,"curve":"stepped"},{"time":0.6,"x":2.496,"y":2.496},{"time":0.7,"x":4.495,"y":4.495}]},"wave2":{"translate":[{"time":0.6333,"x":49.44,"y":0}],"scale":[{"time":0.6333,"x":2.502,"y":2.502,"curve":"stepped"},{"time":0.7333,"x":2.502,"y":2.502},{"time":0.8333,"x":4.502,"y":4.502}]}},"drawOrder":[{"time":0},{"time":0.5,"offsets":[{"slot":"bookA","offset":-2},{"slot":"bookB","offset":1}]},{"time":0.5666,"offsets":[{"slot":"attack_EF_00","offset":2},{"slot":"bookC","offset":-4}]},{"time":0.6},{"time":0.6333,"offsets":[{"slot":"bookA","offset":-2},{"slot":"bookB","offset":1}]},{"time":0.7,"offsets":[{"slot":"attack_EF_00","offset":2},{"slot":"bookC","offset":-4}]},{"time":0.7333,"offsets":[{"slot":"attack_EF_00","offset":2},{"slot":"bookC","offset":-3}]}],"events":[{"time":0,"name":"Event","string":"addOrbitSystem_skill1_lazer_all"},{"time":0.5,"name":"Sound1","string":"cri_se_battle_skill_ice_short"},{"time":0.5,"name":"Sound2","string":"cri_se_battle_sword_swish_heavy"},{"time":0.5,"name":"Voice","string":"cri_118_voice_skill_all"},{"time":0.5333,"name":"Sound1","string":"cri_se_battle_attack_ice"}]},"skill2":{"slots":{"DAMAGEAREA":{"attachment":[{"time":1.5333,"name":"DAMAGEAREA"},{"time":4.6666,"name":null}]},"EF/10118_S1_wave1/10118_S1_wave1_00003":{"attachment":[{"time":0.5333,"name":"EF/10118_S1_wave1/10118_S1_wave1_00004"},{"time":0.5666,"name":"EF/10118_S1_wave1/10118_S1_wave1_00005"},{"time":0.6,"name":"EF/10118_S1_wave1/10118_S1_wave1_00006"},{"time":0.6333,"name":"EF/10118_S1_wave1/10118_S1_wave1_00007"}],"color":[{"time":0.6333,"color":"ffffffff"},{"time":0.7333,"color":"ffffff00"}]},"EF/10118_S2_shine1/10118_S2_shine1_00005":{"attachment":[{"time":1.3333,"name":"EF/10118_S2_shine1/10118_S2_shine1_00005"},{"time":1.3666,"name":"EF/10118_S2_shine1/10118_S2_shine1_00006"},{"time":1.4,"name":"EF/10118_S2_shine1/10118_S2_shine1_00007"},{"time":1.4333,"name":"EF/10118_S2_shine1/10118_S2_shine1_00008"},{"time":1.4666,"name":"EF/10118_S2_shine1/10118_S2_shine1_00009"},{"time":1.5,"name":"EF/10118_S2_shine1/10118_S2_shine1_00010"},{"time":1.5333,"name":"EF/10118_S2_shine1/10118_S2_shine1_00011"},{"time":1.5666,"name":"EF/10118_S2_shine1/10118_S2_shine1_00012"},{"time":1.6,"name":"EF/10118_S2_shine1/10118_S2_shine1_00013"},{"time":1.6333,"name":"EF/10118_S2_shine1/10118_S2_shine1_00014"},{"time":1.6666,"name":"EF/10118_S2_shine1/10118_S2_shine1_00015"},{"time":1.7,"name":"EF/10118_S2_shine1/10118_S2_shine1_00016"},{"time":1.7333,"name":"EF/10118_S2_shine1/10118_S2_shine1_00005"},{"time":1.7666,"name":"EF/10118_S2_shine1/10118_S2_shine1_00006"},{"time":1.8,"name":"EF/10118_S2_shine1/10118_S2_shine1_00007"},{"time":1.8333,"name":"EF/10118_S2_shine1/10118_S2_shine1_00008"},{"time":1.8666,"name":"EF/10118_S2_shine1/10118_S2_shine1_00009"},{"time":1.9,"name":"EF/10118_S2_shine1/10118_S2_shine1_00010"},{"time":1.9333,"name":"EF/10118_S2_shine1/10118_S2_shine1_00011"},{"time":1.9666,"name":"EF/10118_S2_shine1/10118_S2_shine1_00012"},{"time":2,"name":"EF/10118_S2_shine1/10118_S2_shine1_00013"},{"time":2.0333,"name":"EF/10118_S2_shine1/10118_S2_shine1_00014"},{"time":2.0666,"name":"EF/10118_S2_shine1/10118_S2_shine1_00015"},{"time":2.1,"name":"EF/10118_S2_shine1/10118_S2_shine1_00016"},{"time":2.1333,"name":"EF/10118_S2_shine1/10118_S2_shine1_00005"},{"time":2.1666,"name":"EF/10118_S2_shine1/10118_S2_shine1_00006"},{"time":2.2,"name":"EF/10118_S2_shine1/10118_S2_shine1_00007"},{"time":2.2333,"name":"EF/10118_S2_shine1/10118_S2_shine1_00008"},{"time":2.2666,"name":"EF/10118_S2_shine1/10118_S2_shine1_00009"},{"time":2.3,"name":"EF/10118_S2_shine1/10118_S2_shine1_00010"},{"time":2.3333,"name":"EF/10118_S2_shine1/10118_S2_shine1_00011"},{"time":2.3666,"name":"EF/10118_S2_shine1/10118_S2_shine1_00012"},{"time":2.4,"name":"EF/10118_S2_shine1/10118_S2_shine1_00013"},{"time":2.4333,"name":"EF/10118_S2_shine1/10118_S2_shine1_00014"},{"time":2.4666,"name":"EF/10118_S2_shine1/10118_S2_shine1_00015"},{"time":2.5,"name":"EF/10118_S2_shine1/10118_S2_shine1_00016"},{"time":2.5333,"name":"EF/10118_S2_shine1/10118_S2_shine1_00005"},{"time":2.5666,"name":"EF/10118_S2_shine1/10118_S2_shine1_00006"},{"time":2.6,"name":"EF/10118_S2_shine1/10118_S2_shine1_00007"},{"time":2.6333,"name":"EF/10118_S2_shine1/10118_S2_shine1_00008"},{"time":2.6666,"name":"EF/10118_S2_shine1/10118_S2_shine1_00009"},{"time":2.7,"name":"EF/10118_S2_shine1/10118_S2_shine1_00010"},{"time":2.7333,"name":"EF/10118_S2_shine1/10118_S2_shine1_00011"},{"time":2.7666,"name":"EF/10118_S2_shine1/10118_S2_shine1_00012"},{"time":2.8,"name":"EF/10118_S2_shine1/10118_S2_shine1_00013"},{"time":2.8333,"name":"EF/10118_S2_shine1/10118_S2_shine1_00014"},{"time":2.8666,"name":"EF/10118_S2_shine1/10118_S2_shine1_00015"},{"time":2.9,"name":"EF/10118_S2_shine1/10118_S2_shine1_00016"},{"time":2.9333,"name":"EF/10118_S2_shine1/10118_S2_shine1_00005"},{"time":2.9666,"name":"EF/10118_S2_shine1/10118_S2_shine1_00006"},{"time":3,"name":"EF/10118_S2_shine1/10118_S2_shine1_00007"},{"time":3.0333,"name":"EF/10118_S2_shine1/10118_S2_shine1_00008"},{"time":3.0666,"name":"EF/10118_S2_shine1/10118_S2_shine1_00009"},{"time":3.1,"name":"EF/10118_S2_shine1/10118_S2_shine1_00010"},{"time":3.1333,"name":"EF/10118_S2_shine1/10118_S2_shine1_00011"},{"time":3.1666,"name":"EF/10118_S2_shine1/10118_S2_shine1_00012"},{"time":3.2,"name":"EF/10118_S2_shine1/10118_S2_shine1_00013"},{"time":3.2333,"name":"EF/10118_S2_shine1/10118_S2_shine1_00014"},{"time":3.2666,"name":"EF/10118_S2_shine1/10118_S2_shine1_00015"},{"time":3.3,"name":"EF/10118_S2_shine1/10118_S2_shine1_00016"},{"time":3.3333,"name":"EF/10118_S2_shine1/10118_S2_shine1_00005"},{"time":3.3666,"name":"EF/10118_S2_shine1/10118_S2_shine1_00006"},{"time":3.4,"name":"EF/10118_S2_shine1/10118_S2_shine1_00007"},{"time":3.4333,"name":"EF/10118_S2_shine1/10118_S2_shine1_00008"},{"time":3.4666,"name":"EF/10118_S2_shine1/10118_S2_shine1_00009"},{"time":3.5,"name":"EF/10118_S2_shine1/10118_S2_shine1_00010"},{"time":3.5333,"name":"EF/10118_S2_shine1/10118_S2_shine1_00011"},{"time":3.5666,"name":"EF/10118_S2_shine1/10118_S2_shine1_00012"},{"time":3.6,"name":"EF/10118_S2_shine1/10118_S2_shine1_00013"},{"time":3.6333,"name":"EF/10118_S2_shine1/10118_S2_shine1_00014"},{"time":3.6666,"name":"EF/10118_S2_shine1/10118_S2_shine1_00015"},{"time":3.7,"name":"EF/10118_S2_shine1/10118_S2_shine1_00016"},{"time":3.7333,"name":"EF/10118_S2_shine1/10118_S2_shine1_00005"},{"time":3.7666,"name":"EF/10118_S2_shine1/10118_S2_shine1_00006"},{"time":3.8,"name":"EF/10118_S2_shine1/10118_S2_shine1_00007"},{"time":3.8333,"name":"EF/10118_S2_shine1/10118_S2_shine1_00008"},{"time":3.8666,"name":"EF/10118_S2_shine1/10118_S2_shine1_00009"},{"time":3.9,"name":"EF/10118_S2_shine1/10118_S2_shine1_00010"},{"time":3.9333,"name":"EF/10118_S2_shine1/10118_S2_shine1_00011"},{"time":3.9666,"name":"EF/10118_S2_shine1/10118_S2_shine1_00012"},{"time":4,"name":"EF/10118_S2_shine1/10118_S2_shine1_00013"},{"time":4.0333,"name":"EF/10118_S2_shine1/10118_S2_shine1_00014"},{"time":4.0666,"name":"EF/10118_S2_shine1/10118_S2_shine1_00015"},{"time":4.1,"name":"EF/10118_S2_shine1/10118_S2_shine1_00016"},{"time":4.1333,"name":"EF/10118_S2_shine1/10118_S2_shine1_00005"},{"time":4.1666,"name":"EF/10118_S2_shine1/10118_S2_shine1_00006"},{"time":4.2,"name":"EF/10118_S2_shine1/10118_S2_shine1_00007"},{"time":4.2333,"name":"EF/10118_S2_shine1/10118_S2_shine1_00008"},{"time":4.2666,"name":"EF/10118_S2_shine1/10118_S2_shine1_00009"},{"time":4.3,"name":"EF/10118_S2_shine1/10118_S2_shine1_00010"},{"time":4.3333,"name":"EF/10118_S2_shine1/10118_S2_shine1_00011"},{"time":4.3666,"name":"EF/10118_S2_shine1/10118_S2_shine1_00012"},{"time":4.4,"name":"EF/10118_S2_shine1/10118_S2_shine1_00013"},{"time":4.4333,"name":"EF/10118_S2_shine1/10118_S2_shine1_00014"},{"time":4.4666,"name":"EF/10118_S2_shine1/10118_S2_shine1_00015"},{"time":4.5,"name":"EF/10118_S2_shine1/10118_S2_shine1_00016"},{"time":4.5333,"name":"EF/10118_S2_shine1/10118_S2_shine1_00005"},{"time":4.5666,"name":"EF/10118_S2_shine1/10118_S2_shine1_00006"},{"time":4.6,"name":"EF/10118_S2_shine1/10118_S2_shine1_00007"},{"time":4.6333,"name":"EF/10118_S2_shine1/10118_S2_shine1_00008"},{"time":4.6666,"name":"EF/10118_S2_shine1/10118_S2_shine1_00009"},{"time":4.7,"name":"EF/10118_S2_shine1/10118_S2_shine1_00010"},{"time":4.7333,"name":"EF/10118_S2_shine1/10118_S2_shine1_00011"},{"time":4.7666,"name":"EF/10118_S2_shine1/10118_S2_shine1_00012"}],"color":[{"time":4.6,"color":"ffffffff"},{"time":4.7666,"color":"ffffff00"}]},"MAIN":{"attachment":[{"time":0,"name":"skill2_00"},{"time":1,"name":"skill2_01"},{"time":1.3333,"name":"skill2_02"},{"time":1.4,"name":"skill2_03"},{"time":1.4666,"name":"skill2_02"},{"time":1.5333,"name":"skill2_03"},{"time":1.6,"name":"skill2_02"},{"time":1.6666,"name":"skill2_03"},{"time":1.7333,"name":"skill2_02"},{"time":1.8,"name":"skill2_03"},{"time":1.8666,"name":"skill2_02"},{"time":1.9333,"name":"skill2_03"},{"time":2,"name":"skill2_02"},{"time":2.0666,"name":"skill2_03"},{"time":2.1333,"name":"skill2_02"},{"time":2.2,"name":"skill2_03"},{"time":2.2666,"name":"skill2_02"},{"time":2.3333,"name":"skill2_03"},{"time":2.4,"name":"skill2_02"},{"time":2.4666,"name":"skill2_03"},{"time":2.5333,"name":"skill2_02"},{"time":2.6,"name":"skill2_03"},{"time":2.6666,"name":"skill2_02"},{"time":2.7333,"name":"skill2_03"},{"time":2.8,"name":"skill2_02"},{"time":2.8666,"name":"skill2_03"},{"time":2.9333,"name":"skill2_02"},{"time":3,"name":"skill2_03"},{"time":3.0666,"name":"skill2_02"},{"time":3.1333,"name":"skill2_03"},{"time":3.2,"name":"skill2_02"},{"time":3.2666,"name":"skill2_03"},{"time":3.3333,"name":"skill2_02"},{"time":3.4,"name":"skill2_03"},{"time":3.4666,"name":"skill2_02"},{"time":3.5333,"name":"skill2_03"},{"time":3.6,"name":"skill2_02"},{"time":3.6666,"name":"skill2_03"},{"time":3.7333,"name":"skill2_02"},{"time":3.8,"name":"skill2_03"},{"time":3.8666,"name":"skill2_02"},{"time":3.9333,"name":"skill2_03"},{"time":4,"name":"skill2_02"},{"time":4.0666,"name":"skill2_03"},{"time":4.1333,"name":"skill2_02"},{"time":4.2,"name":"skill2_03"},{"time":4.2666,"name":"skill2_02"},{"time":4.3333,"name":"skill2_03"},{"time":4.4,"name":"skill2_02"},{"time":4.4666,"name":"skill2_03"},{"time":4.6666,"name":"skill2_04"}]},"arm_00":{"attachment":[{"time":0,"name":null}]},"bookA":{"attachment":[{"time":0,"name":"bookA_00"},{"time":0.5,"name":null},{"time":4.9333,"name":"bookA_00"}]},"bookB":{"attachment":[{"time":0,"name":"bookB_00"},{"time":0.5,"name":null},{"time":4.9333,"name":"bookB_00"}]},"bookC":{"attachment":[{"time":0,"name":"bookC_00"},{"time":0.5,"name":null},{"time":4.9333,"name":"bookC_00"}]},"bookD":{"attachment":[{"time":0.5,"name":"bookD_skill2_00"},{"time":1.3666,"name":"bookD_skill2_01"},{"time":1.4333,"name":"bookD_skill2_03"},{"time":1.5,"name":"bookD_skill2_00"},{"time":1.5666,"name":"bookD_skill2_01"},{"time":1.6333,"name":"bookD_skill2_03"},{"time":1.7,"name":"bookD_skill2_00"},{"time":1.7666,"name":"bookD_skill2_01"},{"time":1.8333,"name":"bookD_skill2_03"},{"time":1.9,"name":"bookD_skill2_00"},{"time":1.9666,"name":"bookD_skill2_01"},{"time":2.0333,"name":"bookD_skill2_03"},{"time":2.1,"name":"bookD_skill2_00"},{"time":2.1666,"name":"bookD_skill2_01"},{"time":2.2333,"name":"bookD_skill2_03"},{"time":2.3,"name":"bookD_skill2_00"},{"time":2.3666,"name":"bookD_skill2_01"},{"time":2.4333,"name":"bookD_skill2_03"},{"time":2.5,"name":"bookD_skill2_00"},{"time":2.5666,"name":"bookD_skill2_01"},{"time":2.6333,"name":"bookD_skill2_03"},{"time":2.7,"name":"bookD_skill2_00"},{"time":2.7666,"name":"bookD_skill2_01"},{"time":2.8333,"name":"bookD_skill2_03"},{"time":2.9,"name":"bookD_skill2_00"},{"time":2.9666,"name":"bookD_skill2_01"},{"time":3.0333,"name":"bookD_skill2_03"},{"time":3.1,"name":"bookD_skill2_00"},{"time":3.1666,"name":"bookD_skill2_01"},{"time":3.2333,"name":"bookD_skill2_03"},{"time":3.3,"name":"bookD_skill2_00"},{"time":3.3666,"name":"bookD_skill2_01"},{"time":3.4333,"name":"bookD_skill2_03"},{"time":3.5,"name":"bookD_skill2_00"},{"time":3.5666,"name":"bookD_skill2_01"},{"time":3.6333,"name":"bookD_skill2_03"},{"time":3.7,"name":"bookD_skill2_00"},{"time":3.7666,"name":"bookD_skill2_01"},{"time":3.8333,"name":"bookD_skill2_03"},{"time":3.9,"name":"bookD_skill2_00"},{"time":3.9666,"name":"bookD_skill2_01"},{"time":4.0333,"name":"bookD_skill2_03"},{"time":4.1,"name":"bookD_skill2_00"},{"time":4.1666,"name":"bookD_skill2_01"},{"time":4.2333,"name":"bookD_skill2_03"},{"time":4.3,"name":"bookD_skill2_00"},{"time":4.3666,"name":"bookD_skill2_01"},{"time":4.4333,"name":"bookD_skill2_03"},{"time":4.5,"name":"bookD_skill2_00"},{"time":4.5666,"name":"bookD_skill2_01"},{"time":4.6333,"name":"bookD_skill2_03"},{"time":4.7,"name":"bookD_skill2_00"},{"time":4.8666,"name":"bookD_skill2_03"},{"time":4.9,"name":"bookD_skill2_04"},{"time":4.9333,"name":null}]},"cloth_00":{"attachment":[{"time":0,"name":null}]},"hand_EF_skill2":{"attachment":[{"time":1.3333,"name":"hand_EF_skill2_00"},{"time":1.3666,"name":"hand_EF_skill2_01"},{"time":1.4,"name":null}]},"key_00":{"attachment":[{"time":0,"name":null}]},"mant_00":{"attachment":[{"time":0,"name":null}]},"weapon_00":{"attachment":[{"time":0,"name":null},{"time":3.3666,"name":null}]}},"bones":{"MAIN":{"translate":[{"time":0.6666,"x":0,"y":-1.99},{"time":1.3333,"x":0,"y":0},{"time":2,"x":0,"y":-1.99},{"time":2.6666,"x":0,"y":0},{"time":3.3333,"x":0,"y":-1.99},{"time":4,"x":0,"y":0},{"time":4.6666,"x":0,"y":-1.99}]},"weapon":{"translate":[{"time":3.8333,"x":0.43,"y":0}]},"bookD":{"translate":[{"time":0.6666,"x":0,"y":3.35},{"time":1.3333,"x":0,"y":0},{"time":2,"x":0,"y":3.35},{"time":2.6666,"x":0,"y":0},{"time":3.3333,"x":0,"y":3.35},{"time":4,"x":0,"y":0},{"time":4.6666,"x":0,"y":3.35}]},"wave1":{"scale":[{"time":0.5333,"x":2.496,"y":2.496,"curve":"stepped"},{"time":0.6333,"x":2.496,"y":2.496},{"time":0.7333,"x":4.495,"y":4.495}]},"bone":{"translate":[{"time":1.3333,"x":-184.77,"y":89.55}],"scale":[{"time":1.3333,"x":2.011,"y":2.011}]},"DAMAGEAREA":{"translate":[{"time":1.5333,"x":0,"y":242.79}],"scale":[{"time":1.5333,"x":5.981,"y":5.522}]}},"events":[{"time":0.1666,"name":"Sound1","string":"cri_se_battle_charge"},{"time":1,"name":"Voice","string":"cri_118_voice_fullarts_rank5"},{"time":1.3333,"name":"Event2","string":"addOrbitSystemCamera_2skill2Car"},{"time":1.3666,"name":"Event","float":0.2,"string":"kHitStopType_enemyonly"},{"time":1.4,"name":"Event","string":"kImpactType_up"},{"time":1.5,"name":"Event","string":"runSkillEffect"},{"time":1.5333,"name":"Event","float":3,"string":"shakeGround_Loop"},{"time":1.5333,"name":"Sound1","string":"setHitSound(se_battle_007_attack_hit_01)"},{"time":1.5333,"name":"Sound2","string":"cri_se_battle_bell_tree_01"},{"time":1.6,"name":"Hit","string":"resetHitList"},{"time":1.6666,"name":"Hit","string":"resetHitList"},{"time":1.6666,"name":"Sound1","string":"setHitSound(empty)"},{"time":1.7333,"name":"Hit","string":"resetHitList"},{"time":1.7333,"name":"Sound1","string":"setHitSound(se_battle_007_attack_hit_01)"},{"time":1.8,"name":"Hit","string":"resetHitList"},{"time":1.8,"name":"Sound1","string":"setHitSound(empty)"},{"time":1.8666,"name":"Hit","string":"resetHitList"},{"time":1.8666,"name":"Sound1","string":"setHitSound(se_battle_007_attack_hit_01)"},{"time":1.9333,"name":"Hit","string":"resetHitList"},{"time":1.9333,"name":"Sound1","string":"setHitSound(empty)"},{"time":2,"name":"Hit","string":"resetHitList"},{"time":2,"name":"Sound1","string":"setHitSound(se_battle_007_attack_hit_01)"},{"time":2.0666,"name":"Hit","string":"resetHitList"},{"time":2.0666,"name":"Sound1","string":"setHitSound(empty)"},{"time":2.1333,"name":"Hit","string":"resetHitList"},{"time":2.1333,"name":"Sound1","string":"setHitSound(se_battle_007_attack_hit_01)"},{"time":2.2,"name":"Hit","string":"resetHitList"},{"time":2.2,"name":"Sound1","string":"setHitSound(empty)"},{"time":2.2666,"name":"Hit","string":"resetHitList"},{"time":2.2666,"name":"Sound1","string":"setHitSound(se_battle_007_attack_hit_01)"},{"time":2.3333,"name":"Hit","string":"resetHitList"},{"time":2.3333,"name":"Sound1","string":"setHitSound(empty)"},{"time":2.4,"name":"Hit","string":"resetHitList"},{"time":2.4,"name":"Sound1","string":"setHitSound(se_battle_007_attack_hit_01)"},{"time":2.4666,"name":"Hit","string":"resetHitList"},{"time":2.4666,"name":"Sound1","string":"setHitSound(empty)"},{"time":2.5333,"name":"Hit","string":"resetHitList"},{"time":2.5333,"name":"Sound1","string":"setHitSound(se_battle_007_attack_hit_01)"},{"time":2.6,"name":"Hit","string":"resetHitList"},{"time":2.6,"name":"Sound1","string":"setHitSound(empty)"},{"time":2.6666,"name":"Hit","string":"resetHitList"},{"time":2.6666,"name":"Sound1","string":"setHitSound(se_battle_007_attack_hit_01)"},{"time":2.7333,"name":"Hit","string":"resetHitList"},{"time":2.7333,"name":"Sound1","string":"setHitSound(empty)"},{"time":2.8,"name":"Hit","string":"resetHitList"},{"time":2.8,"name":"Sound1","string":"setHitSound(se_battle_007_attack_hit_01)"},{"time":2.8666,"name":"Hit","string":"resetHitList"},{"time":2.8666,"name":"Sound1","string":"setHitSound(empty)"},{"time":2.9333,"name":"Hit","string":"resetHitList"},{"time":2.9333,"name":"Sound1","string":"setHitSound(se_battle_007_attack_hit_01)"},{"time":3,"name":"Hit","string":"resetHitList"},{"time":3,"name":"Sound1","string":"setHitSound(empty)"},{"time":3.0666,"name":"Hit","string":"resetHitList"},{"time":3.0666,"name":"Sound1","string":"setHitSound(se_battle_007_attack_hit_01)"},{"time":3.1333,"name":"Hit","string":"resetHitList"},{"time":3.1333,"name":"Sound1","string":"setHitSound(empty)"},{"time":3.2,"name":"Hit","string":"resetHitList"},{"time":3.2,"name":"Sound1","string":"setHitSound(se_battle_007_attack_hit_01)"},{"time":3.2666,"name":"Hit","string":"resetHitList"},{"time":3.2666,"name":"Sound1","string":"setHitSound(empty)"},{"time":3.3333,"name":"Hit","string":"resetHitList"},{"time":3.3333,"name":"Sound1","string":"setHitSound(se_battle_007_attack_hit_01)"},{"time":3.4,"name":"Hit","string":"resetHitList"},{"time":3.4,"name":"Sound1","string":"setHitSound(empty)"},{"time":3.4666,"name":"Hit","string":"resetHitList"},{"time":3.4666,"name":"Sound1","string":"setHitSound(se_battle_007_attack_hit_01)"},{"time":3.5333,"name":"Hit","string":"resetHitList"},{"time":3.5333,"name":"Sound1","string":"setHitSound(empty)"},{"time":3.6,"name":"Hit","string":"resetHitList"},{"time":3.6,"name":"Sound1","string":"setHitSound(se_battle_007_attack_hit_01)"},{"time":3.6666,"name":"Hit","string":"resetHitList"},{"time":3.6666,"name":"Sound1","string":"setHitSound(empty)"},{"time":3.7333,"name":"Hit","string":"resetHitList"},{"time":3.7333,"name":"Sound1","string":"setHitSound(se_battle_007_attack_hit_01)"},{"time":3.8,"name":"Hit","string":"resetHitList"},{"time":3.8,"name":"Sound1","string":"setHitSound(empty)"},{"time":3.8666,"name":"Hit","string":"resetHitList"},{"time":3.8666,"name":"Sound1","string":"setHitSound(se_battle_007_attack_hit_01)"},{"time":3.9333,"name":"Hit","string":"resetHitList"},{"time":3.9333,"name":"Sound1","string":"setHitSound(empty)"},{"time":4,"name":"Hit","string":"resetHitList"},{"time":4,"name":"Sound1","string":"setHitSound(se_battle_007_attack_hit_01)"},{"time":4.0666,"name":"Hit","string":"resetHitList"},{"time":4.0666,"name":"Sound1","string":"setHitSound(empty)"},{"time":4.1333,"name":"Hit","string":"resetHitList"},{"time":4.1333,"name":"Sound1","string":"setHitSound(se_battle_007_attack_hit_01)"},{"time":4.2,"name":"Hit","string":"resetHitList"},{"time":4.2,"name":"Sound1","string":"setHitSound(empty)"},{"time":4.2666,"name":"Hit","string":"resetHitList"},{"time":4.2666,"name":"Sound1","string":"setHitSound(se_battle_007_attack_hit_01)"},{"time":4.3333,"name":"Hit","string":"resetHitList"},{"time":4.3333,"name":"Sound1","string":"setHitSound(empty)"},{"time":4.4,"name":"Hit","string":"resetHitList"},{"time":4.4,"name":"Sound1","string":"setHitSound(se_battle_007_attack_hit_01)"},{"time":4.4666,"name":"Hit","string":"resetHitList"},{"time":4.4666,"name":"Sound1","string":"setHitSound(empty)"},{"time":4.5333,"name":"Hit","string":"resetHitList"},{"time":4.5333,"name":"Sound1","string":"setHitSound(se_battle_007_attack_hit_01)"},{"time":4.6,"name":"Hit","string":"resetHitList"},{"time":4.6,"name":"Sound1","string":"setHitSound(empty)"}]}}}