{"skeleton":{"hash":"iAfub1NCHNgqlJRMTqtB1dK56KM","spine":"3.0.12","width":0,"height":0,"images":"./images2/"},"bones":[{"name":"root"},{"name":"MAIN","parent":"root"},{"name":"S2_shock3","parent":"MAIN","x":560.27,"y":389.31,"scaleX":1.7,"scaleY":1.7,"color":"ff1800ff"},{"name":"S2_shock2","parent":"MAIN","x":477.15,"y":389.31,"scaleX":1.7,"scaleY":1.7,"color":"ff1800ff"},{"name":"S2_screen","parent":"MAIN","x":569.91,"y":519.92,"scaleX":4.5,"scaleY":4.5,"color":"ff1800ff"},{"name":"S2_rockB2","parent":"MAIN","x":474.32,"y":524.13,"scaleX":3,"scaleY":3,"color":"ff1800ff"},{"name":"S2_rockB1","parent":"MAIN","x":391.81,"y":526,"scaleX":3,"scaleY":3,"color":"ff1800ff"},{"name":"S1,2_shock1","parent":"MAIN","x":395.27,"y":389.31,"scaleX":1.695,"scaleY":1.695,"color":"ff00d8ff"},{"name":"S1,2_rockA","parent":"MAIN","x":394.88,"y":246.33,"scaleX":3.5,"scaleY":3.5,"rotation":-0.12,"color":"ff00f8ff"},{"name":"S1,2_dusty","parent":"MAIN","x":397.56,"y":138.73,"scaleX":2,"scaleY":2}],"slots":[{"name":"S2_rockB2","bone":"S2_rockB2"},{"name":"S2_rockB1","bone":"S2_rockB1"},{"name":"S1,2_dusty","bone":"S1,2_dusty","blend":"additive"},{"name":"S2_screen1","bone":"S2_screen"},{"name":"S1,2_shock1","bone":"S1,2_shock1","blend":"additive"},{"name":"S1,2_shock2","bone":"S2_shock2","blend":"additive"},{"name":"S1,2_shock3","bone":"S2_shock3","blend":"additive"},{"name":"S1,2_rockA","bone":"S1,2_rockA"}],"skins":{"default":{"S1,2_dusty":{"EF/10023_S1_dusty1/10023_S1_dusty1_00038":{"x":-1.24,"y":20.9,"width":320,"height":320},"EF/10023_S1_dusty1/10023_S1_dusty1_00039":{"x":-1.24,"y":20.9,"width":320,"height":320},"EF/10023_S1_dusty1/10023_S1_dusty1_00040":{"x":-1.24,"y":20.9,"width":320,"height":320},"EF/10023_S1_dusty1/10023_S1_dusty1_00041":{"x":-1.24,"y":20.9,"width":320,"height":320},"EF/10023_S1_dusty1/10023_S1_dusty1_00042":{"x":-1.24,"y":20.9,"width":320,"height":320},"EF/10023_S1_dusty1/10023_S1_dusty1_00043":{"x":-1.24,"y":20.9,"width":320,"height":320},"EF/10023_S1_dusty1/10023_S1_dusty1_00044":{"x":-1.24,"y":20.9,"width":320,"height":320},"EF/10023_S1_dusty1/10023_S1_dusty1_00045":{"x":-1.24,"y":20.9,"width":320,"height":320},"EF/10023_S1_dusty1/10023_S1_dusty1_00046":{"x":-1.24,"y":20.9,"width":320,"height":320},"EF/10023_S1_dusty1/10023_S1_dusty1_00047":{"x":-1.24,"y":20.9,"width":320,"height":320},"EF/10023_S1_dusty1/10023_S1_dusty1_00049":{"x":-1.24,"y":20.9,"width":320,"height":320},"EF/10023_S1_dusty1/10023_S1_dusty1_00050":{"x":-1.24,"y":20.9,"width":320,"height":320},"EF/10023_S1_dusty1/10023_S1_dusty1_00052":{"x":-1.24,"y":20.9,"width":320,"height":320},"EF/10023_S1_dusty1/10023_S1_dusty1_00055":{"x":-1.24,"y":20.9,"width":320,"height":320}},"S1,2_rockA":{"EF/10023_S1_rock1/10023_S1_rock1_00038":{"x":4.51,"y":34.35,"width":320,"height":320},"EF/10023_S1_rock1/10023_S1_rock1_00039":{"x":4.51,"y":34.35,"width":320,"height":320},"EF/10023_S1_rock1/10023_S1_rock1_00040":{"x":4.51,"y":34.35,"width":320,"height":320},"EF/10023_S1_rock1/10023_S1_rock1_00041":{"x":4.51,"y":34.35,"width":320,"height":320},"EF/10023_S1_rock1/10023_S1_rock1_00042":{"x":4.51,"y":34.35,"width":320,"height":320},"EF/10023_S1_rock1/10023_S1_rock1_00043":{"x":4.51,"y":34.35,"width":320,"height":320},"EF/10023_S1_rock1/10023_S1_rock1_00044":{"x":4.51,"y":34.35,"width":320,"height":320},"EF/10023_S1_rock1/10023_S1_rock1_00045":{"x":4.51,"y":34.35,"width":320,"height":320}},"S1,2_shock1":{"EF/10023_S1_shock1/10023_S1_shock1_00038":{"x":-7.57,"y":43.85,"width":400,"height":400},"EF/10023_S1_shock1/10023_S1_shock1_00039":{"x":-7.57,"y":43.85,"width":400,"height":400},"EF/10023_S1_shock1/10023_S1_shock1_00040":{"x":-7.57,"y":43.85,"width":400,"height":400},"EF/10023_S1_shock1/10023_S1_shock1_00041":{"x":-7.57,"y":43.85,"width":400,"height":400},"EF/10023_S1_shock1/10023_S1_shock1_00042":{"x":-7.57,"y":43.85,"width":400,"height":400},"EF/10023_S1_shock1/10023_S1_shock1_00043":{"x":-7.57,"y":43.85,"width":400,"height":400},"EF/10023_S1_shock1/10023_S1_shock1_00044":{"x":-7.57,"y":43.85,"width":400,"height":400},"EF/10023_S1_shock1/10023_S1_shock1_00045":{"x":-7.57,"y":43.85,"width":400,"height":400},"EF/10023_S1_shock1/10023_S1_shock1_00046":{"x":-7.57,"y":43.85,"width":400,"height":400},"EF/10023_S1_shock1/10023_S1_shock1_00047":{"x":-7.57,"y":43.85,"width":400,"height":400}},"S1,2_shock2":{"EF/10023_S1_shock1/10023_S1_shock1_00038":{"x":-7.57,"y":43.85,"width":400,"height":400},"EF/10023_S1_shock1/10023_S1_shock1_00039":{"x":-7.57,"y":43.85,"width":400,"height":400},"EF/10023_S1_shock1/10023_S1_shock1_00040":{"x":-7.57,"y":43.85,"width":400,"height":400},"EF/10023_S1_shock1/10023_S1_shock1_00041":{"x":-7.57,"y":43.85,"width":400,"height":400},"EF/10023_S1_shock1/10023_S1_shock1_00042":{"x":-7.57,"y":43.85,"width":400,"height":400},"EF/10023_S1_shock1/10023_S1_shock1_00043":{"x":-7.57,"y":43.85,"width":400,"height":400},"EF/10023_S1_shock1/10023_S1_shock1_00044":{"x":-7.57,"y":43.85,"width":400,"height":400},"EF/10023_S1_shock1/10023_S1_shock1_00045":{"x":-7.57,"y":43.85,"width":400,"height":400},"EF/10023_S1_shock1/10023_S1_shock1_00046":{"x":-7.57,"y":43.85,"width":400,"height":400},"EF/10023_S1_shock1/10023_S1_shock1_00047":{"x":-7.57,"y":43.85,"width":400,"height":400}},"S1,2_shock3":{"EF/10023_S1_shock1/10023_S1_shock1_00038":{"x":-7.57,"y":43.85,"width":400,"height":400},"EF/10023_S1_shock1/10023_S1_shock1_00039":{"x":-7.57,"y":43.85,"width":400,"height":400},"EF/10023_S1_shock1/10023_S1_shock1_00040":{"x":-7.57,"y":43.85,"width":400,"height":400},"EF/10023_S1_shock1/10023_S1_shock1_00041":{"x":-7.57,"y":43.85,"width":400,"height":400},"EF/10023_S1_shock1/10023_S1_shock1_00042":{"x":-7.57,"y":43.85,"width":400,"height":400},"EF/10023_S1_shock1/10023_S1_shock1_00043":{"x":-7.57,"y":43.85,"width":400,"height":400},"EF/10023_S1_shock1/10023_S1_shock1_00044":{"x":-7.57,"y":43.85,"width":400,"height":400},"EF/10023_S1_shock1/10023_S1_shock1_00045":{"x":-7.57,"y":43.85,"width":400,"height":400},"EF/10023_S1_shock1/10023_S1_shock1_00046":{"x":-7.57,"y":43.85,"width":400,"height":400},"EF/10023_S1_shock1/10023_S1_shock1_00047":{"x":-7.57,"y":43.85,"width":400,"height":400}},"S2_rockB1":{"EF/10023_S2_rock1_DOT/10023_S2_rock1_00043":{"x":7.72,"y":-4.64,"width":350,"height":350}},"S2_rockB2":{"EF/10023_S2_rock1_DOT/10023_S2_rock1_00043":{"x":-6.16,"y":-35.2,"scaleX":-1,"scaleY":-1,"width":350,"height":350}},"S2_screen1":{"EF/10023_S2_screen1/10023_S2_screen1_00042":{"x":-4.69,"y":-1.41,"width":158,"height":280}}}},"animations":{"1-attack1":{},"1-skill1":{"slots":{"S1,2_dusty":{"attachment":[{"time":1.6,"name":"EF/10023_S1_dusty1/10023_S1_dusty1_00038"},{"time":1.6333,"name":"EF/10023_S1_dusty1/10023_S1_dusty1_00039"},{"time":1.6666,"name":"EF/10023_S1_dusty1/10023_S1_dusty1_00040"},{"time":1.7,"name":"EF/10023_S1_dusty1/10023_S1_dusty1_00041"},{"time":1.7333,"name":"EF/10023_S1_dusty1/10023_S1_dusty1_00042"},{"time":1.7666,"name":"EF/10023_S1_dusty1/10023_S1_dusty1_00043"},{"time":1.8,"name":"EF/10023_S1_dusty1/10023_S1_dusty1_00044"},{"time":1.8333,"name":"EF/10023_S1_dusty1/10023_S1_dusty1_00045"},{"time":1.8666,"name":"EF/10023_S1_dusty1/10023_S1_dusty1_00046"},{"time":1.9,"name":"EF/10023_S1_dusty1/10023_S1_dusty1_00047"},{"time":1.9333,"name":"EF/10023_S1_dusty1/10023_S1_dusty1_00049"},{"time":1.9666,"name":"EF/10023_S1_dusty1/10023_S1_dusty1_00050"},{"time":2,"name":"EF/10023_S1_dusty1/10023_S1_dusty1_00052"},{"time":2.0333,"name":"EF/10023_S1_dusty1/10023_S1_dusty1_00055"}],"color":[{"time":2.0333,"color":"ffffffff"},{"time":2.1333,"color":"ffffff00"}]},"S1,2_rockA":{"attachment":[{"time":1.6,"name":"EF/10023_S1_rock1/10023_S1_rock1_00038"},{"time":1.6333,"name":"EF/10023_S1_rock1/10023_S1_rock1_00039"},{"time":1.6666,"name":"EF/10023_S1_rock1/10023_S1_rock1_00040"},{"time":1.7,"name":"EF/10023_S1_rock1/10023_S1_rock1_00041"},{"time":1.7333,"name":"EF/10023_S1_rock1/10023_S1_rock1_00042"},{"time":1.7666,"name":"EF/10023_S1_rock1/10023_S1_rock1_00043"},{"time":1.8,"name":"EF/10023_S1_rock1/10023_S1_rock1_00044"},{"time":1.8333,"name":"EF/10023_S1_rock1/10023_S1_rock1_00045"},{"time":1.8666,"name":null}]},"S1,2_shock1":{"attachment":[{"time":0.9666,"name":"EF/10023_S1_shock1/10023_S1_shock1_00038"},{"time":1,"name":"EF/10023_S1_shock1/10023_S1_shock1_00039"},{"time":1.0333,"name":"EF/10023_S1_shock1/10023_S1_shock1_00040"},{"time":1.0666,"name":"EF/10023_S1_shock1/10023_S1_shock1_00041"},{"time":1.1,"name":"EF/10023_S1_shock1/10023_S1_shock1_00042"},{"time":1.1333,"name":"EF/10023_S1_shock1/10023_S1_shock1_00043"},{"time":1.1666,"name":"EF/10023_S1_shock1/10023_S1_shock1_00044"},{"time":1.2,"name":"EF/10023_S1_shock1/10023_S1_shock1_00045"},{"time":1.2333,"name":"EF/10023_S1_shock1/10023_S1_shock1_00046"},{"time":1.2666,"name":"EF/10023_S1_shock1/10023_S1_shock1_00047"}],"color":[{"time":1.2666,"color":"ffffffff"},{"time":1.3333,"color":"ffffff00"}]}},"bones":{"S1,2_shock1":{"translate":[{"time":0.9666,"x":-520.06,"y":-358.3}],"scale":[{"time":0.9666,"x":1.002,"y":1.002}]},"S1,2_rockA":{"translate":[{"time":1.6,"x":-512.31,"y":-226.56}],"scale":[{"time":1.6,"x":0.714,"y":0.714}]},"S1,2_dusty":{"translate":[{"time":1.6,"x":-518.65,"y":-121.62}],"scale":[{"time":1.6,"x":1,"y":1,"curve":"stepped"},{"time":2.0333,"x":1,"y":1},{"time":2.1333,"x":1.1,"y":1}]}}},"1-skill2":{"slots":{"S1,2_dusty":{"attachment":[{"time":1.2333,"name":"EF/10023_S1_dusty1/10023_S1_dusty1_00038"},{"time":1.2666,"name":"EF/10023_S1_dusty1/10023_S1_dusty1_00039"},{"time":1.3,"name":"EF/10023_S1_dusty1/10023_S1_dusty1_00040"},{"time":1.3333,"name":"EF/10023_S1_dusty1/10023_S1_dusty1_00041"},{"time":1.3666,"name":"EF/10023_S1_dusty1/10023_S1_dusty1_00042"},{"time":1.4,"name":"EF/10023_S1_dusty1/10023_S1_dusty1_00043"},{"time":1.4333,"name":"EF/10023_S1_dusty1/10023_S1_dusty1_00044"},{"time":1.4666,"name":"EF/10023_S1_dusty1/10023_S1_dusty1_00045"},{"time":1.5,"name":"EF/10023_S1_dusty1/10023_S1_dusty1_00046"},{"time":1.5333,"name":"EF/10023_S1_dusty1/10023_S1_dusty1_00047"},{"time":1.5666,"name":"EF/10023_S1_dusty1/10023_S1_dusty1_00049"},{"time":1.6,"name":"EF/10023_S1_dusty1/10023_S1_dusty1_00050"},{"time":1.6333,"name":"EF/10023_S1_dusty1/10023_S1_dusty1_00052"},{"time":1.6666,"name":"EF/10023_S1_dusty1/10023_S1_dusty1_00055"},{"time":2.0666,"name":"EF/10023_S1_dusty1/10023_S1_dusty1_00038"},{"time":2.1,"name":"EF/10023_S1_dusty1/10023_S1_dusty1_00039"},{"time":2.1333,"name":"EF/10023_S1_dusty1/10023_S1_dusty1_00040"},{"time":2.1666,"name":"EF/10023_S1_dusty1/10023_S1_dusty1_00041"},{"time":2.2,"name":"EF/10023_S1_dusty1/10023_S1_dusty1_00042"},{"time":2.2333,"name":"EF/10023_S1_dusty1/10023_S1_dusty1_00043"},{"time":2.2666,"name":"EF/10023_S1_dusty1/10023_S1_dusty1_00044"},{"time":2.3,"name":"EF/10023_S1_dusty1/10023_S1_dusty1_00045"},{"time":2.3333,"name":"EF/10023_S1_dusty1/10023_S1_dusty1_00046"},{"time":2.3666,"name":"EF/10023_S1_dusty1/10023_S1_dusty1_00047"},{"time":2.4,"name":"EF/10023_S1_dusty1/10023_S1_dusty1_00049"},{"time":2.4333,"name":"EF/10023_S1_dusty1/10023_S1_dusty1_00050"},{"time":2.4666,"name":"EF/10023_S1_dusty1/10023_S1_dusty1_00052"},{"time":2.5,"name":"EF/10023_S1_dusty1/10023_S1_dusty1_00055"}],"color":[{"time":1.2333,"color":"ffffffff","curve":"stepped"},{"time":1.6666,"color":"ffffffff"},{"time":1.7666,"color":"ffffff00","curve":"stepped"},{"time":2.0666,"color":"ffffffff","curve":"stepped"},{"time":2.5,"color":"ffffffff"},{"time":2.6,"color":"ffffff00"}]}},"bones":{"S1,2_dusty":{"translate":[{"time":0,"x":-599.95,"y":-121.62,"curve":"stepped"},{"time":1.2333,"x":-599.95,"y":-121.62,"curve":"stepped"},{"time":2.0666,"x":-599.95,"y":-121.62}],"scale":[{"time":1.2333,"x":1,"y":1,"curve":"stepped"},{"time":1.6666,"x":1,"y":1},{"time":1.7666,"x":1.15,"y":1,"curve":"stepped"},{"time":2.0666,"x":1,"y":1,"curve":"stepped"},{"time":2.5,"x":1,"y":1},{"time":2.6,"x":1.15,"y":1}]}}},"2-attack1":{},"2-skill1":{"slots":{"S1,2_dusty":{"attachment":[{"time":0,"name":null},{"time":0.3666,"name":null},{"time":1.6,"name":"EF/10023_S1_dusty1/10023_S1_dusty1_00038"},{"time":1.6333,"name":"EF/10023_S1_dusty1/10023_S1_dusty1_00039"},{"time":1.6666,"name":"EF/10023_S1_dusty1/10023_S1_dusty1_00040"},{"time":1.7,"name":"EF/10023_S1_dusty1/10023_S1_dusty1_00041"},{"time":1.7333,"name":"EF/10023_S1_dusty1/10023_S1_dusty1_00042"},{"time":1.7666,"name":"EF/10023_S1_dusty1/10023_S1_dusty1_00043"},{"time":1.8,"name":"EF/10023_S1_dusty1/10023_S1_dusty1_00044"},{"time":1.8333,"name":"EF/10023_S1_dusty1/10023_S1_dusty1_00045"},{"time":1.8666,"name":"EF/10023_S1_dusty1/10023_S1_dusty1_00046"},{"time":1.9,"name":"EF/10023_S1_dusty1/10023_S1_dusty1_00047"},{"time":1.9333,"name":"EF/10023_S1_dusty1/10023_S1_dusty1_00049"},{"time":1.9666,"name":"EF/10023_S1_dusty1/10023_S1_dusty1_00050"},{"time":2,"name":"EF/10023_S1_dusty1/10023_S1_dusty1_00052"},{"time":2.0333,"name":"EF/10023_S1_dusty1/10023_S1_dusty1_00055"}],"color":[{"time":2.0333,"color":"ffffffff"},{"time":2.1333,"color":"ffffff00"}]},"S1,2_rockA":{"attachment":[{"time":0,"name":null},{"time":0.3666,"name":null},{"time":1.6,"name":"EF/10023_S1_rock1/10023_S1_rock1_00038"},{"time":1.6333,"name":"EF/10023_S1_rock1/10023_S1_rock1_00039"},{"time":1.6666,"name":"EF/10023_S1_rock1/10023_S1_rock1_00040"},{"time":1.7,"name":"EF/10023_S1_rock1/10023_S1_rock1_00041"},{"time":1.7333,"name":"EF/10023_S1_rock1/10023_S1_rock1_00042"},{"time":1.7666,"name":"EF/10023_S1_rock1/10023_S1_rock1_00043"},{"time":1.8,"name":"EF/10023_S1_rock1/10023_S1_rock1_00044"},{"time":1.8333,"name":"EF/10023_S1_rock1/10023_S1_rock1_00045"},{"time":1.8666,"name":null}]},"S1,2_shock1":{"attachment":[{"time":0,"name":null},{"time":0.3666,"name":null},{"time":0.9666,"name":"EF/10023_S1_shock1/10023_S1_shock1_00038"},{"time":1,"name":"EF/10023_S1_shock1/10023_S1_shock1_00039"},{"time":1.0333,"name":"EF/10023_S1_shock1/10023_S1_shock1_00040"},{"time":1.0666,"name":"EF/10023_S1_shock1/10023_S1_shock1_00041"},{"time":1.1,"name":"EF/10023_S1_shock1/10023_S1_shock1_00042"},{"time":1.1333,"name":"EF/10023_S1_shock1/10023_S1_shock1_00043"},{"time":1.1666,"name":"EF/10023_S1_shock1/10023_S1_shock1_00044"},{"time":1.2,"name":"EF/10023_S1_shock1/10023_S1_shock1_00045"},{"time":1.2333,"name":"EF/10023_S1_shock1/10023_S1_shock1_00046"},{"time":1.2666,"name":"EF/10023_S1_shock1/10023_S1_shock1_00047"}],"color":[{"time":0,"color":"ffffff00"},{"time":1.2666,"color":"ffffffff"},{"time":1.3333,"color":"ffffff00"}]}},"bones":{"S1,2_shock1":{"translate":[{"time":0,"x":-535.42,"y":-340.9,"curve":"stepped"},{"time":0.9666,"x":-535.42,"y":-340.9}],"scale":[{"time":0,"x":1.473,"y":1.473,"curve":"stepped"},{"time":0.9666,"x":1.473,"y":1.473}]},"S1,2_rockA":{"translate":[{"time":0,"x":-512.31,"y":-206.08,"curve":"stepped"},{"time":1.6,"x":-512.31,"y":-206.08}]},"S1,2_dusty":{"translate":[{"time":0,"x":-518.65,"y":-121.62,"curve":"stepped"},{"time":1.6,"x":-518.65,"y":-121.62}],"scale":[{"time":0,"x":1.4,"y":1.4,"curve":"stepped"},{"time":1.6,"x":1.4,"y":1.4,"curve":"stepped"},{"time":2.0333,"x":1.4,"y":1.4},{"time":2.1333,"x":1.537,"y":1.4}]}}},"2-skill2":{"slots":{"S1,2_dusty":{"attachment":[{"time":1.2333,"name":"EF/10023_S1_dusty1/10023_S1_dusty1_00038"},{"time":1.2666,"name":"EF/10023_S1_dusty1/10023_S1_dusty1_00039"},{"time":1.3,"name":"EF/10023_S1_dusty1/10023_S1_dusty1_00040"},{"time":1.3333,"name":"EF/10023_S1_dusty1/10023_S1_dusty1_00041"},{"time":1.3666,"name":"EF/10023_S1_dusty1/10023_S1_dusty1_00042"},{"time":1.4,"name":"EF/10023_S1_dusty1/10023_S1_dusty1_00043"},{"time":1.4333,"name":"EF/10023_S1_dusty1/10023_S1_dusty1_00044"},{"time":1.4666,"name":"EF/10023_S1_dusty1/10023_S1_dusty1_00045"},{"time":1.5,"name":"EF/10023_S1_dusty1/10023_S1_dusty1_00046"},{"time":1.5333,"name":"EF/10023_S1_dusty1/10023_S1_dusty1_00047"},{"time":1.5666,"name":"EF/10023_S1_dusty1/10023_S1_dusty1_00049"},{"time":1.6,"name":"EF/10023_S1_dusty1/10023_S1_dusty1_00050"},{"time":1.6333,"name":"EF/10023_S1_dusty1/10023_S1_dusty1_00052"},{"time":1.6666,"name":"EF/10023_S1_dusty1/10023_S1_dusty1_00055"},{"time":2.0666,"name":"EF/10023_S1_dusty1/10023_S1_dusty1_00038"},{"time":2.1,"name":"EF/10023_S1_dusty1/10023_S1_dusty1_00039"},{"time":2.1333,"name":"EF/10023_S1_dusty1/10023_S1_dusty1_00040"},{"time":2.1666,"name":"EF/10023_S1_dusty1/10023_S1_dusty1_00041"},{"time":2.2,"name":"EF/10023_S1_dusty1/10023_S1_dusty1_00042"},{"time":2.2333,"name":"EF/10023_S1_dusty1/10023_S1_dusty1_00043"},{"time":2.2666,"name":"EF/10023_S1_dusty1/10023_S1_dusty1_00044"},{"time":2.3,"name":"EF/10023_S1_dusty1/10023_S1_dusty1_00045"},{"time":2.3333,"name":"EF/10023_S1_dusty1/10023_S1_dusty1_00046"},{"time":2.3666,"name":"EF/10023_S1_dusty1/10023_S1_dusty1_00047"},{"time":2.4,"name":"EF/10023_S1_dusty1/10023_S1_dusty1_00049"},{"time":2.4333,"name":"EF/10023_S1_dusty1/10023_S1_dusty1_00050"},{"time":2.4666,"name":"EF/10023_S1_dusty1/10023_S1_dusty1_00052"},{"time":2.5,"name":"EF/10023_S1_dusty1/10023_S1_dusty1_00055"}],"color":[{"time":1.2333,"color":"ffffffff","curve":"stepped"},{"time":1.6666,"color":"ffffffff"},{"time":1.7666,"color":"ffffff00","curve":"stepped"},{"time":2.0666,"color":"ffffffff","curve":"stepped"},{"time":2.5,"color":"ffffffff"},{"time":2.6,"color":"ffffff00"}]}},"bones":{"S1,2_dusty":{"translate":[{"time":1.2333,"x":-599.95,"y":-121.62,"curve":"stepped"},{"time":2.0666,"x":-599.95,"y":-121.62}],"scale":[{"time":1.2333,"x":1.4,"y":1.4,"curve":"stepped"},{"time":1.6666,"x":1.4,"y":1.4},{"time":1.7666,"x":1.537,"y":1.4,"curve":"stepped"},{"time":2.0666,"x":1.4,"y":1.4,"curve":"stepped"},{"time":2.5,"x":1.4,"y":1.4},{"time":2.6,"x":1.537,"y":1.4}]}}},"RockAndWind":{"slots":{"S1,2_rockA":{"attachment":[{"time":0.0333,"name":"EF/10023_S1_rock1/10023_S1_rock1_00038"},{"time":0.0666,"name":"EF/10023_S1_rock1/10023_S1_rock1_00039"},{"time":0.1,"name":"EF/10023_S1_rock1/10023_S1_rock1_00040"},{"time":0.1333,"name":"EF/10023_S1_rock1/10023_S1_rock1_00041"},{"time":0.1666,"name":"EF/10023_S1_rock1/10023_S1_rock1_00042"},{"time":0.2,"name":"EF/10023_S1_rock1/10023_S1_rock1_00043"},{"time":0.2333,"name":"EF/10023_S1_rock1/10023_S1_rock1_00044"},{"time":0.2666,"name":"EF/10023_S1_rock1/10023_S1_rock1_00045"},{"time":0.3,"name":null}]},"S2_rockB1":{"attachment":[{"time":0.0333,"name":"EF/10023_S2_rock1_DOT/10023_S2_rock1_00043"},{"time":0.2,"name":null}]},"S2_rockB2":{"attachment":[{"time":0.0666,"name":"EF/10023_S2_rock1_DOT/10023_S2_rock1_00043"},{"time":0.2333,"name":null}]},"S2_screen1":{"attachment":[{"time":0.0333,"name":"EF/10023_S2_screen1/10023_S2_screen1_00042"},{"time":0.2,"name":null},{"time":0.2333,"name":"EF/10023_S2_screen1/10023_S2_screen1_00042"},{"time":0.4,"name":null},{"time":0.4333,"name":"EF/10023_S2_screen1/10023_S2_screen1_00042"},{"time":0.6,"name":null}]}},"bones":{"S2_screen":{"translate":[{"time":0.0333,"x":-674.91,"y":-908.59},{"time":0.2,"x":-674.91,"y":268.92},{"time":0.2333,"x":-674.91,"y":-908.59},{"time":0.4,"x":-674.91,"y":268.92},{"time":0.4333,"x":-674.91,"y":-908.59},{"time":0.6,"x":-674.91,"y":268.92}]},"S1,2_rockA":{"translate":[{"time":0.0333,"x":-610.31,"y":-206.08}]},"S2_rockB1":{"translate":[{"time":0.0333,"x":-481.81,"y":-898.02},{"time":0.2,"x":-481.81,"y":555.14}]},"S2_rockB2":{"translate":[{"time":0.0666,"x":-624.32,"y":-807.29},{"time":0.2333,"x":-624.32,"y":436.11}]},"MAIN":{"translate":[{"time":0,"x":129.8,"y":0}]}}},"empty":{},"skill2_origin":{"slots":{"S1,2_dusty":{"attachment":[{"time":1.2333,"name":"EF/10023_S1_dusty1/10023_S1_dusty1_00038"},{"time":1.2666,"name":"EF/10023_S1_dusty1/10023_S1_dusty1_00039"},{"time":1.3,"name":"EF/10023_S1_dusty1/10023_S1_dusty1_00040"},{"time":1.3333,"name":"EF/10023_S1_dusty1/10023_S1_dusty1_00041"},{"time":1.3666,"name":"EF/10023_S1_dusty1/10023_S1_dusty1_00042"},{"time":1.4,"name":"EF/10023_S1_dusty1/10023_S1_dusty1_00043"},{"time":1.4333,"name":"EF/10023_S1_dusty1/10023_S1_dusty1_00044"},{"time":1.4666,"name":"EF/10023_S1_dusty1/10023_S1_dusty1_00045"},{"time":1.5,"name":"EF/10023_S1_dusty1/10023_S1_dusty1_00046"},{"time":1.5333,"name":"EF/10023_S1_dusty1/10023_S1_dusty1_00047"},{"time":1.5666,"name":"EF/10023_S1_dusty1/10023_S1_dusty1_00049"},{"time":1.6,"name":"EF/10023_S1_dusty1/10023_S1_dusty1_00050"},{"time":1.6333,"name":"EF/10023_S1_dusty1/10023_S1_dusty1_00052"},{"time":1.6666,"name":"EF/10023_S1_dusty1/10023_S1_dusty1_00055"},{"time":2.0666,"name":"EF/10023_S1_dusty1/10023_S1_dusty1_00038"},{"time":2.1,"name":"EF/10023_S1_dusty1/10023_S1_dusty1_00039"},{"time":2.1333,"name":"EF/10023_S1_dusty1/10023_S1_dusty1_00040"},{"time":2.1666,"name":"EF/10023_S1_dusty1/10023_S1_dusty1_00041"},{"time":2.2,"name":"EF/10023_S1_dusty1/10023_S1_dusty1_00042"},{"time":2.2333,"name":"EF/10023_S1_dusty1/10023_S1_dusty1_00043"},{"time":2.2666,"name":"EF/10023_S1_dusty1/10023_S1_dusty1_00044"},{"time":2.3,"name":"EF/10023_S1_dusty1/10023_S1_dusty1_00045"},{"time":2.3333,"name":"EF/10023_S1_dusty1/10023_S1_dusty1_00046"},{"time":2.3666,"name":"EF/10023_S1_dusty1/10023_S1_dusty1_00047"},{"time":2.4,"name":"EF/10023_S1_dusty1/10023_S1_dusty1_00049"},{"time":2.4333,"name":"EF/10023_S1_dusty1/10023_S1_dusty1_00050"},{"time":2.4666,"name":"EF/10023_S1_dusty1/10023_S1_dusty1_00052"},{"time":2.5,"name":"EF/10023_S1_dusty1/10023_S1_dusty1_00055"}],"color":[{"time":1.2333,"color":"ffffffff","curve":"stepped"},{"time":1.6666,"color":"ffffffff"},{"time":1.7666,"color":"ffffff00","curve":"stepped"},{"time":2.0666,"color":"ffffffff","curve":"stepped"},{"time":2.5,"color":"ffffffff"},{"time":2.6,"color":"ffffff00"}]},"S1,2_rockA":{"attachment":[{"time":1.2333,"name":"EF/10023_S1_rock1/10023_S1_rock1_00038"},{"time":1.2666,"name":"EF/10023_S1_rock1/10023_S1_rock1_00039"},{"time":1.3,"name":"EF/10023_S1_rock1/10023_S1_rock1_00040"},{"time":1.3333,"name":"EF/10023_S1_rock1/10023_S1_rock1_00041"},{"time":1.3666,"name":"EF/10023_S1_rock1/10023_S1_rock1_00042"},{"time":1.4,"name":"EF/10023_S1_rock1/10023_S1_rock1_00043"},{"time":1.4333,"name":"EF/10023_S1_rock1/10023_S1_rock1_00044"},{"time":1.4666,"name":"EF/10023_S1_rock1/10023_S1_rock1_00045"},{"time":1.5,"name":null},{"time":2.0666,"name":"EF/10023_S1_rock1/10023_S1_rock1_00038"},{"time":2.1,"name":"EF/10023_S1_rock1/10023_S1_rock1_00039"},{"time":2.1333,"name":"EF/10023_S1_rock1/10023_S1_rock1_00040"},{"time":2.1666,"name":"EF/10023_S1_rock1/10023_S1_rock1_00041"},{"time":2.2,"name":"EF/10023_S1_rock1/10023_S1_rock1_00042"},{"time":2.2333,"name":"EF/10023_S1_rock1/10023_S1_rock1_00043"},{"time":2.2666,"name":"EF/10023_S1_rock1/10023_S1_rock1_00044"},{"time":2.3,"name":"EF/10023_S1_rock1/10023_S1_rock1_00045"},{"time":2.3333,"name":null}]},"S2_rockB1":{"attachment":[{"time":1.2333,"name":"EF/10023_S2_rock1_DOT/10023_S2_rock1_00043"},{"time":1.4,"name":null},{"time":2.0666,"name":"EF/10023_S2_rock1_DOT/10023_S2_rock1_00043"},{"time":2.2333,"name":null}]},"S2_rockB2":{"attachment":[{"time":1.2666,"name":"EF/10023_S2_rock1_DOT/10023_S2_rock1_00043"},{"time":1.4333,"name":null},{"time":2.1,"name":"EF/10023_S2_rock1_DOT/10023_S2_rock1_00043"},{"time":2.2666,"name":null}]},"S2_screen1":{"attachment":[{"time":1.2333,"name":"EF/10023_S2_screen1/10023_S2_screen1_00042"},{"time":1.4,"name":null},{"time":1.4333,"name":"EF/10023_S2_screen1/10023_S2_screen1_00042"},{"time":1.6,"name":null},{"time":1.6333,"name":"EF/10023_S2_screen1/10023_S2_screen1_00042"},{"time":1.8,"name":null},{"time":2.0666,"name":"EF/10023_S2_screen1/10023_S2_screen1_00042"},{"time":2.2333,"name":null},{"time":2.2666,"name":"EF/10023_S2_screen1/10023_S2_screen1_00042"},{"time":2.4333,"name":null},{"time":2.4666,"name":"EF/10023_S2_screen1/10023_S2_screen1_00042"},{"time":2.6333,"name":null}]}},"bones":{"S1,2_dusty":{"translate":[{"time":1.2333,"x":-599.95,"y":-121.62,"curve":"stepped"},{"time":2.0666,"x":-599.95,"y":-121.62}],"scale":[{"time":1.2333,"x":1.4,"y":1.4,"curve":"stepped"},{"time":1.6666,"x":1.4,"y":1.4},{"time":1.7666,"x":1.537,"y":1.4,"curve":"stepped"},{"time":2.0666,"x":1.4,"y":1.4,"curve":"stepped"},{"time":2.5,"x":1.4,"y":1.4},{"time":2.6,"x":1.537,"y":1.4}]},"S2_screen":{"translate":[{"time":1.2333,"x":-674.91,"y":-908.59},{"time":1.4,"x":-674.91,"y":268.92},{"time":1.4333,"x":-674.91,"y":-908.59},{"time":1.6,"x":-674.91,"y":268.92},{"time":1.6333,"x":-674.91,"y":-908.59},{"time":1.8,"x":-674.91,"y":268.92,"curve":"stepped"},{"time":2.0666,"x":-674.91,"y":-908.59},{"time":2.2333,"x":-674.91,"y":268.92},{"time":2.2666,"x":-674.91,"y":-908.59},{"time":2.4333,"x":-674.91,"y":268.92},{"time":2.4666,"x":-674.91,"y":-908.59},{"time":2.6333,"x":-674.91,"y":268.92}]},"S2_rockB2":{"translate":[{"time":1.2666,"x":-624.32,"y":-807.29},{"time":1.4333,"x":-624.32,"y":436.11,"curve":"stepped"},{"time":2.1,"x":-624.32,"y":-807.29},{"time":2.2666,"x":-624.32,"y":436.11}]},"S1,2_rockA":{"translate":[{"time":1.2333,"x":-610.31,"y":-206.08,"curve":"stepped"},{"time":2.0666,"x":-610.31,"y":-206.08}]},"S2_rockB1":{"translate":[{"time":1.2333,"x":-481.81,"y":-898.02},{"time":1.4,"x":-481.81,"y":555.14,"curve":"stepped"},{"time":2.0666,"x":-481.81,"y":-898.02},{"time":2.2333,"x":-481.81,"y":555.14}]}}}}}