{"skeleton":{"hash":"TNawDowU8Um+8A9f7yg6cAyLINo","spine":"3.0.12","width":0,"height":0},"bones":[{"name":"root"},{"name":"MAIN","parent":"root","y":100},{"name":"SHADOW-OFFSET","parent":"MAIN"},{"name":"HITBOX","parent":"MAIN"},{"name":"EF","parent":"root"},{"name":"bubble_wave_main_02","parent":"EF"},{"name":"bubble_wave_main_01","parent":"EF"},{"name":"bubble_wave_main_00","parent":"EF"},{"name":"DAMAGEAREA","parent":"root"},{"name":"water_wave_main_00","parent":"EF"},{"name":"water_wave_main_01","parent":"EF"},{"name":"water_wave_main_02","parent":"EF"}],"slots":[{"name":"MAIN","bone":"MAIN","attachment":"idle_00"},{"name":"water_wave_main_00","bone":"water_wave_main_00","blend":"additive"},{"name":"water_wave_main_01","bone":"water_wave_main_01","blend":"additive"},{"name":"water_wave_main_02","bone":"water_wave_main_02","blend":"additive"},{"name":"bubble_wave_main_00","bone":"bubble_wave_main_00","blend":"additive"},{"name":"bubble_wave_main_01","bone":"bubble_wave_main_01","blend":"additive"},{"name":"bubble_wave_main_02","bone":"bubble_wave_main_02","blend":"additive"},{"name":"DAMAGEAREA","bone":"DAMAGEAREA"},{"name":"HITBOX","bone":"HITBOX","attachment":"HITBOX"}],"skins":{"default":{"DAMAGEAREA":{"DAMAGEAREA":{"type":"boundingbox","vertices":[-97.28032,98.22918,-97.71262,-97.17134,98.55249,-97.17134,97.6879,96.06765]}},"HITBOX":{"HITBOX":{"type":"boundingbox","vertices":[-44.97175,64.80366,-46.26867,-77.42369,56.18689,-77.85597,56.61922,65.23599]}},"MAIN":{"attack_00":{"x":35,"y":15,"width":500,"height":500},"attack_01":{"x":35,"y":15,"width":500,"height":500},"attack_02":{"x":35,"y":15,"width":500,"height":500},"attack_03":{"x":35,"y":15,"width":500,"height":500},"attack_04":{"x":35,"y":15,"width":500,"height":500},"attack_05":{"x":35,"y":15,"width":500,"height":500},"attack_06":{"x":35,"y":15,"width":500,"height":500},"attack_07":{"x":35,"y":15,"width":500,"height":500},"attack_08":{"x":35,"y":15,"width":500,"height":500},"back_00":{"x":35,"y":15,"width":500,"height":500},"back_01":{"x":35,"y":15,"width":500,"height":500},"back_02":{"x":35,"y":15,"width":500,"height":500},"back_03":{"x":35,"y":15,"width":500,"height":500},"back_04":{"x":35,"y":15,"width":500,"height":500},"damage_00":{"x":35,"y":20,"width":500,"height":500},"front_00":{"x":35,"y":15,"width":500,"height":500},"front_01":{"x":35,"y":15,"width":500,"height":500},"front_02":{"x":35,"y":15,"width":500,"height":500},"front_03":{"x":35,"y":15,"width":500,"height":500},"front_04":{"x":35,"y":15,"width":500,"height":500},"idle_00":{"x":35,"y":15,"width":500,"height":500},"idle_01":{"x":35,"y":15,"width":500,"height":500},"idle_02":{"x":35,"y":15,"width":500,"height":500},"idle_03":{"x":35,"y":15,"width":500,"height":500},"idle_04":{"x":35,"y":15,"width":500,"height":500},"skill2_00":{"x":35,"y":15,"width":500,"height":500},"skill2_01":{"x":35,"y":15,"width":500,"height":500},"skill2_02":{"x":35,"y":15,"width":500,"height":500},"skill2_03":{"x":35,"y":15,"width":500,"height":500}},"bubble_wave_main_00":{"EF/ef_bubble_wave_main/ef_bubble_wave_main_00002":{"y":41.96,"width":288,"height":171},"EF/ef_bubble_wave_main/ef_bubble_wave_main_00004":{"y":41.96,"width":288,"height":171},"EF/ef_bubble_wave_main/ef_bubble_wave_main_00006":{"y":41.96,"width":288,"height":171},"EF/ef_bubble_wave_main/ef_bubble_wave_main_00008":{"y":41.96,"width":288,"height":171},"EF/ef_bubble_wave_main/ef_bubble_wave_main_00010":{"y":41.96,"width":288,"height":171},"EF/ef_bubble_wave_main/ef_bubble_wave_main_00012":{"y":41.96,"width":288,"height":171},"EF/ef_bubble_wave_main/ef_bubble_wave_main_00014":{"y":41.96,"width":288,"height":171},"EF/ef_bubble_wave_main/ef_bubble_wave_main_00016":{"y":41.96,"width":288,"height":171},"EF/ef_bubble_wave_main/ef_bubble_wave_main_00018":{"y":41.96,"width":288,"height":171},"EF/ef_bubble_wave_main/ef_bubble_wave_main_00020":{"y":41.96,"width":288,"height":171},"EF/ef_bubble_wave_main/ef_bubble_wave_main_00022":{"y":41.96,"width":288,"height":171},"EF/ef_bubble_wave_main/ef_bubble_wave_main_00024":{"y":41.96,"width":288,"height":171},"EF/ef_bubble_wave_main/ef_bubble_wave_main_00025":{"y":41.96,"width":288,"height":171},"EF/ef_bubble_wave_main/ef_bubble_wave_main_00026":{"y":41.96,"width":288,"height":171},"EF/ef_bubble_wave_main/ef_bubble_wave_main_00027":{"y":41.96,"width":288,"height":171}},"bubble_wave_main_01":{"EF/ef_bubble_wave_main/ef_bubble_wave_main_00002":{"y":41.96,"width":288,"height":171},"EF/ef_bubble_wave_main/ef_bubble_wave_main_00004":{"y":41.96,"width":288,"height":171},"EF/ef_bubble_wave_main/ef_bubble_wave_main_00006":{"y":41.96,"width":288,"height":171},"EF/ef_bubble_wave_main/ef_bubble_wave_main_00008":{"y":41.96,"width":288,"height":171},"EF/ef_bubble_wave_main/ef_bubble_wave_main_00010":{"y":41.96,"width":288,"height":171},"EF/ef_bubble_wave_main/ef_bubble_wave_main_00012":{"y":41.96,"width":288,"height":171},"EF/ef_bubble_wave_main/ef_bubble_wave_main_00014":{"y":41.96,"width":288,"height":171},"EF/ef_bubble_wave_main/ef_bubble_wave_main_00016":{"y":41.96,"width":288,"height":171},"EF/ef_bubble_wave_main/ef_bubble_wave_main_00018":{"y":41.96,"width":288,"height":171},"EF/ef_bubble_wave_main/ef_bubble_wave_main_00020":{"y":41.96,"width":288,"height":171},"EF/ef_bubble_wave_main/ef_bubble_wave_main_00022":{"y":41.96,"width":288,"height":171},"EF/ef_bubble_wave_main/ef_bubble_wave_main_00024":{"y":41.96,"width":288,"height":171},"EF/ef_bubble_wave_main/ef_bubble_wave_main_00025":{"y":41.96,"width":288,"height":171},"EF/ef_bubble_wave_main/ef_bubble_wave_main_00026":{"y":41.96,"width":288,"height":171},"EF/ef_bubble_wave_main/ef_bubble_wave_main_00027":{"y":41.96,"width":288,"height":171}},"bubble_wave_main_02":{"EF/ef_bubble_wave_main/ef_bubble_wave_main_00002":{"y":41.96,"width":288,"height":171},"EF/ef_bubble_wave_main/ef_bubble_wave_main_00004":{"y":41.96,"width":288,"height":171},"EF/ef_bubble_wave_main/ef_bubble_wave_main_00006":{"y":41.96,"width":288,"height":171},"EF/ef_bubble_wave_main/ef_bubble_wave_main_00008":{"y":41.96,"width":288,"height":171},"EF/ef_bubble_wave_main/ef_bubble_wave_main_00010":{"y":41.96,"width":288,"height":171},"EF/ef_bubble_wave_main/ef_bubble_wave_main_00012":{"y":41.96,"width":288,"height":171},"EF/ef_bubble_wave_main/ef_bubble_wave_main_00014":{"y":41.96,"width":288,"height":171},"EF/ef_bubble_wave_main/ef_bubble_wave_main_00016":{"y":41.96,"width":288,"height":171},"EF/ef_bubble_wave_main/ef_bubble_wave_main_00018":{"y":41.96,"width":288,"height":171},"EF/ef_bubble_wave_main/ef_bubble_wave_main_00020":{"y":41.96,"width":288,"height":171},"EF/ef_bubble_wave_main/ef_bubble_wave_main_00022":{"y":41.96,"width":288,"height":171},"EF/ef_bubble_wave_main/ef_bubble_wave_main_00024":{"y":41.96,"width":288,"height":171},"EF/ef_bubble_wave_main/ef_bubble_wave_main_00025":{"y":41.96,"width":288,"height":171},"EF/ef_bubble_wave_main/ef_bubble_wave_main_00026":{"y":41.96,"width":288,"height":171},"EF/ef_bubble_wave_main/ef_bubble_wave_main_00027":{"y":41.96,"width":288,"height":171}},"water_wave_main_00":{"EF/ef_water_wave_main/ef_water_wave_main_00008":{"width":250,"height":90},"EF/ef_water_wave_main/ef_water_wave_main_00009":{"width":250,"height":90},"EF/ef_water_wave_main/ef_water_wave_main_00010":{"width":250,"height":90},"EF/ef_water_wave_main/ef_water_wave_main_00012":{"width":250,"height":90},"EF/ef_water_wave_main/ef_water_wave_main_00014":{"width":250,"height":90},"EF/ef_water_wave_main/ef_water_wave_main_00016":{"width":250,"height":90},"EF/ef_water_wave_main/ef_water_wave_main_00018":{"width":250,"height":90},"EF/ef_water_wave_main/ef_water_wave_main_00020":{"width":250,"height":90},"EF/ef_water_wave_main/ef_water_wave_main_00022":{"width":250,"height":90},"EF/ef_water_wave_main/ef_water_wave_main_00023":{"width":250,"height":90},"EF/ef_water_wave_main/ef_water_wave_main_00024":{"width":250,"height":90}},"water_wave_main_01":{"EF/ef_water_wave_main/ef_water_wave_main_00008":{"width":250,"height":90},"EF/ef_water_wave_main/ef_water_wave_main_00009":{"width":250,"height":90},"EF/ef_water_wave_main/ef_water_wave_main_00010":{"width":250,"height":90},"EF/ef_water_wave_main/ef_water_wave_main_00012":{"width":250,"height":90},"EF/ef_water_wave_main/ef_water_wave_main_00014":{"width":250,"height":90},"EF/ef_water_wave_main/ef_water_wave_main_00016":{"width":250,"height":90},"EF/ef_water_wave_main/ef_water_wave_main_00018":{"width":250,"height":90},"EF/ef_water_wave_main/ef_water_wave_main_00020":{"width":250,"height":90},"EF/ef_water_wave_main/ef_water_wave_main_00022":{"width":250,"height":90},"EF/ef_water_wave_main/ef_water_wave_main_00023":{"width":250,"height":90},"EF/ef_water_wave_main/ef_water_wave_main_00024":{"width":250,"height":90}},"water_wave_main_02":{"EF/ef_water_wave_main/ef_water_wave_main_00008":{"width":250,"height":90},"EF/ef_water_wave_main/ef_water_wave_main_00009":{"width":250,"height":90},"EF/ef_water_wave_main/ef_water_wave_main_00010":{"width":250,"height":90},"EF/ef_water_wave_main/ef_water_wave_main_00012":{"width":250,"height":90},"EF/ef_water_wave_main/ef_water_wave_main_00014":{"width":250,"height":90},"EF/ef_water_wave_main/ef_water_wave_main_00016":{"width":250,"height":90},"EF/ef_water_wave_main/ef_water_wave_main_00018":{"width":250,"height":90},"EF/ef_water_wave_main/ef_water_wave_main_00020":{"width":250,"height":90},"EF/ef_water_wave_main/ef_water_wave_main_00022":{"width":250,"height":90},"EF/ef_water_wave_main/ef_water_wave_main_00023":{"width":250,"height":90},"EF/ef_water_wave_main/ef_water_wave_main_00024":{"width":250,"height":90}}}},"events":{"Event":{},"Hit":{},"Sound1":{},"Sound2":{},"Sound3":{},"Voice":{}},"animations":{"attack1":{"slots":{"MAIN":{"attachment":[{"time":0,"name":"idle_00"},{"time":0.0666,"name":"attack_00"},{"time":0.1666,"name":"attack_01"},{"time":0.2333,"name":"attack_02"},{"time":0.3,"name":"attack_03"},{"time":0.3666,"name":"attack_01"},{"time":0.4333,"name":"attack_02"},{"time":0.5,"name":"attack_03"},{"time":0.5666,"name":"attack_01"},{"time":0.6333,"name":"attack_04"},{"time":0.7,"name":"attack_05"},{"time":0.7666,"name":"attack_06"},{"time":0.9666,"name":"attack_07"},{"time":1.0333,"name":"attack_08"},{"time":1.3333,"name":"attack_08"}]}},"events":[{"time":0.1666,"name":"Sound1","string":"cri_se_battle_charge"},{"time":0.7666,"name":"Voice","string":"cri_129_voice_attack_random"},{"time":0.9666,"name":"Event","string":"runScript_attackShot"}]},"attack1-library":{"slots":{"MAIN":{"attachment":[{"time":0,"name":"idle_00"},{"time":0.0666,"name":"attack_00"},{"time":0.1666,"name":"attack_01"},{"time":0.2333,"name":"attack_02"},{"time":0.3,"name":"attack_03"},{"time":0.3666,"name":"attack_01"},{"time":0.4333,"name":"attack_02"},{"time":0.5,"name":"attack_03"},{"time":0.5666,"name":"attack_01"},{"time":0.6333,"name":"attack_04"},{"time":0.7,"name":"attack_05"},{"time":0.7666,"name":"attack_06"},{"time":0.9666,"name":"attack_07"},{"time":1.0333,"name":"attack_08"},{"time":1.3333,"name":"attack_08"}]}},"events":[{"time":0.1666,"name":"Sound1","string":"cri_se_battle_charge"},{"time":0.7666,"name":"Voice","string":"cri_129_voice_attack_random"},{"time":0.9666,"name":"Event","string":"runScript_attackShot"}]},"back":{"slots":{"MAIN":{"attachment":[{"time":0,"name":"back_00"},{"time":0.2,"name":"back_01"},{"time":0.4,"name":"back_02"},{"time":0.6,"name":"back_03"},{"time":0.8,"name":"back_04"},{"time":1,"name":"back_04"}]}},"bones":{"MAIN":{"translate":[{"time":0,"x":0,"y":0,"curve":[0.4,0.08,0.173,1]},{"time":0.6,"x":135,"y":0,"curve":[0.235,0.32,0.75,1]},{"time":1,"x":150,"y":0}]}}},"cast":{"slots":{"MAIN":{"attachment":[{"time":0,"name":"idle_00"},{"time":0.0666,"name":"attack_00"},{"time":0.1666,"name":"attack_04"},{"time":0.2333,"name":"attack_05"},{"time":0.3,"name":"attack_06"},{"time":0.5,"name":"attack_07"},{"time":0.5666,"name":"attack_08"},{"time":1,"name":"attack_08"}]}},"events":[{"time":0.3333,"name":"Voice","string":"cri_129_voice_item"}]},"damage":{"slots":{"MAIN":{"attachment":[{"time":0,"name":"damage_00"}]}}},"front":{"slots":{"MAIN":{"attachment":[{"time":0,"name":"front_00"},{"time":0.2,"name":"front_01"},{"time":0.4,"name":"front_02"},{"time":0.6,"name":"front_03"},{"time":0.8,"name":"front_04"},{"time":1,"name":"front_04"}]}}},"idle":{"slots":{"MAIN":{"attachment":[{"time":0,"name":"idle_00"},{"time":0.2,"name":"idle_01"},{"time":0.4,"name":"idle_02"},{"time":0.6,"name":"idle_03"},{"time":0.8,"name":"idle_04"},{"time":1,"name":"idle_00"}]}}},"skill1":{"slots":{"MAIN":{"attachment":[{"time":0,"name":"attack_07"},{"time":0.0666,"name":"attack_00"},{"time":0.1666,"name":"attack_01"},{"time":0.2666,"name":"attack_02"},{"time":0.3666,"name":"attack_03"},{"time":0.4666,"name":"attack_01"},{"time":0.5666,"name":"attack_02"},{"time":0.6666,"name":"attack_03"},{"time":0.7666,"name":"attack_01"},{"time":0.8666,"name":"attack_04"},{"time":0.9666,"name":"attack_05"},{"time":1.0666,"name":"attack_06"},{"time":1.4333,"name":"attack_07"},{"time":1.5,"name":"attack_08"},{"time":2.2333,"name":"idle_03"},{"time":2.4333,"name":"idle_04"},{"time":2.6333,"name":"idle_04"}]}},"events":[{"time":0,"name":"Event","string":"addOrbitSystem_2__Skill1Attack_1"},{"time":0.1666,"name":"Event","string":"addOrbitSystem_2__Skill1Attack_2"},{"time":0.4333,"name":"Event","string":"runSkillEffect"},{"time":1.0666,"name":"Voice","string":"cri_129_voice_skill_all"}]},"skill2":{"slots":{"MAIN":{"attachment":[{"time":0,"name":"idle_00"},{"time":0.0666,"name":"skill2_00"},{"time":0.1666,"name":"skill2_01"},{"time":0.6666,"name":"idle_00"},{"time":0.9333,"name":"attack_00"},{"time":1.0333,"name":"attack_01"},{"time":1.1333,"name":"attack_02"},{"time":1.2333,"name":"attack_03"},{"time":1.3333,"name":"attack_01"},{"time":1.4333,"name":"attack_02"},{"time":1.5333,"name":"attack_03"},{"time":1.6333,"name":"attack_01"},{"time":1.7333,"name":"attack_04"},{"time":1.8333,"name":"attack_05"},{"time":1.9333,"name":"attack_06"},{"time":2.2666,"name":"attack_07"},{"time":2.3333,"name":"attack_08"},{"time":2.4333,"name":"skill2_02"},{"time":2.5333,"name":"skill2_03"},{"time":2.6333,"name":"attack_08"},{"time":2.7333,"name":"skill2_02"},{"time":2.8333,"name":"skill2_03"},{"time":2.9333,"name":"attack_08"},{"time":3.0333,"name":"skill2_02"},{"time":3.1333,"name":"skill2_03"},{"time":3.2333,"name":"attack_08"},{"time":3.3333,"name":"skill2_02"},{"time":3.4333,"name":"skill2_03"},{"time":3.5333,"name":"attack_08"},{"time":3.6333,"name":"skill2_02"},{"time":3.7333,"name":"skill2_03"},{"time":3.8333,"name":"attack_08"},{"time":3.9333,"name":"skill2_02"},{"time":4.0333,"name":"skill2_03"},{"time":4.1333,"name":"attack_08"},{"time":4.2333,"name":"skill2_02"},{"time":4.3333,"name":"skill2_01"},{"time":4.8333,"name":"skill2_00"},{"time":4.9333,"name":"idle_00"},{"time":5.2333,"name":"idle_00"}]},"bubble_wave_main_00":{"attachment":[{"time":2.2666,"name":"EF/ef_bubble_wave_main/ef_bubble_wave_main_00002"},{"time":2.3,"name":"EF/ef_bubble_wave_main/ef_bubble_wave_main_00004"},{"time":2.3333,"name":"EF/ef_bubble_wave_main/ef_bubble_wave_main_00006"},{"time":2.3666,"name":"EF/ef_bubble_wave_main/ef_bubble_wave_main_00008"},{"time":2.4,"name":"EF/ef_bubble_wave_main/ef_bubble_wave_main_00010"},{"time":2.4333,"name":"EF/ef_bubble_wave_main/ef_bubble_wave_main_00012"},{"time":2.4666,"name":"EF/ef_bubble_wave_main/ef_bubble_wave_main_00014"},{"time":2.5,"name":"EF/ef_bubble_wave_main/ef_bubble_wave_main_00016"},{"time":2.5333,"name":"EF/ef_bubble_wave_main/ef_bubble_wave_main_00018"},{"time":2.5666,"name":"EF/ef_bubble_wave_main/ef_bubble_wave_main_00020"},{"time":2.6,"name":"EF/ef_bubble_wave_main/ef_bubble_wave_main_00022"},{"time":2.6666,"name":"EF/ef_bubble_wave_main/ef_bubble_wave_main_00024"},{"time":2.7333,"name":"EF/ef_bubble_wave_main/ef_bubble_wave_main_00025"},{"time":2.8,"name":"EF/ef_bubble_wave_main/ef_bubble_wave_main_00026"},{"time":2.8666,"name":"EF/ef_bubble_wave_main/ef_bubble_wave_main_00027"},{"time":3.1333,"name":null}],"color":[{"time":2.8,"color":"ffffffff"},{"time":3.1333,"color":"ffffff00"}]},"bubble_wave_main_01":{"attachment":[{"time":2.6666,"name":"EF/ef_bubble_wave_main/ef_bubble_wave_main_00002"},{"time":2.7,"name":"EF/ef_bubble_wave_main/ef_bubble_wave_main_00004"},{"time":2.7333,"name":"EF/ef_bubble_wave_main/ef_bubble_wave_main_00006"},{"time":2.7666,"name":"EF/ef_bubble_wave_main/ef_bubble_wave_main_00008"},{"time":2.8,"name":"EF/ef_bubble_wave_main/ef_bubble_wave_main_00010"},{"time":2.8333,"name":"EF/ef_bubble_wave_main/ef_bubble_wave_main_00012"},{"time":2.8666,"name":"EF/ef_bubble_wave_main/ef_bubble_wave_main_00014"},{"time":2.9,"name":"EF/ef_bubble_wave_main/ef_bubble_wave_main_00016"},{"time":2.9333,"name":"EF/ef_bubble_wave_main/ef_bubble_wave_main_00018"},{"time":2.9666,"name":"EF/ef_bubble_wave_main/ef_bubble_wave_main_00020"},{"time":3,"name":"EF/ef_bubble_wave_main/ef_bubble_wave_main_00022"},{"time":3.0666,"name":"EF/ef_bubble_wave_main/ef_bubble_wave_main_00024"},{"time":3.1333,"name":"EF/ef_bubble_wave_main/ef_bubble_wave_main_00025"},{"time":3.2,"name":"EF/ef_bubble_wave_main/ef_bubble_wave_main_00026"},{"time":3.2666,"name":"EF/ef_bubble_wave_main/ef_bubble_wave_main_00027"},{"time":3.5333,"name":null}],"color":[{"time":3.2,"color":"ffffffff"},{"time":3.5333,"color":"ffffff00"}]},"bubble_wave_main_02":{"attachment":[{"time":3.0666,"name":"EF/ef_bubble_wave_main/ef_bubble_wave_main_00002"},{"time":3.1,"name":"EF/ef_bubble_wave_main/ef_bubble_wave_main_00004"},{"time":3.1333,"name":"EF/ef_bubble_wave_main/ef_bubble_wave_main_00006"},{"time":3.1666,"name":"EF/ef_bubble_wave_main/ef_bubble_wave_main_00008"},{"time":3.2,"name":"EF/ef_bubble_wave_main/ef_bubble_wave_main_00010"},{"time":3.2333,"name":"EF/ef_bubble_wave_main/ef_bubble_wave_main_00012"},{"time":3.2666,"name":"EF/ef_bubble_wave_main/ef_bubble_wave_main_00014"},{"time":3.3,"name":"EF/ef_bubble_wave_main/ef_bubble_wave_main_00016"},{"time":3.3333,"name":"EF/ef_bubble_wave_main/ef_bubble_wave_main_00018"},{"time":3.3666,"name":"EF/ef_bubble_wave_main/ef_bubble_wave_main_00020"},{"time":3.4,"name":"EF/ef_bubble_wave_main/ef_bubble_wave_main_00022"},{"time":3.4666,"name":"EF/ef_bubble_wave_main/ef_bubble_wave_main_00024"},{"time":3.5333,"name":"EF/ef_bubble_wave_main/ef_bubble_wave_main_00025"},{"time":3.6,"name":"EF/ef_bubble_wave_main/ef_bubble_wave_main_00026"},{"time":3.6666,"name":"EF/ef_bubble_wave_main/ef_bubble_wave_main_00027"},{"time":3.9333,"name":null}],"color":[{"time":3.6,"color":"ffffffff"},{"time":3.9333,"color":"ffffff00"}]},"water_wave_main_00":{"attachment":[{"time":1.0333,"name":"EF/ef_water_wave_main/ef_water_wave_main_00008"},{"time":1.3,"name":"EF/ef_water_wave_main/ef_water_wave_main_00009"},{"time":1.3333,"name":"EF/ef_water_wave_main/ef_water_wave_main_00010"},{"time":1.3666,"name":"EF/ef_water_wave_main/ef_water_wave_main_00012"},{"time":1.4,"name":"EF/ef_water_wave_main/ef_water_wave_main_00014"},{"time":1.4333,"name":"EF/ef_water_wave_main/ef_water_wave_main_00016"},{"time":1.4666,"name":"EF/ef_water_wave_main/ef_water_wave_main_00018"},{"time":1.5,"name":"EF/ef_water_wave_main/ef_water_wave_main_00020"},{"time":1.5333,"name":"EF/ef_water_wave_main/ef_water_wave_main_00022"},{"time":1.5666,"name":"EF/ef_water_wave_main/ef_water_wave_main_00023"},{"time":1.6,"name":"EF/ef_water_wave_main/ef_water_wave_main_00024"},{"time":2.2666,"name":"EF/ef_water_wave_main/ef_water_wave_main_00008"},{"time":2.5333,"name":"EF/ef_water_wave_main/ef_water_wave_main_00009"},{"time":2.5666,"name":"EF/ef_water_wave_main/ef_water_wave_main_00010"},{"time":2.6,"name":"EF/ef_water_wave_main/ef_water_wave_main_00012"},{"time":2.6333,"name":"EF/ef_water_wave_main/ef_water_wave_main_00014"},{"time":2.6666,"name":"EF/ef_water_wave_main/ef_water_wave_main_00016"},{"time":2.7,"name":"EF/ef_water_wave_main/ef_water_wave_main_00018"},{"time":2.7333,"name":"EF/ef_water_wave_main/ef_water_wave_main_00020"},{"time":2.7666,"name":"EF/ef_water_wave_main/ef_water_wave_main_00022"},{"time":2.8,"name":"EF/ef_water_wave_main/ef_water_wave_main_00023"},{"time":2.8333,"name":"EF/ef_water_wave_main/ef_water_wave_main_00024"},{"time":3.0333,"name":null}],"color":[{"time":1.5333,"color":"ffffffff"},{"time":1.7,"color":"ffffff00","curve":"stepped"},{"time":2.2666,"color":"ffffffff","curve":"stepped"},{"time":2.8333,"color":"ffffffff"},{"time":3.0333,"color":"ffffff00"}]},"water_wave_main_01":{"attachment":[{"time":2.6666,"name":"EF/ef_water_wave_main/ef_water_wave_main_00008"},{"time":2.9333,"name":"EF/ef_water_wave_main/ef_water_wave_main_00009"},{"time":2.9666,"name":"EF/ef_water_wave_main/ef_water_wave_main_00010"},{"time":3,"name":"EF/ef_water_wave_main/ef_water_wave_main_00012"},{"time":3.0333,"name":"EF/ef_water_wave_main/ef_water_wave_main_00014"},{"time":3.0666,"name":"EF/ef_water_wave_main/ef_water_wave_main_00016"},{"time":3.1,"name":"EF/ef_water_wave_main/ef_water_wave_main_00018"},{"time":3.1333,"name":"EF/ef_water_wave_main/ef_water_wave_main_00020"},{"time":3.1666,"name":"EF/ef_water_wave_main/ef_water_wave_main_00022"},{"time":3.2,"name":"EF/ef_water_wave_main/ef_water_wave_main_00023"},{"time":3.2333,"name":"EF/ef_water_wave_main/ef_water_wave_main_00024"},{"time":3.4333,"name":null}],"color":[{"time":3.2333,"color":"ffffffff"},{"time":3.4333,"color":"ffffff00"}]},"water_wave_main_02":{"attachment":[{"time":3.0333,"name":"EF/ef_water_wave_main/ef_water_wave_main_00008"},{"time":3.3,"name":"EF/ef_water_wave_main/ef_water_wave_main_00009"},{"time":3.3333,"name":"EF/ef_water_wave_main/ef_water_wave_main_00010"},{"time":3.3666,"name":"EF/ef_water_wave_main/ef_water_wave_main_00012"},{"time":3.4,"name":"EF/ef_water_wave_main/ef_water_wave_main_00014"},{"time":3.4333,"name":"EF/ef_water_wave_main/ef_water_wave_main_00016"},{"time":3.4666,"name":"EF/ef_water_wave_main/ef_water_wave_main_00018"},{"time":3.5,"name":"EF/ef_water_wave_main/ef_water_wave_main_00020"},{"time":3.5333,"name":"EF/ef_water_wave_main/ef_water_wave_main_00022"},{"time":3.5666,"name":"EF/ef_water_wave_main/ef_water_wave_main_00023"},{"time":3.6,"name":"EF/ef_water_wave_main/ef_water_wave_main_00024"},{"time":4.2,"name":null}],"color":[{"time":3.6,"color":"ffffffff"},{"time":4.2,"color":"ffffff00"}]}},"bones":{"MAIN":{"translate":[{"time":0,"x":0,"y":0,"curve":"stepped"},{"time":0.1666,"x":0,"y":0,"curve":[0.541,0,0.75,1]},{"time":0.6666,"x":0,"y":144.2},{"time":0.7666,"x":0,"y":150,"curve":"stepped"},{"time":4.3333,"x":0,"y":150,"curve":[0.541,0,0.75,1]},{"time":4.7333,"x":0,"y":5.06},{"time":4.8333,"x":0,"y":0}]},"water_wave_main_00":{"scale":[{"time":1.0333,"x":0.374,"y":0.374},{"time":1.3,"x":2.377,"y":2.377},{"time":1.7,"x":2.265,"y":2.265,"curve":"stepped"},{"time":2.2666,"x":1.373,"y":1.373},{"time":2.5333,"x":4.76,"y":4.76,"curve":"stepped"},{"time":2.5666,"x":4.553,"y":4.553,"curve":"stepped"},{"time":2.6,"x":4.345,"y":4.345,"curve":"stepped"},{"time":2.6333,"x":4.137,"y":4.137,"curve":"stepped"},{"time":2.6666,"x":3.739,"y":3.739,"curve":"stepped"},{"time":2.7,"x":3.43,"y":3.43,"curve":"stepped"},{"time":2.7333,"x":3.267,"y":3.267,"curve":"stepped"},{"time":2.7666,"x":3.116,"y":3.116,"curve":"stepped"},{"time":2.8333,"x":3.116,"y":3.116},{"time":3.0333,"x":3.234,"y":3.234}]},"water_wave_main_01":{"scale":[{"time":2.6666,"x":1.373,"y":1.373},{"time":2.9333,"x":4.76,"y":4.76,"curve":"stepped"},{"time":2.9666,"x":4.553,"y":4.553,"curve":"stepped"},{"time":3,"x":4.345,"y":4.345,"curve":"stepped"},{"time":3.0333,"x":4.137,"y":4.137,"curve":"stepped"},{"time":3.0666,"x":3.739,"y":3.739,"curve":"stepped"},{"time":3.1,"x":3.43,"y":3.43,"curve":"stepped"},{"time":3.1333,"x":3.267,"y":3.267,"curve":"stepped"},{"time":3.1666,"x":3.116,"y":3.116,"curve":"stepped"},{"time":3.2333,"x":3.116,"y":3.116},{"time":3.4333,"x":3.234,"y":3.234}]},"water_wave_main_02":{"scale":[{"time":3.0333,"x":1.373,"y":1.373},{"time":3.3,"x":4.76,"y":4.76,"curve":"stepped"},{"time":3.3333,"x":4.553,"y":4.553,"curve":"stepped"},{"time":3.3666,"x":4.345,"y":4.345,"curve":"stepped"},{"time":3.4,"x":4.137,"y":4.137,"curve":"stepped"},{"time":3.4333,"x":3.739,"y":3.739,"curve":"stepped"},{"time":3.4666,"x":3.43,"y":3.43,"curve":"stepped"},{"time":3.5,"x":3.267,"y":3.267,"curve":"stepped"},{"time":3.5333,"x":3.116,"y":3.116,"curve":"stepped"},{"time":3.6,"x":3.116,"y":3.116},{"time":4.2,"x":3.395,"y":3.395}]},"bubble_wave_main_00":{"translate":[{"time":2.2666,"x":0,"y":-18.29}],"scale":[{"time":2.2666,"x":2.82,"y":2.82},{"time":2.8333,"x":3.17,"y":3.17},{"time":2.9666,"x":3.25,"y":3.19},{"time":3.1333,"x":3.3,"y":3.15}]},"bubble_wave_main_01":{"translate":[{"time":2.6666,"x":0,"y":-18.29}],"scale":[{"time":2.6666,"x":2.82,"y":2.82},{"time":3.2333,"x":3.17,"y":3.17},{"time":3.3666,"x":3.25,"y":3.19},{"time":3.5333,"x":3.3,"y":3.15}]},"bubble_wave_main_02":{"translate":[{"time":3.0666,"x":0,"y":-18.29}],"scale":[{"time":3.0666,"x":2.82,"y":2.82},{"time":3.6333,"x":3.17,"y":3.17},{"time":3.7666,"x":3.25,"y":3.19},{"time":3.9333,"x":3.3,"y":3.15}]}},"events":[{"time":0.1666,"name":"Voice","string":"cri_129_voice_fullarts_now"},{"time":1.0333,"name":"Sound2","string":"cri_se_scenario_no2_magic"},{"time":2.2666,"name":"Event","string":"runSkillEffect"},{"time":2.2666,"name":"Sound1","string":"cri_se_battle_034_explosion_element_02_2"},{"time":2.2666,"name":"Sound2","string":"cri_se_battle_bell_tree_01"},{"time":2.2666,"name":"Voice","string":"cri_129_voice_fullarts_rank5"}]}}}