{"skeleton":{"hash":"9MAObvsmGYJ69MCABdHqnenkwmw","spine":"3.0.12","width":0,"height":0,"images":"./images2/"},"bones":[{"name":"root"},{"name":"grid","parent":"root"},{"name":"Thrust2","parent":"root","color":"9b3d21ff"},{"name":"Thrust","parent":"root","color":"9b3d21ff"},{"name":"S2_power2_1","parent":"root"},{"name":"S2_power1_1","parent":"root"},{"name":"S2_power2","parent":"root"},{"name":"S2_power1","parent":"root"},{"name":"S2_jet1","parent":"root"},{"name":"S1_wave2","parent":"root"},{"name":"S1_wave1","parent":"root"},{"name":"S1_dasty1","parent":"root"},{"name":"MAIN","parent":"root","y":58.97,"color":"00159bff"},{"name":"SHADOW-OFFSET","parent":"MAIN","x":9.95,"scaleX":1.3,"scaleY":1.3},{"name":"R_wing1","parent":"MAIN","x":-14.89,"y":53.25,"color":"3cff00ff"},{"name":"R_wing2","parent":"R_wing1","length":53.1,"x":-3.83,"y":2.11,"rotation":-102.55,"color":"3cff00ff"},{"name":"L_wing1","parent":"MAIN","x":36.56,"y":40.77,"color":"ff000dff"},{"name":"L_wing2","parent":"L_wing1","length":47.75,"x":9.41,"y":8.47,"rotation":-48.65,"color":"ff000dff"},{"name":"HPBAR","parent":"MAIN","y":91.54,"color":"00159bff"},{"name":"HITBOX","parent":"MAIN"},{"name":"DAMAGEAREA","parent":"root"}],"slots":[{"name":"grid/bg","bone":"grid","color":"ffffff64"},{"name":"grid/grid","bone":"grid","color":"ffffff64"},{"name":"EF/370_S1_wave1/370_S1_wave1_00000","bone":"S1_wave1","blend":"additive"},{"name":"EF/370_S1_wave1/370_S1_wave1_0","bone":"S1_wave2"},{"name":"EF/420_S1_dasty1/420_S1_dasty1_00000","bone":"S1_dasty1","blend":"additive"},{"name":"EF/470_S2_jet1/470_S2_jet1_00010","bone":"S2_jet1","blend":"additive"},{"name":"L_wing_2","bone":"L_wing2"},{"name":"L_wing_1","bone":"L_wing1"},{"name":"R_wing_2","bone":"R_wing2"},{"name":"R_wing_1","bone":"R_wing1"},{"name":"MAIN","bone":"MAIN","attachment":"idle_00"},{"name":"EF/470_S2_power1/470_S2_power1_00000","bone":"S2_power1","color":"ffffff80","blend":"additive"},{"name":"EF/470_S2_power1/470_S2_power1_0","bone":"S2_power1_1","color":"ffffff80","blend":"additive"},{"name":"EF/470_S2_power2/470_S2_power2_00000","bone":"S2_power2","color":"ffffffbc","blend":"additive"},{"name":"EF/470_S2_power2/470_S2_power2_0","bone":"S2_power2_1","color":"ffffffbc","blend":"additive"},{"name":"EF/Thrust/sp_ef_1","bone":"Thrust","color":"00ff53ff","blend":"additive"},{"name":"EF/Thrust/sp_ef_2","bone":"Thrust2","color":"00ff53ff","blend":"additive"},{"name":"HITBOX","bone":"HITBOX","attachment":"HITBOX"},{"name":"DAMAGEAREA","bone":"DAMAGEAREA"}],"skins":{"default":{"DAMAGEAREA":{"DAMAGEAREA":{"type":"boundingbox","vertices":[-98.51871,98.28396,-98.51871,-98.71674,98.95898,-99.19375,98.00498,97.80695,0,0,0,0,0,0,0,0]}},"EF/370_S1_wave1/370_S1_wave1_0":{"EF/370_S1_wave1/370_S1_wave1_00000":{"y":14,"width":192,"height":192},"EF/370_S1_wave1/370_S1_wave1_00001":{"y":14,"width":192,"height":192},"EF/370_S1_wave1/370_S1_wave1_00002":{"y":14,"width":192,"height":192},"EF/370_S1_wave1/370_S1_wave1_00003":{"y":14,"width":192,"height":192},"EF/370_S1_wave1/370_S1_wave1_00004":{"y":14,"width":192,"height":192},"EF/370_S1_wave1/370_S1_wave1_00005":{"y":14,"width":192,"height":192},"EF/370_S1_wave1/370_S1_wave1_00006":{"y":14,"width":192,"height":192},"EF/370_S1_wave1/370_S1_wave1_00007":{"y":14,"width":192,"height":192},"EF/370_S1_wave1/370_S1_wave1_00008":{"y":14,"width":192,"height":192},"EF/370_S1_wave1/370_S1_wave1_00009":{"y":14,"width":192,"height":192},"EF/370_S1_wave1/370_S1_wave1_00010":{"y":14,"width":192,"height":192},"EF/370_S1_wave1/370_S1_wave1_00011":{"y":14,"width":192,"height":192},"EF/370_S1_wave1/370_S1_wave1_00012":{"y":14,"width":192,"height":192},"EF/370_S1_wave1/370_S1_wave1_00013":{"y":14,"width":192,"height":192},"EF/370_S1_wave1/370_S1_wave1_00014":{"y":14,"width":192,"height":192}},"EF/370_S1_wave1/370_S1_wave1_00000":{"EF/370_S1_wave1/370_S1_wave1_00000":{"y":14,"width":192,"height":192},"EF/370_S1_wave1/370_S1_wave1_00001":{"y":14,"width":192,"height":192},"EF/370_S1_wave1/370_S1_wave1_00002":{"y":14,"width":192,"height":192},"EF/370_S1_wave1/370_S1_wave1_00003":{"y":14,"width":192,"height":192},"EF/370_S1_wave1/370_S1_wave1_00004":{"y":14,"width":192,"height":192},"EF/370_S1_wave1/370_S1_wave1_00005":{"y":14,"width":192,"height":192},"EF/370_S1_wave1/370_S1_wave1_00006":{"y":14,"width":192,"height":192},"EF/370_S1_wave1/370_S1_wave1_00007":{"y":14,"width":192,"height":192},"EF/370_S1_wave1/370_S1_wave1_00008":{"y":14,"width":192,"height":192},"EF/370_S1_wave1/370_S1_wave1_00009":{"y":14,"width":192,"height":192},"EF/370_S1_wave1/370_S1_wave1_00010":{"y":14,"width":192,"height":192},"EF/370_S1_wave1/370_S1_wave1_00011":{"y":14,"width":192,"height":192},"EF/370_S1_wave1/370_S1_wave1_00012":{"y":14,"width":192,"height":192},"EF/370_S1_wave1/370_S1_wave1_00013":{"y":14,"width":192,"height":192},"EF/370_S1_wave1/370_S1_wave1_00014":{"y":14,"width":192,"height":192}},"EF/420_S1_dasty1/420_S1_dasty1_00000":{"EF/420_S1_dasty1/420_S1_dasty1_00000":{"y":26,"width":192,"height":192},"EF/420_S1_dasty1/420_S1_dasty1_00001":{"y":26,"width":192,"height":192},"EF/420_S1_dasty1/420_S1_dasty1_00002":{"y":26,"width":192,"height":192},"EF/420_S1_dasty1/420_S1_dasty1_00003":{"y":26,"width":192,"height":192},"EF/420_S1_dasty1/420_S1_dasty1_00004":{"y":26,"width":192,"height":192},"EF/420_S1_dasty1/420_S1_dasty1_00005":{"y":26,"width":192,"height":192},"EF/420_S1_dasty1/420_S1_dasty1_00006":{"y":26,"width":192,"height":192},"EF/420_S1_dasty1/420_S1_dasty1_00007":{"y":26,"width":192,"height":192},"EF/420_S1_dasty1/420_S1_dasty1_00008":{"y":26,"width":192,"height":192},"EF/420_S1_dasty1/420_S1_dasty1_00009":{"y":26,"width":192,"height":192},"EF/420_S1_dasty1/420_S1_dasty1_00010":{"y":26,"width":192,"height":192},"EF/420_S1_dasty1/420_S1_dasty1_00011":{"y":26,"width":192,"height":192},"EF/420_S1_dasty1/420_S1_dasty1_00012":{"y":26,"width":192,"height":192},"EF/420_S1_dasty1/420_S1_dasty1_00013":{"y":26,"width":192,"height":192},"EF/420_S1_dasty1/420_S1_dasty1_00014":{"y":26,"width":192,"height":192},"EF/420_S1_dasty1/420_S1_dasty1_00015":{"y":26,"width":192,"height":192},"EF/420_S1_dasty1/420_S1_dasty1_00016":{"y":26,"width":192,"height":192}},"EF/470_S2_jet1/470_S2_jet1_00010":{"EF/470_S2_jet1/470_S2_jet1_00010":{"x":70,"y":20,"width":192,"height":192},"EF/470_S2_jet1/470_S2_jet1_00011":{"x":70,"y":20,"width":192,"height":192},"EF/470_S2_jet1/470_S2_jet1_00012":{"x":70,"y":20,"width":192,"height":192},"EF/470_S2_jet1/470_S2_jet1_00013":{"x":70,"y":20,"width":192,"height":192},"EF/470_S2_jet1/470_S2_jet1_00014":{"x":70,"y":20,"width":192,"height":192},"EF/470_S2_jet1/470_S2_jet1_00015":{"x":70,"y":20,"width":192,"height":192},"EF/470_S2_jet1/470_S2_jet1_00016":{"x":70,"y":20,"width":192,"height":192},"EF/470_S2_jet1/470_S2_jet1_00017":{"x":70,"y":20,"width":192,"height":192},"EF/470_S2_jet1/470_S2_jet1_00018":{"x":70,"y":20,"width":192,"height":192},"EF/470_S2_jet1/470_S2_jet1_00019":{"x":70,"y":20,"width":192,"height":192},"EF/470_S2_jet1/470_S2_jet1_00020":{"x":70,"y":20,"width":192,"height":192},"EF/470_S2_jet1/470_S2_jet1_00021":{"x":70,"y":20,"width":192,"height":192},"EF/470_S2_jet1/470_S2_jet1_00022":{"x":70,"y":20,"width":192,"height":192},"EF/470_S2_jet1/470_S2_jet1_00023":{"x":70,"y":20,"width":192,"height":192},"EF/470_S2_jet1/470_S2_jet1_00024":{"x":70,"y":20,"width":192,"height":192},"EF/470_S2_jet1/470_S2_jet1_00025":{"x":70,"y":20,"width":192,"height":192},"EF/470_S2_jet1/470_S2_jet1_00026":{"x":70,"y":20,"width":192,"height":192},"EF/470_S2_jet1/470_S2_jet1_00027":{"x":70,"y":20,"width":192,"height":192},"EF/470_S2_jet1/470_S2_jet1_00028":{"x":70,"y":20,"width":192,"height":192},"EF/470_S2_jet1/470_S2_jet1_00029":{"x":70,"y":20,"width":192,"height":192}},"EF/470_S2_power1/470_S2_power1_0":{"EF/470_S2_power1/470_S2_power1_00000":{"width":224,"height":224},"EF/470_S2_power1/470_S2_power1_00001":{"width":224,"height":224},"EF/470_S2_power1/470_S2_power1_00002":{"width":224,"height":224},"EF/470_S2_power1/470_S2_power1_00003":{"width":224,"height":224},"EF/470_S2_power1/470_S2_power1_00004":{"width":224,"height":224},"EF/470_S2_power1/470_S2_power1_00005":{"width":224,"height":224},"EF/470_S2_power1/470_S2_power1_00006":{"width":224,"height":224},"EF/470_S2_power1/470_S2_power1_00007":{"width":224,"height":224},"EF/470_S2_power1/470_S2_power1_00008":{"width":224,"height":224},"EF/470_S2_power1/470_S2_power1_00009":{"width":224,"height":224}},"EF/470_S2_power1/470_S2_power1_00000":{"EF/470_S2_power1/470_S2_power1_00000":{"width":224,"height":224},"EF/470_S2_power1/470_S2_power1_00001":{"width":224,"height":224},"EF/470_S2_power1/470_S2_power1_00002":{"width":224,"height":224},"EF/470_S2_power1/470_S2_power1_00003":{"width":224,"height":224},"EF/470_S2_power1/470_S2_power1_00004":{"width":224,"height":224},"EF/470_S2_power1/470_S2_power1_00005":{"width":224,"height":224},"EF/470_S2_power1/470_S2_power1_00006":{"width":224,"height":224},"EF/470_S2_power1/470_S2_power1_00007":{"width":224,"height":224},"EF/470_S2_power1/470_S2_power1_00008":{"width":224,"height":224},"EF/470_S2_power1/470_S2_power1_00009":{"width":224,"height":224}},"EF/470_S2_power2/470_S2_power2_0":{"EF/470_S2_power2/470_S2_power2_00000":{"width":224,"height":224},"EF/470_S2_power2/470_S2_power2_00001":{"width":224,"height":224},"EF/470_S2_power2/470_S2_power2_00002":{"width":224,"height":224},"EF/470_S2_power2/470_S2_power2_00003":{"width":224,"height":224},"EF/470_S2_power2/470_S2_power2_00004":{"width":224,"height":224},"EF/470_S2_power2/470_S2_power2_00005":{"width":224,"height":224},"EF/470_S2_power2/470_S2_power2_00006":{"width":224,"height":224},"EF/470_S2_power2/470_S2_power2_00007":{"width":224,"height":224},"EF/470_S2_power2/470_S2_power2_00008":{"width":224,"height":224},"EF/470_S2_power2/470_S2_power2_00009":{"width":224,"height":224}},"EF/470_S2_power2/470_S2_power2_00000":{"EF/470_S2_power2/470_S2_power2_00000":{"width":224,"height":224},"EF/470_S2_power2/470_S2_power2_00001":{"width":224,"height":224},"EF/470_S2_power2/470_S2_power2_00002":{"width":224,"height":224},"EF/470_S2_power2/470_S2_power2_00003":{"width":224,"height":224},"EF/470_S2_power2/470_S2_power2_00004":{"width":224,"height":224},"EF/470_S2_power2/470_S2_power2_00005":{"width":224,"height":224},"EF/470_S2_power2/470_S2_power2_00006":{"width":224,"height":224},"EF/470_S2_power2/470_S2_power2_00007":{"width":224,"height":224},"EF/470_S2_power2/470_S2_power2_00008":{"width":224,"height":224},"EF/470_S2_power2/470_S2_power2_00009":{"width":224,"height":224}},"EF/Thrust/sp_ef_1":{"EF/Thrust/sp_ef_1":{"width":300,"height":160},"EF/Thrust/sp_ef_2":{"width":300,"height":160},"EF/Thrust/sp_ef_3":{"width":300,"height":160}},"EF/Thrust/sp_ef_2":{"EF/Thrust/sp_ef_1":{"width":300,"height":160},"EF/Thrust/sp_ef_2":{"width":300,"height":160},"EF/Thrust/sp_ef_3":{"width":300,"height":160}},"HITBOX":{"HITBOX":{"type":"boundingbox","vertices":[-36.21799,57.63889,-36.21799,-44.934,45.13294,-44.54099,45.52594,57.24588,0,0,0,0,0,0,0,0]}},"L_wing_1":{"L_wing_1":{"x":-62.39,"y":-6.13,"width":500,"height":500}},"L_wing_2":{"L_wing_2":{"x":-36.48,"y":-63.57,"rotation":48.64,"width":500,"height":500}},"MAIN":{"attack1_00":{"x":15.49,"y":13.87,"scaleX":1.2,"scaleY":1.2,"width":500,"height":500},"attack1_01":{"x":16.21,"y":13.93,"scaleX":1.2,"scaleY":1.2,"width":500,"height":500},"attack1_02":{"x":16.21,"y":13.63,"scaleX":1.2,"scaleY":1.2,"width":500,"height":500},"attack1_03":{"x":44.98,"y":16.99,"scaleX":1.2,"scaleY":1.2,"width":500,"height":500},"attack1_04":{"x":46.77,"y":17.1,"scaleX":1.2,"scaleY":1.2,"width":500,"height":500},"attack1_05":{"x":48.95,"y":17.11,"scaleX":1.2,"scaleY":1.2,"width":500,"height":500},"attack_00":{"x":44.14,"y":17.61,"scaleX":1.2,"scaleY":1.2,"width":500,"height":500},"attack_01":{"x":44.14,"y":17.61,"scaleX":1.2,"scaleY":1.2,"width":500,"height":500},"attack_02":{"x":44.14,"y":17.61,"scaleX":1.2,"scaleY":1.2,"width":500,"height":500},"attack_03":{"x":44.14,"y":17.61,"scaleX":1.2,"scaleY":1.2,"width":500,"height":500},"back_00":{"x":18.83,"y":18.28,"scaleX":1.2,"scaleY":1.2,"width":500,"height":500},"damage_00":{"x":35.04,"y":22.71,"scaleX":1.2,"scaleY":1.2,"width":500,"height":500},"front_00":{"x":14.95,"y":24.11,"scaleX":1.2,"scaleY":1.2,"width":500,"height":500},"idle_00":{"x":22.08,"y":13.92,"scaleX":1.2,"scaleY":1.2,"width":500,"height":500},"idle_01":{"x":30.59,"y":22.54,"scaleX":1.2,"scaleY":1.2,"width":500,"height":500},"idle_02":{"x":30.59,"y":22.54,"scaleX":1.2,"scaleY":1.2,"width":500,"height":500},"idle_03":{"x":30.59,"y":22.54,"scaleX":1.2,"scaleY":1.2,"width":500,"height":500},"idle_04":{"x":30.59,"y":22.54,"scaleX":1.2,"scaleY":1.2,"width":500,"height":500},"skill1_00":{"x":22.35,"y":10.55,"scaleX":1.2,"scaleY":1.2,"width":500,"height":500},"skill1_01":{"x":22.46,"y":10.44,"scaleX":1.2,"scaleY":1.2,"width":500,"height":500},"skill1_02":{"x":22.46,"y":10.08,"scaleX":1.2,"scaleY":1.2,"width":500,"height":500},"skill1_03":{"x":22.1,"y":11.89,"scaleX":1.2,"scaleY":1.2,"width":500,"height":500},"skill1_04":{"x":32.25,"y":11.72,"scaleX":1.2,"scaleY":1.2,"width":500,"height":500},"skill1_05":{"x":36.82,"y":10.91,"scaleX":1.2,"scaleY":1.2,"width":500,"height":500},"skill2_00":{"x":20.22,"y":16.51,"scaleX":1.2,"scaleY":1.2,"width":500,"height":500},"skill2_01":{"x":20.22,"y":16.51,"scaleX":1.2,"scaleY":1.2,"width":500,"height":500},"skill2_02":{"x":20.22,"y":16.51,"scaleX":1.2,"scaleY":1.2,"width":500,"height":500},"skill2_02b":{"x":20.13,"y":16.71,"scaleX":1.2,"scaleY":1.2,"width":500,"height":500},"skill2_2F":{"x":20.41,"y":16.54,"scaleX":1.2,"scaleY":1.2,"width":500,"height":500},"skill2_2c":{"x":18.68,"y":16.53,"scaleX":1.2,"scaleY":1.2,"width":500,"height":500},"skill2_2d":{"x":19.57,"y":16.53,"scaleX":1.2,"scaleY":1.2,"width":500,"height":500},"skill2_2e":{"x":20.46,"y":16.53,"scaleX":1.2,"scaleY":1.2,"width":500,"height":500},"skill2_2g":{"x":19.98,"y":16.49,"scaleX":1.2,"scaleY":1.2,"width":500,"height":500}},"R_wing_1":{"R_wing_1":{"x":-10.93,"y":-18.61,"width":500,"height":500}},"R_wing_2":{"R_wing_2":{"x":21.77,"y":-2.43,"rotation":102.53,"width":500,"height":500}}}},"events":{"Event":{},"Event2":{},"Hit":{},"Sound1":{},"Sound2":{},"Sound3":{},"View":{},"Voice":{}},"animations":{"attack1":{"slots":{"DAMAGEAREA":{"attachment":[{"time":0.3666,"name":"DAMAGEAREA"},{"time":0.4333,"name":null},{"time":0.6,"name":"DAMAGEAREA"},{"time":0.6666,"name":null},{"time":1,"name":"DAMAGEAREA"},{"time":1.1333,"name":null}]},"EF/Thrust/sp_ef_1":{"attachment":[{"time":0.3333,"name":"EF/Thrust/sp_ef_1"},{"time":0.3666,"name":"EF/Thrust/sp_ef_2"},{"time":0.4,"name":"EF/Thrust/sp_ef_3"},{"time":0.4333,"name":null},{"time":0.5666,"name":"EF/Thrust/sp_ef_1"},{"time":0.6,"name":"EF/Thrust/sp_ef_2"},{"time":0.6333,"name":"EF/Thrust/sp_ef_3"},{"time":0.6666,"name":null},{"time":0.9666,"name":"EF/Thrust/sp_ef_1"},{"time":1.0333,"name":"EF/Thrust/sp_ef_2"},{"time":1.0666,"name":"EF/Thrust/sp_ef_3"},{"time":1.1,"name":null}],"color":[{"time":0.3666,"color":"00ff53ff"},{"time":0.4666,"color":"00ff5300","curve":"stepped"},{"time":0.5666,"color":"00ff53ff","curve":"stepped"},{"time":0.6,"color":"00ff53ff"},{"time":0.7,"color":"00ff5300","curve":"stepped"},{"time":0.9666,"color":"00ff5383"},{"time":1,"color":"00ff53ff","curve":"stepped"},{"time":1.0333,"color":"00ff53ff"},{"time":1.1333,"color":"00ff5300"}]},"EF/Thrust/sp_ef_2":{"attachment":[{"time":1.0333,"name":"EF/Thrust/sp_ef_2"},{"time":1.1,"name":"EF/Thrust/sp_ef_3"},{"time":1.1333,"name":null}],"color":[{"time":1.0333,"color":"00ff53ff"},{"time":1.1666,"color":"a4ffae00"},{"time":1.5666,"color":"00ff5300"}]},"MAIN":{"attachment":[{"time":0,"name":"skill1_00"},{"time":0.0666,"name":"attack1_01"},{"time":0.1333,"name":"attack1_02"},{"time":0.3333,"name":"attack_00"},{"time":0.4,"name":"attack_01"},{"time":0.4333,"name":"attack1_01"},{"time":0.5,"name":"attack1_02"},{"time":0.5666,"name":"attack_02"},{"time":0.6333,"name":"attack_03"},{"time":0.7,"name":"attack1_01"},{"time":0.7666,"name":"attack1_02"},{"time":0.9666,"name":"attack1_03"},{"time":1,"name":"attack1_04"},{"time":1.0333,"name":"attack1_05"},{"time":1.5666,"name":"idle_00"}]}},"bones":{"MAIN":{"translate":[{"time":0,"x":0,"y":0,"curve":"stepped"},{"time":0.3333,"x":0,"y":0},{"time":0.4,"x":-8.94,"y":0,"curve":"stepped"},{"time":0.5666,"x":-8.94,"y":0},{"time":0.6333,"x":-14.14,"y":0,"curve":"stepped"},{"time":0.9666,"x":-14.14,"y":0},{"time":1.0333,"x":-71.54,"y":1.71},{"time":1.2333,"x":-74.82,"y":1.71}]},"Thrust":{"rotate":[{"time":0.3333,"angle":-16.64,"curve":"stepped"},{"time":0.5666,"angle":19.98,"curve":"stepped"},{"time":0.9666,"angle":0}],"translate":[{"time":0.3333,"x":-20.82,"y":73.17},{"time":0.4,"x":-16.07,"y":67.47,"curve":"stepped"},{"time":0.5666,"x":-29.47,"y":55.1},{"time":0.6333,"x":-25.66,"y":57.95,"curve":"stepped"},{"time":0.9666,"x":-86.23,"y":58.24},{"time":1.0333,"x":-34.11,"y":58.24},{"time":1.1,"x":29.64,"y":58.24}],"scale":[{"time":0.9666,"x":0.596,"y":1.665},{"time":1,"x":1.341,"y":1.686},{"time":1.1,"x":1.467,"y":1.751}]},"Thrust2":{"translate":[{"time":1.0333,"x":-1.39,"y":58.24},{"time":1.1666,"x":120.64,"y":58.24}],"scale":[{"time":1.0333,"x":0.826,"y":1.143},{"time":1.1333,"x":1.247,"y":1.715}]},"DAMAGEAREA":{"translate":[{"time":0.3666,"x":-104.79,"y":51.97,"curve":"stepped"},{"time":1,"x":-166.14,"y":51.97}],"scale":[{"time":0.3666,"x":0.789,"y":0.575,"curve":"stepped"},{"time":1,"x":1.231,"y":0.304}]},"SHADOW-OFFSET":{"translate":[{"time":0.0666,"x":10.33,"y":0}]}},"events":[{"time":0.3,"name":"Event","float":0.05,"string":"kHitStopType_normal"},{"time":0.3333,"name":"Sound1","string":"cri_se_battle_026_stab"},{"time":0.3333,"name":"Voice","string":"cri_038_voice_attack_random"},{"time":0.5666,"name":"Sound1","string":"cri_se_battle_026_stab"},{"time":0.6,"name":"Hit","string":"resetHitList"},{"time":0.9666,"name":"Sound1","string":"cri_se_battle_026_stab"},{"time":0.9666,"name":"Voice","string":"cri_038_voice_attack_c"},{"time":1,"name":"Hit","string":"resetHitList"}]},"back":{"slots":{"EF/420_S1_dasty1/420_S1_dasty1_00000":{"attachment":[{"time":0,"name":null}]},"MAIN":{"attachment":[{"time":0,"name":"back_00"},{"time":0.3,"name":"idle_02"},{"time":0.4666,"name":"idle_01"},{"time":0.5666,"name":"idle_00"},{"time":0.6666,"name":"idle_00"}]}},"bones":{"MAIN":{"translate":[{"time":0,"x":0,"y":0,"curve":[0.15,0.86,0.524,1]},{"time":0.4666,"x":140,"y":0}]}},"events":[{"time":0,"name":"Sound1","string":"cri_se_battle_jump"},{"time":0.3,"name":"Sound1","string":"cri_se_battle_landing"}]},"cast":{"slots":{"L_wing_2":{"attachment":[{"time":0.5,"name":"L_wing_2"}]},"MAIN":{"attachment":[{"time":0,"name":"attack1_01"},{"time":0.1,"name":"attack1_02"},{"time":0.5,"name":"skill2_00"},{"time":0.5333,"name":"skill2_01"},{"time":0.6,"name":"skill2_02"},{"time":0.6666,"name":"skill2_02b"},{"time":1,"name":"skill2_02b"}]},"R_wing_2":{"attachment":[{"time":0.5,"name":"R_wing_2"}]}},"bones":{"L_wing2":{"rotate":[{"time":0.5,"angle":0,"curve":[0.243,0.69,0.75,1]},{"time":0.6666,"angle":4.08}]},"R_wing2":{"rotate":[{"time":0.5,"angle":0,"curve":[0.243,0.69,0.75,1]},{"time":0.6666,"angle":-2.77}]}},"events":[{"time":0.5,"name":"Voice","string":"cri_038_voice_item"}]},"damage":{"slots":{"EF/420_S1_dasty1/420_S1_dasty1_00000":{"attachment":[{"time":0,"name":null}]},"MAIN":{"attachment":[{"time":0,"name":"damage_00"}]}}},"front":{"slots":{"EF/420_S1_dasty1/420_S1_dasty1_00000":{"attachment":[{"time":0,"name":null}]},"MAIN":{"attachment":[{"time":0,"name":"front_00"}]}}},"idle":{"slots":{"EF/420_S1_dasty1/420_S1_dasty1_00000":{"attachment":[{"time":0,"name":null}]},"MAIN":{"attachment":[{"time":0,"name":"idle_00"},{"time":0.2,"name":"idle_01"},{"time":0.4,"name":"idle_02"},{"time":0.6,"name":"idle_03"},{"time":0.8,"name":"idle_04"},{"time":1,"name":"idle_00"}]}}},"skill1":{"slots":{"DAMAGEAREA":{"attachment":[{"time":0.4,"name":"DAMAGEAREA"},{"time":0.5333,"name":null},{"time":1.0333,"name":"DAMAGEAREA"},{"time":1.1666,"name":null}]},"EF/370_S1_wave1/370_S1_wave1_00000":{"attachment":[{"time":0.3666,"name":"EF/370_S1_wave1/370_S1_wave1_00000"},{"time":0.4,"name":"EF/370_S1_wave1/370_S1_wave1_00001"},{"time":0.4333,"name":"EF/370_S1_wave1/370_S1_wave1_00002"},{"time":0.4666,"name":"EF/370_S1_wave1/370_S1_wave1_00003"},{"time":0.5,"name":"EF/370_S1_wave1/370_S1_wave1_00004"},{"time":0.5333,"name":"EF/370_S1_wave1/370_S1_wave1_00005"},{"time":0.5666,"name":"EF/370_S1_wave1/370_S1_wave1_00006"},{"time":0.6,"name":"EF/370_S1_wave1/370_S1_wave1_00007"},{"time":0.6333,"name":"EF/370_S1_wave1/370_S1_wave1_00008"},{"time":0.6666,"name":"EF/370_S1_wave1/370_S1_wave1_00009"},{"time":0.7,"name":"EF/370_S1_wave1/370_S1_wave1_00010"},{"time":0.7333,"name":"EF/370_S1_wave1/370_S1_wave1_00011"},{"time":0.7666,"name":"EF/370_S1_wave1/370_S1_wave1_00012"},{"time":0.8,"name":"EF/370_S1_wave1/370_S1_wave1_00013"},{"time":0.8333,"name":"EF/370_S1_wave1/370_S1_wave1_00014"},{"time":0.8666,"name":null}]},"EF/370_S1_wave1/370_S1_wave1_0":{"attachment":[{"time":1,"name":"EF/370_S1_wave1/370_S1_wave1_00000"},{"time":1.0333,"name":"EF/370_S1_wave1/370_S1_wave1_00001"},{"time":1.0666,"name":"EF/370_S1_wave1/370_S1_wave1_00002"},{"time":1.1,"name":"EF/370_S1_wave1/370_S1_wave1_00003"},{"time":1.1333,"name":"EF/370_S1_wave1/370_S1_wave1_00004"},{"time":1.1666,"name":"EF/370_S1_wave1/370_S1_wave1_00005"},{"time":1.2,"name":"EF/370_S1_wave1/370_S1_wave1_00006"},{"time":1.2333,"name":"EF/370_S1_wave1/370_S1_wave1_00007"},{"time":1.2666,"name":"EF/370_S1_wave1/370_S1_wave1_00008"},{"time":1.3,"name":"EF/370_S1_wave1/370_S1_wave1_00009"},{"time":1.3333,"name":"EF/370_S1_wave1/370_S1_wave1_00010"},{"time":1.3666,"name":"EF/370_S1_wave1/370_S1_wave1_00011"},{"time":1.4,"name":"EF/370_S1_wave1/370_S1_wave1_00012"},{"time":1.4333,"name":"EF/370_S1_wave1/370_S1_wave1_00013"},{"time":1.4666,"name":"EF/370_S1_wave1/370_S1_wave1_00014"},{"time":1.5,"name":null}],"color":[{"time":1,"color":"ffffff00"},{"time":1.1333,"color":"ffffffff"}]},"EF/420_S1_dasty1/420_S1_dasty1_00000":{"attachment":[{"time":0,"name":null}]},"MAIN":{"attachment":[{"time":0,"name":"skill1_00"},{"time":0.0666,"name":"skill1_01"},{"time":0.1,"name":"skill1_02"},{"time":0.3333,"name":"skill1_03"},{"time":0.3666,"name":"skill1_04"},{"time":0.4,"name":"skill1_05"},{"time":0.6666,"name":"attack1_01"},{"time":0.7333,"name":"attack1_02"},{"time":1,"name":"attack1_03"},{"time":1.0333,"name":"attack1_04"},{"time":1.0666,"name":"attack1_05"},{"time":1.8333,"name":"idle_00"}]}},"bones":{"MAIN":{"translate":[{"time":0.3333,"x":0,"y":0,"curve":[0.198,0.46,0.75,1]},{"time":0.4,"x":-52.5,"y":1.71},{"time":0.5666,"x":-60.54,"y":1.71,"curve":"stepped"},{"time":1,"x":-60.54,"y":1.71},{"time":1.0666,"x":-127.63,"y":0},{"time":1.2333,"x":-134.52,"y":0}]},"S1_wave1":{"translate":[{"time":0.3666,"x":-31.12,"y":-20.12},{"time":0.6333,"x":-31.13,"y":-22.97}],"scale":[{"time":0.3666,"x":2.43,"y":2.43},{"time":0.6333,"x":3.753,"y":2.889}]},"S1_wave2":{"translate":[{"time":1,"x":-107.86,"y":-18.69}],"scale":[{"time":1,"x":2.775,"y":2.775},{"time":1.2666,"x":4.214,"y":3.098}]},"DAMAGEAREA":{"translate":[{"time":0.4,"x":-107.76,"y":55.26,"curve":"stepped"},{"time":1.0333,"x":-241.52,"y":66.89}],"scale":[{"time":0.4,"x":0.959,"y":0.718,"curve":"stepped"},{"time":1.0333,"x":2.36,"y":0.599}]},"SHADOW-OFFSET":{"translate":[{"time":0.0666,"x":10.33,"y":0}],"scale":[{"time":0.0666,"x":1.2,"y":1}]}},"events":[{"time":0.2,"name":"Event","float":0.15,"string":"kHitStopType_normal"},{"time":0.2666,"name":"Event","string":"setHitBack(20,0)"},{"time":0.2666,"name":"Event2","string":"setHitBackEnemy(20,0)"},{"time":0.3666,"name":"Sound1","string":"cri_se_battle_026_stab"},{"time":0.3666,"name":"Sound2","string":"cri_se_battle_skill_dash_ef"},{"time":0.6,"name":"Event","string":"setHitBack(0,0)"},{"time":0.6,"name":"Event2","string":"setHitBackEnemy(0,0)"},{"time":0.8666,"name":"Voice","string":"cri_038_voice_skill_all"},{"time":0.9666,"name":"Event","float":0.15,"string":"kHitStopType_normal"},{"time":1,"name":"Sound1","string":"cri_se_battle_026_stab"},{"time":1,"name":"Sound2","string":"cri_se_battle_skill_dash_ef"},{"time":1,"name":"Sound3","string":"cri_se_battle_hard_hit"},{"time":1.0333,"name":"Hit","float":0.78,"string":"resetHitList"},{"time":1.0333,"name":"View","string":"shakeGround"},{"time":1.0666,"name":"Event"},{"time":1.0666,"name":"Event2","string":"kImpactType_knock"},{"time":1.0666,"name":"Hit","float":0.78,"string":"resetHitList"},{"time":1.0666,"name":"Sound2","string":"cri_se_battle_sword_srash"},{"time":1.1,"name":"Hit","float":0.78,"string":"resetHitList"}]},"skill2":{"slots":{"DAMAGEAREA":{"attachment":[{"time":0.9,"name":"DAMAGEAREA"},{"time":1.0333,"name":null},{"time":2.4666,"name":"DAMAGEAREA"},{"time":2.8666,"name":null}]},"EF/370_S1_wave1/370_S1_wave1_00000":{"attachment":[{"time":0.8666,"name":"EF/370_S1_wave1/370_S1_wave1_00000"},{"time":0.9,"name":"EF/370_S1_wave1/370_S1_wave1_00001"},{"time":0.9333,"name":"EF/370_S1_wave1/370_S1_wave1_00002"},{"time":0.9666,"name":"EF/370_S1_wave1/370_S1_wave1_00003"},{"time":1,"name":"EF/370_S1_wave1/370_S1_wave1_00004"},{"time":1.0333,"name":"EF/370_S1_wave1/370_S1_wave1_00005"},{"time":1.0666,"name":"EF/370_S1_wave1/370_S1_wave1_00006"},{"time":1.1,"name":"EF/370_S1_wave1/370_S1_wave1_00007"},{"time":1.1333,"name":"EF/370_S1_wave1/370_S1_wave1_00008"},{"time":1.1666,"name":"EF/370_S1_wave1/370_S1_wave1_00009"},{"time":1.2,"name":"EF/370_S1_wave1/370_S1_wave1_00010"},{"time":1.2333,"name":"EF/370_S1_wave1/370_S1_wave1_00011"},{"time":1.2666,"name":"EF/370_S1_wave1/370_S1_wave1_00012"},{"time":1.3,"name":"EF/370_S1_wave1/370_S1_wave1_00013"},{"time":1.3333,"name":"EF/370_S1_wave1/370_S1_wave1_00014"},{"time":1.3666,"name":null}]},"EF/370_S1_wave1/370_S1_wave1_0":{"attachment":[{"time":1.3,"name":"EF/370_S1_wave1/370_S1_wave1_00000"},{"time":1.3333,"name":"EF/370_S1_wave1/370_S1_wave1_00001"},{"time":1.3666,"name":"EF/370_S1_wave1/370_S1_wave1_00002"},{"time":1.4,"name":"EF/370_S1_wave1/370_S1_wave1_00003"},{"time":1.4333,"name":"EF/370_S1_wave1/370_S1_wave1_00004"},{"time":1.4666,"name":"EF/370_S1_wave1/370_S1_wave1_00005"},{"time":1.5,"name":"EF/370_S1_wave1/370_S1_wave1_00006"},{"time":1.5333,"name":"EF/370_S1_wave1/370_S1_wave1_00007"},{"time":1.5666,"name":"EF/370_S1_wave1/370_S1_wave1_00008"},{"time":1.6,"name":"EF/370_S1_wave1/370_S1_wave1_00009"},{"time":1.6333,"name":"EF/370_S1_wave1/370_S1_wave1_00010"},{"time":1.6666,"name":"EF/370_S1_wave1/370_S1_wave1_00011"},{"time":1.7,"name":"EF/370_S1_wave1/370_S1_wave1_00012"},{"time":1.7333,"name":"EF/370_S1_wave1/370_S1_wave1_00013"},{"time":1.7666,"name":"EF/370_S1_wave1/370_S1_wave1_00014"},{"time":1.8,"name":null}]},"EF/420_S1_dasty1/420_S1_dasty1_00000":{"attachment":[{"time":1.3,"name":"EF/420_S1_dasty1/420_S1_dasty1_00000"},{"time":1.3333,"name":"EF/420_S1_dasty1/420_S1_dasty1_00001"},{"time":1.3666,"name":"EF/420_S1_dasty1/420_S1_dasty1_00002"},{"time":1.4,"name":"EF/420_S1_dasty1/420_S1_dasty1_00003"},{"time":1.4333,"name":"EF/420_S1_dasty1/420_S1_dasty1_00004"},{"time":1.4666,"name":"EF/420_S1_dasty1/420_S1_dasty1_00005"},{"time":1.5,"name":"EF/420_S1_dasty1/420_S1_dasty1_00006"},{"time":1.5333,"name":"EF/420_S1_dasty1/420_S1_dasty1_00007"},{"time":1.5666,"name":"EF/420_S1_dasty1/420_S1_dasty1_00008"},{"time":1.6,"name":"EF/420_S1_dasty1/420_S1_dasty1_00009"},{"time":1.6333,"name":"EF/420_S1_dasty1/420_S1_dasty1_00010"},{"time":1.6666,"name":"EF/420_S1_dasty1/420_S1_dasty1_00011"},{"time":1.7,"name":"EF/420_S1_dasty1/420_S1_dasty1_00012"},{"time":1.7333,"name":"EF/420_S1_dasty1/420_S1_dasty1_00013"},{"time":1.7666,"name":"EF/420_S1_dasty1/420_S1_dasty1_00014"},{"time":1.8,"name":"EF/420_S1_dasty1/420_S1_dasty1_00015"},{"time":1.8333,"name":"EF/420_S1_dasty1/420_S1_dasty1_00016"},{"time":1.8666,"name":null}]},"EF/470_S2_jet1/470_S2_jet1_00010":{"attachment":[{"time":1.3,"name":"EF/470_S2_jet1/470_S2_jet1_00010"},{"time":1.3333,"name":"EF/470_S2_jet1/470_S2_jet1_00011"},{"time":1.3666,"name":"EF/470_S2_jet1/470_S2_jet1_00012"},{"time":1.4,"name":"EF/470_S2_jet1/470_S2_jet1_00013"},{"time":1.4333,"name":"EF/470_S2_jet1/470_S2_jet1_00014"},{"time":1.4666,"name":"EF/470_S2_jet1/470_S2_jet1_00015"},{"time":1.5,"name":"EF/470_S2_jet1/470_S2_jet1_00016"},{"time":1.5333,"name":"EF/470_S2_jet1/470_S2_jet1_00017"},{"time":1.5666,"name":"EF/470_S2_jet1/470_S2_jet1_00018"},{"time":1.6,"name":"EF/470_S2_jet1/470_S2_jet1_00019"},{"time":1.6333,"name":"EF/470_S2_jet1/470_S2_jet1_00020"},{"time":1.6666,"name":"EF/470_S2_jet1/470_S2_jet1_00021"},{"time":1.7,"name":"EF/470_S2_jet1/470_S2_jet1_00022"},{"time":1.7333,"name":"EF/470_S2_jet1/470_S2_jet1_00023"},{"time":1.7666,"name":"EF/470_S2_jet1/470_S2_jet1_00024"},{"time":1.8,"name":"EF/470_S2_jet1/470_S2_jet1_00025"},{"time":1.8333,"name":"EF/470_S2_jet1/470_S2_jet1_00026"},{"time":1.8666,"name":"EF/470_S2_jet1/470_S2_jet1_00027"},{"time":1.9,"name":"EF/470_S2_jet1/470_S2_jet1_00028"},{"time":1.9333,"name":"EF/470_S2_jet1/470_S2_jet1_00029"},{"time":1.9666,"name":"EF/470_S2_jet1/470_S2_jet1_00021"},{"time":2,"name":"EF/470_S2_jet1/470_S2_jet1_00022"},{"time":2.0333,"name":"EF/470_S2_jet1/470_S2_jet1_00023"},{"time":2.0666,"name":"EF/470_S2_jet1/470_S2_jet1_00024"},{"time":2.1,"name":"EF/470_S2_jet1/470_S2_jet1_00025"},{"time":2.1333,"name":"EF/470_S2_jet1/470_S2_jet1_00026"},{"time":2.1666,"name":"EF/470_S2_jet1/470_S2_jet1_00027"},{"time":2.2,"name":"EF/470_S2_jet1/470_S2_jet1_00028"},{"time":2.2333,"name":"EF/470_S2_jet1/470_S2_jet1_00029"},{"time":2.2666,"name":"EF/470_S2_jet1/470_S2_jet1_00021"},{"time":2.3,"name":"EF/470_S2_jet1/470_S2_jet1_00022"},{"time":2.3333,"name":"EF/470_S2_jet1/470_S2_jet1_00023"},{"time":2.3666,"name":"EF/470_S2_jet1/470_S2_jet1_00024"},{"time":2.4,"name":"EF/470_S2_jet1/470_S2_jet1_00025"},{"time":2.4333,"name":"EF/470_S2_jet1/470_S2_jet1_00026"},{"time":2.4666,"name":"EF/470_S2_jet1/470_S2_jet1_00027"},{"time":2.5,"name":"EF/470_S2_jet1/470_S2_jet1_00028"},{"time":2.5333,"name":"EF/470_S2_jet1/470_S2_jet1_00029"},{"time":2.5666,"name":"EF/470_S2_jet1/470_S2_jet1_00022"},{"time":2.6,"name":"EF/470_S2_jet1/470_S2_jet1_00023"},{"time":2.6333,"name":"EF/470_S2_jet1/470_S2_jet1_00024"},{"time":2.6666,"name":"EF/470_S2_jet1/470_S2_jet1_00026"},{"time":2.7,"name":"EF/470_S2_jet1/470_S2_jet1_00029"},{"time":2.7333,"name":null}],"color":[{"time":2.3666,"color":"ffffffff"},{"time":2.4666,"color":"ffffff00"}]},"EF/470_S2_power1/470_S2_power1_00000":{"attachment":[{"time":1.3,"name":"EF/470_S2_power1/470_S2_power1_00000"},{"time":1.3333,"name":"EF/470_S2_power1/470_S2_power1_00001"},{"time":1.3666,"name":"EF/470_S2_power1/470_S2_power1_00002"},{"time":1.4,"name":"EF/470_S2_power1/470_S2_power1_00003"},{"time":1.4333,"name":"EF/470_S2_power1/470_S2_power1_00004"},{"time":1.4666,"name":"EF/470_S2_power1/470_S2_power1_00005"},{"time":1.5,"name":"EF/470_S2_power1/470_S2_power1_00006"},{"time":1.5333,"name":"EF/470_S2_power1/470_S2_power1_00007"},{"time":1.5666,"name":"EF/470_S2_power1/470_S2_power1_00008"},{"time":1.6,"name":"EF/470_S2_power1/470_S2_power1_00009"},{"time":1.6333,"name":"EF/470_S2_power1/470_S2_power1_00000"},{"time":1.6666,"name":"EF/470_S2_power1/470_S2_power1_00001"},{"time":1.7,"name":"EF/470_S2_power1/470_S2_power1_00002"},{"time":1.7333,"name":"EF/470_S2_power1/470_S2_power1_00003"},{"time":1.7666,"name":"EF/470_S2_power1/470_S2_power1_00004"},{"time":1.8,"name":"EF/470_S2_power1/470_S2_power1_00005"},{"time":1.8333,"name":"EF/470_S2_power1/470_S2_power1_00006"},{"time":1.8666,"name":"EF/470_S2_power1/470_S2_power1_00007"},{"time":1.9,"name":"EF/470_S2_power1/470_S2_power1_00008"},{"time":1.9333,"name":"EF/470_S2_power1/470_S2_power1_00009"},{"time":1.9666,"name":null},{"time":2.2,"name":"EF/470_S2_power1/470_S2_power1_00000"},{"time":2.2333,"name":"EF/470_S2_power1/470_S2_power1_00001"},{"time":2.2666,"name":"EF/470_S2_power1/470_S2_power1_00002"},{"time":2.3333,"name":"EF/470_S2_power1/470_S2_power1_00003"},{"time":2.3666,"name":"EF/470_S2_power1/470_S2_power1_00004"},{"time":2.4,"name":"EF/470_S2_power1/470_S2_power1_00005"},{"time":2.4333,"name":"EF/470_S2_power1/470_S2_power1_00006"},{"time":2.4666,"name":"EF/470_S2_power1/470_S2_power1_00007"},{"time":2.5,"name":"EF/470_S2_power1/470_S2_power1_00008"},{"time":2.5333,"name":"EF/470_S2_power1/470_S2_power1_00009"},{"time":2.5666,"name":null}],"color":[{"time":2.2,"color":"ffffff16"},{"time":2.2666,"color":"ffffffbe"},{"time":2.4,"color":"ffffff24"}]},"EF/470_S2_power1/470_S2_power1_0":{"attachment":[{"time":1.8333,"name":"EF/470_S2_power1/470_S2_power1_00000"},{"time":1.8666,"name":"EF/470_S2_power1/470_S2_power1_00001"},{"time":1.9,"name":"EF/470_S2_power1/470_S2_power1_00002"},{"time":1.9333,"name":"EF/470_S2_power1/470_S2_power1_00003"},{"time":1.9666,"name":"EF/470_S2_power1/470_S2_power1_00004"},{"time":2,"name":"EF/470_S2_power1/470_S2_power1_00005"},{"time":2.0333,"name":"EF/470_S2_power1/470_S2_power1_00006"},{"time":2.0666,"name":"EF/470_S2_power1/470_S2_power1_00007"},{"time":2.1,"name":"EF/470_S2_power1/470_S2_power1_00008"},{"time":2.1333,"name":"EF/470_S2_power1/470_S2_power1_00009"},{"time":2.1666,"name":null}]},"EF/470_S2_power2/470_S2_power2_00000":{"attachment":[{"time":1.3666,"name":"EF/470_S2_power2/470_S2_power2_00000"},{"time":1.4,"name":"EF/470_S2_power2/470_S2_power2_00001"},{"time":1.4333,"name":"EF/470_S2_power2/470_S2_power2_00002"},{"time":1.4666,"name":"EF/470_S2_power2/470_S2_power2_00003"},{"time":1.5,"name":"EF/470_S2_power2/470_S2_power2_00004"},{"time":1.5333,"name":"EF/470_S2_power2/470_S2_power2_00005"},{"time":1.5666,"name":"EF/470_S2_power2/470_S2_power2_00006"},{"time":1.6,"name":"EF/470_S2_power2/470_S2_power2_00007"},{"time":1.6333,"name":"EF/470_S2_power2/470_S2_power2_00008"},{"time":1.6666,"name":"EF/470_S2_power2/470_S2_power2_00009"},{"time":1.7,"name":"EF/470_S2_power2/470_S2_power2_00000"},{"time":1.7333,"name":"EF/470_S2_power2/470_S2_power2_00001"},{"time":1.7666,"name":"EF/470_S2_power2/470_S2_power2_00002"},{"time":1.8,"name":"EF/470_S2_power2/470_S2_power2_00003"},{"time":1.8333,"name":"EF/470_S2_power2/470_S2_power2_00004"},{"time":1.8666,"name":"EF/470_S2_power2/470_S2_power2_00005"},{"time":1.9,"name":"EF/470_S2_power2/470_S2_power2_00006"},{"time":1.9333,"name":"EF/470_S2_power2/470_S2_power2_00007"},{"time":1.9666,"name":"EF/470_S2_power2/470_S2_power2_00008"},{"time":2,"name":"EF/470_S2_power2/470_S2_power2_00009"},{"time":2.0333,"name":"EF/470_S2_power2/470_S2_power2_00000"},{"time":2.0666,"name":"EF/470_S2_power2/470_S2_power2_00001"},{"time":2.1,"name":"EF/470_S2_power2/470_S2_power2_00002"},{"time":2.1333,"name":"EF/470_S2_power2/470_S2_power2_00003"},{"time":2.1666,"name":"EF/470_S2_power2/470_S2_power2_00004"},{"time":2.2,"name":"EF/470_S2_power2/470_S2_power2_00005"},{"time":2.2333,"name":"EF/470_S2_power2/470_S2_power2_00006"},{"time":2.2666,"name":"EF/470_S2_power2/470_S2_power2_00007"},{"time":2.3,"name":"EF/470_S2_power2/470_S2_power2_00008"},{"time":2.3333,"name":"EF/470_S2_power2/470_S2_power2_00009"},{"time":2.3666,"name":null}]},"EF/470_S2_power2/470_S2_power2_0":{"attachment":[{"time":1.8666,"name":"EF/470_S2_power2/470_S2_power2_00000"},{"time":1.9,"name":"EF/470_S2_power2/470_S2_power2_00001"},{"time":1.9333,"name":"EF/470_S2_power2/470_S2_power2_00002"},{"time":1.9666,"name":"EF/470_S2_power2/470_S2_power2_00003"},{"time":2,"name":"EF/470_S2_power2/470_S2_power2_00004"},{"time":2.0333,"name":"EF/470_S2_power2/470_S2_power2_00005"},{"time":2.0666,"name":"EF/470_S2_power2/470_S2_power2_00006"},{"time":2.1,"name":"EF/470_S2_power2/470_S2_power2_00007"},{"time":2.1333,"name":"EF/470_S2_power2/470_S2_power2_00008"},{"time":2.1666,"name":"EF/470_S2_power2/470_S2_power2_00009"},{"time":2.2,"name":"EF/470_S2_power2/470_S2_power2_00000"},{"time":2.2333,"name":"EF/470_S2_power2/470_S2_power2_00001"},{"time":2.3,"name":"EF/470_S2_power2/470_S2_power2_00002"},{"time":2.3333,"name":"EF/470_S2_power2/470_S2_power2_00003"},{"time":2.3666,"name":"EF/470_S2_power2/470_S2_power2_00004"},{"time":2.4333,"name":"EF/470_S2_power2/470_S2_power2_00005"},{"time":2.4666,"name":"EF/470_S2_power2/470_S2_power2_00006"},{"time":2.5,"name":"EF/470_S2_power2/470_S2_power2_00007"},{"time":2.5333,"name":"EF/470_S2_power2/470_S2_power2_00008"},{"time":2.5666,"name":"EF/470_S2_power2/470_S2_power2_00009"},{"time":2.6,"name":null}],"color":[{"time":2.3,"color":"ffffffbc"},{"time":2.4333,"color":"ffffff70","curve":[0.603,0,0.75,1]},{"time":2.6,"color":"ffffff00"}]},"L_wing_1":{"attachment":[{"time":1.3,"name":"L_wing_1"},{"time":2.4333,"name":null}]},"L_wing_2":{"attachment":[{"time":1.3,"name":"L_wing_2"},{"time":2.4333,"name":null}]},"MAIN":{"attachment":[{"time":0,"name":"skill1_00"},{"time":0.0666,"name":"skill1_01"},{"time":0.1,"name":"skill1_02"},{"time":0.8333,"name":"skill1_03"},{"time":0.8666,"name":"skill1_04"},{"time":0.9,"name":"skill1_05"},{"time":1.0333,"name":"attack1_01"},{"time":1.1,"name":"attack1_02"},{"time":1.3,"name":"skill2_00"},{"time":1.3666,"name":"skill2_01"},{"time":1.4333,"name":"skill2_02"},{"time":1.5,"name":"skill2_02b"},{"time":2.2,"name":"skill2_2c"},{"time":2.2333,"name":"skill2_2d"},{"time":2.2666,"name":"skill2_2e"},{"time":2.3,"name":"skill2_2F"},{"time":2.4,"name":"skill2_2g"},{"time":2.4333,"name":"attack1_03"},{"time":2.4666,"name":"attack1_04"},{"time":2.5,"name":"attack1_05"},{"time":3.6666,"name":"attack1_01"},{"time":3.7666,"name":"attack1_02"},{"time":4.0333,"name":"idle_02"},{"time":4.1333,"name":"idle_01"},{"time":4.2333,"name":"idle_00"},{"time":4.4,"name":"idle_00"}],"color":[{"time":0.1,"color":"ffffffff"},{"time":0.2666,"color":"ffffff00"},{"time":0.4333,"color":"ffffff14"},{"time":0.6,"color":"ffffffff","curve":"stepped"},{"time":2.5,"color":"ffffffff"},{"time":2.6,"color":"ffffff00","curve":"stepped"},{"time":3.5,"color":"ffffff00"},{"time":3.6,"color":"ffffffff"}]},"R_wing_1":{"attachment":[{"time":1.3,"name":"R_wing_1"},{"time":2.4333,"name":null}]},"R_wing_2":{"attachment":[{"time":1.3,"name":"R_wing_2"},{"time":2.4333,"name":null}]}},"bones":{"S1_dasty1":{"translate":[{"time":1.3,"x":-34.92,"y":-32.98}],"scale":[{"time":1.3,"x":2.284,"y":2.284},{"time":1.8666,"x":2.94,"y":2.52}]},"MAIN":{"rotate":[{"time":4.0333,"angle":1.5},{"time":4.2333,"angle":0}],"translate":[{"time":0.8333,"x":0,"y":0,"curve":[0.198,0.46,0.75,1]},{"time":0.9,"x":-52.5,"y":1.71},{"time":1.0666,"x":-60.54,"y":1.71,"curve":"stepped"},{"time":2.2,"x":-60.54,"y":1.71},{"time":2.2333,"x":-57.36,"y":1.71,"curve":"stepped"},{"time":2.3,"x":-57.36,"y":0.23,"curve":"stepped"},{"time":2.4333,"x":-60.54,"y":1.71,"curve":[0.25,0,0.75,1]},{"time":2.6333,"x":-725.66,"y":0,"curve":"stepped"},{"time":3.5,"x":484.82,"y":0},{"time":3.7666,"x":0.37,"y":0,"curve":[0.203,0.44,0.75,1]},{"time":4,"x":-16.49,"y":0,"curve":"stepped"},{"time":4.0333,"x":0,"y":-2.52},{"time":4.2333,"x":0,"y":0}],"scale":[{"time":2.2666,"x":1,"y":1,"curve":"stepped"},{"time":2.3,"x":1,"y":0.959,"curve":"stepped"},{"time":4.0333,"x":1,"y":0.96},{"time":4.2333,"x":1,"y":1}]},"S1_wave1":{"translate":[{"time":0.8666,"x":-31.12,"y":-20.12},{"time":1.1333,"x":-31.13,"y":-22.97}],"scale":[{"time":0.8666,"x":3.201,"y":3.201},{"time":1.1333,"x":4.556,"y":3.507}]},"S2_power1":{"translate":[{"time":1.3,"x":-32.55,"y":53.19},{"time":3.1333,"x":-31.4,"y":53.19}],"scale":[{"time":1.3,"x":3.172,"y":3.172,"curve":"stepped"},{"time":2.2,"x":6.92,"y":6.92},{"time":2.5666,"x":6.032,"y":6.032}]},"S2_power2":{"translate":[{"time":1.3666,"x":-32.55,"y":53.19}],"scale":[{"time":1.3666,"x":3.965,"y":3.965,"curve":"stepped"},{"time":1.7,"x":3.951,"y":3.951,"curve":"stepped"},{"time":2.0333,"x":4.528,"y":4.528}]},"S1_wave2":{"translate":[{"time":1.3,"x":-46.64,"y":-37.07}],"scale":[{"time":1.3,"x":3.201,"y":3.201},{"time":1.5666,"x":5.076,"y":3.908}]},"S2_jet1":{"translate":[{"time":1.3,"x":-53.3,"y":-19.87,"curve":"stepped"},{"time":2.4,"x":-53.3,"y":-19.87},{"time":2.4666,"x":-188.93,"y":-7.32}],"scale":[{"time":1.3,"x":3.047,"y":3.047}]},"S2_power1_1":{"translate":[{"time":1.8333,"x":-32.55,"y":53.19}],"scale":[{"time":1.8333,"x":3.422,"y":3.422}]},"S2_power2_1":{"translate":[{"time":1.8666,"x":-32.55,"y":53.19},{"time":3.1333,"x":-31.4,"y":53.19}],"scale":[{"time":1.8666,"x":4.103,"y":4.103,"curve":"stepped"},{"time":2.2,"x":5.657,"y":5.657},{"time":2.4333,"x":6.452,"y":6.452}]},"L_wing1":{"rotate":[{"time":1.4666,"angle":-0.05}],"translate":[{"time":1.3,"x":0,"y":0},{"time":1.5,"x":0,"y":6.28,"curve":"stepped"},{"time":2.2,"x":0,"y":5.13,"curve":"stepped"},{"time":2.2333,"x":1.86,"y":4.42,"curve":"stepped"},{"time":2.2666,"x":5.17,"y":3.41,"curve":"stepped"},{"time":2.3,"x":-0.94,"y":-5.06,"curve":"stepped"},{"time":2.4,"x":1.11,"y":-10.43}]},"L_wing2":{"rotate":[{"time":1.3,"angle":0,"curve":[0.25,0,0.75,1]},{"time":1.4666,"angle":16.73,"curve":[0.25,0,0.75,1]},{"time":2.1666,"angle":24.21,"curve":[0.25,0,0.75,1]},{"time":2.3,"angle":28.54}]},"R_wing1":{"translate":[{"time":1.3,"x":0,"y":0},{"time":1.5,"x":0,"y":6.28,"curve":"stepped"},{"time":2.2,"x":0,"y":5.13,"curve":"stepped"},{"time":2.2333,"x":0.64,"y":3.68,"curve":"stepped"},{"time":2.2666,"x":3.53,"y":2.96,"curve":"stepped"},{"time":2.3,"x":1.35,"y":-9.08,"curve":"stepped"},{"time":2.4,"x":3.41,"y":-16.06}]},"R_wing2":{"rotate":[{"time":1.3,"angle":0,"curve":[0.25,0,0.75,1]},{"time":1.4666,"angle":-36.05,"curve":[0.25,0,0.75,1]},{"time":2.1666,"angle":-44.69,"curve":[0.25,0,0.75,1]},{"time":2.3,"angle":-51.03}],"translate":[{"time":2.3,"x":4.36,"y":-2.62}]},"DAMAGEAREA":{"translate":[{"time":0.9,"x":-137.35,"y":68.33,"curve":"stepped"},{"time":2.4666,"x":-194.83,"y":53.79},{"time":2.5666,"x":-370.09,"y":53.79}],"scale":[{"time":0.9,"x":1.516,"y":1.438,"curve":"stepped"},{"time":2.4666,"x":2.194,"y":0.686},{"time":2.5666,"x":3.144,"y":0.686}]}},"events":[{"time":0,"name":"Event","string":"ignoreBorder_true"},{"time":0,"name":"Voice","string":"cri_038_voice_fullarts_now"},{"time":0.2666,"name":"Event","float":0.15,"string":"kHitStopType_normal"},{"time":0.3333,"name":"Event","int":150,"string":"setPosition_Target"},{"time":0.8333,"name":"Event","string":"setHitBack(20,0)"},{"time":0.8333,"name":"Event2","string":"setHitBackEnemy(20,0)"},{"time":0.8333,"name":"Sound1","string":"cri_se_battle_026_stab"},{"time":0.8333,"name":"Sound2","string":"cri_se_battle_gun_burst"},{"time":0.8333,"name":"Sound3","string":"cri_se_battle_hard_hit"},{"time":1.3,"name":"Sound1","string":"cri_se_battle_029_explosion_01"},{"time":1.3,"name":"Sound2","string":"cri_se_battle_monster_hit"},{"time":1.3,"name":"Sound3","string":"cri_se_battle_hard_hit"},{"time":1.3,"name":"View","float":0.93,"string":"shakeGround_Loop"},{"time":1.3,"name":"Voice","string":"cri_038_voice_fullarts_rank3_a"},{"time":1.3333,"name":"Event","string":"setHitBack(0,0)"},{"time":1.3333,"name":"Event2","string":"setHitBackEnemy(0,0)"},{"time":1.4,"name":"Sound1","string":"cri_se_battle_charge"},{"time":1.7,"name":"Sound1","string":"cri_se_battle_charge"},{"time":1.8666,"name":"Sound1","string":"cri_se_battle_charge"},{"time":2.0333,"name":"Sound1","string":"cri_se_battle_charge"},{"time":2.2,"name":"Sound1","string":"cri_se_battle_charge"},{"time":2.3333,"name":"Event","float":0.15,"string":"kHitStopType_normal"},{"time":2.3666,"name":"Sound1","string":"cri_se_battle_charge"},{"time":2.4,"name":"Event","string":"kImpactType_down"},{"time":2.4666,"name":"Hit","float":0.22,"string":"resetHitList"},{"time":2.4666,"name":"Sound1","string":"cri_se_battle_026_stab"},{"time":2.4666,"name":"Sound2","string":"cri_se_battle_skill_dash_ef"},{"time":2.4666,"name":"Sound3","string":"cri_se_battle_hard_hit"},{"time":2.4666,"name":"Voice","string":"cri_038_voice_fullarts_rank3_b"},{"time":2.5,"name":"Event","float":0.05,"string":"kHitStopType_enemyonly"},{"time":2.5,"name":"View","float":1,"string":"shakeGround_Loop"},{"time":2.5333,"name":"Hit","float":0.22,"string":"resetHitList"},{"time":2.5333,"name":"Sound1","string":"cri_se_battle_storm"},{"time":2.6,"name":"Hit","float":0.22,"string":"resetHitList"},{"time":2.6666,"name":"Hit","float":0.22,"string":"resetHitList"},{"time":2.7333,"name":"Hit","float":0.22,"string":"resetHitList"},{"time":2.8,"name":"Event","string":"kImpactType_knock"},{"time":2.8,"name":"Hit","float":0.22,"string":"resetHitList"}]}}}