{"skeleton":{"hash":"0IC0xiG9IrNIv5oUhc2yAG/TxdA","spine":"3.0.12","width":0,"height":0},"bones":[{"name":"root"},{"name":"MAIN","parent":"root","y":140},{"name":"light_bulb_02","parent":"MAIN","x":-85.5,"y":-38.43},{"name":"light_bulb_01","parent":"MAIN","x":40.76,"y":-101.83},{"name":"light_bulb_00","parent":"MAIN","x":39.23,"y":51.53},{"name":"HPBAR","parent":"MAIN","y":73.92},{"name":"HITBOX","parent":"MAIN","x":0.71,"y":-19.98,"scaleX":0.468,"scaleY":0.956},{"name":"EF_wave2_1","parent":"root","scaleX":2,"scaleY":1.5},{"name":"EF_wave1_3","parent":"root"},{"name":"EF_wave1_2","parent":"root"},{"name":"EF_wave1_1","parent":"root"},{"name":"EF_magic3","parent":"root","scaleX":2,"scaleY":0.3},{"name":"EF_magic4","parent":"EF_magic3"},{"name":"EF_magic1","parent":"root","scaleX":2,"scaleY":0.3},{"name":"EF_magic2","parent":"EF_magic1"},{"name":"EF_flare1_2","parent":"root","scaleX":2.5,"scaleY":2.5},{"name":"EF_flare1_1","parent":"root","scaleX":2.5,"scaleY":2.5},{"name":"EF_aura_charge1","parent":"root","y":117.31,"scaleX":3.5,"scaleY":3.5},{"name":"DAMAGEAREA","parent":"root"},{"name":"square_root","parent":"MAIN"},{"name":"light_square_red","parent":"square_root","x":73.48,"y":-79.84},{"name":"light_square_green","parent":"square_root","x":-36.42,"y":49.49},{"name":"light_square_blue","parent":"square_root","x":-79.37,"y":-12.87}],"slots":[{"name":"EF/5100_S2_magic1d","bone":"EF_magic1","blend":"additive"},{"name":"EF/5100_S2_magic1d2","bone":"EF_magic3","blend":"additive"},{"name":"EF/magic_4light","bone":"EF_magic2","blend":"additive"},{"name":"EF/magic_4light2","bone":"EF_magic4","blend":"additive"},{"name":"EF_wave1_1","bone":"EF_wave1_1","blend":"additive"},{"name":"EF_wave1_2","bone":"EF_wave1_2","blend":"additive"},{"name":"EF_wave1_3","bone":"EF_wave1_3","blend":"additive"},{"name":"MAIN","bone":"MAIN","attachment":"idle_00"},{"name":"light_bulb_00","bone":"light_bulb_00"},{"name":"light_bulb_01","bone":"light_bulb_01"},{"name":"light_bulb_02","bone":"light_bulb_02"},{"name":"light_square_blue_00","bone":"light_square_blue"},{"name":"light_square_green_00","bone":"light_square_green"},{"name":"light_square_red_00","bone":"light_square_red"},{"name":"EF_wave2_1","bone":"EF_wave2_1","blend":"additive"},{"name":"EF_flare1_1","bone":"EF_flare1_1"},{"name":"EF_flare1_2","bone":"EF_flare1_2"},{"name":"EF_aura_charge1","bone":"EF_aura_charge1","blend":"additive"},{"name":"light_square_rainbow_01","bone":"light_square_green","blend":"additive"},{"name":"light_square_rainbow_00","bone":"light_square_blue","blend":"additive"},{"name":"light_square_rainbow_02","bone":"light_square_red","blend":"additive"},{"name":"EF_blue_sphire_00","bone":"light_square_blue","blend":"additive"},{"name":"EF_green_sphire_00","bone":"light_square_green","blend":"additive"},{"name":"EF_red_sphire_00","bone":"light_square_red","blend":"additive"},{"name":"DAMAGEAREA","bone":"DAMAGEAREA"},{"name":"HITBOX","bone":"HITBOX","attachment":"HITBOX"}],"skins":{"default":{"DAMAGEAREA":{"DAMAGEAREA":{"type":"boundingbox","vertices":[-63.03285,-64.90927,64.88906,-64.1906,63.45173,63.01265,-63.03285,63.01265]}},"EF/5100_S2_magic1d":{"EF/5100_S2_magic1d":{"type":"mesh","uvs":[1,1,0,1,0,0,1,0],"triangles":[1,2,3,1,3,0],"vertices":[91,-91,-91,-91,-91,91,91,91],"hull":4}},"EF/5100_S2_magic1d2":{"EF/5100_S2_magic1d":{"type":"mesh","uvs":[1,1,0,1,0,0,1,0],"triangles":[1,2,3,1,3,0],"vertices":[91,-91,-91,-91,-91,91,91,91],"hull":4}},"EF/magic_4light":{"EF/magic_4light":{"type":"mesh","uvs":[1,1,0,1,0,0,1,0],"triangles":[1,2,3,1,3,0],"vertices":[75,-75,-75,-75,-75,75,75,75],"hull":4}},"EF/magic_4light2":{"EF/magic_4light":{"type":"mesh","uvs":[1,1,0,1,0,0,1,0],"triangles":[1,2,3,1,3,0],"vertices":[75,-75,-75,-75,-75,75,75,75],"hull":4}},"EF_aura_charge1":{"EF/ef_power_main/ef_power_main_00001":{"width":160,"height":160},"EF/ef_power_main/ef_power_main_00002":{"width":160,"height":160},"EF/ef_power_main/ef_power_main_00003":{"width":160,"height":160},"EF/ef_power_main/ef_power_main_00005":{"width":160,"height":160},"EF/ef_power_main/ef_power_main_00006":{"width":160,"height":160},"EF/ef_power_main/ef_power_main_00008":{"width":160,"height":160},"EF/ef_power_main/ef_power_main_00009":{"width":160,"height":160},"EF/ef_power_main/ef_power_main_00011":{"width":160,"height":160},"EF/ef_power_main/ef_power_main_00012":{"width":160,"height":160},"EF/ef_power_main/ef_power_main_00014":{"width":160,"height":160},"EF/ef_power_main/ef_power_main_00015":{"width":160,"height":160},"EF/ef_power_main/ef_power_main_00016":{"width":160,"height":160}},"EF_blue_sphire_00":{"EF/S2_sphire1_00001/900_S2_sphire1_blue":{"scaleX":1.5,"scaleY":1.5,"width":300,"height":300}},"EF_flare1_1":{"EF/ef_flare_B_main/ef_flare_B_main_00001":{"width":120,"height":120},"EF/ef_flare_B_main/ef_flare_B_main_00002":{"width":120,"height":120},"EF/ef_flare_B_main/ef_flare_B_main_00004":{"width":120,"height":120},"EF/ef_flare_B_main/ef_flare_B_main_00005":{"width":120,"height":120},"EF/ef_flare_B_main/ef_flare_B_main_00006":{"width":120,"height":120},"EF/ef_flare_B_main/ef_flare_B_main_00007":{"width":120,"height":120},"EF/ef_flare_B_main/ef_flare_B_main_00009":{"width":120,"height":120},"EF/ef_flare_B_main/ef_flare_B_main_00010":{"width":120,"height":120}},"EF_flare1_2":{"EF/ef_flare_B_main/ef_flare_B_main_00001":{"width":120,"height":120},"EF/ef_flare_B_main/ef_flare_B_main_00002":{"width":120,"height":120},"EF/ef_flare_B_main/ef_flare_B_main_00004":{"width":120,"height":120},"EF/ef_flare_B_main/ef_flare_B_main_00005":{"width":120,"height":120},"EF/ef_flare_B_main/ef_flare_B_main_00006":{"width":120,"height":120},"EF/ef_flare_B_main/ef_flare_B_main_00007":{"width":120,"height":120},"EF/ef_flare_B_main/ef_flare_B_main_00009":{"width":120,"height":120},"EF/ef_flare_B_main/ef_flare_B_main_00010":{"width":120,"height":120}},"EF_green_sphire_00":{"EF/S2_sphire1_00001/900_S2_sphire1_green":{"scaleX":1.5,"scaleY":1.5,"width":300,"height":300}},"EF_red_sphire_00":{"EF/S2_sphire1_00001/900_S2_sphire1_red":{"scaleX":1.5,"scaleY":1.5,"width":300,"height":300}},"EF_wave1_1":{"EF/ef_wave_main/ef_wave_main_00001":{"y":17.06,"width":160,"height":80},"EF/ef_wave_main/ef_wave_main_00003":{"y":17.06,"width":160,"height":80},"EF/ef_wave_main/ef_wave_main_00005":{"y":17.06,"width":160,"height":80},"EF/ef_wave_main/ef_wave_main_00007":{"y":17.06,"width":160,"height":80},"EF/ef_wave_main/ef_wave_main_00009":{"y":17.06,"width":160,"height":80},"EF/ef_wave_main/ef_wave_main_00011":{"y":17.06,"width":160,"height":80},"EF/ef_wave_main/ef_wave_main_00013":{"y":17.06,"width":160,"height":80}},"EF_wave1_2":{"EF/ef_wave_main/ef_wave_main_00001":{"y":17.06,"width":160,"height":80},"EF/ef_wave_main/ef_wave_main_00003":{"y":17.06,"width":160,"height":80},"EF/ef_wave_main/ef_wave_main_00005":{"y":17.06,"width":160,"height":80},"EF/ef_wave_main/ef_wave_main_00007":{"y":17.06,"width":160,"height":80},"EF/ef_wave_main/ef_wave_main_00009":{"y":17.06,"width":160,"height":80},"EF/ef_wave_main/ef_wave_main_00011":{"y":17.06,"width":160,"height":80},"EF/ef_wave_main/ef_wave_main_00013":{"y":17.06,"width":160,"height":80}},"EF_wave1_3":{"EF/ef_wave_main/ef_wave_main_00001":{"y":17.06,"width":160,"height":80},"EF/ef_wave_main/ef_wave_main_00003":{"y":17.06,"width":160,"height":80},"EF/ef_wave_main/ef_wave_main_00005":{"y":17.06,"width":160,"height":80},"EF/ef_wave_main/ef_wave_main_00007":{"y":17.06,"width":160,"height":80},"EF/ef_wave_main/ef_wave_main_00009":{"y":17.06,"width":160,"height":80},"EF/ef_wave_main/ef_wave_main_00011":{"y":17.06,"width":160,"height":80},"EF/ef_wave_main/ef_wave_main_00013":{"y":17.06,"width":160,"height":80}},"EF_wave2_1":{"EF/550_S1_wave1/550_S1_wave1_00040":{"y":-2.04,"width":120,"height":120},"EF/550_S1_wave1/550_S1_wave1_00042":{"y":-2.04,"width":120,"height":120},"EF/550_S1_wave1/550_S1_wave1_00044":{"y":-2.04,"width":120,"height":120},"EF/550_S1_wave1/550_S1_wave1_00046":{"y":-2.04,"width":120,"height":120},"EF/550_S1_wave1/550_S1_wave1_00048":{"y":-2.04,"width":120,"height":120},"EF/550_S1_wave1/550_S1_wave1_00050":{"y":-2.04,"width":120,"height":120}},"HITBOX":{"HITBOX":{"type":"boundingbox","vertices":[-62.31421,-64.90927,64.17041,-64.90927,63.45173,66.60597,-65.18887,64.44999]}},"MAIN":{"attack_00":{"y":-23.57,"scaleX":2,"scaleY":2,"width":256,"height":256},"attack_01":{"y":-23.57,"scaleX":2,"scaleY":2,"width":256,"height":256},"attack_02":{"y":-23.57,"scaleX":2,"scaleY":2,"width":256,"height":256},"attack_03":{"y":-23.57,"scaleX":2,"scaleY":2,"width":256,"height":256},"back_00":{"y":-23.57,"scaleX":2,"scaleY":2,"width":256,"height":256},"damage_00":{"y":-23.57,"scaleX":2,"scaleY":2,"width":256,"height":256},"front_00":{"y":-23.57,"scaleX":2,"scaleY":2,"width":256,"height":256},"idle_00":{"y":-23.59,"scaleX":2,"scaleY":2,"rotation":-0.11,"width":256,"height":256},"idle_01":{"y":-23.57,"scaleX":2,"scaleY":2,"width":256,"height":256},"idle_02":{"y":-23.57,"scaleX":2,"scaleY":2,"width":256,"height":256},"idle_03":{"y":-23.57,"scaleX":2,"scaleY":2,"width":256,"height":256},"idle_00b":{"y":-23.57,"scaleX":2,"scaleY":2,"width":256,"height":256},"skill1_00":{"y":-23.59,"scaleX":2,"scaleY":2,"width":256,"height":256},"skill1_01":{"y":-23.57,"scaleX":2,"scaleY":2,"width":256,"height":256},"skill1_02":{"y":-23.57,"scaleX":2,"scaleY":2,"width":256,"height":256},"skill1_03":{"y":-23.57,"scaleX":2,"scaleY":2,"width":256,"height":256},"skill2_00":{"y":-23.59,"scaleX":2,"scaleY":2,"width":256,"height":256},"skill2_01":{"y":-23.59,"scaleX":2,"scaleY":2,"width":256,"height":256},"skill2_02":{"x":-2.27,"y":-25.87,"scaleX":2,"scaleY":2,"width":256,"height":256},"skill2_03":{"x":-4.17,"y":-22.08,"scaleX":2,"scaleY":2,"width":256,"height":256},"skill2_04":{"x":-4.18,"y":-22.41,"scaleX":2,"scaleY":2,"width":256,"height":256},"skill3_00":{"y":-23.59,"scaleX":2,"scaleY":2,"width":256,"height":256},"skill3_01":{"y":-23.59,"scaleX":2,"scaleY":2,"width":256,"height":256},"skill3_02":{"y":-23.59,"scaleX":2,"scaleY":2,"width":256,"height":256},"skill3_03":{"y":-23.59,"scaleX":2,"scaleY":2,"width":256,"height":256}},"light_bulb_00":{"light_bulb":{"x":-0.17,"y":-0.33,"scaleX":2,"scaleY":2,"width":9,"height":9}},"light_bulb_01":{"light_bulb":{"x":0.11,"y":0.13,"scaleX":2,"scaleY":2,"width":9,"height":9}},"light_bulb_02":{"light_bulb":{"x":0.3,"y":-0.09,"scaleX":2,"scaleY":2,"width":9,"height":9}},"light_square_blue_00":{"light_square_blue_00":{"x":1.3,"y":0.58,"scaleX":2,"scaleY":2,"width":20,"height":17},"light_square_blue_01":{"x":0.74,"y":0.68,"scaleX":2,"scaleY":2,"width":23,"height":18}},"light_square_green_00":{"light_square_green_00":{"x":1.24,"y":-1.01,"scaleX":2,"scaleY":2,"width":22,"height":20},"light_square_green_01":{"x":1.2,"y":-0.54,"scaleX":2,"scaleY":2,"width":22,"height":18}},"light_square_rainbow_00":{"EF/ef_ob_rainbow_main/ef_ob_rainbow_main_00001":{"scaleX":0.5,"scaleY":0.5,"width":144,"height":144}},"light_square_rainbow_01":{"EF/ef_ob_rainbow_main/ef_ob_rainbow_main_00001":{"scaleX":0.5,"scaleY":0.5,"width":144,"height":144}},"light_square_rainbow_02":{"EF/ef_ob_rainbow_main/ef_ob_rainbow_main_00001":{"scaleX":0.5,"scaleY":0.5,"width":144,"height":144}},"light_square_red_00":{"light_square_red_00":{"x":0.41,"y":0.08,"scaleX":2,"scaleY":2,"width":22,"height":20},"light_square_red_01":{"x":0.68,"y":1.01,"scaleX":2,"scaleY":2,"width":24,"height":19}}}},"events":{"Event":{},"Hit":{},"Sound1":{},"Sound2":{},"Sound3":{},"Voice":{}},"animations":{"attack1":{"slots":{"MAIN":{"attachment":[{"time":0,"name":"attack_02"},{"time":0.1,"name":"attack_01"},{"time":0.2,"name":"attack_00"},{"time":0.3,"name":"attack_01"},{"time":0.4,"name":"attack_00"},{"time":0.5,"name":"attack_01"},{"time":0.6,"name":"attack_00"},{"time":0.7,"name":"attack_01"},{"time":0.8,"name":"attack_00"},{"time":0.9,"name":"attack_01"},{"time":1,"name":"attack_00"},{"time":1.1,"name":"attack_01"},{"time":1.1666,"name":"idle_00b"},{"time":1.2333,"name":"attack_02"},{"time":1.3,"name":"attack_03"},{"time":1.3666,"name":"attack_02"},{"time":1.4333,"name":"attack_03"},{"time":1.5,"name":"attack_02"},{"time":1.5666,"name":"attack_03"},{"time":1.6333,"name":"attack_02"},{"time":1.7,"name":"attack_03"},{"time":1.7666,"name":"attack_02"},{"time":1.8333,"name":"attack_03"},{"time":1.9333,"name":"attack_02"},{"time":2.0333,"name":"attack_03"},{"time":2.1666,"name":"idle_00"}]},"light_square_green_00":{"attachment":[{"time":0,"name":"light_square_green_00"},{"time":0.0666,"name":"light_square_green_01"},{"time":0.1333,"name":"light_square_green_00"},{"time":0.2,"name":"light_square_green_01"},{"time":0.2666,"name":"light_square_green_00"},{"time":0.3333,"name":"light_square_green_01"},{"time":0.4,"name":"light_square_green_00"},{"time":0.4666,"name":"light_square_green_01"},{"time":0.5,"name":"light_square_green_00"},{"time":0.5333,"name":"light_square_green_01"},{"time":0.5666,"name":"light_square_green_00"},{"time":0.6,"name":"light_square_green_01"},{"time":0.6333,"name":"light_square_green_00"},{"time":0.6666,"name":"light_square_green_01"},{"time":0.7,"name":"light_square_green_00"},{"time":0.7333,"name":"light_square_green_01"},{"time":0.7666,"name":"light_square_green_00"},{"time":0.8,"name":"light_square_green_01"},{"time":0.8333,"name":"light_square_green_00"},{"time":0.8666,"name":"light_square_green_01"},{"time":0.9,"name":"light_square_green_00"},{"time":0.9333,"name":"light_square_green_01"},{"time":0.9666,"name":"light_square_green_00"},{"time":1,"name":"light_square_green_01"},{"time":1.0333,"name":"light_square_green_00"},{"time":1.0666,"name":"light_square_green_01"},{"time":1.1,"name":"light_square_green_00"},{"time":1.1333,"name":"light_square_green_01"},{"time":1.1666,"name":"light_square_green_00"}],"color":[{"time":0,"color":"ffffff00"},{"time":0.6666,"color":"ffffffff"},{"time":1,"color":"ffffff00"}]}},"bones":{"MAIN":{"translate":[{"time":1.1666,"x":0,"y":0,"curve":"stepped"},{"time":1.2333,"x":1.81,"y":0.59,"curve":[0.25,0,0.75,1]},{"time":1.4666,"x":0,"y":0}]},"light_square_green":{"rotate":[{"time":0,"angle":30,"curve":"stepped"},{"time":1.1666,"angle":30}],"translate":[{"time":0,"x":20.55,"y":34.95,"curve":"stepped"},{"time":1.1666,"x":20.55,"y":34.95}]}},"events":[{"time":0,"name":"Sound1","string":"cri_se_battle_charge_long"},{"time":1.1,"name":"Voice","string":"cri_164_voice_attack_random"},{"time":1.1666,"name":"Sound1","string":"cri_se_battle_gun_burst"},{"time":1.2333,"name":"Event","string":"addOrbitSystemInsightRotation(shot2,hit2,1,-50,120,180,0);"}]},"back":{"slots":{"MAIN":{"attachment":[{"time":0,"name":"back_00"},{"time":0.5333,"name":"idle_02"},{"time":0.6,"name":"idle_01"},{"time":0.6666,"name":"idle_00"}]}},"bones":{"MAIN":{"translate":[{"time":0,"x":0,"y":0,"curve":[0.27,0,0.75,1]},{"time":0.4333,"x":120,"y":0,"curve":[0.143,0.4,0.75,1]},{"time":0.6666,"x":140,"y":0}]}}},"cast":{"slots":{"MAIN":{"attachment":[{"time":0,"name":"attack_00"},{"time":0.1,"name":"attack_01"},{"time":0.2,"name":"attack_00"},{"time":0.3,"name":"attack_01"},{"time":0.4,"name":"attack_00"},{"time":0.4333,"name":"idle_00b"},{"time":0.5,"name":"attack_02"},{"time":0.5666,"name":"attack_03"},{"time":0.6333,"name":"attack_02"},{"time":0.7,"name":"attack_03"},{"time":0.7666,"name":"attack_02"},{"time":0.8333,"name":"attack_03"},{"time":0.9,"name":"attack_02"},{"time":1,"name":"idle_00"}]},"light_square_green_00":{"attachment":[{"time":0,"name":"light_square_green_00"},{"time":0.0666,"name":"light_square_green_01"},{"time":0.1333,"name":"light_square_green_00"},{"time":0.2,"name":"light_square_green_01"},{"time":0.2666,"name":"light_square_green_00"},{"time":0.3333,"name":"light_square_green_01"},{"time":0.4,"name":"light_square_green_00"},{"time":0.4333,"name":"light_square_green_01"},{"time":0.4666,"name":"light_square_green_00"},{"time":0.5,"name":"light_square_green_01"},{"time":0.5333,"name":"light_square_green_00"},{"time":0.5666,"name":"light_square_green_01"},{"time":0.6,"name":"light_square_green_00"},{"time":0.6333,"name":"light_square_green_01"},{"time":0.6666,"name":"light_square_green_00"},{"time":0.7,"name":"light_square_green_01"},{"time":0.7333,"name":"light_square_green_00"},{"time":0.7666,"name":"light_square_green_01"},{"time":0.8,"name":"light_square_green_00"},{"time":0.8333,"name":"light_square_green_01"},{"time":0.8666,"name":"light_square_green_00"},{"time":0.9,"name":"light_square_green_01"},{"time":0.9333,"name":"light_square_green_00"},{"time":0.9666,"name":"light_square_green_01"},{"time":1,"name":null}]}},"bones":{"MAIN":{"translate":[{"time":0.4333,"x":0,"y":0,"curve":"stepped"},{"time":0.5,"x":1.81,"y":0.59,"curve":[0.25,0,0.75,1]},{"time":0.7333,"x":0,"y":0}]},"light_square_green":{"translate":[{"time":0,"x":22.1,"y":38.01,"curve":[0.166,0.4,0.658,0.87]},{"time":0.4,"x":22.1,"y":41.54,"curve":"stepped"},{"time":0.4333,"x":-1.76,"y":8.83,"curve":"stepped"},{"time":0.5,"x":-74.25,"y":-35.36},{"time":0.8333,"x":-83.97,"y":-35.36}]}},"events":[{"time":0.4333,"name":"Voice","string":"cri_164_voice_item"}]},"damage":{"slots":{"MAIN":{"attachment":[{"time":0,"name":"damage_00"}]}}},"empty":{},"front":{"slots":{"MAIN":{"attachment":[{"time":0,"name":"front_00"}]}}},"idle":{"slots":{"MAIN":{"attachment":[{"time":0,"name":"idle_00"},{"time":0.2333,"name":"idle_01"},{"time":0.4666,"name":"idle_02"},{"time":0.7,"name":"idle_03"},{"time":0.9333,"name":"idle_02"},{"time":1.1666,"name":"idle_01"},{"time":1.4,"name":"idle_00"}]}},"bones":{"MAIN":{"translate":[{"time":0,"x":0,"y":0,"curve":[0.401,0,0.75,1]},{"time":0.7,"x":0,"y":3,"curve":[0.323,-0.16,0.75,1]},{"time":1.4,"x":0,"y":0}]}}},"skill1":{"slots":{"EF_wave1_1":{"attachment":[{"time":1.9333,"name":"EF/ef_wave_main/ef_wave_main_00001"},{"time":2,"name":"EF/ef_wave_main/ef_wave_main_00003"},{"time":2.0666,"name":"EF/ef_wave_main/ef_wave_main_00005"},{"time":2.1333,"name":"EF/ef_wave_main/ef_wave_main_00007"},{"time":2.2,"name":"EF/ef_wave_main/ef_wave_main_00009"},{"time":2.2666,"name":"EF/ef_wave_main/ef_wave_main_00011"},{"time":2.3333,"name":"EF/ef_wave_main/ef_wave_main_00013"},{"time":2.4,"name":null},{"time":2.4333,"name":"EF/ef_wave_main/ef_wave_main_00001"},{"time":2.5,"name":"EF/ef_wave_main/ef_wave_main_00003"},{"time":2.5666,"name":"EF/ef_wave_main/ef_wave_main_00005"},{"time":2.6333,"name":"EF/ef_wave_main/ef_wave_main_00007"},{"time":2.7,"name":"EF/ef_wave_main/ef_wave_main_00009"},{"time":2.7666,"name":"EF/ef_wave_main/ef_wave_main_00011"},{"time":2.8333,"name":"EF/ef_wave_main/ef_wave_main_00013"},{"time":2.9,"name":null},{"time":2.9333,"name":"EF/ef_wave_main/ef_wave_main_00001"},{"time":3,"name":"EF/ef_wave_main/ef_wave_main_00003"},{"time":3.0666,"name":"EF/ef_wave_main/ef_wave_main_00005"},{"time":3.1333,"name":"EF/ef_wave_main/ef_wave_main_00007"},{"time":3.2,"name":"EF/ef_wave_main/ef_wave_main_00009"},{"time":3.2666,"name":"EF/ef_wave_main/ef_wave_main_00011"},{"time":3.3333,"name":"EF/ef_wave_main/ef_wave_main_00013"},{"time":3.4,"name":null}]},"EF_wave1_2":{"attachment":[{"time":2.1,"name":"EF/ef_wave_main/ef_wave_main_00001"},{"time":2.1666,"name":"EF/ef_wave_main/ef_wave_main_00003"},{"time":2.2333,"name":"EF/ef_wave_main/ef_wave_main_00005"},{"time":2.3,"name":"EF/ef_wave_main/ef_wave_main_00007"},{"time":2.3666,"name":"EF/ef_wave_main/ef_wave_main_00009"},{"time":2.4333,"name":"EF/ef_wave_main/ef_wave_main_00011"},{"time":2.5,"name":"EF/ef_wave_main/ef_wave_main_00013"},{"time":2.5666,"name":null},{"time":2.6,"name":"EF/ef_wave_main/ef_wave_main_00001"},{"time":2.6666,"name":"EF/ef_wave_main/ef_wave_main_00003"},{"time":2.7333,"name":"EF/ef_wave_main/ef_wave_main_00005"},{"time":2.8,"name":"EF/ef_wave_main/ef_wave_main_00007"},{"time":2.8666,"name":"EF/ef_wave_main/ef_wave_main_00009"},{"time":2.9333,"name":"EF/ef_wave_main/ef_wave_main_00011"},{"time":3,"name":"EF/ef_wave_main/ef_wave_main_00013"},{"time":3.0666,"name":null},{"time":3.1,"name":"EF/ef_wave_main/ef_wave_main_00001"},{"time":3.1666,"name":"EF/ef_wave_main/ef_wave_main_00003"},{"time":3.2333,"name":"EF/ef_wave_main/ef_wave_main_00005"},{"time":3.3,"name":"EF/ef_wave_main/ef_wave_main_00007"},{"time":3.3666,"name":"EF/ef_wave_main/ef_wave_main_00009"},{"time":3.4333,"name":"EF/ef_wave_main/ef_wave_main_00011"},{"time":3.5,"name":"EF/ef_wave_main/ef_wave_main_00013"},{"time":3.5666,"name":null}]},"EF_wave1_3":{"attachment":[{"time":2.2666,"name":"EF/ef_wave_main/ef_wave_main_00001"},{"time":2.3333,"name":"EF/ef_wave_main/ef_wave_main_00003"},{"time":2.4,"name":"EF/ef_wave_main/ef_wave_main_00005"},{"time":2.4666,"name":"EF/ef_wave_main/ef_wave_main_00007"},{"time":2.5333,"name":"EF/ef_wave_main/ef_wave_main_00009"},{"time":2.6,"name":"EF/ef_wave_main/ef_wave_main_00011"},{"time":2.6666,"name":"EF/ef_wave_main/ef_wave_main_00013"},{"time":2.7333,"name":null},{"time":2.7666,"name":"EF/ef_wave_main/ef_wave_main_00001"},{"time":2.8333,"name":"EF/ef_wave_main/ef_wave_main_00003"},{"time":2.9,"name":"EF/ef_wave_main/ef_wave_main_00005"},{"time":2.9666,"name":"EF/ef_wave_main/ef_wave_main_00007"},{"time":3.0333,"name":"EF/ef_wave_main/ef_wave_main_00009"},{"time":3.1,"name":"EF/ef_wave_main/ef_wave_main_00011"},{"time":3.1666,"name":"EF/ef_wave_main/ef_wave_main_00013"},{"time":3.2333,"name":null},{"time":3.2666,"name":"EF/ef_wave_main/ef_wave_main_00001"},{"time":3.3333,"name":"EF/ef_wave_main/ef_wave_main_00003"},{"time":3.4,"name":"EF/ef_wave_main/ef_wave_main_00005"},{"time":3.4666,"name":"EF/ef_wave_main/ef_wave_main_00007"},{"time":3.5333,"name":"EF/ef_wave_main/ef_wave_main_00009"},{"time":3.6,"name":"EF/ef_wave_main/ef_wave_main_00011"},{"time":3.6666,"name":"EF/ef_wave_main/ef_wave_main_00013"},{"time":3.7333,"name":null}]},"MAIN":{"attachment":[{"time":0,"name":"skill1_00"},{"time":0.1,"name":"skill1_01"},{"time":0.2,"name":"skill1_00"},{"time":0.3,"name":"skill1_01"},{"time":0.4,"name":"skill1_00"},{"time":0.5,"name":"skill1_01"},{"time":0.6,"name":"skill1_00"},{"time":0.7,"name":"skill1_01"},{"time":0.8,"name":"skill1_00"},{"time":0.9,"name":"skill1_01"},{"time":1,"name":"skill1_00"},{"time":1.1,"name":"skill1_01"},{"time":1.2,"name":"skill1_00"},{"time":1.3,"name":"skill1_01"},{"time":1.4,"name":"skill1_00"},{"time":1.5,"name":"skill1_01"},{"time":1.6,"name":"skill1_00"},{"time":1.7,"name":"skill1_01"},{"time":1.8,"name":"skill1_00"},{"time":1.9333,"name":"skill1_02"},{"time":2.0333,"name":"skill1_03"},{"time":2.1333,"name":"skill1_02"},{"time":2.2333,"name":"skill1_03"},{"time":2.3333,"name":"skill1_02"},{"time":2.4333,"name":"skill1_03"},{"time":2.5333,"name":"skill1_02"},{"time":2.6333,"name":"skill1_03"},{"time":2.7333,"name":"skill1_02"},{"time":2.8333,"name":"skill1_03"},{"time":2.9333,"name":"skill1_02"},{"time":3.0333,"name":"skill1_03"},{"time":3.1333,"name":"skill1_02"},{"time":3.2333,"name":"skill1_03"},{"time":3.3333,"name":"skill1_02"},{"time":3.4333,"name":"skill1_03"},{"time":3.5333,"name":"skill1_02"},{"time":3.6333,"name":"skill1_03"},{"time":3.7333,"name":"skill1_02"},{"time":3.8333,"name":"skill1_03"},{"time":3.9333,"name":"skill1_02"},{"time":4.0333,"name":"skill1_03"},{"time":4.1666,"name":"idle_00"}]}},"bones":{"MAIN":{"translate":[{"time":1.8,"x":0,"y":0,"curve":"stepped"},{"time":1.9333,"x":0,"y":0,"curve":[0.111,0.78,0.75,1]},{"time":2.2333,"x":0,"y":2},{"time":3.5333,"x":0,"y":3,"curve":"stepped"},{"time":4.1666,"x":0,"y":0}]},"EF_wave1_1":{"scale":[{"time":1.9333,"x":3,"y":3}]},"EF_wave1_2":{"scale":[{"time":2.1,"x":3,"y":3}]},"EF_wave1_3":{"scale":[{"time":2.2666,"x":3,"y":3}]}},"events":[{"time":0,"name":"Sound1","string":"cri_se_battle_charge_04"},{"time":1.6666,"name":"Voice","string":"cri_164_voice_skill_all"},{"time":1.9333,"name":"Sound1","string":"cri_se_battle_arrow_light_effect"},{"time":2.3666,"name":"Sound1","string":"cri_se_battle_036_explosion_element_04"},{"time":2.3666,"name":"Sound2","string":"cri_se_battle_bell_tree_01"},{"time":2.5,"name":"Sound2","string":"cri_se_scenario_no2_magic"},{"time":2.6666,"name":"Event","string":"runSkillEffect"}]},"skill2":{"slots":{"DAMAGEAREA":{"attachment":[{"time":1.9666,"name":"DAMAGEAREA"},{"time":3.6,"name":null}]},"EF_aura_charge1":{"attachment":[{"time":0.1666,"name":"EF/ef_power_main/ef_power_main_00001"},{"time":0.2333,"name":"EF/ef_power_main/ef_power_main_00002"},{"time":0.3,"name":"EF/ef_power_main/ef_power_main_00003"},{"time":0.3666,"name":"EF/ef_power_main/ef_power_main_00005"},{"time":0.4333,"name":"EF/ef_power_main/ef_power_main_00006"},{"time":0.5,"name":"EF/ef_power_main/ef_power_main_00008"},{"time":0.5666,"name":"EF/ef_power_main/ef_power_main_00009"},{"time":0.6333,"name":"EF/ef_power_main/ef_power_main_00011"},{"time":0.7,"name":"EF/ef_power_main/ef_power_main_00012"},{"time":0.7666,"name":"EF/ef_power_main/ef_power_main_00014"},{"time":0.8333,"name":"EF/ef_power_main/ef_power_main_00015"},{"time":0.9,"name":"EF/ef_power_main/ef_power_main_00016"},{"time":0.9666,"name":null}],"color":[{"time":0.5666,"color":"ffffffff"},{"time":0.9666,"color":"ffffff00"}]},"EF_flare1_1":{"attachment":[{"time":0.1666,"name":"EF/ef_flare_B_main/ef_flare_B_main_00001"},{"time":0.2,"name":"EF/ef_flare_B_main/ef_flare_B_main_00002"},{"time":0.2333,"name":"EF/ef_flare_B_main/ef_flare_B_main_00004"},{"time":0.2666,"name":"EF/ef_flare_B_main/ef_flare_B_main_00005"},{"time":0.3,"name":"EF/ef_flare_B_main/ef_flare_B_main_00006"},{"time":0.3333,"name":"EF/ef_flare_B_main/ef_flare_B_main_00007"},{"time":0.3666,"name":"EF/ef_flare_B_main/ef_flare_B_main_00009"},{"time":0.4,"name":"EF/ef_flare_B_main/ef_flare_B_main_00010"},{"time":0.4333,"name":null},{"time":0.4666,"name":"EF/ef_flare_B_main/ef_flare_B_main_00001"},{"time":0.5,"name":"EF/ef_flare_B_main/ef_flare_B_main_00002"},{"time":0.5333,"name":"EF/ef_flare_B_main/ef_flare_B_main_00004"},{"time":0.5666,"name":"EF/ef_flare_B_main/ef_flare_B_main_00005"},{"time":0.6,"name":"EF/ef_flare_B_main/ef_flare_B_main_00006"},{"time":0.6333,"name":"EF/ef_flare_B_main/ef_flare_B_main_00007"},{"time":0.6666,"name":"EF/ef_flare_B_main/ef_flare_B_main_00009"},{"time":0.7,"name":"EF/ef_flare_B_main/ef_flare_B_main_00010"},{"time":0.7333,"name":null},{"time":0.7666,"name":"EF/ef_flare_B_main/ef_flare_B_main_00001"},{"time":0.8,"name":"EF/ef_flare_B_main/ef_flare_B_main_00002"},{"time":0.8333,"name":"EF/ef_flare_B_main/ef_flare_B_main_00004"},{"time":0.8666,"name":"EF/ef_flare_B_main/ef_flare_B_main_00005"},{"time":0.9,"name":"EF/ef_flare_B_main/ef_flare_B_main_00006"},{"time":0.9333,"name":"EF/ef_flare_B_main/ef_flare_B_main_00007"},{"time":0.9666,"name":"EF/ef_flare_B_main/ef_flare_B_main_00009"},{"time":1,"name":"EF/ef_flare_B_main/ef_flare_B_main_00010"},{"time":1.0333,"name":null},{"time":1.0666,"name":"EF/ef_flare_B_main/ef_flare_B_main_00001"},{"time":1.1,"name":"EF/ef_flare_B_main/ef_flare_B_main_00002"},{"time":1.1333,"name":"EF/ef_flare_B_main/ef_flare_B_main_00004"},{"time":1.1666,"name":"EF/ef_flare_B_main/ef_flare_B_main_00005"},{"time":1.2,"name":"EF/ef_flare_B_main/ef_flare_B_main_00006"},{"time":1.2333,"name":"EF/ef_flare_B_main/ef_flare_B_main_00007"},{"time":1.2666,"name":"EF/ef_flare_B_main/ef_flare_B_main_00009"},{"time":1.3,"name":"EF/ef_flare_B_main/ef_flare_B_main_00010"},{"time":1.3333,"name":null},{"time":1.3666,"name":"EF/ef_flare_B_main/ef_flare_B_main_00001"},{"time":1.4,"name":"EF/ef_flare_B_main/ef_flare_B_main_00002"},{"time":1.4333,"name":"EF/ef_flare_B_main/ef_flare_B_main_00004"},{"time":1.4666,"name":"EF/ef_flare_B_main/ef_flare_B_main_00005"},{"time":1.5,"name":"EF/ef_flare_B_main/ef_flare_B_main_00006"},{"time":1.5333,"name":"EF/ef_flare_B_main/ef_flare_B_main_00007"},{"time":1.5666,"name":"EF/ef_flare_B_main/ef_flare_B_main_00009"},{"time":1.6,"name":"EF/ef_flare_B_main/ef_flare_B_main_00010"},{"time":1.6333,"name":null},{"time":1.8333,"name":"EF/ef_flare_B_main/ef_flare_B_main_00001"},{"time":1.8666,"name":"EF/ef_flare_B_main/ef_flare_B_main_00002"},{"time":1.9,"name":"EF/ef_flare_B_main/ef_flare_B_main_00004"},{"time":1.9333,"name":"EF/ef_flare_B_main/ef_flare_B_main_00005"},{"time":1.9666,"name":"EF/ef_flare_B_main/ef_flare_B_main_00006"},{"time":2,"name":"EF/ef_flare_B_main/ef_flare_B_main_00007"},{"time":2.0333,"name":"EF/ef_flare_B_main/ef_flare_B_main_00009"},{"time":2.0666,"name":"EF/ef_flare_B_main/ef_flare_B_main_00010"},{"time":2.1,"name":null}]},"EF_flare1_2":{"attachment":[{"time":0.1666,"name":"EF/ef_flare_B_main/ef_flare_B_main_00001"},{"time":0.2,"name":"EF/ef_flare_B_main/ef_flare_B_main_00002"},{"time":0.2333,"name":"EF/ef_flare_B_main/ef_flare_B_main_00004"},{"time":0.2666,"name":"EF/ef_flare_B_main/ef_flare_B_main_00005"},{"time":0.3,"name":"EF/ef_flare_B_main/ef_flare_B_main_00006"},{"time":0.3333,"name":"EF/ef_flare_B_main/ef_flare_B_main_00007"},{"time":0.3666,"name":"EF/ef_flare_B_main/ef_flare_B_main_00009"},{"time":0.4,"name":"EF/ef_flare_B_main/ef_flare_B_main_00010"},{"time":0.4333,"name":null},{"time":0.4666,"name":"EF/ef_flare_B_main/ef_flare_B_main_00001"},{"time":0.5,"name":"EF/ef_flare_B_main/ef_flare_B_main_00002"},{"time":0.5333,"name":"EF/ef_flare_B_main/ef_flare_B_main_00004"},{"time":0.5666,"name":"EF/ef_flare_B_main/ef_flare_B_main_00005"},{"time":0.6,"name":"EF/ef_flare_B_main/ef_flare_B_main_00006"},{"time":0.6333,"name":"EF/ef_flare_B_main/ef_flare_B_main_00007"},{"time":0.6666,"name":"EF/ef_flare_B_main/ef_flare_B_main_00009"},{"time":0.7,"name":"EF/ef_flare_B_main/ef_flare_B_main_00010"},{"time":0.7333,"name":null},{"time":0.7666,"name":"EF/ef_flare_B_main/ef_flare_B_main_00001"},{"time":0.8,"name":"EF/ef_flare_B_main/ef_flare_B_main_00002"},{"time":0.8333,"name":"EF/ef_flare_B_main/ef_flare_B_main_00004"},{"time":0.8666,"name":"EF/ef_flare_B_main/ef_flare_B_main_00005"},{"time":0.9,"name":"EF/ef_flare_B_main/ef_flare_B_main_00006"},{"time":0.9333,"name":"EF/ef_flare_B_main/ef_flare_B_main_00007"},{"time":0.9666,"name":"EF/ef_flare_B_main/ef_flare_B_main_00009"},{"time":1,"name":"EF/ef_flare_B_main/ef_flare_B_main_00010"},{"time":1.0333,"name":null},{"time":1.0666,"name":"EF/ef_flare_B_main/ef_flare_B_main_00001"},{"time":1.1,"name":"EF/ef_flare_B_main/ef_flare_B_main_00002"},{"time":1.1333,"name":"EF/ef_flare_B_main/ef_flare_B_main_00004"},{"time":1.1666,"name":"EF/ef_flare_B_main/ef_flare_B_main_00005"},{"time":1.2,"name":"EF/ef_flare_B_main/ef_flare_B_main_00006"},{"time":1.2333,"name":"EF/ef_flare_B_main/ef_flare_B_main_00007"},{"time":1.2666,"name":"EF/ef_flare_B_main/ef_flare_B_main_00009"},{"time":1.3,"name":"EF/ef_flare_B_main/ef_flare_B_main_00010"},{"time":1.3333,"name":null},{"time":1.3666,"name":"EF/ef_flare_B_main/ef_flare_B_main_00001"},{"time":1.4,"name":"EF/ef_flare_B_main/ef_flare_B_main_00002"},{"time":1.4333,"name":"EF/ef_flare_B_main/ef_flare_B_main_00004"},{"time":1.4666,"name":"EF/ef_flare_B_main/ef_flare_B_main_00005"},{"time":1.5,"name":"EF/ef_flare_B_main/ef_flare_B_main_00006"},{"time":1.5333,"name":"EF/ef_flare_B_main/ef_flare_B_main_00007"},{"time":1.5666,"name":"EF/ef_flare_B_main/ef_flare_B_main_00009"},{"time":1.6,"name":"EF/ef_flare_B_main/ef_flare_B_main_00010"},{"time":1.6333,"name":null},{"time":1.8333,"name":"EF/ef_flare_B_main/ef_flare_B_main_00001"},{"time":1.8666,"name":"EF/ef_flare_B_main/ef_flare_B_main_00002"},{"time":1.9,"name":"EF/ef_flare_B_main/ef_flare_B_main_00004"},{"time":1.9333,"name":"EF/ef_flare_B_main/ef_flare_B_main_00005"},{"time":1.9666,"name":"EF/ef_flare_B_main/ef_flare_B_main_00006"},{"time":2,"name":"EF/ef_flare_B_main/ef_flare_B_main_00007"},{"time":2.0333,"name":"EF/ef_flare_B_main/ef_flare_B_main_00009"},{"time":2.0666,"name":"EF/ef_flare_B_main/ef_flare_B_main_00010"},{"time":2.1,"name":null}]},"EF_wave1_1":{"attachment":[{"time":0,"name":"EF/ef_wave_main/ef_wave_main_00001"},{"time":0.0666,"name":"EF/ef_wave_main/ef_wave_main_00003"},{"time":0.1333,"name":"EF/ef_wave_main/ef_wave_main_00005"},{"time":0.2,"name":"EF/ef_wave_main/ef_wave_main_00007"},{"time":0.2666,"name":"EF/ef_wave_main/ef_wave_main_00009"},{"time":0.3333,"name":"EF/ef_wave_main/ef_wave_main_00011"},{"time":0.4,"name":"EF/ef_wave_main/ef_wave_main_00013"},{"time":0.4666,"name":null},{"time":0.5,"name":"EF/ef_wave_main/ef_wave_main_00001"},{"time":0.5666,"name":"EF/ef_wave_main/ef_wave_main_00003"},{"time":0.6333,"name":"EF/ef_wave_main/ef_wave_main_00005"},{"time":0.7,"name":"EF/ef_wave_main/ef_wave_main_00007"},{"time":0.7666,"name":"EF/ef_wave_main/ef_wave_main_00009"},{"time":0.8333,"name":"EF/ef_wave_main/ef_wave_main_00011"},{"time":0.9,"name":"EF/ef_wave_main/ef_wave_main_00013"},{"time":0.9666,"name":null},{"time":1,"name":"EF/ef_wave_main/ef_wave_main_00001"},{"time":1.0666,"name":"EF/ef_wave_main/ef_wave_main_00003"},{"time":1.1333,"name":"EF/ef_wave_main/ef_wave_main_00005"},{"time":1.2,"name":"EF/ef_wave_main/ef_wave_main_00007"},{"time":1.2666,"name":"EF/ef_wave_main/ef_wave_main_00009"},{"time":1.3333,"name":"EF/ef_wave_main/ef_wave_main_00011"},{"time":1.4,"name":"EF/ef_wave_main/ef_wave_main_00013"},{"time":1.4666,"name":null},{"time":1.9333,"name":"EF/ef_wave_main/ef_wave_main_00001"},{"time":2,"name":"EF/ef_wave_main/ef_wave_main_00003"},{"time":2.0666,"name":"EF/ef_wave_main/ef_wave_main_00005"},{"time":2.1333,"name":"EF/ef_wave_main/ef_wave_main_00007"},{"time":2.2,"name":"EF/ef_wave_main/ef_wave_main_00009"},{"time":2.2666,"name":"EF/ef_wave_main/ef_wave_main_00011"},{"time":2.3333,"name":"EF/ef_wave_main/ef_wave_main_00013"},{"time":2.4,"name":null}]},"EF_wave1_2":{"attachment":[{"time":0.1666,"name":"EF/ef_wave_main/ef_wave_main_00001"},{"time":0.2333,"name":"EF/ef_wave_main/ef_wave_main_00003"},{"time":0.3,"name":"EF/ef_wave_main/ef_wave_main_00005"},{"time":0.3666,"name":"EF/ef_wave_main/ef_wave_main_00007"},{"time":0.4333,"name":"EF/ef_wave_main/ef_wave_main_00009"},{"time":0.5,"name":"EF/ef_wave_main/ef_wave_main_00011"},{"time":0.5666,"name":"EF/ef_wave_main/ef_wave_main_00013"},{"time":0.6333,"name":null},{"time":0.6666,"name":"EF/ef_wave_main/ef_wave_main_00001"},{"time":0.7333,"name":"EF/ef_wave_main/ef_wave_main_00003"},{"time":0.8,"name":"EF/ef_wave_main/ef_wave_main_00005"},{"time":0.8666,"name":"EF/ef_wave_main/ef_wave_main_00007"},{"time":0.9333,"name":"EF/ef_wave_main/ef_wave_main_00009"},{"time":1,"name":"EF/ef_wave_main/ef_wave_main_00011"},{"time":1.0666,"name":"EF/ef_wave_main/ef_wave_main_00013"},{"time":1.1333,"name":null},{"time":1.1666,"name":"EF/ef_wave_main/ef_wave_main_00001"},{"time":1.2333,"name":"EF/ef_wave_main/ef_wave_main_00003"},{"time":1.3,"name":"EF/ef_wave_main/ef_wave_main_00005"},{"time":1.3666,"name":"EF/ef_wave_main/ef_wave_main_00007"},{"time":1.4333,"name":"EF/ef_wave_main/ef_wave_main_00009"},{"time":1.5,"name":"EF/ef_wave_main/ef_wave_main_00011"},{"time":1.5666,"name":"EF/ef_wave_main/ef_wave_main_00013"},{"time":1.6333,"name":null},{"time":2.1,"name":"EF/ef_wave_main/ef_wave_main_00001"},{"time":2.1666,"name":"EF/ef_wave_main/ef_wave_main_00003"},{"time":2.2333,"name":"EF/ef_wave_main/ef_wave_main_00005"},{"time":2.3,"name":"EF/ef_wave_main/ef_wave_main_00007"},{"time":2.3666,"name":"EF/ef_wave_main/ef_wave_main_00009"},{"time":2.4333,"name":"EF/ef_wave_main/ef_wave_main_00011"},{"time":2.5,"name":"EF/ef_wave_main/ef_wave_main_00013"},{"time":2.5666,"name":null}]},"EF_wave1_3":{"attachment":[{"time":0.3333,"name":"EF/ef_wave_main/ef_wave_main_00001"},{"time":0.4,"name":"EF/ef_wave_main/ef_wave_main_00003"},{"time":0.4666,"name":"EF/ef_wave_main/ef_wave_main_00005"},{"time":0.5333,"name":"EF/ef_wave_main/ef_wave_main_00007"},{"time":0.6,"name":"EF/ef_wave_main/ef_wave_main_00009"},{"time":0.6666,"name":"EF/ef_wave_main/ef_wave_main_00011"},{"time":0.7333,"name":"EF/ef_wave_main/ef_wave_main_00013"},{"time":0.8,"name":null},{"time":0.8333,"name":"EF/ef_wave_main/ef_wave_main_00001"},{"time":0.9,"name":"EF/ef_wave_main/ef_wave_main_00003"},{"time":0.9666,"name":"EF/ef_wave_main/ef_wave_main_00005"},{"time":1.0333,"name":"EF/ef_wave_main/ef_wave_main_00007"},{"time":1.1,"name":"EF/ef_wave_main/ef_wave_main_00009"},{"time":1.1666,"name":"EF/ef_wave_main/ef_wave_main_00011"},{"time":1.2333,"name":"EF/ef_wave_main/ef_wave_main_00013"},{"time":1.3,"name":null},{"time":1.3333,"name":"EF/ef_wave_main/ef_wave_main_00001"},{"time":1.4,"name":"EF/ef_wave_main/ef_wave_main_00003"},{"time":1.4666,"name":"EF/ef_wave_main/ef_wave_main_00005"},{"time":1.5333,"name":"EF/ef_wave_main/ef_wave_main_00007"},{"time":1.6,"name":"EF/ef_wave_main/ef_wave_main_00009"},{"time":1.6666,"name":"EF/ef_wave_main/ef_wave_main_00011"},{"time":1.7333,"name":"EF/ef_wave_main/ef_wave_main_00013"},{"time":1.8,"name":null},{"time":2.2666,"name":"EF/ef_wave_main/ef_wave_main_00001"},{"time":2.3333,"name":"EF/ef_wave_main/ef_wave_main_00003"},{"time":2.4,"name":"EF/ef_wave_main/ef_wave_main_00005"},{"time":2.4666,"name":"EF/ef_wave_main/ef_wave_main_00007"},{"time":2.5333,"name":"EF/ef_wave_main/ef_wave_main_00009"},{"time":2.6,"name":"EF/ef_wave_main/ef_wave_main_00011"},{"time":2.6666,"name":"EF/ef_wave_main/ef_wave_main_00013"},{"time":2.7333,"name":null}]},"MAIN":{"attachment":[{"time":0,"name":"idle_00"},{"time":0.0333,"name":"skill2_00"},{"time":0.0666,"name":"skill2_01"},{"time":0.1333,"name":"skill2_02"},{"time":0.2,"name":"skill2_01"},{"time":0.2666,"name":"skill2_02"},{"time":0.3333,"name":"skill2_01"},{"time":0.4,"name":"skill2_02"},{"time":0.4666,"name":"skill2_01"},{"time":0.5333,"name":"skill2_02"},{"time":0.6,"name":"skill2_01"},{"time":0.6666,"name":"skill2_02"},{"time":0.7333,"name":"skill2_01"},{"time":0.8,"name":"skill2_02"},{"time":0.8666,"name":"skill2_01"},{"time":0.9333,"name":"skill2_02"},{"time":1,"name":"skill2_01"},{"time":1.0666,"name":"skill2_02"},{"time":1.1333,"name":"skill2_01"},{"time":1.2,"name":"skill2_02"},{"time":1.2666,"name":"skill2_01"},{"time":1.3333,"name":"skill2_02"},{"time":1.4,"name":"skill2_01"},{"time":1.4666,"name":"skill2_01"},{"time":1.5333,"name":"skill2_02"},{"time":1.6,"name":"skill2_01"},{"time":1.6666,"name":"skill2_02"},{"time":1.7333,"name":"skill2_01"},{"time":1.8,"name":"skill2_02"},{"time":1.8666,"name":"skill2_01"},{"time":1.9333,"name":"skill2_03"},{"time":1.9666,"name":"skill2_04"},{"time":2,"name":"skill2_03"},{"time":2.0333,"name":"skill2_04"},{"time":2.0666,"name":"skill2_03"},{"time":2.1,"name":"skill2_04"},{"time":2.1333,"name":"skill2_03"},{"time":2.1666,"name":"skill2_04"},{"time":2.2,"name":"skill2_03"},{"time":2.2333,"name":"skill2_04"},{"time":2.2666,"name":"skill2_03"},{"time":2.3,"name":"skill2_04"},{"time":2.3333,"name":"skill2_03"},{"time":2.3666,"name":"skill2_04"},{"time":2.4,"name":"skill2_03"},{"time":2.4333,"name":"skill2_04"},{"time":2.4666,"name":"skill2_03"},{"time":2.5,"name":"skill2_04"},{"time":2.5666,"name":"skill2_03"},{"time":2.6333,"name":"skill2_04"},{"time":2.7,"name":"skill2_03"},{"time":2.7666,"name":"skill2_04"},{"time":2.8333,"name":"skill2_03"},{"time":2.9,"name":"skill2_04"},{"time":2.9666,"name":"skill2_03"},{"time":3.0333,"name":"skill2_04"},{"time":3.1,"name":"skill2_03"},{"time":3.1666,"name":"skill2_04"},{"time":3.2333,"name":"skill2_03"},{"time":3.3,"name":"skill2_04"},{"time":3.4666,"name":"skill2_03"},{"time":3.5333,"name":"skill2_00"},{"time":3.6333,"name":"idle_00"},{"time":4,"name":"idle_00"}]},"light_bulb_00":{"attachment":[{"time":0.0666,"name":"light_bulb"},{"time":3.6,"name":null},{"time":4,"name":null}]},"light_bulb_01":{"attachment":[{"time":0.0666,"name":"light_bulb"},{"time":3.6,"name":null},{"time":4,"name":null}]},"light_bulb_02":{"attachment":[{"time":0.0666,"name":"light_bulb"},{"time":3.6,"name":null},{"time":4,"name":null}]},"light_square_blue_00":{"attachment":[{"time":0,"name":null},{"time":0.0333,"name":"light_square_blue_00"},{"time":0.0666,"name":"light_square_blue_00"},{"time":0.1333,"name":"light_square_blue_01"},{"time":0.2,"name":"light_square_blue_00"},{"time":0.2666,"name":"light_square_blue_01"},{"time":0.3333,"name":"light_square_blue_00"},{"time":0.4,"name":"light_square_blue_01"},{"time":0.4666,"name":"light_square_blue_00"},{"time":0.5,"name":"light_square_blue_01"},{"time":0.5333,"name":"light_square_blue_00"},{"time":0.5666,"name":"light_square_blue_01"},{"time":0.6,"name":"light_square_blue_00"},{"time":0.6333,"name":"light_square_blue_01"},{"time":0.6666,"name":"light_square_blue_00"},{"time":0.7,"name":"light_square_blue_01"},{"time":0.7333,"name":"light_square_blue_00"},{"time":0.7666,"name":"light_square_blue_01"},{"time":0.8,"name":"light_square_blue_00"},{"time":0.8333,"name":"light_square_blue_01"},{"time":0.8666,"name":"light_square_blue_00"},{"time":0.9,"name":"light_square_blue_01"},{"time":0.9333,"name":"light_square_blue_00"},{"time":0.9666,"name":"light_square_blue_01"},{"time":1,"name":"light_square_blue_00"},{"time":1.0333,"name":"light_square_blue_01"},{"time":1.0666,"name":"light_square_blue_00"},{"time":1.1,"name":"light_square_blue_01"},{"time":1.1333,"name":"light_square_blue_00"},{"time":1.1666,"name":"light_square_blue_01"},{"time":1.2,"name":"light_square_blue_00"},{"time":1.2333,"name":"light_square_blue_01"},{"time":1.2666,"name":"light_square_blue_00"},{"time":1.3,"name":"light_square_blue_01"},{"time":1.3333,"name":"light_square_blue_00"},{"time":1.3666,"name":"light_square_blue_01"},{"time":1.4,"name":"light_square_blue_00"},{"time":1.4333,"name":"light_square_blue_01"},{"time":1.4666,"name":"light_square_blue_00"},{"time":1.5,"name":"light_square_blue_01"},{"time":1.5333,"name":"light_square_blue_00"},{"time":1.5666,"name":"light_square_blue_01"},{"time":1.6,"name":"light_square_blue_00"},{"time":1.6333,"name":"light_square_blue_01"},{"time":1.6666,"name":"light_square_blue_00"},{"time":1.7,"name":"light_square_blue_01"},{"time":1.7333,"name":"light_square_blue_00"},{"time":1.7666,"name":"light_square_blue_01"},{"time":1.8,"name":"light_square_blue_00"},{"time":1.8333,"name":"light_square_blue_01"},{"time":1.8666,"name":"light_square_blue_00"},{"time":1.9,"name":"light_square_blue_01"},{"time":1.9333,"name":"light_square_blue_00"},{"time":2,"name":"light_square_blue_01"},{"time":2.0666,"name":"light_square_blue_00"},{"time":2.1333,"name":"light_square_blue_01"},{"time":2.2,"name":"light_square_blue_00"},{"time":2.2666,"name":"light_square_blue_01"},{"time":2.3333,"name":"light_square_blue_00"},{"time":2.4,"name":"light_square_blue_01"},{"time":2.4666,"name":"light_square_blue_00"},{"time":2.5333,"name":"light_square_blue_01"},{"time":2.6,"name":"light_square_blue_00"},{"time":2.6666,"name":"light_square_blue_01"},{"time":2.7333,"name":"light_square_blue_00"},{"time":2.8,"name":"light_square_blue_01"},{"time":2.8666,"name":"light_square_blue_00"},{"time":2.9333,"name":"light_square_blue_01"},{"time":3,"name":"light_square_blue_00"},{"time":3.0666,"name":"light_square_blue_01"},{"time":3.1333,"name":"light_square_blue_00"},{"time":3.2,"name":"light_square_blue_01"},{"time":3.2666,"name":"light_square_blue_00"},{"time":3.3333,"name":"light_square_blue_01"},{"time":3.4,"name":"light_square_blue_00"},{"time":3.4666,"name":"light_square_blue_01"},{"time":3.5333,"name":"light_square_blue_00"},{"time":3.6,"name":"light_square_blue_01"},{"time":3.6333,"name":null}]},"light_square_green_00":{"attachment":[{"time":0,"name":null},{"time":0.0333,"name":"light_square_green_00"},{"time":0.0666,"name":"light_square_green_00"},{"time":0.1333,"name":"light_square_green_01"},{"time":0.2,"name":"light_square_green_00"},{"time":0.2666,"name":"light_square_green_01"},{"time":0.3333,"name":"light_square_green_00"},{"time":0.4,"name":"light_square_green_01"},{"time":0.4666,"name":"light_square_green_00"},{"time":0.5,"name":"light_square_green_01"},{"time":0.5333,"name":"light_square_green_00"},{"time":0.5666,"name":"light_square_green_01"},{"time":0.6,"name":"light_square_green_00"},{"time":0.6333,"name":"light_square_green_01"},{"time":0.6666,"name":"light_square_green_00"},{"time":0.7,"name":"light_square_green_01"},{"time":0.7333,"name":"light_square_green_00"},{"time":0.7666,"name":"light_square_green_01"},{"time":0.8,"name":"light_square_green_00"},{"time":0.8333,"name":"light_square_green_01"},{"time":0.8666,"name":"light_square_green_00"},{"time":0.9,"name":"light_square_green_01"},{"time":0.9333,"name":"light_square_green_00"},{"time":0.9666,"name":"light_square_green_01"},{"time":1,"name":"light_square_green_00"},{"time":1.0333,"name":"light_square_green_01"},{"time":1.0666,"name":"light_square_green_00"},{"time":1.1,"name":"light_square_green_01"},{"time":1.1333,"name":"light_square_green_00"},{"time":1.1666,"name":"light_square_green_01"},{"time":1.2,"name":"light_square_green_00"},{"time":1.2333,"name":"light_square_green_01"},{"time":1.2666,"name":"light_square_green_00"},{"time":1.3,"name":"light_square_green_01"},{"time":1.3333,"name":"light_square_green_00"},{"time":1.3666,"name":"light_square_green_01"},{"time":1.4,"name":"light_square_green_00"},{"time":1.4333,"name":"light_square_green_01"},{"time":1.4666,"name":"light_square_green_00"},{"time":1.5,"name":"light_square_green_01"},{"time":1.5333,"name":"light_square_green_00"},{"time":1.5666,"name":"light_square_green_01"},{"time":1.6,"name":"light_square_green_00"},{"time":1.6333,"name":"light_square_green_01"},{"time":1.6666,"name":"light_square_green_00"},{"time":1.7,"name":"light_square_green_01"},{"time":1.7333,"name":"light_square_green_00"},{"time":1.7666,"name":"light_square_green_01"},{"time":1.8,"name":"light_square_green_00"},{"time":1.8333,"name":"light_square_green_01"},{"time":1.8666,"name":"light_square_green_00"},{"time":1.9,"name":"light_square_green_01"},{"time":1.9333,"name":"light_square_green_00"},{"time":2,"name":"light_square_green_01"},{"time":2.0666,"name":"light_square_green_00"},{"time":2.1333,"name":"light_square_green_01"},{"time":2.2,"name":"light_square_green_00"},{"time":2.2666,"name":"light_square_green_01"},{"time":2.3333,"name":"light_square_green_00"},{"time":2.4,"name":"light_square_green_01"},{"time":2.4666,"name":"light_square_green_00"},{"time":2.5333,"name":"light_square_green_01"},{"time":2.6,"name":"light_square_green_00"},{"time":2.6666,"name":"light_square_green_01"},{"time":2.7333,"name":"light_square_green_00"},{"time":2.8,"name":"light_square_green_01"},{"time":2.8666,"name":"light_square_green_00"},{"time":2.9333,"name":"light_square_green_01"},{"time":3,"name":"light_square_green_00"},{"time":3.0666,"name":"light_square_green_01"},{"time":3.1333,"name":"light_square_green_00"},{"time":3.2,"name":"light_square_green_01"},{"time":3.2666,"name":"light_square_green_00"},{"time":3.3333,"name":"light_square_green_01"},{"time":3.4,"name":"light_square_green_00"},{"time":3.4666,"name":"light_square_green_01"},{"time":3.5333,"name":"light_square_green_00"},{"time":3.6,"name":"light_square_green_01"},{"time":3.6333,"name":null}]},"light_square_red_00":{"attachment":[{"time":0,"name":null},{"time":0.0333,"name":"light_square_red_00"},{"time":0.1333,"name":"light_square_red_01"},{"time":0.2,"name":"light_square_red_00"},{"time":0.2666,"name":"light_square_red_01"},{"time":0.3333,"name":"light_square_red_00"},{"time":0.4,"name":"light_square_red_01"},{"time":0.4666,"name":"light_square_red_00"},{"time":0.5,"name":"light_square_red_01"},{"time":0.5333,"name":"light_square_red_00"},{"time":0.5666,"name":"light_square_red_01"},{"time":0.6,"name":"light_square_red_00"},{"time":0.6333,"name":"light_square_red_01"},{"time":0.6666,"name":"light_square_red_00"},{"time":0.7,"name":"light_square_red_01"},{"time":0.7333,"name":"light_square_red_00"},{"time":0.7666,"name":"light_square_red_01"},{"time":0.8,"name":"light_square_red_00"},{"time":0.8333,"name":"light_square_red_01"},{"time":0.8666,"name":"light_square_red_00"},{"time":0.9,"name":"light_square_red_01"},{"time":0.9333,"name":"light_square_red_00"},{"time":0.9666,"name":"light_square_red_01"},{"time":1,"name":"light_square_red_00"},{"time":1.0333,"name":"light_square_red_01"},{"time":1.0666,"name":"light_square_red_00"},{"time":1.1,"name":"light_square_red_01"},{"time":1.1333,"name":"light_square_red_00"},{"time":1.1666,"name":"light_square_red_01"},{"time":1.2,"name":"light_square_red_00"},{"time":1.2333,"name":"light_square_red_01"},{"time":1.2666,"name":"light_square_red_00"},{"time":1.3,"name":"light_square_red_01"},{"time":1.3333,"name":"light_square_red_00"},{"time":1.3666,"name":"light_square_red_01"},{"time":1.4,"name":"light_square_red_00"},{"time":1.4333,"name":"light_square_red_01"},{"time":1.4666,"name":"light_square_red_00"},{"time":1.5,"name":"light_square_red_01"},{"time":1.5333,"name":"light_square_red_00"},{"time":1.5666,"name":"light_square_red_01"},{"time":1.6,"name":"light_square_red_00"},{"time":1.6333,"name":"light_square_red_01"},{"time":1.6666,"name":"light_square_red_00"},{"time":1.7,"name":"light_square_red_01"},{"time":1.7333,"name":"light_square_red_00"},{"time":1.7666,"name":"light_square_red_01"},{"time":1.8,"name":"light_square_red_00"},{"time":1.8333,"name":"light_square_red_01"},{"time":1.8666,"name":"light_square_red_00"},{"time":1.9,"name":"light_square_red_01"},{"time":1.9333,"name":"light_square_red_00"},{"time":2,"name":"light_square_red_01"},{"time":2.0666,"name":"light_square_red_00"},{"time":2.1333,"name":"light_square_red_01"},{"time":2.2,"name":"light_square_red_00"},{"time":2.2666,"name":"light_square_red_01"},{"time":2.3333,"name":"light_square_red_00"},{"time":2.4,"name":"light_square_red_01"},{"time":2.4666,"name":"light_square_red_00"},{"time":2.5333,"name":"light_square_red_01"},{"time":2.6,"name":"light_square_red_00"},{"time":2.6666,"name":"light_square_red_01"},{"time":2.7333,"name":"light_square_red_00"},{"time":2.8,"name":"light_square_red_01"},{"time":2.8666,"name":"light_square_red_00"},{"time":2.9333,"name":"light_square_red_01"},{"time":3,"name":"light_square_red_00"},{"time":3.0666,"name":"light_square_red_01"},{"time":3.1333,"name":"light_square_red_00"},{"time":3.2,"name":"light_square_red_01"},{"time":3.2666,"name":"light_square_red_00"},{"time":3.3333,"name":"light_square_red_01"},{"time":3.4,"name":"light_square_red_00"},{"time":3.4666,"name":"light_square_red_01"},{"time":3.5333,"name":"light_square_red_00"},{"time":3.6,"name":"light_square_red_01"},{"time":3.6333,"name":null}]}},"bones":{"MAIN":{"rotate":[{"time":0,"angle":0},{"time":0.0666,"angle":5.81,"curve":"stepped"},{"time":3.6333,"angle":0}],"translate":[{"time":0,"x":0,"y":0},{"time":0.0333,"x":-11.74,"y":20.1,"curve":"stepped"},{"time":0.0666,"x":-34.54,"y":55.89,"curve":"stepped"},{"time":1.9,"x":-34.54,"y":55.89,"curve":"stepped"},{"time":1.9333,"x":-2.82,"y":68.73,"curve":"stepped"},{"time":3.5333,"x":13.67,"y":32.42,"curve":"stepped"},{"time":3.6333,"x":30.18,"y":0}]},"light_bulb_00":{"translate":[{"time":0.0666,"x":0,"y":0,"curve":[0.189,0.53,0.658,0.93]},{"time":1.9666,"x":-7.31,"y":-4.66,"curve":"stepped"},{"time":3.1666,"x":-7.31,"y":-4.66},{"time":3.6,"x":0,"y":0,"curve":"stepped"},{"time":4,"x":0,"y":0}]},"light_bulb_01":{"translate":[{"time":0.0666,"x":0,"y":0,"curve":[0.189,0.53,0.658,0.93]},{"time":1.9666,"x":-7.31,"y":-4.66,"curve":"stepped"},{"time":3.1666,"x":-7.31,"y":-4.66},{"time":3.6,"x":0,"y":0,"curve":"stepped"},{"time":4,"x":0,"y":0}]},"light_bulb_02":{"translate":[{"time":0.0666,"x":0,"y":0,"curve":[0.189,0.53,0.658,0.93]},{"time":1.9666,"x":-7.31,"y":-4.66,"curve":"stepped"},{"time":3.1666,"x":-7.31,"y":-4.66},{"time":3.6,"x":0,"y":0,"curve":"stepped"},{"time":4,"x":0,"y":0}]},"light_square_blue":{"translate":[{"time":0,"x":0,"y":0},{"time":0.1666,"x":-2.12,"y":2.19,"curve":"stepped"},{"time":0.4666,"x":-2.12,"y":2.19},{"time":0.5333,"x":67.06,"y":2.19},{"time":0.6,"x":31.87,"y":58.53},{"time":0.6666,"x":-2.12,"y":2.19},{"time":0.7333,"x":67.06,"y":2.19},{"time":0.8,"x":31.87,"y":58.53},{"time":0.8666,"x":-2.12,"y":2.19},{"time":0.9333,"x":67.06,"y":2.19},{"time":1,"x":31.87,"y":58.53},{"time":1.0666,"x":-2.12,"y":2.19},{"time":1.1333,"x":67.06,"y":2.19},{"time":1.2,"x":31.87,"y":58.53},{"time":1.2666,"x":-2.12,"y":2.19},{"time":1.3333,"x":67.06,"y":2.19},{"time":1.4,"x":31.87,"y":58.53},{"time":1.4666,"x":-2.12,"y":2.19},{"time":1.5333,"x":67.06,"y":2.19},{"time":1.6,"x":31.87,"y":58.53},{"time":1.6666,"x":-2.12,"y":0.34,"curve":[0.2,0,0.962,0.13]},{"time":1.9,"x":-24.26,"y":3.93},{"time":1.9333,"x":-47.11,"y":0},{"time":1.9666,"x":-49.26,"y":0},{"time":2,"x":-47.11,"y":0},{"time":2.0333,"x":-49.26,"y":0},{"time":2.0666,"x":-47.11,"y":0},{"time":2.1,"x":-49.26,"y":0},{"time":2.1333,"x":-47.11,"y":0},{"time":2.1666,"x":-49.26,"y":0},{"time":2.2,"x":-47.11,"y":0},{"time":2.2333,"x":-49.26,"y":0},{"time":2.2666,"x":-47.11,"y":0},{"time":2.3,"x":-49.26,"y":0},{"time":2.3333,"x":-47.11,"y":0},{"time":2.3666,"x":-49.26,"y":0},{"time":2.4,"x":-47.11,"y":0},{"time":2.4333,"x":-49.26,"y":0},{"time":2.4666,"x":-47.11,"y":0},{"time":2.5,"x":-49.26,"y":0},{"time":2.5333,"x":-47.11,"y":0},{"time":2.5666,"x":-49.26,"y":0},{"time":2.6,"x":-47.11,"y":0},{"time":2.6333,"x":-49.26,"y":0},{"time":2.6666,"x":-47.11,"y":0},{"time":2.7,"x":-49.26,"y":0},{"time":2.7333,"x":-47.11,"y":0},{"time":2.7666,"x":-49.26,"y":0},{"time":2.8,"x":-47.11,"y":0},{"time":2.8333,"x":-49.26,"y":0},{"time":2.8666,"x":-47.11,"y":0},{"time":2.9,"x":-49.26,"y":0},{"time":2.9333,"x":-47.11,"y":0},{"time":2.9666,"x":-49.26,"y":0},{"time":3,"x":-47.11,"y":0},{"time":3.0333,"x":-49.26,"y":0},{"time":3.0666,"x":-47.11,"y":0},{"time":3.1,"x":-49.26,"y":0},{"time":3.1333,"x":-47.11,"y":0},{"time":3.1666,"x":-49.26,"y":0},{"time":3.2,"x":-47.11,"y":0},{"time":3.2333,"x":-49.26,"y":0},{"time":3.2666,"x":-47.11,"y":0},{"time":3.3,"x":-49.26,"y":0},{"time":3.3333,"x":-24.26,"y":3.93},{"time":3.3666,"x":-47.11,"y":0},{"time":3.6333,"x":-0.05,"y":0}]},"light_square_green":{"translate":[{"time":0,"x":0,"y":0},{"time":0.1666,"x":-4.61,"y":-2.62,"curve":"stepped"},{"time":0.4666,"x":-4.61,"y":-2.62},{"time":0.5333,"x":-45.9,"y":-59.4},{"time":0.6,"x":24.6,"y":-59.4},{"time":0.6666,"x":-4.61,"y":-2.62},{"time":0.7333,"x":-45.9,"y":-59.4},{"time":0.8,"x":24.6,"y":-59.4},{"time":0.8666,"x":-4.61,"y":-2.62},{"time":0.9333,"x":-45.9,"y":-59.4},{"time":1,"x":24.6,"y":-59.4},{"time":1.0666,"x":-4.61,"y":-2.62},{"time":1.1333,"x":-45.9,"y":-59.4},{"time":1.2,"x":24.6,"y":-59.4},{"time":1.2666,"x":-4.61,"y":-2.62},{"time":1.3333,"x":-45.9,"y":-59.4},{"time":1.4,"x":24.6,"y":-59.4},{"time":1.4666,"x":-4.61,"y":-2.62},{"time":1.5333,"x":-45.9,"y":-59.4},{"time":1.6,"x":24.6,"y":-59.4},{"time":1.6666,"x":-4.61,"y":-2.62,"curve":[0.2,0,0.962,0.13]},{"time":1.9,"x":-52.63,"y":-29.94},{"time":1.9333,"x":-47.11,"y":0},{"time":1.9666,"x":-47.11,"y":1.07},{"time":2,"x":-47.11,"y":0},{"time":2.0333,"x":-47.11,"y":1.07},{"time":2.0666,"x":-47.11,"y":0},{"time":2.1,"x":-47.11,"y":1.07},{"time":2.1333,"x":-47.11,"y":0},{"time":2.1666,"x":-47.11,"y":1.07},{"time":2.2,"x":-47.11,"y":0},{"time":2.2333,"x":-47.11,"y":1.07},{"time":2.2666,"x":-47.11,"y":0},{"time":2.3,"x":-47.11,"y":1.07},{"time":2.3333,"x":-47.11,"y":0},{"time":2.3666,"x":-47.11,"y":1.07},{"time":2.4,"x":-47.11,"y":0},{"time":2.4333,"x":-47.11,"y":1.07},{"time":2.4666,"x":-47.11,"y":0},{"time":2.5,"x":-47.11,"y":1.07},{"time":2.5333,"x":-47.11,"y":0},{"time":2.5666,"x":-47.11,"y":1.07},{"time":2.6,"x":-47.11,"y":0},{"time":2.6333,"x":-47.11,"y":1.07},{"time":2.6666,"x":-47.11,"y":0},{"time":2.7,"x":-47.11,"y":1.07},{"time":2.7333,"x":-47.11,"y":0},{"time":2.7666,"x":-47.11,"y":1.07},{"time":2.8,"x":-47.11,"y":0},{"time":2.8333,"x":-47.11,"y":1.07},{"time":2.8666,"x":-47.11,"y":0},{"time":2.9,"x":-47.11,"y":1.07},{"time":2.9333,"x":-47.11,"y":0},{"time":2.9666,"x":-47.11,"y":1.07},{"time":3,"x":-47.11,"y":0},{"time":3.0333,"x":-47.11,"y":1.07},{"time":3.0666,"x":-47.11,"y":0},{"time":3.1,"x":-47.11,"y":1.07},{"time":3.1333,"x":-47.11,"y":0},{"time":3.1666,"x":-47.11,"y":1.07},{"time":3.2,"x":-47.11,"y":0},{"time":3.2333,"x":-47.11,"y":1.07},{"time":3.2666,"x":-47.11,"y":0},{"time":3.3,"x":-47.11,"y":1.07},{"time":3.3333,"x":-52.63,"y":-29.94},{"time":3.3666,"x":-47.11,"y":0},{"time":3.6333,"x":-0.76,"y":-0.4}]},"light_square_red":{"translate":[{"time":0,"x":-44.26,"y":50.77},{"time":0.0666,"x":-78.64,"y":71.35},{"time":0.1666,"x":-85.93,"y":70.97,"curve":"stepped"},{"time":0.4666,"x":-85.93,"y":70.97},{"time":0.5333,"x":-115.16,"y":126.39},{"time":0.6,"x":-156.48,"y":69.76},{"time":0.6666,"x":-85.93,"y":70.97},{"time":0.7333,"x":-115.16,"y":126.39},{"time":0.8,"x":-156.48,"y":69.76},{"time":0.8666,"x":-85.93,"y":70.97},{"time":0.9333,"x":-115.16,"y":126.39},{"time":1,"x":-156.48,"y":69.76},{"time":1.0666,"x":-85.93,"y":70.97},{"time":1.1333,"x":-115.16,"y":126.39},{"time":1.2,"x":-156.48,"y":69.76},{"time":1.2666,"x":-85.93,"y":70.97},{"time":1.3333,"x":-115.16,"y":126.39},{"time":1.4,"x":-156.48,"y":69.76},{"time":1.4666,"x":-85.93,"y":70.97},{"time":1.5333,"x":-115.16,"y":126.39},{"time":1.6,"x":-156.48,"y":69.76},{"time":1.6666,"x":-85.93,"y":70.97,"curve":[0.2,0,0.962,0.13]},{"time":1.9,"x":-142.56,"y":74.73},{"time":1.9333,"x":-116.55,"y":73.15},{"time":1.9666,"x":-114.95,"y":73.15},{"time":2,"x":-116.55,"y":73.15},{"time":2.0333,"x":-114.95,"y":73.15},{"time":2.0666,"x":-116.55,"y":73.15},{"time":2.1,"x":-114.95,"y":73.15},{"time":2.1333,"x":-116.55,"y":73.15},{"time":2.1666,"x":-114.95,"y":73.15},{"time":2.2,"x":-116.55,"y":73.15},{"time":2.2333,"x":-114.95,"y":73.15},{"time":2.2666,"x":-116.55,"y":73.15},{"time":2.3,"x":-114.95,"y":73.15},{"time":2.3333,"x":-116.55,"y":73.15},{"time":2.3666,"x":-114.95,"y":73.15},{"time":2.4,"x":-116.55,"y":73.15},{"time":2.4333,"x":-114.95,"y":73.15},{"time":2.4666,"x":-116.55,"y":73.15},{"time":2.5,"x":-114.95,"y":73.15},{"time":2.5333,"x":-116.55,"y":73.15},{"time":2.5666,"x":-114.95,"y":73.15},{"time":2.6,"x":-116.55,"y":73.15},{"time":2.6333,"x":-114.95,"y":73.15},{"time":2.6666,"x":-116.55,"y":73.15},{"time":2.7,"x":-114.95,"y":73.15},{"time":2.7333,"x":-116.55,"y":73.15},{"time":2.7666,"x":-114.95,"y":73.15},{"time":2.8,"x":-116.55,"y":73.15},{"time":2.8333,"x":-114.95,"y":73.15},{"time":2.8666,"x":-116.55,"y":73.15},{"time":2.9,"x":-114.95,"y":73.15},{"time":2.9333,"x":-116.55,"y":73.15},{"time":2.9666,"x":-114.95,"y":73.15},{"time":3,"x":-116.55,"y":73.15},{"time":3.0333,"x":-114.95,"y":73.15},{"time":3.0666,"x":-116.55,"y":73.15},{"time":3.1,"x":-114.95,"y":73.15},{"time":3.1333,"x":-116.55,"y":73.15},{"time":3.1666,"x":-114.95,"y":73.15},{"time":3.2,"x":-116.55,"y":73.15},{"time":3.2333,"x":-114.95,"y":73.15},{"time":3.2666,"x":-116.55,"y":73.15},{"time":3.3,"x":-114.95,"y":73.15},{"time":3.3333,"x":-142.56,"y":74.73},{"time":3.3666,"x":-116.55,"y":73.15},{"time":3.6333,"x":0.48,"y":0.26}]},"square_root":{"translate":[{"time":0,"x":0,"y":-29.13},{"time":0.1666,"x":-30.52,"y":-14.01,"curve":"stepped"},{"time":3.3333,"x":-30.52,"y":-14.01},{"time":3.5,"x":0,"y":-29.13}]},"EF_aura_charge1":{"translate":[{"time":0.1666,"x":-111.97,"y":68.62}]},"EF_flare1_1":{"rotate":[{"time":0.1666,"angle":13.2}],"translate":[{"time":0.1666,"x":-39.05,"y":84.6,"curve":"stepped"},{"time":1.8333,"x":-8.83,"y":99.31}],"scale":[{"time":1.8333,"x":2,"y":2}]},"EF_flare1_2":{"rotate":[{"time":0.1666,"angle":13.25}],"translate":[{"time":0.1666,"x":0.16,"y":94.53,"curve":"stepped"},{"time":1.8333,"x":30.52,"y":108.62}],"scale":[{"time":0.1666,"x":-1,"y":1,"curve":"stepped"},{"time":1.8333,"x":-2,"y":2}]},"EF_wave1_3":{"translate":[{"time":1.9333,"x":30.42,"y":0}],"scale":[{"time":0.3333,"x":3,"y":3}]},"EF_wave1_1":{"translate":[{"time":1.9333,"x":30.42,"y":0}],"scale":[{"time":0,"x":3,"y":3}]},"EF_wave1_2":{"translate":[{"time":1.9333,"x":30.42,"y":0}],"scale":[{"time":0.1666,"x":3,"y":3}]},"DAMAGEAREA":{"translate":[{"time":1.9666,"x":-518.12,"y":125.44},{"time":2.1666,"x":-518.12,"y":368.62}],"scale":[{"time":1.9666,"x":2.113,"y":1.908},{"time":2.1666,"x":3.459,"y":6.002}]}},"events":[{"time":0,"name":"Event","float":0.1,"string":"kHitStopType_enemyonly"},{"time":0,"name":"Sound1","string":"cri_se_battle_charge_04"},{"time":0.1666,"name":"Voice","string":"cri_164_voice_fullarts_now"},{"time":1.6333,"name":"Event","string":"shakeGround"},{"time":1.9666,"name":"Event","string":"shakeGround"},{"time":1.9666,"name":"Sound1","string":"cri_se_battle_skill_reaper"},{"time":1.9666,"name":"Sound2","string":"setHitSound(se_battle_explosion_short)"},{"time":1.9666,"name":"Voice","string":"cri_164_voice_fullarts_rank5"},{"time":2.0333,"name":"Hit","string":"resetHitList"},{"time":2.1,"name":"Event","string":"shakeGround"},{"time":2.1,"name":"Hit","string":"resetHitList"},{"time":2.1666,"name":"Hit","string":"resetHitList"},{"time":2.2333,"name":"Hit","string":"resetHitList"},{"time":2.3,"name":"Hit","string":"resetHitList"},{"time":2.3666,"name":"Hit","string":"resetHitList"},{"time":2.3666,"name":"Sound1","string":"cri_se_battle_skill_elxplosion"},{"time":2.4333,"name":"Event","string":"shakeGround"},{"time":2.4333,"name":"Hit","string":"resetHitList"},{"time":2.5,"name":"Hit","string":"resetHitList"},{"time":2.5666,"name":"Event","string":"shakeGround"},{"time":2.5666,"name":"Hit","string":"resetHitList"},{"time":2.6333,"name":"Hit","string":"resetHitList"},{"time":2.7,"name":"Hit","string":"resetHitList"},{"time":2.7666,"name":"Hit","string":"resetHitList"},{"time":2.8333,"name":"Hit","string":"resetHitList"},{"time":2.9,"name":"Hit","string":"resetHitList"},{"time":2.9666,"name":"Hit","string":"resetHitList"},{"time":3.0333,"name":"Event","string":"shakeGround"},{"time":3.0333,"name":"Hit","string":"resetHitList"},{"time":3.1,"name":"Hit","string":"resetHitList"},{"time":3.1666,"name":"Hit","string":"resetHitList"},{"time":3.2333,"name":"Event","string":"shakeGround"},{"time":3.2333,"name":"Hit","string":"resetHitList"},{"time":3.3,"name":"Hit","string":"resetHitList"},{"time":3.3666,"name":"Hit","string":"resetHitList"},{"time":3.4333,"name":"Hit","string":"resetHitList"},{"time":3.5,"name":"Hit","string":"resetHitList"}]},"skill3":{"slots":{"EF/5100_S2_magic1d":{"attachment":[{"time":0,"name":"EF/5100_S2_magic1d"}],"color":[{"time":1.8333,"color":"ffffffff"},{"time":2,"color":"ffffff00"}]},"EF/5100_S2_magic1d2":{"attachment":[{"time":0,"name":"EF/5100_S2_magic1d"}],"color":[{"time":0.1666,"color":"ffffffff"},{"time":0.5,"color":"ffffff00","curve":"stepped"},{"time":1.8333,"color":"ffffffff"},{"time":2.1666,"color":"ffffff00"}]},"EF/magic_4light":{"attachment":[{"time":0,"name":"EF/magic_4light"}],"color":[{"time":1.8333,"color":"ffffffff"},{"time":2,"color":"ffffff00"}]},"EF/magic_4light2":{"attachment":[{"time":0,"name":"EF/magic_4light"}],"color":[{"time":0.1666,"color":"ffffffff"},{"time":0.5,"color":"ffffff00","curve":"stepped"},{"time":1.8333,"color":"ffffffff"},{"time":2.1666,"color":"ffffff00"}]},"EF_blue_sphire_00":{"attachment":[{"time":0.6,"name":"EF/S2_sphire1_00001/900_S2_sphire1_blue"},{"time":1.4,"name":null}],"color":[{"time":0.6,"color":"ffffff00"},{"time":0.9,"color":"ffffffff"}]},"EF_green_sphire_00":{"attachment":[{"time":0.6,"name":"EF/S2_sphire1_00001/900_S2_sphire1_green"},{"time":1.4,"name":null}],"color":[{"time":0.6,"color":"ffffff00"},{"time":0.9,"color":"ffffffff"}]},"EF_red_sphire_00":{"attachment":[{"time":0.6,"name":"EF/S2_sphire1_00001/900_S2_sphire1_red"},{"time":1.4,"name":null}],"color":[{"time":0.6,"color":"ffffff00"},{"time":0.9,"color":"ffffffff"}]},"EF_wave2_1":{"attachment":[{"time":0,"name":"EF/550_S1_wave1/550_S1_wave1_00040"},{"time":0.0666,"name":"EF/550_S1_wave1/550_S1_wave1_00042"},{"time":0.1333,"name":"EF/550_S1_wave1/550_S1_wave1_00044"},{"time":0.2,"name":"EF/550_S1_wave1/550_S1_wave1_00046"},{"time":0.2666,"name":"EF/550_S1_wave1/550_S1_wave1_00048"},{"time":0.3333,"name":"EF/550_S1_wave1/550_S1_wave1_00050"},{"time":0.4,"name":"EF/550_S1_wave1/550_S1_wave1_00040"},{"time":0.4666,"name":"EF/550_S1_wave1/550_S1_wave1_00042"},{"time":0.5333,"name":"EF/550_S1_wave1/550_S1_wave1_00044"},{"time":0.6,"name":"EF/550_S1_wave1/550_S1_wave1_00046"},{"time":0.6666,"name":"EF/550_S1_wave1/550_S1_wave1_00048"},{"time":0.7333,"name":"EF/550_S1_wave1/550_S1_wave1_00050"},{"time":0.8,"name":"EF/550_S1_wave1/550_S1_wave1_00040"},{"time":0.8666,"name":"EF/550_S1_wave1/550_S1_wave1_00042"},{"time":0.9333,"name":"EF/550_S1_wave1/550_S1_wave1_00044"},{"time":1,"name":"EF/550_S1_wave1/550_S1_wave1_00046"},{"time":1.0666,"name":"EF/550_S1_wave1/550_S1_wave1_00048"},{"time":1.1333,"name":"EF/550_S1_wave1/550_S1_wave1_00050"},{"time":1.2,"name":"EF/550_S1_wave1/550_S1_wave1_00040"},{"time":1.2666,"name":"EF/550_S1_wave1/550_S1_wave1_00042"},{"time":1.3333,"name":"EF/550_S1_wave1/550_S1_wave1_00044"},{"time":1.4,"name":"EF/550_S1_wave1/550_S1_wave1_00046"},{"time":1.4666,"name":"EF/550_S1_wave1/550_S1_wave1_00048"},{"time":1.5333,"name":"EF/550_S1_wave1/550_S1_wave1_00050"},{"time":1.6,"name":"EF/550_S1_wave1/550_S1_wave1_00040"},{"time":1.6666,"name":"EF/550_S1_wave1/550_S1_wave1_00042"},{"time":1.7333,"name":"EF/550_S1_wave1/550_S1_wave1_00044"},{"time":1.8,"name":"EF/550_S1_wave1/550_S1_wave1_00046"},{"time":1.8666,"name":"EF/550_S1_wave1/550_S1_wave1_00048"},{"time":1.9333,"name":"EF/550_S1_wave1/550_S1_wave1_00050"},{"time":2,"name":null}]},"MAIN":{"attachment":[{"time":0,"name":"skill3_00"},{"time":0.0666,"name":"skill3_01"},{"time":0.1333,"name":"skill3_00"},{"time":0.2,"name":"skill3_01"},{"time":0.2666,"name":"skill3_00"},{"time":0.3333,"name":"skill3_01"},{"time":0.4,"name":"skill3_00"},{"time":0.4666,"name":"skill3_01"},{"time":0.5333,"name":"skill3_00"},{"time":0.6,"name":"skill3_01"},{"time":0.6666,"name":"skill3_00"},{"time":0.7333,"name":"skill3_01"},{"time":0.8,"name":"skill3_00"},{"time":0.8666,"name":"skill3_01"},{"time":0.9333,"name":"skill3_00"},{"time":1,"name":"skill3_01"},{"time":1.0666,"name":"skill3_00"},{"time":1.1333,"name":"skill3_01"},{"time":1.2,"name":"skill3_00"},{"time":1.2666,"name":"skill3_01"},{"time":1.3333,"name":"skill3_00"},{"time":1.4,"name":"skill3_01"},{"time":1.4666,"name":"skill3_00"},{"time":1.5333,"name":"skill3_01"},{"time":1.6,"name":"skill3_00"},{"time":1.6666,"name":"skill3_01"},{"time":1.7333,"name":"skill3_00"},{"time":1.8,"name":"skill3_01"},{"time":1.9333,"name":"skill3_02"},{"time":2,"name":"skill3_03"},{"time":2.0666,"name":"skill3_02"},{"time":2.1333,"name":"skill3_03"},{"time":2.2,"name":"skill3_02"},{"time":2.2666,"name":"skill3_03"},{"time":2.3333,"name":"skill3_02"},{"time":2.4,"name":"skill3_03"},{"time":2.4666,"name":"skill3_02"},{"time":2.5333,"name":"skill3_03"},{"time":2.6,"name":"skill3_02"},{"time":2.6666,"name":"skill3_03"},{"time":2.7333,"name":"skill3_02"},{"time":2.8,"name":"skill3_03"},{"time":2.8666,"name":"skill3_02"},{"time":2.9333,"name":"skill3_03"},{"time":3,"name":"skill3_02"},{"time":3.0666,"name":"skill3_03"},{"time":3.1333,"name":"skill3_02"},{"time":3.2,"name":"skill3_03"},{"time":3.2666,"name":"skill3_02"},{"time":3.3333,"name":"skill3_03"},{"time":3.4,"name":"skill3_02"},{"time":3.4666,"name":"skill3_03"},{"time":3.5333,"name":"skill3_02"},{"time":3.6,"name":"skill3_03"},{"time":3.6666,"name":"skill3_02"},{"time":3.7333,"name":"skill3_03"},{"time":3.8,"name":"skill3_02"},{"time":3.8666,"name":"skill3_03"},{"time":3.9333,"name":"skill3_02"},{"time":4,"name":"skill3_03"},{"time":4.0666,"name":"skill3_02"},{"time":4.1333,"name":"skill3_03"},{"time":4.2,"name":"skill3_02"},{"time":4.2666,"name":"skill3_03"},{"time":4.3333,"name":"skill3_02"},{"time":4.4,"name":"skill3_03"},{"time":4.4666,"name":"skill3_02"},{"time":4.5333,"name":"skill3_03"},{"time":4.6,"name":"skill3_02"},{"time":4.6666,"name":"skill3_03"},{"time":4.7333,"name":"skill3_02"},{"time":4.8,"name":"skill3_03"},{"time":4.8666,"name":"skill3_02"},{"time":4.9333,"name":"skill3_03"},{"time":5,"name":"skill3_02"},{"time":5.0666,"name":"skill3_03"},{"time":5.1333,"name":"skill3_02"},{"time":5.2,"name":"skill3_03"},{"time":5.2666,"name":"skill3_02"},{"time":5.3333,"name":"skill3_03"},{"time":5.4,"name":"skill3_02"},{"time":5.4666,"name":"skill3_03"},{"time":5.5333,"name":"skill3_02"},{"time":5.6,"name":"skill3_03"},{"time":5.6666,"name":"skill3_02"},{"time":5.7333,"name":"skill3_03"},{"time":5.8,"name":"skill3_02"},{"time":5.8666,"name":"skill3_03"},{"time":5.9333,"name":"skill3_02"},{"time":6,"name":"idle_00"}]},"light_bulb_00":{"attachment":[{"time":0,"name":"light_bulb"},{"time":6,"name":null}],"color":[{"time":0.1666,"color":"ffffffff"},{"time":0.5,"color":"ffffff00","curve":"stepped"},{"time":5,"color":"ffffff00"},{"time":6,"color":"ffffffff"}]},"light_bulb_01":{"attachment":[{"time":0,"name":"light_bulb"},{"time":6,"name":null}],"color":[{"time":0.1666,"color":"ffffffff"},{"time":0.5,"color":"ffffff00","curve":"stepped"},{"time":5,"color":"ffffff00"},{"time":6,"color":"ffffffff"}]},"light_bulb_02":{"attachment":[{"time":0,"name":"light_bulb"},{"time":6,"name":null}],"color":[{"time":0.1666,"color":"ffffffff"},{"time":0.5,"color":"ffffff00","curve":"stepped"},{"time":5,"color":"ffffff00"},{"time":6,"color":"ffffffff"}]},"light_square_blue_00":{"attachment":[{"time":0,"name":"light_square_blue_00"},{"time":0.0333,"name":"light_square_blue_01"},{"time":0.0666,"name":"light_square_blue_00"},{"time":0.1,"name":"light_square_blue_01"},{"time":0.1333,"name":"light_square_blue_00"},{"time":0.1666,"name":"light_square_blue_01"},{"time":0.2,"name":"light_square_blue_00"},{"time":0.2333,"name":"light_square_blue_01"},{"time":0.2666,"name":"light_square_blue_00"},{"time":0.3,"name":"light_square_blue_01"},{"time":0.3333,"name":"light_square_blue_00"},{"time":0.3666,"name":"light_square_blue_01"},{"time":0.4,"name":"light_square_blue_00"},{"time":0.4333,"name":"light_square_blue_01"},{"time":0.4666,"name":"light_square_blue_00"},{"time":0.5,"name":"light_square_blue_01"},{"time":0.5333,"name":"light_square_blue_00"},{"time":0.5666,"name":"light_square_blue_01"},{"time":0.6,"name":"light_square_blue_00"},{"time":0.6333,"name":"light_square_blue_01"},{"time":0.6666,"name":"light_square_blue_00"},{"time":0.7,"name":"light_square_blue_01"},{"time":0.7333,"name":"light_square_blue_00"},{"time":0.7666,"name":"light_square_blue_01"},{"time":0.8,"name":"light_square_blue_00"},{"time":0.8333,"name":"light_square_blue_01"},{"time":0.8666,"name":null},{"time":6,"name":null}],"color":[{"time":0.5666,"color":"ffffffff"},{"time":0.6666,"color":"ffffff00","curve":"stepped"},{"time":5.6,"color":"ffffff00"},{"time":5.7666,"color":"ffffffff"}]},"light_square_green_00":{"attachment":[{"time":0,"name":"light_square_green_00"},{"time":0.0333,"name":"light_square_green_01"},{"time":0.0666,"name":"light_square_green_00"},{"time":0.1,"name":"light_square_green_01"},{"time":0.1333,"name":"light_square_green_00"},{"time":0.1666,"name":"light_square_green_01"},{"time":0.2,"name":"light_square_green_00"},{"time":0.2333,"name":"light_square_green_01"},{"time":0.2666,"name":"light_square_green_00"},{"time":0.3,"name":"light_square_green_01"},{"time":0.3333,"name":"light_square_green_00"},{"time":0.3666,"name":"light_square_green_01"},{"time":0.4,"name":"light_square_green_00"},{"time":0.4333,"name":"light_square_green_01"},{"time":0.4666,"name":"light_square_green_00"},{"time":0.5,"name":"light_square_green_01"},{"time":0.5333,"name":"light_square_green_00"},{"time":0.5666,"name":"light_square_green_01"},{"time":0.6,"name":"light_square_green_00"},{"time":0.6333,"name":"light_square_green_01"},{"time":0.6666,"name":"light_square_green_00"},{"time":0.7,"name":"light_square_green_01"},{"time":0.7333,"name":"light_square_green_00"},{"time":0.7666,"name":"light_square_green_01"},{"time":0.8,"name":"light_square_green_00"},{"time":0.8333,"name":"light_square_green_01"},{"time":0.8666,"name":null},{"time":6,"name":null}],"color":[{"time":0.5666,"color":"ffffffff"},{"time":0.6666,"color":"ffffff00","curve":"stepped"},{"time":5.6,"color":"ffffff00"},{"time":5.7666,"color":"ffffffff"}]},"light_square_rainbow_00":{"attachment":[{"time":1.3333,"name":"EF/ef_ob_rainbow_main/ef_ob_rainbow_main_00001"},{"time":2.1666,"name":null}]},"light_square_rainbow_01":{"attachment":[{"time":1.3333,"name":"EF/ef_ob_rainbow_main/ef_ob_rainbow_main_00001"},{"time":2.1666,"name":null}]},"light_square_rainbow_02":{"attachment":[{"time":1.3333,"name":"EF/ef_ob_rainbow_main/ef_ob_rainbow_main_00001"},{"time":2.1666,"name":null}]},"light_square_red_00":{"attachment":[{"time":0,"name":"light_square_red_00"},{"time":0.0333,"name":"light_square_red_01"},{"time":0.0666,"name":"light_square_red_00"},{"time":0.1,"name":"light_square_red_01"},{"time":0.1333,"name":"light_square_red_00"},{"time":0.1666,"name":"light_square_red_01"},{"time":0.2,"name":"light_square_red_00"},{"time":0.2333,"name":"light_square_red_01"},{"time":0.2666,"name":"light_square_red_00"},{"time":0.3,"name":"light_square_red_01"},{"time":0.3333,"name":"light_square_red_00"},{"time":0.3666,"name":"light_square_red_01"},{"time":0.4,"name":"light_square_red_00"},{"time":0.4333,"name":"light_square_red_01"},{"time":0.4666,"name":"light_square_red_00"},{"time":0.5,"name":"light_square_red_01"},{"time":0.5333,"name":"light_square_red_00"},{"time":0.5666,"name":"light_square_red_01"},{"time":0.6,"name":"light_square_red_00"},{"time":0.6333,"name":"light_square_red_01"},{"time":0.6666,"name":"light_square_red_00"},{"time":0.7,"name":"light_square_red_01"},{"time":0.7333,"name":"light_square_red_00"},{"time":0.7666,"name":"light_square_red_01"},{"time":0.8,"name":"light_square_red_00"},{"time":0.8333,"name":"light_square_red_01"},{"time":0.8666,"name":null},{"time":6,"name":null}],"color":[{"time":0.5666,"color":"ffffffff"},{"time":0.6666,"color":"ffffff00","curve":"stepped"},{"time":5.6,"color":"ffffff00"},{"time":5.7666,"color":"ffffffff"}]}},"bones":{"MAIN":{"translate":[{"time":1.8,"x":0,"y":0,"curve":"stepped"},{"time":1.9333,"x":0,"y":0,"curve":[0.111,0.78,0.75,1]},{"time":2.2333,"x":0,"y":2},{"time":3.5333,"x":0,"y":3,"curve":"stepped"},{"time":6,"x":0,"y":0}]},"light_bulb_00":{"translate":[{"time":0,"x":4.22,"y":3.99,"curve":[0.082,0.33,0.75,1]},{"time":0.3333,"x":4.22,"y":39.2,"curve":"stepped"},{"time":5,"x":-0.47,"y":-99.35,"curve":[0.166,0.61,0.75,1]},{"time":5.8,"x":-0.47,"y":-0.23}]},"light_bulb_01":{"translate":[{"time":0,"x":4.24,"y":-3.53,"curve":[0.082,0.33,0.75,1]},{"time":0.3333,"x":4.24,"y":31.66,"curve":"stepped"},{"time":5,"x":0.01,"y":-98.42,"curve":[0.166,0.61,0.75,1]},{"time":5.8,"x":0.01,"y":0.69}]},"light_bulb_02":{"translate":[{"time":0,"x":-7.43,"y":-2.47,"curve":[0.082,0.33,0.75,1]},{"time":0.3333,"x":-7.43,"y":32.73,"curve":"stepped"},{"time":5,"x":-0.38,"y":-99.71,"curve":[0.166,0.61,0.75,1]},{"time":5.8,"x":-0.38,"y":-0.59}]},"light_square_blue":{"translate":[{"time":0,"x":-20.62,"y":22.87},{"time":0.1,"x":179.37,"y":22.87},{"time":0.2,"x":79.37,"y":-12.12},{"time":0.3,"x":-20.62,"y":22.87},{"time":0.4,"x":179.37,"y":22.87},{"time":0.5,"x":79.37,"y":-12.12},{"time":0.6,"x":-20.62,"y":22.87},{"time":0.7,"x":179.37,"y":22.87},{"time":0.8,"x":79.37,"y":-12.12},{"time":0.9,"x":-20.62,"y":22.87},{"time":1,"x":179.37,"y":22.87},{"time":1.1,"x":79.37,"y":-12.12},{"time":1.2,"x":-20.62,"y":22.87},{"time":1.3,"x":179.37,"y":22.87},{"time":1.4,"x":79.37,"y":-12.12},{"time":1.5,"x":-20.62,"y":22.87},{"time":1.6,"x":179.37,"y":22.87},{"time":1.7,"x":79.37,"y":-12.12},{"time":1.8,"x":-20.62,"y":22.87},{"time":1.9,"x":179.37,"y":22.87},{"time":2,"x":79.37,"y":-12.12},{"time":2.1,"x":-20.62,"y":22.87,"curve":"stepped"},{"time":5.6,"x":-0.19,"y":254.26},{"time":6,"x":-0.19,"y":0}]},"light_square_green":{"translate":[{"time":0,"x":36.42,"y":-74.49},{"time":0.1,"x":-63.57,"y":-39.49},{"time":0.2,"x":136.42,"y":-39.49},{"time":0.3,"x":36.42,"y":-74.49},{"time":0.4,"x":-63.57,"y":-39.49},{"time":0.5,"x":136.42,"y":-39.49},{"time":0.6,"x":36.42,"y":-74.49},{"time":0.7,"x":-63.57,"y":-39.49},{"time":0.8,"x":136.42,"y":-39.49},{"time":0.9,"x":36.42,"y":-74.49},{"time":1,"x":-63.57,"y":-39.49},{"time":1.1,"x":136.42,"y":-39.49},{"time":1.2,"x":36.42,"y":-74.49},{"time":1.3,"x":-63.57,"y":-39.49},{"time":1.4,"x":136.42,"y":-39.49},{"time":1.5,"x":36.42,"y":-74.49},{"time":1.6,"x":-63.57,"y":-39.49},{"time":1.7,"x":136.42,"y":-39.49},{"time":1.8,"x":36.42,"y":-74.49},{"time":1.9,"x":-63.57,"y":-39.49},{"time":2,"x":136.42,"y":-39.49},{"time":2.1,"x":36.42,"y":-74.49,"curve":"stepped"},{"time":5.6,"x":-0.17,"y":253.68},{"time":6,"x":-0.17,"y":-0.58}]},"light_square_red":{"translate":[{"time":0,"x":26.51,"y":89.84},{"time":0.1,"x":-73.48,"y":54.84},{"time":0.2,"x":-173.48,"y":89.84},{"time":0.3,"x":26.51,"y":89.84},{"time":0.4,"x":-73.48,"y":54.84},{"time":0.5,"x":-173.48,"y":89.84},{"time":0.6,"x":26.51,"y":89.84},{"time":0.7,"x":-73.48,"y":54.84},{"time":0.8,"x":-173.48,"y":89.84},{"time":0.9,"x":26.51,"y":89.84},{"time":1,"x":-73.48,"y":54.84},{"time":1.1,"x":-173.48,"y":89.84},{"time":1.2,"x":26.51,"y":89.84},{"time":1.3,"x":-73.48,"y":54.84},{"time":1.4,"x":-173.48,"y":89.84},{"time":1.5,"x":26.51,"y":89.84},{"time":1.6,"x":-73.48,"y":54.84},{"time":1.7,"x":-173.48,"y":89.84},{"time":1.8,"x":26.51,"y":89.84},{"time":1.9,"x":-73.48,"y":54.84},{"time":2,"x":-173.48,"y":89.84},{"time":2.1,"x":26.51,"y":89.84,"curve":"stepped"},{"time":5.6,"x":0.12,"y":254.16},{"time":6,"x":0.12,"y":-0.1}]},"square_root":{"translate":[{"time":0,"x":0,"y":0,"curve":"stepped"},{"time":1.9333,"x":0,"y":0,"curve":[0.104,0.52,0.75,1]},{"time":2.2666,"x":0,"y":736.71}]},"EF_magic1":{"scale":[{"time":0,"x":0.049,"y":0.049},{"time":0.1666,"x":1,"y":0.833}]},"EF_magic3":{"scale":[{"time":0,"x":0.049,"y":0.049,"curve":[0.208,0.53,0.75,1]},{"time":0.5,"x":2.25,"y":1.666,"curve":"stepped"},{"time":1.8333,"x":1,"y":0.833,"curve":[0.196,0.57,0.75,1]},{"time":2.1666,"x":1.961,"y":1.634}]},"EF_wave2_1":{"translate":[{"time":0,"x":0,"y":85.08}],"scale":[{"time":0,"x":1.5,"y":1.5}]}},"ffd":{"default":{"EF/5100_S2_magic1d":{"EF/5100_S2_magic1d":[{"time":0},{"time":2,"vertices":[-5.64235,-5.30822,-5.30826,5.64234,5.64235,5.30822,5.30826,-5.64234]}]},"EF/magic_4light":{"EF/magic_4light":[{"time":0},{"time":2,"vertices":[13.48339,16.51326,16.51327,-13.48339,-13.48339,-16.51326,-16.51327,13.48339]}]}}},"drawOrder":[{"time":0.0333,"offsets":[{"slot":"light_square_blue_00","offset":-4}]},{"time":0.1333,"offsets":[{"slot":"light_square_blue_00","offset":-2},{"slot":"light_square_green_00","offset":-5}]},{"time":0.2333,"offsets":[{"slot":"light_square_blue_00","offset":-1},{"slot":"light_square_green_00","offset":-3},{"slot":"light_square_red_00","offset":-6}]}],"events":[{"time":0,"name":"Sound1","string":"cri_se_scenario_fetters_magic"},{"time":0,"name":"Voice","string":"cri_164_voice_fullarts_now"},{"time":0.6,"name":"Sound1","string":"cri_se_scenario_no2_magic"},{"time":1.8333,"name":"Voice","string":"cri_164_voice_fullarts_rank6"},{"time":1.9,"name":"Sound1","string":"cri_se_battle_arrow_light_effect"}]}}}