{"skeleton":{"hash":"kRox6GEMLsxYjA0tP4R2SHukAmc","spine":"3.0.12","width":0,"height":0,"images":"./images/"},"bones":[{"name":"root"},{"name":"MAIN","parent":"root","y":101.94}],"slots":[{"name":"MAIN2","bone":"MAIN","attachment":"idle_Naga_00"},{"name":"MAIN","bone":"MAIN","attachment":"idle_Rem_00"}],"skins":{"default":{"MAIN":{"idle_Rem_00":{"y":-15.98,"width":500,"height":500},"idle_Rem_01":{"y":-16,"width":500,"height":500},"idle_Rem_02":{"y":-16,"width":500,"height":500},"idle_Rem_03":{"y":-16,"width":500,"height":500},"idle_Rem_04":{"y":-16,"width":500,"height":500}},"MAIN2":{"idle_Naga_00":{"y":6.09,"width":500,"height":500},"idle_Naga_01":{"y":6.09,"width":500,"height":500},"idle_Naga_02":{"y":6.09,"width":500,"height":500},"idle_Naga_03":{"y":6.09,"width":500,"height":500},"idle_Naga_04":{"y":6.09,"width":500,"height":500}}}},"events":{"Event":{},"Hit":{},"Sound1":{},"Voice":{}},"animations":{"idle":{"slots":{"MAIN":{"attachment":[{"time":0,"name":"idle_Rem_00"},{"time":0.2,"name":"idle_Rem_01"},{"time":0.4,"name":"idle_Rem_02"},{"time":0.6,"name":"idle_Rem_03"},{"time":0.8,"name":"idle_Rem_04"},{"time":1,"name":"idle_Rem_00"},{"time":1.2,"name":"idle_Rem_01"},{"time":1.4,"name":"idle_Rem_02"},{"time":1.6,"name":"idle_Rem_03"},{"time":1.8,"name":"idle_Rem_04"},{"time":2,"name":"idle_Rem_00"}]},"MAIN2":{"attachment":[{"time":0,"name":"idle_Naga_00"},{"time":0.2,"name":"idle_Naga_01"},{"time":0.4,"name":"idle_Naga_02"},{"time":0.6,"name":"idle_Naga_03"},{"time":0.8,"name":"idle_Naga_04"},{"time":1,"name":"idle_Naga_00"},{"time":1.2,"name":"idle_Naga_01"},{"time":1.4,"name":"idle_Naga_02"},{"time":1.6,"name":"idle_Naga_03"},{"time":1.8,"name":"idle_Naga_04"},{"time":2,"name":"idle_Naga_00"}]}},"bones":{"MAIN":{"translate":[{"time":0,"x":0,"y":0},{"time":1,"x":0,"y":-5},{"time":2,"x":0,"y":0}]}}}}}