{"skeleton":{"hash":"1EhPlc8WuavcYT9XX29RuR9PGDk","spine":"3.0.12","width":0,"height":0,"images":"./images/"},"bones":[{"name":"root"},{"name":"grid","parent":"root","x":-159.07},{"name":"MAIN","parent":"root","y":50,"color":"ff0019ff"},{"name":"SHADOW-OFFSET","parent":"MAIN","y":-50},{"name":"HPBAR","parent":"MAIN","y":85,"color":"ff0019ff"},{"name":"HITBOX","parent":"MAIN","y":-50},{"name":"EF","parent":"root"},{"name":"magic_2water","parent":"EF","x":1035.15,"y":-5.73,"scaleX":1.1,"scaleY":1.1},{"name":"combo_16_ef2_1","parent":"EF","x":1214.07,"y":559.53,"rotation":23.1},{"name":"S1_wave1_4","parent":"EF","x":1135.8,"y":236.5,"scaleX":1.1,"scaleY":1.1},{"name":"S1_wave1_3","parent":"EF","x":977.95,"y":236.5,"scaleX":1.1,"scaleY":1.1},{"name":"S1_wave1_2","parent":"EF","x":831.88,"y":236.5,"scaleX":1.1,"scaleY":1.1},{"name":"S1_wave1_1","parent":"EF","x":686.98,"y":236.5,"scaleX":1.1,"scaleY":1.1},{"name":"DAMAGEAREA","parent":"root"},{"name":"up_EF","parent":"root","x":1428.74,"y":502.56}],"slots":[{"name":"grid/bg","bone":"grid"},{"name":"grid/grid","bone":"grid","color":"ffffff53"},{"name":"magic_2water","bone":"magic_2water","blend":"additive"},{"name":"S1_wave1_1","bone":"S1_wave1_1","blend":"additive"},{"name":"S1_wave1_2","bone":"S1_wave1_2","blend":"additive"},{"name":"S1_wave1_3","bone":"S1_wave1_3","blend":"additive"},{"name":"S1_wave1_4","bone":"S1_wave1_4","blend":"additive"},{"name":"EF/sord/10000-combo_16_ef2_1B","bone":"combo_16_ef2_1","color":"0064ffff","blend":"additive"},{"name":"EF/sord/10000-combo_16_ef2_1F","bone":"combo_16_ef2_1","color":"0064ffff","blend":"additive"},{"name":"up_EF","bone":"up_EF","color":"0064ffff","blend":"additive"},{"name":"MAIN","bone":"MAIN","attachment":"idle_00"},{"name":"DAMAGEAREA","bone":"DAMAGEAREA"},{"name":"HITBOX","bone":"HITBOX","attachment":"HITBOX"}],"skins":{"default":{"DAMAGEAREA":{"DAMAGEAREA":{"type":"boundingbox","vertices":[-101.5237,-98.41956,96.73419,-98.41956,98.81023,96.72437,-101.5237,97.76234,0,0,0,0,0,0,0,0]}},"EF/sord/10000-combo_16_ef2_1B":{"EF/sord/10000-combo_16_ef2_1B":{"x":21.22,"y":17.21,"rotation":236.97,"width":412,"height":342}},"EF/sord/10000-combo_16_ef2_1F":{"EF/sord/10000-combo_16_ef2_1F":{"x":21.22,"y":17.21,"rotation":236.97,"width":412,"height":342}},"HITBOX":{"HITBOX":{"type":"boundingbox","vertices":[-29.90168,4.34239,44.83421,4.34236,42.75827,97.76234,-27.82573,98.80037,0,0,0,0,0,0,0,0]}},"MAIN":{"attack1_00":{"x":29.77,"y":2.77,"width":376,"height":340},"attack1_01":{"x":29.77,"y":2.77,"width":376,"height":340},"attack1_02":{"x":-7.49,"y":10.77,"width":535,"height":530},"attack1_03":{"x":-7.49,"y":10.77,"width":535,"height":530},"attack1_04":{"x":-7.49,"y":10.77,"width":535,"height":530},"attack1_05":{"x":-7.49,"y":10.77,"width":535,"height":530},"back_00":{"x":-33.91,"y":-8.08,"width":470,"height":409},"damage_00":{"x":11.29,"y":35.31,"width":412,"height":382},"front_00":{"x":-39.03,"y":1.51,"width":576,"height":314},"idle_00":{"x":-7.32,"y":10.02,"width":504,"height":282},"idle_01":{"x":-7.32,"y":10.02,"width":504,"height":282},"idle_02":{"x":-7.32,"y":10.02,"width":504,"height":282},"idle_03":{"x":-7.32,"y":10.02,"width":504,"height":282},"idle_04":{"x":-7.32,"y":10.02,"width":504,"height":282},"skill1_00":{"x":4.95,"y":12.7,"width":590,"height":334},"skill1_01":{"x":4.95,"y":12.7,"width":590,"height":334},"skill1_02":{"x":4.95,"y":12.7,"width":590,"height":334},"skill1_03":{"x":4.95,"y":12.7,"width":792,"height":468},"skill1_04":{"x":4.95,"y":12.7,"width":792,"height":468},"skill1_05":{"x":4.95,"y":12.7,"width":792,"height":468},"skill2_00":{"x":-7.49,"y":10.77,"width":533,"height":511},"skill2_01":{"x":-7.49,"y":10.77,"width":533,"height":511},"skill2_02":{"x":-7.49,"y":10.77,"width":533,"height":511},"skill2_03":{"x":-7.49,"y":10.77,"width":533,"height":511},"skill2_04":{"x":-7.49,"y":10.77,"width":533,"height":511},"skill2_05":{"x":-7.49,"y":10.77,"width":533,"height":511},"skill2_06":{"x":-7.49,"y":10.77,"width":533,"height":511},"skill2_07":{"x":-7.49,"y":10.77,"width":533,"height":511},"skill2_08":{"x":-7.49,"y":10.77,"width":533,"height":511},"skill2_09":{"x":-7.49,"y":10.77,"width":533,"height":511},"skill2_10":{"x":-7.49,"y":10.77,"width":533,"height":511},"skill2_11":{"x":-7.49,"y":10.77,"width":533,"height":511},"skill2_12":{"x":-7.49,"y":10.77,"width":533,"height":511},"skill2_13":{"x":-18.09,"y":8.3,"width":533,"height":511},"skill2_14":{"x":-18.09,"y":0.9,"width":533,"height":511},"skill2_15":{"x":-18.09,"y":-2.55,"width":533,"height":511},"skill2_16":{"x":-18.09,"y":-5.01,"width":533,"height":511},"skill2_17":{"x":-18.09,"y":-6,"width":533,"height":511}},"S1_wave1_1":{"EF/610_S1_wave1/610_S1_wave1_00000":{"x":-1.03,"y":40.33,"width":417,"height":159},"EF/610_S1_wave1/610_S1_wave1_00002":{"x":-1.03,"y":40.33,"width":417,"height":159},"EF/610_S1_wave1/610_S1_wave1_00003":{"x":-1.03,"y":40.33,"width":417,"height":159},"EF/610_S1_wave1/610_S1_wave1_00004":{"x":-1.03,"y":40.33,"width":417,"height":159},"EF/610_S1_wave1/610_S1_wave1_00005":{"x":-1.03,"y":40.33,"width":417,"height":159},"EF/610_S1_wave1/610_S1_wave1_00006":{"x":-1.03,"y":40.33,"width":417,"height":159},"EF/610_S1_wave1/610_S1_wave1_00007":{"x":-1.03,"y":40.33,"width":417,"height":159},"EF/610_S1_wave1/610_S1_wave1_00008":{"x":-1.03,"y":40.33,"width":417,"height":159},"EF/610_S1_wave1/610_S1_wave1_00009":{"x":-0.98,"y":40.3,"width":417,"height":159},"EF/610_S1_wave1/610_S1_wave1_00010":{"x":-0.98,"y":40.3,"width":417,"height":159}},"S1_wave1_2":{"EF/610_S1_wave1/610_S1_wave1_00000":{"x":-0.98,"y":40.33,"width":417,"height":159},"EF/610_S1_wave1/610_S1_wave1_00002":{"x":-1.03,"y":40.33,"width":417,"height":159},"EF/610_S1_wave1/610_S1_wave1_00003":{"x":-1.03,"y":40.33,"width":417,"height":159},"EF/610_S1_wave1/610_S1_wave1_00004":{"x":-1.03,"y":40.33,"width":417,"height":159},"EF/610_S1_wave1/610_S1_wave1_00005":{"x":-1.03,"y":40.33,"width":417,"height":159},"EF/610_S1_wave1/610_S1_wave1_00006":{"x":-1.03,"y":40.33,"width":417,"height":159},"EF/610_S1_wave1/610_S1_wave1_00007":{"x":-1.03,"y":40.33,"width":417,"height":159},"EF/610_S1_wave1/610_S1_wave1_00008":{"x":-1.03,"y":40.33,"width":417,"height":159},"EF/610_S1_wave1/610_S1_wave1_00009":{"x":-1.03,"y":40.33,"width":417,"height":159},"EF/610_S1_wave1/610_S1_wave1_00010":{"x":-1.03,"y":40.33,"width":417,"height":159}},"S1_wave1_3":{"EF/610_S1_wave1/610_S1_wave1_00000":{"x":-1.03,"y":40.33,"width":417,"height":159},"EF/610_S1_wave1/610_S1_wave1_00002":{"x":-1.03,"y":40.33,"width":417,"height":159},"EF/610_S1_wave1/610_S1_wave1_00003":{"x":-1.03,"y":40.33,"width":417,"height":159},"EF/610_S1_wave1/610_S1_wave1_00004":{"x":-1.03,"y":40.33,"width":417,"height":159},"EF/610_S1_wave1/610_S1_wave1_00005":{"x":-1.03,"y":40.33,"width":417,"height":159},"EF/610_S1_wave1/610_S1_wave1_00006":{"x":-1.03,"y":40.33,"width":417,"height":159},"EF/610_S1_wave1/610_S1_wave1_00007":{"x":-1.03,"y":40.33,"width":417,"height":159},"EF/610_S1_wave1/610_S1_wave1_00008":{"x":-1.03,"y":40.33,"width":417,"height":159},"EF/610_S1_wave1/610_S1_wave1_00009":{"x":-1.05,"y":40.33,"width":417,"height":159},"EF/610_S1_wave1/610_S1_wave1_00010":{"x":-1.03,"y":40.33,"width":417,"height":159}},"S1_wave1_4":{"EF/610_S1_wave1/610_S1_wave1_00000":{"x":-0.8,"y":40.33,"width":417,"height":159},"EF/610_S1_wave1/610_S1_wave1_00002":{"x":-1.03,"y":40.33,"width":417,"height":159},"EF/610_S1_wave1/610_S1_wave1_00003":{"x":-1.03,"y":40.33,"width":417,"height":159},"EF/610_S1_wave1/610_S1_wave1_00004":{"x":-1.03,"y":40.33,"width":417,"height":159},"EF/610_S1_wave1/610_S1_wave1_00005":{"x":-1.03,"y":40.33,"width":417,"height":159},"EF/610_S1_wave1/610_S1_wave1_00006":{"x":-1.03,"y":40.33,"width":417,"height":159},"EF/610_S1_wave1/610_S1_wave1_00007":{"x":-1.03,"y":40.33,"width":417,"height":159},"EF/610_S1_wave1/610_S1_wave1_00008":{"x":-1.03,"y":40.33,"width":417,"height":159},"EF/610_S1_wave1/610_S1_wave1_00009":{"x":-1.03,"y":40.33,"width":417,"height":159},"EF/610_S1_wave1/610_S1_wave1_00010":{"x":-1.03,"y":40.33,"width":417,"height":159}},"magic_2water":{"EF/magic_2water":{"type":"mesh","uvs":[0.99999,0.99999,0,0.99999,0,0,0.99999,0],"triangles":[0,2,3,1,2,0],"vertices":[174.53,-177.13,-176.68,-177.13,-176.68,174.07,174.53,174.07],"hull":4,"edges":[0,2,2,4,4,6,0,6],"width":199,"height":199}},"up_EF":{"EF/sord/up_EF_2":{"x":-21.39,"y":-30.88,"width":200,"height":200}}}},"events":{"Event":{},"Hit":{},"HitEffect":{},"sound_1":{},"sound_2":{},"sound_3":{},"voice":{}},"animations":{"attack1":{"slots":{"DAMAGEAREA":{"attachment":[{"time":0.2,"name":"DAMAGEAREA"},{"time":0.2333,"name":null},{"time":0.3666,"name":"DAMAGEAREA"},{"time":0.4,"name":null},{"time":0.7666,"name":"DAMAGEAREA"},{"time":0.8,"name":null}]},"EF/sord/10000-combo_16_ef2_1B":{"attachment":[{"time":0.2,"name":null},{"time":0.2333,"name":null},{"time":0.3666,"name":"EF/sord/10000-combo_16_ef2_1B"},{"time":0.4,"name":null},{"time":0.7666,"name":"EF/sord/10000-combo_16_ef2_1B"},{"time":0.8,"name":null}]},"EF/sord/10000-combo_16_ef2_1F":{"attachment":[{"time":0.2,"name":null},{"time":0.2333,"name":null},{"time":0.3666,"name":"EF/sord/10000-combo_16_ef2_1F"},{"time":0.4,"name":null},{"time":0.7666,"name":"EF/sord/10000-combo_16_ef2_1F"},{"time":0.8,"name":null}]},"MAIN":{"attachment":[{"time":0,"name":"idle_00"},{"time":0.0333,"name":"attack1_00"},{"time":0.0666,"name":"attack1_01"},{"time":0.2,"name":"attack1_02"},{"time":0.3,"name":"attack1_03"},{"time":0.3666,"name":"attack1_04"},{"time":0.4333,"name":"attack1_05"},{"time":0.6333,"name":"skill1_00"},{"time":0.6666,"name":"skill1_01"},{"time":0.7,"name":"skill1_02"},{"time":0.7333,"name":"skill1_01"},{"time":0.7666,"name":"skill1_03"},{"time":0.8666,"name":"skill1_04"},{"time":0.9333,"name":"skill1_05"},{"time":1.1333,"name":"back_00"},{"time":1.3333,"name":"idle_04"},{"time":1.5,"name":"idle_04"}]},"up_EF":{"attachment":[{"time":0.2,"name":"EF/sord/up_EF_2"},{"time":0.2333,"name":null}]}},"bones":{"MAIN":{"translate":[{"time":0.2,"x":-26.95,"y":0,"curve":"stepped"},{"time":0.3666,"x":-49.22,"y":0,"curve":"stepped"},{"time":0.7,"x":-49.22,"y":0,"curve":[1,0.58,1,0.85]},{"time":0.8,"x":-120.26,"y":0,"curve":"stepped"},{"time":1.1333,"x":-156.15,"y":23.93},{"time":1.2333,"x":-53.78,"y":23.53},{"time":1.3,"x":-19.05,"y":20.79},{"time":1.3333,"x":-8.02,"y":-2.12},{"time":1.5,"x":0,"y":-2.12}],"scale":[{"time":0.7,"x":1,"y":1,"curve":"stepped"},{"time":0.7333,"x":-1,"y":1,"curve":"stepped"},{"time":0.7666,"x":1,"y":1}]},"combo_16_ef2_1":{"rotate":[{"time":0.2,"angle":-118.98,"curve":"stepped"},{"time":0.3666,"angle":12.32,"curve":"stepped"},{"time":0.7666,"angle":79.57}],"translate":[{"time":0.2,"x":-1345.7,"y":-474.87,"curve":"stepped"},{"time":0.3666,"x":-1253.08,"y":-506.42,"curve":"stepped"},{"time":0.7666,"x":-1302.63,"y":-487.94}],"scale":[{"time":0.3666,"x":-0.599,"y":1,"curve":"stepped"},{"time":0.7666,"x":0.41,"y":1.31}]},"up_EF":{"rotate":[{"time":0.2,"angle":135.94}],"translate":[{"time":0.2,"x":-1566.81,"y":-404.82}],"scale":[{"time":0.2,"x":2.374,"y":1.236}]},"DAMAGEAREA":{"translate":[{"time":0.2,"x":-108.99,"y":42.99,"curve":"stepped"},{"time":0.3666,"x":-95,"y":69,"curve":"stepped"},{"time":0.7666,"x":-158,"y":55}],"scale":[{"time":0.2,"x":1.123,"y":0.645,"curve":"stepped"},{"time":0.3666,"x":0.983,"y":0.79,"curve":"stepped"},{"time":0.7666,"x":1.856,"y":0.553}]}},"drawOrder":[{"time":0.2,"offsets":[{"slot":"MAIN","offset":-8}]},{"time":0.6666,"offsets":[{"slot":"MAIN","offset":-3}]},{"time":0.7666}],"events":[{"time":0.1,"name":"voice","string":"cri_042_voice_attack_random"},{"time":0.1666,"name":"Event","float":0.15,"string":"kHitStopType_enemyonly"},{"time":0.1666,"name":"sound_1","string":"cri_se_battle_sword_swish_heavy"},{"time":0.2,"name":"sound_1","string":"setHitSound(se_battle_019_sword_hit_03)"},{"time":0.3333,"name":"sound_1","string":"cri_se_battle_sword_swish_heavy"},{"time":0.3666,"name":"Hit","string":"resetHitList"},{"time":0.3666,"name":"sound_1","string":"setHitSound(se_battle_019_sword_hit_03)"},{"time":0.6666,"name":"voice","string":"cri_042_voice_attack_c"},{"time":0.7,"name":"sound_1","string":"cri_se_battle_sword_swish_heavy"},{"time":0.7333,"name":"Event","float":0.2,"string":"kHitStopType_normal"},{"time":0.7666,"name":"Event","float":0.1,"string":"shakeGround_Loop"},{"time":0.7666,"name":"Hit","float":1.25,"string":"resetHitList"},{"time":0.7666,"name":"sound_1","string":"setHitSound(se_battle_019_sword_hit_03)"},{"time":1.1333,"name":"sound_1","string":"cri_se_battle_step"}]},"back":{"slots":{"MAIN":{"attachment":[{"time":0,"name":"back_00"},{"time":0.3666,"name":"idle_02"},{"time":0.6666,"name":"idle_01"},{"time":0.8333,"name":"idle_00"}]}},"bones":{"MAIN":{"translate":[{"time":0,"x":0,"y":23.52},{"time":0.2,"x":98.04,"y":32.05},{"time":0.3333,"x":159.78,"y":27.78},{"time":0.3666,"x":137,"y":-2.71},{"time":0.5,"x":140,"y":-2.71}]}},"events":[{"time":0,"name":"sound_1","string":"cri_se_battle_step"}]},"cast":{"slots":{"EF/sord/10000-combo_16_ef2_1B":{"attachment":[{"time":0.5,"name":"EF/sord/10000-combo_16_ef2_1B"},{"time":0.5333,"name":null}]},"EF/sord/10000-combo_16_ef2_1F":{"attachment":[{"time":0.5,"name":"EF/sord/10000-combo_16_ef2_1F"},{"time":0.5333,"name":null}]},"MAIN":{"attachment":[{"time":0,"name":"attack1_00"},{"time":0.1666,"name":"attack1_01"},{"time":0.5,"name":"skill1_03"},{"time":0.5333,"name":"skill1_04"},{"time":0.6,"name":"skill1_05"},{"time":0.8333,"name":"idle_00"}]}},"bones":{"combo_16_ef2_1":{"rotate":[{"time":0.5,"angle":79.57}],"translate":[{"time":0.5,"x":-1196.7,"y":-486.38}],"scale":[{"time":0.5,"x":0.41,"y":1.31}]}},"drawOrder":[{"time":0},{"time":0.6}],"events":[{"time":0.5,"name":"voice","string":"cri_042_voice_item"}]},"damage":{"slots":{"MAIN":{"attachment":[{"time":0,"name":"damage_00"}]}}},"front":{"slots":{"MAIN":{"attachment":[{"time":0,"name":"front_00"}]}}},"idle":{"slots":{"MAIN":{"attachment":[{"time":0,"name":"idle_00"},{"time":0.1666,"name":"idle_01"},{"time":0.3333,"name":"idle_02"},{"time":0.5,"name":"idle_03"},{"time":0.6666,"name":"idle_04"},{"time":0.8333,"name":"idle_04"}]}}},"skill1":{"slots":{"DAMAGEAREA":{"attachment":[{"time":0.4,"name":"DAMAGEAREA"},{"time":0.7,"name":null}]},"MAIN":{"attachment":[{"time":0,"name":"idle_00"},{"time":0.1666,"name":"skill1_00"},{"time":0.2666,"name":"skill1_01"},{"time":0.3333,"name":"skill1_02"},{"time":0.4,"name":"attack1_02"},{"time":0.4333,"name":"skill1_00"},{"time":0.5,"name":"skill1_03"},{"time":0.6,"name":"skill1_04"},{"time":0.6666,"name":"skill1_05"}]},"S1_wave1_1":{"attachment":[{"time":0.4,"name":"EF/610_S1_wave1/610_S1_wave1_00002"},{"time":0.4333,"name":"EF/610_S1_wave1/610_S1_wave1_00003"},{"time":0.4666,"name":"EF/610_S1_wave1/610_S1_wave1_00004"},{"time":0.5,"name":"EF/610_S1_wave1/610_S1_wave1_00005"},{"time":0.5333,"name":"EF/610_S1_wave1/610_S1_wave1_00006"},{"time":0.5666,"name":"EF/610_S1_wave1/610_S1_wave1_00007"},{"time":0.6,"name":"EF/610_S1_wave1/610_S1_wave1_00008"},{"time":0.6333,"name":"EF/610_S1_wave1/610_S1_wave1_00009"},{"time":0.6666,"name":"EF/610_S1_wave1/610_S1_wave1_00010"}],"color":[{"time":0.6333,"color":"ffffffff"},{"time":0.7333,"color":"ffffff00"}]}},"bones":{"MAIN":{"translate":[{"time":0.3666,"x":0,"y":0},{"time":0.4666,"x":-15.27,"y":0,"curve":[0.138,0.61,0.719,1]},{"time":0.5666,"x":-58.97,"y":0}]},"S1_wave1_1":{"translate":[{"time":0.4,"x":-682.14,"y":-237.45}],"scale":[{"time":0.4,"x":1.2,"y":1.2,"curve":"stepped"},{"time":0.6,"x":1.2,"y":1.2},{"time":0.7333,"x":2.1,"y":2.1}]},"DAMAGEAREA":{"translate":[{"time":0.3666,"x":5.76,"y":44},{"time":0.5,"x":-89,"y":44},{"time":0.5666,"x":-118,"y":44},{"time":0.6666,"x":-144.99,"y":44}],"scale":[{"time":0.3666,"x":1.186,"y":0.74},{"time":0.5,"x":2.155,"y":0.74},{"time":0.6666,"x":2.475,"y":0.74}]}},"events":[{"time":0,"name":"Event","float":0.35,"string":"kHitStopType_normal"},{"time":0,"name":"HitEffect","string":"setHitEffect(hit06b,1,2,1)"},{"time":0.0666,"name":"voice","string":"cri_042_voice_skill_all"},{"time":0.3333,"name":"sound_1","string":"cri_se_battle_sword_swish_heavy"},{"time":0.4,"name":"Event","string":"kImpactType_knock"},{"time":0.4,"name":"sound_1","string":"setHitSound(se_battle_019_sword_hit_03)"},{"time":0.4,"name":"sound_2","string":"cri_se_battle_033_explosion_element_01"},{"time":0.5,"name":"Event","float":0.2,"string":"shakeGround_Loop"}]},"skill2":{"slots":{"MAIN":{"attachment":[{"time":0,"name":"idle_00"},{"time":0.0666,"name":"skill2_00"},{"time":0.1666,"name":"skill2_01"},{"time":0.2666,"name":"skill2_02"},{"time":0.4333,"name":"skill2_03"},{"time":0.7333,"name":"skill2_04"},{"time":0.8,"name":"skill2_05"},{"time":1.1,"name":"skill2_06"},{"time":1.1666,"name":"skill2_07"},{"time":1.2333,"name":"skill2_08"},{"time":1.3,"name":"skill2_09"},{"time":1.4333,"name":"skill2_10"},{"time":1.5666,"name":"skill2_11"},{"time":1.6666,"name":"skill2_12"},{"time":2.1666,"name":"skill2_13"},{"time":2.2,"name":"skill2_14"},{"time":2.2666,"name":"skill2_15"},{"time":2.3333,"name":"skill2_17"},{"time":2.4,"name":"skill2_15"},{"time":2.4666,"name":"skill2_17"},{"time":2.5333,"name":"skill2_15"},{"time":2.6,"name":"skill2_17"},{"time":2.6666,"name":"skill2_15"},{"time":2.7333,"name":"skill2_17"},{"time":2.8,"name":"skill2_15"},{"time":2.8666,"name":"skill2_17"},{"time":2.9333,"name":"skill2_15"},{"time":3,"name":"skill2_17"},{"time":3.0666,"name":"skill2_16"},{"time":3.1,"name":"skill2_17"}]},"S1_wave1_1":{"attachment":[{"time":0.1333,"name":"EF/610_S1_wave1/610_S1_wave1_00000"},{"time":0.2,"name":"EF/610_S1_wave1/610_S1_wave1_00003"},{"time":0.2333,"name":"EF/610_S1_wave1/610_S1_wave1_00004"},{"time":0.2666,"name":"EF/610_S1_wave1/610_S1_wave1_00005"},{"time":0.3,"name":"EF/610_S1_wave1/610_S1_wave1_00006"},{"time":0.3333,"name":"EF/610_S1_wave1/610_S1_wave1_00007"},{"time":0.3666,"name":"EF/610_S1_wave1/610_S1_wave1_00008"},{"time":0.4,"name":"EF/610_S1_wave1/610_S1_wave1_00009"},{"time":0.4333,"name":"EF/610_S1_wave1/610_S1_wave1_00010"},{"time":0.7666,"name":"EF/610_S1_wave1/610_S1_wave1_00000"},{"time":0.8333,"name":"EF/610_S1_wave1/610_S1_wave1_00003"},{"time":0.8666,"name":"EF/610_S1_wave1/610_S1_wave1_00004"},{"time":0.9,"name":"EF/610_S1_wave1/610_S1_wave1_00005"},{"time":0.9333,"name":"EF/610_S1_wave1/610_S1_wave1_00006"},{"time":0.9666,"name":"EF/610_S1_wave1/610_S1_wave1_00007"},{"time":1,"name":"EF/610_S1_wave1/610_S1_wave1_00008"},{"time":1.0333,"name":"EF/610_S1_wave1/610_S1_wave1_00009"},{"time":1.0666,"name":"EF/610_S1_wave1/610_S1_wave1_00010"},{"time":1.5666,"name":"EF/610_S1_wave1/610_S1_wave1_00000"},{"time":1.6,"name":"EF/610_S1_wave1/610_S1_wave1_00002"},{"time":1.6333,"name":"EF/610_S1_wave1/610_S1_wave1_00003"},{"time":1.6666,"name":"EF/610_S1_wave1/610_S1_wave1_00004"},{"time":1.7,"name":"EF/610_S1_wave1/610_S1_wave1_00005"},{"time":1.7333,"name":"EF/610_S1_wave1/610_S1_wave1_00006"},{"time":1.7666,"name":"EF/610_S1_wave1/610_S1_wave1_00007"},{"time":1.8,"name":"EF/610_S1_wave1/610_S1_wave1_00008"},{"time":1.8333,"name":"EF/610_S1_wave1/610_S1_wave1_00009"},{"time":1.8666,"name":"EF/610_S1_wave1/610_S1_wave1_00010"},{"time":2.0666,"name":"EF/610_S1_wave1/610_S1_wave1_00000"},{"time":2.1333,"name":"EF/610_S1_wave1/610_S1_wave1_00003"},{"time":2.1666,"name":"EF/610_S1_wave1/610_S1_wave1_00004"},{"time":2.2,"name":"EF/610_S1_wave1/610_S1_wave1_00005"},{"time":2.2333,"name":"EF/610_S1_wave1/610_S1_wave1_00006"},{"time":2.2666,"name":"EF/610_S1_wave1/610_S1_wave1_00007"},{"time":2.3,"name":"EF/610_S1_wave1/610_S1_wave1_00008"},{"time":2.3333,"name":"EF/610_S1_wave1/610_S1_wave1_00009"},{"time":2.3666,"name":"EF/610_S1_wave1/610_S1_wave1_00010"}],"color":[{"time":0.1333,"color":"ffffffff","curve":"stepped"},{"time":0.4,"color":"ffffffff"},{"time":0.5333,"color":"ffffff00","curve":"stepped"},{"time":0.7666,"color":"ffffffff","curve":"stepped"},{"time":1.0333,"color":"ffffffff"},{"time":1.1666,"color":"ffffff00","curve":"stepped"},{"time":1.5666,"color":"ffffffff","curve":"stepped"},{"time":1.8333,"color":"ffffffff"},{"time":1.9666,"color":"ffffff00","curve":"stepped"},{"time":2.0666,"color":"ffffffff","curve":"stepped"},{"time":2.3333,"color":"ffffffff"},{"time":2.4666,"color":"ffffff00"}]},"magic_2water":{"attachment":[{"time":1.5666,"name":"EF/magic_2water"}],"color":[{"time":2.7666,"color":"ffffffff"},{"time":3.2,"color":"ffffff00"}]}},"bones":{"S1_wave1_1":{"translate":[{"time":0.1333,"x":-682.14,"y":-237.45,"curve":"stepped"},{"time":0.7666,"x":-682.14,"y":-237.45,"curve":"stepped"},{"time":1.5666,"x":-682.14,"y":-237.45,"curve":"stepped"},{"time":2.0666,"x":-682.14,"y":-237.45}],"scale":[{"time":0.1333,"x":1.124,"y":1.124},{"time":0.4333,"x":0.747,"y":0.747},{"time":0.5333,"x":0.79,"y":0.79,"curve":"stepped"},{"time":0.7666,"x":1.124,"y":1.124},{"time":1.0666,"x":0.747,"y":0.747},{"time":1.1666,"x":0.79,"y":0.79,"curve":"stepped"},{"time":1.5666,"x":1.124,"y":1.124},{"time":1.8666,"x":1.6,"y":1.6},{"time":1.9666,"x":1.74,"y":1.74,"curve":"stepped"},{"time":2.0666,"x":1.124,"y":1.124},{"time":2.3666,"x":1.6,"y":1.6},{"time":2.4666,"x":1.74,"y":1.74}]},"magic_2water":{"translate":[{"time":1.5666,"x":-1034.5,"y":5.19}],"scale":[{"time":1.5666,"x":0.426,"y":0.083,"curve":[0.719,0.05,0.959,0.31]},{"time":1.7666,"x":0.798,"y":0.155,"curve":"stepped"},{"time":2.7666,"x":0.798,"y":0.155},{"time":3.2,"x":0.151,"y":0.029}]},"up_EF":{"rotate":[{"time":0.1666,"angle":96.93}],"translate":[{"time":0.1666,"x":-1527.23,"y":-418.41}],"scale":[{"time":0.1666,"x":1.248,"y":1.571}]},"MAIN":{"translate":[{"time":0,"x":0,"y":0,"curve":"stepped"},{"time":0.1666,"x":-23.54,"y":9.34,"curve":"stepped"},{"time":0.4333,"x":0,"y":0,"curve":[0.247,0.5,0.75,1]},{"time":0.6,"x":-8.55,"y":42.9},{"time":0.7333,"x":-12.65,"y":12.84,"curve":"stepped"},{"time":1.1666,"x":-22.26,"y":12.84,"curve":"stepped"},{"time":1.2333,"x":-6.85,"y":12.84,"curve":"stepped"},{"time":1.3,"x":0,"y":12.84,"curve":"stepped"},{"time":1.4333,"x":15.24,"y":8.17,"curve":"stepped"},{"time":1.5666,"x":53.74,"y":9.4,"curve":"stepped"},{"time":2.1666,"x":63.26,"y":9.4}]}},"ffd":{"default":{"magic_2water":{"EF/magic_2water":[{"time":1.7666,"vertices":[0.42822,0.43488,0.43476,-0.42829,-0.4284,-0.43487,-0.43495,0.4283]},{"time":3.1333,"vertices":[-26.15551,-19.30166,-19.30241,26.15499,26.15462,19.3017,19.30136,-26.15495]}]}}},"events":[{"time":0.1333,"name":"sound_1","string":"cri_se_battle_magic_Invocation_dark"},{"time":0.1333,"name":"voice","string":"cri_042_voice_fullarts_now"},{"time":0.4333,"name":"sound_1","string":"cri_se_battle_jump"},{"time":0.7666,"name":"sound_1","string":"cri_se_battle_magic_Invocation_dark"},{"time":1.1333,"name":"sound_1","string":"cri_se_battle_sword_swish_heavy"},{"time":1.2333,"name":"sound_1","string":"cri_se_battle_sword_swish_heavy"},{"time":1.5666,"name":"sound_1","string":"cri_se_battle_magic_Invocation_dark"},{"time":2,"name":"voice","string":"cri_042_voice_fullarts_rank3"},{"time":2.1333,"name":"Event","string":"addOrbitSystem_1splash"},{"time":2.1666,"name":"sound_1","string":"cri_se_battle_thrustviolently"}]}}}