{"skeleton":{"hash":"oNpC1vIMWH8wMjEwXuUNTnq8rqQ","spine":"3.0.12","width":1180,"height":1180},"bones":[{"name":"root"},{"name":"grid","parent":"root"},{"name":"MAIN","parent":"root","y":68.32},{"name":"head_frie","parent":"MAIN","x":-27.41,"y":63.93},{"name":"ail_weapon","parent":"MAIN","x":90.66,"y":77.54,"scaleX":-1.05,"scaleY":1.05,"rotation":128.57},{"name":"SHADOW-OFFSET","parent":"MAIN","scaleX":0.5,"scaleY":0.5},{"name":"HPBAR","parent":"MAIN","y":126.68},{"name":"HITBOX","parent":"MAIN"},{"name":"EF","parent":"root"},{"name":"S1_wave1_01","parent":"EF","x":1408.11,"y":-115.04},{"name":"S1_wave1_00","parent":"EF","x":1408.11,"y":-41.25},{"name":"S1_power3_00","parent":"EF","x":1022.08,"y":243.12},{"name":"S1_power2_02","parent":"EF","x":851.07,"y":107.94},{"name":"S1_power2_01","parent":"EF","x":851.07,"y":242.79},{"name":"S1_power2_00","parent":"EF","x":851.07,"y":242.79},{"name":"S1_power1_00","parent":"EF","x":702.16,"y":243.01},{"name":"DAMAGEAREA","parent":"root"},{"name":"stone_root","parent":"MAIN","y":17.25},{"name":"stone6","parent":"stone_root","x":65.93,"y":11.31},{"name":"stone5","parent":"stone_root","x":33.98,"y":5.74},{"name":"stone4","parent":"stone_root","x":10.75,"y":-13.37},{"name":"stone3","parent":"stone_root","x":-17.31,"y":-19.42},{"name":"stone2","parent":"stone_root","x":-44.66,"y":-9.5},{"name":"stone1","parent":"stone_root","x":-75.63,"y":-1.99},{"name":"sword_up_EF","parent":"EF","x":739.48,"y":419.27}],"slots":[{"name":"grid/bg2","bone":"grid","color":"000000ff"},{"name":"grid/bg","bone":"grid"},{"name":"grid/grid","bone":"grid"},{"name":"S1_wave1_00","bone":"S1_wave1_00","blend":"additive"},{"name":"S1_wave1_01","bone":"S1_wave1_01","blend":"additive"},{"name":"S1_power1_00","bone":"S1_power1_00","blend":"additive"},{"name":"S1_power2_00","bone":"S1_power2_00","blend":"additive"},{"name":"S1_power2_1","bone":"S1_power2_01","blend":"additive"},{"name":"S1_power2_0","bone":"S1_power2_02","blend":"additive"},{"name":"S1_power3_00","bone":"S1_power3_00","blend":"additive"},{"name":"head_frie","bone":"head_frie","attachment":"EF/head_frie/head_fire_1","blend":"additive"},{"name":"MAIN","bone":"MAIN","attachment":"idle_00"},{"name":"DAMAGEAREA","bone":"DAMAGEAREA","blend":"additive"},{"name":"HITBOX","bone":"HITBOX","attachment":"HITBOX"},{"name":"EF/swordEF/10000-combo_16_ef2_1B","bone":"sword_up_EF","color":"ff2612ff","blend":"additive"},{"name":"EF/swordEF/10000-combo_16_ef2_1F","bone":"sword_up_EF","color":"ff2612ff","blend":"additive"},{"name":"EF/stone/stone_1","bone":"stone1","attachment":"EF/stone/stone_1"},{"name":"EF/stone/stone_10","bone":"stone5","attachment":"EF/stone/stone_10"},{"name":"EF/stone/stone_11","bone":"stone6","attachment":"EF/stone/stone_11"},{"name":"EF/stone/stone_2","bone":"stone1","attachment":"EF/stone/stone_2"},{"name":"EF/stone/stone_3","bone":"stone2","attachment":"EF/stone/stone_3"},{"name":"EF/stone/stone_4","bone":"stone2","attachment":"EF/stone/stone_4"},{"name":"EF/stone/stone_5","bone":"stone3","attachment":"EF/stone/stone_5"},{"name":"EF/stone/stone_6","bone":"stone3","attachment":"EF/stone/stone_6"},{"name":"EF/stone/stone_7","bone":"stone4","attachment":"EF/stone/stone_7"},{"name":"EF/stone/stone_8","bone":"stone4","attachment":"EF/stone/stone_8"},{"name":"EF/stone/stone_9","bone":"stone5","attachment":"EF/stone/stone_9"},{"name":"tail_weapon","bone":"ail_weapon"}],"skins":{"default":{"DAMAGEAREA":{"DAMAGEAREA":{"type":"boundingbox","vertices":[-98.73396,-98.55748,97.93054,-96.188,99.11531,96.92233,-96.36449,99.29181]}},"EF/stone/stone_1":{"EF/stone/stone_1":{"x":75.63,"y":1.99,"width":280,"height":280}},"EF/stone/stone_10":{"EF/stone/stone_10":{"x":-33.98,"y":-5.74,"width":280,"height":280}},"EF/stone/stone_11":{"EF/stone/stone_11":{"x":-65.93,"y":-11.31,"width":280,"height":280}},"EF/stone/stone_2":{"EF/stone/stone_2":{"x":75.63,"y":1.99,"width":280,"height":280}},"EF/stone/stone_3":{"EF/stone/stone_3":{"x":44.66,"y":9.5,"width":280,"height":280}},"EF/stone/stone_4":{"EF/stone/stone_4":{"x":44.66,"y":9.5,"width":280,"height":280}},"EF/stone/stone_5":{"EF/stone/stone_5":{"x":17.31,"y":19.42,"width":280,"height":280}},"EF/stone/stone_6":{"EF/stone/stone_6":{"x":17.31,"y":19.42,"width":280,"height":280}},"EF/stone/stone_7":{"EF/stone/stone_7":{"x":-10.75,"y":13.37,"width":280,"height":280}},"EF/stone/stone_8":{"EF/stone/stone_8":{"x":-10.75,"y":13.37,"width":280,"height":280}},"EF/stone/stone_9":{"EF/stone/stone_9":{"x":-33.98,"y":-5.74,"width":280,"height":280}},"EF/swordEF/10000-combo_16_ef2_1B":{"EF/swordEF/10000-combo_16_ef2_1B":{"x":-57.64,"y":-15.08,"width":412,"height":342}},"EF/swordEF/10000-combo_16_ef2_1F":{"EF/swordEF/10000-combo_16_ef2_1F":{"x":-57.64,"y":-15.08,"width":412,"height":342}},"HITBOX":{"HITBOX":{"type":"boundingbox","vertices":[-34.11568,-31.73013,32.10932,-31.73013,34.7583,42.44181,-33.23264,42.44181]}},"MAIN":{"attack1_00":{"y":17.24,"width":511,"height":501},"attack1_01":{"y":17.24,"width":511,"height":501},"attack1_02":{"y":17.24,"width":511,"height":501},"attack1_03":{"y":17.24,"width":511,"height":501},"attack1_04":{"y":17.24,"width":511,"height":501},"attack1_05":{"y":17.24,"width":511,"height":501},"attack1_06":{"y":17.24,"width":511,"height":501},"attack1_07":{"y":17.24,"width":511,"height":501},"attack1_08":{"y":17.24,"width":511,"height":501},"back_00":{"y":17.25,"width":511,"height":501},"damage_00":{"y":17.24,"width":511,"height":501},"idle_00":{"y":17.24,"width":511,"height":501},"idle_01":{"y":17.24,"width":511,"height":501},"idle_02":{"y":17.24,"width":511,"height":501},"idle_03":{"y":17.24,"width":511,"height":501},"idle_04":{"y":17.24,"width":511,"height":501},"skill_00":{"y":17.24,"width":511,"height":501},"skill_01":{"y":17.24,"width":511,"height":501},"skill_02":{"y":17.24,"width":511,"height":501},"skill_03":{"y":17.24,"width":511,"height":501},"skill_04":{"y":17.24,"width":511,"height":501},"skill_05":{"y":17.24,"width":511,"height":501},"skill_06":{"y":17.24,"width":511,"height":501},"skill_07":{"y":17.24,"width":511,"height":501},"skill_08":{"y":17.24,"width":511,"height":501},"skill_09":{"y":17.24,"width":511,"height":501},"skill_10":{"y":17.24,"width":511,"height":501},"skill_11":{"y":17.24,"width":511,"height":501},"skill_12":{"y":17.24,"width":511,"height":501},"skill_13":{"y":17.24,"width":511,"height":501},"skill_14":{"y":17.24,"width":511,"height":501},"skill_15":{"y":17.24,"width":511,"height":501}},"S1_power1_00":{"EF/950_S1_power1/950_S1_power1_00007":{"width":302,"height":302},"EF/950_S1_power1/950_S1_power1_00008":{"width":302,"height":302},"EF/950_S1_power1/950_S1_power1_00009":{"width":302,"height":302},"EF/950_S1_power1/950_S1_power1_00010":{"width":302,"height":302},"EF/950_S1_power1/950_S1_power1_00011":{"width":302,"height":302},"EF/950_S1_power1/950_S1_power1_00012":{"width":302,"height":302},"EF/950_S1_power1/950_S1_power1_00013":{"width":302,"height":302},"EF/950_S1_power1/950_S1_power1_00014":{"width":302,"height":302},"EF/950_S1_power1/950_S1_power1_00015":{"width":302,"height":302},"EF/950_S1_power1/950_S1_power1_00016":{"width":302,"height":302}},"S1_power2_0":{"EF/950_S1_power2/950_S1_power2_00003":{"width":302,"height":302},"EF/950_S1_power2/950_S1_power2_00004":{"width":302,"height":302},"EF/950_S1_power2/950_S1_power2_00005":{"width":302,"height":302},"EF/950_S1_power2/950_S1_power2_00006":{"width":302,"height":302},"EF/950_S1_power2/950_S1_power2_00007":{"width":302,"height":302},"EF/950_S1_power2/950_S1_power2_00008":{"width":302,"height":302},"EF/950_S1_power2/950_S1_power2_00009":{"width":302,"height":302},"EF/950_S1_power2/950_S1_power2_00010":{"width":302,"height":302},"EF/950_S1_power2/950_S1_power2_00011":{"width":302,"height":302}},"S1_power2_00":{"EF/950_S1_power2/950_S1_power2_00003":{"width":302,"height":302},"EF/950_S1_power2/950_S1_power2_00004":{"width":302,"height":302},"EF/950_S1_power2/950_S1_power2_00005":{"width":302,"height":302},"EF/950_S1_power2/950_S1_power2_00006":{"width":302,"height":302},"EF/950_S1_power2/950_S1_power2_00007":{"width":302,"height":302},"EF/950_S1_power2/950_S1_power2_00008":{"width":302,"height":302},"EF/950_S1_power2/950_S1_power2_00009":{"width":302,"height":302},"EF/950_S1_power2/950_S1_power2_00010":{"width":302,"height":302},"EF/950_S1_power2/950_S1_power2_00011":{"width":302,"height":302}},"S1_power2_1":{"EF/950_S1_power2/950_S1_power2_00003":{"width":302,"height":302},"EF/950_S1_power2/950_S1_power2_00004":{"width":302,"height":302},"EF/950_S1_power2/950_S1_power2_00005":{"width":302,"height":302},"EF/950_S1_power2/950_S1_power2_00006":{"width":302,"height":302},"EF/950_S1_power2/950_S1_power2_00007":{"width":302,"height":302},"EF/950_S1_power2/950_S1_power2_00008":{"width":302,"height":302},"EF/950_S1_power2/950_S1_power2_00009":{"width":302,"height":302},"EF/950_S1_power2/950_S1_power2_00010":{"width":302,"height":302},"EF/950_S1_power2/950_S1_power2_00011":{"width":302,"height":302}},"S1_power3_00":{"EF/950_S1_power3/950_S1_power3_00000":{"x":3.03,"y":0.6,"width":302,"height":302}},"S1_wave1_00":{"EF/100_S1_wave1/100_S1_wave1_00001":{"y":18.3,"width":428,"height":428},"EF/100_S1_wave1/100_S1_wave1_00002":{"y":18.3,"width":428,"height":428},"EF/100_S1_wave1/100_S1_wave1_00003":{"y":18.3,"width":428,"height":428},"EF/100_S1_wave1/100_S1_wave1_00004":{"y":18.3,"width":428,"height":428},"EF/100_S1_wave1/100_S1_wave1_00005":{"y":18.3,"width":428,"height":428},"EF/100_S1_wave1/100_S1_wave1_00006":{"y":18.3,"width":428,"height":428},"EF/100_S1_wave1/100_S1_wave1_00007":{"y":18.3,"width":428,"height":428},"EF/100_S1_wave1/100_S1_wave1_00008":{"y":18.3,"width":428,"height":428},"EF/100_S1_wave1/100_S1_wave1_00009":{"y":18.3,"width":428,"height":428},"EF/100_S1_wave1/100_S1_wave1_00010":{"y":18.3,"width":428,"height":428},"EF/100_S1_wave1/100_S1_wave1_00011":{"y":18.3,"width":428,"height":428}},"S1_wave1_01":{"EF/100_S1_wave1/100_S1_wave1_00001":{"y":18.3,"width":428,"height":428},"EF/100_S1_wave1/100_S1_wave1_00002":{"y":18.3,"width":428,"height":428},"EF/100_S1_wave1/100_S1_wave1_00003":{"y":18.3,"width":428,"height":428},"EF/100_S1_wave1/100_S1_wave1_00004":{"y":18.3,"width":428,"height":428},"EF/100_S1_wave1/100_S1_wave1_00005":{"y":18.3,"width":428,"height":428},"EF/100_S1_wave1/100_S1_wave1_00006":{"y":18.3,"width":428,"height":428},"EF/100_S1_wave1/100_S1_wave1_00007":{"y":18.3,"width":428,"height":428},"EF/100_S1_wave1/100_S1_wave1_00008":{"y":18.3,"width":428,"height":428},"EF/100_S1_wave1/100_S1_wave1_00009":{"y":18.3,"width":428,"height":428},"EF/100_S1_wave1/100_S1_wave1_00010":{"y":18.3,"width":428,"height":428},"EF/100_S1_wave1/100_S1_wave1_00011":{"y":18.3,"width":428,"height":428}},"head_frie":{"EF/head_frie/head_fire_1":{"x":30.36,"y":-40.97,"width":280,"height":280},"EF/head_frie/head_fire_2":{"x":30.36,"y":-40.97,"width":280,"height":280},"EF/head_frie/head_fire_3":{"x":30.36,"y":-40.97,"width":280,"height":280},"EF/head_frie/head_fire_4":{"x":30.36,"y":-40.97,"width":280,"height":280}},"tail_weapon":{"EF/tail_weapon":{"x":-13.29,"y":71.88,"width":280,"height":280}}}},"events":{"Event":{},"Hit":{},"Sound1":{},"Sound2":{},"Sound3":{},"Voice":{}},"animations":{"attack1":{"slots":{"DAMAGEAREA":{"attachment":[{"time":0.6333,"name":"DAMAGEAREA"}]},"EF/swordEF/10000-combo_16_ef2_1B":{"attachment":[{"time":0.6,"name":"EF/swordEF/10000-combo_16_ef2_1B"},{"time":0.6333,"name":null}]},"EF/swordEF/10000-combo_16_ef2_1F":{"attachment":[{"time":0.6,"name":"EF/swordEF/10000-combo_16_ef2_1F"},{"time":0.6333,"name":null}]},"MAIN":{"attachment":[{"time":0,"name":"attack1_00"},{"time":0.0666,"name":"attack1_01"},{"time":0.1333,"name":"attack1_02"},{"time":0.6,"name":"attack1_03"},{"time":0.6666,"name":"attack1_04"},{"time":0.7333,"name":"attack1_05"},{"time":1,"name":"attack1_03"},{"time":1.0666,"name":"attack1_06"},{"time":1.1333,"name":"attack1_07"},{"time":1.2333,"name":"attack1_08"},{"time":1.2666,"name":"attack1_08"}]},"head_frie":{"attachment":[{"time":0,"name":"EF/head_frie/head_fire_1"},{"time":0.1,"name":"EF/head_frie/head_fire_2"},{"time":0.2,"name":"EF/head_frie/head_fire_3"},{"time":0.3,"name":"EF/head_frie/head_fire_4"},{"time":0.4,"name":"EF/head_frie/head_fire_1"},{"time":0.5,"name":"EF/head_frie/head_fire_2"},{"time":0.6,"name":"EF/head_frie/head_fire_3"},{"time":0.7,"name":"EF/head_frie/head_fire_4"},{"time":0.8,"name":"EF/head_frie/head_fire_1"},{"time":0.9,"name":"EF/head_frie/head_fire_2"},{"time":1,"name":"EF/head_frie/head_fire_3"},{"time":1.1,"name":"EF/head_frie/head_fire_4"}]},"tail_weapon":{"attachment":[{"time":0,"name":"EF/tail_weapon"},{"time":0.6,"name":null}]}},"bones":{"MAIN":{"translate":[{"time":0,"x":0,"y":0}]},"sword_up_EF":{"rotate":[{"time":0.6,"angle":-175.5}],"translate":[{"time":0.6,"x":-763.31,"y":-340.7}],"scale":[{"time":0.6,"x":-0.856,"y":1.271}]},"DAMAGEAREA":{"translate":[{"time":0.6333,"x":-134.5,"y":30.18}],"scale":[{"time":0.6333,"x":0.629,"y":0.707}]},"stone6":{"translate":[{"time":0,"x":13.28,"y":9.09},{"time":0.0666,"x":4.75,"y":9.09},{"time":0.1333,"x":-3.77,"y":9.09,"curve":"stepped"},{"time":0.6,"x":13.28,"y":9.09,"curve":[0.151,0.73,0.75,1]},{"time":0.7,"x":23.6,"y":9.09,"curve":"stepped"},{"time":0.8333,"x":23.6,"y":9.09},{"time":1.1333,"x":13.28,"y":9.09}]},"stone5":{"translate":[{"time":0,"x":13.28,"y":9.09},{"time":0.0666,"x":6.68,"y":9.09},{"time":0.1333,"x":1.21,"y":9.09,"curve":"stepped"},{"time":0.6,"x":13.28,"y":9.09,"curve":[0.151,0.73,0.75,1]},{"time":0.7,"x":20.7,"y":9.09,"curve":"stepped"},{"time":0.8333,"x":20.7,"y":9.09},{"time":1.1333,"x":13.28,"y":9.09}]},"stone4":{"translate":[{"time":0,"x":13.28,"y":9.09},{"time":0.0666,"x":9.26,"y":9.09},{"time":0.1333,"x":5.07,"y":9.09,"curve":"stepped"},{"time":0.6,"x":13.28,"y":9.09,"curve":[0.151,0.73,0.75,1]},{"time":0.7,"x":16.9,"y":9.09,"curve":"stepped"},{"time":0.8333,"x":16.9,"y":9.09},{"time":1.1333,"x":13.28,"y":9.09}]},"stone3":{"translate":[{"time":0,"x":13.28,"y":9.09},{"time":0.0666,"x":14.25,"y":9.09},{"time":0.1333,"x":15.05,"y":9.09,"curve":"stepped"},{"time":0.6,"x":13.28,"y":9.09,"curve":[0.151,0.73,0.75,1]},{"time":0.7,"x":11.47,"y":9.09,"curve":"stepped"},{"time":0.8333,"x":11.47,"y":9.09},{"time":1.1333,"x":13.28,"y":9.09}]},"stone2":{"translate":[{"time":0,"x":13.28,"y":9.09},{"time":0.0666,"x":15.86,"y":9.09},{"time":0.1333,"x":17.47,"y":9.09,"curve":"stepped"},{"time":0.6,"x":13.28,"y":9.09,"curve":[0.151,0.73,0.75,1]},{"time":0.7,"x":8.57,"y":9.09,"curve":"stepped"},{"time":0.8333,"x":8.57,"y":9.09},{"time":1.1333,"x":13.28,"y":9.09}]},"stone1":{"translate":[{"time":0,"x":13.28,"y":9.09},{"time":0.0666,"x":17.14,"y":9.09},{"time":0.1333,"x":21.17,"y":9.09,"curve":"stepped"},{"time":0.6,"x":13.28,"y":9.09,"curve":[0.151,0.73,0.75,1]},{"time":0.7,"x":4.23,"y":9.09,"curve":"stepped"},{"time":0.8333,"x":4.23,"y":9.09},{"time":1.1333,"x":13.28,"y":9.09}]},"stone_root":{"translate":[{"time":0,"x":0,"y":0,"curve":"stepped"},{"time":0.6,"x":0,"y":0,"curve":"stepped"},{"time":0.7,"x":0,"y":0,"curve":"stepped"},{"time":1.1333,"x":0,"y":0}]},"head_frie":{"rotate":[{"time":0,"angle":-13.23,"curve":"stepped"},{"time":0.0666,"angle":-4.27,"curve":"stepped"},{"time":0.1333,"angle":-1.44,"curve":"stepped"},{"time":0.6,"angle":-14.03,"curve":"stepped"},{"time":0.6333,"angle":-21.3,"curve":"stepped"},{"time":0.7,"angle":-23.63,"curve":"stepped"},{"time":1,"angle":-22.49,"curve":"stepped"},{"time":1.0666,"angle":-20.7,"curve":"stepped"},{"time":1.1333,"angle":-18.85,"curve":"stepped"},{"time":1.2333,"angle":-6.59}],"translate":[{"time":0,"x":29.45,"y":7.94,"curve":"stepped"},{"time":0.0666,"x":22.12,"y":0.04,"curve":"stepped"},{"time":0.1333,"x":17.04,"y":-8.13,"curve":"stepped"},{"time":0.6,"x":59.62,"y":-9.25,"curve":"stepped"},{"time":0.6333,"x":66.11,"y":-16.59,"curve":"stepped"},{"time":0.7,"x":66.11,"y":-17.15,"curve":"stepped"},{"time":1,"x":66.11,"y":-16.59,"curve":"stepped"},{"time":1.0666,"x":62.16,"y":-12.64,"curve":"stepped"},{"time":1.1333,"x":59.34,"y":-8.41,"curve":"stepped"},{"time":1.2333,"x":-6.28,"y":1.11}]},"ail_weapon":{"rotate":[{"time":0,"angle":-0.37,"curve":"stepped"},{"time":0.0666,"angle":29.22,"curve":"stepped"},{"time":0.1333,"angle":-302.79}],"translate":[{"time":0.0666,"x":-31.49,"y":17.81,"curve":"stepped"},{"time":0.1333,"x":-66.59,"y":22.31}]}},"drawOrder":[{"time":0,"offsets":[{"slot":"tail_weapon","offset":-17}]},{"time":0.6,"offsets":[{"slot":"EF/swordEF/10000-combo_16_ef2_1B","offset":-3},{"slot":"EF/swordEF/10000-combo_16_ef2_1F","offset":-3}]}],"events":[{"time":0,"name":"Hit","float":0.08,"string":"kHitStopType_normal"},{"time":0.6,"name":"Sound1","string":"cri_se_battle_hard_hit"},{"time":0.6,"name":"Voice","string":"cri_088_voice_attack_random"}]},"back":{"slots":{"MAIN":{"attachment":[{"time":0,"name":"back_00"},{"time":0.3666,"name":"idle_02"},{"time":0.4666,"name":"idle_03"},{"time":0.6,"name":"idle_04"},{"time":0.8333,"name":"idle_04"}]},"head_frie":{"attachment":[{"time":0,"name":"EF/head_frie/head_fire_1"},{"time":0.1,"name":"EF/head_frie/head_fire_2"},{"time":0.2,"name":"EF/head_frie/head_fire_3"},{"time":0.3,"name":"EF/head_frie/head_fire_4"},{"time":0.4333,"name":"EF/head_frie/head_fire_1"},{"time":0.5333,"name":"EF/head_frie/head_fire_2"},{"time":0.6333,"name":"EF/head_frie/head_fire_3"},{"time":0.7333,"name":"EF/head_frie/head_fire_4"}]},"tail_weapon":{"attachment":[{"time":0,"name":null}]}},"bones":{"MAIN":{"translate":[{"time":0,"x":0,"y":0,"curve":[0.161,0.52,0.75,1]},{"time":0.2333,"x":130,"y":-9.83,"curve":[0.083,0.7,0.75,1]},{"time":0.5,"x":140,"y":0}]},"head_frie":{"translate":[{"time":0,"x":38.27,"y":3.16,"curve":"stepped"},{"time":0.3666,"x":-0.21,"y":0.44}]},"stone1":{"translate":[{"time":0,"x":0,"y":0,"curve":[0.25,0,0.75,1]},{"time":0.2,"x":-4.94,"y":-2.15,"curve":[0.25,0,0.75,1]},{"time":0.3666,"x":0,"y":-1.38,"curve":[0.25,0,0.75,1]},{"time":0.8333,"x":0,"y":0}]},"stone6":{"translate":[{"time":0,"x":0,"y":0,"curve":[0.25,0,0.75,1]},{"time":0.2333,"x":-2.47,"y":1.38,"curve":[0.25,0,0.75,1]},{"time":0.4666,"x":0,"y":-1.44,"curve":[0.25,0,0.75,1]},{"time":0.8333,"x":0,"y":0}]},"stone3":{"translate":[{"time":0,"x":0,"y":0,"curve":[0.25,0,0.75,1]},{"time":0.2333,"x":-1.85,"y":1.98,"curve":[0.248,0,0.627,0.51]},{"time":0.4333,"x":0,"y":0.32,"curve":[0.376,0.51,0.748,1]},{"time":0.8333,"x":0,"y":0}]},"stone2":{"translate":[{"time":0,"x":0,"y":0,"curve":[0.25,0,0.75,1]},{"time":0.2333,"x":-1.54,"y":0.43,"curve":[0.251,0,0.623,0.48]},{"time":0.4,"x":0,"y":-0.98,"curve":[0.372,0.48,0.751,1]},{"time":0.8333,"x":0,"y":0}]},"stone5":{"translate":[{"time":0,"x":0,"y":0,"curve":[0.25,0,0.75,1]},{"time":0.1333,"x":0,"y":-1.53,"curve":[0.255,0,0.619,0.46]},{"time":0.2333,"x":-5.25,"y":-1.16,"curve":[0.366,0.46,0.753,1]},{"time":0.3666,"x":0,"y":-0.62,"curve":[0.25,0,0.75,1]},{"time":0.8333,"x":0,"y":0}]},"stone4":{"translate":[{"time":0,"x":0,"y":0,"curve":[0.25,0,0.75,1]},{"time":0.2,"x":-2.78,"y":0.52,"curve":[0.309,0,0.643,0.35]},{"time":0.4,"x":0,"y":-0.76,"curve":[0.375,0.5,0.75,1]},{"time":0.8333,"x":0,"y":0}]},"stone_root":{"translate":[{"time":0,"x":0,"y":0,"curve":[0.13,0.62,0.75,1]},{"time":0.1666,"x":-2.53,"y":0},{"time":0.5666,"x":0,"y":0}]}}},"cast":{"slots":{"DAMAGEAREA":{"attachment":[{"time":0.5,"name":"DAMAGEAREA"}]},"EF/swordEF/10000-combo_16_ef2_1B":{"attachment":[{"time":0.5,"name":"EF/swordEF/10000-combo_16_ef2_1B"},{"time":0.5333,"name":null}]},"EF/swordEF/10000-combo_16_ef2_1F":{"attachment":[{"time":0.5,"name":"EF/swordEF/10000-combo_16_ef2_1F"},{"time":0.5333,"name":null}]},"MAIN":{"attachment":[{"time":0,"name":"attack1_00"},{"time":0.0333,"name":"attack1_01"},{"time":0.0666,"name":"attack1_02"},{"time":0.5,"name":"attack1_03"},{"time":0.5666,"name":"attack1_04"},{"time":0.6333,"name":"attack1_05"},{"time":0.8666,"name":"attack1_03"},{"time":0.9333,"name":"attack1_06"},{"time":1,"name":"attack1_07"},{"time":1.1,"name":"attack1_08"},{"time":1.1333,"name":"attack1_08"}]},"head_frie":{"attachment":[{"time":0,"name":"EF/head_frie/head_fire_1"},{"time":0.1,"name":"EF/head_frie/head_fire_2"},{"time":0.2,"name":"EF/head_frie/head_fire_3"},{"time":0.3,"name":"EF/head_frie/head_fire_4"},{"time":0.4,"name":"EF/head_frie/head_fire_1"},{"time":0.5,"name":"EF/head_frie/head_fire_3"},{"time":0.6,"name":"EF/head_frie/head_fire_4"},{"time":0.7,"name":"EF/head_frie/head_fire_1"},{"time":0.8,"name":"EF/head_frie/head_fire_2"},{"time":0.9,"name":"EF/head_frie/head_fire_3"},{"time":1,"name":"EF/head_frie/head_fire_4"}]},"tail_weapon":{"attachment":[{"time":0,"name":"EF/tail_weapon"},{"time":0.5,"name":null}]}},"bones":{"sword_up_EF":{"rotate":[{"time":0.5,"angle":-170.32}],"translate":[{"time":0.5,"x":-767.39,"y":-350.21}],"scale":[{"time":0.5,"x":-0.79,"y":1.196}]},"MAIN":{"translate":[{"time":0,"x":0,"y":0}]},"stone3":{"translate":[{"time":0,"x":13.28,"y":9.09},{"time":0.0333,"x":14.25,"y":9.09},{"time":0.0666,"x":15.05,"y":9.09,"curve":"stepped"},{"time":0.5,"x":13.28,"y":9.09,"curve":[0.151,0.73,0.75,1]},{"time":0.6,"x":11.47,"y":9.09,"curve":"stepped"},{"time":0.7,"x":11.47,"y":9.09},{"time":1,"x":13.28,"y":9.09}]},"stone5":{"translate":[{"time":0,"x":13.28,"y":9.09},{"time":0.0333,"x":6.68,"y":9.09},{"time":0.0666,"x":1.21,"y":9.09,"curve":"stepped"},{"time":0.5,"x":13.28,"y":9.09,"curve":[0.151,0.73,0.75,1]},{"time":0.6,"x":20.7,"y":9.09,"curve":"stepped"},{"time":0.7,"x":20.7,"y":9.09},{"time":1,"x":13.28,"y":9.09}]},"stone4":{"translate":[{"time":0,"x":13.28,"y":9.09},{"time":0.0333,"x":9.26,"y":9.09},{"time":0.0666,"x":5.07,"y":9.09,"curve":"stepped"},{"time":0.5,"x":13.28,"y":9.09,"curve":[0.151,0.73,0.75,1]},{"time":0.6,"x":16.9,"y":9.09,"curve":"stepped"},{"time":0.7,"x":16.9,"y":9.09},{"time":1,"x":13.28,"y":9.09}]},"stone_root":{"translate":[{"time":0,"x":0,"y":0,"curve":"stepped"},{"time":0.5,"x":0,"y":0,"curve":"stepped"},{"time":0.6,"x":0,"y":0,"curve":"stepped"},{"time":1,"x":0,"y":0}]},"stone2":{"translate":[{"time":0,"x":13.28,"y":9.09},{"time":0.0333,"x":15.86,"y":9.09},{"time":0.0666,"x":17.47,"y":9.09,"curve":"stepped"},{"time":0.5,"x":13.28,"y":9.09,"curve":[0.151,0.73,0.75,1]},{"time":0.6,"x":8.57,"y":9.09,"curve":"stepped"},{"time":0.7,"x":8.57,"y":9.09},{"time":1,"x":13.28,"y":9.09}]},"DAMAGEAREA":{"translate":[{"time":0.5,"x":-134.5,"y":30.18}],"scale":[{"time":0.5,"x":0.629,"y":0.707}]},"stone6":{"translate":[{"time":0,"x":13.28,"y":9.09},{"time":0.0333,"x":4.75,"y":9.09},{"time":0.0666,"x":-3.77,"y":9.09,"curve":"stepped"},{"time":0.5,"x":13.28,"y":9.09,"curve":[0.151,0.73,0.75,1]},{"time":0.6,"x":23.6,"y":9.09,"curve":"stepped"},{"time":0.7,"x":23.6,"y":9.09},{"time":1,"x":13.28,"y":9.09}]},"stone1":{"translate":[{"time":0,"x":13.28,"y":9.09},{"time":0.0333,"x":17.14,"y":9.09},{"time":0.0666,"x":21.17,"y":9.09,"curve":"stepped"},{"time":0.5,"x":13.28,"y":9.09,"curve":[0.151,0.73,0.75,1]},{"time":0.6,"x":4.23,"y":9.09,"curve":"stepped"},{"time":0.7,"x":4.23,"y":9.09},{"time":1,"x":13.28,"y":9.09}]},"head_frie":{"rotate":[{"time":0,"angle":-13.23,"curve":"stepped"},{"time":0.0333,"angle":-4.27,"curve":"stepped"},{"time":0.0666,"angle":-1.44,"curve":"stepped"},{"time":0.5,"angle":-14.03,"curve":"stepped"},{"time":0.5333,"angle":-21.3,"curve":"stepped"},{"time":0.6,"angle":-23.63,"curve":"stepped"},{"time":0.8666,"angle":-22.49,"curve":"stepped"},{"time":0.9333,"angle":-20.7,"curve":"stepped"},{"time":1,"angle":-18.85}],"translate":[{"time":0,"x":29.45,"y":7.94,"curve":"stepped"},{"time":0.0333,"x":22.12,"y":0.04,"curve":"stepped"},{"time":0.0666,"x":17.04,"y":-8.13,"curve":"stepped"},{"time":0.5,"x":59.62,"y":-9.25,"curve":"stepped"},{"time":0.5333,"x":66.11,"y":-16.59,"curve":"stepped"},{"time":0.6,"x":66.11,"y":-17.15,"curve":"stepped"},{"time":0.8666,"x":66.11,"y":-16.59,"curve":"stepped"},{"time":0.9333,"x":62.16,"y":-12.64,"curve":"stepped"},{"time":1,"x":59.34,"y":-8.41}]},"ail_weapon":{"rotate":[{"time":0,"angle":-0.37,"curve":"stepped"},{"time":0.0333,"angle":29.22,"curve":"stepped"},{"time":0.0666,"angle":-302.79}],"translate":[{"time":0.0333,"x":-31.49,"y":17.81,"curve":"stepped"},{"time":0.0666,"x":-66.59,"y":22.31}]}},"drawOrder":[{"time":0,"offsets":[{"slot":"tail_weapon","offset":-17}]},{"time":0.4},{"time":0.5,"offsets":[{"slot":"EF/swordEF/10000-combo_16_ef2_1B","offset":-3},{"slot":"EF/swordEF/10000-combo_16_ef2_1F","offset":-3}]}],"events":[{"time":0,"name":"Hit","float":0.08,"string":"kHitStopType_normal"},{"time":0.4,"name":"Voice","string":"cri_093_voice_item"},{"time":0.5,"name":"Sound1","string":"cri_se_battle_hard_hit"},{"time":0.5,"name":"Voice","string":"cri_093_voice_attack_random"}]},"damage":{"slots":{"MAIN":{"attachment":[{"time":0,"name":"damage_00"}]},"head_frie":{"attachment":[{"time":0,"name":"EF/head_frie/head_fire_1"}]},"tail_weapon":{"attachment":[{"time":0,"name":null}]}},"bones":{"stone_root":{"rotate":[{"time":0,"angle":-18.38}],"translate":[{"time":0,"x":0.64,"y":10.74}]},"stone1":{"rotate":[{"time":0,"angle":-16.19}],"translate":[{"time":0,"x":-0.21,"y":-11.42}]},"stone6":{"rotate":[{"time":0,"angle":41.89}],"translate":[{"time":0,"x":-3.8,"y":5.41}]},"stone3":{"rotate":[{"time":0,"angle":-7.82}]},"stone2":{"rotate":[{"time":0,"angle":-6.95}]},"stone5":{"rotate":[{"time":0,"angle":22.13}],"translate":[{"time":0,"x":-1.61,"y":-5.21}]},"stone4":{"rotate":[{"time":0,"angle":21.58}]},"head_frie":{"rotate":[{"time":0,"angle":-78.68}],"translate":[{"time":0,"x":35.08,"y":-1.32}]}},"drawOrder":[{"time":0}]},"front":{"slots":{"MAIN":{"attachment":[{"time":0,"name":"idle_00"}]},"head_frie":{"attachment":[{"time":0,"name":"EF/head_frie/head_fire_1"}]},"tail_weapon":{"attachment":[{"time":0,"name":null}]}},"drawOrder":[{"time":0}]},"idle":{"slots":{"MAIN":{"attachment":[{"time":0,"name":"idle_00"},{"time":0.2333,"name":"idle_01"},{"time":0.4666,"name":"idle_02"},{"time":0.7,"name":"idle_03"},{"time":0.9333,"name":"idle_04"}]},"head_frie":{"attachment":[{"time":0,"name":"EF/head_frie/head_fire_1"},{"time":0.1,"name":"EF/head_frie/head_fire_2"},{"time":0.2,"name":"EF/head_frie/head_fire_3"},{"time":0.3,"name":"EF/head_frie/head_fire_4"},{"time":0.4,"name":"EF/head_frie/head_fire_1"},{"time":0.5,"name":"EF/head_frie/head_fire_2"},{"time":0.6,"name":"EF/head_frie/head_fire_3"},{"time":0.7,"name":"EF/head_frie/head_fire_4"},{"time":0.8,"name":"EF/head_frie/head_fire_1"},{"time":0.9,"name":"EF/head_frie/head_fire_2"},{"time":1,"name":"EF/head_frie/head_fire_3"},{"time":1.1,"name":"EF/head_frie/head_fire_4"}]},"tail_weapon":{"attachment":[{"time":0,"name":null}]}},"bones":{"MAIN":{"translate":[{"time":0,"x":0,"y":0,"curve":[0.25,0,0.75,1]},{"time":0.4,"x":0,"y":-1.73,"curve":[0.25,0,0.75,1]},{"time":1.1666,"x":0,"y":0}]},"stone3":{"translate":[{"time":0,"x":0,"y":0,"curve":[0.25,0,0.75,1]},{"time":0.4,"x":0,"y":1.98,"curve":[0.248,0,0.627,0.51]},{"time":0.8,"x":0,"y":0.32,"curve":[0.376,0.51,0.748,1]},{"time":1.1666,"x":0,"y":0}]},"stone2":{"translate":[{"time":0,"x":0,"y":0,"curve":[0.25,0,0.75,1]},{"time":0.4,"x":0,"y":0.43,"curve":[0.251,0,0.623,0.48]},{"time":0.7666,"x":0,"y":-0.98,"curve":[0.372,0.48,0.751,1]},{"time":1.1666,"x":0,"y":0}]},"stone1":{"translate":[{"time":0,"x":0,"y":0,"curve":[0.25,0,0.75,1]},{"time":0.3666,"x":0,"y":-2.15,"curve":[0.25,0,0.75,1]},{"time":0.7333,"x":0,"y":-1.38,"curve":[0.25,0,0.75,1]},{"time":1.1666,"x":0,"y":0}]},"stone4":{"translate":[{"time":0,"x":0,"y":0,"curve":[0.25,0,0.75,1]},{"time":0.3666,"x":0,"y":0.52,"curve":[0.25,0,0.625,0.5]},{"time":0.7666,"x":0,"y":-0.76,"curve":[0.375,0.5,0.75,1]},{"time":1.1666,"x":0,"y":0}]},"stone5":{"translate":[{"time":0,"x":0,"y":0,"curve":[0.25,0,0.75,1]},{"time":0.3,"x":0,"y":-1.53,"curve":[0.25,0,0.75,1]},{"time":0.7333,"x":0,"y":-0.62,"curve":[0.25,0,0.75,1]},{"time":1.1666,"x":0,"y":0}]},"stone6":{"translate":[{"time":0,"x":0,"y":0,"curve":[0.25,0,0.75,1]},{"time":0.4,"x":0,"y":1.38,"curve":[0.25,0,0.75,1]},{"time":0.8333,"x":0,"y":-1.44,"curve":[0.25,0,0.75,1]},{"time":1.1666,"x":0,"y":0}]},"HPBAR":{"translate":[{"time":0,"x":0,"y":0,"curve":[0.25,0,0.75,1]},{"time":0.4,"x":0,"y":1.73,"curve":[0.25,0,0.75,1]},{"time":1.1666,"x":0,"y":0}]}}},"skill1":{"slots":{"DAMAGEAREA":{"attachment":[{"time":0.9333,"name":"DAMAGEAREA"},{"time":1.6,"name":null}]},"EF/stone/stone_1":{"color":[{"time":0.5666,"color":"ffffffff"},{"time":0.6666,"color":"ffffff00","curve":"stepped"},{"time":1.6333,"color":"ffffff00"},{"time":2,"color":"ffffffff"}]},"EF/stone/stone_2":{"color":[{"time":0.5666,"color":"ffffffff"},{"time":0.6666,"color":"ffffff00","curve":"stepped"},{"time":1.6333,"color":"ffffff00"},{"time":2,"color":"ffffffff"}]},"EF/stone/stone_3":{"color":[{"time":0.5666,"color":"ffffffff"},{"time":0.6666,"color":"ffffff00","curve":"stepped"},{"time":1.6333,"color":"ffffff00"},{"time":2,"color":"ffffffff"}]},"EF/stone/stone_4":{"color":[{"time":0.5666,"color":"ffffffff"},{"time":0.6666,"color":"ffffff00","curve":"stepped"},{"time":1.6333,"color":"ffffff00"},{"time":2,"color":"ffffffff"}]},"EF/stone/stone_5":{"color":[{"time":0.5666,"color":"ffffffff"},{"time":0.6666,"color":"ffffff00","curve":"stepped"},{"time":1.6333,"color":"ffffff00"},{"time":2,"color":"ffffffff"}]},"EF/stone/stone_6":{"color":[{"time":0.5666,"color":"ffffffff"},{"time":0.6666,"color":"ffffff00","curve":"stepped"},{"time":1.6333,"color":"ffffff00"},{"time":2,"color":"ffffffff"}]},"EF/stone/stone_7":{"color":[{"time":0.5666,"color":"ffffffff"},{"time":0.6666,"color":"ffffff00","curve":"stepped"},{"time":1.6333,"color":"ffffff00"},{"time":2,"color":"ffffffff"}]},"EF/stone/stone_8":{"color":[{"time":0.5666,"color":"ffffffff"},{"time":0.6666,"color":"ffffff00","curve":"stepped"},{"time":1.6333,"color":"ffffff00"},{"time":2,"color":"ffffffff"}]},"EF/stone/stone_9":{"color":[{"time":0.5666,"color":"ffffffff"},{"time":0.6666,"color":"ffffff00","curve":"stepped"},{"time":1.6333,"color":"ffffff00"},{"time":2,"color":"ffffffff"}]},"EF/stone/stone_10":{"color":[{"time":0.5666,"color":"ffffffff"},{"time":0.6666,"color":"ffffff00","curve":"stepped"},{"time":1.6333,"color":"ffffff00"},{"time":2,"color":"ffffffff"}]},"EF/stone/stone_11":{"color":[{"time":0.5666,"color":"ffffffff"},{"time":0.6666,"color":"ffffff00","curve":"stepped"},{"time":1.6333,"color":"ffffff00"},{"time":2,"color":"ffffffff"}]},"MAIN":{"attachment":[{"time":0,"name":"idle_00"},{"time":0.1,"name":"skill_00"},{"time":0.1333,"name":"skill_01"},{"time":0.2,"name":"skill_02"},{"time":0.2666,"name":"skill_03"},{"time":0.5333,"name":"skill_11"},{"time":0.5666,"name":"skill_12"},{"time":0.6333,"name":"skill_13"},{"time":0.9333,"name":"skill_12"},{"time":1.0333,"name":"skill_13"},{"time":1.1333,"name":"skill_12"},{"time":1.2333,"name":"skill_13"},{"time":1.3333,"name":"skill_12"},{"time":1.6333,"name":"skill_12"},{"time":1.7,"name":"skill_14"},{"time":1.8333,"name":"skill_15"},{"time":2,"name":"idle_00"}]},"S1_power1_00":{"attachment":[{"time":0,"name":"EF/950_S1_power1/950_S1_power1_00016"},{"time":0.0333,"name":"EF/950_S1_power1/950_S1_power1_00015"},{"time":0.0666,"name":"EF/950_S1_power1/950_S1_power1_00014"},{"time":0.1,"name":"EF/950_S1_power1/950_S1_power1_00013"},{"time":0.1333,"name":"EF/950_S1_power1/950_S1_power1_00012"},{"time":0.1666,"name":"EF/950_S1_power1/950_S1_power1_00011"},{"time":0.2,"name":"EF/950_S1_power1/950_S1_power1_00010"},{"time":0.2333,"name":"EF/950_S1_power1/950_S1_power1_00009"},{"time":0.2666,"name":"EF/950_S1_power1/950_S1_power1_00008"},{"time":0.3,"name":"EF/950_S1_power1/950_S1_power1_00007"},{"time":0.5333,"name":"EF/950_S1_power1/950_S1_power1_00007"},{"time":0.5666,"name":"EF/950_S1_power1/950_S1_power1_00008"},{"time":0.6,"name":"EF/950_S1_power1/950_S1_power1_00008"},{"time":0.6333,"name":"EF/950_S1_power1/950_S1_power1_00009"},{"time":0.6666,"name":"EF/950_S1_power1/950_S1_power1_00010"},{"time":0.7,"name":"EF/950_S1_power1/950_S1_power1_00011"},{"time":0.7333,"name":"EF/950_S1_power1/950_S1_power1_00012"},{"time":0.7666,"name":"EF/950_S1_power1/950_S1_power1_00013"},{"time":0.8,"name":"EF/950_S1_power1/950_S1_power1_00014"},{"time":0.8333,"name":"EF/950_S1_power1/950_S1_power1_00015"},{"time":0.8666,"name":"EF/950_S1_power1/950_S1_power1_00016"},{"time":1,"name":null}],"color":[{"time":0.9,"color":"ffffffff"},{"time":1,"color":"ffffff00"}]},"S1_power2_00":{"attachment":[{"time":0,"name":"EF/950_S1_power2/950_S1_power2_00011"},{"time":0.0666,"name":"EF/950_S1_power2/950_S1_power2_00010"},{"time":0.1333,"name":"EF/950_S1_power2/950_S1_power2_00009"},{"time":0.1666,"name":"EF/950_S1_power2/950_S1_power2_00008"},{"time":0.2,"name":"EF/950_S1_power2/950_S1_power2_00007"},{"time":0.2333,"name":"EF/950_S1_power2/950_S1_power2_00006"},{"time":0.2666,"name":"EF/950_S1_power2/950_S1_power2_00005"},{"time":0.3,"name":"EF/950_S1_power2/950_S1_power2_00004"},{"time":0.3333,"name":"EF/950_S1_power2/950_S1_power2_00003"},{"time":0.4333,"name":null},{"time":0.5333,"name":"EF/950_S1_power2/950_S1_power2_00003"},{"time":0.5666,"name":"EF/950_S1_power2/950_S1_power2_00006"},{"time":0.6,"name":"EF/950_S1_power2/950_S1_power2_00007"},{"time":0.6333,"name":"EF/950_S1_power2/950_S1_power2_00008"},{"time":0.6666,"name":"EF/950_S1_power2/950_S1_power2_00009"},{"time":0.7,"name":"EF/950_S1_power2/950_S1_power2_00010"},{"time":0.7333,"name":"EF/950_S1_power2/950_S1_power2_00011"},{"time":0.7666,"name":null}]},"S1_power3_00":{"attachment":[{"time":0.5333,"name":"EF/950_S1_power3/950_S1_power3_00000"}],"color":[{"time":0.9,"color":"ffffffff"},{"time":1.1,"color":"ffffff00"}]},"S1_wave1_00":{"attachment":[{"time":0.9333,"name":"EF/100_S1_wave1/100_S1_wave1_00003"},{"time":0.9666,"name":"EF/100_S1_wave1/100_S1_wave1_00004"},{"time":1,"name":"EF/100_S1_wave1/100_S1_wave1_00005"},{"time":1.0333,"name":"EF/100_S1_wave1/100_S1_wave1_00006"},{"time":1.0666,"name":"EF/100_S1_wave1/100_S1_wave1_00007"},{"time":1.1,"name":"EF/100_S1_wave1/100_S1_wave1_00008"},{"time":1.1333,"name":"EF/100_S1_wave1/100_S1_wave1_00009"},{"time":1.1666,"name":"EF/100_S1_wave1/100_S1_wave1_00010"},{"time":1.2,"name":"EF/100_S1_wave1/100_S1_wave1_00011"},{"time":1.3333,"name":"EF/100_S1_wave1/100_S1_wave1_00003"},{"time":1.3666,"name":"EF/100_S1_wave1/100_S1_wave1_00004"},{"time":1.4,"name":"EF/100_S1_wave1/100_S1_wave1_00005"},{"time":1.4333,"name":"EF/100_S1_wave1/100_S1_wave1_00006"},{"time":1.4666,"name":"EF/100_S1_wave1/100_S1_wave1_00007"},{"time":1.5,"name":"EF/100_S1_wave1/100_S1_wave1_00008"},{"time":1.5333,"name":"EF/100_S1_wave1/100_S1_wave1_00009"},{"time":1.5666,"name":"EF/100_S1_wave1/100_S1_wave1_00010"},{"time":1.6,"name":"EF/100_S1_wave1/100_S1_wave1_00011"},{"time":1.7,"name":null}],"color":[{"time":0.9333,"color":"ffffffff","curve":"stepped"},{"time":1.2,"color":"ffffffff"},{"time":1.3,"color":"ffffff00","curve":"stepped"},{"time":1.3333,"color":"ffffffff","curve":"stepped"},{"time":1.6,"color":"ffffffff"},{"time":1.7,"color":"ffffff00"}]},"S1_wave1_01":{"attachment":[{"time":1.1333,"name":"EF/100_S1_wave1/100_S1_wave1_00003"},{"time":1.1666,"name":"EF/100_S1_wave1/100_S1_wave1_00004"},{"time":1.2,"name":"EF/100_S1_wave1/100_S1_wave1_00005"},{"time":1.2333,"name":"EF/100_S1_wave1/100_S1_wave1_00006"},{"time":1.2666,"name":"EF/100_S1_wave1/100_S1_wave1_00007"},{"time":1.3,"name":"EF/100_S1_wave1/100_S1_wave1_00008"},{"time":1.3333,"name":"EF/100_S1_wave1/100_S1_wave1_00009"},{"time":1.3666,"name":"EF/100_S1_wave1/100_S1_wave1_00010"},{"time":1.4,"name":"EF/100_S1_wave1/100_S1_wave1_00011"},{"time":1.5,"name":null}],"color":[{"time":1.4,"color":"ffffffff"},{"time":1.5,"color":"ffffff00"}]},"head_frie":{"attachment":[{"time":0,"name":"EF/head_frie/head_fire_1"},{"time":0.1,"name":"EF/head_frie/head_fire_2"},{"time":0.2,"name":"EF/head_frie/head_fire_3"},{"time":0.3,"name":"EF/head_frie/head_fire_4"},{"time":0.4,"name":"EF/head_frie/head_fire_1"},{"time":0.5,"name":"EF/head_frie/head_fire_2"},{"time":0.6,"name":"EF/head_frie/head_fire_3"},{"time":0.7,"name":"EF/head_frie/head_fire_4"},{"time":0.8,"name":"EF/head_frie/head_fire_1"},{"time":0.9,"name":"EF/head_frie/head_fire_2"},{"time":1,"name":"EF/head_frie/head_fire_3"},{"time":1.1,"name":"EF/head_frie/head_fire_4"},{"time":1.2,"name":"EF/head_frie/head_fire_1"},{"time":1.3,"name":"EF/head_frie/head_fire_2"},{"time":1.4,"name":"EF/head_frie/head_fire_3"},{"time":1.5,"name":"EF/head_frie/head_fire_4"},{"time":1.6,"name":"EF/head_frie/head_fire_1"},{"time":1.7,"name":"EF/head_frie/head_fire_2"},{"time":1.8,"name":"EF/head_frie/head_fire_3"},{"time":1.9,"name":"EF/head_frie/head_fire_4"}]},"tail_weapon":{"attachment":[{"time":0,"name":null},{"time":0.1,"name":"EF/tail_weapon"},{"time":0.5333,"name":null}]}},"bones":{"S1_power1_00":{"rotate":[{"time":0,"angle":-10.84},{"time":0.5333,"angle":0,"curve":"stepped"},{"time":0.8333,"angle":0},{"time":1,"angle":-1.97}],"translate":[{"time":0,"x":-712.32,"y":-157.78},{"time":0.3333,"x":-710.75,"y":-154.79,"curve":"stepped"},{"time":0.5333,"x":-707.63,"y":-139}],"scale":[{"time":0,"x":1,"y":1,"curve":[0.242,0,0.679,0.71]},{"time":0.4,"x":0.334,"y":0.333,"curve":"stepped"},{"time":0.5333,"x":1.519,"y":1.519},{"time":0.7,"x":1.953,"y":1.953}]},"S1_power2_00":{"translate":[{"time":0,"x":-856.73,"y":-159.39},{"time":0.3333,"x":-855.17,"y":-161.48,"curve":"stepped"},{"time":0.5333,"x":-852.04,"y":-133.78},{"time":0.6,"x":-852.04,"y":-120.9}],"scale":[{"time":0,"x":2.046,"y":2.046},{"time":0.2666,"x":2.386,"y":2.386,"curve":[0.25,0,0.75,1]},{"time":0.4,"x":0.26,"y":0.26,"curve":"stepped"},{"time":0.5333,"x":0.548,"y":0.548,"curve":[1,0,0.482,0.97]},{"time":0.6666,"x":2.9,"y":2.9}]},"S1_wave1_00":{"translate":[{"time":0.9333,"x":-1533.11,"y":38.92}],"scale":[{"time":0.9333,"x":2.11,"y":2.11},{"time":1.0333,"x":2.48,"y":2.48},{"time":1.3,"x":3.34,"y":3.34,"curve":"stepped"},{"time":1.3333,"x":2.11,"y":2.11},{"time":1.4333,"x":2.48,"y":2.48},{"time":1.7,"x":3.34,"y":3.34}]},"MAIN":{"translate":[{"time":0,"x":0,"y":0},{"time":0.4666,"x":0,"y":-11.14},{"time":0.5333,"x":0,"y":17.39},{"time":0.6333,"x":0,"y":19.38,"curve":"stepped"},{"time":1.6333,"x":0,"y":19.38,"curve":[0.25,0,0.75,1]},{"time":1.8666,"x":0,"y":-10.03},{"time":2,"x":0,"y":0}]},"S1_wave1_01":{"translate":[{"time":1.1333,"x":-1533.11,"y":112.71}],"scale":[{"time":1.1333,"x":2.11,"y":2.11},{"time":1.2333,"x":2.48,"y":2.48},{"time":1.5,"x":3.34,"y":3.34}]},"S1_power3_00":{"translate":[{"time":0,"x":-1018.36,"y":-174.9},{"time":0.3333,"x":-1018.36,"y":-181.15,"curve":"stepped"},{"time":0.5333,"x":-1018.36,"y":-114.76}],"scale":[{"time":0,"x":2.385,"y":2.385},{"time":0.0666,"x":2.221,"y":2.221},{"time":0.5333,"x":1.077,"y":1.077},{"time":0.6,"x":2.107,"y":2.107}]},"DAMAGEAREA":{"translate":[{"time":0.9333,"x":-124.26,"y":54.4}],"scale":[{"time":0.9333,"x":1.237,"y":0.901}]},"stone5":{"translate":[{"time":0.1,"x":0,"y":0,"curve":[0.503,0,0.867,0.51]},{"time":0.3333,"x":-3.6,"y":0,"curve":"stepped"},{"time":0.5,"x":-8.43,"y":0},{"time":0.6,"x":139.84,"y":-48.77,"curve":"stepped"},{"time":1.6333,"x":19.29,"y":-8.01},{"time":2,"x":0,"y":0}]},"stone2":{"translate":[{"time":0.1,"x":0,"y":0,"curve":[0.503,0,0.867,0.51]},{"time":0.3333,"x":4.94,"y":-0.07,"curve":"stepped"},{"time":0.5,"x":11.59,"y":-0.18},{"time":0.6,"x":-79.17,"y":-39.1,"curve":"stepped"},{"time":1.6333,"x":-10.19,"y":-4.75},{"time":2,"x":0,"y":0}]},"stone3":{"translate":[{"time":0.1,"x":0,"y":0,"curve":[0.503,0,0.867,0.51]},{"time":0.3333,"x":1.88,"y":0,"curve":"stepped"},{"time":0.5,"x":4.41,"y":0},{"time":0.6,"x":-50.53,"y":-80.58,"curve":"stepped"},{"time":1.6333,"x":-4.33,"y":-11.37},{"time":2,"x":0,"y":0}]},"stone6":{"translate":[{"time":0.1,"x":0,"y":0,"curve":[0.503,0,0.867,0.51]},{"time":0.3333,"x":-9.02,"y":0,"curve":"stepped"},{"time":0.5,"x":-21.15,"y":0},{"time":0.6,"x":105.66,"y":40.74,"curve":"stepped"},{"time":1.6333,"x":9.92,"y":7.03},{"time":2,"x":0,"y":0}]},"stone1":{"translate":[{"time":0.1,"x":0,"y":0,"curve":[0.503,0,0.867,0.51]},{"time":0.3333,"x":10.36,"y":0,"curve":"stepped"},{"time":0.5,"x":24.28,"y":0},{"time":0.6,"x":-61.79,"y":63.71,"curve":"stepped"},{"time":1.6333,"x":-7.88,"y":-10.87},{"time":2,"x":0,"y":0}]},"stone4":{"translate":[{"time":0.1,"x":0,"y":0,"curve":[0.503,0,0.867,0.51]},{"time":0.3333,"x":-2.11,"y":0,"curve":"stepped"},{"time":0.5,"x":-4.95,"y":0},{"time":0.6,"x":53.05,"y":-89.66,"curve":"stepped"},{"time":1.6333,"x":6.6,"y":-14.15},{"time":2,"x":0,"y":0}]},"S1_power2_01":{"translate":[{"time":0,"x":0.02,"y":-159.39}]},"head_frie":{"rotate":[{"time":0,"angle":0,"curve":"stepped"},{"time":0.1,"angle":34.88,"curve":"stepped"},{"time":0.2,"angle":54.28,"curve":"stepped"},{"time":0.5333,"angle":-75.17,"curve":"stepped"},{"time":0.5666,"angle":-85.31,"curve":"stepped"},{"time":1.7,"angle":-80.62,"curve":"stepped"},{"time":1.8333,"angle":-64.64,"curve":"stepped"},{"time":2,"angle":0}],"translate":[{"time":0,"x":0,"y":0,"curve":"stepped"},{"time":0.1,"x":-4.08,"y":-0.21,"curve":"stepped"},{"time":0.5333,"x":-0.64,"y":7.73,"curve":"stepped"},{"time":0.5666,"x":9.02,"y":14.4,"curve":"stepped"},{"time":1.7,"x":1.29,"y":10.32,"curve":"stepped"},{"time":1.8333,"x":-6.66,"y":4.08,"curve":"stepped"},{"time":2,"x":0,"y":0}]},"ail_weapon":{"rotate":[{"time":0.1,"angle":-153.68,"curve":"stepped"},{"time":0.1333,"angle":-162.12,"curve":"stepped"},{"time":0.2,"angle":-171.17,"curve":"stepped"},{"time":0.2666,"angle":-176.85}],"translate":[{"time":0.1,"x":-108.15,"y":-113.63,"curve":"stepped"},{"time":0.1333,"x":-119.84,"y":-105.73,"curve":"stepped"},{"time":0.2,"x":-131.53,"y":-96.34,"curve":"stepped"},{"time":0.2666,"x":-132.03,"y":-89.92}],"scale":[{"time":0.1,"x":-0.952,"y":0.952}]}},"drawOrder":[{"time":0,"offsets":[{"slot":"S1_power2_00","offset":5}]},{"time":0.1,"offsets":[{"slot":"S1_power2_00","offset":6},{"slot":"tail_weapon","offset":-18}]},{"time":1.8}],"events":[{"time":0,"name":"Hit","float":0.1,"string":"kHitStopType_enemyonly"},{"time":0,"name":"Sound1","string":"cri_se_battle_charge"},{"time":0,"name":"Voice","string":"cri_088_voice_skill_b"},{"time":0.5333,"name":"Sound1","string":"cri_se_battle_034_explosion_element_02_2"},{"time":0.9333,"name":"Sound1","string":"cri_se_battle_explosion_water_01"},{"time":0.9333,"name":"Sound2","string":"cri_se_battle_monster_hit"},{"time":0.9333,"name":"Sound3","string":"cri_se_battle_hard_hit"},{"time":0.9666,"name":"Event","string":"kImpactType_up"},{"time":1,"name":"Event","string":"shakeGround"},{"time":1.1,"name":"Hit","float":0.03,"string":"kHitStopType_enemyonly"},{"time":1.1333,"name":"Event","string":"kImpactType_up"},{"time":1.1333,"name":"Hit","string":"resetHitList"},{"time":1.3333,"name":"Event","string":"kImpactType_up"},{"time":1.3333,"name":"Hit","string":"resetHitList"},{"time":1.5,"name":"Event","string":"kImpactType_up"},{"time":1.5,"name":"Hit","string":"resetHitList"}]},"skill2":{"slots":{"DAMAGEAREA":{"attachment":[{"time":1.3333,"name":"DAMAGEAREA"},{"time":2.3333,"name":null}]},"EF/stone/stone_1":{"color":[{"time":0.9333,"color":"ffffffff"},{"time":1.0333,"color":"ffffff00","curve":"stepped"},{"time":2.6666,"color":"ffffff00"},{"time":3.0333,"color":"ffffffff"}]},"EF/stone/stone_2":{"color":[{"time":0.9333,"color":"ffffffff"},{"time":1.0333,"color":"ffffff00","curve":"stepped"},{"time":2.6666,"color":"ffffff00"},{"time":3.0333,"color":"ffffffff"}]},"EF/stone/stone_3":{"color":[{"time":0.9333,"color":"ffffffff"},{"time":1.0333,"color":"ffffff00","curve":"stepped"},{"time":2.6666,"color":"ffffff00"},{"time":3.0333,"color":"ffffffff"}]},"EF/stone/stone_4":{"color":[{"time":0.9333,"color":"ffffffff"},{"time":1.0333,"color":"ffffff00","curve":"stepped"},{"time":2.6666,"color":"ffffff00"},{"time":3.0333,"color":"ffffffff"}]},"EF/stone/stone_5":{"color":[{"time":0.9333,"color":"ffffffff"},{"time":1.0333,"color":"ffffff00","curve":"stepped"},{"time":2.6666,"color":"ffffff00"},{"time":3.0333,"color":"ffffffff"}]},"EF/stone/stone_6":{"color":[{"time":0.9333,"color":"ffffffff"},{"time":1.0333,"color":"ffffff00","curve":"stepped"},{"time":2.6666,"color":"ffffff00"},{"time":3.0333,"color":"ffffffff"}]},"EF/stone/stone_7":{"color":[{"time":0.9333,"color":"ffffffff"},{"time":1.0333,"color":"ffffff00","curve":"stepped"},{"time":2.6666,"color":"ffffff00"},{"time":3.0333,"color":"ffffffff"}]},"EF/stone/stone_8":{"color":[{"time":0.9333,"color":"ffffffff"},{"time":1.0333,"color":"ffffff00","curve":"stepped"},{"time":2.6666,"color":"ffffff00"},{"time":3.0333,"color":"ffffffff"}]},"EF/stone/stone_9":{"color":[{"time":0.9333,"color":"ffffffff"},{"time":1.0333,"color":"ffffff00","curve":"stepped"},{"time":2.6666,"color":"ffffff00"},{"time":3.0333,"color":"ffffffff"}]},"EF/stone/stone_10":{"color":[{"time":0.9333,"color":"ffffffff"},{"time":1.0333,"color":"ffffff00","curve":"stepped"},{"time":2.6666,"color":"ffffff00"},{"time":3.0333,"color":"ffffffff"}]},"EF/stone/stone_11":{"color":[{"time":0.9333,"color":"ffffffff"},{"time":1.0333,"color":"ffffff00","curve":"stepped"},{"time":2.6666,"color":"ffffff00"},{"time":3.0333,"color":"ffffffff"}]},"MAIN":{"attachment":[{"time":0,"name":"idle_00"},{"time":0.1,"name":"skill_00"},{"time":0.1333,"name":"skill_01"},{"time":0.1666,"name":"skill_02"},{"time":0.2,"name":"skill_03"},{"time":0.2333,"name":"skill_04"},{"time":0.2666,"name":"skill_03"},{"time":0.3,"name":"skill_05"},{"time":0.3333,"name":"skill_06"},{"time":0.3666,"name":"skill_05"},{"time":0.4,"name":"skill_07"},{"time":0.4333,"name":"skill_06"},{"time":0.4666,"name":"skill_08"},{"time":0.5,"name":"skill_07"},{"time":0.5333,"name":"skill_09"},{"time":0.5666,"name":"skill_10"},{"time":0.9,"name":"skill_11"},{"time":0.9333,"name":"skill_12"},{"time":1,"name":"skill_13"},{"time":1.3333,"name":"skill_12"},{"time":1.4333,"name":"skill_13"},{"time":1.5333,"name":"skill_12"},{"time":1.6333,"name":"skill_13"},{"time":1.7333,"name":"skill_12"},{"time":1.8333,"name":"skill_13"},{"time":1.9333,"name":"skill_12"},{"time":2.0333,"name":"skill_13"},{"time":2.1333,"name":"skill_12"},{"time":2.2333,"name":"skill_13"},{"time":2.6666,"name":"skill_12"},{"time":2.7333,"name":"skill_14"},{"time":2.8666,"name":"skill_15"},{"time":3.0333,"name":"idle_00"}]},"S1_power1_00":{"attachment":[{"time":0,"name":"EF/950_S1_power1/950_S1_power1_00016"},{"time":0.0666,"name":"EF/950_S1_power1/950_S1_power1_00015"},{"time":0.1333,"name":"EF/950_S1_power1/950_S1_power1_00014"},{"time":0.1666,"name":"EF/950_S1_power1/950_S1_power1_00013"},{"time":0.2,"name":"EF/950_S1_power1/950_S1_power1_00012"},{"time":0.2333,"name":"EF/950_S1_power1/950_S1_power1_00011"},{"time":0.2666,"name":"EF/950_S1_power1/950_S1_power1_00010"},{"time":0.3,"name":"EF/950_S1_power1/950_S1_power1_00009"},{"time":0.3333,"name":"EF/950_S1_power1/950_S1_power1_00008"},{"time":0.3666,"name":"EF/950_S1_power1/950_S1_power1_00007"},{"time":0.4,"name":null},{"time":0.8,"name":"EF/950_S1_power1/950_S1_power1_00010"},{"time":0.8666,"name":"EF/950_S1_power1/950_S1_power1_00007"},{"time":0.9,"name":"EF/950_S1_power1/950_S1_power1_00008"},{"time":0.9333,"name":"EF/950_S1_power1/950_S1_power1_00008"},{"time":0.9666,"name":"EF/950_S1_power1/950_S1_power1_00009"},{"time":1,"name":"EF/950_S1_power1/950_S1_power1_00010"},{"time":1.0333,"name":"EF/950_S1_power1/950_S1_power1_00011"},{"time":1.0666,"name":"EF/950_S1_power1/950_S1_power1_00012"},{"time":1.1,"name":"EF/950_S1_power1/950_S1_power1_00013"},{"time":1.1333,"name":"EF/950_S1_power1/950_S1_power1_00014"},{"time":1.1666,"name":"EF/950_S1_power1/950_S1_power1_00015"},{"time":1.2,"name":"EF/950_S1_power1/950_S1_power1_00016"},{"time":1.3333,"name":null}],"color":[{"time":1.2333,"color":"ffffffff"},{"time":1.3333,"color":"ffffff00"}]},"S1_power2_00":{"attachment":[{"time":0,"name":"EF/950_S1_power2/950_S1_power2_00011"},{"time":0.1,"name":"EF/950_S1_power2/950_S1_power2_00010"},{"time":0.1666,"name":"EF/950_S1_power2/950_S1_power2_00009"},{"time":0.2333,"name":"EF/950_S1_power2/950_S1_power2_00008"},{"time":0.2666,"name":"EF/950_S1_power2/950_S1_power2_00007"},{"time":0.3,"name":"EF/950_S1_power2/950_S1_power2_00006"},{"time":0.3333,"name":"EF/950_S1_power2/950_S1_power2_00005"},{"time":0.3666,"name":"EF/950_S1_power2/950_S1_power2_00004"},{"time":0.4,"name":"EF/950_S1_power2/950_S1_power2_00003"},{"time":0.5,"name":null},{"time":0.8666,"name":"EF/950_S1_power2/950_S1_power2_00004"},{"time":0.9,"name":"EF/950_S1_power2/950_S1_power2_00006"},{"time":0.9333,"name":"EF/950_S1_power2/950_S1_power2_00008"},{"time":0.9666,"name":"EF/950_S1_power2/950_S1_power2_00010"},{"time":1,"name":"EF/950_S1_power2/950_S1_power2_00011"},{"time":1.0333,"name":null}]},"S1_power2_0":{"attachment":[{"time":0.3666,"name":"EF/950_S1_power2/950_S1_power2_00011"},{"time":0.4333,"name":"EF/950_S1_power2/950_S1_power2_00010"},{"time":0.4666,"name":"EF/950_S1_power2/950_S1_power2_00009"},{"time":0.5,"name":"EF/950_S1_power2/950_S1_power2_00008"},{"time":0.5333,"name":"EF/950_S1_power2/950_S1_power2_00007"},{"time":0.5666,"name":"EF/950_S1_power2/950_S1_power2_00006"},{"time":0.6,"name":"EF/950_S1_power2/950_S1_power2_00005"},{"time":0.6333,"name":"EF/950_S1_power2/950_S1_power2_00004"},{"time":0.6666,"name":"EF/950_S1_power2/950_S1_power2_00003"},{"time":0.7,"name":null}]},"S1_power2_1":{"attachment":[{"time":0.2333,"name":"EF/950_S1_power2/950_S1_power2_00011"},{"time":0.3,"name":"EF/950_S1_power2/950_S1_power2_00010"},{"time":0.3666,"name":"EF/950_S1_power2/950_S1_power2_00009"},{"time":0.4,"name":"EF/950_S1_power2/950_S1_power2_00007"},{"time":0.4333,"name":"EF/950_S1_power2/950_S1_power2_00006"},{"time":0.4666,"name":"EF/950_S1_power2/950_S1_power2_00005"},{"time":0.5,"name":"EF/950_S1_power2/950_S1_power2_00004"},{"time":0.5333,"name":"EF/950_S1_power2/950_S1_power2_00003"},{"time":0.6,"name":null},{"time":0.9333,"name":"EF/950_S1_power2/950_S1_power2_00004"},{"time":0.9666,"name":"EF/950_S1_power2/950_S1_power2_00006"},{"time":1,"name":"EF/950_S1_power2/950_S1_power2_00008"},{"time":1.0333,"name":"EF/950_S1_power2/950_S1_power2_00010"},{"time":1.0666,"name":"EF/950_S1_power2/950_S1_power2_00011"},{"time":1.1,"name":null}]},"S1_power3_00":{"attachment":[{"time":0.8666,"name":"EF/950_S1_power3/950_S1_power3_00000"}],"color":[{"time":1.2333,"color":"ffffffff"},{"time":1.4333,"color":"ffffff00"}]},"S1_wave1_00":{"attachment":[{"time":1.5,"name":"EF/100_S1_wave1/100_S1_wave1_00003"},{"time":1.5333,"name":"EF/100_S1_wave1/100_S1_wave1_00004"},{"time":1.5666,"name":"EF/100_S1_wave1/100_S1_wave1_00005"},{"time":1.6,"name":"EF/100_S1_wave1/100_S1_wave1_00006"},{"time":1.6333,"name":"EF/100_S1_wave1/100_S1_wave1_00007"},{"time":1.6666,"name":"EF/100_S1_wave1/100_S1_wave1_00008"},{"time":1.7,"name":"EF/100_S1_wave1/100_S1_wave1_00009"},{"time":1.7333,"name":"EF/100_S1_wave1/100_S1_wave1_00010"},{"time":1.7666,"name":"EF/100_S1_wave1/100_S1_wave1_00011"},{"time":1.8666,"name":null}],"color":[{"time":1.7666,"color":"ffffffff"},{"time":1.8666,"color":"ffffff00"}]},"S1_wave1_01":{"attachment":[{"time":0.8666,"name":"EF/100_S1_wave1/100_S1_wave1_00003"},{"time":0.9,"name":"EF/100_S1_wave1/100_S1_wave1_00004"},{"time":0.9333,"name":"EF/100_S1_wave1/100_S1_wave1_00005"},{"time":0.9666,"name":"EF/100_S1_wave1/100_S1_wave1_00006"},{"time":1,"name":"EF/100_S1_wave1/100_S1_wave1_00007"},{"time":1.0333,"name":"EF/100_S1_wave1/100_S1_wave1_00008"},{"time":1.0666,"name":"EF/100_S1_wave1/100_S1_wave1_00009"},{"time":1.1,"name":"EF/100_S1_wave1/100_S1_wave1_00010"},{"time":1.1333,"name":"EF/100_S1_wave1/100_S1_wave1_00011"},{"time":1.3666,"name":"EF/100_S1_wave1/100_S1_wave1_00003"},{"time":1.4,"name":"EF/100_S1_wave1/100_S1_wave1_00004"},{"time":1.4333,"name":"EF/100_S1_wave1/100_S1_wave1_00005"},{"time":1.4666,"name":"EF/100_S1_wave1/100_S1_wave1_00006"},{"time":1.5,"name":"EF/100_S1_wave1/100_S1_wave1_00007"},{"time":1.5333,"name":"EF/100_S1_wave1/100_S1_wave1_00008"},{"time":1.5666,"name":"EF/100_S1_wave1/100_S1_wave1_00009"},{"time":1.6,"name":"EF/100_S1_wave1/100_S1_wave1_00010"},{"time":1.6333,"name":"EF/100_S1_wave1/100_S1_wave1_00011"},{"time":1.7333,"name":null},{"time":1.8333,"name":"EF/100_S1_wave1/100_S1_wave1_00003"},{"time":1.8666,"name":"EF/100_S1_wave1/100_S1_wave1_00004"},{"time":1.9,"name":"EF/100_S1_wave1/100_S1_wave1_00005"},{"time":1.9333,"name":"EF/100_S1_wave1/100_S1_wave1_00006"},{"time":1.9666,"name":"EF/100_S1_wave1/100_S1_wave1_00007"},{"time":2,"name":"EF/100_S1_wave1/100_S1_wave1_00008"},{"time":2.0333,"name":"EF/100_S1_wave1/100_S1_wave1_00009"},{"time":2.0666,"name":"EF/100_S1_wave1/100_S1_wave1_00010"},{"time":2.1,"name":"EF/100_S1_wave1/100_S1_wave1_00011"},{"time":2.2,"name":null}],"color":[{"time":1.1333,"color":"ffffffff"},{"time":1.2333,"color":"ffffff00","curve":"stepped"},{"time":1.3666,"color":"ffffffff","curve":"stepped"},{"time":1.6333,"color":"ffffffff"},{"time":1.7333,"color":"ffffff00","curve":"stepped"},{"time":1.8333,"color":"ffffffff","curve":"stepped"},{"time":2.1,"color":"ffffffff"},{"time":2.2,"color":"ffffff00"}]},"head_frie":{"attachment":[{"time":0,"name":"EF/head_frie/head_fire_1"},{"time":0.1,"name":"EF/head_frie/head_fire_2"},{"time":0.2,"name":"EF/head_frie/head_fire_3"},{"time":0.3,"name":"EF/head_frie/head_fire_4"},{"time":0.4,"name":"EF/head_frie/head_fire_1"},{"time":0.5,"name":"EF/head_frie/head_fire_2"},{"time":0.6,"name":"EF/head_frie/head_fire_3"},{"time":0.7,"name":"EF/head_frie/head_fire_4"},{"time":0.8,"name":"EF/head_frie/head_fire_1"},{"time":0.9,"name":"EF/head_frie/head_fire_3"},{"time":1,"name":"EF/head_frie/head_fire_4"},{"time":1.1,"name":"EF/head_frie/head_fire_1"},{"time":1.2,"name":"EF/head_frie/head_fire_2"},{"time":1.3,"name":"EF/head_frie/head_fire_3"},{"time":1.4,"name":"EF/head_frie/head_fire_4"},{"time":1.5,"name":"EF/head_frie/head_fire_1"},{"time":1.6,"name":"EF/head_frie/head_fire_2"},{"time":1.7,"name":"EF/head_frie/head_fire_3"},{"time":1.8,"name":"EF/head_frie/head_fire_4"},{"time":1.9,"name":"EF/head_frie/head_fire_1"},{"time":2,"name":"EF/head_frie/head_fire_2"},{"time":2.1,"name":"EF/head_frie/head_fire_3"},{"time":2.2,"name":"EF/head_frie/head_fire_4"},{"time":2.3,"name":"EF/head_frie/head_fire_1"},{"time":2.4,"name":"EF/head_frie/head_fire_2"},{"time":2.5,"name":"EF/head_frie/head_fire_3"},{"time":2.6,"name":"EF/head_frie/head_fire_4"},{"time":2.7,"name":"EF/head_frie/head_fire_1"},{"time":2.8,"name":"EF/head_frie/head_fire_2"},{"time":2.9,"name":"EF/head_frie/head_fire_3"},{"time":3,"name":"EF/head_frie/head_fire_4"}]},"tail_weapon":{"attachment":[{"time":0,"name":null},{"time":0.1,"name":"EF/tail_weapon"},{"time":0.9,"name":null}]}},"bones":{"S1_power1_00":{"rotate":[{"time":0,"angle":0},{"time":0.8,"angle":30.99},{"time":0.8666,"angle":0,"curve":"stepped"},{"time":1.1666,"angle":0},{"time":1.3333,"angle":-1.97}],"translate":[{"time":0,"x":-712.32,"y":-157.79},{"time":0.6666,"x":-710.75,"y":-154.79,"curve":"stepped"},{"time":0.8666,"x":-707.63,"y":-103.17}],"scale":[{"time":0,"x":2.458,"y":2.458,"curve":[0.25,0,0.75,1]},{"time":0.3666,"x":0.516,"y":0.516},{"time":0.8,"x":0.282,"y":0.281},{"time":0.8666,"x":1.519,"y":1.519},{"time":1.0333,"x":3.508,"y":3.508}]},"S1_power2_00":{"translate":[{"time":0,"x":-856.73,"y":-159.39},{"time":0.6666,"x":-855.17,"y":-161.48,"curve":"stepped"},{"time":0.8666,"x":-852.04,"y":-113.15}],"scale":[{"time":0,"x":2.61,"y":2.61},{"time":0.3333,"x":2.032,"y":2.032,"curve":[0.25,0,0.75,1]},{"time":0.4666,"x":0.351,"y":0.351,"curve":"stepped"},{"time":0.8666,"x":0.548,"y":0.548,"curve":[0.331,0.02,0.329,0.95]},{"time":1,"x":7.674,"y":7.674}]},"MAIN":{"translate":[{"time":0,"x":0,"y":0},{"time":0.8,"x":0,"y":-11.14,"curve":"stepped"},{"time":0.8333,"x":0,"y":-11.14},{"time":0.8666,"x":0,"y":25.03},{"time":0.9,"x":0,"y":17.39},{"time":0.9666,"x":0,"y":27.02,"curve":"stepped"},{"time":2.6666,"x":0,"y":27.02,"curve":[0.25,0,0.75,1]},{"time":2.9,"x":0,"y":-11.14},{"time":3.0333,"x":0,"y":0}]},"S1_wave1_01":{"translate":[{"time":0.8666,"x":-1404.31,"y":112.71}],"scale":[{"time":0.8666,"x":1.33,"y":1.33},{"time":0.9666,"x":1.471,"y":1.471,"curve":[0.09,0.57,0.75,1]},{"time":1.2333,"x":3.042,"y":3.042,"curve":"stepped"},{"time":1.3666,"x":2.572,"y":2.572},{"time":1.4666,"x":3.121,"y":3.121,"curve":[0.09,0.57,0.75,1]},{"time":1.7333,"x":5.666,"y":5.666,"curve":"stepped"},{"time":1.8333,"x":2.572,"y":2.572},{"time":1.9333,"x":3.121,"y":3.121,"curve":[0.09,0.57,0.75,1]},{"time":2.2,"x":5.666,"y":5.666}]},"S1_power3_00":{"translate":[{"time":0.8666,"x":-1018.36,"y":-101.99}],"scale":[{"time":0.8666,"x":1.08,"y":1.08},{"time":0.9333,"x":3.562,"y":3.562}]},"S1_wave1_00":{"translate":[{"time":1.5,"x":-1404.31,"y":38.92}],"scale":[{"time":1.5,"x":2.57,"y":2.57},{"time":1.6,"x":3.12,"y":3.12,"curve":[0.09,0.57,0.75,1]},{"time":1.8666,"x":5.67,"y":5.67}]},"S1_power2_02":{"translate":[{"time":0,"x":-856.73,"y":-24.54},{"time":0.6666,"x":-854.39,"y":-31.74}],"scale":[{"time":0.3666,"x":2.61,"y":2.61},{"time":0.6,"x":2.03,"y":2.03,"curve":[0.19,0.35,0.75,1]},{"time":0.6666,"x":0.271,"y":0.271}]},"DAMAGEAREA":{"translate":[{"time":1.3333,"x":0,"y":37.99},{"time":1.4333,"x":0,"y":115.37}],"scale":[{"time":1.3333,"x":0.83,"y":0.619},{"time":1.4333,"x":3.143,"y":1.667}]},"stone1":{"translate":[{"time":0.1,"x":0,"y":0,"curve":[0.606,0,1,0.6]},{"time":0.5666,"x":24.28,"y":0,"curve":"stepped"},{"time":0.8666,"x":24.28,"y":0},{"time":0.9666,"x":-127.46,"y":81.09,"curve":"stepped"},{"time":2.6666,"x":-7.88,"y":-10.87},{"time":3.0333,"x":0,"y":0}]},"stone2":{"translate":[{"time":0.1,"x":0,"y":0,"curve":[0.606,0,1,0.6]},{"time":0.5666,"x":11.59,"y":-0.18,"curve":"stepped"},{"time":0.8666,"x":11.59,"y":-0.18},{"time":0.9666,"x":-156.36,"y":-72.8,"curve":"stepped"},{"time":2.6666,"x":-10.19,"y":-4.75},{"time":3.0333,"x":0,"y":0}]},"stone5":{"translate":[{"time":0.1,"x":0,"y":0,"curve":[0.606,0,1,0.6]},{"time":0.5666,"x":-8.43,"y":0,"curve":"stepped"},{"time":0.8666,"x":-8.43,"y":0},{"time":0.9666,"x":183.96,"y":-76.85,"curve":"stepped"},{"time":2.6666,"x":19.29,"y":-8.01},{"time":3.0333,"x":0,"y":0}]},"stone3":{"translate":[{"time":0.1,"x":0,"y":0,"curve":[0.606,0,1,0.6]},{"time":0.5666,"x":4.41,"y":0,"curve":"stepped"},{"time":0.8666,"x":4.41,"y":0},{"time":0.9666,"x":-99.83,"y":-162.42,"curve":"stepped"},{"time":2.6666,"x":-4.33,"y":-11.37},{"time":3.0333,"x":0,"y":0}]},"stone6":{"translate":[{"time":0.1,"x":0,"y":0,"curve":[0.606,0,1,0.6]},{"time":0.5666,"x":-21.15,"y":0,"curve":"stepped"},{"time":0.8666,"x":-21.15,"y":0},{"time":0.9666,"x":153.62,"y":58.67,"curve":"stepped"},{"time":2.6666,"x":9.92,"y":7.03},{"time":3.0333,"x":0,"y":0}]},"stone4":{"translate":[{"time":0.1,"x":0,"y":0,"curve":[0.606,0,1,0.6]},{"time":0.5666,"x":-4.95,"y":0,"curve":"stepped"},{"time":0.8666,"x":-4.95,"y":0},{"time":0.9666,"x":108.72,"y":-169.07,"curve":"stepped"},{"time":2.6666,"x":6.6,"y":-14.15},{"time":3.0333,"x":0,"y":0}]},"S1_power2_01":{"translate":[{"time":0,"x":-856.73,"y":-159.39},{"time":0.6666,"x":-855.17,"y":-161.48,"curve":"stepped"},{"time":0.9333,"x":-852.04,"y":-113.19}],"scale":[{"time":0.2333,"x":2.61,"y":2.61},{"time":0.4666,"x":2.03,"y":2.03,"curve":[0.25,0,0.75,1]},{"time":0.6,"x":0.35,"y":0.35,"curve":"stepped"},{"time":0.9333,"x":0.55,"y":0.55},{"time":1.0666,"x":7.67,"y":7.67}]},"head_frie":{"rotate":[{"time":0,"angle":0,"curve":"stepped"},{"time":0.1,"angle":34.88,"curve":"stepped"},{"time":0.1333,"angle":51.48,"curve":"stepped"},{"time":0.1666,"angle":59.26,"curve":"stepped"},{"time":0.9,"angle":-75.17,"curve":"stepped"},{"time":0.9333,"angle":-85.31,"curve":"stepped"},{"time":2.7333,"angle":-80.62,"curve":"stepped"},{"time":2.8666,"angle":-64.64,"curve":"stepped"},{"time":3.0333,"angle":0}],"translate":[{"time":0,"x":0,"y":0,"curve":"stepped"},{"time":0.1,"x":-3.2,"y":1.24,"curve":"stepped"},{"time":0.1333,"x":-1.45,"y":5.62,"curve":"stepped"},{"time":0.1666,"x":-3.64,"y":4.31,"curve":"stepped"},{"time":0.2,"x":-3.2,"y":1.53},{"time":0.5666,"x":-6.27,"y":-6.1,"curve":"stepped"},{"time":0.9,"x":-0.64,"y":7.73,"curve":"stepped"},{"time":0.9333,"x":11.19,"y":15.98,"curve":"stepped"},{"time":2.7333,"x":1.29,"y":10.32,"curve":"stepped"},{"time":2.8666,"x":-6.66,"y":4.08,"curve":"stepped"},{"time":3.0333,"x":0,"y":0}]},"ail_weapon":{"rotate":[{"time":0.1,"angle":-153.68,"curve":"stepped"},{"time":0.1333,"angle":-162.12,"curve":"stepped"},{"time":0.1666,"angle":-171.17,"curve":"stepped"},{"time":0.2,"angle":-176.85,"curve":"stepped"},{"time":0.2333,"angle":-174.04,"curve":"stepped"},{"time":0.2666,"angle":-175.23,"curve":"stepped"},{"time":0.3,"angle":-176.21,"curve":"stepped"},{"time":0.3333,"angle":-176.99,"curve":"stepped"},{"time":0.3666,"angle":-175.51,"curve":"stepped"},{"time":0.4,"angle":-177.39,"curve":"stepped"},{"time":0.4333,"angle":-176,"curve":"stepped"},{"time":0.5,"angle":-178.18,"curve":"stepped"},{"time":0.5333,"angle":-179.09}],"translate":[{"time":0.1,"x":-108.15,"y":-113.63,"curve":"stepped"},{"time":0.1333,"x":-119.84,"y":-105.73,"curve":"stepped"},{"time":0.1666,"x":-131.53,"y":-96.34,"curve":"stepped"},{"time":0.2,"x":-132.03,"y":-89.92,"curve":"stepped"},{"time":0.2333,"x":-132.19,"y":-92.39,"curve":"stepped"},{"time":0.2666,"x":-132.51,"y":-91.27,"curve":"stepped"},{"time":0.3,"x":-131.04,"y":-92.39,"curve":"stepped"},{"time":0.3333,"x":-129.56,"y":-89.92,"curve":"stepped"},{"time":0.3666,"x":-130.87,"y":-92.23,"curve":"stepped"},{"time":0.4,"x":-127.91,"y":-87.13,"curve":"stepped"},{"time":0.4333,"x":-129.06,"y":-89.31,"curve":"stepped"},{"time":0.4666,"x":-127.89,"y":-86.85,"curve":"stepped"},{"time":0.5,"x":-128.42,"y":-88.02,"curve":"stepped"},{"time":0.5333,"x":-127.27,"y":-86.21,"curve":"stepped"},{"time":0.5666,"x":-125.93,"y":-82.85}],"scale":[{"time":0.1,"x":-0.952,"y":0.952}]}},"drawOrder":[{"time":0,"offsets":[{"slot":"S1_power2_00","offset":4},{"slot":"S1_power2_0","offset":3}]},{"time":0.1,"offsets":[{"slot":"S1_power2_00","offset":5},{"slot":"S1_power2_0","offset":4},{"slot":"tail_weapon","offset":-19}]}],"events":[{"time":0,"name":"Event","float":0.08,"string":"kHitStopType_enemyonly"},{"time":0,"name":"Sound1","string":"cri_se_battle_charge"},{"time":0.6666,"name":"Voice","string":"cri_088_voice_fullarts_now"},{"time":0.8,"name":"Sound1","string":"cri_se_battle_034_explosion_element_02_2"},{"time":1.3333,"name":"Event","float":1.2,"string":"shakeGround_Loop"},{"time":1.3333,"name":"Sound1","string":"cri_se_battle_explosion_water_01"},{"time":1.3333,"name":"Sound2","string":"cri_se_battle_monster_hit"},{"time":1.3333,"name":"Sound3","string":"cri_se_battle_hard_hit"},{"time":1.4333,"name":"Hit","string":"resetHitList"},{"time":1.4666,"name":"Event","string":"addOrbitSystemCamera_RockAndWind"},{"time":1.5666,"name":"Hit","string":"resetHitList"},{"time":1.5666,"name":"Sound1","string":"se_battle_034_explosion_element_02"},{"time":1.7,"name":"Hit","string":"resetHitList"},{"time":1.8666,"name":"Hit","string":"resetHitList"},{"time":2.0333,"name":"Hit","string":"resetHitList"},{"time":2.2,"name":"Event","string":"kImpactType_knock"},{"time":2.2,"name":"Hit","string":"resetHitList"}]}}}