{"skeleton":{"hash":"SqHdvt+ns9DdNFIpbEM2RmhfAK4","spine":"3.0.12","width":0,"height":0,"images":"./images3/"},"bones":[{"name":"root"},{"name":"grid","parent":"root","scaleX":1.1,"scaleY":1.1},{"name":"R_arm_2","parent":"root","x":13.35,"y":126.2},{"name":"bone15","parent":"R_arm_2","x":-100.42,"y":-40.48},{"name":"bone16","parent":"bone15","length":20.74,"x":14.47,"y":4.43,"rotation":91.17},{"name":"bone13","parent":"R_arm_2","length":12.24,"x":-93.28,"y":-28.44,"rotation":-79.54},{"name":"bone14","parent":"bone13","length":21.24,"x":12.24,"rotation":-62.5},{"name":"R_arm_1","parent":"root","x":16.02,"y":147.6},{"name":"bone11","parent":"R_arm_1","x":-100.13,"y":35.44},{"name":"bone12","parent":"bone11","length":27.99,"x":-1.15,"y":-14.21,"rotation":166.79},{"name":"bone9","parent":"R_arm_1","length":18.06,"x":-107.09,"y":31.09,"rotation":5.53},{"name":"bone10","parent":"bone9","length":33.35,"x":18.06,"rotation":83.47},{"name":"MAIN","parent":"root","y":106.47},{"name":"SHADOW-OFFSET","parent":"MAIN","y":-106.47,"scaleX":2,"scaleY":2},{"name":"HPBAR","parent":"MAIN","x":-1.63,"y":194.43},{"name":"HITBOX","parent":"MAIN","y":-106.47},{"name":"L_arm_2","parent":"root","x":18.69,"y":126.2},{"name":"bone7","parent":"L_arm_2","x":23,"y":-35.98},{"name":"bone8","parent":"bone7","length":27.42,"x":-15.33,"y":-0.82,"rotation":91.98},{"name":"bone5","parent":"L_arm_2","length":15.85,"x":18.24,"y":-25.82,"rotation":-123.01},{"name":"bone6","parent":"bone5","length":19.68,"x":15.85,"y":0.07,"rotation":70.68},{"name":"L_arm_1","parent":"root","x":7.12,"y":147.39},{"name":"bone3","parent":"L_arm_1","x":45.71,"y":33.19},{"name":"bone4","parent":"bone3","length":24.11,"x":-0.31,"y":-13.27,"rotation":5.26},{"name":"bone","parent":"L_arm_1","length":30.34,"x":51.08,"y":27.19,"rotation":178.8},{"name":"bone2","parent":"bone","length":30.06,"x":30.34,"rotation":-91.81},{"name":"EF3","parent":"root","x":628.63,"y":231.47,"scaleX":1.5,"scaleY":1.5},{"name":"EF2","parent":"root","x":583.04,"y":231.47,"scaleX":1.5,"scaleY":1.5},{"name":"EF1","parent":"root","x":538.79,"y":231.47,"scaleX":1.5,"scaleY":1.5},{"name":"DAMAGEAREA","parent":"root"},{"name":"670_S2_wave2_re","parent":"root","scaleX":2.5,"scaleY":2.5},{"name":"670_S2_shine1","parent":"root","scaleX":3.2,"scaleY":3.2},{"name":"670_S2_ene2_re","parent":"root","scaleX":1.55,"scaleY":1.55},{"name":"670_S2_ene1_re","parent":"root","scaleX":2.2,"scaleY":2.2},{"name":"370_S1_wave1_re2","parent":"root","scaleX":2.8,"scaleY":2.8},{"name":"370_S1_wave1_re","parent":"root","scaleX":2.8,"scaleY":2.8}],"slots":[{"name":"grid/bg","bone":"grid","color":"ffffff95"},{"name":"grid/grid","bone":"grid","color":"ffffff95"},{"name":"EF/370_S1_wave1/370_S1_wave1_0","bone":"370_S1_wave1_re","blend":"additive"},{"name":"EF/370_S1_wave1/370_S1_wave1_1","bone":"370_S1_wave1_re2","blend":"additive"},{"name":"EF/670_S2_ene1/670_S2_ene1_1","bone":"670_S2_ene1_re","blend":"additive"},{"name":"EF/670_S2_ene2/670_S2_ene2_0","bone":"670_S2_ene2_re","blend":"additive"},{"name":"EF/670_S2_shine1/670_S2_shine1_00000","bone":"670_S2_shine1","blend":"additive"},{"name":"EF/670_S2_wave2/670_S2_wave2_6","bone":"670_S2_wave2_re","blend":"additive"},{"name":"MAIN","bone":"MAIN","attachment":"idle_00"},{"name":"R_fire2_00","bone":"bone16","attachment":"R_fire2_00"},{"name":"R_ring_2","bone":"bone15","attachment":"R_ring_2"},{"name":"R_arm_2","bone":"bone13","attachment":"R_arm_2"},{"name":"R_hand_2","bone":"bone14","attachment":"R_hand_2"},{"name":"L_fire2_00","bone":"bone8","attachment":"L_fire2_00"},{"name":"L_ring_2","bone":"bone7","attachment":"L_ring_2"},{"name":"L_arm_2","bone":"bone5","attachment":"L_arm_2"},{"name":"L_hand_2","bone":"bone6","attachment":"L_hand_2"},{"name":"R_fire1_00","bone":"bone12","attachment":"R_fire1_00"},{"name":"R_ring_1","bone":"bone11","attachment":"R_ring_1"},{"name":"R_arm_1","bone":"bone9","attachment":"R_arm_1"},{"name":"R_hand_1","bone":"bone10","attachment":"R_hand_1"},{"name":"L_fire1_00","bone":"bone4","attachment":"L_fire1_00"},{"name":"L_ring_1","bone":"bone3","attachment":"L_ring_1"},{"name":"L_hand_1","bone":"bone2","attachment":"L_hand_1"},{"name":"L_arm_1","bone":"bone","attachment":"L_arm_1"},{"name":"EF/EF_idle/ef_00","bone":"EF1","blend":"additive"},{"name":"EF/EF_idle/ef_0","bone":"EF2","blend":"additive"},{"name":"EF/EF_idle/ef_1","bone":"EF3","blend":"additive"},{"name":"DAMAGEAREA","bone":"DAMAGEAREA"},{"name":"HITBOX","bone":"HITBOX","attachment":"HITBOX"}],"skins":{"default":{"DAMAGEAREA":{"DAMAGEAREA":{"type":"boundingbox","vertices":[-107.8903,107.73404,-107.97533,-108.41276,107.69448,-107.86677,108.28615,107.15625,0,0,0,0,0,0,0,0]}},"EF/370_S1_wave1/370_S1_wave1_0":{"EF/370_S1_wave1/370_S1_wave1_00001":{"y":16.07,"width":320,"height":320},"EF/370_S1_wave1/370_S1_wave1_00004":{"y":16.07,"width":320,"height":320},"EF/370_S1_wave1/370_S1_wave1_00006":{"y":16.07,"width":320,"height":320},"EF/370_S1_wave1/370_S1_wave1_00009":{"y":16.07,"width":320,"height":320},"EF/370_S1_wave1/370_S1_wave1_00010":{"y":16.07,"width":320,"height":320}},"EF/370_S1_wave1/370_S1_wave1_1":{"EF/370_S1_wave1/370_S1_wave1_00001":{"y":16.07,"width":320,"height":320},"EF/370_S1_wave1/370_S1_wave1_00004":{"y":16.07,"width":320,"height":320},"EF/370_S1_wave1/370_S1_wave1_00006":{"y":16.07,"width":320,"height":320},"EF/370_S1_wave1/370_S1_wave1_00009":{"y":16.07,"width":320,"height":320},"EF/370_S1_wave1/370_S1_wave1_00010":{"y":16.07,"width":320,"height":320}},"EF/670_S2_ene1/670_S2_ene1_1":{"EF/670_S2_ene1/670_S2_ene1_00018":{"y":136.36,"width":320,"height":320},"EF/670_S2_ene1/670_S2_ene1_00024":{"y":136.36,"width":320,"height":320}},"EF/670_S2_ene2/670_S2_ene2_0":{"EF/670_S2_ene2/670_S2_ene2_00003":{"x":17.5,"y":125,"width":320,"height":320},"EF/670_S2_ene2/670_S2_ene2_00004":{"x":17.5,"y":125,"width":320,"height":320},"EF/670_S2_ene2/670_S2_ene2_00005":{"x":17.5,"y":125,"width":320,"height":320},"EF/670_S2_ene2/670_S2_ene2_00006":{"x":17.5,"y":125,"width":320,"height":320},"EF/670_S2_ene2/670_S2_ene2_00007":{"x":17.5,"y":125,"width":320,"height":320},"EF/670_S2_ene2/670_S2_ene2_00008":{"x":17.5,"y":125,"width":320,"height":320},"EF/670_S2_ene2/670_S2_ene2_00009":{"x":17.5,"y":125,"width":320,"height":320},"EF/670_S2_ene2/670_S2_ene2_00010":{"x":17.5,"y":125,"width":320,"height":320},"EF/670_S2_ene2/670_S2_ene2_00020":{"x":17.5,"y":125,"width":320,"height":320},"EF/670_S2_ene2/670_S2_ene2_00021":{"x":17.5,"y":125,"width":320,"height":320},"EF/670_S2_ene2/670_S2_ene2_00022":{"x":17.5,"y":125,"width":320,"height":320},"EF/670_S2_ene2/670_S2_ene2_00023":{"x":17.5,"y":125,"width":320,"height":320},"EF/670_S2_ene2/670_S2_ene2_00024":{"x":17.5,"y":125,"width":320,"height":320}},"EF/670_S2_shine1/670_S2_shine1_00000":{"EF/670_S2_shine1/670_S2_shine1_00000":{"width":320,"height":320}},"EF/670_S2_wave2/670_S2_wave2_6":{"EF/670_S2_wave2/670_S2_wave2_00006":{"width":320,"height":320},"EF/670_S2_wave2/670_S2_wave2_00007":{"width":320,"height":320},"EF/670_S2_wave2/670_S2_wave2_00008":{"width":320,"height":320},"EF/670_S2_wave2/670_S2_wave2_00009":{"width":320,"height":320},"EF/670_S2_wave2/670_S2_wave2_00010":{"width":320,"height":320},"EF/670_S2_wave2/670_S2_wave2_00011":{"width":320,"height":320},"EF/670_S2_wave2/670_S2_wave2_00012":{"width":320,"height":320}},"EF/EF_idle/ef_0":{"EF/EF_idle/ef_00":{"x":-2.26,"y":-23.72,"width":293,"height":141},"EF/EF_idle/ef_05":{"x":-2.28,"y":-23.72,"width":293,"height":141},"EF/EF_idle/ef_06":{"x":-2.28,"y":-23.72,"width":293,"height":141},"EF/EF_idle/ef_07":{"x":-2.28,"y":-23.72,"width":293,"height":141},"EF/EF_idle/ef_08":{"x":-2.28,"y":-23.72,"width":293,"height":141},"EF/EF_idle/ef_09":{"x":-2.28,"y":-23.72,"width":293,"height":141},"EF/EF_idle/ef_10":{"x":-2.28,"y":-23.72,"width":293,"height":141},"EF/EF_idle/ef_11":{"x":-2.28,"y":-23.72,"width":293,"height":141},"EF/EF_idle/ef_12":{"x":-2.28,"y":-23.72,"width":293,"height":141},"EF/EF_idle/ef_13":{"x":-2.28,"y":-23.72,"width":293,"height":141},"EF/EF_idle/ef_14":{"x":-2.28,"y":-23.72,"width":293,"height":141},"EF/EF_idle/ef_15":{"x":-2.28,"y":-23.72,"width":293,"height":141},"EF/EF_idle/ef_16":{"x":-2.28,"y":-23.72,"width":293,"height":141},"EF/EF_idle/ef_17":{"x":-2.28,"y":-23.72,"width":293,"height":141},"EF/EF_idle/ef_18":{"x":-2.28,"y":-23.72,"width":293,"height":141},"EF/EF_idle/ef_19":{"x":-2.28,"y":-23.72,"width":293,"height":141},"EF/EF_idle/ef_20":{"x":-2.28,"y":-23.72,"width":293,"height":141},"EF/EF_idle/ef_21":{"x":-2.28,"y":-23.72,"width":293,"height":141},"EF/EF_idle/ef_22":{"x":-2.28,"y":-23.72,"width":293,"height":141},"EF/EF_idle/ef_23":{"x":-2.28,"y":-23.72,"width":293,"height":141},"EF/EF_idle/ef_24":{"x":-2.28,"y":-23.72,"width":293,"height":141},"EF/EF_idle/ef_25":{"x":-2.28,"y":-23.72,"width":293,"height":141},"EF/EF_idle/ef_26":{"x":-2.28,"y":-23.72,"width":293,"height":141},"EF/EF_idle/ef_27":{"x":-2.28,"y":-23.72,"width":293,"height":141},"EF/EF_idle/ef_28":{"x":-2.28,"y":-23.72,"width":293,"height":141},"EF/EF_idle/ef_29":{"x":-2.28,"y":-23.72,"width":293,"height":141},"EF/EF_idle/ef_31":{"x":-2.28,"y":-23.72,"width":293,"height":141},"EF/EF_idle/ef_33":{"x":-2.28,"y":-23.72,"width":293,"height":141},"EF/EF_idle/ef_35":{"x":-2.28,"y":-23.72,"width":293,"height":141}},"EF/EF_idle/ef_00":{"EF/EF_idle/ef_00":{"x":-2.26,"y":-23.72,"width":293,"height":141},"EF/EF_idle/ef_05":{"x":-2.28,"y":-23.72,"width":293,"height":141},"EF/EF_idle/ef_06":{"x":-2.28,"y":-23.72,"width":293,"height":141},"EF/EF_idle/ef_07":{"x":-2.28,"y":-23.72,"width":293,"height":141},"EF/EF_idle/ef_08":{"x":-2.28,"y":-23.72,"width":293,"height":141},"EF/EF_idle/ef_09":{"x":-2.28,"y":-23.72,"width":293,"height":141},"EF/EF_idle/ef_10":{"x":-2.28,"y":-23.72,"width":293,"height":141},"EF/EF_idle/ef_11":{"x":-2.28,"y":-23.72,"width":293,"height":141},"EF/EF_idle/ef_12":{"x":-2.28,"y":-23.72,"width":293,"height":141},"EF/EF_idle/ef_13":{"x":-2.28,"y":-23.72,"width":293,"height":141},"EF/EF_idle/ef_14":{"x":-2.28,"y":-23.72,"width":293,"height":141},"EF/EF_idle/ef_15":{"x":-2.28,"y":-23.72,"width":293,"height":141},"EF/EF_idle/ef_16":{"x":-2.28,"y":-23.72,"width":293,"height":141},"EF/EF_idle/ef_17":{"x":-2.28,"y":-23.72,"width":293,"height":141},"EF/EF_idle/ef_18":{"x":-2.28,"y":-23.72,"width":293,"height":141},"EF/EF_idle/ef_19":{"x":-2.28,"y":-23.72,"width":293,"height":141},"EF/EF_idle/ef_20":{"x":-2.28,"y":-23.72,"width":293,"height":141},"EF/EF_idle/ef_21":{"x":-2.28,"y":-23.72,"width":293,"height":141},"EF/EF_idle/ef_22":{"x":-2.28,"y":-23.72,"width":293,"height":141},"EF/EF_idle/ef_23":{"x":-2.28,"y":-23.72,"width":293,"height":141},"EF/EF_idle/ef_24":{"x":-2.28,"y":-23.72,"width":293,"height":141},"EF/EF_idle/ef_25":{"x":-2.28,"y":-23.72,"width":293,"height":141},"EF/EF_idle/ef_26":{"x":-2.28,"y":-23.72,"width":293,"height":141},"EF/EF_idle/ef_27":{"x":-2.28,"y":-23.72,"width":293,"height":141},"EF/EF_idle/ef_28":{"x":-2.28,"y":-23.72,"width":293,"height":141},"EF/EF_idle/ef_29":{"x":-2.28,"y":-23.72,"width":293,"height":141},"EF/EF_idle/ef_31":{"x":-2.28,"y":-23.72,"width":293,"height":141},"EF/EF_idle/ef_33":{"x":-2.28,"y":-23.72,"width":293,"height":141},"EF/EF_idle/ef_35":{"x":-2.28,"y":-23.72,"width":293,"height":141}},"EF/EF_idle/ef_1":{"EF/EF_idle/ef_00":{"x":-2.26,"y":-23.72,"width":293,"height":141},"EF/EF_idle/ef_05":{"x":-2.28,"y":-23.72,"width":293,"height":141},"EF/EF_idle/ef_06":{"x":-2.28,"y":-23.72,"width":293,"height":141},"EF/EF_idle/ef_07":{"x":-2.28,"y":-23.72,"width":293,"height":141},"EF/EF_idle/ef_08":{"x":-2.28,"y":-23.72,"width":293,"height":141},"EF/EF_idle/ef_09":{"x":-2.28,"y":-23.72,"width":293,"height":141},"EF/EF_idle/ef_10":{"x":-2.28,"y":-23.72,"width":293,"height":141},"EF/EF_idle/ef_11":{"x":-2.28,"y":-23.72,"width":293,"height":141},"EF/EF_idle/ef_12":{"x":-2.28,"y":-23.72,"width":293,"height":141},"EF/EF_idle/ef_13":{"x":-2.28,"y":-23.72,"width":293,"height":141},"EF/EF_idle/ef_14":{"x":-2.28,"y":-23.72,"width":293,"height":141},"EF/EF_idle/ef_15":{"x":-2.28,"y":-23.72,"width":293,"height":141},"EF/EF_idle/ef_16":{"x":-2.28,"y":-23.72,"width":293,"height":141},"EF/EF_idle/ef_17":{"x":-2.28,"y":-23.72,"width":293,"height":141},"EF/EF_idle/ef_18":{"x":-2.28,"y":-23.72,"width":293,"height":141},"EF/EF_idle/ef_19":{"x":-2.28,"y":-23.72,"width":293,"height":141},"EF/EF_idle/ef_20":{"x":-2.28,"y":-23.72,"width":293,"height":141},"EF/EF_idle/ef_21":{"x":-2.28,"y":-23.72,"width":293,"height":141},"EF/EF_idle/ef_22":{"x":-2.28,"y":-23.72,"width":293,"height":141},"EF/EF_idle/ef_23":{"x":-2.28,"y":-23.72,"width":293,"height":141},"EF/EF_idle/ef_24":{"x":-2.28,"y":-23.72,"width":293,"height":141},"EF/EF_idle/ef_25":{"x":-2.28,"y":-23.72,"width":293,"height":141},"EF/EF_idle/ef_26":{"x":-2.28,"y":-23.72,"width":293,"height":141},"EF/EF_idle/ef_27":{"x":-2.28,"y":-23.72,"width":293,"height":141},"EF/EF_idle/ef_28":{"x":-2.28,"y":-23.72,"width":293,"height":141},"EF/EF_idle/ef_29":{"x":-2.28,"y":-23.72,"width":293,"height":141},"EF/EF_idle/ef_31":{"x":-2.28,"y":-23.72,"width":293,"height":141},"EF/EF_idle/ef_33":{"x":-2.28,"y":-23.72,"width":293,"height":141},"EF/EF_idle/ef_35":{"x":-2.28,"y":-23.72,"width":293,"height":141}},"HITBOX":{"HITBOX":{"type":"boundingbox","vertices":[-106.65145,210.77576,-107.10046,26.23699,97.6433,25.788,99.43927,210.32674,0,0,0,0,0,0,0,0]}},"L_arm_1":{"L_arm_1":{"x":50.5,"y":28.25,"rotation":-178.94,"width":310,"height":282}},"L_arm_2":{"L_arm_2":{"x":-11.72,"y":-29.36,"rotation":123.27,"width":310,"height":282}},"L_fire1_00":{"L_fire1_00":{"x":-47.03,"y":-15.67,"rotation":-5.26,"width":310,"height":282},"L_fire1_01":{"x":-47.03,"y":-15.67,"rotation":-5.26,"width":310,"height":282},"L_fire1_02":{"x":-47.03,"y":-15.67,"rotation":-5.26,"width":310,"height":282},"L_fire1_03":{"x":-47.03,"y":-15.67,"rotation":-5.26,"width":310,"height":282},"L_fire1_04":{"x":-47.03,"y":-15.67,"rotation":-5.26,"width":310,"height":282},"L_fire1_05":{"x":-47.03,"y":-15.67,"rotation":-5.26,"width":310,"height":282},"L_fire1_06":{"x":-47.03,"y":-15.67,"rotation":-5.26,"width":310,"height":282},"L_fire1_07":{"x":-47.03,"y":-15.67,"rotation":-5.26,"width":310,"height":282}},"L_fire2_00":{"L_fire2_00":{"x":53.35,"y":9.07,"rotation":-91.94,"width":310,"height":282},"L_fire2_01":{"x":53.23,"y":5.84,"rotation":-91.94,"width":310,"height":282},"L_fire2_02":{"x":53.23,"y":5.84,"rotation":-91.94,"width":310,"height":282},"L_fire2_03":{"x":53.23,"y":5.84,"rotation":-91.94,"width":310,"height":282},"L_fire2_04":{"x":53.23,"y":5.84,"rotation":-91.94,"width":310,"height":282},"L_fire2_05":{"x":53.23,"y":5.84,"rotation":-91.94,"width":310,"height":282},"L_fire2_06":{"x":53.23,"y":5.84,"rotation":-91.94,"width":310,"height":282},"L_fire2_07":{"x":53.23,"y":5.84,"rotation":-91.94,"width":310,"height":282}},"L_hand_1":{"L_hand_1":{"x":-28.86,"y":19.27,"rotation":-87.15,"width":310,"height":282}},"L_hand_2":{"L_hand_2":{"x":-36.9,"y":16.3,"rotation":52.05,"width":310,"height":282}},"L_ring_1":{"L_ring_1":{"x":-45.71,"y":-33.19,"rotation":-0.14,"width":310,"height":282}},"L_ring_2":{"L_ring_2":{"x":-23,"y":35.98,"width":310,"height":282}},"MAIN":{"idle_00":{"x":8.5,"y":42.02,"width":465,"height":423},"idle_01":{"x":8.5,"y":42.02,"width":465,"height":423},"idle_02":{"x":8.5,"y":42.02,"width":465,"height":423},"idle_03":{"x":8.5,"y":42.02,"width":465,"height":423},"idle_04":{"x":8.5,"y":42.02,"width":465,"height":423}},"R_arm_1":{"R_arm_1":{"x":103.6,"y":-41.26,"rotation":-5.52,"width":310,"height":282}},"R_arm_2":{"R_arm_2":{"x":-11.06,"y":96.9,"rotation":79.53,"width":310,"height":282}},"R_fire1_00":{"R_fire1_00":{"x":-88.32,"y":1.06,"rotation":-166.74,"width":310,"height":282},"R_fire1_01":{"x":-88.33,"y":1.06,"rotation":-166.74,"width":310,"height":282},"R_fire1_02":{"x":-88.33,"y":1.06,"rotation":-166.74,"width":310,"height":282},"R_fire1_03":{"x":-88.33,"y":1.06,"rotation":-166.74,"width":310,"height":282},"R_fire1_04":{"x":-88.33,"y":1.06,"rotation":-166.74,"width":310,"height":282},"R_fire1_05":{"x":-88.33,"y":1.06,"rotation":-166.74,"width":310,"height":282},"R_fire1_06":{"x":-88.33,"y":1.06,"rotation":-166.74,"width":310,"height":282},"R_fire1_07":{"x":-88.33,"y":1.06,"rotation":-166.74,"width":310,"height":282}},"R_fire2_00":{"R_fire2_00":{"x":34.09,"y":-95.74,"rotation":-91.17,"width":310,"height":282},"R_fire2_01":{"x":34.28,"y":-86.67,"rotation":-91.17,"width":310,"height":282},"R_fire2_02":{"x":34.28,"y":-86.67,"rotation":-91.17,"width":310,"height":282},"R_fire2_03":{"x":34.28,"y":-86.67,"rotation":-91.17,"width":310,"height":282},"R_fire2_04":{"x":34.28,"y":-86.67,"rotation":-91.17,"width":310,"height":282},"R_fire2_05":{"x":34.28,"y":-86.67,"rotation":-91.17,"width":310,"height":282},"R_fire2_06":{"x":34.28,"y":-86.67,"rotation":-91.17,"width":310,"height":282},"R_fire2_07":{"x":34.28,"y":-86.67,"rotation":-91.17,"width":310,"height":282}},"R_hand_1":{"R_hand_1":{"x":-31.25,"y":-89.68,"rotation":-88.98,"width":310,"height":282}},"R_hand_2":{"R_hand_2":{"x":-96.73,"y":24.07,"rotation":141.81,"width":310,"height":282}},"R_ring_1":{"R_ring_1":{"x":100.13,"y":-35.44,"width":310,"height":282}},"R_ring_2":{"R_ring_2":{"x":100.42,"y":40.48,"width":310,"height":282}}}},"events":{"Event":{},"Hit":{},"HitEffect":{},"Sound1":{},"Sound2":{},"Sound3":{},"Voice":{}},"animations":{"attack1":{"slots":{"DAMAGEAREA":{"attachment":[{"time":0.8666,"name":"DAMAGEAREA"},{"time":0.9666,"name":null}]},"L_fire1_00":{"attachment":[{"time":0,"name":"L_fire1_00"},{"time":0.0666,"name":"L_fire1_01"},{"time":0.1333,"name":"L_fire1_02"},{"time":0.2,"name":"L_fire1_03"},{"time":0.2666,"name":"L_fire1_04"},{"time":0.3333,"name":"L_fire1_05"},{"time":0.4,"name":"L_fire1_06"},{"time":0.4666,"name":"L_fire1_07"},{"time":0.5333,"name":"L_fire1_00"},{"time":0.6,"name":"L_fire1_01"},{"time":0.6666,"name":"L_fire1_02"},{"time":0.7333,"name":"L_fire1_03"},{"time":0.8,"name":"L_fire1_04"},{"time":0.8666,"name":"L_fire1_05"},{"time":0.9333,"name":"L_fire1_06"},{"time":1,"name":"L_fire1_07"},{"time":1.0666,"name":"L_fire1_00"},{"time":1.1333,"name":"L_fire1_01"},{"time":1.2,"name":"L_fire1_02"},{"time":1.2666,"name":"L_fire1_03"},{"time":1.3333,"name":"L_fire1_04"},{"time":1.4,"name":"L_fire1_05"},{"time":1.4666,"name":"L_fire1_06"},{"time":1.5333,"name":"L_fire1_07"},{"time":1.6,"name":"L_fire1_00"}]},"L_fire2_00":{"attachment":[{"time":0,"name":"L_fire2_00"},{"time":0.0666,"name":"L_fire2_01"},{"time":0.1333,"name":"L_fire2_02"},{"time":0.2,"name":"L_fire2_03"},{"time":0.2666,"name":"L_fire2_04"},{"time":0.3333,"name":"L_fire2_05"},{"time":0.4,"name":"L_fire2_06"},{"time":0.4666,"name":"L_fire2_07"},{"time":0.5333,"name":"L_fire2_00"},{"time":0.6,"name":"L_fire2_01"},{"time":0.6666,"name":"L_fire2_02"},{"time":0.7333,"name":"L_fire2_03"},{"time":0.8,"name":"L_fire2_04"},{"time":0.8666,"name":"L_fire2_05"},{"time":0.9333,"name":"L_fire2_06"},{"time":1,"name":"L_fire2_07"},{"time":1.0666,"name":"L_fire2_00"},{"time":1.1333,"name":"L_fire2_01"},{"time":1.2,"name":"L_fire2_02"},{"time":1.2666,"name":"L_fire2_03"},{"time":1.3333,"name":"L_fire2_04"},{"time":1.4,"name":"L_fire2_05"},{"time":1.4666,"name":"L_fire2_06"},{"time":1.5333,"name":"L_fire2_07"},{"time":1.6,"name":"L_fire2_00"}]},"MAIN":{"attachment":[{"time":0,"name":"idle_00"},{"time":0.2,"name":"idle_01"},{"time":0.4,"name":"idle_02"},{"time":0.6,"name":"idle_03"},{"time":0.8,"name":"idle_04"},{"time":1,"name":"idle_00"},{"time":1.2,"name":"idle_02"},{"time":1.4,"name":"idle_04"},{"time":1.6,"name":"idle_00"}]},"R_fire1_00":{"attachment":[{"time":0,"name":"R_fire1_00"},{"time":0.0666,"name":"R_fire1_01"},{"time":0.1333,"name":"R_fire1_02"},{"time":0.2,"name":"R_fire1_03"},{"time":0.2666,"name":"R_fire1_04"},{"time":0.3333,"name":"R_fire1_05"},{"time":0.4,"name":"R_fire1_06"},{"time":0.4666,"name":"R_fire1_07"},{"time":0.5333,"name":"R_fire1_00"},{"time":0.6,"name":"R_fire1_01"},{"time":0.6666,"name":"R_fire1_02"},{"time":0.7333,"name":"R_fire1_03"},{"time":0.8,"name":"R_fire1_04"},{"time":0.8666,"name":"R_fire1_05"},{"time":0.9333,"name":"R_fire1_06"},{"time":1,"name":"R_fire1_07"},{"time":1.0666,"name":"R_fire1_00"},{"time":1.1333,"name":"R_fire1_01"},{"time":1.2,"name":"R_fire1_02"},{"time":1.2666,"name":"R_fire1_03"},{"time":1.3333,"name":"R_fire1_04"},{"time":1.4,"name":"R_fire1_05"},{"time":1.4666,"name":"R_fire1_06"},{"time":1.5333,"name":"R_fire1_07"},{"time":1.6,"name":"R_fire1_00"}]},"R_fire2_00":{"attachment":[{"time":0,"name":"R_fire2_00"},{"time":0.0666,"name":"R_fire2_01"},{"time":0.1333,"name":"R_fire2_02"},{"time":0.2,"name":"R_fire2_03"},{"time":0.2666,"name":"R_fire2_04"},{"time":0.3333,"name":"R_fire2_05"},{"time":0.4,"name":"R_fire2_06"},{"time":0.4666,"name":"R_fire2_07"},{"time":0.5333,"name":"R_fire2_00"},{"time":0.6,"name":"R_fire2_01"},{"time":0.6666,"name":"R_fire2_02"},{"time":0.7333,"name":"R_fire2_03"},{"time":0.8,"name":"R_fire2_04"},{"time":0.8666,"name":"R_fire2_05"},{"time":0.9333,"name":"R_fire2_06"},{"time":1,"name":"R_fire2_07"},{"time":1.0666,"name":"R_fire2_00"},{"time":1.1333,"name":"R_fire2_01"},{"time":1.2,"name":"R_fire2_02"},{"time":1.2666,"name":"R_fire2_03"},{"time":1.3333,"name":"R_fire2_04"},{"time":1.4,"name":"R_fire2_05"},{"time":1.4666,"name":"R_fire2_06"},{"time":1.5333,"name":"R_fire2_07"},{"time":1.6,"name":"R_fire2_00"}]}},"bones":{"DAMAGEAREA":{"translate":[{"time":0.8666,"x":-517.4,"y":117.53}],"scale":[{"time":0.8666,"x":4.792,"y":0.489}]},"L_arm_1":{"translate":[{"time":0,"x":0,"y":0},{"time":0.6,"x":0,"y":5.2},{"time":0.7666,"x":0,"y":-1.09},{"time":1.1,"x":0,"y":5.7},{"time":1.6,"x":0,"y":0}]},"R_arm_1":{"translate":[{"time":0,"x":0,"y":0},{"time":0.6333,"x":0,"y":5},{"time":0.8,"x":0,"y":-1.3},{"time":1.1333,"x":0,"y":5.5},{"time":1.6,"x":0,"y":0}]},"R_arm_2":{"translate":[{"time":0,"x":0,"y":0},{"time":0.7333,"x":0,"y":5.5},{"time":0.9,"x":0,"y":0},{"time":1.2333,"x":0,"y":7.3},{"time":1.6,"x":0,"y":0}]},"L_arm_2":{"translate":[{"time":0,"x":0,"y":0},{"time":0.7666,"x":0,"y":5.5},{"time":0.9333,"x":0,"y":0},{"time":1.2666,"x":0,"y":7.3},{"time":1.6,"x":0,"y":0}]}},"events":[{"time":0,"name":"HitEffect","string":"setHitEffect(hit02c,1,0.75,1)"},{"time":0.0333,"name":"Event","float":0.2,"string":"kHitStopType_enemyonly"},{"time":0.2,"name":"Sound1","string":"cri_se_battle_charge"},{"time":0.2,"name":"Voice","string":"cri_058_voice_attack_random"},{"time":0.8,"name":"Sound1","string":"cri_se_battle_beam"},{"time":0.9,"name":"Hit","string":"resetHitList"}]},"back":{"slots":{"L_fire1_00":{"attachment":[{"time":0,"name":"L_fire1_00"},{"time":0.0666,"name":"L_fire1_01"},{"time":0.1333,"name":"L_fire1_02"},{"time":0.2,"name":"L_fire1_03"},{"time":0.2666,"name":"L_fire1_04"},{"time":0.3333,"name":"L_fire1_05"},{"time":0.4,"name":"L_fire1_06"},{"time":0.4666,"name":"L_fire1_07"},{"time":0.5333,"name":"L_fire1_00"},{"time":0.6,"name":"L_fire1_01"},{"time":0.6666,"name":"L_fire1_02"},{"time":0.7333,"name":"L_fire1_03"},{"time":0.8,"name":"L_fire1_04"},{"time":0.8666,"name":"L_fire1_05"},{"time":0.9333,"name":"L_fire1_06"},{"time":1,"name":"L_fire1_07"},{"time":1.0666,"name":"L_fire1_00"},{"time":1.1333,"name":"L_fire1_01"},{"time":1.2,"name":"L_fire1_02"}]},"L_fire2_00":{"attachment":[{"time":0,"name":"L_fire2_00"},{"time":0.0666,"name":"L_fire2_01"},{"time":0.1333,"name":"L_fire2_02"},{"time":0.2,"name":"L_fire2_03"},{"time":0.2666,"name":"L_fire2_04"},{"time":0.3333,"name":"L_fire2_05"},{"time":0.4,"name":"L_fire2_06"},{"time":0.4666,"name":"L_fire2_07"},{"time":0.5333,"name":"L_fire2_00"},{"time":0.6,"name":"L_fire2_01"},{"time":0.6666,"name":"L_fire2_02"},{"time":0.7333,"name":"L_fire2_03"},{"time":0.8,"name":"L_fire2_04"},{"time":0.8666,"name":"L_fire2_05"},{"time":0.9333,"name":"L_fire2_06"},{"time":1,"name":"L_fire2_07"},{"time":1.0666,"name":"L_fire2_00"},{"time":1.1333,"name":"L_fire2_01"},{"time":1.2,"name":"L_fire2_02"}]},"MAIN":{"attachment":[{"time":0,"name":"idle_00"},{"time":0.2,"name":"idle_01"},{"time":0.4,"name":"idle_02"},{"time":0.6,"name":"idle_03"},{"time":0.8,"name":"idle_04"},{"time":1,"name":"idle_00"},{"time":1.2,"name":"idle_00"}]},"R_fire1_00":{"attachment":[{"time":0,"name":"R_fire1_00"},{"time":0.0666,"name":"R_fire1_01"},{"time":0.1333,"name":"R_fire1_02"},{"time":0.2,"name":"R_fire1_03"},{"time":0.2666,"name":"R_fire1_04"},{"time":0.3333,"name":"R_fire1_05"},{"time":0.4,"name":"R_fire1_06"},{"time":0.4666,"name":"R_fire1_07"},{"time":0.5333,"name":"R_fire1_00"},{"time":0.6,"name":"R_fire1_01"},{"time":0.6666,"name":"R_fire1_02"},{"time":0.7333,"name":"R_fire1_03"},{"time":0.8,"name":"R_fire1_04"},{"time":0.8666,"name":"R_fire1_05"},{"time":0.9333,"name":"R_fire1_06"},{"time":1,"name":"R_fire1_07"},{"time":1.0666,"name":"R_fire1_00"},{"time":1.1333,"name":"R_fire1_01"},{"time":1.2,"name":"R_fire1_02"}]},"R_fire2_00":{"attachment":[{"time":0,"name":"R_fire2_00"},{"time":0.0666,"name":"R_fire2_01"},{"time":0.1333,"name":"R_fire2_02"},{"time":0.2,"name":"R_fire2_03"},{"time":0.2666,"name":"R_fire2_04"},{"time":0.3333,"name":"R_fire2_05"},{"time":0.4,"name":"R_fire2_06"},{"time":0.4666,"name":"R_fire2_07"},{"time":0.5333,"name":"R_fire2_00"},{"time":0.6,"name":"R_fire2_01"},{"time":0.6666,"name":"R_fire2_02"},{"time":0.7333,"name":"R_fire2_03"},{"time":0.8,"name":"R_fire2_04"},{"time":0.8666,"name":"R_fire2_05"},{"time":0.9333,"name":"R_fire2_06"},{"time":1,"name":"R_fire2_07"},{"time":1.0666,"name":"R_fire2_00"},{"time":1.1333,"name":"R_fire2_01"},{"time":1.2,"name":"R_fire2_02"}]}},"bones":{"MAIN":{"translate":[{"time":0,"x":0,"y":0},{"time":1.2,"x":140,"y":0}]},"L_arm_2":{"translate":[{"time":0,"x":0,"y":0},{"time":0.6,"x":70.29,"y":5.5},{"time":0.9666,"x":116.95,"y":0},{"time":1.2,"x":141.31,"y":7.3}]},"R_arm_1":{"translate":[{"time":0,"x":0,"y":0},{"time":0.6,"x":70.72,"y":5},{"time":0.9666,"x":116.87,"y":-1.3},{"time":1.2,"x":141.37,"y":5.5}]},"R_arm_2":{"translate":[{"time":0,"x":0,"y":0},{"time":0.6333,"x":70.29,"y":5.5},{"time":1,"x":116.95,"y":0},{"time":1.2,"x":141.34,"y":7.3}]},"L_arm_1":{"translate":[{"time":0,"x":0,"y":0},{"time":0.5666,"x":70.72,"y":5.2},{"time":0.9333,"x":116.88,"y":-1.09},{"time":1.2,"x":141.38,"y":5.7}]}}},"cast":{"slots":{"L_fire1_00":{"attachment":[{"time":0,"name":"L_fire1_00"},{"time":0.0666,"name":"L_fire1_01"},{"time":0.1333,"name":"L_fire1_02"},{"time":0.2,"name":"L_fire1_03"},{"time":0.2666,"name":"L_fire1_04"},{"time":0.3333,"name":"L_fire1_05"},{"time":0.4,"name":"L_fire1_06"},{"time":0.4666,"name":"L_fire1_07"},{"time":0.5333,"name":"L_fire1_00"},{"time":0.6,"name":"L_fire1_01"},{"time":0.6666,"name":"L_fire1_02"},{"time":0.7333,"name":"L_fire1_03"},{"time":0.8,"name":"L_fire1_04"},{"time":0.8666,"name":"L_fire1_05"},{"time":0.9333,"name":"L_fire1_06"},{"time":1,"name":"L_fire1_07"}]},"L_fire2_00":{"attachment":[{"time":0,"name":"L_fire2_00"},{"time":0.0666,"name":"L_fire2_01"},{"time":0.1333,"name":"L_fire2_02"},{"time":0.2,"name":"L_fire2_03"},{"time":0.2666,"name":"L_fire2_04"},{"time":0.3333,"name":"L_fire2_05"},{"time":0.4,"name":"L_fire2_06"},{"time":0.4666,"name":"L_fire2_07"},{"time":0.5333,"name":"L_fire2_00"},{"time":0.6,"name":"L_fire2_01"},{"time":0.6666,"name":"L_fire2_02"},{"time":0.7333,"name":"L_fire2_03"},{"time":0.8,"name":"L_fire2_04"},{"time":0.8666,"name":"L_fire2_05"},{"time":0.9333,"name":"L_fire2_06"},{"time":1,"name":"L_fire2_07"}]},"MAIN":{"attachment":[{"time":0,"name":"idle_00"},{"time":0.2,"name":"idle_01"},{"time":0.4,"name":"idle_02"},{"time":0.6,"name":"idle_03"},{"time":0.8,"name":"idle_04"},{"time":1,"name":"idle_00"}]},"R_fire1_00":{"attachment":[{"time":0,"name":"R_fire1_00"},{"time":0.0666,"name":"R_fire1_01"},{"time":0.1333,"name":"R_fire1_02"},{"time":0.2,"name":"R_fire1_03"},{"time":0.2666,"name":"R_fire1_04"},{"time":0.3333,"name":"R_fire1_05"},{"time":0.4,"name":"R_fire1_06"},{"time":0.4666,"name":"R_fire1_07"},{"time":0.5333,"name":"R_fire1_00"},{"time":0.6,"name":"R_fire1_01"},{"time":0.6666,"name":"R_fire1_02"},{"time":0.7333,"name":"R_fire1_03"},{"time":0.8,"name":"R_fire1_04"},{"time":0.8666,"name":"R_fire1_05"},{"time":0.9333,"name":"R_fire1_06"},{"time":1,"name":"R_fire1_07"}]},"R_fire2_00":{"attachment":[{"time":0,"name":"R_fire2_00"},{"time":0.0666,"name":"R_fire2_01"},{"time":0.1333,"name":"R_fire2_02"},{"time":0.2,"name":"R_fire2_03"},{"time":0.2666,"name":"R_fire2_04"},{"time":0.3333,"name":"R_fire2_05"},{"time":0.4,"name":"R_fire2_06"},{"time":0.4666,"name":"R_fire2_07"},{"time":0.5333,"name":"R_fire2_00"},{"time":0.6,"name":"R_fire2_01"},{"time":0.6666,"name":"R_fire2_02"},{"time":0.7333,"name":"R_fire2_03"},{"time":0.8,"name":"R_fire2_04"},{"time":0.8666,"name":"R_fire2_05"},{"time":0.9333,"name":"R_fire2_06"},{"time":1,"name":"R_fire2_07"}]}},"bones":{"L_arm_1":{"translate":[{"time":0,"x":0,"y":0},{"time":0.5333,"x":0,"y":5.2},{"time":1,"x":0,"y":0}]},"R_arm_1":{"translate":[{"time":0,"x":0,"y":0},{"time":0.5666,"x":0,"y":5},{"time":1,"x":0,"y":0}]},"R_arm_2":{"translate":[{"time":0,"x":0,"y":0},{"time":0.6333,"x":0,"y":5.5},{"time":1,"x":0,"y":0}]},"L_arm_2":{"translate":[{"time":0,"x":0,"y":0},{"time":0.6,"x":0,"y":5.5},{"time":1,"x":0,"y":0}]}},"events":[{"time":0,"name":"Voice","string":"cri_058_voice_attack_b"}]},"damage":{"slots":{"MAIN":{"attachment":[{"time":0,"name":"idle_03"}]},"R_fire2_00":{"attachment":[{"time":0,"name":"R_fire2_00"}]}},"bones":{"R_arm_2":{"translate":[{"time":0,"x":0,"y":0}]},"R_arm_1":{"translate":[{"time":0,"x":0,"y":0}]},"L_arm_2":{"translate":[{"time":0,"x":0,"y":0}]},"L_arm_1":{"translate":[{"time":0,"x":0,"y":0}]}}},"front":{"slots":{"L_fire1_00":{"attachment":[{"time":0,"name":"L_fire1_00"},{"time":0.0666,"name":"L_fire1_01"},{"time":0.1333,"name":"L_fire1_02"},{"time":0.2,"name":"L_fire1_03"},{"time":0.2666,"name":"L_fire1_04"},{"time":0.3333,"name":"L_fire1_05"},{"time":0.4,"name":"L_fire1_06"},{"time":0.4666,"name":"L_fire1_07"},{"time":0.5333,"name":"L_fire1_00"},{"time":0.6,"name":"L_fire1_01"},{"time":0.6666,"name":"L_fire1_02"},{"time":0.7333,"name":"L_fire1_03"},{"time":0.8,"name":"L_fire1_04"},{"time":0.8666,"name":"L_fire1_05"},{"time":0.9333,"name":"L_fire1_06"},{"time":1,"name":"L_fire1_07"}]},"L_fire2_00":{"attachment":[{"time":0,"name":"L_fire2_00"},{"time":0.0666,"name":"L_fire2_01"},{"time":0.1333,"name":"L_fire2_02"},{"time":0.2,"name":"L_fire2_03"},{"time":0.2666,"name":"L_fire2_04"},{"time":0.3333,"name":"L_fire2_05"},{"time":0.4,"name":"L_fire2_06"},{"time":0.4666,"name":"L_fire2_07"},{"time":0.5333,"name":"L_fire2_00"},{"time":0.6,"name":"L_fire2_01"},{"time":0.6666,"name":"L_fire2_02"},{"time":0.7333,"name":"L_fire2_03"},{"time":0.8,"name":"L_fire2_04"},{"time":0.8666,"name":"L_fire2_05"},{"time":0.9333,"name":"L_fire2_06"},{"time":1,"name":"L_fire2_07"}]},"MAIN":{"attachment":[{"time":0,"name":"idle_00"},{"time":0.2,"name":"idle_01"},{"time":0.4,"name":"idle_02"},{"time":0.6,"name":"idle_03"},{"time":0.8,"name":"idle_04"},{"time":1,"name":"idle_00"}]},"R_fire1_00":{"attachment":[{"time":0,"name":"R_fire1_00"},{"time":0.0666,"name":"R_fire1_01"},{"time":0.1333,"name":"R_fire1_02"},{"time":0.2,"name":"R_fire1_03"},{"time":0.2666,"name":"R_fire1_04"},{"time":0.3333,"name":"R_fire1_05"},{"time":0.4,"name":"R_fire1_06"},{"time":0.4666,"name":"R_fire1_07"},{"time":0.5333,"name":"R_fire1_00"},{"time":0.6,"name":"R_fire1_01"},{"time":0.6666,"name":"R_fire1_02"},{"time":0.7333,"name":"R_fire1_03"},{"time":0.8,"name":"R_fire1_04"},{"time":0.8666,"name":"R_fire1_05"},{"time":0.9333,"name":"R_fire1_06"},{"time":1,"name":"R_fire1_07"}]},"R_fire2_00":{"attachment":[{"time":0,"name":"R_fire2_00"},{"time":0.0666,"name":"R_fire2_01"},{"time":0.1333,"name":"R_fire2_02"},{"time":0.2,"name":"R_fire2_03"},{"time":0.2666,"name":"R_fire2_04"},{"time":0.3333,"name":"R_fire2_05"},{"time":0.4,"name":"R_fire2_06"},{"time":0.4666,"name":"R_fire2_07"},{"time":0.5333,"name":"R_fire2_00"},{"time":0.6,"name":"R_fire2_01"},{"time":0.6666,"name":"R_fire2_02"},{"time":0.7333,"name":"R_fire2_03"},{"time":0.8,"name":"R_fire2_04"},{"time":0.8666,"name":"R_fire2_05"},{"time":0.9333,"name":"R_fire2_06"},{"time":1,"name":"R_fire2_07"}]}},"bones":{"EF1":{"rotate":[{"time":0,"angle":24.76}]},"L_arm_2":{"translate":[{"time":0,"x":0,"y":0},{"time":0.6,"x":0,"y":5.5},{"time":1,"x":0,"y":0}]},"R_arm_1":{"translate":[{"time":0,"x":0,"y":0},{"time":0.5666,"x":0,"y":5},{"time":1,"x":0,"y":0}]},"R_arm_2":{"translate":[{"time":0,"x":0,"y":0},{"time":0.6333,"x":0,"y":5.5},{"time":1,"x":0,"y":0}]},"L_arm_1":{"translate":[{"time":0,"x":0,"y":0},{"time":0.5333,"x":0,"y":5.2},{"time":1,"x":0,"y":0}]}}},"idle":{"slots":{"EF/EF_idle/ef_00":{"attachment":[{"time":0,"name":"EF/EF_idle/ef_00"},{"time":0.0333,"name":"EF/EF_idle/ef_05"},{"time":0.0666,"name":"EF/EF_idle/ef_06"},{"time":0.1,"name":"EF/EF_idle/ef_07"},{"time":0.1666,"name":"EF/EF_idle/ef_08"},{"time":0.2333,"name":"EF/EF_idle/ef_09"},{"time":0.3,"name":"EF/EF_idle/ef_10"},{"time":0.3666,"name":"EF/EF_idle/ef_11"},{"time":0.4333,"name":"EF/EF_idle/ef_12"},{"time":0.5,"name":"EF/EF_idle/ef_13"},{"time":0.5666,"name":"EF/EF_idle/ef_14"},{"time":0.6333,"name":"EF/EF_idle/ef_15"},{"time":0.7,"name":"EF/EF_idle/ef_16"},{"time":0.7666,"name":"EF/EF_idle/ef_17"},{"time":0.8333,"name":"EF/EF_idle/ef_18"},{"time":0.9,"name":"EF/EF_idle/ef_19"},{"time":0.9666,"name":"EF/EF_idle/ef_20"},{"time":1.0333,"name":"EF/EF_idle/ef_21"},{"time":1.1,"name":"EF/EF_idle/ef_22"},{"time":1.1666,"name":"EF/EF_idle/ef_23"},{"time":1.2333,"name":"EF/EF_idle/ef_24"},{"time":1.3,"name":"EF/EF_idle/ef_25"},{"time":1.3666,"name":"EF/EF_idle/ef_26"},{"time":1.4,"name":"EF/EF_idle/ef_27"},{"time":1.4333,"name":"EF/EF_idle/ef_28"},{"time":1.4666,"name":"EF/EF_idle/ef_29"},{"time":1.5,"name":"EF/EF_idle/ef_31"},{"time":1.5333,"name":"EF/EF_idle/ef_33"},{"time":1.5666,"name":"EF/EF_idle/ef_35"},{"time":1.6,"name":null}],"color":[{"time":0,"color":"ffffff00"},{"time":0.1666,"color":"ffffffff"},{"time":0.3,"color":"ffffff24"},{"time":0.4,"color":"ffffffff"},{"time":0.5333,"color":"ffffff24","curve":"stepped"},{"time":0.9333,"color":"ffffff24"},{"time":1.0666,"color":"ffffffff"},{"time":1.2,"color":"ffffff24"},{"time":1.3333,"color":"ffffffff"},{"time":1.4666,"color":"ffffff24"},{"time":1.6,"color":"ffffffff"}]},"EF/EF_idle/ef_0":{"attachment":[{"time":0.1666,"name":"EF/EF_idle/ef_00"},{"time":0.2,"name":"EF/EF_idle/ef_05"},{"time":0.2333,"name":"EF/EF_idle/ef_06"},{"time":0.2666,"name":"EF/EF_idle/ef_07"},{"time":0.3333,"name":"EF/EF_idle/ef_08"},{"time":0.4,"name":"EF/EF_idle/ef_09"},{"time":0.4666,"name":"EF/EF_idle/ef_10"},{"time":0.5333,"name":"EF/EF_idle/ef_11"},{"time":0.6,"name":"EF/EF_idle/ef_12"},{"time":0.6666,"name":"EF/EF_idle/ef_13"},{"time":0.7333,"name":"EF/EF_idle/ef_14"},{"time":0.8,"name":"EF/EF_idle/ef_15"},{"time":0.8666,"name":"EF/EF_idle/ef_16"},{"time":0.9333,"name":"EF/EF_idle/ef_17"},{"time":1,"name":"EF/EF_idle/ef_18"},{"time":1.0666,"name":"EF/EF_idle/ef_19"},{"time":1.1333,"name":"EF/EF_idle/ef_20"},{"time":1.2,"name":"EF/EF_idle/ef_21"},{"time":1.2666,"name":"EF/EF_idle/ef_22"},{"time":1.3333,"name":"EF/EF_idle/ef_23"},{"time":1.4,"name":"EF/EF_idle/ef_24"},{"time":1.4666,"name":"EF/EF_idle/ef_25"},{"time":1.5333,"name":"EF/EF_idle/ef_26"},{"time":1.5666,"name":"EF/EF_idle/ef_27"},{"time":1.6,"name":"EF/EF_idle/ef_28"},{"time":1.6333,"name":"EF/EF_idle/ef_29"},{"time":1.6666,"name":"EF/EF_idle/ef_31"},{"time":1.7,"name":"EF/EF_idle/ef_33"},{"time":1.7333,"name":"EF/EF_idle/ef_35"},{"time":1.7666,"name":null}],"color":[{"time":0.1666,"color":"ffffff7b"},{"time":0.4333,"color":"ffffffff"},{"time":0.6333,"color":"ffffff1a","curve":"stepped"},{"time":1.0333,"color":"ffffff1a"},{"time":1.1666,"color":"ffffffff"},{"time":1.3,"color":"ffffff2d"},{"time":1.4333,"color":"ffffffff"},{"time":1.5666,"color":"ffffff2d"},{"time":1.7,"color":"ffffffff"},{"time":1.8333,"color":"ffffff2d"}]},"EF/EF_idle/ef_1":{"attachment":[{"time":0.3333,"name":"EF/EF_idle/ef_00"},{"time":0.3666,"name":"EF/EF_idle/ef_05"},{"time":0.4,"name":"EF/EF_idle/ef_06"},{"time":0.4333,"name":"EF/EF_idle/ef_07"},{"time":0.5,"name":"EF/EF_idle/ef_08"},{"time":0.5666,"name":"EF/EF_idle/ef_09"},{"time":0.6333,"name":"EF/EF_idle/ef_10"},{"time":0.7,"name":"EF/EF_idle/ef_11"},{"time":0.7666,"name":"EF/EF_idle/ef_12"},{"time":0.8333,"name":"EF/EF_idle/ef_13"},{"time":0.9,"name":"EF/EF_idle/ef_14"},{"time":0.9666,"name":"EF/EF_idle/ef_15"},{"time":1.0333,"name":"EF/EF_idle/ef_16"},{"time":1.1,"name":"EF/EF_idle/ef_17"},{"time":1.1666,"name":"EF/EF_idle/ef_18"},{"time":1.2333,"name":"EF/EF_idle/ef_19"},{"time":1.3,"name":"EF/EF_idle/ef_20"},{"time":1.3666,"name":"EF/EF_idle/ef_21"},{"time":1.4333,"name":"EF/EF_idle/ef_22"},{"time":1.5,"name":"EF/EF_idle/ef_23"},{"time":1.5666,"name":"EF/EF_idle/ef_24"},{"time":1.6333,"name":"EF/EF_idle/ef_25"},{"time":1.7,"name":"EF/EF_idle/ef_26"},{"time":1.7333,"name":"EF/EF_idle/ef_27"},{"time":1.7666,"name":"EF/EF_idle/ef_28"},{"time":1.8,"name":"EF/EF_idle/ef_29"},{"time":1.8333,"name":"EF/EF_idle/ef_31"},{"time":1.8666,"name":"EF/EF_idle/ef_33"},{"time":1.9,"name":"EF/EF_idle/ef_35"},{"time":1.9333,"name":null}],"color":[{"time":0.3333,"color":"ffffff00"},{"time":0.6,"color":"ffffffff"},{"time":0.7333,"color":"ffffff21","curve":"stepped"},{"time":1.1333,"color":"ffffff21"},{"time":1.2666,"color":"ffffffff"},{"time":1.4,"color":"ffffff2e"},{"time":1.5333,"color":"ffffffff"},{"time":1.6666,"color":"ffffff2e"},{"time":1.8,"color":"ffffffff"},{"time":1.9333,"color":"ffffff2e"}]},"L_fire1_00":{"attachment":[{"time":0,"name":"L_fire1_00"},{"time":0.0666,"name":"L_fire1_01"},{"time":0.1333,"name":"L_fire1_02"},{"time":0.2,"name":"L_fire1_03"},{"time":0.2666,"name":"L_fire1_04"},{"time":0.3333,"name":"L_fire1_05"},{"time":0.4,"name":"L_fire1_06"},{"time":0.4666,"name":"L_fire1_07"},{"time":0.5333,"name":"L_fire1_00"},{"time":0.6,"name":"L_fire1_01"},{"time":0.6666,"name":"L_fire1_02"},{"time":0.7333,"name":"L_fire1_03"},{"time":0.8,"name":"L_fire1_04"},{"time":0.8666,"name":"L_fire1_05"},{"time":0.9333,"name":"L_fire1_06"},{"time":1,"name":"L_fire1_07"},{"time":1.0666,"name":"L_fire1_00"},{"time":1.1333,"name":"L_fire1_01"},{"time":1.2,"name":"L_fire1_02"},{"time":1.2666,"name":"L_fire1_03"},{"time":1.3333,"name":"L_fire1_04"},{"time":1.4,"name":"L_fire1_05"},{"time":1.4666,"name":"L_fire1_06"},{"time":1.5333,"name":"L_fire1_07"},{"time":1.6,"name":"L_fire1_00"},{"time":1.6666,"name":"L_fire1_01"},{"time":1.7333,"name":"L_fire1_02"},{"time":1.8,"name":"L_fire1_03"},{"time":1.8666,"name":"L_fire1_04"},{"time":1.9333,"name":"L_fire1_05"},{"time":2,"name":"L_fire1_06"}]},"L_fire2_00":{"attachment":[{"time":0,"name":"L_fire2_00"},{"time":0.0666,"name":"L_fire2_01"},{"time":0.1333,"name":"L_fire2_02"},{"time":0.2,"name":"L_fire2_03"},{"time":0.2666,"name":"L_fire2_04"},{"time":0.3333,"name":"L_fire2_05"},{"time":0.4,"name":"L_fire2_06"},{"time":0.4666,"name":"L_fire2_07"},{"time":0.5333,"name":"L_fire2_00"},{"time":0.6,"name":"L_fire2_01"},{"time":0.6666,"name":"L_fire2_02"},{"time":0.7333,"name":"L_fire2_03"},{"time":0.8,"name":"L_fire2_04"},{"time":0.8666,"name":"L_fire2_05"},{"time":0.9333,"name":"L_fire2_06"},{"time":1,"name":"L_fire2_07"},{"time":1.0666,"name":"L_fire2_00"},{"time":1.1333,"name":"L_fire2_01"},{"time":1.2,"name":"L_fire2_02"},{"time":1.2666,"name":"L_fire2_03"},{"time":1.3333,"name":"L_fire2_04"},{"time":1.4,"name":"L_fire2_05"},{"time":1.4666,"name":"L_fire2_06"},{"time":1.5333,"name":"L_fire2_07"},{"time":1.6,"name":"L_fire2_00"},{"time":1.6666,"name":"L_fire2_01"},{"time":1.7333,"name":"L_fire2_02"},{"time":1.8,"name":"L_fire2_03"},{"time":1.8666,"name":"L_fire2_04"},{"time":1.9333,"name":"L_fire2_05"},{"time":2,"name":"L_fire2_06"}]},"MAIN":{"attachment":[{"time":0,"name":"idle_00"},{"time":0.2,"name":"idle_01"},{"time":0.4,"name":"idle_02"},{"time":0.6,"name":"idle_03"},{"time":0.8,"name":"idle_04"},{"time":1,"name":"idle_00"},{"time":1.2,"name":"idle_01"},{"time":1.4,"name":"idle_02"},{"time":1.6,"name":"idle_03"},{"time":1.8,"name":"idle_04"},{"time":2,"name":"idle_00"}]},"R_fire1_00":{"attachment":[{"time":0,"name":"R_fire1_00"},{"time":0.0666,"name":"R_fire1_01"},{"time":0.1333,"name":"R_fire1_02"},{"time":0.2,"name":"R_fire1_03"},{"time":0.2666,"name":"R_fire1_04"},{"time":0.3333,"name":"R_fire1_05"},{"time":0.4,"name":"R_fire1_06"},{"time":0.4666,"name":"R_fire1_07"},{"time":0.5333,"name":"R_fire1_00"},{"time":0.6,"name":"R_fire1_01"},{"time":0.6666,"name":"R_fire1_02"},{"time":0.7333,"name":"R_fire1_03"},{"time":0.8,"name":"R_fire1_04"},{"time":0.8666,"name":"R_fire1_05"},{"time":0.9333,"name":"R_fire1_06"},{"time":1,"name":"R_fire1_07"},{"time":1.0666,"name":"R_fire1_00"},{"time":1.1333,"name":"R_fire1_01"},{"time":1.2,"name":"R_fire1_02"},{"time":1.2666,"name":"R_fire1_03"},{"time":1.3333,"name":"R_fire1_04"},{"time":1.4,"name":"R_fire1_05"},{"time":1.4666,"name":"R_fire1_06"},{"time":1.5333,"name":"R_fire1_07"},{"time":1.6,"name":"R_fire1_00"},{"time":1.6666,"name":"R_fire1_01"},{"time":1.7333,"name":"R_fire1_02"},{"time":1.8,"name":"R_fire1_03"},{"time":1.8666,"name":"R_fire1_04"},{"time":1.9333,"name":"R_fire1_05"},{"time":2,"name":"R_fire1_06"}]},"R_fire2_00":{"attachment":[{"time":0,"name":"R_fire2_00"},{"time":0.0666,"name":"R_fire2_01"},{"time":0.1333,"name":"R_fire2_02"},{"time":0.2,"name":"R_fire2_03"},{"time":0.2666,"name":"R_fire2_04"},{"time":0.3333,"name":"R_fire2_05"},{"time":0.4,"name":"R_fire2_06"},{"time":0.4666,"name":"R_fire2_07"},{"time":0.5333,"name":"R_fire2_00"},{"time":0.6,"name":"R_fire2_01"},{"time":0.6666,"name":"R_fire2_02"},{"time":0.7333,"name":"R_fire2_03"},{"time":0.8,"name":"R_fire2_04"},{"time":0.8666,"name":"R_fire2_05"},{"time":0.9333,"name":"R_fire2_06"},{"time":1,"name":"R_fire2_07"},{"time":1.0666,"name":"R_fire2_00"},{"time":1.1333,"name":"R_fire2_01"},{"time":1.2,"name":"R_fire2_02"},{"time":1.2666,"name":"R_fire2_03"},{"time":1.3333,"name":"R_fire2_04"},{"time":1.4,"name":"R_fire2_05"},{"time":1.4666,"name":"R_fire2_06"},{"time":1.5333,"name":"R_fire2_07"},{"time":1.6,"name":"R_fire2_00"},{"time":1.6666,"name":"R_fire2_01"},{"time":1.7333,"name":"R_fire2_02"},{"time":1.8,"name":"R_fire2_03"},{"time":1.8666,"name":"R_fire2_04"},{"time":1.9333,"name":"R_fire2_05"},{"time":2,"name":"R_fire2_06"}]}},"bones":{"EF1":{"rotate":[{"time":0,"angle":24.76}],"translate":[{"time":0,"x":-510.01,"y":-94.81,"curve":"stepped"},{"time":0.7333,"x":-510.01,"y":-94.81},{"time":1.2666,"x":-564.16,"y":-99.71}],"scale":[{"time":0,"x":0.733,"y":0.733}]},"EF2":{"rotate":[{"time":0.1666,"angle":-118.62}],"translate":[{"time":0.1666,"x":-578.48,"y":-133.9}],"scale":[{"time":0.1666,"x":0.733,"y":0.733}]},"EF3":{"rotate":[{"time":0.3333,"angle":147.72}],"translate":[{"time":0.3333,"x":-680.32,"y":-67.62,"curve":"stepped"},{"time":1.1666,"x":-680.32,"y":-67.62},{"time":1.7,"x":-616.81,"y":-128.08}],"scale":[{"time":0.3333,"x":0.733,"y":0.733}]},"L_arm_2":{"translate":[{"time":0,"x":0,"y":0},{"time":0.6333,"x":0,"y":5.5},{"time":1.0333,"x":0,"y":0},{"time":1.6333,"x":0,"y":7.3},{"time":2,"x":0,"y":0}]},"R_arm_2":{"translate":[{"time":0,"x":0,"y":0},{"time":0.6666,"x":0,"y":5.5},{"time":1.0666,"x":0,"y":0},{"time":1.6666,"x":0,"y":7.3},{"time":2,"x":0,"y":0}]},"R_arm_1":{"translate":[{"time":0,"x":0,"y":0},{"time":0.5666,"x":0,"y":5},{"time":0.9666,"x":0,"y":-1.3},{"time":1.5666,"x":0,"y":5.5},{"time":2,"x":0,"y":0}]},"L_arm_1":{"translate":[{"time":0,"x":0,"y":0},{"time":0.5333,"x":0,"y":5.2},{"time":0.9333,"x":0,"y":-1.09},{"time":1.5333,"x":0,"y":5.7},{"time":2,"x":0,"y":0}]}}},"skill1":{"slots":{"DAMAGEAREA":{"attachment":[{"time":0.9333,"name":"DAMAGEAREA"},{"time":1.8666,"name":null}]},"EF/370_S1_wave1/370_S1_wave1_0":{"attachment":[{"time":0.8666,"name":"EF/370_S1_wave1/370_S1_wave1_00001"},{"time":0.9,"name":"EF/370_S1_wave1/370_S1_wave1_00001"},{"time":0.9666,"name":"EF/370_S1_wave1/370_S1_wave1_00004"},{"time":1.0333,"name":"EF/370_S1_wave1/370_S1_wave1_00006"},{"time":1.1333,"name":"EF/370_S1_wave1/370_S1_wave1_00009"},{"time":1.2,"name":"EF/370_S1_wave1/370_S1_wave1_00010"},{"time":1.5333,"name":"EF/370_S1_wave1/370_S1_wave1_00001"},{"time":1.5666,"name":"EF/370_S1_wave1/370_S1_wave1_00001"},{"time":1.6333,"name":"EF/370_S1_wave1/370_S1_wave1_00004"},{"time":1.7,"name":"EF/370_S1_wave1/370_S1_wave1_00006"},{"time":1.8,"name":"EF/370_S1_wave1/370_S1_wave1_00009"},{"time":1.8666,"name":"EF/370_S1_wave1/370_S1_wave1_00010"}],"color":[{"time":1.2,"color":"ffffffff"},{"time":1.3666,"color":"ffffff00","curve":"stepped"},{"time":1.5333,"color":"ffffffff","curve":"stepped"},{"time":1.8666,"color":"ffffffff"},{"time":2,"color":"ffffff00"}]},"EF/370_S1_wave1/370_S1_wave1_1":{"attachment":[{"time":1.2333,"name":"EF/370_S1_wave1/370_S1_wave1_00001"},{"time":1.3333,"name":"EF/370_S1_wave1/370_S1_wave1_00004"},{"time":1.4,"name":"EF/370_S1_wave1/370_S1_wave1_00006"},{"time":1.5,"name":"EF/370_S1_wave1/370_S1_wave1_00009"},{"time":1.5666,"name":"EF/370_S1_wave1/370_S1_wave1_00010"}],"color":[{"time":1.5666,"color":"ffffffff"},{"time":1.7333,"color":"ffffff00"}]},"L_fire1_00":{"attachment":[{"time":0,"name":"L_fire1_01"},{"time":0.0666,"name":"L_fire1_01"},{"time":0.1333,"name":"L_fire1_02"},{"time":0.2,"name":"L_fire1_03"},{"time":0.2666,"name":"L_fire1_04"},{"time":0.3333,"name":"L_fire1_05"},{"time":0.4,"name":"L_fire1_06"},{"time":0.4666,"name":"L_fire1_07"},{"time":0.5333,"name":"L_fire1_00"},{"time":0.6,"name":"L_fire1_01"},{"time":0.6666,"name":"L_fire1_02"},{"time":0.7333,"name":"L_fire1_03"},{"time":0.8,"name":"L_fire1_04"},{"time":0.8666,"name":"L_fire1_05"},{"time":0.9333,"name":"L_fire1_06"},{"time":1,"name":"L_fire1_07"},{"time":1.0666,"name":"L_fire1_00"},{"time":1.1333,"name":"L_fire1_01"},{"time":1.2,"name":"L_fire1_02"},{"time":1.2666,"name":"L_fire1_03"},{"time":1.3333,"name":"L_fire1_04"},{"time":1.4,"name":"L_fire1_05"},{"time":1.4666,"name":"L_fire1_06"},{"time":1.5333,"name":"L_fire1_07"},{"time":1.6,"name":"L_fire1_00"},{"time":1.6666,"name":"L_fire1_01"},{"time":1.7333,"name":"L_fire1_02"},{"time":1.8,"name":"L_fire1_03"},{"time":1.8666,"name":"L_fire1_04"},{"time":1.9333,"name":"L_fire1_05"},{"time":2,"name":"L_fire1_06"}]},"L_fire2_00":{"attachment":[{"time":0,"name":"L_fire2_01"},{"time":0.0666,"name":"L_fire2_01"},{"time":0.1333,"name":"L_fire2_02"},{"time":0.2,"name":"L_fire2_03"},{"time":0.2666,"name":"L_fire2_04"},{"time":0.3333,"name":"L_fire2_05"},{"time":0.4,"name":"L_fire2_06"},{"time":0.4666,"name":"L_fire2_07"},{"time":0.5333,"name":"L_fire2_00"},{"time":0.6,"name":"L_fire2_01"},{"time":0.6666,"name":"L_fire2_02"},{"time":0.7333,"name":"L_fire2_03"},{"time":0.8,"name":"L_fire2_04"},{"time":0.8666,"name":"L_fire2_05"},{"time":0.9333,"name":"L_fire2_06"},{"time":1,"name":"L_fire2_07"},{"time":1.0666,"name":"L_fire2_00"},{"time":1.1333,"name":"L_fire2_01"},{"time":1.2,"name":"L_fire2_02"},{"time":1.2666,"name":"L_fire2_03"},{"time":1.3333,"name":"L_fire2_04"},{"time":1.4,"name":"L_fire2_05"},{"time":1.4666,"name":"L_fire2_06"},{"time":1.5333,"name":"L_fire2_07"},{"time":1.6,"name":"L_fire2_00"},{"time":1.6666,"name":"L_fire2_01"},{"time":1.7333,"name":"L_fire2_02"},{"time":1.8,"name":"L_fire2_03"},{"time":1.8666,"name":"L_fire2_04"},{"time":1.9333,"name":"L_fire2_05"},{"time":2,"name":"L_fire2_06"}]},"MAIN":{"attachment":[{"time":0,"name":"idle_00"},{"time":0.2,"name":"idle_01"},{"time":0.4,"name":"idle_02"},{"time":0.6,"name":"idle_03"},{"time":0.8,"name":"idle_04"},{"time":1,"name":"idle_00"},{"time":1.2,"name":"idle_01"},{"time":1.4,"name":"idle_02"},{"time":1.6,"name":"idle_03"},{"time":1.8,"name":"idle_04"},{"time":2,"name":"idle_00"}]},"R_fire1_00":{"attachment":[{"time":0,"name":"R_fire1_01"},{"time":0.0666,"name":"R_fire1_01"},{"time":0.1333,"name":"R_fire1_02"},{"time":0.2,"name":"R_fire1_03"},{"time":0.2666,"name":"R_fire1_04"},{"time":0.3333,"name":"R_fire1_05"},{"time":0.4,"name":"R_fire1_06"},{"time":0.4666,"name":"R_fire1_07"},{"time":0.5333,"name":"R_fire1_00"},{"time":0.6,"name":"R_fire1_01"},{"time":0.6666,"name":"R_fire1_02"},{"time":0.7333,"name":"R_fire1_03"},{"time":0.8,"name":"R_fire1_04"},{"time":0.8666,"name":"R_fire1_05"},{"time":0.9333,"name":"R_fire1_06"},{"time":1,"name":"R_fire1_07"},{"time":1.0666,"name":"R_fire1_00"},{"time":1.1333,"name":"R_fire1_01"},{"time":1.2,"name":"R_fire1_02"},{"time":1.2666,"name":"R_fire1_03"},{"time":1.3333,"name":"R_fire1_04"},{"time":1.4,"name":"R_fire1_05"},{"time":1.4666,"name":"R_fire1_06"},{"time":1.5333,"name":"R_fire1_07"},{"time":1.6,"name":"R_fire1_00"},{"time":1.6666,"name":"R_fire1_01"},{"time":1.7333,"name":"R_fire1_02"},{"time":1.8,"name":"R_fire1_03"},{"time":1.8666,"name":"R_fire1_04"},{"time":1.9333,"name":"R_fire1_05"},{"time":2,"name":"R_fire1_06"}]},"R_fire2_00":{"attachment":[{"time":0,"name":"R_fire2_01"},{"time":0.0666,"name":"R_fire2_01"},{"time":0.1333,"name":"R_fire2_02"},{"time":0.2,"name":"R_fire2_03"},{"time":0.2666,"name":"R_fire2_04"},{"time":0.3333,"name":"R_fire2_05"},{"time":0.4,"name":"R_fire2_06"},{"time":0.4666,"name":"R_fire2_07"},{"time":0.5333,"name":"R_fire2_00"},{"time":0.6,"name":"R_fire2_01"},{"time":0.6666,"name":"R_fire2_02"},{"time":0.7333,"name":"R_fire2_03"},{"time":0.8,"name":"R_fire2_04"},{"time":0.8666,"name":"R_fire2_05"},{"time":0.9333,"name":"R_fire2_06"},{"time":1,"name":"R_fire2_07"},{"time":1.0666,"name":"R_fire2_00"},{"time":1.1333,"name":"R_fire2_01"},{"time":1.2,"name":"R_fire2_02"},{"time":1.2666,"name":"R_fire2_03"},{"time":1.3333,"name":"R_fire2_04"},{"time":1.4,"name":"R_fire2_05"},{"time":1.4666,"name":"R_fire2_06"},{"time":1.5333,"name":"R_fire2_07"},{"time":1.6,"name":"R_fire2_00"},{"time":1.6666,"name":"R_fire2_01"},{"time":1.7333,"name":"R_fire2_02"},{"time":1.8,"name":"R_fire2_03"},{"time":1.8666,"name":"R_fire2_04"},{"time":1.9333,"name":"R_fire2_05"},{"time":2,"name":"R_fire2_06"}]}},"bones":{"370_S1_wave1_re":{"translate":[{"time":0.8666,"x":-155,"y":13.68,"curve":[0.25,0,0.75,1]},{"time":1.3666,"x":-270,"y":15,"curve":"stepped"},{"time":1.5333,"x":-305,"y":15,"curve":[0.246,0,0.722,0.88]},{"time":2,"x":-370,"y":15}],"scale":[{"time":0.8666,"x":0.892,"y":0.892,"curve":"stepped"},{"time":0.9,"x":1,"y":1,"curve":"stepped"},{"time":0.9333,"x":1.107,"y":1.107,"curve":"stepped"},{"time":0.9666,"x":0.851,"y":0.851,"curve":"stepped"},{"time":1,"x":1.071,"y":1.071,"curve":"stepped"},{"time":1.0333,"x":0.878,"y":0.878,"curve":"stepped"},{"time":1.0666,"x":1.071,"y":1.071,"curve":"stepped"},{"time":1.1,"x":1.117,"y":1.117,"curve":"stepped"},{"time":1.1333,"x":0.951,"y":0.951,"curve":"stepped"},{"time":1.1666,"x":1.071,"y":1.071,"curve":"stepped"},{"time":1.2,"x":1,"y":1},{"time":1.3666,"x":1.193,"y":1.193,"curve":"stepped"},{"time":1.5333,"x":0.892,"y":0.892,"curve":"stepped"},{"time":1.5666,"x":1,"y":1,"curve":"stepped"},{"time":1.6,"x":1.107,"y":1.107,"curve":"stepped"},{"time":1.6333,"x":0.851,"y":0.851,"curve":"stepped"},{"time":1.6666,"x":1.071,"y":1.071,"curve":"stepped"},{"time":1.7,"x":0.878,"y":0.878,"curve":"stepped"},{"time":1.7333,"x":1.071,"y":1.071,"curve":"stepped"},{"time":1.7666,"x":1.117,"y":1.117,"curve":"stepped"},{"time":1.8,"x":0.951,"y":0.951,"curve":"stepped"},{"time":1.8333,"x":1.071,"y":1.071,"curve":"stepped"},{"time":1.8666,"x":1,"y":1},{"time":2,"x":1.198,"y":1.198}]},"370_S1_wave1_re2":{"translate":[{"time":1.2333,"x":-245,"y":15,"curve":[0.246,0,0.722,0.88]},{"time":1.7333,"x":-350,"y":15}],"scale":[{"time":1.2333,"x":0.892,"y":0.892,"curve":"stepped"},{"time":1.2666,"x":1,"y":1,"curve":"stepped"},{"time":1.3,"x":1.107,"y":1.107,"curve":"stepped"},{"time":1.3333,"x":0.851,"y":0.851,"curve":"stepped"},{"time":1.3666,"x":1.071,"y":1.071,"curve":"stepped"},{"time":1.4,"x":0.878,"y":0.878,"curve":"stepped"},{"time":1.4333,"x":1.071,"y":1.071,"curve":"stepped"},{"time":1.4666,"x":1.117,"y":1.117,"curve":"stepped"},{"time":1.5,"x":0.951,"y":0.951,"curve":"stepped"},{"time":1.5333,"x":1.071,"y":1.071,"curve":"stepped"},{"time":1.5666,"x":1,"y":1},{"time":1.7333,"x":1.201,"y":1.201}]},"DAMAGEAREA":{"translate":[{"time":0.9333,"x":-297.39,"y":264.35},{"time":1.8333,"x":-480.63,"y":264.35}],"scale":[{"time":0.9333,"x":1.739,"y":2.343}]},"L_arm_2":{"translate":[{"time":0,"x":0,"y":1.62},{"time":0.6333,"x":0,"y":5.5},{"time":1.0333,"x":0,"y":0},{"time":1.6333,"x":0,"y":7.3},{"time":2,"x":0,"y":2.19}]},"R_arm_1":{"translate":[{"time":0,"x":0,"y":0.96},{"time":0.5666,"x":0,"y":5},{"time":0.9666,"x":0,"y":-1.3},{"time":1.5666,"x":0,"y":5.5},{"time":2,"x":0,"y":-0.9}]},"R_arm_2":{"translate":[{"time":0,"x":0,"y":1.21},{"time":0.6666,"x":0,"y":5.5},{"time":1.0666,"x":0,"y":0},{"time":1.6666,"x":0,"y":7.3},{"time":2,"x":0,"y":2.3}]},"L_arm_1":{"translate":[{"time":0,"x":0,"y":1.54},{"time":0.5333,"x":0,"y":5.2},{"time":0.9333,"x":0,"y":-1.09},{"time":1.5333,"x":0,"y":5.7},{"time":2,"x":0,"y":-0.69}]}},"drawOrder":[{"time":0}],"events":[{"time":0,"name":"HitEffect","string":"setHitEffect(hit02c,1,0.75,1)"},{"time":0,"name":"Voice","string":"cri_058_voice_skill_b"},{"time":0.0333,"name":"Event","float":0.1,"string":"kHitStopType_enemyonly"},{"time":0.2,"name":"Sound1","string":"cri_se_battle_charge"},{"time":0.8666,"name":"Sound1","string":"cri_se_battle_storm"},{"time":0.8666,"name":"Sound2","string":"cri_se_battle_033_explosion_element_01"},{"time":0.9,"name":"Event","string":"setHitBackEnemy(11,5)"},{"time":0.9333,"name":"Event","float":1,"string":"shakeGround_Loop"},{"time":1,"name":"Hit","string":"resetHitList"},{"time":1,"name":"Sound1","string":"setHitSound(se_battle_hard_hit)"},{"time":1.0333,"name":"Hit","string":"resetHitList"},{"time":1.1,"name":"Hit","string":"resetHitList"},{"time":1.1,"name":"Sound1","string":"setHitSound(se_battle_hard_hit)"},{"time":1.1333,"name":"Hit","string":"resetHitList"},{"time":1.2,"name":"Hit","string":"resetHitList"},{"time":1.2,"name":"Sound1","string":"setHitSound(se_battle_hard_hit)"},{"time":1.2333,"name":"Hit","string":"resetHitList"},{"time":1.3,"name":"Hit","string":"resetHitList"},{"time":1.3,"name":"Sound1","string":"setHitSound(se_battle_hard_hit)"},{"time":1.3333,"name":"Hit","string":"resetHitList"},{"time":1.3666,"name":"Event","string":"setHitBackEnemy(3,5)"},{"time":1.4,"name":"Hit","string":"resetHitList"},{"time":1.4,"name":"Sound1","string":"setHitSound(se_battle_hard_hit)"},{"time":1.4333,"name":"Hit","string":"resetHitList"},{"time":1.5,"name":"Hit","string":"resetHitList"},{"time":1.5,"name":"Sound1","string":"setHitSound(se_battle_hard_hit)"},{"time":1.5333,"name":"Hit","string":"resetHitList"},{"time":1.6,"name":"Hit","string":"resetHitList"},{"time":1.6,"name":"Sound1","string":"setHitSound(se_battle_hard_hit)"},{"time":1.6333,"name":"Hit","string":"resetHitList"},{"time":1.7,"name":"Hit","string":"resetHitList"},{"time":1.7,"name":"Sound1","string":"setHitSound(se_battle_hard_hit)"},{"time":1.7333,"name":"Hit","string":"resetHitList"}]},"skill2":{"slots":{"DAMAGEAREA":{"attachment":[{"time":1.1666,"name":"DAMAGEAREA"},{"time":1.3666,"name":null},{"time":1.5333,"name":"DAMAGEAREA"},{"time":1.7333,"name":null},{"time":1.9,"name":"DAMAGEAREA"},{"time":2.1666,"name":null}]},"EF/670_S2_ene1/670_S2_ene1_1":{"attachment":[{"time":1.0333,"name":"EF/670_S2_ene1/670_S2_ene1_00018"},{"time":1.1666,"name":"EF/670_S2_ene1/670_S2_ene1_00018"},{"time":1.8,"name":"EF/670_S2_ene1/670_S2_ene1_00024"}],"color":[{"time":1.0333,"color":"ffffff32"},{"time":1.1666,"color":"ffffffff","curve":"stepped"},{"time":1.8,"color":"ffffffff"},{"time":2.1333,"color":"ffffff00"}]},"EF/670_S2_ene2/670_S2_ene2_0":{"attachment":[{"time":1.0333,"name":"EF/670_S2_ene2/670_S2_ene2_00003"},{"time":1.1333,"name":"EF/670_S2_ene2/670_S2_ene2_00004"},{"time":1.1666,"name":"EF/670_S2_ene2/670_S2_ene2_00005"},{"time":1.2,"name":"EF/670_S2_ene2/670_S2_ene2_00006"},{"time":1.2333,"name":"EF/670_S2_ene2/670_S2_ene2_00007"},{"time":1.2666,"name":"EF/670_S2_ene2/670_S2_ene2_00008"},{"time":1.3,"name":"EF/670_S2_ene2/670_S2_ene2_00009"},{"time":1.3333,"name":"EF/670_S2_ene2/670_S2_ene2_00010"},{"time":1.3666,"name":"EF/670_S2_ene2/670_S2_ene2_00003"},{"time":1.4,"name":"EF/670_S2_ene2/670_S2_ene2_00004"},{"time":1.4333,"name":"EF/670_S2_ene2/670_S2_ene2_00005"},{"time":1.4666,"name":"EF/670_S2_ene2/670_S2_ene2_00006"},{"time":1.5,"name":"EF/670_S2_ene2/670_S2_ene2_00007"},{"time":1.5333,"name":"EF/670_S2_ene2/670_S2_ene2_00008"},{"time":1.5666,"name":"EF/670_S2_ene2/670_S2_ene2_00009"},{"time":1.6,"name":"EF/670_S2_ene2/670_S2_ene2_00010"},{"time":1.6333,"name":"EF/670_S2_ene2/670_S2_ene2_00020"},{"time":1.7,"name":"EF/670_S2_ene2/670_S2_ene2_00021"},{"time":1.7333,"name":"EF/670_S2_ene2/670_S2_ene2_00022"},{"time":1.7666,"name":"EF/670_S2_ene2/670_S2_ene2_00023"},{"time":1.8,"name":"EF/670_S2_ene2/670_S2_ene2_00024"},{"time":1.9333,"name":null}],"color":[{"time":1.8,"color":"ffffffff"},{"time":1.9333,"color":"ffffff00"}]},"EF/670_S2_shine1/670_S2_shine1_00000":{"attachment":[{"time":1.0333,"name":"EF/670_S2_shine1/670_S2_shine1_00000"},{"time":2.1,"name":null}],"color":[{"time":1.8,"color":"ffffffff"},{"time":2.1,"color":"ffffff00"}]},"EF/670_S2_wave2/670_S2_wave2_6":{"attachment":[{"time":1.2333,"name":"EF/670_S2_wave2/670_S2_wave2_00006"},{"time":1.2666,"name":"EF/670_S2_wave2/670_S2_wave2_00007"},{"time":1.3,"name":"EF/670_S2_wave2/670_S2_wave2_00008"},{"time":1.3333,"name":"EF/670_S2_wave2/670_S2_wave2_00009"},{"time":1.3666,"name":"EF/670_S2_wave2/670_S2_wave2_00010"},{"time":1.4,"name":"EF/670_S2_wave2/670_S2_wave2_00011"},{"time":1.4333,"name":"EF/670_S2_wave2/670_S2_wave2_00012"},{"time":1.6,"name":null}],"color":[{"time":1.4333,"color":"ffffffff"},{"time":1.6,"color":"ffffff00"}]},"L_fire1_00":{"attachment":[{"time":0,"name":"L_fire1_00"},{"time":0.0666,"name":"L_fire1_01"},{"time":0.1333,"name":"L_fire1_02"},{"time":0.2,"name":"L_fire1_03"},{"time":0.2666,"name":"L_fire1_04"},{"time":0.3333,"name":"L_fire1_05"},{"time":0.4,"name":"L_fire1_06"},{"time":0.4666,"name":"L_fire1_07"},{"time":0.5333,"name":"L_fire1_00"},{"time":0.6,"name":"L_fire1_01"},{"time":0.6666,"name":"L_fire1_02"},{"time":0.7333,"name":"L_fire1_03"},{"time":0.8,"name":"L_fire1_04"},{"time":0.8666,"name":"L_fire1_05"},{"time":0.9333,"name":"L_fire1_06"},{"time":1,"name":"L_fire1_07"},{"time":1.0666,"name":"L_fire1_00"},{"time":1.1333,"name":"L_fire1_01"},{"time":1.2,"name":"L_fire1_02"},{"time":1.2666,"name":"L_fire1_03"},{"time":1.3333,"name":"L_fire1_04"},{"time":1.4,"name":"L_fire1_05"},{"time":1.4666,"name":"L_fire1_06"},{"time":1.5333,"name":"L_fire1_07"},{"time":1.6,"name":"L_fire1_00"},{"time":1.6666,"name":"L_fire1_01"},{"time":1.7333,"name":"L_fire1_02"},{"time":1.8,"name":"L_fire1_03"},{"time":1.8666,"name":"L_fire1_04"},{"time":1.9333,"name":"L_fire1_05"},{"time":2,"name":"L_fire1_06"},{"time":2.0666,"name":"L_fire1_07"},{"time":2.1333,"name":"L_fire1_00"},{"time":2.2,"name":"L_fire1_01"},{"time":2.2666,"name":"L_fire1_02"},{"time":2.3333,"name":"L_fire1_03"},{"time":2.4,"name":"L_fire1_04"},{"time":2.4666,"name":"L_fire1_05"},{"time":2.5333,"name":"L_fire1_06"},{"time":2.6,"name":"L_fire1_07"}]},"L_fire2_00":{"attachment":[{"time":0,"name":"L_fire2_00"},{"time":0.0666,"name":"L_fire2_01"},{"time":0.1333,"name":"L_fire2_02"},{"time":0.2,"name":"L_fire2_03"},{"time":0.2666,"name":"L_fire2_04"},{"time":0.3333,"name":"L_fire2_05"},{"time":0.4,"name":"L_fire2_06"},{"time":0.4666,"name":"L_fire2_07"},{"time":0.5333,"name":"L_fire2_00"},{"time":0.6,"name":"L_fire2_01"},{"time":0.6666,"name":"L_fire2_02"},{"time":0.7333,"name":"L_fire2_03"},{"time":0.8,"name":"L_fire2_04"},{"time":0.8666,"name":"L_fire2_05"},{"time":0.9333,"name":"L_fire2_06"},{"time":1,"name":"L_fire2_07"},{"time":1.0666,"name":"L_fire2_00"},{"time":1.1333,"name":"L_fire2_01"},{"time":1.2,"name":"L_fire2_02"},{"time":1.2666,"name":"L_fire2_03"},{"time":1.3333,"name":"L_fire2_04"},{"time":1.4,"name":"L_fire2_05"},{"time":1.4666,"name":"L_fire2_06"},{"time":1.5333,"name":"L_fire2_07"},{"time":1.6,"name":"L_fire2_00"},{"time":1.6666,"name":"L_fire2_01"},{"time":1.7333,"name":"L_fire2_02"},{"time":1.8,"name":"L_fire2_03"},{"time":1.8666,"name":"L_fire2_04"},{"time":1.9333,"name":"L_fire2_05"},{"time":2,"name":"L_fire2_06"},{"time":2.0666,"name":"L_fire2_07"},{"time":2.1333,"name":"L_fire2_00"},{"time":2.2,"name":"L_fire2_01"},{"time":2.2666,"name":"L_fire2_02"},{"time":2.3333,"name":"L_fire2_03"},{"time":2.4,"name":"L_fire2_04"},{"time":2.4666,"name":"L_fire2_05"},{"time":2.5333,"name":"L_fire2_06"},{"time":2.6,"name":"L_fire2_07"}]},"MAIN":{"attachment":[{"time":0,"name":"idle_00"},{"time":0.2,"name":"idle_01"},{"time":0.4,"name":"idle_02"},{"time":0.6,"name":"idle_03"},{"time":0.8,"name":"idle_04"},{"time":1,"name":"idle_00"},{"time":1.2,"name":"idle_01"},{"time":1.4,"name":"idle_02"},{"time":1.6,"name":"idle_03"},{"time":1.8,"name":"idle_04"},{"time":2,"name":"idle_00"},{"time":2.2,"name":"idle_01"},{"time":2.4,"name":"idle_02"},{"time":2.6,"name":"idle_03"}]},"R_fire1_00":{"attachment":[{"time":0,"name":"R_fire1_00"},{"time":0.0666,"name":"R_fire1_01"},{"time":0.1333,"name":"R_fire1_02"},{"time":0.2,"name":"R_fire1_03"},{"time":0.2666,"name":"R_fire1_04"},{"time":0.3333,"name":"R_fire1_05"},{"time":0.4,"name":"R_fire1_06"},{"time":0.4666,"name":"R_fire1_07"},{"time":0.5333,"name":"R_fire1_00"},{"time":0.6,"name":"R_fire1_01"},{"time":0.6666,"name":"R_fire1_02"},{"time":0.7333,"name":"R_fire1_03"},{"time":0.8,"name":"R_fire1_04"},{"time":0.8666,"name":"R_fire1_05"},{"time":0.9333,"name":"R_fire1_06"},{"time":1,"name":"R_fire1_07"},{"time":1.0666,"name":"R_fire1_00"},{"time":1.1333,"name":"R_fire1_01"},{"time":1.2,"name":"R_fire1_02"},{"time":1.2666,"name":"R_fire1_03"},{"time":1.3333,"name":"R_fire1_04"},{"time":1.4,"name":"R_fire1_05"},{"time":1.4666,"name":"R_fire1_06"},{"time":1.5333,"name":"R_fire1_07"},{"time":1.6,"name":"R_fire1_00"},{"time":1.6666,"name":"R_fire1_01"},{"time":1.7333,"name":"R_fire1_02"},{"time":1.8,"name":"R_fire1_03"},{"time":1.8666,"name":"R_fire1_04"},{"time":1.9333,"name":"R_fire1_05"},{"time":2,"name":"R_fire1_06"},{"time":2.0666,"name":"R_fire1_07"},{"time":2.1333,"name":"R_fire1_00"},{"time":2.2,"name":"R_fire1_01"},{"time":2.2666,"name":"R_fire1_02"},{"time":2.3333,"name":"R_fire1_03"},{"time":2.4,"name":"R_fire1_04"},{"time":2.4666,"name":"R_fire1_05"},{"time":2.5333,"name":"R_fire1_06"},{"time":2.6,"name":"R_fire1_07"}]},"R_fire2_00":{"attachment":[{"time":0,"name":"R_fire2_00"},{"time":0.0666,"name":"R_fire2_01"},{"time":0.1333,"name":"R_fire2_02"},{"time":0.2,"name":"R_fire2_03"},{"time":0.2666,"name":"R_fire2_04"},{"time":0.3333,"name":"R_fire2_05"},{"time":0.4,"name":"R_fire2_06"},{"time":0.4666,"name":"R_fire2_07"},{"time":0.5333,"name":"R_fire2_00"},{"time":0.6,"name":"R_fire2_01"},{"time":0.6666,"name":"R_fire2_02"},{"time":0.7333,"name":"R_fire2_03"},{"time":0.8,"name":"R_fire2_04"},{"time":0.8666,"name":"R_fire2_05"},{"time":0.9333,"name":"R_fire2_06"},{"time":1,"name":"R_fire2_07"},{"time":1.0666,"name":"R_fire2_00"},{"time":1.1333,"name":"R_fire2_01"},{"time":1.2,"name":"R_fire2_02"},{"time":1.2666,"name":"R_fire2_03"},{"time":1.3333,"name":"R_fire2_04"},{"time":1.4,"name":"R_fire2_05"},{"time":1.4666,"name":"R_fire2_06"},{"time":1.5333,"name":"R_fire2_07"},{"time":1.6,"name":"R_fire2_00"},{"time":1.6666,"name":"R_fire2_01"},{"time":1.7333,"name":"R_fire2_02"},{"time":1.8,"name":"R_fire2_03"},{"time":1.8666,"name":"R_fire2_04"},{"time":1.9333,"name":"R_fire2_05"},{"time":2,"name":"R_fire2_06"},{"time":2.0666,"name":"R_fire2_07"},{"time":2.1333,"name":"R_fire2_00"},{"time":2.2,"name":"R_fire2_01"},{"time":2.2666,"name":"R_fire2_02"},{"time":2.3333,"name":"R_fire2_03"},{"time":2.4,"name":"R_fire2_04"},{"time":2.4666,"name":"R_fire2_05"},{"time":2.5333,"name":"R_fire2_06"},{"time":2.6,"name":"R_fire2_07"}]}},"bones":{"670_S2_shine1":{"translate":[{"time":1.0333,"x":0,"y":120}],"scale":[{"time":1.0333,"x":0.75,"y":0.75,"curve":"stepped"},{"time":1.0666,"x":1,"y":1}]},"670_S2_ene1_re":{"translate":[{"time":1.0333,"x":10.64,"y":-62.41}]},"670_S2_wave2_re":{"translate":[{"time":1.2333,"x":0,"y":120}],"scale":[{"time":1.2333,"x":0.964,"y":0.964},{"time":1.4333,"x":1,"y":1},{"time":1.6,"x":1.04,"y":1.04}]},"670_S2_ene2_re":{"rotate":[{"time":1.1333,"angle":359.92}],"translate":[{"time":1.0333,"x":-17.56,"y":0}],"scale":[{"time":1.0333,"x":1,"y":1},{"time":1.0666,"x":0.83,"y":0.785,"curve":"stepped"},{"time":1.1,"x":1,"y":1,"curve":"stepped"},{"time":1.6,"x":1,"y":1,"curve":"stepped"},{"time":1.6333,"x":0.945,"y":0.875,"curve":"stepped"},{"time":1.6666,"x":1,"y":1,"curve":"stepped"},{"time":1.8,"x":1,"y":1,"curve":"stepped"},{"time":1.8333,"x":1,"y":1.115}]},"DAMAGEAREA":{"translate":[{"time":1.1666,"x":0,"y":126.4}],"scale":[{"time":1.1666,"x":1.73,"y":1.702},{"time":1.3333,"x":2.264,"y":2.228,"curve":"stepped"},{"time":1.5333,"x":1.73,"y":1.702},{"time":1.7,"x":2.264,"y":2.228,"curve":"stepped"},{"time":1.9,"x":1.73,"y":1.702},{"time":2.1333,"x":3.068,"y":2.93}]},"L_arm_2":{"translate":[{"time":0,"x":0,"y":0},{"time":0.6,"x":0,"y":5.5},{"time":0.8666,"x":0,"y":0,"curve":"stepped"},{"time":1.2666,"x":0,"y":0},{"time":1.8666,"x":0,"y":5.5},{"time":2.0666,"x":0,"y":0,"curve":"stepped"},{"time":2.2666,"x":0,"y":0},{"time":2.6,"x":0,"y":5.5}]},"R_arm_1":{"translate":[{"time":0,"x":0,"y":0},{"time":0.5,"x":0,"y":5},{"time":0.7666,"x":0,"y":-1.3},{"time":1.1666,"x":0,"y":0},{"time":1.7666,"x":0,"y":5},{"time":1.9666,"x":0,"y":-1.3},{"time":2.1666,"x":0,"y":0},{"time":2.6,"x":0,"y":5}]},"R_arm_2":{"translate":[{"time":0,"x":0,"y":0},{"time":0.5666,"x":0,"y":5.5},{"time":0.8333,"x":0,"y":0,"curve":"stepped"},{"time":1.2333,"x":0,"y":0},{"time":1.8333,"x":0,"y":5.5},{"time":2.0333,"x":0,"y":0,"curve":"stepped"},{"time":2.2333,"x":0,"y":0},{"time":2.6,"x":0,"y":5.5}]},"L_arm_1":{"translate":[{"time":0,"x":0,"y":0},{"time":0.4666,"x":0,"y":5.2},{"time":0.7333,"x":0,"y":-1.09},{"time":1.1333,"x":0,"y":0},{"time":1.7333,"x":0,"y":5.2},{"time":1.9333,"x":0,"y":-1.09},{"time":2.1333,"x":0,"y":0},{"time":2.6,"x":0,"y":5.2}]}},"drawOrder":[{"time":0},{"time":1.3}],"events":[{"time":0,"name":"Event","float":0.2,"string":"kHitStopType_enemyonly"},{"time":0,"name":"HitEffect","string":"setHitEffect(hit01c,1,0.8,1)"},{"time":0.2,"name":"Sound1","string":"cri_se_battle_charge"},{"time":1,"name":"Voice","string":"cri_058_voice_fullarts_now"},{"time":1.0333,"name":"Sound1","string":"cri_se_battle_gun_burst"},{"time":1.0333,"name":"Sound2","string":"cri_se_battle_033_explosion_element_01"},{"time":1.0333,"name":"Sound3","string":"cri_se_battle_hard_hit"},{"time":1.0666,"name":"Sound1","string":"cri_se_battle_lightning"},{"time":1.1666,"name":"Event","float":1.35,"string":"shakeGround_Loop"},{"time":1.2,"name":"Hit","string":"resetHitList"},{"time":1.2,"name":"Sound1","string":"setHitSound(se_battle_hard_hit)"},{"time":1.2333,"name":"Hit","string":"resetHitList"},{"time":1.2333,"name":"Sound1","string":"setHitSound(se_battle_hard_hit)"},{"time":1.2666,"name":"Hit","string":"resetHitList"},{"time":1.2666,"name":"Sound1","string":"setHitSound(se_battle_hard_hit)"},{"time":1.3,"name":"Hit","string":"resetHitList"},{"time":1.3,"name":"Sound1","string":"setHitSound(se_battle_hard_hit)"},{"time":1.3333,"name":"Hit","string":"resetHitList"},{"time":1.3333,"name":"Sound1","string":"setHitSound(se_battle_hard_hit)"},{"time":1.4,"name":"Sound1","string":"cri_se_battle_gun_burst"},{"time":1.4,"name":"Sound2","string":"cri_se_battle_033_explosion_element_01"},{"time":1.4,"name":"Sound3","string":"cri_se_battle_hard_hit"},{"time":1.5333,"name":"Hit","string":"resetHitList"},{"time":1.5333,"name":"Sound1","string":"setHitSound(se_battle_hard_hit)"},{"time":1.5666,"name":"Hit","string":"resetHitList"},{"time":1.5666,"name":"Sound1","string":"setHitSound(se_battle_hard_hit)"},{"time":1.6,"name":"Hit","string":"resetHitList"},{"time":1.6,"name":"Sound1","string":"setHitSound(se_battle_hard_hit)"},{"time":1.6333,"name":"Hit","string":"resetHitList"},{"time":1.6333,"name":"Sound1","string":"setHitSound(se_battle_hard_hit)"},{"time":1.6666,"name":"Hit","string":"resetHitList"},{"time":1.6666,"name":"Sound1","string":"setHitSound(se_battle_hard_hit)"},{"time":1.7,"name":"Hit","string":"resetHitList"},{"time":1.7,"name":"Sound1","string":"setHitSound(se_battle_hard_hit)"},{"time":1.7333,"name":"Sound1","string":"cri_se_battle_gun_burst"},{"time":1.7333,"name":"Sound2","string":"cri_se_battle_033_explosion_element_01"},{"time":1.7333,"name":"Sound3","string":"cri_se_battle_hard_hit"},{"time":1.9,"name":"Event","string":"runSkillEffect"},{"time":1.9,"name":"Hit","float":1.25,"string":"resetHitList"},{"time":1.9,"name":"HitEffect","string":"setHitEffect(hit01c,1,1.2,1)"},{"time":1.9,"name":"Sound1","string":"setHitSound(se_battle_hard_hit)"},{"time":1.9333,"name":"Hit","float":1.25,"string":"resetHitList"},{"time":1.9333,"name":"Sound1","string":"setHitSound(se_battle_hard_hit)"},{"time":2,"name":"Hit","float":1.25,"string":"resetHitList"},{"time":2,"name":"Sound1","string":"setHitSound(se_battle_hard_hit)"},{"time":2.0333,"name":"Hit","float":1.25,"string":"resetHitList"},{"time":2.0333,"name":"Sound1","string":"setHitSound(se_battle_hard_hit)"},{"time":2.1,"name":"Hit","float":1.25,"string":"resetHitList"},{"time":2.1,"name":"Sound1","string":"setHitSound(se_battle_hard_hit)"},{"time":2.1333,"name":"Event","string":"kImpactType_knock"},{"time":2.1333,"name":"Hit","float":1.25,"string":"resetHitList"},{"time":2.1333,"name":"Sound1","string":"setHitSound(se_battle_hard_hit)"}]}}}