{"skeleton":{"hash":"gYOukI0c3gD6CPaJtqpNNC3mySo","spine":"3.0.12","width":0,"height":0,"images":"./images/"},"bones":[{"name":"root"},{"name":"grave","parent":"root","y":117.73},{"name":"EF/grave/F_R_grave_2","parent":"grave","x":-66.76,"y":-54.95},{"name":"EF/grave/F_L_cave_1","parent":"grave","x":34.84,"y":-71.17},{"name":"EF/grave/B_R_grave_3","parent":"grave","x":-59.12,"y":-4.39},{"name":"EF/grave/B_L_grave_4","parent":"grave","x":58.69,"y":-29.67},{"name":"EF/grave/B_C_grave_5","parent":"grave","x":3.35,"y":-24.43},{"name":"MAIN","parent":"root","y":117.74}],"slots":[{"name":"EF/grave/B_C_grave_5","bone":"EF/grave/B_C_grave_5","attachment":"EF/grave/B_C_grave_5"},{"name":"EF/grave/B_L_grave_4","bone":"EF/grave/B_L_grave_4","attachment":"EF/grave/B_L_grave_4"},{"name":"EF/grave/B_R_grave_3","bone":"EF/grave/B_R_grave_3","attachment":"EF/grave/B_R_grave_3"},{"name":"MAIN","bone":"MAIN","attachment":"idle_00"},{"name":"EF/grave/F_R_grave_2","bone":"EF/grave/F_R_grave_2","attachment":"EF/grave/F_R_grave_2"},{"name":"EF/grave/F_L_cave_1","bone":"EF/grave/F_L_cave_1","attachment":"EF/grave/F_L_cave_1"}],"skins":{"default":{"EF/grave/B_C_grave_5":{"EF/grave/B_C_grave_5":{"x":-3.35,"y":24.43,"width":280,"height":270}},"EF/grave/B_L_grave_4":{"EF/grave/B_L_grave_4":{"x":-58.69,"y":29.67,"width":280,"height":270}},"EF/grave/B_R_grave_3":{"EF/grave/B_R_grave_3":{"x":59.12,"y":4.39,"width":280,"height":270}},"EF/grave/F_L_cave_1":{"EF/grave/F_L_cave_1":{"x":-34.84,"y":71.17,"width":280,"height":270}},"EF/grave/F_R_grave_2":{"EF/grave/F_R_grave_2":{"x":66.76,"y":54.95,"width":280,"height":270}},"MAIN":{"idle_00":{"y":35.32,"width":400,"height":400},"idle_01":{"y":35.32,"width":400,"height":400},"idle_02":{"y":35.32,"width":400,"height":400},"idle_03":{"y":35.32,"width":400,"height":400},"idle_04":{"y":35.32,"width":400,"height":400}}}},"events":{"Event":{},"Event2":{},"Event3":{},"Hit":{},"HitEffect":{},"Sound1":{},"Sound2":{},"Voice":{}},"animations":{"idle":{"slots":{"MAIN":{"attachment":[{"time":0,"name":"idle_00"},{"time":0.2,"name":"idle_01"},{"time":0.4,"name":"idle_02"},{"time":0.6,"name":"idle_03"},{"time":0.8,"name":"idle_04"},{"time":1,"name":"idle_00"}]}},"bones":{"MAIN":{"translate":[{"time":0,"x":0,"y":-50.04}]},"EF/grave/B_C_grave_5":{"translate":[{"time":0,"x":0,"y":3.95,"curve":"stepped"},{"time":0.2,"x":0,"y":2.89,"curve":"stepped"},{"time":0.4,"x":0,"y":1.83,"curve":"stepped"},{"time":0.6,"x":0,"y":2.53,"curve":"stepped"},{"time":0.8,"x":0,"y":3.24,"curve":"stepped"},{"time":1,"x":0,"y":3.95}]},"EF/grave/B_L_grave_4":{"rotate":[{"time":0,"angle":0,"curve":"stepped"},{"time":0.2,"angle":-0.61,"curve":"stepped"},{"time":0.4,"angle":-1.22,"curve":"stepped"},{"time":0.6,"angle":-1.83,"curve":"stepped"},{"time":0.8,"angle":-0.91,"curve":"stepped"},{"time":1,"angle":0}],"translate":[{"time":0,"x":0,"y":0,"curve":"stepped"},{"time":0.2,"x":0,"y":0.58,"curve":"stepped"},{"time":0.4,"x":0,"y":1.19,"curve":"stepped"},{"time":0.6,"x":0,"y":1.78,"curve":"stepped"},{"time":0.8,"x":0,"y":0.89,"curve":"stepped"},{"time":1,"x":0,"y":0}]},"EF/grave/F_L_cave_1":{"rotate":[{"time":0,"angle":0,"curve":"stepped"},{"time":0.2,"angle":-0.27,"curve":"stepped"},{"time":0.4,"angle":-0.54,"curve":"stepped"},{"time":0.6,"angle":-0.81,"curve":"stepped"},{"time":0.8,"angle":-0.4,"curve":"stepped"},{"time":1,"angle":0}],"translate":[{"time":0,"x":-0.65,"y":0,"curve":"stepped"},{"time":0.2,"x":-0.26,"y":0.56,"curve":"stepped"},{"time":0.4,"x":0.56,"y":1.12,"curve":"stepped"},{"time":0.6,"x":0.84,"y":1.68,"curve":"stepped"},{"time":0.8,"x":0.42,"y":0.84,"curve":"stepped"},{"time":1,"x":-0.65,"y":0}]},"EF/grave/B_R_grave_3":{"rotate":[{"time":0,"angle":0,"curve":"stepped"},{"time":0.2,"angle":0.85,"curve":"stepped"},{"time":0.4,"angle":1.71,"curve":"stepped"},{"time":0.6,"angle":1.14,"curve":"stepped"},{"time":0.8,"angle":0.57,"curve":"stepped"},{"time":1,"angle":0}],"translate":[{"time":0,"x":0,"y":0,"curve":"stepped"},{"time":0.2,"x":0,"y":1.03,"curve":"stepped"},{"time":0.4,"x":0,"y":2.07,"curve":"stepped"},{"time":0.6,"x":0,"y":1.38,"curve":"stepped"},{"time":0.8,"x":0,"y":0.69,"curve":"stepped"},{"time":1,"x":0,"y":0}]},"EF/grave/F_R_grave_2":{"rotate":[{"time":0,"angle":0,"curve":"stepped"},{"time":0.2,"angle":1.03,"curve":"stepped"},{"time":0.4,"angle":2.06,"curve":"stepped"},{"time":0.6,"angle":1.37,"curve":"stepped"},{"time":0.8,"angle":0.68,"curve":"stepped"},{"time":1,"angle":0}],"translate":[{"time":0,"x":0,"y":2.53,"curve":"stepped"},{"time":0.2,"x":0,"y":2.95,"curve":"stepped"},{"time":0.4,"x":0,"y":3.37,"curve":"stepped"},{"time":0.6,"x":0,"y":3.09,"curve":"stepped"},{"time":0.8,"x":0,"y":2.81,"curve":"stepped"},{"time":1,"x":0,"y":2.53}]},"grave":{"translate":[{"time":0,"x":-5.06,"y":-47.43}]}}}}}