{"skeleton":{"hash":"rLPpi1hstRifmg1aQ5OShcJv4IE","spine":"3.0.12","width":350,"height":350,"images":"./images/"},"bones":[{"name":"root"},{"name":"MAIN","parent":"root","y":68},{"name":"hand_01","parent":"MAIN","y":-68,"color":"36ff00ff"},{"name":"R_arm_2_skl2_2","parent":"MAIN","length":19.61,"x":-28.44,"y":17.5,"rotation":67.84,"color":"23ff00ff"},{"name":"R_arm_3_skl2_2","parent":"R_arm_2_skl2_2","length":10.34,"x":18.2,"y":0.67,"rotation":-6.26,"color":"23ff00ff"},{"name":"EF_spear","parent":"root","rotation":-1.04},{"name":"EF_slash","parent":"root"},{"name":"weapon","parent":"MAIN","y":-68,"color":"39ff00ff"}],"slots":[{"name":"MAIN","bone":"MAIN","attachment":"idle_00"},{"name":"EF/EF_slash_DOT/10000-combo_16_ef2_1B","bone":"EF_slash","color":"faff12ff","blend":"additive"},{"name":"EF/EF_slash_DOT/10000-combo_16_ef2_1F","bone":"EF_slash","color":"faff12ff","blend":"additive"},{"name":"EF/EF_slash_DOT/sp_ef_1","bone":"EF_spear","color":"faff12ff","blend":"additive"},{"name":"R_arm_3_atk2","bone":"hand_01"},{"name":"R_arm_4_atk2","bone":"hand_01"},{"name":"weapon","bone":"weapon"},{"name":"weapon_1_1","bone":"weapon"},{"name":"weapon_1_2","bone":"weapon"},{"name":"R_arm_3_skl2_2","bone":"R_arm_3_skl2_2"},{"name":"R_arm_2_skl2_2","bone":"R_arm_2_skl2_2"},{"name":"down_00","bone":"root"}],"skins":{"default":{"EF/EF_slash_DOT/10000-combo_16_ef2_1B":{"EF/EF_slash_DOT/10000-combo_16_ef2_1B":{"x":-26.94,"y":-14.29,"width":206,"height":171}},"EF/EF_slash_DOT/10000-combo_16_ef2_1F":{"EF/EF_slash_DOT/10000-combo_16_ef2_1F":{"x":-26.94,"y":-14.29,"width":206,"height":171}},"EF/EF_slash_DOT/sp_ef_1":{"EF/EF_slash_DOT/sp_ef_1":{"x":95.12,"y":2.02,"width":300,"height":160},"EF/EF_slash_DOT/sp_ef_2":{"x":95.12,"y":2.02,"width":300,"height":160},"EF/EF_slash_DOT/sp_ef_3":{"x":95.12,"y":2.02,"width":300,"height":160}},"MAIN":{"attack_00":{"x":-1.15,"y":-8,"width":350,"height":350},"attack_01":{"x":-6,"y":-8,"width":350,"height":350},"attack_02":{"x":-6,"y":-8,"width":350,"height":350},"attack_03":{"x":-6,"y":-8,"width":350,"height":350},"attack_04":{"x":-6,"y":-8,"width":350,"height":350},"attack_05":{"x":-2.92,"y":-8,"width":350,"height":350},"attack_06":{"x":-22,"y":-8,"width":350,"height":350},"attack_07":{"x":-22,"y":-8,"width":350,"height":350},"attack_08":{"x":-22,"y":-8,"width":350,"height":350},"attack_09":{"x":-2.54,"y":-8,"width":350,"height":350},"attack_10":{"x":7.98,"y":1.79,"width":350,"height":350},"attack_11":{"x":7.98,"y":1.79,"width":350,"height":350},"attack_12":{"x":-1.94,"y":-8,"width":350,"height":350},"attack_13":{"x":0.46,"y":-4.53,"width":350,"height":350},"back_00":{"x":-10.5,"y":-4.29,"width":350,"height":350},"damage_00":{"x":-7.16,"y":-6.63,"width":350,"height":350},"down_00":{"x":-3.61,"y":10.95,"width":350,"height":350},"front_00":{"x":-9.16,"y":-6.63,"width":350,"height":350},"idle2_00":{"x":0.14,"y":-8.75,"width":350,"height":350},"idle2_01":{"x":0.14,"y":-8.75,"width":350,"height":350},"idle2_02":{"x":0.14,"y":-8.75,"width":350,"height":350},"idle2_03":{"x":0.14,"y":-8.75,"width":350,"height":350},"idle2_04":{"x":0.14,"y":-8.75,"width":350,"height":350},"idle_00":{"x":-9.16,"y":-6.63,"width":350,"height":350},"idle_01":{"x":-9.16,"y":-6.63,"width":350,"height":350},"idle_02":{"x":-9.16,"y":-6.63,"width":350,"height":350},"idle_03":{"x":-9.16,"y":-6.63,"width":350,"height":350},"idle_04":{"x":-9.16,"y":-6.63,"width":350,"height":350},"kneel_00":{"x":-3.61,"y":10.95,"width":350,"height":350},"kneel_01":{"x":-3.61,"y":10.95,"width":350,"height":350},"kneel_02":{"x":-3.61,"y":10.95,"width":350,"height":350},"kneel_03":{"x":-3.61,"y":10.95,"width":350,"height":350},"lookdown_00":{"x":0.14,"y":-8.75,"width":350,"height":350},"lookdown_idle_00":{"x":0.14,"y":-8.75,"width":350,"height":350},"lookdown_idle_01":{"x":0.14,"y":-8.75,"width":350,"height":350},"lookdown_idle_02":{"x":0.14,"y":-8.75,"width":350,"height":350},"lookdown_idle_03":{"x":0.14,"y":-8.75,"width":350,"height":350},"lookdown_idle_04":{"x":0.14,"y":-8.75,"width":350,"height":350},"pose_00":{"x":0.14,"y":-8.75,"width":350,"height":350},"pose_idle_00":{"x":0.14,"y":-8.75,"width":350,"height":350},"pose_idle_01":{"x":0.14,"y":-8.75,"width":350,"height":350},"pose_idle_02":{"x":0.14,"y":-8.75,"width":350,"height":350},"pose_idle_03":{"x":0.14,"y":-8.75,"width":350,"height":350},"pose_idle_04":{"x":0.14,"y":-8.75,"width":350,"height":350},"skill1_00":{"x":-27.52,"y":4.8,"width":350,"height":350},"skill1_01":{"x":-27.53,"y":4.8,"width":350,"height":350},"skill1_02":{"x":-35.35,"y":4.49,"width":350,"height":350},"skill1_03":{"x":-23.5,"y":3,"width":350,"height":350},"skill1_04":{"x":-23.5,"y":3,"width":350,"height":350},"skill1_05":{"x":-23.5,"y":3,"width":350,"height":350},"skill1_06":{"x":-23.5,"y":3,"width":350,"height":350},"skill1_07":{"x":-23.5,"y":3,"width":350,"height":350},"skill1_08":{"x":-23.5,"y":3,"width":350,"height":350},"skill2_00":{"x":6.5,"width":350,"height":350},"skill2_01":{"x":6,"y":-1,"width":350,"height":350},"skill2_02":{"x":6,"y":-1,"width":350,"height":350},"skill2_03":{"x":6,"y":-1,"width":350,"height":350},"skill2_04":{"x":6,"y":-1,"width":350,"height":350},"skill2_05":{"x":6,"y":-1,"width":350,"height":350},"skill2_06":{"x":8,"y":-2,"width":350,"height":350},"skill2_07":{"x":8,"y":-2,"width":350,"height":350},"skill2_08":{"x":8,"y":-2,"width":350,"height":350},"skill2_09":{"x":-0.5,"y":-2,"width":350,"height":350},"skill2_10":{"x":-0.5,"y":-2,"width":350,"height":350},"skill2_11":{"x":7.5,"y":-2,"width":350,"height":350},"skill2_12":{"x":3.5,"y":-2,"width":350,"height":350},"skill2_13":{"x":-9,"y":-1,"width":350,"height":350},"skill2_14":{"x":-9,"y":-1,"width":350,"height":350},"skill2_15":{"x":-9,"y":-1,"width":350,"height":350},"skill2_16":{"x":-9,"y":-1,"width":350,"height":350},"skill2_17":{"x":7.46,"y":-2,"width":350,"height":350},"skill2_18":{"x":7.46,"y":-2,"width":350,"height":350},"skill2_19":{"x":5.95,"y":-2,"width":350,"height":350},"skill2_20":{"x":5.19,"y":-2,"width":350,"height":350},"skill2_21":{"x":5.19,"y":-2,"width":350,"height":350},"skill2_22":{"x":-3,"y":-2,"width":350,"height":350},"skill2_23":{"x":-3,"y":-2,"width":350,"height":350},"skill2_24":{"x":-3,"y":-2,"width":350,"height":350},"skill2_25":{"x":-3,"y":-2,"width":350,"height":350},"walk_00":{"y":-9,"width":350,"height":350},"walk_01":{"y":-9,"width":350,"height":350},"walk_02":{"y":-9,"width":350,"height":350},"walk_03":{"y":-9,"width":350,"height":350},"walk_04":{"y":-9,"width":350,"height":350},"walk_05":{"y":-9,"width":350,"height":350},"weapon_off_00":{"x":-9.16,"y":-6.63,"width":350,"height":350},"weapon_off_01":{"x":-9.16,"y":-6.63,"width":350,"height":350},"weapon_off_02":{"x":-9.16,"y":-6.63,"width":350,"height":350},"weapon_off_03":{"x":-9.16,"y":-6.63,"width":350,"height":350},"weapon_off_04":{"x":-9.16,"y":-6.63,"width":350,"height":350},"weapon_on_00":{"x":-9.16,"y":-6.63,"width":350,"height":350},"weapon_on_01":{"x":-9.16,"y":-6.63,"width":350,"height":350},"weapon_on_02":{"x":-9.16,"y":-6.63,"width":350,"height":350},"weapon_on_03":{"x":-9.16,"y":-6.63,"width":350,"height":350},"weapon_on_04":{"x":-9.16,"y":-6.63,"width":350,"height":350},"weapon_on_05":{"x":-9.16,"y":-6.63,"width":350,"height":350}},"R_arm_2_skl2_2":{"R_arm_2_skl2_2":{"x":-133.81,"y":-110.67,"rotation":-44.55,"width":800,"height":500}},"R_arm_3_atk2":{"R_arm_3_atk2":{"x":157.29,"y":-15.92,"width":800,"height":500}},"R_arm_3_skl2_2":{"R_arm_3_skl2_2":{"x":-155.3,"y":-108.12,"rotation":-45.89,"width":800,"height":500}},"R_arm_4_atk2":{"R_arm_4_atk2":{"x":157.29,"y":-15.92,"width":800,"height":500}},"weapon":{"weapon":{"x":-20.43,"y":31.5,"width":200,"height":200},"weapon_atk4":{"x":-155.47,"y":-24.88,"width":800,"height":500}},"weapon_1_1":{"weapon_1_1":{"x":-316.12,"y":152.82,"width":800,"height":500},"weapon_2_1":{"x":-317.97,"y":190.66,"width":800,"height":500}},"weapon_1_2":{"weapon_1_2":{"x":-316.12,"y":152.82,"width":800,"height":500},"weapon_2_2":{"x":-317.97,"y":190.66,"width":800,"height":500}}}},"animations":{"attack1":{"slots":{"EF/EF_slash_DOT/10000-combo_16_ef2_1B":{"attachment":[{"time":0.9333,"name":"EF/EF_slash_DOT/10000-combo_16_ef2_1B"},{"time":0.9666,"name":null}]},"EF/EF_slash_DOT/10000-combo_16_ef2_1F":{"attachment":[{"time":0.9333,"name":"EF/EF_slash_DOT/10000-combo_16_ef2_1F"},{"time":0.9666,"name":null}]},"EF/EF_slash_DOT/sp_ef_1":{"attachment":[{"time":0.5,"name":"EF/EF_slash_DOT/sp_ef_1"},{"time":0.5333,"name":"EF/EF_slash_DOT/sp_ef_2"},{"time":0.5666,"name":"EF/EF_slash_DOT/sp_ef_3"},{"time":0.6,"name":null}]},"MAIN":{"attachment":[{"time":0,"name":"idle_00"},{"time":0.0333,"name":"attack_00"},{"time":0.0666,"name":"attack_01"},{"time":0.1333,"name":"attack_02"},{"time":0.2,"name":"attack_03"},{"time":0.3,"name":"attack_04"},{"time":0.4666,"name":"attack_05"},{"time":0.5,"name":"attack_06"},{"time":0.5666,"name":"attack_07"},{"time":0.6333,"name":"attack_08"},{"time":0.7,"name":"attack_09"},{"time":0.7666,"name":"attack_10"},{"time":0.8333,"name":"attack_11"},{"time":0.9333,"name":"attack_12"},{"time":1.0333,"name":"attack_13"},{"time":1.1333,"name":"back_00"},{"time":1.2333,"name":"idle_04"},{"time":1.3333,"name":"idle_00"},{"time":1.4333,"name":"idle_00"}]},"R_arm_3_atk2":{"attachment":[{"time":0.5,"name":"R_arm_3_atk2"},{"time":0.7,"name":null}]},"R_arm_4_atk2":{"attachment":[{"time":0.5,"name":"R_arm_4_atk2"},{"time":0.7,"name":null}]},"weapon":{"attachment":[{"time":0.0333,"name":null},{"time":0.5,"name":null},{"time":0.9333,"name":"weapon_atk4"},{"time":1.0333,"name":null}]},"weapon_1_1":{"attachment":[{"time":0.0333,"name":"weapon_1_1"},{"time":0.5,"name":"weapon_2_1"},{"time":0.7,"name":null},{"time":0.9333,"name":null}]},"weapon_1_2":{"attachment":[{"time":0.0333,"name":"weapon_1_2"},{"time":0.5,"name":"weapon_2_2"},{"time":0.7,"name":null},{"time":0.9333,"name":null}]}},"bones":{"MAIN":{"translate":[{"time":0,"x":0,"y":0,"curve":"stepped"},{"time":0.0333,"x":14.4,"y":0},{"time":0.0666,"x":42.88,"y":0,"curve":"stepped"},{"time":0.4666,"x":-41.87,"y":0},{"time":0.5,"x":-45.22,"y":0,"curve":[0.171,0.36,0.75,1]},{"time":0.6333,"x":-70.35,"y":0,"curve":"stepped"},{"time":0.7,"x":-94.8,"y":0,"curve":"stepped"},{"time":0.7666,"x":-105.18,"y":-10.38,"curve":"stepped"},{"time":0.9333,"x":-83.74,"y":-1.33},{"time":1.0333,"x":-52.25,"y":14.74},{"time":1.1333,"x":-18.75,"y":20.43},{"time":1.2333,"x":0,"y":0}]},"EF_spear":{"translate":[{"time":0.5,"x":-215.87,"y":77.83}]},"EF_slash":{"rotate":[{"time":0.9333,"angle":7.09}],"translate":[{"time":0.9333,"x":10,"y":128.73,"curve":"stepped"},{"time":0.9666,"x":20.42,"y":133.5}],"scale":[{"time":0.9333,"x":2.052,"y":1.166}]},"weapon":{"rotate":[{"time":0.0333,"angle":18.71,"curve":"stepped"},{"time":0.0666,"angle":31.95,"curve":"stepped"},{"time":0.1333,"angle":10.45,"curve":"stepped"},{"time":0.2,"angle":-0.7,"curve":"stepped"},{"time":0.3,"angle":-13.38,"curve":"stepped"},{"time":0.4666,"angle":-1.77,"curve":"stepped"},{"time":0.5,"angle":-0.25,"curve":"stepped"},{"time":0.9333,"angle":1.79}],"translate":[{"time":0.0333,"x":-21.46,"y":53.7,"curve":"stepped"},{"time":0.0666,"x":-14.58,"y":111.07,"curve":"stepped"},{"time":0.1333,"x":23.26,"y":103.2,"curve":"stepped"},{"time":0.2,"x":35.19,"y":90.75,"curve":"stepped"},{"time":0.3,"x":45.61,"y":78.05,"curve":"stepped"},{"time":0.4666,"x":18.18,"y":89.74,"curve":"stepped"},{"time":0.5,"x":-63.1,"y":80.84,"curve":"stepped"},{"time":0.5666,"x":-64.06,"y":80.84,"curve":"stepped"},{"time":0.6333,"x":-64.54,"y":80.84,"curve":"stepped"},{"time":0.9333,"x":41.59,"y":95.48}],"scale":[{"time":0.5,"x":1,"y":-1,"curve":"stepped"},{"time":0.9333,"x":1,"y":1}]},"hand_01":{"rotate":[{"time":0.5,"angle":0}],"translate":[{"time":0.5,"x":-62.25,"y":82.25,"curve":"stepped"},{"time":0.5666,"x":-62.8,"y":82.25,"curve":"stepped"},{"time":0.6333,"x":-62.98,"y":82.25}]}},"drawOrder":[{"time":0.0333,"offsets":[{"slot":"weapon_1_1","offset":-6},{"slot":"weapon_1_2","offset":-8}]},{"time":0.0666,"offsets":[{"slot":"weapon_1_1","offset":-6},{"slot":"weapon_1_2","offset":-8}]},{"time":0.5,"offsets":[{"slot":"R_arm_4_atk2","offset":2},{"slot":"weapon","offset":2}]},{"time":0.9333,"offsets":[{"slot":"MAIN","offset":2},{"slot":"weapon","offset":-5}]}]},"back":{"slots":{"MAIN":{"attachment":[{"time":0,"name":"back_00"},{"time":0.3,"name":"idle_04"},{"time":0.4666,"name":"idle_00"},{"time":0.6666,"name":"idle_00"}]}},"bones":{"MAIN":{"translate":[{"time":0,"x":0,"y":0},{"time":0.1,"x":45.57,"y":21.74},{"time":0.2,"x":87.33,"y":18.4},{"time":0.3,"x":130,"y":0,"curve":[0.188,0.39,0.702,0.97]},{"time":0.5,"x":140,"y":0}]}}},"cast":{"slots":{"MAIN":{"attachment":[{"time":0,"name":"idle_00"},{"time":0.0333,"name":"attack_00"},{"time":0.1,"name":"skill2_13"},{"time":0.2,"name":"skill2_14"},{"time":0.3333,"name":"skill2_15"},{"time":0.5,"name":"skill2_17"},{"time":0.5666,"name":"skill2_18"},{"time":0.7333,"name":"skill2_18"}]},"R_arm_2_skl2_2":{"attachment":[{"time":0.5,"name":"R_arm_2_skl2_2"}]},"R_arm_3_skl2_2":{"attachment":[{"time":0.5,"name":"R_arm_3_skl2_2"}]},"weapon":{"attachment":[{"time":0.0333,"name":null},{"time":0.1,"name":"weapon_atk4"},{"time":0.5,"name":"weapon_atk4"}]},"weapon_1_1":{"attachment":[{"time":0.0333,"name":"weapon_1_1"},{"time":0.1,"name":null}]},"weapon_1_2":{"attachment":[{"time":0.0333,"name":"weapon_1_2"},{"time":0.1,"name":null}]}},"bones":{"MAIN":{"translate":[{"time":0,"x":0,"y":0,"curve":"stepped"},{"time":0.0333,"x":9.07,"y":0,"curve":"stepped"},{"time":0.1,"x":20.24,"y":0,"curve":"stepped"},{"time":0.5,"x":0,"y":0}]},"weapon":{"rotate":[{"time":0.0333,"angle":18.71,"curve":"stepped"},{"time":0.1,"angle":-38.33,"curve":"stepped"},{"time":0.2,"angle":-36.41,"curve":"stepped"},{"time":0.3333,"angle":-34.94,"curve":"stepped"},{"time":0.5,"angle":36.54,"curve":"stepped"},{"time":0.5666,"angle":33.42}],"translate":[{"time":0.0333,"x":-21.46,"y":53.7,"curve":"stepped"},{"time":0.1,"x":43.31,"y":69.22,"curve":"stepped"},{"time":0.2,"x":43.31,"y":69.37,"curve":"stepped"},{"time":0.3333,"x":43.16,"y":69.99,"curve":"stepped"},{"time":0.5,"x":-25.82,"y":103.42,"curve":"stepped"},{"time":0.5666,"x":-25.4,"y":104.19}]},"R_arm_2_skl2_2":{"rotate":[{"time":0.5,"angle":0.78,"curve":"stepped"},{"time":0.5666,"angle":-3.2}],"translate":[{"time":0.5,"x":-0.09,"y":-0.25,"curve":"stepped"},{"time":0.5666,"x":-0.26,"y":0.6}]},"R_arm_3_skl2_2":{"rotate":[{"time":0.5,"angle":1.61,"curve":"stepped"},{"time":0.5666,"angle":3.99}],"translate":[{"time":0.5,"x":0.09,"y":0.22}]}},"drawOrder":[{"time":0.0333,"offsets":[{"slot":"weapon_1_1","offset":-6},{"slot":"weapon_1_2","offset":-8}]},{"time":0.1,"offsets":[{"slot":"weapon","offset":-6}]},{"time":0.5,"offsets":[{"slot":"weapon","offset":-5}]}]},"damage":{"slots":{"MAIN":{"attachment":[{"time":0,"name":"damage_00"}]}}},"down":{"slots":{"MAIN":{"attachment":[{"time":0,"name":"down_00"}]}},"bones":{"MAIN":{"translate":[{"time":0,"x":0,"y":-33}]}}},"front":{"slots":{"MAIN":{"attachment":[{"time":0,"name":"front_00"}]},"R_arm_3_atk2":{"attachment":[{"time":0,"name":"R_arm_3_atk2"}]},"R_arm_4_atk2":{"attachment":[{"time":0,"name":"R_arm_4_atk2"}]},"weapon":{"attachment":[{"time":0,"name":"weapon"}]}},"bones":{"hand_01":{"rotate":[{"time":0,"angle":-26.9}],"translate":[{"time":0,"x":-52.25,"y":53.17}]},"weapon":{"rotate":[{"time":0,"angle":-50.36}],"translate":[{"time":0,"x":-50.78,"y":54.4}]}},"drawOrder":[{"time":0,"offsets":[{"slot":"R_arm_4_atk2","offset":1}]}]},"idle":{"slots":{"MAIN":{"attachment":[{"time":0,"name":"idle_00"},{"time":0.2333,"name":"idle_01"},{"time":0.4666,"name":"idle_02"},{"time":0.7,"name":"idle_03"},{"time":0.9333,"name":"idle_04"},{"time":1.1666,"name":"idle_00"}]}}},"idle2":{"slots":{"MAIN":{"attachment":[{"time":0,"name":"idle2_00"},{"time":0.3,"name":"idle2_01"},{"time":0.6,"name":"idle2_02"},{"time":0.9,"name":"idle2_03"},{"time":1.2,"name":"idle2_04"},{"time":1.5,"name":"idle2_00"}]}}},"kneel":{"slots":{"MAIN":{"attachment":[{"time":0,"name":"kneel_00"}]}},"bones":{"MAIN":{"translate":[{"time":0,"x":0,"y":-33}]}}},"kneel_idle":{"slots":{"MAIN":{"attachment":[{"time":0,"name":"kneel_00"},{"time":0.3333,"name":"kneel_01"},{"time":0.6666,"name":"kneel_02"},{"time":1,"name":"kneel_03"},{"time":1.3333,"name":"kneel_00"}]}},"bones":{"MAIN":{"translate":[{"time":0,"x":0,"y":-33}]}}},"lookdown":{"slots":{"MAIN":{"attachment":[{"time":0,"name":"idle2_04"},{"time":0.2666,"name":"lookdown_00"},{"time":0.5333,"name":"lookdown_idle_00"}]}}},"lookdown_idle":{"slots":{"MAIN":{"attachment":[{"time":0,"name":"lookdown_idle_00"},{"time":0.3,"name":"lookdown_idle_01"},{"time":0.6,"name":"lookdown_idle_02"},{"time":0.9,"name":"lookdown_idle_03"},{"time":1.2,"name":"lookdown_idle_04"},{"time":1.5,"name":"lookdown_idle_00"}]}}},"pose":{"slots":{"MAIN":{"attachment":[{"time":0,"name":"idle2_04"},{"time":0.2333,"name":"pose_00"},{"time":0.4666,"name":"pose_idle_00"}]}}},"pose_idle":{"slots":{"MAIN":{"attachment":[{"time":0,"name":"pose_idle_00"},{"time":0.3,"name":"pose_idle_01"},{"time":0.6,"name":"pose_idle_02"},{"time":0.9,"name":"pose_idle_03"},{"time":1.2,"name":"pose_idle_04"},{"time":1.5,"name":"pose_idle_00"}]}}},"skill1":{"slots":{"MAIN":{"attachment":[{"time":0,"name":"idle_00"},{"time":0.0666,"name":"attack_09"},{"time":0.1333,"name":"attack_10"},{"time":0.2,"name":"attack_11"},{"time":0.3666,"name":"attack_12"},{"time":0.4333,"name":"attack_13"},{"time":0.5,"name":"skill1_00"},{"time":0.5666,"name":"skill1_01"},{"time":0.6333,"name":"skill1_02"},{"time":0.6666,"name":"attack_01"},{"time":0.7333,"name":"attack_04"},{"time":0.8666,"name":"skill1_03"},{"time":0.9,"name":"skill1_04"},{"time":0.9333,"name":"skill1_05"},{"time":0.9666,"name":"skill1_06"},{"time":1,"name":"skill1_07"},{"time":1.0333,"name":"skill1_08"},{"time":1.0666,"name":"skill1_03"},{"time":1.1,"name":"skill1_04"},{"time":1.1333,"name":"skill1_05"},{"time":1.1666,"name":"skill1_06"},{"time":1.2,"name":"skill1_07"},{"time":1.2333,"name":"skill1_08"},{"time":1.2666,"name":"skill1_03"},{"time":1.3,"name":"skill1_04"},{"time":1.3333,"name":"skill1_05"},{"time":1.3666,"name":"skill1_06"},{"time":1.4,"name":"skill1_07"},{"time":1.4333,"name":"skill1_08"},{"time":1.5,"name":"attack_01"},{"time":1.5666,"name":"attack_02"},{"time":1.6333,"name":"attack_03"},{"time":1.7333,"name":"attack_04"},{"time":1.9,"name":"attack_05"},{"time":1.9333,"name":"attack_06"},{"time":2.0333,"name":"attack_07"},{"time":2.1333,"name":"attack_08"},{"time":2.3,"name":"attack_08"}]},"R_arm_3_atk2":{"attachment":[{"time":0.8666,"name":"R_arm_3_atk2"},{"time":1.5,"name":null},{"time":1.9333,"name":"R_arm_3_atk2"}]},"R_arm_4_atk2":{"attachment":[{"time":0.8666,"name":"R_arm_4_atk2"},{"time":1.5,"name":null},{"time":1.9333,"name":"R_arm_4_atk2"}]},"weapon":{"attachment":[{"time":0.3666,"name":"weapon_atk4"},{"time":0.4333,"name":null},{"time":0.6333,"name":null},{"time":1.5,"name":null},{"time":1.9333,"name":null}]},"weapon_1_1":{"attachment":[{"time":0.3666,"name":null},{"time":0.6333,"name":"weapon_1_1"},{"time":0.8666,"name":"weapon_2_1"},{"time":1.5,"name":"weapon_1_1"},{"time":1.9333,"name":"weapon_2_1"}]},"weapon_1_2":{"attachment":[{"time":0.3666,"name":null},{"time":0.6333,"name":"weapon_1_2"},{"time":0.8666,"name":"weapon_2_2"},{"time":1.5,"name":"weapon_1_2"},{"time":1.9333,"name":"weapon_2_2"}]}},"bones":{"MAIN":{"translate":[{"time":0,"x":0,"y":0,"curve":"stepped"},{"time":0.0666,"x":8.42,"y":-0.6,"curve":"stepped"},{"time":0.1333,"x":-2.7,"y":-10.53,"curve":"stepped"},{"time":0.3666,"x":8.03,"y":-1.38},{"time":0.4333,"x":-30.96,"y":14.14},{"time":0.5,"x":-53.73,"y":11.72},{"time":0.5666,"x":-66.15,"y":8.27},{"time":0.6333,"x":-82.75,"y":4.36,"curve":"stepped"},{"time":0.6666,"x":-60.12,"y":0,"curve":"stepped"},{"time":0.8666,"x":-78,"y":0,"curve":"stepped"},{"time":1.5,"x":-60.12,"y":0,"curve":"stepped"},{"time":1.9,"x":-110.15,"y":0,"curve":"stepped"},{"time":1.9333,"x":-119.27,"y":0,"curve":[0.096,0.58,0.746,0.97]},{"time":2.1333,"x":-134.14,"y":0}]},"weapon":{"rotate":[{"time":0.3666,"angle":1.79,"curve":"stepped"},{"time":0.6333,"angle":0.76,"curve":"stepped"},{"time":0.6666,"angle":31.95,"curve":"stepped"},{"time":0.7333,"angle":-13.38,"curve":"stepped"},{"time":0.8666,"angle":-0.16,"curve":"stepped"},{"time":0.9333,"angle":-19.04,"curve":"stepped"},{"time":1,"angle":16.55,"curve":"stepped"},{"time":1.0666,"angle":-0.16,"curve":"stepped"},{"time":1.1333,"angle":-19.04,"curve":"stepped"},{"time":1.2,"angle":16.55,"curve":"stepped"},{"time":1.2666,"angle":-0.16,"curve":"stepped"},{"time":1.3333,"angle":-19.04,"curve":"stepped"},{"time":1.4,"angle":16.55,"curve":"stepped"},{"time":1.5,"angle":31.95,"curve":"stepped"},{"time":1.5666,"angle":10.45,"curve":"stepped"},{"time":1.6333,"angle":-0.7,"curve":"stepped"},{"time":1.7333,"angle":-13.38,"curve":"stepped"},{"time":1.9,"angle":-1.77,"curve":"stepped"},{"time":1.9333,"angle":-0.25}],"translate":[{"time":0.3666,"x":41.59,"y":95.48,"curve":"stepped"},{"time":0.6333,"x":14.19,"y":92.76,"curve":"stepped"},{"time":0.6666,"x":-14.58,"y":111.07,"curve":"stepped"},{"time":0.7333,"x":45.61,"y":78.05,"curve":"stepped"},{"time":0.8666,"x":-59.81,"y":75.77,"curve":"stepped"},{"time":0.9,"x":-60.55,"y":75.77,"curve":"stepped"},{"time":0.9333,"x":-56.19,"y":86.74,"curve":"stepped"},{"time":0.9666,"x":-56.99,"y":87.01,"curve":"stepped"},{"time":1,"x":-56.57,"y":65.8,"curve":"stepped"},{"time":1.0333,"x":-57.4,"y":65.64,"curve":"stepped"},{"time":1.0666,"x":-59.81,"y":75.77,"curve":"stepped"},{"time":1.1,"x":-60.55,"y":75.77,"curve":"stepped"},{"time":1.1333,"x":-56.19,"y":86.74,"curve":"stepped"},{"time":1.1666,"x":-56.99,"y":87.01,"curve":"stepped"},{"time":1.2,"x":-56.57,"y":65.8,"curve":"stepped"},{"time":1.2333,"x":-57.4,"y":65.64,"curve":"stepped"},{"time":1.2666,"x":-59.81,"y":75.77,"curve":"stepped"},{"time":1.3,"x":-60.55,"y":75.77,"curve":"stepped"},{"time":1.3333,"x":-56.19,"y":86.74,"curve":"stepped"},{"time":1.3666,"x":-56.99,"y":87.01,"curve":"stepped"},{"time":1.4,"x":-56.57,"y":65.8,"curve":"stepped"},{"time":1.4333,"x":-57.4,"y":65.64,"curve":"stepped"},{"time":1.5,"x":-14.58,"y":111.07,"curve":"stepped"},{"time":1.5666,"x":23.26,"y":103.2,"curve":"stepped"},{"time":1.6333,"x":35.19,"y":90.75,"curve":"stepped"},{"time":1.7333,"x":45.61,"y":78.05,"curve":"stepped"},{"time":1.9,"x":18.18,"y":89.74,"curve":"stepped"},{"time":1.9333,"x":-63.1,"y":80.84}],"scale":[{"time":0.3666,"x":1,"y":1,"curve":"stepped"},{"time":0.8666,"x":1,"y":-1,"curve":"stepped"},{"time":1.5,"x":1,"y":1,"curve":"stepped"},{"time":1.9333,"x":1,"y":-1}]},"hand_01":{"rotate":[{"time":0.8666,"angle":0,"curve":"stepped"},{"time":0.9333,"angle":-19.27,"curve":"stepped"},{"time":1,"angle":18.04,"curve":"stepped"},{"time":1.0666,"angle":0,"curve":"stepped"},{"time":1.1333,"angle":-19.27,"curve":"stepped"},{"time":1.2,"angle":18.04,"curve":"stepped"},{"time":1.2666,"angle":0,"curve":"stepped"},{"time":1.3333,"angle":-19.27,"curve":"stepped"},{"time":1.4,"angle":18.04,"curve":"stepped"},{"time":1.9333,"angle":0}],"translate":[{"time":0.8666,"x":-58.86,"y":77.19,"curve":"stepped"},{"time":0.9,"x":-59.6,"y":77.19,"curve":"stepped"},{"time":0.9333,"x":-57.23,"y":87.55,"curve":"stepped"},{"time":0.9666,"x":-58.03,"y":87.84,"curve":"stepped"},{"time":1,"x":-57.61,"y":65.89,"curve":"stepped"},{"time":1.0333,"x":-58.43,"y":65.71,"curve":"stepped"},{"time":1.0666,"x":-58.86,"y":77.19,"curve":"stepped"},{"time":1.1,"x":-59.6,"y":77.19,"curve":"stepped"},{"time":1.1333,"x":-57.23,"y":87.55,"curve":"stepped"},{"time":1.1666,"x":-58.03,"y":87.84,"curve":"stepped"},{"time":1.2,"x":-57.61,"y":65.89,"curve":"stepped"},{"time":1.2333,"x":-58.43,"y":65.71,"curve":"stepped"},{"time":1.2666,"x":-58.86,"y":77.19,"curve":"stepped"},{"time":1.3,"x":-59.6,"y":77.19,"curve":"stepped"},{"time":1.3333,"x":-57.23,"y":87.55,"curve":"stepped"},{"time":1.3666,"x":-58.03,"y":87.84,"curve":"stepped"},{"time":1.4,"x":-57.61,"y":65.89,"curve":"stepped"},{"time":1.4333,"x":-58.43,"y":65.71,"curve":"stepped"},{"time":1.9333,"x":-62.25,"y":82.25,"curve":"stepped"},{"time":2,"x":-62.8,"y":82.25,"curve":"stepped"},{"time":2.0666,"x":-62.98,"y":82.25}]}},"drawOrder":[{"time":0.3666,"offsets":[{"slot":"MAIN","offset":2},{"slot":"weapon","offset":-5}]},{"time":0.6333,"offsets":[{"slot":"MAIN","offset":4},{"slot":"weapon","offset":-5},{"slot":"weapon_1_1","offset":-4},{"slot":"weapon_1_2","offset":-6}]},{"time":0.8666,"offsets":[{"slot":"MAIN","offset":2},{"slot":"R_arm_4_atk2","offset":3},{"slot":"weapon","offset":-5}]},{"time":1.5,"offsets":[{"slot":"weapon_1_1","offset":-6},{"slot":"weapon_1_2","offset":-8}]},{"time":1.9333,"offsets":[{"slot":"R_arm_4_atk2","offset":2},{"slot":"weapon","offset":2}]}]},"skill2":{"slots":{"MAIN":{"attachment":[{"time":0,"name":"idle_00"},{"time":0.1,"name":"skill2_00"},{"time":0.2,"name":"skill2_01"},{"time":0.3333,"name":"skill2_02"},{"time":0.4333,"name":"skill2_03"},{"time":0.5333,"name":"skill2_04"},{"time":0.6333,"name":"skill2_05"},{"time":0.7333,"name":"skill2_02"},{"time":0.8333,"name":"skill2_03"},{"time":0.9333,"name":"skill2_04"},{"time":1.0333,"name":"skill2_05"},{"time":1.1333,"name":"skill2_02"},{"time":1.2333,"name":"skill2_03"},{"time":1.3333,"name":"skill2_04"},{"time":1.4333,"name":"skill2_05"},{"time":1.5333,"name":"skill2_02"},{"time":1.6333,"name":"skill2_03"},{"time":1.7333,"name":"skill2_04"},{"time":1.8333,"name":"skill2_05"},{"time":1.9333,"name":"skill2_02"},{"time":2.0333,"name":"skill2_06"},{"time":2.1333,"name":"skill2_07"},{"time":2.2333,"name":"skill2_08"},{"time":2.6,"name":"skill2_09"},{"time":2.7,"name":"skill2_10"},{"time":2.8,"name":"skill2_11"},{"time":2.9,"name":"skill2_12"},{"time":3,"name":"skill2_13"},{"time":3.1,"name":"skill2_14"},{"time":3.2,"name":"skill2_15"},{"time":3.3666,"name":"skill2_16"},{"time":3.5333,"name":"skill2_17"},{"time":3.6333,"name":"skill2_18"},{"time":3.8,"name":"skill2_19"},{"time":3.9333,"name":"skill2_20"},{"time":4.0666,"name":"skill2_21"},{"time":4.5666,"name":"skill2_22"},{"time":4.6333,"name":"skill2_23"},{"time":4.7333,"name":"skill2_24"},{"time":4.8666,"name":"skill2_25"},{"time":5.1666,"name":"skill2_25"}]},"R_arm_2_skl2_2":{"attachment":[{"time":2.1333,"name":"R_arm_2_skl2_2"},{"time":2.6,"name":null},{"time":2.9,"name":"R_arm_2_skl2_2"},{"time":3,"name":null},{"time":3.5333,"name":"R_arm_2_skl2_2"},{"time":3.8,"name":null}]},"R_arm_3_atk2":{"attachment":[{"time":2.0333,"name":"R_arm_3_atk2"},{"time":2.1333,"name":null},{"time":2.9,"name":"R_arm_3_atk2"},{"time":3,"name":null}]},"R_arm_3_skl2_2":{"attachment":[{"time":2.1333,"name":"R_arm_3_skl2_2"},{"time":2.6,"name":null},{"time":3.5333,"name":"R_arm_3_skl2_2"},{"time":3.8,"name":null}]},"R_arm_4_atk2":{"attachment":[{"time":2.0333,"name":"R_arm_4_atk2"},{"time":2.1333,"name":null},{"time":2.9,"name":"R_arm_4_atk2"},{"time":3,"name":null}]},"weapon":{"attachment":[{"time":2.0333,"name":"weapon"},{"time":2.1333,"name":"weapon_atk4"},{"time":2.9,"name":"weapon"},{"time":3,"name":"weapon_atk4"},{"time":3.5333,"name":"weapon_atk4"},{"time":3.8,"name":null},{"time":3.9333,"name":"weapon"},{"time":4.5666,"name":"weapon_atk4"},{"time":4.8666,"name":"weapon_atk4"}]}},"bones":{"MAIN":{"translate":[{"time":0,"x":0,"y":0,"curve":"stepped"},{"time":3,"x":12.5,"y":0,"curve":"stepped"},{"time":3.5333,"x":-2.43,"y":0,"curve":"stepped"},{"time":3.8,"x":0,"y":0}]},"hand_01":{"rotate":[{"time":2.0333,"angle":-100.63,"curve":"stepped"},{"time":2.9,"angle":-133.83}],"translate":[{"time":2.0333,"x":-42.07,"y":74.6,"curve":"stepped"},{"time":2.9,"x":-27.4,"y":107.14}]},"weapon":{"rotate":[{"time":2.0333,"angle":-138.07,"curve":"stepped"},{"time":2.1333,"angle":36.54,"curve":"stepped"},{"time":2.2333,"angle":19.86,"curve":"stepped"},{"time":2.6,"angle":-15.64,"curve":"stepped"},{"time":2.7,"angle":-18.01,"curve":"stepped"},{"time":2.8,"angle":27.74,"curve":"stepped"},{"time":2.9,"angle":-168.93,"curve":"stepped"},{"time":3,"angle":-38.33,"curve":"stepped"},{"time":3.1,"angle":-36.41,"curve":"stepped"},{"time":3.2,"angle":-34.94,"curve":"stepped"},{"time":3.3666,"angle":-12.6,"curve":"stepped"},{"time":3.5333,"angle":36.54,"curve":"stepped"},{"time":3.6333,"angle":33.42,"curve":"stepped"},{"time":3.9333,"angle":-165.81,"curve":"stepped"},{"time":4.0666,"angle":-170.15,"curve":"stepped"},{"time":4.5666,"angle":-38.97,"curve":"stepped"},{"time":4.6333,"angle":-37.87,"curve":"stepped"},{"time":4.7333,"angle":-36.61,"curve":"stepped"},{"time":4.8666,"angle":-34.78}],"translate":[{"time":2.0333,"x":-41.46,"y":78.22,"curve":"stepped"},{"time":2.1333,"x":-25.23,"y":103.71,"curve":"stepped"},{"time":2.2333,"x":-17.85,"y":104.69,"curve":"stepped"},{"time":2.6,"x":56.36,"y":91.3,"curve":"stepped"},{"time":2.7,"x":55.65,"y":88.88,"curve":"stepped"},{"time":2.8,"x":49.54,"y":85.08,"curve":"stepped"},{"time":2.9,"x":-26.23,"y":105.78,"curve":"stepped"},{"time":3,"x":43.31,"y":69.22,"curve":"stepped"},{"time":3.1,"x":43.31,"y":69.37,"curve":"stepped"},{"time":3.2,"x":43.16,"y":69.99,"curve":"stepped"},{"time":3.3666,"x":42.39,"y":68.79,"curve":"stepped"},{"time":3.5333,"x":-25.82,"y":103.42,"curve":"stepped"},{"time":3.6333,"x":-25.4,"y":104.19,"curve":"stepped"},{"time":3.9333,"x":-23.35,"y":109.51,"curve":"stepped"},{"time":4.0666,"x":-22.24,"y":110.48,"curve":"stepped"},{"time":4.5666,"x":42.65,"y":70.66,"curve":"stepped"},{"time":4.6333,"x":42.65,"y":71.29,"curve":"stepped"},{"time":4.7333,"x":42.18,"y":71.93,"curve":"stepped"},{"time":4.8666,"x":42.33,"y":72.72}]},"R_arm_2_skl2_2":{"rotate":[{"time":2.1333,"angle":0,"curve":"stepped"},{"time":2.2333,"angle":-16.81,"curve":"stepped"},{"time":2.9,"angle":-3.7,"curve":"stepped"},{"time":3.5333,"angle":0.78,"curve":"stepped"},{"time":3.6333,"angle":-3.2}],"translate":[{"time":2.1333,"x":0,"y":0,"curve":"stepped"},{"time":2.2333,"x":0.6,"y":3.69,"curve":"stepped"},{"time":2.9,"x":-5.21,"y":0.72,"curve":"stepped"},{"time":3.5333,"x":-0.09,"y":-0.25,"curve":"stepped"},{"time":3.6333,"x":-0.26,"y":0.6}]},"R_arm_3_skl2_2":{"rotate":[{"time":3.5333,"angle":1.61,"curve":"stepped"},{"time":3.6333,"angle":3.99}],"translate":[{"time":3.5333,"x":0.09,"y":0.22}]}},"drawOrder":[{"time":2.0333,"offsets":[{"slot":"R_arm_4_atk2","offset":1}]},{"time":2.6,"offsets":[{"slot":"weapon","offset":-6}]},{"time":2.9,"offsets":[{"slot":"R_arm_4_atk2","offset":1}]},{"time":3,"offsets":[{"slot":"weapon","offset":-6}]},{"time":3.5333,"offsets":[{"slot":"weapon","offset":-5}]},{"time":3.9333,"offsets":[{"slot":"weapon","offset":-6}]}]},"walk":{"slots":{"MAIN":{"attachment":[{"time":0,"name":"walk_00"},{"time":0.2666,"name":"walk_01"},{"time":0.5333,"name":"walk_02"},{"time":0.8,"name":"walk_03"},{"time":1.0666,"name":"walk_04"},{"time":1.3333,"name":"walk_05"},{"time":1.6,"name":"walk_00"}]}}},"weapon_off":{"slots":{"MAIN":{"attachment":[{"time":0,"name":"idle_00"},{"time":0.1666,"name":"weapon_off_00"},{"time":0.3333,"name":"weapon_off_01"},{"time":0.5,"name":"weapon_off_02"},{"time":0.7,"name":"weapon_off_03"},{"time":0.9666,"name":"weapon_off_04"},{"time":1.1666,"name":"idle2_00"}]}}},"weapon_on":{"slots":{"MAIN":{"attachment":[{"time":0,"name":"idle2_00"},{"time":0.0666,"name":"weapon_on_00"},{"time":0.2333,"name":"weapon_on_01"},{"time":0.6333,"name":"weapon_on_02"},{"time":0.7,"name":"weapon_on_03"},{"time":0.8,"name":"weapon_on_04"},{"time":0.9,"name":"weapon_on_05"},{"time":1.0333,"name":"idle_00"}]},"R_arm_3_atk2":{"attachment":[{"time":0.7,"name":"R_arm_3_atk2"},{"time":0.8,"name":null}]},"R_arm_4_atk2":{"attachment":[{"time":0.7,"name":"R_arm_4_atk2"},{"time":0.8,"name":null}]},"weapon":{"attachment":[{"time":0.7,"name":"weapon"},{"time":0.8,"name":null}]}},"bones":{"MAIN":{"translate":[{"time":0,"x":-0.45,"y":0}]},"hand_01":{"rotate":[{"time":0.7,"angle":-160.89}],"translate":[{"time":0.7,"x":-10.22,"y":102.73}]},"weapon":{"rotate":[{"time":0.7,"angle":176.15}],"translate":[{"time":0.7,"x":-7.99,"y":101.83}]}},"drawOrder":[{"time":0.7,"offsets":[{"slot":"R_arm_4_atk2","offset":1}]}]}}}