{"skeleton":{"hash":"8C7qZP8d2bKTYtJKocywAoMSV3Q","spine":"3.0.12","width":0,"height":0},"bones":[{"name":"root"},{"name":"MAIN","parent":"root","y":60.9}],"slots":[{"name":"MAIN","bone":"MAIN","attachment":"idle_00"}],"skins":{"default":{"MAIN":{"idle_00":{"width":512,"height":512},"idle_01":{"width":512,"height":512},"idle_02":{"width":512,"height":512},"idle_03":{"width":512,"height":512}}}},"events":{"Event1":{},"Event2":{},"Hit":{"string":"resetHitList"}},"animations":{"attack1":{"slots":{"MAIN":{"attachment":[{"time":1.1666,"name":"idle_00"}]}},"bones":{"MAIN":{"rotate":[{"time":0,"angle":0,"curve":"stepped"},{"time":1.0333,"angle":0}],"translate":[{"time":0,"x":3.88,"y":0}]}},"events":[{"time":0.3,"name":"Event1","string":"addOrbitSystemShot(Shot,Hit,1)"}]},"back":{"slots":{"MAIN":{"attachment":[{"time":0.6666,"name":"idle_03"},{"time":0.8333,"name":"idle_00"}]}},"bones":{"MAIN":{"rotate":[{"time":0,"angle":0}],"translate":[{"time":0,"x":0,"y":0,"curve":[0.46,0.83,0.75,1]},{"time":0.2666,"x":121.21,"y":38.53},{"time":0.5333,"x":135,"y":0},{"time":0.8333,"x":140,"y":0}]}}},"damage":{},"front":{},"idle":{"slots":{"MAIN":{"attachment":[{"time":0,"name":"idle_00"},{"time":0.2,"name":"idle_01"},{"time":0.4,"name":"idle_02"},{"time":0.6,"name":"idle_03"},{"time":0.8,"name":"idle_00"}]}},"bones":{"MAIN":{"translate":[{"time":0,"x":0,"y":0,"curve":"stepped"},{"time":0.8,"x":0,"y":0}]}}},"skill1":{"slots":{"MAIN":{"attachment":[{"time":1.9666,"name":"idle_00"}]}},"bones":{"MAIN":{"translate":[{"time":0,"x":0,"y":0},{"time":0.0666,"x":0,"y":-1.29,"curve":[0.053,0.87,0.176,0.97]},{"time":0.7666,"x":0,"y":59.09},{"time":1.4333,"x":0,"y":60.39,"curve":[0,0.29,0.75,1]},{"time":1.7666,"x":0,"y":0,"curve":"stepped"},{"time":1.8666,"x":0,"y":0}]}}},"skill2":{"slots":{"MAIN":{"attachment":[{"time":3,"name":"idle_00"}]}},"bones":{"MAIN":{"translate":[{"time":0,"x":0,"y":0},{"time":0.1,"x":0,"y":-1.29,"curve":[0.052,0.91,0.442,0.97]},{"time":0.5,"x":0,"y":31.07},{"time":0.6333,"x":0,"y":2.58},{"time":2.5,"x":0,"y":-1.29,"curve":[0.115,0.4,0.481,0.96]},{"time":2.7333,"x":0,"y":12.94},{"time":2.9,"x":0,"y":0,"curve":"stepped"},{"time":3,"x":0,"y":0}]}}},"skill3":{"slots":{"MAIN":{"attachment":[{"time":0,"name":"idle_00"},{"time":5,"name":"idle_00"}]}},"bones":{"MAIN":{"translate":[{"time":0,"x":0,"y":0},{"time":0.1,"x":0,"y":0.25,"curve":[0.146,0.5,0.75,1]},{"time":0.8333,"x":0,"y":-2.06,"curve":[0.063,0.83,0.332,0.94]},{"time":1.5,"x":0,"y":92.4,"curve":[0.254,0.54,0.766,1]},{"time":2.9333,"x":0,"y":95.16,"curve":[0.169,0.62,0.516,0.95]},{"time":3.4,"x":0,"y":0,"curve":"stepped"},{"time":5,"x":0,"y":0}]}},"events":[{"time":1,"name":"Event1","string":"setFixedCamera(1)"},{"time":3.8333,"name":"Event1","string":"setHitEffect(hit08b,0)"},{"time":4.0666,"name":"Event1","string":"setForceImpact(1)"},{"time":4.1,"name":"Event1","int":25,"string":"kImpactType_knock_up"},{"time":4.1333,"name":"Event1","float":0.01,"string":"kHitStopType_normal"},{"time":4.2,"name":"Hit"},{"time":4.2666,"name":"Hit"},{"time":4.3333,"name":"Hit"},{"time":4.4,"name":"Hit"},{"time":4.4666,"name":"Hit"},{"time":4.5333,"name":"Hit"}]}}}