{"skeleton":{"hash":"VOuDrALnrVi6MzFg6ABEI9znEHM","spine":"3.0.12","width":0,"height":0},"bones":[{"name":"root"},{"name":"MAIN","parent":"root","y":60},{"name":"HITBOX","parent":"MAIN","y":-60},{"name":"EF_dot","parent":"MAIN"},{"name":"EF_MAIN","parent":"root"},{"name":"ef_wind_B_main","parent":"EF_MAIN","x":900,"y":300},{"name":"ef_tuti_main2","parent":"EF_MAIN","x":800,"y":300},{"name":"ef_tuti_main","parent":"EF_MAIN","x":800,"y":300},{"name":"ef_slash_draw_B_main2","parent":"EF_MAIN","x":800,"y":400},{"name":"ef_slash_draw_B_main","parent":"EF_MAIN","x":800,"y":400},{"name":"ef_slash_draw_A_main2","parent":"EF_MAIN","x":800,"y":500},{"name":"ef_slash_draw_A_main","parent":"EF_MAIN","x":800,"y":500},{"name":"ef_slash_arm_main7","parent":"EF_MAIN","x":800,"y":600},{"name":"ef_slash_arm_main6","parent":"EF_MAIN","x":800,"y":600},{"name":"ef_slash_arm_main5","parent":"EF_MAIN","x":800,"y":600},{"name":"ef_slash_arm_main4","parent":"EF_MAIN","x":800,"y":600},{"name":"ef_slash_arm_main3","parent":"EF_MAIN","x":800,"y":600},{"name":"ef_slash_arm_main2","parent":"EF_MAIN","x":800,"y":600},{"name":"ef_slash_arm_main","parent":"EF_MAIN","x":800,"y":600},{"name":"ef_graund_wave_main4","parent":"EF_MAIN","x":700,"y":300},{"name":"ef_graund_wave_main3","parent":"EF_MAIN","x":700,"y":300},{"name":"ef_graund_wave_main2","parent":"EF_MAIN","x":700,"y":300},{"name":"ef_graund_wave_main","parent":"EF_MAIN","x":700,"y":300},{"name":"ef_graund_shock_main2","parent":"EF_MAIN","x":900,"y":400},{"name":"ef_graund_shock_main","parent":"EF_MAIN","x":900,"y":400},{"name":"ef_graund_earth_purple13","parent":"EF_MAIN","x":900,"y":500},{"name":"ef_graund_earth_purple12","parent":"EF_MAIN","x":900,"y":500},{"name":"ef_graund_earth_purple11","parent":"EF_MAIN","x":900,"y":500},{"name":"ef_graund_earth_purple10","parent":"EF_MAIN","x":900,"y":500},{"name":"ef_graund_earth_purple9","parent":"EF_MAIN","x":900,"y":500},{"name":"ef_graund_earth_purple8","parent":"EF_MAIN","x":900,"y":500},{"name":"ef_graund_earth_purple7","parent":"EF_MAIN","x":900,"y":500},{"name":"ef_graund_earth_purple6","parent":"EF_MAIN","x":900,"y":500},{"name":"ef_graund_earth_purple5","parent":"EF_MAIN","x":900,"y":500},{"name":"ef_graund_earth_purple4","parent":"EF_MAIN","x":900,"y":500},{"name":"ef_graund_earth_purple3","parent":"EF_MAIN","x":900,"y":500},{"name":"ef_graund_earth_purple2","parent":"EF_MAIN","x":900,"y":500},{"name":"ef_graund_earth_purple","parent":"EF_MAIN","x":900,"y":500},{"name":"ef_graund_earth_main","parent":"EF_MAIN","x":900,"y":600},{"name":"ef_dash_main2","parent":"EF_MAIN","x":700,"y":400},{"name":"ef_dash_main","parent":"EF_MAIN","x":700,"y":400},{"name":"ef_aura_circle_main_b","parent":"EF_MAIN","x":700,"y":600},{"name":"ef_aura_circle_main_a","parent":"EF_MAIN","x":700,"y":500},{"name":"EF_in","parent":"EF_MAIN","y":60},{"name":"DAMAGEAREA","parent":"root"}],"slots":[{"name":"ef_graund_earth_main","bone":"ef_graund_earth_main"},{"name":"ef_graund_earth_purple","bone":"ef_graund_earth_purple","blend":"additive"},{"name":"ef_graund_earth_purple4","bone":"ef_graund_earth_purple4","blend":"additive"},{"name":"ef_graund_earth_purple5","bone":"ef_graund_earth_purple5","blend":"additive"},{"name":"ef_graund_earth_purple6","bone":"ef_graund_earth_purple6","blend":"additive"},{"name":"ef_graund_earth_purple7","bone":"ef_graund_earth_purple7","blend":"additive"},{"name":"ef_graund_earth_purple8","bone":"ef_graund_earth_purple8","blend":"additive"},{"name":"ef_graund_earth_purple9","bone":"ef_graund_earth_purple9","blend":"additive"},{"name":"ef_graund_earth_purple10","bone":"ef_graund_earth_purple10","blend":"additive"},{"name":"ef_graund_earth_purple11","bone":"ef_graund_earth_purple11","blend":"additive"},{"name":"ef_graund_earth_purple12","bone":"ef_graund_earth_purple12","blend":"additive"},{"name":"ef_graund_earth_purple13","bone":"ef_graund_earth_purple13","blend":"additive"},{"name":"ef_graund_earth_purple2","bone":"ef_graund_earth_purple2","blend":"additive"},{"name":"ef_graund_earth_purple3","bone":"ef_graund_earth_purple3","blend":"additive"},{"name":"ef_graund_shock_main","bone":"ef_graund_shock_main","blend":"additive"},{"name":"ef_graund_shock_main2","bone":"ef_graund_shock_main2","blend":"additive"},{"name":"ef_graund_wave_main","bone":"ef_graund_wave_main","blend":"additive"},{"name":"ef_graund_wave_main3","bone":"ef_graund_wave_main3","blend":"additive"},{"name":"ef_graund_wave_main4","bone":"ef_graund_wave_main4","blend":"additive"},{"name":"ef_graund_wave_main2","bone":"ef_graund_wave_main2","blend":"additive"},{"name":"ef_aura_circle_main_b","bone":"ef_aura_circle_main_b","blend":"additive"},{"name":"ef_aura_circle_main_a","bone":"ef_aura_circle_main_a","blend":"additive"},{"name":"MAIN","bone":"MAIN","attachment":"idle_00"},{"name":"EF_dot","bone":"EF_dot","blend":"additive"},{"name":"ef_dash_main","bone":"ef_dash_main","blend":"additive"},{"name":"ef_dash_main2","bone":"ef_dash_main2","blend":"additive"},{"name":"ef_slash_arm_main","bone":"ef_slash_arm_main","blend":"additive"},{"name":"ef_slash_arm_main2","bone":"ef_slash_arm_main2","blend":"additive"},{"name":"ef_slash_arm_main3","bone":"ef_slash_arm_main3","blend":"additive"},{"name":"ef_slash_arm_main4","bone":"ef_slash_arm_main4","blend":"additive"},{"name":"ef_slash_arm_main5","bone":"ef_slash_arm_main5","blend":"additive"},{"name":"ef_slash_arm_main6","bone":"ef_slash_arm_main6","blend":"additive"},{"name":"ef_slash_arm_main7","bone":"ef_slash_arm_main7","blend":"additive"},{"name":"ef_slash_draw_A_main","bone":"ef_slash_draw_A_main","blend":"additive"},{"name":"ef_slash_draw_A_main2","bone":"ef_slash_draw_A_main2","blend":"additive"},{"name":"ef_slash_draw_B_main","bone":"ef_slash_draw_B_main","blend":"additive"},{"name":"ef_slash_draw_B_main2","bone":"ef_slash_draw_B_main2","blend":"additive"},{"name":"ef_tuti_main","bone":"ef_tuti_main","blend":"additive"},{"name":"ef_tuti_main2","bone":"ef_tuti_main2","blend":"additive"},{"name":"in_EF2","bone":"EF_in","blend":"additive"},{"name":"ef_wind_B_main","bone":"ef_wind_B_main","blend":"additive"},{"name":"DAMAGEAREA","bone":"DAMAGEAREA"},{"name":"HITBOX","bone":"HITBOX","attachment":"HITBOX"}],"skins":{"default":{"DAMAGEAREA":{"DAMAGEAREA":{"type":"boundingbox","vertices":[-64.19034,-63.68209,62.9916,-63.68209,62.9916,62.46586,-63.15632,62.46586]}},"EF_dot":{"attack1_01_EF":{"path":"EF/DOT/attack1_01_EF","y":-30,"scaleX":2,"scaleY":2,"width":232,"height":232},"attack1_02_EF":{"path":"EF/DOT/attack1_02_EF","y":-30,"scaleX":2,"scaleY":2,"width":232,"height":232},"attack1_03_EF":{"path":"EF/DOT/attack1_03_EF","y":-30,"scaleX":2,"scaleY":2,"width":232,"height":232},"attack1_04_EF":{"path":"EF/DOT/attack1_04_EF","y":-30,"scaleX":2,"scaleY":2,"width":232,"height":232},"attack1_06_EF":{"path":"EF/DOT/attack1_06_EF","y":-30,"scaleX":2,"scaleY":2,"width":232,"height":232},"attack1_07_EF":{"path":"EF/DOT/attack1_07_EF","y":-30,"scaleX":2,"scaleY":2,"width":232,"height":232},"skill1_02_EF":{"path":"EF/DOT/skill1_02_EF","y":-30,"scaleX":2,"scaleY":2,"width":232,"height":232},"skill1_03_EF":{"path":"EF/DOT/skill1_03_EF","y":-30,"scaleX":2,"scaleY":2,"width":232,"height":232},"skill1_04_EF":{"path":"EF/DOT/skill1_04_EF","y":-30,"scaleX":2,"scaleY":2,"width":232,"height":232}},"HITBOX":{"HITBOX":{"type":"boundingbox","vertices":[-20.34347,-2.89869,26.96655,-2.89869,26.96655,110.39628,-15.36346,109.15127]}},"MAIN":{"attack1_00":{"y":6,"scaleX":2,"scaleY":2,"width":162,"height":162},"attack1_01":{"y":6,"scaleX":2,"scaleY":2,"width":162,"height":162},"attack1_02":{"y":6,"scaleX":2,"scaleY":2,"width":162,"height":162},"attack1_03":{"y":6,"scaleX":2,"scaleY":2,"width":162,"height":162},"attack1_04":{"y":6,"scaleX":2,"scaleY":2,"width":162,"height":162},"attack1_05":{"y":6,"scaleX":2,"scaleY":2,"width":162,"height":162},"attack1_06":{"y":6,"scaleX":2,"scaleY":2,"width":162,"height":162},"attack1_07":{"y":6,"scaleX":2,"scaleY":2,"width":162,"height":162},"attack1_08":{"y":6,"scaleX":2,"scaleY":2,"width":162,"height":162},"back_00":{"y":6,"scaleX":2,"scaleY":2,"width":162,"height":162},"damage_00":{"y":6,"scaleX":2,"scaleY":2,"width":162,"height":162},"front_00":{"y":6,"scaleX":2,"scaleY":2,"width":162,"height":162},"idle_00":{"y":6,"scaleX":2,"scaleY":2,"width":162,"height":162},"idle_01":{"y":6,"scaleX":2,"scaleY":2,"width":162,"height":162},"idle_02":{"y":6,"scaleX":2,"scaleY":2,"width":162,"height":162},"idle_03":{"y":6,"scaleX":2,"scaleY":2,"width":162,"height":162},"in1":{"y":6,"scaleX":2,"scaleY":2,"width":162,"height":162},"in2":{"y":6,"scaleX":2,"scaleY":2,"width":162,"height":162},"in3":{"y":6,"scaleX":2,"scaleY":2,"width":162,"height":162},"in4":{"y":6,"scaleX":2,"scaleY":2,"width":162,"height":162},"in5":{"y":6,"scaleX":2,"scaleY":2,"width":162,"height":162},"in6":{"y":6,"scaleX":2,"scaleY":2,"width":162,"height":162},"skill1_00":{"y":6,"scaleX":2,"scaleY":2,"width":162,"height":162},"skill1_01":{"y":6,"scaleX":2,"scaleY":2,"width":162,"height":162},"skill1_02":{"y":6,"scaleX":2,"scaleY":2,"width":162,"height":162},"skill1_03":{"y":6,"scaleX":2,"scaleY":2,"width":162,"height":162},"skill1_04":{"y":6,"scaleX":2,"scaleY":2,"width":162,"height":162},"skill1_05":{"y":6,"scaleX":2,"scaleY":2,"width":162,"height":162},"skill1_06":{"y":6,"scaleX":2,"scaleY":2,"width":162,"height":162},"skill1_07":{"y":6,"scaleX":2,"scaleY":2,"width":162,"height":162},"skill1_08":{"y":6,"scaleX":2,"scaleY":2,"width":162,"height":162},"skill1_09":{"y":6,"scaleX":2,"scaleY":2,"width":162,"height":162},"skill1_10":{"y":6,"scaleX":2,"scaleY":2,"width":162,"height":162},"skill1_11":{"y":6,"scaleX":2,"scaleY":2,"width":162,"height":162},"skill1_12":{"y":6,"scaleX":2,"scaleY":2,"width":162,"height":162},"skill1_13":{"y":6,"scaleX":2,"scaleY":2,"width":162,"height":162},"skill2_00":{"y":6,"scaleX":2,"scaleY":2,"width":162,"height":162},"skill2_01":{"y":6,"scaleX":2,"scaleY":2,"width":162,"height":162},"skill2_02":{"y":6,"scaleX":2,"scaleY":2,"width":162,"height":162},"skill2_03":{"y":6,"scaleX":2,"scaleY":2,"width":162,"height":162},"skill2_04":{"y":6,"scaleX":2,"scaleY":2,"width":162,"height":162},"skill2_05":{"y":6,"scaleX":2,"scaleY":2,"width":162,"height":162},"skill2_06":{"y":6,"scaleX":2,"scaleY":2,"width":162,"height":162},"skill2_07":{"y":6,"scaleX":2,"scaleY":2,"width":162,"height":162},"skill2_08":{"y":6,"scaleX":2,"scaleY":2,"width":162,"height":162},"skill2_09":{"y":6,"scaleX":2,"scaleY":2,"width":162,"height":162},"skill2_10":{"y":6,"scaleX":2,"scaleY":2,"width":162,"height":162},"skill2_11":{"y":6,"scaleX":2,"scaleY":2,"width":162,"height":162},"skill2_12":{"y":6,"scaleX":2,"scaleY":2,"width":162,"height":162},"skill2_13":{"y":6,"scaleX":2,"scaleY":2,"width":162,"height":162},"skill2_14":{"y":6,"scaleX":2,"scaleY":2,"width":162,"height":162},"skill3_00":{"y":6,"scaleX":2,"scaleY":2,"width":162,"height":162},"skill3_01":{"y":6,"scaleX":2,"scaleY":2,"width":162,"height":162},"skill3_02":{"y":6,"scaleX":2,"scaleY":2,"width":162,"height":162},"skill3_03":{"y":6,"scaleX":2,"scaleY":2,"width":162,"height":162},"skill3_04":{"y":6,"scaleX":2,"scaleY":2,"width":162,"height":162},"skill3_05":{"y":6,"scaleX":2,"scaleY":2,"width":162,"height":162},"skill3_06":{"x":-58.1,"y":0.95,"scaleX":2,"scaleY":2,"width":162,"height":162},"skill3_07":{"x":-25.18,"y":52.74,"scaleX":2,"scaleY":2,"width":162,"height":162},"skill3_08":{"x":-25.38,"y":52.78,"scaleX":2,"scaleY":2,"width":162,"height":162},"skill3_09":{"x":-8.63,"y":10.6,"scaleX":2,"scaleY":2,"width":162,"height":162},"skill3_10":{"x":2.73,"y":13.45,"scaleX":2,"scaleY":2,"width":162,"height":162},"skill3_11":{"y":6,"scaleX":2,"scaleY":2,"width":162,"height":162},"skill3_12":{"y":6,"scaleX":2,"scaleY":2,"width":162,"height":162}},"ef_aura_circle_main_a":{"EF/ef_aura_circle_main/ef_aura_circle_main_00001":{"y":57.83,"width":169,"height":169},"EF/ef_aura_circle_main/ef_aura_circle_main_00002":{"y":57.83,"width":169,"height":169},"EF/ef_aura_circle_main/ef_aura_circle_main_00003":{"y":57.83,"width":169,"height":169},"EF/ef_aura_circle_main/ef_aura_circle_main_00004":{"y":57.83,"width":169,"height":169},"EF/ef_aura_circle_main/ef_aura_circle_main_00006":{"y":57.83,"width":169,"height":169},"EF/ef_aura_circle_main/ef_aura_circle_main_00008":{"y":57.83,"width":169,"height":169},"EF/ef_aura_circle_main/ef_aura_circle_main_00010":{"y":57.83,"width":169,"height":169},"EF/ef_aura_circle_main/ef_aura_circle_main_00012":{"y":57.83,"width":169,"height":169},"EF/ef_aura_circle_main/ef_aura_circle_main_00014":{"y":57.83,"width":169,"height":169},"EF/ef_aura_circle_main/ef_aura_circle_main_00016":{"y":57.83,"width":169,"height":169},"EF/ef_aura_circle_main/ef_aura_circle_main_00018":{"y":57.83,"width":169,"height":169},"EF/ef_aura_circle_main/ef_aura_circle_main_00019":{"y":57.83,"width":169,"height":169},"EF/ef_aura_circle_main/ef_aura_circle_main_00020":{"y":57.83,"width":169,"height":169},"EF/ef_aura_circle_main/ef_aura_circle_main_00021":{"y":57.83,"width":169,"height":169},"EF/ef_aura_circle_main/ef_aura_circle_main_00022":{"y":57.83,"width":169,"height":169},"EF/ef_aura_circle_main/ef_aura_circle_main_00023":{"y":57.83,"width":169,"height":169},"EF/ef_aura_circle_main/ef_aura_circle_main_00024":{"y":57.83,"width":169,"height":169},"EF/ef_aura_circle_main/ef_aura_circle_main_00025":{"y":57.83,"width":169,"height":169}},"ef_aura_circle_main_b":{"EF/ef_aura_circle_main 2/ef_aura_circle_main 2_00001":{"y":74.08,"scaleX":2,"scaleY":2,"width":225,"height":150},"EF/ef_aura_circle_main 2/ef_aura_circle_main 2_00002":{"y":74.08,"scaleX":2,"scaleY":2,"width":225,"height":150},"EF/ef_aura_circle_main 2/ef_aura_circle_main 2_00003":{"y":74.08,"scaleX":2,"scaleY":2,"width":225,"height":150},"EF/ef_aura_circle_main 2/ef_aura_circle_main 2_00004":{"y":74.08,"scaleX":2,"scaleY":2,"width":225,"height":150},"EF/ef_aura_circle_main 2/ef_aura_circle_main 2_00005":{"y":74.08,"scaleX":2,"scaleY":2,"width":225,"height":150},"EF/ef_aura_circle_main 2/ef_aura_circle_main 2_00006":{"y":74.08,"scaleX":2,"scaleY":2,"width":225,"height":150},"EF/ef_aura_circle_main 2/ef_aura_circle_main 2_00007":{"y":74.08,"scaleX":2,"scaleY":2,"width":225,"height":150},"EF/ef_aura_circle_main 2/ef_aura_circle_main 2_00008":{"y":74.08,"scaleX":2,"scaleY":2,"width":225,"height":150},"EF/ef_aura_circle_main 2/ef_aura_circle_main 2_00009":{"y":74.08,"scaleX":2,"scaleY":2,"width":225,"height":150},"EF/ef_aura_circle_main 2/ef_aura_circle_main 2_00010":{"y":74.08,"scaleX":2,"scaleY":2,"width":225,"height":150},"EF/ef_aura_circle_main 2/ef_aura_circle_main 2_00011":{"y":74.08,"scaleX":2,"scaleY":2,"width":225,"height":150}},"ef_dash_main":{"EF/ef_dash_main/ef_dash_main_00001":{"x":41.29,"y":59.7,"scaleX":2,"scaleY":2,"width":120,"height":120},"EF/ef_dash_main/ef_dash_main_00002":{"x":41.29,"y":59.7,"scaleX":2,"scaleY":2,"width":120,"height":120},"EF/ef_dash_main/ef_dash_main_00003":{"x":41.29,"y":59.7,"scaleX":2,"scaleY":2,"width":120,"height":120},"EF/ef_dash_main/ef_dash_main_00004":{"x":41.29,"y":59.7,"scaleX":2,"scaleY":2,"width":120,"height":120},"EF/ef_dash_main/ef_dash_main_00005":{"x":41.29,"y":59.7,"scaleX":2,"scaleY":2,"width":120,"height":120},"EF/ef_dash_main/ef_dash_main_00006":{"x":41.29,"y":59.7,"scaleX":2,"scaleY":2,"width":120,"height":120},"EF/ef_dash_main/ef_dash_main_00007":{"x":41.29,"y":59.7,"scaleX":2,"scaleY":2,"width":120,"height":120},"EF/ef_dash_main/ef_dash_main_00008":{"x":41.29,"y":59.7,"scaleX":2,"scaleY":2,"width":120,"height":120},"EF/ef_dash_main/ef_dash_main_00009":{"x":41.29,"y":59.7,"scaleX":2,"scaleY":2,"width":120,"height":120},"EF/ef_dash_main/ef_dash_main_00010":{"x":41.29,"y":59.7,"scaleX":2,"scaleY":2,"width":120,"height":120},"EF/ef_dash_main/ef_dash_main_00011":{"x":41.29,"y":59.7,"scaleX":2,"scaleY":2,"width":120,"height":120},"EF/ef_dash_main/ef_dash_main_00012":{"x":41.29,"y":59.7,"scaleX":2,"scaleY":2,"width":120,"height":120},"EF/ef_dash_main/ef_dash_main_00013":{"x":41.29,"y":59.7,"scaleX":2,"scaleY":2,"width":120,"height":120},"EF/ef_dash_main/ef_dash_main_00014":{"x":41.29,"y":59.7,"scaleX":2,"scaleY":2,"width":120,"height":120}},"ef_dash_main2":{"EF/ef_dash_main/ef_dash_main_00001":{"x":41.29,"y":59.7,"scaleX":2,"scaleY":2,"width":120,"height":120},"EF/ef_dash_main/ef_dash_main_00002":{"x":41.29,"y":59.7,"scaleX":2,"scaleY":2,"width":120,"height":120},"EF/ef_dash_main/ef_dash_main_00003":{"x":41.29,"y":59.7,"scaleX":2,"scaleY":2,"width":120,"height":120},"EF/ef_dash_main/ef_dash_main_00004":{"x":41.29,"y":59.7,"scaleX":2,"scaleY":2,"width":120,"height":120},"EF/ef_dash_main/ef_dash_main_00005":{"x":41.29,"y":59.7,"scaleX":2,"scaleY":2,"width":120,"height":120},"EF/ef_dash_main/ef_dash_main_00006":{"x":41.29,"y":59.7,"scaleX":2,"scaleY":2,"width":120,"height":120},"EF/ef_dash_main/ef_dash_main_00007":{"x":41.29,"y":59.7,"scaleX":2,"scaleY":2,"width":120,"height":120},"EF/ef_dash_main/ef_dash_main_00008":{"x":41.29,"y":59.7,"scaleX":2,"scaleY":2,"width":120,"height":120},"EF/ef_dash_main/ef_dash_main_00009":{"x":41.29,"y":59.7,"scaleX":2,"scaleY":2,"width":120,"height":120},"EF/ef_dash_main/ef_dash_main_00010":{"x":41.29,"y":59.7,"scaleX":2,"scaleY":2,"width":120,"height":120},"EF/ef_dash_main/ef_dash_main_00011":{"x":41.29,"y":59.7,"scaleX":2,"scaleY":2,"width":120,"height":120},"EF/ef_dash_main/ef_dash_main_00012":{"x":41.29,"y":59.7,"scaleX":2,"scaleY":2,"width":120,"height":120},"EF/ef_dash_main/ef_dash_main_00013":{"x":41.29,"y":59.7,"scaleX":2,"scaleY":2,"width":120,"height":120},"EF/ef_dash_main/ef_dash_main_00014":{"x":41.29,"y":59.7,"scaleX":2,"scaleY":2,"width":120,"height":120}},"ef_graund_earth_main":{"EF/ef_graund_earth_main/ef_graund_earth_main_00003":{"y":27.42,"width":400,"height":200},"EF/ef_graund_earth_main/ef_graund_earth_main_00043":{"y":27.42,"width":400,"height":200},"EF/ef_graund_earth_main/ef_graund_earth_main_00044":{"y":27.42,"width":400,"height":200}},"ef_graund_earth_purple":{"EF/ef_graund_earth_purple/ef_graund_earth_purple_00001":{"x":8.81,"y":5.07,"width":250,"height":250}},"ef_graund_earth_purple10":{"EF/ef_graund_earth_purple/ef_graund_earth_purple_00001":{"x":8.81,"y":5.07,"width":250,"height":250}},"ef_graund_earth_purple11":{"EF/ef_graund_earth_purple/ef_graund_earth_purple_00001":{"x":8.81,"y":5.07,"width":250,"height":250}},"ef_graund_earth_purple12":{"EF/ef_graund_earth_purple/ef_graund_earth_purple_00001":{"x":8.81,"y":5.07,"width":250,"height":250}},"ef_graund_earth_purple13":{"EF/ef_graund_earth_purple/ef_graund_earth_purple_00001":{"x":8.81,"y":5.07,"width":250,"height":250}},"ef_graund_earth_purple2":{"EF/ef_graund_earth_purple/ef_graund_earth_purple_00001":{"x":8.81,"y":5.07,"width":250,"height":250}},"ef_graund_earth_purple3":{"EF/ef_graund_earth_purple/ef_graund_earth_purple_00001":{"x":8.81,"y":5.07,"width":250,"height":250}},"ef_graund_earth_purple4":{"EF/ef_graund_earth_purple/ef_graund_earth_purple_00001":{"x":8.81,"y":5.07,"width":250,"height":250}},"ef_graund_earth_purple5":{"EF/ef_graund_earth_purple/ef_graund_earth_purple_00001":{"x":8.81,"y":5.07,"width":250,"height":250}},"ef_graund_earth_purple6":{"EF/ef_graund_earth_purple/ef_graund_earth_purple_00001":{"x":8.81,"y":5.07,"width":250,"height":250}},"ef_graund_earth_purple7":{"EF/ef_graund_earth_purple/ef_graund_earth_purple_00001":{"x":8.81,"y":5.07,"width":250,"height":250}},"ef_graund_earth_purple8":{"EF/ef_graund_earth_purple/ef_graund_earth_purple_00001":{"x":8.81,"y":5.07,"width":250,"height":250}},"ef_graund_earth_purple9":{"EF/ef_graund_earth_purple/ef_graund_earth_purple_00001":{"x":8.81,"y":5.07,"width":250,"height":250}},"ef_graund_shock_main":{"EF/ef_graund_shock_main/ef_graund_shock_main_00002":{"y":18.71,"width":225,"height":120},"EF/ef_graund_shock_main/ef_graund_shock_main_00003":{"y":18.71,"width":225,"height":120},"EF/ef_graund_shock_main/ef_graund_shock_main_00004":{"y":18.71,"width":225,"height":120},"EF/ef_graund_shock_main/ef_graund_shock_main_00005":{"y":18.71,"width":225,"height":120},"EF/ef_graund_shock_main/ef_graund_shock_main_00006":{"y":18.71,"width":225,"height":120},"EF/ef_graund_shock_main/ef_graund_shock_main_00007":{"y":18.71,"width":225,"height":120},"EF/ef_graund_shock_main/ef_graund_shock_main_00008":{"y":18.71,"width":225,"height":120},"EF/ef_graund_shock_main/ef_graund_shock_main_00009":{"y":18.71,"width":225,"height":120},"EF/ef_graund_shock_main/ef_graund_shock_main_00010":{"y":18.71,"width":225,"height":120}},"ef_graund_shock_main2":{"EF/ef_graund_shock_main/ef_graund_shock_main_00002":{"y":18.71,"width":225,"height":120},"EF/ef_graund_shock_main/ef_graund_shock_main_00003":{"y":18.71,"width":225,"height":120},"EF/ef_graund_shock_main/ef_graund_shock_main_00004":{"y":18.71,"width":225,"height":120},"EF/ef_graund_shock_main/ef_graund_shock_main_00005":{"y":18.71,"width":225,"height":120},"EF/ef_graund_shock_main/ef_graund_shock_main_00006":{"y":18.71,"width":225,"height":120},"EF/ef_graund_shock_main/ef_graund_shock_main_00007":{"y":18.71,"width":225,"height":120},"EF/ef_graund_shock_main/ef_graund_shock_main_00008":{"y":18.71,"width":225,"height":120},"EF/ef_graund_shock_main/ef_graund_shock_main_00009":{"y":18.71,"width":225,"height":120},"EF/ef_graund_shock_main/ef_graund_shock_main_00010":{"y":18.71,"width":225,"height":120}},"ef_graund_wave_main":{"EF/ef_graund_wave_main/ef_graund_wave_main_00002":{"y":29.75,"scaleX":2,"scaleY":2,"width":300,"height":180},"EF/ef_graund_wave_main/ef_graund_wave_main_00003":{"y":29.75,"scaleX":2,"scaleY":2,"width":300,"height":180},"EF/ef_graund_wave_main/ef_graund_wave_main_00004":{"y":29.75,"scaleX":2,"scaleY":2,"width":300,"height":180},"EF/ef_graund_wave_main/ef_graund_wave_main_00005":{"y":29.75,"scaleX":2,"scaleY":2,"width":300,"height":180},"EF/ef_graund_wave_main/ef_graund_wave_main_00006":{"y":29.75,"scaleX":2,"scaleY":2,"width":300,"height":180},"EF/ef_graund_wave_main/ef_graund_wave_main_00007":{"y":29.75,"scaleX":2,"scaleY":2,"width":300,"height":180},"EF/ef_graund_wave_main/ef_graund_wave_main_00008":{"y":29.75,"scaleX":2,"scaleY":2,"width":300,"height":180},"EF/ef_graund_wave_main/ef_graund_wave_main_00009":{"y":29.75,"scaleX":2,"scaleY":2,"width":300,"height":180},"EF/ef_graund_wave_main/ef_graund_wave_main_00010":{"y":29.75,"scaleX":2,"scaleY":2,"width":300,"height":180},"EF/ef_graund_wave_main/ef_graund_wave_main_00011":{"y":29.75,"scaleX":2,"scaleY":2,"width":300,"height":180},"EF/ef_graund_wave_main/ef_graund_wave_main_00012":{"y":29.75,"scaleX":2,"scaleY":2,"width":300,"height":180},"EF/ef_graund_wave_main/ef_graund_wave_main_00013":{"y":29.75,"scaleX":2,"scaleY":2,"width":300,"height":180},"EF/ef_graund_wave_main/ef_graund_wave_main_00014":{"y":29.75,"scaleX":2,"scaleY":2,"width":300,"height":180}},"ef_graund_wave_main2":{"EF/ef_graund_wave_main/ef_graund_wave_main_00002":{"y":29.75,"scaleX":2,"scaleY":2,"width":300,"height":180},"EF/ef_graund_wave_main/ef_graund_wave_main_00003":{"y":29.75,"scaleX":2,"scaleY":2,"width":300,"height":180},"EF/ef_graund_wave_main/ef_graund_wave_main_00004":{"y":29.75,"scaleX":2,"scaleY":2,"width":300,"height":180},"EF/ef_graund_wave_main/ef_graund_wave_main_00005":{"y":29.75,"scaleX":2,"scaleY":2,"width":300,"height":180},"EF/ef_graund_wave_main/ef_graund_wave_main_00006":{"y":29.75,"scaleX":2,"scaleY":2,"width":300,"height":180},"EF/ef_graund_wave_main/ef_graund_wave_main_00007":{"y":29.75,"scaleX":2,"scaleY":2,"width":300,"height":180},"EF/ef_graund_wave_main/ef_graund_wave_main_00008":{"y":29.75,"scaleX":2,"scaleY":2,"width":300,"height":180},"EF/ef_graund_wave_main/ef_graund_wave_main_00009":{"y":29.75,"scaleX":2,"scaleY":2,"width":300,"height":180},"EF/ef_graund_wave_main/ef_graund_wave_main_00010":{"y":29.75,"scaleX":2,"scaleY":2,"width":300,"height":180},"EF/ef_graund_wave_main/ef_graund_wave_main_00011":{"y":29.75,"scaleX":2,"scaleY":2,"width":300,"height":180},"EF/ef_graund_wave_main/ef_graund_wave_main_00012":{"y":29.75,"scaleX":2,"scaleY":2,"width":300,"height":180},"EF/ef_graund_wave_main/ef_graund_wave_main_00013":{"y":29.75,"scaleX":2,"scaleY":2,"width":300,"height":180},"EF/ef_graund_wave_main/ef_graund_wave_main_00014":{"y":29.75,"scaleX":2,"scaleY":2,"width":300,"height":180}},"ef_graund_wave_main3":{"EF/ef_graund_wave_main/ef_graund_wave_main_00002":{"y":29.75,"scaleX":2,"scaleY":2,"width":300,"height":180},"EF/ef_graund_wave_main/ef_graund_wave_main_00003":{"y":29.75,"scaleX":2,"scaleY":2,"width":300,"height":180},"EF/ef_graund_wave_main/ef_graund_wave_main_00004":{"y":29.75,"scaleX":2,"scaleY":2,"width":300,"height":180},"EF/ef_graund_wave_main/ef_graund_wave_main_00005":{"y":29.75,"scaleX":2,"scaleY":2,"width":300,"height":180},"EF/ef_graund_wave_main/ef_graund_wave_main_00006":{"y":29.75,"scaleX":2,"scaleY":2,"width":300,"height":180},"EF/ef_graund_wave_main/ef_graund_wave_main_00007":{"y":29.75,"scaleX":2,"scaleY":2,"width":300,"height":180},"EF/ef_graund_wave_main/ef_graund_wave_main_00008":{"y":29.75,"scaleX":2,"scaleY":2,"width":300,"height":180},"EF/ef_graund_wave_main/ef_graund_wave_main_00009":{"y":29.75,"scaleX":2,"scaleY":2,"width":300,"height":180},"EF/ef_graund_wave_main/ef_graund_wave_main_00010":{"y":29.75,"scaleX":2,"scaleY":2,"width":300,"height":180},"EF/ef_graund_wave_main/ef_graund_wave_main_00011":{"y":29.75,"scaleX":2,"scaleY":2,"width":300,"height":180},"EF/ef_graund_wave_main/ef_graund_wave_main_00012":{"y":29.75,"scaleX":2,"scaleY":2,"width":300,"height":180},"EF/ef_graund_wave_main/ef_graund_wave_main_00013":{"y":29.75,"scaleX":2,"scaleY":2,"width":300,"height":180},"EF/ef_graund_wave_main/ef_graund_wave_main_00014":{"y":29.75,"scaleX":2,"scaleY":2,"width":300,"height":180}},"ef_graund_wave_main4":{"EF/ef_graund_wave_main/ef_graund_wave_main_00002":{"y":29.75,"scaleX":2,"scaleY":2,"width":300,"height":180},"EF/ef_graund_wave_main/ef_graund_wave_main_00003":{"y":29.75,"scaleX":2,"scaleY":2,"width":300,"height":180},"EF/ef_graund_wave_main/ef_graund_wave_main_00004":{"y":29.75,"scaleX":2,"scaleY":2,"width":300,"height":180},"EF/ef_graund_wave_main/ef_graund_wave_main_00005":{"y":29.75,"scaleX":2,"scaleY":2,"width":300,"height":180},"EF/ef_graund_wave_main/ef_graund_wave_main_00006":{"y":29.75,"scaleX":2,"scaleY":2,"width":300,"height":180},"EF/ef_graund_wave_main/ef_graund_wave_main_00007":{"y":29.75,"scaleX":2,"scaleY":2,"width":300,"height":180},"EF/ef_graund_wave_main/ef_graund_wave_main_00008":{"y":29.75,"scaleX":2,"scaleY":2,"width":300,"height":180},"EF/ef_graund_wave_main/ef_graund_wave_main_00009":{"y":29.75,"scaleX":2,"scaleY":2,"width":300,"height":180},"EF/ef_graund_wave_main/ef_graund_wave_main_00010":{"y":29.75,"scaleX":2,"scaleY":2,"width":300,"height":180},"EF/ef_graund_wave_main/ef_graund_wave_main_00011":{"y":29.75,"scaleX":2,"scaleY":2,"width":300,"height":180},"EF/ef_graund_wave_main/ef_graund_wave_main_00012":{"y":29.75,"scaleX":2,"scaleY":2,"width":300,"height":180},"EF/ef_graund_wave_main/ef_graund_wave_main_00013":{"y":29.75,"scaleX":2,"scaleY":2,"width":300,"height":180},"EF/ef_graund_wave_main/ef_graund_wave_main_00014":{"y":29.75,"scaleX":2,"scaleY":2,"width":300,"height":180}},"ef_slash_arm_main":{"EF/ef_slash_arm_main/ef_slash_arm_main_00001":{"y":-8.42,"width":250,"height":150},"EF/ef_slash_arm_main/ef_slash_arm_main_00002":{"y":-8.42,"width":250,"height":150},"EF/ef_slash_arm_main/ef_slash_arm_main_00003":{"y":-8.42,"width":250,"height":150},"EF/ef_slash_arm_main/ef_slash_arm_main_00004":{"y":-8.42,"width":250,"height":150}},"ef_slash_arm_main2":{"EF/ef_slash_arm_main/ef_slash_arm_main_00001":{"y":-8.42,"width":250,"height":150},"EF/ef_slash_arm_main/ef_slash_arm_main_00002":{"y":-8.42,"width":250,"height":150},"EF/ef_slash_arm_main/ef_slash_arm_main_00003":{"y":-8.42,"width":250,"height":150},"EF/ef_slash_arm_main/ef_slash_arm_main_00004":{"y":-8.42,"width":250,"height":150}},"ef_slash_arm_main3":{"EF/ef_slash_arm_main/ef_slash_arm_main_00001":{"y":-8.42,"width":250,"height":150},"EF/ef_slash_arm_main/ef_slash_arm_main_00002":{"y":-8.42,"width":250,"height":150},"EF/ef_slash_arm_main/ef_slash_arm_main_00003":{"y":-8.42,"width":250,"height":150},"EF/ef_slash_arm_main/ef_slash_arm_main_00004":{"y":-8.42,"width":250,"height":150}},"ef_slash_arm_main4":{"EF/ef_slash_arm_main/ef_slash_arm_main_00001":{"y":-8.42,"width":250,"height":150},"EF/ef_slash_arm_main/ef_slash_arm_main_00002":{"y":-8.42,"width":250,"height":150},"EF/ef_slash_arm_main/ef_slash_arm_main_00003":{"y":-8.42,"width":250,"height":150},"EF/ef_slash_arm_main/ef_slash_arm_main_00004":{"y":-8.42,"width":250,"height":150}},"ef_slash_arm_main5":{"EF/ef_slash_arm_main/ef_slash_arm_main_00001":{"y":-8.42,"width":250,"height":150},"EF/ef_slash_arm_main/ef_slash_arm_main_00002":{"y":-8.42,"width":250,"height":150},"EF/ef_slash_arm_main/ef_slash_arm_main_00003":{"y":-8.42,"width":250,"height":150},"EF/ef_slash_arm_main/ef_slash_arm_main_00004":{"y":-8.42,"width":250,"height":150}},"ef_slash_arm_main6":{"EF/ef_slash_arm_main/ef_slash_arm_main_00001":{"y":-8.42,"width":250,"height":150},"EF/ef_slash_arm_main/ef_slash_arm_main_00002":{"y":-8.42,"width":250,"height":150},"EF/ef_slash_arm_main/ef_slash_arm_main_00003":{"y":-8.42,"width":250,"height":150},"EF/ef_slash_arm_main/ef_slash_arm_main_00004":{"y":-8.42,"width":250,"height":150}},"ef_slash_arm_main7":{"EF/ef_slash_arm_main/ef_slash_arm_main_00001":{"y":-8.42,"width":250,"height":150},"EF/ef_slash_arm_main/ef_slash_arm_main_00002":{"y":-8.42,"width":250,"height":150},"EF/ef_slash_arm_main/ef_slash_arm_main_00003":{"y":-8.42,"width":250,"height":150},"EF/ef_slash_arm_main/ef_slash_arm_main_00004":{"y":-8.42,"width":250,"height":150}},"ef_slash_draw_A_main":{"EF/ef_slash_draw_A_main/ef_slash_draw_A_main_00001":{"width":300,"height":300},"EF/ef_slash_draw_A_main/ef_slash_draw_A_main_00002":{"width":300,"height":300},"EF/ef_slash_draw_A_main/ef_slash_draw_A_main_00003":{"width":300,"height":300},"EF/ef_slash_draw_A_main/ef_slash_draw_A_main_00004":{"width":300,"height":300},"EF/ef_slash_draw_A_main/ef_slash_draw_A_main_00005":{"width":300,"height":300},"EF/ef_slash_draw_A_main/ef_slash_draw_A_main_00006":{"width":300,"height":300},"EF/ef_slash_draw_A_main/ef_slash_draw_A_main_00007":{"width":300,"height":300},"EF/ef_slash_draw_A_main/ef_slash_draw_A_main_00008":{"width":300,"height":300},"EF/ef_slash_draw_A_main/ef_slash_draw_A_main_00009":{"width":300,"height":300},"EF/ef_slash_draw_A_main/ef_slash_draw_A_main_00010":{"width":300,"height":300},"EF/ef_slash_draw_A_main/ef_slash_draw_A_main_00011":{"width":300,"height":300},"EF/ef_slash_draw_A_main/ef_slash_draw_A_main_00012":{"width":300,"height":300},"EF/ef_slash_draw_A_main/ef_slash_draw_A_main_00013":{"width":300,"height":300},"EF/ef_slash_draw_A_main/ef_slash_draw_A_main_00014":{"width":300,"height":300},"EF/ef_slash_draw_A_main/ef_slash_draw_A_main_00015":{"width":300,"height":300},"EF/ef_slash_draw_A_main/ef_slash_draw_A_main_00016":{"width":300,"height":300},"EF/ef_slash_draw_A_main/ef_slash_draw_A_main_00017":{"width":300,"height":300},"EF/ef_slash_draw_A_main/ef_slash_draw_A_main_00018":{"width":300,"height":300},"EF/ef_slash_draw_A_main/ef_slash_draw_A_main_00019":{"width":300,"height":300},"EF/ef_slash_draw_A_main/ef_slash_draw_A_main_00020":{"width":300,"height":300},"EF/ef_slash_draw_A_main/ef_slash_draw_A_main_00021":{"width":300,"height":300},"EF/ef_slash_draw_A_main/ef_slash_draw_A_main_00022":{"width":300,"height":300},"EF/ef_slash_draw_A_main/ef_slash_draw_A_main_00023":{"width":300,"height":300},"EF/ef_slash_draw_A_main/ef_slash_draw_A_main_00024":{"width":300,"height":300},"EF/ef_slash_draw_A_main/ef_slash_draw_A_main_00025":{"width":300,"height":300},"EF/ef_slash_draw_A_main/ef_slash_draw_A_main_00026":{"width":300,"height":300},"EF/ef_slash_draw_A_main/ef_slash_draw_A_main_00027":{"width":300,"height":300},"EF/ef_slash_draw_A_main/ef_slash_draw_A_main_00028":{"width":300,"height":300},"EF/ef_slash_draw_A_main/ef_slash_draw_A_main_00029":{"width":300,"height":300},"EF/ef_slash_draw_A_main/ef_slash_draw_A_main_00030":{"width":300,"height":300}},"ef_slash_draw_A_main2":{"EF/ef_slash_draw_A_main/ef_slash_draw_A_main_00001":{"width":300,"height":300},"EF/ef_slash_draw_A_main/ef_slash_draw_A_main_00002":{"width":300,"height":300},"EF/ef_slash_draw_A_main/ef_slash_draw_A_main_00003":{"width":300,"height":300},"EF/ef_slash_draw_A_main/ef_slash_draw_A_main_00004":{"width":300,"height":300},"EF/ef_slash_draw_A_main/ef_slash_draw_A_main_00005":{"width":300,"height":300},"EF/ef_slash_draw_A_main/ef_slash_draw_A_main_00006":{"width":300,"height":300},"EF/ef_slash_draw_A_main/ef_slash_draw_A_main_00007":{"width":300,"height":300},"EF/ef_slash_draw_A_main/ef_slash_draw_A_main_00008":{"width":300,"height":300},"EF/ef_slash_draw_A_main/ef_slash_draw_A_main_00009":{"width":300,"height":300},"EF/ef_slash_draw_A_main/ef_slash_draw_A_main_00010":{"width":300,"height":300},"EF/ef_slash_draw_A_main/ef_slash_draw_A_main_00011":{"width":300,"height":300},"EF/ef_slash_draw_A_main/ef_slash_draw_A_main_00012":{"width":300,"height":300},"EF/ef_slash_draw_A_main/ef_slash_draw_A_main_00013":{"width":300,"height":300},"EF/ef_slash_draw_A_main/ef_slash_draw_A_main_00014":{"width":300,"height":300},"EF/ef_slash_draw_A_main/ef_slash_draw_A_main_00015":{"width":300,"height":300},"EF/ef_slash_draw_A_main/ef_slash_draw_A_main_00016":{"width":300,"height":300},"EF/ef_slash_draw_A_main/ef_slash_draw_A_main_00017":{"width":300,"height":300},"EF/ef_slash_draw_A_main/ef_slash_draw_A_main_00018":{"width":300,"height":300},"EF/ef_slash_draw_A_main/ef_slash_draw_A_main_00019":{"width":300,"height":300},"EF/ef_slash_draw_A_main/ef_slash_draw_A_main_00020":{"width":300,"height":300},"EF/ef_slash_draw_A_main/ef_slash_draw_A_main_00021":{"width":300,"height":300},"EF/ef_slash_draw_A_main/ef_slash_draw_A_main_00022":{"width":300,"height":300},"EF/ef_slash_draw_A_main/ef_slash_draw_A_main_00023":{"width":300,"height":300},"EF/ef_slash_draw_A_main/ef_slash_draw_A_main_00024":{"width":300,"height":300},"EF/ef_slash_draw_A_main/ef_slash_draw_A_main_00025":{"width":300,"height":300},"EF/ef_slash_draw_A_main/ef_slash_draw_A_main_00026":{"width":300,"height":300},"EF/ef_slash_draw_A_main/ef_slash_draw_A_main_00027":{"width":300,"height":300},"EF/ef_slash_draw_A_main/ef_slash_draw_A_main_00028":{"width":300,"height":300},"EF/ef_slash_draw_A_main/ef_slash_draw_A_main_00029":{"width":300,"height":300},"EF/ef_slash_draw_A_main/ef_slash_draw_A_main_00030":{"width":300,"height":300}},"ef_slash_draw_B_main":{"EF/ef_slash_draw_B_main/ef_slash_draw_B_main_00001":{"width":300,"height":150},"EF/ef_slash_draw_B_main/ef_slash_draw_B_main_00002":{"width":300,"height":150},"EF/ef_slash_draw_B_main/ef_slash_draw_B_main_00003":{"width":300,"height":150},"EF/ef_slash_draw_B_main/ef_slash_draw_B_main_00004":{"width":300,"height":150},"EF/ef_slash_draw_B_main/ef_slash_draw_B_main_00005":{"width":300,"height":150},"EF/ef_slash_draw_B_main/ef_slash_draw_B_main_00006":{"width":300,"height":150},"EF/ef_slash_draw_B_main/ef_slash_draw_B_main_00007":{"width":300,"height":150},"EF/ef_slash_draw_B_main/ef_slash_draw_B_main_00008":{"width":300,"height":150},"EF/ef_slash_draw_B_main/ef_slash_draw_B_main_00009":{"width":300,"height":150},"EF/ef_slash_draw_B_main/ef_slash_draw_B_main_00010":{"width":300,"height":150},"EF/ef_slash_draw_B_main/ef_slash_draw_B_main_00011":{"width":300,"height":150},"EF/ef_slash_draw_B_main/ef_slash_draw_B_main_00012":{"width":300,"height":150},"EF/ef_slash_draw_B_main/ef_slash_draw_B_main_00013":{"width":300,"height":150},"EF/ef_slash_draw_B_main/ef_slash_draw_B_main_00014":{"width":300,"height":150},"EF/ef_slash_draw_B_main/ef_slash_draw_B_main_00015":{"width":300,"height":150},"EF/ef_slash_draw_B_main/ef_slash_draw_B_main_00016":{"width":300,"height":150},"EF/ef_slash_draw_B_main/ef_slash_draw_B_main_00017":{"width":300,"height":150},"EF/ef_slash_draw_B_main/ef_slash_draw_B_main_00018":{"width":300,"height":150},"EF/ef_slash_draw_B_main/ef_slash_draw_B_main_00019":{"width":300,"height":150},"EF/ef_slash_draw_B_main/ef_slash_draw_B_main_00020":{"width":300,"height":150},"EF/ef_slash_draw_B_main/ef_slash_draw_B_main_00021":{"width":300,"height":150},"EF/ef_slash_draw_B_main/ef_slash_draw_B_main_00022":{"width":300,"height":150}},"ef_slash_draw_B_main2":{"EF/ef_slash_draw_B_main/ef_slash_draw_B_main_00001":{"width":300,"height":150},"EF/ef_slash_draw_B_main/ef_slash_draw_B_main_00002":{"width":300,"height":150},"EF/ef_slash_draw_B_main/ef_slash_draw_B_main_00003":{"width":300,"height":150},"EF/ef_slash_draw_B_main/ef_slash_draw_B_main_00004":{"width":300,"height":150},"EF/ef_slash_draw_B_main/ef_slash_draw_B_main_00005":{"width":300,"height":150},"EF/ef_slash_draw_B_main/ef_slash_draw_B_main_00006":{"width":300,"height":150},"EF/ef_slash_draw_B_main/ef_slash_draw_B_main_00007":{"width":300,"height":150},"EF/ef_slash_draw_B_main/ef_slash_draw_B_main_00008":{"width":300,"height":150},"EF/ef_slash_draw_B_main/ef_slash_draw_B_main_00009":{"width":300,"height":150},"EF/ef_slash_draw_B_main/ef_slash_draw_B_main_00010":{"width":300,"height":150},"EF/ef_slash_draw_B_main/ef_slash_draw_B_main_00011":{"width":300,"height":150},"EF/ef_slash_draw_B_main/ef_slash_draw_B_main_00012":{"width":300,"height":150},"EF/ef_slash_draw_B_main/ef_slash_draw_B_main_00013":{"width":300,"height":150},"EF/ef_slash_draw_B_main/ef_slash_draw_B_main_00014":{"width":300,"height":150},"EF/ef_slash_draw_B_main/ef_slash_draw_B_main_00015":{"width":300,"height":150},"EF/ef_slash_draw_B_main/ef_slash_draw_B_main_00016":{"width":300,"height":150},"EF/ef_slash_draw_B_main/ef_slash_draw_B_main_00017":{"width":300,"height":150},"EF/ef_slash_draw_B_main/ef_slash_draw_B_main_00018":{"width":300,"height":150},"EF/ef_slash_draw_B_main/ef_slash_draw_B_main_00019":{"width":300,"height":150},"EF/ef_slash_draw_B_main/ef_slash_draw_B_main_00020":{"width":300,"height":150},"EF/ef_slash_draw_B_main/ef_slash_draw_B_main_00021":{"width":300,"height":150},"EF/ef_slash_draw_B_main/ef_slash_draw_B_main_00022":{"width":300,"height":150}},"ef_tuti_main":{"EF/ef_tuti_main/ef_tuti_main_00002":{"y":7.7,"width":225,"height":141},"EF/ef_tuti_main/ef_tuti_main_00003":{"y":7.7,"width":225,"height":141},"EF/ef_tuti_main/ef_tuti_main_00004":{"y":7.7,"width":225,"height":141},"EF/ef_tuti_main/ef_tuti_main_00005":{"y":7.7,"width":225,"height":141},"EF/ef_tuti_main/ef_tuti_main_00006":{"y":7.7,"width":225,"height":141},"EF/ef_tuti_main/ef_tuti_main_00007":{"y":7.7,"width":225,"height":141},"EF/ef_tuti_main/ef_tuti_main_00008":{"y":7.7,"width":225,"height":141},"EF/ef_tuti_main/ef_tuti_main_00009":{"y":7.7,"width":225,"height":141},"EF/ef_tuti_main/ef_tuti_main_00010":{"y":7.7,"width":225,"height":141},"EF/ef_tuti_main/ef_tuti_main_00011":{"y":7.7,"width":225,"height":141},"EF/ef_tuti_main/ef_tuti_main_00012":{"y":7.7,"width":225,"height":141},"EF/ef_tuti_main/ef_tuti_main_00013":{"y":7.7,"width":225,"height":141},"EF/ef_tuti_main/ef_tuti_main_00014":{"y":7.7,"width":225,"height":141},"EF/ef_tuti_main/ef_tuti_main_00015":{"y":7.7,"width":225,"height":141},"EF/ef_tuti_main/ef_tuti_main_00016":{"y":7.7,"width":225,"height":141},"EF/ef_tuti_main/ef_tuti_main_00017":{"y":7.7,"width":225,"height":141},"EF/ef_tuti_main/ef_tuti_main_00018":{"y":7.7,"width":225,"height":141}},"ef_tuti_main2":{"EF/ef_tuti_main/ef_tuti_main_00002":{"y":7.7,"width":225,"height":141},"EF/ef_tuti_main/ef_tuti_main_00003":{"y":7.7,"width":225,"height":141},"EF/ef_tuti_main/ef_tuti_main_00004":{"y":7.7,"width":225,"height":141},"EF/ef_tuti_main/ef_tuti_main_00005":{"y":7.7,"width":225,"height":141},"EF/ef_tuti_main/ef_tuti_main_00006":{"y":7.7,"width":225,"height":141},"EF/ef_tuti_main/ef_tuti_main_00007":{"y":7.7,"width":225,"height":141},"EF/ef_tuti_main/ef_tuti_main_00008":{"y":7.7,"width":225,"height":141},"EF/ef_tuti_main/ef_tuti_main_00009":{"y":7.7,"width":225,"height":141},"EF/ef_tuti_main/ef_tuti_main_00010":{"y":7.7,"width":225,"height":141},"EF/ef_tuti_main/ef_tuti_main_00011":{"y":7.7,"width":225,"height":141},"EF/ef_tuti_main/ef_tuti_main_00012":{"y":7.7,"width":225,"height":141},"EF/ef_tuti_main/ef_tuti_main_00013":{"y":7.7,"width":225,"height":141},"EF/ef_tuti_main/ef_tuti_main_00014":{"y":7.7,"width":225,"height":141},"EF/ef_tuti_main/ef_tuti_main_00015":{"y":7.7,"width":225,"height":141},"EF/ef_tuti_main/ef_tuti_main_00016":{"y":7.7,"width":225,"height":141},"EF/ef_tuti_main/ef_tuti_main_00017":{"y":7.7,"width":225,"height":141},"EF/ef_tuti_main/ef_tuti_main_00018":{"y":7.7,"width":225,"height":141}},"ef_wind_B_main":{"EF/ef_wind_B_main/ef_wind_B_main_00001":{"width":93,"height":65},"EF/ef_wind_B_main/ef_wind_B_main_00002":{"width":93,"height":65},"EF/ef_wind_B_main/ef_wind_B_main_00003":{"width":93,"height":65},"EF/ef_wind_B_main/ef_wind_B_main_00004":{"width":93,"height":65},"EF/ef_wind_B_main/ef_wind_B_main_00005":{"width":93,"height":65},"EF/ef_wind_B_main/ef_wind_B_main_00006":{"width":93,"height":65},"EF/ef_wind_B_main/ef_wind_B_main_00007":{"width":93,"height":65},"EF/ef_wind_B_main/ef_wind_B_main_00008":{"width":93,"height":65},"EF/ef_wind_B_main/ef_wind_B_main_00009":{"width":93,"height":65},"EF/ef_wind_B_main/ef_wind_B_main_00010":{"width":93,"height":65},"EF/ef_wind_B_main/ef_wind_B_main_00011":{"width":93,"height":65},"EF/ef_wind_B_main/ef_wind_B_main_00012":{"width":93,"height":65},"EF/ef_wind_B_main/ef_wind_B_main_00013":{"width":93,"height":65},"EF/ef_wind_B_main/ef_wind_B_main_00014":{"width":93,"height":65},"EF/ef_wind_B_main/ef_wind_B_main_00015":{"width":93,"height":65},"EF/ef_wind_B_main/ef_wind_B_main_00016":{"width":93,"height":65},"EF/ef_wind_B_main/ef_wind_B_main_00017":{"width":93,"height":65},"EF/ef_wind_B_main/ef_wind_B_main_00018":{"width":93,"height":65},"EF/ef_wind_B_main/ef_wind_B_main_00019":{"width":93,"height":65},"EF/ef_wind_B_main/ef_wind_B_main_00020":{"width":93,"height":65},"EF/ef_wind_B_main/ef_wind_B_main_00021":{"width":93,"height":65},"EF/ef_wind_B_main/ef_wind_B_main_00022":{"width":93,"height":65}},"in_EF2":{"in1_EF":{"path":"EF/DOT/in1_EF","x":-16.45,"y":6,"scaleX":2,"scaleY":2,"width":162,"height":162},"in2_EF":{"path":"EF/DOT/in2_EF","x":-12.91,"y":23.09,"scaleX":2,"scaleY":2,"width":162,"height":162}}}},"events":{"Event":{},"Event2":{},"Hit":{"string":"resetHitList"},"Sound1":{},"Sound2":{},"Sound3":{},"Voice":{}},"animations":{"attack1":{"slots":{"DAMAGEAREA":{"attachment":[{"time":0.2,"name":"DAMAGEAREA"},{"time":0.2666,"name":null},{"time":0.3333,"name":"DAMAGEAREA"},{"time":0.4,"name":null},{"time":0.6,"name":"DAMAGEAREA"},{"time":0.6666,"name":null}]},"EF_dot":{"attachment":[{"time":0.2,"name":"attack1_01_EF"},{"time":0.2333,"name":"attack1_02_EF"},{"time":0.2666,"name":null},{"time":0.3333,"name":"attack1_03_EF"},{"time":0.3666,"name":"attack1_04_EF"},{"time":0.4,"name":null},{"time":0.6,"name":"attack1_06_EF"},{"time":0.6333,"name":"attack1_07_EF"},{"time":0.6666,"name":null}]},"MAIN":{"attachment":[{"time":0,"name":"idle_00"},{"time":0.0333,"name":"attack1_00"},{"time":0.2,"name":"attack1_01"},{"time":0.2666,"name":"attack1_02"},{"time":0.3333,"name":"attack1_03"},{"time":0.4333,"name":"attack1_04"},{"time":0.6,"name":"attack1_05"},{"time":0.7,"name":"attack1_06"},{"time":0.8,"name":"attack1_07"},{"time":0.9,"name":"attack1_08"},{"time":1,"name":"attack1_06"},{"time":1.0666,"name":"skill2_00"},{"time":1.1333,"name":"idle_00"}]}},"bones":{"MAIN":{"translate":[{"time":0,"x":0,"y":0,"curve":"stepped"},{"time":0.0333,"x":10.09,"y":0,"curve":"stepped"},{"time":0.2,"x":10.48,"y":0,"curve":"stepped"},{"time":0.2666,"x":4.02,"y":0,"curve":"stepped"},{"time":0.3,"x":10.13,"y":0,"curve":"stepped"},{"time":0.3333,"x":-2.63,"y":0,"curve":"stepped"},{"time":0.4333,"x":-36.48,"y":0,"curve":"stepped"},{"time":0.6,"x":-28.02,"y":0,"curve":[0.04,0.96,0.132,0.95]},{"time":1,"x":-45.29,"y":0,"curve":"stepped"},{"time":1.0666,"x":-11.28,"y":0},{"time":1.1333,"x":0,"y":0}]},"EF_dot":{"translate":[{"time":0.2,"x":-133.41,"y":26.78,"curve":"stepped"},{"time":0.3333,"x":-132.03,"y":55.94,"curve":"stepped"},{"time":0.6,"x":-90.94,"y":29.08,"curve":"stepped"},{"time":0.6333,"x":-172.46,"y":29.08}]},"DAMAGEAREA":{"translate":[{"time":0.2,"x":-112.57,"y":61.52,"curve":"stepped"},{"time":0.3333,"x":-126.97,"y":70.68,"curve":"stepped"},{"time":0.6,"x":-162.31,"y":64.14}],"scale":[{"time":0.2,"x":2.072,"y":0.999,"curve":"stepped"},{"time":0.3333,"x":2.072,"y":1.052,"curve":"stepped"},{"time":0.6,"x":2.943,"y":1.052}]}},"events":[{"time":0,"name":"Event","string":"setHitEffect(hit05e,1)"},{"time":0,"name":"Sound3","string":"setHitSound(se_battle_025_blow_hit)"},{"time":0.0333,"name":"Event","int":1,"string":"kImpactType_normal"},{"time":0.0666,"name":"Event","float":0.02,"string":"kHitStopType_normal"},{"time":0.1666,"name":"Sound1","string":"cri_se_battle_sword_swish_heavy"},{"time":0.1666,"name":"Voice","string":"cri_723_voice_attack_random"},{"time":0.3,"name":"Sound1","string":"cri_se_battle_sword_swish_heavy"},{"time":0.3333,"name":"Hit"},{"time":0.5666,"name":"Sound1","string":"cri_se_battle_sword_swish_heavy"},{"time":0.5666,"name":"Voice","string":"cri_723_voice_attack_c"},{"time":0.6,"name":"Event","float":0.07,"string":"kHitStopType_normal"},{"time":0.6,"name":"Hit"}]},"back":{"slots":{"MAIN":{"attachment":[{"time":0,"name":"idle_00"},{"time":0.0333,"name":"back_00"},{"time":0.2666,"name":"idle_02"},{"time":0.3333,"name":"idle_03"},{"time":0.4333,"name":"idle_00"}]}},"bones":{"MAIN":{"translate":[{"time":0,"x":0,"y":0},{"time":0.0333,"x":52.48,"y":0,"curve":[0.192,0.32,0.561,0.67]},{"time":0.1,"x":105.28,"y":3.59},{"time":0.2666,"x":137,"y":0,"curve":[0.167,0.49,0.75,1]},{"time":0.4333,"x":140,"y":0}]}},"events":[{"time":0.0333,"name":"Sound1","string":"cri_se_battle_jump"},{"time":0.2666,"name":"Sound1","string":"cri_se_battle_landing"}]},"cast":{"slots":{"MAIN":{"attachment":[{"time":0,"name":"idle_00"},{"time":0.1666,"name":"idle_01"},{"time":0.3,"name":"attack1_04"},{"time":0.5,"name":"attack1_05"},{"time":0.5666,"name":"attack1_06"},{"time":0.6666,"name":"attack1_07"},{"time":0.7666,"name":"attack1_08"},{"time":1,"name":"idle_00"}]}},"bones":{"MAIN":{"translate":[{"time":0,"x":0,"y":0,"curve":"stepped"},{"time":1,"x":0,"y":0}]}},"events":[{"time":0.5,"name":"Voice","string":"cri_723_voice_item"}]},"damage":{"slots":{"MAIN":{"attachment":[{"time":0,"name":"damage_00"}]}},"bones":{"EF_dot":{"translate":[{"time":0,"x":-54.92,"y":76.16}]}}},"front":{"slots":{"MAIN":{"attachment":[{"time":0,"name":"front_00"}]}}},"idle":{"slots":{"MAIN":{"attachment":[{"time":0,"name":"idle_00"},{"time":0.2666,"name":"idle_01"},{"time":0.5,"name":"idle_02"},{"time":0.7666,"name":"idle_03"},{"time":1,"name":"idle_00"}]}}},"in":{"slots":{"MAIN":{"attachment":[{"time":0,"name":"in2"},{"time":0.0666,"name":"in1"},{"time":0.1333,"name":"in2"},{"time":0.2,"name":"in1"},{"time":0.2666,"name":"in2"},{"time":0.3333,"name":"in1"},{"time":0.4,"name":"in3"},{"time":0.4666,"name":"in4"},{"time":0.5666,"name":"in5"},{"time":0.6333,"name":"in6"},{"time":0.7,"name":"idle_02"},{"time":0.7666,"name":"idle_03"},{"time":0.8333,"name":"idle_00"}],"color":[{"time":0,"color":"ffffff00","curve":[0.477,0.46,0.414,0.93]},{"time":0.2666,"color":"ffffffff"}]},"in_EF2":{"attachment":[{"time":0,"name":"in1_EF"},{"time":0.0333,"name":"in2_EF"},{"time":0.0666,"name":"in1_EF"},{"time":0.1,"name":"in2_EF"},{"time":0.1333,"name":"in1_EF"},{"time":0.1666,"name":"in2_EF"},{"time":0.2,"name":"in1_EF"},{"time":0.2333,"name":"in2_EF"},{"time":0.2666,"name":"in1_EF"},{"time":0.3,"name":"in2_EF"},{"time":0.3333,"name":"in1_EF"},{"time":0.3666,"name":"in2_EF"},{"time":0.4,"name":null}],"color":[{"time":0,"color":"ffffff00","curve":[0.661,0.11,0.857,0.48]},{"time":0.2,"color":"ffffffff","curve":[0.802,0.36,0.514,0.73]},{"time":0.4,"color":"ffffff00"}]}},"bones":{"MAIN":{"rotate":[{"time":0,"angle":0},{"time":0.0666,"angle":120},{"time":0.1333,"angle":240},{"time":0.2,"angle":0},{"time":0.2666,"angle":120},{"time":0.3333,"angle":240},{"time":0.4,"angle":0}],"translate":[{"time":0,"x":284,"y":90},{"time":0.1,"x":234,"y":161.23},{"time":0.2,"x":200.7,"y":210.96},{"time":0.3,"x":134,"y":161.2,"curve":[0.615,0.82,0.391,0.98]},{"time":0.4666,"x":33.99,"y":-5,"curve":[0.112,0.45,0.498,0.77]},{"time":0.5,"x":30.26,"y":0,"curve":[0.295,0.52,0.658,0.83]},{"time":0.5333,"x":29.31,"y":0,"curve":"stepped"},{"time":0.5666,"x":23,"y":0,"curve":"stepped"},{"time":0.6333,"x":13.95,"y":0,"curve":"stepped"},{"time":0.7,"x":0,"y":0,"curve":"stepped"},{"time":0.8333,"x":0,"y":0}]},"EF_in":{"translate":[{"time":0,"x":284,"y":90,"curve":"stepped"},{"time":0.0333,"x":275.66,"y":85.98,"curve":"stepped"},{"time":0.0666,"x":271.4,"y":128.15,"curve":"stepped"},{"time":0.1,"x":262.85,"y":129.99,"curve":"stepped"},{"time":0.1333,"x":255.06,"y":170.3,"curve":"stepped"},{"time":0.1666,"x":240.99,"y":181.21,"curve":"stepped"},{"time":0.2,"x":206.02,"y":214.52,"curve":"stepped"},{"time":0.2333,"x":172.25,"y":175.78,"curve":"stepped"},{"time":0.2666,"x":163.73,"y":164.1,"curve":"stepped"},{"time":0.3,"x":143.11,"y":125,"curve":"stepped"},{"time":0.3333,"x":135,"y":116.04,"curve":"stepped"},{"time":0.3666,"x":89.56,"y":46.65,"curve":"stepped"},{"time":0.4,"x":43.28,"y":10.43}]}}},"skill1":{"slots":{"DAMAGEAREA":{"attachment":[{"time":1.0666,"name":"DAMAGEAREA"},{"time":1.2,"name":null}]},"EF_dot":{"attachment":[{"time":0.1333,"name":"skill1_02_EF"},{"time":0.2333,"name":"skill1_03_EF"},{"time":0.3333,"name":"skill1_04_EF"},{"time":0.4333,"name":null}]},"MAIN":{"attachment":[{"time":0,"name":"idle_00"},{"time":0.0333,"name":"skill1_00"},{"time":0.1333,"name":"skill1_01"},{"time":0.2333,"name":"skill1_02"},{"time":0.3333,"name":"skill1_03"},{"time":0.4333,"name":"skill1_04"},{"time":0.5333,"name":"skill1_05"},{"time":0.6333,"name":"skill1_06"},{"time":0.7333,"name":"skill1_07"},{"time":0.8333,"name":"skill1_08"},{"time":0.8666,"name":"skill1_09"},{"time":0.9,"name":"skill1_10"},{"time":1.0666,"name":"skill1_11"},{"time":1.1333,"name":"skill1_12"},{"time":1.2,"name":"skill1_13"},{"time":1.2666,"name":"skill1_11"},{"time":1.3333,"name":"skill1_12"},{"time":1.4,"name":"skill1_13"},{"time":1.4666,"name":"attack1_00"},{"time":1.5666,"name":"idle_00"}]},"ef_dash_main":{"attachment":[{"time":1.0666,"name":"EF/ef_dash_main/ef_dash_main_00001"},{"time":1.1,"name":"EF/ef_dash_main/ef_dash_main_00002"},{"time":1.1333,"name":"EF/ef_dash_main/ef_dash_main_00003"},{"time":1.1666,"name":"EF/ef_dash_main/ef_dash_main_00004"},{"time":1.2,"name":"EF/ef_dash_main/ef_dash_main_00005"},{"time":1.2333,"name":"EF/ef_dash_main/ef_dash_main_00006"},{"time":1.2666,"name":"EF/ef_dash_main/ef_dash_main_00007"},{"time":1.3,"name":"EF/ef_dash_main/ef_dash_main_00008"},{"time":1.3333,"name":"EF/ef_dash_main/ef_dash_main_00009"},{"time":1.3666,"name":"EF/ef_dash_main/ef_dash_main_00010"},{"time":1.4,"name":"EF/ef_dash_main/ef_dash_main_00011"},{"time":1.4333,"name":"EF/ef_dash_main/ef_dash_main_00012"},{"time":1.4666,"name":"EF/ef_dash_main/ef_dash_main_00013"},{"time":1.5,"name":"EF/ef_dash_main/ef_dash_main_00014"},{"time":1.5333,"name":null}]},"ef_graund_earth_purple":{"attachment":[{"time":1.0666,"name":"EF/ef_graund_earth_purple/ef_graund_earth_purple_00001"},{"time":1.5666,"name":null}],"color":[{"time":1.1666,"color":"ffffffff"},{"time":1.5666,"color":"ffffff00"}]},"ef_graund_wave_main":{"attachment":[{"time":1.0666,"name":"EF/ef_graund_wave_main/ef_graund_wave_main_00002"},{"time":1.1,"name":"EF/ef_graund_wave_main/ef_graund_wave_main_00004"},{"time":1.1333,"name":"EF/ef_graund_wave_main/ef_graund_wave_main_00006"},{"time":1.1666,"name":"EF/ef_graund_wave_main/ef_graund_wave_main_00008"},{"time":1.2,"name":"EF/ef_graund_wave_main/ef_graund_wave_main_00010"},{"time":1.2333,"name":"EF/ef_graund_wave_main/ef_graund_wave_main_00012"},{"time":1.2666,"name":"EF/ef_graund_wave_main/ef_graund_wave_main_00013"},{"time":1.3,"name":"EF/ef_graund_wave_main/ef_graund_wave_main_00014"},{"time":1.4,"name":null}],"color":[{"time":1.3,"color":"ffffffff"},{"time":1.4,"color":"ffffff00"}]},"ef_graund_wave_main2":{"attachment":[{"time":0.9,"name":"EF/ef_graund_wave_main/ef_graund_wave_main_00002"},{"time":0.9333,"name":"EF/ef_graund_wave_main/ef_graund_wave_main_00003"},{"time":0.9666,"name":"EF/ef_graund_wave_main/ef_graund_wave_main_00004"},{"time":1,"name":"EF/ef_graund_wave_main/ef_graund_wave_main_00005"},{"time":1.0333,"name":"EF/ef_graund_wave_main/ef_graund_wave_main_00006"},{"time":1.0666,"name":"EF/ef_graund_wave_main/ef_graund_wave_main_00007"},{"time":1.1,"name":"EF/ef_graund_wave_main/ef_graund_wave_main_00008"},{"time":1.1333,"name":"EF/ef_graund_wave_main/ef_graund_wave_main_00009"},{"time":1.1666,"name":"EF/ef_graund_wave_main/ef_graund_wave_main_00010"},{"time":1.2,"name":"EF/ef_graund_wave_main/ef_graund_wave_main_00011"},{"time":1.2333,"name":"EF/ef_graund_wave_main/ef_graund_wave_main_00012"},{"time":1.2666,"name":"EF/ef_graund_wave_main/ef_graund_wave_main_00013"},{"time":1.3,"name":"EF/ef_graund_wave_main/ef_graund_wave_main_00014"},{"time":1.3333,"name":null}]},"ef_slash_draw_A_main":{"attachment":[{"time":0.1333,"name":"EF/ef_slash_draw_A_main/ef_slash_draw_A_main_00001"},{"time":0.1666,"name":"EF/ef_slash_draw_A_main/ef_slash_draw_A_main_00002"},{"time":0.2,"name":"EF/ef_slash_draw_A_main/ef_slash_draw_A_main_00003"},{"time":0.2333,"name":"EF/ef_slash_draw_A_main/ef_slash_draw_A_main_00004"},{"time":0.2666,"name":"EF/ef_slash_draw_A_main/ef_slash_draw_A_main_00005"},{"time":0.3,"name":"EF/ef_slash_draw_A_main/ef_slash_draw_A_main_00006"},{"time":0.3333,"name":"EF/ef_slash_draw_A_main/ef_slash_draw_A_main_00007"},{"time":0.3666,"name":"EF/ef_slash_draw_A_main/ef_slash_draw_A_main_00008"},{"time":0.4,"name":"EF/ef_slash_draw_A_main/ef_slash_draw_A_main_00009"},{"time":0.4333,"name":"EF/ef_slash_draw_A_main/ef_slash_draw_A_main_00011"},{"time":0.4666,"name":"EF/ef_slash_draw_A_main/ef_slash_draw_A_main_00012"},{"time":0.5,"name":"EF/ef_slash_draw_A_main/ef_slash_draw_A_main_00013"},{"time":0.5333,"name":"EF/ef_slash_draw_A_main/ef_slash_draw_A_main_00014"},{"time":0.5666,"name":"EF/ef_slash_draw_A_main/ef_slash_draw_A_main_00015"},{"time":0.6,"name":"EF/ef_slash_draw_A_main/ef_slash_draw_A_main_00016"},{"time":0.6333,"name":"EF/ef_slash_draw_A_main/ef_slash_draw_A_main_00017"},{"time":0.6666,"name":"EF/ef_slash_draw_A_main/ef_slash_draw_A_main_00018"},{"time":0.7,"name":"EF/ef_slash_draw_A_main/ef_slash_draw_A_main_00019"},{"time":0.7333,"name":"EF/ef_slash_draw_A_main/ef_slash_draw_A_main_00020"},{"time":0.7666,"name":"EF/ef_slash_draw_A_main/ef_slash_draw_A_main_00021"},{"time":0.8,"name":"EF/ef_slash_draw_A_main/ef_slash_draw_A_main_00030"},{"time":0.8333,"name":null}]},"ef_slash_draw_A_main2":{"attachment":[{"time":0.1333,"name":"EF/ef_slash_draw_A_main/ef_slash_draw_A_main_00001"},{"time":0.1666,"name":"EF/ef_slash_draw_A_main/ef_slash_draw_A_main_00002"},{"time":0.2,"name":"EF/ef_slash_draw_A_main/ef_slash_draw_A_main_00003"},{"time":0.2333,"name":"EF/ef_slash_draw_A_main/ef_slash_draw_A_main_00004"},{"time":0.2666,"name":"EF/ef_slash_draw_A_main/ef_slash_draw_A_main_00005"},{"time":0.3,"name":"EF/ef_slash_draw_A_main/ef_slash_draw_A_main_00006"},{"time":0.3333,"name":"EF/ef_slash_draw_A_main/ef_slash_draw_A_main_00007"},{"time":0.4333,"name":"EF/ef_slash_draw_A_main/ef_slash_draw_A_main_00008"},{"time":0.4666,"name":"EF/ef_slash_draw_A_main/ef_slash_draw_A_main_00009"},{"time":0.5,"name":"EF/ef_slash_draw_A_main/ef_slash_draw_A_main_00010"},{"time":0.5333,"name":"EF/ef_slash_draw_A_main/ef_slash_draw_A_main_00011"},{"time":0.5666,"name":"EF/ef_slash_draw_A_main/ef_slash_draw_A_main_00012"},{"time":0.6,"name":"EF/ef_slash_draw_A_main/ef_slash_draw_A_main_00013"},{"time":0.6333,"name":"EF/ef_slash_draw_A_main/ef_slash_draw_A_main_00014"},{"time":0.6666,"name":"EF/ef_slash_draw_A_main/ef_slash_draw_A_main_00015"},{"time":0.7,"name":"EF/ef_slash_draw_A_main/ef_slash_draw_A_main_00016"},{"time":0.7333,"name":"EF/ef_slash_draw_A_main/ef_slash_draw_A_main_00017"},{"time":0.7666,"name":"EF/ef_slash_draw_A_main/ef_slash_draw_A_main_00018"},{"time":0.8,"name":"EF/ef_slash_draw_A_main/ef_slash_draw_A_main_00019"},{"time":0.8333,"name":null}]},"ef_slash_draw_B_main":{"attachment":[{"time":0.8333,"name":"EF/ef_slash_draw_B_main/ef_slash_draw_B_main_00001"},{"time":0.8666,"name":"EF/ef_slash_draw_B_main/ef_slash_draw_B_main_00003"},{"time":0.9,"name":"EF/ef_slash_draw_B_main/ef_slash_draw_B_main_00006"},{"time":0.9333,"name":"EF/ef_slash_draw_B_main/ef_slash_draw_B_main_00013"},{"time":0.9666,"name":"EF/ef_slash_draw_B_main/ef_slash_draw_B_main_00022"},{"time":1,"name":null}]},"ef_slash_draw_B_main2":{"attachment":[{"time":0.8333,"name":"EF/ef_slash_draw_B_main/ef_slash_draw_B_main_00001"},{"time":0.8666,"name":"EF/ef_slash_draw_B_main/ef_slash_draw_B_main_00005"},{"time":0.9,"name":"EF/ef_slash_draw_B_main/ef_slash_draw_B_main_00009"},{"time":0.9333,"name":"EF/ef_slash_draw_B_main/ef_slash_draw_B_main_00012"},{"time":0.9666,"name":"EF/ef_slash_draw_B_main/ef_slash_draw_B_main_00022"},{"time":1,"name":null}]},"ef_wind_B_main":{"attachment":[{"time":1.0666,"name":"EF/ef_wind_B_main/ef_wind_B_main_00001"},{"time":1.1,"name":"EF/ef_wind_B_main/ef_wind_B_main_00002"},{"time":1.1333,"name":"EF/ef_wind_B_main/ef_wind_B_main_00003"},{"time":1.1666,"name":"EF/ef_wind_B_main/ef_wind_B_main_00004"},{"time":1.2,"name":"EF/ef_wind_B_main/ef_wind_B_main_00005"},{"time":1.2333,"name":"EF/ef_wind_B_main/ef_wind_B_main_00006"},{"time":1.2666,"name":"EF/ef_wind_B_main/ef_wind_B_main_00007"},{"time":1.3,"name":"EF/ef_wind_B_main/ef_wind_B_main_00008"},{"time":1.3333,"name":null}],"color":[{"time":1.0666,"color":"ffffffff","curve":[0.298,0.4,0.652,0.72]},{"time":1.3333,"color":"ffffff00"}]}},"bones":{"MAIN":{"translate":[{"time":0,"x":0,"y":0,"curve":"stepped"},{"time":0.0333,"x":8.85,"y":0,"curve":"stepped"},{"time":0.8333,"x":-18.74,"y":0,"curve":"stepped"},{"time":0.8666,"x":-30.79,"y":0,"curve":"stepped"},{"time":0.9,"x":-36.82,"y":0,"curve":"stepped"},{"time":1.0666,"x":-36.82,"y":0,"curve":[0.159,0.73,0.75,1]},{"time":1.4,"x":-30.79,"y":0,"curve":"stepped"},{"time":1.4666,"x":10.8,"y":0,"curve":"stepped"},{"time":1.5666,"x":0,"y":0}]},"EF_dot":{"translate":[{"time":0.1333,"x":1.06,"y":58.78,"curve":"stepped"},{"time":0.2333,"x":-8.94,"y":56.87,"curve":"stepped"},{"time":0.3333,"x":-0.83,"y":38.87}]},"ef_slash_draw_A_main":{"rotate":[{"time":0.1333,"angle":-69.41},{"time":0.1666,"angle":-63.26},{"time":0.2,"angle":-63.67},{"time":0.2333,"angle":-58.05},{"time":0.2666,"angle":-46.57},{"time":0.3,"angle":-49.79},{"time":0.3333,"angle":0,"curve":"stepped"},{"time":0.4,"angle":0,"curve":"stepped"},{"time":0.4333,"angle":-73.12,"curve":"stepped"},{"time":0.4666,"angle":8.98,"curve":"stepped"},{"time":0.5,"angle":21.88,"curve":"stepped"},{"time":0.5333,"angle":174.77}],"translate":[{"time":0.1333,"x":-791.51,"y":-440.25,"curve":"stepped"},{"time":0.3333,"x":-791.51,"y":-440.25,"curve":"stepped"},{"time":0.3666,"x":-786.12,"y":-425.42,"curve":"stepped"},{"time":0.4,"x":-791.51,"y":-413.29,"curve":"stepped"},{"time":0.4333,"x":-791.51,"y":-415.31,"curve":"stepped"},{"time":0.4666,"x":-779.54,"y":-407.07,"curve":"stepped"},{"time":0.5,"x":-797.9,"y":-421.1,"curve":"stepped"},{"time":0.5333,"x":-825.83,"y":-494.51}],"scale":[{"time":0.1333,"x":-0.508,"y":0.5},{"time":0.2,"x":-0.512,"y":0.544},{"time":0.3333,"x":-1.079,"y":1.08},{"time":0.4666,"x":-1,"y":1}]},"ef_slash_draw_A_main2":{"rotate":[{"time":0.1333,"angle":73.51,"curve":"stepped"},{"time":0.1666,"angle":77.64,"curve":"stepped"},{"time":0.2,"angle":58.11,"curve":"stepped"},{"time":0.2333,"angle":147.59,"curve":"stepped"},{"time":0.3,"angle":149.71,"curve":"stepped"},{"time":0.3333,"angle":168.85,"curve":"stepped"},{"time":0.3666,"angle":-135.67,"curve":"stepped"},{"time":0.4,"angle":-86.75,"curve":"stepped"},{"time":0.4333,"angle":-44.72,"curve":"stepped"},{"time":0.4666,"angle":2.94,"curve":"stepped"},{"time":0.5,"angle":22.12,"curve":"stepped"},{"time":0.5333,"angle":-11.53}],"translate":[{"time":0.1333,"x":-779.8,"y":-381.24,"curve":"stepped"},{"time":0.1666,"x":-786.6,"y":-366.63,"curve":"stepped"},{"time":0.2,"x":-783.91,"y":-365.96,"curve":"stepped"},{"time":0.2333,"x":-816.98,"y":-392.21,"curve":"stepped"},{"time":0.3,"x":-819.2,"y":-392.8,"curve":"stepped"},{"time":0.3333,"x":-838.56,"y":-406.26,"curve":"stepped"},{"time":0.3666,"x":-853.56,"y":-442.66},{"time":0.4,"x":-826.61,"y":-438.96},{"time":0.4333,"x":-768.02,"y":-439.55},{"time":0.4666,"x":-773.85,"y":-427.27},{"time":0.5,"x":-785.82,"y":-413.51},{"time":0.5333,"x":-760.37,"y":-414.35}],"scale":[{"time":0.1333,"x":-0.629,"y":0.612},{"time":0.3333,"x":-1.066,"y":1.066},{"time":0.4333,"x":-1,"y":1}]},"ef_dash_main":{"translate":[{"time":1.0666,"x":-728.58,"y":-397.85}],"scale":[{"time":1.0666,"x":1.5,"y":1.5}]},"ef_graund_wave_main":{"translate":[{"time":1.0666,"x":-727.98,"y":-301.35}],"scale":[{"time":1.0666,"x":1,"y":1},{"time":1.4,"x":1.2,"y":1.2}]},"ef_slash_draw_B_main":{"rotate":[{"time":0.8333,"angle":161.28,"curve":"stepped"},{"time":0.8666,"angle":180}],"translate":[{"time":0.8333,"x":-858.65,"y":-317.17},{"time":0.8666,"x":-857.27,"y":-338.56,"curve":"stepped"},{"time":0.9,"x":-840.02,"y":-327.52,"curve":"stepped"},{"time":0.9333,"x":-813.8,"y":-326.83}]},"ef_slash_draw_B_main2":{"rotate":[{"time":0.8333,"angle":-71.29},{"time":0.8666,"angle":40.23},{"time":0.9,"angle":4.6}],"translate":[{"time":0.8333,"x":-863.18,"y":-314.63},{"time":0.8666,"x":-856.97,"y":-352.58},{"time":0.9,"x":-878.36,"y":-351.2}],"scale":[{"time":0.8333,"x":-0.382,"y":0.332},{"time":0.8666,"x":-0.256,"y":0.565},{"time":0.9666,"x":-0.582,"y":0.706}]},"ef_graund_earth_purple":{"translate":[{"time":1.0666,"x":-951.24,"y":-492.82}],"scale":[{"time":1.0666,"x":1,"y":1},{"time":1.1333,"x":2,"y":2}]},"ef_wind_B_main":{"translate":[{"time":1.0666,"x":-1009.56,"y":-221.79}],"scale":[{"time":1.0666,"x":3.623,"y":3.623,"curve":[0.062,0.75,0.345,0.92]},{"time":1.1666,"x":28.821,"y":28.821},{"time":1.3333,"x":30.55,"y":30.55}]},"ef_graund_wave_main2":{"translate":[{"time":0.9,"x":-727.98,"y":-301.35}],"scale":[{"time":0.9,"x":1,"y":1}]},"DAMAGEAREA":{"translate":[{"time":1.0666,"x":-167.14,"y":43.45}],"scale":[{"time":1.0666,"x":2.65,"y":2.027}]}},"events":[{"time":0,"name":"Event","string":"setHitEffect(hit05e,1)"},{"time":0,"name":"Sound3","string":"setHitSound(se_battle_hard_hit)"},{"time":0.0333,"name":"Event","int":50,"string":"kImpactType_knock_up"},{"time":0.0666,"name":"Event","float":0.25,"string":"kHitStopType_normal"},{"time":0.2333,"name":"Sound1","string":"cri_se_battle_skill_shot"},{"time":0.4,"name":"Sound1","string":"cri_se_battle_skill_shot"},{"time":0.6666,"name":"Voice","string":"cri_723_voice_skill_all"},{"time":0.8333,"name":"Sound1","string":"cri_se_battle_skill_swish"},{"time":0.9,"name":"Sound2","string":"cri_se_battle_037_explosion_element_05"},{"time":1.0333,"name":"Sound1","string":"cri_se_battle_arrow_light_effect"},{"time":1.0666,"name":"Event","float":2,"string":"shakeGround"}]},"skill2":{"slots":{"DAMAGEAREA":{"attachment":[{"time":0.1666,"name":"DAMAGEAREA"},{"time":0.3333,"name":null},{"time":0.6,"name":"DAMAGEAREA"},{"time":0.8,"name":null},{"time":1.4333,"name":"DAMAGEAREA"},{"time":2.2,"name":null}]},"MAIN":{"attachment":[{"time":0,"name":"idle_00"},{"time":0.0333,"name":"attack1_04"},{"time":0.1666,"name":"attack1_05"},{"time":0.2333,"name":"attack1_06"},{"time":0.3,"name":"attack1_07"},{"time":0.3666,"name":"attack1_08"},{"time":0.4333,"name":"skill2_00"},{"time":0.5333,"name":"skill2_01"},{"time":0.6,"name":"skill2_02"},{"time":0.6666,"name":"skill2_03"},{"time":0.7333,"name":"skill2_04"},{"time":0.8,"name":"skill2_05"},{"time":0.9,"name":"skill2_06"},{"time":1.0333,"name":"skill2_07"},{"time":1.2,"name":"skill2_08"},{"time":1.3333,"name":"skill2_09"},{"time":1.4,"name":"skill2_10"},{"time":1.5333,"name":"skill2_11"},{"time":1.6333,"name":"skill2_12"},{"time":1.7333,"name":"skill2_13"},{"time":1.8333,"name":"skill2_11"},{"time":1.9333,"name":"skill2_12"},{"time":2.0333,"name":"skill2_13"},{"time":2.1333,"name":"skill2_11"},{"time":2.2333,"name":"skill2_12"},{"time":2.3333,"name":"skill2_13"},{"time":2.4666,"name":"skill2_14"},{"time":2.6,"name":"idle_00"}]},"ef_aura_circle_main_a":{"attachment":[{"time":1.4,"name":"EF/ef_aura_circle_main/ef_aura_circle_main_00001"},{"time":1.4666,"name":"EF/ef_aura_circle_main/ef_aura_circle_main_00002"},{"time":1.5,"name":"EF/ef_aura_circle_main/ef_aura_circle_main_00003"},{"time":1.5666,"name":"EF/ef_aura_circle_main/ef_aura_circle_main_00004"},{"time":1.6333,"name":"EF/ef_aura_circle_main/ef_aura_circle_main_00006"},{"time":1.7,"name":"EF/ef_aura_circle_main/ef_aura_circle_main_00008"},{"time":1.7333,"name":"EF/ef_aura_circle_main/ef_aura_circle_main_00010"},{"time":1.8,"name":"EF/ef_aura_circle_main/ef_aura_circle_main_00012"},{"time":1.8666,"name":"EF/ef_aura_circle_main/ef_aura_circle_main_00014"},{"time":1.9333,"name":"EF/ef_aura_circle_main/ef_aura_circle_main_00016"},{"time":1.9666,"name":"EF/ef_aura_circle_main/ef_aura_circle_main_00018"},{"time":2.0333,"name":"EF/ef_aura_circle_main/ef_aura_circle_main_00019"},{"time":2.1,"name":"EF/ef_aura_circle_main/ef_aura_circle_main_00020"},{"time":2.1333,"name":"EF/ef_aura_circle_main/ef_aura_circle_main_00021"},{"time":2.2,"name":"EF/ef_aura_circle_main/ef_aura_circle_main_00022"},{"time":2.2666,"name":"EF/ef_aura_circle_main/ef_aura_circle_main_00023"},{"time":2.3,"name":"EF/ef_aura_circle_main/ef_aura_circle_main_00024"},{"time":2.3666,"name":"EF/ef_aura_circle_main/ef_aura_circle_main_00025"},{"time":2.4333,"name":null}],"color":[{"time":2.3333,"color":"ffffffff"},{"time":2.4333,"color":"ffffff00"}]},"ef_aura_circle_main_b":{"attachment":[{"time":1.6,"name":"EF/ef_aura_circle_main 2/ef_aura_circle_main 2_00001"},{"time":1.6333,"name":"EF/ef_aura_circle_main 2/ef_aura_circle_main 2_00002"},{"time":1.6666,"name":"EF/ef_aura_circle_main 2/ef_aura_circle_main 2_00003"},{"time":1.7,"name":"EF/ef_aura_circle_main 2/ef_aura_circle_main 2_00004"},{"time":1.7333,"name":"EF/ef_aura_circle_main 2/ef_aura_circle_main 2_00005"},{"time":1.7666,"name":"EF/ef_aura_circle_main 2/ef_aura_circle_main 2_00006"},{"time":1.8,"name":"EF/ef_aura_circle_main 2/ef_aura_circle_main 2_00007"},{"time":1.8333,"name":"EF/ef_aura_circle_main 2/ef_aura_circle_main 2_00008"},{"time":1.8666,"name":"EF/ef_aura_circle_main 2/ef_aura_circle_main 2_00009"},{"time":1.9,"name":"EF/ef_aura_circle_main 2/ef_aura_circle_main 2_00010"},{"time":1.9333,"name":"EF/ef_aura_circle_main 2/ef_aura_circle_main 2_00011"},{"time":1.9666,"name":null}]},"ef_dash_main":{"attachment":[{"time":0.1666,"name":"EF/ef_dash_main/ef_dash_main_00001"},{"time":0.2,"name":"EF/ef_dash_main/ef_dash_main_00002"},{"time":0.2333,"name":"EF/ef_dash_main/ef_dash_main_00003"},{"time":0.2666,"name":"EF/ef_dash_main/ef_dash_main_00004"},{"time":0.3,"name":"EF/ef_dash_main/ef_dash_main_00005"},{"time":0.3333,"name":"EF/ef_dash_main/ef_dash_main_00006"},{"time":0.3666,"name":"EF/ef_dash_main/ef_dash_main_00007"},{"time":0.4,"name":"EF/ef_dash_main/ef_dash_main_00008"},{"time":0.4333,"name":"EF/ef_dash_main/ef_dash_main_00009"},{"time":0.4666,"name":"EF/ef_dash_main/ef_dash_main_00010"},{"time":0.5,"name":"EF/ef_dash_main/ef_dash_main_00011"},{"time":0.5333,"name":"EF/ef_dash_main/ef_dash_main_00012"},{"time":0.5666,"name":"EF/ef_dash_main/ef_dash_main_00013"},{"time":0.6,"name":"EF/ef_dash_main/ef_dash_main_00014"},{"time":0.6333,"name":null},{"time":1.0333,"name":"EF/ef_dash_main/ef_dash_main_00001"},{"time":1.0666,"name":"EF/ef_dash_main/ef_dash_main_00002"},{"time":1.1,"name":"EF/ef_dash_main/ef_dash_main_00003"},{"time":1.1333,"name":"EF/ef_dash_main/ef_dash_main_00004"},{"time":1.1666,"name":"EF/ef_dash_main/ef_dash_main_00005"},{"time":1.2,"name":"EF/ef_dash_main/ef_dash_main_00006"},{"time":1.2333,"name":"EF/ef_dash_main/ef_dash_main_00007"},{"time":1.2666,"name":"EF/ef_dash_main/ef_dash_main_00008"},{"time":1.3,"name":"EF/ef_dash_main/ef_dash_main_00009"},{"time":1.3333,"name":"EF/ef_dash_main/ef_dash_main_00010"},{"time":1.3666,"name":"EF/ef_dash_main/ef_dash_main_00011"},{"time":1.4,"name":"EF/ef_dash_main/ef_dash_main_00012"},{"time":1.4333,"name":"EF/ef_dash_main/ef_dash_main_00013"},{"time":1.4666,"name":"EF/ef_dash_main/ef_dash_main_00014"},{"time":1.5,"name":null}]},"ef_dash_main2":{"attachment":[{"time":0.6,"name":"EF/ef_dash_main/ef_dash_main_00001"},{"time":0.6333,"name":"EF/ef_dash_main/ef_dash_main_00002"},{"time":0.6666,"name":"EF/ef_dash_main/ef_dash_main_00003"},{"time":0.7,"name":"EF/ef_dash_main/ef_dash_main_00004"},{"time":0.7333,"name":"EF/ef_dash_main/ef_dash_main_00005"},{"time":0.7666,"name":"EF/ef_dash_main/ef_dash_main_00006"},{"time":0.8,"name":"EF/ef_dash_main/ef_dash_main_00007"},{"time":0.8333,"name":"EF/ef_dash_main/ef_dash_main_00008"},{"time":0.8666,"name":"EF/ef_dash_main/ef_dash_main_00009"},{"time":0.9,"name":"EF/ef_dash_main/ef_dash_main_00010"},{"time":0.9333,"name":"EF/ef_dash_main/ef_dash_main_00011"},{"time":0.9666,"name":"EF/ef_dash_main/ef_dash_main_00012"},{"time":1,"name":"EF/ef_dash_main/ef_dash_main_00013"},{"time":1.0333,"name":"EF/ef_dash_main/ef_dash_main_00014"},{"time":1.0666,"name":null}]},"ef_graund_earth_main":{"attachment":[{"time":1.3333,"name":"EF/ef_graund_earth_main/ef_graund_earth_main_00003"},{"time":1.4,"name":"EF/ef_graund_earth_main/ef_graund_earth_main_00043"},{"time":1.4666,"name":"EF/ef_graund_earth_main/ef_graund_earth_main_00044"},{"time":2.4666,"name":null}],"color":[{"time":1.3333,"color":"ffffff64"},{"time":1.3666,"color":"ffffffff","curve":"stepped"},{"time":2.0666,"color":"ffffffff"},{"time":2.4666,"color":"ffffff00"}]},"ef_graund_earth_purple":{"attachment":[{"time":0.6,"name":"EF/ef_graund_earth_purple/ef_graund_earth_purple_00001"},{"time":1,"name":null},{"time":1.4,"name":"EF/ef_graund_earth_purple/ef_graund_earth_purple_00001"}],"color":[{"time":0.6,"color":"ffffff32"},{"time":0.6666,"color":"ffffffff","curve":"stepped"},{"time":0.9,"color":"ffffffff"},{"time":1,"color":"ffffff00","curve":"stepped"},{"time":1.4,"color":"ffffff32"},{"time":1.5,"color":"ffffffff","curve":"stepped"},{"time":2.1666,"color":"ffffffff"},{"time":2.4,"color":"ffffff00"}]},"ef_graund_earth_purple2":{"attachment":[{"time":0.6,"name":"EF/ef_graund_earth_purple/ef_graund_earth_purple_00001"},{"time":1,"name":null},{"time":1.4,"name":"EF/ef_graund_earth_purple/ef_graund_earth_purple_00001"},{"time":2.4,"name":null}],"color":[{"time":0.6,"color":"ffffff32"},{"time":0.6666,"color":"ffffffff","curve":"stepped"},{"time":0.9,"color":"ffffffff"},{"time":1,"color":"ffffff00","curve":"stepped"},{"time":1.4,"color":"ffffff32"},{"time":1.5,"color":"ffffffff","curve":"stepped"},{"time":2.1666,"color":"ffffffff"},{"time":2.4,"color":"ffffff00"}]},"ef_graund_earth_purple3":{"attachment":[{"time":0.6,"name":"EF/ef_graund_earth_purple/ef_graund_earth_purple_00001"},{"time":1,"name":null},{"time":1.4,"name":"EF/ef_graund_earth_purple/ef_graund_earth_purple_00001"},{"time":2.4,"name":null}],"color":[{"time":0.6,"color":"ffffff32"},{"time":0.6666,"color":"ffffffff","curve":"stepped"},{"time":0.9,"color":"ffffffff"},{"time":1,"color":"ffffff00","curve":"stepped"},{"time":1.4,"color":"ffffff32"},{"time":1.5,"color":"ffffffff","curve":"stepped"},{"time":2.1666,"color":"ffffffff"},{"time":2.4,"color":"ffffff00"}]},"ef_graund_earth_purple4":{"attachment":[{"time":0.6,"name":"EF/ef_graund_earth_purple/ef_graund_earth_purple_00001"},{"time":1,"name":null},{"time":1.4,"name":"EF/ef_graund_earth_purple/ef_graund_earth_purple_00001"},{"time":2.4,"name":null}],"color":[{"time":0.6,"color":"ffffff32"},{"time":0.6666,"color":"ffffffff","curve":"stepped"},{"time":0.9,"color":"ffffffff"},{"time":1,"color":"ffffff00","curve":"stepped"},{"time":1.4,"color":"ffffff32"},{"time":1.5,"color":"ffffffff","curve":"stepped"},{"time":2.1666,"color":"ffffffff"},{"time":2.4,"color":"ffffff00"}]},"ef_graund_earth_purple5":{"attachment":[{"time":1.4,"name":"EF/ef_graund_earth_purple/ef_graund_earth_purple_00001"},{"time":2.4,"name":null}],"color":[{"time":1.4,"color":"ffffff32"},{"time":1.5,"color":"ffffffff","curve":"stepped"},{"time":2.1666,"color":"ffffffff"},{"time":2.4,"color":"ffffff00"}]},"ef_graund_earth_purple6":{"attachment":[{"time":1.4,"name":"EF/ef_graund_earth_purple/ef_graund_earth_purple_00001"},{"time":2.4,"name":null}],"color":[{"time":1.4,"color":"ffffff32"},{"time":1.5,"color":"ffffffff","curve":"stepped"},{"time":2.1666,"color":"ffffffff"},{"time":2.4,"color":"ffffff00"}]},"ef_graund_earth_purple7":{"attachment":[{"time":1.4,"name":"EF/ef_graund_earth_purple/ef_graund_earth_purple_00001"},{"time":2.4,"name":null}],"color":[{"time":1.4,"color":"ffffff32"},{"time":1.5,"color":"ffffffff","curve":"stepped"},{"time":2.1666,"color":"ffffffff"},{"time":2.4,"color":"ffffff00"}]},"ef_graund_earth_purple8":{"attachment":[{"time":1.4,"name":"EF/ef_graund_earth_purple/ef_graund_earth_purple_00001"},{"time":2.4,"name":null}],"color":[{"time":1.4,"color":"ffffff32"},{"time":1.5,"color":"ffffffff","curve":"stepped"},{"time":2.1666,"color":"ffffffff"},{"time":2.4,"color":"ffffff00"}]},"ef_graund_earth_purple9":{"attachment":[{"time":1.4,"name":"EF/ef_graund_earth_purple/ef_graund_earth_purple_00001"},{"time":2.4,"name":null}],"color":[{"time":1.4,"color":"ffffff32"},{"time":1.5,"color":"ffffffff","curve":"stepped"},{"time":2.1666,"color":"ffffffff"},{"time":2.4,"color":"ffffff00"}]},"ef_graund_earth_purple10":{"attachment":[{"time":1.4,"name":"EF/ef_graund_earth_purple/ef_graund_earth_purple_00001"},{"time":2.4,"name":null}],"color":[{"time":1.4,"color":"ffffff32"},{"time":1.5,"color":"ffffffff","curve":"stepped"},{"time":2.1666,"color":"ffffffff"},{"time":2.4,"color":"ffffff00"}]},"ef_graund_earth_purple11":{"attachment":[{"time":1.4,"name":"EF/ef_graund_earth_purple/ef_graund_earth_purple_00001"},{"time":2.1666,"name":"EF/ef_graund_earth_purple/ef_graund_earth_purple_00001"},{"time":2.4,"name":null}],"color":[{"time":1.4,"color":"ffffff32"},{"time":1.5,"color":"ffffffff","curve":"stepped"},{"time":2.1666,"color":"ffffffff"},{"time":2.4,"color":"ffffff00"}]},"ef_graund_earth_purple12":{"attachment":[{"time":1.4,"name":"EF/ef_graund_earth_purple/ef_graund_earth_purple_00001"},{"time":2.1666,"name":"EF/ef_graund_earth_purple/ef_graund_earth_purple_00001"},{"time":2.4,"name":null}],"color":[{"time":1.4,"color":"ffffff32"},{"time":1.5,"color":"ffffffff","curve":"stepped"},{"time":2.1666,"color":"ffffffff"},{"time":2.4,"color":"ffffff00"}]},"ef_graund_earth_purple13":{"attachment":[{"time":1.4,"name":"EF/ef_graund_earth_purple/ef_graund_earth_purple_00001"},{"time":2.4,"name":null}],"color":[{"time":1.4,"color":"ffffff32"},{"time":1.5,"color":"ffffffff","curve":"stepped"},{"time":2.1666,"color":"ffffffff"},{"time":2.4,"color":"ffffff00"}]},"ef_graund_shock_main":{"attachment":[{"time":1.4,"name":"EF/ef_graund_shock_main/ef_graund_shock_main_00002"},{"time":1.4333,"name":"EF/ef_graund_shock_main/ef_graund_shock_main_00003"},{"time":1.4666,"name":"EF/ef_graund_shock_main/ef_graund_shock_main_00004"},{"time":1.5,"name":"EF/ef_graund_shock_main/ef_graund_shock_main_00005"},{"time":1.5333,"name":"EF/ef_graund_shock_main/ef_graund_shock_main_00006"},{"time":1.5666,"name":"EF/ef_graund_shock_main/ef_graund_shock_main_00007"},{"time":1.6,"name":"EF/ef_graund_shock_main/ef_graund_shock_main_00008"},{"time":1.6333,"name":"EF/ef_graund_shock_main/ef_graund_shock_main_00009"},{"time":1.6666,"name":"EF/ef_graund_shock_main/ef_graund_shock_main_00010"},{"time":1.7,"name":null},{"time":1.8666,"name":"EF/ef_graund_shock_main/ef_graund_shock_main_00002"},{"time":1.9,"name":"EF/ef_graund_shock_main/ef_graund_shock_main_00003"},{"time":1.9333,"name":"EF/ef_graund_shock_main/ef_graund_shock_main_00004"},{"time":1.9666,"name":"EF/ef_graund_shock_main/ef_graund_shock_main_00005"},{"time":2,"name":"EF/ef_graund_shock_main/ef_graund_shock_main_00006"},{"time":2.0333,"name":"EF/ef_graund_shock_main/ef_graund_shock_main_00007"},{"time":2.0666,"name":"EF/ef_graund_shock_main/ef_graund_shock_main_00008"},{"time":2.1,"name":"EF/ef_graund_shock_main/ef_graund_shock_main_00009"},{"time":2.1333,"name":"EF/ef_graund_shock_main/ef_graund_shock_main_00010"},{"time":2.1666,"name":null}]},"ef_graund_shock_main2":{"attachment":[{"time":1.6333,"name":"EF/ef_graund_shock_main/ef_graund_shock_main_00002"},{"time":1.6666,"name":"EF/ef_graund_shock_main/ef_graund_shock_main_00003"},{"time":1.7,"name":"EF/ef_graund_shock_main/ef_graund_shock_main_00004"},{"time":1.7333,"name":"EF/ef_graund_shock_main/ef_graund_shock_main_00005"},{"time":1.7666,"name":"EF/ef_graund_shock_main/ef_graund_shock_main_00006"},{"time":1.8,"name":"EF/ef_graund_shock_main/ef_graund_shock_main_00007"},{"time":1.8333,"name":"EF/ef_graund_shock_main/ef_graund_shock_main_00008"},{"time":1.8666,"name":"EF/ef_graund_shock_main/ef_graund_shock_main_00009"},{"time":1.9,"name":"EF/ef_graund_shock_main/ef_graund_shock_main_00010"},{"time":1.9333,"name":null}]},"ef_graund_wave_main":{"attachment":[{"time":0.1666,"name":"EF/ef_graund_wave_main/ef_graund_wave_main_00002"},{"time":0.2,"name":"EF/ef_graund_wave_main/ef_graund_wave_main_00003"},{"time":0.2333,"name":"EF/ef_graund_wave_main/ef_graund_wave_main_00004"},{"time":0.2666,"name":"EF/ef_graund_wave_main/ef_graund_wave_main_00005"},{"time":0.3,"name":"EF/ef_graund_wave_main/ef_graund_wave_main_00006"},{"time":0.3333,"name":"EF/ef_graund_wave_main/ef_graund_wave_main_00007"},{"time":0.3666,"name":"EF/ef_graund_wave_main/ef_graund_wave_main_00008"},{"time":0.4,"name":"EF/ef_graund_wave_main/ef_graund_wave_main_00009"},{"time":0.4333,"name":"EF/ef_graund_wave_main/ef_graund_wave_main_00010"},{"time":0.4666,"name":"EF/ef_graund_wave_main/ef_graund_wave_main_00011"},{"time":0.5,"name":"EF/ef_graund_wave_main/ef_graund_wave_main_00012"},{"time":0.5333,"name":"EF/ef_graund_wave_main/ef_graund_wave_main_00013"},{"time":0.5666,"name":"EF/ef_graund_wave_main/ef_graund_wave_main_00014"},{"time":0.6,"name":null},{"time":1.0333,"name":"EF/ef_graund_wave_main/ef_graund_wave_main_00002"},{"time":1.0666,"name":"EF/ef_graund_wave_main/ef_graund_wave_main_00004"},{"time":1.1,"name":"EF/ef_graund_wave_main/ef_graund_wave_main_00006"},{"time":1.1333,"name":"EF/ef_graund_wave_main/ef_graund_wave_main_00008"},{"time":1.1666,"name":"EF/ef_graund_wave_main/ef_graund_wave_main_00010"},{"time":1.2,"name":"EF/ef_graund_wave_main/ef_graund_wave_main_00012"},{"time":1.2333,"name":"EF/ef_graund_wave_main/ef_graund_wave_main_00014"},{"time":1.2666,"name":null}]},"ef_graund_wave_main2":{"attachment":[{"time":0.6,"name":"EF/ef_graund_wave_main/ef_graund_wave_main_00002"},{"time":0.6333,"name":"EF/ef_graund_wave_main/ef_graund_wave_main_00003"},{"time":0.6666,"name":"EF/ef_graund_wave_main/ef_graund_wave_main_00004"},{"time":0.7,"name":"EF/ef_graund_wave_main/ef_graund_wave_main_00005"},{"time":0.7333,"name":"EF/ef_graund_wave_main/ef_graund_wave_main_00006"},{"time":0.7666,"name":"EF/ef_graund_wave_main/ef_graund_wave_main_00007"},{"time":0.8,"name":"EF/ef_graund_wave_main/ef_graund_wave_main_00008"},{"time":0.8333,"name":"EF/ef_graund_wave_main/ef_graund_wave_main_00009"},{"time":0.8666,"name":"EF/ef_graund_wave_main/ef_graund_wave_main_00010"},{"time":0.9,"name":"EF/ef_graund_wave_main/ef_graund_wave_main_00011"},{"time":0.9333,"name":"EF/ef_graund_wave_main/ef_graund_wave_main_00012"},{"time":0.9666,"name":"EF/ef_graund_wave_main/ef_graund_wave_main_00013"},{"time":1,"name":"EF/ef_graund_wave_main/ef_graund_wave_main_00014"},{"time":1.0333,"name":null},{"time":1.1,"name":"EF/ef_graund_wave_main/ef_graund_wave_main_00002"},{"time":1.1333,"name":"EF/ef_graund_wave_main/ef_graund_wave_main_00004"},{"time":1.1666,"name":"EF/ef_graund_wave_main/ef_graund_wave_main_00006"},{"time":1.2,"name":"EF/ef_graund_wave_main/ef_graund_wave_main_00008"},{"time":1.2333,"name":"EF/ef_graund_wave_main/ef_graund_wave_main_00010"},{"time":1.2666,"name":"EF/ef_graund_wave_main/ef_graund_wave_main_00012"},{"time":1.3,"name":"EF/ef_graund_wave_main/ef_graund_wave_main_00014"},{"time":1.3333,"name":null}]},"ef_tuti_main":{"attachment":[{"time":0.6,"name":"EF/ef_tuti_main/ef_tuti_main_00002"},{"time":0.6333,"name":"EF/ef_tuti_main/ef_tuti_main_00003"},{"time":0.6666,"name":"EF/ef_tuti_main/ef_tuti_main_00004"},{"time":0.7,"name":"EF/ef_tuti_main/ef_tuti_main_00005"},{"time":0.7333,"name":"EF/ef_tuti_main/ef_tuti_main_00006"},{"time":0.7666,"name":"EF/ef_tuti_main/ef_tuti_main_00007"},{"time":0.8,"name":"EF/ef_tuti_main/ef_tuti_main_00008"},{"time":0.8333,"name":"EF/ef_tuti_main/ef_tuti_main_00009"},{"time":0.8666,"name":"EF/ef_tuti_main/ef_tuti_main_00010"},{"time":0.9,"name":"EF/ef_tuti_main/ef_tuti_main_00011"},{"time":0.9333,"name":"EF/ef_tuti_main/ef_tuti_main_00012"},{"time":0.9666,"name":"EF/ef_tuti_main/ef_tuti_main_00013"},{"time":1,"name":"EF/ef_tuti_main/ef_tuti_main_00014"},{"time":1.0333,"name":"EF/ef_tuti_main/ef_tuti_main_00015"},{"time":1.0666,"name":"EF/ef_tuti_main/ef_tuti_main_00016"},{"time":1.1,"name":"EF/ef_tuti_main/ef_tuti_main_00017"},{"time":1.1333,"name":"EF/ef_tuti_main/ef_tuti_main_00018"},{"time":1.1666,"name":null},{"time":1.4,"name":"EF/ef_tuti_main/ef_tuti_main_00002"},{"time":1.4333,"name":"EF/ef_tuti_main/ef_tuti_main_00003"},{"time":1.4666,"name":"EF/ef_tuti_main/ef_tuti_main_00004"},{"time":1.5,"name":"EF/ef_tuti_main/ef_tuti_main_00005"},{"time":1.5333,"name":"EF/ef_tuti_main/ef_tuti_main_00006"},{"time":1.5666,"name":"EF/ef_tuti_main/ef_tuti_main_00007"},{"time":1.6,"name":"EF/ef_tuti_main/ef_tuti_main_00008"},{"time":1.6333,"name":"EF/ef_tuti_main/ef_tuti_main_00009"},{"time":1.6666,"name":"EF/ef_tuti_main/ef_tuti_main_00010"},{"time":1.7,"name":"EF/ef_tuti_main/ef_tuti_main_00011"},{"time":1.7333,"name":"EF/ef_tuti_main/ef_tuti_main_00012"},{"time":1.7666,"name":"EF/ef_tuti_main/ef_tuti_main_00013"},{"time":1.8,"name":"EF/ef_tuti_main/ef_tuti_main_00014"},{"time":1.8333,"name":"EF/ef_tuti_main/ef_tuti_main_00015"},{"time":1.8666,"name":"EF/ef_tuti_main/ef_tuti_main_00016"},{"time":1.9,"name":"EF/ef_tuti_main/ef_tuti_main_00017"},{"time":1.9333,"name":"EF/ef_tuti_main/ef_tuti_main_00018"},{"time":1.9666,"name":null}]},"ef_tuti_main2":{"attachment":[{"time":1.9,"name":"EF/ef_tuti_main/ef_tuti_main_00002"},{"time":1.9333,"name":"EF/ef_tuti_main/ef_tuti_main_00003"},{"time":1.9666,"name":"EF/ef_tuti_main/ef_tuti_main_00004"},{"time":2,"name":"EF/ef_tuti_main/ef_tuti_main_00005"},{"time":2.0333,"name":"EF/ef_tuti_main/ef_tuti_main_00006"},{"time":2.0666,"name":"EF/ef_tuti_main/ef_tuti_main_00007"},{"time":2.1,"name":"EF/ef_tuti_main/ef_tuti_main_00008"},{"time":2.1333,"name":"EF/ef_tuti_main/ef_tuti_main_00009"},{"time":2.1666,"name":"EF/ef_tuti_main/ef_tuti_main_00010"},{"time":2.2,"name":"EF/ef_tuti_main/ef_tuti_main_00011"},{"time":2.2333,"name":"EF/ef_tuti_main/ef_tuti_main_00012"},{"time":2.2666,"name":"EF/ef_tuti_main/ef_tuti_main_00013"},{"time":2.3,"name":"EF/ef_tuti_main/ef_tuti_main_00014"},{"time":2.3333,"name":"EF/ef_tuti_main/ef_tuti_main_00015"},{"time":2.3666,"name":"EF/ef_tuti_main/ef_tuti_main_00016"},{"time":2.4,"name":"EF/ef_tuti_main/ef_tuti_main_00017"},{"time":2.4333,"name":"EF/ef_tuti_main/ef_tuti_main_00018"},{"time":2.4666,"name":null}]}},"bones":{"MAIN":{"translate":[{"time":0,"x":0,"y":0},{"time":0.0333,"x":-3.87,"y":0,"curve":"stepped"},{"time":0.1333,"x":-3.87,"y":0},{"time":0.1666,"x":6.06,"y":0,"curve":[0.166,0.79,0.004,0.99]},{"time":0.3666,"x":0,"y":0,"curve":"stepped"},{"time":0.5666,"x":0,"y":0,"curve":[0.031,0.89,0.143,0.96]},{"time":0.8,"x":-70,"y":0,"curve":"stepped"},{"time":1.0333,"x":-84.78,"y":9.93},{"time":1.2,"x":-126.31,"y":240,"curve":"stepped"},{"time":1.3333,"x":-151.97,"y":0,"curve":"stepped"},{"time":1.4,"x":-151.97,"y":-3.37},{"time":1.4333,"x":-151.97,"y":0,"curve":"stepped"},{"time":2.4666,"x":-112.3,"y":0,"curve":"stepped"},{"time":2.6,"x":-128.7,"y":0}]},"ef_dash_main":{"translate":[{"time":0.1666,"x":-657.82,"y":-394.44,"curve":"stepped"},{"time":1.0333,"x":-768.07,"y":-394.44}],"scale":[{"time":0.1666,"x":1.25,"y":1.25,"curve":"stepped"},{"time":1.0333,"x":1,"y":1}]},"ef_dash_main2":{"translate":[{"time":0.6,"x":-739.89,"y":-396.89}],"scale":[{"time":0.6,"x":1.25,"y":1.25}]},"ef_graund_wave_main":{"translate":[{"time":0.1666,"x":-697.02,"y":-300,"curve":"stepped"},{"time":1.0333,"x":-746,"y":-300}]},"ef_graund_wave_main2":{"translate":[{"time":0.6,"x":-758.27,"y":-300,"curve":"stepped"},{"time":1.1,"x":-746,"y":-300}]},"ef_graund_earth_main":{"translate":[{"time":1.3333,"x":-1156.71,"y":-600.39}],"scale":[{"time":1.3333,"x":2,"y":2}]},"ef_graund_shock_main":{"translate":[{"time":1.4,"x":-1156.03,"y":-400}],"scale":[{"time":1.4,"x":3.49,"y":3.49}]},"ef_tuti_main":{"translate":[{"time":0.6,"x":-965.57,"y":-291.51,"curve":"stepped"},{"time":1.4,"x":-1055.68,"y":-299.71}],"scale":[{"time":0.6,"x":1.5,"y":2.015},{"time":1.1666,"x":2.5,"y":3,"curve":"stepped"},{"time":1.4,"x":4.5,"y":4.5},{"time":1.9666,"x":6,"y":6}]},"ef_aura_circle_main_a":{"translate":[{"time":1.4,"x":-952.65,"y":-499.07}],"scale":[{"time":1.4,"x":7.5,"y":7.5,"curve":"stepped"},{"time":2.2333,"x":7.5,"y":7.5},{"time":2.4333,"x":8,"y":7.5}]},"ef_aura_circle_main_b":{"translate":[{"time":1.6,"x":-953.44,"y":-600}],"scale":[{"time":1.6,"x":2,"y":2}]},"ef_graund_shock_main2":{"translate":[{"time":1.6333,"x":-1156.03,"y":-400}],"scale":[{"time":1.6333,"x":3.49,"y":3.49}]},"ef_tuti_main2":{"translate":[{"time":1.9,"x":-1055.68,"y":-299.71}],"scale":[{"time":1.9,"x":4.5,"y":4.5},{"time":2.4666,"x":6,"y":6}]},"ef_graund_earth_purple":{"rotate":[{"time":1.4,"angle":-0.07}],"translate":[{"time":0.6,"x":-1130.68,"y":-497.73,"curve":"stepped"},{"time":1.4,"x":-1367.95,"y":-485.15}],"scale":[{"time":0.6,"x":0.805,"y":0.805,"curve":"stepped"},{"time":1.4,"x":0.805,"y":0.805}]},"ef_graund_earth_purple2":{"rotate":[{"time":1.4,"angle":-5.4}],"translate":[{"time":0.6,"x":-1067.61,"y":-510.92,"curve":"stepped"},{"time":1.4,"x":-1330.68,"y":-510.35}]},"ef_graund_earth_purple3":{"rotate":[{"time":0.6,"angle":176.91,"curve":"stepped"},{"time":1.4,"angle":-175.65}],"translate":[{"time":0.6,"x":-992.97,"y":-504.67,"curve":"stepped"},{"time":1.4,"x":-1299.8,"y":-465.91}],"scale":[{"time":0.6,"x":0.644,"y":0.644,"curve":"stepped"},{"time":1.4,"x":0.644,"y":0.644}]},"ef_graund_earth_purple4":{"rotate":[{"time":0.6,"angle":-179.82,"curve":"stepped"},{"time":1.4,"angle":1.24}],"translate":[{"time":0.6,"x":-1065.48,"y":-492,"curve":"stepped"},{"time":1.4,"x":-1216.21,"y":-524.49}],"scale":[{"time":0.6,"x":-0.678,"y":0.823,"curve":"stepped"},{"time":1.4,"x":-0.79,"y":0.945}]},"ef_graund_earth_purple5":{"rotate":[{"time":1.4,"angle":179.81}],"translate":[{"time":1.4,"x":-1213.76,"y":-506.75}],"scale":[{"time":1.4,"x":-0.982,"y":0.837}]},"ef_graund_earth_purple6":{"rotate":[{"time":1.4,"angle":178.32}],"translate":[{"time":1.4,"x":-1061.62,"y":-467.1}],"scale":[{"time":1.4,"x":-0.678,"y":0.823}]},"ef_graund_earth_purple7":{"rotate":[{"time":1.4,"angle":-0.47}],"translate":[{"time":1.4,"x":-977.68,"y":-471.67}],"scale":[{"time":1.4,"x":-0.551,"y":1.169}]},"ef_graund_earth_purple8":{"rotate":[{"time":1.4,"angle":6.09}],"translate":[{"time":1.4,"x":-1055.62,"y":-521.64}],"scale":[{"time":1.4,"x":-0.974,"y":0.85}]},"ef_graund_earth_purple9":{"rotate":[{"time":1.4,"angle":-178.39}],"translate":[{"time":1.4,"x":-1182.74,"y":-461.21}],"scale":[{"time":1.4,"x":-0.678,"y":0.823}]},"ef_graund_earth_purple10":{"rotate":[{"time":1.4,"angle":-178.7}],"translate":[{"time":1.4,"x":-1054.31,"y":-494.33}],"scale":[{"time":1.4,"x":0.751,"y":0.751}]},"ef_graund_earth_purple11":{"rotate":[{"time":1.4,"angle":-0.89}],"translate":[{"time":1.4,"x":-1195.72,"y":-476.04}],"scale":[{"time":1.4,"x":0.993,"y":0.754}]},"ef_graund_earth_purple12":{"rotate":[{"time":1.4,"angle":3.68}],"translate":[{"time":1.4,"x":-1095.62,"y":-511.14}],"scale":[{"time":1.4,"x":0.64,"y":0.485}]},"ef_graund_earth_purple13":{"rotate":[{"time":1.4,"angle":1.02}],"translate":[{"time":1.4,"x":-1197.18,"y":-497.35}],"scale":[{"time":1.4,"x":0.571,"y":0.504}]},"DAMAGEAREA":{"translate":[{"time":0.1666,"x":-211.82,"y":64.01},{"time":0.2333,"x":-230.87,"y":64.01,"curve":"stepped"},{"time":0.6,"x":-211.95,"y":209.05},{"time":0.7,"x":-227.71,"y":240.58,"curve":"stepped"},{"time":1.4333,"x":-262.4,"y":98.69}],"scale":[{"time":0.1666,"x":3.444,"y":1.206,"curve":"stepped"},{"time":0.6,"x":3.217,"y":3.754,"curve":"stepped"},{"time":1.4333,"x":5.265,"y":2.683}]}},"events":[{"time":0,"name":"Event","string":"setHitEffect(hit05e,1)"},{"time":0,"name":"Sound3","string":"setHitSound(se_battle_hard_hit)"},{"time":0,"name":"Voice","string":"cri_723_voice_fullarts_now"},{"time":0.0666,"name":"Event","string":"kHitStopType_normal"},{"time":0.1,"name":"Sound2","string":"cri_se_battle_037_explosion_element_05"},{"time":0.1666,"name":"Event","string":"setHitStopTime(0.14,0.3)"},{"time":0.1666,"name":"Event2","float":1.5,"string":"shakeGround"},{"time":0.1666,"name":"Sound1","string":"cri_se_battle_skill_shot"},{"time":0.1666,"name":"Sound3","string":"cri_se_battle_016_boss_ko"},{"time":0.5333,"name":"Sound2","string":"cri_se_battle_037_explosion_element_05"},{"time":0.6,"name":"Event2","float":1.5,"string":"shakeGround"},{"time":0.6,"name":"Hit"},{"time":0.6,"name":"Sound1","string":"cri_se_battle_skill_shot"},{"time":0.6,"name":"Sound3","string":"cri_se_battle_016_boss_ko"},{"time":1.0333,"name":"Sound1","string":"cri_se_battle_jump"},{"time":1.1666,"name":"Sound3","string":"setHitSound(se_battle_007_attack_hit_01)"},{"time":1.3,"name":"Voice","string":"cri_723_voice_fullarts_rank5"},{"time":1.3333,"name":"Sound1","string":"cri_se_battle_skill_swish"},{"time":1.3333,"name":"Sound2","string":"cri_se_battle_monster_hit"},{"time":1.3333,"name":"Sound3","string":"cri_se_battle_darkness_explosion"},{"time":1.4333,"name":"Event","string":"setHitStopTime(0.12,0.3)"},{"time":1.4333,"name":"Event2","float":2.5,"string":"shakeGround"},{"time":1.4333,"name":"Hit"},{"time":1.5,"name":"Event","string":"setHitStopTime(0,0.3)"},{"time":1.5,"name":"Hit"},{"time":1.6,"name":"Event2","float":2,"string":"shakeGround"},{"time":1.6,"name":"Hit"},{"time":1.7,"name":"Hit"},{"time":1.8,"name":"Event","string":"setHitStopTime(0.1,0.3)"},{"time":1.8,"name":"Event2","float":2.3,"string":"shakeGround"},{"time":1.8,"name":"Hit"},{"time":1.9,"name":"Event","string":"setHitStopTime(0,0.3)"},{"time":1.9,"name":"Hit"},{"time":2,"name":"Event2","float":2,"string":"shakeGround"},{"time":2,"name":"Hit"},{"time":2.1,"name":"Hit"}]}}}