{"skeleton":{"hash":"mB1d4Al7oVemEJbEgalzYCsc0Vo","spine":"3.0.12","width":0,"height":0},"bones":[{"name":"root"},{"name":"MAIN","parent":"root","y":62.4}],"slots":[{"name":"MAIN","bone":"MAIN","attachment":"idle_00"}],"skins":{"default":{"MAIN":{"idle_00":{"x":-0.01,"y":10.02,"width":400,"height":400},"idle_01":{"x":-0.01,"y":10.02,"width":400,"height":400},"idle_02":{"x":-0.01,"y":10.02,"width":400,"height":400},"idle_03":{"x":-0.01,"y":10.02,"width":400,"height":400}}}},"events":{"Event":{},"hit":{}},"animations":{"idle":{"slots":{"MAIN":{"attachment":[{"time":0,"name":"idle_00"},{"time":0.2666,"name":"idle_01"},{"time":0.5,"name":"idle_02"},{"time":0.7666,"name":"idle_03"},{"time":1,"name":"idle_00"}]}}}}}