{"skeleton":{"hash":"2eU1Rjr8hQaciFr/keW6KGkGy0A","spine":"3.0.12","width":0,"height":0},"bones":[{"name":"root"},{"name":"MAIN","parent":"root","y":45},{"name":"SHADOW-OFFSET","parent":"MAIN"},{"name":"HITBOX","parent":"MAIN","y":-0.74,"scaleX":0.448,"scaleY":0.942},{"name":"EF","parent":"MAIN","x":288.37,"y":141.79},{"name":"EF_flareback1_1","parent":"root","x":200,"y":100},{"name":"EF/wave_ground/370_S1_wave1_3","parent":"root","x":444.76,"y":322.78},{"name":"EF/wave_ground/370_S1_wave1_2","parent":"root","x":444.76,"y":322.78},{"name":"EF/wave_ground/370_S1_wave1_00002","parent":"root","x":444.76,"y":322.78},{"name":"EF/shock_dash/370_S1_dash1_00000","parent":"root","x":400.06,"y":186.99},{"name":"DAMAGEAREA","parent":"root","y":45}],"slots":[{"name":"Grit/bg","bone":"root","color":"6b6b6bff"},{"name":"Grit/grid","bone":"root"},{"name":"EF/wave_ground/370_S1_wave1_00002","bone":"EF/wave_ground/370_S1_wave1_00002","blend":"additive"},{"name":"EF/wave_ground/370_S1_wave1_3","bone":"EF/wave_ground/370_S1_wave1_3","blend":"additive"},{"name":"EF/wave_ground/370_S1_wave1_2","bone":"EF/wave_ground/370_S1_wave1_2","blend":"additive"},{"name":"EF/shock_dash/370_S1_dash1_00000","bone":"EF/shock_dash/370_S1_dash1_00000","blend":"additive"},{"name":"EF_flareback1_1","bone":"EF_flareback1_1","blend":"additive"},{"name":"MAIN","bone":"MAIN","attachment":"idle_00"},{"name":"HITBOX","bone":"HITBOX","attachment":"HITBOX"},{"name":"DAMAGEAREA","bone":"DAMAGEAREA"}],"skins":{"default":{"DAMAGEAREA":{"DAMAGEAREA":{"type":"boundingbox","vertices":[-63.82303,-66.1472,63.04967,-66.1472,64.04867,64.38847,-63.49002,62.05747]}},"EF/shock_dash/370_S1_dash1_00000":{"EF/shock_dash/370_S1_dash1_00000":{"x":28.3,"y":32.03,"width":250,"height":250},"EF/shock_dash/370_S1_dash1_00001":{"x":28.3,"y":32.03,"width":250,"height":250},"EF/shock_dash/370_S1_dash1_00002":{"x":28.3,"y":32.03,"width":250,"height":250},"EF/shock_dash/370_S1_dash1_00003":{"x":28.3,"y":32.03,"width":250,"height":250},"EF/shock_dash/370_S1_dash1_00004":{"x":28.3,"y":32.03,"width":250,"height":250},"EF/shock_dash/370_S1_dash1_00005":{"x":28.3,"y":32.03,"width":250,"height":250},"EF/shock_dash/370_S1_dash1_00006":{"x":28.3,"y":32.03,"width":250,"height":250},"EF/shock_dash/370_S1_dash1_00007":{"x":28.3,"y":32.03,"width":250,"height":250},"EF/shock_dash/370_S1_dash1_00008":{"x":28.3,"y":32.03,"width":250,"height":250},"EF/shock_dash/370_S1_dash1_00009":{"x":28.3,"y":32.03,"width":250,"height":250}},"EF/wave_ground/370_S1_wave1_00002":{"EF/wave_ground/370_S1_wave1_00002":{"y":10.22,"width":250,"height":250},"EF/wave_ground/370_S1_wave1_00003":{"y":10.22,"width":250,"height":250},"EF/wave_ground/370_S1_wave1_00004":{"y":10.22,"width":250,"height":250},"EF/wave_ground/370_S1_wave1_00005":{"y":10.22,"width":250,"height":250},"EF/wave_ground/370_S1_wave1_00006":{"y":10.22,"width":250,"height":250},"EF/wave_ground/370_S1_wave1_00007":{"y":10.22,"width":250,"height":250},"EF/wave_ground/370_S1_wave1_00008":{"y":10.22,"width":250,"height":250},"EF/wave_ground/370_S1_wave1_00009":{"y":10.22,"width":250,"height":250}},"EF/wave_ground/370_S1_wave1_2":{"EF/wave_ground/370_S1_wave1_00002":{"y":10.22,"width":250,"height":250},"EF/wave_ground/370_S1_wave1_00003":{"y":10.22,"width":250,"height":250},"EF/wave_ground/370_S1_wave1_00004":{"y":10.22,"width":250,"height":250},"EF/wave_ground/370_S1_wave1_00005":{"y":10.22,"width":250,"height":250},"EF/wave_ground/370_S1_wave1_00006":{"y":10.22,"width":250,"height":250},"EF/wave_ground/370_S1_wave1_00007":{"y":10.22,"width":250,"height":250},"EF/wave_ground/370_S1_wave1_00008":{"y":10.22,"width":250,"height":250},"EF/wave_ground/370_S1_wave1_00009":{"y":10.22,"width":250,"height":250}},"EF/wave_ground/370_S1_wave1_3":{"EF/wave_ground/370_S1_wave1_00002":{"y":10.22,"width":250,"height":250},"EF/wave_ground/370_S1_wave1_00003":{"y":10.22,"width":250,"height":250},"EF/wave_ground/370_S1_wave1_00004":{"y":10.22,"width":250,"height":250},"EF/wave_ground/370_S1_wave1_00005":{"y":10.22,"width":250,"height":250},"EF/wave_ground/370_S1_wave1_00006":{"y":10.22,"width":250,"height":250},"EF/wave_ground/370_S1_wave1_00007":{"y":10.22,"width":250,"height":250},"EF/wave_ground/370_S1_wave1_00008":{"y":10.22,"width":250,"height":250},"EF/wave_ground/370_S1_wave1_00009":{"y":10.22,"width":250,"height":250}},"EF_flareback1_1":{"EF/ef_flare_back_main_00004":{"width":100,"height":100}},"HITBOX":{"HITBOX":{"type":"boundingbox","vertices":[-64.50764,-64.62549,64.04907,-64.30649,62.45407,64.56921,-63.55063,62.9742]}},"MAIN":{"attack1_00":{"x":-0.06,"y":65.61,"width":400,"height":400},"attack1_01":{"x":-0.06,"y":65.61,"width":400,"height":400},"attack1_02":{"x":-0.06,"y":65.61,"width":400,"height":400},"attack1_03":{"x":-0.06,"y":65.61,"width":400,"height":400},"attack1_04":{"x":-0.06,"y":65.61,"width":400,"height":400},"attack1_05":{"x":-0.06,"y":65.61,"width":400,"height":400},"attack1_06":{"x":-0.06,"y":65.61,"width":400,"height":400},"attack1_08":{"x":-0.06,"y":65.61,"width":400,"height":400},"attack1_09":{"x":-0.06,"y":65.61,"width":400,"height":400},"back_00":{"x":-0.06,"y":65.61,"width":400,"height":400},"damage_00":{"x":-0.06,"y":65.61,"width":400,"height":400},"front_00":{"x":-0.06,"y":65.61,"width":400,"height":400},"idle_00":{"x":-0.06,"y":65.61,"width":400,"height":400},"idle_01":{"x":-0.06,"y":65.61,"width":400,"height":400},"idle_02":{"x":-0.06,"y":65.61,"width":400,"height":400},"idle_03":{"x":-0.06,"y":65.61,"width":400,"height":400},"idle_04":{"x":-0.06,"y":65.61,"width":400,"height":400},"skill1_00":{"x":-0.06,"y":65.61,"width":400,"height":400},"skill1_01":{"x":6.6,"y":61.51,"width":400,"height":400},"skill2_00":{"x":-0.06,"y":65.61,"width":400,"height":400},"skill2_01":{"x":-0.06,"y":65.61,"width":400,"height":400},"skill2_02":{"x":-0.06,"y":65.61,"width":400,"height":400},"skill2_03":{"x":-0.06,"y":65.61,"width":400,"height":400},"skill2_04":{"x":-0.06,"y":65.61,"width":400,"height":400},"skill2_05":{"x":-0.06,"y":65.61,"width":400,"height":400},"skill2_06":{"x":-0.06,"y":65.61,"width":400,"height":400},"skill2_07":{"x":-4.03,"y":58.12,"width":400,"height":400},"skill3_01":{"y":65.41,"width":400,"height":400},"skill3_02":{"y":65.41,"width":400,"height":400},"skill3_03":{"y":65.41,"width":400,"height":400},"skill3_04":{"y":65.41,"width":400,"height":400},"skill3_05":{"y":65.42,"width":400,"height":400},"skill3_06":{"y":64.79,"width":400,"height":400},"skill3_07":{"y":64.79,"width":400,"height":400}}}},"events":{"Event":{},"Hit":{},"Sound1":{},"Sound2":{},"Sound3":{},"Voice":{}},"animations":{"attack1":{"slots":{"DAMAGEAREA":{"attachment":[{"time":0.4,"name":"DAMAGEAREA"},{"time":0.4666,"name":null},{"time":0.7,"name":"DAMAGEAREA"},{"time":0.7666,"name":null},{"time":0.8333,"name":"DAMAGEAREA"},{"time":0.9,"name":null},{"time":1.2666,"name":"DAMAGEAREA"},{"time":1.3333,"name":null}]},"MAIN":{"attachment":[{"time":0,"name":"idle_00"},{"time":0.0666,"name":"attack1_00"},{"time":0.1666,"name":"attack1_01"},{"time":0.2333,"name":"attack1_02"},{"time":0.3,"name":"attack1_03"},{"time":0.4,"name":"attack1_04"},{"time":0.5,"name":"attack1_05"},{"time":0.6,"name":"attack1_02"},{"time":0.6666,"name":"attack1_03"},{"time":0.7,"name":"attack1_04"},{"time":0.7666,"name":"attack1_03"},{"time":0.8333,"name":"attack1_04"},{"time":0.8666,"name":"attack1_05"},{"time":0.9333,"name":"attack1_02"},{"time":1,"name":"attack1_03"},{"time":1.2666,"name":"attack1_04"},{"time":1.3333,"name":"attack1_08"},{"time":1.4666,"name":"attack1_09"},{"time":1.6,"name":"attack1_00"},{"time":1.6666,"name":"idle_00"}]}},"bones":{"MAIN":{"translate":[{"time":0,"x":0,"y":0,"curve":"stepped"},{"time":0.0666,"x":33.19,"y":0,"curve":"stepped"},{"time":0.1666,"x":76.82,"y":4.1,"curve":"stepped"},{"time":1,"x":76.82,"y":3.32,"curve":"stepped"},{"time":1.0333,"x":76.82,"y":4.1,"curve":"stepped"},{"time":1.0666,"x":76.82,"y":3.32,"curve":"stepped"},{"time":1.1,"x":76.82,"y":4.1,"curve":"stepped"},{"time":1.1333,"x":76.82,"y":3.32,"curve":"stepped"},{"time":1.1666,"x":76.82,"y":4.1,"curve":"stepped"},{"time":1.2,"x":76.82,"y":3.32,"curve":"stepped"},{"time":1.2333,"x":76.82,"y":4.1,"curve":"stepped"},{"time":1.6,"x":22.64,"y":-1.75,"curve":"stepped"},{"time":1.6666,"x":0,"y":0}]},"DAMAGEAREA":{"translate":[{"time":0,"x":-367.1,"y":7.95},{"time":0.4,"x":-48.5,"y":7.95},{"time":0.4333,"x":-367.1,"y":7.95,"curve":"stepped"},{"time":0.7,"x":-48.5,"y":7.95},{"time":0.7333,"x":-367.1,"y":7.95,"curve":"stepped"},{"time":0.8333,"x":-48.5,"y":7.95},{"time":0.8666,"x":-367.1,"y":7.95,"curve":"stepped"},{"time":1.2666,"x":-48.5,"y":7.95},{"time":1.3,"x":-367.1,"y":7.95}],"scale":[{"time":0,"x":7.982,"y":0.769},{"time":0.4,"x":2.439,"y":0.769},{"time":0.4333,"x":7.982,"y":0.769,"curve":"stepped"},{"time":0.7,"x":2.439,"y":0.769},{"time":0.7333,"x":7.982,"y":0.769,"curve":"stepped"},{"time":0.8333,"x":2.439,"y":0.769},{"time":0.8666,"x":7.982,"y":0.769,"curve":"stepped"},{"time":1.2666,"x":2.439,"y":0.769},{"time":1.3,"x":7.982,"y":0.769}]}},"events":[{"time":0,"name":"Event","float":0.1,"string":"kHitStopType_enemyonly"},{"time":0,"name":"Hit","string":"setHitEffect(hit05c, 0)"},{"time":0.3666,"name":"Sound1","string":"cri_se_battle_arrow"},{"time":0.4,"name":"Sound1","string":"setHitSound(se_battle_026_stab)"},{"time":0.4,"name":"Voice","string":"cri_119_voice_attack_random"},{"time":0.6666,"name":"Sound1","string":"cri_se_battle_arrow"},{"time":0.7,"name":"Hit","string":"resetHitList"},{"time":0.7,"name":"Sound1","string":"setHitSound(se_battle_026_stab)"},{"time":0.8,"name":"Sound1","string":"cri_se_battle_arrow"},{"time":0.8333,"name":"Hit","string":"resetHitList"},{"time":0.8333,"name":"Sound1","string":"setHitSound(se_battle_026_stab)"},{"time":1.1666,"name":"Voice","string":"cri_119_voice_attack_c"},{"time":1.2333,"name":"Sound1","string":"cri_se_battle_arrow"},{"time":1.2666,"name":"Hit","string":"resetHitList"},{"time":1.2666,"name":"Sound1","string":"setHitSound(se_battle_026_stab)"}]},"attack2":{"slots":{"DAMAGEAREA":{"attachment":[{"time":0.6,"name":"DAMAGEAREA"},{"time":0.6666,"name":null}]},"MAIN":{"attachment":[{"time":0,"name":"idle_00"},{"time":0.0333,"name":"skill1_00"},{"time":0.2333,"name":"attack1_01"},{"time":0.4333,"name":"attack1_02"},{"time":0.5333,"name":"attack1_03"},{"time":0.6,"name":"attack1_04"},{"time":0.7,"name":"attack1_05"},{"time":0.8333,"name":"attack1_06"},{"time":1.1666,"name":"idle_00"}]}},"bones":{"MAIN":{"translate":[{"time":0,"x":-0.06,"y":0,"curve":[0.307,0.34,0.641,0.67]},{"time":0.1,"x":87.58,"y":34.52,"curve":[0.409,0.16,0.677,0.83]},{"time":0.2,"x":137.91,"y":22.33},{"time":0.2333,"x":163.08,"y":-0.73,"curve":[0.229,0.45,0.624,0.79]},{"time":0.3,"x":163.82,"y":0,"curve":[0.229,0.45,0.624,0.79]},{"time":0.4,"x":195.21,"y":-0.75,"curve":[0.381,0.65,0.747,1]},{"time":0.5333,"x":202.62,"y":-1.24,"curve":"stepped"},{"time":0.5666,"x":202.62,"y":-1.24},{"time":0.6,"x":202.35,"y":-0.24}]},"DAMAGEAREA":{"translate":[{"time":0.6,"x":-48.5,"y":7.95},{"time":0.6333,"x":-367.1,"y":7.95}],"scale":[{"time":0.6,"x":2.439,"y":0.769},{"time":0.6333,"x":7.982,"y":0.769}]}},"events":[{"time":0,"name":"Event","float":0.1,"string":"kHitStopType_enemyonly"},{"time":0,"name":"Hit","string":"setHitEffect(hit05c, 0)"},{"time":0.0333,"name":"Event","string":"kImpactType_knock"},{"time":0.0333,"name":"Sound1","string":"cri_se_battle_jump"},{"time":0.5666,"name":"Sound1","string":"cri_se_battle_arrow"},{"time":0.5666,"name":"Voice","string":"cri_119_voice_attack_c"},{"time":0.6,"name":"Sound1","string":"setHitSound(se_battle_026_stab)"}]},"back":{"slots":{"MAIN":{"attachment":[{"time":0,"name":"back_00"},{"time":0.3333,"name":"idle_00"},{"time":0.5,"name":"idle_01"}]}},"bones":{"MAIN":{"translate":[{"time":0,"x":2.72,"y":0,"curve":[0.205,0.38,0.571,0.72]},{"time":0.1,"x":70.26,"y":16.99,"curve":[0.363,0.63,0.85,0.97]},{"time":0.3333,"x":129.93,"y":0},{"time":0.5,"x":139.93,"y":0}]}},"events":[{"time":0,"name":"Sound1","string":"cri_se_battle_jump"},{"time":0.3333,"name":"Sound1","string":"cri_se_battle_landing"}]},"cast":{"slots":{"MAIN":{"attachment":[{"time":0,"name":"idle_00"},{"time":0.0666,"name":"attack1_00"},{"time":0.1666,"name":"attack1_01"},{"time":0.2333,"name":"attack1_02"},{"time":0.3,"name":"attack1_03"},{"time":0.5,"name":"attack1_09"},{"time":0.6333,"name":"attack1_00"},{"time":0.7,"name":"idle_00"}]}},"bones":{"MAIN":{"translate":[{"time":0,"x":0,"y":0,"curve":"stepped"},{"time":0.0666,"x":33.19,"y":0,"curve":"stepped"},{"time":0.1666,"x":76.82,"y":4.1,"curve":"stepped"},{"time":0.6333,"x":22.64,"y":-1.75,"curve":"stepped"},{"time":0.7,"x":0,"y":0}]}},"events":[{"time":0.3,"name":"Voice","string":"cri_119_voice_item"}]},"damage":{"slots":{"MAIN":{"attachment":[{"time":0,"name":"damage_00"}]}}},"front":{"slots":{"MAIN":{"attachment":[{"time":0,"name":"front_00"}]}}},"idle":{"slots":{"MAIN":{"attachment":[{"time":0,"name":"idle_00"},{"time":0.1666,"name":"idle_01"},{"time":0.3333,"name":"idle_02"},{"time":0.5,"name":"idle_03"},{"time":0.6666,"name":"idle_04"},{"time":0.8333,"name":"idle_00"}]}}},"in":{"slots":{"MAIN":{"attachment":[{"time":0,"name":"idle_00"},{"time":0.1666,"name":"idle_01"},{"time":0.3333,"name":"idle_02"},{"time":0.5,"name":"idle_03"},{"time":0.6666,"name":"idle_04"},{"time":0.8333,"name":"idle_00"}],"color":[{"time":0,"color":"ffffff00"},{"time":0.1666,"color":"ffffffff"}]}},"events":[{"time":0,"name":"Event","string":"takeSummon2"}]},"skill1":{"slots":{"DAMAGEAREA":{"attachment":[{"time":1.3666,"name":"DAMAGEAREA"},{"time":1.7,"name":null}]},"EF/shock_dash/370_S1_dash1_00000":{"attachment":[{"time":1.3,"name":"EF/shock_dash/370_S1_dash1_00000"},{"time":1.3333,"name":"EF/shock_dash/370_S1_dash1_00001"},{"time":1.3666,"name":"EF/shock_dash/370_S1_dash1_00002"},{"time":1.4,"name":"EF/shock_dash/370_S1_dash1_00003"},{"time":1.4333,"name":"EF/shock_dash/370_S1_dash1_00004"},{"time":1.4666,"name":"EF/shock_dash/370_S1_dash1_00005"},{"time":1.5,"name":"EF/shock_dash/370_S1_dash1_00006"},{"time":1.5333,"name":"EF/shock_dash/370_S1_dash1_00007"},{"time":1.5666,"name":"EF/shock_dash/370_S1_dash1_00008"},{"time":1.6,"name":"EF/shock_dash/370_S1_dash1_00009"},{"time":1.6333,"name":null}]},"EF/wave_ground/370_S1_wave1_00002":{"attachment":[{"time":0.7666,"name":"EF/wave_ground/370_S1_wave1_00002"},{"time":0.8,"name":"EF/wave_ground/370_S1_wave1_00003"},{"time":0.8333,"name":"EF/wave_ground/370_S1_wave1_00004"},{"time":0.8666,"name":"EF/wave_ground/370_S1_wave1_00005"},{"time":0.9,"name":"EF/wave_ground/370_S1_wave1_00006"},{"time":0.9333,"name":"EF/wave_ground/370_S1_wave1_00007"},{"time":0.9666,"name":"EF/wave_ground/370_S1_wave1_00008"},{"time":1,"name":"EF/wave_ground/370_S1_wave1_00009"},{"time":1.0333,"name":"EF/wave_ground/370_S1_wave1_00009"},{"time":1.0666,"name":null},{"time":1.3,"name":"EF/wave_ground/370_S1_wave1_00002"},{"time":1.3333,"name":"EF/wave_ground/370_S1_wave1_00003"},{"time":1.3666,"name":"EF/wave_ground/370_S1_wave1_00004"},{"time":1.4,"name":"EF/wave_ground/370_S1_wave1_00005"},{"time":1.4333,"name":"EF/wave_ground/370_S1_wave1_00006"},{"time":1.4666,"name":"EF/wave_ground/370_S1_wave1_00007"},{"time":1.5,"name":"EF/wave_ground/370_S1_wave1_00008"},{"time":1.5333,"name":"EF/wave_ground/370_S1_wave1_00009"},{"time":1.6,"name":null}],"color":[{"time":0.7666,"color":"ffffffff","curve":"stepped"},{"time":0.9333,"color":"ffffffff"},{"time":1.0666,"color":"ffffff00","curve":"stepped"},{"time":1.3,"color":"ffffffff","curve":"stepped"},{"time":1.4666,"color":"ffffffff"},{"time":1.6,"color":"ffffff00"}]},"EF/wave_ground/370_S1_wave1_2":{"attachment":[{"time":0.9333,"name":"EF/wave_ground/370_S1_wave1_00002"},{"time":0.9666,"name":"EF/wave_ground/370_S1_wave1_00003"},{"time":1,"name":"EF/wave_ground/370_S1_wave1_00004"},{"time":1.0333,"name":"EF/wave_ground/370_S1_wave1_00005"},{"time":1.0666,"name":"EF/wave_ground/370_S1_wave1_00006"},{"time":1.1,"name":"EF/wave_ground/370_S1_wave1_00007"},{"time":1.1333,"name":"EF/wave_ground/370_S1_wave1_00008"},{"time":1.1666,"name":"EF/wave_ground/370_S1_wave1_00009"},{"time":1.2,"name":null},{"time":1.4333,"name":"EF/wave_ground/370_S1_wave1_00002"},{"time":1.4666,"name":"EF/wave_ground/370_S1_wave1_00003"},{"time":1.5,"name":"EF/wave_ground/370_S1_wave1_00004"},{"time":1.5333,"name":"EF/wave_ground/370_S1_wave1_00005"},{"time":1.5666,"name":"EF/wave_ground/370_S1_wave1_00007"},{"time":1.6,"name":"EF/wave_ground/370_S1_wave1_00008"},{"time":1.6333,"name":"EF/wave_ground/370_S1_wave1_00009"},{"time":1.7,"name":null}],"color":[{"time":0.9333,"color":"ffffffff","curve":"stepped"},{"time":1.0666,"color":"ffffffff"},{"time":1.2,"color":"ffffff00","curve":"stepped"},{"time":1.4333,"color":"ffffffff","curve":"stepped"},{"time":1.5666,"color":"ffffffff"},{"time":1.7,"color":"ffffff00"}]},"MAIN":{"attachment":[{"time":0,"name":"idle_00"},{"time":0.0333,"name":"skill1_00"},{"time":0.2333,"name":"skill1_01"},{"time":0.7333,"name":"attack1_01"},{"time":0.7666,"name":"attack1_02"},{"time":0.9333,"name":"attack1_03"},{"time":1.3333,"name":"attack1_04"},{"time":1.4333,"name":"attack1_05"},{"time":1.5666,"name":"attack1_06"},{"time":1.8333,"name":"idle_00"}]}},"bones":{"MAIN":{"translate":[{"time":0,"x":-0.06,"y":0,"curve":[0.307,0.34,0.641,0.67]},{"time":0.1,"x":87.58,"y":34.52,"curve":[0.249,0.72,0.78,0.78]},{"time":0.2333,"x":163.08,"y":-0.73,"curve":[0.229,0.45,0.624,0.79]},{"time":0.3,"x":163.82,"y":0,"curve":[0.229,0.45,0.624,0.79]},{"time":0.7333,"x":195.21,"y":-0.75,"curve":[0.381,0.65,0.747,1]},{"time":1.1,"x":202.62,"y":-1.24},{"time":1.1333,"x":202.35,"y":-0.24},{"time":1.1666,"x":202.62,"y":-1.24},{"time":1.2,"x":202.35,"y":-0.24},{"time":1.2333,"x":202.62,"y":-1.24},{"time":1.2666,"x":202.35,"y":-0.24},{"time":1.3,"x":202.62,"y":-1.24},{"time":1.3333,"x":202.35,"y":-0.24}]},"EF/wave_ground/370_S1_wave1_00002":{"translate":[{"time":0.7666,"x":-263.8,"y":-328.54,"curve":"stepped"},{"time":1.3,"x":-245.94,"y":-328.54}],"scale":[{"time":0.7666,"x":0.929,"y":0.929},{"time":0.8333,"x":3.146,"y":3.146},{"time":1.0333,"x":2.913,"y":2.913,"curve":"stepped"},{"time":1.3,"x":0.929,"y":0.929},{"time":1.3666,"x":3.146,"y":3.146},{"time":1.5666,"x":2.913,"y":2.913}]},"EF/wave_ground/370_S1_wave1_2":{"translate":[{"time":0.9333,"x":-259.2,"y":-328.54,"curve":"stepped"},{"time":1.4333,"x":-246.79,"y":-328.54}],"scale":[{"time":0.9333,"x":0.929,"y":0.929},{"time":1,"x":3.146,"y":3.146},{"time":1.2,"x":2.913,"y":2.913,"curve":"stepped"},{"time":1.4333,"x":0.929,"y":0.929},{"time":1.5,"x":3.146,"y":3.146},{"time":1.7,"x":2.913,"y":2.913}]},"EF/shock_dash/370_S1_dash1_00000":{"translate":[{"time":1.3,"x":-159.58,"y":-172.27}],"scale":[{"time":1.3,"x":3.412,"y":3.412}]},"DAMAGEAREA":{"translate":[{"time":1.3666,"x":155.93,"y":38.53},{"time":1.6666,"x":-1318.03,"y":38.53}],"scale":[{"time":1.3666,"x":4.326,"y":0.773}]}},"events":[{"time":0,"name":"Event","float":0.1,"string":"kHitStopType-normal"},{"time":0.0333,"name":"Event","string":"kImpactType_knock"},{"time":0.0333,"name":"Sound1","string":"cri_se_battle_jump"},{"time":0.2333,"name":"Sound1","string":"cri_se_battle_landing"},{"time":0.7666,"name":"Sound1","string":"cri_se_battle_charge"},{"time":0.7666,"name":"Voice","string":"cri_119_voice_skill_all"},{"time":1.2666,"name":"Event","string":"shakeGround"},{"time":1.2666,"name":"Sound1","string":"cri_se_battle_gun_burst"},{"time":1.2666,"name":"Sound2","string":"cri_se_battle_skill_swish"},{"time":1.3,"name":"Event","string":"setHitEffect(hit05c,1,2,0)"},{"time":1.3,"name":"Sound1","string":"setHitSound(se_battle_sword_heavy_hit)"},{"time":1.3333,"name":"Event","float":0.05,"string":"kHitStopType-normal"},{"time":1.4333,"name":"Hit","float":10,"string":"resetHitList"},{"time":1.4666,"name":"Hit","float":10,"string":"resetHitList"},{"time":1.5,"name":"Hit","float":10,"string":"resetHitList"}]},"skill2":{"slots":{"MAIN":{"attachment":[{"time":0,"name":"skill2_05"},{"time":0.0666,"name":"skill2_00"},{"time":0.1,"name":"skill2_01"},{"time":0.2333,"name":"skill2_02"},{"time":0.3,"name":"skill2_03"},{"time":0.4,"name":"skill2_04"},{"time":0.4666,"name":"skill2_05"},{"time":0.5333,"name":"skill2_06"},{"time":5.6666,"name":"skill2_07"},{"time":5.9,"name":"idle_00"},{"time":5.9666,"name":"skill2_00"},{"time":6.3,"name":"idle_00"},{"time":6.4333,"name":"idle_00"}],"color":[{"time":0.4666,"color":"ffffffff","curve":[0.427,0.2,0.637,0.34]},{"time":0.6,"color":"ffffff00","curve":"stepped"},{"time":5.6666,"color":"ffffff00","curve":[0.735,0.02,0.698,0.93]},{"time":5.9,"color":"ffffffff"}]}},"bones":{"MAIN":{"rotate":[{"time":0,"angle":54.48,"curve":"stepped"},{"time":0.0666,"angle":0,"curve":"stepped"},{"time":0.1,"angle":-17.03,"curve":"stepped"},{"time":0.3,"angle":54.48,"curve":"stepped"},{"time":5.6666,"angle":0}],"translate":[{"time":0,"x":77.79,"y":239.41},{"time":0.0666,"x":0,"y":-2.52},{"time":0.1,"x":16.36,"y":86.75,"curve":[0.059,0.59,0.75,1]},{"time":0.3,"x":60.56,"y":224.24,"curve":"stepped"},{"time":0.4,"x":60.56,"y":224.24,"curve":[0.111,0.65,0.75,1]},{"time":0.6333,"x":125.64,"y":303.45,"curve":"stepped"},{"time":5.6666,"x":-0.06,"y":72.96,"curve":[0.124,-0.02,0.993,0]},{"time":5.9,"x":0,"y":0,"curve":"stepped"},{"time":5.9666,"x":0,"y":-3.67,"curve":"stepped"},{"time":6.0333,"x":0,"y":0}]}},"events":[{"time":0.1,"name":"Sound1","string":"cri_se_battle_jump"},{"time":0.1,"name":"Voice","string":"cri_119_voice_fullarts_rank5"},{"time":0.4,"name":"Event","string":"addOrbitSystem-s2orbit"},{"time":0.5,"name":"Event","string":"addOrbitSystemCamera-mist"},{"time":0.5333,"name":"Event","int":-1,"float":-1,"string":"addOrbitSystem-mist_s"},{"time":0.6333,"name":"Event","string":"setInvincibleTime(5.0)"},{"time":0.7,"name":"Event","string":"runSkillEffect"},{"time":5.9,"name":"Sound1","string":"cri_se_battle_landing"}]},"skill3":{"slots":{"DAMAGEAREA":{"attachment":[{"time":5.0666,"name":"DAMAGEAREA"},{"time":5.1333,"name":null}]},"EF/shock_dash/370_S1_dash1_00000":{"attachment":[{"time":4.8333,"name":"EF/shock_dash/370_S1_dash1_00000"},{"time":4.8666,"name":"EF/shock_dash/370_S1_dash1_00001"},{"time":4.9,"name":"EF/shock_dash/370_S1_dash1_00002"},{"time":4.9333,"name":"EF/shock_dash/370_S1_dash1_00003"},{"time":4.9666,"name":"EF/shock_dash/370_S1_dash1_00004"},{"time":5,"name":"EF/shock_dash/370_S1_dash1_00005"},{"time":5.0333,"name":"EF/shock_dash/370_S1_dash1_00006"},{"time":5.0666,"name":"EF/shock_dash/370_S1_dash1_00007"},{"time":5.1,"name":"EF/shock_dash/370_S1_dash1_00008"},{"time":5.1333,"name":"EF/shock_dash/370_S1_dash1_00009"},{"time":5.2,"name":null}]},"EF/wave_ground/370_S1_wave1_2":{"attachment":[{"time":0.7,"name":"EF/wave_ground/370_S1_wave1_00002"},{"time":0.7666,"name":"EF/wave_ground/370_S1_wave1_00003"},{"time":0.8333,"name":"EF/wave_ground/370_S1_wave1_00004"},{"time":0.9,"name":"EF/wave_ground/370_S1_wave1_00005"},{"time":0.9666,"name":"EF/wave_ground/370_S1_wave1_00006"},{"time":1.0333,"name":"EF/wave_ground/370_S1_wave1_00007"},{"time":1.1,"name":"EF/wave_ground/370_S1_wave1_00008"},{"time":1.1666,"name":"EF/wave_ground/370_S1_wave1_00009"},{"time":1.2666,"name":null},{"time":1.3,"name":"EF/wave_ground/370_S1_wave1_00002"},{"time":1.3666,"name":"EF/wave_ground/370_S1_wave1_00003"},{"time":1.4333,"name":"EF/wave_ground/370_S1_wave1_00004"},{"time":1.5,"name":"EF/wave_ground/370_S1_wave1_00005"},{"time":1.5666,"name":"EF/wave_ground/370_S1_wave1_00006"},{"time":1.6333,"name":"EF/wave_ground/370_S1_wave1_00007"},{"time":1.7,"name":"EF/wave_ground/370_S1_wave1_00008"},{"time":1.7666,"name":"EF/wave_ground/370_S1_wave1_00009"},{"time":1.8666,"name":null},{"time":1.9,"name":"EF/wave_ground/370_S1_wave1_00002"},{"time":1.9666,"name":"EF/wave_ground/370_S1_wave1_00003"},{"time":2.0333,"name":"EF/wave_ground/370_S1_wave1_00004"},{"time":2.1,"name":"EF/wave_ground/370_S1_wave1_00005"},{"time":2.1666,"name":"EF/wave_ground/370_S1_wave1_00006"},{"time":2.2333,"name":"EF/wave_ground/370_S1_wave1_00007"},{"time":2.3,"name":"EF/wave_ground/370_S1_wave1_00008"},{"time":2.3666,"name":"EF/wave_ground/370_S1_wave1_00009"},{"time":2.4666,"name":null},{"time":2.5666,"name":"EF/wave_ground/370_S1_wave1_00002"},{"time":2.6,"name":"EF/wave_ground/370_S1_wave1_00003"},{"time":2.6333,"name":"EF/wave_ground/370_S1_wave1_00004"},{"time":2.6666,"name":"EF/wave_ground/370_S1_wave1_00005"},{"time":2.7,"name":"EF/wave_ground/370_S1_wave1_00006"},{"time":2.7333,"name":"EF/wave_ground/370_S1_wave1_00007"},{"time":2.7666,"name":"EF/wave_ground/370_S1_wave1_00008"},{"time":2.8,"name":"EF/wave_ground/370_S1_wave1_00009"},{"time":2.8333,"name":null},{"time":2.9,"name":"EF/wave_ground/370_S1_wave1_00002"},{"time":2.9333,"name":"EF/wave_ground/370_S1_wave1_00003"},{"time":2.9666,"name":"EF/wave_ground/370_S1_wave1_00004"},{"time":3,"name":"EF/wave_ground/370_S1_wave1_00005"},{"time":3.0333,"name":"EF/wave_ground/370_S1_wave1_00006"},{"time":3.0666,"name":"EF/wave_ground/370_S1_wave1_00007"},{"time":3.1,"name":"EF/wave_ground/370_S1_wave1_00008"},{"time":3.1333,"name":"EF/wave_ground/370_S1_wave1_00009"},{"time":3.1666,"name":null},{"time":3.2333,"name":"EF/wave_ground/370_S1_wave1_00002"},{"time":3.2666,"name":"EF/wave_ground/370_S1_wave1_00003"},{"time":3.3,"name":"EF/wave_ground/370_S1_wave1_00004"},{"time":3.3333,"name":"EF/wave_ground/370_S1_wave1_00005"},{"time":3.3666,"name":"EF/wave_ground/370_S1_wave1_00006"},{"time":3.4,"name":"EF/wave_ground/370_S1_wave1_00007"},{"time":3.4333,"name":"EF/wave_ground/370_S1_wave1_00008"},{"time":3.4666,"name":"EF/wave_ground/370_S1_wave1_00009"},{"time":3.5,"name":null},{"time":3.5666,"name":"EF/wave_ground/370_S1_wave1_00002"},{"time":3.6,"name":"EF/wave_ground/370_S1_wave1_00003"},{"time":3.6333,"name":"EF/wave_ground/370_S1_wave1_00004"},{"time":3.6666,"name":"EF/wave_ground/370_S1_wave1_00005"},{"time":3.7,"name":"EF/wave_ground/370_S1_wave1_00006"},{"time":3.7333,"name":"EF/wave_ground/370_S1_wave1_00007"},{"time":3.7666,"name":"EF/wave_ground/370_S1_wave1_00008"},{"time":3.8,"name":"EF/wave_ground/370_S1_wave1_00009"},{"time":3.8333,"name":null},{"time":3.9,"name":"EF/wave_ground/370_S1_wave1_00002"},{"time":3.9333,"name":"EF/wave_ground/370_S1_wave1_00003"},{"time":3.9666,"name":"EF/wave_ground/370_S1_wave1_00004"},{"time":4,"name":"EF/wave_ground/370_S1_wave1_00005"},{"time":4.0333,"name":"EF/wave_ground/370_S1_wave1_00006"},{"time":4.0666,"name":"EF/wave_ground/370_S1_wave1_00007"},{"time":4.1,"name":"EF/wave_ground/370_S1_wave1_00008"},{"time":4.1333,"name":"EF/wave_ground/370_S1_wave1_00009"},{"time":4.1666,"name":null},{"time":4.2333,"name":"EF/wave_ground/370_S1_wave1_00002"},{"time":4.2666,"name":"EF/wave_ground/370_S1_wave1_00003"},{"time":4.3,"name":"EF/wave_ground/370_S1_wave1_00004"},{"time":4.3333,"name":"EF/wave_ground/370_S1_wave1_00005"},{"time":4.3666,"name":"EF/wave_ground/370_S1_wave1_00006"},{"time":4.4,"name":"EF/wave_ground/370_S1_wave1_00007"},{"time":4.4333,"name":"EF/wave_ground/370_S1_wave1_00008"},{"time":4.4666,"name":"EF/wave_ground/370_S1_wave1_00009"},{"time":4.5,"name":null},{"time":4.5666,"name":"EF/wave_ground/370_S1_wave1_00002"},{"time":4.6,"name":"EF/wave_ground/370_S1_wave1_00003"},{"time":4.6333,"name":"EF/wave_ground/370_S1_wave1_00004"},{"time":4.6666,"name":"EF/wave_ground/370_S1_wave1_00005"},{"time":4.7,"name":"EF/wave_ground/370_S1_wave1_00006"},{"time":4.7333,"name":"EF/wave_ground/370_S1_wave1_00007"},{"time":4.7666,"name":"EF/wave_ground/370_S1_wave1_00008"},{"time":4.8,"name":"EF/wave_ground/370_S1_wave1_00009"},{"time":4.8333,"name":null},{"time":4.9,"name":"EF/wave_ground/370_S1_wave1_00002"},{"time":4.9333,"name":"EF/wave_ground/370_S1_wave1_00003"},{"time":4.9666,"name":"EF/wave_ground/370_S1_wave1_00004"},{"time":5,"name":"EF/wave_ground/370_S1_wave1_00005"},{"time":5.0333,"name":"EF/wave_ground/370_S1_wave1_00006"},{"time":5.1,"name":"EF/wave_ground/370_S1_wave1_00007"},{"time":5.1666,"name":"EF/wave_ground/370_S1_wave1_00008"},{"time":5.2333,"name":"EF/wave_ground/370_S1_wave1_00009"},{"time":5.3,"name":null}],"color":[{"time":0.7,"color":"ffffffff","curve":"stepped"},{"time":1.1333,"color":"ffffffff"},{"time":1.2666,"color":"ffffff00","curve":"stepped"},{"time":1.3,"color":"ffffffff","curve":"stepped"},{"time":1.7333,"color":"ffffffff"},{"time":1.8666,"color":"ffffff00","curve":"stepped"},{"time":1.9,"color":"ffffffff","curve":"stepped"},{"time":2.3333,"color":"ffffffff"},{"time":2.4666,"color":"ffffff00","curve":"stepped"},{"time":2.5666,"color":"ffffffff","curve":"stepped"},{"time":5.2,"color":"ffffffff"},{"time":5.3,"color":"ffffff00"}]},"EF/wave_ground/370_S1_wave1_00002":{"attachment":[{"time":0.3,"name":"EF/wave_ground/370_S1_wave1_00002"},{"time":0.3666,"name":"EF/wave_ground/370_S1_wave1_00003"},{"time":0.4333,"name":"EF/wave_ground/370_S1_wave1_00004"},{"time":0.5,"name":"EF/wave_ground/370_S1_wave1_00005"},{"time":0.5666,"name":"EF/wave_ground/370_S1_wave1_00006"},{"time":0.6333,"name":"EF/wave_ground/370_S1_wave1_00007"},{"time":0.7,"name":"EF/wave_ground/370_S1_wave1_00008"},{"time":0.7666,"name":"EF/wave_ground/370_S1_wave1_00009"},{"time":0.8666,"name":null},{"time":1,"name":"EF/wave_ground/370_S1_wave1_00002"},{"time":1.0666,"name":"EF/wave_ground/370_S1_wave1_00003"},{"time":1.1333,"name":"EF/wave_ground/370_S1_wave1_00004"},{"time":1.2,"name":"EF/wave_ground/370_S1_wave1_00005"},{"time":1.2666,"name":"EF/wave_ground/370_S1_wave1_00006"},{"time":1.3333,"name":"EF/wave_ground/370_S1_wave1_00007"},{"time":1.4,"name":"EF/wave_ground/370_S1_wave1_00008"},{"time":1.4666,"name":"EF/wave_ground/370_S1_wave1_00009"},{"time":1.5666,"name":null},{"time":1.6,"name":"EF/wave_ground/370_S1_wave1_00002"},{"time":1.6666,"name":"EF/wave_ground/370_S1_wave1_00003"},{"time":1.7333,"name":"EF/wave_ground/370_S1_wave1_00004"},{"time":1.8,"name":"EF/wave_ground/370_S1_wave1_00005"},{"time":1.8666,"name":"EF/wave_ground/370_S1_wave1_00006"},{"time":1.9333,"name":"EF/wave_ground/370_S1_wave1_00007"},{"time":2,"name":"EF/wave_ground/370_S1_wave1_00008"},{"time":2.0666,"name":"EF/wave_ground/370_S1_wave1_00009"},{"time":2.1666,"name":null}],"color":[{"time":0.3,"color":"ffffffff","curve":"stepped"},{"time":0.7333,"color":"ffffffff"},{"time":0.8666,"color":"ffffff00","curve":"stepped"},{"time":1,"color":"ffffffff","curve":"stepped"},{"time":1.4333,"color":"ffffffff"},{"time":1.5666,"color":"ffffff00","curve":"stepped"},{"time":1.6,"color":"ffffffff","curve":"stepped"},{"time":2.0333,"color":"ffffffff"},{"time":2.1666,"color":"ffffff00"}]},"EF/wave_ground/370_S1_wave1_3":{"attachment":[{"time":2.4,"name":"EF/wave_ground/370_S1_wave1_00002"},{"time":2.4333,"name":"EF/wave_ground/370_S1_wave1_00003"},{"time":2.4666,"name":"EF/wave_ground/370_S1_wave1_00004"},{"time":2.5,"name":"EF/wave_ground/370_S1_wave1_00005"},{"time":2.5333,"name":"EF/wave_ground/370_S1_wave1_00006"},{"time":2.5666,"name":"EF/wave_ground/370_S1_wave1_00007"},{"time":2.6,"name":"EF/wave_ground/370_S1_wave1_00008"},{"time":2.6333,"name":"EF/wave_ground/370_S1_wave1_00009"},{"time":2.6666,"name":null},{"time":2.7333,"name":"EF/wave_ground/370_S1_wave1_00002"},{"time":2.7666,"name":"EF/wave_ground/370_S1_wave1_00003"},{"time":2.8,"name":"EF/wave_ground/370_S1_wave1_00004"},{"time":2.8333,"name":"EF/wave_ground/370_S1_wave1_00005"},{"time":2.8666,"name":"EF/wave_ground/370_S1_wave1_00006"},{"time":2.9,"name":"EF/wave_ground/370_S1_wave1_00007"},{"time":2.9333,"name":"EF/wave_ground/370_S1_wave1_00008"},{"time":2.9666,"name":"EF/wave_ground/370_S1_wave1_00009"},{"time":3,"name":null},{"time":3.0666,"name":"EF/wave_ground/370_S1_wave1_00002"},{"time":3.1,"name":"EF/wave_ground/370_S1_wave1_00003"},{"time":3.1333,"name":"EF/wave_ground/370_S1_wave1_00004"},{"time":3.1666,"name":"EF/wave_ground/370_S1_wave1_00005"},{"time":3.2,"name":"EF/wave_ground/370_S1_wave1_00006"},{"time":3.2333,"name":"EF/wave_ground/370_S1_wave1_00007"},{"time":3.2666,"name":"EF/wave_ground/370_S1_wave1_00008"},{"time":3.3,"name":"EF/wave_ground/370_S1_wave1_00009"},{"time":3.3333,"name":null},{"time":3.4,"name":"EF/wave_ground/370_S1_wave1_00002"},{"time":3.4333,"name":"EF/wave_ground/370_S1_wave1_00003"},{"time":3.4666,"name":"EF/wave_ground/370_S1_wave1_00004"},{"time":3.5,"name":"EF/wave_ground/370_S1_wave1_00005"},{"time":3.5333,"name":"EF/wave_ground/370_S1_wave1_00006"},{"time":3.5666,"name":"EF/wave_ground/370_S1_wave1_00007"},{"time":3.6,"name":"EF/wave_ground/370_S1_wave1_00008"},{"time":3.6333,"name":"EF/wave_ground/370_S1_wave1_00009"},{"time":3.6666,"name":null},{"time":3.7333,"name":"EF/wave_ground/370_S1_wave1_00002"},{"time":3.7666,"name":"EF/wave_ground/370_S1_wave1_00003"},{"time":3.8,"name":"EF/wave_ground/370_S1_wave1_00004"},{"time":3.8333,"name":"EF/wave_ground/370_S1_wave1_00005"},{"time":3.8666,"name":"EF/wave_ground/370_S1_wave1_00006"},{"time":3.9,"name":"EF/wave_ground/370_S1_wave1_00007"},{"time":3.9333,"name":"EF/wave_ground/370_S1_wave1_00008"},{"time":3.9666,"name":"EF/wave_ground/370_S1_wave1_00009"},{"time":4,"name":null},{"time":4.0666,"name":"EF/wave_ground/370_S1_wave1_00002"},{"time":4.1,"name":"EF/wave_ground/370_S1_wave1_00003"},{"time":4.1333,"name":"EF/wave_ground/370_S1_wave1_00004"},{"time":4.1666,"name":"EF/wave_ground/370_S1_wave1_00005"},{"time":4.2,"name":"EF/wave_ground/370_S1_wave1_00006"},{"time":4.2333,"name":"EF/wave_ground/370_S1_wave1_00007"},{"time":4.2666,"name":"EF/wave_ground/370_S1_wave1_00008"},{"time":4.3,"name":"EF/wave_ground/370_S1_wave1_00009"},{"time":4.3333,"name":null},{"time":4.4,"name":"EF/wave_ground/370_S1_wave1_00002"},{"time":4.4333,"name":"EF/wave_ground/370_S1_wave1_00003"},{"time":4.4666,"name":"EF/wave_ground/370_S1_wave1_00004"},{"time":4.5,"name":"EF/wave_ground/370_S1_wave1_00005"},{"time":4.5333,"name":"EF/wave_ground/370_S1_wave1_00006"},{"time":4.5666,"name":"EF/wave_ground/370_S1_wave1_00007"},{"time":4.6,"name":"EF/wave_ground/370_S1_wave1_00008"},{"time":4.6333,"name":"EF/wave_ground/370_S1_wave1_00009"},{"time":4.6666,"name":null},{"time":4.7333,"name":"EF/wave_ground/370_S1_wave1_00002"},{"time":4.7666,"name":"EF/wave_ground/370_S1_wave1_00003"},{"time":4.8,"name":"EF/wave_ground/370_S1_wave1_00004"},{"time":4.8333,"name":"EF/wave_ground/370_S1_wave1_00005"},{"time":4.8666,"name":"EF/wave_ground/370_S1_wave1_00006"},{"time":4.9,"name":"EF/wave_ground/370_S1_wave1_00007"},{"time":4.9333,"name":"EF/wave_ground/370_S1_wave1_00008"},{"time":4.9666,"name":"EF/wave_ground/370_S1_wave1_00009"},{"time":5,"name":null}]},"EF_flareback1_1":{"attachment":[{"time":0.5,"name":"EF/ef_flare_back_main_00004"},{"time":1.5333,"name":null}],"color":[{"time":0.5,"color":"ffffff00"},{"time":0.7333,"color":"ffffffff"},{"time":0.8333,"color":"ffffffe1","curve":"stepped"},{"time":1.3333,"color":"ffffffe1"},{"time":1.3666,"color":"ffffffff"}]},"MAIN":{"attachment":[{"time":0,"name":"idle_00"},{"time":0.1333,"name":"attack1_00"},{"time":0.2333,"name":"skill1_01"},{"time":0.3,"name":"skill3_01"},{"time":0.3333,"name":"skill3_02"},{"time":0.3666,"name":"skill3_03"},{"time":0.4333,"name":"skill3_01"},{"time":0.5,"name":"skill3_02"},{"time":0.5666,"name":"skill3_03"},{"time":0.6333,"name":"skill3_01"},{"time":0.7,"name":"skill3_02"},{"time":0.7666,"name":"skill3_03"},{"time":0.8333,"name":"skill3_01"},{"time":0.9,"name":"skill3_02"},{"time":0.9666,"name":"skill3_03"},{"time":1.0333,"name":"skill3_01"},{"time":1.1,"name":"skill3_02"},{"time":1.1666,"name":"skill3_03"},{"time":1.2333,"name":"skill3_01"},{"time":1.3,"name":"skill3_02"},{"time":1.3666,"name":"skill3_03"},{"time":1.4333,"name":"skill3_01"},{"time":1.5,"name":"skill3_02"},{"time":1.5666,"name":"skill3_03"},{"time":1.6333,"name":"skill3_01"},{"time":1.7,"name":"skill3_02"},{"time":1.7666,"name":"skill3_03"},{"time":1.8333,"name":"skill3_02"},{"time":1.9,"name":"skill3_04"},{"time":2,"name":"skill3_05"},{"time":2.1,"name":"attack1_02"},{"time":2.2,"name":"attack1_03"},{"time":2.3,"name":"skill3_06"},{"time":2.4,"name":"skill3_07"},{"time":2.5,"name":"skill3_06"},{"time":2.5333,"name":"skill3_07"},{"time":2.5666,"name":"skill3_06"},{"time":2.6,"name":"skill3_07"},{"time":2.6333,"name":"skill3_06"},{"time":2.6666,"name":"skill3_07"},{"time":2.7,"name":"skill3_06"},{"time":2.7333,"name":"skill3_07"},{"time":2.7666,"name":"skill3_06"},{"time":2.8,"name":"skill3_07"},{"time":2.8333,"name":"skill3_06"},{"time":2.8666,"name":"skill3_07"},{"time":2.9,"name":"skill3_06"},{"time":2.9333,"name":"skill3_07"},{"time":2.9666,"name":"skill3_06"},{"time":3,"name":"skill3_07"},{"time":3.0333,"name":"skill3_06"},{"time":3.0666,"name":"skill3_07"},{"time":3.1,"name":"skill3_06"},{"time":3.1333,"name":"skill3_07"},{"time":3.1666,"name":"skill3_06"},{"time":3.2,"name":"skill3_07"},{"time":3.2333,"name":"skill3_06"},{"time":3.2666,"name":"skill3_07"},{"time":3.3,"name":"skill3_06"},{"time":3.3333,"name":"skill3_07"},{"time":3.3666,"name":"skill3_06"},{"time":3.4,"name":"skill3_07"},{"time":3.4333,"name":"skill3_06"},{"time":3.4666,"name":"skill3_07"},{"time":3.5,"name":"skill3_06"},{"time":3.5333,"name":"skill3_07"},{"time":3.5666,"name":"skill3_06"},{"time":3.6,"name":"skill3_07"},{"time":3.6333,"name":"skill3_06"},{"time":3.6666,"name":"skill3_07"},{"time":3.7,"name":"skill3_06"},{"time":3.7333,"name":"skill3_07"},{"time":3.7666,"name":"skill3_06"},{"time":3.8,"name":"skill3_07"},{"time":3.8333,"name":"skill3_06"},{"time":3.8666,"name":"skill3_07"},{"time":3.9,"name":"skill3_06"},{"time":3.9333,"name":"skill3_07"},{"time":3.9666,"name":"skill3_06"},{"time":4,"name":"skill3_07"},{"time":4.0333,"name":"skill3_06"},{"time":4.0666,"name":"skill3_07"},{"time":4.1,"name":"skill3_06"},{"time":4.1333,"name":"skill3_07"},{"time":4.1666,"name":"skill3_06"},{"time":4.2,"name":"skill3_07"},{"time":4.2333,"name":"skill3_06"},{"time":4.2666,"name":"skill3_07"},{"time":4.3,"name":"skill3_06"},{"time":4.3333,"name":"skill3_07"},{"time":4.3666,"name":"skill3_06"},{"time":4.4,"name":"skill3_07"},{"time":4.4333,"name":"skill3_06"},{"time":4.4666,"name":"skill3_07"},{"time":4.5,"name":"skill3_06"},{"time":4.5333,"name":"skill3_07"},{"time":4.5666,"name":"skill3_06"},{"time":4.6,"name":"skill3_07"},{"time":4.6333,"name":"skill3_06"},{"time":4.6666,"name":"skill3_07"},{"time":4.7,"name":"skill3_06"},{"time":4.7333,"name":"skill3_07"},{"time":4.7666,"name":"skill3_06"},{"time":4.8,"name":"skill3_07"},{"time":4.8666,"name":"skill3_07"},{"time":4.9,"name":"skill3_06"},{"time":4.9333,"name":"attack1_04"},{"time":5.0666,"name":"attack1_05"},{"time":5.3,"name":"attack1_08"},{"time":6.8333,"name":"attack1_00"},{"time":7,"name":"idle_00"}]}},"bones":{"MAIN":{"translate":[{"time":0,"x":0,"y":0,"curve":"stepped"},{"time":0.3,"x":20.58,"y":0,"curve":"stepped"},{"time":2.5,"x":20.58,"y":0},{"time":2.5333,"x":22.06,"y":0},{"time":2.5666,"x":20.58,"y":0},{"time":2.6,"x":22.06,"y":0},{"time":2.6333,"x":20.58,"y":0},{"time":2.6666,"x":22.06,"y":0},{"time":2.7,"x":20.58,"y":0},{"time":2.7333,"x":22.06,"y":0},{"time":2.7666,"x":20.58,"y":0},{"time":2.8,"x":22.06,"y":0},{"time":2.8333,"x":20.58,"y":0},{"time":2.8666,"x":22.06,"y":0},{"time":2.9,"x":20.58,"y":0},{"time":2.9333,"x":22.06,"y":0},{"time":2.9666,"x":20.58,"y":0},{"time":3,"x":22.06,"y":0},{"time":3.0333,"x":20.58,"y":0},{"time":3.0666,"x":22.06,"y":0},{"time":3.1,"x":20.58,"y":0},{"time":3.1333,"x":22.06,"y":0},{"time":3.1666,"x":20.58,"y":0},{"time":3.2,"x":22.06,"y":0},{"time":3.2333,"x":20.58,"y":0},{"time":3.2666,"x":22.06,"y":0},{"time":3.3,"x":20.58,"y":0},{"time":3.3333,"x":22.06,"y":0},{"time":3.3666,"x":20.58,"y":0},{"time":3.4,"x":22.06,"y":0},{"time":3.4333,"x":20.58,"y":0},{"time":3.4666,"x":22.06,"y":0},{"time":3.5,"x":20.58,"y":0},{"time":3.5333,"x":22.06,"y":0},{"time":3.5666,"x":20.58,"y":0},{"time":3.6,"x":22.06,"y":0},{"time":3.6333,"x":20.58,"y":0},{"time":3.6666,"x":22.06,"y":0},{"time":3.7,"x":20.58,"y":0},{"time":3.7333,"x":22.06,"y":0},{"time":3.7666,"x":20.58,"y":0},{"time":3.8,"x":22.06,"y":0},{"time":3.8333,"x":20.58,"y":0},{"time":3.8666,"x":22.06,"y":0},{"time":3.9,"x":20.58,"y":0},{"time":3.9333,"x":22.06,"y":0},{"time":3.9666,"x":20.58,"y":0},{"time":4,"x":22.06,"y":0},{"time":4.0333,"x":20.58,"y":0},{"time":4.0666,"x":22.06,"y":0},{"time":4.1,"x":20.58,"y":0},{"time":4.1333,"x":22.06,"y":0},{"time":4.1666,"x":20.58,"y":0},{"time":4.2,"x":22.06,"y":0},{"time":4.2333,"x":20.58,"y":0},{"time":4.2666,"x":22.06,"y":0},{"time":4.3,"x":20.58,"y":0},{"time":4.3333,"x":22.06,"y":0},{"time":4.3666,"x":20.58,"y":0},{"time":4.4,"x":22.06,"y":0},{"time":4.4333,"x":20.58,"y":0},{"time":4.4666,"x":22.06,"y":0},{"time":4.5,"x":20.58,"y":0},{"time":4.5333,"x":22.06,"y":0},{"time":4.5666,"x":20.58,"y":0},{"time":4.6,"x":22.06,"y":0},{"time":4.6333,"x":20.58,"y":0},{"time":4.6666,"x":22.06,"y":0},{"time":4.7,"x":20.58,"y":0},{"time":4.7333,"x":22.06,"y":0},{"time":4.7666,"x":20.58,"y":0},{"time":4.8,"x":22.06,"y":0},{"time":4.9333,"x":0,"y":0,"curve":[0.138,0.45,0.75,1]},{"time":5,"x":135,"y":0.08,"curve":[0.21,0.64,0.764,1]},{"time":5.7666,"x":144.73,"y":0.08}]},"EF/wave_ground/370_S1_wave1_2":{"translate":[{"time":0.7,"x":-424.76,"y":-322.78}],"scale":[{"time":0.7,"x":3,"y":3,"curve":[0.132,0.63,0.75,1]},{"time":1.2333,"x":3.397,"y":3.397,"curve":"stepped"},{"time":1.3,"x":3,"y":3,"curve":[0.132,0.63,0.75,1]},{"time":1.8333,"x":3.397,"y":3.397,"curve":"stepped"},{"time":1.9,"x":3,"y":3,"curve":[0.132,0.63,0.75,1]},{"time":2.4333,"x":3.397,"y":3.397,"curve":"stepped"},{"time":2.5666,"x":4,"y":4,"curve":"stepped"},{"time":4.9,"x":5,"y":5,"curve":[0.132,0.63,0.75,1]},{"time":5.2666,"x":5.2,"y":5.2}]},"EF/wave_ground/370_S1_wave1_00002":{"translate":[{"time":0.3,"x":-424.76,"y":-322.78,"curve":"stepped"},{"time":1,"x":-424.76,"y":-322.78}],"scale":[{"time":0.3,"x":3,"y":3,"curve":[0.132,0.63,0.75,1]},{"time":0.8333,"x":3.397,"y":3.397,"curve":"stepped"},{"time":1,"x":3,"y":3,"curve":[0.132,0.63,0.75,1]},{"time":1.5333,"x":3.397,"y":3.397,"curve":"stepped"},{"time":1.6,"x":3,"y":3,"curve":[0.132,0.63,0.75,1]},{"time":2.1333,"x":3.397,"y":3.397}]},"EF/wave_ground/370_S1_wave1_3":{"translate":[{"time":2.4,"x":-424.76,"y":-322.78}],"scale":[{"time":2.4,"x":4,"y":4}]},"EF/shock_dash/370_S1_dash1_00000":{"translate":[{"time":4.8333,"x":-336.98,"y":-161.52}],"scale":[{"time":4.8333,"x":5,"y":5}]},"DAMAGEAREA":{"translate":[{"time":5.0666,"x":-973.13,"y":0}],"scale":[{"time":5.0666,"x":15.287,"y":2.203}]},"EF_flareback1_1":{"translate":[{"time":0.5,"x":-170.75,"y":157.95}],"scale":[{"time":0.5,"x":0.116,"y":0.116},{"time":0.7333,"x":13,"y":13,"curve":"stepped"},{"time":1.3333,"x":13,"y":13},{"time":1.3666,"x":32.903,"y":32.903,"curve":[0.086,0.76,0.148,0.92]},{"time":1.5,"x":0.654,"y":0.654}]}},"events":[{"time":0,"name":"Voice","string":"cri_119_voice_fullarts_now_b"},{"time":0.2333,"name":"Sound1","string":"cri_se_battle_arrow_light_effect"},{"time":0.2333,"name":"Sound2","string":"cri_se_battle_029_explosion_01"},{"time":1.7,"name":"Sound1","string":"cri_se_battle_charge_completion"},{"time":2.0333,"name":"Sound1","string":"cri_se_battle_charge_03"},{"time":3,"name":"Event","float":1.8,"string":"shakeGround_Loop"},{"time":4.4333,"name":"Voice","string":"cri_119_voice_fullarts_rank6"},{"time":4.7333,"name":"Sound3","string":"setHitSound(se_battle_016_boss_ko)"},{"time":4.9,"name":"Sound1","string":"cri_se_battle_skill_laser"},{"time":4.9,"name":"Sound2","string":"cri_se_battle_darkness_explosion"},{"time":4.9333,"name":"Event","string":"setHitBackEnemy(350,50)"},{"time":4.9666,"name":"Event","float":2,"string":"shakeGround"},{"time":5,"name":"Event","string":"whiteOut(0, 0.1 ,1)"},{"time":5.0333,"name":"Event","float":0.95,"string":"kHitStopType_normal"},{"time":5.0666,"name":"Event","float":4,"string":"shakeGround"},{"time":5.1333,"name":"Event","float":2,"string":"shakeGround"}]}}}