{"skeleton":{"hash":"EdS9X6FwN+s1hU95nZbK01YqV5s","spine":"3.0.12","width":0,"height":0},"bones":[{"name":"root"},{"name":"body_main","parent":"root","y":150.1,"scaleX":2.5,"scaleY":2.5},{"name":"MAIN","parent":"root","y":150},{"name":"KO","parent":"MAIN","y":-150},{"name":"O","parent":"KO"},{"name":"K","parent":"KO"}],"slots":[{"name":"EF_ninpou","bone":"body_main"},{"name":"EF_houou-2","bone":"body_main"},{"name":"EF_houou","bone":"body_main"},{"name":"EF_ryuenbu","bone":"body_main"},{"name":"K.O/K_00","bone":"K"},{"name":"K.O/O_00","bone":"O"}],"skins":{"default":{"EF_houou":{"鳳凰の舞/kof98110-2":{"x":84.94,"y":38.48,"width":304,"height":250},"鳳凰の舞/kof98112-2":{"x":84.94,"y":38.48,"width":304,"height":250},"鳳凰の舞/kof98114-2":{"x":84.94,"y":38.48,"width":304,"height":250},"鳳凰の舞/kof98116-2":{"x":84.94,"y":38.48,"width":304,"height":250},"鳳凰の舞/kof98118-2":{"x":84.94,"y":38.48,"width":304,"height":250},"鳳凰の舞/kof98120-2":{"x":84.94,"y":38.48,"width":304,"height":250},"鳳凰の舞/kof98122-2":{"x":84.94,"y":38.48,"width":304,"height":250},"鳳凰の舞/kof98124-2":{"x":84.94,"y":38.48,"width":304,"height":250},"鳳凰の舞/kof98126-2":{"x":84.94,"y":38.48,"width":304,"height":250},"鳳凰の舞/kof98128-2":{"x":84.94,"y":38.48,"width":304,"height":250},"鳳凰の舞/kof98130-2":{"x":84.94,"y":38.48,"width":304,"height":250},"鳳凰の舞/kof98132-2":{"x":84.94,"y":38.48,"width":304,"height":250},"鳳凰の舞/kof98134-2":{"x":84.94,"y":38.48,"width":304,"height":250},"鳳凰の舞/kof98136-2":{"x":84.94,"y":38.48,"width":304,"height":250},"鳳凰の舞/kof98138-2":{"x":84.94,"y":38.48,"width":304,"height":250},"鳳凰の舞/kof98140-2":{"x":84.94,"y":38.48,"width":304,"height":250},"鳳凰の舞/kof98142-2":{"x":84.94,"y":38.48,"width":304,"height":250},"鳳凰の舞/kof98144-2":{"x":84.94,"y":38.48,"width":304,"height":250},"鳳凰の舞/kof98146-2":{"x":84.94,"y":38.48,"width":304,"height":250},"鳳凰の舞/kof98148-2":{"x":84.94,"y":38.48,"width":304,"height":250},"鳳凰の舞/kof98150-2":{"x":84.94,"y":38.48,"width":304,"height":250},"鳳凰の舞/kof98152-2":{"x":84.94,"y":38.48,"width":304,"height":250},"鳳凰の舞/kof98154-2":{"x":84.94,"y":38.48,"width":304,"height":250},"鳳凰の舞/kof98156-2":{"x":84.94,"y":38.48,"width":304,"height":250},"鳳凰の舞/kof98158-2":{"x":84.94,"y":38.48,"width":304,"height":250},"鳳凰の舞/kof98160-2":{"x":84.94,"y":38.48,"width":304,"height":250}},"EF_houou-2":{"鳳凰の舞/kof98120-2":{"x":73.26,"y":128.79,"rotation":-172.74,"width":304,"height":250},"鳳凰の舞/kof98120-3":{"path":"鳳凰の舞/kof98120-2","x":73.67,"y":120.84,"rotation":-172.74,"width":304,"height":250}},"EF_ninpou":{"超必殺忍蜂/kof98109-2":{"x":192.94,"y":26.48,"width":510,"height":224},"超必殺忍蜂/kof98111-2":{"x":192.94,"y":26.48,"width":510,"height":224},"超必殺忍蜂/kof98113-2":{"x":192.94,"y":26.48,"width":510,"height":224},"超必殺忍蜂/kof98115-2":{"x":192.94,"y":26.48,"width":510,"height":224},"超必殺忍蜂/kof98117-2":{"x":192.94,"y":26.48,"width":510,"height":224},"超必殺忍蜂/kof98118-2":{"x":192.94,"y":26.48,"width":510,"height":224},"超必殺忍蜂/kof98120-2":{"x":192.94,"y":26.48,"width":510,"height":224},"超必殺忍蜂/kof98122-2":{"x":192.94,"y":26.48,"width":510,"height":224},"超必殺忍蜂/kof98124-2":{"x":192.94,"y":26.48,"width":510,"height":224},"超必殺忍蜂/kof98126-2":{"x":192.94,"y":26.48,"width":510,"height":224},"超必殺忍蜂/kof98128-2":{"x":192.94,"y":26.48,"width":510,"height":224}},"EF_ryuenbu":{"龍炎舞/kof98006-2":{"x":62.94,"y":26.48,"width":304,"height":224},"龍炎舞/kof98008-2":{"x":62.94,"y":26.48,"width":304,"height":224},"龍炎舞/kof98010-2":{"x":62.94,"y":26.48,"width":304,"height":224},"龍炎舞/kof98012-2":{"x":62.94,"y":26.48,"width":304,"height":224},"龍炎舞/kof98014-2":{"x":62.94,"y":26.48,"width":304,"height":224},"龍炎舞/kof98016-2":{"x":62.94,"y":26.48,"width":304,"height":224},"龍炎舞/kof98018-2":{"x":62.94,"y":26.48,"width":304,"height":224},"龍炎舞/kof98020-2":{"x":62.94,"y":26.48,"width":304,"height":224},"龍炎舞/kof98022-2":{"x":62.94,"y":26.48,"width":304,"height":224},"龍炎舞/kof98024-2":{"x":62.94,"y":26.48,"width":304,"height":224},"龍炎舞/kof98026-2":{"x":62.94,"y":26.48,"width":304,"height":224},"龍炎舞/kof98028-2":{"x":62.94,"y":26.48,"width":304,"height":224},"龍炎舞/kof98030-2":{"x":62.94,"y":26.48,"width":304,"height":224},"龍炎舞/kof98032-2":{"x":62.94,"y":26.48,"width":304,"height":224},"龍炎舞/kof98034-2":{"x":62.94,"y":26.48,"width":304,"height":224},"龍炎舞/kof98036-2":{"x":62.94,"y":26.48,"width":304,"height":224},"龍炎舞/kof98038-2":{"x":62.94,"y":26.48,"width":304,"height":224},"龍炎舞/kof98040-2":{"x":62.94,"y":26.48,"width":304,"height":224}},"K.O/K_00":{"K.O/K_00":{"width":128,"height":128},"K.O/K_01":{"width":128,"height":128},"K.O/K_02":{"width":128,"height":128},"K.O/K_03":{"width":128,"height":128}},"K.O/O_00":{"K.O/O_00":{"width":128,"height":128},"K.O/O_01":{"width":128,"height":128},"K.O/O_02":{"width":128,"height":128},"K.O/O_03":{"width":128,"height":128}}}},"animations":{"attack1":{"bones":{"MAIN":{"translate":[{"time":0,"x":0,"y":0},{"time":0.0666,"x":135.66,"y":0},{"time":0.1333,"x":149.66,"y":0},{"time":0.2,"x":105.51,"y":0}]}}},"attack2":{"bones":{"MAIN":{"translate":[{"time":0,"x":0,"y":0},{"time":0.0666,"x":-64.6,"y":0},{"time":0.1666,"x":0,"y":0}]}}},"attack3":{"bones":{"MAIN":{"translate":[{"time":0,"x":0,"y":0},{"time":0.0666,"x":61.37,"y":0}]}}},"attack4":{"bones":{"MAIN":{"translate":[{"time":0,"x":0,"y":0},{"time":0.1,"x":-29.07,"y":0},{"time":0.2,"x":0,"y":0}]}}},"attack5":{"bones":{"MAIN":{"translate":[{"time":0,"x":0,"y":0},{"time":0.0333,"x":43.06,"y":0,"curve":"stepped"},{"time":0.1,"x":43.06,"y":0},{"time":0.1333,"x":0,"y":0}]}}},"attack6":{"bones":{"MAIN":{"translate":[{"time":0,"x":0,"y":0},{"time":0.0666,"x":80.75,"y":0,"curve":"stepped"},{"time":0.1666,"x":80.75,"y":0},{"time":0.2333,"x":0,"y":0}]}}},"attack7":{"bones":{"MAIN":{"translate":[{"time":0,"x":0,"y":0}]}}},"attack8":{"bones":{"MAIN":{"translate":[{"time":0,"x":-38.76,"y":0},{"time":0.1,"x":-78.59,"y":0},{"time":0.1666,"x":87.21,"y":0}]}}},"attack9":{},"attack10":{},"attack11":{},"attack12":{},"back":{"bones":{"MAIN":{"translate":[{"time":0,"x":0,"y":0},{"time":0.6333,"x":-333.78,"y":0}]}}},"damage1":{"bones":{"MAIN":{"translate":[{"time":0,"x":0,"y":0},{"time":0.1,"x":-67.83,"y":0},{"time":0.2333,"x":-62.44,"y":0}]}}},"damage2":{"bones":{"MAIN":{"translate":[{"time":0,"x":0,"y":0},{"time":0.1666,"x":-52.75,"y":0}]}}},"damage3":{"bones":{"MAIN":{"translate":[{"time":0,"x":0,"y":0},{"time":0.0333,"x":29.07,"y":0},{"time":0.2,"x":-85.06,"y":0}]}}},"front":{"bones":{"MAIN":{"translate":[{"time":0,"x":172.27,"y":0}]}}},"idle":{},"out":{"slots":{"K.O/K_00":{"attachment":[{"time":0,"name":"K.O/K_00"},{"time":1.0333,"name":"K.O/K_03"},{"time":1.0666,"name":"K.O/K_02"},{"time":1.1,"name":"K.O/K_01"},{"time":1.2333,"name":null},{"time":2,"name":null}]},"K.O/O_00":{"attachment":[{"time":0,"name":"K.O/O_00"},{"time":1.0333,"name":"K.O/O_03"},{"time":1.0666,"name":"K.O/O_02"},{"time":1.1,"name":"K.O/O_01"},{"time":1.2333,"name":null},{"time":2,"name":null}]}},"bones":{"K":{"translate":[{"time":0,"x":-42,"y":0}],"scale":[{"time":1.1,"x":1,"y":1},{"time":1.2,"x":0.1,"y":1,"curve":"stepped"},{"time":2,"x":0.1,"y":1}]},"O":{"translate":[{"time":0,"x":54,"y":0}],"scale":[{"time":1.1,"x":1,"y":1},{"time":1.2,"x":0.1,"y":1,"curve":"stepped"},{"time":2,"x":0.1,"y":1}]},"KO":{"translate":[{"time":0,"x":0,"y":239.91}],"scale":[{"time":0,"x":1,"y":1},{"time":0.0333,"x":0.5,"y":0.5},{"time":0.0666,"x":1,"y":1,"curve":"stepped"},{"time":1,"x":1,"y":1,"curve":"stepped"},{"time":1.2,"x":1,"y":1,"curve":"stepped"},{"time":2,"x":1,"y":1}]},"MAIN":{"scale":[{"time":0,"x":2.238,"y":2.238}]}}},"skill1":{"bones":{"MAIN":{"translate":[{"time":0,"x":0,"y":0},{"time":0.0333,"x":-16.27,"y":0,"curve":"stepped"},{"time":0.1,"x":-16.27,"y":0},{"time":0.8666,"x":138.89,"y":0}]}}},"skill2":{"slots":{"EF_ninpou":{"attachment":[{"time":1.2333,"name":"超必殺忍蜂/kof98109-2"},{"time":1.2666,"name":"超必殺忍蜂/kof98111-2"},{"time":1.3,"name":"超必殺忍蜂/kof98113-2"},{"time":1.3333,"name":"超必殺忍蜂/kof98115-2"},{"time":1.3666,"name":"超必殺忍蜂/kof98117-2"},{"time":1.4,"name":"超必殺忍蜂/kof98118-2"},{"time":1.4333,"name":"超必殺忍蜂/kof98120-2"},{"time":1.4666,"name":"超必殺忍蜂/kof98122-2"},{"time":1.5,"name":"超必殺忍蜂/kof98124-2"},{"time":1.5333,"name":"超必殺忍蜂/kof98126-2"},{"time":1.5666,"name":"超必殺忍蜂/kof98128-2"},{"time":1.6,"name":null}]}},"bones":{"body_main":{"translate":[{"time":1.2333,"x":194.99,"y":0}]},"MAIN":{"translate":[{"time":0,"x":0,"y":0},{"time":0.1333,"x":67.02,"y":0},{"time":0.5,"x":222.92,"y":0},{"time":0.9,"x":395.35,"y":0},{"time":1.3333,"x":680.42,"y":0},{"time":1.3666,"x":788.4,"y":0}]},"root":{"translate":[{"time":0,"x":0.82,"y":0}]}}},"skill3":{"slots":{"EF_houou":{"attachment":[{"time":1,"name":"鳳凰の舞/kof98110-2"},{"time":1.0333,"name":"鳳凰の舞/kof98112-2"},{"time":1.0666,"name":"鳳凰の舞/kof98114-2"},{"time":1.1,"name":"鳳凰の舞/kof98116-2"},{"time":1.1333,"name":"鳳凰の舞/kof98120-2"},{"time":1.1666,"name":"鳳凰の舞/kof98122-2"},{"time":1.2,"name":"鳳凰の舞/kof98124-2"},{"time":1.2333,"name":"鳳凰の舞/kof98126-2"},{"time":1.2666,"name":"鳳凰の舞/kof98128-2"},{"time":1.3,"name":"鳳凰の舞/kof98130-2"},{"time":1.3333,"name":"鳳凰の舞/kof98132-2"},{"time":1.3666,"name":"鳳凰の舞/kof98134-2"},{"time":1.4,"name":"鳳凰の舞/kof98136-2"},{"time":1.4333,"name":"鳳凰の舞/kof98138-2"},{"time":1.4666,"name":"鳳凰の舞/kof98140-2"},{"time":1.5,"name":"鳳凰の舞/kof98142-2"},{"time":1.5333,"name":"鳳凰の舞/kof98144-2"},{"time":1.5666,"name":"鳳凰の舞/kof98146-2"},{"time":1.6,"name":"鳳凰の舞/kof98148-2"},{"time":1.6333,"name":"鳳凰の舞/kof98150-2"},{"time":1.6666,"name":"鳳凰の舞/kof98152-2"},{"time":1.7,"name":"鳳凰の舞/kof98154-2"},{"time":1.7333,"name":"鳳凰の舞/kof98156-2"},{"time":1.7666,"name":"鳳凰の舞/kof98158-2"},{"time":1.8,"name":"鳳凰の舞/kof98160-2"},{"time":1.8333,"name":null}]},"EF_houou-2":{"attachment":[{"time":1,"name":"鳳凰の舞/kof98120-2"},{"time":1.0333,"name":"鳳凰の舞/kof98120-3"},{"time":1.0666,"name":null}]}},"bones":{"MAIN":{"translate":[{"time":0,"x":0,"y":0},{"time":0.5,"x":109.66,"y":0},{"time":0.9666,"x":182.21,"y":0},{"time":1.4666,"x":307.06,"y":0}]}}},"skill4":{"slots":{"EF_ryuenbu":{"attachment":[{"time":0.2,"name":"龍炎舞/kof98006-2"},{"time":0.2333,"name":"龍炎舞/kof98008-2"},{"time":0.2666,"name":"龍炎舞/kof98010-2"},{"time":0.3,"name":"龍炎舞/kof98012-2"},{"time":0.3333,"name":"龍炎舞/kof98014-2"},{"time":0.3666,"name":"龍炎舞/kof98016-2"},{"time":0.4,"name":"龍炎舞/kof98018-2"},{"time":0.4333,"name":"龍炎舞/kof98020-2"},{"time":0.4666,"name":"龍炎舞/kof98022-2"},{"time":0.5,"name":"龍炎舞/kof98024-2"},{"time":0.5333,"name":"龍炎舞/kof98026-2"},{"time":0.5666,"name":"龍炎舞/kof98028-2"},{"time":0.6,"name":"龍炎舞/kof98030-2"},{"time":0.6333,"name":"龍炎舞/kof98032-2"},{"time":0.6666,"name":"龍炎舞/kof98034-2"},{"time":0.7,"name":"龍炎舞/kof98036-2"},{"time":0.7333,"name":"龍炎舞/kof98038-2"},{"time":0.7666,"name":"龍炎舞/kof98040-2"},{"time":0.8,"name":null}]}}}}}