{"skeleton":{"hash":"LIaciqh1jbRL4wQOA4b415aG094","spine":"3.0.12","width":0,"height":0},"bones":[{"name":"root"},{"name":"EF_main","parent":"root"},{"name":"EF_waterwave1_1","parent":"EF_main","x":400,"y":100},{"name":"EF_trust2_1","parent":"EF_main","x":250,"y":100},{"name":"EF_trust1_1","parent":"EF_main","x":200,"y":50},{"name":"EF_smash1_1","parent":"EF_main","x":150,"y":100.03},{"name":"EF_slashbolt1_12","parent":"EF_main","x":350,"y":50},{"name":"EF_slashbolt1_11","parent":"EF_main","x":350,"y":50},{"name":"EF_slashbolt1_10","parent":"EF_main","x":350,"y":50},{"name":"EF_slashbolt1_9","parent":"EF_main","x":350,"y":50},{"name":"EF_slashbolt1_8","parent":"EF_main","x":350,"y":50},{"name":"EF_slashbolt1_7","parent":"EF_main","x":350,"y":50},{"name":"EF_slashbolt1_6","parent":"EF_main","x":350,"y":50},{"name":"EF_slashbolt1_5","parent":"EF_main","x":350,"y":50},{"name":"EF_slashbolt1_4","parent":"EF_main","x":350,"y":50},{"name":"EF_slashbolt1_3","parent":"EF_main","x":350,"y":50},{"name":"EF_slashbolt1_2","parent":"EF_main","x":350,"y":50},{"name":"EF_slashbolt1_1","parent":"EF_main","x":350,"y":50},{"name":"EF_slash1_1","parent":"EF_main","x":200,"y":100},{"name":"EF_shockwave1_3","parent":"EF_main","x":300,"y":100.03},{"name":"EF_shockwave1_2","parent":"EF_main","x":300,"y":100.03},{"name":"EF_shockwave1_1","parent":"EF_main","x":300,"y":100.03},{"name":"EF_rotaura1_2","parent":"EF_main","x":350},{"name":"EF_rotaura1_1","parent":"EF_main","x":350},{"name":"EF_flashring1_1","parent":"EF_main","x":300,"y":50},{"name":"EF_fireaura","parent":"EF_main","x":450},{"name":"EF_fire1_1","parent":"EF_main","x":400},{"name":"EF_enchant1_1","parent":"EF_main","x":150,"y":50},{"name":"EF_charge1_1","parent":"EF_main","x":250,"y":50},{"name":"EF_aura1_1","parent":"EF_main","x":350,"y":100}],"slots":[{"name":"EF_rotaura1_1","bone":"EF_rotaura1_1","blend":"additive"},{"name":"EF_rotaura1_2","bone":"EF_rotaura1_2","blend":"additive"},{"name":"EF_enchant1_1","bone":"EF_enchant1_1","blend":"additive"},{"name":"EF_trust1_1","bone":"EF_trust1_1","blend":"additive"},{"name":"EF_charge1_1","bone":"EF_charge1_1","blend":"additive"},{"name":"EF_flashring1_1","bone":"EF_flashring1_1","blend":"additive"},{"name":"EF_slashbolt1_1","bone":"EF_slashbolt1_1","blend":"additive"},{"name":"EF_slashbolt1_2","bone":"EF_slashbolt1_2","blend":"additive"},{"name":"EF_slashbolt1_3","bone":"EF_slashbolt1_3","blend":"additive"},{"name":"EF_slashbolt1_4","bone":"EF_slashbolt1_4","blend":"additive"},{"name":"EF_slashbolt1_5","bone":"EF_slashbolt1_5","blend":"additive"},{"name":"EF_slashbolt1_6","bone":"EF_slashbolt1_6","blend":"additive"},{"name":"EF_slashbolt1_7","bone":"EF_slashbolt1_7","blend":"additive"},{"name":"EF_slashbolt1_8","bone":"EF_slashbolt1_8","blend":"additive"},{"name":"EF_slashbolt1_9","bone":"EF_slashbolt1_9","blend":"additive"},{"name":"EF_slashbolt1_10","bone":"EF_slashbolt1_10","blend":"additive"},{"name":"EF_slashbolt1_11","bone":"EF_slashbolt1_11","blend":"additive"},{"name":"EF_slashbolt1_12","bone":"EF_slashbolt1_12","blend":"additive"},{"name":"EF_smash1_1","bone":"EF_smash1_1","blend":"additive"},{"name":"EF_slash1_1","bone":"EF_slash1_1","blend":"additive"},{"name":"EF_trust2_1","bone":"EF_trust2_1","blend":"additive"},{"name":"EF_shockwave1_1","bone":"EF_shockwave1_1","blend":"additive"},{"name":"EF_shockwave1_2","bone":"EF_shockwave1_2","blend":"additive"},{"name":"EF_shockwave1_3","bone":"EF_shockwave1_3","blend":"additive"},{"name":"EF_aura1_1","bone":"EF_aura1_1","blend":"additive"},{"name":"EF_aura1_2","bone":"EF_aura1_1","blend":"additive"},{"name":"EF_fire1_1","bone":"EF_fire1_1","blend":"additive"},{"name":"EF_fireaura","bone":"EF_fireaura","blend":"additive"},{"name":"EF_fireaura2","bone":"EF_fireaura","blend":"additive"},{"name":"EF_waterwave1_1","bone":"EF_waterwave1_1","blend":"additive"}],"skins":{"default":{"EF_aura1_1":{"EF/EF_aura2/670_S2_ene2_00003":{"width":250,"height":250},"EF/EF_aura2/670_S2_ene2_00004":{"width":250,"height":250},"EF/EF_aura2/670_S2_ene2_00005":{"width":250,"height":250},"EF/EF_aura2/670_S2_ene2_00007":{"width":250,"height":250},"EF/EF_aura2/670_S2_ene2_00008":{"width":250,"height":250},"EF/EF_aura2/670_S2_ene2_00010":{"width":250,"height":250},"EF/EF_aura2/670_S2_ene2_00013":{"width":250,"height":250},"EF/EF_aura2/670_S2_ene2_00014":{"width":250,"height":250},"EF/EF_aura2/670_S2_ene2_00015":{"width":250,"height":250}},"EF_aura1_2":{"EF/EF_aura2/670_S2_ene2_00003":{"width":250,"height":250},"EF/EF_aura2/670_S2_ene2_00004":{"width":250,"height":250},"EF/EF_aura2/670_S2_ene2_00005":{"width":250,"height":250},"EF/EF_aura2/670_S2_ene2_00007":{"width":250,"height":250},"EF/EF_aura2/670_S2_ene2_00008":{"width":250,"height":250},"EF/EF_aura2/670_S2_ene2_00010":{"width":250,"height":250},"EF/EF_aura2/670_S2_ene2_00013":{"width":250,"height":250},"EF/EF_aura2/670_S2_ene2_00014":{"width":250,"height":250},"EF/EF_aura2/670_S2_ene2_00015":{"width":250,"height":250}},"EF_charge1_1":{"EF/flash_chage3/900_S2_power1_00001":{"width":250,"height":250},"EF/flash_chage3/900_S2_power1_00003":{"width":250,"height":250},"EF/flash_chage3/900_S2_power1_00005":{"width":250,"height":250},"EF/flash_chage3/900_S2_power1_00007":{"width":250,"height":250},"EF/flash_chage3/900_S2_power1_00009":{"width":250,"height":250},"EF/flash_chage3/900_S2_power1_00011":{"width":250,"height":250},"EF/flash_chage3/900_S2_power1_00013":{"width":250,"height":250},"EF/flash_chage3/900_S2_power1_00015":{"width":250,"height":250},"EF/flash_chage3/900_S2_power1_00017":{"width":250,"height":250}},"EF_enchant1_1":{"EF/ef_enchant_main/ef_enchant_main_00026":{"width":180,"height":180},"EF/ef_enchant_main/ef_enchant_main_00027":{"width":180,"height":180},"EF/ef_enchant_main/ef_enchant_main_00028":{"width":180,"height":180},"EF/ef_enchant_main/ef_enchant_main_00029":{"width":180,"height":180},"EF/ef_enchant_main/ef_enchant_main_00030":{"width":180,"height":180},"EF/ef_enchant_main/ef_enchant_main_00031":{"width":180,"height":180},"EF/ef_enchant_main/ef_enchant_main_00032":{"width":180,"height":180},"EF/ef_enchant_main/ef_enchant_main_00033":{"width":180,"height":180},"EF/ef_enchant_main/ef_enchant_main_00034":{"width":180,"height":180},"EF/ef_enchant_main/ef_enchant_main_00035":{"width":180,"height":180},"EF/ef_enchant_main/ef_enchant_main_00036":{"width":180,"height":180},"EF/ef_enchant_main/ef_enchant_main_00037":{"width":180,"height":180},"EF/ef_enchant_main/ef_enchant_main_00038":{"width":180,"height":180}},"EF_fire1_1":{"EF/EF_fire/ef_water_main_00001":{"y":97.94,"width":240,"height":272},"EF/EF_fire/ef_water_main_00002":{"y":97.94,"width":240,"height":272},"EF/EF_fire/ef_water_main_00003":{"y":97.94,"width":240,"height":272},"EF/EF_fire/ef_water_main_00004":{"y":97.94,"width":240,"height":272},"EF/EF_fire/ef_water_main_00005":{"y":97.94,"width":240,"height":272},"EF/EF_fire/ef_water_main_00006":{"y":97.94,"width":240,"height":272},"EF/EF_fire/ef_water_main_00007":{"y":97.94,"width":240,"height":272},"EF/EF_fire/ef_water_main_00008":{"y":97.94,"width":240,"height":272},"EF/EF_fire/ef_water_main_00009":{"y":97.94,"width":240,"height":272},"EF/EF_fire/ef_water_main_00010":{"y":97.94,"width":240,"height":272},"EF/EF_fire/ef_water_main_00011":{"y":97.94,"width":240,"height":272},"EF/EF_fire/ef_water_main_00012":{"y":97.94,"width":240,"height":272},"EF/EF_fire/ef_water_main_00013":{"y":97.94,"width":240,"height":272}},"EF_fireaura":{"EF/ef_graund_water_main-aura/ef_graund_water_main_00002":{"width":300,"height":200},"EF/ef_graund_water_main-aura/ef_graund_water_main_00003":{"width":300,"height":200},"EF/ef_graund_water_main-aura/ef_graund_water_main_00004":{"width":300,"height":200},"EF/ef_graund_water_main-aura/ef_graund_water_main_00005":{"width":300,"height":200},"EF/ef_graund_water_main-aura/ef_graund_water_main_00006":{"width":300,"height":200},"EF/ef_graund_water_main-aura/ef_graund_water_main_00007":{"width":300,"height":200},"EF/ef_graund_water_main-aura/ef_graund_water_main_00008":{"width":300,"height":200},"EF/ef_graund_water_main-aura/ef_graund_water_main_00009":{"width":300,"height":200},"EF/ef_graund_water_main-aura/ef_graund_water_main_00010":{"width":300,"height":200},"EF/ef_graund_water_main-aura/ef_graund_water_main_00011":{"width":300,"height":200},"EF/ef_graund_water_main-aura/ef_graund_water_main_00012":{"width":300,"height":200}},"EF_fireaura2":{"EF/ef_graund_water_main-aura/ef_graund_water_main_00002":{"width":300,"height":200},"EF/ef_graund_water_main-aura/ef_graund_water_main_00003":{"width":300,"height":200},"EF/ef_graund_water_main-aura/ef_graund_water_main_00004":{"width":300,"height":200},"EF/ef_graund_water_main-aura/ef_graund_water_main_00005":{"width":300,"height":200},"EF/ef_graund_water_main-aura/ef_graund_water_main_00006":{"width":300,"height":200},"EF/ef_graund_water_main-aura/ef_graund_water_main_00007":{"width":300,"height":200},"EF/ef_graund_water_main-aura/ef_graund_water_main_00008":{"width":300,"height":200},"EF/ef_graund_water_main-aura/ef_graund_water_main_00009":{"width":300,"height":200},"EF/ef_graund_water_main-aura/ef_graund_water_main_00010":{"width":300,"height":200},"EF/ef_graund_water_main-aura/ef_graund_water_main_00011":{"width":300,"height":200},"EF/ef_graund_water_main-aura/ef_graund_water_main_00012":{"width":300,"height":200}},"EF_flashring1_1":{"EF/flash_ring/5110_S2_power2_00001":{"x":1.27,"y":-2.54,"width":350,"height":350},"EF/flash_ring/5110_S2_power2_00002":{"x":1.27,"y":-2.54,"width":350,"height":350},"EF/flash_ring/5110_S2_power2_00003":{"x":1.27,"y":-2.54,"width":350,"height":350},"EF/flash_ring/5110_S2_power2_00005":{"x":1.27,"y":-2.54,"width":350,"height":350},"EF/flash_ring/5110_S2_power2_00006":{"x":1.27,"y":-2.54,"width":350,"height":350},"EF/flash_ring/5110_S2_power2_00007":{"x":1.27,"y":-2.54,"width":350,"height":350},"EF/flash_ring/5110_S2_power2_00008":{"x":1.27,"y":-2.54,"width":350,"height":350}},"EF_rotaura1_1":{"EF/ef_aura/ef_rot_aura_main_00001":{"y":52.45,"width":200,"height":200},"EF/ef_aura/ef_rot_aura_main_00002":{"y":52.45,"width":200,"height":200},"EF/ef_aura/ef_rot_aura_main_00003":{"y":52.45,"width":200,"height":200},"EF/ef_aura/ef_rot_aura_main_00004":{"y":52.45,"width":200,"height":200},"EF/ef_aura/ef_rot_aura_main_00005":{"y":52.45,"width":200,"height":200},"EF/ef_aura/ef_rot_aura_main_00006":{"y":52.45,"width":200,"height":200},"EF/ef_aura/ef_rot_aura_main_00007":{"y":52.45,"width":200,"height":200},"EF/ef_aura/ef_rot_aura_main_00008":{"y":52.45,"width":200,"height":200},"EF/ef_aura/ef_rot_aura_main_00009":{"y":52.45,"width":200,"height":200},"EF/ef_aura/ef_rot_aura_main_00010":{"y":52.45,"width":200,"height":200},"EF/ef_aura/ef_rot_aura_main_00011":{"y":52.45,"width":200,"height":200},"EF/ef_aura/ef_rot_aura_main_00012":{"y":52.45,"width":200,"height":200},"EF/ef_aura/ef_rot_aura_main_00013":{"y":52.45,"width":200,"height":200}},"EF_rotaura1_2":{"EF/ef_aura/ef_rot_aura_main_00001":{"y":52.45,"width":200,"height":200},"EF/ef_aura/ef_rot_aura_main_00002":{"y":52.45,"width":200,"height":200},"EF/ef_aura/ef_rot_aura_main_00003":{"y":52.45,"width":200,"height":200},"EF/ef_aura/ef_rot_aura_main_00004":{"y":52.45,"width":200,"height":200},"EF/ef_aura/ef_rot_aura_main_00005":{"y":52.45,"width":200,"height":200},"EF/ef_aura/ef_rot_aura_main_00006":{"y":52.45,"width":200,"height":200},"EF/ef_aura/ef_rot_aura_main_00007":{"y":52.45,"width":200,"height":200},"EF/ef_aura/ef_rot_aura_main_00008":{"y":52.45,"width":200,"height":200},"EF/ef_aura/ef_rot_aura_main_00009":{"y":52.45,"width":200,"height":200},"EF/ef_aura/ef_rot_aura_main_00010":{"y":52.45,"width":200,"height":200},"EF/ef_aura/ef_rot_aura_main_00011":{"y":52.45,"width":200,"height":200},"EF/ef_aura/ef_rot_aura_main_00012":{"y":52.45,"width":200,"height":200},"EF/ef_aura/ef_rot_aura_main_00013":{"y":52.45,"width":200,"height":200}},"EF_shockwave1_1":{"EF/wave_shock1/5110_S2_attack3_00003":{"x":-10.26,"width":325,"height":325},"EF/wave_shock1/5110_S2_attack3_00004":{"x":-10.26,"width":325,"height":325},"EF/wave_shock1/5110_S2_attack3_00005":{"x":-10.26,"width":325,"height":325},"EF/wave_shock1/5110_S2_attack3_00006":{"x":-10.26,"width":325,"height":325},"EF/wave_shock1/5110_S2_attack3_00007":{"x":-10.26,"width":325,"height":325}},"EF_shockwave1_2":{"EF/wave_shock1/5110_S2_attack3_00003":{"x":-10.26,"width":325,"height":325},"EF/wave_shock1/5110_S2_attack3_00004":{"x":-10.26,"width":325,"height":325},"EF/wave_shock1/5110_S2_attack3_00005":{"x":-10.26,"width":325,"height":325},"EF/wave_shock1/5110_S2_attack3_00006":{"x":-10.26,"width":325,"height":325},"EF/wave_shock1/5110_S2_attack3_00007":{"x":-10.26,"width":325,"height":325}},"EF_shockwave1_3":{"EF/wave_shock1/5110_S2_attack3_00003":{"x":-10.26,"width":325,"height":325},"EF/wave_shock1/5110_S2_attack3_00004":{"x":-10.26,"width":325,"height":325},"EF/wave_shock1/5110_S2_attack3_00005":{"x":-10.26,"width":325,"height":325},"EF/wave_shock1/5110_S2_attack3_00006":{"x":-10.26,"width":325,"height":325},"EF/wave_shock1/5110_S2_attack3_00007":{"x":-10.26,"width":325,"height":325}},"EF_slash1_1":{"EF/slash3/MKY_slash5_00002":{"width":350,"height":350},"EF/slash3/MKY_slash5_00003":{"width":350,"height":350},"EF/slash3/MKY_slash5_00004":{"width":350,"height":350}},"EF_slashbolt1_1":{"EF/ef_slash_bolt_main_00002":{"width":400,"height":200},"EF/line1/5220_S3_slash1_00006":{"width":500,"height":500}},"EF_slashbolt1_10":{"EF/ef_slash_bolt_main_00002":{"width":400,"height":200},"EF/line1/5220_S3_slash1_00006":{"width":500,"height":500}},"EF_slashbolt1_11":{"EF/ef_slash_bolt_main_00002":{"width":400,"height":200},"EF/line1/5220_S3_slash1_00006":{"width":500,"height":500}},"EF_slashbolt1_12":{"EF/ef_slash_bolt_main_00002":{"width":400,"height":200},"EF/line1/5220_S3_slash1_00006":{"width":500,"height":500}},"EF_slashbolt1_2":{"EF/ef_slash_bolt_main_00002":{"width":400,"height":200},"EF/line1/5220_S3_slash1_00006":{"width":500,"height":500}},"EF_slashbolt1_3":{"EF/ef_slash_bolt_main_00002":{"width":400,"height":200},"EF/line1/5220_S3_slash1_00006":{"width":500,"height":500}},"EF_slashbolt1_4":{"EF/ef_slash_bolt_main_00002":{"width":400,"height":200},"EF/line1/5220_S3_slash1_00006":{"width":500,"height":500}},"EF_slashbolt1_5":{"EF/ef_slash_bolt_main_00002":{"width":400,"height":200},"EF/line1/5220_S3_slash1_00006":{"width":500,"height":500}},"EF_slashbolt1_6":{"EF/ef_slash_bolt_main_00002":{"width":400,"height":200},"EF/line1/5220_S3_slash1_00006":{"width":500,"height":500}},"EF_slashbolt1_7":{"EF/ef_slash_bolt_main_00002":{"width":400,"height":200},"EF/line1/5220_S3_slash1_00006":{"width":500,"height":500}},"EF_slashbolt1_8":{"EF/ef_slash_bolt_main_00002":{"width":400,"height":200},"EF/line1/5220_S3_slash1_00006":{"width":500,"height":500}},"EF_slashbolt1_9":{"EF/ef_slash_bolt_main_00002":{"width":400,"height":200},"EF/line1/5220_S3_slash1_00006":{"width":500,"height":500}},"EF_smash1_1":{"EF/shock3/5110_S2_attack1_00002":{"x":66.68,"y":8.55,"width":300,"height":300},"EF/shock3/5110_S2_attack1_00003":{"x":66.68,"y":8.55,"width":300,"height":300},"EF/shock3/5110_S2_attack1_00006":{"x":66.68,"y":8.55,"width":300,"height":300},"EF/shock3/5110_S2_attack1_00007":{"x":66.68,"y":8.55,"width":300,"height":300}},"EF_trust1_1":{"EF/ef_trust/ef_trust_main_00001":{"x":-67.5,"width":350,"height":200},"EF/ef_trust/ef_trust_main_00002":{"x":-67.5,"width":350,"height":200},"EF/ef_trust/ef_trust_main_00003":{"x":-67.5,"width":350,"height":200},"EF/ef_trust/ef_trust_main_00004":{"x":-67.5,"width":350,"height":200},"EF/ef_trust/ef_trust_main_00005":{"x":-67.5,"width":350,"height":200},"EF/ef_trust/ef_trust_main_00006":{"x":-67.5,"width":350,"height":200},"EF/ef_trust/ef_trust_main_00007":{"x":-67.5,"width":350,"height":200},"EF/ef_trust/ef_trust_main_00008":{"x":-67.5,"width":350,"height":200}},"EF_trust2_1":{"EF/slash_thrust/660_S1_slash1_00003":{"x":-62.41,"width":350,"height":350}},"EF_waterwave1_1":{"EF/EF_waterwave/ef_fire_wave_A_main_00001":{"x":85.63,"width":240,"height":240},"EF/EF_waterwave/ef_fire_wave_A_main_00002":{"x":85.63,"width":240,"height":240},"EF/EF_waterwave/ef_fire_wave_A_main_00003":{"x":85.63,"width":240,"height":240},"EF/EF_waterwave/ef_fire_wave_A_main_00004":{"x":85.63,"width":240,"height":240},"EF/EF_waterwave/ef_fire_wave_A_main_00005":{"x":85.63,"width":240,"height":240},"EF/EF_waterwave/ef_fire_wave_A_main_00006":{"x":85.63,"width":240,"height":240},"EF/EF_waterwave/ef_fire_wave_A_main_00007":{"x":85.63,"width":240,"height":240},"EF/EF_waterwave/ef_fire_wave_A_main_00008":{"x":85.63,"width":240,"height":240},"EF/EF_waterwave/ef_fire_wave_A_main_00009":{"x":85.63,"width":240,"height":240},"EF/EF_waterwave/ef_fire_wave_A_main_00010":{"x":85.63,"width":240,"height":240},"EF/EF_waterwave/ef_fire_wave_A_main_00011":{"x":85.63,"width":240,"height":240},"EF/EF_waterwave/ef_fire_wave_A_main_00012":{"x":85.63,"width":240,"height":240}}}},"animations":{"1-attack1":{},"1-skill1":{"slots":{"EF_flashring1_1":{"attachment":[{"time":0.8,"name":"EF/flash_ring/5110_S2_power2_00001"},{"time":0.8333,"name":"EF/flash_ring/5110_S2_power2_00002"},{"time":0.8666,"name":"EF/flash_ring/5110_S2_power2_00003"},{"time":0.9,"name":"EF/flash_ring/5110_S2_power2_00005"},{"time":0.9333,"name":"EF/flash_ring/5110_S2_power2_00006"},{"time":0.9666,"name":"EF/flash_ring/5110_S2_power2_00007"},{"time":1,"name":"EF/flash_ring/5110_S2_power2_00008"},{"time":1.0333,"name":null}]},"EF_smash1_1":{"attachment":[{"time":1.1333,"name":"EF/shock3/5110_S2_attack1_00002"},{"time":1.1666,"name":"EF/shock3/5110_S2_attack1_00003"},{"time":1.2,"name":"EF/shock3/5110_S2_attack1_00006"},{"time":1.2333,"name":"EF/shock3/5110_S2_attack1_00007"},{"time":1.2666,"name":null}]},"EF_trust1_1":{"attachment":[{"time":1,"name":"EF/ef_trust/ef_trust_main_00001"},{"time":1.0333,"name":"EF/ef_trust/ef_trust_main_00002"},{"time":1.0666,"name":"EF/ef_trust/ef_trust_main_00003"},{"time":1.1,"name":"EF/ef_trust/ef_trust_main_00004"},{"time":1.1333,"name":"EF/ef_trust/ef_trust_main_00005"},{"time":1.1666,"name":"EF/ef_trust/ef_trust_main_00006"},{"time":1.2,"name":"EF/ef_trust/ef_trust_main_00007"},{"time":1.2333,"name":"EF/ef_trust/ef_trust_main_00008"},{"time":1.2666,"name":null}]},"EF_trust2_1":{"attachment":[{"time":1.1,"name":"EF/slash_thrust/660_S1_slash1_00003"},{"time":1.3,"name":null}],"color":[{"time":1.2,"color":"ffffffff"},{"time":1.3,"color":"ffffff00"}]}},"bones":{"EF_flashring1_1":{"translate":[{"time":0.8,"x":-300,"y":0}],"scale":[{"time":0.8,"x":1.5,"y":1.5}]},"EF_trust1_1":{"translate":[{"time":1,"x":-200,"y":0}],"scale":[{"time":1,"x":2.5,"y":2.5}]},"EF_smash1_1":{"translate":[{"time":1.1333,"x":-641.09,"y":-46.24}],"scale":[{"time":1.1333,"x":2.5,"y":2.5}]},"EF_trust2_1":{"translate":[{"time":1.1,"x":-607.85,"y":-46.97}],"scale":[{"time":1.1,"x":2.985,"y":2.985},{"time":1.2,"x":2.985,"y":0.42}]}}},"1-skill2":{"slots":{"EF_charge1_1":{"attachment":[{"time":0,"name":"EF/flash_chage3/900_S2_power1_00001"},{"time":0.0666,"name":"EF/flash_chage3/900_S2_power1_00003"},{"time":0.1333,"name":"EF/flash_chage3/900_S2_power1_00005"},{"time":0.2,"name":"EF/flash_chage3/900_S2_power1_00007"},{"time":0.2666,"name":"EF/flash_chage3/900_S2_power1_00009"},{"time":0.3333,"name":"EF/flash_chage3/900_S2_power1_00011"},{"time":0.4,"name":"EF/flash_chage3/900_S2_power1_00013"},{"time":0.4666,"name":"EF/flash_chage3/900_S2_power1_00015"},{"time":0.5333,"name":"EF/flash_chage3/900_S2_power1_00017"},{"time":0.6,"name":null}]},"EF_enchant1_1":{"attachment":[{"time":0,"name":"EF/ef_enchant_main/ef_enchant_main_00026"},{"time":0.0333,"name":"EF/ef_enchant_main/ef_enchant_main_00027"},{"time":0.0666,"name":"EF/ef_enchant_main/ef_enchant_main_00028"},{"time":0.1,"name":"EF/ef_enchant_main/ef_enchant_main_00029"},{"time":0.1333,"name":"EF/ef_enchant_main/ef_enchant_main_00030"},{"time":0.1666,"name":"EF/ef_enchant_main/ef_enchant_main_00031"},{"time":0.2,"name":"EF/ef_enchant_main/ef_enchant_main_00032"},{"time":0.2333,"name":"EF/ef_enchant_main/ef_enchant_main_00033"},{"time":0.2666,"name":"EF/ef_enchant_main/ef_enchant_main_00034"},{"time":0.3,"name":"EF/ef_enchant_main/ef_enchant_main_00035"},{"time":0.3333,"name":"EF/ef_enchant_main/ef_enchant_main_00036"},{"time":0.3666,"name":"EF/ef_enchant_main/ef_enchant_main_00037"},{"time":0.4,"name":"EF/ef_enchant_main/ef_enchant_main_00038"},{"time":0.4333,"name":"EF/ef_enchant_main/ef_enchant_main_00026"},{"time":0.4666,"name":"EF/ef_enchant_main/ef_enchant_main_00027"},{"time":0.5,"name":"EF/ef_enchant_main/ef_enchant_main_00028"},{"time":0.5333,"name":"EF/ef_enchant_main/ef_enchant_main_00029"},{"time":0.5666,"name":"EF/ef_enchant_main/ef_enchant_main_00030"},{"time":0.6,"name":"EF/ef_enchant_main/ef_enchant_main_00031"},{"time":0.6333,"name":"EF/ef_enchant_main/ef_enchant_main_00032"},{"time":0.6666,"name":"EF/ef_enchant_main/ef_enchant_main_00033"},{"time":0.7,"name":"EF/ef_enchant_main/ef_enchant_main_00034"},{"time":0.7333,"name":"EF/ef_enchant_main/ef_enchant_main_00035"},{"time":0.7666,"name":"EF/ef_enchant_main/ef_enchant_main_00036"},{"time":0.8,"name":"EF/ef_enchant_main/ef_enchant_main_00037"},{"time":0.8333,"name":"EF/ef_enchant_main/ef_enchant_main_00038"},{"time":0.8666,"name":null}],"color":[{"time":0.6666,"color":"ffffffff"},{"time":0.8666,"color":"ffffff00"}]},"EF_fire1_1":{"attachment":[{"time":0,"name":"EF/EF_fire/ef_water_main_00001"},{"time":0.0333,"name":"EF/EF_fire/ef_water_main_00002"},{"time":0.0666,"name":"EF/EF_fire/ef_water_main_00003"},{"time":0.1,"name":"EF/EF_fire/ef_water_main_00004"},{"time":0.1333,"name":"EF/EF_fire/ef_water_main_00005"},{"time":0.1666,"name":"EF/EF_fire/ef_water_main_00006"},{"time":0.2,"name":"EF/EF_fire/ef_water_main_00007"},{"time":0.2333,"name":"EF/EF_fire/ef_water_main_00008"},{"time":0.2666,"name":"EF/EF_fire/ef_water_main_00009"},{"time":0.3,"name":"EF/EF_fire/ef_water_main_00010"},{"time":0.3333,"name":"EF/EF_fire/ef_water_main_00011"},{"time":0.3666,"name":"EF/EF_fire/ef_water_main_00012"},{"time":0.4,"name":"EF/EF_fire/ef_water_main_00013"},{"time":0.4333,"name":null}]},"EF_flashring1_1":{"attachment":[{"time":0.5,"name":"EF/flash_ring/5110_S2_power2_00001"},{"time":0.5333,"name":"EF/flash_ring/5110_S2_power2_00002"},{"time":0.5666,"name":"EF/flash_ring/5110_S2_power2_00003"},{"time":0.6,"name":"EF/flash_ring/5110_S2_power2_00005"},{"time":0.6333,"name":"EF/flash_ring/5110_S2_power2_00006"},{"time":0.7,"name":"EF/flash_ring/5110_S2_power2_00007"},{"time":0.7666,"name":"EF/flash_ring/5110_S2_power2_00008"},{"time":0.8333,"name":null}],"color":[{"time":0.7333,"color":"ffffffff"},{"time":0.8333,"color":"ffffff00"}]},"EF_slash1_1":{"attachment":[{"time":1.6,"name":"EF/slash3/MKY_slash5_00002"},{"time":1.6666,"name":"EF/slash3/MKY_slash5_00003"},{"time":1.7333,"name":"EF/slash3/MKY_slash5_00004"},{"time":1.8,"name":null}],"color":[{"time":1.6,"color":"ffffffff","curve":"stepped"},{"time":1.7,"color":"ffffffff"},{"time":1.8,"color":"ffffff00"}]},"EF_slashbolt1_2":{"attachment":[{"time":1.0333,"name":"EF/ef_slash_bolt_main_00002"},{"time":1.1,"name":"EF/line1/5220_S3_slash1_00006"},{"time":1.4333,"name":null},{"time":1.6666,"name":"EF/ef_slash_bolt_main_00002"},{"time":1.7333,"name":"EF/line1/5220_S3_slash1_00006"},{"time":2.2666,"name":null}]},"EF_slashbolt1_5":{"attachment":[{"time":1.1,"name":"EF/ef_slash_bolt_main_00002"},{"time":1.1666,"name":"EF/line1/5220_S3_slash1_00006"},{"time":1.5,"name":null},{"time":1.7333,"name":"EF/ef_slash_bolt_main_00002"},{"time":1.8,"name":"EF/line1/5220_S3_slash1_00006"},{"time":2.3333,"name":null}]},"EF_slashbolt1_6":{"attachment":[{"time":1.1,"name":"EF/line1/5220_S3_slash1_00006"},{"time":1.5,"name":null},{"time":1.7333,"name":"EF/line1/5220_S3_slash1_00006"},{"time":2.3333,"name":null}]},"EF_slashbolt1_7":{"attachment":[{"time":1.1333,"name":"EF/ef_slash_bolt_main_00002"},{"time":1.2,"name":"EF/line1/5220_S3_slash1_00006"},{"time":1.5333,"name":null}]},"EF_slashbolt1_8":{"attachment":[{"time":1.1666,"name":"EF/ef_slash_bolt_main_00002"},{"time":1.2333,"name":"EF/line1/5220_S3_slash1_00006"},{"time":1.5666,"name":null},{"time":1.7666,"name":"EF/line1/5220_S3_slash1_00006"},{"time":2.3666,"name":null}]},"EF_slashbolt1_9":{"attachment":[{"time":1.8,"name":"EF/ef_slash_bolt_main_00002"},{"time":1.8666,"name":"EF/line1/5220_S3_slash1_00006"},{"time":2.4,"name":null}]},"EF_slashbolt1_11":{"attachment":[{"time":1.8333,"name":"EF/ef_slash_bolt_main_00002"},{"time":1.9,"name":"EF/line1/5220_S3_slash1_00006"},{"time":2.4333,"name":null}]}},"bones":{"EF_enchant1_1":{"translate":[{"time":0,"x":-135.4,"y":18.2}]},"EF_fire1_1":{"rotate":[{"time":0,"angle":-64.13}],"translate":[{"time":0,"x":-369.38,"y":68.94}],"scale":[{"time":0,"x":0.8,"y":0.8}]},"EF_charge1_1":{"translate":[{"time":0,"x":-235.27,"y":18.74}],"scale":[{"time":0,"x":2,"y":2}]},"EF_flashring1_1":{"translate":[{"time":0.5,"x":-284.83,"y":19.13}],"scale":[{"time":0.5,"x":0.75,"y":0.75,"curve":[0.137,0.52,0.75,1]},{"time":0.6333,"x":2.5,"y":2.5},{"time":0.8,"x":3,"y":3}]},"EF_slashbolt1_2":{"rotate":[{"time":1.0333,"angle":-19.83,"curve":"stepped"},{"time":1.6666,"angle":-152.37}],"translate":[{"time":1.0333,"x":-356.81,"y":229.11,"curve":"stepped"},{"time":1.1,"x":-356.81,"y":229.11},{"time":1.3666,"x":-340.19,"y":223.12,"curve":"stepped"},{"time":1.6666,"x":-299.7,"y":181.8,"curve":"stepped"},{"time":1.7333,"x":-299.7,"y":181.8},{"time":2.1666,"x":-248.81,"y":208.46}],"scale":[{"time":1.0333,"x":3,"y":3,"curve":"stepped"},{"time":1.0666,"x":-6,"y":6},{"time":1.1,"x":6,"y":1.5,"curve":"stepped"},{"time":1.3666,"x":6,"y":1.5},{"time":1.4333,"x":6,"y":0.1,"curve":"stepped"},{"time":1.6666,"x":3,"y":3,"curve":"stepped"},{"time":1.7,"x":-6,"y":6},{"time":1.7333,"x":6,"y":1.5,"curve":"stepped"},{"time":2,"x":6,"y":1.5},{"time":2.1666,"x":16,"y":1},{"time":2.2333,"x":16,"y":0.1}]},"EF_slashbolt1_5":{"rotate":[{"time":1.1,"angle":-161.86,"curve":"stepped"},{"time":1.7333,"angle":62.27}],"translate":[{"time":1.1,"x":-345.55,"y":-67.6,"curve":"stepped"},{"time":1.1666,"x":-345.55,"y":-67.6},{"time":1.4333,"x":-375.9,"y":-76.74,"curve":"stepped"},{"time":1.7333,"x":-407.27,"y":-27.94},{"time":2.2333,"x":-391.25,"y":2.56}],"scale":[{"time":1.1,"x":3,"y":3},{"time":1.1333,"x":-6,"y":6},{"time":1.1666,"x":6,"y":1.5,"curve":"stepped"},{"time":1.4333,"x":6,"y":1.5},{"time":1.5,"x":6,"y":0.1,"curve":"stepped"},{"time":1.7333,"x":3,"y":3},{"time":1.7666,"x":-6,"y":6},{"time":1.8,"x":6,"y":1.5,"curve":"stepped"},{"time":2.0666,"x":6,"y":1.5},{"time":2.2333,"x":15,"y":1},{"time":2.3,"x":16,"y":0.1}]},"EF_slashbolt1_6":{"rotate":[{"time":1.1,"angle":-86.63,"curve":"stepped"},{"time":1.7333,"angle":-34.88}],"translate":[{"time":1.1,"x":-619.73,"y":262.91,"curve":"stepped"},{"time":1.1666,"x":-619.73,"y":262.91},{"time":1.4333,"x":-620.66,"y":278.68,"curve":"stepped"},{"time":1.7333,"x":-446.36,"y":296.11},{"time":2.2333,"x":-419.27,"y":277.23}],"scale":[{"time":1.1,"x":3,"y":3},{"time":1.1333,"x":-6,"y":6},{"time":1.1666,"x":6,"y":1.5,"curve":"stepped"},{"time":1.4333,"x":6,"y":1.5},{"time":1.5,"x":6,"y":0.1,"curve":"stepped"},{"time":1.7333,"x":3,"y":3},{"time":1.7666,"x":-6,"y":6},{"time":1.8,"x":6,"y":1.5,"curve":"stepped"},{"time":2.0666,"x":6,"y":1.5},{"time":2.2333,"x":15,"y":1},{"time":2.3,"x":16,"y":0.097}]},"EF_slashbolt1_7":{"rotate":[{"time":1.1333,"angle":-168.46}],"translate":[{"time":1.1333,"x":-535.22,"y":344.58,"curve":"stepped"},{"time":1.2,"x":-535.22,"y":344.58},{"time":1.4666,"x":-551.11,"y":341.33}],"scale":[{"time":1.1333,"x":3,"y":3},{"time":1.1666,"x":-6,"y":6},{"time":1.2,"x":6,"y":1.5,"curve":"stepped"},{"time":1.4666,"x":6,"y":1.5},{"time":1.5333,"x":6,"y":0.1}]},"EF_slashbolt1_8":{"rotate":[{"time":1.1666,"angle":-62.76,"curve":"stepped"},{"time":1.7666,"angle":-89.39}],"translate":[{"time":1.1666,"x":-631,"y":-52.58,"curve":"stepped"},{"time":1.2333,"x":-631,"y":-52.58},{"time":1.5,"x":-628.7,"y":-57.06,"curve":"stepped"},{"time":1.7666,"x":-527.6,"y":-4.77}],"scale":[{"time":1.1666,"x":3,"y":3},{"time":1.2,"x":-6,"y":6},{"time":1.2333,"x":6,"y":1.5,"curve":"stepped"},{"time":1.5,"x":6,"y":1.5},{"time":1.5666,"x":6,"y":0.1,"curve":"stepped"},{"time":1.7666,"x":3,"y":3},{"time":1.8,"x":-6,"y":6},{"time":1.8333,"x":6,"y":1.5,"curve":"stepped"},{"time":2.0666,"x":6,"y":1.5},{"time":2.2666,"x":15,"y":1},{"time":2.3333,"x":16,"y":0.1}]},"EF_slashbolt1_9":{"rotate":[{"time":1.8,"angle":10.19}],"translate":[{"time":1.8,"x":-289.33,"y":-87.14}],"scale":[{"time":1.8,"x":3,"y":3},{"time":1.8333,"x":-6,"y":6},{"time":1.8666,"x":6,"y":1.5,"curve":"stepped"},{"time":2.1,"x":6,"y":1.5},{"time":2.3,"x":15,"y":1},{"time":2.3666,"x":16,"y":0.1}]},"EF_slashbolt1_11":{"rotate":[{"time":1.8333,"angle":46.22}],"translate":[{"time":1.8333,"x":-699.17,"y":178.14}],"scale":[{"time":1.8333,"x":3,"y":3},{"time":1.8666,"x":-6,"y":6},{"time":1.9,"x":6,"y":1.5,"curve":"stepped"},{"time":2.1333,"x":6,"y":1.5},{"time":2.3333,"x":7.684,"y":1},{"time":2.4,"x":16,"y":0.1}]},"EF_slash1_1":{"rotate":[{"time":1.6,"angle":152.48}],"translate":[{"time":1.6,"x":-261.57,"y":54.94}],"scale":[{"time":1.6,"x":3.5,"y":-3.5}]}}},"2-attack1":{},"2-skill1":{"slots":{"EF_flashring1_1":{"attachment":[{"time":0,"name":"EF/flash_ring/5110_S2_power2_00001"},{"time":0.0333,"name":"EF/flash_ring/5110_S2_power2_00002"},{"time":0.0666,"name":"EF/flash_ring/5110_S2_power2_00003"},{"time":0.1,"name":"EF/flash_ring/5110_S2_power2_00005"},{"time":0.1333,"name":"EF/flash_ring/5110_S2_power2_00006"},{"time":0.1666,"name":"EF/flash_ring/5110_S2_power2_00007"},{"time":0.2,"name":"EF/flash_ring/5110_S2_power2_00008"},{"time":0.2333,"name":null}]},"EF_shockwave1_1":{"attachment":[{"time":0.2,"name":"EF/wave_shock1/5110_S2_attack3_00003"},{"time":0.2333,"name":"EF/wave_shock1/5110_S2_attack3_00004"},{"time":0.2666,"name":"EF/wave_shock1/5110_S2_attack3_00005"},{"time":0.3333,"name":"EF/wave_shock1/5110_S2_attack3_00006"},{"time":0.4,"name":"EF/wave_shock1/5110_S2_attack3_00007"},{"time":0.4666,"name":null}],"color":[{"time":0.3666,"color":"ffffffff"},{"time":0.4666,"color":"ffffff00"}]},"EF_shockwave1_2":{"attachment":[{"time":0.2666,"name":"EF/wave_shock1/5110_S2_attack3_00003"},{"time":0.3,"name":"EF/wave_shock1/5110_S2_attack3_00004"},{"time":0.3333,"name":"EF/wave_shock1/5110_S2_attack3_00005"},{"time":0.4,"name":"EF/wave_shock1/5110_S2_attack3_00006"},{"time":0.4666,"name":"EF/wave_shock1/5110_S2_attack3_00007"},{"time":0.5333,"name":null}],"color":[{"time":0.4333,"color":"ffffffff"},{"time":0.5333,"color":"ffffff00"}]},"EF_shockwave1_3":{"attachment":[{"time":0.3333,"name":"EF/wave_shock1/5110_S2_attack3_00003"},{"time":0.3666,"name":"EF/wave_shock1/5110_S2_attack3_00004"},{"time":0.4,"name":"EF/wave_shock1/5110_S2_attack3_00005"},{"time":0.4666,"name":"EF/wave_shock1/5110_S2_attack3_00006"},{"time":0.5333,"name":"EF/wave_shock1/5110_S2_attack3_00007"},{"time":0.6,"name":null}],"color":[{"time":0.5,"color":"ffffffff"},{"time":0.6,"color":"ffffff00"}]},"EF_slashbolt1_1":{"attachment":[{"time":0.3333,"name":"EF/line1/5220_S3_slash1_00006"},{"time":1,"name":null}],"color":[{"time":0.6666,"color":"ffffffff"},{"time":1,"color":"ffffff00"}]},"EF_smash1_1":{"attachment":[{"time":0.3333,"name":"EF/shock3/5110_S2_attack1_00002"},{"time":0.3666,"name":"EF/shock3/5110_S2_attack1_00003"},{"time":0.4,"name":"EF/shock3/5110_S2_attack1_00006"},{"time":0.4333,"name":"EF/shock3/5110_S2_attack1_00007"},{"time":0.4666,"name":null}]},"EF_trust1_1":{"attachment":[{"time":0.2,"name":"EF/ef_trust/ef_trust_main_00001"},{"time":0.2333,"name":"EF/ef_trust/ef_trust_main_00002"},{"time":0.2666,"name":"EF/ef_trust/ef_trust_main_00003"},{"time":0.3,"name":"EF/ef_trust/ef_trust_main_00004"},{"time":0.3333,"name":"EF/ef_trust/ef_trust_main_00005"},{"time":0.3666,"name":"EF/ef_trust/ef_trust_main_00006"},{"time":0.4,"name":"EF/ef_trust/ef_trust_main_00007"},{"time":0.4333,"name":"EF/ef_trust/ef_trust_main_00008"},{"time":0.4666,"name":null}]},"EF_trust2_1":{"attachment":[{"time":0.3,"name":"EF/slash_thrust/660_S1_slash1_00003"},{"time":0.6666,"name":null}],"color":[{"time":0.4,"color":"ffffffff"},{"time":0.6666,"color":"ffffff00"}]}},"bones":{"EF_flashring1_1":{"translate":[{"time":0,"x":-300,"y":0}],"scale":[{"time":0,"x":1.5,"y":1.5}]},"EF_trust1_1":{"translate":[{"time":0.2,"x":-200,"y":0}],"scale":[{"time":0.2,"x":2.5,"y":2.5}]},"EF_smash1_1":{"translate":[{"time":0.3333,"x":-641.09,"y":-46.24}],"scale":[{"time":0.3333,"x":2.5,"y":2.5}]},"EF_trust2_1":{"translate":[{"time":0.3,"x":-607.85,"y":-46.97}],"scale":[{"time":0.3,"x":2.985,"y":2.985},{"time":0.4,"x":2.985,"y":0.42},{"time":0.6666,"x":10.776,"y":0.161}]},"EF_shockwave1_1":{"translate":[{"time":0.2,"x":-443.22,"y":-46.72}],"scale":[{"time":0.2,"x":2,"y":2,"curve":"stepped"},{"time":0.2666,"x":2,"y":2,"curve":[0.18,0.78,0.75,1]},{"time":0.4333,"x":2.5,"y":2.5}]},"EF_shockwave1_3":{"translate":[{"time":0.3333,"x":-642.36,"y":-46.72}],"scale":[{"time":0.3333,"x":2,"y":2,"curve":"stepped"},{"time":0.4,"x":2,"y":2,"curve":[0.18,0.78,0.75,1]},{"time":0.5666,"x":2.5,"y":2.5}]},"EF_shockwave1_2":{"translate":[{"time":0.2666,"x":-551.68,"y":-46.72}],"scale":[{"time":0.2666,"x":2,"y":2,"curve":"stepped"},{"time":0.3333,"x":2,"y":2,"curve":[0.18,0.78,0.75,1]},{"time":0.5,"x":2.5,"y":2.5}]},"EF_slashbolt1_1":{"translate":[{"time":0.3333,"x":-705.27,"y":2.54}],"scale":[{"time":0.3333,"x":6.726,"y":1},{"time":0.6666,"x":6.726,"y":0.175},{"time":0.8333,"x":6.726,"y":0.092}]}}},"2-skill2":{"slots":{"EF_charge1_1":{"attachment":[{"time":0,"name":"EF/flash_chage3/900_S2_power1_00001"},{"time":0.0666,"name":"EF/flash_chage3/900_S2_power1_00003"},{"time":0.1333,"name":"EF/flash_chage3/900_S2_power1_00005"},{"time":0.2,"name":"EF/flash_chage3/900_S2_power1_00007"},{"time":0.2666,"name":"EF/flash_chage3/900_S2_power1_00009"},{"time":0.3333,"name":"EF/flash_chage3/900_S2_power1_00011"},{"time":0.4,"name":"EF/flash_chage3/900_S2_power1_00013"},{"time":0.4666,"name":"EF/flash_chage3/900_S2_power1_00015"},{"time":0.5333,"name":"EF/flash_chage3/900_S2_power1_00017"},{"time":0.6,"name":null}]},"EF_enchant1_1":{"attachment":[{"time":0,"name":"EF/ef_enchant_main/ef_enchant_main_00026"},{"time":0.0333,"name":"EF/ef_enchant_main/ef_enchant_main_00027"},{"time":0.0666,"name":"EF/ef_enchant_main/ef_enchant_main_00028"},{"time":0.1,"name":"EF/ef_enchant_main/ef_enchant_main_00029"},{"time":0.1333,"name":"EF/ef_enchant_main/ef_enchant_main_00030"},{"time":0.1666,"name":"EF/ef_enchant_main/ef_enchant_main_00031"},{"time":0.2,"name":"EF/ef_enchant_main/ef_enchant_main_00032"},{"time":0.2333,"name":"EF/ef_enchant_main/ef_enchant_main_00033"},{"time":0.2666,"name":"EF/ef_enchant_main/ef_enchant_main_00034"},{"time":0.3,"name":"EF/ef_enchant_main/ef_enchant_main_00035"},{"time":0.3333,"name":"EF/ef_enchant_main/ef_enchant_main_00036"},{"time":0.3666,"name":"EF/ef_enchant_main/ef_enchant_main_00037"},{"time":0.4,"name":"EF/ef_enchant_main/ef_enchant_main_00038"},{"time":0.4333,"name":"EF/ef_enchant_main/ef_enchant_main_00026"},{"time":0.4666,"name":"EF/ef_enchant_main/ef_enchant_main_00027"},{"time":0.5,"name":"EF/ef_enchant_main/ef_enchant_main_00028"},{"time":0.5333,"name":"EF/ef_enchant_main/ef_enchant_main_00029"},{"time":0.5666,"name":"EF/ef_enchant_main/ef_enchant_main_00030"},{"time":0.6,"name":"EF/ef_enchant_main/ef_enchant_main_00031"},{"time":0.6333,"name":"EF/ef_enchant_main/ef_enchant_main_00032"},{"time":0.6666,"name":"EF/ef_enchant_main/ef_enchant_main_00033"},{"time":0.7,"name":"EF/ef_enchant_main/ef_enchant_main_00034"},{"time":0.7333,"name":"EF/ef_enchant_main/ef_enchant_main_00035"},{"time":0.7666,"name":"EF/ef_enchant_main/ef_enchant_main_00036"},{"time":0.8,"name":"EF/ef_enchant_main/ef_enchant_main_00037"},{"time":0.8333,"name":"EF/ef_enchant_main/ef_enchant_main_00038"},{"time":0.8666,"name":null}],"color":[{"time":0.6666,"color":"ffffffff"},{"time":0.8666,"color":"ffffff00"}]},"EF_fire1_1":{"attachment":[{"time":0,"name":"EF/EF_fire/ef_water_main_00001"},{"time":0.0333,"name":"EF/EF_fire/ef_water_main_00002"},{"time":0.0666,"name":"EF/EF_fire/ef_water_main_00003"},{"time":0.1,"name":"EF/EF_fire/ef_water_main_00004"},{"time":0.1333,"name":"EF/EF_fire/ef_water_main_00005"},{"time":0.1666,"name":"EF/EF_fire/ef_water_main_00006"},{"time":0.2,"name":"EF/EF_fire/ef_water_main_00007"},{"time":0.2333,"name":"EF/EF_fire/ef_water_main_00008"},{"time":0.2666,"name":"EF/EF_fire/ef_water_main_00009"},{"time":0.3,"name":"EF/EF_fire/ef_water_main_00010"},{"time":0.3333,"name":"EF/EF_fire/ef_water_main_00011"},{"time":0.3666,"name":"EF/EF_fire/ef_water_main_00012"},{"time":0.4,"name":"EF/EF_fire/ef_water_main_00013"},{"time":0.4333,"name":null}]},"EF_flashring1_1":{"attachment":[{"time":0.5,"name":"EF/flash_ring/5110_S2_power2_00001"},{"time":0.5333,"name":"EF/flash_ring/5110_S2_power2_00002"},{"time":0.5666,"name":"EF/flash_ring/5110_S2_power2_00003"},{"time":0.6,"name":"EF/flash_ring/5110_S2_power2_00005"},{"time":0.6333,"name":"EF/flash_ring/5110_S2_power2_00006"},{"time":0.7,"name":"EF/flash_ring/5110_S2_power2_00007"},{"time":0.7666,"name":"EF/flash_ring/5110_S2_power2_00008"},{"time":0.8333,"name":null}],"color":[{"time":0.7333,"color":"ffffffff"},{"time":0.8333,"color":"ffffff00"}]},"EF_slash1_1":{"attachment":[{"time":1.6,"name":"EF/slash3/MKY_slash5_00002"},{"time":1.6666,"name":"EF/slash3/MKY_slash5_00003"},{"time":1.7333,"name":"EF/slash3/MKY_slash5_00004"},{"time":1.8,"name":null}],"color":[{"time":1.6,"color":"ffffffff","curve":"stepped"},{"time":1.7,"color":"ffffffff"},{"time":1.8,"color":"ffffff00"}]},"EF_slashbolt1_1":{"attachment":[{"time":0.5,"name":"EF/line1/5220_S3_slash1_00006"},{"time":0.8333,"name":null},{"time":1,"name":"EF/ef_slash_bolt_main_00002"},{"time":1.0666,"name":"EF/line1/5220_S3_slash1_00006"},{"time":1.4,"name":null},{"time":1.6333,"name":"EF/ef_slash_bolt_main_00002"},{"time":1.7,"name":"EF/line1/5220_S3_slash1_00006"},{"time":2.6666,"name":null}],"color":[{"time":1.6333,"color":"ffffffff","curve":"stepped"},{"time":2.3333,"color":"ffffffff"},{"time":2.6666,"color":"ffffff00"}]},"EF_slashbolt1_2":{"attachment":[{"time":1.0333,"name":"EF/ef_slash_bolt_main_00002"},{"time":1.1,"name":"EF/line1/5220_S3_slash1_00006"},{"time":1.4333,"name":null},{"time":1.6666,"name":"EF/ef_slash_bolt_main_00002"},{"time":1.7333,"name":"EF/line1/5220_S3_slash1_00006"},{"time":2.2666,"name":null}]},"EF_slashbolt1_3":{"attachment":[{"time":1.0333,"name":"EF/line1/5220_S3_slash1_00006"},{"time":1.4333,"name":null},{"time":1.7,"name":"EF/ef_slash_bolt_main_00002"},{"time":1.7666,"name":"EF/line1/5220_S3_slash1_00006"},{"time":2.3,"name":null}]},"EF_slashbolt1_4":{"attachment":[{"time":1.0666,"name":"EF/ef_slash_bolt_main_00002"},{"time":1.1333,"name":"EF/line1/5220_S3_slash1_00006"},{"time":1.4666,"name":null},{"time":1.7,"name":"EF/line1/5220_S3_slash1_00006"},{"time":2.3,"name":null}]},"EF_slashbolt1_5":{"attachment":[{"time":1.1,"name":"EF/ef_slash_bolt_main_00002"},{"time":1.1666,"name":"EF/line1/5220_S3_slash1_00006"},{"time":1.5,"name":null},{"time":1.7333,"name":"EF/ef_slash_bolt_main_00002"},{"time":1.8,"name":"EF/line1/5220_S3_slash1_00006"},{"time":2.3333,"name":null}]},"EF_slashbolt1_6":{"attachment":[{"time":1.1,"name":"EF/line1/5220_S3_slash1_00006"},{"time":1.5,"name":null},{"time":1.7333,"name":"EF/line1/5220_S3_slash1_00006"},{"time":2.3333,"name":null}]},"EF_slashbolt1_7":{"attachment":[{"time":1.1333,"name":"EF/ef_slash_bolt_main_00002"},{"time":1.2,"name":"EF/line1/5220_S3_slash1_00006"},{"time":1.5333,"name":null},{"time":1.7666,"name":"EF/ef_slash_bolt_main_00002"},{"time":1.8333,"name":"EF/line1/5220_S3_slash1_00006"},{"time":2.3666,"name":null}]},"EF_slashbolt1_8":{"attachment":[{"time":1.1666,"name":"EF/ef_slash_bolt_main_00002"},{"time":1.2333,"name":"EF/line1/5220_S3_slash1_00006"},{"time":1.5666,"name":null},{"time":1.7666,"name":"EF/line1/5220_S3_slash1_00006"},{"time":2.3666,"name":null}]},"EF_slashbolt1_9":{"attachment":[{"time":1.8,"name":"EF/ef_slash_bolt_main_00002"},{"time":1.8666,"name":"EF/line1/5220_S3_slash1_00006"},{"time":2.4,"name":null}]},"EF_slashbolt1_10":{"attachment":[{"time":1.8,"name":"EF/line1/5220_S3_slash1_00006"},{"time":2.4,"name":null}]},"EF_slashbolt1_11":{"attachment":[{"time":1.8333,"name":"EF/ef_slash_bolt_main_00002"},{"time":1.9,"name":"EF/line1/5220_S3_slash1_00006"},{"time":2.4333,"name":null}]},"EF_slashbolt1_12":{"attachment":[{"time":1.8333,"name":"EF/line1/5220_S3_slash1_00006"},{"time":2.4333,"name":null}]}},"bones":{"EF_enchant1_1":{"translate":[{"time":0,"x":-135.4,"y":18.2}]},"EF_fire1_1":{"rotate":[{"time":0,"angle":-64.13}],"translate":[{"time":0,"x":-369.38,"y":68.94}],"scale":[{"time":0,"x":0.8,"y":0.8}]},"EF_charge1_1":{"translate":[{"time":0,"x":-235.27,"y":18.74}],"scale":[{"time":0,"x":2,"y":2}]},"EF_flashring1_1":{"translate":[{"time":0.5,"x":-284.83,"y":19.13}],"scale":[{"time":0.5,"x":0.75,"y":0.75,"curve":[0.137,0.52,0.75,1]},{"time":0.6333,"x":2.5,"y":2.5},{"time":0.8,"x":3,"y":3}]},"EF_slashbolt1_1":{"rotate":[{"time":1,"angle":114.62,"curve":"stepped"},{"time":1.6333,"angle":179.81}],"translate":[{"time":0.5,"x":-335.38,"y":19.12,"curve":"stepped"},{"time":1,"x":-335.38,"y":19.12,"curve":"stepped"},{"time":1.0666,"x":-335.38,"y":19.12},{"time":1.3333,"x":-349.58,"y":50.1,"curve":"stepped"},{"time":1.6333,"x":-350,"y":21.31,"curve":"stepped"},{"time":1.7,"x":-350,"y":21.31},{"time":2.1666,"x":-350,"y":28.92},{"time":2.5,"x":-350,"y":36.52}],"scale":[{"time":0.5,"x":0.287,"y":0.287,"curve":[0.127,0.69,0.322,0.97]},{"time":0.6,"x":7.659,"y":1},{"time":0.7,"x":7.659,"y":0.184},{"time":0.8333,"x":7.659,"y":0.054,"curve":"stepped"},{"time":1,"x":3,"y":3},{"time":1.0333,"x":-6,"y":6},{"time":1.0666,"x":6,"y":1.5,"curve":"stepped"},{"time":1.3333,"x":6,"y":1.5},{"time":1.4,"x":6,"y":0.1,"curve":"stepped"},{"time":1.6333,"x":4,"y":4},{"time":1.6666,"x":6,"y":6,"curve":"stepped"},{"time":1.7,"x":6,"y":6,"curve":[0.25,0,0.811,0.5]},{"time":2.1666,"x":10,"y":3},{"time":2.5,"x":15,"y":0.8},{"time":2.6666,"x":16,"y":0.1}]},"EF_slashbolt1_2":{"rotate":[{"time":1.0333,"angle":-19.83,"curve":"stepped"},{"time":1.6666,"angle":-152.37}],"translate":[{"time":1.0333,"x":-356.81,"y":229.11,"curve":"stepped"},{"time":1.1,"x":-356.81,"y":229.11},{"time":1.3666,"x":-340.19,"y":223.12,"curve":"stepped"},{"time":1.6666,"x":-299.7,"y":181.8,"curve":"stepped"},{"time":1.7333,"x":-299.7,"y":181.8},{"time":2.1666,"x":-248.81,"y":208.46}],"scale":[{"time":1.0333,"x":3,"y":3,"curve":"stepped"},{"time":1.0666,"x":-6,"y":6},{"time":1.1,"x":6,"y":1.5,"curve":"stepped"},{"time":1.3666,"x":6,"y":1.5},{"time":1.4333,"x":6,"y":0.1,"curve":"stepped"},{"time":1.6666,"x":3,"y":3,"curve":"stepped"},{"time":1.7,"x":-6,"y":6},{"time":1.7333,"x":6,"y":1.5,"curve":"stepped"},{"time":2,"x":6,"y":1.5},{"time":2.1666,"x":16,"y":1},{"time":2.2333,"x":16,"y":0.1}]},"EF_slashbolt1_3":{"rotate":[{"time":1.0333,"angle":-105,"curve":"stepped"},{"time":1.7,"angle":168.79}],"translate":[{"time":1.0333,"x":-546.46,"y":84.58,"curve":"stepped"},{"time":1.1,"x":-546.46,"y":84.58},{"time":1.3666,"x":-554.52,"y":54.45,"curve":"stepped"},{"time":1.7,"x":-153.63,"y":159.03,"curve":"stepped"},{"time":1.7666,"x":-153.63,"y":159.03},{"time":2.2,"x":-129.73,"y":154.29}],"scale":[{"time":1.0333,"x":3,"y":3},{"time":1.0666,"x":-6,"y":6},{"time":1.1,"x":6,"y":1.5,"curve":"stepped"},{"time":1.3666,"x":6,"y":1.5},{"time":1.4333,"x":6,"y":0.1,"curve":"stepped"},{"time":1.7,"x":3,"y":3},{"time":1.7333,"x":-6,"y":6},{"time":1.7666,"x":6,"y":1.5,"curve":"stepped"},{"time":2.0333,"x":6,"y":1.5},{"time":2.2,"x":15,"y":1},{"time":2.2666,"x":44.246,"y":0.1}]},"EF_slashbolt1_4":{"rotate":[{"time":1.0666,"angle":118.29}],"translate":[{"time":1.0666,"x":-56.33,"y":-11.26,"curve":"stepped"},{"time":1.1333,"x":-56.33,"y":-11.26},{"time":1.4,"x":-74.68,"y":22.82,"curve":"stepped"},{"time":1.7,"x":59.15,"y":140.06},{"time":1.7666,"x":-748.42,"y":147.48},{"time":2.2,"x":-778.65,"y":203.64}],"scale":[{"time":1.0666,"x":3,"y":3},{"time":1.1,"x":-6,"y":6},{"time":1.1333,"x":6,"y":1.5,"curve":"stepped"},{"time":1.4,"x":6,"y":1.5},{"time":1.4666,"x":6,"y":0.1,"curve":"stepped"},{"time":1.7,"x":3,"y":3},{"time":1.7333,"x":-6,"y":6},{"time":1.7666,"x":6,"y":1.5,"curve":"stepped"},{"time":2.0333,"x":6,"y":1.5},{"time":2.2,"x":15,"y":1},{"time":2.2666,"x":16,"y":0.1}]},"EF_slashbolt1_5":{"rotate":[{"time":1.1,"angle":-161.86,"curve":"stepped"},{"time":1.7333,"angle":62.27}],"translate":[{"time":1.1,"x":-345.55,"y":-67.6,"curve":"stepped"},{"time":1.1666,"x":-345.55,"y":-67.6},{"time":1.4333,"x":-375.9,"y":-76.74,"curve":"stepped"},{"time":1.7333,"x":-407.27,"y":-27.94},{"time":2.2333,"x":-391.25,"y":2.56}],"scale":[{"time":1.1,"x":3,"y":3},{"time":1.1333,"x":-6,"y":6},{"time":1.1666,"x":6,"y":1.5,"curve":"stepped"},{"time":1.4333,"x":6,"y":1.5},{"time":1.5,"x":6,"y":0.1,"curve":"stepped"},{"time":1.7333,"x":3,"y":3},{"time":1.7666,"x":-6,"y":6},{"time":1.8,"x":6,"y":1.5,"curve":"stepped"},{"time":2.0666,"x":6,"y":1.5},{"time":2.2333,"x":15,"y":1},{"time":2.3,"x":16,"y":0.1}]},"EF_slashbolt1_6":{"rotate":[{"time":1.1,"angle":-86.63,"curve":"stepped"},{"time":1.7333,"angle":-34.88}],"translate":[{"time":1.1,"x":-619.73,"y":262.91,"curve":"stepped"},{"time":1.1666,"x":-619.73,"y":262.91},{"time":1.4333,"x":-620.66,"y":278.68,"curve":"stepped"},{"time":1.7333,"x":-446.36,"y":296.11},{"time":2.2333,"x":-419.27,"y":277.23}],"scale":[{"time":1.1,"x":3,"y":3},{"time":1.1333,"x":-6,"y":6},{"time":1.1666,"x":6,"y":1.5,"curve":"stepped"},{"time":1.4333,"x":6,"y":1.5},{"time":1.5,"x":6,"y":0.1,"curve":"stepped"},{"time":1.7333,"x":3,"y":3},{"time":1.7666,"x":-6,"y":6},{"time":1.8,"x":6,"y":1.5,"curve":"stepped"},{"time":2.0666,"x":6,"y":1.5},{"time":2.2333,"x":15,"y":1},{"time":2.3,"x":16,"y":0.097}]},"EF_slashbolt1_7":{"rotate":[{"time":1.1333,"angle":-168.46}],"translate":[{"time":1.1333,"x":-535.22,"y":344.58,"curve":"stepped"},{"time":1.2,"x":-535.22,"y":344.58},{"time":1.4666,"x":-551.11,"y":341.33,"curve":"stepped"},{"time":1.7666,"x":-551.11,"y":341.33}],"scale":[{"time":1.1333,"x":3,"y":3},{"time":1.1666,"x":-6,"y":6},{"time":1.2,"x":6,"y":1.5,"curve":"stepped"},{"time":1.4666,"x":6,"y":1.5},{"time":1.5333,"x":6,"y":0.1,"curve":"stepped"},{"time":1.7666,"x":3,"y":3},{"time":1.8,"x":-6,"y":6},{"time":1.8333,"x":6,"y":1.5,"curve":"stepped"},{"time":2.0666,"x":6,"y":1.5},{"time":2.2666,"x":15,"y":1},{"time":2.3333,"x":16,"y":0.1}]},"EF_slashbolt1_8":{"rotate":[{"time":1.1666,"angle":-62.76,"curve":"stepped"},{"time":1.7666,"angle":-89.39}],"translate":[{"time":1.1666,"x":-631,"y":-52.58,"curve":"stepped"},{"time":1.2333,"x":-631,"y":-52.58},{"time":1.5,"x":-628.7,"y":-57.06,"curve":"stepped"},{"time":1.7666,"x":-527.6,"y":-4.77}],"scale":[{"time":1.1666,"x":3,"y":3},{"time":1.2,"x":-6,"y":6},{"time":1.2333,"x":6,"y":1.5,"curve":"stepped"},{"time":1.5,"x":6,"y":1.5},{"time":1.5666,"x":6,"y":0.1,"curve":"stepped"},{"time":1.7666,"x":3,"y":3},{"time":1.8,"x":-6,"y":6},{"time":1.8333,"x":6,"y":1.5,"curve":"stepped"},{"time":2.0666,"x":6,"y":1.5},{"time":2.2666,"x":15,"y":1},{"time":2.3333,"x":16,"y":0.1}]},"EF_slashbolt1_9":{"rotate":[{"time":1.8,"angle":10.19}],"translate":[{"time":1.8,"x":-289.33,"y":-87.14}],"scale":[{"time":1.8,"x":3,"y":3},{"time":1.8333,"x":-6,"y":6},{"time":1.8666,"x":6,"y":1.5,"curve":"stepped"},{"time":2.1,"x":6,"y":1.5},{"time":2.3,"x":15,"y":1},{"time":2.3666,"x":16,"y":0.1}]},"EF_slashbolt1_10":{"rotate":[{"time":1.8,"angle":15.3}],"translate":[{"time":1.8,"x":-439.23,"y":149.89}],"scale":[{"time":1.8,"x":3,"y":3},{"time":1.8333,"x":-6,"y":6},{"time":1.8666,"x":6,"y":1.5,"curve":"stepped"},{"time":2.1,"x":6,"y":1.5},{"time":2.3,"x":15,"y":1},{"time":2.3666,"x":16,"y":0.1}]},"EF_slashbolt1_11":{"rotate":[{"time":1.8333,"angle":46.22}],"translate":[{"time":1.8333,"x":-699.17,"y":178.14}],"scale":[{"time":1.8333,"x":3,"y":3},{"time":1.8666,"x":-6,"y":6},{"time":1.9,"x":6,"y":1.5,"curve":"stepped"},{"time":2.1333,"x":6,"y":1.5},{"time":2.3333,"x":7.684,"y":1},{"time":2.4,"x":16,"y":0.1}]},"EF_slashbolt1_12":{"rotate":[{"time":1.8333,"angle":-7.96}],"translate":[{"time":1.8333,"x":-533.03,"y":471.25}],"scale":[{"time":1.8333,"x":3,"y":3},{"time":1.8666,"x":-6,"y":6},{"time":1.9,"x":6,"y":1.5,"curve":"stepped"},{"time":2.1333,"x":6,"y":1.5},{"time":2.3333,"x":7.684,"y":1},{"time":2.4,"x":16,"y":0.1}]},"EF_slash1_1":{"rotate":[{"time":1.6,"angle":152.48}],"translate":[{"time":1.6,"x":-261.57,"y":54.94}],"scale":[{"time":1.6,"x":3.5,"y":-3.5}]}}},"3-skill1":{"slots":{"EF_flashring1_1":{"attachment":[{"time":0,"name":"EF/flash_ring/5110_S2_power2_00001"},{"time":0.0333,"name":"EF/flash_ring/5110_S2_power2_00002"},{"time":0.0666,"name":"EF/flash_ring/5110_S2_power2_00003"},{"time":0.1,"name":"EF/flash_ring/5110_S2_power2_00005"},{"time":0.1333,"name":"EF/flash_ring/5110_S2_power2_00006"},{"time":0.1666,"name":"EF/flash_ring/5110_S2_power2_00007"},{"time":0.2,"name":"EF/flash_ring/5110_S2_power2_00008"},{"time":0.2333,"name":null}]},"EF_shockwave1_1":{"attachment":[{"time":0.2,"name":"EF/wave_shock1/5110_S2_attack3_00003"},{"time":0.2333,"name":"EF/wave_shock1/5110_S2_attack3_00004"},{"time":0.2666,"name":"EF/wave_shock1/5110_S2_attack3_00005"},{"time":0.3333,"name":"EF/wave_shock1/5110_S2_attack3_00006"},{"time":0.4,"name":"EF/wave_shock1/5110_S2_attack3_00007"},{"time":0.4666,"name":null}],"color":[{"time":0.3666,"color":"ffffffff"},{"time":0.4666,"color":"ffffff00"}]},"EF_shockwave1_2":{"attachment":[{"time":0.2666,"name":"EF/wave_shock1/5110_S2_attack3_00003"},{"time":0.3,"name":"EF/wave_shock1/5110_S2_attack3_00004"},{"time":0.3333,"name":"EF/wave_shock1/5110_S2_attack3_00005"},{"time":0.4,"name":"EF/wave_shock1/5110_S2_attack3_00006"},{"time":0.4666,"name":"EF/wave_shock1/5110_S2_attack3_00007"},{"time":0.5333,"name":null}],"color":[{"time":0.4333,"color":"ffffffff"},{"time":0.5333,"color":"ffffff00"}]},"EF_shockwave1_3":{"attachment":[{"time":0.3333,"name":"EF/wave_shock1/5110_S2_attack3_00003"},{"time":0.3666,"name":"EF/wave_shock1/5110_S2_attack3_00004"},{"time":0.4,"name":"EF/wave_shock1/5110_S2_attack3_00005"},{"time":0.4666,"name":"EF/wave_shock1/5110_S2_attack3_00006"},{"time":0.5333,"name":"EF/wave_shock1/5110_S2_attack3_00007"},{"time":0.6,"name":null}],"color":[{"time":0.5,"color":"ffffffff"},{"time":0.6,"color":"ffffff00"}]},"EF_slashbolt1_1":{"attachment":[{"time":0.3333,"name":"EF/line1/5220_S3_slash1_00006"},{"time":1,"name":null}],"color":[{"time":0.6666,"color":"ffffffff"},{"time":1,"color":"ffffff00"}]},"EF_smash1_1":{"attachment":[{"time":0.3333,"name":"EF/shock3/5110_S2_attack1_00002"},{"time":0.3666,"name":"EF/shock3/5110_S2_attack1_00003"},{"time":0.4,"name":"EF/shock3/5110_S2_attack1_00006"},{"time":0.4333,"name":"EF/shock3/5110_S2_attack1_00007"},{"time":0.4666,"name":null}]},"EF_trust1_1":{"attachment":[{"time":0.2,"name":"EF/ef_trust/ef_trust_main_00001"},{"time":0.2333,"name":"EF/ef_trust/ef_trust_main_00002"},{"time":0.2666,"name":"EF/ef_trust/ef_trust_main_00003"},{"time":0.3,"name":"EF/ef_trust/ef_trust_main_00004"},{"time":0.3333,"name":"EF/ef_trust/ef_trust_main_00005"},{"time":0.3666,"name":"EF/ef_trust/ef_trust_main_00006"},{"time":0.4,"name":"EF/ef_trust/ef_trust_main_00007"},{"time":0.4333,"name":"EF/ef_trust/ef_trust_main_00008"},{"time":0.4666,"name":null}]},"EF_trust2_1":{"attachment":[{"time":0.3,"name":"EF/slash_thrust/660_S1_slash1_00003"},{"time":0.6666,"name":null}],"color":[{"time":0.4,"color":"ffffffff"},{"time":0.6666,"color":"ffffff00"}]}},"bones":{"EF_flashring1_1":{"translate":[{"time":0,"x":-300,"y":0}],"scale":[{"time":0,"x":1.5,"y":1.5}]},"EF_trust1_1":{"translate":[{"time":0.2,"x":-200,"y":0}],"scale":[{"time":0.2,"x":2.5,"y":2.5}]},"EF_smash1_1":{"translate":[{"time":0.3333,"x":-641.09,"y":-46.24}],"scale":[{"time":0.3333,"x":2.5,"y":2.5}]},"EF_trust2_1":{"translate":[{"time":0.3,"x":-607.85,"y":-46.97}],"scale":[{"time":0.3,"x":2.985,"y":2.985},{"time":0.4,"x":2.985,"y":0.42},{"time":0.6666,"x":10.776,"y":0.161}]},"EF_shockwave1_1":{"translate":[{"time":0.2,"x":-443.22,"y":-46.72}],"scale":[{"time":0.2,"x":2,"y":2,"curve":"stepped"},{"time":0.2666,"x":2,"y":2,"curve":[0.18,0.78,0.75,1]},{"time":0.4333,"x":2.5,"y":2.5}]},"EF_shockwave1_3":{"translate":[{"time":0.3333,"x":-642.36,"y":-46.72}],"scale":[{"time":0.3333,"x":2,"y":2,"curve":"stepped"},{"time":0.4,"x":2,"y":2,"curve":[0.18,0.78,0.75,1]},{"time":0.5666,"x":2.5,"y":2.5}]},"EF_shockwave1_2":{"translate":[{"time":0.2666,"x":-551.68,"y":-46.72}],"scale":[{"time":0.2666,"x":2,"y":2,"curve":"stepped"},{"time":0.3333,"x":2,"y":2,"curve":[0.18,0.78,0.75,1]},{"time":0.5,"x":2.5,"y":2.5}]},"EF_slashbolt1_1":{"translate":[{"time":0.3333,"x":-705.27,"y":2.54}],"scale":[{"time":0.3333,"x":6.726,"y":1},{"time":0.6666,"x":6.726,"y":0.175},{"time":0.8333,"x":6.726,"y":0.092}]}}},"3-skill2":{"slots":{"EF_charge1_1":{"attachment":[{"time":0,"name":"EF/flash_chage3/900_S2_power1_00001"},{"time":0.0666,"name":"EF/flash_chage3/900_S2_power1_00003"},{"time":0.1333,"name":"EF/flash_chage3/900_S2_power1_00005"},{"time":0.2,"name":"EF/flash_chage3/900_S2_power1_00007"},{"time":0.2666,"name":"EF/flash_chage3/900_S2_power1_00009"},{"time":0.3333,"name":"EF/flash_chage3/900_S2_power1_00011"},{"time":0.4,"name":"EF/flash_chage3/900_S2_power1_00013"},{"time":0.4666,"name":"EF/flash_chage3/900_S2_power1_00015"},{"time":0.5333,"name":"EF/flash_chage3/900_S2_power1_00017"},{"time":0.6,"name":null}]},"EF_enchant1_1":{"attachment":[{"time":0,"name":"EF/ef_enchant_main/ef_enchant_main_00026"},{"time":0.0333,"name":"EF/ef_enchant_main/ef_enchant_main_00027"},{"time":0.0666,"name":"EF/ef_enchant_main/ef_enchant_main_00028"},{"time":0.1,"name":"EF/ef_enchant_main/ef_enchant_main_00029"},{"time":0.1333,"name":"EF/ef_enchant_main/ef_enchant_main_00030"},{"time":0.1666,"name":"EF/ef_enchant_main/ef_enchant_main_00031"},{"time":0.2,"name":"EF/ef_enchant_main/ef_enchant_main_00032"},{"time":0.2333,"name":"EF/ef_enchant_main/ef_enchant_main_00033"},{"time":0.2666,"name":"EF/ef_enchant_main/ef_enchant_main_00034"},{"time":0.3,"name":"EF/ef_enchant_main/ef_enchant_main_00035"},{"time":0.3333,"name":"EF/ef_enchant_main/ef_enchant_main_00036"},{"time":0.3666,"name":"EF/ef_enchant_main/ef_enchant_main_00037"},{"time":0.4,"name":"EF/ef_enchant_main/ef_enchant_main_00038"},{"time":0.4333,"name":"EF/ef_enchant_main/ef_enchant_main_00026"},{"time":0.4666,"name":"EF/ef_enchant_main/ef_enchant_main_00027"},{"time":0.5,"name":"EF/ef_enchant_main/ef_enchant_main_00028"},{"time":0.5333,"name":"EF/ef_enchant_main/ef_enchant_main_00029"},{"time":0.5666,"name":"EF/ef_enchant_main/ef_enchant_main_00030"},{"time":0.6,"name":"EF/ef_enchant_main/ef_enchant_main_00031"},{"time":0.6333,"name":"EF/ef_enchant_main/ef_enchant_main_00032"},{"time":0.6666,"name":"EF/ef_enchant_main/ef_enchant_main_00033"},{"time":0.7,"name":"EF/ef_enchant_main/ef_enchant_main_00034"},{"time":0.7333,"name":"EF/ef_enchant_main/ef_enchant_main_00035"},{"time":0.7666,"name":"EF/ef_enchant_main/ef_enchant_main_00036"},{"time":0.8,"name":"EF/ef_enchant_main/ef_enchant_main_00037"},{"time":0.8333,"name":"EF/ef_enchant_main/ef_enchant_main_00038"},{"time":0.8666,"name":null}],"color":[{"time":0.6666,"color":"ffffffff"},{"time":0.8666,"color":"ffffff00"}]},"EF_fire1_1":{"attachment":[{"time":0,"name":"EF/EF_fire/ef_water_main_00001"},{"time":0.0333,"name":"EF/EF_fire/ef_water_main_00002"},{"time":0.0666,"name":"EF/EF_fire/ef_water_main_00003"},{"time":0.1,"name":"EF/EF_fire/ef_water_main_00004"},{"time":0.1333,"name":"EF/EF_fire/ef_water_main_00005"},{"time":0.1666,"name":"EF/EF_fire/ef_water_main_00006"},{"time":0.2,"name":"EF/EF_fire/ef_water_main_00007"},{"time":0.2333,"name":"EF/EF_fire/ef_water_main_00008"},{"time":0.2666,"name":"EF/EF_fire/ef_water_main_00009"},{"time":0.3,"name":"EF/EF_fire/ef_water_main_00010"},{"time":0.3333,"name":"EF/EF_fire/ef_water_main_00011"},{"time":0.3666,"name":"EF/EF_fire/ef_water_main_00012"},{"time":0.4,"name":"EF/EF_fire/ef_water_main_00013"},{"time":0.4333,"name":null}]},"EF_flashring1_1":{"attachment":[{"time":0.5,"name":"EF/flash_ring/5110_S2_power2_00001"},{"time":0.5333,"name":"EF/flash_ring/5110_S2_power2_00002"},{"time":0.5666,"name":"EF/flash_ring/5110_S2_power2_00003"},{"time":0.6,"name":"EF/flash_ring/5110_S2_power2_00005"},{"time":0.6333,"name":"EF/flash_ring/5110_S2_power2_00006"},{"time":0.7,"name":"EF/flash_ring/5110_S2_power2_00007"},{"time":0.7666,"name":"EF/flash_ring/5110_S2_power2_00008"},{"time":0.8333,"name":null}],"color":[{"time":0.7333,"color":"ffffffff"},{"time":0.8333,"color":"ffffff00"}]},"EF_slash1_1":{"attachment":[{"time":1.6,"name":"EF/slash3/MKY_slash5_00002"},{"time":1.6666,"name":"EF/slash3/MKY_slash5_00003"},{"time":1.7333,"name":"EF/slash3/MKY_slash5_00004"},{"time":1.8,"name":null}],"color":[{"time":1.6,"color":"ffffffff","curve":"stepped"},{"time":1.7,"color":"ffffffff"},{"time":1.8,"color":"ffffff00"}]},"EF_slashbolt1_1":{"attachment":[{"time":0.5,"name":"EF/line1/5220_S3_slash1_00006"},{"time":0.8333,"name":null},{"time":1,"name":"EF/ef_slash_bolt_main_00002"},{"time":1.0666,"name":"EF/line1/5220_S3_slash1_00006"},{"time":1.4,"name":null},{"time":1.6333,"name":"EF/ef_slash_bolt_main_00002"},{"time":1.7,"name":"EF/line1/5220_S3_slash1_00006"},{"time":2.6666,"name":null}],"color":[{"time":1.6333,"color":"ffffffff","curve":"stepped"},{"time":2.3333,"color":"ffffffff"},{"time":2.6666,"color":"ffffff00"}]},"EF_slashbolt1_2":{"attachment":[{"time":1.0333,"name":"EF/ef_slash_bolt_main_00002"},{"time":1.1,"name":"EF/line1/5220_S3_slash1_00006"},{"time":1.4333,"name":null},{"time":1.6666,"name":"EF/ef_slash_bolt_main_00002"},{"time":1.7333,"name":"EF/line1/5220_S3_slash1_00006"},{"time":2.2666,"name":null}]},"EF_slashbolt1_3":{"attachment":[{"time":1.0333,"name":"EF/line1/5220_S3_slash1_00006"},{"time":1.4333,"name":null},{"time":1.7,"name":"EF/ef_slash_bolt_main_00002"},{"time":1.7666,"name":"EF/line1/5220_S3_slash1_00006"},{"time":2.3,"name":null}]},"EF_slashbolt1_4":{"attachment":[{"time":1.0666,"name":"EF/ef_slash_bolt_main_00002"},{"time":1.1333,"name":"EF/line1/5220_S3_slash1_00006"},{"time":1.4666,"name":null},{"time":1.7,"name":"EF/line1/5220_S3_slash1_00006"},{"time":2.3,"name":null}]},"EF_slashbolt1_5":{"attachment":[{"time":1.1,"name":"EF/ef_slash_bolt_main_00002"},{"time":1.1666,"name":"EF/line1/5220_S3_slash1_00006"},{"time":1.5,"name":null},{"time":1.7333,"name":"EF/ef_slash_bolt_main_00002"},{"time":1.8,"name":"EF/line1/5220_S3_slash1_00006"},{"time":2.3333,"name":null}]},"EF_slashbolt1_6":{"attachment":[{"time":1.1,"name":"EF/line1/5220_S3_slash1_00006"},{"time":1.5,"name":null},{"time":1.7333,"name":"EF/line1/5220_S3_slash1_00006"},{"time":2.3333,"name":null}]},"EF_slashbolt1_7":{"attachment":[{"time":1.1333,"name":"EF/ef_slash_bolt_main_00002"},{"time":1.2,"name":"EF/line1/5220_S3_slash1_00006"},{"time":1.5333,"name":null},{"time":1.7666,"name":"EF/ef_slash_bolt_main_00002"},{"time":1.8333,"name":"EF/line1/5220_S3_slash1_00006"},{"time":2.3666,"name":null}]},"EF_slashbolt1_8":{"attachment":[{"time":1.1666,"name":"EF/ef_slash_bolt_main_00002"},{"time":1.2333,"name":"EF/line1/5220_S3_slash1_00006"},{"time":1.5666,"name":null},{"time":1.7666,"name":"EF/line1/5220_S3_slash1_00006"},{"time":2.3666,"name":null}]},"EF_slashbolt1_9":{"attachment":[{"time":1.8,"name":"EF/ef_slash_bolt_main_00002"},{"time":1.8666,"name":"EF/line1/5220_S3_slash1_00006"},{"time":2.4,"name":null}]},"EF_slashbolt1_10":{"attachment":[{"time":1.8,"name":"EF/line1/5220_S3_slash1_00006"},{"time":2.4,"name":null}]},"EF_slashbolt1_11":{"attachment":[{"time":1.8333,"name":"EF/ef_slash_bolt_main_00002"},{"time":1.9,"name":"EF/line1/5220_S3_slash1_00006"},{"time":2.4333,"name":null}]},"EF_slashbolt1_12":{"attachment":[{"time":1.8333,"name":"EF/line1/5220_S3_slash1_00006"},{"time":2.4333,"name":null}]}},"bones":{"EF_enchant1_1":{"translate":[{"time":0,"x":-135.4,"y":18.2}]},"EF_fire1_1":{"rotate":[{"time":0,"angle":-64.13}],"translate":[{"time":0,"x":-369.38,"y":68.94}],"scale":[{"time":0,"x":0.8,"y":0.8}]},"EF_charge1_1":{"translate":[{"time":0,"x":-235.27,"y":18.74}],"scale":[{"time":0,"x":2,"y":2}]},"EF_flashring1_1":{"translate":[{"time":0.5,"x":-284.83,"y":19.13}],"scale":[{"time":0.5,"x":0.75,"y":0.75,"curve":[0.137,0.52,0.75,1]},{"time":0.6333,"x":2.5,"y":2.5},{"time":0.8,"x":3,"y":3}]},"EF_slashbolt1_1":{"rotate":[{"time":1,"angle":114.62,"curve":"stepped"},{"time":1.6333,"angle":179.81}],"translate":[{"time":0.5,"x":-335.38,"y":19.12,"curve":"stepped"},{"time":1,"x":-335.38,"y":19.12,"curve":"stepped"},{"time":1.0666,"x":-335.38,"y":19.12},{"time":1.3333,"x":-349.58,"y":50.1,"curve":"stepped"},{"time":1.6333,"x":-350,"y":21.31,"curve":"stepped"},{"time":1.7,"x":-350,"y":21.31},{"time":2.1666,"x":-350,"y":28.92},{"time":2.5,"x":-350,"y":36.52}],"scale":[{"time":0.5,"x":0.287,"y":0.287,"curve":[0.127,0.69,0.322,0.97]},{"time":0.6,"x":7.659,"y":1},{"time":0.7,"x":7.659,"y":0.184},{"time":0.8333,"x":7.659,"y":0.054,"curve":"stepped"},{"time":1,"x":3,"y":3},{"time":1.0333,"x":-6,"y":6},{"time":1.0666,"x":6,"y":1.5,"curve":"stepped"},{"time":1.3333,"x":6,"y":1.5},{"time":1.4,"x":6,"y":0.1,"curve":"stepped"},{"time":1.6333,"x":4,"y":4},{"time":1.6666,"x":6,"y":6,"curve":"stepped"},{"time":1.7,"x":6,"y":6,"curve":[0.25,0,0.811,0.5]},{"time":2.1666,"x":10,"y":3},{"time":2.5,"x":15,"y":0.8},{"time":2.6666,"x":16,"y":0.1}]},"EF_slashbolt1_2":{"rotate":[{"time":1.0333,"angle":-19.83,"curve":"stepped"},{"time":1.6666,"angle":-152.37}],"translate":[{"time":1.0333,"x":-356.81,"y":229.11,"curve":"stepped"},{"time":1.1,"x":-356.81,"y":229.11},{"time":1.3666,"x":-340.19,"y":223.12,"curve":"stepped"},{"time":1.6666,"x":-299.7,"y":181.8,"curve":"stepped"},{"time":1.7333,"x":-299.7,"y":181.8},{"time":2.1666,"x":-248.81,"y":208.46}],"scale":[{"time":1.0333,"x":3,"y":3,"curve":"stepped"},{"time":1.0666,"x":-6,"y":6},{"time":1.1,"x":6,"y":1.5,"curve":"stepped"},{"time":1.3666,"x":6,"y":1.5},{"time":1.4333,"x":6,"y":0.1,"curve":"stepped"},{"time":1.6666,"x":3,"y":3,"curve":"stepped"},{"time":1.7,"x":-6,"y":6},{"time":1.7333,"x":6,"y":1.5,"curve":"stepped"},{"time":2,"x":6,"y":1.5},{"time":2.1666,"x":16,"y":1},{"time":2.2333,"x":16,"y":0.1}]},"EF_slashbolt1_3":{"rotate":[{"time":1.0333,"angle":-105,"curve":"stepped"},{"time":1.7,"angle":168.79}],"translate":[{"time":1.0333,"x":-546.46,"y":84.58,"curve":"stepped"},{"time":1.1,"x":-546.46,"y":84.58},{"time":1.3666,"x":-554.52,"y":54.45,"curve":"stepped"},{"time":1.7,"x":-153.63,"y":159.03,"curve":"stepped"},{"time":1.7666,"x":-153.63,"y":159.03},{"time":2.2,"x":-129.73,"y":154.29}],"scale":[{"time":1.0333,"x":3,"y":3},{"time":1.0666,"x":-6,"y":6},{"time":1.1,"x":6,"y":1.5,"curve":"stepped"},{"time":1.3666,"x":6,"y":1.5},{"time":1.4333,"x":6,"y":0.1,"curve":"stepped"},{"time":1.7,"x":3,"y":3},{"time":1.7333,"x":-6,"y":6},{"time":1.7666,"x":6,"y":1.5,"curve":"stepped"},{"time":2.0333,"x":6,"y":1.5},{"time":2.2,"x":15,"y":1},{"time":2.2666,"x":44.246,"y":0.1}]},"EF_slashbolt1_4":{"rotate":[{"time":1.0666,"angle":118.29}],"translate":[{"time":1.0666,"x":-56.33,"y":-11.26,"curve":"stepped"},{"time":1.1333,"x":-56.33,"y":-11.26},{"time":1.4,"x":-74.68,"y":22.82,"curve":"stepped"},{"time":1.7,"x":59.15,"y":140.06},{"time":1.7666,"x":-748.42,"y":147.48},{"time":2.2,"x":-778.65,"y":203.64}],"scale":[{"time":1.0666,"x":3,"y":3},{"time":1.1,"x":-6,"y":6},{"time":1.1333,"x":6,"y":1.5,"curve":"stepped"},{"time":1.4,"x":6,"y":1.5},{"time":1.4666,"x":6,"y":0.1,"curve":"stepped"},{"time":1.7,"x":3,"y":3},{"time":1.7333,"x":-6,"y":6},{"time":1.7666,"x":6,"y":1.5,"curve":"stepped"},{"time":2.0333,"x":6,"y":1.5},{"time":2.2,"x":15,"y":1},{"time":2.2666,"x":16,"y":0.1}]},"EF_slashbolt1_5":{"rotate":[{"time":1.1,"angle":-161.86,"curve":"stepped"},{"time":1.7333,"angle":62.27}],"translate":[{"time":1.1,"x":-345.55,"y":-67.6,"curve":"stepped"},{"time":1.1666,"x":-345.55,"y":-67.6},{"time":1.4333,"x":-375.9,"y":-76.74,"curve":"stepped"},{"time":1.7333,"x":-407.27,"y":-27.94},{"time":2.2333,"x":-391.25,"y":2.56}],"scale":[{"time":1.1,"x":3,"y":3},{"time":1.1333,"x":-6,"y":6},{"time":1.1666,"x":6,"y":1.5,"curve":"stepped"},{"time":1.4333,"x":6,"y":1.5},{"time":1.5,"x":6,"y":0.1,"curve":"stepped"},{"time":1.7333,"x":3,"y":3},{"time":1.7666,"x":-6,"y":6},{"time":1.8,"x":6,"y":1.5,"curve":"stepped"},{"time":2.0666,"x":6,"y":1.5},{"time":2.2333,"x":15,"y":1},{"time":2.3,"x":16,"y":0.1}]},"EF_slashbolt1_6":{"rotate":[{"time":1.1,"angle":-86.63,"curve":"stepped"},{"time":1.7333,"angle":-34.88}],"translate":[{"time":1.1,"x":-619.73,"y":262.91,"curve":"stepped"},{"time":1.1666,"x":-619.73,"y":262.91},{"time":1.4333,"x":-620.66,"y":278.68,"curve":"stepped"},{"time":1.7333,"x":-446.36,"y":296.11},{"time":2.2333,"x":-419.27,"y":277.23}],"scale":[{"time":1.1,"x":3,"y":3},{"time":1.1333,"x":-6,"y":6},{"time":1.1666,"x":6,"y":1.5,"curve":"stepped"},{"time":1.4333,"x":6,"y":1.5},{"time":1.5,"x":6,"y":0.1,"curve":"stepped"},{"time":1.7333,"x":3,"y":3},{"time":1.7666,"x":-6,"y":6},{"time":1.8,"x":6,"y":1.5,"curve":"stepped"},{"time":2.0666,"x":6,"y":1.5},{"time":2.2333,"x":15,"y":1},{"time":2.3,"x":16,"y":0.097}]},"EF_slashbolt1_7":{"rotate":[{"time":1.1333,"angle":-168.46}],"translate":[{"time":1.1333,"x":-535.22,"y":344.58,"curve":"stepped"},{"time":1.2,"x":-535.22,"y":344.58},{"time":1.4666,"x":-551.11,"y":341.33,"curve":"stepped"},{"time":1.7666,"x":-551.11,"y":341.33}],"scale":[{"time":1.1333,"x":3,"y":3},{"time":1.1666,"x":-6,"y":6},{"time":1.2,"x":6,"y":1.5,"curve":"stepped"},{"time":1.4666,"x":6,"y":1.5},{"time":1.5333,"x":6,"y":0.1,"curve":"stepped"},{"time":1.7666,"x":3,"y":3},{"time":1.8,"x":-6,"y":6},{"time":1.8333,"x":6,"y":1.5,"curve":"stepped"},{"time":2.0666,"x":6,"y":1.5},{"time":2.2666,"x":15,"y":1},{"time":2.3333,"x":16,"y":0.1}]},"EF_slashbolt1_8":{"rotate":[{"time":1.1666,"angle":-62.76,"curve":"stepped"},{"time":1.7666,"angle":-89.39}],"translate":[{"time":1.1666,"x":-631,"y":-52.58,"curve":"stepped"},{"time":1.2333,"x":-631,"y":-52.58},{"time":1.5,"x":-628.7,"y":-57.06,"curve":"stepped"},{"time":1.7666,"x":-527.6,"y":-4.77}],"scale":[{"time":1.1666,"x":3,"y":3},{"time":1.2,"x":-6,"y":6},{"time":1.2333,"x":6,"y":1.5,"curve":"stepped"},{"time":1.5,"x":6,"y":1.5},{"time":1.5666,"x":6,"y":0.1,"curve":"stepped"},{"time":1.7666,"x":3,"y":3},{"time":1.8,"x":-6,"y":6},{"time":1.8333,"x":6,"y":1.5,"curve":"stepped"},{"time":2.0666,"x":6,"y":1.5},{"time":2.2666,"x":15,"y":1},{"time":2.3333,"x":16,"y":0.1}]},"EF_slashbolt1_9":{"rotate":[{"time":1.8,"angle":10.19}],"translate":[{"time":1.8,"x":-289.33,"y":-87.14}],"scale":[{"time":1.8,"x":3,"y":3},{"time":1.8333,"x":-6,"y":6},{"time":1.8666,"x":6,"y":1.5,"curve":"stepped"},{"time":2.1,"x":6,"y":1.5},{"time":2.3,"x":15,"y":1},{"time":2.3666,"x":16,"y":0.1}]},"EF_slashbolt1_10":{"rotate":[{"time":1.8,"angle":15.3}],"translate":[{"time":1.8,"x":-439.23,"y":149.89}],"scale":[{"time":1.8,"x":3,"y":3},{"time":1.8333,"x":-6,"y":6},{"time":1.8666,"x":6,"y":1.5,"curve":"stepped"},{"time":2.1,"x":6,"y":1.5},{"time":2.3,"x":15,"y":1},{"time":2.3666,"x":16,"y":0.1}]},"EF_slashbolt1_11":{"rotate":[{"time":1.8333,"angle":46.22}],"translate":[{"time":1.8333,"x":-699.17,"y":178.14}],"scale":[{"time":1.8333,"x":3,"y":3},{"time":1.8666,"x":-6,"y":6},{"time":1.9,"x":6,"y":1.5,"curve":"stepped"},{"time":2.1333,"x":6,"y":1.5},{"time":2.3333,"x":7.684,"y":1},{"time":2.4,"x":16,"y":0.1}]},"EF_slashbolt1_12":{"rotate":[{"time":1.8333,"angle":-7.96}],"translate":[{"time":1.8333,"x":-533.03,"y":471.25}],"scale":[{"time":1.8333,"x":3,"y":3},{"time":1.8666,"x":-6,"y":6},{"time":1.9,"x":6,"y":1.5,"curve":"stepped"},{"time":2.1333,"x":6,"y":1.5},{"time":2.3333,"x":7.684,"y":1},{"time":2.4,"x":16,"y":0.1}]},"EF_slash1_1":{"rotate":[{"time":1.6,"angle":152.48}],"translate":[{"time":1.6,"x":-261.57,"y":54.94}],"scale":[{"time":1.6,"x":3.5,"y":-3.5}]}}},"3-skill3":{"slots":{"EF_aura1_1":{"attachment":[{"time":0.6,"name":"EF/EF_aura2/670_S2_ene2_00003"},{"time":0.6666,"name":"EF/EF_aura2/670_S2_ene2_00004"},{"time":0.7333,"name":"EF/EF_aura2/670_S2_ene2_00005"},{"time":0.8,"name":"EF/EF_aura2/670_S2_ene2_00007"},{"time":0.8666,"name":"EF/EF_aura2/670_S2_ene2_00008"},{"time":0.9333,"name":"EF/EF_aura2/670_S2_ene2_00010"},{"time":1,"name":"EF/EF_aura2/670_S2_ene2_00013"},{"time":1.0333,"name":null},{"time":1.5666,"name":"EF/EF_aura2/670_S2_ene2_00003"},{"time":1.6333,"name":"EF/EF_aura2/670_S2_ene2_00004"},{"time":1.7,"name":"EF/EF_aura2/670_S2_ene2_00005"},{"time":1.7666,"name":"EF/EF_aura2/670_S2_ene2_00007"},{"time":1.8333,"name":"EF/EF_aura2/670_S2_ene2_00008"},{"time":1.9,"name":"EF/EF_aura2/670_S2_ene2_00010"},{"time":1.9666,"name":"EF/EF_aura2/670_S2_ene2_00013"},{"time":2.0333,"name":"EF/EF_aura2/670_S2_ene2_00014"},{"time":2.1,"name":"EF/EF_aura2/670_S2_ene2_00015"},{"time":2.1666,"name":"EF/EF_aura2/670_S2_ene2_00003"},{"time":2.2333,"name":"EF/EF_aura2/670_S2_ene2_00004"},{"time":2.3,"name":"EF/EF_aura2/670_S2_ene2_00005"},{"time":2.3666,"name":"EF/EF_aura2/670_S2_ene2_00007"},{"time":2.4333,"name":"EF/EF_aura2/670_S2_ene2_00008"},{"time":2.5,"name":"EF/EF_aura2/670_S2_ene2_00010"},{"time":2.5666,"name":"EF/EF_aura2/670_S2_ene2_00013"},{"time":2.6333,"name":"EF/EF_aura2/670_S2_ene2_00014"},{"time":2.7,"name":"EF/EF_aura2/670_S2_ene2_00015"},{"time":2.7666,"name":"EF/EF_aura2/670_S2_ene2_00003"},{"time":2.8333,"name":"EF/EF_aura2/670_S2_ene2_00004"},{"time":2.9,"name":"EF/EF_aura2/670_S2_ene2_00005"},{"time":2.9666,"name":"EF/EF_aura2/670_S2_ene2_00007"},{"time":3.0333,"name":"EF/EF_aura2/670_S2_ene2_00008"},{"time":3.1,"name":"EF/EF_aura2/670_S2_ene2_00010"},{"time":3.1666,"name":"EF/EF_aura2/670_S2_ene2_00013"},{"time":3.2333,"name":"EF/EF_aura2/670_S2_ene2_00014"},{"time":3.3,"name":null}],"color":[{"time":0.8666,"color":"ffffffff"},{"time":1.0333,"color":"ffffff00","curve":"stepped"},{"time":1.5666,"color":"ffffff00"},{"time":1.7,"color":"ffffffff"}]},"EF_aura1_2":{"attachment":[{"time":0.6,"name":"EF/EF_aura2/670_S2_ene2_00003"},{"time":0.6666,"name":"EF/EF_aura2/670_S2_ene2_00004"},{"time":0.7333,"name":"EF/EF_aura2/670_S2_ene2_00005"},{"time":0.8,"name":"EF/EF_aura2/670_S2_ene2_00007"},{"time":0.8666,"name":"EF/EF_aura2/670_S2_ene2_00008"},{"time":0.9333,"name":"EF/EF_aura2/670_S2_ene2_00010"},{"time":1,"name":"EF/EF_aura2/670_S2_ene2_00013"},{"time":1.0333,"name":null},{"time":1.5666,"name":"EF/EF_aura2/670_S2_ene2_00003"},{"time":1.6333,"name":"EF/EF_aura2/670_S2_ene2_00004"},{"time":1.7,"name":"EF/EF_aura2/670_S2_ene2_00005"},{"time":1.7666,"name":"EF/EF_aura2/670_S2_ene2_00007"},{"time":1.8333,"name":"EF/EF_aura2/670_S2_ene2_00008"},{"time":1.9,"name":"EF/EF_aura2/670_S2_ene2_00010"},{"time":1.9666,"name":"EF/EF_aura2/670_S2_ene2_00013"},{"time":2.0333,"name":"EF/EF_aura2/670_S2_ene2_00014"},{"time":2.1,"name":"EF/EF_aura2/670_S2_ene2_00015"},{"time":2.1666,"name":"EF/EF_aura2/670_S2_ene2_00003"},{"time":2.2333,"name":"EF/EF_aura2/670_S2_ene2_00004"},{"time":2.3,"name":"EF/EF_aura2/670_S2_ene2_00005"},{"time":2.3666,"name":"EF/EF_aura2/670_S2_ene2_00007"},{"time":2.4333,"name":"EF/EF_aura2/670_S2_ene2_00008"},{"time":2.5,"name":"EF/EF_aura2/670_S2_ene2_00010"},{"time":2.5666,"name":"EF/EF_aura2/670_S2_ene2_00013"},{"time":2.6333,"name":"EF/EF_aura2/670_S2_ene2_00014"},{"time":2.7,"name":"EF/EF_aura2/670_S2_ene2_00015"},{"time":2.7666,"name":"EF/EF_aura2/670_S2_ene2_00003"},{"time":2.8333,"name":"EF/EF_aura2/670_S2_ene2_00004"},{"time":2.9,"name":"EF/EF_aura2/670_S2_ene2_00005"},{"time":2.9666,"name":"EF/EF_aura2/670_S2_ene2_00007"},{"time":3.0333,"name":"EF/EF_aura2/670_S2_ene2_00008"},{"time":3.1,"name":"EF/EF_aura2/670_S2_ene2_00010"},{"time":3.1666,"name":"EF/EF_aura2/670_S2_ene2_00013"},{"time":3.2333,"name":"EF/EF_aura2/670_S2_ene2_00014"},{"time":3.3,"name":null}],"color":[{"time":0.8666,"color":"ffffffff"},{"time":1.0333,"color":"ffffff00","curve":"stepped"},{"time":1.5666,"color":"ffffff00"},{"time":1.7,"color":"ffffffff"}]},"EF_charge1_1":{"attachment":[{"time":0.0333,"name":null},{"time":0.1,"name":"EF/flash_chage3/900_S2_power1_00003"},{"time":0.1666,"name":"EF/flash_chage3/900_S2_power1_00005"},{"time":0.2333,"name":"EF/flash_chage3/900_S2_power1_00007"},{"time":0.3,"name":"EF/flash_chage3/900_S2_power1_00009"},{"time":0.3666,"name":"EF/flash_chage3/900_S2_power1_00011"},{"time":0.4333,"name":"EF/flash_chage3/900_S2_power1_00013"},{"time":0.5,"name":"EF/flash_chage3/900_S2_power1_00015"},{"time":0.5666,"name":"EF/flash_chage3/900_S2_power1_00017"},{"time":0.6333,"name":null}]},"EF_enchant1_1":{"attachment":[{"time":0.0333,"name":"EF/ef_enchant_main/ef_enchant_main_00026"},{"time":0.0666,"name":"EF/ef_enchant_main/ef_enchant_main_00027"},{"time":0.1,"name":"EF/ef_enchant_main/ef_enchant_main_00028"},{"time":0.1333,"name":"EF/ef_enchant_main/ef_enchant_main_00029"},{"time":0.1666,"name":"EF/ef_enchant_main/ef_enchant_main_00030"},{"time":0.2,"name":"EF/ef_enchant_main/ef_enchant_main_00031"},{"time":0.2333,"name":"EF/ef_enchant_main/ef_enchant_main_00032"},{"time":0.2666,"name":"EF/ef_enchant_main/ef_enchant_main_00033"},{"time":0.3,"name":"EF/ef_enchant_main/ef_enchant_main_00034"},{"time":0.3333,"name":"EF/ef_enchant_main/ef_enchant_main_00035"},{"time":0.3666,"name":"EF/ef_enchant_main/ef_enchant_main_00036"},{"time":0.4,"name":"EF/ef_enchant_main/ef_enchant_main_00037"},{"time":0.4333,"name":"EF/ef_enchant_main/ef_enchant_main_00038"},{"time":0.4666,"name":"EF/ef_enchant_main/ef_enchant_main_00026"},{"time":0.5,"name":"EF/ef_enchant_main/ef_enchant_main_00027"},{"time":0.5333,"name":"EF/ef_enchant_main/ef_enchant_main_00028"},{"time":0.5666,"name":"EF/ef_enchant_main/ef_enchant_main_00029"},{"time":0.6,"name":"EF/ef_enchant_main/ef_enchant_main_00030"},{"time":0.6333,"name":"EF/ef_enchant_main/ef_enchant_main_00031"},{"time":0.6666,"name":"EF/ef_enchant_main/ef_enchant_main_00032"},{"time":0.7,"name":"EF/ef_enchant_main/ef_enchant_main_00033"},{"time":0.7333,"name":"EF/ef_enchant_main/ef_enchant_main_00034"},{"time":0.7666,"name":"EF/ef_enchant_main/ef_enchant_main_00035"},{"time":0.8,"name":"EF/ef_enchant_main/ef_enchant_main_00036"},{"time":0.8333,"name":"EF/ef_enchant_main/ef_enchant_main_00037"},{"time":0.8666,"name":"EF/ef_enchant_main/ef_enchant_main_00038"},{"time":0.9,"name":null}],"color":[{"time":0.7,"color":"ffffffff"},{"time":0.9,"color":"ffffff00"}]},"EF_fire1_1":{"attachment":[{"time":0.0333,"name":"EF/EF_fire/ef_water_main_00001"},{"time":0.0666,"name":"EF/EF_fire/ef_water_main_00002"},{"time":0.1,"name":"EF/EF_fire/ef_water_main_00003"},{"time":0.1333,"name":"EF/EF_fire/ef_water_main_00004"},{"time":0.1666,"name":"EF/EF_fire/ef_water_main_00005"},{"time":0.2,"name":"EF/EF_fire/ef_water_main_00006"},{"time":0.2333,"name":"EF/EF_fire/ef_water_main_00007"},{"time":0.2666,"name":"EF/EF_fire/ef_water_main_00008"},{"time":0.3,"name":"EF/EF_fire/ef_water_main_00009"},{"time":0.3333,"name":"EF/EF_fire/ef_water_main_00010"},{"time":0.3666,"name":"EF/EF_fire/ef_water_main_00011"},{"time":0.4,"name":"EF/EF_fire/ef_water_main_00012"},{"time":0.4333,"name":"EF/EF_fire/ef_water_main_00013"},{"time":0.4666,"name":null},{"time":3.2666,"name":"EF/EF_fire/ef_water_main_00001"},{"time":3.3,"name":"EF/EF_fire/ef_water_main_00002"},{"time":3.3333,"name":"EF/EF_fire/ef_water_main_00003"},{"time":3.3666,"name":"EF/EF_fire/ef_water_main_00004"},{"time":3.4,"name":"EF/EF_fire/ef_water_main_00005"},{"time":3.4333,"name":"EF/EF_fire/ef_water_main_00006"},{"time":3.4666,"name":"EF/EF_fire/ef_water_main_00007"},{"time":3.5,"name":"EF/EF_fire/ef_water_main_00008"},{"time":3.5333,"name":"EF/EF_fire/ef_water_main_00009"},{"time":3.5666,"name":"EF/EF_fire/ef_water_main_00010"},{"time":3.6,"name":"EF/EF_fire/ef_water_main_00011"},{"time":3.6333,"name":"EF/EF_fire/ef_water_main_00012"},{"time":3.6666,"name":"EF/EF_fire/ef_water_main_00013"},{"time":3.7,"name":null}]},"EF_flashring1_1":{"attachment":[{"time":0.5333,"name":"EF/flash_ring/5110_S2_power2_00001"},{"time":0.5666,"name":"EF/flash_ring/5110_S2_power2_00002"},{"time":0.6,"name":"EF/flash_ring/5110_S2_power2_00003"},{"time":0.6333,"name":"EF/flash_ring/5110_S2_power2_00005"},{"time":0.6666,"name":"EF/flash_ring/5110_S2_power2_00006"},{"time":0.7333,"name":"EF/flash_ring/5110_S2_power2_00007"},{"time":0.8,"name":"EF/flash_ring/5110_S2_power2_00008"},{"time":0.8666,"name":null},{"time":3.4333,"name":"EF/flash_ring/5110_S2_power2_00001"},{"time":3.4666,"name":"EF/flash_ring/5110_S2_power2_00002"},{"time":3.5,"name":"EF/flash_ring/5110_S2_power2_00003"},{"time":3.5333,"name":"EF/flash_ring/5110_S2_power2_00005"},{"time":3.5666,"name":"EF/flash_ring/5110_S2_power2_00006"},{"time":3.6,"name":"EF/flash_ring/5110_S2_power2_00007"},{"time":3.6666,"name":"EF/flash_ring/5110_S2_power2_00008"},{"time":3.7333,"name":null}],"color":[{"time":0.7666,"color":"ffffffff"},{"time":0.8666,"color":"ffffff00","curve":"stepped"},{"time":3.4333,"color":"ffffffff","curve":"stepped"},{"time":3.5666,"color":"ffffffff","curve":[0.206,0.4,0.75,1]},{"time":3.7333,"color":"ffffff00"}]},"EF_shockwave1_1":{"attachment":[{"time":3.4333,"name":"EF/wave_shock1/5110_S2_attack3_00003"},{"time":3.4666,"name":"EF/wave_shock1/5110_S2_attack3_00004"},{"time":3.5,"name":"EF/wave_shock1/5110_S2_attack3_00005"},{"time":3.5333,"name":"EF/wave_shock1/5110_S2_attack3_00006"},{"time":3.6,"name":"EF/wave_shock1/5110_S2_attack3_00007"},{"time":3.6666,"name":null}],"color":[{"time":3.5,"color":"ffffffff"},{"time":3.6666,"color":"ffffff00"}]},"EF_shockwave1_2":{"attachment":[{"time":3.4333,"name":"EF/wave_shock1/5110_S2_attack3_00003"},{"time":3.4666,"name":"EF/wave_shock1/5110_S2_attack3_00004"},{"time":3.5,"name":"EF/wave_shock1/5110_S2_attack3_00005"},{"time":3.5333,"name":"EF/wave_shock1/5110_S2_attack3_00006"},{"time":3.6,"name":"EF/wave_shock1/5110_S2_attack3_00007"},{"time":3.6666,"name":null}],"color":[{"time":3.5,"color":"ffffffff"},{"time":3.6666,"color":"ffffff00"}]},"EF_slash1_1":{"attachment":[{"time":1.6333,"name":"EF/slash3/MKY_slash5_00002"},{"time":1.7,"name":"EF/slash3/MKY_slash5_00003"},{"time":1.7666,"name":"EF/slash3/MKY_slash5_00004"},{"time":1.8333,"name":null}],"color":[{"time":1.6333,"color":"ffffffff","curve":"stepped"},{"time":1.7333,"color":"ffffffff"},{"time":1.8333,"color":"ffffff00"}]},"EF_slashbolt1_1":{"attachment":[{"time":0.5333,"name":"EF/line1/5220_S3_slash1_00006"},{"time":0.8666,"name":null},{"time":1.0333,"name":"EF/ef_slash_bolt_main_00002"},{"time":1.1,"name":"EF/line1/5220_S3_slash1_00006"},{"time":1.4333,"name":null},{"time":1.6666,"name":"EF/ef_slash_bolt_main_00002"},{"time":1.7333,"name":"EF/line1/5220_S3_slash1_00006"},{"time":2.7,"name":null},{"time":3.5333,"name":"EF/line1/5220_S3_slash1_00006"},{"time":4.3666,"name":null}],"color":[{"time":1.6666,"color":"ffffffff","curve":"stepped"},{"time":2.3666,"color":"ffffffff"},{"time":2.7,"color":"ffffff00","curve":"stepped"},{"time":3.5333,"color":"ffffffff"}]},"EF_slashbolt1_2":{"attachment":[{"time":1.0666,"name":"EF/ef_slash_bolt_main_00002"},{"time":1.1333,"name":"EF/line1/5220_S3_slash1_00006"},{"time":1.4666,"name":null},{"time":1.7,"name":"EF/ef_slash_bolt_main_00002"},{"time":1.7666,"name":"EF/line1/5220_S3_slash1_00006"},{"time":2.3,"name":null}]},"EF_slashbolt1_3":{"attachment":[{"time":1.0666,"name":"EF/line1/5220_S3_slash1_00006"},{"time":1.4666,"name":null},{"time":1.7333,"name":"EF/ef_slash_bolt_main_00002"},{"time":1.8,"name":"EF/line1/5220_S3_slash1_00006"},{"time":2.3333,"name":null}]},"EF_slashbolt1_4":{"attachment":[{"time":1.1,"name":"EF/ef_slash_bolt_main_00002"},{"time":1.1666,"name":"EF/line1/5220_S3_slash1_00006"},{"time":1.5,"name":null},{"time":1.7333,"name":"EF/line1/5220_S3_slash1_00006"},{"time":2.3333,"name":null}]},"EF_slashbolt1_5":{"attachment":[{"time":1.1333,"name":"EF/ef_slash_bolt_main_00002"},{"time":1.2,"name":"EF/line1/5220_S3_slash1_00006"},{"time":1.5333,"name":null},{"time":1.7666,"name":"EF/ef_slash_bolt_main_00002"},{"time":1.8333,"name":"EF/line1/5220_S3_slash1_00006"},{"time":2.3666,"name":null}]},"EF_slashbolt1_6":{"attachment":[{"time":1.1333,"name":"EF/line1/5220_S3_slash1_00006"},{"time":1.5333,"name":null},{"time":1.7666,"name":"EF/line1/5220_S3_slash1_00006"},{"time":2.3666,"name":null}]},"EF_slashbolt1_7":{"attachment":[{"time":1.1666,"name":"EF/ef_slash_bolt_main_00002"},{"time":1.2333,"name":"EF/line1/5220_S3_slash1_00006"},{"time":1.5666,"name":null},{"time":1.8,"name":"EF/ef_slash_bolt_main_00002"},{"time":1.8666,"name":"EF/line1/5220_S3_slash1_00006"},{"time":2.4,"name":null}]},"EF_slashbolt1_8":{"attachment":[{"time":1.2,"name":"EF/ef_slash_bolt_main_00002"},{"time":1.2666,"name":"EF/line1/5220_S3_slash1_00006"},{"time":1.6,"name":null},{"time":1.8,"name":"EF/line1/5220_S3_slash1_00006"},{"time":2.4,"name":null}]},"EF_slashbolt1_9":{"attachment":[{"time":1.8333,"name":"EF/ef_slash_bolt_main_00002"},{"time":1.9,"name":"EF/line1/5220_S3_slash1_00006"},{"time":2.4333,"name":null}]},"EF_slashbolt1_10":{"attachment":[{"time":1.8333,"name":"EF/line1/5220_S3_slash1_00006"},{"time":2.4333,"name":null}]},"EF_slashbolt1_11":{"attachment":[{"time":1.8666,"name":"EF/ef_slash_bolt_main_00002"},{"time":1.9333,"name":"EF/line1/5220_S3_slash1_00006"},{"time":2.4666,"name":null}]},"EF_slashbolt1_12":{"attachment":[{"time":1.8666,"name":"EF/line1/5220_S3_slash1_00006"},{"time":2.4666,"name":null}]},"EF_smash1_1":{"attachment":[{"time":3.4333,"name":"EF/shock3/5110_S2_attack1_00002"},{"time":3.4666,"name":"EF/shock3/5110_S2_attack1_00003"},{"time":3.5,"name":"EF/shock3/5110_S2_attack1_00006"},{"time":3.5333,"name":"EF/shock3/5110_S2_attack1_00007"},{"time":3.6,"name":null}]},"EF_trust1_1":{"attachment":[{"time":3.3666,"name":"EF/ef_trust/ef_trust_main_00001"},{"time":3.4,"name":"EF/ef_trust/ef_trust_main_00002"},{"time":3.4333,"name":"EF/ef_trust/ef_trust_main_00003"},{"time":3.4666,"name":"EF/ef_trust/ef_trust_main_00004"},{"time":3.5,"name":"EF/ef_trust/ef_trust_main_00005"},{"time":3.5333,"name":"EF/ef_trust/ef_trust_main_00006"},{"time":3.5666,"name":"EF/ef_trust/ef_trust_main_00007"},{"time":3.6,"name":"EF/ef_trust/ef_trust_main_00008"},{"time":3.6333,"name":null}]},"EF_waterwave1_1":{"attachment":[{"time":3.2666,"name":"EF/EF_waterwave/ef_fire_wave_A_main_00001"},{"time":3.3,"name":"EF/EF_waterwave/ef_fire_wave_A_main_00002"},{"time":3.3333,"name":"EF/EF_waterwave/ef_fire_wave_A_main_00003"},{"time":3.3666,"name":"EF/EF_waterwave/ef_fire_wave_A_main_00004"},{"time":3.4,"name":"EF/EF_waterwave/ef_fire_wave_A_main_00005"},{"time":3.4333,"name":"EF/EF_waterwave/ef_fire_wave_A_main_00006"},{"time":3.4666,"name":"EF/EF_waterwave/ef_fire_wave_A_main_00007"},{"time":3.5,"name":"EF/EF_waterwave/ef_fire_wave_A_main_00008"},{"time":3.5333,"name":"EF/EF_waterwave/ef_fire_wave_A_main_00009"},{"time":3.5666,"name":"EF/EF_waterwave/ef_fire_wave_A_main_00010"},{"time":3.6,"name":"EF/EF_waterwave/ef_fire_wave_A_main_00011"},{"time":3.6333,"name":"EF/EF_waterwave/ef_fire_wave_A_main_00012"},{"time":3.6666,"name":null}]}},"bones":{"EF_enchant1_1":{"translate":[{"time":0.0333,"x":-135.4,"y":18.2}]},"EF_fire1_1":{"rotate":[{"time":0.0333,"angle":-69.43,"curve":"stepped"},{"time":3.2666,"angle":270}],"translate":[{"time":0.0333,"x":-384.98,"y":71.33,"curve":"stepped"},{"time":3.2666,"x":-1130.33,"y":134.84}],"scale":[{"time":3.2666,"x":5,"y":5}]},"EF_charge1_1":{"translate":[{"time":0.0333,"x":-235.27,"y":18.74}],"scale":[{"time":0.0333,"x":2,"y":2}]},"EF_flashring1_1":{"translate":[{"time":0.5333,"x":-284.83,"y":19.13,"curve":"stepped"},{"time":3.4333,"x":-810.62,"y":5.05}],"scale":[{"time":0.5333,"x":0.75,"y":0.75,"curve":[0.137,0.52,0.75,1]},{"time":0.6666,"x":2.5,"y":2.5},{"time":0.8333,"x":3,"y":3,"curve":"stepped"},{"time":3.4333,"x":6.735,"y":6.735}]},"EF_slashbolt1_1":{"rotate":[{"time":1.0333,"angle":114.62,"curve":"stepped"},{"time":1.6666,"angle":179.81}],"translate":[{"time":0.5333,"x":-335.38,"y":19.12,"curve":"stepped"},{"time":1.0333,"x":-335.38,"y":19.12,"curve":"stepped"},{"time":1.1,"x":-335.38,"y":19.12},{"time":1.3666,"x":-349.58,"y":50.1,"curve":"stepped"},{"time":1.6666,"x":-350,"y":21.31,"curve":"stepped"},{"time":1.7333,"x":-350,"y":21.31},{"time":2.2,"x":-350,"y":28.92},{"time":2.5333,"x":-350,"y":36.52,"curve":"stepped"},{"time":3.5333,"x":-350,"y":-0.85}],"scale":[{"time":0.5333,"x":0.287,"y":0.287,"curve":[0.127,0.69,0.322,0.97]},{"time":0.6333,"x":7.659,"y":1},{"time":0.7333,"x":7.659,"y":0.184},{"time":0.8666,"x":7.659,"y":0.054,"curve":"stepped"},{"time":1.0333,"x":3,"y":3},{"time":1.0666,"x":-6,"y":6},{"time":1.1,"x":6,"y":1.5,"curve":"stepped"},{"time":1.3666,"x":6,"y":1.5},{"time":1.4333,"x":6,"y":0.1,"curve":"stepped"},{"time":1.6666,"x":4,"y":4},{"time":1.7,"x":6,"y":6,"curve":"stepped"},{"time":1.7333,"x":6,"y":6,"curve":[0.25,0,0.811,0.5]},{"time":2.2,"x":10,"y":3},{"time":2.5333,"x":15,"y":0.8},{"time":2.7,"x":16,"y":0.1,"curve":"stepped"},{"time":3.5333,"x":10,"y":3,"curve":[0.25,0,0.775,0.49]},{"time":3.7,"x":10,"y":0.752,"curve":[0.25,0,0.775,0.49]},{"time":4.3666,"x":10,"y":-0.05}]},"EF_slashbolt1_2":{"rotate":[{"time":1.0666,"angle":-19.83,"curve":"stepped"},{"time":1.7,"angle":-152.37}],"translate":[{"time":1.0666,"x":-356.81,"y":229.11,"curve":"stepped"},{"time":1.1333,"x":-356.81,"y":229.11},{"time":1.4,"x":-340.19,"y":223.12,"curve":"stepped"},{"time":1.7,"x":-299.7,"y":181.8,"curve":"stepped"},{"time":1.7666,"x":-299.7,"y":181.8},{"time":2.2,"x":-248.81,"y":208.46}],"scale":[{"time":1.0666,"x":3,"y":3,"curve":"stepped"},{"time":1.1,"x":-6,"y":6},{"time":1.1333,"x":6,"y":1.5,"curve":"stepped"},{"time":1.4,"x":6,"y":1.5},{"time":1.4666,"x":6,"y":0.1,"curve":"stepped"},{"time":1.7,"x":3,"y":3,"curve":"stepped"},{"time":1.7333,"x":-6,"y":6},{"time":1.7666,"x":6,"y":1.5,"curve":"stepped"},{"time":2.0333,"x":6,"y":1.5},{"time":2.2,"x":16,"y":1},{"time":2.2666,"x":16,"y":0.1}]},"EF_slashbolt1_3":{"rotate":[{"time":1.0666,"angle":-105,"curve":"stepped"},{"time":1.7333,"angle":168.79}],"translate":[{"time":1.0666,"x":-546.46,"y":84.58,"curve":"stepped"},{"time":1.1333,"x":-546.46,"y":84.58},{"time":1.4,"x":-554.52,"y":54.45,"curve":"stepped"},{"time":1.7333,"x":-153.63,"y":159.03,"curve":"stepped"},{"time":1.8,"x":-153.63,"y":159.03},{"time":2.2333,"x":-129.73,"y":154.29}],"scale":[{"time":1.0666,"x":3,"y":3},{"time":1.1,"x":-6,"y":6},{"time":1.1333,"x":6,"y":1.5,"curve":"stepped"},{"time":1.4,"x":6,"y":1.5},{"time":1.4666,"x":6,"y":0.1,"curve":"stepped"},{"time":1.7333,"x":3,"y":3},{"time":1.7666,"x":-6,"y":6},{"time":1.8,"x":6,"y":1.5,"curve":"stepped"},{"time":2.0666,"x":6,"y":1.5},{"time":2.2333,"x":15,"y":1},{"time":2.3,"x":44.246,"y":0.1}]},"EF_slashbolt1_4":{"rotate":[{"time":1.1,"angle":118.29}],"translate":[{"time":1.1,"x":-56.33,"y":-11.26,"curve":"stepped"},{"time":1.1666,"x":-56.33,"y":-11.26},{"time":1.4333,"x":-74.68,"y":22.82,"curve":"stepped"},{"time":1.7333,"x":59.15,"y":140.06},{"time":1.8,"x":-748.42,"y":147.48},{"time":2.2333,"x":-778.65,"y":203.64}],"scale":[{"time":1.1,"x":3,"y":3},{"time":1.1333,"x":-6,"y":6},{"time":1.1666,"x":6,"y":1.5,"curve":"stepped"},{"time":1.4333,"x":6,"y":1.5},{"time":1.5,"x":6,"y":0.1,"curve":"stepped"},{"time":1.7333,"x":3,"y":3},{"time":1.7666,"x":-6,"y":6},{"time":1.8,"x":6,"y":1.5,"curve":"stepped"},{"time":2.0666,"x":6,"y":1.5},{"time":2.2333,"x":15,"y":1},{"time":2.3,"x":16,"y":0.1}]},"EF_slashbolt1_5":{"rotate":[{"time":1.1333,"angle":-161.86,"curve":"stepped"},{"time":1.7666,"angle":62.27}],"translate":[{"time":1.1333,"x":-345.55,"y":-67.6,"curve":"stepped"},{"time":1.2,"x":-345.55,"y":-67.6},{"time":1.4666,"x":-375.9,"y":-76.74,"curve":"stepped"},{"time":1.7666,"x":-407.27,"y":-27.94},{"time":2.2666,"x":-391.25,"y":2.56}],"scale":[{"time":1.1333,"x":3,"y":3},{"time":1.1666,"x":-6,"y":6},{"time":1.2,"x":6,"y":1.5,"curve":"stepped"},{"time":1.4666,"x":6,"y":1.5},{"time":1.5333,"x":6,"y":0.1,"curve":"stepped"},{"time":1.7666,"x":3,"y":3},{"time":1.8,"x":-6,"y":6},{"time":1.8333,"x":6,"y":1.5,"curve":"stepped"},{"time":2.1,"x":6,"y":1.5},{"time":2.2666,"x":15,"y":1},{"time":2.3333,"x":16,"y":0.1}]},"EF_slashbolt1_6":{"rotate":[{"time":1.1333,"angle":-86.63,"curve":"stepped"},{"time":1.7666,"angle":-34.88}],"translate":[{"time":1.1333,"x":-619.73,"y":262.91,"curve":"stepped"},{"time":1.2,"x":-619.73,"y":262.91},{"time":1.4666,"x":-620.66,"y":278.68,"curve":"stepped"},{"time":1.7666,"x":-446.36,"y":296.11},{"time":2.2666,"x":-419.27,"y":277.23}],"scale":[{"time":1.1333,"x":3,"y":3},{"time":1.1666,"x":-6,"y":6},{"time":1.2,"x":6,"y":1.5,"curve":"stepped"},{"time":1.4666,"x":6,"y":1.5},{"time":1.5333,"x":6,"y":0.1,"curve":"stepped"},{"time":1.7666,"x":3,"y":3},{"time":1.8,"x":-6,"y":6},{"time":1.8333,"x":6,"y":1.5,"curve":"stepped"},{"time":2.1,"x":6,"y":1.5},{"time":2.2666,"x":15,"y":1},{"time":2.3333,"x":16,"y":0.097}]},"EF_slashbolt1_7":{"rotate":[{"time":1.1666,"angle":-168.46}],"translate":[{"time":1.1666,"x":-535.22,"y":344.58,"curve":"stepped"},{"time":1.2333,"x":-535.22,"y":344.58},{"time":1.5,"x":-551.11,"y":341.33,"curve":"stepped"},{"time":1.8,"x":-551.11,"y":341.33}],"scale":[{"time":1.1666,"x":3,"y":3},{"time":1.2,"x":-6,"y":6},{"time":1.2333,"x":6,"y":1.5,"curve":"stepped"},{"time":1.5,"x":6,"y":1.5},{"time":1.5666,"x":6,"y":0.1,"curve":"stepped"},{"time":1.8,"x":3,"y":3},{"time":1.8333,"x":-6,"y":6},{"time":1.8666,"x":6,"y":1.5,"curve":"stepped"},{"time":2.1,"x":6,"y":1.5},{"time":2.3,"x":15,"y":1},{"time":2.3666,"x":16,"y":0.1}]},"EF_slashbolt1_8":{"rotate":[{"time":1.2,"angle":-62.76,"curve":"stepped"},{"time":1.8,"angle":-89.39}],"translate":[{"time":1.2,"x":-631,"y":-52.58,"curve":"stepped"},{"time":1.2666,"x":-631,"y":-52.58},{"time":1.5333,"x":-628.7,"y":-57.06,"curve":"stepped"},{"time":1.8,"x":-527.6,"y":-4.77}],"scale":[{"time":1.2,"x":3,"y":3},{"time":1.2333,"x":-6,"y":6},{"time":1.2666,"x":6,"y":1.5,"curve":"stepped"},{"time":1.5333,"x":6,"y":1.5},{"time":1.6,"x":6,"y":0.1,"curve":"stepped"},{"time":1.8,"x":3,"y":3},{"time":1.8333,"x":-6,"y":6},{"time":1.8666,"x":6,"y":1.5,"curve":"stepped"},{"time":2.1,"x":6,"y":1.5},{"time":2.3,"x":15,"y":1},{"time":2.3666,"x":16,"y":0.1}]},"EF_slashbolt1_9":{"rotate":[{"time":1.8333,"angle":10.19}],"translate":[{"time":1.8333,"x":-289.33,"y":-87.14}],"scale":[{"time":1.8333,"x":3,"y":3},{"time":1.8666,"x":-6,"y":6},{"time":1.9,"x":6,"y":1.5,"curve":"stepped"},{"time":2.1333,"x":6,"y":1.5},{"time":2.3333,"x":15,"y":1},{"time":2.4,"x":16,"y":0.1}]},"EF_slashbolt1_10":{"rotate":[{"time":1.8333,"angle":15.3}],"translate":[{"time":1.8333,"x":-439.23,"y":149.89}],"scale":[{"time":1.8333,"x":3,"y":3},{"time":1.8666,"x":-6,"y":6},{"time":1.9,"x":6,"y":1.5,"curve":"stepped"},{"time":2.1333,"x":6,"y":1.5},{"time":2.3333,"x":15,"y":1},{"time":2.4,"x":16,"y":0.1}]},"EF_slashbolt1_11":{"rotate":[{"time":1.8666,"angle":46.22}],"translate":[{"time":1.8666,"x":-699.17,"y":178.14}],"scale":[{"time":1.8666,"x":3,"y":3},{"time":1.9,"x":-6,"y":6},{"time":1.9333,"x":6,"y":1.5,"curve":"stepped"},{"time":2.1666,"x":6,"y":1.5},{"time":2.3666,"x":7.684,"y":1},{"time":2.4333,"x":16,"y":0.1}]},"EF_slashbolt1_12":{"rotate":[{"time":1.8666,"angle":-7.96}],"translate":[{"time":1.8666,"x":-533.03,"y":471.25}],"scale":[{"time":1.8666,"x":3,"y":3},{"time":1.9,"x":-6,"y":6},{"time":1.9333,"x":6,"y":1.5,"curve":"stepped"},{"time":2.1666,"x":6,"y":1.5},{"time":2.3666,"x":7.684,"y":1},{"time":2.4333,"x":16,"y":0.1}]},"EF_slash1_1":{"rotate":[{"time":1.6333,"angle":152.48}],"translate":[{"time":1.6333,"x":-261.57,"y":54.94}],"scale":[{"time":1.6333,"x":3.5,"y":-3.5}]},"EF_waterwave1_1":{"translate":[{"time":3.2666,"x":-801.7,"y":-44.58}],"scale":[{"time":3.2666,"x":7,"y":7}]},"EF_trust1_1":{"translate":[{"time":3.3666,"x":-52.18,"y":0}],"scale":[{"time":3.3666,"x":4.5,"y":4.5}]},"EF_smash1_1":{"translate":[{"time":3.4333,"x":-550.02,"y":-42.72}],"scale":[{"time":3.4333,"x":7.564,"y":7.564}]},"EF_shockwave1_1":{"rotate":[{"time":3.4333,"angle":-47.58}],"translate":[{"time":3.4333,"x":-814.35,"y":-42.72}],"scale":[{"time":3.4333,"x":9.971,"y":9.971}]},"EF_shockwave1_2":{"rotate":[{"time":3.4333,"angle":49.03}],"translate":[{"time":3.4333,"x":-814.35,"y":-42.72}],"scale":[{"time":3.4333,"x":9.971,"y":9.971}]},"EF_aura1_1":{"translate":[{"time":0.6,"x":-350,"y":-40.81,"curve":"stepped"},{"time":0.8666,"x":-410.88,"y":-40.81},{"time":0.9666,"x":-477.14,"y":-40.81},{"time":1,"x":-689.73,"y":-40.81,"curve":"stepped"},{"time":1.5666,"x":-555.84,"y":-40.81},{"time":1.7,"x":-280.9,"y":-40.81},{"time":1.8666,"x":-273.75,"y":-40.81,"curve":"stepped"},{"time":2.6333,"x":-273.75,"y":-40.81},{"time":2.6666,"x":-349.38,"y":-40.81},{"time":2.7666,"x":-365.73,"y":-40.81}],"scale":[{"time":0.6,"x":2.919,"y":2.919}]}}},"aura":{"slots":{"EF_aura1_1":{"attachment":[{"time":0,"name":"EF/EF_aura2/670_S2_ene2_00003"},{"time":0.0666,"name":"EF/EF_aura2/670_S2_ene2_00004"},{"time":0.1333,"name":"EF/EF_aura2/670_S2_ene2_00005"},{"time":0.2,"name":"EF/EF_aura2/670_S2_ene2_00007"},{"time":0.2666,"name":"EF/EF_aura2/670_S2_ene2_00008"},{"time":0.3333,"name":"EF/EF_aura2/670_S2_ene2_00010"},{"time":0.4,"name":"EF/EF_aura2/670_S2_ene2_00013"},{"time":0.4666,"name":"EF/EF_aura2/670_S2_ene2_00014"},{"time":0.5333,"name":"EF/EF_aura2/670_S2_ene2_00015"},{"time":0.6,"name":"EF/EF_aura2/670_S2_ene2_00003"},{"time":0.6666,"name":"EF/EF_aura2/670_S2_ene2_00004"},{"time":0.7333,"name":"EF/EF_aura2/670_S2_ene2_00005"},{"time":0.8,"name":"EF/EF_aura2/670_S2_ene2_00007"},{"time":0.8666,"name":"EF/EF_aura2/670_S2_ene2_00008"},{"time":0.9333,"name":"EF/EF_aura2/670_S2_ene2_00010"},{"time":1,"name":"EF/EF_aura2/670_S2_ene2_00013"},{"time":1.0666,"name":"EF/EF_aura2/670_S2_ene2_00014"},{"time":1.1333,"name":"EF/EF_aura2/670_S2_ene2_00015"},{"time":1.2,"name":"EF/EF_aura2/670_S2_ene2_00003"}]},"EF_fireaura":{"attachment":[{"time":0,"name":"EF/ef_graund_water_main-aura/ef_graund_water_main_00002"},{"time":0.0666,"name":"EF/ef_graund_water_main-aura/ef_graund_water_main_00003"},{"time":0.1333,"name":"EF/ef_graund_water_main-aura/ef_graund_water_main_00004"},{"time":0.2,"name":"EF/ef_graund_water_main-aura/ef_graund_water_main_00005"},{"time":0.2666,"name":"EF/ef_graund_water_main-aura/ef_graund_water_main_00006"},{"time":0.3333,"name":"EF/ef_graund_water_main-aura/ef_graund_water_main_00007"},{"time":0.4,"name":"EF/ef_graund_water_main-aura/ef_graund_water_main_00008"},{"time":0.4666,"name":"EF/ef_graund_water_main-aura/ef_graund_water_main_00009"},{"time":0.5333,"name":"EF/ef_graund_water_main-aura/ef_graund_water_main_00010"},{"time":0.6,"name":"EF/ef_graund_water_main-aura/ef_graund_water_main_00011"},{"time":0.6666,"name":"EF/ef_graund_water_main-aura/ef_graund_water_main_00012"},{"time":0.7333,"name":null}]},"EF_fireaura2":{"attachment":[{"time":0.4666,"name":"EF/ef_graund_water_main-aura/ef_graund_water_main_00002"},{"time":0.5333,"name":"EF/ef_graund_water_main-aura/ef_graund_water_main_00003"},{"time":0.6,"name":"EF/ef_graund_water_main-aura/ef_graund_water_main_00004"},{"time":0.6666,"name":"EF/ef_graund_water_main-aura/ef_graund_water_main_00005"},{"time":0.7333,"name":"EF/ef_graund_water_main-aura/ef_graund_water_main_00006"},{"time":0.8,"name":"EF/ef_graund_water_main-aura/ef_graund_water_main_00007"},{"time":0.8666,"name":"EF/ef_graund_water_main-aura/ef_graund_water_main_00008"},{"time":0.9333,"name":"EF/ef_graund_water_main-aura/ef_graund_water_main_00009"},{"time":1,"name":"EF/ef_graund_water_main-aura/ef_graund_water_main_00010"},{"time":1.0666,"name":"EF/ef_graund_water_main-aura/ef_graund_water_main_00011"},{"time":1.1333,"name":"EF/ef_graund_water_main-aura/ef_graund_water_main_00012"},{"time":1.2,"name":null}]},"EF_rotaura1_1":{"attachment":[{"time":0,"name":"EF/ef_aura/ef_rot_aura_main_00001"},{"time":0.0666,"name":"EF/ef_aura/ef_rot_aura_main_00002"},{"time":0.1333,"name":"EF/ef_aura/ef_rot_aura_main_00003"},{"time":0.2,"name":"EF/ef_aura/ef_rot_aura_main_00004"},{"time":0.2666,"name":"EF/ef_aura/ef_rot_aura_main_00005"},{"time":0.3333,"name":"EF/ef_aura/ef_rot_aura_main_00006"},{"time":0.4,"name":"EF/ef_aura/ef_rot_aura_main_00007"},{"time":0.4666,"name":"EF/ef_aura/ef_rot_aura_main_00008"},{"time":0.5333,"name":"EF/ef_aura/ef_rot_aura_main_00009"},{"time":0.6,"name":"EF/ef_aura/ef_rot_aura_main_00010"},{"time":0.6666,"name":"EF/ef_aura/ef_rot_aura_main_00011"},{"time":0.7333,"name":"EF/ef_aura/ef_rot_aura_main_00012"},{"time":0.8,"name":"EF/ef_aura/ef_rot_aura_main_00013"},{"time":0.8666,"name":null}]},"EF_rotaura1_2":{"attachment":[{"time":0.3333,"name":"EF/ef_aura/ef_rot_aura_main_00001"},{"time":0.4,"name":"EF/ef_aura/ef_rot_aura_main_00002"},{"time":0.4666,"name":"EF/ef_aura/ef_rot_aura_main_00003"},{"time":0.5333,"name":"EF/ef_aura/ef_rot_aura_main_00004"},{"time":0.6,"name":"EF/ef_aura/ef_rot_aura_main_00005"},{"time":0.6666,"name":"EF/ef_aura/ef_rot_aura_main_00006"},{"time":0.7333,"name":"EF/ef_aura/ef_rot_aura_main_00007"},{"time":0.8,"name":"EF/ef_aura/ef_rot_aura_main_00008"},{"time":0.8666,"name":"EF/ef_aura/ef_rot_aura_main_00009"},{"time":0.9333,"name":"EF/ef_aura/ef_rot_aura_main_00010"},{"time":1,"name":"EF/ef_aura/ef_rot_aura_main_00011"},{"time":1.0666,"name":"EF/ef_aura/ef_rot_aura_main_00012"},{"time":1.1333,"name":"EF/ef_aura/ef_rot_aura_main_00013"},{"time":1.2,"name":null}]}},"bones":{"EF_rotaura1_1":{"translate":[{"time":0,"x":-350,"y":0}],"scale":[{"time":0,"x":1.5,"y":1.5}]},"EF_rotaura1_2":{"translate":[{"time":0.3333,"x":-350,"y":0}],"scale":[{"time":0.3333,"x":-1.6,"y":1.6}]},"EF_aura1_1":{"translate":[{"time":0,"x":-332.2,"y":-50}],"scale":[{"time":0,"x":2.5,"y":2.5}]},"EF_fireaura":{"translate":[{"time":0,"x":-450,"y":0}],"scale":[{"time":0,"x":0.8,"y":0.8}]}}},"empty":{}}}