{"skeleton":{"hash":"MpYDJ2K6ngc77VfdAk3fser/0tA","spine":"3.0.12","width":0,"height":0},"bones":[{"name":"root"},{"name":"MAIN","parent":"root"},{"name":"ice","parent":"MAIN","x":832.34,"y":0.08},{"name":"ex1","parent":"MAIN","x":735.54,"y":0.28},{"name":"S1_ice","parent":"MAIN","x":884.41,"y":263.95},{"name":"S1_fire1_2","parent":"MAIN","x":863.09,"y":161.59},{"name":"S1_fire1_1","parent":"MAIN","x":863.09,"y":95.92},{"name":"S1,2_icebreak","parent":"MAIN","x":1016.12,"y":201,"scaleX":2.498,"scaleY":2.498},{"name":"A1_ice2","parent":"MAIN","x":791.09,"y":271.28,"scaleX":2,"scaleY":2},{"name":"A1_ice","parent":"MAIN","x":738.43,"y":270.37,"scaleX":2,"scaleY":2},{"name":"DAMAGEAREA","parent":"root"},{"name":"shot1","parent":"MAIN","x":991.89,"y":0.2},{"name":"wave1_1","parent":"MAIN","x":1183.99,"y":-49.83},{"name":"wave1_2","parent":"MAIN","x":1183.99,"y":-127.26}],"slots":[{"name":"S1_fire1_1","bone":"S1_fire1_1","blend":"additive"},{"name":"S1_fire1_2","bone":"S1_fire1_2","blend":"additive"},{"name":"ex1","bone":"ex1","blend":"additive"},{"name":"shot1","bone":"shot1","blend":"additive"},{"name":"wave1_1","bone":"wave1_1","blend":"additive"},{"name":"wave1_2","bone":"wave1_2","blend":"additive"},{"name":"DAMAGEAREA","bone":"DAMAGEAREA"},{"name":"EF/ice3/110_S2_ice1_00000","bone":"ice","blend":"additive"},{"name":"EF/110_S1_icebreak1/110_S1_icebreak1_00000","bone":"S1,2_icebreak","blend":"additive"},{"name":"EF/10118_S2_snow2/main_00001","bone":"A1_ice","blend":"additive"},{"name":"EF/10118_S2_snow2/main_1","bone":"A1_ice2","blend":"additive"},{"name":"EF/110_S1_ice1/110_S1_ice1_00000","bone":"S1_ice","blend":"additive"}],"skins":{"default":{"DAMAGEAREA":{"DAMAGEAREA":{"type":"boundingbox","vertices":[-78.48113,98.81593,-79.3781,-70.71702,78.49378,-69.82001,78.49378,98.81593]}},"EF/10118_S2_snow2/main_00001":{"EF/10118_S2_snow2/main_00001":{"x":3.49,"y":-2.37,"width":250,"height":250},"EF/10118_S2_snow2/main_00002":{"x":3.49,"y":-2.37,"width":250,"height":250},"EF/10118_S2_snow2/main_00003":{"x":3.49,"y":-2.37,"width":250,"height":250},"EF/10118_S2_snow2/main_00004":{"x":3.49,"y":-2.37,"width":250,"height":250},"EF/10118_S2_snow2/main_00005":{"x":3.49,"y":-2.37,"width":250,"height":250},"EF/10118_S2_snow2/main_00006":{"x":3.49,"y":-2.37,"width":250,"height":250},"EF/10118_S2_snow2/main_00007":{"x":3.49,"y":-2.37,"width":250,"height":250}},"EF/10118_S2_snow2/main_1":{"EF/10118_S2_snow2/main_00001":{"x":3.49,"y":-2.37,"width":250,"height":250},"EF/10118_S2_snow2/main_00002":{"x":3.49,"y":-2.37,"width":250,"height":250},"EF/10118_S2_snow2/main_00003":{"x":3.49,"y":-2.37,"width":250,"height":250},"EF/10118_S2_snow2/main_00004":{"x":3.49,"y":-2.37,"width":250,"height":250},"EF/10118_S2_snow2/main_00005":{"x":3.49,"y":-2.37,"width":250,"height":250},"EF/10118_S2_snow2/main_00006":{"x":3.49,"y":-2.37,"width":250,"height":250},"EF/10118_S2_snow2/main_00007":{"x":3.49,"y":-2.37,"width":250,"height":250}},"EF/110_S1_ice1/110_S1_ice1_00000":{"EF/110_S1_ice1/110_S1_ice1_00000":{"x":-9.14,"y":60.1,"width":500,"height":500},"EF/110_S1_ice2/110_S1_ice2_00000":{"x":0.4,"y":52.67,"width":500,"height":500}},"EF/110_S1_icebreak1/110_S1_icebreak1_00000":{"EF/110_S1_icebreak1/110_S1_icebreak1_00000":{"x":-0.19,"y":26.34,"width":250,"height":250},"EF/110_S1_icebreak1/110_S1_icebreak1_00001":{"x":-0.19,"y":26.34,"width":250,"height":250},"EF/110_S1_icebreak1/110_S1_icebreak1_00002":{"x":-0.19,"y":26.34,"width":250,"height":250},"EF/110_S1_icebreak1/110_S1_icebreak1_00003":{"x":-0.19,"y":26.34,"width":250,"height":250},"EF/110_S1_icebreak1/110_S1_icebreak1_00004":{"x":-0.19,"y":26.34,"width":250,"height":250},"EF/110_S1_icebreak1/110_S1_icebreak1_00005":{"x":-0.19,"y":26.34,"width":250,"height":250},"EF/110_S1_icebreak1/110_S1_icebreak1_00006":{"x":-0.19,"y":26.34,"width":250,"height":250}},"EF/ice3/110_S2_ice1_00000":{"EF/ice3/110_S2_ice1_00000":{"x":-8,"y":10.47,"width":500,"height":500}},"S1_fire1_1":{"EF/750_S1_fire1/750_S1_fire1_00001":{"x":-39.68,"y":7.87,"width":131,"height":73},"EF/750_S1_fire1/750_S1_fire1_00002":{"x":-39.68,"y":7.87,"width":131,"height":73},"EF/750_S1_fire1/750_S1_fire1_00004":{"x":-39.68,"y":7.87,"width":131,"height":73},"EF/750_S1_fire1/750_S1_fire1_00005":{"x":-39.68,"y":7.87,"width":131,"height":73},"EF/750_S1_fire1/750_S1_fire1_00007":{"x":-39.68,"y":7.87,"width":131,"height":73},"EF/750_S1_fire1/750_S1_fire1_00009":{"x":-39.68,"y":7.87,"width":131,"height":73},"EF/750_S1_fire1/750_S1_fire1_00010":{"x":-39.68,"y":7.87,"width":131,"height":73},"EF/750_S1_fire1/750_S1_fire1_00011":{"x":-39.68,"y":7.87,"width":131,"height":73},"EF/750_S1_fire1/750_S1_fire1_00012":{"x":-39.68,"y":7.87,"width":131,"height":73},"EF/750_S1_fire1/750_S1_fire1_00013":{"x":-39.68,"y":7.87,"width":131,"height":73}},"S1_fire1_2":{"EF/750_S1_fire1/750_S1_fire1_00001":{"x":-39.68,"y":7.87,"width":131,"height":73},"EF/750_S1_fire1/750_S1_fire1_00002":{"x":-39.68,"y":7.87,"width":131,"height":73},"EF/750_S1_fire1/750_S1_fire1_00004":{"x":-39.68,"y":7.87,"width":131,"height":73},"EF/750_S1_fire1/750_S1_fire1_00005":{"x":-39.68,"y":7.87,"width":131,"height":73},"EF/750_S1_fire1/750_S1_fire1_00007":{"x":-39.68,"y":7.87,"width":131,"height":73},"EF/750_S1_fire1/750_S1_fire1_00009":{"x":-39.68,"y":7.87,"width":131,"height":73},"EF/750_S1_fire1/750_S1_fire1_00010":{"x":-39.68,"y":7.87,"width":131,"height":73},"EF/750_S1_fire1/750_S1_fire1_00011":{"x":-39.68,"y":7.87,"width":131,"height":73},"EF/750_S1_fire1/750_S1_fire1_00012":{"x":-39.68,"y":7.87,"width":131,"height":73},"EF/750_S1_fire1/750_S1_fire1_00013":{"x":-39.68,"y":7.87,"width":131,"height":73}},"ex1":{"EF/9070_ex1/9070_ex1_00038":{"x":2.09,"y":45.15,"width":149,"height":107},"EF/9070_ex1/9070_ex1_00039":{"x":2.09,"y":45.15,"width":149,"height":107},"EF/9070_ex1/9070_ex1_00041":{"x":2.09,"y":45.15,"width":149,"height":107},"EF/9070_ex1/9070_ex1_00042":{"x":2.09,"y":45.15,"width":149,"height":107},"EF/9070_ex1/9070_ex1_00043":{"x":2.09,"y":45.15,"width":149,"height":107},"EF/9070_ex1/9070_ex1_00044":{"x":2.09,"y":45.15,"width":149,"height":107},"EF/9070_ex1/9070_ex1_00045":{"x":2.09,"y":45.15,"width":149,"height":107},"EF/9070_ex1/9070_ex1_00046":{"x":2.09,"y":45.15,"width":149,"height":107},"EF/9070_ex1/9070_ex1_00047":{"x":2.09,"y":45.15,"width":149,"height":107}},"shot1":{"EF/9070_shot1/9070_shot1_00038":{"x":69.59,"width":247,"height":55},"EF/9070_shot1/9070_shot1_00040":{"x":69.59,"width":247,"height":55},"EF/9070_shot1/9070_shot1_00041":{"x":69.59,"width":247,"height":55},"EF/9070_shot1/9070_shot1_00043":{"x":69.59,"width":247,"height":55},"EF/9070_shot1/9070_shot1_00044":{"x":69.59,"width":247,"height":55},"EF/9070_shot1/9070_shot1_00046":{"x":69.59,"width":247,"height":55},"EF/9070_shot1/9070_shot1_00048":{"x":69.59,"width":247,"height":55},"EF/9070_shot1/9070_shot1_00050":{"x":69.59,"width":247,"height":55}},"wave1_1":{"EF/9070_wave1/9070_wave1_00044":{"x":1.31,"y":25,"width":263,"height":100},"EF/9070_wave1/9070_wave1_00045":{"x":1.31,"y":25,"width":263,"height":100},"EF/9070_wave1/9070_wave1_00046":{"x":1.31,"y":25,"width":263,"height":100},"EF/9070_wave1/9070_wave1_00047":{"x":1.31,"y":25,"width":263,"height":100},"EF/9070_wave1/9070_wave1_00048":{"x":1.31,"y":25,"width":263,"height":100}},"wave1_2":{"EF/9070_wave1/9070_wave1_00044":{"x":1.31,"y":25,"width":263,"height":100},"EF/9070_wave1/9070_wave1_00045":{"x":1.31,"y":25,"width":263,"height":100},"EF/9070_wave1/9070_wave1_00046":{"x":1.31,"y":25,"width":263,"height":100},"EF/9070_wave1/9070_wave1_00047":{"x":1.31,"y":25,"width":263,"height":100},"EF/9070_wave1/9070_wave1_00048":{"x":1.31,"y":25,"width":263,"height":100}}}},"events":{"EFEvent":{},"Sound1":{},"Sound2":{}},"animations":{"1-attack1":{"slots":{"EF/10118_S2_snow2/main_00001":{"attachment":[{"time":0.8333,"name":"EF/10118_S2_snow2/main_00001"},{"time":0.8666,"name":"EF/10118_S2_snow2/main_00002"},{"time":0.9,"name":"EF/10118_S2_snow2/main_00003"},{"time":0.9333,"name":"EF/10118_S2_snow2/main_00005"},{"time":1,"name":"EF/10118_S2_snow2/main_00006"},{"time":1.0666,"name":"EF/10118_S2_snow2/main_00007"}],"color":[{"time":0.8333,"color":"ffffff00"},{"time":0.9,"color":"ffffffff","curve":"stepped"},{"time":1.0333,"color":"ffffffff"},{"time":1.1333,"color":"ffffff00"}]},"EF/10118_S2_snow2/main_1":{"attachment":[{"time":0.8333,"name":"EF/10118_S2_snow2/main_00001"},{"time":0.8666,"name":"EF/10118_S2_snow2/main_00002"},{"time":0.9,"name":"EF/10118_S2_snow2/main_00003"},{"time":0.9333,"name":"EF/10118_S2_snow2/main_00004"},{"time":0.9666,"name":"EF/10118_S2_snow2/main_00005"},{"time":1.0333,"name":"EF/10118_S2_snow2/main_00006"},{"time":1.1,"name":"EF/10118_S2_snow2/main_00007"}],"color":[{"time":0.8333,"color":"ffffff00"},{"time":0.9,"color":"ffffffff","curve":"stepped"},{"time":1.0666,"color":"ffffffff"},{"time":1.1666,"color":"ffffff00"}]},"S1_fire1_1":{"attachment":[{"time":0,"name":null},{"time":0.8333,"name":"EF/750_S1_fire1/750_S1_fire1_00001"},{"time":0.8666,"name":"EF/750_S1_fire1/750_S1_fire1_00004"},{"time":0.9,"name":"EF/750_S1_fire1/750_S1_fire1_00005"},{"time":0.9333,"name":"EF/750_S1_fire1/750_S1_fire1_00007"},{"time":0.9666,"name":"EF/750_S1_fire1/750_S1_fire1_00009"},{"time":1,"name":"EF/750_S1_fire1/750_S1_fire1_00010"},{"time":1.0333,"name":"EF/750_S1_fire1/750_S1_fire1_00011"},{"time":1.0666,"name":"EF/750_S1_fire1/750_S1_fire1_00012"},{"time":1.1,"name":"EF/750_S1_fire1/750_S1_fire1_00013"},{"time":1.1333,"name":null}]}},"bones":{"S1_fire1_1":{"rotate":[{"time":0,"angle":-0.02,"curve":"stepped"},{"time":0.9333,"angle":-0.02}],"translate":[{"time":0,"x":-972.71,"y":-23.04,"curve":"stepped"},{"time":0.8333,"x":-972.71,"y":-23.04}],"scale":[{"time":0,"x":2,"y":2,"curve":"stepped"},{"time":0.8333,"x":2,"y":2}]},"A1_ice":{"rotate":[{"time":0.8333,"angle":-10}],"translate":[{"time":0.8333,"x":-874.17,"y":-189.55},{"time":0.9,"x":-924.95,"y":-163.78}]},"A1_ice2":{"rotate":[{"time":0.8333,"angle":179.26}],"translate":[{"time":0.8333,"x":-1023.52,"y":-202.29}]}},"events":[{"time":0.8333,"name":"Sound2"}]},"1-skill1":{"slots":{"EF/10118_S2_snow2/main_00001":{"attachment":[{"time":2.4333,"name":"EF/10118_S2_snow2/main_00002"},{"time":2.4666,"name":"EF/10118_S2_snow2/main_00003"},{"time":2.5,"name":"EF/10118_S2_snow2/main_00004"},{"time":2.5333,"name":"EF/10118_S2_snow2/main_00005"},{"time":2.5666,"name":"EF/10118_S2_snow2/main_00006"},{"time":2.6,"name":"EF/10118_S2_snow2/main_00007"},{"time":2.6333,"name":"EF/10118_S2_snow2/main_00001"},{"time":2.6666,"name":"EF/10118_S2_snow2/main_00002"},{"time":2.7,"name":"EF/10118_S2_snow2/main_00003"},{"time":2.7333,"name":"EF/10118_S2_snow2/main_00004"},{"time":2.7666,"name":"EF/10118_S2_snow2/main_00005"},{"time":2.8,"name":"EF/10118_S2_snow2/main_00006"},{"time":2.8333,"name":"EF/10118_S2_snow2/main_00007"}],"color":[{"time":2.6333,"color":"ffffffff"},{"time":2.8333,"color":"ffffff00"}]},"EF/110_S1_ice1/110_S1_ice1_00000":{"attachment":[{"time":1.8,"name":"EF/110_S1_ice1/110_S1_ice1_00000"},{"time":1.8666,"name":"EF/110_S1_ice2/110_S1_ice2_00000"},{"time":2.3666,"name":"EF/110_S1_ice1/110_S1_ice1_00000"},{"time":2.4,"name":null}]},"EF/110_S1_icebreak1/110_S1_icebreak1_00000":{"attachment":[{"time":2.4,"name":"EF/110_S1_icebreak1/110_S1_icebreak1_00000"},{"time":2.4333,"name":"EF/110_S1_icebreak1/110_S1_icebreak1_00001"},{"time":2.4666,"name":"EF/110_S1_icebreak1/110_S1_icebreak1_00002"},{"time":2.5,"name":"EF/110_S1_icebreak1/110_S1_icebreak1_00003"},{"time":2.5333,"name":"EF/110_S1_icebreak1/110_S1_icebreak1_00004"},{"time":2.5666,"name":"EF/110_S1_icebreak1/110_S1_icebreak1_00005"},{"time":2.6,"name":"EF/110_S1_icebreak1/110_S1_icebreak1_00006"}],"color":[{"time":2.5666,"color":"ffffffff"},{"time":2.6666,"color":"ffffff00"}]},"S1_fire1_1":{"attachment":[{"time":0,"name":null}]},"S1_fire1_2":{"attachment":[{"time":1.8,"name":"EF/750_S1_fire1/750_S1_fire1_00004"},{"time":1.8666,"name":"EF/750_S1_fire1/750_S1_fire1_00005"},{"time":1.9333,"name":"EF/750_S1_fire1/750_S1_fire1_00007"},{"time":2,"name":"EF/750_S1_fire1/750_S1_fire1_00009"},{"time":2.0666,"name":"EF/750_S1_fire1/750_S1_fire1_00010"},{"time":2.1333,"name":"EF/750_S1_fire1/750_S1_fire1_00011"},{"time":2.2,"name":"EF/750_S1_fire1/750_S1_fire1_00012"},{"time":2.2666,"name":"EF/750_S1_fire1/750_S1_fire1_00013"},{"time":2.3333,"name":null}]},"ex1":{"attachment":[{"time":2.3666,"name":"EF/9070_ex1/9070_ex1_00039"},{"time":2.4,"name":"EF/9070_ex1/9070_ex1_00041"},{"time":2.4333,"name":"EF/9070_ex1/9070_ex1_00042"},{"time":2.4666,"name":"EF/9070_ex1/9070_ex1_00043"},{"time":2.5,"name":"EF/9070_ex1/9070_ex1_00044"},{"time":2.5333,"name":"EF/9070_ex1/9070_ex1_00045"},{"time":2.5666,"name":"EF/9070_ex1/9070_ex1_00046"},{"time":2.6,"name":"EF/9070_ex1/9070_ex1_00047"}],"color":[{"time":2.5666,"color":"ffffffff"},{"time":2.6666,"color":"ffffff00"}]},"wave1_1":{"attachment":[{"time":0,"name":null},{"time":2.3666,"name":"EF/9070_wave1/9070_wave1_00044"},{"time":2.4,"name":"EF/9070_wave1/9070_wave1_00045"},{"time":2.4333,"name":"EF/9070_wave1/9070_wave1_00046"},{"time":2.4666,"name":"EF/9070_wave1/9070_wave1_00047"},{"time":2.5666,"name":"EF/9070_wave1/9070_wave1_00048"},{"time":2.6666,"name":null}],"color":[{"time":2.3666,"color":"ffffffff","curve":"stepped"},{"time":2.4666,"color":"ffffffff"},{"time":2.6666,"color":"ffffff00"}]},"wave1_2":{"attachment":[{"time":0,"name":null},{"time":2.2,"name":"EF/9070_wave1/9070_wave1_00044"},{"time":2.2333,"name":"EF/9070_wave1/9070_wave1_00045"},{"time":2.2666,"name":"EF/9070_wave1/9070_wave1_00046"},{"time":2.3,"name":"EF/9070_wave1/9070_wave1_00047"},{"time":2.4,"name":"EF/9070_wave1/9070_wave1_00048"},{"time":2.5,"name":null}],"color":[{"time":0,"color":"ffffff54","curve":"stepped"},{"time":2.3,"color":"ffffffff"},{"time":2.5,"color":"ffffff00"}]}},"bones":{"S1_fire1_1":{"rotate":[{"time":0,"angle":46.1}],"translate":[{"time":0,"x":-925.31,"y":164.97}],"scale":[{"time":0,"x":2.2,"y":2.7}]},"S1_fire1_2":{"rotate":[{"time":0,"angle":46.1,"curve":"stepped"},{"time":1.8,"angle":46.1}],"translate":[{"time":0,"x":-925.31,"y":99.29,"curve":"stepped"},{"time":1.8,"x":-925.31,"y":99.29}],"scale":[{"time":0,"x":2.7,"y":2.7,"curve":"stepped"},{"time":1.8,"x":2.7,"y":2.7}]},"wave1_1":{"translate":[{"time":0,"x":-1458.25,"y":110.77,"curve":"stepped"},{"time":2.3666,"x":-1437.99,"y":127.31}],"scale":[{"time":0,"x":1.5,"y":1.5,"curve":"stepped"},{"time":2.3666,"x":1.5,"y":1.5,"curve":"stepped"},{"time":2.4666,"x":1.5,"y":1.5},{"time":2.6666,"x":2.5,"y":2.5}]},"wave1_2":{"translate":[{"time":0,"x":-1458.25,"y":188.19,"curve":"stepped"},{"time":2.2,"x":-1458.25,"y":188.19}],"scale":[{"time":0,"x":2.166,"y":2.166,"curve":"stepped"},{"time":2.2,"x":1.5,"y":1.5,"curve":"stepped"},{"time":2.3,"x":1.5,"y":1.5},{"time":2.5,"x":2.5,"y":2.5}]},"MAIN":{"translate":[{"time":0,"x":0,"y":-64.79,"curve":"stepped"},{"time":1.7333,"x":0,"y":-64.79}]},"S1_ice":{"translate":[{"time":1.8,"x":-1138.09,"y":-182.97,"curve":"stepped"},{"time":1.8666,"x":-1138.09,"y":-169.96}],"scale":[{"time":1.8,"x":1,"y":1},{"time":1.8666,"x":1.296,"y":1.296}]},"ex1":{"translate":[{"time":2.3666,"x":-988.72,"y":68.27}],"scale":[{"time":2.3666,"x":2.501,"y":2.501}]},"S1,2_icebreak":{"translate":[{"time":2.4,"x":-1263.26,"y":-116.96}],"scale":[{"time":2.4,"x":1.362,"y":1.362}]},"A1_ice":{"translate":[{"time":2.4333,"x":-975.91,"y":-143.73},{"time":2.8333,"x":-975.91,"y":-126.67}],"scale":[{"time":2.4333,"x":1.267,"y":1.267}]}},"events":[{"time":1.7333,"name":"Sound2"}]},"1-skill2":{},"Meteor1":{"slots":{"DAMAGEAREA":{"attachment":[{"time":0.1,"name":"DAMAGEAREA"},{"time":0.2666,"name":null}]},"EF/110_S1_icebreak1/110_S1_icebreak1_00000":{"attachment":[{"time":0.1333,"name":"EF/110_S1_icebreak1/110_S1_icebreak1_00000"},{"time":0.1666,"name":"EF/110_S1_icebreak1/110_S1_icebreak1_00001"},{"time":0.2,"name":"EF/110_S1_icebreak1/110_S1_icebreak1_00002"},{"time":0.2333,"name":"EF/110_S1_icebreak1/110_S1_icebreak1_00003"},{"time":0.2666,"name":"EF/110_S1_icebreak1/110_S1_icebreak1_00004"},{"time":0.3,"name":"EF/110_S1_icebreak1/110_S1_icebreak1_00005"},{"time":0.3333,"name":"EF/110_S1_icebreak1/110_S1_icebreak1_00006"}],"color":[{"time":0.3,"color":"ffffffff"},{"time":0.4,"color":"ffffff00"}]},"EF/ice3/110_S2_ice1_00000":{"attachment":[{"time":0.0333,"name":"EF/ice3/110_S2_ice1_00000"},{"time":0.1333,"name":null}]},"ex1":{"attachment":[{"time":0.1,"name":"EF/9070_ex1/9070_ex1_00038"},{"time":0.1333,"name":"EF/9070_ex1/9070_ex1_00039"},{"time":0.1666,"name":"EF/9070_ex1/9070_ex1_00041"},{"time":0.2,"name":"EF/9070_ex1/9070_ex1_00042"},{"time":0.2333,"name":"EF/9070_ex1/9070_ex1_00043"},{"time":0.2666,"name":"EF/9070_ex1/9070_ex1_00044"},{"time":0.3,"name":"EF/9070_ex1/9070_ex1_00045"},{"time":0.3333,"name":"EF/9070_ex1/9070_ex1_00046"},{"time":0.3666,"name":"EF/9070_ex1/9070_ex1_00047"},{"time":0.4,"name":null}]},"shot1":{"attachment":[{"time":0,"name":null},{"time":0.0333,"name":"EF/9070_shot1/9070_shot1_00040"},{"time":0.0666,"name":"EF/9070_shot1/9070_shot1_00041"},{"time":0.1,"name":"EF/9070_shot1/9070_shot1_00043"},{"time":0.1333,"name":"EF/9070_shot1/9070_shot1_00044"},{"time":0.1666,"name":"EF/9070_shot1/9070_shot1_00046"},{"time":0.2,"name":"EF/9070_shot1/9070_shot1_00048"},{"time":0.2333,"name":"EF/9070_shot1/9070_shot1_00050"},{"time":0.2666,"name":null}]},"wave1_1":{"attachment":[{"time":0,"name":"EF/9070_wave1/9070_wave1_00048"},{"time":0.1,"name":"EF/9070_wave1/9070_wave1_00044"},{"time":0.1333,"name":"EF/9070_wave1/9070_wave1_00045"},{"time":0.1666,"name":"EF/9070_wave1/9070_wave1_00046"},{"time":0.2,"name":"EF/9070_wave1/9070_wave1_00047"},{"time":0.2333,"name":"EF/9070_wave1/9070_wave1_00048"}],"color":[{"time":0,"color":"ffffff00","curve":"stepped"},{"time":0.2333,"color":"ffffffff"},{"time":0.3,"color":"ffffff00"}]}},"bones":{"wave1_1":{"translate":[{"time":0,"x":-1468.59,"y":102,"curve":"stepped"},{"time":0.1,"x":-1468.59,"y":102}],"scale":[{"time":0,"x":3.186,"y":3.186},{"time":0.1,"x":1.574,"y":1.574},{"time":0.2333,"x":2.634,"y":2.634},{"time":0.3,"x":3.186,"y":3.186}]},"shot1":{"rotate":[{"time":0,"angle":-121.42}],"translate":[{"time":0,"x":-749.68,"y":935.33},{"time":0.1,"x":-958.2,"y":594.03}],"scale":[{"time":0,"x":3,"y":3.3}]},"ice":{"rotate":[{"time":0,"angle":-30.61}],"translate":[{"time":0.0333,"x":-884.94,"y":471.75},{"time":0.1,"x":-1119.26,"y":84.05}],"scale":[{"time":0,"x":1.5,"y":1.5}]},"ex1":{"rotate":[{"time":0,"angle":0,"curve":"stepped"},{"time":0.1,"angle":0}],"translate":[{"time":0,"x":-1017.4,"y":40.37,"curve":"stepped"},{"time":0.1,"x":-1017.4,"y":40.37}],"scale":[{"time":0,"x":3.342,"y":3.342,"curve":"stepped"},{"time":0.1,"x":3.342,"y":3.342}]},"DAMAGEAREA":{"translate":[{"time":0.1,"x":10.4,"y":36.48}],"scale":[{"time":0.1,"x":1.423,"y":0.504}]},"MAIN":{"translate":[{"time":0,"x":353.5,"y":-58.84}]},"S1,2_icebreak":{"translate":[{"time":0.1333,"x":-1296.9,"y":-143.68}],"scale":[{"time":0.1333,"x":1.362,"y":1.362}]}},"events":[{"time":0,"name":"EFEvent","string":"setPosition_Target"},{"time":0,"name":"Sound1","string":"cri_se_battle_skill_shot"},{"time":0.0333,"name":"EFEvent","string":"kImpactType_down"},{"time":0.0666,"name":"EFEvent","float":0.2,"string":"kHitStopType_normal"},{"time":0.1,"name":"EFEvent","string":"shakeGround"},{"time":0.1,"name":"Sound1","string":"cri_se_battle_explosion_short"},{"time":0.1,"name":"Sound2","string":"cri_se_battle_skill_ice_short"}]},"Meteor2":{"slots":{"DAMAGEAREA":{"attachment":[{"time":0.1,"name":"DAMAGEAREA"},{"time":0.2666,"name":null}]},"EF/110_S1_icebreak1/110_S1_icebreak1_00000":{"attachment":[{"time":0.1333,"name":"EF/110_S1_icebreak1/110_S1_icebreak1_00000"},{"time":0.1666,"name":"EF/110_S1_icebreak1/110_S1_icebreak1_00001"},{"time":0.2,"name":"EF/110_S1_icebreak1/110_S1_icebreak1_00002"},{"time":0.2333,"name":"EF/110_S1_icebreak1/110_S1_icebreak1_00003"},{"time":0.2666,"name":"EF/110_S1_icebreak1/110_S1_icebreak1_00004"},{"time":0.3,"name":"EF/110_S1_icebreak1/110_S1_icebreak1_00005"},{"time":0.3333,"name":"EF/110_S1_icebreak1/110_S1_icebreak1_00006"}],"color":[{"time":0.3,"color":"ffffffff"},{"time":0.4,"color":"ffffff00"}]},"EF/ice3/110_S2_ice1_00000":{"attachment":[{"time":0.0333,"name":"EF/ice3/110_S2_ice1_00000"},{"time":0.1333,"name":null}]},"ex1":{"attachment":[{"time":0.1,"name":"EF/9070_ex1/9070_ex1_00038"},{"time":0.1333,"name":"EF/9070_ex1/9070_ex1_00039"},{"time":0.1666,"name":"EF/9070_ex1/9070_ex1_00041"},{"time":0.2,"name":"EF/9070_ex1/9070_ex1_00042"},{"time":0.2333,"name":"EF/9070_ex1/9070_ex1_00043"},{"time":0.2666,"name":"EF/9070_ex1/9070_ex1_00044"},{"time":0.3,"name":"EF/9070_ex1/9070_ex1_00045"},{"time":0.3333,"name":"EF/9070_ex1/9070_ex1_00046"},{"time":0.3666,"name":"EF/9070_ex1/9070_ex1_00047"},{"time":0.4,"name":null}]},"shot1":{"attachment":[{"time":0,"name":null},{"time":0.0333,"name":"EF/9070_shot1/9070_shot1_00040"},{"time":0.0666,"name":"EF/9070_shot1/9070_shot1_00041"},{"time":0.1,"name":"EF/9070_shot1/9070_shot1_00043"},{"time":0.1333,"name":"EF/9070_shot1/9070_shot1_00044"},{"time":0.1666,"name":"EF/9070_shot1/9070_shot1_00046"},{"time":0.2,"name":"EF/9070_shot1/9070_shot1_00048"},{"time":0.2333,"name":"EF/9070_shot1/9070_shot1_00050"},{"time":0.2666,"name":null}]},"wave1_1":{"attachment":[{"time":0,"name":"EF/9070_wave1/9070_wave1_00048"},{"time":0.1,"name":"EF/9070_wave1/9070_wave1_00044"},{"time":0.1333,"name":"EF/9070_wave1/9070_wave1_00045"},{"time":0.1666,"name":"EF/9070_wave1/9070_wave1_00046"},{"time":0.2,"name":"EF/9070_wave1/9070_wave1_00047"},{"time":0.2333,"name":"EF/9070_wave1/9070_wave1_00048"}],"color":[{"time":0,"color":"ffffff00","curve":"stepped"},{"time":0.2333,"color":"ffffffff"},{"time":0.3,"color":"ffffff00"}]}},"bones":{"wave1_1":{"translate":[{"time":0,"x":-1468.59,"y":102,"curve":"stepped"},{"time":0.1,"x":-1468.59,"y":102}],"scale":[{"time":0,"x":3.186,"y":3.186},{"time":0.1,"x":1.574,"y":1.574},{"time":0.2333,"x":2.634,"y":2.634},{"time":0.3,"x":3.186,"y":3.186}]},"shot1":{"rotate":[{"time":0,"angle":-121.42}],"translate":[{"time":0,"x":-756.83,"y":935.36},{"time":0.1,"x":-965.34,"y":594.04}],"scale":[{"time":0,"x":3,"y":3.3}]},"ice":{"rotate":[{"time":0,"angle":-30.61}],"translate":[{"time":0.0333,"x":-884.94,"y":471.75},{"time":0.1,"x":-1119.26,"y":84.05}],"scale":[{"time":0,"x":1.5,"y":1.5}]},"ex1":{"rotate":[{"time":0,"angle":0,"curve":"stepped"},{"time":0.1,"angle":0}],"translate":[{"time":0,"x":-1017.4,"y":40.37,"curve":"stepped"},{"time":0.1,"x":-1017.4,"y":40.37}],"scale":[{"time":0,"x":3.342,"y":3.342,"curve":"stepped"},{"time":0.1,"x":3.342,"y":3.342}]},"DAMAGEAREA":{"translate":[{"time":0.1,"x":10.4,"y":36.48}],"scale":[{"time":0.1,"x":1.423,"y":0.504}]},"MAIN":{"translate":[{"time":0,"x":243.5,"y":-38.84}]},"S1,2_icebreak":{"translate":[{"time":0.1333,"x":-1290.85,"y":-138.33}],"scale":[{"time":0.1333,"x":1.362,"y":1.362}]}},"events":[{"time":0,"name":"EFEvent","string":"setPosition_Target"},{"time":0,"name":"Sound1","string":"cri_se_battle_skill_shot"},{"time":0.0333,"name":"EFEvent","string":"kImpactType_down"},{"time":0.0666,"name":"EFEvent","float":0.2,"string":"kHitStopType_normal"},{"time":0.1,"name":"EFEvent","string":"shakeGround"},{"time":0.1,"name":"Sound1","string":"cri_se_battle_explosion_short"},{"time":0.1,"name":"Sound2","string":"cri_se_battle_skill_ice_short"}]},"Meteor3":{"slots":{"DAMAGEAREA":{"attachment":[{"time":0.1,"name":"DAMAGEAREA"},{"time":0.2666,"name":null}]},"EF/110_S1_icebreak1/110_S1_icebreak1_00000":{"attachment":[{"time":0.1333,"name":"EF/110_S1_icebreak1/110_S1_icebreak1_00000"},{"time":0.1666,"name":"EF/110_S1_icebreak1/110_S1_icebreak1_00001"},{"time":0.2,"name":"EF/110_S1_icebreak1/110_S1_icebreak1_00002"},{"time":0.2333,"name":"EF/110_S1_icebreak1/110_S1_icebreak1_00003"},{"time":0.2666,"name":"EF/110_S1_icebreak1/110_S1_icebreak1_00004"},{"time":0.3,"name":"EF/110_S1_icebreak1/110_S1_icebreak1_00005"},{"time":0.3333,"name":"EF/110_S1_icebreak1/110_S1_icebreak1_00006"}],"color":[{"time":0.3,"color":"ffffffff"},{"time":0.4,"color":"ffffff00"}]},"EF/ice3/110_S2_ice1_00000":{"attachment":[{"time":0.0333,"name":"EF/ice3/110_S2_ice1_00000"},{"time":0.1333,"name":null}]},"ex1":{"attachment":[{"time":0.1,"name":"EF/9070_ex1/9070_ex1_00038"},{"time":0.1333,"name":"EF/9070_ex1/9070_ex1_00039"},{"time":0.1666,"name":"EF/9070_ex1/9070_ex1_00041"},{"time":0.2,"name":"EF/9070_ex1/9070_ex1_00042"},{"time":0.2333,"name":"EF/9070_ex1/9070_ex1_00043"},{"time":0.2666,"name":"EF/9070_ex1/9070_ex1_00044"},{"time":0.3,"name":"EF/9070_ex1/9070_ex1_00045"},{"time":0.3333,"name":"EF/9070_ex1/9070_ex1_00046"},{"time":0.3666,"name":"EF/9070_ex1/9070_ex1_00047"},{"time":0.4,"name":null}]},"shot1":{"attachment":[{"time":0,"name":null},{"time":0.0333,"name":"EF/9070_shot1/9070_shot1_00040"},{"time":0.0666,"name":"EF/9070_shot1/9070_shot1_00041"},{"time":0.1,"name":"EF/9070_shot1/9070_shot1_00043"},{"time":0.1333,"name":"EF/9070_shot1/9070_shot1_00044"},{"time":0.1666,"name":"EF/9070_shot1/9070_shot1_00046"},{"time":0.2,"name":"EF/9070_shot1/9070_shot1_00048"},{"time":0.2333,"name":"EF/9070_shot1/9070_shot1_00050"},{"time":0.2666,"name":null}]},"wave1_1":{"attachment":[{"time":0,"name":"EF/9070_wave1/9070_wave1_00048"},{"time":0.1,"name":"EF/9070_wave1/9070_wave1_00044"},{"time":0.1333,"name":"EF/9070_wave1/9070_wave1_00045"},{"time":0.1666,"name":"EF/9070_wave1/9070_wave1_00046"},{"time":0.2,"name":"EF/9070_wave1/9070_wave1_00047"},{"time":0.2333,"name":"EF/9070_wave1/9070_wave1_00048"}],"color":[{"time":0,"color":"ffffff00","curve":"stepped"},{"time":0.2333,"color":"ffffffff"},{"time":0.3,"color":"ffffff00"}]}},"bones":{"wave1_1":{"translate":[{"time":0,"x":-1468.59,"y":102,"curve":"stepped"},{"time":0.1,"x":-1468.59,"y":102}],"scale":[{"time":0,"x":3.186,"y":3.186},{"time":0.1,"x":1.574,"y":1.574},{"time":0.2333,"x":2.634,"y":2.634},{"time":0.3,"x":3.186,"y":3.186}]},"shot1":{"rotate":[{"time":0,"angle":-121.42}],"translate":[{"time":0,"x":-758.56,"y":935.48},{"time":0.1,"x":-967.1,"y":594.15}],"scale":[{"time":0,"x":3,"y":3.3}]},"ice":{"rotate":[{"time":0,"angle":-30.61}],"translate":[{"time":0.0333,"x":-884.94,"y":471.75},{"time":0.1,"x":-1119.26,"y":84.05}],"scale":[{"time":0,"x":1.5,"y":1.5}]},"ex1":{"rotate":[{"time":0,"angle":0,"curve":"stepped"},{"time":0.1,"angle":0}],"translate":[{"time":0,"x":-1017.4,"y":40.37,"curve":"stepped"},{"time":0.1,"x":-1017.4,"y":40.37}],"scale":[{"time":0,"x":3.342,"y":3.342,"curve":"stepped"},{"time":0.1,"x":3.342,"y":3.342}]},"DAMAGEAREA":{"translate":[{"time":0.1,"x":10.4,"y":36.48}],"scale":[{"time":0.1,"x":1.423,"y":0.504}]},"MAIN":{"translate":[{"time":0,"x":343.5,"y":28.84}]},"S1,2_icebreak":{"translate":[{"time":0.1333,"x":-1300.26,"y":-135.13}],"scale":[{"time":0.1333,"x":1.362,"y":1.362}]}},"events":[{"time":0,"name":"EFEvent","string":"setPosition_Target"},{"time":0,"name":"Sound1","string":"cri_se_battle_skill_shot"},{"time":0.0666,"name":"EFEvent","float":0.2,"string":"kHitStopType_normal"},{"time":0.1,"name":"EFEvent","string":"shakeGround"},{"time":0.1,"name":"Sound1","string":"cri_se_battle_explosion_short"},{"time":0.1,"name":"Sound2","string":"cri_se_battle_skill_ice_short"}]},"Meteor4":{"slots":{"DAMAGEAREA":{"attachment":[{"time":0.1,"name":"DAMAGEAREA"},{"time":0.2666,"name":null}]},"EF/110_S1_icebreak1/110_S1_icebreak1_00000":{"attachment":[{"time":0.1333,"name":"EF/110_S1_icebreak1/110_S1_icebreak1_00000"},{"time":0.1666,"name":"EF/110_S1_icebreak1/110_S1_icebreak1_00001"},{"time":0.2,"name":"EF/110_S1_icebreak1/110_S1_icebreak1_00002"},{"time":0.2333,"name":"EF/110_S1_icebreak1/110_S1_icebreak1_00003"},{"time":0.2666,"name":"EF/110_S1_icebreak1/110_S1_icebreak1_00004"},{"time":0.3,"name":"EF/110_S1_icebreak1/110_S1_icebreak1_00005"},{"time":0.3333,"name":"EF/110_S1_icebreak1/110_S1_icebreak1_00006"}],"color":[{"time":0.3,"color":"ffffffff"},{"time":0.4,"color":"ffffff00"}]},"EF/ice3/110_S2_ice1_00000":{"attachment":[{"time":0.0333,"name":"EF/ice3/110_S2_ice1_00000"},{"time":0.1333,"name":null}]},"ex1":{"attachment":[{"time":0.1,"name":"EF/9070_ex1/9070_ex1_00038"},{"time":0.1333,"name":"EF/9070_ex1/9070_ex1_00039"},{"time":0.1666,"name":"EF/9070_ex1/9070_ex1_00041"},{"time":0.2,"name":"EF/9070_ex1/9070_ex1_00042"},{"time":0.2333,"name":"EF/9070_ex1/9070_ex1_00043"},{"time":0.2666,"name":"EF/9070_ex1/9070_ex1_00044"},{"time":0.3,"name":"EF/9070_ex1/9070_ex1_00045"},{"time":0.3333,"name":"EF/9070_ex1/9070_ex1_00046"},{"time":0.3666,"name":"EF/9070_ex1/9070_ex1_00047"},{"time":0.4,"name":null}]},"shot1":{"attachment":[{"time":0,"name":null},{"time":0.0333,"name":"EF/9070_shot1/9070_shot1_00040"},{"time":0.0666,"name":"EF/9070_shot1/9070_shot1_00041"},{"time":0.1,"name":"EF/9070_shot1/9070_shot1_00043"},{"time":0.1333,"name":"EF/9070_shot1/9070_shot1_00044"},{"time":0.1666,"name":"EF/9070_shot1/9070_shot1_00046"},{"time":0.2,"name":"EF/9070_shot1/9070_shot1_00048"},{"time":0.2333,"name":"EF/9070_shot1/9070_shot1_00050"},{"time":0.2666,"name":null}]},"wave1_1":{"attachment":[{"time":0,"name":"EF/9070_wave1/9070_wave1_00048"},{"time":0.1,"name":"EF/9070_wave1/9070_wave1_00044"},{"time":0.1333,"name":"EF/9070_wave1/9070_wave1_00045"},{"time":0.1666,"name":"EF/9070_wave1/9070_wave1_00046"},{"time":0.2,"name":"EF/9070_wave1/9070_wave1_00047"},{"time":0.2333,"name":"EF/9070_wave1/9070_wave1_00048"}],"color":[{"time":0,"color":"ffffff00","curve":"stepped"},{"time":0.2333,"color":"ffffffff"},{"time":0.3,"color":"ffffff00"}]}},"bones":{"wave1_1":{"translate":[{"time":0,"x":-1468.59,"y":102,"curve":"stepped"},{"time":0.1,"x":-1468.59,"y":102}],"scale":[{"time":0,"x":3.186,"y":3.186},{"time":0.1,"x":1.574,"y":1.574},{"time":0.2333,"x":2.634,"y":2.634},{"time":0.3,"x":3.186,"y":3.186}]},"shot1":{"rotate":[{"time":0,"angle":-121.42}],"translate":[{"time":0,"x":-766.18,"y":935.33},{"time":0.1,"x":-974.71,"y":594.03}],"scale":[{"time":0,"x":3,"y":3.3}]},"ice":{"rotate":[{"time":0,"angle":-30.61}],"translate":[{"time":0.0333,"x":-884.94,"y":471.75},{"time":0.1,"x":-1119.26,"y":84.05}],"scale":[{"time":0,"x":1.5,"y":1.5}]},"ex1":{"rotate":[{"time":0,"angle":0,"curve":"stepped"},{"time":0.1,"angle":0}],"translate":[{"time":0,"x":-1017.4,"y":40.37,"curve":"stepped"},{"time":0.1,"x":-1017.4,"y":40.37}],"scale":[{"time":0,"x":3.342,"y":3.342,"curve":"stepped"},{"time":0.1,"x":3.342,"y":3.342}]},"DAMAGEAREA":{"translate":[{"time":0.1,"x":10.4,"y":36.48}],"scale":[{"time":0.1,"x":1.423,"y":0.504}]},"MAIN":{"translate":[{"time":0,"x":293.48,"y":-78.83}]},"S1,2_icebreak":{"translate":[{"time":0.1333,"x":-1296,"y":-130.34}],"scale":[{"time":0.1333,"x":1.362,"y":1.362}]}},"events":[{"time":0,"name":"EFEvent","string":"setPosition_Target"},{"time":0,"name":"Sound1","string":"cri_se_battle_skill_shot"},{"time":0.0333,"name":"EFEvent","string":"kImpactType_down"},{"time":0.0666,"name":"EFEvent","float":0.2,"string":"kHitStopType_normal"},{"time":0.1,"name":"EFEvent","string":"shakeGround"},{"time":0.1,"name":"Sound1","string":"cri_se_battle_explosion_short"},{"time":0.1,"name":"Sound2","string":"cri_se_battle_skill_ice_short"}]},"Meteor5":{"slots":{"DAMAGEAREA":{"attachment":[{"time":0.1,"name":"DAMAGEAREA"},{"time":0.2666,"name":null}]},"EF/110_S1_icebreak1/110_S1_icebreak1_00000":{"attachment":[{"time":0.1333,"name":"EF/110_S1_icebreak1/110_S1_icebreak1_00000"},{"time":0.1666,"name":"EF/110_S1_icebreak1/110_S1_icebreak1_00001"},{"time":0.2,"name":"EF/110_S1_icebreak1/110_S1_icebreak1_00002"},{"time":0.2333,"name":"EF/110_S1_icebreak1/110_S1_icebreak1_00003"},{"time":0.2666,"name":"EF/110_S1_icebreak1/110_S1_icebreak1_00004"},{"time":0.3,"name":"EF/110_S1_icebreak1/110_S1_icebreak1_00005"},{"time":0.3333,"name":"EF/110_S1_icebreak1/110_S1_icebreak1_00006"}],"color":[{"time":0.3,"color":"ffffffff"},{"time":0.4,"color":"ffffff00"}]},"EF/ice3/110_S2_ice1_00000":{"attachment":[{"time":0.0333,"name":"EF/ice3/110_S2_ice1_00000"},{"time":0.1333,"name":null}]},"ex1":{"attachment":[{"time":0.1,"name":"EF/9070_ex1/9070_ex1_00038"},{"time":0.1333,"name":"EF/9070_ex1/9070_ex1_00039"},{"time":0.1666,"name":"EF/9070_ex1/9070_ex1_00041"},{"time":0.2,"name":"EF/9070_ex1/9070_ex1_00042"},{"time":0.2333,"name":"EF/9070_ex1/9070_ex1_00043"},{"time":0.2666,"name":"EF/9070_ex1/9070_ex1_00044"},{"time":0.3,"name":"EF/9070_ex1/9070_ex1_00045"},{"time":0.3333,"name":"EF/9070_ex1/9070_ex1_00046"},{"time":0.3666,"name":"EF/9070_ex1/9070_ex1_00047"},{"time":0.4,"name":null}]},"shot1":{"attachment":[{"time":0,"name":null},{"time":0.0333,"name":"EF/9070_shot1/9070_shot1_00040"},{"time":0.0666,"name":"EF/9070_shot1/9070_shot1_00041"},{"time":0.1,"name":"EF/9070_shot1/9070_shot1_00043"},{"time":0.1333,"name":"EF/9070_shot1/9070_shot1_00044"},{"time":0.1666,"name":"EF/9070_shot1/9070_shot1_00046"},{"time":0.2,"name":"EF/9070_shot1/9070_shot1_00048"},{"time":0.2333,"name":"EF/9070_shot1/9070_shot1_00050"},{"time":0.2666,"name":null}]},"wave1_1":{"attachment":[{"time":0,"name":"EF/9070_wave1/9070_wave1_00048"},{"time":0.1,"name":"EF/9070_wave1/9070_wave1_00044"},{"time":0.1333,"name":"EF/9070_wave1/9070_wave1_00045"},{"time":0.1666,"name":"EF/9070_wave1/9070_wave1_00046"},{"time":0.2,"name":"EF/9070_wave1/9070_wave1_00047"},{"time":0.2333,"name":"EF/9070_wave1/9070_wave1_00048"}],"color":[{"time":0,"color":"ffffff00","curve":"stepped"},{"time":0.2333,"color":"ffffffff"},{"time":0.3,"color":"ffffff00"}]}},"bones":{"wave1_1":{"translate":[{"time":0,"x":-1468.59,"y":102,"curve":"stepped"},{"time":0.1,"x":-1468.59,"y":102}],"scale":[{"time":0,"x":3.186,"y":3.186},{"time":0.1,"x":1.574,"y":1.574},{"time":0.2333,"x":2.634,"y":2.634},{"time":0.3,"x":3.186,"y":3.186}]},"shot1":{"rotate":[{"time":0,"angle":-121.42}],"translate":[{"time":0,"x":-767.16,"y":935.34},{"time":0.1,"x":-975.68,"y":594.05}],"scale":[{"time":0,"x":3,"y":3.3}]},"ice":{"rotate":[{"time":0,"angle":-30.61}],"translate":[{"time":0.0333,"x":-884.94,"y":471.75},{"time":0.1,"x":-1119.26,"y":84.05}],"scale":[{"time":0,"x":1.5,"y":1.5}]},"ex1":{"rotate":[{"time":0,"angle":0,"curve":"stepped"},{"time":0.1,"angle":0}],"translate":[{"time":0,"x":-1017.4,"y":40.37,"curve":"stepped"},{"time":0.1,"x":-1017.4,"y":40.37}],"scale":[{"time":0,"x":3.342,"y":3.342,"curve":"stepped"},{"time":0.1,"x":3.342,"y":3.342}]},"DAMAGEAREA":{"translate":[{"time":0.1,"x":10.4,"y":36.48}],"scale":[{"time":0.1,"x":1.423,"y":0.504}]},"MAIN":{"translate":[{"time":0,"x":193.5,"y":28.84}]},"S1,2_icebreak":{"translate":[{"time":0.1333,"x":-1300.7,"y":-133.15}],"scale":[{"time":0.1333,"x":1.362,"y":1.362}]}},"events":[{"time":0,"name":"EFEvent","string":"setPosition_Target"},{"time":0,"name":"Sound1","string":"cri_se_battle_skill_shot"},{"time":0.0333,"name":"EFEvent","string":"kImpactType_down"},{"time":0.0666,"name":"EFEvent","float":0.2,"string":"kHitStopType_normal"},{"time":0.1,"name":"EFEvent","string":"shakeGround"},{"time":0.1,"name":"Sound1","string":"cri_se_battle_explosion_short"},{"time":0.1,"name":"Sound2","string":"cri_se_battle_skill_ice_short"}]},"Meteor6":{"slots":{"DAMAGEAREA":{"attachment":[{"time":0.1,"name":"DAMAGEAREA"},{"time":0.2666,"name":null}]},"EF/110_S1_icebreak1/110_S1_icebreak1_00000":{"attachment":[{"time":0.1333,"name":"EF/110_S1_icebreak1/110_S1_icebreak1_00000"},{"time":0.1666,"name":"EF/110_S1_icebreak1/110_S1_icebreak1_00001"},{"time":0.2,"name":"EF/110_S1_icebreak1/110_S1_icebreak1_00002"},{"time":0.2333,"name":"EF/110_S1_icebreak1/110_S1_icebreak1_00003"},{"time":0.2666,"name":"EF/110_S1_icebreak1/110_S1_icebreak1_00004"},{"time":0.3,"name":"EF/110_S1_icebreak1/110_S1_icebreak1_00005"},{"time":0.3333,"name":"EF/110_S1_icebreak1/110_S1_icebreak1_00006"}],"color":[{"time":0.3,"color":"ffffffff"},{"time":0.4,"color":"ffffff00"}]},"EF/ice3/110_S2_ice1_00000":{"attachment":[{"time":0.0333,"name":"EF/ice3/110_S2_ice1_00000"},{"time":0.1333,"name":null}]},"ex1":{"attachment":[{"time":0.1,"name":"EF/9070_ex1/9070_ex1_00038"},{"time":0.1333,"name":"EF/9070_ex1/9070_ex1_00039"},{"time":0.1666,"name":"EF/9070_ex1/9070_ex1_00041"},{"time":0.2,"name":"EF/9070_ex1/9070_ex1_00042"},{"time":0.2333,"name":"EF/9070_ex1/9070_ex1_00043"},{"time":0.2666,"name":"EF/9070_ex1/9070_ex1_00044"},{"time":0.3,"name":"EF/9070_ex1/9070_ex1_00045"},{"time":0.3333,"name":"EF/9070_ex1/9070_ex1_00046"},{"time":0.3666,"name":"EF/9070_ex1/9070_ex1_00047"},{"time":0.4,"name":null}]},"shot1":{"attachment":[{"time":0,"name":null},{"time":0.0333,"name":"EF/9070_shot1/9070_shot1_00040"},{"time":0.0666,"name":"EF/9070_shot1/9070_shot1_00041"},{"time":0.1,"name":"EF/9070_shot1/9070_shot1_00043"},{"time":0.1333,"name":"EF/9070_shot1/9070_shot1_00044"},{"time":0.1666,"name":"EF/9070_shot1/9070_shot1_00046"},{"time":0.2,"name":"EF/9070_shot1/9070_shot1_00048"},{"time":0.2333,"name":"EF/9070_shot1/9070_shot1_00050"},{"time":0.2666,"name":null}]},"wave1_1":{"attachment":[{"time":0,"name":"EF/9070_wave1/9070_wave1_00048"},{"time":0.1,"name":"EF/9070_wave1/9070_wave1_00044"},{"time":0.1333,"name":"EF/9070_wave1/9070_wave1_00045"},{"time":0.1666,"name":"EF/9070_wave1/9070_wave1_00046"},{"time":0.2,"name":"EF/9070_wave1/9070_wave1_00047"},{"time":0.2333,"name":"EF/9070_wave1/9070_wave1_00048"}],"color":[{"time":0,"color":"ffffff00","curve":"stepped"},{"time":0.2333,"color":"ffffffff"},{"time":0.3,"color":"ffffff00"}]}},"bones":{"wave1_1":{"translate":[{"time":0,"x":-1468.59,"y":102,"curve":"stepped"},{"time":0.1,"x":-1468.59,"y":102}],"scale":[{"time":0,"x":3.186,"y":3.186},{"time":0.1,"x":1.574,"y":1.574},{"time":0.2333,"x":2.634,"y":2.634},{"time":0.3,"x":3.186,"y":3.186}]},"shot1":{"rotate":[{"time":0,"angle":-121.42}],"translate":[{"time":0,"x":-759.85,"y":935.33},{"time":0.1,"x":-968.4,"y":594}],"scale":[{"time":0,"x":3,"y":3.3}]},"ice":{"rotate":[{"time":0,"angle":-30.61}],"translate":[{"time":0.0333,"x":-884.94,"y":471.75},{"time":0.1,"x":-1119.26,"y":84.05}],"scale":[{"time":0,"x":1.5,"y":1.5}]},"ex1":{"rotate":[{"time":0,"angle":0,"curve":"stepped"},{"time":0.1,"angle":0}],"translate":[{"time":0,"x":-1017.4,"y":40.37,"curve":"stepped"},{"time":0.1,"x":-1017.4,"y":40.37}],"scale":[{"time":0,"x":3.342,"y":3.342,"curve":"stepped"},{"time":0.1,"x":3.342,"y":3.342}]},"DAMAGEAREA":{"translate":[{"time":0.1,"x":10.4,"y":36.48}],"scale":[{"time":0.1,"x":1.423,"y":0.504}]},"MAIN":{"translate":[{"time":0,"x":393.5,"y":-88.84}]},"S1,2_icebreak":{"translate":[{"time":0.1333,"x":-1298.71,"y":-134.88}],"scale":[{"time":0.1333,"x":1.362,"y":1.362}]}},"events":[{"time":0,"name":"EFEvent","string":"setPosition_Target"},{"time":0,"name":"Sound1","string":"cri_se_battle_skill_shot"},{"time":0.0333,"name":"EFEvent","string":"kImpactType_down"},{"time":0.0666,"name":"EFEvent","float":0.2,"string":"kHitStopType_normal"},{"time":0.1,"name":"EFEvent","string":"shakeGround"},{"time":0.1,"name":"Sound1","string":"cri_se_battle_explosion_short"},{"time":0.1,"name":"Sound2","string":"cri_se_battle_skill_ice_short"}]},"Meteor7":{"slots":{"DAMAGEAREA":{"attachment":[{"time":0.1,"name":"DAMAGEAREA"},{"time":0.2666,"name":null}]},"EF/110_S1_icebreak1/110_S1_icebreak1_00000":{"attachment":[{"time":0.1333,"name":"EF/110_S1_icebreak1/110_S1_icebreak1_00000"},{"time":0.1666,"name":"EF/110_S1_icebreak1/110_S1_icebreak1_00001"},{"time":0.2,"name":"EF/110_S1_icebreak1/110_S1_icebreak1_00002"},{"time":0.2333,"name":"EF/110_S1_icebreak1/110_S1_icebreak1_00003"},{"time":0.2666,"name":"EF/110_S1_icebreak1/110_S1_icebreak1_00004"},{"time":0.3,"name":"EF/110_S1_icebreak1/110_S1_icebreak1_00005"},{"time":0.3333,"name":"EF/110_S1_icebreak1/110_S1_icebreak1_00006"}],"color":[{"time":0.3,"color":"ffffffff"},{"time":0.4,"color":"ffffff00"}]},"EF/ice3/110_S2_ice1_00000":{"attachment":[{"time":0.0333,"name":"EF/ice3/110_S2_ice1_00000"},{"time":0.1333,"name":null}]},"ex1":{"attachment":[{"time":0.1,"name":"EF/9070_ex1/9070_ex1_00038"},{"time":0.1333,"name":"EF/9070_ex1/9070_ex1_00039"},{"time":0.1666,"name":"EF/9070_ex1/9070_ex1_00041"},{"time":0.2,"name":"EF/9070_ex1/9070_ex1_00042"},{"time":0.2333,"name":"EF/9070_ex1/9070_ex1_00043"},{"time":0.2666,"name":"EF/9070_ex1/9070_ex1_00044"},{"time":0.3,"name":"EF/9070_ex1/9070_ex1_00045"},{"time":0.3333,"name":"EF/9070_ex1/9070_ex1_00046"},{"time":0.3666,"name":"EF/9070_ex1/9070_ex1_00047"},{"time":0.4,"name":null}]},"shot1":{"attachment":[{"time":0,"name":null},{"time":0.0333,"name":"EF/9070_shot1/9070_shot1_00040"},{"time":0.0666,"name":"EF/9070_shot1/9070_shot1_00041"},{"time":0.1,"name":"EF/9070_shot1/9070_shot1_00043"},{"time":0.1333,"name":"EF/9070_shot1/9070_shot1_00044"},{"time":0.1666,"name":"EF/9070_shot1/9070_shot1_00046"},{"time":0.2,"name":"EF/9070_shot1/9070_shot1_00048"},{"time":0.2333,"name":"EF/9070_shot1/9070_shot1_00050"},{"time":0.2666,"name":null}]},"wave1_1":{"attachment":[{"time":0,"name":"EF/9070_wave1/9070_wave1_00048"},{"time":0.1,"name":"EF/9070_wave1/9070_wave1_00044"},{"time":0.1333,"name":"EF/9070_wave1/9070_wave1_00045"},{"time":0.1666,"name":"EF/9070_wave1/9070_wave1_00046"},{"time":0.2,"name":"EF/9070_wave1/9070_wave1_00047"},{"time":0.2333,"name":"EF/9070_wave1/9070_wave1_00048"}],"color":[{"time":0,"color":"ffffff00","curve":"stepped"},{"time":0.2333,"color":"ffffffff"},{"time":0.3,"color":"ffffff00"}]}},"bones":{"wave1_1":{"translate":[{"time":0,"x":-1468.59,"y":102,"curve":"stepped"},{"time":0.1,"x":-1468.59,"y":102}],"scale":[{"time":0,"x":3.186,"y":3.186},{"time":0.1,"x":1.574,"y":1.574},{"time":0.2333,"x":2.634,"y":2.634},{"time":0.3,"x":3.186,"y":3.186}]},"shot1":{"rotate":[{"time":0,"angle":-121.42}],"translate":[{"time":0,"x":-759.33,"y":935.37},{"time":0.1,"x":-967.88,"y":594.03}],"scale":[{"time":0,"x":3,"y":3.3}]},"ice":{"rotate":[{"time":0,"angle":-30.61}],"translate":[{"time":0.0333,"x":-884.94,"y":471.75},{"time":0.1,"x":-1119.26,"y":84.05}],"scale":[{"time":0,"x":1.5,"y":1.5}]},"ex1":{"rotate":[{"time":0,"angle":0,"curve":"stepped"},{"time":0.1,"angle":0}],"translate":[{"time":0,"x":-1017.4,"y":40.37,"curve":"stepped"},{"time":0.1,"x":-1017.4,"y":40.37}],"scale":[{"time":0,"x":3.342,"y":3.342,"curve":"stepped"},{"time":0.1,"x":3.342,"y":3.342}]},"DAMAGEAREA":{"translate":[{"time":0.1,"x":10.4,"y":36.48}],"scale":[{"time":0.1,"x":1.423,"y":0.504}]},"MAIN":{"translate":[{"time":0,"x":243.5,"y":-88.84}]},"S1,2_icebreak":{"translate":[{"time":0.1333,"x":-1284.68,"y":-134.71}],"scale":[{"time":0.1333,"x":1.362,"y":1.362}]}},"events":[{"time":0,"name":"EFEvent","string":"setPosition_Target"},{"time":0,"name":"Sound1","string":"cri_se_battle_skill_shot"},{"time":0.0333,"name":"EFEvent","string":"kImpactType_down"},{"time":0.0666,"name":"EFEvent","float":0.2,"string":"kHitStopType_normal"},{"time":0.1,"name":"EFEvent","string":"shakeGround"},{"time":0.1,"name":"Sound1","string":"cri_se_battle_explosion_short"},{"time":0.1,"name":"Sound2","string":"cri_se_battle_skill_ice_short"}]},"Meteor8":{"slots":{"DAMAGEAREA":{"attachment":[{"time":0.1,"name":"DAMAGEAREA"},{"time":0.2666,"name":null}]},"EF/110_S1_icebreak1/110_S1_icebreak1_00000":{"attachment":[{"time":0.1333,"name":"EF/110_S1_icebreak1/110_S1_icebreak1_00000"},{"time":0.1666,"name":"EF/110_S1_icebreak1/110_S1_icebreak1_00001"},{"time":0.2,"name":"EF/110_S1_icebreak1/110_S1_icebreak1_00002"},{"time":0.2333,"name":"EF/110_S1_icebreak1/110_S1_icebreak1_00003"},{"time":0.2666,"name":"EF/110_S1_icebreak1/110_S1_icebreak1_00004"},{"time":0.3,"name":"EF/110_S1_icebreak1/110_S1_icebreak1_00005"},{"time":0.3333,"name":"EF/110_S1_icebreak1/110_S1_icebreak1_00006"}],"color":[{"time":0.3,"color":"ffffffff"},{"time":0.4,"color":"ffffff00"}]},"EF/ice3/110_S2_ice1_00000":{"attachment":[{"time":0.0333,"name":"EF/ice3/110_S2_ice1_00000"},{"time":0.1333,"name":null}]},"ex1":{"attachment":[{"time":0.1,"name":"EF/9070_ex1/9070_ex1_00038"},{"time":0.1333,"name":"EF/9070_ex1/9070_ex1_00039"},{"time":0.1666,"name":"EF/9070_ex1/9070_ex1_00041"},{"time":0.2,"name":"EF/9070_ex1/9070_ex1_00042"},{"time":0.2333,"name":"EF/9070_ex1/9070_ex1_00043"},{"time":0.2666,"name":"EF/9070_ex1/9070_ex1_00044"},{"time":0.3,"name":"EF/9070_ex1/9070_ex1_00045"},{"time":0.3333,"name":"EF/9070_ex1/9070_ex1_00046"},{"time":0.3666,"name":"EF/9070_ex1/9070_ex1_00047"},{"time":0.4,"name":null}]},"shot1":{"attachment":[{"time":0,"name":null},{"time":0.0333,"name":"EF/9070_shot1/9070_shot1_00040"},{"time":0.0666,"name":"EF/9070_shot1/9070_shot1_00041"},{"time":0.1,"name":"EF/9070_shot1/9070_shot1_00043"},{"time":0.1333,"name":"EF/9070_shot1/9070_shot1_00044"},{"time":0.1666,"name":"EF/9070_shot1/9070_shot1_00046"},{"time":0.2,"name":"EF/9070_shot1/9070_shot1_00048"},{"time":0.2333,"name":"EF/9070_shot1/9070_shot1_00050"},{"time":0.2666,"name":null}]},"wave1_1":{"attachment":[{"time":0,"name":"EF/9070_wave1/9070_wave1_00048"},{"time":0.1,"name":"EF/9070_wave1/9070_wave1_00044"},{"time":0.1333,"name":"EF/9070_wave1/9070_wave1_00045"},{"time":0.1666,"name":"EF/9070_wave1/9070_wave1_00046"},{"time":0.2,"name":"EF/9070_wave1/9070_wave1_00047"},{"time":0.2333,"name":"EF/9070_wave1/9070_wave1_00048"}],"color":[{"time":0,"color":"ffffff00","curve":"stepped"},{"time":0.2333,"color":"ffffffff"},{"time":0.3,"color":"ffffff00"}]}},"bones":{"wave1_1":{"translate":[{"time":0,"x":-1468.59,"y":102,"curve":"stepped"},{"time":0.1,"x":-1468.59,"y":102}],"scale":[{"time":0,"x":3.186,"y":3.186},{"time":0.1,"x":1.574,"y":1.574},{"time":0.2333,"x":2.634,"y":2.634},{"time":0.3,"x":3.186,"y":3.186}]},"shot1":{"rotate":[{"time":0,"angle":-121.42}],"translate":[{"time":0,"x":-759.85,"y":935.33},{"time":0.1,"x":-968.38,"y":594.04}],"scale":[{"time":0,"x":3,"y":3.3}]},"ice":{"rotate":[{"time":0,"angle":-30.61}],"translate":[{"time":0.0333,"x":-884.94,"y":471.75},{"time":0.1,"x":-1119.26,"y":84.05}],"scale":[{"time":0,"x":1.5,"y":1.5}]},"ex1":{"rotate":[{"time":0,"angle":0,"curve":"stepped"},{"time":0.1,"angle":0}],"translate":[{"time":0,"x":-1017.4,"y":40.37,"curve":"stepped"},{"time":0.1,"x":-1017.4,"y":40.37}],"scale":[{"time":0,"x":3.342,"y":3.342,"curve":"stepped"},{"time":0.1,"x":3.342,"y":3.342}]},"DAMAGEAREA":{"translate":[{"time":0.1,"x":10.4,"y":36.48}],"scale":[{"time":0.1,"x":1.423,"y":0.504}]},"MAIN":{"translate":[{"time":0,"x":293.48,"y":-38.84}]},"S1,2_icebreak":{"translate":[{"time":0.1333,"x":-1295.5,"y":-140.3}],"scale":[{"time":0.1333,"x":1.362,"y":1.362}]}},"events":[{"time":0,"name":"EFEvent","string":"setPosition_Target"},{"time":0,"name":"Sound1","string":"cri_se_battle_skill_shot"},{"time":0.0333,"name":"EFEvent","string":"kImpactType_down"},{"time":0.0666,"name":"EFEvent","float":0.2,"string":"kHitStopType_normal"},{"time":0.1,"name":"EFEvent","string":"shakeGround"},{"time":0.1,"name":"Sound1","string":"cri_se_battle_explosion_short"},{"time":0.1,"name":"Sound2","string":"cri_se_battle_skill_ice_short"}]},"MeteorFinal":{"slots":{"DAMAGEAREA":{"attachment":[{"time":0.1,"name":"DAMAGEAREA"},{"time":0.2666,"name":null}]},"EF/10118_S2_snow2/main_00001":{"attachment":[{"time":0,"name":"EF/10118_S2_snow2/main_00001"},{"time":0.1333,"name":"EF/10118_S2_snow2/main_00002"},{"time":0.1666,"name":"EF/10118_S2_snow2/main_00003"},{"time":0.2,"name":"EF/10118_S2_snow2/main_00004"},{"time":0.2333,"name":"EF/10118_S2_snow2/main_00005"},{"time":0.2666,"name":"EF/10118_S2_snow2/main_00006"},{"time":0.3,"name":"EF/10118_S2_snow2/main_00007"},{"time":0.3333,"name":"EF/10118_S2_snow2/main_00001"},{"time":0.3666,"name":"EF/10118_S2_snow2/main_00002"},{"time":0.4,"name":"EF/10118_S2_snow2/main_00003"},{"time":0.4333,"name":"EF/10118_S2_snow2/main_00004"},{"time":0.4666,"name":"EF/10118_S2_snow2/main_00005"},{"time":0.5,"name":"EF/10118_S2_snow2/main_00006"},{"time":0.5333,"name":"EF/10118_S2_snow2/main_00007"}],"color":[{"time":0.3333,"color":"ffffffff"},{"time":0.5666,"color":"ffffff00"}]},"EF/110_S1_icebreak1/110_S1_icebreak1_00000":{"attachment":[{"time":0.1333,"name":"EF/110_S1_icebreak1/110_S1_icebreak1_00000"},{"time":0.1666,"name":"EF/110_S1_icebreak1/110_S1_icebreak1_00001"},{"time":0.2,"name":"EF/110_S1_icebreak1/110_S1_icebreak1_00002"},{"time":0.2333,"name":"EF/110_S1_icebreak1/110_S1_icebreak1_00003"},{"time":0.2666,"name":"EF/110_S1_icebreak1/110_S1_icebreak1_00004"},{"time":0.3,"name":"EF/110_S1_icebreak1/110_S1_icebreak1_00005"},{"time":0.3333,"name":"EF/110_S1_icebreak1/110_S1_icebreak1_00006"}],"color":[{"time":0.3,"color":"ffffffff"},{"time":0.4,"color":"ffffff00"}]},"EF/ice3/110_S2_ice1_00000":{"attachment":[{"time":0,"name":"EF/ice3/110_S2_ice1_00000"},{"time":0.1,"name":null}]},"ex1":{"attachment":[{"time":0.1,"name":"EF/9070_ex1/9070_ex1_00038"},{"time":0.1333,"name":"EF/9070_ex1/9070_ex1_00039"},{"time":0.1666,"name":"EF/9070_ex1/9070_ex1_00041"},{"time":0.2,"name":"EF/9070_ex1/9070_ex1_00042"},{"time":0.2333,"name":"EF/9070_ex1/9070_ex1_00043"},{"time":0.2666,"name":"EF/9070_ex1/9070_ex1_00044"},{"time":0.3,"name":"EF/9070_ex1/9070_ex1_00045"},{"time":0.3333,"name":"EF/9070_ex1/9070_ex1_00046"},{"time":0.3666,"name":"EF/9070_ex1/9070_ex1_00047"},{"time":0.4,"name":null}]},"shot1":{"attachment":[{"time":0,"name":"EF/9070_shot1/9070_shot1_00038"},{"time":0.0333,"name":"EF/9070_shot1/9070_shot1_00040"},{"time":0.0666,"name":"EF/9070_shot1/9070_shot1_00041"},{"time":0.1,"name":"EF/9070_shot1/9070_shot1_00043"},{"time":0.1333,"name":"EF/9070_shot1/9070_shot1_00044"},{"time":0.1666,"name":"EF/9070_shot1/9070_shot1_00046"},{"time":0.2,"name":"EF/9070_shot1/9070_shot1_00048"},{"time":0.2333,"name":"EF/9070_shot1/9070_shot1_00050"},{"time":0.2666,"name":null}]},"wave1_1":{"attachment":[{"time":0.1,"name":"EF/9070_wave1/9070_wave1_00044"},{"time":0.1333,"name":"EF/9070_wave1/9070_wave1_00045"},{"time":0.1666,"name":"EF/9070_wave1/9070_wave1_00046"},{"time":0.2,"name":"EF/9070_wave1/9070_wave1_00047"},{"time":0.2333,"name":"EF/9070_wave1/9070_wave1_00048"}],"color":[{"time":0.2333,"color":"ffffffff"},{"time":0.3,"color":"ffffff00"}]}},"bones":{"wave1_1":{"rotate":[{"time":0.1,"angle":370}],"translate":[{"time":0.1,"x":-1468.59,"y":102}],"scale":[{"time":0.1,"x":1.574,"y":1.574},{"time":0.2333,"x":2.634,"y":2.634},{"time":0.3,"x":3.186,"y":3.186}]},"shot1":{"rotate":[{"time":0,"angle":-121.42}],"translate":[{"time":0,"x":-744.73,"y":951.24},{"time":0.0666,"x":-1023.87,"y":494.11}],"scale":[{"time":0,"x":3,"y":3.3}]},"ice":{"rotate":[{"time":0,"angle":-33.97}],"translate":[{"time":0,"x":-719.4,"y":744.78},{"time":0.0666,"x":-1119.26,"y":84.05}],"scale":[{"time":0,"x":1.5,"y":1.5}]},"ex1":{"rotate":[{"time":0,"angle":370}],"translate":[{"time":0.1,"x":-1017.4,"y":40.37}],"scale":[{"time":0.1,"x":3.342,"y":3.342}]},"DAMAGEAREA":{"rotate":[{"time":0,"angle":370}],"translate":[{"time":0.1,"x":11.81,"y":36.48}],"scale":[{"time":0.1,"x":2.244,"y":0.504}]},"MAIN":{"translate":[{"time":0,"x":449.27,"y":-54.77}],"scale":[{"time":0,"x":1.5,"y":1.5}]},"root":{"rotate":[{"time":0,"angle":-10}]},"S1,2_icebreak":{"translate":[{"time":0.1333,"x":-1299.83,"y":-138.97}],"scale":[{"time":0.1333,"x":1.418,"y":1.418}]},"A1_ice":{"rotate":[{"time":0.1333,"angle":6.07}],"translate":[{"time":0.1333,"x":-1028.22,"y":-158.51},{"time":0.5666,"x":-1029.61,"y":-150.58}],"scale":[{"time":0.1333,"x":1.267,"y":1.267}]}},"events":[{"time":0,"name":"EFEvent","string":"setPosition_Target"},{"time":0,"name":"Sound1","string":"cri_se_battle_skill_shot"},{"time":0.0333,"name":"EFEvent","string":"kImpactType_up"},{"time":0.0666,"name":"EFEvent","float":0.25,"string":"kHitStopType_normal"},{"time":0.1,"name":"EFEvent","string":"shakeGround"},{"time":0.1,"name":"Sound1","string":"cri_se_battle_032_explosion_04"},{"time":0.1,"name":"Sound2","string":"cri_se_battle_skill_ice_short"},{"time":0.1333,"name":"EFEvent","string":"shakeGround"}]},"none":{}}}