{"skeleton":{"hash":"kWV1g2H6rb2lTZTHUFNKFx7vPX0","spine":"3.0.12","width":0,"height":0,"images":"./images/"},"bones":[{"name":"root"},{"name":"MAIN","parent":"root"},{"name":"fire","parent":"MAIN","x":-6.51,"y":86.87},{"name":"cloud_side","parent":"MAIN","x":26.22,"y":36.48},{"name":"cloud_base_2","parent":"MAIN","x":-19.76,"y":21.9},{"name":"cloud_base_1","parent":"MAIN","x":8.86,"y":25.69},{"name":"cloud_back","parent":"MAIN","x":19.23,"y":54.7},{"name":"cloud_2_3","parent":"MAIN","x":653.62,"y":255.33},{"name":"cloud_2_2","parent":"MAIN","x":584.91,"y":255.33},{"name":"cloud_2","parent":"MAIN","x":49.83,"y":87.7},{"name":"cloud_1","parent":"MAIN","x":-75.56,"y":60.3},{"name":"cloud2_skill","parent":"MAIN","x":544.02,"y":100.34},{"name":"cloud1_skill","parent":"MAIN","x":685.19,"y":102},{"name":"MAIN-origin","parent":"MAIN","y":35,"color":"00369bff"},{"name":"SHADOW-OFFSET","parent":"MAIN-origin","scaleX":1.1,"scaleY":1.1,"color":"00369bff"},{"name":"HPBAR","parent":"MAIN","y":140},{"name":"HITBOX","parent":"MAIN"},{"name":"DAMAGEAREA","parent":"root"}],"slots":[{"name":"temp_unit","bone":"root"},{"name":"cloud_base_2","bone":"cloud_base_2","attachment":"cloud_base_2"},{"name":"cloud_back","bone":"cloud_back","attachment":"cloud_back"},{"name":"cloud_base_1","bone":"cloud_base_1","attachment":"cloud_base_1"},{"name":"cloud_2","bone":"cloud_2","attachment":"cloud_2"},{"name":"cloud_3","bone":"cloud_2_2"},{"name":"cloud_4","bone":"cloud_2_3"},{"name":"cloud_1","bone":"cloud_1","attachment":"cloud_1"},{"name":"cloud1_skill","bone":"cloud1_skill"},{"name":"cloud2_skill","bone":"cloud2_skill"},{"name":"MAIN","bone":"MAIN-origin","attachment":"idle_00"},{"name":"fire","bone":"fire","attachment":"fire1"},{"name":"cloud_side","bone":"cloud_side","attachment":"cloud_side"},{"name":"HITBOX","bone":"HITBOX","attachment":"HITBOX"},{"name":"DAMAGEAREA","bone":"DAMAGEAREA"}],"skins":{"default":{"DAMAGEAREA":{"DAMAGEAREA":{"type":"boundingbox","vertices":[-98.8316,-97.97694,97.88414,-98.8752,98.78238,98.73877,-98.38248,98.73877,0,0,0,0,0,0,0,0]}},"HITBOX":{"HITBOX":{"type":"boundingbox","vertices":[-43.14039,16.54932,29.61749,16.99845,29.16837,78.52826,-42.24214,78.52826,0,0,0,0,0,0,0,0]}},"MAIN":{"attack1_00":{"x":-14.57,"y":25.84,"width":266,"height":278},"attack1_01":{"x":-14.57,"y":25.84,"width":266,"height":278},"attack1_02":{"x":-14.57,"y":25.84,"width":266,"height":278},"attack1_03":{"x":-14.57,"y":25.84,"width":266,"height":278},"attack1_04":{"x":-14.57,"y":25.84,"width":266,"height":278},"attack1_05":{"x":-14.57,"y":25.84,"width":266,"height":278},"damage_00":{"x":-14.57,"y":25.84,"width":266,"height":278},"idle_00":{"x":-14.56,"y":25.84,"width":266,"height":278},"idle_01":{"x":-14.56,"y":25.84,"width":266,"height":278},"idle_02":{"x":-14.56,"y":25.84,"width":266,"height":278},"idle_03":{"x":-14.56,"y":25.84,"width":266,"height":278},"idle_04":{"x":-14.56,"y":25.84,"width":266,"height":278},"idle_05":{"x":-14.56,"y":25.84,"width":266,"height":278},"skill1_00":{"x":-14.57,"y":25.84,"width":266,"height":278},"skill1_01":{"x":-14.57,"y":25.84,"width":266,"height":278},"skill1_02":{"x":-14.57,"y":25.84,"width":266,"height":278},"skill1_03":{"x":-14.57,"y":25.84,"width":266,"height":278},"skill1_04":{"x":-14.57,"y":25.84,"width":266,"height":278},"skill1_05":{"x":-14.57,"y":25.84,"width":266,"height":278},"skill1_06":{"x":-14.57,"y":25.84,"width":266,"height":278},"skill1_07":{"x":-14.57,"y":25.84,"width":266,"height":278},"skill1_08":{"x":-14.57,"y":25.84,"width":266,"height":278},"skill1_09":{"x":-14.57,"y":25.84,"width":266,"height":278}},"cloud1_skill":{"cloud1_skill":{"x":-61.87,"y":1.2,"width":236,"height":98}},"cloud2_skill":{"cloud2_skill":{"x":79.29,"y":2.86,"width":236,"height":98}},"cloud_1":{"cloud_1":{"x":59.89,"y":3.39,"width":158,"height":132}},"cloud_2":{"cloud_2":{"x":-65.5,"y":-24,"width":158,"height":132}},"cloud_3":{"cloud_2":{"x":-65.5,"y":-24,"width":158,"height":132}},"cloud_4":{"cloud_2":{"x":-65.5,"y":-24,"width":158,"height":132}},"cloud_back":{"cloud_back":{"x":-34.9,"y":8.99,"width":158,"height":132}},"cloud_base_1":{"cloud_base_1":{"x":-24.54,"y":38,"width":158,"height":132}},"cloud_base_2":{"cloud_base_2":{"x":4.09,"y":41.79,"width":158,"height":132}},"cloud_side":{"cloud_side":{"x":-41.9,"y":27.21,"width":158,"height":132}},"fire":{"fire1":{"x":6.94,"y":-23.01,"width":158,"height":132}}}},"events":{"Event":{},"Hit":{},"HitEffect":{},"sound_1":{},"sound_2":{},"sound_3":{},"voice":{}},"animations":{"attack1":{"slots":{"DAMAGEAREA":{"attachment":[{"time":1.1333,"name":"DAMAGEAREA"},{"time":1.3333,"name":null}]},"MAIN":{"attachment":[{"time":0,"name":"attack1_00"},{"time":0.1666,"name":"attack1_01"},{"time":0.2333,"name":"attack1_02"},{"time":0.5333,"name":"attack1_03"},{"time":0.6333,"name":"attack1_04"},{"time":0.7,"name":"attack1_05"},{"time":1,"name":"attack1_05"}]},"fire":{"attachment":[{"time":0,"name":"fire1"},{"time":0.2666,"name":"fire1"},{"time":0.5333,"name":"fire1"},{"time":0.8,"name":"fire1"},{"time":1.0666,"name":"fire1"},{"time":1.3333,"name":"fire1"},{"time":1.6,"name":"fire1"}]}},"bones":{"MAIN-origin":{"translate":[{"time":0.5333,"x":0,"y":0.67}]},"fire":{"rotate":[{"time":0,"angle":19.49,"curve":"stepped"},{"time":0.2333,"angle":16.08,"curve":"stepped"},{"time":0.5333,"angle":-47.61,"curve":"stepped"},{"time":0.6333,"angle":-58.59,"curve":"stepped"},{"time":0.7,"angle":-75.91,"curve":"stepped"},{"time":1,"angle":-75.91}],"translate":[{"time":0,"x":-23.04,"y":-5.35,"curve":"stepped"},{"time":0.1666,"x":-2.9,"y":6.14,"curve":"stepped"},{"time":0.2333,"x":-1.72,"y":6.17,"curve":"stepped"},{"time":0.5333,"x":42.17,"y":0.01,"curve":"stepped"},{"time":0.6333,"x":45.36,"y":-3.4,"curve":"stepped"},{"time":0.7,"x":46.65,"y":-1.95}],"scale":[{"time":0,"x":0.84,"y":0.61,"curve":"stepped"},{"time":0.1666,"x":1.14,"y":0.85,"curve":"stepped"},{"time":0.5333,"x":1.53,"y":1.18,"curve":"stepped"},{"time":0.7,"x":1.36,"y":1.18}]},"cloud_base_2":{"rotate":[{"time":0.1666,"angle":-3.78}],"translate":[{"time":0,"x":-5.66,"y":-8.12,"curve":"stepped"},{"time":0.1666,"x":-6.76,"y":-8.12,"curve":[0,0.5,0.75,1]},{"time":0.2333,"x":-6.76,"y":-9.41,"curve":"stepped"},{"time":0.5333,"x":-8.85,"y":-13.39},{"time":0.6333,"x":-8.36,"y":-14.37},{"time":0.7,"x":-9.34,"y":-13.14}],"scale":[{"time":0,"x":1.12,"y":1,"curve":"stepped"},{"time":0.1666,"x":1.17,"y":1,"curve":"stepped"},{"time":0.5333,"x":1.24,"y":1.08}]},"cloud_base_1":{"rotate":[{"time":0.1666,"angle":357.97,"curve":"stepped"},{"time":0.5333,"angle":-4.66}],"translate":[{"time":0,"x":1.35,"y":-8.3,"curve":"stepped"},{"time":0.1666,"x":1.84,"y":-10.75,"curve":[0,0.5,0.75,1]},{"time":0.2333,"x":1.84,"y":-11.85,"curve":"stepped"},{"time":0.5333,"x":2.11,"y":-16.82},{"time":0.6333,"x":2.25,"y":-18.2},{"time":0.7,"x":2.37,"y":-18.47}],"scale":[{"time":0,"x":1.25,"y":1,"curve":"stepped"},{"time":0.1666,"x":1.17,"y":1.03}]},"cloud_side":{"rotate":[{"time":0.1666,"angle":-2.01,"curve":"stepped"},{"time":0.5333,"angle":-4.26}],"translate":[{"time":0,"x":9.98,"y":-6.26,"curve":"stepped"},{"time":0.1666,"x":10.68,"y":-6.96,"curve":[0,0.5,0.75,1]},{"time":0.2333,"x":10.68,"y":-9.18,"curve":"stepped"},{"time":0.5333,"x":13.72,"y":-12.22},{"time":0.6333,"x":14.93,"y":-15.27},{"time":0.7,"x":17.5,"y":-13.28}],"scale":[{"time":0,"x":1.1,"y":0.94,"curve":"stepped"},{"time":0.5333,"x":1.06,"y":1.04}]},"cloud_back":{"rotate":[{"time":0.1666,"angle":-2.52,"curve":"stepped"},{"time":0.5333,"angle":-4.88}],"translate":[{"time":0,"x":2.37,"y":-5.67,"curve":"stepped"},{"time":0.1666,"x":3.46,"y":-5.05,"curve":[0,0.49,0.75,1]},{"time":0.2333,"x":3.46,"y":-7.07,"curve":"stepped"},{"time":0.5333,"x":3.31,"y":-8.32},{"time":0.6333,"x":3.77,"y":-9.99},{"time":0.7,"x":3.77,"y":-8.32}],"scale":[{"time":0,"x":1.12,"y":1,"curve":"stepped"},{"time":0.1666,"x":1.17,"y":1.03,"curve":"stepped"},{"time":0.5333,"x":1.24,"y":1.08}]},"cloud_1":{"rotate":[{"time":0,"angle":0,"curve":"stepped"},{"time":0.1666,"angle":-2.05,"curve":"stepped"},{"time":0.5333,"angle":-4.66}],"translate":[{"time":0,"x":-13.71,"y":-10.38,"curve":"stepped"},{"time":0.1666,"x":-15.3,"y":-10.84,"curve":[0,0.5,0.75,1]},{"time":0.2333,"x":-15.04,"y":-13.65,"curve":"stepped"},{"time":0.5333,"x":-15.75,"y":-6.85},{"time":0.6333,"x":-15.04,"y":-5.89},{"time":0.7,"x":-15.04,"y":-4.33}],"scale":[{"time":0,"x":1.12,"y":1,"curve":"stepped"},{"time":0.1666,"x":1.07,"y":1}]},"cloud_2":{"rotate":[{"time":0,"angle":0,"curve":"stepped"},{"time":0.1666,"angle":1,"curve":"stepped"},{"time":0.5333,"angle":2.8}],"translate":[{"time":0,"x":8.79,"y":-4.73,"curve":"stepped"},{"time":0.1666,"x":8.79,"y":-4.73,"curve":[0,0.5,0.75,1]},{"time":0.2333,"x":8.79,"y":-7.39,"curve":"stepped"},{"time":0.5333,"x":15.16,"y":-7.39},{"time":0.6333,"x":15.69,"y":-9.51},{"time":0.7,"x":17.28,"y":-11.32}],"scale":[{"time":0,"x":1.12,"y":1,"curve":"stepped"},{"time":0.5333,"x":1.24,"y":1.08}]},"DAMAGEAREA":{"translate":[{"time":1.1333,"x":-228.77,"y":44.63}],"scale":[{"time":1.1333,"x":0.868,"y":0.604},{"time":1.3,"x":1.43,"y":0.604}]}},"events":[{"time":0,"name":"Event","float":0.2,"string":"kHitStopType_enemyonly"},{"time":0,"name":"HitEffect","string":"setHitEffect(hit02c,1,0.75,50)"},{"time":0.6333,"name":"sound_1","string":"cri_se_battle_040_weapon_swing"},{"time":0.6333,"name":"voice","string":"cri_073_voice_attack_ranodm"},{"time":1.1333,"name":"sound_2","string":"cri_se_battle_explosion_short"},{"time":1.1333,"name":"sound_3","string":"cri_se_battle_spark"},{"time":1.3,"name":"Hit","string":"resetHitList"}]},"back":{"slots":{"MAIN":{"attachment":[{"time":0,"name":"idle_00"},{"time":0.1666,"name":"idle_01"},{"time":0.3333,"name":"idle_02"},{"time":0.5,"name":"idle_03"},{"time":0.6666,"name":"idle_04"},{"time":0.8333,"name":"idle_05"},{"time":1,"name":"idle_00"}]},"fire":{"attachment":[{"time":0,"name":null}]}},"bones":{"MAIN-origin":{"translate":[{"time":0,"x":0,"y":0},{"time":0.1666,"x":0,"y":0.88,"curve":[0.208,0.54,0.586,1]},{"time":0.5,"x":0,"y":3.13,"curve":[0.434,0,0.602,0.71]},{"time":0.8333,"x":0,"y":0.2},{"time":1,"x":0,"y":0}]},"cloud_base_2":{"translate":[{"time":0,"x":0,"y":0,"curve":[0.25,0,0.75,1]},{"time":0.5,"x":-2.68,"y":4.62,"curve":[0.25,0,0.75,1]},{"time":1,"x":0,"y":0}],"scale":[{"time":0,"x":1,"y":1,"curve":[0.25,0,0.75,1]},{"time":0.5,"x":1.05,"y":1.01,"curve":[0.25,0,0.75,1]},{"time":1,"x":1,"y":1}]},"cloud_base_1":{"translate":[{"time":0,"x":0,"y":0,"curve":[0.416,0,0.75,1]},{"time":0.5,"x":2.69,"y":3.74,"curve":[0.483,0,0.75,1]},{"time":1,"x":0,"y":0}],"scale":[{"time":0,"x":1,"y":1},{"time":0.5,"x":1.1,"y":1.07},{"time":1,"x":1,"y":1}]},"cloud_1":{"translate":[{"time":0,"x":0,"y":0},{"time":0.1666,"x":2,"y":-1.13},{"time":0.6666,"x":0,"y":3.13,"curve":[0.188,0,0.75,1]},{"time":1,"x":0,"y":0}],"scale":[{"time":0,"x":0.9,"y":0.91,"curve":[0,0.6,0.75,1]},{"time":0.5,"x":0.753,"y":0.762,"curve":[0.25,0,0.75,1]},{"time":1,"x":0.9,"y":0.91}]},"cloud_2":{"translate":[{"time":0,"x":0,"y":0},{"time":0.1666,"x":-0.44,"y":-2.02},{"time":0.6666,"x":0.88,"y":2.57,"curve":[0.421,0,0.75,1]},{"time":1,"x":0,"y":0}],"scale":[{"time":0,"x":0.951,"y":0.951},{"time":0.5,"x":1.005,"y":1.015},{"time":1,"x":0.951,"y":0.951}]},"cloud_side":{"translate":[{"time":0,"x":0,"y":0},{"time":0.1666,"x":0.27,"y":-0.99,"curve":[0.382,0.4,0.735,1]},{"time":0.6666,"x":1.28,"y":3.05,"curve":[0.392,0,0.75,1]},{"time":1,"x":0,"y":0}],"scale":[{"time":0,"x":1,"y":1},{"time":0.5,"x":1.04,"y":0.99},{"time":1,"x":1,"y":1}]},"cloud_back":{"translate":[{"time":0,"x":0,"y":0,"curve":[0.25,0,0.75,1]},{"time":0.5,"x":1.32,"y":1.89,"curve":[0.25,0,0.75,1]},{"time":1,"x":0,"y":0}],"scale":[{"time":0,"x":1,"y":1},{"time":0.5,"x":1.04,"y":0.99},{"time":1,"x":1,"y":1}]},"MAIN":{"translate":[{"time":0,"x":0,"y":0,"curve":[0.234,0.65,0.75,1]},{"time":0.8333,"x":140,"y":0}]}},"events":[{"time":0,"name":"sound_1","string":"cri_se_battle_Flutter"}]},"cast":{"slots":{"MAIN":{"attachment":[{"time":0,"name":"attack1_00"},{"time":0.1,"name":"attack1_01"},{"time":0.1666,"name":"attack1_02"},{"time":0.4333,"name":"attack1_03"},{"time":0.4666,"name":"attack1_04"},{"time":0.5,"name":"attack1_05"},{"time":1,"name":"attack1_05"}]},"fire":{"attachment":[{"time":0,"name":"fire1"},{"time":0.2666,"name":"fire1"},{"time":0.5333,"name":"fire1"},{"time":0.8,"name":"fire1"}]}},"bones":{"MAIN-origin":{"translate":[{"time":0.4333,"x":0,"y":0.67}]},"fire":{"rotate":[{"time":0,"angle":19.49,"curve":"stepped"},{"time":0.1666,"angle":16.08,"curve":"stepped"},{"time":0.4333,"angle":-47.61,"curve":"stepped"},{"time":0.5,"angle":-58.59,"curve":"stepped"},{"time":0.5333,"angle":-75.91,"curve":"stepped"},{"time":1,"angle":-75.91}],"translate":[{"time":0,"x":-23.04,"y":-5.35,"curve":"stepped"},{"time":0.1,"x":-2.9,"y":6.14,"curve":"stepped"},{"time":0.1666,"x":-1.72,"y":6.17,"curve":"stepped"},{"time":0.4333,"x":42.17,"y":0.01,"curve":"stepped"},{"time":0.4666,"x":45.96,"y":-2.67,"curve":"stepped"},{"time":0.5,"x":48.71,"y":-1.58,"curve":"stepped"},{"time":0.5333,"x":46.44,"y":-2.87}],"scale":[{"time":0,"x":0.84,"y":0.61,"curve":"stepped"},{"time":0.1,"x":1.14,"y":0.85,"curve":"stepped"},{"time":0.4333,"x":1.53,"y":1.18,"curve":"stepped"},{"time":0.5333,"x":1.36,"y":1.18}]},"cloud_base_2":{"rotate":[{"time":0.1,"angle":-3.78}],"translate":[{"time":0,"x":-5.66,"y":-8.12,"curve":"stepped"},{"time":0.1,"x":-6.76,"y":-8.12,"curve":[0,0.5,0.75,1]},{"time":0.1666,"x":-6.76,"y":-9.41,"curve":"stepped"},{"time":0.4333,"x":-8.85,"y":-13.39},{"time":0.5,"x":-8.36,"y":-14.37},{"time":0.5333,"x":-9.34,"y":-13.14}],"scale":[{"time":0,"x":1.12,"y":1,"curve":"stepped"},{"time":0.1,"x":1.17,"y":1,"curve":"stepped"},{"time":0.4333,"x":1.24,"y":1.08}]},"cloud_base_1":{"rotate":[{"time":0.1,"angle":357.97,"curve":"stepped"},{"time":0.4333,"angle":-4.66}],"translate":[{"time":0,"x":1.35,"y":-8.3,"curve":"stepped"},{"time":0.1,"x":1.84,"y":-10.75,"curve":[0,0.5,0.75,1]},{"time":0.1666,"x":1.84,"y":-11.85,"curve":"stepped"},{"time":0.4333,"x":2.11,"y":-16.82},{"time":0.5,"x":2.25,"y":-18.2},{"time":0.5333,"x":2.37,"y":-18.47}],"scale":[{"time":0,"x":1.25,"y":1,"curve":"stepped"},{"time":0.1,"x":1.17,"y":1.03}]},"cloud_side":{"rotate":[{"time":0.1,"angle":-2.01,"curve":"stepped"},{"time":0.4333,"angle":-4.26}],"translate":[{"time":0,"x":9.98,"y":-6.26,"curve":"stepped"},{"time":0.1,"x":10.68,"y":-6.96,"curve":[0,0.5,0.75,1]},{"time":0.1666,"x":10.68,"y":-9.18,"curve":"stepped"},{"time":0.4333,"x":13.72,"y":-12.22},{"time":0.5,"x":14.93,"y":-15.27},{"time":0.5333,"x":17.5,"y":-13.28}],"scale":[{"time":0,"x":1.1,"y":0.94,"curve":"stepped"},{"time":0.4333,"x":1.06,"y":1.04}]},"cloud_back":{"rotate":[{"time":0.1,"angle":-2.52,"curve":"stepped"},{"time":0.4333,"angle":-4.88}],"translate":[{"time":0,"x":2.37,"y":-5.67,"curve":"stepped"},{"time":0.1,"x":3.46,"y":-5.05,"curve":[0,0.49,0.75,1]},{"time":0.1666,"x":3.46,"y":-7.07,"curve":"stepped"},{"time":0.4333,"x":3.31,"y":-8.32},{"time":0.5,"x":3.77,"y":-9.99},{"time":0.5333,"x":3.77,"y":-8.32}],"scale":[{"time":0,"x":1.12,"y":1,"curve":"stepped"},{"time":0.1,"x":1.17,"y":1.03,"curve":"stepped"},{"time":0.4333,"x":1.24,"y":1.08}]},"cloud_1":{"rotate":[{"time":0,"angle":0,"curve":"stepped"},{"time":0.1,"angle":-2.05,"curve":"stepped"},{"time":0.4333,"angle":-4.66}],"translate":[{"time":0,"x":-13.71,"y":-10.38,"curve":"stepped"},{"time":0.1,"x":-15.3,"y":-10.84,"curve":[0,0.5,0.75,1]},{"time":0.1666,"x":-15.04,"y":-13.65,"curve":"stepped"},{"time":0.4333,"x":-15.75,"y":-6.85},{"time":0.5,"x":-15.04,"y":-5.89},{"time":0.5333,"x":-15.04,"y":-4.33}],"scale":[{"time":0,"x":1.12,"y":1,"curve":"stepped"},{"time":0.1,"x":1.07,"y":1}]},"cloud_2":{"rotate":[{"time":0,"angle":0,"curve":"stepped"},{"time":0.1,"angle":1,"curve":"stepped"},{"time":0.4333,"angle":2.8}],"translate":[{"time":0,"x":8.79,"y":-4.73,"curve":"stepped"},{"time":0.1,"x":8.79,"y":-4.73,"curve":[0,0.5,0.75,1]},{"time":0.1666,"x":8.79,"y":-7.39,"curve":"stepped"},{"time":0.4333,"x":15.16,"y":-7.39},{"time":0.5,"x":15.69,"y":-9.51},{"time":0.5333,"x":17.28,"y":-11.32}],"scale":[{"time":0,"x":1.12,"y":1,"curve":"stepped"},{"time":0.4333,"x":1.24,"y":1.08}]}},"events":[{"time":0.4666,"name":"voice","string":"cri_073_voice_item"}]},"damage":{"slots":{"MAIN":{"attachment":[{"time":0,"name":"damage_00"}]},"cloud_3":{"attachment":[{"time":0,"name":"cloud_2"}]},"cloud_4":{"attachment":[{"time":0,"name":"cloud_2"}]},"cloud_side":{"attachment":[{"time":0,"name":null}]}},"bones":{"cloud_side":{"translate":[{"time":0,"x":438.07,"y":89.92}]},"fire":{"rotate":[{"time":0,"angle":79.13}],"translate":[{"time":0,"x":-66.51,"y":-18.83}],"scale":[{"time":0,"x":-1,"y":1}]},"cloud_1":{"rotate":[{"time":0,"angle":-9.48}],"translate":[{"time":0,"x":120.57,"y":-73.96}],"scale":[{"time":0,"x":0.72,"y":0.81}]},"cloud_2_2":{"translate":[{"time":0,"x":-680.76,"y":-214.92}],"scale":[{"time":0,"x":0.62,"y":0.6}]},"cloud_2_3":{"translate":[{"time":0,"x":-595.21,"y":-238.18}],"scale":[{"time":0,"x":-0.46,"y":0.52}]},"cloud_2":{"translate":[{"time":0,"x":-1.59,"y":-20.4}],"scale":[{"time":0,"x":1.07,"y":0.89}]},"cloud_base_1":{"translate":[{"time":0,"x":-5.52,"y":-11.05}],"scale":[{"time":0,"x":1.16,"y":0.89}]},"cloud_back":{"translate":[{"time":0,"x":2.62,"y":-19.38}],"scale":[{"time":0,"x":1.013,"y":0.956}]},"cloud_base_2":{"translate":[{"time":0,"x":-16.16,"y":6.01}],"scale":[{"time":0,"x":1.14,"y":1.03}]}}},"front":{"slots":{"MAIN":{"attachment":[{"time":0,"name":"idle_00"},{"time":0.1666,"name":"idle_01"},{"time":0.3333,"name":"idle_02"},{"time":0.5,"name":"idle_03"},{"time":0.6666,"name":"idle_04"},{"time":0.8333,"name":"idle_05"},{"time":1,"name":"idle_00"}]},"fire":{"attachment":[{"time":0,"name":null}]}},"bones":{"cloud_1":{"translate":[{"time":0,"x":0,"y":0},{"time":0.1666,"x":2,"y":-1.13},{"time":0.6666,"x":0,"y":3.13,"curve":[0.188,0,0.75,1]},{"time":1,"x":0,"y":0}],"scale":[{"time":0,"x":0.9,"y":0.91,"curve":[0,0.6,0.75,1]},{"time":0.5,"x":0.753,"y":0.762,"curve":[0.25,0,0.75,1]},{"time":1,"x":0.9,"y":0.91}]},"cloud_2":{"translate":[{"time":0,"x":0,"y":0},{"time":0.1666,"x":-0.44,"y":-2.02},{"time":0.6666,"x":0.88,"y":2.57,"curve":[0.421,0,0.75,1]},{"time":1,"x":0,"y":0}],"scale":[{"time":0,"x":0.951,"y":0.951},{"time":0.5,"x":1.005,"y":1.015},{"time":1,"x":0.951,"y":0.951}]},"cloud_side":{"translate":[{"time":0,"x":0,"y":0},{"time":0.1666,"x":0.27,"y":-0.99,"curve":[0.382,0.4,0.735,1]},{"time":0.6666,"x":1.28,"y":3.05,"curve":[0.392,0,0.75,1]},{"time":1,"x":0,"y":0}],"scale":[{"time":0,"x":1,"y":1},{"time":0.5,"x":1.04,"y":0.99},{"time":1,"x":1,"y":1}]},"cloud_base_1":{"translate":[{"time":0,"x":0,"y":0,"curve":[0.416,0,0.75,1]},{"time":0.5,"x":2.69,"y":3.74,"curve":[0.483,0,0.75,1]},{"time":1,"x":0,"y":0}],"scale":[{"time":0,"x":1,"y":1},{"time":0.5,"x":1.1,"y":1.07},{"time":1,"x":1,"y":1}]},"cloud_base_2":{"translate":[{"time":0,"x":0,"y":0,"curve":[0.25,0,0.75,1]},{"time":0.5,"x":-2.68,"y":4.62,"curve":[0.25,0,0.75,1]},{"time":1,"x":0,"y":0}],"scale":[{"time":0,"x":1,"y":1,"curve":[0.25,0,0.75,1]},{"time":0.5,"x":1.05,"y":1.01,"curve":[0.25,0,0.75,1]},{"time":1,"x":1,"y":1}]},"cloud_back":{"translate":[{"time":0,"x":0,"y":0,"curve":[0.25,0,0.75,1]},{"time":0.5,"x":1.32,"y":1.89,"curve":[0.25,0,0.75,1]},{"time":1,"x":0,"y":0}],"scale":[{"time":0,"x":1,"y":1},{"time":0.5,"x":1.04,"y":0.99},{"time":1,"x":1,"y":1}]},"MAIN-origin":{"translate":[{"time":0,"x":0,"y":0},{"time":0.1666,"x":0,"y":0.88,"curve":[0.208,0.54,0.586,1]},{"time":0.5,"x":0,"y":3.13,"curve":[0.434,0,0.602,0.71]},{"time":0.8333,"x":0,"y":0.2},{"time":1,"x":0,"y":0}]}}},"idle":{"slots":{"MAIN":{"attachment":[{"time":0,"name":"idle_00"},{"time":0.1666,"name":"idle_01"},{"time":0.3333,"name":"idle_02"},{"time":0.5,"name":"idle_03"},{"time":0.6666,"name":"idle_04"},{"time":0.8333,"name":"idle_05"},{"time":1,"name":"idle_00"}]},"fire":{"attachment":[{"time":0,"name":null}]}},"bones":{"MAIN-origin":{"translate":[{"time":0,"x":0,"y":0},{"time":0.1666,"x":0,"y":0.88,"curve":[0.208,0.54,0.586,1]},{"time":0.5,"x":0,"y":3.13,"curve":[0.434,0,0.602,0.71]},{"time":0.8333,"x":0,"y":0.2},{"time":1,"x":0,"y":0}]},"cloud_base_2":{"translate":[{"time":0,"x":0,"y":0,"curve":[0.25,0,0.75,1]},{"time":0.5,"x":-2.68,"y":4.62,"curve":[0.25,0,0.75,1]},{"time":1,"x":0,"y":0}],"scale":[{"time":0,"x":1,"y":1,"curve":[0.25,0,0.75,1]},{"time":0.5,"x":1.05,"y":1.01,"curve":[0.25,0,0.75,1]},{"time":1,"x":1,"y":1}]},"cloud_base_1":{"translate":[{"time":0,"x":0,"y":0,"curve":[0.416,0,0.75,1]},{"time":0.5,"x":2.69,"y":3.74,"curve":[0.483,0,0.75,1]},{"time":1,"x":0,"y":0}],"scale":[{"time":0,"x":1,"y":1},{"time":0.5,"x":1.1,"y":1.07},{"time":1,"x":1,"y":1}]},"cloud_1":{"translate":[{"time":0,"x":0,"y":0},{"time":0.1666,"x":2,"y":-1.13},{"time":0.6666,"x":0,"y":3.13,"curve":[0.188,0,0.75,1]},{"time":1,"x":0,"y":0}],"scale":[{"time":0,"x":0.9,"y":0.91,"curve":[0,0.6,0.75,1]},{"time":0.5,"x":0.753,"y":0.762,"curve":[0.25,0,0.75,1]},{"time":1,"x":0.9,"y":0.91}]},"cloud_2":{"translate":[{"time":0,"x":0,"y":0},{"time":0.1666,"x":-0.44,"y":-2.02},{"time":0.6666,"x":0.88,"y":2.57,"curve":[0.421,0,0.75,1]},{"time":1,"x":0,"y":0}],"scale":[{"time":0,"x":0.951,"y":0.951},{"time":0.5,"x":1.005,"y":1.015},{"time":1,"x":0.951,"y":0.951}]},"cloud_side":{"translate":[{"time":0,"x":0,"y":0},{"time":0.1666,"x":0.27,"y":-0.99,"curve":[0.382,0.4,0.735,1]},{"time":0.6666,"x":1.28,"y":3.05,"curve":[0.392,0,0.75,1]},{"time":1,"x":0,"y":0}],"scale":[{"time":0,"x":1,"y":1},{"time":0.5,"x":1.04,"y":0.99},{"time":1,"x":1,"y":1}]},"cloud_back":{"translate":[{"time":0,"x":0,"y":0,"curve":[0.25,0,0.75,1]},{"time":0.5,"x":1.32,"y":1.89,"curve":[0.25,0,0.75,1]},{"time":1,"x":0,"y":0}],"scale":[{"time":0,"x":1,"y":1},{"time":0.5,"x":1.04,"y":0.99},{"time":1,"x":1,"y":1}]}}},"skill1":{"slots":{"MAIN":{"attachment":[{"time":0,"name":"skill1_09"},{"time":0.2,"name":"skill1_01"},{"time":0.2666,"name":"skill1_02"},{"time":0.5,"name":"skill1_03"},{"time":0.5666,"name":"skill1_04"},{"time":0.6333,"name":"skill1_05"},{"time":0.7333,"name":"skill1_06"},{"time":0.8333,"name":"skill1_07"},{"time":0.9,"name":"skill1_08"},{"time":0.9666,"name":"skill1_09"},{"time":1.6666,"name":"skill1_09"}]},"cloud1_skill":{"attachment":[{"time":0.8333,"name":"cloud1_skill"}],"color":[{"time":0.8333,"color":"ffffffff"},{"time":0.9666,"color":"ffffff00"}]},"cloud2_skill":{"attachment":[{"time":0.8333,"name":"cloud2_skill"}],"color":[{"time":0.8333,"color":"ffffffff"},{"time":0.9666,"color":"ffffff00"}]},"cloud_1":{"attachment":[{"time":0,"name":null},{"time":0.8333,"name":null}]},"cloud_2":{"attachment":[{"time":0,"name":null},{"time":0.8333,"name":null}]},"fire":{"attachment":[{"time":0,"name":"fire1"},{"time":0.2666,"name":"fire1"},{"time":0.5333,"name":"fire1"},{"time":0.8,"name":"fire1"},{"time":1.0666,"name":"fire1"},{"time":1.3333,"name":"fire1"},{"time":1.6,"name":"fire1"},{"time":1.8666,"name":"fire1"}]}},"bones":{"MAIN-origin":{"translate":[{"time":0,"x":0,"y":-15.38},{"time":0.5,"x":0,"y":0,"curve":[0,0.94,0.75,1]},{"time":0.7,"x":0,"y":57.11,"curve":[0.23,0.08,0.642,0.63]},{"time":0.8333,"x":0,"y":-15.38,"curve":[0.383,0.57,0.737,1]},{"time":0.9,"x":0,"y":-11.93,"curve":[0,0.85,0.75,1]},{"time":0.9666,"x":0,"y":-15.38}]},"cloud_1":{"translate":[{"time":0,"x":282.42,"y":20.73,"curve":"stepped"},{"time":0.2,"x":-8.78,"y":-14.33},{"time":0.2666,"x":-8.78,"y":-15.34,"curve":"stepped"},{"time":0.5,"x":-8.78,"y":-18.13},{"time":0.5666,"x":-8.78,"y":-20.24},{"time":0.7333,"x":-8.78,"y":-17.09,"curve":"stepped"},{"time":0.8333,"x":282.42,"y":20.73}],"scale":[{"time":0,"x":1.12,"y":0.95,"curve":"stepped"},{"time":0.5666,"x":1.12,"y":0.95}]},"cloud_base_2":{"rotate":[{"time":0,"angle":-1.23,"curve":"stepped"},{"time":0.8333,"angle":-1.23}],"translate":[{"time":0,"x":-29.57,"y":-3.94,"curve":"stepped"},{"time":0.2,"x":-5.51,"y":-10.95},{"time":0.2666,"x":-5.51,"y":-11.96,"curve":"stepped"},{"time":0.5,"x":-5.51,"y":-14.75},{"time":0.6333,"x":-5.51,"y":-11.2},{"time":0.7333,"x":-5.51,"y":-13.49,"curve":"stepped"},{"time":0.8,"x":-5.51,"y":-13.49,"curve":[0,0.63,0.75,1]},{"time":0.8666,"x":-28.5,"y":-4.05},{"time":0.9,"x":-28.5,"y":-1.61},{"time":0.9666,"x":-29.57,"y":-3.94}],"scale":[{"time":0,"x":0.98,"y":0.85,"curve":"stepped"},{"time":0.5,"x":1.12,"y":1},{"time":0.5666,"x":1.12,"y":0.95,"curve":"stepped"},{"time":0.8,"x":1.12,"y":0.95},{"time":0.8666,"x":0.98,"y":0.85}]},"cloud_2":{"translate":[{"time":0,"x":155.51,"y":-46.62,"curve":"stepped"},{"time":0.2,"x":5.4,"y":-8.93},{"time":0.2666,"x":5.4,"y":-9.94,"curve":"stepped"},{"time":0.5,"x":5.4,"y":-12.73},{"time":0.5666,"x":5.4,"y":-15.52},{"time":0.7333,"x":5.4,"y":-13,"curve":"stepped"},{"time":0.8333,"x":155.51,"y":-46.62}],"scale":[{"time":0,"x":1.12,"y":0.95,"curve":"stepped"},{"time":0.5666,"x":1.12,"y":0.95}]},"cloud_base_1":{"translate":[{"time":0,"x":-11.4,"y":-12.13,"curve":"stepped"},{"time":0.2,"x":-1.55,"y":-10.95},{"time":0.2666,"x":-1.55,"y":-11.96,"curve":"stepped"},{"time":0.5,"x":-1.55,"y":-14.75},{"time":0.6333,"x":-1.55,"y":-11.2},{"time":0.7333,"x":-1.55,"y":-13.49,"curve":"stepped"},{"time":0.8,"x":-1.55,"y":-13.49,"curve":[0,0.61,0.75,1]},{"time":0.8666,"x":-10.15,"y":-16.18},{"time":0.9,"x":-10.15,"y":-13.74},{"time":0.9666,"x":-11.4,"y":-12.13}],"scale":[{"time":0,"x":1.12,"y":1,"curve":"stepped"},{"time":0.5,"x":1.12,"y":1},{"time":0.5666,"x":1.12,"y":0.95,"curve":"stepped"},{"time":0.8,"x":1.12,"y":0.95},{"time":0.8666,"x":1.12,"y":1}]},"cloud_side":{"rotate":[{"time":0,"angle":2.86,"curve":"stepped"},{"time":0.8333,"angle":2.86}],"translate":[{"time":0,"x":15.29,"y":-18.77,"curve":"stepped"},{"time":0.2,"x":7.24,"y":-7.5},{"time":0.2666,"x":7.24,"y":-8.51,"curve":"stepped"},{"time":0.5,"x":7.24,"y":-11.3},{"time":0.7333,"x":7.24,"y":-5.78,"curve":"stepped"},{"time":0.8,"x":7.24,"y":-5.78,"curve":[0,0.59,0.5,0.87]},{"time":0.8666,"x":16.54,"y":-20.85},{"time":0.9,"x":16.54,"y":-18.41},{"time":0.9666,"x":15.29,"y":-18.77}],"scale":[{"time":0,"x":0.99,"y":0.853,"curve":"stepped"},{"time":0.5,"x":0.99,"y":0.94},{"time":0.5666,"x":0.99,"y":0.9,"curve":"stepped"},{"time":0.8,"x":0.99,"y":0.9},{"time":0.8666,"x":0.99,"y":0.853}]},"cloud_back":{"translate":[{"time":0,"x":-13.12,"y":-13.09,"curve":"stepped"},{"time":0.2,"x":1.37,"y":-9.23},{"time":0.2666,"x":1.37,"y":-9.9,"curve":"stepped"},{"time":0.5,"x":1.37,"y":-12.69},{"time":0.7333,"x":1.37,"y":-10.95,"curve":"stepped"},{"time":0.8,"x":1.37,"y":-6.85,"curve":[0.25,0,0.75,1]},{"time":0.8666,"x":-13.12,"y":-14.34},{"time":0.9666,"x":-13.12,"y":-13.09}],"scale":[{"time":0,"x":1.12,"y":0.995,"curve":"stepped"},{"time":0.5,"x":1.12,"y":1,"curve":"stepped"},{"time":0.8,"x":1.075,"y":0.995},{"time":0.8666,"x":1.12,"y":0.995}]},"fire":{"rotate":[{"time":0,"angle":-0.64,"curve":"stepped"},{"time":0.2,"angle":13.49,"curve":"stepped"},{"time":0.2666,"angle":39.28,"curve":"stepped"},{"time":0.5,"angle":-7.4,"curve":"stepped"},{"time":0.5666,"angle":9.45,"curve":"stepped"},{"time":0.6333,"angle":-17.86,"curve":"stepped"},{"time":0.7333,"angle":-59.51,"curve":"stepped"},{"time":0.8333,"angle":-32.05},{"time":0.9,"angle":-4.53,"curve":"stepped"},{"time":0.9666,"angle":-0.64}],"translate":[{"time":0,"x":41.72,"y":-14.23,"curve":"stepped"},{"time":0.2,"x":-10.43,"y":-1.26,"curve":"stepped"},{"time":0.2666,"x":-15.29,"y":-4.41,"curve":"stepped"},{"time":0.5,"x":34.76,"y":-11.29,"curve":"stepped"},{"time":0.5333,"x":35.45,"y":24.69,"curve":"stepped"},{"time":0.5666,"x":43.51,"y":23.19,"curve":"stepped"},{"time":0.6,"x":43.41,"y":28.07,"curve":"stepped"},{"time":0.6333,"x":40.42,"y":43.09},{"time":0.7,"x":41.24,"y":45.1,"curve":"stepped"},{"time":0.7333,"x":41.95,"y":60.26},{"time":0.8,"x":41.55,"y":22.07,"curve":"stepped"},{"time":0.8333,"x":46.17,"y":-12.97,"curve":"stepped"},{"time":0.8666,"x":45.48,"y":-9.81,"curve":"stepped"},{"time":0.9,"x":42.72,"y":-13.75,"curve":"stepped"},{"time":0.9333,"x":42.38,"y":-15.92,"curve":"stepped"},{"time":0.9666,"x":41.72,"y":-14.23}],"scale":[{"time":0,"x":1.09,"y":1,"curve":"stepped"},{"time":0.2,"x":1.01,"y":0.74,"curve":"stepped"},{"time":0.5,"x":1.09,"y":0.96,"curve":"stepped"},{"time":0.5666,"x":1.15,"y":1.14,"curve":"stepped"},{"time":0.6333,"x":1.18,"y":1.23,"curve":"stepped"},{"time":0.7333,"x":1.53,"y":1.24,"curve":"stepped"},{"time":0.8333,"x":1.09,"y":1}]},"cloud2_skill":{"rotate":[{"time":0.8333,"angle":0},{"time":0.9666,"angle":-25.39}],"translate":[{"time":0.8333,"x":-648.67,"y":-76.16},{"time":0.9666,"x":-675.7,"y":-59.92}],"scale":[{"time":0.8333,"x":1,"y":0.87},{"time":0.9666,"x":1.328,"y":1.155}]},"cloud1_skill":{"rotate":[{"time":0.8333,"angle":15.52},{"time":0.9666,"angle":33.72}],"translate":[{"time":0.8333,"x":-609.35,"y":-74.87},{"time":0.9666,"x":-575.33,"y":-57.23}],"scale":[{"time":0.8333,"x":0.87,"y":0.87},{"time":0.9666,"x":1.171,"y":1.171}]}},"events":[{"time":0,"name":"Event","string":"addOrbitSystem_meteors"},{"time":0.5333,"name":"voice","string":"cri_073_voice_skill_b"},{"time":0.8333,"name":"sound_1","string":"cri_se_battle_magic_Invocation_dark"},{"time":0.8333,"name":"sound_2","string":"cri_se_battle_029_explosion_01"},{"time":0.8333,"name":"sound_3","string":"cri_se_battle_spark_rise"},{"time":1,"name":"sound_3","string":"cri_se_battle_explosion_short"},{"time":1.1333,"name":"sound_3","string":"cri_se_battle_explosion_short"},{"time":1.2666,"name":"sound_3","string":"cri_se_battle_explosion_short"}]},"skill2":{"slots":{"MAIN":{"attachment":[{"time":0,"name":"skill1_00"},{"time":0.2,"name":"skill1_01"},{"time":0.2666,"name":"skill1_02"},{"time":0.5,"name":"skill1_03"},{"time":0.5666,"name":"skill1_04"},{"time":0.6333,"name":"skill1_05"},{"time":0.7333,"name":"skill1_06"},{"time":0.8333,"name":"skill1_07"},{"time":0.9,"name":"skill1_08"},{"time":0.9666,"name":"skill1_09"},{"time":1.0666,"name":"idle_00"},{"time":1.1333,"name":"skill1_01"},{"time":1.2,"name":"skill1_02"},{"time":1.3333,"name":"skill1_03"},{"time":1.4,"name":"skill1_04"},{"time":1.4666,"name":"skill1_05"},{"time":1.5666,"name":"skill1_06"},{"time":1.6666,"name":"skill1_07"},{"time":1.7333,"name":"skill1_08"},{"time":1.8,"name":"skill1_09"},{"time":1.9,"name":"idle_00"},{"time":1.9666,"name":"skill1_01"},{"time":2.0333,"name":"skill1_02"},{"time":2.1666,"name":"skill1_03"},{"time":2.2,"name":"skill1_04"},{"time":2.3,"name":"skill1_05"},{"time":2.4,"name":"skill1_06"},{"time":2.8666,"name":"skill1_04"},{"time":2.9333,"name":"skill1_07"},{"time":3,"name":"skill1_08"},{"time":3.0666,"name":"skill1_09"}]},"cloud1_skill":{"attachment":[{"time":0.8333,"name":"cloud1_skill"},{"time":1.6666,"name":"cloud1_skill"},{"time":2.8666,"name":"cloud1_skill"}],"color":[{"time":0.8333,"color":"ffffffff"},{"time":0.9666,"color":"ffffff00","curve":"stepped"},{"time":1.6666,"color":"ffffffff"},{"time":1.8,"color":"ffffff00","curve":"stepped"},{"time":2.8666,"color":"ffffffff"},{"time":3,"color":"ffffff00"}]},"cloud2_skill":{"attachment":[{"time":0.8333,"name":"cloud2_skill"},{"time":1.6666,"name":"cloud2_skill"},{"time":2.8666,"name":"cloud2_skill"}],"color":[{"time":0.8333,"color":"ffffffff"},{"time":0.9666,"color":"ffffff00","curve":"stepped"},{"time":1.6666,"color":"ffffffff"},{"time":1.8,"color":"ffffff00","curve":"stepped"},{"time":2.8666,"color":"ffffffff"},{"time":3,"color":"ffffff00"}]},"cloud_1":{"attachment":[{"time":0.8333,"name":null}]},"cloud_2":{"attachment":[{"time":0.8333,"name":null}]},"fire":{"attachment":[{"time":0,"name":"fire1"},{"time":0.2666,"name":"fire1"},{"time":0.5333,"name":"fire1"},{"time":0.8,"name":"fire1"},{"time":1.0666,"name":null},{"time":1.1333,"name":"fire1"},{"time":1.3333,"name":"fire1"},{"time":1.6,"name":"fire1"},{"time":1.8666,"name":"fire1"},{"time":1.9,"name":null},{"time":1.9666,"name":"fire1"},{"time":2.1333,"name":"fire1"},{"time":2.4,"name":"fire1"},{"time":2.6666,"name":"fire1"},{"time":2.9333,"name":"fire1"},{"time":3.2,"name":"fire1"},{"time":3.4666,"name":"fire1"},{"time":3.7333,"name":"fire1"},{"time":4,"name":"fire1"},{"time":4.2666,"name":"fire1"},{"time":4.5333,"name":"fire1"},{"time":4.8,"name":"fire1"},{"time":5.0666,"name":"fire1"},{"time":5.3333,"name":"fire1"},{"time":5.6,"name":"fire1"},{"time":5.8666,"name":"fire1"}]}},"bones":{"MAIN-origin":{"rotate":[{"time":2.2,"angle":0,"curve":[0.245,0,0.678,1]},{"time":2.3666,"angle":-66.99,"curve":[0.428,0,0.742,1]},{"time":2.8333,"angle":-81.22},{"time":2.8666,"angle":5.42}],"translate":[{"time":0.5,"x":0,"y":0,"curve":[0,0.94,0.75,1]},{"time":0.7,"x":0,"y":57.11,"curve":[0.23,0.08,0.642,0.63]},{"time":0.8333,"x":0,"y":-15.38,"curve":[0.383,0.57,0.737,1]},{"time":0.9,"x":0,"y":-11.93,"curve":[0,0.85,0.75,1]},{"time":0.9666,"x":0,"y":-15.38,"curve":"stepped"},{"time":1.3333,"x":0,"y":0,"curve":[0,0.94,0.75,1]},{"time":1.5333,"x":0,"y":102.52,"curve":[0.23,0.08,0.642,0.63]},{"time":1.6666,"x":0,"y":-15.38,"curve":[0.383,0.57,0.737,1]},{"time":1.7333,"x":0,"y":-11.93,"curve":[0,0.85,0.75,1]},{"time":1.8,"x":0,"y":-15.38,"curve":"stepped"},{"time":2.1666,"x":0,"y":0,"curve":[0.139,0.43,0.459,0.99]},{"time":2.3666,"x":0,"y":146.08},{"time":2.8333,"x":-8.42,"y":187.33},{"time":2.8666,"x":16.88,"y":-6.71},{"time":2.9333,"x":6.53,"y":18.58},{"time":2.9666,"x":16.88,"y":-6.71}]},"cloud_1":{"translate":[{"time":0,"x":-8.78,"y":-11.31,"curve":"stepped"},{"time":0.2,"x":-8.78,"y":-14.33},{"time":0.2666,"x":-8.78,"y":-15.34,"curve":"stepped"},{"time":0.5,"x":-8.78,"y":-18.13},{"time":0.5666,"x":-8.78,"y":-20.24},{"time":0.7333,"x":-8.78,"y":-17.09,"curve":"stepped"},{"time":0.8333,"x":282.42,"y":20.73}],"scale":[{"time":0,"x":1.12,"y":1,"curve":"stepped"},{"time":0.5666,"x":1.12,"y":0.95}]},"cloud_base_2":{"rotate":[{"time":0.8333,"angle":-1.23}],"translate":[{"time":0,"x":-5.51,"y":-7.93,"curve":"stepped"},{"time":0.2,"x":-5.51,"y":-10.95},{"time":0.2666,"x":-5.51,"y":-11.96,"curve":"stepped"},{"time":0.5,"x":-5.51,"y":-14.75},{"time":0.6333,"x":-5.51,"y":-11.2},{"time":0.7333,"x":-5.51,"y":-13.49,"curve":"stepped"},{"time":0.8,"x":-5.51,"y":-13.49,"curve":[0,0.63,0.75,1]},{"time":0.8666,"x":-28.5,"y":-4.05},{"time":0.9,"x":-28.5,"y":-1.61},{"time":0.9666,"x":-29.57,"y":-3.94,"curve":"stepped"},{"time":1.3666,"x":-29.57,"y":-3.94},{"time":1.6333,"x":-23.56,"y":-6.33},{"time":1.7,"x":-28.5,"y":-4.05},{"time":1.7333,"x":-28.5,"y":-1.61},{"time":1.8,"x":-29.57,"y":-3.94,"curve":"stepped"},{"time":2.2333,"x":-29.57,"y":-3.94},{"time":2.8333,"x":-21.55,"y":-7.12},{"time":2.9,"x":-28.5,"y":-4.05},{"time":2.9333,"x":-28.5,"y":-1.61},{"time":3,"x":-29.57,"y":-3.94}],"scale":[{"time":0,"x":1.12,"y":1,"curve":"stepped"},{"time":0.5,"x":1.12,"y":1},{"time":0.5666,"x":1.12,"y":0.95,"curve":"stepped"},{"time":0.8,"x":1.12,"y":0.95},{"time":0.8666,"x":0.98,"y":0.85,"curve":"stepped"},{"time":1.3666,"x":1.12,"y":1},{"time":1.4333,"x":1.12,"y":0.95,"curve":"stepped"},{"time":1.6333,"x":1.12,"y":0.95},{"time":1.7,"x":0.98,"y":0.85,"curve":"stepped"},{"time":2.2333,"x":1.12,"y":1},{"time":2.3,"x":1.12,"y":0.95,"curve":"stepped"},{"time":2.8333,"x":1.12,"y":0.95},{"time":2.9,"x":0.98,"y":0.85}]},"cloud_2":{"translate":[{"time":0,"x":5.4,"y":-5.9,"curve":"stepped"},{"time":0.2,"x":5.4,"y":-8.93},{"time":0.2666,"x":5.4,"y":-9.94,"curve":"stepped"},{"time":0.5,"x":5.4,"y":-12.73},{"time":0.5666,"x":5.4,"y":-15.52},{"time":0.7333,"x":5.4,"y":-13,"curve":"stepped"},{"time":0.8333,"x":155.51,"y":-46.62}],"scale":[{"time":0,"x":1.12,"y":1,"curve":"stepped"},{"time":0.5666,"x":1.12,"y":0.95}]},"cloud_base_1":{"translate":[{"time":0,"x":-1.55,"y":-7.93,"curve":"stepped"},{"time":0.2,"x":-1.55,"y":-10.95},{"time":0.2666,"x":-1.55,"y":-11.96,"curve":"stepped"},{"time":0.5,"x":-1.55,"y":-14.75},{"time":0.7333,"x":-1.55,"y":-13.49,"curve":"stepped"},{"time":0.8,"x":-1.55,"y":-13.49,"curve":[0,0.61,0.75,1]},{"time":0.8666,"x":-10.15,"y":-16.18},{"time":0.9,"x":-10.15,"y":-13.74},{"time":0.9666,"x":-11.4,"y":-12.13,"curve":"stepped"},{"time":1.3666,"x":-11.4,"y":-12.13},{"time":1.6333,"x":-8.94,"y":-12.47},{"time":1.7,"x":-10.15,"y":-16.18},{"time":1.7333,"x":-10.15,"y":-13.74},{"time":1.8,"x":-11.4,"y":-12.13,"curve":"stepped"},{"time":2.2333,"x":-11.4,"y":-12.13},{"time":2.8333,"x":-9.43,"y":-12.4},{"time":2.9,"x":-10.15,"y":-16.18},{"time":2.9333,"x":-10.15,"y":-13.74},{"time":3,"x":-11.4,"y":-12.13}],"scale":[{"time":0,"x":1.12,"y":1,"curve":"stepped"},{"time":0.5,"x":1.12,"y":1},{"time":0.5666,"x":1.12,"y":0.95,"curve":"stepped"},{"time":0.8,"x":1.12,"y":0.95},{"time":0.8666,"x":1.12,"y":1,"curve":"stepped"},{"time":1.3666,"x":1.12,"y":1},{"time":1.4333,"x":1.12,"y":0.95,"curve":"stepped"},{"time":1.6333,"x":1.12,"y":0.95},{"time":1.7,"x":1.12,"y":1,"curve":"stepped"},{"time":2.2333,"x":1.12,"y":1},{"time":2.3,"x":1.12,"y":0.95,"curve":"stepped"},{"time":2.8333,"x":1.12,"y":0.95},{"time":2.9,"x":1.12,"y":1}]},"cloud_side":{"rotate":[{"time":0.8333,"angle":2.86}],"translate":[{"time":0,"x":7.24,"y":-4.48,"curve":"stepped"},{"time":0.2,"x":7.24,"y":-7.5},{"time":0.2666,"x":7.24,"y":-8.51,"curve":"stepped"},{"time":0.5,"x":7.24,"y":-11.3},{"time":0.7333,"x":7.24,"y":-5.78,"curve":"stepped"},{"time":0.8,"x":7.24,"y":-5.78,"curve":[0,0.59,0.5,0.87]},{"time":0.8666,"x":16.54,"y":-20.85},{"time":0.9,"x":16.54,"y":-18.41},{"time":0.9666,"x":15.29,"y":-18.77,"curve":"stepped"},{"time":1.3666,"x":15.29,"y":-18.77},{"time":1.6333,"x":13.28,"y":-15.52},{"time":1.7,"x":16.54,"y":-20.85},{"time":1.7333,"x":16.54,"y":-18.41},{"time":1.8,"x":15.29,"y":-18.77,"curve":"stepped"},{"time":2.2333,"x":15.29,"y":-18.77},{"time":2.8333,"x":12.61,"y":-14.44},{"time":2.9,"x":16.54,"y":-20.85},{"time":2.9333,"x":16.54,"y":-18.41},{"time":3,"x":15.29,"y":-18.77}],"scale":[{"time":0,"x":0.99,"y":0.94,"curve":"stepped"},{"time":0.5,"x":0.99,"y":0.94},{"time":0.5666,"x":0.99,"y":0.9,"curve":"stepped"},{"time":0.8,"x":0.99,"y":0.9},{"time":0.8666,"x":0.99,"y":0.853,"curve":"stepped"},{"time":1.3666,"x":0.99,"y":0.94},{"time":1.4333,"x":0.99,"y":0.9,"curve":"stepped"},{"time":1.6333,"x":0.99,"y":0.9},{"time":1.7,"x":0.99,"y":0.853,"curve":"stepped"},{"time":2.2333,"x":0.99,"y":0.94},{"time":2.3,"x":0.99,"y":0.9,"curve":"stepped"},{"time":2.8333,"x":0.99,"y":0.9},{"time":2.9,"x":0.99,"y":0.853}]},"cloud_back":{"translate":[{"time":0,"x":1.37,"y":-6.2,"curve":"stepped"},{"time":0.2,"x":1.37,"y":-9.23},{"time":0.2666,"x":1.37,"y":-9.9,"curve":"stepped"},{"time":0.5,"x":1.37,"y":-12.69},{"time":0.7333,"x":1.37,"y":-10.95,"curve":"stepped"},{"time":0.8,"x":1.37,"y":-6.85,"curve":[0.25,0,0.75,1]},{"time":0.8666,"x":-13.12,"y":-14.34},{"time":0.9666,"x":-13.12,"y":-13.09,"curve":"stepped"},{"time":1.3666,"x":-13.12,"y":-13.09},{"time":1.6333,"x":-9.49,"y":-11.53},{"time":1.7,"x":-13.12,"y":-14.34},{"time":1.8,"x":-13.12,"y":-13.09,"curve":"stepped"},{"time":2.2333,"x":-13.12,"y":-13.09},{"time":2.8333,"x":-9.49,"y":-11.53},{"time":2.9,"x":-13.12,"y":-14.34},{"time":3,"x":-13.12,"y":-13.09}],"scale":[{"time":0,"x":1.12,"y":1,"curve":"stepped"},{"time":0.5,"x":1.12,"y":1,"curve":"stepped"},{"time":0.8,"x":1.075,"y":0.995},{"time":0.8666,"x":1.12,"y":0.995,"curve":"stepped"},{"time":1.3666,"x":1.12,"y":1,"curve":"stepped"},{"time":1.6333,"x":1.075,"y":0.995},{"time":1.7,"x":1.12,"y":0.995,"curve":"stepped"},{"time":2.2333,"x":1.12,"y":1,"curve":"stepped"},{"time":2.8333,"x":1.075,"y":0.995},{"time":2.9,"x":1.12,"y":0.995}]},"fire":{"rotate":[{"time":0,"angle":23.71,"curve":"stepped"},{"time":0.2,"angle":13.49,"curve":"stepped"},{"time":0.2666,"angle":39.28,"curve":"stepped"},{"time":0.5,"angle":-7.4,"curve":"stepped"},{"time":0.5666,"angle":9.45,"curve":"stepped"},{"time":0.6333,"angle":-17.86,"curve":"stepped"},{"time":0.7333,"angle":-59.51,"curve":"stepped"},{"time":0.8333,"angle":-32.05},{"time":0.9,"angle":-4.53,"curve":"stepped"},{"time":0.9666,"angle":-12.31,"curve":"stepped"},{"time":1.1333,"angle":13.49,"curve":"stepped"},{"time":1.2,"angle":39.28,"curve":"stepped"},{"time":1.3333,"angle":-7.4,"curve":"stepped"},{"time":1.4,"angle":9.45,"curve":"stepped"},{"time":1.4666,"angle":-17.86,"curve":"stepped"},{"time":1.5666,"angle":-59.51,"curve":"stepped"},{"time":1.6666,"angle":-32.05},{"time":1.7333,"angle":-4.53,"curve":"stepped"},{"time":1.8,"angle":-12.31,"curve":"stepped"},{"time":1.9666,"angle":13.49,"curve":"stepped"},{"time":2.0333,"angle":39.28,"curve":"stepped"},{"time":2.1666,"angle":-7.4,"curve":"stepped"},{"time":2.2,"angle":-7.4,"curve":"stepped"},{"time":2.2666,"angle":-7.4,"curve":[0.268,0,0.618,0.41]},{"time":2.3666,"angle":-105.57,"curve":[0.319,0.29,0.666,0.66]},{"time":2.4666,"angle":-125.79},{"time":2.8333,"angle":-148.23},{"time":2.8666,"angle":-30.1},{"time":3,"angle":9.83}],"translate":[{"time":0,"x":-23.11,"y":-5.4,"curve":"stepped"},{"time":0.2,"x":-10.43,"y":-1.26,"curve":"stepped"},{"time":0.2666,"x":-15.29,"y":-4.41,"curve":"stepped"},{"time":0.5,"x":36.72,"y":-13.94,"curve":"stepped"},{"time":0.5333,"x":36.51,"y":21.92,"curve":"stepped"},{"time":0.5666,"x":44.68,"y":20.89,"curve":"stepped"},{"time":0.6,"x":44.68,"y":26.21,"curve":"stepped"},{"time":0.6333,"x":42.09,"y":42.12},{"time":0.7,"x":42.22,"y":44.07,"curve":"stepped"},{"time":0.7333,"x":40.5,"y":62.29},{"time":0.8,"x":40.69,"y":22.21,"curve":"stepped"},{"time":0.8333,"x":46.17,"y":-12.97,"curve":"stepped"},{"time":0.8666,"x":49.89,"y":-7.66,"curve":"stepped"},{"time":0.9,"x":42.72,"y":-13.75,"curve":"stepped"},{"time":0.9333,"x":42.58,"y":-16.52,"curve":"stepped"},{"time":0.9666,"x":42.51,"y":-15.55,"curve":"stepped"},{"time":1.0666,"x":-0.79,"y":-14.87,"curve":"stepped"},{"time":1.1333,"x":-10.6,"y":-15.93,"curve":"stepped"},{"time":1.2,"x":-15.97,"y":-19.37,"curve":"stepped"},{"time":1.3333,"x":36.72,"y":-13.94,"curve":"stepped"},{"time":1.3666,"x":36.51,"y":51.14,"curve":"stepped"},{"time":1.4,"x":44.68,"y":57.65,"curve":"stepped"},{"time":1.4333,"x":44.68,"y":68.16,"curve":"stepped"},{"time":1.4666,"x":42.09,"y":85.86},{"time":1.5333,"x":42.22,"y":89.78,"curve":"stepped"},{"time":1.5666,"x":41.98,"y":97.46},{"time":1.6,"x":41.89,"y":67.02},{"time":1.6333,"x":40.99,"y":33.55,"curve":"stepped"},{"time":1.6666,"x":46.17,"y":-12.97,"curve":"stepped"},{"time":1.7,"x":49.89,"y":-7.66,"curve":"stepped"},{"time":1.7333,"x":42.72,"y":-13.75,"curve":"stepped"},{"time":1.7666,"x":42.58,"y":-16.52,"curve":"stepped"},{"time":1.8,"x":42.51,"y":-15.55,"curve":"stepped"},{"time":1.9333,"x":0.32,"y":-15.88,"curve":"stepped"},{"time":1.9666,"x":-9.05,"y":-16.87,"curve":"stepped"},{"time":2.0333,"x":-15.8,"y":-19.63,"curve":"stepped"},{"time":2.1666,"x":36.72,"y":-13.94,"curve":"stepped"},{"time":2.2,"x":45.39,"y":32.49},{"time":2.2666,"x":50.98,"y":74.87},{"time":2.3,"x":59.29,"y":87.38,"curve":"stepped"},{"time":2.3333,"x":57.55,"y":81.14},{"time":2.3666,"x":53.87,"y":78.23},{"time":2.4,"x":84.66,"y":93.19},{"time":2.4666,"x":80.65,"y":97.42},{"time":2.8333,"x":70.67,"y":113.56},{"time":2.8666,"x":59.5,"y":-30.86,"curve":"stepped"},{"time":2.9,"x":53.38,"y":-16.51,"curve":"stepped"},{"time":2.9333,"x":49.59,"y":25.77,"curve":"stepped"},{"time":2.9666,"x":60.28,"y":0.6,"curve":"stepped"},{"time":3,"x":54.79,"y":-5.17,"curve":"stepped"},{"time":3.0666,"x":53.76,"y":-1.66}],"scale":[{"time":0,"x":0.84,"y":0.61,"curve":"stepped"},{"time":0.2,"x":1.01,"y":0.74,"curve":"stepped"},{"time":0.5,"x":1.09,"y":0.96,"curve":"stepped"},{"time":0.5666,"x":1.15,"y":1.14,"curve":"stepped"},{"time":0.6333,"x":1.18,"y":1.23,"curve":"stepped"},{"time":0.7333,"x":1.53,"y":1.24,"curve":"stepped"},{"time":0.8333,"x":1.09,"y":1,"curve":"stepped"},{"time":1.1333,"x":1.01,"y":0.74,"curve":"stepped"},{"time":1.3333,"x":1.09,"y":0.96,"curve":"stepped"},{"time":1.4,"x":1.15,"y":1.14,"curve":"stepped"},{"time":1.4666,"x":1.18,"y":1.23,"curve":"stepped"},{"time":1.5666,"x":1.53,"y":1.24,"curve":"stepped"},{"time":1.6666,"x":1.09,"y":1,"curve":"stepped"},{"time":1.9666,"x":1.01,"y":0.74,"curve":"stepped"},{"time":2.1666,"x":1.09,"y":0.96,"curve":"stepped"},{"time":2.2666,"x":1.15,"y":1.14,"curve":"stepped"},{"time":2.3333,"x":1.18,"y":1.23,"curve":"stepped"},{"time":2.4333,"x":1.18,"y":1.23,"curve":"stepped"},{"time":2.5333,"x":1.18,"y":1.23}]},"cloud2_skill":{"rotate":[{"time":0.8333,"angle":0},{"time":0.9666,"angle":-25.39,"curve":"stepped"},{"time":1.6666,"angle":0},{"time":1.8,"angle":-25.39}],"translate":[{"time":0.8333,"x":-648.67,"y":-76.16},{"time":0.9666,"x":-675.7,"y":-59.92,"curve":"stepped"},{"time":1.6666,"x":-648.67,"y":-76.16},{"time":1.8,"x":-675.7,"y":-59.92,"curve":"stepped"},{"time":2.8666,"x":-648.67,"y":-76.16},{"time":3,"x":-675.7,"y":-59.92}],"scale":[{"time":0.8333,"x":1.174,"y":1.022},{"time":0.9666,"x":1.503,"y":1.308,"curve":"stepped"},{"time":1.6666,"x":1.174,"y":1.022},{"time":1.8,"x":1.503,"y":1.308,"curve":"stepped"},{"time":2.8666,"x":1.174,"y":1.022},{"time":3,"x":1.503,"y":1.308}]},"cloud1_skill":{"rotate":[{"time":0.8333,"angle":15.52},{"time":0.9666,"angle":33.72,"curve":"stepped"},{"time":1.6666,"angle":15.52},{"time":1.8,"angle":33.72,"curve":"stepped"},{"time":2.8666,"angle":15.52},{"time":3,"angle":33.72}],"translate":[{"time":0.8333,"x":-609.35,"y":-74.87},{"time":0.9666,"x":-575.33,"y":-57.23,"curve":"stepped"},{"time":1.6666,"x":-609.35,"y":-74.87},{"time":1.8,"x":-575.33,"y":-57.23,"curve":"stepped"},{"time":2.8666,"x":-609.35,"y":-74.87},{"time":3,"x":-575.33,"y":-57.23}],"scale":[{"time":0.8333,"x":1.035,"y":1.035},{"time":0.9666,"x":1.339,"y":1.339,"curve":"stepped"},{"time":1.6666,"x":1.035,"y":1.035},{"time":1.8,"x":1.339,"y":1.339,"curve":"stepped"},{"time":2.8666,"x":1.035,"y":1.035},{"time":3,"x":1.339,"y":1.339}]}},"events":[{"time":0,"name":"Event","string":"addOrbitSystem_bigmeteor"},{"time":0.8333,"name":"sound_1","string":"cri_se_battle_magic_Invocation_dark"},{"time":0.8333,"name":"sound_2","string":"cri_se_battle_explosion_short"},{"time":1.6666,"name":"sound_1","string":"cri_se_battle_magic_Invocation_dark"},{"time":1.6666,"name":"sound_2","string":"cri_se_battle_explosion_short"},{"time":2.2,"name":"voice","string":"cri_073_voice_fullarts_now"},{"time":2.3666,"name":"sound_1","string":"cri_se_battle_033_explosion_element_01"},{"time":2.8666,"name":"sound_1","string":"cri_se_battle_033_explosion_element_01"},{"time":2.8666,"name":"sound_2","string":"cri_se_battle_magic_Invocation_dark"},{"time":2.8666,"name":"sound_3","string":"cri_se_battle_032_explosion_04"},{"time":4.0666,"name":"Event","string":"addOrbitSystemCamera_wind"},{"time":4.1,"name":"sound_1","string":"cri_se_battle_031_explosion_03"},{"time":4.1,"name":"sound_2","string":"cri_se_battle_spark_rise"}]}}}