{"skeleton":{"hash":"eLbjs7n7TBw7d6JkDvI43YlIJLU","spine":"3.0.12","width":458,"height":799,"images":"./images/"},"bones":[{"name":"root"},{"name":"MAIN","parent":"root"}],"slots":[{"name":"005","bone":"MAIN","attachment":"005"},{"name":"face_100","bone":"MAIN","attachment":"face_100"},{"name":"004","bone":"MAIN","attachment":"004"},{"name":"003","bone":"MAIN","attachment":"003"},{"name":"002","bone":"MAIN","attachment":"002"},{"name":"001","bone":"MAIN","attachment":"001"}],"skins":{"default":{"001":{"001":{"x":4.5,"y":751.5,"width":107,"height":95}},"002":{"002":{"x":176.5,"y":684.5,"width":195,"height":217}},"003":{"003":{"x":-142,"y":669.5,"width":22,"height":187}},"004":{"004":{"x":-68,"y":659.5,"width":38,"height":167}},"005":{"005":{"x":13.5,"y":288,"width":395,"height":576}},"face_100":{"face_100":{"x":15,"y":640,"width":128,"height":128},"face_110":{"x":15,"y":640,"width":128,"height":128}}}},"animations":{"100":{"slots":{"001":{"attachment":[{"time":0,"name":"001"}]},"002":{"attachment":[{"time":0,"name":"002"}]},"003":{"attachment":[{"time":0,"name":"003"}]},"004":{"attachment":[{"time":0,"name":"004"}]},"005":{"attachment":[{"time":0,"name":"005"}]},"face_100":{"attachment":[{"time":0,"name":"face_100"}]}}},"110":{"slots":{"001":{"attachment":[{"time":0,"name":"001"}]},"002":{"attachment":[{"time":0,"name":"002"}]},"003":{"attachment":[{"time":0,"name":"003"}]},"004":{"attachment":[{"time":0,"name":"004"}]},"005":{"attachment":[{"time":0,"name":"005"}]},"face_100":{"attachment":[{"time":0,"name":"face_110"}]}}}}}