{"skeleton":{"hash":"DWXGeQjLyOxNw1B2CF6C9fsWMYU","spine":"3.0.12","width":1024,"height":1024},"bones":[{"name":"root"},{"name":"MAIN","parent":"root","y":70.59},{"name":"HITBOX","parent":"MAIN","y":-9.87,"scaleX":0.48,"scaleY":0.956},{"name":"EF","parent":"root"},{"name":"EF_wave1_4","parent":"EF","x":200},{"name":"EF_wave1_3","parent":"EF","x":200},{"name":"EF_wave1_2","parent":"EF","x":200},{"name":"EF_wave1_1","parent":"EF","x":200},{"name":"EF_spotlight1_1","parent":"EF","y":631.16,"scaleX":2.959,"scaleY":2.959},{"name":"EF_slash1_1","parent":"EF","x":200,"y":50},{"name":"EF_skill2_main","parent":"EF"},{"name":"EF_skill1_smoke","parent":"EF","x":250,"y":100,"rotation":45},{"name":"EF_skill1_missile","parent":"EF","x":200,"y":100,"rotation":48.01},{"name":"EF_skill1_light","parent":"EF","x":150,"y":100},{"name":"EF_of_blue1_1","parent":"EF"},{"name":"EF_missile_smoke1_1","parent":"EF","x":150,"y":50},{"name":"EF_dash1_1","parent":"EF","x":150},{"name":"EF_BG","parent":"EF","scaleX":45,"scaleY":45},{"name":"DAMAGEAREA","parent":"root"}],"slots":[{"name":"EF_BG","bone":"EF_BG","color":"0000009a"},{"name":"EF_spotlight1_1","bone":"EF_spotlight1_1","blend":"additive"},{"name":"EF_wave1_1","bone":"EF_wave1_1","blend":"additive"},{"name":"EF_wave1_2","bone":"EF_wave1_2","blend":"additive"},{"name":"EF_wave1_3","bone":"EF_wave1_3","blend":"additive"},{"name":"EF_wave1_4","bone":"EF_wave1_4","blend":"additive"},{"name":"skill3_06-2","bone":"MAIN"},{"name":"MAIN","bone":"MAIN","attachment":"idle_00"},{"name":"EF_skill1_missile","bone":"EF_skill1_missile"},{"name":"EF_missile_smoke1_1","bone":"EF_missile_smoke1_1"},{"name":"EF_skill1_smoke","bone":"EF_skill1_smoke"},{"name":"EF_skill1_light","bone":"EF_skill1_light"},{"name":"DAMAGEAREA","bone":"DAMAGEAREA"},{"name":"EF_skill2_main","bone":"EF_skill2_main"},{"name":"EF_dash1_1","bone":"EF_dash1_1","blend":"additive"},{"name":"EF_slash1_1","bone":"EF_slash1_1","blend":"additive"},{"name":"EF_of_blue1_1","bone":"EF_of_blue1_1","blend":"additive"},{"name":"HITBOX","bone":"HITBOX","attachment":"HITBOX"}],"skins":{"default":{"DAMAGEAREA":{"DAMAGEAREA":{"type":"boundingbox","vertices":[-99.98256,-98.54772,99.19234,-98.54772,99.19234,98.30216,-99.98256,98.30216]}},"EF_BG":{"EF/white-BG":{"width":64,"height":64}},"EF_dash1_1":{"EF/ef_dash_yellow/ef_dash_yellow_00001":{"x":30.2,"y":20.29,"width":200,"height":200},"EF/ef_dash_yellow/ef_dash_yellow_00003":{"x":30.2,"y":20.29,"width":200,"height":200},"EF/ef_dash_yellow/ef_dash_yellow_00005":{"x":30.2,"y":20.29,"width":200,"height":200},"EF/ef_dash_yellow/ef_dash_yellow_00007":{"x":30.2,"y":20.29,"width":200,"height":200},"EF/ef_dash_yellow/ef_dash_yellow_00009":{"x":30.2,"y":20.29,"width":200,"height":200},"EF/ef_dash_yellow/ef_dash_yellow_00011":{"x":30.2,"y":20.29,"width":200,"height":200},"EF/ef_dash_yellow/ef_dash_yellow_00013":{"x":30.2,"y":20.29,"width":200,"height":200}},"EF_missile_smoke1_1":{"EF/ef_PT_main/ef_PT_main_00005":{"x":-70.4,"y":-4.59,"rotation":-2.25,"width":160,"height":160},"EF/ef_PT_main/ef_PT_main_00007":{"x":-70.4,"y":-4.59,"rotation":-2.25,"width":160,"height":160},"EF/ef_PT_main/ef_PT_main_00009":{"x":-70.4,"y":-4.59,"rotation":-2.25,"width":160,"height":160},"EF/ef_PT_main/ef_PT_main_00011":{"x":-70.4,"y":-4.59,"rotation":-2.25,"width":160,"height":160},"EF/ef_PT_main/ef_PT_main_00013":{"x":-70.4,"y":-4.59,"rotation":-2.25,"width":160,"height":160},"EF/ef_PT_main/ef_PT_main_00015":{"x":-70.4,"y":-4.59,"rotation":-2.25,"width":160,"height":160},"EF/ef_PT_main/ef_PT_main_00017":{"x":-70.4,"y":-4.59,"rotation":-2.25,"width":160,"height":160}},"EF_of_blue1_1":{"EF/ef_OF_blue/ef_OF_blue_00001":{"width":120,"height":120}},"EF_skill1_light":{"EF/dot/ef_skill1_light/skill_EF_light_1":{"x":-11.43,"y":9.36,"scaleX":2,"scaleY":2,"width":280,"height":260},"EF/dot/ef_skill1_light/skill_EF_light_2":{"x":-11.43,"y":9.36,"scaleX":2,"scaleY":2,"width":280,"height":260},"EF/dot/ef_skill1_light/skill_EF_light_3":{"x":-11.43,"y":9.36,"scaleX":2,"scaleY":2,"width":280,"height":260},"EF/dot/ef_skill1_light/skill_EF_light_4":{"x":-11.43,"y":9.36,"scaleX":2,"scaleY":2,"width":280,"height":260}},"EF_skill1_missile":{"EF/dot/ef_skill1_missile/skill_EF_missile_1":{"x":139.69,"y":6.88,"scaleX":2,"scaleY":2,"rotation":-48.01,"width":280,"height":260},"EF/dot/ef_skill1_missile/skill_EF_missile_2":{"x":139.69,"y":6.88,"scaleX":2,"scaleY":2,"rotation":-48.01,"width":280,"height":260}},"EF_skill1_smoke":{"EF/dot/ef_skill1_smoke/skill_EF_smoke_1":{"x":1.59,"y":13.82,"scaleX":2,"scaleY":2,"rotation":-45,"width":280,"height":260},"EF/dot/ef_skill1_smoke/skill_EF_smoke_2":{"x":1.59,"y":13.82,"scaleX":2,"scaleY":2,"rotation":-45,"width":280,"height":260},"EF/dot/ef_skill1_smoke/skill_EF_smoke_3":{"x":1.59,"y":13.82,"scaleX":2,"scaleY":2,"rotation":-45,"width":280,"height":260},"EF/dot/ef_skill1_smoke/skill_EF_smoke_4":{"x":1.59,"y":13.82,"scaleX":2,"scaleY":2,"rotation":-45,"width":280,"height":260},"EF/dot/ef_skill1_smoke/skill_EF_smoke_5":{"x":1.59,"y":13.82,"scaleX":2,"scaleY":2,"rotation":-45,"width":280,"height":260}},"EF_skill2_main":{"EF/dot/skill2_07_ef":{"x":-16.2,"y":66.71,"scaleX":2,"scaleY":2,"width":512,"height":512}},"EF_slash1_1":{"EF/ef_slash_A_main/ef_slash_A_main_00001":{"width":200,"height":200},"EF/ef_slash_A_main/ef_slash_A_main_00002":{"width":200,"height":200},"EF/ef_slash_A_main/ef_slash_A_main_00003":{"width":200,"height":200},"EF/ef_slash_A_main/ef_slash_A_main_00004":{"width":200,"height":200},"EF/ef_slash_A_main/ef_slash_A_main_00005":{"width":200,"height":200},"EF/ef_slash_A_main/ef_slash_A_main_00006":{"width":200,"height":200}},"EF_spotlight1_1":{"EF/ef_spot_light_main/ef_spot_light_main_00003":{"y":-115.93,"width":200,"height":250}},"EF_wave1_1":{"EF/ef_graund_wave_yellow/ef_graund_wave_yellow_00002":{"y":10.39,"width":200,"height":120},"EF/ef_graund_wave_yellow/ef_graund_wave_yellow_00004":{"y":10.39,"width":200,"height":120},"EF/ef_graund_wave_yellow/ef_graund_wave_yellow_00006":{"y":10.39,"width":200,"height":120},"EF/ef_graund_wave_yellow/ef_graund_wave_yellow_00008":{"y":10.39,"width":200,"height":120},"EF/ef_graund_wave_yellow/ef_graund_wave_yellow_00010":{"y":10.39,"width":200,"height":120},"EF/ef_graund_wave_yellow/ef_graund_wave_yellow_00012":{"y":10.39,"width":200,"height":120},"EF/ef_graund_wave_yellow/ef_graund_wave_yellow_00014":{"y":10.39,"width":200,"height":120}},"EF_wave1_2":{"EF/ef_graund_wave_yellow/ef_graund_wave_yellow_00002":{"y":10.39,"width":200,"height":120},"EF/ef_graund_wave_yellow/ef_graund_wave_yellow_00004":{"y":10.39,"width":200,"height":120},"EF/ef_graund_wave_yellow/ef_graund_wave_yellow_00006":{"y":10.39,"width":200,"height":120},"EF/ef_graund_wave_yellow/ef_graund_wave_yellow_00008":{"y":10.39,"width":200,"height":120},"EF/ef_graund_wave_yellow/ef_graund_wave_yellow_00010":{"y":10.39,"width":200,"height":120},"EF/ef_graund_wave_yellow/ef_graund_wave_yellow_00012":{"y":10.39,"width":200,"height":120},"EF/ef_graund_wave_yellow/ef_graund_wave_yellow_00014":{"y":10.39,"width":200,"height":120}},"EF_wave1_3":{"EF/ef_graund_wave_yellow/ef_graund_wave_yellow_00002":{"y":10.39,"width":200,"height":120},"EF/ef_graund_wave_yellow/ef_graund_wave_yellow_00004":{"y":10.39,"width":200,"height":120},"EF/ef_graund_wave_yellow/ef_graund_wave_yellow_00006":{"y":10.39,"width":200,"height":120},"EF/ef_graund_wave_yellow/ef_graund_wave_yellow_00008":{"y":10.39,"width":200,"height":120},"EF/ef_graund_wave_yellow/ef_graund_wave_yellow_00010":{"y":10.39,"width":200,"height":120},"EF/ef_graund_wave_yellow/ef_graund_wave_yellow_00012":{"y":10.39,"width":200,"height":120},"EF/ef_graund_wave_yellow/ef_graund_wave_yellow_00014":{"y":10.39,"width":200,"height":120}},"EF_wave1_4":{"EF/ef_graund_wave_yellow/ef_graund_wave_yellow_00002":{"y":10.39,"width":200,"height":120},"EF/ef_graund_wave_yellow/ef_graund_wave_yellow_00004":{"y":10.39,"width":200,"height":120},"EF/ef_graund_wave_yellow/ef_graund_wave_yellow_00006":{"y":10.39,"width":200,"height":120},"EF/ef_graund_wave_yellow/ef_graund_wave_yellow_00008":{"y":10.39,"width":200,"height":120},"EF/ef_graund_wave_yellow/ef_graund_wave_yellow_00010":{"y":10.39,"width":200,"height":120},"EF/ef_graund_wave_yellow/ef_graund_wave_yellow_00012":{"y":10.39,"width":200,"height":120},"EF/ef_graund_wave_yellow/ef_graund_wave_yellow_00014":{"y":10.39,"width":200,"height":120}},"HITBOX":{"HITBOX":{"type":"boundingbox","vertices":[-64.56248,64.47495,-64.22947,-63.72976,63.64222,-63.72976,63.8259,64.39624]}},"MAIN":{"attack1_00":{"x":4.29,"y":-8.8,"scaleX":2,"scaleY":2,"width":512,"height":512},"attack1_01":{"x":4.29,"y":-8.8,"scaleX":2,"scaleY":2,"width":512,"height":512},"attack1_02":{"x":4.29,"y":-8.8,"scaleX":2,"scaleY":2,"width":512,"height":512},"attack1_03":{"x":4.29,"y":-8.8,"scaleX":2,"scaleY":2,"width":512,"height":512},"attack1_04":{"x":4.29,"y":-8.8,"scaleX":2,"scaleY":2,"width":512,"height":512},"attack1_05":{"x":4.29,"y":-8.8,"scaleX":2,"scaleY":2,"width":512,"height":512},"attack1_06":{"x":4.29,"y":-8.8,"scaleX":2,"scaleY":2,"width":512,"height":512},"attack1_07":{"x":4.29,"y":-8.8,"scaleX":2,"scaleY":2,"width":512,"height":512},"attack1_08":{"x":4.29,"y":-8.8,"scaleX":2,"scaleY":2,"width":512,"height":512},"attack1_09":{"x":4.29,"y":-8.8,"scaleX":2,"scaleY":2,"width":512,"height":512},"attack1_10":{"x":4.29,"y":-8.8,"scaleX":2,"scaleY":2,"width":512,"height":512},"back_00":{"x":4.29,"y":-8.8,"scaleX":2,"scaleY":2,"width":512,"height":512},"back_01":{"x":4.29,"y":-8.8,"scaleX":2,"scaleY":2,"width":512,"height":512},"back_02":{"x":4.29,"y":-8.8,"scaleX":2,"scaleY":2,"width":512,"height":512},"back_03":{"x":4.29,"y":-8.8,"scaleX":2,"scaleY":2,"width":512,"height":512},"damage_00":{"x":4.29,"y":-8.8,"scaleX":2,"scaleY":2,"width":512,"height":512},"front_00":{"x":4.29,"y":-8.8,"scaleX":2,"scaleY":2,"width":512,"height":512},"idle_00":{"x":4.29,"y":-8.8,"scaleX":2,"scaleY":2,"width":512,"height":512},"idle_01":{"x":4.29,"y":-8.8,"scaleX":2,"scaleY":2,"width":512,"height":512},"idle_02":{"x":4.29,"y":-8.8,"scaleX":2,"scaleY":2,"width":512,"height":512},"idle_03":{"x":4.29,"y":-8.8,"scaleX":2,"scaleY":2,"width":512,"height":512},"idle_04":{"x":4.29,"y":-8.8,"scaleX":2,"scaleY":2,"width":512,"height":512},"skill1_00":{"x":4.29,"y":-8.8,"scaleX":2,"scaleY":2,"width":512,"height":512},"skill1_01":{"x":4.29,"y":-8.8,"scaleX":2,"scaleY":2,"width":512,"height":512},"skill1_02":{"x":4.29,"y":-8.8,"scaleX":2,"scaleY":2,"width":512,"height":512},"skill1_03":{"x":4.29,"y":-8.8,"scaleX":2,"scaleY":2,"width":512,"height":512},"skill1_04":{"x":4.29,"y":-8.8,"scaleX":2,"scaleY":2,"width":512,"height":512},"skill1_05":{"x":4.29,"y":-8.8,"scaleX":2,"scaleY":2,"width":512,"height":512},"skill1_06":{"x":4.29,"y":-8.8,"scaleX":2,"scaleY":2,"width":512,"height":512},"skill1_07":{"x":4.29,"y":-8.8,"scaleX":2,"scaleY":2,"width":512,"height":512},"skill1_08":{"x":4.29,"y":-8.8,"scaleX":2,"scaleY":2,"width":512,"height":512},"skill1_09":{"x":4.29,"y":-8.8,"scaleX":2,"scaleY":2,"width":512,"height":512},"skill1_10":{"x":4.29,"y":-8.8,"scaleX":2,"scaleY":2,"width":512,"height":512},"skill1_11":{"x":4.29,"y":-8.8,"scaleX":2,"scaleY":2,"width":512,"height":512},"skill1_12":{"x":4.29,"y":-8.8,"scaleX":2,"scaleY":2,"width":512,"height":512},"skill1_13":{"x":4.29,"y":-8.8,"scaleX":2,"scaleY":2,"width":512,"height":512},"skill1_14":{"x":4.29,"y":-8.8,"scaleX":2,"scaleY":2,"width":512,"height":512},"skill1_15":{"x":4.29,"y":-8.8,"scaleX":2,"scaleY":2,"width":512,"height":512},"skill1_16":{"x":4.29,"y":-8.8,"scaleX":2,"scaleY":2,"width":512,"height":512},"skill1_17":{"x":4.29,"y":-8.8,"scaleX":2,"scaleY":2,"width":512,"height":512},"skill1_18":{"x":4.29,"y":-8.8,"scaleX":2,"scaleY":2,"width":512,"height":512},"skill1_19":{"x":4.29,"y":-8.8,"scaleX":2,"scaleY":2,"width":512,"height":512},"skill1_20":{"x":4.29,"y":-8.8,"scaleX":2,"scaleY":2,"width":512,"height":512},"skill1_21":{"x":4.29,"y":-8.8,"scaleX":2,"scaleY":2,"width":512,"height":512},"skill2_00":{"x":4.29,"y":-8.8,"scaleX":2,"scaleY":2,"width":512,"height":512},"skill2_01":{"x":4.29,"y":-8.8,"scaleX":2,"scaleY":2,"width":512,"height":512},"skill2_02":{"x":4.29,"y":-8.8,"scaleX":2,"scaleY":2,"width":512,"height":512},"skill2_03":{"x":4.29,"y":-8.8,"scaleX":2,"scaleY":2,"width":512,"height":512},"skill2_04":{"x":4.29,"y":-8.8,"scaleX":2,"scaleY":2,"width":512,"height":512},"skill2_05":{"x":4.29,"y":-8.8,"scaleX":2,"scaleY":2,"width":512,"height":512},"skill2_06":{"x":4.29,"y":-8.8,"scaleX":2,"scaleY":2,"width":512,"height":512},"skill2_07":{"x":4.29,"y":-8.8,"scaleX":2,"scaleY":2,"width":512,"height":512},"skill2_08":{"x":4.29,"y":-8.8,"scaleX":2,"scaleY":2,"width":512,"height":512},"skill2_09":{"x":4.29,"y":-8.8,"scaleX":2,"scaleY":2,"width":512,"height":512},"skill2_10":{"x":4.29,"y":-8.8,"scaleX":2,"scaleY":2,"width":512,"height":512},"skill2_11":{"x":4.29,"y":-8.8,"scaleX":2,"scaleY":2,"width":512,"height":512},"skill2_12":{"x":4.29,"y":-8.8,"scaleX":2,"scaleY":2,"width":512,"height":512},"skill2_13":{"x":4.29,"y":-8.8,"scaleX":2,"scaleY":2,"width":512,"height":512},"skill2_14":{"x":4.29,"y":-8.8,"scaleX":2,"scaleY":2,"width":512,"height":512},"skill2_15":{"x":4.29,"y":-8.8,"scaleX":2,"scaleY":2,"width":512,"height":512},"skill2_16":{"x":4.29,"y":-8.8,"scaleX":2,"scaleY":2,"width":512,"height":512},"skill2_17":{"x":4.29,"y":-8.8,"scaleX":2,"scaleY":2,"width":512,"height":512},"skill3_00":{"x":4.29,"y":-8.8,"scaleX":2,"scaleY":2,"width":512,"height":512},"skill3_01":{"x":4.29,"y":-8.8,"scaleX":2,"scaleY":2,"width":512,"height":512},"skill3_02":{"x":4.29,"y":-8.8,"scaleX":2,"scaleY":2,"width":512,"height":512},"skill3_03":{"x":4.29,"y":-8.8,"scaleX":2,"scaleY":2,"width":512,"height":512},"skill3_04":{"x":4.29,"y":-8.8,"scaleX":2,"scaleY":2,"width":512,"height":512},"skill3_05":{"x":4.29,"y":-8.8,"scaleX":2,"scaleY":2,"width":512,"height":512},"skill3_06":{"x":4.29,"y":-8.8,"scaleX":2,"scaleY":2,"width":512,"height":512},"skill3_07":{"x":4.29,"y":-8.8,"scaleX":2,"scaleY":2,"width":512,"height":512},"skill3_08":{"x":4.29,"y":-8.8,"scaleX":2,"scaleY":2,"width":512,"height":512},"skill3_09":{"x":4.29,"y":-8.8,"scaleX":2,"scaleY":2,"width":512,"height":512},"skill3_10":{"x":4.29,"y":-8.8,"scaleX":2,"scaleY":2,"width":512,"height":512},"skill3_11":{"x":4.29,"y":-8.8,"scaleX":2,"scaleY":2,"width":512,"height":512},"skill3_12":{"x":4.29,"y":-8.8,"scaleX":2,"scaleY":2,"width":512,"height":512},"skill3_13":{"x":4.29,"y":-8.8,"scaleX":2,"scaleY":2,"width":512,"height":512}},"skill3_06-2":{"skill3_6":{"path":"skill3_06","x":-31.68,"y":-6.81,"scaleX":2,"scaleY":2,"width":512,"height":512}}}},"events":{"Event2":{},"Hit":{},"Sound1":{},"Sound2":{},"Sound3":{},"Voice":{},"event":{}},"animations":{"attack1":{"slots":{"DAMAGEAREA":{"attachment":[{"time":0.1666,"name":"DAMAGEAREA"},{"time":0.2666,"name":null},{"time":0.6,"name":"DAMAGEAREA"},{"time":0.6666,"name":null},{"time":0.9666,"name":"DAMAGEAREA"},{"time":1.0666,"name":null}]},"MAIN":{"attachment":[{"time":0,"name":"attack1_00"},{"time":0.1666,"name":"attack1_01"},{"time":0.2333,"name":"attack1_02"},{"time":0.4333,"name":"attack1_03"},{"time":0.6,"name":"attack1_04"},{"time":0.6666,"name":"attack1_05"},{"time":0.8333,"name":"attack1_06"},{"time":0.9666,"name":"attack1_07"},{"time":1.0333,"name":"attack1_08"},{"time":1.2,"name":"attack1_09"},{"time":1.3,"name":"attack1_10"},{"time":1.4,"name":"back_00"},{"time":1.4666,"name":"back_01"},{"time":1.5666,"name":"back_02"},{"time":1.6666,"name":"back_03"},{"time":1.8333,"name":"idle_00"}]}},"bones":{"MAIN":{"translate":[{"time":0,"x":0,"y":0,"curve":[0.038,0.45,0.75,1]},{"time":0.1333,"x":15.04,"y":0,"curve":[0.233,0.37,0.585,0.71]},{"time":0.1666,"x":-22.35,"y":0,"curve":[0.311,0.65,0.765,1]},{"time":0.4,"x":-25.56,"y":0,"curve":"stepped"},{"time":0.4333,"x":-23.14,"y":0,"curve":[0.356,0.21,0.8,0.66]},{"time":0.5666,"x":-24.68,"y":-1.28,"curve":"stepped"},{"time":0.6,"x":-47.24,"y":44.78,"curve":[0.157,0.49,0.75,1]},{"time":0.8,"x":-52.31,"y":55.77,"curve":[0.157,0.49,0.75,1]},{"time":0.9333,"x":-57.38,"y":44.78,"curve":"stepped"},{"time":0.9666,"x":-105.48,"y":44.78,"curve":[0.149,0.43,0.687,0.91]},{"time":1.1666,"x":-112.33,"y":40.98,"curve":"stepped"},{"time":1.2,"x":-145.3,"y":-2.12},{"time":1.3666,"x":-145.3,"y":-1.28,"curve":"stepped"},{"time":1.4,"x":-145.3,"y":0,"curve":[0.038,0.45,0.75,1]},{"time":1.7666,"x":-10,"y":0},{"time":1.8333,"x":0,"y":0}]},"DAMAGEAREA":{"translate":[{"time":0.1666,"x":-138.03,"y":45.94,"curve":"stepped"},{"time":0.6,"x":-113.67,"y":67.72,"curve":"stepped"},{"time":0.9666,"x":-167.47,"y":72.33}],"scale":[{"time":0.1666,"x":1,"y":0.484,"curve":"stepped"},{"time":0.6,"x":0.688,"y":0.709,"curve":"stepped"},{"time":0.9666,"x":1,"y":0.715}]}},"events":[{"time":0.1333,"name":"Sound1","string":"cri_se_battle_swish_bare_hands"},{"time":0.1666,"name":"Sound2","string":"setHitSound(se_battle_025_blow_hit)"},{"time":0.1666,"name":"Voice","string":"cri_220_voice_attack_random"},{"time":0.5666,"name":"Sound1","string":"cri_se_battle_swish_bare_hands"},{"time":0.6,"name":"Hit","string":"resetHitList"},{"time":0.9333,"name":"Sound1","string":"cri_se_battle_swish_bare_hands"},{"time":0.9333,"name":"Voice","string":"cri_220_voice_attack_c"},{"time":0.9666,"name":"Hit","string":"resetHitList"}]},"back":{"slots":{"MAIN":{"attachment":[{"time":0,"name":"back_00"},{"time":0.1,"name":"back_01"},{"time":0.2,"name":"back_02"},{"time":0.3,"name":"back_03"},{"time":0.5,"name":"idle_00"}]}},"bones":{"MAIN":{"translate":[{"time":0,"x":0,"y":0,"curve":[0.113,0.42,0.657,0.9]},{"time":0.5,"x":140,"y":0}]}}},"cast":{"slots":{"MAIN":{"attachment":[{"time":0,"name":"attack1_00"},{"time":0.1,"name":"attack1_01"},{"time":0.1666,"name":"attack1_02"},{"time":0.6666,"name":"idle_00"}]}},"events":[{"time":0.1666,"name":"Voice","string":"cri_220_voice_item"}]},"damage":{"slots":{"MAIN":{"attachment":[{"time":0,"name":"damage_00"}]}}},"front":{"slots":{"MAIN":{"attachment":[{"time":0,"name":"front_00"}]}},"bones":{"MAIN":{"translate":[{"time":0,"x":-12.65,"y":-23.9}]}}},"idle":{"slots":{"MAIN":{"attachment":[{"time":0,"name":"idle_00"},{"time":0.2,"name":"idle_01"},{"time":0.4,"name":"idle_02"},{"time":0.6,"name":"idle_03"},{"time":0.8,"name":"idle_04"},{"time":1,"name":"idle_00"}]}}},"in":{"slots":{"MAIN":{"attachment":[{"time":0,"name":"skill2_00"},{"time":0.0666,"name":"skill2_01"},{"time":0.1666,"name":"skill2_02"},{"time":0.2333,"name":"skill2_03"},{"time":0.2666,"name":"skill2_04"},{"time":0.3666,"name":"skill2_05"},{"time":0.4333,"name":"skill2_00"},{"time":0.4666,"name":"skill2_01"},{"time":0.5333,"name":"skill2_02"},{"time":0.6,"name":"skill2_03"},{"time":0.6333,"name":"skill2_04"},{"time":0.7,"name":"skill2_05"},{"time":0.7666,"name":"idle_00"},{"time":1,"name":"idle_00"}]}},"bones":{"MAIN":{"translate":[{"time":0,"x":372.27,"y":0},{"time":0.7,"x":-0.16,"y":0}]}},"events":[{"time":0.1666,"name":"Sound1","string":"cri_se_battle_step"},{"time":0.3666,"name":"Sound1","string":"cri_se_battle_step"},{"time":0.5333,"name":"Sound1","string":"cri_se_battle_step"}]},"skill1":{"slots":{"DAMAGEAREA":{"attachment":[{"time":0.3,"name":"DAMAGEAREA"},{"time":0.3666,"name":null},{"time":1.7,"name":"DAMAGEAREA"},{"time":1.9,"name":null}]},"EF_dash1_1":{"attachment":[{"time":0.1,"name":"EF/ef_dash_yellow/ef_dash_yellow_00001"},{"time":0.1333,"name":"EF/ef_dash_yellow/ef_dash_yellow_00003"},{"time":0.1666,"name":"EF/ef_dash_yellow/ef_dash_yellow_00005"},{"time":0.2,"name":"EF/ef_dash_yellow/ef_dash_yellow_00007"},{"time":0.2333,"name":"EF/ef_dash_yellow/ef_dash_yellow_00009"},{"time":0.2666,"name":"EF/ef_dash_yellow/ef_dash_yellow_00011"},{"time":0.3,"name":"EF/ef_dash_yellow/ef_dash_yellow_00013"},{"time":0.3333,"name":null}]},"EF_missile_smoke1_1":{"attachment":[{"time":1.3666,"name":"EF/ef_PT_main/ef_PT_main_00005"},{"time":1.4333,"name":"EF/ef_PT_main/ef_PT_main_00007"},{"time":1.4666,"name":"EF/ef_PT_main/ef_PT_main_00009"},{"time":1.5,"name":"EF/ef_PT_main/ef_PT_main_00011"},{"time":1.5333,"name":"EF/ef_PT_main/ef_PT_main_00013"},{"time":1.5666,"name":"EF/ef_PT_main/ef_PT_main_00015"},{"time":1.6,"name":"EF/ef_PT_main/ef_PT_main_00017"},{"time":1.6333,"name":null}]},"EF_of_blue1_1":{"attachment":[{"time":1.2666,"name":"EF/ef_OF_blue/ef_OF_blue_00001"}],"color":[{"time":1.2666,"color":"ffffffff","curve":[0.25,0,0.861,0.29]},{"time":1.4666,"color":"ffffff00"}]},"EF_skill1_light":{"attachment":[{"time":1.2666,"name":"EF/dot/ef_skill1_light/skill_EF_light_1"},{"time":1.3,"name":"EF/dot/ef_skill1_light/skill_EF_light_2"},{"time":1.3333,"name":"EF/dot/ef_skill1_light/skill_EF_light_3"},{"time":1.3666,"name":"EF/dot/ef_skill1_light/skill_EF_light_4"},{"time":1.4333,"name":null}],"color":[{"time":1.3666,"color":"ffffffff"},{"time":1.4333,"color":"ffffff00"}]},"EF_skill1_missile":{"attachment":[{"time":1.2666,"name":"EF/dot/ef_skill1_missile/skill_EF_missile_1"},{"time":1.4,"name":"EF/dot/ef_skill1_missile/skill_EF_missile_2"},{"time":1.6333,"name":null}]},"EF_skill1_smoke":{"attachment":[{"time":1.2666,"name":"EF/dot/ef_skill1_smoke/skill_EF_smoke_1"},{"time":1.3333,"name":"EF/dot/ef_skill1_smoke/skill_EF_smoke_2"},{"time":1.4,"name":"EF/dot/ef_skill1_smoke/skill_EF_smoke_3"},{"time":1.4333,"name":"EF/dot/ef_skill1_smoke/skill_EF_smoke_5"},{"time":1.4666,"name":null}]},"EF_wave1_1":{"attachment":[{"time":0.1,"name":"EF/ef_graund_wave_yellow/ef_graund_wave_yellow_00002"},{"time":0.1333,"name":"EF/ef_graund_wave_yellow/ef_graund_wave_yellow_00004"},{"time":0.1666,"name":"EF/ef_graund_wave_yellow/ef_graund_wave_yellow_00006"},{"time":0.2,"name":"EF/ef_graund_wave_yellow/ef_graund_wave_yellow_00008"},{"time":0.2333,"name":"EF/ef_graund_wave_yellow/ef_graund_wave_yellow_00010"},{"time":0.2666,"name":"EF/ef_graund_wave_yellow/ef_graund_wave_yellow_00012"},{"time":0.3,"name":"EF/ef_graund_wave_yellow/ef_graund_wave_yellow_00014"},{"time":0.3333,"name":null},{"time":1.6,"name":"EF/ef_graund_wave_yellow/ef_graund_wave_yellow_00002"},{"time":1.6333,"name":"EF/ef_graund_wave_yellow/ef_graund_wave_yellow_00004"},{"time":1.6666,"name":"EF/ef_graund_wave_yellow/ef_graund_wave_yellow_00006"},{"time":1.7,"name":"EF/ef_graund_wave_yellow/ef_graund_wave_yellow_00008"},{"time":1.7333,"name":"EF/ef_graund_wave_yellow/ef_graund_wave_yellow_00010"},{"time":1.7666,"name":"EF/ef_graund_wave_yellow/ef_graund_wave_yellow_00012"},{"time":1.8,"name":"EF/ef_graund_wave_yellow/ef_graund_wave_yellow_00014"},{"time":1.8333,"name":null}]},"MAIN":{"attachment":[{"time":0,"name":"idle_00"},{"time":0.0333,"name":"skill1_00"},{"time":0.1333,"name":"skill1_01"},{"time":0.2333,"name":"skill1_02"},{"time":0.3,"name":"skill1_03"},{"time":0.3333,"name":"skill1_04"},{"time":0.4,"name":"skill1_05"},{"time":0.4666,"name":"skill1_06"},{"time":0.5333,"name":"skill1_07"},{"time":0.6,"name":"skill1_08"},{"time":0.6666,"name":"skill1_09"},{"time":0.7333,"name":"skill1_10"},{"time":0.8,"name":"skill1_11"},{"time":0.8666,"name":"skill1_12"},{"time":0.9,"name":"skill1_13"},{"time":0.9333,"name":"skill1_14"},{"time":1,"name":"skill1_15"},{"time":1.0666,"name":"skill1_16"},{"time":1.3333,"name":"skill1_10"},{"time":1.4,"name":"skill1_17"},{"time":1.4666,"name":"skill1_18"},{"time":1.5333,"name":"skill1_19"},{"time":1.6,"name":"skill1_20"},{"time":1.6666,"name":"skill1_21"},{"time":1.8333,"name":"attack1_09"},{"time":1.9,"name":"attack1_10"},{"time":2.3666,"name":"idle_03"},{"time":2.5666,"name":"idle_04"},{"time":2.8333,"name":"idle_00"}]}},"bones":{"MAIN":{"translate":[{"time":0,"x":0,"y":0,"curve":"stepped"},{"time":0.1,"x":0,"y":0,"curve":[0.222,0.66,0.75,1]},{"time":0.2,"x":-57.34,"y":15.95,"curve":"stepped"},{"time":0.2333,"x":-78.25,"y":15.95},{"time":0.2666,"x":-90.19,"y":15.95},{"time":0.3,"x":-67.75,"y":17.35,"curve":"stepped"},{"time":0.3333,"x":18.23,"y":157.21,"curve":[0.128,0.61,0.327,0.93]},{"time":0.8,"x":161.05,"y":242.64},{"time":1.3,"x":162.69,"y":241.41,"curve":"stepped"},{"time":1.3333,"x":214.35,"y":298.36,"curve":[0.13,0.47,0.695,0.93]},{"time":1.6333,"x":266.13,"y":276.9},{"time":1.6666,"x":266.13,"y":207.15},{"time":1.8333,"x":266.94,"y":4.2},{"time":1.9,"x":266.94,"y":2.02},{"time":2,"x":266.9,"y":0,"curve":"stepped"},{"time":2.8333,"x":266.9,"y":0}]},"EF_skill1_missile":{"rotate":[{"time":1.2666,"angle":-0.04}],"translate":[{"time":1.2666,"x":-140.16,"y":126.11},{"time":1.4,"x":-151.38,"y":113.63},{"time":1.5666,"x":-310.04,"y":-62.7},{"time":1.6333,"x":-348.17,"y":-105.07}]},"EF_skill1_smoke":{"translate":[{"time":1.2666,"x":-176.85,"y":141.68}],"scale":[{"time":1.2666,"x":1,"y":1}]},"EF_skill1_light":{"translate":[{"time":1.2666,"x":-76.9,"y":141.54}]},"DAMAGEAREA":{"translate":[{"time":0.3,"x":-158.1,"y":111.23,"curve":"stepped"},{"time":1.7,"x":-150.56,"y":110}],"scale":[{"time":0.3,"x":1.299,"y":1.299,"curve":"stepped"},{"time":1.7,"x":1.889,"y":1.889},{"time":1.8666,"x":2.608,"y":2.608}]},"EF_dash1_1":{"translate":[{"time":0.1,"x":-72.08,"y":0}],"scale":[{"time":0.1,"x":1.5,"y":1.5}]},"EF_wave1_1":{"translate":[{"time":0.1,"x":-187.43,"y":0,"curve":"stepped"},{"time":1.6,"x":-330.06,"y":0}],"scale":[{"time":0.1,"x":1.5,"y":1.5,"curve":"stepped"},{"time":1.6,"x":4,"y":4}]},"EF_of_blue1_1":{"rotate":[{"time":1.2666,"angle":-14.46},{"time":1.4666,"angle":-75.4}],"translate":[{"time":1.2666,"x":73.24,"y":240.8}]},"EF_missile_smoke1_1":{"rotate":[{"time":1.3666,"angle":43.1}],"translate":[{"time":1.3666,"x":-26.81,"y":228.36,"curve":"stepped"},{"time":1.4666,"x":-2.99,"y":250.65,"curve":"stepped"},{"time":1.5,"x":5.51,"y":254.37,"curve":"stepped"},{"time":1.5333,"x":-15.48,"y":225.18,"curve":"stepped"},{"time":1.5666,"x":-48.33,"y":194.44,"curve":"stepped"},{"time":1.6,"x":-80.05,"y":164.75}],"scale":[{"time":1.3666,"x":2,"y":2}]}},"events":[{"time":0.0333,"name":"event","string":"movePosition_Target(0.2,180,0)"},{"time":0.0666,"name":"event","string":"setHitEffect(hit03a, 0)"},{"time":0.1,"name":"Sound1","string":"cri_se_battle_monster_jump"},{"time":0.2666,"name":"event","string":"setHitBackEnemy(100,0)"},{"time":0.3,"name":"Sound1","string":"cri_se_battle_skill_shot"},{"time":0.3,"name":"Sound2","string":"setHitSound(se_battle_hands_hit)"},{"time":0.3,"name":"event","float":0.7,"string":"kHitStopType_enemyonly"},{"time":0.8,"name":"Sound1","string":"cri_se_battle_sword_swish_heavy"},{"time":1,"name":"Voice","string":"cri_220_voice_skill_all"},{"time":1.2333,"name":"Sound1","string":"cri_se_battle_machine_missile"},{"time":1.5666,"name":"Sound1","string":"cri_se_battle_030_explosion_02"},{"time":1.5666,"name":"Sound2","string":"setHitSound(se_battle_explosion_short)"},{"time":1.6,"name":"event","string":"setHitEffect(hit04a, 0)"},{"time":1.6333,"name":"event","float":0.2,"string":"kHitStopType_normal"},{"time":1.6666,"name":"event","string":"setHitBackEnemy(50,150)"},{"time":1.7,"name":"Hit","string":"resetHitList"}]},"skill2":{"slots":{"DAMAGEAREA":{"attachment":[{"time":0,"name":"DAMAGEAREA"},{"time":0.7333,"name":null},{"time":1,"name":"DAMAGEAREA"},{"time":1.7333,"name":null},{"time":1.9,"name":"DAMAGEAREA"},{"time":2.4333,"name":null},{"time":3.7333,"name":"DAMAGEAREA"},{"time":4.0333,"name":null}]},"EF_dash1_1":{"attachment":[{"time":0,"name":"EF/ef_dash_yellow/ef_dash_yellow_00001"},{"time":0.0333,"name":"EF/ef_dash_yellow/ef_dash_yellow_00003"},{"time":0.0666,"name":"EF/ef_dash_yellow/ef_dash_yellow_00005"},{"time":0.1,"name":"EF/ef_dash_yellow/ef_dash_yellow_00007"},{"time":0.1333,"name":"EF/ef_dash_yellow/ef_dash_yellow_00009"},{"time":0.1666,"name":"EF/ef_dash_yellow/ef_dash_yellow_00011"},{"time":0.2,"name":"EF/ef_dash_yellow/ef_dash_yellow_00013"},{"time":0.2333,"name":null},{"time":2.7666,"name":"EF/ef_dash_yellow/ef_dash_yellow_00001"},{"time":2.8,"name":"EF/ef_dash_yellow/ef_dash_yellow_00003"},{"time":2.8333,"name":"EF/ef_dash_yellow/ef_dash_yellow_00005"},{"time":2.8666,"name":"EF/ef_dash_yellow/ef_dash_yellow_00007"},{"time":2.9,"name":"EF/ef_dash_yellow/ef_dash_yellow_00009"},{"time":2.9333,"name":"EF/ef_dash_yellow/ef_dash_yellow_00011"},{"time":2.9666,"name":"EF/ef_dash_yellow/ef_dash_yellow_00013"},{"time":3,"name":null}]},"EF_skill2_main":{"attachment":[{"time":2.7666,"name":"EF/dot/skill2_07_ef"},{"time":2.8333,"name":null}],"color":[{"time":2.7333,"color":"ffffff00"},{"time":2.8333,"color":"ffffffff"}]},"EF_slash1_1":{"attachment":[{"time":3.3333,"name":"EF/ef_slash_A_main/ef_slash_A_main_00001"},{"time":3.3666,"name":"EF/ef_slash_A_main/ef_slash_A_main_00002"},{"time":3.4,"name":null}]},"EF_wave1_1":{"attachment":[{"time":0,"name":"EF/ef_graund_wave_yellow/ef_graund_wave_yellow_00002"},{"time":0.0333,"name":"EF/ef_graund_wave_yellow/ef_graund_wave_yellow_00004"},{"time":0.0666,"name":"EF/ef_graund_wave_yellow/ef_graund_wave_yellow_00006"},{"time":0.1,"name":"EF/ef_graund_wave_yellow/ef_graund_wave_yellow_00008"},{"time":0.1333,"name":"EF/ef_graund_wave_yellow/ef_graund_wave_yellow_00010"},{"time":0.1666,"name":"EF/ef_graund_wave_yellow/ef_graund_wave_yellow_00012"},{"time":0.2,"name":"EF/ef_graund_wave_yellow/ef_graund_wave_yellow_00014"},{"time":0.2333,"name":null},{"time":1.1666,"name":"EF/ef_graund_wave_yellow/ef_graund_wave_yellow_00002"},{"time":1.2,"name":"EF/ef_graund_wave_yellow/ef_graund_wave_yellow_00004"},{"time":1.2333,"name":"EF/ef_graund_wave_yellow/ef_graund_wave_yellow_00006"},{"time":1.2666,"name":"EF/ef_graund_wave_yellow/ef_graund_wave_yellow_00008"},{"time":1.3,"name":"EF/ef_graund_wave_yellow/ef_graund_wave_yellow_00010"},{"time":1.3333,"name":"EF/ef_graund_wave_yellow/ef_graund_wave_yellow_00012"},{"time":1.3666,"name":"EF/ef_graund_wave_yellow/ef_graund_wave_yellow_00014"},{"time":1.4,"name":null},{"time":1.4333,"name":"EF/ef_graund_wave_yellow/ef_graund_wave_yellow_00002"},{"time":1.4666,"name":"EF/ef_graund_wave_yellow/ef_graund_wave_yellow_00004"},{"time":1.5,"name":"EF/ef_graund_wave_yellow/ef_graund_wave_yellow_00006"},{"time":1.5333,"name":"EF/ef_graund_wave_yellow/ef_graund_wave_yellow_00008"},{"time":1.5666,"name":"EF/ef_graund_wave_yellow/ef_graund_wave_yellow_00010"},{"time":1.6,"name":"EF/ef_graund_wave_yellow/ef_graund_wave_yellow_00012"},{"time":1.6333,"name":"EF/ef_graund_wave_yellow/ef_graund_wave_yellow_00014"},{"time":1.6666,"name":null},{"time":1.9666,"name":"EF/ef_graund_wave_yellow/ef_graund_wave_yellow_00002"},{"time":2,"name":"EF/ef_graund_wave_yellow/ef_graund_wave_yellow_00004"},{"time":2.0333,"name":"EF/ef_graund_wave_yellow/ef_graund_wave_yellow_00006"},{"time":2.0666,"name":"EF/ef_graund_wave_yellow/ef_graund_wave_yellow_00008"},{"time":2.1,"name":"EF/ef_graund_wave_yellow/ef_graund_wave_yellow_00010"},{"time":2.1333,"name":"EF/ef_graund_wave_yellow/ef_graund_wave_yellow_00012"},{"time":2.1666,"name":"EF/ef_graund_wave_yellow/ef_graund_wave_yellow_00014"},{"time":2.2,"name":null},{"time":2.2333,"name":"EF/ef_graund_wave_yellow/ef_graund_wave_yellow_00002"},{"time":2.2666,"name":"EF/ef_graund_wave_yellow/ef_graund_wave_yellow_00004"},{"time":2.3,"name":"EF/ef_graund_wave_yellow/ef_graund_wave_yellow_00006"},{"time":2.3333,"name":"EF/ef_graund_wave_yellow/ef_graund_wave_yellow_00008"},{"time":2.3666,"name":"EF/ef_graund_wave_yellow/ef_graund_wave_yellow_00010"},{"time":2.4,"name":"EF/ef_graund_wave_yellow/ef_graund_wave_yellow_00012"},{"time":2.4333,"name":"EF/ef_graund_wave_yellow/ef_graund_wave_yellow_00014"},{"time":2.4666,"name":null},{"time":2.7666,"name":"EF/ef_graund_wave_yellow/ef_graund_wave_yellow_00002"},{"time":2.8,"name":"EF/ef_graund_wave_yellow/ef_graund_wave_yellow_00004"},{"time":2.8333,"name":"EF/ef_graund_wave_yellow/ef_graund_wave_yellow_00006"},{"time":2.8666,"name":"EF/ef_graund_wave_yellow/ef_graund_wave_yellow_00008"},{"time":2.9,"name":"EF/ef_graund_wave_yellow/ef_graund_wave_yellow_00010"},{"time":2.9333,"name":"EF/ef_graund_wave_yellow/ef_graund_wave_yellow_00012"},{"time":2.9666,"name":"EF/ef_graund_wave_yellow/ef_graund_wave_yellow_00014"},{"time":3,"name":null},{"time":3.8,"name":"EF/ef_graund_wave_yellow/ef_graund_wave_yellow_00002"},{"time":3.8333,"name":"EF/ef_graund_wave_yellow/ef_graund_wave_yellow_00004"},{"time":3.8666,"name":"EF/ef_graund_wave_yellow/ef_graund_wave_yellow_00006"},{"time":3.9,"name":"EF/ef_graund_wave_yellow/ef_graund_wave_yellow_00008"},{"time":3.9333,"name":"EF/ef_graund_wave_yellow/ef_graund_wave_yellow_00010"},{"time":3.9666,"name":"EF/ef_graund_wave_yellow/ef_graund_wave_yellow_00012"},{"time":4,"name":"EF/ef_graund_wave_yellow/ef_graund_wave_yellow_00014"},{"time":4.0333,"name":null}]},"EF_wave1_2":{"attachment":[{"time":1.2333,"name":"EF/ef_graund_wave_yellow/ef_graund_wave_yellow_00002"},{"time":1.2666,"name":"EF/ef_graund_wave_yellow/ef_graund_wave_yellow_00004"},{"time":1.3,"name":"EF/ef_graund_wave_yellow/ef_graund_wave_yellow_00006"},{"time":1.3333,"name":"EF/ef_graund_wave_yellow/ef_graund_wave_yellow_00008"},{"time":1.3666,"name":"EF/ef_graund_wave_yellow/ef_graund_wave_yellow_00010"},{"time":1.4,"name":"EF/ef_graund_wave_yellow/ef_graund_wave_yellow_00012"},{"time":1.4333,"name":"EF/ef_graund_wave_yellow/ef_graund_wave_yellow_00014"},{"time":1.4666,"name":null},{"time":1.5,"name":"EF/ef_graund_wave_yellow/ef_graund_wave_yellow_00002"},{"time":1.5333,"name":"EF/ef_graund_wave_yellow/ef_graund_wave_yellow_00004"},{"time":1.5666,"name":"EF/ef_graund_wave_yellow/ef_graund_wave_yellow_00006"},{"time":1.6,"name":"EF/ef_graund_wave_yellow/ef_graund_wave_yellow_00008"},{"time":1.6333,"name":"EF/ef_graund_wave_yellow/ef_graund_wave_yellow_00010"},{"time":1.6666,"name":"EF/ef_graund_wave_yellow/ef_graund_wave_yellow_00012"},{"time":1.7,"name":"EF/ef_graund_wave_yellow/ef_graund_wave_yellow_00014"},{"time":1.7333,"name":null},{"time":2.0333,"name":"EF/ef_graund_wave_yellow/ef_graund_wave_yellow_00002"},{"time":2.0666,"name":"EF/ef_graund_wave_yellow/ef_graund_wave_yellow_00004"},{"time":2.1,"name":"EF/ef_graund_wave_yellow/ef_graund_wave_yellow_00006"},{"time":2.1333,"name":"EF/ef_graund_wave_yellow/ef_graund_wave_yellow_00008"},{"time":2.1666,"name":"EF/ef_graund_wave_yellow/ef_graund_wave_yellow_00010"},{"time":2.2,"name":"EF/ef_graund_wave_yellow/ef_graund_wave_yellow_00012"},{"time":2.2333,"name":"EF/ef_graund_wave_yellow/ef_graund_wave_yellow_00014"},{"time":2.2666,"name":null},{"time":2.3,"name":"EF/ef_graund_wave_yellow/ef_graund_wave_yellow_00002"},{"time":2.3333,"name":"EF/ef_graund_wave_yellow/ef_graund_wave_yellow_00004"},{"time":2.3666,"name":"EF/ef_graund_wave_yellow/ef_graund_wave_yellow_00006"},{"time":2.4,"name":"EF/ef_graund_wave_yellow/ef_graund_wave_yellow_00008"},{"time":2.4333,"name":"EF/ef_graund_wave_yellow/ef_graund_wave_yellow_00010"},{"time":2.4666,"name":"EF/ef_graund_wave_yellow/ef_graund_wave_yellow_00012"},{"time":2.5,"name":"EF/ef_graund_wave_yellow/ef_graund_wave_yellow_00014"},{"time":2.5333,"name":null}]},"EF_wave1_3":{"attachment":[{"time":1.3,"name":"EF/ef_graund_wave_yellow/ef_graund_wave_yellow_00002"},{"time":1.3333,"name":"EF/ef_graund_wave_yellow/ef_graund_wave_yellow_00004"},{"time":1.3666,"name":"EF/ef_graund_wave_yellow/ef_graund_wave_yellow_00006"},{"time":1.4,"name":"EF/ef_graund_wave_yellow/ef_graund_wave_yellow_00008"},{"time":1.4333,"name":"EF/ef_graund_wave_yellow/ef_graund_wave_yellow_00010"},{"time":1.4666,"name":"EF/ef_graund_wave_yellow/ef_graund_wave_yellow_00012"},{"time":1.5,"name":"EF/ef_graund_wave_yellow/ef_graund_wave_yellow_00014"},{"time":1.5333,"name":null},{"time":1.5666,"name":"EF/ef_graund_wave_yellow/ef_graund_wave_yellow_00002"},{"time":1.6,"name":"EF/ef_graund_wave_yellow/ef_graund_wave_yellow_00004"},{"time":1.6333,"name":"EF/ef_graund_wave_yellow/ef_graund_wave_yellow_00006"},{"time":1.6666,"name":"EF/ef_graund_wave_yellow/ef_graund_wave_yellow_00008"},{"time":1.7,"name":"EF/ef_graund_wave_yellow/ef_graund_wave_yellow_00010"},{"time":1.7333,"name":"EF/ef_graund_wave_yellow/ef_graund_wave_yellow_00012"},{"time":1.7666,"name":"EF/ef_graund_wave_yellow/ef_graund_wave_yellow_00014"},{"time":1.8,"name":null},{"time":2.1,"name":"EF/ef_graund_wave_yellow/ef_graund_wave_yellow_00002"},{"time":2.1333,"name":"EF/ef_graund_wave_yellow/ef_graund_wave_yellow_00004"},{"time":2.1666,"name":"EF/ef_graund_wave_yellow/ef_graund_wave_yellow_00006"},{"time":2.2,"name":"EF/ef_graund_wave_yellow/ef_graund_wave_yellow_00008"},{"time":2.2333,"name":"EF/ef_graund_wave_yellow/ef_graund_wave_yellow_00010"},{"time":2.2666,"name":"EF/ef_graund_wave_yellow/ef_graund_wave_yellow_00012"},{"time":2.3,"name":"EF/ef_graund_wave_yellow/ef_graund_wave_yellow_00014"},{"time":2.3333,"name":null},{"time":2.3666,"name":"EF/ef_graund_wave_yellow/ef_graund_wave_yellow_00002"},{"time":2.4,"name":"EF/ef_graund_wave_yellow/ef_graund_wave_yellow_00004"},{"time":2.4333,"name":"EF/ef_graund_wave_yellow/ef_graund_wave_yellow_00006"},{"time":2.4666,"name":"EF/ef_graund_wave_yellow/ef_graund_wave_yellow_00008"},{"time":2.5,"name":"EF/ef_graund_wave_yellow/ef_graund_wave_yellow_00010"},{"time":2.5333,"name":"EF/ef_graund_wave_yellow/ef_graund_wave_yellow_00012"},{"time":2.5666,"name":"EF/ef_graund_wave_yellow/ef_graund_wave_yellow_00014"},{"time":2.6,"name":null}]},"EF_wave1_4":{"attachment":[{"time":1.3666,"name":"EF/ef_graund_wave_yellow/ef_graund_wave_yellow_00004"},{"time":1.4,"name":"EF/ef_graund_wave_yellow/ef_graund_wave_yellow_00006"},{"time":1.4333,"name":"EF/ef_graund_wave_yellow/ef_graund_wave_yellow_00008"},{"time":1.4666,"name":"EF/ef_graund_wave_yellow/ef_graund_wave_yellow_00010"},{"time":1.5,"name":"EF/ef_graund_wave_yellow/ef_graund_wave_yellow_00012"},{"time":1.5333,"name":"EF/ef_graund_wave_yellow/ef_graund_wave_yellow_00014"},{"time":1.5666,"name":null},{"time":2.1666,"name":"EF/ef_graund_wave_yellow/ef_graund_wave_yellow_00004"},{"time":2.2,"name":"EF/ef_graund_wave_yellow/ef_graund_wave_yellow_00006"},{"time":2.2333,"name":"EF/ef_graund_wave_yellow/ef_graund_wave_yellow_00008"},{"time":2.2666,"name":"EF/ef_graund_wave_yellow/ef_graund_wave_yellow_00010"},{"time":2.3,"name":"EF/ef_graund_wave_yellow/ef_graund_wave_yellow_00012"},{"time":2.3333,"name":"EF/ef_graund_wave_yellow/ef_graund_wave_yellow_00014"},{"time":2.3666,"name":null}]},"MAIN":{"attachment":[{"time":0,"name":"skill2_00"},{"time":0.0666,"name":"skill2_01"},{"time":0.1666,"name":"skill2_02"},{"time":0.2333,"name":"skill2_03"},{"time":0.2666,"name":"skill2_04"},{"time":0.3666,"name":"skill2_05"},{"time":0.4333,"name":"skill2_00"},{"time":0.4666,"name":"skill2_01"},{"time":0.5333,"name":"skill2_02"},{"time":0.6,"name":"skill2_03"},{"time":0.6333,"name":"skill2_04"},{"time":0.7,"name":"skill2_05"},{"time":1,"name":"skill2_00"},{"time":1.0666,"name":"skill2_01"},{"time":1.1666,"name":"skill2_02"},{"time":1.2333,"name":"skill2_03"},{"time":1.2666,"name":"skill2_04"},{"time":1.3666,"name":"skill2_05"},{"time":1.4333,"name":"skill2_00"},{"time":1.4666,"name":"skill2_01"},{"time":1.5333,"name":"skill2_02"},{"time":1.6,"name":"skill2_03"},{"time":1.6333,"name":"skill2_04"},{"time":1.7,"name":"skill2_05"},{"time":1.9,"name":"skill2_00"},{"time":1.9333,"name":"skill2_01"},{"time":2,"name":"skill2_02"},{"time":2.0666,"name":"skill2_03"},{"time":2.1,"name":"skill2_04"},{"time":2.1666,"name":"skill2_05"},{"time":2.2,"name":"skill2_00"},{"time":2.2333,"name":"skill2_01"},{"time":2.3,"name":"skill2_02"},{"time":2.3333,"name":"skill2_03"},{"time":2.3666,"name":"skill2_04"},{"time":2.4,"name":"skill2_05"},{"time":2.7666,"name":"skill2_06"},{"time":2.8666,"name":"skill2_07"},{"time":2.9,"name":"skill2_08"},{"time":2.9333,"name":"skill2_09"},{"time":3.3333,"name":"skill2_10"},{"time":3.4,"name":"skill2_11"},{"time":3.4666,"name":"skill2_12"},{"time":3.7333,"name":"skill2_13"},{"time":4.4333,"name":"skill2_14"},{"time":4.6,"name":"skill2_15"},{"time":4.7333,"name":"skill2_16"},{"time":4.8666,"name":"skill2_17"},{"time":5,"name":"idle_04"},{"time":5.1333,"name":"idle_00"}],"color":[{"time":0.5333,"color":"ffffffff"},{"time":0.7333,"color":"ffffff00","curve":"stepped"},{"time":0.9666,"color":"ffffff00"},{"time":1.0666,"color":"ffffffff","curve":"stepped"},{"time":1.5333,"color":"ffffffff"},{"time":1.7333,"color":"ffffff00","curve":"stepped"},{"time":1.8666,"color":"ffffff00"},{"time":1.9333,"color":"ffffffff","curve":"stepped"},{"time":2.3,"color":"ffffffff"},{"time":2.4333,"color":"ffffff00","curve":"stepped"},{"time":2.7333,"color":"ffffff00"},{"time":2.8333,"color":"ffffffff"}]}},"bones":{"MAIN":{"translate":[{"time":0,"x":0,"y":0},{"time":0.7,"x":-1041.57,"y":0,"curve":"stepped"},{"time":1,"x":658.79,"y":0},{"time":1.7,"x":-821.97,"y":0,"curve":"stepped"},{"time":1.9,"x":658.79,"y":0},{"time":2.4,"x":-821.97,"y":0,"curve":"stepped"},{"time":2.7666,"x":220.83,"y":69.73},{"time":2.8666,"x":-154.35,"y":312,"curve":"stepped"},{"time":2.9,"x":-174.55,"y":349.4},{"time":2.9666,"x":-180.61,"y":356.47},{"time":3.3,"x":-181.96,"y":358.04,"curve":"stepped"},{"time":3.3333,"x":-181.01,"y":375.76,"curve":"stepped"},{"time":3.4,"x":-302.73,"y":145.08,"curve":"stepped"},{"time":3.4666,"x":-364.16,"y":28,"curve":"stepped"},{"time":3.7333,"x":-347.32,"y":-8.02}]},"DAMAGEAREA":{"translate":[{"time":0,"x":4.27,"y":68.63},{"time":0.7,"x":-1031.35,"y":68.63,"curve":"stepped"},{"time":1,"x":668.97,"y":68.63},{"time":1.7,"x":-812.23,"y":68.63,"curve":"stepped"},{"time":1.9,"x":668.97,"y":68.63},{"time":2.4,"x":-823.19,"y":68.63,"curve":"stepped"},{"time":3.7333,"x":-348.9,"y":167.12}],"scale":[{"time":0,"x":1.066,"y":1.125,"curve":"stepped"},{"time":1,"x":1.066,"y":1.125,"curve":"stepped"},{"time":1.9,"x":1.066,"y":1.125,"curve":"stepped"},{"time":3.7333,"x":3.856,"y":12.605}]},"EF_skill2_main":{"translate":[{"time":2.7666,"x":305.67,"y":0}]},"EF_wave1_1":{"translate":[{"time":0,"x":-200,"y":0,"curve":"stepped"},{"time":1.1666,"x":120.03,"y":0,"curve":"stepped"},{"time":1.4333,"x":-451.29,"y":0,"curve":"stepped"},{"time":1.9666,"x":267.93,"y":0,"curve":"stepped"},{"time":2.2333,"x":-513.77,"y":0,"curve":"stepped"},{"time":2.7666,"x":90.56,"y":0,"curve":"stepped"},{"time":3.8,"x":-562.06,"y":-14.35}],"scale":[{"time":0,"x":1.5,"y":1.5,"curve":"stepped"},{"time":1.1666,"x":2,"y":2,"curve":"stepped"},{"time":1.9666,"x":2.5,"y":2.5,"curve":"stepped"},{"time":2.7666,"x":2.5,"y":2.5,"curve":"stepped"},{"time":3.8,"x":3.5,"y":3.5}]},"EF_dash1_1":{"translate":[{"time":0,"x":-91.9,"y":0,"curve":"stepped"},{"time":2.7666,"x":198.65,"y":0}],"scale":[{"time":0,"x":1.5,"y":1.5}]},"EF_slash1_1":{"translate":[{"time":3.3333,"x":-350.6,"y":393.58}],"scale":[{"time":3.3333,"x":1.7,"y":1.7}]},"EF_wave1_2":{"translate":[{"time":1.2333,"x":-21.2,"y":0,"curve":"stepped"},{"time":1.5,"x":-592.53,"y":0,"curve":"stepped"},{"time":2.0333,"x":79.52,"y":0,"curve":"stepped"},{"time":2.3,"x":-712.38,"y":0}],"scale":[{"time":1.2333,"x":2,"y":2,"curve":"stepped"},{"time":2.0333,"x":2.5,"y":2.5}]},"EF_wave1_3":{"translate":[{"time":1.3,"x":-164.91,"y":0,"curve":"stepped"},{"time":1.5666,"x":-720.93,"y":0,"curve":"stepped"},{"time":2.1,"x":-119.02,"y":0,"curve":"stepped"},{"time":2.3666,"x":-924.09,"y":0}],"scale":[{"time":1.3,"x":2,"y":2,"curve":"stepped"},{"time":2.1,"x":2.5,"y":2.5}]},"EF_wave1_4":{"translate":[{"time":1.3666,"x":-312.16,"y":0,"curve":"stepped"},{"time":2.1666,"x":-312.16,"y":0}],"scale":[{"time":1.3666,"x":2,"y":2,"curve":"stepped"},{"time":2.1666,"x":2.5,"y":2.5}]}},"events":[{"time":0,"name":"Event2","string":"playStreamLine(2,255,255,0,0)"},{"time":0,"name":"Sound2","string":"setHitSound(se_battle_025_blow_hit)"},{"time":0,"name":"Voice","string":"cri_220_voice_fullarts_now"},{"time":0,"name":"event","string":"ignoreBorder-true"},{"time":0.0333,"name":"Sound1","string":"cri_se_battle_skill_swish"},{"time":0.0333,"name":"event","float":0.1,"string":"kHitStopType_normal"},{"time":1,"name":"Event2","string":"playStreamLine(2,255,255,0,0)"},{"time":1,"name":"Hit","string":"resetHitList"},{"time":1.0333,"name":"Sound1","string":"cri_se_battle_skill_swish"},{"time":1.9,"name":"Hit","string":"resetHitList"},{"time":1.9333,"name":"Sound1","string":"cri_se_battle_skill_swish"},{"time":2,"name":"Event2","string":"playStreamLine(2,255,255,0,0)"},{"time":2.7333,"name":"event","string":"movePosition_Target(0.1,400,0)"},{"time":2.7666,"name":"Sound1","string":"cri_se_battle_jump"},{"time":2.8333,"name":"Voice","string":"cri_220_voice_fullarts_rank5"},{"time":2.9,"name":"Sound1","string":"cri_se_battle_sword_srash"},{"time":3,"name":"Event2","string":"playStreamLine(2,255,255,0,0)"},{"time":3.3,"name":"Sound1","string":"cri_se_battle_skill_shot"},{"time":3.3,"name":"Sound2","string":"setHitSound(se_battle_hard_hit)"},{"time":3.4666,"name":"Event2","string":"playStreamLine(0.1,255,255,0,0)"},{"time":3.6,"name":"Sound1","string":"cri_se_battle_016_boss_ko"},{"time":3.6,"name":"Sound2","string":"cri_se_battle_monster_hit"},{"time":3.6,"name":"event","string":"setHitBackEnemy(0,150)"},{"time":3.6333,"name":"event","float":0.2,"string":"kHitStopType_normal"},{"time":3.6666,"name":"event","string":"kImpactType_up"},{"time":3.7,"name":"Event2","string":"runSkillEffect"},{"time":3.7333,"name":"Event2","string":"runScript-addBuff"},{"time":3.7333,"name":"Hit","float":20,"string":"resetHitList"},{"time":3.8,"name":"Hit","string":"resetHitList"},{"time":3.8,"name":"event","float":0.1,"string":"kHitStopType_enemyonly"},{"time":3.8666,"name":"Hit","string":"resetHitList"},{"time":3.9333,"name":"Hit","string":"resetHitList"}]}}}