{"skeleton":{"hash":"LUKKWjE2y4cPZnB2WZz6o2y2pak","spine":"3.0.12","width":512,"height":512},"bones":[{"name":"root"},{"name":"graund_wave_2","parent":"root","x":100,"y":-200},{"name":"graund_wave_1","parent":"root","x":100,"y":-200},{"name":"graund_wave_0","parent":"root","x":100,"y":-200},{"name":"ef_slash","parent":"root","x":100,"y":-150},{"name":"atEF_0","parent":"root","x":100,"y":-200},{"name":"MAIN","parent":"root","y":70},{"name":"back_EF","parent":"MAIN","x":100,"y":-170},{"name":"HITBOX","parent":"MAIN","y":-6.62,"scaleX":0.376},{"name":"EF_attack_00","parent":"root","x":100,"y":-50},{"name":"DAMAGEAREA","parent":"root"},{"name":"skill3_dot","parent":"MAIN","x":69.61,"y":10.62,"scaleX":2,"scaleY":2}],"slots":[{"name":"EF/main_graund_wave_A_main/ef_graund_wave_A_main_00001","bone":"graund_wave_0","blend":"additive"},{"name":"EF/main_graund_wave_A_main/ef_graund_wave_A_main_1","bone":"graund_wave_1","blend":"additive"},{"name":"EF/main_graund_wave_A_main/ef_graund_wave_A_main_2","bone":"graund_wave_2","blend":"additive"},{"name":"MAIN","bone":"MAIN","attachment":"idle_00"},{"name":"dot_EF/skill3/skill3_00","bone":"skill3_dot"},{"name":"dot_EF/skill3/skill3_04_1","bone":"skill3_dot"},{"name":"dot_EF/back/back_EF_00","bone":"back_EF"},{"name":"EF/ef_slash_main/ef_slash_main_00001","bone":"ef_slash","blend":"additive"},{"name":"DAMAGEAREA","bone":"DAMAGEAREA"},{"name":"dot_EF/attack/EF_attack_00","bone":"EF_attack_00"},{"name":"dot_EF/attack/EF/EF_atEF_00","bone":"atEF_0"},{"name":"HITBOX","bone":"HITBOX","attachment":"HITBOX"}],"skins":{"default":{"DAMAGEAREA":{"DAMAGEAREA":{"type":"boundingbox","vertices":[-32.56936,32.60807,-32.58322,-31.1909,32.26989,-31.39595,32.04898,32.52509]}},"EF/ef_slash_main/ef_slash_main_00001":{"EF/ef_slash_main/ef_slash_main_00001":{"x":18.99,"y":0.58,"rotation":-90,"width":100,"height":167},"EF/ef_slash_main/ef_slash_main_00002":{"x":18.99,"y":0.58,"rotation":-90,"width":100,"height":167},"EF/ef_slash_main/ef_slash_main_00003":{"x":18.99,"y":0.58,"rotation":-90,"width":100,"height":167},"EF/ef_slash_main/ef_slash_main_00004":{"x":18.99,"y":0.58,"rotation":-90,"width":100,"height":167},"EF/ef_slash_main/ef_slash_main_00005":{"x":18.99,"y":0.58,"rotation":-90,"width":100,"height":167},"EF/ef_slash_main/ef_slash_main_00006":{"x":18.99,"y":0.58,"rotation":-90,"width":100,"height":167},"EF/ef_slash_main/ef_slash_main_00007":{"x":18.99,"y":0.58,"rotation":-90,"width":100,"height":167},"EF/ef_slash_main/ef_slash_main_00008":{"x":18.99,"y":0.58,"rotation":-90,"width":100,"height":167},"EF/ef_slash_main/ef_slash_main_00009":{"x":18.99,"y":0.58,"rotation":-90,"width":100,"height":167},"EF/ef_slash_main/ef_slash_main_00010":{"x":18.99,"y":0.58,"rotation":-90,"width":100,"height":167}},"EF/main_graund_wave_A_main/ef_graund_wave_A_main_00001":{"EF/main_graund_wave_A_main/ef_graund_wave_A_main_00001":{"x":-0.53,"y":10.62,"width":200,"height":133},"EF/main_graund_wave_A_main/ef_graund_wave_A_main_00003":{"x":-0.53,"y":10.62,"width":200,"height":133},"EF/main_graund_wave_A_main/ef_graund_wave_A_main_00005":{"x":-0.53,"y":10.62,"width":200,"height":133},"EF/main_graund_wave_A_main/ef_graund_wave_A_main_00007":{"x":-0.53,"y":10.62,"width":200,"height":133},"EF/main_graund_wave_A_main/ef_graund_wave_A_main_00009":{"x":-0.53,"y":10.62,"width":200,"height":133},"EF/main_graund_wave_A_main/ef_graund_wave_A_main_00011":{"x":-0.53,"y":10.62,"width":200,"height":133},"EF/main_graund_wave_A_main/ef_graund_wave_A_main_00013":{"x":-0.53,"y":10.62,"width":200,"height":133}},"EF/main_graund_wave_A_main/ef_graund_wave_A_main_1":{"EF/main_graund_wave_A_main/ef_graund_wave_A_main_00001":{"x":-0.53,"y":10.62,"width":200,"height":133},"EF/main_graund_wave_A_main/ef_graund_wave_A_main_00003":{"x":-0.53,"y":10.62,"width":200,"height":133},"EF/main_graund_wave_A_main/ef_graund_wave_A_main_00005":{"x":-0.53,"y":10.62,"width":200,"height":133},"EF/main_graund_wave_A_main/ef_graund_wave_A_main_00007":{"x":-0.53,"y":10.62,"width":200,"height":133},"EF/main_graund_wave_A_main/ef_graund_wave_A_main_00009":{"x":-0.53,"y":10.62,"width":200,"height":133},"EF/main_graund_wave_A_main/ef_graund_wave_A_main_00011":{"x":-0.53,"y":10.62,"width":200,"height":133},"EF/main_graund_wave_A_main/ef_graund_wave_A_main_00013":{"x":-0.53,"y":10.62,"width":200,"height":133}},"EF/main_graund_wave_A_main/ef_graund_wave_A_main_2":{"EF/main_graund_wave_A_main/ef_graund_wave_A_main_00001":{"x":-0.53,"y":10.62,"width":200,"height":133},"EF/main_graund_wave_A_main/ef_graund_wave_A_main_00003":{"x":-0.53,"y":10.62,"width":200,"height":133},"EF/main_graund_wave_A_main/ef_graund_wave_A_main_00005":{"x":-0.53,"y":10.62,"width":200,"height":133},"EF/main_graund_wave_A_main/ef_graund_wave_A_main_00007":{"x":-0.53,"y":10.62,"width":200,"height":133},"EF/main_graund_wave_A_main/ef_graund_wave_A_main_00009":{"x":-0.53,"y":10.62,"width":200,"height":133},"EF/main_graund_wave_A_main/ef_graund_wave_A_main_00011":{"x":-0.53,"y":10.62,"width":200,"height":133},"EF/main_graund_wave_A_main/ef_graund_wave_A_main_00013":{"x":-0.53,"y":10.62,"width":200,"height":133}},"HITBOX":{"HITBOX":{"type":"boundingbox","vertices":[-63.89446,64.09263,-63.89446,-63.9897,63.85259,-63.9897,63.85259,64.09263]}},"MAIN":{"attack_00":{"x":14.82,"y":8.67,"scaleX":2,"scaleY":2,"width":256,"height":256},"attack_01":{"x":14.82,"y":8.67,"scaleX":2,"scaleY":2,"width":256,"height":256},"attack_02":{"x":14.82,"y":8.67,"scaleX":2,"scaleY":2,"width":256,"height":256},"attack_03":{"x":14.82,"y":8.67,"scaleX":2,"scaleY":2,"width":256,"height":256},"attack_04":{"x":14.82,"y":8.67,"scaleX":2,"scaleY":2,"width":256,"height":256},"attack_05":{"x":14.82,"y":8.67,"scaleX":2,"scaleY":2,"width":256,"height":256},"attack_06":{"x":14.82,"y":8.67,"scaleX":2,"scaleY":2,"width":256,"height":256},"attack_07":{"x":14.82,"y":8.67,"scaleX":2,"scaleY":2,"width":256,"height":256},"attack_08":{"x":14.82,"y":8.67,"scaleX":2,"scaleY":2,"width":256,"height":256},"attack_09":{"x":14.82,"y":8.67,"scaleX":2,"scaleY":2,"width":256,"height":256},"attack_10":{"x":14.82,"y":8.67,"scaleX":2,"scaleY":2,"width":256,"height":256},"attack_11":{"x":14.82,"y":8.67,"scaleX":2,"scaleY":2,"width":256,"height":256},"attack_12":{"x":14.82,"y":8.67,"scaleX":2,"scaleY":2,"width":256,"height":256},"attack_13":{"x":14.82,"y":8.67,"scaleX":2,"scaleY":2,"width":256,"height":256},"back_00":{"x":14.82,"y":8.67,"scaleX":2,"scaleY":2,"width":256,"height":256},"back_01":{"x":14.82,"y":8.67,"scaleX":2,"scaleY":2,"width":256,"height":256},"back_02":{"x":14.82,"y":8.67,"scaleX":2,"scaleY":2,"width":256,"height":256},"back_03":{"x":14.82,"y":8.67,"scaleX":2,"scaleY":2,"width":256,"height":256},"damage_00":{"x":14.82,"y":8.67,"scaleX":2,"scaleY":2,"width":256,"height":256},"front_00":{"x":14.82,"y":8.67,"scaleX":2,"scaleY":2,"width":256,"height":256},"idle_00":{"x":14.82,"y":8.67,"scaleX":2,"scaleY":2,"width":256,"height":256},"idle_01":{"x":14.82,"y":8.67,"scaleX":2,"scaleY":2,"width":256,"height":256},"idle_02":{"x":14.82,"y":8.67,"scaleX":2,"scaleY":2,"width":256,"height":256},"idle_03":{"x":14.82,"y":8.67,"scaleX":2,"scaleY":2,"width":256,"height":256},"idle_04":{"x":14.82,"y":8.67,"scaleX":2,"scaleY":2,"width":256,"height":256},"idle_05":{"x":14.82,"y":8.67,"scaleX":2,"scaleY":2,"width":256,"height":256},"skill1_00":{"x":14.82,"y":8.67,"scaleX":2,"scaleY":2,"width":256,"height":256},"skill1_01":{"x":14.82,"y":8.67,"scaleX":2,"scaleY":2,"width":256,"height":256},"skill1_02":{"x":14.82,"y":8.67,"scaleX":2,"scaleY":2,"width":256,"height":256},"skill1_03":{"x":14.82,"y":8.67,"scaleX":2,"scaleY":2,"width":256,"height":256},"skill1_04":{"x":14.82,"y":8.67,"scaleX":2,"scaleY":2,"width":256,"height":256},"skill1_05":{"x":14.82,"y":8.67,"scaleX":2,"scaleY":2,"width":256,"height":256},"skill1_06":{"x":14.82,"y":8.67,"scaleX":2,"scaleY":2,"width":256,"height":256},"skill1_07":{"x":14.82,"y":8.67,"scaleX":2,"scaleY":2,"width":256,"height":256},"skill1_08":{"x":14.82,"y":8.67,"scaleX":2,"scaleY":2,"width":256,"height":256},"skill1_09":{"x":14.82,"y":8.67,"scaleX":2,"scaleY":2,"width":256,"height":256},"skill2_00":{"x":14.82,"y":8.67,"scaleX":2,"scaleY":2,"width":256,"height":256},"skill2_01":{"x":14.82,"y":8.67,"scaleX":2,"scaleY":2,"width":256,"height":256},"skill2_02":{"x":14.82,"y":8.67,"scaleX":2,"scaleY":2,"width":256,"height":256},"skill2_03":{"x":14.82,"y":8.67,"scaleX":2,"scaleY":2,"width":256,"height":256},"skill2_04":{"x":14.82,"y":8.67,"scaleX":2,"scaleY":2,"width":256,"height":256},"skill2_05":{"x":14.82,"y":8.67,"scaleX":2,"scaleY":2,"width":256,"height":256},"skill2_06":{"x":14.82,"y":8.67,"scaleX":2,"scaleY":2,"width":256,"height":256},"skill2_07":{"x":14.82,"y":8.67,"scaleX":2,"scaleY":2,"width":256,"height":256},"skill2_08":{"x":14.82,"y":8.67,"scaleX":2,"scaleY":2,"width":256,"height":256},"skill2_09":{"x":14.82,"y":8.67,"scaleX":2,"scaleY":2,"width":256,"height":256},"skill2_10":{"x":14.82,"y":8.67,"scaleX":2,"scaleY":2,"width":256,"height":256},"skill2_11":{"x":14.82,"y":8.67,"scaleX":2,"scaleY":2,"width":256,"height":256},"skill2_12":{"x":14.82,"y":8.67,"scaleX":2,"scaleY":2,"width":256,"height":256},"skill2_13":{"x":14.82,"y":8.67,"scaleX":2,"scaleY":2,"width":256,"height":256},"skill2_14":{"x":14.82,"y":8.67,"scaleX":2,"scaleY":2,"width":256,"height":256},"skill2_15":{"x":14.82,"y":8.67,"scaleX":2,"scaleY":2,"width":256,"height":256},"skill2_16":{"x":14.82,"y":8.67,"scaleX":2,"scaleY":2,"width":256,"height":256},"skill2_17":{"x":14.82,"y":8.67,"scaleX":2,"scaleY":2,"width":256,"height":256},"skill2_18":{"x":14.82,"y":8.67,"scaleX":2,"scaleY":2,"width":256,"height":256},"skill2_19":{"x":14.82,"y":8.67,"scaleX":2,"scaleY":2,"width":256,"height":256},"skill3_00":{"x":14.82,"y":8.67,"scaleX":2,"scaleY":2,"width":256,"height":256},"skill3_01":{"x":14.82,"y":8.67,"scaleX":2,"scaleY":2,"width":256,"height":256},"skill3_02":{"x":14.82,"y":8.67,"scaleX":2,"scaleY":2,"width":256,"height":256},"skill3_03":{"x":14.82,"y":8.67,"scaleX":2,"scaleY":2,"width":256,"height":256},"skill3_04":{"x":14.82,"y":8.67,"scaleX":2,"scaleY":2,"width":256,"height":256},"skill3_05":{"x":14.82,"y":8.67,"scaleX":2,"scaleY":2,"width":256,"height":256},"skill3_06":{"x":14.82,"y":8.67,"scaleX":2,"scaleY":2,"width":256,"height":256},"skill3_07":{"x":14.82,"y":8.67,"scaleX":2,"scaleY":2,"width":256,"height":256},"skill3_08":{"x":14.82,"y":8.67,"scaleX":2,"scaleY":2,"width":256,"height":256},"skill3_09":{"x":14.82,"y":8.67,"scaleX":2,"scaleY":2,"width":256,"height":256},"skill3_10":{"x":14.82,"y":8.67,"scaleX":2,"scaleY":2,"width":256,"height":256},"skill3_11":{"x":14.82,"y":8.67,"scaleX":2,"scaleY":2,"width":256,"height":256},"skill3_12":{"x":14.82,"y":8.67,"scaleX":2,"scaleY":2,"width":256,"height":256},"skill3_13":{"x":14.82,"y":8.67,"scaleX":2,"scaleY":2,"width":256,"height":256},"skill3_14":{"x":14.82,"y":8.67,"scaleX":2,"scaleY":2,"width":256,"height":256},"skill3_15":{"x":14.82,"y":8.67,"scaleX":2,"scaleY":2,"width":256,"height":256},"skill3_16":{"x":14.82,"y":8.67,"scaleX":2,"scaleY":2,"width":256,"height":256},"skill3_17":{"x":14.82,"y":8.67,"scaleX":2,"scaleY":2,"width":256,"height":256},"skill3_18":{"x":14.82,"y":8.67,"scaleX":2,"scaleY":2,"width":256,"height":256},"skill3_19":{"x":14.82,"y":8.67,"scaleX":2,"scaleY":2,"width":256,"height":256},"skill3_20":{"x":14.82,"y":8.67,"scaleX":2,"scaleY":2,"width":256,"height":256},"skill3_21":{"x":14.82,"y":8.67,"scaleX":2,"scaleY":2,"width":256,"height":256},"skill3_22":{"x":14.82,"y":8.67,"scaleX":2,"scaleY":2,"width":256,"height":256}},"dot_EF/attack/EF/EF_atEF_00":{"dot_EF/attack/EF/EF_atEF_00":{"x":111.85,"y":111.36,"scaleX":2,"scaleY":2,"rotation":6.99,"width":300,"height":150},"dot_EF/attack/EF/EF_atEF_01":{"x":187.77,"y":115.21,"scaleX":2,"scaleY":2,"rotation":6.99,"width":300,"height":150},"dot_EF/attack/EF/EF_atEF_02":{"x":214.67,"y":119.05,"scaleX":2,"scaleY":2,"rotation":6.99,"width":300,"height":150},"dot_EF/attack/EF/EF_atEF_03":{"x":262.7,"y":121.93,"scaleX":2,"scaleY":2,"rotation":6.99,"width":300,"height":150},"dot_EF/attack/EF/EF_atEF_04":{"x":262.7,"y":121.94,"scaleX":2,"scaleY":2,"rotation":6.99,"width":300,"height":150}},"dot_EF/attack/EF_attack_00":{"dot_EF/attack/EF_attack_00":{"x":-120.75,"y":1.03,"scaleX":2,"scaleY":2,"width":300,"height":150},"dot_EF/attack/EF_attack_01":{"x":-120.75,"y":1.03,"scaleX":2,"scaleY":2,"width":300,"height":150},"dot_EF/attack/EF_attack_02":{"x":-120.75,"y":1.03,"scaleX":2,"scaleY":2,"width":300,"height":150},"dot_EF/attack/EF_attack_03":{"x":-120.75,"y":1.03,"scaleX":2,"scaleY":2,"width":300,"height":150},"dot_EF/attack/EF_attack_04":{"x":-120.75,"y":1.03,"scaleX":2,"scaleY":2,"width":300,"height":150},"dot_EF/attack/EF_attack_05":{"x":-120.75,"y":1.03,"scaleX":2,"scaleY":2,"width":300,"height":150},"dot_EF/attack/EF_attack_06":{"x":-120.75,"y":1.03,"scaleX":2,"scaleY":2,"width":300,"height":150},"dot_EF/attack/EF_attack_07":{"x":-120.75,"y":1.03,"scaleX":2,"scaleY":2,"width":300,"height":150},"dot_EF/attack/EF_attack_08":{"x":-120.75,"y":1.03,"scaleX":2,"scaleY":2,"width":300,"height":150},"dot_EF/attack/EF_attack_09":{"x":-120.75,"y":1.03,"scaleX":2,"scaleY":2,"width":300,"height":150},"dot_EF/attack/EF_attack_10":{"x":-120.75,"y":1.03,"scaleX":2,"scaleY":2,"width":300,"height":150},"dot_EF/attack/EF_attack_11":{"x":-120.75,"y":1.03,"scaleX":2,"scaleY":2,"width":300,"height":150}},"dot_EF/back/back_EF_00":{"dot_EF/back/back_EF_00":{"x":30.63,"y":11.49,"scaleX":2,"scaleY":2,"width":256,"height":256},"dot_EF/back/back_EF_01":{"x":30.63,"y":11.49,"scaleX":2,"scaleY":2,"width":256,"height":256},"dot_EF/back/back_EF_02":{"x":30.63,"y":11.49,"scaleX":2,"scaleY":2,"width":256,"height":256},"dot_EF/back/back_EF_03":{"x":30.63,"y":11.49,"scaleX":2,"scaleY":2,"width":256,"height":256},"dot_EF/back/back_EF_04":{"x":30.63,"y":11.49,"scaleX":2,"scaleY":2,"width":256,"height":256},"dot_EF/back/back_EF_05":{"x":30.63,"y":11.49,"scaleX":2,"scaleY":2,"width":256,"height":256},"dot_EF/back/back_EF_06":{"x":30.63,"y":11.49,"scaleX":2,"scaleY":2,"width":256,"height":256},"dot_EF/back/back_EF_07":{"x":30.63,"y":11.49,"scaleX":2,"scaleY":2,"width":256,"height":256},"dot_EF/back/back_EF_08":{"x":30.63,"y":11.49,"scaleX":2,"scaleY":2,"width":256,"height":256},"dot_EF/back/back_EF_09":{"x":30.63,"y":11.49,"scaleX":2,"scaleY":2,"width":256,"height":256},"dot_EF/back/back_EF_10":{"x":30.63,"y":11.49,"scaleX":2,"scaleY":2,"width":256,"height":256},"dot_EF/back/back_EF_11":{"x":30.63,"y":11.49,"scaleX":2,"scaleY":2,"width":256,"height":256},"dot_EF/back/back_EF_12":{"x":30.63,"y":11.49,"scaleX":2,"scaleY":2,"width":256,"height":256}},"dot_EF/skill3/skill3_00":{"dot_EF/skill3/skill3_00":{"x":-0.14,"y":19,"width":23,"height":119},"dot_EF/skill3/skill3_01":{"x":-0.14,"y":19,"width":23,"height":119},"dot_EF/skill3/skill3_02":{"x":-0.14,"y":19,"width":23,"height":119},"dot_EF/skill3/skill3_03":{"x":-0.14,"y":19,"width":23,"height":119},"dot_EF/skill3/skill3_04":{"x":-0.14,"y":19,"width":23,"height":121}},"dot_EF/skill3/skill3_04_1":{"dot_EF/skill3/skill3_04_1":{"x":-0.14,"y":19,"width":23,"height":121},"dot_EF/skill3/skill3_04_2":{"x":-0.14,"y":19,"width":23,"height":121}}}},"events":{"Events":{},"Hit":{},"Sound1":{},"Sound2":{},"Sound3":{},"Voice":{}},"animations":{"attack1":{"slots":{"DAMAGEAREA":{"attachment":[{"time":0.7333,"name":"DAMAGEAREA"},{"time":1.0666,"name":null}]},"MAIN":{"attachment":[{"time":0,"name":"idle_00"},{"time":0.1,"name":"attack_00"},{"time":0.2,"name":"attack_01"},{"time":0.3,"name":"attack_02"},{"time":0.4,"name":"attack_03"},{"time":0.5,"name":"attack_04"},{"time":0.6,"name":"attack_05"},{"time":0.7,"name":"attack_06"},{"time":0.7666,"name":"attack_07"},{"time":0.8666,"name":"attack_08"},{"time":0.9333,"name":"attack_09"},{"time":1.0333,"name":"attack_10"},{"time":1.1,"name":"attack_11"},{"time":1.1666,"name":"attack_12"},{"time":1.2666,"name":"attack_13"},{"time":1.3333,"name":"idle_00"}]},"dot_EF/attack/EF/EF_atEF_00":{"attachment":[{"time":0.5,"name":null},{"time":0.7666,"name":"dot_EF/attack/EF/EF_atEF_00"},{"time":0.8333,"name":"dot_EF/attack/EF/EF_atEF_01"},{"time":0.9,"name":"dot_EF/attack/EF/EF_atEF_02"},{"time":0.9666,"name":"dot_EF/attack/EF/EF_atEF_03"},{"time":1.0333,"name":"dot_EF/attack/EF/EF_atEF_04"},{"time":1.1666,"name":null}],"color":[{"time":1.1,"color":"ffffffff"},{"time":1.2,"color":"ffffff00"}]},"dot_EF/attack/EF_attack_00":{"attachment":[{"time":0.1666,"name":"dot_EF/attack/EF_attack_00"},{"time":0.2333,"name":"dot_EF/attack/EF_attack_01"},{"time":0.3,"name":"dot_EF/attack/EF_attack_02"},{"time":0.3666,"name":"dot_EF/attack/EF_attack_03"},{"time":0.4333,"name":"dot_EF/attack/EF_attack_04"},{"time":0.5,"name":"dot_EF/attack/EF_attack_05"},{"time":0.5666,"name":"dot_EF/attack/EF_attack_06"},{"time":0.7,"name":"dot_EF/attack/EF_attack_07"},{"time":0.7333,"name":"dot_EF/attack/EF_attack_08"},{"time":0.7666,"name":"dot_EF/attack/EF_attack_09"},{"time":0.8333,"name":"dot_EF/attack/EF_attack_10"},{"time":0.9,"name":"dot_EF/attack/EF_attack_11"},{"time":0.9333,"name":null}]}},"bones":{"MAIN":{"translate":[{"time":0,"x":0,"y":0,"curve":"stepped"},{"time":0.1,"x":-5.49,"y":0,"curve":"stepped"},{"time":0.2,"x":-14.83,"y":0,"curve":"stepped"},{"time":0.3,"x":-15.93,"y":0,"curve":"stepped"},{"time":1.2666,"x":-11.53,"y":0,"curve":"stepped"},{"time":1.3333,"x":0,"y":0}]},"EF_attack_00":{"translate":[{"time":0.1666,"x":-154.64,"y":154.64,"curve":"stepped"},{"time":0.7,"x":-154.64,"y":158.8}],"scale":[{"time":0.1666,"x":1.462,"y":1.462,"curve":"stepped"},{"time":0.7,"x":1,"y":1}]},"atEF_0":{"rotate":[{"time":0.7666,"angle":-4.31}],"translate":[{"time":0.7666,"x":-389.86,"y":208.51,"curve":[0.312,0.38,0.75,1]},{"time":1,"x":-525.06,"y":218.67,"curve":[0.25,0,0.75,1]},{"time":1.2,"x":-551.75,"y":220.67}]},"DAMAGEAREA":{"translate":[{"time":0.7333,"x":-186.67,"y":48.27,"curve":[0.302,0.33,0.705,0.84]},{"time":1,"x":-356.97,"y":48.27}],"scale":[{"time":0.7333,"x":2.553,"y":2.004}]}},"events":[{"time":0,"name":"Events","string":"setHitEffect(hit04a, 0)"},{"time":0,"name":"Sound3","string":"setHitSound(se_battle_explosion_short)"},{"time":0,"name":"Voice","string":"cri_289_voice_attack_random"},{"time":0.0333,"name":"Events","float":0.02,"string":"kHitStopType_normal"},{"time":0.1666,"name":"Sound1","string":"cri_se_battle_040_weapon_swing"},{"time":0.7333,"name":"Sound1","string":"cri_se_battle_033_explosion_element_01"},{"time":0.7333,"name":"Voice","string":"cri_289_voice_attack_c"}]},"back":{"slots":{"MAIN":{"attachment":[{"time":0,"name":"back_00"},{"time":0.1,"name":"back_01"},{"time":0.2,"name":"back_02"},{"time":0.2666,"name":"back_03"},{"time":0.3333,"name":null},{"time":0.9666,"name":"idle_04"},{"time":1.1666,"name":"idle_05"}]},"dot_EF/back/back_EF_00":{"attachment":[{"time":0.1333,"name":"dot_EF/back/back_EF_00"},{"time":0.2,"name":"dot_EF/back/back_EF_01"},{"time":0.2666,"name":"dot_EF/back/back_EF_02"},{"time":0.3333,"name":"dot_EF/back/back_EF_03"},{"time":0.4333,"name":"dot_EF/back/back_EF_04"},{"time":0.5333,"name":"dot_EF/back/back_EF_05"},{"time":0.6333,"name":null},{"time":0.6666,"name":"dot_EF/back/back_EF_07"},{"time":0.7666,"name":"dot_EF/back/back_EF_08"},{"time":0.8666,"name":"dot_EF/back/back_EF_09"},{"time":0.9666,"name":"dot_EF/back/back_EF_10"},{"time":1.0666,"name":"dot_EF/back/back_EF_11"},{"time":1.1666,"name":"dot_EF/back/back_EF_12"},{"time":1.2666,"name":null}]}},"bones":{"MAIN":{"translate":[{"time":0.6666,"x":140,"y":0}]},"back_EF":{"translate":[{"time":0.1333,"x":-101.4,"y":157.6,"curve":"stepped"},{"time":0.6666,"x":-115.42,"y":166.67}]}},"events":[{"time":0.2,"name":"Sound1","string":"cri_se_battle_teleport"},{"time":0.6666,"name":"Sound1","string":"cri_se_battle_teleport"}]},"cast":{"slots":{"MAIN":{"attachment":[{"time":0,"name":"idle_00"},{"time":0.0666,"name":"attack_00"},{"time":0.1333,"name":"attack_01"},{"time":0.2,"name":"attack_02"},{"time":0.2666,"name":"attack_03"},{"time":0.3333,"name":"attack_04"},{"time":0.4,"name":"attack_05"},{"time":0.5,"name":"attack_06"},{"time":0.5666,"name":"attack_07"},{"time":0.6333,"name":"attack_09"},{"time":0.7333,"name":"attack_10"},{"time":0.8,"name":"attack_11"},{"time":0.8666,"name":"attack_12"},{"time":0.9333,"name":"attack_13"},{"time":1,"name":"idle_00"}]}},"bones":{"MAIN":{"translate":[{"time":0,"x":0,"y":0,"curve":"stepped"},{"time":0.0666,"x":-5.49,"y":0,"curve":"stepped"},{"time":0.1333,"x":-14.83,"y":0,"curve":"stepped"},{"time":0.2,"x":-15.93,"y":0,"curve":"stepped"},{"time":0.9333,"x":-11.53,"y":0,"curve":"stepped"},{"time":1,"x":0,"y":0}]}},"events":[{"time":0,"name":"Events","string":"setHitEffect(hit04a, 0)"},{"time":0.0333,"name":"Events","float":0.02,"string":"kHitStopType_normal"},{"time":0.5,"name":"Voice","string":"cri_289_voice_attack_random"}]},"damage":{"slots":{"MAIN":{"attachment":[{"time":0,"name":"damage_00"}]}}},"front":{"slots":{"MAIN":{"attachment":[{"time":0,"name":"front_00"}]}}},"idle":{"slots":{"MAIN":{"attachment":[{"time":0,"name":"idle_00"},{"time":0.2333,"name":"idle_01"},{"time":0.4333,"name":"idle_02"},{"time":0.6666,"name":"idle_03"},{"time":0.9,"name":"idle_04"},{"time":1.1,"name":"idle_05"},{"time":1.3333,"name":"idle_00"}]}},"bones":{"MAIN":{"translate":[{"time":0,"x":0,"y":0}]}}},"in":{"slots":{"MAIN":{"attachment":[{"time":0,"name":"skill1_06"},{"time":0.2,"name":"skill1_07"},{"time":0.3,"name":"skill1_08"},{"time":0.4,"name":"skill1_09"},{"time":0.5,"name":"skill2_00"},{"time":0.6,"name":"idle_05"},{"time":0.7333,"name":"idle_05"}],"color":[{"time":0,"color":"ffffff00"},{"time":0.2,"color":"ffffffff"}]}},"bones":{"MAIN":{"translate":[{"time":0,"x":30.16,"y":0,"curve":"stepped"},{"time":0.2,"x":23.46,"y":0,"curve":"stepped"},{"time":0.3,"x":17.59,"y":0,"curve":"stepped"},{"time":0.4,"x":8.79,"y":0,"curve":"stepped"},{"time":0.5,"x":0,"y":0,"curve":"stepped"},{"time":0.7333,"x":0,"y":0}]}},"events":[{"time":0,"name":"Events","string":"takeSummon"}]},"skill1":{"slots":{"EF/main_graund_wave_A_main/ef_graund_wave_A_main_00001":{"attachment":[{"time":0.2666,"name":"EF/main_graund_wave_A_main/ef_graund_wave_A_main_00001"},{"time":0.3,"name":"EF/main_graund_wave_A_main/ef_graund_wave_A_main_00003"},{"time":0.3333,"name":"EF/main_graund_wave_A_main/ef_graund_wave_A_main_00005"},{"time":0.3666,"name":"EF/main_graund_wave_A_main/ef_graund_wave_A_main_00007"},{"time":0.4,"name":"EF/main_graund_wave_A_main/ef_graund_wave_A_main_00009"},{"time":0.4333,"name":"EF/main_graund_wave_A_main/ef_graund_wave_A_main_00011"},{"time":0.4666,"name":"EF/main_graund_wave_A_main/ef_graund_wave_A_main_00013"},{"time":0.5,"name":null}]},"MAIN":{"attachment":[{"time":0,"name":"skill1_00"},{"time":0.1,"name":"skill1_01"},{"time":0.2666,"name":"skill1_02"},{"time":0.3666,"name":"skill1_03"},{"time":0.4666,"name":"skill1_04"},{"time":0.5666,"name":"skill1_05"},{"time":0.6666,"name":"skill1_06"},{"time":1.3333,"name":"skill1_07"},{"time":1.4333,"name":"skill1_08"},{"time":1.5333,"name":"skill1_09"},{"time":1.6333,"name":"skill2_00"},{"time":1.7333,"name":"idle_00"}]}},"bones":{"MAIN":{"translate":[{"time":0.3666,"x":-10.61,"y":0,"curve":"stepped"},{"time":1.4333,"x":-23.31,"y":0,"curve":"stepped"},{"time":1.5333,"x":-28.96,"y":0,"curve":"stepped"},{"time":1.6333,"x":-33.06,"y":0}]},"graund_wave_0":{"translate":[{"time":0.2333,"x":-141.28,"y":200.01}],"scale":[{"time":0.2333,"x":2.188,"y":2.188}]}},"events":[{"time":0,"name":"Events","string":"setHitEffect(hit03a, 0)"},{"time":0.1333,"name":"Events","int":-1,"float":-1,"string":"addOrbitSystem_skill1_BGorbit"},{"time":0.2666,"name":"Sound1","string":"cri_se_battle_magic_Invocation_dark"},{"time":0.2666,"name":"Voice","string":"cri_289_voice_skill_all"},{"time":0.8333,"name":"Events","string":"addOrbitSystem_skill1_orbit_0"},{"time":0.8666,"name":"Events","string":"addOrbitSystem_skill1_orbit_1"},{"time":0.9,"name":"Events","string":"addOrbitSystem_skill1_orbit_2"}]},"skill2":{"slots":{"MAIN":{"attachment":[{"time":0,"name":"skill2_00"},{"time":0.1,"name":"skill2_01"},{"time":0.2,"name":"skill2_02"},{"time":0.3,"name":"skill2_03"},{"time":0.4,"name":"skill2_04"},{"time":0.5,"name":"skill2_05"},{"time":0.6,"name":"skill2_06"},{"time":0.7,"name":"skill2_07"},{"time":0.8,"name":"skill2_08"},{"time":0.9,"name":"skill2_09"},{"time":1.1333,"name":"skill2_10"},{"time":1.2333,"name":"skill2_11"},{"time":1.4333,"name":"skill2_12"},{"time":1.4666,"name":"skill2_13"},{"time":1.5,"name":"skill2_14"},{"time":1.5666,"name":"skill2_15"},{"time":1.6333,"name":"skill2_16"},{"time":1.7,"name":"skill2_15"},{"time":1.7666,"name":"skill2_16"},{"time":1.8333,"name":"skill2_15"},{"time":1.9,"name":"skill2_16"},{"time":1.9666,"name":"skill2_15"},{"time":2.0333,"name":"skill2_16"},{"time":2.1,"name":"skill2_15"},{"time":2.1666,"name":"skill2_16"},{"time":2.2333,"name":"skill2_17"},{"time":2.3333,"name":"skill2_18"},{"time":2.5,"name":"skill2_19"},{"time":2.7,"name":"idle_00"}]}},"bones":{"MAIN":{"translate":[{"time":0.2,"x":-1.93,"y":0,"curve":"stepped"},{"time":1.1333,"x":-9.3,"y":0,"curve":"stepped"},{"time":1.4333,"x":-23.55,"y":17.19,"curve":[0.142,0.79,0.75,1]},{"time":1.7333,"x":-65.59,"y":47.67,"curve":[0.789,0,1,0.62]},{"time":2.2666,"x":-73.47,"y":16.66,"curve":"stepped"},{"time":2.3333,"x":-85.03,"y":0.37}]}},"events":[{"time":0,"name":"Sound3","string":"setHitSound(se_battle_explosion_short)"},{"time":0,"name":"Voice","string":"cri_289_voice_fullarts_now"},{"time":0.3333,"name":"Sound1","string":"cri_se_battle_033_explosion_element_01"},{"time":1.4,"name":"Voice","string":"cri_289_voice_fullarts_rank5"},{"time":1.4333,"name":"Sound1","string":"cri_se_battle_beam"},{"time":1.5333,"name":"Sound1","string":"cri_se_battle_beam"},{"time":1.6333,"name":"Sound1","string":"cri_se_battle_beam"},{"time":1.9333,"name":"Events","int":-1,"float":-1,"string":"addOrbitSystem_skill2_BG"},{"time":2.6,"name":"Events","string":"addOrbitSystem_skill2_orbit"}]},"skill3":{"slots":{"DAMAGEAREA":{"attachment":[{"time":1.3,"name":"DAMAGEAREA"},{"time":1.4666,"name":null},{"time":2.3,"name":"DAMAGEAREA"},{"time":2.4333,"name":null},{"time":3.0666,"name":"DAMAGEAREA"},{"time":3.3666,"name":null},{"time":3.6,"name":"DAMAGEAREA"},{"time":6.5,"name":null}]},"EF/ef_slash_main/ef_slash_main_00001":{"attachment":[{"time":1.2666,"name":"EF/ef_slash_main/ef_slash_main_00001"},{"time":1.3,"name":"EF/ef_slash_main/ef_slash_main_00002"},{"time":1.3333,"name":"EF/ef_slash_main/ef_slash_main_00003"},{"time":1.3666,"name":"EF/ef_slash_main/ef_slash_main_00004"},{"time":1.4,"name":"EF/ef_slash_main/ef_slash_main_00005"},{"time":1.4333,"name":"EF/ef_slash_main/ef_slash_main_00006"},{"time":1.4666,"name":"EF/ef_slash_main/ef_slash_main_00007"},{"time":1.5,"name":"EF/ef_slash_main/ef_slash_main_00008"},{"time":1.5333,"name":"EF/ef_slash_main/ef_slash_main_00009"},{"time":1.5666,"name":"EF/ef_slash_main/ef_slash_main_00010"},{"time":1.6,"name":null},{"time":3.1666,"name":"EF/ef_slash_main/ef_slash_main_00002"},{"time":3.2,"name":"EF/ef_slash_main/ef_slash_main_00003"},{"time":3.2333,"name":"EF/ef_slash_main/ef_slash_main_00004"},{"time":3.2666,"name":"EF/ef_slash_main/ef_slash_main_00005"},{"time":3.3,"name":"EF/ef_slash_main/ef_slash_main_00006"},{"time":3.3333,"name":"EF/ef_slash_main/ef_slash_main_00007"},{"time":3.3666,"name":"EF/ef_slash_main/ef_slash_main_00008"},{"time":3.4,"name":"EF/ef_slash_main/ef_slash_main_00009"},{"time":3.4333,"name":"EF/ef_slash_main/ef_slash_main_00010"},{"time":3.4666,"name":null}]},"EF/main_graund_wave_A_main/ef_graund_wave_A_main_00001":{"attachment":[{"time":0.0333,"name":"EF/main_graund_wave_A_main/ef_graund_wave_A_main_00001"},{"time":0.0666,"name":"EF/main_graund_wave_A_main/ef_graund_wave_A_main_00003"},{"time":0.1,"name":"EF/main_graund_wave_A_main/ef_graund_wave_A_main_00005"},{"time":0.1333,"name":"EF/main_graund_wave_A_main/ef_graund_wave_A_main_00007"},{"time":0.1666,"name":"EF/main_graund_wave_A_main/ef_graund_wave_A_main_00009"},{"time":0.2,"name":"EF/main_graund_wave_A_main/ef_graund_wave_A_main_00011"},{"time":0.2333,"name":"EF/main_graund_wave_A_main/ef_graund_wave_A_main_00013"},{"time":0.2666,"name":null},{"time":0.3333,"name":"EF/main_graund_wave_A_main/ef_graund_wave_A_main_00001"},{"time":0.4,"name":"EF/main_graund_wave_A_main/ef_graund_wave_A_main_00003"},{"time":0.4666,"name":"EF/main_graund_wave_A_main/ef_graund_wave_A_main_00005"},{"time":0.5333,"name":"EF/main_graund_wave_A_main/ef_graund_wave_A_main_00007"},{"time":0.6,"name":"EF/main_graund_wave_A_main/ef_graund_wave_A_main_00009"},{"time":0.6666,"name":"EF/main_graund_wave_A_main/ef_graund_wave_A_main_00011"},{"time":0.7333,"name":"EF/main_graund_wave_A_main/ef_graund_wave_A_main_00013"},{"time":0.8,"name":null},{"time":1.2666,"name":"EF/main_graund_wave_A_main/ef_graund_wave_A_main_00001"},{"time":1.3,"name":"EF/main_graund_wave_A_main/ef_graund_wave_A_main_00003"},{"time":1.3333,"name":"EF/main_graund_wave_A_main/ef_graund_wave_A_main_00005"},{"time":1.3666,"name":"EF/main_graund_wave_A_main/ef_graund_wave_A_main_00007"},{"time":1.4,"name":"EF/main_graund_wave_A_main/ef_graund_wave_A_main_00009"},{"time":1.4333,"name":"EF/main_graund_wave_A_main/ef_graund_wave_A_main_00011"},{"time":1.4666,"name":"EF/main_graund_wave_A_main/ef_graund_wave_A_main_00013"},{"time":1.5,"name":null},{"time":2.3,"name":"EF/main_graund_wave_A_main/ef_graund_wave_A_main_00001"},{"time":2.3333,"name":"EF/main_graund_wave_A_main/ef_graund_wave_A_main_00003"},{"time":2.3666,"name":"EF/main_graund_wave_A_main/ef_graund_wave_A_main_00005"},{"time":2.4,"name":"EF/main_graund_wave_A_main/ef_graund_wave_A_main_00007"},{"time":2.4333,"name":"EF/main_graund_wave_A_main/ef_graund_wave_A_main_00009"},{"time":2.4666,"name":"EF/main_graund_wave_A_main/ef_graund_wave_A_main_00011"},{"time":2.5,"name":"EF/main_graund_wave_A_main/ef_graund_wave_A_main_00013"},{"time":2.5333,"name":null}]},"EF/main_graund_wave_A_main/ef_graund_wave_A_main_1":{"attachment":[{"time":0.1333,"name":"EF/main_graund_wave_A_main/ef_graund_wave_A_main_00001"},{"time":0.1666,"name":"EF/main_graund_wave_A_main/ef_graund_wave_A_main_00003"},{"time":0.2,"name":"EF/main_graund_wave_A_main/ef_graund_wave_A_main_00005"},{"time":0.2333,"name":"EF/main_graund_wave_A_main/ef_graund_wave_A_main_00007"},{"time":0.2666,"name":"EF/main_graund_wave_A_main/ef_graund_wave_A_main_00009"},{"time":0.3,"name":"EF/main_graund_wave_A_main/ef_graund_wave_A_main_00011"},{"time":0.3333,"name":"EF/main_graund_wave_A_main/ef_graund_wave_A_main_00013"},{"time":0.3666,"name":null},{"time":0.4666,"name":"EF/main_graund_wave_A_main/ef_graund_wave_A_main_00001"},{"time":0.5333,"name":"EF/main_graund_wave_A_main/ef_graund_wave_A_main_00003"},{"time":0.6,"name":"EF/main_graund_wave_A_main/ef_graund_wave_A_main_00005"},{"time":0.6666,"name":"EF/main_graund_wave_A_main/ef_graund_wave_A_main_00007"},{"time":0.7333,"name":"EF/main_graund_wave_A_main/ef_graund_wave_A_main_00009"},{"time":0.8,"name":"EF/main_graund_wave_A_main/ef_graund_wave_A_main_00011"},{"time":0.8666,"name":"EF/main_graund_wave_A_main/ef_graund_wave_A_main_00013"},{"time":0.9333,"name":null},{"time":1.3333,"name":"EF/main_graund_wave_A_main/ef_graund_wave_A_main_00001"},{"time":1.3666,"name":"EF/main_graund_wave_A_main/ef_graund_wave_A_main_00003"},{"time":1.4,"name":"EF/main_graund_wave_A_main/ef_graund_wave_A_main_00005"},{"time":1.4333,"name":"EF/main_graund_wave_A_main/ef_graund_wave_A_main_00007"},{"time":1.4666,"name":"EF/main_graund_wave_A_main/ef_graund_wave_A_main_00009"},{"time":1.5333,"name":"EF/main_graund_wave_A_main/ef_graund_wave_A_main_00011"},{"time":1.6,"name":"EF/main_graund_wave_A_main/ef_graund_wave_A_main_00013"},{"time":1.6666,"name":null}]},"EF/main_graund_wave_A_main/ef_graund_wave_A_main_2":{"attachment":[{"time":0.2333,"name":"EF/main_graund_wave_A_main/ef_graund_wave_A_main_00001"},{"time":0.2666,"name":"EF/main_graund_wave_A_main/ef_graund_wave_A_main_00003"},{"time":0.3333,"name":"EF/main_graund_wave_A_main/ef_graund_wave_A_main_00005"},{"time":0.3666,"name":"EF/main_graund_wave_A_main/ef_graund_wave_A_main_00007"},{"time":0.4333,"name":"EF/main_graund_wave_A_main/ef_graund_wave_A_main_00009"},{"time":0.4666,"name":"EF/main_graund_wave_A_main/ef_graund_wave_A_main_00011"},{"time":0.5333,"name":"EF/main_graund_wave_A_main/ef_graund_wave_A_main_00013"},{"time":0.5666,"name":null}]},"MAIN":{"attachment":[{"time":0,"name":"skill3_00"},{"time":0.1,"name":"skill3_01"},{"time":0.2,"name":"skill3_02"},{"time":0.3,"name":"skill3_03"},{"time":0.4,"name":"skill3_01"},{"time":0.5,"name":"skill3_02"},{"time":0.6,"name":"skill3_03"},{"time":0.7,"name":"skill3_01"},{"time":0.8,"name":"skill3_02"},{"time":0.9,"name":"skill3_03"},{"time":1.0333,"name":"skill3_04"},{"time":1.1333,"name":"skill3_05"},{"time":1.2,"name":"skill3_06"},{"time":1.2666,"name":"skill3_07"},{"time":1.3,"name":"skill3_08"},{"time":1.5666,"name":null},{"time":1.7666,"name":"skill3_09"},{"time":2.3,"name":"skill3_10"},{"time":2.3666,"name":"skill3_11"},{"time":2.4333,"name":"skill3_12"},{"time":2.5,"name":"skill3_13"},{"time":2.5666,"name":"skill3_14"},{"time":2.6333,"name":"skill3_15"},{"time":2.7,"name":"skill3_16"},{"time":2.7666,"name":"skill3_17"},{"time":3.1666,"name":"skill3_18"},{"time":3.2666,"name":"skill3_19"},{"time":3.3333,"name":"skill3_20"},{"time":3.4,"name":"skill3_21"},{"time":3.4666,"name":"skill3_22"},{"time":7.7,"name":"idle_04"},{"time":7.9,"name":"idle_05"}],"color":[{"time":1.3666,"color":"ffffffff"},{"time":1.5333,"color":"ff00e400","curve":"stepped"},{"time":1.7666,"color":"ff00e400"},{"time":2.2666,"color":"f5ffffff","curve":"stepped"},{"time":3.5666,"color":"f5ffffff"},{"time":3.7333,"color":"f5ffff00","curve":"stepped"},{"time":7.7,"color":"f5ffffff"}]},"dot_EF/back/back_EF_00":{"attachment":[{"time":7.4,"name":"dot_EF/back/back_EF_07"},{"time":7.5,"name":"dot_EF/back/back_EF_08"},{"time":7.6,"name":"dot_EF/back/back_EF_09"},{"time":7.7,"name":"dot_EF/back/back_EF_10"},{"time":7.8,"name":"dot_EF/back/back_EF_11"},{"time":7.9,"name":"dot_EF/back/back_EF_12"},{"time":8,"name":null}]},"dot_EF/skill3/skill3_00":{"attachment":[{"time":0.1333,"name":"dot_EF/skill3/skill3_00"},{"time":0.2,"name":"dot_EF/skill3/skill3_01"},{"time":0.2666,"name":"dot_EF/skill3/skill3_02"},{"time":0.3333,"name":"dot_EF/skill3/skill3_04"},{"time":1.0333,"name":null}]},"dot_EF/skill3/skill3_04_1":{"attachment":[{"time":0.3333,"name":"dot_EF/skill3/skill3_04_2"},{"time":0.4333,"name":"dot_EF/skill3/skill3_04_1"},{"time":0.5333,"name":"dot_EF/skill3/skill3_04_2"},{"time":0.6333,"name":"dot_EF/skill3/skill3_04_1"},{"time":0.7333,"name":"dot_EF/skill3/skill3_04_2"},{"time":0.8333,"name":"dot_EF/skill3/skill3_04_1"},{"time":0.9333,"name":"dot_EF/skill3/skill3_04_2"},{"time":1.0333,"name":null}]}},"bones":{"MAIN":{"rotate":[{"time":2.3,"angle":20.1,"curve":"stepped"},{"time":2.3666,"angle":0}],"translate":[{"time":0.1,"x":2.27,"y":0,"curve":"stepped"},{"time":1.1333,"x":-7.62,"y":0,"curve":"stepped"},{"time":1.2,"x":-16.94,"y":0,"curve":"stepped"},{"time":1.2666,"x":-36.01,"y":0,"curve":"stepped"},{"time":1.7666,"x":25.58,"y":434.82,"curve":[0.25,0,0.535,1]},{"time":2.2666,"x":-31.21,"y":467.64,"curve":"stepped"},{"time":2.3,"x":-85.82,"y":191.44,"curve":"stepped"},{"time":2.3666,"x":-86.98,"y":-1.09,"curve":"stepped"},{"time":2.4333,"x":-94.41,"y":-1.09,"curve":"stepped"},{"time":2.6333,"x":-117.16,"y":-1.09,"curve":"stepped"},{"time":2.7,"x":-119.32,"y":-1.09,"curve":"stepped"},{"time":7.2333,"x":0,"y":0}]},"skill3_dot":{"translate":[{"time":0.1,"x":-12.74,"y":-10.21}]},"ef_slash":{"rotate":[{"time":1.2666,"angle":46.08,"curve":"stepped"},{"time":3.1,"angle":-176.52}],"translate":[{"time":1.2666,"x":-172.23,"y":248.29,"curve":"stepped"},{"time":3.1,"x":-127.54,"y":246.9}],"scale":[{"time":1.2666,"x":4.871,"y":6.351,"curve":"stepped"},{"time":3.1,"x":5.294,"y":5.228}]},"graund_wave_0":{"translate":[{"time":0,"x":-41.29,"y":192.24,"curve":"stepped"},{"time":1.2666,"x":-324.3,"y":157.45,"curve":"stepped"},{"time":2.3,"x":-241.43,"y":175.76}],"scale":[{"time":0,"x":1.576,"y":1.576,"curve":"stepped"},{"time":1.2666,"x":4.806,"y":4.806,"curve":"stepped"},{"time":2.3,"x":4.806,"y":4.806}]},"graund_wave_1":{"translate":[{"time":0,"x":-41.29,"y":192.24,"curve":"stepped"},{"time":1.3333,"x":-324.3,"y":157.45}],"scale":[{"time":0,"x":1.576,"y":1.576,"curve":"stepped"},{"time":1.3333,"x":4.806,"y":4.806}]},"graund_wave_2":{"translate":[{"time":0,"x":-41.29,"y":192.24}],"scale":[{"time":0,"x":1.576,"y":1.576}]},"DAMAGEAREA":{"translate":[{"time":1.3,"x":-203.59,"y":149.25,"curve":"stepped"},{"time":1.3333,"x":-203.59,"y":310.68,"curve":"stepped"},{"time":2.3,"x":-52.74,"y":173.06,"curve":"stepped"},{"time":3.0666,"x":4.99,"y":269.74}],"scale":[{"time":1.3,"x":5.686,"y":6.744,"curve":"stepped"},{"time":1.3333,"x":5.686,"y":11.741,"curve":"stepped"},{"time":2.3,"x":29.125,"y":19.558,"curve":"stepped"},{"time":3.0666,"x":23.906,"y":23.906}]},"atEF_0":{"rotate":[{"time":0.4666,"angle":-44.02}],"translate":[{"time":0.4666,"x":125.73,"y":187.56}],"scale":[{"time":0.6,"x":1,"y":0.15}]},"back_EF":{"translate":[{"time":7.4,"x":-115.42,"y":166.67}]}},"events":[{"time":0,"name":"Events","string":"setHitEffect(hit04a, 0)"},{"time":0,"name":"Sound3","string":"setHitSound(se_battle_explosion_short)"},{"time":0,"name":"Voice","string":"cri_289_voice_fullarts_now_b"},{"time":0.1,"name":"Sound1","string":"cri_se_battle_sword_heavy_hit"},{"time":1,"name":"Sound1","string":"cri_se_battle_skill_swish"},{"time":1.1666,"name":"Sound1","string":"cri_se_battle_sword_srash_02"},{"time":1.2,"name":"Events","float":0.05,"string":"kHitStopType_normal"},{"time":1.2666,"name":"Sound1","string":"cri_se_battle_beam"},{"time":1.2666,"name":"Sound2","string":"cri_se_battle_030_explosion_02"},{"time":1.3,"name":"Events","float":1,"string":"shakeGround"},{"time":1.3333,"name":"Events","string":"blackOutBack(0.2,6 ,2)"},{"time":1.3666,"name":"Events","int":-1,"float":-1,"string":"addOrbitSystem_skill3_F"},{"time":1.7,"name":"Events","string":"setPosition_Center"},{"time":1.7666,"name":"Sound1","string":"cri_se_battle_magic_Invocation_dark"},{"time":2.2333,"name":"Sound1","string":"cri_se_battle_skill_shot"},{"time":2.2666,"name":"Sound1","string":"cri_se_battle_sword_srash_02"},{"time":2.3,"name":"Events","float":1,"string":"shakeGround"},{"time":2.3,"name":"Hit","string":"resetHitList"},{"time":2.6666,"name":"Voice","string":"cri_289_voice_fullarts_rank6"},{"time":3.1,"name":"Sound2","string":"cri_se_battle_skill_swish"},{"time":3.1333,"name":"Events","float":2,"string":"shakeGround"},{"time":3.1333,"name":"Sound1","string":"cri_se_battle_sword_srash"},{"time":3.1666,"name":"Events","float":0.3,"string":"kHitStopType_normal"},{"time":3.1666,"name":"Hit","string":"resetHitList"},{"time":3.3,"name":"Events","float":3.5,"string":"shakeGround_Loop"},{"time":3.4333,"name":"Sound2","string":"cri_se_battle_032_explosion_04"},{"time":3.5666,"name":"Events","float":0.1,"string":"kHitStopType_enemyonly"},{"time":3.6,"name":"Hit","string":"resetHitList"},{"time":3.8333,"name":"Events","int":-1,"float":-1,"string":"addOrbitSystem_skill3_F2"},{"time":3.8333,"name":"Hit","string":"resetHitList"},{"time":3.9,"name":"Hit","string":"resetHitList"},{"time":4,"name":"Hit","string":"resetHitList"},{"time":4,"name":"Sound2","string":"cri_se_battle_029_explosion_01"},{"time":4.1,"name":"Hit","string":"resetHitList"},{"time":4.1666,"name":"Hit","string":"resetHitList"},{"time":4.2666,"name":"Hit","string":"resetHitList"},{"time":4.3333,"name":"Hit","string":"resetHitList"},{"time":4.4,"name":"Events","int":-1,"float":-1,"string":"addOrbitSystem_skill3_F_dot"},{"time":4.4333,"name":"Hit","string":"resetHitList"},{"time":4.5,"name":"Hit","string":"resetHitList"},{"time":4.6,"name":"Hit","string":"resetHitList"},{"time":4.6666,"name":"Hit","string":"resetHitList"},{"time":4.7666,"name":"Hit","string":"resetHitList"},{"time":4.8333,"name":"Hit","string":"resetHitList"},{"time":4.9333,"name":"Hit","string":"resetHitList"},{"time":5,"name":"Hit","string":"resetHitList"},{"time":5.1,"name":"Hit","string":"resetHitList"},{"time":5.1666,"name":"Hit","string":"resetHitList"},{"time":5.2666,"name":"Hit","string":"resetHitList"},{"time":5.3333,"name":"Hit","string":"resetHitList"},{"time":5.4333,"name":"Hit","string":"resetHitList"},{"time":5.5,"name":"Hit","string":"resetHitList"},{"time":5.6,"name":"Hit","string":"resetHitList"},{"time":5.6666,"name":"Hit","string":"resetHitList"},{"time":5.7666,"name":"Hit","string":"resetHitList"},{"time":5.8333,"name":"Hit","string":"resetHitList"},{"time":5.9333,"name":"Hit","string":"resetHitList"},{"time":6,"name":"Hit","string":"resetHitList"},{"time":6.1,"name":"Hit","string":"resetHitList"},{"time":6.1666,"name":"Hit","string":"resetHitList"},{"time":6.2666,"name":"Hit","string":"resetHitList"},{"time":6.3333,"name":"Hit","string":"resetHitList"}]},"skill3_old":{"slots":{"DAMAGEAREA":{"attachment":[{"time":1.4666,"name":"DAMAGEAREA"},{"time":1.6333,"name":null},{"time":2.3666,"name":"DAMAGEAREA"},{"time":2.5,"name":null},{"time":3.2333,"name":"DAMAGEAREA"}]},"EF/ef_slash_main/ef_slash_main_00001":{"attachment":[{"time":1.4333,"name":"EF/ef_slash_main/ef_slash_main_00001"},{"time":1.4666,"name":"EF/ef_slash_main/ef_slash_main_00002"},{"time":1.5,"name":"EF/ef_slash_main/ef_slash_main_00003"},{"time":1.5333,"name":"EF/ef_slash_main/ef_slash_main_00004"},{"time":1.5666,"name":"EF/ef_slash_main/ef_slash_main_00005"},{"time":1.6,"name":"EF/ef_slash_main/ef_slash_main_00006"},{"time":1.6333,"name":"EF/ef_slash_main/ef_slash_main_00007"},{"time":1.6666,"name":"EF/ef_slash_main/ef_slash_main_00008"},{"time":1.7,"name":"EF/ef_slash_main/ef_slash_main_00009"},{"time":1.7333,"name":"EF/ef_slash_main/ef_slash_main_00010"},{"time":1.7666,"name":null},{"time":3.2333,"name":"EF/ef_slash_main/ef_slash_main_00002"},{"time":3.2666,"name":"EF/ef_slash_main/ef_slash_main_00003"},{"time":3.3,"name":"EF/ef_slash_main/ef_slash_main_00004"},{"time":3.3333,"name":"EF/ef_slash_main/ef_slash_main_00005"},{"time":3.3666,"name":"EF/ef_slash_main/ef_slash_main_00006"},{"time":3.4,"name":"EF/ef_slash_main/ef_slash_main_00007"},{"time":3.4333,"name":"EF/ef_slash_main/ef_slash_main_00008"},{"time":3.4666,"name":"EF/ef_slash_main/ef_slash_main_00009"},{"time":3.5,"name":"EF/ef_slash_main/ef_slash_main_00010"},{"time":3.5333,"name":null}]},"EF/main_graund_wave_A_main/ef_graund_wave_A_main_00001":{"attachment":[{"time":0.0333,"name":"EF/main_graund_wave_A_main/ef_graund_wave_A_main_00001"},{"time":0.0666,"name":"EF/main_graund_wave_A_main/ef_graund_wave_A_main_00003"},{"time":0.1,"name":"EF/main_graund_wave_A_main/ef_graund_wave_A_main_00005"},{"time":0.1333,"name":"EF/main_graund_wave_A_main/ef_graund_wave_A_main_00007"},{"time":0.1666,"name":"EF/main_graund_wave_A_main/ef_graund_wave_A_main_00009"},{"time":0.2,"name":"EF/main_graund_wave_A_main/ef_graund_wave_A_main_00011"},{"time":0.2333,"name":"EF/main_graund_wave_A_main/ef_graund_wave_A_main_00013"},{"time":0.2666,"name":null},{"time":0.3333,"name":"EF/main_graund_wave_A_main/ef_graund_wave_A_main_00001"},{"time":0.4,"name":"EF/main_graund_wave_A_main/ef_graund_wave_A_main_00003"},{"time":0.4666,"name":"EF/main_graund_wave_A_main/ef_graund_wave_A_main_00005"},{"time":0.5333,"name":"EF/main_graund_wave_A_main/ef_graund_wave_A_main_00007"},{"time":0.6,"name":"EF/main_graund_wave_A_main/ef_graund_wave_A_main_00009"},{"time":0.6666,"name":"EF/main_graund_wave_A_main/ef_graund_wave_A_main_00011"},{"time":0.7333,"name":"EF/main_graund_wave_A_main/ef_graund_wave_A_main_00013"},{"time":0.8,"name":null},{"time":1.4333,"name":"EF/main_graund_wave_A_main/ef_graund_wave_A_main_00001"},{"time":1.4666,"name":"EF/main_graund_wave_A_main/ef_graund_wave_A_main_00003"},{"time":1.5,"name":"EF/main_graund_wave_A_main/ef_graund_wave_A_main_00005"},{"time":1.5333,"name":"EF/main_graund_wave_A_main/ef_graund_wave_A_main_00007"},{"time":1.5666,"name":"EF/main_graund_wave_A_main/ef_graund_wave_A_main_00009"},{"time":1.6,"name":"EF/main_graund_wave_A_main/ef_graund_wave_A_main_00011"},{"time":1.6333,"name":"EF/main_graund_wave_A_main/ef_graund_wave_A_main_00013"},{"time":1.6666,"name":null},{"time":2.3666,"name":"EF/main_graund_wave_A_main/ef_graund_wave_A_main_00001"},{"time":2.4,"name":"EF/main_graund_wave_A_main/ef_graund_wave_A_main_00003"},{"time":2.4333,"name":"EF/main_graund_wave_A_main/ef_graund_wave_A_main_00005"},{"time":2.4666,"name":"EF/main_graund_wave_A_main/ef_graund_wave_A_main_00007"},{"time":2.5,"name":"EF/main_graund_wave_A_main/ef_graund_wave_A_main_00009"},{"time":2.5333,"name":"EF/main_graund_wave_A_main/ef_graund_wave_A_main_00011"},{"time":2.5666,"name":"EF/main_graund_wave_A_main/ef_graund_wave_A_main_00013"},{"time":2.6,"name":null}]},"EF/main_graund_wave_A_main/ef_graund_wave_A_main_1":{"attachment":[{"time":0.1333,"name":"EF/main_graund_wave_A_main/ef_graund_wave_A_main_00001"},{"time":0.1666,"name":"EF/main_graund_wave_A_main/ef_graund_wave_A_main_00003"},{"time":0.2,"name":"EF/main_graund_wave_A_main/ef_graund_wave_A_main_00005"},{"time":0.2333,"name":"EF/main_graund_wave_A_main/ef_graund_wave_A_main_00007"},{"time":0.2666,"name":"EF/main_graund_wave_A_main/ef_graund_wave_A_main_00009"},{"time":0.3,"name":"EF/main_graund_wave_A_main/ef_graund_wave_A_main_00011"},{"time":0.3333,"name":"EF/main_graund_wave_A_main/ef_graund_wave_A_main_00013"},{"time":0.3666,"name":null},{"time":0.4666,"name":"EF/main_graund_wave_A_main/ef_graund_wave_A_main_00001"},{"time":0.5333,"name":"EF/main_graund_wave_A_main/ef_graund_wave_A_main_00003"},{"time":0.6,"name":"EF/main_graund_wave_A_main/ef_graund_wave_A_main_00005"},{"time":0.6666,"name":"EF/main_graund_wave_A_main/ef_graund_wave_A_main_00007"},{"time":0.7333,"name":"EF/main_graund_wave_A_main/ef_graund_wave_A_main_00009"},{"time":0.8,"name":"EF/main_graund_wave_A_main/ef_graund_wave_A_main_00011"},{"time":0.8666,"name":"EF/main_graund_wave_A_main/ef_graund_wave_A_main_00013"},{"time":0.9333,"name":null},{"time":1.5,"name":"EF/main_graund_wave_A_main/ef_graund_wave_A_main_00001"},{"time":1.5333,"name":"EF/main_graund_wave_A_main/ef_graund_wave_A_main_00003"},{"time":1.5666,"name":"EF/main_graund_wave_A_main/ef_graund_wave_A_main_00005"},{"time":1.6,"name":"EF/main_graund_wave_A_main/ef_graund_wave_A_main_00007"},{"time":1.6333,"name":"EF/main_graund_wave_A_main/ef_graund_wave_A_main_00009"},{"time":1.7,"name":"EF/main_graund_wave_A_main/ef_graund_wave_A_main_00011"},{"time":1.7666,"name":"EF/main_graund_wave_A_main/ef_graund_wave_A_main_00013"},{"time":1.8333,"name":null}]},"EF/main_graund_wave_A_main/ef_graund_wave_A_main_2":{"attachment":[{"time":0.2333,"name":"EF/main_graund_wave_A_main/ef_graund_wave_A_main_00001"},{"time":0.2666,"name":"EF/main_graund_wave_A_main/ef_graund_wave_A_main_00003"},{"time":0.3333,"name":"EF/main_graund_wave_A_main/ef_graund_wave_A_main_00005"},{"time":0.3666,"name":"EF/main_graund_wave_A_main/ef_graund_wave_A_main_00007"},{"time":0.4333,"name":"EF/main_graund_wave_A_main/ef_graund_wave_A_main_00009"},{"time":0.4666,"name":"EF/main_graund_wave_A_main/ef_graund_wave_A_main_00011"},{"time":0.5333,"name":"EF/main_graund_wave_A_main/ef_graund_wave_A_main_00013"},{"time":0.5666,"name":null}]},"MAIN":{"attachment":[{"time":0,"name":"skill3_00"},{"time":0.1,"name":"skill3_01"},{"time":0.2,"name":"skill3_02"},{"time":0.3,"name":"skill3_03"},{"time":0.4,"name":"skill3_01"},{"time":0.5,"name":"skill3_02"},{"time":0.6,"name":"skill3_03"},{"time":0.7,"name":"skill3_01"},{"time":0.8,"name":"skill3_02"},{"time":0.9,"name":"skill3_03"},{"time":1.0333,"name":"skill3_04"},{"time":1.1333,"name":"skill3_05"},{"time":1.2,"name":"skill3_06"},{"time":1.4333,"name":"skill3_07"},{"time":1.4666,"name":"skill3_08"},{"time":1.7333,"name":null},{"time":2.0666,"name":"skill3_09"},{"time":2.3666,"name":"skill3_10"},{"time":2.4333,"name":"skill3_11"},{"time":2.5,"name":"skill3_12"},{"time":2.5666,"name":"skill3_13"},{"time":2.6333,"name":"skill3_14"},{"time":2.7,"name":"skill3_15"},{"time":2.7666,"name":"skill3_16"},{"time":2.8333,"name":"skill3_17"},{"time":3.2333,"name":"skill3_18"},{"time":3.3333,"name":"skill3_19"},{"time":3.4,"name":"skill3_20"},{"time":3.4666,"name":"skill3_21"},{"time":3.5333,"name":"skill3_22"},{"time":5.6666,"name":"idle_00"},{"time":5.9,"name":"idle_01"},{"time":6.1,"name":"idle_02"},{"time":6.3333,"name":"idle_03"},{"time":6.5666,"name":"idle_04"},{"time":6.7666,"name":"idle_05"},{"time":7,"name":"idle_00"}],"color":[{"time":1.5333,"color":"ffffffff"},{"time":1.7,"color":"ff00e400","curve":"stepped"},{"time":2.0666,"color":"ff00e400"},{"time":2.3333,"color":"f5ffffff","curve":"stepped"},{"time":3.5666,"color":"f5ffffff"},{"time":3.6666,"color":"f5ffff00","curve":"stepped"},{"time":6.5666,"color":"f5ffff00"},{"time":7,"color":"f5ffffff"}]},"dot_EF/skill3/skill3_00":{"attachment":[{"time":0.1333,"name":"dot_EF/skill3/skill3_00"},{"time":0.2,"name":"dot_EF/skill3/skill3_01"},{"time":0.2666,"name":"dot_EF/skill3/skill3_02"},{"time":0.3333,"name":"dot_EF/skill3/skill3_04"},{"time":1.0333,"name":null}]},"dot_EF/skill3/skill3_04_1":{"attachment":[{"time":0.3333,"name":"dot_EF/skill3/skill3_04_2"},{"time":0.4333,"name":"dot_EF/skill3/skill3_04_1"},{"time":0.5333,"name":"dot_EF/skill3/skill3_04_2"},{"time":0.6333,"name":"dot_EF/skill3/skill3_04_1"},{"time":0.7333,"name":"dot_EF/skill3/skill3_04_2"},{"time":0.8333,"name":"dot_EF/skill3/skill3_04_1"},{"time":0.9333,"name":"dot_EF/skill3/skill3_04_2"},{"time":1.0333,"name":null}]}},"bones":{"MAIN":{"rotate":[{"time":2.3666,"angle":20.1,"curve":"stepped"},{"time":2.4333,"angle":0}],"translate":[{"time":0.1,"x":2.27,"y":0,"curve":"stepped"},{"time":1.1333,"x":-7.62,"y":0,"curve":"stepped"},{"time":1.2,"x":-16.94,"y":0,"curve":"stepped"},{"time":1.4333,"x":-36.01,"y":0,"curve":"stepped"},{"time":2.0666,"x":129.74,"y":434.82,"curve":[0.25,0,0.75,1]},{"time":2.3333,"x":81.96,"y":467.64,"curve":"stepped"},{"time":2.3666,"x":35.67,"y":191.44,"curve":"stepped"},{"time":2.4333,"x":2.57,"y":-1.09,"curve":"stepped"},{"time":2.5,"x":-2.87,"y":-1.09,"curve":"stepped"},{"time":2.7,"x":-22.61,"y":-1.09}]},"skill3_dot":{"translate":[{"time":0.1,"x":-12.74,"y":-10.21}]},"ef_slash":{"rotate":[{"time":1.4333,"angle":16.81,"curve":"stepped"},{"time":3.1666,"angle":-176.52}],"translate":[{"time":1.4333,"x":-157.22,"y":210.79,"curve":"stepped"},{"time":3.1666,"x":-7.7,"y":246.9}],"scale":[{"time":1.4333,"x":4.871,"y":6.351,"curve":"stepped"},{"time":3.1666,"x":5.294,"y":5.228}]},"graund_wave_0":{"translate":[{"time":0,"x":-41.29,"y":192.24,"curve":"stepped"},{"time":1.4333,"x":-324.3,"y":157.45,"curve":"stepped"},{"time":2.3666,"x":-146.92,"y":175.76}],"scale":[{"time":0,"x":1.576,"y":1.576,"curve":"stepped"},{"time":1.4333,"x":4.806,"y":4.806,"curve":"stepped"},{"time":2.3666,"x":4.806,"y":4.806}]},"graund_wave_1":{"translate":[{"time":0,"x":-41.29,"y":192.24,"curve":"stepped"},{"time":1.5,"x":-324.3,"y":157.45}],"scale":[{"time":0,"x":1.576,"y":1.576,"curve":"stepped"},{"time":1.5,"x":4.806,"y":4.806}]},"graund_wave_2":{"translate":[{"time":0,"x":-41.29,"y":192.24}],"scale":[{"time":0,"x":1.576,"y":1.576}]},"DAMAGEAREA":{"translate":[{"time":1.4666,"x":-203.59,"y":149.25,"curve":"stepped"},{"time":1.5,"x":-203.59,"y":310.68,"curve":"stepped"},{"time":2.3666,"x":-52.74,"y":173.06,"curve":"stepped"},{"time":3.2333,"x":4.99,"y":269.74}],"scale":[{"time":1.4666,"x":5.686,"y":6.744,"curve":"stepped"},{"time":1.5,"x":5.686,"y":11.741,"curve":"stepped"},{"time":2.3666,"x":5.686,"y":6.744,"curve":"stepped"},{"time":3.2333,"x":23.906,"y":23.906}]}},"events":[{"time":0,"name":"Events","string":"setHitEffect(hit04a, 0)"},{"time":1.3666,"name":"Events","float":0.05,"string":"kHitStopType_normal"},{"time":1.5,"name":"Events","string":"blackOutBack(0.2,5 ,2)"},{"time":1.5333,"name":"Events","string":"addOrbitSystem_skill3_F"},{"time":1.8666,"name":"Events","string":"setPosition_Center"},{"time":2.3666,"name":"Hit","string":"resetHitList"},{"time":3.2,"name":"Events","float":3.5,"string":"shakeGround_Loop"},{"time":3.2333,"name":"Events","float":0.2,"string":"kHitStopType_normal"},{"time":3.2333,"name":"Hit","string":"resetHitList"},{"time":3.3333,"name":"Events","string":"addOrbitSystem_skill3_F2"},{"time":4.1666,"name":"Events","string":"addOrbitSystem_skill3_F_dot"}]}}}