{"skeleton":{"hash":"dITwriYWeIqValIjCPpoeeyk/a0","spine":"3.0.12","width":0,"height":0},"bones":[{"name":"root"},{"name":"MAIN","parent":"root","y":108.85,"scaleX":1.2,"scaleY":1.2},{"name":"SHADOW-OFFSET","parent":"MAIN","y":-72},{"name":"HITBOX","parent":"MAIN","x":-2.48,"y":-9.17,"scaleX":0.307,"scaleY":0.659},{"name":"DAMAGEAREA","parent":"root","y":36.85},{"name":"AS_wave4","parent":"root","x":443.4,"y":-225.27,"scaleX":2.5,"scaleY":2.5},{"name":"AS_wave3","parent":"root","x":443.4,"y":-170.81,"scaleX":2.5,"scaleY":2.5},{"name":"AS_wave2","parent":"root","x":443.4,"y":-128.29,"scaleX":2.5,"scaleY":2.5},{"name":"AS_wave1","parent":"root","x":443.4,"y":-84.28,"scaleX":2.5,"scaleY":2.5}],"slots":[{"name":"grid/nounit(0.88)","bone":"root","color":"969696ff"},{"name":"grid/grid","bone":"root"},{"name":"EF/5100_A1_wave1/5100_A1_wave1_00001","bone":"AS_wave1","blend":"additive"},{"name":"EF/5100_A1_wave1/5100_A1_wave1_1","bone":"AS_wave2","blend":"additive"},{"name":"EF/5100_A1_wave1/5100_A1_wave1_2","bone":"AS_wave3","blend":"additive"},{"name":"EF/5100_A1_wave1/5100_A1_wave1_3","bone":"AS_wave4","blend":"additive"},{"name":"MAIN","bone":"MAIN","attachment":"idle_00"},{"name":"DAMAGEAREA","bone":"DAMAGEAREA"},{"name":"HITBOX","bone":"HITBOX","attachment":"HITBOX"}],"skins":{"default":{"DAMAGEAREA":{"DAMAGEAREA":{"type":"boundingbox","vertices":[-98.46351,-97.99815,98.0884,-99.24213,98.7104,97.30978,-98.46351,98.55379]}},"EF/5100_A1_wave1/5100_A1_wave1_00001":{"EF/5100_A1_wave1/5100_A1_wave1_00001":{"x":-3.95,"y":3.06,"width":250,"height":250},"EF/5100_A1_wave1/5100_A1_wave1_00002":{"x":-3.95,"y":3.06,"width":250,"height":250},"EF/5100_A1_wave1/5100_A1_wave1_00003":{"x":-3.95,"y":3.06,"width":250,"height":250},"EF/5100_A1_wave1/5100_A1_wave1_00004":{"x":-3.95,"y":3.06,"width":250,"height":250},"EF/5100_A1_wave1/5100_A1_wave1_00005":{"x":-3.95,"y":3.06,"width":250,"height":250},"EF/5100_A1_wave1/5100_A1_wave1_00006":{"x":-3.95,"y":3.06,"width":250,"height":250},"EF/5100_A1_wave1/5100_A1_wave1_00007":{"x":-3.95,"y":3.06,"width":250,"height":250},"EF/5100_A1_wave1/5100_A1_wave1_00008":{"x":-3.95,"y":3.06,"width":250,"height":250},"EF/5100_A1_wave1/5100_A1_wave1_00009":{"x":-3.95,"y":3.06,"width":250,"height":250},"EF/5100_A1_wave1/5100_A1_wave1_00010":{"x":-3.95,"y":3.06,"width":250,"height":250},"EF/5100_A1_wave1/5100_A1_wave1_00011":{"x":-3.95,"y":3.06,"width":250,"height":250}},"EF/5100_A1_wave1/5100_A1_wave1_1":{"EF/5100_A1_wave1/5100_A1_wave1_00001":{"x":-3.95,"y":3.06,"width":250,"height":250},"EF/5100_A1_wave1/5100_A1_wave1_00002":{"x":-3.95,"y":3.06,"width":250,"height":250},"EF/5100_A1_wave1/5100_A1_wave1_00003":{"x":-3.95,"y":3.06,"width":250,"height":250},"EF/5100_A1_wave1/5100_A1_wave1_00004":{"x":-3.95,"y":3.06,"width":250,"height":250},"EF/5100_A1_wave1/5100_A1_wave1_00005":{"x":-3.95,"y":3.06,"width":250,"height":250},"EF/5100_A1_wave1/5100_A1_wave1_00006":{"x":-3.95,"y":3.06,"width":250,"height":250},"EF/5100_A1_wave1/5100_A1_wave1_00007":{"x":-3.95,"y":3.06,"width":250,"height":250},"EF/5100_A1_wave1/5100_A1_wave1_00008":{"x":-3.95,"y":3.06,"width":250,"height":250},"EF/5100_A1_wave1/5100_A1_wave1_00009":{"x":-3.95,"y":3.06,"width":250,"height":250},"EF/5100_A1_wave1/5100_A1_wave1_00010":{"x":-3.95,"y":3.06,"width":250,"height":250},"EF/5100_A1_wave1/5100_A1_wave1_00011":{"x":-3.95,"y":3.06,"width":250,"height":250}},"EF/5100_A1_wave1/5100_A1_wave1_2":{"EF/5100_A1_wave1/5100_A1_wave1_00001":{"x":-3.95,"y":3.06,"width":250,"height":250},"EF/5100_A1_wave1/5100_A1_wave1_00002":{"x":-3.95,"y":3.06,"width":250,"height":250},"EF/5100_A1_wave1/5100_A1_wave1_00003":{"x":-3.95,"y":3.06,"width":250,"height":250},"EF/5100_A1_wave1/5100_A1_wave1_00004":{"x":-3.95,"y":3.06,"width":250,"height":250},"EF/5100_A1_wave1/5100_A1_wave1_00005":{"x":-3.95,"y":3.06,"width":250,"height":250},"EF/5100_A1_wave1/5100_A1_wave1_00006":{"x":-3.95,"y":3.06,"width":250,"height":250},"EF/5100_A1_wave1/5100_A1_wave1_00007":{"x":-3.95,"y":3.06,"width":250,"height":250},"EF/5100_A1_wave1/5100_A1_wave1_00008":{"x":-3.95,"y":3.06,"width":250,"height":250},"EF/5100_A1_wave1/5100_A1_wave1_00009":{"x":-3.95,"y":3.06,"width":250,"height":250},"EF/5100_A1_wave1/5100_A1_wave1_00010":{"x":-3.95,"y":3.06,"width":250,"height":250},"EF/5100_A1_wave1/5100_A1_wave1_00011":{"x":-3.95,"y":3.06,"width":250,"height":250}},"EF/5100_A1_wave1/5100_A1_wave1_3":{"EF/5100_A1_wave1/5100_A1_wave1_00001":{"x":-3.95,"y":3.06,"width":250,"height":250},"EF/5100_A1_wave1/5100_A1_wave1_00002":{"x":-3.95,"y":3.06,"width":250,"height":250},"EF/5100_A1_wave1/5100_A1_wave1_00003":{"x":-3.95,"y":3.06,"width":250,"height":250},"EF/5100_A1_wave1/5100_A1_wave1_00004":{"x":-3.95,"y":3.06,"width":250,"height":250},"EF/5100_A1_wave1/5100_A1_wave1_00005":{"x":-3.95,"y":3.06,"width":250,"height":250},"EF/5100_A1_wave1/5100_A1_wave1_00006":{"x":-3.95,"y":3.06,"width":250,"height":250},"EF/5100_A1_wave1/5100_A1_wave1_00007":{"x":-3.95,"y":3.06,"width":250,"height":250},"EF/5100_A1_wave1/5100_A1_wave1_00008":{"x":-3.95,"y":3.06,"width":250,"height":250},"EF/5100_A1_wave1/5100_A1_wave1_00009":{"x":-3.95,"y":3.06,"width":250,"height":250},"EF/5100_A1_wave1/5100_A1_wave1_00010":{"x":-3.95,"y":3.06,"width":250,"height":250},"EF/5100_A1_wave1/5100_A1_wave1_00011":{"x":-3.95,"y":3.06,"width":250,"height":250}},"HITBOX":{"HITBOX":{"type":"boundingbox","vertices":[-99.08552,-99.24213,98.0884,-99.86414,97.4664,97.30978,-97.8415,97.30978]}},"MAIN":{"attack1_00":{"x":21,"y":-2,"width":400,"height":400},"attack1_01":{"x":21,"y":-2,"width":400,"height":400},"attack1_02":{"x":21,"y":-2,"width":400,"height":400},"attack1_03":{"x":21,"y":-2,"width":400,"height":400},"attack1_04":{"x":21,"y":-2,"width":400,"height":400},"attack1_05":{"x":21,"y":-2,"width":400,"height":400},"attack1_06":{"x":21,"y":-2,"width":400,"height":400},"attack1_07":{"x":21,"y":-2,"width":400,"height":400},"attack1_08":{"x":21,"y":-2,"width":400,"height":400},"attack1_09":{"x":21,"y":-2,"width":400,"height":400},"attack1_10":{"x":21,"y":-2,"width":400,"height":400},"attack1_11":{"x":21,"y":-2,"width":400,"height":400},"attack1_12":{"x":21,"y":-2,"width":400,"height":400},"attack1_13":{"x":21,"y":-2,"width":400,"height":400},"attack1_14":{"x":21,"y":-2,"width":400,"height":400},"back_00":{"x":-12,"y":-4.99,"width":400,"height":400},"damage_00":{"y":-4.99,"width":400,"height":400},"front_00":{"x":26.03,"y":1,"width":400,"height":400},"idle_00":{"y":-4.99,"width":400,"height":400},"idle_01":{"y":-4.99,"width":400,"height":400},"idle_02":{"y":-4.99,"width":400,"height":400},"idle_03":{"y":-4.99,"width":400,"height":400},"idle_04":{"y":-4.99,"width":400,"height":400},"skill1_00":{"x":14,"y":-8,"width":400,"height":400},"skill1_01":{"x":14,"y":-8,"width":400,"height":400},"skill1_02":{"x":14,"y":-8,"width":400,"height":400},"skill1_03":{"x":14,"y":-8,"width":400,"height":400},"skill1_04":{"x":14,"y":-8,"width":400,"height":400},"skill1_05":{"x":14,"y":-8,"width":400,"height":400},"skill1_06":{"x":14,"y":-8,"width":400,"height":400},"skill1_07":{"x":14,"y":-8,"width":400,"height":400},"skill1_08":{"x":14,"y":-8,"width":400,"height":400},"skill1_09":{"x":14,"y":-8,"width":400,"height":400},"skill1_10":{"x":14,"y":-8,"width":400,"height":400},"skill1_11":{"x":14,"y":-8,"width":400,"height":400},"skill1_12":{"x":14,"y":-8,"width":400,"height":400},"skill2_00":{"y":-4.99,"width":400,"height":400},"skill2_01":{"y":-4.99,"width":400,"height":400},"skill2_02":{"y":-4.99,"width":400,"height":400},"skill2_03":{"y":-4.99,"width":400,"height":400},"skill2_04":{"y":-4.99,"width":400,"height":400},"skill2_05":{"y":-4.99,"width":400,"height":400},"skill2_06":{"y":-4.99,"width":400,"height":400},"skill2_07":{"y":-4.99,"width":400,"height":400},"skill2_08":{"y":-4.99,"width":400,"height":400},"skill2_09":{"y":-4.99,"width":400,"height":400},"skill2_10":{"y":-4.99,"width":400,"height":400},"skill2_11":{"x":5,"y":-4.99,"width":400,"height":400},"skill2_12":{"x":5,"y":-4.99,"width":400,"height":400},"skill2_13":{"x":5,"y":-4.99,"width":400,"height":400},"skill2_14":{"x":5,"y":-4.99,"width":400,"height":400},"skill2_15":{"x":5,"y":-4.99,"width":400,"height":400},"skill2_16":{"x":5,"y":-4.99,"width":400,"height":400},"skill2_17":{"x":5,"y":-4.99,"width":400,"height":400},"skill2_18":{"x":5,"y":-4.99,"width":400,"height":400},"skill2_19":{"x":5,"y":-4.99,"width":400,"height":400},"skill2_20":{"x":5,"y":-4.99,"width":400,"height":400},"skill2_21":{"x":5,"y":-4.99,"width":400,"height":400},"skill2_22":{"x":5,"y":-4.99,"width":400,"height":400},"skill2_23":{"x":5,"y":-4.99,"width":400,"height":400},"skill2_24":{"x":5,"y":-4.99,"width":400,"height":400},"skill2_25":{"x":5,"y":-4.99,"width":400,"height":400},"skill2_26":{"x":5,"y":-4.99,"width":400,"height":400},"skill2_27":{"x":5,"y":-4.99,"width":400,"height":400},"skill2_28":{"x":5,"y":-4.99,"width":400,"height":400}}}},"events":{"Event":{},"Hit":{},"HitEffect":{},"Sound1":{},"Sound2":{},"Sound3":{},"Voice":{}},"animations":{"Rinascita":{"slots":{"EF/5100_A1_wave1/5100_A1_wave1_1":{"attachment":[{"time":1.2666,"name":"EF/5100_A1_wave1/5100_A1_wave1_00001"},{"time":1.3,"name":"EF/5100_A1_wave1/5100_A1_wave1_00002"},{"time":1.3333,"name":"EF/5100_A1_wave1/5100_A1_wave1_00003"},{"time":1.3666,"name":"EF/5100_A1_wave1/5100_A1_wave1_00004"},{"time":1.4,"name":"EF/5100_A1_wave1/5100_A1_wave1_00005"},{"time":1.4333,"name":"EF/5100_A1_wave1/5100_A1_wave1_00006"},{"time":1.4666,"name":"EF/5100_A1_wave1/5100_A1_wave1_00007"},{"time":1.5,"name":"EF/5100_A1_wave1/5100_A1_wave1_00008"},{"time":1.5333,"name":"EF/5100_A1_wave1/5100_A1_wave1_00009"},{"time":1.5666,"name":"EF/5100_A1_wave1/5100_A1_wave1_00010"},{"time":1.6,"name":"EF/5100_A1_wave1/5100_A1_wave1_00011"},{"time":1.8666,"name":"EF/5100_A1_wave1/5100_A1_wave1_00001"},{"time":1.9,"name":"EF/5100_A1_wave1/5100_A1_wave1_00002"},{"time":1.9333,"name":"EF/5100_A1_wave1/5100_A1_wave1_00003"},{"time":1.9666,"name":"EF/5100_A1_wave1/5100_A1_wave1_00004"},{"time":2,"name":"EF/5100_A1_wave1/5100_A1_wave1_00005"},{"time":2.0333,"name":"EF/5100_A1_wave1/5100_A1_wave1_00006"},{"time":2.0666,"name":"EF/5100_A1_wave1/5100_A1_wave1_00007"},{"time":2.1,"name":"EF/5100_A1_wave1/5100_A1_wave1_00008"},{"time":2.1333,"name":"EF/5100_A1_wave1/5100_A1_wave1_00009"},{"time":2.1666,"name":"EF/5100_A1_wave1/5100_A1_wave1_00010"},{"time":2.2,"name":"EF/5100_A1_wave1/5100_A1_wave1_00011"}],"color":[{"time":1.2666,"color":"ffffffff","curve":"stepped"},{"time":1.6,"color":"ffffffff"},{"time":1.7,"color":"ffffff00","curve":"stepped"},{"time":1.8666,"color":"ffffffff","curve":"stepped"},{"time":2.2,"color":"ffffffff"},{"time":2.3,"color":"ffffff00"}]},"EF/5100_A1_wave1/5100_A1_wave1_00001":{"attachment":[{"time":1.0666,"name":"EF/5100_A1_wave1/5100_A1_wave1_00001"},{"time":1.1,"name":"EF/5100_A1_wave1/5100_A1_wave1_00002"},{"time":1.1333,"name":"EF/5100_A1_wave1/5100_A1_wave1_00003"},{"time":1.1666,"name":"EF/5100_A1_wave1/5100_A1_wave1_00004"},{"time":1.2,"name":"EF/5100_A1_wave1/5100_A1_wave1_00005"},{"time":1.2333,"name":"EF/5100_A1_wave1/5100_A1_wave1_00006"},{"time":1.2666,"name":"EF/5100_A1_wave1/5100_A1_wave1_00007"},{"time":1.3,"name":"EF/5100_A1_wave1/5100_A1_wave1_00008"},{"time":1.3333,"name":"EF/5100_A1_wave1/5100_A1_wave1_00009"},{"time":1.3666,"name":"EF/5100_A1_wave1/5100_A1_wave1_00010"},{"time":1.4,"name":"EF/5100_A1_wave1/5100_A1_wave1_00011"},{"time":1.6666,"name":"EF/5100_A1_wave1/5100_A1_wave1_00001"},{"time":1.7,"name":"EF/5100_A1_wave1/5100_A1_wave1_00002"},{"time":1.7333,"name":"EF/5100_A1_wave1/5100_A1_wave1_00003"},{"time":1.7666,"name":"EF/5100_A1_wave1/5100_A1_wave1_00004"},{"time":1.8,"name":"EF/5100_A1_wave1/5100_A1_wave1_00005"},{"time":1.8333,"name":"EF/5100_A1_wave1/5100_A1_wave1_00006"},{"time":1.8666,"name":"EF/5100_A1_wave1/5100_A1_wave1_00007"},{"time":1.9,"name":"EF/5100_A1_wave1/5100_A1_wave1_00008"},{"time":1.9333,"name":"EF/5100_A1_wave1/5100_A1_wave1_00009"},{"time":1.9666,"name":"EF/5100_A1_wave1/5100_A1_wave1_00010"},{"time":2,"name":"EF/5100_A1_wave1/5100_A1_wave1_00011"}],"color":[{"time":1.0666,"color":"ffffffff","curve":"stepped"},{"time":1.4,"color":"ffffffff"},{"time":1.5,"color":"ffffff00","curve":"stepped"},{"time":1.6666,"color":"ffffffff","curve":"stepped"},{"time":2,"color":"ffffffff"},{"time":2.1,"color":"ffffff00"}]},"EF/5100_A1_wave1/5100_A1_wave1_2":{"attachment":[{"time":1.4666,"name":"EF/5100_A1_wave1/5100_A1_wave1_00001"},{"time":1.5,"name":"EF/5100_A1_wave1/5100_A1_wave1_00002"},{"time":1.5333,"name":"EF/5100_A1_wave1/5100_A1_wave1_00003"},{"time":1.5666,"name":"EF/5100_A1_wave1/5100_A1_wave1_00004"},{"time":1.6,"name":"EF/5100_A1_wave1/5100_A1_wave1_00005"},{"time":1.6333,"name":"EF/5100_A1_wave1/5100_A1_wave1_00006"},{"time":1.6666,"name":"EF/5100_A1_wave1/5100_A1_wave1_00007"},{"time":1.7,"name":"EF/5100_A1_wave1/5100_A1_wave1_00008"},{"time":1.7333,"name":"EF/5100_A1_wave1/5100_A1_wave1_00009"},{"time":1.7666,"name":"EF/5100_A1_wave1/5100_A1_wave1_00010"},{"time":1.8,"name":"EF/5100_A1_wave1/5100_A1_wave1_00011"}],"color":[{"time":1.4666,"color":"ffffffff","curve":"stepped"},{"time":1.8,"color":"ffffffff"},{"time":1.9,"color":"ffffff00"}]},"MAIN":{"attachment":[{"time":0,"name":"skill2_07"},{"time":0.1,"name":"skill2_00"},{"time":0.1333,"name":"skill2_01"},{"time":0.2,"name":"skill2_02"},{"time":0.2666,"name":"skill2_03"},{"time":0.3333,"name":"skill2_04"},{"time":0.4,"name":"skill2_05"},{"time":0.4666,"name":"skill2_06"},{"time":0.5666,"name":"skill2_07"},{"time":0.6666,"name":"skill2_08"},{"time":0.7666,"name":"skill2_09"},{"time":0.8666,"name":"skill2_10"},{"time":0.9666,"name":"skill2_11"},{"time":1.0666,"name":"skill2_12"},{"time":1.2,"name":"skill2_13"},{"time":1.3,"name":"skill2_14"},{"time":1.4333,"name":"skill2_15"},{"time":1.5666,"name":"skill2_16"},{"time":1.7,"name":"skill2_17"},{"time":1.8333,"name":"skill2_16"},{"time":1.9666,"name":"skill2_15"},{"time":2.1333,"name":"skill2_16"},{"time":2.2666,"name":"skill2_17"},{"time":2.4333,"name":"skill2_18"},{"time":2.6,"name":"skill2_17"},{"time":2.7666,"name":"skill2_16"},{"time":2.9333,"name":"skill2_15"},{"time":3.0666,"name":"skill2_16"},{"time":3.2,"name":"skill2_17"},{"time":3.3333,"name":"skill2_18"},{"time":3.4666,"name":"skill2_19"},{"time":3.6,"name":"skill2_20"},{"time":3.7333,"name":"skill2_21"},{"time":3.9333,"name":"skill2_22"},{"time":4.1,"name":"skill2_23"},{"time":4.2,"name":"skill2_24"},{"time":4.3,"name":"skill2_25"},{"time":4.4333,"name":"skill2_26"},{"time":4.5,"name":"skill2_27"},{"time":4.5666,"name":"skill2_28"},{"time":4.6333,"name":"idle_03"},{"time":4.7666,"name":"idle_04"},{"time":4.9,"name":"idle_00"}]}},"bones":{"MAIN":{"translate":[{"time":0.9666,"x":0,"y":5,"curve":[0.201,0.43,0.748,0.98]},{"time":2.5,"x":0,"y":79.97},{"time":2.9333,"x":0,"y":95.83,"curve":[0.201,0.61,0.696,0.87]},{"time":3.5,"x":0,"y":100.84,"curve":[0.201,0.61,0.696,0.87]},{"time":4.6333,"x":0,"y":4.07,"curve":[0.363,0.37,0.699,0.7]},{"time":4.9,"x":0,"y":0}]},"AS_wave2":{"translate":[{"time":1.2666,"x":-443.51,"y":128.29}],"scale":[{"time":1.2666,"x":2.4,"y":2.4,"curve":"stepped"},{"time":1.6,"x":2.4,"y":2.4},{"time":1.7,"x":2.6,"y":2.6,"curve":"stepped"},{"time":1.8666,"x":2.4,"y":2.4,"curve":"stepped"},{"time":2.2,"x":2.4,"y":2.4},{"time":2.3,"x":2.6,"y":2.6}]},"AS_wave1":{"translate":[{"time":1.0666,"x":-443.09,"y":84.28}],"scale":[{"time":1.0666,"x":2.4,"y":2.4,"curve":"stepped"},{"time":1.4,"x":2.4,"y":2.4},{"time":1.5,"x":2.6,"y":2.6,"curve":"stepped"},{"time":1.6666,"x":2.4,"y":2.4,"curve":"stepped"},{"time":2,"x":2.4,"y":2.4},{"time":2.1,"x":2.6,"y":2.6}]},"AS_wave3":{"translate":[{"time":1.4666,"x":-442.9,"y":170.81}],"scale":[{"time":1.4666,"x":2.4,"y":2.4,"curve":"stepped"},{"time":1.8,"x":2.4,"y":2.4},{"time":1.9,"x":2.6,"y":2.6}]}},"events":[{"time":0.1,"name":"Voice","string":"cri_102_voice_fullarts_now"},{"time":0.9666,"name":"Sound1","string":"cri_se_battle_charge_long"},{"time":0.9666,"name":"Sound2","string":"cri_se_battle_effect_01"},{"time":2.3,"name":"Voice","string":"cri_102_voice_fullarts_rank4"},{"time":2.4666,"name":"Sound3","string":"cri_se_battle_bell_tree_03"},{"time":2.5,"name":"Sound1","string":"cri_se_battle_036_explosion_element_04"},{"time":2.5,"name":"Sound2","string":"cri_se_battle_gun_burst"},{"time":2.5,"name":"Sound3","string":"cri_se_battle_030_explosion_02"},{"time":2.7333,"name":"Event","string":"runScript_Rinascita"}]},"attack1":{"slots":{"DAMAGEAREA":{"attachment":[{"time":1.8333,"name":"DAMAGEAREA"},{"time":1.9666,"name":null}]},"EF/5100_A1_wave1/5100_A1_wave1_00001":{"attachment":[{"time":0.0666,"name":"EF/5100_A1_wave1/5100_A1_wave1_00001"},{"time":0.1,"name":"EF/5100_A1_wave1/5100_A1_wave1_00002"},{"time":0.1333,"name":"EF/5100_A1_wave1/5100_A1_wave1_00003"},{"time":0.1666,"name":"EF/5100_A1_wave1/5100_A1_wave1_00004"},{"time":0.2,"name":"EF/5100_A1_wave1/5100_A1_wave1_00005"},{"time":0.2333,"name":"EF/5100_A1_wave1/5100_A1_wave1_00006"},{"time":0.2666,"name":"EF/5100_A1_wave1/5100_A1_wave1_00007"},{"time":0.3,"name":"EF/5100_A1_wave1/5100_A1_wave1_00008"},{"time":0.3333,"name":"EF/5100_A1_wave1/5100_A1_wave1_00009"},{"time":0.3666,"name":"EF/5100_A1_wave1/5100_A1_wave1_00010"},{"time":0.4,"name":"EF/5100_A1_wave1/5100_A1_wave1_00011"},{"time":0.5666,"name":"EF/5100_A1_wave1/5100_A1_wave1_00001"},{"time":0.6,"name":"EF/5100_A1_wave1/5100_A1_wave1_00002"},{"time":0.6333,"name":"EF/5100_A1_wave1/5100_A1_wave1_00003"},{"time":0.6666,"name":"EF/5100_A1_wave1/5100_A1_wave1_00004"},{"time":0.7,"name":"EF/5100_A1_wave1/5100_A1_wave1_00005"},{"time":0.7333,"name":"EF/5100_A1_wave1/5100_A1_wave1_00006"},{"time":0.7666,"name":"EF/5100_A1_wave1/5100_A1_wave1_00007"},{"time":0.8,"name":"EF/5100_A1_wave1/5100_A1_wave1_00008"},{"time":0.8333,"name":"EF/5100_A1_wave1/5100_A1_wave1_00009"},{"time":0.8666,"name":"EF/5100_A1_wave1/5100_A1_wave1_00010"},{"time":0.9,"name":"EF/5100_A1_wave1/5100_A1_wave1_00011"},{"time":1.0666,"name":"EF/5100_A1_wave1/5100_A1_wave1_00001"},{"time":1.1,"name":"EF/5100_A1_wave1/5100_A1_wave1_00002"},{"time":1.1333,"name":"EF/5100_A1_wave1/5100_A1_wave1_00003"},{"time":1.1666,"name":"EF/5100_A1_wave1/5100_A1_wave1_00004"},{"time":1.2,"name":"EF/5100_A1_wave1/5100_A1_wave1_00005"},{"time":1.2333,"name":"EF/5100_A1_wave1/5100_A1_wave1_00006"},{"time":1.2666,"name":"EF/5100_A1_wave1/5100_A1_wave1_00007"},{"time":1.3,"name":"EF/5100_A1_wave1/5100_A1_wave1_00008"},{"time":1.3333,"name":"EF/5100_A1_wave1/5100_A1_wave1_00009"},{"time":1.3666,"name":"EF/5100_A1_wave1/5100_A1_wave1_00010"},{"time":1.4,"name":"EF/5100_A1_wave1/5100_A1_wave1_00011"},{"time":1.8,"name":"EF/5100_A1_wave1/5100_A1_wave1_00001"},{"time":1.8333,"name":"EF/5100_A1_wave1/5100_A1_wave1_00002"},{"time":1.8666,"name":"EF/5100_A1_wave1/5100_A1_wave1_00003"},{"time":1.9,"name":"EF/5100_A1_wave1/5100_A1_wave1_00004"},{"time":1.9333,"name":"EF/5100_A1_wave1/5100_A1_wave1_00005"},{"time":1.9666,"name":"EF/5100_A1_wave1/5100_A1_wave1_00006"},{"time":2,"name":"EF/5100_A1_wave1/5100_A1_wave1_00007"},{"time":2.0333,"name":"EF/5100_A1_wave1/5100_A1_wave1_00008"},{"time":2.0666,"name":"EF/5100_A1_wave1/5100_A1_wave1_00009"},{"time":2.1,"name":"EF/5100_A1_wave1/5100_A1_wave1_00010"},{"time":2.1333,"name":"EF/5100_A1_wave1/5100_A1_wave1_00011"}],"color":[{"time":0.0666,"color":"ffffffff","curve":"stepped"},{"time":0.4,"color":"ffffffff"},{"time":0.5,"color":"ffffff00","curve":"stepped"},{"time":0.5666,"color":"ffffffff","curve":"stepped"},{"time":0.9,"color":"ffffffff"},{"time":1,"color":"ffffff00","curve":"stepped"},{"time":1.0666,"color":"ffffffff","curve":"stepped"},{"time":1.4,"color":"ffffffff"},{"time":1.5,"color":"ffffff00","curve":"stepped"},{"time":1.8,"color":"ffffffff","curve":"stepped"},{"time":2.1333,"color":"ffffffff"},{"time":2.2333,"color":"ffffff00"}]},"EF/5100_A1_wave1/5100_A1_wave1_1":{"attachment":[{"time":0.2333,"name":"EF/5100_A1_wave1/5100_A1_wave1_00001"},{"time":0.2666,"name":"EF/5100_A1_wave1/5100_A1_wave1_00002"},{"time":0.3,"name":"EF/5100_A1_wave1/5100_A1_wave1_00003"},{"time":0.3333,"name":"EF/5100_A1_wave1/5100_A1_wave1_00004"},{"time":0.3666,"name":"EF/5100_A1_wave1/5100_A1_wave1_00005"},{"time":0.4,"name":"EF/5100_A1_wave1/5100_A1_wave1_00006"},{"time":0.4333,"name":"EF/5100_A1_wave1/5100_A1_wave1_00007"},{"time":0.4666,"name":"EF/5100_A1_wave1/5100_A1_wave1_00008"},{"time":0.5,"name":"EF/5100_A1_wave1/5100_A1_wave1_00009"},{"time":0.5333,"name":"EF/5100_A1_wave1/5100_A1_wave1_00010"},{"time":0.5666,"name":"EF/5100_A1_wave1/5100_A1_wave1_00011"},{"time":0.7333,"name":"EF/5100_A1_wave1/5100_A1_wave1_00001"},{"time":0.7666,"name":"EF/5100_A1_wave1/5100_A1_wave1_00002"},{"time":0.8,"name":"EF/5100_A1_wave1/5100_A1_wave1_00003"},{"time":0.8333,"name":"EF/5100_A1_wave1/5100_A1_wave1_00004"},{"time":0.8666,"name":"EF/5100_A1_wave1/5100_A1_wave1_00005"},{"time":0.9,"name":"EF/5100_A1_wave1/5100_A1_wave1_00006"},{"time":0.9333,"name":"EF/5100_A1_wave1/5100_A1_wave1_00007"},{"time":0.9666,"name":"EF/5100_A1_wave1/5100_A1_wave1_00008"},{"time":1,"name":"EF/5100_A1_wave1/5100_A1_wave1_00009"},{"time":1.0333,"name":"EF/5100_A1_wave1/5100_A1_wave1_00010"},{"time":1.0666,"name":"EF/5100_A1_wave1/5100_A1_wave1_00011"}],"color":[{"time":0.2333,"color":"ffffffff","curve":"stepped"},{"time":0.5666,"color":"ffffffff"},{"time":0.6666,"color":"ffffff00","curve":"stepped"},{"time":0.7333,"color":"ffffffff","curve":"stepped"},{"time":1.0666,"color":"ffffffff"},{"time":1.1666,"color":"ffffff00"}]},"EF/5100_A1_wave1/5100_A1_wave1_2":{"attachment":[{"time":0.4,"name":"EF/5100_A1_wave1/5100_A1_wave1_00001"},{"time":0.4333,"name":"EF/5100_A1_wave1/5100_A1_wave1_00002"},{"time":0.4666,"name":"EF/5100_A1_wave1/5100_A1_wave1_00003"},{"time":0.5,"name":"EF/5100_A1_wave1/5100_A1_wave1_00004"},{"time":0.5333,"name":"EF/5100_A1_wave1/5100_A1_wave1_00005"},{"time":0.5666,"name":"EF/5100_A1_wave1/5100_A1_wave1_00006"},{"time":0.6,"name":"EF/5100_A1_wave1/5100_A1_wave1_00007"},{"time":0.6333,"name":"EF/5100_A1_wave1/5100_A1_wave1_00008"},{"time":0.6666,"name":"EF/5100_A1_wave1/5100_A1_wave1_00009"},{"time":0.7,"name":"EF/5100_A1_wave1/5100_A1_wave1_00010"},{"time":0.7333,"name":"EF/5100_A1_wave1/5100_A1_wave1_00011"},{"time":0.9,"name":"EF/5100_A1_wave1/5100_A1_wave1_00001"},{"time":0.9333,"name":"EF/5100_A1_wave1/5100_A1_wave1_00002"},{"time":0.9666,"name":"EF/5100_A1_wave1/5100_A1_wave1_00003"},{"time":1,"name":"EF/5100_A1_wave1/5100_A1_wave1_00004"},{"time":1.0333,"name":"EF/5100_A1_wave1/5100_A1_wave1_00005"},{"time":1.0666,"name":"EF/5100_A1_wave1/5100_A1_wave1_00006"},{"time":1.1,"name":"EF/5100_A1_wave1/5100_A1_wave1_00007"},{"time":1.1333,"name":"EF/5100_A1_wave1/5100_A1_wave1_00008"},{"time":1.1666,"name":"EF/5100_A1_wave1/5100_A1_wave1_00009"},{"time":1.2,"name":"EF/5100_A1_wave1/5100_A1_wave1_00010"},{"time":1.2333,"name":"EF/5100_A1_wave1/5100_A1_wave1_00011"}],"color":[{"time":0.4,"color":"ffffffff","curve":"stepped"},{"time":0.7333,"color":"ffffffff"},{"time":0.8333,"color":"ffffff00","curve":"stepped"},{"time":0.9,"color":"ffffffff","curve":"stepped"},{"time":1.2333,"color":"ffffffff"},{"time":1.3333,"color":"ffffff00"}]},"MAIN":{"attachment":[{"time":0,"name":"attack1_00"},{"time":0.1666,"name":"attack1_01"},{"time":0.3333,"name":"attack1_02"},{"time":0.5,"name":"attack1_03"},{"time":0.6666,"name":"attack1_00"},{"time":0.8333,"name":"attack1_01"},{"time":1,"name":"attack1_02"},{"time":1.1666,"name":"attack1_03"},{"time":1.3333,"name":"attack1_04"},{"time":1.4333,"name":"attack1_05"},{"time":1.5333,"name":"attack1_06"},{"time":1.6333,"name":"attack1_07"},{"time":1.7666,"name":"attack1_08"},{"time":1.8,"name":"attack1_09"},{"time":1.8666,"name":"attack1_10"},{"time":1.9333,"name":"attack1_11"},{"time":2,"name":"attack1_12"},{"time":2.0666,"name":"attack1_13"},{"time":2.1333,"name":"attack1_14"},{"time":2.2,"name":"attack1_00"}]}},"bones":{"MAIN":{"translate":[{"time":0,"x":0,"y":0,"curve":[0.25,0,0.75,1]},{"time":0.3333,"x":0,"y":3,"curve":[0.25,0,0.75,1]},{"time":0.6666,"x":0,"y":0,"curve":[0.25,0,0.75,1]},{"time":1,"x":0,"y":3,"curve":[0.25,0,0.75,1]},{"time":1.3333,"x":0,"y":0,"curve":[0.25,0,0.75,1]},{"time":1.5666,"x":0,"y":3,"curve":[0.25,0,0.75,1]},{"time":1.8,"x":0,"y":0,"curve":[0.286,0,0.626,0.38]},{"time":1.9,"x":0,"y":5,"curve":[0.316,0.27,0.757,1]},{"time":2.3333,"x":0,"y":0}]},"AS_wave1":{"translate":[{"time":0.0666,"x":-443.09,"y":84.28,"curve":"stepped"},{"time":1.0666,"x":-443.09,"y":84.28,"curve":"stepped"},{"time":1.8,"x":-443.09,"y":84.28}],"scale":[{"time":0.0666,"x":1,"y":1,"curve":"stepped"},{"time":0.4,"x":1,"y":1},{"time":0.5,"x":1.2,"y":1.2,"curve":"stepped"},{"time":0.5666,"x":1,"y":1,"curve":"stepped"},{"time":0.9,"x":1,"y":1},{"time":1,"x":1.2,"y":1.2,"curve":"stepped"},{"time":1.0666,"x":1,"y":1,"curve":"stepped"},{"time":1.4,"x":1,"y":1},{"time":1.5,"x":1.2,"y":1.2,"curve":"stepped"},{"time":1.8,"x":1.2,"y":1.2,"curve":"stepped"},{"time":2.1333,"x":1.2,"y":1.2},{"time":2.2333,"x":1.4,"y":1.4}]},"AS_wave2":{"translate":[{"time":0.2333,"x":-443.51,"y":128.29}],"scale":[{"time":0.2333,"x":1,"y":1,"curve":"stepped"},{"time":0.5666,"x":1,"y":1},{"time":0.6666,"x":1.2,"y":1.2,"curve":"stepped"},{"time":0.7333,"x":1,"y":1,"curve":"stepped"},{"time":1.0666,"x":1,"y":1},{"time":1.1666,"x":1.2,"y":1.2}]},"AS_wave3":{"translate":[{"time":0.4,"x":-442.9,"y":170.81}],"scale":[{"time":0.4,"x":1,"y":1,"curve":"stepped"},{"time":0.7333,"x":1,"y":1},{"time":0.8333,"x":1.2,"y":1.2,"curve":"stepped"},{"time":0.9,"x":1,"y":1,"curve":"stepped"},{"time":1.2333,"x":1,"y":1},{"time":1.3333,"x":1.2,"y":1.2}]},"DAMAGEAREA":{"translate":[{"time":1.8333,"x":-591.19,"y":51.34}],"scale":[{"time":1.8333,"x":5.695,"y":0.474}]}},"events":[{"time":0,"name":"Voice","string":"cri_102_voice_attack_c"},{"time":0.0666,"name":"Sound1","string":"cri_se_battle_charge_long"},{"time":1.7666,"name":"Event","float":0.15,"string":"kHitStopType_normal"},{"time":1.7666,"name":"Voice","string":"cri_102_voice_attack_random"},{"time":1.8,"name":"Event","string":"kImpactType_knock"},{"time":1.8,"name":"Sound1","string":"cri_se_battle_beam"},{"time":1.8,"name":"Sound2","string":"cri_se_battle_spark"}]},"back":{"slots":{"MAIN":{"attachment":[{"time":0,"name":"back_00"},{"time":0.3666,"name":"idle_03"},{"time":0.5666,"name":"idle_04"},{"time":0.8,"name":"idle_00"}]}},"bones":{"MAIN":{"translate":[{"time":0,"x":0,"y":0,"curve":[0.229,0.29,0.593,0.65]},{"time":0.1333,"x":71.1,"y":8.67,"curve":[0.349,0.52,0.762,1]},{"time":0.3666,"x":135.04,"y":-7.02},{"time":0.8,"x":140,"y":0}]}}},"cast":{"slots":{"MAIN":{"attachment":[{"time":0,"name":"skill1_00"},{"time":0.0666,"name":"skill1_01"},{"time":0.1333,"name":"skill1_02"},{"time":0.2333,"name":"skill1_03"},{"time":0.3333,"name":"skill1_04"},{"time":0.4333,"name":"skill1_05"},{"time":0.5,"name":"skill1_06"},{"time":0.5333,"name":"skill1_07"},{"time":0.5666,"name":"skill1_08"},{"time":0.6333,"name":"skill1_09"},{"time":0.7,"name":"skill1_10"},{"time":0.8,"name":"skill1_11"},{"time":0.8666,"name":"skill1_12"}]}},"events":[{"time":0.5,"name":"Voice","string":"cri_102_voice_item"}]},"damage":{"slots":{"MAIN":{"attachment":[{"time":0,"name":"damage_00"}]}}},"front":{"slots":{"MAIN":{"attachment":[{"time":0,"name":"front_00"}]}}},"idle":{"slots":{"MAIN":{"attachment":[{"time":0,"name":"idle_00"},{"time":0.2333,"name":"idle_01"},{"time":0.4666,"name":"idle_02"},{"time":0.7,"name":"idle_03"},{"time":0.9333,"name":"idle_04"},{"time":1.1666,"name":"idle_00"}]}},"bones":{"MAIN":{"translate":[{"time":0,"x":0,"y":0,"curve":[0.25,0,0.75,1]},{"time":0.6,"x":0,"y":5,"curve":[0.25,0,0.75,1]},{"time":1.1666,"x":0,"y":0}]}}},"in":{"slots":{"MAIN":{"attachment":[{"time":0,"name":"skill2_23"},{"time":0.1,"name":"skill2_20"},{"time":0.2,"name":"skill2_21"},{"time":0.3,"name":"skill2_22"},{"time":0.5,"name":"skill2_24"},{"time":0.6,"name":"skill2_27"},{"time":0.6666,"name":"skill2_28"},{"time":0.7,"name":"idle_00"},{"time":0.7666,"name":"idle_01"},{"time":0.8333,"name":"idle_02"},{"time":0.9,"name":"idle_03"},{"time":0.9666,"name":"idle_04"}],"color":[{"time":0,"color":"ffffff00"},{"time":0.3666,"color":"ffffffff"}]}},"bones":{"MAIN":{"translate":[{"time":0,"x":-9.02,"y":14.78,"curve":[0.209,0.49,0.75,1]},{"time":0.6666,"x":-9.02,"y":-7.32,"curve":"stepped"},{"time":0.7,"x":0,"y":-3.34},{"time":0.9333,"x":0,"y":0}]}}},"skill1":{"slots":{"EF/5100_A1_wave1/5100_A1_wave1_1":{"attachment":[{"time":1.5666,"name":"EF/5100_A1_wave1/5100_A1_wave1_00001"},{"time":1.6,"name":"EF/5100_A1_wave1/5100_A1_wave1_00002"},{"time":1.6333,"name":"EF/5100_A1_wave1/5100_A1_wave1_00003"},{"time":1.6666,"name":"EF/5100_A1_wave1/5100_A1_wave1_00004"},{"time":1.7,"name":"EF/5100_A1_wave1/5100_A1_wave1_00005"},{"time":1.7333,"name":"EF/5100_A1_wave1/5100_A1_wave1_00006"},{"time":1.7666,"name":"EF/5100_A1_wave1/5100_A1_wave1_00007"},{"time":1.8,"name":"EF/5100_A1_wave1/5100_A1_wave1_00008"},{"time":1.8333,"name":"EF/5100_A1_wave1/5100_A1_wave1_00009"},{"time":1.8666,"name":"EF/5100_A1_wave1/5100_A1_wave1_00010"},{"time":1.9,"name":"EF/5100_A1_wave1/5100_A1_wave1_00011"},{"time":2.0666,"name":"EF/5100_A1_wave1/5100_A1_wave1_00001"},{"time":2.1,"name":"EF/5100_A1_wave1/5100_A1_wave1_00002"},{"time":2.1333,"name":"EF/5100_A1_wave1/5100_A1_wave1_00003"},{"time":2.1666,"name":"EF/5100_A1_wave1/5100_A1_wave1_00004"},{"time":2.2,"name":"EF/5100_A1_wave1/5100_A1_wave1_00005"},{"time":2.2333,"name":"EF/5100_A1_wave1/5100_A1_wave1_00006"},{"time":2.2666,"name":"EF/5100_A1_wave1/5100_A1_wave1_00007"},{"time":2.3,"name":"EF/5100_A1_wave1/5100_A1_wave1_00008"},{"time":2.3333,"name":"EF/5100_A1_wave1/5100_A1_wave1_00009"},{"time":2.3666,"name":"EF/5100_A1_wave1/5100_A1_wave1_00010"},{"time":2.4,"name":"EF/5100_A1_wave1/5100_A1_wave1_00011"}],"color":[{"time":1.5666,"color":"ffffffff","curve":"stepped"},{"time":1.9,"color":"ffffffff"},{"time":2,"color":"ffffff00","curve":"stepped"},{"time":2.0666,"color":"ffffffff","curve":"stepped"},{"time":2.4,"color":"ffffffff"},{"time":2.5,"color":"ffffff00"}]},"EF/5100_A1_wave1/5100_A1_wave1_00001":{"attachment":[{"time":1.4,"name":"EF/5100_A1_wave1/5100_A1_wave1_00001"},{"time":1.4333,"name":"EF/5100_A1_wave1/5100_A1_wave1_00002"},{"time":1.4666,"name":"EF/5100_A1_wave1/5100_A1_wave1_00003"},{"time":1.5,"name":"EF/5100_A1_wave1/5100_A1_wave1_00004"},{"time":1.5333,"name":"EF/5100_A1_wave1/5100_A1_wave1_00005"},{"time":1.5666,"name":"EF/5100_A1_wave1/5100_A1_wave1_00006"},{"time":1.6,"name":"EF/5100_A1_wave1/5100_A1_wave1_00007"},{"time":1.6333,"name":"EF/5100_A1_wave1/5100_A1_wave1_00008"},{"time":1.6666,"name":"EF/5100_A1_wave1/5100_A1_wave1_00009"},{"time":1.7,"name":"EF/5100_A1_wave1/5100_A1_wave1_00010"},{"time":1.7333,"name":"EF/5100_A1_wave1/5100_A1_wave1_00011"},{"time":1.9,"name":"EF/5100_A1_wave1/5100_A1_wave1_00001"},{"time":1.9333,"name":"EF/5100_A1_wave1/5100_A1_wave1_00002"},{"time":1.9666,"name":"EF/5100_A1_wave1/5100_A1_wave1_00003"},{"time":2,"name":"EF/5100_A1_wave1/5100_A1_wave1_00004"},{"time":2.0333,"name":"EF/5100_A1_wave1/5100_A1_wave1_00005"},{"time":2.0666,"name":"EF/5100_A1_wave1/5100_A1_wave1_00006"},{"time":2.1,"name":"EF/5100_A1_wave1/5100_A1_wave1_00007"},{"time":2.1333,"name":"EF/5100_A1_wave1/5100_A1_wave1_00008"},{"time":2.1666,"name":"EF/5100_A1_wave1/5100_A1_wave1_00009"},{"time":2.2,"name":"EF/5100_A1_wave1/5100_A1_wave1_00010"},{"time":2.2333,"name":"EF/5100_A1_wave1/5100_A1_wave1_00011"}],"color":[{"time":1.4,"color":"ffffffff","curve":"stepped"},{"time":1.7333,"color":"ffffffff"},{"time":1.8333,"color":"ffffff00","curve":"stepped"},{"time":1.9,"color":"ffffffff","curve":"stepped"},{"time":2.2333,"color":"ffffffff"},{"time":2.3333,"color":"ffffff00"}]},"EF/5100_A1_wave1/5100_A1_wave1_2":{"attachment":[{"time":1.7333,"name":"EF/5100_A1_wave1/5100_A1_wave1_00001"},{"time":1.7666,"name":"EF/5100_A1_wave1/5100_A1_wave1_00002"},{"time":1.8,"name":"EF/5100_A1_wave1/5100_A1_wave1_00003"},{"time":1.8333,"name":"EF/5100_A1_wave1/5100_A1_wave1_00004"},{"time":1.8666,"name":"EF/5100_A1_wave1/5100_A1_wave1_00005"},{"time":1.9,"name":"EF/5100_A1_wave1/5100_A1_wave1_00006"},{"time":1.9333,"name":"EF/5100_A1_wave1/5100_A1_wave1_00007"},{"time":1.9666,"name":"EF/5100_A1_wave1/5100_A1_wave1_00008"},{"time":2,"name":"EF/5100_A1_wave1/5100_A1_wave1_00009"},{"time":2.0333,"name":"EF/5100_A1_wave1/5100_A1_wave1_00010"},{"time":2.0666,"name":"EF/5100_A1_wave1/5100_A1_wave1_00011"}],"color":[{"time":1.7333,"color":"ffffffff","curve":"stepped"},{"time":2.0666,"color":"ffffffff"},{"time":2.1666,"color":"ffffff00"}]},"MAIN":{"attachment":[{"time":0,"name":"skill1_00"},{"time":0.1333,"name":"skill1_01"},{"time":0.2666,"name":"skill1_02"},{"time":0.4,"name":"skill1_03"},{"time":0.5333,"name":"skill1_04"},{"time":1.3333,"name":"skill1_05"},{"time":1.4,"name":"skill1_06"},{"time":1.4666,"name":"skill1_07"},{"time":1.5,"name":"skill1_08"},{"time":1.5333,"name":"skill1_09"},{"time":1.6,"name":"skill1_10"},{"time":1.6666,"name":"skill1_11"},{"time":1.7333,"name":"skill1_12"},{"time":1.8,"name":"skill1_12"}]}},"bones":{"MAIN":{"rotate":[{"time":0,"angle":0.01}],"translate":[{"time":0,"x":0,"y":0.39,"curve":[0.25,0,0.75,1]},{"time":0.3333,"x":0,"y":3,"curve":[0.25,0,0.75,1]},{"time":0.6666,"x":0,"y":0,"curve":[0.25,0,0.75,1]},{"time":1,"x":0,"y":3,"curve":[0.25,0,0.75,1]},{"time":1.3333,"x":0,"y":0,"curve":[0.25,0,0.75,1]},{"time":1.4,"x":0,"y":3,"curve":[0.25,0,0.75,1]},{"time":1.7333,"x":0,"y":0,"curve":[0.25,0,0.75,1]},{"time":2.0666,"x":0,"y":3,"curve":[0.25,0,0.75,1]},{"time":2.4,"x":0,"y":0}]},"AS_wave2":{"translate":[{"time":1.5666,"x":-443.51,"y":128.29}],"scale":[{"time":1.5666,"x":2.4,"y":2.4,"curve":"stepped"},{"time":1.9,"x":2.4,"y":2.4},{"time":2,"x":2.6,"y":2.6,"curve":"stepped"},{"time":2.0666,"x":2.4,"y":2.4,"curve":"stepped"},{"time":2.4,"x":2.4,"y":2.4},{"time":2.5,"x":2.6,"y":2.6}]},"AS_wave1":{"translate":[{"time":1.4,"x":-443.09,"y":84.28}],"scale":[{"time":1.4,"x":2.4,"y":2.4,"curve":"stepped"},{"time":1.7,"x":2.4,"y":2.4},{"time":1.8333,"x":2.6,"y":2.6,"curve":"stepped"},{"time":1.9,"x":2.4,"y":2.4,"curve":"stepped"},{"time":2.2,"x":2.4,"y":2.4},{"time":2.3333,"x":2.6,"y":2.6}]},"AS_wave3":{"translate":[{"time":1.7333,"x":-442.9,"y":170.81}],"scale":[{"time":1.7333,"x":2.4,"y":2.4,"curve":"stepped"},{"time":2.0666,"x":2.4,"y":2.4},{"time":2.1666,"x":2.6,"y":2.6}]}},"events":[{"time":0.0666,"name":"Sound1","string":"cri_se_battle_charge_long"},{"time":0.0666,"name":"Sound2","string":"cri_se_battle_effect_01"},{"time":1,"name":"Voice","string":"cri_102_voice_skill_all"},{"time":1.4,"name":"Sound1","string":"cri_se_battle_charge_completion"},{"time":1.5,"name":"Event","string":"runScript-addShot"},{"time":1.5333,"name":"Event","string":"runScript-addShot"},{"time":1.5666,"name":"Sound1","string":"cri_se_battle_charge_completion"},{"time":1.6333,"name":"Event","string":"runScript-addShot"},{"time":1.6666,"name":"Event","string":"runScript-addShot"},{"time":1.7333,"name":"Sound1","string":"cri_se_battle_charge_completion"},{"time":1.7666,"name":"Event","string":"runScript-addShot"},{"time":1.8,"name":"Event","string":"runScript-addShot"},{"time":1.9,"name":"Sound1","string":"cri_se_battle_charge_completion"},{"time":1.9333,"name":"Event","string":"runScript-addShot"},{"time":1.9666,"name":"Event","string":"runScript-addShot"},{"time":2.0666,"name":"Sound1","string":"cri_se_battle_charge_completion"},{"time":2.1,"name":"Event","string":"runScript-addShot"},{"time":2.1333,"name":"Event","string":"runScript-addShot"}]},"skill2":{"slots":{"DAMAGEAREA":{"attachment":[{"time":2.5333,"name":"DAMAGEAREA"},{"time":3.0666,"name":null}]},"EF/5100_A1_wave1/5100_A1_wave1_1":{"attachment":[{"time":1.2666,"name":"EF/5100_A1_wave1/5100_A1_wave1_00001"},{"time":1.3,"name":"EF/5100_A1_wave1/5100_A1_wave1_00002"},{"time":1.3333,"name":"EF/5100_A1_wave1/5100_A1_wave1_00003"},{"time":1.3666,"name":"EF/5100_A1_wave1/5100_A1_wave1_00004"},{"time":1.4,"name":"EF/5100_A1_wave1/5100_A1_wave1_00005"},{"time":1.4333,"name":"EF/5100_A1_wave1/5100_A1_wave1_00006"},{"time":1.4666,"name":"EF/5100_A1_wave1/5100_A1_wave1_00007"},{"time":1.5,"name":"EF/5100_A1_wave1/5100_A1_wave1_00008"},{"time":1.5333,"name":"EF/5100_A1_wave1/5100_A1_wave1_00009"},{"time":1.5666,"name":"EF/5100_A1_wave1/5100_A1_wave1_00010"},{"time":1.6,"name":"EF/5100_A1_wave1/5100_A1_wave1_00011"},{"time":1.8666,"name":"EF/5100_A1_wave1/5100_A1_wave1_00001"},{"time":1.9,"name":"EF/5100_A1_wave1/5100_A1_wave1_00002"},{"time":1.9333,"name":"EF/5100_A1_wave1/5100_A1_wave1_00003"},{"time":1.9666,"name":"EF/5100_A1_wave1/5100_A1_wave1_00004"},{"time":2,"name":"EF/5100_A1_wave1/5100_A1_wave1_00005"},{"time":2.0333,"name":"EF/5100_A1_wave1/5100_A1_wave1_00006"},{"time":2.0666,"name":"EF/5100_A1_wave1/5100_A1_wave1_00007"},{"time":2.1,"name":"EF/5100_A1_wave1/5100_A1_wave1_00008"},{"time":2.1333,"name":"EF/5100_A1_wave1/5100_A1_wave1_00009"},{"time":2.1666,"name":"EF/5100_A1_wave1/5100_A1_wave1_00010"},{"time":2.2,"name":"EF/5100_A1_wave1/5100_A1_wave1_00011"}],"color":[{"time":1.2666,"color":"ffffffff","curve":"stepped"},{"time":1.6,"color":"ffffffff"},{"time":1.7,"color":"ffffff00","curve":"stepped"},{"time":1.8666,"color":"ffffffff","curve":"stepped"},{"time":2.2,"color":"ffffffff"},{"time":2.3,"color":"ffffff00"}]},"EF/5100_A1_wave1/5100_A1_wave1_00001":{"attachment":[{"time":1.0666,"name":"EF/5100_A1_wave1/5100_A1_wave1_00001"},{"time":1.1,"name":"EF/5100_A1_wave1/5100_A1_wave1_00002"},{"time":1.1333,"name":"EF/5100_A1_wave1/5100_A1_wave1_00003"},{"time":1.1666,"name":"EF/5100_A1_wave1/5100_A1_wave1_00004"},{"time":1.2,"name":"EF/5100_A1_wave1/5100_A1_wave1_00005"},{"time":1.2333,"name":"EF/5100_A1_wave1/5100_A1_wave1_00006"},{"time":1.2666,"name":"EF/5100_A1_wave1/5100_A1_wave1_00007"},{"time":1.3,"name":"EF/5100_A1_wave1/5100_A1_wave1_00008"},{"time":1.3333,"name":"EF/5100_A1_wave1/5100_A1_wave1_00009"},{"time":1.3666,"name":"EF/5100_A1_wave1/5100_A1_wave1_00010"},{"time":1.4,"name":"EF/5100_A1_wave1/5100_A1_wave1_00011"},{"time":1.6666,"name":"EF/5100_A1_wave1/5100_A1_wave1_00001"},{"time":1.7,"name":"EF/5100_A1_wave1/5100_A1_wave1_00002"},{"time":1.7333,"name":"EF/5100_A1_wave1/5100_A1_wave1_00003"},{"time":1.7666,"name":"EF/5100_A1_wave1/5100_A1_wave1_00004"},{"time":1.8,"name":"EF/5100_A1_wave1/5100_A1_wave1_00005"},{"time":1.8333,"name":"EF/5100_A1_wave1/5100_A1_wave1_00006"},{"time":1.8666,"name":"EF/5100_A1_wave1/5100_A1_wave1_00007"},{"time":1.9,"name":"EF/5100_A1_wave1/5100_A1_wave1_00008"},{"time":1.9333,"name":"EF/5100_A1_wave1/5100_A1_wave1_00009"},{"time":1.9666,"name":"EF/5100_A1_wave1/5100_A1_wave1_00010"},{"time":2,"name":"EF/5100_A1_wave1/5100_A1_wave1_00011"}],"color":[{"time":1.0666,"color":"ffffffff","curve":"stepped"},{"time":1.4,"color":"ffffffff"},{"time":1.5,"color":"ffffff00","curve":"stepped"},{"time":1.6666,"color":"ffffffff","curve":"stepped"},{"time":2,"color":"ffffffff"},{"time":2.1,"color":"ffffff00"}]},"EF/5100_A1_wave1/5100_A1_wave1_2":{"attachment":[{"time":1.4666,"name":"EF/5100_A1_wave1/5100_A1_wave1_00001"},{"time":1.5,"name":"EF/5100_A1_wave1/5100_A1_wave1_00002"},{"time":1.5333,"name":"EF/5100_A1_wave1/5100_A1_wave1_00003"},{"time":1.5666,"name":"EF/5100_A1_wave1/5100_A1_wave1_00004"},{"time":1.6,"name":"EF/5100_A1_wave1/5100_A1_wave1_00005"},{"time":1.6333,"name":"EF/5100_A1_wave1/5100_A1_wave1_00006"},{"time":1.6666,"name":"EF/5100_A1_wave1/5100_A1_wave1_00007"},{"time":1.7,"name":"EF/5100_A1_wave1/5100_A1_wave1_00008"},{"time":1.7333,"name":"EF/5100_A1_wave1/5100_A1_wave1_00009"},{"time":1.7666,"name":"EF/5100_A1_wave1/5100_A1_wave1_00010"},{"time":1.8,"name":"EF/5100_A1_wave1/5100_A1_wave1_00011"}],"color":[{"time":1.4666,"color":"ffffffff","curve":"stepped"},{"time":1.8,"color":"ffffffff"},{"time":1.9,"color":"ffffff00"}]},"MAIN":{"attachment":[{"time":0,"name":"skill2_07"},{"time":0.0666,"name":"skill2_00"},{"time":0.1333,"name":"skill2_01"},{"time":0.2,"name":"skill2_02"},{"time":0.2666,"name":"skill2_03"},{"time":0.3333,"name":"skill2_04"},{"time":0.4,"name":"skill2_05"},{"time":0.4666,"name":"skill2_06"},{"time":0.5666,"name":"skill2_07"},{"time":0.6666,"name":"skill2_08"},{"time":0.7666,"name":"skill2_09"},{"time":0.8666,"name":"skill2_10"},{"time":0.9666,"name":"skill2_11"},{"time":1.0666,"name":"skill2_12"},{"time":1.2,"name":"skill2_13"},{"time":1.3,"name":"skill2_14"},{"time":1.4333,"name":"skill2_15"},{"time":1.5666,"name":"skill2_16"},{"time":1.7,"name":"skill2_17"},{"time":1.8333,"name":"skill2_16"},{"time":1.9666,"name":"skill2_15"},{"time":2.1333,"name":"skill2_16"},{"time":2.2666,"name":"skill2_17"},{"time":2.4333,"name":"skill2_18"},{"time":2.6,"name":"skill2_17"},{"time":2.7666,"name":"skill2_16"},{"time":2.9333,"name":"skill2_15"},{"time":3.0666,"name":"skill2_16"},{"time":3.2,"name":"skill2_17"},{"time":3.3333,"name":"skill2_18"},{"time":3.4666,"name":"skill2_19"},{"time":3.6,"name":"skill2_20"},{"time":3.7333,"name":"skill2_21"},{"time":3.9333,"name":"skill2_22"},{"time":4.1,"name":"skill2_23"},{"time":4.2,"name":"skill2_24"},{"time":4.3,"name":"skill2_25"},{"time":4.4333,"name":"skill2_26"},{"time":4.5,"name":"skill2_27"},{"time":4.5666,"name":"skill2_28"},{"time":4.6333,"name":"idle_03"},{"time":4.7666,"name":"idle_04"},{"time":4.9,"name":"idle_00"}]}},"bones":{"MAIN":{"translate":[{"time":0.9666,"x":0,"y":5,"curve":[0.201,0.43,0.748,0.98]},{"time":2.5,"x":0,"y":79.97},{"time":2.9333,"x":0,"y":95.83,"curve":[0.201,0.61,0.696,0.87]},{"time":3.5,"x":0,"y":100.84,"curve":[0.201,0.61,0.696,0.87]},{"time":4.6333,"x":0,"y":4.07,"curve":[0.363,0.37,0.699,0.7]},{"time":4.9,"x":0,"y":0}]},"AS_wave2":{"translate":[{"time":1.2666,"x":-443.51,"y":128.29}],"scale":[{"time":1.2666,"x":2.4,"y":2.4,"curve":"stepped"},{"time":1.6,"x":2.4,"y":2.4},{"time":1.7,"x":2.6,"y":2.6,"curve":"stepped"},{"time":1.8666,"x":2.4,"y":2.4,"curve":"stepped"},{"time":2.2,"x":2.4,"y":2.4},{"time":2.3,"x":2.6,"y":2.6}]},"AS_wave1":{"translate":[{"time":1.0666,"x":-443.09,"y":84.28}],"scale":[{"time":1.0666,"x":2.4,"y":2.4,"curve":"stepped"},{"time":1.4,"x":2.4,"y":2.4},{"time":1.5,"x":2.6,"y":2.6,"curve":"stepped"},{"time":1.6666,"x":2.4,"y":2.4,"curve":"stepped"},{"time":2,"x":2.4,"y":2.4},{"time":2.1,"x":2.6,"y":2.6}]},"AS_wave3":{"translate":[{"time":1.4666,"x":-442.9,"y":170.81}],"scale":[{"time":1.4666,"x":2.4,"y":2.4,"curve":"stepped"},{"time":1.8,"x":2.4,"y":2.4},{"time":1.9,"x":2.6,"y":2.6}]},"DAMAGEAREA":{"translate":[{"time":2.5333,"x":-1.59,"y":145.69}],"scale":[{"time":2.5333,"x":1.154,"y":1.237},{"time":2.6666,"x":4.597,"y":4.549}]}},"events":[{"time":0,"name":"HitEffect","string":"setHitEffect(hit02d,1,1,1)"},{"time":0.0666,"name":"Voice","string":"cri_102_voice_fullarts_now"},{"time":0.9666,"name":"Sound1","string":"cri_se_battle_charge_long"},{"time":0.9666,"name":"Sound2","string":"cri_se_battle_effect_01"},{"time":2.3,"name":"Voice","string":"cri_102_voice_fullarts_rank5"},{"time":2.3666,"name":"Event","int":300,"string":"kImpactType_knock"},{"time":2.4,"name":"Event","float":0.2,"string":"kHitStopType_normal"},{"time":2.4333,"name":"Event","string":"shakeGround"},{"time":2.4666,"name":"Sound3","string":"cri_se_battle_bell_tree_03"},{"time":2.5,"name":"Sound1","string":"cri_se_battle_036_explosion_element_04"},{"time":2.5,"name":"Sound2","string":"cri_se_battle_gun_burst"},{"time":2.5,"name":"Sound3","string":"cri_se_battle_030_explosion_02"},{"time":2.6666,"name":"Event","float":0.02,"string":"kHitStopType_normal"},{"time":2.7,"name":"Event","int":10,"string":"kImpactType_knock"},{"time":2.8,"name":"Event","string":"runSkillEffect"}]},"skill1-library":{"slots":{"EF/5100_A1_wave1/5100_A1_wave1_1":{"attachment":[{"time":1.5666,"name":"EF/5100_A1_wave1/5100_A1_wave1_00001"},{"time":1.6,"name":"EF/5100_A1_wave1/5100_A1_wave1_00002"},{"time":1.6333,"name":"EF/5100_A1_wave1/5100_A1_wave1_00003"},{"time":1.6666,"name":"EF/5100_A1_wave1/5100_A1_wave1_00004"},{"time":1.7,"name":"EF/5100_A1_wave1/5100_A1_wave1_00005"},{"time":1.7333,"name":"EF/5100_A1_wave1/5100_A1_wave1_00006"},{"time":1.7666,"name":"EF/5100_A1_wave1/5100_A1_wave1_00007"},{"time":1.8,"name":"EF/5100_A1_wave1/5100_A1_wave1_00008"},{"time":1.8333,"name":"EF/5100_A1_wave1/5100_A1_wave1_00009"},{"time":1.8666,"name":"EF/5100_A1_wave1/5100_A1_wave1_00010"},{"time":1.9,"name":"EF/5100_A1_wave1/5100_A1_wave1_00011"},{"time":2.0666,"name":"EF/5100_A1_wave1/5100_A1_wave1_00001"},{"time":2.1,"name":"EF/5100_A1_wave1/5100_A1_wave1_00002"},{"time":2.1333,"name":"EF/5100_A1_wave1/5100_A1_wave1_00003"},{"time":2.1666,"name":"EF/5100_A1_wave1/5100_A1_wave1_00004"},{"time":2.2,"name":"EF/5100_A1_wave1/5100_A1_wave1_00005"},{"time":2.2333,"name":"EF/5100_A1_wave1/5100_A1_wave1_00006"},{"time":2.2666,"name":"EF/5100_A1_wave1/5100_A1_wave1_00007"},{"time":2.3,"name":"EF/5100_A1_wave1/5100_A1_wave1_00008"},{"time":2.3333,"name":"EF/5100_A1_wave1/5100_A1_wave1_00009"},{"time":2.3666,"name":"EF/5100_A1_wave1/5100_A1_wave1_00010"},{"time":2.4,"name":"EF/5100_A1_wave1/5100_A1_wave1_00011"}],"color":[{"time":1.5666,"color":"ffffffff","curve":"stepped"},{"time":1.9,"color":"ffffffff"},{"time":2,"color":"ffffff00","curve":"stepped"},{"time":2.0666,"color":"ffffffff","curve":"stepped"},{"time":2.4,"color":"ffffffff"},{"time":2.5,"color":"ffffff00"}]},"EF/5100_A1_wave1/5100_A1_wave1_00001":{"attachment":[{"time":1.4,"name":"EF/5100_A1_wave1/5100_A1_wave1_00001"},{"time":1.4333,"name":"EF/5100_A1_wave1/5100_A1_wave1_00002"},{"time":1.4666,"name":"EF/5100_A1_wave1/5100_A1_wave1_00003"},{"time":1.5,"name":"EF/5100_A1_wave1/5100_A1_wave1_00004"},{"time":1.5333,"name":"EF/5100_A1_wave1/5100_A1_wave1_00005"},{"time":1.5666,"name":"EF/5100_A1_wave1/5100_A1_wave1_00006"},{"time":1.6,"name":"EF/5100_A1_wave1/5100_A1_wave1_00007"},{"time":1.6333,"name":"EF/5100_A1_wave1/5100_A1_wave1_00008"},{"time":1.6666,"name":"EF/5100_A1_wave1/5100_A1_wave1_00009"},{"time":1.7,"name":"EF/5100_A1_wave1/5100_A1_wave1_00010"},{"time":1.7333,"name":"EF/5100_A1_wave1/5100_A1_wave1_00011"},{"time":1.9,"name":"EF/5100_A1_wave1/5100_A1_wave1_00001"},{"time":1.9333,"name":"EF/5100_A1_wave1/5100_A1_wave1_00002"},{"time":1.9666,"name":"EF/5100_A1_wave1/5100_A1_wave1_00003"},{"time":2,"name":"EF/5100_A1_wave1/5100_A1_wave1_00004"},{"time":2.0333,"name":"EF/5100_A1_wave1/5100_A1_wave1_00005"},{"time":2.0666,"name":"EF/5100_A1_wave1/5100_A1_wave1_00006"},{"time":2.1,"name":"EF/5100_A1_wave1/5100_A1_wave1_00007"},{"time":2.1333,"name":"EF/5100_A1_wave1/5100_A1_wave1_00008"},{"time":2.1666,"name":"EF/5100_A1_wave1/5100_A1_wave1_00009"},{"time":2.2,"name":"EF/5100_A1_wave1/5100_A1_wave1_00010"},{"time":2.2333,"name":"EF/5100_A1_wave1/5100_A1_wave1_00011"}],"color":[{"time":1.4,"color":"ffffffff","curve":"stepped"},{"time":1.7333,"color":"ffffffff"},{"time":1.8333,"color":"ffffff00","curve":"stepped"},{"time":1.9,"color":"ffffffff","curve":"stepped"},{"time":2.2333,"color":"ffffffff"},{"time":2.3333,"color":"ffffff00"}]},"EF/5100_A1_wave1/5100_A1_wave1_2":{"attachment":[{"time":1.7333,"name":"EF/5100_A1_wave1/5100_A1_wave1_00001"},{"time":1.7666,"name":"EF/5100_A1_wave1/5100_A1_wave1_00002"},{"time":1.8,"name":"EF/5100_A1_wave1/5100_A1_wave1_00003"},{"time":1.8333,"name":"EF/5100_A1_wave1/5100_A1_wave1_00004"},{"time":1.8666,"name":"EF/5100_A1_wave1/5100_A1_wave1_00005"},{"time":1.9,"name":"EF/5100_A1_wave1/5100_A1_wave1_00006"},{"time":1.9333,"name":"EF/5100_A1_wave1/5100_A1_wave1_00007"},{"time":1.9666,"name":"EF/5100_A1_wave1/5100_A1_wave1_00008"},{"time":2,"name":"EF/5100_A1_wave1/5100_A1_wave1_00009"},{"time":2.0333,"name":"EF/5100_A1_wave1/5100_A1_wave1_00010"},{"time":2.0666,"name":"EF/5100_A1_wave1/5100_A1_wave1_00011"}],"color":[{"time":1.7333,"color":"ffffffff","curve":"stepped"},{"time":2.0666,"color":"ffffffff"},{"time":2.1666,"color":"ffffff00"}]},"MAIN":{"attachment":[{"time":0,"name":"skill1_00"},{"time":0.1333,"name":"skill1_01"},{"time":0.2666,"name":"skill1_02"},{"time":0.4,"name":"skill1_03"},{"time":0.5333,"name":"skill1_04"},{"time":1.3333,"name":"skill1_05"},{"time":1.4,"name":"skill1_06"},{"time":1.4666,"name":"skill1_07"},{"time":1.5,"name":"skill1_08"},{"time":1.5333,"name":"skill1_09"},{"time":1.6,"name":"skill1_10"},{"time":1.6666,"name":"skill1_11"},{"time":1.7333,"name":"skill1_12"}]}},"bones":{"MAIN":{"translate":[{"time":0,"x":0,"y":0,"curve":[0.25,0,0.75,1]},{"time":0.3333,"x":0,"y":3,"curve":[0.25,0,0.75,1]},{"time":0.6666,"x":0,"y":0,"curve":[0.25,0,0.75,1]},{"time":1,"x":0,"y":3,"curve":[0.25,0,0.75,1]},{"time":1.3333,"x":0,"y":0,"curve":[0.25,0,0.75,1]},{"time":1.4,"x":0,"y":3,"curve":[0.25,0,0.75,1]},{"time":1.7333,"x":0,"y":0,"curve":[0.25,0,0.75,1]},{"time":2.0666,"x":0,"y":3,"curve":[0.25,0,0.75,1]},{"time":2.4,"x":0,"y":0}]},"AS_wave2":{"translate":[{"time":1.5666,"x":-443.51,"y":165.7}],"scale":[{"time":1.5666,"x":1.6,"y":1.6,"curve":"stepped"},{"time":1.9,"x":1.6,"y":1.6},{"time":2,"x":1.8,"y":1.8,"curve":"stepped"},{"time":2.0666,"x":1.6,"y":1.6,"curve":"stepped"},{"time":2.4,"x":1.6,"y":1.6},{"time":2.5,"x":1.8,"y":1.8}]},"AS_wave1":{"translate":[{"time":1.4,"x":-443.09,"y":121.26}],"scale":[{"time":1.4,"x":1.6,"y":1.6,"curve":"stepped"},{"time":1.7,"x":1.6,"y":1.6},{"time":1.8333,"x":1.8,"y":1.8,"curve":"stepped"},{"time":1.9,"x":1.6,"y":1.6,"curve":"stepped"},{"time":2.2,"x":1.6,"y":1.6},{"time":2.3333,"x":1.8,"y":1.8}]},"AS_wave3":{"translate":[{"time":1.7333,"x":-442.9,"y":207.59}],"scale":[{"time":1.7333,"x":1.6,"y":1.6,"curve":"stepped"},{"time":2.0666,"x":1.6,"y":1.6},{"time":2.1666,"x":1.8,"y":1.8}]}},"events":[{"time":0.0666,"name":"Sound1","string":"cri_se_battle_charge_long"},{"time":0.0666,"name":"Sound2","string":"cri_se_battle_effect_01"},{"time":1,"name":"Voice","string":"cri_102_voice_skill_all"},{"time":1.4,"name":"Sound1","string":"cri_se_battle_charge_completion"},{"time":1.4333,"name":"Event","string":"addOrbitSystem_spherelibrary"},{"time":1.5666,"name":"Event","string":"addOrbitSystem_spherelibrary2"},{"time":1.5666,"name":"Sound1","string":"cri_se_battle_charge_completion"},{"time":1.7,"name":"Event","string":"addOrbitSystem_spherelibrary3"},{"time":1.7333,"name":"Sound1","string":"cri_se_battle_charge_completion"},{"time":1.8333,"name":"Event","string":"addOrbitSystem_spherelibrary4"},{"time":1.9,"name":"Sound1","string":"cri_se_battle_charge_completion"},{"time":1.9666,"name":"Event","string":"addOrbitSystem_spherelibrary5"},{"time":2.0666,"name":"Sound1","string":"cri_se_battle_charge_completion"}]}}}