{"skeleton":{"hash":"+3w2M+jaU2g63r4kz3mSCeIIx3k","spine":"3.0.12","width":0,"height":0,"images":"./images3/"},"bones":[{"name":"root"},{"name":"MAIN","parent":"root","y":87.52},{"name":"EF_kira2","parent":"MAIN","x":56.22,"y":-43.85,"scaleX":1.8,"scaleY":1.8},{"name":"EF_kira","parent":"MAIN","x":-41.65,"y":47.39,"scaleX":1.8,"scaleY":1.8}],"slots":[{"name":"MAIN","bone":"MAIN","attachment":"idle_00"},{"name":"kirakira1","bone":"EF_kira","attachment":"kirakira1"},{"name":"kirakira2","bone":"EF_kira2","attachment":"kirakira1"}],"skins":{"default":{"MAIN":{"idle_00":{"x":21.44,"y":7.33,"width":500,"height":500},"idle_01":{"x":21.44,"y":7.33,"width":500,"height":500},"idle_02":{"x":21.44,"y":7.33,"width":500,"height":500},"idle_03":{"x":21.44,"y":7.33,"width":500,"height":500},"idle_04":{"x":21.44,"y":7.33,"width":500,"height":500}},"kirakira1":{"kirakira1":{"width":16,"height":16},"kirakira2":{"width":16,"height":16}},"kirakira2":{"kirakira1":{"width":16,"height":16},"kirakira2":{"width":16,"height":16}}}},"events":{"Event":{},"HIt":{},"HitEffect":{},"Sound_2":{},"sound3":{},"sound_1":{},"voice":{}},"animations":{"idle":{"slots":{"MAIN":{"attachment":[{"time":0,"name":"idle_00"},{"time":0.2,"name":"idle_01"},{"time":0.4,"name":"idle_02"},{"time":0.6,"name":"idle_03"},{"time":0.8,"name":"idle_04"},{"time":1,"name":"idle_04"}]},"kirakira1":{"attachment":[{"time":0,"name":"kirakira1"},{"time":0.1,"name":"kirakira2"},{"time":0.2,"name":"kirakira1"},{"time":0.3,"name":"kirakira2"},{"time":0.4,"name":"kirakira1"},{"time":0.5,"name":"kirakira2"},{"time":0.6,"name":"kirakira1"},{"time":0.7,"name":"kirakira2"},{"time":0.8,"name":"kirakira1"},{"time":0.9,"name":"kirakira2"},{"time":1,"name":"kirakira2"}]},"kirakira2":{"attachment":[{"time":0,"name":"kirakira1"},{"time":0.1,"name":"kirakira2"},{"time":0.2,"name":"kirakira1"},{"time":0.3,"name":"kirakira2"},{"time":0.4,"name":"kirakira1"},{"time":0.5,"name":"kirakira2"},{"time":0.6,"name":"kirakira1"},{"time":0.7,"name":"kirakira2"},{"time":0.8,"name":"kirakira1"},{"time":0.9,"name":"kirakira2"},{"time":1,"name":"kirakira2"}]}},"bones":{"EF_kira":{"rotate":[{"time":0,"angle":-44.8}],"translate":[{"time":0,"x":-31.74,"y":28.25}],"scale":[{"time":0,"x":1.242,"y":1.242}]},"EF_kira2":{"rotate":[{"time":0,"angle":-44.8}],"translate":[{"time":0,"x":2.05,"y":-6.05}],"scale":[{"time":0,"x":1.242,"y":1.242}]}}}}}