{"skeleton":{"hash":"MUnollGD/c/wWgKML96f4Oga0xk","spine":"3.0.12","width":427,"height":746},"bones":[{"name":"root"},{"name":"MAIN","parent":"root"}],"slots":[{"name":"205","bone":"MAIN","attachment":"205"},{"name":"200","bone":"MAIN","attachment":"200"},{"name":"199","bone":"MAIN","attachment":"199"},{"name":"140","bone":"MAIN","attachment":"140"},{"name":"137","bone":"MAIN","attachment":"137"},{"name":"136","bone":"MAIN","attachment":"136"},{"name":"107","bone":"MAIN","attachment":"107"},{"name":"face_100","bone":"MAIN","attachment":"face_100"},{"name":"73","bone":"MAIN","attachment":"73"}],"skins":{"default":{"107":{"107":{"x":74.5,"y":576,"width":55,"height":128}},"136":{"136":{"x":-110.5,"y":377.5,"width":59,"height":243}},"137":{"137":{"x":15,"y":384,"width":192,"height":256}},"140":{"140":{"x":134,"y":377.5,"width":46,"height":243}},"199":{"199":{"x":-169.5,"y":122.5,"width":49,"height":245}},"200":{"200":{"x":15,"y":128,"width":320,"height":256}},"205":{"205":{"x":204,"y":121,"width":58,"height":242}},"73":{"73":{"x":19,"y":693,"width":180,"height":106}},"face_100":{"face_100":{"x":-14.5,"y":576,"width":123,"height":128},"face_110":{"x":-14.5,"y":576,"width":123,"height":128},"face_120":{"x":-14.5,"y":576,"width":123,"height":128},"face_130":{"x":-14.5,"y":576,"width":123,"height":128},"face_140":{"x":-14.5,"y":576,"width":123,"height":128}}}},"animations":{"100":{"slots":{"107":{"attachment":[{"time":0,"name":"107"}]},"136":{"attachment":[{"time":0,"name":"136"}]},"137":{"attachment":[{"time":0,"name":"137"}]},"140":{"attachment":[{"time":0,"name":"140"}]},"199":{"attachment":[{"time":0,"name":"199"}]},"200":{"attachment":[{"time":0,"name":"200"}]},"205":{"attachment":[{"time":0,"name":"205"}]},"73":{"attachment":[{"time":0,"name":"73"}]},"face_100":{"attachment":[{"time":0,"name":"face_100"}]}}},"110":{"slots":{"107":{"attachment":[{"time":0,"name":"107"}]},"136":{"attachment":[{"time":0,"name":"136"}]},"137":{"attachment":[{"time":0,"name":"137"}]},"140":{"attachment":[{"time":0,"name":"140"}]},"199":{"attachment":[{"time":0,"name":"199"}]},"200":{"attachment":[{"time":0,"name":"200"}]},"205":{"attachment":[{"time":0,"name":"205"}]},"73":{"attachment":[{"time":0,"name":"73"}]},"face_100":{"attachment":[{"time":0,"name":"face_110"}]}}},"120":{"slots":{"107":{"attachment":[{"time":0,"name":"107"}]},"136":{"attachment":[{"time":0,"name":"136"}]},"137":{"attachment":[{"time":0,"name":"137"}]},"140":{"attachment":[{"time":0,"name":"140"}]},"199":{"attachment":[{"time":0,"name":"199"}]},"200":{"attachment":[{"time":0,"name":"200"}]},"205":{"attachment":[{"time":0,"name":"205"}]},"73":{"attachment":[{"time":0,"name":"73"}]},"face_100":{"attachment":[{"time":0,"name":"face_120"}]}}},"130":{"slots":{"107":{"attachment":[{"time":0,"name":"107"}]},"136":{"attachment":[{"time":0,"name":"136"}]},"137":{"attachment":[{"time":0,"name":"137"}]},"140":{"attachment":[{"time":0,"name":"140"}]},"199":{"attachment":[{"time":0,"name":"199"}]},"200":{"attachment":[{"time":0,"name":"200"}]},"205":{"attachment":[{"time":0,"name":"205"}]},"73":{"attachment":[{"time":0,"name":"73"}]},"face_100":{"attachment":[{"time":0,"name":"face_130"}]}}},"140":{"slots":{"107":{"attachment":[{"time":0,"name":"107"}]},"136":{"attachment":[{"time":0,"name":"136"}]},"137":{"attachment":[{"time":0,"name":"137"}]},"140":{"attachment":[{"time":0,"name":"140"}]},"199":{"attachment":[{"time":0,"name":"199"}]},"200":{"attachment":[{"time":0,"name":"200"}]},"205":{"attachment":[{"time":0,"name":"205"}]},"73":{"attachment":[{"time":0,"name":"73"}]},"face_100":{"attachment":[{"time":0,"name":"face_140"}]}}}}}