{"skeleton":{"hash":"Y7qxaz6HBjoM/MlBoPrqpWOWbt4","spine":"3.0.12","width":500,"height":500,"images":"./image2/"},"bones":[{"name":"root"},{"name":"graund_wave_5","parent":"root","x":200,"y":-200,"color":"0004e3ff"},{"name":"graund_wave_4","parent":"root","x":200,"y":-200,"color":"0004e3ff"},{"name":"graund_wave_3","parent":"root","x":200,"y":-200,"color":"0004e3ff"},{"name":"graund_wave_2","parent":"root","x":200,"y":-200,"color":"0004e3ff"},{"name":"graund_wave_1","parent":"root","x":200,"y":-200,"color":"0004e3ff"},{"name":"dash_blue_2","parent":"root","x":200,"y":-100,"color":"0004e3ff"},{"name":"dash_blue_1","parent":"root","x":200,"y":-100,"color":"0004e3ff"},{"name":"MAIN","parent":"root","y":47.16},{"name":"HITBOX","parent":"MAIN","y":-47.16},{"name":"DOTEF_2","parent":"root","x":100,"y":-200},{"name":"DOTEF_1","parent":"root","x":100,"y":-100},{"name":"DAMAGEAREA","parent":"root"},{"name":"rot_wave_1","parent":"root","x":100.53,"y":-300},{"name":"rot_wave_2","parent":"root","x":100.53,"y":-300},{"name":"tuti_blue","parent":"root","x":200,"y":-300},{"name":"water_wave_1","parent":"root","x":200,"y":-400,"color":"4fff00ff"},{"name":"water_wave_2","parent":"root","x":200,"y":-400,"color":"4fff00ff"}],"slots":[{"name":"EF/allEF/main_rot_wave_main/ef_rot_wave_main_00001","bone":"rot_wave_1","blend":"additive"},{"name":"EF/allEF/main_rot_wave_main/ef_rot_wave_main_1","bone":"rot_wave_2","blend":"additive"},{"name":"EF/allEF/main_water_wave_main/ef_water_wave_main_00001","bone":"water_wave_1","blend":"additive"},{"name":"EF/allEF/main_water_wave_main/ef_water_wave_main_1","bone":"water_wave_2","blend":"additive"},{"name":"EF/allEF/main_graund_wave_blue/ef_graund_wave_blue_00001","bone":"graund_wave_1","blend":"additive"},{"name":"EF/allEF/main_graund_wave_blue/ef_graund_wave_blue_1","bone":"graund_wave_2","blend":"additive"},{"name":"EF/allEF/main_graund_wave_blue/ef_graund_wave_blue_2","bone":"graund_wave_3","blend":"additive"},{"name":"EF/allEF/main_graund_wave_blue/ef_graund_wave_blue_3","bone":"graund_wave_4","blend":"additive"},{"name":"EF/allEF/main_graund_wave_blue/ef_graund_wave_blue_4","bone":"graund_wave_5","blend":"additive"},{"name":"MAIN","bone":"MAIN","attachment":"idle_00"},{"name":"DOT_EF2/10000-combo_16_ef2_1B","bone":"DOTEF_1","color":"0064ffff","blend":"additive"},{"name":"DOT_EF2/10000-combo_16_ef2_1F","bone":"DOTEF_1","color":"0064ffff","blend":"additive"},{"name":"DOT_EF2/up_EF_1","bone":"DOTEF_2","color":"0064ffff","blend":"additive"},{"name":"EF/allEF/main_dash_blue/ef_dash_blue_00001","bone":"dash_blue_1","blend":"additive"},{"name":"EF/allEF/main_dash_blue/ef_dash_blue_1","bone":"dash_blue_2","blend":"additive"},{"name":"EF/allEF/main_tuti_blue/ef_tuti_blue_00001","bone":"tuti_blue","blend":"additive"},{"name":"DAMAGEAREA","bone":"DAMAGEAREA"},{"name":"HITBOX","bone":"HITBOX","attachment":"HITBOX"}],"skins":{"default":{"DAMAGEAREA":{"DAMAGEAREA":{"type":"boundingbox","vertices":[-84.15161,83.90127,-84.15161,-81.67469,83.29232,-81.8687,84.19033,83.90127]}},"DOT_EF2/10000-combo_16_ef2_1B":{"DOT_EF2/10000-combo_16_ef2_1B":{"x":-14.63,"y":-22.33,"rotation":47.08,"width":412,"height":342}},"DOT_EF2/10000-combo_16_ef2_1F":{"DOT_EF2/10000-combo_16_ef2_1F":{"x":-14.63,"y":-22.33,"rotation":47.08,"width":412,"height":342}},"DOT_EF2/up_EF_1":{"DOT_EF2/up_EF_1":{"x":-20.03,"y":-58.87,"width":200,"height":200}},"EF/allEF/main_dash_blue/ef_dash_blue_00001":{"EF/allEF/main_dash_blue/ef_dash_blue_00001":{"x":18.89,"y":40.83,"width":150,"height":170},"EF/allEF/main_dash_blue/ef_dash_blue_00003":{"x":18.89,"y":40.83,"width":150,"height":170},"EF/allEF/main_dash_blue/ef_dash_blue_00005":{"x":18.89,"y":40.83,"width":150,"height":170},"EF/allEF/main_dash_blue/ef_dash_blue_00007":{"x":18.89,"y":40.83,"width":150,"height":170},"EF/allEF/main_dash_blue/ef_dash_blue_00009":{"x":18.89,"y":40.83,"width":150,"height":170},"EF/allEF/main_dash_blue/ef_dash_blue_00011":{"x":18.89,"y":40.83,"width":150,"height":170},"EF/allEF/main_dash_blue/ef_dash_blue_00013":{"x":18.89,"y":40.83,"width":150,"height":170}},"EF/allEF/main_dash_blue/ef_dash_blue_1":{"EF/allEF/main_dash_blue/ef_dash_blue_00001":{"x":18.89,"y":40.83,"width":150,"height":170},"EF/allEF/main_dash_blue/ef_dash_blue_00003":{"x":18.89,"y":40.83,"width":150,"height":170},"EF/allEF/main_dash_blue/ef_dash_blue_00005":{"x":18.89,"y":40.83,"width":150,"height":170},"EF/allEF/main_dash_blue/ef_dash_blue_00007":{"x":18.89,"y":40.83,"width":150,"height":170},"EF/allEF/main_dash_blue/ef_dash_blue_00009":{"x":18.89,"y":40.83,"width":150,"height":170},"EF/allEF/main_dash_blue/ef_dash_blue_00011":{"x":18.89,"y":40.83,"width":150,"height":170},"EF/allEF/main_dash_blue/ef_dash_blue_00013":{"x":18.89,"y":40.83,"width":150,"height":170}},"EF/allEF/main_graund_wave_blue/ef_graund_wave_blue_00001":{"EF/allEF/main_graund_wave_blue/ef_graund_wave_blue_00001":{"x":-0.7,"y":8.83,"width":300,"height":300},"EF/allEF/main_graund_wave_blue/ef_graund_wave_blue_00003":{"x":-0.7,"y":8.83,"width":300,"height":300},"EF/allEF/main_graund_wave_blue/ef_graund_wave_blue_00005":{"x":-0.7,"y":8.83,"width":300,"height":300},"EF/allEF/main_graund_wave_blue/ef_graund_wave_blue_00007":{"x":-0.7,"y":8.83,"width":300,"height":300},"EF/allEF/main_graund_wave_blue/ef_graund_wave_blue_00009":{"x":-0.7,"y":8.83,"width":300,"height":300},"EF/allEF/main_graund_wave_blue/ef_graund_wave_blue_00011":{"x":-0.7,"y":8.83,"width":300,"height":300},"EF/allEF/main_graund_wave_blue/ef_graund_wave_blue_00013":{"x":-0.7,"y":8.83,"width":300,"height":300}},"EF/allEF/main_graund_wave_blue/ef_graund_wave_blue_1":{"EF/allEF/main_graund_wave_blue/ef_graund_wave_blue_00001":{"x":-0.7,"y":8.83,"width":300,"height":300},"EF/allEF/main_graund_wave_blue/ef_graund_wave_blue_00003":{"x":-0.7,"y":8.83,"width":300,"height":300},"EF/allEF/main_graund_wave_blue/ef_graund_wave_blue_00005":{"x":-0.7,"y":8.83,"width":300,"height":300},"EF/allEF/main_graund_wave_blue/ef_graund_wave_blue_00007":{"x":-0.7,"y":8.83,"width":300,"height":300},"EF/allEF/main_graund_wave_blue/ef_graund_wave_blue_00009":{"x":-0.7,"y":8.83,"width":300,"height":300},"EF/allEF/main_graund_wave_blue/ef_graund_wave_blue_00011":{"x":-0.7,"y":8.83,"width":300,"height":300},"EF/allEF/main_graund_wave_blue/ef_graund_wave_blue_00013":{"x":-0.7,"y":8.83,"width":300,"height":300}},"EF/allEF/main_graund_wave_blue/ef_graund_wave_blue_2":{"EF/allEF/main_graund_wave_blue/ef_graund_wave_blue_00001":{"x":-0.7,"y":8.83,"width":300,"height":300},"EF/allEF/main_graund_wave_blue/ef_graund_wave_blue_00003":{"x":-0.7,"y":8.83,"width":300,"height":300},"EF/allEF/main_graund_wave_blue/ef_graund_wave_blue_00005":{"x":-0.7,"y":8.83,"width":300,"height":300},"EF/allEF/main_graund_wave_blue/ef_graund_wave_blue_00007":{"x":-0.7,"y":8.83,"width":300,"height":300},"EF/allEF/main_graund_wave_blue/ef_graund_wave_blue_00009":{"x":-0.7,"y":8.83,"width":300,"height":300},"EF/allEF/main_graund_wave_blue/ef_graund_wave_blue_00011":{"x":-0.7,"y":8.83,"width":300,"height":300},"EF/allEF/main_graund_wave_blue/ef_graund_wave_blue_00013":{"x":-0.7,"y":8.83,"width":300,"height":300}},"EF/allEF/main_graund_wave_blue/ef_graund_wave_blue_3":{"EF/allEF/main_graund_wave_blue/ef_graund_wave_blue_00001":{"x":-0.7,"y":8.83,"width":300,"height":300},"EF/allEF/main_graund_wave_blue/ef_graund_wave_blue_00003":{"x":-0.7,"y":8.83,"width":300,"height":300},"EF/allEF/main_graund_wave_blue/ef_graund_wave_blue_00005":{"x":-0.7,"y":8.83,"width":300,"height":300},"EF/allEF/main_graund_wave_blue/ef_graund_wave_blue_00007":{"x":-0.7,"y":8.83,"width":300,"height":300},"EF/allEF/main_graund_wave_blue/ef_graund_wave_blue_00009":{"x":-0.7,"y":8.83,"width":300,"height":300},"EF/allEF/main_graund_wave_blue/ef_graund_wave_blue_00011":{"x":-0.7,"y":8.83,"width":300,"height":300},"EF/allEF/main_graund_wave_blue/ef_graund_wave_blue_00013":{"x":-0.7,"y":8.83,"width":300,"height":300}},"EF/allEF/main_graund_wave_blue/ef_graund_wave_blue_4":{"EF/allEF/main_graund_wave_blue/ef_graund_wave_blue_00001":{"x":-0.7,"y":8.83,"width":300,"height":300},"EF/allEF/main_graund_wave_blue/ef_graund_wave_blue_00003":{"x":-0.7,"y":8.83,"width":300,"height":300},"EF/allEF/main_graund_wave_blue/ef_graund_wave_blue_00005":{"x":-0.7,"y":8.83,"width":300,"height":300},"EF/allEF/main_graund_wave_blue/ef_graund_wave_blue_00007":{"x":-0.7,"y":8.83,"width":300,"height":300},"EF/allEF/main_graund_wave_blue/ef_graund_wave_blue_00009":{"x":-0.7,"y":8.83,"width":300,"height":300},"EF/allEF/main_graund_wave_blue/ef_graund_wave_blue_00011":{"x":-0.7,"y":8.83,"width":300,"height":300},"EF/allEF/main_graund_wave_blue/ef_graund_wave_blue_00013":{"x":-0.7,"y":8.83,"width":300,"height":300}},"EF/allEF/main_rot_wave_main/ef_rot_wave_main_00001":{"EF/allEF/main_rot_wave_main/ef_rot_wave_main_00001":{"x":0.09,"y":13.86,"width":315,"height":150},"EF/allEF/main_rot_wave_main/ef_rot_wave_main_00002":{"x":0.09,"y":13.86,"width":315,"height":150},"EF/allEF/main_rot_wave_main/ef_rot_wave_main_00003":{"x":0.09,"y":13.86,"width":315,"height":150},"EF/allEF/main_rot_wave_main/ef_rot_wave_main_00004":{"x":0.09,"y":13.86,"width":315,"height":150},"EF/allEF/main_rot_wave_main/ef_rot_wave_main_00005":{"x":0.09,"y":13.86,"width":315,"height":150},"EF/allEF/main_rot_wave_main/ef_rot_wave_main_00006":{"x":0.09,"y":13.86,"width":315,"height":150},"EF/allEF/main_rot_wave_main/ef_rot_wave_main_00007":{"x":0.09,"y":13.86,"width":315,"height":150},"EF/allEF/main_rot_wave_main/ef_rot_wave_main_00008":{"x":0.09,"y":13.86,"width":315,"height":150},"EF/allEF/main_rot_wave_main/ef_rot_wave_main_00009":{"x":0.09,"y":13.86,"width":315,"height":150},"EF/allEF/main_rot_wave_main/ef_rot_wave_main_00010":{"x":0.09,"y":13.86,"width":315,"height":150},"EF/allEF/main_rot_wave_main/ef_rot_wave_main_00011":{"x":0.09,"y":13.86,"width":315,"height":150},"EF/allEF/main_rot_wave_main/ef_rot_wave_main_00012":{"x":0.09,"y":13.86,"width":315,"height":150},"EF/allEF/main_rot_wave_main/ef_rot_wave_main_00013":{"x":0.09,"y":13.86,"width":315,"height":150},"EF/allEF/main_rot_wave_main/ef_rot_wave_main_00014":{"x":0.09,"y":13.86,"width":315,"height":150},"EF/allEF/main_rot_wave_main/ef_rot_wave_main_00015":{"x":0.09,"y":13.86,"width":315,"height":150}},"EF/allEF/main_rot_wave_main/ef_rot_wave_main_1":{"EF/allEF/main_rot_wave_main/ef_rot_wave_main_00001":{"x":0.09,"y":13.86,"width":315,"height":150},"EF/allEF/main_rot_wave_main/ef_rot_wave_main_00002":{"x":0.09,"y":13.86,"width":315,"height":150},"EF/allEF/main_rot_wave_main/ef_rot_wave_main_00003":{"x":0.09,"y":13.86,"width":315,"height":150},"EF/allEF/main_rot_wave_main/ef_rot_wave_main_00004":{"x":0.09,"y":13.86,"width":315,"height":150},"EF/allEF/main_rot_wave_main/ef_rot_wave_main_00005":{"x":0.09,"y":13.86,"width":315,"height":150},"EF/allEF/main_rot_wave_main/ef_rot_wave_main_00006":{"x":0.09,"y":13.86,"width":315,"height":150},"EF/allEF/main_rot_wave_main/ef_rot_wave_main_00007":{"x":0.09,"y":13.86,"width":315,"height":150},"EF/allEF/main_rot_wave_main/ef_rot_wave_main_00008":{"x":0.09,"y":13.86,"width":315,"height":150},"EF/allEF/main_rot_wave_main/ef_rot_wave_main_00009":{"x":0.09,"y":13.86,"width":315,"height":150},"EF/allEF/main_rot_wave_main/ef_rot_wave_main_00010":{"x":0.09,"y":13.86,"width":315,"height":150},"EF/allEF/main_rot_wave_main/ef_rot_wave_main_00011":{"x":0.09,"y":13.86,"width":315,"height":150},"EF/allEF/main_rot_wave_main/ef_rot_wave_main_00012":{"x":0.09,"y":13.86,"width":315,"height":150},"EF/allEF/main_rot_wave_main/ef_rot_wave_main_00013":{"x":0.09,"y":13.86,"width":315,"height":150},"EF/allEF/main_rot_wave_main/ef_rot_wave_main_00014":{"x":0.09,"y":13.86,"width":315,"height":150},"EF/allEF/main_rot_wave_main/ef_rot_wave_main_00015":{"x":0.09,"y":13.86,"width":315,"height":150}},"EF/allEF/main_tuti_blue/ef_tuti_blue_00001":{"EF/allEF/main_tuti_blue/ef_tuti_blue_00001":{"x":-1.96,"y":12.83,"width":300,"height":180},"EF/allEF/main_tuti_blue/ef_tuti_blue_00002":{"x":-1.96,"y":12.83,"width":300,"height":180},"EF/allEF/main_tuti_blue/ef_tuti_blue_00003":{"x":-1.96,"y":12.83,"width":300,"height":180},"EF/allEF/main_tuti_blue/ef_tuti_blue_00004":{"x":-1.96,"y":12.83,"width":300,"height":180},"EF/allEF/main_tuti_blue/ef_tuti_blue_00005":{"x":-1.96,"y":12.83,"width":300,"height":180},"EF/allEF/main_tuti_blue/ef_tuti_blue_00006":{"x":-1.96,"y":12.83,"width":300,"height":180},"EF/allEF/main_tuti_blue/ef_tuti_blue_00007":{"x":-1.96,"y":12.83,"width":300,"height":180},"EF/allEF/main_tuti_blue/ef_tuti_blue_00008":{"x":-1.96,"y":12.83,"width":300,"height":180},"EF/allEF/main_tuti_blue/ef_tuti_blue_00009":{"x":-1.96,"y":12.83,"width":300,"height":180},"EF/allEF/main_tuti_blue/ef_tuti_blue_00010":{"x":-1.96,"y":12.83,"width":300,"height":180},"EF/allEF/main_tuti_blue/ef_tuti_blue_00011":{"x":-1.96,"y":12.83,"width":300,"height":180},"EF/allEF/main_tuti_blue/ef_tuti_blue_00012":{"x":-1.96,"y":12.83,"width":300,"height":180},"EF/allEF/main_tuti_blue/ef_tuti_blue_00013":{"x":-1.96,"y":12.83,"width":300,"height":180},"EF/allEF/main_tuti_blue/ef_tuti_blue_00014":{"x":-1.96,"y":12.83,"width":300,"height":180},"EF/allEF/main_tuti_blue/ef_tuti_blue_00015":{"x":-1.96,"y":12.83,"width":300,"height":180},"EF/allEF/main_tuti_blue/ef_tuti_blue_00016":{"x":-1.96,"y":12.83,"width":300,"height":180},"EF/allEF/main_tuti_blue/ef_tuti_blue_00017":{"x":-1.96,"y":12.83,"width":300,"height":180},"EF/allEF/main_tuti_blue/ef_tuti_blue_00018":{"x":-1.96,"y":12.83,"width":300,"height":180}},"EF/allEF/main_water_wave_main/ef_water_wave_main_00001":{"EF/allEF/main_water_wave_main/ef_water_wave_main_00001":{"x":-0.8,"y":-0.72,"width":320,"height":200},"EF/allEF/main_water_wave_main/ef_water_wave_main_00002":{"x":-0.8,"y":-0.72,"width":320,"height":200},"EF/allEF/main_water_wave_main/ef_water_wave_main_00003":{"x":-0.8,"y":-0.72,"width":320,"height":200},"EF/allEF/main_water_wave_main/ef_water_wave_main_00004":{"x":-0.8,"y":-0.72,"width":320,"height":200},"EF/allEF/main_water_wave_main/ef_water_wave_main_00005":{"x":-0.8,"y":-0.72,"width":320,"height":200},"EF/allEF/main_water_wave_main/ef_water_wave_main_00006":{"x":-0.8,"y":-0.72,"width":320,"height":200},"EF/allEF/main_water_wave_main/ef_water_wave_main_00007":{"x":-0.8,"y":-0.72,"width":320,"height":200},"EF/allEF/main_water_wave_main/ef_water_wave_main_00008":{"x":-0.8,"y":-0.72,"width":320,"height":200},"EF/allEF/main_water_wave_main/ef_water_wave_main_00009":{"x":-0.8,"y":-0.72,"width":320,"height":200},"EF/allEF/main_water_wave_main/ef_water_wave_main_00010":{"x":-0.8,"y":-0.72,"width":320,"height":200},"EF/allEF/main_water_wave_main/ef_water_wave_main_00011":{"x":-0.8,"y":-0.72,"width":320,"height":200},"EF/allEF/main_water_wave_main/ef_water_wave_main_00012":{"x":-0.8,"y":-0.72,"width":320,"height":200},"EF/allEF/main_water_wave_main/ef_water_wave_main_00013":{"x":-0.8,"y":-0.72,"width":320,"height":200},"EF/allEF/main_water_wave_main/ef_water_wave_main_00014":{"x":-0.8,"y":-0.72,"width":320,"height":200},"EF/allEF/main_water_wave_main/ef_water_wave_main_00015":{"x":-0.8,"y":-0.72,"width":320,"height":200},"EF/allEF/main_water_wave_main/ef_water_wave_main_00016":{"x":-0.8,"y":-0.72,"width":320,"height":200},"EF/allEF/main_water_wave_main/ef_water_wave_main_00017":{"x":-0.8,"y":-0.72,"width":320,"height":200},"EF/allEF/main_water_wave_main/ef_water_wave_main_00018":{"x":-0.8,"y":-0.72,"width":320,"height":200},"EF/allEF/main_water_wave_main/ef_water_wave_main_00019":{"x":-0.8,"y":-0.72,"width":320,"height":200},"EF/allEF/main_water_wave_main/ef_water_wave_main_00020":{"x":-0.8,"y":-0.72,"width":320,"height":200},"EF/allEF/main_water_wave_main/ef_water_wave_main_00021":{"x":-0.8,"y":-0.72,"width":320,"height":200},"EF/allEF/main_water_wave_main/ef_water_wave_main_00022":{"x":-0.8,"y":-0.72,"width":320,"height":200},"EF/allEF/main_water_wave_main/ef_water_wave_main_00023":{"x":-0.8,"y":-0.72,"width":320,"height":200},"EF/allEF/main_water_wave_main/ef_water_wave_main_00024":{"x":-0.8,"y":-0.72,"width":320,"height":200},"EF/allEF/main_water_wave_main/ef_water_wave_main_00025":{"x":-0.8,"y":-0.72,"width":320,"height":200},"EF/allEF/main_water_wave_main/ef_water_wave_main_00026":{"x":-0.8,"y":-0.72,"width":320,"height":200},"EF/allEF/main_water_wave_main/ef_water_wave_main_00027":{"x":-0.8,"y":-0.72,"width":320,"height":200},"EF/allEF/main_water_wave_main/ef_water_wave_main_00028":{"x":-0.8,"y":-0.72,"width":320,"height":200},"EF/allEF/main_water_wave_main/ef_water_wave_main_00029":{"x":-0.8,"y":-0.72,"width":320,"height":200},"EF/allEF/main_water_wave_main/ef_water_wave_main_00030":{"x":-0.8,"y":-0.72,"width":320,"height":200}},"EF/allEF/main_water_wave_main/ef_water_wave_main_1":{"EF/allEF/main_water_wave_main/ef_water_wave_main_00001":{"x":-0.8,"y":-0.72,"width":320,"height":200},"EF/allEF/main_water_wave_main/ef_water_wave_main_00002":{"x":-0.8,"y":-0.72,"width":320,"height":200},"EF/allEF/main_water_wave_main/ef_water_wave_main_00003":{"x":-0.8,"y":-0.72,"width":320,"height":200},"EF/allEF/main_water_wave_main/ef_water_wave_main_00004":{"x":-0.8,"y":-0.72,"width":320,"height":200},"EF/allEF/main_water_wave_main/ef_water_wave_main_00005":{"x":-0.8,"y":-0.72,"width":320,"height":200},"EF/allEF/main_water_wave_main/ef_water_wave_main_00006":{"x":-0.8,"y":-0.72,"width":320,"height":200},"EF/allEF/main_water_wave_main/ef_water_wave_main_00007":{"x":-0.8,"y":-0.72,"width":320,"height":200},"EF/allEF/main_water_wave_main/ef_water_wave_main_00008":{"x":-0.8,"y":-0.72,"width":320,"height":200},"EF/allEF/main_water_wave_main/ef_water_wave_main_00009":{"x":-0.8,"y":-0.72,"width":320,"height":200},"EF/allEF/main_water_wave_main/ef_water_wave_main_00010":{"x":-0.8,"y":-0.72,"width":320,"height":200},"EF/allEF/main_water_wave_main/ef_water_wave_main_00011":{"x":-0.8,"y":-0.72,"width":320,"height":200},"EF/allEF/main_water_wave_main/ef_water_wave_main_00012":{"x":-0.8,"y":-0.72,"width":320,"height":200},"EF/allEF/main_water_wave_main/ef_water_wave_main_00013":{"x":-0.8,"y":-0.72,"width":320,"height":200},"EF/allEF/main_water_wave_main/ef_water_wave_main_00014":{"x":-0.8,"y":-0.72,"width":320,"height":200},"EF/allEF/main_water_wave_main/ef_water_wave_main_00015":{"x":-0.8,"y":-0.72,"width":320,"height":200},"EF/allEF/main_water_wave_main/ef_water_wave_main_00016":{"x":-0.8,"y":-0.72,"width":320,"height":200},"EF/allEF/main_water_wave_main/ef_water_wave_main_00017":{"x":-0.8,"y":-0.72,"width":320,"height":200},"EF/allEF/main_water_wave_main/ef_water_wave_main_00018":{"x":-0.8,"y":-0.72,"width":320,"height":200},"EF/allEF/main_water_wave_main/ef_water_wave_main_00019":{"x":-0.8,"y":-0.72,"width":320,"height":200},"EF/allEF/main_water_wave_main/ef_water_wave_main_00020":{"x":-0.8,"y":-0.72,"width":320,"height":200},"EF/allEF/main_water_wave_main/ef_water_wave_main_00021":{"x":-0.8,"y":-0.72,"width":320,"height":200},"EF/allEF/main_water_wave_main/ef_water_wave_main_00022":{"x":-0.8,"y":-0.72,"width":320,"height":200},"EF/allEF/main_water_wave_main/ef_water_wave_main_00023":{"x":-0.8,"y":-0.72,"width":320,"height":200},"EF/allEF/main_water_wave_main/ef_water_wave_main_00024":{"x":-0.8,"y":-0.72,"width":320,"height":200},"EF/allEF/main_water_wave_main/ef_water_wave_main_00025":{"x":-0.8,"y":-0.72,"width":320,"height":200},"EF/allEF/main_water_wave_main/ef_water_wave_main_00026":{"x":-0.8,"y":-0.72,"width":320,"height":200},"EF/allEF/main_water_wave_main/ef_water_wave_main_00027":{"x":-0.8,"y":-0.72,"width":320,"height":200},"EF/allEF/main_water_wave_main/ef_water_wave_main_00028":{"x":-0.8,"y":-0.72,"width":320,"height":200},"EF/allEF/main_water_wave_main/ef_water_wave_main_00029":{"x":-0.8,"y":-0.72,"width":320,"height":200},"EF/allEF/main_water_wave_main/ef_water_wave_main_00030":{"x":-0.8,"y":-0.72,"width":320,"height":200}},"HITBOX":{"HITBOX":{"type":"boundingbox","vertices":[-26.24078,0.21892,25.97424,0.21892,25.97424,98.45386,-23.58572,98.45386]}},"MAIN":{"attack1_00":{"x":-5.14,"y":10.07,"scaleX":2,"scaleY":2,"width":250,"height":250},"attack1_01":{"x":-5.14,"y":10.07,"scaleX":2,"scaleY":2,"width":250,"height":250},"attack1_02":{"x":-5.14,"y":10.07,"scaleX":2,"scaleY":2,"width":250,"height":250},"attack1_03":{"x":-5.14,"y":10.07,"scaleX":2,"scaleY":2,"width":250,"height":250},"attack1_04":{"x":-5.14,"y":10.07,"scaleX":2,"scaleY":2,"width":250,"height":250},"attack1_05":{"x":-5.14,"y":10.07,"scaleX":2,"scaleY":2,"width":250,"height":250},"attack1_06":{"x":-5.14,"y":10.07,"scaleX":2,"scaleY":2,"width":250,"height":250},"attack1_07":{"x":-5.14,"y":10.07,"scaleX":2,"scaleY":2,"width":250,"height":250},"back_00":{"x":-5.14,"y":10.07,"scaleX":2,"scaleY":2,"width":250,"height":250},"damage_00":{"x":-5.14,"y":10.07,"scaleX":2,"scaleY":2,"width":250,"height":250},"front_00":{"x":-5.14,"y":10.07,"scaleX":2,"scaleY":2,"width":250,"height":250},"idle_00":{"x":-5.14,"y":10.07,"scaleX":2,"scaleY":2,"width":250,"height":250},"idle_01":{"x":-5.14,"y":10.07,"scaleX":2,"scaleY":2,"width":250,"height":250},"idle_02":{"x":-5.14,"y":10.07,"scaleX":2,"scaleY":2,"width":250,"height":250},"idle_03":{"x":-5.14,"y":10.07,"scaleX":2,"scaleY":2,"width":250,"height":250},"skill1_00":{"x":-5.14,"y":10.07,"scaleX":2,"scaleY":2,"width":250,"height":250},"skill1_01":{"x":-5.14,"y":10.07,"scaleX":2,"scaleY":2,"width":250,"height":250},"skill1_02":{"x":-5.14,"y":10.07,"scaleX":2,"scaleY":2,"width":250,"height":250},"skill1_03":{"x":-5.14,"y":10.07,"scaleX":2,"scaleY":2,"width":250,"height":250},"skill1_04":{"x":-5.14,"y":10.07,"scaleX":2,"scaleY":2,"width":250,"height":250},"skill1_05":{"x":-5.14,"y":10.07,"scaleX":2,"scaleY":2,"width":250,"height":250},"skill1_06":{"x":-5.14,"y":10.07,"scaleX":2,"scaleY":2,"width":250,"height":250},"skill1_07":{"x":-5.14,"y":10.07,"scaleX":2,"scaleY":2,"width":250,"height":250},"skill1_08":{"x":-5.14,"y":10.07,"scaleX":2,"scaleY":2,"width":250,"height":250},"skill1_09":{"x":-5.14,"y":10.07,"scaleX":2,"scaleY":2,"width":250,"height":250},"skill1_10":{"x":-5.14,"y":10.07,"scaleX":2,"scaleY":2,"width":250,"height":250},"skill1_11":{"x":-5.14,"y":10.07,"scaleX":2,"scaleY":2,"width":250,"height":250},"skill2_00":{"x":-5.14,"y":10.07,"scaleX":2,"scaleY":2,"width":250,"height":250},"skill2_01":{"x":-5.14,"y":10.07,"scaleX":2,"scaleY":2,"width":250,"height":250},"skill2_02":{"x":-5.14,"y":10.07,"scaleX":2,"scaleY":2,"width":250,"height":250},"skill2_03":{"x":-5.14,"y":10.07,"scaleX":2,"scaleY":2,"width":250,"height":250},"skill2_04":{"x":-5.14,"y":10.07,"scaleX":2,"scaleY":2,"width":250,"height":250},"skill2_05":{"x":-5.14,"y":10.07,"scaleX":2,"scaleY":2,"width":250,"height":250},"skill3_00":{"x":-5.14,"y":10.07,"scaleX":2,"scaleY":2,"width":250,"height":250}}}},"events":{"Event":{},"Event2":{},"Hit":{},"Sound1":{},"Sound2":{},"Sound3":{},"Voice":{}},"animations":{"attack1":{"slots":{"DAMAGEAREA":{"attachment":[{"time":0.0666,"name":"DAMAGEAREA"},{"time":0.1333,"name":null},{"time":0.3,"name":"DAMAGEAREA"},{"time":0.3666,"name":null},{"time":0.5,"name":"DAMAGEAREA"},{"time":0.5666,"name":null}]},"DOT_EF2/10000-combo_16_ef2_1B":{"attachment":[{"time":0.0666,"name":"DOT_EF2/10000-combo_16_ef2_1B"},{"time":0.1,"name":null},{"time":0.3,"name":"DOT_EF2/10000-combo_16_ef2_1B"},{"time":0.3333,"name":null}]},"DOT_EF2/10000-combo_16_ef2_1F":{"attachment":[{"time":0.0666,"name":"DOT_EF2/10000-combo_16_ef2_1F"},{"time":0.1,"name":null},{"time":0.3,"name":"DOT_EF2/10000-combo_16_ef2_1F"},{"time":0.3333,"name":null}]},"DOT_EF2/up_EF_1":{"attachment":[{"time":0.5,"name":"DOT_EF2/up_EF_1"},{"time":0.5333,"name":null}]},"MAIN":{"attachment":[{"time":0,"name":"attack1_04"},{"time":0.0666,"name":"attack1_05"},{"time":0.1666,"name":"attack1_00"},{"time":0.2333,"name":"attack1_01"},{"time":0.3,"name":"attack1_02"},{"time":0.3666,"name":"attack1_03"},{"time":0.5,"name":"skill3_00"},{"time":0.6333,"name":"skill1_10"},{"time":0.7,"name":"skill1_11"},{"time":0.9,"name":"idle_00"}]}},"bones":{"MAIN":{"rotate":[{"time":0.5666,"angle":-33.98,"curve":"stepped"},{"time":0.9,"angle":0}],"translate":[{"time":0,"x":0,"y":0,"curve":"stepped"},{"time":0.0666,"x":-78.7,"y":0,"curve":[0.371,0.75,0.773,1]},{"time":0.1333,"x":-94.38,"y":0,"curve":"stepped"},{"time":0.5,"x":-68.75,"y":50.27,"curve":[0.306,0.89,0.75,1]},{"time":0.7,"x":-17.51,"y":122.83,"curve":[0.25,0,1,1]},{"time":0.8666,"x":-12.84,"y":28.21,"curve":"stepped"},{"time":0.9,"x":0,"y":2.83}]},"DOTEF_1":{"rotate":[{"time":0.0666,"angle":-20.86,"curve":"stepped"},{"time":0.3,"angle":54.91}],"translate":[{"time":0.0666,"x":-138.16,"y":220.87,"curve":"stepped"},{"time":0.3,"x":-168.32,"y":147.89}],"scale":[{"time":0.0666,"x":1.195,"y":0.958,"curve":"stepped"},{"time":0.3,"x":1,"y":-0.741}]},"DOTEF_2":{"rotate":[{"time":0.5,"angle":34.9}],"translate":[{"time":0.5,"x":-171.62,"y":405.63}],"scale":[{"time":0.5,"x":2.898,"y":1.463}]},"DAMAGEAREA":{"translate":[{"time":0.0666,"x":-123.55,"y":82.62,"curve":"stepped"},{"time":0.3,"x":-123.55,"y":60.36,"curve":"stepped"},{"time":0.5,"x":-121.56,"y":101.54}],"scale":[{"time":0.0666,"x":1.517,"y":1.247,"curve":"stepped"},{"time":0.5,"x":1.335,"y":1.594}]}},"events":[{"time":0.0333,"name":"Event","string":"kHitStopType_normal"},{"time":0.0333,"name":"Sound1","string":"cri_se_battle_sword_swish_heavy"},{"time":0.0333,"name":"Sound3","string":"setHitSound(se_battle_019_sword_hit_03)"},{"time":0.0333,"name":"Voice","string":"cri_278_voice_attack_random"},{"time":0.0666,"name":"Event","string":"setHitStopTime(0.05,0.2)"},{"time":0.2666,"name":"Sound1","string":"cri_se_battle_sword_swish_heavy"},{"time":0.3,"name":"Hit","string":"resetHitList"},{"time":0.4333,"name":"Voice","string":"cri_278_voice_attack_c"},{"time":0.4666,"name":"Sound1","string":"cri_se_battle_sword_swish_heavy"},{"time":0.5,"name":"Hit","string":"resetHitList"}]},"back":{"slots":{"MAIN":{"attachment":[{"time":0,"name":"skill1_08"},{"time":0.0333,"name":"skill1_09"},{"time":0.0666,"name":"skill1_10"},{"time":0.3333,"name":"attack1_07"},{"time":0.5,"name":"idle_03"},{"time":0.6333,"name":"idle_00"}]}},"bones":{"MAIN":{"rotate":[{"time":0.0333,"angle":-32.18,"curve":"stepped"},{"time":0.0666,"angle":-61.09,"curve":"stepped"},{"time":0.1333,"angle":270,"curve":"stepped"},{"time":0.1666,"angle":230,"curve":"stepped"},{"time":0.2,"angle":18180,"curve":"stepped"},{"time":0.2666,"angle":106.32,"curve":"stepped"},{"time":0.3333,"angle":0}],"translate":[{"time":0,"x":0,"y":4.95,"curve":[0.305,0.58,0.75,1]},{"time":0.2,"x":183.31,"y":104.11,"curve":[0.342,0,1,1]},{"time":0.3,"x":212.55,"y":38.91,"curve":"stepped"},{"time":0.3333,"x":230,"y":0,"curve":[0.311,0.8,0.75,1]},{"time":0.5333,"x":250,"y":0}]}},"events":[{"time":0,"name":"Sound1","string":"cri_se_battle_jump"},{"time":0.3333,"name":"Sound1","string":"cri_se_battle_landing"}]},"cast":{"slots":{"MAIN":{"attachment":[{"time":0,"name":"attack1_00"},{"time":0.4,"name":"attack1_01"},{"time":0.4666,"name":"attack1_02"},{"time":0.5,"name":"attack1_03"},{"time":0.7333,"name":"attack1_04"},{"time":0.8333,"name":"idle_00"},{"time":1,"name":"idle_00"}]}},"bones":{"MAIN":{"translate":[{"time":0,"x":0,"y":0}]}},"events":[{"time":0.4,"name":"Voice","string":"cri_278_voice_item"}]},"damage":{"slots":{"MAIN":{"attachment":[{"time":0,"name":"damage_00"}]}}},"front":{"slots":{"MAIN":{"attachment":[{"time":0,"name":"front_00"}]}},"bones":{"MAIN":{"rotate":[{"time":0,"angle":7.06}],"translate":[{"time":0,"x":0,"y":-4.96}]}}},"idle":{"slots":{"MAIN":{"attachment":[{"time":0,"name":"idle_00"},{"time":0.2,"name":"idle_01"},{"time":0.4333,"name":"idle_02"},{"time":0.6333,"name":"idle_03"},{"time":0.8333,"name":"idle_00"}]}},"bones":{"MAIN":{"translate":[{"time":0,"x":0,"y":0}]}}},"in":{"slots":{"MAIN":{"attachment":[{"time":0,"name":"skill1_10"},{"time":0.4,"name":"skill1_08"},{"time":0.4666,"name":"skill1_07"},{"time":0.7,"name":"attack1_07"},{"time":0.8333,"name":"idle_03"}]}},"bones":{"MAIN":{"rotate":[{"time":0,"angle":0,"curve":"stepped"},{"time":0.0333,"angle":-59.66,"curve":"stepped"},{"time":0.0666,"angle":-119.33,"curve":"stepped"},{"time":0.1,"angle":181,"curve":"stepped"},{"time":0.1333,"angle":136,"curve":"stepped"},{"time":0.1666,"angle":91,"curve":"stepped"},{"time":0.2,"angle":46,"curve":"stepped"},{"time":0.2333,"angle":1,"curve":"stepped"},{"time":0.2666,"angle":-43.75,"curve":"stepped"},{"time":0.3,"angle":-88.5,"curve":"stepped"},{"time":0.3333,"angle":-133.25,"curve":"stepped"},{"time":0.3666,"angle":182,"curve":"stepped"},{"time":0.4,"angle":9.41,"curve":"stepped"},{"time":0.4666,"angle":0}],"translate":[{"time":0,"x":18.2,"y":352.04,"curve":[0.58,0,1,1]},{"time":0.3666,"x":18.2,"y":157.46,"curve":"stepped"},{"time":0.4,"x":18.2,"y":96.91},{"time":0.4666,"x":18.2,"y":6.74,"curve":[0.307,0.77,0.75,1]},{"time":0.5333,"x":18.2,"y":-0.19,"curve":"stepped"},{"time":0.7,"x":0,"y":0}]}},"events":[{"time":0,"name":"Event","string":"takeSummon2"},{"time":0.4666,"name":"Sound1","string":"cri_se_battle_landing"}]},"skill1":{"slots":{"DAMAGEAREA":{"attachment":[{"time":0.2333,"name":"DAMAGEAREA"},{"time":0.3,"name":null}]},"EF/allEF/main_dash_blue/ef_dash_blue_00001":{"attachment":[{"time":0.2,"name":"EF/allEF/main_dash_blue/ef_dash_blue_00001"},{"time":0.2666,"name":"EF/allEF/main_dash_blue/ef_dash_blue_00003"},{"time":0.3333,"name":"EF/allEF/main_dash_blue/ef_dash_blue_00005"},{"time":0.4,"name":"EF/allEF/main_dash_blue/ef_dash_blue_00007"},{"time":0.4666,"name":"EF/allEF/main_dash_blue/ef_dash_blue_00009"},{"time":0.5333,"name":"EF/allEF/main_dash_blue/ef_dash_blue_00011"},{"time":0.6,"name":"EF/allEF/main_dash_blue/ef_dash_blue_00013"},{"time":0.6666,"name":null}]},"EF/allEF/main_dash_blue/ef_dash_blue_1":{"attachment":[{"time":0.2333,"name":"EF/allEF/main_dash_blue/ef_dash_blue_00001"},{"time":0.3,"name":"EF/allEF/main_dash_blue/ef_dash_blue_00003"},{"time":0.3666,"name":"EF/allEF/main_dash_blue/ef_dash_blue_00005"},{"time":0.4333,"name":"EF/allEF/main_dash_blue/ef_dash_blue_00007"},{"time":0.5,"name":"EF/allEF/main_dash_blue/ef_dash_blue_00009"},{"time":0.5666,"name":"EF/allEF/main_dash_blue/ef_dash_blue_00011"},{"time":0.6333,"name":"EF/allEF/main_dash_blue/ef_dash_blue_00013"},{"time":0.7,"name":null}]},"EF/allEF/main_graund_wave_blue/ef_graund_wave_blue_00001":{"attachment":[{"time":0.2,"name":"EF/allEF/main_graund_wave_blue/ef_graund_wave_blue_00001"},{"time":0.2333,"name":"EF/allEF/main_graund_wave_blue/ef_graund_wave_blue_00003"},{"time":0.2666,"name":"EF/allEF/main_graund_wave_blue/ef_graund_wave_blue_00005"},{"time":0.3,"name":"EF/allEF/main_graund_wave_blue/ef_graund_wave_blue_00007"},{"time":0.3333,"name":"EF/allEF/main_graund_wave_blue/ef_graund_wave_blue_00009"},{"time":0.3666,"name":"EF/allEF/main_graund_wave_blue/ef_graund_wave_blue_00011"},{"time":0.4,"name":"EF/allEF/main_graund_wave_blue/ef_graund_wave_blue_00013"},{"time":0.4333,"name":null}]},"EF/allEF/main_graund_wave_blue/ef_graund_wave_blue_1":{"attachment":[{"time":0.2333,"name":"EF/allEF/main_graund_wave_blue/ef_graund_wave_blue_00001"},{"time":0.2666,"name":"EF/allEF/main_graund_wave_blue/ef_graund_wave_blue_00003"},{"time":0.3,"name":"EF/allEF/main_graund_wave_blue/ef_graund_wave_blue_00005"},{"time":0.3333,"name":"EF/allEF/main_graund_wave_blue/ef_graund_wave_blue_00007"},{"time":0.3666,"name":"EF/allEF/main_graund_wave_blue/ef_graund_wave_blue_00009"},{"time":0.4,"name":"EF/allEF/main_graund_wave_blue/ef_graund_wave_blue_00011"},{"time":0.4333,"name":"EF/allEF/main_graund_wave_blue/ef_graund_wave_blue_00013"},{"time":0.4666,"name":null}]},"MAIN":{"attachment":[{"time":0,"name":"skill1_00"},{"time":0.0666,"name":"skill1_01"},{"time":0.1,"name":"skill1_02"},{"time":0.2,"name":"skill1_04"},{"time":0.2333,"name":"skill1_06"},{"time":0.6666,"name":"skill1_07"},{"time":0.8,"name":"skill1_08"},{"time":0.8333,"name":"skill1_09"},{"time":0.8666,"name":"skill1_10"},{"time":1.1666,"name":"skill1_02"},{"time":1.4333,"name":"skill1_01"},{"time":1.5666,"name":"idle_00"}]}},"bones":{"MAIN":{"rotate":[{"time":0.8333,"angle":-32.18},{"time":0.9,"angle":270,"curve":"stepped"},{"time":0.9666,"angle":230,"curve":"stepped"},{"time":1.0333,"angle":18180,"curve":"stepped"},{"time":1.1,"angle":106.32,"curve":"stepped"},{"time":1.1666,"angle":0}],"translate":[{"time":0.2,"x":-289.42,"y":0,"curve":[0.387,0.82,0.75,1]},{"time":0.4333,"x":-377.23,"y":0,"curve":"stepped"},{"time":0.8,"x":-377.23,"y":14.68,"curve":[0.307,0.6,1,1]},{"time":0.9666,"x":-96.79,"y":134.5,"curve":[0.271,0,0.669,0.5]},{"time":1.0666,"x":-52.55,"y":87.05,"curve":[0.557,0.5,1,1]},{"time":1.1666,"x":-28.18,"y":0,"curve":[0.311,0.8,0.75,1]},{"time":1.4333,"x":0,"y":0}]},"dash_blue_1":{"translate":[{"time":0.2,"x":-110.11,"y":99.71}],"scale":[{"time":0.2,"x":2.001,"y":2.001}]},"graund_wave_1":{"translate":[{"time":0.2,"x":-121.66,"y":193.66}],"scale":[{"time":0.2,"x":2.246,"y":2.246}]},"graund_wave_2":{"translate":[{"time":0.2333,"x":-184.96,"y":193.66}],"scale":[{"time":0.2333,"x":2.246,"y":2.246}]},"dash_blue_2":{"translate":[{"time":0.2333,"x":-201.46,"y":96.17}],"scale":[{"time":0.2333,"x":1.372,"y":1.372}]},"DAMAGEAREA":{"translate":[{"time":0.2333,"x":-212.13,"y":63.16}],"scale":[{"time":0.2333,"x":4.484,"y":1.313}]}},"events":[{"time":0,"name":"Sound3","string":"setHitSound(se_battle_swordslash_heavy)"},{"time":0.1666,"name":"Event","string":"setHitBackEnemy(40,0)"},{"time":0.2,"name":"Event","string":"ignoreBorder_true"},{"time":0.2,"name":"Sound1","string":"cri_se_battle_skill_shot"},{"time":0.2,"name":"Sound2","string":"cri_se_battle_arrow_light_effect"},{"time":0.2,"name":"Voice","string":"cri_278_voice_skill_all"},{"time":0.2333,"name":"Event","float":0.15,"string":"kHitStopType_normal"}]},"skill2":{"slots":{"DAMAGEAREA":{"attachment":[{"time":1.4666,"name":"DAMAGEAREA"},{"time":1.6333,"name":null}]},"EF/allEF/main_dash_blue/ef_dash_blue_1":{"attachment":[{"time":1.5,"name":"EF/allEF/main_dash_blue/ef_dash_blue_00001"},{"time":1.5666,"name":"EF/allEF/main_dash_blue/ef_dash_blue_00003"},{"time":1.6333,"name":"EF/allEF/main_dash_blue/ef_dash_blue_00005"},{"time":1.7,"name":"EF/allEF/main_dash_blue/ef_dash_blue_00007"},{"time":1.7666,"name":"EF/allEF/main_dash_blue/ef_dash_blue_00009"},{"time":1.8333,"name":"EF/allEF/main_dash_blue/ef_dash_blue_00011"},{"time":1.9,"name":"EF/allEF/main_dash_blue/ef_dash_blue_00013"},{"time":1.9666,"name":null}]},"EF/allEF/main_dash_blue/ef_dash_blue_00001":{"attachment":[{"time":1.4666,"name":"EF/allEF/main_dash_blue/ef_dash_blue_00001"},{"time":1.5333,"name":"EF/allEF/main_dash_blue/ef_dash_blue_00003"},{"time":1.6,"name":"EF/allEF/main_dash_blue/ef_dash_blue_00005"},{"time":1.6666,"name":"EF/allEF/main_dash_blue/ef_dash_blue_00007"},{"time":1.7333,"name":"EF/allEF/main_dash_blue/ef_dash_blue_00009"},{"time":1.8,"name":"EF/allEF/main_dash_blue/ef_dash_blue_00011"},{"time":1.8666,"name":"EF/allEF/main_dash_blue/ef_dash_blue_00013"},{"time":1.9333,"name":null}]},"EF/allEF/main_graund_wave_blue/ef_graund_wave_blue_00001":{"attachment":[{"time":0.6,"name":"EF/allEF/main_graund_wave_blue/ef_graund_wave_blue_00001"},{"time":0.6333,"name":"EF/allEF/main_graund_wave_blue/ef_graund_wave_blue_00003"},{"time":0.6666,"name":"EF/allEF/main_graund_wave_blue/ef_graund_wave_blue_00005"},{"time":0.7,"name":"EF/allEF/main_graund_wave_blue/ef_graund_wave_blue_00007"},{"time":0.7666,"name":"EF/allEF/main_graund_wave_blue/ef_graund_wave_blue_00009"},{"time":0.8333,"name":"EF/allEF/main_graund_wave_blue/ef_graund_wave_blue_00011"},{"time":0.8666,"name":"EF/allEF/main_graund_wave_blue/ef_graund_wave_blue_00013"},{"time":0.9,"name":null},{"time":1.4666,"name":"EF/allEF/main_graund_wave_blue/ef_graund_wave_blue_00001"},{"time":1.5,"name":"EF/allEF/main_graund_wave_blue/ef_graund_wave_blue_00003"},{"time":1.5333,"name":"EF/allEF/main_graund_wave_blue/ef_graund_wave_blue_00005"},{"time":1.5666,"name":"EF/allEF/main_graund_wave_blue/ef_graund_wave_blue_00007"},{"time":1.6,"name":"EF/allEF/main_graund_wave_blue/ef_graund_wave_blue_00009"},{"time":1.6333,"name":"EF/allEF/main_graund_wave_blue/ef_graund_wave_blue_00011"},{"time":1.6666,"name":"EF/allEF/main_graund_wave_blue/ef_graund_wave_blue_00013"},{"time":1.7,"name":null}]},"EF/allEF/main_graund_wave_blue/ef_graund_wave_blue_1":{"attachment":[{"time":0.7,"name":"EF/allEF/main_graund_wave_blue/ef_graund_wave_blue_00001"},{"time":0.7333,"name":"EF/allEF/main_graund_wave_blue/ef_graund_wave_blue_00003"},{"time":0.7666,"name":"EF/allEF/main_graund_wave_blue/ef_graund_wave_blue_00005"},{"time":0.8,"name":"EF/allEF/main_graund_wave_blue/ef_graund_wave_blue_00007"},{"time":0.8666,"name":"EF/allEF/main_graund_wave_blue/ef_graund_wave_blue_00009"},{"time":0.9333,"name":"EF/allEF/main_graund_wave_blue/ef_graund_wave_blue_00011"},{"time":0.9666,"name":"EF/allEF/main_graund_wave_blue/ef_graund_wave_blue_00013"},{"time":1,"name":null}]},"EF/allEF/main_graund_wave_blue/ef_graund_wave_blue_2":{"attachment":[{"time":1.5,"name":"EF/allEF/main_graund_wave_blue/ef_graund_wave_blue_00001"},{"time":1.5333,"name":"EF/allEF/main_graund_wave_blue/ef_graund_wave_blue_00003"},{"time":1.5666,"name":"EF/allEF/main_graund_wave_blue/ef_graund_wave_blue_00005"},{"time":1.6,"name":"EF/allEF/main_graund_wave_blue/ef_graund_wave_blue_00007"},{"time":1.6333,"name":"EF/allEF/main_graund_wave_blue/ef_graund_wave_blue_00009"},{"time":1.6666,"name":"EF/allEF/main_graund_wave_blue/ef_graund_wave_blue_00011"},{"time":1.7,"name":"EF/allEF/main_graund_wave_blue/ef_graund_wave_blue_00013"},{"time":1.7333,"name":null}]},"EF/allEF/main_graund_wave_blue/ef_graund_wave_blue_4":{"attachment":[{"time":1.5333,"name":"EF/allEF/main_graund_wave_blue/ef_graund_wave_blue_00001"},{"time":1.5666,"name":"EF/allEF/main_graund_wave_blue/ef_graund_wave_blue_00003"},{"time":1.6,"name":"EF/allEF/main_graund_wave_blue/ef_graund_wave_blue_00005"},{"time":1.6333,"name":"EF/allEF/main_graund_wave_blue/ef_graund_wave_blue_00007"},{"time":1.6666,"name":"EF/allEF/main_graund_wave_blue/ef_graund_wave_blue_00009"},{"time":1.7,"name":"EF/allEF/main_graund_wave_blue/ef_graund_wave_blue_00011"},{"time":1.7333,"name":"EF/allEF/main_graund_wave_blue/ef_graund_wave_blue_00013"},{"time":1.7666,"name":null}]},"EF/allEF/main_rot_wave_main/ef_rot_wave_main_00001":{"attachment":[{"time":0,"name":"EF/allEF/main_rot_wave_main/ef_rot_wave_main_00001"},{"time":0.0666,"name":"EF/allEF/main_rot_wave_main/ef_rot_wave_main_00002"},{"time":0.1333,"name":"EF/allEF/main_rot_wave_main/ef_rot_wave_main_00003"},{"time":0.2,"name":"EF/allEF/main_rot_wave_main/ef_rot_wave_main_00004"},{"time":0.2333,"name":"EF/allEF/main_rot_wave_main/ef_rot_wave_main_00005"},{"time":0.2666,"name":"EF/allEF/main_rot_wave_main/ef_rot_wave_main_00006"},{"time":0.3,"name":"EF/allEF/main_rot_wave_main/ef_rot_wave_main_00007"},{"time":0.3333,"name":"EF/allEF/main_rot_wave_main/ef_rot_wave_main_00008"},{"time":0.3666,"name":"EF/allEF/main_rot_wave_main/ef_rot_wave_main_00009"},{"time":0.4,"name":"EF/allEF/main_rot_wave_main/ef_rot_wave_main_00010"},{"time":0.4333,"name":"EF/allEF/main_rot_wave_main/ef_rot_wave_main_00011"},{"time":0.4666,"name":"EF/allEF/main_rot_wave_main/ef_rot_wave_main_00012"},{"time":0.5,"name":"EF/allEF/main_rot_wave_main/ef_rot_wave_main_00013"},{"time":0.5333,"name":"EF/allEF/main_rot_wave_main/ef_rot_wave_main_00014"},{"time":0.5666,"name":"EF/allEF/main_rot_wave_main/ef_rot_wave_main_00015"},{"time":0.6,"name":null}]},"EF/allEF/main_rot_wave_main/ef_rot_wave_main_1":{"attachment":[{"time":0.2333,"name":"EF/allEF/main_rot_wave_main/ef_rot_wave_main_00001"},{"time":0.3,"name":"EF/allEF/main_rot_wave_main/ef_rot_wave_main_00002"},{"time":0.3666,"name":"EF/allEF/main_rot_wave_main/ef_rot_wave_main_00003"},{"time":0.4,"name":"EF/allEF/main_rot_wave_main/ef_rot_wave_main_00004"},{"time":0.4333,"name":"EF/allEF/main_rot_wave_main/ef_rot_wave_main_00005"},{"time":0.4666,"name":"EF/allEF/main_rot_wave_main/ef_rot_wave_main_00007"},{"time":0.5,"name":"EF/allEF/main_rot_wave_main/ef_rot_wave_main_00009"},{"time":0.5333,"name":"EF/allEF/main_rot_wave_main/ef_rot_wave_main_00011"},{"time":0.5666,"name":"EF/allEF/main_rot_wave_main/ef_rot_wave_main_00013"},{"time":0.6,"name":"EF/allEF/main_rot_wave_main/ef_rot_wave_main_00015"},{"time":0.6333,"name":null}]},"EF/allEF/main_water_wave_main/ef_water_wave_main_00001":{"attachment":[{"time":0,"name":null},{"time":0.5666,"name":"EF/allEF/main_water_wave_main/ef_water_wave_main_00003"},{"time":0.6,"name":"EF/allEF/main_water_wave_main/ef_water_wave_main_00007"},{"time":0.6333,"name":"EF/allEF/main_water_wave_main/ef_water_wave_main_00011"},{"time":0.6666,"name":"EF/allEF/main_water_wave_main/ef_water_wave_main_00013"},{"time":0.7,"name":"EF/allEF/main_water_wave_main/ef_water_wave_main_00017"},{"time":0.7333,"name":"EF/allEF/main_water_wave_main/ef_water_wave_main_00018"},{"time":0.7666,"name":"EF/allEF/main_water_wave_main/ef_water_wave_main_00019"},{"time":0.8,"name":"EF/allEF/main_water_wave_main/ef_water_wave_main_00020"},{"time":0.8333,"name":"EF/allEF/main_water_wave_main/ef_water_wave_main_00021"},{"time":0.8666,"name":"EF/allEF/main_water_wave_main/ef_water_wave_main_00022"},{"time":0.9,"name":"EF/allEF/main_water_wave_main/ef_water_wave_main_00023"},{"time":0.9333,"name":"EF/allEF/main_water_wave_main/ef_water_wave_main_00024"},{"time":1,"name":"EF/allEF/main_water_wave_main/ef_water_wave_main_00025"},{"time":1.0666,"name":"EF/allEF/main_water_wave_main/ef_water_wave_main_00026"},{"time":1.1333,"name":"EF/allEF/main_water_wave_main/ef_water_wave_main_00027"},{"time":1.2,"name":"EF/allEF/main_water_wave_main/ef_water_wave_main_00028"},{"time":1.2666,"name":"EF/allEF/main_water_wave_main/ef_water_wave_main_00029"},{"time":1.3333,"name":"EF/allEF/main_water_wave_main/ef_water_wave_main_00030"},{"time":1.4,"name":null}]},"EF/allEF/main_water_wave_main/ef_water_wave_main_1":{"attachment":[{"time":0.7666,"name":"EF/allEF/main_water_wave_main/ef_water_wave_main_00001"},{"time":0.8,"name":"EF/allEF/main_water_wave_main/ef_water_wave_main_00002"},{"time":0.8333,"name":"EF/allEF/main_water_wave_main/ef_water_wave_main_00003"},{"time":0.8666,"name":"EF/allEF/main_water_wave_main/ef_water_wave_main_00004"},{"time":0.9,"name":"EF/allEF/main_water_wave_main/ef_water_wave_main_00005"},{"time":0.9333,"name":"EF/allEF/main_water_wave_main/ef_water_wave_main_00006"},{"time":0.9666,"name":"EF/allEF/main_water_wave_main/ef_water_wave_main_00007"},{"time":1,"name":"EF/allEF/main_water_wave_main/ef_water_wave_main_00008"},{"time":1.0333,"name":"EF/allEF/main_water_wave_main/ef_water_wave_main_00009"},{"time":1.0666,"name":"EF/allEF/main_water_wave_main/ef_water_wave_main_00010"},{"time":1.1,"name":"EF/allEF/main_water_wave_main/ef_water_wave_main_00011"},{"time":1.1333,"name":"EF/allEF/main_water_wave_main/ef_water_wave_main_00012"},{"time":1.1666,"name":"EF/allEF/main_water_wave_main/ef_water_wave_main_00013"},{"time":1.2,"name":"EF/allEF/main_water_wave_main/ef_water_wave_main_00014"},{"time":1.2333,"name":"EF/allEF/main_water_wave_main/ef_water_wave_main_00015"},{"time":1.2666,"name":"EF/allEF/main_water_wave_main/ef_water_wave_main_00016"},{"time":1.3,"name":"EF/allEF/main_water_wave_main/ef_water_wave_main_00017"},{"time":1.3333,"name":"EF/allEF/main_water_wave_main/ef_water_wave_main_00018"},{"time":1.3666,"name":"EF/allEF/main_water_wave_main/ef_water_wave_main_00019"},{"time":1.4,"name":"EF/allEF/main_water_wave_main/ef_water_wave_main_00020"},{"time":1.4333,"name":"EF/allEF/main_water_wave_main/ef_water_wave_main_00021"},{"time":1.4666,"name":"EF/allEF/main_water_wave_main/ef_water_wave_main_00022"},{"time":1.5,"name":"EF/allEF/main_water_wave_main/ef_water_wave_main_00023"},{"time":1.5333,"name":"EF/allEF/main_water_wave_main/ef_water_wave_main_00024"},{"time":1.5666,"name":"EF/allEF/main_water_wave_main/ef_water_wave_main_00025"},{"time":1.6,"name":"EF/allEF/main_water_wave_main/ef_water_wave_main_00026"},{"time":1.6333,"name":"EF/allEF/main_water_wave_main/ef_water_wave_main_00027"},{"time":1.6666,"name":"EF/allEF/main_water_wave_main/ef_water_wave_main_00028"},{"time":1.7,"name":"EF/allEF/main_water_wave_main/ef_water_wave_main_00029"},{"time":1.7333,"name":"EF/allEF/main_water_wave_main/ef_water_wave_main_00030"},{"time":1.7666,"name":null}]},"MAIN":{"attachment":[{"time":0,"name":"skill2_00"},{"time":0.1,"name":"skill2_01"},{"time":0.2,"name":"skill2_02"},{"time":0.5666,"name":"skill2_03"},{"time":1,"name":"skill1_02"},{"time":1.4,"name":"skill1_01"},{"time":1.4666,"name":"skill1_04"},{"time":2.5333,"name":"front_00"},{"time":2.9,"name":"idle_00"}],"color":[{"time":1.5666,"color":"ffffffff"},{"time":1.6333,"color":"ffffff00","curve":"stepped"},{"time":2.6333,"color":"ffffff00"},{"time":2.8,"color":"ffffffff"}]}},"bones":{"MAIN":{"translate":[{"time":0.5666,"x":0,"y":-3.64},{"time":0.6333,"x":0,"y":0,"curve":"stepped"},{"time":1,"x":6.98,"y":0,"curve":[0.305,0.71,0.75,1]},{"time":1.2333,"x":16.98,"y":0,"curve":"stepped"},{"time":1.4,"x":13.6,"y":0,"curve":"stepped"},{"time":1.4666,"x":-123.31,"y":0,"curve":[0.387,0.82,0.75,1]},{"time":1.6333,"x":-802.23,"y":0,"curve":"stepped"},{"time":2.5333,"x":817.88,"y":0,"curve":[0.306,0.39,0.645,0.72]},{"time":2.6333,"x":201.18,"y":0,"curve":[0.35,0.78,0.75,1]},{"time":2.9666,"x":0,"y":0}],"scale":[{"time":0,"x":1,"y":0.975,"curve":"stepped"},{"time":0.5666,"x":1,"y":0.975},{"time":0.6333,"x":1,"y":1}]},"water_wave_1":{"translate":[{"time":0.5666,"x":-211.46,"y":400.78}],"scale":[{"time":0.5666,"x":1.112,"y":1.112,"curve":[0.226,0.89,0.589,1]},{"time":0.8,"x":2.607,"y":2.607}]},"rot_wave_1":{"translate":[{"time":0,"x":-109.79,"y":299.74}],"scale":[{"time":0,"x":2.018,"y":2.018}]},"rot_wave_2":{"translate":[{"time":0.2333,"x":-109.79,"y":299.74}],"scale":[{"time":0.2333,"x":2.018,"y":2.018}]},"graund_wave_1":{"translate":[{"time":0.6,"x":-210.57,"y":191.88,"curve":"stepped"},{"time":1.4666,"x":-300,"y":200}],"scale":[{"time":0.6,"x":3.928,"y":3.928,"curve":"stepped"},{"time":1.4666,"x":2.526,"y":2.526}]},"water_wave_2":{"translate":[{"time":0.7666,"x":-211.46,"y":400.78}],"scale":[{"time":0.7666,"x":1.112,"y":1.112,"curve":[0.226,0.89,0.589,1]},{"time":1,"x":3.139,"y":3.139}]},"dash_blue_2":{"translate":[{"time":1.5,"x":-201.46,"y":96.17}],"scale":[{"time":1.5,"x":1.771,"y":1.771}]},"dash_blue_1":{"translate":[{"time":1.4666,"x":-110.11,"y":99.71}],"scale":[{"time":1.4666,"x":2.583,"y":2.583}]},"graund_wave_3":{"translate":[{"time":1.5,"x":-500,"y":200}],"scale":[{"time":1.5,"x":2.526,"y":2.526}]},"graund_wave_5":{"translate":[{"time":1.5333,"x":-700,"y":200}],"scale":[{"time":1.5333,"x":2.526,"y":2.526}]},"graund_wave_2":{"translate":[{"time":0.7,"x":-210.57,"y":191.88}],"scale":[{"time":0.7,"x":4.067,"y":4.067}]},"DAMAGEAREA":{"translate":[{"time":1.4666,"x":13.54,"y":52.99}],"scale":[{"time":1.4666,"x":11.22,"y":2.287}]}},"events":[{"time":0,"name":"Sound1","string":"cri_se_battle_charge"},{"time":0,"name":"Sound3","string":"setHitSound(se_battle_swordslash_heavy)"},{"time":0,"name":"Voice","string":"cri_278_voice_fullarts_now"},{"time":0.5666,"name":"Sound1","string":"cri_se_scenario_no2_magic"},{"time":0.5666,"name":"Sound2","string":"cri_se_battle_034_explosion_element_02_2"},{"time":1.3333,"name":"Event","string":"kHitStopType_normal"},{"time":1.3666,"name":"Event","string":"kImpactType_knock\t"},{"time":1.4,"name":"Event","string":"setForceImpact(1)"},{"time":1.4333,"name":"Event","string":"setHitStopTime(0.27,0.5)"},{"time":1.4666,"name":"Event","string":"ignoreBorder_true"},{"time":1.4666,"name":"Event2","float":2,"string":"shakeGround"},{"time":1.4666,"name":"Sound1","string":"cri_se_battle_arrow_light_effect"},{"time":1.4666,"name":"Sound2","string":"cri_se_battle_sword_srash_02"},{"time":1.4666,"name":"Voice","string":"cri_278_voice_fullarts_rank5"},{"time":2.0333,"name":"Event","string":"setForceImpact(0)"}]},"skill3":{"slots":{"DAMAGEAREA":{"attachment":[{"time":0.8333,"name":"DAMAGEAREA"},{"time":1.2,"name":null},{"time":1.7,"name":"DAMAGEAREA"},{"time":1.7666,"name":null}]},"EF/allEF/main_water_wave_main/ef_water_wave_main_00001":{"attachment":[{"time":1.6666,"name":"EF/allEF/main_water_wave_main/ef_water_wave_main_00003"},{"time":1.7,"name":"EF/allEF/main_water_wave_main/ef_water_wave_main_00011"},{"time":1.7333,"name":"EF/allEF/main_water_wave_main/ef_water_wave_main_00017"},{"time":1.7666,"name":"EF/allEF/main_water_wave_main/ef_water_wave_main_00019"},{"time":1.8,"name":"EF/allEF/main_water_wave_main/ef_water_wave_main_00021"},{"time":1.8333,"name":"EF/allEF/main_water_wave_main/ef_water_wave_main_00023"},{"time":1.8666,"name":"EF/allEF/main_water_wave_main/ef_water_wave_main_00024"},{"time":1.9333,"name":"EF/allEF/main_water_wave_main/ef_water_wave_main_00025"},{"time":2,"name":"EF/allEF/main_water_wave_main/ef_water_wave_main_00026"},{"time":2.0666,"name":"EF/allEF/main_water_wave_main/ef_water_wave_main_00027"},{"time":2.1333,"name":"EF/allEF/main_water_wave_main/ef_water_wave_main_00028"},{"time":2.2,"name":"EF/allEF/main_water_wave_main/ef_water_wave_main_00029"},{"time":2.2666,"name":"EF/allEF/main_water_wave_main/ef_water_wave_main_00030"},{"time":2.3333,"name":null}]},"MAIN":{"attachment":[{"time":0,"name":"skill1_07"},{"time":0.3333,"name":"skill1_08"},{"time":0.7666,"name":"skill1_04"},{"time":0.8666,"name":"skill3_00"},{"time":0.9333,"name":"attack1_03"},{"time":1.0333,"name":"skill1_04"},{"time":1.1333,"name":"skill1_04"},{"time":1.2666,"name":"skill2_05"},{"time":1.4666,"name":"skill1_03"},{"time":1.6666,"name":"attack1_03"},{"time":2.5,"name":"idle_00"},{"time":2.5666,"name":"idle_00"}],"color":[{"time":0.3666,"color":"ffffffff"},{"time":0.4333,"color":"ffffff00","curve":"stepped"},{"time":0.7666,"color":"ffffff00"},{"time":0.8,"color":"ffffffff"}]}},"bones":{"MAIN":{"rotate":[{"time":0.7666,"angle":-55.65,"curve":"stepped"},{"time":0.8666,"angle":0,"curve":"stepped"},{"time":0.9333,"angle":0,"curve":"stepped"},{"time":1.0333,"angle":14.09,"curve":"stepped"},{"time":1.1333,"angle":0,"curve":"stepped"},{"time":1.4666,"angle":-23.7,"curve":"stepped"},{"time":1.6666,"angle":0}],"translate":[{"time":0,"x":0,"y":0,"curve":"stepped"},{"time":0.3333,"x":41.95,"y":25.17},{"time":0.4333,"x":159.44,"y":174.13,"curve":"stepped"},{"time":0.7666,"x":325.63,"y":-331.75},{"time":0.8333,"x":283.95,"y":-270.74,"curve":"stepped"},{"time":0.8666,"x":0,"y":452.83,"curve":"stepped"},{"time":0.9333,"x":-184.59,"y":-4.91,"curve":"stepped"},{"time":1.0333,"x":300,"y":252.83,"curve":"stepped"},{"time":1.1333,"x":-200,"y":252.83},{"time":1.2,"x":-250,"y":252.83,"curve":[0.307,0.81,0.75,1]},{"time":1.4666,"x":-291.2,"y":252.83,"curve":"stepped"},{"time":1.6,"x":-291.2,"y":252.83,"curve":[0.25,0,0.75,1]},{"time":1.6666,"x":105.46,"y":0,"curve":[0.229,0.9,0.268,1]},{"time":2.3333,"x":150,"y":0}],"scale":[{"time":0.8666,"x":1,"y":1,"curve":"stepped"},{"time":1.0333,"x":-1,"y":1,"curve":"stepped"},{"time":1.1333,"x":1,"y":1,"curve":"stepped"},{"time":1.2666,"x":-1,"y":1,"curve":"stepped"},{"time":2.5,"x":1,"y":1}]},"water_wave_2":{"translate":[{"time":1.5666,"x":-199.23,"y":405.05}]},"water_wave_1":{"translate":[{"time":1.5666,"x":-199.23,"y":405.05}],"scale":[{"time":1.6666,"x":1.112,"y":1.112,"curve":[0.226,0.89,0.589,1]},{"time":1.9,"x":2.607,"y":2.607}]},"DAMAGEAREA":{"translate":[{"time":0.8333,"x":-17.86,"y":189.18}],"scale":[{"time":0.8333,"x":10.19,"y":9.358}]}},"events":[{"time":0,"name":"Sound3","string":"setHitSound(se_battle_swordslash_heavy)"},{"time":0,"name":"Voice","string":"cri_278_voice_fullarts_now_b"},{"time":0.0333,"name":"Event","string":"runSkillEffect"},{"time":0.0666,"name":"Event","string":"runScript-execItemCool"},{"time":0.3333,"name":"Sound1","string":"cri_se_battle_jump"},{"time":0.4666,"name":"Event","string":"ignoreBorder_true"},{"time":0.7,"name":"Event","float":0.8,"string":"setPosition_Target"},{"time":0.8,"name":"Event","string":"kHitStopType_normal"},{"time":0.8,"name":"Sound1","string":"cri_se_battle_sword_srash"},{"time":0.8333,"name":"Event","string":"setHitStopTime(0.1,0.4)"},{"time":0.8333,"name":"Event2","float":1.5,"string":"shakeGround"},{"time":0.9333,"name":"Event2","float":1.5,"string":"shakeGround"},{"time":0.9333,"name":"Hit","string":"resetHitList"},{"time":0.9666,"name":"Sound1","string":"cri_se_battle_sword_srash"},{"time":1.0333,"name":"Event2","float":1.5,"string":"shakeGround"},{"time":1.0333,"name":"Hit","string":"resetHitList"},{"time":1.1333,"name":"Event","string":"setHitStopTime(0.15,0.5)"},{"time":1.1333,"name":"Event2","float":1.7,"string":"shakeGround"},{"time":1.1333,"name":"Hit","string":"resetHitList"},{"time":1.1333,"name":"Sound1","string":"cri_se_battle_sword_srash"},{"time":1.6333,"name":"Sound1","string":"cri_se_battle_036_explosion_element_04"},{"time":1.6333,"name":"Sound2","string":"cri_se_battle_sword_srash_02"},{"time":1.6333,"name":"Voice","string":"cri_278_voice_fullarts_rank6"},{"time":1.7,"name":"Event","string":"setHitStopTime(0.2,0.4)"},{"time":1.7,"name":"Event2","float":2,"string":"shakeGround"},{"time":1.7,"name":"Hit","string":"resetHitList"},{"time":1.7333,"name":"Event2","float":1.4,"string":"shakeGround"}]}}}