{"skeleton":{"hash":"YAifjfZv/KwrZJ3VQ1s75TpH75I","spine":"3.0.12","width":0,"height":0,"images":"./images2/"},"bones":[{"name":"root"},{"name":"grid","parent":"root"},{"name":"MAIN","parent":"root","y":50},{"name":"SHADOW-OFFSET","parent":"MAIN","x":7},{"name":"HPBAR","parent":"MAIN","x":5,"y":90},{"name":"HITBOX","parent":"MAIN"},{"name":"DAMAGEAREA","parent":"root"},{"name":"190_S1_magic1","parent":"root","x":900}],"slots":[{"name":"grid/bg","bone":"grid","color":"ffffff64"},{"name":"grid/grid","bone":"grid","color":"ffffff95"},{"name":"EF/190_S1_magic1/magic_3nature2","bone":"190_S1_magic1","blend":"additive"},{"name":"MAIN","bone":"MAIN","attachment":"idle_00"},{"name":"HITBOX","bone":"HITBOX","attachment":"HITBOX"},{"name":"DAMAGEAREA","bone":"DAMAGEAREA"}],"skins":{"default":{"DAMAGEAREA":{"DAMAGEAREA":{"type":"boundingbox","vertices":[-98.44268,97.80795,-97.98368,-98.64388,97.09115,-97.72588,97.55015,98.26695,0,0,0,0,0,0,0,0]}},"EF/190_S1_magic1/magic_3nature2":{"EF/190_S1_magic1/magic_3nature2":{"type":"mesh","uvs":[1,1,0,1,0,0,1,0],"triangles":[1,2,3,1,3,0],"vertices":[150,-150,-150,-150,-150,150,150,150],"hull":4,"edges":[0,2,2,4,4,6,0,6],"width":300,"height":300}},"HITBOX":{"HITBOX":{"type":"boundingbox","vertices":[-49.78873,63.87295,-49.3297,-50.87697,54.40419,-49.95897,55.78118,63.87295,0,0,0,0,0,0,0,0]}},"MAIN":{"attack1_00":{"x":-9,"y":15,"width":300,"height":300},"attack1_01":{"x":-15,"y":15,"width":300,"height":300},"attack1_02":{"x":-15,"y":15,"width":300,"height":300},"attack1_03":{"x":-5,"y":15,"width":300,"height":300},"attack1_04":{"x":-5,"y":15,"width":300,"height":300},"attack1_05":{"x":-5,"y":15,"width":300,"height":300},"attack1_06":{"x":-5,"y":15,"width":300,"height":300},"damage_00":{"x":-15,"y":15,"width":300,"height":300},"front_00":{"x":-9,"y":15,"width":300,"height":300},"front_01":{"x":-9,"y":15,"width":300,"height":300},"front_02":{"x":-9,"y":15,"width":300,"height":300},"front_03":{"x":-9,"y":-10,"width":300,"height":300},"front_04":{"x":-9,"y":-15,"width":300,"height":300},"idle_00":{"x":-9,"y":15,"width":300,"height":300},"idle_01":{"x":-9,"y":15,"width":300,"height":300},"idle_02":{"x":-9,"y":15,"width":300,"height":300},"idle_03":{"x":-9,"y":15,"width":300,"height":300},"idle_04":{"x":-9,"y":15,"width":300,"height":300},"skill1_00":{"x":-20,"y":15,"width":300,"height":300},"skill1_01":{"x":-20,"y":15,"width":300,"height":300},"skill1_02":{"x":-20,"y":15,"width":300,"height":300},"skill1_03":{"x":-20,"y":15,"width":300,"height":300},"skill1_04":{"x":5,"y":15,"width":300,"height":300},"skill1_05":{"x":5,"y":15,"width":300,"height":300},"skill1_06":{"x":5,"y":15,"width":300,"height":300},"skill2_00":{"x":-13,"y":15,"width":300,"height":300},"skill2_01":{"x":-13,"y":15,"width":300,"height":300},"skill2_02":{"x":-13,"y":15,"width":300,"height":300},"skill2_03":{"x":-13,"y":15,"width":300,"height":300},"skill2_04":{"x":-13,"y":15,"width":300,"height":300},"skill2_05":{"x":-13,"y":15,"width":300,"height":300}}}},"events":{"Event":{},"Hit":{},"Sound1":{},"Sound2":{},"View":{},"Voice":{}},"animations":{"attack1":{"slots":{"DAMAGEAREA":{"attachment":[{"time":0.5666,"name":"DAMAGEAREA"},{"time":0.6666,"name":null}]},"MAIN":{"attachment":[{"time":0,"name":"attack1_00"},{"time":0.0666,"name":"attack1_01"},{"time":0.1333,"name":"attack1_02"},{"time":0.5666,"name":"attack1_03"},{"time":0.6,"name":"attack1_04"},{"time":0.6666,"name":"attack1_05"},{"time":0.7666,"name":"attack1_06"},{"time":1.2333,"name":"attack1_06"}]}},"bones":{"MAIN":{"translate":[{"time":0,"x":0,"y":0,"curve":"stepped"},{"time":0.0666,"x":6,"y":0,"curve":"stepped"},{"time":0.5666,"x":-4,"y":0}]},"DAMAGEAREA":{"translate":[{"time":0.5666,"x":-43.05,"y":35.72}],"scale":[{"time":0.5666,"x":0.821,"y":0.405}]}},"events":[{"time":0.5333,"name":"Event","float":0.08,"string":"kHitStopType_normal"},{"time":0.5666,"name":"Sound1","string":"setHitSound(se_battle_025_blow_hit)"},{"time":0.5666,"name":"Voice","string":"cri_008b_voice_attack_random"}]},"back":{"slots":{"MAIN":{"attachment":[{"time":0,"name":"front_00"},{"time":0.1,"name":"front_01"},{"time":0.3333,"name":"front_03"},{"time":0.4,"name":"front_04"},{"time":0.5333,"name":"front_00"},{"time":0.6666,"name":"idle_00"},{"time":0.8333,"name":"front_00"}]}},"bones":{"MAIN":{"translate":[{"time":0.3333,"x":40,"y":20,"curve":[0.264,0,0.617,0.42]},{"time":0.4,"x":84.86,"y":30,"curve":[0.351,0.4,0.756,1]},{"time":0.5333,"x":135,"y":0,"curve":[0.25,0,0.75,1]},{"time":0.6666,"x":140,"y":0}]}},"events":[{"time":0.3333,"name":"Sound1","string":"cri_se_battle_monster_jump"},{"time":0.5333,"name":"Sound1","string":"cri_se_battle_monster_landing"}]},"cast":{"slots":{"MAIN":{"attachment":[{"time":0,"name":"attack1_00"},{"time":0.0666,"name":"attack1_01"},{"time":0.1333,"name":"attack1_02"},{"time":0.5,"name":"attack1_03"},{"time":0.5333,"name":"attack1_04"},{"time":0.6,"name":"attack1_05"},{"time":0.7,"name":"attack1_06"},{"time":1,"name":"attack1_06"}]}},"bones":{"MAIN":{"translate":[{"time":0,"x":0,"y":0,"curve":"stepped"},{"time":0.0666,"x":6,"y":0,"curve":"stepped"},{"time":0.5,"x":-4,"y":0}]}},"events":[{"time":0.5,"name":"Voice","string":"cri_008b_voice_item"}]},"damage":{"slots":{"MAIN":{"attachment":[{"time":0,"name":"damage_00"}]}},"bones":{"MAIN":{"translate":[{"time":0,"x":6,"y":0}]}}},"front":{"slots":{"MAIN":{"attachment":[{"time":0,"name":"front_00"},{"time":0.1333,"name":"front_01"},{"time":0.2333,"name":"front_02"},{"time":0.5333,"name":"front_03"},{"time":0.6666,"name":"front_04"},{"time":0.8333,"name":"front_03"},{"time":0.9666,"name":"front_00"}]}},"bones":{"MAIN":{"translate":[{"time":0,"x":0,"y":0,"curve":"stepped"},{"time":0.5333,"x":-10,"y":20,"curve":[0.285,0.35,0.621,0.68]},{"time":0.6666,"x":-40,"y":35,"curve":[0.294,0.35,0.63,0.69]},{"time":0.8333,"x":-55,"y":25,"curve":[0.312,0.35,0.647,0.68]},{"time":0.9666,"x":-65,"y":0,"curve":[0.372,0.67,0.711,1]},{"time":1.0333,"x":-70,"y":0,"curve":"stepped"},{"time":1.3,"x":0,"y":0}]}}},"idle":{"slots":{"MAIN":{"attachment":[{"time":0,"name":"idle_00"},{"time":0.1666,"name":"idle_01"},{"time":0.3333,"name":"idle_02"},{"time":0.5,"name":"idle_03"},{"time":0.6666,"name":"idle_04"},{"time":0.8333,"name":"idle_00"}]}}},"skill1":{"slots":{"DAMAGEAREA":{"attachment":[{"time":0.6666,"name":"DAMAGEAREA"},{"time":1.1666,"name":null}]},"MAIN":{"attachment":[{"time":0,"name":"skill2_00"},{"time":0.1,"name":"skill2_01"},{"time":0.2,"name":"skill2_02"},{"time":0.5666,"name":"skill2_03"},{"time":0.6333,"name":"skill2_04"},{"time":0.7,"name":"skill2_05"}]}},"bones":{"DAMAGEAREA":{"translate":[{"time":0.6666,"x":-166.4,"y":135.3}],"scale":[{"time":0.6666,"x":1.5,"y":1.5}]}},"events":[{"time":0.0333,"name":"Event","string":"setHitEffect(hit04c,1,0.7,30)"},{"time":0.6,"name":"Event","float":0.03,"string":"kHitStopType_normal"},{"time":0.6,"name":"Voice","string":"cri_008b_voice_fullarts_now"},{"time":0.8,"name":"Hit","float":1.25,"string":"resetHitList"},{"time":0.8,"name":"Sound1","string":"cri_se_battle_thunder_small"},{"time":0.8,"name":"Sound2","string":"cri_se_battle_gun_burst"},{"time":0.9,"name":"Hit","float":1.5,"string":"resetHitList"},{"time":0.9,"name":"Sound1","string":"cri_se_battle_thunder_small"},{"time":0.9,"name":"Sound2","string":"cri_se_battle_gun_burst"},{"time":1,"name":"Hit","float":1.5,"string":"resetHitList"},{"time":1,"name":"Sound1","string":"cri_se_battle_thunder_small"},{"time":1,"name":"Sound2","string":"cri_se_battle_gun_burst"}]},"skill2":{"slots":{"DAMAGEAREA":{"attachment":[{"time":0.6666,"name":"DAMAGEAREA"},{"time":0.8,"name":null}]},"EF/190_S1_magic1/magic_3nature2":{"attachment":[{"time":0.1,"name":"EF/190_S1_magic1/magic_3nature2"}],"color":[{"time":0.1,"color":"ffffff00"},{"time":0.2333,"color":"ffffffff","curve":"stepped"},{"time":0.7333,"color":"ffffffff"},{"time":0.8666,"color":"ffffff00"}]},"MAIN":{"attachment":[{"time":0,"name":"skill1_00"},{"time":0.1,"name":"skill1_01"},{"time":0.1666,"name":"skill1_02"},{"time":0.2333,"name":"skill1_03"},{"time":0.3,"name":"skill1_02"},{"time":0.3666,"name":"skill1_03"},{"time":0.4333,"name":"skill1_02"},{"time":0.5,"name":"skill1_03"},{"time":0.5666,"name":"skill1_02"},{"time":0.6666,"name":"skill1_04"},{"time":0.7,"name":"skill1_05"},{"time":0.7333,"name":"skill1_06"},{"time":1.5,"name":"skill1_06"}]}},"bones":{"190_S1_magic1":{"translate":[{"time":0.1,"x":-900,"y":0}],"scale":[{"time":0.1,"x":0.496,"y":0.148},{"time":0.2333,"x":0.745,"y":0.223}]},"MAIN":{"translate":[{"time":0,"x":0,"y":0,"curve":"stepped"},{"time":0.6666,"x":-25,"y":0}]},"DAMAGEAREA":{"translate":[{"time":0.6666,"x":-160,"y":136}],"scale":[{"time":0.6666,"x":1,"y":1},{"time":0.7666,"x":1.72,"y":1.72}]}},"ffd":{"default":{"EF/190_S1_magic1/magic_3nature2":{"EF/190_S1_magic1/magic_3nature2":[{"time":0.2666,"offset":1,"vertices":[-0.13633]},{"time":0.8666,"vertices":[-15.70245,-14.24627,-14.10821,15.69334,15.69587,14.11257,14.11509,-15.69138]}]}}},"events":[{"time":0.0333,"name":"Event","string":"setHitEffect(hit04c,1,0.7,30)"},{"time":0.0666,"name":"Sound1","string":"cri_se_battle_magic_Invocation_dark"},{"time":0.1666,"name":"Sound1","string":"cri_se_battle_monster_swish"},{"time":0.2666,"name":"Sound1","string":"cri_se_battle_monster_swish"},{"time":0.3666,"name":"Sound1","string":"cri_se_battle_monster_swish"},{"time":0.4666,"name":"Sound1","string":"cri_se_battle_monster_swish"},{"time":0.5666,"name":"Sound1","string":"cri_se_battle_monster_swish"},{"time":0.6333,"name":"Event","float":0.15,"string":"kHitStopType_enemyonly"},{"time":0.6333,"name":"Sound1","string":"cri_se_battle_gun_burst"},{"time":0.6333,"name":"Sound2","string":"cri_se_battle_thunder_small"},{"time":0.6666,"name":"Sound1","string":"setHitSound(se_battle_thunder_small)"},{"time":0.6666,"name":"View","string":"shakeGround"},{"time":0.6666,"name":"Voice","string":"cri_008b_voice_skill_b"}]}}}