{"skeleton":{"hash":"TMQtpV76KHlmCZFcZid9AUBeD9c","spine":"3.0.12","width":0,"height":0},"bones":[{"name":"root","x":-240.25},{"name":"fire_dusty","parent":"root","x":578.45,"y":-168.15},{"name":"fire_dash","parent":"root","x":647.74,"y":-152.46,"scaleX":-1},{"name":"MAIN","parent":"root","x":240.25},{"name":"rock","parent":"MAIN","x":-264.56,"y":-215.69},{"name":"fire_wall","parent":"MAIN","x":-109.24,"y":-186.57},{"name":"fire_sphere4","parent":"MAIN","x":15.06,"y":-223.25,"scaleX":-1},{"name":"fire_sphere3","parent":"MAIN","x":15.06,"y":-201.98},{"name":"fire_sphere2","parent":"MAIN","x":15.06,"y":-184.83,"scaleX":-1},{"name":"fire_sphere","parent":"MAIN","x":15.06,"y":-167},{"name":"fire_roll2","parent":"MAIN","x":256.78,"y":-206.74},{"name":"fire_roll","parent":"MAIN","x":256.78,"y":-165.02},{"name":"big_rock2","parent":"MAIN","x":-313.81,"y":-269.23,"scaleX":-1},{"name":"big_rock","parent":"MAIN","x":-338.74,"y":-269.23},{"name":"slash_main","parent":"MAIN","x":-422.67,"y":-177.63},{"name":"slash_type","parent":"MAIN","x":-601.28,"y":-188.36}],"slots":[{"name":"fire_roll_main/ef_fire_roll_main_00001","bone":"fire_roll","blend":"additive"},{"name":"fire_roll_main/ef_fire_roll_main_1","bone":"fire_roll2","blend":"additive"},{"name":"fire_sphere_main/ef_fire_sphere_main_00001","bone":"fire_sphere","blend":"additive"},{"name":"fire_sphere_main/ef_fire_sphere_main_1","bone":"fire_sphere2","blend":"additive"},{"name":"fire_sphere_main/ef_fire_sphere_main_2","bone":"fire_sphere3","blend":"additive"},{"name":"fire_sphere_main/ef_fire_sphere_main_3","bone":"fire_sphere4","blend":"additive"},{"name":"fire_wall_main/ef_fire_wall_main_00001","bone":"fire_wall","blend":"additive"},{"name":"slash_main/ef_slash_main_00001","bone":"slash_main","blend":"additive"},{"name":"slash_main 3/ef_slash_main 3_00001","bone":"slash_type","blend":"additive"},{"name":"fire_dash/5120_S1_dash1_00000","bone":"fire_dash","blend":"additive"},{"name":"100_S1_dusty1/100_S1_dusty1_00002","bone":"fire_dusty","blend":"additive"},{"name":"rock_main/ef_rock_main_00003","bone":"rock"},{"name":"rock_big/690_S2_rock2_00003","bone":"big_rock"},{"name":"rock_big/690_S2_rock2_3","bone":"big_rock2"}],"skins":{"default":{"100_S1_dusty1/100_S1_dusty1_00002":{"100_S1_dusty1/100_S1_dusty1_00002":{"x":-4.27,"y":9.63,"width":300,"height":300},"100_S1_dusty1/100_S1_dusty1_00004":{"x":-4.27,"y":9.63,"width":300,"height":300},"100_S1_dusty1/100_S1_dusty1_00006":{"x":-4.27,"y":9.63,"width":300,"height":300},"100_S1_dusty1/100_S1_dusty1_00008":{"x":-4.27,"y":9.63,"width":300,"height":300},"100_S1_dusty1/100_S1_dusty1_00010":{"x":-4.27,"y":9.63,"width":300,"height":300},"100_S1_dusty1/100_S1_dusty1_00012":{"x":-4.27,"y":9.63,"width":300,"height":300}},"fire_dash/5120_S1_dash1_00000":{"fire_dash/5120_S1_dash1_00000":{"x":-2.16,"y":18.6,"width":300,"height":300},"fire_dash/5120_S1_dash1_00002":{"x":-2.16,"y":18.6,"width":300,"height":300},"fire_dash/5120_S1_dash1_00004":{"x":-2.16,"y":18.6,"width":300,"height":300},"fire_dash/5120_S1_dash1_00005":{"x":-2.16,"y":18.6,"width":300,"height":300},"fire_dash/5120_S1_dash1_00006":{"x":-2.16,"y":18.6,"width":300,"height":300},"fire_dash/5120_S1_dash1_00007":{"x":-2.21,"y":18.56,"width":300,"height":300},"fire_dash/5120_S1_dash1_00008":{"x":-2.16,"y":18.6,"width":300,"height":300},"fire_dash/5120_S1_dash1_00009":{"x":-2.21,"y":18.56,"width":300,"height":300}},"fire_roll_main/ef_fire_roll_main_00001":{"fire_roll_main/ef_fire_roll_main_00001":{"x":-10.05,"y":-1.56,"width":164,"height":164},"fire_roll_main/ef_fire_roll_main_00002":{"x":-10.05,"y":-1.56,"width":164,"height":164},"fire_roll_main/ef_fire_roll_main_00003":{"x":-10.05,"y":-1.56,"width":164,"height":164},"fire_roll_main/ef_fire_roll_main_00005":{"x":-10.05,"y":-1.56,"width":164,"height":164},"fire_roll_main/ef_fire_roll_main_00007":{"x":-10.05,"y":-1.56,"width":164,"height":164},"fire_roll_main/ef_fire_roll_main_00009":{"x":-10.05,"y":-1.56,"width":205,"height":205},"fire_roll_main/ef_fire_roll_main_00011":{"x":-10.05,"y":-1.56,"width":164,"height":164},"fire_roll_main/ef_fire_roll_main_00013":{"x":-10.05,"y":-1.56,"width":164,"height":164},"fire_roll_main/ef_fire_roll_main_00014":{"x":-10.05,"y":-1.56,"width":164,"height":164},"fire_roll_main/ef_fire_roll_main_00015":{"x":-10.05,"y":-1.56,"width":164,"height":164}},"fire_roll_main/ef_fire_roll_main_1":{"fire_roll_main/ef_fire_roll_main_00001":{"x":-10.05,"y":-1.56,"width":164,"height":164},"fire_roll_main/ef_fire_roll_main_00002":{"x":-10.05,"y":-1.56,"width":164,"height":164},"fire_roll_main/ef_fire_roll_main_00003":{"x":-10.05,"y":-1.56,"width":164,"height":164},"fire_roll_main/ef_fire_roll_main_00005":{"x":-10.05,"y":-1.56,"width":164,"height":164},"fire_roll_main/ef_fire_roll_main_00007":{"x":-10.05,"y":-1.56,"width":164,"height":164},"fire_roll_main/ef_fire_roll_main_00009":{"x":-10.05,"y":-1.56,"width":205,"height":205},"fire_roll_main/ef_fire_roll_main_00011":{"x":-10.05,"y":-1.56,"width":164,"height":164},"fire_roll_main/ef_fire_roll_main_00013":{"x":-10.05,"y":-1.56,"width":164,"height":164},"fire_roll_main/ef_fire_roll_main_00014":{"x":-10.05,"y":-1.56,"width":164,"height":164},"fire_roll_main/ef_fire_roll_main_00015":{"x":-10.05,"y":-1.56,"width":164,"height":164}},"fire_sphere_main/ef_fire_sphere_main_00001":{"fire_sphere_main/ef_fire_sphere_main_00001":{"x":2.72,"y":44.5,"width":115,"height":134},"fire_sphere_main/ef_fire_sphere_main_00003":{"x":2.72,"y":44.45,"width":115,"height":134},"fire_sphere_main/ef_fire_sphere_main_00005":{"x":2.72,"y":44.45,"width":115,"height":134},"fire_sphere_main/ef_fire_sphere_main_00007":{"x":2.72,"y":44.45,"width":115,"height":134},"fire_sphere_main/ef_fire_sphere_main_00009":{"x":2.72,"y":44.45,"width":115,"height":134},"fire_sphere_main/ef_fire_sphere_main_00010":{"x":2.72,"y":44.5,"width":115,"height":134}},"fire_sphere_main/ef_fire_sphere_main_1":{"fire_sphere_main/ef_fire_sphere_main_00001":{"x":2.72,"y":44.5,"width":115,"height":134},"fire_sphere_main/ef_fire_sphere_main_00003":{"x":2.72,"y":44.45,"width":115,"height":134},"fire_sphere_main/ef_fire_sphere_main_00005":{"x":2.72,"y":44.45,"width":115,"height":134},"fire_sphere_main/ef_fire_sphere_main_00007":{"x":2.72,"y":44.45,"width":115,"height":134},"fire_sphere_main/ef_fire_sphere_main_00009":{"x":2.72,"y":44.45,"width":115,"height":134},"fire_sphere_main/ef_fire_sphere_main_00010":{"x":2.72,"y":44.5,"width":115,"height":134}},"fire_sphere_main/ef_fire_sphere_main_2":{"fire_sphere_main/ef_fire_sphere_main_00001":{"x":2.72,"y":44.5,"width":115,"height":134},"fire_sphere_main/ef_fire_sphere_main_00003":{"x":2.72,"y":44.45,"width":115,"height":134},"fire_sphere_main/ef_fire_sphere_main_00005":{"x":2.72,"y":44.45,"width":115,"height":134},"fire_sphere_main/ef_fire_sphere_main_00007":{"x":2.72,"y":44.45,"width":115,"height":134},"fire_sphere_main/ef_fire_sphere_main_00009":{"x":2.72,"y":44.45,"width":115,"height":134},"fire_sphere_main/ef_fire_sphere_main_00010":{"x":2.72,"y":44.5,"width":115,"height":134}},"fire_sphere_main/ef_fire_sphere_main_3":{"fire_sphere_main/ef_fire_sphere_main_00001":{"x":2.72,"y":44.5,"width":115,"height":134},"fire_sphere_main/ef_fire_sphere_main_00003":{"x":2.72,"y":44.45,"width":115,"height":134},"fire_sphere_main/ef_fire_sphere_main_00005":{"x":2.72,"y":44.45,"width":115,"height":134},"fire_sphere_main/ef_fire_sphere_main_00007":{"x":2.72,"y":44.45,"width":115,"height":134},"fire_sphere_main/ef_fire_sphere_main_00009":{"x":2.72,"y":44.45,"width":115,"height":134},"fire_sphere_main/ef_fire_sphere_main_00010":{"x":2.72,"y":44.5,"width":115,"height":134}},"fire_wall_main/ef_fire_wall_main_00001":{"fire_wall_main/ef_fire_wall_main_00001":{"x":-0.14,"y":62.98,"width":169,"height":218},"fire_wall_main/ef_fire_wall_main_00002":{"x":-0.14,"y":62.98,"width":169,"height":218},"fire_wall_main/ef_fire_wall_main_00004":{"x":-0.14,"y":62.98,"width":169,"height":218},"fire_wall_main/ef_fire_wall_main_00006":{"x":-0.14,"y":62.98,"width":169,"height":218},"fire_wall_main/ef_fire_wall_main_00008":{"x":-0.14,"y":62.98,"width":169,"height":218},"fire_wall_main/ef_fire_wall_main_00010":{"x":-0.14,"y":62.98,"width":169,"height":218},"fire_wall_main/ef_fire_wall_main_00012":{"x":-0.14,"y":62.98,"width":169,"height":218},"fire_wall_main/ef_fire_wall_main_00014":{"x":-0.14,"y":62.98,"width":169,"height":218},"fire_wall_main/ef_fire_wall_main_00016":{"x":-0.14,"y":62.98,"width":169,"height":218},"fire_wall_main/ef_fire_wall_main_00018":{"x":-0.14,"y":62.98,"width":169,"height":218},"fire_wall_main/ef_fire_wall_main_00020":{"x":-0.14,"y":62.98,"width":169,"height":218},"fire_wall_main/ef_fire_wall_main_00022":{"x":-0.14,"y":62.98,"width":169,"height":218}},"rock_big/690_S2_rock2_00003":{"rock_big/690_S2_rock2_00003":{"x":-16.35,"y":58.85,"width":240,"height":240},"rock_big/690_S2_rock2_00006":{"x":-16.35,"y":58.85,"width":240,"height":240}},"rock_big/690_S2_rock2_3":{"rock_big/690_S2_rock2_00003":{"x":-16.35,"y":58.85,"width":240,"height":240},"rock_big/690_S2_rock2_00006":{"x":-16.35,"y":58.85,"width":240,"height":240}},"rock_main/ef_rock_main_00003":{"rock_main/ef_rock_main_00003":{"x":4.95,"y":95.64,"width":192,"height":154},"rock_main/ef_rock_main_00005":{"x":4.95,"y":95.64,"width":192,"height":154},"rock_main/ef_rock_main_00007":{"x":4.95,"y":95.64,"width":192,"height":154},"rock_main/ef_rock_main_00008":{"x":4.95,"y":95.64,"width":240,"height":192},"rock_main/ef_rock_main_00010":{"x":4.95,"y":95.64,"width":240,"height":192},"rock_main/ef_rock_main_00012":{"x":4.95,"y":95.64,"width":240,"height":192},"rock_main/ef_rock_main_00014":{"x":4.95,"y":95.64,"width":240,"height":192},"rock_main/ef_rock_main_00016":{"x":4.95,"y":95.64,"width":192,"height":154}},"slash_main 3/ef_slash_main 3_00001":{"slash_main 3/ef_slash_main 3_00001":{"x":46.91,"y":63.43,"width":192,"height":192},"slash_main 3/ef_slash_main 3_00002":{"x":46.91,"y":63.43,"width":192,"height":192},"slash_main 3/ef_slash_main 3_00003":{"x":46.91,"y":63.43,"width":192,"height":192},"slash_main 3/ef_slash_main 3_00004":{"x":46.91,"y":63.43,"width":192,"height":192},"slash_main 3/ef_slash_main 3_00005":{"x":46.91,"y":63.43,"width":192,"height":192}},"slash_main/ef_slash_main_00001":{"slash_main/ef_slash_main_00001":{"x":46.91,"y":37.08,"width":192,"height":192},"slash_main/ef_slash_main_00002":{"x":46.91,"y":37.08,"width":192,"height":192},"slash_main/ef_slash_main_00003":{"x":46.91,"y":37.08,"width":192,"height":192},"slash_main/ef_slash_main_00004":{"x":46.91,"y":37.08,"width":192,"height":192},"slash_main/ef_slash_main_00005":{"x":46.91,"y":37.08,"width":192,"height":192},"slash_main/ef_slash_main_00006":{"x":46.91,"y":37.08,"width":192,"height":192},"slash_main/ef_slash_main_00007":{"x":46.91,"y":37.08,"width":192,"height":192}}}},"animations":{"1-attack1":{},"1-skill1":{"slots":{"100_S1_dusty1/100_S1_dusty1_00002":{"attachment":[{"time":1.7,"name":"100_S1_dusty1/100_S1_dusty1_00002"},{"time":1.7666,"name":"100_S1_dusty1/100_S1_dusty1_00004"},{"time":1.8333,"name":"100_S1_dusty1/100_S1_dusty1_00006"},{"time":1.9,"name":"100_S1_dusty1/100_S1_dusty1_00008"},{"time":1.9666,"name":"100_S1_dusty1/100_S1_dusty1_00010"},{"time":2.0333,"name":"100_S1_dusty1/100_S1_dusty1_00012"},{"time":2.1666,"name":null}],"color":[{"time":2,"color":"ffffffff"},{"time":2.1666,"color":"ffffff00"}]},"fire_sphere_main/ef_fire_sphere_main_00001":{"attachment":[{"time":0,"name":"fire_sphere_main/ef_fire_sphere_main_00001"},{"time":0.4,"name":"fire_sphere_main/ef_fire_sphere_main_00001"},{"time":0.4666,"name":"fire_sphere_main/ef_fire_sphere_main_00001"},{"time":0.5333,"name":"fire_sphere_main/ef_fire_sphere_main_00003"},{"time":0.6,"name":"fire_sphere_main/ef_fire_sphere_main_00005"},{"time":0.6666,"name":"fire_sphere_main/ef_fire_sphere_main_00007"},{"time":0.7333,"name":"fire_sphere_main/ef_fire_sphere_main_00009"},{"time":0.7666,"name":"fire_sphere_main/ef_fire_sphere_main_00010"},{"time":0.8,"name":null}]},"fire_sphere_main/ef_fire_sphere_main_1":{"attachment":[{"time":0.4666,"name":"fire_sphere_main/ef_fire_sphere_main_00001"},{"time":0.5333,"name":"fire_sphere_main/ef_fire_sphere_main_00001"},{"time":0.6,"name":"fire_sphere_main/ef_fire_sphere_main_00003"},{"time":0.6666,"name":"fire_sphere_main/ef_fire_sphere_main_00005"},{"time":0.7333,"name":"fire_sphere_main/ef_fire_sphere_main_00007"},{"time":0.8,"name":"fire_sphere_main/ef_fire_sphere_main_00009"},{"time":0.8333,"name":"fire_sphere_main/ef_fire_sphere_main_00010"},{"time":0.8666,"name":null}]},"fire_wall_main/ef_fire_wall_main_00001":{"attachment":[{"time":1.6333,"name":"fire_wall_main/ef_fire_wall_main_00001"},{"time":1.6666,"name":"fire_wall_main/ef_fire_wall_main_00002"},{"time":1.7333,"name":"fire_wall_main/ef_fire_wall_main_00004"},{"time":1.8,"name":"fire_wall_main/ef_fire_wall_main_00006"},{"time":1.8666,"name":"fire_wall_main/ef_fire_wall_main_00008"},{"time":1.9333,"name":"fire_wall_main/ef_fire_wall_main_00010"},{"time":2,"name":"fire_wall_main/ef_fire_wall_main_00012"},{"time":2.0333,"name":"fire_wall_main/ef_fire_wall_main_00014"},{"time":2.0666,"name":"fire_wall_main/ef_fire_wall_main_00016"},{"time":2.1,"name":"fire_wall_main/ef_fire_wall_main_00018"},{"time":2.1333,"name":"fire_wall_main/ef_fire_wall_main_00020"},{"time":2.1666,"name":"fire_wall_main/ef_fire_wall_main_00022"},{"time":2.2,"name":null}]},"rock_main/ef_rock_main_00003":{"attachment":[{"time":1.6333,"name":"rock_main/ef_rock_main_00003"},{"time":1.7,"name":"rock_main/ef_rock_main_00005"},{"time":1.7666,"name":"rock_main/ef_rock_main_00007"},{"time":1.8,"name":"rock_main/ef_rock_main_00008"},{"time":1.8666,"name":"rock_main/ef_rock_main_00010"},{"time":1.9333,"name":"rock_main/ef_rock_main_00012"},{"time":2,"name":"rock_main/ef_rock_main_00014"},{"time":2.0666,"name":"rock_main/ef_rock_main_00016"},{"time":2.1333,"name":null}]},"slash_main/ef_slash_main_00001":{"attachment":[{"time":1.6,"name":"slash_main/ef_slash_main_00001"},{"time":1.6333,"name":"slash_main/ef_slash_main_00002"},{"time":1.6666,"name":"slash_main/ef_slash_main_00003"},{"time":1.7,"name":"slash_main/ef_slash_main_00004"},{"time":1.7333,"name":"slash_main/ef_slash_main_00005"},{"time":1.7666,"name":"slash_main/ef_slash_main_00006"},{"time":1.8,"name":"slash_main/ef_slash_main_00007"},{"time":1.8333,"name":null}]}},"bones":{"fire_wall":{"translate":[{"time":1.6333,"x":-151.67,"y":191.4}],"scale":[{"time":1.6333,"x":2.643,"y":3.373}]},"rock":{"translate":[{"time":1.6333,"x":28.95,"y":142.69}],"scale":[{"time":1.6333,"x":1.694,"y":1.694,"curve":"stepped"},{"time":2.0666,"x":1.694,"y":1.694},{"time":2.1333,"x":2.245,"y":1.665}]},"slash_main":{"translate":[{"time":1.6,"x":139.38,"y":198.96}],"scale":[{"time":1.6,"x":2.876,"y":2.876}]},"fire_dusty":{"translate":[{"time":1.7,"x":-576.68,"y":127.13}],"scale":[{"time":1.7,"x":1.304,"y":1.304},{"time":2.1666,"x":1.862,"y":1.862}]},"fire_sphere":{"rotate":[{"time":0,"angle":14.39,"curve":"stepped"},{"time":0.4,"angle":14.39}],"translate":[{"time":0,"x":-61.35,"y":160.64,"curve":"stepped"},{"time":0.4,"x":-61.35,"y":160.64}],"scale":[{"time":0.4,"x":1,"y":1},{"time":0.4666,"x":1.533,"y":1.244}]},"fire_sphere2":{"rotate":[{"time":0.4666,"angle":-29.76}],"translate":[{"time":0.4666,"x":24.82,"y":170.41}],"scale":[{"time":0.4666,"x":1,"y":1},{"time":0.5333,"x":2.227,"y":1.509}]}}},"1-skill2":{"slots":{"100_S1_dusty1/100_S1_dusty1_00002":{"attachment":[{"time":2.8333,"name":"100_S1_dusty1/100_S1_dusty1_00002"},{"time":2.9,"name":"100_S1_dusty1/100_S1_dusty1_00004"},{"time":2.9666,"name":"100_S1_dusty1/100_S1_dusty1_00006"},{"time":3.0333,"name":"100_S1_dusty1/100_S1_dusty1_00008"},{"time":3.1,"name":"100_S1_dusty1/100_S1_dusty1_00010"},{"time":3.1666,"name":"100_S1_dusty1/100_S1_dusty1_00012"},{"time":3.3,"name":null}],"color":[{"time":3.1333,"color":"ffffffff"},{"time":3.3,"color":"ffffff00"}]},"fire_dash/5120_S1_dash1_00000":{"attachment":[{"time":1.7666,"name":"fire_dash/5120_S1_dash1_00000"},{"time":1.8333,"name":"fire_dash/5120_S1_dash1_00002"},{"time":1.8666,"name":"fire_dash/5120_S1_dash1_00004"},{"time":1.9,"name":"fire_dash/5120_S1_dash1_00005"},{"time":1.9333,"name":"fire_dash/5120_S1_dash1_00006"},{"time":2,"name":"fire_dash/5120_S1_dash1_00007"},{"time":2.0666,"name":"fire_dash/5120_S1_dash1_00008"},{"time":2.1333,"name":"fire_dash/5120_S1_dash1_00009"},{"time":2.2,"name":null}],"color":[{"time":2,"color":"ffffffff"},{"time":2.2,"color":"ffffff20"}]},"fire_roll_main/ef_fire_roll_main_00001":{"attachment":[{"time":2.5333,"name":"fire_roll_main/ef_fire_roll_main_00001"},{"time":2.5666,"name":"fire_roll_main/ef_fire_roll_main_00002"},{"time":2.6,"name":"fire_roll_main/ef_fire_roll_main_00003"},{"time":2.6666,"name":"fire_roll_main/ef_fire_roll_main_00005"},{"time":2.7333,"name":"fire_roll_main/ef_fire_roll_main_00007"},{"time":2.7666,"name":"fire_roll_main/ef_fire_roll_main_00009"},{"time":2.8333,"name":"fire_roll_main/ef_fire_roll_main_00011"},{"time":2.9,"name":"fire_roll_main/ef_fire_roll_main_00013"},{"time":2.9333,"name":"fire_roll_main/ef_fire_roll_main_00014"},{"time":2.9666,"name":"fire_roll_main/ef_fire_roll_main_00015"},{"time":3,"name":null}]},"fire_roll_main/ef_fire_roll_main_1":{"attachment":[{"time":2.5333,"name":"fire_roll_main/ef_fire_roll_main_00001"},{"time":2.5666,"name":"fire_roll_main/ef_fire_roll_main_00002"},{"time":2.6,"name":"fire_roll_main/ef_fire_roll_main_00003"},{"time":2.6666,"name":"fire_roll_main/ef_fire_roll_main_00005"},{"time":2.7333,"name":"fire_roll_main/ef_fire_roll_main_00007"},{"time":2.7666,"name":"fire_roll_main/ef_fire_roll_main_00009"},{"time":2.8333,"name":"fire_roll_main/ef_fire_roll_main_00011"},{"time":2.9,"name":"fire_roll_main/ef_fire_roll_main_00013"},{"time":2.9333,"name":"fire_roll_main/ef_fire_roll_main_00014"},{"time":2.9666,"name":"fire_roll_main/ef_fire_roll_main_00015"},{"time":3,"name":null}]},"fire_wall_main/ef_fire_wall_main_00001":{"attachment":[{"time":2.7666,"name":"fire_wall_main/ef_fire_wall_main_00001"},{"time":2.8,"name":"fire_wall_main/ef_fire_wall_main_00002"},{"time":2.8333,"name":"fire_wall_main/ef_fire_wall_main_00004"},{"time":2.8666,"name":"fire_wall_main/ef_fire_wall_main_00006"},{"time":2.9,"name":"fire_wall_main/ef_fire_wall_main_00008"},{"time":2.9333,"name":"fire_wall_main/ef_fire_wall_main_00010"},{"time":2.9666,"name":"fire_wall_main/ef_fire_wall_main_00012"},{"time":3,"name":"fire_wall_main/ef_fire_wall_main_00014"},{"time":3.0333,"name":"fire_wall_main/ef_fire_wall_main_00016"},{"time":3.0666,"name":"fire_wall_main/ef_fire_wall_main_00018"},{"time":3.1,"name":"fire_wall_main/ef_fire_wall_main_00020"},{"time":3.1333,"name":"fire_wall_main/ef_fire_wall_main_00022"},{"time":3.1666,"name":null}]},"rock_big/690_S2_rock2_00003":{"attachment":[{"time":2.8333,"name":"rock_big/690_S2_rock2_00003"},{"time":2.9,"name":"rock_big/690_S2_rock2_00006"},{"time":2.9666,"name":null}]},"slash_main 3/ef_slash_main 3_00001":{"attachment":[{"time":1.0333,"name":"slash_main 3/ef_slash_main 3_00001"},{"time":1.0666,"name":"slash_main 3/ef_slash_main 3_00002"},{"time":1.1,"name":"slash_main 3/ef_slash_main 3_00003"},{"time":1.1333,"name":"slash_main 3/ef_slash_main 3_00004"},{"time":1.1666,"name":"slash_main 3/ef_slash_main 3_00005"},{"time":1.2,"name":null}]},"slash_main/ef_slash_main_00001":{"attachment":[{"time":0.6333,"name":"slash_main/ef_slash_main_00001"},{"time":0.6666,"name":"slash_main/ef_slash_main_00002"},{"time":0.7,"name":"slash_main/ef_slash_main_00003"},{"time":0.7333,"name":"slash_main/ef_slash_main_00004"},{"time":0.7666,"name":"slash_main/ef_slash_main_00005"},{"time":0.8,"name":"slash_main/ef_slash_main_00006"},{"time":0.8333,"name":"slash_main/ef_slash_main_00007"},{"time":0.8666,"name":null}]}},"bones":{"fire_roll":{"translate":[{"time":2.5333,"x":-501.45,"y":648.33,"curve":[0.315,0.18,0.55,0.99]},{"time":2.6666,"x":-533.86,"y":441.52},{"time":2.7666,"x":-603.81,"y":246.7}],"scale":[{"time":2.5333,"x":1.5,"y":1.5},{"time":2.6333,"x":2.274,"y":2.274,"curve":"stepped"},{"time":2.9,"x":2.274,"y":2.274},{"time":3,"x":1,"y":1}]},"fire_roll2":{"rotate":[{"time":2.5333,"angle":33.38}],"translate":[{"time":2.5333,"x":-501.39,"y":690.07,"curve":[0.315,0.18,0.55,0.99]},{"time":2.6666,"x":-534.14,"y":483.17},{"time":2.7666,"x":-591.12,"y":305.2}],"scale":[{"time":2.5333,"x":1.5,"y":1.5},{"time":2.6333,"x":3,"y":3,"curve":"stepped"},{"time":2.9,"x":3,"y":3},{"time":3,"x":1,"y":1}]},"slash_type":{"translate":[{"time":1.0333,"x":383.03,"y":205.35}],"scale":[{"time":1.0333,"x":2.94,"y":2.94}]},"slash_main":{"translate":[{"time":0.6333,"x":223.44,"y":224.5}],"scale":[{"time":0.6333,"x":2.387,"y":2.34}]},"fire_dash":{"translate":[{"time":1.7666,"x":-530.25,"y":157.62}],"scale":[{"time":1.7666,"x":1.61,"y":1.61},{"time":1.8333,"x":3.544,"y":3.544},{"time":2,"x":3.903,"y":3.903}]},"fire_wall":{"rotate":[{"time":2.7666,"angle":-2.31}],"translate":[{"time":2.7666,"x":-288.61,"y":181.19}],"scale":[{"time":2.7666,"x":4.107,"y":2.363},{"time":3.1666,"x":3.929,"y":4.338}]},"big_rock":{"translate":[{"time":2.8333,"x":-10.25,"y":313.99}],"scale":[{"time":2.8333,"x":1.976,"y":1.976},{"time":2.9666,"x":2.883,"y":2.5}]},"fire_dusty":{"translate":[{"time":2.8333,"x":-703.45,"y":139.69}],"scale":[{"time":2.8333,"x":2.392,"y":2.392},{"time":3.3,"x":2.894,"y":2.894}]}}},"1_buff":{"slots":{"fire_sphere_main/ef_fire_sphere_main_00001":{"attachment":[{"time":0,"name":"fire_sphere_main/ef_fire_sphere_main_00001"},{"time":0.0666,"name":"fire_sphere_main/ef_fire_sphere_main_00003"},{"time":0.1333,"name":"fire_sphere_main/ef_fire_sphere_main_00005"},{"time":0.2,"name":"fire_sphere_main/ef_fire_sphere_main_00007"},{"time":0.2666,"name":"fire_sphere_main/ef_fire_sphere_main_00009"},{"time":0.3,"name":"fire_sphere_main/ef_fire_sphere_main_00010"},{"time":0.3333,"name":null},{"time":0.5,"name":"fire_sphere_main/ef_fire_sphere_main_00001"},{"time":0.5666,"name":"fire_sphere_main/ef_fire_sphere_main_00001"}]},"fire_sphere_main/ef_fire_sphere_main_1":{"attachment":[{"time":0.0666,"name":"fire_sphere_main/ef_fire_sphere_main_00001"},{"time":0.1333,"name":"fire_sphere_main/ef_fire_sphere_main_00001"},{"time":0.2,"name":"fire_sphere_main/ef_fire_sphere_main_00003"},{"time":0.2666,"name":"fire_sphere_main/ef_fire_sphere_main_00005"},{"time":0.3333,"name":"fire_sphere_main/ef_fire_sphere_main_00007"},{"time":0.4,"name":"fire_sphere_main/ef_fire_sphere_main_00009"},{"time":0.4333,"name":"fire_sphere_main/ef_fire_sphere_main_00010"},{"time":0.4666,"name":null}]},"fire_sphere_main/ef_fire_sphere_main_2":{"attachment":[{"time":0.1666,"name":"fire_sphere_main/ef_fire_sphere_main_00001"},{"time":0.2333,"name":"fire_sphere_main/ef_fire_sphere_main_00001"},{"time":0.3,"name":"fire_sphere_main/ef_fire_sphere_main_00003"},{"time":0.3666,"name":"fire_sphere_main/ef_fire_sphere_main_00005"},{"time":0.4333,"name":"fire_sphere_main/ef_fire_sphere_main_00007"},{"time":0.5,"name":"fire_sphere_main/ef_fire_sphere_main_00009"},{"time":0.5333,"name":"fire_sphere_main/ef_fire_sphere_main_00010"},{"time":0.5666,"name":null}]},"fire_sphere_main/ef_fire_sphere_main_3":{"attachment":[{"time":0.1,"name":"fire_sphere_main/ef_fire_sphere_main_00001"},{"time":0.1666,"name":"fire_sphere_main/ef_fire_sphere_main_00001"},{"time":0.2333,"name":"fire_sphere_main/ef_fire_sphere_main_00003"},{"time":0.3,"name":"fire_sphere_main/ef_fire_sphere_main_00005"},{"time":0.3666,"name":"fire_sphere_main/ef_fire_sphere_main_00007"},{"time":0.4333,"name":"fire_sphere_main/ef_fire_sphere_main_00009"},{"time":0.4666,"name":"fire_sphere_main/ef_fire_sphere_main_00010"},{"time":0.5,"name":null}]}},"bones":{"fire_sphere":{"translate":[{"time":0,"x":-79.17,"y":148.73}],"scale":[{"time":0,"x":1.971,"y":1.971,"curve":"stepped"},{"time":0.5,"x":1,"y":1},{"time":0.5666,"x":1.971,"y":1.971}]},"fire_sphere2":{"translate":[{"time":0.0666,"x":56.54,"y":171.94}],"scale":[{"time":0.0666,"x":1,"y":1},{"time":0.1333,"x":2.301,"y":2.306}]},"fire_sphere3":{"translate":[{"time":0.1666,"x":-51.33,"y":322.41}],"scale":[{"time":0.1666,"x":0.692,"y":0.692},{"time":0.2333,"x":1.031,"y":1.031}]},"fire_sphere4":{"translate":[{"time":0.1,"x":10.97,"y":345.38}],"scale":[{"time":0.1,"x":0.803,"y":0.795},{"time":0.1666,"x":1.212,"y":1.224}]}}},"2-attack1":{},"2-skill1":{"slots":{"100_S1_dusty1/100_S1_dusty1_00002":{"attachment":[{"time":1.7,"name":"100_S1_dusty1/100_S1_dusty1_00002"},{"time":1.7666,"name":"100_S1_dusty1/100_S1_dusty1_00004"},{"time":1.8333,"name":"100_S1_dusty1/100_S1_dusty1_00006"},{"time":1.9,"name":"100_S1_dusty1/100_S1_dusty1_00008"},{"time":1.9666,"name":"100_S1_dusty1/100_S1_dusty1_00010"},{"time":2.0333,"name":"100_S1_dusty1/100_S1_dusty1_00012"},{"time":2.1666,"name":null}],"color":[{"time":2,"color":"ffffffff"},{"time":2.1666,"color":"ffffff00"}]},"fire_sphere_main/ef_fire_sphere_main_00001":{"attachment":[{"time":0.4,"name":"fire_sphere_main/ef_fire_sphere_main_00001"},{"time":0.4666,"name":"fire_sphere_main/ef_fire_sphere_main_00001"},{"time":0.5333,"name":"fire_sphere_main/ef_fire_sphere_main_00003"},{"time":0.6,"name":"fire_sphere_main/ef_fire_sphere_main_00005"},{"time":0.6666,"name":"fire_sphere_main/ef_fire_sphere_main_00007"},{"time":0.7333,"name":"fire_sphere_main/ef_fire_sphere_main_00009"},{"time":0.7666,"name":"fire_sphere_main/ef_fire_sphere_main_00010"},{"time":0.8,"name":null}]},"fire_sphere_main/ef_fire_sphere_main_1":{"attachment":[{"time":0.4666,"name":"fire_sphere_main/ef_fire_sphere_main_00001"},{"time":0.5333,"name":"fire_sphere_main/ef_fire_sphere_main_00001"},{"time":0.6,"name":"fire_sphere_main/ef_fire_sphere_main_00003"},{"time":0.6666,"name":"fire_sphere_main/ef_fire_sphere_main_00005"},{"time":0.7333,"name":"fire_sphere_main/ef_fire_sphere_main_00007"},{"time":0.8,"name":"fire_sphere_main/ef_fire_sphere_main_00009"},{"time":0.8333,"name":"fire_sphere_main/ef_fire_sphere_main_00010"},{"time":0.8666,"name":null}]},"fire_wall_main/ef_fire_wall_main_00001":{"attachment":[{"time":1.6333,"name":"fire_wall_main/ef_fire_wall_main_00001"},{"time":1.6666,"name":"fire_wall_main/ef_fire_wall_main_00002"},{"time":1.7333,"name":"fire_wall_main/ef_fire_wall_main_00004"},{"time":1.8,"name":"fire_wall_main/ef_fire_wall_main_00006"},{"time":1.8666,"name":"fire_wall_main/ef_fire_wall_main_00008"},{"time":1.9333,"name":"fire_wall_main/ef_fire_wall_main_00010"},{"time":2,"name":"fire_wall_main/ef_fire_wall_main_00012"},{"time":2.0333,"name":"fire_wall_main/ef_fire_wall_main_00014"},{"time":2.0666,"name":"fire_wall_main/ef_fire_wall_main_00016"},{"time":2.1,"name":"fire_wall_main/ef_fire_wall_main_00018"},{"time":2.1333,"name":"fire_wall_main/ef_fire_wall_main_00020"},{"time":2.1666,"name":"fire_wall_main/ef_fire_wall_main_00022"},{"time":2.2,"name":null}]},"rock_main/ef_rock_main_00003":{"attachment":[{"time":1.6333,"name":"rock_main/ef_rock_main_00003"},{"time":1.7,"name":"rock_main/ef_rock_main_00005"},{"time":1.7666,"name":"rock_main/ef_rock_main_00007"},{"time":1.8,"name":"rock_main/ef_rock_main_00008"},{"time":1.8666,"name":"rock_main/ef_rock_main_00010"},{"time":1.9333,"name":"rock_main/ef_rock_main_00012"},{"time":2,"name":"rock_main/ef_rock_main_00014"},{"time":2.0666,"name":"rock_main/ef_rock_main_00016"},{"time":2.1333,"name":null}]},"slash_main/ef_slash_main_00001":{"attachment":[{"time":1.6,"name":"slash_main/ef_slash_main_00001"},{"time":1.6333,"name":"slash_main/ef_slash_main_00002"},{"time":1.6666,"name":"slash_main/ef_slash_main_00003"},{"time":1.7,"name":"slash_main/ef_slash_main_00004"},{"time":1.7333,"name":"slash_main/ef_slash_main_00005"},{"time":1.7666,"name":"slash_main/ef_slash_main_00006"},{"time":1.8,"name":"slash_main/ef_slash_main_00007"},{"time":1.8333,"name":null}]}},"bones":{"fire_wall":{"translate":[{"time":1.6333,"x":-151.67,"y":191.4}],"scale":[{"time":1.6333,"x":3.74,"y":3.511}]},"rock":{"translate":[{"time":1.6333,"x":28.95,"y":142.69}],"scale":[{"time":1.6333,"x":2.138,"y":2.138,"curve":"stepped"},{"time":2.0666,"x":2.138,"y":2.138},{"time":2.1333,"x":2.734,"y":1.665}]},"slash_main":{"translate":[{"time":1.6,"x":125.85,"y":204.91}],"scale":[{"time":1.6,"x":3.238,"y":3.238}]},"fire_dusty":{"translate":[{"time":1.7,"x":-576.68,"y":127.13}],"scale":[{"time":1.7,"x":2.248,"y":2.248},{"time":2.1666,"x":2.504,"y":2.504}]},"fire_sphere":{"rotate":[{"time":0.4,"angle":14.39}],"translate":[{"time":0.4,"x":-61.35,"y":160.64}],"scale":[{"time":0.4,"x":1,"y":1},{"time":0.4666,"x":1.766,"y":1.433}]},"fire_sphere2":{"rotate":[{"time":0.4666,"angle":-29.76}],"translate":[{"time":0.4666,"x":24.82,"y":170.41}],"scale":[{"time":0.4666,"x":1,"y":1},{"time":0.5333,"x":1.971,"y":1.734}]}}},"2-skill2":{"slots":{"100_S1_dusty1/100_S1_dusty1_00002":{"attachment":[{"time":2.8333,"name":"100_S1_dusty1/100_S1_dusty1_00002"},{"time":2.9,"name":"100_S1_dusty1/100_S1_dusty1_00004"},{"time":2.9666,"name":"100_S1_dusty1/100_S1_dusty1_00006"},{"time":3.0333,"name":"100_S1_dusty1/100_S1_dusty1_00008"},{"time":3.1,"name":"100_S1_dusty1/100_S1_dusty1_00010"},{"time":3.1666,"name":"100_S1_dusty1/100_S1_dusty1_00012"},{"time":3.3,"name":null}],"color":[{"time":3.1333,"color":"ffffffff"},{"time":3.3,"color":"ffffff00"}]},"fire_dash/5120_S1_dash1_00000":{"attachment":[{"time":1.7666,"name":"fire_dash/5120_S1_dash1_00000"},{"time":1.8333,"name":"fire_dash/5120_S1_dash1_00002"},{"time":1.8666,"name":"fire_dash/5120_S1_dash1_00004"},{"time":1.9,"name":"fire_dash/5120_S1_dash1_00005"},{"time":1.9333,"name":"fire_dash/5120_S1_dash1_00006"},{"time":2,"name":"fire_dash/5120_S1_dash1_00007"},{"time":2.0666,"name":"fire_dash/5120_S1_dash1_00008"},{"time":2.1333,"name":"fire_dash/5120_S1_dash1_00009"},{"time":2.2,"name":null}],"color":[{"time":2,"color":"ffffffff"},{"time":2.2,"color":"ffffff20"}]},"fire_roll_main/ef_fire_roll_main_00001":{"attachment":[{"time":2.5333,"name":"fire_roll_main/ef_fire_roll_main_00001"},{"time":2.5666,"name":"fire_roll_main/ef_fire_roll_main_00002"},{"time":2.6,"name":"fire_roll_main/ef_fire_roll_main_00003"},{"time":2.6666,"name":"fire_roll_main/ef_fire_roll_main_00005"},{"time":2.7333,"name":"fire_roll_main/ef_fire_roll_main_00007"},{"time":2.7666,"name":"fire_roll_main/ef_fire_roll_main_00009"},{"time":2.8333,"name":"fire_roll_main/ef_fire_roll_main_00011"},{"time":2.9,"name":"fire_roll_main/ef_fire_roll_main_00013"},{"time":2.9333,"name":"fire_roll_main/ef_fire_roll_main_00014"},{"time":2.9666,"name":"fire_roll_main/ef_fire_roll_main_00015"},{"time":3,"name":null}]},"fire_roll_main/ef_fire_roll_main_1":{"attachment":[{"time":2.5333,"name":"fire_roll_main/ef_fire_roll_main_00001"},{"time":2.5666,"name":"fire_roll_main/ef_fire_roll_main_00002"},{"time":2.6,"name":"fire_roll_main/ef_fire_roll_main_00003"},{"time":2.6666,"name":"fire_roll_main/ef_fire_roll_main_00005"},{"time":2.7333,"name":"fire_roll_main/ef_fire_roll_main_00007"},{"time":2.7666,"name":"fire_roll_main/ef_fire_roll_main_00009"},{"time":2.8333,"name":"fire_roll_main/ef_fire_roll_main_00011"},{"time":2.9,"name":"fire_roll_main/ef_fire_roll_main_00013"},{"time":2.9333,"name":"fire_roll_main/ef_fire_roll_main_00014"},{"time":2.9666,"name":"fire_roll_main/ef_fire_roll_main_00015"},{"time":3,"name":null}]},"fire_sphere_main/ef_fire_sphere_main_1":{"attachment":[{"time":2.9,"name":"fire_sphere_main/ef_fire_sphere_main_00001"},{"time":2.9333,"name":"fire_sphere_main/ef_fire_sphere_main_00003"},{"time":3,"name":"fire_sphere_main/ef_fire_sphere_main_00005"},{"time":3.0333,"name":"fire_sphere_main/ef_fire_sphere_main_00007"},{"time":3.0666,"name":"fire_sphere_main/ef_fire_sphere_main_00009"},{"time":3.1,"name":"fire_sphere_main/ef_fire_sphere_main_00010"},{"time":3.1333,"name":null}]},"fire_sphere_main/ef_fire_sphere_main_00001":{"attachment":[{"time":2.8,"name":"fire_sphere_main/ef_fire_sphere_main_00001"},{"time":2.8666,"name":"fire_sphere_main/ef_fire_sphere_main_00003"},{"time":2.9333,"name":"fire_sphere_main/ef_fire_sphere_main_00005"},{"time":3,"name":"fire_sphere_main/ef_fire_sphere_main_00007"},{"time":3.0666,"name":"fire_sphere_main/ef_fire_sphere_main_00009"},{"time":3.1,"name":"fire_sphere_main/ef_fire_sphere_main_00010"},{"time":3.1333,"name":null}]},"fire_sphere_main/ef_fire_sphere_main_2":{"attachment":[{"time":0.6333,"name":"fire_sphere_main/ef_fire_sphere_main_00001"},{"time":0.6666,"name":"fire_sphere_main/ef_fire_sphere_main_00003"},{"time":0.7333,"name":"fire_sphere_main/ef_fire_sphere_main_00005"},{"time":0.8,"name":"fire_sphere_main/ef_fire_sphere_main_00007"},{"time":0.8666,"name":"fire_sphere_main/ef_fire_sphere_main_00009"},{"time":0.9,"name":"fire_sphere_main/ef_fire_sphere_main_00010"},{"time":0.9333,"name":null},{"time":2.9333,"name":"fire_sphere_main/ef_fire_sphere_main_00001"},{"time":2.9666,"name":"fire_sphere_main/ef_fire_sphere_main_00003"},{"time":3,"name":"fire_sphere_main/ef_fire_sphere_main_00005"},{"time":3.0333,"name":"fire_sphere_main/ef_fire_sphere_main_00007"},{"time":3.0666,"name":"fire_sphere_main/ef_fire_sphere_main_00009"},{"time":3.1,"name":"fire_sphere_main/ef_fire_sphere_main_00010"},{"time":3.1333,"name":null}]},"fire_sphere_main/ef_fire_sphere_main_3":{"attachment":[{"time":1.1,"name":"fire_sphere_main/ef_fire_sphere_main_00001"},{"time":1.1666,"name":"fire_sphere_main/ef_fire_sphere_main_00003"},{"time":1.2,"name":"fire_sphere_main/ef_fire_sphere_main_00005"},{"time":1.2666,"name":"fire_sphere_main/ef_fire_sphere_main_00007"},{"time":1.3333,"name":"fire_sphere_main/ef_fire_sphere_main_00009"},{"time":1.3666,"name":"fire_sphere_main/ef_fire_sphere_main_00010"},{"time":1.4333,"name":null},{"time":2.9,"name":"fire_sphere_main/ef_fire_sphere_main_00001"},{"time":2.9333,"name":"fire_sphere_main/ef_fire_sphere_main_00003"},{"time":3,"name":"fire_sphere_main/ef_fire_sphere_main_00005"},{"time":3.0333,"name":"fire_sphere_main/ef_fire_sphere_main_00007"},{"time":3.0666,"name":"fire_sphere_main/ef_fire_sphere_main_00009"},{"time":3.1,"name":"fire_sphere_main/ef_fire_sphere_main_00010"},{"time":3.1333,"name":null}]},"fire_wall_main/ef_fire_wall_main_00001":{"attachment":[{"time":2.7666,"name":"fire_wall_main/ef_fire_wall_main_00001"},{"time":2.8,"name":"fire_wall_main/ef_fire_wall_main_00002"},{"time":2.8333,"name":"fire_wall_main/ef_fire_wall_main_00004"},{"time":2.8666,"name":"fire_wall_main/ef_fire_wall_main_00006"},{"time":2.9,"name":"fire_wall_main/ef_fire_wall_main_00008"},{"time":2.9333,"name":"fire_wall_main/ef_fire_wall_main_00010"},{"time":2.9666,"name":"fire_wall_main/ef_fire_wall_main_00012"},{"time":3,"name":"fire_wall_main/ef_fire_wall_main_00014"},{"time":3.0333,"name":"fire_wall_main/ef_fire_wall_main_00016"},{"time":3.0666,"name":"fire_wall_main/ef_fire_wall_main_00018"},{"time":3.1,"name":"fire_wall_main/ef_fire_wall_main_00020"},{"time":3.1333,"name":"fire_wall_main/ef_fire_wall_main_00022"},{"time":3.1666,"name":null}]},"rock_big/690_S2_rock2_00003":{"attachment":[{"time":2.8333,"name":"rock_big/690_S2_rock2_00003"},{"time":2.9,"name":"rock_big/690_S2_rock2_00006"},{"time":2.9666,"name":null}]},"rock_big/690_S2_rock2_3":{"attachment":[{"time":2.8333,"name":"rock_big/690_S2_rock2_00003"},{"time":2.9,"name":"rock_big/690_S2_rock2_00006"},{"time":2.9666,"name":null}]},"slash_main 3/ef_slash_main 3_00001":{"attachment":[{"time":1.0333,"name":"slash_main 3/ef_slash_main 3_00001"},{"time":1.0666,"name":"slash_main 3/ef_slash_main 3_00002"},{"time":1.1,"name":"slash_main 3/ef_slash_main 3_00003"},{"time":1.1333,"name":"slash_main 3/ef_slash_main 3_00004"},{"time":1.1666,"name":"slash_main 3/ef_slash_main 3_00005"},{"time":1.2,"name":null}]},"slash_main/ef_slash_main_00001":{"attachment":[{"time":0.6333,"name":"slash_main/ef_slash_main_00001"},{"time":0.6666,"name":"slash_main/ef_slash_main_00002"},{"time":0.7,"name":"slash_main/ef_slash_main_00003"},{"time":0.7333,"name":"slash_main/ef_slash_main_00004"},{"time":0.7666,"name":"slash_main/ef_slash_main_00005"},{"time":0.8,"name":"slash_main/ef_slash_main_00006"},{"time":0.8333,"name":"slash_main/ef_slash_main_00007"},{"time":0.8666,"name":null}]}},"bones":{"fire_roll":{"translate":[{"time":2.5333,"x":-501.45,"y":648.33,"curve":[0.315,0.18,0.55,0.99]},{"time":2.6666,"x":-533.86,"y":441.52},{"time":2.7666,"x":-603.81,"y":246.7}],"scale":[{"time":2.5333,"x":1.5,"y":1.5},{"time":2.6333,"x":3.804,"y":3.804,"curve":"stepped"},{"time":2.9,"x":3.804,"y":3.804},{"time":3,"x":1,"y":1}]},"fire_roll2":{"rotate":[{"time":2.5333,"angle":33.38}],"translate":[{"time":2.5333,"x":-501.39,"y":690.07,"curve":[0.315,0.18,0.55,0.99]},{"time":2.6666,"x":-534.14,"y":483.17},{"time":2.7666,"x":-591.12,"y":305.2}],"scale":[{"time":2.5333,"x":1.5,"y":1.5},{"time":2.6333,"x":3,"y":3,"curve":"stepped"},{"time":2.9,"x":3,"y":3},{"time":3,"x":1,"y":1}]},"slash_type":{"translate":[{"time":1.0333,"x":332.18,"y":209.67}],"scale":[{"time":1.0333,"x":3.519,"y":3.519}]},"slash_main":{"translate":[{"time":0.6333,"x":220.19,"y":216.38}],"scale":[{"time":0.6333,"x":2.876,"y":2.82}]},"fire_dash":{"translate":[{"time":1.7666,"x":-530.25,"y":157.62}],"scale":[{"time":1.7666,"x":1.61,"y":1.61},{"time":1.8333,"x":3.544,"y":3.544},{"time":2,"x":3.903,"y":3.903}]},"fire_wall":{"rotate":[{"time":2.7666,"angle":-2.31}],"translate":[{"time":2.7666,"x":-288.61,"y":181.19}],"scale":[{"time":2.7666,"x":4.107,"y":2.363},{"time":3.1666,"x":3.929,"y":4.338}]},"big_rock":{"translate":[{"time":2.8333,"x":31.83,"y":318.57}],"scale":[{"time":2.8333,"x":2.326,"y":2.326},{"time":2.9666,"x":3.977,"y":3.449}]},"big_rock2":{"rotate":[{"time":2.8333,"angle":17.91}],"translate":[{"time":2.8333,"x":-211.57,"y":328.98}],"scale":[{"time":2.8333,"x":1.309,"y":1.332},{"time":2.9666,"x":1.875,"y":2}]},"fire_sphere3":{"rotate":[{"time":0.6333,"angle":0.97,"curve":"stepped"},{"time":2.9333,"angle":27.4}],"translate":[{"time":0.6333,"x":-232.29,"y":143.2,"curve":"stepped"},{"time":2.9333,"x":-547.77,"y":200.56}],"scale":[{"time":0.6333,"x":2.668,"y":2.668,"curve":"stepped"},{"time":2.9333,"x":2.311,"y":2.311},{"time":3.1333,"x":4.061,"y":4.061}]},"fire_sphere4":{"rotate":[{"time":1.1,"angle":-85.77,"curve":"stepped"},{"time":2.9,"angle":-2.75}],"translate":[{"time":1.1,"x":-166.99,"y":315.31,"curve":"stepped"},{"time":2.9,"x":-464.94,"y":634.48}],"scale":[{"time":1.1,"x":-3.44,"y":3.158,"curve":"stepped"},{"time":2.9,"x":-1.44,"y":1.425},{"time":3.1333,"x":-3.136,"y":3.105}]},"fire_sphere2":{"translate":[{"time":2.9,"x":-194.38,"y":463.47}],"scale":[{"time":2.9,"x":2.994,"y":2.646},{"time":3.1333,"x":3.935,"y":4.052}]},"fire_dusty":{"translate":[{"time":2.8333,"x":-703.45,"y":139.69}],"scale":[{"time":2.8333,"x":2.768,"y":2.768},{"time":3.3,"x":3.395,"y":3.395}]},"fire_sphere":{"translate":[{"time":2.8,"x":-232.23,"y":92.56}],"scale":[{"time":2.8,"x":2.379,"y":2.142},{"time":3.1333,"x":2.999,"y":3.046}]}}},"2_buff":{"slots":{"fire_sphere_main/ef_fire_sphere_main_00001":{"attachment":[{"time":0,"name":"fire_sphere_main/ef_fire_sphere_main_00001"},{"time":0.0666,"name":"fire_sphere_main/ef_fire_sphere_main_00003"},{"time":0.1333,"name":"fire_sphere_main/ef_fire_sphere_main_00005"},{"time":0.2,"name":"fire_sphere_main/ef_fire_sphere_main_00007"},{"time":0.2666,"name":"fire_sphere_main/ef_fire_sphere_main_00009"},{"time":0.3,"name":"fire_sphere_main/ef_fire_sphere_main_00010"},{"time":0.3333,"name":null},{"time":0.5,"name":"fire_sphere_main/ef_fire_sphere_main_00001"},{"time":0.5666,"name":"fire_sphere_main/ef_fire_sphere_main_00001"}]},"fire_sphere_main/ef_fire_sphere_main_1":{"attachment":[{"time":0.0666,"name":"fire_sphere_main/ef_fire_sphere_main_00001"},{"time":0.1333,"name":"fire_sphere_main/ef_fire_sphere_main_00001"},{"time":0.2,"name":"fire_sphere_main/ef_fire_sphere_main_00003"},{"time":0.2666,"name":"fire_sphere_main/ef_fire_sphere_main_00005"},{"time":0.3333,"name":"fire_sphere_main/ef_fire_sphere_main_00007"},{"time":0.4,"name":"fire_sphere_main/ef_fire_sphere_main_00009"},{"time":0.4333,"name":"fire_sphere_main/ef_fire_sphere_main_00010"},{"time":0.4666,"name":null}]},"fire_sphere_main/ef_fire_sphere_main_2":{"attachment":[{"time":0.1666,"name":"fire_sphere_main/ef_fire_sphere_main_00001"},{"time":0.2333,"name":"fire_sphere_main/ef_fire_sphere_main_00001"},{"time":0.3,"name":"fire_sphere_main/ef_fire_sphere_main_00003"},{"time":0.3666,"name":"fire_sphere_main/ef_fire_sphere_main_00005"},{"time":0.4333,"name":"fire_sphere_main/ef_fire_sphere_main_00007"},{"time":0.5,"name":"fire_sphere_main/ef_fire_sphere_main_00009"},{"time":0.5333,"name":"fire_sphere_main/ef_fire_sphere_main_00010"},{"time":0.5666,"name":null}]},"fire_sphere_main/ef_fire_sphere_main_3":{"attachment":[{"time":0.1,"name":"fire_sphere_main/ef_fire_sphere_main_00001"},{"time":0.1666,"name":"fire_sphere_main/ef_fire_sphere_main_00001"},{"time":0.2333,"name":"fire_sphere_main/ef_fire_sphere_main_00003"},{"time":0.3,"name":"fire_sphere_main/ef_fire_sphere_main_00005"},{"time":0.3666,"name":"fire_sphere_main/ef_fire_sphere_main_00007"},{"time":0.4333,"name":"fire_sphere_main/ef_fire_sphere_main_00009"},{"time":0.4666,"name":"fire_sphere_main/ef_fire_sphere_main_00010"},{"time":0.5,"name":null}]}},"bones":{"fire_sphere":{"translate":[{"time":0,"x":-79.17,"y":148.73}],"scale":[{"time":0,"x":2.285,"y":2.285,"curve":"stepped"},{"time":0.5,"x":1,"y":1},{"time":0.5666,"x":2.285,"y":2.285}]},"fire_sphere2":{"translate":[{"time":0.0666,"x":56.54,"y":171.94}],"scale":[{"time":0.0666,"x":1,"y":1},{"time":0.1333,"x":2.994,"y":2.646}]},"fire_sphere3":{"translate":[{"time":0.1666,"x":-51.33,"y":322.41}],"scale":[{"time":0.1666,"x":0.816,"y":0.816},{"time":0.2333,"x":1.185,"y":1.185}]},"fire_sphere4":{"translate":[{"time":0.1,"x":10.97,"y":345.38}],"scale":[{"time":0.1,"x":0.929,"y":0.887},{"time":0.1666,"x":1.437,"y":1.425}]}}},"empty":{}}}