{"skeleton":{"hash":"DA8X0a3OGa5RhrydNex4FRUfJJ0","spine":"3.0.12","width":1088.44,"height":1088.44},"bones":[{"name":"root"},{"name":"SHADOW-OFFSET","parent":"root","y":-1.67,"scaleX":1.166,"scaleY":1.835},{"name":"MAIN","parent":"root","y":94.84},{"name":"R_shield","parent":"MAIN","x":-79.17,"y":37.15,"rotation":-11.26},{"name":"EF_shield_light1_2","parent":"R_shield"},{"name":"L_shield","parent":"MAIN","x":77.98,"y":42.25,"rotation":13.95},{"name":"EF_shield_light1_1","parent":"L_shield"},{"name":"HITBOX","parent":"MAIN","y":-15.27,"scaleX":0.884,"scaleY":1.219},{"name":"EF_trust","parent":"root"},{"name":"EF_slash","parent":"root","x":250,"y":50},{"name":"EF_main","parent":"root"},{"name":"EF_weapon_rot1_1","parent":"EF_main","x":350,"y":50},{"name":"EF_wave2_2","parent":"EF_main","x":450},{"name":"EF_wave2_1","parent":"EF_main","x":450},{"name":"EF_wave1_3","parent":"EF_main","x":450},{"name":"EF_wave1_2","parent":"EF_main","x":450},{"name":"EF_wave1_1","parent":"EF_main","x":450},{"name":"EF_slash2_1","parent":"EF_main","x":300,"y":150},{"name":"EF_slash1_1","parent":"EF_main","x":350,"y":100},{"name":"EF_shockwave1_2","parent":"EF_main","x":250,"y":150},{"name":"EF_shockwave1_1","parent":"EF_main","x":250,"y":150},{"name":"EF_shock1_2","parent":"EF_main","x":250,"y":100},{"name":"EF_shock1_1","parent":"EF_main","x":250,"y":100},{"name":"EF_rock1_4","parent":"EF_main","x":250},{"name":"EF_rock1_3","parent":"EF_main","x":250},{"name":"EF_rock1_2","parent":"EF_main","x":250},{"name":"EF_rock1_1","parent":"EF_main","x":250},{"name":"EF_power1_1","parent":"EF_main","x":300,"y":100},{"name":"EF_earth1_3","parent":"EF_main","x":50},{"name":"EF_earth1_2","parent":"EF_main","x":50},{"name":"EF_earth1_1","parent":"EF_main","x":50},{"name":"EF_dash1_1","parent":"EF_main","x":350},{"name":"EF_charge1_1","parent":"EF_main","x":300,"y":50},{"name":"EF_atk1_1","parent":"EF_main","x":300},{"name":"DAMAGEAREA","parent":"root"}],"slots":[{"name":"EF_earth1_1","bone":"EF_earth1_1","blend":"additive"},{"name":"EF_earth1_2","bone":"EF_earth1_2","blend":"additive"},{"name":"EF_earth1_3","bone":"EF_earth1_3","blend":"additive"},{"name":"EF_shield_light1_2","bone":"EF_shield_light1_2","blend":"additive"},{"name":"R_shield","bone":"R_shield","attachment":"R_shield"},{"name":"EF_wave1_1","bone":"EF_wave1_1","blend":"additive"},{"name":"EF_wave1_2","bone":"EF_wave1_2","blend":"additive"},{"name":"EF_wave1_3","bone":"EF_wave1_3","blend":"additive"},{"name":"EF_atk1_1","bone":"EF_atk1_1","blend":"additive"},{"name":"MAIN","bone":"MAIN","attachment":"idle_00"},{"name":"L_shield","bone":"L_shield","attachment":"L_shield"},{"name":"EF_shield_light1_1","bone":"EF_shield_light1_1","blend":"additive"},{"name":"EF/EF2_02","bone":"EF_slash","color":"00ff53ff","blend":"additive"},{"name":"EF/sp_ef_1","bone":"EF_trust","color":"00ff53ff","blend":"additive"},{"name":"DAMAGEAREA","bone":"DAMAGEAREA"},{"name":"HITBOX","bone":"HITBOX","attachment":"HITBOX"},{"name":"EF_shock1_1","bone":"EF_shock1_1","blend":"additive"},{"name":"EF_shock1_2","bone":"EF_shock1_2","blend":"additive"},{"name":"EF_shockwave1_1","bone":"EF_shockwave1_1","blend":"additive"},{"name":"EF_shockwave1_2","bone":"EF_shockwave1_2","blend":"additive"},{"name":"EF_charge1_1","bone":"EF_charge1_1","blend":"additive"},{"name":"EF_power1_1","bone":"EF_power1_1","blend":"additive"},{"name":"EF_dash1_1","bone":"EF_dash1_1","blend":"additive"},{"name":"EF_weapon_rot1_1","bone":"EF_weapon_rot1_1","blend":"additive"},{"name":"EF_slash1_1","bone":"EF_slash1_1","blend":"additive"},{"name":"EF_slash2_1","bone":"EF_slash2_1","blend":"additive"},{"name":"EF_wave2_1","bone":"EF_wave2_1","blend":"additive"},{"name":"EF_wave2_2","bone":"EF_wave2_2","blend":"additive"},{"name":"EF_rock1_1","bone":"EF_rock1_1"},{"name":"EF_rock1_2","bone":"EF_rock1_2"},{"name":"EF_rock1_3","bone":"EF_rock1_3"},{"name":"EF_rock1_4","bone":"EF_rock1_4"}],"skins":{"default":{"DAMAGEAREA":{"DAMAGEAREA":{"type":"boundingbox","vertices":[-64.714,-64.85171,64.59678,-63.82272,63.56777,64.45907,-64.02799,63.77308]}},"EF/EF2_02":{"EF/EF2_02":{"x":-1.32,"scaleX":2,"scaleY":2,"width":256,"height":256}},"EF/sp_ef_1":{"EF/sp_ef_1":{"x":144.1,"y":1.88,"width":300,"height":160},"EF/sp_ef_2":{"x":144.1,"y":1.88,"width":300,"height":160},"EF/sp_ef_3":{"x":144.1,"y":1.88,"width":300,"height":160}},"EF_atk1_1":{"EF/EF_atk/efr_ATK3_ex1_00001":{"width":121,"height":48},"EF/EF_atk/efr_ATK3_ex1_00002":{"width":157,"height":50},"EF/EF_atk/efr_ATK3_ex1_00003":{"width":179,"height":56},"EF/EF_atk/efr_ATK3_ex1_00004":{"width":220,"height":68}},"EF_charge1_1":{"EF/620_S2_charge1/620_S2_charge1_00052":{"width":150,"height":150},"EF/620_S2_charge1/620_S2_charge1_00053":{"width":150,"height":150},"EF/620_S2_charge1/620_S2_charge1_00054":{"width":150,"height":150},"EF/620_S2_charge1/620_S2_charge1_00055":{"width":150,"height":150},"EF/620_S2_charge1/620_S2_charge1_00056":{"width":150,"height":150},"EF/620_S2_charge1/620_S2_charge1_00057":{"width":150,"height":150},"EF/620_S2_charge1/620_S2_charge1_00058":{"width":150,"height":150},"EF/620_S2_charge1/620_S2_charge1_00059":{"width":150,"height":150},"EF/620_S2_charge1/620_S2_charge1_00060":{"width":150,"height":150},"EF/620_S2_charge1/620_S2_charge1_00061":{"width":150,"height":150},"EF/620_S2_charge1/620_S2_charge1_00062":{"width":150,"height":150}},"EF_dash1_1":{"EF/ef_dash_main/ef_dash_main_00001":{"x":30.95,"y":18.57,"width":200,"height":200},"EF/ef_dash_main/ef_dash_main_00002":{"x":30.95,"y":18.57,"width":200,"height":200},"EF/ef_dash_main/ef_dash_main_00003":{"x":30.95,"y":18.57,"width":200,"height":200},"EF/ef_dash_main/ef_dash_main_00004":{"x":30.95,"y":18.57,"width":200,"height":200},"EF/ef_dash_main/ef_dash_main_00005":{"x":30.95,"y":18.57,"width":200,"height":200},"EF/ef_dash_main/ef_dash_main_00006":{"x":30.95,"y":18.57,"width":200,"height":200},"EF/ef_dash_main/ef_dash_main_00007":{"x":30.95,"y":18.57,"width":200,"height":200},"EF/ef_dash_main/ef_dash_main_00008":{"x":30.95,"y":18.57,"width":200,"height":200},"EF/ef_dash_main/ef_dash_main_00009":{"x":30.95,"y":18.57,"width":200,"height":200},"EF/ef_dash_main/ef_dash_main_00010":{"x":30.95,"y":18.57,"width":200,"height":200},"EF/ef_dash_main/ef_dash_main_00011":{"x":30.95,"y":18.57,"width":200,"height":200},"EF/ef_dash_main/ef_dash_main_00012":{"x":30.95,"y":18.57,"width":200,"height":200},"EF/ef_dash_main/ef_dash_main_00013":{"x":30.95,"y":18.57,"width":200,"height":200},"EF/ef_dash_main/ef_dash_main_00014":{"x":30.95,"y":18.57,"width":200,"height":200}},"EF_earth1_1":{"EF/efr_ATK2_earth2_00001":{"width":464,"height":88}},"EF_earth1_2":{"EF/efr_ATK2_earth2_00001":{"width":464,"height":88}},"EF_earth1_3":{"EF/efr_ATK2_earth2_00001":{"width":464,"height":88}},"EF_power1_1":{"EF/620_S2_charge1/720_S1_power2_00001":{"x":-0.75,"y":0.43,"width":250,"height":250},"EF/620_S2_charge1/720_S1_power2_00002":{"x":-0.75,"y":0.43,"width":250,"height":250},"EF/620_S2_charge1/720_S1_power2_00003":{"x":-0.75,"y":0.43,"width":250,"height":250},"EF/620_S2_charge1/720_S1_power2_00004":{"x":-0.75,"y":0.43,"width":250,"height":250},"EF/620_S2_charge1/720_S1_power2_00005":{"x":-0.75,"y":0.43,"width":250,"height":250},"EF/620_S2_charge1/720_S1_power2_00006":{"x":-0.75,"y":0.43,"width":250,"height":250},"EF/620_S2_charge1/720_S1_power2_00007":{"x":-0.75,"y":0.43,"width":250,"height":250}},"EF_rock1_1":{"EF/690_S2_rock1/690_S2_rock1_00001":{"y":50.95,"width":150,"height":150},"EF/690_S2_rock1/690_S2_rock1_00002":{"y":50.95,"width":150,"height":150},"EF/690_S2_rock1/690_S2_rock1_00003":{"y":50.95,"width":150,"height":150},"EF/690_S2_rock1/690_S2_rock1_00004":{"y":50.95,"width":150,"height":150},"EF/690_S2_rock1/690_S2_rock1_00005":{"y":50.95,"width":150,"height":150},"EF/690_S2_rock1/690_S2_rock1_00006":{"y":50.95,"width":150,"height":150}},"EF_rock1_2":{"EF/690_S2_rock1/690_S2_rock1_00001":{"y":50.95,"width":150,"height":150},"EF/690_S2_rock1/690_S2_rock1_00002":{"y":50.95,"width":150,"height":150},"EF/690_S2_rock1/690_S2_rock1_00003":{"y":50.95,"width":150,"height":150},"EF/690_S2_rock1/690_S2_rock1_00004":{"y":50.95,"width":150,"height":150},"EF/690_S2_rock1/690_S2_rock1_00005":{"y":50.95,"width":150,"height":150},"EF/690_S2_rock1/690_S2_rock1_00006":{"y":50.95,"width":150,"height":150}},"EF_rock1_3":{"EF/690_S2_rock1/690_S2_rock1_00001":{"y":50.95,"width":150,"height":150},"EF/690_S2_rock1/690_S2_rock1_00002":{"y":50.95,"width":150,"height":150},"EF/690_S2_rock1/690_S2_rock1_00003":{"y":50.95,"width":150,"height":150},"EF/690_S2_rock1/690_S2_rock1_00004":{"y":50.95,"width":150,"height":150},"EF/690_S2_rock1/690_S2_rock1_00005":{"y":50.95,"width":150,"height":150},"EF/690_S2_rock1/690_S2_rock1_00006":{"y":50.95,"width":150,"height":150}},"EF_rock1_4":{"EF/690_S2_rock1/690_S2_rock1_00001":{"y":50.95,"width":150,"height":150},"EF/690_S2_rock1/690_S2_rock1_00002":{"y":50.95,"width":150,"height":150},"EF/690_S2_rock1/690_S2_rock1_00003":{"y":50.95,"width":150,"height":150},"EF/690_S2_rock1/690_S2_rock1_00004":{"y":50.95,"width":150,"height":150},"EF/690_S2_rock1/690_S2_rock1_00005":{"y":50.95,"width":150,"height":150},"EF/690_S2_rock1/690_S2_rock1_00006":{"y":50.95,"width":150,"height":150}},"EF_shield_light1_1":{"EF/900_S2_sphire1_00004":{"rotation":0.02,"width":500,"height":500}},"EF_shield_light1_2":{"EF/900_S2_sphire1_00004":{"rotation":0.02,"width":500,"height":500}},"EF_shock1_1":{"EF/430_S1_shock2/430_S1_shock2_00001":{"x":16.5,"y":-3,"width":150,"height":150},"EF/430_S1_shock2/430_S1_shock2_00003":{"x":16.5,"y":-3,"width":150,"height":150},"EF/430_S1_shock2/430_S1_shock2_00005":{"x":16.5,"y":-3,"width":150,"height":150},"EF/430_S1_shock2/430_S1_shock2_00007":{"x":16.5,"y":-3,"width":150,"height":150}},"EF_shock1_2":{"EF/430_S1_shock2/430_S1_shock2_00001":{"x":16.5,"y":-3,"width":150,"height":150},"EF/430_S1_shock2/430_S1_shock2_00003":{"x":16.5,"y":-3,"width":150,"height":150},"EF/430_S1_shock2/430_S1_shock2_00005":{"x":16.5,"y":-3,"width":150,"height":150},"EF/430_S1_shock2/430_S1_shock2_00007":{"x":16.5,"y":-3,"width":150,"height":150}},"EF_shockwave1_1":{"EF/470_S1_wave1/470_S1_wave1_00000":{"x":4.34,"width":200,"height":200},"EF/470_S1_wave1/470_S1_wave1_00001":{"x":4.34,"width":200,"height":200},"EF/470_S1_wave1/470_S1_wave1_00002":{"x":4.34,"width":200,"height":200},"EF/470_S1_wave1/470_S1_wave1_00003":{"x":4.34,"width":200,"height":200},"EF/470_S1_wave1/470_S1_wave1_00004":{"x":4.34,"width":200,"height":200},"EF/470_S1_wave1/470_S1_wave1_00005":{"x":4.34,"width":200,"height":200},"EF/470_S1_wave1/470_S1_wave1_00006":{"x":4.34,"width":200,"height":200},"EF/470_S1_wave1/470_S1_wave1_00007":{"x":4.34,"width":200,"height":200}},"EF_shockwave1_2":{"EF/470_S1_wave1/470_S1_wave1_00000":{"x":4.34,"width":200,"height":200},"EF/470_S1_wave1/470_S1_wave1_00001":{"x":4.34,"width":200,"height":200},"EF/470_S1_wave1/470_S1_wave1_00002":{"x":4.34,"width":200,"height":200},"EF/470_S1_wave1/470_S1_wave1_00003":{"x":4.34,"width":200,"height":200},"EF/470_S1_wave1/470_S1_wave1_00004":{"x":4.34,"width":200,"height":200},"EF/470_S1_wave1/470_S1_wave1_00005":{"x":4.34,"width":200,"height":200},"EF/470_S1_wave1/470_S1_wave1_00006":{"x":4.34,"width":200,"height":200},"EF/470_S1_wave1/470_S1_wave1_00007":{"x":4.34,"width":200,"height":200}},"EF_slash1_1":{"EF/ef_slash_A_main/ef_slash_A_main_00001":{"y":-13.84,"width":180,"height":180},"EF/ef_slash_A_main/ef_slash_A_main_00002":{"y":-13.84,"width":180,"height":180},"EF/ef_slash_A_main/ef_slash_A_main_00003":{"y":-13.84,"width":180,"height":180},"EF/ef_slash_A_main/ef_slash_A_main_00004":{"y":-13.84,"width":180,"height":180},"EF/ef_slash_A_main/ef_slash_A_main_00005":{"y":-13.84,"width":180,"height":180},"EF/ef_slash_A_main/ef_slash_A_main_00006":{"y":-13.84,"width":180,"height":180},"EF/ef_slash_A_main/ef_slash_A_main_00007":{"y":-13.84,"width":180,"height":180},"EF/ef_slash_A_main/ef_slash_A_main_00008":{"y":-13.84,"width":180,"height":180}},"EF_slash2_1":{"EF/ef_slash_C_main/ef_slash_C_main_00001":{"width":180,"height":180},"EF/ef_slash_C_main/ef_slash_C_main_00002":{"width":180,"height":180},"EF/ef_slash_C_main/ef_slash_C_main_00003":{"width":180,"height":180},"EF/ef_slash_C_main/ef_slash_C_main_00004":{"width":180,"height":180},"EF/ef_slash_C_main/ef_slash_C_main_00005":{"width":180,"height":180},"EF/ef_slash_C_main/ef_slash_C_main_00006":{"width":180,"height":180},"EF/ef_slash_C_main/ef_slash_C_main_00007":{"width":180,"height":180},"EF/ef_slash_C_main/ef_slash_C_main_00008":{"width":180,"height":180}},"EF_wave1_1":{"EF/ef_wave_main/ef_wave_main_00001":{"y":18.91,"width":320,"height":200},"EF/ef_wave_main/ef_wave_main_00002":{"y":18.91,"width":320,"height":200},"EF/ef_wave_main/ef_wave_main_00003":{"y":18.91,"width":320,"height":200},"EF/ef_wave_main/ef_wave_main_00004":{"y":18.91,"width":320,"height":200},"EF/ef_wave_main/ef_wave_main_00005":{"y":18.91,"width":320,"height":200},"EF/ef_wave_main/ef_wave_main_00006":{"y":18.91,"width":320,"height":200},"EF/ef_wave_main/ef_wave_main_00007":{"y":18.91,"width":320,"height":200},"EF/ef_wave_main/ef_wave_main_00008":{"y":18.91,"width":320,"height":200},"EF/ef_wave_main/ef_wave_main_00009":{"y":18.91,"width":320,"height":200},"EF/ef_wave_main/ef_wave_main_00010":{"y":18.91,"width":320,"height":200},"EF/ef_wave_main/ef_wave_main_00011":{"y":18.91,"width":320,"height":200},"EF/ef_wave_main/ef_wave_main_00012":{"y":18.91,"width":320,"height":200},"EF/ef_wave_main/ef_wave_main_00013":{"y":18.91,"width":320,"height":200},"EF/ef_wave_main/ef_wave_main_00014":{"y":18.91,"width":320,"height":200}},"EF_wave1_2":{"EF/ef_wave_main/ef_wave_main_00001":{"y":18.91,"width":320,"height":200},"EF/ef_wave_main/ef_wave_main_00002":{"y":18.91,"width":320,"height":200},"EF/ef_wave_main/ef_wave_main_00003":{"y":18.91,"width":320,"height":200},"EF/ef_wave_main/ef_wave_main_00004":{"y":18.91,"width":320,"height":200},"EF/ef_wave_main/ef_wave_main_00005":{"y":18.91,"width":320,"height":200},"EF/ef_wave_main/ef_wave_main_00006":{"y":18.91,"width":320,"height":200},"EF/ef_wave_main/ef_wave_main_00007":{"y":18.91,"width":320,"height":200},"EF/ef_wave_main/ef_wave_main_00008":{"y":18.91,"width":320,"height":200},"EF/ef_wave_main/ef_wave_main_00009":{"y":18.91,"width":320,"height":200},"EF/ef_wave_main/ef_wave_main_00010":{"y":18.91,"width":320,"height":200},"EF/ef_wave_main/ef_wave_main_00011":{"y":18.91,"width":320,"height":200},"EF/ef_wave_main/ef_wave_main_00012":{"y":18.91,"width":320,"height":200},"EF/ef_wave_main/ef_wave_main_00013":{"y":18.91,"width":320,"height":200},"EF/ef_wave_main/ef_wave_main_00014":{"y":18.91,"width":320,"height":200}},"EF_wave1_3":{"EF/ef_wave_main/ef_wave_main_00001":{"y":18.91,"width":320,"height":200},"EF/ef_wave_main/ef_wave_main_00002":{"y":18.91,"width":320,"height":200},"EF/ef_wave_main/ef_wave_main_00003":{"y":18.91,"width":320,"height":200},"EF/ef_wave_main/ef_wave_main_00004":{"y":18.91,"width":320,"height":200},"EF/ef_wave_main/ef_wave_main_00005":{"y":18.91,"width":320,"height":200},"EF/ef_wave_main/ef_wave_main_00006":{"y":18.91,"width":320,"height":200},"EF/ef_wave_main/ef_wave_main_00007":{"y":18.91,"width":320,"height":200},"EF/ef_wave_main/ef_wave_main_00008":{"y":18.91,"width":320,"height":200},"EF/ef_wave_main/ef_wave_main_00009":{"y":18.91,"width":320,"height":200},"EF/ef_wave_main/ef_wave_main_00010":{"y":18.91,"width":320,"height":200},"EF/ef_wave_main/ef_wave_main_00011":{"y":18.91,"width":320,"height":200},"EF/ef_wave_main/ef_wave_main_00012":{"y":18.91,"width":320,"height":200},"EF/ef_wave_main/ef_wave_main_00013":{"y":18.91,"width":320,"height":200},"EF/ef_wave_main/ef_wave_main_00014":{"y":18.91,"width":320,"height":200}},"EF_wave2_1":{"EF/520A_S2_wave1/520A_S2_wave1_00000":{"width":200,"height":200},"EF/520A_S2_wave1/520A_S2_wave1_00001":{"width":200,"height":200},"EF/520A_S2_wave1/520A_S2_wave1_00002":{"width":200,"height":200},"EF/520A_S2_wave1/520A_S2_wave1_00003":{"width":200,"height":200},"EF/520A_S2_wave1/520A_S2_wave1_00004":{"width":200,"height":200},"EF/520A_S2_wave1/520A_S2_wave1_00005":{"width":200,"height":200},"EF/520A_S2_wave1/520A_S2_wave1_00006":{"width":200,"height":200},"EF/520A_S2_wave1/520A_S2_wave1_00007":{"width":200,"height":200},"EF/520A_S2_wave1/520A_S2_wave1_00008":{"width":200,"height":200},"EF/520A_S2_wave1/520A_S2_wave1_00009":{"width":200,"height":200},"EF/520A_S2_wave1/520A_S2_wave1_00010":{"width":200,"height":200},"EF/520A_S2_wave1/520A_S2_wave1_00011":{"width":200,"height":200},"EF/520A_S2_wave1/520A_S2_wave1_00012":{"width":200,"height":200}},"EF_wave2_2":{"EF/520A_S2_wave1/520A_S2_wave1_00000":{"width":200,"height":200},"EF/520A_S2_wave1/520A_S2_wave1_00001":{"width":200,"height":200},"EF/520A_S2_wave1/520A_S2_wave1_00002":{"width":200,"height":200},"EF/520A_S2_wave1/520A_S2_wave1_00003":{"width":200,"height":200},"EF/520A_S2_wave1/520A_S2_wave1_00004":{"width":200,"height":200},"EF/520A_S2_wave1/520A_S2_wave1_00005":{"width":200,"height":200},"EF/520A_S2_wave1/520A_S2_wave1_00006":{"width":200,"height":200},"EF/520A_S2_wave1/520A_S2_wave1_00007":{"width":200,"height":200},"EF/520A_S2_wave1/520A_S2_wave1_00008":{"width":200,"height":200},"EF/520A_S2_wave1/520A_S2_wave1_00009":{"width":200,"height":200},"EF/520A_S2_wave1/520A_S2_wave1_00010":{"width":200,"height":200},"EF/520A_S2_wave1/520A_S2_wave1_00011":{"width":200,"height":200},"EF/520A_S2_wave1/520A_S2_wave1_00012":{"width":200,"height":200}},"EF_weapon_rot1_1":{"EF/ef_rot_sword_main/ef_rot_sword_main_00001":{"width":180,"height":180},"EF/ef_rot_sword_main/ef_rot_sword_main_00002":{"width":180,"height":180},"EF/ef_rot_sword_main/ef_rot_sword_main_00003":{"width":180,"height":180},"EF/ef_rot_sword_main/ef_rot_sword_main_00004":{"width":180,"height":180},"EF/ef_rot_sword_main/ef_rot_sword_main_00005":{"width":180,"height":180},"EF/ef_rot_sword_main/ef_rot_sword_main_00006":{"width":180,"height":180},"EF/ef_rot_sword_main/ef_rot_sword_main_00007":{"width":180,"height":180},"EF/ef_rot_sword_main/ef_rot_sword_main_00008":{"width":180,"height":180},"EF/ef_rot_sword_main/ef_rot_sword_main_00009":{"width":180,"height":180},"EF/ef_rot_sword_main/ef_rot_sword_main_00010":{"width":180,"height":180},"EF/ef_rot_sword_main/ef_rot_sword_main_00011":{"width":180,"height":180}},"HITBOX":{"HITBOX":{"type":"boundingbox","vertices":[-65.057,-65.53772,63.56781,-65.19471,63.56781,63.08707,-64.02799,63.43007]}},"L_shield":{"L_shield":{"x":-82.67,"y":-42.63,"scaleX":2,"scaleY":2,"rotation":-17.68,"width":512,"height":512}},"MAIN":{"attack1_00":{"x":32.64,"y":-23.02,"scaleX":2,"scaleY":2,"width":512,"height":512},"attack1_01":{"x":12.92,"y":-40.19,"scaleX":2,"scaleY":2,"width":512,"height":512},"attack1_02":{"x":33.91,"y":-23.02,"scaleX":2,"scaleY":2,"width":512,"height":512},"attack1_03":{"x":33.91,"y":-23.02,"scaleX":2,"scaleY":2,"width":512,"height":512},"back_00":{"x":12.92,"y":-23.02,"scaleX":2,"scaleY":2,"width":512,"height":512},"damage_00":{"x":26.28,"y":-23.02,"scaleX":2,"scaleY":2,"width":512,"height":512},"front_00":{"x":33.91,"y":-23.02,"scaleX":2,"scaleY":2,"width":512,"height":512},"idle_00":{"x":12.92,"y":-23.02,"scaleX":2,"scaleY":2,"width":512,"height":512},"idle_01":{"x":12.92,"y":-23.02,"scaleX":2,"scaleY":2,"width":512,"height":512},"idle_02":{"x":12.92,"y":-23.02,"scaleX":2,"scaleY":2,"width":512,"height":512},"idle_03":{"x":12.92,"y":-23.02,"scaleX":2,"scaleY":2,"width":512,"height":512},"skill1_00":{"x":28.82,"y":-23.02,"scaleX":2,"scaleY":2,"width":512,"height":512},"skill1_01":{"x":23.73,"y":-23.02,"scaleX":2,"scaleY":2,"width":512,"height":512},"skill1_02":{"x":23.74,"y":-23.02,"scaleX":2,"scaleY":2,"width":512,"height":512},"skill1_03":{"x":23.74,"y":-23.02,"scaleX":2,"scaleY":2,"width":512,"height":512},"skill1_04":{"x":16.1,"y":-23.02,"scaleX":2,"scaleY":2,"width":512,"height":512},"skill1_05":{"x":4.65,"y":-23.02,"scaleX":2,"scaleY":2,"width":512,"height":512},"skill1_06":{"x":12.93,"y":-23.02,"scaleX":2,"scaleY":2,"width":512,"height":512},"skill1_07":{"x":33.91,"y":-23.02,"scaleX":2,"scaleY":2,"width":512,"height":512},"skill2_00":{"x":12.92,"y":-23.02,"scaleX":2,"scaleY":2,"width":512,"height":512},"skill2_01":{"x":12.92,"y":-23.02,"scaleX":2,"scaleY":2,"width":512,"height":512},"skill2_02":{"x":12.92,"y":-23.02,"scaleX":2,"scaleY":2,"width":512,"height":512},"skill2_03":{"x":18.65,"y":-23.02,"scaleX":2,"scaleY":2,"width":512,"height":512},"skill2_04":{"x":40.27,"y":-14.75,"scaleX":2,"scaleY":2,"width":512,"height":512}},"R_shield":{"R_shield":{"x":103.24,"y":-37.37,"scaleX":2,"scaleY":2,"rotation":13.78,"width":512,"height":512}}}},"events":{"Event":{},"Hit":{},"Sound1":{},"Sound2":{},"Sound3":{},"Voice":{}},"animations":{"attack1":{"slots":{"DAMAGEAREA":{"attachment":[{"time":0.2,"name":"DAMAGEAREA"},{"time":0.2666,"name":null},{"time":0.4666,"name":"DAMAGEAREA"},{"time":0.5333,"name":null}]},"EF/EF2_02":{"attachment":[{"time":0.4666,"name":"EF/EF2_02"},{"time":0.5,"name":null}]},"EF/sp_ef_1":{"attachment":[{"time":0.2,"name":"EF/sp_ef_1"},{"time":0.2333,"name":"EF/sp_ef_2"},{"time":0.2666,"name":"EF/sp_ef_3"},{"time":0.3,"name":null}]},"MAIN":{"attachment":[{"time":0,"name":"idle_00"},{"time":0.0666,"name":"idle_03"},{"time":0.1,"name":"attack1_00"},{"time":0.2,"name":"attack1_01"},{"time":0.4666,"name":"attack1_02"},{"time":0.5,"name":"attack1_03"},{"time":0.8666,"name":"attack1_00"},{"time":0.9,"name":"back_00"},{"time":1.1,"name":"idle_01"},{"time":1.2666,"name":"idle_00"}]}},"bones":{"MAIN":{"translate":[{"time":0,"x":0,"y":0,"curve":"stepped"},{"time":0.1,"x":-18.75,"y":0,"curve":"stepped"},{"time":0.2,"x":-93.55,"y":-6.15,"curve":"stepped"},{"time":0.2333,"x":-107.07,"y":-6.15,"curve":"stepped"},{"time":0.2666,"x":-95.49,"y":-6.15,"curve":"stepped"},{"time":0.4666,"x":-93.55,"y":0,"curve":"stepped"},{"time":0.5,"x":-121.93,"y":0,"curve":"stepped"},{"time":0.5333,"x":-102.75,"y":0,"curve":"stepped"},{"time":0.8666,"x":-103.87,"y":0,"curve":"stepped"},{"time":0.9,"x":-103.87,"y":0},{"time":0.9666,"x":-36.44,"y":17.35,"curve":[0.119,0.5,0.666,0.89]},{"time":1.1,"x":-10,"y":0},{"time":1.1333,"x":-8,"y":-8.09},{"time":1.1666,"x":-6,"y":0},{"time":1.2666,"x":0,"y":0}]},"EF_slash":{"translate":[{"time":0.4666,"x":-413.02,"y":64.85}],"scale":[{"time":0.4666,"x":1.154,"y":1.154}]},"R_shield":{"translate":[{"time":0,"x":0,"y":0,"curve":"stepped"},{"time":0.1,"x":0,"y":0},{"time":0.2,"x":70.62,"y":0,"curve":"stepped"},{"time":0.8333,"x":70.62,"y":0},{"time":0.8666,"x":68.76,"y":-9.35},{"time":1.0666,"x":0,"y":0,"curve":"stepped"},{"time":1.2666,"x":0,"y":0}]},"L_shield":{"translate":[{"time":0,"x":0,"y":0,"curve":"stepped"},{"time":0.1,"x":0,"y":0},{"time":0.2,"x":-20.39,"y":0,"curve":"stepped"},{"time":0.8333,"x":-20.39,"y":0},{"time":0.8666,"x":-18.08,"y":-9.25},{"time":1.0666,"x":0,"y":0,"curve":"stepped"},{"time":1.2666,"x":0,"y":0}]},"EF_trust":{"translate":[{"time":0.2,"x":-207.49,"y":36.33}],"scale":[{"time":0.2,"x":0.949,"y":3.799,"curve":"stepped"},{"time":0.2333,"x":0.949,"y":1.985}]},"DAMAGEAREA":{"translate":[{"time":0.2,"x":-96.1,"y":55.5,"curve":"stepped"},{"time":0.4666,"x":-209.93,"y":79.05}],"scale":[{"time":0.2,"x":1.776,"y":1,"curve":"stepped"},{"time":0.4666,"x":1.957,"y":1.219}]}},"events":[{"time":0,"name":"Event","float":0.1,"string":"kHitStopType_normal"},{"time":0.1666,"name":"Sound1","string":"cri_se_battle_skill_shot"},{"time":0.2,"name":"Sound2","string":"setHitSound(se_battle_hard_hit)"},{"time":0.2,"name":"Voice","string":"cri_158_voice_attack_random"},{"time":0.4333,"name":"Sound1","string":"cri_se_battle_monster_swish"},{"time":0.4666,"name":"Hit","string":"resetHitList"},{"time":0.4666,"name":"Sound2","string":"sethitSound(se_battle_019_sword_hit_03)"},{"time":0.9,"name":"Sound1","string":"cri_se_battle_jump"},{"time":1.1,"name":"Sound1","string":"cri_se_battle_landing"}]},"back":{"slots":{"MAIN":{"attachment":[{"time":0,"name":"back_00"},{"time":0.5,"name":"idle_03"},{"time":0.6,"name":"idle_02"},{"time":0.7,"name":"idle_01"},{"time":0.8,"name":"idle_00"}]}},"bones":{"MAIN":{"translate":[{"time":0,"x":0,"y":0},{"time":0.1666,"x":97.27,"y":17.35,"curve":[0.338,0.56,0.749,0.91]},{"time":0.5,"x":135,"y":0},{"time":0.5333,"x":135.55,"y":-4.62},{"time":0.5666,"x":136.11,"y":0},{"time":0.8,"x":140,"y":0}]},"L_shield":{"rotate":[{"time":0,"angle":0,"curve":"stepped"},{"time":0.8,"angle":0}],"translate":[{"time":0,"x":0,"y":0},{"time":0.5,"x":-1.21,"y":4.54},{"time":0.6,"x":-0.48,"y":-0.7},{"time":0.8,"x":0,"y":0}]},"R_shield":{"rotate":[{"time":0,"angle":0,"curve":"stepped"},{"time":0.8,"angle":0}],"translate":[{"time":0,"x":0,"y":0},{"time":0.5,"x":0.95,"y":4.61},{"time":0.6,"x":0.37,"y":-0.67},{"time":0.8,"x":0,"y":0}]}},"events":[{"time":0,"name":"Sound1","string":"cri_se_battle_jump"},{"time":0.5,"name":"Sound1","string":"cri_se_battle_landing"}]},"cast":{"slots":{"MAIN":{"attachment":[{"time":0.4333,"name":"skill2_00"},{"time":0.4666,"name":"attack1_02"},{"time":0.5,"name":"attack1_03"},{"time":0.6333,"name":"attack1_00"},{"time":0.6666,"name":"idle_00"}]}},"bones":{"MAIN":{"translate":[{"time":0.4333,"x":-26.87,"y":0,"curve":"stepped"},{"time":0.6333,"x":-26.87,"y":0},{"time":0.6666,"x":0,"y":0}]},"R_shield":{"translate":[{"time":0,"x":0,"y":0,"curve":"stepped"},{"time":0.4,"x":0,"y":0},{"time":0.4666,"x":55.18,"y":0,"curve":"stepped"},{"time":0.5333,"x":55.18,"y":0},{"time":0.6666,"x":0,"y":0}]},"L_shield":{"translate":[{"time":0,"x":0,"y":0,"curve":"stepped"},{"time":0.4,"x":0,"y":0},{"time":0.4666,"x":-44.45,"y":0,"curve":"stepped"},{"time":0.5333,"x":-44.45,"y":0},{"time":0.6666,"x":0,"y":0}]}},"events":[{"time":0.4,"name":"Voice","string":"cri_158_voice_item"},{"time":0.4333,"name":"Sound1","string":"cri_se_battle_monster_swish"},{"time":0.4666,"name":"Hit","string":"resetHitList"},{"time":0.4666,"name":"Sound2","string":"sethitSound(se_battle_019_sword_hit_03)"}]},"damage":{"slots":{"MAIN":{"attachment":[{"time":0,"name":"damage_00"}]}},"bones":{"L_shield":{"translate":[{"time":0,"x":-55.76,"y":-1.24}]},"R_shield":{"translate":[{"time":0,"x":32.03,"y":-6.38}]}}},"front":{"slots":{"MAIN":{"attachment":[{"time":0,"name":"attack1_01"}]}},"bones":{"MAIN":{"translate":[{"time":0,"x":0,"y":-5.19}]},"L_shield":{"rotate":[{"time":0,"angle":-77.79}],"translate":[{"time":0,"x":-24.96,"y":1.77}]},"R_shield":{"rotate":[{"time":0,"angle":-45.99}],"translate":[{"time":0,"x":49.69,"y":6.41}]}}},"idle":{"slots":{"MAIN":{"attachment":[{"time":0,"name":"idle_00"},{"time":0.1666,"name":"idle_01"},{"time":0.3333,"name":"idle_02"},{"time":0.5,"name":"idle_03"},{"time":0.6666,"name":"idle_02"},{"time":0.8333,"name":"idle_01"},{"time":1,"name":"idle_00"}]}},"bones":{"L_shield":{"rotate":[{"time":0,"angle":0}],"translate":[{"time":0,"x":0,"y":0},{"time":0.5,"x":0,"y":-6.03},{"time":1,"x":0,"y":0}]},"R_shield":{"rotate":[{"time":0,"angle":0}],"translate":[{"time":0,"x":0,"y":0},{"time":0.5,"x":0,"y":-6.03},{"time":1,"x":0,"y":0}]}}},"in":{"slots":{"MAIN":{"attachment":[{"time":0,"name":"idle_00"},{"time":0.1666,"name":"idle_01"},{"time":0.3333,"name":"idle_02"},{"time":0.5,"name":"idle_03"},{"time":0.6666,"name":"idle_02"},{"time":0.8333,"name":"idle_01"},{"time":1,"name":"idle_00"}]}},"bones":{"L_shield":{"rotate":[{"time":0,"angle":0}],"translate":[{"time":0,"x":0,"y":0},{"time":0.5,"x":0,"y":-6.03},{"time":1,"x":0,"y":0}]},"R_shield":{"rotate":[{"time":0,"angle":0}],"translate":[{"time":0,"x":0,"y":0},{"time":0.5,"x":0,"y":-6.03},{"time":1,"x":0,"y":0}]}},"events":[{"time":0,"name":"Event","string":"takeSummon2"}]},"skill1":{"slots":{"DAMAGEAREA":{"attachment":[{"time":0.5666,"name":"DAMAGEAREA"},{"time":0.7,"name":null},{"time":0.8666,"name":"DAMAGEAREA"},{"time":1,"name":null},{"time":1.6666,"name":"DAMAGEAREA"},{"time":1.7333,"name":null}]},"EF_atk1_1":{"attachment":[{"time":0.6333,"name":"EF/EF_atk/efr_ATK3_ex1_00001"},{"time":0.6666,"name":"EF/EF_atk/efr_ATK3_ex1_00002"},{"time":0.7,"name":"EF/EF_atk/efr_ATK3_ex1_00003"},{"time":0.7333,"name":"EF/EF_atk/efr_ATK3_ex1_00004"},{"time":0.7666,"name":null},{"time":0.8,"name":"EF/EF_atk/efr_ATK3_ex1_00001"},{"time":0.8333,"name":"EF/EF_atk/efr_ATK3_ex1_00002"},{"time":0.8666,"name":"EF/EF_atk/efr_ATK3_ex1_00003"},{"time":0.9,"name":"EF/EF_atk/efr_ATK3_ex1_00004"},{"time":0.9333,"name":null},{"time":1.1333,"name":"EF/EF_atk/efr_ATK3_ex1_00001"},{"time":1.1666,"name":"EF/EF_atk/efr_ATK3_ex1_00002"},{"time":1.2,"name":"EF/EF_atk/efr_ATK3_ex1_00003"},{"time":1.2333,"name":"EF/EF_atk/efr_ATK3_ex1_00004"},{"time":1.2666,"name":null}]},"EF_dash1_1":{"attachment":[{"time":0.5,"name":"EF/ef_dash_main/ef_dash_main_00001"},{"time":0.5333,"name":"EF/ef_dash_main/ef_dash_main_00002"},{"time":0.5666,"name":"EF/ef_dash_main/ef_dash_main_00003"},{"time":0.6,"name":"EF/ef_dash_main/ef_dash_main_00004"},{"time":0.6333,"name":"EF/ef_dash_main/ef_dash_main_00005"},{"time":0.6666,"name":"EF/ef_dash_main/ef_dash_main_00006"},{"time":0.7,"name":"EF/ef_dash_main/ef_dash_main_00007"},{"time":0.7333,"name":"EF/ef_dash_main/ef_dash_main_00008"},{"time":0.7666,"name":"EF/ef_dash_main/ef_dash_main_00009"},{"time":0.8,"name":"EF/ef_dash_main/ef_dash_main_00010"},{"time":0.8333,"name":"EF/ef_dash_main/ef_dash_main_00011"},{"time":0.8666,"name":"EF/ef_dash_main/ef_dash_main_00012"},{"time":0.9,"name":"EF/ef_dash_main/ef_dash_main_00013"},{"time":0.9333,"name":"EF/ef_dash_main/ef_dash_main_00014"},{"time":0.9666,"name":null}]},"EF_earth1_1":{"attachment":[{"time":0.6,"name":"EF/efr_ATK2_earth2_00001"}],"color":[{"time":0.6,"color":"ffffffff","curve":[0.25,0,0.838,0.45]},{"time":1.2666,"color":"ffffff00"}]},"EF_earth1_2":{"attachment":[{"time":0.8,"name":"EF/efr_ATK2_earth2_00001"}],"color":[{"time":0.8,"color":"ffffffff","curve":[0.25,0,0.838,0.45]},{"time":1.4666,"color":"ffffff00"}]},"EF_earth1_3":{"attachment":[{"time":1.1333,"name":"EF/efr_ATK2_earth2_00001"}],"color":[{"time":1.1333,"color":"ffffffff","curve":[0.25,0,0.838,0.45]},{"time":1.8,"color":"ffffff00"}]},"EF_rock1_1":{"attachment":[{"time":0.6,"name":"EF/690_S2_rock1/690_S2_rock1_00001"},{"time":0.6333,"name":"EF/690_S2_rock1/690_S2_rock1_00002"},{"time":0.6666,"name":"EF/690_S2_rock1/690_S2_rock1_00003"},{"time":0.7,"name":"EF/690_S2_rock1/690_S2_rock1_00004"},{"time":0.7333,"name":"EF/690_S2_rock1/690_S2_rock1_00005"},{"time":0.8,"name":"EF/690_S2_rock1/690_S2_rock1_00006"},{"time":0.8666,"name":null},{"time":1.1333,"name":"EF/690_S2_rock1/690_S2_rock1_00001"},{"time":1.1666,"name":"EF/690_S2_rock1/690_S2_rock1_00002"},{"time":1.2,"name":"EF/690_S2_rock1/690_S2_rock1_00003"},{"time":1.2333,"name":"EF/690_S2_rock1/690_S2_rock1_00004"},{"time":1.2666,"name":"EF/690_S2_rock1/690_S2_rock1_00005"},{"time":1.3333,"name":"EF/690_S2_rock1/690_S2_rock1_00006"},{"time":1.4,"name":null}]},"EF_rock1_2":{"attachment":[{"time":0.8,"name":"EF/690_S2_rock1/690_S2_rock1_00001"},{"time":0.8333,"name":"EF/690_S2_rock1/690_S2_rock1_00002"},{"time":0.8666,"name":"EF/690_S2_rock1/690_S2_rock1_00003"},{"time":0.9,"name":"EF/690_S2_rock1/690_S2_rock1_00004"},{"time":0.9666,"name":"EF/690_S2_rock1/690_S2_rock1_00005"},{"time":1.0333,"name":"EF/690_S2_rock1/690_S2_rock1_00006"},{"time":1.1,"name":null},{"time":1.1666,"name":"EF/690_S2_rock1/690_S2_rock1_00001"},{"time":1.2,"name":"EF/690_S2_rock1/690_S2_rock1_00002"},{"time":1.2333,"name":"EF/690_S2_rock1/690_S2_rock1_00003"},{"time":1.3,"name":"EF/690_S2_rock1/690_S2_rock1_00004"},{"time":1.3666,"name":"EF/690_S2_rock1/690_S2_rock1_00005"},{"time":1.4333,"name":"EF/690_S2_rock1/690_S2_rock1_00006"},{"time":1.5,"name":null}]},"EF_shock1_1":{"attachment":[{"time":0.6,"name":"EF/430_S1_shock2/430_S1_shock2_00001"},{"time":0.6333,"name":"EF/430_S1_shock2/430_S1_shock2_00003"},{"time":0.7,"name":"EF/430_S1_shock2/430_S1_shock2_00005"},{"time":0.7666,"name":"EF/430_S1_shock2/430_S1_shock2_00007"},{"time":0.8333,"name":null},{"time":1.1333,"name":"EF/430_S1_shock2/430_S1_shock2_00001"},{"time":1.1666,"name":"EF/430_S1_shock2/430_S1_shock2_00003"},{"time":1.2333,"name":"EF/430_S1_shock2/430_S1_shock2_00005"},{"time":1.3,"name":"EF/430_S1_shock2/430_S1_shock2_00007"},{"time":1.3666,"name":null}]},"EF_shock1_2":{"attachment":[{"time":0.8333,"name":"EF/430_S1_shock2/430_S1_shock2_00001"},{"time":0.8666,"name":"EF/430_S1_shock2/430_S1_shock2_00003"},{"time":0.9333,"name":"EF/430_S1_shock2/430_S1_shock2_00005"},{"time":1,"name":"EF/430_S1_shock2/430_S1_shock2_00007"},{"time":1.0666,"name":null}]},"EF_shockwave1_1":{"attachment":[{"time":1.6,"name":"EF/470_S1_wave1/470_S1_wave1_00000"},{"time":1.6333,"name":"EF/470_S1_wave1/470_S1_wave1_00001"},{"time":1.6666,"name":"EF/470_S1_wave1/470_S1_wave1_00002"},{"time":1.7,"name":"EF/470_S1_wave1/470_S1_wave1_00003"},{"time":1.7333,"name":"EF/470_S1_wave1/470_S1_wave1_00004"},{"time":1.7666,"name":"EF/470_S1_wave1/470_S1_wave1_00005"},{"time":1.8,"name":"EF/470_S1_wave1/470_S1_wave1_00006"},{"time":1.8333,"name":"EF/470_S1_wave1/470_S1_wave1_00007"},{"time":1.8666,"name":null}],"color":[{"time":1.7333,"color":"ffffffff"},{"time":1.8666,"color":"ffffff00"}]},"EF_slash1_1":{"attachment":[{"time":0.5333,"name":"EF/ef_slash_A_main/ef_slash_A_main_00001"},{"time":0.5666,"name":"EF/ef_slash_A_main/ef_slash_A_main_00002"},{"time":0.6,"name":"EF/ef_slash_A_main/ef_slash_A_main_00003"},{"time":0.6333,"name":"EF/ef_slash_A_main/ef_slash_A_main_00004"},{"time":0.6666,"name":"EF/ef_slash_A_main/ef_slash_A_main_00005"},{"time":0.7,"name":"EF/ef_slash_A_main/ef_slash_A_main_00006"},{"time":0.7333,"name":"EF/ef_slash_A_main/ef_slash_A_main_00007"},{"time":0.7666,"name":"EF/ef_slash_A_main/ef_slash_A_main_00008"},{"time":0.8,"name":null}]},"EF_slash2_1":{"attachment":[{"time":0.8333,"name":"EF/ef_slash_C_main/ef_slash_C_main_00001"},{"time":0.8666,"name":"EF/ef_slash_C_main/ef_slash_C_main_00002"},{"time":0.9,"name":"EF/ef_slash_C_main/ef_slash_C_main_00003"},{"time":0.9333,"name":"EF/ef_slash_C_main/ef_slash_C_main_00004"},{"time":0.9666,"name":"EF/ef_slash_C_main/ef_slash_C_main_00005"},{"time":1,"name":"EF/ef_slash_C_main/ef_slash_C_main_00006"},{"time":1.0333,"name":"EF/ef_slash_C_main/ef_slash_C_main_00007"},{"time":1.0666,"name":"EF/ef_slash_C_main/ef_slash_C_main_00008"},{"time":1.1,"name":null}]},"EF_wave1_1":{"attachment":[{"time":0.5,"name":"EF/ef_wave_main/ef_wave_main_00001"},{"time":0.5333,"name":"EF/ef_wave_main/ef_wave_main_00002"},{"time":0.5666,"name":"EF/ef_wave_main/ef_wave_main_00003"},{"time":0.6,"name":"EF/ef_wave_main/ef_wave_main_00004"},{"time":0.6333,"name":"EF/ef_wave_main/ef_wave_main_00005"},{"time":0.6666,"name":"EF/ef_wave_main/ef_wave_main_00006"},{"time":0.7,"name":"EF/ef_wave_main/ef_wave_main_00007"},{"time":0.7333,"name":"EF/ef_wave_main/ef_wave_main_00008"},{"time":0.7666,"name":"EF/ef_wave_main/ef_wave_main_00009"},{"time":0.8,"name":"EF/ef_wave_main/ef_wave_main_00010"},{"time":0.8333,"name":"EF/ef_wave_main/ef_wave_main_00011"},{"time":0.8666,"name":"EF/ef_wave_main/ef_wave_main_00012"},{"time":0.9,"name":"EF/ef_wave_main/ef_wave_main_00013"},{"time":0.9333,"name":"EF/ef_wave_main/ef_wave_main_00014"},{"time":0.9666,"name":null},{"time":1.1333,"name":"EF/ef_wave_main/ef_wave_main_00001"},{"time":1.1666,"name":"EF/ef_wave_main/ef_wave_main_00002"},{"time":1.2,"name":"EF/ef_wave_main/ef_wave_main_00003"},{"time":1.2333,"name":"EF/ef_wave_main/ef_wave_main_00004"},{"time":1.2666,"name":"EF/ef_wave_main/ef_wave_main_00005"},{"time":1.3,"name":"EF/ef_wave_main/ef_wave_main_00006"},{"time":1.3333,"name":"EF/ef_wave_main/ef_wave_main_00007"},{"time":1.3666,"name":"EF/ef_wave_main/ef_wave_main_00008"},{"time":1.4,"name":"EF/ef_wave_main/ef_wave_main_00009"},{"time":1.4333,"name":"EF/ef_wave_main/ef_wave_main_00010"},{"time":1.4666,"name":"EF/ef_wave_main/ef_wave_main_00011"},{"time":1.5,"name":"EF/ef_wave_main/ef_wave_main_00012"},{"time":1.5333,"name":"EF/ef_wave_main/ef_wave_main_00013"},{"time":1.5666,"name":"EF/ef_wave_main/ef_wave_main_00014"},{"time":1.6,"name":null}]},"EF_wave1_3":{"attachment":[{"time":0.8,"name":"EF/ef_wave_main/ef_wave_main_00001"},{"time":0.8333,"name":"EF/ef_wave_main/ef_wave_main_00002"},{"time":0.8666,"name":"EF/ef_wave_main/ef_wave_main_00003"},{"time":0.9,"name":"EF/ef_wave_main/ef_wave_main_00004"},{"time":0.9333,"name":"EF/ef_wave_main/ef_wave_main_00005"},{"time":0.9666,"name":"EF/ef_wave_main/ef_wave_main_00006"},{"time":1,"name":"EF/ef_wave_main/ef_wave_main_00007"},{"time":1.0333,"name":"EF/ef_wave_main/ef_wave_main_00008"},{"time":1.0666,"name":"EF/ef_wave_main/ef_wave_main_00009"},{"time":1.1,"name":"EF/ef_wave_main/ef_wave_main_00010"},{"time":1.1333,"name":"EF/ef_wave_main/ef_wave_main_00011"},{"time":1.1666,"name":"EF/ef_wave_main/ef_wave_main_00012"},{"time":1.2,"name":"EF/ef_wave_main/ef_wave_main_00013"},{"time":1.2333,"name":"EF/ef_wave_main/ef_wave_main_00014"},{"time":1.2666,"name":null}]},"MAIN":{"attachment":[{"time":0,"name":"idle_00"},{"time":0.1666,"name":"skill1_00"},{"time":0.5333,"name":"attack1_02"},{"time":0.5666,"name":"skill1_01"},{"time":0.6666,"name":"skill1_02"},{"time":0.8,"name":"skill1_03"},{"time":0.8666,"name":"skill1_04"},{"time":1,"name":"skill1_05"},{"time":1.1333,"name":"skill1_06"},{"time":1.6,"name":"skill1_07"},{"time":2,"name":"idle_00"}]}},"bones":{"MAIN":{"translate":[{"time":0,"x":1.44,"y":0,"curve":"stepped"},{"time":0.1666,"x":-21.97,"y":2.33,"curve":"stepped"},{"time":0.5333,"x":-66.79,"y":0.83,"curve":"stepped"},{"time":0.5666,"x":-98.92,"y":2.33,"curve":"stepped"},{"time":0.6666,"x":-137.52,"y":16.49,"curve":"stepped"},{"time":0.8,"x":-178.71,"y":6.45,"curve":"stepped"},{"time":0.8333,"x":-186.93,"y":1.22,"curve":"stepped"},{"time":0.8666,"x":-179.88,"y":5.86,"curve":"stepped"},{"time":1,"x":-212.36,"y":5.12,"curve":"stepped"},{"time":1.1333,"x":-259.18,"y":0.03,"curve":"stepped"},{"time":1.1666,"x":-265.16,"y":-5.93,"curve":"stepped"},{"time":1.2,"x":-275.62,"y":0.03,"curve":"stepped"},{"time":1.5666,"x":-236.6,"y":0.03,"curve":"stepped"},{"time":1.6,"x":-296.95,"y":1.44,"curve":"stepped"},{"time":1.6333,"x":-286.95,"y":1.44}]},"L_shield":{"translate":[{"time":0,"x":0,"y":0,"curve":"stepped"},{"time":0.1666,"x":-8.68,"y":0,"curve":"stepped"},{"time":2,"x":0,"y":0}]},"R_shield":{"translate":[{"time":0,"x":0,"y":0,"curve":"stepped"},{"time":0.1666,"x":28.11,"y":0,"curve":"stepped"},{"time":2,"x":0,"y":0}]},"DAMAGEAREA":{"translate":[{"time":0.5666,"x":-88.44,"y":118.99,"curve":"stepped"},{"time":0.8666,"x":-271.75,"y":118.99,"curve":"stepped"},{"time":1.6666,"x":-467.92,"y":118.99}],"scale":[{"time":0.5666,"x":3.637,"y":1.9,"curve":"stepped"},{"time":0.8666,"x":3.637,"y":1.9,"curve":"stepped"},{"time":1.6666,"x":4.982,"y":1.9}]},"EF_wave1_1":{"translate":[{"time":0.5,"x":-449.89,"y":1.92,"curve":"stepped"},{"time":1.1333,"x":-733.76,"y":-2.73}],"scale":[{"time":0.5,"x":2.5,"y":2.5}]},"EF_dash1_1":{"translate":[{"time":0.5,"x":-283.45,"y":0}],"scale":[{"time":0.5,"x":2.5,"y":2.5}]},"EF_wave1_3":{"translate":[{"time":0.8,"x":-640.06,"y":-5.76}],"scale":[{"time":0.8,"x":2.5,"y":2.5}]},"EF_slash1_1":{"translate":[{"time":0.5333,"x":-402.83,"y":35.69}],"scale":[{"time":0.5333,"x":4,"y":4}]},"EF_slash2_1":{"translate":[{"time":0.8333,"x":-451.28,"y":33.14}],"scale":[{"time":0.8333,"x":5.5,"y":5.5}]},"EF_shockwave1_1":{"translate":[{"time":1.6,"x":-832.92,"y":-46.93}],"scale":[{"time":1.6,"x":1,"y":1},{"time":1.7666,"x":7,"y":7}]},"EF_earth1_1":{"translate":[{"time":0.6,"x":-98.69,"y":0}],"scale":[{"time":0.6,"x":1,"y":1}]},"EF_earth1_2":{"translate":[{"time":0.8,"x":-241.04,"y":0}],"scale":[{"time":0.8,"x":1,"y":1}]},"EF_earth1_3":{"translate":[{"time":1.1333,"x":-342.03,"y":0}],"scale":[{"time":1.1333,"x":-1,"y":1}]},"EF_rock1_1":{"translate":[{"time":0.6,"x":-302.16,"y":0,"curve":"stepped"},{"time":1.1333,"x":-536.07,"y":-17.63}],"scale":[{"time":0.6,"x":1.5,"y":1.5}]},"EF_rock1_2":{"translate":[{"time":0.8,"x":-440.62,"y":0,"curve":"stepped"},{"time":1.1666,"x":-542.64,"y":0}],"scale":[{"time":0.8,"x":1.5,"y":1.5,"curve":"stepped"},{"time":1.1666,"x":-2.5,"y":2.5}]},"EF_atk1_1":{"translate":[{"time":0.6333,"x":-387.08,"y":0,"curve":"stepped"},{"time":0.8,"x":-491.43,"y":0,"curve":"stepped"},{"time":1.1333,"x":-584,"y":0}],"scale":[{"time":0.6333,"x":3.5,"y":3.5}]},"EF_shock1_1":{"rotate":[{"time":0.6,"angle":47.91,"curve":"stepped"},{"time":1.1333,"angle":90.04}],"translate":[{"time":0.6,"x":-345.28,"y":-98.65,"curve":"stepped"},{"time":1.1333,"x":-531.54,"y":-121.33}],"scale":[{"time":0.6,"x":3.5,"y":3.5}]},"EF_shock1_2":{"rotate":[{"time":0.8333,"angle":78.73}],"translate":[{"time":0.8333,"x":-441.99,"y":-103.42}],"scale":[{"time":0.8333,"x":3.5,"y":3.5}]}},"drawOrder":[{"time":0.8333,"offsets":[{"slot":"EF_slash2_1","offset":-16}]},{"time":1.1333,"offsets":[{"slot":"EF_slash2_1","offset":-16},{"slot":"EF_rock1_2","offset":-19}]}],"events":[{"time":0,"name":"Event","float":0.1,"string":"kHitStopType_normal"},{"time":0.0333,"name":"Event","string":"kImpactType_knock"},{"time":0.0666,"name":"Event","string":"setHitBackEnemy(50,0)"},{"time":0.5,"name":"Sound1","string":"cri_se_battle_skill_swish"},{"time":0.5,"name":"Voice","string":"cri_158_voice_skill_all"},{"time":0.5666,"name":"Sound2","string":"setHitSound(se_battle_sword_heavy_hit)"},{"time":0.6333,"name":"Hit","string":"resetHitList"},{"time":0.8333,"name":"Sound1","string":"cri_se_battle_skill_swish"},{"time":0.8666,"name":"Hit","string":"resetHitList"},{"time":0.8666,"name":"Sound2","string":"setHitSound(se_battle_sword_heavy_hit)"},{"time":0.9333,"name":"Hit","string":"resetHitList"},{"time":1.5,"name":"Event","float":0.2,"string":"kHitStopType_normal"},{"time":1.6,"name":"Sound1","string":"cri_se_battle_skill_shot"},{"time":1.6,"name":"Sound2","string":"cri_se_battle_arrow_light_effect"},{"time":1.6333,"name":"Event","string":"shakeGround"},{"time":1.6666,"name":"Hit","string":"resetHitList"},{"time":1.6666,"name":"Sound2","string":"setHitSound(se_battle_sword_heavy_hit)"}]},"skill2":{"slots":{"DAMAGEAREA":{"attachment":[{"time":0.3666,"name":"DAMAGEAREA"},{"time":0.5666,"name":null},{"time":0.9666,"name":"DAMAGEAREA"},{"time":1.8,"name":null}]},"EF_atk1_1":{"attachment":[{"time":0.9,"name":"EF/EF_atk/efr_ATK3_ex1_00001"},{"time":0.9333,"name":"EF/EF_atk/efr_ATK3_ex1_00002"},{"time":1,"name":"EF/EF_atk/efr_ATK3_ex1_00003"},{"time":1.0666,"name":"EF/EF_atk/efr_ATK3_ex1_00004"},{"time":1.1333,"name":null}]},"EF_charge1_1":{"attachment":[{"time":0.3666,"name":"EF/620_S2_charge1/620_S2_charge1_00052"},{"time":0.4,"name":"EF/620_S2_charge1/620_S2_charge1_00053"},{"time":0.4333,"name":"EF/620_S2_charge1/620_S2_charge1_00054"},{"time":0.4666,"name":"EF/620_S2_charge1/620_S2_charge1_00055"},{"time":0.5,"name":"EF/620_S2_charge1/620_S2_charge1_00056"},{"time":0.5333,"name":"EF/620_S2_charge1/620_S2_charge1_00057"},{"time":0.5666,"name":"EF/620_S2_charge1/620_S2_charge1_00058"},{"time":0.6,"name":"EF/620_S2_charge1/620_S2_charge1_00059"},{"time":0.6333,"name":"EF/620_S2_charge1/620_S2_charge1_00060"},{"time":0.6666,"name":"EF/620_S2_charge1/620_S2_charge1_00061"},{"time":0.7,"name":"EF/620_S2_charge1/620_S2_charge1_00062"},{"time":0.7666,"name":null}],"color":[{"time":0.6666,"color":"ffffffff"},{"time":0.7666,"color":"ffffff00"}]},"EF_dash1_1":{"attachment":[{"time":0.3666,"name":"EF/ef_dash_main/ef_dash_main_00001"},{"time":0.4,"name":"EF/ef_dash_main/ef_dash_main_00002"},{"time":0.4333,"name":"EF/ef_dash_main/ef_dash_main_00003"},{"time":0.4666,"name":"EF/ef_dash_main/ef_dash_main_00004"},{"time":0.5,"name":"EF/ef_dash_main/ef_dash_main_00005"},{"time":0.5333,"name":"EF/ef_dash_main/ef_dash_main_00006"},{"time":0.5666,"name":"EF/ef_dash_main/ef_dash_main_00007"},{"time":0.6,"name":"EF/ef_dash_main/ef_dash_main_00009"},{"time":0.6333,"name":"EF/ef_dash_main/ef_dash_main_00009"},{"time":0.6666,"name":"EF/ef_dash_main/ef_dash_main_00010"},{"time":0.7,"name":"EF/ef_dash_main/ef_dash_main_00011"},{"time":0.7333,"name":"EF/ef_dash_main/ef_dash_main_00012"},{"time":0.7666,"name":"EF/ef_dash_main/ef_dash_main_00013"},{"time":0.8,"name":"EF/ef_dash_main/ef_dash_main_00014"},{"time":0.8333,"name":null}]},"EF_power1_1":{"attachment":[{"time":0.5666,"name":"EF/620_S2_charge1/720_S1_power2_00001"},{"time":0.6,"name":"EF/620_S2_charge1/720_S1_power2_00002"},{"time":0.6333,"name":"EF/620_S2_charge1/720_S1_power2_00003"},{"time":0.6666,"name":"EF/620_S2_charge1/720_S1_power2_00004"},{"time":0.7,"name":"EF/620_S2_charge1/720_S1_power2_00005"},{"time":0.7666,"name":"EF/620_S2_charge1/720_S1_power2_00006"},{"time":0.8333,"name":"EF/620_S2_charge1/720_S1_power2_00007"},{"time":0.9,"name":null}],"color":[{"time":0.7,"color":"ffffffff","curve":[0.096,0.26,0.673,0.92]},{"time":0.9,"color":"ffffff00"}]},"EF_shield_light1_1":{"attachment":[{"time":0.0333,"name":"EF/900_S2_sphire1_00004"}],"color":[{"time":0,"color":"ffffff00"},{"time":0.1333,"color":"ffffffff","curve":[0.145,0.59,0.427,0.9]},{"time":0.3333,"color":"ffffff00"}]},"EF_shield_light1_2":{"attachment":[{"time":0.0333,"name":"EF/900_S2_sphire1_00004"}],"color":[{"time":0,"color":"ffffff00"},{"time":0.1333,"color":"ffffffff","curve":[0.145,0.59,0.427,0.9]},{"time":0.3333,"color":"ffffff00"}]},"EF_shockwave1_1":{"attachment":[{"time":1.6666,"name":"EF/470_S1_wave1/470_S1_wave1_00000"},{"time":1.7,"name":"EF/470_S1_wave1/470_S1_wave1_00001"},{"time":1.7333,"name":"EF/470_S1_wave1/470_S1_wave1_00002"},{"time":1.7666,"name":"EF/470_S1_wave1/470_S1_wave1_00003"},{"time":1.8,"name":"EF/470_S1_wave1/470_S1_wave1_00004"},{"time":1.8333,"name":"EF/470_S1_wave1/470_S1_wave1_00005"},{"time":1.9,"name":"EF/470_S1_wave1/470_S1_wave1_00006"},{"time":1.9666,"name":"EF/470_S1_wave1/470_S1_wave1_00007"},{"time":2.0333,"name":null}],"color":[{"time":1.8333,"color":"ffffffff"},{"time":2.0333,"color":"ffffff00"}]},"EF_shockwave1_2":{"attachment":[{"time":1.6666,"name":"EF/470_S1_wave1/470_S1_wave1_00000"},{"time":1.7,"name":"EF/470_S1_wave1/470_S1_wave1_00001"},{"time":1.7333,"name":"EF/470_S1_wave1/470_S1_wave1_00002"},{"time":1.7666,"name":"EF/470_S1_wave1/470_S1_wave1_00003"},{"time":1.8,"name":"EF/470_S1_wave1/470_S1_wave1_00004"},{"time":1.8333,"name":"EF/470_S1_wave1/470_S1_wave1_00005"},{"time":1.9,"name":"EF/470_S1_wave1/470_S1_wave1_00006"},{"time":1.9666,"name":"EF/470_S1_wave1/470_S1_wave1_00007"},{"time":2.0333,"name":null}],"color":[{"time":1.8333,"color":"ffffffff"},{"time":2.0333,"color":"ffffff00"}]},"EF_wave1_1":{"attachment":[{"time":0.3333,"name":"EF/ef_wave_main/ef_wave_main_00001"},{"time":0.3666,"name":"EF/ef_wave_main/ef_wave_main_00002"},{"time":0.4,"name":"EF/ef_wave_main/ef_wave_main_00003"},{"time":0.4333,"name":"EF/ef_wave_main/ef_wave_main_00004"},{"time":0.4666,"name":"EF/ef_wave_main/ef_wave_main_00005"},{"time":0.5,"name":"EF/ef_wave_main/ef_wave_main_00006"},{"time":0.5333,"name":"EF/ef_wave_main/ef_wave_main_00007"},{"time":0.5666,"name":"EF/ef_wave_main/ef_wave_main_00008"},{"time":0.6,"name":"EF/ef_wave_main/ef_wave_main_00009"},{"time":0.6333,"name":"EF/ef_wave_main/ef_wave_main_00010"},{"time":0.6666,"name":"EF/ef_wave_main/ef_wave_main_00011"},{"time":0.7,"name":"EF/ef_wave_main/ef_wave_main_00012"},{"time":0.7333,"name":"EF/ef_wave_main/ef_wave_main_00013"},{"time":0.7666,"name":"EF/ef_wave_main/ef_wave_main_00014"},{"time":0.8,"name":null},{"time":0.9,"name":"EF/ef_wave_main/ef_wave_main_00001"},{"time":0.9333,"name":"EF/ef_wave_main/ef_wave_main_00002"},{"time":0.9666,"name":"EF/ef_wave_main/ef_wave_main_00003"},{"time":1,"name":"EF/ef_wave_main/ef_wave_main_00004"},{"time":1.0333,"name":"EF/ef_wave_main/ef_wave_main_00005"},{"time":1.0666,"name":"EF/ef_wave_main/ef_wave_main_00006"},{"time":1.1,"name":"EF/ef_wave_main/ef_wave_main_00007"},{"time":1.1333,"name":"EF/ef_wave_main/ef_wave_main_00008"},{"time":1.1666,"name":"EF/ef_wave_main/ef_wave_main_00009"},{"time":1.2,"name":"EF/ef_wave_main/ef_wave_main_00010"},{"time":1.2333,"name":"EF/ef_wave_main/ef_wave_main_00011"},{"time":1.2666,"name":"EF/ef_wave_main/ef_wave_main_00012"},{"time":1.3,"name":"EF/ef_wave_main/ef_wave_main_00013"},{"time":1.3333,"name":"EF/ef_wave_main/ef_wave_main_00014"},{"time":1.3666,"name":null},{"time":1.5,"name":"EF/ef_wave_main/ef_wave_main_00001"},{"time":1.5333,"name":"EF/ef_wave_main/ef_wave_main_00002"},{"time":1.5666,"name":"EF/ef_wave_main/ef_wave_main_00003"},{"time":1.6,"name":"EF/ef_wave_main/ef_wave_main_00004"},{"time":1.6333,"name":"EF/ef_wave_main/ef_wave_main_00005"},{"time":1.6666,"name":"EF/ef_wave_main/ef_wave_main_00006"},{"time":1.7,"name":"EF/ef_wave_main/ef_wave_main_00007"},{"time":1.7333,"name":"EF/ef_wave_main/ef_wave_main_00008"},{"time":1.7666,"name":"EF/ef_wave_main/ef_wave_main_00009"},{"time":1.8,"name":"EF/ef_wave_main/ef_wave_main_00010"},{"time":1.8333,"name":"EF/ef_wave_main/ef_wave_main_00011"},{"time":1.8666,"name":"EF/ef_wave_main/ef_wave_main_00012"},{"time":1.9,"name":"EF/ef_wave_main/ef_wave_main_00013"},{"time":1.9333,"name":"EF/ef_wave_main/ef_wave_main_00014"},{"time":1.9666,"name":null}]},"EF_wave1_2":{"attachment":[{"time":1.1,"name":"EF/ef_wave_main/ef_wave_main_00001"},{"time":1.1333,"name":"EF/ef_wave_main/ef_wave_main_00002"},{"time":1.1666,"name":"EF/ef_wave_main/ef_wave_main_00003"},{"time":1.2,"name":"EF/ef_wave_main/ef_wave_main_00004"},{"time":1.2333,"name":"EF/ef_wave_main/ef_wave_main_00005"},{"time":1.2666,"name":"EF/ef_wave_main/ef_wave_main_00006"},{"time":1.3,"name":"EF/ef_wave_main/ef_wave_main_00007"},{"time":1.3333,"name":"EF/ef_wave_main/ef_wave_main_00008"},{"time":1.3666,"name":"EF/ef_wave_main/ef_wave_main_00009"},{"time":1.4,"name":"EF/ef_wave_main/ef_wave_main_00010"},{"time":1.4333,"name":"EF/ef_wave_main/ef_wave_main_00011"},{"time":1.4666,"name":"EF/ef_wave_main/ef_wave_main_00012"},{"time":1.5,"name":"EF/ef_wave_main/ef_wave_main_00013"},{"time":1.5333,"name":"EF/ef_wave_main/ef_wave_main_00014"},{"time":1.5666,"name":null}]},"EF_wave1_3":{"attachment":[{"time":1.3,"name":"EF/ef_wave_main/ef_wave_main_00001"},{"time":1.3333,"name":"EF/ef_wave_main/ef_wave_main_00002"},{"time":1.3666,"name":"EF/ef_wave_main/ef_wave_main_00003"},{"time":1.4,"name":"EF/ef_wave_main/ef_wave_main_00004"},{"time":1.4333,"name":"EF/ef_wave_main/ef_wave_main_00005"},{"time":1.4666,"name":"EF/ef_wave_main/ef_wave_main_00006"},{"time":1.5,"name":"EF/ef_wave_main/ef_wave_main_00007"},{"time":1.5333,"name":"EF/ef_wave_main/ef_wave_main_00008"},{"time":1.5666,"name":"EF/ef_wave_main/ef_wave_main_00009"},{"time":1.6,"name":"EF/ef_wave_main/ef_wave_main_00010"},{"time":1.6333,"name":"EF/ef_wave_main/ef_wave_main_00011"},{"time":1.6666,"name":"EF/ef_wave_main/ef_wave_main_00012"},{"time":1.7,"name":"EF/ef_wave_main/ef_wave_main_00013"},{"time":1.7333,"name":"EF/ef_wave_main/ef_wave_main_00014"},{"time":1.7666,"name":null}]},"EF_wave2_1":{"attachment":[{"time":0.9,"name":"EF/520A_S2_wave1/520A_S2_wave1_00000"},{"time":0.9333,"name":"EF/520A_S2_wave1/520A_S2_wave1_00001"},{"time":0.9666,"name":"EF/520A_S2_wave1/520A_S2_wave1_00002"},{"time":1,"name":"EF/520A_S2_wave1/520A_S2_wave1_00003"},{"time":1.0333,"name":"EF/520A_S2_wave1/520A_S2_wave1_00004"},{"time":1.0666,"name":"EF/520A_S2_wave1/520A_S2_wave1_00005"},{"time":1.1,"name":"EF/520A_S2_wave1/520A_S2_wave1_00006"},{"time":1.1333,"name":"EF/520A_S2_wave1/520A_S2_wave1_00007"},{"time":1.1666,"name":"EF/520A_S2_wave1/520A_S2_wave1_00008"},{"time":1.2,"name":"EF/520A_S2_wave1/520A_S2_wave1_00009"},{"time":1.2333,"name":"EF/520A_S2_wave1/520A_S2_wave1_00010"},{"time":1.2666,"name":"EF/520A_S2_wave1/520A_S2_wave1_00011"},{"time":1.3,"name":"EF/520A_S2_wave1/520A_S2_wave1_00012"},{"time":1.3333,"name":null}],"color":[{"time":0.8666,"color":"ffffff00"},{"time":0.9666,"color":"ffffffff","curve":"stepped"},{"time":1.1666,"color":"ffffffff"},{"time":1.3333,"color":"ffffff00"}]},"EF_wave2_2":{"attachment":[{"time":0.9666,"name":"EF/520A_S2_wave1/520A_S2_wave1_00000"},{"time":1,"name":"EF/520A_S2_wave1/520A_S2_wave1_00001"},{"time":1.0333,"name":"EF/520A_S2_wave1/520A_S2_wave1_00002"},{"time":1.0666,"name":"EF/520A_S2_wave1/520A_S2_wave1_00003"},{"time":1.1,"name":"EF/520A_S2_wave1/520A_S2_wave1_00004"},{"time":1.1333,"name":"EF/520A_S2_wave1/520A_S2_wave1_00005"},{"time":1.1666,"name":"EF/520A_S2_wave1/520A_S2_wave1_00006"},{"time":1.2,"name":"EF/520A_S2_wave1/520A_S2_wave1_00007"},{"time":1.2333,"name":"EF/520A_S2_wave1/520A_S2_wave1_00008"},{"time":1.2666,"name":"EF/520A_S2_wave1/520A_S2_wave1_00009"},{"time":1.3,"name":"EF/520A_S2_wave1/520A_S2_wave1_00010"},{"time":1.3333,"name":"EF/520A_S2_wave1/520A_S2_wave1_00011"},{"time":1.3666,"name":"EF/520A_S2_wave1/520A_S2_wave1_00012"},{"time":1.4,"name":null}],"color":[{"time":0.9333,"color":"ffffff00"},{"time":1.0333,"color":"ffffffff","curve":"stepped"},{"time":1.2333,"color":"ffffffff"},{"time":1.4,"color":"ffffff00"}]},"EF_weapon_rot1_1":{"attachment":[{"time":0.3666,"name":"EF/ef_rot_sword_main/ef_rot_sword_main_00001"},{"time":0.4,"name":"EF/ef_rot_sword_main/ef_rot_sword_main_00003"},{"time":0.4333,"name":"EF/ef_rot_sword_main/ef_rot_sword_main_00005"},{"time":0.4666,"name":"EF/ef_rot_sword_main/ef_rot_sword_main_00007"},{"time":0.5,"name":"EF/ef_rot_sword_main/ef_rot_sword_main_00009"},{"time":0.5333,"name":"EF/ef_rot_sword_main/ef_rot_sword_main_00011"},{"time":0.5666,"name":"EF/ef_rot_sword_main/ef_rot_sword_main_00001"},{"time":0.6,"name":"EF/ef_rot_sword_main/ef_rot_sword_main_00003"},{"time":0.6333,"name":"EF/ef_rot_sword_main/ef_rot_sword_main_00005"},{"time":0.6666,"name":"EF/ef_rot_sword_main/ef_rot_sword_main_00009"},{"time":0.7,"name":"EF/ef_rot_sword_main/ef_rot_sword_main_00011"},{"time":0.7333,"name":null}]},"MAIN":{"attachment":[{"time":0,"name":"idle_00"},{"time":0.1333,"name":"skill2_00"},{"time":0.3666,"name":"skill2_01"},{"time":0.5,"name":"skill2_02"},{"time":0.6666,"name":"skill2_03"},{"time":0.9,"name":"skill2_04"},{"time":2,"name":"attack1_00"},{"time":2.1,"name":"idle_03"},{"time":2.1666,"name":"idle_00"}]}},"bones":{"MAIN":{"translate":[{"time":0,"x":0,"y":0,"curve":"stepped"},{"time":0.1333,"x":-84.52,"y":0,"curve":"stepped"},{"time":0.2,"x":-84.52,"y":-12.41,"curve":"stepped"},{"time":0.3666,"x":-114.15,"y":61.61,"curve":[0.19,0.87,0.476,1]},{"time":0.8333,"x":-176.01,"y":245.89,"curve":"stepped"},{"time":0.8666,"x":-176.01,"y":297.69,"curve":"stepped"},{"time":0.9,"x":-308.2,"y":-0.58,"curve":"stepped"},{"time":0.9333,"x":-308.2,"y":-11.27,"curve":"stepped"},{"time":0.9666,"x":-308.2,"y":6,"curve":"stepped"},{"time":1,"x":-308.2,"y":-8.9,"curve":"stepped"},{"time":2,"x":-306.11,"y":3.93,"curve":"stepped"},{"time":2.1,"x":-287.25,"y":3.93},{"time":2.1333,"x":-287.25,"y":2.59},{"time":2.1666,"x":-287.25,"y":3.93}],"scale":[{"time":0.1333,"x":1,"y":1,"curve":"stepped"},{"time":0.2,"x":1,"y":0.922,"curve":"stepped"},{"time":0.3666,"x":1,"y":1}]},"L_shield":{"translate":[{"time":0,"x":0,"y":0,"curve":"stepped"},{"time":0.1333,"x":0,"y":0}]},"R_shield":{"translate":[{"time":0,"x":0,"y":0,"curve":"stepped"},{"time":0.1333,"x":0,"y":0}]},"DAMAGEAREA":{"translate":[{"time":0.3666,"x":-125.42,"y":160.79},{"time":0.4,"x":-172.05,"y":173.29},{"time":0.4666,"x":-189.74,"y":176.24,"curve":"stepped"},{"time":0.9666,"x":-448.63,"y":178.48},{"time":1,"x":-448.63,"y":312.56}],"scale":[{"time":0.3666,"x":2.712,"y":2.712,"curve":"stepped"},{"time":1,"x":2.712,"y":5.427},{"time":1.1,"x":5.384,"y":5.427}]},"EF_shield_light1_1":{"scale":[{"time":0.0333,"x":1,"y":1,"curve":[0.114,0.69,0.75,1]},{"time":0.3333,"x":6.232,"y":6.232}]},"EF_shield_light1_2":{"scale":[{"time":0.0333,"x":1,"y":1,"curve":[0.272,0.46,0.75,1]},{"time":0.3333,"x":6.232,"y":6.232}]},"EF_charge1_1":{"translate":[{"time":0.3666,"x":-408.13,"y":100.36,"curve":[0.161,0.69,0.75,1]},{"time":0.7666,"x":-479.06,"y":291.71}],"scale":[{"time":0.3666,"x":6,"y":6},{"time":0.7666,"x":4,"y":4}]},"EF_dash1_1":{"translate":[{"time":0.3666,"x":-398.59,"y":0}],"scale":[{"time":0.3666,"x":2.5,"y":2.5}]},"EF_wave1_1":{"translate":[{"time":0.3333,"x":-509.16,"y":-4.85,"curve":"stepped"},{"time":0.9,"x":-881.97,"y":-4.85}],"scale":[{"time":0.3333,"x":2.5,"y":2.5,"curve":"stepped"},{"time":0.9,"x":2.5,"y":2.5},{"time":1.1,"x":4,"y":4,"curve":"stepped"},{"time":1.5,"x":2.5,"y":2.5},{"time":1.7,"x":4,"y":4}]},"EF_weapon_rot1_1":{"rotate":[{"time":0.5666,"angle":5}],"translate":[{"time":0.3666,"x":-478.42,"y":161.9,"curve":[0.267,0.67,0.75,1]},{"time":0.7,"x":-539.68,"y":284.42}],"scale":[{"time":0.3666,"x":5,"y":5},{"time":0.7,"x":4,"y":4}]},"EF_power1_1":{"translate":[{"time":0.5666,"x":-473.09,"y":208.19,"curve":[0.139,0.83,0.413,1]},{"time":0.8333,"x":-481.22,"y":243.32},{"time":0.8666,"x":-480.27,"y":282.31}],"scale":[{"time":0.5666,"x":5,"y":5,"curve":"stepped"},{"time":0.7333,"x":5,"y":5,"curve":[0.096,0.44,0.75,1]},{"time":0.8666,"x":8.377,"y":8.377}]},"EF_wave1_3":{"translate":[{"time":1.3,"x":-881.97,"y":-4.85}],"scale":[{"time":1.3,"x":2.5,"y":2.5},{"time":1.5,"x":4,"y":4}]},"EF_wave1_2":{"translate":[{"time":1.1,"x":-881.97,"y":-4.85}],"scale":[{"time":1.1,"x":2.5,"y":2.5},{"time":1.3,"x":4,"y":4}]},"EF_atk1_1":{"translate":[{"time":0.9,"x":-731.95,"y":0}],"scale":[{"time":0.9,"x":2.499,"y":2.499,"curve":[0.125,0.57,0.75,1]},{"time":1.1,"x":5,"y":5}]},"EF_wave2_1":{"translate":[{"time":0.9,"x":-881.78,"y":354.65}],"scale":[{"time":0.9,"x":5,"y":3.5},{"time":1.0666,"x":7.58,"y":5.306}]},"EF_wave2_2":{"translate":[{"time":0.9666,"x":-881.78,"y":597.83}],"scale":[{"time":0.9666,"x":5,"y":3.5},{"time":1.1333,"x":7.58,"y":5.306}]},"EF_shockwave1_1":{"rotate":[{"time":1.6666,"angle":-70.27}],"translate":[{"time":1.6666,"x":-684.44,"y":56.47}],"scale":[{"time":1.6666,"x":3,"y":3},{"time":1.7666,"x":9,"y":9},{"time":2,"x":10,"y":10}]},"EF_shockwave1_2":{"rotate":[{"time":1.6666,"angle":67.17}],"translate":[{"time":1.6666,"x":-684.44,"y":56.47}],"scale":[{"time":1.6666,"x":-3,"y":3},{"time":1.7666,"x":-9,"y":9},{"time":2,"x":-10,"y":10}]}},"events":[{"time":0,"name":"Event","float":0.1,"string":"kHitStopType_normal"},{"time":0.0333,"name":"Event","string":"kImpactType_up"},{"time":0.0666,"name":"Event","string":"setHitBackEnemy(50,0)"},{"time":0.1,"name":"Event","string":"addOrbitSystemCamera_ShieldBuff_center"},{"time":0.3666,"name":"Event","string":"shakeGround"},{"time":0.3666,"name":"Sound1","string":"cri_se_battle_jump"},{"time":0.3666,"name":"Sound2","string":"cri_se_battle_charge"},{"time":0.4333,"name":"Hit","string":"resetHitList"},{"time":0.5,"name":"Hit","string":"resetHitList"},{"time":0.5666,"name":"Sound2","string":"cri_se_battle_arrow_light_effect"},{"time":0.9,"name":"Voice","string":"cri_158_voice_fullarts_rank5"},{"time":0.9333,"name":"Event","float":0.2,"string":"kHitStopType_normal"},{"time":0.9666,"name":"Event","string":"shakeGround"},{"time":0.9666,"name":"Hit","string":"resetHitList"},{"time":0.9666,"name":"Sound1","string":"cri_se_battle_darkness_explosion"},{"time":0.9666,"name":"Sound2","string":"setHitSound(se_battle_007_attack_hit_01)"},{"time":0.9666,"name":"Sound3","string":"cri_se_battle_skill_elxplosion"},{"time":1.0333,"name":"Event","float":0.1,"string":"kHitStopType_enemyonly"},{"time":1.0333,"name":"Hit","string":"resetHitList"},{"time":1.1,"name":"Event","string":"shakeGround"},{"time":1.1,"name":"Hit","string":"resetHitList"},{"time":1.1666,"name":"Hit","string":"resetHitList"},{"time":1.2333,"name":"Hit","string":"resetHitList"},{"time":1.3,"name":"Event","string":"shakeGround"},{"time":1.3,"name":"Hit","string":"resetHitList"},{"time":1.3666,"name":"Hit","string":"resetHitList"},{"time":1.4333,"name":"Hit","string":"resetHitList"},{"time":1.5,"name":"Hit","string":"resetHitList"},{"time":1.5333,"name":"Event","string":"shakeGround"},{"time":1.5666,"name":"Hit","string":"resetHitList"},{"time":1.6333,"name":"Hit","string":"resetHitList"},{"time":1.7333,"name":"Event","string":"shakeGround"},{"time":1.7333,"name":"Hit","string":"resetHitList"}]},"skill3":{"slots":{"DAMAGEAREA":{"attachment":[{"time":0.2,"name":"DAMAGEAREA"},{"time":0.6333,"name":null},{"time":1.2333,"name":"DAMAGEAREA"},{"time":2.6666,"name":null},{"time":3.0666,"name":"DAMAGEAREA"},{"time":3.1333,"name":null}]},"EF_atk1_1":{"attachment":[{"time":1.2333,"name":"EF/EF_atk/efr_ATK3_ex1_00001"},{"time":1.2666,"name":"EF/EF_atk/efr_ATK3_ex1_00002"},{"time":1.3,"name":"EF/EF_atk/efr_ATK3_ex1_00003"},{"time":1.3666,"name":"EF/EF_atk/efr_ATK3_ex1_00004"},{"time":1.4333,"name":null}]},"EF_charge1_1":{"attachment":[{"time":0.4666,"name":"EF/620_S2_charge1/620_S2_charge1_00052"},{"time":0.5,"name":"EF/620_S2_charge1/620_S2_charge1_00053"},{"time":0.5333,"name":"EF/620_S2_charge1/620_S2_charge1_00054"},{"time":0.5666,"name":"EF/620_S2_charge1/620_S2_charge1_00055"},{"time":0.6,"name":"EF/620_S2_charge1/620_S2_charge1_00056"},{"time":0.6333,"name":"EF/620_S2_charge1/620_S2_charge1_00057"},{"time":0.6666,"name":"EF/620_S2_charge1/620_S2_charge1_00058"},{"time":0.7,"name":"EF/620_S2_charge1/620_S2_charge1_00059"},{"time":0.7333,"name":"EF/620_S2_charge1/620_S2_charge1_00060"},{"time":0.7666,"name":"EF/620_S2_charge1/620_S2_charge1_00061"},{"time":0.8,"name":"EF/620_S2_charge1/620_S2_charge1_00062"},{"time":0.8666,"name":null}],"color":[{"time":0.7666,"color":"ffffffff"},{"time":0.8666,"color":"ffffff00"}]},"EF_dash1_1":{"attachment":[{"time":0.2,"name":"EF/ef_dash_main/ef_dash_main_00001"},{"time":0.2333,"name":"EF/ef_dash_main/ef_dash_main_00002"},{"time":0.2666,"name":"EF/ef_dash_main/ef_dash_main_00003"},{"time":0.3,"name":"EF/ef_dash_main/ef_dash_main_00004"},{"time":0.3333,"name":"EF/ef_dash_main/ef_dash_main_00005"},{"time":0.3666,"name":"EF/ef_dash_main/ef_dash_main_00006"},{"time":0.4,"name":"EF/ef_dash_main/ef_dash_main_00007"},{"time":0.4333,"name":"EF/ef_dash_main/ef_dash_main_00008"},{"time":0.4666,"name":"EF/ef_dash_main/ef_dash_main_00009"},{"time":0.5,"name":"EF/ef_dash_main/ef_dash_main_00010"},{"time":0.5333,"name":"EF/ef_dash_main/ef_dash_main_00011"},{"time":0.5666,"name":"EF/ef_dash_main/ef_dash_main_00012"},{"time":0.6,"name":"EF/ef_dash_main/ef_dash_main_00013"},{"time":0.6333,"name":"EF/ef_dash_main/ef_dash_main_00014"},{"time":0.6666,"name":null},{"time":3,"name":"EF/ef_dash_main/ef_dash_main_00001"},{"time":3.0333,"name":"EF/ef_dash_main/ef_dash_main_00002"},{"time":3.0666,"name":"EF/ef_dash_main/ef_dash_main_00003"},{"time":3.1,"name":"EF/ef_dash_main/ef_dash_main_00004"},{"time":3.1333,"name":"EF/ef_dash_main/ef_dash_main_00005"},{"time":3.1666,"name":"EF/ef_dash_main/ef_dash_main_00006"},{"time":3.2,"name":"EF/ef_dash_main/ef_dash_main_00007"},{"time":3.2333,"name":"EF/ef_dash_main/ef_dash_main_00008"},{"time":3.2666,"name":"EF/ef_dash_main/ef_dash_main_00009"},{"time":3.3,"name":"EF/ef_dash_main/ef_dash_main_00010"},{"time":3.3333,"name":"EF/ef_dash_main/ef_dash_main_00011"},{"time":3.3666,"name":"EF/ef_dash_main/ef_dash_main_00012"},{"time":3.4,"name":"EF/ef_dash_main/ef_dash_main_00013"},{"time":3.4333,"name":"EF/ef_dash_main/ef_dash_main_00014"},{"time":3.4666,"name":null}]},"EF_power1_1":{"attachment":[{"time":0.7666,"name":"EF/620_S2_charge1/720_S1_power2_00001"},{"time":0.8,"name":"EF/620_S2_charge1/720_S1_power2_00002"},{"time":0.8333,"name":"EF/620_S2_charge1/720_S1_power2_00003"},{"time":0.8666,"name":"EF/620_S2_charge1/720_S1_power2_00004"},{"time":0.9,"name":"EF/620_S2_charge1/720_S1_power2_00005"},{"time":0.9666,"name":"EF/620_S2_charge1/720_S1_power2_00006"},{"time":1.0333,"name":"EF/620_S2_charge1/720_S1_power2_00007"},{"time":1.1,"name":null}],"color":[{"time":0.9333,"color":"ffffffff"},{"time":1.1,"color":"ffffff00"}]},"EF_rock1_1":{"attachment":[{"time":0.2,"name":"EF/690_S2_rock1/690_S2_rock1_00001"},{"time":0.2333,"name":"EF/690_S2_rock1/690_S2_rock1_00002"},{"time":0.2666,"name":"EF/690_S2_rock1/690_S2_rock1_00003"},{"time":0.3,"name":"EF/690_S2_rock1/690_S2_rock1_00004"},{"time":0.3666,"name":"EF/690_S2_rock1/690_S2_rock1_00005"},{"time":0.4333,"name":"EF/690_S2_rock1/690_S2_rock1_00006"},{"time":0.5,"name":null}]},"EF_rock1_2":{"attachment":[{"time":0.2,"name":"EF/690_S2_rock1/690_S2_rock1_00001"},{"time":0.2333,"name":"EF/690_S2_rock1/690_S2_rock1_00002"},{"time":0.2666,"name":"EF/690_S2_rock1/690_S2_rock1_00003"},{"time":0.3,"name":"EF/690_S2_rock1/690_S2_rock1_00004"},{"time":0.3333,"name":"EF/690_S2_rock1/690_S2_rock1_00005"},{"time":0.4,"name":"EF/690_S2_rock1/690_S2_rock1_00006"},{"time":0.4666,"name":null},{"time":1.3333,"name":"EF/690_S2_rock1/690_S2_rock1_00001"},{"time":1.3666,"name":"EF/690_S2_rock1/690_S2_rock1_00002"},{"time":1.4,"name":"EF/690_S2_rock1/690_S2_rock1_00003"},{"time":1.4333,"name":"EF/690_S2_rock1/690_S2_rock1_00004"},{"time":1.5,"name":"EF/690_S2_rock1/690_S2_rock1_00005"},{"time":1.5666,"name":"EF/690_S2_rock1/690_S2_rock1_00006"},{"time":1.6333,"name":null},{"time":1.8,"name":"EF/690_S2_rock1/690_S2_rock1_00001"},{"time":1.8333,"name":"EF/690_S2_rock1/690_S2_rock1_00002"},{"time":1.8666,"name":"EF/690_S2_rock1/690_S2_rock1_00003"},{"time":1.9,"name":"EF/690_S2_rock1/690_S2_rock1_00004"},{"time":1.9666,"name":"EF/690_S2_rock1/690_S2_rock1_00005"},{"time":2.0333,"name":"EF/690_S2_rock1/690_S2_rock1_00006"},{"time":2.1,"name":null},{"time":2.2666,"name":"EF/690_S2_rock1/690_S2_rock1_00001"},{"time":2.3,"name":"EF/690_S2_rock1/690_S2_rock1_00002"},{"time":2.3333,"name":"EF/690_S2_rock1/690_S2_rock1_00003"},{"time":2.3666,"name":"EF/690_S2_rock1/690_S2_rock1_00004"},{"time":2.4333,"name":"EF/690_S2_rock1/690_S2_rock1_00005"},{"time":2.5,"name":"EF/690_S2_rock1/690_S2_rock1_00006"},{"time":2.5666,"name":null}]},"EF_rock1_4":{"attachment":[{"time":1.5666,"name":"EF/690_S2_rock1/690_S2_rock1_00001"},{"time":1.6,"name":"EF/690_S2_rock1/690_S2_rock1_00002"},{"time":1.6333,"name":"EF/690_S2_rock1/690_S2_rock1_00003"},{"time":1.6666,"name":"EF/690_S2_rock1/690_S2_rock1_00004"},{"time":1.7333,"name":"EF/690_S2_rock1/690_S2_rock1_00005"},{"time":1.8,"name":"EF/690_S2_rock1/690_S2_rock1_00006"},{"time":1.8666,"name":null},{"time":2.0333,"name":"EF/690_S2_rock1/690_S2_rock1_00001"},{"time":2.0666,"name":"EF/690_S2_rock1/690_S2_rock1_00002"},{"time":2.1,"name":"EF/690_S2_rock1/690_S2_rock1_00003"},{"time":2.1333,"name":"EF/690_S2_rock1/690_S2_rock1_00004"},{"time":2.2,"name":"EF/690_S2_rock1/690_S2_rock1_00005"},{"time":2.2666,"name":"EF/690_S2_rock1/690_S2_rock1_00006"},{"time":2.3333,"name":null},{"time":2.5,"name":"EF/690_S2_rock1/690_S2_rock1_00001"},{"time":2.5333,"name":"EF/690_S2_rock1/690_S2_rock1_00002"},{"time":2.5666,"name":"EF/690_S2_rock1/690_S2_rock1_00003"},{"time":2.6,"name":"EF/690_S2_rock1/690_S2_rock1_00004"},{"time":2.6666,"name":"EF/690_S2_rock1/690_S2_rock1_00005"},{"time":2.7333,"name":"EF/690_S2_rock1/690_S2_rock1_00006"},{"time":2.8,"name":null}]},"EF_shield_light1_1":{"attachment":[{"time":0.0333,"name":"EF/900_S2_sphire1_00004"}],"color":[{"time":0,"color":"ffffff00"},{"time":0.1333,"color":"ffffffff","curve":[0.145,0.59,0.427,0.9]},{"time":0.3333,"color":"ffffff00"}]},"EF_shield_light1_2":{"attachment":[{"time":0.0333,"name":"EF/900_S2_sphire1_00004"}],"color":[{"time":0,"color":"ffffff00"},{"time":0.1333,"color":"ffffffff","curve":[0.145,0.59,0.427,0.9]},{"time":0.3333,"color":"ffffff00"}]},"EF_shock1_1":{"attachment":[{"time":0.3,"name":"EF/430_S1_shock2/430_S1_shock2_00001"},{"time":0.3333,"name":"EF/430_S1_shock2/430_S1_shock2_00003"},{"time":0.4,"name":"EF/430_S1_shock2/430_S1_shock2_00005"},{"time":0.4666,"name":"EF/430_S1_shock2/430_S1_shock2_00007"},{"time":0.5333,"name":null}]},"EF_shockwave1_1":{"attachment":[{"time":0.1666,"name":"EF/470_S1_wave1/470_S1_wave1_00000"},{"time":0.2,"name":"EF/470_S1_wave1/470_S1_wave1_00001"},{"time":0.2333,"name":"EF/470_S1_wave1/470_S1_wave1_00002"},{"time":0.2666,"name":"EF/470_S1_wave1/470_S1_wave1_00003"},{"time":0.3,"name":"EF/470_S1_wave1/470_S1_wave1_00004"},{"time":0.3333,"name":"EF/470_S1_wave1/470_S1_wave1_00005"},{"time":0.3666,"name":"EF/470_S1_wave1/470_S1_wave1_00006"},{"time":0.4,"name":"EF/470_S1_wave1/470_S1_wave1_00007"},{"time":0.4333,"name":null},{"time":2.5333,"name":"EF/470_S1_wave1/470_S1_wave1_00000"},{"time":2.5666,"name":"EF/470_S1_wave1/470_S1_wave1_00001"},{"time":2.6,"name":"EF/470_S1_wave1/470_S1_wave1_00002"},{"time":2.6333,"name":"EF/470_S1_wave1/470_S1_wave1_00003"},{"time":2.6666,"name":"EF/470_S1_wave1/470_S1_wave1_00004"},{"time":2.7,"name":"EF/470_S1_wave1/470_S1_wave1_00005"},{"time":2.7666,"name":"EF/470_S1_wave1/470_S1_wave1_00006"},{"time":2.8333,"name":"EF/470_S1_wave1/470_S1_wave1_00007"},{"time":2.9,"name":null},{"time":3,"name":"EF/470_S1_wave1/470_S1_wave1_00000"},{"time":3.0333,"name":"EF/470_S1_wave1/470_S1_wave1_00001"},{"time":3.0666,"name":"EF/470_S1_wave1/470_S1_wave1_00002"},{"time":3.1,"name":"EF/470_S1_wave1/470_S1_wave1_00003"},{"time":3.1333,"name":"EF/470_S1_wave1/470_S1_wave1_00004"},{"time":3.1666,"name":"EF/470_S1_wave1/470_S1_wave1_00005"},{"time":3.2,"name":"EF/470_S1_wave1/470_S1_wave1_00006"},{"time":3.2333,"name":"EF/470_S1_wave1/470_S1_wave1_00007"},{"time":3.2666,"name":null}],"color":[{"time":2.7,"color":"ffffffff"},{"time":2.9,"color":"ffffff00","curve":"stepped"},{"time":3,"color":"ffffffff"}]},"EF_shockwave1_2":{"attachment":[{"time":2.5333,"name":"EF/470_S1_wave1/470_S1_wave1_00000"},{"time":2.5666,"name":"EF/470_S1_wave1/470_S1_wave1_00001"},{"time":2.6,"name":"EF/470_S1_wave1/470_S1_wave1_00002"},{"time":2.6333,"name":"EF/470_S1_wave1/470_S1_wave1_00003"},{"time":2.6666,"name":"EF/470_S1_wave1/470_S1_wave1_00004"},{"time":2.7,"name":"EF/470_S1_wave1/470_S1_wave1_00005"},{"time":2.7666,"name":"EF/470_S1_wave1/470_S1_wave1_00006"},{"time":2.8333,"name":"EF/470_S1_wave1/470_S1_wave1_00007"},{"time":2.9,"name":null}],"color":[{"time":2.7,"color":"ffffffff"},{"time":2.9,"color":"ffffff00"}]},"EF_slash1_1":{"attachment":[{"time":0.4333,"name":"EF/ef_slash_A_main/ef_slash_A_main_00001"},{"time":0.4666,"name":"EF/ef_slash_A_main/ef_slash_A_main_00002"},{"time":0.5,"name":"EF/ef_slash_A_main/ef_slash_A_main_00003"},{"time":0.5333,"name":"EF/ef_slash_A_main/ef_slash_A_main_00004"},{"time":0.5666,"name":"EF/ef_slash_A_main/ef_slash_A_main_00005"},{"time":0.6,"name":null}],"color":[{"time":0.5333,"color":"ffffffff"},{"time":0.6,"color":"ffffff00"}]},"EF_wave1_1":{"attachment":[{"time":0.2,"name":"EF/ef_wave_main/ef_wave_main_00001"},{"time":0.2333,"name":"EF/ef_wave_main/ef_wave_main_00003"},{"time":0.2666,"name":"EF/ef_wave_main/ef_wave_main_00005"},{"time":0.3,"name":"EF/ef_wave_main/ef_wave_main_00007"},{"time":0.3333,"name":"EF/ef_wave_main/ef_wave_main_00009"},{"time":0.3666,"name":"EF/ef_wave_main/ef_wave_main_00011"},{"time":0.4,"name":"EF/ef_wave_main/ef_wave_main_00012"},{"time":0.4333,"name":"EF/ef_wave_main/ef_wave_main_00013"},{"time":0.4666,"name":"EF/ef_wave_main/ef_wave_main_00014"},{"time":0.5,"name":null},{"time":1.2333,"name":"EF/ef_wave_main/ef_wave_main_00001"},{"time":1.2666,"name":"EF/ef_wave_main/ef_wave_main_00002"},{"time":1.3,"name":"EF/ef_wave_main/ef_wave_main_00003"},{"time":1.3333,"name":"EF/ef_wave_main/ef_wave_main_00004"},{"time":1.3666,"name":"EF/ef_wave_main/ef_wave_main_00005"},{"time":1.4,"name":"EF/ef_wave_main/ef_wave_main_00006"},{"time":1.4333,"name":"EF/ef_wave_main/ef_wave_main_00007"},{"time":1.4666,"name":"EF/ef_wave_main/ef_wave_main_00008"},{"time":1.5,"name":"EF/ef_wave_main/ef_wave_main_00009"},{"time":1.5333,"name":"EF/ef_wave_main/ef_wave_main_00010"},{"time":1.5666,"name":"EF/ef_wave_main/ef_wave_main_00011"},{"time":1.6,"name":"EF/ef_wave_main/ef_wave_main_00012"},{"time":1.6333,"name":"EF/ef_wave_main/ef_wave_main_00013"},{"time":1.6666,"name":"EF/ef_wave_main/ef_wave_main_00014"},{"time":1.7,"name":null},{"time":1.8333,"name":"EF/ef_wave_main/ef_wave_main_00001"},{"time":1.8666,"name":"EF/ef_wave_main/ef_wave_main_00002"},{"time":1.9,"name":"EF/ef_wave_main/ef_wave_main_00003"},{"time":1.9333,"name":"EF/ef_wave_main/ef_wave_main_00004"},{"time":1.9666,"name":"EF/ef_wave_main/ef_wave_main_00005"},{"time":2,"name":"EF/ef_wave_main/ef_wave_main_00006"},{"time":2.0333,"name":"EF/ef_wave_main/ef_wave_main_00007"},{"time":2.0666,"name":"EF/ef_wave_main/ef_wave_main_00008"},{"time":2.1,"name":"EF/ef_wave_main/ef_wave_main_00009"},{"time":2.1333,"name":"EF/ef_wave_main/ef_wave_main_00010"},{"time":2.1666,"name":"EF/ef_wave_main/ef_wave_main_00011"},{"time":2.2,"name":"EF/ef_wave_main/ef_wave_main_00012"},{"time":2.2333,"name":"EF/ef_wave_main/ef_wave_main_00013"},{"time":2.2666,"name":"EF/ef_wave_main/ef_wave_main_00014"},{"time":2.3,"name":null},{"time":2.9666,"name":"EF/ef_wave_main/ef_wave_main_00001"},{"time":3,"name":"EF/ef_wave_main/ef_wave_main_00002"},{"time":3.0333,"name":"EF/ef_wave_main/ef_wave_main_00003"},{"time":3.0666,"name":"EF/ef_wave_main/ef_wave_main_00004"},{"time":3.1,"name":"EF/ef_wave_main/ef_wave_main_00005"},{"time":3.1333,"name":"EF/ef_wave_main/ef_wave_main_00006"},{"time":3.1666,"name":"EF/ef_wave_main/ef_wave_main_00007"},{"time":3.2,"name":"EF/ef_wave_main/ef_wave_main_00008"},{"time":3.2333,"name":"EF/ef_wave_main/ef_wave_main_00009"},{"time":3.2666,"name":"EF/ef_wave_main/ef_wave_main_00010"},{"time":3.3,"name":"EF/ef_wave_main/ef_wave_main_00011"},{"time":3.3333,"name":"EF/ef_wave_main/ef_wave_main_00012"},{"time":3.3666,"name":"EF/ef_wave_main/ef_wave_main_00013"},{"time":3.4,"name":"EF/ef_wave_main/ef_wave_main_00014"},{"time":3.4333,"name":null}]},"EF_wave1_2":{"attachment":[{"time":0.4666,"name":"EF/ef_wave_main/ef_wave_main_00001"},{"time":0.5,"name":"EF/ef_wave_main/ef_wave_main_00002"},{"time":0.5333,"name":"EF/ef_wave_main/ef_wave_main_00003"},{"time":0.5666,"name":"EF/ef_wave_main/ef_wave_main_00004"},{"time":0.6,"name":"EF/ef_wave_main/ef_wave_main_00005"},{"time":0.6333,"name":"EF/ef_wave_main/ef_wave_main_00006"},{"time":0.6666,"name":"EF/ef_wave_main/ef_wave_main_00007"},{"time":0.7,"name":"EF/ef_wave_main/ef_wave_main_00008"},{"time":0.7333,"name":"EF/ef_wave_main/ef_wave_main_00009"},{"time":0.7666,"name":"EF/ef_wave_main/ef_wave_main_00010"},{"time":0.8,"name":"EF/ef_wave_main/ef_wave_main_00011"},{"time":0.8333,"name":"EF/ef_wave_main/ef_wave_main_00012"},{"time":0.8666,"name":"EF/ef_wave_main/ef_wave_main_00013"},{"time":0.9,"name":"EF/ef_wave_main/ef_wave_main_00014"},{"time":0.9333,"name":null},{"time":1.4333,"name":"EF/ef_wave_main/ef_wave_main_00001"},{"time":1.4666,"name":"EF/ef_wave_main/ef_wave_main_00002"},{"time":1.5,"name":"EF/ef_wave_main/ef_wave_main_00003"},{"time":1.5333,"name":"EF/ef_wave_main/ef_wave_main_00004"},{"time":1.5666,"name":"EF/ef_wave_main/ef_wave_main_00005"},{"time":1.6,"name":"EF/ef_wave_main/ef_wave_main_00006"},{"time":1.6333,"name":"EF/ef_wave_main/ef_wave_main_00007"},{"time":1.6666,"name":"EF/ef_wave_main/ef_wave_main_00008"},{"time":1.7,"name":"EF/ef_wave_main/ef_wave_main_00009"},{"time":1.7333,"name":"EF/ef_wave_main/ef_wave_main_00010"},{"time":1.7666,"name":"EF/ef_wave_main/ef_wave_main_00011"},{"time":1.8,"name":"EF/ef_wave_main/ef_wave_main_00012"},{"time":1.8333,"name":"EF/ef_wave_main/ef_wave_main_00013"},{"time":1.8666,"name":"EF/ef_wave_main/ef_wave_main_00014"},{"time":1.9,"name":null},{"time":2.0333,"name":"EF/ef_wave_main/ef_wave_main_00001"},{"time":2.0666,"name":"EF/ef_wave_main/ef_wave_main_00002"},{"time":2.1,"name":"EF/ef_wave_main/ef_wave_main_00003"},{"time":2.1333,"name":"EF/ef_wave_main/ef_wave_main_00004"},{"time":2.1666,"name":"EF/ef_wave_main/ef_wave_main_00005"},{"time":2.2,"name":"EF/ef_wave_main/ef_wave_main_00006"},{"time":2.2333,"name":"EF/ef_wave_main/ef_wave_main_00007"},{"time":2.2666,"name":"EF/ef_wave_main/ef_wave_main_00008"},{"time":2.3,"name":"EF/ef_wave_main/ef_wave_main_00009"},{"time":2.3333,"name":"EF/ef_wave_main/ef_wave_main_00010"},{"time":2.3666,"name":"EF/ef_wave_main/ef_wave_main_00011"},{"time":2.4,"name":"EF/ef_wave_main/ef_wave_main_00012"},{"time":2.4333,"name":"EF/ef_wave_main/ef_wave_main_00013"},{"time":2.4666,"name":"EF/ef_wave_main/ef_wave_main_00014"},{"time":2.5,"name":null},{"time":3.0666,"name":"EF/ef_wave_main/ef_wave_main_00001"},{"time":3.1,"name":"EF/ef_wave_main/ef_wave_main_00002"},{"time":3.1333,"name":"EF/ef_wave_main/ef_wave_main_00003"},{"time":3.1666,"name":"EF/ef_wave_main/ef_wave_main_00004"},{"time":3.2,"name":"EF/ef_wave_main/ef_wave_main_00005"},{"time":3.2333,"name":"EF/ef_wave_main/ef_wave_main_00006"},{"time":3.2666,"name":"EF/ef_wave_main/ef_wave_main_00007"},{"time":3.3,"name":"EF/ef_wave_main/ef_wave_main_00008"},{"time":3.3333,"name":"EF/ef_wave_main/ef_wave_main_00009"},{"time":3.3666,"name":"EF/ef_wave_main/ef_wave_main_00010"},{"time":3.4,"name":"EF/ef_wave_main/ef_wave_main_00011"},{"time":3.4333,"name":"EF/ef_wave_main/ef_wave_main_00012"},{"time":3.4666,"name":"EF/ef_wave_main/ef_wave_main_00013"},{"time":3.5,"name":"EF/ef_wave_main/ef_wave_main_00014"},{"time":3.5333,"name":null}]},"EF_wave1_3":{"attachment":[{"time":1.6333,"name":"EF/ef_wave_main/ef_wave_main_00001"},{"time":1.6666,"name":"EF/ef_wave_main/ef_wave_main_00002"},{"time":1.7,"name":"EF/ef_wave_main/ef_wave_main_00003"},{"time":1.7333,"name":"EF/ef_wave_main/ef_wave_main_00004"},{"time":1.7666,"name":"EF/ef_wave_main/ef_wave_main_00005"},{"time":1.8,"name":"EF/ef_wave_main/ef_wave_main_00006"},{"time":1.8333,"name":"EF/ef_wave_main/ef_wave_main_00007"},{"time":1.8666,"name":"EF/ef_wave_main/ef_wave_main_00008"},{"time":1.9,"name":"EF/ef_wave_main/ef_wave_main_00009"},{"time":1.9333,"name":"EF/ef_wave_main/ef_wave_main_00010"},{"time":1.9666,"name":"EF/ef_wave_main/ef_wave_main_00011"},{"time":2,"name":"EF/ef_wave_main/ef_wave_main_00012"},{"time":2.0333,"name":"EF/ef_wave_main/ef_wave_main_00013"},{"time":2.0666,"name":"EF/ef_wave_main/ef_wave_main_00014"},{"time":2.1,"name":null},{"time":2.2333,"name":"EF/ef_wave_main/ef_wave_main_00001"},{"time":2.2666,"name":"EF/ef_wave_main/ef_wave_main_00002"},{"time":2.3,"name":"EF/ef_wave_main/ef_wave_main_00003"},{"time":2.3333,"name":"EF/ef_wave_main/ef_wave_main_00004"},{"time":2.3666,"name":"EF/ef_wave_main/ef_wave_main_00005"},{"time":2.4,"name":"EF/ef_wave_main/ef_wave_main_00006"},{"time":2.4333,"name":"EF/ef_wave_main/ef_wave_main_00007"},{"time":2.4666,"name":"EF/ef_wave_main/ef_wave_main_00008"},{"time":2.5,"name":"EF/ef_wave_main/ef_wave_main_00009"},{"time":2.5333,"name":"EF/ef_wave_main/ef_wave_main_00010"},{"time":2.5666,"name":"EF/ef_wave_main/ef_wave_main_00011"},{"time":2.6,"name":"EF/ef_wave_main/ef_wave_main_00012"},{"time":2.6333,"name":"EF/ef_wave_main/ef_wave_main_00013"},{"time":2.6666,"name":"EF/ef_wave_main/ef_wave_main_00014"},{"time":2.7,"name":null},{"time":3.1666,"name":"EF/ef_wave_main/ef_wave_main_00001"},{"time":3.2,"name":"EF/ef_wave_main/ef_wave_main_00002"},{"time":3.2333,"name":"EF/ef_wave_main/ef_wave_main_00003"},{"time":3.2666,"name":"EF/ef_wave_main/ef_wave_main_00004"},{"time":3.3,"name":"EF/ef_wave_main/ef_wave_main_00005"},{"time":3.3333,"name":"EF/ef_wave_main/ef_wave_main_00006"},{"time":3.3666,"name":"EF/ef_wave_main/ef_wave_main_00007"},{"time":3.4,"name":"EF/ef_wave_main/ef_wave_main_00008"},{"time":3.4333,"name":"EF/ef_wave_main/ef_wave_main_00009"},{"time":3.4666,"name":"EF/ef_wave_main/ef_wave_main_00010"},{"time":3.5,"name":"EF/ef_wave_main/ef_wave_main_00011"},{"time":3.5333,"name":"EF/ef_wave_main/ef_wave_main_00012"},{"time":3.5666,"name":"EF/ef_wave_main/ef_wave_main_00013"},{"time":3.6,"name":"EF/ef_wave_main/ef_wave_main_00014"},{"time":3.6333,"name":null}]},"EF_wave2_1":{"attachment":[{"time":1.3,"name":"EF/520A_S2_wave1/520A_S2_wave1_00000"},{"time":1.3333,"name":"EF/520A_S2_wave1/520A_S2_wave1_00001"},{"time":1.3666,"name":"EF/520A_S2_wave1/520A_S2_wave1_00002"},{"time":1.4,"name":"EF/520A_S2_wave1/520A_S2_wave1_00003"},{"time":1.4333,"name":"EF/520A_S2_wave1/520A_S2_wave1_00004"},{"time":1.4666,"name":"EF/520A_S2_wave1/520A_S2_wave1_00005"},{"time":1.5,"name":"EF/520A_S2_wave1/520A_S2_wave1_00006"},{"time":1.5333,"name":"EF/520A_S2_wave1/520A_S2_wave1_00007"},{"time":1.5666,"name":"EF/520A_S2_wave1/520A_S2_wave1_00008"},{"time":1.6,"name":"EF/520A_S2_wave1/520A_S2_wave1_00009"},{"time":1.6333,"name":"EF/520A_S2_wave1/520A_S2_wave1_00010"},{"time":1.6666,"name":"EF/520A_S2_wave1/520A_S2_wave1_00011"},{"time":1.7,"name":"EF/520A_S2_wave1/520A_S2_wave1_00012"},{"time":1.7333,"name":null}],"color":[{"time":1.2666,"color":"ffffff00"},{"time":1.3666,"color":"ffffffff","curve":"stepped"},{"time":1.5666,"color":"ffffffff"},{"time":1.7333,"color":"ffffff00"}]},"EF_wave2_2":{"attachment":[{"time":1.3666,"name":"EF/520A_S2_wave1/520A_S2_wave1_00000"},{"time":1.4,"name":"EF/520A_S2_wave1/520A_S2_wave1_00001"},{"time":1.4333,"name":"EF/520A_S2_wave1/520A_S2_wave1_00002"},{"time":1.4666,"name":"EF/520A_S2_wave1/520A_S2_wave1_00003"},{"time":1.5,"name":"EF/520A_S2_wave1/520A_S2_wave1_00004"},{"time":1.5333,"name":"EF/520A_S2_wave1/520A_S2_wave1_00005"},{"time":1.5666,"name":"EF/520A_S2_wave1/520A_S2_wave1_00006"},{"time":1.6,"name":"EF/520A_S2_wave1/520A_S2_wave1_00007"},{"time":1.6333,"name":"EF/520A_S2_wave1/520A_S2_wave1_00008"},{"time":1.6666,"name":"EF/520A_S2_wave1/520A_S2_wave1_00009"},{"time":1.7,"name":"EF/520A_S2_wave1/520A_S2_wave1_00010"},{"time":1.7333,"name":"EF/520A_S2_wave1/520A_S2_wave1_00011"},{"time":1.7666,"name":"EF/520A_S2_wave1/520A_S2_wave1_00012"},{"time":1.8,"name":null}],"color":[{"time":1.3333,"color":"ffffff00"},{"time":1.4333,"color":"ffffffff","curve":"stepped"},{"time":1.6333,"color":"ffffffff"},{"time":1.8,"color":"ffffff00"}]},"EF_weapon_rot1_1":{"attachment":[{"time":0.5,"name":"EF/ef_rot_sword_main/ef_rot_sword_main_00001"},{"time":0.5333,"name":"EF/ef_rot_sword_main/ef_rot_sword_main_00003"},{"time":0.5666,"name":"EF/ef_rot_sword_main/ef_rot_sword_main_00005"},{"time":0.6,"name":"EF/ef_rot_sword_main/ef_rot_sword_main_00007"},{"time":0.6333,"name":"EF/ef_rot_sword_main/ef_rot_sword_main_00009"},{"time":0.6666,"name":"EF/ef_rot_sword_main/ef_rot_sword_main_00011"},{"time":0.7,"name":"EF/ef_rot_sword_main/ef_rot_sword_main_00001"},{"time":0.7333,"name":"EF/ef_rot_sword_main/ef_rot_sword_main_00003"},{"time":0.7666,"name":"EF/ef_rot_sword_main/ef_rot_sword_main_00005"},{"time":0.8,"name":"EF/ef_rot_sword_main/ef_rot_sword_main_00006"},{"time":0.8333,"name":"EF/ef_rot_sword_main/ef_rot_sword_main_00007"},{"time":0.8666,"name":"EF/ef_rot_sword_main/ef_rot_sword_main_00008"},{"time":0.9,"name":"EF/ef_rot_sword_main/ef_rot_sword_main_00009"},{"time":0.9333,"name":"EF/ef_rot_sword_main/ef_rot_sword_main_00010"},{"time":0.9666,"name":"EF/ef_rot_sword_main/ef_rot_sword_main_00011"},{"time":1,"name":null}]},"MAIN":{"attachment":[{"time":0,"name":"attack1_00"},{"time":0.2,"name":"attack1_01"},{"time":0.4666,"name":"attack1_02"},{"time":0.5,"name":"skill2_01"},{"time":0.7666,"name":"skill2_02"},{"time":0.9666,"name":"skill2_03"},{"time":1.2333,"name":"skill2_04"},{"time":2.3333,"name":"skill1_02"},{"time":2.4666,"name":"skill1_01"},{"time":2.5666,"name":"skill1_06"},{"time":3,"name":"skill1_07"},{"time":3.8666,"name":"skill1_02"},{"time":3.9666,"name":"attack1_00"},{"time":4.1,"name":"idle_03"},{"time":4.1666,"name":"idle_00"}]}},"bones":{"MAIN":{"translate":[{"time":0,"x":0,"y":0,"curve":[0.131,0.68,0.75,1]},{"time":0.1666,"x":4.87,"y":0,"curve":[0.127,0.68,0.485,0.94]},{"time":0.2,"x":-42.68,"y":0,"curve":[0.048,0.78,0.332,0.94]},{"time":0.4,"x":-133.04,"y":0},{"time":0.4666,"x":-132.1,"y":-0.77},{"time":0.5333,"x":-155.3,"y":97.29,"curve":[0.135,0.68,0.75,1]},{"time":0.9333,"x":-160.36,"y":296.21},{"time":1.1333,"x":-175.17,"y":354.69},{"time":1.2333,"x":-242.35,"y":-6.18},{"time":1.2666,"x":-242.35,"y":-17.85},{"time":1.3,"x":-242.35,"y":-6.18},{"time":1.3333,"x":-242.35,"y":-17.85},{"time":1.3666,"x":-242.35,"y":-6.18,"curve":"stepped"},{"time":2.3333,"x":-149.23,"y":15.22,"curve":"stepped"},{"time":2.4666,"x":-127.43,"y":0.04,"curve":"stepped"},{"time":2.5666,"x":-106.26,"y":0.04,"curve":[0.136,0.61,0.469,0.83]},{"time":2.9666,"x":-24.18,"y":0.04,"curve":[0.177,0.37,0.52,0.73]},{"time":3,"x":-92.32,"y":1.98},{"time":3.0333,"x":-153.31,"y":0.04,"curve":[0.141,0.62,0.418,0.82]},{"time":3.5666,"x":-184.81,"y":0.04,"curve":"stepped"},{"time":3.8666,"x":-184.81,"y":0.04,"curve":"stepped"},{"time":3.9666,"x":-181.66,"y":3.93,"curve":"stepped"},{"time":4.1,"x":-158.78,"y":3.93},{"time":4.1333,"x":-158.78,"y":-0.94},{"time":4.1666,"x":-158.78,"y":3.93}]},"HITBOX":{"translate":[{"time":1,"x":6.23,"y":0}]},"R_shield":{"rotate":[{"time":0,"angle":0,"curve":"stepped"},{"time":3.1666,"angle":0}],"translate":[{"time":0,"x":0,"y":0},{"time":0.2,"x":70.62,"y":0,"curve":"stepped"},{"time":0.6,"x":0,"y":0,"curve":"stepped"},{"time":3.1666,"x":0,"y":0}]},"L_shield":{"rotate":[{"time":0,"angle":0,"curve":"stepped"},{"time":3.1666,"angle":0}],"translate":[{"time":0,"x":0,"y":0},{"time":0.2,"x":-20.39,"y":0,"curve":"stepped"},{"time":0.6,"x":0,"y":0,"curve":"stepped"},{"time":3.1666,"x":0,"y":0}]},"EF_shield_light1_2":{"scale":[{"time":0.0333,"x":1,"y":1,"curve":[0.272,0.46,0.75,1]},{"time":0.3333,"x":6.232,"y":6.232}]},"EF_shield_light1_1":{"scale":[{"time":0.0333,"x":1,"y":1,"curve":[0.114,0.69,0.75,1]},{"time":0.3333,"x":6.232,"y":6.232}]},"EF_dash1_1":{"translate":[{"time":0.2,"x":-263.17,"y":0,"curve":"stepped"},{"time":3,"x":-263.17,"y":0}],"scale":[{"time":0.2,"x":3,"y":3}]},"EF_wave1_1":{"translate":[{"time":0.2,"x":-455.07,"y":0,"curve":"stepped"},{"time":1.2333,"x":-814.4,"y":0,"curve":"stepped"},{"time":1.8333,"x":-814.4,"y":0,"curve":"stepped"},{"time":2.9666,"x":-473.14,"y":0}],"scale":[{"time":0.2,"x":2.5,"y":2.5},{"time":0.3333,"x":4,"y":4,"curve":"stepped"},{"time":1.2333,"x":2.5,"y":2.5},{"time":1.4333,"x":4,"y":4,"curve":"stepped"},{"time":1.8333,"x":2.5,"y":2.5},{"time":2.0333,"x":4,"y":4,"curve":"stepped"},{"time":2.9666,"x":2.5,"y":2.5},{"time":3.1666,"x":4,"y":4}]},"EF_shock1_1":{"translate":[{"time":0.3,"x":-499.44,"y":-3.07}],"scale":[{"time":0.3,"x":4.5,"y":4.5},{"time":0.5,"x":7,"y":4.5}]},"EF_shockwave1_1":{"rotate":[{"time":2.5333,"angle":-70.27,"curve":"stepped"},{"time":3,"angle":0}],"translate":[{"time":0.1666,"x":-407.26,"y":-52.86,"curve":[0.144,0.58,0.75,1]},{"time":0.4,"x":-227.12,"y":-52.86,"curve":"stepped"},{"time":2.5333,"x":-684.44,"y":56.47,"curve":"stepped"},{"time":3,"x":-716.69,"y":-47.09}],"scale":[{"time":0.1666,"x":1.5,"y":1.5,"curve":[0.107,0.54,0.75,1]},{"time":0.4,"x":6,"y":6,"curve":"stepped"},{"time":2.5333,"x":3,"y":3},{"time":2.6333,"x":9,"y":9},{"time":2.8666,"x":10,"y":10,"curve":"stepped"},{"time":3,"x":2.314,"y":2.314},{"time":3.1666,"x":10,"y":10}]},"EF_rock1_1":{"rotate":[{"time":0.2,"angle":-35.7}],"translate":[{"time":0.2,"x":-221.72,"y":21.01}],"scale":[{"time":0.2,"x":2,"y":2}]},"EF_rock1_2":{"rotate":[{"time":0.2,"angle":-23.16,"curve":"stepped"},{"time":1.3333,"angle":0}],"translate":[{"time":0.2,"x":-248.95,"y":35,"curve":"stepped"},{"time":1.3333,"x":-617.62,"y":37.11}],"scale":[{"time":0.2,"x":3,"y":3,"curve":"stepped"},{"time":1.3333,"x":5,"y":5}]},"EF_slash1_1":{"rotate":[{"time":0.4333,"angle":-23.33}],"translate":[{"time":0.4333,"x":-510.29,"y":38.51}],"scale":[{"time":0.4333,"x":4,"y":4},{"time":0.5666,"x":4,"y":7.774}]},"EF_weapon_rot1_1":{"rotate":[{"time":0.5,"angle":-49.33},{"time":0.5666,"angle":-83.78,"curve":"stepped"},{"time":0.7,"angle":5},{"time":0.9666,"angle":-83.42}],"translate":[{"time":0.5,"x":-576.08,"y":211.92},{"time":0.5666,"x":-496.31,"y":258.74,"curve":[0.303,0.4,0.648,0.73]},{"time":0.7,"x":-541.37,"y":313.42,"curve":[0.368,0.67,0.75,1]},{"time":0.8333,"x":-522.69,"y":342.14}],"scale":[{"time":0.5,"x":-5.231,"y":5.611,"curve":[0.24,0.67,0.75,1]},{"time":0.9666,"x":-4,"y":4}]},"EF_wave1_2":{"translate":[{"time":0.4666,"x":-565.75,"y":0,"curve":"stepped"},{"time":1.4333,"x":-814.4,"y":0,"curve":"stepped"},{"time":2.0333,"x":-814.4,"y":0,"curve":"stepped"},{"time":3.0666,"x":-590.29,"y":0}],"scale":[{"time":0.4666,"x":2.5,"y":2.5,"curve":"stepped"},{"time":1.4333,"x":2.5,"y":2.5},{"time":1.6333,"x":4,"y":4,"curve":"stepped"},{"time":2.0333,"x":2.5,"y":2.5},{"time":2.2333,"x":4,"y":4,"curve":"stepped"},{"time":3.0666,"x":2.5,"y":2.5},{"time":3.2666,"x":4,"y":4}]},"EF_charge1_1":{"translate":[{"time":0.4666,"x":-431.83,"y":46.58,"curve":[0.139,0.6,0.75,1]},{"time":0.8333,"x":-463.31,"y":328.45}],"scale":[{"time":0.4666,"x":6,"y":6},{"time":0.8333,"x":4,"y":4}]},"EF_power1_1":{"translate":[{"time":0.7666,"x":-464.26,"y":263.33},{"time":1.0666,"x":-472.81,"y":324.04}],"scale":[{"time":0.7666,"x":4.654,"y":4.654,"curve":"stepped"},{"time":0.8666,"x":4.654,"y":4.654},{"time":1.0666,"x":9.419,"y":9.419}]},"EF_wave1_3":{"translate":[{"time":1.6333,"x":-814.4,"y":0,"curve":"stepped"},{"time":2.2333,"x":-814.4,"y":0,"curve":"stepped"},{"time":3.1666,"x":-614.06,"y":0}],"scale":[{"time":1.6333,"x":2.5,"y":2.5},{"time":1.8333,"x":4,"y":4,"curve":"stepped"},{"time":2.2333,"x":2.5,"y":2.5},{"time":2.4333,"x":4,"y":4,"curve":"stepped"},{"time":3.1666,"x":2.5,"y":2.5},{"time":3.3666,"x":4,"y":4}]},"EF_rock1_4":{"rotate":[{"time":1.5666,"angle":0}],"translate":[{"time":1.5666,"x":-617.62,"y":37.11}],"scale":[{"time":1.5666,"x":5,"y":5}]},"EF_atk1_1":{"translate":[{"time":1.2333,"x":-667.81,"y":29.42}],"scale":[{"time":1.2333,"x":3.5,"y":3.5},{"time":1.4,"x":6.066,"y":6.066}]},"EF_wave2_1":{"translate":[{"time":1.3,"x":-881.78,"y":354.65}],"scale":[{"time":1.3,"x":5,"y":3.5},{"time":1.4666,"x":7.58,"y":5.306}]},"EF_wave2_2":{"translate":[{"time":1.3666,"x":-881.78,"y":597.83}],"scale":[{"time":1.3666,"x":5,"y":3.5},{"time":1.5333,"x":7.58,"y":5.306}]},"EF_shockwave1_2":{"rotate":[{"time":2.5333,"angle":67.17}],"translate":[{"time":2.5333,"x":-684.44,"y":56.47}],"scale":[{"time":2.5333,"x":-3,"y":3},{"time":2.6333,"x":-9,"y":9},{"time":2.8666,"x":-10,"y":10}]},"DAMAGEAREA":{"translate":[{"time":0.2,"x":-66.98,"y":94.79},{"time":0.4,"x":-92.83,"y":94.79,"curve":"stepped"},{"time":0.4333,"x":-125.42,"y":160.79},{"time":0.4666,"x":-172.05,"y":173.29},{"time":0.6,"x":-189.74,"y":333.79,"curve":"stepped"},{"time":1.2333,"x":-370.54,"y":312.56,"curve":"stepped"},{"time":3.0666,"x":-429.45,"y":108.43}],"scale":[{"time":0.2,"x":4.727,"y":1.397},{"time":0.4,"x":4.29,"y":1.397,"curve":"stepped"},{"time":0.4333,"x":2.712,"y":2.712},{"time":0.6,"x":2.712,"y":3.53,"curve":"stepped"},{"time":1.2333,"x":2.712,"y":5.427},{"time":1.3666,"x":5.384,"y":5.427,"curve":"stepped"},{"time":3.0666,"x":5.384,"y":3.42}]}},"drawOrder":[{"time":0.2,"offsets":[{"slot":"EF_rock1_2","offset":-19},{"slot":"EF_rock1_4","offset":-22}]}],"events":[{"time":0,"name":"Sound3","string":"setHitSound(se_battle_025_blow_hit)"},{"time":0,"name":"Voice","string":"cri_158_voice_fullarts_now_b"},{"time":0.0333,"name":"Event","string":"kImpactType_up"},{"time":0.0333,"name":"Sound1","string":"cri_se_battle_charge_completion"},{"time":0.0666,"name":"Event","string":"setHitBackEnemy(50,0)"},{"time":0.1,"name":"Event","string":"addOrbitSystemCamera_ShieldBuff_center"},{"time":0.1666,"name":"Event","string":"addOrbitSystemCamera_ShieldBuff_center"},{"time":0.1666,"name":"Sound1","string":"cri_se_battle_skill_dash_ef"},{"time":0.1666,"name":"Sound2","string":"cri_se_battle_monster_hit"},{"time":0.4333,"name":"Event","string":"shakeGround"},{"time":0.4333,"name":"Sound1","string":"cri_se_battle_skill_shot"},{"time":0.4333,"name":"Sound2","string":"cri_se_scenario_fetters_magic"},{"time":0.5,"name":"Hit","string":"resetHitList"},{"time":0.5666,"name":"Hit","string":"resetHitList"},{"time":0.7666,"name":"Sound1","string":"cri_se_battle_arrow_light_effect"},{"time":1.0666,"name":"Sound3","string":"setHitSound(se_battle_007_attack_hit_01)"},{"time":1.2,"name":"Event","float":0.2,"string":"kHitStopType_normal"},{"time":1.2333,"name":"Event","string":"shakeGround"},{"time":1.2333,"name":"Hit","string":"resetHitList"},{"time":1.2333,"name":"Sound1","string":"cri_se_battle_skill_reaper"},{"time":1.3,"name":"Event","float":0.1,"string":"kHitStopType_enemyonly"},{"time":1.3,"name":"Hit","string":"resetHitList"},{"time":1.3666,"name":"Event","string":"shakeGround"},{"time":1.3666,"name":"Hit","string":"resetHitList"},{"time":1.4333,"name":"Hit","string":"resetHitList"},{"time":1.5,"name":"Hit","string":"resetHitList"},{"time":1.5666,"name":"Event","string":"shakeGround"},{"time":1.5666,"name":"Hit","string":"resetHitList"},{"time":1.5666,"name":"Sound1","string":"cri_se_battle_skill_elxplosion"},{"time":1.6333,"name":"Hit","string":"resetHitList"},{"time":1.7,"name":"Hit","string":"resetHitList"},{"time":1.7666,"name":"Event","string":"shakeGround"},{"time":1.7666,"name":"Hit","string":"resetHitList"},{"time":1.8333,"name":"Hit","string":"resetHitList"},{"time":1.9,"name":"Hit","string":"resetHitList"},{"time":1.9666,"name":"Event","string":"shakeGround"},{"time":1.9666,"name":"Hit","string":"resetHitList"},{"time":2.0333,"name":"Hit","string":"resetHitList"},{"time":2.1,"name":"Hit","string":"resetHitList"},{"time":2.1666,"name":"Event","string":"shakeGround"},{"time":2.1666,"name":"Hit","string":"resetHitList"},{"time":2.2333,"name":"Hit","string":"resetHitList"},{"time":2.3,"name":"Hit","string":"resetHitList"},{"time":2.3666,"name":"Event","string":"shakeGround"},{"time":2.3666,"name":"Hit","string":"resetHitList"},{"time":2.4333,"name":"Hit","string":"resetHitList"},{"time":2.5,"name":"Hit","string":"resetHitList"},{"time":2.6,"name":"Event","string":"shakeGround"},{"time":2.6,"name":"Hit","string":"resetHitList"},{"time":2.6628,"name":"Voice","string":"cri_158_voice_fullarts_rank6"},{"time":2.7666,"name":"Sound3","string":"setHitSound(se_battle_swordslash_heavy)"},{"time":3,"name":"Event","float":0.5,"string":"kHitStopType_normal"},{"time":3,"name":"Sound1","string":"cri_se_battle_skill_reaper"},{"time":3,"name":"Sound2","string":"cri_se_battle_037_explosion_element_05"},{"time":3.0666,"name":"Event","string":"shakeGround"},{"time":3.0666,"name":"Hit","string":"resetHitList"}]}}}