{"skeleton":{"hash":"6XT2vT0plDZRMKsfK2y36mKDVZA","spine":"3.0.12","width":0,"height":0,"images":"./image/idle/"},"bones":[{"name":"root"},{"name":"MAIN","parent":"root","y":88}],"slots":[{"name":"MAIN","bone":"MAIN","attachment":"idle_00"}],"skins":{"default":{"MAIN":{"idle_00":{"x":10.7,"y":4.32,"width":560,"height":506},"idle_01":{"x":10.7,"y":4.32,"width":560,"height":506},"idle_02":{"x":10.7,"y":4.32,"width":560,"height":506},"idle_03":{"x":10.7,"y":4.32,"width":560,"height":506}}}},"events":{"Event":{},"Hit":{},"Sound1":{},"Sound2":{},"Sound3":{},"Voice":{}},"animations":{"idle":{"slots":{"MAIN":{"attachment":[{"time":0,"name":"idle_00"},{"time":0.2666,"name":"idle_01"},{"time":0.5,"name":"idle_02"},{"time":0.7666,"name":"idle_03"},{"time":1,"name":"idle_00"}]}}}}}