{"skeleton":{"hash":"eqcQs+4guBuLi+pkfb6+h8qhUVE","spine":"3.0.12","width":0,"height":0,"images":"./images/"},"bones":[{"name":"root"},{"name":"MAIN","parent":"root","y":62.46},{"name":"SHADOW_OFFSET","parent":"MAIN","y":-0.09,"scaleX":0.8,"scaleY":0.8},{"name":"HITBOX","parent":"MAIN","y":-0.09,"scaleX":2,"scaleY":2},{"name":"EF","parent":"root","y":62.37},{"name":"S2_magic2","parent":"EF","x":205.2,"y":33.46},{"name":"S2_flower1","parent":"EF","x":0.61,"y":100},{"name":"DAMAGEAREA","parent":"root"}],"slots":[{"name":"grid/bg","bone":"root","color":"828282ff"},{"name":"grid/grid","bone":"root","color":"ffffff4a"},{"name":"MAIN","bone":"MAIN","attachment":"idle_00"},{"name":"HITBOX","bone":"HITBOX","attachment":"HITBOX"},{"name":"S2_magic2","bone":"S2_magic2","blend":"additive"},{"name":"S2_flower1","bone":"S2_flower1","blend":"additive"},{"name":"DAMAGEAREA","bone":"DAMAGEAREA"}],"skins":{"default":{"DAMAGEAREA":{"DAMAGEAREA":{"type":"boundingbox","vertices":[-14.84098,14.40448,-14.84098,-14.40448,14.84099,-14.40448,14.84099,14.40448,0,0,0,0,0,0,0,0]}},"HITBOX":{"HITBOX":{"type":"boundingbox","vertices":[-18.45129,-26.71286,16.35268,-26.59986,16.46568,20.63409,-18.22528,20.74709,0,0,0,0,0,0,0,0]}},"MAIN":{"attack_00":{"x":10,"y":2.54,"width":500,"height":500},"attack_01":{"x":10,"y":2.54,"width":500,"height":500},"attack_02":{"x":10,"y":2.54,"width":500,"height":500},"attack_03":{"x":10,"y":2.54,"width":500,"height":500},"attack_04":{"x":10,"y":2.54,"width":500,"height":500},"back_00":{"x":0.63,"y":14.3,"width":500,"height":500},"damage_00":{"x":4.79,"y":12.38,"width":500,"height":500},"front_00":{"x":19.19,"y":14.62,"width":500,"height":500},"idle_00":{"x":15,"y":12.54,"width":500,"height":500},"idle_01":{"x":15,"y":12.54,"width":500,"height":500},"idle_02":{"x":15,"y":12.54,"width":500,"height":500},"idle_03":{"x":15,"y":12.54,"width":500,"height":500},"idle_04":{"x":15,"y":12.54,"width":500,"height":500},"skill1_00":{"y":18.2,"width":500,"height":500},"skill1_01":{"y":18.2,"width":500,"height":500},"skill1_02":{"y":18.2,"width":500,"height":500},"skill1_03":{"y":18.2,"width":500,"height":500},"skill1_04":{"y":18.2,"width":500,"height":500},"skill1_05":{"y":18.2,"width":500,"height":500},"skill1_06":{"y":18.2,"width":500,"height":500},"skill1_07":{"y":18.2,"width":500,"height":500},"skill1_08":{"y":18.2,"width":500,"height":500},"skill2_00":{"y":23.82,"width":500,"height":500},"skill2_01":{"y":23.82,"width":500,"height":500},"skill2_02":{"y":23.82,"width":500,"height":500},"skill2_03":{"y":23.82,"width":500,"height":500},"skill2_04":{"y":23.82,"width":500,"height":500},"skill2_05":{"y":23.82,"width":500,"height":500},"skill2_06":{"y":23.82,"width":500,"height":500},"skill2_07":{"y":23.82,"width":500,"height":500},"skill2_08":{"y":23.82,"width":500,"height":500},"skill2_09":{"y":23.82,"width":500,"height":500},"skill2_10":{"y":23.82,"width":500,"height":500},"skill2_11":{"y":23.82,"width":500,"height":500},"skill2_12":{"y":24.33,"width":500,"height":500}},"S2_flower1":{"EF/230_S2_flower1_DOT/230_S2_flower1_00043":{"x":79.01,"y":12.65,"width":285,"height":285},"EF/230_S2_flower1_DOT/230_S2_flower1_00044":{"x":79.01,"y":12.65,"width":285,"height":285},"EF/230_S2_flower1_DOT/230_S2_flower1_00045":{"x":79.01,"y":12.65,"width":285,"height":285},"EF/230_S2_flower1_DOT/230_S2_flower1_00046":{"x":79.01,"y":12.65,"width":285,"height":285},"EF/230_S2_flower1_DOT/230_S2_flower1_00047":{"x":79.01,"y":12.65,"width":285,"height":285},"EF/230_S2_flower1_DOT/230_S2_flower1_00048":{"x":79.01,"y":12.65,"width":285,"height":285},"EF/230_S2_flower1_DOT/230_S2_flower1_00049":{"x":79.01,"y":12.65,"width":285,"height":285},"EF/230_S2_flower1_DOT/230_S2_flower1_00050":{"x":79.01,"y":12.65,"width":285,"height":285},"EF/230_S2_flower1_DOT/230_S2_flower1_00051":{"x":79.01,"y":12.65,"width":285,"height":285},"EF/230_S2_flower1_DOT/230_S2_flower1_00052":{"x":79.01,"y":12.65,"width":285,"height":285},"EF/230_S2_flower1_DOT/230_S2_flower1_00053":{"x":79.01,"y":12.65,"width":285,"height":285},"EF/230_S2_flower1_DOT/230_S2_flower1_00054":{"x":79.01,"y":12.65,"width":285,"height":285},"EF/230_S2_flower1_DOT/230_S2_flower1_00055":{"x":79.01,"y":12.65,"width":285,"height":285},"EF/230_S2_flower1_DOT/230_S2_flower1_00056":{"x":79.01,"y":12.65,"width":285,"height":285},"EF/230_S2_flower1_DOT/230_S2_flower1_00057":{"x":79.01,"y":12.65,"width":285,"height":285},"EF/230_S2_flower1_DOT/230_S2_flower1_00058":{"x":79.01,"y":12.65,"width":285,"height":285},"EF/230_S2_flower1_DOT/230_S2_flower1_00059":{"x":79.01,"y":12.65,"width":285,"height":285},"EF/230_S2_flower1_DOT/230_S2_flower1_00060":{"x":79.01,"y":12.65,"width":285,"height":285},"EF/230_S2_flower1_DOT/230_S2_flower1_00061":{"x":79.01,"y":12.65,"width":285,"height":285},"EF/230_S2_flower1_DOT/230_S2_flower1_00062":{"x":79.01,"y":12.65,"width":285,"height":285},"EF/230_S2_flower1_DOT/230_S2_flower1_00063":{"x":79.01,"y":12.65,"width":285,"height":285},"EF/230_S2_flower1_DOT/230_S2_flower1_00064":{"x":79.01,"y":12.65,"width":285,"height":285},"EF/230_S2_flower1_DOT/230_S2_flower1_00065":{"x":79.01,"y":12.65,"width":285,"height":285},"EF/230_S2_flower1_DOT/230_S2_flower1_00066":{"x":79.01,"y":12.65,"width":285,"height":285},"EF/230_S2_flower1_DOT/230_S2_flower1_00067":{"x":79.01,"y":12.65,"width":285,"height":285},"EF/230_S2_flower1_DOT/230_S2_flower1_00068":{"x":79.01,"y":12.65,"width":285,"height":285},"EF/230_S2_flower1_DOT/230_S2_flower1_00069":{"x":79.01,"y":12.65,"width":285,"height":285},"EF/230_S2_flower1_DOT/230_S2_flower1_00070":{"x":79.01,"y":12.65,"width":285,"height":285},"EF/230_S2_flower1_DOT/230_S2_flower1_00071":{"x":79.01,"y":12.65,"width":285,"height":285},"EF/230_S2_flower1_DOT/230_S2_flower1_00072":{"x":79.01,"y":12.65,"width":285,"height":285},"EF/230_S2_flower1_DOT/230_S2_flower1_00073":{"x":79.01,"y":12.65,"width":285,"height":285}},"S2_magic2":{"EF/230_S2_magic2_DOT/230_S2_magic2_00039":{"x":-1.93,"y":-0.27,"width":260,"height":260},"EF/230_S2_magic2_DOT/230_S2_magic2_00040":{"x":-1.93,"y":-0.27,"width":260,"height":260},"EF/230_S2_magic2_DOT/230_S2_magic2_00041":{"x":-1.93,"y":-0.27,"width":260,"height":260},"EF/230_S2_magic2_DOT/230_S2_magic2_00042":{"x":-1.93,"y":-0.27,"width":260,"height":260},"EF/230_S2_magic2_DOT/230_S2_magic2_00043":{"x":-1.93,"y":-0.27,"width":260,"height":260},"EF/230_S2_magic2_DOT/230_S2_magic2_00044":{"x":-1.93,"y":-0.27,"width":260,"height":260},"EF/230_S2_magic2_DOT/230_S2_magic2_00045":{"x":-1.93,"y":-0.27,"width":260,"height":260},"EF/230_S2_magic2_DOT/230_S2_magic2_00046":{"x":-1.93,"y":-0.27,"width":260,"height":260},"EF/230_S2_magic2_DOT/230_S2_magic2_00047":{"x":-1.93,"y":-0.27,"width":260,"height":260},"EF/230_S2_magic2_DOT/230_S2_magic2_00048":{"x":-1.93,"y":-0.27,"width":260,"height":260},"EF/230_S2_magic2_DOT/230_S2_magic2_00049":{"x":-1.93,"y":-0.27,"width":260,"height":260}}}},"events":{"EVENT":{},"HIT":{},"HitEffect":{},"Sound1":{},"Sound2":{},"Sound3":{},"Voice":{}},"animations":{"attack1":{"slots":{"DAMAGEAREA":{"attachment":[{"time":0,"name":null}]},"MAIN":{"attachment":[{"time":0,"name":"attack_00"},{"time":0.1333,"name":"attack_01"},{"time":0.2666,"name":"attack_02"},{"time":1.0333,"name":"attack_03"},{"time":1.1,"name":"attack_04"}]},"S2_flower1":{"attachment":[{"time":0,"name":null}]},"S2_magic2":{"attachment":[{"time":0,"name":null},{"time":0.3333,"name":"EF/230_S2_magic2_DOT/230_S2_magic2_00049"},{"time":0.4333,"name":"EF/230_S2_magic2_DOT/230_S2_magic2_00048"},{"time":0.5,"name":"EF/230_S2_magic2_DOT/230_S2_magic2_00047"},{"time":0.5666,"name":"EF/230_S2_magic2_DOT/230_S2_magic2_00046"},{"time":0.6333,"name":"EF/230_S2_magic2_DOT/230_S2_magic2_00045"},{"time":0.6666,"name":"EF/230_S2_magic2_DOT/230_S2_magic2_00044"},{"time":0.7,"name":"EF/230_S2_magic2_DOT/230_S2_magic2_00043"},{"time":0.7333,"name":"EF/230_S2_magic2_DOT/230_S2_magic2_00042"},{"time":0.7666,"name":"EF/230_S2_magic2_DOT/230_S2_magic2_00041"},{"time":0.8,"name":"EF/230_S2_magic2_DOT/230_S2_magic2_00040"},{"time":0.8333,"name":"EF/230_S2_magic2_DOT/230_S2_magic2_00039"},{"time":0.9,"name":null}]}},"bones":{"S2_magic2":{"translate":[{"time":0.3333,"x":-178.29,"y":-39.88,"curve":[0.197,0.36,0.556,0.69]},{"time":0.9,"x":-136.28,"y":-12.22}],"scale":[{"time":0.3333,"x":1.2,"y":1.2},{"time":0.6,"x":1,"y":1},{"time":0.9,"x":0.045,"y":0.045}]},"MAIN":{"translate":[{"time":0,"x":-2,"y":0.13,"curve":[0.411,0.51,0.734,0.81]},{"time":0.4,"x":76.74,"y":29.76,"curve":[0.382,0.5,0.709,0.8]},{"time":0.6666,"x":108.6,"y":44.14,"curve":[0.379,0.46,0.699,0.65]},{"time":1,"x":130.72,"y":65.57,"curve":[0.548,0.98,0.752,1]},{"time":1.2,"x":-16.83,"y":0.9,"curve":[0.308,0.61,0.619,0.93]},{"time":1.3333,"x":-24.17,"y":-7.49},{"time":1.4,"x":0,"y":0.13}]}},"events":[{"time":0.3333,"name":"Sound1","string":"cri_se_battle_charge_completion"},{"time":0.3333,"name":"Voice","string":"cri_014_voice_attack_random"},{"time":1,"name":"EVENT","string":"addOrbitSystemShot(SHOT,EXPLOSION,1)"}]},"back":{"slots":{"MAIN":{"attachment":[{"time":0,"name":"back_00"},{"time":0.5333,"name":"back_00"},{"time":0.6666,"name":"idle_00"},{"time":0.8,"name":"idle_01"},{"time":0.9333,"name":"idle_02"},{"time":1.1,"name":"idle_03"},{"time":1.2666,"name":"idle_04"},{"time":1.4333,"name":"idle_04"}]},"S2_flower1":{"attachment":[{"time":0,"name":null}]},"S2_magic2":{"attachment":[{"time":0,"name":null}]}},"bones":{"MAIN":{"translate":[{"time":0,"x":0,"y":0,"curve":[0.395,0.86,0.646,0.88]},{"time":0.4,"x":133,"y":0},{"time":0.6,"x":140,"y":0}]}}},"cast":{"slots":{"MAIN":{"attachment":[{"time":0,"name":"attack_00"},{"time":0.1333,"name":"attack_01"},{"time":0.2666,"name":"attack_02"},{"time":0.6666,"name":"attack_03"},{"time":0.7666,"name":"attack_04"},{"time":0.9333,"name":"attack_04"}]},"S2_flower1":{"attachment":[{"time":0,"name":null}]},"S2_magic2":{"attachment":[{"time":0,"name":null}]}},"bones":{"MAIN":{"translate":[{"time":0,"x":0,"y":0,"curve":[0.539,0.93,0.79,0.9]},{"time":0.6,"x":81.58,"y":46,"curve":[0.548,0.98,0.752,1]},{"time":0.7,"x":0,"y":0}]}},"events":[{"time":0.5666,"name":"Voice","string":"cri_014_voice_item"}]},"damage":{"slots":{"MAIN":{"attachment":[{"time":0,"name":"damage_00"}]},"S2_flower1":{"attachment":[{"time":0,"name":null}]},"S2_magic2":{"attachment":[{"time":0,"name":null}]}}},"front":{"slots":{"MAIN":{"attachment":[{"time":0,"name":"front_00"}]},"S2_flower1":{"attachment":[{"time":0,"name":null}]},"S2_magic2":{"attachment":[{"time":0,"name":null}]}},"bones":{"MAIN":{"translate":[{"time":0,"x":0,"y":0}]}}},"idle":{"slots":{"MAIN":{"attachment":[{"time":0,"name":"idle_00"},{"time":0.1666,"name":"idle_01"},{"time":0.3333,"name":"idle_02"},{"time":0.5,"name":"idle_03"},{"time":0.6666,"name":"idle_04"},{"time":0.8333,"name":"idle_00"}]},"S2_flower1":{"attachment":[{"time":0,"name":null}]},"S2_magic2":{"attachment":[{"time":0,"name":null}]}}},"skill1":{"slots":{"DAMAGEAREA":{"attachment":[{"time":0.5333,"name":"DAMAGEAREA"},{"time":1.1333,"name":null}]},"MAIN":{"attachment":[{"time":0,"name":"skill1_03"},{"time":0.0333,"name":"skill1_01"},{"time":0.1,"name":"skill1_02"},{"time":0.1666,"name":"skill1_03"},{"time":0.5,"name":"skill1_04"},{"time":0.5333,"name":"skill1_05"},{"time":0.5666,"name":"skill1_06"},{"time":0.6,"name":"skill1_07"},{"time":0.7,"name":"skill1_08"},{"time":1.4666,"name":"skill1_08"}]},"S2_flower1":{"attachment":[{"time":0,"name":null}]},"S2_magic2":{"attachment":[{"time":0,"name":null}]}},"bones":{"DAMAGEAREA":{"translate":[{"time":0.5333,"x":-103.03,"y":73.22},{"time":0.6666,"x":-380.54,"y":74.51}],"scale":[{"time":0.5333,"x":4.564,"y":1.84},{"time":0.6666,"x":7.126,"y":2.028}]}},"events":[{"time":0,"name":"EVENT","float":0.1,"string":"kHitStopType_enemyonly"},{"time":0,"name":"HitEffect","string":"setHitEffect(hit02c,1,0.75,1)"},{"time":0.5,"name":"Sound1","string":"cri_se_battle_bell_tree_04"},{"time":0.5,"name":"Sound2","string":"setHitSound(se_battle_007_attack_hit_01)"},{"time":0.5333,"name":"EVENT","string":"shakeGround"},{"time":0.5333,"name":"Sound1","string":"cri_se_battle_skill_dash_ef"},{"time":0.5333,"name":"Sound2","string":"cri_se_battle_arrow_light_effect"},{"time":0.5333,"name":"Sound3","string":"cri_se_scenario_no2_magic"},{"time":0.5333,"name":"Voice","string":"cri_014_voice_skill_all"},{"time":0.6333,"name":"EVENT","string":"runSkillEffect"},{"time":0.6666,"name":"HIT","float":1.2,"string":"resetHitList"}]},"skill2":{"slots":{"MAIN":{"attachment":[{"time":0,"name":"skill2_00"},{"time":0.2333,"name":"attack_03"},{"time":0.3333,"name":"attack_04"},{"time":0.5333,"name":"attack_04"},{"time":0.7,"name":"skill1_03"},{"time":0.9,"name":"skill1_02"},{"time":1.2,"name":"skill2_05"},{"time":1.2333,"name":"skill2_06"},{"time":1.2666,"name":"skill2_07"},{"time":1.3666,"name":"skill2_08"},{"time":1.5333,"name":"skill2_09"},{"time":1.6333,"name":"skill2_10"},{"time":1.7333,"name":"skill2_11"},{"time":1.8333,"name":"skill2_12"},{"time":2,"name":"skill2_12"}]},"S2_flower1":{"attachment":[{"time":0.2666,"name":"EF/230_S2_flower1_DOT/230_S2_flower1_00043"},{"time":0.3,"name":"EF/230_S2_flower1_DOT/230_S2_flower1_00044"},{"time":0.3333,"name":"EF/230_S2_flower1_DOT/230_S2_flower1_00045"},{"time":0.3666,"name":"EF/230_S2_flower1_DOT/230_S2_flower1_00046"},{"time":0.4,"name":"EF/230_S2_flower1_DOT/230_S2_flower1_00047"},{"time":0.4333,"name":"EF/230_S2_flower1_DOT/230_S2_flower1_00048"},{"time":0.4666,"name":"EF/230_S2_flower1_DOT/230_S2_flower1_00049"},{"time":0.5,"name":"EF/230_S2_flower1_DOT/230_S2_flower1_00050"},{"time":0.5333,"name":"EF/230_S2_flower1_DOT/230_S2_flower1_00051"},{"time":0.5666,"name":"EF/230_S2_flower1_DOT/230_S2_flower1_00052"},{"time":0.6,"name":"EF/230_S2_flower1_DOT/230_S2_flower1_00053"},{"time":0.6333,"name":"EF/230_S2_flower1_DOT/230_S2_flower1_00054"},{"time":0.6666,"name":"EF/230_S2_flower1_DOT/230_S2_flower1_00055"},{"time":0.7,"name":"EF/230_S2_flower1_DOT/230_S2_flower1_00056"},{"time":0.7333,"name":"EF/230_S2_flower1_DOT/230_S2_flower1_00057"},{"time":0.7666,"name":"EF/230_S2_flower1_DOT/230_S2_flower1_00058"},{"time":0.8,"name":"EF/230_S2_flower1_DOT/230_S2_flower1_00059"},{"time":0.8333,"name":"EF/230_S2_flower1_DOT/230_S2_flower1_00060"},{"time":0.8666,"name":"EF/230_S2_flower1_DOT/230_S2_flower1_00061"},{"time":0.9,"name":"EF/230_S2_flower1_DOT/230_S2_flower1_00062"},{"time":0.9333,"name":"EF/230_S2_flower1_DOT/230_S2_flower1_00063"},{"time":0.9666,"name":"EF/230_S2_flower1_DOT/230_S2_flower1_00064"},{"time":1,"name":"EF/230_S2_flower1_DOT/230_S2_flower1_00065"},{"time":1.0333,"name":"EF/230_S2_flower1_DOT/230_S2_flower1_00066"},{"time":1.0666,"name":"EF/230_S2_flower1_DOT/230_S2_flower1_00067"},{"time":1.1,"name":"EF/230_S2_flower1_DOT/230_S2_flower1_00068"},{"time":1.1333,"name":"EF/230_S2_flower1_DOT/230_S2_flower1_00069"},{"time":1.1666,"name":"EF/230_S2_flower1_DOT/230_S2_flower1_00070"},{"time":1.2,"name":"EF/230_S2_flower1_DOT/230_S2_flower1_00071"},{"time":1.2333,"name":"EF/230_S2_flower1_DOT/230_S2_flower1_00072"},{"time":1.2666,"name":"EF/230_S2_flower1_DOT/230_S2_flower1_00073"}],"color":[{"time":0,"color":"ffffff00"},{"time":1,"color":"ffffffff"},{"time":1.3,"color":"ffffff00"}]},"S2_magic2":{"attachment":[{"time":1.3666,"name":"EF/230_S2_magic2_DOT/230_S2_magic2_00039"},{"time":1.4,"name":"EF/230_S2_magic2_DOT/230_S2_magic2_00040"},{"time":1.4333,"name":"EF/230_S2_magic2_DOT/230_S2_magic2_00041"},{"time":1.4666,"name":"EF/230_S2_magic2_DOT/230_S2_magic2_00042"},{"time":1.5,"name":"EF/230_S2_magic2_DOT/230_S2_magic2_00043"},{"time":1.5333,"name":"EF/230_S2_magic2_DOT/230_S2_magic2_00044"},{"time":1.5666,"name":"EF/230_S2_magic2_DOT/230_S2_magic2_00045"},{"time":1.6,"name":"EF/230_S2_magic2_DOT/230_S2_magic2_00046"},{"time":1.6333,"name":"EF/230_S2_magic2_DOT/230_S2_magic2_00047"},{"time":1.6666,"name":"EF/230_S2_magic2_DOT/230_S2_magic2_00048"},{"time":1.7,"name":"EF/230_S2_magic2_DOT/230_S2_magic2_00049"},{"time":1.7333,"name":"EF/230_S2_magic2_DOT/230_S2_magic2_00039"},{"time":1.7666,"name":"EF/230_S2_magic2_DOT/230_S2_magic2_00040"},{"time":1.8,"name":"EF/230_S2_magic2_DOT/230_S2_magic2_00041"},{"time":1.8333,"name":"EF/230_S2_magic2_DOT/230_S2_magic2_00042"},{"time":1.8666,"name":"EF/230_S2_magic2_DOT/230_S2_magic2_00043"},{"time":1.9,"name":"EF/230_S2_magic2_DOT/230_S2_magic2_00044"},{"time":1.9333,"name":"EF/230_S2_magic2_DOT/230_S2_magic2_00045"},{"time":1.9666,"name":"EF/230_S2_magic2_DOT/230_S2_magic2_00046"},{"time":2,"name":"EF/230_S2_magic2_DOT/230_S2_magic2_00047"},{"time":2.0333,"name":"EF/230_S2_magic2_DOT/230_S2_magic2_00048"},{"time":2.0666,"name":"EF/230_S2_magic2_DOT/230_S2_magic2_00049"},{"time":2.1,"name":null},{"time":3,"name":"EF/230_S2_magic2_DOT/230_S2_magic2_00049"}]}},"bones":{"S2_flower1":{"translate":[{"time":0.2666,"x":-168.41,"y":-119.43}],"scale":[{"time":0.2666,"x":2.8,"y":2.8}]},"S2_magic2":{"translate":[{"time":1.3666,"x":-267.08,"y":69.7}],"scale":[{"time":1.3666,"x":4,"y":4}]},"MAIN":{"translate":[{"time":0,"x":4.37,"y":-17.42},{"time":0.0333,"x":0,"y":-1.39,"curve":[0.238,0.44,0.641,0.74]},{"time":0.2,"x":89.72,"y":36.18,"curve":[0.548,0.98,0.752,1]},{"time":0.3333,"x":-80.32,"y":27.5,"curve":[0,0.32,0.241,0.75]},{"time":0.6333,"x":-85.44,"y":24.96,"curve":"stepped"},{"time":0.7,"x":-85.44,"y":24.96,"curve":[0.25,0,0.44,1]},{"time":0.9,"x":-2.3,"y":-11.34,"curve":[0,0.44,0.672,1]},{"time":1.2,"x":11.66,"y":-7.94,"curve":"stepped"},{"time":1.2666,"x":4.37,"y":-17.42}]}},"events":[{"time":0,"name":"HIT","float":0.05,"string":"kHitStopType_enemyonly"},{"time":0,"name":"HitEffect","string":"setHitEffect(hit05e,1,1,1)"},{"time":0,"name":"Voice","string":"cri_014_voice_fullarts_now"},{"time":0.2666,"name":"Sound1","string":"cri_se_scenario_no2_magic"},{"time":0.2666,"name":"Sound2","string":"cri_se_battle_bell_tree_03"},{"time":0.8666,"name":"Sound1","string":"cri_se_battle_magic_Invocation_dark"},{"time":1.1666,"name":"Voice","string":"cri_014_voice_fullarts_rank1"},{"time":1.2666,"name":"Sound2","string":"cri_se_battle_bell_tree_01"},{"time":1.3333,"name":"EVENT","string":"shakeGround"},{"time":1.3333,"name":"Sound1","string":"cri_se_battle_cure_02"},{"time":1.3333,"name":"Sound2","string":"cri_se_battle_thunder_small"},{"time":1.3333,"name":"Sound3","string":"cri_se_battle_lightning"},{"time":1.3666,"name":"HitEffect","string":"setHitEffect(hit02c,1,0.75,1)"},{"time":1.6333,"name":"EVENT","string":"runSkillEffect"},{"time":1.7,"name":"EVENT","string":"shakeGround"},{"time":1.7333,"name":"Sound1","string":"cri_se_battle_cure_02"},{"time":1.7333,"name":"Sound2","string":"cri_se_battle_thunder_small"},{"time":1.8666,"name":"EVENT","string":"kImpactType_knock"}]}}}