{"skeleton":{"hash":"i4U5OcDLyB2WbCF7AUtWJTNHSDk","spine":"3.0.12","width":0,"height":0,"images":"./images/"},"bones":[{"name":"root"},{"name":"MAIN","parent":"root","y":90,"rotation":0.6,"color":"34ff00ff"},{"name":"R_fire1","parent":"MAIN","x":-57.36,"y":-45.77,"rotation":-0.6,"color":"ff00d0ff"},{"name":"L_fire1","parent":"MAIN","x":67.24,"y":-47.56,"rotation":-0.6,"color":"ff00d0ff"}],"slots":[{"name":"MAIN","bone":"MAIN","attachment":"idle_00"},{"name":"weapon/L_fire1","bone":"L_fire1","attachment":"weapon/L_fire5"},{"name":"weapon/R_fire1","bone":"R_fire1","attachment":"weapon/R_fire5"}],"skins":{"default":{"MAIN":{"idle_00":{"x":-16.6,"y":-19.15,"scaleX":1.2,"scaleY":1.2,"rotation":-0.6,"width":554,"height":554},"idle_01":{"x":-16.6,"y":-19.16,"scaleX":1.2,"scaleY":1.2,"width":554,"height":554},"idle_02":{"x":-16.6,"y":-19.16,"scaleX":1.2,"scaleY":1.2,"width":554,"height":554},"idle_03":{"x":-16.6,"y":-19.16,"scaleX":1.2,"scaleY":1.2,"width":554,"height":554},"idle_04":{"x":-16.6,"y":-19.16,"scaleX":1.2,"scaleY":1.2,"width":554,"height":554}},"weapon/L_fire1":{"weapon/L_fire1":{"x":-54.89,"y":78.91,"width":461,"height":317},"weapon/L_fire2":{"x":-54.89,"y":78.91,"width":461,"height":317},"weapon/L_fire3":{"x":-54.89,"y":78.91,"width":461,"height":317},"weapon/L_fire4":{"x":-54.89,"y":78.91,"width":461,"height":317},"weapon/L_fire5":{"x":-54.89,"y":78.91,"width":461,"height":317}},"weapon/R_fire1":{"weapon/R_fire1":{"x":69.72,"y":78.43,"width":461,"height":317},"weapon/R_fire2":{"x":69.72,"y":78.43,"width":461,"height":317},"weapon/R_fire3":{"x":69.72,"y":78.43,"width":461,"height":317},"weapon/R_fire4":{"x":69.72,"y":78.43,"width":461,"height":317},"weapon/R_fire5":{"x":69.72,"y":78.43,"width":461,"height":317}}}},"events":{"Event":{},"Hit":{},"Sound1":{},"Sound2":{},"Sound3":{},"ViewEvent":{},"Voice":{}},"animations":{"idle":{"slots":{"MAIN":{"attachment":[{"time":0,"name":"idle_00"},{"time":0.1666,"name":"idle_01"},{"time":0.3333,"name":"idle_02"},{"time":0.5,"name":"idle_03"},{"time":0.6666,"name":"idle_04"},{"time":0.8333,"name":"idle_00"}]},"weapon/L_fire1":{"attachment":[{"time":0,"name":"weapon/L_fire5"},{"time":0.1,"name":"weapon/L_fire4"},{"time":0.2,"name":"weapon/L_fire3"},{"time":0.2666,"name":"weapon/L_fire2"},{"time":0.3666,"name":"weapon/L_fire1"},{"time":0.4666,"name":"weapon/L_fire5"},{"time":0.5666,"name":"weapon/L_fire4"},{"time":0.6333,"name":"weapon/L_fire3"},{"time":0.7333,"name":"weapon/L_fire2"},{"time":0.8333,"name":"weapon/L_fire1"}]},"weapon/R_fire1":{"attachment":[{"time":0,"name":"weapon/R_fire5"},{"time":0.1,"name":"weapon/R_fire4"},{"time":0.2,"name":"weapon/R_fire3"},{"time":0.2666,"name":"weapon/R_fire2"},{"time":0.3666,"name":"weapon/R_fire1"},{"time":0.4666,"name":"weapon/R_fire5"},{"time":0.5666,"name":"weapon/R_fire4"},{"time":0.6333,"name":"weapon/R_fire3"},{"time":0.7333,"name":"weapon/R_fire2"},{"time":0.8333,"name":"weapon/R_fire1"}]}},"bones":{"L_fire1":{"translate":[{"time":0,"x":-0.02,"y":-2.64,"curve":"stepped"},{"time":0.1666,"x":0,"y":0.07,"curve":"stepped"},{"time":0.3333,"x":0.01,"y":0.97,"curve":"stepped"},{"time":0.5,"x":0,"y":-0.22,"curve":"stepped"},{"time":0.6666,"x":0,"y":-0.83,"curve":"stepped"},{"time":0.8333,"x":-0.02,"y":-2.64}]},"R_fire1":{"translate":[{"time":0,"x":-0.02,"y":-2.64,"curve":"stepped"},{"time":0.1666,"x":0,"y":0.07,"curve":"stepped"},{"time":0.3333,"x":0.01,"y":0.97,"curve":"stepped"},{"time":0.5,"x":0,"y":-0.22,"curve":"stepped"},{"time":0.6666,"x":0,"y":-0.83,"curve":"stepped"},{"time":0.8333,"x":-0.02,"y":-2.64}]}}}}}