{"skeleton":{"hash":"BKN44L79qQ45p+323vPA0wtXKvM","spine":"3.0.12","width":0,"height":0,"images":"./images2/"},"bones":[{"name":"root"},{"name":"grid","parent":"root"},{"name":"MAIN","parent":"root","y":45.42},{"name":"SHADOW-OFFSET","parent":"MAIN","y":7.37},{"name":"HITBOX","parent":"MAIN","y":7.37},{"name":"FE","parent":"root"},{"name":"magic_4light_02","parent":"FE","x":1106.6,"y":-364.18},{"name":"magic_4light_01","parent":"FE","x":850.39,"y":-364.18},{"name":"S2_power01","parent":"FE","x":1381.85,"y":-363.25},{"name":"S1_wave1_01","parent":"FE","x":1538,"y":20.44},{"name":"S1_ex01","parent":"FE","x":1727,"y":9.37},{"name":"DAMAGEAREA","parent":"root"}],"slots":[{"name":"grid/bg","bone":"grid","color":"595959ff"},{"name":"grid/grid","bone":"grid","color":"ffffff27"},{"name":"S1_wave1_01","bone":"S1_wave1_01","blend":"additive"},{"name":"S1_ex01","bone":"S1_ex01","blend":"additive"},{"name":"S2_power01","bone":"S2_power01","blend":"additive"},{"name":"magic_4light_01","bone":"magic_4light_01","blend":"additive"},{"name":"magic_4light_02","bone":"magic_4light_02","blend":"additive"},{"name":"MAIN","bone":"MAIN","attachment":"idle_00"},{"name":"DAMAGEAREA","bone":"DAMAGEAREA"},{"name":"HITBOX","bone":"HITBOX","attachment":"HITBOX"}],"skins":{"default":{"DAMAGEAREA":{"DAMAGEAREA":{"type":"boundingbox","vertices":[-99.0339,98.67397,-98.57491,-98.23687,97.4179,-98.23687,97.4179,98.21495]}},"HITBOX":{"HITBOX":{"type":"boundingbox","vertices":[-35.64613,51.15368,-36.02015,-52.07023,37.28378,-51.69623,37.65778,50.40566]}},"MAIN":{"attack1_00":{"x":9.63,"y":66.15,"width":500,"height":400},"attack1_01":{"x":9.63,"y":66.15,"width":500,"height":400},"attack1_02":{"x":9.63,"y":66.15,"width":500,"height":400},"attack1_03":{"x":9.63,"y":66.15,"width":500,"height":400},"back_00":{"x":9.63,"y":66.15,"width":500,"height":400},"damage_00":{"x":9.63,"y":66.15,"width":500,"height":400},"front_00":{"x":9.63,"y":66.15,"width":500,"height":400},"idle_00":{"x":9.63,"y":66.15,"width":500,"height":400},"idle_01":{"x":9.63,"y":66.15,"width":500,"height":400},"idle_02":{"x":9.63,"y":66.15,"width":500,"height":400},"idle_03":{"x":9.63,"y":66.15,"width":500,"height":400},"idle_04":{"x":9.63,"y":66.15,"width":500,"height":400},"skill1_00":{"x":9.63,"y":66.15,"width":500,"height":400},"skill1_01":{"x":9.63,"y":66.15,"width":500,"height":400},"skill1_02":{"x":9.63,"y":66.15,"width":500,"height":400},"skill1_03":{"x":9.63,"y":66.15,"width":500,"height":400},"skill1_04":{"x":9.63,"y":66.15,"width":500,"height":400},"skill1_05":{"x":9.63,"y":66.15,"width":500,"height":400},"skill1_06":{"x":9.63,"y":66.15,"width":500,"height":400},"skill1_07":{"x":9.63,"y":66.15,"width":500,"height":400},"skill1_08":{"x":9.63,"y":66.15,"width":500,"height":400},"skill1_09":{"x":9.63,"y":66.15,"width":500,"height":400},"skill1_10":{"x":9.63,"y":66.15,"width":500,"height":400},"skill1_11":{"x":9.63,"y":66.15,"width":500,"height":400},"skill1_12":{"x":9.63,"y":66.15,"width":500,"height":400},"skill1_13":{"x":9.63,"y":66.15,"width":500,"height":400},"skill1_14":{"x":9.63,"y":66.15,"width":500,"height":400},"skill1_15":{"x":9.63,"y":66.15,"width":500,"height":400},"skill1_16":{"x":9.63,"y":66.15,"width":500,"height":400},"skill2_00":{"x":9.63,"y":66.15,"width":500,"height":400},"skill2_01":{"x":9.63,"y":66.15,"width":500,"height":400},"skill2_02":{"x":-8.43,"y":37.07,"width":500,"height":400},"skill2_03":{"x":9.63,"y":66.15,"width":500,"height":400},"skill2_roop_00":{"x":9.63,"y":66.15,"width":500,"height":400},"skill2_roop_01":{"x":9.63,"y":66.15,"width":500,"height":400}},"S1_ex01":{"EF/630_S1_ex1/630_S1_ex1_00000":{"x":11.61,"y":69.68,"width":125,"height":159},"EF/630_S1_ex1/630_S1_ex1_00001":{"x":11.61,"y":69.68,"width":125,"height":159},"EF/630_S1_ex1/630_S1_ex1_00002":{"x":11.61,"y":69.68,"width":125,"height":159},"EF/630_S1_ex1/630_S1_ex1_00003":{"x":11.61,"y":69.68,"width":125,"height":159},"EF/630_S1_ex1/630_S1_ex1_00004":{"x":11.61,"y":69.68,"width":125,"height":159},"EF/630_S1_ex1/630_S1_ex1_00005":{"x":11.61,"y":69.68,"width":125,"height":159},"EF/630_S1_ex1/630_S1_ex1_00006":{"x":11.61,"y":69.68,"width":125,"height":159}},"S1_wave1_01":{"EF/130_S1_wave1/130_S1_wave1_00000":{"x":3.05,"y":25.07,"width":339,"height":117},"EF/130_S1_wave1/130_S1_wave1_00001":{"x":3.05,"y":25.07,"width":339,"height":117},"EF/130_S1_wave1/130_S1_wave1_00002":{"x":3.05,"y":25.07,"width":339,"height":117},"EF/130_S1_wave1/130_S1_wave1_00003":{"x":3.05,"y":25.07,"width":339,"height":117},"EF/130_S1_wave1/130_S1_wave1_00004":{"x":3.05,"y":25.07,"width":339,"height":117},"EF/130_S1_wave1/130_S1_wave1_00005":{"x":3.05,"y":25.07,"width":339,"height":117},"EF/130_S1_wave1/130_S1_wave1_00006":{"x":3.05,"y":25.07,"width":339,"height":117},"EF/130_S1_wave1/130_S1_wave1_00007":{"x":3.05,"y":25.07,"width":339,"height":117}},"S2_power01":{"EF/630_S2_power1/630_S2_power1_00000":{"x":-1.85,"y":-1.44,"width":350,"height":230},"EF/630_S2_power1/630_S2_power1_00001":{"x":-2.34,"y":-1.46,"width":350,"height":230},"EF/630_S2_power1/630_S2_power1_00002":{"x":-2.34,"y":-1.46,"width":350,"height":230},"EF/630_S2_power1/630_S2_power1_00003":{"x":-2.34,"y":-1.46,"width":350,"height":230},"EF/630_S2_power1/630_S2_power1_00004":{"x":-2.34,"y":-1.46,"width":350,"height":230},"EF/630_S2_power1/630_S2_power1_00005":{"x":-2.34,"y":-1.46,"width":350,"height":230},"EF/630_S2_power1/630_S2_power1_00006":{"x":-2.34,"y":-1.46,"width":350,"height":230},"EF/630_S2_power1/630_S2_power1_00007":{"x":-1.85,"y":-1.44,"width":350,"height":230},"EF/630_S2_power1/630_S2_power1_00008":{"x":-1.85,"y":-1.44,"width":350,"height":230},"EF/630_S2_power1/630_S2_power1_00009":{"x":-1.85,"y":-1.44,"width":350,"height":230},"EF/630_S2_power1/630_S2_power1_00010":{"x":-1.85,"y":-1.44,"width":350,"height":230}},"magic_4light_01":{"EF/magic_4light":{"type":"mesh","uvs":[1,1,0,1,0,0,1,0],"triangles":[1,2,3,1,3,0],"vertices":[106.71,-106.53,-106.28,-106.53,-106.28,106.46,106.71,106.46],"hull":4,"edges":[0,2,2,4,4,6,0,6],"width":213,"height":213}},"magic_4light_02":{"EF/magic_4light":{"type":"mesh","uvs":[1,1,0,1,0,0,1,0],"triangles":[1,2,3,1,3,0],"vertices":[106.71,-106.53,-106.28,-106.53,-106.28,106.46,106.71,106.46],"hull":4,"edges":[0,2,2,4,4,6,0,6],"width":213,"height":213}}}},"events":{"Event":{},"Hit":{},"Sound1":{},"Sound2":{},"Voice":{}},"animations":{"attack1":{"slots":{"DAMAGEAREA":{"attachment":[{"time":0.2666,"name":"DAMAGEAREA"},{"time":1.3,"name":null},{"time":1.3666,"name":"DAMAGEAREA"},{"time":1.5,"name":null}]},"MAIN":{"attachment":[{"time":0,"name":"front_00"},{"time":0.1666,"name":"attack1_00"},{"time":0.2666,"name":"attack1_01"},{"time":0.3333,"name":"attack1_02"},{"time":0.4,"name":"attack1_03"},{"time":0.4666,"name":"attack1_00"},{"time":0.5333,"name":"attack1_01"},{"time":0.6,"name":"attack1_02"},{"time":0.6666,"name":"attack1_03"},{"time":0.7333,"name":"attack1_00"},{"time":0.8,"name":"attack1_01"},{"time":0.8666,"name":"attack1_02"},{"time":0.9333,"name":"attack1_03"},{"time":1,"name":"attack1_00"},{"time":1.0666,"name":"attack1_01"},{"time":1.1333,"name":"attack1_02"},{"time":1.2,"name":"attack1_03"},{"time":1.2666,"name":"attack1_02"},{"time":1.3333,"name":"idle_00"},{"time":1.3666,"name":"skill1_06"},{"time":1.4666,"name":"attack1_03"},{"time":1.5666,"name":"idle_00"},{"time":1.9,"name":"idle_00"}]},"S1_ex01":{"attachment":[{"time":1.3666,"name":"EF/630_S1_ex1/630_S1_ex1_00000"},{"time":1.4,"name":"EF/630_S1_ex1/630_S1_ex1_00001"},{"time":1.4333,"name":"EF/630_S1_ex1/630_S1_ex1_00002"},{"time":1.4666,"name":"EF/630_S1_ex1/630_S1_ex1_00004"},{"time":1.5,"name":"EF/630_S1_ex1/630_S1_ex1_00005"},{"time":1.5333,"name":"EF/630_S1_ex1/630_S1_ex1_00006"},{"time":1.5666,"name":null}]},"S1_wave1_01":{"attachment":[{"time":1.3333,"name":"EF/130_S1_wave1/130_S1_wave1_00000"},{"time":1.3666,"name":"EF/130_S1_wave1/130_S1_wave1_00001"},{"time":1.4,"name":"EF/130_S1_wave1/130_S1_wave1_00002"},{"time":1.4333,"name":"EF/130_S1_wave1/130_S1_wave1_00003"},{"time":1.4666,"name":"EF/130_S1_wave1/130_S1_wave1_00004"},{"time":1.5,"name":"EF/130_S1_wave1/130_S1_wave1_00005"},{"time":1.5333,"name":"EF/130_S1_wave1/130_S1_wave1_00006"},{"time":1.5666,"name":"EF/130_S1_wave1/130_S1_wave1_00007"},{"time":1.6,"name":null}]}},"bones":{"MAIN":{"translate":[{"time":0,"x":0,"y":0,"curve":[0.314,0.87,0.75,1]},{"time":0.2,"x":-45.31,"y":0,"curve":[0.221,0.85,0.75,1]},{"time":1.2666,"x":-17.1,"y":0,"curve":"stepped"},{"time":1.3,"x":-21.13,"y":0},{"time":1.3666,"x":-12.13,"y":0,"curve":[0.233,0.86,0.75,1]},{"time":1.4666,"x":0,"y":0}]},"S1_ex01":{"translate":[{"time":1.3666,"x":-1663.57,"y":-12.19}],"scale":[{"time":1.3666,"x":1.102,"y":1.102}]},"S1_wave1_01":{"translate":[{"time":1.3333,"x":-1541.58,"y":-19.31}],"scale":[{"time":1.3333,"x":0.596,"y":0.596},{"time":1.3666,"x":1.403,"y":1.403},{"time":1.5666,"x":1.403,"y":1.403},{"time":1.6,"x":1.439,"y":1.439}]},"DAMAGEAREA":{"translate":[{"time":0.2666,"x":-426.09,"y":25.18},{"time":1,"x":-408.86,"y":25.18,"curve":"stepped"},{"time":1.3666,"x":-395.77,"y":25.18}],"scale":[{"time":0.2666,"x":4.2,"y":0.325,"curve":"stepped"},{"time":1.3666,"x":4.2,"y":0.588}]}},"events":[{"time":0.0333,"name":"Event","float":0.02,"string":"kHitStopType_normal"},{"time":0.0333,"name":"Voice","string":"cri_054_voice_attack_random"},{"time":0.2,"name":"Sound1","string":"cri_se_battle_machinegun_02"},{"time":0.2666,"name":"Sound1","string":"cri_se_battle_machinegun_02"},{"time":0.3333,"name":"Sound1","string":"cri_se_battle_machinegun_02"},{"time":0.4,"name":"Hit","string":"resetHitList"},{"time":0.4,"name":"Sound1","string":"cri_se_battle_machinegun_02"},{"time":0.4666,"name":"Sound1","string":"cri_se_battle_machinegun_02"},{"time":0.5333,"name":"Hit","string":"resetHitList"},{"time":0.5333,"name":"Sound1","string":"cri_se_battle_machinegun_02"},{"time":0.6,"name":"Sound1","string":"cri_se_battle_machinegun_02"},{"time":0.6666,"name":"Hit","string":"resetHitList"},{"time":0.6666,"name":"Sound1","string":"cri_se_battle_machinegun_02"},{"time":0.7333,"name":"Sound1","string":"cri_se_battle_machinegun_02"},{"time":0.8,"name":"Hit","string":"resetHitList"},{"time":0.8,"name":"Sound1","string":"cri_se_battle_machinegun_02"},{"time":0.8666,"name":"Sound1","string":"cri_se_battle_machinegun_02"},{"time":0.9333,"name":"Hit","string":"resetHitList"},{"time":0.9333,"name":"Sound1","string":"cri_se_battle_machinegun_02"},{"time":1,"name":"Sound1","string":"cri_se_battle_machinegun_02"},{"time":1.0666,"name":"Hit","string":"resetHitList"},{"time":1.0666,"name":"Sound1","string":"cri_se_battle_machinegun_02"},{"time":1.1333,"name":"Sound1","string":"cri_se_battle_machinegun_02"},{"time":1.2,"name":"Hit","string":"resetHitList"},{"time":1.2,"name":"Sound1","string":"cri_se_battle_machinegun_02"},{"time":1.2666,"name":"Sound1","string":"cri_se_battle_machinegun_02"},{"time":1.3333,"name":"Event","float":0.1,"string":"kHitStopType_normal"},{"time":1.3333,"name":"Sound1","string":"cri_se_battle_machinegun_02"},{"time":1.3666,"name":"Event","string":"kImpactType_knock"},{"time":1.3666,"name":"Hit","string":"resetHitList"},{"time":1.4,"name":"Sound1","string":"cri_se_battle_machinegun_02"},{"time":1.4666,"name":"Sound1","string":"cri_se_battle_machinegun_02"}]},"back":{"slots":{"MAIN":{"attachment":[{"time":0,"name":"back_00"},{"time":0.3333,"name":"idle_00"},{"time":0.6333,"name":"idle_00"}]}},"bones":{"MAIN":{"translate":[{"time":0,"x":-1.59,"y":1.67},{"time":0.1666,"x":80.76,"y":13.73},{"time":0.3,"x":133.09,"y":0},{"time":0.4666,"x":140,"y":0}]}},"events":[{"time":0,"name":"Sound1","string":"cri_se_battle_jump"},{"time":0.3333,"name":"Sound1","string":"cri_se_battle_landing"}]},"cast":{"slots":{"MAIN":{"attachment":[{"time":0,"name":"skill1_01"},{"time":0.0666,"name":"skill1_05"},{"time":0.2,"name":"skill1_08"},{"time":0.5,"name":"skill1_09"},{"time":0.6333,"name":"skill1_11"},{"time":0.7666,"name":"skill1_12"},{"time":0.8666,"name":"skill1_13"},{"time":0.9666,"name":"skill1_14"},{"time":1.0666,"name":"skill1_15"},{"time":1.1666,"name":"skill1_16"},{"time":1.3,"name":"idle_04"},{"time":1.7333,"name":"idle_00"}]}},"bones":{"MAIN":{"translate":[{"time":0.5,"x":9.2,"y":-3.11,"curve":"stepped"},{"time":0.6333,"x":7.76,"y":-3.11,"curve":"stepped"},{"time":0.8666,"x":47.27,"y":-3.11,"curve":"stepped"},{"time":0.9666,"x":16.88,"y":-3.11,"curve":"stepped"},{"time":1.0666,"x":-14.51,"y":-3.11,"curve":"stepped"},{"time":1.1666,"x":0,"y":-3.11}]}},"events":[{"time":0.5,"name":"Voice","string":"cri_054_voice_item"}]},"damage":{"slots":{"MAIN":{"attachment":[{"time":0,"name":"damage_00"}]}}},"front":{"slots":{"MAIN":{"attachment":[{"time":0,"name":"front_00"}]}},"bones":{"MAIN":{"translate":[{"time":0,"x":0,"y":0}]}}},"idle":{"slots":{"MAIN":{"attachment":[{"time":0,"name":"idle_00"},{"time":0.1666,"name":"idle_01"},{"time":0.3333,"name":"idle_02"},{"time":0.5,"name":"idle_03"},{"time":0.6666,"name":"idle_04"},{"time":0.8333,"name":"idle_04"}]}},"bones":{"MAIN":{"translate":[{"time":0,"x":0,"y":0}]}}},"skill1":{"slots":{"DAMAGEAREA":{"attachment":[{"time":0.1333,"name":"DAMAGEAREA"},{"time":1.2333,"name":null}]},"MAIN":{"attachment":[{"time":0,"name":"skill1_00"},{"time":0.0666,"name":"skill1_01"},{"time":0.1333,"name":"skill1_02"},{"time":0.2,"name":"skill1_03"},{"time":0.2666,"name":"skill1_04"},{"time":0.3333,"name":"skill1_05"},{"time":0.4,"name":"skill1_06"},{"time":0.4666,"name":"skill1_07"},{"time":0.5333,"name":"skill1_08"},{"time":0.6,"name":"skill1_07"},{"time":0.6666,"name":"skill1_08"},{"time":0.7333,"name":"skill1_07"},{"time":0.8,"name":"skill1_08"},{"time":0.8666,"name":"skill1_07"},{"time":0.9333,"name":"skill1_08"},{"time":1,"name":"skill1_07"},{"time":1.0666,"name":"skill1_08"},{"time":1.1333,"name":"skill1_07"},{"time":1.2,"name":"skill1_09"},{"time":1.3,"name":"skill1_10"},{"time":1.4333,"name":"skill1_11"},{"time":1.5333,"name":"skill1_12"},{"time":1.6333,"name":"skill1_13"},{"time":1.7333,"name":"skill1_14"},{"time":2.0333,"name":"skill1_15"},{"time":2.2333,"name":"skill1_16"},{"time":2.3666,"name":"idle_04"},{"time":2.6333,"name":"idle_00"}]},"S1_ex01":{"attachment":[{"time":1.2,"name":"EF/630_S1_ex1/630_S1_ex1_00000"},{"time":1.2333,"name":"EF/630_S1_ex1/630_S1_ex1_00001"},{"time":1.2666,"name":"EF/630_S1_ex1/630_S1_ex1_00002"},{"time":1.3,"name":"EF/630_S1_ex1/630_S1_ex1_00003"},{"time":1.3333,"name":"EF/630_S1_ex1/630_S1_ex1_00004"},{"time":1.3666,"name":"EF/630_S1_ex1/630_S1_ex1_00005"},{"time":1.4,"name":"EF/630_S1_ex1/630_S1_ex1_00006"},{"time":1.4333,"name":null}]},"S1_wave1_01":{"attachment":[{"time":1.2,"name":"EF/130_S1_wave1/130_S1_wave1_00000"},{"time":1.2333,"name":"EF/130_S1_wave1/130_S1_wave1_00001"},{"time":1.2666,"name":"EF/130_S1_wave1/130_S1_wave1_00002"},{"time":1.3,"name":"EF/130_S1_wave1/130_S1_wave1_00003"},{"time":1.3333,"name":"EF/130_S1_wave1/130_S1_wave1_00004"},{"time":1.3666,"name":"EF/130_S1_wave1/130_S1_wave1_00005"},{"time":1.4,"name":"EF/130_S1_wave1/130_S1_wave1_00006"},{"time":1.4333,"name":"EF/130_S1_wave1/130_S1_wave1_00007"},{"time":1.4666,"name":null}]}},"bones":{"MAIN":{"translate":[{"time":0,"x":0,"y":0,"curve":"stepped"},{"time":1.2,"x":0,"y":0,"curve":"stepped"},{"time":1.3,"x":26.88,"y":0,"curve":"stepped"},{"time":1.7333,"x":24.9,"y":-3.11},{"time":1.8,"x":10.32,"y":4.95},{"time":1.9,"x":-17.36,"y":-2.86},{"time":1.9666,"x":-29.02,"y":1.93},{"time":2.0333,"x":-40.67,"y":0,"curve":"stepped"},{"time":2.1333,"x":-40.67,"y":0,"curve":"stepped"},{"time":2.2333,"x":0,"y":0}],"scale":[{"time":0,"x":1,"y":1}]},"S1_wave1_01":{"translate":[{"time":1.2,"x":-1532.53,"y":-21.05}],"scale":[{"time":1.2,"x":0.801,"y":0.801},{"time":1.2333,"x":1.6,"y":1.6,"curve":"stepped"},{"time":1.4333,"x":1.6,"y":1.6},{"time":1.4666,"x":1.642,"y":1.642}]},"S1_ex01":{"translate":[{"time":1.2,"x":-1615.26,"y":-21.58}],"scale":[{"time":1.2,"x":2.153,"y":2.153}]},"DAMAGEAREA":{"translate":[{"time":0.1333,"x":-335.44,"y":0},{"time":0.6,"x":-335.4,"y":92}],"scale":[{"time":0.1333,"x":3.218,"y":0.506}]}},"events":[{"time":0,"name":"Event","string":"setHitEffect(hit04d,1)"},{"time":0,"name":"Voice","string":"cri_054_voice_skill_all"},{"time":0.0333,"name":"Event","float":0.1,"string":"kHitStopType_enemyonly"},{"time":0.0666,"name":"Event","string":"setHitBackEnemy(0,10)"},{"time":0.0666,"name":"Sound1","string":"cri_se_battle_machinegun_02"},{"time":0.1,"name":"Sound1","string":"cri_se_battle_machinegun_02"},{"time":0.1333,"name":"Sound1","string":"cri_se_battle_machinegun_02"},{"time":0.1666,"name":"Sound1","string":"cri_se_battle_machinegun_02"},{"time":0.2,"name":"Hit","string":"resetHitList"},{"time":0.2,"name":"Sound1","string":"cri_se_battle_machinegun_02"},{"time":0.2333,"name":"Sound1","string":"cri_se_battle_machinegun_02"},{"time":0.2666,"name":"Hit","string":"resetHitList"},{"time":0.2666,"name":"Sound1","string":"cri_se_battle_machinegun_02"},{"time":0.3,"name":"Sound1","string":"cri_se_battle_machinegun_02"},{"time":0.3333,"name":"Hit","string":"resetHitList"},{"time":0.3333,"name":"Sound1","string":"cri_se_battle_machinegun_02"},{"time":0.3666,"name":"Sound1","string":"cri_se_battle_machinegun_02"},{"time":0.4,"name":"Hit","string":"resetHitList"},{"time":0.4,"name":"Sound1","string":"cri_se_battle_machinegun_02"},{"time":0.4333,"name":"Sound1","string":"cri_se_battle_machinegun_02"},{"time":0.4666,"name":"Hit","string":"resetHitList"},{"time":0.4666,"name":"Sound1","string":"cri_se_battle_machinegun_02"},{"time":0.5,"name":"Sound1","string":"cri_se_battle_machinegun_02"},{"time":0.5333,"name":"Hit","string":"resetHitList"},{"time":0.5333,"name":"Sound1","string":"cri_se_battle_machinegun_02"},{"time":0.5666,"name":"Sound1","string":"cri_se_battle_machinegun_02"},{"time":0.6,"name":"Event","string":"setHitBackEnemy(0,0)"},{"time":0.6,"name":"Hit","string":"resetHitList"},{"time":0.6,"name":"Sound1","string":"cri_se_battle_machinegun_02"},{"time":0.6333,"name":"Sound1","string":"cri_se_battle_machinegun_02"},{"time":0.6666,"name":"Hit","string":"resetHitList"},{"time":0.6666,"name":"Sound1","string":"cri_se_battle_machinegun_02"},{"time":0.7,"name":"Sound1","string":"cri_se_battle_machinegun_02"},{"time":0.7333,"name":"Hit","string":"resetHitList"},{"time":0.7333,"name":"Sound1","string":"cri_se_battle_machinegun_02"},{"time":0.7666,"name":"Sound1","string":"cri_se_battle_machinegun_02"},{"time":0.8,"name":"Hit","string":"resetHitList"},{"time":0.8,"name":"Sound1","string":"cri_se_battle_machinegun_02"},{"time":0.8333,"name":"Sound1","string":"cri_se_battle_machinegun_02"},{"time":0.8666,"name":"Hit","string":"resetHitList"},{"time":0.8666,"name":"Sound1","string":"cri_se_battle_machinegun_02"},{"time":0.9,"name":"Sound1","string":"cri_se_battle_machinegun_02"},{"time":0.9333,"name":"Hit","string":"resetHitList"},{"time":0.9333,"name":"Sound1","string":"cri_se_battle_machinegun_02"},{"time":0.9666,"name":"Sound1","string":"cri_se_battle_machinegun_02"},{"time":1,"name":"Hit","string":"resetHitList"},{"time":1,"name":"Sound1","string":"cri_se_battle_machinegun_02"},{"time":1.0333,"name":"Sound1","string":"cri_se_battle_machinegun_02"},{"time":1.0666,"name":"Hit","string":"resetHitList"},{"time":1.0666,"name":"Sound1","string":"cri_se_battle_machinegun_02"},{"time":1.1,"name":"Sound1","string":"cri_se_battle_machinegun_02"},{"time":1.1333,"name":"Event","string":"kImpactType_up"},{"time":1.1333,"name":"Hit","string":"resetHitList"},{"time":1.1333,"name":"Sound1","string":"cri_se_battle_machinegun_02"},{"time":1.1666,"name":"Event","string":"setHitEffect(hit04d, 1 , 2 , 0)"},{"time":1.1666,"name":"Sound1","string":"cri_se_battle_machinegun_02"},{"time":1.2,"name":"Event","float":0.25,"string":"kHitStopType_normal"},{"time":1.2,"name":"Hit","float":2,"string":"resetHitList"},{"time":1.2,"name":"Sound2","string":"cri_se_battle_explosion_short"},{"time":1.2333,"name":"Event","string":"shakeGround"}]},"skill2":{"slots":{"DAMAGEAREA":{"attachment":[{"time":1.3333,"name":"DAMAGEAREA"},{"time":2.5333,"name":null}]},"MAIN":{"attachment":[{"time":0,"name":"idle_00"},{"time":0.0666,"name":"skill2_00"},{"time":0.1666,"name":"skill2_01"},{"time":0.2666,"name":"skill2_02"},{"time":0.6666,"name":"skill2_03"},{"time":1.1333,"name":"skill2_roop_00"},{"time":1.2,"name":"skill2_roop_01"},{"time":1.2666,"name":"skill2_roop_00"},{"time":1.3333,"name":"skill2_roop_01"},{"time":1.4,"name":"skill2_roop_00"},{"time":1.4666,"name":"skill2_roop_01"},{"time":1.5333,"name":"skill2_roop_00"},{"time":1.6,"name":"skill2_roop_01"},{"time":1.6666,"name":"skill2_roop_00"},{"time":1.7333,"name":"skill2_roop_01"},{"time":1.8,"name":"skill2_roop_00"},{"time":1.8666,"name":"skill2_roop_01"},{"time":1.9333,"name":"skill2_roop_00"},{"time":2,"name":"skill2_roop_01"},{"time":2.3333,"name":"skill2_03"},{"time":2.4666,"name":"idle_04"},{"time":2.6,"name":"idle_00"},{"time":2.7333,"name":"idle_00"}]},"S2_power01":{"attachment":[{"time":0.3666,"name":"EF/630_S2_power1/630_S2_power1_00000"},{"time":0.4,"name":"EF/630_S2_power1/630_S2_power1_00001"},{"time":0.4333,"name":"EF/630_S2_power1/630_S2_power1_00002"},{"time":0.4666,"name":"EF/630_S2_power1/630_S2_power1_00003"},{"time":0.5,"name":"EF/630_S2_power1/630_S2_power1_00004"},{"time":0.5333,"name":"EF/630_S2_power1/630_S2_power1_00005"},{"time":0.5666,"name":"EF/630_S2_power1/630_S2_power1_00006"},{"time":0.6,"name":"EF/630_S2_power1/630_S2_power1_00007"},{"time":0.6333,"name":"EF/630_S2_power1/630_S2_power1_00008"},{"time":0.6666,"name":"EF/630_S2_power1/630_S2_power1_00009"},{"time":0.7,"name":"EF/630_S2_power1/630_S2_power1_00010"},{"time":0.7333,"name":null}],"color":[{"time":0.3333,"color":"ffffffff"}]},"magic_4light_01":{"attachment":[{"time":0.0666,"name":"EF/magic_4light"},{"time":0.6,"name":null}],"color":[{"time":0.2666,"color":"ffffffff"},{"time":0.5666,"color":"ffffff00"}]},"magic_4light_02":{"attachment":[{"time":0.2333,"name":"EF/magic_4light"},{"time":0.6,"name":null}],"color":[{"time":0.2666,"color":"ffffffff"},{"time":0.5666,"color":"ffffff00"}]}},"bones":{"MAIN":{"rotate":[{"time":0,"angle":0,"curve":"stepped"},{"time":0.3333,"angle":123.57,"curve":"stepped"},{"time":0.4,"angle":-83.94,"curve":"stepped"},{"time":0.4666,"angle":-27.71,"curve":"stepped"},{"time":0.5333,"angle":123.57,"curve":"stepped"},{"time":0.6,"angle":-83.94,"curve":"stepped"},{"time":0.6666,"angle":0}],"translate":[{"time":0,"x":0,"y":0,"curve":"stepped"},{"time":0.0333,"x":0,"y":0,"curve":[0.107,0.9,0.551,0.92]},{"time":0.1666,"x":137.94,"y":89.21,"curve":"stepped"},{"time":0.2,"x":137.94,"y":89.21,"curve":[0,0.33,0.43,0.87]},{"time":0.3333,"x":15.5,"y":216.56,"curve":"stepped"},{"time":1.1333,"x":-8.18,"y":210.54,"curve":[0,0.59,0.75,1]},{"time":2.1,"x":16.38,"y":240.57},{"time":2.2333,"x":18.46,"y":240.99,"curve":[1,0.39,1,0.92]},{"time":2.4333,"x":-3.1,"y":6.74,"curve":[0,0.52,1,0.99]},{"time":2.4666,"x":0,"y":0}]},"S2_power01":{"rotate":[{"time":0.3333,"angle":0}],"translate":[{"time":0.3333,"x":-1377.33,"y":644.2}],"scale":[{"time":0.3333,"x":3.061,"y":3.061,"curve":"stepped"},{"time":0.6,"x":3.061,"y":3.061,"curve":[0.228,0.88,0.75,1]},{"time":0.7,"x":7.011,"y":7.011}]},"magic_4light_01":{"translate":[{"time":0.0666,"x":-665.1,"y":492.04},{"time":0.5666,"x":-663.69,"y":490.82}],"scale":[{"time":0.0666,"x":0.508,"y":0.508},{"time":0.2,"x":2.406,"y":2.406}]},"magic_4light_02":{"translate":[{"time":0.2333,"x":-921.34,"y":491.99},{"time":0.5666,"x":-919.88,"y":490.9}],"scale":[{"time":0.2333,"x":0.895,"y":0.895},{"time":0.5,"x":2.318,"y":2.318}]},"DAMAGEAREA":{"translate":[{"time":1.3333,"x":-210.73,"y":58.59},{"time":1.6666,"x":-247.19,"y":56.56},{"time":2.1666,"x":-233.01,"y":93.01}],"scale":[{"time":1.3333,"x":2.082,"y":1.196},{"time":1.6666,"x":2.656,"y":1.67},{"time":2.1666,"x":2.404,"y":1.297}]}},"ffd":{"default":{"magic_4light_01":{"EF/magic_4light":[{"time":0.0666,"vertices":[-115.02332,35.37846,64.97575,35.43212,117.00778,-35.2636,-64.1225,-35.18765]},{"time":0.5666,"vertices":[-117.59973,32.35351,64.88134,39.46198,117.95782,-32.1745,-65.58636,-38.75717]}]},"magic_4light_02":{"EF/magic_4light":[{"time":0.2333,"vertices":[-119.37949,6.1676,49.5298,9.97753,121.56248,-6.37888,-48.11644,-9.62004]},{"time":0.5666,"vertices":[-119.46886,14.78392,56.26175,23.62004,121.38347,-15.71324,-55.38571,-23.89082]}]}}},"events":[{"time":0,"name":"Voice","string":"cri_054_voice_fullarts_now"},{"time":0.0666,"name":"Event","string":"movePosition_Target(0.1,250,0)"},{"time":0.0666,"name":"Sound1","string":"cri_se_battle_jump"},{"time":0.1666,"name":"Event","string":"addOrbitSystem-LockOns2"},{"time":0.2333,"name":"Sound1","string":"cri_se_battle_jump"},{"time":0.3333,"name":"Sound1","string":"cri_se_battle_lockoooon"},{"time":0.3666,"name":"Sound2","string":"cri_se_battle_charge"},{"time":0.4,"name":"Sound1","string":"cri_se_battle_lockoooon"},{"time":0.4666,"name":"Sound1","string":"cri_se_battle_lockoooon"},{"time":1.1333,"name":"Voice","string":"cri_054_voice_fullarts_rank4"},{"time":1.2,"name":"Sound1","string":"cri_se_battle_machinegun_02"},{"time":1.2333,"name":"Sound1","string":"cri_se_battle_machinegun_02"},{"time":1.2666,"name":"Sound1","string":"cri_se_battle_machinegun_02"},{"time":1.2666,"name":"Sound2","string":"cri_se_battle_explosion_short"},{"time":1.3,"name":"Event","float":0.05,"string":"kHitStopType_normal"},{"time":1.3,"name":"Sound1","string":"cri_se_battle_machinegun_02"},{"time":1.3333,"name":"Event","float":1,"string":"shakeGround_Loop"},{"time":1.3333,"name":"Sound1","string":"cri_se_battle_machinegun_02"},{"time":1.3666,"name":"Event","float":0.01,"string":"kHitStopType_normal"},{"time":1.3666,"name":"Hit","string":"resetHitList"},{"time":1.3666,"name":"Sound1","string":"cri_se_battle_machinegun_02"},{"time":1.4,"name":"Event","float":0.05,"string":"kHitStopType_normal"},{"time":1.4,"name":"Hit","string":"resetHitList"},{"time":1.4,"name":"Sound1","string":"cri_se_battle_machinegun_02"},{"time":1.4,"name":"Sound2","string":"cri_se_battle_explosion_short"},{"time":1.4333,"name":"Event","float":0.01,"string":"kHitStopType_normal"},{"time":1.4333,"name":"Hit","string":"resetHitList"},{"time":1.4333,"name":"Sound1","string":"cri_se_battle_machinegun_02"},{"time":1.4666,"name":"Hit","string":"resetHitList"},{"time":1.4666,"name":"Sound1","string":"cri_se_battle_machinegun_02"},{"time":1.5,"name":"Hit","string":"resetHitList"},{"time":1.5,"name":"Sound1","string":"cri_se_battle_machinegun_02"},{"time":1.5333,"name":"Event","float":0.05,"string":"kHitStopType_normal"},{"time":1.5333,"name":"Hit","string":"resetHitList"},{"time":1.5333,"name":"Sound1","string":"cri_se_battle_machinegun_02"},{"time":1.5333,"name":"Sound2","string":"cri_se_battle_explosion_short"},{"time":1.5666,"name":"Event","float":0.01,"string":"kHitStopType_normal"},{"time":1.5666,"name":"Hit","string":"resetHitList"},{"time":1.5666,"name":"Sound1","string":"cri_se_battle_machinegun_02"},{"time":1.6,"name":"Hit","string":"resetHitList"},{"time":1.6,"name":"Sound1","string":"cri_se_battle_machinegun_02"},{"time":1.6333,"name":"Hit","string":"resetHitList"},{"time":1.6333,"name":"Sound1","string":"cri_se_battle_machinegun_02"},{"time":1.6666,"name":"Event","float":0.05,"string":"kHitStopType_normal"},{"time":1.6666,"name":"Hit","string":"resetHitList"},{"time":1.6666,"name":"Sound1","string":"cri_se_battle_machinegun_02"},{"time":1.6666,"name":"Sound2","string":"cri_se_battle_explosion_short"},{"time":1.7,"name":"Event","float":0.01,"string":"kHitStopType_normal"},{"time":1.7,"name":"Hit","string":"resetHitList"},{"time":1.7,"name":"Sound1","string":"cri_se_battle_machinegun_02"},{"time":1.7333,"name":"Hit","string":"resetHitList"},{"time":1.7333,"name":"Sound1","string":"cri_se_battle_machinegun_02"},{"time":1.7666,"name":"Hit","string":"resetHitList"},{"time":1.7666,"name":"Sound1","string":"cri_se_battle_machinegun_02"},{"time":1.8,"name":"Event","float":0.05,"string":"kHitStopType_normal"},{"time":1.8,"name":"Hit","string":"resetHitList"},{"time":1.8,"name":"Sound1","string":"cri_se_battle_machinegun_02"},{"time":1.8,"name":"Sound2","string":"cri_se_battle_explosion_short"},{"time":1.8333,"name":"Event","float":0.01,"string":"kHitStopType_normal"},{"time":1.8333,"name":"Hit","string":"resetHitList"},{"time":1.8333,"name":"Sound1","string":"cri_se_battle_machinegun_02"},{"time":1.8666,"name":"Hit","string":"resetHitList"},{"time":1.8666,"name":"Sound1","string":"cri_se_battle_machinegun_02"},{"time":1.9,"name":"Event","float":0.05,"string":"kHitStopType_normal"},{"time":1.9,"name":"Hit","string":"resetHitList"},{"time":1.9,"name":"Sound1","string":"cri_se_battle_machinegun_02"},{"time":1.9,"name":"Sound2","string":"cri_se_battle_explosion_short"},{"time":1.9333,"name":"Event","float":0.01,"string":"kHitStopType_normal"},{"time":1.9333,"name":"Hit","string":"resetHitList"},{"time":1.9333,"name":"Sound1","string":"cri_se_battle_machinegun_02"},{"time":1.9666,"name":"Hit","string":"resetHitList"},{"time":1.9666,"name":"Sound1","string":"cri_se_battle_machinegun_02"},{"time":2,"name":"Hit","string":"resetHitList"},{"time":2,"name":"Sound1","string":"cri_se_battle_machinegun_02"},{"time":2.0333,"name":"Hit","string":"resetHitList"},{"time":2.0333,"name":"Sound1","string":"cri_se_battle_machinegun_02"},{"time":2.0666,"name":"Event","float":0.05,"string":"kImpactType_up"},{"time":2.0666,"name":"Hit","string":"resetHitList"},{"time":2.1,"name":"Hit","string":"resetHitList"},{"time":2.1333,"name":"Hit","string":"resetHitList"},{"time":2.4666,"name":"Sound2","string":"cri_se_battle_landing"}]},"skill2-noMagic":{"slots":{"DAMAGEAREA":{"attachment":[{"time":1.3333,"name":"DAMAGEAREA"},{"time":2.5333,"name":null}]},"MAIN":{"attachment":[{"time":0,"name":"idle_00"},{"time":0.0666,"name":"skill2_00"},{"time":0.1666,"name":"skill2_01"},{"time":0.2666,"name":"skill2_02"},{"time":0.6666,"name":"skill2_03"},{"time":1.1333,"name":"skill2_roop_00"},{"time":1.2,"name":"skill2_roop_01"},{"time":1.2666,"name":"skill2_roop_00"},{"time":1.3333,"name":"skill2_roop_01"},{"time":1.4,"name":"skill2_roop_00"},{"time":1.4666,"name":"skill2_roop_01"},{"time":1.5333,"name":"skill2_roop_00"},{"time":1.6,"name":"skill2_roop_01"},{"time":1.6666,"name":"skill2_roop_00"},{"time":1.7333,"name":"skill2_roop_01"},{"time":1.8,"name":"skill2_roop_00"},{"time":1.8666,"name":"skill2_roop_01"},{"time":1.9333,"name":"skill2_roop_00"},{"time":2,"name":"skill2_roop_01"},{"time":2.3333,"name":"skill2_03"},{"time":2.4666,"name":"idle_04"},{"time":2.6,"name":"idle_00"},{"time":2.7333,"name":"idle_00"}]},"S2_power01":{"attachment":[{"time":0.3666,"name":"EF/630_S2_power1/630_S2_power1_00000"},{"time":0.4,"name":"EF/630_S2_power1/630_S2_power1_00001"},{"time":0.4333,"name":"EF/630_S2_power1/630_S2_power1_00002"},{"time":0.4666,"name":"EF/630_S2_power1/630_S2_power1_00003"},{"time":0.5,"name":"EF/630_S2_power1/630_S2_power1_00004"},{"time":0.5333,"name":"EF/630_S2_power1/630_S2_power1_00005"},{"time":0.5666,"name":"EF/630_S2_power1/630_S2_power1_00006"},{"time":0.6,"name":"EF/630_S2_power1/630_S2_power1_00007"},{"time":0.6333,"name":"EF/630_S2_power1/630_S2_power1_00008"},{"time":0.6666,"name":"EF/630_S2_power1/630_S2_power1_00009"},{"time":0.7,"name":"EF/630_S2_power1/630_S2_power1_00010"},{"time":0.7333,"name":null}],"color":[{"time":0.3333,"color":"ffffffff"}]}},"bones":{"MAIN":{"rotate":[{"time":0,"angle":0,"curve":"stepped"},{"time":0.3333,"angle":123.57,"curve":"stepped"},{"time":0.4,"angle":-83.94,"curve":"stepped"},{"time":0.4666,"angle":-27.71,"curve":"stepped"},{"time":0.5333,"angle":123.57,"curve":"stepped"},{"time":0.6,"angle":-83.94,"curve":"stepped"},{"time":0.6666,"angle":0}],"translate":[{"time":0,"x":0,"y":0,"curve":"stepped"},{"time":0.0333,"x":0,"y":0,"curve":[0.107,0.9,0.551,0.92]},{"time":0.1666,"x":137.94,"y":89.21,"curve":"stepped"},{"time":0.2,"x":137.94,"y":89.21,"curve":[0,0.33,0.43,0.87]},{"time":0.3333,"x":15.5,"y":216.56,"curve":"stepped"},{"time":1.1333,"x":-8.18,"y":210.54,"curve":[0,0.59,0.75,1]},{"time":2.1,"x":16.38,"y":240.57},{"time":2.2333,"x":18.46,"y":240.99,"curve":[1,0.39,1,0.92]},{"time":2.4333,"x":-3.1,"y":6.74,"curve":[0,0.52,1,0.99]},{"time":2.4666,"x":0,"y":0}]},"S2_power01":{"rotate":[{"time":0.3333,"angle":0}],"translate":[{"time":0.3333,"x":-1377.33,"y":644.2}],"scale":[{"time":0.3333,"x":3.061,"y":3.061,"curve":"stepped"},{"time":0.6,"x":3.061,"y":3.061,"curve":[0.228,0.88,0.75,1]},{"time":0.7,"x":7.011,"y":7.011}]},"DAMAGEAREA":{"translate":[{"time":1.3333,"x":-210.73,"y":58.59},{"time":1.6666,"x":-247.19,"y":56.56},{"time":2.1666,"x":-233.01,"y":93.01}],"scale":[{"time":1.3333,"x":2.082,"y":1.196},{"time":1.6666,"x":2.656,"y":1.67},{"time":2.1666,"x":2.404,"y":1.297}]}},"events":[{"time":0,"name":"Voice","string":"cri_054_voice_fullarts_now"},{"time":0.0666,"name":"Sound1","string":"cri_se_battle_jump"},{"time":0.2333,"name":"Sound1","string":"cri_se_battle_jump"},{"time":0.3333,"name":"Sound1","string":"cri_se_battle_lockoooon"},{"time":0.3666,"name":"Sound2","string":"cri_se_battle_charge"},{"time":0.4,"name":"Sound1","string":"cri_se_battle_lockoooon"},{"time":0.4666,"name":"Sound1","string":"cri_se_battle_lockoooon"},{"time":1.1333,"name":"Voice","string":"cri_054_voice_fullarts_rank4"},{"time":1.2,"name":"Sound1","string":"cri_se_battle_machinegun_02"},{"time":1.2333,"name":"Sound1","string":"cri_se_battle_machinegun_02"},{"time":1.2666,"name":"Sound1","string":"cri_se_battle_machinegun_02"},{"time":1.2666,"name":"Sound2","string":"cri_se_battle_explosion_short"},{"time":1.3,"name":"Event","float":0.05,"string":"kHitStopType_normal"},{"time":1.3,"name":"Sound1","string":"cri_se_battle_machinegun_02"},{"time":1.3333,"name":"Event","float":1,"string":"shakeGround_Loop"},{"time":1.3333,"name":"Sound1","string":"cri_se_battle_machinegun_02"},{"time":1.3666,"name":"Event","float":0.01,"string":"kHitStopType_normal"},{"time":1.3666,"name":"Hit","string":"resetHitList"},{"time":1.3666,"name":"Sound1","string":"cri_se_battle_machinegun_02"},{"time":1.4,"name":"Event","float":0.05,"string":"kHitStopType_normal"},{"time":1.4,"name":"Hit","string":"resetHitList"},{"time":1.4,"name":"Sound1","string":"cri_se_battle_machinegun_02"},{"time":1.4,"name":"Sound2","string":"cri_se_battle_explosion_short"},{"time":1.4333,"name":"Event","float":0.01,"string":"kHitStopType_normal"},{"time":1.4333,"name":"Hit","string":"resetHitList"},{"time":1.4333,"name":"Sound1","string":"cri_se_battle_machinegun_02"},{"time":1.4666,"name":"Hit","string":"resetHitList"},{"time":1.4666,"name":"Sound1","string":"cri_se_battle_machinegun_02"},{"time":1.5,"name":"Hit","string":"resetHitList"},{"time":1.5,"name":"Sound1","string":"cri_se_battle_machinegun_02"},{"time":1.5333,"name":"Event","float":0.05,"string":"kHitStopType_normal"},{"time":1.5333,"name":"Hit","string":"resetHitList"},{"time":1.5333,"name":"Sound1","string":"cri_se_battle_machinegun_02"},{"time":1.5333,"name":"Sound2","string":"cri_se_battle_explosion_short"},{"time":1.5666,"name":"Event","float":0.01,"string":"kHitStopType_normal"},{"time":1.5666,"name":"Hit","string":"resetHitList"},{"time":1.5666,"name":"Sound1","string":"cri_se_battle_machinegun_02"},{"time":1.6,"name":"Hit","string":"resetHitList"},{"time":1.6,"name":"Sound1","string":"cri_se_battle_machinegun_02"},{"time":1.6333,"name":"Hit","string":"resetHitList"},{"time":1.6333,"name":"Sound1","string":"cri_se_battle_machinegun_02"},{"time":1.6666,"name":"Event","float":0.05,"string":"kHitStopType_normal"},{"time":1.6666,"name":"Hit","string":"resetHitList"},{"time":1.6666,"name":"Sound1","string":"cri_se_battle_machinegun_02"},{"time":1.6666,"name":"Sound2","string":"cri_se_battle_explosion_short"},{"time":1.7,"name":"Event","float":0.01,"string":"kHitStopType_normal"},{"time":1.7,"name":"Hit","string":"resetHitList"},{"time":1.7,"name":"Sound1","string":"cri_se_battle_machinegun_02"},{"time":1.7333,"name":"Hit","string":"resetHitList"},{"time":1.7333,"name":"Sound1","string":"cri_se_battle_machinegun_02"},{"time":1.7666,"name":"Hit","string":"resetHitList"},{"time":1.7666,"name":"Sound1","string":"cri_se_battle_machinegun_02"},{"time":1.8,"name":"Event","float":0.05,"string":"kHitStopType_normal"},{"time":1.8,"name":"Hit","string":"resetHitList"},{"time":1.8,"name":"Sound1","string":"cri_se_battle_machinegun_02"},{"time":1.8,"name":"Sound2","string":"cri_se_battle_explosion_short"},{"time":1.8333,"name":"Event","float":0.01,"string":"kHitStopType_normal"},{"time":1.8333,"name":"Hit","string":"resetHitList"},{"time":1.8333,"name":"Sound1","string":"cri_se_battle_machinegun_02"},{"time":1.8666,"name":"Hit","string":"resetHitList"},{"time":1.8666,"name":"Sound1","string":"cri_se_battle_machinegun_02"},{"time":1.9,"name":"Event","float":0.05,"string":"kHitStopType_normal"},{"time":1.9,"name":"Hit","string":"resetHitList"},{"time":1.9,"name":"Sound1","string":"cri_se_battle_machinegun_02"},{"time":1.9,"name":"Sound2","string":"cri_se_battle_explosion_short"},{"time":1.9333,"name":"Event","float":0.01,"string":"kHitStopType_normal"},{"time":1.9333,"name":"Hit","string":"resetHitList"},{"time":1.9333,"name":"Sound1","string":"cri_se_battle_machinegun_02"},{"time":1.9666,"name":"Hit","string":"resetHitList"},{"time":1.9666,"name":"Sound1","string":"cri_se_battle_machinegun_02"},{"time":2,"name":"Hit","string":"resetHitList"},{"time":2,"name":"Sound1","string":"cri_se_battle_machinegun_02"},{"time":2.0333,"name":"Hit","string":"resetHitList"},{"time":2.0333,"name":"Sound1","string":"cri_se_battle_machinegun_02"},{"time":2.0666,"name":"Event","float":0.05,"string":"kImpactType_up"},{"time":2.0666,"name":"Hit","string":"resetHitList"},{"time":2.1,"name":"Hit","string":"resetHitList"},{"time":2.1333,"name":"Hit","string":"resetHitList"},{"time":2.4666,"name":"Sound2","string":"cri_se_battle_landing"}]},"skill2_magic":{"slots":{"MAIN":{"attachment":[{"time":0,"name":null},{"time":0.6666,"name":null}]},"magic_4light_01":{"attachment":[{"time":0.0666,"name":"EF/magic_4light"},{"time":0.6,"name":null}],"color":[{"time":0.2666,"color":"ffffffff"},{"time":0.5666,"color":"ffffff00"}]},"magic_4light_02":{"attachment":[{"time":0.2333,"name":"EF/magic_4light"},{"time":0.6,"name":null}],"color":[{"time":0.2666,"color":"ffffffff"},{"time":0.5666,"color":"ffffff00"}]}},"bones":{"magic_4light_01":{"translate":[{"time":0.0666,"x":-850.39,"y":364.18}],"scale":[{"time":0.0666,"x":0.508,"y":0.508},{"time":0.2,"x":2.406,"y":2.406}]},"magic_4light_02":{"translate":[{"time":0.2333,"x":-1106.6,"y":364.18}],"scale":[{"time":0.2333,"x":0.895,"y":0.895},{"time":0.5,"x":2.318,"y":2.318}]}},"ffd":{"default":{"magic_4light_01":{"EF/magic_4light":[{"time":0.0666,"vertices":[-115.02332,35.37846,64.97575,35.43212,117.00778,-35.2636,-64.1225,-35.18765]},{"time":0.5666,"vertices":[-117.59973,32.35351,64.88134,39.46198,117.95782,-32.1745,-65.58636,-38.75717]}]},"magic_4light_02":{"EF/magic_4light":[{"time":0.2333,"vertices":[-119.37949,6.1676,49.5298,9.97753,121.56248,-6.37888,-48.11644,-9.62004]},{"time":0.5666,"vertices":[-119.46886,14.78392,56.26175,23.62004,121.38347,-15.71324,-55.38571,-23.89082]}]}}}}}}