{"skeleton":{"hash":"RetTmqHeuaPYzIsLoSCnegWvhA4","spine":"3.0.12","width":0,"height":0,"images":"./images2/"},"bones":[{"name":"root"},{"name":"MAIN","parent":"root","y":44.72,"scaleX":1.1,"scaleY":1.1}],"slots":[{"name":"MAIN","bone":"MAIN","attachment":"idle_00"}],"skins":{"default":{"MAIN":{"idle_00":{"x":-4.09,"y":-3.38,"width":540,"height":540},"idle_01":{"x":-4.09,"y":-3.38,"width":540,"height":540},"idle_02":{"x":-4.09,"y":-3.38,"width":540,"height":540},"idle_03":{"x":-4.09,"y":-3.38,"width":540,"height":540},"idle_04":{"x":-4.09,"y":-3.38,"width":540,"height":540}}}},"events":{"Event":{},"Event2":{},"Hit":{},"Sound_1":{},"Sound_2":{},"voice":{}},"animations":{"idle":{"slots":{"MAIN":{"attachment":[{"time":0,"name":"idle_00"},{"time":0.2,"name":"idle_01"},{"time":0.4,"name":"idle_02"},{"time":0.6,"name":"idle_03"},{"time":0.8,"name":"idle_04"},{"time":1,"name":"idle_00"}]}}}}}