{"skeleton":{"hash":"yoWEHsseE7bjWbiHN4c8J0B3j5o","spine":"3.0.12","width":0,"height":0},"bones":[{"name":"root"},{"name":"MAIN","parent":"root","y":75},{"name":"HITBOX","parent":"MAIN","y":-75},{"name":"EF_MAIN","parent":"root"},{"name":"EF_wave4_1","parent":"EF_MAIN","x":250,"y":100},{"name":"EF_wave3_1","parent":"EF_MAIN","x":200,"y":100},{"name":"EF_wave2_1","parent":"EF_MAIN","x":150,"y":100},{"name":"EF_wave1_black","parent":"EF_MAIN","x":200},{"name":"EF_wave1_3","parent":"EF_MAIN","x":200},{"name":"EF_wave1_2","parent":"EF_MAIN","x":200},{"name":"EF_wave1_1","parent":"EF_MAIN","x":200},{"name":"EF_smash1_1","parent":"EF_MAIN","x":150,"y":50},{"name":"EF_shot1_black","parent":"EF_MAIN","x":200,"y":50},{"name":"EF_shot1_1","parent":"EF_MAIN","x":200,"y":50},{"name":"EF_rotwave1_1","parent":"EF_MAIN","x":250},{"name":"EF_dash1_1","parent":"EF_MAIN","x":150},{"name":"EF_cross1_1","parent":"EF_MAIN","x":250,"y":50},{"name":"Dot_EF1","parent":"root","y":75},{"name":"grenade","parent":"Dot_EF1","rotation":-65.4},{"name":"cylinder_1","parent":"Dot_EF1","rotation":62.18},{"name":"cylinder_0","parent":"Dot_EF1","rotation":26.15},{"name":"DAMAGEAREA","parent":"root"}],"slots":[{"name":"cylinder_0","bone":"cylinder_0"},{"name":"EF_wave1_1","bone":"EF_wave1_1","blend":"additive"},{"name":"EF_wave1_4","bone":"EF_wave1_black","color":"000000ff"},{"name":"EF_wave1_2","bone":"EF_wave1_2","blend":"additive"},{"name":"EF_wave1_3","bone":"EF_wave1_3","blend":"additive"},{"name":"EF_rotwave1_1","bone":"EF_rotwave1_1","blend":"additive"},{"name":"MAIN","bone":"MAIN","attachment":"idle_00"},{"name":"cylinder_1","bone":"cylinder_1"},{"name":"grenade","bone":"grenade"},{"name":"grenade2","bone":"grenade"},{"name":"EF_dash1_1","bone":"EF_dash1_1"},{"name":"EF_shot1_1","bone":"EF_shot1_1","blend":"additive"},{"name":"EF_shot1_2","bone":"EF_shot1_black","color":"000000ff"},{"name":"EF_wave2_1","bone":"EF_wave2_1","blend":"additive"},{"name":"EF_wave3_1","bone":"EF_wave3_1"},{"name":"EF_wave4_1","bone":"EF_wave4_1"},{"name":"EF_cross1_1","bone":"EF_cross1_1","blend":"additive"},{"name":"DAMAGEAREA","bone":"DAMAGEAREA"},{"name":"EF_smash1_1","bone":"EF_smash1_1","blend":"additive"},{"name":"HITBOX","bone":"HITBOX","attachment":"HITBOX"}],"skins":{"default":{"DAMAGEAREA":{"DAMAGEAREA":{"type":"boundingbox","vertices":[-31.97535,-32.30022,31.75732,-32.30022,31.75732,32.08444,-31.97535,32.08444]}},"EF_cross1_1":{"EF/730_S1_arrow5_00003":{"width":250,"height":250}},"EF_dash1_1":{"EF/ef_dash_main/ef_dash_main_00001":{"x":9.07,"y":37.57,"width":160,"height":160},"EF/ef_dash_main/ef_dash_main_00002":{"x":9.07,"y":37.57,"width":160,"height":160},"EF/ef_dash_main/ef_dash_main_00003":{"x":9.07,"y":37.57,"width":160,"height":160},"EF/ef_dash_main/ef_dash_main_00004":{"x":9.07,"y":37.57,"width":160,"height":160},"EF/ef_dash_main/ef_dash_main_00005":{"x":9.07,"y":37.57,"width":160,"height":160},"EF/ef_dash_main/ef_dash_main_00006":{"x":9.07,"y":37.57,"width":160,"height":160},"EF/ef_dash_main/ef_dash_main_00007":{"x":9.07,"y":37.57,"width":160,"height":160},"EF/ef_dash_main/ef_dash_main_00008":{"x":9.07,"y":37.57,"width":160,"height":160},"EF/ef_dash_main/ef_dash_main_00009":{"x":9.07,"y":37.57,"width":160,"height":160},"EF/ef_dash_main/ef_dash_main_00010":{"x":9.07,"y":37.57,"width":160,"height":160},"EF/ef_dash_main/ef_dash_main_00011":{"x":9.07,"y":37.57,"width":160,"height":160},"EF/ef_dash_main/ef_dash_main_00012":{"x":9.07,"y":37.57,"width":160,"height":160}},"EF_rotwave1_1":{"EF/ef_rot_wave_purple/ef_rot_wave_main_00001":{"y":14.46,"width":336,"height":160},"EF/ef_rot_wave_purple/ef_rot_wave_main_00002":{"y":14.46,"width":336,"height":160},"EF/ef_rot_wave_purple/ef_rot_wave_main_00003":{"y":14.46,"width":336,"height":160},"EF/ef_rot_wave_purple/ef_rot_wave_main_00004":{"y":14.46,"width":336,"height":160},"EF/ef_rot_wave_purple/ef_rot_wave_main_00005":{"y":14.46,"width":336,"height":160},"EF/ef_rot_wave_purple/ef_rot_wave_main_00006":{"y":14.46,"width":336,"height":160},"EF/ef_rot_wave_purple/ef_rot_wave_main_00007":{"y":14.46,"width":336,"height":160},"EF/ef_rot_wave_purple/ef_rot_wave_main_00008":{"y":14.46,"width":336,"height":160},"EF/ef_rot_wave_purple/ef_rot_wave_main_00009":{"y":14.46,"width":336,"height":160},"EF/ef_rot_wave_purple/ef_rot_wave_main_00010":{"y":14.46,"width":336,"height":160},"EF/ef_rot_wave_purple/ef_rot_wave_main_00011":{"y":14.46,"width":336,"height":160},"EF/ef_rot_wave_purple/ef_rot_wave_main_00012":{"y":14.46,"width":336,"height":160},"EF/ef_rot_wave_purple/ef_rot_wave_main_00013":{"y":14.46,"width":336,"height":160},"EF/ef_rot_wave_purple/ef_rot_wave_main_00014":{"y":14.46,"width":336,"height":160},"EF/ef_rot_wave_purple/ef_rot_wave_main_00015":{"y":14.46,"width":336,"height":160}},"EF_shot1_1":{"EF/ef_shot_mzl_main/ef_shot_mzl_main_00001":{"y":6.27,"width":160,"height":160},"EF/ef_shot_mzl_main/ef_shot_mzl_main_00002":{"y":6.27,"width":160,"height":160},"EF/ef_shot_mzl_main/ef_shot_mzl_main_00003":{"y":6.27,"width":160,"height":160},"EF/ef_shot_mzl_main/ef_shot_mzl_main_00004":{"y":6.27,"width":160,"height":160},"EF/ef_shot_mzl_main/ef_shot_mzl_main_00005":{"y":6.27,"width":160,"height":160},"EF/ef_shot_mzl_main/ef_shot_mzl_main_00006":{"y":6.27,"width":160,"height":160},"EF/ef_shot_mzl_main/ef_shot_mzl_main_00007":{"y":6.27,"width":160,"height":160}},"EF_shot1_2":{"EF/ef_shot_mzl_main/ef_shot_mzl_main_00001":{"y":6.27,"width":160,"height":160},"EF/ef_shot_mzl_main/ef_shot_mzl_main_00002":{"y":6.27,"width":160,"height":160},"EF/ef_shot_mzl_main/ef_shot_mzl_main_00003":{"y":6.27,"width":160,"height":160},"EF/ef_shot_mzl_main/ef_shot_mzl_main_00004":{"y":6.27,"width":160,"height":160},"EF/ef_shot_mzl_main/ef_shot_mzl_main_00005":{"y":6.27,"width":160,"height":160},"EF/ef_shot_mzl_main/ef_shot_mzl_main_00006":{"y":6.27,"width":160,"height":160},"EF/ef_shot_mzl_main/ef_shot_mzl_main_00007":{"y":6.27,"width":160,"height":160}},"EF_smash1_1":{"EF/smash_attack_A_purple/ef_smash_attack_A_purple_00001":{"width":200,"height":200},"EF/smash_attack_A_purple/ef_smash_attack_A_purple_00002":{"width":200,"height":200},"EF/smash_attack_A_purple/ef_smash_attack_A_purple_00003":{"width":200,"height":200},"EF/smash_attack_A_purple/ef_smash_attack_A_purple_00004":{"width":200,"height":200}},"EF_wave1_1":{"EF/ef_graund_wave_main/ef_graund_wave_main_00001":{"y":9.32,"width":200,"height":120},"EF/ef_graund_wave_main/ef_graund_wave_main_00002":{"y":9.32,"width":200,"height":120},"EF/ef_graund_wave_main/ef_graund_wave_main_00003":{"y":9.32,"width":200,"height":120},"EF/ef_graund_wave_main/ef_graund_wave_main_00004":{"y":9.32,"width":200,"height":120},"EF/ef_graund_wave_main/ef_graund_wave_main_00005":{"y":9.32,"width":200,"height":120},"EF/ef_graund_wave_main/ef_graund_wave_main_00006":{"y":9.32,"width":200,"height":120},"EF/ef_graund_wave_main/ef_graund_wave_main_00007":{"y":9.32,"width":200,"height":120},"EF/ef_graund_wave_main/ef_graund_wave_main_00008":{"y":9.32,"width":200,"height":120},"EF/ef_graund_wave_main/ef_graund_wave_main_00009":{"y":9.32,"width":200,"height":120},"EF/ef_graund_wave_main/ef_graund_wave_main_00010":{"y":9.32,"width":200,"height":120},"EF/ef_graund_wave_main/ef_graund_wave_main_00011":{"y":9.32,"width":200,"height":120},"EF/ef_graund_wave_main/ef_graund_wave_main_00012":{"y":9.32,"width":200,"height":120}},"EF_wave1_2":{"EF/ef_graund_wave_main/ef_graund_wave_main_00001":{"y":9.32,"width":200,"height":120},"EF/ef_graund_wave_main/ef_graund_wave_main_00002":{"y":9.32,"width":200,"height":120},"EF/ef_graund_wave_main/ef_graund_wave_main_00003":{"y":9.32,"width":200,"height":120},"EF/ef_graund_wave_main/ef_graund_wave_main_00004":{"y":9.32,"width":200,"height":120},"EF/ef_graund_wave_main/ef_graund_wave_main_00005":{"y":9.32,"width":200,"height":120},"EF/ef_graund_wave_main/ef_graund_wave_main_00006":{"y":9.32,"width":200,"height":120},"EF/ef_graund_wave_main/ef_graund_wave_main_00007":{"y":9.32,"width":200,"height":120},"EF/ef_graund_wave_main/ef_graund_wave_main_00008":{"y":9.32,"width":200,"height":120},"EF/ef_graund_wave_main/ef_graund_wave_main_00009":{"y":9.32,"width":200,"height":120},"EF/ef_graund_wave_main/ef_graund_wave_main_00010":{"y":9.32,"width":200,"height":120},"EF/ef_graund_wave_main/ef_graund_wave_main_00011":{"y":9.32,"width":200,"height":120},"EF/ef_graund_wave_main/ef_graund_wave_main_00012":{"y":9.32,"width":200,"height":120}},"EF_wave1_3":{"EF/ef_graund_wave_main/ef_graund_wave_main_00001":{"y":9.32,"width":200,"height":120},"EF/ef_graund_wave_main/ef_graund_wave_main_00002":{"y":9.32,"width":200,"height":120},"EF/ef_graund_wave_main/ef_graund_wave_main_00003":{"y":9.32,"width":200,"height":120},"EF/ef_graund_wave_main/ef_graund_wave_main_00004":{"y":9.32,"width":200,"height":120},"EF/ef_graund_wave_main/ef_graund_wave_main_00005":{"y":9.32,"width":200,"height":120},"EF/ef_graund_wave_main/ef_graund_wave_main_00006":{"y":9.32,"width":200,"height":120},"EF/ef_graund_wave_main/ef_graund_wave_main_00007":{"y":9.32,"width":200,"height":120},"EF/ef_graund_wave_main/ef_graund_wave_main_00008":{"y":9.32,"width":200,"height":120},"EF/ef_graund_wave_main/ef_graund_wave_main_00009":{"y":9.32,"width":200,"height":120},"EF/ef_graund_wave_main/ef_graund_wave_main_00010":{"y":9.32,"width":200,"height":120},"EF/ef_graund_wave_main/ef_graund_wave_main_00011":{"y":9.32,"width":200,"height":120},"EF/ef_graund_wave_main/ef_graund_wave_main_00012":{"y":9.32,"width":200,"height":120}},"EF_wave1_4":{"EF/ef_graund_wave_main/ef_graund_wave_main_00001":{"y":9.32,"width":200,"height":120},"EF/ef_graund_wave_main/ef_graund_wave_main_00002":{"y":9.32,"width":200,"height":120},"EF/ef_graund_wave_main/ef_graund_wave_main_00003":{"y":9.32,"width":200,"height":120},"EF/ef_graund_wave_main/ef_graund_wave_main_00004":{"y":9.32,"width":200,"height":120},"EF/ef_graund_wave_main/ef_graund_wave_main_00005":{"y":9.32,"width":200,"height":120},"EF/ef_graund_wave_main/ef_graund_wave_main_00006":{"y":9.32,"width":200,"height":120},"EF/ef_graund_wave_main/ef_graund_wave_main_00007":{"y":9.32,"width":200,"height":120},"EF/ef_graund_wave_main/ef_graund_wave_main_00008":{"y":9.32,"width":200,"height":120},"EF/ef_graund_wave_main/ef_graund_wave_main_00009":{"y":9.32,"width":200,"height":120},"EF/ef_graund_wave_main/ef_graund_wave_main_00010":{"y":9.32,"width":200,"height":120},"EF/ef_graund_wave_main/ef_graund_wave_main_00011":{"y":9.32,"width":200,"height":120},"EF/ef_graund_wave_main/ef_graund_wave_main_00012":{"y":9.32,"width":200,"height":120}},"EF_wave2_1":{"EF/ef_shot_wave_main/ef_shot_wave_main_00001":{"width":128,"height":256},"EF/ef_shot_wave_main/ef_shot_wave_main_00002":{"width":128,"height":256},"EF/ef_shot_wave_main/ef_shot_wave_main_00003":{"width":128,"height":256},"EF/ef_shot_wave_main/ef_shot_wave_main_00004":{"width":128,"height":256},"EF/ef_shot_wave_main/ef_shot_wave_main_00005":{"width":128,"height":256}},"EF_wave3_1":{"EF/ef_attack_wave_main/ef_attack_wave_main_00001":{"width":120,"height":240},"EF/ef_attack_wave_main/ef_attack_wave_main_00002":{"width":120,"height":240},"EF/ef_attack_wave_main/ef_attack_wave_main_00003":{"width":120,"height":240},"EF/ef_attack_wave_main/ef_attack_wave_main_00004":{"width":120,"height":240},"EF/ef_attack_wave_main/ef_attack_wave_main_00005":{"width":120,"height":240},"EF/ef_attack_wave_main/ef_attack_wave_main_00006":{"width":120,"height":240}},"EF_wave4_1":{"EF/ef_smash_wave_B_mian/ef_smash_wave_B_mian_00041":{"width":200,"height":350},"EF/ef_smash_wave_B_mian/ef_smash_wave_B_mian_00042":{"width":200,"height":350},"EF/ef_smash_wave_B_mian/ef_smash_wave_B_mian_00043":{"width":200,"height":350},"EF/ef_smash_wave_B_mian/ef_smash_wave_B_mian_00044":{"width":200,"height":350},"EF/ef_smash_wave_B_mian/ef_smash_wave_B_mian_00045":{"width":200,"height":350},"EF/ef_smash_wave_B_mian/ef_smash_wave_B_mian_00046":{"width":200,"height":350}},"HITBOX":{"HITBOX":{"type":"boundingbox","vertices":[-25.86539,-0.51609,23.59054,-0.51609,21.34254,120.87576,-25.3034,121.99977]}},"MAIN":{"attack1_00":{"y":-12.21,"scaleX":2,"scaleY":2,"width":256,"height":256},"attack1_01":{"y":-12.21,"scaleX":2,"scaleY":2,"width":256,"height":256},"attack1_02":{"y":-12.21,"scaleX":2,"scaleY":2,"width":256,"height":256},"attack1_03":{"y":-12.21,"scaleX":2,"scaleY":2,"width":256,"height":256},"attack1_04":{"y":-12.21,"scaleX":2,"scaleY":2,"width":256,"height":256},"attack1_05":{"y":-12.21,"scaleX":2,"scaleY":2,"width":256,"height":256},"attack1_06":{"y":-12.21,"scaleX":2,"scaleY":2,"width":256,"height":256},"attack1_07":{"y":-12.21,"scaleX":2,"scaleY":2,"width":256,"height":256},"attack1_08":{"y":-12.21,"scaleX":2,"scaleY":2,"width":256,"height":256},"back_00":{"y":-12.21,"scaleX":2,"scaleY":2,"width":256,"height":256},"damage_00":{"y":-12.21,"scaleX":2,"scaleY":2,"width":256,"height":256},"front_00":{"y":-12.21,"scaleX":2,"scaleY":2,"width":256,"height":256},"idle_00":{"y":-12.21,"scaleX":2,"scaleY":2,"width":256,"height":256},"idle_01":{"y":-12.21,"scaleX":2,"scaleY":2,"width":256,"height":256},"idle_02":{"y":-12.21,"scaleX":2,"scaleY":2,"width":256,"height":256},"idle_03":{"y":-12.21,"scaleX":2,"scaleY":2,"width":256,"height":256},"idle_04":{"y":-12.21,"scaleX":2,"scaleY":2,"width":256,"height":256},"skill1_00":{"y":-12.21,"scaleX":2,"scaleY":2,"width":256,"height":256},"skill1_01":{"y":-12.21,"scaleX":2,"scaleY":2,"width":256,"height":256},"skill1_02":{"y":-12.21,"scaleX":2,"scaleY":2,"width":256,"height":256},"skill1_03":{"y":-12.21,"scaleX":2,"scaleY":2,"width":256,"height":256},"skill2_00":{"y":-12.21,"scaleX":2,"scaleY":2,"width":256,"height":256},"skill2_01":{"y":-12.21,"scaleX":2,"scaleY":2,"width":256,"height":256},"skill2_02":{"y":-12.21,"scaleX":2,"scaleY":2,"width":256,"height":256},"skill2_03":{"y":-12.21,"scaleX":2,"scaleY":2,"width":256,"height":256},"skill2_04":{"y":-12.21,"scaleX":2,"scaleY":2,"width":256,"height":256},"skill2_05":{"y":-12.21,"scaleX":2,"scaleY":2,"width":256,"height":256},"skill2_06":{"y":-12.21,"scaleX":2,"scaleY":2,"width":256,"height":256},"skill2_07":{"y":-12.21,"scaleX":2,"scaleY":2,"width":256,"height":256},"skill2_08":{"y":-12.21,"scaleX":2,"scaleY":2,"width":256,"height":256},"skill2_09":{"y":-12.21,"scaleX":2,"scaleY":2,"width":256,"height":256},"skill2_10":{"y":-12.21,"scaleX":2,"scaleY":2,"width":256,"height":256},"skill2_11":{"y":-12.21,"scaleX":2,"scaleY":2,"width":256,"height":256},"skill2_12":{"y":-12.21,"scaleX":2,"scaleY":2,"width":256,"height":256},"skill2_13":{"y":-12.21,"scaleX":2,"scaleY":2,"width":256,"height":256},"skill2_14":{"y":-12.21,"scaleX":2,"scaleY":2,"width":256,"height":256},"skill2_15":{"y":-12.21,"scaleX":2,"scaleY":2,"width":256,"height":256},"skill2_16":{"y":-12.21,"scaleX":2,"scaleY":2,"width":256,"height":256},"skill2_17":{"y":-12.21,"scaleX":2,"scaleY":2,"width":256,"height":256},"skill2_18":{"y":-12.21,"scaleX":2,"scaleY":2,"width":256,"height":256},"skill2_19":{"y":-12.21,"scaleX":2,"scaleY":2,"width":256,"height":256},"skill2_20":{"y":-12.21,"scaleX":2,"scaleY":2,"width":256,"height":256},"skill2_21":{"y":-12.21,"scaleX":2,"scaleY":2,"width":256,"height":256},"skill2_22":{"y":-12.21,"scaleX":2,"scaleY":2,"width":256,"height":256},"skill2_23":{"y":-12.21,"scaleX":2,"scaleY":2,"width":256,"height":256},"skill2_24":{"y":-12.21,"scaleX":2,"scaleY":2,"width":256,"height":256},"skill3_00":{"y":-12.21,"scaleX":2,"scaleY":2,"width":256,"height":256},"skill3_01":{"y":-12.21,"scaleX":2,"scaleY":2,"width":256,"height":256},"skill3_02":{"y":-12.21,"scaleX":2,"scaleY":2,"width":256,"height":256},"skill3_03":{"y":-12.21,"scaleX":2,"scaleY":2,"width":256,"height":256},"skill3_04":{"y":-12.21,"scaleX":2,"scaleY":2,"width":256,"height":256},"skill3_05":{"y":-12.21,"scaleX":2,"scaleY":2,"width":256,"height":256},"skill3_06":{"y":-12.21,"scaleX":2,"scaleY":2,"width":256,"height":256},"skill3_07":{"y":-12.21,"scaleX":2,"scaleY":2,"width":256,"height":256},"skill3_08":{"y":-12.21,"scaleX":2,"scaleY":2,"width":256,"height":256},"skill3_09":{"y":-12.21,"scaleX":2,"scaleY":2,"width":256,"height":256},"skill3_10":{"y":-12.21,"scaleX":2,"scaleY":2,"width":256,"height":256},"skill3_11":{"y":-12.21,"scaleX":2,"scaleY":2,"width":256,"height":256},"skill3_12":{"y":-12.21,"scaleX":2,"scaleY":2,"width":256,"height":256},"skill3_13":{"y":-12.21,"scaleX":2,"scaleY":2,"width":256,"height":256},"skill3_14":{"y":-12.21,"scaleX":2,"scaleY":2,"width":256,"height":256},"skill3_15":{"y":-12.21,"scaleX":2,"scaleY":2,"width":256,"height":256},"skill3_16":{"y":-12.21,"scaleX":2,"scaleY":2,"width":256,"height":256},"skill3_17":{"y":-12.21,"scaleX":2,"scaleY":2,"width":256,"height":256},"skill3_18":{"y":-12.21,"scaleX":2,"scaleY":2,"width":256,"height":256}},"cylinder_0":{"Dot_EF/cylinder_0":{"x":0.77,"y":1.57,"scaleX":2,"scaleY":2,"rotation":-26.15,"width":64,"height":64}},"cylinder_1":{"Dot_EF/cylinder_1":{"x":-0.19,"y":-0.1,"scaleX":2,"scaleY":2,"rotation":-62.18,"width":64,"height":64}},"grenade":{"Dot_EF/skill3_grenade":{"x":0.05,"y":-2.03,"scaleX":2,"scaleY":2,"rotation":65.4,"width":64,"height":64}},"grenade2":{"Dot_EF/skill3_grenade":{"x":0.05,"y":-2.03,"scaleX":2,"scaleY":2,"rotation":65.4,"width":64,"height":64}}}},"events":{"Event":{},"Event2":{},"Hit":{},"Sound1":{},"Sound2":{},"Sound3":{},"Voice":{}},"animations":{"attack1":{"slots":{"EF_shot1_1":{"attachment":[{"time":0.4333,"name":"EF/ef_shot_mzl_main/ef_shot_mzl_main_00001"},{"time":0.4666,"name":"EF/ef_shot_mzl_main/ef_shot_mzl_main_00002"},{"time":0.5,"name":"EF/ef_shot_mzl_main/ef_shot_mzl_main_00003"},{"time":0.5333,"name":"EF/ef_shot_mzl_main/ef_shot_mzl_main_00004"},{"time":0.5666,"name":"EF/ef_shot_mzl_main/ef_shot_mzl_main_00005"},{"time":0.6,"name":"EF/ef_shot_mzl_main/ef_shot_mzl_main_00006"},{"time":0.6333,"name":"EF/ef_shot_mzl_main/ef_shot_mzl_main_00007"},{"time":0.6666,"name":"EF/ef_shot_mzl_main/ef_shot_mzl_main_00001"},{"time":0.7,"name":"EF/ef_shot_mzl_main/ef_shot_mzl_main_00002"},{"time":0.7333,"name":"EF/ef_shot_mzl_main/ef_shot_mzl_main_00003"},{"time":0.7666,"name":"EF/ef_shot_mzl_main/ef_shot_mzl_main_00004"},{"time":0.8,"name":"EF/ef_shot_mzl_main/ef_shot_mzl_main_00005"},{"time":0.8333,"name":"EF/ef_shot_mzl_main/ef_shot_mzl_main_00006"},{"time":0.8666,"name":"EF/ef_shot_mzl_main/ef_shot_mzl_main_00007"},{"time":0.9,"name":"EF/ef_shot_mzl_main/ef_shot_mzl_main_00001"},{"time":0.9333,"name":"EF/ef_shot_mzl_main/ef_shot_mzl_main_00002"},{"time":0.9666,"name":"EF/ef_shot_mzl_main/ef_shot_mzl_main_00003"},{"time":1,"name":"EF/ef_shot_mzl_main/ef_shot_mzl_main_00004"},{"time":1.0333,"name":"EF/ef_shot_mzl_main/ef_shot_mzl_main_00005"},{"time":1.0666,"name":"EF/ef_shot_mzl_main/ef_shot_mzl_main_00006"},{"time":1.1,"name":"EF/ef_shot_mzl_main/ef_shot_mzl_main_00007"},{"time":1.1333,"name":null}]},"EF_wave2_1":{"attachment":[{"time":0.4333,"name":"EF/ef_shot_wave_main/ef_shot_wave_main_00001"},{"time":0.4666,"name":"EF/ef_shot_wave_main/ef_shot_wave_main_00002"},{"time":0.5,"name":"EF/ef_shot_wave_main/ef_shot_wave_main_00003"},{"time":0.5333,"name":"EF/ef_shot_wave_main/ef_shot_wave_main_00004"},{"time":0.5666,"name":"EF/ef_shot_wave_main/ef_shot_wave_main_00005"},{"time":0.6,"name":null},{"time":0.7,"name":"EF/ef_shot_wave_main/ef_shot_wave_main_00001"},{"time":0.7333,"name":"EF/ef_shot_wave_main/ef_shot_wave_main_00002"},{"time":0.7666,"name":"EF/ef_shot_wave_main/ef_shot_wave_main_00003"},{"time":0.8,"name":"EF/ef_shot_wave_main/ef_shot_wave_main_00004"},{"time":0.8333,"name":"EF/ef_shot_wave_main/ef_shot_wave_main_00005"},{"time":0.8666,"name":null},{"time":0.9333,"name":"EF/ef_shot_wave_main/ef_shot_wave_main_00001"},{"time":0.9666,"name":"EF/ef_shot_wave_main/ef_shot_wave_main_00002"},{"time":1,"name":"EF/ef_shot_wave_main/ef_shot_wave_main_00003"},{"time":1.0333,"name":"EF/ef_shot_wave_main/ef_shot_wave_main_00004"},{"time":1.0666,"name":"EF/ef_shot_wave_main/ef_shot_wave_main_00005"},{"time":1.1,"name":null}]},"MAIN":{"attachment":[{"time":0,"name":"idle_00"},{"time":0.0666,"name":"attack1_00"},{"time":0.1333,"name":"attack1_01"},{"time":0.2,"name":"attack1_02"},{"time":0.2666,"name":"attack1_03"},{"time":0.4333,"name":"attack1_04"},{"time":0.5,"name":"attack1_05"},{"time":0.5333,"name":"attack1_03"},{"time":0.7,"name":"attack1_04"},{"time":0.7666,"name":"attack1_05"},{"time":0.8,"name":"attack1_03"},{"time":0.9333,"name":"attack1_06"},{"time":1,"name":"attack1_07"},{"time":1.1666,"name":"attack1_08"},{"time":1.2333,"name":"idle_00"}]}},"bones":{"MAIN":{"translate":[{"time":0,"x":0,"y":0,"curve":"stepped"},{"time":0.0666,"x":-15.67,"y":0,"curve":"stepped"},{"time":0.2,"x":0,"y":0,"curve":"stepped"},{"time":0.5,"x":2.37,"y":0,"curve":"stepped"},{"time":0.5333,"x":0,"y":0,"curve":"stepped"},{"time":0.7666,"x":2.37,"y":0,"curve":"stepped"},{"time":0.8,"x":0,"y":0,"curve":"stepped"},{"time":0.9666,"x":2.37,"y":0,"curve":"stepped"},{"time":1,"x":0,"y":0,"curve":"stepped"},{"time":1.2333,"x":0,"y":0}]},"EF_shot1_1":{"translate":[{"time":0.4333,"x":-323.39,"y":37.63}]},"EF_wave2_1":{"translate":[{"time":0.4333,"x":-258.71,"y":-11.76}]}},"events":[{"time":0,"name":"Event2"},{"time":0.0333,"name":"Event","float":0.03,"string":"kHitStopType_enemyonly"},{"time":0.2666,"name":"Voice","string":"cri_275_voice_attack_random"},{"time":0.4333,"name":"Event","string":"addOrbitSystemShot(SHOT,EXPLOSION,1)"},{"time":0.4333,"name":"Sound1","string":"cri_se_battle_039_weapon_swing"},{"time":0.6666,"name":"Sound1","string":"cri_se_battle_039_weapon_swing"},{"time":0.7,"name":"Event","string":"addOrbitSystemShot(SHOT,EXPLOSION,1)"},{"time":0.9,"name":"Sound1","string":"cri_se_battle_039_weapon_swing"},{"time":0.9333,"name":"Event","string":"addOrbitSystemShot(SHOT,EXPLOSION,1)"}]},"back":{"slots":{"MAIN":{"attachment":[{"time":0,"name":"back_00"},{"time":0.3666,"name":"skill1_00"},{"time":0.5,"name":"skill2_00"},{"time":0.6,"name":"idle_04"},{"time":0.6666,"name":"idle_00"}]}},"bones":{"MAIN":{"translate":[{"time":0,"x":0,"y":0,"curve":[0.121,0.41,0.75,1]},{"time":0.1333,"x":114.91,"y":15.12},{"time":0.3333,"x":132.13,"y":11.05,"curve":"stepped"},{"time":0.3666,"x":135,"y":0},{"time":0.6666,"x":140,"y":0}]}},"events":[{"time":0,"name":"Voice","string":"cri_se_battle_jump"},{"time":0.3666,"name":"Voice","string":"cri_se_battle_landing"}]},"cast":{"slots":{"MAIN":{"attachment":[{"time":0,"name":"idle_00"},{"time":0.0666,"name":"attack1_00"},{"time":0.1333,"name":"attack1_01"},{"time":0.2,"name":"attack1_02"},{"time":0.2666,"name":"attack1_03"},{"time":0.4333,"name":"attack1_06"},{"time":0.5,"name":"attack1_07"},{"time":0.6666,"name":"attack1_08"},{"time":0.7333,"name":"idle_04"},{"time":1,"name":"idle_00"}]}},"bones":{"MAIN":{"translate":[{"time":0,"x":0,"y":0,"curve":"stepped"},{"time":0.0666,"x":-15.67,"y":0,"curve":"stepped"},{"time":0.2,"x":0,"y":0,"curve":"stepped"},{"time":0.4666,"x":2.37,"y":0,"curve":"stepped"},{"time":0.5,"x":0,"y":0,"curve":"stepped"},{"time":0.7333,"x":0,"y":0}]}},"events":[{"time":0.4333,"name":"Voice","string":"cri_275_voice_item"}]},"damage":{"slots":{"MAIN":{"attachment":[{"time":0,"name":"damage_00"}]}}},"front":{"slots":{"MAIN":{"attachment":[{"time":0,"name":"front_00"}]}}},"idle":{"slots":{"MAIN":{"attachment":[{"time":0,"name":"idle_00"},{"time":0.2,"name":"idle_01"},{"time":0.4,"name":"idle_02"},{"time":0.6,"name":"idle_03"},{"time":0.8,"name":"idle_04"},{"time":1,"name":"idle_00"}]}}},"in":{"slots":{"MAIN":{"attachment":[{"time":0,"name":"skill3_16"},{"time":0.2,"name":"skill1_00"},{"time":0.5666,"name":"skill2_00"},{"time":0.6666,"name":"idle_00"}],"color":[{"time":0,"color":"ffffff00"},{"time":0.2,"color":"ffffffff"}]}},"bones":{"MAIN":{"translate":[{"time":0,"x":274.9,"y":59.34},{"time":0.2,"x":21.26,"y":0},{"time":0.5,"x":0,"y":0}]}},"events":[{"time":0.2,"name":"Sound1","string":"cri_se_battle_landing"}]},"skill1":{"slots":{"DAMAGEAREA":{"attachment":[{"time":0.3333,"name":"DAMAGEAREA"},{"time":0.4333,"name":null},{"time":0.5666,"name":"DAMAGEAREA"},{"time":0.6666,"name":null},{"time":0.7333,"name":"DAMAGEAREA"},{"time":0.8333,"name":null},{"time":0.9,"name":"DAMAGEAREA"},{"time":1,"name":null},{"time":1.0666,"name":"DAMAGEAREA"},{"time":1.1666,"name":null},{"time":1.2666,"name":"DAMAGEAREA"},{"time":1.3666,"name":null}]},"EF_smash1_1":{"attachment":[{"time":0.3333,"name":"EF/smash_attack_A_purple/ef_smash_attack_A_purple_00001"},{"time":0.3666,"name":"EF/smash_attack_A_purple/ef_smash_attack_A_purple_00002"},{"time":0.4,"name":"EF/smash_attack_A_purple/ef_smash_attack_A_purple_00003"},{"time":0.4333,"name":"EF/smash_attack_A_purple/ef_smash_attack_A_purple_00004"},{"time":0.4666,"name":null},{"time":0.5666,"name":"EF/smash_attack_A_purple/ef_smash_attack_A_purple_00001"},{"time":0.6,"name":"EF/smash_attack_A_purple/ef_smash_attack_A_purple_00002"},{"time":0.6333,"name":"EF/smash_attack_A_purple/ef_smash_attack_A_purple_00003"},{"time":0.6666,"name":"EF/smash_attack_A_purple/ef_smash_attack_A_purple_00004"},{"time":0.7,"name":null},{"time":0.7333,"name":"EF/smash_attack_A_purple/ef_smash_attack_A_purple_00001"},{"time":0.7666,"name":"EF/smash_attack_A_purple/ef_smash_attack_A_purple_00002"},{"time":0.8,"name":"EF/smash_attack_A_purple/ef_smash_attack_A_purple_00003"},{"time":0.8333,"name":"EF/smash_attack_A_purple/ef_smash_attack_A_purple_00004"},{"time":0.8666,"name":null},{"time":0.9,"name":"EF/smash_attack_A_purple/ef_smash_attack_A_purple_00001"},{"time":0.9333,"name":"EF/smash_attack_A_purple/ef_smash_attack_A_purple_00002"},{"time":0.9666,"name":"EF/smash_attack_A_purple/ef_smash_attack_A_purple_00003"},{"time":1,"name":"EF/smash_attack_A_purple/ef_smash_attack_A_purple_00004"},{"time":1.0333,"name":null},{"time":1.0666,"name":"EF/smash_attack_A_purple/ef_smash_attack_A_purple_00001"},{"time":1.1,"name":"EF/smash_attack_A_purple/ef_smash_attack_A_purple_00002"},{"time":1.1333,"name":"EF/smash_attack_A_purple/ef_smash_attack_A_purple_00003"},{"time":1.1666,"name":"EF/smash_attack_A_purple/ef_smash_attack_A_purple_00004"},{"time":1.2,"name":null},{"time":1.2666,"name":"EF/smash_attack_A_purple/ef_smash_attack_A_purple_00001"},{"time":1.3,"name":"EF/smash_attack_A_purple/ef_smash_attack_A_purple_00002"},{"time":1.3333,"name":"EF/smash_attack_A_purple/ef_smash_attack_A_purple_00003"},{"time":1.3666,"name":"EF/smash_attack_A_purple/ef_smash_attack_A_purple_00004"},{"time":1.4,"name":null}]},"EF_wave1_1":{"attachment":[{"time":0.3333,"name":"EF/ef_graund_wave_main/ef_graund_wave_main_00001"},{"time":0.3666,"name":"EF/ef_graund_wave_main/ef_graund_wave_main_00002"},{"time":0.4,"name":"EF/ef_graund_wave_main/ef_graund_wave_main_00003"},{"time":0.4333,"name":"EF/ef_graund_wave_main/ef_graund_wave_main_00004"},{"time":0.4666,"name":"EF/ef_graund_wave_main/ef_graund_wave_main_00005"},{"time":0.5,"name":"EF/ef_graund_wave_main/ef_graund_wave_main_00006"},{"time":0.5333,"name":"EF/ef_graund_wave_main/ef_graund_wave_main_00007"},{"time":0.5666,"name":"EF/ef_graund_wave_main/ef_graund_wave_main_00008"},{"time":0.6,"name":"EF/ef_graund_wave_main/ef_graund_wave_main_00009"},{"time":0.6333,"name":"EF/ef_graund_wave_main/ef_graund_wave_main_00010"},{"time":0.6666,"name":"EF/ef_graund_wave_main/ef_graund_wave_main_00011"},{"time":0.7,"name":"EF/ef_graund_wave_main/ef_graund_wave_main_00012"},{"time":0.7333,"name":null},{"time":0.9,"name":"EF/ef_graund_wave_main/ef_graund_wave_main_00001"},{"time":0.9333,"name":"EF/ef_graund_wave_main/ef_graund_wave_main_00002"},{"time":0.9666,"name":"EF/ef_graund_wave_main/ef_graund_wave_main_00003"},{"time":1,"name":"EF/ef_graund_wave_main/ef_graund_wave_main_00004"},{"time":1.0333,"name":"EF/ef_graund_wave_main/ef_graund_wave_main_00005"},{"time":1.0666,"name":"EF/ef_graund_wave_main/ef_graund_wave_main_00006"},{"time":1.1,"name":"EF/ef_graund_wave_main/ef_graund_wave_main_00007"},{"time":1.1333,"name":"EF/ef_graund_wave_main/ef_graund_wave_main_00008"},{"time":1.1666,"name":"EF/ef_graund_wave_main/ef_graund_wave_main_00009"},{"time":1.2,"name":"EF/ef_graund_wave_main/ef_graund_wave_main_00010"},{"time":1.2333,"name":"EF/ef_graund_wave_main/ef_graund_wave_main_00011"},{"time":1.2666,"name":"EF/ef_graund_wave_main/ef_graund_wave_main_00012"},{"time":1.3,"name":null}]},"EF_wave1_2":{"attachment":[{"time":0.5666,"name":"EF/ef_graund_wave_main/ef_graund_wave_main_00001"},{"time":0.6,"name":"EF/ef_graund_wave_main/ef_graund_wave_main_00002"},{"time":0.6333,"name":"EF/ef_graund_wave_main/ef_graund_wave_main_00003"},{"time":0.6666,"name":"EF/ef_graund_wave_main/ef_graund_wave_main_00004"},{"time":0.7,"name":"EF/ef_graund_wave_main/ef_graund_wave_main_00005"},{"time":0.7333,"name":"EF/ef_graund_wave_main/ef_graund_wave_main_00006"},{"time":0.7666,"name":"EF/ef_graund_wave_main/ef_graund_wave_main_00007"},{"time":0.8,"name":"EF/ef_graund_wave_main/ef_graund_wave_main_00008"},{"time":0.8333,"name":"EF/ef_graund_wave_main/ef_graund_wave_main_00009"},{"time":0.8666,"name":"EF/ef_graund_wave_main/ef_graund_wave_main_00010"},{"time":0.9,"name":"EF/ef_graund_wave_main/ef_graund_wave_main_00011"},{"time":0.9333,"name":"EF/ef_graund_wave_main/ef_graund_wave_main_00012"},{"time":0.9666,"name":null},{"time":1.0666,"name":"EF/ef_graund_wave_main/ef_graund_wave_main_00001"},{"time":1.1,"name":"EF/ef_graund_wave_main/ef_graund_wave_main_00002"},{"time":1.1333,"name":"EF/ef_graund_wave_main/ef_graund_wave_main_00003"},{"time":1.1666,"name":"EF/ef_graund_wave_main/ef_graund_wave_main_00004"},{"time":1.2,"name":"EF/ef_graund_wave_main/ef_graund_wave_main_00005"},{"time":1.2333,"name":"EF/ef_graund_wave_main/ef_graund_wave_main_00006"},{"time":1.2666,"name":"EF/ef_graund_wave_main/ef_graund_wave_main_00007"},{"time":1.3,"name":"EF/ef_graund_wave_main/ef_graund_wave_main_00008"},{"time":1.3333,"name":"EF/ef_graund_wave_main/ef_graund_wave_main_00009"},{"time":1.3666,"name":"EF/ef_graund_wave_main/ef_graund_wave_main_00010"},{"time":1.4,"name":"EF/ef_graund_wave_main/ef_graund_wave_main_00011"},{"time":1.4333,"name":"EF/ef_graund_wave_main/ef_graund_wave_main_00012"},{"time":1.4666,"name":null}]},"EF_wave1_3":{"attachment":[{"time":0.7333,"name":"EF/ef_graund_wave_main/ef_graund_wave_main_00001"},{"time":0.7666,"name":"EF/ef_graund_wave_main/ef_graund_wave_main_00002"},{"time":0.8,"name":"EF/ef_graund_wave_main/ef_graund_wave_main_00003"},{"time":0.8333,"name":"EF/ef_graund_wave_main/ef_graund_wave_main_00004"},{"time":0.8666,"name":"EF/ef_graund_wave_main/ef_graund_wave_main_00005"},{"time":0.9,"name":"EF/ef_graund_wave_main/ef_graund_wave_main_00006"},{"time":0.9333,"name":"EF/ef_graund_wave_main/ef_graund_wave_main_00007"},{"time":0.9666,"name":"EF/ef_graund_wave_main/ef_graund_wave_main_00008"},{"time":1,"name":"EF/ef_graund_wave_main/ef_graund_wave_main_00009"},{"time":1.0333,"name":"EF/ef_graund_wave_main/ef_graund_wave_main_00010"},{"time":1.0666,"name":"EF/ef_graund_wave_main/ef_graund_wave_main_00011"},{"time":1.1,"name":"EF/ef_graund_wave_main/ef_graund_wave_main_00012"},{"time":1.1333,"name":null},{"time":1.2666,"name":"EF/ef_graund_wave_main/ef_graund_wave_main_00001"},{"time":1.3,"name":"EF/ef_graund_wave_main/ef_graund_wave_main_00002"},{"time":1.3333,"name":"EF/ef_graund_wave_main/ef_graund_wave_main_00003"},{"time":1.3666,"name":"EF/ef_graund_wave_main/ef_graund_wave_main_00004"},{"time":1.4,"name":"EF/ef_graund_wave_main/ef_graund_wave_main_00005"},{"time":1.4333,"name":"EF/ef_graund_wave_main/ef_graund_wave_main_00006"},{"time":1.4666,"name":"EF/ef_graund_wave_main/ef_graund_wave_main_00007"},{"time":1.5,"name":"EF/ef_graund_wave_main/ef_graund_wave_main_00008"},{"time":1.5333,"name":"EF/ef_graund_wave_main/ef_graund_wave_main_00009"},{"time":1.5666,"name":"EF/ef_graund_wave_main/ef_graund_wave_main_00010"},{"time":1.6,"name":"EF/ef_graund_wave_main/ef_graund_wave_main_00011"},{"time":1.6333,"name":"EF/ef_graund_wave_main/ef_graund_wave_main_00012"},{"time":1.6666,"name":null}]},"MAIN":{"attachment":[{"time":0,"name":"idle_00"},{"time":0.0666,"name":"skill1_00"},{"time":0.1333,"name":"skill1_01"},{"time":0.2,"name":"skill1_02"},{"time":0.3333,"name":"skill1_03"},{"time":0.5,"name":"skill1_02"},{"time":0.5666,"name":"skill1_03"},{"time":0.6666,"name":"skill1_02"},{"time":0.7333,"name":"skill1_03"},{"time":0.8333,"name":"skill1_02"},{"time":0.9,"name":"skill1_03"},{"time":1,"name":"skill1_02"},{"time":1.0666,"name":"skill1_03"},{"time":1.2,"name":"skill1_02"},{"time":1.2666,"name":"skill1_03"},{"time":1.7666,"name":"skill1_01"},{"time":1.8333,"name":"skill1_00"},{"time":1.9,"name":"skill2_00"},{"time":2,"name":"idle_00"}]}},"bones":{"MAIN":{"translate":[{"time":0.3,"x":0,"y":0},{"time":0.3333,"x":3.85,"y":0},{"time":0.3666,"x":0,"y":0,"curve":"stepped"},{"time":0.5333,"x":0,"y":0},{"time":0.5666,"x":3.85,"y":0},{"time":0.6,"x":0,"y":0,"curve":"stepped"},{"time":0.7,"x":0,"y":0},{"time":0.7333,"x":3.85,"y":0},{"time":0.7666,"x":0,"y":0,"curve":"stepped"},{"time":0.8666,"x":0,"y":0},{"time":0.9,"x":3.85,"y":0},{"time":0.9333,"x":0,"y":0,"curve":"stepped"},{"time":1.0333,"x":0,"y":0},{"time":1.0666,"x":3.85,"y":0},{"time":1.1333,"x":0,"y":0,"curve":"stepped"},{"time":1.2333,"x":0,"y":0},{"time":1.2666,"x":3.85,"y":0},{"time":1.3,"x":0,"y":0,"curve":"stepped"},{"time":2,"x":0,"y":0}]},"EF_smash1_1":{"translate":[{"time":0.3333,"x":-234.22,"y":11.76}],"scale":[{"time":0.3333,"x":2.5,"y":2.5}]},"EF_wave1_1":{"translate":[{"time":0.3333,"x":-200.16,"y":0}],"scale":[{"time":0.3333,"x":2.5,"y":2.5}]},"EF_wave1_2":{"translate":[{"time":0.5666,"x":-200.16,"y":0}],"scale":[{"time":0.5666,"x":2.5,"y":2.5}]},"EF_wave1_3":{"translate":[{"time":0.7333,"x":-200.16,"y":0}],"scale":[{"time":0.7333,"x":2.5,"y":2.5}]},"DAMAGEAREA":{"translate":[{"time":0.3333,"x":-759.68,"y":56.67}],"scale":[{"time":0.3333,"x":21.337,"y":1.936}]}},"events":[{"time":0,"name":"Event","string":"setHitEffect(hit04e, 0)"},{"time":0,"name":"Event2"},{"time":0,"name":"Sound3","string":"setHitSound(se_battle_007_attack_hit_01)"},{"time":0.3,"name":"Event","string":"kHitStopType_normal"},{"time":0.3333,"name":"Event","string":"setHitStopTime(0.03,0.15)"},{"time":0.3333,"name":"Sound1","string":"cri_se_battle_beam"},{"time":0.3333,"name":"Voice","string":"cri_275_voice_skill_all"},{"time":0.5666,"name":"Hit","string":"resetHitList"},{"time":0.5666,"name":"Sound1","string":"cri_se_battle_beam"},{"time":0.7333,"name":"Hit","string":"resetHitList"},{"time":0.7333,"name":"Sound1","string":"cri_se_battle_beam"},{"time":0.9,"name":"Hit","string":"resetHitList"},{"time":0.9,"name":"Sound1","string":"cri_se_battle_beam"},{"time":1.0666,"name":"Hit","string":"resetHitList"},{"time":1.0666,"name":"Sound1","string":"cri_se_battle_beam"},{"time":1.2666,"name":"Hit","string":"resetHitList"},{"time":1.2666,"name":"Sound1","string":"cri_se_battle_beam"}]},"skill2":{"slots":{"DAMAGEAREA":{"attachment":[{"time":1.4333,"name":"DAMAGEAREA"},{"time":2.8333,"name":null},{"time":3,"name":"DAMAGEAREA"},{"time":3.0666,"name":null}]},"EF_rotwave1_1":{"attachment":[{"time":2.3333,"name":"EF/ef_rot_wave_purple/ef_rot_wave_main_00001"},{"time":2.4,"name":"EF/ef_rot_wave_purple/ef_rot_wave_main_00002"},{"time":2.4666,"name":"EF/ef_rot_wave_purple/ef_rot_wave_main_00003"},{"time":2.5333,"name":"EF/ef_rot_wave_purple/ef_rot_wave_main_00004"},{"time":2.5666,"name":"EF/ef_rot_wave_purple/ef_rot_wave_main_00005"},{"time":2.6,"name":"EF/ef_rot_wave_purple/ef_rot_wave_main_00006"},{"time":2.6333,"name":"EF/ef_rot_wave_purple/ef_rot_wave_main_00007"},{"time":2.6666,"name":"EF/ef_rot_wave_purple/ef_rot_wave_main_00008"},{"time":2.7,"name":"EF/ef_rot_wave_purple/ef_rot_wave_main_00009"},{"time":2.7333,"name":"EF/ef_rot_wave_purple/ef_rot_wave_main_00010"},{"time":2.7666,"name":"EF/ef_rot_wave_purple/ef_rot_wave_main_00011"},{"time":2.8,"name":"EF/ef_rot_wave_purple/ef_rot_wave_main_00012"},{"time":2.8333,"name":"EF/ef_rot_wave_purple/ef_rot_wave_main_00013"},{"time":2.8666,"name":"EF/ef_rot_wave_purple/ef_rot_wave_main_00014"},{"time":2.9,"name":"EF/ef_rot_wave_purple/ef_rot_wave_main_00015"},{"time":2.9333,"name":null}]},"EF_wave1_1":{"attachment":[{"time":1.3,"name":"EF/ef_graund_wave_main/ef_graund_wave_main_00001"},{"time":1.3333,"name":"EF/ef_graund_wave_main/ef_graund_wave_main_00002"},{"time":1.3666,"name":"EF/ef_graund_wave_main/ef_graund_wave_main_00003"},{"time":1.4,"name":"EF/ef_graund_wave_main/ef_graund_wave_main_00004"},{"time":1.4333,"name":"EF/ef_graund_wave_main/ef_graund_wave_main_00005"},{"time":1.4666,"name":"EF/ef_graund_wave_main/ef_graund_wave_main_00006"},{"time":1.5,"name":"EF/ef_graund_wave_main/ef_graund_wave_main_00007"},{"time":1.5333,"name":"EF/ef_graund_wave_main/ef_graund_wave_main_00008"},{"time":1.5666,"name":"EF/ef_graund_wave_main/ef_graund_wave_main_00009"},{"time":1.6,"name":"EF/ef_graund_wave_main/ef_graund_wave_main_00010"},{"time":1.6333,"name":"EF/ef_graund_wave_main/ef_graund_wave_main_00011"},{"time":1.6666,"name":"EF/ef_graund_wave_main/ef_graund_wave_main_00012"},{"time":1.7,"name":"EF/ef_graund_wave_main/ef_graund_wave_main_00001"},{"time":1.7333,"name":"EF/ef_graund_wave_main/ef_graund_wave_main_00002"},{"time":1.7666,"name":"EF/ef_graund_wave_main/ef_graund_wave_main_00003"},{"time":1.8,"name":"EF/ef_graund_wave_main/ef_graund_wave_main_00004"},{"time":1.8333,"name":"EF/ef_graund_wave_main/ef_graund_wave_main_00005"},{"time":1.8666,"name":"EF/ef_graund_wave_main/ef_graund_wave_main_00006"},{"time":1.9,"name":"EF/ef_graund_wave_main/ef_graund_wave_main_00007"},{"time":1.9333,"name":"EF/ef_graund_wave_main/ef_graund_wave_main_00008"},{"time":1.9666,"name":"EF/ef_graund_wave_main/ef_graund_wave_main_00009"},{"time":2,"name":"EF/ef_graund_wave_main/ef_graund_wave_main_00010"},{"time":2.0333,"name":"EF/ef_graund_wave_main/ef_graund_wave_main_00011"},{"time":2.0666,"name":"EF/ef_graund_wave_main/ef_graund_wave_main_00012"},{"time":2.1,"name":"EF/ef_graund_wave_main/ef_graund_wave_main_00001"},{"time":2.1333,"name":"EF/ef_graund_wave_main/ef_graund_wave_main_00002"},{"time":2.1666,"name":"EF/ef_graund_wave_main/ef_graund_wave_main_00003"},{"time":2.2,"name":"EF/ef_graund_wave_main/ef_graund_wave_main_00004"},{"time":2.2333,"name":"EF/ef_graund_wave_main/ef_graund_wave_main_00005"},{"time":2.2666,"name":"EF/ef_graund_wave_main/ef_graund_wave_main_00006"},{"time":2.3,"name":"EF/ef_graund_wave_main/ef_graund_wave_main_00007"},{"time":2.3333,"name":"EF/ef_graund_wave_main/ef_graund_wave_main_00008"},{"time":2.3666,"name":"EF/ef_graund_wave_main/ef_graund_wave_main_00009"},{"time":2.4,"name":"EF/ef_graund_wave_main/ef_graund_wave_main_00010"},{"time":2.4333,"name":"EF/ef_graund_wave_main/ef_graund_wave_main_00011"},{"time":2.4666,"name":"EF/ef_graund_wave_main/ef_graund_wave_main_00012"},{"time":2.5,"name":"EF/ef_graund_wave_main/ef_graund_wave_main_00001"},{"time":2.5333,"name":"EF/ef_graund_wave_main/ef_graund_wave_main_00002"},{"time":2.5666,"name":"EF/ef_graund_wave_main/ef_graund_wave_main_00003"},{"time":2.6,"name":"EF/ef_graund_wave_main/ef_graund_wave_main_00004"},{"time":2.6333,"name":"EF/ef_graund_wave_main/ef_graund_wave_main_00005"},{"time":2.6666,"name":"EF/ef_graund_wave_main/ef_graund_wave_main_00006"},{"time":2.7,"name":"EF/ef_graund_wave_main/ef_graund_wave_main_00007"},{"time":2.7333,"name":"EF/ef_graund_wave_main/ef_graund_wave_main_00008"},{"time":2.7666,"name":"EF/ef_graund_wave_main/ef_graund_wave_main_00009"},{"time":2.8,"name":"EF/ef_graund_wave_main/ef_graund_wave_main_00010"},{"time":2.8333,"name":"EF/ef_graund_wave_main/ef_graund_wave_main_00011"},{"time":2.8666,"name":"EF/ef_graund_wave_main/ef_graund_wave_main_00012"},{"time":2.9,"name":null},{"time":2.9333,"name":"EF/ef_graund_wave_main/ef_graund_wave_main_00001"},{"time":2.9666,"name":"EF/ef_graund_wave_main/ef_graund_wave_main_00002"},{"time":3,"name":"EF/ef_graund_wave_main/ef_graund_wave_main_00003"},{"time":3.0333,"name":"EF/ef_graund_wave_main/ef_graund_wave_main_00004"},{"time":3.0666,"name":"EF/ef_graund_wave_main/ef_graund_wave_main_00005"},{"time":3.1,"name":"EF/ef_graund_wave_main/ef_graund_wave_main_00006"},{"time":3.1333,"name":"EF/ef_graund_wave_main/ef_graund_wave_main_00007"},{"time":3.1666,"name":"EF/ef_graund_wave_main/ef_graund_wave_main_00008"},{"time":3.2,"name":"EF/ef_graund_wave_main/ef_graund_wave_main_00009"},{"time":3.2333,"name":"EF/ef_graund_wave_main/ef_graund_wave_main_00010"},{"time":3.2666,"name":"EF/ef_graund_wave_main/ef_graund_wave_main_00011"},{"time":3.3,"name":"EF/ef_graund_wave_main/ef_graund_wave_main_00012"},{"time":3.3333,"name":null}]},"EF_wave1_2":{"attachment":[{"time":1.5,"name":"EF/ef_graund_wave_main/ef_graund_wave_main_00001"},{"time":1.5333,"name":"EF/ef_graund_wave_main/ef_graund_wave_main_00002"},{"time":1.5666,"name":"EF/ef_graund_wave_main/ef_graund_wave_main_00003"},{"time":1.6,"name":"EF/ef_graund_wave_main/ef_graund_wave_main_00004"},{"time":1.6333,"name":"EF/ef_graund_wave_main/ef_graund_wave_main_00005"},{"time":1.6666,"name":"EF/ef_graund_wave_main/ef_graund_wave_main_00006"},{"time":1.7,"name":"EF/ef_graund_wave_main/ef_graund_wave_main_00007"},{"time":1.7333,"name":"EF/ef_graund_wave_main/ef_graund_wave_main_00008"},{"time":1.7666,"name":"EF/ef_graund_wave_main/ef_graund_wave_main_00009"},{"time":1.8,"name":"EF/ef_graund_wave_main/ef_graund_wave_main_00010"},{"time":1.8333,"name":"EF/ef_graund_wave_main/ef_graund_wave_main_00011"},{"time":1.8666,"name":"EF/ef_graund_wave_main/ef_graund_wave_main_00012"},{"time":1.9,"name":"EF/ef_graund_wave_main/ef_graund_wave_main_00001"},{"time":1.9333,"name":"EF/ef_graund_wave_main/ef_graund_wave_main_00002"},{"time":1.9666,"name":"EF/ef_graund_wave_main/ef_graund_wave_main_00003"},{"time":2,"name":"EF/ef_graund_wave_main/ef_graund_wave_main_00004"},{"time":2.0333,"name":"EF/ef_graund_wave_main/ef_graund_wave_main_00005"},{"time":2.0666,"name":"EF/ef_graund_wave_main/ef_graund_wave_main_00006"},{"time":2.1,"name":"EF/ef_graund_wave_main/ef_graund_wave_main_00007"},{"time":2.1333,"name":"EF/ef_graund_wave_main/ef_graund_wave_main_00008"},{"time":2.1666,"name":"EF/ef_graund_wave_main/ef_graund_wave_main_00009"},{"time":2.2,"name":"EF/ef_graund_wave_main/ef_graund_wave_main_00010"},{"time":2.2333,"name":"EF/ef_graund_wave_main/ef_graund_wave_main_00011"},{"time":2.2666,"name":"EF/ef_graund_wave_main/ef_graund_wave_main_00012"},{"time":2.3,"name":"EF/ef_graund_wave_main/ef_graund_wave_main_00001"},{"time":2.3333,"name":"EF/ef_graund_wave_main/ef_graund_wave_main_00002"},{"time":2.3666,"name":"EF/ef_graund_wave_main/ef_graund_wave_main_00003"},{"time":2.4,"name":"EF/ef_graund_wave_main/ef_graund_wave_main_00004"},{"time":2.4333,"name":"EF/ef_graund_wave_main/ef_graund_wave_main_00005"},{"time":2.4666,"name":"EF/ef_graund_wave_main/ef_graund_wave_main_00006"},{"time":2.5,"name":"EF/ef_graund_wave_main/ef_graund_wave_main_00007"},{"time":2.5333,"name":"EF/ef_graund_wave_main/ef_graund_wave_main_00008"},{"time":2.5666,"name":"EF/ef_graund_wave_main/ef_graund_wave_main_00009"},{"time":2.6,"name":"EF/ef_graund_wave_main/ef_graund_wave_main_00010"},{"time":2.6333,"name":"EF/ef_graund_wave_main/ef_graund_wave_main_00011"},{"time":2.6666,"name":"EF/ef_graund_wave_main/ef_graund_wave_main_00012"},{"time":2.7,"name":null}]},"MAIN":{"attachment":[{"time":0,"name":"idle_00"},{"time":0.0333,"name":"skill2_00"},{"time":0.1,"name":"skill2_01"},{"time":0.1666,"name":"skill2_02"},{"time":0.2333,"name":"skill2_03"},{"time":0.3,"name":"skill2_04"},{"time":0.3666,"name":"skill2_05"},{"time":0.4333,"name":"skill2_06"},{"time":0.5333,"name":"skill2_07"},{"time":0.6,"name":"skill2_08"},{"time":0.8333,"name":"skill2_09"},{"time":0.9333,"name":"skill2_10"},{"time":1.0333,"name":"skill2_11"},{"time":3,"name":"skill2_12"},{"time":3.0333,"name":"skill2_13"},{"time":3.1,"name":"skill2_14"},{"time":3.5666,"name":"skill2_15"},{"time":3.7666,"name":"skill2_16"},{"time":3.8333,"name":"skill2_17"},{"time":3.9,"name":"skill2_18"},{"time":4,"name":"skill2_19"},{"time":4.1333,"name":"skill2_20"},{"time":4.2333,"name":"skill2_21"},{"time":4.3333,"name":"skill2_22"},{"time":4.4,"name":"skill2_23"},{"time":4.5666,"name":"skill2_24"},{"time":4.6666,"name":"idle_00"}]},"cylinder_0":{"attachment":[{"time":0.3333,"name":"Dot_EF/cylinder_0"}],"color":[{"time":0.3,"color":"ffffffff","curve":"stepped"},{"time":0.7666,"color":"ffffffff"},{"time":1,"color":"ffffff00"}]},"cylinder_1":{"attachment":[{"time":3.7666,"name":"Dot_EF/cylinder_1"}],"color":[{"time":4.1,"color":"ffffffff"},{"time":4.2666,"color":"ffffff00"}]}},"bones":{"MAIN":{"translate":[{"time":0,"x":0,"y":0,"curve":"stepped"},{"time":0.5,"x":0,"y":0,"curve":"stepped"},{"time":0.5333,"x":0,"y":-3.87},{"time":0.5666,"x":0,"y":0,"curve":"stepped"},{"time":0.8333,"x":13.45,"y":0,"curve":"stepped"},{"time":0.9333,"x":68.12,"y":4.2,"curve":"stepped"},{"time":1.0333,"x":68.12,"y":4.2,"curve":"stepped"},{"time":1.3333,"x":68.12,"y":4.2,"curve":[0.091,0.91,0.216,0.95]},{"time":2.9666,"x":71.29,"y":4.2,"curve":[0.091,0.91,0.216,0.95]},{"time":3.1666,"x":135.4,"y":4.2},{"time":3.7666,"x":137.92,"y":4.2,"curve":"stepped"},{"time":3.9,"x":77.37,"y":4.2,"curve":"stepped"},{"time":4,"x":74.84,"y":0,"curve":"stepped"},{"time":4.3666,"x":74.84,"y":0},{"time":4.4,"x":74.84,"y":-4.8},{"time":4.4333,"x":74.84,"y":4.79},{"time":4.4666,"x":74.84,"y":0}]},"cylinder_0":{"rotate":[{"time":0.3333,"angle":-54.62},{"time":0.4,"angle":-42.35},{"time":0.5,"angle":31.15},{"time":0.6,"angle":139.94},{"time":0.7,"angle":-136.57,"curve":"stepped"},{"time":0.7666,"angle":-73.24},{"time":0.9666,"angle":-22.87}],"translate":[{"time":0.3333,"x":-26.15,"y":35.25},{"time":0.4,"x":-51.72,"y":42.4},{"time":0.6,"x":-115.11,"y":-19.99},{"time":0.7333,"x":-138.93,"y":-63.49,"curve":"stepped"},{"time":0.7666,"x":-153.16,"y":-65.12},{"time":0.9666,"x":-191.28,"y":-49.02}]},"cylinder_1":{"rotate":[{"time":3.7666,"angle":0},{"time":3.8666,"angle":-8.84},{"time":3.9333,"angle":-123.65},{"time":4.0333,"angle":-180.1},{"time":4.1,"angle":108.26},{"time":4.1666,"angle":35.97},{"time":4.2,"angle":-185.03},{"time":4.3,"angle":-217.81}],"translate":[{"time":3.7666,"x":166.43,"y":25.6,"curve":[0.127,0.66,0.75,1]},{"time":3.8666,"x":177.2,"y":74.1},{"time":4.0333,"x":211.37,"y":11.79},{"time":4.1666,"x":225.44,"y":-55.53},{"time":4.2,"x":255.59,"y":-55.53},{"time":4.3,"x":276.57,"y":-49.77}]},"EF_rotwave1_1":{"translate":[{"time":2.3333,"x":-179.9,"y":0}],"scale":[{"time":2.3333,"x":1.5,"y":1.5,"curve":[0.19,0.74,0.75,1]},{"time":2.9,"x":1,"y":1}]},"EF_wave1_1":{"translate":[{"time":1.3,"x":-137.98,"y":0,"curve":"stepped"},{"time":2.9333,"x":-133.98,"y":0}],"scale":[{"time":1.3,"x":2,"y":2,"curve":"stepped"},{"time":2.9333,"x":3,"y":3}]},"EF_wave1_2":{"translate":[{"time":1.5,"x":-137.98,"y":0}],"scale":[{"time":1.5,"x":2,"y":2}]},"DAMAGEAREA":{"translate":[{"time":1.4333,"x":-298.64,"y":145.51},{"time":1.5,"x":-501.07,"y":128.11,"curve":"stepped"},{"time":3,"x":-548.3,"y":128.11}],"scale":[{"time":1.4333,"x":10.021,"y":6.511},{"time":1.5,"x":15.359,"y":6.63,"curve":"stepped"},{"time":3,"x":19.187,"y":10.109}]}},"events":[{"time":0,"name":"Event2"},{"time":0,"name":"Sound3","string":"setHitSound(se_battle_007_attack_hit_01)"},{"time":0,"name":"Voice","string":"cri_275_voice_fullarts_now"},{"time":0.0333,"name":"Event","string":"setHitEffect(hit04e,1)"},{"time":0.3,"name":"Sound1","string":"cri_se_battle_gunbarrel_putaway"},{"time":1.3666,"name":"Event","float":0.15,"string":"kHitStopType_enemyonly"},{"time":1.4,"name":"Event","string":"setHitBackEnemy(4,0)"},{"time":1.4,"name":"Sound1","string":"cri_se_battle_beam"},{"time":1.4333,"name":"Event","float":1,"string":"shakeGround_Loop"},{"time":1.5,"name":"Hit","string":"resetHitList"},{"time":1.5,"name":"Sound1","string":"cri_se_battle_beam"},{"time":1.5666,"name":"Hit","string":"resetHitList"},{"time":1.6,"name":"Sound1","string":"cri_se_battle_beam"},{"time":1.6333,"name":"Hit","string":"resetHitList"},{"time":1.7,"name":"Hit","string":"resetHitList"},{"time":1.7,"name":"Sound1","string":"cri_se_battle_beam"},{"time":1.7666,"name":"Hit","string":"resetHitList"},{"time":1.8,"name":"Sound1","string":"cri_se_battle_beam"},{"time":1.8333,"name":"Hit","string":"resetHitList"},{"time":1.9,"name":"Hit","string":"resetHitList"},{"time":1.9,"name":"Sound1","string":"cri_se_battle_beam"},{"time":1.9666,"name":"Hit","string":"resetHitList"},{"time":2,"name":"Sound1","string":"cri_se_battle_beam"},{"time":2.0333,"name":"Hit","string":"resetHitList"},{"time":2.1,"name":"Hit","string":"resetHitList"},{"time":2.1,"name":"Sound1","string":"cri_se_battle_beam"},{"time":2.1666,"name":"Hit","string":"resetHitList"},{"time":2.2,"name":"Sound1","string":"cri_se_battle_beam"},{"time":2.2333,"name":"Hit","string":"resetHitList"},{"time":2.3,"name":"Hit","string":"resetHitList"},{"time":2.3,"name":"Sound1","string":"cri_se_battle_beam"},{"time":2.3666,"name":"Hit","string":"resetHitList"},{"time":2.4,"name":"Sound1","string":"cri_se_battle_beam"},{"time":2.4333,"name":"Hit","string":"resetHitList"},{"time":2.5,"name":"Hit","string":"resetHitList"},{"time":2.5,"name":"Sound1","string":"cri_se_battle_beam"},{"time":2.5666,"name":"Hit","string":"resetHitList"},{"time":2.6,"name":"Sound1","string":"cri_se_battle_beam"},{"time":2.6,"name":"Voice","string":"cri_275_voice_fullarts_rank5"},{"time":2.6333,"name":"Hit","string":"resetHitList"},{"time":2.7,"name":"Hit","string":"resetHitList"},{"time":2.7,"name":"Sound1","string":"cri_se_battle_beam"},{"time":2.7666,"name":"Hit","string":"resetHitList"},{"time":2.8,"name":"Sound1","string":"cri_se_battle_beam"},{"time":2.9,"name":"Sound1","string":"cri_se_battle_beam"},{"time":2.9666,"name":"Event","float":0.37,"string":"kHitStopType_normal"},{"time":3,"name":"Event","float":2,"string":"shakeGround"},{"time":3,"name":"Hit","float":8,"string":"resetHitList"},{"time":3,"name":"Sound1","string":"cri_se_battle_skill_superlaser"},{"time":3.7666,"name":"Sound1","string":"cri_se_battle_gunbarrel_putaway"}]}}}