{"skeleton":{"hash":"NrIAOYepnvBys9pahyXcDLyp8E4","spine":"3.0.12","width":0,"height":0},"bones":[{"name":"root"},{"name":"610_S2_water1_00","parent":"root","x":1519.84,"y":-0.67},{"name":"110_S2_ice2_03","parent":"root","x":1213.83,"y":-480.59},{"name":"110_S2_ice2_02","parent":"root","x":1129.04,"y":-480.59},{"name":"110_S2_ice2_01","parent":"root","x":1036.87,"y":-480.59},{"name":"110_S2_ice2_00","parent":"root","x":939.91,"y":-480.59},{"name":"110_S1_icebreak1_02","parent":"root","x":1201,"y":1.15},{"name":"110_S1_icebreak1_01","parent":"root","x":1073,"y":1.15},{"name":"110_S1_icebreak1_00","parent":"root","x":945.4,"y":1.15},{"name":"110_S1_ice2_00","parent":"root","x":594.61,"y":-263.48},{"name":"110_S1_ice1_01","parent":"root","x":1221.01,"y":-257.62},{"name":"110_S1_ice1_00","parent":"root","x":940.55,"y":-257.62},{"name":"110_S1_ex1_02","parent":"root","x":1805.48,"y":-259.31},{"name":"110_S1_ex1_01","parent":"root","x":1661,"y":-259.31},{"name":"110_S1_ex1_00","parent":"root","x":1528,"y":-259.29},{"name":"100_S1_ex1_00","parent":"root","x":1662,"y":-2.55}],"slots":[{"name":"110_S1_ex1_00","bone":"110_S1_ex1_00","blend":"additive"},{"name":"110_S1_ex1_01","bone":"110_S1_ex1_01","blend":"additive"},{"name":"110_S1_ex1_02","bone":"110_S1_ex1_02","blend":"additive"},{"name":"110_S1_ice1_00","bone":"110_S1_ice1_00"},{"name":"110_S1_ice2_00","bone":"110_S1_ice2_00"},{"name":"110_S1_ice1_01","bone":"110_S1_ice1_01"},{"name":"110_S1_icebreak1_00","bone":"110_S1_icebreak1_00","blend":"additive"},{"name":"110_S1_icebreak1_01","bone":"110_S1_icebreak1_01","blend":"additive"},{"name":"110_S1_icebreak1_02","bone":"110_S1_icebreak1_02","blend":"additive"},{"name":"610_S2_water1_00","bone":"610_S2_water1_00","blend":"additive"},{"name":"EF/110_S2_ice2/110_S2_ice2_00000","bone":"110_S2_ice2_00","blend":"additive"},{"name":"EF/110_S2_ice2/110_S2_ice2_0","bone":"110_S2_ice2_01","blend":"additive"},{"name":"EF/110_S2_ice2/110_S2_ice2_1","bone":"110_S2_ice2_02","blend":"additive"},{"name":"EF/110_S2_ice2/110_S2_ice2_2","bone":"110_S2_ice2_03","blend":"additive"},{"name":"EF/100_S1_ex1/100_S1_ex1_00000","bone":"100_S1_ex1_00","blend":"additive"}],"skins":{"default":{"110_S1_ex1_00":{"EF/110_S1_ex1/110_S1_ex1_00003":{"x":-2.57,"y":41.11,"width":300,"height":300},"EF/110_S1_ex1/110_S1_ex1_00004":{"x":-3,"y":41.09,"width":300,"height":300},"EF/110_S1_ex1/110_S1_ex1_00005":{"x":-3,"y":41.09,"width":300,"height":300},"EF/110_S1_ex1/110_S1_ex1_00006":{"x":-3,"y":41.09,"width":300,"height":300},"EF/110_S1_ex1/110_S1_ex1_00007":{"x":-3,"y":41.09,"width":300,"height":300},"EF/110_S1_ex1/110_S1_ex1_00008":{"x":-3,"y":41.09,"width":300,"height":300},"EF/110_S1_ex1/110_S1_ex1_00009":{"x":-3,"y":41.09,"width":300,"height":300},"EF/110_S1_ex1/110_S1_ex1_00010":{"x":-3,"y":41.09,"width":300,"height":300}},"110_S1_ex1_01":{"EF/110_S1_ex1/110_S1_ex1_00003":{"x":-2.57,"y":41.11,"width":300,"height":300},"EF/110_S1_ex1/110_S1_ex1_00004":{"x":-2,"y":41.11,"width":300,"height":300},"EF/110_S1_ex1/110_S1_ex1_00005":{"x":-2,"y":41.11,"width":300,"height":300},"EF/110_S1_ex1/110_S1_ex1_00006":{"x":-2,"y":41.11,"width":300,"height":300},"EF/110_S1_ex1/110_S1_ex1_00007":{"x":-2,"y":41.11,"width":300,"height":300},"EF/110_S1_ex1/110_S1_ex1_00008":{"x":-2,"y":41.11,"width":300,"height":300},"EF/110_S1_ex1/110_S1_ex1_00009":{"x":-2,"y":41.11,"width":300,"height":300},"EF/110_S1_ex1/110_S1_ex1_00010":{"x":-2,"y":41.11,"width":300,"height":300}},"110_S1_ex1_02":{"EF/110_S1_ex1/110_S1_ex1_00003":{"x":-3.48,"y":41.11,"width":300,"height":300},"EF/110_S1_ex1/110_S1_ex1_00004":{"x":-3.48,"y":41.11,"width":300,"height":300},"EF/110_S1_ex1/110_S1_ex1_00005":{"x":-3.48,"y":41.11,"width":300,"height":300},"EF/110_S1_ex1/110_S1_ex1_00006":{"x":-3.48,"y":41.11,"width":300,"height":300},"EF/110_S1_ex1/110_S1_ex1_00007":{"x":-3.48,"y":41.11,"width":300,"height":300},"EF/110_S1_ex1/110_S1_ex1_00008":{"x":-3.48,"y":41.11,"width":300,"height":300},"EF/110_S1_ex1/110_S1_ex1_00009":{"x":-3.48,"y":41.11,"width":300,"height":300},"EF/110_S1_ex1/110_S1_ex1_00010":{"x":-3.48,"y":41.11,"width":300,"height":300}},"110_S1_ice1_00":{"EF/110_S1_ice1/110_S1_ice1_00000":{"x":-2.61,"y":42.33,"width":350,"height":350}},"110_S1_ice1_01":{"EF/110_S1_ice1/110_S1_ice1_00000":{"x":-2.61,"y":43.5,"width":350,"height":350}},"110_S1_ice2_00":{"EF/110_S1_ice2/110_S1_ice2_00000":{"x":6.38,"y":51.48,"width":400,"height":400}},"110_S1_icebreak1_00":{"EF/110_S1_icebreak1/110_S1_icebreak1_00000":{"x":9.49,"y":-1.15,"width":300,"height":300},"EF/110_S1_icebreak1/110_S1_icebreak1_00001":{"x":9.49,"y":-1.15,"width":300,"height":300},"EF/110_S1_icebreak1/110_S1_icebreak1_00003":{"x":9.49,"y":-1.15,"width":300,"height":300},"EF/110_S1_icebreak1/110_S1_icebreak1_00004":{"x":9.49,"y":-1.15,"width":300,"height":300},"EF/110_S1_icebreak1/110_S1_icebreak1_00005":{"x":9.49,"y":-1.15,"width":300,"height":300}},"110_S1_icebreak1_01":{"EF/110_S1_icebreak1/110_S1_icebreak1_00000":{"x":10.43,"y":-1.15,"width":300,"height":300},"EF/110_S1_icebreak1/110_S1_icebreak1_00001":{"x":11,"y":-1.15,"width":300,"height":300},"EF/110_S1_icebreak1/110_S1_icebreak1_00003":{"x":11,"y":-1.15,"width":300,"height":300},"EF/110_S1_icebreak1/110_S1_icebreak1_00004":{"x":11,"y":-1.15,"width":300,"height":300},"EF/110_S1_icebreak1/110_S1_icebreak1_00005":{"x":11,"y":-1.15,"width":300,"height":300}},"110_S1_icebreak1_02":{"EF/110_S1_icebreak1/110_S1_icebreak1_00000":{"x":10.43,"y":-1.15,"width":300,"height":300},"EF/110_S1_icebreak1/110_S1_icebreak1_00001":{"x":11,"y":-1.15,"width":300,"height":300},"EF/110_S1_icebreak1/110_S1_icebreak1_00003":{"x":11,"y":-1.15,"width":300,"height":300},"EF/110_S1_icebreak1/110_S1_icebreak1_00004":{"x":11,"y":-1.15,"width":300,"height":300},"EF/110_S1_icebreak1/110_S1_icebreak1_00005":{"x":11,"y":-1.15,"width":300,"height":300}},"610_S2_water1_00":{"EF/610_S2_water1/610_S2_water1_00000":{"x":-0.07,"y":8.7,"width":400,"height":400},"EF/610_S2_water1/610_S2_water1_00002":{"x":-0.07,"y":8.7,"width":400,"height":400},"EF/610_S2_water1/610_S2_water1_00004":{"x":-0.07,"y":8.7,"width":400,"height":400},"EF/610_S2_water1/610_S2_water1_00006":{"x":-0.07,"y":8.7,"width":400,"height":400},"EF/610_S2_water1/610_S2_water1_00008":{"x":-0.07,"y":8.7,"width":400,"height":400},"EF/610_S2_water1/610_S2_water1_00010":{"x":-0.07,"y":8.7,"width":400,"height":400},"EF/610_S2_water1/610_S2_water1_00012":{"x":-0.07,"y":8.7,"width":400,"height":400}},"EF/100_S1_ex1/100_S1_ex1_00000":{"EF/100_S1_ex1/100_S1_ex1_00000":{"x":-19.29,"y":70.58,"width":350,"height":350},"EF/100_S1_ex1/100_S1_ex1_00002":{"x":-19,"y":70.58,"width":350,"height":350},"EF/100_S1_ex1/100_S1_ex1_00003":{"x":-19,"y":70.58,"width":350,"height":350},"EF/100_S1_ex1/100_S1_ex1_00004":{"x":-19,"y":70.58,"width":350,"height":350},"EF/100_S1_ex1/100_S1_ex1_00006":{"x":-19,"y":70.58,"width":350,"height":350},"EF/100_S1_ex1/100_S1_ex1_00007":{"x":-19,"y":70.58,"width":350,"height":350},"EF/100_S1_ex1/100_S1_ex1_00008":{"x":-19,"y":70.58,"width":350,"height":350},"EF/100_S1_ex1/100_S1_ex1_00009":{"x":-19,"y":70.58,"width":350,"height":350}},"EF/110_S2_ice2/110_S2_ice2_0":{"EF/110_S2_ice2/110_S2_ice2_00000":{"x":-3.26,"y":0.47,"width":250,"height":250}},"EF/110_S2_ice2/110_S2_ice2_00000":{"EF/110_S2_ice2/110_S2_ice2_00000":{"x":-3.66,"y":0.47,"width":250,"height":250}},"EF/110_S2_ice2/110_S2_ice2_1":{"EF/110_S2_ice2/110_S2_ice2_00000":{"x":-3.66,"y":0.47,"width":250,"height":250}},"EF/110_S2_ice2/110_S2_ice2_2":{"EF/110_S2_ice2/110_S2_ice2_00000":{"x":-3.66,"y":0.47,"width":250,"height":250}}}},"animations":{"1-attack1":{},"1-skill1":{"slots":{"EF/100_S1_ex1/100_S1_ex1_00000":{"attachment":[{"time":0.4,"name":"EF/100_S1_ex1/100_S1_ex1_00000"},{"time":0.4333,"name":"EF/100_S1_ex1/100_S1_ex1_00002"},{"time":0.4666,"name":"EF/100_S1_ex1/100_S1_ex1_00003"},{"time":0.5,"name":"EF/100_S1_ex1/100_S1_ex1_00004"},{"time":0.5333,"name":"EF/100_S1_ex1/100_S1_ex1_00006"},{"time":0.5666,"name":"EF/100_S1_ex1/100_S1_ex1_00007"},{"time":0.6,"name":"EF/100_S1_ex1/100_S1_ex1_00008"},{"time":0.6333,"name":"EF/100_S1_ex1/100_S1_ex1_00009"},{"time":0.7,"name":null}],"color":[{"time":0.6333,"color":"ffffffff"},{"time":0.7,"color":"ffffff00"}]},"EF/110_S2_ice2/110_S2_ice2_00000":{"attachment":[{"time":0.4,"name":"EF/110_S2_ice2/110_S2_ice2_00000"}],"color":[{"time":0.5,"color":"ffffffff"},{"time":0.5666,"color":"ffffff00"}]},"EF/110_S2_ice2/110_S2_ice2_0":{"attachment":[{"time":0.4333,"name":"EF/110_S2_ice2/110_S2_ice2_00000"},{"time":0.7333,"name":null}],"color":[{"time":0.5,"color":"ffffffff"},{"time":0.5666,"color":"ffffff00","curve":"stepped"},{"time":0.6,"color":"ffffffff","curve":"stepped"},{"time":0.6666,"color":"ffffffff"},{"time":0.7333,"color":"ffffff00"}]},"EF/110_S2_ice2/110_S2_ice2_1":{"attachment":[{"time":0.5333,"name":"EF/110_S2_ice2/110_S2_ice2_00000"},{"time":0.6666,"name":null}],"color":[{"time":0.6,"color":"ffffffff"},{"time":0.6666,"color":"ffffff00"}]},"EF/110_S2_ice2/110_S2_ice2_2":{"attachment":[{"time":0.4666,"name":"EF/110_S2_ice2/110_S2_ice2_00000"},{"time":0.6333,"name":null}],"color":[{"time":0.5666,"color":"ffffffff"},{"time":0.6333,"color":"ffffff00"}]}},"bones":{"110_S2_ice2_00":{"rotate":[{"time":0.4,"angle":48.35}],"translate":[{"time":0.4,"x":-1217.04,"y":523.27,"curve":[0.151,0.51,0.75,1]},{"time":0.5666,"x":-1437.09,"y":720.54}],"scale":[{"time":0.4,"x":1.413,"y":0.866}]},"110_S2_ice2_01":{"rotate":[{"time":0.4333,"angle":18.36,"curve":"stepped"},{"time":0.6,"angle":42.27}],"translate":[{"time":0.4333,"x":-1260.01,"y":637.65,"curve":[0.151,0.51,0.75,1]},{"time":0.5666,"x":-1332.43,"y":872.28,"curve":"stepped"},{"time":0.6,"x":-1323.04,"y":608.49,"curve":[0.151,0.51,0.75,1]},{"time":0.7333,"x":-1485.61,"y":798.12}],"scale":[{"time":0.4333,"x":1.607,"y":0.685,"curve":"stepped"},{"time":0.6,"x":1.435,"y":0.784}]},"110_S2_ice2_02":{"rotate":[{"time":0.5333,"angle":8.98}],"translate":[{"time":0.5333,"x":-1320.06,"y":549.37,"curve":[0.089,0.53,0.75,1]},{"time":0.6666,"x":-1378.74,"y":904.03}],"scale":[{"time":0.5333,"x":1.496,"y":0.744}]},"110_S2_ice2_03":{"rotate":[{"time":0.4666,"angle":32.86}],"translate":[{"time":0.4666,"x":-1411.25,"y":546.18,"curve":[0.151,0.51,0.75,1]},{"time":0.6333,"x":-1641.89,"y":919.39}],"scale":[{"time":0.4666,"x":1.207,"y":0.66}]},"100_S1_ex1_00":{"translate":[{"time":0.4,"x":-1871.77,"y":-15.69}],"scale":[{"time":0.4,"x":2.395,"y":2.395}]}}},"1-skill2":{"slots":{"110_S1_ex1_00":{"attachment":[{"time":1.1666,"name":"EF/110_S1_ex1/110_S1_ex1_00003"},{"time":1.2,"name":"EF/110_S1_ex1/110_S1_ex1_00004"},{"time":1.2333,"name":"EF/110_S1_ex1/110_S1_ex1_00005"},{"time":1.2666,"name":"EF/110_S1_ex1/110_S1_ex1_00006"},{"time":1.3,"name":"EF/110_S1_ex1/110_S1_ex1_00007"},{"time":1.3333,"name":"EF/110_S1_ex1/110_S1_ex1_00008"},{"time":1.3666,"name":"EF/110_S1_ex1/110_S1_ex1_00009"},{"time":1.4,"name":"EF/110_S1_ex1/110_S1_ex1_00010"},{"time":1.4333,"name":null}]},"110_S1_ex1_01":{"attachment":[{"time":1.1333,"name":"EF/110_S1_ex1/110_S1_ex1_00003"},{"time":1.1666,"name":"EF/110_S1_ex1/110_S1_ex1_00004"},{"time":1.2,"name":"EF/110_S1_ex1/110_S1_ex1_00005"},{"time":1.2333,"name":"EF/110_S1_ex1/110_S1_ex1_00006"},{"time":1.2666,"name":"EF/110_S1_ex1/110_S1_ex1_00007"},{"time":1.3,"name":"EF/110_S1_ex1/110_S1_ex1_00008"},{"time":1.3333,"name":"EF/110_S1_ex1/110_S1_ex1_00009"},{"time":1.3666,"name":"EF/110_S1_ex1/110_S1_ex1_00010"},{"time":1.4,"name":null}]},"110_S1_ex1_02":{"attachment":[{"time":1.1333,"name":"EF/110_S1_ex1/110_S1_ex1_00003"},{"time":1.1666,"name":"EF/110_S1_ex1/110_S1_ex1_00004"},{"time":1.2,"name":"EF/110_S1_ex1/110_S1_ex1_00005"},{"time":1.2333,"name":"EF/110_S1_ex1/110_S1_ex1_00006"},{"time":1.2666,"name":"EF/110_S1_ex1/110_S1_ex1_00007"},{"time":1.3,"name":"EF/110_S1_ex1/110_S1_ex1_00008"},{"time":1.3333,"name":"EF/110_S1_ex1/110_S1_ex1_00009"},{"time":1.3666,"name":"EF/110_S1_ex1/110_S1_ex1_00010"},{"time":1.4,"name":null}]},"110_S1_ice1_00":{"attachment":[{"time":0.5666,"name":"EF/110_S1_ice1/110_S1_ice1_00000"},{"time":1.1333,"name":null}]},"110_S1_ice1_01":{"attachment":[{"time":0.5666,"name":"EF/110_S1_ice1/110_S1_ice1_00000"},{"time":1.1333,"name":null}]},"110_S1_ice2_00":{"attachment":[{"time":0.5333,"name":"EF/110_S1_ice2/110_S1_ice2_00000"},{"time":1.1666,"name":null}]},"110_S1_icebreak1_00":{"attachment":[{"time":1.1666,"name":"EF/110_S1_icebreak1/110_S1_icebreak1_00000"},{"time":1.2,"name":"EF/110_S1_icebreak1/110_S1_icebreak1_00001"},{"time":1.2333,"name":"EF/110_S1_icebreak1/110_S1_icebreak1_00003"},{"time":1.2666,"name":"EF/110_S1_icebreak1/110_S1_icebreak1_00004"},{"time":1.3,"name":"EF/110_S1_icebreak1/110_S1_icebreak1_00005"},{"time":1.3666,"name":null}],"color":[{"time":1.3,"color":"ffffffff"},{"time":1.3666,"color":"ffffff00"}]},"110_S1_icebreak1_01":{"attachment":[{"time":1.1333,"name":"EF/110_S1_icebreak1/110_S1_icebreak1_00000"},{"time":1.1666,"name":"EF/110_S1_icebreak1/110_S1_icebreak1_00001"},{"time":1.2,"name":"EF/110_S1_icebreak1/110_S1_icebreak1_00003"},{"time":1.2333,"name":"EF/110_S1_icebreak1/110_S1_icebreak1_00004"},{"time":1.2666,"name":"EF/110_S1_icebreak1/110_S1_icebreak1_00005"},{"time":1.3333,"name":null}],"color":[{"time":1.2666,"color":"ffffffff"},{"time":1.3333,"color":"ffffff00"}]},"110_S1_icebreak1_02":{"attachment":[{"time":1.1333,"name":"EF/110_S1_icebreak1/110_S1_icebreak1_00000"},{"time":1.1666,"name":"EF/110_S1_icebreak1/110_S1_icebreak1_00001"},{"time":1.2,"name":"EF/110_S1_icebreak1/110_S1_icebreak1_00003"},{"time":1.2333,"name":"EF/110_S1_icebreak1/110_S1_icebreak1_00004"},{"time":1.2666,"name":"EF/110_S1_icebreak1/110_S1_icebreak1_00005"},{"time":1.3333,"name":null}],"color":[{"time":1.2666,"color":"ffffffff"},{"time":1.3333,"color":"ffffff00"}]},"610_S2_water1_00":{"attachment":[{"time":0.5666,"name":"EF/610_S2_water1/610_S2_water1_00000"},{"time":0.6,"name":"EF/610_S2_water1/610_S2_water1_00002"},{"time":0.6333,"name":"EF/610_S2_water1/610_S2_water1_00004"},{"time":0.6666,"name":"EF/610_S2_water1/610_S2_water1_00006"},{"time":0.7,"name":"EF/610_S2_water1/610_S2_water1_00008"},{"time":0.7333,"name":"EF/610_S2_water1/610_S2_water1_00010"},{"time":0.8,"name":"EF/610_S2_water1/610_S2_water1_00012"},{"time":0.9666,"name":null}],"color":[{"time":0.8333,"color":"ffffffff"},{"time":0.9666,"color":"ffffff00"}]}},"bones":{"110_S1_ice2_00":{"translate":[{"time":0.5333,"x":-937.3,"y":245.33}],"scale":[{"time":0.5333,"x":1.064,"y":1.064},{"time":0.5666,"x":1.75,"y":1.75}]},"110_S1_ice1_00":{"translate":[{"time":0.5666,"x":-1400.14,"y":261.76}],"scale":[{"time":0.5666,"x":1.018,"y":1.018},{"time":0.6,"x":1.289,"y":1.289}]},"110_S1_ice1_01":{"translate":[{"time":0.5666,"x":-1430.89,"y":231.24}],"scale":[{"time":0.5666,"x":0.725,"y":0.725},{"time":0.6,"x":1.002,"y":1.002}]},"110_S1_icebreak1_00":{"translate":[{"time":1.1666,"x":-1287.12,"y":103.27}],"scale":[{"time":1.1666,"x":2.531,"y":2.531}]},"110_S1_icebreak1_01":{"translate":[{"time":1.1333,"x":-1538.08,"y":63.84}],"scale":[{"time":1.1333,"x":1.413,"y":1.413}]},"110_S1_icebreak1_02":{"translate":[{"time":1.1333,"x":-1416.2,"y":46.04}],"scale":[{"time":1.1333,"x":1.19,"y":1.19}]},"610_S2_water1_00":{"translate":[{"time":0.5666,"x":-1857.43,"y":-0.44}],"scale":[{"time":0.5666,"x":2.014,"y":2.014,"curve":"stepped"},{"time":0.8333,"x":2.014,"y":2.014},{"time":0.9666,"x":2.127,"y":2.127}]},"110_S1_ex1_00":{"translate":[{"time":1.1666,"x":-1860.12,"y":261.21}],"scale":[{"time":1.1666,"x":2.208,"y":2.208}]},"110_S1_ex1_01":{"translate":[{"time":1.1333,"x":-2116.29,"y":266.71}],"scale":[{"time":1.1333,"x":1.216,"y":1.216}]},"110_S1_ex1_02":{"translate":[{"time":1.1333,"x":-2011.94,"y":237.1}],"scale":[{"time":1.1333,"x":1.049,"y":1.049}]}}},"None":{}}}