{"skeleton":{"hash":"LBnA6xec5HhdSuu5HfIQuF1xBps","spine":"3.0.12","width":512,"height":512},"bones":[{"name":"root"},{"name":"MAIN","parent":"root","y":86.5},{"name":"HITBOX","parent":"MAIN","x":-4.16,"y":-17.86,"scaleX":0.48},{"name":"EF_wave2_5","parent":"root"},{"name":"EF_wave2_4","parent":"root"},{"name":"EF_wave2_3","parent":"root"},{"name":"EF_wave2_2","parent":"root"},{"name":"EF_wave2_1","parent":"root"},{"name":"EF_wave1_4","parent":"root"},{"name":"EF_wave1_3","parent":"root"},{"name":"EF_wave1_2","parent":"root"},{"name":"EF_wave1_1","parent":"root"},{"name":"EF_water_aura1_3","parent":"root","x":250,"y":50},{"name":"EF_water_aura1_2","parent":"root","x":250,"y":50},{"name":"EF_water_aura1_1","parent":"root","x":250,"y":50},{"name":"EF_magic3","parent":"root","scaleX":2,"scaleY":0.25},{"name":"EF_magic4","parent":"EF_magic3"},{"name":"EF_magic1","parent":"root","scaleX":2,"scaleY":0.25},{"name":"EF_magic2","parent":"EF_magic1"},{"name":"EF_dash1_1","parent":"root","x":250},{"name":"EF_aura1_1","parent":"root","x":250,"y":100},{"name":"EF_attack2_1","parent":"root","x":250,"y":150},{"name":"EF_attack1_1","parent":"root","x":-366.55,"y":123.21},{"name":"DAMAGEAREA","parent":"root"},{"name":"BW","parent":"root","y":117.76},{"name":"BW_crystal","parent":"BW","length":56.4,"y":-23.76,"scaleX":1.5,"scaleY":1.5,"rotation":270},{"name":"BW_R_feather","parent":"BW","length":91.1,"x":-44.13,"y":-5.52,"rotation":-115.3},{"name":"BW_L_feather","parent":"BW","length":91.9,"x":40.67,"y":-5.05,"rotation":-63.62}],"slots":[{"name":"BW_L_feather","bone":"BW_L_feather"},{"name":"BW_R_feather","bone":"BW_R_feather"},{"name":"BW_crystal","bone":"BW_crystal"},{"name":"BW_crystal2","bone":"BW_crystal","blend":"additive"},{"name":"BW","bone":"BW"},{"name":"EF_magic1","bone":"EF_magic1","blend":"additive"},{"name":"EF_magic3","bone":"EF_magic3","blend":"additive"},{"name":"EF_magic2","bone":"EF_magic2","blend":"additive"},{"name":"EF_magic4","bone":"EF_magic4","blend":"additive"},{"name":"EF_wave1_1","bone":"EF_wave1_1","blend":"additive"},{"name":"EF_wave1_4","bone":"EF_wave1_4","blend":"additive"},{"name":"EF_wave1_2","bone":"EF_wave1_2","blend":"additive"},{"name":"EF_wave1_3","bone":"EF_wave1_3","blend":"additive"},{"name":"EF_wave2_1","bone":"EF_wave2_1","blend":"additive"},{"name":"EF_wave2_2","bone":"EF_wave2_2","blend":"additive"},{"name":"EF_wave2_3","bone":"EF_wave2_3","blend":"additive"},{"name":"EF_wave2_4","bone":"EF_wave2_4","blend":"additive"},{"name":"EF_wave2_5","bone":"EF_wave2_5","blend":"additive"},{"name":"MAIN","bone":"MAIN","attachment":"idle_00"},{"name":"EF/EF1","bone":"EF_attack1_1","color":"0064ffff","blend":"additive"},{"name":"EF/EF2","bone":"EF_attack1_1","color":"0064ffff","blend":"additive"},{"name":"EF_slash2","bone":"EF_attack2_1","color":"0064ffff","blend":"additive"},{"name":"EF_aura1_1","bone":"EF_aura1_1","blend":"additive"},{"name":"EF_dash1_1","bone":"EF_dash1_1","blend":"additive"},{"name":"EF_water_aura1_1","bone":"EF_water_aura1_1","blend":"additive"},{"name":"EF_water_aura1_2","bone":"EF_water_aura1_2","blend":"additive"},{"name":"EF_water_aura1_3","bone":"EF_water_aura1_3","blend":"additive"},{"name":"DAMAGEAREA","bone":"DAMAGEAREA"},{"name":"HITBOX","bone":"HITBOX","attachment":"HITBOX"}],"skins":{"default":{"BW":{"BW/gold":{"y":-70.61,"scaleX":2,"scaleY":2,"width":128,"height":128}},"BW_L_feather":{"BW/L_feather":{"x":25.98,"y":-58.29,"scaleX":2,"scaleY":2,"rotation":63.41,"width":128,"height":128}},"BW_R_feather":{"BW/R_feather":{"x":25.19,"y":60.71,"scaleX":2,"scaleY":2,"rotation":115.46,"width":128,"height":128}},"BW_crystal":{"BW/ice":{"x":46.84,"scaleX":2,"scaleY":2,"rotation":90,"width":128,"height":128}},"BW_crystal2":{"BW/ice":{"x":46.84,"scaleX":2,"scaleY":2,"rotation":90,"width":128,"height":128}},"DAMAGEAREA":{"DAMAGEAREA":{"type":"boundingbox","vertices":[-64.14742,-63.72212,63.10747,-63.72212,63.92843,65.17475,-64.66742,64.05276]}},"EF/EF1":{"EF/dot/EF1":{"x":125.38,"y":4.6,"scaleX":2,"scaleY":2,"rotation":9.98,"width":194,"height":128}},"EF/EF2":{"EF/dot/EF2":{"x":50.19,"y":-13.07,"scaleX":2,"scaleY":2,"rotation":-7.01,"width":194,"height":128}},"EF_aura1_1":{"EF/ef_aura/670_S2_ene2_00003":{"x":0.88,"y":22.82,"width":250,"height":250},"EF/ef_aura/670_S2_ene2_00004":{"x":0.88,"y":22.82,"width":250,"height":250},"EF/ef_aura/670_S2_ene2_00005":{"x":0.88,"y":22.82,"width":250,"height":250},"EF/ef_aura/670_S2_ene2_00007":{"x":0.88,"y":22.82,"width":250,"height":250},"EF/ef_aura/670_S2_ene2_00008":{"x":0.88,"y":22.82,"width":250,"height":250},"EF/ef_aura/670_S2_ene2_00010":{"x":0.88,"y":22.82,"width":250,"height":250},"EF/ef_aura/670_S2_ene2_00013":{"x":0.88,"y":22.82,"width":250,"height":250},"EF/ef_aura/670_S2_ene2_00014":{"x":0.88,"y":22.82,"width":250,"height":250},"EF/ef_aura/670_S2_ene2_00015":{"x":0.88,"y":22.82,"width":250,"height":250}},"EF_dash1_1":{"EF/ef_dash_main/ef_dash_main_00001":{"y":39.03,"width":160,"height":160},"EF/ef_dash_main/ef_dash_main_00003":{"y":39.03,"width":160,"height":160},"EF/ef_dash_main/ef_dash_main_00005":{"y":39.03,"width":160,"height":160},"EF/ef_dash_main/ef_dash_main_00007":{"y":39.03,"width":160,"height":160},"EF/ef_dash_main/ef_dash_main_00009":{"y":39.03,"width":160,"height":160},"EF/ef_dash_main/ef_dash_main_00011":{"y":39.03,"width":160,"height":160}},"EF_magic1":{"EF/5100_S2_magic1b":{"type":"mesh","uvs":[1,1,0,1,0,0,1,0],"triangles":[1,2,3,1,3,0],"vertices":[91,-91,-91,-91,-91,91,91,91],"hull":4}},"EF_magic2":{"EF/magic_2water":{"type":"mesh","uvs":[1,1,0,1,0,0,1,0],"triangles":[1,2,3,1,3,0],"vertices":[75,-75,-75,-75,-75,75,75,75],"hull":4}},"EF_magic3":{"EF/5100_S2_magic1b":{"type":"mesh","uvs":[1,1,0,1,0,0,1,0],"triangles":[1,2,3,1,3,0],"vertices":[91,-91,-91,-91,-91,91,91,91],"hull":4}},"EF_magic4":{"EF/magic_2water":{"type":"mesh","uvs":[1,1,0,1,0,0,1,0],"triangles":[1,2,3,1,3,0],"vertices":[75,-75,-75,-75,-75,75,75,75],"hull":4}},"EF_slash2":{"EF/dot/sp_ef_1":{"x":130.29,"y":1.87,"width":300,"height":160},"EF/dot/sp_ef_2":{"x":130.29,"y":1.87,"width":300,"height":160},"EF/dot/sp_ef_3":{"x":130.29,"y":1.87,"width":300,"height":160}},"EF_water_aura1_1":{"EF/ef_water_aura_main/ef_water_aura_main_00002":{"x":34.58,"y":32.69,"rotation":0.27,"width":240,"height":240},"EF/ef_water_aura_main/ef_water_aura_main_00003":{"x":34.58,"y":32.69,"rotation":0.27,"width":240,"height":240},"EF/ef_water_aura_main/ef_water_aura_main_00004":{"x":34.58,"y":32.69,"rotation":0.27,"width":240,"height":240},"EF/ef_water_aura_main/ef_water_aura_main_00005":{"x":34.58,"y":32.69,"rotation":0.27,"width":240,"height":240},"EF/ef_water_aura_main/ef_water_aura_main_00006":{"x":34.58,"y":32.69,"rotation":0.27,"width":240,"height":240},"EF/ef_water_aura_main/ef_water_aura_main_00007":{"x":34.58,"y":32.69,"rotation":0.27,"width":240,"height":240},"EF/ef_water_aura_main/ef_water_aura_main_00008":{"x":34.58,"y":32.69,"rotation":0.27,"width":240,"height":240},"EF/ef_water_aura_main/ef_water_aura_main_00009":{"x":34.58,"y":32.69,"rotation":0.27,"width":240,"height":240},"EF/ef_water_aura_main/ef_water_aura_main_00010":{"x":34.58,"y":32.69,"rotation":0.27,"width":240,"height":240},"EF/ef_water_aura_main/ef_water_aura_main_00011":{"x":34.58,"y":32.69,"rotation":0.27,"width":240,"height":240}},"EF_water_aura1_2":{"EF/ef_water_aura_main/ef_water_aura_main_00002":{"x":34.58,"y":32.69,"rotation":0.27,"width":240,"height":240},"EF/ef_water_aura_main/ef_water_aura_main_00003":{"x":34.58,"y":32.69,"rotation":0.27,"width":240,"height":240},"EF/ef_water_aura_main/ef_water_aura_main_00004":{"x":34.58,"y":32.69,"rotation":0.27,"width":240,"height":240},"EF/ef_water_aura_main/ef_water_aura_main_00005":{"x":34.58,"y":32.69,"rotation":0.27,"width":240,"height":240},"EF/ef_water_aura_main/ef_water_aura_main_00006":{"x":34.58,"y":32.69,"rotation":0.27,"width":240,"height":240},"EF/ef_water_aura_main/ef_water_aura_main_00007":{"x":34.58,"y":32.69,"rotation":0.27,"width":240,"height":240},"EF/ef_water_aura_main/ef_water_aura_main_00008":{"x":34.58,"y":32.69,"rotation":0.27,"width":240,"height":240},"EF/ef_water_aura_main/ef_water_aura_main_00009":{"x":34.58,"y":32.69,"rotation":0.27,"width":240,"height":240},"EF/ef_water_aura_main/ef_water_aura_main_00010":{"x":34.58,"y":32.69,"rotation":0.27,"width":240,"height":240},"EF/ef_water_aura_main/ef_water_aura_main_00011":{"x":34.58,"y":32.69,"rotation":0.27,"width":240,"height":240}},"EF_water_aura1_3":{"EF/ef_water_aura_main/ef_water_aura_main_00002":{"x":34.58,"y":32.69,"rotation":0.27,"width":240,"height":240},"EF/ef_water_aura_main/ef_water_aura_main_00003":{"x":34.58,"y":32.69,"rotation":0.27,"width":240,"height":240},"EF/ef_water_aura_main/ef_water_aura_main_00004":{"x":34.58,"y":32.69,"rotation":0.27,"width":240,"height":240},"EF/ef_water_aura_main/ef_water_aura_main_00005":{"x":34.58,"y":32.69,"rotation":0.27,"width":240,"height":240},"EF/ef_water_aura_main/ef_water_aura_main_00006":{"x":34.58,"y":32.69,"rotation":0.27,"width":240,"height":240},"EF/ef_water_aura_main/ef_water_aura_main_00007":{"x":34.58,"y":32.69,"rotation":0.27,"width":240,"height":240},"EF/ef_water_aura_main/ef_water_aura_main_00008":{"x":34.58,"y":32.69,"rotation":0.27,"width":240,"height":240},"EF/ef_water_aura_main/ef_water_aura_main_00009":{"x":34.58,"y":32.69,"rotation":0.27,"width":240,"height":240},"EF/ef_water_aura_main/ef_water_aura_main_00010":{"x":34.58,"y":32.69,"rotation":0.27,"width":240,"height":240},"EF/ef_water_aura_main/ef_water_aura_main_00011":{"x":34.58,"y":32.69,"rotation":0.27,"width":240,"height":240}},"EF_wave1_1":{"EF/ef_graund_wave_main/ef_graund_wave_main_00001":{"y":9.62,"width":200,"height":120},"EF/ef_graund_wave_main/ef_graund_wave_main_00003":{"y":9.62,"width":200,"height":120},"EF/ef_graund_wave_main/ef_graund_wave_main_00005":{"y":9.62,"width":200,"height":120},"EF/ef_graund_wave_main/ef_graund_wave_main_00007":{"y":9.62,"width":200,"height":120},"EF/ef_graund_wave_main/ef_graund_wave_main_00009":{"y":9.62,"width":200,"height":120},"EF/ef_graund_wave_main/ef_graund_wave_main_00011":{"y":9.62,"width":200,"height":120}},"EF_wave1_2":{"EF/ef_graund_wave_main/ef_graund_wave_main_00001":{"y":9.62,"width":200,"height":120},"EF/ef_graund_wave_main/ef_graund_wave_main_00003":{"y":9.62,"width":200,"height":120},"EF/ef_graund_wave_main/ef_graund_wave_main_00005":{"y":9.62,"width":200,"height":120},"EF/ef_graund_wave_main/ef_graund_wave_main_00007":{"y":9.62,"width":200,"height":120},"EF/ef_graund_wave_main/ef_graund_wave_main_00009":{"y":9.62,"width":200,"height":120},"EF/ef_graund_wave_main/ef_graund_wave_main_00011":{"y":9.62,"width":200,"height":120}},"EF_wave1_3":{"EF/ef_graund_wave_main/ef_graund_wave_main_00001":{"y":9.62,"width":200,"height":120},"EF/ef_graund_wave_main/ef_graund_wave_main_00003":{"y":9.62,"width":200,"height":120},"EF/ef_graund_wave_main/ef_graund_wave_main_00005":{"y":9.62,"width":200,"height":120},"EF/ef_graund_wave_main/ef_graund_wave_main_00007":{"y":9.62,"width":200,"height":120},"EF/ef_graund_wave_main/ef_graund_wave_main_00009":{"y":9.62,"width":200,"height":120},"EF/ef_graund_wave_main/ef_graund_wave_main_00011":{"y":9.62,"width":200,"height":120}},"EF_wave1_4":{"EF/ef_graund_wave_main/ef_graund_wave_main_00001":{"y":9.62,"width":200,"height":120},"EF/ef_graund_wave_main/ef_graund_wave_main_00003":{"y":9.62,"width":200,"height":120},"EF/ef_graund_wave_main/ef_graund_wave_main_00005":{"y":9.62,"width":200,"height":120},"EF/ef_graund_wave_main/ef_graund_wave_main_00007":{"y":9.62,"width":200,"height":120},"EF/ef_graund_wave_main/ef_graund_wave_main_00009":{"y":9.62,"width":200,"height":120},"EF/ef_graund_wave_main/ef_graund_wave_main_00011":{"y":9.62,"width":200,"height":120}},"EF_wave2_1":{"EF/ef_wave_main/ef_wave_main_00002":{"width":240,"height":120},"EF/ef_wave_main/ef_wave_main_00004":{"width":240,"height":120},"EF/ef_wave_main/ef_wave_main_00006":{"width":240,"height":120},"EF/ef_wave_main/ef_wave_main_00008":{"width":240,"height":120},"EF/ef_wave_main/ef_wave_main_00010":{"width":240,"height":120},"EF/ef_wave_main/ef_wave_main_00012":{"width":240,"height":120},"EF/ef_wave_main/ef_wave_main_00014":{"width":240,"height":120}},"EF_wave2_2":{"EF/ef_wave_main/ef_wave_main_00002":{"width":240,"height":120},"EF/ef_wave_main/ef_wave_main_00004":{"width":240,"height":120},"EF/ef_wave_main/ef_wave_main_00006":{"width":240,"height":120},"EF/ef_wave_main/ef_wave_main_00008":{"width":240,"height":120},"EF/ef_wave_main/ef_wave_main_00010":{"width":240,"height":120},"EF/ef_wave_main/ef_wave_main_00012":{"width":240,"height":120},"EF/ef_wave_main/ef_wave_main_00014":{"width":240,"height":120}},"EF_wave2_3":{"EF/ef_wave_main/ef_wave_main_00002":{"width":240,"height":120},"EF/ef_wave_main/ef_wave_main_00004":{"width":240,"height":120},"EF/ef_wave_main/ef_wave_main_00006":{"width":240,"height":120},"EF/ef_wave_main/ef_wave_main_00008":{"width":240,"height":120},"EF/ef_wave_main/ef_wave_main_00010":{"width":240,"height":120},"EF/ef_wave_main/ef_wave_main_00012":{"width":240,"height":120},"EF/ef_wave_main/ef_wave_main_00014":{"width":240,"height":120}},"EF_wave2_4":{"EF/ef_wave_main/ef_wave_main_00002":{"width":240,"height":120},"EF/ef_wave_main/ef_wave_main_00004":{"width":240,"height":120},"EF/ef_wave_main/ef_wave_main_00006":{"width":240,"height":120},"EF/ef_wave_main/ef_wave_main_00008":{"width":240,"height":120},"EF/ef_wave_main/ef_wave_main_00010":{"width":240,"height":120},"EF/ef_wave_main/ef_wave_main_00012":{"width":240,"height":120},"EF/ef_wave_main/ef_wave_main_00014":{"width":240,"height":120}},"EF_wave2_5":{"EF/ef_wave_main/ef_wave_main_00002":{"width":240,"height":120},"EF/ef_wave_main/ef_wave_main_00004":{"width":240,"height":120},"EF/ef_wave_main/ef_wave_main_00006":{"width":240,"height":120},"EF/ef_wave_main/ef_wave_main_00008":{"width":240,"height":120},"EF/ef_wave_main/ef_wave_main_00010":{"width":240,"height":120},"EF/ef_wave_main/ef_wave_main_00012":{"width":240,"height":120},"EF/ef_wave_main/ef_wave_main_00014":{"width":240,"height":120}},"HITBOX":{"HITBOX":{"type":"boundingbox","vertices":[-64.93921,-63.56626,62.98068,-63.56626,62.98068,63.83362,-63.89921,64.87362]}},"MAIN":{"attack1_00":{"x":-18.63,"y":-10.87,"scaleX":2,"scaleY":2,"width":256,"height":256},"attack1_01":{"x":-18.63,"y":-10.87,"scaleX":2,"scaleY":2,"width":256,"height":256},"attack1_02":{"x":-18.63,"y":-10.87,"scaleX":2,"scaleY":2,"width":256,"height":256},"attack1_03":{"x":-18.63,"y":-10.87,"scaleX":2,"scaleY":2,"width":256,"height":256},"attack1_04":{"x":-18.63,"y":-10.87,"scaleX":2,"scaleY":2,"width":256,"height":256},"attack1_05":{"x":-18.63,"y":-10.87,"scaleX":2,"scaleY":2,"width":256,"height":256},"back_00":{"x":-18.63,"y":-10.87,"scaleX":2,"scaleY":2,"width":256,"height":256},"damage_00":{"x":-18.63,"y":-10.87,"scaleX":2,"scaleY":2,"width":256,"height":256},"front_00":{"x":-18.63,"y":-10.87,"scaleX":2,"scaleY":2,"width":256,"height":256},"idle_00":{"x":-18.63,"y":-10.87,"scaleX":2,"scaleY":2,"width":256,"height":256},"idle_01":{"x":-18.63,"y":-10.87,"scaleX":2,"scaleY":2,"width":256,"height":256},"idle_02":{"x":-18.63,"y":-10.87,"scaleX":2,"scaleY":2,"width":256,"height":256},"idle_03":{"x":-18.63,"y":-10.87,"scaleX":2,"scaleY":2,"width":256,"height":256},"skill1_00":{"x":-18.63,"y":-10.87,"scaleX":2,"scaleY":2,"width":256,"height":256},"skill1_01":{"x":-18.63,"y":-10.87,"scaleX":2,"scaleY":2,"width":256,"height":256},"skill1_02":{"x":-2.8,"y":-10.87,"scaleX":2,"scaleY":2,"width":256,"height":256},"skill1_03":{"x":-18.63,"y":-10.87,"scaleX":2,"scaleY":2,"width":256,"height":256},"skill1_04":{"x":-18.63,"y":-10.87,"scaleX":2,"scaleY":2,"width":256,"height":256},"skill1_05":{"x":-18.63,"y":-10.87,"scaleX":2,"scaleY":2,"width":256,"height":256},"skill1_06":{"x":-18.63,"y":-10.87,"scaleX":2,"scaleY":2,"width":256,"height":256},"skill1_07":{"x":-18.63,"y":-10.87,"scaleX":2,"scaleY":2,"width":256,"height":256},"skill1_08":{"x":-18.63,"y":-10.87,"scaleX":2,"scaleY":2,"width":256,"height":256},"skill2_00":{"x":-18.63,"y":-10.87,"scaleX":2,"scaleY":2,"width":256,"height":256},"skill2_01":{"x":-18.63,"y":-10.87,"scaleX":2,"scaleY":2,"width":256,"height":256},"skill2_02":{"x":-18.63,"y":-10.87,"scaleX":2,"scaleY":2,"width":256,"height":256},"skill2_03":{"x":-18.63,"y":-10.87,"scaleX":2,"scaleY":2,"width":256,"height":256},"skill2_04":{"x":-18.63,"y":-10.87,"scaleX":2,"scaleY":2,"width":256,"height":256},"skill2_05":{"x":-18.63,"y":-10.87,"scaleX":2,"scaleY":2,"width":256,"height":256},"skill2_06":{"x":-18.63,"y":-10.87,"scaleX":2,"scaleY":2,"width":256,"height":256},"skill2_07":{"x":-18.63,"y":-10.87,"scaleX":2,"scaleY":2,"width":256,"height":256},"skill2_08":{"x":-18.63,"y":-10.87,"scaleX":2,"scaleY":2,"width":256,"height":256}}}},"events":{"Event":{},"Hit":{},"Sound1":{},"Sound2":{},"Sound3":{},"Voice":{}},"animations":{"attack1":{"slots":{"DAMAGEAREA":{"attachment":[{"time":0.2,"name":"DAMAGEAREA"},{"time":0.3333,"name":null},{"time":0.7,"name":"DAMAGEAREA"},{"time":0.8666,"name":null}]},"EF/EF1":{"attachment":[{"time":0.2,"name":"EF/dot/EF1"},{"time":0.2666,"name":null}]},"EF/EF2":{"attachment":[{"time":0.7,"name":"EF/dot/EF2"},{"time":0.7333,"name":null}]},"EF_slash2":{"attachment":[{"time":0.7,"name":"EF/dot/sp_ef_1"},{"time":0.7333,"name":"EF/dot/sp_ef_2"},{"time":0.7666,"name":"EF/dot/sp_ef_3"},{"time":0.8,"name":null}]},"MAIN":{"attachment":[{"time":0,"name":"idle_00"},{"time":0.0333,"name":"attack1_00"},{"time":0.2,"name":"attack1_01"},{"time":0.2333,"name":"attack1_02"},{"time":0.3,"name":"attack1_01"},{"time":0.4666,"name":"back_00"},{"time":0.5666,"name":"attack1_03"},{"time":0.6666,"name":"skill1_08"},{"time":0.7,"name":"attack1_04"},{"time":0.7333,"name":"attack1_05"},{"time":0.7666,"name":"attack1_04"},{"time":1.0333,"name":"back_00"},{"time":1.2333,"name":"idle_01"},{"time":1.3333,"name":"idle_00"}]}},"bones":{"MAIN":{"rotate":[{"time":0,"angle":0,"curve":"stepped"},{"time":0.2,"angle":5.47,"curve":"stepped"},{"time":0.4666,"angle":0}],"translate":[{"time":0,"x":0,"y":0,"curve":"stepped"},{"time":0.0333,"x":18.75,"y":0,"curve":[0.179,0.42,0.75,1]},{"time":0.1666,"x":22.64,"y":0,"curve":"stepped"},{"time":0.2,"x":-46.96,"y":-10.23,"curve":"stepped"},{"time":0.4666,"x":-34.07,"y":-6.97,"curve":"stepped"},{"time":0.5666,"x":-69.34,"y":-2.4,"curve":"stepped"},{"time":0.7,"x":-230.46,"y":-5.47,"curve":"stepped"},{"time":0.7333,"x":-239.5,"y":-5.47,"curve":"stepped"},{"time":0.7666,"x":-230.46,"y":-5.47,"curve":"stepped"},{"time":1.0333,"x":-132.78,"y":0.52},{"time":1.1333,"x":-61.65,"y":6.78},{"time":1.2333,"x":-23.99,"y":0},{"time":1.3333,"x":0,"y":0}]},"EF_attack1_1":{"translate":[{"time":0.2,"x":147.89,"y":-30.59,"curve":"stepped"},{"time":0.2333,"x":128.29,"y":-30.59,"curve":"stepped"},{"time":0.7,"x":68.25,"y":-30.59}],"scale":[{"time":0.2,"x":1.475,"y":1.475}]},"EF_attack2_1":{"translate":[{"time":0.7,"x":-544.64,"y":-58.03}],"scale":[{"time":0.7,"x":0.863,"y":2.476},{"time":0.7333,"x":0.863,"y":2.604}]},"DAMAGEAREA":{"translate":[{"time":0.2,"x":-131.14,"y":63.9,"curve":"stepped"},{"time":0.7,"x":-211.53,"y":63.9}],"scale":[{"time":0.2,"x":2.499,"y":1}]}},"events":[{"time":0,"name":"Event","float":0.15,"string":"kHitStopType_normal"},{"time":0.1666,"name":"Sound1","string":"cri_se_battle_sword_swish_heavy"},{"time":0.1666,"name":"Sound2","string":"setHitSound(se_battle_026_stab)"},{"time":0.1666,"name":"Voice","string":"cri_166_voice_attack_random"},{"time":0.6666,"name":"Sound1","string":"cri_se_battle_sword_swish_heavy"},{"time":0.6666,"name":"Sound2","string":"setHitSound(se_battle_hands_hit)"},{"time":0.6666,"name":"Voice","string":"cri_166_voice_attack_c"},{"time":0.7,"name":"Hit","string":"resetHitList"}]},"back":{"slots":{"MAIN":{"attachment":[{"time":0,"name":"idle_00"},{"time":0.0333,"name":"skill1_08"},{"time":0.0666,"name":"back_00"},{"time":0.4,"name":"idle_01"},{"time":0.6666,"name":"idle_00"}]}},"bones":{"MAIN":{"translate":[{"time":0,"x":0,"y":0.52,"curve":[0.123,0.47,0.75,1]},{"time":0.1666,"x":102.49,"y":0.73},{"time":0.4,"x":124,"y":0},{"time":0.6666,"x":140,"y":0}]}},"events":[{"time":0,"name":"Sound2","string":"cri_se_battle_jump"},{"time":0.4,"name":"Sound2","string":"cri_se_battle_landing"}]},"cast":{"slots":{"MAIN":{"attachment":[{"time":0,"name":"idle_00"},{"time":0.0333,"name":"attack1_00"},{"time":0.5,"name":"attack1_01"},{"time":0.5333,"name":"attack1_02"},{"time":0.6,"name":"attack1_01"},{"time":0.7666,"name":"back_00"},{"time":0.9333,"name":"idle_03"},{"time":1,"name":"idle_00"}]}},"bones":{"MAIN":{"rotate":[{"time":0,"angle":0,"curve":"stepped"},{"time":0.5,"angle":5.47,"curve":"stepped"},{"time":0.7666,"angle":0}],"translate":[{"time":0,"x":0,"y":0,"curve":"stepped"},{"time":0.0333,"x":18.75,"y":0,"curve":[0.179,0.42,0.75,1]},{"time":0.1666,"x":10.57,"y":0,"curve":"stepped"},{"time":0.5,"x":-18,"y":-10.23,"curve":"stepped"},{"time":0.7666,"x":-8.72,"y":-6.97,"curve":"stepped"},{"time":0.9333,"x":-3.89,"y":-6.97,"curve":"stepped"},{"time":1,"x":0,"y":0}]}},"events":[{"time":0.5,"name":"Voice","string":"cri_166_voice_item"}]},"damage":{"slots":{"MAIN":{"attachment":[{"time":0,"name":"damage_00"}]}},"bones":{"MAIN":{"rotate":[{"time":0,"angle":22.21}]}}},"front":{"slots":{"MAIN":{"attachment":[{"time":0,"name":"front_00"}]}}},"idle":{"slots":{"MAIN":{"attachment":[{"time":0,"name":"idle_00"},{"time":0.2,"name":"idle_01"},{"time":0.4333,"name":"idle_02"},{"time":0.6333,"name":"idle_03"},{"time":0.8333,"name":"idle_00"}]}},"bones":{"MAIN":{"translate":[{"time":0,"x":0,"y":0,"curve":"stepped"},{"time":0.2,"x":0,"y":-2.06,"curve":"stepped"},{"time":0.4333,"x":0,"y":-0.34,"curve":"stepped"},{"time":0.6333,"x":0,"y":1.37,"curve":"stepped"},{"time":0.8333,"x":0,"y":0}]}}},"skill1":{"slots":{"DAMAGEAREA":{"attachment":[{"time":0.2333,"name":"DAMAGEAREA"},{"time":0.3,"name":null},{"time":0.4666,"name":"DAMAGEAREA"},{"time":0.5333,"name":null},{"time":0.7333,"name":"DAMAGEAREA"},{"time":0.9,"name":null}]},"EF_aura1_1":{"attachment":[{"time":0,"name":"EF/ef_aura/670_S2_ene2_00003"},{"time":0.0666,"name":"EF/ef_aura/670_S2_ene2_00004"},{"time":0.1333,"name":"EF/ef_aura/670_S2_ene2_00005"},{"time":0.2,"name":"EF/ef_aura/670_S2_ene2_00007"},{"time":0.2666,"name":"EF/ef_aura/670_S2_ene2_00008"},{"time":0.3333,"name":"EF/ef_aura/670_S2_ene2_00010"},{"time":0.4,"name":"EF/ef_aura/670_S2_ene2_00013"},{"time":0.4666,"name":"EF/ef_aura/670_S2_ene2_00014"},{"time":0.5333,"name":"EF/ef_aura/670_S2_ene2_00015"},{"time":0.6,"name":"EF/ef_aura/670_S2_ene2_00003"},{"time":0.6666,"name":"EF/ef_aura/670_S2_ene2_00004"},{"time":0.7333,"name":"EF/ef_aura/670_S2_ene2_00005"},{"time":0.8,"name":"EF/ef_aura/670_S2_ene2_00007"},{"time":0.8666,"name":"EF/ef_aura/670_S2_ene2_00008"},{"time":0.9333,"name":null}],"color":[{"time":0.8,"color":"ffffffff"},{"time":0.9333,"color":"ffffff00"}]},"EF_dash1_1":{"attachment":[{"time":0.2333,"name":"EF/ef_dash_main/ef_dash_main_00001"},{"time":0.2666,"name":"EF/ef_dash_main/ef_dash_main_00003"},{"time":0.3,"name":"EF/ef_dash_main/ef_dash_main_00005"},{"time":0.3333,"name":"EF/ef_dash_main/ef_dash_main_00007"},{"time":0.3666,"name":"EF/ef_dash_main/ef_dash_main_00009"},{"time":0.4,"name":"EF/ef_dash_main/ef_dash_main_00011"},{"time":0.4333,"name":null}],"color":[{"time":0.3333,"color":"ffffffff"},{"time":0.4333,"color":"ffffff00"}]},"EF_water_aura1_1":{"attachment":[{"time":0.2333,"name":"EF/ef_water_aura_main/ef_water_aura_main_00002"},{"time":0.2666,"name":"EF/ef_water_aura_main/ef_water_aura_main_00004"},{"time":0.3,"name":"EF/ef_water_aura_main/ef_water_aura_main_00006"},{"time":0.3333,"name":"EF/ef_water_aura_main/ef_water_aura_main_00008"},{"time":0.3666,"name":"EF/ef_water_aura_main/ef_water_aura_main_00010"},{"time":0.4,"name":null}]},"EF_water_aura1_2":{"attachment":[{"time":0.4,"name":"EF/ef_water_aura_main/ef_water_aura_main_00002"},{"time":0.4333,"name":"EF/ef_water_aura_main/ef_water_aura_main_00004"},{"time":0.4666,"name":"EF/ef_water_aura_main/ef_water_aura_main_00006"},{"time":0.5,"name":"EF/ef_water_aura_main/ef_water_aura_main_00007"},{"time":0.5333,"name":"EF/ef_water_aura_main/ef_water_aura_main_00008"},{"time":0.5666,"name":"EF/ef_water_aura_main/ef_water_aura_main_00009"},{"time":0.6,"name":"EF/ef_water_aura_main/ef_water_aura_main_00010"},{"time":0.6333,"name":"EF/ef_water_aura_main/ef_water_aura_main_00011"},{"time":0.6666,"name":null}],"color":[{"time":0.5333,"color":"ffffffff"},{"time":0.6666,"color":"ffffff00"}]},"EF_water_aura1_3":{"attachment":[{"time":0.7333,"name":"EF/ef_water_aura_main/ef_water_aura_main_00002"},{"time":0.7666,"name":"EF/ef_water_aura_main/ef_water_aura_main_00003"},{"time":0.8,"name":"EF/ef_water_aura_main/ef_water_aura_main_00004"},{"time":0.8333,"name":"EF/ef_water_aura_main/ef_water_aura_main_00005"},{"time":0.8666,"name":"EF/ef_water_aura_main/ef_water_aura_main_00006"},{"time":0.9,"name":"EF/ef_water_aura_main/ef_water_aura_main_00007"},{"time":0.9333,"name":"EF/ef_water_aura_main/ef_water_aura_main_00008"},{"time":0.9666,"name":"EF/ef_water_aura_main/ef_water_aura_main_00009"},{"time":1,"name":"EF/ef_water_aura_main/ef_water_aura_main_00010"},{"time":1.0333,"name":"EF/ef_water_aura_main/ef_water_aura_main_00011"},{"time":1.0666,"name":null}],"color":[{"time":0.9333,"color":"ffffffff"},{"time":1.0666,"color":"ffffff00"}]},"EF_wave1_1":{"attachment":[{"time":0.0666,"name":"EF/ef_graund_wave_main/ef_graund_wave_main_00001"},{"time":0.1,"name":"EF/ef_graund_wave_main/ef_graund_wave_main_00003"},{"time":0.1333,"name":"EF/ef_graund_wave_main/ef_graund_wave_main_00005"},{"time":0.1666,"name":"EF/ef_graund_wave_main/ef_graund_wave_main_00007"},{"time":0.2,"name":"EF/ef_graund_wave_main/ef_graund_wave_main_00009"},{"time":0.2333,"name":"EF/ef_graund_wave_main/ef_graund_wave_main_00011"},{"time":0.2666,"name":null},{"time":0.5,"name":"EF/ef_graund_wave_main/ef_graund_wave_main_00001"},{"time":0.5333,"name":"EF/ef_graund_wave_main/ef_graund_wave_main_00003"},{"time":0.5666,"name":"EF/ef_graund_wave_main/ef_graund_wave_main_00005"},{"time":0.6,"name":"EF/ef_graund_wave_main/ef_graund_wave_main_00007"},{"time":0.6333,"name":"EF/ef_graund_wave_main/ef_graund_wave_main_00009"},{"time":0.6666,"name":"EF/ef_graund_wave_main/ef_graund_wave_main_00011"},{"time":0.7,"name":null}]},"EF_wave1_2":{"attachment":[{"time":0.2,"name":"EF/ef_graund_wave_main/ef_graund_wave_main_00001"},{"time":0.2333,"name":"EF/ef_graund_wave_main/ef_graund_wave_main_00003"},{"time":0.2666,"name":"EF/ef_graund_wave_main/ef_graund_wave_main_00005"},{"time":0.3,"name":"EF/ef_graund_wave_main/ef_graund_wave_main_00007"},{"time":0.3333,"name":"EF/ef_graund_wave_main/ef_graund_wave_main_00009"},{"time":0.3666,"name":"EF/ef_graund_wave_main/ef_graund_wave_main_00011"},{"time":0.4,"name":null},{"time":0.6333,"name":"EF/ef_graund_wave_main/ef_graund_wave_main_00001"},{"time":0.6666,"name":"EF/ef_graund_wave_main/ef_graund_wave_main_00003"},{"time":0.7,"name":"EF/ef_graund_wave_main/ef_graund_wave_main_00005"},{"time":0.7333,"name":"EF/ef_graund_wave_main/ef_graund_wave_main_00007"},{"time":0.7666,"name":"EF/ef_graund_wave_main/ef_graund_wave_main_00009"},{"time":0.8,"name":"EF/ef_graund_wave_main/ef_graund_wave_main_00011"},{"time":0.8333,"name":null}]},"EF_wave1_3":{"attachment":[{"time":0.3,"name":"EF/ef_graund_wave_main/ef_graund_wave_main_00001"},{"time":0.3333,"name":"EF/ef_graund_wave_main/ef_graund_wave_main_00003"},{"time":0.3666,"name":"EF/ef_graund_wave_main/ef_graund_wave_main_00005"},{"time":0.4,"name":"EF/ef_graund_wave_main/ef_graund_wave_main_00007"},{"time":0.4333,"name":"EF/ef_graund_wave_main/ef_graund_wave_main_00009"},{"time":0.4666,"name":"EF/ef_graund_wave_main/ef_graund_wave_main_00011"},{"time":0.5,"name":null},{"time":0.7333,"name":"EF/ef_graund_wave_main/ef_graund_wave_main_00001"},{"time":0.7666,"name":"EF/ef_graund_wave_main/ef_graund_wave_main_00003"},{"time":0.8,"name":"EF/ef_graund_wave_main/ef_graund_wave_main_00005"},{"time":0.8333,"name":"EF/ef_graund_wave_main/ef_graund_wave_main_00007"},{"time":0.8666,"name":"EF/ef_graund_wave_main/ef_graund_wave_main_00009"},{"time":0.9,"name":"EF/ef_graund_wave_main/ef_graund_wave_main_00011"},{"time":0.9333,"name":null}]},"EF_wave1_4":{"attachment":[{"time":0.4333,"name":"EF/ef_graund_wave_main/ef_graund_wave_main_00001"},{"time":0.4666,"name":"EF/ef_graund_wave_main/ef_graund_wave_main_00003"},{"time":0.5,"name":"EF/ef_graund_wave_main/ef_graund_wave_main_00005"},{"time":0.5333,"name":"EF/ef_graund_wave_main/ef_graund_wave_main_00007"},{"time":0.5666,"name":"EF/ef_graund_wave_main/ef_graund_wave_main_00009"},{"time":0.6,"name":"EF/ef_graund_wave_main/ef_graund_wave_main_00011"},{"time":0.6333,"name":null},{"time":0.7666,"name":"EF/ef_graund_wave_main/ef_graund_wave_main_00001"},{"time":0.8,"name":"EF/ef_graund_wave_main/ef_graund_wave_main_00003"},{"time":0.8333,"name":"EF/ef_graund_wave_main/ef_graund_wave_main_00005"},{"time":0.8666,"name":"EF/ef_graund_wave_main/ef_graund_wave_main_00007"},{"time":0.9,"name":"EF/ef_graund_wave_main/ef_graund_wave_main_00009"},{"time":0.9333,"name":"EF/ef_graund_wave_main/ef_graund_wave_main_00011"},{"time":0.9666,"name":null}]},"MAIN":{"attachment":[{"time":0,"name":"idle_00"},{"time":0.0333,"name":"skill1_00"},{"time":0.1666,"name":"skill1_01"},{"time":0.2,"name":"skill1_02"},{"time":0.2333,"name":"skill1_03"},{"time":0.3,"name":"skill1_04"},{"time":0.3666,"name":"skill1_05"},{"time":0.4333,"name":"skill1_06"},{"time":0.4666,"name":"skill1_07"},{"time":0.5333,"name":"skill1_06"},{"time":0.5666,"name":"skill1_07"},{"time":0.6,"name":"attack1_05"},{"time":0.6333,"name":"skill2_00"},{"time":0.7,"name":"skill2_01"},{"time":0.7333,"name":"skill2_02"},{"time":0.7666,"name":"skill2_03"},{"time":0.8,"name":"skill2_04"},{"time":0.8666,"name":"skill2_05"},{"time":0.9333,"name":"skill2_06"},{"time":1.0666,"name":"skill1_08"},{"time":1.1666,"name":"idle_00"}]}},"bones":{"MAIN":{"translate":[{"time":0,"x":0,"y":0,"curve":"stepped"},{"time":0.1666,"x":40.1,"y":-10.02,"curve":"stepped"},{"time":0.2,"x":-22.83,"y":-5.01,"curve":"stepped"},{"time":0.2333,"x":-67.39,"y":0,"curve":"stepped"},{"time":0.3,"x":-129.22,"y":0,"curve":"stepped"},{"time":0.3666,"x":-186.88,"y":0,"curve":"stepped"},{"time":0.4333,"x":-246.7,"y":-12.74,"curve":"stepped"},{"time":0.4666,"x":-268.27,"y":-12.74,"curve":"stepped"},{"time":0.5333,"x":-261.08,"y":-12.74,"curve":"stepped"},{"time":0.6333,"x":-240.81,"y":-12.74,"curve":"stepped"},{"time":0.7333,"x":-298.39,"y":-12.74,"curve":"stepped"},{"time":0.8,"x":-316.07,"y":12.53,"curve":"stepped"},{"time":0.9333,"x":-265.99,"y":-1.94,"curve":"stepped"},{"time":1.0666,"x":-190.72,"y":3.86,"curve":"stepped"},{"time":1.1666,"x":-168.32,"y":0}]},"EF_wave1_1":{"translate":[{"time":0.0666,"x":0,"y":0,"curve":"stepped"},{"time":0.5,"x":-253.45,"y":0}],"scale":[{"time":0.0666,"x":2,"y":2},{"time":0.2666,"x":2.5,"y":2.5,"curve":"stepped"},{"time":0.5,"x":2,"y":2},{"time":0.7,"x":2.5,"y":2.5}]},"EF_wave1_2":{"translate":[{"time":0.2,"x":-42.56,"y":0,"curve":"stepped"},{"time":0.6333,"x":-238.47,"y":0}],"scale":[{"time":0.2,"x":2,"y":2},{"time":0.4,"x":2.5,"y":2.5,"curve":"stepped"},{"time":0.6333,"x":2,"y":2},{"time":0.8333,"x":2.5,"y":2.5}]},"EF_wave1_3":{"translate":[{"time":0.3,"x":-141.42,"y":0,"curve":"stepped"},{"time":0.7333,"x":-276.96,"y":0}],"scale":[{"time":0.3,"x":2,"y":2},{"time":0.5,"x":2.5,"y":2.5,"curve":"stepped"},{"time":0.7333,"x":2,"y":2},{"time":0.9333,"x":2.5,"y":2.5}]},"EF_wave1_4":{"translate":[{"time":0.4333,"x":-253.45,"y":0,"curve":"stepped"},{"time":0.7666,"x":-300.71,"y":0}],"scale":[{"time":0.4333,"x":2,"y":2},{"time":0.6333,"x":2.5,"y":2.5,"curve":"stepped"},{"time":0.7666,"x":2,"y":2},{"time":0.9666,"x":2.5,"y":2.5}]},"EF_aura1_1":{"rotate":[{"time":0,"angle":84.81,"curve":"stepped"},{"time":0.0333,"angle":30.26,"curve":"stepped"},{"time":0.1666,"angle":157.18,"curve":"stepped"},{"time":0.2,"angle":-112.39,"curve":"stepped"},{"time":0.2333,"angle":74.87,"curve":"stepped"},{"time":0.3,"angle":124.05,"curve":"stepped"},{"time":0.3666,"angle":-39.19,"curve":"stepped"},{"time":0.4333,"angle":130.19,"curve":"stepped"},{"time":0.6,"angle":-133.03,"curve":"stepped"},{"time":0.6333,"angle":39.79,"curve":"stepped"},{"time":0.7333,"angle":-97.02,"curve":"stepped"},{"time":0.7666,"angle":-163.63,"curve":"stepped"},{"time":0.8,"angle":26.42}],"translate":[{"time":0,"x":-232.67,"y":-7.13,"curve":"stepped"},{"time":0.0333,"x":-280.99,"y":5.97,"curve":"stepped"},{"time":0.1666,"x":-172.89,"y":-19.41,"curve":"stepped"},{"time":0.2,"x":-243.46,"y":1.45,"curve":"stepped"},{"time":0.2333,"x":-388.58,"y":-8.48,"curve":"stepped"},{"time":0.3,"x":-408.46,"y":-28.36,"curve":"stepped"},{"time":0.3666,"x":-422.38,"y":65.07,"curve":"stepped"},{"time":0.4333,"x":-527.74,"y":-55.19,"curve":"stepped"},{"time":0.4666,"x":-549.61,"y":-55.19,"curve":"stepped"},{"time":0.5333,"x":-540.67,"y":-55.19,"curve":"stepped"},{"time":0.6,"x":-461.67,"y":10.8,"curve":"stepped"},{"time":0.6333,"x":-522.67,"y":45.8,"curve":"stepped"},{"time":0.7333,"x":-495.67,"y":-44.19,"curve":"stepped"},{"time":0.7666,"x":-530.67,"y":-52.19,"curve":"stepped"},{"time":0.8,"x":-587.65,"y":76.64}],"scale":[{"time":0,"x":1.5,"y":2.5,"curve":"stepped"},{"time":0.3,"x":1.5,"y":1.488,"curve":"stepped"},{"time":0.3666,"x":1.5,"y":2.5,"curve":"stepped"},{"time":0.7666,"x":2.55,"y":0.863,"curve":"stepped"},{"time":0.8,"x":1.5,"y":2.5}]},"EF_dash1_1":{"translate":[{"time":0.2333,"x":-205.53,"y":0}],"scale":[{"time":0.2333,"x":2.5,"y":2.5,"curve":[0.164,0.61,0.75,1]},{"time":0.4333,"x":3,"y":3}]},"EF_water_aura1_1":{"rotate":[{"time":0.2333,"angle":19.67},{"time":0.2666,"angle":5.09}],"translate":[{"time":0.2333,"x":-547.66,"y":82.01},{"time":0.3,"x":-547.66,"y":44.81}],"scale":[{"time":0.2333,"x":2,"y":2},{"time":0.2666,"x":2.922,"y":2.442}]},"EF_water_aura1_2":{"rotate":[{"time":0.4,"angle":5.85,"curve":"stepped"},{"time":0.4333,"angle":103.9}],"translate":[{"time":0.4,"x":-440.59,"y":143.19,"curve":"stepped"},{"time":0.4333,"x":-567.01,"y":-52.07}],"scale":[{"time":0.4,"x":2.411,"y":2.411,"curve":"stepped"},{"time":0.4333,"x":4.5,"y":4.5}]},"EF_water_aura1_3":{"rotate":[{"time":0.7333,"angle":-135.64,"curve":"stepped"},{"time":0.7666,"angle":171.5,"curve":"stepped"},{"time":0.8,"angle":118.95,"curve":"stepped"},{"time":0.8333,"angle":80.68}],"translate":[{"time":0.7333,"x":-536.73,"y":49.27,"curve":"stepped"},{"time":0.7666,"x":-605.13,"y":17.58,"curve":"stepped"},{"time":0.8,"x":-642.75,"y":35.95,"curve":"stepped"},{"time":0.8333,"x":-589.84,"y":140.84}],"scale":[{"time":0.7333,"x":3.5,"y":3.5}]},"DAMAGEAREA":{"translate":[{"time":0.2333,"x":-102.35,"y":88.3,"curve":"stepped"},{"time":0.4666,"x":-325.63,"y":148.72,"curve":"stepped"},{"time":0.7333,"x":-304.62,"y":148.72}],"scale":[{"time":0.2333,"x":3.92,"y":1.361,"curve":"stepped"},{"time":0.4666,"x":3.199,"y":2.398,"curve":"stepped"},{"time":0.7333,"x":3.826,"y":2.622}]}},"drawOrder":[{"time":0},{"time":0.2,"offsets":[{"slot":"EF_aura1_1","offset":-4}]},{"time":0.2333}],"events":[{"time":0,"name":"Event","float":0.25,"string":"kHitStopType_normal"},{"time":0,"name":"Sound1","string":"cri_se_battle_attack_ice"},{"time":0,"name":"Voice","string":"cri_166_voice_skill_all"},{"time":0.0333,"name":"Event","string":"kImpactType_knock"},{"time":0.0666,"name":"Event","string":"setHitBackEnemy(60,0)"},{"time":0.1666,"name":"Sound1","string":"cri_se_battle_skill_swish"},{"time":0.2333,"name":"Sound3","string":"setHitSound(se_battle_019_sword_hit_03)"},{"time":0.3333,"name":"Sound1","string":"cri_se_battle_skill_shot"},{"time":0.4666,"name":"Hit","string":"resetHitList"},{"time":0.5666,"name":"Sound1","string":"cri_se_battle_sword_swish_heavy"},{"time":0.7,"name":"Event","string":"setHitBackEnemy(0,30)"},{"time":0.7,"name":"Sound1","string":"cri_se_battle_skill_shot"},{"time":0.7,"name":"Sound2"},{"time":0.7,"name":"Sound3","string":"setHitSound(se_battle_sword_heavy_hit)"},{"time":0.7333,"name":"Event","string":"kImpactType_up"},{"time":0.7333,"name":"Hit","string":"resetHitList"},{"time":0.7666,"name":"Event","float":0.1,"string":"kHitStopType_enemyonly"},{"time":0.8,"name":"Hit","string":"resetHitList"},{"time":0.8666,"name":"Hit","string":"resetHitList"}]},"skill2":{"slots":{"BW":{"attachment":[{"time":1.9333,"name":"BW/gold"}],"color":[{"time":1.9333,"color":"ffffff00"},{"time":2.1333,"color":"ffffffff","curve":"stepped"},{"time":2.3,"color":"ffffffff"},{"time":2.4666,"color":"ffffff00"}]},"BW_L_feather":{"attachment":[{"time":1.9333,"name":"BW/L_feather"}],"color":[{"time":1.9333,"color":"ffffff00"},{"time":2.1333,"color":"ffffffff","curve":"stepped"},{"time":2.3,"color":"ffffffff"},{"time":2.4666,"color":"ffffff00"}]},"BW_R_feather":{"attachment":[{"time":1.9333,"name":"BW/R_feather"}],"color":[{"time":1.9333,"color":"ffffff00"},{"time":2.1333,"color":"ffffffff","curve":"stepped"},{"time":2.3,"color":"ffffffff"},{"time":2.4666,"color":"ffffff00"}]},"BW_crystal":{"attachment":[{"time":1.9333,"name":"BW/ice"}],"color":[{"time":1.9333,"color":"ffffff00"},{"time":2.1333,"color":"ffffffff","curve":"stepped"},{"time":2.3,"color":"ffffffff"},{"time":2.4666,"color":"ffffff00"}]},"BW_crystal2":{"attachment":[{"time":1.9333,"name":null}],"color":[{"time":1.9333,"color":"ffffff00"},{"time":2.1333,"color":"ffffffff","curve":"stepped"},{"time":2.3,"color":"ffffffff"},{"time":2.4666,"color":"ffffff00"}]},"DAMAGEAREA":{"attachment":[{"time":1.1666,"name":"DAMAGEAREA"},{"time":1.4333,"name":null}]},"EF_aura1_1":{"attachment":[{"time":0.1,"name":"EF/ef_aura/670_S2_ene2_00003"},{"time":0.1666,"name":"EF/ef_aura/670_S2_ene2_00004"},{"time":0.2333,"name":"EF/ef_aura/670_S2_ene2_00005"},{"time":0.3,"name":"EF/ef_aura/670_S2_ene2_00005"},{"time":0.3666,"name":"EF/ef_aura/670_S2_ene2_00007"},{"time":0.4333,"name":"EF/ef_aura/670_S2_ene2_00008"},{"time":0.5,"name":"EF/ef_aura/670_S2_ene2_00010"},{"time":0.5666,"name":"EF/ef_aura/670_S2_ene2_00013"},{"time":0.6333,"name":"EF/ef_aura/670_S2_ene2_00014"},{"time":0.7,"name":"EF/ef_aura/670_S2_ene2_00015"},{"time":0.7666,"name":"EF/ef_aura/670_S2_ene2_00003"},{"time":0.8333,"name":"EF/ef_aura/670_S2_ene2_00004"},{"time":0.9,"name":"EF/ef_aura/670_S2_ene2_00005"},{"time":0.9666,"name":"EF/ef_aura/670_S2_ene2_00007"},{"time":1.0333,"name":"EF/ef_aura/670_S2_ene2_00008"},{"time":1.1,"name":"EF/ef_aura/670_S2_ene2_00010"},{"time":1.1666,"name":"EF/ef_aura/670_S2_ene2_00013"},{"time":1.2333,"name":"EF/ef_aura/670_S2_ene2_00014"},{"time":1.3,"name":"EF/ef_aura/670_S2_ene2_00015"},{"time":1.3666,"name":"EF/ef_aura/670_S2_ene2_00003"},{"time":1.4333,"name":"EF/ef_aura/670_S2_ene2_00004"},{"time":1.5,"name":"EF/ef_aura/670_S2_ene2_00005"},{"time":1.5666,"name":"EF/ef_aura/670_S2_ene2_00007"},{"time":1.6333,"name":null}],"color":[{"time":0.1,"color":"ffffff00"},{"time":0.2666,"color":"ffffffff","curve":"stepped"},{"time":1.2,"color":"ffffffff","curve":[0.104,0.52,0.75,1]},{"time":1.6333,"color":"ffffff00"}]},"EF_magic1":{"attachment":[{"time":0,"name":"EF/5100_S2_magic1b"}],"color":[{"time":0,"color":"ffffff00"},{"time":0.1666,"color":"ffffffff","curve":"stepped"},{"time":1.1,"color":"ffffffff"},{"time":1.2666,"color":"ffffff00"}]},"EF_magic2":{"attachment":[{"time":0,"name":"EF/magic_2water"}],"color":[{"time":0,"color":"ffffff00"},{"time":0.1666,"color":"ffffffff","curve":"stepped"},{"time":1.1,"color":"ffffffff"},{"time":1.2666,"color":"ffffff00"}]},"EF_magic3":{"attachment":[{"time":1.1,"name":"EF/5100_S2_magic1b"}],"color":[{"time":1.1,"color":"ffffffff"},{"time":1.2666,"color":"ffffff00"}]},"EF_magic4":{"attachment":[{"time":1.1,"name":"EF/magic_2water"}],"color":[{"time":1.1,"color":"ffffffff"},{"time":1.2666,"color":"ffffff00"}]},"EF_water_aura1_1":{"attachment":[{"time":0.1333,"name":"EF/ef_water_aura_main/ef_water_aura_main_00002"},{"time":0.1666,"name":"EF/ef_water_aura_main/ef_water_aura_main_00003"},{"time":0.2,"name":"EF/ef_water_aura_main/ef_water_aura_main_00004"},{"time":0.2333,"name":"EF/ef_water_aura_main/ef_water_aura_main_00005"},{"time":0.2666,"name":"EF/ef_water_aura_main/ef_water_aura_main_00006"},{"time":0.3,"name":"EF/ef_water_aura_main/ef_water_aura_main_00007"},{"time":0.3333,"name":"EF/ef_water_aura_main/ef_water_aura_main_00008"},{"time":0.3666,"name":"EF/ef_water_aura_main/ef_water_aura_main_00009"},{"time":0.4,"name":"EF/ef_water_aura_main/ef_water_aura_main_00010"},{"time":0.4333,"name":"EF/ef_water_aura_main/ef_water_aura_main_00011"},{"time":0.4666,"name":null},{"time":0.5,"name":"EF/ef_water_aura_main/ef_water_aura_main_00002"},{"time":0.5333,"name":"EF/ef_water_aura_main/ef_water_aura_main_00003"},{"time":0.5666,"name":"EF/ef_water_aura_main/ef_water_aura_main_00004"},{"time":0.6,"name":"EF/ef_water_aura_main/ef_water_aura_main_00005"},{"time":0.6333,"name":"EF/ef_water_aura_main/ef_water_aura_main_00006"},{"time":0.6666,"name":"EF/ef_water_aura_main/ef_water_aura_main_00007"},{"time":0.7,"name":"EF/ef_water_aura_main/ef_water_aura_main_00008"},{"time":0.7333,"name":"EF/ef_water_aura_main/ef_water_aura_main_00009"},{"time":0.7666,"name":"EF/ef_water_aura_main/ef_water_aura_main_00010"},{"time":0.8,"name":"EF/ef_water_aura_main/ef_water_aura_main_00011"},{"time":0.8333,"name":null}]},"EF_water_aura1_2":{"attachment":[{"time":0.2,"name":"EF/ef_water_aura_main/ef_water_aura_main_00002"},{"time":0.2333,"name":"EF/ef_water_aura_main/ef_water_aura_main_00003"},{"time":0.2666,"name":"EF/ef_water_aura_main/ef_water_aura_main_00004"},{"time":0.3,"name":"EF/ef_water_aura_main/ef_water_aura_main_00005"},{"time":0.3333,"name":"EF/ef_water_aura_main/ef_water_aura_main_00006"},{"time":0.3666,"name":"EF/ef_water_aura_main/ef_water_aura_main_00007"},{"time":0.4,"name":"EF/ef_water_aura_main/ef_water_aura_main_00008"},{"time":0.4333,"name":"EF/ef_water_aura_main/ef_water_aura_main_00009"},{"time":0.4666,"name":"EF/ef_water_aura_main/ef_water_aura_main_00010"},{"time":0.5,"name":"EF/ef_water_aura_main/ef_water_aura_main_00011"},{"time":0.5333,"name":null},{"time":0.5666,"name":"EF/ef_water_aura_main/ef_water_aura_main_00002"},{"time":0.6,"name":"EF/ef_water_aura_main/ef_water_aura_main_00003"},{"time":0.6333,"name":"EF/ef_water_aura_main/ef_water_aura_main_00004"},{"time":0.6666,"name":"EF/ef_water_aura_main/ef_water_aura_main_00005"},{"time":0.7,"name":"EF/ef_water_aura_main/ef_water_aura_main_00006"},{"time":0.7333,"name":"EF/ef_water_aura_main/ef_water_aura_main_00007"},{"time":0.7666,"name":"EF/ef_water_aura_main/ef_water_aura_main_00008"},{"time":0.8,"name":"EF/ef_water_aura_main/ef_water_aura_main_00009"},{"time":0.8333,"name":"EF/ef_water_aura_main/ef_water_aura_main_00010"},{"time":0.8666,"name":"EF/ef_water_aura_main/ef_water_aura_main_00011"},{"time":0.9,"name":null}]},"EF_wave2_1":{"attachment":[{"time":0,"name":"EF/ef_wave_main/ef_wave_main_00002"},{"time":0.0666,"name":"EF/ef_wave_main/ef_wave_main_00004"},{"time":0.1333,"name":"EF/ef_wave_main/ef_wave_main_00006"},{"time":0.2,"name":"EF/ef_wave_main/ef_wave_main_00008"},{"time":0.2666,"name":"EF/ef_wave_main/ef_wave_main_00010"},{"time":0.3333,"name":"EF/ef_wave_main/ef_wave_main_00012"},{"time":0.4,"name":"EF/ef_wave_main/ef_wave_main_00014"},{"time":0.4666,"name":null},{"time":2,"name":"EF/ef_wave_main/ef_wave_main_00002"},{"time":2.0666,"name":"EF/ef_wave_main/ef_wave_main_00004"},{"time":2.1333,"name":"EF/ef_wave_main/ef_wave_main_00006"},{"time":2.2,"name":"EF/ef_wave_main/ef_wave_main_00008"},{"time":2.2666,"name":"EF/ef_wave_main/ef_wave_main_00010"},{"time":2.3333,"name":"EF/ef_wave_main/ef_wave_main_00012"},{"time":2.4,"name":"EF/ef_wave_main/ef_wave_main_00014"},{"time":2.4666,"name":null}],"color":[{"time":0,"color":"ffffff00"},{"time":0.1,"color":"ffffffff","curve":"stepped"},{"time":0.3666,"color":"ffffffff"},{"time":0.4666,"color":"ffffff00","curve":"stepped"},{"time":2,"color":"ffffffff"}]},"EF_wave2_2":{"attachment":[{"time":0.2333,"name":"EF/ef_wave_main/ef_wave_main_00002"},{"time":0.3,"name":"EF/ef_wave_main/ef_wave_main_00004"},{"time":0.3666,"name":"EF/ef_wave_main/ef_wave_main_00006"},{"time":0.4333,"name":"EF/ef_wave_main/ef_wave_main_00008"},{"time":0.5,"name":"EF/ef_wave_main/ef_wave_main_00010"},{"time":0.5666,"name":"EF/ef_wave_main/ef_wave_main_00012"},{"time":0.6333,"name":"EF/ef_wave_main/ef_wave_main_00014"},{"time":0.7,"name":null},{"time":2.1333,"name":"EF/ef_wave_main/ef_wave_main_00002"},{"time":2.2,"name":"EF/ef_wave_main/ef_wave_main_00004"},{"time":2.2666,"name":"EF/ef_wave_main/ef_wave_main_00006"},{"time":2.3333,"name":"EF/ef_wave_main/ef_wave_main_00008"},{"time":2.4,"name":"EF/ef_wave_main/ef_wave_main_00010"},{"time":2.4666,"name":"EF/ef_wave_main/ef_wave_main_00012"},{"time":2.5333,"name":"EF/ef_wave_main/ef_wave_main_00014"},{"time":2.6,"name":null}],"color":[{"time":0.6,"color":"ffffffff"},{"time":0.7,"color":"ffffff00","curve":"stepped"},{"time":2.1333,"color":"ffffffff"}]},"EF_wave2_3":{"attachment":[{"time":0.4666,"name":"EF/ef_wave_main/ef_wave_main_00002"},{"time":0.5333,"name":"EF/ef_wave_main/ef_wave_main_00004"},{"time":0.6,"name":"EF/ef_wave_main/ef_wave_main_00006"},{"time":0.6666,"name":"EF/ef_wave_main/ef_wave_main_00008"},{"time":0.7333,"name":"EF/ef_wave_main/ef_wave_main_00010"},{"time":0.8,"name":"EF/ef_wave_main/ef_wave_main_00012"},{"time":0.8666,"name":"EF/ef_wave_main/ef_wave_main_00014"},{"time":0.9333,"name":null},{"time":2.2666,"name":"EF/ef_wave_main/ef_wave_main_00002"},{"time":2.3333,"name":"EF/ef_wave_main/ef_wave_main_00004"},{"time":2.4,"name":"EF/ef_wave_main/ef_wave_main_00006"},{"time":2.4666,"name":"EF/ef_wave_main/ef_wave_main_00008"},{"time":2.5333,"name":"EF/ef_wave_main/ef_wave_main_00010"},{"time":2.6,"name":"EF/ef_wave_main/ef_wave_main_00012"},{"time":2.6666,"name":"EF/ef_wave_main/ef_wave_main_00014"},{"time":2.7333,"name":null}],"color":[{"time":0.8333,"color":"ffffffff"},{"time":0.9333,"color":"ffffff00","curve":"stepped"},{"time":2.2666,"color":"ffffffff"}]},"EF_wave2_4":{"attachment":[{"time":2.4,"name":"EF/ef_wave_main/ef_wave_main_00002"},{"time":2.4666,"name":"EF/ef_wave_main/ef_wave_main_00004"},{"time":2.5333,"name":"EF/ef_wave_main/ef_wave_main_00006"},{"time":2.6,"name":"EF/ef_wave_main/ef_wave_main_00008"},{"time":2.6666,"name":"EF/ef_wave_main/ef_wave_main_00010"},{"time":2.7333,"name":"EF/ef_wave_main/ef_wave_main_00012"},{"time":2.8,"name":"EF/ef_wave_main/ef_wave_main_00014"},{"time":2.8666,"name":null}]},"MAIN":{"attachment":[{"time":0,"name":"idle_00"},{"time":0.1,"name":"skill1_01"},{"time":0.1333,"name":"skill2_00"},{"time":0.2,"name":"skill2_01"},{"time":0.2666,"name":"skill2_00"},{"time":0.3333,"name":"skill2_01"},{"time":0.4,"name":"skill2_00"},{"time":0.4666,"name":"skill2_01"},{"time":0.5333,"name":"skill2_00"},{"time":0.6,"name":"skill2_01"},{"time":0.6666,"name":"skill2_00"},{"time":0.7333,"name":"skill2_01"},{"time":0.8,"name":"skill2_00"},{"time":0.8666,"name":"skill2_01"},{"time":0.9333,"name":"skill2_00"},{"time":1,"name":"skill2_01"},{"time":1.1,"name":"skill2_02"},{"time":1.1333,"name":"skill2_03"},{"time":1.2,"name":"skill2_04"},{"time":1.2333,"name":"skill2_05"},{"time":1.2666,"name":"skill2_04"},{"time":1.3,"name":"skill2_05"},{"time":1.3333,"name":"skill2_04"},{"time":1.3666,"name":"skill2_05"},{"time":1.4333,"name":"skill2_04"},{"time":1.5,"name":"skill2_05"},{"time":1.5666,"name":"skill2_04"},{"time":1.6666,"name":"skill2_05"},{"time":1.7666,"name":"skill2_04"},{"time":1.8666,"name":"skill2_05"},{"time":2.0333,"name":"skill2_06"},{"time":2.1,"name":"skill2_07"},{"time":2.1333,"name":"skill2_08"},{"time":2.2,"name":"skill2_07"},{"time":2.2666,"name":"skill2_08"},{"time":2.3333,"name":"skill2_07"},{"time":2.4,"name":"skill2_08"},{"time":2.4666,"name":"skill2_07"},{"time":2.5333,"name":"skill2_08"},{"time":2.6333,"name":"skill2_07"},{"time":2.7333,"name":"skill2_08"},{"time":2.8333,"name":"skill2_07"},{"time":2.9333,"name":"skill2_08"},{"time":3.0333,"name":"skill2_07"},{"time":3.1333,"name":"skill2_08"},{"time":3.2333,"name":"skill2_07"},{"time":3.3333,"name":"skill2_08"},{"time":3.3666,"name":"skill1_00"},{"time":3.7666,"name":"idle_00"},{"time":3.9,"name":"idle_01"},{"time":4.0333,"name":"idle_02"},{"time":4.1666,"name":"idle_03"}]}},"bones":{"MAIN":{"translate":[{"time":0,"x":0,"y":0,"curve":"stepped"},{"time":0.1,"x":7.91,"y":0,"curve":"stepped"},{"time":0.1333,"x":28.15,"y":0,"curve":"stepped"},{"time":0.2,"x":28.15,"y":-1.75,"curve":"stepped"},{"time":0.2666,"x":28.15,"y":0,"curve":"stepped"},{"time":0.3333,"x":28.15,"y":-1.75,"curve":"stepped"},{"time":0.4,"x":28.15,"y":0,"curve":"stepped"},{"time":0.4666,"x":28.15,"y":-1.75,"curve":"stepped"},{"time":0.5333,"x":28.15,"y":0,"curve":"stepped"},{"time":0.6,"x":28.15,"y":-1.75,"curve":"stepped"},{"time":0.6666,"x":28.15,"y":0,"curve":"stepped"},{"time":0.7333,"x":28.15,"y":-1.75,"curve":"stepped"},{"time":0.8,"x":28.15,"y":0,"curve":"stepped"},{"time":0.8666,"x":28.15,"y":-1.75,"curve":"stepped"},{"time":0.9333,"x":28.15,"y":0,"curve":"stepped"},{"time":1,"x":28.15,"y":-1.75,"curve":"stepped"},{"time":1.2,"x":-7.03,"y":77.12,"curve":[0.237,0.71,0.75,1]},{"time":1.7,"x":-8.97,"y":81.17,"curve":"stepped"},{"time":2.0333,"x":0,"y":73.08},{"time":2.1,"x":0,"y":83.86,"curve":"stepped"},{"time":2.1333,"x":0,"y":83.86},{"time":2.2,"x":0,"y":85.21,"curve":[0.263,0.38,0.644,0.78]},{"time":2.4,"x":0,"y":94.47,"curve":[0.398,0.07,0.831,0.49]},{"time":3.3333,"x":0,"y":100.65,"curve":"stepped"},{"time":3.3666,"x":0,"y":94.47,"curve":[0.256,0.48,0.621,0.8]},{"time":3.8333,"x":0,"y":0,"curve":"stepped"},{"time":4.1333,"x":0,"y":0}]},"BW":{"translate":[{"time":1.9333,"x":0,"y":96.57},{"time":2.1333,"x":0,"y":166.95,"curve":[0.335,0.01,0.878,0.38]},{"time":2.4333,"x":0,"y":236.14}]},"BW_L_feather":{"rotate":[{"time":1.9333,"angle":0},{"time":2.1333,"angle":-3.82},{"time":2.3,"angle":19.6},{"time":2.4333,"angle":40.33}]},"BW_R_feather":{"rotate":[{"time":1.9333,"angle":0},{"time":2.1333,"angle":1.74},{"time":2.3,"angle":-21.69},{"time":2.4333,"angle":-49.53}]},"EF_magic1":{"translate":[{"time":0,"x":25.21,"y":0}],"scale":[{"time":0,"x":0.45,"y":0.4},{"time":0.1666,"x":1,"y":1,"curve":"stepped"},{"time":1.1,"x":1,"y":1},{"time":1.2666,"x":2,"y":1.784}]},"EF_magic3":{"translate":[{"time":0,"x":25.21,"y":0}],"scale":[{"time":1.1,"x":0.75,"y":0.6,"curve":[0.148,0.64,0.75,1]},{"time":1.2666,"x":1.599,"y":1.599}]},"EF_water_aura1_1":{"rotate":[{"time":0.1333,"angle":130.13,"curve":"stepped"},{"time":0.5,"angle":130.13}],"translate":[{"time":0.1333,"x":-225.63,"y":125.35,"curve":"stepped"},{"time":0.5,"x":-225.63,"y":125.35}],"scale":[{"time":0.1333,"x":1.5,"y":1.5,"curve":"stepped"},{"time":0.5,"x":2,"y":2}]},"EF_water_aura1_2":{"rotate":[{"time":0.2,"angle":-18.08,"curve":"stepped"},{"time":0.5666,"angle":-18.08}],"translate":[{"time":0.2,"x":-300.84,"y":165.67,"curve":"stepped"},{"time":0.5666,"x":-300.84,"y":165.67}],"scale":[{"time":0.2,"x":-1,"y":1,"curve":"stepped"},{"time":0.5666,"x":-1.5,"y":1.5}]},"EF_wave2_1":{"translate":[{"time":0,"x":31.51,"y":6.27,"curve":"stepped"},{"time":2,"x":0,"y":6.27}],"scale":[{"time":0,"x":2,"y":2},{"time":0.4666,"x":2.5,"y":2.5,"curve":"stepped"},{"time":2,"x":0.5,"y":0.5,"curve":[0.25,0,0.859,0.54]},{"time":2.4666,"x":3,"y":3}]},"EF_wave2_2":{"translate":[{"time":0.2333,"x":31.51,"y":6.27,"curve":"stepped"},{"time":2.1333,"x":0,"y":6.27}],"scale":[{"time":0.2333,"x":2,"y":2},{"time":0.7,"x":2.5,"y":2.5,"curve":"stepped"},{"time":2.1333,"x":0.5,"y":0.5,"curve":[0.25,0,0.859,0.54]},{"time":2.6,"x":3,"y":3}]},"EF_wave2_3":{"translate":[{"time":0.4666,"x":31.51,"y":6.27,"curve":"stepped"},{"time":2.2666,"x":0,"y":6.27}],"scale":[{"time":0.4666,"x":2,"y":2},{"time":0.9333,"x":2.5,"y":2.5,"curve":"stepped"},{"time":2.2666,"x":0.5,"y":0.5,"curve":[0.25,0,0.859,0.54]},{"time":2.7333,"x":4,"y":4}]},"EF_aura1_1":{"rotate":[{"time":0.1,"angle":45.01,"curve":"stepped"},{"time":1.1,"angle":-97.21,"curve":"stepped"},{"time":1.1333,"angle":-164.09,"curve":"stepped"},{"time":1.2,"angle":22.16}],"translate":[{"time":0.1,"x":-258.32,"y":62.75,"curve":"stepped"},{"time":1.1,"x":-166.37,"y":-32.1,"curve":"stepped"},{"time":1.1333,"x":-199.28,"y":-32.1,"curve":"stepped"},{"time":1.2,"x":-287.61,"y":139.36}],"scale":[{"time":0.1,"x":1,"y":1},{"time":0.2666,"x":2,"y":2,"curve":"stepped"},{"time":1.1333,"x":4.164,"y":1.095,"curve":"stepped"},{"time":1.2,"x":2,"y":2.5,"curve":[0.168,0.48,0.75,1]},{"time":1.6333,"x":2.2,"y":2.7}]},"EF_wave2_4":{"translate":[{"time":2.4,"x":0,"y":6.27}],"scale":[{"time":2.4,"x":0.5,"y":0.5,"curve":[0.25,0,0.859,0.54]},{"time":2.8666,"x":5,"y":5}]},"DAMAGEAREA":{"translate":[{"time":1.1666,"x":-50.99,"y":50.99},{"time":1.2333,"x":-183.6,"y":569.93}],"scale":[{"time":1.1666,"x":4.399,"y":1.781},{"time":1.2333,"x":4.399,"y":9.476}]}},"ffd":{"default":{"EF_magic1":{"EF/5100_S2_magic1b":[{"time":0,"vertices":[-4.66778,-4.43625,-4.43625,4.66778,4.66778,4.43625,4.43625,-4.66778]},{"time":1.1666}]},"EF_magic2":{"EF/magic_2water":[{"time":0,"vertices":[16.1739,20.80297,20.80297,-16.1739,-16.1739,-20.80297,-20.80297,16.1739]},{"time":1.1666}]}}},"events":[{"time":0,"name":"Event","float":0.3,"string":"kHitStopType_normal"},{"time":0.0666,"name":"Event","string":"kImpactType_up"},{"time":0.0666,"name":"Voice","string":"cri_166_voice_fullarts_now"},{"time":0.1333,"name":"Sound1","string":"cri_se_battle_033_explosion_element_01"},{"time":1.1,"name":"Sound1","string":"cri_se_battle_thunder_small"},{"time":1.2,"name":"Event","string":"setHitBackEnemy(0,30)"},{"time":1.2333,"name":"Event","float":0.1,"string":"kHitStopType_enemyonly"},{"time":1.2333,"name":"Hit","string":"resetHitList"},{"time":1.3,"name":"Hit","string":"resetHitList"},{"time":1.3666,"name":"Hit","string":"resetHitList"},{"time":1.8333,"name":"Voice","string":"cri_166_voice_fullarts_rank5"},{"time":2,"name":"Sound1","string":"cri_se_scenario_fetters_magic"},{"time":2,"name":"Sound2","string":"cri_se_battle_cure_01"},{"time":2.3666,"name":"Event","string":"runSkillEffect"}]}}}