{"skeleton":{"hash":"dVrYdhXiTwFR5AyUXqUa1TV9cUA","spine":"3.0.12","width":0,"height":0},"bones":[{"name":"root"},{"name":"MAIN","parent":"root","y":60},{"name":"SHADOW-OFFSET","parent":"MAIN"},{"name":"HITBOX","parent":"MAIN"},{"name":"EF_wave1_02","parent":"root"},{"name":"EF_wave1_01","parent":"root"},{"name":"EF_wave1_00","parent":"root"},{"name":"EF_magic_2","parent":"root","y":300},{"name":"EF_magic_1","parent":"root","y":300},{"name":"EF_grass_aura","parent":"root","scaleX":2,"scaleY":2},{"name":"DAMAGEAREA","parent":"root"}],"slots":[{"name":"EF_wave1_00","bone":"EF_wave1_00","blend":"additive"},{"name":"EF_wave1_01","bone":"EF_wave1_01","blend":"additive"},{"name":"EF_wave1_02","bone":"EF_wave1_02","blend":"additive"},{"name":"EF_magic_1","bone":"EF_magic_1","blend":"additive"},{"name":"EF_magic_2","bone":"EF_magic_2","blend":"additive"},{"name":"EF_grass_aura_B","bone":"EF_grass_aura","blend":"additive"},{"name":"MAIN","bone":"MAIN","attachment":"idle_00"},{"name":"EF_grass_aura_F","bone":"EF_grass_aura","blend":"additive"},{"name":"HITBOX","bone":"HITBOX","attachment":"HITBOX"},{"name":"DAMAGEAREA","bone":"DAMAGEAREA"}],"skins":{"default":{"DAMAGEAREA":{"DAMAGEAREA":{"type":"boundingbox","vertices":[-98.75067,97.56244,-98.75067,-96.98654,99.58331,-96.98654,99.58331,97.56244]}},"EF_grass_aura_B":{"EF/grass_aura/B_grass_aura_1":{"y":51.55,"width":176,"height":128},"EF/grass_aura/B_grass_aura_2":{"y":51.55,"width":176,"height":128},"EF/grass_aura/B_grass_aura_3":{"y":51.55,"width":176,"height":128}},"EF_grass_aura_F":{"EF/grass_aura/F_grass_aura_1":{"y":51.55,"width":176,"height":128},"EF/grass_aura/F_grass_aura_2":{"y":51.55,"width":176,"height":128},"EF/grass_aura/F_grass_aura_3":{"y":51.55,"width":176,"height":128}},"EF_magic_1":{"EF/magic_4light":{"type":"mesh","uvs":[1,1,0,1,0,0,1,0],"triangles":[1,2,3,1,3,0],"vertices":[120.37,-119.46,-119.62,-119.46,-119.62,120.53,120.37,120.53],"hull":4}},"EF_magic_2":{"EF/magic_4light":{"type":"mesh","uvs":[1,1,0,1,0,0,1,0],"triangles":[1,2,3,1,3,0],"vertices":[120.37,-119.46,-119.62,-119.46,-119.62,120.53,120.37,120.53],"hull":4}},"EF_wave1_00":{"EF/5210_A1_wave1/5210_A1_wave1_00004":{"y":5,"width":350,"height":350},"EF/5210_A1_wave1/5210_A1_wave1_00005":{"y":5,"width":350,"height":350},"EF/5210_A1_wave1/5210_A1_wave1_00006":{"y":5,"width":350,"height":350},"EF/5210_A1_wave1/5210_A1_wave1_00007":{"y":5,"width":350,"height":350},"EF/5210_A1_wave1/5210_A1_wave1_00008":{"y":5,"width":350,"height":350},"EF/5210_A1_wave1/5210_A1_wave1_00009":{"y":5,"width":350,"height":350},"EF/5210_A1_wave1/5210_A1_wave1_00012":{"y":5,"width":350,"height":350}},"EF_wave1_01":{"EF/5210_A1_wave1/5210_A1_wave1_00004":{"y":5,"width":350,"height":350},"EF/5210_A1_wave1/5210_A1_wave1_00005":{"y":5,"width":350,"height":350},"EF/5210_A1_wave1/5210_A1_wave1_00006":{"y":5,"width":350,"height":350},"EF/5210_A1_wave1/5210_A1_wave1_00007":{"y":5,"width":350,"height":350},"EF/5210_A1_wave1/5210_A1_wave1_00008":{"y":5,"width":350,"height":350},"EF/5210_A1_wave1/5210_A1_wave1_00009":{"y":5,"width":350,"height":350},"EF/5210_A1_wave1/5210_A1_wave1_00012":{"y":5,"width":350,"height":350}},"EF_wave1_02":{"EF/5210_A1_wave1/5210_A1_wave1_00004":{"y":5,"width":350,"height":350},"EF/5210_A1_wave1/5210_A1_wave1_00005":{"y":5,"width":350,"height":350},"EF/5210_A1_wave1/5210_A1_wave1_00006":{"y":5,"width":350,"height":350},"EF/5210_A1_wave1/5210_A1_wave1_00007":{"y":5,"width":350,"height":350},"EF/5210_A1_wave1/5210_A1_wave1_00008":{"y":5,"width":350,"height":350},"EF/5210_A1_wave1/5210_A1_wave1_00009":{"y":5,"width":350,"height":350},"EF/5210_A1_wave1/5210_A1_wave1_00012":{"y":5,"width":350,"height":350}},"HITBOX":{"HITBOX":{"type":"boundingbox","vertices":[-60.1437,73.89844,-60.1437,-58.57655,61.73327,-59.33356,60.97629,73.89844]}},"MAIN":{"attack1_00":{"x":5,"y":12,"width":500,"height":500},"attack1_01":{"x":5,"y":12,"width":500,"height":500},"attack1_02":{"x":5,"y":12,"width":500,"height":500},"attack1_03":{"x":5,"y":12,"width":500,"height":500},"attack1_04":{"x":5,"y":12,"width":500,"height":500},"attack1_05":{"x":5,"y":12,"width":500,"height":500},"attack1_06":{"x":5,"y":12,"width":500,"height":500},"attack1_07":{"x":5,"y":12,"width":500,"height":500},"attack1_08":{"x":5,"y":12,"width":500,"height":500},"attack1_09":{"x":5,"y":12,"width":500,"height":500},"attack1_10":{"x":5,"y":12,"width":500,"height":500},"back_00":{"x":20,"y":10,"width":500,"height":500},"damage_00":{"x":23,"y":15,"width":500,"height":500},"front_00":{"y":12,"width":500,"height":500},"idle_00":{"x":5,"y":11,"width":500,"height":500},"idle_01":{"x":5,"y":11,"width":500,"height":500},"idle_02":{"x":5,"y":11,"width":500,"height":500},"idle_03":{"x":5,"y":11,"width":500,"height":500},"idle_04":{"x":5,"y":11,"width":500,"height":500},"skill1_00":{"x":5,"y":11,"width":500,"height":500},"skill1_01":{"x":5,"y":11,"width":500,"height":500},"skill1_02":{"x":5,"y":11,"width":500,"height":500},"skill1_03":{"x":5,"y":11,"width":500,"height":500},"skill1_04":{"x":5,"y":11,"width":500,"height":500},"skill1_05":{"x":5,"y":11,"width":500,"height":500},"skill1_06":{"x":5,"y":11,"width":500,"height":500}}}},"events":{"Event":{},"Hit":{},"Sound1":{},"Sound2":{},"Voice":{}},"animations":{"attack1":{"slots":{"DAMAGEAREA":{"attachment":[{"time":1.9666,"name":"DAMAGEAREA"},{"time":2.4,"name":null}]},"EF_grass_aura_B":{"attachment":[{"time":0,"name":"EF/grass_aura/B_grass_aura_3"},{"time":0.1,"name":"EF/grass_aura/B_grass_aura_1"},{"time":0.1333,"name":"EF/grass_aura/B_grass_aura_2"},{"time":0.2,"name":"EF/grass_aura/B_grass_aura_3"},{"time":0.2666,"name":"EF/grass_aura/B_grass_aura_1"},{"time":0.3333,"name":"EF/grass_aura/B_grass_aura_2"},{"time":0.4,"name":"EF/grass_aura/B_grass_aura_3"},{"time":0.4666,"name":"EF/grass_aura/B_grass_aura_1"},{"time":0.5333,"name":"EF/grass_aura/B_grass_aura_2"},{"time":0.6,"name":"EF/grass_aura/B_grass_aura_3"},{"time":0.6666,"name":"EF/grass_aura/B_grass_aura_1"},{"time":0.7333,"name":"EF/grass_aura/B_grass_aura_2"},{"time":0.8,"name":"EF/grass_aura/B_grass_aura_3"}],"color":[{"time":0,"color":"ffffff29"},{"time":0.7666,"color":"ffffffff"},{"time":0.8333,"color":"ffffff00"}]},"EF_grass_aura_F":{"attachment":[{"time":0,"name":"EF/grass_aura/F_grass_aura_3"},{"time":0.1,"name":"EF/grass_aura/F_grass_aura_1"},{"time":0.1666,"name":"EF/grass_aura/F_grass_aura_2"},{"time":0.2333,"name":"EF/grass_aura/F_grass_aura_3"},{"time":0.3,"name":"EF/grass_aura/F_grass_aura_1"},{"time":0.3666,"name":"EF/grass_aura/F_grass_aura_2"},{"time":0.4333,"name":"EF/grass_aura/F_grass_aura_3"},{"time":0.5,"name":"EF/grass_aura/F_grass_aura_1"},{"time":0.5666,"name":"EF/grass_aura/F_grass_aura_2"},{"time":0.6333,"name":"EF/grass_aura/F_grass_aura_3"},{"time":0.7,"name":"EF/grass_aura/F_grass_aura_1"},{"time":0.7666,"name":"EF/grass_aura/F_grass_aura_2"},{"time":0.8333,"name":"EF/grass_aura/F_grass_aura_3"}],"color":[{"time":0,"color":"ffffff29"},{"time":0.7666,"color":"ffffffff"},{"time":0.8333,"color":"ffffff00"}]},"EF_wave1_00":{"attachment":[{"time":0.0666,"name":"EF/5210_A1_wave1/5210_A1_wave1_00004"},{"time":0.1,"name":"EF/5210_A1_wave1/5210_A1_wave1_00005"},{"time":0.1333,"name":"EF/5210_A1_wave1/5210_A1_wave1_00006"},{"time":0.1666,"name":"EF/5210_A1_wave1/5210_A1_wave1_00007"},{"time":0.2,"name":"EF/5210_A1_wave1/5210_A1_wave1_00008"},{"time":0.2333,"name":"EF/5210_A1_wave1/5210_A1_wave1_00009"},{"time":0.2666,"name":"EF/5210_A1_wave1/5210_A1_wave1_00012"},{"time":0.3,"name":null},{"time":0.4666,"name":"EF/5210_A1_wave1/5210_A1_wave1_00004"},{"time":0.5,"name":"EF/5210_A1_wave1/5210_A1_wave1_00005"},{"time":0.5333,"name":"EF/5210_A1_wave1/5210_A1_wave1_00006"},{"time":0.5666,"name":"EF/5210_A1_wave1/5210_A1_wave1_00007"},{"time":0.6,"name":"EF/5210_A1_wave1/5210_A1_wave1_00008"},{"time":0.6333,"name":"EF/5210_A1_wave1/5210_A1_wave1_00009"},{"time":0.6666,"name":"EF/5210_A1_wave1/5210_A1_wave1_00012"},{"time":0.7,"name":null},{"time":0.7666,"name":"EF/5210_A1_wave1/5210_A1_wave1_00004"},{"time":0.8,"name":"EF/5210_A1_wave1/5210_A1_wave1_00005"},{"time":0.8333,"name":"EF/5210_A1_wave1/5210_A1_wave1_00006"},{"time":0.8666,"name":"EF/5210_A1_wave1/5210_A1_wave1_00007"},{"time":0.9,"name":"EF/5210_A1_wave1/5210_A1_wave1_00008"},{"time":0.9333,"name":"EF/5210_A1_wave1/5210_A1_wave1_00009"},{"time":0.9666,"name":"EF/5210_A1_wave1/5210_A1_wave1_00012"},{"time":1,"name":null}]},"EF_wave1_01":{"attachment":[{"time":0.2,"name":"EF/5210_A1_wave1/5210_A1_wave1_00004"},{"time":0.2333,"name":"EF/5210_A1_wave1/5210_A1_wave1_00005"},{"time":0.2666,"name":"EF/5210_A1_wave1/5210_A1_wave1_00006"},{"time":0.3,"name":"EF/5210_A1_wave1/5210_A1_wave1_00007"},{"time":0.3333,"name":"EF/5210_A1_wave1/5210_A1_wave1_00008"},{"time":0.3666,"name":"EF/5210_A1_wave1/5210_A1_wave1_00009"},{"time":0.4,"name":"EF/5210_A1_wave1/5210_A1_wave1_00012"},{"time":0.4333,"name":null},{"time":0.6,"name":"EF/5210_A1_wave1/5210_A1_wave1_00004"},{"time":0.6333,"name":"EF/5210_A1_wave1/5210_A1_wave1_00005"},{"time":0.6666,"name":"EF/5210_A1_wave1/5210_A1_wave1_00006"},{"time":0.7,"name":"EF/5210_A1_wave1/5210_A1_wave1_00007"},{"time":0.7333,"name":"EF/5210_A1_wave1/5210_A1_wave1_00008"},{"time":0.7666,"name":"EF/5210_A1_wave1/5210_A1_wave1_00009"},{"time":0.8,"name":"EF/5210_A1_wave1/5210_A1_wave1_00012"},{"time":0.8333,"name":null}]},"EF_wave1_02":{"attachment":[{"time":0.3333,"name":"EF/5210_A1_wave1/5210_A1_wave1_00004"},{"time":0.3666,"name":"EF/5210_A1_wave1/5210_A1_wave1_00005"},{"time":0.4,"name":"EF/5210_A1_wave1/5210_A1_wave1_00006"},{"time":0.4333,"name":"EF/5210_A1_wave1/5210_A1_wave1_00007"},{"time":0.4666,"name":"EF/5210_A1_wave1/5210_A1_wave1_00008"},{"time":0.5,"name":"EF/5210_A1_wave1/5210_A1_wave1_00009"},{"time":0.5333,"name":"EF/5210_A1_wave1/5210_A1_wave1_00012"},{"time":0.5666,"name":null}]},"MAIN":{"attachment":[{"time":0,"name":"attack1_10"},{"time":0.1666,"name":"attack1_01"},{"time":0.3333,"name":"attack1_02"},{"time":0.5,"name":"attack1_03"},{"time":0.6666,"name":"attack1_04"},{"time":0.8333,"name":"attack1_05"},{"time":0.9,"name":"attack1_06"},{"time":0.9666,"name":"attack1_07"},{"time":1.2,"name":"attack1_08"},{"time":1.3,"name":"attack1_09"},{"time":1.4333,"name":"attack1_10"},{"time":1.6666,"name":"attack1_10"},{"time":2.7,"name":"attack1_10"}]}},"bones":{"EF_wave1_00":{"scale":[{"time":0,"x":2.037,"y":2.037},{"time":0.0666,"x":2,"y":2,"curve":"stepped"},{"time":0.4666,"x":2,"y":2,"curve":"stepped"},{"time":0.7666,"x":0.535,"y":0.535},{"time":1,"x":2.599,"y":2.599}]},"EF_wave1_01":{"scale":[{"time":0,"x":2,"y":2,"curve":"stepped"},{"time":0.2,"x":2,"y":2,"curve":"stepped"},{"time":0.6,"x":2,"y":2}]},"EF_wave1_02":{"scale":[{"time":0,"x":2,"y":2,"curve":"stepped"},{"time":0.3333,"x":2,"y":2}]},"DAMAGEAREA":{"translate":[{"time":1.9666,"x":-417.16,"y":53.18,"curve":"stepped"},{"time":2,"x":-708.62,"y":53.18}],"scale":[{"time":1.9666,"x":4.207,"y":0.667,"curve":"stepped"},{"time":2,"x":7.205,"y":0.667}]}},"events":[{"time":0,"name":"Sound1","string":"cri_se_battle_charge"},{"time":0.9333,"name":"Sound1","string":"cri_se_battle_cure_02"},{"time":1,"name":"Sound1","string":"cri_se_battle_040_unit_call"},{"time":1.3,"name":"Voice","string":"cri_113_voice_attack_a"},{"time":1.3333,"name":"Sound1","string":"cri_se_battle_charge"},{"time":1.5666,"name":"Sound1","string":"cri_se_battle_machine_laser_01"},{"time":1.9333,"name":"Event","float":0.1,"string":"kHitStopType_enemyonly"},{"time":1.9333,"name":"Sound1","string":"cri_se_battle_skill_laser"},{"time":2.0333,"name":"Hit","string":"resetHitList"},{"time":2.1,"name":"Hit","string":"resetHitList"},{"time":2.1666,"name":"Hit","string":"resetHitList"},{"time":2.2333,"name":"Hit","string":"resetHitList"},{"time":2.3,"name":"Hit","string":"resetHitList"},{"time":2.3666,"name":"Hit","string":"resetHitList"}]},"back":{"slots":{"MAIN":{"attachment":[{"time":0,"name":"back_00"},{"time":0.6,"name":"idle_00"}]}},"bones":{"MAIN":{"translate":[{"time":0,"x":0,"y":0,"curve":[0.293,0.55,0.545,0.8]},{"time":0.6,"x":135,"y":0,"curve":[0.345,0.36,0.351,0.96]},{"time":1,"x":150.07,"y":0}]}},"events":[{"time":0,"name":"Sound1","string":"cri_se_battle_jump"},{"time":0.6,"name":"Sound1","string":"cri_se_battle_landing"}]},"cast":{"slots":{"MAIN":{"attachment":[{"time":0,"name":"attack1_04"},{"time":0.1666,"name":"attack1_05"},{"time":0.3333,"name":"attack1_06"},{"time":0.5,"name":"attack1_07"},{"time":1,"name":"attack1_07"}]}},"events":[{"time":0,"name":"Voice","string":"cri113_voice_item"}]},"damage":{"slots":{"MAIN":{"attachment":[{"time":0,"name":"damage_00"}]}}},"front":{"slots":{"MAIN":{"attachment":[{"time":0,"name":"front_00"}]}}},"idle":{"slots":{"MAIN":{"attachment":[{"time":0,"name":"idle_00"},{"time":0.2333,"name":"idle_01"},{"time":0.4666,"name":"idle_02"},{"time":0.7,"name":"idle_03"},{"time":0.9333,"name":"idle_04"},{"time":1.1666,"name":"idle_00"}]}}},"in":{"slots":{"MAIN":{"attachment":[{"time":0,"name":"front_00"},{"time":0.5,"name":"idle_00"},{"time":0.8333,"name":"idle_00"}],"color":[{"time":0,"color":"ffffff00"},{"time":0.5,"color":"ffffffff"}]}},"bones":{"MAIN":{"translate":[{"time":0,"x":350,"y":0},{"time":0.5,"x":15,"y":0,"curve":[0,0.67,0.75,1]},{"time":0.8333,"x":0,"y":0}]}},"events":[{"time":0.8333,"name":"Event","string":"takeIdle"}]},"skill1":{"slots":{"EF_grass_aura_B":{"attachment":[{"time":0,"name":"EF/grass_aura/B_grass_aura_3"},{"time":0.0666,"name":"EF/grass_aura/B_grass_aura_1"},{"time":0.1,"name":"EF/grass_aura/B_grass_aura_2"},{"time":0.1666,"name":"EF/grass_aura/B_grass_aura_3"},{"time":0.2333,"name":"EF/grass_aura/B_grass_aura_1"},{"time":0.3,"name":"EF/grass_aura/B_grass_aura_2"},{"time":0.3666,"name":"EF/grass_aura/B_grass_aura_3"},{"time":0.4333,"name":"EF/grass_aura/B_grass_aura_1"},{"time":0.5,"name":"EF/grass_aura/B_grass_aura_2"},{"time":0.5666,"name":"EF/grass_aura/B_grass_aura_3"},{"time":0.6333,"name":"EF/grass_aura/B_grass_aura_1"},{"time":0.7,"name":"EF/grass_aura/B_grass_aura_2"},{"time":0.7666,"name":"EF/grass_aura/B_grass_aura_3"}],"color":[{"time":0,"color":"ffffff00"},{"time":0.7333,"color":"ffffffff"},{"time":0.8,"color":"ffffff00"}]},"EF_grass_aura_F":{"attachment":[{"time":0,"name":"EF/grass_aura/F_grass_aura_3"},{"time":0.0666,"name":"EF/grass_aura/F_grass_aura_1"},{"time":0.1333,"name":"EF/grass_aura/F_grass_aura_2"},{"time":0.2,"name":"EF/grass_aura/F_grass_aura_3"},{"time":0.2666,"name":"EF/grass_aura/F_grass_aura_1"},{"time":0.3333,"name":"EF/grass_aura/F_grass_aura_2"},{"time":0.4,"name":"EF/grass_aura/F_grass_aura_3"},{"time":0.4666,"name":"EF/grass_aura/F_grass_aura_1"},{"time":0.5333,"name":"EF/grass_aura/F_grass_aura_2"},{"time":0.6,"name":"EF/grass_aura/F_grass_aura_3"},{"time":0.6666,"name":"EF/grass_aura/F_grass_aura_1"},{"time":0.7333,"name":"EF/grass_aura/F_grass_aura_2"},{"time":0.8,"name":"EF/grass_aura/F_grass_aura_3"}],"color":[{"time":0,"color":"ffffff00"},{"time":0.7333,"color":"ffffffff"},{"time":0.8,"color":"ffffff00"}]},"EF_wave1_00":{"attachment":[{"time":0,"name":"EF/5210_A1_wave1/5210_A1_wave1_00008"},{"time":0.0666,"name":"EF/5210_A1_wave1/5210_A1_wave1_00004"},{"time":0.1,"name":"EF/5210_A1_wave1/5210_A1_wave1_00005"},{"time":0.1333,"name":"EF/5210_A1_wave1/5210_A1_wave1_00006"},{"time":0.1666,"name":"EF/5210_A1_wave1/5210_A1_wave1_00007"},{"time":0.2,"name":"EF/5210_A1_wave1/5210_A1_wave1_00008"},{"time":0.2333,"name":"EF/5210_A1_wave1/5210_A1_wave1_00009"},{"time":0.2666,"name":"EF/5210_A1_wave1/5210_A1_wave1_00012"},{"time":0.3,"name":null},{"time":0.4666,"name":"EF/5210_A1_wave1/5210_A1_wave1_00004"},{"time":0.5,"name":"EF/5210_A1_wave1/5210_A1_wave1_00005"},{"time":0.5333,"name":"EF/5210_A1_wave1/5210_A1_wave1_00006"},{"time":0.5666,"name":"EF/5210_A1_wave1/5210_A1_wave1_00007"},{"time":0.6,"name":"EF/5210_A1_wave1/5210_A1_wave1_00008"},{"time":0.6333,"name":"EF/5210_A1_wave1/5210_A1_wave1_00009"},{"time":0.6666,"name":"EF/5210_A1_wave1/5210_A1_wave1_00012"},{"time":0.7,"name":null},{"time":0.9333,"name":"EF/5210_A1_wave1/5210_A1_wave1_00004"},{"time":0.9666,"name":"EF/5210_A1_wave1/5210_A1_wave1_00005"},{"time":1,"name":"EF/5210_A1_wave1/5210_A1_wave1_00006"},{"time":1.0333,"name":"EF/5210_A1_wave1/5210_A1_wave1_00007"},{"time":1.0666,"name":"EF/5210_A1_wave1/5210_A1_wave1_00008"},{"time":1.1,"name":"EF/5210_A1_wave1/5210_A1_wave1_00009"},{"time":1.1333,"name":"EF/5210_A1_wave1/5210_A1_wave1_00012"},{"time":1.1666,"name":null}]},"EF_wave1_01":{"attachment":[{"time":0.2,"name":"EF/5210_A1_wave1/5210_A1_wave1_00004"},{"time":0.2333,"name":"EF/5210_A1_wave1/5210_A1_wave1_00005"},{"time":0.2666,"name":"EF/5210_A1_wave1/5210_A1_wave1_00006"},{"time":0.3,"name":"EF/5210_A1_wave1/5210_A1_wave1_00007"},{"time":0.3333,"name":"EF/5210_A1_wave1/5210_A1_wave1_00008"},{"time":0.3666,"name":"EF/5210_A1_wave1/5210_A1_wave1_00009"},{"time":0.4,"name":"EF/5210_A1_wave1/5210_A1_wave1_00012"},{"time":0.4333,"name":null},{"time":0.6,"name":"EF/5210_A1_wave1/5210_A1_wave1_00004"},{"time":0.6333,"name":"EF/5210_A1_wave1/5210_A1_wave1_00005"},{"time":0.6666,"name":"EF/5210_A1_wave1/5210_A1_wave1_00006"},{"time":0.7,"name":"EF/5210_A1_wave1/5210_A1_wave1_00007"},{"time":0.7333,"name":"EF/5210_A1_wave1/5210_A1_wave1_00008"},{"time":0.7666,"name":"EF/5210_A1_wave1/5210_A1_wave1_00009"},{"time":0.8,"name":"EF/5210_A1_wave1/5210_A1_wave1_00012"},{"time":0.8333,"name":null}]},"EF_wave1_02":{"attachment":[{"time":0,"name":null},{"time":0.3333,"name":"EF/5210_A1_wave1/5210_A1_wave1_00004"},{"time":0.3666,"name":"EF/5210_A1_wave1/5210_A1_wave1_00005"},{"time":0.4,"name":"EF/5210_A1_wave1/5210_A1_wave1_00006"},{"time":0.4333,"name":"EF/5210_A1_wave1/5210_A1_wave1_00007"},{"time":0.4666,"name":"EF/5210_A1_wave1/5210_A1_wave1_00008"},{"time":0.5,"name":"EF/5210_A1_wave1/5210_A1_wave1_00009"},{"time":0.5333,"name":"EF/5210_A1_wave1/5210_A1_wave1_00012"},{"time":0.5666,"name":null}]},"MAIN":{"attachment":[{"time":0,"name":"attack1_00"},{"time":0.1666,"name":"attack1_01"},{"time":0.3333,"name":"attack1_02"},{"time":0.5,"name":"attack1_03"},{"time":0.6666,"name":"attack1_04"},{"time":0.8333,"name":"skill1_00"},{"time":0.9333,"name":"skill1_01"},{"time":1.0333,"name":"skill1_02"},{"time":1.1333,"name":"skill1_03"},{"time":1.3,"name":"skill1_04"},{"time":1.4333,"name":"skill1_05"},{"time":1.5666,"name":"skill1_06"},{"time":1.8333,"name":"skill1_06"},{"time":2.7333,"name":"skill1_06"}]}},"bones":{"EF_wave1_01":{"scale":[{"time":0,"x":2,"y":2,"curve":"stepped"},{"time":0.2,"x":2,"y":2,"curve":"stepped"},{"time":0.6,"x":2,"y":2,"curve":"stepped"},{"time":1.3,"x":2,"y":2}]},"EF_wave1_00":{"scale":[{"time":0,"x":1.715,"y":1.715},{"time":0.0666,"x":2,"y":2,"curve":"stepped"},{"time":0.4666,"x":2,"y":2,"curve":"stepped"},{"time":0.9333,"x":0.535,"y":0.535},{"time":1.1666,"x":2.599,"y":2.599}]},"EF_wave1_02":{"scale":[{"time":0,"x":2,"y":2,"curve":"stepped"},{"time":0.3333,"x":2,"y":2}]}},"events":[{"time":0,"name":"Sound1","string":"cri_se_battle_monster_charge"},{"time":0,"name":"Sound2","string":"cri_se_battle_charge_03"},{"time":0,"name":"Voice","string":"cri_113_voice_skill_c"},{"time":0.8333,"name":"Event","string":"runScript_runSkillAttack"},{"time":2.6666,"name":"Event","string":"excuteAction"},{"time":2.7333,"name":"Event","string":"runSkillEffect"}]},"skill2":{"slots":{"EF_magic_1":{"attachment":[{"time":0,"name":"EF/magic_4light"}],"color":[{"time":1.5,"color":"ffffffff"},{"time":1.6666,"color":"ffffff00"}]},"EF_magic_2":{"attachment":[{"time":0,"name":"EF/magic_4light"}],"color":[{"time":0,"color":"ffffffff","curve":"stepped"},{"time":0.3333,"color":"ffffffff"},{"time":0.6666,"color":"ffffff00"}]},"MAIN":{"attachment":[{"time":0.1666,"name":"attack1_01"},{"time":0.3333,"name":"attack1_02"},{"time":0.5,"name":"attack1_03"},{"time":0.6666,"name":"attack1_04"},{"time":0.8333,"name":"skill1_00"},{"time":0.9333,"name":"skill1_01"},{"time":1.0333,"name":"skill1_02"},{"time":1.1333,"name":"skill1_03"},{"time":1.3,"name":"skill1_04"},{"time":1.4333,"name":"skill1_05"},{"time":1.5666,"name":"skill1_06"},{"time":1.6,"name":"attack1_00"},{"time":1.6666,"name":"attack1_01"},{"time":1.7333,"name":"attack1_02"},{"time":1.8,"name":"attack1_03"},{"time":1.9,"name":"attack1_08"},{"time":2,"name":"attack1_09"},{"time":2.1333,"name":"attack1_10"},{"time":2.7333,"name":"attack1_10"}]}},"bones":{"EF_magic_2":{"translate":[{"time":0,"x":-1.46,"y":-299.06}],"scale":[{"time":0,"x":0.147,"y":0.04},{"time":0.6666,"x":2.864,"y":0.783}]},"EF_magic_1":{"translate":[{"time":0,"x":-1.46,"y":-299.06}],"scale":[{"time":0,"x":0.147,"y":0.04},{"time":0.3333,"x":1.56,"y":0.426,"curve":"stepped"},{"time":1.5,"x":1.56,"y":0.426},{"time":1.6666,"x":2.475,"y":0.676}]}},"ffd":{"default":{"EF_magic_1":{"EF/magic_4light":[{"time":0},{"time":2,"vertices":[-32.59346,-25.44586,-25.44587,32.59346,32.59341,25.44588,25.4458,-32.59344]}]},"EF_magic_2":{"EF/magic_4light":[{"time":0},{"time":2,"vertices":[-33.97012,-26.24543,-26.24543,33.97013,33.97013,26.24543,26.24543,-33.97013]}]}}},"events":[{"time":0,"name":"Sound1","string":"cri_se_battle_monster_charge"},{"time":0,"name":"Sound2","string":"cri_se_battle_charge_03"},{"time":0.1666,"name":"Voice","string":"cri_113_voice_fullarts_now"},{"time":0.8333,"name":"Event","string":"runScript_CoupDeGrace"},{"time":2,"name":"Voice","string":"cri_113_voice_fullarts_rank4"},{"time":2.6666,"name":"Event","string":"excuteAction"},{"time":2.7333,"name":"Event","string":"runSkillEffect"}]},"skill1-library":{"slots":{"EF_grass_aura_B":{"attachment":[{"time":0,"name":"EF/grass_aura/B_grass_aura_3"},{"time":0.0666,"name":"EF/grass_aura/B_grass_aura_1"},{"time":0.1,"name":"EF/grass_aura/B_grass_aura_2"},{"time":0.1666,"name":"EF/grass_aura/B_grass_aura_3"},{"time":0.2333,"name":"EF/grass_aura/B_grass_aura_1"},{"time":0.3,"name":"EF/grass_aura/B_grass_aura_2"},{"time":0.3666,"name":"EF/grass_aura/B_grass_aura_3"},{"time":0.4333,"name":"EF/grass_aura/B_grass_aura_1"},{"time":0.5,"name":"EF/grass_aura/B_grass_aura_2"},{"time":0.5666,"name":"EF/grass_aura/B_grass_aura_3"},{"time":0.6333,"name":"EF/grass_aura/B_grass_aura_1"},{"time":0.7,"name":"EF/grass_aura/B_grass_aura_2"},{"time":0.7666,"name":"EF/grass_aura/B_grass_aura_3"}],"color":[{"time":0,"color":"ffffff00"},{"time":0.7333,"color":"ffffffff"},{"time":0.8,"color":"ffffff00"}]},"EF_grass_aura_F":{"attachment":[{"time":0,"name":"EF/grass_aura/F_grass_aura_3"},{"time":0.0666,"name":"EF/grass_aura/F_grass_aura_1"},{"time":0.1333,"name":"EF/grass_aura/F_grass_aura_2"},{"time":0.2,"name":"EF/grass_aura/F_grass_aura_3"},{"time":0.2666,"name":"EF/grass_aura/F_grass_aura_1"},{"time":0.3333,"name":"EF/grass_aura/F_grass_aura_2"},{"time":0.4,"name":"EF/grass_aura/F_grass_aura_3"},{"time":0.4666,"name":"EF/grass_aura/F_grass_aura_1"},{"time":0.5333,"name":"EF/grass_aura/F_grass_aura_2"},{"time":0.6,"name":"EF/grass_aura/F_grass_aura_3"},{"time":0.6666,"name":"EF/grass_aura/F_grass_aura_1"},{"time":0.7333,"name":"EF/grass_aura/F_grass_aura_2"},{"time":0.8,"name":"EF/grass_aura/F_grass_aura_3"}],"color":[{"time":0,"color":"ffffff00"},{"time":0.7333,"color":"ffffffff"},{"time":0.8,"color":"ffffff00"}]},"EF_wave1_00":{"attachment":[{"time":0,"name":null},{"time":0.0666,"name":"EF/5210_A1_wave1/5210_A1_wave1_00004"},{"time":0.1,"name":"EF/5210_A1_wave1/5210_A1_wave1_00005"},{"time":0.1333,"name":"EF/5210_A1_wave1/5210_A1_wave1_00006"},{"time":0.1666,"name":"EF/5210_A1_wave1/5210_A1_wave1_00007"},{"time":0.2,"name":"EF/5210_A1_wave1/5210_A1_wave1_00008"},{"time":0.2333,"name":"EF/5210_A1_wave1/5210_A1_wave1_00009"},{"time":0.2666,"name":"EF/5210_A1_wave1/5210_A1_wave1_00012"},{"time":0.3,"name":null},{"time":0.4666,"name":"EF/5210_A1_wave1/5210_A1_wave1_00004"},{"time":0.5,"name":"EF/5210_A1_wave1/5210_A1_wave1_00005"},{"time":0.5333,"name":"EF/5210_A1_wave1/5210_A1_wave1_00006"},{"time":0.5666,"name":"EF/5210_A1_wave1/5210_A1_wave1_00007"},{"time":0.6,"name":"EF/5210_A1_wave1/5210_A1_wave1_00008"},{"time":0.6333,"name":"EF/5210_A1_wave1/5210_A1_wave1_00009"},{"time":0.6666,"name":"EF/5210_A1_wave1/5210_A1_wave1_00012"},{"time":0.7,"name":null},{"time":0.9333,"name":"EF/5210_A1_wave1/5210_A1_wave1_00004"},{"time":0.9666,"name":"EF/5210_A1_wave1/5210_A1_wave1_00005"},{"time":1,"name":"EF/5210_A1_wave1/5210_A1_wave1_00006"},{"time":1.0333,"name":"EF/5210_A1_wave1/5210_A1_wave1_00007"},{"time":1.0666,"name":"EF/5210_A1_wave1/5210_A1_wave1_00008"},{"time":1.1,"name":"EF/5210_A1_wave1/5210_A1_wave1_00009"},{"time":1.1333,"name":"EF/5210_A1_wave1/5210_A1_wave1_00012"},{"time":1.1666,"name":null}]},"EF_wave1_01":{"attachment":[{"time":0.2,"name":"EF/5210_A1_wave1/5210_A1_wave1_00004"},{"time":0.2333,"name":"EF/5210_A1_wave1/5210_A1_wave1_00005"},{"time":0.2666,"name":"EF/5210_A1_wave1/5210_A1_wave1_00006"},{"time":0.3,"name":"EF/5210_A1_wave1/5210_A1_wave1_00007"},{"time":0.3333,"name":"EF/5210_A1_wave1/5210_A1_wave1_00008"},{"time":0.3666,"name":"EF/5210_A1_wave1/5210_A1_wave1_00009"},{"time":0.4,"name":"EF/5210_A1_wave1/5210_A1_wave1_00012"},{"time":0.4333,"name":null},{"time":0.6,"name":"EF/5210_A1_wave1/5210_A1_wave1_00004"},{"time":0.6333,"name":"EF/5210_A1_wave1/5210_A1_wave1_00005"},{"time":0.6666,"name":"EF/5210_A1_wave1/5210_A1_wave1_00006"},{"time":0.7,"name":"EF/5210_A1_wave1/5210_A1_wave1_00007"},{"time":0.7333,"name":"EF/5210_A1_wave1/5210_A1_wave1_00008"},{"time":0.7666,"name":"EF/5210_A1_wave1/5210_A1_wave1_00009"},{"time":0.8,"name":"EF/5210_A1_wave1/5210_A1_wave1_00012"},{"time":0.8333,"name":null}]},"EF_wave1_02":{"attachment":[{"time":0,"name":null},{"time":0.3333,"name":"EF/5210_A1_wave1/5210_A1_wave1_00004"},{"time":0.3666,"name":"EF/5210_A1_wave1/5210_A1_wave1_00005"},{"time":0.4,"name":"EF/5210_A1_wave1/5210_A1_wave1_00006"},{"time":0.4333,"name":"EF/5210_A1_wave1/5210_A1_wave1_00007"},{"time":0.4666,"name":"EF/5210_A1_wave1/5210_A1_wave1_00008"},{"time":0.5,"name":"EF/5210_A1_wave1/5210_A1_wave1_00009"},{"time":0.5333,"name":"EF/5210_A1_wave1/5210_A1_wave1_00012"},{"time":0.5666,"name":null}]},"MAIN":{"attachment":[{"time":0,"name":"skill1_06"},{"time":0.1666,"name":"attack1_01"},{"time":0.3333,"name":"attack1_02"},{"time":0.5,"name":"attack1_03"},{"time":0.6666,"name":"attack1_04"},{"time":0.8333,"name":"skill1_00"},{"time":0.9333,"name":"skill1_01"},{"time":1.0333,"name":"skill1_02"},{"time":1.1333,"name":"skill1_03"},{"time":1.3,"name":"skill1_04"},{"time":1.4333,"name":"skill1_05"},{"time":1.5666,"name":"skill1_06"},{"time":1.8333,"name":"skill1_06"},{"time":2.7333,"name":"skill1_06"}]}},"bones":{"EF_wave1_01":{"scale":[{"time":0,"x":2,"y":2,"curve":"stepped"},{"time":0.2,"x":2,"y":2,"curve":"stepped"},{"time":0.6,"x":2,"y":2,"curve":"stepped"},{"time":1.3,"x":2,"y":2}]},"EF_wave1_00":{"scale":[{"time":0,"x":2.599,"y":2.599},{"time":0.0666,"x":2,"y":2,"curve":"stepped"},{"time":0.4666,"x":2,"y":2,"curve":"stepped"},{"time":0.9333,"x":0.535,"y":0.535},{"time":1.1666,"x":2.599,"y":2.599}]},"EF_wave1_02":{"scale":[{"time":0,"x":2,"y":2,"curve":"stepped"},{"time":0.3333,"x":2,"y":2}]}},"events":[{"time":0,"name":"Sound1","string":"cri_se_battle_monster_charge"},{"time":0,"name":"Sound2","string":"cri_se_battle_charge_03"},{"time":0,"name":"Voice","string":"cri_113_voice_skill_c"},{"time":0.8333,"name":"Event","string":"addOrbitSystem_1skill1attacklibrary"},{"time":2.6666,"name":"Event","string":"excuteAction"},{"time":2.7333,"name":"Event","string":"runSkillEffect"}]},"skill2-library":{"slots":{"EF_magic_1":{"attachment":[{"time":0,"name":"EF/magic_4light"}],"color":[{"time":1.5,"color":"ffffffff"},{"time":1.6666,"color":"ffffff00"}]},"EF_magic_2":{"attachment":[{"time":0,"name":"EF/magic_4light"}],"color":[{"time":0,"color":"ffffffff","curve":"stepped"},{"time":0.3333,"color":"ffffffff"},{"time":0.6666,"color":"ffffff00"}]},"MAIN":{"attachment":[{"time":0.1666,"name":"attack1_01"},{"time":0.3333,"name":"attack1_02"},{"time":0.5,"name":"attack1_03"},{"time":0.6666,"name":"attack1_04"},{"time":0.8333,"name":"skill1_00"},{"time":0.9333,"name":"skill1_01"},{"time":1.0333,"name":"skill1_02"},{"time":1.1333,"name":"skill1_03"},{"time":1.3,"name":"skill1_04"},{"time":1.4333,"name":"skill1_05"},{"time":1.5666,"name":"skill1_06"},{"time":1.6,"name":"attack1_00"},{"time":1.6666,"name":"attack1_01"},{"time":1.7333,"name":"attack1_02"},{"time":1.8,"name":"attack1_03"},{"time":1.9,"name":"attack1_08"},{"time":2,"name":"attack1_09"},{"time":2.1333,"name":"attack1_10"},{"time":2.7333,"name":"attack1_10"}]}},"bones":{"EF_magic_2":{"translate":[{"time":0,"x":-1.46,"y":-299.06}],"scale":[{"time":0,"x":0.147,"y":0.04},{"time":0.6666,"x":2.864,"y":0.783}]},"EF_magic_1":{"translate":[{"time":0,"x":-1.46,"y":-299.06}],"scale":[{"time":0,"x":0.147,"y":0.04},{"time":0.3333,"x":1.56,"y":0.426,"curve":"stepped"},{"time":1.5,"x":1.56,"y":0.426},{"time":1.6666,"x":2.475,"y":0.676}]}},"ffd":{"default":{"EF_magic_1":{"EF/magic_4light":[{"time":0},{"time":2,"vertices":[-32.59346,-25.44586,-25.44587,32.59346,32.59341,25.44588,25.4458,-32.59344]}]},"EF_magic_2":{"EF/magic_4light":[{"time":0},{"time":2,"vertices":[-33.97012,-26.24543,-26.24543,33.97013,33.97013,26.24543,26.24543,-33.97013]}]}}},"events":[{"time":0,"name":"Sound1","string":"cri_se_battle_monster_charge"},{"time":0,"name":"Sound2","string":"cri_se_battle_charge_03"},{"time":0.1666,"name":"Voice","string":"cri_113_voice_fullarts_now"},{"time":0.8333,"name":"Event","string":"addOrbitSystem_1skill1attacklibrary"},{"time":1,"name":"Event","string":"addOrbitSystem_1skill1attack2library"},{"time":1.1666,"name":"Event","string":"addOrbitSystem_1skill1attack3library"},{"time":2,"name":"Voice","string":"cri_113_voice_fullarts_rank4"},{"time":2.6666,"name":"Event","string":"excuteAction"},{"time":2.7333,"name":"Event","string":"runSkillEffect"}]}}}