{"skeleton":{"hash":"qQzW/3ei+yStqZQ4OOrRP9Xpl6Q","spine":"3.0.12","width":0,"height":0,"images":"./images/"},"bones":[{"name":"root"},{"name":"690_S2_rock1_re2","parent":"root","scaleX":2,"scaleY":2},{"name":"690_S2_rock1_re","parent":"root","scaleX":2,"scaleY":2},{"name":"420_S2_slash2_re","parent":"root","scaleX":2.5,"scaleY":2.5},{"name":"420_S2_slash1_re","parent":"root","scaleX":2.5,"scaleY":2.5},{"name":"420_S2_slash3","parent":"root","x":53.31,"y":-30.47},{"name":"420_S2_slash2","parent":"root","x":53.31,"y":-30.47},{"name":"420_S2_slash1","parent":"root","x":53.31,"y":-30.47},{"name":"420_S1_wind1_re","parent":"root","scaleX":2.5,"scaleY":2.5},{"name":"420_S1_slash1_re2","parent":"root","scaleX":2,"scaleY":2},{"name":"420_S1_slash1_re","parent":"root","scaleX":2,"scaleY":2},{"name":"370_S1_dash2_re","parent":"root","scaleX":1.5,"scaleY":1.5},{"name":"370_S1_dash1_re","parent":"root","scaleX":2.5,"scaleY":2.5}],"slots":[{"name":"EF/370_S1_dash1/370_S1_dash1_0","bone":"370_S1_dash1_re","blend":"additive"},{"name":"370_S1_dash3","bone":"370_S1_dash2_re","blend":"additive"},{"name":"EF/420_S1_slash1/420_S1_slash1_0","bone":"420_S1_slash1_re","blend":"additive"},{"name":"EF/420_S1_slash1/420_S1_slash1_1","bone":"420_S1_slash1_re2","blend":"additive"},{"name":"EF/420_S1_wind1/420_S1_wind1_0","bone":"420_S1_wind1_re","blend":"additive"},{"name":"EF/420_S2_slash2/420_S2_slash2_0","bone":"420_S2_slash2_re","blend":"additive"},{"name":"EF/420_S2_slash2/420_S2_slash2_1","bone":"420_S2_slash1_re","blend":"additive"},{"name":"EF/690_S2_rock1/690_S2_rock1_1","bone":"690_S2_rock1_re"},{"name":"EF/690_S2_rock1/690_S2_rock1_2","bone":"690_S2_rock1_re2"},{"name":"EF/420_S2_slash1/420_S2_slash1_00000","bone":"420_S2_slash1","blend":"additive"},{"name":"EF/420_S2_slash1/420_S2_slash1_2","bone":"420_S2_slash2","blend":"additive"},{"name":"EF/420_S2_slash1/420_S2_slash1_5","bone":"420_S2_slash3","blend":"additive"},{"name":"EF/420_S2_slash1/420_S2_slash1_1","bone":"420_S2_slash1","blend":"additive"},{"name":"EF/420_S2_slash1/420_S2_slash1_3","bone":"420_S2_slash2","blend":"additive"},{"name":"EF/420_S2_slash1/420_S2_slash1_6","bone":"420_S2_slash3","blend":"additive"},{"name":"EF/420_S2_slash1/420_S2_slash1_0","bone":"420_S2_slash1","blend":"additive"},{"name":"EF/420_S2_slash1/420_S2_slash1_4","bone":"420_S2_slash2","blend":"additive"},{"name":"EF/420_S2_slash1/420_S2_slash1_7","bone":"420_S2_slash3","blend":"additive"}],"skins":{"default":{"370_S1_dash3":{"EF/370_S1_dash2/370_S1_dash2_00001":{"width":320,"height":320}},"EF/370_S1_dash1/370_S1_dash1_0":{"EF/370_S1_dash1/370_S1_dash1_00000":{"y":75,"width":320,"height":320},"EF/370_S1_dash1/370_S1_dash1_00001":{"y":75,"width":320,"height":320},"EF/370_S1_dash1/370_S1_dash1_00002":{"y":75,"width":320,"height":320},"EF/370_S1_dash1/370_S1_dash1_00003":{"y":75,"width":320,"height":320},"EF/370_S1_dash1/370_S1_dash1_00004":{"y":75,"width":320,"height":320},"EF/370_S1_dash1/370_S1_dash1_00005":{"y":75,"width":320,"height":320},"EF/370_S1_dash1/370_S1_dash1_00006":{"y":75,"width":320,"height":320},"EF/370_S1_dash1/370_S1_dash1_00007":{"y":75,"width":320,"height":320},"EF/370_S1_dash1/370_S1_dash1_00008":{"y":75,"width":320,"height":320},"EF/370_S1_dash1/370_S1_dash1_00009":{"y":75,"width":320,"height":320},"EF/370_S1_dash1/370_S1_dash1_00010":{"y":74.99,"width":320,"height":320},"EF/370_S1_dash1/370_S1_dash1_00011":{"y":74.99,"width":320,"height":320},"EF/370_S1_dash1/370_S1_dash1_00012":{"y":74.99,"width":320,"height":320}},"EF/420_S1_slash1/420_S1_slash1_0":{"EF/420_S1_slash1/420_S1_slash1_00000":{"width":320,"height":320},"EF/420_S1_slash1/420_S1_slash1_00001":{"width":320,"height":320},"EF/420_S1_slash1/420_S1_slash1_00002":{"width":320,"height":320},"EF/420_S1_slash1/420_S1_slash1_00003":{"width":320,"height":320}},"EF/420_S1_slash1/420_S1_slash1_1":{"EF/420_S1_slash1/420_S1_slash1_00000":{"width":320,"height":320},"EF/420_S1_slash1/420_S1_slash1_00001":{"width":320,"height":320},"EF/420_S1_slash1/420_S1_slash1_00002":{"width":320,"height":320},"EF/420_S1_slash1/420_S1_slash1_00003":{"width":320,"height":320}},"EF/420_S1_wind1/420_S1_wind1_0":{"EF/420_S1_wind1/420_S1_wind1_00000":{"x":90,"y":10,"width":425,"height":425},"EF/420_S1_wind1/420_S1_wind1_00001":{"x":90,"y":10,"width":425,"height":425},"EF/420_S1_wind1/420_S1_wind1_00002":{"x":90,"y":10,"width":425,"height":425},"EF/420_S1_wind1/420_S1_wind1_00003":{"x":90,"y":10,"width":425,"height":425},"EF/420_S1_wind1/420_S1_wind1_00004":{"x":89.99,"y":9.99,"width":425,"height":425},"EF/420_S1_wind1/420_S1_wind1_00005":{"x":89.99,"y":9.99,"width":425,"height":425},"EF/420_S1_wind1/420_S1_wind1_00006":{"x":89.99,"y":9.99,"width":425,"height":425},"EF/420_S1_wind1/420_S1_wind1_00007":{"x":89.99,"y":9.99,"width":425,"height":425}},"EF/420_S2_slash1/420_S2_slash1_0":{"EF/420_S2_slash1/420_S2_slash1_00000":{"x":-53.31,"y":11.67,"width":500,"height":500},"EF/420_S2_slash1/420_S2_slash1_00001":{"x":-53.31,"y":11.67,"width":500,"height":500},"EF/420_S2_slash1/420_S2_slash1_00002":{"x":-53.31,"y":11.67,"width":500,"height":500},"EF/420_S2_slash1/420_S2_slash1_00003":{"x":-53.31,"y":11.67,"width":500,"height":500},"EF/420_S2_slash1/420_S2_slash1_00004":{"x":-53.31,"y":11.67,"width":500,"height":500},"EF/420_S2_slash1/420_S2_slash1_00005":{"x":-53.31,"y":11.67,"width":500,"height":500}},"EF/420_S2_slash1/420_S2_slash1_00000":{"EF/420_S2_slash1/420_S2_slash1_00000":{"x":-53.31,"y":47.66,"width":500,"height":500},"EF/420_S2_slash1/420_S2_slash1_00001":{"x":-53.31,"y":47.67,"width":500,"height":500},"EF/420_S2_slash1/420_S2_slash1_00002":{"x":-53.31,"y":47.67,"width":500,"height":500},"EF/420_S2_slash1/420_S2_slash1_00003":{"x":-53.31,"y":47.67,"width":500,"height":500},"EF/420_S2_slash1/420_S2_slash1_00004":{"x":-53.31,"y":47.67,"width":500,"height":500},"EF/420_S2_slash1/420_S2_slash1_00005":{"x":-53.31,"y":47.67,"width":500,"height":500}},"EF/420_S2_slash1/420_S2_slash1_1":{"EF/420_S2_slash1/420_S2_slash1_00000":{"x":-53.31,"y":30.47,"scaleX":1.1,"scaleY":1.1,"width":500,"height":500},"EF/420_S2_slash1/420_S2_slash1_00001":{"x":-53.31,"y":30.47,"scaleX":1.1,"scaleY":1.1,"width":500,"height":500},"EF/420_S2_slash1/420_S2_slash1_00002":{"x":-53.31,"y":30.47,"scaleX":1.1,"scaleY":1.1,"width":500,"height":500},"EF/420_S2_slash1/420_S2_slash1_00003":{"x":-53.31,"y":30.47,"scaleX":1.1,"scaleY":1.1,"width":500,"height":500},"EF/420_S2_slash1/420_S2_slash1_00004":{"x":-53.31,"y":30.47,"scaleX":1.1,"scaleY":1.1,"width":500,"height":500},"EF/420_S2_slash1/420_S2_slash1_00005":{"x":-53.31,"y":30.47,"scaleX":1.1,"scaleY":1.1,"width":500,"height":500}},"EF/420_S2_slash1/420_S2_slash1_2":{"EF/420_S2_slash1/420_S2_slash1_00000":{"x":-53.31,"y":43.96,"width":500,"height":500},"EF/420_S2_slash1/420_S2_slash1_00001":{"x":-53.31,"y":43.96,"width":500,"height":500},"EF/420_S2_slash1/420_S2_slash1_00002":{"x":-53.31,"y":43.96,"width":500,"height":500},"EF/420_S2_slash1/420_S2_slash1_00003":{"x":-53.31,"y":43.96,"width":500,"height":500},"EF/420_S2_slash1/420_S2_slash1_00004":{"x":-53.31,"y":43.96,"width":500,"height":500},"EF/420_S2_slash1/420_S2_slash1_00005":{"x":-53.31,"y":43.96,"width":500,"height":500}},"EF/420_S2_slash1/420_S2_slash1_3":{"EF/420_S2_slash1/420_S2_slash1_00000":{"x":-53.31,"y":30.47,"scaleX":1.1,"scaleY":1.1,"width":500,"height":500},"EF/420_S2_slash1/420_S2_slash1_00001":{"x":-53.31,"y":30.47,"scaleX":1.1,"scaleY":1.1,"width":500,"height":500},"EF/420_S2_slash1/420_S2_slash1_00002":{"x":-53.31,"y":30.47,"scaleX":1.1,"scaleY":1.1,"width":500,"height":500},"EF/420_S2_slash1/420_S2_slash1_00003":{"x":-53.31,"y":30.47,"scaleX":1.1,"scaleY":1.1,"width":500,"height":500},"EF/420_S2_slash1/420_S2_slash1_00004":{"x":-53.31,"y":30.47,"scaleX":1.1,"scaleY":1.1,"width":500,"height":500},"EF/420_S2_slash1/420_S2_slash1_00005":{"x":-53.31,"y":30.47,"scaleX":1.1,"scaleY":1.1,"width":500,"height":500}},"EF/420_S2_slash1/420_S2_slash1_4":{"EF/420_S2_slash1/420_S2_slash1_00000":{"x":-53.31,"y":16.96,"width":500,"height":500},"EF/420_S2_slash1/420_S2_slash1_00001":{"x":-53.31,"y":16.96,"width":500,"height":500},"EF/420_S2_slash1/420_S2_slash1_00002":{"x":-53.31,"y":16.95,"width":500,"height":500},"EF/420_S2_slash1/420_S2_slash1_00003":{"x":-53.31,"y":16.96,"width":500,"height":500},"EF/420_S2_slash1/420_S2_slash1_00004":{"x":-53.31,"y":16.96,"width":500,"height":500},"EF/420_S2_slash1/420_S2_slash1_00005":{"x":-53.31,"y":16.96,"width":500,"height":500}},"EF/420_S2_slash1/420_S2_slash1_5":{"EF/420_S2_slash1/420_S2_slash1_00000":{"x":-53.31,"y":42.96,"width":500,"height":500},"EF/420_S2_slash1/420_S2_slash1_00001":{"x":-53.31,"y":42.96,"width":500,"height":500},"EF/420_S2_slash1/420_S2_slash1_00002":{"x":-53.31,"y":42.96,"width":500,"height":500},"EF/420_S2_slash1/420_S2_slash1_00003":{"x":-53.31,"y":42.96,"width":500,"height":500},"EF/420_S2_slash1/420_S2_slash1_00004":{"x":-53.31,"y":42.96,"width":500,"height":500},"EF/420_S2_slash1/420_S2_slash1_00005":{"x":-53.31,"y":42.96,"width":500,"height":500}},"EF/420_S2_slash1/420_S2_slash1_6":{"EF/420_S2_slash1/420_S2_slash1_00000":{"x":-53.31,"y":30.47,"scaleX":0.9,"scaleY":0.9,"width":500,"height":500},"EF/420_S2_slash1/420_S2_slash1_00001":{"x":-53.31,"y":30.47,"scaleX":0.9,"scaleY":0.9,"width":500,"height":500},"EF/420_S2_slash1/420_S2_slash1_00002":{"x":-53.31,"y":30.47,"scaleX":0.9,"scaleY":0.9,"width":500,"height":500},"EF/420_S2_slash1/420_S2_slash1_00003":{"x":-53.31,"y":30.47,"scaleX":0.9,"scaleY":0.9,"width":500,"height":500},"EF/420_S2_slash1/420_S2_slash1_00004":{"x":-53.31,"y":30.47,"scaleX":0.9,"scaleY":0.9,"width":500,"height":500},"EF/420_S2_slash1/420_S2_slash1_00005":{"x":-53.31,"y":30.47,"scaleX":0.9,"scaleY":0.9,"width":500,"height":500}},"EF/420_S2_slash1/420_S2_slash1_7":{"EF/420_S2_slash1/420_S2_slash1_00000":{"x":-53.31,"y":17.22,"width":500,"height":500},"EF/420_S2_slash1/420_S2_slash1_00001":{"x":-53.31,"y":17.22,"width":500,"height":500},"EF/420_S2_slash1/420_S2_slash1_00002":{"x":-53.31,"y":17.22,"width":500,"height":500},"EF/420_S2_slash1/420_S2_slash1_00003":{"x":-53.31,"y":17.22,"width":500,"height":500},"EF/420_S2_slash1/420_S2_slash1_00004":{"x":-53.31,"y":17.22,"width":500,"height":500},"EF/420_S2_slash1/420_S2_slash1_00005":{"x":-53.31,"y":17.21,"width":500,"height":500}},"EF/420_S2_slash2/420_S2_slash2_0":{"EF/420_S2_slash2/420_S2_slash2_00000":{"width":320,"height":320},"EF/420_S2_slash2/420_S2_slash2_00001":{"width":320,"height":320},"EF/420_S2_slash2/420_S2_slash2_00002":{"width":320,"height":320},"EF/420_S2_slash2/420_S2_slash2_00003":{"width":320,"height":320},"EF/420_S2_slash2/420_S2_slash2_00004":{"width":320,"height":320},"EF/420_S2_slash2/420_S2_slash2_00005":{"width":320,"height":320}},"EF/420_S2_slash2/420_S2_slash2_1":{"EF/420_S2_slash2/420_S2_slash2_00000":{"width":320,"height":320},"EF/420_S2_slash2/420_S2_slash2_00001":{"width":320,"height":320},"EF/420_S2_slash2/420_S2_slash2_00002":{"width":320,"height":320}},"EF/690_S2_rock1/690_S2_rock1_1":{"EF/690_S2_rock1/690_S2_rock1_00000":{"y":180,"width":320,"height":320},"EF/690_S2_rock1/690_S2_rock1_00001":{"y":180,"width":320,"height":320},"EF/690_S2_rock1/690_S2_rock1_00002":{"y":180,"width":320,"height":320},"EF/690_S2_rock1/690_S2_rock1_00003":{"y":180,"width":320,"height":320},"EF/690_S2_rock1/690_S2_rock1_00004":{"y":180,"width":320,"height":320},"EF/690_S2_rock1/690_S2_rock1_00005":{"y":180,"width":320,"height":320},"EF/690_S2_rock1/690_S2_rock1_00006":{"y":180,"width":320,"height":320},"EF/690_S2_rock1/690_S2_rock1_00007":{"y":180,"width":320,"height":320}},"EF/690_S2_rock1/690_S2_rock1_2":{"EF/690_S2_rock1/690_S2_rock1_00000":{"y":180,"width":320,"height":320},"EF/690_S2_rock1/690_S2_rock1_00001":{"y":180,"width":320,"height":320},"EF/690_S2_rock1/690_S2_rock1_00002":{"y":180,"width":320,"height":320},"EF/690_S2_rock1/690_S2_rock1_00003":{"y":180,"width":320,"height":320},"EF/690_S2_rock1/690_S2_rock1_00004":{"y":180,"width":320,"height":320},"EF/690_S2_rock1/690_S2_rock1_00005":{"y":180,"width":320,"height":320},"EF/690_S2_rock1/690_S2_rock1_00006":{"y":180,"width":320,"height":320},"EF/690_S2_rock1/690_S2_rock1_00007":{"y":180,"width":320,"height":320}}}},"animations":{"1-attack1":{},"1-skill1":{"slots":{"EF/370_S1_dash1/370_S1_dash1_0":{"attachment":[{"time":0.5,"name":"EF/370_S1_dash1/370_S1_dash1_00000"},{"time":0.5333,"name":"EF/370_S1_dash1/370_S1_dash1_00001"},{"time":0.5666,"name":"EF/370_S1_dash1/370_S1_dash1_00002"},{"time":0.6,"name":"EF/370_S1_dash1/370_S1_dash1_00003"},{"time":0.6333,"name":"EF/370_S1_dash1/370_S1_dash1_00004"},{"time":0.6666,"name":"EF/370_S1_dash1/370_S1_dash1_00005"},{"time":0.7,"name":"EF/370_S1_dash1/370_S1_dash1_00006"},{"time":0.7333,"name":"EF/370_S1_dash1/370_S1_dash1_00007"},{"time":0.7666,"name":"EF/370_S1_dash1/370_S1_dash1_00008"},{"time":0.8,"name":"EF/370_S1_dash1/370_S1_dash1_00009"},{"time":0.8333,"name":"EF/370_S1_dash1/370_S1_dash1_00010"},{"time":0.8666,"name":"EF/370_S1_dash1/370_S1_dash1_00011"},{"time":0.9,"name":"EF/370_S1_dash1/370_S1_dash1_00012"},{"time":0.9333,"name":null}]},"EF/420_S1_slash1/420_S1_slash1_0":{"attachment":[{"time":0.5,"name":"EF/420_S1_slash1/420_S1_slash1_00000"},{"time":0.5333,"name":"EF/420_S1_slash1/420_S1_slash1_00001"},{"time":0.5666,"name":"EF/420_S1_slash1/420_S1_slash1_00002"},{"time":0.6,"name":"EF/420_S1_slash1/420_S1_slash1_00003"},{"time":0.6333,"name":null}]},"EF/420_S1_slash1/420_S1_slash1_1":{"attachment":[{"time":0.5333,"name":"EF/420_S1_slash1/420_S1_slash1_00000"},{"time":0.5666,"name":"EF/420_S1_slash1/420_S1_slash1_00001"},{"time":0.6,"name":"EF/420_S1_slash1/420_S1_slash1_00002"},{"time":0.6333,"name":"EF/420_S1_slash1/420_S1_slash1_00003"},{"time":0.6666,"name":null}]},"EF/420_S1_wind1/420_S1_wind1_0":{"attachment":[{"time":0.5,"name":"EF/420_S1_wind1/420_S1_wind1_00000"},{"time":0.5333,"name":"EF/420_S1_wind1/420_S1_wind1_00001"},{"time":0.5666,"name":"EF/420_S1_wind1/420_S1_wind1_00002"},{"time":0.6,"name":"EF/420_S1_wind1/420_S1_wind1_00003"},{"time":0.6333,"name":"EF/420_S1_wind1/420_S1_wind1_00004"},{"time":0.6666,"name":"EF/420_S1_wind1/420_S1_wind1_00005"},{"time":0.7,"name":"EF/420_S1_wind1/420_S1_wind1_00006"},{"time":0.7333,"name":"EF/420_S1_wind1/420_S1_wind1_00007"},{"time":0.7666,"name":null}]}},"bones":{"370_S1_dash1_re":{"translate":[{"time":0.5,"x":96.58,"y":-60.79}],"scale":[{"time":0.5,"x":0.8,"y":0.8}]},"420_S1_slash1_re":{"translate":[{"time":0.5,"x":-230.36,"y":62.63}],"scale":[{"time":0.5,"x":1.2,"y":1.2}]},"420_S1_wind1_re":{"translate":[{"time":0.5,"x":-148.67,"y":87.31}],"scale":[{"time":0.5,"x":0.693,"y":0.693}]},"420_S1_slash1_re2":{"rotate":[{"time":0.5333,"angle":10.02}],"translate":[{"time":0.5333,"x":-181.79,"y":77.06}],"scale":[{"time":0.5333,"x":-1.2,"y":1.2}]}}},"1-skill2":{"slots":{"370_S1_dash3":{"attachment":[{"time":0.5666,"name":"EF/370_S1_dash2/370_S1_dash2_00001"}],"color":[{"time":0.7666,"color":"ffffffff"},{"time":0.8666,"color":"ffffff00"}]},"EF/370_S1_dash1/370_S1_dash1_0":{"attachment":[{"time":0.5666,"name":"EF/370_S1_dash1/370_S1_dash1_00000"},{"time":0.6,"name":"EF/370_S1_dash1/370_S1_dash1_00001"},{"time":0.6333,"name":"EF/370_S1_dash1/370_S1_dash1_00002"},{"time":0.6666,"name":"EF/370_S1_dash1/370_S1_dash1_00003"},{"time":0.7,"name":"EF/370_S1_dash1/370_S1_dash1_00004"},{"time":0.7333,"name":"EF/370_S1_dash1/370_S1_dash1_00005"},{"time":0.7666,"name":"EF/370_S1_dash1/370_S1_dash1_00006"},{"time":0.8,"name":"EF/370_S1_dash1/370_S1_dash1_00007"},{"time":0.8333,"name":"EF/370_S1_dash1/370_S1_dash1_00008"},{"time":0.8666,"name":"EF/370_S1_dash1/370_S1_dash1_00009"},{"time":0.9,"name":"EF/370_S1_dash1/370_S1_dash1_00010"},{"time":0.9333,"name":"EF/370_S1_dash1/370_S1_dash1_00011"},{"time":0.9666,"name":"EF/370_S1_dash1/370_S1_dash1_00012"},{"time":1,"name":null}]},"EF/420_S1_wind1/420_S1_wind1_0":{"attachment":[{"time":0.5666,"name":"EF/420_S1_wind1/420_S1_wind1_00000"},{"time":0.6,"name":"EF/420_S1_wind1/420_S1_wind1_00001"},{"time":0.6333,"name":"EF/420_S1_wind1/420_S1_wind1_00002"},{"time":0.6666,"name":"EF/420_S1_wind1/420_S1_wind1_00003"},{"time":0.7,"name":"EF/420_S1_wind1/420_S1_wind1_00004"},{"time":0.7333,"name":"EF/420_S1_wind1/420_S1_wind1_00005"},{"time":0.7666,"name":"EF/420_S1_wind1/420_S1_wind1_00006"},{"time":0.8,"name":"EF/420_S1_wind1/420_S1_wind1_00007"},{"time":0.8333,"name":null}]},"EF/420_S2_slash1/420_S2_slash1_0":{"attachment":[{"time":0.5666,"name":"EF/420_S2_slash1/420_S2_slash1_00000"},{"time":0.6,"name":"EF/420_S2_slash1/420_S2_slash1_00001"},{"time":0.6333,"name":"EF/420_S2_slash1/420_S2_slash1_00002"},{"time":0.6666,"name":"EF/420_S2_slash1/420_S2_slash1_00003"},{"time":0.7,"name":"EF/420_S2_slash1/420_S2_slash1_00004"},{"time":0.7333,"name":"EF/420_S2_slash1/420_S2_slash1_00005"},{"time":0.7666,"name":"EF/420_S2_slash1/420_S2_slash1_00000"},{"time":0.8,"name":"EF/420_S2_slash1/420_S2_slash1_00001"},{"time":0.8333,"name":"EF/420_S2_slash1/420_S2_slash1_00002"},{"time":0.8666,"name":"EF/420_S2_slash1/420_S2_slash1_00003"},{"time":0.9,"name":"EF/420_S2_slash1/420_S2_slash1_00004"},{"time":0.9333,"name":"EF/420_S2_slash1/420_S2_slash1_00005"},{"time":0.9666,"name":null}],"color":[{"time":0.7666,"color":"ffffffff","curve":"stepped"},{"time":0.9,"color":"ffffffff"},{"time":0.9666,"color":"ffffff00"}]},"EF/420_S2_slash1/420_S2_slash1_00000":{"attachment":[{"time":0.5666,"name":"EF/420_S2_slash1/420_S2_slash1_00000"},{"time":0.6,"name":"EF/420_S2_slash1/420_S2_slash1_00001"},{"time":0.6333,"name":"EF/420_S2_slash1/420_S2_slash1_00002"},{"time":0.6666,"name":"EF/420_S2_slash1/420_S2_slash1_00003"},{"time":0.7,"name":"EF/420_S2_slash1/420_S2_slash1_00004"},{"time":0.7333,"name":"EF/420_S2_slash1/420_S2_slash1_00005"},{"time":0.7666,"name":"EF/420_S2_slash1/420_S2_slash1_00000"},{"time":0.8,"name":"EF/420_S2_slash1/420_S2_slash1_00001"},{"time":0.8333,"name":"EF/420_S2_slash1/420_S2_slash1_00002"},{"time":0.8666,"name":"EF/420_S2_slash1/420_S2_slash1_00003"},{"time":0.9,"name":"EF/420_S2_slash1/420_S2_slash1_00004"},{"time":0.9333,"name":"EF/420_S2_slash1/420_S2_slash1_00005"},{"time":0.9666,"name":null}],"color":[{"time":0.7666,"color":"ffffffff","curve":"stepped"},{"time":0.9,"color":"ffffffff"},{"time":0.9666,"color":"ffffff00"}]},"EF/420_S2_slash1/420_S2_slash1_1":{"attachment":[{"time":0.5666,"name":"EF/420_S2_slash1/420_S2_slash1_00000"},{"time":0.6,"name":"EF/420_S2_slash1/420_S2_slash1_00001"},{"time":0.6333,"name":"EF/420_S2_slash1/420_S2_slash1_00002"},{"time":0.6666,"name":"EF/420_S2_slash1/420_S2_slash1_00003"},{"time":0.7,"name":"EF/420_S2_slash1/420_S2_slash1_00004"},{"time":0.7333,"name":"EF/420_S2_slash1/420_S2_slash1_00005"},{"time":0.7666,"name":"EF/420_S2_slash1/420_S2_slash1_00000"},{"time":0.8,"name":"EF/420_S2_slash1/420_S2_slash1_00001"},{"time":0.8333,"name":"EF/420_S2_slash1/420_S2_slash1_00002"},{"time":0.8666,"name":"EF/420_S2_slash1/420_S2_slash1_00003"},{"time":0.9,"name":"EF/420_S2_slash1/420_S2_slash1_00004"},{"time":0.9333,"name":"EF/420_S2_slash1/420_S2_slash1_00005"},{"time":0.9666,"name":null}],"color":[{"time":0.7666,"color":"ffffffff","curve":"stepped"},{"time":0.9,"color":"ffffffff"},{"time":0.9666,"color":"ffffff00"}]},"EF/420_S2_slash1/420_S2_slash1_2":{"attachment":[{"time":0.6,"name":"EF/420_S2_slash1/420_S2_slash1_00000"},{"time":0.6333,"name":"EF/420_S2_slash1/420_S2_slash1_00001"},{"time":0.6666,"name":"EF/420_S2_slash1/420_S2_slash1_00002"},{"time":0.7,"name":"EF/420_S2_slash1/420_S2_slash1_00003"},{"time":0.7333,"name":"EF/420_S2_slash1/420_S2_slash1_00004"},{"time":0.7666,"name":"EF/420_S2_slash1/420_S2_slash1_00005"},{"time":0.8,"name":"EF/420_S2_slash1/420_S2_slash1_00000"},{"time":0.8333,"name":"EF/420_S2_slash1/420_S2_slash1_00001"},{"time":0.8666,"name":"EF/420_S2_slash1/420_S2_slash1_00002"},{"time":0.9,"name":"EF/420_S2_slash1/420_S2_slash1_00003"},{"time":0.9333,"name":"EF/420_S2_slash1/420_S2_slash1_00004"},{"time":0.9666,"name":"EF/420_S2_slash1/420_S2_slash1_00005"},{"time":1,"name":null}],"color":[{"time":0.8,"color":"ffffffff","curve":"stepped"},{"time":0.9333,"color":"ffffffff"},{"time":1,"color":"ffffff00"}]},"EF/420_S2_slash1/420_S2_slash1_3":{"attachment":[{"time":0.6,"name":"EF/420_S2_slash1/420_S2_slash1_00000"},{"time":0.6333,"name":"EF/420_S2_slash1/420_S2_slash1_00001"},{"time":0.6666,"name":"EF/420_S2_slash1/420_S2_slash1_00002"},{"time":0.7,"name":"EF/420_S2_slash1/420_S2_slash1_00003"},{"time":0.7333,"name":"EF/420_S2_slash1/420_S2_slash1_00004"},{"time":0.7666,"name":"EF/420_S2_slash1/420_S2_slash1_00005"},{"time":0.8,"name":"EF/420_S2_slash1/420_S2_slash1_00000"},{"time":0.8333,"name":"EF/420_S2_slash1/420_S2_slash1_00001"},{"time":0.8666,"name":"EF/420_S2_slash1/420_S2_slash1_00002"},{"time":0.9,"name":"EF/420_S2_slash1/420_S2_slash1_00003"},{"time":0.9333,"name":"EF/420_S2_slash1/420_S2_slash1_00004"},{"time":0.9666,"name":"EF/420_S2_slash1/420_S2_slash1_00005"},{"time":1,"name":null}],"color":[{"time":0.8,"color":"ffffffff","curve":"stepped"},{"time":0.9333,"color":"ffffffff"},{"time":1,"color":"ffffff00"}]},"EF/420_S2_slash1/420_S2_slash1_4":{"attachment":[{"time":0.6,"name":"EF/420_S2_slash1/420_S2_slash1_00000"},{"time":0.6333,"name":"EF/420_S2_slash1/420_S2_slash1_00001"},{"time":0.6666,"name":"EF/420_S2_slash1/420_S2_slash1_00002"},{"time":0.7,"name":"EF/420_S2_slash1/420_S2_slash1_00003"},{"time":0.7333,"name":"EF/420_S2_slash1/420_S2_slash1_00004"},{"time":0.7666,"name":"EF/420_S2_slash1/420_S2_slash1_00005"},{"time":0.8,"name":"EF/420_S2_slash1/420_S2_slash1_00000"},{"time":0.8333,"name":"EF/420_S2_slash1/420_S2_slash1_00001"},{"time":0.8666,"name":"EF/420_S2_slash1/420_S2_slash1_00002"},{"time":0.9,"name":"EF/420_S2_slash1/420_S2_slash1_00003"},{"time":0.9333,"name":"EF/420_S2_slash1/420_S2_slash1_00004"},{"time":0.9666,"name":"EF/420_S2_slash1/420_S2_slash1_00005"},{"time":1,"name":null}],"color":[{"time":0.8,"color":"ffffffff","curve":"stepped"},{"time":0.9333,"color":"ffffffff"},{"time":1,"color":"ffffff00"}]},"EF/420_S2_slash1/420_S2_slash1_5":{"attachment":[{"time":0.6666,"name":"EF/420_S2_slash1/420_S2_slash1_00000"},{"time":0.7,"name":"EF/420_S2_slash1/420_S2_slash1_00001"},{"time":0.7333,"name":"EF/420_S2_slash1/420_S2_slash1_00002"},{"time":0.7666,"name":"EF/420_S2_slash1/420_S2_slash1_00003"},{"time":0.8,"name":"EF/420_S2_slash1/420_S2_slash1_00004"},{"time":0.8333,"name":"EF/420_S2_slash1/420_S2_slash1_00005"},{"time":0.8666,"name":"EF/420_S2_slash1/420_S2_slash1_00000"},{"time":0.9,"name":"EF/420_S2_slash1/420_S2_slash1_00001"},{"time":0.9333,"name":"EF/420_S2_slash1/420_S2_slash1_00002"},{"time":0.9666,"name":"EF/420_S2_slash1/420_S2_slash1_00003"},{"time":1,"name":"EF/420_S2_slash1/420_S2_slash1_00004"},{"time":1.0333,"name":"EF/420_S2_slash1/420_S2_slash1_00005"},{"time":1.0666,"name":null}],"color":[{"time":0.7666,"color":"ffffffff"},{"time":0.8333,"color":"ffffff00","curve":"stepped"},{"time":0.8666,"color":"ffffffff","curve":"stepped"},{"time":0.9666,"color":"ffffffff"},{"time":1.0666,"color":"ffffff00"}]},"EF/420_S2_slash1/420_S2_slash1_6":{"attachment":[{"time":0.6666,"name":"EF/420_S2_slash1/420_S2_slash1_00000"},{"time":0.7,"name":"EF/420_S2_slash1/420_S2_slash1_00001"},{"time":0.7333,"name":"EF/420_S2_slash1/420_S2_slash1_00002"},{"time":0.7666,"name":"EF/420_S2_slash1/420_S2_slash1_00003"},{"time":0.8,"name":"EF/420_S2_slash1/420_S2_slash1_00004"},{"time":0.8333,"name":"EF/420_S2_slash1/420_S2_slash1_00005"},{"time":0.8666,"name":"EF/420_S2_slash1/420_S2_slash1_00000"},{"time":0.9,"name":"EF/420_S2_slash1/420_S2_slash1_00001"},{"time":0.9333,"name":"EF/420_S2_slash1/420_S2_slash1_00002"},{"time":0.9666,"name":"EF/420_S2_slash1/420_S2_slash1_00003"},{"time":1,"name":"EF/420_S2_slash1/420_S2_slash1_00004"},{"time":1.0333,"name":"EF/420_S2_slash1/420_S2_slash1_00005"},{"time":1.0666,"name":null}],"color":[{"time":0.7666,"color":"ffffffff"},{"time":0.8333,"color":"ffffff00","curve":"stepped"},{"time":0.8666,"color":"ffffffff","curve":"stepped"},{"time":0.9666,"color":"ffffffff"},{"time":1.0666,"color":"ffffff00"}]},"EF/420_S2_slash1/420_S2_slash1_7":{"attachment":[{"time":0.6666,"name":"EF/420_S2_slash1/420_S2_slash1_00000"},{"time":0.7,"name":"EF/420_S2_slash1/420_S2_slash1_00001"},{"time":0.7333,"name":"EF/420_S2_slash1/420_S2_slash1_00002"},{"time":0.7666,"name":"EF/420_S2_slash1/420_S2_slash1_00003"},{"time":0.8,"name":"EF/420_S2_slash1/420_S2_slash1_00004"},{"time":0.8333,"name":"EF/420_S2_slash1/420_S2_slash1_00005"},{"time":0.8666,"name":"EF/420_S2_slash1/420_S2_slash1_00000"},{"time":0.9,"name":"EF/420_S2_slash1/420_S2_slash1_00001"},{"time":0.9333,"name":"EF/420_S2_slash1/420_S2_slash1_00002"},{"time":0.9666,"name":"EF/420_S2_slash1/420_S2_slash1_00003"},{"time":1,"name":"EF/420_S2_slash1/420_S2_slash1_00004"},{"time":1.0333,"name":"EF/420_S2_slash1/420_S2_slash1_00005"},{"time":1.0666,"name":null}],"color":[{"time":0.7666,"color":"ffffffff"},{"time":0.8333,"color":"ffffff00","curve":"stepped"},{"time":0.8666,"color":"ffffffff","curve":"stepped"},{"time":0.9666,"color":"ffffffff"},{"time":1.0666,"color":"ffffff00"}]},"EF/690_S2_rock1/690_S2_rock1_1":{"attachment":[{"time":0.7,"name":"EF/690_S2_rock1/690_S2_rock1_00000"},{"time":0.7333,"name":"EF/690_S2_rock1/690_S2_rock1_00001"},{"time":0.7666,"name":"EF/690_S2_rock1/690_S2_rock1_00002"},{"time":0.8,"name":"EF/690_S2_rock1/690_S2_rock1_00003"},{"time":0.8333,"name":"EF/690_S2_rock1/690_S2_rock1_00004"},{"time":0.8666,"name":"EF/690_S2_rock1/690_S2_rock1_00005"},{"time":0.9,"name":"EF/690_S2_rock1/690_S2_rock1_00006"},{"time":0.9333,"name":"EF/690_S2_rock1/690_S2_rock1_00007"},{"time":0.9666,"name":null}],"color":[{"time":0.9,"color":"ffffffff"},{"time":0.9666,"color":"ffffff00"}]},"EF/690_S2_rock1/690_S2_rock1_2":{"attachment":[{"time":0.5666,"name":"EF/690_S2_rock1/690_S2_rock1_00000"},{"time":0.6,"name":"EF/690_S2_rock1/690_S2_rock1_00001"},{"time":0.6333,"name":"EF/690_S2_rock1/690_S2_rock1_00002"},{"time":0.6666,"name":"EF/690_S2_rock1/690_S2_rock1_00003"},{"time":0.7,"name":"EF/690_S2_rock1/690_S2_rock1_00004"},{"time":0.7333,"name":"EF/690_S2_rock1/690_S2_rock1_00005"},{"time":0.7666,"name":"EF/690_S2_rock1/690_S2_rock1_00006"},{"time":0.8,"name":"EF/690_S2_rock1/690_S2_rock1_00007"},{"time":0.8333,"name":null}],"color":[{"time":0.5666,"color":"ffffff4c"},{"time":0.6,"color":"ffffffff","curve":"stepped"},{"time":0.7666,"color":"ffffffff"},{"time":0.8333,"color":"ffffff00"}]}},"bones":{"370_S1_dash1_re":{"translate":[{"time":0.5666,"x":127.83,"y":-91.53}],"scale":[{"time":0.5666,"x":1,"y":1}]},"370_S1_dash2_re":{"translate":[{"time":0.5666,"x":72.17,"y":0},{"time":0.8666,"x":-198.85,"y":0}],"scale":[{"time":0.5666,"x":0.2,"y":0.666},{"time":0.6666,"x":0.666,"y":0.666},{"time":0.8666,"x":1.266,"y":0.666}]},"420_S1_wind1_re":{"translate":[{"time":0.5666,"x":-368.74,"y":137.45}],"scale":[{"time":0.5666,"x":1.278,"y":1.396}]},"690_S2_rock1_re":{"translate":[{"time":0.7,"x":-241.05,"y":-107.56}],"scale":[{"time":0.7,"x":0.75,"y":0.75},{"time":0.8333,"x":1,"y":0.75}]},"420_S2_slash1":{"rotate":[{"time":0.7666,"angle":-121.86}],"translate":[{"time":0.5666,"x":-310.8,"y":157.64,"curve":"stepped"},{"time":0.7666,"x":-251.4,"y":102.24}],"scale":[{"time":0.5666,"x":0.896,"y":1.078},{"time":0.6666,"x":1.405,"y":1.332,"curve":"stepped"},{"time":0.7666,"x":1.363,"y":-2.465}]},"420_S2_slash2":{"rotate":[{"time":0.6,"angle":-86.21,"curve":"stepped"},{"time":0.8,"angle":-3.25}],"translate":[{"time":0.6,"x":-244.54,"y":221.71},{"time":0.6666,"x":-299.89,"y":189.19,"curve":"stepped"},{"time":0.8,"x":-239.22,"y":78.63}],"scale":[{"time":0.6,"x":0.938,"y":-1.818},{"time":0.6666,"x":1.365,"y":-3.316,"curve":"stepped"},{"time":0.8,"x":1.777,"y":2.464}]},"420_S2_slash3":{"rotate":[{"time":0.6666,"angle":-124.1,"curve":"stepped"},{"time":0.8666,"angle":-25.1}],"translate":[{"time":0.6666,"x":-183.85,"y":92.25,"curve":"stepped"},{"time":0.8666,"x":-212.69,"y":69.78,"curve":"stepped"},{"time":0.9666,"x":-212.69,"y":69.78},{"time":1.0666,"x":-178.07,"y":51.3}],"scale":[{"time":0.6666,"x":1.24,"y":1.321,"curve":"stepped"},{"time":0.8666,"x":1.54,"y":2.95,"curve":"stepped"},{"time":0.9666,"x":1.54,"y":2.95,"curve":"stepped"},{"time":1.0666,"x":1.54,"y":2.95}]},"690_S2_rock1_re2":{"translate":[{"time":0.5666,"x":-27.98,"y":-107.56}],"scale":[{"time":0.5666,"x":0.625,"y":0.625},{"time":0.7,"x":0.71,"y":0.77}]}}},"2-attack1":{},"2-skill1":{"slots":{"370_S1_dash3":{"attachment":[{"time":0.5,"name":null}]},"EF/370_S1_dash1/370_S1_dash1_0":{"attachment":[{"time":0.5,"name":"EF/370_S1_dash1/370_S1_dash1_00000"},{"time":0.5333,"name":"EF/370_S1_dash1/370_S1_dash1_00001"},{"time":0.5666,"name":"EF/370_S1_dash1/370_S1_dash1_00002"},{"time":0.6,"name":"EF/370_S1_dash1/370_S1_dash1_00003"},{"time":0.6333,"name":"EF/370_S1_dash1/370_S1_dash1_00004"},{"time":0.6666,"name":"EF/370_S1_dash1/370_S1_dash1_00005"},{"time":0.7,"name":"EF/370_S1_dash1/370_S1_dash1_00006"},{"time":0.7333,"name":"EF/370_S1_dash1/370_S1_dash1_00007"},{"time":0.7666,"name":"EF/370_S1_dash1/370_S1_dash1_00008"},{"time":0.8,"name":"EF/370_S1_dash1/370_S1_dash1_00009"},{"time":0.8333,"name":"EF/370_S1_dash1/370_S1_dash1_00010"},{"time":0.8666,"name":"EF/370_S1_dash1/370_S1_dash1_00011"},{"time":0.9,"name":"EF/370_S1_dash1/370_S1_dash1_00012"},{"time":0.9333,"name":null}]},"EF/420_S1_slash1/420_S1_slash1_0":{"attachment":[{"time":0.5,"name":"EF/420_S1_slash1/420_S1_slash1_00000"},{"time":0.5333,"name":"EF/420_S1_slash1/420_S1_slash1_00001"},{"time":0.5666,"name":"EF/420_S1_slash1/420_S1_slash1_00002"},{"time":0.6,"name":"EF/420_S1_slash1/420_S1_slash1_00003"},{"time":0.6333,"name":null}]},"EF/420_S1_slash1/420_S1_slash1_1":{"attachment":[{"time":0.5333,"name":"EF/420_S1_slash1/420_S1_slash1_00000"},{"time":0.5666,"name":"EF/420_S1_slash1/420_S1_slash1_00001"},{"time":0.6,"name":"EF/420_S1_slash1/420_S1_slash1_00002"},{"time":0.6333,"name":"EF/420_S1_slash1/420_S1_slash1_00003"},{"time":0.6666,"name":null}]},"EF/420_S1_wind1/420_S1_wind1_0":{"attachment":[{"time":0.5,"name":"EF/420_S1_wind1/420_S1_wind1_00000"},{"time":0.5333,"name":"EF/420_S1_wind1/420_S1_wind1_00001"},{"time":0.5666,"name":"EF/420_S1_wind1/420_S1_wind1_00002"},{"time":0.6,"name":"EF/420_S1_wind1/420_S1_wind1_00003"},{"time":0.6333,"name":"EF/420_S1_wind1/420_S1_wind1_00004"},{"time":0.6666,"name":"EF/420_S1_wind1/420_S1_wind1_00005"},{"time":0.7,"name":"EF/420_S1_wind1/420_S1_wind1_00006"},{"time":0.7333,"name":"EF/420_S1_wind1/420_S1_wind1_00007"},{"time":0.7666,"name":null}]}},"bones":{"370_S1_dash1_re":{"translate":[{"time":0.5,"x":74.8,"y":-91.53}]},"420_S1_slash1_re":{"translate":[{"time":0.5,"x":-230.36,"y":62.63}],"scale":[{"time":0.5,"x":1.5,"y":1.5}]},"420_S1_wind1_re":{"translate":[{"time":0.5,"x":-184.39,"y":66.86}],"scale":[{"time":0.5,"x":0.772,"y":0.772}]},"420_S1_slash1_re2":{"rotate":[{"time":0.5333,"angle":10.02}],"translate":[{"time":0.5333,"x":-181.79,"y":77.06}],"scale":[{"time":0.5333,"x":-1.5,"y":1.5}]}}},"2-skill2":{"slots":{"370_S1_dash3":{"attachment":[{"time":0.5666,"name":"EF/370_S1_dash2/370_S1_dash2_00001"}],"color":[{"time":0.7666,"color":"ffffffff"},{"time":0.8666,"color":"ffffff00"}]},"EF/370_S1_dash1/370_S1_dash1_0":{"attachment":[{"time":0.5666,"name":"EF/370_S1_dash1/370_S1_dash1_00000"},{"time":0.6,"name":"EF/370_S1_dash1/370_S1_dash1_00001"},{"time":0.6333,"name":"EF/370_S1_dash1/370_S1_dash1_00002"},{"time":0.6666,"name":"EF/370_S1_dash1/370_S1_dash1_00003"},{"time":0.7,"name":"EF/370_S1_dash1/370_S1_dash1_00004"},{"time":0.7333,"name":"EF/370_S1_dash1/370_S1_dash1_00005"},{"time":0.7666,"name":"EF/370_S1_dash1/370_S1_dash1_00006"},{"time":0.8,"name":"EF/370_S1_dash1/370_S1_dash1_00007"},{"time":0.8333,"name":"EF/370_S1_dash1/370_S1_dash1_00008"},{"time":0.8666,"name":"EF/370_S1_dash1/370_S1_dash1_00009"},{"time":0.9,"name":"EF/370_S1_dash1/370_S1_dash1_00010"},{"time":0.9333,"name":"EF/370_S1_dash1/370_S1_dash1_00011"},{"time":0.9666,"name":"EF/370_S1_dash1/370_S1_dash1_00012"},{"time":1,"name":null}]},"EF/420_S1_wind1/420_S1_wind1_0":{"attachment":[{"time":0.5666,"name":"EF/420_S1_wind1/420_S1_wind1_00000"},{"time":0.6,"name":"EF/420_S1_wind1/420_S1_wind1_00001"},{"time":0.6333,"name":"EF/420_S1_wind1/420_S1_wind1_00002"},{"time":0.6666,"name":"EF/420_S1_wind1/420_S1_wind1_00003"},{"time":0.7,"name":"EF/420_S1_wind1/420_S1_wind1_00004"},{"time":0.7333,"name":"EF/420_S1_wind1/420_S1_wind1_00005"},{"time":0.7666,"name":"EF/420_S1_wind1/420_S1_wind1_00006"},{"time":0.8,"name":"EF/420_S1_wind1/420_S1_wind1_00007"},{"time":0.8333,"name":null}]},"EF/420_S2_slash1/420_S2_slash1_0":{"attachment":[{"time":0.5666,"name":"EF/420_S2_slash1/420_S2_slash1_00000"},{"time":0.6,"name":"EF/420_S2_slash1/420_S2_slash1_00001"},{"time":0.6333,"name":"EF/420_S2_slash1/420_S2_slash1_00002"},{"time":0.6666,"name":"EF/420_S2_slash1/420_S2_slash1_00003"},{"time":0.7,"name":"EF/420_S2_slash1/420_S2_slash1_00004"},{"time":0.7333,"name":"EF/420_S2_slash1/420_S2_slash1_00005"},{"time":0.7666,"name":"EF/420_S2_slash1/420_S2_slash1_00000"},{"time":0.8,"name":"EF/420_S2_slash1/420_S2_slash1_00001"},{"time":0.8333,"name":"EF/420_S2_slash1/420_S2_slash1_00002"},{"time":0.8666,"name":"EF/420_S2_slash1/420_S2_slash1_00003"},{"time":0.9,"name":"EF/420_S2_slash1/420_S2_slash1_00004"},{"time":0.9333,"name":"EF/420_S2_slash1/420_S2_slash1_00005"},{"time":0.9666,"name":null}],"color":[{"time":0.7666,"color":"ffffffff","curve":"stepped"},{"time":0.9,"color":"ffffffff"},{"time":0.9666,"color":"ffffff00"}]},"EF/420_S2_slash1/420_S2_slash1_00000":{"attachment":[{"time":0.5666,"name":"EF/420_S2_slash1/420_S2_slash1_00000"},{"time":0.6,"name":"EF/420_S2_slash1/420_S2_slash1_00001"},{"time":0.6333,"name":"EF/420_S2_slash1/420_S2_slash1_00002"},{"time":0.6666,"name":"EF/420_S2_slash1/420_S2_slash1_00003"},{"time":0.7,"name":"EF/420_S2_slash1/420_S2_slash1_00004"},{"time":0.7333,"name":"EF/420_S2_slash1/420_S2_slash1_00005"},{"time":0.7666,"name":"EF/420_S2_slash1/420_S2_slash1_00000"},{"time":0.8,"name":"EF/420_S2_slash1/420_S2_slash1_00001"},{"time":0.8333,"name":"EF/420_S2_slash1/420_S2_slash1_00002"},{"time":0.8666,"name":"EF/420_S2_slash1/420_S2_slash1_00003"},{"time":0.9,"name":"EF/420_S2_slash1/420_S2_slash1_00004"},{"time":0.9333,"name":"EF/420_S2_slash1/420_S2_slash1_00005"},{"time":0.9666,"name":null}],"color":[{"time":0.7666,"color":"ffffffff","curve":"stepped"},{"time":0.9,"color":"ffffffff"},{"time":0.9666,"color":"ffffff00"}]},"EF/420_S2_slash1/420_S2_slash1_1":{"attachment":[{"time":0.5666,"name":"EF/420_S2_slash1/420_S2_slash1_00000"},{"time":0.6,"name":"EF/420_S2_slash1/420_S2_slash1_00001"},{"time":0.6333,"name":"EF/420_S2_slash1/420_S2_slash1_00002"},{"time":0.6666,"name":"EF/420_S2_slash1/420_S2_slash1_00003"},{"time":0.7,"name":"EF/420_S2_slash1/420_S2_slash1_00004"},{"time":0.7333,"name":"EF/420_S2_slash1/420_S2_slash1_00005"},{"time":0.7666,"name":"EF/420_S2_slash1/420_S2_slash1_00000"},{"time":0.8,"name":"EF/420_S2_slash1/420_S2_slash1_00001"},{"time":0.8333,"name":"EF/420_S2_slash1/420_S2_slash1_00002"},{"time":0.8666,"name":"EF/420_S2_slash1/420_S2_slash1_00003"},{"time":0.9,"name":"EF/420_S2_slash1/420_S2_slash1_00004"},{"time":0.9333,"name":"EF/420_S2_slash1/420_S2_slash1_00005"},{"time":0.9666,"name":null}],"color":[{"time":0.7666,"color":"ffffffff","curve":"stepped"},{"time":0.9,"color":"ffffffff"},{"time":0.9666,"color":"ffffff00"}]},"EF/420_S2_slash1/420_S2_slash1_2":{"attachment":[{"time":0.6,"name":"EF/420_S2_slash1/420_S2_slash1_00000"},{"time":0.6333,"name":"EF/420_S2_slash1/420_S2_slash1_00001"},{"time":0.6666,"name":"EF/420_S2_slash1/420_S2_slash1_00002"},{"time":0.7,"name":"EF/420_S2_slash1/420_S2_slash1_00003"},{"time":0.7333,"name":"EF/420_S2_slash1/420_S2_slash1_00004"},{"time":0.7666,"name":"EF/420_S2_slash1/420_S2_slash1_00005"},{"time":0.8,"name":"EF/420_S2_slash1/420_S2_slash1_00000"},{"time":0.8333,"name":"EF/420_S2_slash1/420_S2_slash1_00001"},{"time":0.8666,"name":"EF/420_S2_slash1/420_S2_slash1_00002"},{"time":0.9,"name":"EF/420_S2_slash1/420_S2_slash1_00003"},{"time":0.9333,"name":"EF/420_S2_slash1/420_S2_slash1_00004"},{"time":0.9666,"name":"EF/420_S2_slash1/420_S2_slash1_00005"},{"time":1,"name":null}],"color":[{"time":0.8,"color":"ffffffff","curve":"stepped"},{"time":0.9333,"color":"ffffffff"},{"time":1,"color":"ffffff00"}]},"EF/420_S2_slash1/420_S2_slash1_3":{"attachment":[{"time":0.6,"name":"EF/420_S2_slash1/420_S2_slash1_00000"},{"time":0.6333,"name":"EF/420_S2_slash1/420_S2_slash1_00001"},{"time":0.6666,"name":"EF/420_S2_slash1/420_S2_slash1_00002"},{"time":0.7,"name":"EF/420_S2_slash1/420_S2_slash1_00003"},{"time":0.7333,"name":"EF/420_S2_slash1/420_S2_slash1_00004"},{"time":0.7666,"name":"EF/420_S2_slash1/420_S2_slash1_00005"},{"time":0.8,"name":"EF/420_S2_slash1/420_S2_slash1_00000"},{"time":0.8333,"name":"EF/420_S2_slash1/420_S2_slash1_00001"},{"time":0.8666,"name":"EF/420_S2_slash1/420_S2_slash1_00002"},{"time":0.9,"name":"EF/420_S2_slash1/420_S2_slash1_00003"},{"time":0.9333,"name":"EF/420_S2_slash1/420_S2_slash1_00004"},{"time":0.9666,"name":"EF/420_S2_slash1/420_S2_slash1_00005"},{"time":1,"name":null}],"color":[{"time":0.8,"color":"ffffffff","curve":"stepped"},{"time":0.9333,"color":"ffffffff"},{"time":1,"color":"ffffff00"}]},"EF/420_S2_slash1/420_S2_slash1_4":{"attachment":[{"time":0.6,"name":"EF/420_S2_slash1/420_S2_slash1_00000"},{"time":0.6333,"name":"EF/420_S2_slash1/420_S2_slash1_00001"},{"time":0.6666,"name":"EF/420_S2_slash1/420_S2_slash1_00002"},{"time":0.7,"name":"EF/420_S2_slash1/420_S2_slash1_00003"},{"time":0.7333,"name":"EF/420_S2_slash1/420_S2_slash1_00004"},{"time":0.7666,"name":"EF/420_S2_slash1/420_S2_slash1_00005"},{"time":0.8,"name":"EF/420_S2_slash1/420_S2_slash1_00000"},{"time":0.8333,"name":"EF/420_S2_slash1/420_S2_slash1_00001"},{"time":0.8666,"name":"EF/420_S2_slash1/420_S2_slash1_00002"},{"time":0.9,"name":"EF/420_S2_slash1/420_S2_slash1_00003"},{"time":0.9333,"name":"EF/420_S2_slash1/420_S2_slash1_00004"},{"time":0.9666,"name":"EF/420_S2_slash1/420_S2_slash1_00005"},{"time":1,"name":null}],"color":[{"time":0.8,"color":"ffffffff","curve":"stepped"},{"time":0.9333,"color":"ffffffff"},{"time":1,"color":"ffffff00"}]},"EF/420_S2_slash1/420_S2_slash1_5":{"attachment":[{"time":0.6666,"name":"EF/420_S2_slash1/420_S2_slash1_00000"},{"time":0.7,"name":"EF/420_S2_slash1/420_S2_slash1_00001"},{"time":0.7333,"name":"EF/420_S2_slash1/420_S2_slash1_00002"},{"time":0.7666,"name":"EF/420_S2_slash1/420_S2_slash1_00003"},{"time":0.8,"name":"EF/420_S2_slash1/420_S2_slash1_00004"},{"time":0.8333,"name":"EF/420_S2_slash1/420_S2_slash1_00005"},{"time":0.8666,"name":"EF/420_S2_slash1/420_S2_slash1_00000"},{"time":0.9,"name":"EF/420_S2_slash1/420_S2_slash1_00001"},{"time":0.9333,"name":"EF/420_S2_slash1/420_S2_slash1_00002"},{"time":0.9666,"name":"EF/420_S2_slash1/420_S2_slash1_00003"},{"time":1,"name":"EF/420_S2_slash1/420_S2_slash1_00004"},{"time":1.0333,"name":"EF/420_S2_slash1/420_S2_slash1_00005"},{"time":1.0666,"name":null}],"color":[{"time":0.7666,"color":"ffffffff"},{"time":0.8333,"color":"ffffff00","curve":"stepped"},{"time":0.8666,"color":"ffffffff","curve":"stepped"},{"time":0.9666,"color":"ffffffff"},{"time":1.0666,"color":"ffffff00"}]},"EF/420_S2_slash1/420_S2_slash1_6":{"attachment":[{"time":0.6666,"name":"EF/420_S2_slash1/420_S2_slash1_00000"},{"time":0.7,"name":"EF/420_S2_slash1/420_S2_slash1_00001"},{"time":0.7333,"name":"EF/420_S2_slash1/420_S2_slash1_00002"},{"time":0.7666,"name":"EF/420_S2_slash1/420_S2_slash1_00003"},{"time":0.8,"name":"EF/420_S2_slash1/420_S2_slash1_00004"},{"time":0.8333,"name":"EF/420_S2_slash1/420_S2_slash1_00005"},{"time":0.8666,"name":"EF/420_S2_slash1/420_S2_slash1_00000"},{"time":0.9,"name":"EF/420_S2_slash1/420_S2_slash1_00001"},{"time":0.9333,"name":"EF/420_S2_slash1/420_S2_slash1_00002"},{"time":0.9666,"name":"EF/420_S2_slash1/420_S2_slash1_00003"},{"time":1,"name":"EF/420_S2_slash1/420_S2_slash1_00004"},{"time":1.0333,"name":"EF/420_S2_slash1/420_S2_slash1_00005"},{"time":1.0666,"name":null}],"color":[{"time":0.7666,"color":"ffffffff"},{"time":0.8333,"color":"ffffff00","curve":"stepped"},{"time":0.8666,"color":"ffffffff","curve":"stepped"},{"time":0.9666,"color":"ffffffff"},{"time":1.0666,"color":"ffffff00"}]},"EF/420_S2_slash1/420_S2_slash1_7":{"attachment":[{"time":0.6666,"name":"EF/420_S2_slash1/420_S2_slash1_00000"},{"time":0.7,"name":"EF/420_S2_slash1/420_S2_slash1_00001"},{"time":0.7333,"name":"EF/420_S2_slash1/420_S2_slash1_00002"},{"time":0.7666,"name":"EF/420_S2_slash1/420_S2_slash1_00003"},{"time":0.8,"name":"EF/420_S2_slash1/420_S2_slash1_00004"},{"time":0.8333,"name":"EF/420_S2_slash1/420_S2_slash1_00005"},{"time":0.8666,"name":"EF/420_S2_slash1/420_S2_slash1_00000"},{"time":0.9,"name":"EF/420_S2_slash1/420_S2_slash1_00001"},{"time":0.9333,"name":"EF/420_S2_slash1/420_S2_slash1_00002"},{"time":0.9666,"name":"EF/420_S2_slash1/420_S2_slash1_00003"},{"time":1,"name":"EF/420_S2_slash1/420_S2_slash1_00004"},{"time":1.0333,"name":"EF/420_S2_slash1/420_S2_slash1_00005"},{"time":1.0666,"name":null}],"color":[{"time":0.7666,"color":"ffffffff"},{"time":0.8333,"color":"ffffff00","curve":"stepped"},{"time":0.8666,"color":"ffffffff","curve":"stepped"},{"time":0.9666,"color":"ffffffff"},{"time":1.0666,"color":"ffffff00"}]},"EF/690_S2_rock1/690_S2_rock1_1":{"attachment":[{"time":0.7,"name":"EF/690_S2_rock1/690_S2_rock1_00000"},{"time":0.7333,"name":"EF/690_S2_rock1/690_S2_rock1_00001"},{"time":0.7666,"name":"EF/690_S2_rock1/690_S2_rock1_00002"},{"time":0.8,"name":"EF/690_S2_rock1/690_S2_rock1_00003"},{"time":0.8333,"name":"EF/690_S2_rock1/690_S2_rock1_00004"},{"time":0.8666,"name":"EF/690_S2_rock1/690_S2_rock1_00005"},{"time":0.9,"name":"EF/690_S2_rock1/690_S2_rock1_00006"},{"time":0.9333,"name":"EF/690_S2_rock1/690_S2_rock1_00007"},{"time":0.9666,"name":null}],"color":[{"time":0.9,"color":"ffffffff"},{"time":0.9666,"color":"ffffff00"}]},"EF/690_S2_rock1/690_S2_rock1_2":{"attachment":[{"time":0.5666,"name":"EF/690_S2_rock1/690_S2_rock1_00000"},{"time":0.6,"name":"EF/690_S2_rock1/690_S2_rock1_00001"},{"time":0.6333,"name":"EF/690_S2_rock1/690_S2_rock1_00002"},{"time":0.6666,"name":"EF/690_S2_rock1/690_S2_rock1_00003"},{"time":0.7,"name":"EF/690_S2_rock1/690_S2_rock1_00004"},{"time":0.7333,"name":"EF/690_S2_rock1/690_S2_rock1_00005"},{"time":0.7666,"name":"EF/690_S2_rock1/690_S2_rock1_00006"},{"time":0.8,"name":"EF/690_S2_rock1/690_S2_rock1_00007"},{"time":0.8333,"name":null}],"color":[{"time":0.5666,"color":"ffffff4c"},{"time":0.6,"color":"ffffffff","curve":"stepped"},{"time":0.7666,"color":"ffffffff"},{"time":0.8333,"color":"ffffff00"}]}},"bones":{"370_S1_dash1_re":{"translate":[{"time":0.5666,"x":127.83,"y":-91.53}],"scale":[{"time":0.5666,"x":1.2,"y":1.2}]},"370_S1_dash2_re":{"translate":[{"time":0.5666,"x":72.17,"y":0},{"time":0.8666,"x":-198.85,"y":0}],"scale":[{"time":0.5666,"x":0.543,"y":1},{"time":0.6666,"x":1,"y":1},{"time":0.8666,"x":1.603,"y":1}]},"420_S1_wind1_re":{"translate":[{"time":0.5666,"x":-466.84,"y":115.28}],"scale":[{"time":0.5666,"x":1.867,"y":1.867}]},"690_S2_rock1_re":{"translate":[{"time":0.7,"x":-241.05,"y":-107.56}],"scale":[{"time":0.7,"x":1,"y":1},{"time":0.8333,"x":1.247,"y":1}]},"420_S2_slash1":{"rotate":[{"time":0.7666,"angle":-121.86}],"translate":[{"time":0.5666,"x":-316.1,"y":163.8,"curve":"stepped"},{"time":0.7666,"x":-252.43,"y":124.15}],"scale":[{"time":0.5666,"x":1.319,"y":1.361},{"time":0.6666,"x":1.761,"y":1.676,"curve":"stepped"},{"time":0.7666,"x":1.614,"y":-2.655}]},"420_S2_slash2":{"rotate":[{"time":0.6,"angle":-86.21,"curve":"stepped"},{"time":0.8,"angle":-3.25}],"translate":[{"time":0.6,"x":-242.94,"y":225.16},{"time":0.6666,"x":-287.64,"y":176.55,"curve":"stepped"},{"time":0.8,"x":-274.7,"y":81.38}],"scale":[{"time":0.6,"x":1.244,"y":-2.279},{"time":0.6666,"x":1.747,"y":-3.951,"curve":"stepped"},{"time":0.8,"x":1.915,"y":2.794}]},"420_S2_slash3":{"rotate":[{"time":0.6666,"angle":-124.1,"curve":"stepped"},{"time":0.8666,"angle":-25.1}],"translate":[{"time":0.6666,"x":-172.22,"y":111.84,"curve":"stepped"},{"time":0.8666,"x":-231.37,"y":91.49,"curve":"stepped"},{"time":0.9666,"x":-231.37,"y":91.49,"curve":"stepped"},{"time":1.0666,"x":-188.85,"y":67.26}],"scale":[{"time":0.6666,"x":1.928,"y":3.1,"curve":"stepped"},{"time":0.8666,"x":2.19,"y":3.734,"curve":"stepped"},{"time":0.9666,"x":2.19,"y":3.734},{"time":1.0666,"x":2.153,"y":3.366}]},"690_S2_rock1_re2":{"translate":[{"time":0.5666,"x":-27.98,"y":-107.56}],"scale":[{"time":0.5666,"x":0.874,"y":0.874},{"time":0.7,"x":0.959,"y":1.018}]}}},"animation":{"slots":{"370_S1_dash3":{"attachment":[{"time":0,"name":null},{"time":0.0666,"name":null}]},"EF/370_S1_dash1/370_S1_dash1_0":{"attachment":[{"time":0,"name":"EF/370_S1_dash1/370_S1_dash1_00009"},{"time":0.0333,"name":"EF/370_S1_dash1/370_S1_dash1_00001"},{"time":0.0666,"name":"EF/370_S1_dash1/370_S1_dash1_00002"},{"time":0.1,"name":"EF/370_S1_dash1/370_S1_dash1_00003"},{"time":0.1333,"name":"EF/370_S1_dash1/370_S1_dash1_00004"},{"time":0.1666,"name":"EF/370_S1_dash1/370_S1_dash1_00005"},{"time":0.2,"name":"EF/370_S1_dash1/370_S1_dash1_00006"},{"time":0.2333,"name":"EF/370_S1_dash1/370_S1_dash1_00007"},{"time":0.2666,"name":"EF/370_S1_dash1/370_S1_dash1_00008"},{"time":0.3,"name":"EF/370_S1_dash1/370_S1_dash1_00009"}],"color":[{"time":0,"color":"ffffff00"},{"time":0.3,"color":"ffffffff"},{"time":0.4,"color":"ffffff00"}]},"EF/420_S1_slash1/420_S1_slash1_0":{"attachment":[{"time":0,"name":"EF/420_S1_slash1/420_S1_slash1_00002"},{"time":0.0333,"name":"EF/420_S1_slash1/420_S1_slash1_00001"},{"time":0.0666,"name":"EF/420_S1_slash1/420_S1_slash1_00002"}],"color":[{"time":0,"color":"ffffff00"},{"time":0.0666,"color":"ffffffff"},{"time":0.1666,"color":"ffffff00"}]},"EF/420_S1_wind1/420_S1_wind1_0":{"attachment":[{"time":0,"name":"EF/420_S1_wind1/420_S1_wind1_00003"},{"time":0.0333,"name":"EF/420_S1_wind1/420_S1_wind1_00001"},{"time":0.0666,"name":"EF/420_S1_wind1/420_S1_wind1_00002"},{"time":0.1,"name":"EF/420_S1_wind1/420_S1_wind1_00003"}],"color":[{"time":0,"color":"ffffff00"},{"time":0.1,"color":"ffffffff"},{"time":0.2333,"color":"ffffff00"}]},"EF/420_S2_slash2/420_S2_slash2_0":{"attachment":[{"time":0,"name":"EF/420_S2_slash2/420_S2_slash2_00002"},{"time":0.0333,"name":"EF/420_S2_slash2/420_S2_slash2_00001"},{"time":0.0666,"name":"EF/420_S2_slash2/420_S2_slash2_00002"}],"color":[{"time":0,"color":"ffffff00"},{"time":0.0666,"color":"ffffffff"},{"time":0.2,"color":"ffffff00"}]},"EF/420_S2_slash2/420_S2_slash2_1":{"attachment":[{"time":0,"name":"EF/420_S2_slash2/420_S2_slash2_00002"},{"time":0.0333,"name":"EF/420_S2_slash2/420_S2_slash2_00001"},{"time":0.0666,"name":"EF/420_S2_slash2/420_S2_slash2_00002"}],"color":[{"time":0,"color":"ffffff00"},{"time":0.0666,"color":"ffffffff"},{"time":0.2,"color":"ffffff00"}]},"EF/690_S2_rock1/690_S2_rock1_1":{"attachment":[{"time":0,"name":"EF/690_S2_rock1/690_S2_rock1_00007"},{"time":0.0333,"name":"EF/690_S2_rock1/690_S2_rock1_00001"},{"time":0.0666,"name":"EF/690_S2_rock1/690_S2_rock1_00002"},{"time":0.1,"name":"EF/690_S2_rock1/690_S2_rock1_00003"},{"time":0.1333,"name":"EF/690_S2_rock1/690_S2_rock1_00004"},{"time":0.1666,"name":"EF/690_S2_rock1/690_S2_rock1_00005"},{"time":0.2,"name":"EF/690_S2_rock1/690_S2_rock1_00006"},{"time":0.2333,"name":"EF/690_S2_rock1/690_S2_rock1_00007"}],"color":[{"time":0,"color":"ffffff00"},{"time":0.2333,"color":"ffffffff"},{"time":0.3666,"color":"ffffff00"}]}},"bones":{"370_S1_dash2_re":{"translate":[{"time":0,"x":0,"y":100,"curve":"stepped"},{"time":0.0333,"x":0,"y":100}],"scale":[{"time":0,"x":1,"y":1,"curve":"stepped"},{"time":0.0333,"x":1,"y":1}]},"420_S2_slash2_re":{"scale":[{"time":0,"x":0.9,"y":0.9},{"time":0.0666,"x":1,"y":1},{"time":0.2,"x":0.9,"y":0.9}]},"690_S2_rock1_re":{"translate":[{"time":0,"x":0,"y":5},{"time":0.2333,"x":0,"y":0},{"time":0.3666,"x":0,"y":5}],"scale":[{"time":0,"x":1.1,"y":1.1},{"time":0.2333,"x":1,"y":1},{"time":0.3666,"x":1.1,"y":1.1}]},"420_S2_slash1_re":{"rotate":[{"time":0,"angle":-15.01}],"scale":[{"time":0,"x":-1.22,"y":0.2,"curve":"stepped"},{"time":0.0666,"x":-1.42,"y":0.2},{"time":0.2,"x":-1.22,"y":0.2}]}}},"idle":{}}}