{"skeleton":{"hash":"nmXm9v3Y2/yx33+P2jYDpNUZH8Q","spine":"3.0.12","width":0,"height":0},"bones":[{"name":"root"},{"name":"MAIN","parent":"root","y":47.02},{"name":"ac_B_root","parent":"MAIN","x":42.49,"y":43.01}],"slots":[{"name":"ac_B_5","bone":"ac_B_root","attachment":"ac_B_5"},{"name":"MAIN","bone":"MAIN","attachment":"idle_2"}],"skins":{"default":{"MAIN":{"idle_0":{"x":16.1,"y":21.22,"width":300,"height":300},"idle_1":{"x":16.1,"y":21.22,"width":300,"height":300},"idle_2":{"x":16.1,"y":21.22,"width":300,"height":300},"idle_3":{"x":16.1,"y":21.22,"width":300,"height":300},"idle_4":{"x":16.1,"y":21.22,"width":300,"height":300}},"ac_B_5":{"ac_B_5":{"x":-38.33,"y":6.3,"width":256,"height":256}}}},"events":{"Event":{},"Hit":{},"Sound1":{},"Sound2":{},"Sound3":{},"Voice":{}},"animations":{"idle":{"slots":{"MAIN":{"attachment":[{"time":0,"name":"idle_0"},{"time":0.1666,"name":"idle_1"},{"time":0.3333,"name":"idle_2"},{"time":0.5,"name":"idle_3"},{"time":0.6666,"name":"idle_4"},{"time":0.8333,"name":"idle_0"}]}},"bones":{"ac_B_root":{"translate":[{"time":0,"x":0,"y":0,"curve":"stepped"},{"time":0.1666,"x":0,"y":-0.26,"curve":"stepped"},{"time":0.3333,"x":0,"y":-0.52,"curve":"stepped"},{"time":0.5,"x":0,"y":-0.78,"curve":"stepped"},{"time":0.6666,"x":0,"y":-0.39,"curve":"stepped"},{"time":0.8333,"x":0,"y":0}]}}}}}