{"skeleton":{"hash":"sZTT9/qfLW3opiTLS8XhYqKpVRQ","spine":"3.0.12","width":603,"height":961},"bones":[{"name":"root"},{"name":"MAIN","parent":"root"}],"slots":[{"name":"06","bone":"MAIN","attachment":"06"},{"name":"07","bone":"MAIN","attachment":"07"},{"name":"05","bone":"MAIN","attachment":"05"},{"name":"04","bone":"MAIN","attachment":"04"},{"name":"03","bone":"MAIN","attachment":"03"},{"name":"02","bone":"MAIN","attachment":"02"},{"name":"face_100","bone":"MAIN","attachment":"face_100"},{"name":"01","bone":"MAIN","attachment":"01"},{"name":"00","bone":"MAIN","attachment":"00"}],"skins":{"default":{"00":{"00":{"x":77.5,"y":896.5,"width":441,"height":129}},"01":{"01":{"x":-99,"y":769,"width":164,"height":130}},"02":{"02":{"x":186,"y":769,"width":282,"height":130}},"03":{"03":{"x":72,"y":641,"width":562,"height":130}},"04":{"04":{"x":63.5,"y":385,"width":603,"height":386}},"05":{"05":{"x":350,"y":182.5,"width":8,"height":23}},"06":{"06":{"x":305,"y":35,"width":8,"height":62}},"07":{"07":{"x":47,"y":97,"width":512,"height":194}},"face_100":{"face_100":{"x":14,"y":769,"width":66,"height":130},"face_110":{"x":14,"y":769,"width":66,"height":130},"face_120":{"x":14,"y":769,"width":66,"height":130},"face_130":{"x":14,"y":769,"width":66,"height":130},"face_140":{"x":14,"y":769,"width":66,"height":130},"face_150":{"x":14,"y":769,"width":66,"height":130},"face_160":{"x":14,"y":769,"width":66,"height":130}}}},"animations":{"100":{"slots":{"00":{"attachment":[{"time":0,"name":"00"}]},"01":{"attachment":[{"time":0,"name":"01"}]},"02":{"attachment":[{"time":0,"name":"02"}]},"03":{"attachment":[{"time":0,"name":"03"}]},"04":{"attachment":[{"time":0,"name":"04"}]},"05":{"attachment":[{"time":0,"name":"05"}]},"06":{"attachment":[{"time":0,"name":"06"}]},"07":{"attachment":[{"time":0,"name":"07"}]},"face_100":{"attachment":[{"time":0,"name":"face_100"}]}}},"110":{"slots":{"00":{"attachment":[{"time":0,"name":"00"}]},"01":{"attachment":[{"time":0,"name":"01"}]},"02":{"attachment":[{"time":0,"name":"02"}]},"03":{"attachment":[{"time":0,"name":"03"}]},"04":{"attachment":[{"time":0,"name":"04"}]},"05":{"attachment":[{"time":0,"name":"05"}]},"06":{"attachment":[{"time":0,"name":"06"}]},"07":{"attachment":[{"time":0,"name":"07"}]},"face_100":{"attachment":[{"time":0,"name":"face_110"}]}}},"120":{"slots":{"00":{"attachment":[{"time":0,"name":"00"}]},"01":{"attachment":[{"time":0,"name":"01"}]},"02":{"attachment":[{"time":0,"name":"02"}]},"03":{"attachment":[{"time":0,"name":"03"}]},"04":{"attachment":[{"time":0,"name":"04"}]},"05":{"attachment":[{"time":0,"name":"05"}]},"06":{"attachment":[{"time":0,"name":"06"}]},"07":{"attachment":[{"time":0,"name":"07"}]},"face_100":{"attachment":[{"time":0,"name":"face_120"}]}}},"130":{"slots":{"00":{"attachment":[{"time":0,"name":"00"}]},"01":{"attachment":[{"time":0,"name":"01"}]},"02":{"attachment":[{"time":0,"name":"02"}]},"03":{"attachment":[{"time":0,"name":"03"}]},"04":{"attachment":[{"time":0,"name":"04"}]},"05":{"attachment":[{"time":0,"name":"05"}]},"06":{"attachment":[{"time":0,"name":"06"}]},"07":{"attachment":[{"time":0,"name":"07"}]},"face_100":{"attachment":[{"time":0,"name":"face_130"}]}}},"140":{"slots":{"00":{"attachment":[{"time":0,"name":"00"}]},"01":{"attachment":[{"time":0,"name":"01"}]},"02":{"attachment":[{"time":0,"name":"02"}]},"03":{"attachment":[{"time":0,"name":"03"}]},"04":{"attachment":[{"time":0,"name":"04"}]},"05":{"attachment":[{"time":0,"name":"05"}]},"06":{"attachment":[{"time":0,"name":"06"}]},"07":{"attachment":[{"time":0,"name":"07"}]},"face_100":{"attachment":[{"time":0,"name":"face_140"}]}}},"150":{"slots":{"00":{"attachment":[{"time":0,"name":"00"}]},"01":{"attachment":[{"time":0,"name":"01"}]},"02":{"attachment":[{"time":0,"name":"02"}]},"03":{"attachment":[{"time":0,"name":"03"}]},"04":{"attachment":[{"time":0,"name":"04"}]},"05":{"attachment":[{"time":0,"name":"05"}]},"06":{"attachment":[{"time":0,"name":"06"}]},"07":{"attachment":[{"time":0,"name":"07"}]},"face_100":{"attachment":[{"time":0,"name":"face_150"}]}}},"160":{"slots":{"00":{"attachment":[{"time":0,"name":"00"}]},"01":{"attachment":[{"time":0,"name":"01"}]},"02":{"attachment":[{"time":0,"name":"02"}]},"03":{"attachment":[{"time":0,"name":"03"}]},"04":{"attachment":[{"time":0,"name":"04"}]},"05":{"attachment":[{"time":0,"name":"05"}]},"06":{"attachment":[{"time":0,"name":"06"}]},"07":{"attachment":[{"time":0,"name":"07"}]},"face_100":{"attachment":[{"time":0,"name":"face_160"}]}}}}}