{"skeleton":{"hash":"691U53KfU+qxUWDckIyRFDXWWZE","spine":"3.0.12","width":0,"height":0},"bones":[{"name":"root"},{"name":"main_power","parent":"root","x":-100,"y":-200},{"name":"graund_wave_3","parent":"root","x":-300,"y":-200},{"name":"graund_wave_2","parent":"root","x":-300,"y":-200},{"name":"graund_wave_1","parent":"root","x":-300,"y":-200},{"name":"energy_sink_3","parent":"root","x":-299.99,"y":-100},{"name":"energy_sink_2","parent":"root","x":-299.99,"y":-100},{"name":"energy_sink_1","parent":"root","x":-299.99,"y":-100},{"name":"earth_7","parent":"root","x":-300,"y":-300},{"name":"earth_6","parent":"root","x":-300,"y":-300},{"name":"earth_5","parent":"root","x":-300,"y":-300},{"name":"earth_4","parent":"root","x":-300,"y":-300},{"name":"earth_3","parent":"root","x":-300,"y":-300},{"name":"earth_2","parent":"root","x":-300,"y":-300},{"name":"earth_1","parent":"root","x":-300,"y":-300},{"name":"dash","parent":"root","x":-100,"y":-100},{"name":"MAIN","parent":"root","y":50},{"name":"HITBOX","parent":"MAIN","y":-50},{"name":"EF_main","parent":"root"},{"name":"DOT_EF","parent":"root","y":50},{"name":"DAMAGEAREA","parent":"root","x":0.34,"y":0.27},{"name":"slash_dot","parent":"root","x":150,"y":75,"scaleX":2,"scaleY":2}],"slots":[{"name":"EF/efr_ATK2_earth2_00001","bone":"earth_1","blend":"additive"},{"name":"EF/efr_ATK2_earth2_1","bone":"earth_2","blend":"additive"},{"name":"EF/efr_ATK2_earth2_2","bone":"earth_3","blend":"additive"},{"name":"EF/efr_ATK2_earth2_3","bone":"earth_4","blend":"additive"},{"name":"EF/efr_ATK2_earth2_4","bone":"earth_5","blend":"additive"},{"name":"EF/efr_ATK2_earth2_5","bone":"earth_6","blend":"additive"},{"name":"EF/efr_ATK2_earth2_6","bone":"earth_7","blend":"additive"},{"name":"EF/main_graund_wave/ef_graund_wave_main_00001","bone":"graund_wave_1","blend":"additive"},{"name":"EF/main_graund_wave/ef_graund_wave_main_1","bone":"graund_wave_2","blend":"additive"},{"name":"EF/main_graund_wave/ef_graund_wave_main_2","bone":"graund_wave_3","blend":"additive"},{"name":"DAMAGEAREA","bone":"DAMAGEAREA"},{"name":"DOT_EF","bone":"DOT_EF","color":"a500ffff","blend":"additive"},{"name":"slash_dot2","bone":"slash_dot","color":"a500ffff","blend":"additive"},{"name":"MAIN","bone":"MAIN","attachment":"idle_00"},{"name":"attack1_07b","bone":"MAIN"},{"name":"attack1_08b","bone":"MAIN"},{"name":"attack1_07_EFb","bone":"DOT_EF","color":"a500ffff","blend":"additive"},{"name":"slash_dot1","bone":"slash_dot","color":"a500ffff","blend":"additive"},{"name":"EF/main_power/ef_power_main_00001","bone":"main_power","blend":"additive"},{"name":"EF/main_jet_purple/ef_jet_purple_00001","bone":"dash","blend":"additive"},{"name":"EF/main_energy_sink/ef_energy_sink_main_00002","bone":"energy_sink_1","blend":"additive"},{"name":"EF/main_energy_sink/ef_energy_sink_main_2","bone":"energy_sink_2","blend":"additive"},{"name":"EF/main_energy_sink/ef_energy_sink_main_3","bone":"energy_sink_3","blend":"additive"},{"name":"HITBOX","bone":"HITBOX","attachment":"HITBOX"}],"skins":{"default":{"DAMAGEAREA":{"DAMAGEAREA":{"type":"boundingbox","vertices":[-64.62221,-63.71831,62.61373,-64.47031,63.36574,63.71567,-64.6222,63.33964]}},"DOT_EF":{"EF/DOT_EF/attack1_03_ef":{"x":-15,"y":10,"scaleX":2,"scaleY":2,"width":250,"height":250},"EF/DOT_EF/attack1_04_ef":{"x":-15,"y":10,"scaleX":2,"scaleY":2,"width":250,"height":250},"EF/DOT_EF/attack1_07_EFa":{"x":-15,"y":10,"scaleX":2,"scaleY":2,"width":250,"height":250},"EF/DOT_EF/attack1_08_EF":{"x":-15,"y":10,"scaleX":2,"scaleY":2,"width":250,"height":250},"EF/DOT_EF/attack1_09_EF":{"x":-15,"y":10,"scaleX":2,"scaleY":2,"width":250,"height":250},"EF/DOT_EF/attack1_10_EF":{"x":-15,"y":10,"scaleX":2,"scaleY":2,"width":250,"height":250}},"EF/efr_ATK2_earth2_00001":{"EF/efr_ATK2_earth2_00001":{"x":-0.51,"y":-1.4,"width":464,"height":88}},"EF/efr_ATK2_earth2_1":{"EF/efr_ATK2_earth2_00001":{"x":-0.51,"y":-1.4,"width":464,"height":88}},"EF/efr_ATK2_earth2_2":{"EF/efr_ATK2_earth2_00001":{"x":-0.51,"y":-1.4,"width":464,"height":88}},"EF/efr_ATK2_earth2_3":{"EF/efr_ATK2_earth2_00001":{"x":-0.51,"y":-1.4,"width":464,"height":88}},"EF/efr_ATK2_earth2_4":{"EF/efr_ATK2_earth2_00001":{"x":-0.51,"y":-1.4,"width":464,"height":88}},"EF/efr_ATK2_earth2_5":{"EF/efr_ATK2_earth2_00001":{"x":-0.51,"y":-1.4,"width":464,"height":88}},"EF/efr_ATK2_earth2_6":{"EF/efr_ATK2_earth2_00001":{"x":-0.51,"y":-1.4,"width":464,"height":88}},"EF/main_energy_sink/ef_energy_sink_main_00002":{"EF/main_energy_sink/ef_energy_sink_main_00002":{"x":0.57,"y":-0.46,"width":400,"height":400},"EF/main_energy_sink/ef_energy_sink_main_00003":{"x":0.57,"y":-0.46,"width":400,"height":400},"EF/main_energy_sink/ef_energy_sink_main_00004":{"x":0.57,"y":-0.46,"width":400,"height":400},"EF/main_energy_sink/ef_energy_sink_main_00005":{"x":0.57,"y":-0.46,"width":400,"height":400},"EF/main_energy_sink/ef_energy_sink_main_00006":{"x":0.57,"y":-0.46,"width":400,"height":400},"EF/main_energy_sink/ef_energy_sink_main_00007":{"x":0.57,"y":-0.46,"width":400,"height":400},"EF/main_energy_sink/ef_energy_sink_main_00008":{"x":0.57,"y":-0.46,"width":400,"height":400},"EF/main_energy_sink/ef_energy_sink_main_00009":{"x":0.57,"y":-0.46,"width":400,"height":400},"EF/main_energy_sink/ef_energy_sink_main_00010":{"x":0.57,"y":-0.46,"width":400,"height":400},"EF/main_energy_sink/ef_energy_sink_main_00011":{"x":0.57,"y":-0.46,"width":400,"height":400},"EF/main_energy_sink/ef_energy_sink_main_00012":{"x":0.57,"y":-0.46,"width":400,"height":400},"EF/main_energy_sink/ef_energy_sink_main_00013":{"x":0.57,"y":-0.46,"width":400,"height":400},"EF/main_energy_sink/ef_energy_sink_main_00014":{"x":0.57,"y":-0.46,"width":400,"height":400},"EF/main_energy_sink/ef_energy_sink_main_00015":{"x":0.57,"y":-0.46,"width":400,"height":400},"EF/main_energy_sink/ef_energy_sink_main_00016":{"x":0.57,"y":-0.46,"width":400,"height":400},"EF/main_energy_sink/ef_energy_sink_main_00017":{"x":0.57,"y":-0.46,"width":400,"height":400}},"EF/main_energy_sink/ef_energy_sink_main_2":{"EF/main_energy_sink/ef_energy_sink_main_00002":{"x":0.57,"y":-0.46,"width":400,"height":400},"EF/main_energy_sink/ef_energy_sink_main_00003":{"x":0.57,"y":-0.46,"width":400,"height":400},"EF/main_energy_sink/ef_energy_sink_main_00004":{"x":0.57,"y":-0.46,"width":400,"height":400},"EF/main_energy_sink/ef_energy_sink_main_00005":{"x":0.57,"y":-0.46,"width":400,"height":400},"EF/main_energy_sink/ef_energy_sink_main_00006":{"x":0.57,"y":-0.46,"width":400,"height":400},"EF/main_energy_sink/ef_energy_sink_main_00007":{"x":0.57,"y":-0.46,"width":400,"height":400},"EF/main_energy_sink/ef_energy_sink_main_00008":{"x":0.57,"y":-0.46,"width":400,"height":400},"EF/main_energy_sink/ef_energy_sink_main_00009":{"x":0.57,"y":-0.46,"width":400,"height":400},"EF/main_energy_sink/ef_energy_sink_main_00010":{"x":0.57,"y":-0.46,"width":400,"height":400},"EF/main_energy_sink/ef_energy_sink_main_00011":{"x":0.57,"y":-0.46,"width":400,"height":400},"EF/main_energy_sink/ef_energy_sink_main_00012":{"x":0.57,"y":-0.46,"width":400,"height":400},"EF/main_energy_sink/ef_energy_sink_main_00013":{"x":0.57,"y":-0.46,"width":400,"height":400},"EF/main_energy_sink/ef_energy_sink_main_00014":{"x":0.57,"y":-0.46,"width":400,"height":400},"EF/main_energy_sink/ef_energy_sink_main_00015":{"x":0.57,"y":-0.46,"width":400,"height":400},"EF/main_energy_sink/ef_energy_sink_main_00016":{"x":0.57,"y":-0.46,"width":400,"height":400},"EF/main_energy_sink/ef_energy_sink_main_00017":{"x":0.57,"y":-0.46,"width":400,"height":400}},"EF/main_energy_sink/ef_energy_sink_main_3":{"EF/main_energy_sink/ef_energy_sink_main_00002":{"x":0.57,"y":-0.46,"width":400,"height":400},"EF/main_energy_sink/ef_energy_sink_main_00003":{"x":0.57,"y":-0.46,"width":400,"height":400},"EF/main_energy_sink/ef_energy_sink_main_00004":{"x":0.57,"y":-0.46,"width":400,"height":400},"EF/main_energy_sink/ef_energy_sink_main_00005":{"x":0.57,"y":-0.46,"width":400,"height":400},"EF/main_energy_sink/ef_energy_sink_main_00006":{"x":0.57,"y":-0.46,"width":400,"height":400},"EF/main_energy_sink/ef_energy_sink_main_00007":{"x":0.57,"y":-0.46,"width":400,"height":400},"EF/main_energy_sink/ef_energy_sink_main_00008":{"x":0.57,"y":-0.46,"width":400,"height":400},"EF/main_energy_sink/ef_energy_sink_main_00009":{"x":0.57,"y":-0.46,"width":400,"height":400},"EF/main_energy_sink/ef_energy_sink_main_00010":{"x":0.57,"y":-0.46,"width":400,"height":400},"EF/main_energy_sink/ef_energy_sink_main_00011":{"x":0.57,"y":-0.46,"width":400,"height":400},"EF/main_energy_sink/ef_energy_sink_main_00012":{"x":0.57,"y":-0.46,"width":400,"height":400},"EF/main_energy_sink/ef_energy_sink_main_00013":{"x":0.57,"y":-0.46,"width":400,"height":400},"EF/main_energy_sink/ef_energy_sink_main_00014":{"x":0.57,"y":-0.46,"width":400,"height":400},"EF/main_energy_sink/ef_energy_sink_main_00015":{"x":0.57,"y":-0.46,"width":400,"height":400},"EF/main_energy_sink/ef_energy_sink_main_00016":{"x":0.57,"y":-0.46,"width":400,"height":400},"EF/main_energy_sink/ef_energy_sink_main_00017":{"x":0.57,"y":-0.46,"width":400,"height":400}},"EF/main_graund_wave/ef_graund_wave_main_00001":{"EF/main_graund_wave/ef_graund_wave_main_00001":{"x":0.01,"y":13.58,"width":400,"height":240},"EF/main_graund_wave/ef_graund_wave_main_00002":{"x":0.01,"y":13.58,"width":400,"height":240},"EF/main_graund_wave/ef_graund_wave_main_00003":{"x":0.01,"y":13.58,"width":400,"height":240},"EF/main_graund_wave/ef_graund_wave_main_00004":{"x":0.01,"y":13.58,"width":400,"height":240},"EF/main_graund_wave/ef_graund_wave_main_00005":{"x":0.01,"y":13.58,"width":400,"height":240},"EF/main_graund_wave/ef_graund_wave_main_00006":{"x":0.01,"y":13.58,"width":400,"height":240},"EF/main_graund_wave/ef_graund_wave_main_00007":{"x":0.01,"y":13.58,"width":400,"height":240},"EF/main_graund_wave/ef_graund_wave_main_00008":{"x":0.01,"y":13.58,"width":400,"height":240},"EF/main_graund_wave/ef_graund_wave_main_00009":{"x":0.01,"y":13.58,"width":400,"height":240},"EF/main_graund_wave/ef_graund_wave_main_00010":{"x":0.01,"y":13.58,"width":400,"height":240},"EF/main_graund_wave/ef_graund_wave_main_00011":{"x":0.01,"y":13.58,"width":400,"height":240},"EF/main_graund_wave/ef_graund_wave_main_00012":{"x":0.01,"y":13.58,"width":400,"height":240},"EF/main_graund_wave/ef_graund_wave_main_00013":{"x":0.01,"y":13.58,"width":400,"height":240}},"EF/main_graund_wave/ef_graund_wave_main_1":{"EF/main_graund_wave/ef_graund_wave_main_00001":{"x":0.01,"y":13.58,"width":400,"height":240},"EF/main_graund_wave/ef_graund_wave_main_00002":{"x":0.01,"y":13.58,"width":400,"height":240},"EF/main_graund_wave/ef_graund_wave_main_00003":{"x":0.01,"y":13.58,"width":400,"height":240},"EF/main_graund_wave/ef_graund_wave_main_00004":{"x":0.01,"y":13.58,"width":400,"height":240},"EF/main_graund_wave/ef_graund_wave_main_00005":{"x":0.01,"y":13.58,"width":400,"height":240},"EF/main_graund_wave/ef_graund_wave_main_00006":{"x":0.01,"y":13.58,"width":400,"height":240},"EF/main_graund_wave/ef_graund_wave_main_00007":{"x":0.01,"y":13.58,"width":400,"height":240},"EF/main_graund_wave/ef_graund_wave_main_00008":{"x":0.01,"y":13.58,"width":400,"height":240},"EF/main_graund_wave/ef_graund_wave_main_00009":{"x":0.01,"y":13.58,"width":400,"height":240},"EF/main_graund_wave/ef_graund_wave_main_00010":{"x":0.01,"y":13.58,"width":400,"height":240},"EF/main_graund_wave/ef_graund_wave_main_00011":{"x":0.01,"y":13.58,"width":400,"height":240},"EF/main_graund_wave/ef_graund_wave_main_00012":{"x":0.01,"y":13.58,"width":400,"height":240},"EF/main_graund_wave/ef_graund_wave_main_00013":{"x":0.01,"y":13.58,"width":400,"height":240}},"EF/main_graund_wave/ef_graund_wave_main_2":{"EF/main_graund_wave/ef_graund_wave_main_00001":{"x":0.01,"y":13.58,"width":400,"height":240},"EF/main_graund_wave/ef_graund_wave_main_00002":{"x":0.01,"y":13.58,"width":400,"height":240},"EF/main_graund_wave/ef_graund_wave_main_00003":{"x":0.01,"y":13.58,"width":400,"height":240},"EF/main_graund_wave/ef_graund_wave_main_00004":{"x":0.01,"y":13.58,"width":400,"height":240},"EF/main_graund_wave/ef_graund_wave_main_00005":{"x":0.01,"y":13.58,"width":400,"height":240},"EF/main_graund_wave/ef_graund_wave_main_00006":{"x":0.01,"y":13.58,"width":400,"height":240},"EF/main_graund_wave/ef_graund_wave_main_00007":{"x":0.01,"y":13.58,"width":400,"height":240},"EF/main_graund_wave/ef_graund_wave_main_00008":{"x":0.01,"y":13.58,"width":400,"height":240},"EF/main_graund_wave/ef_graund_wave_main_00009":{"x":0.01,"y":13.58,"width":400,"height":240},"EF/main_graund_wave/ef_graund_wave_main_00010":{"x":0.01,"y":13.58,"width":400,"height":240},"EF/main_graund_wave/ef_graund_wave_main_00011":{"x":0.01,"y":13.58,"width":400,"height":240},"EF/main_graund_wave/ef_graund_wave_main_00012":{"x":0.01,"y":13.58,"width":400,"height":240},"EF/main_graund_wave/ef_graund_wave_main_00013":{"x":0.01,"y":13.58,"width":400,"height":240}},"EF/main_jet_purple/ef_jet_purple_00001":{"EF/main_jet_purple/ef_jet_purple_00001":{"x":-26.09,"y":89.4,"width":150,"height":150},"EF/main_jet_purple/ef_jet_purple_00002":{"x":-26.09,"y":89.4,"width":150,"height":150},"EF/main_jet_purple/ef_jet_purple_00003":{"x":-26.09,"y":89.4,"width":150,"height":150},"EF/main_jet_purple/ef_jet_purple_00004":{"x":-26.09,"y":89.4,"width":150,"height":150},"EF/main_jet_purple/ef_jet_purple_00005":{"x":-26.09,"y":89.4,"width":150,"height":150},"EF/main_jet_purple/ef_jet_purple_00006":{"x":-26.09,"y":89.4,"width":150,"height":150},"EF/main_jet_purple/ef_jet_purple_00007":{"x":-26.09,"y":89.4,"width":150,"height":150},"EF/main_jet_purple/ef_jet_purple_00008":{"x":-26.09,"y":89.4,"width":150,"height":150},"EF/main_jet_purple/ef_jet_purple_00009":{"x":-26.09,"y":89.4,"width":150,"height":150},"EF/main_jet_purple/ef_jet_purple_00010":{"x":-26.09,"y":89.4,"width":150,"height":150},"EF/main_jet_purple/ef_jet_purple_00011":{"x":-26.09,"y":89.4,"width":150,"height":150},"EF/main_jet_purple/ef_jet_purple_00012":{"x":-26.09,"y":89.4,"width":150,"height":150}},"EF/main_power/ef_power_main_00001":{"EF/main_power/ef_power_main_00001":{"x":-0.65,"width":250,"height":250},"EF/main_power/ef_power_main_00002":{"x":-0.65,"width":250,"height":250},"EF/main_power/ef_power_main_00003":{"x":-0.65,"width":250,"height":250},"EF/main_power/ef_power_main_00004":{"x":-0.65,"width":250,"height":250},"EF/main_power/ef_power_main_00005":{"x":-0.65,"width":250,"height":250},"EF/main_power/ef_power_main_00006":{"x":-0.65,"width":250,"height":250},"EF/main_power/ef_power_main_00007":{"x":-0.65,"width":250,"height":250},"EF/main_power/ef_power_main_00008":{"x":-0.65,"width":250,"height":250},"EF/main_power/ef_power_main_00009":{"x":-0.65,"width":250,"height":250},"EF/main_power/ef_power_main_00010":{"x":-0.65,"width":250,"height":250}},"HITBOX":{"HITBOX":{"type":"boundingbox","vertices":[-25.3936,0.06996,19.60635,0.06996,19.00635,96.66988,-25.9936,98.46986]}},"MAIN":{"attack1_00":{"x":-15,"y":10,"scaleX":2,"scaleY":2,"width":250,"height":250},"attack1_01":{"x":-15,"y":10,"scaleX":2,"scaleY":2,"width":250,"height":250},"attack1_02":{"x":-15,"y":10,"scaleX":2,"scaleY":2,"width":250,"height":250},"attack1_03":{"x":-15,"y":10,"scaleX":2,"scaleY":2,"width":250,"height":250},"attack1_04":{"x":-15,"y":10,"scaleX":2,"scaleY":2,"width":250,"height":250},"attack1_07":{"x":-15,"y":10,"scaleX":2,"scaleY":2,"width":250,"height":250},"attack1_08":{"x":-15,"y":10,"scaleX":2,"scaleY":2,"width":250,"height":250},"attack1_09":{"x":-15,"y":10,"scaleX":2,"scaleY":2,"width":250,"height":250},"attack1_10":{"x":-15,"y":10,"scaleX":2,"scaleY":2,"width":250,"height":250},"attack1_11":{"x":-15,"y":10,"scaleX":2,"scaleY":2,"width":250,"height":250},"attack1_12":{"x":-15,"y":10,"scaleX":2,"scaleY":2,"width":250,"height":250},"attack1_07a":{"x":-15,"y":10,"scaleX":2,"scaleY":2,"width":250,"height":250},"attack1_08a":{"x":-15,"y":10,"scaleX":2,"scaleY":2,"width":250,"height":250},"back_00":{"x":-15,"y":10,"scaleX":2,"scaleY":2,"width":250,"height":250},"damage_00":{"x":-15,"y":10,"scaleX":2,"scaleY":2,"width":250,"height":250},"front_00":{"x":-15,"y":10,"scaleX":2,"scaleY":2,"width":250,"height":250},"idle_00":{"x":-15,"y":10,"scaleX":2,"scaleY":2,"width":250,"height":250},"idle_01":{"x":-15,"y":10,"scaleX":2,"scaleY":2,"width":250,"height":250},"idle_02":{"x":-15,"y":10,"scaleX":2,"scaleY":2,"width":250,"height":250},"idle_03":{"x":-15,"y":10,"scaleX":2,"scaleY":2,"width":250,"height":250},"skill1_00":{"x":-15,"y":10,"scaleX":2,"scaleY":2,"width":250,"height":250},"skill1_01":{"x":-15,"y":10,"scaleX":2,"scaleY":2,"width":250,"height":250},"skill1_02":{"x":-15,"y":10,"scaleX":2,"scaleY":2,"width":250,"height":250},"skill1_03":{"x":-15,"y":10,"scaleX":2,"scaleY":2,"width":250,"height":250},"skill1_04":{"x":-15,"y":10,"scaleX":2,"scaleY":2,"width":250,"height":250},"skill1_05":{"x":-15,"y":10,"scaleX":2,"scaleY":2,"width":250,"height":250},"skill1_06":{"x":-15,"y":10,"scaleX":2,"scaleY":2,"width":250,"height":250},"skill1_07":{"x":-15,"y":10,"scaleX":2,"scaleY":2,"width":250,"height":250},"skill1_08":{"x":-15,"y":10,"scaleX":2,"scaleY":2,"width":250,"height":250},"skill1_09":{"x":-15,"y":10,"scaleX":2,"scaleY":2,"width":250,"height":250},"skill2_00":{"x":-15,"y":10,"scaleX":2,"scaleY":2,"width":250,"height":250},"skill2_01":{"x":-15,"y":10,"scaleX":2,"scaleY":2,"width":250,"height":250},"skill2_02":{"x":-15,"y":10,"scaleX":2,"scaleY":2,"width":250,"height":250},"skill2_03":{"x":-15,"y":10,"scaleX":2,"scaleY":2,"width":250,"height":250},"skill2_04":{"x":-15,"y":10,"scaleX":2,"scaleY":2,"width":250,"height":250},"skill2_05":{"x":-15,"y":10,"scaleX":2,"scaleY":2,"width":250,"height":250},"skill2_06":{"x":-15,"y":10,"scaleX":2,"scaleY":2,"width":250,"height":250},"skill2_07":{"x":-15,"y":10,"scaleX":2,"scaleY":2,"width":250,"height":250}},"attack1_07_EFb":{"EF/DOT_EF/attack1_07_EFb":{"x":-15,"y":10,"scaleX":2,"scaleY":2,"width":250,"height":250}},"attack1_07b":{"attack1_07b":{"x":-15,"y":10,"scaleX":2,"scaleY":2,"width":250,"height":250}},"attack1_08b":{"attack1_08b":{"x":-15,"y":10,"scaleX":2,"scaleY":2,"width":250,"height":250}},"slash_dot1":{"EF/DOT_EF2/combo_ef1":{"x":42.58,"y":34.83,"width":206,"height":171},"EF/DOT_EF2/combo_ef2":{"width":206,"height":171}},"slash_dot2":{"EF/DOT_EF2/combo_ef3":{"width":206,"height":171}}}},"events":{"Event":{},"Event2":{},"Hit":{},"Sound1":{},"Sound2":{},"Sound3":{},"Voice":{}},"animations":{"attack1":{"slots":{"DAMAGEAREA":{"attachment":[{"time":0.5,"name":"DAMAGEAREA"},{"time":0.5666,"name":null},{"time":1.1,"name":"DAMAGEAREA"},{"time":1.1666,"name":null}]},"DOT_EF":{"attachment":[{"time":0.8666,"name":"EF/DOT_EF/attack1_07_EFa"},{"time":0.9,"name":"EF/DOT_EF/attack1_08_EF"},{"time":1.0333,"name":null}]},"MAIN":{"attachment":[{"time":0,"name":"idle_00"},{"time":0.0333,"name":"attack1_02"},{"time":0.1333,"name":"attack1_00"},{"time":0.2333,"name":"attack1_01"},{"time":0.5,"name":"attack1_03"},{"time":0.5333,"name":"attack1_04"},{"time":0.6,"name":"attack1_03"},{"time":0.8666,"name":"attack1_07a"},{"time":0.9,"name":"attack1_08a"},{"time":1.0333,"name":"attack1_11"},{"time":1.1,"name":"skill1_05"},{"time":1.1666,"name":"skill1_06"},{"time":1.7,"name":"skill1_03"},{"time":1.7666,"name":"skill1_04"},{"time":1.8666,"name":"idle_02"},{"time":1.9333,"name":"idle_03"},{"time":2,"name":"idle_00"}]},"attack1_07_EFb":{"attachment":[{"time":0.8666,"name":"EF/DOT_EF/attack1_07_EFb"},{"time":0.9,"name":null}]},"attack1_07b":{"attachment":[{"time":0.8666,"name":"attack1_07b"},{"time":0.9,"name":null}]},"attack1_08b":{"attachment":[{"time":0.9,"name":"attack1_08b"},{"time":1.0333,"name":null}]},"slash_dot1":{"attachment":[{"time":0.5,"name":"EF/DOT_EF2/combo_ef1"},{"time":0.5333,"name":null},{"time":1.1,"name":"EF/DOT_EF2/combo_ef2"},{"time":1.1333,"name":null}]},"slash_dot2":{"attachment":[{"time":1.1,"name":"EF/DOT_EF2/combo_ef3"},{"time":1.1333,"name":null}]}},"bones":{"MAIN":{"translate":[{"time":0,"x":0,"y":0,"curve":"stepped"},{"time":0.0333,"x":0,"y":0,"curve":"stepped"},{"time":0.2333,"x":0,"y":1.81,"curve":"stepped"},{"time":0.5,"x":-24.74,"y":1.81},{"time":0.5333,"x":-24.74,"y":-2.5},{"time":0.6,"x":-24.74,"y":1.81,"curve":"stepped"},{"time":0.8666,"x":-24.44,"y":1.81},{"time":0.9666,"x":-29.99,"y":1.81,"curve":"stepped"},{"time":1.0333,"x":-29.99,"y":-6.84,"curve":[0.146,0.34,0.75,1]},{"time":1.4,"x":-36.29,"y":-6.84,"curve":"stepped"},{"time":1.7,"x":0,"y":1.39,"curve":"stepped"},{"time":1.7666,"x":0,"y":1,"curve":"stepped"},{"time":1.8666,"x":0,"y":0}]},"slash_dot":{"rotate":[{"time":0.5,"angle":8.96}],"translate":[{"time":0.5,"x":-289.54,"y":-73.26,"curve":"stepped"},{"time":1.1,"x":-112.47,"y":-42.83}],"scale":[{"time":0.5,"x":1.75,"y":1,"curve":"stepped"},{"time":1.1,"x":1.545,"y":-0.815}]},"DOT_EF":{"translate":[{"time":0.8666,"x":-24.52,"y":1.6},{"time":0.9,"x":-26.53,"y":1.6},{"time":0.9666,"x":-30.14,"y":1.6,"curve":"stepped"},{"time":1,"x":-30.14,"y":1.6}]},"DAMAGEAREA":{"translate":[{"time":0.5,"x":-120.98,"y":67.79,"curve":"stepped"},{"time":1.1,"x":-57.36,"y":30.24}],"scale":[{"time":0.5,"x":1.289,"y":1.335,"curve":"stepped"},{"time":1.1,"x":2.803,"y":1.328}]}},"drawOrder":[{"time":0.5,"offsets":[{"slot":"DOT_EF","offset":2}]}],"events":[{"time":0,"name":"Event","string":"setHitEffect(hit03a, 1)"},{"time":0.4666,"name":"Sound1","string":"cri_se_battle_sword_swish_heavy"},{"time":0.4666,"name":"Sound3","string":"setHitSound(se_battle_019_sword_hit_03)"},{"time":0.4666,"name":"Voice","string":"cri_265_voice_attack_random"},{"time":0.5,"name":"Event","float":0.07,"string":"kHitStopType_normal"},{"time":1.0666,"name":"Sound1","string":"cri_se_battle_sword_swish_heavy"},{"time":1.0666,"name":"Voice","string":"cri_265_voice_attack_c"},{"time":1.1,"name":"Event","float":0.15,"string":"kHitStopType_normal"},{"time":1.1,"name":"Hit","string":"resetHitList"}]},"back":{"slots":{"MAIN":{"attachment":[{"time":0,"name":"back_00"},{"time":0.4,"name":"idle_00"},{"time":0.7666,"name":"idle_00"}]}},"bones":{"MAIN":{"translate":[{"time":0,"x":38.85,"y":12.27},{"time":0.1333,"x":100,"y":26.21},{"time":0.4,"x":138,"y":0,"curve":[0.299,0.52,0.458,0.97]},{"time":0.7666,"x":140,"y":0}]}},"events":[{"time":0,"name":"Sound1","string":"cri_se_battle_jump"},{"time":0.4,"name":"Sound1","string":"cri_se_battle_landing"}]},"cast":{"slots":{"MAIN":{"attachment":[{"time":0,"name":"idle_00"},{"time":0.0333,"name":"attack1_02"},{"time":0.1333,"name":"attack1_00"},{"time":0.3,"name":"attack1_01"},{"time":0.5,"name":"attack1_03"},{"time":0.5333,"name":"attack1_04"},{"time":0.6,"name":"attack1_03"},{"time":0.7666,"name":"skill1_04"},{"time":0.8666,"name":"idle_02"},{"time":0.9333,"name":"idle_03"},{"time":1,"name":"idle_00"}]}},"bones":{"MAIN":{"translate":[{"time":0,"x":0,"y":0,"curve":"stepped"},{"time":0.0333,"x":0,"y":0,"curve":"stepped"},{"time":0.3,"x":0,"y":1.81,"curve":"stepped"},{"time":0.5,"x":-24.74,"y":1.81},{"time":0.5333,"x":-24.74,"y":-2.5},{"time":0.6,"x":-24.74,"y":1.81,"curve":"stepped"},{"time":0.7666,"x":0,"y":1,"curve":"stepped"},{"time":0.8666,"x":0,"y":0}]}},"events":[{"time":0.3333,"name":"Voice","string":"cri_265_voice_item"}]},"damage":{"slots":{"MAIN":{"attachment":[{"time":0,"name":"damage_00"}]}}},"front":{"slots":{"MAIN":{"attachment":[{"time":0,"name":"front_00"}]}}},"idle":{"slots":{"MAIN":{"attachment":[{"time":0,"name":"idle_00"},{"time":0.2666,"name":"idle_01"},{"time":0.5,"name":"idle_02"},{"time":0.7666,"name":"idle_03"},{"time":1,"name":"idle_00"}]}},"bones":{"MAIN":{"translate":[{"time":0,"x":0,"y":0}]}}},"in":{"slots":{"MAIN":{"attachment":[{"time":0,"name":"skill2_00"},{"time":0.0666,"name":"skill2_01"},{"time":0.1333,"name":"skill2_02"},{"time":0.2666,"name":"skill1_00"},{"time":0.5,"name":"idle_03"},{"time":0.6666,"name":"idle_00"}],"color":[{"time":0,"color":"ffffff00"},{"time":0.1666,"color":"ffffffff"}]}},"bones":{"MAIN":{"translate":[{"time":0,"x":4,"y":100},{"time":0.2666,"x":4,"y":-5},{"time":0.3,"x":4,"y":0,"curve":"stepped"},{"time":0.5,"x":0,"y":0}]}},"events":[{"time":0,"name":"Event","string":"takeSummon2"},{"time":0.2666,"name":"Sound1","string":"cri_se_battle_landing"}]},"skill1":{"slots":{"DAMAGEAREA":{"attachment":[{"time":0.2666,"name":"DAMAGEAREA"},{"time":0.3333,"name":null},{"time":1.1,"name":"DAMAGEAREA"},{"time":1.1666,"name":null},{"time":1.9666,"name":"DAMAGEAREA"},{"time":2.1,"name":null}]},"EF/main_graund_wave/ef_graund_wave_main_00001":{"attachment":[{"time":0.1333,"name":"EF/main_graund_wave/ef_graund_wave_main_00001"},{"time":0.1666,"name":"EF/main_graund_wave/ef_graund_wave_main_00002"},{"time":0.2,"name":"EF/main_graund_wave/ef_graund_wave_main_00003"},{"time":0.2333,"name":"EF/main_graund_wave/ef_graund_wave_main_00004"},{"time":0.2666,"name":"EF/main_graund_wave/ef_graund_wave_main_00005"},{"time":0.3,"name":"EF/main_graund_wave/ef_graund_wave_main_00006"},{"time":0.3333,"name":"EF/main_graund_wave/ef_graund_wave_main_00007"},{"time":0.3666,"name":"EF/main_graund_wave/ef_graund_wave_main_00008"},{"time":0.4,"name":"EF/main_graund_wave/ef_graund_wave_main_00009"},{"time":0.4333,"name":"EF/main_graund_wave/ef_graund_wave_main_00010"},{"time":0.4666,"name":"EF/main_graund_wave/ef_graund_wave_main_00011"},{"time":0.5,"name":"EF/main_graund_wave/ef_graund_wave_main_00012"},{"time":0.5333,"name":"EF/main_graund_wave/ef_graund_wave_main_00013"},{"time":0.5666,"name":null},{"time":1.0666,"name":"EF/main_graund_wave/ef_graund_wave_main_00001"},{"time":1.1,"name":"EF/main_graund_wave/ef_graund_wave_main_00002"},{"time":1.1333,"name":"EF/main_graund_wave/ef_graund_wave_main_00003"},{"time":1.1666,"name":"EF/main_graund_wave/ef_graund_wave_main_00004"},{"time":1.2,"name":"EF/main_graund_wave/ef_graund_wave_main_00005"},{"time":1.2333,"name":"EF/main_graund_wave/ef_graund_wave_main_00006"},{"time":1.2666,"name":"EF/main_graund_wave/ef_graund_wave_main_00007"},{"time":1.3,"name":"EF/main_graund_wave/ef_graund_wave_main_00008"},{"time":1.3333,"name":"EF/main_graund_wave/ef_graund_wave_main_00009"},{"time":1.3666,"name":"EF/main_graund_wave/ef_graund_wave_main_00010"},{"time":1.4,"name":"EF/main_graund_wave/ef_graund_wave_main_00011"},{"time":1.4333,"name":"EF/main_graund_wave/ef_graund_wave_main_00012"},{"time":1.4666,"name":"EF/main_graund_wave/ef_graund_wave_main_00013"},{"time":1.5,"name":null},{"time":1.9333,"name":"EF/main_graund_wave/ef_graund_wave_main_00002"},{"time":1.9666,"name":"EF/main_graund_wave/ef_graund_wave_main_00003"},{"time":2,"name":"EF/main_graund_wave/ef_graund_wave_main_00004"},{"time":2.0333,"name":"EF/main_graund_wave/ef_graund_wave_main_00005"},{"time":2.0666,"name":"EF/main_graund_wave/ef_graund_wave_main_00006"},{"time":2.1,"name":"EF/main_graund_wave/ef_graund_wave_main_00007"},{"time":2.1333,"name":"EF/main_graund_wave/ef_graund_wave_main_00008"},{"time":2.1666,"name":"EF/main_graund_wave/ef_graund_wave_main_00009"},{"time":2.2,"name":"EF/main_graund_wave/ef_graund_wave_main_00010"},{"time":2.2333,"name":"EF/main_graund_wave/ef_graund_wave_main_00011"},{"time":2.2666,"name":"EF/main_graund_wave/ef_graund_wave_main_00012"},{"time":2.3,"name":"EF/main_graund_wave/ef_graund_wave_main_00013"},{"time":2.3333,"name":null}]},"EF/main_graund_wave/ef_graund_wave_main_1":{"attachment":[{"time":1.9666,"name":"EF/main_graund_wave/ef_graund_wave_main_00001"},{"time":2,"name":"EF/main_graund_wave/ef_graund_wave_main_00002"},{"time":2.0333,"name":"EF/main_graund_wave/ef_graund_wave_main_00003"},{"time":2.0666,"name":"EF/main_graund_wave/ef_graund_wave_main_00004"},{"time":2.1,"name":"EF/main_graund_wave/ef_graund_wave_main_00005"},{"time":2.1333,"name":"EF/main_graund_wave/ef_graund_wave_main_00006"},{"time":2.1666,"name":"EF/main_graund_wave/ef_graund_wave_main_00007"},{"time":2.2,"name":"EF/main_graund_wave/ef_graund_wave_main_00008"},{"time":2.2333,"name":"EF/main_graund_wave/ef_graund_wave_main_00009"},{"time":2.2666,"name":"EF/main_graund_wave/ef_graund_wave_main_00010"},{"time":2.3,"name":"EF/main_graund_wave/ef_graund_wave_main_00011"},{"time":2.3333,"name":"EF/main_graund_wave/ef_graund_wave_main_00012"},{"time":2.3666,"name":"EF/main_graund_wave/ef_graund_wave_main_00013"},{"time":2.4,"name":null}]},"EF/main_jet_purple/ef_jet_purple_00001":{"attachment":[{"time":0.1333,"name":"EF/main_jet_purple/ef_jet_purple_00001"},{"time":0.1666,"name":"EF/main_jet_purple/ef_jet_purple_00003"},{"time":0.2,"name":"EF/main_jet_purple/ef_jet_purple_00004"},{"time":0.2333,"name":"EF/main_jet_purple/ef_jet_purple_00005"},{"time":0.2666,"name":"EF/main_jet_purple/ef_jet_purple_00006"},{"time":0.3,"name":"EF/main_jet_purple/ef_jet_purple_00007"},{"time":0.3333,"name":"EF/main_jet_purple/ef_jet_purple_00008"},{"time":0.3666,"name":"EF/main_jet_purple/ef_jet_purple_00009"},{"time":0.4,"name":"EF/main_jet_purple/ef_jet_purple_00010"},{"time":0.4333,"name":"EF/main_jet_purple/ef_jet_purple_00011"},{"time":0.4666,"name":"EF/main_jet_purple/ef_jet_purple_00012"},{"time":0.5,"name":null},{"time":1.0666,"name":"EF/main_jet_purple/ef_jet_purple_00001"},{"time":1.1,"name":"EF/main_jet_purple/ef_jet_purple_00003"},{"time":1.1333,"name":"EF/main_jet_purple/ef_jet_purple_00004"},{"time":1.1666,"name":"EF/main_jet_purple/ef_jet_purple_00005"},{"time":1.2,"name":"EF/main_jet_purple/ef_jet_purple_00006"},{"time":1.2333,"name":"EF/main_jet_purple/ef_jet_purple_00007"},{"time":1.2666,"name":"EF/main_jet_purple/ef_jet_purple_00008"},{"time":1.3,"name":"EF/main_jet_purple/ef_jet_purple_00009"},{"time":1.3333,"name":"EF/main_jet_purple/ef_jet_purple_00010"},{"time":1.3666,"name":"EF/main_jet_purple/ef_jet_purple_00011"},{"time":1.4,"name":"EF/main_jet_purple/ef_jet_purple_00012"},{"time":1.4333,"name":null}]},"MAIN":{"attachment":[{"time":0,"name":"idle_00"},{"time":0.0333,"name":"skill1_00"},{"time":0.1333,"name":"skill1_01"},{"time":0.2333,"name":"skill1_02"},{"time":0.3,"name":"skill1_03"},{"time":0.6666,"name":"skill1_04"},{"time":1.0666,"name":"attack1_11"},{"time":1.1,"name":"skill1_05"},{"time":1.2,"name":"skill1_06"},{"time":1.4666,"name":"attack1_07a"},{"time":1.5333,"name":"attack1_08a"},{"time":1.6,"name":"skill2_03"},{"time":1.9,"name":"skill2_06"},{"time":2.5666,"name":"attack1_03"},{"time":2.6666,"name":"back_00"},{"time":2.9333,"name":"skill1_00"},{"time":3.0666,"name":"idle_03"},{"time":3.1666,"name":"idle_00"}]},"attack1_07b":{"attachment":[{"time":1.4666,"name":"attack1_07b"},{"time":1.5333,"name":null}]},"attack1_08b":{"attachment":[{"time":1.5333,"name":"attack1_08b"},{"time":1.6,"name":null}]}},"bones":{"MAIN":{"translate":[{"time":0,"x":0,"y":0,"curve":"stepped"},{"time":0.1333,"x":-15.95,"y":0,"curve":[0.267,0.74,0.402,0.93]},{"time":0.6333,"x":-50,"y":0,"curve":"stepped"},{"time":0.6666,"x":-45.4,"y":-1,"curve":[0.094,0.82,0.18,0.89]},{"time":1.0333,"x":-45.4,"y":2,"curve":"stepped"},{"time":1.0666,"x":-44.88,"y":0,"curve":"stepped"},{"time":1.1,"x":-63.02,"y":0,"curve":[0.074,1,0.75,1]},{"time":1.4333,"x":-80,"y":0,"curve":"stepped"},{"time":1.4666,"x":-42.92,"y":0,"curve":"stepped"},{"time":1.5333,"x":-69.53,"y":0,"curve":"stepped"},{"time":1.6,"x":-95,"y":58.6,"curve":[0.192,0.58,0.75,1]},{"time":1.8666,"x":-100,"y":250,"curve":[0.521,0.01,0.801,0.29]},{"time":1.9333,"x":-120,"y":0,"curve":[0.074,0.9,0.68,0.99]},{"time":2.5,"x":-130,"y":0,"curve":"stepped"},{"time":2.5666,"x":-133,"y":0,"curve":"stepped"},{"time":2.6666,"x":-110.37,"y":0},{"time":2.8,"x":-62.42,"y":10},{"time":2.9333,"x":-20,"y":0,"curve":[0.211,0.49,0.223,0.87]},{"time":3.1666,"x":0,"y":0}]},"DAMAGEAREA":{"translate":[{"time":0.2666,"x":-9.61,"y":51.68,"curve":"stepped"},{"time":1.1,"x":-102.36,"y":62.52,"curve":"stepped"},{"time":1.9666,"x":-257.97,"y":162.87}],"scale":[{"time":0.2666,"x":3.808,"y":2.351,"curve":"stepped"},{"time":1.1,"x":3.972,"y":2.402,"curve":"stepped"},{"time":1.9666,"x":3.646,"y":4.451}]},"dash":{"translate":[{"time":0.1333,"x":156.37,"y":96.13,"curve":"stepped"},{"time":1.0666,"x":119.94,"y":103.94}],"scale":[{"time":0.1333,"x":-1,"y":1,"curve":"stepped"},{"time":1.0666,"x":-1,"y":1}]},"graund_wave_1":{"translate":[{"time":0.1333,"x":280.71,"y":194.83,"curve":"stepped"},{"time":1.0666,"x":238.94,"y":194.83,"curve":"stepped"},{"time":1.9333,"x":36.16,"y":184.42}],"scale":[{"time":0.1333,"x":2.349,"y":2.349,"curve":"stepped"},{"time":1.0666,"x":2.349,"y":2.349,"curve":"stepped"},{"time":1.9333,"x":2.05,"y":2.05,"curve":[0.065,0.78,0.663,1]},{"time":2.3333,"x":4.091,"y":4.091}]},"graund_wave_2":{"translate":[{"time":1.9666,"x":36.16,"y":184.42}],"scale":[{"time":1.9666,"x":2.05,"y":2.05,"curve":[0.065,0.78,0.663,1]},{"time":2.3666,"x":4.091,"y":4.091}]}},"events":[{"time":0,"name":"Event","string":"setHitEffect(hit03a, 1)"},{"time":0.2,"name":"Sound1","string":"cri_se_battle_skill_shot"},{"time":0.2,"name":"Sound3","string":"setHitSound(se_battle_sword_heavy_hit)"},{"time":0.2,"name":"Voice","string":"cri_265_voice_attack_random"},{"time":0.2666,"name":"Event","float":0.1,"string":"kHitStopType_normal"},{"time":1.0333,"name":"Sound1","string":"cri_se_battle_skill_shot"},{"time":1.1,"name":"Hit","string":"resetHitList"},{"time":1.8666,"name":"Sound1","string":"cri_se_battle_skill_swish"},{"time":1.8666,"name":"Voice","string":"cri_265_voice_skill_all"},{"time":1.9333,"name":"Sound1","string":"cri_se_battle_037_explosion_element_05"},{"time":1.9666,"name":"Event","float":0.18,"string":"kHitStopType_normal"},{"time":1.9666,"name":"Event2","float":1,"string":"shakeGround"},{"time":1.9666,"name":"Hit","string":"resetHitList"}]},"skill2":{"slots":{"DAMAGEAREA":{"attachment":[{"time":2.5666,"name":"DAMAGEAREA"},{"time":2.8333,"name":null}]},"EF/efr_ATK2_earth2_00001":{"attachment":[{"time":2.6333,"name":"EF/efr_ATK2_earth2_00001"}],"color":[{"time":2.6,"color":"ffffff00"},{"time":2.7666,"color":"ffffffff","curve":"stepped"},{"time":3.4333,"color":"ffffffff"},{"time":3.6666,"color":"ffffff00"}]},"EF/efr_ATK2_earth2_1":{"attachment":[{"time":2.6333,"name":"EF/efr_ATK2_earth2_00001"}],"color":[{"time":2.6,"color":"ffffff00"},{"time":2.7666,"color":"ffffffff","curve":"stepped"},{"time":3.5333,"color":"ffffffff"},{"time":3.7666,"color":"ffffff00"}]},"EF/efr_ATK2_earth2_2":{"attachment":[{"time":2.6333,"name":"EF/efr_ATK2_earth2_00001"}],"color":[{"time":2.6,"color":"ffffff00"},{"time":2.7666,"color":"ffffffff","curve":"stepped"},{"time":3.4333,"color":"ffffffff"},{"time":3.6666,"color":"ffffff00"}]},"EF/efr_ATK2_earth2_3":{"attachment":[{"time":2.6333,"name":"EF/efr_ATK2_earth2_00001"}],"color":[{"time":2.6,"color":"ffffff00"},{"time":2.7666,"color":"ffffffff","curve":"stepped"},{"time":3.4333,"color":"ffffffff"},{"time":3.6666,"color":"ffffff00"}]},"EF/efr_ATK2_earth2_4":{"attachment":[{"time":2.6333,"name":"EF/efr_ATK2_earth2_00001"}],"color":[{"time":2.6,"color":"ffffff00"},{"time":2.7666,"color":"ffffffff","curve":"stepped"},{"time":3.5333,"color":"ffffffff"},{"time":3.7666,"color":"ffffff00"}]},"EF/efr_ATK2_earth2_5":{"attachment":[{"time":2.6333,"name":"EF/efr_ATK2_earth2_00001"}],"color":[{"time":2.6,"color":"ffffff00"},{"time":2.7666,"color":"ffffffff","curve":"stepped"},{"time":3.5333,"color":"ffffffff"},{"time":3.7666,"color":"ffffff00"}]},"EF/efr_ATK2_earth2_6":{"attachment":[{"time":2.6333,"name":"EF/efr_ATK2_earth2_00001"}],"color":[{"time":2.6,"color":"ffffff00"},{"time":2.7666,"color":"ffffffff","curve":"stepped"},{"time":3.6666,"color":"ffffffff"},{"time":3.9,"color":"ffffff00"}]},"EF/main_energy_sink/ef_energy_sink_main_00002":{"attachment":[{"time":0.5,"name":"EF/main_energy_sink/ef_energy_sink_main_00002"},{"time":0.6,"name":"EF/main_energy_sink/ef_energy_sink_main_00003"},{"time":0.7,"name":"EF/main_energy_sink/ef_energy_sink_main_00004"},{"time":0.8,"name":"EF/main_energy_sink/ef_energy_sink_main_00005"},{"time":0.9,"name":"EF/main_energy_sink/ef_energy_sink_main_00006"},{"time":1,"name":"EF/main_energy_sink/ef_energy_sink_main_00007"},{"time":1.1,"name":"EF/main_energy_sink/ef_energy_sink_main_00008"},{"time":1.2,"name":"EF/main_energy_sink/ef_energy_sink_main_00009"},{"time":1.3,"name":"EF/main_energy_sink/ef_energy_sink_main_00010"},{"time":1.4,"name":"EF/main_energy_sink/ef_energy_sink_main_00011"},{"time":1.4666,"name":"EF/main_energy_sink/ef_energy_sink_main_00012"},{"time":1.5333,"name":"EF/main_energy_sink/ef_energy_sink_main_00013"},{"time":1.6,"name":"EF/main_energy_sink/ef_energy_sink_main_00014"},{"time":1.6666,"name":null}],"color":[{"time":0.5,"color":"ffffff00"},{"time":1.6666,"color":"ffffffff"}]},"EF/main_energy_sink/ef_energy_sink_main_2":{"attachment":[{"time":0.5333,"name":"EF/main_energy_sink/ef_energy_sink_main_00002"},{"time":0.6,"name":"EF/main_energy_sink/ef_energy_sink_main_00003"},{"time":0.6666,"name":"EF/main_energy_sink/ef_energy_sink_main_00004"},{"time":0.7333,"name":"EF/main_energy_sink/ef_energy_sink_main_00005"},{"time":0.8,"name":"EF/main_energy_sink/ef_energy_sink_main_00006"},{"time":0.8666,"name":"EF/main_energy_sink/ef_energy_sink_main_00007"},{"time":0.9333,"name":"EF/main_energy_sink/ef_energy_sink_main_00008"},{"time":1,"name":"EF/main_energy_sink/ef_energy_sink_main_00009"},{"time":1.0666,"name":"EF/main_energy_sink/ef_energy_sink_main_00010"},{"time":1.1333,"name":null}],"color":[{"time":0.9,"color":"ffffffff"},{"time":1.1333,"color":"ffffff00"}]},"EF/main_energy_sink/ef_energy_sink_main_3":{"attachment":[{"time":0.8333,"name":"EF/main_energy_sink/ef_energy_sink_main_00002"},{"time":0.9,"name":"EF/main_energy_sink/ef_energy_sink_main_00003"},{"time":0.9666,"name":"EF/main_energy_sink/ef_energy_sink_main_00004"},{"time":1.0333,"name":"EF/main_energy_sink/ef_energy_sink_main_00005"},{"time":1.1,"name":"EF/main_energy_sink/ef_energy_sink_main_00006"},{"time":1.1666,"name":"EF/main_energy_sink/ef_energy_sink_main_00007"},{"time":1.2333,"name":"EF/main_energy_sink/ef_energy_sink_main_00008"},{"time":1.3,"name":"EF/main_energy_sink/ef_energy_sink_main_00009"},{"time":1.3666,"name":"EF/main_energy_sink/ef_energy_sink_main_00010"},{"time":1.4333,"name":null}],"color":[{"time":1.2,"color":"ffffffff"},{"time":1.4333,"color":"ffffff00"}]},"EF/main_graund_wave/ef_graund_wave_main_1":{"attachment":[{"time":0.7333,"name":"EF/main_graund_wave/ef_graund_wave_main_00001"},{"time":0.7666,"name":"EF/main_graund_wave/ef_graund_wave_main_00003"},{"time":0.8,"name":"EF/main_graund_wave/ef_graund_wave_main_00005"},{"time":0.8333,"name":"EF/main_graund_wave/ef_graund_wave_main_00007"},{"time":0.8666,"name":"EF/main_graund_wave/ef_graund_wave_main_00008"},{"time":0.9,"name":"EF/main_graund_wave/ef_graund_wave_main_00010"},{"time":0.9333,"name":"EF/main_graund_wave/ef_graund_wave_main_00011"},{"time":0.9666,"name":"EF/main_graund_wave/ef_graund_wave_main_00012"},{"time":1,"name":"EF/main_graund_wave/ef_graund_wave_main_00013"},{"time":1.0333,"name":null},{"time":1.2333,"name":"EF/main_graund_wave/ef_graund_wave_main_00001"},{"time":1.2666,"name":"EF/main_graund_wave/ef_graund_wave_main_00003"},{"time":1.3,"name":"EF/main_graund_wave/ef_graund_wave_main_00005"},{"time":1.3333,"name":"EF/main_graund_wave/ef_graund_wave_main_00007"},{"time":1.3666,"name":"EF/main_graund_wave/ef_graund_wave_main_00008"},{"time":1.4,"name":"EF/main_graund_wave/ef_graund_wave_main_00010"},{"time":1.4333,"name":"EF/main_graund_wave/ef_graund_wave_main_00011"},{"time":1.4666,"name":"EF/main_graund_wave/ef_graund_wave_main_00012"},{"time":1.5,"name":"EF/main_graund_wave/ef_graund_wave_main_00013"},{"time":1.5333,"name":null},{"time":2.7666,"name":"EF/main_graund_wave/ef_graund_wave_main_00001"},{"time":2.8,"name":"EF/main_graund_wave/ef_graund_wave_main_00003"},{"time":2.8333,"name":"EF/main_graund_wave/ef_graund_wave_main_00005"},{"time":2.8666,"name":"EF/main_graund_wave/ef_graund_wave_main_00007"},{"time":2.9,"name":"EF/main_graund_wave/ef_graund_wave_main_00008"},{"time":2.9333,"name":"EF/main_graund_wave/ef_graund_wave_main_00010"},{"time":2.9666,"name":"EF/main_graund_wave/ef_graund_wave_main_00011"},{"time":3,"name":"EF/main_graund_wave/ef_graund_wave_main_00012"},{"time":3.0333,"name":"EF/main_graund_wave/ef_graund_wave_main_00013"},{"time":3.0666,"name":null},{"time":3.1666,"name":"EF/main_graund_wave/ef_graund_wave_main_00001"},{"time":3.2,"name":"EF/main_graund_wave/ef_graund_wave_main_00003"},{"time":3.2333,"name":"EF/main_graund_wave/ef_graund_wave_main_00005"},{"time":3.2666,"name":"EF/main_graund_wave/ef_graund_wave_main_00007"},{"time":3.3,"name":"EF/main_graund_wave/ef_graund_wave_main_00008"},{"time":3.3333,"name":"EF/main_graund_wave/ef_graund_wave_main_00010"},{"time":3.3666,"name":"EF/main_graund_wave/ef_graund_wave_main_00011"},{"time":3.4,"name":"EF/main_graund_wave/ef_graund_wave_main_00012"},{"time":3.4333,"name":"EF/main_graund_wave/ef_graund_wave_main_00013"},{"time":3.4666,"name":null}]},"EF/main_graund_wave/ef_graund_wave_main_00001":{"attachment":[{"time":0.5,"name":"EF/main_graund_wave/ef_graund_wave_main_00001"},{"time":0.5333,"name":"EF/main_graund_wave/ef_graund_wave_main_00003"},{"time":0.5666,"name":"EF/main_graund_wave/ef_graund_wave_main_00005"},{"time":0.6,"name":"EF/main_graund_wave/ef_graund_wave_main_00007"},{"time":0.6333,"name":"EF/main_graund_wave/ef_graund_wave_main_00009"},{"time":0.6666,"name":"EF/main_graund_wave/ef_graund_wave_main_00010"},{"time":0.7,"name":"EF/main_graund_wave/ef_graund_wave_main_00011"},{"time":0.7333,"name":"EF/main_graund_wave/ef_graund_wave_main_00012"},{"time":0.7666,"name":"EF/main_graund_wave/ef_graund_wave_main_00013"},{"time":0.8,"name":null},{"time":1.1,"name":"EF/main_graund_wave/ef_graund_wave_main_00001"},{"time":1.1333,"name":"EF/main_graund_wave/ef_graund_wave_main_00003"},{"time":1.1666,"name":"EF/main_graund_wave/ef_graund_wave_main_00005"},{"time":1.2,"name":"EF/main_graund_wave/ef_graund_wave_main_00007"},{"time":1.2333,"name":"EF/main_graund_wave/ef_graund_wave_main_00009"},{"time":1.2666,"name":"EF/main_graund_wave/ef_graund_wave_main_00010"},{"time":1.3,"name":"EF/main_graund_wave/ef_graund_wave_main_00011"},{"time":1.3333,"name":"EF/main_graund_wave/ef_graund_wave_main_00012"},{"time":1.3666,"name":"EF/main_graund_wave/ef_graund_wave_main_00013"},{"time":1.4,"name":null},{"time":1.5,"name":"EF/main_graund_wave/ef_graund_wave_main_00001"},{"time":1.5333,"name":"EF/main_graund_wave/ef_graund_wave_main_00003"},{"time":1.5666,"name":"EF/main_graund_wave/ef_graund_wave_main_00005"},{"time":1.6,"name":"EF/main_graund_wave/ef_graund_wave_main_00007"},{"time":1.6333,"name":"EF/main_graund_wave/ef_graund_wave_main_00009"},{"time":1.6666,"name":"EF/main_graund_wave/ef_graund_wave_main_00010"},{"time":1.7,"name":"EF/main_graund_wave/ef_graund_wave_main_00011"},{"time":1.7333,"name":"EF/main_graund_wave/ef_graund_wave_main_00012"},{"time":1.7666,"name":"EF/main_graund_wave/ef_graund_wave_main_00013"},{"time":1.8,"name":null},{"time":2.6333,"name":"EF/main_graund_wave/ef_graund_wave_main_00001"},{"time":2.6666,"name":"EF/main_graund_wave/ef_graund_wave_main_00003"},{"time":2.7,"name":"EF/main_graund_wave/ef_graund_wave_main_00005"},{"time":2.7333,"name":"EF/main_graund_wave/ef_graund_wave_main_00007"},{"time":2.7666,"name":"EF/main_graund_wave/ef_graund_wave_main_00009"},{"time":2.8,"name":"EF/main_graund_wave/ef_graund_wave_main_00010"},{"time":2.8333,"name":"EF/main_graund_wave/ef_graund_wave_main_00011"},{"time":2.8666,"name":"EF/main_graund_wave/ef_graund_wave_main_00012"},{"time":2.9,"name":"EF/main_graund_wave/ef_graund_wave_main_00013"},{"time":2.9333,"name":null},{"time":3.0333,"name":"EF/main_graund_wave/ef_graund_wave_main_00001"},{"time":3.0666,"name":"EF/main_graund_wave/ef_graund_wave_main_00003"},{"time":3.1,"name":"EF/main_graund_wave/ef_graund_wave_main_00005"},{"time":3.1333,"name":"EF/main_graund_wave/ef_graund_wave_main_00007"},{"time":3.1666,"name":"EF/main_graund_wave/ef_graund_wave_main_00009"},{"time":3.2,"name":"EF/main_graund_wave/ef_graund_wave_main_00010"},{"time":3.2333,"name":"EF/main_graund_wave/ef_graund_wave_main_00011"},{"time":3.2666,"name":"EF/main_graund_wave/ef_graund_wave_main_00012"},{"time":3.3,"name":"EF/main_graund_wave/ef_graund_wave_main_00013"},{"time":3.3333,"name":null}]},"EF/main_graund_wave/ef_graund_wave_main_2":{"attachment":[{"time":0.9333,"name":"EF/main_graund_wave/ef_graund_wave_main_00001"},{"time":0.9666,"name":"EF/main_graund_wave/ef_graund_wave_main_00003"},{"time":1,"name":"EF/main_graund_wave/ef_graund_wave_main_00005"},{"time":1.0333,"name":"EF/main_graund_wave/ef_graund_wave_main_00007"},{"time":1.0666,"name":"EF/main_graund_wave/ef_graund_wave_main_00008"},{"time":1.1,"name":"EF/main_graund_wave/ef_graund_wave_main_00010"},{"time":1.1333,"name":"EF/main_graund_wave/ef_graund_wave_main_00011"},{"time":1.1666,"name":"EF/main_graund_wave/ef_graund_wave_main_00012"},{"time":1.2,"name":"EF/main_graund_wave/ef_graund_wave_main_00013"},{"time":1.2333,"name":null},{"time":1.3666,"name":"EF/main_graund_wave/ef_graund_wave_main_00001"},{"time":1.4,"name":"EF/main_graund_wave/ef_graund_wave_main_00003"},{"time":1.4333,"name":"EF/main_graund_wave/ef_graund_wave_main_00005"},{"time":1.4666,"name":"EF/main_graund_wave/ef_graund_wave_main_00007"},{"time":1.5,"name":"EF/main_graund_wave/ef_graund_wave_main_00008"},{"time":1.5333,"name":"EF/main_graund_wave/ef_graund_wave_main_00010"},{"time":1.5666,"name":"EF/main_graund_wave/ef_graund_wave_main_00011"},{"time":1.6,"name":"EF/main_graund_wave/ef_graund_wave_main_00012"},{"time":1.6333,"name":"EF/main_graund_wave/ef_graund_wave_main_00013"},{"time":1.6666,"name":null},{"time":2.9,"name":"EF/main_graund_wave/ef_graund_wave_main_00001"},{"time":2.9333,"name":"EF/main_graund_wave/ef_graund_wave_main_00003"},{"time":2.9666,"name":"EF/main_graund_wave/ef_graund_wave_main_00005"},{"time":3,"name":"EF/main_graund_wave/ef_graund_wave_main_00007"},{"time":3.0333,"name":"EF/main_graund_wave/ef_graund_wave_main_00008"},{"time":3.0666,"name":"EF/main_graund_wave/ef_graund_wave_main_00010"},{"time":3.1,"name":"EF/main_graund_wave/ef_graund_wave_main_00011"},{"time":3.1333,"name":"EF/main_graund_wave/ef_graund_wave_main_00012"},{"time":3.1666,"name":"EF/main_graund_wave/ef_graund_wave_main_00013"},{"time":3.2,"name":null}]},"EF/main_power/ef_power_main_00001":{"attachment":[{"time":1.4333,"name":"EF/main_power/ef_power_main_00001"},{"time":1.4666,"name":"EF/main_power/ef_power_main_00002"},{"time":1.5,"name":"EF/main_power/ef_power_main_00003"},{"time":1.5333,"name":"EF/main_power/ef_power_main_00004"},{"time":1.5666,"name":"EF/main_power/ef_power_main_00005"},{"time":1.6,"name":"EF/main_power/ef_power_main_00006"},{"time":1.6333,"name":"EF/main_power/ef_power_main_00007"},{"time":1.6666,"name":"EF/main_power/ef_power_main_00008"},{"time":1.7,"name":"EF/main_power/ef_power_main_00009"},{"time":1.7333,"name":"EF/main_power/ef_power_main_00010"},{"time":1.8666,"name":null}],"color":[{"time":1.7333,"color":"ffffffff"},{"time":1.8666,"color":"ffffff00"}]},"MAIN":{"attachment":[{"time":0,"name":"idle_00"},{"time":0.0333,"name":"attack1_09"},{"time":0.1333,"name":"attack1_11"},{"time":0.2333,"name":"attack1_12"},{"time":0.3333,"name":"skill1_04"},{"time":0.5,"name":"skill1_07"},{"time":0.6333,"name":"skill1_08"},{"time":0.7666,"name":"skill1_09"},{"time":0.9,"name":"skill1_07"},{"time":1.0333,"name":"skill1_08"},{"time":1.1666,"name":"skill1_09"},{"time":1.3,"name":"skill1_07"},{"time":1.4333,"name":"skill1_08"},{"time":1.5666,"name":"skill1_09"},{"time":1.6666,"name":"skill1_00"},{"time":1.8333,"name":"skill2_03"},{"time":1.9,"name":"skill2_04"},{"time":1.9666,"name":"skill2_05"},{"time":2.0333,"name":"skill2_03"},{"time":2.1,"name":"skill2_04"},{"time":2.1666,"name":"skill2_05"},{"time":2.2333,"name":"skill2_03"},{"time":2.3,"name":"skill2_04"},{"time":2.3666,"name":"skill2_05"},{"time":2.4333,"name":"skill2_03"},{"time":2.5,"name":"skill2_05"},{"time":2.5333,"name":"skill2_06"},{"time":2.6333,"name":"skill2_06"},{"time":2.7,"name":"skill2_07"},{"time":2.7666,"name":"skill2_06"},{"time":2.8333,"name":"skill2_07"},{"time":2.9666,"name":"skill2_06"},{"time":3.1,"name":"skill2_07"},{"time":3.3333,"name":"attack1_09"},{"time":3.4333,"name":"attack1_04"},{"time":3.5333,"name":"attack1_12"},{"time":3.6333,"name":"back_00"},{"time":3.8333,"name":"idle_02"},{"time":3.9666,"name":"idle_03"},{"time":4.0666,"name":"idle_00"}]}},"bones":{"MAIN":{"translate":[{"time":0,"x":0,"y":0,"curve":"stepped"},{"time":0.0333,"x":0,"y":-2},{"time":0.1333,"x":0,"y":0,"curve":"stepped"},{"time":0.2333,"x":0,"y":0,"curve":"stepped"},{"time":0.3333,"x":-7.3,"y":1,"curve":"stepped"},{"time":0.5,"x":-0.34,"y":0,"curve":"stepped"},{"time":1.6666,"x":-26,"y":0,"curve":"stepped"},{"time":1.8333,"x":-50.47,"y":-10.51,"curve":[0.172,0.74,0.054,1]},{"time":2.1666,"x":-55,"y":345},{"time":2.5,"x":-60,"y":350,"curve":[0.654,0.3,0.756,0.34]},{"time":2.5666,"x":-90,"y":0,"curve":"stepped"},{"time":3.2666,"x":-90,"y":0,"curve":"stepped"},{"time":3.3333,"x":-94.42,"y":0,"curve":"stepped"},{"time":3.4333,"x":-39.04,"y":-2.95,"curve":"stepped"},{"time":3.5333,"x":-39.04,"y":0,"curve":"stepped"},{"time":3.6333,"x":-21.2,"y":0},{"time":3.7333,"x":23.43,"y":5.98},{"time":3.8333,"x":68.06,"y":0,"curve":[0.245,0.88,0.75,1]},{"time":4.0666,"x":80,"y":0}]},"DAMAGEAREA":{"translate":[{"time":2.5666,"x":-195.17,"y":143.68}],"scale":[{"time":2.5666,"x":4.288,"y":5.14}]},"energy_sink_1":{"translate":[{"time":0.5,"x":342.51,"y":278.22}],"scale":[{"time":0.5,"x":4.57,"y":4.57}]},"energy_sink_2":{"translate":[{"time":0.5333,"x":322.64,"y":265.36}],"scale":[{"time":0.5333,"x":2.459,"y":2.459}]},"energy_sink_3":{"translate":[{"time":0.8333,"x":322.64,"y":265.36}],"scale":[{"time":0.8333,"x":2.459,"y":2.459}]},"main_power":{"translate":[{"time":1.4333,"x":131.97,"y":359.65}],"scale":[{"time":1.4333,"x":1.996,"y":1.996,"curve":"stepped"},{"time":1.5,"x":1.996,"y":1.996},{"time":1.8666,"x":4.612,"y":4.612}]},"graund_wave_3":{"rotate":[{"time":0.9333,"angle":0,"curve":"stepped"},{"time":1.3666,"angle":0,"curve":"stepped"},{"time":2.9,"angle":0}],"translate":[{"time":0.9333,"x":300.26,"y":212.71,"curve":"stepped"},{"time":2.9,"x":92.14,"y":162.76}],"scale":[{"time":0.9333,"x":2.349,"y":2.349,"curve":"stepped"},{"time":1.3666,"x":2.349,"y":2.349,"curve":"stepped"},{"time":2.9,"x":3.766,"y":3.766}]},"graund_wave_2":{"rotate":[{"time":0.7333,"angle":0,"curve":"stepped"},{"time":1.2333,"angle":0,"curve":"stepped"},{"time":2.7666,"angle":0,"curve":"stepped"},{"time":3.1666,"angle":0}],"translate":[{"time":0.7333,"x":300.26,"y":212.71,"curve":"stepped"},{"time":2.7666,"x":92.14,"y":162.76}],"scale":[{"time":0.7333,"x":2.349,"y":2.349,"curve":"stepped"},{"time":1.2333,"x":2.349,"y":2.349,"curve":"stepped"},{"time":2.7666,"x":3.766,"y":3.766}]},"graund_wave_1":{"rotate":[{"time":0.5,"angle":0,"curve":"stepped"},{"time":1.1,"angle":0,"curve":"stepped"},{"time":1.5,"angle":0,"curve":"stepped"},{"time":2.6333,"angle":0,"curve":"stepped"},{"time":3.0333,"angle":0}],"translate":[{"time":0.5,"x":300.26,"y":212.71,"curve":"stepped"},{"time":2.6333,"x":92.14,"y":162.76}],"scale":[{"time":0.5,"x":2.349,"y":2.349,"curve":"stepped"},{"time":1.1,"x":2.349,"y":2.349,"curve":"stepped"},{"time":1.5,"x":2.349,"y":2.349,"curve":"stepped"},{"time":2.6333,"x":3.766,"y":3.766}]},"earth_1":{"rotate":[{"time":2.6333,"angle":179.01}],"translate":[{"time":2.6333,"x":202.91,"y":312.19}]},"earth_4":{"translate":[{"time":2.6333,"x":292.17,"y":267.49}]},"earth_3":{"translate":[{"time":2.6333,"x":-106.83,"y":269.45}]},"earth_2":{"translate":[{"time":2.6333,"x":30.94,"y":315.19}]},"earth_7":{"translate":[{"time":2.6333,"x":96.66,"y":271.51}],"scale":[{"time":2.6333,"x":1.359,"y":1.359}]},"earth_6":{"rotate":[{"time":2.6333,"angle":179.94}],"translate":[{"time":2.6333,"x":-68.67,"y":219.03}]},"earth_5":{"rotate":[{"time":2.6333,"angle":-178.18}],"translate":[{"time":2.6333,"x":220.22,"y":215.48}]}},"events":[{"time":0,"name":"Event","string":"setHitEffect(hit03a, 1)"},{"time":0,"name":"Sound3","string":"setHitSound(se_battle_007_attack_hit_01)"},{"time":0,"name":"Voice","string":"cri_265_voice_fullarts_now"},{"time":0.0666,"name":"Event","int":1,"string":"kImpactType_up"},{"time":0.5,"name":"Sound1","string":"cri_se_battle_charge_long"},{"time":1.8333,"name":"Event","string":"movePosition_Target(0.06,170,0)"},{"time":1.8333,"name":"Sound1","string":"cri_se_battle_jump"},{"time":2.5333,"name":"Event","string":"kHitStopType_normal"},{"time":2.5333,"name":"Sound1","string":"cri_se_battle_skill_shot"},{"time":2.5333,"name":"Sound2","string":"cri_se_battle_thunder_small"},{"time":2.5333,"name":"Sound3","string":"cri_se_battle_037_explosion_element_05"},{"time":2.5333,"name":"Voice","string":"cri_265_voice_fullarts_rank5"},{"time":2.5666,"name":"Event","string":"setHitStopTime(0.12,0.5)"},{"time":2.5666,"name":"Event2","float":2.5,"string":"shakeGround"},{"time":2.6,"name":"Event","string":"setHitStopTime(0.02,0.5)"},{"time":2.6333,"name":"Event2","float":2.2,"string":"shakeGround"},{"time":2.6333,"name":"Hit","string":"resetHitList"},{"time":2.7,"name":"Event2","float":2.2,"string":"shakeGround"},{"time":2.7,"name":"Hit","string":"resetHitList"},{"time":2.7666,"name":"Event2","float":2.2,"string":"shakeGround"},{"time":2.7666,"name":"Hit","string":"resetHitList"}]},"skill3":{"slots":{"DAMAGEAREA":{"attachment":[{"time":2.9666,"name":"DAMAGEAREA"},{"time":3.1666,"name":null},{"time":3.6666,"name":"DAMAGEAREA"},{"time":3.9,"name":null}]},"EF/efr_ATK2_earth2_00001":{"attachment":[{"time":3.0333,"name":"EF/efr_ATK2_earth2_00001"}],"color":[{"time":3,"color":"ffffff00"},{"time":3.1666,"color":"ffffffff","curve":"stepped"},{"time":3.5333,"color":"ffffffff"},{"time":3.7666,"color":"ffffff00"}]},"EF/efr_ATK2_earth2_1":{"attachment":[{"time":3.0333,"name":"EF/efr_ATK2_earth2_00001"}],"color":[{"time":3,"color":"ffffff00"},{"time":3.1666,"color":"ffffffff","curve":"stepped"},{"time":3.6333,"color":"ffffffff"},{"time":3.8666,"color":"ffffff00"}]},"EF/efr_ATK2_earth2_2":{"attachment":[{"time":3.0333,"name":"EF/efr_ATK2_earth2_00001"}],"color":[{"time":3,"color":"ffffff00"},{"time":3.1666,"color":"ffffffff","curve":"stepped"},{"time":3.5333,"color":"ffffffff"},{"time":3.7666,"color":"ffffff00"}]},"EF/efr_ATK2_earth2_3":{"attachment":[{"time":3.0333,"name":"EF/efr_ATK2_earth2_00001"}],"color":[{"time":3,"color":"ffffff00"},{"time":3.1666,"color":"ffffffff","curve":"stepped"},{"time":3.5333,"color":"ffffffff"},{"time":3.7666,"color":"ffffff00"}]},"EF/efr_ATK2_earth2_4":{"attachment":[{"time":3.0333,"name":"EF/efr_ATK2_earth2_00001"}],"color":[{"time":3,"color":"ffffff00"},{"time":3.1666,"color":"ffffffff","curve":"stepped"},{"time":3.6333,"color":"ffffffff"},{"time":3.8666,"color":"ffffff00"}]},"EF/efr_ATK2_earth2_5":{"attachment":[{"time":3.0333,"name":"EF/efr_ATK2_earth2_00001"}],"color":[{"time":3,"color":"ffffff00"},{"time":3.1666,"color":"ffffffff","curve":"stepped"},{"time":3.6333,"color":"ffffffff"},{"time":3.8666,"color":"ffffff00"}]},"EF/efr_ATK2_earth2_6":{"attachment":[{"time":3.0333,"name":"EF/efr_ATK2_earth2_00001"}],"color":[{"time":3,"color":"ffffff00"},{"time":3.1666,"color":"ffffffff","curve":"stepped"},{"time":3.6666,"color":"ffffffff"},{"time":3.9,"color":"ffffff00"}]},"EF/main_energy_sink/ef_energy_sink_main_2":{"attachment":[{"time":0.5333,"name":"EF/main_energy_sink/ef_energy_sink_main_00002"},{"time":0.6,"name":"EF/main_energy_sink/ef_energy_sink_main_00003"},{"time":0.6666,"name":"EF/main_energy_sink/ef_energy_sink_main_00004"},{"time":0.7333,"name":"EF/main_energy_sink/ef_energy_sink_main_00005"},{"time":0.8,"name":"EF/main_energy_sink/ef_energy_sink_main_00006"},{"time":0.8666,"name":"EF/main_energy_sink/ef_energy_sink_main_00007"},{"time":0.9333,"name":"EF/main_energy_sink/ef_energy_sink_main_00008"},{"time":1,"name":"EF/main_energy_sink/ef_energy_sink_main_00009"},{"time":1.0666,"name":"EF/main_energy_sink/ef_energy_sink_main_00010"},{"time":1.1333,"name":null}],"color":[{"time":0.9,"color":"ffffffff"},{"time":1.1333,"color":"ffffff00"}]},"EF/main_energy_sink/ef_energy_sink_main_00002":{"attachment":[{"time":0.5,"name":"EF/main_energy_sink/ef_energy_sink_main_00002"},{"time":0.6,"name":"EF/main_energy_sink/ef_energy_sink_main_00003"},{"time":0.7,"name":"EF/main_energy_sink/ef_energy_sink_main_00004"},{"time":0.8,"name":"EF/main_energy_sink/ef_energy_sink_main_00005"},{"time":0.9,"name":"EF/main_energy_sink/ef_energy_sink_main_00006"},{"time":1,"name":"EF/main_energy_sink/ef_energy_sink_main_00007"},{"time":1.1,"name":"EF/main_energy_sink/ef_energy_sink_main_00008"},{"time":1.2,"name":"EF/main_energy_sink/ef_energy_sink_main_00009"},{"time":1.3,"name":"EF/main_energy_sink/ef_energy_sink_main_00010"},{"time":1.4,"name":"EF/main_energy_sink/ef_energy_sink_main_00011"},{"time":1.4666,"name":"EF/main_energy_sink/ef_energy_sink_main_00012"},{"time":1.5333,"name":"EF/main_energy_sink/ef_energy_sink_main_00013"},{"time":1.6,"name":"EF/main_energy_sink/ef_energy_sink_main_00014"},{"time":1.6666,"name":null}],"color":[{"time":0.5,"color":"ffffff00"},{"time":1.6666,"color":"ffffffff"}]},"EF/main_energy_sink/ef_energy_sink_main_3":{"attachment":[{"time":0.8333,"name":"EF/main_energy_sink/ef_energy_sink_main_00002"},{"time":0.9,"name":"EF/main_energy_sink/ef_energy_sink_main_00003"},{"time":0.9666,"name":"EF/main_energy_sink/ef_energy_sink_main_00004"},{"time":1.0333,"name":"EF/main_energy_sink/ef_energy_sink_main_00005"},{"time":1.1,"name":"EF/main_energy_sink/ef_energy_sink_main_00006"},{"time":1.1666,"name":"EF/main_energy_sink/ef_energy_sink_main_00007"},{"time":1.2333,"name":"EF/main_energy_sink/ef_energy_sink_main_00008"},{"time":1.3,"name":"EF/main_energy_sink/ef_energy_sink_main_00009"},{"time":1.3666,"name":"EF/main_energy_sink/ef_energy_sink_main_00010"},{"time":1.4333,"name":null}],"color":[{"time":1.2,"color":"ffffffff"},{"time":1.4333,"color":"ffffff00"}]},"EF/main_graund_wave/ef_graund_wave_main_00001":{"attachment":[{"time":0.5,"name":"EF/main_graund_wave/ef_graund_wave_main_00001"},{"time":0.5333,"name":"EF/main_graund_wave/ef_graund_wave_main_00003"},{"time":0.5666,"name":"EF/main_graund_wave/ef_graund_wave_main_00005"},{"time":0.6,"name":"EF/main_graund_wave/ef_graund_wave_main_00007"},{"time":0.6333,"name":"EF/main_graund_wave/ef_graund_wave_main_00009"},{"time":0.6666,"name":"EF/main_graund_wave/ef_graund_wave_main_00010"},{"time":0.7,"name":"EF/main_graund_wave/ef_graund_wave_main_00011"},{"time":0.7333,"name":"EF/main_graund_wave/ef_graund_wave_main_00012"},{"time":0.7666,"name":"EF/main_graund_wave/ef_graund_wave_main_00013"},{"time":0.8,"name":null},{"time":1.1,"name":"EF/main_graund_wave/ef_graund_wave_main_00001"},{"time":1.1333,"name":"EF/main_graund_wave/ef_graund_wave_main_00003"},{"time":1.1666,"name":"EF/main_graund_wave/ef_graund_wave_main_00005"},{"time":1.2,"name":"EF/main_graund_wave/ef_graund_wave_main_00007"},{"time":1.2333,"name":"EF/main_graund_wave/ef_graund_wave_main_00009"},{"time":1.2666,"name":"EF/main_graund_wave/ef_graund_wave_main_00010"},{"time":1.3,"name":"EF/main_graund_wave/ef_graund_wave_main_00011"},{"time":1.3333,"name":"EF/main_graund_wave/ef_graund_wave_main_00012"},{"time":1.3666,"name":"EF/main_graund_wave/ef_graund_wave_main_00013"},{"time":1.4,"name":null},{"time":1.5,"name":"EF/main_graund_wave/ef_graund_wave_main_00001"},{"time":1.5333,"name":"EF/main_graund_wave/ef_graund_wave_main_00003"},{"time":1.5666,"name":"EF/main_graund_wave/ef_graund_wave_main_00005"},{"time":1.6,"name":"EF/main_graund_wave/ef_graund_wave_main_00007"},{"time":1.6333,"name":"EF/main_graund_wave/ef_graund_wave_main_00009"},{"time":1.6666,"name":"EF/main_graund_wave/ef_graund_wave_main_00010"},{"time":1.7,"name":"EF/main_graund_wave/ef_graund_wave_main_00011"},{"time":1.7333,"name":"EF/main_graund_wave/ef_graund_wave_main_00012"},{"time":1.7666,"name":"EF/main_graund_wave/ef_graund_wave_main_00013"},{"time":1.8,"name":null},{"time":2.0666,"name":"EF/main_graund_wave/ef_graund_wave_main_00001"},{"time":2.1,"name":"EF/main_graund_wave/ef_graund_wave_main_00003"},{"time":2.1333,"name":"EF/main_graund_wave/ef_graund_wave_main_00005"},{"time":2.1666,"name":"EF/main_graund_wave/ef_graund_wave_main_00007"},{"time":2.2,"name":"EF/main_graund_wave/ef_graund_wave_main_00009"},{"time":2.2666,"name":"EF/main_graund_wave/ef_graund_wave_main_00011"},{"time":2.3333,"name":"EF/main_graund_wave/ef_graund_wave_main_00013"},{"time":2.4,"name":null},{"time":2.9333,"name":"EF/main_graund_wave/ef_graund_wave_main_00001"},{"time":2.9666,"name":"EF/main_graund_wave/ef_graund_wave_main_00003"},{"time":3,"name":"EF/main_graund_wave/ef_graund_wave_main_00005"},{"time":3.0333,"name":"EF/main_graund_wave/ef_graund_wave_main_00007"},{"time":3.0666,"name":"EF/main_graund_wave/ef_graund_wave_main_00009"},{"time":3.1,"name":"EF/main_graund_wave/ef_graund_wave_main_00010"},{"time":3.1333,"name":"EF/main_graund_wave/ef_graund_wave_main_00011"},{"time":3.1666,"name":"EF/main_graund_wave/ef_graund_wave_main_00012"},{"time":3.2,"name":"EF/main_graund_wave/ef_graund_wave_main_00013"},{"time":3.2333,"name":null},{"time":3.6,"name":"EF/main_graund_wave/ef_graund_wave_main_00001"},{"time":3.6333,"name":"EF/main_graund_wave/ef_graund_wave_main_00003"},{"time":3.6666,"name":"EF/main_graund_wave/ef_graund_wave_main_00005"},{"time":3.7,"name":"EF/main_graund_wave/ef_graund_wave_main_00007"},{"time":3.7333,"name":"EF/main_graund_wave/ef_graund_wave_main_00009"},{"time":3.7666,"name":"EF/main_graund_wave/ef_graund_wave_main_00010"},{"time":3.8,"name":"EF/main_graund_wave/ef_graund_wave_main_00011"},{"time":3.8333,"name":"EF/main_graund_wave/ef_graund_wave_main_00012"},{"time":3.8666,"name":"EF/main_graund_wave/ef_graund_wave_main_00013"},{"time":3.9,"name":null},{"time":3.9666,"name":"EF/main_graund_wave/ef_graund_wave_main_00001"},{"time":4,"name":"EF/main_graund_wave/ef_graund_wave_main_00003"},{"time":4.0333,"name":"EF/main_graund_wave/ef_graund_wave_main_00005"},{"time":4.0666,"name":"EF/main_graund_wave/ef_graund_wave_main_00007"},{"time":4.1,"name":"EF/main_graund_wave/ef_graund_wave_main_00009"},{"time":4.1333,"name":"EF/main_graund_wave/ef_graund_wave_main_00010"},{"time":4.1666,"name":"EF/main_graund_wave/ef_graund_wave_main_00011"},{"time":4.2,"name":"EF/main_graund_wave/ef_graund_wave_main_00012"},{"time":4.2333,"name":"EF/main_graund_wave/ef_graund_wave_main_00013"},{"time":4.2666,"name":null}]},"EF/main_graund_wave/ef_graund_wave_main_1":{"attachment":[{"time":0.7333,"name":"EF/main_graund_wave/ef_graund_wave_main_00001"},{"time":0.7666,"name":"EF/main_graund_wave/ef_graund_wave_main_00003"},{"time":0.8,"name":"EF/main_graund_wave/ef_graund_wave_main_00005"},{"time":0.8333,"name":"EF/main_graund_wave/ef_graund_wave_main_00007"},{"time":0.8666,"name":"EF/main_graund_wave/ef_graund_wave_main_00008"},{"time":0.9,"name":"EF/main_graund_wave/ef_graund_wave_main_00010"},{"time":0.9333,"name":"EF/main_graund_wave/ef_graund_wave_main_00011"},{"time":0.9666,"name":"EF/main_graund_wave/ef_graund_wave_main_00012"},{"time":1,"name":"EF/main_graund_wave/ef_graund_wave_main_00013"},{"time":1.0333,"name":null},{"time":1.2333,"name":"EF/main_graund_wave/ef_graund_wave_main_00001"},{"time":1.2666,"name":"EF/main_graund_wave/ef_graund_wave_main_00003"},{"time":1.3,"name":"EF/main_graund_wave/ef_graund_wave_main_00005"},{"time":1.3333,"name":"EF/main_graund_wave/ef_graund_wave_main_00007"},{"time":1.3666,"name":"EF/main_graund_wave/ef_graund_wave_main_00008"},{"time":1.4,"name":"EF/main_graund_wave/ef_graund_wave_main_00010"},{"time":1.4333,"name":"EF/main_graund_wave/ef_graund_wave_main_00011"},{"time":1.4666,"name":"EF/main_graund_wave/ef_graund_wave_main_00012"},{"time":1.5,"name":"EF/main_graund_wave/ef_graund_wave_main_00013"},{"time":1.5333,"name":null},{"time":1.6333,"name":"EF/main_graund_wave/ef_graund_wave_main_00001"},{"time":1.6666,"name":"EF/main_graund_wave/ef_graund_wave_main_00003"},{"time":1.7,"name":"EF/main_graund_wave/ef_graund_wave_main_00005"},{"time":1.7333,"name":"EF/main_graund_wave/ef_graund_wave_main_00007"},{"time":1.7666,"name":"EF/main_graund_wave/ef_graund_wave_main_00008"},{"time":1.8,"name":"EF/main_graund_wave/ef_graund_wave_main_00010"},{"time":1.8333,"name":"EF/main_graund_wave/ef_graund_wave_main_00011"},{"time":1.8666,"name":"EF/main_graund_wave/ef_graund_wave_main_00012"},{"time":1.9,"name":"EF/main_graund_wave/ef_graund_wave_main_00013"},{"time":1.9333,"name":null},{"time":3,"name":"EF/main_graund_wave/ef_graund_wave_main_00001"},{"time":3.0333,"name":"EF/main_graund_wave/ef_graund_wave_main_00003"},{"time":3.0666,"name":"EF/main_graund_wave/ef_graund_wave_main_00005"},{"time":3.1,"name":"EF/main_graund_wave/ef_graund_wave_main_00007"},{"time":3.1333,"name":"EF/main_graund_wave/ef_graund_wave_main_00008"},{"time":3.1666,"name":"EF/main_graund_wave/ef_graund_wave_main_00010"},{"time":3.2,"name":"EF/main_graund_wave/ef_graund_wave_main_00011"},{"time":3.2333,"name":"EF/main_graund_wave/ef_graund_wave_main_00012"},{"time":3.2666,"name":"EF/main_graund_wave/ef_graund_wave_main_00013"},{"time":3.3,"name":null},{"time":3.7333,"name":"EF/main_graund_wave/ef_graund_wave_main_00001"},{"time":3.7666,"name":"EF/main_graund_wave/ef_graund_wave_main_00003"},{"time":3.8,"name":"EF/main_graund_wave/ef_graund_wave_main_00005"},{"time":3.8333,"name":"EF/main_graund_wave/ef_graund_wave_main_00007"},{"time":3.8666,"name":"EF/main_graund_wave/ef_graund_wave_main_00008"},{"time":3.9,"name":"EF/main_graund_wave/ef_graund_wave_main_00010"},{"time":3.9333,"name":"EF/main_graund_wave/ef_graund_wave_main_00011"},{"time":3.9666,"name":"EF/main_graund_wave/ef_graund_wave_main_00012"},{"time":4,"name":"EF/main_graund_wave/ef_graund_wave_main_00013"},{"time":4.0333,"name":null}]},"EF/main_graund_wave/ef_graund_wave_main_2":{"attachment":[{"time":0.9333,"name":"EF/main_graund_wave/ef_graund_wave_main_00001"},{"time":0.9666,"name":"EF/main_graund_wave/ef_graund_wave_main_00003"},{"time":1,"name":"EF/main_graund_wave/ef_graund_wave_main_00005"},{"time":1.0333,"name":"EF/main_graund_wave/ef_graund_wave_main_00007"},{"time":1.0666,"name":"EF/main_graund_wave/ef_graund_wave_main_00008"},{"time":1.1,"name":"EF/main_graund_wave/ef_graund_wave_main_00010"},{"time":1.1333,"name":"EF/main_graund_wave/ef_graund_wave_main_00011"},{"time":1.1666,"name":"EF/main_graund_wave/ef_graund_wave_main_00012"},{"time":1.2,"name":"EF/main_graund_wave/ef_graund_wave_main_00013"},{"time":1.2333,"name":null},{"time":1.3666,"name":"EF/main_graund_wave/ef_graund_wave_main_00001"},{"time":1.4,"name":"EF/main_graund_wave/ef_graund_wave_main_00003"},{"time":1.4333,"name":"EF/main_graund_wave/ef_graund_wave_main_00005"},{"time":1.4666,"name":"EF/main_graund_wave/ef_graund_wave_main_00007"},{"time":1.5,"name":"EF/main_graund_wave/ef_graund_wave_main_00008"},{"time":1.5333,"name":"EF/main_graund_wave/ef_graund_wave_main_00010"},{"time":1.5666,"name":"EF/main_graund_wave/ef_graund_wave_main_00011"},{"time":1.6,"name":"EF/main_graund_wave/ef_graund_wave_main_00012"},{"time":1.6333,"name":"EF/main_graund_wave/ef_graund_wave_main_00013"},{"time":1.6666,"name":null},{"time":1.7666,"name":"EF/main_graund_wave/ef_graund_wave_main_00001"},{"time":1.8,"name":"EF/main_graund_wave/ef_graund_wave_main_00003"},{"time":1.8333,"name":"EF/main_graund_wave/ef_graund_wave_main_00005"},{"time":1.8666,"name":"EF/main_graund_wave/ef_graund_wave_main_00007"},{"time":1.9,"name":"EF/main_graund_wave/ef_graund_wave_main_00008"},{"time":1.9333,"name":"EF/main_graund_wave/ef_graund_wave_main_00010"},{"time":1.9666,"name":"EF/main_graund_wave/ef_graund_wave_main_00011"},{"time":2,"name":"EF/main_graund_wave/ef_graund_wave_main_00012"},{"time":2.0333,"name":"EF/main_graund_wave/ef_graund_wave_main_00013"},{"time":2.0666,"name":null},{"time":3.8666,"name":"EF/main_graund_wave/ef_graund_wave_main_00001"},{"time":3.9,"name":"EF/main_graund_wave/ef_graund_wave_main_00003"},{"time":3.9333,"name":"EF/main_graund_wave/ef_graund_wave_main_00005"},{"time":3.9666,"name":"EF/main_graund_wave/ef_graund_wave_main_00007"},{"time":4,"name":"EF/main_graund_wave/ef_graund_wave_main_00008"},{"time":4.0333,"name":"EF/main_graund_wave/ef_graund_wave_main_00010"},{"time":4.0666,"name":"EF/main_graund_wave/ef_graund_wave_main_00011"},{"time":4.1,"name":"EF/main_graund_wave/ef_graund_wave_main_00012"},{"time":4.1333,"name":"EF/main_graund_wave/ef_graund_wave_main_00013"},{"time":4.1666,"name":null}]},"EF/main_power/ef_power_main_00001":{"attachment":[{"time":1.6666,"name":"EF/main_power/ef_power_main_00001"},{"time":1.7,"name":"EF/main_power/ef_power_main_00002"},{"time":1.7333,"name":"EF/main_power/ef_power_main_00003"},{"time":1.7666,"name":"EF/main_power/ef_power_main_00004"},{"time":1.8,"name":"EF/main_power/ef_power_main_00005"},{"time":1.8333,"name":"EF/main_power/ef_power_main_00006"},{"time":1.8666,"name":"EF/main_power/ef_power_main_00007"},{"time":1.9,"name":"EF/main_power/ef_power_main_00008"},{"time":1.9333,"name":"EF/main_power/ef_power_main_00009"},{"time":1.9666,"name":"EF/main_power/ef_power_main_00010"},{"time":2.1,"name":null}],"color":[{"time":1.9666,"color":"ffffffff"},{"time":2.1,"color":"ffffff00"}]},"MAIN":{"attachment":[{"time":0,"name":"idle_00"},{"time":0.0333,"name":"attack1_09"},{"time":0.1333,"name":"attack1_11"},{"time":0.2333,"name":"attack1_12"},{"time":0.3333,"name":"skill1_04"},{"time":0.5,"name":"skill1_07"},{"time":0.6333,"name":"skill1_08"},{"time":0.7666,"name":"skill1_09"},{"time":0.9,"name":"skill1_07"},{"time":1.0333,"name":"skill1_08"},{"time":1.1666,"name":"skill1_09"},{"time":1.3,"name":"skill1_07"},{"time":1.4333,"name":"skill1_08"},{"time":1.5666,"name":"skill1_09"},{"time":1.7,"name":"skill1_07"},{"time":1.8666,"name":"skill1_08"},{"time":1.9333,"name":"skill1_00"},{"time":2.0666,"name":"skill2_03"},{"time":2.2,"name":"skill2_04"},{"time":2.3,"name":"skill2_05"},{"time":2.4,"name":"skill2_03"},{"time":2.5,"name":"skill2_04"},{"time":2.6,"name":"skill2_05"},{"time":2.7,"name":"skill2_04"},{"time":2.8,"name":"skill2_05"},{"time":2.9,"name":"skill2_06"},{"time":3,"name":"skill2_07"},{"time":3.0666,"name":"skill2_06"},{"time":3.1333,"name":"skill2_07"},{"time":3.2,"name":"skill2_06"},{"time":3.2666,"name":"attack1_07a"},{"time":3.3666,"name":"attack1_08a"},{"time":3.4666,"name":"attack1_11"},{"time":3.6666,"name":"skill1_05"},{"time":3.7333,"name":"skill1_06"},{"time":4.5333,"name":"skill1_03"},{"time":4.6666,"name":"skill1_04"},{"time":4.8666,"name":"idle_03"},{"time":5,"name":"idle_00"}]},"attack1_07b":{"attachment":[{"time":3.2666,"name":"attack1_07b"},{"time":3.3666,"name":null}]},"attack1_08b":{"attachment":[{"time":3.3666,"name":"attack1_08b"},{"time":3.4666,"name":null}]}},"bones":{"MAIN":{"translate":[{"time":0,"x":0,"y":0,"curve":"stepped"},{"time":0.0333,"x":0,"y":-2},{"time":0.1333,"x":0,"y":0,"curve":"stepped"},{"time":0.2333,"x":0,"y":0,"curve":"stepped"},{"time":0.3333,"x":-7.3,"y":1,"curve":"stepped"},{"time":0.5,"x":-0.34,"y":0,"curve":"stepped"},{"time":1.9333,"x":-24.43,"y":0,"curve":"stepped"},{"time":2.0666,"x":-45.88,"y":-1.13,"curve":[0.172,0.74,0.054,1]},{"time":2.3666,"x":-55,"y":440},{"time":2.8666,"x":-60,"y":450,"curve":[0.654,0.3,0.756,0.34]},{"time":2.9333,"x":-67,"y":0,"curve":[0.075,0.95,0.319,0.95]},{"time":3.2666,"x":-70,"y":0},{"time":3.4333,"x":-93.23,"y":0,"curve":"stepped"},{"time":3.4666,"x":-143.67,"y":0,"curve":[0.094,0.82,0.18,0.89]},{"time":3.6,"x":-140,"y":0,"curve":[0.094,0.82,0.18,0.89]},{"time":3.9,"x":50,"y":-6.84,"curve":"stepped"},{"time":4.5333,"x":64.91,"y":1.39,"curve":"stepped"},{"time":4.6666,"x":67.08,"y":1,"curve":"stepped"},{"time":4.8666,"x":73.24,"y":1.99}]},"DAMAGEAREA":{"translate":[{"time":2.9666,"x":-218.44,"y":157.77,"curve":"stepped"},{"time":3.6666,"x":-28.26,"y":93.8}],"scale":[{"time":2.9666,"x":4.35,"y":4.782,"curve":"stepped"},{"time":3.6666,"x":11.261,"y":8.158}]},"main_power":{"translate":[{"time":1.6666,"x":131.97,"y":359.65}],"scale":[{"time":1.6666,"x":1.996,"y":1.996,"curve":"stepped"},{"time":1.7333,"x":1.996,"y":1.996},{"time":2.1,"x":4.612,"y":4.612}]},"energy_sink_2":{"translate":[{"time":0.5333,"x":322.64,"y":265.36}],"scale":[{"time":0.5333,"x":2.459,"y":2.459}]},"energy_sink_3":{"translate":[{"time":0.8333,"x":322.64,"y":265.36}],"scale":[{"time":0.8333,"x":2.459,"y":2.459}]},"energy_sink_1":{"translate":[{"time":0.5,"x":342.51,"y":278.22}],"scale":[{"time":0.5,"x":4.57,"y":4.57}]},"graund_wave_1":{"rotate":[{"time":0.5,"angle":0,"curve":"stepped"},{"time":1.1,"angle":0,"curve":"stepped"},{"time":1.5,"angle":0,"curve":"stepped"},{"time":2.0666,"angle":0,"curve":"stepped"},{"time":2.9333,"angle":0,"curve":"stepped"},{"time":3.6,"angle":0,"curve":"stepped"},{"time":3.9,"angle":0,"curve":"stepped"},{"time":3.9666,"angle":0,"curve":"stepped"},{"time":4.2666,"angle":0}],"translate":[{"time":0.5,"x":300.26,"y":212.71,"curve":"stepped"},{"time":2.0666,"x":263.99,"y":211.52,"curve":"stepped"},{"time":2.9333,"x":83.2,"y":194.83,"curve":"stepped"},{"time":3.6,"x":83.2,"y":194.83,"curve":"stepped"},{"time":3.9,"x":83.2,"y":194.83,"curve":"stepped"},{"time":3.9666,"x":83.2,"y":194.83,"curve":"stepped"},{"time":4.2666,"x":83.2,"y":194.83}],"scale":[{"time":0.5,"x":2.349,"y":2.349,"curve":"stepped"},{"time":1.1,"x":2.349,"y":2.349,"curve":"stepped"},{"time":1.5,"x":2.349,"y":2.349,"curve":"stepped"},{"time":2.0666,"x":2.349,"y":2.349,"curve":"stepped"},{"time":2.9333,"x":4.412,"y":4.412}]},"graund_wave_2":{"rotate":[{"time":0.7333,"angle":0,"curve":"stepped"},{"time":1.2333,"angle":0,"curve":"stepped"},{"time":1.6333,"angle":0,"curve":"stepped"},{"time":3,"angle":0,"curve":"stepped"},{"time":3.7333,"angle":0,"curve":"stepped"},{"time":4.0333,"angle":0}],"translate":[{"time":0.7333,"x":300.26,"y":212.71,"curve":"stepped"},{"time":3,"x":83.2,"y":194.83,"curve":"stepped"},{"time":3.7333,"x":83.2,"y":194.83,"curve":"stepped"},{"time":4.0333,"x":83.2,"y":194.83}],"scale":[{"time":0.7333,"x":2.349,"y":2.349,"curve":"stepped"},{"time":1.2333,"x":2.349,"y":2.349,"curve":"stepped"},{"time":1.6333,"x":2.349,"y":2.349,"curve":"stepped"},{"time":3,"x":4.412,"y":4.412}]},"graund_wave_3":{"rotate":[{"time":0.9333,"angle":0,"curve":"stepped"},{"time":1.3666,"angle":0,"curve":"stepped"},{"time":1.7666,"angle":0,"curve":"stepped"},{"time":3.8666,"angle":0,"curve":"stepped"},{"time":4.1666,"angle":0}],"translate":[{"time":0.9333,"x":300.26,"y":212.71,"curve":"stepped"},{"time":3.8666,"x":83.2,"y":194.83,"curve":"stepped"},{"time":4.1666,"x":83.2,"y":194.83}],"scale":[{"time":0.9333,"x":2.349,"y":2.349,"curve":"stepped"},{"time":1.3666,"x":2.349,"y":2.349,"curve":"stepped"},{"time":1.7666,"x":2.349,"y":2.349,"curve":"stepped"},{"time":3.8666,"x":4.412,"y":4.412}]},"earth_1":{"rotate":[{"time":3.0333,"angle":179.01}],"translate":[{"time":3.0333,"x":202.91,"y":312.19}]},"earth_5":{"rotate":[{"time":3.0333,"angle":-178.18}],"translate":[{"time":3.0333,"x":220.22,"y":215.48}]},"earth_3":{"translate":[{"time":3.0333,"x":-106.83,"y":269.45}]},"earth_6":{"rotate":[{"time":3.0333,"angle":179.94}],"translate":[{"time":3.0333,"x":-68.67,"y":219.03}]},"earth_2":{"translate":[{"time":3.0333,"x":30.94,"y":315.19}]},"earth_7":{"translate":[{"time":3.0333,"x":96.66,"y":271.51}],"scale":[{"time":3.0333,"x":1.359,"y":1.359}]},"earth_4":{"translate":[{"time":3.0333,"x":292.17,"y":267.49}]}},"events":[{"time":0,"name":"Sound3","string":"setHitSound(se_battle_007_attack_hit_01)"},{"time":0,"name":"Voice","string":"cri_265_voice_fullarts_now_b"},{"time":0.5,"name":"Sound1","string":"cri_se_battle_charge_long"},{"time":2.0666,"name":"Event","string":"movePosition_Target(0.06,170,0)"},{"time":2.7,"name":"Voice","string":"cri_265_voice_fullarts_rank6"},{"time":2.9,"name":"Sound1","string":"cri_se_battle_skill_shot"},{"time":2.9,"name":"Sound2","string":"cri_se_battle_thunder_small"},{"time":2.9,"name":"Sound3","string":"cri_se_battle_037_explosion_element_05"},{"time":2.9333,"name":"Event","string":"kHitStopType_normal"},{"time":2.9666,"name":"Event","string":"setHitStopTime(0.065,0.5)"},{"time":2.9666,"name":"Event2","float":2,"string":"shakeGround"},{"time":3.0666,"name":"Event2","float":3,"string":"shakeGround"},{"time":3.0666,"name":"Hit","string":"resetHitList"},{"time":3.6333,"name":"Sound1","string":"cri_se_battle_skill_shot"},{"time":3.6333,"name":"Sound2","string":"cri_se_battle_thunder_small"},{"time":3.6333,"name":"Sound3","string":"cri_se_battle_037_explosion_element_05"},{"time":3.6666,"name":"Event","string":"setHitStopTime(0.12,0.5)"},{"time":3.6666,"name":"Event2","float":3,"string":"shakeGround"},{"time":3.6666,"name":"Hit","string":"resetHitList"},{"time":3.7333,"name":"Event","string":"setHitStopTime(0.06,0.5)"},{"time":3.7333,"name":"Event2","float":3,"string":"shakeGround"},{"time":3.7333,"name":"Hit","string":"resetHitList"},{"time":3.8,"name":"Event","string":"setHitStopTime(0.15,0.5)"},{"time":3.8,"name":"Event2","float":3,"string":"shakeGround"},{"time":3.8,"name":"Hit","string":"resetHitList"},{"time":3.8666,"name":"Event","string":"setHitStopTime(0.08,0.5)"},{"time":3.8666,"name":"Event2","float":3,"string":"shakeGround"},{"time":3.8666,"name":"Hit","string":"resetHitList"}]}}}