{"skeleton":{"hash":"uebGdNUpGI/s+adlinmqHnK6DL4","spine":"3.0.12","width":0,"height":0,"images":"./images2/"},"bones":[{"name":"root"},{"name":"MAIN","parent":"root","y":64}],"slots":[{"name":"MAIN","bone":"MAIN","attachment":"idle_00"}],"skins":{"default":{"MAIN":{"idle_00":{"x":-3.3,"y":15,"width":500,"height":500},"idle_01":{"x":-3,"y":15,"width":500,"height":500},"idle_02":{"x":-3,"y":15,"width":500,"height":500},"idle_03":{"x":-3,"y":15,"width":500,"height":500},"idle_04":{"x":-3,"y":15,"width":500,"height":500}}}},"events":{"Event":{},"Hit":{},"HitEffect":{},"sound_1":{},"sound_2":{},"sound_3":{}},"animations":{"idle":{"slots":{"MAIN":{"attachment":[{"time":0,"name":"idle_00"},{"time":0.1666,"name":"idle_01"},{"time":0.3333,"name":"idle_02"},{"time":0.5,"name":"idle_03"},{"time":0.6666,"name":"idle_04"},{"time":0.8333,"name":"idle_00"}]}}}}}