{"skeleton":{"hash":"WgDl7dMv+6XlLAsn+/hoPy3LNIE","spine":"3.0.12","width":512,"height":512},"bones":[{"name":"root"},{"name":"MAIN","parent":"root","y":50}],"slots":[{"name":"MAIN","bone":"MAIN","attachment":"idle_00"}],"skins":{"default":{"MAIN":{"idle_00":{"x":0.78,"y":-6.19,"scaleX":2,"scaleY":2,"width":256,"height":256},"idle_01":{"x":0.78,"y":-6.19,"scaleX":2,"scaleY":2,"width":256,"height":256},"idle_02":{"x":0.78,"y":-6.19,"scaleX":2,"scaleY":2,"width":256,"height":256},"idle_03":{"x":0.78,"y":-6.19,"scaleX":2,"scaleY":2,"width":256,"height":256},"kneel_00":{"x":0.78,"y":-6.18,"scaleX":2,"scaleY":2,"width":256,"height":256},"kneel_01":{"x":0.78,"y":-6.18,"scaleX":2,"scaleY":2,"width":256,"height":256},"kneel_03":{"x":0.78,"y":-6.18,"scaleX":2,"scaleY":2,"width":256,"height":256},"kneel_04":{"x":0.78,"y":-6.18,"scaleX":2,"scaleY":2,"width":256,"height":256},"kneel_05":{"x":0.78,"y":-6.18,"scaleX":2,"scaleY":2,"width":256,"height":256},"weapon_off_00":{"x":0.78,"y":-6.18,"scaleX":2,"scaleY":2,"width":256,"height":256},"weapon_off_01":{"x":-17.81,"y":-6.18,"scaleX":2,"scaleY":2,"width":256,"height":256}}}},"events":{"Event":{},"Event2":{},"Hit":{},"Sound1":{},"Sound2":{},"Sound3":{},"Voice":{}},"animations":{"idle":{"slots":{"MAIN":{"attachment":[{"time":0,"name":"idle_00"},{"time":0.2666,"name":"idle_01"},{"time":0.5333,"name":"idle_02"},{"time":0.8,"name":"idle_03"},{"time":1.0666,"name":"idle_00"}]}}},"kneel1":{"slots":{"MAIN":{"attachment":[{"time":0,"name":"kneel_00"}]}}},"kneel2":{"slots":{"MAIN":{"attachment":[{"time":0,"name":"kneel_00"},{"time":0.0666,"name":"kneel_01"},{"time":0.1333,"name":"kneel_03"},{"time":0.2333,"name":"kneel_04"},{"time":0.3333,"name":"kneel_05"}]}}},"weapon_off":{"slots":{"MAIN":{"attachment":[{"time":0,"name":"idle_00"},{"time":0.1666,"name":"weapon_off_00"},{"time":0.3333,"name":"weapon_off_01"}]}},"bones":{"MAIN":{"translate":[{"time":0,"x":0,"y":0,"curve":"stepped"},{"time":0.3333,"x":13.65,"y":0}]}}},"weapon_on":{"slots":{"MAIN":{"attachment":[{"time":0,"name":"weapon_off_01"},{"time":0.1666,"name":"weapon_off_00"},{"time":0.3333,"name":"idle_00"}]}}}}}