{"skeleton":{"hash":"MSQ3SKdjjepye9t0hABKUdlFPw8","spine":"3.0.12","width":0,"height":0},"bones":[{"name":"root"},{"name":"MAIN","parent":"root","y":82.66}],"slots":[{"name":"MAIN","bone":"MAIN","attachment":"idle_00"}],"skins":{"default":{"MAIN":{"idle_00":{"x":-15.89,"y":0.31,"width":512,"height":512},"idle_01":{"x":-15.89,"y":0.31,"width":512,"height":512},"idle_02":{"x":-15.89,"y":0.31,"width":512,"height":512},"idle_03":{"x":-15.89,"y":0.31,"width":512,"height":512}}}},"events":{"Event":{},"Event2":{},"Hit":{},"Sound1":{},"Sound2":{},"Sound3":{},"Voice":{}},"animations":{"idle":{"slots":{"MAIN":{"attachment":[{"time":0,"name":"idle_00"},{"time":0.2333,"name":"idle_01"},{"time":0.4666,"name":"idle_02"},{"time":0.7,"name":"idle_03"},{"time":0.9333,"name":"idle_00"}]}}}}}