{"skeleton":{"hash":"9M6ctverOBrnNgZ1n2AxmuLwKaw","spine":"3.0.12","width":0,"height":0,"images":"./images/"},"bones":[{"name":"root","x":4.38},{"name":"MAIN","parent":"root","y":103.6},{"name":"fire","parent":"MAIN","y":-87.99},{"name":"R_arm_F","parent":"fire","x":-61.68,"y":-42.45},{"name":"L_arm_F","parent":"fire","x":55.79,"y":-49.77},{"name":"HPBAR","parent":"MAIN","x":5.62,"y":136.39}],"slots":[{"name":"MAIN","bone":"MAIN","attachment":"skeleton-idle_0"},{"name":"fire/L_arm_fire1","bone":"L_arm_F","blend":"additive"},{"name":"fire/R_arm_fire1","bone":"R_arm_F","blend":"additive"}],"skins":{"default":{"MAIN":{"skeleton-idle_0":{"y":40.84,"width":450,"height":400},"skeleton-idle_1":{"y":40.84,"width":450,"height":400},"skeleton-idle_2":{"y":40.84,"width":450,"height":400},"skeleton-idle_3":{"y":40.84,"width":450,"height":400},"skeleton-idle_4":{"y":40.84,"width":450,"height":400}},"fire/L_arm_fire1":{"fire/L_arm_fire1":{"x":-55.79,"y":49.77,"width":256,"height":256},"fire/L_arm_fire2":{"x":-55.79,"y":49.77,"width":256,"height":256},"fire/L_arm_fire3":{"x":-55.79,"y":49.77,"width":256,"height":256},"fire/L_arm_fire4":{"x":-55.79,"y":49.77,"width":256,"height":256},"fire/L_arm_fire5":{"x":-55.79,"y":49.77,"width":256,"height":256}},"fire/R_arm_fire1":{"fire/R_arm_fire1":{"x":61.68,"y":42.45,"width":256,"height":256},"fire/R_arm_fire2":{"x":61.68,"y":42.45,"width":256,"height":256},"fire/R_arm_fire3":{"x":61.68,"y":42.45,"width":256,"height":256},"fire/R_arm_fire4":{"x":61.68,"y":42.45,"width":256,"height":256},"fire/R_arm_fire5":{"x":61.68,"y":42.45,"width":256,"height":256}}}},"events":{"Event":{},"Hit":{},"Sound":{},"Sound_2":{},"sound_3":{},"sound_4":{},"voice":{}},"animations":{"idle":{"slots":{"MAIN":{"attachment":[{"time":0,"name":"skeleton-idle_0"},{"time":0.2,"name":"skeleton-idle_1"},{"time":0.4,"name":"skeleton-idle_2"},{"time":0.6,"name":"skeleton-idle_3"},{"time":0.8,"name":"skeleton-idle_4"},{"time":1,"name":"skeleton-idle_0"}]},"fire/L_arm_fire1":{"attachment":[{"time":0,"name":"fire/L_arm_fire1"},{"time":0.1333,"name":"fire/L_arm_fire2"},{"time":0.2666,"name":"fire/L_arm_fire3"},{"time":0.4,"name":"fire/L_arm_fire4"},{"time":0.5333,"name":"fire/L_arm_fire5"},{"time":0.6666,"name":"fire/L_arm_fire2"},{"time":0.8,"name":"fire/L_arm_fire3"},{"time":0.9333,"name":"fire/L_arm_fire4"}]},"fire/R_arm_fire1":{"attachment":[{"time":0,"name":"fire/R_arm_fire1"},{"time":0.1333,"name":"fire/R_arm_fire2"},{"time":0.2666,"name":"fire/R_arm_fire3"},{"time":0.4,"name":"fire/R_arm_fire4"},{"time":0.5333,"name":"fire/R_arm_fire5"},{"time":0.6666,"name":"fire/R_arm_fire2"},{"time":0.8,"name":"fire/R_arm_fire3"},{"time":0.9333,"name":"fire/R_arm_fire4"}]}},"bones":{"MAIN":{"translate":[{"time":0,"x":0,"y":-23.59}]},"L_arm_F":{"translate":[{"time":0,"x":-15.54,"y":1.39,"curve":"stepped"},{"time":0.2,"x":-12.11,"y":-2.76,"curve":"stepped"},{"time":0.4,"x":-7.28,"y":-1.28,"curve":"stepped"},{"time":0.6,"x":-13.34,"y":2.9,"curve":"stepped"},{"time":0.8,"x":-17.84,"y":3.7,"curve":"stepped"},{"time":1,"x":-15.53,"y":5.84}]},"R_arm_F":{"translate":[{"time":0,"x":-3.46,"y":-7.51,"curve":"stepped"},{"time":0.2,"x":-0.77,"y":-10.2,"curve":"stepped"},{"time":0.4,"x":-0.39,"y":-10.2,"curve":"stepped"},{"time":0.6,"x":-4.23,"y":-6.74,"curve":"stepped"},{"time":0.8,"x":-5.77,"y":-5.2,"curve":"stepped"},{"time":1,"x":-3.46,"y":-7.51}]},"fire":{"translate":[{"time":0,"x":0.51,"y":85.67}]}}}}}