{"skeleton":{"hash":"xG69GKAD2PXijPLTjmoDIwHpIjU","spine":"3.0.12","width":0,"height":0},"bones":[{"name":"root"},{"name":"rock2","parent":"root","scaleX":2.455,"scaleY":2.455},{"name":"rock","parent":"root","scaleX":2.455,"scaleY":2.455},{"name":"myst2","parent":"root","scaleX":3.299,"scaleY":3.299},{"name":"myst","parent":"root","scaleX":3.299,"scaleY":3.299},{"name":"420_S2_slash3","parent":"root","x":53.31,"y":-30.47},{"name":"420_S2_slash2","parent":"root","x":53.31,"y":-30.47},{"name":"420_S2_slash1","parent":"root","x":53.31,"y":-30.47},{"name":"420_S1_wind1_re","parent":"root","scaleX":2.5,"scaleY":2.5},{"name":"420_S1_slash1_re2","parent":"root","scaleX":2,"scaleY":2},{"name":"420_S1_slash1_re","parent":"root","scaleX":2,"scaleY":2},{"name":"370_S1_dash2_re","parent":"root","scaleX":1.5,"scaleY":1.5},{"name":"370_S1_dash1_re","parent":"root","scaleX":2.5,"scaleY":2.5}],"slots":[{"name":"EF/370_S1_dash1/370_S1_dash1_0","bone":"370_S1_dash1_re","blend":"additive"},{"name":"370_S1_dash3","bone":"370_S1_dash2_re","blend":"additive"},{"name":"EF/690_S2_rock2/690_S2_rock1_00000","bone":"rock"},{"name":"EF/690_S2_rock2/690_S2_rock1_0","bone":"rock2"},{"name":"EF/420_S1_slash1/420_S1_slash1_0","bone":"420_S1_slash1_re","blend":"additive"},{"name":"EF/420_S1_slash1/420_S1_slash1_1","bone":"420_S1_slash1_re2","blend":"additive"},{"name":"EF/420_S1_wind1/420_S1_wind1_0","bone":"420_S1_wind1_re","blend":"additive"},{"name":"EF/590_S2_myst1/590_S2_myst1_00014","bone":"myst"},{"name":"EF/590_S2_myst1/590_S2_myst1_14","bone":"myst2"},{"name":"EF/420_S2_slash1/420_S2_slash1_00000","bone":"420_S2_slash1","blend":"additive"},{"name":"EF/420_S2_slash1/420_S2_slash1_2","bone":"420_S2_slash2","blend":"additive"},{"name":"EF/420_S2_slash1/420_S2_slash1_5","bone":"420_S2_slash3","blend":"additive"},{"name":"EF/420_S2_slash1/420_S2_slash1_1","bone":"420_S2_slash1","blend":"additive"},{"name":"EF/420_S2_slash1/420_S2_slash1_3","bone":"420_S2_slash2","blend":"additive"},{"name":"EF/420_S2_slash1/420_S2_slash1_6","bone":"420_S2_slash3","blend":"additive"},{"name":"EF/420_S2_slash1/420_S2_slash1_0","bone":"420_S2_slash1","blend":"additive"},{"name":"EF/420_S2_slash1/420_S2_slash1_4","bone":"420_S2_slash2","blend":"additive"},{"name":"EF/420_S2_slash1/420_S2_slash1_7","bone":"420_S2_slash3","blend":"additive"}],"skins":{"default":{"370_S1_dash3":{"EF/370_S1_dash2/370_S1_dash2_00001":{"width":320,"height":320}},"EF/370_S1_dash1/370_S1_dash1_0":{"EF/370_S1_dash1/370_S1_dash1_00000":{"y":75,"width":320,"height":320},"EF/370_S1_dash1/370_S1_dash1_00001":{"y":75,"width":320,"height":320},"EF/370_S1_dash1/370_S1_dash1_00002":{"y":75,"width":320,"height":320},"EF/370_S1_dash1/370_S1_dash1_00003":{"y":75,"width":320,"height":320},"EF/370_S1_dash1/370_S1_dash1_00004":{"y":75,"width":320,"height":320},"EF/370_S1_dash1/370_S1_dash1_00005":{"y":75,"width":320,"height":320},"EF/370_S1_dash1/370_S1_dash1_00006":{"y":75,"width":320,"height":320},"EF/370_S1_dash1/370_S1_dash1_00007":{"y":75,"width":320,"height":320},"EF/370_S1_dash1/370_S1_dash1_00008":{"y":75,"width":320,"height":320},"EF/370_S1_dash1/370_S1_dash1_00009":{"y":75,"width":320,"height":320},"EF/370_S1_dash1/370_S1_dash1_00010":{"y":74.99,"width":320,"height":320}},"EF/420_S1_slash1/420_S1_slash1_0":{"EF/420_S1_slash1/420_S1_slash1_00000":{"width":320,"height":320},"EF/420_S1_slash1/420_S1_slash1_00001":{"width":320,"height":320},"EF/420_S1_slash1/420_S1_slash1_00002":{"width":320,"height":320},"EF/420_S1_slash1/420_S1_slash1_00003":{"width":320,"height":320}},"EF/420_S1_slash1/420_S1_slash1_1":{"EF/420_S1_slash1/420_S1_slash1_00000":{"width":320,"height":320},"EF/420_S1_slash1/420_S1_slash1_00001":{"width":320,"height":320},"EF/420_S1_slash1/420_S1_slash1_00002":{"width":320,"height":320},"EF/420_S1_slash1/420_S1_slash1_00003":{"width":320,"height":320}},"EF/420_S1_wind1/420_S1_wind1_0":{"EF/420_S1_wind1/420_S1_wind1_00000":{"x":90,"y":10,"width":425,"height":425},"EF/420_S1_wind1/420_S1_wind1_00001":{"x":90,"y":10,"width":425,"height":425},"EF/420_S1_wind1/420_S1_wind1_00002":{"x":90,"y":10,"width":425,"height":425},"EF/420_S1_wind1/420_S1_wind1_00003":{"x":90,"y":10,"width":425,"height":425},"EF/420_S1_wind1/420_S1_wind1_00004":{"x":89.99,"y":9.99,"width":425,"height":425},"EF/420_S1_wind1/420_S1_wind1_00005":{"x":89.99,"y":9.99,"width":425,"height":425},"EF/420_S1_wind1/420_S1_wind1_00006":{"x":89.99,"y":9.99,"width":425,"height":425},"EF/420_S1_wind1/420_S1_wind1_00007":{"x":89.99,"y":9.99,"width":425,"height":425}},"EF/420_S2_slash1/420_S2_slash1_0":{"EF/420_S2_slash1/420_S2_slash1_00000":{"x":-53.31,"y":11.67,"width":500,"height":500},"EF/420_S2_slash1/420_S2_slash1_00001":{"x":-53.31,"y":11.67,"width":500,"height":500},"EF/420_S2_slash1/420_S2_slash1_00002":{"x":-53.31,"y":11.67,"width":500,"height":500},"EF/420_S2_slash1/420_S2_slash1_00003":{"x":-53.31,"y":11.67,"width":500,"height":500},"EF/420_S2_slash1/420_S2_slash1_00004":{"x":-53.31,"y":11.67,"width":500,"height":500},"EF/420_S2_slash1/420_S2_slash1_00005":{"x":-53.31,"y":11.67,"width":500,"height":500}},"EF/420_S2_slash1/420_S2_slash1_00000":{"EF/420_S2_slash1/420_S2_slash1_00000":{"x":-53.31,"y":47.66,"width":500,"height":500},"EF/420_S2_slash1/420_S2_slash1_00001":{"x":-53.31,"y":47.67,"width":500,"height":500},"EF/420_S2_slash1/420_S2_slash1_00002":{"x":-53.31,"y":47.67,"width":500,"height":500},"EF/420_S2_slash1/420_S2_slash1_00003":{"x":-53.31,"y":47.67,"width":500,"height":500},"EF/420_S2_slash1/420_S2_slash1_00004":{"x":-53.31,"y":47.67,"width":500,"height":500},"EF/420_S2_slash1/420_S2_slash1_00005":{"x":-53.31,"y":47.67,"width":500,"height":500}},"EF/420_S2_slash1/420_S2_slash1_1":{"EF/420_S2_slash1/420_S2_slash1_00000":{"x":-53.31,"y":30.47,"scaleX":1.1,"scaleY":1.1,"width":500,"height":500},"EF/420_S2_slash1/420_S2_slash1_00001":{"x":-53.31,"y":30.47,"scaleX":1.1,"scaleY":1.1,"width":500,"height":500},"EF/420_S2_slash1/420_S2_slash1_00002":{"x":-53.31,"y":30.47,"scaleX":1.1,"scaleY":1.1,"width":500,"height":500},"EF/420_S2_slash1/420_S2_slash1_00003":{"x":-53.31,"y":30.47,"scaleX":1.1,"scaleY":1.1,"width":500,"height":500},"EF/420_S2_slash1/420_S2_slash1_00004":{"x":-53.31,"y":30.47,"scaleX":1.1,"scaleY":1.1,"width":500,"height":500},"EF/420_S2_slash1/420_S2_slash1_00005":{"x":-53.31,"y":30.47,"scaleX":1.1,"scaleY":1.1,"width":500,"height":500}},"EF/420_S2_slash1/420_S2_slash1_2":{"EF/420_S2_slash1/420_S2_slash1_00000":{"x":-53.31,"y":43.96,"width":500,"height":500},"EF/420_S2_slash1/420_S2_slash1_00001":{"x":-53.31,"y":43.96,"width":500,"height":500},"EF/420_S2_slash1/420_S2_slash1_00002":{"x":-53.31,"y":43.96,"width":500,"height":500},"EF/420_S2_slash1/420_S2_slash1_00003":{"x":-53.31,"y":43.96,"width":500,"height":500},"EF/420_S2_slash1/420_S2_slash1_00004":{"x":-53.31,"y":43.96,"width":500,"height":500},"EF/420_S2_slash1/420_S2_slash1_00005":{"x":-53.31,"y":43.96,"width":500,"height":500}},"EF/420_S2_slash1/420_S2_slash1_3":{"EF/420_S2_slash1/420_S2_slash1_00000":{"x":-53.31,"y":30.47,"scaleX":1.1,"scaleY":1.1,"width":500,"height":500},"EF/420_S2_slash1/420_S2_slash1_00001":{"x":-53.31,"y":30.47,"scaleX":1.1,"scaleY":1.1,"width":500,"height":500},"EF/420_S2_slash1/420_S2_slash1_00002":{"x":-53.31,"y":30.47,"scaleX":1.1,"scaleY":1.1,"width":500,"height":500},"EF/420_S2_slash1/420_S2_slash1_00003":{"x":-53.31,"y":30.47,"scaleX":1.1,"scaleY":1.1,"width":500,"height":500},"EF/420_S2_slash1/420_S2_slash1_00004":{"x":-53.31,"y":30.47,"scaleX":1.1,"scaleY":1.1,"width":500,"height":500},"EF/420_S2_slash1/420_S2_slash1_00005":{"x":-53.31,"y":30.47,"scaleX":1.1,"scaleY":1.1,"width":500,"height":500}},"EF/420_S2_slash1/420_S2_slash1_4":{"EF/420_S2_slash1/420_S2_slash1_00000":{"x":-53.31,"y":16.96,"width":500,"height":500},"EF/420_S2_slash1/420_S2_slash1_00001":{"x":-53.31,"y":16.96,"width":500,"height":500},"EF/420_S2_slash1/420_S2_slash1_00002":{"x":-53.31,"y":16.95,"width":500,"height":500},"EF/420_S2_slash1/420_S2_slash1_00003":{"x":-53.31,"y":16.96,"width":500,"height":500},"EF/420_S2_slash1/420_S2_slash1_00004":{"x":-53.31,"y":16.96,"width":500,"height":500},"EF/420_S2_slash1/420_S2_slash1_00005":{"x":-53.31,"y":16.96,"width":500,"height":500}},"EF/420_S2_slash1/420_S2_slash1_5":{"EF/420_S2_slash1/420_S2_slash1_00000":{"x":-53.31,"y":42.96,"width":500,"height":500},"EF/420_S2_slash1/420_S2_slash1_00001":{"x":-53.31,"y":42.96,"width":500,"height":500},"EF/420_S2_slash1/420_S2_slash1_00002":{"x":-53.31,"y":42.96,"width":500,"height":500},"EF/420_S2_slash1/420_S2_slash1_00003":{"x":-53.31,"y":42.96,"width":500,"height":500},"EF/420_S2_slash1/420_S2_slash1_00004":{"x":-53.31,"y":42.96,"width":500,"height":500},"EF/420_S2_slash1/420_S2_slash1_00005":{"x":-53.31,"y":42.96,"width":500,"height":500}},"EF/420_S2_slash1/420_S2_slash1_6":{"EF/420_S2_slash1/420_S2_slash1_00000":{"x":-53.31,"y":30.47,"scaleX":0.9,"scaleY":0.9,"width":500,"height":500},"EF/420_S2_slash1/420_S2_slash1_00001":{"x":-53.31,"y":30.47,"scaleX":0.9,"scaleY":0.9,"width":500,"height":500},"EF/420_S2_slash1/420_S2_slash1_00002":{"x":-53.31,"y":30.47,"scaleX":0.9,"scaleY":0.9,"width":500,"height":500},"EF/420_S2_slash1/420_S2_slash1_00003":{"x":-53.31,"y":30.47,"scaleX":0.9,"scaleY":0.9,"width":500,"height":500},"EF/420_S2_slash1/420_S2_slash1_00004":{"x":-53.31,"y":30.47,"scaleX":0.9,"scaleY":0.9,"width":500,"height":500},"EF/420_S2_slash1/420_S2_slash1_00005":{"x":-53.31,"y":30.47,"scaleX":0.9,"scaleY":0.9,"width":500,"height":500}},"EF/420_S2_slash1/420_S2_slash1_7":{"EF/420_S2_slash1/420_S2_slash1_00000":{"x":-53.31,"y":17.22,"width":500,"height":500},"EF/420_S2_slash1/420_S2_slash1_00001":{"x":-53.31,"y":17.22,"width":500,"height":500},"EF/420_S2_slash1/420_S2_slash1_00002":{"x":-53.31,"y":17.22,"width":500,"height":500},"EF/420_S2_slash1/420_S2_slash1_00003":{"x":-53.31,"y":17.22,"width":500,"height":500},"EF/420_S2_slash1/420_S2_slash1_00004":{"x":-53.31,"y":17.22,"width":500,"height":500},"EF/420_S2_slash1/420_S2_slash1_00005":{"x":-53.31,"y":17.21,"width":500,"height":500}},"EF/590_S2_myst1/590_S2_myst1_00014":{"EF/590_S2_myst1/590_S2_myst1_00014":{"x":-0.41,"y":6,"width":144,"height":144},"EF/590_S2_myst1/590_S2_myst1_00016":{"x":-0.41,"y":6,"width":144,"height":144},"EF/590_S2_myst1/590_S2_myst1_00018":{"x":-0.41,"y":6,"width":144,"height":144},"EF/590_S2_myst1/590_S2_myst1_00020":{"x":-0.41,"y":6,"width":144,"height":144},"EF/590_S2_myst1/590_S2_myst1_00022":{"x":-0.41,"y":6,"width":144,"height":144},"EF/590_S2_myst1/590_S2_myst1_00024":{"x":-0.41,"y":6,"width":144,"height":144},"EF/590_S2_myst1/590_S2_myst1_00026":{"x":-0.41,"y":6,"width":144,"height":144},"EF/590_S2_myst1/590_S2_myst1_00028":{"x":-0.41,"y":6,"width":144,"height":144},"EF/590_S2_myst1/590_S2_myst1_00030":{"x":-0.41,"y":6,"width":144,"height":144},"EF/590_S2_myst1/590_S2_myst1_00032":{"x":-0.41,"y":6,"width":144,"height":144},"EF/590_S2_myst1/590_S2_myst1_00034":{"x":-0.41,"y":6,"width":144,"height":144}},"EF/590_S2_myst1/590_S2_myst1_14":{"EF/590_S2_myst1/590_S2_myst1_00014":{"x":-0.41,"y":6,"width":144,"height":144},"EF/590_S2_myst1/590_S2_myst1_00016":{"x":-0.41,"y":6,"width":144,"height":144},"EF/590_S2_myst1/590_S2_myst1_00018":{"x":-0.41,"y":6,"width":144,"height":144},"EF/590_S2_myst1/590_S2_myst1_00020":{"x":-0.41,"y":6,"width":144,"height":144},"EF/590_S2_myst1/590_S2_myst1_00022":{"x":-0.41,"y":6,"width":144,"height":144},"EF/590_S2_myst1/590_S2_myst1_00024":{"x":-0.41,"y":6,"width":144,"height":144},"EF/590_S2_myst1/590_S2_myst1_00026":{"x":-0.41,"y":6,"width":144,"height":144},"EF/590_S2_myst1/590_S2_myst1_00028":{"x":-0.41,"y":6,"width":144,"height":144},"EF/590_S2_myst1/590_S2_myst1_00030":{"x":-0.41,"y":6,"width":144,"height":144},"EF/590_S2_myst1/590_S2_myst1_00032":{"x":-0.41,"y":6,"width":144,"height":144},"EF/590_S2_myst1/590_S2_myst1_00034":{"x":-0.41,"y":6,"width":144,"height":144}},"EF/690_S2_rock2/690_S2_rock1_0":{"EF/690_S2_rock2/690_S2_rock1_00000":{"x":2.76,"y":61.84,"width":256,"height":256},"EF/690_S2_rock2/690_S2_rock1_00001":{"x":2.76,"y":61.84,"width":256,"height":256},"EF/690_S2_rock2/690_S2_rock1_00002":{"x":2.76,"y":61.84,"width":256,"height":256},"EF/690_S2_rock2/690_S2_rock1_00003":{"x":2.76,"y":61.84,"width":256,"height":256},"EF/690_S2_rock2/690_S2_rock1_00004":{"x":2.76,"y":61.84,"width":256,"height":256},"EF/690_S2_rock2/690_S2_rock1_00005":{"x":2.76,"y":61.84,"width":256,"height":256},"EF/690_S2_rock2/690_S2_rock1_00006":{"x":2.76,"y":61.84,"width":256,"height":256},"EF/690_S2_rock2/690_S2_rock1_00007":{"x":2.76,"y":61.84,"width":256,"height":256},"EF/690_S2_rock2/690_S2_rock1_00008":{"x":2.76,"y":61.84,"width":256,"height":256}},"EF/690_S2_rock2/690_S2_rock1_00000":{"EF/690_S2_rock2/690_S2_rock1_00000":{"x":2.76,"y":61.84,"width":256,"height":256},"EF/690_S2_rock2/690_S2_rock1_00001":{"x":2.76,"y":61.84,"width":256,"height":256},"EF/690_S2_rock2/690_S2_rock1_00002":{"x":2.76,"y":61.84,"width":256,"height":256},"EF/690_S2_rock2/690_S2_rock1_00003":{"x":2.76,"y":61.84,"width":256,"height":256},"EF/690_S2_rock2/690_S2_rock1_00004":{"x":2.76,"y":61.84,"width":256,"height":256},"EF/690_S2_rock2/690_S2_rock1_00005":{"x":2.76,"y":61.84,"width":256,"height":256},"EF/690_S2_rock2/690_S2_rock1_00006":{"x":2.76,"y":61.84,"width":256,"height":256},"EF/690_S2_rock2/690_S2_rock1_00007":{"x":2.76,"y":61.84,"width":256,"height":256},"EF/690_S2_rock2/690_S2_rock1_00008":{"x":2.76,"y":61.84,"width":256,"height":256}}}},"animations":{"1-attack1":{},"1-skill1":{"slots":{"EF/370_S1_dash1/370_S1_dash1_0":{"attachment":[{"time":0.5,"name":"EF/370_S1_dash1/370_S1_dash1_00000"},{"time":0.5333,"name":"EF/370_S1_dash1/370_S1_dash1_00001"},{"time":0.5666,"name":"EF/370_S1_dash1/370_S1_dash1_00002"},{"time":0.6,"name":"EF/370_S1_dash1/370_S1_dash1_00003"},{"time":0.6333,"name":"EF/370_S1_dash1/370_S1_dash1_00004"},{"time":0.6666,"name":"EF/370_S1_dash1/370_S1_dash1_00005"},{"time":0.7,"name":"EF/370_S1_dash1/370_S1_dash1_00006"},{"time":0.7333,"name":"EF/370_S1_dash1/370_S1_dash1_00007"},{"time":0.7666,"name":"EF/370_S1_dash1/370_S1_dash1_00008"},{"time":0.8,"name":"EF/370_S1_dash1/370_S1_dash1_00009"},{"time":0.8333,"name":"EF/370_S1_dash1/370_S1_dash1_00010"}],"color":[{"time":0.8333,"color":"ffffffff"},{"time":0.9,"color":"ffffff00"}]},"EF/420_S1_slash1/420_S1_slash1_0":{"attachment":[{"time":0.5,"name":"EF/420_S1_slash1/420_S1_slash1_00000"},{"time":0.5333,"name":"EF/420_S1_slash1/420_S1_slash1_00001"},{"time":0.5666,"name":"EF/420_S1_slash1/420_S1_slash1_00002"},{"time":0.6,"name":"EF/420_S1_slash1/420_S1_slash1_00003"},{"time":0.6333,"name":null}]},"EF/420_S1_slash1/420_S1_slash1_1":{"attachment":[{"time":0.5333,"name":"EF/420_S1_slash1/420_S1_slash1_00000"},{"time":0.5666,"name":"EF/420_S1_slash1/420_S1_slash1_00001"},{"time":0.6,"name":"EF/420_S1_slash1/420_S1_slash1_00002"},{"time":0.6333,"name":"EF/420_S1_slash1/420_S1_slash1_00003"},{"time":0.6666,"name":null}]},"EF/420_S1_wind1/420_S1_wind1_0":{"attachment":[{"time":0.5,"name":"EF/420_S1_wind1/420_S1_wind1_00000"},{"time":0.5333,"name":"EF/420_S1_wind1/420_S1_wind1_00001"},{"time":0.5666,"name":"EF/420_S1_wind1/420_S1_wind1_00002"},{"time":0.6,"name":"EF/420_S1_wind1/420_S1_wind1_00003"},{"time":0.6333,"name":"EF/420_S1_wind1/420_S1_wind1_00004"},{"time":0.6666,"name":"EF/420_S1_wind1/420_S1_wind1_00005"},{"time":0.7,"name":"EF/420_S1_wind1/420_S1_wind1_00006"},{"time":0.7333,"name":"EF/420_S1_wind1/420_S1_wind1_00007"},{"time":0.7666,"name":null}]}},"bones":{"370_S1_dash1_re":{"translate":[{"time":0.5,"x":96.58,"y":-60.79}],"scale":[{"time":0.5,"x":0.8,"y":0.8}]},"420_S1_slash1_re":{"translate":[{"time":0.5,"x":-230.36,"y":62.63}],"scale":[{"time":0.5,"x":1.2,"y":1.2}]},"420_S1_wind1_re":{"translate":[{"time":0.5,"x":-148.67,"y":87.31}],"scale":[{"time":0.5,"x":0.693,"y":0.693}]},"420_S1_slash1_re2":{"rotate":[{"time":0.5333,"angle":10.02}],"translate":[{"time":0.5333,"x":-181.79,"y":77.06}],"scale":[{"time":0.5333,"x":-1.2,"y":1.2}]}}},"1-skill2":{"slots":{"370_S1_dash3":{"attachment":[{"time":0.5666,"name":"EF/370_S1_dash2/370_S1_dash2_00001"}],"color":[{"time":0.7666,"color":"ffffffff"},{"time":0.8666,"color":"ffffff00"}]},"EF/370_S1_dash1/370_S1_dash1_0":{"attachment":[{"time":0.5666,"name":"EF/370_S1_dash1/370_S1_dash1_00000"},{"time":0.6,"name":"EF/370_S1_dash1/370_S1_dash1_00001"},{"time":0.6333,"name":"EF/370_S1_dash1/370_S1_dash1_00002"},{"time":0.6666,"name":"EF/370_S1_dash1/370_S1_dash1_00003"},{"time":0.7,"name":"EF/370_S1_dash1/370_S1_dash1_00004"},{"time":0.7333,"name":"EF/370_S1_dash1/370_S1_dash1_00005"},{"time":0.7666,"name":"EF/370_S1_dash1/370_S1_dash1_00006"},{"time":0.8,"name":"EF/370_S1_dash1/370_S1_dash1_00007"},{"time":0.8333,"name":"EF/370_S1_dash1/370_S1_dash1_00008"},{"time":0.8666,"name":"EF/370_S1_dash1/370_S1_dash1_00009"},{"time":0.9,"name":"EF/370_S1_dash1/370_S1_dash1_00010"}],"color":[{"time":0.9,"color":"ffffffff"},{"time":0.9666,"color":"ffffff00"}]},"EF/420_S1_wind1/420_S1_wind1_0":{"attachment":[{"time":0.5666,"name":"EF/420_S1_wind1/420_S1_wind1_00000"},{"time":0.6,"name":"EF/420_S1_wind1/420_S1_wind1_00001"},{"time":0.6333,"name":"EF/420_S1_wind1/420_S1_wind1_00002"},{"time":0.6666,"name":"EF/420_S1_wind1/420_S1_wind1_00003"},{"time":0.7,"name":"EF/420_S1_wind1/420_S1_wind1_00004"},{"time":0.7333,"name":"EF/420_S1_wind1/420_S1_wind1_00005"},{"time":0.7666,"name":"EF/420_S1_wind1/420_S1_wind1_00006"},{"time":0.8,"name":"EF/420_S1_wind1/420_S1_wind1_00007"},{"time":0.8333,"name":null}]},"EF/420_S2_slash1/420_S2_slash1_0":{"attachment":[{"time":0.5666,"name":"EF/420_S2_slash1/420_S2_slash1_00000"},{"time":0.6,"name":"EF/420_S2_slash1/420_S2_slash1_00001"},{"time":0.6333,"name":"EF/420_S2_slash1/420_S2_slash1_00002"},{"time":0.6666,"name":"EF/420_S2_slash1/420_S2_slash1_00003"},{"time":0.7,"name":"EF/420_S2_slash1/420_S2_slash1_00004"},{"time":0.7333,"name":"EF/420_S2_slash1/420_S2_slash1_00005"},{"time":0.7666,"name":"EF/420_S2_slash1/420_S2_slash1_00000"},{"time":0.8,"name":"EF/420_S2_slash1/420_S2_slash1_00001"},{"time":0.8333,"name":"EF/420_S2_slash1/420_S2_slash1_00002"},{"time":0.8666,"name":"EF/420_S2_slash1/420_S2_slash1_00003"},{"time":0.9,"name":"EF/420_S2_slash1/420_S2_slash1_00004"},{"time":0.9333,"name":"EF/420_S2_slash1/420_S2_slash1_00005"},{"time":0.9666,"name":null}],"color":[{"time":0.7666,"color":"ffffffff","curve":"stepped"},{"time":0.9,"color":"ffffffff"},{"time":0.9666,"color":"ffffff00"}]},"EF/420_S2_slash1/420_S2_slash1_00000":{"attachment":[{"time":0.5666,"name":"EF/420_S2_slash1/420_S2_slash1_00000"},{"time":0.6,"name":"EF/420_S2_slash1/420_S2_slash1_00001"},{"time":0.6333,"name":"EF/420_S2_slash1/420_S2_slash1_00002"},{"time":0.6666,"name":"EF/420_S2_slash1/420_S2_slash1_00003"},{"time":0.7,"name":"EF/420_S2_slash1/420_S2_slash1_00004"},{"time":0.7333,"name":"EF/420_S2_slash1/420_S2_slash1_00005"},{"time":0.7666,"name":"EF/420_S2_slash1/420_S2_slash1_00000"},{"time":0.8,"name":"EF/420_S2_slash1/420_S2_slash1_00001"},{"time":0.8333,"name":"EF/420_S2_slash1/420_S2_slash1_00002"},{"time":0.8666,"name":"EF/420_S2_slash1/420_S2_slash1_00003"},{"time":0.9,"name":"EF/420_S2_slash1/420_S2_slash1_00004"},{"time":0.9333,"name":"EF/420_S2_slash1/420_S2_slash1_00005"},{"time":0.9666,"name":null}],"color":[{"time":0.7666,"color":"ffffffff","curve":"stepped"},{"time":0.9,"color":"ffffffff"},{"time":0.9666,"color":"ffffff00"}]},"EF/420_S2_slash1/420_S2_slash1_1":{"attachment":[{"time":0.5666,"name":"EF/420_S2_slash1/420_S2_slash1_00000"},{"time":0.6,"name":"EF/420_S2_slash1/420_S2_slash1_00001"},{"time":0.6333,"name":"EF/420_S2_slash1/420_S2_slash1_00002"},{"time":0.6666,"name":"EF/420_S2_slash1/420_S2_slash1_00003"},{"time":0.7,"name":"EF/420_S2_slash1/420_S2_slash1_00004"},{"time":0.7333,"name":"EF/420_S2_slash1/420_S2_slash1_00005"},{"time":0.7666,"name":"EF/420_S2_slash1/420_S2_slash1_00000"},{"time":0.8,"name":"EF/420_S2_slash1/420_S2_slash1_00001"},{"time":0.8333,"name":"EF/420_S2_slash1/420_S2_slash1_00002"},{"time":0.8666,"name":"EF/420_S2_slash1/420_S2_slash1_00003"},{"time":0.9,"name":"EF/420_S2_slash1/420_S2_slash1_00004"},{"time":0.9333,"name":"EF/420_S2_slash1/420_S2_slash1_00005"},{"time":0.9666,"name":null}],"color":[{"time":0.7666,"color":"ffffffff","curve":"stepped"},{"time":0.9,"color":"ffffffff"},{"time":0.9666,"color":"ffffff00"}]},"EF/420_S2_slash1/420_S2_slash1_2":{"attachment":[{"time":0.6,"name":"EF/420_S2_slash1/420_S2_slash1_00000"},{"time":0.6333,"name":"EF/420_S2_slash1/420_S2_slash1_00001"},{"time":0.6666,"name":"EF/420_S2_slash1/420_S2_slash1_00002"},{"time":0.7,"name":"EF/420_S2_slash1/420_S2_slash1_00003"},{"time":0.7333,"name":"EF/420_S2_slash1/420_S2_slash1_00004"},{"time":0.7666,"name":"EF/420_S2_slash1/420_S2_slash1_00005"},{"time":0.8,"name":"EF/420_S2_slash1/420_S2_slash1_00000"},{"time":0.8333,"name":"EF/420_S2_slash1/420_S2_slash1_00001"},{"time":0.8666,"name":"EF/420_S2_slash1/420_S2_slash1_00002"},{"time":0.9,"name":"EF/420_S2_slash1/420_S2_slash1_00003"},{"time":0.9333,"name":"EF/420_S2_slash1/420_S2_slash1_00004"},{"time":0.9666,"name":"EF/420_S2_slash1/420_S2_slash1_00005"},{"time":1,"name":null}],"color":[{"time":0.8,"color":"ffffffff","curve":"stepped"},{"time":0.9333,"color":"ffffffff"},{"time":1,"color":"ffffff00"}]},"EF/420_S2_slash1/420_S2_slash1_3":{"attachment":[{"time":0.6,"name":"EF/420_S2_slash1/420_S2_slash1_00000"},{"time":0.6333,"name":"EF/420_S2_slash1/420_S2_slash1_00001"},{"time":0.6666,"name":"EF/420_S2_slash1/420_S2_slash1_00002"},{"time":0.7,"name":"EF/420_S2_slash1/420_S2_slash1_00003"},{"time":0.7333,"name":"EF/420_S2_slash1/420_S2_slash1_00004"},{"time":0.7666,"name":"EF/420_S2_slash1/420_S2_slash1_00005"},{"time":0.8,"name":"EF/420_S2_slash1/420_S2_slash1_00000"},{"time":0.8333,"name":"EF/420_S2_slash1/420_S2_slash1_00001"},{"time":0.8666,"name":"EF/420_S2_slash1/420_S2_slash1_00002"},{"time":0.9,"name":"EF/420_S2_slash1/420_S2_slash1_00003"},{"time":0.9333,"name":"EF/420_S2_slash1/420_S2_slash1_00004"},{"time":0.9666,"name":"EF/420_S2_slash1/420_S2_slash1_00005"},{"time":1,"name":null}],"color":[{"time":0.8,"color":"ffffffff","curve":"stepped"},{"time":0.9333,"color":"ffffffff"},{"time":1,"color":"ffffff00"}]},"EF/420_S2_slash1/420_S2_slash1_4":{"attachment":[{"time":0.6,"name":"EF/420_S2_slash1/420_S2_slash1_00000"},{"time":0.6333,"name":"EF/420_S2_slash1/420_S2_slash1_00001"},{"time":0.6666,"name":"EF/420_S2_slash1/420_S2_slash1_00002"},{"time":0.7,"name":"EF/420_S2_slash1/420_S2_slash1_00003"},{"time":0.7333,"name":"EF/420_S2_slash1/420_S2_slash1_00004"},{"time":0.7666,"name":"EF/420_S2_slash1/420_S2_slash1_00005"},{"time":0.8,"name":"EF/420_S2_slash1/420_S2_slash1_00000"},{"time":0.8333,"name":"EF/420_S2_slash1/420_S2_slash1_00001"},{"time":0.8666,"name":"EF/420_S2_slash1/420_S2_slash1_00002"},{"time":0.9,"name":"EF/420_S2_slash1/420_S2_slash1_00003"},{"time":0.9333,"name":"EF/420_S2_slash1/420_S2_slash1_00004"},{"time":0.9666,"name":"EF/420_S2_slash1/420_S2_slash1_00005"},{"time":1,"name":null}],"color":[{"time":0.8,"color":"ffffffff","curve":"stepped"},{"time":0.9333,"color":"ffffffff"},{"time":1,"color":"ffffff00"}]},"EF/420_S2_slash1/420_S2_slash1_5":{"attachment":[{"time":0.6666,"name":"EF/420_S2_slash1/420_S2_slash1_00000"},{"time":0.7,"name":"EF/420_S2_slash1/420_S2_slash1_00001"},{"time":0.7333,"name":"EF/420_S2_slash1/420_S2_slash1_00002"},{"time":0.7666,"name":"EF/420_S2_slash1/420_S2_slash1_00003"},{"time":0.8,"name":"EF/420_S2_slash1/420_S2_slash1_00004"},{"time":0.8333,"name":"EF/420_S2_slash1/420_S2_slash1_00005"},{"time":0.8666,"name":"EF/420_S2_slash1/420_S2_slash1_00000"},{"time":0.9,"name":"EF/420_S2_slash1/420_S2_slash1_00001"},{"time":0.9333,"name":"EF/420_S2_slash1/420_S2_slash1_00002"},{"time":0.9666,"name":"EF/420_S2_slash1/420_S2_slash1_00003"},{"time":1,"name":"EF/420_S2_slash1/420_S2_slash1_00004"},{"time":1.0333,"name":"EF/420_S2_slash1/420_S2_slash1_00005"},{"time":1.0666,"name":null}],"color":[{"time":0.7666,"color":"ffffffff"},{"time":0.8333,"color":"ffffff00","curve":"stepped"},{"time":0.8666,"color":"ffffffff","curve":"stepped"},{"time":0.9666,"color":"ffffffff"},{"time":1.0666,"color":"ffffff00"}]},"EF/420_S2_slash1/420_S2_slash1_6":{"attachment":[{"time":0.6666,"name":"EF/420_S2_slash1/420_S2_slash1_00000"},{"time":0.7,"name":"EF/420_S2_slash1/420_S2_slash1_00001"},{"time":0.7333,"name":"EF/420_S2_slash1/420_S2_slash1_00002"},{"time":0.7666,"name":"EF/420_S2_slash1/420_S2_slash1_00003"},{"time":0.8,"name":"EF/420_S2_slash1/420_S2_slash1_00004"},{"time":0.8333,"name":"EF/420_S2_slash1/420_S2_slash1_00005"},{"time":0.8666,"name":"EF/420_S2_slash1/420_S2_slash1_00000"},{"time":0.9,"name":"EF/420_S2_slash1/420_S2_slash1_00001"},{"time":0.9333,"name":"EF/420_S2_slash1/420_S2_slash1_00002"},{"time":0.9666,"name":"EF/420_S2_slash1/420_S2_slash1_00003"},{"time":1,"name":"EF/420_S2_slash1/420_S2_slash1_00004"},{"time":1.0333,"name":"EF/420_S2_slash1/420_S2_slash1_00005"},{"time":1.0666,"name":null}],"color":[{"time":0.7666,"color":"ffffffff"},{"time":0.8333,"color":"ffffff00","curve":"stepped"},{"time":0.8666,"color":"ffffffff","curve":"stepped"},{"time":0.9666,"color":"ffffffff"},{"time":1.0666,"color":"ffffff00"}]},"EF/420_S2_slash1/420_S2_slash1_7":{"attachment":[{"time":0.6666,"name":"EF/420_S2_slash1/420_S2_slash1_00000"},{"time":0.7,"name":"EF/420_S2_slash1/420_S2_slash1_00001"},{"time":0.7333,"name":"EF/420_S2_slash1/420_S2_slash1_00002"},{"time":0.7666,"name":"EF/420_S2_slash1/420_S2_slash1_00003"},{"time":0.8,"name":"EF/420_S2_slash1/420_S2_slash1_00004"},{"time":0.8333,"name":"EF/420_S2_slash1/420_S2_slash1_00005"},{"time":0.8666,"name":"EF/420_S2_slash1/420_S2_slash1_00000"},{"time":0.9,"name":"EF/420_S2_slash1/420_S2_slash1_00001"},{"time":0.9333,"name":"EF/420_S2_slash1/420_S2_slash1_00002"},{"time":0.9666,"name":"EF/420_S2_slash1/420_S2_slash1_00003"},{"time":1,"name":"EF/420_S2_slash1/420_S2_slash1_00004"},{"time":1.0333,"name":"EF/420_S2_slash1/420_S2_slash1_00005"},{"time":1.0666,"name":null}],"color":[{"time":0.7666,"color":"ffffffff"},{"time":0.8333,"color":"ffffff00","curve":"stepped"},{"time":0.8666,"color":"ffffffff","curve":"stepped"},{"time":0.9666,"color":"ffffffff"},{"time":1.0666,"color":"ffffff00"}]},"EF/590_S2_myst1/590_S2_myst1_00014":{"attachment":[{"time":0.5666,"name":"EF/590_S2_myst1/590_S2_myst1_00014"},{"time":0.6,"name":"EF/590_S2_myst1/590_S2_myst1_00016"},{"time":0.6333,"name":"EF/590_S2_myst1/590_S2_myst1_00018"},{"time":0.6666,"name":"EF/590_S2_myst1/590_S2_myst1_00020"},{"time":0.7,"name":"EF/590_S2_myst1/590_S2_myst1_00022"},{"time":0.7333,"name":"EF/590_S2_myst1/590_S2_myst1_00024"},{"time":0.7666,"name":"EF/590_S2_myst1/590_S2_myst1_00026"},{"time":0.8,"name":"EF/590_S2_myst1/590_S2_myst1_00028"},{"time":0.8333,"name":"EF/590_S2_myst1/590_S2_myst1_00030"},{"time":0.8666,"name":"EF/590_S2_myst1/590_S2_myst1_00032"},{"time":0.9,"name":"EF/590_S2_myst1/590_S2_myst1_00034"},{"time":0.9333,"name":"EF/590_S2_myst1/590_S2_myst1_00014"},{"time":0.9666,"name":"EF/590_S2_myst1/590_S2_myst1_00016"},{"time":1,"name":"EF/590_S2_myst1/590_S2_myst1_00018"},{"time":1.0333,"name":"EF/590_S2_myst1/590_S2_myst1_00020"},{"time":1.0666,"name":"EF/590_S2_myst1/590_S2_myst1_00022"}],"color":[{"time":0.5666,"color":"ffffff81","curve":"stepped"},{"time":1.0333,"color":"ffffff81"},{"time":1.1333,"color":"ffffff00"}]},"EF/590_S2_myst1/590_S2_myst1_14":{"attachment":[{"time":0.5666,"name":"EF/590_S2_myst1/590_S2_myst1_00014"},{"time":0.6,"name":"EF/590_S2_myst1/590_S2_myst1_00016"},{"time":0.6333,"name":"EF/590_S2_myst1/590_S2_myst1_00018"},{"time":0.6666,"name":"EF/590_S2_myst1/590_S2_myst1_00020"},{"time":0.7,"name":"EF/590_S2_myst1/590_S2_myst1_00022"},{"time":0.7333,"name":"EF/590_S2_myst1/590_S2_myst1_00024"},{"time":0.7666,"name":"EF/590_S2_myst1/590_S2_myst1_00026"},{"time":0.8,"name":"EF/590_S2_myst1/590_S2_myst1_00028"},{"time":0.8333,"name":"EF/590_S2_myst1/590_S2_myst1_00030"},{"time":0.8666,"name":"EF/590_S2_myst1/590_S2_myst1_00032"},{"time":0.9,"name":"EF/590_S2_myst1/590_S2_myst1_00034"},{"time":0.9333,"name":"EF/590_S2_myst1/590_S2_myst1_00014"},{"time":0.9666,"name":"EF/590_S2_myst1/590_S2_myst1_00016"},{"time":1,"name":"EF/590_S2_myst1/590_S2_myst1_00018"},{"time":1.0333,"name":"EF/590_S2_myst1/590_S2_myst1_00020"},{"time":1.0666,"name":"EF/590_S2_myst1/590_S2_myst1_00022"}],"color":[{"time":0.5666,"color":"ffffff85","curve":"stepped"},{"time":1.0333,"color":"ffffff85"},{"time":1.1333,"color":"ffffff00"}]},"EF/690_S2_rock2/690_S2_rock1_00000":{"attachment":[{"time":0.6,"name":"EF/690_S2_rock2/690_S2_rock1_00001"},{"time":0.6333,"name":"EF/690_S2_rock2/690_S2_rock1_00002"},{"time":0.6666,"name":"EF/690_S2_rock2/690_S2_rock1_00003"},{"time":0.7,"name":"EF/690_S2_rock2/690_S2_rock1_00004"},{"time":0.7333,"name":"EF/690_S2_rock2/690_S2_rock1_00005"},{"time":0.7666,"name":"EF/690_S2_rock2/690_S2_rock1_00006"},{"time":0.8,"name":"EF/690_S2_rock2/690_S2_rock1_00007"},{"time":0.8333,"name":"EF/690_S2_rock2/690_S2_rock1_00008"}],"color":[{"time":0.8333,"color":"ffffffff"},{"time":0.9,"color":"ffffff00"}]},"EF/690_S2_rock2/690_S2_rock1_0":{"attachment":[{"time":0.7333,"name":"EF/690_S2_rock2/690_S2_rock1_00001"},{"time":0.7666,"name":"EF/690_S2_rock2/690_S2_rock1_00002"},{"time":0.8,"name":"EF/690_S2_rock2/690_S2_rock1_00003"},{"time":0.8333,"name":"EF/690_S2_rock2/690_S2_rock1_00004"},{"time":0.8666,"name":"EF/690_S2_rock2/690_S2_rock1_00005"},{"time":0.9,"name":"EF/690_S2_rock2/690_S2_rock1_00006"},{"time":0.9333,"name":"EF/690_S2_rock2/690_S2_rock1_00007"},{"time":0.9666,"name":"EF/690_S2_rock2/690_S2_rock1_00008"}],"color":[{"time":0.9666,"color":"ffffffff"},{"time":1.0333,"color":"ffffff00"}]}},"bones":{"370_S1_dash1_re":{"translate":[{"time":0.5666,"x":127.83,"y":-91.53}],"scale":[{"time":0.5666,"x":1,"y":1}]},"370_S1_dash2_re":{"translate":[{"time":0.5666,"x":72.17,"y":0},{"time":0.8666,"x":-198.85,"y":0}],"scale":[{"time":0.5666,"x":0.2,"y":0.666},{"time":0.6666,"x":0.666,"y":0.666},{"time":0.8666,"x":1.266,"y":0.666}]},"420_S1_wind1_re":{"translate":[{"time":0.5666,"x":-368.74,"y":137.45}],"scale":[{"time":0.5666,"x":1.278,"y":1.396}]},"420_S2_slash1":{"rotate":[{"time":0.7666,"angle":-121.86}],"translate":[{"time":0.5666,"x":-310.8,"y":157.64,"curve":"stepped"},{"time":0.7666,"x":-251.4,"y":102.24}],"scale":[{"time":0.5666,"x":0.896,"y":1.078},{"time":0.6666,"x":1.405,"y":1.332,"curve":"stepped"},{"time":0.7666,"x":1.363,"y":-2.465}]},"420_S2_slash2":{"rotate":[{"time":0.6,"angle":-86.21,"curve":"stepped"},{"time":0.8,"angle":-3.25}],"translate":[{"time":0.6,"x":-244.54,"y":221.71},{"time":0.6666,"x":-299.89,"y":189.19,"curve":"stepped"},{"time":0.8,"x":-239.22,"y":78.63}],"scale":[{"time":0.6,"x":0.938,"y":-1.818},{"time":0.6666,"x":1.365,"y":-3.316,"curve":"stepped"},{"time":0.8,"x":1.777,"y":2.464}]},"420_S2_slash3":{"rotate":[{"time":0.6666,"angle":-124.1,"curve":"stepped"},{"time":0.8666,"angle":-25.1}],"translate":[{"time":0.6666,"x":-183.85,"y":92.25,"curve":"stepped"},{"time":0.8666,"x":-212.69,"y":69.78,"curve":"stepped"},{"time":0.9666,"x":-212.69,"y":69.78},{"time":1.0666,"x":-178.07,"y":51.3}],"scale":[{"time":0.6666,"x":1.24,"y":1.321,"curve":"stepped"},{"time":0.8666,"x":1.54,"y":2.95,"curve":"stepped"},{"time":0.9666,"x":1.54,"y":2.95,"curve":"stepped"},{"time":1.0666,"x":1.54,"y":2.95}]},"rock":{"translate":[{"time":0.6,"x":-32.49,"y":28.51},{"time":0.7,"x":-32.49,"y":52.58}],"scale":[{"time":0.6,"x":0.655,"y":0.655},{"time":0.7,"x":0.737,"y":0.737}]},"rock2":{"translate":[{"time":0.7333,"x":-249.83,"y":48.29},{"time":0.8333,"x":-250.53,"y":46.48}],"scale":[{"time":0.7333,"x":0.796,"y":0.796},{"time":0.8333,"x":0.995,"y":0.796}]},"myst":{"translate":[{"time":0.5666,"x":-90.22,"y":259.15},{"time":0.9,"x":-242.77,"y":259.15}],"scale":[{"time":0.5666,"x":1.941,"y":1.941}]},"myst2":{"translate":[{"time":0.5666,"x":-94.58,"y":98.92},{"time":0.9,"x":-252.68,"y":98.92}],"scale":[{"time":0.5666,"x":1.752,"y":1.752}]}}},"none":{}}}