{"skeleton":{"hash":"ntjPbAt2AYmVv3lxBny7k3HGGdw","spine":"3.0.12","width":0,"height":0},"bones":[{"name":"root"},{"name":"MAIN","parent":"root","y":86}],"slots":[{"name":"MAIN","bone":"MAIN","attachment":"idle_0"}],"skins":{"default":{"MAIN":{"idle_0":{"y":32.33,"width":560,"height":295},"idle_1":{"y":32.33,"width":560,"height":295},"idle_2":{"y":32.33,"width":560,"height":295},"idle_3":{"y":32.33,"width":560,"height":295}}}},"events":{"Event":{},"Hit":{},"HitEffect":{},"Sound1":{},"Sound2":{},"Sound3":{},"Voice":{}},"animations":{"idle":{"slots":{"MAIN":{"attachment":[{"time":0,"name":"idle_0"},{"time":0.2333,"name":"idle_1"},{"time":0.6,"name":"idle_2"},{"time":0.8666,"name":"idle_3"},{"time":1.1666,"name":"idle_0"}]}},"bones":{"MAIN":{"translate":[{"time":0,"x":0,"y":-11.02}]}}}}}