{"skeleton":{"hash":"ieNgt4L6N1oxeeRaWiy8Ssy2o4M","spine":"3.0.12","width":0,"height":0,"images":"./images/"},"bones":[{"name":"ef_root"},{"name":"MAIN","parent":"ef_root"},{"name":"EF_wind2","parent":"MAIN","x":456.47,"y":259.02,"color":"ff1a00ff"},{"name":"EF_wind1","parent":"MAIN","x":411.25,"y":256.08,"color":"ff1a00ff"},{"name":"EF_wave3","parent":"MAIN","x":366.2,"y":340.08,"color":"ff1a00ff"},{"name":"EF_wave2","parent":"MAIN","x":366.2,"y":340.08,"color":"ff1a00ff"},{"name":"EF_wave1","parent":"MAIN","x":366.2,"y":340.08,"color":"ff1a00ff"},{"name":"EF_rock2","parent":"MAIN","x":493.42,"y":340.49,"rotation":90,"color":"ff1a00ff"},{"name":"EF_rock1","parent":"MAIN","x":449.08,"y":341.03,"color":"ff1a00ff"},{"name":"EF_fire2_3","parent":"MAIN","x":322.8,"y":341.94,"color":"ff1a00ff"},{"name":"EF_fire2_2","parent":"MAIN","x":322.8,"y":341.94,"color":"ff1a00ff"},{"name":"EF_fire2","parent":"MAIN","x":322.8,"y":341.94,"color":"ff1a00ff"},{"name":"EF_fire1","parent":"MAIN","x":183.44,"y":342.88,"scaleX":2.823,"scaleY":2.823,"color":"ff1a00ff"},{"name":"EF_dusty3","parent":"MAIN","x":230.16,"y":343.95,"color":"ff1a00ff"},{"name":"EF_dusty2","parent":"MAIN","x":230.16,"y":343.95,"color":"ff1a00ff"},{"name":"EF_dusty","parent":"MAIN","length":1.2,"x":230.16,"y":343.95,"color":"ff1a00ff"},{"name":"EF_dome1","parent":"MAIN","x":408.63,"y":339.8,"color":"ff1a00ff"},{"name":"EF_S2_wave2","parent":"MAIN","x":379.12,"y":78.4,"color":"ff0008ff"},{"name":"EF_S2_wave1","parent":"MAIN","x":379.11,"y":78.37,"color":"ff1a00ff"},{"name":"EF_S2_fire3","parent":"MAIN","x":549.9,"y":128.98,"color":"ff1a00ff"},{"name":"EF_S2_fire2","parent":"MAIN","x":378.18,"y":128.71,"color":"ff0d00ff"},{"name":"EF_S2_fire1","parent":"MAIN","x":380.04,"y":128.98,"color":"ff1a00ff"},{"name":"EF_S1_fire3","parent":"MAIN","x":277.77,"y":341.65,"color":"ff1a00ff"},{"name":"EF_S1_fire2","parent":"MAIN","x":277.77,"y":341.65,"color":"ff1a00ff"},{"name":"EF_S1_fire","parent":"MAIN","x":277.77,"y":341.65,"color":"ff1a00ff"},{"name":"DAMAGEAREA","parent":"ef_root"}],"slots":[{"name":"EF/A2_fire1/800_A2_fire1_00001","bone":"EF_fire1","blend":"additive"},{"name":"EF/S1_dusty1/100_S1_dusty1_1","bone":"EF_dusty3","blend":"additive"},{"name":"EF/S1_dusty1/100_S1_dusty1_00000","bone":"EF_dusty","blend":"additive"},{"name":"EF/S1_dusty1/100_S1_dusty1_0","bone":"EF_dusty2","blend":"additive"},{"name":"EF/S1_fire1/800_S1_fire1_2","bone":"EF_S1_fire3","blend":"additive"},{"name":"EF/S1_fire1/800_S1_fire1_00001","bone":"EF_S1_fire","blend":"additive"},{"name":"EF/S1_fire1/800_S1_fire1_1","bone":"EF_S1_fire2","blend":"additive"},{"name":"EF/S1_fire2/800_S1_fire2_00000","bone":"EF_fire2","blend":"additive"},{"name":"EF/S1_fire2/800_S1_fire2_0","bone":"EF_fire2_2","blend":"additive"},{"name":"EF/S1_fire2/800_S1_fire2_1","bone":"EF_fire2_3","blend":"additive"},{"name":"EF/S1_wave1/100_S1_wave1_1","bone":"EF_wave3","blend":"additive"},{"name":"EF/S1_wave1/100_S1_wave1_00000","bone":"EF_wave1","blend":"additive"},{"name":"EF/S1_wave1/100_S1_wave1_0","bone":"EF_wave2","blend":"additive"},{"name":"EF/S2_dome1/800_S2_dome1_00000","bone":"EF_dome1","blend":"additive"},{"name":"EF/S2_dome1/800_S2_dome1_0","bone":"EF_dome1","blend":"additive"},{"name":"EF/S2_fire1/800_S2_fire1_8","bone":"EF_S2_fire1","blend":"screen"},{"name":"EF/S2_fire1/800_S2_fire1_9","bone":"EF_S2_fire3","blend":"screen"},{"name":"EF/S2_fire1/800_S2_fire1_00008","bone":"EF_S2_fire1","blend":"screen"},{"name":"EF/S2_fire1/800_S2_fire1_10","bone":"EF_S2_fire3","blend":"screen"},{"name":"EF/S2_fire2/800_S2_fire2_00002","bone":"EF_S2_fire2","blend":"screen"},{"name":"EF/S2_rock1/690_S2_rock1_00000","bone":"EF_rock1"},{"name":"EF/S2_rock2/690_S2_rock2_00001","bone":"EF_rock2"},{"name":"EF/S2_wave1/800_S2_wave1_00001","bone":"EF_S2_wave1","blend":"additive"},{"name":"EF/S2_wave1/800_S2_wave1_1","bone":"EF_S2_wave2","blend":"additive"},{"name":"EF/wind2/9020_wind2_00000","bone":"EF_wind1","blend":"additive"},{"name":"EF/wind4/9020_wind4_00005","bone":"EF_wind2","blend":"additive"},{"name":"DAMAGEAREA","bone":"DAMAGEAREA"}],"skins":{"default":{"DAMAGEAREA":{"DAMAGEAREA":{"type":"boundingbox","vertices":[-98.68826,-97.71214,98.14272,-97.23324,98.62164,99.11884,-97.73043,98.63992,0,0,0,0,0,0,0,0]}},"EF/A2_fire1/800_A2_fire1_00001":{"EF/A2_fire1/800_A2_fire1_00001":{"x":1.9,"y":0.1,"scaleX":0.354,"scaleY":0.354,"width":160,"height":160},"EF/A2_fire1/800_A2_fire1_00003":{"x":1.9,"y":0.1,"scaleX":0.354,"scaleY":0.354,"width":160,"height":160},"EF/A2_fire1/800_A2_fire1_00005":{"x":1.9,"y":0.1,"scaleX":0.354,"scaleY":0.354,"width":160,"height":160},"EF/A2_fire1/800_A2_fire1_00007":{"x":1.9,"y":0.1,"scaleX":0.354,"scaleY":0.354,"width":160,"height":160},"EF/A2_fire1/800_A2_fire1_00009":{"x":1.9,"y":0.1,"scaleX":0.354,"scaleY":0.354,"width":160,"height":160},"EF/A2_fire1/800_A2_fire1_00011":{"x":1.9,"y":0.1,"scaleX":0.354,"scaleY":0.354,"width":160,"height":160},"EF/A2_fire1/800_A2_fire1_00013":{"x":1.9,"y":0.1,"scaleX":0.354,"scaleY":0.354,"width":160,"height":160},"EF/A2_fire1/800_A2_fire1_00015":{"x":1.9,"y":0.1,"scaleX":0.354,"scaleY":0.354,"width":160,"height":160},"EF/A2_fire1/800_A2_fire1_00016":{"x":1.9,"y":0.1,"scaleX":0.354,"scaleY":0.354,"width":160,"height":160},"EF/A2_fire1/800_A2_fire1_00017":{"x":1.9,"y":0.1,"scaleX":0.354,"scaleY":0.354,"width":160,"height":160},"EF/A2_fire1/800_A2_fire1_00018":{"x":1.9,"y":0.1,"scaleX":0.354,"scaleY":0.354,"width":160,"height":160},"EF/A2_fire1/800_A2_fire1_00019":{"x":1.9,"y":0.1,"scaleX":0.354,"scaleY":0.354,"width":160,"height":160}},"EF/S1_dusty1/100_S1_dusty1_0":{"EF/S1_dusty1/100_S1_dusty1_00000":{"x":4,"y":1.52,"width":200,"height":200},"EF/S1_dusty1/100_S1_dusty1_00002":{"x":4,"y":1.52,"width":200,"height":200},"EF/S1_dusty1/100_S1_dusty1_00004":{"x":4,"y":1.52,"width":200,"height":200},"EF/S1_dusty1/100_S1_dusty1_00006":{"x":4,"y":1.52,"width":200,"height":200},"EF/S1_dusty1/100_S1_dusty1_00008":{"x":4,"y":1.52,"width":200,"height":200},"EF/S1_dusty1/100_S1_dusty1_00010":{"x":4,"y":1.52,"width":200,"height":200},"EF/S1_dusty1/100_S1_dusty1_00012":{"x":4,"y":1.52,"width":200,"height":200},"EF/S1_dusty1/100_S1_dusty1_00014":{"x":4,"y":1.52,"width":200,"height":200}},"EF/S1_dusty1/100_S1_dusty1_00000":{"EF/S1_dusty1/100_S1_dusty1_00000":{"x":4,"y":1.52,"width":200,"height":200},"EF/S1_dusty1/100_S1_dusty1_00002":{"x":4,"y":1.52,"width":200,"height":200},"EF/S1_dusty1/100_S1_dusty1_00004":{"x":4,"y":1.52,"width":200,"height":200},"EF/S1_dusty1/100_S1_dusty1_00006":{"x":4,"y":1.52,"width":200,"height":200},"EF/S1_dusty1/100_S1_dusty1_00008":{"x":4,"y":1.52,"width":200,"height":200},"EF/S1_dusty1/100_S1_dusty1_00010":{"x":4,"y":1.52,"width":200,"height":200},"EF/S1_dusty1/100_S1_dusty1_00012":{"x":4,"y":1.52,"width":200,"height":200},"EF/S1_dusty1/100_S1_dusty1_00014":{"x":4,"y":1.52,"width":200,"height":200}},"EF/S1_dusty1/100_S1_dusty1_1":{"EF/S1_dusty1/100_S1_dusty1_00000":{"x":4,"y":1.52,"width":200,"height":200},"EF/S1_dusty1/100_S1_dusty1_00002":{"x":4,"y":1.52,"width":200,"height":200},"EF/S1_dusty1/100_S1_dusty1_00004":{"x":4,"y":1.52,"width":200,"height":200},"EF/S1_dusty1/100_S1_dusty1_00006":{"x":4,"y":1.52,"width":200,"height":200},"EF/S1_dusty1/100_S1_dusty1_00008":{"x":4,"y":1.52,"width":200,"height":200},"EF/S1_dusty1/100_S1_dusty1_00010":{"x":4,"y":1.52,"width":200,"height":200},"EF/S1_dusty1/100_S1_dusty1_00012":{"x":4,"y":1.52,"width":200,"height":200},"EF/S1_dusty1/100_S1_dusty1_00014":{"x":4,"y":1.52,"width":200,"height":200}},"EF/S1_fire1/800_S1_fire1_00001":{"EF/S1_fire1/800_S1_fire1_00001":{"x":4.24,"y":3.08,"width":200,"height":200},"EF/S1_fire1/800_S1_fire1_00002":{"x":4.24,"y":3.08,"width":200,"height":200},"EF/S1_fire1/800_S1_fire1_00003":{"x":4.24,"y":3.08,"width":200,"height":200},"EF/S1_fire1/800_S1_fire1_00004":{"x":4.24,"y":3.08,"width":200,"height":200},"EF/S1_fire1/800_S1_fire1_00005":{"x":4.24,"y":3.08,"width":200,"height":200},"EF/S1_fire1/800_S1_fire1_00006":{"x":4.24,"y":3.08,"width":200,"height":200},"EF/S1_fire1/800_S1_fire1_00007":{"x":4.24,"y":3.08,"width":200,"height":200},"EF/S1_fire1/800_S1_fire1_00008":{"x":4.24,"y":3.08,"width":200,"height":200},"EF/S1_fire1/800_S1_fire1_00009":{"x":4.24,"y":3.08,"width":200,"height":200},"EF/S1_fire1/800_S1_fire1_00010":{"x":4.24,"y":3.08,"width":200,"height":200},"EF/S1_fire1/800_S1_fire1_00011":{"x":4.24,"y":3.08,"width":200,"height":200},"EF/S1_fire1/800_S1_fire1_00012":{"x":4.24,"y":3.08,"width":200,"height":200},"EF/S1_fire1/800_S1_fire1_00013":{"x":4.24,"y":3.08,"width":200,"height":200}},"EF/S1_fire1/800_S1_fire1_1":{"EF/S1_fire1/800_S1_fire1_00001":{"x":4.24,"y":3.08,"width":200,"height":200},"EF/S1_fire1/800_S1_fire1_00002":{"x":4.24,"y":3.08,"width":200,"height":200},"EF/S1_fire1/800_S1_fire1_00003":{"x":4.24,"y":3.08,"width":200,"height":200},"EF/S1_fire1/800_S1_fire1_00004":{"x":4.24,"y":3.08,"width":200,"height":200},"EF/S1_fire1/800_S1_fire1_00005":{"x":4.24,"y":3.08,"width":200,"height":200},"EF/S1_fire1/800_S1_fire1_00006":{"x":4.24,"y":3.08,"width":200,"height":200},"EF/S1_fire1/800_S1_fire1_00007":{"x":4.24,"y":3.08,"width":200,"height":200},"EF/S1_fire1/800_S1_fire1_00008":{"x":4.24,"y":3.08,"width":200,"height":200},"EF/S1_fire1/800_S1_fire1_00009":{"x":4.24,"y":3.08,"width":200,"height":200},"EF/S1_fire1/800_S1_fire1_00010":{"x":4.24,"y":3.08,"width":200,"height":200},"EF/S1_fire1/800_S1_fire1_00011":{"x":4.24,"y":3.08,"width":200,"height":200},"EF/S1_fire1/800_S1_fire1_00012":{"x":4.24,"y":3.08,"width":200,"height":200},"EF/S1_fire1/800_S1_fire1_00013":{"x":4.24,"y":3.08,"width":200,"height":200}},"EF/S1_fire1/800_S1_fire1_2":{"EF/S1_fire1/800_S1_fire1_00001":{"x":4.24,"y":3.08,"width":200,"height":200},"EF/S1_fire1/800_S1_fire1_00002":{"x":4.24,"y":3.08,"width":200,"height":200},"EF/S1_fire1/800_S1_fire1_00003":{"x":4.24,"y":3.08,"width":200,"height":200},"EF/S1_fire1/800_S1_fire1_00004":{"x":4.24,"y":3.08,"width":200,"height":200},"EF/S1_fire1/800_S1_fire1_00005":{"x":4.24,"y":3.08,"width":200,"height":200},"EF/S1_fire1/800_S1_fire1_00006":{"x":4.24,"y":3.08,"width":200,"height":200},"EF/S1_fire1/800_S1_fire1_00007":{"x":4.24,"y":3.08,"width":200,"height":200},"EF/S1_fire1/800_S1_fire1_00008":{"x":4.24,"y":3.08,"width":200,"height":200},"EF/S1_fire1/800_S1_fire1_00009":{"x":4.24,"y":3.08,"width":200,"height":200},"EF/S1_fire1/800_S1_fire1_00010":{"x":4.24,"y":3.08,"width":200,"height":200},"EF/S1_fire1/800_S1_fire1_00011":{"x":4.24,"y":3.08,"width":200,"height":200},"EF/S1_fire1/800_S1_fire1_00012":{"x":4.24,"y":3.08,"width":200,"height":200},"EF/S1_fire1/800_S1_fire1_00013":{"x":4.24,"y":3.08,"width":200,"height":200}},"EF/S1_fire2/800_S1_fire2_0":{"EF/S1_fire2/800_S1_fire2_00000":{"x":-0.06,"y":17.53,"width":200,"height":200},"EF/S1_fire2/800_S1_fire2_00002":{"x":-0.06,"y":17.53,"width":200,"height":200},"EF/S1_fire2/800_S1_fire2_00004":{"x":-0.06,"y":17.53,"width":200,"height":200},"EF/S1_fire2/800_S1_fire2_00005":{"x":-0.06,"y":17.53,"width":200,"height":200},"EF/S1_fire2/800_S1_fire2_00006":{"x":-0.06,"y":17.53,"width":200,"height":200},"EF/S1_fire2/800_S1_fire2_00008":{"x":-0.06,"y":17.53,"width":200,"height":200},"EF/S1_fire2/800_S1_fire2_00009":{"x":-0.06,"y":17.53,"width":200,"height":200},"EF/S1_fire2/800_S1_fire2_00010":{"x":-0.06,"y":17.53,"width":200,"height":200},"EF/S1_fire2/800_S1_fire2_00011":{"x":-0.06,"y":17.53,"width":200,"height":200},"EF/S1_fire2/800_S1_fire2_00012":{"x":-0.06,"y":17.53,"width":200,"height":200}},"EF/S1_fire2/800_S1_fire2_00000":{"EF/S1_fire2/800_S1_fire2_00000":{"x":-0.06,"y":17.53,"width":200,"height":200},"EF/S1_fire2/800_S1_fire2_00002":{"x":-0.06,"y":17.53,"width":200,"height":200},"EF/S1_fire2/800_S1_fire2_00004":{"x":-0.06,"y":17.53,"width":200,"height":200},"EF/S1_fire2/800_S1_fire2_00005":{"x":-0.06,"y":17.53,"width":200,"height":200},"EF/S1_fire2/800_S1_fire2_00006":{"x":-0.06,"y":17.53,"width":200,"height":200},"EF/S1_fire2/800_S1_fire2_00008":{"x":-0.06,"y":17.53,"width":200,"height":200},"EF/S1_fire2/800_S1_fire2_00009":{"x":-0.06,"y":17.53,"width":200,"height":200},"EF/S1_fire2/800_S1_fire2_00010":{"x":-0.06,"y":17.53,"width":200,"height":200},"EF/S1_fire2/800_S1_fire2_00011":{"x":-0.06,"y":17.53,"width":200,"height":200},"EF/S1_fire2/800_S1_fire2_00012":{"x":-0.06,"y":17.53,"width":200,"height":200}},"EF/S1_fire2/800_S1_fire2_1":{"EF/S1_fire2/800_S1_fire2_00000":{"x":-0.06,"y":17.53,"width":200,"height":200},"EF/S1_fire2/800_S1_fire2_00002":{"x":-0.06,"y":17.53,"width":200,"height":200},"EF/S1_fire2/800_S1_fire2_00004":{"x":-0.06,"y":17.53,"width":200,"height":200},"EF/S1_fire2/800_S1_fire2_00005":{"x":-0.06,"y":17.53,"width":200,"height":200},"EF/S1_fire2/800_S1_fire2_00006":{"x":-0.06,"y":17.53,"width":200,"height":200},"EF/S1_fire2/800_S1_fire2_00008":{"x":-0.06,"y":17.53,"width":200,"height":200},"EF/S1_fire2/800_S1_fire2_00009":{"x":-0.06,"y":17.53,"width":200,"height":200},"EF/S1_fire2/800_S1_fire2_00010":{"x":-0.06,"y":17.53,"width":200,"height":200},"EF/S1_fire2/800_S1_fire2_00011":{"x":-0.06,"y":17.53,"width":200,"height":200},"EF/S1_fire2/800_S1_fire2_00012":{"x":-0.06,"y":17.53,"width":200,"height":200}},"EF/S1_wave1/100_S1_wave1_0":{"EF/S1_wave1/100_S1_wave1_00000":{"x":0.93,"y":8.89,"width":160,"height":160},"EF/S1_wave1/100_S1_wave1_00002":{"x":0.93,"y":8.89,"width":160,"height":160},"EF/S1_wave1/100_S1_wave1_00004":{"x":0.93,"y":8.89,"width":160,"height":160},"EF/S1_wave1/100_S1_wave1_00006":{"x":0.93,"y":8.89,"width":160,"height":160},"EF/S1_wave1/100_S1_wave1_00008":{"x":0.93,"y":8.89,"width":160,"height":160},"EF/S1_wave1/100_S1_wave1_00010":{"x":0.93,"y":8.89,"width":160,"height":160},"EF/S1_wave1/100_S1_wave1_00012":{"x":0.93,"y":8.89,"width":160,"height":160}},"EF/S1_wave1/100_S1_wave1_00000":{"EF/S1_wave1/100_S1_wave1_00000":{"x":0.93,"y":8.89,"width":160,"height":160},"EF/S1_wave1/100_S1_wave1_00002":{"x":0.93,"y":8.89,"width":160,"height":160},"EF/S1_wave1/100_S1_wave1_00004":{"x":0.93,"y":8.89,"width":160,"height":160},"EF/S1_wave1/100_S1_wave1_00006":{"x":0.93,"y":8.89,"width":160,"height":160},"EF/S1_wave1/100_S1_wave1_00008":{"x":0.93,"y":8.89,"width":160,"height":160},"EF/S1_wave1/100_S1_wave1_00010":{"x":0.93,"y":8.89,"width":160,"height":160},"EF/S1_wave1/100_S1_wave1_00012":{"x":0.93,"y":8.89,"width":160,"height":160}},"EF/S1_wave1/100_S1_wave1_1":{"EF/S1_wave1/100_S1_wave1_00000":{"x":0.93,"y":8.89,"width":160,"height":160},"EF/S1_wave1/100_S1_wave1_00002":{"x":0.93,"y":8.89,"width":160,"height":160},"EF/S1_wave1/100_S1_wave1_00004":{"x":0.93,"y":8.89,"width":160,"height":160},"EF/S1_wave1/100_S1_wave1_00006":{"x":0.93,"y":8.89,"width":160,"height":160},"EF/S1_wave1/100_S1_wave1_00008":{"x":0.93,"y":8.89,"width":160,"height":160},"EF/S1_wave1/100_S1_wave1_00010":{"x":0.93,"y":8.89,"width":160,"height":160},"EF/S1_wave1/100_S1_wave1_00012":{"x":0.93,"y":8.89,"width":160,"height":160}},"EF/S2_dome1/800_S2_dome1_0":{"EF/S2_dome1/800_S2_dome1_00000":{"x":4.94,"y":8.24,"width":200,"height":200},"EF/S2_dome1/800_S2_dome1_00001":{"x":4.94,"y":8.24,"width":200,"height":200},"EF/S2_dome1/800_S2_dome1_00002":{"x":4.94,"y":8.24,"width":200,"height":200},"EF/S2_dome1/800_S2_dome1_00003":{"x":4.94,"y":8.24,"width":200,"height":200},"EF/S2_dome1/800_S2_dome1_00009":{"x":4.94,"y":8.24,"width":200,"height":200},"EF/S2_dome1/800_S2_dome1_00011":{"x":4.94,"y":8.24,"width":200,"height":200},"EF/S2_dome1/800_S2_dome1_00013":{"x":4.94,"y":8.24,"width":200,"height":200},"EF/S2_dome1/800_S2_dome1_00015":{"x":4.94,"y":8.24,"width":200,"height":200},"EF/S2_dome1/800_S2_dome1_00017":{"x":4.94,"y":8.24,"width":200,"height":200}},"EF/S2_dome1/800_S2_dome1_00000":{"EF/S2_dome1/800_S2_dome1_00000":{"x":4.94,"y":8.24,"width":200,"height":200},"EF/S2_dome1/800_S2_dome1_00001":{"x":4.94,"y":8.24,"width":200,"height":200},"EF/S2_dome1/800_S2_dome1_00002":{"x":4.94,"y":8.24,"width":200,"height":200},"EF/S2_dome1/800_S2_dome1_00003":{"x":4.94,"y":8.24,"width":200,"height":200},"EF/S2_dome1/800_S2_dome1_00009":{"x":4.94,"y":8.24,"width":200,"height":200},"EF/S2_dome1/800_S2_dome1_00011":{"x":4.94,"y":8.24,"width":200,"height":200},"EF/S2_dome1/800_S2_dome1_00013":{"x":4.94,"y":8.24,"width":200,"height":200},"EF/S2_dome1/800_S2_dome1_00015":{"x":4.94,"y":8.24,"width":200,"height":200},"EF/S2_dome1/800_S2_dome1_00017":{"x":4.94,"y":8.24,"width":200,"height":200}},"EF/S2_fire1/800_S2_fire1_00008":{"EF/S2_fire1/800_S2_fire1_00008":{"x":-1.65,"y":0.89,"width":200,"height":200},"EF/S2_fire1/800_S2_fire1_00010":{"x":-1.65,"y":0.89,"width":200,"height":200},"EF/S2_fire1/800_S2_fire1_00012":{"x":-1.65,"y":0.89,"width":200,"height":200},"EF/S2_fire1/800_S2_fire1_00014":{"x":-1.65,"y":0.89,"width":200,"height":200},"EF/S2_fire1/800_S2_fire1_00016":{"x":-1.65,"y":0.89,"width":200,"height":200},"EF/S2_fire1/800_S2_fire1_00018":{"x":-1.65,"y":0.89,"width":200,"height":200},"EF/S2_fire1/800_S2_fire1_00020":{"x":-1.65,"y":0.89,"width":200,"height":200},"EF/S2_fire1/800_S2_fire1_00022":{"x":-1.65,"y":0.89,"width":200,"height":200},"EF/S2_fire1/800_S2_fire1_00024":{"x":-1.65,"y":0.89,"width":200,"height":200},"EF/S2_fire1/800_S2_fire1_00026":{"x":-1.65,"y":0.89,"width":200,"height":200}},"EF/S2_fire1/800_S2_fire1_10":{"EF/S2_fire1/800_S2_fire1_00008":{"x":-1.65,"y":0.89,"width":200,"height":200},"EF/S2_fire1/800_S2_fire1_00010":{"x":-1.65,"y":0.89,"width":200,"height":200},"EF/S2_fire1/800_S2_fire1_00012":{"x":-1.65,"y":0.89,"width":200,"height":200},"EF/S2_fire1/800_S2_fire1_00014":{"x":-1.65,"y":0.89,"width":200,"height":200},"EF/S2_fire1/800_S2_fire1_00016":{"x":-1.65,"y":0.89,"width":200,"height":200},"EF/S2_fire1/800_S2_fire1_00018":{"x":-1.65,"y":0.89,"width":200,"height":200},"EF/S2_fire1/800_S2_fire1_00020":{"x":-1.65,"y":0.89,"width":200,"height":200},"EF/S2_fire1/800_S2_fire1_00022":{"x":-1.65,"y":0.89,"width":200,"height":200},"EF/S2_fire1/800_S2_fire1_00024":{"x":-1.65,"y":0.89,"width":200,"height":200},"EF/S2_fire1/800_S2_fire1_00026":{"x":-1.65,"y":0.89,"width":200,"height":200}},"EF/S2_fire1/800_S2_fire1_8":{"EF/S2_fire1/800_S2_fire1_00008":{"x":-1.65,"y":0.89,"width":200,"height":200},"EF/S2_fire1/800_S2_fire1_00010":{"x":-1.65,"y":0.89,"width":200,"height":200},"EF/S2_fire1/800_S2_fire1_00012":{"x":-1.65,"y":0.89,"width":200,"height":200},"EF/S2_fire1/800_S2_fire1_00014":{"x":-1.65,"y":0.89,"width":200,"height":200},"EF/S2_fire1/800_S2_fire1_00016":{"x":-1.65,"y":0.89,"width":200,"height":200},"EF/S2_fire1/800_S2_fire1_00018":{"x":-1.65,"y":0.89,"width":200,"height":200},"EF/S2_fire1/800_S2_fire1_00020":{"x":-1.65,"y":0.89,"width":200,"height":200},"EF/S2_fire1/800_S2_fire1_00022":{"x":-1.65,"y":0.89,"width":200,"height":200},"EF/S2_fire1/800_S2_fire1_00024":{"x":-1.65,"y":0.89,"width":200,"height":200},"EF/S2_fire1/800_S2_fire1_00026":{"x":-1.65,"y":0.89,"width":200,"height":200}},"EF/S2_fire1/800_S2_fire1_9":{"EF/S2_fire1/800_S2_fire1_00008":{"x":-1.65,"y":0.89,"width":200,"height":200},"EF/S2_fire1/800_S2_fire1_00010":{"x":-1.65,"y":0.89,"width":200,"height":200},"EF/S2_fire1/800_S2_fire1_00012":{"x":-1.65,"y":0.89,"width":200,"height":200},"EF/S2_fire1/800_S2_fire1_00014":{"x":-1.65,"y":0.89,"width":200,"height":200},"EF/S2_fire1/800_S2_fire1_00016":{"x":-1.65,"y":0.89,"width":200,"height":200},"EF/S2_fire1/800_S2_fire1_00018":{"x":-1.65,"y":0.89,"width":200,"height":200},"EF/S2_fire1/800_S2_fire1_00020":{"x":-1.65,"y":0.89,"width":200,"height":200},"EF/S2_fire1/800_S2_fire1_00022":{"x":-1.65,"y":0.89,"width":200,"height":200},"EF/S2_fire1/800_S2_fire1_00024":{"x":-1.65,"y":0.89,"width":200,"height":200},"EF/S2_fire1/800_S2_fire1_00026":{"x":-1.65,"y":0.89,"width":200,"height":200}},"EF/S2_fire2/800_S2_fire2_00002":{"EF/S2_fire2/800_S2_fire2_00002":{"x":0.15,"y":3.04,"width":120,"height":120},"EF/S2_fire2/800_S2_fire2_00004":{"x":0.15,"y":3.04,"width":120,"height":120},"EF/S2_fire2/800_S2_fire2_00006":{"x":0.15,"y":3.04,"width":120,"height":120},"EF/S2_fire2/800_S2_fire2_00008":{"x":0.15,"y":3.04,"width":120,"height":120},"EF/S2_fire2/800_S2_fire2_00010":{"x":0.15,"y":3.04,"width":120,"height":120},"EF/S2_fire2/800_S2_fire2_00012":{"x":0.15,"y":3.04,"width":120,"height":120},"EF/S2_fire2/800_S2_fire2_00014":{"x":0.15,"y":3.04,"width":120,"height":120},"EF/S2_fire2/800_S2_fire2_00016":{"x":0.15,"y":3.04,"width":120,"height":120},"EF/S2_fire2/800_S2_fire2_00018":{"x":0.15,"y":3.04,"width":120,"height":120},"EF/S2_fire2/800_S2_fire2_00020":{"x":0.15,"y":3.04,"width":120,"height":120},"EF/S2_fire2/800_S2_fire2_00022":{"x":0.15,"y":3.04,"width":120,"height":120},"EF/S2_fire2/800_S2_fire2_00024":{"x":0.15,"y":3.04,"width":120,"height":120},"EF/S2_fire2/800_S2_fire2_00026":{"x":0.15,"y":3.04,"width":120,"height":120},"EF/S2_fire2/800_S2_fire2_00028":{"x":0.15,"y":3.04,"width":120,"height":120},"EF/S2_fire2/800_S2_fire2_00030":{"x":0.15,"y":3.04,"width":120,"height":120},"EF/S2_fire2/800_S2_fire2_00032":{"x":0.15,"y":3.04,"width":120,"height":120},"EF/S2_fire2/800_S2_fire2_00034":{"x":0.15,"y":3.04,"width":120,"height":120},"EF/S2_fire2/800_S2_fire2_00036":{"x":0.15,"y":3.04,"width":120,"height":120},"EF/S2_fire2/800_S2_fire2_00082":{"x":0.15,"y":3.04,"width":120,"height":120},"EF/S2_fire2/800_S2_fire2_00096":{"x":0.15,"y":3.04,"width":120,"height":120}},"EF/S2_rock1/690_S2_rock1_00000":{"EF/S2_rock1/690_S2_rock1_00000":{"x":4.06,"y":10.66,"width":96,"height":96},"EF/S2_rock1/690_S2_rock1_00004":{"x":4.06,"y":10.66,"width":96,"height":96},"EF/S2_rock1/690_S2_rock1_00006":{"x":4.06,"y":10.66,"width":96,"height":96}},"EF/S2_rock2/690_S2_rock2_00001":{"EF/S2_rock2/690_S2_rock2_00001":{"x":0.8,"y":0.78,"width":230,"height":230},"EF/S2_rock2/690_S2_rock2_00003":{"x":0.8,"y":0.78,"width":230,"height":230},"EF/S2_rock2/690_S2_rock2_00007":{"x":0.8,"y":0.78,"width":230,"height":230}},"EF/S2_wave1/800_S2_wave1_00001":{"EF/S2_wave1/800_S2_wave1_00001":{"x":1.54,"y":3.82,"width":160,"height":160},"EF/S2_wave1/800_S2_wave1_00002":{"x":1.54,"y":3.82,"width":160,"height":160},"EF/S2_wave1/800_S2_wave1_00003":{"x":1.54,"y":3.82,"width":160,"height":160},"EF/S2_wave1/800_S2_wave1_00004":{"x":1.54,"y":3.82,"width":160,"height":160},"EF/S2_wave1/800_S2_wave1_00006":{"x":1.54,"y":3.82,"width":160,"height":160},"EF/S2_wave1/800_S2_wave1_00008":{"x":1.54,"y":3.82,"width":160,"height":160},"EF/S2_wave1/800_S2_wave1_00010":{"x":1.54,"y":3.82,"width":160,"height":160},"EF/S2_wave1/800_S2_wave1_00012":{"x":1.54,"y":3.82,"width":160,"height":160}},"EF/S2_wave1/800_S2_wave1_1":{"EF/S2_wave1/800_S2_wave1_00001":{"x":-0.09,"y":3.82,"width":160,"height":160},"EF/S2_wave1/800_S2_wave1_00002":{"x":-0.09,"y":3.82,"width":160,"height":160},"EF/S2_wave1/800_S2_wave1_00003":{"x":-0.09,"y":3.82,"width":160,"height":160},"EF/S2_wave1/800_S2_wave1_00004":{"x":-0.09,"y":3.82,"width":160,"height":160},"EF/S2_wave1/800_S2_wave1_00006":{"x":-0.09,"y":3.82,"width":160,"height":160},"EF/S2_wave1/800_S2_wave1_00008":{"x":-0.09,"y":3.82,"width":160,"height":160},"EF/S2_wave1/800_S2_wave1_00010":{"x":-0.09,"y":3.82,"width":160,"height":160},"EF/S2_wave1/800_S2_wave1_00012":{"x":-0.09,"y":3.82,"width":160,"height":160}},"EF/wind2/9020_wind2_00000":{"EF/wind2/9020_wind2_00000":{"x":-0.74,"y":-0.91,"width":134,"height":134},"EF/wind2/9020_wind2_00002":{"x":-0.74,"y":-0.91,"width":134,"height":134},"EF/wind2/9020_wind2_00004":{"x":-0.74,"y":-0.91,"width":134,"height":134},"EF/wind2/9020_wind2_00006":{"x":-0.74,"y":-0.91,"width":134,"height":134},"EF/wind2/9020_wind2_00008":{"x":-0.74,"y":-0.91,"width":134,"height":134}},"EF/wind4/9020_wind4_00005":{"EF/wind4/9020_wind4_00005":{"x":-0.3,"y":3.02,"width":102,"height":182},"EF/wind4/9020_wind4_00006":{"x":-0.3,"y":3.02,"width":102,"height":182},"EF/wind4/9020_wind4_00007":{"x":-0.3,"y":3.02,"width":102,"height":182},"EF/wind4/9020_wind4_00008":{"x":-0.3,"y":3.02,"width":102,"height":182},"EF/wind4/9020_wind4_00009":{"x":-0.3,"y":3.02,"width":102,"height":182}}}},"events":{"EFEvent":{},"EFHit":{},"EFHitEffect":{}},"animations":{"1-attack1":{"slots":{"EF/A2_fire1/800_A2_fire1_00001":{"attachment":[{"time":0.6333,"name":"EF/A2_fire1/800_A2_fire1_00001"},{"time":0.6666,"name":"EF/A2_fire1/800_A2_fire1_00003"},{"time":0.7333,"name":"EF/A2_fire1/800_A2_fire1_00005"},{"time":0.8,"name":"EF/A2_fire1/800_A2_fire1_00007"},{"time":0.8666,"name":"EF/A2_fire1/800_A2_fire1_00009"},{"time":0.9333,"name":"EF/A2_fire1/800_A2_fire1_00011"},{"time":1,"name":"EF/A2_fire1/800_A2_fire1_00013"},{"time":1.0666,"name":"EF/A2_fire1/800_A2_fire1_00015"},{"time":1.1333,"name":"EF/A2_fire1/800_A2_fire1_00016"},{"time":1.2,"name":"EF/A2_fire1/800_A2_fire1_00017"},{"time":1.2333,"name":"EF/A2_fire1/800_A2_fire1_00018"},{"time":1.2666,"name":"EF/A2_fire1/800_A2_fire1_00019"},{"time":1.3,"name":null}]},"EF/S1_fire2/800_S1_fire2_00000":{"attachment":[{"time":1.1333,"name":"EF/S1_fire2/800_S1_fire2_00000"},{"time":1.2,"name":"EF/S1_fire2/800_S1_fire2_00002"},{"time":1.2666,"name":"EF/S1_fire2/800_S1_fire2_00004"},{"time":1.3333,"name":"EF/S1_fire2/800_S1_fire2_00005"},{"time":1.4,"name":"EF/S1_fire2/800_S1_fire2_00006"},{"time":1.4666,"name":"EF/S1_fire2/800_S1_fire2_00008"},{"time":1.5333,"name":"EF/S1_fire2/800_S1_fire2_00009"},{"time":1.6,"name":"EF/S1_fire2/800_S1_fire2_00010"},{"time":1.6666,"name":"EF/S1_fire2/800_S1_fire2_00011"},{"time":1.7333,"name":"EF/S1_fire2/800_S1_fire2_00012"},{"time":1.7666,"name":null}]}},"bones":{"EF_fire1":{"translate":[{"time":0.6333,"x":-361.91,"y":-224.68}],"scale":[{"time":0.6333,"x":3.778,"y":3.778}]},"EF_fire2":{"translate":[{"time":1.1333,"x":-551.37,"y":-288.89}],"scale":[{"time":1.1333,"x":2.768,"y":2.768}]}}},"1-skill1":{},"1-skill2":{},"bigmeteor":{"slots":{"DAMAGEAREA":{"attachment":[{"time":4.0666,"name":"DAMAGEAREA"},{"time":4.9333,"name":null}]},"EF/S1_dusty1/100_S1_dusty1_00000":{"attachment":[{"time":4.3,"name":"EF/S1_dusty1/100_S1_dusty1_00000"},{"time":4.3666,"name":"EF/S1_dusty1/100_S1_dusty1_00002"},{"time":4.4333,"name":"EF/S1_dusty1/100_S1_dusty1_00004"},{"time":4.5,"name":"EF/S1_dusty1/100_S1_dusty1_00006"},{"time":4.5666,"name":"EF/S1_dusty1/100_S1_dusty1_00008"},{"time":4.6333,"name":"EF/S1_dusty1/100_S1_dusty1_00010"},{"time":4.7333,"name":"EF/S1_dusty1/100_S1_dusty1_00012"},{"time":4.8333,"name":"EF/S1_dusty1/100_S1_dusty1_00014"},{"time":4.9333,"name":null}]},"EF/S1_dusty1/100_S1_dusty1_0":{"attachment":[{"time":4.4333,"name":"EF/S1_dusty1/100_S1_dusty1_00006"},{"time":4.5333,"name":"EF/S1_dusty1/100_S1_dusty1_00008"},{"time":4.6333,"name":"EF/S1_dusty1/100_S1_dusty1_00010"},{"time":4.7333,"name":"EF/S1_dusty1/100_S1_dusty1_00012"},{"time":4.8333,"name":"EF/S1_dusty1/100_S1_dusty1_00014"},{"time":4.9333,"name":null}]},"EF/S1_dusty1/100_S1_dusty1_1":{"attachment":[{"time":4.6666,"name":"EF/S1_dusty1/100_S1_dusty1_00006"},{"time":4.7666,"name":"EF/S1_dusty1/100_S1_dusty1_00008"},{"time":4.8666,"name":"EF/S1_dusty1/100_S1_dusty1_00010"},{"time":4.9666,"name":"EF/S1_dusty1/100_S1_dusty1_00012"},{"time":5.0666,"name":"EF/S1_dusty1/100_S1_dusty1_00014"},{"time":5.3,"name":null}],"color":[{"time":4.9666,"color":"ffffffff"},{"time":5.1,"color":"ffffff00"}]},"EF/S1_fire2/800_S1_fire2_00000":{"attachment":[{"time":0.8666,"name":null}]},"EF/S1_fire2/800_S1_fire2_0":{"attachment":[{"time":0.8666,"name":null}]},"EF/S1_fire2/800_S1_fire2_1":{"attachment":[{"time":0.8666,"name":null}]},"EF/S2_dome1/800_S2_dome1_00000":{"attachment":[{"time":4,"name":"EF/S2_dome1/800_S2_dome1_00000"},{"time":4.0666,"name":"EF/S2_dome1/800_S2_dome1_00001"},{"time":4.1333,"name":"EF/S2_dome1/800_S2_dome1_00002"},{"time":4.2,"name":"EF/S2_dome1/800_S2_dome1_00003"},{"time":4.2666,"name":"EF/S2_dome1/800_S2_dome1_00009"},{"time":4.3333,"name":"EF/S2_dome1/800_S2_dome1_00011"},{"time":4.4,"name":"EF/S2_dome1/800_S2_dome1_00013"},{"time":4.4666,"name":"EF/S2_dome1/800_S2_dome1_00015"},{"time":4.5333,"name":"EF/S2_dome1/800_S2_dome1_00009"},{"time":4.6,"name":"EF/S2_dome1/800_S2_dome1_00011"},{"time":4.6666,"name":"EF/S2_dome1/800_S2_dome1_00013"},{"time":4.7333,"name":"EF/S2_dome1/800_S2_dome1_00015"},{"time":4.8,"name":"EF/S2_dome1/800_S2_dome1_00017"},{"time":4.8666,"name":null}],"color":[{"time":4,"color":"ffffff00"},{"time":4.1333,"color":"ffffffff"}]},"EF/S2_dome1/800_S2_dome1_0":{"attachment":[{"time":4.3333,"name":"EF/S2_dome1/800_S2_dome1_00002"},{"time":4.4333,"name":"EF/S2_dome1/800_S2_dome1_00003"},{"time":4.5333,"name":"EF/S2_dome1/800_S2_dome1_00009"},{"time":4.6333,"name":"EF/S2_dome1/800_S2_dome1_00011"},{"time":4.7333,"name":"EF/S2_dome1/800_S2_dome1_00013"},{"time":4.8333,"name":"EF/S2_dome1/800_S2_dome1_00015"},{"time":4.9333,"name":"EF/S2_dome1/800_S2_dome1_00017"},{"time":5.0333,"name":null}],"color":[{"time":4.9333,"color":"ffffffff"},{"time":5.0333,"color":"ffffff00"}]},"EF/S2_fire1/800_S2_fire1_8":{"attachment":[{"time":0.6333,"name":"EF/S2_fire1/800_S2_fire1_00024"},{"time":0.7,"name":"EF/S2_fire1/800_S2_fire1_00026"},{"time":0.7666,"name":"EF/S2_fire1/800_S2_fire1_00008"},{"time":0.8333,"name":"EF/S2_fire1/800_S2_fire1_00010"},{"time":0.9,"name":"EF/S2_fire1/800_S2_fire1_00012"},{"time":0.9666,"name":"EF/S2_fire1/800_S2_fire1_00014"},{"time":1.0333,"name":"EF/S2_fire1/800_S2_fire1_00016"},{"time":1.1,"name":"EF/S2_fire1/800_S2_fire1_00018"},{"time":1.1666,"name":"EF/S2_fire1/800_S2_fire1_00020"},{"time":1.2333,"name":"EF/S2_fire1/800_S2_fire1_00022"},{"time":1.3,"name":"EF/S2_fire1/800_S2_fire1_00024"},{"time":1.3666,"name":"EF/S2_fire1/800_S2_fire1_00026"},{"time":1.4333,"name":"EF/S2_fire1/800_S2_fire1_00008"},{"time":1.5,"name":"EF/S2_fire1/800_S2_fire1_00010"},{"time":1.5666,"name":"EF/S2_fire1/800_S2_fire1_00012"},{"time":1.6333,"name":"EF/S2_fire1/800_S2_fire1_00014"},{"time":1.7,"name":"EF/S2_fire1/800_S2_fire1_00016"},{"time":1.7666,"name":"EF/S2_fire1/800_S2_fire1_00018"},{"time":1.8333,"name":"EF/S2_fire1/800_S2_fire1_00020"},{"time":1.9,"name":"EF/S2_fire1/800_S2_fire1_00022"},{"time":1.9666,"name":"EF/S2_fire1/800_S2_fire1_00024"},{"time":2.0333,"name":"EF/S2_fire1/800_S2_fire1_00026"},{"time":2.1,"name":"EF/S2_fire1/800_S2_fire1_00008"},{"time":2.1666,"name":"EF/S2_fire1/800_S2_fire1_00010"},{"time":2.2333,"name":"EF/S2_fire1/800_S2_fire1_00012"},{"time":2.3,"name":"EF/S2_fire1/800_S2_fire1_00014"},{"time":2.3666,"name":"EF/S2_fire1/800_S2_fire1_00016"},{"time":2.4333,"name":"EF/S2_fire1/800_S2_fire1_00018"},{"time":2.5,"name":"EF/S2_fire1/800_S2_fire1_00020"},{"time":2.5666,"name":"EF/S2_fire1/800_S2_fire1_00022"},{"time":2.6333,"name":"EF/S2_fire1/800_S2_fire1_00024"},{"time":2.7,"name":"EF/S2_fire1/800_S2_fire1_00026"},{"time":2.7666,"name":"EF/S2_fire1/800_S2_fire1_00008"},{"time":2.8333,"name":"EF/S2_fire1/800_S2_fire1_00010"},{"time":2.9,"name":"EF/S2_fire1/800_S2_fire1_00012"},{"time":2.9666,"name":"EF/S2_fire1/800_S2_fire1_00014"},{"time":3.0333,"name":"EF/S2_fire1/800_S2_fire1_00016"},{"time":3.1,"name":"EF/S2_fire1/800_S2_fire1_00018"},{"time":3.1666,"name":"EF/S2_fire1/800_S2_fire1_00016"},{"time":3.2333,"name":"EF/S2_fire1/800_S2_fire1_00018"},{"time":3.3,"name":"EF/S2_fire1/800_S2_fire1_00020"},{"time":3.3666,"name":"EF/S2_fire1/800_S2_fire1_00022"},{"time":3.4333,"name":"EF/S2_fire1/800_S2_fire1_00024"},{"time":3.5,"name":"EF/S2_fire1/800_S2_fire1_00026"},{"time":3.5666,"name":"EF/S2_fire1/800_S2_fire1_00008"},{"time":3.6333,"name":"EF/S2_fire1/800_S2_fire1_00010"},{"time":3.7,"name":"EF/S2_fire1/800_S2_fire1_00012"},{"time":3.7666,"name":"EF/S2_fire1/800_S2_fire1_00014"},{"time":3.8333,"name":"EF/S2_fire1/800_S2_fire1_00016"},{"time":3.9,"name":"EF/S2_fire1/800_S2_fire1_00018"},{"time":3.9666,"name":"EF/S2_fire1/800_S2_fire1_00020"},{"time":4.0333,"name":"EF/S2_fire1/800_S2_fire1_00022"},{"time":4.1,"name":"EF/S2_fire1/800_S2_fire1_00024"},{"time":4.1666,"name":"EF/S2_fire1/800_S2_fire1_00026"},{"time":4.2333,"name":"EF/S2_fire1/800_S2_fire1_00008"},{"time":4.3,"name":"EF/S2_fire1/800_S2_fire1_00010"},{"time":4.3666,"name":"EF/S2_fire1/800_S2_fire1_00012"},{"time":4.4333,"name":"EF/S2_fire1/800_S2_fire1_00014"},{"time":4.5,"name":"EF/S2_fire1/800_S2_fire1_00016"},{"time":4.5666,"name":"EF/S2_fire1/800_S2_fire1_00018"},{"time":4.6333,"name":"EF/S2_fire1/800_S2_fire1_00020"}],"color":[{"time":3.9666,"color":"ffffffff"},{"time":4.0666,"color":"ffffff00"}]},"EF/S2_fire1/800_S2_fire1_00008":{"attachment":[{"time":0.6333,"name":"EF/S2_fire1/800_S2_fire1_00008"},{"time":0.7,"name":"EF/S2_fire1/800_S2_fire1_00010"},{"time":0.7666,"name":"EF/S2_fire1/800_S2_fire1_00012"},{"time":0.8333,"name":"EF/S2_fire1/800_S2_fire1_00014"},{"time":0.9,"name":"EF/S2_fire1/800_S2_fire1_00016"},{"time":0.9666,"name":"EF/S2_fire1/800_S2_fire1_00018"},{"time":1.0333,"name":"EF/S2_fire1/800_S2_fire1_00020"},{"time":1.1,"name":"EF/S2_fire1/800_S2_fire1_00022"},{"time":1.1666,"name":"EF/S2_fire1/800_S2_fire1_00024"},{"time":1.2333,"name":"EF/S2_fire1/800_S2_fire1_00026"},{"time":1.3,"name":"EF/S2_fire1/800_S2_fire1_00008"},{"time":1.3666,"name":"EF/S2_fire1/800_S2_fire1_00010"},{"time":1.4333,"name":"EF/S2_fire1/800_S2_fire1_00012"},{"time":1.5,"name":"EF/S2_fire1/800_S2_fire1_00014"},{"time":1.5666,"name":"EF/S2_fire1/800_S2_fire1_00016"},{"time":1.6333,"name":"EF/S2_fire1/800_S2_fire1_00018"},{"time":1.7,"name":"EF/S2_fire1/800_S2_fire1_00020"},{"time":1.7666,"name":"EF/S2_fire1/800_S2_fire1_00022"},{"time":1.8333,"name":"EF/S2_fire1/800_S2_fire1_00024"},{"time":1.9,"name":"EF/S2_fire1/800_S2_fire1_00026"},{"time":1.9666,"name":"EF/S2_fire1/800_S2_fire1_00008"},{"time":2.0333,"name":"EF/S2_fire1/800_S2_fire1_00010"},{"time":2.1,"name":"EF/S2_fire1/800_S2_fire1_00012"},{"time":2.1666,"name":"EF/S2_fire1/800_S2_fire1_00014"},{"time":2.2333,"name":"EF/S2_fire1/800_S2_fire1_00016"},{"time":2.3,"name":"EF/S2_fire1/800_S2_fire1_00018"},{"time":2.3666,"name":"EF/S2_fire1/800_S2_fire1_00020"},{"time":2.4333,"name":"EF/S2_fire1/800_S2_fire1_00022"},{"time":2.5,"name":"EF/S2_fire1/800_S2_fire1_00024"},{"time":2.5666,"name":"EF/S2_fire1/800_S2_fire1_00026"},{"time":2.6333,"name":"EF/S2_fire1/800_S2_fire1_00008"},{"time":2.7,"name":"EF/S2_fire1/800_S2_fire1_00010"},{"time":2.7666,"name":"EF/S2_fire1/800_S2_fire1_00012"},{"time":2.8333,"name":"EF/S2_fire1/800_S2_fire1_00014"},{"time":2.9,"name":"EF/S2_fire1/800_S2_fire1_00016"},{"time":2.9666,"name":"EF/S2_fire1/800_S2_fire1_00018"},{"time":3.0333,"name":"EF/S2_fire1/800_S2_fire1_00020"},{"time":3.1,"name":"EF/S2_fire1/800_S2_fire1_00022"},{"time":3.1666,"name":"EF/S2_fire1/800_S2_fire1_00024"},{"time":3.2333,"name":"EF/S2_fire1/800_S2_fire1_00026"},{"time":3.3,"name":"EF/S2_fire1/800_S2_fire1_00008"},{"time":3.3666,"name":"EF/S2_fire1/800_S2_fire1_00010"},{"time":3.4333,"name":"EF/S2_fire1/800_S2_fire1_00012"},{"time":3.5,"name":"EF/S2_fire1/800_S2_fire1_00014"},{"time":3.5666,"name":"EF/S2_fire1/800_S2_fire1_00016"},{"time":3.6333,"name":"EF/S2_fire1/800_S2_fire1_00018"},{"time":3.7,"name":"EF/S2_fire1/800_S2_fire1_00020"},{"time":3.7666,"name":"EF/S2_fire1/800_S2_fire1_00022"},{"time":3.8333,"name":"EF/S2_fire1/800_S2_fire1_00024"},{"time":3.9,"name":"EF/S2_fire1/800_S2_fire1_00026"},{"time":3.9666,"name":"EF/S2_fire1/800_S2_fire1_00008"},{"time":4.0333,"name":"EF/S2_fire1/800_S2_fire1_00010"},{"time":4.1,"name":"EF/S2_fire1/800_S2_fire1_00012"},{"time":4.1666,"name":"EF/S2_fire1/800_S2_fire1_00014"},{"time":4.2333,"name":"EF/S2_fire1/800_S2_fire1_00016"},{"time":4.3,"name":"EF/S2_fire1/800_S2_fire1_00018"},{"time":4.3666,"name":"EF/S2_fire1/800_S2_fire1_00020"},{"time":4.4333,"name":"EF/S2_fire1/800_S2_fire1_00022"},{"time":4.5,"name":"EF/S2_fire1/800_S2_fire1_00024"},{"time":4.5666,"name":"EF/S2_fire1/800_S2_fire1_00026"},{"time":4.6333,"name":"EF/S2_fire1/800_S2_fire1_00008"}],"color":[{"time":0.3666,"color":"ffffff00"},{"time":0.8,"color":"ffffffff"},{"time":1.1,"color":"ffffff00"},{"time":1.4666,"color":"ffffffff"},{"time":1.7666,"color":"ffffff00"},{"time":2.2,"color":"ffffffff"},{"time":2.5,"color":"ffffff00"},{"time":2.8666,"color":"ffffffff"},{"time":3.1666,"color":"ffffff00"},{"time":3.6,"color":"ffffffff"},{"time":3.9,"color":"ffffff00"}]},"EF/S2_fire1/800_S2_fire1_9":{"attachment":[{"time":0.8333,"name":"EF/S2_fire1/800_S2_fire1_00008"},{"time":0.8666,"name":"EF/S2_fire1/800_S2_fire1_00010"},{"time":0.9,"name":"EF/S2_fire1/800_S2_fire1_00012"},{"time":0.9333,"name":"EF/S2_fire1/800_S2_fire1_00014"},{"time":0.9666,"name":"EF/S2_fire1/800_S2_fire1_00016"},{"time":1,"name":"EF/S2_fire1/800_S2_fire1_00018"},{"time":1.0333,"name":"EF/S2_fire1/800_S2_fire1_00020"},{"time":1.0666,"name":"EF/S2_fire1/800_S2_fire1_00022"},{"time":1.1,"name":"EF/S2_fire1/800_S2_fire1_00024"},{"time":1.1333,"name":"EF/S2_fire1/800_S2_fire1_00026"},{"time":1.5,"name":"EF/S2_fire1/800_S2_fire1_00008"},{"time":1.5333,"name":"EF/S2_fire1/800_S2_fire1_00010"},{"time":1.5666,"name":"EF/S2_fire1/800_S2_fire1_00012"},{"time":1.6,"name":"EF/S2_fire1/800_S2_fire1_00014"},{"time":1.6333,"name":"EF/S2_fire1/800_S2_fire1_00016"},{"time":1.6666,"name":"EF/S2_fire1/800_S2_fire1_00018"},{"time":1.7,"name":"EF/S2_fire1/800_S2_fire1_00020"},{"time":1.7333,"name":"EF/S2_fire1/800_S2_fire1_00022"},{"time":1.7666,"name":"EF/S2_fire1/800_S2_fire1_00024"},{"time":1.8,"name":"EF/S2_fire1/800_S2_fire1_00026"},{"time":2.3666,"name":"EF/S2_fire1/800_S2_fire1_00008"},{"time":2.4,"name":"EF/S2_fire1/800_S2_fire1_00010"},{"time":2.4333,"name":"EF/S2_fire1/800_S2_fire1_00012"},{"time":2.4666,"name":"EF/S2_fire1/800_S2_fire1_00014"},{"time":2.5,"name":"EF/S2_fire1/800_S2_fire1_00016"},{"time":2.5333,"name":"EF/S2_fire1/800_S2_fire1_00018"},{"time":2.5666,"name":"EF/S2_fire1/800_S2_fire1_00020"},{"time":2.6,"name":"EF/S2_fire1/800_S2_fire1_00022"},{"time":2.6333,"name":"EF/S2_fire1/800_S2_fire1_00024"},{"time":2.6666,"name":"EF/S2_fire1/800_S2_fire1_00026"}],"color":[{"time":0.8333,"color":"ffffffff"},{"time":1.1666,"color":"ffffff00","curve":"stepped"},{"time":1.5,"color":"ffffffff"},{"time":1.8333,"color":"ffffff00","curve":"stepped"},{"time":2.3666,"color":"ffffffff"},{"time":2.7,"color":"ffffff00"}]},"EF/S2_fire2/800_S2_fire2_00002":{"attachment":[{"time":0.6333,"name":"EF/S2_fire2/800_S2_fire2_00004"},{"time":0.7,"name":"EF/S2_fire2/800_S2_fire2_00004"},{"time":0.7666,"name":"EF/S2_fire2/800_S2_fire2_00006"},{"time":0.8333,"name":"EF/S2_fire2/800_S2_fire2_00008"},{"time":0.9,"name":"EF/S2_fire2/800_S2_fire2_00010"},{"time":0.9666,"name":"EF/S2_fire2/800_S2_fire2_00012"},{"time":1.0333,"name":"EF/S2_fire2/800_S2_fire2_00014"},{"time":1.1,"name":"EF/S2_fire2/800_S2_fire2_00016"},{"time":1.1666,"name":"EF/S2_fire2/800_S2_fire2_00018"},{"time":1.2333,"name":"EF/S2_fire2/800_S2_fire2_00020"},{"time":1.3,"name":"EF/S2_fire2/800_S2_fire2_00022"},{"time":1.3666,"name":"EF/S2_fire2/800_S2_fire2_00024"},{"time":1.4333,"name":"EF/S2_fire2/800_S2_fire2_00026"},{"time":1.5,"name":"EF/S2_fire2/800_S2_fire2_00028"},{"time":1.5666,"name":"EF/S2_fire2/800_S2_fire2_00030"},{"time":1.6333,"name":"EF/S2_fire2/800_S2_fire2_00032"},{"time":1.7,"name":"EF/S2_fire2/800_S2_fire2_00034"},{"time":1.7666,"name":"EF/S2_fire2/800_S2_fire2_00036"},{"time":1.8333,"name":"EF/S2_fire2/800_S2_fire2_00026"},{"time":1.9,"name":"EF/S2_fire2/800_S2_fire2_00028"},{"time":1.9666,"name":"EF/S2_fire2/800_S2_fire2_00030"},{"time":2.0333,"name":"EF/S2_fire2/800_S2_fire2_00032"},{"time":2.1,"name":"EF/S2_fire2/800_S2_fire2_00034"},{"time":2.1666,"name":"EF/S2_fire2/800_S2_fire2_00036"},{"time":2.2333,"name":"EF/S2_fire2/800_S2_fire2_00026"},{"time":2.3,"name":"EF/S2_fire2/800_S2_fire2_00028"},{"time":2.3666,"name":"EF/S2_fire2/800_S2_fire2_00030"},{"time":2.4333,"name":"EF/S2_fire2/800_S2_fire2_00032"},{"time":2.5,"name":"EF/S2_fire2/800_S2_fire2_00034"},{"time":2.5666,"name":"EF/S2_fire2/800_S2_fire2_00036"},{"time":2.6333,"name":"EF/S2_fire2/800_S2_fire2_00026"},{"time":2.7,"name":"EF/S2_fire2/800_S2_fire2_00028"},{"time":2.7666,"name":"EF/S2_fire2/800_S2_fire2_00030"},{"time":2.8333,"name":"EF/S2_fire2/800_S2_fire2_00032"},{"time":2.9,"name":"EF/S2_fire2/800_S2_fire2_00034"},{"time":2.9666,"name":"EF/S2_fire2/800_S2_fire2_00036"},{"time":3.0333,"name":"EF/S2_fire2/800_S2_fire2_00026"},{"time":3.1,"name":"EF/S2_fire2/800_S2_fire2_00028"},{"time":3.1666,"name":"EF/S2_fire2/800_S2_fire2_00030"},{"time":3.2333,"name":"EF/S2_fire2/800_S2_fire2_00032"},{"time":3.3,"name":"EF/S2_fire2/800_S2_fire2_00034"},{"time":3.3666,"name":"EF/S2_fire2/800_S2_fire2_00036"},{"time":3.4333,"name":"EF/S2_fire2/800_S2_fire2_00026"},{"time":3.5,"name":"EF/S2_fire2/800_S2_fire2_00028"},{"time":3.5666,"name":"EF/S2_fire2/800_S2_fire2_00030"},{"time":3.6333,"name":"EF/S2_fire2/800_S2_fire2_00032"},{"time":3.7,"name":"EF/S2_fire2/800_S2_fire2_00034"},{"time":3.7666,"name":"EF/S2_fire2/800_S2_fire2_00036"},{"time":3.8333,"name":"EF/S2_fire2/800_S2_fire2_00026"},{"time":3.9,"name":"EF/S2_fire2/800_S2_fire2_00028"},{"time":3.9666,"name":"EF/S2_fire2/800_S2_fire2_00030"},{"time":4,"name":null}]},"EF/S2_rock1/690_S2_rock1_00000":{"attachment":[{"time":4.4666,"name":"EF/S2_rock1/690_S2_rock1_00000"},{"time":4.5333,"name":"EF/S2_rock1/690_S2_rock1_00004"},{"time":4.6,"name":"EF/S2_rock1/690_S2_rock1_00006"},{"time":4.6666,"name":null}]},"EF/S2_rock2/690_S2_rock2_00001":{"attachment":[{"time":4.1,"name":"EF/S2_rock2/690_S2_rock2_00001"},{"time":4.1666,"name":"EF/S2_rock2/690_S2_rock2_00003"},{"time":4.2666,"name":"EF/S2_rock2/690_S2_rock2_00007"},{"time":4.3666,"name":"EF/S2_rock2/690_S2_rock2_00003"},{"time":4.4333,"name":"EF/S2_rock2/690_S2_rock2_00007"},{"time":4.5,"name":"EF/S2_rock2/690_S2_rock2_00003"},{"time":4.5666,"name":"EF/S2_rock2/690_S2_rock2_00001"},{"time":4.6,"name":null}]},"EF/S2_wave1/800_S2_wave1_1":{"attachment":[{"time":0.6333,"name":"EF/S2_wave1/800_S2_wave1_00003"},{"time":0.6666,"name":"EF/S2_wave1/800_S2_wave1_00004"},{"time":0.7,"name":"EF/S2_wave1/800_S2_wave1_00006"},{"time":0.7666,"name":"EF/S2_wave1/800_S2_wave1_00008"},{"time":0.8333,"name":"EF/S2_wave1/800_S2_wave1_00010"},{"time":0.9,"name":"EF/S2_wave1/800_S2_wave1_00012"},{"time":0.9666,"name":null},{"time":1.3,"name":"EF/S2_wave1/800_S2_wave1_00003"},{"time":1.3333,"name":"EF/S2_wave1/800_S2_wave1_00004"},{"time":1.3666,"name":"EF/S2_wave1/800_S2_wave1_00006"},{"time":1.4333,"name":"EF/S2_wave1/800_S2_wave1_00008"},{"time":1.5,"name":"EF/S2_wave1/800_S2_wave1_00010"},{"time":1.5666,"name":"EF/S2_wave1/800_S2_wave1_00012"},{"time":1.6333,"name":null},{"time":2.1333,"name":"EF/S2_wave1/800_S2_wave1_00003"},{"time":2.1666,"name":"EF/S2_wave1/800_S2_wave1_00004"},{"time":2.2,"name":"EF/S2_wave1/800_S2_wave1_00006"},{"time":2.2666,"name":"EF/S2_wave1/800_S2_wave1_00008"},{"time":2.3333,"name":"EF/S2_wave1/800_S2_wave1_00010"},{"time":2.4,"name":"EF/S2_wave1/800_S2_wave1_00012"},{"time":2.4666,"name":null},{"time":2.8666,"name":"EF/S2_wave1/800_S2_wave1_00001"},{"time":2.9,"name":"EF/S2_wave1/800_S2_wave1_00002"},{"time":2.9333,"name":"EF/S2_wave1/800_S2_wave1_00003"},{"time":2.9666,"name":"EF/S2_wave1/800_S2_wave1_00004"},{"time":3,"name":"EF/S2_wave1/800_S2_wave1_00006"},{"time":3.0333,"name":"EF/S2_wave1/800_S2_wave1_00008"},{"time":3.0666,"name":"EF/S2_wave1/800_S2_wave1_00010"},{"time":3.1,"name":"EF/S2_wave1/800_S2_wave1_00012"},{"time":3.1333,"name":null},{"time":3.2666,"name":"EF/S2_wave1/800_S2_wave1_00001"},{"time":3.3,"name":"EF/S2_wave1/800_S2_wave1_00002"},{"time":3.3333,"name":"EF/S2_wave1/800_S2_wave1_00003"},{"time":3.3666,"name":"EF/S2_wave1/800_S2_wave1_00004"},{"time":3.4,"name":"EF/S2_wave1/800_S2_wave1_00006"},{"time":3.4333,"name":"EF/S2_wave1/800_S2_wave1_00008"},{"time":3.4666,"name":"EF/S2_wave1/800_S2_wave1_00010"},{"time":3.5,"name":"EF/S2_wave1/800_S2_wave1_00012"},{"time":3.5333,"name":null},{"time":3.6666,"name":"EF/S2_wave1/800_S2_wave1_00001"},{"time":3.7,"name":"EF/S2_wave1/800_S2_wave1_00002"},{"time":3.7333,"name":"EF/S2_wave1/800_S2_wave1_00003"},{"time":3.7666,"name":"EF/S2_wave1/800_S2_wave1_00004"},{"time":3.8,"name":"EF/S2_wave1/800_S2_wave1_00006"},{"time":3.8333,"name":"EF/S2_wave1/800_S2_wave1_00008"},{"time":3.8666,"name":"EF/S2_wave1/800_S2_wave1_00010"},{"time":3.9,"name":"EF/S2_wave1/800_S2_wave1_00012"},{"time":3.9333,"name":null},{"time":4.1,"name":"EF/S2_wave1/800_S2_wave1_00001"},{"time":4.1666,"name":"EF/S2_wave1/800_S2_wave1_00002"},{"time":4.2333,"name":"EF/S2_wave1/800_S2_wave1_00003"},{"time":4.3,"name":"EF/S2_wave1/800_S2_wave1_00004"},{"time":4.3666,"name":"EF/S2_wave1/800_S2_wave1_00006"},{"time":4.4333,"name":"EF/S2_wave1/800_S2_wave1_00008"},{"time":4.5,"name":"EF/S2_wave1/800_S2_wave1_00010"},{"time":4.5666,"name":"EF/S2_wave1/800_S2_wave1_00012"},{"time":4.6333,"name":"EF/S2_wave1/800_S2_wave1_00001"},{"time":4.7,"name":"EF/S2_wave1/800_S2_wave1_00002"},{"time":4.7666,"name":"EF/S2_wave1/800_S2_wave1_00003"},{"time":4.8333,"name":"EF/S2_wave1/800_S2_wave1_00004"},{"time":4.8666,"name":"EF/S2_wave1/800_S2_wave1_00006"},{"time":4.9333,"name":"EF/S2_wave1/800_S2_wave1_00008"},{"time":5,"name":"EF/S2_wave1/800_S2_wave1_00010"},{"time":5.0333,"name":"EF/S2_wave1/800_S2_wave1_00012"},{"time":5.1,"name":null}],"color":[{"time":4.9333,"color":"ffffffff"},{"time":5.1,"color":"ffffff00"}]},"EF/S2_wave1/800_S2_wave1_00001":{"attachment":[{"time":0.6333,"name":"EF/S2_wave1/800_S2_wave1_00003"},{"time":0.6666,"name":"EF/S2_wave1/800_S2_wave1_00004"},{"time":0.7,"name":"EF/S2_wave1/800_S2_wave1_00006"},{"time":0.7666,"name":"EF/S2_wave1/800_S2_wave1_00008"},{"time":0.8333,"name":"EF/S2_wave1/800_S2_wave1_00010"},{"time":0.9,"name":"EF/S2_wave1/800_S2_wave1_00012"},{"time":0.9666,"name":null},{"time":1.3,"name":"EF/S2_wave1/800_S2_wave1_00003"},{"time":1.3333,"name":"EF/S2_wave1/800_S2_wave1_00004"},{"time":1.3666,"name":"EF/S2_wave1/800_S2_wave1_00006"},{"time":1.4333,"name":"EF/S2_wave1/800_S2_wave1_00008"},{"time":1.5,"name":"EF/S2_wave1/800_S2_wave1_00010"},{"time":1.5666,"name":"EF/S2_wave1/800_S2_wave1_00012"},{"time":1.6333,"name":null},{"time":2.1333,"name":"EF/S2_wave1/800_S2_wave1_00003"},{"time":2.1666,"name":"EF/S2_wave1/800_S2_wave1_00004"},{"time":2.2,"name":"EF/S2_wave1/800_S2_wave1_00006"},{"time":2.2666,"name":"EF/S2_wave1/800_S2_wave1_00008"},{"time":2.3333,"name":"EF/S2_wave1/800_S2_wave1_00010"},{"time":2.4,"name":"EF/S2_wave1/800_S2_wave1_00012"},{"time":2.4666,"name":null},{"time":2.8,"name":"EF/S2_wave1/800_S2_wave1_00001"},{"time":2.8333,"name":"EF/S2_wave1/800_S2_wave1_00002"},{"time":2.8666,"name":"EF/S2_wave1/800_S2_wave1_00003"},{"time":2.9,"name":"EF/S2_wave1/800_S2_wave1_00004"},{"time":2.9333,"name":"EF/S2_wave1/800_S2_wave1_00006"},{"time":2.9666,"name":"EF/S2_wave1/800_S2_wave1_00008"},{"time":3,"name":"EF/S2_wave1/800_S2_wave1_00010"},{"time":3.0333,"name":"EF/S2_wave1/800_S2_wave1_00012"},{"time":3.0666,"name":null},{"time":3.2,"name":"EF/S2_wave1/800_S2_wave1_00001"},{"time":3.2333,"name":"EF/S2_wave1/800_S2_wave1_00002"},{"time":3.2666,"name":"EF/S2_wave1/800_S2_wave1_00003"},{"time":3.3,"name":"EF/S2_wave1/800_S2_wave1_00004"},{"time":3.3333,"name":"EF/S2_wave1/800_S2_wave1_00006"},{"time":3.3666,"name":"EF/S2_wave1/800_S2_wave1_00008"},{"time":3.4,"name":"EF/S2_wave1/800_S2_wave1_00010"},{"time":3.4333,"name":"EF/S2_wave1/800_S2_wave1_00012"},{"time":3.4666,"name":null},{"time":3.6,"name":"EF/S2_wave1/800_S2_wave1_00001"},{"time":3.6333,"name":"EF/S2_wave1/800_S2_wave1_00002"},{"time":3.6666,"name":"EF/S2_wave1/800_S2_wave1_00003"},{"time":3.7,"name":"EF/S2_wave1/800_S2_wave1_00004"},{"time":3.7333,"name":"EF/S2_wave1/800_S2_wave1_00006"},{"time":3.7666,"name":"EF/S2_wave1/800_S2_wave1_00008"},{"time":3.8,"name":"EF/S2_wave1/800_S2_wave1_00010"},{"time":3.8333,"name":"EF/S2_wave1/800_S2_wave1_00012"},{"time":3.8666,"name":null},{"time":4,"name":"EF/S2_wave1/800_S2_wave1_00001"},{"time":4.0666,"name":"EF/S2_wave1/800_S2_wave1_00002"},{"time":4.1333,"name":"EF/S2_wave1/800_S2_wave1_00003"},{"time":4.2,"name":"EF/S2_wave1/800_S2_wave1_00004"},{"time":4.2666,"name":"EF/S2_wave1/800_S2_wave1_00006"},{"time":4.3333,"name":"EF/S2_wave1/800_S2_wave1_00008"},{"time":4.4,"name":"EF/S2_wave1/800_S2_wave1_00010"},{"time":4.4666,"name":"EF/S2_wave1/800_S2_wave1_00012"},{"time":4.5333,"name":null},{"time":4.5666,"name":"EF/S2_wave1/800_S2_wave1_00001"},{"time":4.6333,"name":"EF/S2_wave1/800_S2_wave1_00002"},{"time":4.7,"name":"EF/S2_wave1/800_S2_wave1_00003"},{"time":4.7666,"name":"EF/S2_wave1/800_S2_wave1_00004"},{"time":4.8333,"name":"EF/S2_wave1/800_S2_wave1_00006"},{"time":4.8666,"name":"EF/S2_wave1/800_S2_wave1_00008"},{"time":4.9333,"name":"EF/S2_wave1/800_S2_wave1_00010"},{"time":5,"name":"EF/S2_wave1/800_S2_wave1_00012"},{"time":5.0333,"name":null}],"color":[{"time":4.8666,"color":"ffffffff"},{"time":5.0333,"color":"ffffff00"}]},"EF/wind2/9020_wind2_00000":{"attachment":[{"time":4.0666,"name":"EF/wind2/9020_wind2_00000"},{"time":4.1333,"name":"EF/wind2/9020_wind2_00002"},{"time":4.2,"name":"EF/wind2/9020_wind2_00004"},{"time":4.2666,"name":"EF/wind2/9020_wind2_00006"},{"time":4.3333,"name":"EF/wind2/9020_wind2_00008"},{"time":4.4,"name":"EF/wind2/9020_wind2_00000"},{"time":4.4666,"name":"EF/wind2/9020_wind2_00002"},{"time":4.5333,"name":"EF/wind2/9020_wind2_00004"},{"time":4.6,"name":"EF/wind2/9020_wind2_00006"},{"time":4.6666,"name":null}]}},"bones":{"EF_S2_fire1":{"translate":[{"time":0.6333,"x":-602.98,"y":298.21,"curve":"stepped"},{"time":2.7666,"x":-602.98,"y":298.21,"curve":[0.77,0,1,0.79]},{"time":4.0333,"x":-602.98,"y":-4.43}],"scale":[{"time":0.6333,"x":0.116,"y":0.116,"curve":[0.287,0.51,0.66,0.83]},{"time":0.8333,"x":1.169,"y":1.169,"curve":[0.379,0.7,0.732,1]},{"time":0.9666,"x":0.895,"y":0.895,"curve":"stepped"},{"time":1.3,"x":0.895,"y":0.895,"curve":[0.25,0,0.75,1]},{"time":1.5,"x":1.934,"y":1.934,"curve":[0.385,0.7,0.75,1]},{"time":1.6333,"x":1.659,"y":1.659,"curve":"stepped"},{"time":2.1666,"x":1.934,"y":1.934,"curve":[0.287,0.51,0.66,0.83]},{"time":2.3666,"x":4.124,"y":4.124,"curve":[0.385,0.7,0.75,1]},{"time":2.5,"x":3.758,"y":3.758,"curve":"stepped"},{"time":2.7666,"x":3.758,"y":3.758},{"time":3,"x":3.69,"y":3.69},{"time":3.3333,"x":3.758,"y":3.758},{"time":3.6666,"x":3.662,"y":3.662},{"time":3.9666,"x":3.758,"y":3.758}]},"EF_S2_fire2":{"translate":[{"time":0.6333,"x":-603.18,"y":299.88,"curve":"stepped"},{"time":2.7666,"x":-608.06,"y":287.68,"curve":[0.774,0,1,0.79]},{"time":4.0333,"x":-608.06,"y":-2.62}],"scale":[{"time":0.6333,"x":0.097,"y":0.097},{"time":0.9666,"x":1.569,"y":1.569,"curve":"stepped"},{"time":1.3,"x":1.569,"y":1.569},{"time":1.6333,"x":3.317,"y":3.317,"curve":"stepped"},{"time":2.1666,"x":3.317,"y":3.317},{"time":2.5,"x":7.36,"y":7.36,"curve":"stepped"},{"time":2.7,"x":7.36,"y":7.36},{"time":3.9666,"x":6.44,"y":6.44}]},"EF_S2_wave2":{"rotate":[{"time":0.6333,"angle":-136,"curve":"stepped"},{"time":2.8666,"angle":0}],"translate":[{"time":0.6333,"x":-603.6,"y":350.7,"curve":"stepped"},{"time":2.8666,"x":-603.39,"y":205.99},{"time":3.1333,"x":-603.39,"y":299.56,"curve":"stepped"},{"time":3.2666,"x":-603.39,"y":58.23},{"time":3.5333,"x":-603.39,"y":144.76,"curve":"stepped"},{"time":3.6666,"x":-603.39,"y":-79.67},{"time":3.9333,"x":-603.39,"y":-12.74,"curve":"stepped"},{"time":4,"x":-605.37,"y":24.54}],"scale":[{"time":0.6333,"x":0.37,"y":0.37,"curve":[0.317,0,0.351,0.72]},{"time":0.9666,"x":1.47,"y":1.47,"curve":"stepped"},{"time":1.3,"x":2.41,"y":2.41,"curve":[0.25,0,0.75,1]},{"time":1.6333,"x":2.91,"y":2.91,"curve":"stepped"},{"time":2.1333,"x":3.15,"y":3.15,"curve":[0.25,0,0.75,1]},{"time":2.4666,"x":5.87,"y":5.87,"curve":"stepped"},{"time":2.8666,"x":4.57,"y":4.57,"curve":"stepped"},{"time":4,"x":5.2,"y":5.2},{"time":4.5666,"x":7.13,"y":7.13,"curve":"stepped"},{"time":4.6333,"x":5.2,"y":5.2},{"time":5.2,"x":7.13,"y":7.13}]},"EF_S2_wave1":{"rotate":[{"time":0.6333,"angle":-43.21,"curve":"stepped"},{"time":2.8,"angle":0}],"translate":[{"time":0.6333,"x":-603.96,"y":350.57,"curve":"stepped"},{"time":2.8,"x":-604.52,"y":259.27},{"time":3.0666,"x":-604.52,"y":358.79,"curve":"stepped"},{"time":3.2,"x":-604.52,"y":137.75},{"time":3.4666,"x":-604.52,"y":195.53,"curve":"stepped"},{"time":3.6,"x":-604.52,"y":-24.71},{"time":3.8666,"x":-604.52,"y":40.67,"curve":"stepped"},{"time":4,"x":-604.52,"y":-99.76}],"scale":[{"time":0.6333,"x":0.374,"y":0.374,"curve":[0.317,0,0.351,0.72]},{"time":0.9666,"x":1.471,"y":1.471,"curve":"stepped"},{"time":1.3,"x":2.408,"y":2.408,"curve":[0.284,0,0.286,0.82]},{"time":1.6333,"x":2.914,"y":2.914,"curve":"stepped"},{"time":2.1333,"x":3.15,"y":3.15,"curve":[0.284,0,0.286,0.82]},{"time":2.4666,"x":5.872,"y":5.872,"curve":"stepped"},{"time":2.8,"x":4.567,"y":4.567,"curve":"stepped"},{"time":3.9666,"x":2.362,"y":2.362,"curve":"stepped"},{"time":4,"x":5.198,"y":5.198},{"time":4.4,"x":7.133,"y":7.133,"curve":"stepped"},{"time":4.5333,"x":2.362,"y":2.362},{"time":4.5666,"x":5.198,"y":5.198},{"time":4.8666,"x":7.133,"y":7.133}]},"EF_dome1":{"translate":[{"time":4,"x":-636.25,"y":-264.37},{"time":4.3333,"x":-636.25,"y":-269.16}],"scale":[{"time":4,"x":3.415,"y":3.415},{"time":4.3333,"x":4.149,"y":4.149,"curve":"stepped"},{"time":4.9333,"x":4.149,"y":4.149},{"time":5.0333,"x":4.52,"y":4.52}]},"EF_wind1":{"translate":[{"time":4.0666,"x":-633.37,"y":-181.92}],"scale":[{"time":4.0666,"x":8.403,"y":8.403}]},"EF_rock1":{"translate":[{"time":4.4666,"x":-674.44,"y":-320.4}],"scale":[{"time":4.4666,"x":3.047,"y":3.047},{"time":4.6666,"x":7.885,"y":7.885}]},"EF_wave3":{"translate":[{"time":3.7666,"x":0,"y":-1.28}]},"EF_dusty":{"translate":[{"time":4.3,"x":-488.53,"y":-349.27}],"scale":[{"time":4.3,"x":4.463,"y":4.463},{"time":4.7666,"x":6.893,"y":6.893}]},"EF_dusty2":{"translate":[{"time":4.4333,"x":-488.53,"y":-349.27}],"scale":[{"time":4.4333,"x":4.463,"y":4.463},{"time":4.7333,"x":6.893,"y":6.893}]},"EF_dusty3":{"translate":[{"time":4.6666,"x":-488.53,"y":-349.27}],"scale":[{"time":4.6666,"x":4.463,"y":4.463},{"time":4.9666,"x":6.893,"y":6.893},{"time":5.2,"x":7.39,"y":7.39}]},"EF_S2_fire3":{"translate":[{"time":0.8333,"x":-773.07,"y":299.61}],"scale":[{"time":0.8333,"x":1,"y":1,"curve":[0.327,0.73,0.75,1]},{"time":1.1666,"x":1.715,"y":1.715,"curve":"stepped"},{"time":1.5,"x":1.39,"y":1.39,"curve":[0.327,0.72,0.75,1]},{"time":1.8333,"x":3.191,"y":3.191,"curve":"stepped"},{"time":2.3666,"x":1.929,"y":1.929,"curve":[0.309,0.73,0.75,1]},{"time":2.7,"x":8.467,"y":8.467}]},"MAIN":{"translate":[{"time":0,"x":225.41,"y":0}]},"DAMAGEAREA":{"translate":[{"time":4.0666,"x":0,"y":77.87},{"time":4.4333,"x":0,"y":116.8}],"scale":[{"time":4.0666,"x":1.828,"y":1},{"time":4.4333,"x":3.023,"y":2.025}]},"EF_rock2":{"translate":[{"time":4.1,"x":-708.08,"y":-328.18}],"scale":[{"time":4.1,"x":1,"y":1},{"time":4.2333,"x":3.239,"y":3.239,"curve":"stepped"},{"time":4.2666,"x":-2.18,"y":2.182},{"time":4.4666,"x":-3.684,"y":3.039,"curve":"stepped"},{"time":4.5,"x":3.51,"y":3.512},{"time":4.6,"x":3.955,"y":3.955}]}},"drawOrder":[{"time":4.1,"offsets":[{"slot":"EF/S1_dusty1/100_S1_dusty1_1","offset":18},{"slot":"EF/S1_dusty1/100_S1_dusty1_00000","offset":18},{"slot":"EF/S1_dusty1/100_S1_dusty1_0","offset":18},{"slot":"EF/S2_rock1/690_S2_rock1_00000","offset":2},{"slot":"EF/S2_rock2/690_S2_rock2_00001","offset":2}]}],"events":[{"time":0,"name":"EFHitEffect","string":"setHitEffect(hit02e,1,0.75,50)"},{"time":0.6,"name":"EFEvent","string":"setPosition_Target"},{"time":3.3333,"name":"EFEvent","float":2,"string":"shakeGround_Loop"},{"time":3.7333,"name":"EFEvent","string":"shakeGround"},{"time":4.0333,"name":"EFEvent","float":0.3,"string":"kHitStopType_normal"},{"time":4.0666,"name":"EFEvent","string":"shakeGround"},{"time":4.1,"name":"EFEvent","int":400,"string":"kImpactType_knock"},{"time":4.1333,"name":"EFEvent","float":10,"string":"setBreakRate"},{"time":4.1666,"name":"EFEvent","float":0.1,"string":"kHitStopType_normal"},{"time":4.1666,"name":"EFHit","string":"resetHitList"},{"time":4.2666,"name":"EFHit","string":"resetHitList"},{"time":4.3666,"name":"EFHit","string":"resetHitList"},{"time":4.4666,"name":"EFEvent","string":"shakeGround"},{"time":4.4666,"name":"EFHit","string":"resetHitList"},{"time":4.5666,"name":"EFHit","string":"resetHitList"},{"time":4.6666,"name":"EFHit","string":"resetHitList"},{"time":4.7666,"name":"EFHit","string":"resetHitList"},{"time":4.8666,"name":"EFHit","string":"resetHitList"}]},"enpty":{},"meteors":{"slots":{"DAMAGEAREA":{"attachment":[{"time":1.0333,"name":"DAMAGEAREA"},{"time":1.4666,"name":null}]},"EF/S1_dusty1/100_S1_dusty1_00000":{"attachment":[{"time":1.0333,"name":"EF/S1_dusty1/100_S1_dusty1_00000"},{"time":1.0666,"name":"EF/S1_dusty1/100_S1_dusty1_00002"},{"time":1.1333,"name":"EF/S1_dusty1/100_S1_dusty1_00004"},{"time":1.2,"name":"EF/S1_dusty1/100_S1_dusty1_00006"},{"time":1.2666,"name":"EF/S1_dusty1/100_S1_dusty1_00008"},{"time":1.3333,"name":"EF/S1_dusty1/100_S1_dusty1_00010"},{"time":1.3666,"name":"EF/S1_dusty1/100_S1_dusty1_00012"},{"time":1.4,"name":"EF/S1_dusty1/100_S1_dusty1_00014"},{"time":1.4333,"name":null}]},"EF/S1_dusty1/100_S1_dusty1_0":{"attachment":[{"time":1.1666,"name":"EF/S1_dusty1/100_S1_dusty1_00000"},{"time":1.2,"name":"EF/S1_dusty1/100_S1_dusty1_00002"},{"time":1.2666,"name":"EF/S1_dusty1/100_S1_dusty1_00004"},{"time":1.3333,"name":"EF/S1_dusty1/100_S1_dusty1_00006"},{"time":1.4,"name":"EF/S1_dusty1/100_S1_dusty1_00008"},{"time":1.4666,"name":"EF/S1_dusty1/100_S1_dusty1_00010"},{"time":1.5,"name":"EF/S1_dusty1/100_S1_dusty1_00012"},{"time":1.5333,"name":"EF/S1_dusty1/100_S1_dusty1_00014"},{"time":1.5666,"name":null}]},"EF/S1_dusty1/100_S1_dusty1_1":{"attachment":[{"time":1.3,"name":"EF/S1_dusty1/100_S1_dusty1_00000"},{"time":1.3333,"name":"EF/S1_dusty1/100_S1_dusty1_00002"},{"time":1.4,"name":"EF/S1_dusty1/100_S1_dusty1_00004"},{"time":1.4666,"name":"EF/S1_dusty1/100_S1_dusty1_00006"},{"time":1.5333,"name":"EF/S1_dusty1/100_S1_dusty1_00008"},{"time":1.6,"name":"EF/S1_dusty1/100_S1_dusty1_00010"},{"time":1.6333,"name":"EF/S1_dusty1/100_S1_dusty1_00012"},{"time":1.6666,"name":"EF/S1_dusty1/100_S1_dusty1_00014"},{"time":1.7,"name":null}]},"EF/S1_fire1/800_S1_fire1_00001":{"attachment":[{"time":0.8333,"name":"EF/S1_fire1/800_S1_fire1_00001"},{"time":0.8666,"name":"EF/S1_fire1/800_S1_fire1_00002"},{"time":0.9,"name":"EF/S1_fire1/800_S1_fire1_00004"},{"time":0.9333,"name":"EF/S1_fire1/800_S1_fire1_00005"},{"time":0.9666,"name":"EF/S1_fire1/800_S1_fire1_00006"},{"time":1,"name":"EF/S1_fire1/800_S1_fire1_00009"},{"time":1.0333,"name":"EF/S1_fire1/800_S1_fire1_00010"},{"time":1.0666,"name":"EF/S1_fire1/800_S1_fire1_00011"},{"time":1.1,"name":"EF/S1_fire1/800_S1_fire1_00012"},{"time":1.1333,"name":"EF/S1_fire1/800_S1_fire1_00013"},{"time":1.1666,"name":null}]},"EF/S1_fire1/800_S1_fire1_1":{"attachment":[{"time":0.9666,"name":"EF/S1_fire1/800_S1_fire1_00001"},{"time":1,"name":"EF/S1_fire1/800_S1_fire1_00002"},{"time":1.0333,"name":"EF/S1_fire1/800_S1_fire1_00004"},{"time":1.0666,"name":"EF/S1_fire1/800_S1_fire1_00005"},{"time":1.1,"name":"EF/S1_fire1/800_S1_fire1_00006"},{"time":1.1333,"name":"EF/S1_fire1/800_S1_fire1_00009"},{"time":1.1666,"name":"EF/S1_fire1/800_S1_fire1_00010"},{"time":1.2,"name":"EF/S1_fire1/800_S1_fire1_00011"},{"time":1.2333,"name":"EF/S1_fire1/800_S1_fire1_00012"},{"time":1.2666,"name":"EF/S1_fire1/800_S1_fire1_00013"},{"time":1.3,"name":null}]},"EF/S1_fire1/800_S1_fire1_2":{"attachment":[{"time":1.1,"name":"EF/S1_fire1/800_S1_fire1_00001"},{"time":1.1333,"name":"EF/S1_fire1/800_S1_fire1_00002"},{"time":1.1666,"name":"EF/S1_fire1/800_S1_fire1_00004"},{"time":1.2,"name":"EF/S1_fire1/800_S1_fire1_00005"},{"time":1.2333,"name":"EF/S1_fire1/800_S1_fire1_00006"},{"time":1.2666,"name":"EF/S1_fire1/800_S1_fire1_00009"},{"time":1.3,"name":"EF/S1_fire1/800_S1_fire1_00010"},{"time":1.3333,"name":"EF/S1_fire1/800_S1_fire1_00011"},{"time":1.3666,"name":"EF/S1_fire1/800_S1_fire1_00012"},{"time":1.4,"name":"EF/S1_fire1/800_S1_fire1_00013"},{"time":1.4333,"name":null}]},"EF/S1_fire2/800_S1_fire2_00000":{"attachment":[{"time":1,"name":"EF/S1_fire2/800_S1_fire2_00000"},{"time":1.0333,"name":"EF/S1_fire2/800_S1_fire2_00002"},{"time":1.1,"name":"EF/S1_fire2/800_S1_fire2_00004"},{"time":1.1666,"name":"EF/S1_fire2/800_S1_fire2_00005"},{"time":1.2333,"name":"EF/S1_fire2/800_S1_fire2_00006"},{"time":1.3,"name":"EF/S1_fire2/800_S1_fire2_00008"},{"time":1.3666,"name":"EF/S1_fire2/800_S1_fire2_00009"},{"time":1.4,"name":"EF/S1_fire2/800_S1_fire2_00010"},{"time":1.4333,"name":"EF/S1_fire2/800_S1_fire2_00011"},{"time":1.4666,"name":"EF/S1_fire2/800_S1_fire2_00012"},{"time":1.5,"name":null}]},"EF/S1_fire2/800_S1_fire2_0":{"attachment":[{"time":1.1333,"name":"EF/S1_fire2/800_S1_fire2_00000"},{"time":1.1666,"name":"EF/S1_fire2/800_S1_fire2_00002"},{"time":1.2333,"name":"EF/S1_fire2/800_S1_fire2_00004"},{"time":1.3,"name":"EF/S1_fire2/800_S1_fire2_00005"},{"time":1.3666,"name":"EF/S1_fire2/800_S1_fire2_00006"},{"time":1.4333,"name":"EF/S1_fire2/800_S1_fire2_00008"},{"time":1.5,"name":"EF/S1_fire2/800_S1_fire2_00009"},{"time":1.5333,"name":"EF/S1_fire2/800_S1_fire2_00010"},{"time":1.5666,"name":"EF/S1_fire2/800_S1_fire2_00011"},{"time":1.6,"name":"EF/S1_fire2/800_S1_fire2_00012"},{"time":1.6333,"name":null}]},"EF/S1_fire2/800_S1_fire2_1":{"attachment":[{"time":1.2666,"name":"EF/S1_fire2/800_S1_fire2_00000"},{"time":1.3,"name":"EF/S1_fire2/800_S1_fire2_00002"},{"time":1.3666,"name":"EF/S1_fire2/800_S1_fire2_00004"},{"time":1.4333,"name":"EF/S1_fire2/800_S1_fire2_00005"},{"time":1.5,"name":"EF/S1_fire2/800_S1_fire2_00006"},{"time":1.5666,"name":"EF/S1_fire2/800_S1_fire2_00008"},{"time":1.6333,"name":"EF/S1_fire2/800_S1_fire2_00009"},{"time":1.6666,"name":"EF/S1_fire2/800_S1_fire2_00010"},{"time":1.7,"name":"EF/S1_fire2/800_S1_fire2_00011"},{"time":1.7333,"name":"EF/S1_fire2/800_S1_fire2_00012"},{"time":1.8666,"name":null}]},"EF/S1_wave1/100_S1_wave1_00000":{"attachment":[{"time":1.0333,"name":"EF/S1_wave1/100_S1_wave1_00000"},{"time":1.0666,"name":"EF/S1_wave1/100_S1_wave1_00002"},{"time":1.1,"name":"EF/S1_wave1/100_S1_wave1_00004"},{"time":1.1333,"name":"EF/S1_wave1/100_S1_wave1_00006"},{"time":1.1666,"name":"EF/S1_wave1/100_S1_wave1_00008"},{"time":1.2,"name":"EF/S1_wave1/100_S1_wave1_00010"},{"time":1.2666,"name":"EF/S1_wave1/100_S1_wave1_00012"},{"time":1.3333,"name":null}]},"EF/S1_wave1/100_S1_wave1_0":{"attachment":[{"time":1.1666,"name":"EF/S1_wave1/100_S1_wave1_00000"},{"time":1.2,"name":"EF/S1_wave1/100_S1_wave1_00002"},{"time":1.2333,"name":"EF/S1_wave1/100_S1_wave1_00004"},{"time":1.2666,"name":"EF/S1_wave1/100_S1_wave1_00006"},{"time":1.3,"name":"EF/S1_wave1/100_S1_wave1_00008"},{"time":1.3333,"name":"EF/S1_wave1/100_S1_wave1_00010"},{"time":1.4,"name":"EF/S1_wave1/100_S1_wave1_00012"},{"time":1.4666,"name":null}]},"EF/S1_wave1/100_S1_wave1_1":{"attachment":[{"time":1.3,"name":"EF/S1_wave1/100_S1_wave1_00000"},{"time":1.3333,"name":"EF/S1_wave1/100_S1_wave1_00002"},{"time":1.3666,"name":"EF/S1_wave1/100_S1_wave1_00004"},{"time":1.4,"name":"EF/S1_wave1/100_S1_wave1_00006"},{"time":1.4333,"name":"EF/S1_wave1/100_S1_wave1_00008"},{"time":1.4666,"name":"EF/S1_wave1/100_S1_wave1_00010"},{"time":1.5333,"name":"EF/S1_wave1/100_S1_wave1_00012"},{"time":1.6,"name":null}]}},"bones":{"EF_S1_fire":{"rotate":[{"time":0.8333,"angle":-29.98}],"translate":[{"time":0.8333,"x":-395,"y":-8.65}],"scale":[{"time":0.8333,"x":3.827,"y":3.827},{"time":1.1666,"x":5.064,"y":5.064}]},"EF_dusty":{"translate":[{"time":1.0333,"x":-508.18,"y":-319.47},{"time":1.2,"x":-508.18,"y":-312.78}],"scale":[{"time":1.0333,"x":2.132,"y":2.132},{"time":1.2,"x":3.209,"y":3.209}]},"EF_wave1":{"translate":[{"time":1.0333,"x":-646.25,"y":-337.99},{"time":1.3333,"x":-646.25,"y":-348.88}],"scale":[{"time":1.0333,"x":4.2,"y":4.2},{"time":1.3333,"x":7.117,"y":7.117}]},"EF_fire2":{"translate":[{"time":1,"x":-598.93,"y":-293.25}],"scale":[{"time":1,"x":2.5,"y":2.5},{"time":1.2333,"x":3.505,"y":3.505}]},"EF_S1_fire2":{"rotate":[{"time":0.9666,"angle":-29.98}],"translate":[{"time":0.9666,"x":-304.6,"y":-68.01}],"scale":[{"time":0.9666,"x":3.827,"y":3.827},{"time":1.3,"x":5.064,"y":5.064}]},"EF_S1_fire3":{"rotate":[{"time":1.1,"angle":-29.98}],"translate":[{"time":1.1,"x":-552.85,"y":38.56}],"scale":[{"time":1.1,"x":3.827,"y":3.827},{"time":1.4333,"x":5.064,"y":5.064}]},"EF_dusty2":{"translate":[{"time":1.1666,"x":-413.35,"y":-374.03},{"time":1.3333,"x":-413.35,"y":-364.94}],"scale":[{"time":1.1666,"x":2.132,"y":2.132},{"time":1.3333,"x":3.209,"y":3.209}]},"EF_dusty3":{"translate":[{"time":1.3,"x":-677.05,"y":-275.31}],"scale":[{"time":1.3,"x":2.132,"y":2.132},{"time":1.4666,"x":3.209,"y":3.209}]},"EF_fire2_2":{"translate":[{"time":1.1333,"x":-492.46,"y":-346.49}],"scale":[{"time":1.1333,"x":2.5,"y":2.5},{"time":1.3666,"x":3.505,"y":3.505}]},"EF_fire2_3":{"translate":[{"time":1.2666,"x":-733.97,"y":-241.31}],"scale":[{"time":1.2666,"x":2.5,"y":2.5},{"time":1.5,"x":3.505,"y":3.505}]},"EF_wave2":{"translate":[{"time":1.1666,"x":-547.97,"y":-406.03},{"time":1.4666,"x":-547.97,"y":-394.69}],"scale":[{"time":1.1666,"x":4.2,"y":4.2},{"time":1.4666,"x":7.117,"y":7.117}]},"EF_wave3":{"translate":[{"time":1.3,"x":-804.07,"y":-297.36},{"time":1.6,"x":-804.07,"y":-298.3}],"scale":[{"time":1.3,"x":4.2,"y":4.2},{"time":1.6,"x":7.117,"y":7.117}]},"MAIN":{"translate":[{"time":0,"x":275.14,"y":0}]},"DAMAGEAREA":{"translate":[{"time":1.0333,"x":-6.67,"y":41.15},{"time":1.1666,"x":43.38,"y":22.24},{"time":1.3,"x":-44.49,"y":47.83}],"scale":[{"time":1.0333,"x":1,"y":0.568},{"time":1.1666,"x":1.629,"y":0.926},{"time":1.3,"x":2.168,"y":1.233}]}},"events":[{"time":0,"name":"EFHitEffect","string":"setHitEffect(hit02e,1,0.75,50)"},{"time":0.8,"name":"EFEvent","string":"setPosition_Target"},{"time":0.8333,"name":"EFEvent","float":0.05,"string":"kHitStopType_normal"},{"time":1,"name":"EFEvent","string":"shakeGround"},{"time":1.0333,"name":"EFEvent","string":"kImpactType_down"},{"time":1.0666,"name":"EFHit","string":"resetHitList"},{"time":1.1,"name":"EFHit","string":"resetHitList"},{"time":1.1333,"name":"EFEvent","string":"shakeGround"},{"time":1.1666,"name":"EFHit","string":"resetHitList"},{"time":1.2,"name":"EFHit","string":"resetHitList"},{"time":1.2333,"name":"EFHit","string":"resetHitList"},{"time":1.2666,"name":"EFEvent","string":"shakeGround"},{"time":1.3,"name":"EFHit","string":"resetHitList"},{"time":1.3333,"name":"EFHit","string":"resetHitList"},{"time":1.3666,"name":"EFHit","string":"resetHitList"}]},"wind":{"slots":{"EF/wind4/9020_wind4_00005":{"attachment":[{"time":0,"name":"EF/wind4/9020_wind4_00005"},{"time":0.0666,"name":"EF/wind4/9020_wind4_00006"},{"time":0.1333,"name":"EF/wind4/9020_wind4_00007"},{"time":0.2,"name":"EF/wind4/9020_wind4_00008"},{"time":0.2666,"name":"EF/wind4/9020_wind4_00009"},{"time":0.3333,"name":"EF/wind4/9020_wind4_00005"},{"time":0.4,"name":"EF/wind4/9020_wind4_00006"},{"time":0.4666,"name":"EF/wind4/9020_wind4_00007"},{"time":0.5333,"name":"EF/wind4/9020_wind4_00008"},{"time":0.6,"name":"EF/wind4/9020_wind4_00009"},{"time":0.6666,"name":"EF/wind4/9020_wind4_00005"},{"time":0.7,"name":null}]}},"bones":{"EF_wind2":{"translate":[{"time":0,"x":-649.84,"y":-48.4}],"scale":[{"time":0,"x":6.583,"y":4.469}]},"MAIN":{"translate":[{"time":0,"x":193.8,"y":-50.27}]}}}}}