{"skeleton":{"hash":"pw3RdwNsPnf+xBPvsAtASDOoDSA","spine":"3.0.12","width":0,"height":0},"bones":[{"name":"root"},{"name":"MAIN","parent":"root","y":74.33}],"slots":[{"name":"MAIN","bone":"MAIN","attachment":"idle_00"}],"skins":{"default":{"MAIN":{"idle_00":{"width":512,"height":512},"idle_01":{"width":512,"height":512},"idle_02":{"width":512,"height":512},"idle_03":{"width":512,"height":512}}}},"animations":{"idle":{"slots":{"MAIN":{"attachment":[{"time":0,"name":"idle_00"},{"time":0.2666,"name":"idle_01"},{"time":0.5333,"name":"idle_02"},{"time":0.8,"name":"idle_03"},{"time":1.0666,"name":"idle_00"}]}}}}}