{"skeleton":{"hash":"h1IDF5P5PESJEfrjVuyQ37jnqu8","spine":"3.0.12","width":0,"height":0,"images":"./images/"},"bones":[{"name":"root"},{"name":"grid","parent":"root"},{"name":"MAIN","parent":"root","y":48.16},{"name":"SFADOW_OFFSET","parent":"MAIN","x":-19.44,"y":-13.9,"scaleX":0.7,"scaleY":0.7},{"name":"HITBOX","parent":"MAIN","x":-19.44,"y":-13.9},{"name":"EF1","parent":"root","x":147.72,"y":-44.01,"scaleX":1.2,"scaleY":1.2},{"name":"DOT_slash3","parent":"root","x":-753.91,"y":-83.2},{"name":"DOT_slash2","parent":"root","x":-753.91,"y":116.79},{"name":"DOT_slash1","parent":"root","x":-941.63,"y":36.37},{"name":"DAMAGEAREA","parent":"root"}],"slots":[{"name":"Grit/bg","bone":"grid","color":"ffffff64"},{"name":"Grit/grid","bone":"grid","color":"ffffff64"},{"name":"EF/290_S1_wave2/290_S1_wave2_00038","bone":"EF1","blend":"additive"},{"name":"DAMAGEAREA","bone":"DAMAGEAREA"},{"name":"HITBOX","bone":"HITBOX","attachment":"HITBOX"},{"name":"EF/taiken_DOT/10000-combo_16_ef2_1F","bone":"DOT_slash3","color":"a500ffff","blend":"additive"},{"name":"EF/taiken_DOT/10000-combo_16_ef2_2","bone":"DOT_slash3","color":"a500ffff","blend":"additive"},{"name":"EF/taiken_DOT/10000-combo_7_ef1_1","bone":"DOT_slash1","color":"a500ffff","blend":"additive"},{"name":"EF/taiken_DOT/up_EF_1","bone":"DOT_slash2","color":"a500ffff","blend":"additive"},{"name":"MAIN","bone":"MAIN","attachment":"idle_00"}],"skins":{"default":{"DAMAGEAREA":{"DAMAGEAREA":{"type":"boundingbox","vertices":[-31.94957,-32.25022,31.76031,-32.48022,31.76031,31.68964,-31.94957,31.68964,0,0,0,0,0,0,0,0]}},"EF/290_S1_wave2/290_S1_wave2_00038":{"EF/290_S1_wave2/290_S1_wave2_00038":{"x":-1.21,"y":0.54,"scaleX":2,"scaleY":2,"rotation":-0.11,"width":400,"height":400},"EF/290_S1_wave2/290_S1_wave2_00039":{"x":-1.21,"y":0.54,"scaleX":2,"scaleY":2,"width":400,"height":400},"EF/290_S1_wave2/290_S1_wave2_00040":{"x":-1.21,"y":0.54,"scaleX":2,"scaleY":2,"width":400,"height":400},"EF/290_S1_wave2/290_S1_wave2_00041":{"x":-1.21,"y":0.54,"scaleX":2,"scaleY":2,"width":400,"height":400},"EF/290_S1_wave2/290_S1_wave2_00042":{"x":-1.21,"y":0.54,"scaleX":2,"scaleY":2,"width":400,"height":400},"EF/290_S1_wave2/290_S1_wave2_00043":{"x":-1.21,"y":0.54,"scaleX":2,"scaleY":2,"width":400,"height":400},"EF/290_S1_wave2/290_S1_wave2_00044":{"x":-1.21,"y":0.54,"scaleX":2,"scaleY":2,"width":400,"height":400},"EF/290_S1_wave2/290_S1_wave2_00045":{"x":-1.21,"y":0.54,"scaleX":2,"scaleY":2,"width":400,"height":400},"EF/290_S1_wave2/290_S1_wave2_00046":{"x":-1.21,"y":0.54,"scaleX":2,"scaleY":2,"width":400,"height":400},"EF/290_S1_wave2/290_S1_wave2_00047":{"x":-1.21,"y":0.54,"scaleX":2,"scaleY":2,"width":400,"height":400},"EF/290_S1_wave2/290_S1_wave2_00048":{"x":-1.21,"y":0.54,"scaleX":2,"scaleY":2,"width":400,"height":400},"EF/290_S1_wave2/290_S1_wave2_00049":{"x":-1.21,"y":0.54,"scaleX":2,"scaleY":2,"width":400,"height":400},"EF/290_S1_wave2/290_S1_wave2_00050":{"x":-1.21,"y":0.54,"scaleX":2,"scaleY":2,"width":400,"height":400}},"EF/taiken_DOT/10000-combo_16_ef2_1F":{"EF/taiken_DOT/10000-combo_16_ef2_1F":{"x":-30,"y":-65,"width":412,"height":342}},"EF/taiken_DOT/10000-combo_16_ef2_2":{"EF/taiken_DOT/10000-combo_16_ef2_2":{"x":-30,"y":-65,"width":412,"height":342},"EF/taiken_DOT/10000-combo_16_ef2_3":{"x":-30,"y":-65,"width":412,"height":342},"EF/taiken_DOT/10000-combo_16_ef2_1B":{"x":-30,"y":-65,"width":412,"height":342}},"EF/taiken_DOT/10000-combo_7_ef1_1":{"EF/taiken_DOT/10000-combo_7_ef1_1":{"x":119.14,"y":35.22,"width":412,"height":342},"EF/taiken_DOT/10000-combo_7_ef1_2":{"x":119.14,"y":35.22,"width":412,"height":342},"EF/taiken_DOT/10000-combo_7_ef1_3":{"x":119.14,"y":35.22,"width":412,"height":342}},"EF/taiken_DOT/up_EF_1":{"EF/taiken_DOT/up_EF_1":{"x":9.82,"y":-71.41,"width":200,"height":200},"EF/taiken_DOT/up_EF_2":{"x":9.82,"y":-71.41,"width":200,"height":200},"EF/taiken_DOT/up_EF_3":{"x":9.82,"y":-71.41,"width":200,"height":200},"EF/taiken_DOT/up_EF_4":{"x":9.82,"y":-71.41,"width":200,"height":200}},"HITBOX":{"HITBOX":{"type":"boundingbox","vertices":[-20.10705,61.21779,-19.76005,-42.53496,57.96777,-42.53496,57.96777,61.21779,0,0,0,0,0,0,0,0]}},"MAIN":{"attack1_00":{"x":-70,"y":19.83,"width":500,"height":400},"attack1_01":{"x":-70,"y":19.83,"width":500,"height":400},"attack1_02":{"x":-70,"y":19.83,"width":500,"height":400},"attack1_03":{"x":-70,"y":19.83,"width":500,"height":400},"attack2_00":{"x":-81,"y":23.83,"width":500,"height":400},"attack2_01":{"x":-85,"y":21.83,"width":500,"height":400},"attack2_02":{"x":-84,"y":22.83,"width":500,"height":400},"attack2_03":{"x":-84,"y":22.83,"width":500,"height":400},"attack2_04":{"x":-84,"y":22.83,"width":500,"height":400},"back_00":{"x":-75,"y":22.83,"width":500,"height":400},"damage_00":{"x":-70,"y":19.83,"width":500,"height":400},"front_00":{"x":-47,"y":19.83,"width":500,"height":400},"idle_00":{"x":-69,"y":19.83,"width":500,"height":400},"idle_01":{"x":-69,"y":19.83,"width":500,"height":400},"idle_02":{"x":-69,"y":19.83,"width":500,"height":400},"idle_03":{"x":-69,"y":19.83,"width":500,"height":400},"idle_04":{"x":-69,"y":19.83,"width":500,"height":400},"skill1_00":{"x":-70,"y":-3.16,"width":500,"height":400},"skill1_01":{"x":-69,"y":5.83,"width":500,"height":400},"skill1_02":{"x":-79,"y":16.83,"width":500,"height":400},"skill1_03":{"x":-64,"y":6.83,"width":500,"height":400},"skill1_04":{"x":-80,"y":26.37,"width":500,"height":400},"skill1_05":{"x":-80,"y":26.37,"width":500,"height":400},"skill1_06":{"x":-80,"y":26.37,"width":500,"height":400},"skill2_00":{"x":3.99,"y":37.79,"width":500,"height":400},"skill2_01":{"x":3.99,"y":37.79,"width":500,"height":400},"skill2_02":{"x":8.85,"y":14.35,"width":500,"height":400},"skill2_03":{"x":48.12,"y":1.28,"width":500,"height":400},"skill2_04":{"x":44.26,"y":1.87,"width":500,"height":400},"skill2_05":{"x":40.74,"y":30.58,"width":500,"height":400},"skill2_06":{"x":40.73,"y":30.59,"width":500,"height":400}}}},"events":{"Event":{},"Event2":{},"Hit":{},"Sound1":{},"Sound2":{},"Sound3":{},"View":{},"Voice":{}},"animations":{"attack1":{"slots":{"DAMAGEAREA":{"attachment":[{"time":0.3666,"name":"DAMAGEAREA"},{"time":0.5,"name":null},{"time":0.9,"name":"DAMAGEAREA"},{"time":1,"name":null},{"time":1.6666,"name":"DAMAGEAREA"},{"time":1.7666,"name":null}]},"EF/taiken_DOT/10000-combo_16_ef2_2":{"attachment":[{"time":0.9,"name":"EF/taiken_DOT/10000-combo_16_ef2_1B"},{"time":0.9333,"name":"EF/taiken_DOT/10000-combo_16_ef2_2"},{"time":0.9666,"name":"EF/taiken_DOT/10000-combo_16_ef2_3"},{"time":1,"name":null}]},"EF/taiken_DOT/10000-combo_16_ef2_1F":{"attachment":[{"time":0.9,"name":"EF/taiken_DOT/10000-combo_16_ef2_1F"},{"time":0.9333,"name":null}]},"EF/taiken_DOT/10000-combo_7_ef1_1":{"attachment":[{"time":0.3333,"name":"EF/taiken_DOT/10000-combo_7_ef1_1"},{"time":0.3666,"name":"EF/taiken_DOT/10000-combo_7_ef1_2"},{"time":0.4,"name":"EF/taiken_DOT/10000-combo_7_ef1_3"},{"time":0.4333,"name":null},{"time":1.6333,"name":"EF/taiken_DOT/10000-combo_7_ef1_1"},{"time":1.6666,"name":"EF/taiken_DOT/10000-combo_7_ef1_2"},{"time":1.7,"name":"EF/taiken_DOT/10000-combo_7_ef1_3"},{"time":1.7333,"name":null}]},"MAIN":{"attachment":[{"time":0,"name":"attack1_00"},{"time":0.1333,"name":"attack1_01"},{"time":0.3333,"name":"attack1_02"},{"time":0.4333,"name":"attack1_03"},{"time":0.6666,"name":"attack2_00"},{"time":0.8333,"name":"attack2_01"},{"time":0.9,"name":"attack2_02"},{"time":1,"name":"attack2_03"},{"time":1.1,"name":"attack2_04"},{"time":1.3,"name":"attack1_00"},{"time":1.4333,"name":"attack1_01"},{"time":1.6333,"name":"attack1_02"},{"time":1.7333,"name":"attack1_03"},{"time":2.2666,"name":"back_00"},{"time":2.4,"name":"idle_00"}]}},"bones":{"MAIN":{"translate":[{"time":0,"x":0,"y":13.57,"curve":"stepped"},{"time":0.6666,"x":-10,"y":0,"curve":"stepped"},{"time":0.8666,"x":-20,"y":0,"curve":"stepped"},{"time":1.3,"x":-30,"y":13.56,"curve":"stepped"},{"time":2.2666,"x":-30,"y":0,"curve":[0,0.39,0.197,1]},{"time":2.5333,"x":0,"y":0}]},"DAMAGEAREA":{"rotate":[{"time":0.9,"angle":0.6}],"translate":[{"time":0.3666,"x":-90.86,"y":44.76,"curve":"stepped"},{"time":0.9,"x":-140.09,"y":23.85,"curve":"stepped"},{"time":1.6666,"x":-121.74,"y":57.92}],"scale":[{"time":0.3666,"x":2.339,"y":1.454,"curve":"stepped"},{"time":0.9,"x":3.033,"y":0.832,"curve":"stepped"},{"time":1.6666,"x":2.252,"y":1.833}]},"DOT_slash1":{"rotate":[{"time":0.3333,"angle":3.44,"curve":"stepped"},{"time":1.6333,"angle":3.44}],"translate":[{"time":0.3333,"x":777.34,"y":1.62,"curve":"stepped"},{"time":1.6333,"x":745.76,"y":1.62}]},"DOT_slash3":{"translate":[{"time":0.9,"x":724.49,"y":58.77}],"scale":[{"time":0.9,"x":1,"y":-0.642}]}},"events":[{"time":0.3,"name":"Sound1","string":"cri_se_battle_skill_shot"},{"time":0.3333,"name":"Event","float":0.03,"string":"kHitStopType_normal"},{"time":0.3333,"name":"Sound1","string":"setHitSound(se_battle_019_sword_hit_03)"},{"time":0.3333,"name":"Voice","string":"cri_020_voice_attack_a"},{"time":0.8666,"name":"Sound1","string":"cri_se_battle_skill_shot"},{"time":0.9,"name":"Hit","string":"resetHitList"},{"time":0.9,"name":"Sound1","string":"setHitSound(se_battle_019_sword_hit_03)"},{"time":1.6,"name":"Sound1","string":"cri_se_battle_skill_shot"},{"time":1.6666,"name":"Hit","string":"resetHitList"},{"time":1.6666,"name":"Sound1","string":"setHitSound(se_battle_019_sword_hit_03)"},{"time":1.6666,"name":"Voice","string":"cri_020_voice_attack_b"}]},"back":{"slots":{"MAIN":{"attachment":[{"time":0,"name":"back_00"},{"time":0.3333,"name":"idle_00"}]}},"bones":{"MAIN":{"translate":[{"time":0,"x":0,"y":0},{"time":0.1666,"x":69.99,"y":8.5},{"time":0.3333,"x":129.99,"y":0,"curve":[0.217,0.87,0.239,0.93]},{"time":0.6,"x":139.99,"y":0}]}},"events":[{"time":0,"name":"Voice","string":"cri_se_battle_jump"},{"time":0.3333,"name":"Voice","string":"cri_se_battle_landing"}]},"cast":{"slots":{"EF/taiken_DOT/10000-combo_16_ef2_2":{"attachment":[{"time":0.5666,"name":"EF/taiken_DOT/10000-combo_16_ef2_1B"},{"time":0.6,"name":"EF/taiken_DOT/10000-combo_16_ef2_2"},{"time":0.6333,"name":"EF/taiken_DOT/10000-combo_16_ef2_3"},{"time":0.6666,"name":null}]},"EF/taiken_DOT/10000-combo_16_ef2_1F":{"attachment":[{"time":0.5666,"name":"EF/taiken_DOT/10000-combo_16_ef2_1F"},{"time":0.6,"name":null}]},"MAIN":{"attachment":[{"time":0,"name":"attack2_00"},{"time":0.5,"name":"attack2_01"},{"time":0.5666,"name":"attack2_02"},{"time":0.6333,"name":"attack2_03"},{"time":0.7,"name":"attack2_04"},{"time":1,"name":"attack2_00"}]}},"bones":{"DOT_slash3":{"translate":[{"time":0.5666,"x":733.91,"y":58.77}],"scale":[{"time":0.5666,"x":1,"y":-0.642}]}},"events":[{"time":0.5,"name":"Voice","string":"cri_020_voice_item"}]},"damage":{"slots":{"MAIN":{"attachment":[{"time":0,"name":"damage_00"}]}}},"front":{"slots":{"MAIN":{"attachment":[{"time":0,"name":"front_00"}]}}},"idle":{"slots":{"MAIN":{"attachment":[{"time":0,"name":"idle_00"},{"time":0.1666,"name":"idle_01"},{"time":0.3333,"name":"idle_02"},{"time":0.5,"name":"idle_03"},{"time":0.6666,"name":"idle_04"},{"time":0.8333,"name":"idle_00"}]}}},"skill1":{"slots":{"DAMAGEAREA":{"attachment":[{"time":0.4,"name":"DAMAGEAREA"},{"time":0.6333,"name":null}]},"EF/290_S1_wave2/290_S1_wave2_00038":{"attachment":[{"time":0.4333,"name":"EF/290_S1_wave2/290_S1_wave2_00038"},{"time":0.4666,"name":"EF/290_S1_wave2/290_S1_wave2_00039"},{"time":0.5,"name":"EF/290_S1_wave2/290_S1_wave2_00040"},{"time":0.5333,"name":"EF/290_S1_wave2/290_S1_wave2_00041"},{"time":0.5666,"name":"EF/290_S1_wave2/290_S1_wave2_00042"},{"time":0.6,"name":"EF/290_S1_wave2/290_S1_wave2_00043"},{"time":0.6333,"name":"EF/290_S1_wave2/290_S1_wave2_00045"},{"time":0.6666,"name":"EF/290_S1_wave2/290_S1_wave2_00046"},{"time":0.7,"name":"EF/290_S1_wave2/290_S1_wave2_00047"},{"time":0.7333,"name":"EF/290_S1_wave2/290_S1_wave2_00048"},{"time":0.7666,"name":"EF/290_S1_wave2/290_S1_wave2_00049"},{"time":0.8,"name":"EF/290_S1_wave2/290_S1_wave2_00050"}]},"MAIN":{"attachment":[{"time":0.0333,"name":"skill1_01"},{"time":0.1,"name":"skill1_02"},{"time":0.3666,"name":"skill1_03"},{"time":0.4,"name":"skill1_04"},{"time":0.4333,"name":"skill1_05"},{"time":0.4666,"name":"skill1_06"},{"time":1.1,"name":"idle_00"}]}},"bones":{"MAIN":{"translate":[{"time":0,"x":0,"y":6.65},{"time":0.0333,"x":-10,"y":37.43,"curve":[0.085,0.63,0.75,1]},{"time":0.1333,"x":-30,"y":111.85,"curve":[0.133,0.88,0.75,1]},{"time":0.3666,"x":-35,"y":110.34,"curve":[0.25,0,0.75,1]},{"time":0.4,"x":-73.5,"y":2.12},{"time":0.4333,"x":-73.5,"y":-6.82},{"time":0.5,"x":-73.5,"y":10.57},{"time":0.5333,"x":-73.5,"y":2.12}]},"EF1":{"translate":[{"time":0.4333,"x":-347.72,"y":29.98}]},"DAMAGEAREA":{"translate":[{"time":0.4,"x":-193.38,"y":128.4,"curve":"stepped"},{"time":0.5,"x":-211.45,"y":7.92}],"scale":[{"time":0.4,"x":3.227,"y":4.286,"curve":"stepped"},{"time":0.5,"x":3.113,"y":0.897},{"time":0.6,"x":4.759,"y":0.897}]}},"events":[{"time":0.0333,"name":"Sound1","string":"cri_se_battle_jump"},{"time":0.0333,"name":"Voice","string":"cri_020_voice_skill_b"},{"time":0.3333,"name":"Event","float":0.2,"string":"kHitType_normal"},{"time":0.3666,"name":"Event","string":"kImpactType_down"},{"time":0.3666,"name":"Sound1","string":"cri_se_battle_skill_shot"},{"time":0.4,"name":"Sound1","string":"cri_se_battle_thunder_small"},{"time":0.4,"name":"Sound2","string":"cri_se_battle_037_explosion_element_05"},{"time":0.4,"name":"Sound3","string":"setHitSound(se_battle_019_sword_hit_03)"},{"time":0.4,"name":"View","string":"shakeGround"},{"time":0.4666,"name":"Event","float":0.05,"string":"kHitStopType_normal"},{"time":0.5,"name":"Hit","float":2.5,"string":"resetHitList"},{"time":0.5666,"name":"Event","float":0.2,"string":"kHitStopType_normal"},{"time":0.6,"name":"Hit","float":1,"string":"resetHitList"}]},"skill2":{"slots":{"DAMAGEAREA":{"attachment":[{"time":0.6333,"name":"DAMAGEAREA"},{"time":1.3333,"name":null}]},"EF/290_S1_wave2/290_S1_wave2_00038":{"attachment":[{"time":0.5,"name":"EF/290_S1_wave2/290_S1_wave2_00038"},{"time":0.5333,"name":"EF/290_S1_wave2/290_S1_wave2_00039"},{"time":0.5666,"name":"EF/290_S1_wave2/290_S1_wave2_00040"},{"time":0.6,"name":"EF/290_S1_wave2/290_S1_wave2_00041"},{"time":0.6333,"name":"EF/290_S1_wave2/290_S1_wave2_00042"},{"time":0.6666,"name":"EF/290_S1_wave2/290_S1_wave2_00043"},{"time":0.7,"name":"EF/290_S1_wave2/290_S1_wave2_00044"},{"time":0.7333,"name":"EF/290_S1_wave2/290_S1_wave2_00045"},{"time":0.7666,"name":"EF/290_S1_wave2/290_S1_wave2_00046"},{"time":0.8,"name":"EF/290_S1_wave2/290_S1_wave2_00047"},{"time":0.8333,"name":"EF/290_S1_wave2/290_S1_wave2_00048"},{"time":0.8666,"name":"EF/290_S1_wave2/290_S1_wave2_00049"},{"time":0.9,"name":"EF/290_S1_wave2/290_S1_wave2_00050"}]},"EF/taiken_DOT/10000-combo_7_ef1_1":{"attachment":[{"time":0.5,"name":"EF/taiken_DOT/10000-combo_7_ef1_1"},{"time":0.5333,"name":"EF/taiken_DOT/10000-combo_7_ef1_2"},{"time":0.5666,"name":"EF/taiken_DOT/10000-combo_7_ef1_3"},{"time":0.6,"name":null}]},"MAIN":{"attachment":[{"time":0,"name":"idle_00"},{"time":0.1,"name":"skill1_03"},{"time":0.4,"name":"skill1_02"},{"time":0.4666,"name":"skill1_01"},{"time":0.5,"name":"skill2_03"},{"time":0.5666,"name":"skill2_04"},{"time":0.6333,"name":"skill2_05"},{"time":0.6666,"name":"skill2_06"},{"time":1.8,"name":"skill2_06"}]}},"bones":{"MAIN":{"translate":[{"time":0,"x":0,"y":-4.95},{"time":0.1,"x":-30,"y":91.81,"curve":[0.148,0.48,0.75,1]},{"time":0.4333,"x":-40,"y":106.13},{"time":0.5,"x":-118.95,"y":11.6},{"time":0.5333,"x":-118.95,"y":6.33},{"time":0.5666,"x":-116.44,"y":-12},{"time":0.6333,"x":-117.18,"y":-6.47}]},"EF1":{"translate":[{"time":0.5,"x":-324.62,"y":15.28}]},"DAMAGEAREA":{"translate":[{"time":0.6333,"x":-324.51,"y":1.48}],"scale":[{"time":0.6333,"x":6.074,"y":1.486}]},"DOT_slash1":{"rotate":[{"time":0.5,"angle":3.44}],"translate":[{"time":0.5,"x":718.5,"y":-20.93}]}},"events":[{"time":0.0333,"name":"Sound2","string":"cri_se_battle_jump"},{"time":0.1,"name":"Voice","string":"cri_020_voice_fullarts_now"},{"time":0.4666,"name":"Sound1","string":"cri_se_battle_skill_shot"},{"time":0.5,"name":"Sound1","string":"setHitSound(se_battle_019_sword_hit_03)"},{"time":0.5,"name":"Sound2","string":"cri_se_battle_magic_Invocation_dark"},{"time":0.5666,"name":"Event2","string":"kImpactType_down"},{"time":0.5666,"name":"Sound1","string":"cri_se_battle_sword_heavy_hit"},{"time":0.5666,"name":"View","string":"shakeGround"},{"time":0.6,"name":"Event","float":0.4,"string":"kHitStopType_normal"},{"time":0.6,"name":"Sound1","string":"setHitSound(se_battle_thunder_small)"},{"time":0.6333,"name":"Event","string":"setHitBackEnemy(20,0)"},{"time":0.6666,"name":"Event","string":"setHitBackEnemy(0,0)"},{"time":0.7,"name":"Hit","string":"resetHitList"}]}}}