{"skeleton":{"hash":"+1Wshgh7WSgjThBJyv4F4rehvaY","spine":"3.0.12","width":400,"height":350,"images":"./imagesMH/"},"bones":[{"name":"root"},{"name":"grid","parent":"root","x":-150},{"name":"blade2","parent":"root","x":390.26,"y":-14.73,"color":"0000ffff"},{"name":"blade","parent":"root","x":390.26,"y":31.42,"color":"0000ffff"},{"name":"MAIN","parent":"root","y":65},{"name":"frying_pan","parent":"MAIN","x":94.55,"y":27.14},{"name":"SHADOW-OFFSET","parent":"MAIN","y":-65},{"name":"R_hand","parent":"MAIN","x":-53.57,"y":-1.12,"rotation":12.96,"color":"00ff00ff"},{"name":"R_blade","parent":"MAIN","x":-55.77,"y":-1.99,"rotation":8.82,"color":"00ff00ff"},{"name":"L_hand","parent":"MAIN","x":46.92,"y":11.15,"rotation":3.58,"color":"ff0000ff"},{"name":"L_blade","parent":"MAIN","x":40.47,"y":12.65,"rotation":10.45,"color":"ff0000ff"},{"name":"HITBOX","parent":"MAIN","y":-65},{"name":"DAMAGEAREA","parent":"root"},{"name":"slash","parent":"root","x":540.06,"y":27.48},{"name":"slash2","parent":"root","x":540.06,"y":27.48},{"name":"wave","parent":"root","x":245.85,"y":30.6},{"name":"wave2","parent":"root","x":245.85,"y":-15.83},{"name":"wave3","parent":"root","x":245.85,"y":30.6,"scaleX":1.5,"scaleY":1.5},{"name":"wave4","parent":"root","x":245.85,"y":-15.83,"scaleX":1.5,"scaleY":1.5}],"slots":[{"name":"grid/bg","bone":"grid","color":"ffffff64"},{"name":"grid/grid","bone":"grid","color":"ffffff64"},{"name":"EF/wave_ground/100_S1_wave1_00001","bone":"wave","blend":"additive"},{"name":"EF/wave_ground/100_S1_wave1_2","bone":"wave3","blend":"additive"},{"name":"EF/wave_ground/100_S1_wave1_1","bone":"wave2","blend":"additive"},{"name":"EF/wave_ground/100_S1_wave1_3","bone":"wave4","blend":"additive"},{"name":"frying_pan","bone":"frying_pan"},{"name":"MAIN","bone":"MAIN","attachment":"idle_00"},{"name":"EF/EF_slash_Dot/10000-combo_16_ef2_1B","bone":"slash","color":"ff2612ff","blend":"additive"},{"name":"EF/EF_slash_Dot/10000-combo_16_ef2_1B2","bone":"slash2","color":"ff2612ff","blend":"additive"},{"name":"EF/EF_slash_Dot/10000-combo_16_ef2_1F","bone":"slash","color":"ff2612ff","blend":"additive"},{"name":"EF/EF_slash_Dot/10000-combo_16_ef2_1F2","bone":"slash2","color":"ff2612ff","blend":"additive"},{"name":"EF/EF_slash_Dot/EF_slash","bone":"slash","color":"ff2612ff","blend":"additive"},{"name":"EF/EF_slash_Dot/EF_slash2","bone":"slash2","color":"ff2612ff","blend":"additive"},{"name":"EF/EF_blade_Dot/weapon_around_1","bone":"blade"},{"name":"EF/EF_blade_Dot/weapon_around_2","bone":"blade2"},{"name":"R_blade","bone":"R_blade","attachment":"R_blade"},{"name":"R_arm_3","bone":"R_hand","attachment":"R_arm_3"},{"name":"L_blade","bone":"L_blade","attachment":"L_blade"},{"name":"L_arm_3","bone":"L_hand","attachment":"L_arm_3"},{"name":"DAMAGEAREA","bone":"DAMAGEAREA"},{"name":"HITBOX","bone":"HITBOX","attachment":"HITBOX"}],"skins":{"default":{"DAMAGEAREA":{"DAMAGEAREA":{"type":"boundingbox","vertices":[94.4803,-97.84998,94.4803,96.18993,-99.55963,96.18993,-99.55963,-99.16998]}},"EF/EF_blade_Dot/weapon_around_1":{"EF/EF_blade_Dot/weapon_around_1":{"x":-0.57,"y":-4.87,"width":300,"height":150},"EF/EF_blade_Dot/weapon_around_2":{"x":-0.57,"y":-4.87,"width":300,"height":150},"EF/EF_blade_Dot/weapon_around_3":{"x":-0.57,"y":-4.87,"width":300,"height":150}},"EF/EF_blade_Dot/weapon_around_2":{"EF/EF_blade_Dot/weapon_around_1":{"x":-0.57,"y":-4.87,"width":300,"height":150},"EF/EF_blade_Dot/weapon_around_2":{"x":-0.57,"y":-4.87,"width":300,"height":150},"EF/EF_blade_Dot/weapon_around_3":{"x":-0.57,"y":-4.87,"width":300,"height":150}},"EF/EF_slash_Dot/10000-combo_16_ef2_1B":{"EF/EF_slash_Dot/10000-combo_16_ef2_1B":{"x":-51.49,"y":-27.48,"scaleX":2,"scaleY":2,"width":206,"height":171}},"EF/EF_slash_Dot/10000-combo_16_ef2_1B2":{"EF/EF_slash_Dot/10000-combo_16_ef2_1B":{"x":-51.49,"y":-27.48,"scaleX":2,"scaleY":2,"width":206,"height":171}},"EF/EF_slash_Dot/10000-combo_16_ef2_1F":{"EF/EF_slash_Dot/10000-combo_16_ef2_1F":{"x":-51.49,"y":-27.48,"scaleX":2,"scaleY":2,"width":206,"height":171}},"EF/EF_slash_Dot/10000-combo_16_ef2_1F2":{"EF/EF_slash_Dot/10000-combo_16_ef2_1F":{"x":-51.49,"y":-27.48,"scaleX":2,"scaleY":2,"width":206,"height":171}},"EF/EF_slash_Dot/EF_slash":{"EF/EF_slash_Dot/EF_slash":{"x":1.13,"y":-58,"scaleX":2,"scaleY":2,"width":197,"height":88}},"EF/EF_slash_Dot/EF_slash2":{"EF/EF_slash_Dot/EF_slash":{"x":1.13,"y":-58,"scaleX":2,"scaleY":2,"width":197,"height":88}},"EF/wave_ground/100_S1_wave1_00001":{"EF/wave_ground/100_S1_wave1_00001":{"y":8.23,"width":224,"height":224},"EF/wave_ground/100_S1_wave1_00003":{"y":8.23,"width":224,"height":224},"EF/wave_ground/100_S1_wave1_00004":{"y":8.23,"width":224,"height":224},"EF/wave_ground/100_S1_wave1_00005":{"y":8.23,"width":224,"height":224},"EF/wave_ground/100_S1_wave1_00006":{"y":8.23,"width":224,"height":224},"EF/wave_ground/100_S1_wave1_00007":{"y":8.23,"width":224,"height":224},"EF/wave_ground/100_S1_wave1_00008":{"y":8.23,"width":224,"height":224},"EF/wave_ground/100_S1_wave1_00009":{"y":8.23,"width":224,"height":224}},"EF/wave_ground/100_S1_wave1_1":{"EF/wave_ground/100_S1_wave1_00001":{"y":8.23,"width":224,"height":224},"EF/wave_ground/100_S1_wave1_00003":{"y":8.23,"width":224,"height":224},"EF/wave_ground/100_S1_wave1_00004":{"y":8.23,"width":224,"height":224},"EF/wave_ground/100_S1_wave1_00005":{"y":8.23,"width":224,"height":224},"EF/wave_ground/100_S1_wave1_00006":{"y":8.23,"width":224,"height":224},"EF/wave_ground/100_S1_wave1_00007":{"y":8.23,"width":224,"height":224},"EF/wave_ground/100_S1_wave1_00008":{"y":8.23,"width":224,"height":224},"EF/wave_ground/100_S1_wave1_00009":{"y":8.23,"width":224,"height":224}},"EF/wave_ground/100_S1_wave1_2":{"EF/wave_ground/100_S1_wave1_00001":{"y":8.23,"width":224,"height":224},"EF/wave_ground/100_S1_wave1_00003":{"y":8.23,"width":224,"height":224},"EF/wave_ground/100_S1_wave1_00004":{"y":8.23,"width":224,"height":224},"EF/wave_ground/100_S1_wave1_00005":{"y":8.23,"width":224,"height":224},"EF/wave_ground/100_S1_wave1_00006":{"y":8.23,"width":224,"height":224},"EF/wave_ground/100_S1_wave1_00007":{"y":8.23,"width":224,"height":224},"EF/wave_ground/100_S1_wave1_00008":{"y":8.23,"width":224,"height":224},"EF/wave_ground/100_S1_wave1_00009":{"y":8.23,"width":224,"height":224}},"EF/wave_ground/100_S1_wave1_3":{"EF/wave_ground/100_S1_wave1_00001":{"y":8.23,"width":224,"height":224},"EF/wave_ground/100_S1_wave1_00003":{"y":8.23,"width":224,"height":224},"EF/wave_ground/100_S1_wave1_00004":{"y":8.23,"width":224,"height":224},"EF/wave_ground/100_S1_wave1_00005":{"y":8.23,"width":224,"height":224},"EF/wave_ground/100_S1_wave1_00006":{"y":8.23,"width":224,"height":224},"EF/wave_ground/100_S1_wave1_00007":{"y":8.23,"width":224,"height":224},"EF/wave_ground/100_S1_wave1_00008":{"y":8.23,"width":224,"height":224},"EF/wave_ground/100_S1_wave1_00009":{"y":8.23,"width":224,"height":224}},"HITBOX":{"HITBOX":{"type":"boundingbox","vertices":[50.45019,-1.19409,49.14816,147.23383,-65.42779,147.23383,-64.12579,-2.49609]}},"L_arm_3":{"L_arm_3":{"width":23,"height":21},"L_arm_3_baclflip":{"width":20,"height":20},"L_arm_3_dash":{"x":-1.32,"y":-7.42,"width":32,"height":32},"L_arm_3_food":{"width":20,"height":23},"L_arm_3_fp_stance":{"width":28,"height":16},"L_arm_3_knuckle":{"rotation":-3.57,"width":24,"height":18}},"L_blade":{"L_blade":{"x":43,"y":-15,"width":128,"height":56},"R_blade_2":{"x":-12,"y":44,"width":47,"height":132},"R_blade_3":{"x":20,"y":-25,"width":68,"height":76}},"MAIN":{"attack1_00":{"y":43,"width":400,"height":350},"attack1_01":{"y":43,"width":400,"height":350},"attack1_02":{"y":43,"width":400,"height":350},"attack1_03":{"y":43,"width":400,"height":350},"attack2_00":{"x":-20.18,"y":59,"width":400,"height":350},"attack2_01":{"x":-20.87,"y":34.95,"width":400,"height":350},"attack2_02":{"x":-4.52,"y":40.21,"width":400,"height":350},"attack2_03":{"x":-10.43,"y":40.56,"width":400,"height":350},"attack2_04":{"y":43,"width":400,"height":350},"attack2_05":{"y":43,"width":400,"height":350},"attack2_06":{"y":43,"width":400,"height":350},"attack3_00":{"x":-5,"y":43,"width":400,"height":350},"attack3_01":{"x":-14.58,"y":32,"width":400,"height":350},"attack3_02":{"x":-6.12,"y":40.74,"width":400,"height":350},"attack3_03":{"x":16.99,"y":43,"width":400,"height":350},"attack3_04":{"x":17,"y":43,"width":400,"height":350},"attack3_05":{"x":17.28,"y":43,"width":400,"height":350},"cast_00":{"y":42.96,"width":400,"height":350},"cast_01":{"y":43,"width":400,"height":350},"cast_02":{"y":43,"width":400,"height":350},"cast_03":{"y":43,"width":400,"height":350},"combo_00":{"y":43,"width":400,"height":350},"combo_01":{"x":-20.18,"y":59,"width":400,"height":350},"damage_00":{"x":19.97,"y":40.01,"width":400,"height":350},"front_00":{"y":46,"width":400,"height":350},"idle_00":{"x":-16,"y":43,"width":400,"height":350},"idle_01":{"x":-16,"y":43,"width":400,"height":350},"idle_02":{"x":-16,"y":43,"width":400,"height":350},"idle_03":{"x":-16,"y":43,"width":400,"height":350},"idle_04":{"x":-16,"y":43,"width":400,"height":350},"skill1_00":{"x":-5,"y":43,"width":400,"height":350},"skill1_01":{"x":-5,"y":43,"width":400,"height":350},"skill1_02":{"x":-5,"y":43,"width":400,"height":350},"skill1_03":{"x":-15,"y":43,"width":400,"height":350},"skill1_04":{"x":-15,"y":43,"width":400,"height":350},"skill1_05":{"x":2.5,"y":43,"width":400,"height":350},"skill1_06":{"x":2.5,"y":43,"width":400,"height":350},"skill1_07":{"x":2.5,"y":43,"width":400,"height":350},"skill1_08":{"x":2.5,"y":40,"width":400,"height":350},"skill1_09":{"x":2.5,"y":41,"width":400,"height":350},"skill1_10":{"x":2.5,"y":43,"width":400,"height":350},"skill2_00":{"x":-6,"y":43,"width":400,"height":350},"skill2_01":{"x":-8,"y":43,"width":400,"height":350},"skill2_02":{"x":-28,"y":43,"width":400,"height":350},"skill2_03":{"x":-28,"y":43,"width":400,"height":350},"skill2_04":{"x":-28,"y":43,"width":400,"height":350},"skill2_05":{"x":-8,"y":43,"width":400,"height":350},"skill2_06":{"x":-8.12,"y":18.73,"width":400,"height":350},"skill2_07":{"x":-11.42,"y":37.53,"width":400,"height":350},"skill2_08":{"x":-16,"y":40.83,"width":400,"height":350},"skill2_09":{"x":-20.57,"y":38.04,"width":400,"height":350},"skill2_10":{"y":43,"width":400,"height":350},"skill2_11":{"y":43,"width":400,"height":350},"skill2_12":{"x":16,"y":41.98,"width":400,"height":350},"skill2_13":{"y":42,"width":400,"height":350},"skill2_14":{"x":-23.62,"y":38.54,"width":400,"height":350},"skill2_15":{"x":-23.62,"y":38.54,"width":400,"height":350},"skill2_16":{"x":-12.69,"y":38.54,"width":400,"height":350},"skill2_17":{"x":-16,"y":43,"width":400,"height":350},"skill2_18":{"x":-16,"y":43,"width":400,"height":350},"skill2_19":{"x":-16,"y":43,"width":400,"height":350},"skill3_00":{"x":-2.98,"y":28.92,"width":400,"height":350}},"R_arm_3":{"L_arm_3_dash":{"width":32,"height":32},"R_arm_3":{"width":22,"height":24}},"R_blade":{"R_blade":{"x":-16,"y":42,"width":68,"height":132},"R_blade_2":{"x":-13,"y":46,"width":47,"height":132},"R_blade_3":{"x":20,"y":-25,"width":68,"height":76}},"frying_pan":{"frying_pan_1":{"x":5.8,"y":53.28,"width":115,"height":162},"frying_pan_2":{"x":5.8,"y":53.28,"width":115,"height":162}}}},"events":{"Event":{},"Hit":{},"Sound1":{},"Sound2":{},"Voice":{}},"animations":{"attack1":{"slots":{"DAMAGEAREA":{"attachment":[{"time":0.2,"name":"DAMAGEAREA"},{"time":0.2666,"name":null},{"time":0.5,"name":"DAMAGEAREA"},{"time":0.5666,"name":null},{"time":1.0333,"name":"DAMAGEAREA"},{"time":1.1,"name":null}]},"EF/EF_slash_Dot/10000-combo_16_ef2_1B":{"attachment":[{"time":0,"name":null},{"time":0.2,"name":"EF/EF_slash_Dot/10000-combo_16_ef2_1B"},{"time":0.2333,"name":null},{"time":1.0333,"name":"EF/EF_slash_Dot/10000-combo_16_ef2_1B"},{"time":1.0666,"name":null}]},"EF/EF_slash_Dot/10000-combo_16_ef2_1B2":{"attachment":[{"time":1.0333,"name":"EF/EF_slash_Dot/10000-combo_16_ef2_1B"},{"time":1.0666,"name":null}]},"EF/EF_slash_Dot/10000-combo_16_ef2_1F":{"attachment":[{"time":0,"name":null},{"time":0.2,"name":"EF/EF_slash_Dot/10000-combo_16_ef2_1F"},{"time":0.2333,"name":null},{"time":1.0333,"name":"EF/EF_slash_Dot/10000-combo_16_ef2_1F"},{"time":1.0666,"name":null}]},"EF/EF_slash_Dot/10000-combo_16_ef2_1F2":{"attachment":[{"time":1.0333,"name":"EF/EF_slash_Dot/10000-combo_16_ef2_1F"},{"time":1.0666,"name":null}]},"EF/EF_slash_Dot/EF_slash":{"attachment":[{"time":0.5,"name":"EF/EF_slash_Dot/EF_slash"},{"time":0.5333,"name":null},{"time":1.0333,"name":null}]},"L_arm_3":{"attachment":[{"time":0,"name":"L_arm_3"},{"time":0.0333,"name":"L_arm_3_baclflip"},{"time":0.2,"name":"L_arm_3"},{"time":0.3333,"name":"L_arm_3_food"},{"time":0.4666,"name":"L_arm_3_dash"},{"time":0.6,"name":"L_arm_3_dash"},{"time":0.8666,"name":null},{"time":0.9333,"name":"L_arm_3_fp_stance"},{"time":1.0333,"name":"L_arm_3_dash"},{"time":1.2666,"name":null},{"time":1.5666,"name":"L_arm_3_knuckle"},{"time":1.6333,"name":"L_arm_3"},{"time":1.9,"name":"L_arm_3"}]},"L_blade":{"attachment":[{"time":0,"name":"L_blade"},{"time":0.0333,"name":"L_blade"},{"time":0.6,"name":"L_blade"},{"time":1.4333,"name":"L_blade"},{"time":1.6333,"name":"L_blade"},{"time":1.9,"name":"L_blade"}],"color":[{"time":1.3666,"color":"ccccccff","curve":"stepped"},{"time":1.4666,"color":"ffffffff"}]},"MAIN":{"attachment":[{"time":0,"name":"idle_00"},{"time":0.0333,"name":"attack1_00"},{"time":0.2,"name":"attack1_01"},{"time":0.2333,"name":"attack1_02"},{"time":0.2666,"name":"attack1_03"},{"time":0.3333,"name":"attack2_00"},{"time":0.4666,"name":"attack2_01"},{"time":0.5,"name":"attack2_02"},{"time":0.6,"name":"attack2_03"},{"time":0.6666,"name":"attack2_04"},{"time":0.7,"name":"attack2_05"},{"time":0.7333,"name":"attack2_06"},{"time":0.8333,"name":"combo_00"},{"time":0.8666,"name":"attack3_00"},{"time":0.9333,"name":"attack3_02"},{"time":1.0333,"name":"attack3_03"},{"time":1.0666,"name":"attack3_04"},{"time":1.1333,"name":"attack3_05"},{"time":1.2666,"name":"skill2_12"},{"time":1.3666,"name":"skill2_13"},{"time":1.4333,"name":"skill2_14"},{"time":1.4666,"name":"skill2_15"},{"time":1.5666,"name":"skill2_16"},{"time":1.6333,"name":"idle_00"},{"time":1.7666,"name":"idle_02"},{"time":1.9,"name":"idle_00"}]},"R_arm_3":{"attachment":[{"time":0,"name":"R_arm_3"},{"time":0.0333,"name":null},{"time":0.2,"name":"L_arm_3_dash"},{"time":0.3333,"name":null},{"time":0.6666,"name":null},{"time":0.7,"name":"R_arm_3"},{"time":0.8666,"name":"L_arm_3_dash"},{"time":1.0333,"name":"R_arm_3"},{"time":1.3666,"name":"L_arm_3_dash"},{"time":1.4333,"name":"R_arm_3"},{"time":1.4666,"name":null},{"time":1.6333,"name":"R_arm_3"},{"time":1.9,"name":"R_arm_3"}]},"R_blade":{"attachment":[{"time":0,"name":"R_blade"},{"time":0.2,"name":"R_blade"},{"time":0.8666,"name":"R_blade_3"},{"time":0.9333,"name":"R_blade_3"},{"time":1.3666,"name":"R_blade"},{"time":1.4333,"name":"R_blade_2"},{"time":1.5666,"name":"R_blade"},{"time":1.6333,"name":"R_blade"},{"time":1.9,"name":"R_blade"}],"color":[{"time":0.3333,"color":"ccccccff","curve":"stepped"},{"time":0.8333,"color":"ffffffff","curve":"stepped"},{"time":0.9333,"color":"ccccccff","curve":"stepped"},{"time":1.0333,"color":"ffffffff"}]}},"bones":{"MAIN":{"translate":[{"time":0,"x":0,"y":0,"curve":"stepped"},{"time":0.0333,"x":8.82,"y":0,"curve":"stepped"},{"time":0.2,"x":-42.82,"y":0,"curve":"stepped"},{"time":0.3333,"x":-34.45,"y":-13.91,"curve":"stepped"},{"time":0.4666,"x":-24.58,"y":52.54,"curve":"stepped"},{"time":0.5,"x":26.78,"y":78.88,"curve":"stepped"},{"time":0.6,"x":134.87,"y":43.2,"curve":"stepped"},{"time":0.6666,"x":152.71,"y":3.06,"curve":"stepped"},{"time":0.8333,"x":86.26,"y":3.06,"curve":"stepped"},{"time":0.8666,"x":86.59,"y":39.66,"curve":"stepped"},{"time":0.9333,"x":44.99,"y":61,"curve":"stepped"},{"time":1.0333,"x":-80.9,"y":0.56,"curve":"stepped"},{"time":1.0666,"x":-80.33,"y":-1.74,"curve":"stepped"},{"time":1.1,"x":-80.33,"y":0,"curve":"stepped"},{"time":1.2666,"x":-51.86,"y":0,"curve":"stepped"},{"time":1.3666,"x":-51.86,"y":0,"curve":[0.25,0,0.75,1]},{"time":1.4666,"x":-32.41,"y":22.65,"curve":[0.25,0,0.75,1]},{"time":1.6333,"x":-10,"y":0,"curve":[0.25,0,0.75,1]},{"time":1.7666,"x":0,"y":0}]},"slash":{"rotate":[{"time":0,"angle":0,"curve":"stepped"},{"time":0.2,"angle":5.78,"curve":"stepped"},{"time":0.5,"angle":-11.6,"curve":"stepped"},{"time":1.0333,"angle":-174.9}],"translate":[{"time":0,"x":0,"y":0,"curve":"stepped"},{"time":0.2,"x":-530.32,"y":-33.46,"curve":"stepped"},{"time":0.5,"x":-520.47,"y":191.38,"curve":"stepped"},{"time":1.0333,"x":-610.07,"y":25.12}],"scale":[{"time":0,"x":1,"y":1,"curve":"stepped"},{"time":0.2,"x":0.883,"y":-1.142,"curve":"stepped"},{"time":0.5,"x":1.513,"y":1.637,"curve":"stepped"},{"time":1.0333,"x":-0.824,"y":1.44}]},"R_blade":{"rotate":[{"time":0,"angle":0,"curve":"stepped"},{"time":0.0333,"angle":-157.44,"curve":"stepped"},{"time":0.2,"angle":73.25,"curve":"stepped"},{"time":0.2333,"angle":74.97,"curve":"stepped"},{"time":0.2666,"angle":77.28,"curve":"stepped"},{"time":0.3333,"angle":56.31,"curve":"stepped"},{"time":0.4666,"angle":141.01,"curve":"stepped"},{"time":0.5,"angle":41.66,"curve":"stepped"},{"time":0.6,"angle":8.22,"curve":"stepped"},{"time":0.6666,"angle":38.48,"curve":"stepped"},{"time":0.7,"angle":59.76,"curve":"stepped"},{"time":0.7333,"angle":59.5,"curve":"stepped"},{"time":0.8333,"angle":64.47,"curve":"stepped"},{"time":0.8666,"angle":-75.4,"curve":"stepped"},{"time":0.9333,"angle":54.85,"curve":"stepped"},{"time":1.0333,"angle":-89.63,"curve":"stepped"},{"time":1.1333,"angle":-47.85,"curve":"stepped"},{"time":1.2666,"angle":-67.51,"curve":"stepped"},{"time":1.3666,"angle":-24.69,"curve":"stepped"},{"time":1.4333,"angle":-11.55,"curve":"stepped"},{"time":1.4666,"angle":-11.55,"curve":"stepped"},{"time":1.5666,"angle":-12.08,"curve":"stepped"},{"time":1.6333,"angle":0,"curve":"stepped"},{"time":1.7666,"angle":-6.16,"curve":"stepped"},{"time":1.9,"angle":0}],"translate":[{"time":0,"x":0,"y":0,"curve":"stepped"},{"time":0.0333,"x":72.59,"y":65.69,"curve":"stepped"},{"time":0.2,"x":56.67,"y":-37,"curve":"stepped"},{"time":0.2333,"x":58.57,"y":-38.91,"curve":"stepped"},{"time":0.2666,"x":57.94,"y":-40.82,"curve":"stepped"},{"time":0.3333,"x":56.28,"y":-26.98,"curve":"stepped"},{"time":0.4666,"x":94.19,"y":24.23,"curve":"stepped"},{"time":0.5,"x":68.57,"y":-32.48,"curve":"stepped"},{"time":0.6,"x":49.83,"y":-5.1,"curve":"stepped"},{"time":0.6666,"x":30.68,"y":-14.17,"curve":"stepped"},{"time":0.7,"x":39.08,"y":-31.65,"curve":"stepped"},{"time":0.7333,"x":32.29,"y":-36.1,"curve":"stepped"},{"time":0.8333,"x":41.66,"y":-2.31,"curve":"stepped"},{"time":0.8666,"x":58.62,"y":-18.42,"curve":"stepped"},{"time":0.9333,"x":96.12,"y":48.85,"curve":"stepped"},{"time":1.0333,"x":70.18,"y":-33.39,"curve":"stepped"},{"time":1.0666,"x":83.05,"y":-33.68,"curve":"stepped"},{"time":1.1333,"x":84.04,"y":-28.51,"curve":"stepped"},{"time":1.2666,"x":65.17,"y":-13.59,"curve":"stepped"},{"time":1.3666,"x":65.17,"y":-13.59,"curve":"stepped"},{"time":1.4333,"x":99.49,"y":8.31,"curve":"stepped"},{"time":1.4666,"x":69.13,"y":28.64,"curve":"stepped"},{"time":1.5666,"x":10.76,"y":15.84,"curve":"stepped"},{"time":1.6333,"x":0,"y":0,"curve":"stepped"},{"time":1.7666,"x":0.45,"y":-3.82,"curve":"stepped"},{"time":1.9,"x":0,"y":0}],"scale":[{"time":0,"x":1,"y":1,"curve":"stepped"},{"time":0.2,"x":1,"y":-1,"curve":"stepped"},{"time":0.3333,"x":1,"y":1,"curve":"stepped"},{"time":0.8666,"x":1,"y":-1.329,"curve":"stepped"},{"time":0.9333,"x":1.005,"y":1.258,"curve":"stepped"},{"time":1.0333,"x":1.005,"y":1.456,"curve":"stepped"},{"time":1.2666,"x":1.005,"y":1.041,"curve":"stepped"},{"time":1.3666,"x":-1,"y":1,"curve":"stepped"},{"time":1.4333,"x":-1,"y":1,"curve":"stepped"},{"time":1.4666,"x":1,"y":1,"curve":"stepped"},{"time":1.5666,"x":1,"y":1}]},"R_hand":{"rotate":[{"time":0,"angle":0,"curve":"stepped"},{"time":0.2,"angle":1.9,"curve":"stepped"},{"time":0.2333,"angle":3.24,"curve":"stepped"},{"time":0.2666,"angle":2.96,"curve":"stepped"},{"time":0.6666,"angle":46.64,"curve":"stepped"},{"time":0.7333,"angle":54.9,"curve":"stepped"},{"time":0.8333,"angle":46.09,"curve":"stepped"},{"time":0.8666,"angle":18.6,"curve":"stepped"},{"time":0.9333,"angle":82.86,"curve":"stepped"},{"time":1.0333,"angle":112.22,"curve":"stepped"},{"time":1.0666,"angle":111.72,"curve":"stepped"},{"time":1.1333,"angle":146.33,"curve":"stepped"},{"time":1.2666,"angle":93.88,"curve":"stepped"},{"time":1.3666,"angle":60.88,"curve":"stepped"},{"time":1.4333,"angle":107.34,"curve":"stepped"},{"time":1.4666,"angle":107.34,"curve":"stepped"},{"time":1.5666,"angle":107.34,"curve":"stepped"},{"time":1.6333,"angle":0,"curve":"stepped"},{"time":1.7666,"angle":-9.07,"curve":"stepped"},{"time":1.9,"angle":0}],"translate":[{"time":0,"x":0,"y":0,"curve":"stepped"},{"time":0.2,"x":54.54,"y":-36.47,"curve":"stepped"},{"time":0.2333,"x":55.58,"y":-39.26,"curve":"stepped"},{"time":0.2666,"x":55.81,"y":-41,"curve":"stepped"},{"time":0.6666,"x":25.97,"y":-13.46,"curve":"stepped"},{"time":0.7,"x":35.04,"y":-34.97,"curve":"stepped"},{"time":0.7333,"x":33.19,"y":-34.1,"curve":"stepped"},{"time":0.8333,"x":43.31,"y":-5.49,"curve":"stepped"},{"time":0.8666,"x":54.77,"y":-21.39,"curve":"stepped"},{"time":0.9333,"x":97.24,"y":47.73,"curve":"stepped"},{"time":1.0333,"x":68.1,"y":-37.05,"curve":"stepped"},{"time":1.0666,"x":79.83,"y":-34.48,"curve":"stepped"},{"time":1.1333,"x":81.99,"y":-29.54,"curve":"stepped"},{"time":1.2666,"x":67.05,"y":-19.09,"curve":"stepped"},{"time":1.3666,"x":58.2,"y":-11.07,"curve":"stepped"},{"time":1.4333,"x":99.95,"y":12.3,"curve":"stepped"},{"time":1.4666,"x":99.95,"y":12.3,"curve":"stepped"},{"time":1.5666,"x":99.95,"y":12.3,"curve":"stepped"},{"time":1.6333,"x":0,"y":0,"curve":"stepped"},{"time":1.7666,"x":0.47,"y":-3.42,"curve":"stepped"},{"time":1.9,"x":0,"y":0}],"scale":[{"time":0,"x":1,"y":1,"curve":"stepped"},{"time":0.2,"x":-1,"y":1,"curve":"stepped"},{"time":0.6666,"x":1,"y":1,"curve":"stepped"},{"time":0.8666,"x":-1.005,"y":1.058,"curve":"stepped"},{"time":1.0333,"x":1,"y":1,"curve":"stepped"},{"time":1.2666,"x":1,"y":1,"curve":"stepped"},{"time":1.3666,"x":-1,"y":1,"curve":"stepped"},{"time":1.4333,"x":-1,"y":1,"curve":"stepped"},{"time":1.4666,"x":-1,"y":1,"curve":"stepped"},{"time":1.5666,"x":-1,"y":1,"curve":"stepped"},{"time":1.6333,"x":1,"y":1}]},"L_blade":{"rotate":[{"time":0,"angle":0,"curve":"stepped"},{"time":0.0333,"angle":82.12,"curve":"stepped"},{"time":0.2,"angle":24.94,"curve":"stepped"},{"time":0.2333,"angle":39.67,"curve":"stepped"},{"time":0.2666,"angle":42.6,"curve":"stepped"},{"time":0.3333,"angle":147.88,"curve":"stepped"},{"time":0.4666,"angle":-138.04,"curve":"stepped"},{"time":0.5,"angle":140.08,"curve":"stepped"},{"time":0.6,"angle":85.2,"curve":"stepped"},{"time":0.6666,"angle":156.94,"curve":"stepped"},{"time":0.7,"angle":-173.72,"curve":"stepped"},{"time":0.7333,"angle":-166.75,"curve":"stepped"},{"time":0.8333,"angle":-175.16,"curve":"stepped"},{"time":0.8666,"angle":46.93,"curve":"stepped"},{"time":0.9333,"angle":-0.72,"curve":"stepped"},{"time":1.0333,"angle":-49.09,"curve":"stepped"},{"time":1.1333,"angle":-35.67,"curve":"stepped"},{"time":1.2666,"angle":-50.64,"curve":"stepped"},{"time":1.3666,"angle":75.18,"curve":"stepped"},{"time":1.4333,"angle":75.18,"curve":"stepped"},{"time":1.4666,"angle":82.48,"curve":"stepped"},{"time":1.5666,"angle":130.28,"curve":"stepped"},{"time":1.6333,"angle":0,"curve":"stepped"},{"time":1.7666,"angle":5.41,"curve":"stepped"},{"time":1.9,"angle":0}],"translate":[{"time":0,"x":0,"y":0,"curve":"stepped"},{"time":0.0333,"x":-74.73,"y":-3.36,"curve":"stepped"},{"time":0.2,"x":2.53,"y":3.94,"curve":"stepped"},{"time":0.2333,"x":-3.18,"y":7.76,"curve":"stepped"},{"time":0.2666,"x":-5.73,"y":10.3,"curve":"stepped"},{"time":0.3333,"x":-21.63,"y":-22.44,"curve":"stepped"},{"time":0.4666,"x":-4.09,"y":9.88,"curve":"stepped"},{"time":0.5,"x":-26.05,"y":-51.23,"curve":"stepped"},{"time":0.6,"x":-45.66,"y":-37.71,"curve":"stepped"},{"time":0.6666,"x":-47.67,"y":-58.88,"curve":"stepped"},{"time":0.7,"x":0.37,"y":-40.06,"curve":"stepped"},{"time":0.7333,"x":-2.03,"y":-29.94,"curve":"stepped"},{"time":0.8333,"x":-20.9,"y":-32.87,"curve":"stepped"},{"time":0.8666,"x":-36.25,"y":-6.3,"curve":"stepped"},{"time":0.9333,"x":-33.19,"y":40.96,"curve":"stepped"},{"time":1.0333,"x":-12.6,"y":23.8,"curve":"stepped"},{"time":1.1333,"x":-17.09,"y":26.97,"curve":"stepped"},{"time":1.2666,"x":-31.08,"y":-4.96,"curve":"stepped"},{"time":1.3666,"x":-38.47,"y":-27.4,"curve":"stepped"},{"time":1.4333,"x":-40.59,"y":-2.06,"curve":"stepped"},{"time":1.4666,"x":-61.97,"y":5.85,"curve":"stepped"},{"time":1.5666,"x":-35.01,"y":-17.63,"curve":"stepped"},{"time":1.6333,"x":0,"y":0,"curve":"stepped"},{"time":1.7666,"x":1.12,"y":-7.64,"curve":"stepped"},{"time":1.9,"x":0,"y":0}],"scale":[{"time":0,"x":1,"y":1,"curve":"stepped"},{"time":0.0333,"x":1,"y":-1,"curve":"stepped"},{"time":0.2,"x":1,"y":1,"curve":"stepped"},{"time":0.3333,"x":1.1,"y":-1.07,"curve":"stepped"},{"time":0.8666,"x":0.895,"y":0.877,"curve":"stepped"},{"time":0.9333,"x":0.886,"y":-1,"curve":"stepped"},{"time":1.0333,"x":1.008,"y":-1,"curve":"stepped"},{"time":1.2666,"x":0.996,"y":-1,"curve":"stepped"},{"time":1.3666,"x":0.934,"y":0.876,"curve":"stepped"},{"time":1.4333,"x":1.024,"y":0.774,"curve":"stepped"},{"time":1.4666,"x":1.106,"y":-0.77,"curve":"stepped"},{"time":1.5666,"x":1,"y":-1,"curve":"stepped"},{"time":1.6333,"x":1,"y":1}]},"L_hand":{"rotate":[{"time":0,"angle":0,"curve":"stepped"},{"time":0.0333,"angle":-94.15,"curve":"stepped"},{"time":0.2,"angle":29.52,"curve":"stepped"},{"time":0.2333,"angle":45.35,"curve":"stepped"},{"time":0.2666,"angle":51.67,"curve":"stepped"},{"time":0.3333,"angle":-8,"curve":"stepped"},{"time":0.4666,"angle":40.5,"curve":"stepped"},{"time":0.5,"angle":-22.76,"curve":"stepped"},{"time":0.6,"angle":-74.07,"curve":"stepped"},{"time":0.6666,"angle":-50.65,"curve":"stepped"},{"time":0.7,"angle":9.14,"curve":"stepped"},{"time":0.7333,"angle":13.56,"curve":"stepped"},{"time":0.8333,"angle":-28.57,"curve":"stepped"},{"time":0.9333,"angle":41.39,"curve":"stepped"},{"time":1.0333,"angle":119.17,"curve":"stepped"},{"time":1.1333,"angle":129.73,"curve":"stepped"},{"time":1.2666,"angle":139.17,"curve":"stepped"},{"time":1.3666,"angle":139.17,"curve":"stepped"},{"time":1.4333,"angle":139.17,"curve":"stepped"},{"time":1.4666,"angle":139.17,"curve":"stepped"},{"time":1.5666,"angle":147.18,"curve":"stepped"},{"time":1.6333,"angle":0,"curve":"stepped"},{"time":1.7666,"angle":10.56,"curve":"stepped"},{"time":1.9,"angle":0}],"translate":[{"time":0,"x":0,"y":0,"curve":"stepped"},{"time":0.0333,"x":-82.63,"y":1.83,"curve":"stepped"},{"time":0.2,"x":0.78,"y":9.54,"curve":"stepped"},{"time":0.2333,"x":-6.47,"y":11.16,"curve":"stepped"},{"time":0.2666,"x":-10.12,"y":12.34,"curve":"stepped"},{"time":0.3333,"x":-32.54,"y":-17.9,"curve":"stepped"},{"time":0.4666,"x":-16.5,"y":11.79,"curve":"stepped"},{"time":0.5,"x":-30.84,"y":-42.3,"curve":"stepped"},{"time":0.6,"x":-46.92,"y":-26.29,"curve":"stepped"},{"time":0.6666,"x":-48.54,"y":-48.2,"curve":"stepped"},{"time":0.7,"x":-16.24,"y":-31.95,"curve":"stepped"},{"time":0.7333,"x":-14.34,"y":-24.06,"curve":"stepped"},{"time":0.8333,"x":-24.34,"y":-27.7,"curve":"stepped"},{"time":0.9333,"x":-40.73,"y":41.13,"curve":"stepped"},{"time":1.0333,"x":-20.29,"y":17.61,"curve":"stepped"},{"time":1.1333,"x":-22.98,"y":20.45,"curve":"stepped"},{"time":1.2666,"x":-26.44,"y":21.76,"curve":"stepped"},{"time":1.3666,"x":-26.44,"y":21.76,"curve":"stepped"},{"time":1.4333,"x":-26.44,"y":21.76,"curve":"stepped"},{"time":1.4666,"x":-26.44,"y":21.76,"curve":"stepped"},{"time":1.5666,"x":-44.05,"y":-13.56,"curve":"stepped"},{"time":1.6333,"x":0,"y":0,"curve":"stepped"},{"time":1.7666,"x":1.41,"y":-6.37,"curve":"stepped"},{"time":1.9,"x":0,"y":0}],"scale":[{"time":0,"x":1,"y":1,"curve":"stepped"},{"time":0.2,"x":1,"y":1,"curve":"stepped"},{"time":1.2666,"x":1,"y":1,"curve":"stepped"},{"time":1.3666,"x":1,"y":1,"curve":"stepped"},{"time":1.4333,"x":1,"y":1,"curve":"stepped"},{"time":1.4666,"x":1,"y":1,"curve":"stepped"},{"time":1.5666,"x":1,"y":1}]},"slash2":{"rotate":[{"time":1.0333,"angle":-170.01}],"translate":[{"time":1.0333,"x":-532.54,"y":58.35}],"scale":[{"time":1.0333,"x":-0.816,"y":1.458}]},"DAMAGEAREA":{"translate":[{"time":0.2,"x":-113.51,"y":51.47,"curve":"stepped"},{"time":0.5,"x":-98.99,"y":51.47,"curve":"stepped"},{"time":1.0333,"x":-170.27,"y":51.47}],"scale":[{"time":0.2,"x":1,"y":0.511,"curve":"stepped"},{"time":0.5,"x":1.119,"y":0.511}]}},"drawOrder":[{"time":0,"offsets":[{"slot":"EF/wave_ground/100_S1_wave1_00001","offset":9},{"slot":"MAIN","offset":3}]},{"time":0.0333,"offsets":[{"slot":"EF/wave_ground/100_S1_wave1_00001","offset":11},{"slot":"MAIN","offset":5},{"slot":"R_blade","offset":-6},{"slot":"R_arm_3","offset":-6}]},{"time":0.2,"offsets":[{"slot":"EF/wave_ground/100_S1_wave1_00001","offset":11},{"slot":"MAIN","offset":3},{"slot":"R_blade","offset":-5},{"slot":"R_arm_3","offset":-5}]},{"time":0.3333,"offsets":[{"slot":"EF/wave_ground/100_S1_wave1_00001","offset":11},{"slot":"MAIN","offset":5},{"slot":"R_blade","offset":-6},{"slot":"R_arm_3","offset":-6}]},{"time":0.5,"offsets":[{"slot":"EF/wave_ground/100_S1_wave1_00001","offset":10},{"slot":"MAIN","offset":4},{"slot":"R_blade","offset":-6}]},{"time":0.6,"offsets":[{"slot":"EF/wave_ground/100_S1_wave1_00001","offset":11},{"slot":"MAIN","offset":5},{"slot":"R_blade","offset":-6},{"slot":"R_arm_3","offset":-6}]},{"time":0.8333,"offsets":[{"slot":"EF/wave_ground/100_S1_wave1_00001","offset":11},{"slot":"MAIN","offset":3},{"slot":"R_blade","offset":-5},{"slot":"R_arm_3","offset":-5}]},{"time":0.8666,"offsets":[{"slot":"EF/wave_ground/100_S1_wave1_00001","offset":11},{"slot":"MAIN","offset":5},{"slot":"L_blade","offset":-8},{"slot":"L_arm_3","offset":-8}]},{"time":0.9333,"offsets":[{"slot":"EF/wave_ground/100_S1_wave1_00001","offset":13},{"slot":"MAIN","offset":7},{"slot":"R_blade","offset":-4},{"slot":"R_arm_3","offset":-4},{"slot":"L_blade","offset":-8},{"slot":"L_arm_3","offset":-8}]},{"time":1.0333,"offsets":[{"slot":"EF/wave_ground/100_S1_wave1_00001","offset":13},{"slot":"EF/EF_slash_Dot/10000-combo_16_ef2_1F","offset":-10},{"slot":"R_blade","offset":-8},{"slot":"R_arm_3","offset":-8},{"slot":"L_blade","offset":-8},{"slot":"L_arm_3","offset":-8}]},{"time":1.2666,"offsets":[{"slot":"EF/wave_ground/100_S1_wave1_00001","offset":13},{"slot":"EF/EF_slash_Dot/10000-combo_16_ef2_1F","offset":-10},{"slot":"R_blade","offset":-6},{"slot":"R_arm_3","offset":-6},{"slot":"L_blade","offset":-11},{"slot":"L_arm_3","offset":-11}]},{"time":1.4666,"offsets":[{"slot":"EF/wave_ground/100_S1_wave1_00001","offset":13},{"slot":"EF/EF_slash_Dot/10000-combo_16_ef2_1F","offset":-10},{"slot":"R_blade","offset":-7},{"slot":"R_arm_3","offset":-7},{"slot":"L_blade","offset":-11},{"slot":"L_arm_3","offset":-11}]},{"time":1.5666,"offsets":[{"slot":"EF/wave_ground/100_S1_wave1_00001","offset":13},{"slot":"EF/EF_slash_Dot/10000-combo_16_ef2_1F","offset":-10},{"slot":"R_blade","offset":-9},{"slot":"R_arm_3","offset":-9},{"slot":"L_blade","offset":-8},{"slot":"L_arm_3","offset":-8}]},{"time":1.6333,"offsets":[{"slot":"EF/wave_ground/100_S1_wave1_00001","offset":13},{"slot":"EF/EF_slash_Dot/10000-combo_16_ef2_1F","offset":-10},{"slot":"R_blade","offset":-6},{"slot":"R_arm_3","offset":-6},{"slot":"L_blade","offset":-10},{"slot":"L_arm_3","offset":-10}]}],"events":[{"time":0,"name":"Event","float":0.1,"string":"kHitStopType_normal"},{"time":0.1666,"name":"Sound1","string":"cri_se_battle_sword_swish_heavy"},{"time":0.2,"name":"Sound1","string":"setHitSound(se_battle_019_sword_hit_03)"},{"time":0.2,"name":"Voice","string":"cri_115_voice_attack_random"},{"time":0.4666,"name":"Sound1","string":"cri_se_battle_sword_swish_heavy"},{"time":0.4666,"name":"Sound2","string":"cri_se_battle_jump"},{"time":0.5,"name":"Event","string":"resetHitList"},{"time":0.5,"name":"Sound1","string":"setHitSound(se_battle_019_sword_hit_03)"},{"time":0.5,"name":"Voice","string":"cri_115_voice_attack_random"},{"time":0.6666,"name":"Sound2","string":"cri_se_battle_landing"},{"time":0.8333,"name":"Sound2","string":"cri_se_battle_jump"},{"time":1,"name":"Sound1","string":"cri_se_battle_sword_swish_heavy"},{"time":1.0333,"name":"Event","string":"resetHitList"},{"time":1.0333,"name":"Sound1","string":"setHitSound(se_battle_019_sword_hit_03)"},{"time":1.0333,"name":"Voice","string":"cri_115_voice_attack_c"},{"time":1.0666,"name":"Event","string":"resetHitList"},{"time":1.6333,"name":"Sound2","string":"cri_se_battle_landing"}]},"back":{"slots":{"L_arm_3":{"attachment":[{"time":0,"name":"L_arm_3"},{"time":0.0666,"name":null},{"time":0.2666,"name":"L_arm_3_knuckle"},{"time":0.3333,"name":"L_arm_3"},{"time":0.5666,"name":"L_arm_3"},{"time":0.8333,"name":"L_arm_3"}]},"L_blade":{"attachment":[{"time":0,"name":"L_blade"},{"time":0.1333,"name":"L_blade"},{"time":0.3333,"name":"L_blade"},{"time":0.5666,"name":"L_blade"},{"time":0.8333,"name":"L_blade"}],"color":[{"time":0.0666,"color":"999999ff","curve":"stepped"},{"time":0.1333,"color":"ffffffff"}]},"MAIN":{"attachment":[{"time":0,"name":"idle_00"},{"time":0.0666,"name":"skill2_13"},{"time":0.1333,"name":"skill2_14"},{"time":0.1666,"name":"skill2_15"},{"time":0.2666,"name":"skill2_16"},{"time":0.3333,"name":"idle_00"},{"time":0.4333,"name":"idle_02"},{"time":0.5666,"name":"idle_00"},{"time":0.8333,"name":"idle_00"}]},"R_arm_3":{"attachment":[{"time":0,"name":"R_arm_3"},{"time":0.0666,"name":"L_arm_3_dash"},{"time":0.1666,"name":null},{"time":0.3333,"name":"R_arm_3"},{"time":0.5666,"name":"R_arm_3"},{"time":0.8333,"name":"R_arm_3"}]},"R_blade":{"attachment":[{"time":0,"name":"R_blade"},{"time":0.0666,"name":"R_blade"},{"time":0.1333,"name":"R_blade_2"},{"time":0.2666,"name":"R_blade"},{"time":0.3333,"name":"R_blade"},{"time":0.5666,"name":"R_blade"},{"time":0.8333,"name":"R_blade"}]}},"bones":{"MAIN":{"translate":[{"time":0,"x":0,"y":0,"curve":[0.233,0.3,0.58,0.64]},{"time":0.0666,"x":42.45,"y":23.44,"curve":[0.28,0.33,0.634,0.69]},{"time":0.1666,"x":87.58,"y":39.19,"curve":[0.342,0.41,0.694,0.77]},{"time":0.3333,"x":130,"y":0},{"time":0.4333,"x":140,"y":0}]},"R_blade":{"rotate":[{"time":0,"angle":0,"curve":"stepped"},{"time":0.0666,"angle":-24.69,"curve":"stepped"},{"time":0.1333,"angle":-11.55,"curve":"stepped"},{"time":0.1666,"angle":-11.55,"curve":"stepped"},{"time":0.2666,"angle":-12.08,"curve":"stepped"},{"time":0.3333,"angle":0,"curve":"stepped"},{"time":0.4333,"angle":-6.16,"curve":"stepped"},{"time":0.5666,"angle":0,"curve":"stepped"},{"time":0.8333,"angle":0}],"translate":[{"time":0,"x":0,"y":0,"curve":"stepped"},{"time":0.0666,"x":65.17,"y":-13.59,"curve":"stepped"},{"time":0.1333,"x":99.49,"y":8.31,"curve":"stepped"},{"time":0.1666,"x":69.13,"y":28.64,"curve":"stepped"},{"time":0.2666,"x":10.76,"y":15.84,"curve":"stepped"},{"time":0.3333,"x":0,"y":0,"curve":"stepped"},{"time":0.4333,"x":0.45,"y":-3.82,"curve":"stepped"},{"time":0.5666,"x":0,"y":0,"curve":"stepped"},{"time":0.8333,"x":0,"y":0}],"scale":[{"time":0,"x":1,"y":1,"curve":"stepped"},{"time":0.0666,"x":-1,"y":1,"curve":"stepped"},{"time":0.1333,"x":-1,"y":1,"curve":"stepped"},{"time":0.1666,"x":1,"y":1,"curve":"stepped"},{"time":0.2666,"x":1,"y":1}]},"R_hand":{"rotate":[{"time":0,"angle":0,"curve":"stepped"},{"time":0.0666,"angle":60.88,"curve":"stepped"},{"time":0.1333,"angle":107.34,"curve":"stepped"},{"time":0.1666,"angle":107.34,"curve":"stepped"},{"time":0.2666,"angle":107.34,"curve":"stepped"},{"time":0.3333,"angle":0,"curve":"stepped"},{"time":0.4333,"angle":-9.07,"curve":"stepped"},{"time":0.5666,"angle":0,"curve":"stepped"},{"time":0.8333,"angle":0}],"translate":[{"time":0,"x":0,"y":0,"curve":"stepped"},{"time":0.0666,"x":58.2,"y":-11.07,"curve":"stepped"},{"time":0.1333,"x":99.95,"y":12.3,"curve":"stepped"},{"time":0.1666,"x":99.95,"y":12.3,"curve":"stepped"},{"time":0.2666,"x":99.95,"y":12.3,"curve":"stepped"},{"time":0.3333,"x":0,"y":0,"curve":"stepped"},{"time":0.4333,"x":0.47,"y":-3.42,"curve":"stepped"},{"time":0.5666,"x":0,"y":0,"curve":"stepped"},{"time":0.8333,"x":0,"y":0}],"scale":[{"time":0,"x":1,"y":1,"curve":"stepped"},{"time":0.0666,"x":-1,"y":1,"curve":"stepped"},{"time":0.1333,"x":-1,"y":1,"curve":"stepped"},{"time":0.1666,"x":-1,"y":1,"curve":"stepped"},{"time":0.2666,"x":-1,"y":1,"curve":"stepped"},{"time":0.3333,"x":1,"y":1}]},"L_hand":{"rotate":[{"time":0,"angle":0,"curve":"stepped"},{"time":0.0666,"angle":139.17,"curve":"stepped"},{"time":0.1333,"angle":139.17,"curve":"stepped"},{"time":0.1666,"angle":139.17,"curve":"stepped"},{"time":0.2666,"angle":147.18,"curve":"stepped"},{"time":0.3333,"angle":0,"curve":"stepped"},{"time":0.4333,"angle":10.56,"curve":"stepped"},{"time":0.5666,"angle":0,"curve":"stepped"},{"time":0.8333,"angle":0}],"translate":[{"time":0,"x":0,"y":0,"curve":"stepped"},{"time":0.0666,"x":-26.44,"y":21.76,"curve":"stepped"},{"time":0.1333,"x":-26.44,"y":21.76,"curve":"stepped"},{"time":0.1666,"x":-26.44,"y":21.76,"curve":"stepped"},{"time":0.2666,"x":-44.05,"y":-13.56,"curve":"stepped"},{"time":0.3333,"x":0,"y":0,"curve":"stepped"},{"time":0.4333,"x":1.41,"y":-6.37,"curve":"stepped"},{"time":0.5666,"x":0,"y":0,"curve":"stepped"},{"time":0.8333,"x":0,"y":0}],"scale":[{"time":0,"x":1,"y":1,"curve":"stepped"},{"time":0.0666,"x":1,"y":1,"curve":"stepped"},{"time":0.1333,"x":1,"y":1,"curve":"stepped"},{"time":0.1666,"x":1,"y":1,"curve":"stepped"},{"time":0.2666,"x":1,"y":1}]},"L_blade":{"rotate":[{"time":0,"angle":0,"curve":"stepped"},{"time":0.0666,"angle":75.18,"curve":"stepped"},{"time":0.1333,"angle":75.18,"curve":"stepped"},{"time":0.1666,"angle":82.48,"curve":"stepped"},{"time":0.2666,"angle":130.28,"curve":"stepped"},{"time":0.3333,"angle":0,"curve":"stepped"},{"time":0.4333,"angle":5.41,"curve":"stepped"},{"time":0.5666,"angle":0,"curve":"stepped"},{"time":0.8333,"angle":0}],"translate":[{"time":0,"x":0,"y":0,"curve":"stepped"},{"time":0.0666,"x":-38.47,"y":-27.4,"curve":"stepped"},{"time":0.1333,"x":-40.59,"y":-2.06,"curve":"stepped"},{"time":0.1666,"x":-61.97,"y":5.85,"curve":"stepped"},{"time":0.2666,"x":-35.01,"y":-17.63,"curve":"stepped"},{"time":0.3333,"x":0,"y":0,"curve":"stepped"},{"time":0.4333,"x":1.12,"y":-7.64,"curve":"stepped"},{"time":0.5666,"x":0,"y":0,"curve":"stepped"},{"time":0.8333,"x":0,"y":0}],"scale":[{"time":0,"x":1,"y":1,"curve":"stepped"},{"time":0.0666,"x":0.934,"y":0.876,"curve":"stepped"},{"time":0.1333,"x":1.024,"y":0.774,"curve":"stepped"},{"time":0.1666,"x":1.106,"y":-0.77,"curve":"stepped"},{"time":0.2666,"x":1,"y":-1,"curve":"stepped"},{"time":0.3333,"x":1,"y":1}]}},"drawOrder":[{"time":0.0666,"offsets":[{"slot":"L_blade","offset":-11},{"slot":"L_arm_3","offset":-11}]},{"time":0.1666,"offsets":[{"slot":"R_blade","offset":-7},{"slot":"R_arm_3","offset":-7},{"slot":"L_blade","offset":-11},{"slot":"L_arm_3","offset":-11}]},{"time":0.2666,"offsets":[{"slot":"R_blade","offset":-9},{"slot":"R_arm_3","offset":-9},{"slot":"L_blade","offset":-8},{"slot":"L_arm_3","offset":-8}]},{"time":0.3333,"offsets":[{"slot":"R_blade","offset":-8},{"slot":"R_arm_3","offset":-8},{"slot":"L_blade","offset":-8},{"slot":"L_arm_3","offset":-8}]}],"events":[{"time":0,"name":"Sound2","string":"cri_se_battle_jump"},{"time":0.3333,"name":"Sound2","string":"cri_se_battle_landing"}]},"cast":{"slots":{"EF/EF_slash_Dot/10000-combo_16_ef2_1B":{"attachment":[{"time":0.3666,"name":null}]},"EF/EF_slash_Dot/10000-combo_16_ef2_1F":{"attachment":[{"time":0.3666,"name":null}]},"L_arm_3":{"attachment":[{"time":0,"name":"L_arm_3"},{"time":0.0333,"name":"L_arm_3_baclflip"},{"time":0.3333,"name":"L_arm_3"}]},"L_blade":{"attachment":[{"time":0,"name":"L_blade"},{"time":0.0333,"name":"L_blade"}]},"MAIN":{"attachment":[{"time":0,"name":"idle_00"},{"time":0.0333,"name":"attack1_00"},{"time":0.3333,"name":"attack1_01"},{"time":0.3666,"name":"attack1_02"},{"time":0.4,"name":"attack1_03"},{"time":0.7666,"name":"attack1_03"}]},"R_arm_3":{"attachment":[{"time":0,"name":"R_arm_3"},{"time":0.0333,"name":null},{"time":0.3333,"name":"L_arm_3_dash"}]},"R_blade":{"attachment":[{"time":0,"name":"R_blade"},{"time":0.3333,"name":"R_blade"}]}},"bones":{"MAIN":{"translate":[{"time":0,"x":0,"y":0,"curve":"stepped"},{"time":0.0333,"x":8.82,"y":0,"curve":"stepped"},{"time":0.3333,"x":-42.82,"y":0}]},"R_blade":{"rotate":[{"time":0,"angle":0,"curve":"stepped"},{"time":0.0333,"angle":-157.44,"curve":"stepped"},{"time":0.3333,"angle":73.25,"curve":"stepped"},{"time":0.3666,"angle":74.97,"curve":"stepped"},{"time":0.4,"angle":77.28}],"translate":[{"time":0,"x":0,"y":0,"curve":"stepped"},{"time":0.0333,"x":72.59,"y":65.69,"curve":"stepped"},{"time":0.3333,"x":56.67,"y":-37,"curve":"stepped"},{"time":0.3666,"x":58.57,"y":-38.91,"curve":"stepped"},{"time":0.4,"x":57.94,"y":-40.82}],"scale":[{"time":0,"x":1,"y":1,"curve":"stepped"},{"time":0.3333,"x":1,"y":-1}]},"R_hand":{"rotate":[{"time":0,"angle":0,"curve":"stepped"},{"time":0.3333,"angle":1.9,"curve":"stepped"},{"time":0.3666,"angle":3.24,"curve":"stepped"},{"time":0.4,"angle":2.96}],"translate":[{"time":0,"x":0,"y":0,"curve":"stepped"},{"time":0.3333,"x":54.54,"y":-36.47,"curve":"stepped"},{"time":0.3666,"x":55.58,"y":-39.26,"curve":"stepped"},{"time":0.4,"x":55.81,"y":-41}],"scale":[{"time":0,"x":1,"y":1,"curve":"stepped"},{"time":0.3333,"x":-1,"y":1}]},"L_blade":{"rotate":[{"time":0,"angle":0,"curve":"stepped"},{"time":0.0333,"angle":82.12,"curve":"stepped"},{"time":0.3333,"angle":24.94,"curve":"stepped"},{"time":0.3666,"angle":39.67,"curve":"stepped"},{"time":0.4,"angle":42.6}],"translate":[{"time":0,"x":0,"y":0,"curve":"stepped"},{"time":0.0333,"x":-74.73,"y":-3.36,"curve":"stepped"},{"time":0.3333,"x":2.53,"y":3.94,"curve":"stepped"},{"time":0.3666,"x":-3.18,"y":7.76,"curve":"stepped"},{"time":0.4,"x":-5.73,"y":10.3}],"scale":[{"time":0,"x":1,"y":1,"curve":"stepped"},{"time":0.0333,"x":1,"y":-1,"curve":"stepped"},{"time":0.3333,"x":1,"y":1}]},"L_hand":{"rotate":[{"time":0,"angle":0,"curve":"stepped"},{"time":0.0333,"angle":-94.15,"curve":"stepped"},{"time":0.3333,"angle":29.52,"curve":"stepped"},{"time":0.3666,"angle":45.35,"curve":"stepped"},{"time":0.4,"angle":51.67}],"translate":[{"time":0,"x":0,"y":0,"curve":"stepped"},{"time":0.0333,"x":-82.63,"y":1.83,"curve":"stepped"},{"time":0.3333,"x":0.78,"y":9.54,"curve":"stepped"},{"time":0.3666,"x":-6.47,"y":11.16,"curve":"stepped"},{"time":0.4,"x":-10.12,"y":12.34}],"scale":[{"time":0,"x":1,"y":1,"curve":"stepped"},{"time":0.3333,"x":1,"y":1}]}},"drawOrder":[{"time":0,"offsets":[{"slot":"EF/wave_ground/100_S1_wave1_00001","offset":9},{"slot":"MAIN","offset":3}]},{"time":0.0333,"offsets":[{"slot":"EF/wave_ground/100_S1_wave1_00001","offset":11},{"slot":"MAIN","offset":5},{"slot":"R_blade","offset":-6},{"slot":"R_arm_3","offset":-6}]},{"time":0.3333,"offsets":[{"slot":"EF/wave_ground/100_S1_wave1_00001","offset":11},{"slot":"MAIN","offset":3},{"slot":"R_blade","offset":-5},{"slot":"R_arm_3","offset":-5}]}],"events":[{"time":0.3333,"name":"Voice","string":"cri_115_voice_item"}]},"damage":{"slots":{"L_arm_3":{"attachment":[{"time":0,"name":"L_arm_3"}]},"L_blade":{"attachment":[{"time":0,"name":"L_blade"}]},"MAIN":{"attachment":[{"time":0,"name":"damage_00"}]},"R_arm_3":{"attachment":[{"time":0,"name":null}]},"R_blade":{"attachment":[{"time":0,"name":null}]}},"bones":{"MAIN":{"translate":[{"time":0,"x":0.07,"y":-8.68}]},"L_hand":{"rotate":[{"time":0,"angle":28.55}],"translate":[{"time":0,"x":-7.71,"y":26.57}],"scale":[{"time":0,"x":1,"y":1}]},"L_blade":{"rotate":[{"time":0,"angle":20.31}],"translate":[{"time":0,"x":-9.49,"y":21.65}],"scale":[{"time":0,"x":1,"y":1}]},"R_blade":{"rotate":[{"time":0,"angle":-47.92}],"translate":[{"time":0,"x":-46.66,"y":22.82}],"scale":[{"time":0,"x":1,"y":1}]},"R_hand":{"rotate":[{"time":0,"angle":-32.71}],"translate":[{"time":0,"x":-47.12,"y":19.48}],"scale":[{"time":0,"x":1,"y":1}]},"HITBOX":{"translate":[{"time":0,"x":2.26,"y":0}]}}},"front":{"slots":{"L_arm_3":{"attachment":[{"time":0,"name":"L_arm_3"}]},"L_blade":{"attachment":[{"time":0,"name":"L_blade"}]},"MAIN":{"attachment":[{"time":0,"name":"front_00"}]},"R_arm_3":{"attachment":[{"time":0,"name":"L_arm_3_dash"}]},"R_blade":{"attachment":[{"time":0,"name":"R_blade"}]}},"bones":{"R_hand":{"rotate":[{"time":0,"angle":52.83}],"translate":[{"time":0,"x":41.08,"y":-32.74}],"scale":[{"time":0,"x":-1,"y":1}]},"R_blade":{"rotate":[{"time":0,"angle":-60.89}],"translate":[{"time":0,"x":41.72,"y":-32.95}],"scale":[{"time":0,"x":-1,"y":1}]},"L_hand":{"rotate":[{"time":0,"angle":105.84}],"translate":[{"time":0,"x":-34.6,"y":15.53}],"scale":[{"time":0,"x":1,"y":1}]},"L_blade":{"rotate":[{"time":0,"angle":86.1}],"translate":[{"time":0,"x":-29.66,"y":9.55}],"scale":[{"time":0,"x":1,"y":1}]}}},"idle":{"slots":{"L_arm_3":{"attachment":[{"time":0,"name":"L_arm_3"},{"time":0.8333,"name":"L_arm_3"}]},"L_blade":{"attachment":[{"time":0,"name":"L_blade"},{"time":0.8333,"name":"L_blade"}]},"MAIN":{"attachment":[{"time":0,"name":"idle_00"},{"time":0.1666,"name":"idle_01"},{"time":0.3333,"name":"idle_02"},{"time":0.5,"name":"idle_03"},{"time":0.6666,"name":"idle_04"},{"time":0.8333,"name":"idle_00"}]},"R_arm_3":{"attachment":[{"time":0,"name":"R_arm_3"},{"time":0.8333,"name":"R_arm_3"}]},"R_blade":{"attachment":[{"time":0,"name":"R_blade"},{"time":0.8333,"name":"R_blade"}]}},"bones":{"R_hand":{"rotate":[{"time":0,"angle":0,"curve":"stepped"},{"time":0.1666,"angle":-3.82,"curve":"stepped"},{"time":0.3333,"angle":-9.07,"curve":"stepped"},{"time":0.5,"angle":-10.18,"curve":"stepped"},{"time":0.6666,"angle":-2.61,"curve":"stepped"},{"time":0.8333,"angle":0}],"translate":[{"time":0,"x":0,"y":0,"curve":"stepped"},{"time":0.1666,"x":0.23,"y":-0.66,"curve":"stepped"},{"time":0.3333,"x":0.47,"y":-3.42,"curve":"stepped"},{"time":0.5,"x":-0.41,"y":1.22,"curve":"stepped"},{"time":0.6666,"x":-1.65,"y":3.75,"curve":"stepped"},{"time":0.8333,"x":0,"y":0}]},"R_blade":{"rotate":[{"time":0,"angle":0,"curve":"stepped"},{"time":0.1666,"angle":-3.08,"curve":"stepped"},{"time":0.3333,"angle":-6.16,"curve":"stepped"},{"time":0.5,"angle":-3.73,"curve":"stepped"},{"time":0.6666,"angle":-1.65,"curve":"stepped"},{"time":0.8333,"angle":0}],"translate":[{"time":0,"x":0,"y":0,"curve":"stepped"},{"time":0.1666,"x":0.22,"y":-1.91,"curve":"stepped"},{"time":0.3333,"x":0.45,"y":-3.82,"curve":"stepped"},{"time":0.5,"x":-0.14,"y":1.27,"curve":"stepped"},{"time":0.6666,"x":-1.2,"y":3.78,"curve":"stepped"},{"time":0.8333,"x":0,"y":0}]},"L_hand":{"rotate":[{"time":0,"angle":0,"curve":"stepped"},{"time":0.1666,"angle":5.28,"curve":"stepped"},{"time":0.3333,"angle":10.56,"curve":"stepped"},{"time":0.5,"angle":3.23,"curve":"stepped"},{"time":0.6666,"angle":-4.84,"curve":"stepped"},{"time":0.8333,"angle":0}],"translate":[{"time":0,"x":0,"y":0,"curve":"stepped"},{"time":0.1666,"x":0.7,"y":-1.53,"curve":"stepped"},{"time":0.3333,"x":1.41,"y":-6.37,"curve":"stepped"},{"time":0.5,"x":1.41,"y":-4.6,"curve":"stepped"},{"time":0.6666,"x":-0.59,"y":0.76,"curve":"stepped"},{"time":0.8333,"x":0,"y":0}]},"L_blade":{"rotate":[{"time":0,"angle":0,"curve":"stepped"},{"time":0.1666,"angle":2.65,"curve":"stepped"},{"time":0.3333,"angle":5.41,"curve":"stepped"},{"time":0.5,"angle":3.34,"curve":"stepped"},{"time":0.6666,"angle":1.51,"curve":"stepped"},{"time":0.8333,"angle":0}],"translate":[{"time":0,"x":0,"y":0,"curve":"stepped"},{"time":0.1666,"x":1.23,"y":-2.47,"curve":"stepped"},{"time":0.3333,"x":1.12,"y":-7.64,"curve":"stepped"},{"time":0.5,"x":1.87,"y":-5.1,"curve":"stepped"},{"time":0.6666,"x":0.48,"y":1.27,"curve":"stepped"},{"time":0.8333,"x":0,"y":0}]}}},"in":{"slots":{"L_arm_3":{"attachment":[{"time":0,"name":"L_arm_3"},{"time":0.0666,"name":null},{"time":0.2666,"name":"L_arm_3_knuckle"},{"time":0.3333,"name":"L_arm_3"},{"time":0.5666,"name":"L_arm_3"},{"time":0.6666,"name":"L_arm_3"}],"color":[{"time":0,"color":"ffffff00"},{"time":0.4333,"color":"ffffffff"}]},"L_blade":{"attachment":[{"time":0,"name":"L_blade"},{"time":0.1333,"name":"L_blade"},{"time":0.3333,"name":"L_blade"},{"time":0.5666,"name":"L_blade"},{"time":0.6666,"name":"L_blade"}],"color":[{"time":0,"color":"ffffff00"},{"time":0.4333,"color":"ffffffff"}]},"MAIN":{"attachment":[{"time":0,"name":"idle_00"},{"time":0.0666,"name":"skill2_13"},{"time":0.1333,"name":"skill2_14"},{"time":0.1666,"name":"skill2_15"},{"time":0.2666,"name":"skill2_16"},{"time":0.3333,"name":"idle_00"},{"time":0.4333,"name":"idle_02"},{"time":0.5666,"name":"idle_00"},{"time":0.6666,"name":"idle_00"}],"color":[{"time":0,"color":"ffffff00"},{"time":0.4333,"color":"ffffffff"}]},"R_arm_3":{"attachment":[{"time":0,"name":"R_arm_3"},{"time":0.0666,"name":"L_arm_3_dash"},{"time":0.1666,"name":null},{"time":0.3333,"name":"R_arm_3"},{"time":0.5666,"name":"R_arm_3"},{"time":0.6666,"name":"R_arm_3"}],"color":[{"time":0,"color":"ffffff00"},{"time":0.4333,"color":"ffffffff"}]},"R_blade":{"attachment":[{"time":0,"name":"R_blade"},{"time":0.0666,"name":"R_blade"},{"time":0.1333,"name":"R_blade_2"},{"time":0.2666,"name":"R_blade"},{"time":0.3333,"name":"R_blade"},{"time":0.5666,"name":"R_blade"},{"time":0.6666,"name":"R_blade"}],"color":[{"time":0,"color":"ffffff00"},{"time":0.4333,"color":"ffffffff"}]}},"bones":{"MAIN":{"translate":[{"time":0,"x":140,"y":0,"curve":[0.233,0.3,0.58,0.64]},{"time":0.0666,"x":80,"y":23.44,"curve":[0.28,0.33,0.634,0.69]},{"time":0.1666,"x":40,"y":39.19,"curve":[0.342,0.41,0.694,0.77]},{"time":0.3333,"x":10,"y":0},{"time":0.4333,"x":0,"y":0}]},"R_blade":{"rotate":[{"time":0,"angle":0,"curve":"stepped"},{"time":0.0666,"angle":-24.69,"curve":"stepped"},{"time":0.1333,"angle":-11.55,"curve":"stepped"},{"time":0.1666,"angle":-11.55,"curve":"stepped"},{"time":0.2666,"angle":-12.08,"curve":"stepped"},{"time":0.3333,"angle":0,"curve":"stepped"},{"time":0.4333,"angle":-6.16,"curve":"stepped"},{"time":0.5666,"angle":0,"curve":"stepped"},{"time":0.6666,"angle":0}],"translate":[{"time":0,"x":0,"y":0,"curve":"stepped"},{"time":0.0666,"x":65.17,"y":-13.59,"curve":"stepped"},{"time":0.1333,"x":99.49,"y":8.31,"curve":"stepped"},{"time":0.1666,"x":69.13,"y":28.64,"curve":"stepped"},{"time":0.2666,"x":10.76,"y":15.84,"curve":"stepped"},{"time":0.3333,"x":0,"y":0,"curve":"stepped"},{"time":0.4333,"x":0.45,"y":-3.82,"curve":"stepped"},{"time":0.5666,"x":0,"y":0,"curve":"stepped"},{"time":0.6666,"x":0,"y":0}],"scale":[{"time":0,"x":1,"y":1,"curve":"stepped"},{"time":0.0666,"x":-1,"y":1,"curve":"stepped"},{"time":0.1333,"x":-1,"y":1,"curve":"stepped"},{"time":0.1666,"x":1,"y":1,"curve":"stepped"},{"time":0.2666,"x":1,"y":1}]},"R_hand":{"rotate":[{"time":0,"angle":0,"curve":"stepped"},{"time":0.0666,"angle":60.88,"curve":"stepped"},{"time":0.1333,"angle":107.34,"curve":"stepped"},{"time":0.1666,"angle":107.34,"curve":"stepped"},{"time":0.2666,"angle":107.34,"curve":"stepped"},{"time":0.3333,"angle":0,"curve":"stepped"},{"time":0.4333,"angle":-9.07,"curve":"stepped"},{"time":0.5666,"angle":0,"curve":"stepped"},{"time":0.6666,"angle":0}],"translate":[{"time":0,"x":0,"y":0,"curve":"stepped"},{"time":0.0666,"x":58.2,"y":-11.07,"curve":"stepped"},{"time":0.1333,"x":99.95,"y":12.3,"curve":"stepped"},{"time":0.1666,"x":99.95,"y":12.3,"curve":"stepped"},{"time":0.2666,"x":99.95,"y":12.3,"curve":"stepped"},{"time":0.3333,"x":0,"y":0,"curve":"stepped"},{"time":0.4333,"x":0.47,"y":-3.42,"curve":"stepped"},{"time":0.5666,"x":0,"y":0,"curve":"stepped"},{"time":0.6666,"x":0,"y":0}],"scale":[{"time":0,"x":1,"y":1,"curve":"stepped"},{"time":0.0666,"x":-1,"y":1,"curve":"stepped"},{"time":0.1333,"x":-1,"y":1,"curve":"stepped"},{"time":0.1666,"x":-1,"y":1,"curve":"stepped"},{"time":0.2666,"x":-1,"y":1,"curve":"stepped"},{"time":0.3333,"x":1,"y":1}]},"L_hand":{"rotate":[{"time":0,"angle":0,"curve":"stepped"},{"time":0.0666,"angle":139.17,"curve":"stepped"},{"time":0.1333,"angle":139.17,"curve":"stepped"},{"time":0.1666,"angle":139.17,"curve":"stepped"},{"time":0.2666,"angle":147.18,"curve":"stepped"},{"time":0.3333,"angle":0,"curve":"stepped"},{"time":0.4333,"angle":10.56,"curve":"stepped"},{"time":0.5666,"angle":0,"curve":"stepped"},{"time":0.6666,"angle":0}],"translate":[{"time":0,"x":0,"y":0,"curve":"stepped"},{"time":0.0666,"x":-26.44,"y":21.76,"curve":"stepped"},{"time":0.1333,"x":-26.44,"y":21.76,"curve":"stepped"},{"time":0.1666,"x":-26.44,"y":21.76,"curve":"stepped"},{"time":0.2666,"x":-44.05,"y":-13.56,"curve":"stepped"},{"time":0.3333,"x":0,"y":0,"curve":"stepped"},{"time":0.4333,"x":1.41,"y":-6.37,"curve":"stepped"},{"time":0.5666,"x":0,"y":0,"curve":"stepped"},{"time":0.6666,"x":0,"y":0}],"scale":[{"time":0,"x":1,"y":1,"curve":"stepped"},{"time":0.0666,"x":1,"y":1,"curve":"stepped"},{"time":0.1333,"x":1,"y":1,"curve":"stepped"},{"time":0.1666,"x":1,"y":1,"curve":"stepped"},{"time":0.2666,"x":1,"y":1}]},"L_blade":{"rotate":[{"time":0,"angle":0,"curve":"stepped"},{"time":0.0666,"angle":75.18,"curve":"stepped"},{"time":0.1333,"angle":75.18,"curve":"stepped"},{"time":0.1666,"angle":82.48,"curve":"stepped"},{"time":0.2666,"angle":130.28,"curve":"stepped"},{"time":0.3333,"angle":0,"curve":"stepped"},{"time":0.4333,"angle":5.41,"curve":"stepped"},{"time":0.5666,"angle":0,"curve":"stepped"},{"time":0.6666,"angle":0}],"translate":[{"time":0,"x":0,"y":0,"curve":"stepped"},{"time":0.0666,"x":-38.47,"y":-27.4,"curve":"stepped"},{"time":0.1333,"x":-40.59,"y":-2.06,"curve":"stepped"},{"time":0.1666,"x":-61.97,"y":5.85,"curve":"stepped"},{"time":0.2666,"x":-35.01,"y":-17.63,"curve":"stepped"},{"time":0.3333,"x":0,"y":0,"curve":"stepped"},{"time":0.4333,"x":1.12,"y":-7.64,"curve":"stepped"},{"time":0.5666,"x":0,"y":0,"curve":"stepped"},{"time":0.6666,"x":0,"y":0}],"scale":[{"time":0,"x":1,"y":1,"curve":"stepped"},{"time":0.0666,"x":0.934,"y":0.876,"curve":"stepped"},{"time":0.1333,"x":1.024,"y":0.774,"curve":"stepped"},{"time":0.1666,"x":1.106,"y":-0.77,"curve":"stepped"},{"time":0.2666,"x":1,"y":-1,"curve":"stepped"},{"time":0.3333,"x":1,"y":1}]}},"drawOrder":[{"time":0.0666,"offsets":[{"slot":"L_blade","offset":-11},{"slot":"L_arm_3","offset":-11}]},{"time":0.1666,"offsets":[{"slot":"R_blade","offset":-7},{"slot":"R_arm_3","offset":-7},{"slot":"L_blade","offset":-11},{"slot":"L_arm_3","offset":-11}]},{"time":0.2666,"offsets":[{"slot":"R_blade","offset":-9},{"slot":"R_arm_3","offset":-9},{"slot":"L_blade","offset":-8},{"slot":"L_arm_3","offset":-8}]},{"time":0.3333,"offsets":[{"slot":"R_blade","offset":-8},{"slot":"R_arm_3","offset":-8},{"slot":"L_blade","offset":-8},{"slot":"L_arm_3","offset":-8}]}],"events":[{"time":0,"name":"Sound2","string":"cri_se_battle_jump"},{"time":0.3333,"name":"Sound2","string":"cri_se_battle_landing"},{"time":0.6666,"name":"Event","string":"takeIdle"}]},"skill1":{"slots":{"DAMAGEAREA":{"attachment":[{"time":1.5333,"name":"DAMAGEAREA"},{"time":1.6,"name":null}]},"EF/wave_ground/100_S1_wave1_00001":{"attachment":[{"time":1.3666,"name":"EF/wave_ground/100_S1_wave1_00001"},{"time":1.4,"name":"EF/wave_ground/100_S1_wave1_00003"},{"time":1.4333,"name":"EF/wave_ground/100_S1_wave1_00004"},{"time":1.4666,"name":"EF/wave_ground/100_S1_wave1_00005"},{"time":1.5,"name":"EF/wave_ground/100_S1_wave1_00006"},{"time":1.5333,"name":"EF/wave_ground/100_S1_wave1_00007"},{"time":1.5666,"name":"EF/wave_ground/100_S1_wave1_00008"},{"time":1.6,"name":"EF/wave_ground/100_S1_wave1_00009"}],"color":[{"time":1.6,"color":"ffffffff"},{"time":1.7,"color":"ffffff00"}]},"L_arm_3":{"attachment":[{"time":0,"name":"L_arm_3"},{"time":0.1,"name":null},{"time":1.4,"name":"L_arm_3_dash"}]},"L_blade":{"attachment":[{"time":0,"name":"L_blade"},{"time":0.1,"name":null}]},"MAIN":{"attachment":[{"time":0,"name":"idle_00"},{"time":0.1,"name":"skill1_00"},{"time":0.2333,"name":"skill1_01"},{"time":0.4666,"name":"skill1_02"},{"time":0.5,"name":"skill1_03"},{"time":0.5333,"name":"skill1_04"},{"time":0.9333,"name":"skill1_05"},{"time":1.0333,"name":"skill1_06"},{"time":1.3666,"name":"skill1_07"},{"time":1.4,"name":"skill1_08"},{"time":1.4333,"name":"skill1_09"},{"time":1.5,"name":"skill1_10"}]},"R_arm_3":{"attachment":[{"time":0,"name":"R_arm_3"},{"time":0.1,"name":null}]},"R_blade":{"attachment":[{"time":0,"name":"R_blade"},{"time":0.1,"name":null}]},"frying_pan":{"attachment":[{"time":0.4666,"name":"frying_pan_1"},{"time":0.9333,"name":"frying_pan_2"},{"time":1.3666,"name":"frying_pan_1"},{"time":1.4,"name":"frying_pan_2"}]}},"bones":{"MAIN":{"translate":[{"time":0,"x":0.35,"y":0,"curve":"stepped"},{"time":0.1,"x":39.16,"y":0,"curve":"stepped"},{"time":0.5,"x":10.63,"y":0,"curve":"stepped"},{"time":0.9333,"x":33.77,"y":0,"curve":"stepped"},{"time":1.3666,"x":-40.62,"y":0}]},"frying_pan":{"rotate":[{"time":0.4666,"angle":-115.42,"curve":"stepped"},{"time":0.5,"angle":-15.15,"curve":"stepped"},{"time":0.5333,"angle":13.18,"curve":"stepped"},{"time":0.9333,"angle":-28,"curve":"stepped"},{"time":1.0333,"angle":-0.25,"curve":"stepped"},{"time":1.3666,"angle":91.73,"curve":"stepped"},{"time":1.4,"angle":-50.02,"curve":"stepped"},{"time":1.4333,"angle":-43.52,"curve":"stepped"},{"time":1.5,"angle":-30.34}],"translate":[{"time":0.4666,"x":-104.43,"y":36.58,"curve":"stepped"},{"time":0.5,"x":-120.66,"y":41.82,"curve":"stepped"},{"time":0.5333,"x":-150.77,"y":43.72,"curve":"stepped"},{"time":0.9333,"x":-63.16,"y":14.55,"curve":"stepped"},{"time":1.0333,"x":-54.61,"y":9.31,"curve":"stepped"},{"time":1.3666,"x":-155.56,"y":-44.42,"curve":"stepped"},{"time":1.4,"x":-88.33,"y":2.84,"curve":"stepped"},{"time":1.4333,"x":-98.45,"y":3.94,"curve":"stepped"},{"time":1.5,"x":-108.64,"y":10.77}]},"L_hand":{"rotate":[{"time":0,"angle":0,"curve":"stepped"},{"time":1.4,"angle":106.59,"curve":"stepped"},{"time":1.4333,"angle":117.03,"curve":"stepped"},{"time":1.5,"angle":129.11}],"translate":[{"time":0,"x":0,"y":0,"curve":"stepped"},{"time":1.4,"x":-53.11,"y":10.42,"curve":"stepped"},{"time":1.4333,"x":-61.1,"y":8.79,"curve":"stepped"},{"time":1.5,"x":-68.44,"y":11.62}],"scale":[{"time":0,"x":1,"y":1,"curve":"stepped"},{"time":1.4,"x":-1,"y":1}]},"wave":{"translate":[{"time":1.3666,"x":-287.86,"y":-24.23}],"scale":[{"time":1.3666,"x":3.001,"y":3.001,"curve":"stepped"},{"time":1.6,"x":3.001,"y":3.001},{"time":1.7,"x":4,"y":4}]},"R_blade":{"rotate":[{"time":0,"angle":0}],"translate":[{"time":0,"x":0,"y":0}],"scale":[{"time":0,"x":1,"y":1}]},"R_hand":{"rotate":[{"time":0,"angle":0}],"translate":[{"time":0,"x":0,"y":0}],"scale":[{"time":0,"x":1,"y":1}]},"L_blade":{"rotate":[{"time":0,"angle":0}],"translate":[{"time":0,"x":0,"y":0}],"scale":[{"time":0,"x":1,"y":1}]},"DAMAGEAREA":{"translate":[{"time":1.4666,"x":-197.99,"y":64.67},{"time":1.5333,"x":-225.31,"y":64.67}],"scale":[{"time":1.4666,"x":1.838,"y":0.814},{"time":1.5333,"x":2.29,"y":0.814}]},"root":{"translate":[{"time":2,"x":-40.62,"y":0}]}},"drawOrder":[{"time":1.4,"offsets":[{"slot":"frying_pan","offset":1}]}],"events":[{"time":0,"name":"Event","float":0.2,"string":"kHitStopType_normal"},{"time":0.5333,"name":"Sound1","string":"cri_se_battle_033_explosion_element_01"},{"time":1.1666,"name":"Voice","string":"cri_115_voice_skill_all"},{"time":1.3333,"name":"Sound1","string":"cri_se_battle_sword_swish_heavy"},{"time":1.3666,"name":"Sound1","string":"cri_se_battle_033_explosion_element_01"},{"time":1.4,"name":"Sound1","string":"cri_se_battle_cat_punch"},{"time":1.5,"name":"Event","string":"kImpactType_knock_up"},{"time":1.5333,"name":"Event","string":"shakeGround"}]},"skill2":{"slots":{"DAMAGEAREA":{"attachment":[{"time":0.9333,"name":"DAMAGEAREA"},{"time":2.6,"name":null}]},"EF/EF_blade_Dot/weapon_around_1":{"attachment":[{"time":0.8333,"name":"EF/EF_blade_Dot/weapon_around_1"},{"time":0.8666,"name":"EF/EF_blade_Dot/weapon_around_2"},{"time":0.9,"name":"EF/EF_blade_Dot/weapon_around_3"},{"time":0.9333,"name":"EF/EF_blade_Dot/weapon_around_1"},{"time":0.9666,"name":"EF/EF_blade_Dot/weapon_around_2"},{"time":1,"name":"EF/EF_blade_Dot/weapon_around_3"},{"time":1.0333,"name":"EF/EF_blade_Dot/weapon_around_1"},{"time":1.0666,"name":"EF/EF_blade_Dot/weapon_around_2"},{"time":1.1,"name":"EF/EF_blade_Dot/weapon_around_3"},{"time":1.1333,"name":"EF/EF_blade_Dot/weapon_around_1"},{"time":1.1666,"name":"EF/EF_blade_Dot/weapon_around_2"},{"time":1.2,"name":"EF/EF_blade_Dot/weapon_around_3"},{"time":1.2333,"name":"EF/EF_blade_Dot/weapon_around_1"},{"time":1.2666,"name":"EF/EF_blade_Dot/weapon_around_2"},{"time":1.3,"name":"EF/EF_blade_Dot/weapon_around_3"},{"time":1.3333,"name":"EF/EF_blade_Dot/weapon_around_1"},{"time":1.3666,"name":"EF/EF_blade_Dot/weapon_around_2"},{"time":1.4,"name":"EF/EF_blade_Dot/weapon_around_3"},{"time":1.4333,"name":"EF/EF_blade_Dot/weapon_around_1"},{"time":1.4666,"name":"EF/EF_blade_Dot/weapon_around_2"},{"time":1.5,"name":"EF/EF_blade_Dot/weapon_around_3"},{"time":1.5333,"name":"EF/EF_blade_Dot/weapon_around_1"},{"time":1.5666,"name":"EF/EF_blade_Dot/weapon_around_2"},{"time":1.6,"name":"EF/EF_blade_Dot/weapon_around_3"},{"time":1.6333,"name":"EF/EF_blade_Dot/weapon_around_1"},{"time":1.6666,"name":"EF/EF_blade_Dot/weapon_around_2"},{"time":1.7,"name":"EF/EF_blade_Dot/weapon_around_3"},{"time":1.7333,"name":"EF/EF_blade_Dot/weapon_around_1"},{"time":1.7666,"name":"EF/EF_blade_Dot/weapon_around_2"},{"time":1.8,"name":"EF/EF_blade_Dot/weapon_around_3"},{"time":1.8333,"name":"EF/EF_blade_Dot/weapon_around_1"},{"time":1.8666,"name":"EF/EF_blade_Dot/weapon_around_2"},{"time":1.9,"name":"EF/EF_blade_Dot/weapon_around_3"},{"time":1.9333,"name":"EF/EF_blade_Dot/weapon_around_1"},{"time":1.9666,"name":"EF/EF_blade_Dot/weapon_around_2"},{"time":2,"name":"EF/EF_blade_Dot/weapon_around_3"},{"time":2.0333,"name":"EF/EF_blade_Dot/weapon_around_1"},{"time":2.0666,"name":"EF/EF_blade_Dot/weapon_around_2"},{"time":2.1,"name":"EF/EF_blade_Dot/weapon_around_3"},{"time":2.1333,"name":"EF/EF_blade_Dot/weapon_around_1"},{"time":2.1666,"name":"EF/EF_blade_Dot/weapon_around_2"},{"time":2.2,"name":"EF/EF_blade_Dot/weapon_around_3"},{"time":2.2333,"name":"EF/EF_blade_Dot/weapon_around_1"},{"time":2.2666,"name":"EF/EF_blade_Dot/weapon_around_2"},{"time":2.3,"name":"EF/EF_blade_Dot/weapon_around_3"},{"time":2.3333,"name":"EF/EF_blade_Dot/weapon_around_1"},{"time":2.3666,"name":"EF/EF_blade_Dot/weapon_around_2"},{"time":2.4,"name":"EF/EF_blade_Dot/weapon_around_3"},{"time":2.4333,"name":"EF/EF_blade_Dot/weapon_around_1"},{"time":2.4666,"name":"EF/EF_blade_Dot/weapon_around_2"},{"time":2.5,"name":"EF/EF_blade_Dot/weapon_around_3"},{"time":2.5333,"name":"EF/EF_blade_Dot/weapon_around_1"},{"time":2.5666,"name":"EF/EF_blade_Dot/weapon_around_2"},{"time":2.6,"name":"EF/EF_blade_Dot/weapon_around_3"},{"time":2.6333,"name":"EF/EF_blade_Dot/weapon_around_1"},{"time":2.6666,"name":"EF/EF_blade_Dot/weapon_around_2"},{"time":2.7,"name":"EF/EF_blade_Dot/weapon_around_3"},{"time":2.7333,"name":"EF/EF_blade_Dot/weapon_around_1"},{"time":2.7666,"name":"EF/EF_blade_Dot/weapon_around_2"},{"time":2.8,"name":"EF/EF_blade_Dot/weapon_around_3"},{"time":2.8333,"name":null}]},"EF/EF_blade_Dot/weapon_around_2":{"attachment":[{"time":1.1,"name":"EF/EF_blade_Dot/weapon_around_1"},{"time":1.1333,"name":"EF/EF_blade_Dot/weapon_around_2"},{"time":1.1666,"name":"EF/EF_blade_Dot/weapon_around_3"},{"time":1.2,"name":"EF/EF_blade_Dot/weapon_around_1"},{"time":1.2333,"name":"EF/EF_blade_Dot/weapon_around_2"},{"time":1.2666,"name":"EF/EF_blade_Dot/weapon_around_3"},{"time":1.3,"name":"EF/EF_blade_Dot/weapon_around_1"},{"time":1.3333,"name":"EF/EF_blade_Dot/weapon_around_2"},{"time":1.3666,"name":"EF/EF_blade_Dot/weapon_around_3"},{"time":1.4,"name":"EF/EF_blade_Dot/weapon_around_1"},{"time":1.4333,"name":"EF/EF_blade_Dot/weapon_around_2"},{"time":1.4666,"name":"EF/EF_blade_Dot/weapon_around_3"},{"time":1.5,"name":"EF/EF_blade_Dot/weapon_around_1"},{"time":1.5333,"name":"EF/EF_blade_Dot/weapon_around_2"},{"time":1.5666,"name":"EF/EF_blade_Dot/weapon_around_3"},{"time":1.6,"name":"EF/EF_blade_Dot/weapon_around_1"},{"time":1.6333,"name":"EF/EF_blade_Dot/weapon_around_2"},{"time":1.6666,"name":"EF/EF_blade_Dot/weapon_around_3"},{"time":1.7,"name":"EF/EF_blade_Dot/weapon_around_1"},{"time":1.7333,"name":"EF/EF_blade_Dot/weapon_around_2"},{"time":1.7666,"name":"EF/EF_blade_Dot/weapon_around_3"},{"time":1.8,"name":"EF/EF_blade_Dot/weapon_around_1"},{"time":1.8333,"name":"EF/EF_blade_Dot/weapon_around_2"},{"time":1.8666,"name":"EF/EF_blade_Dot/weapon_around_3"},{"time":1.9,"name":"EF/EF_blade_Dot/weapon_around_1"},{"time":1.9333,"name":"EF/EF_blade_Dot/weapon_around_2"},{"time":1.9666,"name":"EF/EF_blade_Dot/weapon_around_3"},{"time":2,"name":"EF/EF_blade_Dot/weapon_around_1"},{"time":2.0333,"name":"EF/EF_blade_Dot/weapon_around_2"},{"time":2.0666,"name":"EF/EF_blade_Dot/weapon_around_3"},{"time":2.1,"name":"EF/EF_blade_Dot/weapon_around_1"},{"time":2.1333,"name":"EF/EF_blade_Dot/weapon_around_2"},{"time":2.1666,"name":"EF/EF_blade_Dot/weapon_around_3"},{"time":2.2,"name":"EF/EF_blade_Dot/weapon_around_1"},{"time":2.2333,"name":"EF/EF_blade_Dot/weapon_around_2"},{"time":2.2666,"name":"EF/EF_blade_Dot/weapon_around_3"},{"time":2.3,"name":"EF/EF_blade_Dot/weapon_around_1"},{"time":2.3333,"name":"EF/EF_blade_Dot/weapon_around_2"},{"time":2.3666,"name":"EF/EF_blade_Dot/weapon_around_3"},{"time":2.4,"name":"EF/EF_blade_Dot/weapon_around_1"},{"time":2.4333,"name":"EF/EF_blade_Dot/weapon_around_2"},{"time":2.4666,"name":"EF/EF_blade_Dot/weapon_around_3"},{"time":2.5,"name":"EF/EF_blade_Dot/weapon_around_1"},{"time":2.5333,"name":"EF/EF_blade_Dot/weapon_around_2"},{"time":2.5666,"name":"EF/EF_blade_Dot/weapon_around_3"},{"time":2.6,"name":"EF/EF_blade_Dot/weapon_around_1"},{"time":2.6333,"name":"EF/EF_blade_Dot/weapon_around_2"},{"time":2.6666,"name":"EF/EF_blade_Dot/weapon_around_3"},{"time":2.7,"name":"EF/EF_blade_Dot/weapon_around_1"},{"time":2.7333,"name":"EF/EF_blade_Dot/weapon_around_2"},{"time":2.7666,"name":"EF/EF_blade_Dot/weapon_around_3"},{"time":2.8,"name":"EF/EF_blade_Dot/weapon_around_1"},{"time":2.8333,"name":null}]},"EF/wave_ground/100_S1_wave1_00001":{"attachment":[{"time":0.9333,"name":"EF/wave_ground/100_S1_wave1_00001"},{"time":0.9666,"name":"EF/wave_ground/100_S1_wave1_00003"},{"time":1,"name":"EF/wave_ground/100_S1_wave1_00004"},{"time":1.0333,"name":"EF/wave_ground/100_S1_wave1_00005"},{"time":1.0666,"name":"EF/wave_ground/100_S1_wave1_00006"},{"time":1.1,"name":"EF/wave_ground/100_S1_wave1_00007"},{"time":1.1333,"name":"EF/wave_ground/100_S1_wave1_00008"},{"time":1.1666,"name":"EF/wave_ground/100_S1_wave1_00009"},{"time":1.4,"name":"EF/wave_ground/100_S1_wave1_00001"},{"time":1.4333,"name":"EF/wave_ground/100_S1_wave1_00003"},{"time":1.4666,"name":"EF/wave_ground/100_S1_wave1_00004"},{"time":1.5,"name":"EF/wave_ground/100_S1_wave1_00005"},{"time":1.5333,"name":"EF/wave_ground/100_S1_wave1_00006"},{"time":1.5666,"name":"EF/wave_ground/100_S1_wave1_00007"},{"time":1.6,"name":"EF/wave_ground/100_S1_wave1_00008"},{"time":1.6333,"name":"EF/wave_ground/100_S1_wave1_00009"},{"time":1.8666,"name":"EF/wave_ground/100_S1_wave1_00001"},{"time":1.9,"name":"EF/wave_ground/100_S1_wave1_00003"},{"time":1.9333,"name":"EF/wave_ground/100_S1_wave1_00004"},{"time":1.9666,"name":"EF/wave_ground/100_S1_wave1_00005"},{"time":2,"name":"EF/wave_ground/100_S1_wave1_00006"},{"time":2.0333,"name":"EF/wave_ground/100_S1_wave1_00007"},{"time":2.0666,"name":"EF/wave_ground/100_S1_wave1_00008"},{"time":2.1,"name":"EF/wave_ground/100_S1_wave1_00009"},{"time":2.3333,"name":"EF/wave_ground/100_S1_wave1_00001"},{"time":2.3666,"name":"EF/wave_ground/100_S1_wave1_00003"},{"time":2.4,"name":"EF/wave_ground/100_S1_wave1_00004"},{"time":2.4333,"name":"EF/wave_ground/100_S1_wave1_00005"},{"time":2.4666,"name":"EF/wave_ground/100_S1_wave1_00006"},{"time":2.5,"name":"EF/wave_ground/100_S1_wave1_00007"},{"time":2.5333,"name":"EF/wave_ground/100_S1_wave1_00008"},{"time":2.5666,"name":"EF/wave_ground/100_S1_wave1_00009"}],"color":[{"time":1.1666,"color":"ffffffff"},{"time":1.2666,"color":"ffffff00","curve":"stepped"},{"time":1.4,"color":"ffffffff","curve":"stepped"},{"time":1.6333,"color":"ffffffff"},{"time":1.7333,"color":"ffffff00","curve":"stepped"},{"time":1.8666,"color":"ffffffff","curve":"stepped"},{"time":2.1,"color":"ffffffff"},{"time":2.2,"color":"ffffff00","curve":"stepped"},{"time":2.3333,"color":"ffffffff","curve":"stepped"},{"time":2.5666,"color":"ffffffff"},{"time":2.6666,"color":"ffffff00"}]},"EF/wave_ground/100_S1_wave1_1":{"attachment":[{"time":1.1666,"name":"EF/wave_ground/100_S1_wave1_00001"},{"time":1.2,"name":"EF/wave_ground/100_S1_wave1_00003"},{"time":1.2333,"name":"EF/wave_ground/100_S1_wave1_00004"},{"time":1.2666,"name":"EF/wave_ground/100_S1_wave1_00005"},{"time":1.3,"name":"EF/wave_ground/100_S1_wave1_00006"},{"time":1.3333,"name":"EF/wave_ground/100_S1_wave1_00007"},{"time":1.3666,"name":"EF/wave_ground/100_S1_wave1_00008"},{"time":1.4,"name":"EF/wave_ground/100_S1_wave1_00009"},{"time":1.6333,"name":"EF/wave_ground/100_S1_wave1_00001"},{"time":1.6666,"name":"EF/wave_ground/100_S1_wave1_00003"},{"time":1.7,"name":"EF/wave_ground/100_S1_wave1_00004"},{"time":1.7333,"name":"EF/wave_ground/100_S1_wave1_00005"},{"time":1.7666,"name":"EF/wave_ground/100_S1_wave1_00006"},{"time":1.8,"name":"EF/wave_ground/100_S1_wave1_00007"},{"time":1.8333,"name":"EF/wave_ground/100_S1_wave1_00008"},{"time":1.8666,"name":"EF/wave_ground/100_S1_wave1_00009"},{"time":2.1,"name":"EF/wave_ground/100_S1_wave1_00001"},{"time":2.1333,"name":"EF/wave_ground/100_S1_wave1_00003"},{"time":2.1666,"name":"EF/wave_ground/100_S1_wave1_00004"},{"time":2.2,"name":"EF/wave_ground/100_S1_wave1_00005"},{"time":2.2333,"name":"EF/wave_ground/100_S1_wave1_00006"},{"time":2.2666,"name":"EF/wave_ground/100_S1_wave1_00007"},{"time":2.3,"name":"EF/wave_ground/100_S1_wave1_00008"},{"time":2.3333,"name":"EF/wave_ground/100_S1_wave1_00009"}],"color":[{"time":1.4,"color":"ffffffff"},{"time":1.5,"color":"ffffff00","curve":"stepped"},{"time":1.6333,"color":"ffffffff","curve":"stepped"},{"time":1.8666,"color":"ffffffff"},{"time":1.9666,"color":"ffffff00","curve":"stepped"},{"time":2.1,"color":"ffffffff","curve":"stepped"},{"time":2.3333,"color":"ffffffff"},{"time":2.4333,"color":"ffffff00"}]},"EF/wave_ground/100_S1_wave1_2":{"attachment":[{"time":1.2,"name":"EF/wave_ground/100_S1_wave1_00001"},{"time":1.2333,"name":"EF/wave_ground/100_S1_wave1_00003"},{"time":1.2666,"name":"EF/wave_ground/100_S1_wave1_00004"},{"time":1.3,"name":"EF/wave_ground/100_S1_wave1_00005"},{"time":1.3333,"name":"EF/wave_ground/100_S1_wave1_00006"},{"time":1.3666,"name":"EF/wave_ground/100_S1_wave1_00007"},{"time":1.4,"name":"EF/wave_ground/100_S1_wave1_00008"},{"time":1.4333,"name":"EF/wave_ground/100_S1_wave1_00009"},{"time":1.6666,"name":"EF/wave_ground/100_S1_wave1_00001"},{"time":1.7,"name":"EF/wave_ground/100_S1_wave1_00003"},{"time":1.7333,"name":"EF/wave_ground/100_S1_wave1_00004"},{"time":1.7666,"name":"EF/wave_ground/100_S1_wave1_00005"},{"time":1.8,"name":"EF/wave_ground/100_S1_wave1_00006"},{"time":1.8333,"name":"EF/wave_ground/100_S1_wave1_00007"},{"time":1.8666,"name":"EF/wave_ground/100_S1_wave1_00008"},{"time":1.9,"name":"EF/wave_ground/100_S1_wave1_00009"},{"time":2.1333,"name":"EF/wave_ground/100_S1_wave1_00001"},{"time":2.1666,"name":"EF/wave_ground/100_S1_wave1_00003"},{"time":2.2,"name":"EF/wave_ground/100_S1_wave1_00004"},{"time":2.2333,"name":"EF/wave_ground/100_S1_wave1_00005"},{"time":2.2666,"name":"EF/wave_ground/100_S1_wave1_00006"},{"time":2.3,"name":"EF/wave_ground/100_S1_wave1_00007"},{"time":2.3333,"name":"EF/wave_ground/100_S1_wave1_00008"},{"time":2.3666,"name":"EF/wave_ground/100_S1_wave1_00009"}],"color":[{"time":1.4333,"color":"ffffffff"},{"time":1.5333,"color":"ffffff00","curve":"stepped"},{"time":1.6666,"color":"ffffffff","curve":"stepped"},{"time":1.9,"color":"ffffffff"},{"time":2,"color":"ffffff00","curve":"stepped"},{"time":2.1333,"color":"ffffffff","curve":"stepped"},{"time":2.3666,"color":"ffffffff"},{"time":2.4666,"color":"ffffff00"}]},"EF/wave_ground/100_S1_wave1_3":{"attachment":[{"time":1.4333,"name":"EF/wave_ground/100_S1_wave1_00001"},{"time":1.4666,"name":"EF/wave_ground/100_S1_wave1_00003"},{"time":1.5,"name":"EF/wave_ground/100_S1_wave1_00004"},{"time":1.5333,"name":"EF/wave_ground/100_S1_wave1_00005"},{"time":1.5666,"name":"EF/wave_ground/100_S1_wave1_00006"},{"time":1.6,"name":"EF/wave_ground/100_S1_wave1_00007"},{"time":1.6333,"name":"EF/wave_ground/100_S1_wave1_00008"},{"time":1.6666,"name":"EF/wave_ground/100_S1_wave1_00009"},{"time":1.9,"name":"EF/wave_ground/100_S1_wave1_00001"},{"time":1.9333,"name":"EF/wave_ground/100_S1_wave1_00003"},{"time":1.9666,"name":"EF/wave_ground/100_S1_wave1_00004"},{"time":2,"name":"EF/wave_ground/100_S1_wave1_00005"},{"time":2.0333,"name":"EF/wave_ground/100_S1_wave1_00006"},{"time":2.0666,"name":"EF/wave_ground/100_S1_wave1_00007"},{"time":2.1,"name":"EF/wave_ground/100_S1_wave1_00008"},{"time":2.1333,"name":"EF/wave_ground/100_S1_wave1_00009"},{"time":2.3666,"name":"EF/wave_ground/100_S1_wave1_00001"},{"time":2.4,"name":"EF/wave_ground/100_S1_wave1_00003"},{"time":2.4333,"name":"EF/wave_ground/100_S1_wave1_00004"},{"time":2.4666,"name":"EF/wave_ground/100_S1_wave1_00005"},{"time":2.5,"name":"EF/wave_ground/100_S1_wave1_00006"},{"time":2.5333,"name":"EF/wave_ground/100_S1_wave1_00007"},{"time":2.5666,"name":"EF/wave_ground/100_S1_wave1_00008"},{"time":2.6,"name":"EF/wave_ground/100_S1_wave1_00009"}],"color":[{"time":1.6666,"color":"ffffffff"},{"time":1.7666,"color":"ffffff00","curve":"stepped"},{"time":1.9,"color":"ffffffff","curve":"stepped"},{"time":2.1333,"color":"ffffffff"},{"time":2.2333,"color":"ffffff00","curve":"stepped"},{"time":2.3666,"color":"ffffffff","curve":"stepped"},{"time":2.6,"color":"ffffffff"},{"time":2.7,"color":"ffffff00"}]},"L_arm_3":{"attachment":[{"time":0,"name":"L_arm_3"},{"time":0.0666,"name":"L_arm_3_baclflip"},{"time":0.1333,"name":"L_arm_3_dash"},{"time":0.8333,"name":"L_arm_3_baclflip"},{"time":0.9333,"name":"L_arm_3"},{"time":1,"name":"L_arm_3"},{"time":1.1,"name":"L_arm_3_dash"},{"time":2.4666,"name":null},{"time":2.6666,"name":"L_arm_3_baclflip"},{"time":2.7666,"name":null},{"time":2.9,"name":"L_arm_3_fp_stance"},{"time":2.9666,"name":"L_arm_3_dash"},{"time":3.1,"name":null},{"time":3.2333,"name":"L_arm_3_knuckle"},{"time":3.3,"name":null}]},"L_blade":{"attachment":[{"time":0,"name":"L_blade"},{"time":0.0666,"name":"L_blade"},{"time":1,"name":"R_blade_2"},{"time":1.1,"name":null},{"time":2.9,"name":"L_blade"},{"time":3.1666,"name":"L_blade"},{"time":3.3,"name":null}]},"MAIN":{"attachment":[{"time":0,"name":"idle_00"},{"time":0.0666,"name":"attack1_00"},{"time":0.1333,"name":"skill2_00"},{"time":0.8333,"name":"skill2_01"},{"time":0.9333,"name":"skill2_02"},{"time":1,"name":"skill2_03"},{"time":1.1,"name":"skill2_04"},{"time":1.1666,"name":"skill2_17"},{"time":1.2333,"name":"skill2_18"},{"time":2.4666,"name":"skill2_19"},{"time":2.5333,"name":"skill2_05"},{"time":2.6666,"name":"skill2_06"},{"time":2.7666,"name":"skill2_07"},{"time":2.8333,"name":"skill2_08"},{"time":2.9,"name":"skill2_09"},{"time":2.9666,"name":"skill2_10"},{"time":3.0333,"name":"skill2_11"},{"time":3.1,"name":"skill2_12"},{"time":3.1666,"name":"skill2_14"},{"time":3.2333,"name":"skill2_16"},{"time":3.3,"name":"cast_00"},{"time":3.7,"name":"cast_01"},{"time":3.7333,"name":"cast_02"},{"time":3.8,"name":"cast_03"},{"time":4.3,"name":"cast_03"}]},"R_arm_3":{"attachment":[{"time":0,"name":"R_arm_3"},{"time":0.0666,"name":null},{"time":0.8333,"name":"L_arm_3_dash"},{"time":0.9333,"name":null},{"time":2.6666,"name":null},{"time":2.9,"name":"L_arm_3_dash"},{"time":2.9666,"name":"R_arm_3"},{"time":3.0333,"name":"R_arm_3"},{"time":3.1,"name":"R_arm_3"},{"time":3.1666,"name":"L_arm_3_dash"},{"time":3.2333,"name":null},{"time":3.3,"name":null}]},"R_blade":{"attachment":[{"time":0,"name":"R_blade"},{"time":0.0666,"name":"R_blade"},{"time":0.8333,"name":null},{"time":2.9,"name":"R_blade"},{"time":3.1,"name":"R_blade_3"},{"time":3.1666,"name":"R_blade_2"},{"time":3.2333,"name":"R_blade"},{"time":3.3,"name":null}]}},"bones":{"MAIN":{"translate":[{"time":0,"x":0,"y":0,"curve":"stepped"},{"time":0.0666,"x":23.09,"y":0,"curve":"stepped"},{"time":0.1333,"x":38.61,"y":0,"curve":"stepped"},{"time":0.8333,"x":-2.35,"y":0,"curve":"stepped"},{"time":0.9333,"x":18.35,"y":0,"curve":"stepped"},{"time":2.5333,"x":2.01,"y":0,"curve":"stepped"},{"time":2.6666,"x":28.51,"y":146.1,"curve":"stepped"},{"time":2.7666,"x":144.33,"y":165.78,"curve":"stepped"},{"time":2.8333,"x":155.69,"y":36.33,"curve":"stepped"},{"time":2.9,"x":119.35,"y":15.89,"curve":"stepped"},{"time":2.9666,"x":151.14,"y":3.42,"curve":"stepped"},{"time":3.1,"x":162.98,"y":3.42,"curve":"stepped"},{"time":3.1666,"x":198.49,"y":5.91,"curve":"stepped"},{"time":3.2333,"x":199.73,"y":5.29}]},"blade":{"translate":[{"time":0.8333,"x":-492.76,"y":33.01},{"time":0.9333,"x":-704.45,"y":-16.94,"curve":"stepped"},{"time":2.6,"x":-704.45,"y":-16.94},{"time":2.8,"x":-333.83,"y":115.39}]},"wave":{"translate":[{"time":0.9333,"x":-541.92,"y":-36.65}],"scale":[{"time":0.9333,"x":5,"y":5,"curve":"stepped"},{"time":1.1666,"x":5,"y":5},{"time":1.2666,"x":6,"y":6,"curve":"stepped"},{"time":1.4,"x":5,"y":5,"curve":"stepped"},{"time":1.6333,"x":5,"y":5},{"time":1.7333,"x":6,"y":6,"curve":"stepped"},{"time":1.8666,"x":5,"y":5,"curve":"stepped"},{"time":2.1,"x":5,"y":5},{"time":2.2,"x":6,"y":6,"curve":"stepped"},{"time":2.3333,"x":5,"y":5,"curve":"stepped"},{"time":2.5666,"x":5,"y":5},{"time":2.6666,"x":6,"y":6}]},"wave2":{"translate":[{"time":1.1666,"x":-541.48,"y":7.84}],"scale":[{"time":1.1666,"x":4.998,"y":4.998,"curve":"stepped"},{"time":1.4,"x":4.998,"y":4.998},{"time":1.5,"x":6,"y":6,"curve":"stepped"},{"time":1.6333,"x":4.998,"y":4.998,"curve":"stepped"},{"time":1.8666,"x":4.998,"y":4.998},{"time":1.9666,"x":6,"y":6,"curve":"stepped"},{"time":2.1,"x":4.998,"y":4.998,"curve":"stepped"},{"time":2.3333,"x":4.998,"y":4.998},{"time":2.4333,"x":6,"y":6}]},"wave3":{"translate":[{"time":1.2,"x":-541.92,"y":-36.65}],"scale":[{"time":1.2,"x":5,"y":5,"curve":"stepped"},{"time":1.4333,"x":5,"y":5},{"time":1.5333,"x":6,"y":6,"curve":"stepped"},{"time":1.6666,"x":5,"y":5,"curve":"stepped"},{"time":1.9,"x":5,"y":5},{"time":2,"x":6,"y":6,"curve":"stepped"},{"time":2.1333,"x":5,"y":5,"curve":"stepped"},{"time":2.3666,"x":5,"y":5},{"time":2.4666,"x":6,"y":6}]},"wave4":{"translate":[{"time":1.4333,"x":-541.48,"y":7.84}],"scale":[{"time":1.4333,"x":4.998,"y":4.998,"curve":"stepped"},{"time":1.6666,"x":4.998,"y":4.998},{"time":1.7666,"x":6,"y":6,"curve":"stepped"},{"time":1.9,"x":4.998,"y":4.998,"curve":"stepped"},{"time":2.1333,"x":4.998,"y":4.998},{"time":2.2333,"x":6,"y":6,"curve":"stepped"},{"time":2.3666,"x":4.998,"y":4.998,"curve":"stepped"},{"time":2.6,"x":4.998,"y":4.998},{"time":2.7,"x":6,"y":6}]},"blade2":{"translate":[{"time":1.1,"x":-492.76,"y":79.18},{"time":1.2,"x":-652.08,"y":31.29,"curve":"stepped"},{"time":2.6,"x":-652.08,"y":31.29},{"time":2.8,"x":-357.57,"y":155.48}],"scale":[{"time":1.1,"x":-1,"y":1}]},"R_blade":{"rotate":[{"time":0,"angle":0,"curve":"stepped"},{"time":0.0666,"angle":-157.15,"curve":"stepped"},{"time":0.1333,"angle":-152.48,"curve":"stepped"},{"time":2.9,"angle":-90.2,"curve":"stepped"},{"time":2.9666,"angle":40.12,"curve":"stepped"},{"time":3.0333,"angle":80.64,"curve":"stepped"},{"time":3.1,"angle":-69.83,"curve":"stepped"},{"time":3.1666,"angle":-11.55,"curve":"stepped"},{"time":3.2333,"angle":-12.08,"curve":"stepped"},{"time":3.3,"angle":0}],"translate":[{"time":0,"x":0,"y":0,"curve":"stepped"},{"time":0.0666,"x":72.2,"y":65.69,"curve":"stepped"},{"time":0.1333,"x":101.68,"y":15.59,"curve":"stepped"},{"time":2.9,"x":62.51,"y":-24.01,"curve":"stepped"},{"time":2.9666,"x":17.69,"y":-37.16,"curve":"stepped"},{"time":3.0333,"x":54.15,"y":-35.37,"curve":"stepped"},{"time":3.1,"x":66.19,"y":-14.54,"curve":"stepped"},{"time":3.1666,"x":99.49,"y":8.31,"curve":"stepped"},{"time":3.2333,"x":10.76,"y":15.84,"curve":"stepped"},{"time":3.3,"x":0,"y":0}],"scale":[{"time":0,"x":1,"y":1,"curve":"stepped"},{"time":2.9,"x":-1,"y":1,"curve":"stepped"},{"time":2.9666,"x":1,"y":1,"curve":"stepped"},{"time":3.1666,"x":-1,"y":1,"curve":"stepped"},{"time":3.2333,"x":1,"y":1}]},"R_hand":{"rotate":[{"time":0,"angle":0,"curve":"stepped"},{"time":0.8333,"angle":76.75,"curve":"stepped"},{"time":2.9,"angle":11.7,"curve":"stepped"},{"time":2.9666,"angle":47.81,"curve":"stepped"},{"time":3.0333,"angle":80.47,"curve":"stepped"},{"time":3.1,"angle":92.47,"curve":"stepped"},{"time":3.1666,"angle":107.34,"curve":"stepped"},{"time":3.3,"angle":0}],"translate":[{"time":0,"x":0,"y":0,"curve":"stepped"},{"time":0.8333,"x":68.33,"y":-21.64,"curve":"stepped"},{"time":2.9,"x":59.51,"y":-23.32,"curve":"stepped"},{"time":2.9666,"x":17.77,"y":-37.38,"curve":"stepped"},{"time":3.0333,"x":50.31,"y":-36.05,"curve":"stepped"},{"time":3.1,"x":67.26,"y":-18.79,"curve":"stepped"},{"time":3.1666,"x":99.95,"y":12.3,"curve":"stepped"},{"time":3.3,"x":0,"y":0}],"scale":[{"time":0,"x":1,"y":1,"curve":"stepped"},{"time":0.8333,"x":-1,"y":1,"curve":"stepped"},{"time":2.9666,"x":1,"y":1,"curve":"stepped"},{"time":3.1666,"x":-1,"y":1,"curve":"stepped"},{"time":3.3,"x":1,"y":1}]},"L_hand":{"rotate":[{"time":0,"angle":0,"curve":"stepped"},{"time":0.0666,"angle":-91.33,"curve":"stepped"},{"time":0.1333,"angle":-86.63,"curve":"stepped"},{"time":0.8333,"angle":154.13,"curve":"stepped"},{"time":0.9333,"angle":108.91,"curve":"stepped"},{"time":1,"angle":42.17,"curve":"stepped"},{"time":1.1,"angle":-90.33,"curve":"stepped"},{"time":1.1666,"angle":-110.83,"curve":"stepped"},{"time":1.2333,"angle":-132.38,"curve":"stepped"},{"time":2.6666,"angle":34.39,"curve":"stepped"},{"time":2.9,"angle":49.81,"curve":"stepped"},{"time":2.9666,"angle":119.37,"curve":"stepped"},{"time":3.0333,"angle":128.9,"curve":"stepped"},{"time":3.1666,"angle":139.17,"curve":"stepped"},{"time":3.2333,"angle":147.18,"curve":"stepped"},{"time":3.3,"angle":0}],"translate":[{"time":0,"x":0,"y":0,"curve":"stepped"},{"time":0.0666,"x":-82.85,"y":1.87,"curve":"stepped"},{"time":0.1333,"x":-93.88,"y":-6.34,"curve":"stepped"},{"time":0.8333,"x":-40.55,"y":48.39,"curve":"stepped"},{"time":0.9333,"x":-35.75,"y":40.77,"curve":"stepped"},{"time":1,"x":5.7,"y":-14.09,"curve":"stepped"},{"time":1.1,"x":-120.34,"y":-9.67,"curve":"stepped"},{"time":1.1666,"x":-88.47,"y":-3.61,"curve":"stepped"},{"time":1.2333,"x":-66.76,"y":1,"curve":"stepped"},{"time":2.6666,"x":1.95,"y":-0.94,"curve":"stepped"},{"time":2.9,"x":-39.87,"y":44.09,"curve":"stepped"},{"time":2.9666,"x":-11.58,"y":-9.99,"curve":"stepped"},{"time":3.0333,"x":-14.74,"y":7.92,"curve":"stepped"},{"time":3.1666,"x":-26.44,"y":21.76,"curve":"stepped"},{"time":3.2333,"x":-44.05,"y":-13.56,"curve":"stepped"},{"time":3.3,"x":0,"y":0}],"scale":[{"time":0,"x":1,"y":1,"curve":"stepped"},{"time":0.0666,"x":1,"y":1,"curve":"stepped"},{"time":1.1,"x":0.951,"y":0.845,"curve":"stepped"},{"time":1.1666,"x":0.943,"y":0.848,"curve":"stepped"},{"time":2.6666,"x":1,"y":1,"curve":"stepped"},{"time":2.9,"x":1.144,"y":1.297,"curve":"stepped"},{"time":2.9666,"x":1,"y":1,"curve":"stepped"},{"time":3.1666,"x":1,"y":1,"curve":"stepped"},{"time":3.2333,"x":1,"y":1}]},"L_blade":{"rotate":[{"time":0,"angle":0,"curve":"stepped"},{"time":0.0666,"angle":82.12,"curve":"stepped"},{"time":0.1333,"angle":136.8,"curve":"stepped"},{"time":0.8333,"angle":-10,"curve":"stepped"},{"time":0.9333,"angle":112.49,"curve":"stepped"},{"time":1,"angle":124.08,"curve":"stepped"},{"time":2.9,"angle":56.24,"curve":"stepped"},{"time":2.9666,"angle":129.77,"curve":"stepped"},{"time":3.0333,"angle":146.77,"curve":"stepped"},{"time":3.1,"angle":129.77,"curve":"stepped"},{"time":3.1666,"angle":75.18,"curve":"stepped"},{"time":3.2333,"angle":130.28,"curve":"stepped"},{"time":3.3,"angle":0}],"translate":[{"time":0,"x":0,"y":0,"curve":"stepped"},{"time":0.0666,"x":-74.73,"y":-3.36,"curve":"stepped"},{"time":0.1333,"x":-91.23,"y":-7.71,"curve":"stepped"},{"time":0.8333,"x":-36.58,"y":43.83,"curve":"stepped"},{"time":0.9333,"x":-30.06,"y":34.26,"curve":"stepped"},{"time":1,"x":9.19,"y":-16.7,"curve":"stepped"},{"time":2.9,"x":-35.94,"y":37.57,"curve":"stepped"},{"time":2.9666,"x":-5.16,"y":-3.95,"curve":"stepped"},{"time":3.0333,"x":-7.85,"y":11.28,"curve":"stepped"},{"time":3.1,"x":-31.75,"y":-4.85,"curve":"stepped"},{"time":3.1666,"x":-40.59,"y":-2.06,"curve":"stepped"},{"time":3.2333,"x":-35.01,"y":-17.63,"curve":"stepped"},{"time":3.3,"x":0,"y":0}],"scale":[{"time":0,"x":1,"y":1,"curve":"stepped"},{"time":0.0666,"x":1,"y":-1,"curve":"stepped"},{"time":0.9333,"x":1,"y":1,"curve":"stepped"},{"time":1,"x":1,"y":-0.913,"curve":"stepped"},{"time":2.9,"x":1,"y":1,"curve":"stepped"},{"time":2.9666,"x":-1,"y":1,"curve":"stepped"},{"time":3.1666,"x":1.024,"y":0.774,"curve":"stepped"},{"time":3.2333,"x":1,"y":-1,"curve":"stepped"},{"time":3.3,"x":1,"y":1}]},"DAMAGEAREA":{"translate":[{"time":0.9333,"x":-298.31,"y":11.87},{"time":1,"x":-298.31,"y":154.43},{"time":1.4333,"x":-298.31,"y":228.29}],"scale":[{"time":0.9333,"x":1.514,"y":0.551},{"time":1,"x":1.514,"y":1.999},{"time":1.2,"x":1.534,"y":1.999},{"time":1.4333,"x":2.851,"y":3.501}]}},"drawOrder":[{"time":0.0666,"offsets":[{"slot":"R_blade","offset":-9},{"slot":"R_arm_3","offset":-9}]},{"time":0.8333,"offsets":[{"slot":"EF/wave_ground/100_S1_wave1_00001","offset":5},{"slot":"EF/wave_ground/100_S1_wave1_3","offset":-3},{"slot":"EF/EF_blade_Dot/weapon_around_1","offset":-14},{"slot":"EF/EF_blade_Dot/weapon_around_2","offset":-14},{"slot":"L_blade","offset":-9}]},{"time":0.9333,"offsets":[{"slot":"EF/wave_ground/100_S1_wave1_00001","offset":5},{"slot":"EF/wave_ground/100_S1_wave1_3","offset":-3},{"slot":"EF/EF_blade_Dot/weapon_around_1","offset":-14},{"slot":"EF/EF_blade_Dot/weapon_around_2","offset":-14}]},{"time":1,"offsets":[{"slot":"EF/wave_ground/100_S1_wave1_00001","offset":5},{"slot":"EF/wave_ground/100_S1_wave1_3","offset":-3},{"slot":"EF/EF_blade_Dot/weapon_around_1","offset":-14},{"slot":"EF/EF_blade_Dot/weapon_around_2","offset":-14},{"slot":"R_arm_3","offset":1}]},{"time":2.9,"offsets":[{"slot":"EF/wave_ground/100_S1_wave1_00001","offset":5},{"slot":"EF/wave_ground/100_S1_wave1_3","offset":-3},{"slot":"EF/EF_blade_Dot/weapon_around_1","offset":-14},{"slot":"EF/EF_blade_Dot/weapon_around_2","offset":-14},{"slot":"L_blade","offset":-9},{"slot":"L_arm_3","offset":-9}]},{"time":3.2333,"offsets":[{"slot":"EF/wave_ground/100_S1_wave1_00001","offset":5},{"slot":"EF/wave_ground/100_S1_wave1_3","offset":-3},{"slot":"EF/EF_blade_Dot/weapon_around_1","offset":-14},{"slot":"EF/EF_blade_Dot/weapon_around_2","offset":-14},{"slot":"R_blade","offset":-7},{"slot":"R_arm_3","offset":-7},{"slot":"L_blade","offset":-6},{"slot":"L_arm_3","offset":-6}]},{"time":3.3,"offsets":[{"slot":"EF/wave_ground/100_S1_wave1_00001","offset":5},{"slot":"EF/wave_ground/100_S1_wave1_3","offset":-3},{"slot":"EF/EF_blade_Dot/weapon_around_1","offset":-14},{"slot":"EF/EF_blade_Dot/weapon_around_2","offset":-14},{"slot":"R_blade","offset":-6},{"slot":"R_arm_3","offset":-6},{"slot":"L_blade","offset":-6},{"slot":"L_arm_3","offset":-6}]}],"events":[{"time":0,"name":"Event","float":0.2,"string":"kHitStopType_enemyonly"},{"time":0.0333,"name":"Event","string":"setHitBackEnemy(0,4)"},{"time":0.0666,"name":"Event","string":"kImpactType_up"},{"time":0.1333,"name":"Sound1","string":"cri_se_battle_033_explosion_element_01"},{"time":0.1333,"name":"Voice","string":"cri_115_voice_fullarts_rank5"},{"time":0.8333,"name":"Sound1","string":"cri_se_battle_skill_shot"},{"time":0.9333,"name":"Sound1","string":"cri_se_battle_skill_elxplosion"},{"time":0.9333,"name":"Sound2","string":"setHitSound(se_battle_explosion_short)"},{"time":0.9666,"name":"Hit","string":"resetHitList"},{"time":1.0333,"name":"Hit","string":"resetHitList"},{"time":1.0333,"name":"Sound2","string":"setHitSound(empty)"},{"time":1.1,"name":"Hit","string":"resetHitList"},{"time":1.1,"name":"Sound2","string":"setHitSound(se_battle_explosion_short)"},{"time":1.1666,"name":"Hit","string":"resetHitList"},{"time":1.1666,"name":"Sound2","string":"setHitSound(empty)"},{"time":1.2333,"name":"Hit","string":"resetHitList"},{"time":1.2333,"name":"Sound2","string":"setHitSound(se_battle_explosion_short)"},{"time":1.2666,"name":"Event","float":1.2,"string":"shakeGround_Loop"},{"time":1.3,"name":"Hit","string":"resetHitList"},{"time":1.3,"name":"Sound2","string":"setHitSound(se_battle_explosion_short)"},{"time":1.3333,"name":"Hit","string":"resetHitList"},{"time":1.3333,"name":"Sound2","string":"setHitSound(empty)"},{"time":1.3666,"name":"Hit","string":"resetHitList"},{"time":1.4,"name":"Hit","string":"resetHitList"},{"time":1.4,"name":"Sound2","string":"setHitSound(se_battle_explosion_short)"},{"time":1.4333,"name":"Hit","string":"resetHitList"},{"time":1.4333,"name":"Sound2","string":"setHitSound(empty)"},{"time":1.4666,"name":"Hit","string":"resetHitList"},{"time":1.5,"name":"Hit","string":"resetHitList"},{"time":1.5,"name":"Sound2","string":"setHitSound(se_battle_explosion_short)"},{"time":1.5333,"name":"Hit","string":"resetHitList"},{"time":1.5333,"name":"Sound2","string":"setHitSound(empty)"},{"time":1.5666,"name":"Event","string":"setHitBackEnemy(0,6)"},{"time":1.5666,"name":"Hit","string":"resetHitList"},{"time":1.6,"name":"Hit","string":"resetHitList"},{"time":1.6,"name":"Sound2","string":"setHitSound(se_battle_explosion_short)"},{"time":1.6333,"name":"Hit","string":"resetHitList"},{"time":1.6333,"name":"Sound2","string":"setHitSound(empty)"},{"time":1.6666,"name":"Hit","string":"resetHitList"},{"time":1.7,"name":"Hit","string":"resetHitList"},{"time":1.7,"name":"Sound2","string":"setHitSound(se_battle_explosion_short)"},{"time":1.7333,"name":"Hit","string":"resetHitList"},{"time":1.7333,"name":"Sound2","string":"setHitSound(empty)"},{"time":1.7666,"name":"Hit","string":"resetHitList"},{"time":1.8,"name":"Hit","string":"resetHitList"},{"time":1.8,"name":"Sound2","string":"setHitSound(se_battle_explosion_short)"},{"time":1.8333,"name":"Hit","string":"resetHitList"},{"time":1.8333,"name":"Sound2","string":"setHitSound(empty)"},{"time":1.8666,"name":"Hit","string":"resetHitList"},{"time":1.9,"name":"Hit","string":"resetHitList"},{"time":1.9,"name":"Sound2","string":"setHitSound(se_battle_explosion_short)"},{"time":1.9333,"name":"Hit","string":"resetHitList"},{"time":1.9333,"name":"Sound2","string":"setHitSound(empty)"},{"time":1.9666,"name":"Hit","string":"resetHitList"},{"time":2,"name":"Hit","string":"resetHitList"},{"time":2,"name":"Sound2","string":"setHitSound(se_battle_explosion_short)"},{"time":2.0333,"name":"Hit","string":"resetHitList"},{"time":2.0333,"name":"Sound2","string":"setHitSound(empty)"},{"time":2.0666,"name":"Hit","string":"resetHitList"},{"time":2.1,"name":"Hit","string":"resetHitList"},{"time":2.1,"name":"Sound2","string":"setHitSound(se_battle_explosion_short)"},{"time":2.1333,"name":"Hit","string":"resetHitList"},{"time":2.1333,"name":"Sound2","string":"setHitSound(empty)"},{"time":2.1666,"name":"Hit","string":"resetHitList"},{"time":2.2,"name":"Hit","string":"resetHitList"},{"time":2.2,"name":"Sound2","string":"setHitSound(se_battle_explosion_short)"},{"time":2.2333,"name":"Hit","string":"resetHitList"},{"time":2.2333,"name":"Sound2","string":"setHitSound(empty)"},{"time":2.2666,"name":"Hit","string":"resetHitList"},{"time":2.3,"name":"Hit","string":"resetHitList"},{"time":2.3,"name":"Sound2","string":"setHitSound(se_battle_explosion_short)"},{"time":2.3333,"name":"Hit","string":"resetHitList"},{"time":2.3333,"name":"Sound2","string":"setHitSound(empty)"},{"time":2.3666,"name":"Hit","string":"resetHitList"},{"time":2.4,"name":"Hit","string":"resetHitList"},{"time":2.4,"name":"Sound2","string":"setHitSound(se_battle_explosion_short)"},{"time":2.4333,"name":"Hit","string":"resetHitList"},{"time":2.4333,"name":"Sound2","string":"setHitSound(empty)"},{"time":2.4666,"name":"Hit","string":"resetHitList"},{"time":2.5,"name":"Hit","string":"resetHitList"},{"time":2.5,"name":"Sound2","string":"setHitSound(se_battle_explosion_short)"},{"time":2.5333,"name":"Hit","string":"resetHitList"},{"time":2.5333,"name":"Sound2","string":"setHitSound(empty)"},{"time":2.5666,"name":"Hit","string":"resetHitList"},{"time":2.6666,"name":"Sound1","string":"cri_se_battle_jump"},{"time":2.9666,"name":"Sound1","string":"cri_se_battle_landing"},{"time":3.8,"name":"Event","string":"runSkillEffect"}]}}}