{"skeleton":{"hash":"C1IvVwt52DFzJ3gUWmyjukZWgwE","spine":"3.0.12","width":0,"height":0},"bones":[{"name":"root"},{"name":"MAIN","parent":"root","y":61.31}],"slots":[{"name":"MAIN","bone":"MAIN","attachment":"idle_00"}],"skins":{"default":{"MAIN":{"idle_00":{"x":-6.65,"y":34.73,"width":526,"height":470},"idle_01":{"x":-6.65,"y":34.73,"width":526,"height":470},"idle_02":{"x":-6.65,"y":34.73,"width":526,"height":470},"idle_03":{"x":-6.65,"y":34.73,"width":526,"height":470},"idle_04":{"x":-6.65,"y":34.73,"width":526,"height":470}}}},"events":{"Event":{},"Hit":{},"Sound1":{},"Sound2":{},"Voice":{}},"animations":{"idle":{"slots":{"MAIN":{"attachment":[{"time":0,"name":"idle_00"},{"time":0.2333,"name":"idle_01"},{"time":0.4666,"name":"idle_02"},{"time":0.7,"name":"idle_03"},{"time":0.9333,"name":"idle_04"},{"time":1.1666,"name":"idle_00"}]}}}}}