{"skeleton":{"hash":"NcL9B/47Up+ptlNkGgDdY4jn9jw","spine":"3.0.12","width":0,"height":0,"images":"./image1/idle/"},"bones":[{"name":"root"},{"name":"MAIN","parent":"root","x":-2.62,"y":52.4}],"slots":[{"name":"MAIN","bone":"MAIN","attachment":"idle_00"}],"skins":{"default":{"MAIN":{"idle_00":{"x":-2.57,"y":5.03,"width":500,"height":500},"idle_01":{"x":-2.57,"y":5.03,"width":500,"height":500},"idle_02":{"x":-2.57,"y":5.03,"width":500,"height":500},"idle_03":{"x":-2.57,"y":5.03,"width":500,"height":500}}}},"events":{"Event":{},"Hit":{}},"animations":{"idle":{"slots":{"MAIN":{"attachment":[{"time":0,"name":"idle_00"},{"time":0.2,"name":"idle_01"},{"time":0.4333,"name":"idle_02"},{"time":0.6333,"name":"idle_03"},{"time":0.8333,"name":"idle_00"}]}},"bones":{"MAIN":{"translate":[{"time":0,"x":0,"y":0}]}}}}}