{"skeleton":{"hash":"n3J+ZCraWn9xnxESaoHn8UoZ+Vo","spine":"3.0.12","width":1024,"height":740},"bones":[{"name":"root"},{"name":"MAIN","parent":"root"}],"slots":[{"name":"09","bone":"MAIN","attachment":"09"},{"name":"08","bone":"MAIN","attachment":"08"},{"name":"07","bone":"MAIN","attachment":"07"},{"name":"06","bone":"MAIN","attachment":"06"},{"name":"05_5","bone":"MAIN","attachment":"05_5"},{"name":"05","bone":"MAIN","attachment":"05"},{"name":"04","bone":"MAIN","attachment":"04"},{"name":"03","bone":"MAIN","attachment":"03"},{"name":"02","bone":"MAIN","attachment":"02"},{"name":"02_5","bone":"MAIN","attachment":"02_5"},{"name":"01","bone":"MAIN","attachment":"01"},{"name":"00","bone":"MAIN","attachment":"00"},{"name":"face_1","bone":"MAIN","attachment":"face_1"}],"skins":{"default":{"00":{"00":{"x":104.5,"y":735.5,"width":83,"height":191}},"01":{"01":{"x":415,"y":738,"width":192,"height":134}},"02":{"02":{"x":40.5,"y":576,"width":441,"height":128}},"02_5":{"02_5":{"x":269.5,"y":667.5,"width":99,"height":55}},"03":{"03":{"x":-225,"y":416,"width":192,"height":192}},"04":{"04":{"x":-33,"y":416,"width":192,"height":192}},"05":{"05":{"x":170,"y":416,"width":214,"height":192}},"05_5":{"05_5":{"x":-417,"y":361,"width":192,"height":82}},"06":{"06":{"x":-321,"y":206,"width":384,"height":228}},"07":{"07":{"x":31,"y":206,"width":320,"height":228}},"08":{"08":{"x":255,"y":206,"width":128,"height":228}},"09":{"09":{"x":407,"y":184.5,"width":176,"height":185}},"face_1":{"face_1":{"x":-26.5,"y":736,"width":179,"height":192},"face_2":{"x":-26.5,"y":736,"width":179,"height":192},"face_3":{"x":-26.5,"y":736,"width":179,"height":192},"face_4":{"x":-26.5,"y":736,"width":179,"height":192},"face_5":{"x":-26.5,"y":736,"width":179,"height":192},"face_6":{"x":-26.5,"y":736,"width":179,"height":192},"face_7":{"x":-26.5,"y":736,"width":179,"height":192},"face_8":{"x":-26.5,"y":736,"width":179,"height":192},"face_9":{"x":14,"y":736,"width":264,"height":192}}}},"animations":{"1":{"slots":{"00":{"attachment":[{"time":0,"name":"00"}]},"01":{"attachment":[{"time":0,"name":"01"}]},"02":{"attachment":[{"time":0,"name":"02"}]},"03":{"attachment":[{"time":0,"name":"03"}]},"04":{"attachment":[{"time":0,"name":"04"}]},"05":{"attachment":[{"time":0,"name":"05"}]},"06":{"attachment":[{"time":0,"name":"06"}]},"07":{"attachment":[{"time":0,"name":"07"}]},"08":{"attachment":[{"time":0,"name":"08"}]},"09":{"attachment":[{"time":0,"name":"09"}]},"02_5":{"attachment":[{"time":0,"name":"02_5"}]},"05_5":{"attachment":[{"time":0,"name":"05_5"}]},"face_1":{"attachment":[{"time":0,"name":"face_1"}]}}},"2":{"slots":{"00":{"attachment":[{"time":0,"name":"00"}]},"01":{"attachment":[{"time":0,"name":"01"}]},"02":{"attachment":[{"time":0,"name":"02"}]},"03":{"attachment":[{"time":0,"name":"03"}]},"04":{"attachment":[{"time":0,"name":"04"}]},"05":{"attachment":[{"time":0,"name":"05"}]},"06":{"attachment":[{"time":0,"name":"06"}]},"07":{"attachment":[{"time":0,"name":"07"}]},"08":{"attachment":[{"time":0,"name":"08"}]},"09":{"attachment":[{"time":0,"name":"09"}]},"02_5":{"attachment":[{"time":0,"name":"02_5"}]},"05_5":{"attachment":[{"time":0,"name":"05_5"}]},"face_1":{"attachment":[{"time":0,"name":"face_2"}]}}},"3":{"slots":{"00":{"attachment":[{"time":0,"name":"00"}]},"01":{"attachment":[{"time":0,"name":"01"}]},"02":{"attachment":[{"time":0,"name":"02"}]},"03":{"attachment":[{"time":0,"name":"03"}]},"04":{"attachment":[{"time":0,"name":"04"}]},"05":{"attachment":[{"time":0,"name":"05"}]},"06":{"attachment":[{"time":0,"name":"06"}]},"07":{"attachment":[{"time":0,"name":"07"}]},"08":{"attachment":[{"time":0,"name":"08"}]},"09":{"attachment":[{"time":0,"name":"09"}]},"02_5":{"attachment":[{"time":0,"name":"02_5"}]},"05_5":{"attachment":[{"time":0,"name":"05_5"}]},"face_1":{"attachment":[{"time":0,"name":"face_3"}]}}},"4":{"slots":{"00":{"attachment":[{"time":0,"name":"00"}]},"01":{"attachment":[{"time":0,"name":"01"}]},"02":{"attachment":[{"time":0,"name":"02"}]},"03":{"attachment":[{"time":0,"name":"03"}]},"04":{"attachment":[{"time":0,"name":"04"}]},"05":{"attachment":[{"time":0,"name":"05"}]},"06":{"attachment":[{"time":0,"name":"06"}]},"07":{"attachment":[{"time":0,"name":"07"}]},"08":{"attachment":[{"time":0,"name":"08"}]},"09":{"attachment":[{"time":0,"name":"09"}]},"02_5":{"attachment":[{"time":0,"name":"02_5"}]},"05_5":{"attachment":[{"time":0,"name":"05_5"}]},"face_1":{"attachment":[{"time":0,"name":"face_4"}]}}},"5":{"slots":{"00":{"attachment":[{"time":0,"name":"00"}]},"01":{"attachment":[{"time":0,"name":"01"}]},"02":{"attachment":[{"time":0,"name":"02"}]},"03":{"attachment":[{"time":0,"name":"03"}]},"04":{"attachment":[{"time":0,"name":"04"}]},"05":{"attachment":[{"time":0,"name":"05"}]},"06":{"attachment":[{"time":0,"name":"06"}]},"07":{"attachment":[{"time":0,"name":"07"}]},"08":{"attachment":[{"time":0,"name":"08"}]},"09":{"attachment":[{"time":0,"name":"09"}]},"02_5":{"attachment":[{"time":0,"name":"02_5"}]},"05_5":{"attachment":[{"time":0,"name":"05_5"}]},"face_1":{"attachment":[{"time":0,"name":"face_5"}]}}},"6":{"slots":{"00":{"attachment":[{"time":0,"name":"00"}]},"01":{"attachment":[{"time":0,"name":"01"}]},"02":{"attachment":[{"time":0,"name":"02"}]},"03":{"attachment":[{"time":0,"name":"03"}]},"04":{"attachment":[{"time":0,"name":"04"}]},"05":{"attachment":[{"time":0,"name":"05"}]},"06":{"attachment":[{"time":0,"name":"06"}]},"07":{"attachment":[{"time":0,"name":"07"}]},"08":{"attachment":[{"time":0,"name":"08"}]},"09":{"attachment":[{"time":0,"name":"09"}]},"02_5":{"attachment":[{"time":0,"name":"02_5"}]},"05_5":{"attachment":[{"time":0,"name":"05_5"}]},"face_1":{"attachment":[{"time":0,"name":"face_6"}]}}},"7":{"slots":{"00":{"attachment":[{"time":0,"name":"00"}]},"01":{"attachment":[{"time":0,"name":"01"}]},"02":{"attachment":[{"time":0,"name":"02"}]},"03":{"attachment":[{"time":0,"name":"03"}]},"04":{"attachment":[{"time":0,"name":"04"}]},"05":{"attachment":[{"time":0,"name":"05"}]},"06":{"attachment":[{"time":0,"name":"06"}]},"07":{"attachment":[{"time":0,"name":"07"}]},"08":{"attachment":[{"time":0,"name":"08"}]},"09":{"attachment":[{"time":0,"name":"09"}]},"02_5":{"attachment":[{"time":0,"name":"02_5"}]},"05_5":{"attachment":[{"time":0,"name":"05_5"}]},"face_1":{"attachment":[{"time":0,"name":"face_7"}]}}},"8":{"slots":{"00":{"attachment":[{"time":0,"name":"00"}]},"01":{"attachment":[{"time":0,"name":"01"}]},"02":{"attachment":[{"time":0,"name":"02"}]},"03":{"attachment":[{"time":0,"name":"03"}]},"04":{"attachment":[{"time":0,"name":"04"}]},"05":{"attachment":[{"time":0,"name":"05"}]},"06":{"attachment":[{"time":0,"name":"06"}]},"07":{"attachment":[{"time":0,"name":"07"}]},"08":{"attachment":[{"time":0,"name":"08"}]},"09":{"attachment":[{"time":0,"name":"09"}]},"02_5":{"attachment":[{"time":0,"name":"02_5"}]},"05_5":{"attachment":[{"time":0,"name":"05_5"}]},"face_1":{"attachment":[{"time":0,"name":"face_8"}]}}},"9":{"slots":{"00":{"attachment":[{"time":0,"name":null}]},"01":{"attachment":[{"time":0,"name":"01"}]},"02":{"attachment":[{"time":0,"name":"02"}]},"03":{"attachment":[{"time":0,"name":"03"}]},"04":{"attachment":[{"time":0,"name":"04"}]},"05":{"attachment":[{"time":0,"name":"05"}]},"06":{"attachment":[{"time":0,"name":"06"}]},"07":{"attachment":[{"time":0,"name":"07"}]},"08":{"attachment":[{"time":0,"name":"08"}]},"09":{"attachment":[{"time":0,"name":"09"}]},"02_5":{"attachment":[{"time":0,"name":"02_5"}]},"05_5":{"attachment":[{"time":0,"name":"05_5"}]},"face_1":{"attachment":[{"time":0,"name":"face_9"}]}}}}}