{"skeleton":{"hash":"qAYcYo+2dcWU2KEQQSDjbcLgcJ4","spine":"3.0.12","width":512,"height":512},"bones":[{"name":"root"},{"name":"MAIN","parent":"root","y":66.09,"scaleX":2,"scaleY":2},{"name":"sword","parent":"MAIN","x":-30.62,"y":-1.09}],"slots":[{"name":"sword_00","bone":"sword"},{"name":"MAIN","bone":"MAIN","attachment":"idle_00"}],"skins":{"default":{"MAIN":{"down1_00":{"x":-2.28,"y":4.47,"width":256,"height":256},"down1_01":{"x":-2.28,"y":4.47,"width":256,"height":256},"down1_02":{"x":-2.28,"y":4.47,"width":256,"height":256},"down1_03":{"x":-2.28,"y":4.47,"width":256,"height":256},"down2_00":{"x":-2.28,"y":4.47,"width":256,"height":256},"idle_00":{"x":-2.28,"y":4.47,"width":256,"height":256},"idle_01":{"x":-2.28,"y":4.47,"width":256,"height":256},"idle_02":{"x":-2.28,"y":4.47,"width":256,"height":256},"idle_03":{"x":-2.28,"y":4.47,"width":256,"height":256}},"sword_00":{"sword_00":{"x":29.38,"y":7.33,"width":256,"height":256}}}},"animations":{"idle":{"slots":{"MAIN":{"attachment":[{"time":0,"name":"idle_00"},{"time":0.2666,"name":"idle_01"},{"time":0.5,"name":"idle_02"},{"time":0.7666,"name":"idle_03"},{"time":1,"name":"idle_03"}]}},"bones":{"MAIN":{"translate":[{"time":0,"x":0,"y":0}]}}},"kneel1":{"slots":{"MAIN":{"attachment":[{"time":0,"name":"down1_00"}]},"sword_00":{"attachment":[{"time":0,"name":"sword_00"}]}},"bones":{"MAIN":{"translate":[{"time":0,"x":0,"y":0}]},"sword":{"translate":[{"time":0,"x":0,"y":0}]}}},"kneel2":{"slots":{"MAIN":{"attachment":[{"time":0,"name":"down1_00"},{"time":0.1,"name":"down1_01"},{"time":0.2,"name":"down1_02"},{"time":0.2666,"name":"down1_03"},{"time":0.3333,"name":"down1_03"}]},"sword_00":{"attachment":[{"time":0,"name":"sword_00"}]}},"bones":{"MAIN":{"translate":[{"time":0,"x":0,"y":0}]},"sword":{"translate":[{"time":0,"x":0,"y":0}]}}},"kneel3":{"slots":{"MAIN":{"attachment":[{"time":0,"name":"down1_03"}]},"sword_00":{"attachment":[{"time":0,"name":"sword_00"}]}},"bones":{"MAIN":{"translate":[{"time":0,"x":0,"y":0}]},"sword":{"translate":[{"time":0,"x":0,"y":0}]}}},"kneel4":{"slots":{"MAIN":{"attachment":[{"time":0,"name":"down2_00"}]},"sword_00":{"attachment":[{"time":0,"name":"sword_00"}]}},"bones":{"MAIN":{"translate":[{"time":0,"x":0,"y":-5.61}]},"sword":{"translate":[{"time":0,"x":0,"y":2.8}]}}}}}