{"skeleton":{"hash":"00LA45U2yPwO4PHlpSNaTlAStDY","spine":"3.0.12","width":0,"height":0,"images":"./images/"},"bones":[{"name":"root"},{"name":"MAIN","parent":"root","y":100,"color":"ffffffff"},{"name":"Body","parent":"MAIN","y":-15,"color":"ffffffff"},{"name":"EF_spack","parent":"Body","x":-0.3,"y":139.8,"scaleX":2,"scaleY":2,"color":"0008ffff"},{"name":"EF_ring","parent":"Body","y":30,"color":"ffffffff"}],"slots":[{"name":"EF_booster","bone":"Body"},{"name":"body_03","bone":"EF_ring","attachment":"body_03"},{"name":"MAIN","bone":"Body","attachment":"body_02"},{"name":"EF_core","bone":"Body"},{"name":"EF_extinction","bone":"Body"},{"name":"body_01","bone":"EF_ring","attachment":"body_01"},{"name":"EF_haze","bone":"EF_spack"},{"name":"EF_ball","bone":"EF_spack"},{"name":"EF_ball_flash","bone":"EF_spack","blend":"additive"},{"name":"EF_ballwind","bone":"EF_spack"},{"name":"EF_spark","bone":"EF_spack","blend":"additive"}],"skins":{"default":{"EF_ball":{"ball":{"x":0.15,"y":-54.9,"width":300,"height":300}},"EF_ball_flash":{"ball":{"x":0.15,"y":-54.9,"width":300,"height":300}},"EF_ballwind":{"ball_ef_1":{"x":0.15,"y":-54.9,"width":300,"height":300},"ball_ef_2":{"x":0.15,"y":-54.9,"width":300,"height":300},"ball_ef_3":{"x":0.15,"y":-54.9,"width":300,"height":300}},"EF_booster":{"booster_01":{"y":30,"scaleX":2,"scaleY":2,"width":300,"height":300},"booster_02":{"y":30,"scaleX":2,"scaleY":2,"width":300,"height":300},"booster_03":{"y":30,"scaleX":2,"scaleY":2,"width":300,"height":300}},"EF_core":{"core_03":{"y":30,"scaleX":2,"scaleY":2,"width":300,"height":300}},"EF_extinction":{"extinction":{"y":30,"scaleX":2,"scaleY":2,"width":300,"height":300}},"EF_haze":{"haze":{"x":0.15,"y":-54.9,"width":300,"height":300}},"EF_spark":{"spark_01":{"x":0.15,"y":-54.9,"width":300,"height":300},"spark_02":{"x":0.15,"y":-54.9,"width":300,"height":300},"spark_03":{"x":0.15,"y":-54.9,"width":300,"height":300}},"MAIN":{"body_02":{"y":30,"scaleX":2,"scaleY":2,"width":300,"height":300}},"body_01":{"body_01":{"y":4.86,"scaleX":2,"scaleY":2,"width":300,"height":300}},"body_03":{"body_03":{"y":4.86,"scaleX":2,"scaleY":2,"width":300,"height":300}}}},"events":{"Event":{},"Hit":{},"HitEffect":{},"Sound_1":{},"Sound_2":{},"Voice":{}},"animations":{"idle":{"slots":{"EF_ball":{"attachment":[{"time":0,"name":"ball"}]},"EF_ball_flash":{"attachment":[{"time":0,"name":"ball"}],"color":[{"time":0,"color":"ffffff00"},{"time":0.5,"color":"ffffffff"},{"time":1,"color":"ffffff00"}]},"EF_booster":{"attachment":[{"time":0,"name":"booster_01"},{"time":0.0666,"name":"booster_03"},{"time":0.1333,"name":"booster_01"},{"time":0.2,"name":"booster_03"},{"time":0.2666,"name":"booster_01"},{"time":0.3333,"name":"booster_03"},{"time":0.4,"name":"booster_01"},{"time":0.4666,"name":"booster_03"},{"time":0.5333,"name":"booster_01"},{"time":0.6,"name":"booster_03"},{"time":0.6666,"name":"booster_01"},{"time":0.7333,"name":"booster_03"},{"time":0.8,"name":"booster_01"},{"time":0.8666,"name":"booster_03"},{"time":0.9333,"name":"booster_01"},{"time":1,"name":"booster_03"}]},"EF_haze":{"attachment":[{"time":0,"name":null}]},"EF_spark":{"attachment":[{"time":0,"name":"spark_01"},{"time":0.0666,"name":"spark_02"},{"time":0.1333,"name":"spark_03"},{"time":0.2,"name":"spark_01"},{"time":0.2666,"name":"spark_02"},{"time":0.3333,"name":"spark_03"},{"time":0.4,"name":"spark_01"},{"time":0.4666,"name":"spark_02"},{"time":0.5333,"name":"spark_03"},{"time":0.6,"name":"spark_01"},{"time":0.6666,"name":"spark_02"},{"time":0.7333,"name":"spark_03"},{"time":0.8,"name":"spark_01"},{"time":0.8666,"name":"spark_02"},{"time":0.9333,"name":"spark_03"},{"time":1,"name":"spark_01"}]}},"bones":{"Body":{"translate":[{"time":0,"x":0,"y":0,"curve":"stepped"},{"time":0.1666,"x":0,"y":-2.15,"curve":"stepped"},{"time":0.3333,"x":0,"y":-4.31,"curve":"stepped"},{"time":0.5,"x":0,"y":-6.47,"curve":"stepped"},{"time":0.6666,"x":0,"y":-4.31,"curve":"stepped"},{"time":0.8333,"x":0,"y":-2.15,"curve":"stepped"},{"time":1,"x":0,"y":0}]}}}}}