{"skeleton":{"hash":"srK3saXwmhwGyl60lD5RNyzNbj8","spine":"3.0.12","width":500,"height":500},"bones":[{"name":"root"},{"name":"MAIN","parent":"root","y":63.74},{"name":"HITBOX","parent":"MAIN","y":-0.33,"scaleX":0.407},{"name":"DotEF","parent":"MAIN","x":200,"y":-63.74,"scaleX":2,"scaleY":2},{"name":"EF","parent":"root"},{"name":"EF_wave1_sumi4","parent":"EF","x":150},{"name":"EF_wave1_sumi3","parent":"EF","x":150},{"name":"EF_wave1_sumi2","parent":"EF","x":150},{"name":"EF_wave1_sumi","parent":"EF","x":150},{"name":"EF_wave1_4","parent":"EF","x":150},{"name":"EF_wave1_3","parent":"EF","x":150},{"name":"EF_wave1_2","parent":"EF","x":150},{"name":"EF_wave1_1","parent":"EF","x":150},{"name":"EF_waterwave1_2","parent":"EF","x":200},{"name":"EF_waterwave1_1","parent":"EF","x":200},{"name":"EF_stamp1_1","parent":"EF","x":100,"y":50},{"name":"EF_slashsumi3_1","parent":"EF"},{"name":"EF_slash2_4","parent":"EF","x":100,"y":100},{"name":"EF_slash2_3","parent":"EF","x":100,"y":100},{"name":"EF_slash2_2","parent":"EF","x":100,"y":100},{"name":"EF_slash2_1","parent":"EF","x":100,"y":100},{"name":"EF_slash1_4","parent":"EF","x":150,"y":50},{"name":"EF_slash1_3","parent":"EF","x":150,"y":50},{"name":"EF_slash1_2","parent":"EF","x":150,"y":50},{"name":"EF_slash1_1","parent":"EF","x":150,"y":50},{"name":"EF_rotwave1_1","parent":"EF"},{"name":"EF_power1_1","parent":"EF","x":150,"y":100},{"name":"EF_dash2_1","parent":"EF","x":200,"y":50},{"name":"EF_dash1_4","parent":"EF","x":100},{"name":"EF_dash1_3","parent":"EF","x":100},{"name":"EF_dash1_2","parent":"EF","x":100},{"name":"EF_dash1_1","parent":"EF","x":100},{"name":"DAMAGEAREA","parent":"root"}],"slots":[{"name":"EF_wave1_1","bone":"EF_wave1_1","blend":"additive"},{"name":"EF_wave1_2","bone":"EF_wave1_2","blend":"additive"},{"name":"EF_wave1_3","bone":"EF_wave1_3","blend":"additive"},{"name":"EF_wave1_4","bone":"EF_wave1_4","blend":"additive"},{"name":"EF_wave1_5","bone":"EF_wave1_sumi","color":"000000ff"},{"name":"EF_wave1_6","bone":"EF_wave1_sumi2","color":"000000ff"},{"name":"EF_wave1_7","bone":"EF_wave1_sumi3","color":"000000ff"},{"name":"EF_wave1_8","bone":"EF_wave1_sumi4","color":"000000ff"},{"name":"EF_rotwave1_1","bone":"EF_rotwave1_1","blend":"additive"},{"name":"EF_waterwave1_1","bone":"EF_waterwave1_1","blend":"additive"},{"name":"EF_waterwave1_2","bone":"EF_waterwave1_2","color":"000000ff"},{"name":"MAIN","bone":"MAIN","attachment":"idle_00"},{"name":"dot/attack1EF_00","bone":"DotEF","blend":"additive"},{"name":"dot/attack1EF_01","bone":"DotEF","blend":"additive"},{"name":"dot/skill1EF_00","bone":"DotEF"},{"name":"dot/skill2EF_00","bone":"DotEF"},{"name":"dot/skill3EF_00","bone":"DotEF"},{"name":"EF_dash1_1","bone":"EF_dash1_1","blend":"additive"},{"name":"EF_dash1_2","bone":"EF_dash1_2","blend":"additive"},{"name":"EF_dash1_3","bone":"EF_dash1_3","blend":"additive"},{"name":"EF_dash1_4","bone":"EF_dash1_4","color":"000000ff"},{"name":"EF_stamp1_1","bone":"EF_stamp1_1","blend":"additive"},{"name":"EF_slash1_1","bone":"EF_slash1_1","blend":"additive"},{"name":"EF_slash1_2","bone":"EF_slash1_2","blend":"additive"},{"name":"EF_slash1_3","bone":"EF_slash1_3","blend":"additive"},{"name":"EF_slash1_4","bone":"EF_slash1_4","blend":"additive"},{"name":"EF_dash2_1","bone":"EF_dash2_1"},{"name":"EF_slash2_1","bone":"EF_slash2_1","blend":"additive"},{"name":"EF_slash2_2","bone":"EF_slash2_2","blend":"additive"},{"name":"EF_slash2_3","bone":"EF_slash2_3","blend":"additive"},{"name":"EF_slash2_4","bone":"EF_slash2_4","blend":"additive"},{"name":"EF_slashsumi3_1","bone":"EF_slashsumi3_1"},{"name":"EF_power1_1","bone":"EF_power1_1","blend":"additive"},{"name":"DAMAGEAREA","bone":"DAMAGEAREA"},{"name":"HITBOX","bone":"HITBOX","attachment":"HITBOX"}],"skins":{"default":{"DAMAGEAREA":{"DAMAGEAREA":{"type":"boundingbox","vertices":[-63.79477,63.96798,-64.29677,-64.04199,65.21924,-63.03799,64.21522,62.96398]}},"EF_dash1_1":{"EF/ef_dash_green/ef_dash_green_00002":{"y":24.86,"width":250,"height":250},"EF/ef_dash_green/ef_dash_green_00003":{"y":24.86,"width":250,"height":250},"EF/ef_dash_green/ef_dash_green_00004":{"y":24.86,"width":250,"height":250},"EF/ef_dash_green/ef_dash_green_00005":{"y":24.86,"width":250,"height":250},"EF/ef_dash_green/ef_dash_green_00006":{"y":24.86,"width":250,"height":250},"EF/ef_dash_green/ef_dash_green_00007":{"y":24.86,"width":250,"height":250},"EF/ef_dash_green/ef_dash_green_00008":{"y":24.86,"width":250,"height":250},"EF/ef_dash_green/ef_dash_green_00009":{"y":24.86,"width":250,"height":250},"EF/ef_dash_green/ef_dash_green_00010":{"y":24.86,"width":250,"height":250},"EF/ef_dash_green/ef_dash_green_00011":{"y":24.86,"width":250,"height":250},"EF/ef_dash_green/ef_dash_green_00012":{"y":24.86,"width":250,"height":250}},"EF_dash1_2":{"EF/ef_dash_green/ef_dash_green_00002":{"y":24.86,"width":250,"height":250},"EF/ef_dash_green/ef_dash_green_00003":{"y":24.86,"width":250,"height":250},"EF/ef_dash_green/ef_dash_green_00004":{"y":24.86,"width":250,"height":250},"EF/ef_dash_green/ef_dash_green_00005":{"y":24.86,"width":250,"height":250},"EF/ef_dash_green/ef_dash_green_00006":{"y":24.86,"width":250,"height":250},"EF/ef_dash_green/ef_dash_green_00007":{"y":24.86,"width":250,"height":250},"EF/ef_dash_green/ef_dash_green_00008":{"y":24.86,"width":250,"height":250},"EF/ef_dash_green/ef_dash_green_00009":{"y":24.86,"width":250,"height":250},"EF/ef_dash_green/ef_dash_green_00010":{"y":24.86,"width":250,"height":250},"EF/ef_dash_green/ef_dash_green_00011":{"y":24.86,"width":250,"height":250},"EF/ef_dash_green/ef_dash_green_00012":{"y":24.86,"width":250,"height":250}},"EF_dash1_3":{"EF/ef_dash_green/ef_dash_green_00002":{"y":24.86,"width":250,"height":250},"EF/ef_dash_green/ef_dash_green_00003":{"y":24.86,"width":250,"height":250},"EF/ef_dash_green/ef_dash_green_00004":{"y":24.86,"width":250,"height":250},"EF/ef_dash_green/ef_dash_green_00005":{"y":24.86,"width":250,"height":250},"EF/ef_dash_green/ef_dash_green_00006":{"y":24.86,"width":250,"height":250},"EF/ef_dash_green/ef_dash_green_00007":{"y":24.86,"width":250,"height":250},"EF/ef_dash_green/ef_dash_green_00008":{"y":24.86,"width":250,"height":250},"EF/ef_dash_green/ef_dash_green_00009":{"y":24.86,"width":250,"height":250},"EF/ef_dash_green/ef_dash_green_00010":{"y":24.86,"width":250,"height":250},"EF/ef_dash_green/ef_dash_green_00011":{"y":24.86,"width":250,"height":250},"EF/ef_dash_green/ef_dash_green_00012":{"y":24.86,"width":250,"height":250}},"EF_dash1_4":{"EF/ef_dash_green/ef_dash_green_00002":{"y":24.86,"width":250,"height":250},"EF/ef_dash_green/ef_dash_green_00003":{"y":24.86,"width":250,"height":250},"EF/ef_dash_green/ef_dash_green_00004":{"y":24.86,"width":250,"height":250},"EF/ef_dash_green/ef_dash_green_00005":{"y":24.86,"width":250,"height":250},"EF/ef_dash_green/ef_dash_green_00006":{"y":24.86,"width":250,"height":250},"EF/ef_dash_green/ef_dash_green_00007":{"y":24.86,"width":250,"height":250},"EF/ef_dash_green/ef_dash_green_00008":{"y":24.86,"width":250,"height":250},"EF/ef_dash_green/ef_dash_green_00009":{"y":24.86,"width":250,"height":250},"EF/ef_dash_green/ef_dash_green_00010":{"y":24.86,"width":250,"height":250},"EF/ef_dash_green/ef_dash_green_00011":{"y":24.86,"width":250,"height":250},"EF/ef_dash_green/ef_dash_green_00012":{"y":24.86,"width":250,"height":250}},"EF_dash2_1":{"EF/ef_dash_aura_sumi/ef_dash_aura_sumi_00001":{"width":200,"height":200},"EF/ef_dash_aura_sumi/ef_dash_aura_sumi_00003":{"width":200,"height":200},"EF/ef_dash_aura_sumi/ef_dash_aura_sumi_00005":{"width":200,"height":200},"EF/ef_dash_aura_sumi/ef_dash_aura_sumi_00007":{"width":200,"height":200},"EF/ef_dash_aura_sumi/ef_dash_aura_sumi_00009":{"width":200,"height":200},"EF/ef_dash_aura_sumi/ef_dash_aura_sumi_00011":{"width":200,"height":200}},"EF_power1_1":{"EF/ef_power_green/ef_power_green_00006":{"width":250,"height":250},"EF/ef_power_green/ef_power_green_00007":{"width":250,"height":250},"EF/ef_power_green/ef_power_green_00008":{"width":250,"height":250},"EF/ef_power_green/ef_power_green_00009":{"width":250,"height":250},"EF/ef_power_green/ef_power_green_00010":{"width":250,"height":250},"EF/ef_power_green/ef_power_green_00011":{"width":250,"height":250},"EF/ef_power_green/ef_power_green_00012":{"width":250,"height":250},"EF/ef_power_green/ef_power_green_00013":{"width":250,"height":250},"EF/ef_power_green/ef_power_green_00014":{"width":250,"height":250},"EF/ef_power_green/ef_power_green_00015":{"width":250,"height":250},"EF/ef_power_green/ef_power_green_00016":{"width":250,"height":250},"EF/ef_power_green/ef_power_green_00017":{"width":250,"height":250},"EF/ef_power_green/ef_power_green_00018":{"width":250,"height":250},"EF/ef_power_green/ef_power_green_00019":{"width":250,"height":250},"EF/ef_power_green/ef_power_green_00020":{"width":250,"height":250},"EF/ef_power_green/ef_power_green_00021":{"width":250,"height":250}},"EF_rotwave1_1":{"EF/ef_water_wave_main/ef_water_wave_main_00001":{"y":18.83,"width":320,"height":160},"EF/ef_water_wave_main/ef_water_wave_main_00002":{"y":18.83,"width":320,"height":160},"EF/ef_water_wave_main/ef_water_wave_main_00003":{"y":18.83,"width":320,"height":160},"EF/ef_water_wave_main/ef_water_wave_main_00004":{"y":18.83,"width":320,"height":160},"EF/ef_water_wave_main/ef_water_wave_main_00005":{"y":18.83,"width":320,"height":160},"EF/ef_water_wave_main/ef_water_wave_main_00006":{"y":18.83,"width":320,"height":160},"EF/ef_water_wave_main/ef_water_wave_main_00007":{"y":18.83,"width":320,"height":160},"EF/ef_water_wave_main/ef_water_wave_main_00008":{"y":18.83,"width":320,"height":160},"EF/ef_water_wave_main/ef_water_wave_main_00009":{"y":18.83,"width":320,"height":160},"EF/ef_water_wave_main/ef_water_wave_main_00010":{"y":18.83,"width":320,"height":160},"EF/ef_water_wave_main/ef_water_wave_main_00011":{"y":18.83,"width":320,"height":160},"EF/ef_water_wave_main/ef_water_wave_main_00012":{"y":18.83,"width":320,"height":160},"EF/ef_water_wave_main/ef_water_wave_main_00013":{"y":18.83,"width":320,"height":160}},"EF_slash1_1":{"EF/ef_slash_A_main/ef_slash_A_main_00001":{"width":200,"height":200},"EF/ef_slash_A_main/ef_slash_A_main_00002":{"width":200,"height":200},"EF/ef_slash_A_main/ef_slash_A_main_00003":{"width":200,"height":200},"EF/ef_slash_A_main/ef_slash_A_main_00004":{"width":200,"height":200},"EF/ef_slash_A_main/ef_slash_A_main_00005":{"width":200,"height":200},"EF/ef_slash_A_main/ef_slash_A_main_00006":{"width":200,"height":200},"EF/ef_slash_A_main/ef_slash_A_main_00007":{"width":200,"height":200}},"EF_slash1_2":{"EF/ef_slash_A_main/ef_slash_A_main_00001":{"width":200,"height":200},"EF/ef_slash_A_main/ef_slash_A_main_00002":{"width":200,"height":200},"EF/ef_slash_A_main/ef_slash_A_main_00003":{"width":200,"height":200},"EF/ef_slash_A_main/ef_slash_A_main_00004":{"width":200,"height":200},"EF/ef_slash_A_main/ef_slash_A_main_00005":{"width":200,"height":200},"EF/ef_slash_A_main/ef_slash_A_main_00006":{"width":200,"height":200},"EF/ef_slash_A_main/ef_slash_A_main_00007":{"width":200,"height":200}},"EF_slash1_3":{"EF/ef_slash_A_main/ef_slash_A_main_00001":{"width":200,"height":200},"EF/ef_slash_A_main/ef_slash_A_main_00002":{"width":200,"height":200},"EF/ef_slash_A_main/ef_slash_A_main_00003":{"width":200,"height":200},"EF/ef_slash_A_main/ef_slash_A_main_00004":{"width":200,"height":200},"EF/ef_slash_A_main/ef_slash_A_main_00005":{"width":200,"height":200},"EF/ef_slash_A_main/ef_slash_A_main_00006":{"width":200,"height":200},"EF/ef_slash_A_main/ef_slash_A_main_00007":{"width":200,"height":200}},"EF_slash1_4":{"EF/ef_slash_A_main/ef_slash_A_main_00001":{"width":200,"height":200},"EF/ef_slash_A_main/ef_slash_A_main_00002":{"width":200,"height":200},"EF/ef_slash_A_main/ef_slash_A_main_00003":{"width":200,"height":200},"EF/ef_slash_A_main/ef_slash_A_main_00004":{"width":200,"height":200},"EF/ef_slash_A_main/ef_slash_A_main_00005":{"width":200,"height":200},"EF/ef_slash_A_main/ef_slash_A_main_00006":{"width":200,"height":200},"EF/ef_slash_A_main/ef_slash_A_main_00007":{"width":200,"height":200}},"EF_slash2_1":{"EF/ef_slash_B_main/ef_slash_B_main_00001":{"width":200,"height":200},"EF/ef_slash_B_main/ef_slash_B_main_00002":{"width":200,"height":200},"EF/ef_slash_B_main/ef_slash_B_main_00003":{"width":200,"height":200},"EF/ef_slash_B_main/ef_slash_B_main_00004":{"width":200,"height":200},"EF/ef_slash_B_main/ef_slash_B_main_00005":{"width":200,"height":200},"EF/ef_slash_B_main/ef_slash_B_main_00006":{"width":200,"height":200},"EF/ef_slash_B_main/ef_slash_B_main_00007":{"width":200,"height":200}},"EF_slash2_2":{"EF/ef_slash_B_main/ef_slash_B_main_00001":{"width":200,"height":200},"EF/ef_slash_B_main/ef_slash_B_main_00002":{"width":200,"height":200},"EF/ef_slash_B_main/ef_slash_B_main_00003":{"width":200,"height":200},"EF/ef_slash_B_main/ef_slash_B_main_00004":{"width":200,"height":200},"EF/ef_slash_B_main/ef_slash_B_main_00005":{"width":200,"height":200},"EF/ef_slash_B_main/ef_slash_B_main_00006":{"width":200,"height":200},"EF/ef_slash_B_main/ef_slash_B_main_00007":{"width":200,"height":200}},"EF_slash2_3":{"EF/ef_slash_B_main/ef_slash_B_main_00001":{"width":200,"height":200},"EF/ef_slash_B_main/ef_slash_B_main_00002":{"width":200,"height":200},"EF/ef_slash_B_main/ef_slash_B_main_00003":{"width":200,"height":200},"EF/ef_slash_B_main/ef_slash_B_main_00004":{"width":200,"height":200},"EF/ef_slash_B_main/ef_slash_B_main_00005":{"width":200,"height":200},"EF/ef_slash_B_main/ef_slash_B_main_00006":{"width":200,"height":200},"EF/ef_slash_B_main/ef_slash_B_main_00007":{"width":200,"height":200}},"EF_slash2_4":{"EF/ef_slash_B_main/ef_slash_B_main_00001":{"width":200,"height":200},"EF/ef_slash_B_main/ef_slash_B_main_00002":{"width":200,"height":200},"EF/ef_slash_B_main/ef_slash_B_main_00003":{"width":200,"height":200},"EF/ef_slash_B_main/ef_slash_B_main_00004":{"width":200,"height":200},"EF/ef_slash_B_main/ef_slash_B_main_00005":{"width":200,"height":200},"EF/ef_slash_B_main/ef_slash_B_main_00006":{"width":200,"height":200},"EF/ef_slash_B_main/ef_slash_B_main_00007":{"width":200,"height":200}},"EF_slashsumi3_1":{"EF/ef_slash_sumi_A_main 2/ef_slash_sumi_A_main 2_00001":{"width":300,"height":300},"EF/ef_slash_sumi_A_main 2/ef_slash_sumi_A_main 2_00002":{"width":300,"height":300},"EF/ef_slash_sumi_A_main 2/ef_slash_sumi_A_main 2_00003":{"width":300,"height":300},"EF/ef_slash_sumi_A_main 2/ef_slash_sumi_A_main 2_00004":{"width":300,"height":300},"EF/ef_slash_sumi_A_main 2/ef_slash_sumi_A_main 2_00005":{"width":300,"height":300},"EF/ef_slash_sumi_A_main 2/ef_slash_sumi_A_main 2_00006":{"width":300,"height":300},"EF/ef_slash_sumi_A_main 2/ef_slash_sumi_A_main 2_00007":{"width":300,"height":300},"EF/ef_slash_sumi_A_main 2/ef_slash_sumi_A_main 2_00008":{"width":300,"height":300},"EF/ef_slash_sumi_A_main 2/ef_slash_sumi_A_main 2_00009":{"width":300,"height":300},"EF/ef_slash_sumi_A_main 2/ef_slash_sumi_A_main 2_00010":{"width":300,"height":300}},"EF_stamp1_1":{"EF/ef_stamp_main/ef_stamp_main_00001":{"width":280,"height":280},"EF/ef_stamp_main/ef_stamp_main_00002":{"width":280,"height":280},"EF/ef_stamp_main/ef_stamp_main_00003":{"width":280,"height":280},"EF/ef_stamp_main/ef_stamp_main_00004":{"width":280,"height":280}},"EF_waterwave1_1":{"EF/waterwave/ef_water_wave_main_00014":{"y":15.47,"width":320,"height":160},"EF/waterwave/ef_water_wave_main_00015":{"y":15.47,"width":320,"height":160},"EF/waterwave/ef_water_wave_main_00016":{"y":15.47,"width":320,"height":160},"EF/waterwave/ef_water_wave_main_00017":{"y":15.47,"width":320,"height":160},"EF/waterwave/ef_water_wave_main_00018":{"y":15.47,"width":320,"height":160},"EF/waterwave/ef_water_wave_main_00019":{"y":15.47,"width":320,"height":160},"EF/waterwave/ef_water_wave_main_00020":{"y":15.47,"width":320,"height":160},"EF/waterwave/ef_water_wave_main_00021":{"y":15.47,"width":320,"height":160},"EF/waterwave/ef_water_wave_main_00022":{"y":15.47,"width":320,"height":160},"EF/waterwave/ef_water_wave_main_00023":{"y":15.47,"width":320,"height":160}},"EF_waterwave1_2":{"EF/waterwave/ef_water_wave_main_00014":{"y":15.47,"width":320,"height":160},"EF/waterwave/ef_water_wave_main_00015":{"y":15.47,"width":320,"height":160},"EF/waterwave/ef_water_wave_main_00016":{"y":15.47,"width":320,"height":160},"EF/waterwave/ef_water_wave_main_00017":{"y":15.47,"width":320,"height":160},"EF/waterwave/ef_water_wave_main_00018":{"y":15.47,"width":320,"height":160},"EF/waterwave/ef_water_wave_main_00019":{"y":15.47,"width":320,"height":160},"EF/waterwave/ef_water_wave_main_00020":{"y":15.47,"width":320,"height":160},"EF/waterwave/ef_water_wave_main_00021":{"y":15.47,"width":320,"height":160},"EF/waterwave/ef_water_wave_main_00022":{"y":15.47,"width":320,"height":160},"EF/waterwave/ef_water_wave_main_00023":{"y":15.47,"width":320,"height":160}},"EF_wave1_1":{"EF/ef_graund_wave_green/ef_graund_wave_green_00002":{"y":10.65,"width":350,"height":350},"EF/ef_graund_wave_green/ef_graund_wave_green_00003":{"y":10.65,"width":350,"height":350},"EF/ef_graund_wave_green/ef_graund_wave_green_00004":{"y":10.65,"width":350,"height":350},"EF/ef_graund_wave_green/ef_graund_wave_green_00005":{"y":10.65,"width":350,"height":350},"EF/ef_graund_wave_green/ef_graund_wave_green_00006":{"y":10.65,"width":350,"height":350},"EF/ef_graund_wave_green/ef_graund_wave_green_00007":{"y":10.65,"width":350,"height":350},"EF/ef_graund_wave_green/ef_graund_wave_green_00008":{"y":10.65,"width":350,"height":350},"EF/ef_graund_wave_green/ef_graund_wave_green_00009":{"y":10.65,"width":350,"height":350},"EF/ef_graund_wave_green/ef_graund_wave_green_00010":{"y":10.65,"width":350,"height":350},"EF/ef_graund_wave_green/ef_graund_wave_green_00011":{"y":10.65,"width":350,"height":350},"EF/ef_graund_wave_green/ef_graund_wave_green_00012":{"y":10.65,"width":350,"height":350}},"EF_wave1_2":{"EF/ef_graund_wave_green/ef_graund_wave_green_00002":{"y":10.65,"width":350,"height":350},"EF/ef_graund_wave_green/ef_graund_wave_green_00003":{"y":10.65,"width":350,"height":350},"EF/ef_graund_wave_green/ef_graund_wave_green_00004":{"y":10.65,"width":350,"height":350},"EF/ef_graund_wave_green/ef_graund_wave_green_00005":{"y":10.65,"width":350,"height":350},"EF/ef_graund_wave_green/ef_graund_wave_green_00006":{"y":10.65,"width":350,"height":350},"EF/ef_graund_wave_green/ef_graund_wave_green_00007":{"y":10.65,"width":350,"height":350},"EF/ef_graund_wave_green/ef_graund_wave_green_00008":{"y":10.65,"width":350,"height":350},"EF/ef_graund_wave_green/ef_graund_wave_green_00009":{"y":10.65,"width":350,"height":350},"EF/ef_graund_wave_green/ef_graund_wave_green_00010":{"y":10.65,"width":350,"height":350},"EF/ef_graund_wave_green/ef_graund_wave_green_00011":{"y":10.65,"width":350,"height":350},"EF/ef_graund_wave_green/ef_graund_wave_green_00012":{"y":10.65,"width":350,"height":350}},"EF_wave1_3":{"EF/ef_graund_wave_green/ef_graund_wave_green_00002":{"y":10.65,"width":350,"height":350},"EF/ef_graund_wave_green/ef_graund_wave_green_00003":{"y":10.65,"width":350,"height":350},"EF/ef_graund_wave_green/ef_graund_wave_green_00004":{"y":10.65,"width":350,"height":350},"EF/ef_graund_wave_green/ef_graund_wave_green_00005":{"y":10.65,"width":350,"height":350},"EF/ef_graund_wave_green/ef_graund_wave_green_00006":{"y":10.65,"width":350,"height":350},"EF/ef_graund_wave_green/ef_graund_wave_green_00007":{"y":10.65,"width":350,"height":350},"EF/ef_graund_wave_green/ef_graund_wave_green_00008":{"y":10.65,"width":350,"height":350},"EF/ef_graund_wave_green/ef_graund_wave_green_00009":{"y":10.65,"width":350,"height":350},"EF/ef_graund_wave_green/ef_graund_wave_green_00010":{"y":10.65,"width":350,"height":350},"EF/ef_graund_wave_green/ef_graund_wave_green_00011":{"y":10.65,"width":350,"height":350},"EF/ef_graund_wave_green/ef_graund_wave_green_00012":{"y":10.65,"width":350,"height":350}},"EF_wave1_4":{"EF/ef_graund_wave_green/ef_graund_wave_green_00002":{"y":10.65,"width":350,"height":350},"EF/ef_graund_wave_green/ef_graund_wave_green_00003":{"y":10.65,"width":350,"height":350},"EF/ef_graund_wave_green/ef_graund_wave_green_00004":{"y":10.65,"width":350,"height":350},"EF/ef_graund_wave_green/ef_graund_wave_green_00005":{"y":10.65,"width":350,"height":350},"EF/ef_graund_wave_green/ef_graund_wave_green_00006":{"y":10.65,"width":350,"height":350},"EF/ef_graund_wave_green/ef_graund_wave_green_00007":{"y":10.65,"width":350,"height":350},"EF/ef_graund_wave_green/ef_graund_wave_green_00008":{"y":10.65,"width":350,"height":350},"EF/ef_graund_wave_green/ef_graund_wave_green_00009":{"y":10.65,"width":350,"height":350},"EF/ef_graund_wave_green/ef_graund_wave_green_00010":{"y":10.65,"width":350,"height":350},"EF/ef_graund_wave_green/ef_graund_wave_green_00011":{"y":10.65,"width":350,"height":350},"EF/ef_graund_wave_green/ef_graund_wave_green_00012":{"y":10.65,"width":350,"height":350}},"EF_wave1_5":{"EF/ef_graund_wave_green/ef_graund_wave_green_00002":{"y":10.65,"width":350,"height":350},"EF/ef_graund_wave_green/ef_graund_wave_green_00003":{"y":10.65,"width":350,"height":350},"EF/ef_graund_wave_green/ef_graund_wave_green_00004":{"y":10.65,"width":350,"height":350},"EF/ef_graund_wave_green/ef_graund_wave_green_00005":{"y":10.65,"width":350,"height":350},"EF/ef_graund_wave_green/ef_graund_wave_green_00006":{"y":10.65,"width":350,"height":350},"EF/ef_graund_wave_green/ef_graund_wave_green_00007":{"y":10.65,"width":350,"height":350},"EF/ef_graund_wave_green/ef_graund_wave_green_00008":{"y":10.65,"width":350,"height":350},"EF/ef_graund_wave_green/ef_graund_wave_green_00009":{"y":10.65,"width":350,"height":350},"EF/ef_graund_wave_green/ef_graund_wave_green_00010":{"y":10.65,"width":350,"height":350},"EF/ef_graund_wave_green/ef_graund_wave_green_00011":{"y":10.65,"width":350,"height":350},"EF/ef_graund_wave_green/ef_graund_wave_green_00012":{"y":10.65,"width":350,"height":350}},"EF_wave1_6":{"EF/ef_graund_wave_green/ef_graund_wave_green_00002":{"y":10.65,"width":350,"height":350},"EF/ef_graund_wave_green/ef_graund_wave_green_00003":{"y":10.65,"width":350,"height":350},"EF/ef_graund_wave_green/ef_graund_wave_green_00004":{"y":10.65,"width":350,"height":350},"EF/ef_graund_wave_green/ef_graund_wave_green_00005":{"y":10.65,"width":350,"height":350},"EF/ef_graund_wave_green/ef_graund_wave_green_00006":{"y":10.65,"width":350,"height":350},"EF/ef_graund_wave_green/ef_graund_wave_green_00007":{"y":10.65,"width":350,"height":350},"EF/ef_graund_wave_green/ef_graund_wave_green_00008":{"y":10.65,"width":350,"height":350},"EF/ef_graund_wave_green/ef_graund_wave_green_00009":{"y":10.65,"width":350,"height":350},"EF/ef_graund_wave_green/ef_graund_wave_green_00010":{"y":10.65,"width":350,"height":350},"EF/ef_graund_wave_green/ef_graund_wave_green_00011":{"y":10.65,"width":350,"height":350},"EF/ef_graund_wave_green/ef_graund_wave_green_00012":{"y":10.65,"width":350,"height":350}},"EF_wave1_7":{"EF/ef_graund_wave_green/ef_graund_wave_green_00002":{"y":10.65,"width":350,"height":350},"EF/ef_graund_wave_green/ef_graund_wave_green_00003":{"y":10.65,"width":350,"height":350},"EF/ef_graund_wave_green/ef_graund_wave_green_00004":{"y":10.65,"width":350,"height":350},"EF/ef_graund_wave_green/ef_graund_wave_green_00005":{"y":10.65,"width":350,"height":350},"EF/ef_graund_wave_green/ef_graund_wave_green_00006":{"y":10.65,"width":350,"height":350},"EF/ef_graund_wave_green/ef_graund_wave_green_00007":{"y":10.65,"width":350,"height":350},"EF/ef_graund_wave_green/ef_graund_wave_green_00008":{"y":10.65,"width":350,"height":350},"EF/ef_graund_wave_green/ef_graund_wave_green_00009":{"y":10.65,"width":350,"height":350},"EF/ef_graund_wave_green/ef_graund_wave_green_00010":{"y":10.65,"width":350,"height":350},"EF/ef_graund_wave_green/ef_graund_wave_green_00011":{"y":10.65,"width":350,"height":350},"EF/ef_graund_wave_green/ef_graund_wave_green_00012":{"y":10.65,"width":350,"height":350}},"EF_wave1_8":{"EF/ef_graund_wave_green/ef_graund_wave_green_00002":{"y":10.65,"width":350,"height":350},"EF/ef_graund_wave_green/ef_graund_wave_green_00003":{"y":10.65,"width":350,"height":350},"EF/ef_graund_wave_green/ef_graund_wave_green_00004":{"y":10.65,"width":350,"height":350},"EF/ef_graund_wave_green/ef_graund_wave_green_00005":{"y":10.65,"width":350,"height":350},"EF/ef_graund_wave_green/ef_graund_wave_green_00006":{"y":10.65,"width":350,"height":350},"EF/ef_graund_wave_green/ef_graund_wave_green_00007":{"y":10.65,"width":350,"height":350},"EF/ef_graund_wave_green/ef_graund_wave_green_00008":{"y":10.65,"width":350,"height":350},"EF/ef_graund_wave_green/ef_graund_wave_green_00009":{"y":10.65,"width":350,"height":350},"EF/ef_graund_wave_green/ef_graund_wave_green_00010":{"y":10.65,"width":350,"height":350},"EF/ef_graund_wave_green/ef_graund_wave_green_00011":{"y":10.65,"width":350,"height":350},"EF/ef_graund_wave_green/ef_graund_wave_green_00012":{"y":10.65,"width":350,"height":350}},"HITBOX":{"HITBOX":{"type":"boundingbox","vertices":[-64.16897,-63.09382,64.183,-63.09382,64.183,64.49417,-64.16897,64.11216]}},"MAIN":{"attack1_00":{"x":-4.12,"y":9.58,"scaleX":2,"scaleY":2,"width":250,"height":250},"attack1_01":{"x":-4.12,"y":9.58,"scaleX":2,"scaleY":2,"width":250,"height":250},"attack1_02":{"x":-4.12,"y":9.58,"scaleX":2,"scaleY":2,"width":250,"height":250},"attack1_03":{"x":-4.12,"y":9.58,"scaleX":2,"scaleY":2,"width":250,"height":250},"attack1_04":{"x":-4.12,"y":9.58,"scaleX":2,"scaleY":2,"width":250,"height":250},"attack1_05":{"x":-4.12,"y":9.58,"scaleX":2,"scaleY":2,"width":250,"height":250},"attack1_06":{"x":-4.12,"y":9.58,"scaleX":2,"scaleY":2,"width":250,"height":250},"attack1_07":{"x":-4.12,"y":9.58,"scaleX":2,"scaleY":2,"width":250,"height":250},"back_00":{"x":-4.12,"y":9.58,"scaleX":2,"scaleY":2,"width":250,"height":250},"damage_00":{"x":-4.12,"y":9.58,"scaleX":2,"scaleY":2,"width":250,"height":250},"front_00":{"x":-4.12,"y":9.58,"scaleX":2,"scaleY":2,"width":250,"height":250},"idle_00":{"x":-4.12,"y":9.58,"scaleX":2,"scaleY":2,"width":250,"height":250},"idle_01":{"x":-4.12,"y":9.58,"scaleX":2,"scaleY":2,"width":250,"height":250},"idle_02":{"x":-4.12,"y":9.58,"scaleX":2,"scaleY":2,"width":250,"height":250},"idle_03":{"x":-4.12,"y":9.58,"scaleX":2,"scaleY":2,"width":250,"height":250},"skill1_00":{"x":-4.12,"y":9.58,"scaleX":2,"scaleY":2,"width":250,"height":250},"skill1_01":{"x":-4.12,"y":9.58,"scaleX":2,"scaleY":2,"width":250,"height":250},"skill1_02":{"x":-4.12,"y":9.58,"scaleX":2,"scaleY":2,"width":250,"height":250},"skill1_03":{"x":-4.12,"y":9.58,"scaleX":2,"scaleY":2,"width":250,"height":250},"skill1_04":{"x":-4.12,"y":9.58,"scaleX":2,"scaleY":2,"width":250,"height":250},"skill1_05":{"x":-4.12,"y":9.58,"scaleX":2,"scaleY":2,"width":250,"height":250},"skill1_06":{"x":-4.12,"y":9.58,"scaleX":2,"scaleY":2,"width":250,"height":250},"skill2_00":{"x":-4.12,"y":9.58,"scaleX":2,"scaleY":2,"width":250,"height":250},"skill2_01":{"x":-4.12,"y":9.58,"scaleX":2,"scaleY":2,"width":250,"height":250},"skill2_02":{"x":-4.12,"y":9.58,"scaleX":2,"scaleY":2,"width":250,"height":250},"skill2_03":{"x":-4.12,"y":9.58,"scaleX":2,"scaleY":2,"width":250,"height":250},"skill2_04":{"x":-4.12,"y":9.58,"scaleX":2,"scaleY":2,"width":250,"height":250},"skill3_00":{"x":-4.12,"y":9.58,"scaleX":2,"scaleY":2,"width":250,"height":250},"skill3_01":{"x":-4.12,"y":9.58,"scaleX":2,"scaleY":2,"width":250,"height":250},"skill3_02":{"x":-4.12,"y":9.58,"scaleX":2,"scaleY":2,"width":250,"height":250},"skill3_03":{"x":-4.12,"y":9.58,"scaleX":2,"scaleY":2,"width":250,"height":250},"skill3_04":{"x":-4.12,"y":9.58,"scaleX":2,"scaleY":2,"width":250,"height":250},"skill3_05":{"x":-4.12,"y":9.58,"scaleX":2,"scaleY":2,"width":250,"height":250},"skill3_06":{"x":-4.12,"y":9.58,"scaleX":2,"scaleY":2,"width":250,"height":250},"skill3_07":{"x":-4.12,"y":9.58,"scaleX":2,"scaleY":2,"width":250,"height":250},"skill3_08":{"x":-4.12,"y":9.58,"scaleX":2,"scaleY":2,"width":250,"height":250},"skill3_09":{"x":-4.12,"y":9.58,"scaleX":2,"scaleY":2,"width":250,"height":250},"skill3_10":{"x":-4.12,"y":9.58,"scaleX":2,"scaleY":2,"width":250,"height":250},"skill3_11":{"x":-4.12,"y":9.58,"scaleX":2,"scaleY":2,"width":250,"height":250},"skill3_12":{"x":-4.12,"y":9.58,"scaleX":2,"scaleY":2,"width":250,"height":250},"skill3_13":{"x":-4.12,"y":9.58,"scaleX":2,"scaleY":2,"width":250,"height":250},"skill3_14":{"x":-4.12,"y":9.58,"scaleX":2,"scaleY":2,"width":250,"height":250},"skill3_15":{"x":-4.12,"y":9.58,"scaleX":2,"scaleY":2,"width":250,"height":250},"skill3_16":{"x":-4.12,"y":9.58,"scaleX":2,"scaleY":2,"width":250,"height":250},"skill3_17":{"x":-4.12,"y":9.58,"scaleX":2,"scaleY":2,"width":250,"height":250},"skill3_18":{"x":-4.12,"y":9.58,"scaleX":2,"scaleY":2,"width":250,"height":250},"skill3_19":{"x":-4.12,"y":9.58,"scaleX":2,"scaleY":2,"width":250,"height":250},"skill3_20":{"x":-4.12,"y":9.58,"scaleX":2,"scaleY":2,"width":250,"height":250}},"dot/attack1EF_00":{"dot/attack1EF_00":{"width":176,"height":177}},"dot/attack1EF_01":{"dot/attack1EF_01":{"width":176,"height":177}},"dot/skill1EF_00":{"dot/skill1EF_00":{"width":89,"height":88},"dot/skill1EF_01":{"width":89,"height":88}},"dot/skill2EF_00":{"dot/skill2EF_00":{"width":174,"height":156}},"dot/skill3EF_00":{"dot/skill3EF_00":{"width":47,"height":88},"dot/skill3EF_01":{"width":47,"height":88}}}},"events":{"Event":{},"Event2":{},"Hit":{},"Sound1":{},"Sound2":{},"Sound3":{},"Voice":{}},"animations":{"attack1":{"slots":{"DAMAGEAREA":{"attachment":[{"time":0.1,"name":"DAMAGEAREA"},{"time":0.1666,"name":null},{"time":0.4333,"name":"DAMAGEAREA"},{"time":0.5,"name":null}]},"MAIN":{"attachment":[{"time":0,"name":"front_00"},{"time":0.0333,"name":"attack1_00"},{"time":0.1,"name":"attack1_01"},{"time":0.2333,"name":"attack1_02"},{"time":0.3666,"name":"attack1_03"},{"time":0.4333,"name":"attack1_04"},{"time":0.4666,"name":"attack1_05"},{"time":0.5333,"name":"attack1_06"},{"time":0.7666,"name":"back_00"},{"time":0.9666,"name":"idle_02"},{"time":1.1,"name":"idle_03"},{"time":1.2333,"name":"idle_00"}]},"dot/attack1EF_00":{"attachment":[{"time":0.1,"name":"dot/attack1EF_00"},{"time":0.1333,"name":null},{"time":0.4333,"name":null}],"color":[{"time":0.1,"color":"00ff53ff"}]},"dot/attack1EF_01":{"attachment":[{"time":0.4333,"name":"dot/attack1EF_01"},{"time":0.4666,"name":null}],"color":[{"time":0.1,"color":"00ff53ff"}]}},"bones":{"MAIN":{"translate":[{"time":0,"x":-32.66,"y":0},{"time":0.0333,"x":-57.8,"y":0,"curve":[0.067,0.58,0.591,1]},{"time":0.1,"x":-64.46,"y":0,"curve":"stepped"},{"time":0.2333,"x":-87.57,"y":12.62},{"time":0.3666,"x":-97.98,"y":18.46},{"time":0.4333,"x":-107.92,"y":-1.42,"curve":"stepped"},{"time":0.7666,"x":-95.75,"y":5.77,"curve":[0.076,0.42,0.533,0.77]},{"time":0.9,"x":-26.3,"y":8.91,"curve":[0.384,0.64,0.775,1]},{"time":1,"x":-14.25,"y":0,"curve":[0.066,0.59,0.75,1]},{"time":1.2333,"x":0,"y":0}]},"DotEF":{"rotate":[{"time":0.4333,"angle":3.46}],"translate":[{"time":0.1,"x":-229.72,"y":109.59,"curve":"stepped"},{"time":0.4333,"x":-227.22,"y":100.11}],"scale":[{"time":0.1,"x":1.424,"y":1.145,"curve":"stepped"},{"time":0.4333,"x":1.546,"y":0.812}]},"DAMAGEAREA":{"translate":[{"time":0.1,"x":-155.71,"y":53.54,"curve":"stepped"},{"time":0.4333,"x":-188.5,"y":53.54}],"scale":[{"time":0.1,"x":2.313,"y":0.842}]}},"events":[{"time":0,"name":"Event","float":0.1,"string":"kHitStopType_normal"},{"time":0.0666,"name":"Sound1","string":"cri_se_battle_sword_swish_heavy"},{"time":0.0666,"name":"Sound3","string":"setHitSound(se_battle_019_sword_hit_03)"},{"time":0.0666,"name":"Voice","string":"cri_239_voice_attack_random"},{"time":0.4,"name":"Sound1","string":"cri_se_battle_sword_swish_heavy"},{"time":0.4,"name":"Voice","string":"cri_239_voice_attack_c"},{"time":0.4333,"name":"Hit","string":"resetHitList"}]},"attack2":{"slots":{"DAMAGEAREA":{"attachment":[{"time":0.1,"name":"DAMAGEAREA"},{"time":0.1666,"name":null},{"time":0.4333,"name":"DAMAGEAREA"},{"time":0.5,"name":null}]},"MAIN":{"attachment":[{"time":0,"name":"front_00"},{"time":0.0333,"name":"attack1_00"},{"time":0.1,"name":"attack1_01"},{"time":0.2333,"name":"attack1_02"},{"time":0.3666,"name":"attack1_03"},{"time":0.4333,"name":"attack1_04"},{"time":0.4666,"name":"attack1_05"},{"time":0.5333,"name":"attack1_06"},{"time":0.7666,"name":"back_00"},{"time":0.9666,"name":"idle_02"},{"time":1.1,"name":"idle_03"},{"time":1.2333,"name":"idle_00"}]},"dot/attack1EF_00":{"attachment":[{"time":0.1,"name":"dot/attack1EF_00"},{"time":0.1333,"name":null},{"time":0.4333,"name":null}],"color":[{"time":0.1,"color":"00ff53ff"}]},"dot/attack1EF_01":{"attachment":[{"time":0.4333,"name":"dot/attack1EF_01"},{"time":0.4666,"name":null}],"color":[{"time":0.1,"color":"00ff53ff"}]}},"bones":{"MAIN":{"translate":[{"time":0,"x":-32.66,"y":0},{"time":0.0333,"x":-57.8,"y":0,"curve":[0.067,0.58,0.591,1]},{"time":0.1,"x":-64.46,"y":0,"curve":"stepped"},{"time":0.2333,"x":-87.57,"y":12.62},{"time":0.3666,"x":-97.98,"y":18.46},{"time":0.4333,"x":-107.92,"y":-1.42,"curve":"stepped"},{"time":0.7666,"x":-95.75,"y":5.77,"curve":[0.076,0.42,0.533,0.77]},{"time":0.9,"x":-26.3,"y":8.91,"curve":[0.384,0.64,0.775,1]},{"time":1,"x":-14.25,"y":0,"curve":[0.066,0.59,0.75,1]},{"time":1.2333,"x":0,"y":0}]},"DotEF":{"rotate":[{"time":0.4333,"angle":3.46}],"translate":[{"time":0.1,"x":-229.72,"y":109.59,"curve":"stepped"},{"time":0.4333,"x":-227.22,"y":100.11}],"scale":[{"time":0.1,"x":1.424,"y":1.145,"curve":"stepped"},{"time":0.4333,"x":1.546,"y":0.812}]},"DAMAGEAREA":{"translate":[{"time":0.1,"x":-155.71,"y":53.54,"curve":"stepped"},{"time":0.4333,"x":-188.5,"y":53.54}],"scale":[{"time":0.1,"x":2.313,"y":0.842}]}},"events":[{"time":0,"name":"Event","float":0.1,"string":"kHitStopType_normal"},{"time":0.0666,"name":"Sound1","string":"cri_se_battle_sword_swish_heavy"},{"time":0.0666,"name":"Sound3","string":"setHitSound(se_battle_019_sword_hit_03)"},{"time":0.0666,"name":"Voice","string":"cri_239_voice_attack_random"},{"time":0.4,"name":"Sound1","string":"cri_se_battle_sword_swish_heavy"},{"time":0.4,"name":"Voice","string":"cri_239_voice_attack_c"},{"time":0.4333,"name":"Hit","string":"resetHitList"}]},"back":{"slots":{"MAIN":{"attachment":[{"time":0,"name":"back_00"},{"time":0.2666,"name":"idle_02"},{"time":0.4,"name":"idle_00"},{"time":0.5333,"name":"idle_03"}]}},"bones":{"MAIN":{"rotate":[{"time":0.2666,"angle":0}],"translate":[{"time":0,"x":0,"y":0},{"time":0.1333,"x":74.28,"y":12.57},{"time":0.2333,"x":130,"y":0,"curve":[0.063,0.58,0.75,1]},{"time":0.5,"x":140,"y":0}]}},"events":[{"time":0,"name":"Sound1","string":"cri_se_battle_jump"},{"time":0.2666,"name":"Sound1","string":"cri_se_battle_landing"}]},"cast":{"slots":{"MAIN":{"attachment":[{"time":0,"name":"idle_00"},{"time":0.1,"name":"skill1_02"},{"time":0.2,"name":"skill1_03"},{"time":0.2666,"name":"skill1_04"},{"time":0.5,"name":"skill1_05"},{"time":0.6,"name":"skill1_06"},{"time":0.8333,"name":"skill1_01"}]}},"bones":{"MAIN":{"translate":[{"time":0,"x":0,"y":0,"curve":"stepped"},{"time":0.2,"x":26.9,"y":0,"curve":"stepped"},{"time":0.5,"x":0,"y":0}]}},"events":[{"time":0.2,"name":"Voice","string":"cri_239_voice_item"}]},"damage":{"slots":{"MAIN":{"attachment":[{"time":0,"name":"damage_00"}]}},"bones":{"MAIN":{"translate":[{"time":0,"x":0,"y":0}]}}},"front":{"slots":{"MAIN":{"attachment":[{"time":0,"name":"front_00"}]}},"bones":{"MAIN":{"rotate":[{"time":0,"angle":9.04}],"translate":[{"time":0,"x":0,"y":-8.4}]}}},"idle":{"slots":{"MAIN":{"attachment":[{"time":0,"name":"idle_00"},{"time":0.2666,"name":"idle_01"},{"time":0.5,"name":"idle_02"},{"time":0.7666,"name":"idle_03"},{"time":1,"name":"idle_00"}]}},"bones":{"MAIN":{"translate":[{"time":0,"x":0,"y":0}]}}},"in":{"slots":{"MAIN":{"attachment":[{"time":0,"name":"front_00"},{"time":0.5,"name":"idle_00"},{"time":0.6,"name":"idle_01"},{"time":0.7,"name":"idle_02"},{"time":0.8,"name":"idle_00"}],"color":[{"time":0,"color":"ffffff00"},{"time":0.3666,"color":"ffffffff"}]}},"bones":{"MAIN":{"translate":[{"time":0,"x":551.85,"y":0,"curve":[0.043,0.64,0.75,1]},{"time":0.3666,"x":0,"y":0,"curve":"stepped"},{"time":0.5,"x":0,"y":0}]}},"events":[{"time":0.4,"name":"Sound1","string":"cri_se_battle_sword_draw"}]},"in2":{"slots":{"MAIN":{"attachment":[{"time":0,"name":"skill2_01"},{"time":0.1333,"name":"skill2_00"},{"time":0.2666,"name":"skill2_01"},{"time":0.4,"name":"skill2_00"},{"time":0.5333,"name":"skill2_01"},{"time":0.6666,"name":"skill2_00"},{"time":0.8,"name":"skill2_01"},{"time":0.9333,"name":"skill2_00"},{"time":1.0666,"name":"skill2_01"},{"time":1.1333,"name":"skill2_01"},{"time":1.2666,"name":"skill2_00"},{"time":1.4,"name":"skill1_02"},{"time":1.5,"name":"skill1_01"},{"time":1.7,"name":"idle_00"},{"time":1.8,"name":"idle_01"},{"time":1.9,"name":"idle_02"},{"time":2,"name":"idle_00"}]}},"bones":{"MAIN":{"translate":[{"time":0,"x":4.09,"y":0,"curve":"stepped"},{"time":1.7,"x":0,"y":0}],"scale":[{"time":1.4,"x":1,"y":1}]}}},"in3":{"slots":{"MAIN":{"attachment":[{"time":0,"name":"skill1_02"},{"time":1.4,"name":"skill1_04"},{"time":1.5,"name":"skill2_04"},{"time":1.5666,"name":"attack1_00"},{"time":1.6,"name":"skill1_05"},{"time":1.7,"name":"skill1_06"},{"time":1.8,"name":"skill1_05"},{"time":1.9333,"name":"idle_02"},{"time":2,"name":"idle_00"}]}}},"skill1":{"slots":{"DAMAGEAREA":{"attachment":[{"time":0.9,"name":"DAMAGEAREA"},{"time":1,"name":null}]},"EF_dash1_1":{"attachment":[{"time":0.8666,"name":"EF/ef_dash_green/ef_dash_green_00002"},{"time":0.9,"name":"EF/ef_dash_green/ef_dash_green_00003"},{"time":0.9333,"name":"EF/ef_dash_green/ef_dash_green_00004"},{"time":0.9666,"name":"EF/ef_dash_green/ef_dash_green_00005"},{"time":1,"name":"EF/ef_dash_green/ef_dash_green_00006"},{"time":1.0333,"name":"EF/ef_dash_green/ef_dash_green_00007"},{"time":1.0666,"name":"EF/ef_dash_green/ef_dash_green_00008"},{"time":1.1,"name":"EF/ef_dash_green/ef_dash_green_00009"},{"time":1.1333,"name":"EF/ef_dash_green/ef_dash_green_00010"},{"time":1.1666,"name":"EF/ef_dash_green/ef_dash_green_00011"},{"time":1.2,"name":"EF/ef_dash_green/ef_dash_green_00012"},{"time":1.2333,"name":null}]},"EF_dash1_2":{"attachment":[{"time":0.9,"name":"EF/ef_dash_green/ef_dash_green_00002"},{"time":0.9333,"name":"EF/ef_dash_green/ef_dash_green_00003"},{"time":0.9666,"name":"EF/ef_dash_green/ef_dash_green_00004"},{"time":1,"name":"EF/ef_dash_green/ef_dash_green_00005"},{"time":1.0333,"name":"EF/ef_dash_green/ef_dash_green_00006"},{"time":1.0666,"name":"EF/ef_dash_green/ef_dash_green_00007"},{"time":1.1,"name":"EF/ef_dash_green/ef_dash_green_00008"},{"time":1.1333,"name":"EF/ef_dash_green/ef_dash_green_00009"},{"time":1.1666,"name":"EF/ef_dash_green/ef_dash_green_00010"},{"time":1.2,"name":"EF/ef_dash_green/ef_dash_green_00011"},{"time":1.2333,"name":"EF/ef_dash_green/ef_dash_green_00012"},{"time":1.2666,"name":null}]},"EF_dash1_3":{"attachment":[{"time":0.9333,"name":"EF/ef_dash_green/ef_dash_green_00002"},{"time":0.9666,"name":"EF/ef_dash_green/ef_dash_green_00003"},{"time":1,"name":"EF/ef_dash_green/ef_dash_green_00004"},{"time":1.0333,"name":"EF/ef_dash_green/ef_dash_green_00005"},{"time":1.0666,"name":"EF/ef_dash_green/ef_dash_green_00006"},{"time":1.1,"name":"EF/ef_dash_green/ef_dash_green_00007"},{"time":1.1333,"name":"EF/ef_dash_green/ef_dash_green_00008"},{"time":1.1666,"name":"EF/ef_dash_green/ef_dash_green_00009"},{"time":1.2,"name":"EF/ef_dash_green/ef_dash_green_00010"},{"time":1.2333,"name":"EF/ef_dash_green/ef_dash_green_00011"},{"time":1.2666,"name":"EF/ef_dash_green/ef_dash_green_00012"},{"time":1.3,"name":null}]},"EF_power1_1":{"attachment":[{"time":0.3333,"name":"EF/ef_power_green/ef_power_green_00006"},{"time":0.3666,"name":"EF/ef_power_green/ef_power_green_00007"},{"time":0.4,"name":"EF/ef_power_green/ef_power_green_00008"},{"time":0.4333,"name":"EF/ef_power_green/ef_power_green_00009"},{"time":0.4666,"name":"EF/ef_power_green/ef_power_green_00010"},{"time":0.5,"name":"EF/ef_power_green/ef_power_green_00011"},{"time":0.5333,"name":"EF/ef_power_green/ef_power_green_00012"},{"time":0.5666,"name":"EF/ef_power_green/ef_power_green_00013"},{"time":0.6,"name":"EF/ef_power_green/ef_power_green_00014"},{"time":0.6333,"name":"EF/ef_power_green/ef_power_green_00015"},{"time":0.6666,"name":"EF/ef_power_green/ef_power_green_00016"},{"time":0.7,"name":"EF/ef_power_green/ef_power_green_00017"},{"time":0.7333,"name":"EF/ef_power_green/ef_power_green_00018"},{"time":0.7666,"name":"EF/ef_power_green/ef_power_green_00019"},{"time":0.8,"name":"EF/ef_power_green/ef_power_green_00020"},{"time":0.8333,"name":"EF/ef_power_green/ef_power_green_00021"},{"time":0.8666,"name":null}]},"EF_slash1_1":{"attachment":[{"time":0.8666,"name":"EF/ef_slash_A_main/ef_slash_A_main_00001"},{"time":0.9,"name":"EF/ef_slash_A_main/ef_slash_A_main_00002"},{"time":0.9333,"name":"EF/ef_slash_A_main/ef_slash_A_main_00003"},{"time":0.9666,"name":"EF/ef_slash_A_main/ef_slash_A_main_00004"},{"time":1,"name":"EF/ef_slash_A_main/ef_slash_A_main_00005"},{"time":1.0333,"name":"EF/ef_slash_A_main/ef_slash_A_main_00006"},{"time":1.0666,"name":"EF/ef_slash_A_main/ef_slash_A_main_00007"},{"time":1.1,"name":null}]},"EF_stamp1_1":{"attachment":[{"time":0.2666,"name":"EF/ef_stamp_main/ef_stamp_main_00001"},{"time":0.3,"name":"EF/ef_stamp_main/ef_stamp_main_00002"},{"time":0.3333,"name":"EF/ef_stamp_main/ef_stamp_main_00003"},{"time":0.3666,"name":"EF/ef_stamp_main/ef_stamp_main_00004"},{"time":0.4,"name":null}]},"EF_wave1_1":{"attachment":[{"time":0.8666,"name":"EF/ef_graund_wave_green/ef_graund_wave_green_00002"},{"time":0.9,"name":"EF/ef_graund_wave_green/ef_graund_wave_green_00003"},{"time":0.9333,"name":"EF/ef_graund_wave_green/ef_graund_wave_green_00004"},{"time":0.9666,"name":"EF/ef_graund_wave_green/ef_graund_wave_green_00005"},{"time":1,"name":"EF/ef_graund_wave_green/ef_graund_wave_green_00006"},{"time":1.0333,"name":"EF/ef_graund_wave_green/ef_graund_wave_green_00007"},{"time":1.0666,"name":"EF/ef_graund_wave_green/ef_graund_wave_green_00008"},{"time":1.1,"name":"EF/ef_graund_wave_green/ef_graund_wave_green_00009"},{"time":1.1333,"name":"EF/ef_graund_wave_green/ef_graund_wave_green_00010"},{"time":1.1666,"name":"EF/ef_graund_wave_green/ef_graund_wave_green_00011"},{"time":1.2,"name":"EF/ef_graund_wave_green/ef_graund_wave_green_00012"},{"time":1.2333,"name":null}]},"EF_wave1_2":{"attachment":[{"time":0.9,"name":"EF/ef_graund_wave_green/ef_graund_wave_green_00002"},{"time":0.9333,"name":"EF/ef_graund_wave_green/ef_graund_wave_green_00003"},{"time":0.9666,"name":"EF/ef_graund_wave_green/ef_graund_wave_green_00004"},{"time":1,"name":"EF/ef_graund_wave_green/ef_graund_wave_green_00005"},{"time":1.0333,"name":"EF/ef_graund_wave_green/ef_graund_wave_green_00006"},{"time":1.0666,"name":"EF/ef_graund_wave_green/ef_graund_wave_green_00007"},{"time":1.1,"name":"EF/ef_graund_wave_green/ef_graund_wave_green_00008"},{"time":1.1333,"name":"EF/ef_graund_wave_green/ef_graund_wave_green_00009"},{"time":1.1666,"name":"EF/ef_graund_wave_green/ef_graund_wave_green_00010"},{"time":1.2,"name":"EF/ef_graund_wave_green/ef_graund_wave_green_00011"},{"time":1.2333,"name":"EF/ef_graund_wave_green/ef_graund_wave_green_00012"},{"time":1.2666,"name":null}]},"EF_wave1_3":{"attachment":[{"time":0.9333,"name":"EF/ef_graund_wave_green/ef_graund_wave_green_00002"},{"time":0.9666,"name":"EF/ef_graund_wave_green/ef_graund_wave_green_00003"},{"time":1,"name":"EF/ef_graund_wave_green/ef_graund_wave_green_00004"},{"time":1.0333,"name":"EF/ef_graund_wave_green/ef_graund_wave_green_00005"},{"time":1.0666,"name":"EF/ef_graund_wave_green/ef_graund_wave_green_00006"},{"time":1.1,"name":"EF/ef_graund_wave_green/ef_graund_wave_green_00007"},{"time":1.1333,"name":"EF/ef_graund_wave_green/ef_graund_wave_green_00008"},{"time":1.1666,"name":"EF/ef_graund_wave_green/ef_graund_wave_green_00009"},{"time":1.2,"name":"EF/ef_graund_wave_green/ef_graund_wave_green_00010"},{"time":1.2333,"name":"EF/ef_graund_wave_green/ef_graund_wave_green_00011"},{"time":1.2666,"name":"EF/ef_graund_wave_green/ef_graund_wave_green_00012"},{"time":1.3,"name":null}]},"EF_wave1_4":{"attachment":[{"time":0.9333,"name":"EF/ef_graund_wave_green/ef_graund_wave_green_00002"},{"time":0.9666,"name":"EF/ef_graund_wave_green/ef_graund_wave_green_00003"},{"time":1,"name":"EF/ef_graund_wave_green/ef_graund_wave_green_00004"},{"time":1.0333,"name":"EF/ef_graund_wave_green/ef_graund_wave_green_00005"},{"time":1.0666,"name":"EF/ef_graund_wave_green/ef_graund_wave_green_00006"},{"time":1.1,"name":"EF/ef_graund_wave_green/ef_graund_wave_green_00007"},{"time":1.1333,"name":"EF/ef_graund_wave_green/ef_graund_wave_green_00008"},{"time":1.1666,"name":"EF/ef_graund_wave_green/ef_graund_wave_green_00009"},{"time":1.2,"name":"EF/ef_graund_wave_green/ef_graund_wave_green_00010"},{"time":1.2333,"name":"EF/ef_graund_wave_green/ef_graund_wave_green_00011"},{"time":1.2666,"name":"EF/ef_graund_wave_green/ef_graund_wave_green_00012"},{"time":1.3,"name":null}]},"MAIN":{"attachment":[{"time":0,"name":"skill1_00"},{"time":0.2,"name":"skill1_01"},{"time":0.3,"name":"skill1_02"},{"time":0.4,"name":"skill1_03"},{"time":0.5,"name":"skill1_04"},{"time":0.6,"name":"skill1_03"},{"time":0.7,"name":"skill1_04"},{"time":0.8,"name":"skill1_03"},{"time":0.8666,"name":"skill1_06"},{"time":0.9333,"name":"skill1_05"},{"time":1.0333,"name":"skill1_06"},{"time":1.2666,"name":"back_00"},{"time":1.4666,"name":"idle_03"},{"time":1.6333,"name":"idle_02"}]},"dot/skill1EF_00":{"attachment":[{"time":0,"name":"dot/skill1EF_00"},{"time":0.0333,"name":"dot/skill1EF_01"},{"time":0.0666,"name":"dot/skill1EF_00"},{"time":0.1,"name":"dot/skill1EF_01"},{"time":0.1333,"name":"dot/skill1EF_00"},{"time":0.1666,"name":"dot/skill1EF_01"},{"time":0.2,"name":null}]}},"bones":{"MAIN":{"translate":[{"time":0,"x":0,"y":0,"curve":"stepped"},{"time":0.4,"x":26.9,"y":0,"curve":"stepped"},{"time":0.8666,"x":-151.08,"y":0,"curve":[0.069,0.59,0.613,1]},{"time":0.9666,"x":-160.97,"y":0,"curve":"stepped"},{"time":1.2666,"x":-137.23,"y":10.87},{"time":1.3333,"x":-42.51,"y":7.91},{"time":1.4666,"x":-12.05,"y":0,"curve":[0.078,0.62,0.75,1]},{"time":1.6333,"x":0,"y":0}]},"DotEF":{"rotate":[{"time":0,"angle":0,"curve":"stepped"},{"time":0.0666,"angle":-143.88,"curve":"stepped"},{"time":0.1333,"angle":0}],"translate":[{"time":0,"x":-229.08,"y":139.25}]},"EF_stamp1_1":{"translate":[{"time":0.2666,"x":-82.52,"y":31.37}],"scale":[{"time":0.2666,"x":1.346,"y":1.346}]},"EF_power1_1":{"translate":[{"time":0.3333,"x":-124.41,"y":-37.1}],"scale":[{"time":0.3333,"x":1.5,"y":1.5}]},"EF_dash1_1":{"translate":[{"time":0.8666,"x":0,"y":0}],"scale":[{"time":0.8666,"x":2.5,"y":2.5}]},"EF_dash1_2":{"translate":[{"time":0.9,"x":-76.08,"y":0}],"scale":[{"time":0.9,"x":2.5,"y":2.5}]},"EF_dash1_3":{"translate":[{"time":0.9333,"x":-158.7,"y":0}],"scale":[{"time":0.9333,"x":2.5,"y":2.5}]},"EF_wave1_1":{"translate":[{"time":0.8666,"x":-50.14,"y":0}],"scale":[{"time":0.8666,"x":1.5,"y":1.5}]},"EF_wave1_2":{"translate":[{"time":0.9,"x":-126.04,"y":0}],"scale":[{"time":0.9,"x":1.5,"y":1.5}]},"EF_wave1_3":{"translate":[{"time":0.9333,"x":-209.42,"y":0}],"scale":[{"time":0.9333,"x":1.5,"y":1.5}]},"EF_wave1_4":{"translate":[{"time":0.9333,"x":-310.98,"y":0}],"scale":[{"time":0.9333,"x":1.5,"y":1.5}]},"EF_slash1_1":{"rotate":[{"time":0.8666,"angle":6.71}],"translate":[{"time":0.8666,"x":-319.17,"y":32.04}],"scale":[{"time":0.8666,"x":4.5,"y":3}]},"DAMAGEAREA":{"translate":[{"time":0.9,"x":-168.81,"y":64.92}],"scale":[{"time":0.9,"x":5.804,"y":1}]}},"events":[{"time":0,"name":"Event","float":0.25,"string":"kHitStopType_normal"},{"time":0,"name":"Sound1","string":"cri_se_battle_arrow"},{"time":0.1,"name":"Sound1","string":"cri_se_battle_arrow"},{"time":0.1666,"name":"Sound1","string":"cri_se_battle_arrow"},{"time":0.1666,"name":"Sound2","string":"cri_se_battle_sword_sheathe"},{"time":0.1666,"name":"Sound3","string":"cri_se_battle_charge"},{"time":0.6666,"name":"Voice","string":"cri_239_voice_skill_all"},{"time":0.7666,"name":"Sound1","string":"cri_se_battle_arrow_light_effect"},{"time":0.7666,"name":"Sound2","string":"cri_se_battle_sword_srash"},{"time":0.7666,"name":"Sound3","string":"setHitSound(se_battle_sword_heavy_hit)"},{"time":0.9,"name":"Event2","string":"shakeGround"}]},"skill2":{"slots":{"DAMAGEAREA":{"attachment":[{"time":2.7333,"name":"DAMAGEAREA"},{"time":2.8333,"name":null}]},"EF_power1_1":{"attachment":[{"time":2.0333,"name":"EF/ef_power_green/ef_power_green_00006"},{"time":2.0666,"name":"EF/ef_power_green/ef_power_green_00007"},{"time":2.1,"name":"EF/ef_power_green/ef_power_green_00008"},{"time":2.1333,"name":"EF/ef_power_green/ef_power_green_00009"},{"time":2.1666,"name":"EF/ef_power_green/ef_power_green_00010"},{"time":2.2,"name":"EF/ef_power_green/ef_power_green_00011"},{"time":2.2333,"name":"EF/ef_power_green/ef_power_green_00012"},{"time":2.2666,"name":"EF/ef_power_green/ef_power_green_00013"},{"time":2.3,"name":"EF/ef_power_green/ef_power_green_00014"},{"time":2.3333,"name":"EF/ef_power_green/ef_power_green_00015"},{"time":2.3666,"name":"EF/ef_power_green/ef_power_green_00016"},{"time":2.4,"name":"EF/ef_power_green/ef_power_green_00017"},{"time":2.4333,"name":"EF/ef_power_green/ef_power_green_00018"},{"time":2.4666,"name":"EF/ef_power_green/ef_power_green_00019"},{"time":2.5,"name":"EF/ef_power_green/ef_power_green_00020"},{"time":2.5333,"name":"EF/ef_power_green/ef_power_green_00021"},{"time":2.5666,"name":null}]},"EF_rotwave1_1":{"attachment":[{"time":2.0333,"name":"EF/ef_water_wave_main/ef_water_wave_main_00001"},{"time":2.0666,"name":"EF/ef_water_wave_main/ef_water_wave_main_00002"},{"time":2.1,"name":"EF/ef_water_wave_main/ef_water_wave_main_00003"},{"time":2.1333,"name":"EF/ef_water_wave_main/ef_water_wave_main_00004"},{"time":2.1666,"name":"EF/ef_water_wave_main/ef_water_wave_main_00005"},{"time":2.2,"name":"EF/ef_water_wave_main/ef_water_wave_main_00006"},{"time":2.2333,"name":"EF/ef_water_wave_main/ef_water_wave_main_00007"},{"time":2.2666,"name":"EF/ef_water_wave_main/ef_water_wave_main_00008"},{"time":2.3,"name":"EF/ef_water_wave_main/ef_water_wave_main_00009"},{"time":2.3333,"name":"EF/ef_water_wave_main/ef_water_wave_main_00010"},{"time":2.3666,"name":"EF/ef_water_wave_main/ef_water_wave_main_00011"},{"time":2.4,"name":"EF/ef_water_wave_main/ef_water_wave_main_00012"},{"time":2.4333,"name":"EF/ef_water_wave_main/ef_water_wave_main_00013"},{"time":2.4666,"name":null}]},"EF_stamp1_1":{"attachment":[{"time":0.3666,"name":"EF/ef_stamp_main/ef_stamp_main_00001"},{"time":0.4,"name":"EF/ef_stamp_main/ef_stamp_main_00002"},{"time":0.4333,"name":"EF/ef_stamp_main/ef_stamp_main_00003"},{"time":0.4666,"name":"EF/ef_stamp_main/ef_stamp_main_00004"},{"time":0.5,"name":null}]},"EF_waterwave1_1":{"attachment":[{"time":2.5666,"name":"EF/waterwave/ef_water_wave_main_00014"},{"time":2.6333,"name":"EF/waterwave/ef_water_wave_main_00015"},{"time":2.7,"name":"EF/waterwave/ef_water_wave_main_00016"},{"time":2.7666,"name":"EF/waterwave/ef_water_wave_main_00017"},{"time":2.8333,"name":"EF/waterwave/ef_water_wave_main_00018"},{"time":2.9,"name":"EF/waterwave/ef_water_wave_main_00019"},{"time":2.9666,"name":"EF/waterwave/ef_water_wave_main_00020"},{"time":3.0333,"name":"EF/waterwave/ef_water_wave_main_00021"},{"time":3.1,"name":"EF/waterwave/ef_water_wave_main_00022"},{"time":3.1666,"name":"EF/waterwave/ef_water_wave_main_00023"},{"time":3.2333,"name":null}],"color":[{"time":3.1333,"color":"ffffffff"},{"time":3.2333,"color":"ffffff00"}]},"MAIN":{"attachment":[{"time":0,"name":"skill1_00"},{"time":0.3333,"name":"skill1_01"},{"time":0.4333,"name":"skill1_02"},{"time":0.5333,"name":"skill2_00"},{"time":0.6333,"name":"skill2_01"},{"time":0.7333,"name":"skill2_00"},{"time":0.8333,"name":"skill2_01"},{"time":0.9333,"name":"skill2_00"},{"time":1.0333,"name":"skill2_01"},{"time":1.1333,"name":"skill2_00"},{"time":1.2333,"name":"skill2_01"},{"time":1.3333,"name":"skill2_00"},{"time":1.4333,"name":"skill2_01"},{"time":1.5333,"name":"skill2_00"},{"time":1.6333,"name":"skill2_01"},{"time":1.7333,"name":"skill2_00"},{"time":1.8333,"name":"skill2_01"},{"time":1.9333,"name":"skill2_00"},{"time":2.0333,"name":"skill1_03"},{"time":2.1333,"name":"skill1_04"},{"time":2.5666,"name":"skill2_04"},{"time":2.6333,"name":"skill2_02"},{"time":2.7,"name":"skill2_03"},{"time":2.7666,"name":"skill2_02"},{"time":2.8333,"name":"skill2_03"},{"time":2.9,"name":"skill2_02"},{"time":2.9666,"name":"skill2_03"},{"time":3.0333,"name":"skill2_02"},{"time":3.1333,"name":"skill2_03"},{"time":3.2333,"name":"skill2_02"},{"time":3.3333,"name":"skill2_03"},{"time":3.6666,"name":"idle_03"}]},"dot/skill1EF_00":{"attachment":[{"time":0,"name":"dot/skill1EF_00"},{"time":0.0333,"name":"dot/skill1EF_01"},{"time":0.0666,"name":"dot/skill1EF_00"},{"time":0.1,"name":"dot/skill1EF_01"},{"time":0.1333,"name":"dot/skill1EF_00"},{"time":0.1666,"name":"dot/skill1EF_01"},{"time":0.2,"name":"dot/skill1EF_00"},{"time":0.2333,"name":"dot/skill1EF_01"},{"time":0.2666,"name":"dot/skill1EF_00"},{"time":0.3,"name":"dot/skill1EF_01"},{"time":0.3333,"name":null}]}},"bones":{"MAIN":{"translate":[{"time":0,"x":0,"y":0,"curve":"stepped"},{"time":0.5333,"x":2.96,"y":0,"curve":"stepped"},{"time":2.0333,"x":29.23,"y":0,"curve":"stepped"},{"time":2.5666,"x":23.82,"y":0.54,"curve":"stepped"},{"time":2.6333,"x":18.41,"y":0.54}]},"DotEF":{"rotate":[{"time":0,"angle":0,"curve":"stepped"},{"time":0.0666,"angle":-143.88,"curve":"stepped"},{"time":0.1333,"angle":0,"curve":"stepped"},{"time":0.2,"angle":-143.88,"curve":"stepped"},{"time":0.2666,"angle":0,"curve":"stepped"},{"time":0.3333,"angle":-143.88}],"translate":[{"time":0,"x":-229.08,"y":139.25}]},"EF_stamp1_1":{"translate":[{"time":0.3666,"x":-82.64,"y":37.18}],"scale":[{"time":0.3666,"x":1.5,"y":1.5}]},"EF_waterwave1_1":{"translate":[{"time":2.5666,"x":-185.58,"y":0}],"scale":[{"time":2.5666,"x":2,"y":2,"curve":[0.2,0.68,0.75,1]},{"time":3.2,"x":3.5,"y":3.5}]},"EF_power1_1":{"translate":[{"time":2.0333,"x":-120.72,"y":-36.78}],"scale":[{"time":2.0333,"x":2,"y":2}]},"EF_rotwave1_1":{"translate":[{"time":2.0333,"x":22.89,"y":0}],"scale":[{"time":2.0333,"x":1.8,"y":1.8}]},"DAMAGEAREA":{"translate":[{"time":2.7333,"x":0,"y":61.15}],"scale":[{"time":2.7333,"x":30.759,"y":2.329}]}},"events":[{"time":0,"name":"Event","float":0.25,"string":"kHitStopType_normal"},{"time":0,"name":"Sound1","string":"cri_se_battle_arrow"},{"time":0,"name":"Voice","string":"cri_239_voice_fullarts_now"},{"time":0.1,"name":"Sound1","string":"cri_se_battle_arrow"},{"time":0.2,"name":"Sound1","string":"cri_se_battle_arrow"},{"time":0.3,"name":"Sound1","string":"cri_se_battle_arrow"},{"time":0.3,"name":"Sound2","string":"cri_se_battle_sword_sheathe"},{"time":0.3333,"name":"Event2","float":-1,"string":"addOrbitSystem_EF_SAKURA"},{"time":2.0333,"name":"Sound1","string":"cri_se_battle_charge"},{"time":2.0333,"name":"Voice","string":"cri_239_voice_fullarts_rank5"},{"time":2.5666,"name":"Sound1","string":"cri_se_battle_sword_srash_02"},{"time":2.5666,"name":"Sound2","string":"cri_se_battle_arrow_light_effect"},{"time":2.5666,"name":"Sound3","string":"setHitSound(se_battle_sword_heavy_hit)"},{"time":2.6666,"name":"Event","string":"runScript-lastAttack"},{"time":2.7333,"name":"Event2","float":4,"string":"shakeGround"},{"time":2.8666,"name":"Event","string":"runScript-finish"}]}}}