{"skeleton":{"hash":"/dv3FKoweGrkEtLlrC4GzzJsIMY","spine":"3.0.12","width":397,"height":564,"images":"./images/"},"bones":[{"name":"root"},{"name":"MAIN","parent":"root"},{"name":"Boundingbox","parent":"root"}],"slots":[{"name":"01","bone":"MAIN","attachment":"01"},{"name":"face_1","bone":"MAIN","attachment":"face_1"},{"name":"Boundingbox","bone":"Boundingbox","attachment":"Boundingbox"}],"skins":{"default":{"01":{"01":{"x":80.5,"y":210,"width":397,"height":420}},"Boundingbox":{"Boundingbox":{"type":"boundingbox","vertices":[-84.1571,-89.1189,134.13783,-89.61391,133.14781,123.23605,-83.66214,122.74104]}},"face_1":{"face_1":{"x":45.5,"y":492,"width":249,"height":144},"face_2":{"x":45.5,"y":492,"width":249,"height":144},"face_4":{"x":45.5,"y":492,"width":249,"height":144}}}},"animations":{"1":{"slots":{"01":{"attachment":[{"time":0,"name":"01"}]},"Boundingbox":{"attachment":[{"time":0,"name":null}]},"face_1":{"attachment":[{"time":0,"name":"face_1"}]}}},"2":{"slots":{"01":{"attachment":[{"time":0,"name":"01"}]},"Boundingbox":{"attachment":[{"time":0,"name":null}]},"face_1":{"attachment":[{"time":0,"name":"face_2"}]}}},"3":{"slots":{"01":{"attachment":[{"time":0,"name":"01"}]},"Boundingbox":{"attachment":[{"time":0,"name":null}]},"face_1":{"attachment":[{"time":0,"name":"face_4"}]}}},"window-1":{"slots":{"01":{"attachment":[{"time":0,"name":"01"}]},"Boundingbox":{"attachment":[{"time":0,"name":"Boundingbox"}]},"face_1":{"attachment":[{"time":0,"name":"face_1"}]}},"bones":{"Boundingbox":{"translate":[{"time":0,"x":5.45,"y":451.41}]}}},"window-2":{"slots":{"01":{"attachment":[{"time":0,"name":"01"}]},"Boundingbox":{"attachment":[{"time":0,"name":"Boundingbox"}]},"face_1":{"attachment":[{"time":0,"name":"face_2"}]}},"bones":{"Boundingbox":{"translate":[{"time":0,"x":5.45,"y":451.41}]}}},"window-3":{"slots":{"01":{"attachment":[{"time":0,"name":"01"}]},"Boundingbox":{"attachment":[{"time":0,"name":"Boundingbox"}]},"face_1":{"attachment":[{"time":0,"name":"face_4"}]}},"bones":{"Boundingbox":{"translate":[{"time":0,"x":5.45,"y":451.41}]}}}}}