{"skeleton":{"hash":"H4vHrdDXjJQVAAr1GWK8gEN95Po","spine":"3.0.12","width":0,"height":0,"images":"./images/"},"bones":[{"name":"root"},{"name":"ef_wave1_2","parent":"root","x":300,"color":"9b0b00ff"},{"name":"ef_wave3","parent":"root","color":"9b0600ff"},{"name":"ef_wave2","parent":"root","x":200,"color":"9b0700ff"},{"name":"ef_wave1","parent":"root","x":300,"color":"9b0b00ff"},{"name":"ef_tuti_main_00","parent":"root"},{"name":"ef_spirit_main_00","parent":"root"},{"name":"ef_slash_main 4_00","parent":"root"},{"name":"ef_slash_main 3_00","parent":"root"},{"name":"ef_slash_main 2_00","parent":"root"},{"name":"ef_slash","parent":"root","x":250,"color":"9b0400ff"},{"name":"ef_rock_main_00","parent":"root"},{"name":"ef_flash_main_00","parent":"root"},{"name":"ef_fire4","parent":"root","x":400,"color":"9b0100ff"},{"name":"ef_fire3","parent":"root","x":150,"color":"9b0005ff"},{"name":"ef_fire2","parent":"root","x":150,"color":"9b0005ff"},{"name":"ef_fire","parent":"root","x":150,"color":"9b0005ff"},{"name":"ef_ex2","parent":"root","x":350,"color":"9b0200ff"},{"name":"ef_ex","parent":"root","x":350,"color":"9b0200ff"},{"name":"ef_en_fire_main_00","parent":"root"},{"name":"ef_en_fire_main_0","parent":"root"},{"name":"ef_OF_main_00","parent":"root"}],"slots":[{"name":"EF/140_S2_fire3/140_S2_fire3_00000_1","bone":"ef_fire","blend":"additive"},{"name":"EF/140_S2_fire3/140_S2_fire3_00000_2","bone":"ef_fire2","blend":"additive"},{"name":"EF/140_S2_fire3/140_S2_fire3_00000_3","bone":"ef_fire3","blend":"additive"},{"name":"EF/140_S3_wave1/140_S3_wave1_00002","bone":"ef_wave2","blend":"additive"},{"name":"EF/290_S1_slash1/290_S1_slash1_00038","bone":"ef_slash","blend":"additive"},{"name":"EF/340_S1_shot2/340_S1_shot2_00038","bone":"ef_wave1","blend":"additive"},{"name":"EF/340_S1_shot2/340_S1_shot2_38","bone":"ef_wave1_2","blend":"additive"},{"name":"EF/360_S1_ex1/360_S1_ex1_00000","bone":"ef_ex","blend":"additive"},{"name":"EF/360_S1_ex1/360_S1_ex1_0","bone":"ef_ex2","blend":"additive"},{"name":"EF/140_S2_fire1/140_S2_fire1_00001","bone":"ef_fire4","blend":"additive"},{"name":"ef_slash_main 4_00","bone":"ef_slash_main 4_00","blend":"additive"},{"name":"ef_OF_main_00","bone":"ef_OF_main_00","blend":"additive"},{"name":"ef_en_fire_main_00","bone":"ef_en_fire_main_00","blend":"additive"},{"name":"ef_en_fire_main_0","bone":"ef_en_fire_main_0","blend":"additive"},{"name":"ef_flash_main_00","bone":"ef_flash_main_00","blend":"additive"},{"name":"ef_slash_main 2_00","bone":"ef_slash_main 2_00","blend":"additive"},{"name":"ef_slash_main 3_00","bone":"ef_slash_main 3_00","blend":"additive"},{"name":"ef_spirit_main_00","bone":"ef_spirit_main_00","blend":"additive"},{"name":"ef_tuti_main_00","bone":"ef_tuti_main_00","blend":"additive"},{"name":"ef_rock_main_00","bone":"ef_rock_main_00"},{"name":"EF/590_S2_wave2/590_S2_wave2_00003","bone":"ef_wave3","blend":"additive"}],"skins":{"default":{"EF/140_S2_fire1/140_S2_fire1_00001":{"EF/140_S2_fire1/140_S2_fire1_00001":{"width":250,"height":250},"EF/140_S2_fire1/140_S2_fire1_00002":{"width":250,"height":250},"EF/140_S2_fire1/140_S2_fire1_00003":{"width":250,"height":250},"EF/140_S2_fire1/140_S2_fire1_00004":{"width":250,"height":250},"EF/140_S2_fire1/140_S2_fire1_00006":{"width":250,"height":250},"EF/140_S2_fire1/140_S2_fire1_00007":{"width":250,"height":250},"EF/140_S2_fire1/140_S2_fire1_00008":{"width":250,"height":250}},"EF/140_S2_fire3/140_S2_fire3_00000_1":{"EF/140_S2_fire3/140_S2_fire3_00000_1":{"x":44.4,"y":102.42,"width":250,"height":250},"EF/140_S2_fire3/140_S2_fire3_00001_1":{"x":44.39,"y":102.42,"width":250,"height":250},"EF/140_S2_fire3/140_S2_fire3_00002_1":{"x":44.39,"y":102.42,"width":250,"height":250},"EF/140_S2_fire3/140_S2_fire3_00003_1":{"x":44.39,"y":102.42,"width":250,"height":250},"EF/140_S2_fire3/140_S2_fire3_00004_1":{"x":44.39,"y":102.42,"width":250,"height":250},"EF/140_S2_fire3/140_S2_fire3_00005_1":{"x":44.39,"y":102.42,"width":250,"height":250},"EF/140_S2_fire3/140_S2_fire3_00006_1":{"x":44.39,"y":102.42,"width":250,"height":250},"EF/140_S2_fire3/140_S2_fire3_00007_1":{"x":44.39,"y":102.42,"width":250,"height":250}},"EF/140_S2_fire3/140_S2_fire3_00000_2":{"EF/140_S2_fire3/140_S2_fire3_00000_1":{"x":44.4,"y":102.42,"width":250,"height":250},"EF/140_S2_fire3/140_S2_fire3_00001_1":{"x":44.39,"y":102.42,"width":250,"height":250},"EF/140_S2_fire3/140_S2_fire3_00002_1":{"x":44.39,"y":102.42,"width":250,"height":250},"EF/140_S2_fire3/140_S2_fire3_00003_1":{"x":44.39,"y":102.42,"width":250,"height":250},"EF/140_S2_fire3/140_S2_fire3_00004_1":{"x":44.39,"y":102.42,"width":250,"height":250},"EF/140_S2_fire3/140_S2_fire3_00005_1":{"x":44.39,"y":102.42,"width":250,"height":250},"EF/140_S2_fire3/140_S2_fire3_00006_1":{"x":44.39,"y":102.42,"width":250,"height":250},"EF/140_S2_fire3/140_S2_fire3_00007_1":{"x":44.39,"y":102.42,"width":250,"height":250}},"EF/140_S2_fire3/140_S2_fire3_00000_3":{"EF/140_S2_fire3/140_S2_fire3_00000_1":{"x":44.4,"y":102.42,"width":250,"height":250},"EF/140_S2_fire3/140_S2_fire3_00001_1":{"x":44.39,"y":102.42,"width":250,"height":250},"EF/140_S2_fire3/140_S2_fire3_00002_1":{"x":44.39,"y":102.42,"width":250,"height":250},"EF/140_S2_fire3/140_S2_fire3_00003_1":{"x":44.39,"y":102.42,"width":250,"height":250},"EF/140_S2_fire3/140_S2_fire3_00004_1":{"x":44.39,"y":102.42,"width":250,"height":250},"EF/140_S2_fire3/140_S2_fire3_00005_1":{"x":44.39,"y":102.42,"width":250,"height":250},"EF/140_S2_fire3/140_S2_fire3_00006_1":{"x":44.39,"y":102.42,"width":250,"height":250},"EF/140_S2_fire3/140_S2_fire3_00007_1":{"x":44.39,"y":102.42,"width":250,"height":250}},"EF/140_S3_wave1/140_S3_wave1_00002":{"EF/140_S3_wave1/140_S3_wave1_00002":{"width":250,"height":250},"EF/140_S3_wave1/140_S3_wave1_00003":{"width":250,"height":250},"EF/140_S3_wave1/140_S3_wave1_00004":{"width":250,"height":250},"EF/140_S3_wave1/140_S3_wave1_00005":{"width":250,"height":250},"EF/140_S3_wave1/140_S3_wave1_00006":{"width":250,"height":250}},"EF/290_S1_slash1/290_S1_slash1_00038":{"EF/290_S1_slash1/290_S1_slash1_00039":{"x":0.88,"y":63.14,"width":200,"height":200},"EF/290_S1_slash1/290_S1_slash1_00040":{"x":0.88,"y":63.14,"width":200,"height":200},"EF/290_S1_slash1/290_S1_slash1_00041":{"x":0.88,"y":63.14,"width":200,"height":200},"EF/290_S1_slash1/290_S1_slash1_00042":{"x":0.88,"y":63.14,"width":200,"height":200},"EF/290_S1_slash1/290_S1_slash1_00043":{"x":0.88,"y":63.14,"width":200,"height":200},"EF/290_S1_slash1/290_S1_slash1_00044":{"x":0.88,"y":63.14,"width":200,"height":200}},"EF/340_S1_shot2/340_S1_shot2_00038":{"EF/340_S1_shot2/340_S1_shot2_00038":{"width":100,"height":100},"EF/340_S1_shot2/340_S1_shot2_00040":{"width":100,"height":100},"EF/340_S1_shot2/340_S1_shot2_00043":{"width":100,"height":100},"EF/340_S1_shot2/340_S1_shot2_00044":{"width":100,"height":100}},"EF/340_S1_shot2/340_S1_shot2_38":{"EF/340_S1_shot2/340_S1_shot2_00038":{"width":100,"height":100},"EF/340_S1_shot2/340_S1_shot2_00040":{"width":100,"height":100},"EF/340_S1_shot2/340_S1_shot2_00043":{"width":100,"height":100},"EF/340_S1_shot2/340_S1_shot2_00044":{"width":100,"height":100}},"EF/360_S1_ex1/360_S1_ex1_0":{"EF/360_S1_ex1/360_S1_ex1_00000":{"y":35.88,"width":250,"height":250},"EF/360_S1_ex1/360_S1_ex1_00001":{"y":35.88,"width":250,"height":250},"EF/360_S1_ex1/360_S1_ex1_00002":{"y":35.88,"width":250,"height":250},"EF/360_S1_ex1/360_S1_ex1_00003":{"y":35.88,"width":250,"height":250},"EF/360_S1_ex1/360_S1_ex1_00004":{"y":35.88,"width":250,"height":250},"EF/360_S1_ex1/360_S1_ex1_00005":{"y":35.88,"width":250,"height":250},"EF/360_S1_ex1/360_S1_ex1_00006":{"y":35.88,"width":250,"height":250},"EF/360_S1_ex1/360_S1_ex1_00007":{"y":35.88,"width":250,"height":250},"EF/360_S1_ex1/360_S1_ex1_00008":{"y":35.88,"width":250,"height":250}},"EF/360_S1_ex1/360_S1_ex1_00000":{"EF/360_S1_ex1/360_S1_ex1_00000":{"y":35.88,"width":250,"height":250},"EF/360_S1_ex1/360_S1_ex1_00001":{"y":35.88,"width":250,"height":250},"EF/360_S1_ex1/360_S1_ex1_00002":{"y":35.88,"width":250,"height":250},"EF/360_S1_ex1/360_S1_ex1_00003":{"y":35.88,"width":250,"height":250},"EF/360_S1_ex1/360_S1_ex1_00004":{"y":35.88,"width":250,"height":250},"EF/360_S1_ex1/360_S1_ex1_00005":{"y":35.88,"width":250,"height":250},"EF/360_S1_ex1/360_S1_ex1_00006":{"y":35.88,"width":250,"height":250},"EF/360_S1_ex1/360_S1_ex1_00007":{"y":35.88,"width":250,"height":250},"EF/360_S1_ex1/360_S1_ex1_00008":{"y":35.88,"width":250,"height":250}},"EF/590_S2_wave2/590_S2_wave2_00003":{"EF/590_S2_wave2/590_S2_wave2_00003":{"width":250,"height":250},"EF/590_S2_wave2/590_S2_wave2_00004":{"width":250,"height":250},"EF/590_S2_wave2/590_S2_wave2_00005":{"width":250,"height":250},"EF/590_S2_wave2/590_S2_wave2_00006":{"width":250,"height":250},"EF/590_S2_wave2/590_S2_wave2_00007":{"width":250,"height":250},"EF/590_S2_wave2/590_S2_wave2_00008":{"width":250,"height":250},"EF/590_S2_wave2/590_S2_wave2_00009":{"width":250,"height":250},"EF/590_S2_wave2/590_S2_wave2_00010":{"width":250,"height":250},"EF/590_S2_wave2/590_S2_wave2_00011":{"width":250,"height":250},"EF/590_S2_wave2/590_S2_wave2_00012":{"width":250,"height":250},"EF/590_S2_wave2/590_S2_wave2_00013":{"width":250,"height":250}},"ef_OF_main_00":{"EF/ef_OF_main/ef_OF_main_00001":{"y":4.81,"width":160,"height":160},"EF/ef_OF_main/ef_OF_main_00002":{"y":4.81,"width":160,"height":160},"EF/ef_OF_main/ef_OF_main_00003":{"y":4.81,"width":160,"height":160}},"ef_en_fire_main_0":{"EF/ef_en_fire_main/ef_en_fire_main_00001":{"y":11.02,"width":160,"height":160},"EF/ef_en_fire_main/ef_en_fire_main_00002":{"y":11.02,"width":160,"height":160},"EF/ef_en_fire_main/ef_en_fire_main_00003":{"y":11.02,"width":160,"height":160},"EF/ef_en_fire_main/ef_en_fire_main_00004":{"y":11.02,"width":160,"height":160},"EF/ef_en_fire_main/ef_en_fire_main_00005":{"y":11.02,"width":160,"height":160},"EF/ef_en_fire_main/ef_en_fire_main_00006":{"y":11.02,"width":160,"height":160},"EF/ef_en_fire_main/ef_en_fire_main_00007":{"y":11.02,"width":160,"height":160},"EF/ef_en_fire_main/ef_en_fire_main_00008":{"y":11.02,"width":160,"height":160},"EF/ef_en_fire_main/ef_en_fire_main_00009":{"y":11.02,"width":160,"height":160},"EF/ef_en_fire_main/ef_en_fire_main_00010":{"y":11.02,"width":160,"height":160}},"ef_en_fire_main_00":{"EF/ef_en_fire_main/ef_en_fire_main_00001":{"y":11.02,"width":160,"height":160},"EF/ef_en_fire_main/ef_en_fire_main_00002":{"y":11.02,"width":160,"height":160},"EF/ef_en_fire_main/ef_en_fire_main_00003":{"y":11.02,"width":160,"height":160},"EF/ef_en_fire_main/ef_en_fire_main_00004":{"y":11.02,"width":160,"height":160},"EF/ef_en_fire_main/ef_en_fire_main_00005":{"y":11.02,"width":160,"height":160},"EF/ef_en_fire_main/ef_en_fire_main_00006":{"y":11.02,"width":160,"height":160},"EF/ef_en_fire_main/ef_en_fire_main_00007":{"y":11.02,"width":160,"height":160},"EF/ef_en_fire_main/ef_en_fire_main_00008":{"y":11.02,"width":160,"height":160},"EF/ef_en_fire_main/ef_en_fire_main_00009":{"y":11.02,"width":160,"height":160},"EF/ef_en_fire_main/ef_en_fire_main_00010":{"y":11.02,"width":160,"height":160}},"ef_flash_main_00":{"EF/ef_flash_main/ef_flash_main_00010":{"width":212,"height":212}},"ef_rock_main_00":{"EF/ef_rock_main/ef_rock_main_00006":{"y":74.07,"width":255,"height":204},"EF/ef_rock_main/ef_rock_main_00007":{"y":74.07,"width":255,"height":204},"EF/ef_rock_main/ef_rock_main_00008":{"y":74.07,"width":255,"height":204},"EF/ef_rock_main/ef_rock_main_00012":{"y":74.07,"width":255,"height":204}},"ef_slash_main 2_00":{"EF/ef_slash_main 2/ef_slash_main 2_00002":{"width":200,"height":200},"EF/ef_slash_main 2/ef_slash_main 2_00003":{"width":200,"height":200},"EF/ef_slash_main 2/ef_slash_main 2_00004":{"width":200,"height":200},"EF/ef_slash_main 2/ef_slash_main 2_00005":{"width":200,"height":200},"EF/ef_slash_main 2/ef_slash_main 2_00006":{"width":200,"height":200},"EF/ef_slash_main 2/ef_slash_main 2_00007":{"width":200,"height":200},"EF/ef_slash_main 2/ef_slash_main 2_00008":{"width":200,"height":200},"EF/ef_slash_main 2/ef_slash_main 2_00009":{"width":200,"height":200},"EF/ef_slash_main 2/ef_slash_main 2_00010":{"width":200,"height":200}},"ef_slash_main 3_00":{"EF/ef_slash_main 3/ef_slash_main 3_00003":{"width":160,"height":160}},"ef_slash_main 4_00":{"EF/ef_slash_main 4/ef_slash_main 4_00001":{"width":192,"height":152},"EF/ef_slash_main 4/ef_slash_main 4_00002":{"width":192,"height":152},"EF/ef_slash_main 4/ef_slash_main 4_00003":{"width":192,"height":152},"EF/ef_slash_main 4/ef_slash_main 4_00004":{"width":192,"height":152},"EF/ef_slash_main 4/ef_slash_main 4_00005":{"width":192,"height":152},"EF/ef_slash_main 4/ef_slash_main 4_00006":{"width":192,"height":152},"EF/ef_slash_main 4/ef_slash_main 4_00007":{"width":192,"height":152},"EF/ef_slash_main 4/ef_slash_main 4_00008":{"width":192,"height":152},"EF/ef_slash_main 4/ef_slash_main 4_00009":{"width":192,"height":152}},"ef_spirit_main_00":{"EF/ef_spirit_main/ef_spirit_main_00001":{"width":192,"height":192},"EF/ef_spirit_main/ef_spirit_main_00003":{"width":192,"height":192},"EF/ef_spirit_main/ef_spirit_main_00005":{"width":192,"height":192},"EF/ef_spirit_main/ef_spirit_main_00007":{"width":192,"height":192},"EF/ef_spirit_main/ef_spirit_main_00009":{"width":192,"height":192},"EF/ef_spirit_main/ef_spirit_main_00011":{"width":192,"height":192},"EF/ef_spirit_main/ef_spirit_main_00012":{"width":192,"height":192},"EF/ef_spirit_main/ef_spirit_main_00013":{"width":192,"height":192},"EF/ef_spirit_main/ef_spirit_main_00014":{"width":192,"height":192}},"ef_tuti_main_00":{"EF/ef_tuti_main/ef_tuti_main_00001":{"y":18.83,"width":240,"height":136},"EF/ef_tuti_main/ef_tuti_main_00002":{"y":18.83,"width":240,"height":136},"EF/ef_tuti_main/ef_tuti_main_00003":{"y":18.83,"width":240,"height":136},"EF/ef_tuti_main/ef_tuti_main_00004":{"y":18.83,"width":240,"height":136},"EF/ef_tuti_main/ef_tuti_main_00005":{"y":18.83,"width":240,"height":136},"EF/ef_tuti_main/ef_tuti_main_00006":{"y":18.83,"width":240,"height":136},"EF/ef_tuti_main/ef_tuti_main_00007":{"y":18.83,"width":240,"height":136},"EF/ef_tuti_main/ef_tuti_main_00008":{"y":18.83,"width":240,"height":136},"EF/ef_tuti_main/ef_tuti_main_00011":{"y":18.83,"width":240,"height":136}}}},"animations":{"1-attack1":{},"1-skill1":{"slots":{"ef_OF_main_00":{"attachment":[{"time":0.8333,"name":"EF/ef_OF_main/ef_OF_main_00001"},{"time":0.9,"name":"EF/ef_OF_main/ef_OF_main_00002"},{"time":0.9666,"name":"EF/ef_OF_main/ef_OF_main_00003"},{"time":1.1333,"name":null}]},"ef_slash_main 4_00":{"attachment":[{"time":0.8333,"name":"EF/ef_slash_main 4/ef_slash_main 4_00001"},{"time":0.8666,"name":"EF/ef_slash_main 4/ef_slash_main 4_00002"},{"time":0.9,"name":"EF/ef_slash_main 4/ef_slash_main 4_00003"},{"time":0.9333,"name":"EF/ef_slash_main 4/ef_slash_main 4_00004"},{"time":0.9666,"name":"EF/ef_slash_main 4/ef_slash_main 4_00005"},{"time":1,"name":"EF/ef_slash_main 4/ef_slash_main 4_00006"},{"time":1.0333,"name":"EF/ef_slash_main 4/ef_slash_main 4_00007"},{"time":1.0666,"name":"EF/ef_slash_main 4/ef_slash_main 4_00008"},{"time":1.1,"name":"EF/ef_slash_main 4/ef_slash_main 4_00009"},{"time":1.1333,"name":null}]}},"bones":{"ef_slash_main 4_00":{"translate":[{"time":0.8333,"x":-84.66,"y":153.73}],"scale":[{"time":0.8333,"x":2.925,"y":2.925}]},"ef_OF_main_00":{"translate":[{"time":0.8333,"x":-326.09,"y":13.6}],"scale":[{"time":0.8333,"x":3.877,"y":3.877},{"time":1.1,"x":0.125,"y":0.125}]}}},"1-skill2":{"slots":{"ef_OF_main_00":{"attachment":[{"time":0.4333,"name":"EF/ef_OF_main/ef_OF_main_00001"},{"time":0.4666,"name":"EF/ef_OF_main/ef_OF_main_00002"},{"time":0.5,"name":"EF/ef_OF_main/ef_OF_main_00003"},{"time":0.7333,"name":null}],"color":[{"time":0.4333,"color":"ffffffa4"}]},"ef_en_fire_main_00":{"attachment":[{"time":0.4,"name":"EF/ef_en_fire_main/ef_en_fire_main_00001"},{"time":0.4333,"name":"EF/ef_en_fire_main/ef_en_fire_main_00002"},{"time":0.4666,"name":"EF/ef_en_fire_main/ef_en_fire_main_00003"},{"time":0.5,"name":"EF/ef_en_fire_main/ef_en_fire_main_00004"},{"time":0.5333,"name":"EF/ef_en_fire_main/ef_en_fire_main_00005"},{"time":0.5666,"name":"EF/ef_en_fire_main/ef_en_fire_main_00006"},{"time":0.6,"name":"EF/ef_en_fire_main/ef_en_fire_main_00007"},{"time":0.6333,"name":"EF/ef_en_fire_main/ef_en_fire_main_00008"},{"time":0.6666,"name":"EF/ef_en_fire_main/ef_en_fire_main_00009"},{"time":0.7,"name":"EF/ef_en_fire_main/ef_en_fire_main_00010"},{"time":0.9333,"name":"EF/ef_en_fire_main/ef_en_fire_main_00001"},{"time":0.9666,"name":"EF/ef_en_fire_main/ef_en_fire_main_00002"},{"time":1,"name":"EF/ef_en_fire_main/ef_en_fire_main_00003"},{"time":1.0333,"name":"EF/ef_en_fire_main/ef_en_fire_main_00004"},{"time":1.0666,"name":"EF/ef_en_fire_main/ef_en_fire_main_00005"},{"time":1.1,"name":"EF/ef_en_fire_main/ef_en_fire_main_00006"},{"time":1.1333,"name":"EF/ef_en_fire_main/ef_en_fire_main_00007"},{"time":1.1666,"name":"EF/ef_en_fire_main/ef_en_fire_main_00008"},{"time":1.2,"name":"EF/ef_en_fire_main/ef_en_fire_main_00009"},{"time":1.5666,"name":"EF/ef_en_fire_main/ef_en_fire_main_00001"},{"time":1.6,"name":"EF/ef_en_fire_main/ef_en_fire_main_00002"},{"time":1.6333,"name":"EF/ef_en_fire_main/ef_en_fire_main_00003"},{"time":1.6666,"name":"EF/ef_en_fire_main/ef_en_fire_main_00004"},{"time":1.7,"name":"EF/ef_en_fire_main/ef_en_fire_main_00005"},{"time":1.7333,"name":"EF/ef_en_fire_main/ef_en_fire_main_00006"},{"time":1.7666,"name":"EF/ef_en_fire_main/ef_en_fire_main_00007"},{"time":1.8,"name":"EF/ef_en_fire_main/ef_en_fire_main_00008"},{"time":1.8333,"name":"EF/ef_en_fire_main/ef_en_fire_main_00009"},{"time":1.8666,"name":"EF/ef_en_fire_main/ef_en_fire_main_00010"},{"time":2.1,"name":"EF/ef_en_fire_main/ef_en_fire_main_00001"},{"time":2.1333,"name":"EF/ef_en_fire_main/ef_en_fire_main_00002"},{"time":2.1666,"name":"EF/ef_en_fire_main/ef_en_fire_main_00003"},{"time":2.2,"name":"EF/ef_en_fire_main/ef_en_fire_main_00004"},{"time":2.2333,"name":"EF/ef_en_fire_main/ef_en_fire_main_00005"},{"time":2.2666,"name":"EF/ef_en_fire_main/ef_en_fire_main_00006"},{"time":2.3,"name":"EF/ef_en_fire_main/ef_en_fire_main_00007"},{"time":2.3333,"name":"EF/ef_en_fire_main/ef_en_fire_main_00008"},{"time":2.3666,"name":"EF/ef_en_fire_main/ef_en_fire_main_00009"},{"time":2.4,"name":"EF/ef_en_fire_main/ef_en_fire_main_00010"},{"time":2.7,"name":"EF/ef_en_fire_main/ef_en_fire_main_00001"},{"time":2.7333,"name":"EF/ef_en_fire_main/ef_en_fire_main_00002"},{"time":2.7666,"name":"EF/ef_en_fire_main/ef_en_fire_main_00003"},{"time":2.8,"name":"EF/ef_en_fire_main/ef_en_fire_main_00004"},{"time":2.8333,"name":"EF/ef_en_fire_main/ef_en_fire_main_00005"},{"time":2.8666,"name":"EF/ef_en_fire_main/ef_en_fire_main_00006"},{"time":2.9,"name":"EF/ef_en_fire_main/ef_en_fire_main_00007"},{"time":2.9333,"name":"EF/ef_en_fire_main/ef_en_fire_main_00008"},{"time":2.9666,"name":"EF/ef_en_fire_main/ef_en_fire_main_00009"},{"time":3,"name":"EF/ef_en_fire_main/ef_en_fire_main_00010"}],"color":[{"time":0.6666,"color":"ffffffff"},{"time":0.7333,"color":"ffffff00","curve":"stepped"},{"time":0.9333,"color":"ffffff00"},{"time":1,"color":"ffffffff","curve":"stepped"},{"time":1.1,"color":"ffffffff","curve":[0.227,0.85,0.516,1]},{"time":1.2,"color":"ffffff00","curve":"stepped"},{"time":1.5666,"color":"ffffff00"},{"time":1.6333,"color":"ffffffff","curve":"stepped"},{"time":1.8333,"color":"ffffffff"},{"time":1.9,"color":"ffffff00","curve":"stepped"},{"time":2.1,"color":"ffffff00"},{"time":2.1666,"color":"ffffffff","curve":"stepped"},{"time":2.3666,"color":"ffffffff"},{"time":2.4333,"color":"ffffff00","curve":"stepped"},{"time":2.7,"color":"ffffff00"},{"time":2.7666,"color":"ffffffff","curve":"stepped"},{"time":2.9,"color":"ffffffff"},{"time":3.0666,"color":"ffffff00"}]},"ef_en_fire_main_0":{"attachment":[{"time":0.6666,"name":"EF/ef_en_fire_main/ef_en_fire_main_00001"},{"time":0.7,"name":"EF/ef_en_fire_main/ef_en_fire_main_00002"},{"time":0.7333,"name":"EF/ef_en_fire_main/ef_en_fire_main_00003"},{"time":0.7666,"name":"EF/ef_en_fire_main/ef_en_fire_main_00004"},{"time":0.8,"name":"EF/ef_en_fire_main/ef_en_fire_main_00005"},{"time":0.8333,"name":"EF/ef_en_fire_main/ef_en_fire_main_00006"},{"time":0.8666,"name":"EF/ef_en_fire_main/ef_en_fire_main_00007"},{"time":0.9,"name":"EF/ef_en_fire_main/ef_en_fire_main_00008"},{"time":0.9333,"name":"EF/ef_en_fire_main/ef_en_fire_main_00009"},{"time":0.9666,"name":"EF/ef_en_fire_main/ef_en_fire_main_00010"},{"time":1.8333,"name":"EF/ef_en_fire_main/ef_en_fire_main_00001"},{"time":1.8666,"name":"EF/ef_en_fire_main/ef_en_fire_main_00002"},{"time":1.9,"name":"EF/ef_en_fire_main/ef_en_fire_main_00003"},{"time":1.9333,"name":"EF/ef_en_fire_main/ef_en_fire_main_00004"},{"time":1.9666,"name":"EF/ef_en_fire_main/ef_en_fire_main_00005"},{"time":2,"name":"EF/ef_en_fire_main/ef_en_fire_main_00006"},{"time":2.0333,"name":"EF/ef_en_fire_main/ef_en_fire_main_00007"},{"time":2.0666,"name":"EF/ef_en_fire_main/ef_en_fire_main_00008"},{"time":2.1,"name":"EF/ef_en_fire_main/ef_en_fire_main_00009"},{"time":2.1333,"name":"EF/ef_en_fire_main/ef_en_fire_main_00010"},{"time":2.3666,"name":"EF/ef_en_fire_main/ef_en_fire_main_00001"},{"time":2.4,"name":"EF/ef_en_fire_main/ef_en_fire_main_00002"},{"time":2.4333,"name":"EF/ef_en_fire_main/ef_en_fire_main_00001"},{"time":2.4666,"name":"EF/ef_en_fire_main/ef_en_fire_main_00002"},{"time":2.5,"name":"EF/ef_en_fire_main/ef_en_fire_main_00003"},{"time":2.5333,"name":"EF/ef_en_fire_main/ef_en_fire_main_00004"},{"time":2.5666,"name":"EF/ef_en_fire_main/ef_en_fire_main_00005"},{"time":2.6,"name":"EF/ef_en_fire_main/ef_en_fire_main_00006"},{"time":2.6333,"name":"EF/ef_en_fire_main/ef_en_fire_main_00007"},{"time":2.6666,"name":"EF/ef_en_fire_main/ef_en_fire_main_00008"},{"time":2.7,"name":"EF/ef_en_fire_main/ef_en_fire_main_00009"},{"time":2.7333,"name":"EF/ef_en_fire_main/ef_en_fire_main_00010"}],"color":[{"time":0.6666,"color":"ffffff00"},{"time":0.7333,"color":"ffffffff","curve":"stepped"},{"time":0.9333,"color":"ffffffff"},{"time":1,"color":"ffffff00","curve":"stepped"},{"time":1.8333,"color":"ffffff00"},{"time":1.9,"color":"ffffffff","curve":"stepped"},{"time":2.1,"color":"ffffffff"},{"time":2.1666,"color":"ffffff00","curve":"stepped"},{"time":2.3666,"color":"ffffff00"},{"time":2.4333,"color":"ffffffff","curve":"stepped"},{"time":2.7,"color":"ffffffff"},{"time":2.7666,"color":"ffffff00"}]},"ef_flash_main_00":{"attachment":[{"time":0.4333,"name":"EF/ef_flash_main/ef_flash_main_00010"}],"color":[{"time":0.4333,"color":"ffffffff","curve":[0.276,0.04,0.849,0.69]},{"time":0.6666,"color":"ffffff00"}]},"ef_rock_main_00":{"attachment":[{"time":2.4333,"name":"EF/ef_rock_main/ef_rock_main_00006"},{"time":2.5,"name":"EF/ef_rock_main/ef_rock_main_00007"},{"time":2.5333,"name":"EF/ef_rock_main/ef_rock_main_00008"},{"time":2.6333,"name":"EF/ef_rock_main/ef_rock_main_00012"}],"color":[{"time":2.6333,"color":"ffffffff"},{"time":2.8,"color":"ffffff00"}]},"ef_slash_main 2_00":{"attachment":[{"time":1.6666,"name":"EF/ef_slash_main 2/ef_slash_main 2_00002"},{"time":1.7,"name":"EF/ef_slash_main 2/ef_slash_main 2_00004"},{"time":1.7333,"name":"EF/ef_slash_main 2/ef_slash_main 2_00007"},{"time":1.7666,"name":"EF/ef_slash_main 2/ef_slash_main 2_00008"},{"time":1.8,"name":"EF/ef_slash_main 2/ef_slash_main 2_00009"},{"time":1.8333,"name":null},{"time":2.3666,"name":"EF/ef_slash_main 2/ef_slash_main 2_00004"},{"time":2.4,"name":"EF/ef_slash_main 2/ef_slash_main 2_00005"},{"time":2.4333,"name":"EF/ef_slash_main 2/ef_slash_main 2_00008"},{"time":2.4666,"name":null}]},"ef_slash_main 3_00":{"attachment":[{"time":2.3666,"name":null},{"time":2.4,"name":null}]},"ef_spirit_main_00":{"attachment":[{"time":0,"name":"EF/ef_spirit_main/ef_spirit_main_00001"},{"time":0.0666,"name":"EF/ef_spirit_main/ef_spirit_main_00003"},{"time":0.1333,"name":"EF/ef_spirit_main/ef_spirit_main_00005"},{"time":0.2,"name":"EF/ef_spirit_main/ef_spirit_main_00007"},{"time":0.2666,"name":"EF/ef_spirit_main/ef_spirit_main_00009"},{"time":0.3333,"name":"EF/ef_spirit_main/ef_spirit_main_00011"},{"time":0.3666,"name":"EF/ef_spirit_main/ef_spirit_main_00012"},{"time":0.4,"name":"EF/ef_spirit_main/ef_spirit_main_00013"},{"time":0.4333,"name":"EF/ef_spirit_main/ef_spirit_main_00014"},{"time":0.5333,"name":null}],"color":[{"time":0,"color":"ffffff00"},{"time":0.1333,"color":"ffffffff","curve":"stepped"},{"time":0.4333,"color":"ffffffff"},{"time":0.5333,"color":"ffffff00"}]},"ef_tuti_main_00":{"attachment":[{"time":2.4333,"name":"EF/ef_tuti_main/ef_tuti_main_00001"},{"time":2.4666,"name":"EF/ef_tuti_main/ef_tuti_main_00002"},{"time":2.5,"name":"EF/ef_tuti_main/ef_tuti_main_00003"},{"time":2.5333,"name":"EF/ef_tuti_main/ef_tuti_main_00004"},{"time":2.5666,"name":"EF/ef_tuti_main/ef_tuti_main_00005"},{"time":2.6,"name":"EF/ef_tuti_main/ef_tuti_main_00006"},{"time":2.6333,"name":"EF/ef_tuti_main/ef_tuti_main_00007"},{"time":2.7,"name":"EF/ef_tuti_main/ef_tuti_main_00008"},{"time":2.7666,"name":"EF/ef_tuti_main/ef_tuti_main_00011"},{"time":2.9333,"name":null}],"color":[{"time":2.7,"color":"ffffffff"},{"time":2.9,"color":"ffffff00"}]}},"bones":{"ef_spirit_main_00":{"translate":[{"time":0,"x":-63.11,"y":70.92}],"scale":[{"time":0,"x":3.293,"y":3.293,"curve":"stepped"},{"time":0.0333,"x":3.226,"y":3.226,"curve":"stepped"},{"time":0.0666,"x":3.293,"y":3.293,"curve":"stepped"},{"time":0.1,"x":3.226,"y":3.226,"curve":"stepped"},{"time":0.1333,"x":3.293,"y":3.293,"curve":"stepped"},{"time":0.1666,"x":3.226,"y":3.226,"curve":"stepped"},{"time":0.2,"x":3.293,"y":3.293,"curve":"stepped"},{"time":0.2333,"x":3.226,"y":3.226,"curve":"stepped"},{"time":0.2666,"x":3.293,"y":3.293,"curve":"stepped"},{"time":0.3,"x":3.226,"y":3.226,"curve":"stepped"},{"time":0.3333,"x":3.293,"y":3.293},{"time":0.5333,"x":1.972,"y":1.972}]},"ef_flash_main_00":{"translate":[{"time":0.4333,"x":-60.77,"y":52.66}],"scale":[{"time":0.4333,"x":3.414,"y":3.414},{"time":0.6666,"x":1.803,"y":1.803}]},"ef_rock_main_00":{"translate":[{"time":2.4333,"x":-100,"y":-12.81,"curve":[0.191,0.38,0.75,1]},{"time":2.7333,"x":-100,"y":219.8}],"scale":[{"time":2.4333,"x":1.82,"y":1.82},{"time":2.4666,"x":2.023,"y":2.023,"curve":"stepped"},{"time":2.5333,"x":2.023,"y":2.023},{"time":2.6,"x":2.306,"y":2.306,"curve":"stepped"},{"time":2.6333,"x":2.023,"y":2.023},{"time":2.8,"x":2.333,"y":2.333}]},"ef_en_fire_main_00":{"rotate":[{"time":1.8333,"angle":0},{"time":2.3333,"angle":-5.46,"curve":"stepped"},{"time":2.3666,"angle":0}],"translate":[{"time":0.4,"x":-52.9,"y":51.34,"curve":"stepped"},{"time":1.0333,"x":-101.91,"y":12.44,"curve":[0.177,0,0.318,0.98]},{"time":1.2,"x":-316.64,"y":12.44,"curve":"stepped"},{"time":1.5666,"x":-28.16,"y":12.45,"curve":[0.227,0.85,0.516,1]},{"time":1.6333,"x":-97.04,"y":12.45,"curve":"stepped"},{"time":1.6666,"x":-60.21,"y":85.42,"curve":[0.127,0.77,0.548,1]},{"time":1.7,"x":-47.17,"y":193.57,"curve":"stepped"},{"time":1.7333,"x":90.11,"y":304.78,"curve":[0.127,0.77,0.548,1]},{"time":1.8333,"x":92.41,"y":311.68},{"time":2.3333,"x":98.55,"y":313.98,"curve":"stepped"},{"time":2.3666,"x":-94.72,"y":209.67,"curve":[0.131,0.63,0.593,0.89]},{"time":2.4333,"x":-94.72,"y":20.45,"curve":"stepped"},{"time":2.7,"x":-126.97,"y":-2.6}],"scale":[{"time":0.4,"x":1.903,"y":1.903,"curve":"stepped"},{"time":1.5666,"x":1.903,"y":1.903,"curve":"stepped"},{"time":2.7,"x":7.253,"y":2.581}]},"ef_en_fire_main_0":{"rotate":[{"time":1.8333,"angle":0},{"time":2.3333,"angle":-5.46,"curve":"stepped"},{"time":2.3666,"angle":0}],"translate":[{"time":0.6666,"x":-52.9,"y":51.34,"curve":"stepped"},{"time":1.8333,"x":92.41,"y":311.68},{"time":2.3333,"x":98.55,"y":313.98,"curve":"stepped"},{"time":2.3666,"x":-94.72,"y":209.67,"curve":[0.194,0.49,0.593,0.89]},{"time":2.4333,"x":-126.97,"y":-2.6}],"scale":[{"time":0.6666,"x":1.903,"y":1.903,"curve":"stepped"},{"time":1.8333,"x":1.903,"y":1.903,"curve":"stepped"},{"time":2.4333,"x":4.322,"y":1.538},{"time":2.5333,"x":7.253,"y":2.581}]},"ef_slash_main 3_00":{"translate":[{"time":2.3666,"x":-43.71,"y":278.42,"curve":[0.173,0.74,0.75,1]},{"time":2.4333,"x":-43.71,"y":163.37}],"scale":[{"time":2.3666,"x":1.903,"y":1.903}]},"ef_slash_main 2_00":{"rotate":[{"time":1.6666,"angle":-7.65,"curve":"stepped"},{"time":2.3666,"angle":112.36}],"translate":[{"time":1.6666,"x":-20.14,"y":160.13,"curve":"stepped"},{"time":2.3666,"x":-23.01,"y":345.91,"curve":[0,0.55,0.47,0.84]},{"time":2.4333,"x":-53,"y":187.82}],"scale":[{"time":1.6666,"x":2.514,"y":2.514,"curve":"stepped"},{"time":2.3666,"x":-1.732,"y":1.887}]},"ef_tuti_main_00":{"translate":[{"time":2.4333,"x":-98.17,"y":-16.92},{"time":2.7,"x":-98.17,"y":-36.68}],"scale":[{"time":2.4333,"x":2.676,"y":2.676},{"time":2.6,"x":3.692,"y":3.692},{"time":2.9333,"x":4.684,"y":4.684}]},"ef_OF_main_00":{"rotate":[{"time":0.4333,"angle":21.43}],"translate":[{"time":0.4333,"x":-64.45,"y":50.02}],"scale":[{"time":0.4333,"x":3.877,"y":3.877},{"time":0.7,"x":0.125,"y":0.125}]}},"drawOrder":[{"time":2.4333,"offsets":[{"slot":"ef_rock_main_00","offset":-19}]}]},"2-attack1":{},"2-skill1":{"slots":{"EF/140_S2_fire1/140_S2_fire1_00001":{"attachment":[{"time":0.8333,"name":"EF/140_S2_fire1/140_S2_fire1_00001"},{"time":0.8666,"name":"EF/140_S2_fire1/140_S2_fire1_00002"},{"time":0.9,"name":"EF/140_S2_fire1/140_S2_fire1_00003"},{"time":0.9333,"name":"EF/140_S2_fire1/140_S2_fire1_00004"},{"time":0.9666,"name":"EF/140_S2_fire1/140_S2_fire1_00006"},{"time":1,"name":"EF/140_S2_fire1/140_S2_fire1_00007"},{"time":1.0333,"name":"EF/140_S2_fire1/140_S2_fire1_00008"},{"time":1.0666,"name":null}],"color":[{"time":0,"color":"ffffff00"},{"time":1.0333,"color":"ffffffff","curve":[0.25,0,0.804,0.49]},{"time":1.0666,"color":"ffffff00"}]},"EF/140_S2_fire3/140_S2_fire3_00000_1":{"attachment":[{"time":0.9666,"name":"EF/140_S2_fire3/140_S2_fire3_00000_1"},{"time":1,"name":"EF/140_S2_fire3/140_S2_fire3_00001_1"},{"time":1.0333,"name":"EF/140_S2_fire3/140_S2_fire3_00002_1"},{"time":1.0666,"name":"EF/140_S2_fire3/140_S2_fire3_00003_1"},{"time":1.1,"name":"EF/140_S2_fire3/140_S2_fire3_00004_1"},{"time":1.1333,"name":"EF/140_S2_fire3/140_S2_fire3_00005_1"},{"time":1.1666,"name":"EF/140_S2_fire3/140_S2_fire3_00006_1"},{"time":1.2,"name":"EF/140_S2_fire3/140_S2_fire3_00007_1"},{"time":1.2333,"name":null}]},"EF/140_S2_fire3/140_S2_fire3_00000_2":{"attachment":[{"time":0.9333,"name":"EF/140_S2_fire3/140_S2_fire3_00000_1"},{"time":0.9666,"name":"EF/140_S2_fire3/140_S2_fire3_00001_1"},{"time":1,"name":"EF/140_S2_fire3/140_S2_fire3_00002_1"},{"time":1.0333,"name":"EF/140_S2_fire3/140_S2_fire3_00003_1"},{"time":1.0666,"name":"EF/140_S2_fire3/140_S2_fire3_00004_1"},{"time":1.1,"name":"EF/140_S2_fire3/140_S2_fire3_00005_1"},{"time":1.1333,"name":"EF/140_S2_fire3/140_S2_fire3_00006_1"},{"time":1.1666,"name":"EF/140_S2_fire3/140_S2_fire3_00007_1"},{"time":1.2,"name":null}],"color":[{"time":0,"color":"ffffff00"},{"time":1.1333,"color":"ffffffff"},{"time":1.2,"color":"ffffff00"}]},"EF/140_S2_fire3/140_S2_fire3_00000_3":{"attachment":[{"time":1,"name":"EF/140_S2_fire3/140_S2_fire3_00000_1"},{"time":1.0333,"name":"EF/140_S2_fire3/140_S2_fire3_00001_1"},{"time":1.0666,"name":"EF/140_S2_fire3/140_S2_fire3_00002_1"},{"time":1.1,"name":"EF/140_S2_fire3/140_S2_fire3_00003_1"},{"time":1.1333,"name":"EF/140_S2_fire3/140_S2_fire3_00004_1"},{"time":1.1666,"name":"EF/140_S2_fire3/140_S2_fire3_00005_1"},{"time":1.2,"name":"EF/140_S2_fire3/140_S2_fire3_00006_1"},{"time":1.2333,"name":"EF/140_S2_fire3/140_S2_fire3_00007_1"},{"time":1.2666,"name":null}]},"EF/140_S3_wave1/140_S3_wave1_00002":{"attachment":[{"time":0.8333,"name":"EF/140_S3_wave1/140_S3_wave1_00002"},{"time":0.8666,"name":"EF/140_S3_wave1/140_S3_wave1_00003"},{"time":0.9,"name":"EF/140_S3_wave1/140_S3_wave1_00004"},{"time":0.9333,"name":"EF/140_S3_wave1/140_S3_wave1_00005"},{"time":0.9666,"name":"EF/140_S3_wave1/140_S3_wave1_00006"},{"time":1,"name":"EF/140_S3_wave1/140_S3_wave1_00006"},{"time":1.0333,"name":null}],"color":[{"time":0,"color":"ffffff00"},{"time":0.9333,"color":"ffffffff","curve":[0.215,0.48,0.75,1]},{"time":1.0333,"color":"ffffff00"}]},"EF/340_S1_shot2/340_S1_shot2_00038":{"attachment":[{"time":0.6666,"name":"EF/340_S1_shot2/340_S1_shot2_00038"},{"time":0.7333,"name":"EF/340_S1_shot2/340_S1_shot2_00040"},{"time":0.8,"name":"EF/340_S1_shot2/340_S1_shot2_00043"},{"time":0.8666,"name":"EF/340_S1_shot2/340_S1_shot2_00044"},{"time":0.9333,"name":null}],"color":[{"time":0,"color":"ffffff00"},{"time":0.8,"color":"ffffffff"},{"time":0.9333,"color":"ffffff00"}]},"EF/340_S1_shot2/340_S1_shot2_38":{"attachment":[{"time":0.7333,"name":"EF/340_S1_shot2/340_S1_shot2_00038"},{"time":0.8,"name":"EF/340_S1_shot2/340_S1_shot2_00040"},{"time":0.8666,"name":"EF/340_S1_shot2/340_S1_shot2_00043"},{"time":0.9333,"name":"EF/340_S1_shot2/340_S1_shot2_00044"},{"time":1,"name":null}],"color":[{"time":0,"color":"ffffff00"},{"time":0.8666,"color":"ffffffff"},{"time":1,"color":"ffffff00"}]},"ef_OF_main_00":{"attachment":[{"time":0.8333,"name":"EF/ef_OF_main/ef_OF_main_00001"},{"time":0.9,"name":"EF/ef_OF_main/ef_OF_main_00002"},{"time":0.9666,"name":"EF/ef_OF_main/ef_OF_main_00003"},{"time":1.1333,"name":null}]},"ef_slash_main 4_00":{"attachment":[{"time":0.8333,"name":"EF/ef_slash_main 4/ef_slash_main 4_00001"},{"time":0.8666,"name":"EF/ef_slash_main 4/ef_slash_main 4_00002"},{"time":0.9,"name":"EF/ef_slash_main 4/ef_slash_main 4_00003"},{"time":0.9333,"name":"EF/ef_slash_main 4/ef_slash_main 4_00004"},{"time":0.9666,"name":"EF/ef_slash_main 4/ef_slash_main 4_00005"},{"time":1,"name":"EF/ef_slash_main 4/ef_slash_main 4_00006"},{"time":1.0333,"name":"EF/ef_slash_main 4/ef_slash_main 4_00007"},{"time":1.0666,"name":"EF/ef_slash_main 4/ef_slash_main 4_00008"},{"time":1.1,"name":"EF/ef_slash_main 4/ef_slash_main 4_00009"},{"time":1.1333,"name":null}]}},"bones":{"ef_slash_main 4_00":{"translate":[{"time":0,"x":-84.66,"y":153.73,"curve":"stepped"},{"time":0.8333,"x":-84.66,"y":153.73}],"scale":[{"time":0,"x":2.925,"y":2.925,"curve":"stepped"},{"time":0.8333,"x":2.925,"y":2.925}]},"ef_OF_main_00":{"translate":[{"time":0,"x":-326.09,"y":13.6,"curve":"stepped"},{"time":0.8333,"x":-326.09,"y":13.6}],"scale":[{"time":0,"x":0.125,"y":0.125},{"time":0.8333,"x":3.877,"y":3.877},{"time":1.1,"x":0.125,"y":0.125}]},"ef_wave1":{"translate":[{"time":0,"x":-237.09,"y":120.74},{"time":0.6666,"x":-352.48,"y":120.74,"curve":[0.25,0,0.82,0.38]},{"time":0.9333,"x":-237.09,"y":120.74}],"scale":[{"time":0,"x":5.749,"y":5.749},{"time":0.6666,"x":3.224,"y":3.224,"curve":[0.221,0.47,0.75,1]},{"time":0.8666,"x":5.749,"y":5.749}]},"ef_wave1_2":{"translate":[{"time":0,"x":-237.09,"y":120.74},{"time":0.7333,"x":-386.47,"y":120.74,"curve":[0.25,0,0.82,0.38]},{"time":1,"x":-237.09,"y":120.74}],"scale":[{"time":0,"x":5.749,"y":5.749},{"time":0.7333,"x":3.224,"y":3.224,"curve":[0.221,0.47,0.75,1]},{"time":0.9333,"x":5.749,"y":5.749}]},"ef_wave2":{"translate":[{"time":0,"x":-527.24,"y":12.88,"curve":"stepped"},{"time":0.8333,"x":-527.24,"y":12.88}],"scale":[{"time":0,"x":1.756,"y":1.756},{"time":0.8333,"x":1.616,"y":1.616,"curve":[0.253,0.41,0.75,1]},{"time":1.0333,"x":1.756,"y":1.756}]},"ef_fire":{"rotate":[{"time":0,"angle":-27.41,"curve":"stepped"},{"time":0.9666,"angle":-27.41}],"translate":[{"time":0,"x":-302.36,"y":78.34,"curve":"stepped"},{"time":0.9666,"x":-302.36,"y":78.34}]},"ef_fire2":{"rotate":[{"time":0,"angle":-26.25,"curve":"stepped"},{"time":0.9333,"angle":-26.25}],"translate":[{"time":0,"x":-138.18,"y":168.57,"curve":"stepped"},{"time":0.9333,"x":-138.18,"y":168.57}],"scale":[{"time":0,"x":1.478,"y":1.478,"curve":"stepped"},{"time":0.9333,"x":1.478,"y":1.478}]},"ef_fire4":{"translate":[{"time":0,"x":-488.95,"y":184.12},{"time":0.8333,"x":-488.95,"y":166.9,"curve":[0.204,0.58,0.75,1]},{"time":1.0333,"x":-488.95,"y":184.12}],"scale":[{"time":0,"x":1.429,"y":1.429,"curve":"stepped"},{"time":0.8333,"x":1.429,"y":1.429}]},"ef_fire3":{"rotate":[{"time":0,"angle":-72.16,"curve":"stepped"},{"time":1,"angle":-72.16}],"translate":[{"time":0,"x":-453.15,"y":68.36,"curve":"stepped"},{"time":1,"x":-453.15,"y":68.36}],"scale":[{"time":0,"x":-1,"y":1,"curve":"stepped"},{"time":1,"x":-1,"y":1}]}}},"2-skill2":{"slots":{"EF/140_S2_fire1/140_S2_fire1_00001":{"attachment":[{"time":1.7666,"name":"EF/140_S2_fire1/140_S2_fire1_00001"},{"time":1.8,"name":"EF/140_S2_fire1/140_S2_fire1_00002"},{"time":1.8333,"name":"EF/140_S2_fire1/140_S2_fire1_00003"},{"time":1.8666,"name":"EF/140_S2_fire1/140_S2_fire1_00004"},{"time":1.9,"name":"EF/140_S2_fire1/140_S2_fire1_00006"},{"time":1.9333,"name":"EF/140_S2_fire1/140_S2_fire1_00007"},{"time":1.9666,"name":"EF/140_S2_fire1/140_S2_fire1_00008"},{"time":2,"name":null}]},"EF/140_S2_fire3/140_S2_fire3_00000_1":{"attachment":[{"time":1.7,"name":"EF/140_S2_fire3/140_S2_fire3_00000_1"},{"time":1.7333,"name":"EF/140_S2_fire3/140_S2_fire3_00001_1"},{"time":1.7666,"name":"EF/140_S2_fire3/140_S2_fire3_00002_1"},{"time":1.8,"name":"EF/140_S2_fire3/140_S2_fire3_00003_1"},{"time":1.8333,"name":"EF/140_S2_fire3/140_S2_fire3_00004_1"},{"time":1.8666,"name":"EF/140_S2_fire3/140_S2_fire3_00005_1"},{"time":1.9,"name":"EF/140_S2_fire3/140_S2_fire3_00007_1"},{"time":1.9333,"name":null}]},"EF/290_S1_slash1/290_S1_slash1_00038":{"attachment":[{"time":2.3666,"name":"EF/290_S1_slash1/290_S1_slash1_00039"},{"time":2.4,"name":"EF/290_S1_slash1/290_S1_slash1_00040"},{"time":2.4333,"name":"EF/290_S1_slash1/290_S1_slash1_00041"},{"time":2.4666,"name":"EF/290_S1_slash1/290_S1_slash1_00042"},{"time":2.5,"name":"EF/290_S1_slash1/290_S1_slash1_00043"},{"time":2.5333,"name":"EF/290_S1_slash1/290_S1_slash1_00044"},{"time":2.5666,"name":null}]},"EF/360_S1_ex1/360_S1_ex1_00000":{"attachment":[{"time":2.3666,"name":"EF/360_S1_ex1/360_S1_ex1_00000"},{"time":2.4333,"name":"EF/360_S1_ex1/360_S1_ex1_00001"},{"time":2.4666,"name":"EF/360_S1_ex1/360_S1_ex1_00002"},{"time":2.5333,"name":"EF/360_S1_ex1/360_S1_ex1_00003"},{"time":2.5666,"name":"EF/360_S1_ex1/360_S1_ex1_00004"},{"time":2.6333,"name":"EF/360_S1_ex1/360_S1_ex1_00005"},{"time":2.6666,"name":"EF/360_S1_ex1/360_S1_ex1_00006"},{"time":2.7333,"name":"EF/360_S1_ex1/360_S1_ex1_00008"},{"time":2.7666,"name":null}],"color":[{"time":2.6666,"color":"ffffffff"},{"time":2.7666,"color":"ffffff00"}]},"EF/360_S1_ex1/360_S1_ex1_0":{"attachment":[{"time":2.3333,"name":"EF/360_S1_ex1/360_S1_ex1_00000"},{"time":2.3666,"name":"EF/360_S1_ex1/360_S1_ex1_00001"},{"time":2.4333,"name":"EF/360_S1_ex1/360_S1_ex1_00002"},{"time":2.4666,"name":"EF/360_S1_ex1/360_S1_ex1_00003"},{"time":2.5333,"name":"EF/360_S1_ex1/360_S1_ex1_00004"},{"time":2.5666,"name":"EF/360_S1_ex1/360_S1_ex1_00005"},{"time":2.6333,"name":"EF/360_S1_ex1/360_S1_ex1_00006"},{"time":2.6666,"name":"EF/360_S1_ex1/360_S1_ex1_00007"},{"time":2.7333,"name":null}],"color":[{"time":2.6333,"color":"ffffffff"},{"time":2.7333,"color":"ffffff00"}]},"EF/590_S2_wave2/590_S2_wave2_00003":{"attachment":[{"time":0.4,"name":"EF/590_S2_wave2/590_S2_wave2_00003"},{"time":0.4333,"name":"EF/590_S2_wave2/590_S2_wave2_00004"},{"time":0.4666,"name":"EF/590_S2_wave2/590_S2_wave2_00005"},{"time":0.5,"name":"EF/590_S2_wave2/590_S2_wave2_00006"},{"time":0.5333,"name":"EF/590_S2_wave2/590_S2_wave2_00007"},{"time":0.5666,"name":"EF/590_S2_wave2/590_S2_wave2_00008"},{"time":0.6,"name":"EF/590_S2_wave2/590_S2_wave2_00009"},{"time":0.6333,"name":"EF/590_S2_wave2/590_S2_wave2_00010"},{"time":0.6666,"name":"EF/590_S2_wave2/590_S2_wave2_00011"},{"time":0.7,"name":"EF/590_S2_wave2/590_S2_wave2_00012"},{"time":0.7333,"name":"EF/590_S2_wave2/590_S2_wave2_00013"},{"time":0.7666,"name":null}],"color":[{"time":0.4,"color":"ffffff00"},{"time":0.4666,"color":"ffffffff"}]},"ef_OF_main_00":{"attachment":[{"time":0.4333,"name":"EF/ef_OF_main/ef_OF_main_00001"},{"time":0.4666,"name":"EF/ef_OF_main/ef_OF_main_00002"},{"time":0.5,"name":"EF/ef_OF_main/ef_OF_main_00003"},{"time":0.7333,"name":null}],"color":[{"time":0.4333,"color":"ffffffa4"}]},"ef_en_fire_main_00":{"attachment":[{"time":0.4,"name":"EF/ef_en_fire_main/ef_en_fire_main_00001"},{"time":0.4333,"name":"EF/ef_en_fire_main/ef_en_fire_main_00002"},{"time":0.4666,"name":"EF/ef_en_fire_main/ef_en_fire_main_00003"},{"time":0.5,"name":"EF/ef_en_fire_main/ef_en_fire_main_00004"},{"time":0.5333,"name":"EF/ef_en_fire_main/ef_en_fire_main_00005"},{"time":0.5666,"name":"EF/ef_en_fire_main/ef_en_fire_main_00006"},{"time":0.6,"name":"EF/ef_en_fire_main/ef_en_fire_main_00007"},{"time":0.6333,"name":"EF/ef_en_fire_main/ef_en_fire_main_00008"},{"time":0.6666,"name":"EF/ef_en_fire_main/ef_en_fire_main_00009"},{"time":0.7,"name":"EF/ef_en_fire_main/ef_en_fire_main_00010"},{"time":0.9333,"name":"EF/ef_en_fire_main/ef_en_fire_main_00001"},{"time":0.9666,"name":"EF/ef_en_fire_main/ef_en_fire_main_00002"},{"time":1,"name":"EF/ef_en_fire_main/ef_en_fire_main_00003"},{"time":1.0333,"name":"EF/ef_en_fire_main/ef_en_fire_main_00004"},{"time":1.0666,"name":"EF/ef_en_fire_main/ef_en_fire_main_00005"},{"time":1.1,"name":"EF/ef_en_fire_main/ef_en_fire_main_00006"},{"time":1.1333,"name":"EF/ef_en_fire_main/ef_en_fire_main_00007"},{"time":1.1666,"name":"EF/ef_en_fire_main/ef_en_fire_main_00008"},{"time":1.2,"name":"EF/ef_en_fire_main/ef_en_fire_main_00009"},{"time":1.5666,"name":"EF/ef_en_fire_main/ef_en_fire_main_00001"},{"time":1.6,"name":"EF/ef_en_fire_main/ef_en_fire_main_00002"},{"time":1.6333,"name":"EF/ef_en_fire_main/ef_en_fire_main_00003"},{"time":1.6666,"name":"EF/ef_en_fire_main/ef_en_fire_main_00004"},{"time":1.7,"name":"EF/ef_en_fire_main/ef_en_fire_main_00005"},{"time":1.7333,"name":"EF/ef_en_fire_main/ef_en_fire_main_00006"},{"time":1.7666,"name":"EF/ef_en_fire_main/ef_en_fire_main_00007"},{"time":1.8,"name":"EF/ef_en_fire_main/ef_en_fire_main_00008"},{"time":1.8333,"name":"EF/ef_en_fire_main/ef_en_fire_main_00009"},{"time":1.8666,"name":"EF/ef_en_fire_main/ef_en_fire_main_00010"},{"time":2.1,"name":"EF/ef_en_fire_main/ef_en_fire_main_00001"},{"time":2.1333,"name":"EF/ef_en_fire_main/ef_en_fire_main_00002"},{"time":2.1666,"name":"EF/ef_en_fire_main/ef_en_fire_main_00003"},{"time":2.2,"name":"EF/ef_en_fire_main/ef_en_fire_main_00004"},{"time":2.2333,"name":"EF/ef_en_fire_main/ef_en_fire_main_00005"},{"time":2.2666,"name":"EF/ef_en_fire_main/ef_en_fire_main_00006"},{"time":2.3,"name":"EF/ef_en_fire_main/ef_en_fire_main_00007"},{"time":2.3333,"name":"EF/ef_en_fire_main/ef_en_fire_main_00008"},{"time":2.3666,"name":"EF/ef_en_fire_main/ef_en_fire_main_00009"},{"time":2.4,"name":"EF/ef_en_fire_main/ef_en_fire_main_00010"},{"time":2.7,"name":"EF/ef_en_fire_main/ef_en_fire_main_00001"},{"time":2.7333,"name":"EF/ef_en_fire_main/ef_en_fire_main_00002"},{"time":2.7666,"name":"EF/ef_en_fire_main/ef_en_fire_main_00003"},{"time":2.8,"name":"EF/ef_en_fire_main/ef_en_fire_main_00004"},{"time":2.8333,"name":"EF/ef_en_fire_main/ef_en_fire_main_00005"},{"time":2.8666,"name":"EF/ef_en_fire_main/ef_en_fire_main_00006"},{"time":2.9,"name":"EF/ef_en_fire_main/ef_en_fire_main_00007"},{"time":2.9333,"name":"EF/ef_en_fire_main/ef_en_fire_main_00008"},{"time":2.9666,"name":"EF/ef_en_fire_main/ef_en_fire_main_00009"},{"time":3,"name":"EF/ef_en_fire_main/ef_en_fire_main_00010"}],"color":[{"time":0.6666,"color":"ffffffff"},{"time":0.7333,"color":"ffffff00","curve":"stepped"},{"time":0.9333,"color":"ffffff00"},{"time":1,"color":"ffffffff","curve":"stepped"},{"time":1.1,"color":"ffffffff","curve":[0.227,0.85,0.516,1]},{"time":1.2,"color":"ffffff00","curve":"stepped"},{"time":1.5666,"color":"ffffff00"},{"time":1.6333,"color":"ffffffff","curve":"stepped"},{"time":1.8333,"color":"ffffffff"},{"time":1.9,"color":"ffffff00","curve":"stepped"},{"time":2.1,"color":"ffffff00"},{"time":2.1666,"color":"ffffffff","curve":"stepped"},{"time":2.3666,"color":"ffffffff"},{"time":2.4333,"color":"ffffff00","curve":"stepped"},{"time":2.7,"color":"ffffff00"},{"time":2.7666,"color":"ffffffff","curve":"stepped"},{"time":2.9,"color":"ffffffff"},{"time":3.0666,"color":"ffffff00"}]},"ef_en_fire_main_0":{"attachment":[{"time":0.6666,"name":"EF/ef_en_fire_main/ef_en_fire_main_00001"},{"time":0.7,"name":"EF/ef_en_fire_main/ef_en_fire_main_00002"},{"time":0.7333,"name":"EF/ef_en_fire_main/ef_en_fire_main_00003"},{"time":0.7666,"name":"EF/ef_en_fire_main/ef_en_fire_main_00004"},{"time":0.8,"name":"EF/ef_en_fire_main/ef_en_fire_main_00005"},{"time":0.8333,"name":"EF/ef_en_fire_main/ef_en_fire_main_00006"},{"time":0.8666,"name":"EF/ef_en_fire_main/ef_en_fire_main_00007"},{"time":0.9,"name":"EF/ef_en_fire_main/ef_en_fire_main_00008"},{"time":0.9333,"name":"EF/ef_en_fire_main/ef_en_fire_main_00009"},{"time":0.9666,"name":"EF/ef_en_fire_main/ef_en_fire_main_00010"},{"time":1.8333,"name":"EF/ef_en_fire_main/ef_en_fire_main_00001"},{"time":1.8666,"name":"EF/ef_en_fire_main/ef_en_fire_main_00002"},{"time":1.9,"name":"EF/ef_en_fire_main/ef_en_fire_main_00003"},{"time":1.9333,"name":"EF/ef_en_fire_main/ef_en_fire_main_00004"},{"time":1.9666,"name":"EF/ef_en_fire_main/ef_en_fire_main_00005"},{"time":2,"name":"EF/ef_en_fire_main/ef_en_fire_main_00006"},{"time":2.0333,"name":"EF/ef_en_fire_main/ef_en_fire_main_00007"},{"time":2.0666,"name":"EF/ef_en_fire_main/ef_en_fire_main_00008"},{"time":2.1,"name":"EF/ef_en_fire_main/ef_en_fire_main_00009"},{"time":2.1333,"name":"EF/ef_en_fire_main/ef_en_fire_main_00010"},{"time":2.3666,"name":"EF/ef_en_fire_main/ef_en_fire_main_00001"},{"time":2.4,"name":"EF/ef_en_fire_main/ef_en_fire_main_00002"},{"time":2.4333,"name":"EF/ef_en_fire_main/ef_en_fire_main_00001"},{"time":2.4666,"name":"EF/ef_en_fire_main/ef_en_fire_main_00002"},{"time":2.5,"name":"EF/ef_en_fire_main/ef_en_fire_main_00003"},{"time":2.5333,"name":"EF/ef_en_fire_main/ef_en_fire_main_00004"},{"time":2.5666,"name":"EF/ef_en_fire_main/ef_en_fire_main_00005"},{"time":2.6,"name":"EF/ef_en_fire_main/ef_en_fire_main_00006"},{"time":2.6333,"name":"EF/ef_en_fire_main/ef_en_fire_main_00007"},{"time":2.6666,"name":"EF/ef_en_fire_main/ef_en_fire_main_00008"},{"time":2.7,"name":"EF/ef_en_fire_main/ef_en_fire_main_00009"},{"time":2.7333,"name":"EF/ef_en_fire_main/ef_en_fire_main_00010"}],"color":[{"time":0.6666,"color":"ffffff00"},{"time":0.7333,"color":"ffffffff","curve":"stepped"},{"time":0.9333,"color":"ffffffff"},{"time":1,"color":"ffffff00","curve":"stepped"},{"time":1.8333,"color":"ffffff00"},{"time":1.9,"color":"ffffffff","curve":"stepped"},{"time":2.1,"color":"ffffffff"},{"time":2.1666,"color":"ffffff00","curve":"stepped"},{"time":2.3666,"color":"ffffff00"},{"time":2.4333,"color":"ffffffff","curve":"stepped"},{"time":2.7,"color":"ffffffff"},{"time":2.7666,"color":"ffffff00"}]},"ef_flash_main_00":{"attachment":[{"time":0.4333,"name":"EF/ef_flash_main/ef_flash_main_00010"}],"color":[{"time":0.4333,"color":"ffffffff","curve":[0.276,0.04,0.849,0.69]},{"time":0.6666,"color":"ffffff00"}]},"ef_rock_main_00":{"attachment":[{"time":2.4333,"name":"EF/ef_rock_main/ef_rock_main_00006"},{"time":2.5,"name":"EF/ef_rock_main/ef_rock_main_00007"},{"time":2.5333,"name":"EF/ef_rock_main/ef_rock_main_00008"},{"time":2.6333,"name":"EF/ef_rock_main/ef_rock_main_00012"}],"color":[{"time":2.6333,"color":"ffffffff"},{"time":2.8,"color":"ffffff00"}]},"ef_slash_main 2_00":{"attachment":[{"time":1.6666,"name":"EF/ef_slash_main 2/ef_slash_main 2_00002"},{"time":1.7,"name":"EF/ef_slash_main 2/ef_slash_main 2_00004"},{"time":1.7333,"name":"EF/ef_slash_main 2/ef_slash_main 2_00007"},{"time":1.7666,"name":"EF/ef_slash_main 2/ef_slash_main 2_00008"},{"time":1.8,"name":"EF/ef_slash_main 2/ef_slash_main 2_00009"},{"time":1.8333,"name":null},{"time":2.3666,"name":"EF/ef_slash_main 2/ef_slash_main 2_00004"},{"time":2.4,"name":"EF/ef_slash_main 2/ef_slash_main 2_00005"},{"time":2.4333,"name":"EF/ef_slash_main 2/ef_slash_main 2_00008"},{"time":2.4666,"name":null}]},"ef_slash_main 3_00":{"attachment":[{"time":2.3666,"name":null},{"time":2.4,"name":null}]},"ef_spirit_main_00":{"attachment":[{"time":0,"name":"EF/ef_spirit_main/ef_spirit_main_00001"},{"time":0.0666,"name":"EF/ef_spirit_main/ef_spirit_main_00003"},{"time":0.1333,"name":"EF/ef_spirit_main/ef_spirit_main_00005"},{"time":0.2,"name":"EF/ef_spirit_main/ef_spirit_main_00007"},{"time":0.2666,"name":"EF/ef_spirit_main/ef_spirit_main_00009"},{"time":0.3333,"name":"EF/ef_spirit_main/ef_spirit_main_00011"},{"time":0.3666,"name":"EF/ef_spirit_main/ef_spirit_main_00012"},{"time":0.4,"name":"EF/ef_spirit_main/ef_spirit_main_00013"},{"time":0.4333,"name":"EF/ef_spirit_main/ef_spirit_main_00014"},{"time":0.5333,"name":null}],"color":[{"time":0,"color":"ffffff00"},{"time":0.1333,"color":"ffffffff","curve":"stepped"},{"time":0.4333,"color":"ffffffff"},{"time":0.5333,"color":"ffffff00"}]},"ef_tuti_main_00":{"attachment":[{"time":2.4333,"name":"EF/ef_tuti_main/ef_tuti_main_00001"},{"time":2.4666,"name":"EF/ef_tuti_main/ef_tuti_main_00002"},{"time":2.5,"name":"EF/ef_tuti_main/ef_tuti_main_00003"},{"time":2.5333,"name":"EF/ef_tuti_main/ef_tuti_main_00004"},{"time":2.5666,"name":"EF/ef_tuti_main/ef_tuti_main_00005"},{"time":2.6,"name":"EF/ef_tuti_main/ef_tuti_main_00006"},{"time":2.6333,"name":"EF/ef_tuti_main/ef_tuti_main_00007"},{"time":2.7,"name":"EF/ef_tuti_main/ef_tuti_main_00008"},{"time":2.7666,"name":"EF/ef_tuti_main/ef_tuti_main_00011"},{"time":2.9333,"name":null}],"color":[{"time":2.7,"color":"ffffffff"},{"time":2.9,"color":"ffffff00"}]}},"bones":{"ef_spirit_main_00":{"translate":[{"time":0,"x":-63.11,"y":70.92}],"scale":[{"time":0,"x":3.293,"y":3.293,"curve":"stepped"},{"time":0.0333,"x":3.226,"y":3.226,"curve":"stepped"},{"time":0.0666,"x":3.293,"y":3.293,"curve":"stepped"},{"time":0.1,"x":3.226,"y":3.226,"curve":"stepped"},{"time":0.1333,"x":3.293,"y":3.293,"curve":"stepped"},{"time":0.1666,"x":3.226,"y":3.226,"curve":"stepped"},{"time":0.2,"x":3.293,"y":3.293,"curve":"stepped"},{"time":0.2333,"x":3.226,"y":3.226,"curve":"stepped"},{"time":0.2666,"x":3.293,"y":3.293,"curve":"stepped"},{"time":0.3,"x":3.226,"y":3.226,"curve":"stepped"},{"time":0.3333,"x":3.293,"y":3.293},{"time":0.5333,"x":1.972,"y":1.972}]},"ef_flash_main_00":{"translate":[{"time":0.4333,"x":-60.77,"y":52.66}],"scale":[{"time":0.4333,"x":3.414,"y":3.414},{"time":0.6666,"x":1.803,"y":1.803}]},"ef_rock_main_00":{"translate":[{"time":2.4333,"x":-100,"y":-12.81,"curve":[0.191,0.38,0.75,1]},{"time":2.7333,"x":-100,"y":219.8}],"scale":[{"time":2.4333,"x":1.82,"y":1.82},{"time":2.4666,"x":2.023,"y":2.023,"curve":"stepped"},{"time":2.5333,"x":2.023,"y":2.023},{"time":2.6,"x":2.306,"y":2.306,"curve":"stepped"},{"time":2.6333,"x":2.023,"y":2.023},{"time":2.8,"x":2.333,"y":2.333}]},"ef_en_fire_main_00":{"rotate":[{"time":1.8333,"angle":0},{"time":2.3333,"angle":-5.46,"curve":"stepped"},{"time":2.3666,"angle":0}],"translate":[{"time":0.4,"x":-52.9,"y":51.34,"curve":"stepped"},{"time":1.0333,"x":-101.91,"y":12.44,"curve":[0.177,0,0.318,0.98]},{"time":1.2,"x":-316.64,"y":12.44,"curve":"stepped"},{"time":1.5666,"x":-28.16,"y":12.45,"curve":[0.227,0.85,0.516,1]},{"time":1.6333,"x":-97.04,"y":12.45,"curve":"stepped"},{"time":1.6666,"x":-60.21,"y":85.42,"curve":[0.127,0.77,0.548,1]},{"time":1.7,"x":-47.17,"y":193.57,"curve":"stepped"},{"time":1.7333,"x":90.11,"y":304.78,"curve":[0.127,0.77,0.548,1]},{"time":1.8333,"x":92.41,"y":311.68},{"time":2.3333,"x":98.55,"y":313.98,"curve":"stepped"},{"time":2.3666,"x":-94.72,"y":209.67,"curve":[0.131,0.63,0.593,0.89]},{"time":2.4333,"x":-94.72,"y":20.45,"curve":"stepped"},{"time":2.7,"x":-126.97,"y":-2.6}],"scale":[{"time":0.4,"x":1.903,"y":1.903,"curve":"stepped"},{"time":1.5666,"x":1.903,"y":1.903,"curve":"stepped"},{"time":2.7,"x":7.253,"y":2.581}]},"ef_en_fire_main_0":{"rotate":[{"time":1.8333,"angle":0},{"time":2.3333,"angle":-5.46,"curve":"stepped"},{"time":2.3666,"angle":0}],"translate":[{"time":0.6666,"x":-52.9,"y":51.34,"curve":"stepped"},{"time":1.8333,"x":92.41,"y":311.68},{"time":2.3333,"x":98.55,"y":313.98,"curve":"stepped"},{"time":2.3666,"x":-94.72,"y":209.67,"curve":[0.194,0.49,0.593,0.89]},{"time":2.4333,"x":-126.97,"y":-2.6}],"scale":[{"time":0.6666,"x":1.903,"y":1.903,"curve":"stepped"},{"time":1.8333,"x":1.903,"y":1.903,"curve":"stepped"},{"time":2.4333,"x":4.322,"y":1.538},{"time":2.5333,"x":7.253,"y":2.581}]},"ef_slash_main 3_00":{"translate":[{"time":2.3666,"x":-43.71,"y":278.42,"curve":[0.173,0.74,0.75,1]},{"time":2.4333,"x":-43.71,"y":163.37}],"scale":[{"time":2.3666,"x":1.903,"y":1.903}]},"ef_slash_main 2_00":{"rotate":[{"time":1.6666,"angle":-7.65,"curve":"stepped"},{"time":2.3666,"angle":112.36}],"translate":[{"time":1.6666,"x":-20.14,"y":160.13,"curve":"stepped"},{"time":2.3666,"x":12.98,"y":345.91,"curve":[0,0.55,0.47,0.84]},{"time":2.4333,"x":1.79,"y":187.82}],"scale":[{"time":1.6666,"x":2.514,"y":2.514,"curve":"stepped"},{"time":2.3666,"x":-1.732,"y":1.887}]},"ef_tuti_main_00":{"translate":[{"time":2.4333,"x":-98.17,"y":-16.92},{"time":2.7,"x":-98.17,"y":-36.68}],"scale":[{"time":2.4333,"x":2.676,"y":2.676},{"time":2.6,"x":3.692,"y":3.692},{"time":2.9333,"x":4.684,"y":4.684}]},"ef_OF_main_00":{"rotate":[{"time":0.4333,"angle":21.43}],"translate":[{"time":0.4333,"x":-64.45,"y":50.02}],"scale":[{"time":0.4333,"x":3.877,"y":3.877},{"time":0.7,"x":0.125,"y":0.125}]},"ef_slash":{"translate":[{"time":2.3666,"x":-357.08,"y":102.27},{"time":2.4,"x":-357.08,"y":25.95},{"time":2.4333,"x":-357.08,"y":-69.18}],"scale":[{"time":2.3666,"x":2.944,"y":2.944},{"time":2.5333,"x":2.513,"y":2.513}]},"ef_ex":{"translate":[{"time":2.3666,"x":-523.22,"y":-11.17},{"time":2.7666,"x":-621.82,"y":-11.17}],"scale":[{"time":2.3666,"x":2.426,"y":2.426},{"time":2.7666,"x":4.528,"y":4.528}]},"ef_ex2":{"translate":[{"time":2.3333,"x":-396.37,"y":-11.17},{"time":2.7333,"x":-292.54,"y":-11.17}],"scale":[{"time":2.3333,"x":-1.904,"y":2.098},{"time":2.7333,"x":-3.059,"y":3.058}]},"ef_wave3":{"translate":[{"time":0.4,"x":-68.81,"y":41.75}],"scale":[{"time":0.4,"x":2.879,"y":2.879,"curve":[0.202,0.66,0.529,1]},{"time":0.7333,"x":3.5,"y":3.5}]},"ef_fire":{"rotate":[{"time":1.7,"angle":-33.04}],"translate":[{"time":1.7,"x":-197.65,"y":238.31}],"scale":[{"time":1.7,"x":1.675,"y":1.675}]},"ef_fire4":{"rotate":[{"time":1.7666,"angle":-64.86}],"translate":[{"time":1.7666,"x":-258.78,"y":325.34}],"scale":[{"time":1.7666,"x":-2.072,"y":2.078}]}},"drawOrder":[{"time":2.3666,"offsets":[{"slot":"ef_rock_main_00","offset":-19}]}]},"empty":{}}}