{"skeleton":{"hash":"oYG4fPwdIHJjPS4DKpquzKtTuEs","spine":"3.0.12","width":0,"height":0,"images":"./images2/"},"bones":[{"name":"root"},{"name":"MAIN","parent":"root","y":60,"color":"ff0002ff"},{"name":"HITBOX","parent":"MAIN","y":-1.86,"scaleX":0.407,"scaleY":0.943,"color":"ff0002ff"},{"name":"EF_MAIN","parent":"root","color":"009b01ff"},{"name":"EF_wave1_1","parent":"EF_MAIN","x":150,"color":"009b01ff"},{"name":"EF_sink1_1","parent":"EF_MAIN","x":150,"y":100,"color":"009b01ff"},{"name":"EF_rotwave1_2","parent":"EF_MAIN","x":250,"color":"009b01ff"},{"name":"EF_rotwave1_1","parent":"EF_MAIN","x":250,"color":"009b01ff"},{"name":"EF_power1_1","parent":"EF_MAIN","x":100,"y":50,"color":"009b01ff"},{"name":"EF_magic","parent":"EF_MAIN","x":300,"color":"009b01ff"},{"name":"EF_ground_earth1_5","parent":"EF_MAIN","x":100,"color":"009b01ff"},{"name":"EF_ground_earth1_4","parent":"EF_MAIN","x":100,"color":"009b01ff"},{"name":"EF_ground_earth1_3","parent":"EF_MAIN","x":100,"color":"009b01ff"},{"name":"EF_ground_earth1_2","parent":"EF_MAIN","x":100,"color":"009b01ff"},{"name":"EF_ground_earth1_1","parent":"EF_MAIN","x":100,"color":"009b01ff"},{"name":"EF_fang1_1","parent":"EF_MAIN","x":200,"y":150,"color":"009b01ff"},{"name":"EF_ball1_1","parent":"EF_MAIN","x":100,"y":100,"color":"009b01ff"},{"name":"DotEF","parent":"root"},{"name":"DAMAGEAREA","parent":"root"},{"name":"skill3","parent":"root","color":"2c009bff"}],"slots":[{"name":"EF_ground_earth1_1","bone":"EF_ground_earth1_1","blend":"additive"},{"name":"EF_ground_earth1_2","bone":"EF_ground_earth1_2","blend":"additive"},{"name":"EF_ground_earth1_3","bone":"EF_ground_earth1_3","blend":"additive"},{"name":"EF_ground_earth1_4","bone":"EF_ground_earth1_4","blend":"additive"},{"name":"EF_ground_earth1_5","bone":"EF_ground_earth1_5","blend":"additive"},{"name":"EF_ball1_1","bone":"EF_ball1_1","blend":"additive"},{"name":"EF_wave1_1","bone":"EF_wave1_1","blend":"additive"},{"name":"EF_rotwave1_1","bone":"EF_rotwave1_1","blend":"additive"},{"name":"EF_rotwave1_2","bone":"EF_rotwave1_2","blend":"additive"},{"name":"EF_magic","bone":"EF_magic","blend":"additive"},{"name":"MAIN","bone":"MAIN","attachment":"idle_00"},{"name":"DAMAGEAREA","bone":"DAMAGEAREA"},{"name":"HITBOX","bone":"HITBOX","attachment":"HITBOX"},{"name":"DotEF1","bone":"DotEF","color":"0064ffff","blend":"additive"},{"name":"DotEF2","bone":"DotEF","blend":"additive"},{"name":"EF_power1_1","bone":"EF_power1_1","blend":"additive"},{"name":"EF_sink1_1","bone":"EF_sink1_1","blend":"additive"},{"name":"EF_fang1_1","bone":"EF_fang1_1","blend":"additive"},{"name":"skill3_00","bone":"skill3"}],"skins":{"default":{"DAMAGEAREA":{"DAMAGEAREA":{"type":"boundingbox","vertices":[-63.49521,-63.33654,64.76429,-62.73603,64.37027,65.75466,-65.23942,64.58664]}},"DotEF1":{"EF/slash_dot/sp_ef_1":{"x":54.97,"width":240,"height":128},"EF/slash_dot/sp_ef_2":{"x":54.97,"width":240,"height":128},"EF/slash_dot/sp_ef_3":{"x":54.97,"width":240,"height":128}},"DotEF2":{"EF/slash_dot/attack_09_EF":{"width":250,"height":250},"EF/slash_dot/attack_10_EF":{"width":250,"height":250},"EF/slash_dot/attack_11_EF":{"width":250,"height":250}},"EF_ball1_1":{"EF/ef_energy_ball_ray_main/ef_energy_ball_ray_main_00015":{"width":240,"height":240},"EF/ef_energy_ball_ray_main/ef_energy_ball_ray_main_00017":{"width":240,"height":240},"EF/ef_energy_ball_ray_main/ef_energy_ball_ray_main_00019":{"width":240,"height":240},"EF/ef_energy_ball_ray_main/ef_energy_ball_ray_main_00021":{"width":240,"height":240},"EF/ef_energy_ball_ray_main/ef_energy_ball_ray_main_00023":{"width":240,"height":240},"EF/ef_energy_ball_ray_main/ef_energy_ball_ray_main_00025":{"width":240,"height":240},"EF/ef_energy_ball_ray_main/ef_energy_ball_ray_main_00027":{"width":240,"height":240},"EF/ef_energy_ball_ray_main/ef_energy_ball_ray_main_00029":{"width":240,"height":240}},"EF_fang1_1":{"EF/ef_fang_main/ef_fang_main_00002":{"x":32.93,"width":240,"height":200},"EF/ef_fang_main/ef_fang_main_00003":{"x":32.93,"width":240,"height":200},"EF/ef_fang_main/ef_fang_main_00004":{"x":32.93,"width":240,"height":200},"EF/ef_fang_main/ef_fang_main_00005":{"x":32.93,"width":240,"height":200},"EF/ef_fang_main/ef_fang_main_00006":{"x":32.93,"width":240,"height":200},"EF/ef_fang_main/ef_fang_main_00007":{"x":32.93,"width":240,"height":200},"EF/ef_fang_main/ef_fang_main_00008":{"x":32.93,"width":240,"height":200}},"EF_ground_earth1_1":{"EF/EF_earth/ef_graund_earth_blue_00005":{"x":1.17,"y":4.46,"width":150,"height":150}},"EF_ground_earth1_2":{"EF/EF_earth/ef_graund_earth_blue_00005":{"x":1.17,"y":4.46,"width":150,"height":150}},"EF_ground_earth1_3":{"EF/EF_earth/ef_graund_earth_blue_00005":{"x":1.17,"y":4.46,"width":150,"height":150}},"EF_ground_earth1_4":{"EF/EF_earth/ef_graund_earth_blue_00005":{"x":1.17,"y":4.46,"width":150,"height":150}},"EF_ground_earth1_5":{"EF/EF_earth/ef_graund_earth_blue_00005":{"x":1.17,"y":4.46,"width":150,"height":150}},"EF_magic":{"EF/magic_2water":{"width":240,"height":240}},"EF_power1_1":{"EF/EF_shine/ef_shine_blue_00001":{"width":200,"height":200},"EF/EF_shine/ef_shine_blue_00002":{"width":200,"height":200},"EF/EF_shine/ef_shine_blue_00003":{"width":200,"height":200},"EF/EF_shine/ef_shine_blue_00004":{"width":200,"height":200},"EF/EF_shine/ef_shine_blue_00005":{"width":200,"height":200},"EF/EF_shine/ef_shine_blue_00006":{"width":200,"height":200},"EF/EF_shine/ef_shine_blue_00007":{"width":200,"height":200},"EF/EF_shine/ef_shine_blue_00008":{"width":200,"height":200},"EF/EF_shine/ef_shine_blue_00009":{"width":200,"height":200},"EF/EF_shine/ef_shine_blue_00010":{"width":200,"height":200}},"EF_rotwave1_1":{"EF/ef_rot_wave_main/ef_rot_wave_main_00002":{"y":17.06,"width":320,"height":160},"EF/ef_rot_wave_main/ef_rot_wave_main_00004":{"y":17.06,"width":320,"height":160},"EF/ef_rot_wave_main/ef_rot_wave_main_00006":{"y":17.06,"width":320,"height":160},"EF/ef_rot_wave_main/ef_rot_wave_main_00008":{"y":17.06,"width":320,"height":160},"EF/ef_rot_wave_main/ef_rot_wave_main_00010":{"y":17.06,"width":320,"height":160},"EF/ef_rot_wave_main/ef_rot_wave_main_00012":{"y":17.06,"width":320,"height":160},"EF/ef_rot_wave_main/ef_rot_wave_main_00014":{"y":17.06,"width":320,"height":160}},"EF_rotwave1_2":{"EF/ef_rot_wave_main/ef_rot_wave_main_00002":{"y":17.06,"width":320,"height":160},"EF/ef_rot_wave_main/ef_rot_wave_main_00004":{"y":17.06,"width":320,"height":160},"EF/ef_rot_wave_main/ef_rot_wave_main_00006":{"y":17.06,"width":320,"height":160},"EF/ef_rot_wave_main/ef_rot_wave_main_00008":{"y":17.06,"width":320,"height":160},"EF/ef_rot_wave_main/ef_rot_wave_main_00010":{"y":17.06,"width":320,"height":160},"EF/ef_rot_wave_main/ef_rot_wave_main_00012":{"y":17.06,"width":320,"height":160},"EF/ef_rot_wave_main/ef_rot_wave_main_00014":{"y":17.06,"width":320,"height":160}},"EF_sink1_1":{"EF/ef_energy_sink_main/ef_energy_sink_main_00003":{"width":140,"height":140},"EF/ef_energy_sink_main/ef_energy_sink_main_00004":{"width":140,"height":140},"EF/ef_energy_sink_main/ef_energy_sink_main_00005":{"width":140,"height":140},"EF/ef_energy_sink_main/ef_energy_sink_main_00006":{"width":140,"height":140},"EF/ef_energy_sink_main/ef_energy_sink_main_00007":{"width":140,"height":140},"EF/ef_energy_sink_main/ef_energy_sink_main_00008":{"width":140,"height":140},"EF/ef_energy_sink_main/ef_energy_sink_main_00009":{"width":140,"height":140},"EF/ef_energy_sink_main/ef_energy_sink_main_00010":{"width":140,"height":140},"EF/ef_energy_sink_main/ef_energy_sink_main_00011":{"width":140,"height":140},"EF/ef_energy_sink_main/ef_energy_sink_main_00012":{"width":140,"height":140},"EF/ef_energy_sink_main/ef_energy_sink_main_00013":{"width":140,"height":140},"EF/ef_energy_sink_main/ef_energy_sink_main_00014":{"width":140,"height":140},"EF/ef_energy_sink_main/ef_energy_sink_main_00015":{"width":140,"height":140}},"EF_wave1_1":{"EF/ef_graund_wave_blue_main/ef_graund_wave_blue_main_00002":{"y":15.85,"width":256,"height":160},"EF/ef_graund_wave_blue_main/ef_graund_wave_blue_main_00004":{"y":15.85,"width":256,"height":160},"EF/ef_graund_wave_blue_main/ef_graund_wave_blue_main_00006":{"y":15.85,"width":256,"height":160},"EF/ef_graund_wave_blue_main/ef_graund_wave_blue_main_00008":{"y":15.85,"width":256,"height":160},"EF/ef_graund_wave_blue_main/ef_graund_wave_blue_main_00010":{"y":15.85,"width":256,"height":160},"EF/ef_graund_wave_blue_main/ef_graund_wave_blue_main_00012":{"y":15.85,"width":256,"height":160}},"HITBOX":{"HITBOX":{"type":"boundingbox","vertices":[-64.03165,-64.45148,64.40803,-63.31149,64.78805,63.60823,-63.65165,63.22823]}},"MAIN":{"attack1_00":{"y":5.32,"scaleX":2,"scaleY":2,"width":256,"height":256},"attack1_01":{"y":5.32,"scaleX":2,"scaleY":2,"width":256,"height":256},"attack1_02":{"y":5.32,"scaleX":2,"scaleY":2,"width":256,"height":256},"attack1_03":{"y":5.32,"scaleX":2,"scaleY":2,"width":256,"height":256},"attack1_04":{"y":5.32,"scaleX":2,"scaleY":2,"width":256,"height":256},"attack1_05":{"y":5.32,"scaleX":2,"scaleY":2,"width":256,"height":256},"back_00":{"y":5.32,"scaleX":2,"scaleY":2,"width":256,"height":256},"damage_00":{"y":5.32,"scaleX":2,"scaleY":2,"width":256,"height":256},"front_00":{"y":5.32,"scaleX":2,"scaleY":2,"width":256,"height":256},"idle_00":{"y":5.32,"scaleX":2,"scaleY":2,"width":256,"height":256},"idle_01":{"y":5.32,"scaleX":2,"scaleY":2,"width":256,"height":256},"idle_02":{"y":5.32,"scaleX":2,"scaleY":2,"width":256,"height":256},"idle_03":{"y":5.32,"scaleX":2,"scaleY":2,"width":256,"height":256},"skill1_00":{"y":5.32,"scaleX":2,"scaleY":2,"width":256,"height":256},"skill1_01":{"y":5.32,"scaleX":2,"scaleY":2,"width":256,"height":256},"skill1_02":{"y":5.32,"scaleX":2,"scaleY":2,"width":256,"height":256},"skill1_03":{"y":5.32,"scaleX":2,"scaleY":2,"width":256,"height":256},"skill1_04":{"y":5.32,"scaleX":2,"scaleY":2,"width":256,"height":256},"skill1_05":{"y":5.32,"scaleX":2,"scaleY":2,"width":256,"height":256},"skill1_06":{"y":5.32,"scaleX":2,"scaleY":2,"width":256,"height":256},"skill2_00":{"y":35,"scaleX":2,"scaleY":2,"width":256,"height":256},"skill2_01":{"y":5.32,"scaleX":2,"scaleY":2,"width":256,"height":256},"skill2_02":{"y":5.32,"scaleX":2,"scaleY":2,"width":256,"height":256},"skill2_03":{"y":5.32,"scaleX":2,"scaleY":2,"width":512,"height":512},"skill2_04":{"y":5.32,"scaleX":2,"scaleY":2,"width":512,"height":512},"skill2_05":{"y":35,"scaleX":2,"scaleY":2,"width":512,"height":512},"skill2_06":{"y":5.33,"scaleX":2,"scaleY":2,"width":256,"height":256}},"skill3_00":{"skill3_00":{"width":4096,"height":4096}}}},"events":{"Event":{},"Hit":{},"Sound1":{},"Sound2":{},"Sound3":{},"Voice":{}},"animations":{"attack1":{"slots":{"DAMAGEAREA":{"attachment":[{"time":0.1666,"name":"DAMAGEAREA"},{"time":0.2333,"name":null},{"time":0.4333,"name":"DAMAGEAREA"},{"time":0.5,"name":null},{"time":1,"name":"DAMAGEAREA"},{"time":1.0666,"name":null}]},"DotEF1":{"attachment":[{"time":0.1666,"name":"EF/slash_dot/sp_ef_1"},{"time":0.2,"name":"EF/slash_dot/sp_ef_2"},{"time":0.2333,"name":"EF/slash_dot/sp_ef_3"},{"time":0.2666,"name":null},{"time":0.4333,"name":"EF/slash_dot/sp_ef_1"},{"time":0.4666,"name":"EF/slash_dot/sp_ef_2"},{"time":0.5,"name":"EF/slash_dot/sp_ef_3"},{"time":0.5333,"name":null}]},"DotEF2":{"attachment":[{"time":1,"name":"EF/slash_dot/attack_09_EF"},{"time":1.0333,"name":"EF/slash_dot/attack_10_EF"},{"time":1.0666,"name":"EF/slash_dot/attack_11_EF"},{"time":1.1,"name":null}]},"MAIN":{"attachment":[{"time":0,"name":"idle_00"},{"time":0.0666,"name":"attack1_00"},{"time":0.1666,"name":"attack1_01"},{"time":0.3333,"name":"attack1_00"},{"time":0.4333,"name":"attack1_02"},{"time":0.6666,"name":"attack1_00"},{"time":0.7333,"name":"attack1_03"},{"time":1,"name":"attack1_04"},{"time":1.0666,"name":"attack1_05"},{"time":1.1333,"name":"attack1_04"},{"time":1.3333,"name":"idle_00"}]}},"bones":{"MAIN":{"translate":[{"time":0,"x":0,"y":0,"curve":"stepped"},{"time":0.0666,"x":5.03,"y":0,"curve":"stepped"},{"time":0.1666,"x":-31.38,"y":0,"curve":"stepped"},{"time":0.2,"x":-35.86,"y":0,"curve":"stepped"},{"time":0.2333,"x":-31.38,"y":0,"curve":"stepped"},{"time":0.3333,"x":5.03,"y":0,"curve":"stepped"},{"time":0.4333,"x":-34.58,"y":2.37,"curve":"stepped"},{"time":0.4666,"x":-39.34,"y":2.37,"curve":"stepped"},{"time":0.5,"x":-34.58,"y":2.37,"curve":"stepped"},{"time":0.6666,"x":5.03,"y":0,"curve":"stepped"},{"time":0.7333,"x":12.75,"y":0,"curve":"stepped"},{"time":1,"x":-28.23,"y":2.97,"curve":"stepped"},{"time":1.3333,"x":0,"y":0}]},"DAMAGEAREA":{"translate":[{"time":0.1666,"x":-77.73,"y":38.17,"curve":"stepped"},{"time":0.4333,"x":-104.81,"y":55.09,"curve":"stepped"},{"time":1,"x":-82.61,"y":93.27}],"scale":[{"time":0.1666,"x":1.513,"y":0.581,"curve":"stepped"},{"time":1,"x":1.484,"y":1.511}]},"DotEF":{"rotate":[{"time":0.1666,"angle":7.76,"curve":"stepped"},{"time":0.4333,"angle":-8.6}],"translate":[{"time":0.1666,"x":-117.11,"y":55.05,"curve":"stepped"},{"time":0.4333,"x":-148.14,"y":81.08,"curve":"stepped"},{"time":1,"x":-62.06,"y":129.13}],"scale":[{"time":0.1666,"x":1.5,"y":1.5,"curve":"stepped"},{"time":1,"x":2,"y":2}]}},"events":[{"time":0,"name":"Event","float":0.1,"string":"kHitStopType_normal"},{"time":0.1333,"name":"Sound1","string":"cri_se_battle_swordswish_light"},{"time":0.1333,"name":"Voice","string":"cri_161_voice_attack_random"},{"time":0.1666,"name":"Sound2","string":"setHitSound(se_battle_thrustviolently)"},{"time":0.4,"name":"Sound1","string":"cri_se_battle_swordswish_light"},{"time":0.4333,"name":"Hit","string":"resetHitList"},{"time":0.4333,"name":"Sound2","string":"setHitSound(se_battle_thrustviolently)"},{"time":0.9333,"name":"Voice","string":"cri_161_voice_attack_c"},{"time":0.9666,"name":"Event","string":"kImpactType_up"},{"time":0.9666,"name":"Sound1","string":"cri_se_battle_swordswish_light"},{"time":1,"name":"Event","string":"shakeGround"},{"time":1,"name":"Hit","string":"resetHitList"},{"time":1,"name":"Sound2","string":"setHitSound(se_battle_019_sword_hit_03)"}]},"back":{"slots":{"MAIN":{"attachment":[{"time":0,"name":"idle_00"},{"time":0.0333,"name":"back_00"},{"time":0.4666,"name":"idle_03"},{"time":0.5333,"name":"idle_02"},{"time":0.6666,"name":"idle_00"}]}},"bones":{"MAIN":{"translate":[{"time":0,"x":0,"y":0,"curve":"stepped"},{"time":0.0333,"x":0,"y":0,"curve":[0.115,0.48,0.536,0.8]},{"time":0.2666,"x":110.46,"y":7.4,"curve":[0.229,0.58,0.774,1]},{"time":0.5333,"x":134,"y":0,"curve":[0.149,0.66,0.75,1]},{"time":0.6666,"x":140,"y":0}]}},"events":[{"time":0.0333,"name":"Sound1","string":"cri_se_battle_jump"},{"time":0.4666,"name":"Sound1","string":"cri_se_battle_landing"}]},"cast":{"slots":{"MAIN":{"attachment":[{"time":0,"name":"idle_00"},{"time":0.1,"name":"attack1_00"},{"time":0.1666,"name":"attack1_03"},{"time":0.5,"name":"attack1_04"},{"time":0.5666,"name":"attack1_05"},{"time":0.6666,"name":"idle_00"}]}},"bones":{"MAIN":{"translate":[{"time":0,"x":0,"y":0,"curve":"stepped"},{"time":0.5,"x":-8.51,"y":0,"curve":"stepped"},{"time":0.6666,"x":0,"y":0}]}},"events":[{"time":0.1666,"name":"Voice","string":"cri_161_voice_item"}]},"damage":{"slots":{"MAIN":{"attachment":[{"time":0,"name":"damage_00"}]}}},"front":{"slots":{"MAIN":{"attachment":[{"time":0,"name":"front_00"}]}}},"idle":{"slots":{"MAIN":{"attachment":[{"time":0,"name":"idle_00"},{"time":0.1666,"name":"idle_01"},{"time":0.3333,"name":"idle_02"},{"time":0.5,"name":"idle_03"},{"time":0.6666,"name":"idle_00"}]}}},"skill1":{"slots":{"EF_ball1_1":{"attachment":[{"time":0.1333,"name":"EF/ef_energy_ball_ray_main/ef_energy_ball_ray_main_00015"},{"time":0.2,"name":"EF/ef_energy_ball_ray_main/ef_energy_ball_ray_main_00017"},{"time":0.2666,"name":"EF/ef_energy_ball_ray_main/ef_energy_ball_ray_main_00019"},{"time":0.3333,"name":"EF/ef_energy_ball_ray_main/ef_energy_ball_ray_main_00021"},{"time":0.4,"name":"EF/ef_energy_ball_ray_main/ef_energy_ball_ray_main_00023"},{"time":0.4666,"name":"EF/ef_energy_ball_ray_main/ef_energy_ball_ray_main_00025"},{"time":0.5333,"name":"EF/ef_energy_ball_ray_main/ef_energy_ball_ray_main_00027"},{"time":0.6,"name":"EF/ef_energy_ball_ray_main/ef_energy_ball_ray_main_00029"},{"time":0.6666,"name":"EF/ef_energy_ball_ray_main/ef_energy_ball_ray_main_00015"},{"time":0.7333,"name":"EF/ef_energy_ball_ray_main/ef_energy_ball_ray_main_00017"},{"time":0.8,"name":"EF/ef_energy_ball_ray_main/ef_energy_ball_ray_main_00019"},{"time":0.8666,"name":"EF/ef_energy_ball_ray_main/ef_energy_ball_ray_main_00021"},{"time":0.9333,"name":"EF/ef_energy_ball_ray_main/ef_energy_ball_ray_main_00023"},{"time":1,"name":"EF/ef_energy_ball_ray_main/ef_energy_ball_ray_main_00025"},{"time":1.0666,"name":"EF/ef_energy_ball_ray_main/ef_energy_ball_ray_main_00027"},{"time":1.1333,"name":"EF/ef_energy_ball_ray_main/ef_energy_ball_ray_main_00029"},{"time":1.1666,"name":null}],"color":[{"time":0.1333,"color":"ffffff00"},{"time":0.3,"color":"ffffffff"}]},"EF_rotwave1_1":{"attachment":[{"time":0.1333,"name":"EF/ef_rot_wave_main/ef_rot_wave_main_00002"},{"time":0.2,"name":"EF/ef_rot_wave_main/ef_rot_wave_main_00004"},{"time":0.2666,"name":"EF/ef_rot_wave_main/ef_rot_wave_main_00006"},{"time":0.3333,"name":"EF/ef_rot_wave_main/ef_rot_wave_main_00008"},{"time":0.4,"name":"EF/ef_rot_wave_main/ef_rot_wave_main_00010"},{"time":0.4666,"name":"EF/ef_rot_wave_main/ef_rot_wave_main_00012"},{"time":0.5333,"name":"EF/ef_rot_wave_main/ef_rot_wave_main_00014"},{"time":0.6,"name":null},{"time":0.6666,"name":"EF/ef_rot_wave_main/ef_rot_wave_main_00002"},{"time":0.7333,"name":"EF/ef_rot_wave_main/ef_rot_wave_main_00004"},{"time":0.8,"name":"EF/ef_rot_wave_main/ef_rot_wave_main_00006"},{"time":0.8666,"name":"EF/ef_rot_wave_main/ef_rot_wave_main_00008"},{"time":0.9333,"name":"EF/ef_rot_wave_main/ef_rot_wave_main_00010"},{"time":1,"name":"EF/ef_rot_wave_main/ef_rot_wave_main_00012"},{"time":1.0666,"name":"EF/ef_rot_wave_main/ef_rot_wave_main_00014"},{"time":1.1333,"name":null}]},"EF_rotwave1_2":{"attachment":[{"time":0.4,"name":"EF/ef_rot_wave_main/ef_rot_wave_main_00002"},{"time":0.4666,"name":"EF/ef_rot_wave_main/ef_rot_wave_main_00004"},{"time":0.5333,"name":"EF/ef_rot_wave_main/ef_rot_wave_main_00006"},{"time":0.6,"name":"EF/ef_rot_wave_main/ef_rot_wave_main_00008"},{"time":0.6666,"name":"EF/ef_rot_wave_main/ef_rot_wave_main_00010"},{"time":0.7333,"name":"EF/ef_rot_wave_main/ef_rot_wave_main_00012"},{"time":0.8,"name":"EF/ef_rot_wave_main/ef_rot_wave_main_00014"},{"time":0.8666,"name":null}]},"EF_sink1_1":{"attachment":[{"time":0.2333,"name":"EF/ef_energy_sink_main/ef_energy_sink_main_00003"},{"time":0.3,"name":"EF/ef_energy_sink_main/ef_energy_sink_main_00004"},{"time":0.3666,"name":"EF/ef_energy_sink_main/ef_energy_sink_main_00005"},{"time":0.4333,"name":"EF/ef_energy_sink_main/ef_energy_sink_main_00006"},{"time":0.5,"name":"EF/ef_energy_sink_main/ef_energy_sink_main_00007"},{"time":0.5666,"name":"EF/ef_energy_sink_main/ef_energy_sink_main_00008"},{"time":0.6333,"name":"EF/ef_energy_sink_main/ef_energy_sink_main_00009"},{"time":0.7,"name":"EF/ef_energy_sink_main/ef_energy_sink_main_00010"},{"time":0.7666,"name":"EF/ef_energy_sink_main/ef_energy_sink_main_00011"},{"time":0.8333,"name":"EF/ef_energy_sink_main/ef_energy_sink_main_00012"},{"time":0.9,"name":"EF/ef_energy_sink_main/ef_energy_sink_main_00013"},{"time":0.9666,"name":"EF/ef_energy_sink_main/ef_energy_sink_main_00014"},{"time":1.0333,"name":"EF/ef_energy_sink_main/ef_energy_sink_main_00015"},{"time":1.1,"name":null}]},"EF_wave1_1":{"attachment":[{"time":1.2,"name":"EF/ef_graund_wave_blue_main/ef_graund_wave_blue_main_00002"},{"time":1.2333,"name":"EF/ef_graund_wave_blue_main/ef_graund_wave_blue_main_00004"},{"time":1.2666,"name":"EF/ef_graund_wave_blue_main/ef_graund_wave_blue_main_00006"},{"time":1.3,"name":"EF/ef_graund_wave_blue_main/ef_graund_wave_blue_main_00008"},{"time":1.3333,"name":"EF/ef_graund_wave_blue_main/ef_graund_wave_blue_main_00010"},{"time":1.3666,"name":"EF/ef_graund_wave_blue_main/ef_graund_wave_blue_main_00012"},{"time":1.4,"name":null}]},"MAIN":{"attachment":[{"time":0,"name":"idle_00"},{"time":0.0666,"name":"skill1_00"},{"time":0.1333,"name":"skill1_01"},{"time":0.2333,"name":"skill1_02"},{"time":0.3333,"name":"skill1_01"},{"time":0.4333,"name":"skill1_02"},{"time":0.5333,"name":"skill1_01"},{"time":0.6,"name":"skill1_02"},{"time":0.6666,"name":"skill1_01"},{"time":0.7333,"name":"skill1_02"},{"time":0.8,"name":"skill1_01"},{"time":0.8666,"name":"skill1_02"},{"time":0.9333,"name":"skill1_01"},{"time":0.9666,"name":"skill1_02"},{"time":1,"name":"skill1_01"},{"time":1.0333,"name":"skill1_02"},{"time":1.0666,"name":"skill1_01"},{"time":1.1,"name":"skill1_02"},{"time":1.1333,"name":"skill1_01"},{"time":1.1666,"name":"skill1_02"},{"time":1.2,"name":"skill1_03"},{"time":1.2333,"name":"skill1_04"},{"time":1.2666,"name":"skill1_03"},{"time":1.3,"name":"skill1_04"},{"time":1.3333,"name":"skill1_03"},{"time":1.3666,"name":"skill1_04"},{"time":1.4,"name":"skill1_03"},{"time":1.4333,"name":"skill1_04"},{"time":1.5,"name":"skill1_03"},{"time":1.5666,"name":"skill1_04"},{"time":1.6333,"name":"skill1_03"},{"time":1.7333,"name":"skill1_03"},{"time":1.8333,"name":"skill1_05"},{"time":1.9333,"name":"skill1_06"}]}},"bones":{"MAIN":{"translate":[{"time":0.0666,"x":25.41,"y":0,"curve":"stepped"},{"time":0.1333,"x":52,"y":0,"curve":"stepped"},{"time":1.2,"x":0.97,"y":0,"curve":"stepped"},{"time":1.2333,"x":-6.04,"y":0,"curve":"stepped"},{"time":1.2666,"x":0.97,"y":0,"curve":[0.117,0.52,0.75,1]},{"time":1.7333,"x":-0.98,"y":0,"curve":"stepped"},{"time":1.8333,"x":-20.31,"y":-5.84,"curve":"stepped"},{"time":1.9333,"x":-13.54,"y":0,"curve":"stepped"},{"time":1.9666,"x":-13.54,"y":3.11,"curve":"stepped"},{"time":2,"x":-13.54,"y":0,"curve":"stepped"},{"time":2.3333,"x":-13.54,"y":0}]},"EF_rotwave1_1":{"translate":[{"time":0.1333,"x":-203.2,"y":0}],"scale":[{"time":0.1333,"x":1.25,"y":1.25}]},"EF_rotwave1_2":{"translate":[{"time":0.4,"x":-203.2,"y":0}],"scale":[{"time":0.4,"x":1.25,"y":1.25}]},"EF_ball1_1":{"translate":[{"time":0.1333,"x":-17.01,"y":-20.02}],"scale":[{"time":0.1333,"x":0.5,"y":0.5,"curve":[0.125,0.54,0.75,1]},{"time":0.3,"x":1.5,"y":1.5},{"time":0.8333,"x":3,"y":3}]},"EF_wave1_1":{"translate":[{"time":1.2,"x":-149.53,"y":0}],"scale":[{"time":1.2,"x":2,"y":2}]},"EF_sink1_1":{"translate":[{"time":0.2333,"x":-69.37,"y":-16.63}],"scale":[{"time":0.2333,"x":4.5,"y":4.5},{"time":1.0666,"x":4,"y":4}]}},"events":[{"time":0,"name":"Voice","string":"cri_161_voice_skill_all"},{"time":0.1333,"name":"Sound1","string":"cri_se_scenario_fetters_magic"},{"time":0.1333,"name":"Sound2","string":"cri_se_battle_arrow_light_effect"},{"time":0.1333,"name":"Sound3","string":"cri_se_battle_effect_01"},{"time":0.3333,"name":"Sound2","string":"cri_se_battle_arrow_light_effect"},{"time":0.5333,"name":"Sound2","string":"cri_se_battle_arrow_light_effect"},{"time":0.7333,"name":"Sound2","string":"cri_se_battle_arrow_light_effect"},{"time":0.9333,"name":"Sound2","string":"cri_se_battle_arrow_light_effect"},{"time":1.1666,"name":"Event","string":"shakeGround"},{"time":1.2,"name":"Event","string":"addOrbitSystemShot(shot,hit,1)"}]},"skill2":{"slots":{"DAMAGEAREA":{"attachment":[{"time":1.5666,"name":"DAMAGEAREA"},{"time":1.9666,"name":null}]},"EF_fang1_1":{"attachment":[{"time":1.4666,"name":"EF/ef_fang_main/ef_fang_main_00002"},{"time":1.5,"name":"EF/ef_fang_main/ef_fang_main_00003"},{"time":1.5333,"name":"EF/ef_fang_main/ef_fang_main_00004"},{"time":1.5666,"name":"EF/ef_fang_main/ef_fang_main_00005"},{"time":1.6,"name":"EF/ef_fang_main/ef_fang_main_00006"},{"time":1.6333,"name":"EF/ef_fang_main/ef_fang_main_00007"},{"time":1.6666,"name":"EF/ef_fang_main/ef_fang_main_00008"},{"time":1.7,"name":null}]},"EF_ground_earth1_1":{"attachment":[{"time":1.6,"name":"EF/EF_earth/ef_graund_earth_blue_00005"},{"time":2.6333,"name":null}],"color":[{"time":2.3,"color":"ffffffff"},{"time":2.6333,"color":"ffffff00"}]},"EF_ground_earth1_2":{"attachment":[{"time":1.6,"name":"EF/EF_earth/ef_graund_earth_blue_00005"},{"time":2.6666,"name":null}],"color":[{"time":2.3333,"color":"ffffffff"},{"time":2.6666,"color":"ffffff00"}]},"EF_ground_earth1_3":{"attachment":[{"time":1.6,"name":"EF/EF_earth/ef_graund_earth_blue_00005"},{"time":2.6666,"name":null}],"color":[{"time":2.3333,"color":"ffffffff"},{"time":2.6666,"color":"ffffff00"}]},"EF_ground_earth1_4":{"attachment":[{"time":1.6,"name":"EF/EF_earth/ef_graund_earth_blue_00005"},{"time":2.6,"name":null}],"color":[{"time":2.2666,"color":"ffffffff"},{"time":2.6,"color":"ffffff00"}]},"EF_ground_earth1_5":{"attachment":[{"time":1.6,"name":"EF/EF_earth/ef_graund_earth_blue_00005"},{"time":2.6666,"name":null}],"color":[{"time":2.3333,"color":"ffffffff"},{"time":2.6666,"color":"ffffff00"}]},"EF_magic":{"attachment":[{"time":1,"name":"EF/magic_2water"},{"time":1.4333,"name":null}],"color":[{"time":1,"color":"ffffffff","curve":"stepped"},{"time":1.1666,"color":"ffffffff","curve":[0.25,0,0.786,0.77]},{"time":1.4333,"color":"ffffff00"}]},"EF_power1_1":{"attachment":[{"time":0.9666,"name":"EF/EF_shine/ef_shine_blue_00001"},{"time":1,"name":"EF/EF_shine/ef_shine_blue_00002"},{"time":1.0333,"name":"EF/EF_shine/ef_shine_blue_00003"},{"time":1.0666,"name":"EF/EF_shine/ef_shine_blue_00004"},{"time":1.1,"name":"EF/EF_shine/ef_shine_blue_00005"},{"time":1.1333,"name":"EF/EF_shine/ef_shine_blue_00006"},{"time":1.1666,"name":"EF/EF_shine/ef_shine_blue_00007"},{"time":1.2,"name":"EF/EF_shine/ef_shine_blue_00008"},{"time":1.2333,"name":"EF/EF_shine/ef_shine_blue_00009"},{"time":1.2666,"name":"EF/EF_shine/ef_shine_blue_00010"},{"time":1.3,"name":null},{"time":2.2666,"name":"EF/EF_shine/ef_shine_blue_00001"}],"color":[{"time":1.0333,"color":"ffffffff"},{"time":1.3,"color":"ffffff00"}]},"EF_rotwave1_1":{"attachment":[{"time":0,"name":"EF/ef_rot_wave_main/ef_rot_wave_main_00002"},{"time":0.0666,"name":"EF/ef_rot_wave_main/ef_rot_wave_main_00004"},{"time":0.1333,"name":"EF/ef_rot_wave_main/ef_rot_wave_main_00006"},{"time":0.2,"name":"EF/ef_rot_wave_main/ef_rot_wave_main_00008"},{"time":0.2666,"name":"EF/ef_rot_wave_main/ef_rot_wave_main_00010"},{"time":0.3333,"name":"EF/ef_rot_wave_main/ef_rot_wave_main_00012"},{"time":0.4,"name":"EF/ef_rot_wave_main/ef_rot_wave_main_00014"},{"time":0.4666,"name":null}]},"EF_sink1_1":{"attachment":[{"time":0.0666,"name":"EF/ef_energy_sink_main/ef_energy_sink_main_00003"},{"time":0.1,"name":"EF/ef_energy_sink_main/ef_energy_sink_main_00004"},{"time":0.1333,"name":"EF/ef_energy_sink_main/ef_energy_sink_main_00005"},{"time":0.1666,"name":"EF/ef_energy_sink_main/ef_energy_sink_main_00006"},{"time":0.2,"name":"EF/ef_energy_sink_main/ef_energy_sink_main_00007"},{"time":0.2333,"name":"EF/ef_energy_sink_main/ef_energy_sink_main_00008"},{"time":0.2666,"name":"EF/ef_energy_sink_main/ef_energy_sink_main_00009"},{"time":0.3,"name":"EF/ef_energy_sink_main/ef_energy_sink_main_00010"},{"time":0.3333,"name":"EF/ef_energy_sink_main/ef_energy_sink_main_00011"},{"time":0.3666,"name":"EF/ef_energy_sink_main/ef_energy_sink_main_00012"},{"time":0.4,"name":"EF/ef_energy_sink_main/ef_energy_sink_main_00013"},{"time":0.4333,"name":"EF/ef_energy_sink_main/ef_energy_sink_main_00014"},{"time":0.4666,"name":"EF/ef_energy_sink_main/ef_energy_sink_main_00015"},{"time":0.5,"name":null}]},"MAIN":{"attachment":[{"time":0,"name":"idle_00"},{"time":0.1,"name":"attack1_00"},{"time":0.1666,"name":"skill2_00"},{"time":0.5,"name":"skill2_01"},{"time":0.6666,"name":"skill2_02"},{"time":1,"name":"skill2_03"},{"time":1.5,"name":"skill2_04"},{"time":1.5333,"name":"skill2_04"},{"time":1.5666,"name":"skill2_04"},{"time":1.6,"name":"skill2_05"},{"time":1.6333,"name":"skill2_04"},{"time":1.6666,"name":"skill2_05"},{"time":1.7,"name":"skill2_04"},{"time":1.7333,"name":"skill2_05"},{"time":1.7666,"name":"skill2_04"},{"time":1.8,"name":"skill2_05"},{"time":1.8333,"name":"skill2_04"},{"time":1.8666,"name":"skill2_05"},{"time":1.9,"name":"skill2_04"},{"time":1.9333,"name":"skill2_05"},{"time":1.9666,"name":"skill2_04"},{"time":2,"name":"back_00"},{"time":2.3,"name":"skill2_06"},{"time":2.6666,"name":"idle_00"}]}},"bones":{"MAIN":{"rotate":[{"time":0,"angle":0,"curve":"stepped"},{"time":1.5,"angle":-38.01,"curve":"stepped"},{"time":2,"angle":0}],"translate":[{"time":0,"x":0,"y":0,"curve":"stepped"},{"time":0.1666,"x":0,"y":-27.93},{"time":0.2333,"x":0,"y":-32.71,"curve":"stepped"},{"time":0.5,"x":-34.92,"y":58.9},{"time":0.5666,"x":-40.85,"y":293.47,"curve":[0.156,0.66,0.75,1]},{"time":0.8333,"x":-40.85,"y":404.08,"curve":[0.092,0.57,0.75,1]},{"time":1,"x":-41.83,"y":399.04,"curve":"stepped"},{"time":1.4333,"x":-41.83,"y":399.04,"curve":[0.092,0.57,0.75,1]},{"time":1.4666,"x":-2.14,"y":432.23,"curve":[0.202,0.39,0.75,1]},{"time":1.5666,"x":-240.24,"y":57.85,"curve":"stepped"},{"time":1.6,"x":-276.66,"y":11.2,"curve":"stepped"},{"time":1.6333,"x":-251.41,"y":43.55,"curve":"stepped"},{"time":1.6666,"x":-264.88,"y":26.29,"curve":"stepped"},{"time":1.7,"x":-258.3,"y":34.72,"curve":"stepped"},{"time":1.8666,"x":-258.3,"y":34.72,"curve":[0.176,0.47,0.75,1]},{"time":1.9666,"x":-320.96,"y":-45.51,"curve":"stepped"},{"time":2,"x":-222.89,"y":2.92,"curve":[0.31,0.48,0.809,0.93]},{"time":2.1333,"x":16.45,"y":33.75,"curve":[0.158,0.35,0.75,1]},{"time":2.2666,"x":139.31,"y":2.45,"curve":[0.094,0.66,0.75,1]},{"time":2.6666,"x":185,"y":2.45}],"scale":[{"time":0.9666,"x":1,"y":1,"curve":"stepped"},{"time":1,"x":0.5,"y":0.5,"curve":[0.175,0.87,0.75,1]},{"time":1.0666,"x":1.05,"y":1.085,"curve":"stepped"},{"time":1.1,"x":1,"y":1,"curve":"stepped"},{"time":1.5666,"x":1,"y":1,"curve":"stepped"},{"time":1.8666,"x":1,"y":1,"curve":[0.149,0.8,0.75,1]},{"time":1.9666,"x":0.5,"y":0.5,"curve":"stepped"},{"time":2,"x":1,"y":1}]},"DAMAGEAREA":{"translate":[{"time":1.5666,"x":-348.62,"y":82.47},{"time":1.8666,"x":-348.62,"y":356.12}],"scale":[{"time":1.5666,"x":6.36,"y":5.011},{"time":1.8666,"x":8.954,"y":7.191}]},"EF_sink1_1":{"translate":[{"time":0.0666,"x":-150,"y":-41}],"scale":[{"time":0.0666,"x":2,"y":2}]},"EF_rotwave1_1":{"translate":[{"time":0,"x":-250,"y":0}],"scale":[{"time":0,"x":2,"y":2,"curve":[0.396,0.16,0.855,0.74]},{"time":0.4333,"x":1,"y":1}]},"EF_magic":{"translate":[{"time":1,"x":-342.22,"y":459.21}],"scale":[{"time":1,"x":1,"y":1,"curve":[0.126,0.82,0.75,1]},{"time":1.4333,"x":2,"y":2}]},"EF_power1_1":{"translate":[{"time":0.9666,"x":-141.83,"y":408.16}],"scale":[{"time":0.9666,"x":3,"y":3,"curve":"stepped"},{"time":1.0333,"x":3,"y":3,"curve":[0.017,0.77,0.75,1]},{"time":1.2666,"x":4.5,"y":4.5}]},"EF_ground_earth1_1":{"translate":[{"time":1.6,"x":-437.45,"y":-10.07}],"scale":[{"time":1.6,"x":2.5,"y":2.5}]},"EF_ground_earth1_2":{"translate":[{"time":1.6,"x":-253.73,"y":-25.53}],"scale":[{"time":1.6,"x":2.5,"y":2.5}]},"EF_ground_earth1_3":{"translate":[{"time":1.6,"x":-381.15,"y":12.85}],"scale":[{"time":1.6,"x":2.25,"y":2.25}]},"EF_ground_earth1_4":{"translate":[{"time":1.6,"x":-513.75,"y":-52.16}],"scale":[{"time":1.6,"x":3.5,"y":3.5}]},"EF_ground_earth1_5":{"translate":[{"time":1.6,"x":-609.37,"y":-6.26}],"scale":[{"time":1.6,"x":3,"y":-3}]},"EF_fang1_1":{"rotate":[{"time":1.4666,"angle":13.26}],"translate":[{"time":1.4666,"x":-237.74,"y":312.24,"curve":"stepped"},{"time":1.5,"x":-532.55,"y":3.17}],"scale":[{"time":1.4666,"x":4.5,"y":4.5}]}},"events":[{"time":0,"name":"Event","float":0.2,"string":"kHitStopType_normal"},{"time":0.0333,"name":"Event","string":"kImpactType_up"},{"time":0.0666,"name":"Sound1","string":"cri_se_battle_charge"},{"time":0.4333,"name":"Event","string":"ignoreBorder-true"},{"time":0.4666,"name":"Event","string":"movePosition_Target(0.1,350,0)"},{"time":0.7,"name":"Sound1","string":"cri_se_battle_magic_Invocation_dark"},{"time":0.7,"name":"Voice","string":"cri_161_voice_fullarts_rank5"},{"time":1.3666,"name":"Sound1","string":"cri_se_battle_skill_shot"},{"time":1.4666,"name":"Sound1","string":"cri_se_battle_monster_hit"},{"time":1.4666,"name":"Sound3","string":"cri_se_battle_037_explosion_element_05"},{"time":1.5333,"name":"Sound2","string":"setHitSound(se_battle_hard_hit)"},{"time":1.6,"name":"Event","float":0.1,"string":"kHitStopType_enemyonly"},{"time":1.6,"name":"Hit","string":"resetHitList"},{"time":1.6,"name":"Sound2","string":"setHitSound(empty)"},{"time":1.6,"name":"Sound3","string":"cri_se_battle_skill_reaper"},{"time":1.6666,"name":"Hit","string":"resetHitList"},{"time":1.6666,"name":"Sound2","string":"setHitSound(se_battle_hard_hit)"},{"time":1.7333,"name":"Hit","string":"resetHitList"},{"time":1.7333,"name":"Sound2","string":"setHitSound(empty)"},{"time":1.8,"name":"Hit","string":"resetHitList"},{"time":1.8,"name":"Sound2","string":"setHitSound(se_battle_hard_hit)"},{"time":1.8666,"name":"Hit","string":"resetHitList"},{"time":1.8666,"name":"Sound2","string":"setHitSound(empty)"}]},"skill3":{"slots":{"DAMAGEAREA":{"attachment":[{"time":1.9333,"name":"DAMAGEAREA"},{"time":2.1,"name":null}]},"EF_rotwave1_1":{"attachment":[{"time":0.2333,"name":"EF/ef_rot_wave_main/ef_rot_wave_main_00002"},{"time":0.3,"name":"EF/ef_rot_wave_main/ef_rot_wave_main_00004"},{"time":0.3666,"name":"EF/ef_rot_wave_main/ef_rot_wave_main_00006"},{"time":0.4333,"name":"EF/ef_rot_wave_main/ef_rot_wave_main_00008"},{"time":0.5,"name":"EF/ef_rot_wave_main/ef_rot_wave_main_00010"},{"time":0.5666,"name":"EF/ef_rot_wave_main/ef_rot_wave_main_00012"},{"time":0.6333,"name":"EF/ef_rot_wave_main/ef_rot_wave_main_00014"},{"time":0.7,"name":null}]},"EF_rotwave1_2":{"attachment":[{"time":0.4666,"name":"EF/ef_rot_wave_main/ef_rot_wave_main_00002"},{"time":0.5333,"name":"EF/ef_rot_wave_main/ef_rot_wave_main_00004"},{"time":0.6,"name":"EF/ef_rot_wave_main/ef_rot_wave_main_00006"},{"time":0.6666,"name":"EF/ef_rot_wave_main/ef_rot_wave_main_00008"},{"time":0.7333,"name":"EF/ef_rot_wave_main/ef_rot_wave_main_00010"},{"time":0.8,"name":"EF/ef_rot_wave_main/ef_rot_wave_main_00012"},{"time":0.8666,"name":"EF/ef_rot_wave_main/ef_rot_wave_main_00014"},{"time":0.9333,"name":null}]},"EF_sink1_1":{"attachment":[{"time":0.1333,"name":"EF/ef_energy_sink_main/ef_energy_sink_main_00003"},{"time":0.2,"name":"EF/ef_energy_sink_main/ef_energy_sink_main_00004"},{"time":0.2666,"name":"EF/ef_energy_sink_main/ef_energy_sink_main_00005"},{"time":0.3333,"name":"EF/ef_energy_sink_main/ef_energy_sink_main_00006"},{"time":0.4,"name":"EF/ef_energy_sink_main/ef_energy_sink_main_00007"},{"time":0.4666,"name":"EF/ef_energy_sink_main/ef_energy_sink_main_00008"},{"time":0.5333,"name":"EF/ef_energy_sink_main/ef_energy_sink_main_00009"},{"time":0.6,"name":"EF/ef_energy_sink_main/ef_energy_sink_main_00010"},{"time":0.6666,"name":"EF/ef_energy_sink_main/ef_energy_sink_main_00011"},{"time":0.7333,"name":"EF/ef_energy_sink_main/ef_energy_sink_main_00012"},{"time":0.8,"name":"EF/ef_energy_sink_main/ef_energy_sink_main_00013"},{"time":0.8666,"name":"EF/ef_energy_sink_main/ef_energy_sink_main_00014"},{"time":0.9333,"name":"EF/ef_energy_sink_main/ef_energy_sink_main_00015"},{"time":1,"name":null}]},"EF_wave1_1":{"attachment":[{"time":0.9333,"name":"EF/ef_graund_wave_blue_main/ef_graund_wave_blue_main_00002"},{"time":0.9666,"name":"EF/ef_graund_wave_blue_main/ef_graund_wave_blue_main_00004"},{"time":1,"name":"EF/ef_graund_wave_blue_main/ef_graund_wave_blue_main_00006"},{"time":1.0333,"name":"EF/ef_graund_wave_blue_main/ef_graund_wave_blue_main_00008"},{"time":1.0666,"name":"EF/ef_graund_wave_blue_main/ef_graund_wave_blue_main_00010"},{"time":1.1,"name":"EF/ef_graund_wave_blue_main/ef_graund_wave_blue_main_00012"},{"time":1.1333,"name":null}]},"MAIN":{"attachment":[{"time":0,"name":"idle_00"},{"time":0.1,"name":"attack1_00"},{"time":0.1666,"name":"skill2_00"},{"time":1,"name":"back_00"},{"time":1.5,"name":null},{"time":3.3333,"name":"front_00"},{"time":3.6666,"name":"skill2_06"},{"time":4,"name":"idle_00"}],"color":[{"time":1.1666,"color":"ffffffff"},{"time":1.5,"color":"ffffff00","curve":"stepped"},{"time":3.3333,"color":"ffffff00"},{"time":3.5,"color":"ffffffff"}]},"skill3_00":{"attachment":[{"time":1.8333,"name":"skill3_00"}],"color":[{"time":2.8333,"color":"ffffffff"},{"time":3,"color":"ffffff00"}]}},"bones":{"MAIN":{"translate":[{"time":0.1666,"x":0,"y":-27.93},{"time":0.2333,"x":0,"y":-32.71,"curve":"stepped"},{"time":1,"x":51.93,"y":8.62,"curve":[0.191,0.67,0.75,1]},{"time":1.5,"x":379.72,"y":76.61,"curve":"stepped"},{"time":1.5666,"x":1388.81,"y":76.61,"curve":"stepped"},{"time":3.3333,"x":379.72,"y":76.61},{"time":3.4333,"x":204.87,"y":146.28},{"time":3.6666,"x":0,"y":0},{"time":4,"x":-10,"y":0}]},"skill3":{"translate":[{"time":1.8333,"x":1373.72,"y":150.62},{"time":1.9,"x":350,"y":150.62},{"time":1.9333,"x":300,"y":150.62},{"time":1.9666,"x":360,"y":150.62,"curve":"stepped"},{"time":2.8333,"x":360,"y":150.62},{"time":3,"x":909.03,"y":150.62}]},"EF_rotwave1_1":{"translate":[{"time":0.2333,"x":-250,"y":0}],"scale":[{"time":0.2333,"x":2,"y":2,"curve":[0.396,0.16,0.855,0.74]},{"time":0.6666,"x":1,"y":1}]},"EF_rotwave1_2":{"translate":[{"time":0.4666,"x":-250,"y":0}],"scale":[{"time":0.4666,"x":2,"y":2,"curve":[0.396,0.16,0.855,0.74]},{"time":0.9,"x":1,"y":1}]},"EF_wave1_1":{"translate":[{"time":0.9333,"x":-145.51,"y":-11.63}],"scale":[{"time":0.9333,"x":3,"y":3}]},"EF_sink1_1":{"translate":[{"time":0.1333,"x":-151.83,"y":-61.9}],"scale":[{"time":0.1333,"x":2.5,"y":2.5}]},"DAMAGEAREA":{"translate":[{"time":1.9333,"x":-249.95,"y":175.18}],"scale":[{"time":1.9333,"x":22.964,"y":13.666}]}},"events":[{"time":0,"name":"Event","string":"setFixedCamera(1)"},{"time":0,"name":"Voice","string":"cri_161_voice_fullarts_now_b"},{"time":0.0333,"name":"Event","float":0.3,"string":"kHitStopType_normal"},{"time":0.0666,"name":"Event","string":"setHitStopTime(0.3,1.2)"},{"time":0.1333,"name":"Sound1","string":"cri_se_battle_charge"},{"time":0.6666,"name":"Event","string":"setInvincibleTime(4)"},{"time":1,"name":"Event","string":"ignoreBorder_true"},{"time":1,"name":"Sound1","string":"cri_se_battle_jump"},{"time":1.6,"name":"Voice","string":"cri_161_voice_fullarts_rank6"},{"time":1.6666,"name":"Event","string":"setPosition_Center"},{"time":1.8,"name":"Sound3","string":"setHitSound(se_battle_hard_hit)"},{"time":1.8333,"name":"Sound1","string":"cri_se_battle_skill_dash_ef"},{"time":1.9333,"name":"Event","float":6,"string":"shakeGround"}]}}}