{"skeleton":{"hash":"aGQOuyqcwAy5GgMjKcQiewt6YlU","spine":"3.0.12","width":0,"height":0,"images":"./images2/"},"bones":[{"name":"root"},{"name":"MAIN","parent":"root","y":60.09},{"name":"idle_weapon","parent":"MAIN","x":36.55,"y":19.53},{"name":"SFADOW_OFFSET","parent":"MAIN","scaleX":2,"scaleY":2},{"name":"HITBOX","parent":"MAIN","scaleX":2,"scaleY":2},{"name":"EF","parent":"root","y":95.84},{"name":"S2_lightning1_4","parent":"EF","x":-200,"y":-5.84,"scaleX":2,"scaleY":2},{"name":"S2_lightning1_3","parent":"EF","x":-200,"y":-35.84,"scaleX":2,"scaleY":2},{"name":"S2_lightning1_2","parent":"EF","x":-200,"y":-65.84,"scaleX":2,"scaleY":2},{"name":"S2_lightning1","parent":"EF","x":-200,"y":-95.84,"scaleX":2,"scaleY":2},{"name":"S1_wave1","parent":"EF","y":-110.99,"scaleX":2,"scaleY":2},{"name":"S1_magic_2","parent":"EF","y":304.15,"scaleX":2,"scaleY":2},{"name":"S1_magic","parent":"EF","y":104.15,"scaleX":2,"scaleY":2},{"name":"DAMAGEAREA","parent":"root"}],"slots":[{"name":"Grit/nounit(0.88)","bone":"root"},{"name":"Grit/grid","bone":"root","color":"ffffff65"},{"name":"MAIN","bone":"MAIN","attachment":"attack_00"},{"name":"S2_lightning1","bone":"S2_lightning1","color":"a500ffff"},{"name":"S2_lightning2","bone":"S2_lightning1","color":"a500ffdd","blend":"additive"},{"name":"S2_lightning1_2","bone":"S2_lightning1_2","color":"a500ffff"},{"name":"S2_lightning1_5","bone":"S2_lightning1_2","color":"a500ffdd","blend":"additive"},{"name":"S2_lightning1_3","bone":"S2_lightning1_3","color":"a500ffff"},{"name":"S2_lightning1_6","bone":"S2_lightning1_3","color":"a500ffdd","blend":"additive"},{"name":"S2_lightning1_4","bone":"S2_lightning1_4","color":"a500ffff"},{"name":"S2_lightning1_7","bone":"S2_lightning1_4","color":"a500ffdd","blend":"additive"},{"name":"S1_wave1","bone":"S1_wave1","blend":"additive"},{"name":"S1_magic","bone":"S1_magic"},{"name":"S1_magic_2","bone":"S1_magic_2","blend":"additive"},{"name":"DAMAGEAREA","bone":"DAMAGEAREA"},{"name":"HITBOX","bone":"HITBOX","attachment":"HITBOX"},{"name":"idle_weapon","bone":"idle_weapon"}],"skins":{"default":{"DAMAGEAREA":{"DAMAGEAREA":{"type":"boundingbox","vertices":[-32.44433,-33.17154,31.81557,-32.81455,31.81557,31.80233,-32.44433,31.80233,0,0,0,0,0,0,0,0]}},"HITBOX":{"HITBOX":{"type":"boundingbox","vertices":[-21.58468,-30.31259,21.97634,-30.31259,21.97634,29.25041,-21.58468,30.13941,0,0,0,0,0,0,0,0]}},"MAIN":{"attack_00":{"x":-1.43,"y":17.91,"scaleX":0.966,"scaleY":0.966,"width":300,"height":300},"attack_01":{"x":-1.43,"y":17.91,"scaleX":0.966,"scaleY":0.966,"width":300,"height":300},"attack_02":{"x":-1.43,"y":18.08,"scaleX":0.973,"scaleY":0.973,"width":300,"height":300},"attack_03":{"x":-1.43,"y":17.91,"scaleX":0.97,"scaleY":0.97,"width":300,"height":300},"attack_04":{"x":-1.43,"y":17.91,"scaleX":0.967,"scaleY":0.967,"width":300,"height":300},"back_00":{"x":10.35,"y":20.86,"width":300,"height":300},"damage_00":{"x":10.35,"y":20.86,"width":390,"height":384},"front_00":{"x":10.35,"y":20.86,"width":300,"height":300},"idle_00":{"x":10.34,"y":20.86,"width":256,"height":256},"idle_01":{"x":10.34,"y":20.86,"width":256,"height":256},"idle_02":{"x":10.34,"y":20.86,"width":256,"height":256},"idle_03":{"x":10.34,"y":20.86,"width":256,"height":256},"idle_04":{"x":10.34,"y":20.86,"width":256,"height":256},"skill1_00":{"x":10.35,"y":20.86,"width":300,"height":300},"skill1_01":{"x":10.35,"y":20.86,"width":300,"height":300},"skill1_02":{"x":10.35,"y":20.86,"width":300,"height":300},"skill1_03":{"x":4.87,"y":20.86,"width":300,"height":300},"skill1_04":{"x":4.87,"y":20.86,"width":300,"height":300},"skill1_05":{"x":4.87,"y":20.86,"width":300,"height":300},"skill1_06":{"x":4.87,"y":20.86,"width":300,"height":300},"skill1_07":{"x":4.87,"y":20.86,"width":300,"height":300},"skill1_08":{"x":4.87,"y":20.86,"width":300,"height":300},"skill1_09":{"x":4.87,"y":20.86,"width":300,"height":300}},"S1_magic":{"EF/390_S1_magic/390_S1_magic_00038":{"type":"mesh","uvs":[1,1,0,1,0,0,1,0],"triangles":[1,2,3,1,3,0],"vertices":[150,-150,-150,-150,-150,150,150,150],"hull":4,"edges":[0,2,2,4,4,6,0,6],"width":300,"height":300}},"S1_magic_2":{"EF/390_S1_magic/390_S1_magic_00038":{"type":"mesh","uvs":[1,1,0,1,0,0,1,0],"triangles":[1,2,3,1,3,0],"vertices":[150,-150,-150,-150,-150,150,150,150],"hull":4,"edges":[0,2,2,4,4,6,0,6],"width":300,"height":300}},"S1_wave1":{"EF/640_S1_wave1/640_S1_wave1_00038":{"y":15.14,"width":300,"height":300},"EF/640_S1_wave1/640_S1_wave1_00039":{"y":15.14,"width":300,"height":300},"EF/640_S1_wave1/640_S1_wave1_00040":{"y":15.14,"width":300,"height":300},"EF/640_S1_wave1/640_S1_wave1_00041":{"y":15.14,"width":300,"height":300},"EF/640_S1_wave1/640_S1_wave1_00042":{"y":15.14,"width":300,"height":300},"EF/640_S1_wave1/640_S1_wave1_00043":{"y":15.14,"width":300,"height":300},"EF/640_S1_wave1/640_S1_wave1_00044":{"y":15.14,"width":300,"height":300},"EF/640_S1_wave1/640_S1_wave1_00045":{"y":15.14,"width":300,"height":300},"EF/640_S1_wave1/640_S1_wave1_00046":{"y":15.14,"width":300,"height":300},"EF/640_S1_wave1/640_S1_wave1_00047":{"y":15.14,"width":300,"height":300},"EF/640_S1_wave1/640_S1_wave1_00048":{"y":15.14,"width":300,"height":300},"EF/640_S1_wave1/640_S1_wave1_00049":{"y":15.14,"width":300,"height":300},"EF/640_S1_wave1/640_S1_wave1_00050":{"y":15.14,"width":300,"height":300}},"S2_lightning1":{"EF/390_S2_lightning1_DOT/390_S2_lightning1_00039":{"x":0.02,"width":300,"height":300},"EF/390_S2_lightning1_DOT/390_S2_lightning1_00040":{"x":0.02,"width":300,"height":300},"EF/390_S2_lightning1_DOT/390_S2_lightning1_00041":{"x":0.02,"width":300,"height":300},"EF/390_S2_lightning1_DOT/390_S2_lightning1_00042":{"x":0.02,"width":300,"height":300},"EF/390_S2_lightning1_DOT/390_S2_lightning1_00043":{"x":0.02,"width":300,"height":300},"EF/390_S2_lightning1_DOT/390_S2_lightning1_00044":{"x":0.02,"width":300,"height":300},"EF/390_S2_lightning1_DOT/390_S2_lightning1_00045":{"x":0.02,"width":300,"height":300},"EF/390_S2_lightning1_DOT/390_S2_lightning1_00046":{"x":0.02,"width":300,"height":300},"EF/390_S2_lightning1_DOT/390_S2_lightning1_00047":{"x":0.02,"width":300,"height":300},"EF/390_S2_lightning1_DOT/390_S2_lightning1_00048":{"x":0.02,"width":300,"height":300},"EF/390_S2_lightning1_DOT/390_S2_lightning1_00049":{"x":0.02,"width":300,"height":300}},"S2_lightning1_2":{"EF/390_S2_lightning1_DOT/390_S2_lightning1_00039":{"x":0.02,"width":300,"height":300},"EF/390_S2_lightning1_DOT/390_S2_lightning1_00040":{"x":0.02,"width":300,"height":300},"EF/390_S2_lightning1_DOT/390_S2_lightning1_00041":{"x":0.02,"width":300,"height":300},"EF/390_S2_lightning1_DOT/390_S2_lightning1_00042":{"x":0.02,"width":300,"height":300},"EF/390_S2_lightning1_DOT/390_S2_lightning1_00043":{"x":0.02,"width":300,"height":300},"EF/390_S2_lightning1_DOT/390_S2_lightning1_00044":{"x":0.02,"width":300,"height":300},"EF/390_S2_lightning1_DOT/390_S2_lightning1_00045":{"x":0.02,"width":300,"height":300},"EF/390_S2_lightning1_DOT/390_S2_lightning1_00046":{"x":0.02,"width":300,"height":300},"EF/390_S2_lightning1_DOT/390_S2_lightning1_00047":{"x":0.02,"width":300,"height":300},"EF/390_S2_lightning1_DOT/390_S2_lightning1_00048":{"x":0.02,"width":300,"height":300},"EF/390_S2_lightning1_DOT/390_S2_lightning1_00049":{"x":0.02,"width":300,"height":300}},"S2_lightning1_3":{"EF/390_S2_lightning1_DOT/390_S2_lightning1_00039":{"x":0.02,"width":300,"height":300},"EF/390_S2_lightning1_DOT/390_S2_lightning1_00040":{"x":0.02,"width":300,"height":300},"EF/390_S2_lightning1_DOT/390_S2_lightning1_00041":{"x":0.02,"width":300,"height":300},"EF/390_S2_lightning1_DOT/390_S2_lightning1_00042":{"x":0.02,"width":300,"height":300},"EF/390_S2_lightning1_DOT/390_S2_lightning1_00043":{"x":0.02,"width":300,"height":300},"EF/390_S2_lightning1_DOT/390_S2_lightning1_00044":{"x":0.02,"width":300,"height":300},"EF/390_S2_lightning1_DOT/390_S2_lightning1_00045":{"x":0.02,"width":300,"height":300},"EF/390_S2_lightning1_DOT/390_S2_lightning1_00046":{"x":0.02,"width":300,"height":300},"EF/390_S2_lightning1_DOT/390_S2_lightning1_00047":{"x":0.02,"width":300,"height":300},"EF/390_S2_lightning1_DOT/390_S2_lightning1_00048":{"x":0.02,"width":300,"height":300},"EF/390_S2_lightning1_DOT/390_S2_lightning1_00049":{"x":0.02,"width":300,"height":300}},"S2_lightning1_4":{"EF/390_S2_lightning1_DOT/390_S2_lightning1_00039":{"x":0.02,"width":300,"height":300},"EF/390_S2_lightning1_DOT/390_S2_lightning1_00040":{"x":0.02,"width":300,"height":300},"EF/390_S2_lightning1_DOT/390_S2_lightning1_00041":{"x":0.02,"width":300,"height":300},"EF/390_S2_lightning1_DOT/390_S2_lightning1_00042":{"x":0.02,"width":300,"height":300},"EF/390_S2_lightning1_DOT/390_S2_lightning1_00043":{"x":0.02,"width":300,"height":300},"EF/390_S2_lightning1_DOT/390_S2_lightning1_00044":{"x":0.02,"width":300,"height":300},"EF/390_S2_lightning1_DOT/390_S2_lightning1_00045":{"x":0.02,"width":300,"height":300},"EF/390_S2_lightning1_DOT/390_S2_lightning1_00046":{"x":0.02,"width":300,"height":300},"EF/390_S2_lightning1_DOT/390_S2_lightning1_00047":{"x":0.02,"width":300,"height":300},"EF/390_S2_lightning1_DOT/390_S2_lightning1_00048":{"x":0.02,"width":300,"height":300},"EF/390_S2_lightning1_DOT/390_S2_lightning1_00049":{"x":0.02,"width":300,"height":300}},"S2_lightning1_5":{"EF/390_S2_lightning1_DOT/390_S2_lightning1_00039":{"x":0.02,"width":300,"height":300},"EF/390_S2_lightning1_DOT/390_S2_lightning1_00040":{"x":0.02,"width":300,"height":300},"EF/390_S2_lightning1_DOT/390_S2_lightning1_00041":{"x":0.02,"width":300,"height":300},"EF/390_S2_lightning1_DOT/390_S2_lightning1_00042":{"x":0.02,"width":300,"height":300},"EF/390_S2_lightning1_DOT/390_S2_lightning1_00043":{"x":0.02,"width":300,"height":300},"EF/390_S2_lightning1_DOT/390_S2_lightning1_00044":{"x":0.02,"width":300,"height":300},"EF/390_S2_lightning1_DOT/390_S2_lightning1_00045":{"x":0.02,"width":300,"height":300},"EF/390_S2_lightning1_DOT/390_S2_lightning1_00046":{"x":0.02,"width":300,"height":300},"EF/390_S2_lightning1_DOT/390_S2_lightning1_00047":{"x":0.02,"width":300,"height":300},"EF/390_S2_lightning1_DOT/390_S2_lightning1_00048":{"x":0.02,"width":300,"height":300},"EF/390_S2_lightning1_DOT/390_S2_lightning1_00049":{"x":0.02,"width":300,"height":300}},"S2_lightning1_6":{"EF/390_S2_lightning1_DOT/390_S2_lightning1_00039":{"x":0.02,"width":300,"height":300},"EF/390_S2_lightning1_DOT/390_S2_lightning1_00040":{"x":0.02,"width":300,"height":300},"EF/390_S2_lightning1_DOT/390_S2_lightning1_00041":{"x":0.02,"width":300,"height":300},"EF/390_S2_lightning1_DOT/390_S2_lightning1_00042":{"x":0.02,"width":300,"height":300},"EF/390_S2_lightning1_DOT/390_S2_lightning1_00043":{"x":0.02,"width":300,"height":300},"EF/390_S2_lightning1_DOT/390_S2_lightning1_00044":{"x":0.02,"width":300,"height":300},"EF/390_S2_lightning1_DOT/390_S2_lightning1_00045":{"x":0.02,"width":300,"height":300},"EF/390_S2_lightning1_DOT/390_S2_lightning1_00046":{"x":0.02,"width":300,"height":300},"EF/390_S2_lightning1_DOT/390_S2_lightning1_00047":{"x":0.02,"width":300,"height":300},"EF/390_S2_lightning1_DOT/390_S2_lightning1_00048":{"x":0.02,"width":300,"height":300},"EF/390_S2_lightning1_DOT/390_S2_lightning1_00049":{"x":0.02,"width":300,"height":300}},"S2_lightning1_7":{"EF/390_S2_lightning1_DOT/390_S2_lightning1_00039":{"x":0.02,"width":300,"height":300},"EF/390_S2_lightning1_DOT/390_S2_lightning1_00040":{"x":0.02,"width":300,"height":300},"EF/390_S2_lightning1_DOT/390_S2_lightning1_00041":{"x":0.02,"width":300,"height":300},"EF/390_S2_lightning1_DOT/390_S2_lightning1_00042":{"x":0.02,"width":300,"height":300},"EF/390_S2_lightning1_DOT/390_S2_lightning1_00043":{"x":0.02,"width":300,"height":300},"EF/390_S2_lightning1_DOT/390_S2_lightning1_00044":{"x":0.02,"width":300,"height":300},"EF/390_S2_lightning1_DOT/390_S2_lightning1_00045":{"x":0.02,"width":300,"height":300},"EF/390_S2_lightning1_DOT/390_S2_lightning1_00046":{"x":0.02,"width":300,"height":300},"EF/390_S2_lightning1_DOT/390_S2_lightning1_00047":{"x":0.02,"width":300,"height":300},"EF/390_S2_lightning1_DOT/390_S2_lightning1_00048":{"x":0.02,"width":300,"height":300},"EF/390_S2_lightning1_DOT/390_S2_lightning1_00049":{"x":0.02,"width":300,"height":300}},"S2_lightning2":{"EF/390_S2_lightning1_DOT/390_S2_lightning1_00039":{"x":0.02,"width":300,"height":300},"EF/390_S2_lightning1_DOT/390_S2_lightning1_00040":{"x":0.02,"width":300,"height":300},"EF/390_S2_lightning1_DOT/390_S2_lightning1_00041":{"x":0.02,"width":300,"height":300},"EF/390_S2_lightning1_DOT/390_S2_lightning1_00042":{"x":0.02,"width":300,"height":300},"EF/390_S2_lightning1_DOT/390_S2_lightning1_00043":{"x":0.02,"width":300,"height":300},"EF/390_S2_lightning1_DOT/390_S2_lightning1_00044":{"x":0.02,"width":300,"height":300},"EF/390_S2_lightning1_DOT/390_S2_lightning1_00045":{"x":0.02,"width":300,"height":300},"EF/390_S2_lightning1_DOT/390_S2_lightning1_00046":{"x":0.02,"width":300,"height":300},"EF/390_S2_lightning1_DOT/390_S2_lightning1_00047":{"x":0.02,"width":300,"height":300},"EF/390_S2_lightning1_DOT/390_S2_lightning1_00048":{"x":0.02,"width":300,"height":300},"EF/390_S2_lightning1_DOT/390_S2_lightning1_00049":{"x":0.02,"width":300,"height":300}},"idle_weapon":{"idle_weapon":{"x":10.41,"y":15.67,"width":82,"height":202}}}},"events":{"Event":{},"Hit":{},"HitEffect":{},"Sound":{},"Sound_1":{},"Sound_2":{},"Sound_3":{},"Voice":{}},"animations":{"attack1":{"slots":{"DAMAGEAREA":{"attachment":[{"time":0.4,"name":"DAMAGEAREA"},{"time":0.6,"name":null},{"time":1.8333,"name":"DAMAGEAREA"},{"time":2.0666,"name":null},{"time":2.2333,"name":"DAMAGEAREA"},{"time":2.4666,"name":null}]},"MAIN":{"attachment":[{"time":0,"name":"attack_00"},{"time":0.2333,"name":"attack_01"},{"time":0.3333,"name":"attack_02"},{"time":0.4666,"name":"attack_03"},{"time":0.6,"name":"attack_04"},{"time":0.8,"name":"attack_04"},{"time":0.9666,"name":"skill1_00"},{"time":1.0333,"name":"skill1_01"},{"time":1.0666,"name":"skill1_02"},{"time":1.1333,"name":"skill1_00"},{"time":1.2,"name":"skill1_01"},{"time":1.2333,"name":"skill1_02"},{"time":1.3,"name":"skill1_04"},{"time":1.5,"name":"attack_00"},{"time":1.7333,"name":"attack_01"},{"time":1.8666,"name":"attack_00"},{"time":2.1,"name":"attack_01"},{"time":2.2,"name":"attack_02"},{"time":2.3333,"name":"attack_03"},{"time":2.4666,"name":"attack_04"},{"time":2.6666,"name":"attack_04"}]},"S2_lightning1":{"attachment":[{"time":0.2333,"name":"EF/390_S2_lightning1_DOT/390_S2_lightning1_00039"},{"time":0.2666,"name":"EF/390_S2_lightning1_DOT/390_S2_lightning1_00042"},{"time":0.3333,"name":"EF/390_S2_lightning1_DOT/390_S2_lightning1_00043"},{"time":0.3666,"name":"EF/390_S2_lightning1_DOT/390_S2_lightning1_00044"},{"time":0.4,"name":"EF/390_S2_lightning1_DOT/390_S2_lightning1_00045"},{"time":0.4333,"name":"EF/390_S2_lightning1_DOT/390_S2_lightning1_00046"},{"time":0.4666,"name":"EF/390_S2_lightning1_DOT/390_S2_lightning1_00047"},{"time":0.5,"name":"EF/390_S2_lightning1_DOT/390_S2_lightning1_00048"},{"time":0.5333,"name":"EF/390_S2_lightning1_DOT/390_S2_lightning1_00049"},{"time":0.6,"name":null},{"time":1.7,"name":"EF/390_S2_lightning1_DOT/390_S2_lightning1_00039"},{"time":1.7333,"name":"EF/390_S2_lightning1_DOT/390_S2_lightning1_00042"},{"time":1.8,"name":"EF/390_S2_lightning1_DOT/390_S2_lightning1_00043"},{"time":1.8333,"name":"EF/390_S2_lightning1_DOT/390_S2_lightning1_00044"},{"time":1.8666,"name":"EF/390_S2_lightning1_DOT/390_S2_lightning1_00045"},{"time":1.9,"name":"EF/390_S2_lightning1_DOT/390_S2_lightning1_00046"},{"time":1.9333,"name":"EF/390_S2_lightning1_DOT/390_S2_lightning1_00047"},{"time":1.9666,"name":"EF/390_S2_lightning1_DOT/390_S2_lightning1_00048"},{"time":2,"name":"EF/390_S2_lightning1_DOT/390_S2_lightning1_00049"},{"time":2.0666,"name":null},{"time":2.1,"name":"EF/390_S2_lightning1_DOT/390_S2_lightning1_00039"},{"time":2.1333,"name":"EF/390_S2_lightning1_DOT/390_S2_lightning1_00042"},{"time":2.2,"name":"EF/390_S2_lightning1_DOT/390_S2_lightning1_00043"},{"time":2.2333,"name":"EF/390_S2_lightning1_DOT/390_S2_lightning1_00044"},{"time":2.2666,"name":"EF/390_S2_lightning1_DOT/390_S2_lightning1_00045"},{"time":2.3,"name":"EF/390_S2_lightning1_DOT/390_S2_lightning1_00046"},{"time":2.3333,"name":"EF/390_S2_lightning1_DOT/390_S2_lightning1_00047"},{"time":2.3666,"name":"EF/390_S2_lightning1_DOT/390_S2_lightning1_00048"},{"time":2.4,"name":"EF/390_S2_lightning1_DOT/390_S2_lightning1_00049"},{"time":2.4666,"name":null}]},"S2_lightning2":{"attachment":[{"time":0.2333,"name":"EF/390_S2_lightning1_DOT/390_S2_lightning1_00039"},{"time":0.2666,"name":"EF/390_S2_lightning1_DOT/390_S2_lightning1_00042"},{"time":0.3333,"name":"EF/390_S2_lightning1_DOT/390_S2_lightning1_00043"},{"time":0.3666,"name":"EF/390_S2_lightning1_DOT/390_S2_lightning1_00044"},{"time":0.4,"name":"EF/390_S2_lightning1_DOT/390_S2_lightning1_00045"},{"time":0.4333,"name":"EF/390_S2_lightning1_DOT/390_S2_lightning1_00046"},{"time":0.4666,"name":"EF/390_S2_lightning1_DOT/390_S2_lightning1_00047"},{"time":0.5,"name":"EF/390_S2_lightning1_DOT/390_S2_lightning1_00048"},{"time":0.5333,"name":"EF/390_S2_lightning1_DOT/390_S2_lightning1_00049"},{"time":0.6,"name":null},{"time":1.7,"name":"EF/390_S2_lightning1_DOT/390_S2_lightning1_00039"},{"time":1.7333,"name":"EF/390_S2_lightning1_DOT/390_S2_lightning1_00042"},{"time":1.8,"name":"EF/390_S2_lightning1_DOT/390_S2_lightning1_00043"},{"time":1.8333,"name":"EF/390_S2_lightning1_DOT/390_S2_lightning1_00044"},{"time":1.8666,"name":"EF/390_S2_lightning1_DOT/390_S2_lightning1_00045"},{"time":1.9,"name":"EF/390_S2_lightning1_DOT/390_S2_lightning1_00046"},{"time":1.9333,"name":"EF/390_S2_lightning1_DOT/390_S2_lightning1_00047"},{"time":1.9666,"name":"EF/390_S2_lightning1_DOT/390_S2_lightning1_00048"},{"time":2,"name":"EF/390_S2_lightning1_DOT/390_S2_lightning1_00049"},{"time":2.0666,"name":null},{"time":2.1,"name":"EF/390_S2_lightning1_DOT/390_S2_lightning1_00039"},{"time":2.1333,"name":"EF/390_S2_lightning1_DOT/390_S2_lightning1_00042"},{"time":2.2,"name":"EF/390_S2_lightning1_DOT/390_S2_lightning1_00043"},{"time":2.2333,"name":"EF/390_S2_lightning1_DOT/390_S2_lightning1_00044"},{"time":2.2666,"name":"EF/390_S2_lightning1_DOT/390_S2_lightning1_00045"},{"time":2.3,"name":"EF/390_S2_lightning1_DOT/390_S2_lightning1_00046"},{"time":2.3333,"name":"EF/390_S2_lightning1_DOT/390_S2_lightning1_00047"},{"time":2.3666,"name":"EF/390_S2_lightning1_DOT/390_S2_lightning1_00048"},{"time":2.4,"name":"EF/390_S2_lightning1_DOT/390_S2_lightning1_00049"},{"time":2.4666,"name":null}]}},"bones":{"S2_lightning1":{"rotate":[{"time":0.2333,"angle":7.94,"curve":"stepped"},{"time":1.7,"angle":15.71,"curve":"stepped"},{"time":2.1,"angle":-2.23}],"translate":[{"time":0,"x":-1.24,"y":-2.48,"curve":"stepped"},{"time":0.2333,"x":85.67,"y":103.54}]},"DAMAGEAREA":{"translate":[{"time":0.4,"x":-225.16,"y":80.49,"curve":"stepped"},{"time":1.8333,"x":-225.16,"y":58.31,"curve":"stepped"},{"time":2.2333,"x":-225.16,"y":126.69}],"scale":[{"time":0.4,"x":5.285,"y":1.863}]}},"events":[{"time":0,"name":"HitEffect","string":"setHitEffect(hit02e,1,0.7,1)"},{"time":0.2666,"name":"Event","float":0.2,"string":"kHitStopType_enemyonly"},{"time":0.2666,"name":"Sound_1","string":"cri_se_battle_spark"},{"time":0.2666,"name":"Voice","string":"cri_030_voice_attack_random"},{"time":0.9666,"name":"Sound_1","string":"cri_se_battle_sword_swish_heavy"},{"time":1.1,"name":"Sound_1","string":"cri_se_battle_sword_swish_heavy"},{"time":1.2333,"name":"Sound_1","string":"cri_se_battle_sword_swish_heavy"},{"time":1.7333,"name":"Sound_1","string":"cri_se_battle_spark"},{"time":1.7333,"name":"Voice","string":"cri_030_voice_attack_c"},{"time":1.8333,"name":"Hit","string":"resetHitList"},{"time":2.1333,"name":"Sound_1","string":"cri_se_battle_spark"},{"time":2.2333,"name":"Hit","string":"resetHitList"}]},"back":{"slots":{"MAIN":{"attachment":[{"time":0,"name":"back_00"},{"time":0.3666,"name":"idle_00"},{"time":0.4666,"name":"idle_01"},{"time":0.6,"name":"idle_02"},{"time":0.7333,"name":"idle_03"},{"time":0.8666,"name":"idle_04"},{"time":1,"name":"idle_04"}]},"idle_weapon":{"attachment":[{"time":0.3666,"name":"idle_weapon"}]}},"bones":{"MAIN":{"translate":[{"time":0,"x":0,"y":5,"curve":[0.167,0.77,0.75,1]},{"time":0.4,"x":133,"y":5},{"time":0.5333,"x":140,"y":5}]},"idle_weapon":{"rotate":[{"time":0.3666,"angle":0,"curve":"stepped"},{"time":0.4666,"angle":0.12,"curve":"stepped"},{"time":0.6,"angle":359.68,"curve":"stepped"},{"time":0.7333,"angle":359.72,"curve":"stepped"},{"time":0.8666,"angle":359.45}],"translate":[{"time":0.3666,"x":-0.2,"y":0,"curve":"stepped"},{"time":0.4666,"x":-0.33,"y":-1.07,"curve":"stepped"},{"time":0.6,"x":-0.33,"y":-2.28,"curve":"stepped"},{"time":0.7333,"x":-0.33,"y":-3.08,"curve":"stepped"},{"time":0.8666,"x":-0.13,"y":-1.48}]}},"events":[{"time":0.0333,"name":"Sound_1","string":"cri_se_battle_step"}]},"cast":{"slots":{"MAIN":{"attachment":[{"time":0,"name":"attack_00"},{"time":0.5,"name":"attack_01"},{"time":0.5666,"name":"attack_03"},{"time":0.6666,"name":"attack_04"},{"time":0.8,"name":"attack_04"}]}},"events":[{"time":0.5,"name":"Voice","string":"cri_030_voice_item"}]},"damage":{"slots":{"MAIN":{"attachment":[{"time":0,"name":"damage_00"}]}}},"front":{"slots":{"MAIN":{"attachment":[{"time":0,"name":"front_00"}]}},"bones":{"MAIN":{"translate":[{"time":0,"x":0,"y":5}]}}},"idle":{"slots":{"MAIN":{"attachment":[{"time":0,"name":"idle_00"},{"time":0.1666,"name":"idle_01"},{"time":0.3333,"name":"idle_02"},{"time":0.5,"name":"idle_03"},{"time":0.6666,"name":"idle_04"},{"time":0.8333,"name":"idle_00"}]},"idle_weapon":{"attachment":[{"time":0,"name":"idle_weapon"}]}},"bones":{"idle_weapon":{"rotate":[{"time":0,"angle":0,"curve":"stepped"},{"time":0.1666,"angle":0.12,"curve":"stepped"},{"time":0.3333,"angle":359.68,"curve":"stepped"},{"time":0.5,"angle":359.72,"curve":"stepped"},{"time":0.6666,"angle":359.45,"curve":"stepped"},{"time":0.8333,"angle":0}],"translate":[{"time":0,"x":-0.2,"y":0,"curve":"stepped"},{"time":0.1666,"x":-0.33,"y":-1.07,"curve":"stepped"},{"time":0.3333,"x":-0.33,"y":-2.28,"curve":"stepped"},{"time":0.5,"x":-0.33,"y":-3.08,"curve":"stepped"},{"time":0.6666,"x":-0.13,"y":-1.48,"curve":"stepped"},{"time":0.8333,"x":-0.2,"y":0}]}}},"skill1":{"slots":{"DAMAGEAREA":{"attachment":[{"time":2.0333,"name":"DAMAGEAREA"},{"time":2.7333,"name":null}]},"MAIN":{"attachment":[{"time":0,"name":"idle_00"},{"time":0.1666,"name":"idle_01"},{"time":0.3,"name":"idle_02"},{"time":0.4333,"name":"idle_03"},{"time":0.5666,"name":"idle_04"},{"time":0.7,"name":"skill1_00"},{"time":0.7666,"name":"skill1_01"},{"time":0.8333,"name":"skill1_02"},{"time":0.9,"name":"skill1_00"},{"time":0.9666,"name":"skill1_01"},{"time":1.0333,"name":"skill1_02"},{"time":1.1,"name":"skill1_03"},{"time":1.1666,"name":"skill1_04"},{"time":1.3666,"name":"skill1_05"},{"time":1.4333,"name":"skill1_06"},{"time":1.5,"name":"skill1_05"},{"time":1.5666,"name":"skill1_06"},{"time":1.6333,"name":"skill1_05"},{"time":1.7,"name":"skill1_06"},{"time":1.7666,"name":"skill1_05"},{"time":1.8333,"name":"skill1_06"},{"time":1.9,"name":"skill1_05"},{"time":1.9666,"name":"skill1_06"},{"time":2.0333,"name":"skill1_05"},{"time":2.1,"name":"skill1_06"},{"time":2.1666,"name":"skill1_05"},{"time":2.2333,"name":"skill1_06"},{"time":2.3,"name":"skill1_05"},{"time":2.3666,"name":"skill1_06"},{"time":2.4333,"name":"skill1_07"},{"time":2.5,"name":"skill1_08"},{"time":2.5666,"name":"skill1_09"},{"time":2.7,"name":"idle_00"}]},"S1_magic":{"attachment":[{"time":0.7,"name":"EF/390_S1_magic/390_S1_magic_00038"}],"color":[{"time":2.6,"color":"ffffffff"},{"time":2.8666,"color":"ffffff00"}]},"S1_magic_2":{"attachment":[{"time":0.9666,"name":"EF/390_S1_magic/390_S1_magic_00038"}],"color":[{"time":0.9666,"color":"ffffff98"},{"time":1.2666,"color":"ffffff00"}]},"S1_wave1":{"attachment":[{"time":0,"name":null},{"time":0.7,"name":"EF/640_S1_wave1/640_S1_wave1_00038"},{"time":0.7333,"name":"EF/640_S1_wave1/640_S1_wave1_00039"},{"time":0.7666,"name":"EF/640_S1_wave1/640_S1_wave1_00040"},{"time":0.8,"name":"EF/640_S1_wave1/640_S1_wave1_00041"},{"time":0.8333,"name":"EF/640_S1_wave1/640_S1_wave1_00042"},{"time":0.8666,"name":"EF/640_S1_wave1/640_S1_wave1_00043"},{"time":0.9,"name":"EF/640_S1_wave1/640_S1_wave1_00044"},{"time":0.9333,"name":"EF/640_S1_wave1/640_S1_wave1_00045"},{"time":0.9666,"name":"EF/640_S1_wave1/640_S1_wave1_00046"},{"time":1,"name":"EF/640_S1_wave1/640_S1_wave1_00047"},{"time":1.0333,"name":"EF/640_S1_wave1/640_S1_wave1_00048"},{"time":1.0666,"name":"EF/640_S1_wave1/640_S1_wave1_00049"},{"time":1.1,"name":"EF/640_S1_wave1/640_S1_wave1_00050"},{"time":1.1333,"name":null},{"time":1.3666,"name":"EF/640_S1_wave1/640_S1_wave1_00038"},{"time":1.4,"name":"EF/640_S1_wave1/640_S1_wave1_00039"},{"time":1.4333,"name":"EF/640_S1_wave1/640_S1_wave1_00040"},{"time":1.4666,"name":"EF/640_S1_wave1/640_S1_wave1_00041"},{"time":1.5,"name":"EF/640_S1_wave1/640_S1_wave1_00042"},{"time":1.5333,"name":"EF/640_S1_wave1/640_S1_wave1_00043"},{"time":1.5666,"name":"EF/640_S1_wave1/640_S1_wave1_00044"},{"time":1.6,"name":"EF/640_S1_wave1/640_S1_wave1_00045"},{"time":1.6333,"name":"EF/640_S1_wave1/640_S1_wave1_00046"},{"time":1.6666,"name":"EF/640_S1_wave1/640_S1_wave1_00047"},{"time":1.7,"name":"EF/640_S1_wave1/640_S1_wave1_00048"},{"time":1.7333,"name":"EF/640_S1_wave1/640_S1_wave1_00049"},{"time":1.7666,"name":"EF/640_S1_wave1/640_S1_wave1_00050"},{"time":1.8,"name":null},{"time":2,"name":"EF/640_S1_wave1/640_S1_wave1_00038"},{"time":2.0333,"name":"EF/640_S1_wave1/640_S1_wave1_00039"},{"time":2.0666,"name":"EF/640_S1_wave1/640_S1_wave1_00040"},{"time":2.1,"name":"EF/640_S1_wave1/640_S1_wave1_00041"},{"time":2.1333,"name":"EF/640_S1_wave1/640_S1_wave1_00042"},{"time":2.1666,"name":"EF/640_S1_wave1/640_S1_wave1_00043"},{"time":2.2,"name":"EF/640_S1_wave1/640_S1_wave1_00044"},{"time":2.2333,"name":"EF/640_S1_wave1/640_S1_wave1_00045"},{"time":2.2666,"name":"EF/640_S1_wave1/640_S1_wave1_00046"},{"time":2.3,"name":"EF/640_S1_wave1/640_S1_wave1_00047"},{"time":2.3333,"name":"EF/640_S1_wave1/640_S1_wave1_00048"},{"time":2.3666,"name":"EF/640_S1_wave1/640_S1_wave1_00049"},{"time":2.4,"name":"EF/640_S1_wave1/640_S1_wave1_00050"},{"time":2.4333,"name":null}]},"idle_weapon":{"attachment":[{"time":0,"name":"idle_weapon"},{"time":0.7,"name":null},{"time":2.7,"name":"idle_weapon"}]}},"bones":{"S1_wave1":{"translate":[{"time":0.7,"x":0,"y":19.2}],"scale":[{"time":0.7,"x":2,"y":2}]},"S1_magic_2":{"translate":[{"time":0.9666,"x":0,"y":-399.91}],"scale":[{"time":0.9666,"x":1.26,"y":0.224}]},"S1_magic":{"translate":[{"time":0.7,"x":0,"y":-196.78},{"time":0.9666,"x":0,"y":-199.91}],"scale":[{"time":0.7,"x":1.36,"y":0.251},{"time":0.9666,"x":3.104,"y":0.573}]},"DAMAGEAREA":{"translate":[{"time":1.9666,"x":-246.94,"y":118.94}],"scale":[{"time":1.9666,"x":3.107,"y":2.791},{"time":2.2,"x":5.803,"y":5.213}]},"idle_weapon":{"rotate":[{"time":0,"angle":0,"curve":"stepped"},{"time":0.1666,"angle":0.12,"curve":"stepped"},{"time":0.3,"angle":359.68,"curve":"stepped"},{"time":0.4333,"angle":359.72,"curve":"stepped"},{"time":0.5666,"angle":359.45,"curve":"stepped"},{"time":2.7,"angle":0}],"translate":[{"time":0,"x":-0.2,"y":0,"curve":"stepped"},{"time":0.1666,"x":-0.33,"y":-1.07,"curve":"stepped"},{"time":0.3,"x":-0.33,"y":-2.28,"curve":"stepped"},{"time":0.4333,"x":-0.33,"y":-3.08,"curve":"stepped"},{"time":0.5666,"x":-0.13,"y":-1.48,"curve":"stepped"},{"time":2.7,"x":-0.2,"y":0}]}},"ffd":{"default":{"S1_magic":{"EF/390_S1_magic/390_S1_magic_00038":[{"time":0.7,"vertices":[-98.31713,98.3161,98.31713,98.3161,98.31713,-98.3183,-98.31713,-98.3183]},{"time":2.6,"vertices":[-104.33817,93.23503,93.23611,104.3371,104.33817,-93.2373,-93.23611,-104.33936]},{"time":2.8666,"vertices":[-143.28233,141.38416,141.38545,143.28111,143.28238,-141.38673,-141.38539,-143.28355]}]},"S1_magic_2":{"EF/390_S1_magic/390_S1_magic_00038":[{"time":0.9666,"vertices":[-0.33767,-4.20736,-4.20738,0.33769,0.33767,4.2074,4.20738,-0.33765]},{"time":1.1666,"vertices":[81.91304,-93.72929,-93.72934,-81.91301,-81.91304,93.72934,93.72934,81.91305]},{"time":1.2666,"vertices":[65.20166,-81.03752,-81.03755,-65.20161,-65.20164,81.03756,81.03755,65.20166]}]}}},"drawOrder":[{"time":0.7,"offsets":[{"slot":"S1_wave1","offset":-7},{"slot":"S1_magic","offset":-9},{"slot":"S1_magic_2","offset":-11}]}],"events":[{"time":0,"name":"HitEffect","string":"setHitEffect(hit04e,1,1,1)"},{"time":0.7,"name":"Sound_1","string":"cri_se_battle_sword_swish_heavy"},{"time":0.7,"name":"Sound_2","string":"cri_se_battle_magic_Invocation_dark"},{"time":0.7,"name":"Sound_3","string":"cri_se_battle_arrow_light_effect"},{"time":0.7,"name":"Voice","string":"cri_030_voice_skill_all"},{"time":0.8333,"name":"Sound_1","string":"cri_se_battle_sword_swish_heavy"},{"time":0.9666,"name":"Sound_1","string":"cri_se_battle_sword_swish_heavy"},{"time":1.3666,"name":"Sound_1","string":"cri_se_battle_charge"},{"time":1.3666,"name":"Sound_2","string":"cri_se_battle_gun_burst"},{"time":1.3666,"name":"Sound_3","string":"cri_se_battle_arrow_light_effect"},{"time":1.8333,"name":"Sound_2","string":"cri_se_battle_spark"},{"time":1.9333,"name":"Event","string":"kImpactType_down"},{"time":2,"name":"Event","float":0.05,"string":"kHitStopType_enemyonly"},{"time":2,"name":"Sound_1","string":"cri_se_battle_029_explosion_01"},{"time":2,"name":"Sound_2","string":"cri_se_battle_spark_rise"},{"time":2,"name":"Sound_3","string":"cri_se_battle_arrow_light_effect"},{"time":2.0333,"name":"Event","string":"shakeGround"},{"time":2.2,"name":"HitEffect","string":"setHitEffect(hit02e,1,0.75,1)"},{"time":2.2333,"name":"Hit","float":0.75,"string":"resetHitList"},{"time":2.2333,"name":"Sound_1","string":"setHitSound(se_battle_spark)"},{"time":2.3,"name":"Hit","float":0.75,"string":"resetHitList"},{"time":2.3,"name":"Sound_1","string":"setHitSound(se_battle_spark)"},{"time":2.3666,"name":"Hit","float":0.75,"string":"resetHitList"},{"time":2.3666,"name":"Sound_1","string":"setHitSound(se_battle_spark)"},{"time":2.4333,"name":"Hit","float":0.75,"string":"resetHitList"},{"time":2.4333,"name":"Sound_1","string":"setHitSound(se_battle_spark)"},{"time":2.5,"name":"Hit","float":0.75,"string":"resetHitList"},{"time":2.5,"name":"Sound_1","string":"setHitSound(se_battle_spark)"}]},"skill2":{"slots":{"DAMAGEAREA":{"attachment":[{"time":1.9,"name":"DAMAGEAREA"},{"time":3.1333,"name":null},{"time":3.4666,"name":"DAMAGEAREA"},{"time":4.3,"name":null}]},"MAIN":{"attachment":[{"time":0,"name":"idle_00"},{"time":0.1666,"name":"idle_01"},{"time":0.3,"name":"idle_02"},{"time":0.4333,"name":"idle_03"},{"time":0.5666,"name":"idle_04"},{"time":0.7,"name":"skill1_00"},{"time":0.7666,"name":"skill1_01"},{"time":0.8333,"name":"skill1_02"},{"time":0.9,"name":"skill1_00"},{"time":0.9666,"name":"skill1_01"},{"time":1.0333,"name":"skill1_02"},{"time":1.1,"name":"skill1_00"},{"time":1.1666,"name":"skill1_01"},{"time":1.2333,"name":"skill1_02"},{"time":1.3,"name":"skill1_00"},{"time":1.3666,"name":"skill1_01"},{"time":1.4333,"name":"skill1_02"},{"time":1.5,"name":"skill1_03"},{"time":1.5666,"name":"skill1_04"},{"time":1.7666,"name":"skill1_05"},{"time":1.8333,"name":"skill1_06"},{"time":1.9,"name":"skill1_05"},{"time":1.9666,"name":"skill1_06"},{"time":2.0333,"name":"skill1_05"},{"time":2.1,"name":"skill1_06"},{"time":2.1666,"name":"skill1_05"},{"time":2.2333,"name":"skill1_06"},{"time":2.3,"name":"skill1_05"},{"time":2.3666,"name":"skill1_06"},{"time":2.4333,"name":"skill1_05"},{"time":2.5,"name":"skill1_06"},{"time":2.5666,"name":"skill1_05"},{"time":2.6333,"name":"skill1_06"},{"time":2.7,"name":"skill1_05"},{"time":2.7666,"name":"skill1_06"},{"time":2.8333,"name":"skill1_07"},{"time":2.9,"name":"skill1_08"},{"time":2.9666,"name":"skill1_09"},{"time":3.1,"name":"skill1_03"},{"time":3.1666,"name":"skill1_04"},{"time":3.3666,"name":"attack_00"},{"time":3.4,"name":"attack_01"},{"time":3.4666,"name":"attack_02"},{"time":3.5666,"name":"attack_03"},{"time":3.6666,"name":"attack_01"},{"time":3.7333,"name":"attack_02"},{"time":3.8,"name":"attack_03"},{"time":3.8666,"name":"attack_02"},{"time":3.9333,"name":"attack_01"},{"time":4,"name":"attack_02"},{"time":4.0666,"name":"attack_03"},{"time":4.1333,"name":"attack_02"},{"time":4.2,"name":"attack_01"},{"time":4.2666,"name":"attack_02"},{"time":4.3333,"name":"attack_03"},{"time":4.6333,"name":"attack_00"}]},"S1_magic":{"attachment":[{"time":0.7,"name":"EF/390_S1_magic/390_S1_magic_00038"},{"time":0.9666,"name":"EF/390_S1_magic/390_S1_magic_00038"}],"color":[{"time":4.3333,"color":"ffffffff"},{"time":4.6666,"color":"ffffff00"}]},"S1_magic_2":{"attachment":[{"time":0.9666,"name":"EF/390_S1_magic/390_S1_magic_00038"}],"color":[{"time":0.9666,"color":"ffffff98"},{"time":1.6666,"color":"ffffff00"}]},"S1_wave1":{"attachment":[{"time":0.7,"name":"EF/640_S1_wave1/640_S1_wave1_00038"},{"time":0.7333,"name":"EF/640_S1_wave1/640_S1_wave1_00039"},{"time":0.7666,"name":"EF/640_S1_wave1/640_S1_wave1_00040"},{"time":0.8,"name":"EF/640_S1_wave1/640_S1_wave1_00041"},{"time":0.8333,"name":"EF/640_S1_wave1/640_S1_wave1_00042"},{"time":0.8666,"name":"EF/640_S1_wave1/640_S1_wave1_00043"},{"time":0.9,"name":"EF/640_S1_wave1/640_S1_wave1_00044"},{"time":0.9333,"name":"EF/640_S1_wave1/640_S1_wave1_00045"},{"time":0.9666,"name":"EF/640_S1_wave1/640_S1_wave1_00046"},{"time":1,"name":"EF/640_S1_wave1/640_S1_wave1_00047"},{"time":1.0333,"name":"EF/640_S1_wave1/640_S1_wave1_00048"},{"time":1.0666,"name":"EF/640_S1_wave1/640_S1_wave1_00049"},{"time":1.1,"name":"EF/640_S1_wave1/640_S1_wave1_00050"},{"time":1.1333,"name":null},{"time":1.7666,"name":"EF/640_S1_wave1/640_S1_wave1_00038"},{"time":1.8,"name":"EF/640_S1_wave1/640_S1_wave1_00039"},{"time":1.8333,"name":"EF/640_S1_wave1/640_S1_wave1_00040"},{"time":1.8666,"name":"EF/640_S1_wave1/640_S1_wave1_00041"},{"time":1.9,"name":"EF/640_S1_wave1/640_S1_wave1_00042"},{"time":1.9333,"name":"EF/640_S1_wave1/640_S1_wave1_00043"},{"time":1.9666,"name":"EF/640_S1_wave1/640_S1_wave1_00044"},{"time":2,"name":"EF/640_S1_wave1/640_S1_wave1_00045"},{"time":2.0333,"name":"EF/640_S1_wave1/640_S1_wave1_00046"},{"time":2.0666,"name":"EF/640_S1_wave1/640_S1_wave1_00047"},{"time":2.1,"name":"EF/640_S1_wave1/640_S1_wave1_00048"},{"time":2.1333,"name":"EF/640_S1_wave1/640_S1_wave1_00049"},{"time":2.1666,"name":"EF/640_S1_wave1/640_S1_wave1_00050"},{"time":2.2,"name":null},{"time":3.3666,"name":"EF/640_S1_wave1/640_S1_wave1_00038"},{"time":3.4,"name":"EF/640_S1_wave1/640_S1_wave1_00039"},{"time":3.4333,"name":"EF/640_S1_wave1/640_S1_wave1_00040"},{"time":3.4666,"name":"EF/640_S1_wave1/640_S1_wave1_00041"},{"time":3.5,"name":"EF/640_S1_wave1/640_S1_wave1_00042"},{"time":3.5333,"name":"EF/640_S1_wave1/640_S1_wave1_00043"},{"time":3.5666,"name":"EF/640_S1_wave1/640_S1_wave1_00044"},{"time":3.6,"name":"EF/640_S1_wave1/640_S1_wave1_00045"},{"time":3.6333,"name":"EF/640_S1_wave1/640_S1_wave1_00046"},{"time":3.6666,"name":"EF/640_S1_wave1/640_S1_wave1_00047"},{"time":3.7,"name":"EF/640_S1_wave1/640_S1_wave1_00048"},{"time":3.7333,"name":"EF/640_S1_wave1/640_S1_wave1_00049"},{"time":3.7666,"name":"EF/640_S1_wave1/640_S1_wave1_00050"},{"time":3.8,"name":null}]},"S2_lightning1":{"attachment":[{"time":1.8,"name":"EF/390_S2_lightning1_DOT/390_S2_lightning1_00039"},{"time":1.8333,"name":"EF/390_S2_lightning1_DOT/390_S2_lightning1_00040"},{"time":1.8666,"name":"EF/390_S2_lightning1_DOT/390_S2_lightning1_00041"},{"time":1.9,"name":"EF/390_S2_lightning1_DOT/390_S2_lightning1_00042"},{"time":1.9333,"name":"EF/390_S2_lightning1_DOT/390_S2_lightning1_00043"},{"time":1.9666,"name":"EF/390_S2_lightning1_DOT/390_S2_lightning1_00044"},{"time":2,"name":"EF/390_S2_lightning1_DOT/390_S2_lightning1_00045"},{"time":2.0333,"name":"EF/390_S2_lightning1_DOT/390_S2_lightning1_00046"},{"time":2.0666,"name":"EF/390_S2_lightning1_DOT/390_S2_lightning1_00047"},{"time":2.1,"name":"EF/390_S2_lightning1_DOT/390_S2_lightning1_00048"},{"time":2.1333,"name":"EF/390_S2_lightning1_DOT/390_S2_lightning1_00049"},{"time":2.1666,"name":null},{"time":2.3333,"name":"EF/390_S2_lightning1_DOT/390_S2_lightning1_00039"},{"time":2.3666,"name":"EF/390_S2_lightning1_DOT/390_S2_lightning1_00040"},{"time":2.4,"name":"EF/390_S2_lightning1_DOT/390_S2_lightning1_00041"},{"time":2.4333,"name":"EF/390_S2_lightning1_DOT/390_S2_lightning1_00042"},{"time":2.4666,"name":"EF/390_S2_lightning1_DOT/390_S2_lightning1_00043"},{"time":2.5,"name":"EF/390_S2_lightning1_DOT/390_S2_lightning1_00044"},{"time":2.5333,"name":"EF/390_S2_lightning1_DOT/390_S2_lightning1_00045"},{"time":2.5666,"name":"EF/390_S2_lightning1_DOT/390_S2_lightning1_00046"},{"time":2.6,"name":"EF/390_S2_lightning1_DOT/390_S2_lightning1_00047"},{"time":2.6333,"name":"EF/390_S2_lightning1_DOT/390_S2_lightning1_00048"},{"time":2.6666,"name":"EF/390_S2_lightning1_DOT/390_S2_lightning1_00049"},{"time":2.7,"name":null}]},"S2_lightning2":{"attachment":[{"time":1.8,"name":"EF/390_S2_lightning1_DOT/390_S2_lightning1_00039"},{"time":1.8333,"name":"EF/390_S2_lightning1_DOT/390_S2_lightning1_00040"},{"time":1.8666,"name":"EF/390_S2_lightning1_DOT/390_S2_lightning1_00041"},{"time":1.9,"name":"EF/390_S2_lightning1_DOT/390_S2_lightning1_00042"},{"time":1.9333,"name":"EF/390_S2_lightning1_DOT/390_S2_lightning1_00043"},{"time":1.9666,"name":"EF/390_S2_lightning1_DOT/390_S2_lightning1_00044"},{"time":2,"name":"EF/390_S2_lightning1_DOT/390_S2_lightning1_00045"},{"time":2.0333,"name":"EF/390_S2_lightning1_DOT/390_S2_lightning1_00046"},{"time":2.0666,"name":"EF/390_S2_lightning1_DOT/390_S2_lightning1_00047"},{"time":2.1,"name":"EF/390_S2_lightning1_DOT/390_S2_lightning1_00048"},{"time":2.1333,"name":"EF/390_S2_lightning1_DOT/390_S2_lightning1_00049"},{"time":2.1666,"name":null},{"time":2.3333,"name":"EF/390_S2_lightning1_DOT/390_S2_lightning1_00039"},{"time":2.3666,"name":"EF/390_S2_lightning1_DOT/390_S2_lightning1_00040"},{"time":2.4,"name":"EF/390_S2_lightning1_DOT/390_S2_lightning1_00041"},{"time":2.4333,"name":"EF/390_S2_lightning1_DOT/390_S2_lightning1_00042"},{"time":2.4666,"name":"EF/390_S2_lightning1_DOT/390_S2_lightning1_00043"},{"time":2.5,"name":"EF/390_S2_lightning1_DOT/390_S2_lightning1_00044"},{"time":2.5333,"name":"EF/390_S2_lightning1_DOT/390_S2_lightning1_00045"},{"time":2.5666,"name":"EF/390_S2_lightning1_DOT/390_S2_lightning1_00046"},{"time":2.6,"name":"EF/390_S2_lightning1_DOT/390_S2_lightning1_00047"},{"time":2.6333,"name":"EF/390_S2_lightning1_DOT/390_S2_lightning1_00048"},{"time":2.6666,"name":"EF/390_S2_lightning1_DOT/390_S2_lightning1_00049"},{"time":2.7,"name":null}]},"S2_lightning1_2":{"attachment":[{"time":1.8333,"name":"EF/390_S2_lightning1_DOT/390_S2_lightning1_00039"},{"time":1.8666,"name":"EF/390_S2_lightning1_DOT/390_S2_lightning1_00040"},{"time":1.9,"name":"EF/390_S2_lightning1_DOT/390_S2_lightning1_00041"},{"time":1.9333,"name":"EF/390_S2_lightning1_DOT/390_S2_lightning1_00042"},{"time":1.9666,"name":"EF/390_S2_lightning1_DOT/390_S2_lightning1_00043"},{"time":2,"name":"EF/390_S2_lightning1_DOT/390_S2_lightning1_00044"},{"time":2.0333,"name":"EF/390_S2_lightning1_DOT/390_S2_lightning1_00045"},{"time":2.0666,"name":"EF/390_S2_lightning1_DOT/390_S2_lightning1_00046"},{"time":2.1,"name":"EF/390_S2_lightning1_DOT/390_S2_lightning1_00047"},{"time":2.1333,"name":"EF/390_S2_lightning1_DOT/390_S2_lightning1_00048"},{"time":2.1666,"name":"EF/390_S2_lightning1_DOT/390_S2_lightning1_00049"},{"time":2.2,"name":null},{"time":2.4666,"name":"EF/390_S2_lightning1_DOT/390_S2_lightning1_00039"},{"time":2.5,"name":"EF/390_S2_lightning1_DOT/390_S2_lightning1_00040"},{"time":2.5333,"name":"EF/390_S2_lightning1_DOT/390_S2_lightning1_00041"},{"time":2.5666,"name":"EF/390_S2_lightning1_DOT/390_S2_lightning1_00042"},{"time":2.6,"name":"EF/390_S2_lightning1_DOT/390_S2_lightning1_00043"},{"time":2.6333,"name":"EF/390_S2_lightning1_DOT/390_S2_lightning1_00044"},{"time":2.6666,"name":"EF/390_S2_lightning1_DOT/390_S2_lightning1_00045"},{"time":2.7,"name":"EF/390_S2_lightning1_DOT/390_S2_lightning1_00046"},{"time":2.7333,"name":"EF/390_S2_lightning1_DOT/390_S2_lightning1_00047"},{"time":2.7666,"name":"EF/390_S2_lightning1_DOT/390_S2_lightning1_00048"},{"time":2.8,"name":"EF/390_S2_lightning1_DOT/390_S2_lightning1_00049"},{"time":2.8333,"name":null}]},"S2_lightning1_3":{"attachment":[{"time":2.1,"name":"EF/390_S2_lightning1_DOT/390_S2_lightning1_00039"},{"time":2.1333,"name":"EF/390_S2_lightning1_DOT/390_S2_lightning1_00040"},{"time":2.1666,"name":"EF/390_S2_lightning1_DOT/390_S2_lightning1_00041"},{"time":2.2,"name":"EF/390_S2_lightning1_DOT/390_S2_lightning1_00042"},{"time":2.2333,"name":"EF/390_S2_lightning1_DOT/390_S2_lightning1_00043"},{"time":2.2666,"name":"EF/390_S2_lightning1_DOT/390_S2_lightning1_00044"},{"time":2.3,"name":"EF/390_S2_lightning1_DOT/390_S2_lightning1_00045"},{"time":2.3333,"name":"EF/390_S2_lightning1_DOT/390_S2_lightning1_00046"},{"time":2.3666,"name":"EF/390_S2_lightning1_DOT/390_S2_lightning1_00047"},{"time":2.4,"name":"EF/390_S2_lightning1_DOT/390_S2_lightning1_00048"},{"time":2.4333,"name":"EF/390_S2_lightning1_DOT/390_S2_lightning1_00049"},{"time":2.4666,"name":null},{"time":2.5,"name":"EF/390_S2_lightning1_DOT/390_S2_lightning1_00039"},{"time":2.5333,"name":"EF/390_S2_lightning1_DOT/390_S2_lightning1_00040"},{"time":2.5666,"name":"EF/390_S2_lightning1_DOT/390_S2_lightning1_00041"},{"time":2.6,"name":"EF/390_S2_lightning1_DOT/390_S2_lightning1_00042"},{"time":2.6333,"name":"EF/390_S2_lightning1_DOT/390_S2_lightning1_00043"},{"time":2.6666,"name":"EF/390_S2_lightning1_DOT/390_S2_lightning1_00044"},{"time":2.7,"name":"EF/390_S2_lightning1_DOT/390_S2_lightning1_00045"},{"time":2.7333,"name":"EF/390_S2_lightning1_DOT/390_S2_lightning1_00046"},{"time":2.7666,"name":"EF/390_S2_lightning1_DOT/390_S2_lightning1_00047"},{"time":2.8,"name":"EF/390_S2_lightning1_DOT/390_S2_lightning1_00048"},{"time":2.8333,"name":"EF/390_S2_lightning1_DOT/390_S2_lightning1_00049"},{"time":2.8666,"name":null}]},"S2_lightning1_4":{"attachment":[{"time":2.2,"name":"EF/390_S2_lightning1_DOT/390_S2_lightning1_00039"},{"time":2.2333,"name":"EF/390_S2_lightning1_DOT/390_S2_lightning1_00040"},{"time":2.2666,"name":"EF/390_S2_lightning1_DOT/390_S2_lightning1_00041"},{"time":2.3,"name":"EF/390_S2_lightning1_DOT/390_S2_lightning1_00042"},{"time":2.3333,"name":"EF/390_S2_lightning1_DOT/390_S2_lightning1_00043"},{"time":2.3666,"name":"EF/390_S2_lightning1_DOT/390_S2_lightning1_00044"},{"time":2.4,"name":"EF/390_S2_lightning1_DOT/390_S2_lightning1_00045"},{"time":2.4333,"name":"EF/390_S2_lightning1_DOT/390_S2_lightning1_00046"},{"time":2.4666,"name":"EF/390_S2_lightning1_DOT/390_S2_lightning1_00047"},{"time":2.5,"name":"EF/390_S2_lightning1_DOT/390_S2_lightning1_00048"},{"time":2.5333,"name":"EF/390_S2_lightning1_DOT/390_S2_lightning1_00049"},{"time":2.5666,"name":null},{"time":2.7333,"name":"EF/390_S2_lightning1_DOT/390_S2_lightning1_00039"},{"time":2.7666,"name":"EF/390_S2_lightning1_DOT/390_S2_lightning1_00040"},{"time":2.8,"name":"EF/390_S2_lightning1_DOT/390_S2_lightning1_00041"},{"time":2.8333,"name":"EF/390_S2_lightning1_DOT/390_S2_lightning1_00042"},{"time":2.8666,"name":"EF/390_S2_lightning1_DOT/390_S2_lightning1_00043"},{"time":2.9,"name":"EF/390_S2_lightning1_DOT/390_S2_lightning1_00044"},{"time":2.9333,"name":"EF/390_S2_lightning1_DOT/390_S2_lightning1_00045"},{"time":2.9666,"name":"EF/390_S2_lightning1_DOT/390_S2_lightning1_00046"},{"time":3,"name":"EF/390_S2_lightning1_DOT/390_S2_lightning1_00047"},{"time":3.0333,"name":"EF/390_S2_lightning1_DOT/390_S2_lightning1_00048"},{"time":3.0666,"name":"EF/390_S2_lightning1_DOT/390_S2_lightning1_00049"},{"time":3.1,"name":null}]},"S2_lightning1_5":{"attachment":[{"time":1.8333,"name":"EF/390_S2_lightning1_DOT/390_S2_lightning1_00039"},{"time":1.8666,"name":"EF/390_S2_lightning1_DOT/390_S2_lightning1_00040"},{"time":1.9,"name":"EF/390_S2_lightning1_DOT/390_S2_lightning1_00041"},{"time":1.9333,"name":"EF/390_S2_lightning1_DOT/390_S2_lightning1_00042"},{"time":1.9666,"name":"EF/390_S2_lightning1_DOT/390_S2_lightning1_00043"},{"time":2,"name":"EF/390_S2_lightning1_DOT/390_S2_lightning1_00044"},{"time":2.0333,"name":"EF/390_S2_lightning1_DOT/390_S2_lightning1_00045"},{"time":2.0666,"name":"EF/390_S2_lightning1_DOT/390_S2_lightning1_00046"},{"time":2.1,"name":"EF/390_S2_lightning1_DOT/390_S2_lightning1_00047"},{"time":2.1333,"name":"EF/390_S2_lightning1_DOT/390_S2_lightning1_00048"},{"time":2.1666,"name":"EF/390_S2_lightning1_DOT/390_S2_lightning1_00049"},{"time":2.2,"name":null},{"time":2.4666,"name":"EF/390_S2_lightning1_DOT/390_S2_lightning1_00039"},{"time":2.5,"name":"EF/390_S2_lightning1_DOT/390_S2_lightning1_00040"},{"time":2.5333,"name":"EF/390_S2_lightning1_DOT/390_S2_lightning1_00041"},{"time":2.5666,"name":"EF/390_S2_lightning1_DOT/390_S2_lightning1_00042"},{"time":2.6,"name":"EF/390_S2_lightning1_DOT/390_S2_lightning1_00043"},{"time":2.6333,"name":"EF/390_S2_lightning1_DOT/390_S2_lightning1_00044"},{"time":2.6666,"name":"EF/390_S2_lightning1_DOT/390_S2_lightning1_00045"},{"time":2.7,"name":"EF/390_S2_lightning1_DOT/390_S2_lightning1_00046"},{"time":2.7333,"name":"EF/390_S2_lightning1_DOT/390_S2_lightning1_00047"},{"time":2.7666,"name":"EF/390_S2_lightning1_DOT/390_S2_lightning1_00048"},{"time":2.8,"name":"EF/390_S2_lightning1_DOT/390_S2_lightning1_00049"},{"time":2.8333,"name":null}]},"S2_lightning1_6":{"attachment":[{"time":2.1,"name":"EF/390_S2_lightning1_DOT/390_S2_lightning1_00039"},{"time":2.1333,"name":"EF/390_S2_lightning1_DOT/390_S2_lightning1_00040"},{"time":2.1666,"name":"EF/390_S2_lightning1_DOT/390_S2_lightning1_00041"},{"time":2.2,"name":"EF/390_S2_lightning1_DOT/390_S2_lightning1_00042"},{"time":2.2333,"name":"EF/390_S2_lightning1_DOT/390_S2_lightning1_00043"},{"time":2.2666,"name":"EF/390_S2_lightning1_DOT/390_S2_lightning1_00044"},{"time":2.3,"name":"EF/390_S2_lightning1_DOT/390_S2_lightning1_00045"},{"time":2.3333,"name":"EF/390_S2_lightning1_DOT/390_S2_lightning1_00046"},{"time":2.3666,"name":"EF/390_S2_lightning1_DOT/390_S2_lightning1_00048"},{"time":2.4,"name":"EF/390_S2_lightning1_DOT/390_S2_lightning1_00048"},{"time":2.4333,"name":"EF/390_S2_lightning1_DOT/390_S2_lightning1_00049"},{"time":2.4666,"name":null},{"time":2.5,"name":"EF/390_S2_lightning1_DOT/390_S2_lightning1_00039"},{"time":2.5333,"name":"EF/390_S2_lightning1_DOT/390_S2_lightning1_00040"},{"time":2.5666,"name":"EF/390_S2_lightning1_DOT/390_S2_lightning1_00041"},{"time":2.6,"name":"EF/390_S2_lightning1_DOT/390_S2_lightning1_00042"},{"time":2.6333,"name":"EF/390_S2_lightning1_DOT/390_S2_lightning1_00043"},{"time":2.6666,"name":"EF/390_S2_lightning1_DOT/390_S2_lightning1_00044"},{"time":2.7,"name":"EF/390_S2_lightning1_DOT/390_S2_lightning1_00045"},{"time":2.7333,"name":"EF/390_S2_lightning1_DOT/390_S2_lightning1_00046"},{"time":2.7666,"name":"EF/390_S2_lightning1_DOT/390_S2_lightning1_00047"},{"time":2.8,"name":"EF/390_S2_lightning1_DOT/390_S2_lightning1_00048"},{"time":2.8333,"name":"EF/390_S2_lightning1_DOT/390_S2_lightning1_00049"},{"time":2.8666,"name":null}]},"S2_lightning1_7":{"attachment":[{"time":2.2,"name":"EF/390_S2_lightning1_DOT/390_S2_lightning1_00039"},{"time":2.2333,"name":"EF/390_S2_lightning1_DOT/390_S2_lightning1_00040"},{"time":2.2666,"name":"EF/390_S2_lightning1_DOT/390_S2_lightning1_00041"},{"time":2.3,"name":"EF/390_S2_lightning1_DOT/390_S2_lightning1_00042"},{"time":2.3333,"name":"EF/390_S2_lightning1_DOT/390_S2_lightning1_00043"},{"time":2.3666,"name":"EF/390_S2_lightning1_DOT/390_S2_lightning1_00044"},{"time":2.4,"name":"EF/390_S2_lightning1_DOT/390_S2_lightning1_00045"},{"time":2.4333,"name":"EF/390_S2_lightning1_DOT/390_S2_lightning1_00046"},{"time":2.4666,"name":"EF/390_S2_lightning1_DOT/390_S2_lightning1_00047"},{"time":2.5,"name":"EF/390_S2_lightning1_DOT/390_S2_lightning1_00048"},{"time":2.5333,"name":"EF/390_S2_lightning1_DOT/390_S2_lightning1_00049"},{"time":2.5666,"name":null},{"time":2.7333,"name":"EF/390_S2_lightning1_DOT/390_S2_lightning1_00039"},{"time":2.7666,"name":"EF/390_S2_lightning1_DOT/390_S2_lightning1_00040"},{"time":2.8,"name":"EF/390_S2_lightning1_DOT/390_S2_lightning1_00041"},{"time":2.8333,"name":"EF/390_S2_lightning1_DOT/390_S2_lightning1_00042"},{"time":2.8666,"name":"EF/390_S2_lightning1_DOT/390_S2_lightning1_00043"},{"time":2.9,"name":"EF/390_S2_lightning1_DOT/390_S2_lightning1_00044"},{"time":2.9333,"name":"EF/390_S2_lightning1_DOT/390_S2_lightning1_00045"},{"time":2.9666,"name":"EF/390_S2_lightning1_DOT/390_S2_lightning1_00046"},{"time":3,"name":"EF/390_S2_lightning1_DOT/390_S2_lightning1_00047"},{"time":3.0333,"name":"EF/390_S2_lightning1_DOT/390_S2_lightning1_00048"},{"time":3.0666,"name":"EF/390_S2_lightning1_DOT/390_S2_lightning1_00049"},{"time":3.1,"name":null}]},"idle_weapon":{"attachment":[{"time":0,"name":"idle_weapon"},{"time":0.7,"name":null}]}},"bones":{"S1_wave1":{"translate":[{"time":0.7,"x":0,"y":19.2}],"scale":[{"time":0.7,"x":2,"y":2}]},"S2_lightning1_4":{"rotate":[{"time":2.7333,"angle":-6.61}],"translate":[{"time":2.2,"x":145.5,"y":50.96}],"scale":[{"time":2.2,"x":2,"y":-2}]},"S2_lightning1_3":{"rotate":[{"time":2.1,"angle":-3.62,"curve":"stepped"},{"time":2.5,"angle":15.02}],"translate":[{"time":2.1,"x":145.82,"y":70.88,"curve":"stepped"},{"time":2.5,"x":145.54,"y":73.64}],"scale":[{"time":2.1,"x":2,"y":2}]},"S2_lightning1_2":{"rotate":[{"time":1.8333,"angle":16.26,"curve":"stepped"},{"time":2.4666,"angle":8.56}],"translate":[{"time":1.8333,"x":145.59,"y":109.28},{"time":2.4666,"x":145.41,"y":96.23}],"scale":[{"time":1.8333,"x":2,"y":2}]},"S2_lightning1":{"rotate":[{"time":1.8,"angle":0,"curve":"stepped"},{"time":2.3333,"angle":27.26}],"translate":[{"time":1.8,"x":144.76,"y":138.6,"curve":"stepped"},{"time":2.3333,"x":144.47,"y":140.09}],"scale":[{"time":1.8,"x":2,"y":2}]},"S1_magic_2":{"translate":[{"time":0.9666,"x":0,"y":-399.91}],"scale":[{"time":0.9666,"x":1.26,"y":0.224}]},"S1_magic":{"translate":[{"time":0.7,"x":0,"y":-196.78},{"time":0.9666,"x":0,"y":-201.54}],"scale":[{"time":0.7,"x":1.36,"y":0.251},{"time":0.9666,"x":3.104,"y":0.573}]},"DAMAGEAREA":{"translate":[{"time":1.9,"x":-302.93,"y":99.12,"curve":"stepped"},{"time":3.4666,"x":-306.38,"y":33.15},{"time":3.6,"x":-332.65,"y":127.41},{"time":3.7,"x":-332.65,"y":178.4,"curve":"stepped"},{"time":3.9666,"x":-332.65,"y":178.4,"curve":[1,0,1,0]},{"time":4.1666,"x":-410.04,"y":190.96}],"scale":[{"time":1.9,"x":9.167,"y":4.123,"curve":"stepped"},{"time":3.4666,"x":7.713,"y":3.505},{"time":3.6,"x":10.557,"y":8.738},{"time":3.7,"x":10.557,"y":9.993,"curve":"stepped"},{"time":3.9666,"x":10.557,"y":9.537,"curve":[1,0,1,0]},{"time":4.1666,"x":8.161,"y":8.347}]},"idle_weapon":{"rotate":[{"time":0,"angle":0,"curve":"stepped"},{"time":0.1666,"angle":0.12,"curve":"stepped"},{"time":0.3,"angle":359.68,"curve":"stepped"},{"time":0.4333,"angle":359.72,"curve":"stepped"},{"time":0.5666,"angle":359.45}],"translate":[{"time":0,"x":-0.2,"y":0,"curve":"stepped"},{"time":0.1666,"x":-0.33,"y":-1.07,"curve":"stepped"},{"time":0.3,"x":-0.33,"y":-2.28,"curve":"stepped"},{"time":0.4333,"x":-0.33,"y":-3.08,"curve":"stepped"},{"time":0.5666,"x":-0.13,"y":-1.48}]}},"ffd":{"default":{"S1_magic":{"EF/390_S1_magic/390_S1_magic_00038":[{"time":0.7,"vertices":[-98.31713,98.3161,98.31713,98.3161,98.31713,-98.3183,-98.31713,-98.3183]},{"time":0.9666,"vertices":[-99.2466,100.44391,97.57971,102.11081,99.2466,-94.71564,-97.57971,-96.38255],"curve":"stepped"},{"time":4.3333,"vertices":[-99.2466,100.44391,97.57971,102.11081,99.2466,-94.71564,-97.57971,-96.38255]},{"time":4.6666,"vertices":[-144.88278,140.29848,140.29979,144.88156,144.88283,-140.30109,-140.29973,-144.884]}]},"S1_magic_2":{"EF/390_S1_magic/390_S1_magic_00038":[{"time":0.9666,"vertices":[-0.33767,-4.20736,-4.20738,0.33769,0.33767,4.2074,4.20738,-0.33765]},{"time":1.5666,"vertices":[81.91304,-93.72929,-93.72934,-81.91301,-81.91304,93.72934,93.72934,81.91305]},{"time":1.6666,"vertices":[65.20166,-81.03752,-81.03755,-65.20161,-65.20164,81.03756,81.03755,65.20166]}]}}},"drawOrder":[{"time":0,"offsets":[{"slot":"S1_wave1","offset":-7},{"slot":"S1_magic","offset":-9},{"slot":"S1_magic_2","offset":-11}]}],"events":[{"time":0,"name":"HitEffect","string":"setHitEffect(hit02e,1,0.7,1)"},{"time":0,"name":"Voice","string":"cri_030_voice_fullarts_now"},{"time":0.7,"name":"Sound_1","string":"cri_se_battle_sword_swish_heavy"},{"time":0.7,"name":"Sound_2","string":"cri_se_battle_magic_Invocation_dark"},{"time":0.7,"name":"Sound_3","string":"cri_se_battle_arrow_light_effect"},{"time":0.8333,"name":"Sound_1","string":"cri_se_battle_sword_swish_heavy"},{"time":0.9666,"name":"Sound_1","string":"cri_se_battle_sword_swish_heavy"},{"time":1.1,"name":"Sound_1","string":"cri_se_battle_sword_swish_heavy"},{"time":1.2333,"name":"Sound_1","string":"cri_se_battle_sword_swish_heavy"},{"time":1.3666,"name":"Sound_1","string":"cri_se_battle_sword_swish_heavy"},{"time":1.7333,"name":"Sound_1","string":"cri_se_battle_spark"},{"time":1.7333,"name":"Sound_3","string":"cri_se_battle_arrow_light_effect"},{"time":1.8333,"name":"Event","int":180,"string":"kImpactType_knock"},{"time":1.8333,"name":"Sound_1","string":"setHitSound(se_battle_spark)"},{"time":1.8333,"name":"Sound_2","string":"cri_se_battle_skill_electric_1"},{"time":1.8666,"name":"Event","float":0.1,"string":"kHitStopType_enemyonly"},{"time":1.9,"name":"Event","string":"shakeGround"},{"time":1.9333,"name":"Hit","string":"resetHitList"},{"time":2.0333,"name":"Hit","string":"resetHitList"},{"time":2.1,"name":"Hit","string":"resetHitList"},{"time":2.2,"name":"Hit","string":"resetHitList"},{"time":2.3,"name":"Hit","string":"resetHitList"},{"time":2.4,"name":"Hit","string":"resetHitList"},{"time":2.4666,"name":"Hit","string":"resetHitList"},{"time":2.5333,"name":"Hit","string":"resetHitList"},{"time":2.6666,"name":"Hit","string":"resetHitList"},{"time":2.8,"name":"Hit","string":"resetHitList"},{"time":2.9,"name":"Hit","string":"resetHitList"},{"time":3,"name":"Hit","string":"resetHitList"},{"time":3,"name":"Voice","string":"cri_030_voice_fullarts_rank3"},{"time":3.3333,"name":"HitEffect","string":"setHitEffect(hit04e,1,1,1)"},{"time":3.3666,"name":"Sound_1","string":"cri_se_battle_spark_rise"},{"time":3.3666,"name":"Sound_2","string":"cri_se_battle_explosion_short"},{"time":3.4333,"name":"Event","float":0.1,"string":"kHitStopType_enemyonly"},{"time":3.4666,"name":"Hit","float":5,"string":"resetHitList"},{"time":3.4666,"name":"Sound_1","string":"cri_se_battle_hard_hit"},{"time":3.4666,"name":"Sound_2","string":"cri_se_battle_explosion_short"},{"time":3.5,"name":"Event","string":"shakeGround"},{"time":3.5333,"name":"Hit","float":6.5,"string":"resetHitList"},{"time":3.5333,"name":"Sound_1","string":"cri_se_battle_hard_hit"},{"time":3.5333,"name":"Sound_2","string":"cri_se_battle_explosion_short"},{"time":3.5666,"name":"Event","string":"shakeGround"},{"time":3.6333,"name":"Hit","float":5,"string":"resetHitList"},{"time":3.6333,"name":"Sound_1","string":"cri_se_battle_hard_hit"},{"time":3.6333,"name":"Sound_2","string":"cri_se_battle_explosion_short"},{"time":3.6666,"name":"Event","string":"shakeGround"},{"time":3.7,"name":"Hit","float":6.5,"string":"resetHitList"},{"time":3.7,"name":"Sound_1","string":"cri_se_battle_hard_hit"},{"time":3.7,"name":"Sound_2","string":"cri_se_battle_explosion_short"},{"time":3.7333,"name":"Event","string":"shakeGround"},{"time":3.7666,"name":"Sound_1","string":"cri_se_battle_hard_hit"},{"time":3.7666,"name":"Sound_2","string":"cri_se_battle_explosion_short"},{"time":3.8333,"name":"Hit","float":5,"string":"resetHitList"},{"time":3.8666,"name":"Event","float":1,"string":"shakeGround_Loop"},{"time":3.8666,"name":"HitEffect","string":"setHitEffect(hit02e,1,0.75,1)"},{"time":3.9,"name":"Hit","float":6.5,"string":"resetHitList"},{"time":4,"name":"Hit","float":3.75,"string":"resetHitList"},{"time":4.0666,"name":"Hit","float":3.75,"string":"resetHitList"},{"time":4.1666,"name":"Event","string":"kImpactType_knock"},{"time":4.1666,"name":"Hit","float":3.75,"string":"resetHitList"},{"time":4.2333,"name":"Hit","float":3.75,"string":"resetHitList"}]}}}