{"skeleton":{"hash":"2OwkHVNGOM016wqKHSbRBNzqDqc","spine":"3.0.12","width":0,"height":0},"bones":[{"name":"root"},{"name":"MAIN","parent":"root","y":65},{"name":"dash_aura","parent":"MAIN","x":100,"y":535},{"name":"MAIN_ef","parent":"MAIN"},{"name":"EF_MAIN","parent":"root"},{"name":"graund_wave_AA_purple7","parent":"EF_MAIN","x":300},{"name":"graund_wave_AA_purple6","parent":"EF_MAIN","x":300},{"name":"graund_wave_AA_purple5","parent":"EF_MAIN","x":300},{"name":"graund_wave_AA_purple4","parent":"EF_MAIN","x":300},{"name":"graund_wave_AA_purple3","parent":"EF_MAIN","x":300},{"name":"graund_wave_AA_purple2","parent":"EF_MAIN","x":300},{"name":"graund_wave_AA_purple","parent":"EF_MAIN","x":300},{"name":"ef_slash_all","parent":"EF_MAIN"},{"name":"ef_slash_D_mian","parent":"ef_slash_all","x":400,"y":200},{"name":"ef_slash_C_mian","parent":"ef_slash_all","x":400,"y":300},{"name":"ef_slash_B_mian","parent":"ef_slash_all","x":400,"y":400},{"name":"ef_slash_A_mian_B2","parent":"ef_slash_all","x":400,"y":500},{"name":"ef_slash_A_mian_B1","parent":"ef_slash_all","x":400,"y":500},{"name":"ef_slash_A_mian_A3","parent":"ef_slash_all","x":400,"y":600,"scaleX":2,"scaleY":2},{"name":"ef_slash_A_mian_A2","parent":"ef_slash_all","x":400,"y":600,"scaleX":2,"scaleY":2},{"name":"ef_slash_A_mian_A1","parent":"ef_slash_all","x":400,"y":600,"scaleX":2,"scaleY":2},{"name":"dash_B_purple2","parent":"EF_MAIN","x":100,"y":-1.57},{"name":"dash_B_purple","parent":"EF_MAIN","x":100,"y":-1.57},{"name":"DAMAGEAREA","parent":"root"},{"name":"wing_A_yellow","parent":"EF_MAIN","x":300,"y":300},{"name":"wing_A_yellow2","parent":"EF_MAIN","x":300,"y":300},{"name":"wing_A_yellow3","parent":"EF_MAIN","x":300,"y":300},{"name":"wing_A_yellow4","parent":"EF_MAIN","x":300,"y":300},{"name":"wing_A_yellow5","parent":"EF_MAIN","x":300,"y":300},{"name":"wing_A_yellow6","parent":"EF_MAIN","x":300,"y":300},{"name":"wing_A_yellow7","parent":"EF_MAIN","x":300,"y":300},{"name":"wing_A_yellow8","parent":"EF_MAIN","x":300,"y":300}],"slots":[{"name":"graund_wave_AA_purple","bone":"graund_wave_AA_purple","blend":"additive"},{"name":"graund_wave_AA_purple2","bone":"graund_wave_AA_purple2","blend":"additive"},{"name":"graund_wave_AA_purple3","bone":"graund_wave_AA_purple3","blend":"additive"},{"name":"graund_wave_AA_purple4","bone":"graund_wave_AA_purple4","blend":"additive"},{"name":"graund_wave_AA_purple5","bone":"graund_wave_AA_purple5","blend":"additive"},{"name":"graund_wave_AA_purple6","bone":"graund_wave_AA_purple6","blend":"additive"},{"name":"graund_wave_AA_purple7","bone":"graund_wave_AA_purple7","blend":"additive"},{"name":"MAIN","bone":"MAIN","attachment":"idle_00"},{"name":"attack1_03_ef","bone":"MAIN_ef","color":"a500ffff","blend":"additive"},{"name":"dash_B_purple","bone":"dash_B_purple","blend":"additive"},{"name":"dash_B_purple2","bone":"dash_B_purple2","blend":"additive"},{"name":"dash_aura","bone":"dash_aura","blend":"additive"},{"name":"wing_A_yellow","bone":"wing_A_yellow","blend":"additive"},{"name":"wing_A_yellow2","bone":"wing_A_yellow2","blend":"additive"},{"name":"wing_A_yellow3","bone":"wing_A_yellow3","blend":"additive"},{"name":"wing_A_yellow4","bone":"wing_A_yellow4","blend":"additive"},{"name":"wing_A_yellow5","bone":"wing_A_yellow5","blend":"additive"},{"name":"wing_A_yellow6","bone":"wing_A_yellow6","blend":"additive"},{"name":"wing_A_yellow7","bone":"wing_A_yellow7","blend":"additive"},{"name":"wing_A_yellow8","bone":"wing_A_yellow8","blend":"additive"},{"name":"ef_slash_A_mian","bone":"ef_slash_A_mian_A1","blend":"additive"},{"name":"ef_slash_A_mian5","bone":"ef_slash_A_mian_A3","blend":"additive"},{"name":"ef_slash_A_mian4","bone":"ef_slash_A_mian_A2","blend":"additive"},{"name":"ef_slash_A_mian2","bone":"ef_slash_A_mian_B1","blend":"additive"},{"name":"ef_slash_A_mian3","bone":"ef_slash_A_mian_B2","blend":"additive"},{"name":"ef_slash_B_mian","bone":"ef_slash_B_mian","blend":"additive"},{"name":"ef_slash_C_mian","bone":"ef_slash_C_mian","blend":"additive"},{"name":"ef_slash_D_mian","bone":"ef_slash_D_mian","blend":"additive"},{"name":"DAMAGEAREA","bone":"DAMAGEAREA"}],"skins":{"default":{"DAMAGEAREA":{"DAMAGEAREA":{"type":"boundingbox","vertices":[-64.57197,63.82548,-64.27797,-63.47639,63.61187,-63.77038,63.97099,63.8905]}},"MAIN":{"attack1_00":{"x":9,"y":7,"scaleX":2,"scaleY":2,"width":256,"height":256},"attack1_01":{"x":9,"y":7,"scaleX":2,"scaleY":2,"width":256,"height":256},"attack1_02":{"x":9,"y":7,"scaleX":2,"scaleY":2,"width":256,"height":256},"attack1_03":{"x":9,"y":7,"scaleX":2,"scaleY":2,"width":256,"height":256},"attack1_04":{"x":9,"y":7,"scaleX":2,"scaleY":2,"width":256,"height":256},"attack1_05":{"x":9,"y":7,"scaleX":2,"scaleY":2,"width":256,"height":256},"attack1_06":{"x":9,"y":7,"scaleX":2,"scaleY":2,"width":256,"height":256},"attack1_07":{"x":9,"y":7,"scaleX":2,"scaleY":2,"width":256,"height":256},"attack1_08":{"x":9,"y":7,"scaleX":2,"scaleY":2,"width":256,"height":256},"attack1_09":{"x":9,"y":7,"scaleX":2,"scaleY":2,"width":256,"height":256},"back_00":{"x":9,"y":7,"scaleX":2,"scaleY":2,"width":256,"height":256},"damage_00":{"x":9,"y":7,"scaleX":2,"scaleY":2,"width":256,"height":256},"front_00":{"x":9,"y":7,"scaleX":2,"scaleY":2,"width":256,"height":256},"idle_00":{"x":9,"y":7,"scaleX":2,"scaleY":2,"width":256,"height":256},"idle_01":{"x":9,"y":7,"scaleX":2,"scaleY":2,"width":256,"height":256},"idle_02":{"x":9,"y":7,"scaleX":2,"scaleY":2,"width":256,"height":256},"idle_03":{"x":9,"y":7,"scaleX":2,"scaleY":2,"width":256,"height":256},"skill1_00":{"x":9,"y":7,"scaleX":2,"scaleY":2,"width":256,"height":256},"skill1_03":{"x":9,"y":7,"scaleX":2,"scaleY":2,"width":256,"height":256},"skill1_01a":{"x":9,"y":7,"scaleX":2,"scaleY":2,"width":256,"height":256},"skill1_01b":{"x":9,"y":7,"scaleX":2,"scaleY":2,"width":256,"height":256},"skill1_01c":{"x":9,"y":7,"scaleX":2,"scaleY":2,"width":256,"height":256},"skill1_04a":{"x":9,"y":7,"scaleX":2,"scaleY":2,"width":256,"height":256},"skill1_04b":{"x":9,"y":7,"scaleX":2,"scaleY":2,"width":256,"height":256},"skill2_01":{"x":9,"y":7,"scaleX":2,"scaleY":2,"width":256,"height":256},"skill2_03":{"x":9,"y":7,"scaleX":2,"scaleY":2,"width":256,"height":256},"skill2_00a":{"x":9,"y":7,"scaleX":2,"scaleY":2,"width":256,"height":256},"skill2_00b":{"x":9,"y":7,"scaleX":2,"scaleY":2,"width":256,"height":256},"skill2_02a":{"x":9,"y":7,"scaleX":2,"scaleY":2,"width":256,"height":256},"skill2_02b":{"x":9,"y":7,"scaleX":2,"scaleY":2,"width":256,"height":256},"skill2_04a":{"x":9,"y":7,"scaleX":2,"scaleY":2,"width":256,"height":256},"skill2_04b":{"x":9,"y":7,"scaleX":2,"scaleY":2,"width":256,"height":256}},"attack1_03_ef":{"attack1_03_ef":{"x":9,"y":7,"scaleX":2,"scaleY":2,"width":256,"height":256},"attack1_05_ef":{"x":9,"y":7,"scaleX":2,"scaleY":2,"width":256,"height":256},"attack1_07_ef":{"x":9,"y":7,"scaleX":2,"scaleY":2,"width":256,"height":256},"skill1_03_ef":{"x":9,"y":7,"scaleX":2,"scaleY":2,"width":256,"height":256}},"dash_B_purple":{"ef/dash_B_purple/ef_dash_B_purple_00001":{"x":48.24,"y":31.66,"scaleX":2,"scaleY":2,"width":250,"height":250},"ef/dash_B_purple/ef_dash_B_purple_00003":{"x":48.24,"y":31.66,"scaleX":2,"scaleY":2,"width":250,"height":250},"ef/dash_B_purple/ef_dash_B_purple_00004":{"x":48.24,"y":31.66,"scaleX":2,"scaleY":2,"width":250,"height":250},"ef/dash_B_purple/ef_dash_B_purple_00005":{"x":48.24,"y":31.66,"scaleX":2,"scaleY":2,"width":250,"height":250},"ef/dash_B_purple/ef_dash_B_purple_00006":{"x":48.24,"y":31.66,"scaleX":2,"scaleY":2,"width":250,"height":250},"ef/dash_B_purple/ef_dash_B_purple_00007":{"x":48.24,"y":31.66,"scaleX":2,"scaleY":2,"width":250,"height":250},"ef/dash_B_purple/ef_dash_B_purple_00009":{"x":48.24,"y":31.66,"scaleX":2,"scaleY":2,"width":250,"height":250},"ef/dash_B_purple/ef_dash_B_purple_00010":{"x":48.24,"y":31.66,"scaleX":2,"scaleY":2,"width":250,"height":250},"ef/dash_B_purple/ef_dash_B_purple_00012":{"x":48.24,"y":31.66,"scaleX":2,"scaleY":2,"width":250,"height":250}},"dash_B_purple2":{"ef/dash_B_purple/ef_dash_B_purple_00001":{"x":48.24,"y":31.66,"scaleX":2,"scaleY":2,"width":250,"height":250},"ef/dash_B_purple/ef_dash_B_purple_00003":{"x":48.24,"y":31.66,"scaleX":2,"scaleY":2,"width":250,"height":250},"ef/dash_B_purple/ef_dash_B_purple_00004":{"x":48.24,"y":31.66,"scaleX":2,"scaleY":2,"width":250,"height":250},"ef/dash_B_purple/ef_dash_B_purple_00005":{"x":48.24,"y":31.66,"scaleX":2,"scaleY":2,"width":250,"height":250},"ef/dash_B_purple/ef_dash_B_purple_00006":{"x":48.24,"y":31.66,"scaleX":2,"scaleY":2,"width":250,"height":250},"ef/dash_B_purple/ef_dash_B_purple_00007":{"x":48.24,"y":31.66,"scaleX":2,"scaleY":2,"width":250,"height":250},"ef/dash_B_purple/ef_dash_B_purple_00009":{"x":48.24,"y":31.66,"scaleX":2,"scaleY":2,"width":250,"height":250},"ef/dash_B_purple/ef_dash_B_purple_00010":{"x":48.24,"y":31.66,"scaleX":2,"scaleY":2,"width":250,"height":250},"ef/dash_B_purple/ef_dash_B_purple_00012":{"x":48.24,"y":31.66,"scaleX":2,"scaleY":2,"width":250,"height":250}},"dash_aura":{"ef/dash_aura/ef_dash_aura_main_00001":{"x":125.74,"scaleX":2,"scaleY":2,"width":200,"height":200},"ef/dash_aura/ef_dash_aura_main_00002":{"x":125.74,"scaleX":2,"scaleY":2,"width":200,"height":200},"ef/dash_aura/ef_dash_aura_main_00003":{"x":125.74,"scaleX":2,"scaleY":2,"width":200,"height":200},"ef/dash_aura/ef_dash_aura_main_00004":{"x":125.74,"scaleX":2,"scaleY":2,"width":200,"height":200},"ef/dash_aura/ef_dash_aura_main_00005":{"x":125.74,"scaleX":2,"scaleY":2,"width":200,"height":200},"ef/dash_aura/ef_dash_aura_main_00006":{"x":125.74,"scaleX":2,"scaleY":2,"width":200,"height":200},"ef/dash_aura/ef_dash_aura_main_00007":{"x":125.74,"scaleX":2,"scaleY":2,"width":200,"height":200},"ef/dash_aura/ef_dash_aura_main_00008":{"x":125.74,"scaleX":2,"scaleY":2,"width":200,"height":200},"ef/dash_aura/ef_dash_aura_main_00009":{"x":125.74,"scaleX":2,"scaleY":2,"width":200,"height":200}},"ef_slash_A_mian":{"ef/ef_slash_A_mian/ef_slash_A_mian_00001":{"width":320,"height":200},"ef/ef_slash_A_mian/ef_slash_A_mian_00002":{"width":320,"height":200},"ef/ef_slash_A_mian/ef_slash_A_mian_00003":{"width":320,"height":200},"ef/ef_slash_A_mian/ef_slash_A_mian_00004":{"width":320,"height":200},"ef/ef_slash_A_mian/ef_slash_A_mian_00005":{"width":320,"height":200},"ef/ef_slash_A_mian/ef_slash_A_mian_00006":{"width":320,"height":200},"ef/ef_slash_A_mian/ef_slash_A_mian_00007":{"width":320,"height":200},"ef/ef_slash_A_mian/ef_slash_A_mian_00008":{"width":320,"height":200}},"ef_slash_A_mian2":{"ef/ef_slash_A_mian2/ef_slash_A_mian 2_00001":{"width":320,"height":200},"ef/ef_slash_A_mian2/ef_slash_A_mian 2_00002":{"width":320,"height":200},"ef/ef_slash_A_mian2/ef_slash_A_mian 2_00003":{"width":320,"height":200},"ef/ef_slash_A_mian2/ef_slash_A_mian 2_00004":{"width":320,"height":200},"ef/ef_slash_A_mian2/ef_slash_A_mian 2_00005":{"width":320,"height":200},"ef/ef_slash_A_mian2/ef_slash_A_mian 2_00006":{"width":320,"height":200},"ef/ef_slash_A_mian2/ef_slash_A_mian 2_00007":{"width":320,"height":200},"ef/ef_slash_A_mian2/ef_slash_A_mian 2_00008":{"width":320,"height":200}},"ef_slash_A_mian3":{"ef/ef_slash_A_mian2/ef_slash_A_mian 2_00001":{"width":320,"height":200},"ef/ef_slash_A_mian2/ef_slash_A_mian 2_00002":{"width":320,"height":200},"ef/ef_slash_A_mian2/ef_slash_A_mian 2_00003":{"width":320,"height":200},"ef/ef_slash_A_mian2/ef_slash_A_mian 2_00004":{"width":320,"height":200},"ef/ef_slash_A_mian2/ef_slash_A_mian 2_00005":{"width":320,"height":200},"ef/ef_slash_A_mian2/ef_slash_A_mian 2_00006":{"width":320,"height":200},"ef/ef_slash_A_mian2/ef_slash_A_mian 2_00007":{"width":320,"height":200},"ef/ef_slash_A_mian2/ef_slash_A_mian 2_00008":{"width":320,"height":200}},"ef_slash_A_mian4":{"ef/ef_slash_A_mian/ef_slash_A_mian_00001":{"width":320,"height":200},"ef/ef_slash_A_mian/ef_slash_A_mian_00002":{"width":320,"height":200},"ef/ef_slash_A_mian/ef_slash_A_mian_00003":{"width":320,"height":200},"ef/ef_slash_A_mian/ef_slash_A_mian_00004":{"width":320,"height":200},"ef/ef_slash_A_mian/ef_slash_A_mian_00005":{"width":320,"height":200},"ef/ef_slash_A_mian/ef_slash_A_mian_00006":{"width":320,"height":200},"ef/ef_slash_A_mian/ef_slash_A_mian_00007":{"width":320,"height":200},"ef/ef_slash_A_mian/ef_slash_A_mian_00008":{"width":320,"height":200}},"ef_slash_A_mian5":{"ef/ef_slash_A_mian/ef_slash_A_mian_00001":{"width":320,"height":200},"ef/ef_slash_A_mian/ef_slash_A_mian_00002":{"width":320,"height":200},"ef/ef_slash_A_mian/ef_slash_A_mian_00003":{"width":320,"height":200},"ef/ef_slash_A_mian/ef_slash_A_mian_00004":{"width":320,"height":200},"ef/ef_slash_A_mian/ef_slash_A_mian_00005":{"width":320,"height":200},"ef/ef_slash_A_mian/ef_slash_A_mian_00006":{"width":320,"height":200},"ef/ef_slash_A_mian/ef_slash_A_mian_00007":{"width":320,"height":200},"ef/ef_slash_A_mian/ef_slash_A_mian_00008":{"width":320,"height":200}},"ef_slash_B_mian":{"ef/ef_slash_B_mian/ef_slash_B_mian_00001":{"width":320,"height":200},"ef/ef_slash_B_mian/ef_slash_B_mian_00002":{"width":320,"height":200},"ef/ef_slash_B_mian/ef_slash_B_mian_00003":{"width":320,"height":200},"ef/ef_slash_B_mian/ef_slash_B_mian_00004":{"width":320,"height":200},"ef/ef_slash_B_mian/ef_slash_B_mian_00005":{"width":320,"height":200},"ef/ef_slash_B_mian/ef_slash_B_mian_00006":{"width":320,"height":200},"ef/ef_slash_B_mian/ef_slash_B_mian_00007":{"width":320,"height":200},"ef/ef_slash_B_mian/ef_slash_B_mian_00008":{"width":320,"height":200},"ef/ef_slash_B_mian/ef_slash_B_mian_00009":{"width":320,"height":200},"ef/ef_slash_B_mian/ef_slash_B_mian_00010":{"width":320,"height":200}},"ef_slash_C_mian":{"ef/ef_slash_C_mian/ef_slash_C_mian_00001":{"width":320,"height":200},"ef/ef_slash_C_mian/ef_slash_C_mian_00002":{"width":320,"height":200},"ef/ef_slash_C_mian/ef_slash_C_mian_00003":{"width":320,"height":200},"ef/ef_slash_C_mian/ef_slash_C_mian_00004":{"width":320,"height":200},"ef/ef_slash_C_mian/ef_slash_C_mian_00005":{"width":320,"height":200},"ef/ef_slash_C_mian/ef_slash_C_mian_00006":{"width":320,"height":200}},"ef_slash_D_mian":{"ef/ef_slash_D_mian/ef_slash_D_mian_00001":{"width":320,"height":200},"ef/ef_slash_D_mian/ef_slash_D_mian_00002":{"width":320,"height":200},"ef/ef_slash_D_mian/ef_slash_D_mian_00003":{"width":320,"height":200},"ef/ef_slash_D_mian/ef_slash_D_mian_00004":{"width":320,"height":200},"ef/ef_slash_D_mian/ef_slash_D_mian_00005":{"width":320,"height":200},"ef/ef_slash_D_mian/ef_slash_D_mian_00006":{"width":320,"height":200}},"graund_wave_AA_purple":{"ef/graund_wave_AA_purple/ef_graund_wave_AA_purple_00002":{"x":0.37,"y":18.92,"scaleX":2,"scaleY":2,"width":250,"height":250},"ef/graund_wave_AA_purple/ef_graund_wave_AA_purple_00004":{"x":0.37,"y":18.92,"scaleX":2,"scaleY":2,"width":250,"height":250},"ef/graund_wave_AA_purple/ef_graund_wave_AA_purple_00006":{"x":0.37,"y":18.92,"scaleX":2,"scaleY":2,"width":250,"height":250},"ef/graund_wave_AA_purple/ef_graund_wave_AA_purple_00008":{"x":0.37,"y":18.92,"scaleX":2,"scaleY":2,"width":250,"height":250},"ef/graund_wave_AA_purple/ef_graund_wave_AA_purple_00010":{"x":0.37,"y":18.92,"scaleX":2,"scaleY":2,"width":250,"height":250},"ef/graund_wave_AA_purple/ef_graund_wave_AA_purple_00011":{"x":0.37,"y":18.92,"scaleX":2,"scaleY":2,"width":250,"height":250}},"graund_wave_AA_purple2":{"ef/graund_wave_AA_purple/ef_graund_wave_AA_purple_00002":{"x":0.37,"y":18.92,"scaleX":2,"scaleY":2,"width":250,"height":250},"ef/graund_wave_AA_purple/ef_graund_wave_AA_purple_00004":{"x":0.37,"y":18.92,"scaleX":2,"scaleY":2,"width":250,"height":250},"ef/graund_wave_AA_purple/ef_graund_wave_AA_purple_00006":{"x":0.37,"y":18.92,"scaleX":2,"scaleY":2,"width":250,"height":250},"ef/graund_wave_AA_purple/ef_graund_wave_AA_purple_00008":{"x":0.37,"y":18.92,"scaleX":2,"scaleY":2,"width":250,"height":250},"ef/graund_wave_AA_purple/ef_graund_wave_AA_purple_00010":{"x":0.37,"y":18.92,"scaleX":2,"scaleY":2,"width":250,"height":250},"ef/graund_wave_AA_purple/ef_graund_wave_AA_purple_00011":{"x":0.37,"y":18.92,"scaleX":2,"scaleY":2,"width":250,"height":250}},"graund_wave_AA_purple3":{"ef/graund_wave_AA_purple/ef_graund_wave_AA_purple_00002":{"x":0.37,"y":18.92,"scaleX":2,"scaleY":2,"width":250,"height":250},"ef/graund_wave_AA_purple/ef_graund_wave_AA_purple_00004":{"x":0.37,"y":18.92,"scaleX":2,"scaleY":2,"width":250,"height":250},"ef/graund_wave_AA_purple/ef_graund_wave_AA_purple_00006":{"x":0.37,"y":18.92,"scaleX":2,"scaleY":2,"width":250,"height":250},"ef/graund_wave_AA_purple/ef_graund_wave_AA_purple_00008":{"x":0.37,"y":18.92,"scaleX":2,"scaleY":2,"width":250,"height":250},"ef/graund_wave_AA_purple/ef_graund_wave_AA_purple_00010":{"x":0.37,"y":18.92,"scaleX":2,"scaleY":2,"width":250,"height":250},"ef/graund_wave_AA_purple/ef_graund_wave_AA_purple_00011":{"x":0.37,"y":18.92,"scaleX":2,"scaleY":2,"width":250,"height":250}},"graund_wave_AA_purple4":{"ef/graund_wave_AA_purple/ef_graund_wave_AA_purple_00002":{"x":0.37,"y":18.92,"scaleX":2,"scaleY":2,"width":250,"height":250},"ef/graund_wave_AA_purple/ef_graund_wave_AA_purple_00004":{"x":0.37,"y":18.92,"scaleX":2,"scaleY":2,"width":250,"height":250},"ef/graund_wave_AA_purple/ef_graund_wave_AA_purple_00006":{"x":0.37,"y":18.92,"scaleX":2,"scaleY":2,"width":250,"height":250},"ef/graund_wave_AA_purple/ef_graund_wave_AA_purple_00008":{"x":0.37,"y":18.92,"scaleX":2,"scaleY":2,"width":250,"height":250},"ef/graund_wave_AA_purple/ef_graund_wave_AA_purple_00010":{"x":0.37,"y":18.92,"scaleX":2,"scaleY":2,"width":250,"height":250},"ef/graund_wave_AA_purple/ef_graund_wave_AA_purple_00011":{"x":0.37,"y":18.92,"scaleX":2,"scaleY":2,"width":250,"height":250}},"graund_wave_AA_purple5":{"ef/graund_wave_AA_purple/ef_graund_wave_AA_purple_00002":{"x":0.37,"y":18.92,"scaleX":2,"scaleY":2,"width":250,"height":250},"ef/graund_wave_AA_purple/ef_graund_wave_AA_purple_00004":{"x":0.37,"y":18.92,"scaleX":2,"scaleY":2,"width":250,"height":250},"ef/graund_wave_AA_purple/ef_graund_wave_AA_purple_00006":{"x":0.37,"y":18.92,"scaleX":2,"scaleY":2,"width":250,"height":250},"ef/graund_wave_AA_purple/ef_graund_wave_AA_purple_00008":{"x":0.37,"y":18.92,"scaleX":2,"scaleY":2,"width":250,"height":250},"ef/graund_wave_AA_purple/ef_graund_wave_AA_purple_00010":{"x":0.37,"y":18.92,"scaleX":2,"scaleY":2,"width":250,"height":250},"ef/graund_wave_AA_purple/ef_graund_wave_AA_purple_00011":{"x":0.37,"y":18.92,"scaleX":2,"scaleY":2,"width":250,"height":250}},"graund_wave_AA_purple6":{"ef/graund_wave_AA_purple/ef_graund_wave_AA_purple_00002":{"x":0.37,"y":18.92,"scaleX":2,"scaleY":2,"width":250,"height":250},"ef/graund_wave_AA_purple/ef_graund_wave_AA_purple_00004":{"x":0.37,"y":18.92,"scaleX":2,"scaleY":2,"width":250,"height":250},"ef/graund_wave_AA_purple/ef_graund_wave_AA_purple_00006":{"x":0.37,"y":18.92,"scaleX":2,"scaleY":2,"width":250,"height":250},"ef/graund_wave_AA_purple/ef_graund_wave_AA_purple_00008":{"x":0.37,"y":18.92,"scaleX":2,"scaleY":2,"width":250,"height":250},"ef/graund_wave_AA_purple/ef_graund_wave_AA_purple_00010":{"x":0.37,"y":18.92,"scaleX":2,"scaleY":2,"width":250,"height":250},"ef/graund_wave_AA_purple/ef_graund_wave_AA_purple_00011":{"x":0.37,"y":18.92,"scaleX":2,"scaleY":2,"width":250,"height":250}},"graund_wave_AA_purple7":{"ef/graund_wave_AA_purple/ef_graund_wave_AA_purple_00002":{"x":0.37,"y":18.92,"scaleX":2,"scaleY":2,"width":250,"height":250},"ef/graund_wave_AA_purple/ef_graund_wave_AA_purple_00004":{"x":0.37,"y":18.92,"scaleX":2,"scaleY":2,"width":250,"height":250},"ef/graund_wave_AA_purple/ef_graund_wave_AA_purple_00006":{"x":0.37,"y":18.92,"scaleX":2,"scaleY":2,"width":250,"height":250},"ef/graund_wave_AA_purple/ef_graund_wave_AA_purple_00008":{"x":0.37,"y":18.92,"scaleX":2,"scaleY":2,"width":250,"height":250},"ef/graund_wave_AA_purple/ef_graund_wave_AA_purple_00010":{"x":0.37,"y":18.92,"scaleX":2,"scaleY":2,"width":250,"height":250},"ef/graund_wave_AA_purple/ef_graund_wave_AA_purple_00011":{"x":0.37,"y":18.92,"scaleX":2,"scaleY":2,"width":250,"height":250}},"wing_A_yellow":{"ef/wing_A_yellow/ef_wing_A_yellow_00002":{"width":375,"height":375},"ef/wing_A_yellow/ef_wing_A_yellow_00004":{"width":375,"height":375},"ef/wing_A_yellow/ef_wing_A_yellow_00006":{"width":375,"height":375},"ef/wing_A_yellow/ef_wing_A_yellow_00010":{"width":375,"height":375},"ef/wing_A_yellow/ef_wing_A_yellow_00014":{"width":375,"height":375},"ef/wing_A_yellow/ef_wing_A_yellow_00018":{"width":375,"height":375},"ef/wing_A_yellow/ef_wing_A_yellow_00020":{"width":375,"height":375},"ef/wing_A_yellow/ef_wing_A_yellow_00022":{"width":375,"height":375},"ef/wing_A_yellow/ef_wing_A_yellow_00024":{"width":375,"height":375}},"wing_A_yellow2":{"ef/wing_A_yellow/ef_wing_A_yellow_00002":{"width":375,"height":375},"ef/wing_A_yellow/ef_wing_A_yellow_00004":{"width":375,"height":375},"ef/wing_A_yellow/ef_wing_A_yellow_00006":{"width":375,"height":375},"ef/wing_A_yellow/ef_wing_A_yellow_00010":{"width":375,"height":375},"ef/wing_A_yellow/ef_wing_A_yellow_00014":{"width":375,"height":375},"ef/wing_A_yellow/ef_wing_A_yellow_00018":{"width":375,"height":375},"ef/wing_A_yellow/ef_wing_A_yellow_00020":{"width":375,"height":375},"ef/wing_A_yellow/ef_wing_A_yellow_00022":{"width":375,"height":375},"ef/wing_A_yellow/ef_wing_A_yellow_00024":{"width":375,"height":375}},"wing_A_yellow3":{"ef/wing_A_yellow/ef_wing_A_yellow_00002":{"width":375,"height":375},"ef/wing_A_yellow/ef_wing_A_yellow_00004":{"width":375,"height":375},"ef/wing_A_yellow/ef_wing_A_yellow_00006":{"width":375,"height":375},"ef/wing_A_yellow/ef_wing_A_yellow_00010":{"width":375,"height":375},"ef/wing_A_yellow/ef_wing_A_yellow_00014":{"width":375,"height":375},"ef/wing_A_yellow/ef_wing_A_yellow_00018":{"width":375,"height":375},"ef/wing_A_yellow/ef_wing_A_yellow_00020":{"width":375,"height":375},"ef/wing_A_yellow/ef_wing_A_yellow_00022":{"width":375,"height":375},"ef/wing_A_yellow/ef_wing_A_yellow_00024":{"width":375,"height":375}},"wing_A_yellow4":{"ef/wing_A_yellow/ef_wing_A_yellow_00002":{"width":375,"height":375},"ef/wing_A_yellow/ef_wing_A_yellow_00004":{"width":375,"height":375},"ef/wing_A_yellow/ef_wing_A_yellow_00006":{"width":375,"height":375},"ef/wing_A_yellow/ef_wing_A_yellow_00010":{"width":375,"height":375},"ef/wing_A_yellow/ef_wing_A_yellow_00014":{"width":375,"height":375},"ef/wing_A_yellow/ef_wing_A_yellow_00018":{"width":375,"height":375},"ef/wing_A_yellow/ef_wing_A_yellow_00020":{"width":375,"height":375},"ef/wing_A_yellow/ef_wing_A_yellow_00022":{"width":375,"height":375},"ef/wing_A_yellow/ef_wing_A_yellow_00024":{"width":375,"height":375}},"wing_A_yellow5":{"ef/wing_A_yellow/ef_wing_A_yellow_00002":{"width":375,"height":375},"ef/wing_A_yellow/ef_wing_A_yellow_00004":{"width":375,"height":375},"ef/wing_A_yellow/ef_wing_A_yellow_00006":{"width":375,"height":375},"ef/wing_A_yellow/ef_wing_A_yellow_00010":{"width":375,"height":375},"ef/wing_A_yellow/ef_wing_A_yellow_00014":{"width":375,"height":375},"ef/wing_A_yellow/ef_wing_A_yellow_00018":{"width":375,"height":375},"ef/wing_A_yellow/ef_wing_A_yellow_00020":{"width":375,"height":375},"ef/wing_A_yellow/ef_wing_A_yellow_00022":{"width":375,"height":375},"ef/wing_A_yellow/ef_wing_A_yellow_00024":{"width":375,"height":375}},"wing_A_yellow6":{"ef/wing_A_yellow/ef_wing_A_yellow_00002":{"width":375,"height":375},"ef/wing_A_yellow/ef_wing_A_yellow_00004":{"width":375,"height":375},"ef/wing_A_yellow/ef_wing_A_yellow_00006":{"width":375,"height":375},"ef/wing_A_yellow/ef_wing_A_yellow_00010":{"width":375,"height":375},"ef/wing_A_yellow/ef_wing_A_yellow_00014":{"width":375,"height":375},"ef/wing_A_yellow/ef_wing_A_yellow_00018":{"width":375,"height":375},"ef/wing_A_yellow/ef_wing_A_yellow_00020":{"width":375,"height":375},"ef/wing_A_yellow/ef_wing_A_yellow_00022":{"width":375,"height":375},"ef/wing_A_yellow/ef_wing_A_yellow_00024":{"width":375,"height":375}},"wing_A_yellow7":{"ef/wing_A_yellow/ef_wing_A_yellow_00002":{"width":375,"height":375},"ef/wing_A_yellow/ef_wing_A_yellow_00004":{"width":375,"height":375},"ef/wing_A_yellow/ef_wing_A_yellow_00006":{"width":375,"height":375},"ef/wing_A_yellow/ef_wing_A_yellow_00010":{"width":375,"height":375},"ef/wing_A_yellow/ef_wing_A_yellow_00014":{"width":375,"height":375},"ef/wing_A_yellow/ef_wing_A_yellow_00018":{"width":375,"height":375},"ef/wing_A_yellow/ef_wing_A_yellow_00020":{"width":375,"height":375},"ef/wing_A_yellow/ef_wing_A_yellow_00022":{"width":375,"height":375},"ef/wing_A_yellow/ef_wing_A_yellow_00024":{"width":375,"height":375}},"wing_A_yellow8":{"ef/wing_A_yellow/ef_wing_A_yellow_00002":{"width":375,"height":375},"ef/wing_A_yellow/ef_wing_A_yellow_00004":{"width":375,"height":375},"ef/wing_A_yellow/ef_wing_A_yellow_00006":{"width":375,"height":375},"ef/wing_A_yellow/ef_wing_A_yellow_00010":{"width":375,"height":375},"ef/wing_A_yellow/ef_wing_A_yellow_00014":{"width":375,"height":375},"ef/wing_A_yellow/ef_wing_A_yellow_00018":{"width":375,"height":375},"ef/wing_A_yellow/ef_wing_A_yellow_00020":{"width":375,"height":375},"ef/wing_A_yellow/ef_wing_A_yellow_00022":{"width":375,"height":375},"ef/wing_A_yellow/ef_wing_A_yellow_00024":{"width":375,"height":375}}}},"events":{"Event":{},"Event2":{},"Sound1":{},"Sound2":{},"Sound3":{},"Voice":{},"hit":{}},"animations":{"attack1":{"slots":{"DAMAGEAREA":{"attachment":[{"time":0.4,"name":"DAMAGEAREA"},{"time":0.4666,"name":null},{"time":0.5666,"name":"DAMAGEAREA"},{"time":0.6333,"name":null},{"time":0.7666,"name":"DAMAGEAREA"},{"time":0.8333,"name":null}]},"MAIN":{"attachment":[{"time":0,"name":"idle_00"},{"time":0.0333,"name":"attack1_00"},{"time":0.2,"name":"attack1_01"},{"time":0.3,"name":"attack1_02"},{"time":0.4,"name":"attack1_03"},{"time":0.5333,"name":"attack1_04"},{"time":0.5666,"name":"attack1_05"},{"time":0.7,"name":"attack1_06"},{"time":0.7666,"name":"attack1_08"},{"time":0.8333,"name":"attack1_07"},{"time":0.8666,"name":"attack1_09"},{"time":1.0666,"name":"back_00"},{"time":1.3,"name":"attack1_00"},{"time":1.4666,"name":"idle_02"},{"time":1.5666,"name":"idle_03"},{"time":1.6666,"name":"idle_00"}]},"attack1_03_ef":{"attachment":[{"time":0.4,"name":"attack1_03_ef"},{"time":0.4666,"name":null},{"time":0.5666,"name":"attack1_05_ef"},{"time":0.6333,"name":null},{"time":0.7666,"name":"attack1_07_ef"},{"time":0.8333,"name":null}]}},"bones":{"MAIN":{"rotate":[{"time":0.3,"angle":0},{"time":0.3333,"angle":-2.5,"curve":"stepped"},{"time":0.3666,"angle":-2.5},{"time":0.4,"angle":0,"curve":"stepped"},{"time":0.7,"angle":-2},{"time":0.7666,"angle":0}],"translate":[{"time":0.0333,"x":0,"y":0,"curve":"stepped"},{"time":0.1333,"x":0,"y":0},{"time":0.1666,"x":0,"y":-4.08,"curve":"stepped"},{"time":0.2,"x":0,"y":0},{"time":0.2666,"x":-31.36,"y":53.19},{"time":0.3333,"x":-44.46,"y":63.51},{"time":0.4,"x":-86.94,"y":0},{"time":0.4333,"x":-86.94,"y":-6.81,"curve":[0.135,0.26,0.75,1]},{"time":0.5,"x":-86.94,"y":0,"curve":"stepped"},{"time":0.5666,"x":-86.94,"y":0,"curve":[0.111,0.4,0.75,1]},{"time":0.6333,"x":-110,"y":0,"curve":"stepped"},{"time":0.7666,"x":-110,"y":0,"curve":[0.114,0.42,0.75,1]},{"time":0.8666,"x":-120,"y":0,"curve":"stepped"},{"time":1.0666,"x":-120,"y":0},{"time":1.1666,"x":-60,"y":16.57},{"time":1.2666,"x":-10,"y":0,"curve":[0.107,0.5,0.75,1]},{"time":1.4333,"x":0,"y":0}]},"DAMAGEAREA":{"translate":[{"time":0.4,"x":-97.69,"y":28.12,"curve":"stepped"},{"time":0.5666,"x":-124.85,"y":30.12,"curve":"stepped"},{"time":0.7666,"x":-110.81,"y":30.12}],"scale":[{"time":0.4,"x":1.545,"y":0.452,"curve":"stepped"},{"time":0.5666,"x":2.11,"y":0.452,"curve":"stepped"},{"time":0.7666,"x":1.75,"y":0.452}]}},"events":[{"time":0,"name":"Event","string":"setHitEffect(hit03e, 1)"},{"time":0.0333,"name":"Event","float":1,"string":"kImpactType_normal"},{"time":0.0666,"name":"Event","float":0.1,"string":"kHitStopType_normal"},{"time":0.2,"name":"Sound1","string":"cri_se_battle_jump"},{"time":0.3333,"name":"Sound1","string":"cri_se_battle_sword_swish_heavy"},{"time":0.3333,"name":"Sound3","string":"setHitSound(se_battle_018_sword_hit_02)"},{"time":0.3333,"name":"Voice","string":"cri_235_voice_attack_random"},{"time":0.5333,"name":"Sound1","string":"cri_se_battle_sword_swish_heavy"},{"time":0.5666,"name":"hit","string":"resetHitList"},{"time":0.7333,"name":"Sound1","string":"cri_se_battle_sword_swish_heavy"},{"time":0.7333,"name":"Voice","string":"cri_235_voice_attack_c"},{"time":0.7666,"name":"hit","string":"resetHitList"}]},"attack2":{"slots":{"DAMAGEAREA":{"attachment":[{"time":0.4,"name":"DAMAGEAREA"},{"time":0.4666,"name":null},{"time":0.5666,"name":"DAMAGEAREA"},{"time":0.6333,"name":null},{"time":0.7666,"name":"DAMAGEAREA"},{"time":0.8333,"name":null}]},"MAIN":{"attachment":[{"time":0,"name":"idle_00"},{"time":0.0333,"name":"attack1_00"},{"time":0.2,"name":"attack1_01"},{"time":0.3,"name":"attack1_02"},{"time":0.4,"name":"attack1_03"},{"time":0.5333,"name":"attack1_04"},{"time":0.5666,"name":"attack1_05"},{"time":0.7,"name":"attack1_06"},{"time":0.7666,"name":"attack1_08"},{"time":0.8333,"name":"attack1_07"},{"time":0.8666,"name":"attack1_09"},{"time":1.0666,"name":"back_00"},{"time":1.3,"name":"attack1_00"},{"time":1.4666,"name":"idle_02"},{"time":1.5666,"name":"idle_03"},{"time":1.6666,"name":"idle_00"}]},"attack1_03_ef":{"attachment":[{"time":0.4,"name":"attack1_03_ef"},{"time":0.4666,"name":null},{"time":0.5666,"name":"attack1_05_ef"},{"time":0.6333,"name":null},{"time":0.7666,"name":"attack1_07_ef"},{"time":0.8333,"name":null}]}},"bones":{"MAIN":{"rotate":[{"time":0.3,"angle":0},{"time":0.3333,"angle":-2.5,"curve":"stepped"},{"time":0.3666,"angle":-2.5},{"time":0.4,"angle":0,"curve":"stepped"},{"time":0.7,"angle":-2},{"time":0.7666,"angle":0}],"translate":[{"time":0.0333,"x":0,"y":0,"curve":"stepped"},{"time":0.1333,"x":0,"y":0},{"time":0.1666,"x":0,"y":-4.08,"curve":"stepped"},{"time":0.2,"x":0,"y":0},{"time":0.2666,"x":-31.36,"y":53.19},{"time":0.3333,"x":-44.46,"y":63.51},{"time":0.4,"x":-86.94,"y":0},{"time":0.4333,"x":-86.94,"y":-6.81,"curve":[0.135,0.26,0.75,1]},{"time":0.5,"x":-86.94,"y":0,"curve":"stepped"},{"time":0.5666,"x":-86.94,"y":0,"curve":[0.111,0.4,0.75,1]},{"time":0.6333,"x":-110,"y":0,"curve":"stepped"},{"time":0.7666,"x":-110,"y":0,"curve":[0.114,0.42,0.75,1]},{"time":0.8666,"x":-120,"y":0,"curve":"stepped"},{"time":1.0666,"x":-120,"y":0},{"time":1.1666,"x":-60,"y":16.57},{"time":1.2666,"x":-10,"y":0,"curve":[0.107,0.5,0.75,1]},{"time":1.4333,"x":0,"y":0}]},"DAMAGEAREA":{"translate":[{"time":0.4,"x":-97.69,"y":28.12,"curve":"stepped"},{"time":0.5666,"x":-124.85,"y":30.12,"curve":"stepped"},{"time":0.7666,"x":-110.81,"y":30.12}],"scale":[{"time":0.4,"x":1.545,"y":0.452,"curve":"stepped"},{"time":0.5666,"x":2.11,"y":0.452,"curve":"stepped"},{"time":0.7666,"x":1.75,"y":0.452}]}},"events":[{"time":0,"name":"Event","string":"setHitEffect(hit03e, 1)"},{"time":0.0333,"name":"Event","float":1,"string":"kImpactType_normal"},{"time":0.0666,"name":"Event","float":0.1,"string":"kHitStopType_normal"},{"time":0.2,"name":"Sound1","string":"cri_se_battle_jump"},{"time":0.3333,"name":"Sound1","string":"cri_se_battle_sword_swish_heavy"},{"time":0.3333,"name":"Sound3","string":"setHitSound(se_battle_018_sword_hit_02)"},{"time":0.3333,"name":"Voice","string":"cri_235_voice_attack_random"},{"time":0.5333,"name":"Sound1","string":"cri_se_battle_sword_swish_heavy"},{"time":0.5666,"name":"hit","string":"resetHitList"},{"time":0.7333,"name":"Sound1","string":"cri_se_battle_sword_swish_heavy"},{"time":0.7333,"name":"Voice","string":"cri_235_voice_attack_c"},{"time":0.7666,"name":"hit","string":"resetHitList"}]},"back":{"slots":{"MAIN":{"attachment":[{"time":0,"name":"back_00"},{"time":0.2666,"name":"attack1_00"},{"time":0.5666,"name":"idle_02"},{"time":0.6666,"name":"idle_03"},{"time":0.7666,"name":"idle_00"}]}},"bones":{"MAIN":{"translate":[{"time":0,"x":0,"y":0},{"time":0.1333,"x":62.5,"y":20},{"time":0.2666,"x":125,"y":0,"curve":[0.075,0.6,0.75,1]},{"time":0.5666,"x":140,"y":0}]}},"events":[{"time":0,"name":"Sound1","string":"cri_se_battle_jump"},{"time":0.2666,"name":"Sound1","string":"cri_se_battle_landing"}]},"cast":{"slots":{"MAIN":{"attachment":[{"time":0,"name":"idle_00"},{"time":0.2333,"name":"attack1_03"},{"time":0.3,"name":"attack1_04"},{"time":0.3666,"name":"attack1_05"},{"time":0.4,"name":"attack1_06"},{"time":0.5,"name":"attack1_08"},{"time":0.6,"name":"attack1_09"},{"time":0.6666,"name":"attack1_08"},{"time":1,"name":"idle_00"}]}},"events":[{"time":0.4333,"name":"Voice","string":"cri_235_voice_item"}]},"damage":{"slots":{"MAIN":{"attachment":[{"time":0,"name":"damage_00"}]}}},"front":{"slots":{"MAIN":{"attachment":[{"time":0,"name":"front_00"}]}}},"idle":{"slots":{"MAIN":{"attachment":[{"time":0,"name":"idle_00"},{"time":0.2,"name":"idle_01"},{"time":0.4,"name":"idle_02"},{"time":0.6,"name":"idle_03"},{"time":0.8,"name":"idle_00"}]}}},"in":{"slots":{"MAIN":{"attachment":[{"time":0,"name":"back_00"},{"time":0.1333,"name":"attack1_03"},{"time":0.6,"name":"skill2_01"},{"time":0.6666,"name":"skill1_00"},{"time":0.7,"name":"idle_01"},{"time":0.8333,"name":"idle_00"}],"color":[{"time":0,"color":"ffffff00"},{"time":0.1333,"color":"ffffffff"}]}},"bones":{"MAIN":{"rotate":[{"time":0,"angle":44.83,"curve":"stepped"},{"time":0.1333,"angle":0}],"translate":[{"time":0,"x":12.58,"y":184.92,"curve":[0.418,0,0.75,1]},{"time":0.1333,"x":12,"y":0},{"time":0.1666,"x":12,"y":-5},{"time":0.2333,"x":12,"y":0,"curve":"stepped"},{"time":0.6,"x":-2,"y":0,"curve":"stepped"},{"time":0.6666,"x":7.63,"y":-0.77,"curve":"stepped"},{"time":0.7,"x":0,"y":0}],"scale":[{"time":0,"x":1,"y":1,"curve":"stepped"},{"time":0.6,"x":1,"y":1,"curve":"stepped"},{"time":0.6666,"x":-0.922,"y":1,"curve":"stepped"},{"time":0.7,"x":1,"y":1,"curve":"stepped"},{"time":0.8333,"x":1,"y":1}]}},"events":[{"time":0,"name":"Event","string":"takeSummon"}]},"skill1":{"slots":{"DAMAGEAREA":{"attachment":[{"time":0.3,"name":"DAMAGEAREA"},{"time":1.3666,"name":null}]},"MAIN":{"attachment":[{"time":0,"name":"idle_00"},{"time":0.0333,"name":"front_00"},{"time":0.1666,"name":"skill1_00"},{"time":0.2333,"name":"skill1_01a"},{"time":0.3,"name":"skill1_01b"},{"time":0.3666,"name":"skill1_01c"},{"time":0.4333,"name":"skill1_01a"},{"time":0.5,"name":"skill1_01b"},{"time":0.5666,"name":"skill1_01c"},{"time":0.6333,"name":"skill1_01a"},{"time":0.7,"name":"skill1_01b"},{"time":0.7333,"name":"skill1_01c"},{"time":0.7666,"name":"skill1_01a"},{"time":0.8,"name":"skill1_01b"},{"time":0.8333,"name":"skill1_01c"},{"time":0.8666,"name":"skill1_01a"},{"time":0.9,"name":"skill1_01b"},{"time":0.9333,"name":"skill1_01c"},{"time":0.9666,"name":"skill1_01a"},{"time":1,"name":"skill1_01b"},{"time":1.0333,"name":"skill1_01c"},{"time":1.0666,"name":"skill1_01a"},{"time":1.1,"name":"skill1_01b"},{"time":1.1333,"name":"skill1_01c"},{"time":1.2,"name":"skill1_03"},{"time":1.2666,"name":"skill1_04a"},{"time":1.3333,"name":"skill1_04b"},{"time":2,"name":"idle_00"}]},"attack1_03_ef":{"attachment":[{"time":1.2,"name":"skill1_03_ef"},{"time":1.2666,"name":null}]},"dash_B_purple":{"attachment":[{"time":0.0333,"name":"ef/dash_B_purple/ef_dash_B_purple_00001"},{"time":0.0666,"name":"ef/dash_B_purple/ef_dash_B_purple_00003"},{"time":0.1,"name":"ef/dash_B_purple/ef_dash_B_purple_00004"},{"time":0.1333,"name":"ef/dash_B_purple/ef_dash_B_purple_00005"},{"time":0.1666,"name":"ef/dash_B_purple/ef_dash_B_purple_00006"},{"time":0.2,"name":"ef/dash_B_purple/ef_dash_B_purple_00007"},{"time":0.2333,"name":"ef/dash_B_purple/ef_dash_B_purple_00009"},{"time":0.2666,"name":"ef/dash_B_purple/ef_dash_B_purple_00010"},{"time":0.3,"name":"ef/dash_B_purple/ef_dash_B_purple_00012"},{"time":0.3666,"name":null},{"time":1.2,"name":"ef/dash_B_purple/ef_dash_B_purple_00001"},{"time":1.2333,"name":"ef/dash_B_purple/ef_dash_B_purple_00003"},{"time":1.2666,"name":"ef/dash_B_purple/ef_dash_B_purple_00004"},{"time":1.3,"name":"ef/dash_B_purple/ef_dash_B_purple_00005"},{"time":1.3333,"name":"ef/dash_B_purple/ef_dash_B_purple_00006"},{"time":1.3666,"name":"ef/dash_B_purple/ef_dash_B_purple_00007"},{"time":1.4,"name":"ef/dash_B_purple/ef_dash_B_purple_00009"},{"time":1.4333,"name":"ef/dash_B_purple/ef_dash_B_purple_00010"},{"time":1.4666,"name":"ef/dash_B_purple/ef_dash_B_purple_00012"},{"time":1.5333,"name":null}],"color":[{"time":0.3,"color":"ffffffff"},{"time":0.3666,"color":"ffffff00","curve":"stepped"},{"time":1.2,"color":"ffffffff","curve":"stepped"},{"time":1.4666,"color":"ffffffff"},{"time":1.5333,"color":"ffffff00"}]},"ef_slash_A_mian":{"attachment":[{"time":0.3333,"name":"ef/ef_slash_A_mian/ef_slash_A_mian_00001"},{"time":0.3666,"name":"ef/ef_slash_A_mian/ef_slash_A_mian_00002"},{"time":0.4,"name":"ef/ef_slash_A_mian/ef_slash_A_mian_00003"},{"time":0.4333,"name":"ef/ef_slash_A_mian/ef_slash_A_mian_00004"},{"time":0.4666,"name":"ef/ef_slash_A_mian/ef_slash_A_mian_00005"},{"time":0.5,"name":"ef/ef_slash_A_mian/ef_slash_A_mian_00006"},{"time":0.5333,"name":"ef/ef_slash_A_mian/ef_slash_A_mian_00007"},{"time":0.5666,"name":"ef/ef_slash_A_mian/ef_slash_A_mian_00008"},{"time":0.6,"name":null},{"time":0.6333,"name":"ef/ef_slash_A_mian/ef_slash_A_mian_00001"},{"time":0.6666,"name":"ef/ef_slash_A_mian/ef_slash_A_mian_00002"},{"time":0.7,"name":"ef/ef_slash_A_mian/ef_slash_A_mian_00003"},{"time":0.7333,"name":"ef/ef_slash_A_mian/ef_slash_A_mian_00004"},{"time":0.7666,"name":"ef/ef_slash_A_mian/ef_slash_A_mian_00005"},{"time":0.8,"name":"ef/ef_slash_A_mian/ef_slash_A_mian_00006"},{"time":0.8333,"name":"ef/ef_slash_A_mian/ef_slash_A_mian_00007"},{"time":0.8666,"name":"ef/ef_slash_A_mian/ef_slash_A_mian_00008"},{"time":0.9,"name":null},{"time":1,"name":"ef/ef_slash_A_mian/ef_slash_A_mian_00001"},{"time":1.0333,"name":"ef/ef_slash_A_mian/ef_slash_A_mian_00002"},{"time":1.0666,"name":"ef/ef_slash_A_mian/ef_slash_A_mian_00003"},{"time":1.1,"name":"ef/ef_slash_A_mian/ef_slash_A_mian_00004"},{"time":1.1333,"name":"ef/ef_slash_A_mian/ef_slash_A_mian_00005"},{"time":1.1666,"name":"ef/ef_slash_A_mian/ef_slash_A_mian_00006"},{"time":1.2,"name":"ef/ef_slash_A_mian/ef_slash_A_mian_00007"},{"time":1.2333,"name":"ef/ef_slash_A_mian/ef_slash_A_mian_00008"},{"time":1.2666,"name":null}]},"ef_slash_A_mian2":{"attachment":[{"time":0.2333,"name":"ef/ef_slash_A_mian2/ef_slash_A_mian 2_00001"},{"time":0.2666,"name":"ef/ef_slash_A_mian2/ef_slash_A_mian 2_00002"},{"time":0.3,"name":"ef/ef_slash_A_mian2/ef_slash_A_mian 2_00003"},{"time":0.3333,"name":"ef/ef_slash_A_mian2/ef_slash_A_mian 2_00004"},{"time":0.3666,"name":"ef/ef_slash_A_mian2/ef_slash_A_mian 2_00005"},{"time":0.4,"name":"ef/ef_slash_A_mian2/ef_slash_A_mian 2_00006"},{"time":0.4333,"name":"ef/ef_slash_A_mian2/ef_slash_A_mian 2_00007"},{"time":0.4666,"name":"ef/ef_slash_A_mian2/ef_slash_A_mian 2_00008"},{"time":0.5,"name":"ef/ef_slash_A_mian2/ef_slash_A_mian 2_00001"},{"time":0.5333,"name":"ef/ef_slash_A_mian2/ef_slash_A_mian 2_00002"},{"time":0.5666,"name":"ef/ef_slash_A_mian2/ef_slash_A_mian 2_00003"},{"time":0.6,"name":"ef/ef_slash_A_mian2/ef_slash_A_mian 2_00004"},{"time":0.6333,"name":"ef/ef_slash_A_mian2/ef_slash_A_mian 2_00005"},{"time":0.6666,"name":"ef/ef_slash_A_mian2/ef_slash_A_mian 2_00006"},{"time":0.7,"name":"ef/ef_slash_A_mian2/ef_slash_A_mian 2_00007"},{"time":0.7333,"name":"ef/ef_slash_A_mian2/ef_slash_A_mian 2_00008"},{"time":0.7666,"name":null},{"time":0.9333,"name":"ef/ef_slash_A_mian2/ef_slash_A_mian 2_00002"},{"time":0.9666,"name":"ef/ef_slash_A_mian2/ef_slash_A_mian 2_00003"},{"time":1,"name":"ef/ef_slash_A_mian2/ef_slash_A_mian 2_00004"},{"time":1.0333,"name":"ef/ef_slash_A_mian2/ef_slash_A_mian 2_00005"},{"time":1.0666,"name":"ef/ef_slash_A_mian2/ef_slash_A_mian 2_00006"},{"time":1.1,"name":"ef/ef_slash_A_mian2/ef_slash_A_mian 2_00007"},{"time":1.1333,"name":"ef/ef_slash_A_mian2/ef_slash_A_mian 2_00008"},{"time":1.1666,"name":null}]},"ef_slash_A_mian3":{"attachment":[{"time":0.6,"name":"ef/ef_slash_A_mian2/ef_slash_A_mian 2_00001"},{"time":0.6333,"name":"ef/ef_slash_A_mian2/ef_slash_A_mian 2_00002"},{"time":0.6666,"name":"ef/ef_slash_A_mian2/ef_slash_A_mian 2_00003"},{"time":0.7,"name":"ef/ef_slash_A_mian2/ef_slash_A_mian 2_00004"},{"time":0.7333,"name":"ef/ef_slash_A_mian2/ef_slash_A_mian 2_00005"},{"time":0.7666,"name":"ef/ef_slash_A_mian2/ef_slash_A_mian 2_00006"},{"time":0.8,"name":"ef/ef_slash_A_mian2/ef_slash_A_mian 2_00007"},{"time":0.8333,"name":"ef/ef_slash_A_mian2/ef_slash_A_mian 2_00008"},{"time":0.8666,"name":"ef/ef_slash_A_mian2/ef_slash_A_mian 2_00001"},{"time":0.9,"name":"ef/ef_slash_A_mian2/ef_slash_A_mian 2_00002"},{"time":0.9333,"name":"ef/ef_slash_A_mian2/ef_slash_A_mian 2_00003"},{"time":0.9666,"name":"ef/ef_slash_A_mian2/ef_slash_A_mian 2_00004"},{"time":1,"name":"ef/ef_slash_A_mian2/ef_slash_A_mian 2_00005"},{"time":1.0333,"name":"ef/ef_slash_A_mian2/ef_slash_A_mian 2_00006"},{"time":1.0666,"name":"ef/ef_slash_A_mian2/ef_slash_A_mian 2_00007"},{"time":1.1,"name":"ef/ef_slash_A_mian2/ef_slash_A_mian 2_00008"},{"time":1.1333,"name":null}]},"ef_slash_A_mian4":{"attachment":[{"time":0.4333,"name":"ef/ef_slash_A_mian/ef_slash_A_mian_00001"},{"time":0.4666,"name":"ef/ef_slash_A_mian/ef_slash_A_mian_00002"},{"time":0.5,"name":"ef/ef_slash_A_mian/ef_slash_A_mian_00003"},{"time":0.5333,"name":"ef/ef_slash_A_mian/ef_slash_A_mian_00004"},{"time":0.5666,"name":"ef/ef_slash_A_mian/ef_slash_A_mian_00005"},{"time":0.6,"name":"ef/ef_slash_A_mian/ef_slash_A_mian_00006"},{"time":0.6333,"name":"ef/ef_slash_A_mian/ef_slash_A_mian_00007"},{"time":0.6666,"name":"ef/ef_slash_A_mian/ef_slash_A_mian_00008"},{"time":0.7,"name":null},{"time":0.7333,"name":"ef/ef_slash_A_mian/ef_slash_A_mian_00001"},{"time":0.7666,"name":"ef/ef_slash_A_mian/ef_slash_A_mian_00002"},{"time":0.8,"name":"ef/ef_slash_A_mian/ef_slash_A_mian_00003"},{"time":0.8333,"name":"ef/ef_slash_A_mian/ef_slash_A_mian_00004"},{"time":0.8666,"name":"ef/ef_slash_A_mian/ef_slash_A_mian_00005"},{"time":0.9,"name":"ef/ef_slash_A_mian/ef_slash_A_mian_00006"},{"time":0.9333,"name":"ef/ef_slash_A_mian/ef_slash_A_mian_00007"},{"time":0.9666,"name":"ef/ef_slash_A_mian/ef_slash_A_mian_00008"},{"time":1,"name":null}]},"ef_slash_A_mian5":{"attachment":[{"time":0.6,"name":"ef/ef_slash_A_mian/ef_slash_A_mian_00001"},{"time":0.6333,"name":"ef/ef_slash_A_mian/ef_slash_A_mian_00002"},{"time":0.6666,"name":"ef/ef_slash_A_mian/ef_slash_A_mian_00003"},{"time":0.7,"name":"ef/ef_slash_A_mian/ef_slash_A_mian_00004"},{"time":0.7333,"name":"ef/ef_slash_A_mian/ef_slash_A_mian_00005"},{"time":0.7666,"name":"ef/ef_slash_A_mian/ef_slash_A_mian_00006"},{"time":0.8,"name":"ef/ef_slash_A_mian/ef_slash_A_mian_00007"},{"time":0.8333,"name":"ef/ef_slash_A_mian/ef_slash_A_mian_00008"},{"time":0.8666,"name":null}]},"ef_slash_B_mian":{"attachment":[{"time":0.3666,"name":"ef/ef_slash_B_mian/ef_slash_B_mian_00001"},{"time":0.4,"name":"ef/ef_slash_B_mian/ef_slash_B_mian_00002"},{"time":0.4333,"name":"ef/ef_slash_B_mian/ef_slash_B_mian_00003"},{"time":0.4666,"name":"ef/ef_slash_B_mian/ef_slash_B_mian_00004"},{"time":0.5,"name":"ef/ef_slash_B_mian/ef_slash_B_mian_00005"},{"time":0.5333,"name":"ef/ef_slash_B_mian/ef_slash_B_mian_00006"},{"time":0.5666,"name":"ef/ef_slash_B_mian/ef_slash_B_mian_00007"},{"time":0.6,"name":"ef/ef_slash_B_mian/ef_slash_B_mian_00008"},{"time":0.6333,"name":"ef/ef_slash_B_mian/ef_slash_B_mian_00009"},{"time":0.6666,"name":"ef/ef_slash_B_mian/ef_slash_B_mian_00010"},{"time":0.7,"name":null},{"time":0.8333,"name":"ef/ef_slash_B_mian/ef_slash_B_mian_00001"},{"time":0.8666,"name":"ef/ef_slash_B_mian/ef_slash_B_mian_00002"},{"time":0.9,"name":"ef/ef_slash_B_mian/ef_slash_B_mian_00003"},{"time":0.9333,"name":"ef/ef_slash_B_mian/ef_slash_B_mian_00004"},{"time":0.9666,"name":"ef/ef_slash_B_mian/ef_slash_B_mian_00005"},{"time":1,"name":"ef/ef_slash_B_mian/ef_slash_B_mian_00006"},{"time":1.0333,"name":"ef/ef_slash_B_mian/ef_slash_B_mian_00007"},{"time":1.0666,"name":"ef/ef_slash_B_mian/ef_slash_B_mian_00008"},{"time":1.1,"name":"ef/ef_slash_B_mian/ef_slash_B_mian_00009"},{"time":1.1333,"name":"ef/ef_slash_B_mian/ef_slash_B_mian_00010"},{"time":1.1666,"name":null}]},"ef_slash_C_mian":{"attachment":[{"time":0.6333,"name":"ef/ef_slash_C_mian/ef_slash_C_mian_00001"},{"time":0.6666,"name":"ef/ef_slash_C_mian/ef_slash_C_mian_00002"},{"time":0.7,"name":"ef/ef_slash_C_mian/ef_slash_C_mian_00003"},{"time":0.7333,"name":"ef/ef_slash_C_mian/ef_slash_C_mian_00004"},{"time":0.7666,"name":"ef/ef_slash_C_mian/ef_slash_C_mian_00005"},{"time":0.8,"name":"ef/ef_slash_C_mian/ef_slash_C_mian_00006"},{"time":0.8333,"name":null},{"time":1.2,"name":"ef/ef_slash_C_mian/ef_slash_C_mian_00001"},{"time":1.2666,"name":"ef/ef_slash_C_mian/ef_slash_C_mian_00002"},{"time":1.3,"name":"ef/ef_slash_C_mian/ef_slash_C_mian_00003"},{"time":1.3333,"name":"ef/ef_slash_C_mian/ef_slash_C_mian_00004"},{"time":1.3666,"name":"ef/ef_slash_C_mian/ef_slash_C_mian_00005"},{"time":1.4,"name":"ef/ef_slash_C_mian/ef_slash_C_mian_00006"},{"time":1.5333,"name":null}],"color":[{"time":1.4,"color":"ffffffff"},{"time":1.5333,"color":"ffffff00"}]},"ef_slash_D_mian":{"attachment":[{"time":0.9,"name":"ef/ef_slash_D_mian/ef_slash_D_mian_00001"},{"time":0.9333,"name":"ef/ef_slash_D_mian/ef_slash_D_mian_00002"},{"time":0.9666,"name":"ef/ef_slash_D_mian/ef_slash_D_mian_00003"},{"time":1,"name":"ef/ef_slash_D_mian/ef_slash_D_mian_00004"},{"time":1.0333,"name":"ef/ef_slash_D_mian/ef_slash_D_mian_00005"},{"time":1.0666,"name":"ef/ef_slash_D_mian/ef_slash_D_mian_00006"},{"time":1.1,"name":null}]},"graund_wave_AA_purple":{"attachment":[{"time":0.0333,"name":"ef/graund_wave_AA_purple/ef_graund_wave_AA_purple_00002"},{"time":0.0666,"name":"ef/graund_wave_AA_purple/ef_graund_wave_AA_purple_00004"},{"time":0.1,"name":"ef/graund_wave_AA_purple/ef_graund_wave_AA_purple_00006"},{"time":0.1333,"name":"ef/graund_wave_AA_purple/ef_graund_wave_AA_purple_00008"},{"time":0.1666,"name":"ef/graund_wave_AA_purple/ef_graund_wave_AA_purple_00010"},{"time":0.2,"name":"ef/graund_wave_AA_purple/ef_graund_wave_AA_purple_00011"},{"time":0.3333,"name":null},{"time":1.2,"name":"ef/graund_wave_AA_purple/ef_graund_wave_AA_purple_00002"},{"time":1.2333,"name":"ef/graund_wave_AA_purple/ef_graund_wave_AA_purple_00004"},{"time":1.2666,"name":"ef/graund_wave_AA_purple/ef_graund_wave_AA_purple_00006"},{"time":1.3,"name":"ef/graund_wave_AA_purple/ef_graund_wave_AA_purple_00008"},{"time":1.3333,"name":"ef/graund_wave_AA_purple/ef_graund_wave_AA_purple_00010"},{"time":1.3666,"name":"ef/graund_wave_AA_purple/ef_graund_wave_AA_purple_00011"},{"time":1.5,"name":null}],"color":[{"time":0.2,"color":"ffffffff"},{"time":0.3333,"color":"ffffff00","curve":"stepped"},{"time":1.2,"color":"ffffffff","curve":"stepped"},{"time":1.3666,"color":"ffffffff"},{"time":1.5,"color":"ffffff00"}]}},"bones":{"MAIN":{"translate":[{"time":0.0333,"x":0,"y":0,"curve":[0.25,0,0.75,1]},{"time":0.1333,"x":-40,"y":0,"curve":[0.119,0.45,0.75,1]},{"time":0.2333,"x":-50,"y":0,"curve":"stepped"},{"time":1.2,"x":-66.12,"y":1.94,"curve":"stepped"},{"time":1.2666,"x":-66.12,"y":0,"curve":[0.125,0.34,0.75,1]},{"time":1.3666,"x":-75,"y":0,"curve":[0.216,0.84,0.75,1]},{"time":1.6666,"x":-78,"y":0}]},"MAIN_ef":{"scale":[{"time":0.7,"x":1,"y":1,"curve":[0.083,0.39,0.75,1]},{"time":0.9666,"x":1.1,"y":1.1}]},"dash_B_purple":{"translate":[{"time":0.0333,"x":-66.9,"y":0,"curve":"stepped"},{"time":1.2,"x":-138.28,"y":0}],"scale":[{"time":0.0333,"x":1,"y":1},{"time":0.3666,"x":1.2,"y":1.2,"curve":"stepped"},{"time":1.2,"x":1.5,"y":1.5},{"time":1.5333,"x":1.8,"y":1.8}]},"graund_wave_AA_purple":{"translate":[{"time":0.0333,"x":-262.18,"y":0,"curve":"stepped"},{"time":1.2,"x":-364.56,"y":0}],"scale":[{"time":0.0333,"x":1,"y":1},{"time":0.3333,"x":1.5,"y":1.5,"curve":"stepped"},{"time":1.2,"x":1,"y":1},{"time":1.5,"x":1.2,"y":1.2}]},"ef_slash_A_mian_B1":{"rotate":[{"time":0.2333,"angle":0,"curve":"stepped"},{"time":0.5,"angle":-10.64,"curve":"stepped"},{"time":0.9333,"angle":-40.59}],"translate":[{"time":0.2333,"x":-546,"y":-424.26,"curve":"stepped"},{"time":0.5,"x":-561.61,"y":-440.85,"curve":"stepped"},{"time":0.9333,"x":-525.06,"y":-381.48}],"scale":[{"time":0.2333,"x":1.5,"y":1.5}]},"ef_slash_B_mian":{"rotate":[{"time":0.3666,"angle":-19.14,"curve":"stepped"},{"time":0.8333,"angle":-19.14}],"translate":[{"time":0.3666,"x":-513.37,"y":-283.93,"curve":"stepped"},{"time":0.8333,"x":-520.7,"y":-290.78}],"scale":[{"time":0.3666,"x":1.5,"y":1.5}]},"ef_slash_C_mian":{"rotate":[{"time":0.6333,"angle":-1.15}],"translate":[{"time":0.6333,"x":-552.03,"y":-233.98,"curve":"stepped"},{"time":1.2,"x":-506.61,"y":-204.01}],"scale":[{"time":0.6333,"x":1.5,"y":1.5,"curve":"stepped"},{"time":1.2,"x":2,"y":3}]},"ef_slash_A_mian_A1":{"rotate":[{"time":0.3333,"angle":-49.37,"curve":"stepped"},{"time":0.6333,"angle":-12.05,"curve":"stepped"},{"time":1,"angle":-59.46}],"translate":[{"time":0.3333,"x":-521.61,"y":-461.81,"curve":"stepped"},{"time":0.6333,"x":-573.39,"y":-515.69,"curve":"stepped"},{"time":1,"x":-509.46,"y":-452.84}],"scale":[{"time":0.3333,"x":0.75,"y":0.75}]},"ef_slash_A_mian_B2":{"rotate":[{"time":0.6,"angle":-47.48,"curve":"stepped"},{"time":0.8666,"angle":-5.48}],"translate":[{"time":0.6,"x":-523.88,"y":-345.85,"curve":"stepped"},{"time":0.8666,"x":-564.26,"y":-438.75}],"scale":[{"time":0.6,"x":1.5,"y":1.5}]},"ef_slash_A_mian_A2":{"rotate":[{"time":0.4333,"angle":6.25,"curve":"stepped"},{"time":0.7333,"angle":6.25}],"translate":[{"time":0.4333,"x":-568.95,"y":-572.89,"curve":"stepped"},{"time":0.7333,"x":-580.72,"y":-572.89}],"scale":[{"time":0.4333,"x":0.75,"y":0.75}]},"ef_slash_A_mian_A3":{"rotate":[{"time":0.6,"angle":-36.77}],"translate":[{"time":0.6,"x":-571.35,"y":-469.01}],"scale":[{"time":0.6,"x":0.75,"y":0.75}]},"ef_slash_D_mian":{"rotate":[{"time":0.9,"angle":-14.61}],"translate":[{"time":0.9,"x":-522.71,"y":-128.31}],"scale":[{"time":0.9,"x":1.5,"y":1.5}]},"DAMAGEAREA":{"translate":[{"time":0.3,"x":-106.41,"y":78.12}],"scale":[{"time":0.3,"x":3.169,"y":1.435}]}},"events":[{"time":0,"name":"Event","string":"setHitEffect(hit03e, 1)"},{"time":0,"name":"Sound1","string":"cri_se_battle_teleport"},{"time":0.0333,"name":"Event","float":1,"string":"kImpactType_normal"},{"time":0.0666,"name":"Event","float":0.01,"string":"kHitStopType_enemyonly"},{"time":0.2333,"name":"Sound1","string":"cri_se_battle_skill_shot"},{"time":0.2333,"name":"Sound3","string":"setHitSound(se_battle_thrustviolently)"},{"time":0.2333,"name":"Voice","string":"cri_235_voice_skill_all"},{"time":0.3,"name":"Event2","string":"shakeGround"},{"time":0.3666,"name":"Sound1","string":"cri_se_battle_skill_shot"},{"time":0.3666,"name":"hit","string":"resetHitList"},{"time":0.4333,"name":"Event2","string":"shakeGround"},{"time":0.4333,"name":"hit","string":"resetHitList"},{"time":0.5,"name":"Sound1","string":"cri_se_battle_skill_shot"},{"time":0.5,"name":"hit","string":"resetHitList"},{"time":0.5666,"name":"Event2","string":"shakeGround"},{"time":0.5666,"name":"hit","string":"resetHitList"},{"time":0.6333,"name":"Sound1","string":"cri_se_battle_skill_shot"},{"time":0.6333,"name":"hit","string":"resetHitList"},{"time":0.7,"name":"Event2","string":"shakeGround"},{"time":0.7,"name":"hit","string":"resetHitList"},{"time":0.7666,"name":"Sound1","string":"cri_se_battle_skill_shot"},{"time":0.7666,"name":"hit","string":"resetHitList"},{"time":0.8333,"name":"Event2","string":"shakeGround"},{"time":0.8333,"name":"hit","string":"resetHitList"},{"time":0.9,"name":"Sound1","string":"cri_se_battle_skill_shot"},{"time":0.9,"name":"hit","string":"resetHitList"},{"time":0.9666,"name":"hit","string":"resetHitList"},{"time":1,"name":"Event2","string":"shakeGround"},{"time":1.0333,"name":"hit","string":"resetHitList"},{"time":1.1,"name":"hit","string":"resetHitList"},{"time":1.1666,"name":"Sound3","string":"setHitSound(se_battle_swordslash_heavy)"},{"time":1.2,"name":"Sound1","string":"cri_se_battle_037_explosion_element_05"},{"time":1.2333,"name":"Event","float":0.15,"string":"kHitStopType_normal"},{"time":1.2666,"name":"Event2","float":2,"string":"shakeGround"},{"time":1.2666,"name":"hit","float":10,"string":"resetHitList"},{"time":1.3,"name":"Event","float":0.1,"string":"kHitStopType_normal"},{"time":1.3333,"name":"hit","string":"resetHitList"}]},"skill2":{"slots":{"DAMAGEAREA":{"attachment":[{"time":1,"name":"DAMAGEAREA"},{"time":1.8,"name":null}]},"MAIN":{"attachment":[{"time":0.0666,"name":"skill2_01"},{"time":0.3,"name":"skill2_02a"},{"time":0.3666,"name":"skill2_02b"},{"time":0.4666,"name":"skill2_02a"},{"time":0.5666,"name":"skill2_00a"},{"time":0.6333,"name":"skill2_00b"},{"time":0.7666,"name":"skill2_03"},{"time":1.4,"name":"skill2_04b"},{"time":1.6666,"name":"skill2_04a"},{"time":2.8,"name":"idle_00"}],"color":[{"time":0.8,"color":"ffffffff"},{"time":0.8666,"color":"ffffff00","curve":"stepped"},{"time":1.4,"color":"ffffff00"},{"time":1.5,"color":"ffffffff"}]},"dash_B_purple":{"attachment":[{"time":0.3,"name":"ef/dash_B_purple/ef_dash_B_purple_00001"},{"time":0.3666,"name":"ef/dash_B_purple/ef_dash_B_purple_00003"},{"time":0.4333,"name":"ef/dash_B_purple/ef_dash_B_purple_00004"},{"time":0.5,"name":"ef/dash_B_purple/ef_dash_B_purple_00005"},{"time":0.5666,"name":"ef/dash_B_purple/ef_dash_B_purple_00006"},{"time":0.6,"name":"ef/dash_B_purple/ef_dash_B_purple_00007"},{"time":0.6333,"name":"ef/dash_B_purple/ef_dash_B_purple_00009"},{"time":0.6666,"name":"ef/dash_B_purple/ef_dash_B_purple_00010"},{"time":0.7,"name":"ef/dash_B_purple/ef_dash_B_purple_00012"},{"time":0.8,"name":null}],"color":[{"time":0.7,"color":"ffffffff"},{"time":0.8,"color":"ffffff00"}]},"dash_B_purple2":{"attachment":[{"time":0.3,"name":"ef/dash_B_purple/ef_dash_B_purple_00001"},{"time":0.3666,"name":"ef/dash_B_purple/ef_dash_B_purple_00003"},{"time":0.4333,"name":"ef/dash_B_purple/ef_dash_B_purple_00004"},{"time":0.5,"name":"ef/dash_B_purple/ef_dash_B_purple_00005"},{"time":0.5666,"name":"ef/dash_B_purple/ef_dash_B_purple_00006"},{"time":0.6,"name":"ef/dash_B_purple/ef_dash_B_purple_00007"},{"time":0.6333,"name":"ef/dash_B_purple/ef_dash_B_purple_00009"},{"time":0.6666,"name":"ef/dash_B_purple/ef_dash_B_purple_00010"},{"time":0.7,"name":"ef/dash_B_purple/ef_dash_B_purple_00012"},{"time":0.8,"name":null}],"color":[{"time":0.7,"color":"ffffffff"},{"time":0.8,"color":"ffffff00"}]},"dash_aura":{"attachment":[{"time":0.7666,"name":"ef/dash_aura/ef_dash_aura_main_00007"},{"time":0.8333,"name":"ef/dash_aura/ef_dash_aura_main_00008"},{"time":0.8666,"name":"ef/dash_aura/ef_dash_aura_main_00009"},{"time":0.9333,"name":null}],"color":[{"time":0.8666,"color":"ffffffff"},{"time":0.9333,"color":"ffffff00"}]},"graund_wave_AA_purple":{"attachment":[{"time":0.3,"name":"ef/graund_wave_AA_purple/ef_graund_wave_AA_purple_00002"},{"time":0.3333,"name":"ef/graund_wave_AA_purple/ef_graund_wave_AA_purple_00004"},{"time":0.3666,"name":"ef/graund_wave_AA_purple/ef_graund_wave_AA_purple_00006"},{"time":0.4,"name":"ef/graund_wave_AA_purple/ef_graund_wave_AA_purple_00008"},{"time":0.4333,"name":"ef/graund_wave_AA_purple/ef_graund_wave_AA_purple_00010"},{"time":0.4666,"name":"ef/graund_wave_AA_purple/ef_graund_wave_AA_purple_00011"},{"time":0.6666,"name":null}],"color":[{"time":0.4666,"color":"ffffffff"},{"time":0.6666,"color":"ffffff00"}]},"graund_wave_AA_purple2":{"attachment":[{"time":0.4,"name":"ef/graund_wave_AA_purple/ef_graund_wave_AA_purple_00002"},{"time":0.4333,"name":"ef/graund_wave_AA_purple/ef_graund_wave_AA_purple_00004"},{"time":0.4666,"name":"ef/graund_wave_AA_purple/ef_graund_wave_AA_purple_00006"},{"time":0.5,"name":"ef/graund_wave_AA_purple/ef_graund_wave_AA_purple_00008"},{"time":0.5333,"name":"ef/graund_wave_AA_purple/ef_graund_wave_AA_purple_00010"},{"time":0.5666,"name":"ef/graund_wave_AA_purple/ef_graund_wave_AA_purple_00011"},{"time":0.7666,"name":null}],"color":[{"time":0.5666,"color":"ffffffff"},{"time":0.7666,"color":"ffffff00"}]},"wing_A_yellow":{"attachment":[{"time":1.8333,"name":"ef/wing_A_yellow/ef_wing_A_yellow_00002"},{"time":1.9,"name":"ef/wing_A_yellow/ef_wing_A_yellow_00004"},{"time":1.9666,"name":"ef/wing_A_yellow/ef_wing_A_yellow_00006"},{"time":2.0333,"name":"ef/wing_A_yellow/ef_wing_A_yellow_00010"},{"time":2.1,"name":"ef/wing_A_yellow/ef_wing_A_yellow_00014"},{"time":2.1666,"name":"ef/wing_A_yellow/ef_wing_A_yellow_00018"},{"time":2.2333,"name":"ef/wing_A_yellow/ef_wing_A_yellow_00020"},{"time":2.3,"name":"ef/wing_A_yellow/ef_wing_A_yellow_00022"},{"time":2.3666,"name":"ef/wing_A_yellow/ef_wing_A_yellow_00024"},{"time":2.5,"name":null}],"color":[{"time":2.3666,"color":"ffffffff"},{"time":2.5,"color":"ffffff00"}]},"wing_A_yellow2":{"attachment":[{"time":1.8333,"name":"ef/wing_A_yellow/ef_wing_A_yellow_00002"},{"time":1.9,"name":"ef/wing_A_yellow/ef_wing_A_yellow_00004"},{"time":1.9666,"name":"ef/wing_A_yellow/ef_wing_A_yellow_00006"},{"time":2.0333,"name":"ef/wing_A_yellow/ef_wing_A_yellow_00010"},{"time":2.1,"name":"ef/wing_A_yellow/ef_wing_A_yellow_00014"},{"time":2.1666,"name":"ef/wing_A_yellow/ef_wing_A_yellow_00018"},{"time":2.2333,"name":"ef/wing_A_yellow/ef_wing_A_yellow_00020"},{"time":2.3,"name":"ef/wing_A_yellow/ef_wing_A_yellow_00022"},{"time":2.3666,"name":"ef/wing_A_yellow/ef_wing_A_yellow_00024"},{"time":2.5,"name":null}],"color":[{"time":2.3666,"color":"ffffffff"},{"time":2.5,"color":"ffffff00"}]},"wing_A_yellow3":{"attachment":[{"time":1.8333,"name":"ef/wing_A_yellow/ef_wing_A_yellow_00002"},{"time":1.9,"name":"ef/wing_A_yellow/ef_wing_A_yellow_00004"},{"time":1.9666,"name":"ef/wing_A_yellow/ef_wing_A_yellow_00006"},{"time":2.0333,"name":"ef/wing_A_yellow/ef_wing_A_yellow_00010"},{"time":2.1,"name":"ef/wing_A_yellow/ef_wing_A_yellow_00014"},{"time":2.1666,"name":"ef/wing_A_yellow/ef_wing_A_yellow_00018"},{"time":2.2333,"name":"ef/wing_A_yellow/ef_wing_A_yellow_00020"},{"time":2.3,"name":"ef/wing_A_yellow/ef_wing_A_yellow_00022"},{"time":2.4,"name":"ef/wing_A_yellow/ef_wing_A_yellow_00024"},{"time":2.5,"name":null}],"color":[{"time":2.4,"color":"ffffffff"},{"time":2.5,"color":"ffffff00"}]},"wing_A_yellow4":{"attachment":[{"time":1.8333,"name":"ef/wing_A_yellow/ef_wing_A_yellow_00002"},{"time":1.9,"name":"ef/wing_A_yellow/ef_wing_A_yellow_00004"},{"time":1.9666,"name":"ef/wing_A_yellow/ef_wing_A_yellow_00006"},{"time":2.0333,"name":"ef/wing_A_yellow/ef_wing_A_yellow_00010"},{"time":2.1,"name":"ef/wing_A_yellow/ef_wing_A_yellow_00014"},{"time":2.1666,"name":"ef/wing_A_yellow/ef_wing_A_yellow_00018"},{"time":2.2333,"name":"ef/wing_A_yellow/ef_wing_A_yellow_00020"},{"time":2.3,"name":"ef/wing_A_yellow/ef_wing_A_yellow_00022"},{"time":2.3666,"name":"ef/wing_A_yellow/ef_wing_A_yellow_00024"},{"time":2.5,"name":null}],"color":[{"time":2.4,"color":"ffffffff"},{"time":2.5,"color":"ffffff00"}]}},"bones":{"MAIN":{"rotate":[{"time":0.3,"angle":0,"curve":"stepped"},{"time":0.5666,"angle":0},{"time":0.6666,"angle":-2.57,"curve":"stepped"},{"time":0.7666,"angle":0},{"time":0.8333,"angle":5.11,"curve":"stepped"},{"time":0.8666,"angle":0,"curve":"stepped"},{"time":1.4,"angle":0}],"translate":[{"time":0.0666,"x":0,"y":0},{"time":0.1,"x":0,"y":-1,"curve":"stepped"},{"time":0.2333,"x":0,"y":-1},{"time":0.2666,"x":0,"y":-5,"curve":"stepped"},{"time":0.3,"x":0,"y":0,"curve":[0.143,0.32,0.75,1]},{"time":0.4666,"x":-50,"y":420,"curve":[0.119,0.45,0.75,1]},{"time":0.5666,"x":-50,"y":435},{"time":0.7,"x":-43.06,"y":450,"curve":"stepped"},{"time":0.7666,"x":-43.06,"y":450},{"time":0.8666,"x":-180,"y":135,"curve":"stepped"},{"time":1.4,"x":-270,"y":1,"curve":[0.25,0,0.75,1]},{"time":1.5333,"x":-300,"y":0,"curve":[0.14,0.52,0.75,1]},{"time":2.1666,"x":-310,"y":0}]},"dash_B_purple":{"rotate":[{"time":0.3,"angle":-4.36}],"translate":[{"time":0.3,"x":-66.15,"y":0}],"scale":[{"time":0.3,"x":1,"y":1},{"time":0.6333,"x":2,"y":2}]},"graund_wave_AA_purple":{"translate":[{"time":0.3,"x":-263.73,"y":0}],"scale":[{"time":0.3,"x":1,"y":1},{"time":0.6666,"x":2,"y":2}]},"dash_B_purple2":{"rotate":[{"time":0.3,"angle":10.37}],"translate":[{"time":0.3,"x":-68.5,"y":3.19}],"scale":[{"time":0.3,"x":-0.5,"y":0.5},{"time":0.6333,"x":-1.5,"y":1.5}]},"dash_aura":{"rotate":[{"time":0.7666,"angle":74,"curve":"stepped"},{"time":0.8,"angle":67.84,"curve":"stepped"},{"time":0.8333,"angle":66.97,"curve":"stepped"},{"time":0.8666,"angle":70.41},{"time":0.9666,"angle":66.97}],"translate":[{"time":0.7666,"x":-103.14,"y":-570.21},{"time":0.8333,"x":-109.16,"y":-609.37}],"scale":[{"time":0.7666,"x":1,"y":1},{"time":0.8333,"x":2,"y":2}]},"wing_A_yellow":{"rotate":[{"time":1.8333,"angle":-133.93}],"translate":[{"time":1.8333,"x":-523.9,"y":-162.6}],"scale":[{"time":1.8333,"x":0.8,"y":0.8},{"time":2.5,"x":1.2,"y":1.2}]},"wing_A_yellow2":{"rotate":[{"time":1.8333,"angle":-36.53}],"translate":[{"time":1.8333,"x":-523.9,"y":-65.09}],"scale":[{"time":1.8333,"x":-1,"y":1},{"time":2.5,"x":-1.4,"y":1.4}]},"wing_A_yellow3":{"rotate":[{"time":1.8333,"angle":39.49}],"translate":[{"time":1.8333,"x":-403.3,"y":-65.1}],"scale":[{"time":1.8333,"x":-0.8,"y":0.8},{"time":2.5,"x":-1.2,"y":1.2}]},"wing_A_yellow4":{"rotate":[{"time":1.8333,"angle":-41.15}],"translate":[{"time":1.8333,"x":-403.3,"y":-162.6}],"scale":[{"time":1.8333,"x":0.8,"y":0.8},{"time":2.5,"x":1.2,"y":1.2}]},"graund_wave_AA_purple2":{"translate":[{"time":0.4,"x":-263.73,"y":0}],"scale":[{"time":0.4,"x":1,"y":1},{"time":0.7666,"x":2,"y":2}]},"dash_aura":{"rotate":[{"time":0.7666,"angle":74,"curve":"stepped"},{"time":0.8,"angle":68.12,"curve":"stepped"},{"time":0.8333,"angle":66.97}]},"MAIN_ef":{"rotate":[{"time":0.8333,"angle":66.97,"curve":"stepped"},{"time":1.8333,"angle":66.97}]},"DAMAGEAREA":{"translate":[{"time":1,"x":-165.51,"y":178.81}],"scale":[{"time":1,"x":6.68,"y":6.68}]}},"events":[{"time":0,"name":"Event","string":"setHitEffect(hit04e, 1)"},{"time":0.0333,"name":"Event","float":1,"string":"kImpactType_normal"},{"time":0.0666,"name":"Event","float":0.15,"string":"kHitStopType_normal"},{"time":0.1,"name":"Event","string":"ignoreBorder_true"},{"time":0.3,"name":"Sound1","string":"cri_se_battle_skill_shot"},{"time":0.5666,"name":"Sound1","string":"cri_se_battle_magic_Invocation_dark"},{"time":0.6666,"name":"Voice","string":"cri_235_voice_fullarts_rank5"},{"time":0.7666,"name":"Sound1","string":"cri_se_battle_skill_swish"},{"time":0.8333,"name":"Sound1","string":"cri_se_battle_darkness_explosion"},{"time":0.8333,"name":"Sound2","string":"cri_se_battle_030_explosion_02"},{"time":1,"name":"Event2","float":3,"string":"shakeGround"},{"time":1.1666,"name":"Event","float":0.1,"string":"kHitStopType_enemyonly"},{"time":1.1666,"name":"Event2","string":"shakeGround"},{"time":1.1666,"name":"hit","string":"resetHitList"},{"time":1.3,"name":"Event2","string":"shakeGround"},{"time":1.3,"name":"hit","string":"resetHitList"},{"time":1.4333,"name":"Event2","string":"shakeGround"},{"time":1.4333,"name":"hit","string":"resetHitList"},{"time":1.5666,"name":"Event2","string":"shakeGround"},{"time":1.5666,"name":"hit","string":"resetHitList"},{"time":1.7,"name":"Event2","string":"shakeGround"},{"time":1.7,"name":"hit","string":"resetHitList"}]}}}