{"skeleton":{"hash":"zfFfgavX1iZcGigx9nFXdFDa7wg","spine":"3.0.12","width":0,"height":0},"bones":[{"name":"root"},{"name":"grid","parent":"root","x":-150},{"name":"S1_wave2_5","parent":"root","x":-68.15},{"name":"S1_wave2_4","parent":"root","x":-32.79},{"name":"S1_wave2_00003","parent":"root"},{"name":"S1_wave2_3","parent":"root"},{"name":"S1_ex3_00001","parent":"root","x":27.13},{"name":"S1_ex3_1","parent":"root","x":27.13,"y":-12.31},{"name":"MAIN","parent":"root","y":60},{"name":"SHADOW-OFFSET","parent":"MAIN","y":-60},{"name":"HPBAR","parent":"MAIN","y":80},{"name":"HITBOX","parent":"MAIN","y":-60},{"name":"EF_tsuki","parent":"root","x":800,"y":300},{"name":"EF_slash","parent":"root","x":1050,"y":150},{"name":"DAMAGEAREA","parent":"root"}],"slots":[{"name":"grid/bg","bone":"grid","color":"7a7a7aff"},{"name":"grid/grid","bone":"grid","color":"ffffff64"},{"name":"EF/10121_S1_wave2/10121_S1_wave2_00003","bone":"S1_wave2_00003"},{"name":"EF/10121_S1_wave2/10121_S1_wave2_3","bone":"S1_wave2_3"},{"name":"EF/10121_S1_wave2/10121_S1_wave2_4","bone":"S1_wave2_4"},{"name":"EF/10121_S1_wave2/10121_S1_wave2_5","bone":"S1_wave2_5"},{"name":"EF/10121_S1_ex3/10121_S1_ex3_00001","bone":"S1_ex3_00001"},{"name":"EF/10121_S1_ex3/10121_S1_ex3_1","bone":"S1_ex3_1"},{"name":"MAIN","bone":"MAIN","attachment":"idle_00"},{"name":"EF/DOT_EF/10000-combo_16_ef2_1F","bone":"EF_slash","color":"a500ffff","blend":"additive"},{"name":"EF/DOT_EF/10000-combo_16_ef2_2","bone":"EF_slash","color":"a500ffff","blend":"additive"},{"name":"EF/DOT_EF/sp_ef_1","bone":"EF_tsuki","color":"a500ffff","blend":"additive"},{"name":"DAMAGEAREA","bone":"DAMAGEAREA"},{"name":"HITBOX","bone":"HITBOX","attachment":"HITBOX"}],"skins":{"default":{"DAMAGEAREA":{"DAMAGEAREA":{"type":"boundingbox","vertices":[95.2377,-97.81993,95.2377,97.4801,-96.80728,97.4801,-96.80728,-100.42395]}},"EF/10121_S1_ex3/10121_S1_ex3_00001":{"EF/10121_S1_ex3/10121_S1_ex3_00001":{"x":-27.13,"y":17.74,"width":225,"height":225},"EF/10121_S1_ex3/10121_S1_ex3_00004":{"x":-27.13,"y":17.74,"width":225,"height":225},"EF/10121_S1_ex3/10121_S1_ex3_00005":{"x":-27.13,"y":17.74,"width":225,"height":225},"EF/10121_S1_ex3/10121_S1_ex3_00006":{"x":-27.13,"y":17.74,"width":225,"height":225},"EF/10121_S1_ex3/10121_S1_ex3_00009":{"x":-27.13,"y":17.74,"width":225,"height":225},"EF/10121_S1_ex3/10121_S1_ex3_00011":{"x":-27.13,"y":17.74,"width":225,"height":225}},"EF/10121_S1_ex3/10121_S1_ex3_1":{"EF/10121_S1_ex3/10121_S1_ex3_00001":{"x":-27.13,"y":17.74,"width":225,"height":225},"EF/10121_S1_ex3/10121_S1_ex3_00004":{"x":-27.13,"y":17.74,"width":225,"height":225},"EF/10121_S1_ex3/10121_S1_ex3_00005":{"x":-27.13,"y":17.74,"width":225,"height":225},"EF/10121_S1_ex3/10121_S1_ex3_00006":{"x":-27.13,"y":17.74,"width":225,"height":225},"EF/10121_S1_ex3/10121_S1_ex3_00009":{"x":-27.13,"y":17.74,"width":225,"height":225},"EF/10121_S1_ex3/10121_S1_ex3_00011":{"x":-27.13,"y":17.74,"width":225,"height":225}},"EF/10121_S1_wave2/10121_S1_wave2_00003":{"EF/10121_S1_wave2/10121_S1_wave2_00003":{"y":3.92,"width":325,"height":325},"EF/10121_S1_wave2/10121_S1_wave2_00004":{"y":3.92,"width":325,"height":325},"EF/10121_S1_wave2/10121_S1_wave2_00006":{"y":3.92,"width":325,"height":325},"EF/10121_S1_wave2/10121_S1_wave2_00008":{"y":3.92,"width":325,"height":325},"EF/10121_S1_wave2/10121_S1_wave2_00010":{"y":3.92,"width":325,"height":325},"EF/10121_S1_wave2/10121_S1_wave2_00011":{"y":3.92,"width":325,"height":325}},"EF/10121_S1_wave2/10121_S1_wave2_3":{"EF/10121_S1_wave2/10121_S1_wave2_00003":{"y":3.92,"width":325,"height":325},"EF/10121_S1_wave2/10121_S1_wave2_00004":{"y":3.92,"width":325,"height":325},"EF/10121_S1_wave2/10121_S1_wave2_00006":{"y":3.92,"width":325,"height":325},"EF/10121_S1_wave2/10121_S1_wave2_00008":{"y":3.92,"width":325,"height":325},"EF/10121_S1_wave2/10121_S1_wave2_00010":{"y":3.92,"width":325,"height":325},"EF/10121_S1_wave2/10121_S1_wave2_00011":{"y":3.92,"width":325,"height":325}},"EF/10121_S1_wave2/10121_S1_wave2_4":{"EF/10121_S1_wave2/10121_S1_wave2_00003":{"y":3.92,"width":325,"height":325},"EF/10121_S1_wave2/10121_S1_wave2_00004":{"y":3.92,"width":325,"height":325},"EF/10121_S1_wave2/10121_S1_wave2_00006":{"y":3.92,"width":325,"height":325},"EF/10121_S1_wave2/10121_S1_wave2_00008":{"y":3.92,"width":325,"height":325},"EF/10121_S1_wave2/10121_S1_wave2_00010":{"y":3.92,"width":325,"height":325},"EF/10121_S1_wave2/10121_S1_wave2_00011":{"y":3.92,"width":325,"height":325}},"EF/10121_S1_wave2/10121_S1_wave2_5":{"EF/10121_S1_wave2/10121_S1_wave2_00003":{"y":3.92,"width":325,"height":325},"EF/10121_S1_wave2/10121_S1_wave2_00004":{"y":3.92,"width":325,"height":325},"EF/10121_S1_wave2/10121_S1_wave2_00006":{"y":3.92,"width":325,"height":325},"EF/10121_S1_wave2/10121_S1_wave2_00008":{"y":3.92,"width":325,"height":325},"EF/10121_S1_wave2/10121_S1_wave2_00010":{"y":3.92,"width":325,"height":325},"EF/10121_S1_wave2/10121_S1_wave2_00011":{"y":3.92,"width":325,"height":325}},"EF/DOT_EF/10000-combo_16_ef2_1F":{"EF/DOT_EF/10000-combo_16_ef2_1F":{"x":-67.93,"y":-20.64,"width":412,"height":342}},"EF/DOT_EF/10000-combo_16_ef2_2":{"EF/DOT_EF/10000-combo_16_ef2_2":{"x":-67.93,"y":-20.64,"width":412,"height":342},"EF/DOT_EF/10000-combo_16_ef2_3":{"x":-67.93,"y":-20.64,"width":412,"height":342},"EF/DOT_EF/10000-combo_16_ef2_1B":{"x":-67.93,"y":-20.64,"width":412,"height":342}},"EF/DOT_EF/sp_ef_1":{"EF/DOT_EF/sp_ef_1":{"x":142.58,"y":1.35,"width":300,"height":160},"EF/DOT_EF/sp_ef_2":{"x":142.58,"y":1.35,"width":300,"height":160}},"HITBOX":{"HITBOX":{"type":"boundingbox","vertices":[46.41269,-1.47194,48.3657,122.86906,-42.77427,123.52008,-42.77427,-0.82093]}},"MAIN":{"attack_00":{"x":10,"y":25,"width":500,"height":500},"attack_01":{"x":10,"y":25,"width":500,"height":500},"attack_02":{"x":5,"y":25,"width":500,"height":500},"attack_03":{"x":10,"y":25,"width":500,"height":500},"attack_04":{"x":10,"y":25,"width":500,"height":500},"attack_05":{"x":-5,"y":25,"width":500,"height":500},"attack_06":{"x":5,"y":25,"width":500,"height":500},"attack_07":{"x":-5,"y":25,"width":500,"height":500},"attack_08":{"x":-5,"y":25,"width":500,"height":500},"attack_09":{"x":5,"y":25,"width":500,"height":500},"attack_10":{"x":-10,"y":25,"width":500,"height":500},"attack_11":{"x":-10,"y":25,"width":500,"height":500},"attack_12":{"x":-5,"y":25,"width":500,"height":500},"attack_13":{"x":-5,"y":25,"width":500,"height":500},"attack_14":{"x":-5,"y":25,"width":500,"height":500},"back_00":{"x":-10,"y":25,"width":500,"height":500},"damage_00":{"x":-10,"y":20,"width":500,"height":500},"front_00":{"x":-5,"y":35,"width":500,"height":500},"idle_00":{"x":-5,"y":25,"width":500,"height":500},"idle_01":{"x":-5,"y":25,"width":500,"height":500},"idle_02":{"x":-5,"y":25,"width":500,"height":500},"idle_03":{"x":-5,"y":25,"width":500,"height":500},"idle_04":{"x":-5,"y":25,"width":500,"height":500},"skill1_00":{"x":-5,"y":25,"width":500,"height":500},"skill1_01":{"x":10,"y":25,"width":500,"height":500},"skill1_02":{"x":-5,"y":25,"width":500,"height":500},"skill1_03":{"x":-5,"y":25,"width":500,"height":500},"skill1_04":{"x":-5,"y":25,"width":500,"height":500},"skill1_05":{"x":-5,"y":25,"width":500,"height":500},"skill1_06":{"x":-5,"y":25,"width":500,"height":500},"skill1_07":{"x":-5,"y":25,"width":500,"height":500},"skill1_08":{"x":-5,"y":25,"width":500,"height":500},"skill1_09":{"x":-5,"y":25,"width":500,"height":500},"skill1_10":{"x":-5,"y":25,"width":500,"height":500},"skill1_11":{"x":-5,"y":25,"width":500,"height":500},"skill1_12":{"x":-5,"y":25,"width":500,"height":500},"skill2_00":{"x":-5,"y":25,"width":500,"height":500},"skill2_01":{"x":-5,"y":25,"width":500,"height":500},"skill2_02":{"y":25,"width":500,"height":500},"skill2_03":{"y":25,"width":500,"height":500},"skill2_04":{"y":25,"width":500,"height":500},"skill2_05":{"y":25,"width":500,"height":500},"skill2_06":{"y":25,"width":500,"height":500},"skill2_07":{"y":25,"width":500,"height":500},"skill2_08":{"x":-10,"y":25,"width":500,"height":500},"skill2_09":{"x":-5,"y":25,"width":500,"height":500},"skill2_10":{"x":-5,"y":25,"width":500,"height":500}}}},"events":{"Event":{},"Event2":{},"Hit":{},"Sound1":{},"Sound2":{},"Voice":{}},"animations":{"attack1":{"slots":{"DAMAGEAREA":{"attachment":[{"time":0.2,"name":"DAMAGEAREA"},{"time":0.2666,"name":null},{"time":0.5333,"name":"DAMAGEAREA"},{"time":0.6,"name":null},{"time":1.2666,"name":"DAMAGEAREA"},{"time":1.3333,"name":null}]},"EF/DOT_EF/10000-combo_16_ef2_2":{"attachment":[{"time":0,"name":null},{"time":0.2,"name":"EF/DOT_EF/10000-combo_16_ef2_1B"},{"time":0.2333,"name":null},{"time":0.5333,"name":"EF/DOT_EF/10000-combo_16_ef2_1B"},{"time":0.5666,"name":null}]},"EF/DOT_EF/10000-combo_16_ef2_1F":{"attachment":[{"time":0,"name":null},{"time":0.2,"name":"EF/DOT_EF/10000-combo_16_ef2_1F"},{"time":0.2333,"name":null},{"time":0.5333,"name":"EF/DOT_EF/10000-combo_16_ef2_1F"},{"time":0.5666,"name":null}]},"EF/DOT_EF/sp_ef_1":{"attachment":[{"time":1.2666,"name":"EF/DOT_EF/sp_ef_1"},{"time":1.3,"name":null}]},"MAIN":{"attachment":[{"time":0,"name":"attack_00"},{"time":0.0666,"name":"attack_01"},{"time":0.2,"name":"attack_02"},{"time":0.2333,"name":"attack_03"},{"time":0.2666,"name":"attack_04"},{"time":0.3,"name":"attack_05"},{"time":0.3666,"name":"attack_06"},{"time":0.5333,"name":"attack_07"},{"time":0.5666,"name":"attack_08"},{"time":0.6666,"name":"back_00"},{"time":1.0333,"name":"attack_10"},{"time":1.1,"name":"attack_11"},{"time":1.2333,"name":"attack_12"},{"time":1.3,"name":"attack_13"},{"time":1.4333,"name":"attack_13"},{"time":1.5666,"name":"attack_14"},{"time":1.7333,"name":"idle_00"}]}},"bones":{"MAIN":{"rotate":[{"time":0.6666,"angle":-13.21,"curve":"stepped"},{"time":0.8333,"angle":0}],"translate":[{"time":0,"x":0,"y":0,"curve":"stepped"},{"time":0.2,"x":5.03,"y":0.23,"curve":"stepped"},{"time":0.2333,"x":-0.97,"y":0.8,"curve":"stepped"},{"time":0.2666,"x":-31,"y":-0.05,"curve":"stepped"},{"time":0.3,"x":-57.94,"y":-0.05,"curve":"stepped"},{"time":0.3666,"x":-64.97,"y":-0.05,"curve":"stepped"},{"time":0.5333,"x":-106.7,"y":-0.05,"curve":"stepped"},{"time":0.6666,"x":-96.63,"y":-0.05,"curve":"stepped"},{"time":0.8,"x":-60.38,"y":13.09},{"time":0.8333,"x":52.86,"y":46.62,"curve":[0.25,0,0.802,0.71]},{"time":1.0333,"x":145.5,"y":-0.05,"curve":[0.189,0.44,0.75,1]},{"time":1.2,"x":155.48,"y":-0.05,"curve":"stepped"},{"time":1.2333,"x":155.48,"y":-0.05,"curve":[0.225,0.79,0.75,1]},{"time":1.3,"x":10,"y":0,"curve":[0.186,0.45,0.75,1]},{"time":1.4333,"x":0,"y":0}]},"EF_slash":{"rotate":[{"time":0.2,"angle":72.21,"curve":"stepped"},{"time":0.5333,"angle":-135.26}],"translate":[{"time":0.2,"x":-1118.5,"y":48.93,"curve":"stepped"},{"time":0.5333,"x":-1028.65,"y":-33.95}],"scale":[{"time":0.2,"x":0.655,"y":2.26,"curve":"stepped"},{"time":0.5333,"x":-1.03,"y":1.755}]},"EF_tsuki":{"translate":[{"time":1.2666,"x":-1060.06,"y":-236.75}],"scale":[{"time":1.2666,"x":2.173,"y":2.851}]},"DAMAGEAREA":{"translate":[{"time":0.2,"x":-80.37,"y":48.78,"curve":"stepped"},{"time":0.5333,"x":-142.61,"y":48.78,"curve":"stepped"},{"time":1.2666,"x":-96.94,"y":48.78}],"scale":[{"time":0.2,"x":1.459,"y":0.512,"curve":"stepped"},{"time":0.5333,"x":1.136,"y":0.512,"curve":"stepped"},{"time":1.2666,"x":1.631,"y":0.512}]}},"events":[{"time":0,"name":"Event","float":0.1,"string":"kHitStopType_normal"},{"time":0.1666,"name":"Sound1","string":"cri_se_battle_sword_swish_heavy"},{"time":0.1666,"name":"Voice","string":"cri_121_voice_attack_random"},{"time":0.2,"name":"Sound1","string":"setHitSound(se_battle_019_sword_hit_03)"},{"time":0.5,"name":"Hit","string":"resetHitList"},{"time":0.5,"name":"Sound1","string":"cri_se_battle_sword_swish_heavy"},{"time":0.5333,"name":"Sound1","string":"setHitSound(se_battle_019_sword_hit_03)"},{"time":0.6666,"name":"Sound1","string":"cri_se_battle_jump"},{"time":1.0333,"name":"Sound1","string":"cri_se_battle_landing"},{"time":1.2,"name":"Sound1","string":"cri_se_battle_sword_swish_heavy"},{"time":1.2,"name":"Voice","string":"cri_121_voice_attack_c"},{"time":1.2333,"name":"Hit","string":"resetHitList"},{"time":1.2333,"name":"Sound1","string":"setHitSound(se_battle_thrustviolently)"}]},"back":{"slots":{"MAIN":{"attachment":[{"time":0,"name":"back_00"},{"time":0.3,"name":"idle_02"},{"time":0.4333,"name":"idle_01"},{"time":0.5666,"name":"idle_00"},{"time":0.7,"name":"back_00"}]}},"bones":{"MAIN":{"rotate":[{"time":0,"angle":-3.41,"curve":"stepped"},{"time":0.3,"angle":0}],"translate":[{"time":0,"x":0,"y":8.15},{"time":0.1333,"x":60,"y":14.44},{"time":0.3,"x":120,"y":0,"curve":[0.208,0.72,0.75,1]},{"time":0.4666,"x":140,"y":0}]}},"events":[{"time":0,"name":"Sound1","string":"cri_se_battle_jump"},{"time":0.3,"name":"Sound1","string":"cri_se_battle_landing"}]},"cast":{"slots":{"MAIN":{"attachment":[{"time":0,"name":"attack_09"},{"time":0.1,"name":"attack_10"},{"time":0.2666,"name":"attack_11"},{"time":0.5,"name":"attack_12"},{"time":0.5333,"name":"attack_13"},{"time":0.5666,"name":"attack_14"},{"time":1,"name":"idle_00"}]}},"events":[{"time":0.5,"name":"Voice","string":"cri_121_voice_item"}]},"damage":{"slots":{"MAIN":{"attachment":[{"time":0,"name":"damage_00"}]}}},"front":{"slots":{"MAIN":{"attachment":[{"time":0,"name":"front_00"}]}}},"idle":{"slots":{"MAIN":{"attachment":[{"time":0,"name":"idle_00"},{"time":0.2,"name":"idle_01"},{"time":0.4,"name":"idle_02"},{"time":0.6,"name":"idle_03"},{"time":0.8,"name":"idle_04"},{"time":1,"name":"idle_00"}]}}},"skill1":{"slots":{"DAMAGEAREA":{"attachment":[{"time":0.8,"name":"DAMAGEAREA"},{"time":0.8666,"name":null},{"time":1.5666,"name":"DAMAGEAREA"},{"time":1.6666,"name":null}]},"EF/10121_S1_ex3/10121_S1_ex3_1":{"attachment":[{"time":1.4333,"name":"EF/10121_S1_ex3/10121_S1_ex3_00001"},{"time":1.4666,"name":"EF/10121_S1_ex3/10121_S1_ex3_00004"},{"time":1.5,"name":"EF/10121_S1_ex3/10121_S1_ex3_00005"},{"time":1.5333,"name":"EF/10121_S1_ex3/10121_S1_ex3_00006"},{"time":1.5666,"name":"EF/10121_S1_ex3/10121_S1_ex3_00009"},{"time":1.6,"name":"EF/10121_S1_ex3/10121_S1_ex3_00011"},{"time":1.6333,"name":null}]},"MAIN":{"attachment":[{"time":0,"name":"skill1_11"},{"time":0.0666,"name":"skill1_00"},{"time":0.1,"name":"skill1_01"},{"time":0.2333,"name":"skill1_02"},{"time":0.6666,"name":"skill1_03"},{"time":0.7333,"name":"skill1_04"},{"time":0.8,"name":"skill1_05"},{"time":0.9,"name":"skill1_06"},{"time":1,"name":"skill1_07"},{"time":1.1,"name":"skill1_05"},{"time":1.2,"name":"skill1_06"},{"time":1.3,"name":"skill1_07"},{"time":1.4,"name":"skill1_05"},{"time":1.5,"name":"skill1_06"},{"time":1.6,"name":"skill1_07"},{"time":1.7,"name":"skill1_08"},{"time":1.7666,"name":"skill1_09"},{"time":1.9333,"name":"skill1_10"},{"time":1.9666,"name":"skill1_11"},{"time":2.0333,"name":"skill1_12"},{"time":2.3666,"name":"idle_00"}]}},"bones":{"MAIN":{"translate":[{"time":0,"x":0,"y":0,"curve":"stepped"},{"time":0.1,"x":-9.1,"y":0,"curve":"stepped"},{"time":0.2333,"x":5.99,"y":0,"curve":"stepped"},{"time":0.6666,"x":-7.54,"y":0,"curve":"stepped"},{"time":0.7333,"x":-1.19,"y":0.35,"curve":"stepped"},{"time":0.8,"x":-0.54,"y":0.27,"curve":"stepped"},{"time":1.7,"x":0,"y":0}]},"S1_ex3_1":{"translate":[{"time":1.4333,"x":-233.45,"y":11.06}],"scale":[{"time":1.4333,"x":-2.297,"y":1.68}]},"DAMAGEAREA":{"translate":[{"time":0.8,"x":-127.9,"y":49.8,"curve":"stepped"},{"time":1.3333,"x":-166.38,"y":51.29,"curve":"stepped"},{"time":1.5666,"x":-298.48,"y":51.29}],"scale":[{"time":0.8,"x":1.816,"y":0.755,"curve":"stepped"},{"time":1.3333,"x":1.908,"y":0.649,"curve":"stepped"},{"time":1.5666,"x":2.188,"y":0.996}]}},"events":[{"time":0,"name":"Event","float":0.1,"string":"kHitStopType_enemyonly"},{"time":0.0333,"name":"Event","string":"kImpactType_knock"},{"time":0.0666,"name":"Event","string":"setForceImpact(1)"},{"time":0.6333,"name":"Sound1","string":"cri_se_battle_sword_swish_heavy"},{"time":0.6666,"name":"Sound1","string":"setHitSound(se_battle_019_sword_hit_03)"},{"time":0.6666,"name":"Sound2","string":"cri_se_battle_037_explosion_element_05"},{"time":0.6666,"name":"Voice","string":"cri_121_voice_skill_all"},{"time":0.8,"name":"Event","string":"shakeGround"},{"time":1.5,"name":"Event","string":"setForceImpact(0)"},{"time":1.5,"name":"Event2","float":0.1,"string":"kHitStopType_normal"},{"time":1.5,"name":"Sound1","string":"setHitSound(se_battle_explosion_short)"},{"time":1.5,"name":"Sound2","string":"cri_se_battle_037_explosion_element_05"},{"time":1.5333,"name":"Event","string":"shakeGround"},{"time":1.5333,"name":"Hit","string":"resetHitList"},{"time":1.5666,"name":"Event","int":250,"string":"kImpactType_knock"}]},"skill2":{"slots":{"DAMAGEAREA":{"attachment":[{"time":0.4,"name":"DAMAGEAREA"},{"time":1.7,"name":null}]},"EF/10121_S1_ex3/10121_S1_ex3_00001":{"attachment":[{"time":0.3333,"name":"EF/10121_S1_ex3/10121_S1_ex3_00001"},{"time":0.3666,"name":"EF/10121_S1_ex3/10121_S1_ex3_00004"},{"time":0.4,"name":"EF/10121_S1_ex3/10121_S1_ex3_00005"},{"time":0.4333,"name":"EF/10121_S1_ex3/10121_S1_ex3_00006"},{"time":0.4666,"name":"EF/10121_S1_ex3/10121_S1_ex3_00009"},{"time":0.5,"name":"EF/10121_S1_ex3/10121_S1_ex3_00011"},{"time":0.5666,"name":null}]},"EF/10121_S1_ex3/10121_S1_ex3_1":{"attachment":[{"time":0.2666,"name":"EF/10121_S1_ex3/10121_S1_ex3_00001"},{"time":0.3,"name":"EF/10121_S1_ex3/10121_S1_ex3_00004"},{"time":0.3333,"name":"EF/10121_S1_ex3/10121_S1_ex3_00005"},{"time":0.3666,"name":"EF/10121_S1_ex3/10121_S1_ex3_00006"},{"time":0.4333,"name":"EF/10121_S1_ex3/10121_S1_ex3_00009"},{"time":0.4666,"name":"EF/10121_S1_ex3/10121_S1_ex3_00011"},{"time":0.5,"name":null}]},"EF/10121_S1_wave2/10121_S1_wave2_00003":{"attachment":[{"time":0.3333,"name":"EF/10121_S1_wave2/10121_S1_wave2_00003"},{"time":0.4,"name":"EF/10121_S1_wave2/10121_S1_wave2_00004"},{"time":0.4666,"name":"EF/10121_S1_wave2/10121_S1_wave2_00006"},{"time":0.5333,"name":"EF/10121_S1_wave2/10121_S1_wave2_00008"},{"time":0.6,"name":"EF/10121_S1_wave2/10121_S1_wave2_00010"},{"time":0.6666,"name":"EF/10121_S1_wave2/10121_S1_wave2_00011"},{"time":0.7333,"name":null},{"time":0.8333,"name":"EF/10121_S1_wave2/10121_S1_wave2_00003"},{"time":0.9,"name":"EF/10121_S1_wave2/10121_S1_wave2_00004"},{"time":0.9666,"name":"EF/10121_S1_wave2/10121_S1_wave2_00006"},{"time":1.0333,"name":"EF/10121_S1_wave2/10121_S1_wave2_00008"},{"time":1.1,"name":"EF/10121_S1_wave2/10121_S1_wave2_00010"},{"time":1.1666,"name":"EF/10121_S1_wave2/10121_S1_wave2_00011"},{"time":1.2333,"name":null},{"time":1.3666,"name":"EF/10121_S1_wave2/10121_S1_wave2_00003"},{"time":1.4333,"name":"EF/10121_S1_wave2/10121_S1_wave2_00004"},{"time":1.5,"name":"EF/10121_S1_wave2/10121_S1_wave2_00006"},{"time":1.5666,"name":"EF/10121_S1_wave2/10121_S1_wave2_00008"},{"time":1.6333,"name":"EF/10121_S1_wave2/10121_S1_wave2_00010"},{"time":1.7,"name":"EF/10121_S1_wave2/10121_S1_wave2_00011"},{"time":1.7666,"name":null}]},"EF/10121_S1_wave2/10121_S1_wave2_3":{"attachment":[{"time":0.4666,"name":"EF/10121_S1_wave2/10121_S1_wave2_00003"},{"time":0.5333,"name":"EF/10121_S1_wave2/10121_S1_wave2_00004"},{"time":0.6,"name":"EF/10121_S1_wave2/10121_S1_wave2_00006"},{"time":0.6666,"name":"EF/10121_S1_wave2/10121_S1_wave2_00008"},{"time":0.7333,"name":"EF/10121_S1_wave2/10121_S1_wave2_00010"},{"time":0.8,"name":"EF/10121_S1_wave2/10121_S1_wave2_00011"},{"time":0.8666,"name":null},{"time":0.9666,"name":"EF/10121_S1_wave2/10121_S1_wave2_00003"},{"time":1.0333,"name":"EF/10121_S1_wave2/10121_S1_wave2_00004"},{"time":1.1,"name":"EF/10121_S1_wave2/10121_S1_wave2_00006"},{"time":1.1666,"name":"EF/10121_S1_wave2/10121_S1_wave2_00008"},{"time":1.2333,"name":"EF/10121_S1_wave2/10121_S1_wave2_00010"},{"time":1.3,"name":"EF/10121_S1_wave2/10121_S1_wave2_00011"},{"time":1.3666,"name":null},{"time":1.5,"name":"EF/10121_S1_wave2/10121_S1_wave2_00003"},{"time":1.5666,"name":"EF/10121_S1_wave2/10121_S1_wave2_00004"},{"time":1.6333,"name":"EF/10121_S1_wave2/10121_S1_wave2_00006"},{"time":1.7,"name":"EF/10121_S1_wave2/10121_S1_wave2_00008"},{"time":1.7666,"name":"EF/10121_S1_wave2/10121_S1_wave2_00010"},{"time":1.8333,"name":"EF/10121_S1_wave2/10121_S1_wave2_00011"},{"time":1.9,"name":null}]},"EF/10121_S1_wave2/10121_S1_wave2_4":{"attachment":[{"time":0.4666,"name":"EF/10121_S1_wave2/10121_S1_wave2_00003"},{"time":0.5333,"name":"EF/10121_S1_wave2/10121_S1_wave2_00004"},{"time":0.6,"name":"EF/10121_S1_wave2/10121_S1_wave2_00006"},{"time":0.6666,"name":"EF/10121_S1_wave2/10121_S1_wave2_00008"},{"time":0.7333,"name":"EF/10121_S1_wave2/10121_S1_wave2_00010"},{"time":0.8,"name":"EF/10121_S1_wave2/10121_S1_wave2_00011"},{"time":0.8666,"name":null},{"time":0.9666,"name":"EF/10121_S1_wave2/10121_S1_wave2_00003"},{"time":1.0333,"name":"EF/10121_S1_wave2/10121_S1_wave2_00004"},{"time":1.1,"name":"EF/10121_S1_wave2/10121_S1_wave2_00006"},{"time":1.1666,"name":"EF/10121_S1_wave2/10121_S1_wave2_00008"},{"time":1.2333,"name":"EF/10121_S1_wave2/10121_S1_wave2_00010"},{"time":1.3,"name":"EF/10121_S1_wave2/10121_S1_wave2_00011"},{"time":1.3666,"name":null},{"time":1.5,"name":"EF/10121_S1_wave2/10121_S1_wave2_00003"},{"time":1.5666,"name":"EF/10121_S1_wave2/10121_S1_wave2_00004"},{"time":1.6333,"name":"EF/10121_S1_wave2/10121_S1_wave2_00006"},{"time":1.7,"name":"EF/10121_S1_wave2/10121_S1_wave2_00008"},{"time":1.7666,"name":"EF/10121_S1_wave2/10121_S1_wave2_00010"},{"time":1.8333,"name":"EF/10121_S1_wave2/10121_S1_wave2_00011"},{"time":1.9,"name":null}]},"EF/10121_S1_wave2/10121_S1_wave2_5":{"attachment":[{"time":0.3333,"name":"EF/10121_S1_wave2/10121_S1_wave2_00003"},{"time":0.4,"name":"EF/10121_S1_wave2/10121_S1_wave2_00004"},{"time":0.4666,"name":"EF/10121_S1_wave2/10121_S1_wave2_00006"},{"time":0.5333,"name":"EF/10121_S1_wave2/10121_S1_wave2_00008"},{"time":0.6,"name":"EF/10121_S1_wave2/10121_S1_wave2_00010"},{"time":0.6666,"name":"EF/10121_S1_wave2/10121_S1_wave2_00011"},{"time":0.7333,"name":null},{"time":0.8333,"name":"EF/10121_S1_wave2/10121_S1_wave2_00003"},{"time":0.9,"name":"EF/10121_S1_wave2/10121_S1_wave2_00004"},{"time":0.9666,"name":"EF/10121_S1_wave2/10121_S1_wave2_00006"},{"time":1.0333,"name":"EF/10121_S1_wave2/10121_S1_wave2_00008"},{"time":1.1,"name":"EF/10121_S1_wave2/10121_S1_wave2_00010"},{"time":1.1666,"name":"EF/10121_S1_wave2/10121_S1_wave2_00011"},{"time":1.2333,"name":null},{"time":1.3666,"name":"EF/10121_S1_wave2/10121_S1_wave2_00003"},{"time":1.4333,"name":"EF/10121_S1_wave2/10121_S1_wave2_00004"},{"time":1.5,"name":"EF/10121_S1_wave2/10121_S1_wave2_00006"},{"time":1.5666,"name":"EF/10121_S1_wave2/10121_S1_wave2_00008"},{"time":1.6333,"name":"EF/10121_S1_wave2/10121_S1_wave2_00010"},{"time":1.7,"name":"EF/10121_S1_wave2/10121_S1_wave2_00011"},{"time":1.7666,"name":null}]},"MAIN":{"attachment":[{"time":0,"name":"skill2_00"},{"time":0.1,"name":"skill2_01"},{"time":0.2666,"name":"skill2_02"},{"time":0.3,"name":"skill2_03"},{"time":0.3333,"name":"skill2_04"},{"time":0.4,"name":"skill2_05"},{"time":0.4666,"name":"skill2_06"},{"time":0.5333,"name":"skill2_04"},{"time":0.6,"name":"skill2_05"},{"time":0.6666,"name":"skill2_06"},{"time":0.7333,"name":"skill2_04"},{"time":0.8,"name":"skill2_05"},{"time":0.8666,"name":"skill2_06"},{"time":0.9333,"name":"skill2_04"},{"time":1,"name":"skill2_05"},{"time":1.0666,"name":"skill2_06"},{"time":1.1333,"name":"skill2_04"},{"time":1.2,"name":"skill2_05"},{"time":1.2666,"name":"skill2_06"},{"time":1.3333,"name":"skill2_04"},{"time":1.4,"name":"skill2_05"},{"time":1.4666,"name":"skill2_06"},{"time":1.5333,"name":"skill2_07"},{"time":1.6,"name":"skill2_08"},{"time":1.6666,"name":"skill2_09"},{"time":1.7333,"name":"skill2_10"},{"time":2.3,"name":"skill2_10"},{"time":2.3333,"name":"idle_00"}]}},"bones":{"MAIN":{"translate":[{"time":0,"x":0,"y":0,"curve":"stepped"},{"time":0.1,"x":0,"y":0.79,"curve":"stepped"},{"time":0.2666,"x":-34.71,"y":-0.26,"curve":"stepped"},{"time":0.3,"x":-47.1,"y":-0.26,"curve":"stepped"},{"time":0.3333,"x":-57.16,"y":-0.26,"curve":"stepped"},{"time":1.6,"x":-104.05,"y":2.08,"curve":"stepped"},{"time":1.6666,"x":-114.2,"y":0}]},"S1_wave2_00003":{"translate":[{"time":0.3333,"x":-205.15,"y":20.71}],"scale":[{"time":0.3333,"x":0.521,"y":0.521,"curve":"stepped"},{"time":0.5666,"x":0.521,"y":0.521},{"time":0.7333,"x":1.193,"y":1.193,"curve":"stepped"},{"time":0.8333,"x":0.543,"y":0.543},{"time":1.2333,"x":1.341,"y":1.341,"curve":"stepped"},{"time":1.3666,"x":0.543,"y":0.543},{"time":1.7666,"x":1.341,"y":1.341}]},"S1_ex3_00001":{"translate":[{"time":0.3333,"x":-145.4,"y":3.15,"curve":"stepped"},{"time":0.4666,"x":-145.4,"y":3.15},{"time":0.5666,"x":-146.3,"y":23.45}],"scale":[{"time":0.3333,"x":2.146,"y":2.146,"curve":"stepped"},{"time":0.4666,"x":2.146,"y":2.146},{"time":0.5666,"x":2.086,"y":2.086}]},"S1_wave2_3":{"translate":[{"time":0.4666,"x":-205.15,"y":20.74}],"scale":[{"time":0.4666,"x":0.503,"y":0.503},{"time":0.8666,"x":1.297,"y":1.297,"curve":"stepped"},{"time":0.9666,"x":0.503,"y":0.503},{"time":1.3666,"x":1.297,"y":1.297,"curve":"stepped"},{"time":1.5,"x":0.503,"y":0.503},{"time":1.9,"x":1.297,"y":1.297}]},"S1_wave2_4":{"translate":[{"time":0.4666,"x":-346.59,"y":-36}],"scale":[{"time":0.4666,"x":0.598,"y":0.598},{"time":0.8666,"x":1.907,"y":1.907,"curve":"stepped"},{"time":0.9666,"x":0.598,"y":0.598},{"time":1.3666,"x":1.907,"y":1.907,"curve":"stepped"},{"time":1.5,"x":0.598,"y":0.598},{"time":1.9,"x":1.907,"y":1.907}]},"S1_wave2_5":{"translate":[{"time":0.3333,"x":-311.22,"y":-36}],"scale":[{"time":0.3333,"x":0.598,"y":0.598,"curve":"stepped"},{"time":0.5666,"x":0.598,"y":0.598},{"time":0.7333,"x":1.907,"y":1.907,"curve":"stepped"},{"time":0.8333,"x":0.598,"y":0.598},{"time":1.2333,"x":1.907,"y":1.907,"curve":"stepped"},{"time":1.3666,"x":0.598,"y":0.598},{"time":1.7666,"x":1.907,"y":1.907}]},"S1_ex3_1":{"translate":[{"time":0.2666,"x":-223.22,"y":-24.48,"curve":"stepped"},{"time":0.4,"x":-223.22,"y":-24.48,"curve":"stepped"},{"time":0.5,"x":-223.22,"y":-24.48}],"scale":[{"time":0.2666,"x":3.515,"y":2.348},{"time":0.4,"x":2.348,"y":2.348},{"time":0.5,"x":2.086,"y":2.086}]},"DAMAGEAREA":{"translate":[{"time":0.4,"x":-337.6,"y":220.14}],"scale":[{"time":0.4,"x":2.53,"y":2.915}]}},"events":[{"time":0.2666,"name":"Sound1","string":"cri_se_battle_darkness_explosion"},{"time":0.2666,"name":"Sound2","string":"cri_se_battle_skill_explosion_02"},{"time":0.2666,"name":"Voice","string":"cri_121_voice_fullarts_rank5"},{"time":0.3333,"name":"Event"},{"time":0.3333,"name":"Event2","string":"setHitBackEnemy(0,7)"},{"time":0.3666,"name":"Event","float":0.1,"string":"kHitStopType_enemyonly"},{"time":0.3666,"name":"Sound1","string":"setHitSound(se_battle_007_attack_hit_01)"},{"time":0.4,"name":"Event","string":"shakeGround"},{"time":0.5333,"name":"Hit","string":"resetHitList"},{"time":0.6666,"name":"Hit","string":"resetHitList"},{"time":0.8,"name":"Hit","string":"resetHitList"},{"time":0.9333,"name":"Hit","string":"resetHitList"},{"time":1.0333,"name":"Hit","string":"resetHitList"},{"time":1.1333,"name":"Hit","string":"resetHitList"},{"time":1.2333,"name":"Hit","string":"resetHitList"},{"time":1.3,"name":"Hit","string":"resetHitList"},{"time":1.3333,"name":"Event","float":0.2,"string":"kHitStopType_enemyonly"},{"time":1.3333,"name":"Event2","string":"setHitBackEnemy(0,40)"},{"time":1.3666,"name":"Event","string":"shakeGround"},{"time":1.3666,"name":"Hit","string":"resetHitList"},{"time":1.4,"name":"Hit","string":"resetHitList"},{"time":1.4333,"name":"Hit","string":"resetHitList"},{"time":1.4666,"name":"Event","string":"shakeGround"},{"time":1.4666,"name":"Hit","string":"resetHitList"},{"time":1.5,"name":"Hit","string":"resetHitList"},{"time":1.5333,"name":"Hit","string":"resetHitList"},{"time":1.5666,"name":"Event","string":"setForceImpact(1)"},{"time":1.6,"name":"Event","string":"kImpactType_down"},{"time":1.6,"name":"Event2","string":"setHitBackEnemy(0,0)"},{"time":1.6333,"name":"Event","string":"shakeGround"},{"time":1.6333,"name":"Event2","float":0.2,"string":"kHitStopType_normal"},{"time":1.6333,"name":"Hit","string":"resetHitList"},{"time":1.7,"name":"Event","string":"runSkillEffect"}]}}}