{"skeleton":{"hash":"HFSlTg48tPOxp3TsimmmwDdNEVU","spine":"3.0.12","width":0,"height":0,"images":"./images2/"},"bones":[{"name":"root"},{"name":"MAIN","parent":"root","y":40.46}],"slots":[{"name":"MAIN","bone":"MAIN","attachment":"idle_00"}],"skins":{"default":{"MAIN":{"idle_00":{"x":13.53,"y":162.73,"width":700,"height":700},"idle_01":{"x":13.53,"y":162.73,"width":700,"height":700},"idle_02":{"x":13.53,"y":162.73,"width":700,"height":700},"idle_03":{"x":13.53,"y":162.73,"width":700,"height":700},"idle_04":{"x":13.53,"y":162.73,"width":700,"height":700}}}},"events":{"Event":{},"Hit":{},"HitEffect":{},"sound_1":{},"sound_2":{},"sound_3":{},"sound_4":{},"voice":{}},"animations":{"idle":{"slots":{"MAIN":{"attachment":[{"time":0,"name":"idle_00"},{"time":0.1666,"name":"idle_01"},{"time":0.3333,"name":"idle_02"},{"time":0.5,"name":"idle_03"},{"time":0.6666,"name":"idle_04"},{"time":0.8333,"name":"idle_04"}]}}}}}