{"skeleton":{"hash":"ppCoC4dbirbSEB6QE6260OgjMT8","spine":"3.0.12","width":600,"height":600},"bones":[{"name":"root"},{"name":"MAIN","parent":"root","y":80},{"name":"ef_boost_main2","parent":"MAIN","x":-50,"y":-80},{"name":"ef_boost_main","parent":"MAIN","x":-50,"y":-80},{"name":"attack_ef","parent":"MAIN"}],"slots":[{"name":"ef_boost_main2","bone":"ef_boost_main2","blend":"additive"},{"name":"ef_boost_main4","bone":"ef_boost_main2","blend":"additive"},{"name":"attack1_02_ef","bone":"attack_ef","blend":"additive"},{"name":"MAIN","bone":"MAIN","attachment":"idle_00"},{"name":"ef_boost_main","bone":"ef_boost_main","blend":"additive"},{"name":"ef_boost_main3","bone":"ef_boost_main","blend":"additive"}],"skins":{"default":{"MAIN":{"attack1_00":{"x":-4,"y":-12,"scaleX":2,"scaleY":2,"width":300,"height":300},"attack1_01":{"x":-4,"y":-12,"scaleX":2,"scaleY":2,"width":300,"height":300},"attack1_02":{"x":-4,"y":-12,"scaleX":2,"scaleY":2,"width":300,"height":300},"attack1_03":{"x":-4,"y":-12,"scaleX":2,"scaleY":2,"width":300,"height":300},"attack1_04":{"x":-4,"y":-12,"scaleX":2,"scaleY":2,"width":300,"height":300},"attack1_05":{"x":-4,"y":-12,"scaleX":2,"scaleY":2,"width":300,"height":300},"back_00":{"x":-4,"y":-12,"scaleX":2,"scaleY":2,"width":300,"height":300},"damage_00":{"x":-4,"y":-12,"scaleX":2,"scaleY":2,"width":300,"height":300},"front_00":{"x":-4,"y":-12,"scaleX":2,"scaleY":2,"width":300,"height":300},"idle2_00":{"x":-4,"y":-12,"scaleX":2,"scaleY":2,"width":300,"height":300},"idle_00":{"x":-4,"y":-12,"scaleX":2,"scaleY":2,"width":300,"height":300},"idle_01":{"x":-4,"y":-12,"scaleX":2,"scaleY":2,"width":300,"height":300},"idle_02":{"x":-4,"y":-12,"scaleX":2,"scaleY":2,"width":300,"height":300},"idle_03":{"x":-4,"y":-12,"scaleX":2,"scaleY":2,"width":300,"height":300},"skill1_00":{"x":-4,"y":-12,"scaleX":2,"scaleY":2,"width":300,"height":300},"skill1_01":{"x":-4,"y":-12,"scaleX":2,"scaleY":2,"width":300,"height":300},"skill1_02":{"x":-4,"y":-12,"scaleX":2,"scaleY":2,"width":300,"height":300},"skill1_03":{"x":-4,"y":-12,"scaleX":2,"scaleY":2,"width":300,"height":300},"skill2_00":{"x":-4,"y":-12,"scaleX":2,"scaleY":2,"width":300,"height":300},"skill2_01":{"x":-4,"y":-12,"scaleX":2,"scaleY":2,"width":300,"height":300},"skill2_02":{"x":-4,"y":-12,"scaleX":2,"scaleY":2,"width":300,"height":300},"skill2_03":{"x":-4,"y":-12,"scaleX":2,"scaleY":2,"width":300,"height":300},"skill2_04":{"x":-4,"y":-12,"scaleX":2,"scaleY":2,"width":300,"height":300},"skill2_05":{"x":-4,"y":-12,"scaleX":2,"scaleY":2,"width":300,"height":300},"skill2_06":{"x":-4,"y":-12,"scaleX":2,"scaleY":2,"width":300,"height":300},"skill2_07":{"x":-4,"y":-12,"scaleX":2,"scaleY":2,"width":300,"height":300},"skill3_01":{"x":-4,"y":-12,"scaleX":2,"scaleY":2,"width":300,"height":300},"skill3_02":{"x":-4,"y":-12,"scaleX":2,"scaleY":2,"width":300,"height":300},"skill3_03":{"x":-4,"y":-12,"scaleX":2,"scaleY":2,"width":300,"height":300},"skill3_04":{"x":-4,"y":-12,"scaleX":2,"scaleY":2,"width":300,"height":300},"skill3_06":{"x":-4,"y":-12,"scaleX":2,"scaleY":2,"width":300,"height":300},"skill3_08":{"x":-4,"y":-12,"scaleX":2,"scaleY":2,"width":300,"height":300},"skill3_00a":{"x":-4,"y":-12,"scaleX":2,"scaleY":2,"width":300,"height":300},"skill3_00b":{"x":-4,"y":-12,"scaleX":2,"scaleY":2,"width":300,"height":300},"skill3_05a":{"x":-4,"y":-12,"scaleX":2,"scaleY":2,"width":300,"height":300},"skill3_05b":{"x":-4,"y":-12,"scaleX":2,"scaleY":2,"width":300,"height":300},"skill3_07a":{"x":-4,"y":-12,"scaleX":2,"scaleY":2,"width":300,"height":300},"skill3_07b":{"x":-4,"y":-12,"scaleX":2,"scaleY":2,"width":300,"height":300},"skill4_00":{"x":-4,"y":-12,"scaleX":2,"scaleY":2,"width":300,"height":300},"skill4_01":{"x":-4,"y":-12,"scaleX":2,"scaleY":2,"width":300,"height":300}},"attack1_02_ef":{"attack1_02_ef":{"x":-4,"y":-12,"scaleX":2,"scaleY":2,"width":300,"height":300},"attack1_03_ef":{"x":-4,"y":-12,"scaleX":2,"scaleY":2,"width":300,"height":300},"attack1_04_ef":{"x":-4,"y":-12,"scaleX":2,"scaleY":2,"width":300,"height":300},"attack1_05_ef":{"x":-4,"y":-12,"scaleX":2,"scaleY":2,"width":300,"height":300}},"ef_boost_main":{"EF/0h/s123_ef_boost_main/ef_boost_main_00001":{"x":48.37,"width":200,"height":150},"EF/0h/s123_ef_boost_main/ef_boost_main_00002":{"x":48.37,"width":200,"height":150},"EF/0h/s123_ef_boost_main/ef_boost_main_00003":{"x":48.37,"width":200,"height":150},"EF/0h/s123_ef_boost_main/ef_boost_main_00004":{"x":48.37,"width":200,"height":150},"EF/0h/s123_ef_boost_main/ef_boost_main_00005":{"x":48.37,"width":200,"height":150},"EF/0h/s123_ef_boost_main/ef_boost_main_00006":{"x":48.37,"width":200,"height":150}},"ef_boost_main2":{"EF/0h/s123_ef_boost_main/ef_boost_main_00001":{"x":48.37,"width":200,"height":150},"EF/0h/s123_ef_boost_main/ef_boost_main_00002":{"x":48.37,"width":200,"height":150},"EF/0h/s123_ef_boost_main/ef_boost_main_00003":{"x":48.37,"width":200,"height":150},"EF/0h/s123_ef_boost_main/ef_boost_main_00004":{"x":48.37,"width":200,"height":150},"EF/0h/s123_ef_boost_main/ef_boost_main_00005":{"x":48.37,"width":200,"height":150},"EF/0h/s123_ef_boost_main/ef_boost_main_00006":{"x":48.37,"width":200,"height":150}},"ef_boost_main3":{"EF/0h/s123_ef_boost_main/ef_boost_main_00001":{"x":48.37,"width":200,"height":150},"EF/0h/s123_ef_boost_main/ef_boost_main_00002":{"x":48.37,"width":200,"height":150},"EF/0h/s123_ef_boost_main/ef_boost_main_00003":{"x":48.37,"width":200,"height":150},"EF/0h/s123_ef_boost_main/ef_boost_main_00004":{"x":48.37,"width":200,"height":150},"EF/0h/s123_ef_boost_main/ef_boost_main_00005":{"x":48.37,"width":200,"height":150},"EF/0h/s123_ef_boost_main/ef_boost_main_00006":{"x":48.37,"width":200,"height":150}},"ef_boost_main4":{"EF/0h/s123_ef_boost_main/ef_boost_main_00001":{"x":48.37,"width":200,"height":150},"EF/0h/s123_ef_boost_main/ef_boost_main_00002":{"x":48.37,"width":200,"height":150},"EF/0h/s123_ef_boost_main/ef_boost_main_00003":{"x":48.37,"width":200,"height":150},"EF/0h/s123_ef_boost_main/ef_boost_main_00004":{"x":48.37,"width":200,"height":150},"EF/0h/s123_ef_boost_main/ef_boost_main_00005":{"x":48.37,"width":200,"height":150},"EF/0h/s123_ef_boost_main/ef_boost_main_00006":{"x":48.37,"width":200,"height":150}}}},"animations":{"front":{"slots":{"MAIN":{"attachment":[{"time":0,"name":"front_00"}]}},"bones":{"MAIN":{"translate":[{"time":0,"x":0,"y":5}]}}},"idle":{"slots":{"MAIN":{"attachment":[{"time":0,"name":"idle_00"},{"time":0.2,"name":"idle_01"},{"time":0.4,"name":"idle_02"},{"time":0.6,"name":"idle_03"},{"time":0.8,"name":"idle_00"}]}}},"idle2":{"slots":{"MAIN":{"attachment":[{"time":0,"name":"idle2_00"}]}}}}}