{"skeleton":{"hash":"ry3HxMj3lZEKOdLCxHT4aJsH6Ic","spine":"3.0.12","width":0,"height":0,"images":"./images/"},"bones":[{"name":"root"},{"name":"MAIN","parent":"root"},{"name":"rock2_2","parent":"MAIN","x":895.96,"y":0.08},{"name":"rock2_1","parent":"MAIN","x":832.34,"y":0.08},{"name":"rock1","parent":"MAIN","x":880.22,"y":-127.25},{"name":"ex1","parent":"MAIN","x":735.54,"y":0.28},{"name":"S2_fire1","parent":"MAIN","x":735.7,"y":-126.64},{"name":"S1_fire2_3","parent":"MAIN","x":735.69,"y":163.11},{"name":"S1_fire2_2","parent":"MAIN","x":735.69,"y":97.43},{"name":"S1_fire1_2","parent":"MAIN","x":863.09,"y":161.59},{"name":"S1_fire1_1","parent":"MAIN","x":863.09,"y":95.92},{"name":"DAMAGEAREA","parent":"root"},{"name":"shot1","parent":"MAIN","x":991.89,"y":0.2},{"name":"wave1_1","parent":"MAIN","x":1183.99,"y":-49.83},{"name":"wave1_2","parent":"MAIN","x":1183.99,"y":-127.26}],"slots":[{"name":"rock1","bone":"rock1"},{"name":"rock2_1","bone":"rock2_1"},{"name":"rock2_2","bone":"rock2_2"},{"name":"S2_fire1","bone":"S2_fire1","blend":"additive"},{"name":"S1_fire1_1","bone":"S1_fire1_1","blend":"additive"},{"name":"S1_fire1_2","bone":"S1_fire1_2","blend":"additive"},{"name":"ex1","bone":"ex1","blend":"additive"},{"name":"shot1","bone":"shot1","blend":"additive"},{"name":"wave1_1","bone":"wave1_1","blend":"additive"},{"name":"wave1_2","bone":"wave1_2","blend":"additive"},{"name":"S1_fire2_2","bone":"S1_fire2_2","blend":"additive"},{"name":"S1_fire2_3","bone":"S1_fire2_3","blend":"additive"},{"name":"DAMAGEAREA","bone":"DAMAGEAREA"}],"skins":{"default":{"DAMAGEAREA":{"DAMAGEAREA":{"type":"boundingbox","vertices":[-78.48113,98.81593,-79.3781,-70.71702,78.49378,-69.82001,78.49378,98.81593,0,0,0,0,0,0,0,0]}},"S1_fire1_1":{"EF/750_S1_fire1/750_S1_fire1_00001":{"x":-39.68,"y":7.87,"width":131,"height":73},"EF/750_S1_fire1/750_S1_fire1_00002":{"x":-39.68,"y":7.87,"width":131,"height":73},"EF/750_S1_fire1/750_S1_fire1_00004":{"x":-39.68,"y":7.87,"width":131,"height":73},"EF/750_S1_fire1/750_S1_fire1_00005":{"x":-39.68,"y":7.87,"width":131,"height":73},"EF/750_S1_fire1/750_S1_fire1_00007":{"x":-39.68,"y":7.87,"width":131,"height":73},"EF/750_S1_fire1/750_S1_fire1_00009":{"x":-39.68,"y":7.87,"width":131,"height":73},"EF/750_S1_fire1/750_S1_fire1_00010":{"x":-39.68,"y":7.87,"width":131,"height":73},"EF/750_S1_fire1/750_S1_fire1_00011":{"x":-39.68,"y":7.87,"width":131,"height":73},"EF/750_S1_fire1/750_S1_fire1_00012":{"x":-39.68,"y":7.87,"width":131,"height":73},"EF/750_S1_fire1/750_S1_fire1_00013":{"x":-39.68,"y":7.87,"width":131,"height":73}},"S1_fire1_2":{"EF/750_S1_fire1/750_S1_fire1_00001":{"x":-39.68,"y":7.87,"width":131,"height":73},"EF/750_S1_fire1/750_S1_fire1_00002":{"x":-39.68,"y":7.87,"width":131,"height":73},"EF/750_S1_fire1/750_S1_fire1_00004":{"x":-39.68,"y":7.87,"width":131,"height":73},"EF/750_S1_fire1/750_S1_fire1_00005":{"x":-39.68,"y":7.87,"width":131,"height":73},"EF/750_S1_fire1/750_S1_fire1_00007":{"x":-39.68,"y":7.87,"width":131,"height":73},"EF/750_S1_fire1/750_S1_fire1_00009":{"x":-39.68,"y":7.87,"width":131,"height":73},"EF/750_S1_fire1/750_S1_fire1_00010":{"x":-39.68,"y":7.87,"width":131,"height":73},"EF/750_S1_fire1/750_S1_fire1_00011":{"x":-39.68,"y":7.87,"width":131,"height":73},"EF/750_S1_fire1/750_S1_fire1_00012":{"x":-39.68,"y":7.87,"width":131,"height":73},"EF/750_S1_fire1/750_S1_fire1_00013":{"x":-39.68,"y":7.87,"width":131,"height":73}},"S1_fire2_2":{"EF/750_S1_fire2/750_S1_fire2_00000":{"x":-1.77,"y":38.63,"width":176,"height":176},"EF/750_S1_fire2/750_S1_fire2_00002":{"x":-1.77,"y":38.63,"width":176,"height":176},"EF/750_S1_fire2/750_S1_fire2_00004":{"x":-1.77,"y":38.63,"width":176,"height":176},"EF/750_S1_fire2/750_S1_fire2_00006":{"x":-1.77,"y":38.63,"width":176,"height":176},"EF/750_S1_fire2/750_S1_fire2_00008":{"x":-1.77,"y":38.63,"width":176,"height":176}},"S1_fire2_3":{"EF/750_S1_fire2/750_S1_fire2_00000":{"x":-1.77,"y":38.63,"width":176,"height":176},"EF/750_S1_fire2/750_S1_fire2_00002":{"x":-1.77,"y":38.63,"width":176,"height":176},"EF/750_S1_fire2/750_S1_fire2_00004":{"x":-1.77,"y":38.63,"width":176,"height":176},"EF/750_S1_fire2/750_S1_fire2_00006":{"x":-1.77,"y":38.63,"width":176,"height":176},"EF/750_S1_fire2/750_S1_fire2_00008":{"x":-1.77,"y":38.63,"width":176,"height":176}},"S2_fire1":{"EF/200_S2_fire1_DOT/200_S2_fire1_00054":{"y":75.22,"width":129,"height":184},"EF/200_S2_fire1_DOT/200_S2_fire1_00055":{"y":75.22,"width":129,"height":184},"EF/200_S2_fire1_DOT/200_S2_fire1_00056":{"y":75.22,"width":129,"height":184},"EF/200_S2_fire1_DOT/200_S2_fire1_00057":{"y":75.22,"width":129,"height":184},"EF/200_S2_fire1_DOT/200_S2_fire1_00058":{"y":75.22,"width":129,"height":184},"EF/200_S2_fire1_DOT/200_S2_fire1_00059":{"y":75.22,"width":129,"height":184},"EF/200_S2_fire1_DOT/200_S2_fire1_00060":{"y":75.22,"width":129,"height":184},"EF/200_S2_fire1_DOT/200_S2_fire1_00061":{"y":75.22,"width":129,"height":184},"EF/200_S2_fire1_DOT/200_S2_fire1_00062":{"y":75.22,"width":129,"height":184},"EF/200_S2_fire1_DOT/200_S2_fire1_00063":{"y":75.22,"width":129,"height":184},"EF/200_S2_fire1_DOT/200_S2_fire1_00064":{"y":75.22,"width":129,"height":184},"EF/200_S2_fire1_DOT/200_S2_fire1_00065":{"y":75.22,"width":129,"height":184},"EF/200_S2_fire1_DOT/200_S2_fire1_00066":{"y":75.22,"width":129,"height":184},"EF/200_S2_fire1_DOT/200_S2_fire1_00067":{"y":75.22,"width":129,"height":184},"EF/200_S2_fire1_DOT/200_S2_fire1_00068":{"y":75.22,"width":129,"height":184},"EF/200_S2_fire1_DOT/200_S2_fire1_00069":{"y":75.22,"width":129,"height":184},"EF/200_S2_fire1_DOT/200_S2_fire1_00070":{"y":75.22,"width":129,"height":184},"EF/200_S2_fire1_DOT/200_S2_fire1_00071":{"y":75.22,"width":129,"height":184},"EF/200_S2_fire1_DOT/200_S2_fire1_00072":{"y":75.22,"width":129,"height":184},"EF/200_S2_fire1_DOT/200_S2_fire1_00073":{"y":75.22,"width":129,"height":184},"EF/200_S2_fire1_DOT/200_S2_fire1_00074":{"y":75.22,"width":129,"height":184},"EF/200_S2_fire1_DOT/200_S2_fire1_00075":{"y":75.22,"width":129,"height":184},"EF/200_S2_fire1_DOT/200_S2_fire1_00076":{"y":75.22,"width":129,"height":184},"EF/200_S2_fire1_DOT/200_S2_fire1_00077":{"y":75.22,"width":129,"height":184},"EF/200_S2_fire1_DOT/200_S2_fire1_00078":{"y":75.22,"width":129,"height":184}},"ex1":{"EF/9070_ex1/9070_ex1_00038":{"x":2.09,"y":45.15,"width":149,"height":107},"EF/9070_ex1/9070_ex1_00039":{"x":2.09,"y":45.15,"width":149,"height":107},"EF/9070_ex1/9070_ex1_00041":{"x":2.09,"y":45.15,"width":149,"height":107},"EF/9070_ex1/9070_ex1_00042":{"x":2.09,"y":45.15,"width":149,"height":107},"EF/9070_ex1/9070_ex1_00043":{"x":2.09,"y":45.15,"width":149,"height":107},"EF/9070_ex1/9070_ex1_00044":{"x":2.09,"y":45.15,"width":149,"height":107},"EF/9070_ex1/9070_ex1_00045":{"x":2.09,"y":45.15,"width":149,"height":107},"EF/9070_ex1/9070_ex1_00046":{"x":2.09,"y":45.15,"width":149,"height":107},"EF/9070_ex1/9070_ex1_00047":{"x":2.09,"y":45.15,"width":149,"height":107}},"rock1":{"EF/9070_rock1/9070_rock1_00038":{"x":5.28,"y":68.95,"width":200,"height":166},"EF/9070_rock1/9070_rock1_00040":{"x":5.28,"y":68.95,"width":200,"height":166},"EF/9070_rock1/9070_rock1_00041":{"x":5.28,"y":68.95,"width":200,"height":166},"EF/9070_rock1/9070_rock1_00043":{"x":5.28,"y":68.95,"width":200,"height":166},"EF/9070_rock1/9070_rock1_00045":{"x":5.28,"y":68.95,"width":200,"height":166}},"rock2_1":{"EF/9070_rock2/9070_rock2_00040":{"width":36,"height":45},"EF/9070_rock2/9070_rock2_00042":{"width":36,"height":45},"EF/9070_rock2/9070_rock2_00044":{"width":36,"height":45},"EF/9070_rock2/9070_rock2_00046":{"width":36,"height":45},"EF/9070_rock2/9070_rock2_00048":{"width":36,"height":45}},"rock2_2":{"EF/9070_rock2/9070_rock2_00040":{"width":36,"height":45},"EF/9070_rock2/9070_rock2_00042":{"width":36,"height":45},"EF/9070_rock2/9070_rock2_00044":{"width":36,"height":45},"EF/9070_rock2/9070_rock2_00046":{"width":36,"height":45},"EF/9070_rock2/9070_rock2_00048":{"width":36,"height":45}},"shot1":{"EF/9070_shot1/9070_shot1_00038":{"x":69.59,"width":247,"height":55},"EF/9070_shot1/9070_shot1_00040":{"x":69.59,"width":247,"height":55},"EF/9070_shot1/9070_shot1_00041":{"x":69.59,"width":247,"height":55},"EF/9070_shot1/9070_shot1_00043":{"x":69.59,"width":247,"height":55},"EF/9070_shot1/9070_shot1_00044":{"x":69.59,"width":247,"height":55},"EF/9070_shot1/9070_shot1_00046":{"x":69.59,"width":247,"height":55},"EF/9070_shot1/9070_shot1_00048":{"x":69.59,"width":247,"height":55},"EF/9070_shot1/9070_shot1_00050":{"x":69.59,"width":247,"height":55}},"wave1_1":{"EF/9070_wave1/9070_wave1_00044":{"x":1.31,"y":25,"width":263,"height":100},"EF/9070_wave1/9070_wave1_00045":{"x":1.31,"y":25,"width":263,"height":100},"EF/9070_wave1/9070_wave1_00046":{"x":1.31,"y":25,"width":263,"height":100},"EF/9070_wave1/9070_wave1_00047":{"x":1.31,"y":25,"width":263,"height":100},"EF/9070_wave1/9070_wave1_00048":{"x":1.31,"y":25,"width":263,"height":100}},"wave1_2":{"EF/9070_wave1/9070_wave1_00044":{"x":1.31,"y":25,"width":263,"height":100},"EF/9070_wave1/9070_wave1_00045":{"x":1.31,"y":25,"width":263,"height":100},"EF/9070_wave1/9070_wave1_00046":{"x":1.31,"y":25,"width":263,"height":100},"EF/9070_wave1/9070_wave1_00047":{"x":1.31,"y":25,"width":263,"height":100},"EF/9070_wave1/9070_wave1_00048":{"x":1.31,"y":25,"width":263,"height":100}}}},"events":{"EFEvent":{},"Sound1":{},"Sound2":{}},"animations":{"1-attack1":{"slots":{"S1_fire1_1":{"attachment":[{"time":0,"name":null},{"time":0.8333,"name":"EF/750_S1_fire1/750_S1_fire1_00001"},{"time":0.8666,"name":"EF/750_S1_fire1/750_S1_fire1_00004"},{"time":0.9,"name":"EF/750_S1_fire1/750_S1_fire1_00005"},{"time":0.9333,"name":"EF/750_S1_fire1/750_S1_fire1_00007"},{"time":0.9666,"name":"EF/750_S1_fire1/750_S1_fire1_00009"},{"time":1,"name":"EF/750_S1_fire1/750_S1_fire1_00010"},{"time":1.0333,"name":"EF/750_S1_fire1/750_S1_fire1_00011"},{"time":1.0666,"name":"EF/750_S1_fire1/750_S1_fire1_00012"},{"time":1.1,"name":"EF/750_S1_fire1/750_S1_fire1_00013"},{"time":1.1333,"name":null}]},"S1_fire2_2":{"attachment":[{"time":0,"name":null},{"time":0.9,"name":"EF/750_S1_fire2/750_S1_fire2_00000"},{"time":0.9666,"name":"EF/750_S1_fire2/750_S1_fire2_00002"},{"time":1.0333,"name":"EF/750_S1_fire2/750_S1_fire2_00004"},{"time":1.1,"name":"EF/750_S1_fire2/750_S1_fire2_00006"},{"time":1.1333,"name":"EF/750_S1_fire2/750_S1_fire2_00008"}],"color":[{"time":1.1333,"color":"ffffffff"},{"time":1.2,"color":"ffffff00"}]}},"bones":{"S1_fire1_1":{"rotate":[{"time":0,"angle":-0.02,"curve":"stepped"},{"time":0.9333,"angle":-0.02}],"translate":[{"time":0,"x":-972.71,"y":-23.04,"curve":"stepped"},{"time":0.8333,"x":-972.71,"y":-23.04}],"scale":[{"time":0,"x":2,"y":2,"curve":"stepped"},{"time":0.8333,"x":2,"y":2}]},"S1_fire2_2":{"rotate":[{"time":0,"angle":-0.02,"curve":"stepped"},{"time":0.9,"angle":-0.02}],"translate":[{"time":0,"x":-972.21,"y":-45.79,"curve":"stepped"},{"time":0.9,"x":-972.21,"y":-45.79}],"scale":[{"time":0,"x":1.7,"y":1.7,"curve":"stepped"},{"time":0.9,"x":1.7,"y":1.7}]}},"events":[{"time":0.8333,"name":"Sound2"}]},"1-skill1":{"slots":{"S1_fire1_1":{"attachment":[{"time":0,"name":null},{"time":1.7333,"name":"EF/750_S1_fire1/750_S1_fire1_00001"},{"time":1.7666,"name":"EF/750_S1_fire1/750_S1_fire1_00004"},{"time":1.8,"name":"EF/750_S1_fire1/750_S1_fire1_00007"},{"time":1.8333,"name":"EF/750_S1_fire1/750_S1_fire1_00009"},{"time":1.9,"name":"EF/750_S1_fire1/750_S1_fire1_00004"},{"time":1.9666,"name":"EF/750_S1_fire1/750_S1_fire1_00005"},{"time":2.0333,"name":"EF/750_S1_fire1/750_S1_fire1_00007"},{"time":2.1,"name":"EF/750_S1_fire1/750_S1_fire1_00009"},{"time":2.1666,"name":"EF/750_S1_fire1/750_S1_fire1_00010"},{"time":2.2333,"name":"EF/750_S1_fire1/750_S1_fire1_00011"},{"time":2.3,"name":"EF/750_S1_fire1/750_S1_fire1_00012"},{"time":2.3666,"name":"EF/750_S1_fire1/750_S1_fire1_00013"},{"time":2.4333,"name":null}]},"S1_fire1_2":{"attachment":[{"time":1.8,"name":"EF/750_S1_fire1/750_S1_fire1_00004"},{"time":1.8666,"name":"EF/750_S1_fire1/750_S1_fire1_00005"},{"time":1.9333,"name":"EF/750_S1_fire1/750_S1_fire1_00007"},{"time":2,"name":"EF/750_S1_fire1/750_S1_fire1_00009"},{"time":2.0666,"name":"EF/750_S1_fire1/750_S1_fire1_00010"},{"time":2.1333,"name":"EF/750_S1_fire1/750_S1_fire1_00011"},{"time":2.2,"name":"EF/750_S1_fire1/750_S1_fire1_00012"},{"time":2.2666,"name":"EF/750_S1_fire1/750_S1_fire1_00013"},{"time":2.3333,"name":null}]},"S1_fire2_2":{"attachment":[{"time":0,"name":null},{"time":1.8,"name":"EF/750_S1_fire2/750_S1_fire2_00000"},{"time":1.8666,"name":"EF/750_S1_fire2/750_S1_fire2_00002"},{"time":1.9333,"name":"EF/750_S1_fire2/750_S1_fire2_00004"},{"time":2,"name":"EF/750_S1_fire2/750_S1_fire2_00006"},{"time":2.0666,"name":"EF/750_S1_fire2/750_S1_fire2_00008"},{"time":2.1333,"name":"EF/750_S1_fire2/750_S1_fire2_00000"},{"time":2.2,"name":"EF/750_S1_fire2/750_S1_fire2_00002"},{"time":2.2666,"name":"EF/750_S1_fire2/750_S1_fire2_00004"},{"time":2.3333,"name":"EF/750_S1_fire2/750_S1_fire2_00006"},{"time":2.4,"name":"EF/750_S1_fire2/750_S1_fire2_00008"},{"time":2.4666,"name":null}]},"S1_fire2_3":{"attachment":[{"time":0,"name":null},{"time":1.9,"name":"EF/750_S1_fire2/750_S1_fire2_00000"},{"time":1.9666,"name":"EF/750_S1_fire2/750_S1_fire2_00002"},{"time":2.0333,"name":"EF/750_S1_fire2/750_S1_fire2_00004"},{"time":2.1,"name":"EF/750_S1_fire2/750_S1_fire2_00006"},{"time":2.1666,"name":"EF/750_S1_fire2/750_S1_fire2_00008"},{"time":2.2333,"name":null}]},"S2_fire1":{"attachment":[{"time":0,"name":null},{"time":1.8,"name":"EF/200_S2_fire1_DOT/200_S2_fire1_00054"},{"time":1.8333,"name":"EF/200_S2_fire1_DOT/200_S2_fire1_00055"},{"time":1.8666,"name":"EF/200_S2_fire1_DOT/200_S2_fire1_00056"},{"time":1.9,"name":"EF/200_S2_fire1_DOT/200_S2_fire1_00057"},{"time":1.9333,"name":"EF/200_S2_fire1_DOT/200_S2_fire1_00058"},{"time":1.9666,"name":"EF/200_S2_fire1_DOT/200_S2_fire1_00059"},{"time":2,"name":"EF/200_S2_fire1_DOT/200_S2_fire1_00060"},{"time":2.0333,"name":"EF/200_S2_fire1_DOT/200_S2_fire1_00061"},{"time":2.0666,"name":"EF/200_S2_fire1_DOT/200_S2_fire1_00062"},{"time":2.1,"name":"EF/200_S2_fire1_DOT/200_S2_fire1_00063"},{"time":2.1333,"name":"EF/200_S2_fire1_DOT/200_S2_fire1_00064"},{"time":2.1666,"name":"EF/200_S2_fire1_DOT/200_S2_fire1_00065"},{"time":2.2,"name":"EF/200_S2_fire1_DOT/200_S2_fire1_00066"},{"time":2.2333,"name":"EF/200_S2_fire1_DOT/200_S2_fire1_00067"},{"time":2.2666,"name":"EF/200_S2_fire1_DOT/200_S2_fire1_00068"},{"time":2.3,"name":"EF/200_S2_fire1_DOT/200_S2_fire1_00069"},{"time":2.3333,"name":"EF/200_S2_fire1_DOT/200_S2_fire1_00070"},{"time":2.3666,"name":"EF/200_S2_fire1_DOT/200_S2_fire1_00071"},{"time":2.4,"name":"EF/200_S2_fire1_DOT/200_S2_fire1_00072"},{"time":2.4333,"name":"EF/200_S2_fire1_DOT/200_S2_fire1_00073"},{"time":2.4666,"name":"EF/200_S2_fire1_DOT/200_S2_fire1_00074"},{"time":2.5,"name":"EF/200_S2_fire1_DOT/200_S2_fire1_00075"},{"time":2.5333,"name":"EF/200_S2_fire1_DOT/200_S2_fire1_00076"},{"time":2.5666,"name":"EF/200_S2_fire1_DOT/200_S2_fire1_00077"},{"time":2.6,"name":"EF/200_S2_fire1_DOT/200_S2_fire1_00078"},{"time":2.6333,"name":null}]},"rock1":{"attachment":[{"time":0,"name":null},{"time":1.8,"name":"EF/9070_rock1/9070_rock1_00038"},{"time":1.8666,"name":"EF/9070_rock1/9070_rock1_00040"},{"time":1.9,"name":"EF/9070_rock1/9070_rock1_00041"},{"time":1.9333,"name":"EF/9070_rock1/9070_rock1_00043"},{"time":2,"name":"EF/9070_rock1/9070_rock1_00045"}],"color":[{"time":0,"color":"ffffff00"},{"time":1.9333,"color":"ffffffff"},{"time":2.1,"color":"ffffff00"}]},"wave1_1":{"attachment":[{"time":0,"name":null},{"time":1.9666,"name":"EF/9070_wave1/9070_wave1_00044"},{"time":2,"name":"EF/9070_wave1/9070_wave1_00045"},{"time":2.0333,"name":"EF/9070_wave1/9070_wave1_00046"},{"time":2.0666,"name":"EF/9070_wave1/9070_wave1_00047"},{"time":2.1666,"name":"EF/9070_wave1/9070_wave1_00048"},{"time":2.2666,"name":null},{"time":2.4333,"name":"EF/9070_wave1/9070_wave1_00044"},{"time":2.4666,"name":"EF/9070_wave1/9070_wave1_00045"},{"time":2.5,"name":"EF/9070_wave1/9070_wave1_00046"},{"time":2.5333,"name":"EF/9070_wave1/9070_wave1_00047"},{"time":2.6333,"name":"EF/9070_wave1/9070_wave1_00048"},{"time":2.7333,"name":null}],"color":[{"time":2.0666,"color":"ffffffff"},{"time":2.2666,"color":"ffffff00","curve":"stepped"},{"time":2.4333,"color":"ffffffff","curve":"stepped"},{"time":2.5333,"color":"ffffffff"},{"time":2.7333,"color":"ffffff00"}]},"wave1_2":{"attachment":[{"time":0,"name":null},{"time":2.2,"name":"EF/9070_wave1/9070_wave1_00044"},{"time":2.2333,"name":"EF/9070_wave1/9070_wave1_00045"},{"time":2.2666,"name":"EF/9070_wave1/9070_wave1_00046"},{"time":2.3,"name":"EF/9070_wave1/9070_wave1_00047"},{"time":2.4,"name":"EF/9070_wave1/9070_wave1_00048"},{"time":2.5,"name":null}],"color":[{"time":0,"color":"ffffff54"},{"time":2.3,"color":"ffffffff"},{"time":2.5,"color":"ffffff00"}]}},"bones":{"S1_fire1_1":{"rotate":[{"time":0,"angle":46.1,"curve":"stepped"},{"time":1.7333,"angle":46.1}],"translate":[{"time":0,"x":-925.31,"y":164.97,"curve":"stepped"},{"time":1.7333,"x":-925.31,"y":164.97}],"scale":[{"time":0,"x":2.2,"y":2.7,"curve":"stepped"},{"time":1.7333,"x":2.2,"y":2.7}]},"S1_fire2_2":{"rotate":[{"time":0,"angle":44.32,"curve":"stepped"},{"time":1.8,"angle":44.32}],"translate":[{"time":0,"x":-955.58,"y":-5.96,"curve":"stepped"},{"time":1.8,"x":-955.58,"y":-5.96}],"scale":[{"time":0,"x":1.2,"y":1.2,"curve":"stepped"},{"time":1.8,"x":1.2,"y":1.2}]},"S1_fire1_2":{"rotate":[{"time":0,"angle":46.1,"curve":"stepped"},{"time":1.8,"angle":46.1}],"translate":[{"time":0,"x":-925.31,"y":99.29,"curve":"stepped"},{"time":1.8,"x":-925.31,"y":99.29}],"scale":[{"time":0,"x":2.7,"y":2.7,"curve":"stepped"},{"time":1.8,"x":2.7,"y":2.7}]},"S1_fire2_3":{"rotate":[{"time":0,"angle":44.33,"curve":"stepped"},{"time":1.9,"angle":44.33}],"translate":[{"time":0,"x":-955.58,"y":-29.08,"curve":"stepped"},{"time":1.9,"x":-955.58,"y":-29.08}],"scale":[{"time":0,"x":1.2,"y":1.2,"curve":"stepped"},{"time":1.9,"x":1.2,"y":1.2}]},"S2_fire1":{"translate":[{"time":0,"x":-1005.73,"y":190.7,"curve":"stepped"},{"time":1.8,"x":-1005.73,"y":190.7}],"scale":[{"time":0,"x":2.2,"y":2.2,"curve":"stepped"},{"time":1.8,"x":2.2,"y":2.2}]},"wave1_1":{"translate":[{"time":0,"x":-1458.25,"y":110.77,"curve":"stepped"},{"time":1.9666,"x":-1458.25,"y":110.77}],"scale":[{"time":0,"x":1.5,"y":1.5,"curve":"stepped"},{"time":1.9666,"x":1.5,"y":1.5,"curve":"stepped"},{"time":2.0666,"x":1.5,"y":1.5},{"time":2.2666,"x":2.5,"y":2.5,"curve":"stepped"},{"time":2.4333,"x":1.5,"y":1.5,"curve":"stepped"},{"time":2.5333,"x":1.5,"y":1.5},{"time":2.7333,"x":2.5,"y":2.5}]},"wave1_2":{"translate":[{"time":0,"x":-1458.25,"y":188.19,"curve":"stepped"},{"time":2.2,"x":-1458.25,"y":188.19}],"scale":[{"time":0,"x":2.166,"y":2.166},{"time":2.2,"x":1.5,"y":1.5,"curve":"stepped"},{"time":2.3,"x":1.5,"y":1.5},{"time":2.5,"x":2.5,"y":2.5}]},"rock1":{"translate":[{"time":0,"x":-1150.46,"y":220.31},{"time":1.8,"x":-1150.46,"y":201.97,"curve":"stepped"},{"time":2,"x":-1150.46,"y":201.97},{"time":2.1,"x":-1150.46,"y":220.31}],"scale":[{"time":0,"x":1.7,"y":1.7},{"time":1.8,"x":0.7,"y":0.7},{"time":1.9666,"x":1.7,"y":1.7}]},"MAIN":{"translate":[{"time":0,"x":0,"y":-64.79,"curve":"stepped"},{"time":1.7333,"x":0,"y":-64.79}]}},"events":[{"time":1.7333,"name":"Sound2"}]},"1-skill2":{},"2-attack1":{"slots":{"S1_fire1_1":{"attachment":[{"time":0,"name":null},{"time":0.8333,"name":"EF/750_S1_fire1/750_S1_fire1_00001"},{"time":0.8666,"name":"EF/750_S1_fire1/750_S1_fire1_00004"},{"time":0.9,"name":"EF/750_S1_fire1/750_S1_fire1_00005"},{"time":0.9333,"name":"EF/750_S1_fire1/750_S1_fire1_00007"},{"time":0.9666,"name":"EF/750_S1_fire1/750_S1_fire1_00009"},{"time":1,"name":"EF/750_S1_fire1/750_S1_fire1_00010"},{"time":1.0333,"name":"EF/750_S1_fire1/750_S1_fire1_00011"},{"time":1.0666,"name":"EF/750_S1_fire1/750_S1_fire1_00012"},{"time":1.1,"name":"EF/750_S1_fire1/750_S1_fire1_00013"},{"time":1.1333,"name":null}]},"S1_fire2_2":{"attachment":[{"time":0,"name":null},{"time":0.9,"name":"EF/750_S1_fire2/750_S1_fire2_00000"},{"time":0.9666,"name":"EF/750_S1_fire2/750_S1_fire2_00002"},{"time":1.0333,"name":"EF/750_S1_fire2/750_S1_fire2_00004"},{"time":1.1,"name":"EF/750_S1_fire2/750_S1_fire2_00006"},{"time":1.1333,"name":"EF/750_S1_fire2/750_S1_fire2_00008"}],"color":[{"time":1.1333,"color":"ffffffff"},{"time":1.2,"color":"ffffff00"}]}},"bones":{"S1_fire1_1":{"rotate":[{"time":0,"angle":-0.02,"curve":"stepped"},{"time":0.9333,"angle":-0.02}],"translate":[{"time":0,"x":-972.71,"y":-23.04,"curve":"stepped"},{"time":0.8333,"x":-972.71,"y":-23.04}],"scale":[{"time":0,"x":2,"y":2,"curve":"stepped"},{"time":0.8333,"x":2,"y":2}]},"S1_fire2_2":{"rotate":[{"time":0,"angle":-0.02,"curve":"stepped"},{"time":0.9,"angle":-0.02}],"translate":[{"time":0,"x":-972.21,"y":-45.79,"curve":"stepped"},{"time":0.9,"x":-972.21,"y":-45.79}],"scale":[{"time":0,"x":1.7,"y":1.7,"curve":"stepped"},{"time":0.9,"x":1.7,"y":1.7}]}},"events":[{"time":0.8333,"name":"Sound2"}]},"2-skill1":{"slots":{"S1_fire1_1":{"attachment":[{"time":0,"name":null},{"time":1.7333,"name":"EF/750_S1_fire1/750_S1_fire1_00001"},{"time":1.7666,"name":"EF/750_S1_fire1/750_S1_fire1_00004"},{"time":1.8,"name":"EF/750_S1_fire1/750_S1_fire1_00007"},{"time":1.8333,"name":"EF/750_S1_fire1/750_S1_fire1_00009"},{"time":1.9,"name":"EF/750_S1_fire1/750_S1_fire1_00004"},{"time":1.9666,"name":"EF/750_S1_fire1/750_S1_fire1_00005"},{"time":2.0333,"name":"EF/750_S1_fire1/750_S1_fire1_00007"},{"time":2.1,"name":"EF/750_S1_fire1/750_S1_fire1_00009"},{"time":2.1666,"name":"EF/750_S1_fire1/750_S1_fire1_00010"},{"time":2.2333,"name":"EF/750_S1_fire1/750_S1_fire1_00011"},{"time":2.3,"name":"EF/750_S1_fire1/750_S1_fire1_00012"},{"time":2.3666,"name":"EF/750_S1_fire1/750_S1_fire1_00013"},{"time":2.4333,"name":null}]},"S1_fire1_2":{"attachment":[{"time":0,"name":null},{"time":1.8,"name":"EF/750_S1_fire1/750_S1_fire1_00004"},{"time":1.8666,"name":"EF/750_S1_fire1/750_S1_fire1_00005"},{"time":1.9333,"name":"EF/750_S1_fire1/750_S1_fire1_00007"},{"time":2,"name":"EF/750_S1_fire1/750_S1_fire1_00009"},{"time":2.0666,"name":"EF/750_S1_fire1/750_S1_fire1_00010"},{"time":2.1333,"name":"EF/750_S1_fire1/750_S1_fire1_00011"},{"time":2.2,"name":"EF/750_S1_fire1/750_S1_fire1_00012"},{"time":2.2666,"name":"EF/750_S1_fire1/750_S1_fire1_00013"},{"time":2.3333,"name":null}]},"S1_fire2_2":{"attachment":[{"time":0,"name":null},{"time":1.8,"name":"EF/750_S1_fire2/750_S1_fire2_00000"},{"time":1.8666,"name":"EF/750_S1_fire2/750_S1_fire2_00002"},{"time":1.9333,"name":"EF/750_S1_fire2/750_S1_fire2_00004"},{"time":2,"name":"EF/750_S1_fire2/750_S1_fire2_00006"},{"time":2.0666,"name":"EF/750_S1_fire2/750_S1_fire2_00008"},{"time":2.1333,"name":"EF/750_S1_fire2/750_S1_fire2_00000"},{"time":2.2,"name":"EF/750_S1_fire2/750_S1_fire2_00002"},{"time":2.2666,"name":"EF/750_S1_fire2/750_S1_fire2_00004"},{"time":2.3333,"name":"EF/750_S1_fire2/750_S1_fire2_00006"},{"time":2.4,"name":"EF/750_S1_fire2/750_S1_fire2_00008"},{"time":2.4666,"name":null}]},"S1_fire2_3":{"attachment":[{"time":0,"name":null},{"time":1.9,"name":"EF/750_S1_fire2/750_S1_fire2_00000"},{"time":1.9666,"name":"EF/750_S1_fire2/750_S1_fire2_00002"},{"time":2.0333,"name":"EF/750_S1_fire2/750_S1_fire2_00004"},{"time":2.1,"name":"EF/750_S1_fire2/750_S1_fire2_00006"},{"time":2.1666,"name":"EF/750_S1_fire2/750_S1_fire2_00008"},{"time":2.2333,"name":null}]},"S2_fire1":{"attachment":[{"time":0,"name":null},{"time":1.8,"name":"EF/200_S2_fire1_DOT/200_S2_fire1_00054"},{"time":1.8333,"name":"EF/200_S2_fire1_DOT/200_S2_fire1_00055"},{"time":1.8666,"name":"EF/200_S2_fire1_DOT/200_S2_fire1_00056"},{"time":1.9,"name":"EF/200_S2_fire1_DOT/200_S2_fire1_00057"},{"time":1.9333,"name":"EF/200_S2_fire1_DOT/200_S2_fire1_00058"},{"time":1.9666,"name":"EF/200_S2_fire1_DOT/200_S2_fire1_00059"},{"time":2,"name":"EF/200_S2_fire1_DOT/200_S2_fire1_00060"},{"time":2.0333,"name":"EF/200_S2_fire1_DOT/200_S2_fire1_00061"},{"time":2.0666,"name":"EF/200_S2_fire1_DOT/200_S2_fire1_00062"},{"time":2.1,"name":"EF/200_S2_fire1_DOT/200_S2_fire1_00063"},{"time":2.1333,"name":"EF/200_S2_fire1_DOT/200_S2_fire1_00064"},{"time":2.1666,"name":"EF/200_S2_fire1_DOT/200_S2_fire1_00065"},{"time":2.2,"name":"EF/200_S2_fire1_DOT/200_S2_fire1_00066"},{"time":2.2333,"name":"EF/200_S2_fire1_DOT/200_S2_fire1_00067"},{"time":2.2666,"name":"EF/200_S2_fire1_DOT/200_S2_fire1_00068"},{"time":2.3,"name":"EF/200_S2_fire1_DOT/200_S2_fire1_00069"},{"time":2.3333,"name":"EF/200_S2_fire1_DOT/200_S2_fire1_00070"},{"time":2.3666,"name":"EF/200_S2_fire1_DOT/200_S2_fire1_00071"},{"time":2.4,"name":"EF/200_S2_fire1_DOT/200_S2_fire1_00072"},{"time":2.4333,"name":"EF/200_S2_fire1_DOT/200_S2_fire1_00073"},{"time":2.4666,"name":"EF/200_S2_fire1_DOT/200_S2_fire1_00074"},{"time":2.5,"name":"EF/200_S2_fire1_DOT/200_S2_fire1_00075"},{"time":2.5333,"name":"EF/200_S2_fire1_DOT/200_S2_fire1_00076"},{"time":2.5666,"name":"EF/200_S2_fire1_DOT/200_S2_fire1_00077"},{"time":2.6,"name":"EF/200_S2_fire1_DOT/200_S2_fire1_00078"},{"time":2.6333,"name":null}]},"rock1":{"attachment":[{"time":0,"name":null},{"time":1.8,"name":"EF/9070_rock1/9070_rock1_00038"},{"time":1.8666,"name":"EF/9070_rock1/9070_rock1_00040"},{"time":1.9,"name":"EF/9070_rock1/9070_rock1_00041"},{"time":1.9333,"name":"EF/9070_rock1/9070_rock1_00043"},{"time":2,"name":"EF/9070_rock1/9070_rock1_00045"}],"color":[{"time":1.9333,"color":"ffffffff"},{"time":2.1,"color":"ffffff00"}]},"wave1_1":{"attachment":[{"time":0,"name":null},{"time":1.9666,"name":"EF/9070_wave1/9070_wave1_00044"},{"time":2,"name":"EF/9070_wave1/9070_wave1_00045"},{"time":2.0333,"name":"EF/9070_wave1/9070_wave1_00046"},{"time":2.0666,"name":"EF/9070_wave1/9070_wave1_00047"},{"time":2.1666,"name":"EF/9070_wave1/9070_wave1_00048"},{"time":2.2666,"name":null},{"time":2.4333,"name":"EF/9070_wave1/9070_wave1_00044"},{"time":2.4666,"name":"EF/9070_wave1/9070_wave1_00045"},{"time":2.5,"name":"EF/9070_wave1/9070_wave1_00046"},{"time":2.5333,"name":"EF/9070_wave1/9070_wave1_00047"},{"time":2.6333,"name":"EF/9070_wave1/9070_wave1_00048"},{"time":2.7333,"name":null}],"color":[{"time":2.0666,"color":"ffffffff"},{"time":2.2666,"color":"ffffff00","curve":"stepped"},{"time":2.4333,"color":"ffffffff","curve":"stepped"},{"time":2.5333,"color":"ffffffff"},{"time":2.7333,"color":"ffffff00"}]},"wave1_2":{"attachment":[{"time":0,"name":null},{"time":2.2,"name":"EF/9070_wave1/9070_wave1_00044"},{"time":2.2333,"name":"EF/9070_wave1/9070_wave1_00045"},{"time":2.2666,"name":"EF/9070_wave1/9070_wave1_00046"},{"time":2.3,"name":"EF/9070_wave1/9070_wave1_00047"},{"time":2.4,"name":"EF/9070_wave1/9070_wave1_00048"},{"time":2.5,"name":null}],"color":[{"time":2.3,"color":"ffffffff"},{"time":2.5,"color":"ffffff00"}]}},"bones":{"S1_fire1_1":{"rotate":[{"time":1.7333,"angle":46.1}],"translate":[{"time":1.7333,"x":-925.31,"y":164.97}],"scale":[{"time":1.7333,"x":3,"y":3.5}]},"S1_fire2_2":{"rotate":[{"time":1.8,"angle":44.32}],"translate":[{"time":1.8,"x":-955.58,"y":-5.96}],"scale":[{"time":1.8,"x":2,"y":2}]},"S1_fire1_2":{"rotate":[{"time":1.8,"angle":46.1}],"translate":[{"time":1.8,"x":-925.31,"y":99.29}],"scale":[{"time":1.8,"x":3.5,"y":3.5}]},"S1_fire2_3":{"rotate":[{"time":1.9,"angle":44.33}],"translate":[{"time":1.9,"x":-955.58,"y":-29.08}],"scale":[{"time":1.9,"x":2,"y":2}]},"S2_fire1":{"translate":[{"time":1.8,"x":-1005.73,"y":190.7}],"scale":[{"time":1.8,"x":3,"y":3}]},"wave1_1":{"translate":[{"time":1.9666,"x":-1458.25,"y":110.77}],"scale":[{"time":1.9666,"x":2.5,"y":2.5,"curve":"stepped"},{"time":2.0666,"x":2.5,"y":2.5},{"time":2.2666,"x":3.5,"y":3.5,"curve":"stepped"},{"time":2.4333,"x":2.5,"y":2.5,"curve":"stepped"},{"time":2.5333,"x":2.5,"y":2.5},{"time":2.7333,"x":3.5,"y":3.5}]},"wave1_2":{"translate":[{"time":2.2,"x":-1458.25,"y":188.19}],"scale":[{"time":2.2,"x":2.5,"y":2.5,"curve":"stepped"},{"time":2.3,"x":2.5,"y":2.5},{"time":2.5,"x":3.5,"y":3.5}]},"rock1":{"translate":[{"time":1.8,"x":-1150.46,"y":201.97,"curve":"stepped"},{"time":2,"x":-1150.46,"y":201.97},{"time":2.1,"x":-1150.46,"y":220.31}],"scale":[{"time":1.8,"x":1.5,"y":1.5},{"time":1.9666,"x":2.5,"y":2.5}]},"MAIN":{"translate":[{"time":1.7333,"x":0,"y":-64.79}]}},"events":[{"time":1.7333,"name":"Sound2"},{"time":1.8333,"name":"Sound1"}]},"2-skill2":{"events":[{"time":1.1333,"name":"Sound1"}]},"Meteor1":{"slots":{"DAMAGEAREA":{"attachment":[{"time":0.1,"name":"DAMAGEAREA"},{"time":0.2666,"name":null}]},"ex1":{"attachment":[{"time":0.1,"name":"EF/9070_ex1/9070_ex1_00038"},{"time":0.1333,"name":"EF/9070_ex1/9070_ex1_00039"},{"time":0.1666,"name":"EF/9070_ex1/9070_ex1_00041"},{"time":0.2,"name":"EF/9070_ex1/9070_ex1_00042"},{"time":0.2333,"name":"EF/9070_ex1/9070_ex1_00043"},{"time":0.2666,"name":"EF/9070_ex1/9070_ex1_00044"},{"time":0.3,"name":"EF/9070_ex1/9070_ex1_00045"},{"time":0.3333,"name":"EF/9070_ex1/9070_ex1_00046"},{"time":0.3666,"name":"EF/9070_ex1/9070_ex1_00047"},{"time":0.4,"name":null}]},"rock2_1":{"attachment":[{"time":0,"name":null},{"time":0.0333,"name":"EF/9070_rock2/9070_rock2_00042"},{"time":0.0666,"name":"EF/9070_rock2/9070_rock2_00044"},{"time":0.1,"name":"EF/9070_rock2/9070_rock2_00046"},{"time":0.1333,"name":"EF/9070_rock2/9070_rock2_00048"},{"time":0.1666,"name":"EF/9070_rock2/9070_rock2_00040"},{"time":0.2,"name":"EF/9070_rock2/9070_rock2_00042"},{"time":0.2333,"name":null}]},"rock2_2":{"attachment":[{"time":0,"name":null},{"time":0.0666,"name":"EF/9070_rock2/9070_rock2_00044"},{"time":0.1333,"name":"EF/9070_rock2/9070_rock2_00042"},{"time":0.2,"name":"EF/9070_rock2/9070_rock2_00040"},{"time":0.2333,"name":null}]},"shot1":{"attachment":[{"time":0,"name":null},{"time":0.0333,"name":"EF/9070_shot1/9070_shot1_00040"},{"time":0.0666,"name":"EF/9070_shot1/9070_shot1_00041"},{"time":0.1,"name":"EF/9070_shot1/9070_shot1_00043"},{"time":0.1333,"name":"EF/9070_shot1/9070_shot1_00044"},{"time":0.1666,"name":"EF/9070_shot1/9070_shot1_00046"},{"time":0.2,"name":"EF/9070_shot1/9070_shot1_00048"},{"time":0.2333,"name":"EF/9070_shot1/9070_shot1_00050"},{"time":0.2666,"name":null}]},"wave1_1":{"attachment":[{"time":0,"name":"EF/9070_wave1/9070_wave1_00048"},{"time":0.1,"name":"EF/9070_wave1/9070_wave1_00044"},{"time":0.1333,"name":"EF/9070_wave1/9070_wave1_00045"},{"time":0.1666,"name":"EF/9070_wave1/9070_wave1_00046"},{"time":0.2,"name":"EF/9070_wave1/9070_wave1_00047"},{"time":0.2333,"name":"EF/9070_wave1/9070_wave1_00048"}],"color":[{"time":0,"color":"ffffff00"},{"time":0.2333,"color":"ffffffff"},{"time":0.3,"color":"ffffff00"}]}},"bones":{"rock2_2":{"rotate":[{"time":0,"angle":26.02,"curve":"stepped"},{"time":0.3,"angle":26.02}],"translate":[{"time":0.0333,"x":-908.2,"y":486.51},{"time":0.1,"x":-1155.05,"y":101.49}],"scale":[{"time":0,"x":0.7,"y":0.601,"curve":"stepped"},{"time":0.1,"x":0.7,"y":0.601}]},"wave1_1":{"translate":[{"time":0,"x":-1468.59,"y":102,"curve":"stepped"},{"time":0.1,"x":-1468.59,"y":102}],"scale":[{"time":0,"x":3.186,"y":3.186},{"time":0.1,"x":1.574,"y":1.574},{"time":0.2333,"x":2.634,"y":2.634},{"time":0.3,"x":3.186,"y":3.186}]},"shot1":{"rotate":[{"time":0,"angle":-121.42}],"translate":[{"time":0,"x":-749.68,"y":935.33},{"time":0.1,"x":-958.2,"y":594.03}],"scale":[{"time":0,"x":3,"y":3.3}]},"rock2_1":{"rotate":[{"time":0,"angle":51.24,"curve":"stepped"},{"time":0.2333,"angle":51.24}],"translate":[{"time":0.0333,"x":-872.42,"y":469.08},{"time":0.1,"x":-1119.26,"y":84.05}],"scale":[{"time":0,"x":1.5,"y":1.5}]},"ex1":{"rotate":[{"time":0,"angle":0,"curve":"stepped"},{"time":0.1,"angle":0}],"translate":[{"time":0,"x":-1017.4,"y":40.37,"curve":"stepped"},{"time":0.1,"x":-1017.4,"y":40.37}],"scale":[{"time":0,"x":3.342,"y":3.342,"curve":"stepped"},{"time":0.1,"x":3.342,"y":3.342}]},"DAMAGEAREA":{"translate":[{"time":0.1,"x":10.4,"y":36.48}],"scale":[{"time":0.1,"x":1.423,"y":0.504}]},"MAIN":{"translate":[{"time":0,"x":353.5,"y":-58.84}]}},"events":[{"time":0,"name":"EFEvent","string":"setPosition_Target"},{"time":0,"name":"Sound1","string":"cri_se_battle_skill_shot"},{"time":0.0333,"name":"EFEvent","string":"kImpactType_down"},{"time":0.0666,"name":"EFEvent","float":0.2,"string":"kHitStopType_normal"},{"time":0.1,"name":"EFEvent","string":"shakeGround"},{"time":0.1,"name":"Sound1","string":"cri_se_battle_explosion_short"}]},"Meteor2":{"slots":{"DAMAGEAREA":{"attachment":[{"time":0.1,"name":"DAMAGEAREA"},{"time":0.2666,"name":null}]},"ex1":{"attachment":[{"time":0.1,"name":"EF/9070_ex1/9070_ex1_00038"},{"time":0.1333,"name":"EF/9070_ex1/9070_ex1_00039"},{"time":0.1666,"name":"EF/9070_ex1/9070_ex1_00041"},{"time":0.2,"name":"EF/9070_ex1/9070_ex1_00042"},{"time":0.2333,"name":"EF/9070_ex1/9070_ex1_00043"},{"time":0.2666,"name":"EF/9070_ex1/9070_ex1_00044"},{"time":0.3,"name":"EF/9070_ex1/9070_ex1_00045"},{"time":0.3333,"name":"EF/9070_ex1/9070_ex1_00046"},{"time":0.3666,"name":"EF/9070_ex1/9070_ex1_00047"},{"time":0.4,"name":null}]},"rock2_1":{"attachment":[{"time":0,"name":null},{"time":0.0333,"name":"EF/9070_rock2/9070_rock2_00042"},{"time":0.0666,"name":"EF/9070_rock2/9070_rock2_00044"},{"time":0.1,"name":"EF/9070_rock2/9070_rock2_00046"},{"time":0.1333,"name":"EF/9070_rock2/9070_rock2_00048"},{"time":0.1666,"name":"EF/9070_rock2/9070_rock2_00040"},{"time":0.2,"name":"EF/9070_rock2/9070_rock2_00042"},{"time":0.2333,"name":null}]},"rock2_2":{"attachment":[{"time":0,"name":null},{"time":0.0666,"name":"EF/9070_rock2/9070_rock2_00044"},{"time":0.1333,"name":"EF/9070_rock2/9070_rock2_00042"},{"time":0.2,"name":"EF/9070_rock2/9070_rock2_00040"},{"time":0.2333,"name":null}]},"shot1":{"attachment":[{"time":0,"name":null},{"time":0.0333,"name":"EF/9070_shot1/9070_shot1_00040"},{"time":0.0666,"name":"EF/9070_shot1/9070_shot1_00041"},{"time":0.1,"name":"EF/9070_shot1/9070_shot1_00043"},{"time":0.1333,"name":"EF/9070_shot1/9070_shot1_00044"},{"time":0.1666,"name":"EF/9070_shot1/9070_shot1_00046"},{"time":0.2,"name":"EF/9070_shot1/9070_shot1_00048"},{"time":0.2333,"name":"EF/9070_shot1/9070_shot1_00050"},{"time":0.2666,"name":null}]},"wave1_1":{"attachment":[{"time":0,"name":"EF/9070_wave1/9070_wave1_00048"},{"time":0.1,"name":"EF/9070_wave1/9070_wave1_00044"},{"time":0.1333,"name":"EF/9070_wave1/9070_wave1_00045"},{"time":0.1666,"name":"EF/9070_wave1/9070_wave1_00046"},{"time":0.2,"name":"EF/9070_wave1/9070_wave1_00047"},{"time":0.2333,"name":"EF/9070_wave1/9070_wave1_00048"}],"color":[{"time":0,"color":"ffffff00"},{"time":0.2333,"color":"ffffffff"},{"time":0.3,"color":"ffffff00"}]}},"bones":{"rock2_2":{"rotate":[{"time":0,"angle":26.02,"curve":"stepped"},{"time":0.3,"angle":26.02}],"translate":[{"time":0.0333,"x":-920.73,"y":489.18},{"time":0.1,"x":-1155.05,"y":101.49}],"scale":[{"time":0,"x":0.7,"y":0.601,"curve":"stepped"},{"time":0.1,"x":0.7,"y":0.601}]},"wave1_1":{"translate":[{"time":0,"x":-1468.59,"y":102,"curve":"stepped"},{"time":0.1,"x":-1468.59,"y":102}],"scale":[{"time":0,"x":3.186,"y":3.186},{"time":0.1,"x":1.574,"y":1.574},{"time":0.2333,"x":2.634,"y":2.634},{"time":0.3,"x":3.186,"y":3.186}]},"shot1":{"rotate":[{"time":0,"angle":-121.42}],"translate":[{"time":0,"x":-756.83,"y":935.36},{"time":0.1,"x":-965.34,"y":594.04}],"scale":[{"time":0,"x":3,"y":3.3}]},"rock2_1":{"rotate":[{"time":0,"angle":51.24,"curve":"stepped"},{"time":0.2333,"angle":51.24}],"translate":[{"time":0.0333,"x":-884.94,"y":471.75},{"time":0.1,"x":-1119.26,"y":84.05}],"scale":[{"time":0,"x":1.5,"y":1.5}]},"ex1":{"rotate":[{"time":0,"angle":0,"curve":"stepped"},{"time":0.1,"angle":0}],"translate":[{"time":0,"x":-1017.4,"y":40.37,"curve":"stepped"},{"time":0.1,"x":-1017.4,"y":40.37}],"scale":[{"time":0,"x":3.342,"y":3.342,"curve":"stepped"},{"time":0.1,"x":3.342,"y":3.342}]},"DAMAGEAREA":{"translate":[{"time":0.1,"x":10.4,"y":36.48}],"scale":[{"time":0.1,"x":1.423,"y":0.504}]},"MAIN":{"translate":[{"time":0,"x":243.5,"y":-38.84}]}},"events":[{"time":0,"name":"EFEvent","string":"setPosition_Target"},{"time":0,"name":"Sound1","string":"cri_se_battle_skill_shot"},{"time":0.0333,"name":"EFEvent","string":"kImpactType_down"},{"time":0.0666,"name":"EFEvent","float":0.2,"string":"kHitStopType_normal"},{"time":0.1,"name":"EFEvent","string":"shakeGround"},{"time":0.1,"name":"Sound1","string":"cri_se_battle_explosion_short"}]},"Meteor3":{"slots":{"DAMAGEAREA":{"attachment":[{"time":0.1,"name":"DAMAGEAREA"},{"time":0.2666,"name":null}]},"ex1":{"attachment":[{"time":0.1,"name":"EF/9070_ex1/9070_ex1_00038"},{"time":0.1333,"name":"EF/9070_ex1/9070_ex1_00039"},{"time":0.1666,"name":"EF/9070_ex1/9070_ex1_00041"},{"time":0.2,"name":"EF/9070_ex1/9070_ex1_00042"},{"time":0.2333,"name":"EF/9070_ex1/9070_ex1_00043"},{"time":0.2666,"name":"EF/9070_ex1/9070_ex1_00044"},{"time":0.3,"name":"EF/9070_ex1/9070_ex1_00045"},{"time":0.3333,"name":"EF/9070_ex1/9070_ex1_00046"},{"time":0.3666,"name":"EF/9070_ex1/9070_ex1_00047"},{"time":0.4,"name":null}]},"rock2_1":{"attachment":[{"time":0,"name":null},{"time":0.0333,"name":"EF/9070_rock2/9070_rock2_00042"},{"time":0.0666,"name":"EF/9070_rock2/9070_rock2_00044"},{"time":0.1,"name":"EF/9070_rock2/9070_rock2_00046"},{"time":0.1333,"name":"EF/9070_rock2/9070_rock2_00048"},{"time":0.1666,"name":"EF/9070_rock2/9070_rock2_00040"},{"time":0.2,"name":"EF/9070_rock2/9070_rock2_00042"},{"time":0.2333,"name":null}]},"rock2_2":{"attachment":[{"time":0,"name":null},{"time":0.0666,"name":"EF/9070_rock2/9070_rock2_00044"},{"time":0.1333,"name":"EF/9070_rock2/9070_rock2_00042"},{"time":0.2,"name":"EF/9070_rock2/9070_rock2_00040"},{"time":0.2333,"name":null}]},"shot1":{"attachment":[{"time":0,"name":null},{"time":0.0333,"name":"EF/9070_shot1/9070_shot1_00040"},{"time":0.0666,"name":"EF/9070_shot1/9070_shot1_00041"},{"time":0.1,"name":"EF/9070_shot1/9070_shot1_00043"},{"time":0.1333,"name":"EF/9070_shot1/9070_shot1_00044"},{"time":0.1666,"name":"EF/9070_shot1/9070_shot1_00046"},{"time":0.2,"name":"EF/9070_shot1/9070_shot1_00048"},{"time":0.2333,"name":"EF/9070_shot1/9070_shot1_00050"},{"time":0.2666,"name":null}]},"wave1_1":{"attachment":[{"time":0,"name":"EF/9070_wave1/9070_wave1_00048"},{"time":0.1,"name":"EF/9070_wave1/9070_wave1_00044"},{"time":0.1333,"name":"EF/9070_wave1/9070_wave1_00045"},{"time":0.1666,"name":"EF/9070_wave1/9070_wave1_00046"},{"time":0.2,"name":"EF/9070_wave1/9070_wave1_00047"},{"time":0.2333,"name":"EF/9070_wave1/9070_wave1_00048"}],"color":[{"time":0,"color":"ffffff00"},{"time":0.2333,"color":"ffffffff"},{"time":0.3,"color":"ffffff00"}]}},"bones":{"rock2_2":{"rotate":[{"time":0,"angle":26.02,"curve":"stepped"},{"time":0.3,"angle":26.02}],"translate":[{"time":0.0333,"x":-920.86,"y":490.14},{"time":0.1,"x":-1155.05,"y":101.49}],"scale":[{"time":0,"x":0.7,"y":0.601,"curve":"stepped"},{"time":0.1,"x":0.7,"y":0.601}]},"wave1_1":{"translate":[{"time":0,"x":-1468.59,"y":102,"curve":"stepped"},{"time":0.1,"x":-1468.59,"y":102}],"scale":[{"time":0,"x":3.186,"y":3.186},{"time":0.1,"x":1.574,"y":1.574},{"time":0.2333,"x":2.634,"y":2.634},{"time":0.3,"x":3.186,"y":3.186}]},"shot1":{"rotate":[{"time":0,"angle":-121.42}],"translate":[{"time":0,"x":-758.56,"y":935.48},{"time":0.1,"x":-967.1,"y":594.15}],"scale":[{"time":0,"x":3,"y":3.3}]},"rock2_1":{"rotate":[{"time":0,"angle":51.24,"curve":"stepped"},{"time":0.2333,"angle":51.24}],"translate":[{"time":0.0333,"x":-885.07,"y":472.71},{"time":0.1,"x":-1119.26,"y":84.05}],"scale":[{"time":0,"x":1.5,"y":1.5}]},"ex1":{"rotate":[{"time":0,"angle":0,"curve":"stepped"},{"time":0.1,"angle":0}],"translate":[{"time":0,"x":-1017.4,"y":40.37,"curve":"stepped"},{"time":0.1,"x":-1017.4,"y":40.37}],"scale":[{"time":0,"x":3.342,"y":3.342,"curve":"stepped"},{"time":0.1,"x":3.342,"y":3.342}]},"DAMAGEAREA":{"translate":[{"time":0.1,"x":10.4,"y":36.48}],"scale":[{"time":0.1,"x":1.423,"y":0.504}]},"MAIN":{"translate":[{"time":0,"x":343.5,"y":28.84}]}},"events":[{"time":0,"name":"EFEvent","string":"setPosition_Target"},{"time":0,"name":"Sound1","string":"cri_se_battle_skill_shot"},{"time":0.0666,"name":"EFEvent","float":0.2,"string":"kHitStopType_normal"},{"time":0.1,"name":"EFEvent","string":"shakeGround"},{"time":0.1,"name":"Sound1","string":"cri_se_battle_explosion_short"}]},"Meteor4":{"slots":{"DAMAGEAREA":{"attachment":[{"time":0.1,"name":"DAMAGEAREA"},{"time":0.2666,"name":null}]},"ex1":{"attachment":[{"time":0.1,"name":"EF/9070_ex1/9070_ex1_00038"},{"time":0.1333,"name":"EF/9070_ex1/9070_ex1_00039"},{"time":0.1666,"name":"EF/9070_ex1/9070_ex1_00041"},{"time":0.2,"name":"EF/9070_ex1/9070_ex1_00042"},{"time":0.2333,"name":"EF/9070_ex1/9070_ex1_00043"},{"time":0.2666,"name":"EF/9070_ex1/9070_ex1_00044"},{"time":0.3,"name":"EF/9070_ex1/9070_ex1_00045"},{"time":0.3333,"name":"EF/9070_ex1/9070_ex1_00046"},{"time":0.3666,"name":"EF/9070_ex1/9070_ex1_00047"},{"time":0.4,"name":null}]},"rock2_1":{"attachment":[{"time":0,"name":null},{"time":0.0333,"name":"EF/9070_rock2/9070_rock2_00042"},{"time":0.0666,"name":"EF/9070_rock2/9070_rock2_00044"},{"time":0.1,"name":"EF/9070_rock2/9070_rock2_00046"},{"time":0.1333,"name":"EF/9070_rock2/9070_rock2_00048"},{"time":0.1666,"name":"EF/9070_rock2/9070_rock2_00040"},{"time":0.2,"name":"EF/9070_rock2/9070_rock2_00042"},{"time":0.2333,"name":null}]},"rock2_2":{"attachment":[{"time":0,"name":null},{"time":0.0666,"name":"EF/9070_rock2/9070_rock2_00044"},{"time":0.1333,"name":"EF/9070_rock2/9070_rock2_00042"},{"time":0.2,"name":"EF/9070_rock2/9070_rock2_00040"},{"time":0.2333,"name":null}]},"shot1":{"attachment":[{"time":0,"name":null},{"time":0.0333,"name":"EF/9070_shot1/9070_shot1_00040"},{"time":0.0666,"name":"EF/9070_shot1/9070_shot1_00041"},{"time":0.1,"name":"EF/9070_shot1/9070_shot1_00043"},{"time":0.1333,"name":"EF/9070_shot1/9070_shot1_00044"},{"time":0.1666,"name":"EF/9070_shot1/9070_shot1_00046"},{"time":0.2,"name":"EF/9070_shot1/9070_shot1_00048"},{"time":0.2333,"name":"EF/9070_shot1/9070_shot1_00050"},{"time":0.2666,"name":null}]},"wave1_1":{"attachment":[{"time":0,"name":"EF/9070_wave1/9070_wave1_00048"},{"time":0.1,"name":"EF/9070_wave1/9070_wave1_00044"},{"time":0.1333,"name":"EF/9070_wave1/9070_wave1_00045"},{"time":0.1666,"name":"EF/9070_wave1/9070_wave1_00046"},{"time":0.2,"name":"EF/9070_wave1/9070_wave1_00047"},{"time":0.2333,"name":"EF/9070_wave1/9070_wave1_00048"}],"color":[{"time":0,"color":"ffffff00"},{"time":0.2333,"color":"ffffffff"},{"time":0.3,"color":"ffffff00"}]}},"bones":{"rock2_2":{"rotate":[{"time":0,"angle":26.02,"curve":"stepped"},{"time":0.3,"angle":26.02}],"translate":[{"time":0.0333,"x":-929.18,"y":491.01},{"time":0.1,"x":-1155.05,"y":101.49}],"scale":[{"time":0,"x":0.7,"y":0.601,"curve":"stepped"},{"time":0.1,"x":0.7,"y":0.601}]},"wave1_1":{"translate":[{"time":0,"x":-1468.59,"y":102,"curve":"stepped"},{"time":0.1,"x":-1468.59,"y":102}],"scale":[{"time":0,"x":3.186,"y":3.186},{"time":0.1,"x":1.574,"y":1.574},{"time":0.2333,"x":2.634,"y":2.634},{"time":0.3,"x":3.186,"y":3.186}]},"shot1":{"rotate":[{"time":0,"angle":-121.42}],"translate":[{"time":0,"x":-766.18,"y":935.33},{"time":0.1,"x":-974.71,"y":594.03}],"scale":[{"time":0,"x":3,"y":3.3}]},"rock2_1":{"rotate":[{"time":0,"angle":51.24,"curve":"stepped"},{"time":0.2333,"angle":51.24}],"translate":[{"time":0.0333,"x":-893.39,"y":473.58},{"time":0.1,"x":-1119.26,"y":84.05}],"scale":[{"time":0,"x":1.5,"y":1.5}]},"ex1":{"rotate":[{"time":0,"angle":0,"curve":"stepped"},{"time":0.1,"angle":0}],"translate":[{"time":0,"x":-1017.4,"y":40.37,"curve":"stepped"},{"time":0.1,"x":-1017.4,"y":40.37}],"scale":[{"time":0,"x":3.342,"y":3.342,"curve":"stepped"},{"time":0.1,"x":3.342,"y":3.342}]},"DAMAGEAREA":{"translate":[{"time":0.1,"x":10.4,"y":36.48}],"scale":[{"time":0.1,"x":1.423,"y":0.504}]},"MAIN":{"translate":[{"time":0,"x":293.48,"y":-78.83}]}},"events":[{"time":0,"name":"EFEvent","string":"setPosition_Target"},{"time":0,"name":"Sound1","string":"cri_se_battle_skill_shot"},{"time":0.0333,"name":"EFEvent","string":"kImpactType_down"},{"time":0.0666,"name":"EFEvent","float":0.2,"string":"kHitStopType_normal"},{"time":0.1,"name":"EFEvent","string":"shakeGround"},{"time":0.1,"name":"Sound1","string":"cri_se_battle_explosion_short"}]},"Meteor5":{"slots":{"DAMAGEAREA":{"attachment":[{"time":0.1,"name":"DAMAGEAREA"},{"time":0.2666,"name":null}]},"ex1":{"attachment":[{"time":0.1,"name":"EF/9070_ex1/9070_ex1_00038"},{"time":0.1333,"name":"EF/9070_ex1/9070_ex1_00039"},{"time":0.1666,"name":"EF/9070_ex1/9070_ex1_00041"},{"time":0.2,"name":"EF/9070_ex1/9070_ex1_00042"},{"time":0.2333,"name":"EF/9070_ex1/9070_ex1_00043"},{"time":0.2666,"name":"EF/9070_ex1/9070_ex1_00044"},{"time":0.3,"name":"EF/9070_ex1/9070_ex1_00045"},{"time":0.3333,"name":"EF/9070_ex1/9070_ex1_00046"},{"time":0.3666,"name":"EF/9070_ex1/9070_ex1_00047"},{"time":0.4,"name":null}]},"rock2_1":{"attachment":[{"time":0,"name":null},{"time":0.0333,"name":"EF/9070_rock2/9070_rock2_00042"},{"time":0.0666,"name":"EF/9070_rock2/9070_rock2_00044"},{"time":0.1,"name":"EF/9070_rock2/9070_rock2_00046"},{"time":0.1333,"name":"EF/9070_rock2/9070_rock2_00048"},{"time":0.1666,"name":"EF/9070_rock2/9070_rock2_00040"},{"time":0.2,"name":"EF/9070_rock2/9070_rock2_00042"},{"time":0.2333,"name":null}]},"rock2_2":{"attachment":[{"time":0,"name":null},{"time":0.0666,"name":"EF/9070_rock2/9070_rock2_00044"},{"time":0.1333,"name":"EF/9070_rock2/9070_rock2_00042"},{"time":0.2,"name":"EF/9070_rock2/9070_rock2_00040"},{"time":0.2333,"name":null}]},"shot1":{"attachment":[{"time":0,"name":null},{"time":0.0333,"name":"EF/9070_shot1/9070_shot1_00040"},{"time":0.0666,"name":"EF/9070_shot1/9070_shot1_00041"},{"time":0.1,"name":"EF/9070_shot1/9070_shot1_00043"},{"time":0.1333,"name":"EF/9070_shot1/9070_shot1_00044"},{"time":0.1666,"name":"EF/9070_shot1/9070_shot1_00046"},{"time":0.2,"name":"EF/9070_shot1/9070_shot1_00048"},{"time":0.2333,"name":"EF/9070_shot1/9070_shot1_00050"},{"time":0.2666,"name":null}]},"wave1_1":{"attachment":[{"time":0,"name":"EF/9070_wave1/9070_wave1_00048"},{"time":0.1,"name":"EF/9070_wave1/9070_wave1_00044"},{"time":0.1333,"name":"EF/9070_wave1/9070_wave1_00045"},{"time":0.1666,"name":"EF/9070_wave1/9070_wave1_00046"},{"time":0.2,"name":"EF/9070_wave1/9070_wave1_00047"},{"time":0.2333,"name":"EF/9070_wave1/9070_wave1_00048"}],"color":[{"time":0,"color":"ffffff00"},{"time":0.2333,"color":"ffffffff"},{"time":0.3,"color":"ffffff00"}]}},"bones":{"rock2_2":{"rotate":[{"time":0,"angle":26.02,"curve":"stepped"},{"time":0.3,"angle":26.02}],"translate":[{"time":0.0333,"x":-932.45,"y":489.37},{"time":0.1,"x":-1155.05,"y":101.49}],"scale":[{"time":0,"x":0.7,"y":0.601,"curve":"stepped"},{"time":0.1,"x":0.7,"y":0.601}]},"wave1_1":{"translate":[{"time":0,"x":-1468.59,"y":102,"curve":"stepped"},{"time":0.1,"x":-1468.59,"y":102}],"scale":[{"time":0,"x":3.186,"y":3.186},{"time":0.1,"x":1.574,"y":1.574},{"time":0.2333,"x":2.634,"y":2.634},{"time":0.3,"x":3.186,"y":3.186}]},"shot1":{"rotate":[{"time":0,"angle":-121.42}],"translate":[{"time":0,"x":-767.16,"y":935.34},{"time":0.1,"x":-975.68,"y":594.05}],"scale":[{"time":0,"x":3,"y":3.3}]},"rock2_1":{"rotate":[{"time":0,"angle":51.24,"curve":"stepped"},{"time":0.2333,"angle":51.24}],"translate":[{"time":0.0333,"x":-896.66,"y":471.94},{"time":0.1,"x":-1119.26,"y":84.05}],"scale":[{"time":0,"x":1.5,"y":1.5}]},"ex1":{"rotate":[{"time":0,"angle":0,"curve":"stepped"},{"time":0.1,"angle":0}],"translate":[{"time":0,"x":-1017.4,"y":40.37,"curve":"stepped"},{"time":0.1,"x":-1017.4,"y":40.37}],"scale":[{"time":0,"x":3.342,"y":3.342,"curve":"stepped"},{"time":0.1,"x":3.342,"y":3.342}]},"DAMAGEAREA":{"translate":[{"time":0.1,"x":10.4,"y":36.48}],"scale":[{"time":0.1,"x":1.423,"y":0.504}]},"MAIN":{"translate":[{"time":0,"x":193.5,"y":28.84}]}},"events":[{"time":0,"name":"EFEvent","string":"setPosition_Target"},{"time":0,"name":"Sound1","string":"cri_se_battle_skill_shot"},{"time":0.0333,"name":"EFEvent","string":"kImpactType_down"},{"time":0.0666,"name":"EFEvent","float":0.2,"string":"kHitStopType_normal"},{"time":0.1,"name":"EFEvent","string":"shakeGround"},{"time":0.1,"name":"Sound1","string":"cri_se_battle_explosion_short"}]},"Meteor6":{"slots":{"DAMAGEAREA":{"attachment":[{"time":0.1,"name":"DAMAGEAREA"},{"time":0.2666,"name":null}]},"ex1":{"attachment":[{"time":0.1,"name":"EF/9070_ex1/9070_ex1_00038"},{"time":0.1333,"name":"EF/9070_ex1/9070_ex1_00039"},{"time":0.1666,"name":"EF/9070_ex1/9070_ex1_00041"},{"time":0.2,"name":"EF/9070_ex1/9070_ex1_00042"},{"time":0.2333,"name":"EF/9070_ex1/9070_ex1_00043"},{"time":0.2666,"name":"EF/9070_ex1/9070_ex1_00044"},{"time":0.3,"name":"EF/9070_ex1/9070_ex1_00045"},{"time":0.3333,"name":"EF/9070_ex1/9070_ex1_00046"},{"time":0.3666,"name":"EF/9070_ex1/9070_ex1_00047"},{"time":0.4,"name":null}]},"rock2_1":{"attachment":[{"time":0,"name":null},{"time":0.0333,"name":"EF/9070_rock2/9070_rock2_00042"},{"time":0.0666,"name":"EF/9070_rock2/9070_rock2_00044"},{"time":0.1,"name":"EF/9070_rock2/9070_rock2_00046"},{"time":0.1333,"name":"EF/9070_rock2/9070_rock2_00048"},{"time":0.1666,"name":"EF/9070_rock2/9070_rock2_00040"},{"time":0.2,"name":"EF/9070_rock2/9070_rock2_00042"},{"time":0.2333,"name":null}]},"rock2_2":{"attachment":[{"time":0,"name":null},{"time":0.0666,"name":"EF/9070_rock2/9070_rock2_00044"},{"time":0.1333,"name":"EF/9070_rock2/9070_rock2_00042"},{"time":0.2,"name":"EF/9070_rock2/9070_rock2_00040"},{"time":0.2333,"name":null}]},"shot1":{"attachment":[{"time":0,"name":null},{"time":0.0333,"name":"EF/9070_shot1/9070_shot1_00040"},{"time":0.0666,"name":"EF/9070_shot1/9070_shot1_00041"},{"time":0.1,"name":"EF/9070_shot1/9070_shot1_00043"},{"time":0.1333,"name":"EF/9070_shot1/9070_shot1_00044"},{"time":0.1666,"name":"EF/9070_shot1/9070_shot1_00046"},{"time":0.2,"name":"EF/9070_shot1/9070_shot1_00048"},{"time":0.2333,"name":"EF/9070_shot1/9070_shot1_00050"},{"time":0.2666,"name":null}]},"wave1_1":{"attachment":[{"time":0,"name":"EF/9070_wave1/9070_wave1_00048"},{"time":0.1,"name":"EF/9070_wave1/9070_wave1_00044"},{"time":0.1333,"name":"EF/9070_wave1/9070_wave1_00045"},{"time":0.1666,"name":"EF/9070_wave1/9070_wave1_00046"},{"time":0.2,"name":"EF/9070_wave1/9070_wave1_00047"},{"time":0.2333,"name":"EF/9070_wave1/9070_wave1_00048"}],"color":[{"time":0,"color":"ffffff00"},{"time":0.2333,"color":"ffffffff"},{"time":0.3,"color":"ffffff00"}]}},"bones":{"rock2_2":{"rotate":[{"time":0,"angle":26.02,"curve":"stepped"},{"time":0.3,"angle":26.02}],"translate":[{"time":0.0333,"x":-923.36,"y":486.6},{"time":0.1,"x":-1155.05,"y":101.49}],"scale":[{"time":0,"x":0.7,"y":0.601,"curve":"stepped"},{"time":0.1,"x":0.7,"y":0.601}]},"wave1_1":{"translate":[{"time":0,"x":-1468.59,"y":102,"curve":"stepped"},{"time":0.1,"x":-1468.59,"y":102}],"scale":[{"time":0,"x":3.186,"y":3.186},{"time":0.1,"x":1.574,"y":1.574},{"time":0.2333,"x":2.634,"y":2.634},{"time":0.3,"x":3.186,"y":3.186}]},"shot1":{"rotate":[{"time":0,"angle":-121.42}],"translate":[{"time":0,"x":-759.85,"y":935.33},{"time":0.1,"x":-968.4,"y":594}],"scale":[{"time":0,"x":3,"y":3.3}]},"rock2_1":{"rotate":[{"time":0,"angle":51.24,"curve":"stepped"},{"time":0.2333,"angle":51.24}],"translate":[{"time":0.0333,"x":-887.57,"y":469.17},{"time":0.1,"x":-1119.26,"y":84.05}],"scale":[{"time":0,"x":1.5,"y":1.5}]},"ex1":{"rotate":[{"time":0,"angle":0,"curve":"stepped"},{"time":0.1,"angle":0}],"translate":[{"time":0,"x":-1017.4,"y":40.37,"curve":"stepped"},{"time":0.1,"x":-1017.4,"y":40.37}],"scale":[{"time":0,"x":3.342,"y":3.342,"curve":"stepped"},{"time":0.1,"x":3.342,"y":3.342}]},"DAMAGEAREA":{"translate":[{"time":0.1,"x":10.4,"y":36.48}],"scale":[{"time":0.1,"x":1.423,"y":0.504}]},"MAIN":{"translate":[{"time":0,"x":393.5,"y":-88.84}]}},"events":[{"time":0,"name":"EFEvent","string":"setPosition_Target"},{"time":0,"name":"Sound1","string":"cri_se_battle_skill_shot"},{"time":0.0333,"name":"EFEvent","string":"kImpactType_down"},{"time":0.0666,"name":"EFEvent","float":0.2,"string":"kHitStopType_normal"},{"time":0.1,"name":"EFEvent","string":"shakeGround"},{"time":0.1,"name":"Sound1","string":"cri_se_battle_explosion_short"}]},"Meteor7":{"slots":{"DAMAGEAREA":{"attachment":[{"time":0.1,"name":"DAMAGEAREA"},{"time":0.2666,"name":null}]},"ex1":{"attachment":[{"time":0.1,"name":"EF/9070_ex1/9070_ex1_00038"},{"time":0.1333,"name":"EF/9070_ex1/9070_ex1_00039"},{"time":0.1666,"name":"EF/9070_ex1/9070_ex1_00041"},{"time":0.2,"name":"EF/9070_ex1/9070_ex1_00042"},{"time":0.2333,"name":"EF/9070_ex1/9070_ex1_00043"},{"time":0.2666,"name":"EF/9070_ex1/9070_ex1_00044"},{"time":0.3,"name":"EF/9070_ex1/9070_ex1_00045"},{"time":0.3333,"name":"EF/9070_ex1/9070_ex1_00046"},{"time":0.3666,"name":"EF/9070_ex1/9070_ex1_00047"},{"time":0.4,"name":null}]},"rock2_1":{"attachment":[{"time":0,"name":null},{"time":0.0333,"name":"EF/9070_rock2/9070_rock2_00042"},{"time":0.0666,"name":"EF/9070_rock2/9070_rock2_00044"},{"time":0.1,"name":"EF/9070_rock2/9070_rock2_00046"},{"time":0.1333,"name":"EF/9070_rock2/9070_rock2_00048"},{"time":0.1666,"name":"EF/9070_rock2/9070_rock2_00040"},{"time":0.2,"name":"EF/9070_rock2/9070_rock2_00042"},{"time":0.2333,"name":null}]},"rock2_2":{"attachment":[{"time":0,"name":null},{"time":0.0666,"name":"EF/9070_rock2/9070_rock2_00044"},{"time":0.1333,"name":"EF/9070_rock2/9070_rock2_00042"},{"time":0.2,"name":"EF/9070_rock2/9070_rock2_00040"},{"time":0.2333,"name":null}]},"shot1":{"attachment":[{"time":0,"name":null},{"time":0.0333,"name":"EF/9070_shot1/9070_shot1_00040"},{"time":0.0666,"name":"EF/9070_shot1/9070_shot1_00041"},{"time":0.1,"name":"EF/9070_shot1/9070_shot1_00043"},{"time":0.1333,"name":"EF/9070_shot1/9070_shot1_00044"},{"time":0.1666,"name":"EF/9070_shot1/9070_shot1_00046"},{"time":0.2,"name":"EF/9070_shot1/9070_shot1_00048"},{"time":0.2333,"name":"EF/9070_shot1/9070_shot1_00050"},{"time":0.2666,"name":null}]},"wave1_1":{"attachment":[{"time":0,"name":"EF/9070_wave1/9070_wave1_00048"},{"time":0.1,"name":"EF/9070_wave1/9070_wave1_00044"},{"time":0.1333,"name":"EF/9070_wave1/9070_wave1_00045"},{"time":0.1666,"name":"EF/9070_wave1/9070_wave1_00046"},{"time":0.2,"name":"EF/9070_wave1/9070_wave1_00047"},{"time":0.2333,"name":"EF/9070_wave1/9070_wave1_00048"}],"color":[{"time":0,"color":"ffffff00"},{"time":0.2333,"color":"ffffffff"},{"time":0.3,"color":"ffffff00"}]}},"bones":{"rock2_2":{"rotate":[{"time":0,"angle":26.02,"curve":"stepped"},{"time":0.3,"angle":26.02}],"translate":[{"time":0.0333,"x":-921.06,"y":490.5},{"time":0.1,"x":-1155.05,"y":101.49}],"scale":[{"time":0,"x":0.7,"y":0.601,"curve":"stepped"},{"time":0.1,"x":0.7,"y":0.601}]},"wave1_1":{"translate":[{"time":0,"x":-1468.59,"y":102,"curve":"stepped"},{"time":0.1,"x":-1468.59,"y":102}],"scale":[{"time":0,"x":3.186,"y":3.186},{"time":0.1,"x":1.574,"y":1.574},{"time":0.2333,"x":2.634,"y":2.634},{"time":0.3,"x":3.186,"y":3.186}]},"shot1":{"rotate":[{"time":0,"angle":-121.42}],"translate":[{"time":0,"x":-759.33,"y":935.37},{"time":0.1,"x":-967.88,"y":594.03}],"scale":[{"time":0,"x":3,"y":3.3}]},"rock2_1":{"rotate":[{"time":0,"angle":51.24,"curve":"stepped"},{"time":0.2333,"angle":51.24}],"translate":[{"time":0.0333,"x":-885.27,"y":473.07},{"time":0.1,"x":-1119.26,"y":84.05}],"scale":[{"time":0,"x":1.5,"y":1.5}]},"ex1":{"rotate":[{"time":0,"angle":0,"curve":"stepped"},{"time":0.1,"angle":0}],"translate":[{"time":0,"x":-1017.4,"y":40.37,"curve":"stepped"},{"time":0.1,"x":-1017.4,"y":40.37}],"scale":[{"time":0,"x":3.342,"y":3.342,"curve":"stepped"},{"time":0.1,"x":3.342,"y":3.342}]},"DAMAGEAREA":{"translate":[{"time":0.1,"x":10.4,"y":36.48}],"scale":[{"time":0.1,"x":1.423,"y":0.504}]},"MAIN":{"translate":[{"time":0,"x":243.5,"y":-88.84}]}},"events":[{"time":0,"name":"EFEvent","string":"setPosition_Target"},{"time":0,"name":"Sound1","string":"cri_se_battle_skill_shot"},{"time":0.0333,"name":"EFEvent","string":"kImpactType_down"},{"time":0.0666,"name":"EFEvent","float":0.2,"string":"kHitStopType_normal"},{"time":0.1,"name":"EFEvent","string":"shakeGround"},{"time":0.1,"name":"Sound1","string":"cri_se_battle_explosion_short"}]},"Meteor8":{"slots":{"DAMAGEAREA":{"attachment":[{"time":0.1,"name":"DAMAGEAREA"},{"time":0.2666,"name":null}]},"ex1":{"attachment":[{"time":0.1,"name":"EF/9070_ex1/9070_ex1_00038"},{"time":0.1333,"name":"EF/9070_ex1/9070_ex1_00039"},{"time":0.1666,"name":"EF/9070_ex1/9070_ex1_00041"},{"time":0.2,"name":"EF/9070_ex1/9070_ex1_00042"},{"time":0.2333,"name":"EF/9070_ex1/9070_ex1_00043"},{"time":0.2666,"name":"EF/9070_ex1/9070_ex1_00044"},{"time":0.3,"name":"EF/9070_ex1/9070_ex1_00045"},{"time":0.3333,"name":"EF/9070_ex1/9070_ex1_00046"},{"time":0.3666,"name":"EF/9070_ex1/9070_ex1_00047"},{"time":0.4,"name":null}]},"rock2_1":{"attachment":[{"time":0,"name":null},{"time":0.0333,"name":"EF/9070_rock2/9070_rock2_00042"},{"time":0.0666,"name":"EF/9070_rock2/9070_rock2_00044"},{"time":0.1,"name":"EF/9070_rock2/9070_rock2_00046"},{"time":0.1333,"name":"EF/9070_rock2/9070_rock2_00048"},{"time":0.1666,"name":"EF/9070_rock2/9070_rock2_00040"},{"time":0.2,"name":"EF/9070_rock2/9070_rock2_00042"},{"time":0.2333,"name":null}]},"rock2_2":{"attachment":[{"time":0,"name":null},{"time":0.0666,"name":"EF/9070_rock2/9070_rock2_00044"},{"time":0.1333,"name":"EF/9070_rock2/9070_rock2_00042"},{"time":0.2,"name":"EF/9070_rock2/9070_rock2_00040"},{"time":0.2333,"name":null}]},"shot1":{"attachment":[{"time":0,"name":null},{"time":0.0333,"name":"EF/9070_shot1/9070_shot1_00040"},{"time":0.0666,"name":"EF/9070_shot1/9070_shot1_00041"},{"time":0.1,"name":"EF/9070_shot1/9070_shot1_00043"},{"time":0.1333,"name":"EF/9070_shot1/9070_shot1_00044"},{"time":0.1666,"name":"EF/9070_shot1/9070_shot1_00046"},{"time":0.2,"name":"EF/9070_shot1/9070_shot1_00048"},{"time":0.2333,"name":"EF/9070_shot1/9070_shot1_00050"},{"time":0.2666,"name":null}]},"wave1_1":{"attachment":[{"time":0,"name":"EF/9070_wave1/9070_wave1_00048"},{"time":0.1,"name":"EF/9070_wave1/9070_wave1_00044"},{"time":0.1333,"name":"EF/9070_wave1/9070_wave1_00045"},{"time":0.1666,"name":"EF/9070_wave1/9070_wave1_00046"},{"time":0.2,"name":"EF/9070_wave1/9070_wave1_00047"},{"time":0.2333,"name":"EF/9070_wave1/9070_wave1_00048"}],"color":[{"time":0,"color":"ffffff00"},{"time":0.2333,"color":"ffffffff"},{"time":0.3,"color":"ffffff00"}]}},"bones":{"rock2_2":{"rotate":[{"time":0,"angle":26.02,"curve":"stepped"},{"time":0.3,"angle":26.02}],"translate":[{"time":0.0333,"x":-924.91,"y":488.47},{"time":0.1,"x":-1155.05,"y":101.49}],"scale":[{"time":0,"x":0.7,"y":0.601,"curve":"stepped"},{"time":0.1,"x":0.7,"y":0.601}]},"wave1_1":{"translate":[{"time":0,"x":-1468.59,"y":102,"curve":"stepped"},{"time":0.1,"x":-1468.59,"y":102}],"scale":[{"time":0,"x":3.186,"y":3.186},{"time":0.1,"x":1.574,"y":1.574},{"time":0.2333,"x":2.634,"y":2.634},{"time":0.3,"x":3.186,"y":3.186}]},"shot1":{"rotate":[{"time":0,"angle":-121.42}],"translate":[{"time":0,"x":-759.85,"y":935.33},{"time":0.1,"x":-968.38,"y":594.04}],"scale":[{"time":0,"x":3,"y":3.3}]},"rock2_1":{"rotate":[{"time":0,"angle":51.24,"curve":"stepped"},{"time":0.2333,"angle":51.24}],"translate":[{"time":0.0333,"x":-889.12,"y":471.03},{"time":0.1,"x":-1119.26,"y":84.05}],"scale":[{"time":0,"x":1.5,"y":1.5}]},"ex1":{"rotate":[{"time":0,"angle":0,"curve":"stepped"},{"time":0.1,"angle":0}],"translate":[{"time":0,"x":-1017.4,"y":40.37,"curve":"stepped"},{"time":0.1,"x":-1017.4,"y":40.37}],"scale":[{"time":0,"x":3.342,"y":3.342,"curve":"stepped"},{"time":0.1,"x":3.342,"y":3.342}]},"DAMAGEAREA":{"translate":[{"time":0.1,"x":10.4,"y":36.48}],"scale":[{"time":0.1,"x":1.423,"y":0.504}]},"MAIN":{"translate":[{"time":0,"x":293.48,"y":-38.84}]}},"events":[{"time":0,"name":"EFEvent","string":"setPosition_Target"},{"time":0,"name":"Sound1","string":"cri_se_battle_skill_shot"},{"time":0.0333,"name":"EFEvent","string":"kImpactType_down"},{"time":0.0666,"name":"EFEvent","float":0.2,"string":"kHitStopType_normal"},{"time":0.1,"name":"EFEvent","string":"shakeGround"},{"time":0.1,"name":"Sound1","string":"cri_se_battle_explosion_short"}]},"MeteorFinal":{"slots":{"DAMAGEAREA":{"attachment":[{"time":0.1,"name":"DAMAGEAREA"},{"time":0.2666,"name":null}]},"ex1":{"attachment":[{"time":0.1,"name":"EF/9070_ex1/9070_ex1_00038"},{"time":0.1333,"name":"EF/9070_ex1/9070_ex1_00039"},{"time":0.1666,"name":"EF/9070_ex1/9070_ex1_00041"},{"time":0.2,"name":"EF/9070_ex1/9070_ex1_00042"},{"time":0.2333,"name":"EF/9070_ex1/9070_ex1_00043"},{"time":0.2666,"name":"EF/9070_ex1/9070_ex1_00044"},{"time":0.3,"name":"EF/9070_ex1/9070_ex1_00045"},{"time":0.3333,"name":"EF/9070_ex1/9070_ex1_00046"},{"time":0.3666,"name":"EF/9070_ex1/9070_ex1_00047"},{"time":0.4,"name":null}]},"rock2_1":{"attachment":[{"time":0,"name":"EF/9070_rock2/9070_rock2_00040"},{"time":0.0333,"name":"EF/9070_rock2/9070_rock2_00042"},{"time":0.0666,"name":"EF/9070_rock2/9070_rock2_00044"},{"time":0.1,"name":"EF/9070_rock2/9070_rock2_00046"},{"time":0.1333,"name":"EF/9070_rock2/9070_rock2_00048"},{"time":0.1666,"name":"EF/9070_rock2/9070_rock2_00040"},{"time":0.2,"name":"EF/9070_rock2/9070_rock2_00042"},{"time":0.2333,"name":null}]},"rock2_2":{"attachment":[{"time":0,"name":"EF/9070_rock2/9070_rock2_00046"},{"time":0.0666,"name":"EF/9070_rock2/9070_rock2_00044"},{"time":0.1333,"name":"EF/9070_rock2/9070_rock2_00042"},{"time":0.2,"name":"EF/9070_rock2/9070_rock2_00040"},{"time":0.2333,"name":null}]},"shot1":{"attachment":[{"time":0,"name":"EF/9070_shot1/9070_shot1_00038"},{"time":0.0333,"name":"EF/9070_shot1/9070_shot1_00040"},{"time":0.0666,"name":"EF/9070_shot1/9070_shot1_00041"},{"time":0.1,"name":"EF/9070_shot1/9070_shot1_00043"},{"time":0.1333,"name":"EF/9070_shot1/9070_shot1_00044"},{"time":0.1666,"name":"EF/9070_shot1/9070_shot1_00046"},{"time":0.2,"name":"EF/9070_shot1/9070_shot1_00048"},{"time":0.2333,"name":"EF/9070_shot1/9070_shot1_00050"},{"time":0.2666,"name":null}]},"wave1_1":{"attachment":[{"time":0.1,"name":"EF/9070_wave1/9070_wave1_00044"},{"time":0.1333,"name":"EF/9070_wave1/9070_wave1_00045"},{"time":0.1666,"name":"EF/9070_wave1/9070_wave1_00046"},{"time":0.2,"name":"EF/9070_wave1/9070_wave1_00047"},{"time":0.2333,"name":"EF/9070_wave1/9070_wave1_00048"}],"color":[{"time":0.2333,"color":"ffffffff"},{"time":0.3,"color":"ffffff00"}]}},"bones":{"rock2_2":{"rotate":[{"time":0,"angle":0},{"time":0.3,"angle":26.02}],"translate":[{"time":0,"x":-759.18,"y":796.35},{"time":0.0666,"x":-1155.05,"y":101.49}],"scale":[{"time":0,"x":0.7,"y":0.7},{"time":0.1,"x":0.7,"y":0.601}]},"wave1_1":{"rotate":[{"time":0.1,"angle":370}],"translate":[{"time":0.1,"x":-1468.59,"y":102}],"scale":[{"time":0.1,"x":1.574,"y":1.574},{"time":0.2333,"x":2.634,"y":2.634},{"time":0.3,"x":3.186,"y":3.186}]},"shot1":{"rotate":[{"time":0,"angle":-121.42}],"translate":[{"time":0,"x":-744.73,"y":951.24},{"time":0.0666,"x":-1023.87,"y":494.11}],"scale":[{"time":0,"x":3,"y":3.3}]},"rock2_1":{"rotate":[{"time":0,"angle":0},{"time":0.2333,"angle":51.24}],"translate":[{"time":0,"x":-723.4,"y":754.2},{"time":0.0666,"x":-1119.26,"y":84.05}],"scale":[{"time":0,"x":1.5,"y":1.5}]},"ex1":{"rotate":[{"time":0,"angle":370}],"translate":[{"time":0.1,"x":-1017.4,"y":40.37}],"scale":[{"time":0.1,"x":3.342,"y":3.342}]},"DAMAGEAREA":{"rotate":[{"time":0,"angle":370}],"translate":[{"time":0.1,"x":11.81,"y":36.48}],"scale":[{"time":0.1,"x":2.244,"y":0.504}]},"MAIN":{"translate":[{"time":0,"x":449.27,"y":-54.77}],"scale":[{"time":0,"x":1.5,"y":1.5}]},"root":{"rotate":[{"time":0,"angle":-10}]}},"events":[{"time":0,"name":"EFEvent","string":"setPosition_Target"},{"time":0,"name":"Sound1","string":"cri_se_battle_skill_shot"},{"time":0.0333,"name":"EFEvent","string":"kImpactType_up"},{"time":0.0666,"name":"EFEvent","float":0.25,"string":"kHitStopType_normal"},{"time":0.1,"name":"EFEvent","string":"shakeGround"},{"time":0.1,"name":"Sound1","string":"cri_se_battle_032_explosion_04"},{"time":0.1333,"name":"EFEvent","string":"shakeGround"}]},"none":{}}}