{"skeleton":{"hash":"qNjYmIYS14q2rAYeCsS0RpX6uKQ","spine":"3.0.12","width":0,"height":0},"bones":[{"name":"root"},{"name":"ef","parent":"root"},{"name":"ef_wave_green2","parent":"ef","x":-300},{"name":"ef_wave_green","parent":"ef","x":-300},{"name":"ef_slash_D","parent":"ef"},{"name":"ef_slash_C","parent":"ef"},{"name":"ef_slash_B","parent":"ef"},{"name":"ef_slash_A","parent":"ef"},{"name":"ef_graund_wave_green4","parent":"ef","x":-50},{"name":"ef_graund_wave_green3","parent":"ef","x":-50},{"name":"ef_graund_wave_green2","parent":"ef","x":-50},{"name":"ef_graund_wave_green","parent":"ef","x":-50},{"name":"ef_graund_rock_main3","parent":"ef","x":-150},{"name":"ef_graund_rock_main2","parent":"ef","x":-150},{"name":"ef_graund_earth_green2","parent":"ef","x":-100},{"name":"ef_graund_earth_green","parent":"ef","x":-100},{"name":"ef_energy_sink_main","parent":"ef","x":-200},{"name":"ef_OF_green","parent":"ef","x":-250},{"name":"MAIN","parent":"root","y":50},{"name":"ef_ax_aura2","parent":"MAIN","y":-50},{"name":"ef_ax_aura","parent":"MAIN","y":-50},{"name":"MAIN_ef","parent":"MAIN"},{"name":"HITBOX","parent":"MAIN","y":-50},{"name":"DAMAGEAREA","parent":"root"}],"slots":[{"name":"EF/0h/s3_ef_graund_earth_green/ef_graund_earth_green_00001","bone":"ef_graund_earth_green","blend":"additive"},{"name":"EF/0h/s3_ef_graund_earth_green/ef_graund_earth_green_1","bone":"ef_graund_earth_green2","blend":"additive"},{"name":"EF/0h/s3_ef_graund_rock_main2/ef_graund_rock_main 2_00001","bone":"ef_graund_rock_main2","blend":"additive"},{"name":"EF/0h/s3_ef_graund_rock_main2/ef_graund_rock_main 2_1","bone":"ef_graund_rock_main3","blend":"additive"},{"name":"EF/0h/s123_ef_graund_wave_green/ef_graund_wave_green_00001","bone":"ef_graund_wave_green","blend":"additive"},{"name":"EF/0h/s123_ef_graund_wave_green/ef_graund_wave_green_1","bone":"ef_graund_wave_green2","blend":"additive"},{"name":"EF/0h/s123_ef_graund_wave_green/ef_graund_wave_green_2","bone":"ef_graund_wave_green3","blend":"additive"},{"name":"EF/0h/s123_ef_graund_wave_green/ef_graund_wave_green_3","bone":"ef_graund_wave_green4","blend":"additive"},{"name":"MAIN","bone":"MAIN","attachment":"idle_00"},{"name":"attack1_ef","bone":"MAIN_ef","color":"00ff53ff","blend":"additive"},{"name":"EF/0h/s2_ef_ax_aura_main/ef_ax_aura_main_1","bone":"ef_ax_aura2","blend":"additive"},{"name":"EF/0h/s2_ef_ax_aura_main/ef_ax_aura_main_00001","bone":"ef_ax_aura","blend":"additive"},{"name":"EF/0h/s3_ef_slash_D_main/ef_slash_D_main_00001","bone":"ef_slash_D","blend":"additive"},{"name":"EF/0h/s123_ef_slash_C_main/ef_slash_C_main_00001","bone":"ef_slash_C","blend":"additive"},{"name":"EF/0h/s13_ef_slash_B_main/ef_slash_B_main_00001","bone":"ef_slash_B","blend":"additive"},{"name":"EF/0h/s1_ef_slash_A_main/ef_slash_A_main_00001","bone":"ef_slash_A","blend":"additive"},{"name":"EF/0h/s23_ef_OF_green/ef_OF_green_00001","bone":"ef_OF_green","blend":"additive"},{"name":"EF/0h/s23_ef_wave_green/ef_wave_green_00001","bone":"ef_wave_green","blend":"additive"},{"name":"EF/0h/s23_ef_wave_green/ef_wave_green_1","bone":"ef_wave_green2","blend":"additive"},{"name":"EF/0h/s23_ef_energy_sink_main/ef_energy_sink_main_00001","bone":"ef_energy_sink_main","blend":"additive"},{"name":"DAMAGEAREA","bone":"DAMAGEAREA"},{"name":"HITBOX","bone":"HITBOX","attachment":"HITBOX"}],"skins":{"default":{"DAMAGEAREA":{"DAMAGEAREA":{"type":"boundingbox","vertices":[-64.29319,62.16984,-64.29319,-64.43803,63.8587,-64.43805,63.8587,60.62584]}},"EF/0h/s123_ef_graund_wave_green/ef_graund_wave_green_00001":{"EF/0h/s123_ef_graund_wave_green/ef_graund_wave_green_00001":{"y":13.37,"width":336,"height":192},"EF/0h/s123_ef_graund_wave_green/ef_graund_wave_green_00003":{"y":13.37,"width":336,"height":192},"EF/0h/s123_ef_graund_wave_green/ef_graund_wave_green_00004":{"y":13.37,"width":336,"height":192},"EF/0h/s123_ef_graund_wave_green/ef_graund_wave_green_00005":{"y":13.37,"width":336,"height":192},"EF/0h/s123_ef_graund_wave_green/ef_graund_wave_green_00006":{"y":13.37,"width":336,"height":192},"EF/0h/s123_ef_graund_wave_green/ef_graund_wave_green_00007":{"y":13.37,"width":336,"height":192},"EF/0h/s123_ef_graund_wave_green/ef_graund_wave_green_00008":{"y":13.37,"width":336,"height":192},"EF/0h/s123_ef_graund_wave_green/ef_graund_wave_green_00009":{"y":13.37,"width":336,"height":192},"EF/0h/s123_ef_graund_wave_green/ef_graund_wave_green_00010":{"y":13.37,"width":336,"height":192},"EF/0h/s123_ef_graund_wave_green/ef_graund_wave_green_00011":{"y":13.37,"width":336,"height":192},"EF/0h/s123_ef_graund_wave_green/ef_graund_wave_green_00012":{"y":13.37,"width":336,"height":192},"EF/0h/s123_ef_graund_wave_green/ef_graund_wave_green_00013":{"y":13.37,"width":336,"height":192},"EF/0h/s123_ef_graund_wave_green/ef_graund_wave_green_00014":{"y":13.37,"width":336,"height":192}},"EF/0h/s123_ef_graund_wave_green/ef_graund_wave_green_1":{"EF/0h/s123_ef_graund_wave_green/ef_graund_wave_green_00001":{"y":13.37,"width":336,"height":192},"EF/0h/s123_ef_graund_wave_green/ef_graund_wave_green_00003":{"y":13.37,"width":336,"height":192},"EF/0h/s123_ef_graund_wave_green/ef_graund_wave_green_00004":{"y":13.37,"width":336,"height":192},"EF/0h/s123_ef_graund_wave_green/ef_graund_wave_green_00005":{"y":13.37,"width":336,"height":192},"EF/0h/s123_ef_graund_wave_green/ef_graund_wave_green_00006":{"y":13.37,"width":336,"height":192},"EF/0h/s123_ef_graund_wave_green/ef_graund_wave_green_00007":{"y":13.37,"width":336,"height":192},"EF/0h/s123_ef_graund_wave_green/ef_graund_wave_green_00008":{"y":13.37,"width":336,"height":192},"EF/0h/s123_ef_graund_wave_green/ef_graund_wave_green_00009":{"y":13.37,"width":336,"height":192},"EF/0h/s123_ef_graund_wave_green/ef_graund_wave_green_00010":{"y":13.37,"width":336,"height":192},"EF/0h/s123_ef_graund_wave_green/ef_graund_wave_green_00011":{"y":13.37,"width":336,"height":192},"EF/0h/s123_ef_graund_wave_green/ef_graund_wave_green_00012":{"y":13.37,"width":336,"height":192},"EF/0h/s123_ef_graund_wave_green/ef_graund_wave_green_00013":{"y":13.37,"width":336,"height":192},"EF/0h/s123_ef_graund_wave_green/ef_graund_wave_green_00014":{"y":13.37,"width":336,"height":192}},"EF/0h/s123_ef_graund_wave_green/ef_graund_wave_green_2":{"EF/0h/s123_ef_graund_wave_green/ef_graund_wave_green_00001":{"y":13.37,"width":336,"height":192},"EF/0h/s123_ef_graund_wave_green/ef_graund_wave_green_00003":{"y":13.37,"width":336,"height":192},"EF/0h/s123_ef_graund_wave_green/ef_graund_wave_green_00004":{"y":13.37,"width":336,"height":192},"EF/0h/s123_ef_graund_wave_green/ef_graund_wave_green_00005":{"y":13.37,"width":336,"height":192},"EF/0h/s123_ef_graund_wave_green/ef_graund_wave_green_00006":{"y":13.37,"width":336,"height":192},"EF/0h/s123_ef_graund_wave_green/ef_graund_wave_green_00007":{"y":13.37,"width":336,"height":192},"EF/0h/s123_ef_graund_wave_green/ef_graund_wave_green_00008":{"y":13.37,"width":336,"height":192},"EF/0h/s123_ef_graund_wave_green/ef_graund_wave_green_00009":{"y":13.37,"width":336,"height":192},"EF/0h/s123_ef_graund_wave_green/ef_graund_wave_green_00010":{"y":13.37,"width":336,"height":192},"EF/0h/s123_ef_graund_wave_green/ef_graund_wave_green_00011":{"y":13.37,"width":336,"height":192},"EF/0h/s123_ef_graund_wave_green/ef_graund_wave_green_00012":{"y":13.37,"width":336,"height":192},"EF/0h/s123_ef_graund_wave_green/ef_graund_wave_green_00013":{"y":13.37,"width":336,"height":192},"EF/0h/s123_ef_graund_wave_green/ef_graund_wave_green_00014":{"y":13.37,"width":336,"height":192}},"EF/0h/s123_ef_graund_wave_green/ef_graund_wave_green_3":{"EF/0h/s123_ef_graund_wave_green/ef_graund_wave_green_00001":{"y":13.37,"width":336,"height":192},"EF/0h/s123_ef_graund_wave_green/ef_graund_wave_green_00003":{"y":13.37,"width":336,"height":192},"EF/0h/s123_ef_graund_wave_green/ef_graund_wave_green_00004":{"y":13.37,"width":336,"height":192},"EF/0h/s123_ef_graund_wave_green/ef_graund_wave_green_00005":{"y":13.37,"width":336,"height":192},"EF/0h/s123_ef_graund_wave_green/ef_graund_wave_green_00006":{"y":13.37,"width":336,"height":192},"EF/0h/s123_ef_graund_wave_green/ef_graund_wave_green_00007":{"y":13.37,"width":336,"height":192},"EF/0h/s123_ef_graund_wave_green/ef_graund_wave_green_00008":{"y":13.37,"width":336,"height":192},"EF/0h/s123_ef_graund_wave_green/ef_graund_wave_green_00009":{"y":13.37,"width":336,"height":192},"EF/0h/s123_ef_graund_wave_green/ef_graund_wave_green_00010":{"y":13.37,"width":336,"height":192},"EF/0h/s123_ef_graund_wave_green/ef_graund_wave_green_00011":{"y":13.37,"width":336,"height":192},"EF/0h/s123_ef_graund_wave_green/ef_graund_wave_green_00012":{"y":13.37,"width":336,"height":192},"EF/0h/s123_ef_graund_wave_green/ef_graund_wave_green_00013":{"y":13.37,"width":336,"height":192},"EF/0h/s123_ef_graund_wave_green/ef_graund_wave_green_00014":{"y":13.37,"width":336,"height":192}},"EF/0h/s123_ef_slash_C_main/ef_slash_C_main_00001":{"EF/0h/s123_ef_slash_C_main/ef_slash_C_main_00001":{"width":200,"height":200},"EF/0h/s123_ef_slash_C_main/ef_slash_C_main_00002":{"width":200,"height":200},"EF/0h/s123_ef_slash_C_main/ef_slash_C_main_00003":{"width":200,"height":200},"EF/0h/s123_ef_slash_C_main/ef_slash_C_main_00004":{"width":200,"height":200},"EF/0h/s123_ef_slash_C_main/ef_slash_C_main_00005":{"width":200,"height":200},"EF/0h/s123_ef_slash_C_main/ef_slash_C_main_00006":{"width":200,"height":200},"EF/0h/s123_ef_slash_C_main/ef_slash_C_main_00007":{"width":200,"height":200},"EF/0h/s123_ef_slash_C_main/ef_slash_C_main_00008":{"width":200,"height":200},"EF/0h/s123_ef_slash_C_main/ef_slash_C_main_00009":{"width":200,"height":200},"EF/0h/s123_ef_slash_C_main/ef_slash_C_main_00010":{"width":200,"height":200},"EF/0h/s123_ef_slash_C_main/ef_slash_C_main_00011":{"width":200,"height":200}},"EF/0h/s13_ef_slash_B_main/ef_slash_B_main_00001":{"EF/0h/s13_ef_slash_B_main/ef_slash_B_main_00001":{"width":200,"height":200},"EF/0h/s13_ef_slash_B_main/ef_slash_B_main_00002":{"width":200,"height":200},"EF/0h/s13_ef_slash_B_main/ef_slash_B_main_00003":{"width":200,"height":200},"EF/0h/s13_ef_slash_B_main/ef_slash_B_main_00004":{"width":200,"height":200},"EF/0h/s13_ef_slash_B_main/ef_slash_B_main_00005":{"width":200,"height":200},"EF/0h/s13_ef_slash_B_main/ef_slash_B_main_00006":{"width":200,"height":200},"EF/0h/s13_ef_slash_B_main/ef_slash_B_main_00007":{"width":200,"height":200},"EF/0h/s13_ef_slash_B_main/ef_slash_B_main_00008":{"width":200,"height":200},"EF/0h/s13_ef_slash_B_main/ef_slash_B_main_00009":{"width":200,"height":200},"EF/0h/s13_ef_slash_B_main/ef_slash_B_main_00010":{"width":200,"height":200},"EF/0h/s13_ef_slash_B_main/ef_slash_B_main_00011":{"width":200,"height":200}},"EF/0h/s1_ef_slash_A_main/ef_slash_A_main_00001":{"EF/0h/s1_ef_slash_A_main/ef_slash_A_main_00001":{"width":200,"height":200},"EF/0h/s1_ef_slash_A_main/ef_slash_A_main_00002":{"width":200,"height":200},"EF/0h/s1_ef_slash_A_main/ef_slash_A_main_00003":{"width":200,"height":200},"EF/0h/s1_ef_slash_A_main/ef_slash_A_main_00004":{"width":200,"height":200},"EF/0h/s1_ef_slash_A_main/ef_slash_A_main_00005":{"width":200,"height":200},"EF/0h/s1_ef_slash_A_main/ef_slash_A_main_00006":{"width":200,"height":200},"EF/0h/s1_ef_slash_A_main/ef_slash_A_main_00007":{"width":200,"height":200},"EF/0h/s1_ef_slash_A_main/ef_slash_A_main_00008":{"width":200,"height":200},"EF/0h/s1_ef_slash_A_main/ef_slash_A_main_00009":{"width":200,"height":200},"EF/0h/s1_ef_slash_A_main/ef_slash_A_main_00010":{"width":200,"height":200},"EF/0h/s1_ef_slash_A_main/ef_slash_A_main_00011":{"width":200,"height":200}},"EF/0h/s23_ef_OF_green/ef_OF_green_00001":{"EF/0h/s23_ef_OF_green/ef_OF_green_00001":{"width":360,"height":360}},"EF/0h/s23_ef_energy_sink_main/ef_energy_sink_main_00001":{"EF/0h/s23_ef_energy_sink_main/ef_energy_sink_main_00001":{"width":190,"height":190},"EF/0h/s23_ef_energy_sink_main/ef_energy_sink_main_00002":{"width":190,"height":190},"EF/0h/s23_ef_energy_sink_main/ef_energy_sink_main_00003":{"width":190,"height":190},"EF/0h/s23_ef_energy_sink_main/ef_energy_sink_main_00004":{"width":190,"height":190},"EF/0h/s23_ef_energy_sink_main/ef_energy_sink_main_00005":{"width":190,"height":190},"EF/0h/s23_ef_energy_sink_main/ef_energy_sink_main_00006":{"width":190,"height":190},"EF/0h/s23_ef_energy_sink_main/ef_energy_sink_main_00007":{"width":190,"height":190},"EF/0h/s23_ef_energy_sink_main/ef_energy_sink_main_00008":{"width":190,"height":190},"EF/0h/s23_ef_energy_sink_main/ef_energy_sink_main_00009":{"width":190,"height":190},"EF/0h/s23_ef_energy_sink_main/ef_energy_sink_main_00010":{"width":190,"height":190},"EF/0h/s23_ef_energy_sink_main/ef_energy_sink_main_00011":{"width":190,"height":190},"EF/0h/s23_ef_energy_sink_main/ef_energy_sink_main_00012":{"width":190,"height":190},"EF/0h/s23_ef_energy_sink_main/ef_energy_sink_main_00013":{"width":190,"height":190},"EF/0h/s23_ef_energy_sink_main/ef_energy_sink_main_00014":{"width":190,"height":190},"EF/0h/s23_ef_energy_sink_main/ef_energy_sink_main_00015":{"width":190,"height":190},"EF/0h/s23_ef_energy_sink_main/ef_energy_sink_main_00016":{"width":190,"height":190},"EF/0h/s23_ef_energy_sink_main/ef_energy_sink_main_00017":{"width":190,"height":190}},"EF/0h/s23_ef_wave_green/ef_wave_green_00001":{"EF/0h/s23_ef_wave_green/ef_wave_green_00001":{"width":200,"height":200},"EF/0h/s23_ef_wave_green/ef_wave_green_00002":{"width":200,"height":200},"EF/0h/s23_ef_wave_green/ef_wave_green_00003":{"width":200,"height":200},"EF/0h/s23_ef_wave_green/ef_wave_green_00004":{"width":200,"height":200},"EF/0h/s23_ef_wave_green/ef_wave_green_00005":{"width":200,"height":200},"EF/0h/s23_ef_wave_green/ef_wave_green_00006":{"width":200,"height":200},"EF/0h/s23_ef_wave_green/ef_wave_green_00007":{"width":200,"height":200}},"EF/0h/s23_ef_wave_green/ef_wave_green_1":{"EF/0h/s23_ef_wave_green/ef_wave_green_00001":{"width":200,"height":200},"EF/0h/s23_ef_wave_green/ef_wave_green_00002":{"width":200,"height":200},"EF/0h/s23_ef_wave_green/ef_wave_green_00003":{"width":200,"height":200},"EF/0h/s23_ef_wave_green/ef_wave_green_00004":{"width":200,"height":200},"EF/0h/s23_ef_wave_green/ef_wave_green_00005":{"width":200,"height":200},"EF/0h/s23_ef_wave_green/ef_wave_green_00006":{"width":200,"height":200},"EF/0h/s23_ef_wave_green/ef_wave_green_00007":{"width":200,"height":200}},"EF/0h/s2_ef_ax_aura_main/ef_ax_aura_main_00001":{"EF/0h/s2_ef_ax_aura_main/ef_ax_aura_main_00001":{"x":-3.34,"y":6.68,"width":160,"height":160},"EF/0h/s2_ef_ax_aura_main/ef_ax_aura_main_00003":{"x":-3.34,"y":6.68,"width":160,"height":160},"EF/0h/s2_ef_ax_aura_main/ef_ax_aura_main_00005":{"x":-3.34,"y":6.68,"width":160,"height":160},"EF/0h/s2_ef_ax_aura_main/ef_ax_aura_main_00007":{"x":-3.34,"y":6.68,"width":160,"height":160},"EF/0h/s2_ef_ax_aura_main/ef_ax_aura_main_00009":{"x":-3.34,"y":6.68,"width":160,"height":160},"EF/0h/s2_ef_ax_aura_main/ef_ax_aura_main_00011":{"x":-3.34,"y":6.68,"width":160,"height":160},"EF/0h/s2_ef_ax_aura_main/ef_ax_aura_main_00013":{"x":-3.34,"y":6.68,"width":160,"height":160},"EF/0h/s2_ef_ax_aura_main/ef_ax_aura_main_00015":{"x":-3.34,"y":6.68,"width":160,"height":160}},"EF/0h/s2_ef_ax_aura_main/ef_ax_aura_main_1":{"EF/0h/s2_ef_ax_aura_main/ef_ax_aura_main_00001":{"x":-3.34,"y":6.68,"width":160,"height":160},"EF/0h/s2_ef_ax_aura_main/ef_ax_aura_main_00003":{"x":-3.34,"y":6.68,"width":160,"height":160},"EF/0h/s2_ef_ax_aura_main/ef_ax_aura_main_00005":{"x":-3.34,"y":6.68,"width":160,"height":160},"EF/0h/s2_ef_ax_aura_main/ef_ax_aura_main_00007":{"x":-3.34,"y":6.68,"width":160,"height":160},"EF/0h/s2_ef_ax_aura_main/ef_ax_aura_main_00009":{"x":-3.34,"y":6.68,"width":160,"height":160},"EF/0h/s2_ef_ax_aura_main/ef_ax_aura_main_00011":{"x":-3.34,"y":6.68,"width":160,"height":160},"EF/0h/s2_ef_ax_aura_main/ef_ax_aura_main_00013":{"x":-3.34,"y":6.68,"width":160,"height":160},"EF/0h/s2_ef_ax_aura_main/ef_ax_aura_main_00015":{"x":-3.34,"y":6.68,"width":160,"height":160}},"EF/0h/s3_ef_graund_earth_green/ef_graund_earth_green_00001":{"EF/0h/s3_ef_graund_earth_green/ef_graund_earth_green_00001":{"y":7.03,"width":250,"height":250},"EF/0h/s3_ef_graund_earth_green/ef_graund_earth_green_00002":{"y":7.03,"width":250,"height":250},"EF/0h/s3_ef_graund_earth_green/ef_graund_earth_green_00003":{"y":7.03,"width":250,"height":250},"EF/0h/s3_ef_graund_earth_green/ef_graund_earth_green_00004":{"y":7.03,"width":250,"height":250},"EF/0h/s3_ef_graund_earth_green/ef_graund_earth_green_00005":{"y":7.03,"width":250,"height":250}},"EF/0h/s3_ef_graund_earth_green/ef_graund_earth_green_1":{"EF/0h/s3_ef_graund_earth_green/ef_graund_earth_green_00001":{"y":7.03,"width":250,"height":250},"EF/0h/s3_ef_graund_earth_green/ef_graund_earth_green_00002":{"y":7.03,"width":250,"height":250},"EF/0h/s3_ef_graund_earth_green/ef_graund_earth_green_00003":{"y":7.03,"width":250,"height":250},"EF/0h/s3_ef_graund_earth_green/ef_graund_earth_green_00004":{"y":7.03,"width":250,"height":250},"EF/0h/s3_ef_graund_earth_green/ef_graund_earth_green_00005":{"y":7.03,"width":250,"height":250}},"EF/0h/s3_ef_graund_rock_main2/ef_graund_rock_main 2_00001":{"EF/0h/s3_ef_graund_rock_main2/ef_graund_rock_main 2_00001":{"width":220,"height":120},"EF/0h/s3_ef_graund_rock_main2/ef_graund_rock_main 2_00002":{"width":220,"height":120},"EF/0h/s3_ef_graund_rock_main2/ef_graund_rock_main 2_00003":{"width":220,"height":120},"EF/0h/s3_ef_graund_rock_main2/ef_graund_rock_main 2_00004":{"width":220,"height":120},"EF/0h/s3_ef_graund_rock_main2/ef_graund_rock_main 2_00016":{"width":220,"height":120},"EF/0h/s3_ef_graund_rock_main2/ef_graund_rock_main 2_00017":{"width":220,"height":120},"EF/0h/s3_ef_graund_rock_main2/ef_graund_rock_main 2_00018":{"width":220,"height":120},"EF/0h/s3_ef_graund_rock_main2/ef_graund_rock_main 2_00019":{"width":220,"height":120},"EF/0h/s3_ef_graund_rock_main2/ef_graund_rock_main 2_00020":{"width":220,"height":120}},"EF/0h/s3_ef_graund_rock_main2/ef_graund_rock_main 2_1":{"EF/0h/s3_ef_graund_rock_main2/ef_graund_rock_main 2_00001":{"width":220,"height":120},"EF/0h/s3_ef_graund_rock_main2/ef_graund_rock_main 2_00002":{"width":220,"height":120},"EF/0h/s3_ef_graund_rock_main2/ef_graund_rock_main 2_00003":{"width":220,"height":120},"EF/0h/s3_ef_graund_rock_main2/ef_graund_rock_main 2_00004":{"width":220,"height":120},"EF/0h/s3_ef_graund_rock_main2/ef_graund_rock_main 2_00016":{"width":220,"height":120},"EF/0h/s3_ef_graund_rock_main2/ef_graund_rock_main 2_00017":{"width":220,"height":120},"EF/0h/s3_ef_graund_rock_main2/ef_graund_rock_main 2_00018":{"width":220,"height":120},"EF/0h/s3_ef_graund_rock_main2/ef_graund_rock_main 2_00019":{"width":220,"height":120},"EF/0h/s3_ef_graund_rock_main2/ef_graund_rock_main 2_00020":{"width":220,"height":120}},"EF/0h/s3_ef_slash_D_main/ef_slash_D_main_00001":{"EF/0h/s3_ef_slash_D_main/ef_slash_D_main_00001":{"width":200,"height":200},"EF/0h/s3_ef_slash_D_main/ef_slash_D_main_00002":{"width":200,"height":200},"EF/0h/s3_ef_slash_D_main/ef_slash_D_main_00003":{"width":200,"height":200},"EF/0h/s3_ef_slash_D_main/ef_slash_D_main_00004":{"width":200,"height":200},"EF/0h/s3_ef_slash_D_main/ef_slash_D_main_00005":{"width":200,"height":200},"EF/0h/s3_ef_slash_D_main/ef_slash_D_main_00006":{"width":200,"height":200},"EF/0h/s3_ef_slash_D_main/ef_slash_D_main_00007":{"width":200,"height":200},"EF/0h/s3_ef_slash_D_main/ef_slash_D_main_00008":{"width":200,"height":200},"EF/0h/s3_ef_slash_D_main/ef_slash_D_main_00009":{"width":200,"height":200},"EF/0h/s3_ef_slash_D_main/ef_slash_D_main_00010":{"width":200,"height":200},"EF/0h/s3_ef_slash_D_main/ef_slash_D_main_00011":{"width":200,"height":200}},"HITBOX":{"HITBOX":{"type":"boundingbox","vertices":[-26.98072,0.79961,29.31521,0.34561,28.86121,84.33553,-27.88871,85.24353]}},"MAIN":{"attack1_00":{"x":0.78,"y":-6.19,"scaleX":2,"scaleY":2,"width":256,"height":256},"attack1_01":{"x":0.78,"y":-6.19,"scaleX":2,"scaleY":2,"width":256,"height":256},"attack1_02":{"x":0.78,"y":-6.19,"scaleX":2,"scaleY":2,"width":256,"height":256},"attack1_03":{"x":0.78,"y":-6.19,"scaleX":2,"scaleY":2,"width":256,"height":256},"attack1_04":{"x":0.78,"y":-6.19,"scaleX":2,"scaleY":2,"width":256,"height":256},"attack1_05a":{"x":0.78,"y":-6.19,"scaleX":2,"scaleY":2,"width":256,"height":256},"attack1_05b":{"x":0.78,"y":-6.19,"scaleX":2,"scaleY":2,"width":256,"height":256},"back_00":{"x":0.78,"y":-6.19,"scaleX":2,"scaleY":2,"width":256,"height":256},"damage_00":{"x":0.78,"y":-6.19,"scaleX":2,"scaleY":2,"width":256,"height":256},"front_00":{"x":0.78,"y":-6.19,"scaleX":2,"scaleY":2,"width":256,"height":256},"idle_00":{"x":0.78,"y":-6.19,"scaleX":2,"scaleY":2,"width":256,"height":256},"idle_01":{"x":0.78,"y":-6.19,"scaleX":2,"scaleY":2,"width":256,"height":256},"idle_02":{"x":0.78,"y":-6.19,"scaleX":2,"scaleY":2,"width":256,"height":256},"idle_03":{"x":0.78,"y":-6.19,"scaleX":2,"scaleY":2,"width":256,"height":256},"skill1_00":{"x":0.78,"y":-6.19,"scaleX":2,"scaleY":2,"width":256,"height":256},"skill1_01":{"x":0.78,"y":-6.19,"scaleX":2,"scaleY":2,"width":256,"height":256},"skill1_02":{"x":0.78,"y":-6.19,"scaleX":2,"scaleY":2,"width":256,"height":256},"skill1_04":{"x":0.78,"y":-6.19,"scaleX":2,"scaleY":2,"width":256,"height":256},"skill1_05":{"x":0.78,"y":-6.19,"scaleX":2,"scaleY":2,"width":256,"height":256},"skill1_06":{"x":0.78,"y":-6.19,"scaleX":2,"scaleY":2,"width":256,"height":256},"skill1_07":{"x":0.78,"y":-6.19,"scaleX":2,"scaleY":2,"width":256,"height":256},"skill1_08":{"x":0.78,"y":-6.19,"scaleX":2,"scaleY":2,"width":256,"height":256},"skill1_09":{"x":0.78,"y":-6.19,"scaleX":2,"scaleY":2,"width":256,"height":256},"skill1_03a":{"x":0.78,"y":-6.19,"scaleX":2,"scaleY":2,"width":256,"height":256},"skill1_03b":{"x":0.78,"y":-6.19,"scaleX":2,"scaleY":2,"width":256,"height":256},"skill1_10a":{"x":0.78,"y":-6.19,"scaleX":2,"scaleY":2,"width":256,"height":256},"skill1_10b":{"x":0.78,"y":-6.19,"scaleX":2,"scaleY":2,"width":256,"height":256},"skill2_00":{"x":0.78,"y":-6.19,"scaleX":2,"scaleY":2,"width":256,"height":256},"skill2_01a":{"x":0.78,"y":-6.19,"scaleX":2,"scaleY":2,"width":256,"height":256},"skill2_01b":{"x":0.78,"y":-6.19,"scaleX":2,"scaleY":2,"width":256,"height":256},"skill2_01c":{"x":0.78,"y":-6.19,"scaleX":2,"scaleY":2,"width":256,"height":256}},"attack1_ef":{"attack1_02_ef":{"scaleX":2,"scaleY":2,"width":256,"height":256},"attack1_03_ef":{"scaleX":2,"scaleY":2,"width":256,"height":256},"attack1_05_ef1":{"scaleX":2,"scaleY":2,"width":256,"height":256},"attack1_05_ef2":{"scaleX":2,"scaleY":2,"width":256,"height":256}}}},"events":{"Event":{},"Event2":{},"Hit":{},"Sound1":{},"Sound2":{},"Sound3":{},"Voice":{}},"animations":{"attack1":{"slots":{"DAMAGEAREA":{"attachment":[{"time":0.2,"name":"DAMAGEAREA"},{"time":0.2666,"name":null},{"time":0.5666,"name":"DAMAGEAREA"},{"time":0.6333,"name":null}]},"MAIN":{"attachment":[{"time":0,"name":"idle_00"},{"time":0.0333,"name":"front_00"},{"time":0.0666,"name":"attack1_00"},{"time":0.1666,"name":"attack1_01"},{"time":0.2,"name":"attack1_02"},{"time":0.2666,"name":"attack1_03"},{"time":0.4666,"name":"attack1_04"},{"time":0.5666,"name":"attack1_05b"},{"time":0.6333,"name":"attack1_05a"},{"time":0.7,"name":"attack1_05b"},{"time":0.8333,"name":"back_00"},{"time":1,"name":"skill1_00"},{"time":1.1666,"name":"idle_02"},{"time":1.2333,"name":"idle_03"},{"time":1.3,"name":"idle_00"}]},"attack1_ef":{"attachment":[{"time":0.2,"name":"attack1_02_ef"},{"time":0.2333,"name":"attack1_03_ef"},{"time":0.2666,"name":null},{"time":0.5666,"name":"attack1_05_ef1"},{"time":0.6,"name":"attack1_05_ef2"},{"time":0.6333,"name":null}]}},"bones":{"MAIN":{"rotate":[{"time":0.2,"angle":0},{"time":0.2333,"angle":-3.81,"curve":"stepped"},{"time":0.2666,"angle":0,"curve":[0.126,0.46,0.75,1]},{"time":0.3666,"angle":-4.61,"curve":"stepped"},{"time":0.4666,"angle":-7.24},{"time":0.5333,"angle":357.62},{"time":0.5666,"angle":0}],"translate":[{"time":0.0333,"x":0,"y":0,"curve":[0.25,0,0.75,1]},{"time":0.0666,"x":-10,"y":0,"curve":[0.112,0.67,0.75,1]},{"time":0.1333,"x":-20,"y":-1},{"time":0.1666,"x":-25,"y":-8,"curve":"stepped"},{"time":0.2,"x":-30,"y":0,"curve":[0.116,0.47,0.75,1]},{"time":0.3,"x":-55,"y":100,"curve":[0.133,0.34,0.75,1]},{"time":0.4333,"x":-60,"y":110,"curve":"stepped"},{"time":0.4666,"x":-71.3,"y":112,"curve":[0.288,-0.42,0.75,1]},{"time":0.5666,"x":-90,"y":0},{"time":0.6,"x":-90,"y":-8.35},{"time":0.6666,"x":-90,"y":1},{"time":0.7,"x":-90,"y":0,"curve":"stepped"},{"time":0.8333,"x":-90,"y":0},{"time":0.9,"x":-57.5,"y":13},{"time":1,"x":-25,"y":0,"curve":[0.084,0.7,0.75,1]},{"time":1.1666,"x":0,"y":0}]},"MAIN_ef":{"translate":[{"time":0.2,"x":0,"y":0,"curve":"stepped"},{"time":0.2333,"x":-3.73,"y":-41.59,"curve":"stepped"},{"time":0.5666,"x":0,"y":0,"curve":"stepped"},{"time":0.6,"x":4.76,"y":-19.66}],"scale":[{"time":0.2,"x":1.1,"y":1.1,"curve":"stepped"},{"time":0.2333,"x":1.2,"y":1.2,"curve":"stepped"},{"time":0.5666,"x":1.1,"y":1.1,"curve":"stepped"},{"time":0.6,"x":1.2,"y":1.2}]},"DAMAGEAREA":{"translate":[{"time":0.2,"x":-121.64,"y":84.34,"curve":"stepped"},{"time":0.5666,"x":-142.73,"y":82.72}],"scale":[{"time":0.2,"x":1.081,"y":2.054,"curve":"stepped"},{"time":0.5666,"x":1.263,"y":1.723}]}},"events":[{"time":0.1666,"name":"Sound3","string":"setHitSound(se_battle_019_sword_hit_03)"},{"time":0.1666,"name":"Voice","string":"cri_249_voice_attack_random"},{"time":0.2,"name":"Event","float":0.09,"string":"kHitStopType_normal"},{"time":0.2,"name":"Sound1","string":"cri_se_battle_sword_swish_heavy"},{"time":0.5333,"name":"Voice","string":"cri_249_voice_attack_c"},{"time":0.5666,"name":"Event","float":0.12,"string":"kHitStopType_normal"},{"time":0.5666,"name":"Hit","string":"resetHitList"},{"time":0.5666,"name":"Sound1","string":"cri_se_battle_sword_swish_heavy"}]},"back":{"slots":{"MAIN":{"attachment":[{"time":0,"name":"back_00"},{"time":0.2666,"name":"skill1_00"},{"time":0.5,"name":"idle_02"},{"time":0.5666,"name":"idle_03"},{"time":0.6333,"name":"idle_00"}]}},"bones":{"MAIN":{"translate":[{"time":0,"x":0,"y":0},{"time":0.1333,"x":62.5,"y":23.39},{"time":0.2666,"x":125,"y":0,"curve":[0.084,0.7,0.75,1]},{"time":0.5,"x":140,"y":0}]}},"events":[{"time":0,"name":"Sound1","string":"cri_se_battle_jump"},{"time":0.2666,"name":"Sound1","string":"cri_se_battle_jump"}]},"cast":{"slots":{"MAIN":{"attachment":[{"time":0,"name":"skill2_00"},{"time":0.1,"name":"skill2_01a"},{"time":0.2,"name":"skill2_01b"},{"time":0.3,"name":"skill1_10b"},{"time":0.3666,"name":"skill1_10a"},{"time":0.4333,"name":"skill1_10b"},{"time":0.5,"name":"skill1_10a"}]}},"bones":{"MAIN":{"translate":[{"time":0.3,"x":0,"y":0},{"time":0.3333,"x":0,"y":-7.84,"curve":[0.128,0.39,0.75,1]},{"time":0.4,"x":0,"y":0}]}},"events":[{"time":0.3,"name":"Voice","string":"cri_249_voice_item"}]},"damage":{"slots":{"MAIN":{"attachment":[{"time":0,"name":"damage_00"}]}}},"front":{"slots":{"MAIN":{"attachment":[{"time":0,"name":"front_00"}]}}},"idle":{"slots":{"MAIN":{"attachment":[{"time":0,"name":"idle_00"},{"time":0.2666,"name":"idle_01"},{"time":0.5333,"name":"idle_02"},{"time":0.8,"name":"idle_03"},{"time":1.0666,"name":"idle_00"}]}}},"in":{"slots":{"MAIN":{"attachment":[{"time":0,"name":"skill1_10b"},{"time":0.2333,"name":"skill1_10a"},{"time":0.3333,"name":"skill1_10b"}],"color":[{"time":0,"color":"ffffff00"},{"time":0.1666,"color":"ffffffff"}]}},"events":[{"time":0,"name":"Event","string":"takeSummon"}]},"skill1":{"slots":{"DAMAGEAREA":{"attachment":[{"time":0.5333,"name":"DAMAGEAREA"},{"time":0.8333,"name":null},{"time":0.9,"name":"DAMAGEAREA"},{"time":1.1,"name":null}]},"EF/0h/s123_ef_graund_wave_green/ef_graund_wave_green_00001":{"attachment":[{"time":0.4333,"name":"EF/0h/s123_ef_graund_wave_green/ef_graund_wave_green_00001"},{"time":0.4666,"name":"EF/0h/s123_ef_graund_wave_green/ef_graund_wave_green_00003"},{"time":0.5,"name":"EF/0h/s123_ef_graund_wave_green/ef_graund_wave_green_00004"},{"time":0.5333,"name":"EF/0h/s123_ef_graund_wave_green/ef_graund_wave_green_00005"},{"time":0.5666,"name":"EF/0h/s123_ef_graund_wave_green/ef_graund_wave_green_00006"},{"time":0.6,"name":"EF/0h/s123_ef_graund_wave_green/ef_graund_wave_green_00007"},{"time":0.6333,"name":"EF/0h/s123_ef_graund_wave_green/ef_graund_wave_green_00008"},{"time":0.6666,"name":"EF/0h/s123_ef_graund_wave_green/ef_graund_wave_green_00009"},{"time":0.7,"name":"EF/0h/s123_ef_graund_wave_green/ef_graund_wave_green_00010"},{"time":0.7333,"name":"EF/0h/s123_ef_graund_wave_green/ef_graund_wave_green_00011"},{"time":0.7666,"name":"EF/0h/s123_ef_graund_wave_green/ef_graund_wave_green_00012"},{"time":0.8,"name":"EF/0h/s123_ef_graund_wave_green/ef_graund_wave_green_00013"},{"time":0.8333,"name":"EF/0h/s123_ef_graund_wave_green/ef_graund_wave_green_00014"},{"time":0.8666,"name":null},{"time":0.9,"name":"EF/0h/s123_ef_graund_wave_green/ef_graund_wave_green_00001"},{"time":0.9333,"name":"EF/0h/s123_ef_graund_wave_green/ef_graund_wave_green_00003"},{"time":0.9666,"name":"EF/0h/s123_ef_graund_wave_green/ef_graund_wave_green_00004"},{"time":1,"name":"EF/0h/s123_ef_graund_wave_green/ef_graund_wave_green_00005"},{"time":1.0333,"name":"EF/0h/s123_ef_graund_wave_green/ef_graund_wave_green_00006"},{"time":1.0666,"name":"EF/0h/s123_ef_graund_wave_green/ef_graund_wave_green_00007"},{"time":1.1,"name":"EF/0h/s123_ef_graund_wave_green/ef_graund_wave_green_00008"},{"time":1.1333,"name":"EF/0h/s123_ef_graund_wave_green/ef_graund_wave_green_00009"},{"time":1.1666,"name":"EF/0h/s123_ef_graund_wave_green/ef_graund_wave_green_00010"},{"time":1.2,"name":"EF/0h/s123_ef_graund_wave_green/ef_graund_wave_green_00011"},{"time":1.2333,"name":"EF/0h/s123_ef_graund_wave_green/ef_graund_wave_green_00012"},{"time":1.2666,"name":"EF/0h/s123_ef_graund_wave_green/ef_graund_wave_green_00013"},{"time":1.3,"name":"EF/0h/s123_ef_graund_wave_green/ef_graund_wave_green_00014"},{"time":1.3666,"name":null}],"color":[{"time":1.3,"color":"ffffffff"},{"time":1.3666,"color":"ffffff00"}]},"EF/0h/s123_ef_graund_wave_green/ef_graund_wave_green_1":{"attachment":[{"time":0.9666,"name":"EF/0h/s123_ef_graund_wave_green/ef_graund_wave_green_00001"},{"time":1,"name":"EF/0h/s123_ef_graund_wave_green/ef_graund_wave_green_00003"},{"time":1.0333,"name":"EF/0h/s123_ef_graund_wave_green/ef_graund_wave_green_00004"},{"time":1.0666,"name":"EF/0h/s123_ef_graund_wave_green/ef_graund_wave_green_00005"},{"time":1.1,"name":"EF/0h/s123_ef_graund_wave_green/ef_graund_wave_green_00006"},{"time":1.1333,"name":"EF/0h/s123_ef_graund_wave_green/ef_graund_wave_green_00007"},{"time":1.1666,"name":"EF/0h/s123_ef_graund_wave_green/ef_graund_wave_green_00008"},{"time":1.2,"name":"EF/0h/s123_ef_graund_wave_green/ef_graund_wave_green_00009"},{"time":1.2333,"name":"EF/0h/s123_ef_graund_wave_green/ef_graund_wave_green_00010"},{"time":1.2666,"name":"EF/0h/s123_ef_graund_wave_green/ef_graund_wave_green_00011"},{"time":1.3,"name":"EF/0h/s123_ef_graund_wave_green/ef_graund_wave_green_00012"},{"time":1.3333,"name":"EF/0h/s123_ef_graund_wave_green/ef_graund_wave_green_00013"},{"time":1.3666,"name":"EF/0h/s123_ef_graund_wave_green/ef_graund_wave_green_00014"},{"time":1.4333,"name":null}],"color":[{"time":1.3666,"color":"ffffffff"},{"time":1.4333,"color":"ffffff00"}]},"EF/0h/s123_ef_slash_C_main/ef_slash_C_main_00001":{"attachment":[{"time":0.5333,"name":"EF/0h/s123_ef_slash_C_main/ef_slash_C_main_00001"},{"time":0.5666,"name":"EF/0h/s123_ef_slash_C_main/ef_slash_C_main_00002"},{"time":0.6,"name":"EF/0h/s123_ef_slash_C_main/ef_slash_C_main_00003"},{"time":0.6333,"name":"EF/0h/s123_ef_slash_C_main/ef_slash_C_main_00004"},{"time":0.6666,"name":"EF/0h/s123_ef_slash_C_main/ef_slash_C_main_00005"},{"time":0.7,"name":"EF/0h/s123_ef_slash_C_main/ef_slash_C_main_00006"},{"time":0.7333,"name":"EF/0h/s123_ef_slash_C_main/ef_slash_C_main_00007"},{"time":0.7666,"name":"EF/0h/s123_ef_slash_C_main/ef_slash_C_main_00008"},{"time":0.8,"name":"EF/0h/s123_ef_slash_C_main/ef_slash_C_main_00009"},{"time":0.8333,"name":"EF/0h/s123_ef_slash_C_main/ef_slash_C_main_00010"},{"time":0.8666,"name":"EF/0h/s123_ef_slash_C_main/ef_slash_C_main_00011"},{"time":0.9,"name":null}]},"EF/0h/s13_ef_slash_B_main/ef_slash_B_main_00001":{"attachment":[{"time":0.4666,"name":"EF/0h/s13_ef_slash_B_main/ef_slash_B_main_00001"},{"time":0.5,"name":"EF/0h/s13_ef_slash_B_main/ef_slash_B_main_00002"},{"time":0.5333,"name":"EF/0h/s13_ef_slash_B_main/ef_slash_B_main_00003"},{"time":0.5666,"name":"EF/0h/s13_ef_slash_B_main/ef_slash_B_main_00004"},{"time":0.6,"name":"EF/0h/s13_ef_slash_B_main/ef_slash_B_main_00005"},{"time":0.6333,"name":"EF/0h/s13_ef_slash_B_main/ef_slash_B_main_00006"},{"time":0.6666,"name":"EF/0h/s13_ef_slash_B_main/ef_slash_B_main_00007"},{"time":0.7,"name":"EF/0h/s13_ef_slash_B_main/ef_slash_B_main_00008"},{"time":0.7333,"name":"EF/0h/s13_ef_slash_B_main/ef_slash_B_main_00009"},{"time":0.7666,"name":"EF/0h/s13_ef_slash_B_main/ef_slash_B_main_00010"},{"time":0.8,"name":"EF/0h/s13_ef_slash_B_main/ef_slash_B_main_00011"},{"time":0.8666,"name":"EF/0h/s13_ef_slash_B_main/ef_slash_B_main_00002"},{"time":0.9,"name":"EF/0h/s13_ef_slash_B_main/ef_slash_B_main_00003"},{"time":0.9333,"name":"EF/0h/s13_ef_slash_B_main/ef_slash_B_main_00004"},{"time":0.9666,"name":"EF/0h/s13_ef_slash_B_main/ef_slash_B_main_00005"},{"time":1,"name":"EF/0h/s13_ef_slash_B_main/ef_slash_B_main_00006"},{"time":1.0333,"name":"EF/0h/s13_ef_slash_B_main/ef_slash_B_main_00007"},{"time":1.0666,"name":"EF/0h/s13_ef_slash_B_main/ef_slash_B_main_00008"},{"time":1.1,"name":"EF/0h/s13_ef_slash_B_main/ef_slash_B_main_00009"},{"time":1.1333,"name":"EF/0h/s13_ef_slash_B_main/ef_slash_B_main_00010"},{"time":1.1666,"name":"EF/0h/s13_ef_slash_B_main/ef_slash_B_main_00011"},{"time":1.2,"name":null}]},"MAIN":{"attachment":[{"time":0,"name":"idle_00"},{"time":0.0333,"name":"skill1_00"},{"time":0.4333,"name":"skill1_05"},{"time":0.5,"name":"skill1_06"},{"time":0.5666,"name":"skill1_07"},{"time":0.6333,"name":"skill1_08"},{"time":0.7666,"name":"skill1_09"},{"time":0.8666,"name":"skill1_10a"},{"time":0.9333,"name":"skill1_10b"},{"time":1,"name":"skill1_10a"},{"time":1.0666,"name":"skill1_10b"},{"time":1.1666,"name":"skill1_10a"},{"time":1.2666,"name":"skill1_10b"},{"time":1.4,"name":"skill1_10a"},{"time":1.5333,"name":"skill1_10b"},{"time":1.7666,"name":"idle_00"}]}},"bones":{"MAIN":{"rotate":[{"time":0.6333,"angle":0,"curve":"stepped"},{"time":0.7666,"angle":17.45},{"time":0.8,"angle":21.07,"curve":"stepped"},{"time":0.8666,"angle":8},{"time":0.9333,"angle":0}],"translate":[{"time":0.0333,"x":0,"y":0,"curve":[0.103,0.59,0.75,1]},{"time":0.0666,"x":0.5,"y":-2,"curve":"stepped"},{"time":0.3666,"x":0.5,"y":-2},{"time":0.4,"x":2,"y":-10,"curve":"stepped"},{"time":0.4333,"x":1,"y":-2,"curve":[0.125,0.38,0.75,1]},{"time":0.5,"x":-27.03,"y":30.96},{"time":0.5666,"x":-50,"y":63.55},{"time":0.6333,"x":-64.06,"y":80},{"time":0.7,"x":-69.53,"y":83},{"time":0.7666,"x":-75,"y":81,"curve":[0.095,0.63,0.75,1]},{"time":0.8,"x":-67.01,"y":86.1,"curve":[0.159,0.35,0.75,1]},{"time":0.9,"x":-109,"y":5},{"time":0.9333,"x":-116.49,"y":-10},{"time":0.9666,"x":-124,"y":-0.5,"curve":[0.11,0.6,0.75,1]},{"time":1.2333,"x":-130,"y":0}],"scale":[{"time":0.0333,"x":1,"y":1}]},"ef_graund_wave_green":{"translate":[{"time":0.4333,"x":52,"y":0,"curve":"stepped"},{"time":0.9,"x":-60,"y":0}],"scale":[{"time":0.4333,"x":1.4,"y":1.4,"curve":"stepped"},{"time":0.9,"x":2,"y":2,"curve":"stepped"},{"time":1.3,"x":2,"y":2},{"time":1.3666,"x":2.1,"y":2.1}]},"ef_slash_B":{"rotate":[{"time":0.4666,"angle":-3.84,"curve":"stepped"},{"time":0.8666,"angle":21.49}],"translate":[{"time":0.4666,"x":-39.49,"y":85.35},{"time":0.5666,"x":-48.3,"y":92.19,"curve":"stepped"},{"time":0.8666,"x":-90.05,"y":75}],"scale":[{"time":0.4666,"x":2.2,"y":1.6,"curve":"stepped"},{"time":0.8666,"x":2.35,"y":2.14},{"time":1.0333,"x":2.4,"y":2.14}]},"ef_slash_C":{"rotate":[{"time":0.5333,"angle":40}],"translate":[{"time":0.5333,"x":-75.16,"y":96.18},{"time":0.6333,"x":-76.33,"y":99.11},{"time":0.7333,"x":-76.33,"y":104.17,"curve":"stepped"},{"time":0.7666,"x":-76.33,"y":99.11}],"scale":[{"time":0.5333,"x":2.1,"y":2.1},{"time":0.8666,"x":2.1,"y":2.2}]},"ef_graund_wave_green2":{"translate":[{"time":0.9666,"x":-60,"y":0}],"scale":[{"time":0.9666,"x":2,"y":2,"curve":"stepped"},{"time":1.3666,"x":2,"y":2},{"time":1.4333,"x":2.1,"y":2.1}]},"DAMAGEAREA":{"translate":[{"time":0.5333,"x":-123.27,"y":102.18,"curve":"stepped"},{"time":0.9,"x":-149.22,"y":66.5}],"scale":[{"time":0.5333,"x":2.178,"y":1.948,"curve":"stepped"},{"time":0.9,"x":2.75,"y":2.279}]}},"events":[{"time":0.4333,"name":"Sound1","string":"cri_se_battle_skill_swish"},{"time":0.4333,"name":"Sound2","string":"cri_se_battle_thunder_small"},{"time":0.4333,"name":"Sound3","string":"setHitSound(se_battle_sword_heavy_hit)"},{"time":0.4333,"name":"Voice","string":"cri_249_voice_skill_all"},{"time":0.5333,"name":"Event","float":0.08,"string":"kHitStopType_normal"},{"time":0.6,"name":"Event","float":0.14,"string":"kHitStopType_normal"},{"time":0.6,"name":"Hit"},{"time":0.8333,"name":"Sound1","string":"cri_se_battle_skill_swish"},{"time":0.8333,"name":"Sound2","string":"cri_se_battle_thunder_small"},{"time":0.9,"name":"Event","float":0.21,"string":"kHitStopType_normal"},{"time":0.9,"name":"Event2","float":1.6,"string":"shakeGround"},{"time":0.9,"name":"Hit","string":"resetHitList"}]},"skill2":{"slots":{"DAMAGEAREA":{"attachment":[{"time":2.3666,"name":"DAMAGEAREA"},{"time":3.7666,"name":null}]},"EF/0h/s123_ef_graund_wave_green/ef_graund_wave_green_00001":{"attachment":[{"time":1.7,"name":"EF/0h/s123_ef_graund_wave_green/ef_graund_wave_green_00001"},{"time":1.7333,"name":"EF/0h/s123_ef_graund_wave_green/ef_graund_wave_green_00003"},{"time":1.7666,"name":"EF/0h/s123_ef_graund_wave_green/ef_graund_wave_green_00004"},{"time":1.8,"name":"EF/0h/s123_ef_graund_wave_green/ef_graund_wave_green_00005"},{"time":1.8333,"name":"EF/0h/s123_ef_graund_wave_green/ef_graund_wave_green_00006"},{"time":1.8666,"name":"EF/0h/s123_ef_graund_wave_green/ef_graund_wave_green_00007"},{"time":1.9,"name":"EF/0h/s123_ef_graund_wave_green/ef_graund_wave_green_00008"},{"time":1.9333,"name":"EF/0h/s123_ef_graund_wave_green/ef_graund_wave_green_00009"},{"time":1.9666,"name":"EF/0h/s123_ef_graund_wave_green/ef_graund_wave_green_00010"},{"time":2,"name":"EF/0h/s123_ef_graund_wave_green/ef_graund_wave_green_00011"},{"time":2.0333,"name":"EF/0h/s123_ef_graund_wave_green/ef_graund_wave_green_00012"},{"time":2.0666,"name":"EF/0h/s123_ef_graund_wave_green/ef_graund_wave_green_00013"},{"time":2.1,"name":"EF/0h/s123_ef_graund_wave_green/ef_graund_wave_green_00014"},{"time":2.1666,"name":null},{"time":2.2666,"name":"EF/0h/s123_ef_graund_wave_green/ef_graund_wave_green_00001"},{"time":2.3,"name":"EF/0h/s123_ef_graund_wave_green/ef_graund_wave_green_00003"},{"time":2.3333,"name":"EF/0h/s123_ef_graund_wave_green/ef_graund_wave_green_00004"},{"time":2.3666,"name":"EF/0h/s123_ef_graund_wave_green/ef_graund_wave_green_00005"},{"time":2.4,"name":"EF/0h/s123_ef_graund_wave_green/ef_graund_wave_green_00006"},{"time":2.4333,"name":"EF/0h/s123_ef_graund_wave_green/ef_graund_wave_green_00007"},{"time":2.4666,"name":"EF/0h/s123_ef_graund_wave_green/ef_graund_wave_green_00008"},{"time":2.5,"name":"EF/0h/s123_ef_graund_wave_green/ef_graund_wave_green_00009"},{"time":2.5333,"name":"EF/0h/s123_ef_graund_wave_green/ef_graund_wave_green_00010"},{"time":2.5666,"name":"EF/0h/s123_ef_graund_wave_green/ef_graund_wave_green_00011"},{"time":2.6,"name":"EF/0h/s123_ef_graund_wave_green/ef_graund_wave_green_00012"},{"time":2.6333,"name":"EF/0h/s123_ef_graund_wave_green/ef_graund_wave_green_00013"},{"time":2.6666,"name":"EF/0h/s123_ef_graund_wave_green/ef_graund_wave_green_00014"},{"time":2.7333,"name":null}],"color":[{"time":2.1,"color":"ffffffff"},{"time":2.1666,"color":"ffffff00","curve":"stepped"},{"time":2.2666,"color":"ffffffff","curve":"stepped"},{"time":2.6666,"color":"ffffffff"},{"time":2.7333,"color":"ffffff00"}]},"EF/0h/s1_ef_slash_A_main/ef_slash_A_main_00001":{"attachment":[{"time":2.2,"name":"EF/0h/s1_ef_slash_A_main/ef_slash_A_main_00001"},{"time":2.2333,"name":"EF/0h/s1_ef_slash_A_main/ef_slash_A_main_00002"},{"time":2.2666,"name":"EF/0h/s1_ef_slash_A_main/ef_slash_A_main_00003"},{"time":2.3,"name":"EF/0h/s1_ef_slash_A_main/ef_slash_A_main_00004"},{"time":2.3333,"name":"EF/0h/s1_ef_slash_A_main/ef_slash_A_main_00005"},{"time":2.3666,"name":"EF/0h/s1_ef_slash_A_main/ef_slash_A_main_00006"},{"time":2.4,"name":"EF/0h/s1_ef_slash_A_main/ef_slash_A_main_00007"},{"time":2.4333,"name":"EF/0h/s1_ef_slash_A_main/ef_slash_A_main_00008"},{"time":2.4666,"name":"EF/0h/s1_ef_slash_A_main/ef_slash_A_main_00009"},{"time":2.5,"name":"EF/0h/s1_ef_slash_A_main/ef_slash_A_main_00010"},{"time":2.5333,"name":"EF/0h/s1_ef_slash_A_main/ef_slash_A_main_00011"},{"time":2.5666,"name":null}]},"EF/0h/s23_ef_OF_green/ef_OF_green_00001":{"attachment":[{"time":0.6333,"name":"EF/0h/s23_ef_OF_green/ef_OF_green_00001"},{"time":0.8333,"name":null}],"color":[{"time":0.7666,"color":"ffffffff"},{"time":0.8333,"color":"ffffff00"}]},"EF/0h/s23_ef_energy_sink_main/ef_energy_sink_main_00001":{"attachment":[{"time":0.1,"name":"EF/0h/s23_ef_energy_sink_main/ef_energy_sink_main_00001"},{"time":0.1666,"name":"EF/0h/s23_ef_energy_sink_main/ef_energy_sink_main_00002"},{"time":0.2,"name":"EF/0h/s23_ef_energy_sink_main/ef_energy_sink_main_00003"},{"time":0.2333,"name":"EF/0h/s23_ef_energy_sink_main/ef_energy_sink_main_00004"},{"time":0.2666,"name":"EF/0h/s23_ef_energy_sink_main/ef_energy_sink_main_00005"},{"time":0.3,"name":"EF/0h/s23_ef_energy_sink_main/ef_energy_sink_main_00006"},{"time":0.3333,"name":"EF/0h/s23_ef_energy_sink_main/ef_energy_sink_main_00007"},{"time":0.3666,"name":"EF/0h/s23_ef_energy_sink_main/ef_energy_sink_main_00008"},{"time":0.4,"name":"EF/0h/s23_ef_energy_sink_main/ef_energy_sink_main_00009"},{"time":0.4333,"name":"EF/0h/s23_ef_energy_sink_main/ef_energy_sink_main_00010"},{"time":0.4666,"name":"EF/0h/s23_ef_energy_sink_main/ef_energy_sink_main_00011"},{"time":0.5,"name":"EF/0h/s23_ef_energy_sink_main/ef_energy_sink_main_00012"},{"time":0.5333,"name":"EF/0h/s23_ef_energy_sink_main/ef_energy_sink_main_00013"},{"time":0.5666,"name":"EF/0h/s23_ef_energy_sink_main/ef_energy_sink_main_00014"},{"time":0.6,"name":"EF/0h/s23_ef_energy_sink_main/ef_energy_sink_main_00015"},{"time":0.6333,"name":"EF/0h/s23_ef_energy_sink_main/ef_energy_sink_main_00016"},{"time":0.6666,"name":"EF/0h/s23_ef_energy_sink_main/ef_energy_sink_main_00017"},{"time":0.7,"name":null}],"color":[{"time":0.1,"color":"ffffff00"},{"time":0.2333,"color":"ffffffff"}]},"EF/0h/s23_ef_wave_green/ef_wave_green_00001":{"attachment":[{"time":0.6333,"name":"EF/0h/s23_ef_wave_green/ef_wave_green_00001"},{"time":0.6666,"name":"EF/0h/s23_ef_wave_green/ef_wave_green_00002"},{"time":0.7,"name":"EF/0h/s23_ef_wave_green/ef_wave_green_00003"},{"time":0.7333,"name":"EF/0h/s23_ef_wave_green/ef_wave_green_00004"},{"time":0.7666,"name":"EF/0h/s23_ef_wave_green/ef_wave_green_00005"},{"time":0.8,"name":"EF/0h/s23_ef_wave_green/ef_wave_green_00006"},{"time":0.8333,"name":"EF/0h/s23_ef_wave_green/ef_wave_green_00007"},{"time":0.9,"name":null}],"color":[{"time":0.8333,"color":"ffffffff"},{"time":0.9,"color":"ffffff00"}]},"EF/0h/s2_ef_ax_aura_main/ef_ax_aura_main_00001":{"attachment":[{"time":0.7333,"name":"EF/0h/s2_ef_ax_aura_main/ef_ax_aura_main_00001"},{"time":0.8,"name":"EF/0h/s2_ef_ax_aura_main/ef_ax_aura_main_00003"},{"time":0.8666,"name":"EF/0h/s2_ef_ax_aura_main/ef_ax_aura_main_00005"},{"time":0.9333,"name":"EF/0h/s2_ef_ax_aura_main/ef_ax_aura_main_00007"},{"time":1,"name":"EF/0h/s2_ef_ax_aura_main/ef_ax_aura_main_00009"},{"time":1.0666,"name":"EF/0h/s2_ef_ax_aura_main/ef_ax_aura_main_00011"},{"time":1.1333,"name":"EF/0h/s2_ef_ax_aura_main/ef_ax_aura_main_00013"},{"time":1.2,"name":"EF/0h/s2_ef_ax_aura_main/ef_ax_aura_main_00015"},{"time":1.2666,"name":"EF/0h/s2_ef_ax_aura_main/ef_ax_aura_main_00001"},{"time":1.3333,"name":"EF/0h/s2_ef_ax_aura_main/ef_ax_aura_main_00003"},{"time":1.4,"name":"EF/0h/s2_ef_ax_aura_main/ef_ax_aura_main_00005"},{"time":1.4666,"name":"EF/0h/s2_ef_ax_aura_main/ef_ax_aura_main_00007"},{"time":1.5333,"name":"EF/0h/s2_ef_ax_aura_main/ef_ax_aura_main_00009"},{"time":1.6,"name":"EF/0h/s2_ef_ax_aura_main/ef_ax_aura_main_00011"},{"time":1.6666,"name":"EF/0h/s2_ef_ax_aura_main/ef_ax_aura_main_00013"},{"time":1.7333,"name":"EF/0h/s2_ef_ax_aura_main/ef_ax_aura_main_00015"},{"time":1.8,"name":"EF/0h/s2_ef_ax_aura_main/ef_ax_aura_main_00001"},{"time":1.8666,"name":"EF/0h/s2_ef_ax_aura_main/ef_ax_aura_main_00003"},{"time":1.9333,"name":"EF/0h/s2_ef_ax_aura_main/ef_ax_aura_main_00005"},{"time":2,"name":"EF/0h/s2_ef_ax_aura_main/ef_ax_aura_main_00007"},{"time":2.0666,"name":"EF/0h/s2_ef_ax_aura_main/ef_ax_aura_main_00009"},{"time":2.1333,"name":"EF/0h/s2_ef_ax_aura_main/ef_ax_aura_main_00011"},{"time":2.2,"name":"EF/0h/s2_ef_ax_aura_main/ef_ax_aura_main_00013"},{"time":2.2666,"name":"EF/0h/s2_ef_ax_aura_main/ef_ax_aura_main_00015"},{"time":2.3,"name":null}],"color":[{"time":0.7,"color":"ffffff00"},{"time":0.8,"color":"ffffffff","curve":"stepped"},{"time":2.2333,"color":"ffffffff","curve":[0.1,0.58,0.75,1]},{"time":2.3,"color":"ffffff00"}]},"EF/0h/s2_ef_ax_aura_main/ef_ax_aura_main_1":{"attachment":[{"time":0.7333,"name":"EF/0h/s2_ef_ax_aura_main/ef_ax_aura_main_00001"},{"time":0.8333,"name":"EF/0h/s2_ef_ax_aura_main/ef_ax_aura_main_00003"},{"time":0.9,"name":"EF/0h/s2_ef_ax_aura_main/ef_ax_aura_main_00005"},{"time":0.9666,"name":"EF/0h/s2_ef_ax_aura_main/ef_ax_aura_main_00007"},{"time":1.0333,"name":"EF/0h/s2_ef_ax_aura_main/ef_ax_aura_main_00009"},{"time":1.1,"name":"EF/0h/s2_ef_ax_aura_main/ef_ax_aura_main_00011"},{"time":1.1666,"name":"EF/0h/s2_ef_ax_aura_main/ef_ax_aura_main_00013"},{"time":1.2333,"name":"EF/0h/s2_ef_ax_aura_main/ef_ax_aura_main_00015"},{"time":1.3,"name":"EF/0h/s2_ef_ax_aura_main/ef_ax_aura_main_00001"},{"time":1.3666,"name":"EF/0h/s2_ef_ax_aura_main/ef_ax_aura_main_00003"},{"time":1.4333,"name":"EF/0h/s2_ef_ax_aura_main/ef_ax_aura_main_00005"},{"time":1.5,"name":"EF/0h/s2_ef_ax_aura_main/ef_ax_aura_main_00007"},{"time":1.5666,"name":"EF/0h/s2_ef_ax_aura_main/ef_ax_aura_main_00009"},{"time":1.6333,"name":"EF/0h/s2_ef_ax_aura_main/ef_ax_aura_main_00011"},{"time":1.7,"name":"EF/0h/s2_ef_ax_aura_main/ef_ax_aura_main_00013"},{"time":1.7666,"name":"EF/0h/s2_ef_ax_aura_main/ef_ax_aura_main_00015"},{"time":1.8333,"name":"EF/0h/s2_ef_ax_aura_main/ef_ax_aura_main_00001"},{"time":1.9,"name":"EF/0h/s2_ef_ax_aura_main/ef_ax_aura_main_00003"},{"time":1.9666,"name":"EF/0h/s2_ef_ax_aura_main/ef_ax_aura_main_00005"},{"time":2.0333,"name":"EF/0h/s2_ef_ax_aura_main/ef_ax_aura_main_00007"},{"time":2.1,"name":"EF/0h/s2_ef_ax_aura_main/ef_ax_aura_main_00009"},{"time":2.1666,"name":"EF/0h/s2_ef_ax_aura_main/ef_ax_aura_main_00011"},{"time":2.2333,"name":"EF/0h/s2_ef_ax_aura_main/ef_ax_aura_main_00013"},{"time":2.3,"name":null}],"color":[{"time":0.7,"color":"ffffff00"},{"time":0.8333,"color":"ffffffff","curve":"stepped"},{"time":2.2333,"color":"ffffffff","curve":[0.1,0.58,0.75,1]},{"time":2.3,"color":"ffffff00"}]},"MAIN":{"attachment":[{"time":0,"name":"idle_00"},{"time":0.0333,"name":"skill2_00"},{"time":0.1,"name":"skill2_01a"},{"time":0.1666,"name":"skill2_01b"},{"time":0.2333,"name":"skill2_01c"},{"time":0.3333,"name":"skill2_01b"},{"time":0.4333,"name":"skill2_01c"},{"time":0.5333,"name":"skill2_01a"},{"time":0.6333,"name":"skill2_01b"},{"time":0.7333,"name":"skill2_01c"},{"time":0.8333,"name":"skill2_01a"},{"time":0.9333,"name":"skill2_01b"},{"time":1.0333,"name":"skill2_01c"},{"time":1.1333,"name":"skill2_01a"},{"time":1.2333,"name":"skill2_01b"},{"time":1.3333,"name":"skill2_01c"},{"time":1.4333,"name":"skill2_01a"},{"time":1.5333,"name":"skill1_10a"},{"time":1.6,"name":"skill1_10b"},{"time":1.7,"name":"attack1_01"},{"time":1.7333,"name":"skill1_01"},{"time":1.8333,"name":"skill1_02"},{"time":2.2,"name":"skill1_03a"},{"time":2.2666,"name":"skill1_03b"},{"time":2.3333,"name":"skill1_03a"},{"time":2.4,"name":"skill1_03b"},{"time":2.4666,"name":"skill1_03a"},{"time":2.5333,"name":"skill1_03b"},{"time":2.6,"name":"skill1_03a"},{"time":2.6666,"name":"skill1_03b"},{"time":2.7333,"name":"skill1_03a"},{"time":2.8,"name":"skill1_03b"},{"time":2.8666,"name":"skill1_03a"},{"time":2.9333,"name":"skill1_03b"},{"time":3,"name":"skill1_03a"},{"time":3.0666,"name":"skill1_03b"},{"time":3.1333,"name":"skill1_03a"},{"time":3.2,"name":"skill1_03b"},{"time":3.2666,"name":"skill1_03a"},{"time":3.3666,"name":"skill1_03b"},{"time":3.4666,"name":"skill1_03a"},{"time":3.5666,"name":"skill1_03b"},{"time":3.7,"name":"skill1_03a"},{"time":3.9,"name":"skill1_04"},{"time":4.1333,"name":"skill1_00"},{"time":4.4,"name":"idle_03"},{"time":4.5,"name":"idle_00"}]}},"bones":{"MAIN":{"rotate":[{"time":1.7333,"angle":-16.46,"curve":"stepped"},{"time":1.8333,"angle":0,"curve":[0.113,0.52,0.75,1]},{"time":1.9666,"angle":-17.61,"curve":"stepped"},{"time":2.1333,"angle":-17.61},{"time":2.1666,"angle":-21.38,"curve":"stepped"},{"time":2.2,"angle":-17.44},{"time":2.2666,"angle":0},{"time":2.3,"angle":1},{"time":2.3333,"angle":0}],"translate":[{"time":1.5333,"x":0,"y":0},{"time":1.5666,"x":0,"y":-1,"curve":"stepped"},{"time":1.6666,"x":0,"y":-1},{"time":1.7,"x":0,"y":-15,"curve":"stepped"},{"time":1.7333,"x":-23.51,"y":12.49},{"time":1.8333,"x":-70,"y":120,"curve":[0.094,0.66,0.75,1]},{"time":2.0666,"x":-120,"y":162.29,"curve":"stepped"},{"time":2.1333,"x":-120,"y":162.29},{"time":2.1666,"x":-120,"y":175.4,"curve":"stepped"},{"time":2.2,"x":-120,"y":162.29},{"time":2.2666,"x":-140,"y":40},{"time":2.3,"x":-140,"y":30},{"time":2.3333,"x":-140,"y":43},{"time":2.4,"x":-140,"y":40,"curve":"stepped"},{"time":3.9,"x":-140,"y":40},{"time":3.9666,"x":-120.5,"y":58.14},{"time":4.0666,"x":-85,"y":25},{"time":4.1333,"x":-70,"y":0},{"time":4.1666,"x":-65,"y":-5,"curve":[0.118,0.47,0.75,1]},{"time":4.2333,"x":-60,"y":0}]},"ef_energy_sink_main":{"translate":[{"time":0.1,"x":207.62,"y":165.48}],"scale":[{"time":0.1,"x":2.7,"y":2.7},{"time":0.2,"x":2.8,"y":2.8}]},"ef_OF_green":{"translate":[{"time":0.6333,"x":257.62,"y":165.43}],"scale":[{"time":0.6333,"x":2.3,"y":2.3},{"time":0.8333,"x":0.1,"y":0.1}]},"ef_wave_green":{"translate":[{"time":0.6333,"x":307.62,"y":164.8}],"scale":[{"time":0.6333,"x":2.7,"y":2.7,"curve":"stepped"},{"time":0.8333,"x":2.7,"y":2.7},{"time":0.9,"x":2.9,"y":2.9}]},"ef_ax_aura":{"rotate":[{"time":0.7333,"angle":-44.41,"curve":"stepped"},{"time":1.5333,"angle":-36.43,"curve":"stepped"},{"time":1.7,"angle":-85.07,"curve":"stepped"},{"time":1.7333,"angle":-55.63,"curve":"stepped"},{"time":1.8333,"angle":-125.03,"curve":"stepped"},{"time":2.2,"angle":123.36}],"translate":[{"time":0.7333,"x":18.03,"y":176.17,"curve":"stepped"},{"time":1.5333,"x":83.06,"y":15.08,"curve":"stepped"},{"time":1.7,"x":58.17,"y":10.11,"curve":"stepped"},{"time":1.7333,"x":56.17,"y":63.16,"curve":"stepped"},{"time":1.8333,"x":77.93,"y":111.75,"curve":"stepped"},{"time":2.2,"x":-34.7,"y":-41.44}],"scale":[{"time":0.7333,"x":1.2,"y":1.2,"curve":"stepped"},{"time":1.5333,"x":-1.06,"y":1.25,"curve":"stepped"},{"time":1.7,"x":-0.77,"y":1.39,"curve":"stepped"},{"time":1.7333,"x":-1.01,"y":1.29,"curve":"stepped"},{"time":1.8333,"x":1.3,"y":1.3,"curve":"stepped"},{"time":2.2,"x":1.4,"y":1.4}]},"ef_ax_aura2":{"rotate":[{"time":0.7333,"angle":-15.49,"curve":"stepped"},{"time":1.5333,"angle":-38.03,"curve":"stepped"},{"time":1.7,"angle":-66.75,"curve":"stepped"},{"time":1.7333,"angle":-59.16,"curve":"stepped"},{"time":1.8333,"angle":-92.14,"curve":"stepped"},{"time":2.2,"angle":117.32}],"translate":[{"time":0.7333,"x":-3.32,"y":180.83,"curve":"stepped"},{"time":1.5333,"x":-29.13,"y":135.51,"curve":"stepped"},{"time":1.7,"x":25.79,"y":149.75,"curve":"stepped"},{"time":1.7333,"x":24.21,"y":127.37,"curve":"stepped"},{"time":1.8333,"x":63.39,"y":127.79,"curve":"stepped"},{"time":2.2,"x":-65.74,"y":-37.13}],"scale":[{"time":0.7333,"x":0.97,"y":1.14,"curve":"stepped"},{"time":1.5333,"x":0.97,"y":1.18,"curve":"stepped"},{"time":1.7,"x":1.08,"y":1.26,"curve":"stepped"},{"time":1.7333,"x":0.95,"y":1.19,"curve":"stepped"},{"time":1.8333,"x":0.99,"y":1.39,"curve":"stepped"},{"time":2.2,"x":1.3,"y":1.3}]},"ef_slash_A":{"rotate":[{"time":2.2,"angle":25.59},{"time":2.3,"angle":30}],"translate":[{"time":2.2,"x":-169.62,"y":185},{"time":2.3666,"x":-169.62,"y":224.7}],"scale":[{"time":2.2,"x":2.7,"y":2.18},{"time":2.3,"x":3,"y":3}]},"ef_graund_wave_green":{"translate":[{"time":1.7,"x":50,"y":0,"curve":"stepped"},{"time":2.2666,"x":-274.27,"y":0}],"scale":[{"time":1.7,"x":2,"y":2},{"time":2.1333,"x":2.2,"y":2.2,"curve":"stepped"},{"time":2.2666,"x":2,"y":2},{"time":2.7,"x":2.8,"y":2.8}]},"DAMAGEAREA":{"translate":[{"time":2.3666,"x":-351.37,"y":227.5}],"scale":[{"time":2.3666,"x":4.135,"y":4.58}]}},"events":[{"time":0,"name":"Sound1","string":"cri_se_battle_charge"},{"time":0,"name":"Voice","string":"cri_249_voice_fullarts_now"},{"time":0.6333,"name":"Sound1","string":"cri_se_battle_charge_completion"},{"time":1.7,"name":"Sound1","string":"cri_se_battle_jump"},{"time":2.2,"name":"Sound1","string":"cri_se_battle_skill_shot"},{"time":2.2,"name":"Voice","string":"cri_249_voice_fullarts_rank5_01"},{"time":2.2666,"name":"Sound1","string":"cri_se_battle_skill_reaper"},{"time":2.3666,"name":"Event","float":0.2,"string":"kHitStopType_normal"},{"time":2.3666,"name":"Event2","float":2.2,"string":"shakeGround"},{"time":2.4333,"name":"Event","float":0.3,"string":"kHitStopType_enemyonly"},{"time":2.4333,"name":"Hit","string":"resetHitList"},{"time":2.5,"name":"Event2","float":2.2,"string":"shakeGround"},{"time":2.5,"name":"Hit","string":"resetHitList"},{"time":2.5666,"name":"Hit","string":"resetHitList"},{"time":2.6333,"name":"Event2","float":2.2,"string":"shakeGround"},{"time":2.6333,"name":"Hit","string":"resetHitList"},{"time":2.7,"name":"Hit","string":"resetHitList"},{"time":2.7333,"name":"Sound1","string":"cri_se_battle_skill_elxplosion"},{"time":2.7666,"name":"Event2","float":2.2,"string":"shakeGround"},{"time":2.7666,"name":"Hit","string":"resetHitList"},{"time":2.8333,"name":"Hit","string":"resetHitList"},{"time":2.9,"name":"Event2","float":2.2,"string":"shakeGround"},{"time":2.9,"name":"Hit","string":"resetHitList"},{"time":2.9666,"name":"Hit","string":"resetHitList"},{"time":3.0333,"name":"Event2","float":2.2,"string":"shakeGround"},{"time":3.0333,"name":"Hit","string":"resetHitList"},{"time":3.1,"name":"Hit","string":"resetHitList"},{"time":3.1666,"name":"Event2","float":2.2,"string":"shakeGround"},{"time":3.1666,"name":"Hit","string":"resetHitList"},{"time":3.2333,"name":"Hit","string":"resetHitList"},{"time":3.3,"name":"Event2","float":2.2,"string":"shakeGround"},{"time":3.3,"name":"Hit","string":"resetHitList"},{"time":3.3666,"name":"Hit","string":"resetHitList"},{"time":3.4333,"name":"Event2","float":2.2,"string":"shakeGround"},{"time":3.4333,"name":"Hit","string":"resetHitList"},{"time":3.5,"name":"Hit","string":"resetHitList"},{"time":3.5666,"name":"Event2","float":2.2,"string":"shakeGround"},{"time":3.5666,"name":"Hit","string":"resetHitList"},{"time":3.6333,"name":"Hit","string":"resetHitList"},{"time":3.7,"name":"Event","float":0.2,"string":"kHitStopType_normal"},{"time":3.7,"name":"Event2","float":2.8,"string":"shakeGround"},{"time":3.7,"name":"Hit","string":"resetHitList"}]}}}