{"skeleton":{"hash":"8rmHG7tEPSU50wc4uMDN/m3hRRY","spine":"3.0.12","width":0,"height":0},"bones":[{"name":"root"},{"name":"MAIN","parent":"root","y":45},{"name":"SHADOW-OFFSET","parent":"MAIN"},{"name":"HITBOX","parent":"MAIN","y":-0.74,"scaleX":0.448,"scaleY":0.942},{"name":"EF","parent":"MAIN","x":288.37,"y":141.79},{"name":"EF/wave_ground/370_S1_wave1_2","parent":"root","x":444.76,"y":322.78},{"name":"EF/wave_ground/370_S1_wave1_00002","parent":"root","x":444.76,"y":322.78},{"name":"EF/shock_dash/370_S1_dash1_00000","parent":"root","x":400.06,"y":186.99},{"name":"DAMAGEAREA","parent":"root","y":45}],"slots":[{"name":"Grit/bg","bone":"root","color":"6b6b6bff"},{"name":"Grit/grid","bone":"root"},{"name":"EF/wave_ground/370_S1_wave1_00002","bone":"EF/wave_ground/370_S1_wave1_00002","blend":"additive"},{"name":"EF/wave_ground/370_S1_wave1_2","bone":"EF/wave_ground/370_S1_wave1_2","blend":"additive"},{"name":"EF/shock_dash/370_S1_dash1_00000","bone":"EF/shock_dash/370_S1_dash1_00000","blend":"additive"},{"name":"MAIN","bone":"MAIN","attachment":"idle_00"},{"name":"HITBOX","bone":"HITBOX","attachment":"HITBOX"},{"name":"DAMAGEAREA","bone":"DAMAGEAREA"}],"skins":{"default":{"DAMAGEAREA":{"DAMAGEAREA":{"type":"boundingbox","vertices":[-63.82303,-66.1472,63.04967,-66.1472,64.04867,64.38847,-63.49002,62.05747]}},"EF/shock_dash/370_S1_dash1_00000":{"EF/shock_dash/370_S1_dash1_00000":{"x":28.3,"y":32.03,"width":250,"height":250},"EF/shock_dash/370_S1_dash1_00001":{"x":28.3,"y":32.03,"width":250,"height":250},"EF/shock_dash/370_S1_dash1_00002":{"x":28.3,"y":32.03,"width":250,"height":250},"EF/shock_dash/370_S1_dash1_00003":{"x":28.3,"y":32.03,"width":250,"height":250},"EF/shock_dash/370_S1_dash1_00004":{"x":28.3,"y":32.03,"width":250,"height":250},"EF/shock_dash/370_S1_dash1_00005":{"x":28.3,"y":32.03,"width":250,"height":250},"EF/shock_dash/370_S1_dash1_00006":{"x":28.3,"y":32.03,"width":250,"height":250},"EF/shock_dash/370_S1_dash1_00007":{"x":28.3,"y":32.03,"width":250,"height":250},"EF/shock_dash/370_S1_dash1_00008":{"x":28.3,"y":32.03,"width":250,"height":250},"EF/shock_dash/370_S1_dash1_00009":{"x":28.3,"y":32.03,"width":250,"height":250}},"EF/wave_ground/370_S1_wave1_00002":{"EF/wave_ground/370_S1_wave1_00002":{"y":10.22,"width":250,"height":250},"EF/wave_ground/370_S1_wave1_00003":{"y":10.22,"width":250,"height":250},"EF/wave_ground/370_S1_wave1_00004":{"y":10.22,"width":250,"height":250},"EF/wave_ground/370_S1_wave1_00005":{"y":10.22,"width":250,"height":250},"EF/wave_ground/370_S1_wave1_00006":{"y":10.22,"width":250,"height":250},"EF/wave_ground/370_S1_wave1_00007":{"y":10.22,"width":250,"height":250},"EF/wave_ground/370_S1_wave1_00008":{"y":10.22,"width":250,"height":250},"EF/wave_ground/370_S1_wave1_00009":{"y":10.22,"width":250,"height":250}},"EF/wave_ground/370_S1_wave1_2":{"EF/wave_ground/370_S1_wave1_00002":{"y":10.22,"width":250,"height":250},"EF/wave_ground/370_S1_wave1_00003":{"y":10.22,"width":250,"height":250},"EF/wave_ground/370_S1_wave1_00004":{"y":10.22,"width":250,"height":250},"EF/wave_ground/370_S1_wave1_00005":{"y":10.22,"width":250,"height":250},"EF/wave_ground/370_S1_wave1_00006":{"y":10.22,"width":250,"height":250},"EF/wave_ground/370_S1_wave1_00007":{"y":10.22,"width":250,"height":250},"EF/wave_ground/370_S1_wave1_00008":{"y":10.22,"width":250,"height":250},"EF/wave_ground/370_S1_wave1_00009":{"y":10.22,"width":250,"height":250}},"HITBOX":{"HITBOX":{"type":"boundingbox","vertices":[-64.50764,-64.62549,64.04907,-64.30649,62.45407,64.56921,-63.55063,62.9742]}},"MAIN":{"attack1_00":{"x":-0.06,"y":65.61,"width":400,"height":400},"attack1_01":{"x":-0.06,"y":65.61,"width":400,"height":400},"attack1_02":{"x":-0.06,"y":65.61,"width":400,"height":400},"attack1_03":{"x":-0.06,"y":65.61,"width":400,"height":400},"attack1_04":{"x":-0.06,"y":65.61,"width":400,"height":400},"attack1_05":{"x":-0.06,"y":65.61,"width":400,"height":400},"attack1_06":{"x":-0.06,"y":65.61,"width":400,"height":400},"attack1_07":{"x":-0.06,"y":65.61,"width":400,"height":400},"attack1_08":{"x":-0.06,"y":65.61,"width":400,"height":400},"attack1_09":{"x":-0.06,"y":65.61,"width":400,"height":400},"back_00":{"x":-0.06,"y":65.61,"width":400,"height":400},"damage_00":{"x":-0.06,"y":65.61,"width":400,"height":400},"front_00":{"x":-0.06,"y":65.61,"width":400,"height":400},"idle_00":{"x":-0.06,"y":65.61,"width":400,"height":400},"idle_01":{"x":-0.06,"y":65.61,"width":400,"height":400},"idle_02":{"x":-0.06,"y":65.61,"width":400,"height":400},"idle_03":{"x":-0.06,"y":65.61,"width":400,"height":400},"idle_04":{"x":-0.06,"y":65.61,"width":400,"height":400},"skill1_00":{"x":-0.06,"y":65.61,"width":400,"height":400},"skill1_01":{"x":6.6,"y":61.51,"width":400,"height":400},"skill2_00":{"x":-0.06,"y":65.61,"width":400,"height":400},"skill2_01":{"x":-0.06,"y":65.61,"width":400,"height":400},"skill2_02":{"x":-0.06,"y":65.61,"width":400,"height":400},"skill2_03":{"x":-0.06,"y":65.61,"width":400,"height":400},"skill2_04":{"x":-0.06,"y":65.61,"width":400,"height":400},"skill2_05":{"x":-0.06,"y":65.61,"width":400,"height":400},"skill2_06":{"x":-0.06,"y":65.61,"width":400,"height":400},"skill2_07":{"x":-4.03,"y":58.12,"width":400,"height":400}}}},"events":{"Event":{},"Hit":{},"Sound1":{},"Sound2":{},"Voice":{}},"animations":{"attack1":{"slots":{"DAMAGEAREA":{"attachment":[{"time":0.4,"name":"DAMAGEAREA"},{"time":0.4666,"name":null},{"time":0.7,"name":"DAMAGEAREA"},{"time":0.7666,"name":null},{"time":0.8333,"name":"DAMAGEAREA"},{"time":0.9,"name":null},{"time":1.2666,"name":"DAMAGEAREA"},{"time":1.3333,"name":null}]},"MAIN":{"attachment":[{"time":0,"name":"idle_00"},{"time":0.0666,"name":"attack1_00"},{"time":0.1666,"name":"attack1_01"},{"time":0.2333,"name":"attack1_02"},{"time":0.3,"name":"attack1_03"},{"time":0.4,"name":"attack1_04"},{"time":0.5,"name":"attack1_05"},{"time":0.6,"name":"attack1_02"},{"time":0.6666,"name":"attack1_03"},{"time":0.7,"name":"attack1_04"},{"time":0.7666,"name":"attack1_03"},{"time":0.8333,"name":"attack1_04"},{"time":0.8666,"name":"attack1_05"},{"time":0.9333,"name":"attack1_02"},{"time":1,"name":"attack1_03"},{"time":1.2666,"name":"attack1_07"},{"time":1.3333,"name":"attack1_08"},{"time":1.4666,"name":"attack1_09"},{"time":1.6,"name":"attack1_00"},{"time":1.6666,"name":"idle_00"}]}},"bones":{"MAIN":{"translate":[{"time":0,"x":0,"y":0,"curve":"stepped"},{"time":0.0666,"x":33.19,"y":0,"curve":"stepped"},{"time":0.1666,"x":76.82,"y":4.1,"curve":"stepped"},{"time":1,"x":76.82,"y":3.32,"curve":"stepped"},{"time":1.0333,"x":76.82,"y":4.1,"curve":"stepped"},{"time":1.0666,"x":76.82,"y":3.32,"curve":"stepped"},{"time":1.1,"x":76.82,"y":4.1,"curve":"stepped"},{"time":1.1333,"x":76.82,"y":3.32,"curve":"stepped"},{"time":1.1666,"x":76.82,"y":4.1,"curve":"stepped"},{"time":1.2,"x":76.82,"y":3.32,"curve":"stepped"},{"time":1.2333,"x":76.82,"y":4.1,"curve":"stepped"},{"time":1.6,"x":22.64,"y":-1.75,"curve":"stepped"},{"time":1.6666,"x":0,"y":0}]},"DAMAGEAREA":{"translate":[{"time":0,"x":-367.1,"y":7.95},{"time":0.4,"x":-48.5,"y":7.95},{"time":0.4333,"x":-367.1,"y":7.95,"curve":"stepped"},{"time":0.7,"x":-48.5,"y":7.95},{"time":0.7333,"x":-367.1,"y":7.95,"curve":"stepped"},{"time":0.8333,"x":-48.5,"y":7.95},{"time":0.8666,"x":-367.1,"y":7.95,"curve":"stepped"},{"time":1.2666,"x":-48.5,"y":7.95},{"time":1.3,"x":-367.1,"y":7.95}],"scale":[{"time":0,"x":7.982,"y":0.769},{"time":0.4,"x":2.439,"y":0.769},{"time":0.4333,"x":7.982,"y":0.769,"curve":"stepped"},{"time":0.7,"x":2.439,"y":0.769},{"time":0.7333,"x":7.982,"y":0.769,"curve":"stepped"},{"time":0.8333,"x":2.439,"y":0.769},{"time":0.8666,"x":7.982,"y":0.769,"curve":"stepped"},{"time":1.2666,"x":2.439,"y":0.769},{"time":1.3,"x":7.982,"y":0.769}]}},"events":[{"time":0,"name":"Event","float":0.1,"string":"kHitStopType_enemyonly"},{"time":0,"name":"Hit","string":"setHitEffect(hit05c, 0)"},{"time":0.3666,"name":"Sound1","string":"cri_se_battle_arrow"},{"time":0.4,"name":"Sound1","string":"setHitSound(se_battle_026_stab)"},{"time":0.4,"name":"Voice","string":"cri_119_voice_attack_random"},{"time":0.6666,"name":"Sound1","string":"cri_se_battle_arrow"},{"time":0.7,"name":"Hit","string":"resetHitList"},{"time":0.7,"name":"Sound1","string":"setHitSound(se_battle_026_stab)"},{"time":0.8,"name":"Sound1","string":"cri_se_battle_arrow"},{"time":0.8333,"name":"Hit","string":"resetHitList"},{"time":0.8333,"name":"Sound1","string":"setHitSound(se_battle_026_stab)"},{"time":1.1666,"name":"Voice","string":"cri_119_voice_attack_c"},{"time":1.2333,"name":"Sound1","string":"cri_se_battle_arrow"},{"time":1.2666,"name":"Hit","string":"resetHitList"},{"time":1.2666,"name":"Sound1","string":"setHitSound(se_battle_026_stab)"}]},"attack2":{"slots":{"DAMAGEAREA":{"attachment":[{"time":0.6,"name":"DAMAGEAREA"},{"time":0.6666,"name":null}]},"MAIN":{"attachment":[{"time":0,"name":"idle_00"},{"time":0.0333,"name":"skill1_00"},{"time":0.2333,"name":"attack1_01"},{"time":0.4333,"name":"attack1_02"},{"time":0.5333,"name":"attack1_03"},{"time":0.6,"name":"attack1_04"},{"time":0.7,"name":"attack1_05"},{"time":0.8333,"name":"attack1_06"},{"time":1.1666,"name":"idle_00"}]}},"bones":{"MAIN":{"translate":[{"time":0,"x":-0.06,"y":0,"curve":[0.307,0.34,0.641,0.67]},{"time":0.1,"x":87.58,"y":34.52,"curve":[0.409,0.16,0.677,0.83]},{"time":0.2,"x":137.91,"y":22.33},{"time":0.2333,"x":163.08,"y":-0.73,"curve":[0.229,0.45,0.624,0.79]},{"time":0.3,"x":163.82,"y":0,"curve":[0.229,0.45,0.624,0.79]},{"time":0.4,"x":195.21,"y":-0.75,"curve":[0.381,0.65,0.747,1]},{"time":0.5333,"x":202.62,"y":-1.24,"curve":"stepped"},{"time":0.5666,"x":202.62,"y":-1.24},{"time":0.6,"x":202.35,"y":-0.24}]},"DAMAGEAREA":{"translate":[{"time":0.6,"x":-48.5,"y":7.95},{"time":0.6333,"x":-367.1,"y":7.95}],"scale":[{"time":0.6,"x":2.439,"y":0.769},{"time":0.6333,"x":7.982,"y":0.769}]}},"events":[{"time":0,"name":"Event","float":0.1,"string":"kHitStopType_enemyonly"},{"time":0,"name":"Hit","string":"setHitEffect(hit05c, 0)"},{"time":0.0333,"name":"Event","string":"kImpactType_knock"},{"time":0.0333,"name":"Sound1","string":"cri_se_battle_jump"},{"time":0.5666,"name":"Sound1","string":"cri_se_battle_arrow"},{"time":0.5666,"name":"Voice","string":"cri_119_voice_attack_c"},{"time":0.6,"name":"Sound1","string":"setHitSound(se_battle_026_stab)"}]},"back":{"slots":{"MAIN":{"attachment":[{"time":0,"name":"back_00"},{"time":0.3333,"name":"idle_00"},{"time":0.5,"name":"idle_01"}]}},"bones":{"MAIN":{"translate":[{"time":0,"x":2.72,"y":0,"curve":[0.205,0.38,0.571,0.72]},{"time":0.1,"x":70.26,"y":16.99,"curve":[0.363,0.63,0.85,0.97]},{"time":0.3333,"x":129.93,"y":0},{"time":0.5,"x":139.93,"y":0}]}},"events":[{"time":0,"name":"Sound1","string":"cri_se_battle_jump"},{"time":0.3333,"name":"Sound1","string":"cri_se_battle_landing"}]},"cast":{"slots":{"MAIN":{"attachment":[{"time":0,"name":"idle_00"},{"time":0.0666,"name":"attack1_00"},{"time":0.1666,"name":"attack1_01"},{"time":0.2333,"name":"attack1_02"},{"time":0.3,"name":"attack1_03"},{"time":0.5,"name":"attack1_09"},{"time":0.6333,"name":"attack1_00"},{"time":0.7,"name":"idle_00"}]}},"bones":{"MAIN":{"translate":[{"time":0,"x":0,"y":0,"curve":"stepped"},{"time":0.0666,"x":33.19,"y":0,"curve":"stepped"},{"time":0.1666,"x":76.82,"y":4.1,"curve":"stepped"},{"time":0.6333,"x":22.64,"y":-1.75,"curve":"stepped"},{"time":0.7,"x":0,"y":0}]}},"events":[{"time":0.3,"name":"Voice","string":"cri_119_voice_item"}]},"damage":{"slots":{"MAIN":{"attachment":[{"time":0,"name":"damage_00"}]}}},"front":{"slots":{"MAIN":{"attachment":[{"time":0,"name":"front_00"}]}}},"idle":{"slots":{"MAIN":{"attachment":[{"time":0,"name":"idle_00"},{"time":0.1666,"name":"idle_01"},{"time":0.3333,"name":"idle_02"},{"time":0.5,"name":"idle_03"},{"time":0.6666,"name":"idle_04"},{"time":0.8333,"name":"idle_00"}]}}},"skill1":{"slots":{"DAMAGEAREA":{"attachment":[{"time":1.3666,"name":"DAMAGEAREA"},{"time":1.7,"name":null}]},"EF/shock_dash/370_S1_dash1_00000":{"attachment":[{"time":1.3,"name":"EF/shock_dash/370_S1_dash1_00000"},{"time":1.3333,"name":"EF/shock_dash/370_S1_dash1_00001"},{"time":1.3666,"name":"EF/shock_dash/370_S1_dash1_00002"},{"time":1.4,"name":"EF/shock_dash/370_S1_dash1_00003"},{"time":1.4333,"name":"EF/shock_dash/370_S1_dash1_00004"},{"time":1.4666,"name":"EF/shock_dash/370_S1_dash1_00005"},{"time":1.5,"name":"EF/shock_dash/370_S1_dash1_00006"},{"time":1.5333,"name":"EF/shock_dash/370_S1_dash1_00007"},{"time":1.5666,"name":"EF/shock_dash/370_S1_dash1_00008"},{"time":1.6,"name":"EF/shock_dash/370_S1_dash1_00009"},{"time":1.6333,"name":null}]},"EF/wave_ground/370_S1_wave1_00002":{"attachment":[{"time":0.7666,"name":"EF/wave_ground/370_S1_wave1_00002"},{"time":0.8,"name":"EF/wave_ground/370_S1_wave1_00003"},{"time":0.8333,"name":"EF/wave_ground/370_S1_wave1_00004"},{"time":0.8666,"name":"EF/wave_ground/370_S1_wave1_00005"},{"time":0.9,"name":"EF/wave_ground/370_S1_wave1_00006"},{"time":0.9333,"name":"EF/wave_ground/370_S1_wave1_00007"},{"time":0.9666,"name":"EF/wave_ground/370_S1_wave1_00008"},{"time":1,"name":"EF/wave_ground/370_S1_wave1_00009"},{"time":1.0333,"name":"EF/wave_ground/370_S1_wave1_00009"},{"time":1.0666,"name":null},{"time":1.3,"name":"EF/wave_ground/370_S1_wave1_00002"},{"time":1.3333,"name":"EF/wave_ground/370_S1_wave1_00003"},{"time":1.3666,"name":"EF/wave_ground/370_S1_wave1_00004"},{"time":1.4,"name":"EF/wave_ground/370_S1_wave1_00005"},{"time":1.4333,"name":"EF/wave_ground/370_S1_wave1_00006"},{"time":1.4666,"name":"EF/wave_ground/370_S1_wave1_00007"},{"time":1.5,"name":"EF/wave_ground/370_S1_wave1_00008"},{"time":1.5333,"name":"EF/wave_ground/370_S1_wave1_00009"},{"time":1.6,"name":null}],"color":[{"time":0.7666,"color":"ffffffff","curve":"stepped"},{"time":0.9333,"color":"ffffffff"},{"time":1.0666,"color":"ffffff00","curve":"stepped"},{"time":1.3,"color":"ffffffff","curve":"stepped"},{"time":1.4666,"color":"ffffffff"},{"time":1.6,"color":"ffffff00"}]},"EF/wave_ground/370_S1_wave1_2":{"attachment":[{"time":0.9333,"name":"EF/wave_ground/370_S1_wave1_00002"},{"time":0.9666,"name":"EF/wave_ground/370_S1_wave1_00003"},{"time":1,"name":"EF/wave_ground/370_S1_wave1_00004"},{"time":1.0333,"name":"EF/wave_ground/370_S1_wave1_00005"},{"time":1.0666,"name":"EF/wave_ground/370_S1_wave1_00006"},{"time":1.1,"name":"EF/wave_ground/370_S1_wave1_00007"},{"time":1.1333,"name":"EF/wave_ground/370_S1_wave1_00008"},{"time":1.1666,"name":"EF/wave_ground/370_S1_wave1_00009"},{"time":1.2,"name":null},{"time":1.4333,"name":"EF/wave_ground/370_S1_wave1_00002"},{"time":1.4666,"name":"EF/wave_ground/370_S1_wave1_00003"},{"time":1.5,"name":"EF/wave_ground/370_S1_wave1_00004"},{"time":1.5333,"name":"EF/wave_ground/370_S1_wave1_00005"},{"time":1.5666,"name":"EF/wave_ground/370_S1_wave1_00007"},{"time":1.6,"name":"EF/wave_ground/370_S1_wave1_00008"},{"time":1.6333,"name":"EF/wave_ground/370_S1_wave1_00009"},{"time":1.7,"name":null}],"color":[{"time":0.9333,"color":"ffffffff","curve":"stepped"},{"time":1.0666,"color":"ffffffff"},{"time":1.2,"color":"ffffff00","curve":"stepped"},{"time":1.4333,"color":"ffffffff","curve":"stepped"},{"time":1.5666,"color":"ffffffff"},{"time":1.7,"color":"ffffff00"}]},"MAIN":{"attachment":[{"time":0,"name":"idle_00"},{"time":0.0333,"name":"skill1_00"},{"time":0.2333,"name":"skill1_01"},{"time":0.7333,"name":"attack1_01"},{"time":0.7666,"name":"attack1_02"},{"time":0.9333,"name":"attack1_03"},{"time":1.3333,"name":"attack1_04"},{"time":1.4333,"name":"attack1_05"},{"time":1.5666,"name":"attack1_06"},{"time":1.8333,"name":"idle_00"}]}},"bones":{"MAIN":{"translate":[{"time":0,"x":-0.06,"y":0,"curve":[0.307,0.34,0.641,0.67]},{"time":0.1,"x":87.58,"y":34.52,"curve":[0.249,0.72,0.78,0.78]},{"time":0.2333,"x":163.08,"y":-0.73,"curve":[0.229,0.45,0.624,0.79]},{"time":0.3,"x":163.82,"y":0,"curve":[0.229,0.45,0.624,0.79]},{"time":0.7333,"x":195.21,"y":-0.75,"curve":[0.381,0.65,0.747,1]},{"time":1.1,"x":202.62,"y":-1.24},{"time":1.1333,"x":202.35,"y":-0.24},{"time":1.1666,"x":202.62,"y":-1.24},{"time":1.2,"x":202.35,"y":-0.24},{"time":1.2333,"x":202.62,"y":-1.24},{"time":1.2666,"x":202.35,"y":-0.24},{"time":1.3,"x":202.62,"y":-1.24},{"time":1.3333,"x":202.35,"y":-0.24}]},"EF/wave_ground/370_S1_wave1_00002":{"translate":[{"time":0.7666,"x":-263.8,"y":-328.54,"curve":"stepped"},{"time":1.3,"x":-245.94,"y":-328.54}],"scale":[{"time":0.7666,"x":0.929,"y":0.929},{"time":0.8333,"x":3.146,"y":3.146},{"time":1.0333,"x":2.913,"y":2.913,"curve":"stepped"},{"time":1.3,"x":0.929,"y":0.929},{"time":1.3666,"x":3.146,"y":3.146},{"time":1.5666,"x":2.913,"y":2.913}]},"EF/wave_ground/370_S1_wave1_2":{"translate":[{"time":0.9333,"x":-259.2,"y":-328.54,"curve":"stepped"},{"time":1.4333,"x":-246.79,"y":-328.54}],"scale":[{"time":0.9333,"x":0.929,"y":0.929},{"time":1,"x":3.146,"y":3.146},{"time":1.2,"x":2.913,"y":2.913,"curve":"stepped"},{"time":1.4333,"x":0.929,"y":0.929},{"time":1.5,"x":3.146,"y":3.146},{"time":1.7,"x":2.913,"y":2.913}]},"EF/shock_dash/370_S1_dash1_00000":{"translate":[{"time":1.3,"x":-159.58,"y":-172.27}],"scale":[{"time":1.3,"x":3.412,"y":3.412}]},"DAMAGEAREA":{"translate":[{"time":1.3666,"x":155.93,"y":38.53},{"time":1.6666,"x":-1318.03,"y":38.53}],"scale":[{"time":1.3666,"x":4.326,"y":0.773}]}},"events":[{"time":0,"name":"Event","float":0.1,"string":"kHitStopType-normal"},{"time":0.0333,"name":"Event","string":"kImpactType_knock"},{"time":0.0333,"name":"Sound1","string":"cri_se_battle_jump"},{"time":0.2333,"name":"Sound1","string":"cri_se_battle_landing"},{"time":0.7666,"name":"Sound1","string":"cri_se_battle_charge"},{"time":0.7666,"name":"Voice","string":"cri_119_voice_skill_all"},{"time":1.2666,"name":"Event","string":"shakeGround"},{"time":1.2666,"name":"Sound1","string":"cri_se_battle_gun_burst"},{"time":1.2666,"name":"Sound2","string":"cri_se_battle_skill_swish"},{"time":1.3,"name":"Event","string":"setHitEffect(hit05c,1,2,0)"},{"time":1.3,"name":"Sound1","string":"setHitSound(se_battle_sword_heavy_hit)"},{"time":1.3333,"name":"Event","float":0.05,"string":"kHitStopType-normal"},{"time":1.4333,"name":"Hit","float":10,"string":"resetHitList"},{"time":1.4666,"name":"Hit","float":10,"string":"resetHitList"},{"time":1.5,"name":"Hit","float":10,"string":"resetHitList"}]},"skill2":{"slots":{"MAIN":{"attachment":[{"time":0,"name":"skill2_05"},{"time":0.0666,"name":"skill2_00"},{"time":0.1,"name":"skill2_01"},{"time":0.2333,"name":"skill2_02"},{"time":0.3,"name":"skill2_03"},{"time":0.4,"name":"skill2_04"},{"time":0.4666,"name":"skill2_05"},{"time":0.5333,"name":"skill2_06"},{"time":5.6666,"name":"skill2_07"},{"time":5.9,"name":"idle_00"},{"time":5.9666,"name":"skill2_00"},{"time":6.3,"name":"idle_00"},{"time":6.4333,"name":"idle_00"}],"color":[{"time":0.4666,"color":"ffffffff","curve":[0.427,0.2,0.637,0.34]},{"time":0.6,"color":"ffffff00","curve":"stepped"},{"time":5.6666,"color":"ffffff00","curve":[0.735,0.02,0.698,0.93]},{"time":5.9,"color":"ffffffff"}]}},"bones":{"MAIN":{"rotate":[{"time":0,"angle":54.48,"curve":"stepped"},{"time":0.0666,"angle":0,"curve":"stepped"},{"time":0.1,"angle":-17.03,"curve":"stepped"},{"time":0.3,"angle":54.48,"curve":"stepped"},{"time":5.6666,"angle":0}],"translate":[{"time":0,"x":77.79,"y":239.41},{"time":0.0666,"x":0,"y":-2.52},{"time":0.1,"x":16.36,"y":86.75,"curve":[0.059,0.59,0.75,1]},{"time":0.3,"x":60.56,"y":224.24,"curve":"stepped"},{"time":0.4,"x":60.56,"y":224.24,"curve":[0.111,0.65,0.75,1]},{"time":0.6333,"x":125.64,"y":303.45,"curve":"stepped"},{"time":5.6666,"x":-0.06,"y":72.96,"curve":[0.124,-0.02,0.993,0]},{"time":5.9,"x":0,"y":0,"curve":"stepped"},{"time":5.9666,"x":0,"y":-3.67,"curve":"stepped"},{"time":6.0333,"x":0,"y":0}]}},"events":[{"time":0.1,"name":"Sound1","string":"cri_se_battle_jump"},{"time":0.1,"name":"Voice","string":"cri_119_voice_fullarts_rank5"},{"time":0.4,"name":"Event","string":"addOrbitSystem-s2orbit"},{"time":0.5,"name":"Event","string":"addOrbitSystemCamera-mist"},{"time":0.5333,"name":"Event","int":-1,"float":-1,"string":"addOrbitSystem-mist_s"},{"time":0.6333,"name":"Event","string":"setInvincibleTime(5.0)"},{"time":0.7,"name":"Event","string":"runSkillEffect"},{"time":5.9,"name":"Sound1","string":"cri_se_battle_landing"}]},"test":{"slots":{"MAIN":{"attachment":[{"time":0,"name":null}]}}}}}