{"skeleton":{"hash":"Km/k51PY9p2VKcTGTErNM1k3Zo0","spine":"3.0.12","width":500,"height":500,"images":"./images/"},"bones":[{"name":"root"},{"name":"S1,2_wave3","parent":"root","x":277.79,"y":-529.16,"scaleX":2,"scaleY":2,"color":"00fffbff"},{"name":"S1,2_wave2","parent":"root","x":277.79,"y":-470.22,"scaleX":2,"scaleY":2,"color":"00fffbff"},{"name":"S1,2_wave1","parent":"root","x":277.79,"y":-414.86,"scaleX":2,"scaleY":2,"color":"00fffbff"},{"name":"MAIN","parent":"root","y":65},{"name":"SHADOW-OFFSET","parent":"MAIN","y":-51.96,"scaleX":1.2,"scaleY":1.2},{"name":"R_hand","parent":"MAIN","x":-16.69,"y":-16.01,"color":"2bff00ff"},{"name":"L_hand","parent":"MAIN","x":68.21,"y":-2.56,"color":"ff0006ff"},{"name":"HITBOX","parent":"MAIN","y":-65,"scaleX":1.25,"scaleY":1.25},{"name":"DAMAGEAREA","parent":"root","color":"009b03ff"},{"name":"A1_slash","parent":"root","x":724.67,"y":-267.82},{"name":"weapon","parent":"MAIN","x":-56.57,"y":-15.81,"rotation":-9.22,"color":"0600ffff"}],"slots":[{"name":"grid/nounit(0.88)","bone":"root","color":"707070ff"},{"name":"grid/grid","bone":"root"},{"name":"EF/5120_S1_wave1/5120_S1_wave1_00001","bone":"S1,2_wave1","blend":"additive"},{"name":"EF/5120_S1_wave1/5120_S1_wave1_1","bone":"S1,2_wave2","blend":"additive"},{"name":"EF/5120_S1_wave1/5120_S1_wave1_2","bone":"S1,2_wave3","blend":"additive"},{"name":"MAIN","bone":"MAIN","attachment":"idle_00"},{"name":"weapon","bone":"weapon","attachment":"weapon"},{"name":"R_arm_3","bone":"R_hand","attachment":"R_arm_3"},{"name":"L_arm_3_big_stance","bone":"L_hand"},{"name":"EF/EF_slash_Dot/10000-combo_16_ef2_1B","bone":"A1_slash","color":"ff0900ff","blend":"additive"},{"name":"EF/EF_slash_Dot/10000-combo_16_ef2_1F","bone":"A1_slash","color":"ff0900ff","blend":"additive"},{"name":"DAMAGEAREA","bone":"DAMAGEAREA"},{"name":"HITBOX","bone":"HITBOX","attachment":"HITBOX"}],"skins":{"default":{"DAMAGEAREA":{"DAMAGEAREA":{"type":"boundingbox","vertices":[-99.92901,-98.36902,97.74702,-97.68503,99.11503,95.88701,-98.561,95.88701]}},"EF/5120_S1_wave1/5120_S1_wave1_00001":{"EF/5120_S1_wave1/5120_S1_wave1_00001":{"x":-3.44,"y":5.6,"width":250,"height":250},"EF/5120_S1_wave1/5120_S1_wave1_00002":{"x":-3.44,"y":5.6,"width":250,"height":250},"EF/5120_S1_wave1/5120_S1_wave1_00003":{"x":-3.44,"y":5.6,"width":250,"height":250},"EF/5120_S1_wave1/5120_S1_wave1_00004":{"x":-3.44,"y":5.6,"width":250,"height":250},"EF/5120_S1_wave1/5120_S1_wave1_00005":{"x":-3.44,"y":5.6,"width":250,"height":250},"EF/5120_S1_wave1/5120_S1_wave1_00006":{"x":-3.44,"y":5.6,"width":250,"height":250},"EF/5120_S1_wave1/5120_S1_wave1_00007":{"x":-3.44,"y":5.6,"width":250,"height":250},"EF/5120_S1_wave1/5120_S1_wave1_00008":{"x":-3.44,"y":5.6,"width":250,"height":250},"EF/5120_S1_wave1/5120_S1_wave1_00009":{"x":-3.44,"y":5.6,"width":250,"height":250}},"EF/5120_S1_wave1/5120_S1_wave1_1":{"EF/5120_S1_wave1/5120_S1_wave1_00001":{"x":-3.44,"y":5.6,"width":250,"height":250},"EF/5120_S1_wave1/5120_S1_wave1_00002":{"x":-3.44,"y":5.6,"width":250,"height":250},"EF/5120_S1_wave1/5120_S1_wave1_00003":{"x":-3.44,"y":5.6,"width":250,"height":250},"EF/5120_S1_wave1/5120_S1_wave1_00004":{"x":-3.44,"y":5.6,"width":250,"height":250},"EF/5120_S1_wave1/5120_S1_wave1_00005":{"x":-3.44,"y":5.6,"width":250,"height":250},"EF/5120_S1_wave1/5120_S1_wave1_00006":{"x":-3.44,"y":5.6,"width":250,"height":250},"EF/5120_S1_wave1/5120_S1_wave1_00007":{"x":-3.44,"y":5.6,"width":250,"height":250},"EF/5120_S1_wave1/5120_S1_wave1_00008":{"x":-3.44,"y":5.6,"width":250,"height":250},"EF/5120_S1_wave1/5120_S1_wave1_00009":{"x":-3.44,"y":5.6,"width":250,"height":250}},"EF/5120_S1_wave1/5120_S1_wave1_2":{"EF/5120_S1_wave1/5120_S1_wave1_00001":{"x":-3.44,"y":5.6,"width":250,"height":250},"EF/5120_S1_wave1/5120_S1_wave1_00002":{"x":-3.44,"y":5.6,"width":250,"height":250},"EF/5120_S1_wave1/5120_S1_wave1_00003":{"x":-3.44,"y":5.6,"width":250,"height":250},"EF/5120_S1_wave1/5120_S1_wave1_00004":{"x":-3.44,"y":5.6,"width":250,"height":250},"EF/5120_S1_wave1/5120_S1_wave1_00005":{"x":-3.44,"y":5.6,"width":250,"height":250},"EF/5120_S1_wave1/5120_S1_wave1_00006":{"x":-3.44,"y":5.6,"width":250,"height":250},"EF/5120_S1_wave1/5120_S1_wave1_00007":{"x":-3.44,"y":5.6,"width":250,"height":250},"EF/5120_S1_wave1/5120_S1_wave1_00008":{"x":-3.44,"y":5.6,"width":250,"height":250},"EF/5120_S1_wave1/5120_S1_wave1_00009":{"x":-3.44,"y":5.6,"width":250,"height":250}},"EF/EF_slash_Dot/10000-combo_16_ef2_1B":{"EF/EF_slash_Dot/10000-combo_16_ef2_1B":{"x":-51,"y":-25.54,"width":412,"height":342}},"EF/EF_slash_Dot/10000-combo_16_ef2_1F":{"EF/EF_slash_Dot/10000-combo_16_ef2_1F":{"x":-51,"y":-25.54,"width":412,"height":342}},"HITBOX":{"HITBOX":{"type":"boundingbox","vertices":[-26.50064,3.92186,22.939,3.92186,22.939,80.86929,-26.87237,80.86929]}},"L_arm_3_big_stance":{"L_arm_3_big_stance":{"x":-2.55,"y":-88.23,"width":300,"height":300},"L_arm_3_over":{"x":-43.93,"y":-1.83,"width":300,"height":300}},"MAIN":{"attack1_00":{"x":-9,"y":15,"width":500,"height":500},"attack1_01":{"x":-53,"y":15,"width":500,"height":500},"attack1_02":{"x":-53,"y":15,"width":500,"height":500},"attack1_03":{"x":-53,"y":15,"width":500,"height":500},"attack1_04":{"x":27,"y":15,"width":500,"height":500},"attack1_05":{"x":27,"y":15,"width":500,"height":500},"attack1_06":{"x":27,"y":15,"width":500,"height":500},"attack1_07":{"x":27,"y":15,"width":500,"height":500},"attack1_08":{"x":27,"y":15,"width":500,"height":500},"attack1_09":{"x":-1,"y":13,"width":500,"height":500},"attack1_10":{"x":-1,"y":13,"width":500,"height":500},"attack1_11":{"x":-1,"y":13,"width":500,"height":500},"attack1_12":{"x":57,"y":15,"width":500,"height":500},"attack1_13":{"x":57,"y":15,"width":500,"height":500},"attack1_14":{"x":57,"y":15,"width":500,"height":500},"attack1_15":{"x":57,"y":15,"width":500,"height":500},"attack1_16":{"x":57,"y":15,"width":500,"height":500},"back_00":{"x":-11,"y":-6,"width":500,"height":500},"damage_00":{"x":14.44,"y":-9.39,"width":500,"height":500},"front_00":{"x":23,"y":1.5,"width":500,"height":500},"idle_00":{"x":8,"y":-2,"width":500,"height":500},"idle_01":{"x":8,"y":-2,"width":500,"height":500},"idle_02":{"x":8,"y":-2,"width":500,"height":500},"idle_03":{"x":8,"y":-2,"width":500,"height":500},"idle_04":{"x":8,"y":-2,"width":500,"height":500},"skill1_00":{"x":6,"y":-11,"width":500,"height":500},"skill1_01":{"x":22,"y":-11,"width":500,"height":500},"skill1_02":{"x":22,"y":-11,"width":500,"height":500},"skill1_03":{"x":22,"y":-11,"width":500,"height":500},"skill1_04":{"x":-9,"y":-12.5,"width":500,"height":500},"skill1_05":{"x":8.3,"y":-15,"width":500,"height":500},"skill1_06":{"x":8.3,"y":-15,"width":500,"height":500},"skill1_07":{"x":8.3,"y":-15,"width":500,"height":500},"skill1_08":{"x":8.3,"y":-15,"width":500,"height":500},"skill2_00":{"x":-5.8,"y":15.49,"width":500,"height":500},"skill2_01":{"x":-5.8,"y":15.5,"width":500,"height":500},"skill2_02":{"x":-5.8,"y":15.5,"width":500,"height":500},"skill2_03":{"x":-6,"y":15.5,"width":500,"height":500},"skill2_04":{"x":-6,"y":15.5,"width":500,"height":500},"skill2_05":{"x":-6,"y":15.5,"width":500,"height":500},"skill2_06":{"x":-6,"y":15.5,"width":500,"height":500},"skill2_07":{"x":-6,"y":15.5,"width":500,"height":500},"skill2_08":{"x":-6,"y":21,"width":500,"height":500},"skill2_09":{"x":-6,"y":21,"width":500,"height":500},"skill2_10":{"x":-6,"y":21,"width":500,"height":500},"skill2_11":{"x":-5.8,"y":21,"width":500,"height":500},"skill2_12":{"x":-5.8,"y":21,"width":500,"height":500},"skill2_13":{"x":-5.8,"y":21,"width":500,"height":500},"skill2_14":{"x":-5.8,"y":21,"width":500,"height":500},"skill2_15":{"x":-5.8,"y":21,"width":500,"height":500},"skill2_16":{"x":-5.8,"y":21,"width":500,"height":500},"skill2_17":{"x":-8.5,"y":14,"width":500,"height":500},"skill2_18":{"x":-8.5,"y":14,"width":500,"height":500},"skill2_19":{"x":-8.5,"y":14,"width":500,"height":500},"skill2_20":{"x":-9.6,"y":20.5,"width":500,"height":500},"skill2_21":{"x":19,"y":20.5,"width":500,"height":500},"skill2_22":{"x":19,"y":20.5,"width":500,"height":500},"skill2_23":{"x":19,"y":20.5,"width":500,"height":500},"skill2_24":{"x":19,"y":20.5,"width":500,"height":500}},"R_arm_3":{"R_arm_3":{"x":20.97,"y":2.31,"width":300,"height":300},"R_arm_3_atk2":{"x":29.66,"y":7.31,"width":300,"height":300},"R_arm_3_over":{"x":34.49,"y":-7.98,"width":300,"height":300}},"weapon":{"weapon":{"x":59.54,"y":11.38,"rotation":9.22,"width":300,"height":300},"weapon_d_1_reverse":{"x":63.71,"y":11.1,"width":300,"height":300},"weapon_d_2_reverse":{"x":63.71,"y":11.1,"width":300,"height":300},"weapon_master":{"x":63.71,"y":11.1,"width":300,"height":300}}}},"events":{"Event":{},"Event2":{},"Hit":{},"Sound1":{},"Sound2":{},"Sound3":{},"Voice":{}},"animations":{"attack1":{"slots":{"DAMAGEAREA":{"attachment":[{"time":0.7,"name":"DAMAGEAREA"},{"time":0.7666,"name":null},{"time":1.8333,"name":"DAMAGEAREA"},{"time":1.9,"name":null}]},"EF/EF_slash_Dot/10000-combo_16_ef2_1B":{"attachment":[{"time":0.7,"name":"EF/EF_slash_Dot/10000-combo_16_ef2_1B"},{"time":0.7333,"name":null},{"time":1.8333,"name":"EF/EF_slash_Dot/10000-combo_16_ef2_1B"},{"time":1.8666,"name":null}]},"EF/EF_slash_Dot/10000-combo_16_ef2_1F":{"attachment":[{"time":0.7,"name":"EF/EF_slash_Dot/10000-combo_16_ef2_1F"},{"time":0.7333,"name":null},{"time":1.8333,"name":"EF/EF_slash_Dot/10000-combo_16_ef2_1F"},{"time":1.8666,"name":null}]},"L_arm_3_big_stance":{"attachment":[{"time":1.8333,"name":"L_arm_3_big_stance"},{"time":2.2666,"name":null}]},"MAIN":{"attachment":[{"time":0,"name":"attack1_00"},{"time":0.1,"name":"attack1_01"},{"time":0.2333,"name":"attack1_02"},{"time":0.4,"name":"attack1_03"},{"time":0.7,"name":"attack1_04"},{"time":0.7666,"name":"attack1_05"},{"time":0.8666,"name":"attack1_06"},{"time":1.0666,"name":"attack1_07"},{"time":1.1666,"name":"attack1_08"},{"time":1.2333,"name":"attack1_09"},{"time":1.3666,"name":"attack1_10"},{"time":1.5666,"name":"attack1_11"},{"time":1.8333,"name":"attack1_12"},{"time":1.8666,"name":"attack1_13"},{"time":1.9,"name":"attack1_14"},{"time":2,"name":"attack1_15"},{"time":2.1333,"name":"attack1_16"},{"time":2.2666,"name":"back_00"},{"time":2.4,"name":"idle_04"},{"time":2.5333,"name":"idle_00"}]},"R_arm_3":{"attachment":[{"time":0,"name":null},{"time":1.8333,"name":"R_arm_3_atk2"},{"time":2.2666,"name":null},{"time":2.4,"name":"R_arm_3"}]},"weapon":{"attachment":[{"time":0,"name":null},{"time":0.1,"name":"weapon"},{"time":0.7,"name":"weapon_d_2_reverse"},{"time":1.1666,"name":"weapon_d_1_reverse"},{"time":1.2333,"name":"weapon_master"},{"time":2.2666,"name":null},{"time":2.4,"name":"weapon"}]}},"bones":{"MAIN":{"translate":[{"time":0,"x":0,"y":0,"curve":"stepped"},{"time":0.1,"x":46.55,"y":0,"curve":[0.25,0,0.812,0.72]},{"time":0.3,"x":51.79,"y":0,"curve":"stepped"},{"time":0.7,"x":-18,"y":0,"curve":[0.178,0.33,0.75,1]},{"time":0.8666,"x":-24,"y":0,"curve":"stepped"},{"time":1.2333,"x":-12.8,"y":0,"curve":"stepped"},{"time":1.8333,"x":-63.43,"y":0,"curve":[0.16,0.32,0.75,1]},{"time":1.9666,"x":-70,"y":0,"curve":"stepped"},{"time":2.2666,"x":-70,"y":0,"curve":[0.189,0.24,0.569,0.62]},{"time":2.3333,"x":-34.89,"y":8.32,"curve":[0.355,0.46,0.774,0.92]},{"time":2.4333,"x":0,"y":0}]},"A1_slash":{"rotate":[{"time":0.7,"angle":88.31,"curve":"stepped"},{"time":1.8333,"angle":-84.63}],"translate":[{"time":0.7,"x":-659.85,"y":366.45,"curve":"stepped"},{"time":1.8333,"x":-879.91,"y":280.62}],"scale":[{"time":0.7,"x":0.395,"y":-2.387,"curve":"stepped"},{"time":1.8333,"x":1.004,"y":-2.118}]},"DAMAGEAREA":{"translate":[{"time":0.7,"x":-72.03,"y":62.63,"curve":"stepped"},{"time":1.8333,"x":-139.89,"y":76.21}],"scale":[{"time":0.7,"x":1.583,"y":0.53,"curve":"stepped"},{"time":1.8333,"x":1.235,"y":0.954}]},"R_hand":{"rotate":[{"time":1.8333,"angle":15.46,"curve":"stepped"},{"time":1.8666,"angle":16.43,"curve":"stepped"},{"time":2.4,"angle":2.59,"curve":"stepped"},{"time":2.5333,"angle":0}],"translate":[{"time":0.1,"x":-0.25,"y":0,"curve":"stepped"},{"time":1.8333,"x":-34.41,"y":-9.72,"curve":"stepped"},{"time":1.8666,"x":-35.78,"y":-14.65,"curve":"stepped"},{"time":1.9,"x":-37.92,"y":-20.97,"curve":"stepped"},{"time":2.4,"x":0,"y":0.67,"curve":"stepped"},{"time":2.5333,"x":0,"y":0}]},"weapon":{"rotate":[{"time":0.1,"angle":-9.24,"curve":"stepped"},{"time":0.2333,"angle":-9.28,"curve":"stepped"},{"time":0.4,"angle":-9.23,"curve":"stepped"},{"time":0.7,"angle":22.47,"curve":"stepped"},{"time":0.7666,"angle":23.72,"curve":"stepped"},{"time":0.8666,"angle":25.81,"curve":"stepped"},{"time":1.0666,"angle":4.44,"curve":"stepped"},{"time":1.1666,"angle":-6.22,"curve":"stepped"},{"time":1.2333,"angle":-28.01,"curve":"stepped"},{"time":1.3666,"angle":-34.42,"curve":"stepped"},{"time":1.5666,"angle":-39.61,"curve":"stepped"},{"time":1.8333,"angle":-150.19,"curve":"stepped"},{"time":1.8666,"angle":-149.96,"curve":"stepped"},{"time":2.4,"angle":2.82,"curve":"stepped"},{"time":2.5333,"angle":0}],"translate":[{"time":0.1,"x":32.73,"y":19.69,"curve":"stepped"},{"time":0.2333,"x":36.41,"y":16.56,"curve":"stepped"},{"time":0.4,"x":39.72,"y":13.43,"curve":"stepped"},{"time":0.7,"x":48.59,"y":23.24,"curve":"stepped"},{"time":0.7666,"x":47.01,"y":24.65,"curve":"stepped"},{"time":0.8666,"x":46.48,"y":25.53,"curve":"stepped"},{"time":1.0666,"x":48.06,"y":24.12,"curve":"stepped"},{"time":1.1666,"x":45.6,"y":15.5,"curve":"stepped"},{"time":1.2333,"x":55.4,"y":66.37,"curve":"stepped"},{"time":1.3666,"x":63.24,"y":63.82,"curve":"stepped"},{"time":1.5666,"x":67.78,"y":57.12,"curve":"stepped"},{"time":1.8333,"x":50.15,"y":-0.54,"curve":"stepped"},{"time":1.8666,"x":49.97,"y":-3.66,"curve":"stepped"},{"time":1.9,"x":49.97,"y":-7.95,"curve":"stepped"},{"time":2.4,"x":0,"y":-0.59,"curve":"stepped"},{"time":2.5333,"x":0,"y":0}],"scale":[{"time":0.1,"x":1,"y":-1,"curve":"stepped"},{"time":2.4,"x":1,"y":1}]},"L_hand":{"rotate":[{"time":1.8333,"angle":-47.99}],"translate":[{"time":1.8333,"x":-34.27,"y":6.31,"curve":"stepped"},{"time":1.8666,"x":-34.51,"y":2.04,"curve":"stepped"},{"time":1.9,"x":-34.51,"y":-2.54}],"scale":[{"time":1.8333,"x":1,"y":-1}]}},"drawOrder":[{"time":0.1,"offsets":[{"slot":"MAIN","offset":1}]},{"time":1.8333,"offsets":[{"slot":"EF/EF_slash_Dot/10000-combo_16_ef2_1B","offset":-4}]}],"events":[{"time":0,"name":"Event","float":0.15,"string":"kHitStopType_normal"},{"time":0.7,"name":"Sound1","string":"cri_se_battle_sword_swish_heavy"},{"time":0.7,"name":"Sound2","string":"cri_se_battle_026_stab"},{"time":0.7,"name":"Voice","string":"cri_111_voice_attack_random"},{"time":1.8,"name":"Event","string":"kImpactType_down"},{"time":1.8333,"name":"Hit","string":"resetHitList"},{"time":1.8333,"name":"Sound1","string":"cri_se_battle_sword_swish_heavy"},{"time":1.8333,"name":"Sound2","string":"cri_se_battle_026_stab"},{"time":1.8333,"name":"Voice","string":"cri_111_voice_attack_c"}]},"back":{"slots":{"MAIN":{"attachment":[{"time":0,"name":"back_00"},{"time":0.2666,"name":"idle_03"},{"time":0.4,"name":"idle_04"},{"time":0.5333,"name":"idle_00"}]},"R_arm_3":{"attachment":[{"time":0,"name":null},{"time":0.2666,"name":"R_arm_3"}]},"weapon":{"attachment":[{"time":0,"name":null},{"time":0.2666,"name":"weapon"}]}},"bones":{"MAIN":{"translate":[{"time":0,"x":0,"y":0,"curve":[0.219,0.29,0.582,0.65]},{"time":0.1,"x":59.59,"y":15,"curve":[0.338,0.51,0.765,1]},{"time":0.3,"x":125,"y":0},{"time":0.4333,"x":140,"y":0}]},"R_hand":{"rotate":[{"time":0.2666,"angle":5.95,"curve":"stepped"},{"time":0.4,"angle":2.59,"curve":"stepped"},{"time":0.5333,"angle":0}],"translate":[{"time":0.2666,"x":-0.43,"y":2.38,"curve":"stepped"},{"time":0.4,"x":0,"y":0.67,"curve":"stepped"},{"time":0.5333,"x":0,"y":0}]},"weapon":{"rotate":[{"time":0.2666,"angle":6.04,"curve":"stepped"},{"time":0.4,"angle":2.82,"curve":"stepped"},{"time":0.5333,"angle":0}],"translate":[{"time":0.2666,"x":-0.43,"y":-1.4,"curve":"stepped"},{"time":0.4,"x":0,"y":-0.59,"curve":"stepped"},{"time":0.5333,"x":0,"y":0}]}},"events":[{"time":0,"name":"Sound3","string":"cri_se_battle_jump"},{"time":0.2666,"name":"Sound3","string":"cri_se_battle_landing"}]},"cast":{"slots":{"MAIN":{"attachment":[{"time":0,"name":"attack1_00"},{"time":0.0666,"name":"attack1_01"},{"time":0.1666,"name":"attack1_02"},{"time":0.3,"name":"attack1_03"},{"time":0.5,"name":"attack1_04"},{"time":0.5666,"name":"attack1_05"},{"time":0.6666,"name":"attack1_06"},{"time":1,"name":"attack1_06"}]},"R_arm_3":{"attachment":[{"time":0,"name":null}]},"weapon":{"attachment":[{"time":0,"name":null},{"time":0.0666,"name":"weapon"},{"time":0.5,"name":"weapon_d_2_reverse"}]}},"bones":{"MAIN":{"translate":[{"time":0,"x":0,"y":0,"curve":"stepped"},{"time":0.0666,"x":51.79,"y":0,"curve":"stepped"},{"time":0.5,"x":-18,"y":0}]},"weapon":{"rotate":[{"time":0.0666,"angle":-9.36,"curve":"stepped"},{"time":0.1666,"angle":-9.26,"curve":"stepped"},{"time":0.5,"angle":22.5,"curve":"stepped"},{"time":0.5666,"angle":23.58,"curve":"stepped"},{"time":0.6666,"angle":25.84}],"translate":[{"time":0.0666,"x":32.63,"y":19.84,"curve":"stepped"},{"time":0.1666,"x":36.22,"y":16.67,"curve":"stepped"},{"time":0.3,"x":39.6,"y":13.51,"curve":"stepped"},{"time":0.5,"x":48.33,"y":22.75,"curve":"stepped"},{"time":0.5666,"x":46.99,"y":24.93,"curve":"stepped"},{"time":0.6666,"x":46.48,"y":25.6}],"scale":[{"time":0.0666,"x":1,"y":-1}]}},"drawOrder":[{"time":0.0666,"offsets":[{"slot":"MAIN","offset":1}]}],"events":[{"time":0.5,"name":"Voice","string":"cri_111_voice_item"}]},"damage":{"slots":{"MAIN":{"attachment":[{"time":0,"name":"damage_00"}]},"R_arm_3":{"attachment":[{"time":0,"name":null}]},"weapon":{"attachment":[{"time":0,"name":"weapon"}]}},"bones":{"weapon":{"rotate":[{"time":0,"angle":-130.65}],"translate":[{"time":0,"x":38.97,"y":60.46}],"scale":[{"time":0,"x":1,"y":-1}]}},"drawOrder":[{"time":0,"offsets":[{"slot":"MAIN","offset":1}]}]},"front":{"slots":{"MAIN":{"attachment":[{"time":0,"name":"front_00"}]},"R_arm_3":{"attachment":[{"time":0,"name":null}]},"weapon":{"attachment":[{"time":0,"name":"weapon_d_2_reverse"}]}},"bones":{"weapon":{"rotate":[{"time":0,"angle":175.27}],"translate":[{"time":0,"x":107.61,"y":64.49}],"scale":[{"time":0,"x":1,"y":1}]}},"drawOrder":[{"time":0,"offsets":[{"slot":"MAIN","offset":1}]}]},"idle":{"slots":{"MAIN":{"attachment":[{"time":0,"name":"idle_00"},{"time":0.1666,"name":"idle_01"},{"time":0.3333,"name":"idle_02"},{"time":0.5,"name":"idle_03"},{"time":0.6666,"name":"idle_04"},{"time":0.8333,"name":"idle_00"}]},"R_arm_3":{"attachment":[{"time":0.6666,"name":"R_arm_3"}]},"weapon":{"attachment":[{"time":0,"name":"weapon"}]}},"bones":{"weapon":{"rotate":[{"time":0,"angle":0,"curve":"stepped"},{"time":0.1666,"angle":1.59,"curve":"stepped"},{"time":0.3333,"angle":3.51,"curve":"stepped"},{"time":0.5,"angle":6.04,"curve":"stepped"},{"time":0.6666,"angle":2.82,"curve":"stepped"},{"time":0.8333,"angle":0}],"translate":[{"time":0,"x":0,"y":0,"curve":"stepped"},{"time":0.1666,"x":-0.65,"y":-0.39,"curve":"stepped"},{"time":0.3333,"x":-0.65,"y":-0.79,"curve":"stepped"},{"time":0.5,"x":-0.43,"y":-1.4,"curve":"stepped"},{"time":0.6666,"x":0,"y":-0.59,"curve":"stepped"},{"time":0.8333,"x":0,"y":0}]},"R_hand":{"rotate":[{"time":0,"angle":0,"curve":"stepped"},{"time":0.1666,"angle":-0.1,"curve":"stepped"},{"time":0.3333,"angle":0.29,"curve":"stepped"},{"time":0.5,"angle":5.95,"curve":"stepped"},{"time":0.6666,"angle":2.59,"curve":"stepped"},{"time":0.8333,"angle":0}],"translate":[{"time":0,"x":0,"y":0,"curve":"stepped"},{"time":0.1666,"x":-0.28,"y":0.33,"curve":"stepped"},{"time":0.3333,"x":-0.14,"y":1.2,"curve":"stepped"},{"time":0.5,"x":-0.43,"y":2.38,"curve":"stepped"},{"time":0.6666,"x":0,"y":0.67,"curve":"stepped"},{"time":0.8333,"x":0,"y":0}]}}},"in":{"slots":{"MAIN":{"attachment":[{"time":0,"name":"front_00"},{"time":0.2666,"name":"skill2_00"},{"time":0.4,"name":"skill2_01"},{"time":0.4666,"name":"skill2_02"},{"time":0.7,"name":"skill2_03"},{"time":0.7333,"name":"skill2_04"},{"time":0.7666,"name":"skill2_05"},{"time":0.8333,"name":"skill2_06"},{"time":0.9,"name":"skill2_07"},{"time":0.9666,"name":"skill2_07"}]},"R_arm_3":{"attachment":[{"time":0,"name":null}]},"weapon":{"attachment":[{"time":0,"name":"weapon_d_2_reverse"},{"time":0.7,"name":null},{"time":0.7666,"name":"weapon_d_1_reverse"}]}},"bones":{"MAIN":{"translate":[{"time":0,"x":380.3,"y":12.32,"curve":[0.339,0.89,0.516,1]},{"time":0.6,"x":0.27,"y":4.18}]},"weapon":{"rotate":[{"time":0,"angle":175.27,"curve":"stepped"},{"time":0.2666,"angle":53.56,"curve":"stepped"},{"time":0.5333,"angle":53.78,"curve":"stepped"},{"time":0.7666,"angle":163.98}],"translate":[{"time":0,"x":107.61,"y":64.49,"curve":"stepped"},{"time":0.2666,"x":-4.2,"y":14.86,"curve":"stepped"},{"time":0.3666,"x":-4.32,"y":14.04,"curve":"stepped"},{"time":0.5333,"x":-4.2,"y":13.92,"curve":"stepped"},{"time":0.7666,"x":49.07,"y":0.73}],"scale":[{"time":0,"x":1,"y":1,"curve":"stepped"},{"time":0.2666,"x":1,"y":-1}]}},"drawOrder":[{"time":0,"offsets":[{"slot":"MAIN","offset":1}]}],"events":[{"time":0,"name":"Sound1","string":"cri_se_battle_skill_shot"},{"time":0.2666,"name":"Sound1","string":"cri_se_battle_arrow_light_effect"}]},"skill1":{"slots":{"DAMAGEAREA":{"attachment":[{"time":0.6333,"name":"DAMAGEAREA"},{"time":0.8,"name":null},{"time":1.5666,"name":"DAMAGEAREA"},{"time":1.8,"name":null}]},"EF/5120_S1_wave1/5120_S1_wave1_00001":{"attachment":[{"time":0.6333,"name":"EF/5120_S1_wave1/5120_S1_wave1_00001"},{"time":0.6666,"name":"EF/5120_S1_wave1/5120_S1_wave1_00002"},{"time":0.7,"name":"EF/5120_S1_wave1/5120_S1_wave1_00003"},{"time":0.7333,"name":"EF/5120_S1_wave1/5120_S1_wave1_00004"},{"time":0.7666,"name":"EF/5120_S1_wave1/5120_S1_wave1_00005"},{"time":0.8,"name":"EF/5120_S1_wave1/5120_S1_wave1_00006"},{"time":0.8333,"name":"EF/5120_S1_wave1/5120_S1_wave1_00007"},{"time":0.8666,"name":"EF/5120_S1_wave1/5120_S1_wave1_00008"},{"time":0.9,"name":"EF/5120_S1_wave1/5120_S1_wave1_00009"},{"time":1.5666,"name":"EF/5120_S1_wave1/5120_S1_wave1_00001"},{"time":1.6,"name":"EF/5120_S1_wave1/5120_S1_wave1_00002"},{"time":1.6333,"name":"EF/5120_S1_wave1/5120_S1_wave1_00003"},{"time":1.6666,"name":"EF/5120_S1_wave1/5120_S1_wave1_00004"},{"time":1.7,"name":"EF/5120_S1_wave1/5120_S1_wave1_00005"},{"time":1.7333,"name":"EF/5120_S1_wave1/5120_S1_wave1_00006"},{"time":1.7666,"name":"EF/5120_S1_wave1/5120_S1_wave1_00007"},{"time":1.8,"name":"EF/5120_S1_wave1/5120_S1_wave1_00008"},{"time":1.8333,"name":"EF/5120_S1_wave1/5120_S1_wave1_00009"}],"color":[{"time":0.9,"color":"ffffffff"},{"time":0.9666,"color":"ffffff00","curve":"stepped"},{"time":1.5666,"color":"ffffffff","curve":"stepped"},{"time":1.8333,"color":"ffffffff"},{"time":1.9333,"color":"ffffff00"}]},"EF/5120_S1_wave1/5120_S1_wave1_1":{"attachment":[{"time":0.6333,"name":"EF/5120_S1_wave1/5120_S1_wave1_00001"},{"time":0.6666,"name":"EF/5120_S1_wave1/5120_S1_wave1_00002"},{"time":0.7,"name":"EF/5120_S1_wave1/5120_S1_wave1_00003"},{"time":0.7333,"name":"EF/5120_S1_wave1/5120_S1_wave1_00004"},{"time":0.7666,"name":"EF/5120_S1_wave1/5120_S1_wave1_00005"},{"time":0.8,"name":"EF/5120_S1_wave1/5120_S1_wave1_00006"},{"time":0.8333,"name":"EF/5120_S1_wave1/5120_S1_wave1_00007"},{"time":0.8666,"name":"EF/5120_S1_wave1/5120_S1_wave1_00008"},{"time":0.9,"name":"EF/5120_S1_wave1/5120_S1_wave1_00009"},{"time":1.5666,"name":"EF/5120_S1_wave1/5120_S1_wave1_00001"},{"time":1.6,"name":"EF/5120_S1_wave1/5120_S1_wave1_00002"},{"time":1.6333,"name":"EF/5120_S1_wave1/5120_S1_wave1_00003"},{"time":1.6666,"name":"EF/5120_S1_wave1/5120_S1_wave1_00004"},{"time":1.7,"name":"EF/5120_S1_wave1/5120_S1_wave1_00005"},{"time":1.7333,"name":"EF/5120_S1_wave1/5120_S1_wave1_00006"},{"time":1.7666,"name":"EF/5120_S1_wave1/5120_S1_wave1_00007"},{"time":1.8,"name":"EF/5120_S1_wave1/5120_S1_wave1_00008"},{"time":1.8333,"name":"EF/5120_S1_wave1/5120_S1_wave1_00009"}],"color":[{"time":0.9,"color":"ffffffff"},{"time":1,"color":"ffffff00","curve":"stepped"},{"time":1.5666,"color":"ffffffff","curve":"stepped"},{"time":1.8333,"color":"ffffffff"},{"time":1.9333,"color":"ffffff00"}]},"EF/5120_S1_wave1/5120_S1_wave1_2":{"attachment":[{"time":1.6333,"name":"EF/5120_S1_wave1/5120_S1_wave1_00001"},{"time":1.6666,"name":"EF/5120_S1_wave1/5120_S1_wave1_00002"},{"time":1.7,"name":"EF/5120_S1_wave1/5120_S1_wave1_00003"},{"time":1.7333,"name":"EF/5120_S1_wave1/5120_S1_wave1_00004"},{"time":1.7666,"name":"EF/5120_S1_wave1/5120_S1_wave1_00005"},{"time":1.8,"name":"EF/5120_S1_wave1/5120_S1_wave1_00006"},{"time":1.8333,"name":"EF/5120_S1_wave1/5120_S1_wave1_00007"},{"time":1.8666,"name":"EF/5120_S1_wave1/5120_S1_wave1_00008"},{"time":1.9,"name":"EF/5120_S1_wave1/5120_S1_wave1_00009"}],"color":[{"time":1.9,"color":"ffffffff"},{"time":2,"color":"ffffff00"}]},"L_arm_3_big_stance":{"attachment":[{"time":0.6333,"name":"L_arm_3_over"},{"time":1.0666,"name":null}]},"MAIN":{"attachment":[{"time":0,"name":"attack1_00"},{"time":0.1,"name":"attack1_01"},{"time":0.2333,"name":"attack1_02"},{"time":0.4,"name":"attack1_03"},{"time":0.6333,"name":"skill1_01"},{"time":0.6666,"name":"skill1_02"},{"time":0.7333,"name":"skill1_03"},{"time":1,"name":"skill1_04"},{"time":1.0666,"name":"attack1_09"},{"time":1.2,"name":"attack1_10"},{"time":1.3333,"name":"attack1_11"},{"time":1.5666,"name":"skill1_05"},{"time":1.6,"name":"skill1_06"},{"time":1.6333,"name":"skill1_07"},{"time":1.7,"name":"skill1_08"},{"time":2.3333,"name":"skill1_08"}]},"R_arm_3":{"attachment":[{"time":0,"name":null},{"time":0.6333,"name":null},{"time":1,"name":"R_arm_3_over"},{"time":1.0666,"name":null}]},"weapon":{"attachment":[{"time":0,"name":null},{"time":0.1,"name":"weapon"},{"time":1,"name":"weapon"},{"time":1.0666,"name":"weapon_master"},{"time":1.5666,"name":null}]}},"bones":{"MAIN":{"translate":[{"time":0.1,"x":46.55,"y":0,"curve":[0.25,0,0.812,0.72]},{"time":0.3,"x":51.79,"y":0,"curve":"stepped"},{"time":0.5666,"x":33.97,"y":0,"curve":"stepped"},{"time":0.6333,"x":-54.58,"y":0,"curve":[0.25,0,0.75,1]},{"time":0.7333,"x":-60.06,"y":0,"curve":"stepped"},{"time":1,"x":-23.04,"y":0,"curve":"stepped"},{"time":1.0666,"x":-3.36,"y":0,"curve":"stepped"},{"time":1.5666,"x":-53.37,"y":0,"curve":[0.149,0.25,0.75,1]},{"time":1.7333,"x":-66.13,"y":0}]},"S1,2_wave1":{"translate":[{"time":0.6333,"x":-232.33,"y":420,"curve":"stepped"},{"time":1.5666,"x":-232.48,"y":415.39}],"scale":[{"time":0.9,"x":1,"y":1},{"time":0.9666,"x":1.154,"y":1.154,"curve":"stepped"},{"time":1.5666,"x":1.25,"y":1.25,"curve":"stepped"},{"time":1.8333,"x":1.25,"y":1.25},{"time":1.9333,"x":1.35,"y":1.35}]},"S1,2_wave2":{"translate":[{"time":0.6333,"x":-480.43,"y":466.75,"curve":"stepped"},{"time":1.5666,"x":-463.53,"y":467.38}],"scale":[{"time":0,"x":2,"y":2,"curve":"stepped"},{"time":0.6333,"x":2,"y":2,"curve":"stepped"},{"time":0.9,"x":2,"y":2},{"time":1,"x":2.25,"y":2.25,"curve":"stepped"},{"time":1.5666,"x":2,"y":2,"curve":"stepped"},{"time":1.8333,"x":2,"y":2},{"time":1.9333,"x":2.25,"y":2.25}]},"S1,2_wave3":{"translate":[{"time":1.6333,"x":-535.8,"y":524.73}],"scale":[{"time":1.6333,"x":1.999,"y":1.999,"curve":"stepped"},{"time":1.9,"x":1.999,"y":1.999},{"time":2,"x":2.25,"y":2.25}]},"DAMAGEAREA":{"translate":[{"time":0.6333,"x":-212.62,"y":62.12,"curve":"stepped"},{"time":1.5666,"x":-158.82,"y":82.45},{"time":1.6666,"x":-255.66,"y":82.45}],"scale":[{"time":0.6333,"x":1.626,"y":0.903,"curve":"stepped"},{"time":1.5666,"x":1.159,"y":1.164}]},"R_hand":{"rotate":[{"time":1,"angle":57.32}],"translate":[{"time":0.6333,"x":33.96,"y":-42.5},{"time":1,"x":38.27,"y":-2.21}]},"weapon":{"rotate":[{"time":0.1,"angle":-9.26,"curve":"stepped"},{"time":0.2333,"angle":-9.23,"curve":"stepped"},{"time":0.6333,"angle":-161.3,"curve":"stepped"},{"time":0.6666,"angle":-162.92,"curve":"stepped"},{"time":0.7333,"angle":-165.55,"curve":"stepped"},{"time":1,"angle":186.59,"curve":"stepped"},{"time":1.0666,"angle":-27.93,"curve":"stepped"},{"time":1.2,"angle":-34.5,"curve":"stepped"},{"time":1.3333,"angle":-39.69}],"translate":[{"time":0.1,"x":32.55,"y":19.66,"curve":"stepped"},{"time":0.2333,"x":36.32,"y":16.49,"curve":"stepped"},{"time":0.4,"x":39.48,"y":13.52,"curve":"stepped"},{"time":0.6333,"x":27.55,"y":-31.21,"curve":"stepped"},{"time":0.6666,"x":23.7,"y":-33.05,"curve":"stepped"},{"time":0.7333,"x":18.44,"y":-34.55,"curve":"stepped"},{"time":1,"x":39.16,"y":-5.87,"curve":"stepped"},{"time":1.0666,"x":55.24,"y":66.54,"curve":"stepped"},{"time":1.2,"x":63.32,"y":63.91,"curve":"stepped"},{"time":1.3333,"x":67.76,"y":57.45}],"scale":[{"time":0.1,"x":1,"y":-1}]},"L_hand":{"rotate":[{"time":0.6333,"angle":111.95,"curve":"stepped"},{"time":1,"angle":-44.12}],"translate":[{"time":0.6333,"x":-77.58,"y":-40.98,"curve":"stepped"},{"time":0.6666,"x":-81.1,"y":-43.35,"curve":"stepped"},{"time":0.7333,"x":-84.49,"y":-46.82,"curve":"stepped"},{"time":1,"x":-100.52,"y":-14.87}]}},"drawOrder":[{"time":0,"offsets":[{"slot":"MAIN","offset":1}]},{"time":0.1,"offsets":[{"slot":"MAIN","offset":1}]},{"time":0.6333},{"time":1.0666,"offsets":[{"slot":"MAIN","offset":1}]}],"events":[{"time":0.3333,"name":"Event","float":0.15,"string":"kHitStopType_normal"},{"time":0.6333,"name":"Event","float":0.6,"string":"shakeGround_Loop"},{"time":0.6333,"name":"Sound1","string":"cri_se_battle_monster_hit"},{"time":0.6333,"name":"Sound2","string":"cri_se_battle_026_stab"},{"time":0.7,"name":"Event","float":0.3,"string":"kHitStopType_enemyonly"},{"time":0.7,"name":"Hit","string":"resetHitList"},{"time":0.7666,"name":"Event"},{"time":0.7666,"name":"Hit","string":"resetHitList"},{"time":1.1666,"name":"Event","float":0.18,"string":"kHitStopType_normal"},{"time":1.1666,"name":"Voice","string":"cri_111_voice_skill_all"},{"time":1.5666,"name":"Event","string":"shakeGround"},{"time":1.5666,"name":"Hit","string":"resetHitList"},{"time":1.5666,"name":"Sound1","string":"cri_se_battle_monster_hit"},{"time":1.5666,"name":"Sound2","string":"cri_se_battle_026_stab"},{"time":1.5666,"name":"Sound3","string":"cri_se_battle_033_explosion_element_01"},{"time":1.6,"name":"Event","string":"setHitBackEnemy(30,0)"},{"time":1.6333,"name":"Event","float":0.1,"string":"kHitStopType_enemyonly"},{"time":1.6333,"name":"Hit","string":"resetHitList"},{"time":1.7,"name":"Hit","string":"resetHitList"},{"time":1.7666,"name":"Event","string":"kImpactType_knock"},{"time":1.7666,"name":"Hit","string":"resetHitList"}]},"skill2":{"slots":{"DAMAGEAREA":{"attachment":[{"time":1.4,"name":"DAMAGEAREA"},{"time":1.5666,"name":null},{"time":1.8666,"name":"DAMAGEAREA"},{"time":2.0666,"name":null},{"time":2.3666,"name":"DAMAGEAREA"},{"time":2.5666,"name":null},{"time":2.8666,"name":"DAMAGEAREA"},{"time":3.0666,"name":null},{"time":3.3666,"name":"DAMAGEAREA"},{"time":3.7666,"name":null},{"time":4.3666,"name":"DAMAGEAREA"},{"time":4.7333,"name":null}]},"EF/5120_S1_wave1/5120_S1_wave1_00001":{"attachment":[{"time":0.5333,"name":"EF/5120_S1_wave1/5120_S1_wave1_00001"},{"time":0.5666,"name":"EF/5120_S1_wave1/5120_S1_wave1_00003"},{"time":0.6,"name":"EF/5120_S1_wave1/5120_S1_wave1_00005"},{"time":0.6333,"name":"EF/5120_S1_wave1/5120_S1_wave1_00007"},{"time":0.6666,"name":"EF/5120_S1_wave1/5120_S1_wave1_00009"},{"time":1.4,"name":"EF/5120_S1_wave1/5120_S1_wave1_00002"},{"time":1.4333,"name":"EF/5120_S1_wave1/5120_S1_wave1_00003"},{"time":1.4666,"name":"EF/5120_S1_wave1/5120_S1_wave1_00004"},{"time":1.5,"name":"EF/5120_S1_wave1/5120_S1_wave1_00005"},{"time":1.5333,"name":"EF/5120_S1_wave1/5120_S1_wave1_00006"},{"time":1.5666,"name":"EF/5120_S1_wave1/5120_S1_wave1_00007"},{"time":1.6,"name":"EF/5120_S1_wave1/5120_S1_wave1_00008"},{"time":1.6333,"name":"EF/5120_S1_wave1/5120_S1_wave1_00009"},{"time":1.8666,"name":"EF/5120_S1_wave1/5120_S1_wave1_00002"},{"time":1.9,"name":"EF/5120_S1_wave1/5120_S1_wave1_00003"},{"time":1.9333,"name":"EF/5120_S1_wave1/5120_S1_wave1_00004"},{"time":1.9666,"name":"EF/5120_S1_wave1/5120_S1_wave1_00005"},{"time":2,"name":"EF/5120_S1_wave1/5120_S1_wave1_00006"},{"time":2.0333,"name":"EF/5120_S1_wave1/5120_S1_wave1_00007"},{"time":2.0666,"name":"EF/5120_S1_wave1/5120_S1_wave1_00008"},{"time":2.1,"name":"EF/5120_S1_wave1/5120_S1_wave1_00009"},{"time":2.3666,"name":"EF/5120_S1_wave1/5120_S1_wave1_00002"},{"time":2.4,"name":"EF/5120_S1_wave1/5120_S1_wave1_00003"},{"time":2.4333,"name":"EF/5120_S1_wave1/5120_S1_wave1_00004"},{"time":2.4666,"name":"EF/5120_S1_wave1/5120_S1_wave1_00005"},{"time":2.5,"name":"EF/5120_S1_wave1/5120_S1_wave1_00006"},{"time":2.5333,"name":"EF/5120_S1_wave1/5120_S1_wave1_00007"},{"time":2.5666,"name":"EF/5120_S1_wave1/5120_S1_wave1_00008"},{"time":2.6,"name":"EF/5120_S1_wave1/5120_S1_wave1_00009"},{"time":2.8666,"name":"EF/5120_S1_wave1/5120_S1_wave1_00002"},{"time":2.9,"name":"EF/5120_S1_wave1/5120_S1_wave1_00003"},{"time":2.9333,"name":"EF/5120_S1_wave1/5120_S1_wave1_00004"},{"time":2.9666,"name":"EF/5120_S1_wave1/5120_S1_wave1_00005"},{"time":3,"name":"EF/5120_S1_wave1/5120_S1_wave1_00006"},{"time":3.0333,"name":"EF/5120_S1_wave1/5120_S1_wave1_00007"},{"time":3.0666,"name":"EF/5120_S1_wave1/5120_S1_wave1_00008"},{"time":3.1,"name":"EF/5120_S1_wave1/5120_S1_wave1_00009"},{"time":3.3666,"name":"EF/5120_S1_wave1/5120_S1_wave1_00002"},{"time":3.4,"name":"EF/5120_S1_wave1/5120_S1_wave1_00003"},{"time":3.4333,"name":"EF/5120_S1_wave1/5120_S1_wave1_00004"},{"time":3.4666,"name":"EF/5120_S1_wave1/5120_S1_wave1_00005"},{"time":3.5,"name":"EF/5120_S1_wave1/5120_S1_wave1_00006"},{"time":3.5333,"name":"EF/5120_S1_wave1/5120_S1_wave1_00007"},{"time":3.5666,"name":"EF/5120_S1_wave1/5120_S1_wave1_00008"},{"time":3.6,"name":"EF/5120_S1_wave1/5120_S1_wave1_00009"},{"time":4.3666,"name":"EF/5120_S1_wave1/5120_S1_wave1_00002"},{"time":4.4,"name":"EF/5120_S1_wave1/5120_S1_wave1_00003"},{"time":4.4333,"name":"EF/5120_S1_wave1/5120_S1_wave1_00004"},{"time":4.4666,"name":"EF/5120_S1_wave1/5120_S1_wave1_00005"},{"time":4.5,"name":"EF/5120_S1_wave1/5120_S1_wave1_00006"},{"time":4.5333,"name":"EF/5120_S1_wave1/5120_S1_wave1_00007"},{"time":4.5666,"name":"EF/5120_S1_wave1/5120_S1_wave1_00008"},{"time":4.6,"name":"EF/5120_S1_wave1/5120_S1_wave1_00009"}],"color":[{"time":0.6666,"color":"ffffffff"},{"time":0.7666,"color":"ffffff00","curve":"stepped"},{"time":1.4,"color":"ffffffff","curve":"stepped"},{"time":1.6333,"color":"ffffffff"},{"time":1.7,"color":"ffffff00","curve":"stepped"},{"time":1.8666,"color":"ffffffff","curve":"stepped"},{"time":2.1,"color":"ffffffff"},{"time":2.1666,"color":"ffffff00","curve":"stepped"},{"time":2.3666,"color":"ffffffff","curve":"stepped"},{"time":2.6,"color":"ffffffff"},{"time":2.6666,"color":"ffffff00","curve":"stepped"},{"time":2.8666,"color":"ffffffff","curve":"stepped"},{"time":3.1,"color":"ffffffff"},{"time":3.1666,"color":"ffffff00","curve":"stepped"},{"time":3.3666,"color":"ffffffff","curve":"stepped"},{"time":3.6,"color":"ffffffff"},{"time":3.6666,"color":"ffffff00","curve":"stepped"},{"time":4.3666,"color":"ffffffff","curve":"stepped"},{"time":4.6,"color":"ffffffff"},{"time":4.7,"color":"ffffff00"}]},"EF/5120_S1_wave1/5120_S1_wave1_1":{"attachment":[{"time":1.4,"name":"EF/5120_S1_wave1/5120_S1_wave1_00001"},{"time":1.4333,"name":"EF/5120_S1_wave1/5120_S1_wave1_00002"},{"time":1.4666,"name":"EF/5120_S1_wave1/5120_S1_wave1_00003"},{"time":1.5,"name":"EF/5120_S1_wave1/5120_S1_wave1_00004"},{"time":1.5333,"name":"EF/5120_S1_wave1/5120_S1_wave1_00005"},{"time":1.5666,"name":"EF/5120_S1_wave1/5120_S1_wave1_00006"},{"time":1.6,"name":"EF/5120_S1_wave1/5120_S1_wave1_00007"},{"time":1.6333,"name":"EF/5120_S1_wave1/5120_S1_wave1_00008"},{"time":1.6666,"name":"EF/5120_S1_wave1/5120_S1_wave1_00009"},{"time":1.8666,"name":"EF/5120_S1_wave1/5120_S1_wave1_00001"},{"time":1.9,"name":"EF/5120_S1_wave1/5120_S1_wave1_00002"},{"time":1.9333,"name":"EF/5120_S1_wave1/5120_S1_wave1_00003"},{"time":1.9666,"name":"EF/5120_S1_wave1/5120_S1_wave1_00004"},{"time":2,"name":"EF/5120_S1_wave1/5120_S1_wave1_00005"},{"time":2.0333,"name":"EF/5120_S1_wave1/5120_S1_wave1_00006"},{"time":2.0666,"name":"EF/5120_S1_wave1/5120_S1_wave1_00007"},{"time":2.1,"name":"EF/5120_S1_wave1/5120_S1_wave1_00008"},{"time":2.1333,"name":"EF/5120_S1_wave1/5120_S1_wave1_00009"},{"time":2.3666,"name":"EF/5120_S1_wave1/5120_S1_wave1_00001"},{"time":2.4,"name":"EF/5120_S1_wave1/5120_S1_wave1_00002"},{"time":2.4333,"name":"EF/5120_S1_wave1/5120_S1_wave1_00003"},{"time":2.4666,"name":"EF/5120_S1_wave1/5120_S1_wave1_00004"},{"time":2.5,"name":"EF/5120_S1_wave1/5120_S1_wave1_00005"},{"time":2.5333,"name":"EF/5120_S1_wave1/5120_S1_wave1_00006"},{"time":2.5666,"name":"EF/5120_S1_wave1/5120_S1_wave1_00007"},{"time":2.6,"name":"EF/5120_S1_wave1/5120_S1_wave1_00008"},{"time":2.6333,"name":"EF/5120_S1_wave1/5120_S1_wave1_00009"},{"time":2.8666,"name":"EF/5120_S1_wave1/5120_S1_wave1_00001"},{"time":2.9,"name":"EF/5120_S1_wave1/5120_S1_wave1_00002"},{"time":2.9333,"name":"EF/5120_S1_wave1/5120_S1_wave1_00003"},{"time":2.9666,"name":"EF/5120_S1_wave1/5120_S1_wave1_00004"},{"time":3,"name":"EF/5120_S1_wave1/5120_S1_wave1_00005"},{"time":3.0333,"name":"EF/5120_S1_wave1/5120_S1_wave1_00006"},{"time":3.0666,"name":"EF/5120_S1_wave1/5120_S1_wave1_00007"},{"time":3.1,"name":"EF/5120_S1_wave1/5120_S1_wave1_00008"},{"time":3.1333,"name":"EF/5120_S1_wave1/5120_S1_wave1_00009"},{"time":3.3666,"name":"EF/5120_S1_wave1/5120_S1_wave1_00001"},{"time":3.4,"name":"EF/5120_S1_wave1/5120_S1_wave1_00002"},{"time":3.4333,"name":"EF/5120_S1_wave1/5120_S1_wave1_00003"},{"time":3.4666,"name":"EF/5120_S1_wave1/5120_S1_wave1_00004"},{"time":3.5,"name":"EF/5120_S1_wave1/5120_S1_wave1_00005"},{"time":3.5333,"name":"EF/5120_S1_wave1/5120_S1_wave1_00006"},{"time":3.5666,"name":"EF/5120_S1_wave1/5120_S1_wave1_00007"},{"time":3.6,"name":"EF/5120_S1_wave1/5120_S1_wave1_00008"},{"time":3.6333,"name":"EF/5120_S1_wave1/5120_S1_wave1_00009"}],"color":[{"time":1.4,"color":"ffffffff","curve":"stepped"},{"time":1.6666,"color":"ffffffff"},{"time":1.7666,"color":"ffffff00","curve":"stepped"},{"time":1.8666,"color":"ffffffff","curve":"stepped"},{"time":2.1333,"color":"ffffffff"},{"time":2.2333,"color":"ffffff00","curve":"stepped"},{"time":2.3666,"color":"ffffffff","curve":"stepped"},{"time":2.6333,"color":"ffffffff"},{"time":2.7333,"color":"ffffff00","curve":"stepped"},{"time":2.8666,"color":"ffffffff","curve":"stepped"},{"time":3.1333,"color":"ffffffff"},{"time":3.2333,"color":"ffffff00","curve":"stepped"},{"time":3.3666,"color":"ffffffff","curve":"stepped"},{"time":3.6333,"color":"ffffffff"},{"time":3.7333,"color":"ffffff00"}]},"L_arm_3_big_stance":{"attachment":[{"time":1.8666,"name":"L_arm_3_over"},{"time":2.0666,"name":null},{"time":2.8666,"name":"L_arm_3_over"},{"time":3.0666,"name":"skill2_08"},{"time":3.1333,"name":"skill2_09"},{"time":3.2333,"name":"skill2_10"},{"time":3.3333,"name":null},{"time":3.3666,"name":null},{"time":3.4333,"name":null},{"time":3.7,"name":null}]},"MAIN":{"attachment":[{"time":0,"name":"skill2_00"},{"time":0.1,"name":"skill2_01"},{"time":0.2666,"name":"skill2_02"},{"time":0.5333,"name":"skill2_03"},{"time":0.5666,"name":"skill2_04"},{"time":0.6,"name":"skill2_05"},{"time":0.7666,"name":"skill2_06"},{"time":0.9333,"name":"skill2_07"},{"time":1.1,"name":"skill2_08"},{"time":1.1666,"name":"skill2_09"},{"time":1.2666,"name":"skill2_10"},{"time":1.4,"name":"skill2_11"},{"time":1.4333,"name":"skill2_12"},{"time":1.4666,"name":"skill2_13"},{"time":1.5666,"name":"skill2_14"},{"time":1.6333,"name":"skill2_15"},{"time":1.7333,"name":"skill2_16"},{"time":1.8666,"name":"skill2_17"},{"time":1.9,"name":"skill2_18"},{"time":1.9333,"name":"skill2_19"},{"time":2.0666,"name":"skill2_08"},{"time":2.1333,"name":"skill2_09"},{"time":2.2333,"name":"skill2_10"},{"time":2.3666,"name":"skill2_11"},{"time":2.4,"name":"skill2_12"},{"time":2.4333,"name":"skill2_13"},{"time":2.5666,"name":"skill2_14"},{"time":2.6333,"name":"skill2_15"},{"time":2.7333,"name":"skill2_16"},{"time":2.8666,"name":"skill2_17"},{"time":2.9,"name":"skill2_18"},{"time":2.9333,"name":"skill2_19"},{"time":3.0666,"name":"skill2_08"},{"time":3.1333,"name":"skill2_09"},{"time":3.2333,"name":"skill2_10"},{"time":3.3666,"name":"skill2_11"},{"time":3.4333,"name":"skill2_12"},{"time":3.5666,"name":"skill2_13"},{"time":3.7,"name":"skill2_20"},{"time":3.7666,"name":"attack1_09"},{"time":3.9,"name":"attack1_10"},{"time":4.1,"name":"attack1_11"},{"time":4.3666,"name":"skill2_21"},{"time":4.4,"name":"skill2_22"},{"time":4.4333,"name":"skill2_23"},{"time":4.5333,"name":"skill2_24"},{"time":5.3,"name":"skill2_24"}]},"R_arm_3":{"attachment":[{"time":0,"name":null}]},"weapon":{"attachment":[{"time":0,"name":"weapon_master"},{"time":0.5333,"name":null},{"time":0.6,"name":"weapon_d_1_reverse"},{"time":0.9333,"name":null},{"time":1.1,"name":"weapon_master"},{"time":1.4,"name":"weapon_d_2_reverse"},{"time":1.8666,"name":"weapon"},{"time":2.0666,"name":"weapon_master"},{"time":2.3666,"name":"weapon_d_2_reverse"},{"time":2.8666,"name":"weapon"},{"time":3.3666,"name":null},{"time":3.4333,"name":null},{"time":3.7,"name":"weapon_d_1_reverse"},{"time":3.7666,"name":"weapon_master"},{"time":4.3666,"name":null}]}},"bones":{"MAIN":{"translate":[{"time":1.4,"x":0,"y":0,"curve":[0.152,0.35,0.75,0.97]},{"time":1.5,"x":-30,"y":0,"curve":"stepped"},{"time":1.8666,"x":-30,"y":0,"curve":[0.25,0,0.75,1]},{"time":1.9666,"x":-60,"y":0,"curve":"stepped"},{"time":2.3666,"x":-60,"y":0,"curve":[0.25,0,0.75,1]},{"time":2.4666,"x":-90,"y":0,"curve":"stepped"},{"time":2.8666,"x":-90,"y":0,"curve":[0.179,0.35,0.75,1]},{"time":2.9666,"x":-120,"y":0,"curve":"stepped"},{"time":3.3666,"x":-120,"y":0,"curve":[0.2,0.43,0.75,1]},{"time":3.5,"x":-150,"y":0,"curve":"stepped"},{"time":3.7666,"x":-100,"y":0,"curve":"stepped"},{"time":4.3666,"x":-165,"y":0,"curve":[0.182,0.32,0.748,0.95]},{"time":4.5,"x":-175,"y":0}]},"S1,2_wave1":{"translate":[{"time":0.5333,"x":-270.81,"y":416.89,"curve":"stepped"},{"time":1.4,"x":-267.65,"y":418.24,"curve":"stepped"},{"time":1.8666,"x":-293.69,"y":418.24,"curve":"stepped"},{"time":2.3666,"x":-325.93,"y":418.24,"curve":"stepped"},{"time":2.8666,"x":-353.86,"y":418.24,"curve":"stepped"},{"time":3.3666,"x":-385.87,"y":418.24,"curve":"stepped"},{"time":4.3666,"x":-421.03,"y":419.37}],"scale":[{"time":0.5333,"x":1.751,"y":1.751,"curve":"stepped"},{"time":0.6666,"x":1.751,"y":1.751,"curve":[0.25,0,0.75,1]},{"time":0.7666,"x":2,"y":2,"curve":"stepped"},{"time":1.4,"x":1.25,"y":1.25,"curve":"stepped"},{"time":4.3666,"x":1.5,"y":1.5,"curve":"stepped"},{"time":4.6,"x":1.5,"y":1.5},{"time":4.7,"x":1.65,"y":1.65}]},"S1,2_wave2":{"translate":[{"time":1.4,"x":-475.97,"y":478.04,"curve":"stepped"},{"time":1.8666,"x":-486.46,"y":478.04,"curve":"stepped"},{"time":2.3666,"x":-521.23,"y":478.04,"curve":"stepped"},{"time":2.8666,"x":-555.52,"y":478.04,"curve":"stepped"},{"time":3.3666,"x":-566.85,"y":478.04}],"scale":[{"time":1.4,"x":1.598,"y":1.598},{"time":1.6666,"x":1.6,"y":1.6},{"time":1.7666,"x":1.9,"y":1.9,"curve":"stepped"},{"time":1.8666,"x":1.598,"y":1.598},{"time":2.1333,"x":1.6,"y":1.6},{"time":2.2333,"x":1.9,"y":1.9,"curve":"stepped"},{"time":2.3666,"x":1.598,"y":1.598},{"time":2.6333,"x":1.6,"y":1.6},{"time":2.7333,"x":1.9,"y":1.9,"curve":"stepped"},{"time":2.8666,"x":1.598,"y":1.598},{"time":3.1333,"x":1.6,"y":1.6},{"time":3.2333,"x":1.9,"y":1.9,"curve":"stepped"},{"time":3.3666,"x":1.598,"y":1.598},{"time":3.6333,"x":1.6,"y":1.6},{"time":3.7333,"x":1.9,"y":1.9}]},"DAMAGEAREA":{"translate":[{"time":1.4,"x":-127.92,"y":75.32},{"time":3.3666,"x":-263.03,"y":75.32,"curve":"stepped"},{"time":4.3666,"x":-332.37,"y":75.32},{"time":4.6,"x":-444.76,"y":95.64}],"scale":[{"time":1.4,"x":1.679,"y":0.928},{"time":3.3666,"x":1.883,"y":0.928,"curve":"stepped"},{"time":4.3666,"x":1.987,"y":0.928},{"time":4.6,"x":3.032,"y":1.205}]},"weapon":{"rotate":[{"time":0,"angle":53.56,"curve":"stepped"},{"time":0.2666,"angle":53.78,"curve":"stepped"},{"time":0.6,"angle":163.98,"curve":"stepped"},{"time":1.1,"angle":-8.49,"curve":"stepped"},{"time":1.1666,"angle":-11.25,"curve":"stepped"},{"time":1.2666,"angle":-13.04,"curve":"stepped"},{"time":1.4,"angle":-160.95,"curve":"stepped"},{"time":1.4333,"angle":-162.05,"curve":"stepped"},{"time":1.4666,"angle":-163.23,"curve":"stepped"},{"time":1.5666,"angle":69.9,"curve":"stepped"},{"time":1.6333,"angle":69.21,"curve":"stepped"},{"time":1.7333,"angle":67.93,"curve":"stepped"},{"time":1.8666,"angle":-153.02,"curve":"stepped"},{"time":1.9,"angle":-153.64,"curve":"stepped"},{"time":1.9333,"angle":-154.2,"curve":"stepped"},{"time":2.0666,"angle":-8.49,"curve":"stepped"},{"time":2.1333,"angle":-11.25,"curve":"stepped"},{"time":2.2333,"angle":-13.04,"curve":"stepped"},{"time":2.3666,"angle":-160.95,"curve":"stepped"},{"time":2.4,"angle":-162.05,"curve":"stepped"},{"time":2.4333,"angle":-163.23,"curve":"stepped"},{"time":2.5666,"angle":69.9,"curve":"stepped"},{"time":2.6333,"angle":69.21,"curve":"stepped"},{"time":2.7333,"angle":67.93,"curve":"stepped"},{"time":2.8666,"angle":-153.02,"curve":"stepped"},{"time":2.9,"angle":-153.64,"curve":"stepped"},{"time":2.9333,"angle":-154.2,"curve":"stepped"},{"time":3.0666,"angle":-8.49,"curve":"stepped"},{"time":3.1333,"angle":-11.25,"curve":"stepped"},{"time":3.2333,"angle":-13.04,"curve":"stepped"},{"time":3.3666,"angle":-160.95,"curve":"stepped"},{"time":3.4,"angle":-162.05,"curve":"stepped"},{"time":3.4333,"angle":-163.23,"curve":"stepped"},{"time":3.7,"angle":153.22,"curve":"stepped"},{"time":3.7666,"angle":-27.95,"curve":"stepped"},{"time":3.9,"angle":-34.38,"curve":"stepped"},{"time":4.1,"angle":-39.66}],"translate":[{"time":0,"x":-4.2,"y":14.86,"curve":"stepped"},{"time":0.1,"x":-4.32,"y":14.04,"curve":"stepped"},{"time":0.2666,"x":-4.2,"y":13.92,"curve":"stepped"},{"time":0.6,"x":49.07,"y":0.73,"curve":"stepped"},{"time":1.1,"x":37.49,"y":81.96,"curve":"stepped"},{"time":1.1666,"x":40.77,"y":84.26,"curve":"stepped"},{"time":1.2666,"x":46.59,"y":86.12,"curve":"stepped"},{"time":1.4,"x":75.74,"y":-2.69,"curve":"stepped"},{"time":1.4333,"x":76.98,"y":-3.94,"curve":"stepped"},{"time":1.4666,"x":79.99,"y":-6.24,"curve":"stepped"},{"time":1.5666,"x":34.97,"y":58.41,"curve":"stepped"},{"time":1.6333,"x":38.94,"y":62.38,"curve":"stepped"},{"time":1.7333,"x":43.9,"y":66.35,"curve":"stepped"},{"time":1.8666,"x":72.64,"y":-18.76,"curve":"stepped"},{"time":1.9,"x":72.97,"y":-20.84,"curve":"stepped"},{"time":1.9333,"x":72.97,"y":-24.35,"curve":"stepped"},{"time":2.0666,"x":37.49,"y":81.96,"curve":"stepped"},{"time":2.1333,"x":40.77,"y":84.26,"curve":"stepped"},{"time":2.2333,"x":46.59,"y":86.12,"curve":"stepped"},{"time":2.3666,"x":75.74,"y":-2.69,"curve":"stepped"},{"time":2.4,"x":76.98,"y":-3.94,"curve":"stepped"},{"time":2.4333,"x":79.99,"y":-6.24,"curve":"stepped"},{"time":2.5666,"x":34.97,"y":58.41,"curve":"stepped"},{"time":2.6333,"x":38.94,"y":62.38,"curve":"stepped"},{"time":2.7333,"x":43.9,"y":66.35,"curve":"stepped"},{"time":2.8666,"x":72.64,"y":-18.76,"curve":"stepped"},{"time":2.9,"x":72.97,"y":-20.84,"curve":"stepped"},{"time":2.9333,"x":72.97,"y":-24.35,"curve":"stepped"},{"time":3.0666,"x":37.49,"y":81.96,"curve":"stepped"},{"time":3.1333,"x":40.77,"y":84.26,"curve":"stepped"},{"time":3.2333,"x":46.59,"y":86.12,"curve":"stepped"},{"time":3.3666,"x":75.74,"y":-2.69,"curve":"stepped"},{"time":3.4,"x":76.98,"y":-3.94,"curve":"stepped"},{"time":3.4333,"x":79.99,"y":-6.24,"curve":"stepped"},{"time":3.7,"x":88.98,"y":-9.89,"curve":"stepped"},{"time":3.7666,"x":55.26,"y":66.25,"curve":"stepped"},{"time":3.9,"x":63.49,"y":63.67,"curve":"stepped"},{"time":4.1,"x":67.72,"y":57.32}],"scale":[{"time":0,"x":1,"y":-1}]},"L_hand":{"rotate":[{"time":1.8666,"angle":60.98}],"translate":[{"time":1.8666,"x":-68.93,"y":-41.48,"curve":"stepped"},{"time":1.9,"x":-68.78,"y":-43.24,"curve":"stepped"},{"time":1.9333,"x":-68.64,"y":-47.47,"curve":"stepped"},{"time":2.8666,"x":-68.93,"y":-41.48,"curve":"stepped"},{"time":2.9,"x":-68.78,"y":-43.24,"curve":"stepped"},{"time":2.9333,"x":-68.64,"y":-47.47}],"scale":[{"time":1.8666,"x":1,"y":-1}]}},"drawOrder":[{"time":0,"offsets":[{"slot":"MAIN","offset":1}]},{"time":1.8666},{"time":2.0666,"offsets":[{"slot":"MAIN","offset":1}]},{"time":2.8666},{"time":3.0666,"offsets":[{"slot":"MAIN","offset":1}]}],"events":[{"time":0,"name":"Sound1","string":"cri_se_battle_charge"},{"time":0,"name":"Voice","string":"cri_111_voice_fullarts_now"},{"time":0.5333,"name":"Event","float":0.2,"string":"shakeGround_Loop"},{"time":0.5666,"name":"Event","string":"runSkillEffect"},{"time":1.3333,"name":"Event","float":0.1,"string":"kHitStopType_normal"},{"time":1.4,"name":"Event","string":"setHitBackEnemy(15,15)"},{"time":1.4,"name":"Event2","float":0.3,"string":"shakeGround_Loop"},{"time":1.4,"name":"Sound1","string":"cri_se_battle_026_stab"},{"time":1.4,"name":"Sound2","string":"cri_se_battle_monster_hit"},{"time":1.4,"name":"Sound3","string":"cri_se_battle_033_explosion_element_01"},{"time":1.4666,"name":"Event","float":0.3,"string":"kHitStopType_enemyonly"},{"time":1.4666,"name":"Hit","string":"resetHitList"},{"time":1.8666,"name":"Event","float":0.07,"string":"kHitStopType_normal"},{"time":1.8666,"name":"Event2","float":0.3,"string":"shakeGround_Loop"},{"time":1.8666,"name":"Hit","string":"resetHitList"},{"time":1.8666,"name":"Sound1","string":"cri_se_battle_026_stab"},{"time":1.8666,"name":"Sound2","string":"cri_se_battle_monster_hit"},{"time":1.8666,"name":"Sound3","string":"cri_se_battle_033_explosion_element_01"},{"time":1.9333,"name":"Event","float":0.3,"string":"kHitStopType_enemyonly"},{"time":1.9333,"name":"Hit","string":"resetHitList"},{"time":2.3666,"name":"Event","float":0.07,"string":"kHitStopType_normal"},{"time":2.3666,"name":"Event2","float":0.3,"string":"shakeGround_Loop"},{"time":2.3666,"name":"Hit","string":"resetHitList"},{"time":2.3666,"name":"Sound1","string":"cri_se_battle_026_stab"},{"time":2.3666,"name":"Sound2","string":"cri_se_battle_monster_hit"},{"time":2.3666,"name":"Sound3","string":"cri_se_battle_033_explosion_element_01"},{"time":2.4333,"name":"Event","float":0.3,"string":"kHitStopType_enemyonly"},{"time":2.4333,"name":"Hit","string":"resetHitList"},{"time":2.8666,"name":"Event","float":0.07,"string":"kHitStopType_normal"},{"time":2.8666,"name":"Event2","float":0.3,"string":"shakeGround_Loop"},{"time":2.8666,"name":"Hit","string":"resetHitList"},{"time":2.8666,"name":"Sound1","string":"cri_se_battle_026_stab"},{"time":2.8666,"name":"Sound2","string":"cri_se_battle_monster_hit"},{"time":2.8666,"name":"Sound3","string":"cri_se_battle_033_explosion_element_01"},{"time":2.9333,"name":"Event","float":0.3,"string":"kHitStopType_enemyonly"},{"time":2.9333,"name":"Hit","string":"resetHitList"},{"time":3.3666,"name":"Event","float":0.07,"string":"kHitStopType_normal"},{"time":3.3666,"name":"Event2","float":0.3,"string":"shakeGround_Loop"},{"time":3.3666,"name":"Hit","string":"resetHitList"},{"time":3.3666,"name":"Sound1","string":"cri_se_battle_026_stab"},{"time":3.3666,"name":"Sound2","string":"cri_se_battle_monster_hit"},{"time":3.3666,"name":"Sound3","string":"cri_se_battle_033_explosion_element_01"},{"time":3.4333,"name":"Event","float":0.6,"string":"kHitStopType_enemyonly"},{"time":3.4333,"name":"Hit","string":"resetHitList"},{"time":4.1,"name":"Voice","string":"cri_111_voice_fullarts_rank4"},{"time":4.3,"name":"Event","float":0.3,"string":"kHitStopType_normal"},{"time":4.3333,"name":"Event","string":"setHitBackEnemy(0,0)"},{"time":4.3666,"name":"Event","float":0.5,"string":"shakeGround_Loop"},{"time":4.3666,"name":"Event2","string":"shakeGround"},{"time":4.3666,"name":"Hit","string":"resetHitList"},{"time":4.3666,"name":"Sound1","string":"cri_se_battle_026_stab"},{"time":4.3666,"name":"Sound2","string":"cri_se_battle_monster_hit"},{"time":4.3666,"name":"Sound3","string":"cri_se_battle_032_explosion_04"},{"time":4.4,"name":"Event","float":0.25,"string":"kHitStopType_enemyonly"},{"time":4.4333,"name":"Event","string":"setHitBackEnemy(50,0)"},{"time":4.4333,"name":"Hit","string":"resetHitList"},{"time":4.5,"name":"Hit","string":"resetHitList"},{"time":4.5666,"name":"Hit","string":"resetHitList"},{"time":4.6333,"name":"Event","int":150,"string":"kImpactType_knock"},{"time":4.6333,"name":"Hit","string":"resetHitList"}]}}}