{"skeleton":{"hash":"jkAjCWl8J9ikHhCIrmnYdc2Id64","spine":"3.0.12","width":0,"height":0,"images":"./images2/"},"bones":[{"name":"root"},{"name":"MAIN","parent":"root","y":100,"color":"ffffffff"},{"name":"Body","parent":"MAIN","y":-15,"color":"ffffffff"},{"name":"EF_spack","parent":"Body","x":-0.3,"y":144.5,"scaleX":2,"scaleY":2,"color":"0008ffff"},{"name":"EF_ring","parent":"Body","y":30,"color":"ffffffff"}],"slots":[{"name":"body_04","bone":"EF_ring","attachment":"body_04"},{"name":"body_03","bone":"EF_ring","attachment":"body_03"},{"name":"MAIN","bone":"Body","attachment":"body_02"},{"name":"right_02","bone":"EF_spack"},{"name":"EF_core","bone":"Body"},{"name":"body_01","bone":"EF_ring","attachment":"body_01"},{"name":"right_01","bone":"EF_spack","attachment":"right_01"},{"name":"EF_haze","bone":"EF_spack"},{"name":"EF_ball","bone":"EF_spack"},{"name":"EF_ball_flash","bone":"EF_spack","blend":"additive"},{"name":"EF_ballwind","bone":"EF_spack"},{"name":"EF_spark","bone":"EF_spack","blend":"additive"},{"name":"right_03","bone":"EF_spack"}],"skins":{"default":{"EF_ball":{"ball":{"x":0.15,"y":-54.9,"width":300,"height":300}},"EF_ball_flash":{"ball":{"x":0.15,"y":-54.9,"width":300,"height":300}},"EF_ballwind":{"ball_ef_1":{"x":0.15,"y":-54.9,"width":300,"height":300},"ball_ef_2":{"x":0.15,"y":-54.9,"width":300,"height":300},"ball_ef_3":{"x":0.15,"y":-54.9,"width":300,"height":300}},"EF_core":{"core_03":{"y":34.89,"scaleX":2,"scaleY":2,"width":400,"height":360}},"EF_haze":{"haze":{"x":0.15,"y":-54.9,"width":300,"height":300}},"EF_spark":{"spark_01":{"x":0.15,"y":-54.9,"width":400,"height":360},"spark_02":{"x":0.15,"y":-54.9,"width":400,"height":360},"spark_03":{"x":0.15,"y":-54.9,"width":400,"height":360}},"MAIN":{"body_02":{"y":34.89,"scaleX":2,"scaleY":2,"width":400,"height":360}},"body_01":{"body_01":{"y":4.89,"scaleX":2,"scaleY":2,"width":400,"height":360}},"body_03":{"body_03":{"y":4.89,"scaleX":2,"scaleY":2,"width":400,"height":360}},"body_04":{"body_04":{"y":4.89,"scaleX":2,"scaleY":2,"width":400,"height":360}},"right_01":{"right_01":{"x":0.33,"y":-55.11,"rotation":-1.16,"width":400,"height":360}},"right_02":{"right_02":{"x":0.15,"y":-54.8,"scaleX":1.01,"scaleY":1.01,"width":400,"height":360}},"right_03":{"right_03":{"x":0.15,"y":-54.8,"scaleX":1.01,"scaleY":1.01,"width":400,"height":360}}}},"events":{"Event":{},"Hit":{},"HitEffect":{},"Sound_1":{},"Sound_2":{}},"animations":{"idle":{"slots":{"EF_ball":{"attachment":[{"time":0,"name":"ball"}]},"EF_ball_flash":{"attachment":[{"time":0,"name":"ball"}],"color":[{"time":0,"color":"ffffff00"},{"time":0.5,"color":"ffffffff"},{"time":1,"color":"ffffff00"}]},"EF_haze":{"attachment":[{"time":0,"name":null}]},"EF_spark":{"attachment":[{"time":0,"name":"spark_01"},{"time":0.0666,"name":"spark_02"},{"time":0.1333,"name":"spark_03"},{"time":0.2,"name":"spark_01"},{"time":0.2666,"name":"spark_02"},{"time":0.3333,"name":"spark_03"},{"time":0.4,"name":"spark_01"},{"time":0.4666,"name":"spark_02"},{"time":0.5333,"name":"spark_03"},{"time":0.6,"name":"spark_01"},{"time":0.6666,"name":"spark_02"},{"time":0.7333,"name":"spark_03"},{"time":0.8,"name":"spark_01"},{"time":0.8666,"name":"spark_02"},{"time":0.9333,"name":"spark_03"},{"time":1,"name":"spark_01"}]},"right_01":{"attachment":[{"time":0,"name":null}]}},"bones":{"Body":{"translate":[{"time":0,"x":0,"y":0,"curve":"stepped"},{"time":0.1666,"x":0,"y":-2.15,"curve":"stepped"},{"time":0.3333,"x":0,"y":-4.31,"curve":"stepped"},{"time":0.5,"x":0,"y":-6.47,"curve":"stepped"},{"time":0.6666,"x":0,"y":-4.31,"curve":"stepped"},{"time":0.8333,"x":0,"y":-2.15,"curve":"stepped"},{"time":1,"x":0,"y":0}]}}}}}