{"skeleton":{"hash":"00GaVkN3E/AeYSoO875IwbxGNpc","spine":"3.0.12","width":0,"height":0,"images":"./images/"},"bones":[{"name":"root"},{"name":"coin2_5","parent":"root","x":833.38,"y":233.99},{"name":"coin2_4","parent":"root","x":784.96,"y":233.99},{"name":"coin2_3","parent":"root","x":737.1,"y":233.99},{"name":"coin2_2","parent":"root","x":688.68,"y":233.99},{"name":"coin2_1","parent":"root","x":641.11,"y":233.99},{"name":"coin1_10","parent":"root","x":833.09,"y":283.41},{"name":"coin1_9","parent":"root","x":785.24,"y":283.41},{"name":"coin1_8","parent":"root","x":737.1,"y":283.41},{"name":"coin1_7","parent":"root","x":688.97,"y":283.41},{"name":"coin1_6","parent":"root","x":641.11,"y":283.41},{"name":"coin1_5","parent":"root","x":832.8,"y":330.1},{"name":"coin1_4","parent":"root","x":785.24,"y":330.1},{"name":"coin1_3","parent":"root","x":736.81,"y":330.1},{"name":"coin1_2","parent":"root","x":689.25,"y":330.1},{"name":"coin1_1","parent":"root","x":641.11,"y":330.1},{"name":"S2_wave1","parent":"root","x":1099.39,"y":138.24},{"name":"S2_rock2_2","parent":"root","x":909.62,"y":-344.74},{"name":"S2_rock2_1","parent":"root","x":706.34,"y":-344.74},{"name":"S2_dusty1","parent":"root","x":1088.98,"y":-150.15},{"name":"S2_dome2_2","parent":"root","x":909.07,"y":-148.84},{"name":"S2_dome2_1","parent":"root","x":700.28,"y":-149.72},{"name":"S2_dome1_2","parent":"root","x":904.6,"y":0.83},{"name":"S2_dome1_1","parent":"root","x":697.49,"y":1.08},{"name":"A1_pt1","parent":"root","x":641.71,"y":477.49},{"name":"A1_cat1_2","parent":"root","x":718.49,"y":394.73},{"name":"A1_cat1_1","parent":"root","x":641.7,"y":394.73},{"name":"wind2","parent":"root","x":1094.85,"y":-336.14},{"name":"wind4","parent":"root","x":1405.87,"y":-341.05}],"slots":[{"name":"A1_cat1_1","bone":"A1_cat1_1","blend":"additive"},{"name":"A1_cat1_2","bone":"A1_cat1_2","blend":"additive"},{"name":"A1_pt1","bone":"A1_pt1","blend":"additive"},{"name":"S2_wave1","bone":"S2_wave1","blend":"additive"},{"name":"S2_dome1_1","bone":"S2_dome1_1","blend":"additive"},{"name":"S2_dome1_2","bone":"S2_dome1_2","blend":"additive"},{"name":"S2_dome2_1","bone":"S2_dome2_1","blend":"additive"},{"name":"S2_dome2_2","bone":"S2_dome2_2","blend":"additive"},{"name":"S2_dusty1","bone":"S2_dusty1","blend":"additive"},{"name":"S2_rock2_1","bone":"S2_rock2_1"},{"name":"S2_rock2_2","bone":"S2_rock2_2"},{"name":"wind2","bone":"wind2","blend":"additive"},{"name":"wind4","bone":"wind4","blend":"additive"},{"name":"coin1_1","bone":"coin1_1"},{"name":"coin1_6","bone":"coin1_6"},{"name":"coin1_7","bone":"coin1_7"},{"name":"coin1_8","bone":"coin1_8"},{"name":"coin1_9","bone":"coin1_9"},{"name":"coin1_10","bone":"coin1_10"},{"name":"coin1_2","bone":"coin1_2"},{"name":"coin1_3","bone":"coin1_3"},{"name":"coin1_4","bone":"coin1_4"},{"name":"coin1_5","bone":"coin1_5"},{"name":"coin2_1","bone":"coin2_1"},{"name":"coin2_2","bone":"coin2_2"},{"name":"coin2_3","bone":"coin2_3"},{"name":"coin2_4","bone":"coin2_4"},{"name":"coin2_5","bone":"coin2_5"}],"skins":{"default":{"A1_cat1_1":{"EF/1040_A1_cat1/1040_A1_cat1_00000":{"x":-1.07,"y":1.03,"width":240,"height":240}},"A1_cat1_2":{"EF/1040_A1_cat1/1040_A1_cat1_00000":{"x":-1.07,"y":1.03,"width":240,"height":240}},"A1_pt1":{"EF/1040_A1_pt1/1040_A1_pt1_00002":{"x":0.47,"y":2.87,"width":240,"height":240},"EF/1040_A1_pt1/1040_A1_pt1_00003":{"x":0.47,"y":2.87,"width":240,"height":240},"EF/1040_A1_pt1/1040_A1_pt1_00004":{"x":0.47,"y":2.87,"width":240,"height":240},"EF/1040_A1_pt1/1040_A1_pt1_00005":{"x":0.47,"y":2.87,"width":240,"height":240},"EF/1040_A1_pt1/1040_A1_pt1_00007":{"x":0.47,"y":2.87,"width":240,"height":240},"EF/1040_A1_pt1/1040_A1_pt1_00009":{"x":0.47,"y":2.87,"width":240,"height":240},"EF/1040_A1_pt1/1040_A1_pt1_00010":{"x":0.47,"y":2.87,"width":240,"height":240},"EF/1040_A1_pt1/1040_A1_pt1_00011":{"x":0.47,"y":2.87,"width":240,"height":240},"EF/1040_A1_pt1/1040_A1_pt1_00012":{"x":0.47,"y":2.87,"width":240,"height":240},"EF/1040_A1_pt1/1040_A1_pt1_00014":{"x":0.47,"y":2.87,"width":240,"height":240}},"S2_dome1_1":{"EF/1040_S2_dome1/1040_S2_dome1_00000":{"x":2.25,"y":-10.17,"width":250,"height":250},"EF/1040_S2_dome1/1040_S2_dome1_00007":{"x":2.25,"y":-10.17,"width":250,"height":250},"EF/1040_S2_dome1/1040_S2_dome1_00008":{"x":2.25,"y":-10.17,"width":250,"height":250},"EF/1040_S2_dome1/1040_S2_dome1_00009":{"x":2.25,"y":-10.17,"width":250,"height":250},"EF/1040_S2_dome1/1040_S2_dome1_00010":{"x":2.25,"y":-10.17,"width":250,"height":250},"EF/1040_S2_dome1/1040_S2_dome1_00011":{"x":2.25,"y":-10.17,"width":250,"height":250},"EF/1040_S2_dome1/1040_S2_dome1_00012":{"x":2.25,"y":-10.17,"width":250,"height":250},"EF/1040_S2_dome1/1040_S2_dome1_00013":{"x":2.25,"y":-10.17,"width":250,"height":250}},"S2_dome1_2":{"EF/1040_S2_dome1/1040_S2_dome1_00000":{"x":2.25,"y":-9.92,"width":250,"height":250},"EF/1040_S2_dome1/1040_S2_dome1_00007":{"x":2.25,"y":-9.92,"width":250,"height":250},"EF/1040_S2_dome1/1040_S2_dome1_00008":{"x":2.25,"y":-9.92,"width":250,"height":250},"EF/1040_S2_dome1/1040_S2_dome1_00009":{"x":2.25,"y":-10.17,"width":250,"height":250},"EF/1040_S2_dome1/1040_S2_dome1_00010":{"x":2.25,"y":-10.17,"width":250,"height":250},"EF/1040_S2_dome1/1040_S2_dome1_00011":{"x":2.25,"y":-10.17,"width":250,"height":250},"EF/1040_S2_dome1/1040_S2_dome1_00012":{"x":2.25,"y":-10.17,"width":250,"height":250},"EF/1040_S2_dome1/1040_S2_dome1_00013":{"x":2.25,"y":-10.17,"width":250,"height":250}},"S2_dome2_1":{"EF/1040_S2_dome2/1040_S2_dome2_00004":{"x":-6.21,"y":0.27,"width":250,"height":250},"EF/1040_S2_dome2/1040_S2_dome2_00005":{"x":-6.21,"y":0.27,"width":250,"height":250},"EF/1040_S2_dome2/1040_S2_dome2_00006":{"x":-6.22,"y":0.27,"width":250,"height":250},"EF/1040_S2_dome2/1040_S2_dome2_00007":{"x":-6.22,"y":0.27,"width":250,"height":250},"EF/1040_S2_dome2/1040_S2_dome2_00008":{"x":-6.22,"y":0.27,"width":250,"height":250},"EF/1040_S2_dome2/1040_S2_dome2_00009":{"x":-6.22,"y":0.27,"width":250,"height":250},"EF/1040_S2_dome2/1040_S2_dome2_00010":{"x":-6.22,"y":0.27,"width":250,"height":250}},"S2_dome2_2":{"EF/1040_S2_dome2/1040_S2_dome2_00004":{"x":-6.21,"y":0.27,"width":250,"height":250},"EF/1040_S2_dome2/1040_S2_dome2_00005":{"x":-6.21,"y":0.27,"width":250,"height":250},"EF/1040_S2_dome2/1040_S2_dome2_00006":{"x":-6.22,"y":0.27,"width":250,"height":250},"EF/1040_S2_dome2/1040_S2_dome2_00007":{"x":-6.22,"y":0.27,"width":250,"height":250},"EF/1040_S2_dome2/1040_S2_dome2_00008":{"x":-6.22,"y":0.27,"width":250,"height":250},"EF/1040_S2_dome2/1040_S2_dome2_00009":{"x":-6.22,"y":0.27,"width":250,"height":250},"EF/1040_S2_dome2/1040_S2_dome2_00010":{"x":-6.22,"y":0.27,"width":250,"height":250}},"S2_dusty1":{"EF/1040_S2_dusty1/1040_S2_dusty1_00000":{"x":1.43,"y":21.39,"width":250,"height":250},"EF/1040_S2_dusty1/1040_S2_dusty1_00002":{"x":1.43,"y":21.39,"width":250,"height":250},"EF/1040_S2_dusty1/1040_S2_dusty1_00004":{"x":1.43,"y":21.39,"width":250,"height":250},"EF/1040_S2_dusty1/1040_S2_dusty1_00006":{"x":1.43,"y":21.39,"width":250,"height":250},"EF/1040_S2_dusty1/1040_S2_dusty1_00008":{"x":1.43,"y":21.39,"width":250,"height":250},"EF/1040_S2_dusty1/1040_S2_dusty1_00010":{"x":1.43,"y":21.39,"width":250,"height":250},"EF/1040_S2_dusty1/1040_S2_dusty1_00012":{"x":1.43,"y":21.39,"width":250,"height":250}},"S2_rock2_1":{"EF/690_S2_rock2/690_S2_rock2_00002":{"x":-8.87,"y":39.57,"width":375,"height":375},"EF/690_S2_rock2/690_S2_rock2_00003":{"x":-8.87,"y":39.57,"width":375,"height":375},"EF/690_S2_rock2/690_S2_rock2_00004":{"x":-8.87,"y":39.57,"width":375,"height":375}},"S2_rock2_2":{"EF/690_S2_rock2/690_S2_rock2_00002":{"x":-8.87,"y":39.57,"width":375,"height":375},"EF/690_S2_rock2/690_S2_rock2_00003":{"x":-8.87,"y":39.57,"width":375,"height":375},"EF/690_S2_rock2/690_S2_rock2_00004":{"x":-8.87,"y":39.57,"width":375,"height":375}},"S2_wave1":{"EF/1040_S2_wave1/1040_S2_wave1_00004":{"x":4.58,"y":1.54,"width":360,"height":360},"EF/1040_S2_wave1/1040_S2_wave1_00005":{"x":4.58,"y":0.06,"width":360,"height":360},"EF/1040_S2_wave1/1040_S2_wave1_00006":{"x":4.58,"y":0.06,"width":360,"height":360},"EF/1040_S2_wave1/1040_S2_wave1_00007":{"x":4.58,"y":0.06,"width":360,"height":360},"EF/1040_S2_wave1/1040_S2_wave1_00008":{"x":4.58,"y":0.06,"width":360,"height":360},"EF/1040_S2_wave1/1040_S2_wave1_00009":{"x":4.58,"y":0.06,"width":360,"height":360}},"coin1_1":{"EF/coin1/coin1_1":{"x":0.07,"y":0.24,"width":32,"height":32},"EF/coin1/coin1_2":{"x":0.07,"y":0.24,"width":32,"height":32},"EF/coin1/coin1_3":{"x":0.07,"y":0.24,"width":32,"height":32},"EF/coin1/coin1_4":{"x":0.07,"y":0.24,"width":32,"height":32}},"coin1_10":{"EF/coin1/coin1_1":{"x":0.07,"y":0.24,"width":32,"height":32},"EF/coin1/coin1_2":{"x":0.07,"y":0.24,"width":32,"height":32},"EF/coin1/coin1_3":{"x":0.07,"y":0.24,"width":32,"height":32},"EF/coin1/coin1_4":{"x":0.07,"y":0.24,"width":32,"height":32}},"coin1_2":{"EF/coin1/coin1_1":{"x":0.07,"y":0.24,"width":32,"height":32},"EF/coin1/coin1_2":{"x":0.07,"y":0.24,"width":32,"height":32},"EF/coin1/coin1_3":{"x":0.07,"y":0.24,"width":32,"height":32},"EF/coin1/coin1_4":{"x":0.07,"y":0.24,"width":32,"height":32}},"coin1_3":{"EF/coin1/coin1_1":{"x":0.07,"y":0.24,"width":32,"height":32},"EF/coin1/coin1_2":{"x":0.07,"y":0.24,"width":32,"height":32},"EF/coin1/coin1_3":{"x":0.07,"y":0.24,"width":32,"height":32},"EF/coin1/coin1_4":{"x":0.07,"y":0.24,"width":32,"height":32}},"coin1_4":{"EF/coin1/coin1_1":{"x":0.07,"y":0.24,"width":32,"height":32},"EF/coin1/coin1_2":{"x":0.07,"y":0.24,"width":32,"height":32},"EF/coin1/coin1_3":{"x":0.07,"y":0.24,"width":32,"height":32},"EF/coin1/coin1_4":{"x":0.07,"y":0.24,"width":32,"height":32}},"coin1_5":{"EF/coin1/coin1_1":{"x":0.07,"y":0.24,"width":32,"height":32},"EF/coin1/coin1_2":{"x":0.07,"y":0.24,"width":32,"height":32},"EF/coin1/coin1_3":{"x":0.07,"y":0.24,"width":32,"height":32},"EF/coin1/coin1_4":{"x":0.07,"y":0.24,"width":32,"height":32}},"coin1_6":{"EF/coin1/coin1_1":{"x":0.07,"y":0.24,"width":32,"height":32},"EF/coin1/coin1_2":{"x":0.07,"y":0.24,"width":32,"height":32},"EF/coin1/coin1_3":{"x":0.07,"y":0.24,"width":32,"height":32},"EF/coin1/coin1_4":{"x":0.07,"y":0.24,"width":32,"height":32}},"coin1_7":{"EF/coin1/coin1_1":{"x":0.07,"y":0.24,"width":32,"height":32},"EF/coin1/coin1_2":{"x":0.07,"y":0.24,"width":32,"height":32},"EF/coin1/coin1_3":{"x":0.07,"y":0.24,"width":32,"height":32},"EF/coin1/coin1_4":{"x":0.07,"y":0.24,"width":32,"height":32}},"coin1_8":{"EF/coin1/coin1_1":{"x":0.07,"y":0.24,"width":32,"height":32},"EF/coin1/coin1_2":{"x":0.07,"y":0.24,"width":32,"height":32},"EF/coin1/coin1_3":{"x":0.07,"y":0.24,"width":32,"height":32},"EF/coin1/coin1_4":{"x":0.07,"y":0.24,"width":32,"height":32}},"coin1_9":{"EF/coin1/coin1_1":{"x":0.07,"y":0.24,"width":32,"height":32},"EF/coin1/coin1_2":{"x":0.07,"y":0.24,"width":32,"height":32},"EF/coin1/coin1_3":{"x":0.07,"y":0.24,"width":32,"height":32},"EF/coin1/coin1_4":{"x":0.07,"y":0.24,"width":32,"height":32}},"coin2_1":{"EF/coin2/coin2_1":{"x":0.07,"y":0.24,"width":32,"height":32},"EF/coin2/coin2_2":{"x":0.07,"y":0.24,"width":32,"height":32},"EF/coin2/coin2_3":{"x":0.07,"y":0.24,"width":32,"height":32},"EF/coin2/coin2_4":{"x":0.07,"y":0.24,"width":32,"height":32}},"coin2_2":{"EF/coin2/coin2_1":{"x":0.07,"y":0.24,"width":32,"height":32},"EF/coin2/coin2_2":{"x":0.07,"y":0.24,"width":32,"height":32},"EF/coin2/coin2_3":{"x":0.07,"y":0.24,"width":32,"height":32},"EF/coin2/coin2_4":{"x":0.07,"y":0.24,"width":32,"height":32}},"coin2_3":{"EF/coin2/coin2_1":{"x":0.07,"y":0.24,"width":32,"height":32},"EF/coin2/coin2_2":{"x":0.07,"y":0.24,"width":32,"height":32},"EF/coin2/coin2_3":{"x":0.07,"y":0.24,"width":32,"height":32},"EF/coin2/coin2_4":{"x":0.07,"y":0.24,"width":32,"height":32}},"coin2_4":{"EF/coin2/coin2_1":{"x":0.07,"y":0.24,"width":32,"height":32},"EF/coin2/coin2_2":{"x":0.07,"y":0.24,"width":32,"height":32},"EF/coin2/coin2_3":{"x":0.07,"y":0.24,"width":32,"height":32},"EF/coin2/coin2_4":{"x":0.07,"y":0.24,"width":32,"height":32}},"coin2_5":{"EF/coin2/coin2_1":{"x":0.07,"y":0.24,"width":32,"height":32},"EF/coin2/coin2_2":{"x":0.07,"y":0.24,"width":32,"height":32},"EF/coin2/coin2_3":{"x":0.07,"y":0.24,"width":32,"height":32},"EF/coin2/coin2_4":{"x":0.07,"y":0.24,"width":32,"height":32}},"wind2":{"EF/9020_wind2/9020_wind2_00004":{"x":2.07,"y":0.2,"width":306,"height":306}},"wind4":{"EF/9020_wind4/9020_wind4_00005":{"width":320,"height":146}}}},"animations":{"1-attack1":{"slots":{"A1_cat1_1":{"attachment":[{"time":0.7,"name":"EF/1040_A1_cat1/1040_A1_cat1_00000"},{"time":1.4,"name":null}],"color":[{"time":1.1,"color":"ffffffff"},{"time":1.4,"color":"ffffff00"}]},"A1_cat1_2":{"attachment":[{"time":0.7,"name":"EF/1040_A1_cat1/1040_A1_cat1_00000"},{"time":1.4,"name":null}],"color":[{"time":0.7,"color":"ffffff59","curve":"stepped"},{"time":1.1,"color":"ffffff59"},{"time":1.4,"color":"ffffff00"}]},"A1_pt1":{"attachment":[{"time":0.8,"name":"EF/1040_A1_pt1/1040_A1_pt1_00002"},{"time":0.8333,"name":"EF/1040_A1_pt1/1040_A1_pt1_00003"},{"time":0.8666,"name":"EF/1040_A1_pt1/1040_A1_pt1_00004"},{"time":0.9,"name":"EF/1040_A1_pt1/1040_A1_pt1_00005"},{"time":0.9666,"name":"EF/1040_A1_pt1/1040_A1_pt1_00007"},{"time":1.0333,"name":"EF/1040_A1_pt1/1040_A1_pt1_00009"},{"time":1.1,"name":"EF/1040_A1_pt1/1040_A1_pt1_00010"},{"time":1.1666,"name":"EF/1040_A1_pt1/1040_A1_pt1_00011"},{"time":1.2333,"name":"EF/1040_A1_pt1/1040_A1_pt1_00012"},{"time":1.3,"name":"EF/1040_A1_pt1/1040_A1_pt1_00014"},{"time":1.3666,"name":null}],"color":[{"time":1.1666,"color":"ffffffff"},{"time":1.3666,"color":"ffffff00"}]}},"bones":{"A1_pt1":{"translate":[{"time":0.8,"x":-775.09,"y":-404.18}],"scale":[{"time":0.8,"x":1.5,"y":1.5}]},"A1_cat1_2":{"translate":[{"time":0.7,"x":-850.58,"y":-327.96}],"scale":[{"time":0.7,"x":4.5,"y":4.5,"curve":[0.368,0.02,0.927,0.51]},{"time":0.8666,"x":2,"y":2},{"time":0.9666,"x":1.65,"y":1.65},{"time":1.3,"x":2,"y":2}]},"A1_cat1_1":{"translate":[{"time":0.7,"x":-773.79,"y":-327.97}],"scale":[{"time":0.7,"x":2,"y":2,"curve":"stepped"},{"time":0.8666,"x":2,"y":2},{"time":0.9666,"x":1.65,"y":1.65},{"time":1.3,"x":2,"y":2}]}}},"1-skill1":{"slots":{"coin1_1":{"attachment":[{"time":0.2,"name":"EF/coin1/coin1_1"},{"time":0.3,"name":"EF/coin1/coin1_2"},{"time":0.3666,"name":"EF/coin1/coin1_3"},{"time":0.4333,"name":"EF/coin1/coin1_4"},{"time":0.5,"name":"EF/coin1/coin1_1"},{"time":0.5666,"name":"EF/coin1/coin1_2"},{"time":0.6666,"name":"EF/coin1/coin1_3"},{"time":0.8,"name":"EF/coin1/coin1_4"},{"time":0.9333,"name":"EF/coin1/coin1_1"},{"time":1.0333,"name":"EF/coin1/coin1_2"},{"time":1.1333,"name":"EF/coin1/coin1_3"},{"time":1.2333,"name":"EF/coin1/coin1_4"}],"color":[{"time":0.9666,"color":"ffffff98"},{"time":1.3,"color":"ffffff00"}]},"coin1_2":{"attachment":[{"time":0.3,"name":"EF/coin1/coin1_2"},{"time":0.5666,"name":"EF/coin1/coin1_3"},{"time":0.6333,"name":"EF/coin1/coin1_4"},{"time":0.7,"name":"EF/coin1/coin1_1"},{"time":0.7666,"name":"EF/coin1/coin1_2"},{"time":0.8333,"name":"EF/coin1/coin1_3"},{"time":0.9,"name":"EF/coin1/coin1_4"},{"time":0.9666,"name":"EF/coin1/coin1_1"},{"time":1.0333,"name":"EF/coin1/coin1_2"}],"color":[{"time":0.9666,"color":"ffffff98"},{"time":1.1,"color":"ffffff00"}]},"coin1_3":{"attachment":[{"time":0.3333,"name":"EF/coin1/coin1_1"},{"time":0.4666,"name":"EF/coin1/coin1_2"},{"time":0.5333,"name":"EF/coin1/coin1_3"},{"time":0.6,"name":"EF/coin1/coin1_4"},{"time":0.6666,"name":"EF/coin1/coin1_1"},{"time":0.7,"name":"EF/coin1/coin1_2"},{"time":0.8,"name":"EF/coin1/coin1_2"},{"time":0.8666,"name":"EF/coin1/coin1_3"},{"time":0.9333,"name":"EF/coin1/coin1_4"},{"time":1.0333,"name":"EF/coin1/coin1_1"}],"color":[{"time":1.0333,"color":"ffffff98"},{"time":1.2,"color":"ffffff00"}]},"coin1_4":{"attachment":[{"time":0.4,"name":"EF/coin1/coin1_1"},{"time":0.4666,"name":"EF/coin1/coin1_2"},{"time":0.6666,"name":"EF/coin1/coin1_2"},{"time":0.7333,"name":"EF/coin1/coin1_3"},{"time":0.8,"name":"EF/coin1/coin1_4"},{"time":0.8666,"name":"EF/coin1/coin1_1"},{"time":0.9,"name":"EF/coin1/coin1_2"},{"time":0.9666,"name":"EF/coin1/coin1_3"},{"time":1.0333,"name":"EF/coin1/coin1_4"}],"color":[{"time":1,"color":"ffffff98"},{"time":1.1,"color":"ffffff00"}]},"coin1_6":{"attachment":[{"time":0.3,"name":"EF/coin1/coin1_1"},{"time":0.4333,"name":"EF/coin1/coin1_2"},{"time":0.6,"name":"EF/coin1/coin1_3"},{"time":0.6333,"name":"EF/coin1/coin1_4"},{"time":0.7333,"name":"EF/coin1/coin1_1"},{"time":0.7666,"name":"EF/coin1/coin1_1"},{"time":0.8333,"name":"EF/coin1/coin1_2"},{"time":0.9,"name":"EF/coin1/coin1_3"}],"color":[{"time":0.9,"color":"ffffff98"},{"time":1,"color":"ffffff00"}]},"coin1_8":{"attachment":[{"time":1,"name":"EF/coin1/coin1_1"},{"time":1.1333,"name":"EF/coin1/coin1_2"},{"time":1.2666,"name":"EF/coin1/coin1_3"},{"time":1.3666,"name":"EF/coin1/coin1_4"},{"time":1.4333,"name":"EF/coin1/coin1_1"},{"time":1.5,"name":"EF/coin1/coin1_2"},{"time":1.6333,"name":"EF/coin1/coin1_3"},{"time":1.7333,"name":"EF/coin1/coin1_4"},{"time":1.8333,"name":"EF/coin1/coin1_1"},{"time":1.9333,"name":"EF/coin1/coin1_2"},{"time":2.0333,"name":null}],"color":[{"time":1.8666,"color":"ffffff98"},{"time":2.0333,"color":"ffffff00"}]},"coin1_9":{"attachment":[{"time":1,"name":"EF/coin1/coin1_1"},{"time":1.1333,"name":"EF/coin1/coin1_2"},{"time":1.4333,"name":"EF/coin1/coin1_3"},{"time":1.5333,"name":"EF/coin1/coin1_4"},{"time":1.6333,"name":"EF/coin1/coin1_1"},{"time":1.7666,"name":"EF/coin1/coin1_2"},{"time":1.9333,"name":null}],"color":[{"time":1.8333,"color":"ffffff98"},{"time":1.9333,"color":"ffffff00"}]},"coin1_10":{"attachment":[{"time":1.0666,"name":"EF/coin1/coin1_1"},{"time":1.2333,"name":"EF/coin1/coin1_2"},{"time":1.3666,"name":"EF/coin1/coin1_3"},{"time":1.4666,"name":"EF/coin1/coin1_4"},{"time":1.5333,"name":"EF/coin1/coin1_1"},{"time":1.5666,"name":"EF/coin1/coin1_2"},{"time":1.6666,"name":"EF/coin1/coin1_3"},{"time":1.7666,"name":"EF/coin1/coin1_4"},{"time":1.9,"name":"EF/coin1/coin1_1"},{"time":2.0333,"name":null}],"color":[{"time":1.8666,"color":"ffffff98"},{"time":2.0333,"color":"ffffff00"}]},"coin2_2":{"attachment":[{"time":0.4333,"name":"EF/coin2/coin2_1"},{"time":0.5333,"name":"EF/coin2/coin2_2"},{"time":0.6666,"name":"EF/coin2/coin2_3"},{"time":0.8666,"name":"EF/coin2/coin2_4"},{"time":0.9,"name":"EF/coin2/coin2_1"},{"time":0.9666,"name":"EF/coin2/coin2_2"},{"time":1.0666,"name":"EF/coin2/coin2_3"},{"time":1.2,"name":"EF/coin2/coin2_4"}],"color":[{"time":1.1666,"color":"ffffff98"},{"time":1.2666,"color":"ffffff00"}]},"coin2_3":{"attachment":[{"time":1,"name":"EF/coin2/coin2_1"},{"time":1.1,"name":"EF/coin2/coin2_2"},{"time":1.2,"name":"EF/coin2/coin2_3"},{"time":1.3,"name":"EF/coin2/coin2_4"},{"time":1.4,"name":"EF/coin2/coin2_1"},{"time":1.4666,"name":"EF/coin2/coin2_2"},{"time":1.5666,"name":"EF/coin2/coin2_3"},{"time":1.7666,"name":"EF/coin2/coin2_4"},{"time":1.8666,"name":"EF/coin2/coin2_1"},{"time":1.9666,"name":null}],"color":[{"time":1.8,"color":"ffffff98"},{"time":1.9666,"color":"ffffff00"}]},"coin2_4":{"attachment":[{"time":1.1333,"name":"EF/coin2/coin2_1"},{"time":1.2333,"name":"EF/coin2/coin2_2"},{"time":1.3666,"name":"EF/coin2/coin2_3"},{"time":1.4666,"name":"EF/coin2/coin2_4"},{"time":1.5666,"name":"EF/coin2/coin2_1"},{"time":1.7,"name":"EF/coin2/coin2_2"},{"time":1.8333,"name":"EF/coin2/coin2_3"},{"time":1.9333,"name":"EF/coin2/coin2_4"},{"time":2,"name":null}],"color":[{"time":1.8666,"color":"ffffff98"},{"time":2,"color":"ffffff00"}]},"coin2_5":{"attachment":[{"time":0.9666,"name":"EF/coin2/coin2_1"},{"time":1.0666,"name":"EF/coin2/coin2_2"},{"time":1.2,"name":"EF/coin2/coin2_3"},{"time":1.3666,"name":"EF/coin2/coin2_4"},{"time":1.4666,"name":"EF/coin2/coin2_1"},{"time":1.5666,"name":"EF/coin2/coin2_2"},{"time":1.6666,"name":"EF/coin2/coin2_3"},{"time":1.7666,"name":"EF/coin2/coin2_4"},{"time":1.8666,"name":null}],"color":[{"time":1.7333,"color":"ffffff98"},{"time":1.8666,"color":"ffffff00"}]}},"bones":{"coin2_2":{"translate":[{"time":0.4333,"x":-723.16,"y":-82.56,"curve":[0.25,0,0.75,1]},{"time":0.5333,"x":-656.7,"y":31.27,"curve":[0.25,0,0.75,1]},{"time":0.6,"x":-615.15,"y":-0.23,"curve":[0.311,0.22,0.646,0.56]},{"time":0.8333,"x":-544.13,"y":-218.21},{"time":0.9,"x":-535.84,"y":-173.39},{"time":0.9666,"x":-518.11,"y":-218.21},{"time":1.0333,"x":-510.42,"y":-205.23},{"time":1.1,"x":-498.83,"y":-218.21,"curve":[0.117,0.45,1,0.68]},{"time":1.2666,"x":-489.7,"y":-218.21}]},"coin2_3":{"translate":[{"time":1,"x":-757.86,"y":-97.65,"curve":[0.25,0,0.75,1]},{"time":1.1,"x":-789.72,"y":-39.91,"curve":[0.311,0.22,0.646,0.56]},{"time":1.3666,"x":-850.79,"y":-217.13},{"time":1.4666,"x":-853.44,"y":-194.23},{"time":1.5666,"x":-857.09,"y":-218.13},{"time":1.6666,"x":-859.75,"y":-202.2},{"time":1.7333,"x":-864.06,"y":-218.46,"curve":[0.117,0.45,1,0.68]},{"time":1.9666,"x":-866.38,"y":-218.46}]},"coin2_4":{"translate":[{"time":1.1333,"x":-769.29,"y":-53.3,"curve":[0.25,0,0.75,1]},{"time":1.2333,"x":-814.75,"y":2.4,"curve":[0.25,0,0.75,1]},{"time":1.3333,"x":-880.25,"y":-92.27,"curve":[0.311,0.22,0.646,0.56]},{"time":1.4666,"x":-939.94,"y":-218.51},{"time":1.5666,"x":-953.38,"y":-188.41},{"time":1.6666,"x":-970.67,"y":-218.19},{"time":1.7333,"x":-977.4,"y":-201.86},{"time":1.8333,"x":-986.68,"y":-218.51,"curve":[0.117,0.45,1,0.68]},{"time":2,"x":-994.04,"y":-218.51}]},"coin2_5":{"translate":[{"time":0.9666,"x":-856.57,"y":-60.34,"curve":[0.25,0,0.75,1]},{"time":1.0666,"x":-774.35,"y":-12.55,"curve":[0.311,0.22,0.646,0.56]},{"time":1.1333,"x":-736.51,"y":-50.43,"curve":[0.311,0.22,0.646,0.56]},{"time":1.3333,"x":-698.82,"y":-217.88},{"time":1.4333,"x":-683.85,"y":-193.99},{"time":1.5333,"x":-665.42,"y":-218.69},{"time":1.6333,"x":-647.39,"y":-206.54},{"time":1.7,"x":-630.63,"y":-218.29,"curve":[0.117,0.45,1,0.68]},{"time":1.8666,"x":-609.41,"y":-218.29}]},"coin1_10":{"translate":[{"time":1.0666,"x":-880.7,"y":-123.67,"curve":[0.25,0,0.75,1]},{"time":1.2333,"x":-792.49,"y":-15.53,"curve":[0.25,0,0.75,1]},{"time":1.3,"x":-750.94,"y":-61.61,"curve":[0.311,0.22,0.646,0.56]},{"time":1.5,"x":-682.72,"y":-269.69},{"time":1.5666,"x":-665.19,"y":-236.1},{"time":1.6666,"x":-650.68,"y":-268.36},{"time":1.7666,"x":-643.35,"y":-251.57},{"time":1.8333,"x":-632.11,"y":-267.92,"curve":[0.117,0.45,1,0.68]},{"time":2.0333,"x":-615.43,"y":-267.92}]},"coin1_9":{"translate":[{"time":1,"x":-815.37,"y":-158.17,"curve":[0.25,0,0.75,1]},{"time":1.1333,"x":-767.49,"y":-19.02,"curve":[0.311,0.22,0.646,0.56]},{"time":1.3666,"x":-711.64,"y":-267.84},{"time":1.4666,"x":-704.53,"y":-209.01},{"time":1.5666,"x":-701.1,"y":-267.54},{"time":1.6666,"x":-694.4,"y":-238.18},{"time":1.7666,"x":-691.14,"y":-267.25},{"time":1.8333,"x":-689.73,"y":-251.76,"curve":[0.117,0.45,1,0.68]},{"time":1.9333,"x":-679.33,"y":-267.25}]},"coin1_8":{"translate":[{"time":1,"x":-680.51,"y":-113.17,"curve":[0.25,0,0.75,1]},{"time":1.1333,"x":-767.3,"y":-47.45,"curve":[0.25,0,0.75,1]},{"time":1.2,"x":-794.83,"y":-78.87,"curve":[0.311,0.22,0.646,0.56]},{"time":1.3333,"x":-840.1,"y":-266.49},{"time":1.4,"x":-852.22,"y":-212.73},{"time":1.5,"x":-866.61,"y":-266.83},{"time":1.6,"x":-869.06,"y":-237.62},{"time":1.7,"x":-876.99,"y":-267.16},{"time":1.7666,"x":-883.18,"y":-251.23},{"time":1.8666,"x":-895.03,"y":-266.83,"curve":[0.117,0.45,1,0.68]},{"time":2.0333,"x":-904.56,"y":-266.83}]},"coin1_6":{"translate":[{"time":0.3,"x":-595.06,"y":-137.14,"curve":[0.25,0,0.75,1]},{"time":0.4,"x":-573.68,"y":-103.62,"curve":[0.311,0.22,0.646,0.56]},{"time":0.5666,"x":-547.38,"y":-268.35},{"time":0.6333,"x":-539.29,"y":-240.03},{"time":0.7333,"x":-536.4,"y":-267.48},{"time":0.8,"x":-533.22,"y":-254.77},{"time":0.8666,"x":-528.88,"y":-268.35,"curve":[0.117,0.45,1,0.68]},{"time":1.0333,"x":-526.28,"y":-268.35}]},"coin1_4":{"translate":[{"time":0.4,"x":-768.89,"y":-154.18,"curve":[0.25,0,0.75,1]},{"time":0.5,"x":-746.58,"y":-118.34,"curve":[0.311,0.22,0.646,0.56]},{"time":0.7,"x":-705.19,"y":-313.2},{"time":0.7666,"x":-697.87,"y":-275.84},{"time":0.8333,"x":-692.37,"y":-314.3},{"time":0.9,"x":-688.34,"y":-294.15},{"time":0.9666,"x":-683.58,"y":-314.3,"curve":[0.117,0.45,1,0.68]},{"time":1.1,"x":-677.36,"y":-314.3}]},"coin1_3":{"translate":[{"time":0.3333,"x":-690.97,"y":-174.07,"curve":[0.311,0.22,0.646,0.56]},{"time":0.4333,"x":-789.35,"y":-130.94,"curve":[0.311,0.22,0.646,0.56]},{"time":0.6666,"x":-821.45,"y":-313.92},{"time":0.7333,"x":-827.37,"y":-284.69},{"time":0.8333,"x":-838.5,"y":-313.92},{"time":0.9,"x":-844.42,"y":-299.65},{"time":0.9666,"x":-849.98,"y":-312.53,"curve":[0.117,0.45,1,0.68]},{"time":1.0666,"x":-855.9,"y":-312.53}]},"coin1_2":{"translate":[{"time":0.3,"x":-684.29,"y":-169.97,"curve":[0.25,0,0.75,1]},{"time":0.4,"x":-724.57,"y":-101.98,"curve":[0.311,0.22,0.646,0.56]},{"time":0.5666,"x":-735.56,"y":-314.86},{"time":0.6333,"x":-738.69,"y":-285.05},{"time":0.7,"x":-747.59,"y":-312.25},{"time":0.7666,"x":-750.73,"y":-298.65},{"time":0.8333,"x":-754.91,"y":-313.82},{"time":0.9666,"x":-758.39,"y":-313.82}]},"coin1_1":{"translate":[{"time":0.2,"x":-625.09,"y":-144.1,"curve":[0.25,0,0.75,1]},{"time":0.2666,"x":-697.55,"y":-96.15,"curve":[0.25,0,0.75,1]},{"time":0.3333,"x":-742.42,"y":-130,"curve":[0.311,0.22,0.646,0.56]},{"time":0.5666,"x":-780.86,"y":-312.55},{"time":0.6666,"x":-788.95,"y":-277.67},{"time":0.7666,"x":-799.49,"y":-311.89},{"time":0.8666,"x":-807.81,"y":-300.43},{"time":1.0333,"x":-814,"y":-312.55,"curve":[0.117,0.45,1,0.68]},{"time":1.2,"x":-820.27,"y":-312.55}]}}},"1-skill2":{"slots":{"S2_dome1_1":{"attachment":[{"time":1.4666,"name":"EF/1040_S2_dome1/1040_S2_dome1_00000"},{"time":1.5,"name":"EF/1040_S2_dome1/1040_S2_dome1_00007"},{"time":1.6666,"name":"EF/1040_S2_dome1/1040_S2_dome1_00008"},{"time":2.2333,"name":"EF/1040_S2_dome1/1040_S2_dome1_00009"},{"time":2.3,"name":"EF/1040_S2_dome1/1040_S2_dome1_00010"},{"time":2.3666,"name":"EF/1040_S2_dome1/1040_S2_dome1_00011"},{"time":2.4333,"name":"EF/1040_S2_dome1/1040_S2_dome1_00012"},{"time":2.5,"name":"EF/1040_S2_dome1/1040_S2_dome1_00013"},{"time":2.7,"name":null}],"color":[{"time":1.4666,"color":"ffffffff","curve":"stepped"},{"time":2.4333,"color":"ffffffff"},{"time":2.7,"color":"ffffff00"}]},"S2_dome1_2":{"attachment":[{"time":1.5666,"name":"EF/1040_S2_dome1/1040_S2_dome1_00008"},{"time":1.8,"name":"EF/1040_S2_dome1/1040_S2_dome1_00009"},{"time":1.9,"name":"EF/1040_S2_dome1/1040_S2_dome1_00010"},{"time":2,"name":"EF/1040_S2_dome1/1040_S2_dome1_00011"},{"time":2.1,"name":"EF/1040_S2_dome1/1040_S2_dome1_00012"},{"time":2.2,"name":"EF/1040_S2_dome1/1040_S2_dome1_00013"},{"time":2.2666,"name":null}],"color":[{"time":1.5666,"color":"ffffff00"},{"time":1.9,"color":"ffffffff"},{"time":2.2666,"color":"ffffff00"}]},"S2_dome2_1":{"attachment":[{"time":1.7666,"name":"EF/1040_S2_dome2/1040_S2_dome2_00004"},{"time":1.8,"name":"EF/1040_S2_dome2/1040_S2_dome2_00005"},{"time":1.8333,"name":"EF/1040_S2_dome2/1040_S2_dome2_00006"},{"time":1.8666,"name":"EF/1040_S2_dome2/1040_S2_dome2_00007"},{"time":1.9,"name":"EF/1040_S2_dome2/1040_S2_dome2_00008"},{"time":1.9333,"name":"EF/1040_S2_dome2/1040_S2_dome2_00009"},{"time":1.9666,"name":"EF/1040_S2_dome2/1040_S2_dome2_00010"},{"time":2.1666,"name":"EF/1040_S2_dome2/1040_S2_dome2_00004"},{"time":2.2,"name":"EF/1040_S2_dome2/1040_S2_dome2_00005"},{"time":2.2333,"name":"EF/1040_S2_dome2/1040_S2_dome2_00006"},{"time":2.2666,"name":"EF/1040_S2_dome2/1040_S2_dome2_00007"},{"time":2.3,"name":"EF/1040_S2_dome2/1040_S2_dome2_00008"},{"time":2.3333,"name":"EF/1040_S2_dome2/1040_S2_dome2_00009"},{"time":2.3666,"name":"EF/1040_S2_dome2/1040_S2_dome2_00010"},{"time":2.4333,"name":null}],"color":[{"time":1.7666,"color":"ffffff7d"},{"time":1.8333,"color":"ffffffff","curve":"stepped"},{"time":1.9,"color":"ffffffff"},{"time":2.0333,"color":"ffffff00","curve":"stepped"},{"time":2.1666,"color":"ffffff7d"},{"time":2.2333,"color":"ffffffff","curve":"stepped"},{"time":2.3,"color":"ffffffff"},{"time":2.4333,"color":"ffffff00"}]},"S2_dome2_2":{"attachment":[{"time":1.6,"name":"EF/1040_S2_dome2/1040_S2_dome2_00005"},{"time":1.6333,"name":"EF/1040_S2_dome2/1040_S2_dome2_00006"},{"time":1.6666,"name":"EF/1040_S2_dome2/1040_S2_dome2_00007"},{"time":1.7,"name":"EF/1040_S2_dome2/1040_S2_dome2_00008"},{"time":1.7333,"name":"EF/1040_S2_dome2/1040_S2_dome2_00009"},{"time":1.7666,"name":"EF/1040_S2_dome2/1040_S2_dome2_00010"},{"time":1.9666,"name":"EF/1040_S2_dome2/1040_S2_dome2_00004"},{"time":2,"name":"EF/1040_S2_dome2/1040_S2_dome2_00005"},{"time":2.0333,"name":"EF/1040_S2_dome2/1040_S2_dome2_00006"},{"time":2.0666,"name":"EF/1040_S2_dome2/1040_S2_dome2_00007"},{"time":2.1,"name":"EF/1040_S2_dome2/1040_S2_dome2_00008"},{"time":2.1333,"name":"EF/1040_S2_dome2/1040_S2_dome2_00009"},{"time":2.1666,"name":"EF/1040_S2_dome2/1040_S2_dome2_00010"},{"time":2.3666,"name":"EF/1040_S2_dome2/1040_S2_dome2_00004"},{"time":2.4,"name":"EF/1040_S2_dome2/1040_S2_dome2_00005"},{"time":2.4333,"name":"EF/1040_S2_dome2/1040_S2_dome2_00006"},{"time":2.4666,"name":"EF/1040_S2_dome2/1040_S2_dome2_00007"},{"time":2.5,"name":"EF/1040_S2_dome2/1040_S2_dome2_00008"},{"time":2.5333,"name":"EF/1040_S2_dome2/1040_S2_dome2_00009"},{"time":2.5666,"name":"EF/1040_S2_dome2/1040_S2_dome2_00010"},{"time":2.6333,"name":null}],"color":[{"time":1.7,"color":"ffffffff"},{"time":1.8333,"color":"ffffff00","curve":"stepped"},{"time":1.9666,"color":"ffffff7d"},{"time":2.0333,"color":"ffffffff","curve":"stepped"},{"time":2.1,"color":"ffffffff"},{"time":2.2333,"color":"ffffff00","curve":"stepped"},{"time":2.3666,"color":"ffffff7d"},{"time":2.4333,"color":"ffffffff","curve":"stepped"},{"time":2.5,"color":"ffffffff"},{"time":2.6333,"color":"ffffff00"}]},"wind2":{"attachment":[{"time":1.4666,"name":"EF/9020_wind2/9020_wind2_00004"},{"time":2.0333,"name":null}],"color":[{"time":1.4666,"color":"ffffffff"},{"time":2.0333,"color":"ffffff00"}]}},"bones":{"wind2":{"translate":[{"time":1.4666,"x":-1074.94,"y":437.09}],"scale":[{"time":1.4666,"x":1.5,"y":1.5},{"time":1.7333,"x":3.5,"y":3.5}]},"S2_dome1_1":{"translate":[{"time":1.4666,"x":-690.81,"y":91.5}],"scale":[{"time":1.4666,"x":2,"y":2},{"time":1.5666,"x":2.5,"y":2.5}]},"S2_dome1_2":{"translate":[{"time":1.5666,"x":-899.18,"y":91.94}],"scale":[{"time":1.5666,"x":2.5,"y":2.5},{"time":1.7,"x":2.31,"y":2.31},{"time":2.1333,"x":2.5,"y":2.5}]},"S2_dome2_1":{"translate":[{"time":1.5666,"x":-690.22,"y":213.97},{"time":1.7,"x":-671.52,"y":235.16}],"scale":[{"time":1.5666,"x":1.5,"y":1.5},{"time":1.7,"x":2.5,"y":2.5}]},"S2_dome2_2":{"translate":[{"time":1.6,"x":-911.38,"y":235.24}],"scale":[{"time":1.6,"x":2.5,"y":2.5}]}}},"2-attack1":{"slots":{"A1_cat1_1":{"attachment":[{"time":0.4,"name":"EF/1040_A1_cat1/1040_A1_cat1_00000"},{"time":1.1,"name":null}],"color":[{"time":0.8,"color":"ffffffff"},{"time":1.1,"color":"ffffff00"}]},"A1_cat1_2":{"attachment":[{"time":0.4,"name":"EF/1040_A1_cat1/1040_A1_cat1_00000"},{"time":1.1,"name":null}],"color":[{"time":0.4,"color":"ffffff59","curve":"stepped"},{"time":0.8,"color":"ffffff59"},{"time":1.1,"color":"ffffff00"}]},"A1_pt1":{"attachment":[{"time":0.5,"name":"EF/1040_A1_pt1/1040_A1_pt1_00002"},{"time":0.5333,"name":"EF/1040_A1_pt1/1040_A1_pt1_00003"},{"time":0.5666,"name":"EF/1040_A1_pt1/1040_A1_pt1_00004"},{"time":0.6,"name":"EF/1040_A1_pt1/1040_A1_pt1_00005"},{"time":0.6666,"name":"EF/1040_A1_pt1/1040_A1_pt1_00007"},{"time":0.7333,"name":"EF/1040_A1_pt1/1040_A1_pt1_00009"},{"time":0.8,"name":"EF/1040_A1_pt1/1040_A1_pt1_00010"},{"time":0.8666,"name":"EF/1040_A1_pt1/1040_A1_pt1_00011"},{"time":0.9333,"name":"EF/1040_A1_pt1/1040_A1_pt1_00012"},{"time":1,"name":"EF/1040_A1_pt1/1040_A1_pt1_00014"},{"time":1.0666,"name":null}],"color":[{"time":0.8666,"color":"ffffffff"},{"time":1.0666,"color":"ffffff00"}]}},"bones":{"A1_pt1":{"translate":[{"time":0.5,"x":-775.09,"y":-404.18}],"scale":[{"time":0.5,"x":3.493,"y":3.493}]},"A1_cat1_2":{"translate":[{"time":0.4,"x":-850.58,"y":-327.96}],"scale":[{"time":0.4,"x":8.983,"y":8.983,"curve":[0.368,0.02,0.927,0.51]},{"time":0.5666,"x":4.833,"y":4.833},{"time":0.6666,"x":4.302,"y":4.302},{"time":1,"x":4.833,"y":4.833}]},"A1_cat1_1":{"translate":[{"time":0.4,"x":-773.79,"y":-327.97}],"scale":[{"time":0.4,"x":5.397,"y":5.397,"curve":"stepped"},{"time":0.5666,"x":5.397,"y":5.397},{"time":0.6666,"x":4.998,"y":4.998},{"time":1,"x":5.397,"y":5.397}]}}},"2-skill1":{"slots":{"coin1_1":{"attachment":[{"time":0.4,"name":"EF/coin1/coin1_1"},{"time":0.5,"name":"EF/coin1/coin1_2"},{"time":0.5666,"name":"EF/coin1/coin1_3"},{"time":0.6333,"name":"EF/coin1/coin1_4"},{"time":0.7,"name":"EF/coin1/coin1_1"},{"time":0.7666,"name":"EF/coin1/coin1_2"},{"time":0.8666,"name":"EF/coin1/coin1_3"},{"time":1,"name":"EF/coin1/coin1_4"},{"time":1.1333,"name":"EF/coin1/coin1_1"},{"time":1.2333,"name":"EF/coin1/coin1_2"},{"time":1.3333,"name":"EF/coin1/coin1_3"},{"time":1.4333,"name":"EF/coin1/coin1_4"},{"time":1.9333,"name":"EF/coin1/coin1_1"},{"time":2.0333,"name":"EF/coin1/coin1_2"},{"time":2.1,"name":"EF/coin1/coin1_3"},{"time":2.1666,"name":"EF/coin1/coin1_4"},{"time":2.2333,"name":"EF/coin1/coin1_1"},{"time":2.3,"name":"EF/coin1/coin1_2"},{"time":2.4,"name":"EF/coin1/coin1_3"},{"time":2.5333,"name":"EF/coin1/coin1_4"},{"time":2.6666,"name":"EF/coin1/coin1_1"},{"time":2.7666,"name":"EF/coin1/coin1_2"},{"time":2.8333,"name":null}],"color":[{"time":1.1666,"color":"ffffff98"},{"time":1.5,"color":"ffffff00","curve":"stepped"},{"time":1.9333,"color":"ffffffff","curve":"stepped"},{"time":2.7,"color":"ffffff98"},{"time":2.8333,"color":"ffffff00"}]},"coin1_2":{"attachment":[{"time":0.5,"name":"EF/coin1/coin1_2"},{"time":0.7666,"name":"EF/coin1/coin1_3"},{"time":0.8333,"name":"EF/coin1/coin1_4"},{"time":0.9,"name":"EF/coin1/coin1_1"},{"time":0.9666,"name":"EF/coin1/coin1_2"},{"time":1.0333,"name":"EF/coin1/coin1_3"},{"time":1.1,"name":"EF/coin1/coin1_4"},{"time":1.1666,"name":"EF/coin1/coin1_1"},{"time":1.2333,"name":"EF/coin1/coin1_2"},{"time":2.0666,"name":"EF/coin1/coin1_2"},{"time":2.3333,"name":"EF/coin1/coin1_3"},{"time":2.4,"name":"EF/coin1/coin1_4"},{"time":2.4666,"name":"EF/coin1/coin1_1"},{"time":2.5333,"name":"EF/coin1/coin1_2"},{"time":2.6,"name":"EF/coin1/coin1_3"},{"time":2.6666,"name":"EF/coin1/coin1_4"},{"time":2.7333,"name":"EF/coin1/coin1_1"},{"time":2.8,"name":"EF/coin1/coin1_2"}],"color":[{"time":1.1666,"color":"ffffff98"},{"time":1.3,"color":"ffffff00","curve":"stepped"},{"time":2.0666,"color":"ffffffff","curve":"stepped"},{"time":2.6666,"color":"ffffffff"},{"time":2.8,"color":"ffffff00"}]},"coin1_3":{"attachment":[{"time":0.5333,"name":"EF/coin1/coin1_1"},{"time":0.6666,"name":"EF/coin1/coin1_2"},{"time":0.7333,"name":"EF/coin1/coin1_3"},{"time":0.8,"name":"EF/coin1/coin1_4"},{"time":0.8666,"name":"EF/coin1/coin1_1"},{"time":0.9,"name":"EF/coin1/coin1_2"},{"time":1,"name":"EF/coin1/coin1_2"},{"time":1.0666,"name":"EF/coin1/coin1_3"},{"time":1.1333,"name":"EF/coin1/coin1_4"},{"time":1.2333,"name":"EF/coin1/coin1_1"},{"time":2.0666,"name":"EF/coin1/coin1_1"},{"time":2.2,"name":"EF/coin1/coin1_2"},{"time":2.2666,"name":"EF/coin1/coin1_3"},{"time":2.3333,"name":"EF/coin1/coin1_4"},{"time":2.4,"name":"EF/coin1/coin1_1"},{"time":2.4333,"name":"EF/coin1/coin1_2"},{"time":2.5333,"name":"EF/coin1/coin1_2"},{"time":2.6,"name":"EF/coin1/coin1_3"},{"time":2.6666,"name":"EF/coin1/coin1_4"},{"time":2.7333,"name":"EF/coin1/coin1_1"},{"time":2.8,"name":null}],"color":[{"time":0.5333,"color":"ffffffff","curve":"stepped"},{"time":1.2333,"color":"ffffffff"},{"time":1.4,"color":"ffffff00","curve":"stepped"},{"time":2.0666,"color":"ffffffff","curve":"stepped"},{"time":2.6666,"color":"ffffff00"},{"time":2.8,"color":"ffffff98"}]},"coin1_4":{"attachment":[{"time":0.6,"name":"EF/coin1/coin1_1"},{"time":0.6666,"name":"EF/coin1/coin1_2"},{"time":0.8666,"name":"EF/coin1/coin1_2"},{"time":0.9333,"name":"EF/coin1/coin1_3"},{"time":1,"name":"EF/coin1/coin1_4"},{"time":1.0666,"name":"EF/coin1/coin1_1"},{"time":1.1,"name":"EF/coin1/coin1_2"},{"time":1.1666,"name":"EF/coin1/coin1_3"},{"time":1.2333,"name":"EF/coin1/coin1_4"},{"time":2.1333,"name":"EF/coin1/coin1_1"},{"time":2.2,"name":"EF/coin1/coin1_2"},{"time":2.4,"name":"EF/coin1/coin1_2"},{"time":2.4666,"name":"EF/coin1/coin1_3"},{"time":2.5333,"name":"EF/coin1/coin1_4"},{"time":2.6,"name":"EF/coin1/coin1_1"},{"time":2.6333,"name":"EF/coin1/coin1_2"},{"time":2.7,"name":"EF/coin1/coin1_3"},{"time":2.7666,"name":"EF/coin1/coin1_4"},{"time":2.8333,"name":null}],"color":[{"time":1.2,"color":"ffffff98"},{"time":1.3,"color":"ffffff00","curve":"stepped"},{"time":2.1333,"color":"ffffffff","curve":"stepped"},{"time":2.7333,"color":"ffffff98"},{"time":2.8333,"color":"ffffff00"}]},"coin1_5":{"attachment":[{"time":0.4666,"name":"EF/coin1/coin1_1"},{"time":0.6333,"name":"EF/coin1/coin1_2"},{"time":0.7666,"name":"EF/coin1/coin1_4"},{"time":0.9,"name":"EF/coin1/coin1_1"},{"time":0.9333,"name":"EF/coin1/coin1_2"},{"time":1.0333,"name":"EF/coin1/coin1_3"},{"time":1.1,"name":"EF/coin1/coin1_4"},{"time":1.2333,"name":"EF/coin1/coin1_1"},{"time":2,"name":"EF/coin1/coin1_1"},{"time":2.1666,"name":"EF/coin1/coin1_2"},{"time":2.3,"name":"EF/coin1/coin1_4"},{"time":2.4333,"name":"EF/coin1/coin1_1"},{"time":2.4666,"name":"EF/coin1/coin1_2"},{"time":2.5666,"name":"EF/coin1/coin1_3"},{"time":2.6333,"name":"EF/coin1/coin1_4"},{"time":2.7666,"name":"EF/coin1/coin1_1"},{"time":2.8333,"name":null}],"color":[{"time":1.1666,"color":"ffffff98"},{"time":1.3,"color":"ffffff00","curve":"stepped"},{"time":2,"color":"ffffffff","curve":"stepped"},{"time":2.7,"color":"ffffff98"},{"time":2.8333,"color":"ffffff00"}]},"coin1_6":{"attachment":[{"time":0.5,"name":"EF/coin1/coin1_1"},{"time":0.6333,"name":"EF/coin1/coin1_2"},{"time":0.8,"name":"EF/coin1/coin1_3"},{"time":0.8333,"name":"EF/coin1/coin1_4"},{"time":0.9333,"name":"EF/coin1/coin1_1"},{"time":0.9666,"name":"EF/coin1/coin1_1"},{"time":1.0333,"name":"EF/coin1/coin1_2"},{"time":1.1,"name":"EF/coin1/coin1_3"},{"time":2.0333,"name":"EF/coin1/coin1_1"},{"time":2.1666,"name":"EF/coin1/coin1_2"},{"time":2.3333,"name":"EF/coin1/coin1_3"},{"time":2.3666,"name":"EF/coin1/coin1_4"},{"time":2.4666,"name":"EF/coin1/coin1_1"},{"time":2.5,"name":"EF/coin1/coin1_1"},{"time":2.5666,"name":"EF/coin1/coin1_2"},{"time":2.6333,"name":"EF/coin1/coin1_3"},{"time":2.7666,"name":null}],"color":[{"time":1.1,"color":"ffffff98"},{"time":1.2,"color":"ffffff00","curve":"stepped"},{"time":2.0333,"color":"ffffffff","curve":"stepped"},{"time":2.6333,"color":"ffffff98"},{"time":2.7666,"color":"ffffff00"}]},"coin1_7":{"attachment":[{"time":1.1666,"name":"EF/coin1/coin1_1"},{"time":1.2666,"name":"EF/coin1/coin1_2"},{"time":1.4,"name":"EF/coin1/coin1_3"},{"time":1.5,"name":"EF/coin1/coin1_4"},{"time":1.6,"name":"EF/coin1/coin1_1"},{"time":1.7,"name":"EF/coin1/coin1_2"},{"time":1.8,"name":"EF/coin1/coin1_3"},{"time":1.9666,"name":"EF/coin1/coin1_4"},{"time":2.0666,"name":null}],"color":[{"time":1.9,"color":"ffffff98","curve":[0.117,0.45,1,0.68]},{"time":2.0666,"color":"ffffff00"}]},"coin1_8":{"attachment":[{"time":1.2,"name":"EF/coin1/coin1_1"},{"time":1.3333,"name":"EF/coin1/coin1_2"},{"time":1.4666,"name":"EF/coin1/coin1_3"},{"time":1.5666,"name":"EF/coin1/coin1_4"},{"time":1.6333,"name":"EF/coin1/coin1_1"},{"time":1.7,"name":"EF/coin1/coin1_2"},{"time":1.8333,"name":"EF/coin1/coin1_3"},{"time":1.9333,"name":"EF/coin1/coin1_4"},{"time":2.0333,"name":"EF/coin1/coin1_1"},{"time":2.1333,"name":"EF/coin1/coin1_2"},{"time":2.2333,"name":null}],"color":[{"time":2.0666,"color":"ffffff98"},{"time":2.2333,"color":"ffffff00"}]},"coin1_9":{"attachment":[{"time":1.2,"name":"EF/coin1/coin1_1"},{"time":1.3333,"name":"EF/coin1/coin1_2"},{"time":1.6333,"name":"EF/coin1/coin1_3"},{"time":1.7333,"name":"EF/coin1/coin1_4"},{"time":1.8333,"name":"EF/coin1/coin1_1"},{"time":1.9666,"name":"EF/coin1/coin1_2"},{"time":2.1333,"name":null}],"color":[{"time":1.2,"color":"ffffffff"},{"time":2.0333,"color":"ffffff98"},{"time":2.1333,"color":"ffffff00"}]},"coin1_10":{"attachment":[{"time":1.2666,"name":"EF/coin1/coin1_1"},{"time":1.4333,"name":"EF/coin1/coin1_2"},{"time":1.5666,"name":"EF/coin1/coin1_3"},{"time":1.6666,"name":"EF/coin1/coin1_4"},{"time":1.7333,"name":"EF/coin1/coin1_1"},{"time":1.7666,"name":"EF/coin1/coin1_2"},{"time":1.8666,"name":"EF/coin1/coin1_3"},{"time":1.9666,"name":"EF/coin1/coin1_4"},{"time":2.1,"name":"EF/coin1/coin1_1"},{"time":2.2333,"name":null}],"color":[{"time":2.0666,"color":"ffffff98"},{"time":2.2333,"color":"ffffff00"}]},"coin2_1":{"attachment":[{"time":0.5333,"name":"EF/coin2/coin2_1"},{"time":0.6333,"name":"EF/coin2/coin2_2"},{"time":0.7666,"name":"EF/coin2/coin2_3"},{"time":0.9666,"name":"EF/coin2/coin2_4"},{"time":1.0666,"name":"EF/coin2/coin2_1"},{"time":1.2,"name":"EF/coin2/coin2_2"},{"time":2.0666,"name":"EF/coin2/coin2_1"},{"time":2.1666,"name":"EF/coin2/coin2_2"},{"time":2.3,"name":"EF/coin2/coin2_3"},{"time":2.5,"name":"EF/coin2/coin2_4"},{"time":2.6,"name":"EF/coin2/coin2_1"},{"time":2.7333,"name":"EF/coin2/coin2_2"},{"time":2.8666,"name":null}],"color":[{"time":1.3666,"color":"ffffff98"},{"time":1.5,"color":"ffffff00","curve":"stepped"},{"time":2.0666,"color":"ffffffff","curve":"stepped"},{"time":2.7333,"color":"ffffff98"},{"time":2.8666,"color":"ffffff00"}]},"coin2_2":{"attachment":[{"time":0.6333,"name":"EF/coin2/coin2_1"},{"time":0.7333,"name":"EF/coin2/coin2_2"},{"time":0.8666,"name":"EF/coin2/coin2_3"},{"time":1.0666,"name":"EF/coin2/coin2_4"},{"time":1.1,"name":"EF/coin2/coin2_1"},{"time":1.1666,"name":"EF/coin2/coin2_2"},{"time":1.2666,"name":"EF/coin2/coin2_3"},{"time":1.4,"name":"EF/coin2/coin2_4"},{"time":2.1666,"name":"EF/coin2/coin2_1"},{"time":2.2666,"name":"EF/coin2/coin2_2"},{"time":2.4,"name":"EF/coin2/coin2_3"},{"time":2.6,"name":"EF/coin2/coin2_4"},{"time":2.6333,"name":"EF/coin2/coin2_1"},{"time":2.7,"name":"EF/coin2/coin2_2"},{"time":2.7333,"name":"EF/coin2/coin2_4"},{"time":2.8,"name":"EF/coin2/coin2_3"}],"color":[{"time":1.3666,"color":"ffffff98"},{"time":1.4666,"color":"ffffff00","curve":"stepped"},{"time":2.1666,"color":"ffffffff","curve":"stepped"},{"time":2.7,"color":"ffffff98"},{"time":2.8,"color":"ffffff00"}]},"coin2_3":{"attachment":[{"time":1.2,"name":"EF/coin2/coin2_1"},{"time":1.3,"name":"EF/coin2/coin2_2"},{"time":1.4,"name":"EF/coin2/coin2_3"},{"time":1.5,"name":"EF/coin2/coin2_4"},{"time":1.6,"name":"EF/coin2/coin2_1"},{"time":1.6666,"name":"EF/coin2/coin2_2"},{"time":1.7666,"name":"EF/coin2/coin2_3"},{"time":1.9666,"name":"EF/coin2/coin2_4"},{"time":2.0666,"name":"EF/coin2/coin2_1"},{"time":2.1666,"name":null}],"color":[{"time":2,"color":"ffffff98"},{"time":2.1666,"color":"ffffff00"}]},"coin2_4":{"attachment":[{"time":1.3333,"name":"EF/coin2/coin2_1"},{"time":1.4333,"name":"EF/coin2/coin2_2"},{"time":1.5666,"name":"EF/coin2/coin2_3"},{"time":1.6666,"name":"EF/coin2/coin2_4"},{"time":1.7666,"name":"EF/coin2/coin2_1"},{"time":1.9,"name":"EF/coin2/coin2_2"},{"time":2.0333,"name":"EF/coin2/coin2_3"},{"time":2.1333,"name":"EF/coin2/coin2_4"},{"time":2.2,"name":null}],"color":[{"time":1.3333,"color":"ffffffff"},{"time":2.0666,"color":"ffffff98"},{"time":2.2,"color":"ffffff00"}]},"coin2_5":{"attachment":[{"time":1.1666,"name":"EF/coin2/coin2_1"},{"time":1.2666,"name":"EF/coin2/coin2_2"},{"time":1.4,"name":"EF/coin2/coin2_3"},{"time":1.5666,"name":"EF/coin2/coin2_4"},{"time":1.6666,"name":"EF/coin2/coin2_1"},{"time":1.7666,"name":"EF/coin2/coin2_2"},{"time":1.8666,"name":"EF/coin2/coin2_3"},{"time":1.9666,"name":"EF/coin2/coin2_4"},{"time":2.0666,"name":null}],"color":[{"time":1.9333,"color":"ffffff98"},{"time":2.0666,"color":"ffffff00"}]}},"bones":{"coin2_1":{"translate":[{"time":0.5333,"x":-608.61,"y":-49.58,"curve":[0.25,0,0.75,1]},{"time":0.6333,"x":-698.66,"y":20.05,"curve":[0.25,0,0.75,1]},{"time":0.7666,"x":-737.04,"y":-38.81,"curve":[0.311,0.22,0.646,0.56]},{"time":0.9333,"x":-813.55,"y":-217.08},{"time":1.0333,"x":-833.71,"y":-150.39},{"time":1.1333,"x":-856.71,"y":-217.08},{"time":1.2333,"x":-865.9,"y":-180.72},{"time":1.3666,"x":-875.93,"y":-216.25,"curve":[0.117,0.45,1,0.68]},{"time":1.5,"x":-889.72,"y":-216.25,"curve":"stepped"},{"time":2.0666,"x":-608.61,"y":-49.58,"curve":[0.25,0,0.75,1]},{"time":2.1666,"x":-698.66,"y":20.05,"curve":[0.25,0,0.75,1]},{"time":2.3,"x":-737.04,"y":-38.81,"curve":[0.311,0.22,0.646,0.56]},{"time":2.4666,"x":-813.55,"y":-217.08},{"time":2.5666,"x":-833.71,"y":-150.39},{"time":2.6666,"x":-856.71,"y":-217.08},{"time":2.7,"x":-875.93,"y":-216.25,"curve":[0.117,0.45,1,0.68]},{"time":2.8333,"x":-882.42,"y":-216.25}],"scale":[{"time":0.5333,"x":2.337,"y":2.337,"curve":"stepped"},{"time":2.0666,"x":2.337,"y":2.337}]},"coin2_2":{"translate":[{"time":0.6333,"x":-723.16,"y":-82.56,"curve":[0.25,0,0.75,1]},{"time":0.7333,"x":-656.7,"y":31.27,"curve":[0.25,0,0.75,1]},{"time":0.8,"x":-615.15,"y":-0.23,"curve":[0.311,0.22,0.646,0.56]},{"time":1.0333,"x":-544.13,"y":-218.21},{"time":1.1,"x":-535.84,"y":-173.39},{"time":1.1666,"x":-518.11,"y":-218.21},{"time":1.2333,"x":-510.42,"y":-205.23},{"time":1.3,"x":-498.83,"y":-218.21,"curve":[0.117,0.45,1,0.68]},{"time":1.4666,"x":-489.7,"y":-218.21,"curve":"stepped"},{"time":2.1666,"x":-723.16,"y":-82.56,"curve":[0.25,0,0.75,1]},{"time":2.2666,"x":-656.7,"y":31.27,"curve":[0.25,0,0.75,1]},{"time":2.3333,"x":-615.15,"y":-0.23,"curve":[0.311,0.22,0.646,0.56]},{"time":2.5666,"x":-544.13,"y":-218.21},{"time":2.6333,"x":-535.84,"y":-173.39},{"time":2.7,"x":-518.11,"y":-218.21},{"time":2.7666,"x":-510.42,"y":-205.23},{"time":2.8,"x":-489.7,"y":-218.21,"curve":"stepped"},{"time":2.8333,"x":-498.83,"y":-218.21}],"scale":[{"time":0.6333,"x":2.337,"y":2.337,"curve":"stepped"},{"time":2.1333,"x":2.337,"y":2.337}]},"coin2_3":{"translate":[{"time":1.2,"x":-757.86,"y":-97.65,"curve":[0.25,0,0.75,1]},{"time":1.3,"x":-789.72,"y":-39.91,"curve":[0.311,0.22,0.646,0.56]},{"time":1.5666,"x":-850.79,"y":-217.13},{"time":1.6666,"x":-853.44,"y":-194.23},{"time":1.7666,"x":-857.09,"y":-218.13},{"time":1.8666,"x":-859.75,"y":-202.2},{"time":1.9333,"x":-864.06,"y":-218.46,"curve":[0.117,0.45,1,0.68]},{"time":2.1666,"x":-866.38,"y":-218.46}],"scale":[{"time":1.2,"x":2.337,"y":2.337}]},"coin2_4":{"translate":[{"time":1.3333,"x":-769.29,"y":-53.3,"curve":[0.25,0,0.75,1]},{"time":1.4333,"x":-814.75,"y":2.4,"curve":[0.25,0,0.75,1]},{"time":1.5333,"x":-880.25,"y":-92.27,"curve":[0.311,0.22,0.646,0.56]},{"time":1.6666,"x":-939.94,"y":-218.51},{"time":1.7666,"x":-953.38,"y":-188.41},{"time":1.8666,"x":-970.67,"y":-218.19},{"time":1.9333,"x":-977.4,"y":-201.86},{"time":2.0333,"x":-986.68,"y":-218.51,"curve":[0.117,0.45,1,0.68]},{"time":2.2,"x":-994.04,"y":-218.51}],"scale":[{"time":1.3333,"x":2.337,"y":2.337}]},"coin2_5":{"translate":[{"time":1.1666,"x":-856.57,"y":-60.34,"curve":[0.25,0,0.75,1]},{"time":1.2666,"x":-774.35,"y":-12.55,"curve":[0.311,0.22,0.646,0.56]},{"time":1.3333,"x":-736.51,"y":-50.43,"curve":[0.311,0.22,0.646,0.56]},{"time":1.5333,"x":-698.82,"y":-217.88},{"time":1.6333,"x":-683.85,"y":-193.99},{"time":1.7333,"x":-665.42,"y":-218.69},{"time":1.8333,"x":-647.39,"y":-206.54},{"time":1.9,"x":-630.63,"y":-218.29,"curve":[0.117,0.45,1,0.68]},{"time":2.0666,"x":-609.41,"y":-218.29}],"scale":[{"time":1.1666,"x":2.337,"y":2.337}]},"coin1_10":{"translate":[{"time":1.2666,"x":-880.7,"y":-123.67,"curve":[0.25,0,0.75,1]},{"time":1.4333,"x":-792.49,"y":-15.53,"curve":[0.25,0,0.75,1]},{"time":1.5,"x":-750.94,"y":-61.61,"curve":[0.311,0.22,0.646,0.56]},{"time":1.7,"x":-682.72,"y":-269.69},{"time":1.7666,"x":-665.19,"y":-236.1},{"time":1.8666,"x":-650.68,"y":-268.36},{"time":1.9666,"x":-643.35,"y":-251.57},{"time":2.0333,"x":-632.11,"y":-267.92,"curve":[0.117,0.45,1,0.68]},{"time":2.2333,"x":-615.43,"y":-267.92}],"scale":[{"time":1.2666,"x":2.337,"y":2.337}]},"coin1_9":{"translate":[{"time":1.2,"x":-815.37,"y":-158.17,"curve":[0.25,0,0.75,1]},{"time":1.3333,"x":-767.49,"y":-19.02,"curve":[0.311,0.22,0.646,0.56]},{"time":1.5666,"x":-711.64,"y":-267.84},{"time":1.6666,"x":-704.53,"y":-209.01},{"time":1.7666,"x":-701.1,"y":-267.54},{"time":1.8666,"x":-694.4,"y":-238.18},{"time":1.9666,"x":-691.14,"y":-267.25},{"time":2.0333,"x":-689.73,"y":-251.76,"curve":[0.117,0.45,1,0.68]},{"time":2.1333,"x":-679.33,"y":-267.25}],"scale":[{"time":1.2,"x":2.337,"y":2.337}]},"coin1_8":{"translate":[{"time":1.2,"x":-680.51,"y":-113.17,"curve":[0.25,0,0.75,1]},{"time":1.3333,"x":-767.3,"y":-47.45,"curve":[0.25,0,0.75,1]},{"time":1.4,"x":-794.83,"y":-78.87,"curve":[0.311,0.22,0.646,0.56]},{"time":1.5333,"x":-840.1,"y":-266.49},{"time":1.6,"x":-852.22,"y":-212.73},{"time":1.7,"x":-866.61,"y":-266.83},{"time":1.8,"x":-869.06,"y":-237.62},{"time":1.9,"x":-876.99,"y":-267.16},{"time":1.9666,"x":-883.18,"y":-251.23},{"time":2.0666,"x":-895.03,"y":-266.83,"curve":[0.117,0.45,1,0.68]},{"time":2.2333,"x":-904.56,"y":-266.83}],"scale":[{"time":1.2,"x":2.337,"y":2.337}]},"coin1_7":{"translate":[{"time":1.1666,"x":-637.36,"y":-116.71,"curve":[0.25,0,0.75,1]},{"time":1.2666,"x":-728.08,"y":-9.37,"curve":[0.311,0.22,0.646,0.56]},{"time":1.3,"x":-774.91,"y":-28.25,"curve":[0.311,0.22,0.646,0.56]},{"time":1.5,"x":-846.88,"y":-267.73},{"time":1.6,"x":-859.95,"y":-217.36},{"time":1.7,"x":-875.39,"y":-269.02},{"time":1.8,"x":-893.91,"y":-248.73},{"time":1.9,"x":-905.81,"y":-267.41,"curve":[0.117,0.45,1,0.68]},{"time":2.0666,"x":-925.84,"y":-267.41}],"scale":[{"time":1.1666,"x":2.337,"y":2.337}]},"coin1_6":{"translate":[{"time":0.5,"x":-595.06,"y":-137.14,"curve":[0.25,0,0.75,1]},{"time":0.6,"x":-573.68,"y":-103.62,"curve":[0.311,0.22,0.646,0.56]},{"time":0.7666,"x":-547.38,"y":-268.35},{"time":0.8333,"x":-539.29,"y":-240.03},{"time":0.9333,"x":-536.4,"y":-267.48},{"time":1,"x":-533.22,"y":-254.77},{"time":1.0666,"x":-528.88,"y":-268.35,"curve":[0.117,0.45,1,0.68]},{"time":1.2333,"x":-526.28,"y":-268.35,"curve":"stepped"},{"time":2.0333,"x":-595.06,"y":-137.14,"curve":[0.25,0,0.75,1]},{"time":2.1333,"x":-573.68,"y":-103.62,"curve":[0.311,0.22,0.646,0.56]},{"time":2.3,"x":-547.38,"y":-268.35},{"time":2.3666,"x":-539.29,"y":-240.03},{"time":2.4666,"x":-536.4,"y":-267.48},{"time":2.5333,"x":-533.22,"y":-254.77},{"time":2.6,"x":-528.88,"y":-268.35,"curve":[0.117,0.45,1,0.68]},{"time":2.7666,"x":-526.28,"y":-268.35}],"scale":[{"time":0.5,"x":2.337,"y":2.337,"curve":"stepped"},{"time":2.0333,"x":2.337,"y":2.337}]},"coin1_5":{"translate":[{"time":0.4666,"x":-852.29,"y":-166.72,"curve":[0.25,0,0.75,1]},{"time":0.6333,"x":-762.23,"y":-55.42,"curve":[0.311,0.22,0.646,0.56]},{"time":0.8666,"x":-691.62,"y":-314.94},{"time":0.9333,"x":-678.46,"y":-273.06},{"time":1,"x":-661.41,"y":-315.35},{"time":1.0666,"x":-650,"y":-295.63},{"time":1.1333,"x":-641.53,"y":-313.95,"curve":[0.117,0.45,1,0.68]},{"time":1.3,"x":-632.15,"y":-313.95,"curve":"stepped"},{"time":2,"x":-852.29,"y":-166.72,"curve":[0.25,0,0.75,1]},{"time":2.1666,"x":-762.23,"y":-55.42,"curve":[0.311,0.22,0.646,0.56]},{"time":2.4,"x":-691.62,"y":-314.94},{"time":2.4666,"x":-678.46,"y":-273.06},{"time":2.5333,"x":-661.41,"y":-315.35},{"time":2.6,"x":-650,"y":-295.63},{"time":2.6666,"x":-641.53,"y":-313.95,"curve":[0.117,0.45,1,0.68]},{"time":2.8333,"x":-632.15,"y":-313.95}],"scale":[{"time":0.4666,"x":2.337,"y":2.337,"curve":"stepped"},{"time":2,"x":2.337,"y":2.337}]},"coin1_4":{"translate":[{"time":0.6,"x":-768.89,"y":-154.18,"curve":[0.25,0,0.75,1]},{"time":0.7,"x":-746.58,"y":-118.34,"curve":[0.311,0.22,0.646,0.56]},{"time":0.9,"x":-705.19,"y":-313.2},{"time":0.9666,"x":-697.87,"y":-275.84},{"time":1.0333,"x":-692.37,"y":-314.3},{"time":1.1,"x":-688.34,"y":-294.15},{"time":1.1666,"x":-683.58,"y":-314.3,"curve":[0.117,0.45,1,0.68]},{"time":1.3,"x":-677.36,"y":-314.3,"curve":"stepped"},{"time":2.1333,"x":-768.89,"y":-154.18,"curve":[0.25,0,0.75,1]},{"time":2.2333,"x":-746.58,"y":-118.34,"curve":[0.311,0.22,0.646,0.56]},{"time":2.4333,"x":-705.19,"y":-313.2},{"time":2.5,"x":-697.87,"y":-275.84},{"time":2.5666,"x":-692.37,"y":-314.3},{"time":2.6333,"x":-688.34,"y":-294.15},{"time":2.7,"x":-683.58,"y":-314.3,"curve":[0.117,0.45,1,0.68]},{"time":2.8333,"x":-677.36,"y":-314.3}],"scale":[{"time":0.6,"x":2.337,"y":2.337,"curve":"stepped"},{"time":2.1333,"x":2.337,"y":2.337}]},"coin1_3":{"translate":[{"time":0.5333,"x":-690.97,"y":-174.07,"curve":[0.311,0.22,0.646,0.56]},{"time":0.6333,"x":-789.35,"y":-130.94,"curve":[0.311,0.22,0.646,0.56]},{"time":0.8666,"x":-821.45,"y":-313.92},{"time":0.9333,"x":-827.37,"y":-284.69},{"time":1.0333,"x":-838.5,"y":-313.92},{"time":1.1,"x":-844.42,"y":-299.65},{"time":1.1666,"x":-849.98,"y":-312.53,"curve":[0.117,0.45,1,0.68]},{"time":1.2666,"x":-855.9,"y":-312.53,"curve":"stepped"},{"time":2.0666,"x":-690.97,"y":-174.07,"curve":[0.311,0.22,0.646,0.56]},{"time":2.1666,"x":-789.35,"y":-130.94,"curve":[0.311,0.22,0.646,0.56]},{"time":2.4,"x":-821.45,"y":-313.92},{"time":2.4666,"x":-827.37,"y":-284.69},{"time":2.5666,"x":-838.5,"y":-313.92},{"time":2.6333,"x":-844.42,"y":-299.65},{"time":2.7,"x":-849.98,"y":-312.53,"curve":[0.117,0.45,1,0.68]},{"time":2.8,"x":-855.9,"y":-312.53}],"scale":[{"time":0.5333,"x":2.337,"y":2.337,"curve":"stepped"},{"time":2.0666,"x":2.337,"y":2.337}]},"coin1_2":{"translate":[{"time":0.5,"x":-684.29,"y":-169.97,"curve":[0.25,0,0.75,1]},{"time":0.6,"x":-724.57,"y":-101.98,"curve":[0.311,0.22,0.646,0.56]},{"time":0.7666,"x":-735.56,"y":-314.86},{"time":0.8333,"x":-738.69,"y":-285.05},{"time":0.9,"x":-747.59,"y":-312.25},{"time":0.9666,"x":-750.73,"y":-298.65},{"time":1.0333,"x":-754.91,"y":-313.82},{"time":1.1666,"x":-758.39,"y":-313.82,"curve":"stepped"},{"time":2.0666,"x":-684.29,"y":-169.97,"curve":[0.25,0,0.75,1]},{"time":2.1666,"x":-724.57,"y":-101.98,"curve":[0.311,0.22,0.646,0.56]},{"time":2.3333,"x":-735.56,"y":-314.86},{"time":2.4,"x":-738.69,"y":-285.05},{"time":2.4666,"x":-747.59,"y":-312.25},{"time":2.5333,"x":-750.73,"y":-298.65},{"time":2.6,"x":-754.91,"y":-313.82},{"time":2.7333,"x":-758.39,"y":-313.82}],"scale":[{"time":0.5,"x":2.337,"y":2.337,"curve":"stepped"},{"time":2.0666,"x":2.337,"y":2.337}]},"coin1_1":{"translate":[{"time":0.4,"x":-625.09,"y":-144.1,"curve":[0.25,0,0.75,1]},{"time":0.4666,"x":-697.55,"y":-96.15,"curve":[0.25,0,0.75,1]},{"time":0.5333,"x":-742.42,"y":-130,"curve":[0.311,0.22,0.646,0.56]},{"time":0.7666,"x":-780.86,"y":-312.55},{"time":0.8666,"x":-788.95,"y":-277.67},{"time":0.9666,"x":-799.49,"y":-311.89},{"time":1.0666,"x":-807.81,"y":-300.43},{"time":1.2333,"x":-814,"y":-312.55,"curve":[0.117,0.45,1,0.68]},{"time":1.4,"x":-820.27,"y":-312.55,"curve":"stepped"},{"time":1.9333,"x":-625.09,"y":-144.1,"curve":[0.25,0,0.75,1]},{"time":2,"x":-697.55,"y":-96.15,"curve":[0.25,0,0.75,1]},{"time":2.0666,"x":-742.42,"y":-130,"curve":[0.311,0.22,0.646,0.56]},{"time":2.3,"x":-780.86,"y":-312.55},{"time":2.4,"x":-788.95,"y":-277.67},{"time":2.5,"x":-799.49,"y":-311.89},{"time":2.6,"x":-807.81,"y":-300.43},{"time":2.7333,"x":-820.27,"y":-312.55,"curve":"stepped"},{"time":2.7666,"x":-814,"y":-312.55}],"scale":[{"time":0.4,"x":2.337,"y":2.337,"curve":"stepped"},{"time":1.9333,"x":2.337,"y":2.337}]}}},"2-skill2":{"slots":{"S2_dome1_1":{"attachment":[{"time":2.1666,"name":"EF/1040_S2_dome1/1040_S2_dome1_00000"},{"time":2.2,"name":"EF/1040_S2_dome1/1040_S2_dome1_00007"},{"time":2.3666,"name":"EF/1040_S2_dome1/1040_S2_dome1_00008"},{"time":2.9333,"name":"EF/1040_S2_dome1/1040_S2_dome1_00009"},{"time":3,"name":"EF/1040_S2_dome1/1040_S2_dome1_00010"},{"time":3.0666,"name":"EF/1040_S2_dome1/1040_S2_dome1_00011"},{"time":3.1333,"name":"EF/1040_S2_dome1/1040_S2_dome1_00012"},{"time":3.2,"name":"EF/1040_S2_dome1/1040_S2_dome1_00013"},{"time":3.4,"name":null}],"color":[{"time":2.1666,"color":"ffffffff","curve":"stepped"},{"time":3.1333,"color":"ffffffff"},{"time":3.4,"color":"ffffff00"}]},"S2_dome1_2":{"attachment":[{"time":2.2666,"name":"EF/1040_S2_dome1/1040_S2_dome1_00008"},{"time":2.5,"name":"EF/1040_S2_dome1/1040_S2_dome1_00009"},{"time":2.6,"name":"EF/1040_S2_dome1/1040_S2_dome1_00010"},{"time":2.7,"name":"EF/1040_S2_dome1/1040_S2_dome1_00011"},{"time":2.8,"name":"EF/1040_S2_dome1/1040_S2_dome1_00012"},{"time":2.9,"name":"EF/1040_S2_dome1/1040_S2_dome1_00013"},{"time":2.9666,"name":null}],"color":[{"time":2.2666,"color":"ffffff00"},{"time":2.6,"color":"ffffffff"},{"time":2.9666,"color":"ffffff00"}]},"S2_dome2_1":{"attachment":[{"time":2.4666,"name":"EF/1040_S2_dome2/1040_S2_dome2_00004"},{"time":2.5,"name":"EF/1040_S2_dome2/1040_S2_dome2_00005"},{"time":2.5333,"name":"EF/1040_S2_dome2/1040_S2_dome2_00006"},{"time":2.5666,"name":"EF/1040_S2_dome2/1040_S2_dome2_00007"},{"time":2.6,"name":"EF/1040_S2_dome2/1040_S2_dome2_00008"},{"time":2.6333,"name":"EF/1040_S2_dome2/1040_S2_dome2_00009"},{"time":2.6666,"name":"EF/1040_S2_dome2/1040_S2_dome2_00010"},{"time":2.8666,"name":"EF/1040_S2_dome2/1040_S2_dome2_00004"},{"time":2.9,"name":"EF/1040_S2_dome2/1040_S2_dome2_00005"},{"time":2.9333,"name":"EF/1040_S2_dome2/1040_S2_dome2_00006"},{"time":2.9666,"name":"EF/1040_S2_dome2/1040_S2_dome2_00007"},{"time":3,"name":"EF/1040_S2_dome2/1040_S2_dome2_00008"},{"time":3.0333,"name":"EF/1040_S2_dome2/1040_S2_dome2_00009"},{"time":3.0666,"name":"EF/1040_S2_dome2/1040_S2_dome2_00010"},{"time":3.1333,"name":null}],"color":[{"time":2.4666,"color":"ffffff7d"},{"time":2.5333,"color":"ffffffff","curve":"stepped"},{"time":2.6,"color":"ffffffff"},{"time":2.7333,"color":"ffffff00","curve":"stepped"},{"time":2.8666,"color":"ffffff7d"},{"time":2.9333,"color":"ffffffff","curve":"stepped"},{"time":3,"color":"ffffffff"},{"time":3.1333,"color":"ffffff00"}]},"S2_dome2_2":{"attachment":[{"time":2.3,"name":"EF/1040_S2_dome2/1040_S2_dome2_00005"},{"time":2.3333,"name":"EF/1040_S2_dome2/1040_S2_dome2_00006"},{"time":2.3666,"name":"EF/1040_S2_dome2/1040_S2_dome2_00007"},{"time":2.4,"name":"EF/1040_S2_dome2/1040_S2_dome2_00008"},{"time":2.4333,"name":"EF/1040_S2_dome2/1040_S2_dome2_00009"},{"time":2.4666,"name":"EF/1040_S2_dome2/1040_S2_dome2_00010"},{"time":2.6666,"name":"EF/1040_S2_dome2/1040_S2_dome2_00004"},{"time":2.7,"name":"EF/1040_S2_dome2/1040_S2_dome2_00005"},{"time":2.7333,"name":"EF/1040_S2_dome2/1040_S2_dome2_00006"},{"time":2.7666,"name":"EF/1040_S2_dome2/1040_S2_dome2_00007"},{"time":2.8,"name":"EF/1040_S2_dome2/1040_S2_dome2_00008"},{"time":2.8333,"name":"EF/1040_S2_dome2/1040_S2_dome2_00009"},{"time":2.8666,"name":"EF/1040_S2_dome2/1040_S2_dome2_00010"},{"time":3.0666,"name":"EF/1040_S2_dome2/1040_S2_dome2_00004"},{"time":3.1,"name":"EF/1040_S2_dome2/1040_S2_dome2_00005"},{"time":3.1333,"name":"EF/1040_S2_dome2/1040_S2_dome2_00006"},{"time":3.1666,"name":"EF/1040_S2_dome2/1040_S2_dome2_00007"},{"time":3.2,"name":"EF/1040_S2_dome2/1040_S2_dome2_00008"},{"time":3.2333,"name":"EF/1040_S2_dome2/1040_S2_dome2_00009"},{"time":3.2666,"name":"EF/1040_S2_dome2/1040_S2_dome2_00010"},{"time":3.3333,"name":null}],"color":[{"time":2.4,"color":"ffffffff"},{"time":2.5333,"color":"ffffff00","curve":"stepped"},{"time":2.6666,"color":"ffffff7d"},{"time":2.7333,"color":"ffffffff","curve":"stepped"},{"time":2.8,"color":"ffffffff"},{"time":2.9333,"color":"ffffff00","curve":"stepped"},{"time":3.0666,"color":"ffffff7d"},{"time":3.1333,"color":"ffffffff","curve":"stepped"},{"time":3.2,"color":"ffffffff"},{"time":3.3333,"color":"ffffff00"}]},"S2_rock2_1":{"attachment":[{"time":2.2,"name":"EF/690_S2_rock2/690_S2_rock2_00002"},{"time":2.2666,"name":"EF/690_S2_rock2/690_S2_rock2_00003"},{"time":2.3333,"name":"EF/690_S2_rock2/690_S2_rock2_00004"},{"time":2.4666,"name":"EF/690_S2_rock2/690_S2_rock2_00002"},{"time":2.5333,"name":"EF/690_S2_rock2/690_S2_rock2_00003"},{"time":2.6,"name":"EF/690_S2_rock2/690_S2_rock2_00004"},{"time":2.7,"name":null}]},"S2_rock2_2":{"attachment":[{"time":2.3333,"name":"EF/690_S2_rock2/690_S2_rock2_00002"},{"time":2.4,"name":"EF/690_S2_rock2/690_S2_rock2_00003"},{"time":2.4666,"name":"EF/690_S2_rock2/690_S2_rock2_00004"},{"time":2.6,"name":null}]},"S2_wave1":{"attachment":[{"time":2.3666,"name":"EF/1040_S2_wave1/1040_S2_wave1_00004"},{"time":2.4,"name":"EF/1040_S2_wave1/1040_S2_wave1_00004"},{"time":2.4333,"name":"EF/1040_S2_wave1/1040_S2_wave1_00006"},{"time":2.4666,"name":"EF/1040_S2_wave1/1040_S2_wave1_00007"},{"time":2.5,"name":"EF/1040_S2_wave1/1040_S2_wave1_00008"},{"time":2.5333,"name":"EF/1040_S2_wave1/1040_S2_wave1_00009"},{"time":2.6333,"name":"EF/1040_S2_wave1/1040_S2_wave1_00004"},{"time":2.6666,"name":"EF/1040_S2_wave1/1040_S2_wave1_00004"},{"time":2.7,"name":"EF/1040_S2_wave1/1040_S2_wave1_00006"},{"time":2.7333,"name":"EF/1040_S2_wave1/1040_S2_wave1_00007"},{"time":2.7666,"name":"EF/1040_S2_wave1/1040_S2_wave1_00008"},{"time":2.8,"name":"EF/1040_S2_wave1/1040_S2_wave1_00009"},{"time":2.9,"name":"EF/1040_S2_wave1/1040_S2_wave1_00004"},{"time":2.9333,"name":"EF/1040_S2_wave1/1040_S2_wave1_00004"},{"time":2.9666,"name":"EF/1040_S2_wave1/1040_S2_wave1_00006"},{"time":3,"name":"EF/1040_S2_wave1/1040_S2_wave1_00007"},{"time":3.0333,"name":"EF/1040_S2_wave1/1040_S2_wave1_00008"},{"time":3.0666,"name":"EF/1040_S2_wave1/1040_S2_wave1_00009"},{"time":3.1,"name":null}],"color":[{"time":2.4333,"color":"ffffffff"},{"time":2.5666,"color":"ffffff00","curve":"stepped"},{"time":2.6333,"color":"ffffffff","curve":"stepped"},{"time":2.7,"color":"ffffffff"},{"time":2.8333,"color":"ffffff00","curve":"stepped"},{"time":2.9,"color":"ffffffff","curve":"stepped"},{"time":2.9666,"color":"ffffffff"},{"time":3.1,"color":"ffffff00"}]},"wind2":{"attachment":[{"time":2.1666,"name":"EF/9020_wind2/9020_wind2_00004"},{"time":2.7333,"name":null}],"color":[{"time":2.1666,"color":"ffffffff"},{"time":2.7333,"color":"ffffff00"}]}},"bones":{"wind2":{"translate":[{"time":2.1666,"x":-1074.94,"y":437.09}],"scale":[{"time":2.1666,"x":1.5,"y":1.5},{"time":2.4333,"x":3.5,"y":3.5}]},"S2_dome1_1":{"translate":[{"time":2.1666,"x":-690.81,"y":137.61}],"scale":[{"time":2.1666,"x":3.511,"y":3.511},{"time":2.2666,"x":3.832,"y":3.832}]},"S2_dome1_2":{"translate":[{"time":2.2666,"x":-899.18,"y":91.94}],"scale":[{"time":2.2666,"x":3.832,"y":3.832},{"time":2.4,"x":3.561,"y":3.561},{"time":2.8333,"x":3.832,"y":3.832}]},"S2_dome2_1":{"translate":[{"time":2.2666,"x":-690.22,"y":213.97},{"time":2.4,"x":-671.52,"y":269.04}],"scale":[{"time":2.2666,"x":2,"y":2},{"time":2.4,"x":4.002,"y":4.002}]},"S2_dome2_2":{"translate":[{"time":2.3,"x":-885.97,"y":299.37}],"scale":[{"time":2.3,"x":3.598,"y":3.598}]},"S2_rock2_1":{"translate":[{"time":2.2,"x":-677.2,"y":146.53},{"time":2.4333,"x":-677.2,"y":1543.41,"curve":"stepped"},{"time":2.4666,"x":-677.2,"y":146.53},{"time":2.6666,"x":-751.64,"y":1325.78}],"scale":[{"time":2.2,"x":5,"y":5}]},"S2_wave1":{"translate":[{"time":2.3666,"x":-1100.49,"y":-66.96,"curve":"stepped"},{"time":2.6333,"x":-1100.49,"y":-66.96,"curve":"stepped"},{"time":2.9,"x":-1100.49,"y":-66.96}],"scale":[{"time":2.3666,"x":4,"y":4},{"time":2.5666,"x":5,"y":5,"curve":"stepped"},{"time":2.6333,"x":4,"y":4},{"time":2.8333,"x":5,"y":5,"curve":"stepped"},{"time":2.9,"x":4,"y":4},{"time":3.1,"x":5,"y":5}]},"S2_rock2_2":{"translate":[{"time":2.3333,"x":-880.48,"y":146.53},{"time":2.5666,"x":-880.48,"y":1543.41}],"scale":[{"time":2.3333,"x":4.5,"y":4.5}]}}},"empty":{},"wind":{"slots":{"wind4":{"attachment":[{"time":0,"name":"EF/9020_wind4/9020_wind4_00005"},{"time":0.7666,"name":null}]}},"bones":{"wind4":{"translate":[{"time":0,"x":-1406.52,"y":-488.46},{"time":0.1333,"x":-1406.52,"y":1678.12,"curve":"stepped"},{"time":0.2,"x":-1406.52,"y":-488.46},{"time":0.3333,"x":-1406.52,"y":1678.12,"curve":"stepped"},{"time":0.4,"x":-1406.52,"y":-488.46},{"time":0.5333,"x":-1406.52,"y":1678.12,"curve":"stepped"},{"time":0.6,"x":-1406.52,"y":-488.46},{"time":0.7333,"x":-1406.52,"y":1678.12}],"scale":[{"time":0,"x":2.05,"y":7.141}]}}}}}