{"skeleton":{"hash":"D7/iOQ5TOVJSaAcs4wbtOtAmSrs","spine":"3.0.12","width":512,"height":512},"bones":[{"name":"root"},{"name":"move_aura","parent":"root","x":-100,"y":150},{"name":"magic_root_1","parent":"root","x":-150,"y":250},{"name":"magic2_1","parent":"magic_root_1"},{"name":"magic1_1","parent":"magic_root_1"},{"name":"magic_root_0","parent":"root","x":-150,"y":250},{"name":"magic2_0","parent":"magic_root_0"},{"name":"magic1_0","parent":"magic_root_0"},{"name":"graund_wave_00","parent":"root","x":-100,"y":200},{"name":"gatling_5","parent":"root","x":-150,"y":350},{"name":"gatling_4","parent":"root","x":-150,"y":350},{"name":"gatling_3","parent":"root","x":-150,"y":350},{"name":"gatling_2","parent":"root","x":-150,"y":350},{"name":"gatling_1","parent":"root","x":-150,"y":350},{"name":"gatling_0","parent":"root","x":-150,"y":350},{"name":"earth_3","parent":"root","x":-100,"y":250},{"name":"earth_2","parent":"root","x":-100,"y":250},{"name":"earth_1","parent":"root","x":-100,"y":250},{"name":"earth_0","parent":"root","x":-100,"y":250},{"name":"charge_red","parent":"root","x":-150,"y":300},{"name":"beam_MZL_1","parent":"root","x":-100,"y":300},{"name":"beam_MZL_0","parent":"root","x":-100,"y":300},{"name":"MZL1_3","parent":"root","x":-100,"y":400},{"name":"MZL1_2","parent":"root","x":-100,"y":400},{"name":"MZL1_1","parent":"root","x":-100,"y":400},{"name":"MZL1_0","parent":"root","x":-100,"y":400},{"name":"MAIN","parent":"root","y":61.42},{"name":"MZL2_1","parent":"MAIN","x":-100,"y":288.57},{"name":"MZL2_0","parent":"MAIN","x":-100,"y":288.57},{"name":"HITBOX","parent":"MAIN","y":-61.42},{"name":"Attack_EF_1","parent":"MAIN","x":-50,"y":-61.42},{"name":"Attack_EF_0","parent":"MAIN","x":-50,"y":-61.42},{"name":"DAMAGEAREA","parent":"root"},{"name":"skill3_H_0","parent":"MAIN","x":20,"y":38.57},{"name":"smash_wave_0","parent":"MAIN","x":-150,"y":338.57},{"name":"smash_wave_1","parent":"MAIN","x":-150,"y":338.57},{"name":"smash_wave_2","parent":"MAIN","x":-150,"y":338.57},{"name":"smash_wave_3","parent":"MAIN","x":-150,"y":338.57}],"slots":[{"name":"DAMAGEAREA","bone":"DAMAGEAREA"},{"name":"skill3_H_00","bone":"skill3_H_0"},{"name":"EF/all_EF/main_wave_A_red/ef_graund_wave_A_red_00002","bone":"graund_wave_00","blend":"additive"},{"name":"EF/all_EF/ef_charge_red/ef_charge_red_00001","bone":"charge_red","blend":"additive"},{"name":"MAIN","bone":"MAIN","attachment":"idle_00"},{"name":"dot_EF/EF_attack_00","bone":"Attack_EF_0"},{"name":"dot_EF/EF_attack_0","bone":"Attack_EF_1"},{"name":"EF/efr_ATK2_earth2_00001","bone":"earth_0","blend":"additive"},{"name":"EF/efr_ATK2_earth2_1","bone":"earth_1","blend":"additive"},{"name":"EF/efr_ATK2_earth2_2","bone":"earth_2","blend":"additive"},{"name":"EF/efr_ATK2_earth2_3","bone":"earth_3","blend":"additive"},{"name":"EF/main_MZL_main/ef_MZL_main_00001","bone":"MZL1_0","blend":"additive"},{"name":"EF/main_MZL_main/ef_MZL_main_1","bone":"MZL1_1","blend":"additive"},{"name":"EF/main_MZL_main/ef_MZL_main_2","bone":"MZL1_2","blend":"additive"},{"name":"EF/main_MZL_main/ef_MZL_main_3","bone":"MZL1_3","blend":"additive"},{"name":"EF/main_MZL_main 2/ef_MZL_main 2_00001","bone":"MZL2_0","blend":"additive"},{"name":"EF/main_MZL_main 2/ef_MZL_main 2_1","bone":"MZL2_1","blend":"additive"},{"name":"EF/main_beam_MZL_main/ef_beam_MZL_main_00001","bone":"beam_MZL_0","blend":"additive"},{"name":"EF/main_beam_MZL_main/ef_beam_MZL_main_1","bone":"beam_MZL_1","blend":"additive"},{"name":"EF/main_move_aura_main/ef_move_aura_main_00001","bone":"move_aura","blend":"additive"},{"name":"EF/ef_smash_wave_main/ef_smash_wave_main_00001","bone":"smash_wave_0","blend":"additive"},{"name":"EF/ef_smash_wave_main/ef_smash_wave_main_1","bone":"smash_wave_1","blend":"additive"},{"name":"EF/ef_smash_wave_main/ef_smash_wave_main_2","bone":"smash_wave_2","blend":"additive"},{"name":"EF/ef_smash_wave_main/ef_smash_wave_main_3","bone":"smash_wave_3","blend":"additive"},{"name":"EF/gatling_0","bone":"gatling_0"},{"name":"EF/gatling_1","bone":"gatling_1"},{"name":"EF/gatling_2","bone":"gatling_2"},{"name":"EF/gatling_3","bone":"gatling_3"},{"name":"EF/gatling_4","bone":"gatling_4"},{"name":"EF/gatling_5","bone":"gatling_5"},{"name":"EF/5100_S2_magic1a","bone":"magic1_0","blend":"additive"},{"name":"EF/5100_S2_magic1a2","bone":"magic1_1","blend":"additive"},{"name":"EF/magic_1fire2","bone":"magic2_0","blend":"additive"},{"name":"EF/magic_1fire3","bone":"magic2_1","blend":"additive"},{"name":"HITBOX","bone":"HITBOX","attachment":"HITBOX"}],"skins":{"default":{"DAMAGEAREA":{"DAMAGEAREA":{"type":"boundingbox","vertices":[-65.28343,-64.74079,63.34754,-64.74079,63.34754,63.0812,-65.28343,62.27222]}},"EF/5100_S2_magic1a":{"EF/5100_S2_magic1a":{"type":"mesh","uvs":[1,1,0,1,0,0,1,0],"triangles":[1,2,3,1,3,0],"vertices":[50,-50,-50,-50,-50,50,50,50],"hull":4}},"EF/5100_S2_magic1a2":{"EF/5100_S2_magic1a":{"type":"mesh","uvs":[1,1,0,1,0,0,1,0],"triangles":[1,2,3,1,3,0],"vertices":[50,-50,-50,-50,-50,50,50,50],"hull":4}},"EF/all_EF/ef_charge_red/ef_charge_red_00001":{"EF/all_EF/ef_charge_red/ef_charge_red_00002":{"y":-1.39,"width":150,"height":150},"EF/all_EF/ef_charge_red/ef_charge_red_00004":{"y":-1.39,"width":150,"height":150},"EF/all_EF/ef_charge_red/ef_charge_red_00006":{"y":-1.39,"width":150,"height":150},"EF/all_EF/ef_charge_red/ef_charge_red_00008":{"y":-1.39,"width":150,"height":150},"EF/all_EF/ef_charge_red/ef_charge_red_00010":{"y":-1.39,"width":150,"height":150},"EF/all_EF/ef_charge_red/ef_charge_red_00012":{"y":-1.39,"width":150,"height":150}},"EF/all_EF/main_wave_A_red/ef_graund_wave_A_red_00002":{"EF/all_EF/main_wave_A_red/ef_graund_wave_A_red_00002":{"x":-0.84,"y":14.65,"width":320,"height":256},"EF/all_EF/main_wave_A_red/ef_graund_wave_A_red_00004":{"x":-0.84,"y":14.65,"width":320,"height":256},"EF/all_EF/main_wave_A_red/ef_graund_wave_A_red_00006":{"x":-0.84,"y":14.65,"width":320,"height":256},"EF/all_EF/main_wave_A_red/ef_graund_wave_A_red_00008":{"x":-0.84,"y":14.65,"width":320,"height":256},"EF/all_EF/main_wave_A_red/ef_graund_wave_A_red_00010":{"x":-0.84,"y":14.65,"width":320,"height":256},"EF/all_EF/main_wave_A_red/ef_graund_wave_A_red_00012":{"x":-0.84,"y":14.65,"width":320,"height":256},"EF/all_EF/main_wave_A_red/ef_graund_wave_A_red_00014":{"x":-0.84,"y":14.65,"width":320,"height":256}},"EF/ef_smash_wave_main/ef_smash_wave_main_00001":{"EF/ef_smash_wave_main/ef_smash_wave_main_00001":{"x":0.37,"y":-0.51,"width":75,"height":150},"EF/ef_smash_wave_main/ef_smash_wave_main_00002":{"x":0.37,"y":-0.51,"width":75,"height":150},"EF/ef_smash_wave_main/ef_smash_wave_main_00003":{"x":0.37,"y":-0.51,"width":75,"height":150},"EF/ef_smash_wave_main/ef_smash_wave_main_00004":{"x":0.37,"y":-0.51,"width":75,"height":150},"EF/ef_smash_wave_main/ef_smash_wave_main_00005":{"x":0.37,"y":-0.51,"width":75,"height":150}},"EF/ef_smash_wave_main/ef_smash_wave_main_1":{"EF/ef_smash_wave_main/ef_smash_wave_main_00001":{"x":0.37,"y":-0.51,"width":75,"height":150},"EF/ef_smash_wave_main/ef_smash_wave_main_00002":{"x":0.37,"y":-0.51,"width":75,"height":150},"EF/ef_smash_wave_main/ef_smash_wave_main_00003":{"x":0.37,"y":-0.51,"width":75,"height":150},"EF/ef_smash_wave_main/ef_smash_wave_main_00004":{"x":0.37,"y":-0.51,"width":75,"height":150},"EF/ef_smash_wave_main/ef_smash_wave_main_00005":{"x":0.37,"y":-0.51,"width":75,"height":150}},"EF/ef_smash_wave_main/ef_smash_wave_main_2":{"EF/ef_smash_wave_main/ef_smash_wave_main_00001":{"x":0.37,"y":-0.51,"width":75,"height":150},"EF/ef_smash_wave_main/ef_smash_wave_main_00002":{"x":0.37,"y":-0.51,"width":75,"height":150},"EF/ef_smash_wave_main/ef_smash_wave_main_00003":{"x":0.37,"y":-0.51,"width":75,"height":150},"EF/ef_smash_wave_main/ef_smash_wave_main_00004":{"x":0.37,"y":-0.51,"width":75,"height":150},"EF/ef_smash_wave_main/ef_smash_wave_main_00005":{"x":0.37,"y":-0.51,"width":75,"height":150}},"EF/ef_smash_wave_main/ef_smash_wave_main_3":{"EF/ef_smash_wave_main/ef_smash_wave_main_00001":{"x":0.37,"y":-0.51,"width":75,"height":150},"EF/ef_smash_wave_main/ef_smash_wave_main_00002":{"x":0.37,"y":-0.51,"width":75,"height":150},"EF/ef_smash_wave_main/ef_smash_wave_main_00003":{"x":0.37,"y":-0.51,"width":75,"height":150},"EF/ef_smash_wave_main/ef_smash_wave_main_00004":{"x":0.37,"y":-0.51,"width":75,"height":150},"EF/ef_smash_wave_main/ef_smash_wave_main_00005":{"x":0.37,"y":-0.51,"width":75,"height":150}},"EF/efr_ATK2_earth2_00001":{"EF/efr_ATK2_earth2_00001":{"x":-4.42,"y":0.16,"width":464,"height":88}},"EF/efr_ATK2_earth2_1":{"EF/efr_ATK2_earth2_00001":{"x":-4.42,"y":0.16,"width":464,"height":88}},"EF/efr_ATK2_earth2_2":{"EF/efr_ATK2_earth2_00001":{"x":-4.42,"y":0.16,"width":464,"height":88}},"EF/efr_ATK2_earth2_3":{"EF/efr_ATK2_earth2_00001":{"x":-4.42,"y":0.16,"width":464,"height":88}},"EF/gatling_0":{"EF/gatling_0":{"x":-8.39,"y":-1.68,"width":73,"height":67}},"EF/gatling_1":{"EF/gatling_0":{"x":-8.39,"y":-1.68,"width":73,"height":67}},"EF/gatling_2":{"EF/gatling_0":{"x":-8.39,"y":-1.68,"width":73,"height":67}},"EF/gatling_3":{"EF/gatling_0":{"x":-8.39,"y":-1.68,"width":73,"height":67}},"EF/gatling_4":{"EF/gatling_0":{"x":-8.39,"y":-1.68,"width":73,"height":67}},"EF/gatling_5":{"EF/gatling_0":{"x":-8.39,"y":-1.68,"width":73,"height":67}},"EF/magic_1fire2":{"EF/magic_1fire":{"type":"mesh","uvs":[1,1,0,1,0,0,1,0],"triangles":[1,2,3,1,3,0],"vertices":[50,-50,-50,-50,-50,50,50,50],"hull":4}},"EF/magic_1fire3":{"EF/magic_1fire":{"type":"mesh","uvs":[1,1,0,1,0,0,1,0],"triangles":[1,2,3,1,3,0],"vertices":[50,-50,-50,-50,-50,50,50,50],"hull":4}},"EF/main_MZL_main 2/ef_MZL_main 2_00001":{"EF/main_MZL_main 2/ef_MZL_main 2_00001":{"x":-39.08,"y":-0.2,"width":200,"height":100},"EF/main_MZL_main 2/ef_MZL_main 2_00002":{"x":-39.08,"y":-0.2,"width":200,"height":100},"EF/main_MZL_main 2/ef_MZL_main 2_00003":{"x":-39.08,"y":-0.2,"width":200,"height":100},"EF/main_MZL_main 2/ef_MZL_main 2_00004":{"x":-39.08,"y":-0.2,"width":200,"height":100},"EF/main_MZL_main 2/ef_MZL_main 2_00005":{"x":-39.08,"y":-0.2,"width":200,"height":100},"EF/main_MZL_main 2/ef_MZL_main 2_00006":{"x":-39.08,"y":-0.2,"width":200,"height":100}},"EF/main_MZL_main 2/ef_MZL_main 2_1":{"EF/main_MZL_main 2/ef_MZL_main 2_00001":{"x":-39.08,"y":-0.2,"width":200,"height":100},"EF/main_MZL_main 2/ef_MZL_main 2_00002":{"x":-39.08,"y":-0.2,"width":200,"height":100},"EF/main_MZL_main 2/ef_MZL_main 2_00003":{"x":-39.08,"y":-0.2,"width":200,"height":100},"EF/main_MZL_main 2/ef_MZL_main 2_00004":{"x":-39.08,"y":-0.2,"width":200,"height":100},"EF/main_MZL_main 2/ef_MZL_main 2_00005":{"x":-39.08,"y":-0.2,"width":200,"height":100},"EF/main_MZL_main 2/ef_MZL_main 2_00006":{"x":-39.08,"y":-0.2,"width":200,"height":100}},"EF/main_MZL_main/ef_MZL_main_00001":{"EF/main_MZL_main/ef_MZL_main_00001":{"x":-49.96,"y":1.86,"width":200,"height":150},"EF/main_MZL_main/ef_MZL_main_00002":{"x":-49.96,"y":1.86,"width":200,"height":150},"EF/main_MZL_main/ef_MZL_main_00003":{"x":-49.96,"y":1.86,"width":200,"height":150},"EF/main_MZL_main/ef_MZL_main_00004":{"x":-49.96,"y":1.86,"width":200,"height":150},"EF/main_MZL_main/ef_MZL_main_00005":{"x":-49.96,"y":1.86,"width":200,"height":150},"EF/main_MZL_main/ef_MZL_main_00006":{"x":-49.96,"y":1.86,"width":200,"height":150},"EF/main_MZL_main/ef_MZL_main_00007":{"x":-49.96,"y":1.86,"width":200,"height":150},"EF/main_MZL_main/ef_MZL_main_00008":{"x":-49.96,"y":1.86,"width":200,"height":150},"EF/main_MZL_main/ef_MZL_main_00009":{"x":-49.96,"y":1.86,"width":200,"height":150},"EF/main_MZL_main/ef_MZL_main_00010":{"x":-49.96,"y":1.86,"width":200,"height":150},"EF/main_MZL_main/ef_MZL_main_00011":{"x":-49.96,"y":1.86,"width":200,"height":150},"EF/main_MZL_main/ef_MZL_main_00012":{"x":-49.96,"y":1.86,"width":200,"height":150}},"EF/main_MZL_main/ef_MZL_main_1":{"EF/main_MZL_main/ef_MZL_main_00001":{"x":-49.96,"y":1.86,"width":200,"height":150},"EF/main_MZL_main/ef_MZL_main_00002":{"x":-49.96,"y":1.86,"width":200,"height":150},"EF/main_MZL_main/ef_MZL_main_00003":{"x":-49.96,"y":1.86,"width":200,"height":150},"EF/main_MZL_main/ef_MZL_main_00004":{"x":-49.96,"y":1.86,"width":200,"height":150},"EF/main_MZL_main/ef_MZL_main_00005":{"x":-49.96,"y":1.86,"width":200,"height":150},"EF/main_MZL_main/ef_MZL_main_00006":{"x":-49.96,"y":1.86,"width":200,"height":150},"EF/main_MZL_main/ef_MZL_main_00007":{"x":-49.96,"y":1.86,"width":200,"height":150},"EF/main_MZL_main/ef_MZL_main_00008":{"x":-49.96,"y":1.86,"width":200,"height":150},"EF/main_MZL_main/ef_MZL_main_00009":{"x":-49.96,"y":1.86,"width":200,"height":150},"EF/main_MZL_main/ef_MZL_main_00010":{"x":-49.96,"y":1.86,"width":200,"height":150},"EF/main_MZL_main/ef_MZL_main_00011":{"x":-49.96,"y":1.86,"width":200,"height":150},"EF/main_MZL_main/ef_MZL_main_00012":{"x":-49.96,"y":1.86,"width":200,"height":150}},"EF/main_MZL_main/ef_MZL_main_2":{"EF/main_MZL_main/ef_MZL_main_00001":{"x":-49.96,"y":1.86,"width":200,"height":150},"EF/main_MZL_main/ef_MZL_main_00002":{"x":-49.96,"y":1.86,"width":200,"height":150},"EF/main_MZL_main/ef_MZL_main_00003":{"x":-49.96,"y":1.86,"width":200,"height":150},"EF/main_MZL_main/ef_MZL_main_00004":{"x":-49.96,"y":1.86,"width":200,"height":150},"EF/main_MZL_main/ef_MZL_main_00005":{"x":-49.96,"y":1.86,"width":200,"height":150},"EF/main_MZL_main/ef_MZL_main_00006":{"x":-49.96,"y":1.86,"width":200,"height":150},"EF/main_MZL_main/ef_MZL_main_00007":{"x":-49.96,"y":1.86,"width":200,"height":150},"EF/main_MZL_main/ef_MZL_main_00008":{"x":-49.96,"y":1.86,"width":200,"height":150},"EF/main_MZL_main/ef_MZL_main_00009":{"x":-49.96,"y":1.86,"width":200,"height":150},"EF/main_MZL_main/ef_MZL_main_00010":{"x":-49.96,"y":1.86,"width":200,"height":150},"EF/main_MZL_main/ef_MZL_main_00011":{"x":-49.96,"y":1.86,"width":200,"height":150},"EF/main_MZL_main/ef_MZL_main_00012":{"x":-49.96,"y":1.86,"width":200,"height":150}},"EF/main_MZL_main/ef_MZL_main_3":{"EF/main_MZL_main/ef_MZL_main_00001":{"x":-49.96,"y":1.86,"width":200,"height":150},"EF/main_MZL_main/ef_MZL_main_00002":{"x":-49.96,"y":1.86,"width":200,"height":150},"EF/main_MZL_main/ef_MZL_main_00003":{"x":-49.96,"y":1.86,"width":200,"height":150},"EF/main_MZL_main/ef_MZL_main_00004":{"x":-49.96,"y":1.86,"width":200,"height":150},"EF/main_MZL_main/ef_MZL_main_00005":{"x":-49.96,"y":1.86,"width":200,"height":150},"EF/main_MZL_main/ef_MZL_main_00006":{"x":-49.96,"y":1.86,"width":200,"height":150},"EF/main_MZL_main/ef_MZL_main_00007":{"x":-49.96,"y":1.86,"width":200,"height":150},"EF/main_MZL_main/ef_MZL_main_00008":{"x":-49.96,"y":1.86,"width":200,"height":150},"EF/main_MZL_main/ef_MZL_main_00009":{"x":-49.96,"y":1.86,"width":200,"height":150},"EF/main_MZL_main/ef_MZL_main_00010":{"x":-49.96,"y":1.86,"width":200,"height":150},"EF/main_MZL_main/ef_MZL_main_00011":{"x":-49.96,"y":1.86,"width":200,"height":150},"EF/main_MZL_main/ef_MZL_main_00012":{"x":-49.96,"y":1.86,"width":200,"height":150}},"EF/main_beam_MZL_main/ef_beam_MZL_main_00001":{"EF/main_beam_MZL_main/ef_beam_MZL_main_00004":{"x":51,"y":-0.16,"width":200,"height":133},"EF/main_beam_MZL_main/ef_beam_MZL_main_00005":{"x":51,"y":-0.16,"width":200,"height":133},"EF/main_beam_MZL_main/ef_beam_MZL_main_00008":{"x":51,"y":-0.16,"width":200,"height":133},"EF/main_beam_MZL_main/ef_beam_MZL_main_00009":{"x":51,"y":-0.16,"width":200,"height":133}},"EF/main_beam_MZL_main/ef_beam_MZL_main_1":{"EF/main_beam_MZL_main/ef_beam_MZL_main_00004":{"x":51,"y":-0.16,"width":200,"height":133},"EF/main_beam_MZL_main/ef_beam_MZL_main_00005":{"x":51,"y":-0.16,"width":200,"height":133},"EF/main_beam_MZL_main/ef_beam_MZL_main_00008":{"x":51,"y":-0.16,"width":200,"height":133},"EF/main_beam_MZL_main/ef_beam_MZL_main_00009":{"x":51,"y":-0.16,"width":200,"height":133}},"EF/main_move_aura_main/ef_move_aura_main_00001":{"EF/main_move_aura_main/ef_move_aura_main_00001":{"x":-9.74,"y":1.69,"width":150,"height":113},"EF/main_move_aura_main/ef_move_aura_main_00002":{"x":-9.74,"y":1.69,"width":150,"height":113},"EF/main_move_aura_main/ef_move_aura_main_00003":{"x":-9.74,"y":1.69,"width":150,"height":113},"EF/main_move_aura_main/ef_move_aura_main_00004":{"x":-9.74,"y":1.69,"width":150,"height":113},"EF/main_move_aura_main/ef_move_aura_main_00005":{"x":-9.74,"y":1.69,"width":150,"height":113}},"HITBOX":{"HITBOX":{"type":"boundingbox","vertices":[-26.47458,-0.49648,23.16539,-0.49648,23.16539,124.47946,-26.47458,125.06345]}},"MAIN":{"attack_00":{"x":-0.57,"y":21.08,"scaleX":2,"scaleY":2,"width":256,"height":256},"attack_01":{"x":-0.57,"y":21.08,"scaleX":2,"scaleY":2,"width":256,"height":256},"attack_02":{"x":-0.57,"y":21.08,"scaleX":2,"scaleY":2,"width":256,"height":256},"attack_03":{"x":-0.57,"y":21.08,"scaleX":2,"scaleY":2,"width":256,"height":256},"attack_04":{"x":-0.57,"y":21.08,"scaleX":2,"scaleY":2,"width":256,"height":256},"attack_05":{"x":-0.57,"y":21.08,"scaleX":2,"scaleY":2,"width":256,"height":256},"attack_06":{"x":-0.57,"y":21.08,"scaleX":2,"scaleY":2,"width":256,"height":256},"attack_07":{"x":-0.57,"y":21.08,"scaleX":2,"scaleY":2,"width":256,"height":256},"back_00":{"x":-0.57,"y":21.08,"scaleX":2,"scaleY":2,"width":256,"height":256},"damage_00":{"x":-0.57,"y":21.08,"scaleX":2,"scaleY":2,"width":256,"height":256},"front_00":{"x":-0.57,"y":21.08,"scaleX":2,"scaleY":2,"width":256,"height":256},"idle_00":{"x":-0.57,"y":21.08,"scaleX":2,"scaleY":2,"width":256,"height":256},"idle_01":{"x":-0.57,"y":21.08,"scaleX":2,"scaleY":2,"width":256,"height":256},"idle_02":{"x":-0.57,"y":21.08,"scaleX":2,"scaleY":2,"width":256,"height":256},"idle_03":{"x":-0.57,"y":21.08,"scaleX":2,"scaleY":2,"width":256,"height":256},"idle_04":{"x":-0.57,"y":21.08,"scaleX":2,"scaleY":2,"width":256,"height":256},"skill1_00":{"x":-0.57,"y":21.08,"scaleX":2,"scaleY":2,"width":256,"height":256},"skill1_01":{"x":-0.57,"y":21.08,"scaleX":2,"scaleY":2,"width":256,"height":256},"skill1_02":{"x":-0.57,"y":21.08,"scaleX":2,"scaleY":2,"width":256,"height":256},"skill1_03":{"x":-0.57,"y":21.08,"scaleX":2,"scaleY":2,"width":256,"height":256},"skill1_04":{"x":-0.57,"y":21.08,"scaleX":2,"scaleY":2,"width":256,"height":256},"skill1_05":{"x":-0.57,"y":21.08,"scaleX":2,"scaleY":2,"width":256,"height":256},"skill1_06":{"x":-0.57,"y":21.08,"scaleX":2,"scaleY":2,"width":256,"height":256},"skill1_07":{"x":-0.57,"y":21.08,"scaleX":2,"scaleY":2,"width":256,"height":256},"skill1_08":{"x":-0.57,"y":21.08,"scaleX":2,"scaleY":2,"width":256,"height":256},"skill1_09":{"x":-0.57,"y":21.08,"scaleX":2,"scaleY":2,"width":256,"height":256},"skill1_10":{"x":-0.57,"y":21.08,"scaleX":2,"scaleY":2,"width":256,"height":256},"skill1_11":{"x":-0.57,"y":21.08,"scaleX":2,"scaleY":2,"width":256,"height":256},"skill2_00":{"x":-0.57,"y":21.08,"scaleX":2,"scaleY":2,"width":256,"height":256},"skill2_01":{"x":-0.57,"y":21.08,"scaleX":2,"scaleY":2,"width":256,"height":256},"skill2_02":{"x":-0.57,"y":21.08,"scaleX":2,"scaleY":2,"width":256,"height":256},"skill2_03":{"x":-0.57,"y":21.08,"scaleX":2,"scaleY":2,"width":256,"height":256},"skill2_04":{"x":-0.57,"y":21.08,"scaleX":2,"scaleY":2,"width":256,"height":256},"skill2_05":{"x":-0.57,"y":21.08,"scaleX":2,"scaleY":2,"width":256,"height":256},"skill2_06":{"x":-0.57,"y":21.08,"scaleX":2,"scaleY":2,"width":256,"height":256},"skill2_07":{"x":-0.57,"y":21.08,"scaleX":2,"scaleY":2,"width":256,"height":256},"skill2_08":{"x":-0.57,"y":21.08,"scaleX":2,"scaleY":2,"width":256,"height":256},"skill2_09":{"x":-0.57,"y":21.08,"scaleX":2,"scaleY":2,"width":256,"height":256},"skill2_10":{"x":-0.57,"y":21.08,"scaleX":2,"scaleY":2,"width":256,"height":256},"skill2_11":{"x":-0.57,"y":21.08,"scaleX":2,"scaleY":2,"width":256,"height":256},"skill2_12":{"x":-0.57,"y":21.08,"scaleX":2,"scaleY":2,"width":256,"height":256},"skill3_00":{"x":-0.57,"y":21.08,"scaleX":2,"scaleY":2,"width":256,"height":256},"skill3_01":{"x":-0.57,"y":21.08,"scaleX":2,"scaleY":2,"width":256,"height":256},"skill3_02":{"x":-0.57,"y":21.08,"scaleX":2,"scaleY":2,"width":256,"height":256},"skill3_L_00":{"x":-0.57,"y":21.08,"scaleX":2,"scaleY":2,"width":256,"height":256},"skill3_L_01":{"x":-0.57,"y":21.08,"scaleX":2,"scaleY":2,"width":256,"height":256},"skill3_L_02":{"x":-0.57,"y":21.08,"scaleX":2,"scaleY":2,"width":256,"height":256}},"dot_EF/EF_attack_0":{"dot_EF/EF_attack_00":{"x":-9.76,"scaleX":2,"scaleY":2,"width":23,"height":23},"dot_EF/EF_attack_01":{"x":-9.76,"scaleX":2,"scaleY":2,"width":23,"height":23}},"dot_EF/EF_attack_00":{"dot_EF/EF_attack_00":{"x":-9.76,"scaleX":2,"scaleY":2,"width":23,"height":23},"dot_EF/EF_attack_01":{"x":-9.76,"scaleX":2,"scaleY":2,"width":23,"height":23}},"skill3_H_00":{"skill3_H_00":{"x":-5.62,"y":-37.52,"scaleX":2,"scaleY":2,"width":256,"height":256},"skill3_H_01":{"x":-15.28,"y":-31.27,"scaleX":2,"scaleY":2,"width":256,"height":256},"skill3_H_02":{"x":15.89,"y":20.2,"scaleX":2,"scaleY":2,"rotation":90,"width":256,"height":256}}}},"events":{"Events":{},"Events2":{},"Hit":{},"Sound1":{},"Sound2":{},"Sound3":{},"Voice":{}},"animations":{"attack1":{"slots":{"DAMAGEAREA":{"attachment":[{"time":0.3333,"name":"DAMAGEAREA"},{"time":0.4333,"name":null},{"time":0.5333,"name":"DAMAGEAREA"},{"time":0.6333,"name":null},{"time":0.7333,"name":"DAMAGEAREA"},{"time":0.8333,"name":null}]},"EF/gatling_0":{"attachment":[{"time":0.3333,"name":"EF/gatling_0"}],"color":[{"time":0.4333,"color":"ffffffff"},{"time":0.6333,"color":"ffffff00"}]},"EF/gatling_1":{"attachment":[{"time":0.4,"name":"EF/gatling_0"}],"color":[{"time":0.5,"color":"ffffffff"},{"time":0.7,"color":"ffffff00"}]},"EF/gatling_2":{"attachment":[{"time":0.5,"name":"EF/gatling_0"}],"color":[{"time":0.6,"color":"ffffffff"},{"time":0.8,"color":"ffffff00"}]},"EF/gatling_3":{"attachment":[{"time":0.5666,"name":"EF/gatling_0"}],"color":[{"time":0.6666,"color":"ffffffff"},{"time":0.8666,"color":"ffffff00"}]},"EF/gatling_4":{"attachment":[{"time":0.6666,"name":"EF/gatling_0"}],"color":[{"time":0.7666,"color":"ffffffff"},{"time":0.9666,"color":"ffffff00"}]},"EF/gatling_5":{"attachment":[{"time":0.7333,"name":"EF/gatling_0"}],"color":[{"time":0.8333,"color":"ffffffff"},{"time":1.0333,"color":"ffffff00"}]},"EF/main_MZL_main/ef_MZL_main_00001":{"attachment":[{"time":0.3333,"name":"EF/main_MZL_main/ef_MZL_main_00003"},{"time":0.3666,"name":"EF/main_MZL_main/ef_MZL_main_00005"},{"time":0.4,"name":"EF/main_MZL_main/ef_MZL_main_00007"},{"time":0.4333,"name":"EF/main_MZL_main/ef_MZL_main_00009"},{"time":0.4666,"name":"EF/main_MZL_main/ef_MZL_main_00011"},{"time":0.5,"name":null},{"time":0.7333,"name":"EF/main_MZL_main/ef_MZL_main_00003"},{"time":0.7666,"name":"EF/main_MZL_main/ef_MZL_main_00005"},{"time":0.8,"name":"EF/main_MZL_main/ef_MZL_main_00007"},{"time":0.8333,"name":"EF/main_MZL_main/ef_MZL_main_00009"},{"time":0.8666,"name":"EF/main_MZL_main/ef_MZL_main_00011"},{"time":0.9,"name":null}]},"EF/main_MZL_main/ef_MZL_main_1":{"attachment":[{"time":0.4,"name":"EF/main_MZL_main/ef_MZL_main_00003"},{"time":0.4333,"name":"EF/main_MZL_main/ef_MZL_main_00005"},{"time":0.4666,"name":"EF/main_MZL_main/ef_MZL_main_00007"},{"time":0.5,"name":"EF/main_MZL_main/ef_MZL_main_00009"},{"time":0.5333,"name":"EF/main_MZL_main/ef_MZL_main_00011"},{"time":0.5666,"name":null},{"time":0.8,"name":"EF/main_MZL_main/ef_MZL_main_00003"},{"time":0.8333,"name":"EF/main_MZL_main/ef_MZL_main_00005"},{"time":0.8666,"name":"EF/main_MZL_main/ef_MZL_main_00007"},{"time":0.9,"name":"EF/main_MZL_main/ef_MZL_main_00009"},{"time":0.9333,"name":"EF/main_MZL_main/ef_MZL_main_00011"},{"time":0.9666,"name":null}]},"EF/main_MZL_main/ef_MZL_main_2":{"attachment":[{"time":0.5333,"name":"EF/main_MZL_main/ef_MZL_main_00003"},{"time":0.5666,"name":"EF/main_MZL_main/ef_MZL_main_00005"},{"time":0.6,"name":"EF/main_MZL_main/ef_MZL_main_00007"},{"time":0.6333,"name":"EF/main_MZL_main/ef_MZL_main_00009"},{"time":0.6666,"name":"EF/main_MZL_main/ef_MZL_main_00011"},{"time":0.7,"name":null}]},"EF/main_MZL_main/ef_MZL_main_3":{"attachment":[{"time":0.6,"name":"EF/main_MZL_main/ef_MZL_main_00003"},{"time":0.6333,"name":"EF/main_MZL_main/ef_MZL_main_00005"},{"time":0.6666,"name":"EF/main_MZL_main/ef_MZL_main_00007"},{"time":0.7,"name":"EF/main_MZL_main/ef_MZL_main_00009"},{"time":0.7333,"name":"EF/main_MZL_main/ef_MZL_main_00011"},{"time":0.7666,"name":null}]},"MAIN":{"attachment":[{"time":0,"name":"attack_00"},{"time":0.0666,"name":"attack_01"},{"time":0.1333,"name":"attack_02"},{"time":0.2,"name":"attack_04"},{"time":0.3333,"name":"attack_05"},{"time":0.4,"name":"attack_06"},{"time":0.4666,"name":"attack_04"},{"time":0.5333,"name":"attack_05"},{"time":0.6,"name":"attack_06"},{"time":0.6666,"name":"attack_04"},{"time":0.7333,"name":"attack_05"},{"time":0.8,"name":"attack_06"},{"time":0.9,"name":"attack_07"},{"time":1,"name":"idle_00"},{"time":1.2,"name":"idle_00"}]},"dot_EF/EF_attack_00":{"attachment":[{"time":0.3333,"name":"dot_EF/EF_attack_00"},{"time":0.3666,"name":"dot_EF/EF_attack_01"},{"time":0.4333,"name":null},{"time":0.5333,"name":"dot_EF/EF_attack_00"},{"time":0.5666,"name":"dot_EF/EF_attack_01"},{"time":0.6333,"name":null},{"time":0.7333,"name":"dot_EF/EF_attack_00"},{"time":0.7666,"name":"dot_EF/EF_attack_01"},{"time":0.8333,"name":null}]},"dot_EF/EF_attack_0":{"attachment":[{"time":0.3666,"name":"dot_EF/EF_attack_00"},{"time":0.4,"name":"dot_EF/EF_attack_01"},{"time":0.4666,"name":null},{"time":0.5666,"name":"dot_EF/EF_attack_00"},{"time":0.6,"name":"dot_EF/EF_attack_01"},{"time":0.6666,"name":null},{"time":0.7666,"name":"dot_EF/EF_attack_00"},{"time":0.8,"name":"dot_EF/EF_attack_01"},{"time":0.8666,"name":null}]}},"bones":{"MAIN":{"translate":[{"time":0,"x":7.02,"y":0,"curve":"stepped"},{"time":0.0666,"x":-9.83,"y":0,"curve":"stepped"},{"time":0.9,"x":0,"y":0}]},"Attack_EF_0":{"translate":[{"time":0.3333,"x":-17.82,"y":54.62,"curve":"stepped"},{"time":0.5333,"x":-17.82,"y":54.62,"curve":"stepped"},{"time":0.7333,"x":-17.82,"y":54.62}]},"Attack_EF_1":{"translate":[{"time":0.3666,"x":-5.55,"y":45.05,"curve":"stepped"},{"time":0.5666,"x":-5.55,"y":45.05,"curve":"stepped"},{"time":0.7666,"x":-5.55,"y":45.05}]},"DAMAGEAREA":{"translate":[{"time":0.3,"x":-383.25,"y":52.73}],"scale":[{"time":0.3,"x":5.058,"y":0.796}]},"MZL1_0":{"translate":[{"time":0.3333,"x":17.93,"y":-341.18}]},"MZL1_1":{"translate":[{"time":0.4,"x":30.02,"y":-353.95,"curve":"stepped"},{"time":0.8,"x":30.02,"y":-353.95}]},"MZL1_3":{"translate":[{"time":0.6,"x":30.02,"y":-353.95}]},"MZL1_2":{"translate":[{"time":0.5333,"x":17.93,"y":-341.18}]},"gatling_0":{"rotate":[{"time":0.3333,"angle":-38.44},{"time":0.3666,"angle":-136.79},{"time":0.4,"angle":135.28},{"time":0.4333,"angle":43.24},{"time":0.4666,"angle":-38.44},{"time":0.5,"angle":-136.79},{"time":0.5333,"angle":135.28},{"time":0.5666,"angle":43.24}],"translate":[{"time":0.3333,"x":116.02,"y":-298.36},{"time":0.4666,"x":157.56,"y":-287.4},{"time":0.5666,"x":182.66,"y":-315.96},{"time":0.6666,"x":182.37,"y":-344.52}]},"gatling_1":{"rotate":[{"time":0.4,"angle":-38.44},{"time":0.4333,"angle":-136.79},{"time":0.4666,"angle":135.28},{"time":0.5,"angle":43.24},{"time":0.5333,"angle":-38.44},{"time":0.5666,"angle":-136.79},{"time":0.6,"angle":135.28},{"time":0.6333,"angle":43.24}],"translate":[{"time":0.4,"x":92.36,"y":-280.48},{"time":0.5333,"x":96.4,"y":-259.7},{"time":0.7,"x":104.48,"y":-282.78}]},"gatling_3":{"rotate":[{"time":0.5666,"angle":-38.44},{"time":0.6,"angle":-136.79},{"time":0.6333,"angle":135.28},{"time":0.6666,"angle":43.24},{"time":0.7,"angle":-38.44},{"time":0.7333,"angle":-136.79},{"time":0.7666,"angle":135.28},{"time":0.8,"angle":43.24}],"translate":[{"time":0.5666,"x":92.36,"y":-280.48},{"time":0.7,"x":96.4,"y":-259.7},{"time":0.8666,"x":104.48,"y":-282.78}]},"gatling_2":{"rotate":[{"time":0.5,"angle":-38.44},{"time":0.5333,"angle":-136.79},{"time":0.5666,"angle":135.28},{"time":0.6,"angle":43.24},{"time":0.6333,"angle":-38.44},{"time":0.6666,"angle":-136.79},{"time":0.7,"angle":135.28},{"time":0.7333,"angle":43.24}],"translate":[{"time":0.5,"x":116.02,"y":-298.36},{"time":0.6333,"x":157.56,"y":-287.4},{"time":0.7333,"x":182.66,"y":-315.96},{"time":0.8333,"x":182.37,"y":-344.52}]},"gatling_4":{"rotate":[{"time":0.6666,"angle":-38.44},{"time":0.7,"angle":-136.79},{"time":0.7333,"angle":135.28},{"time":0.7666,"angle":43.24},{"time":0.8,"angle":-38.44},{"time":0.8333,"angle":-136.79},{"time":0.8666,"angle":135.28},{"time":0.9,"angle":43.24}],"translate":[{"time":0.6666,"x":92.36,"y":-280.48},{"time":0.8,"x":96.4,"y":-259.7},{"time":0.9666,"x":104.48,"y":-282.78}]},"gatling_5":{"rotate":[{"time":0.7333,"angle":-38.44},{"time":0.7666,"angle":-136.79},{"time":0.8,"angle":135.28},{"time":0.8333,"angle":43.24},{"time":0.8666,"angle":-38.44},{"time":0.9,"angle":-136.79},{"time":0.9333,"angle":135.28},{"time":0.9666,"angle":43.24}],"translate":[{"time":0.7333,"x":116.02,"y":-298.36},{"time":0.8666,"x":157.56,"y":-287.4},{"time":0.9666,"x":182.66,"y":-315.96},{"time":1.0666,"x":182.37,"y":-344.52}]}},"events":[{"time":0,"name":"Events","string":"setHitEffect(hit04a, 0)"},{"time":0,"name":"Sound3","string":"setHitSound(se_battle_hands_hit)"},{"time":0.3333,"name":"Sound1","string":"cri_se_battle_roigun_01"},{"time":0.3333,"name":"Voice","string":"cri_297_voice_attack_random"},{"time":0.4,"name":"Hit","string":"resetHitList"},{"time":0.4,"name":"Sound1","string":"cri_se_battle_roigun_01"},{"time":0.5333,"name":"Hit","string":"resetHitList"},{"time":0.5333,"name":"Sound1","string":"cri_se_battle_roigun_01"},{"time":0.6,"name":"Hit","string":"resetHitList"},{"time":0.6,"name":"Sound1","string":"cri_se_battle_roigun_01"},{"time":0.7333,"name":"Hit","string":"resetHitList"},{"time":0.7333,"name":"Sound1","string":"cri_se_battle_roigun_01"},{"time":0.7333,"name":"Voice","string":"cri_297_voice_attack_c"},{"time":0.8,"name":"Hit","string":"resetHitList"},{"time":0.8,"name":"Sound1","string":"cri_se_battle_roigun_01"}]},"back":{"slots":{"MAIN":{"attachment":[{"time":0,"name":"back_00"},{"time":0.2333,"name":"attack_00"},{"time":0.3333,"name":"idle_04"},{"time":0.6333,"name":"idle_00"},{"time":0.8,"name":"idle_00"}]}},"bones":{"MAIN":{"translate":[{"time":0,"x":0,"y":0},{"time":0.1333,"x":62.5,"y":10},{"time":0.2666,"x":125,"y":0,"curve":[0.077,0.72,0.75,1]},{"time":0.5333,"x":140,"y":0}]}}},"cast":{"slots":{"MAIN":{"attachment":[{"time":0,"name":"skill3_00"},{"time":0.0666,"name":"attack_00"},{"time":0.1333,"name":"attack_01"},{"time":0.2,"name":"attack_02"},{"time":0.3,"name":"attack_04"},{"time":0.5,"name":"attack_05"},{"time":0.5666,"name":"attack_06"},{"time":0.8,"name":"attack_07"},{"time":0.9,"name":"idle_04"},{"time":1,"name":"idle_00"}]}},"bones":{"MAIN":{"translate":[{"time":0,"x":11.62,"y":0,"curve":"stepped"},{"time":0.0666,"x":12,"y":0,"curve":"stepped"},{"time":0.1333,"x":-1.42,"y":0,"curve":"stepped"},{"time":0.8,"x":0,"y":0}]}}},"damage":{"slots":{"MAIN":{"attachment":[{"time":0,"name":"damage_00"}]}}},"front":{"slots":{"MAIN":{"attachment":[{"time":0,"name":"front_00"}]}}},"idle":{"slots":{"MAIN":{"attachment":[{"time":0,"name":"idle_00"},{"time":0.2,"name":"idle_01"},{"time":0.4,"name":"idle_02"},{"time":0.6,"name":"idle_03"},{"time":0.8,"name":"idle_04"},{"time":1,"name":"idle_04"}]}}},"in":{"slots":{"MAIN":{"attachment":[{"time":0,"name":"front_00"},{"time":0.2333,"name":"skill1_00"},{"time":0.5666,"name":"attack_00"},{"time":0.6333,"name":"skill3_00"},{"time":0.7,"name":"idle_00"},{"time":0.8666,"name":"idle_00"}],"color":[{"time":0,"color":"ffffff00"},{"time":0.2,"color":"ffffffff"}]}},"bones":{"MAIN":{"translate":[{"time":0,"x":395.53,"y":-1.27},{"time":0.2666,"x":42.87,"y":0,"curve":[0.127,0.75,0.75,1]},{"time":0.4666,"x":8.1,"y":0,"curve":"stepped"},{"time":0.5666,"x":12.44,"y":0,"curve":"stepped"},{"time":0.7,"x":0,"y":0}]}}},"skill1":{"slots":{"DAMAGEAREA":{"attachment":[{"time":0.1666,"name":"DAMAGEAREA"},{"time":0.3,"name":null},{"time":0.5,"name":"DAMAGEAREA"},{"time":1.4333,"name":null}]},"EF/ef_smash_wave_main/ef_smash_wave_main_00001":{"attachment":[{"time":0.5,"name":"EF/ef_smash_wave_main/ef_smash_wave_main_00001"},{"time":0.5333,"name":"EF/ef_smash_wave_main/ef_smash_wave_main_00002"},{"time":0.5666,"name":"EF/ef_smash_wave_main/ef_smash_wave_main_00003"},{"time":0.6,"name":"EF/ef_smash_wave_main/ef_smash_wave_main_00004"},{"time":0.6333,"name":"EF/ef_smash_wave_main/ef_smash_wave_main_00005"},{"time":0.6666,"name":null},{"time":0.7333,"name":"EF/ef_smash_wave_main/ef_smash_wave_main_00001"},{"time":0.7666,"name":"EF/ef_smash_wave_main/ef_smash_wave_main_00002"},{"time":0.8,"name":"EF/ef_smash_wave_main/ef_smash_wave_main_00003"},{"time":0.8333,"name":"EF/ef_smash_wave_main/ef_smash_wave_main_00004"},{"time":0.8666,"name":"EF/ef_smash_wave_main/ef_smash_wave_main_00005"},{"time":0.9,"name":null},{"time":0.9666,"name":"EF/ef_smash_wave_main/ef_smash_wave_main_00001"},{"time":1,"name":"EF/ef_smash_wave_main/ef_smash_wave_main_00002"},{"time":1.0333,"name":"EF/ef_smash_wave_main/ef_smash_wave_main_00003"},{"time":1.0666,"name":"EF/ef_smash_wave_main/ef_smash_wave_main_00004"},{"time":1.1,"name":"EF/ef_smash_wave_main/ef_smash_wave_main_00005"},{"time":1.1333,"name":null},{"time":1.1666,"name":"EF/ef_smash_wave_main/ef_smash_wave_main_00001"},{"time":1.2,"name":"EF/ef_smash_wave_main/ef_smash_wave_main_00002"},{"time":1.2333,"name":"EF/ef_smash_wave_main/ef_smash_wave_main_00003"},{"time":1.2666,"name":"EF/ef_smash_wave_main/ef_smash_wave_main_00004"},{"time":1.3,"name":null}],"color":[{"time":1.2666,"color":"ffffffff"},{"time":1.3333,"color":"ffffff00"}]},"EF/ef_smash_wave_main/ef_smash_wave_main_1":{"attachment":[{"time":0.5666,"name":"EF/ef_smash_wave_main/ef_smash_wave_main_00001"},{"time":0.6,"name":"EF/ef_smash_wave_main/ef_smash_wave_main_00002"},{"time":0.6333,"name":"EF/ef_smash_wave_main/ef_smash_wave_main_00003"},{"time":0.6666,"name":"EF/ef_smash_wave_main/ef_smash_wave_main_00004"},{"time":0.7,"name":"EF/ef_smash_wave_main/ef_smash_wave_main_00005"},{"time":0.7333,"name":null},{"time":0.8,"name":"EF/ef_smash_wave_main/ef_smash_wave_main_00001"},{"time":0.8333,"name":"EF/ef_smash_wave_main/ef_smash_wave_main_00002"},{"time":0.8666,"name":"EF/ef_smash_wave_main/ef_smash_wave_main_00003"},{"time":0.9,"name":"EF/ef_smash_wave_main/ef_smash_wave_main_00004"},{"time":0.9333,"name":"EF/ef_smash_wave_main/ef_smash_wave_main_00005"},{"time":0.9666,"name":null},{"time":1.0333,"name":"EF/ef_smash_wave_main/ef_smash_wave_main_00001"},{"time":1.0666,"name":"EF/ef_smash_wave_main/ef_smash_wave_main_00002"},{"time":1.1,"name":"EF/ef_smash_wave_main/ef_smash_wave_main_00003"},{"time":1.1333,"name":"EF/ef_smash_wave_main/ef_smash_wave_main_00004"},{"time":1.1666,"name":null},{"time":1.2333,"name":"EF/ef_smash_wave_main/ef_smash_wave_main_00001"},{"time":1.2666,"name":"EF/ef_smash_wave_main/ef_smash_wave_main_00002"},{"time":1.3,"name":"EF/ef_smash_wave_main/ef_smash_wave_main_00003"},{"time":1.3333,"name":null}],"color":[{"time":1.2666,"color":"ffffffff"},{"time":1.3333,"color":"ffffff00"}]},"EF/gatling_0":{"attachment":[{"time":0.5,"name":"EF/gatling_0"},{"time":1.1666,"name":"EF/gatling_0"}],"color":[{"time":0.6,"color":"ffffffff"},{"time":0.6666,"color":"ffffff00","curve":"stepped"},{"time":1.1666,"color":"ffffffff","curve":"stepped"},{"time":1.2666,"color":"ffffffff"},{"time":1.3333,"color":"ffffff00"}]},"EF/gatling_1":{"attachment":[{"time":0.5333,"name":"EF/gatling_0"},{"time":1.2333,"name":"EF/gatling_0"}],"color":[{"time":0.6333,"color":"ffffffff"},{"time":0.7,"color":"ffffff00","curve":"stepped"},{"time":1.2333,"color":"ffffffff","curve":"stepped"},{"time":1.3333,"color":"ffffffff"},{"time":1.4,"color":"ffffff00"}]},"EF/gatling_2":{"attachment":[{"time":0.7333,"name":"EF/gatling_0"}],"color":[{"time":0.8,"color":"ffffffff"},{"time":0.8666,"color":"ffffff00"}]},"EF/gatling_3":{"attachment":[{"time":0.8,"name":"EF/gatling_0"}],"color":[{"time":0.8666,"color":"ffffffff"},{"time":0.9333,"color":"ffffff00"}]},"EF/gatling_4":{"attachment":[{"time":0.9666,"name":"EF/gatling_0"}],"color":[{"time":1.0333,"color":"ffffffff"},{"time":1.1,"color":"ffffff00"}]},"EF/gatling_5":{"attachment":[{"time":1.0333,"name":"EF/gatling_0"}],"color":[{"time":1.1,"color":"ffffffff"},{"time":1.1666,"color":"ffffff00"}]},"EF/main_MZL_main 2/ef_MZL_main 2_00001":{"attachment":[{"time":0.5,"name":"EF/main_MZL_main 2/ef_MZL_main 2_00004"},{"time":0.5333,"name":"EF/main_MZL_main 2/ef_MZL_main 2_00005"},{"time":0.5666,"name":"EF/main_MZL_main 2/ef_MZL_main 2_00006"},{"time":0.6,"name":null},{"time":0.7333,"name":"EF/main_MZL_main 2/ef_MZL_main 2_00004"},{"time":0.7666,"name":"EF/main_MZL_main 2/ef_MZL_main 2_00005"},{"time":0.8,"name":"EF/main_MZL_main 2/ef_MZL_main 2_00006"},{"time":0.8333,"name":null},{"time":0.9666,"name":"EF/main_MZL_main 2/ef_MZL_main 2_00004"},{"time":1,"name":"EF/main_MZL_main 2/ef_MZL_main 2_00005"},{"time":1.0333,"name":"EF/main_MZL_main 2/ef_MZL_main 2_00006"},{"time":1.0666,"name":null},{"time":1.1666,"name":"EF/main_MZL_main 2/ef_MZL_main 2_00004"},{"time":1.2,"name":"EF/main_MZL_main 2/ef_MZL_main 2_00005"},{"time":1.2333,"name":"EF/main_MZL_main 2/ef_MZL_main 2_00006"},{"time":1.2666,"name":null}]},"EF/main_MZL_main 2/ef_MZL_main 2_1":{"attachment":[{"time":0.5666,"name":"EF/main_MZL_main 2/ef_MZL_main 2_00004"},{"time":0.6,"name":"EF/main_MZL_main 2/ef_MZL_main 2_00005"},{"time":0.6333,"name":"EF/main_MZL_main 2/ef_MZL_main 2_00006"},{"time":0.6666,"name":null},{"time":0.8,"name":"EF/main_MZL_main 2/ef_MZL_main 2_00004"},{"time":0.8333,"name":"EF/main_MZL_main 2/ef_MZL_main 2_00005"},{"time":0.8666,"name":"EF/main_MZL_main 2/ef_MZL_main 2_00006"},{"time":0.9,"name":null},{"time":1.0333,"name":"EF/main_MZL_main 2/ef_MZL_main 2_00004"},{"time":1.0666,"name":"EF/main_MZL_main 2/ef_MZL_main 2_00005"},{"time":1.1,"name":"EF/main_MZL_main 2/ef_MZL_main 2_00006"},{"time":1.1333,"name":null},{"time":1.2333,"name":"EF/main_MZL_main 2/ef_MZL_main 2_00004"},{"time":1.2666,"name":"EF/main_MZL_main 2/ef_MZL_main 2_00005"},{"time":1.3,"name":"EF/main_MZL_main 2/ef_MZL_main 2_00006"},{"time":1.3333,"name":null}]},"MAIN":{"attachment":[{"time":0,"name":"skill1_00"},{"time":0.0333,"name":"front_00"},{"time":0.1,"name":"front_00"},{"time":0.1333,"name":"skill1_01"},{"time":0.1666,"name":"skill1_02"},{"time":0.2,"name":"skill1_03"},{"time":0.4,"name":"skill1_04"},{"time":0.5,"name":"skill1_05"},{"time":0.7333,"name":"skill1_06"},{"time":0.9666,"name":"skill1_07"},{"time":1.1666,"name":"skill1_08"},{"time":1.2666,"name":"skill1_09"},{"time":1.3333,"name":"skill1_10"},{"time":1.4,"name":"skill1_11"},{"time":1.6,"name":"idle_00"},{"time":1.7333,"name":"idle_00"}],"color":[{"time":0.0333,"color":"ffffffff"},{"time":0.0666,"color":"ffffff00","curve":"stepped"},{"time":0.1,"color":"ffffff00"},{"time":0.1333,"color":"ffffffff"}]}},"bones":{"MAIN":{"translate":[{"time":0,"x":0,"y":0,"curve":"stepped"},{"time":0.0333,"x":-49.54,"y":0},{"time":0.0666,"x":-176.39,"y":0,"curve":"stepped"},{"time":0.1,"x":100,"y":0},{"time":0.1333,"x":50,"y":0.99},{"time":0.1666,"x":0,"y":65.4},{"time":0.2666,"x":73.33,"y":177.38},{"time":0.3333,"x":138.95,"y":296.52,"curve":[0,0,0.562,1]},{"time":0.6666,"x":327.78,"y":355.76},{"time":0.8666,"x":340.89,"y":355.76,"curve":[0.562,0,0.812,0.4]},{"time":1.1666,"x":395.66,"y":258.08,"curve":[0.349,0.29,0.634,0.63]},{"time":1.3333,"x":473.79,"y":0}]},"DAMAGEAREA":{"translate":[{"time":0.1666,"x":-13,"y":93.12,"curve":"stepped"},{"time":0.5,"x":68.05,"y":105.54,"curve":"stepped"},{"time":0.5666,"x":-19.83,"y":105.54,"curve":"stepped"},{"time":0.7333,"x":19.13,"y":105.54,"curve":"stepped"},{"time":0.8,"x":-77.09,"y":105.54,"curve":"stepped"},{"time":0.9666,"x":-122.12,"y":105.54,"curve":"stepped"},{"time":1.0333,"x":-78.12,"y":105.54,"curve":"stepped"},{"time":1.1666,"x":19.33,"y":105.54,"curve":"stepped"},{"time":1.2333,"x":-44.48,"y":105.54}],"scale":[{"time":0.1666,"x":1.605,"y":1.688,"curve":"stepped"},{"time":0.5,"x":1.161,"y":2.391,"curve":"stepped"},{"time":0.5666,"x":2.681,"y":2.391,"curve":"stepped"},{"time":0.7333,"x":1.451,"y":2.391,"curve":"stepped"},{"time":1.0333,"x":2.251,"y":2.391,"curve":"stepped"},{"time":1.1666,"x":1.748,"y":2.391,"curve":"stepped"},{"time":1.2333,"x":3.11,"y":2.391}]},"MZL2_0":{"rotate":[{"time":0.5,"angle":90.68,"curve":"stepped"},{"time":0.7333,"angle":90.68,"curve":"stepped"},{"time":0.9666,"angle":59.48,"curve":"stepped"},{"time":1.1666,"angle":26.06}],"translate":[{"time":0.5,"x":98.76,"y":-355.34,"curve":"stepped"},{"time":0.7333,"x":92.29,"y":-355.34,"curve":"stepped"},{"time":0.9666,"x":75.97,"y":-347.92,"curve":"stepped"},{"time":1.1666,"x":31.17,"y":-295.54}]},"MZL2_1":{"rotate":[{"time":0.5666,"angle":63.21,"curve":"stepped"},{"time":0.8,"angle":63.21,"curve":"stepped"},{"time":1.0333,"angle":47.91,"curve":"stepped"},{"time":1.2333,"angle":19.79}],"translate":[{"time":0.5666,"x":74.6,"y":-348.29,"curve":"stepped"},{"time":0.8,"x":74.6,"y":-348.29,"curve":"stepped"},{"time":1.0333,"x":67.18,"y":-341.4,"curve":"stepped"},{"time":1.2333,"x":21.92,"y":-281.17}]},"smash_wave_0":{"rotate":[{"time":0.4666,"angle":90,"curve":"stepped"},{"time":0.9333,"angle":59.11,"curve":"stepped"},{"time":1.1666,"angle":29.96}],"translate":[{"time":0.4666,"x":148.68,"y":-408.83,"curve":"stepped"},{"time":0.7,"x":142.2,"y":-408.83,"curve":"stepped"},{"time":0.9333,"x":122.77,"y":-402.35,"curve":"stepped"},{"time":1.1666,"x":76.59,"y":-348.09}]},"smash_wave_1":{"rotate":[{"time":0.5333,"angle":60.95,"curve":"stepped"},{"time":0.7666,"angle":60.95,"curve":"stepped"},{"time":1,"angle":48.29,"curve":"stepped"},{"time":1.2,"angle":22.53}],"translate":[{"time":0.5333,"x":121.94,"y":-404.37,"curve":"stepped"},{"time":0.7666,"x":121.94,"y":-404.37,"curve":"stepped"},{"time":1,"x":111.71,"y":-396.86,"curve":"stepped"},{"time":1.2,"x":65.37,"y":-333.94}]},"gatling_0":{"rotate":[{"time":0.5,"angle":-38.44},{"time":0.5333,"angle":-136.79},{"time":0.5666,"angle":135.28},{"time":0.6,"angle":43.24},{"time":0.6333,"angle":-38.44},{"time":0.6666,"angle":-136.79},{"time":0.7,"angle":135.28},{"time":0.7333,"angle":43.24,"curve":"stepped"},{"time":1.1666,"angle":-38.44},{"time":1.2,"angle":-136.79},{"time":1.2333,"angle":135.28},{"time":1.2666,"angle":43.24},{"time":1.3,"angle":-38.44},{"time":1.3333,"angle":-136.79},{"time":1.3666,"angle":135.28},{"time":1.4,"angle":43.24}],"translate":[{"time":0.5,"x":439.11,"y":-0.87},{"time":0.6666,"x":532.78,"y":-23.59,"curve":"stepped"},{"time":1.1666,"x":479.65,"y":-4.71},{"time":1.3333,"x":466.39,"y":-105.9}]},"gatling_1":{"rotate":[{"time":0.5333,"angle":-38.44},{"time":0.5666,"angle":-136.79},{"time":0.6,"angle":135.28},{"time":0.6333,"angle":43.24},{"time":0.6666,"angle":-38.44},{"time":0.7,"angle":-136.79},{"time":0.7333,"angle":135.28},{"time":0.7666,"angle":43.24,"curve":"stepped"},{"time":1.2333,"angle":-38.44},{"time":1.2666,"angle":-136.79},{"time":1.3,"angle":135.28},{"time":1.3333,"angle":43.24},{"time":1.3666,"angle":-38.44},{"time":1.4,"angle":-136.79},{"time":1.4333,"angle":135.28},{"time":1.4666,"angle":43.24}],"translate":[{"time":0.5333,"x":408.32,"y":16.61},{"time":0.7,"x":415.1,"y":-1.28,"curve":"stepped"},{"time":1.2333,"x":509.51,"y":-99.44},{"time":1.4,"x":491.91,"y":-221.5}]},"gatling_2":{"rotate":[{"time":0.7333,"angle":-38.44},{"time":0.7666,"angle":-136.79},{"time":0.8,"angle":135.28},{"time":0.8333,"angle":43.24},{"time":0.8666,"angle":-38.44},{"time":0.9,"angle":-136.79},{"time":0.9333,"angle":135.28},{"time":0.9666,"angle":43.24}],"translate":[{"time":0.7333,"x":498.61,"y":13.9},{"time":0.8666,"x":543.55,"y":-17.11}]},"gatling_3":{"rotate":[{"time":0.8,"angle":-38.44},{"time":0.8333,"angle":-136.79},{"time":0.8666,"angle":135.28},{"time":0.9,"angle":43.24},{"time":0.9333,"angle":-38.44},{"time":0.9666,"angle":-136.79},{"time":1,"angle":135.28},{"time":1.0333,"angle":43.24}],"translate":[{"time":0.8,"x":453.96,"y":24.05},{"time":0.9333,"x":428.85,"y":-20.92}]},"gatling_4":{"rotate":[{"time":0.9666,"angle":-38.44},{"time":1,"angle":-136.79},{"time":1.0333,"angle":135.28},{"time":1.0666,"angle":43.24},{"time":1.1,"angle":-38.44},{"time":1.1333,"angle":-136.79},{"time":1.1666,"angle":135.28},{"time":1.2,"angle":43.24}],"translate":[{"time":0.9666,"x":463.12,"y":26.5},{"time":1.1,"x":409.54,"y":-30.69}]},"gatling_5":{"rotate":[{"time":1.0333,"angle":-38.44},{"time":1.0666,"angle":-136.79},{"time":1.1,"angle":135.28},{"time":1.1333,"angle":43.24},{"time":1.1666,"angle":-38.44},{"time":1.2,"angle":-136.79},{"time":1.2333,"angle":135.28},{"time":1.2666,"angle":43.24}],"translate":[{"time":1.0333,"x":473.81,"y":12.16},{"time":1.1666,"x":461.44,"y":-28.84}]}},"events":[{"time":0,"name":"Events","string":"setForceImpact(1)"},{"time":0,"name":"Sound3","string":"setHitSound(se_battle_hands_hit)"},{"time":0.0333,"name":"Events","string":"setHitEffect(hit04a, 0)"},{"time":0.0333,"name":"Events2","string":"runScript_waitStart"},{"time":0.0333,"name":"Sound1","string":"cri_se_battle_jump"},{"time":0.0666,"name":"Events","int":100,"string":"kImpactType_knock"},{"time":0.1,"name":"Events","string":"setPosition_Target"},{"time":0.1333,"name":"Events","float":0.03,"string":"kHitStopType_normal"},{"time":0.1666,"name":"Events","string":"ignoreBorder_true"},{"time":0.1666,"name":"Sound1","string":"cri_se_battle_roigun_01"},{"time":0.1666,"name":"Voice","string":"cri_297_voice_skill_all"},{"time":0.4333,"name":"Events","float":0.01,"string":"kHitStopType_normal"},{"time":0.4666,"name":"Events","int":25,"string":"kImpactType_knock"},{"time":0.5,"name":"Hit","string":"resetHitList"},{"time":0.5,"name":"Sound1","string":"cri_se_battle_roigun_01"},{"time":0.5,"name":"Sound2","string":"cri_se_battle_explosion_short"},{"time":0.5666,"name":"Hit","string":"resetHitList"},{"time":0.5666,"name":"Sound1","string":"cri_se_battle_roigun_01"},{"time":0.5666,"name":"Sound2","string":"cri_se_battle_explosion_short"},{"time":0.7333,"name":"Hit","string":"resetHitList"},{"time":0.7333,"name":"Sound1","string":"cri_se_battle_roigun_01"},{"time":0.7333,"name":"Sound2","string":"cri_se_battle_explosion_short"},{"time":0.8,"name":"Hit","string":"resetHitList"},{"time":0.8,"name":"Sound1","string":"cri_se_battle_roigun_01"},{"time":0.8,"name":"Sound2","string":"cri_se_battle_explosion_short"},{"time":0.9666,"name":"Hit","string":"resetHitList"},{"time":0.9666,"name":"Sound1","string":"cri_se_battle_roigun_01"},{"time":0.9666,"name":"Sound2","string":"cri_se_battle_explosion_short"},{"time":1.0333,"name":"Hit","string":"resetHitList"},{"time":1.0333,"name":"Sound1","string":"cri_se_battle_roigun_01"},{"time":1.0333,"name":"Sound2","string":"cri_se_battle_explosion_short"},{"time":1.1666,"name":"Hit","string":"resetHitList"},{"time":1.1666,"name":"Sound1","string":"cri_se_battle_roigun_01"},{"time":1.1666,"name":"Sound2","string":"cri_se_battle_explosion_short"},{"time":1.2333,"name":"Hit","string":"resetHitList"},{"time":1.2333,"name":"Sound1","string":"cri_se_battle_roigun_01"},{"time":1.2333,"name":"Sound2","string":"cri_se_battle_explosion_short"},{"time":1.3333,"name":"Sound1","string":"cri_se_battle_landing"},{"time":1.7,"name":"Events","string":"runScript_waitEnd"}]},"skill2":{"slots":{"DAMAGEAREA":{"attachment":[{"time":0.2666,"name":"DAMAGEAREA"},{"time":0.6666,"name":null},{"time":1.0666,"name":"DAMAGEAREA"},{"time":1.3333,"name":null}]},"EF/all_EF/main_wave_A_red/ef_graund_wave_A_red_00002":{"attachment":[{"time":0.3333,"name":"EF/all_EF/main_wave_A_red/ef_graund_wave_A_red_00002"},{"time":0.3666,"name":"EF/all_EF/main_wave_A_red/ef_graund_wave_A_red_00004"},{"time":0.4,"name":"EF/all_EF/main_wave_A_red/ef_graund_wave_A_red_00006"},{"time":0.4333,"name":"EF/all_EF/main_wave_A_red/ef_graund_wave_A_red_00008"},{"time":0.4666,"name":"EF/all_EF/main_wave_A_red/ef_graund_wave_A_red_00010"},{"time":0.5,"name":"EF/all_EF/main_wave_A_red/ef_graund_wave_A_red_00012"},{"time":0.5333,"name":"EF/all_EF/main_wave_A_red/ef_graund_wave_A_red_00014"},{"time":0.5666,"name":null}]},"EF/gatling_0":{"attachment":[{"time":0.2333,"name":"EF/gatling_0"}],"color":[{"time":0.4333,"color":"ffffffff"},{"time":0.5,"color":"ffffff00"}]},"EF/gatling_1":{"attachment":[{"time":0.2666,"name":"EF/gatling_0"}],"color":[{"time":0.4666,"color":"ffffffff"},{"time":0.5333,"color":"ffffff00"}]},"EF/gatling_2":{"attachment":[{"time":0.3,"name":"EF/gatling_0"}],"color":[{"time":0.5,"color":"ffffffff"},{"time":0.5666,"color":"ffffff00"}]},"MAIN":{"attachment":[{"time":0,"name":"idle_00"},{"time":0.1333,"name":"skill2_00"},{"time":0.2333,"name":"skill2_01"},{"time":0.3333,"name":"skill2_02"},{"time":0.4333,"name":"skill2_03"},{"time":0.5333,"name":"skill2_04"},{"time":0.6333,"name":"skill2_05"},{"time":0.7333,"name":"skill2_06"},{"time":1.0333,"name":"skill2_07"},{"time":1.2333,"name":"skill2_08"},{"time":1.4,"name":"skill2_09"},{"time":1.5333,"name":"skill2_10"},{"time":1.6,"name":"skill2_11"},{"time":1.6333,"name":"skill2_12"},{"time":1.7333,"name":"idle_00"},{"time":1.8,"name":"idle_00"}]}},"bones":{"MAIN":{"rotate":[{"time":1.2333,"angle":29.23,"curve":"stepped"},{"time":1.3,"angle":-23.08,"curve":"stepped"},{"time":1.4,"angle":0}],"translate":[{"time":0.2333,"x":-39.31,"y":0,"curve":"stepped"},{"time":0.3333,"x":-48.45,"y":26.95,"curve":[0.289,0.36,0.626,0.7]},{"time":0.4,"x":-95.11,"y":81.84,"curve":[0.285,0.87,0.778,1]},{"time":0.9666,"x":-160.15,"y":177.51,"curve":"stepped"},{"time":1.0333,"x":-110.9,"y":221.99},{"time":1.0666,"x":-61.15,"y":251.82,"curve":[0.209,0.44,0.762,0.92]},{"time":1.2666,"x":4.8,"y":269.56},{"time":1.3,"x":15.23,"y":236.35,"curve":[0.29,0,1,1]},{"time":1.4666,"x":76.11,"y":137.03,"curve":[0.091,0.05,0.75,1]},{"time":1.6,"x":98.67,"y":0}]},"graund_wave_00":{"translate":[{"time":0.3333,"x":65.65,"y":-196.26}]},"DAMAGEAREA":{"translate":[{"time":0.2666,"x":-423.89,"y":145.1,"curve":"stepped"},{"time":0.3666,"x":-490.74,"y":288.57,"curve":"stepped"},{"time":0.4666,"x":-573.89,"y":-11.41,"curve":"stepped"},{"time":1.0666,"x":-617.91,"y":-17.93}],"scale":[{"time":0.2666,"x":6.136,"y":2.348,"curve":"stepped"},{"time":0.3666,"x":6.136,"y":4.641,"curve":"stepped"},{"time":1.0666,"x":6.136,"y":4.076}]},"gatling_0":{"rotate":[{"time":0.2333,"angle":-38.44},{"time":0.2666,"angle":-136.79},{"time":0.3,"angle":135.28},{"time":0.3333,"angle":43.24},{"time":0.3666,"angle":-38.44},{"time":0.4,"angle":-136.79},{"time":0.4333,"angle":135.28},{"time":0.4666,"angle":43.24}],"translate":[{"time":0.2333,"x":79.16,"y":-241.14},{"time":0.3333,"x":79.16,"y":-220.21},{"time":0.5,"x":79.16,"y":-272.36}]},"gatling_1":{"rotate":[{"time":0.2666,"angle":-38.44},{"time":0.3,"angle":-136.79},{"time":0.3333,"angle":135.28},{"time":0.3666,"angle":43.24},{"time":0.4,"angle":-38.44},{"time":0.4333,"angle":-136.79},{"time":0.4666,"angle":135.28},{"time":0.5,"angle":43.24}],"translate":[{"time":0.2666,"x":48.22,"y":-232.95},{"time":0.3666,"x":37.31,"y":-209.29},{"time":0.5333,"x":8.19,"y":-261.16}]},"gatling_2":{"rotate":[{"time":0.3,"angle":-38.44},{"time":0.3333,"angle":-136.79},{"time":0.3666,"angle":135.28},{"time":0.4,"angle":43.24},{"time":0.4333,"angle":-38.44},{"time":0.4666,"angle":-136.79},{"time":0.5,"angle":135.28},{"time":0.5333,"angle":43.24}],"translate":[{"time":0.3,"x":48.22,"y":-232.95},{"time":0.4,"x":14.56,"y":-209.29},{"time":0.5666,"x":-19.1,"y":-261.16}]}},"events":[{"time":0,"name":"Events","string":"setHitEffect(hit04a, 0)"},{"time":0,"name":"Sound3","string":"setHitSound(se_battle_hands_hit)"},{"time":0,"name":"Voice","string":"cri_297_voice_fullarts_now"},{"time":0.0333,"name":"Events","string":"setForceImpact(1)"},{"time":0.0666,"name":"Events","int":150,"string":"kImpactType_knock"},{"time":0.2333,"name":"Sound1","string":"cri_se_battle_beam"},{"time":0.2666,"name":"Events2","float":1.2,"string":"shakeGround"},{"time":0.3,"name":"Sound1","string":"cri_se_battle_beam"},{"time":0.3333,"name":"Hit","string":"resetHitList"},{"time":0.4,"name":"Hit","string":"resetHitList"},{"time":0.4,"name":"Sound1","string":"cri_se_battle_beam"},{"time":0.4666,"name":"Hit","string":"resetHitList"},{"time":0.4666,"name":"Sound1","string":"cri_se_battle_beam"},{"time":0.5333,"name":"Hit","string":"resetHitList"},{"time":0.6,"name":"Hit","string":"resetHitList"},{"time":0.9333,"name":"Voice","string":"cri_297_voice_fullarts_rank5"},{"time":1,"name":"Events","string":"ignoreBorder_true"},{"time":1.0333,"name":"Sound1","string":"cri_se_battle_skill_laser"},{"time":1.0666,"name":"Events","float":0.16,"string":"kHitStopType_normal"},{"time":1.0666,"name":"Events2","float":1.8,"string":"shakeGround"},{"time":1.0666,"name":"Hit","string":"resetHitList"},{"time":1.1333,"name":"Events","float":0.01,"string":"kHitStopType_normal"},{"time":1.1333,"name":"Hit","string":"resetHitList"},{"time":1.6,"name":"Sound1","string":"cri_se_battle_landing"}]}}}