{"skeleton":{"hash":"YHAc6ulUqT4WVvAtAlXZN1iiNno","spine":"3.0.12","width":0,"height":0},"bones":[{"name":"root"},{"name":"EF","parent":"root"},{"name":"ef_wind_main3","parent":"EF","x":800,"y":500},{"name":"ef_wind_main2","parent":"EF","x":800,"y":500},{"name":"ef_wind_main","parent":"EF","x":800,"y":500},{"name":"ef_trunade_aura_main","parent":"EF","x":500,"y":600},{"name":"ef_slash_line_mian","parent":"EF","x":400,"y":300},{"name":"ef_slash_dash_b","parent":"EF","x":300,"y":400},{"name":"ef_slash_dash_a","parent":"EF","x":400,"y":400},{"name":"ef_slash_bolt_main2","parent":"EF","x":400,"y":500},{"name":"ef_slash_bolt_main","parent":"EF","x":400,"y":500},{"name":"ef_shock_wave_main3","parent":"EF","x":400,"y":600},{"name":"ef_shock_wave_main2","parent":"EF","x":400,"y":600},{"name":"ef_shock_wave_main","parent":"EF","x":400,"y":600},{"name":"ef_power_red2","parent":"EF","x":300,"y":300},{"name":"ef_power_red","parent":"EF","x":300,"y":300},{"name":"ef_hit_main_b","parent":"EF","x":500,"y":300},{"name":"ef_hit_main_a2","parent":"EF","x":500,"y":400},{"name":"ef_hit_main_a","parent":"EF","x":500,"y":400},{"name":"ef_energy_sink_main_b","parent":"EF","x":300,"y":500},{"name":"ef_OF_mian2","parent":"EF","x":300,"y":600},{"name":"ef_OF_mian","parent":"EF","x":300,"y":600}],"slots":[{"name":"ef_shock_wave_main","bone":"ef_shock_wave_main","blend":"multiply"},{"name":"ef_shock_wave_main2","bone":"ef_shock_wave_main2","blend":"multiply"},{"name":"ef_shock_wave_main3","bone":"ef_shock_wave_main3","blend":"multiply"},{"name":"ef_OF_mian","bone":"ef_OF_mian","blend":"additive"},{"name":"ef_OF_mian2","bone":"ef_OF_mian2","blend":"additive"},{"name":"ef_energy_sink_main_b","bone":"ef_energy_sink_main_b","blend":"additive"},{"name":"ef_slash_bolt_main","bone":"ef_slash_bolt_main","blend":"additive"},{"name":"ef_slash_bolt_main2","bone":"ef_slash_bolt_main2","blend":"additive"},{"name":"ef_slash_line_mian","bone":"ef_slash_line_mian","blend":"additive"},{"name":"ef_slash_dash_a","bone":"ef_slash_dash_a","blend":"additive"},{"name":"ef_slash_dash_b","bone":"ef_slash_dash_b","blend":"additive"},{"name":"ef_trunade_aura_main","bone":"ef_trunade_aura_main","blend":"additive"},{"name":"ef_power_red","bone":"ef_power_red","blend":"additive"},{"name":"ef_power_red2","bone":"ef_power_red2","blend":"additive"},{"name":"ef_hit_main_a","bone":"ef_hit_main_a","blend":"additive"},{"name":"ef_hit_main_a2","bone":"ef_hit_main_a2","blend":"additive"},{"name":"ef_hit_main_b","bone":"ef_hit_main_b","blend":"additive"},{"name":"9010_S3_wind1","bone":"ef_wind_main","blend":"additive"},{"name":"9010_S3_wind2","bone":"ef_wind_main2","blend":"additive"},{"name":"9010_S3_wind3","bone":"ef_wind_main3","blend":"additive"}],"skins":{"default":{"9010_S3_wind1":{"9010_S3_wind1/9010_S3_wind1_00002":{"width":200,"height":200},"9010_S3_wind1/9010_S3_wind1_00003":{"width":200,"height":200},"9010_S3_wind1/9010_S3_wind1_00004":{"width":200,"height":200},"9010_S3_wind1/9010_S3_wind1_00005":{"width":200,"height":200},"9010_S3_wind1/9010_S3_wind1_00006":{"width":200,"height":200},"9010_S3_wind1/9010_S3_wind1_00007":{"width":200,"height":200},"9010_S3_wind1/9010_S3_wind1_00008":{"width":200,"height":200},"9010_S3_wind1/9010_S3_wind1_00009":{"width":200,"height":200}},"9010_S3_wind2":{"9010_S3_wind1/9010_S3_wind1_00002":{"width":200,"height":200},"9010_S3_wind1/9010_S3_wind1_00003":{"width":200,"height":200},"9010_S3_wind1/9010_S3_wind1_00004":{"width":200,"height":200},"9010_S3_wind1/9010_S3_wind1_00005":{"width":200,"height":200},"9010_S3_wind1/9010_S3_wind1_00006":{"width":200,"height":200},"9010_S3_wind1/9010_S3_wind1_00007":{"width":200,"height":200},"9010_S3_wind1/9010_S3_wind1_00008":{"width":200,"height":200},"9010_S3_wind1/9010_S3_wind1_00009":{"width":200,"height":200}},"9010_S3_wind3":{"9010_S3_wind1/9010_S3_wind1_00002":{"width":200,"height":200},"9010_S3_wind1/9010_S3_wind1_00003":{"width":200,"height":200},"9010_S3_wind1/9010_S3_wind1_00004":{"width":200,"height":200},"9010_S3_wind1/9010_S3_wind1_00005":{"width":200,"height":200},"9010_S3_wind1/9010_S3_wind1_00006":{"width":200,"height":200},"9010_S3_wind1/9010_S3_wind1_00007":{"width":200,"height":200},"9010_S3_wind1/9010_S3_wind1_00008":{"width":200,"height":200},"9010_S3_wind1/9010_S3_wind1_00009":{"width":200,"height":200}},"ef_OF_mian":{"ef_OF_mian/ef_OF_mian_00001":{"width":400,"height":250},"ef_OF_mian/ef_OF_mian_00002":{"width":400,"height":250},"ef_OF_mian/ef_OF_mian_00003":{"width":400,"height":250},"ef_OF_mian/ef_OF_mian_00004":{"width":400,"height":250},"ef_OF_mian/ef_OF_mian_00005":{"width":400,"height":250}},"ef_OF_mian2":{"ef_OF_mian/ef_OF_mian_00001":{"width":400,"height":250},"ef_OF_mian/ef_OF_mian_00002":{"width":400,"height":250},"ef_OF_mian/ef_OF_mian_00003":{"width":400,"height":250},"ef_OF_mian/ef_OF_mian_00004":{"width":400,"height":250},"ef_OF_mian/ef_OF_mian_00005":{"width":400,"height":250}},"ef_energy_sink_main_b":{"ef_energy_sink_main 2/ef_energy_sink_main 2_00001":{"width":125,"height":125},"ef_energy_sink_main 2/ef_energy_sink_main 2_00002":{"width":125,"height":125},"ef_energy_sink_main 2/ef_energy_sink_main 2_00003":{"width":125,"height":125},"ef_energy_sink_main 2/ef_energy_sink_main 2_00004":{"width":125,"height":125},"ef_energy_sink_main 2/ef_energy_sink_main 2_00005":{"width":125,"height":125},"ef_energy_sink_main 2/ef_energy_sink_main 2_00006":{"width":125,"height":125},"ef_energy_sink_main 2/ef_energy_sink_main 2_00007":{"width":125,"height":125},"ef_energy_sink_main 2/ef_energy_sink_main 2_00008":{"width":125,"height":125},"ef_energy_sink_main 2/ef_energy_sink_main 2_00009":{"width":125,"height":125},"ef_energy_sink_main 2/ef_energy_sink_main 2_00010":{"width":125,"height":125},"ef_energy_sink_main 2/ef_energy_sink_main 2_00011":{"width":125,"height":125},"ef_energy_sink_main 2/ef_energy_sink_main 2_00012":{"width":125,"height":125},"ef_energy_sink_main 2/ef_energy_sink_main 2_00013":{"width":125,"height":125},"ef_energy_sink_main 2/ef_energy_sink_main 2_00014":{"width":125,"height":125},"ef_energy_sink_main 2/ef_energy_sink_main 2_00015":{"width":125,"height":125},"ef_energy_sink_main 2/ef_energy_sink_main 2_00016":{"width":125,"height":125},"ef_energy_sink_main 2/ef_energy_sink_main 2_00017":{"width":125,"height":125},"ef_energy_sink_main 2/ef_energy_sink_main 2_00018":{"width":125,"height":125},"ef_energy_sink_main 2/ef_energy_sink_main 2_00019":{"width":125,"height":125},"ef_energy_sink_main 2/ef_energy_sink_main 2_00020":{"width":125,"height":125}},"ef_hit_main_a":{"ef_hit_main_b/ef_hit_main 2_00001":{"width":525,"height":225},"ef_hit_main_b/ef_hit_main 2_00005":{"width":525,"height":225},"ef_hit_main_b/ef_hit_main 2_00006":{"width":525,"height":225},"ef_hit_main_b/ef_hit_main 2_00007":{"width":525,"height":225},"ef_hit_main_b/ef_hit_main 2_00008":{"width":525,"height":225}},"ef_hit_main_a2":{"ef_hit_main_b/ef_hit_main 2_00001":{"width":525,"height":225},"ef_hit_main_b/ef_hit_main 2_00005":{"width":525,"height":225},"ef_hit_main_b/ef_hit_main 2_00006":{"width":525,"height":225},"ef_hit_main_b/ef_hit_main 2_00007":{"width":525,"height":225},"ef_hit_main_b/ef_hit_main 2_00008":{"width":525,"height":225}},"ef_hit_main_b":{"ef_hit_main_c/ef_hit_main 3_00001":{"width":169,"height":169},"ef_hit_main_c/ef_hit_main 3_00002":{"width":169,"height":169},"ef_hit_main_c/ef_hit_main 3_00003":{"width":169,"height":169},"ef_hit_main_c/ef_hit_main 3_00004":{"width":169,"height":169},"ef_hit_main_c/ef_hit_main 3_00005":{"width":169,"height":169},"ef_hit_main_c/ef_hit_main 3_00006":{"width":169,"height":169}},"ef_power_red":{"ef_power_red/ef_power_red_00001":{"width":250,"height":250},"ef_power_red/ef_power_red_00002":{"width":250,"height":250},"ef_power_red/ef_power_red_00003":{"width":250,"height":250},"ef_power_red/ef_power_red_00004":{"width":250,"height":250},"ef_power_red/ef_power_red_00005":{"width":250,"height":250},"ef_power_red/ef_power_red_00006":{"width":250,"height":250},"ef_power_red/ef_power_red_00007":{"width":250,"height":250},"ef_power_red/ef_power_red_00008":{"width":250,"height":250},"ef_power_red/ef_power_red_00009":{"width":250,"height":250},"ef_power_red/ef_power_red_00010":{"width":250,"height":250}},"ef_power_red2":{"ef_power_red/ef_power_red_00001":{"width":250,"height":250},"ef_power_red/ef_power_red_00002":{"width":250,"height":250},"ef_power_red/ef_power_red_00003":{"width":250,"height":250},"ef_power_red/ef_power_red_00004":{"width":250,"height":250},"ef_power_red/ef_power_red_00005":{"width":250,"height":250},"ef_power_red/ef_power_red_00006":{"width":250,"height":250},"ef_power_red/ef_power_red_00007":{"width":250,"height":250},"ef_power_red/ef_power_red_00008":{"width":250,"height":250},"ef_power_red/ef_power_red_00009":{"width":250,"height":250},"ef_power_red/ef_power_red_00010":{"width":250,"height":250}},"ef_shock_wave_main":{"ef_shock_wave_main/ef_shock_wave_main_00001":{"width":300,"height":300},"ef_shock_wave_main/ef_shock_wave_main_00002":{"width":300,"height":300},"ef_shock_wave_main/ef_shock_wave_main_00003":{"width":300,"height":300},"ef_shock_wave_main/ef_shock_wave_main_00004":{"width":300,"height":300},"ef_shock_wave_main/ef_shock_wave_main_00005":{"width":300,"height":300},"ef_shock_wave_main/ef_shock_wave_main_00006":{"width":300,"height":300},"ef_shock_wave_main/ef_shock_wave_main_00007":{"width":300,"height":300},"ef_shock_wave_main/ef_shock_wave_main_00008":{"width":300,"height":300},"ef_shock_wave_main/ef_shock_wave_main_00009":{"width":300,"height":300},"ef_shock_wave_main/ef_shock_wave_main_00010":{"width":300,"height":300},"ef_shock_wave_main/ef_shock_wave_main_00011":{"width":300,"height":300}},"ef_shock_wave_main2":{"ef_shock_wave_main/ef_shock_wave_main_00001":{"width":300,"height":300},"ef_shock_wave_main/ef_shock_wave_main_00002":{"width":300,"height":300},"ef_shock_wave_main/ef_shock_wave_main_00003":{"width":300,"height":300},"ef_shock_wave_main/ef_shock_wave_main_00004":{"width":300,"height":300},"ef_shock_wave_main/ef_shock_wave_main_00005":{"width":300,"height":300},"ef_shock_wave_main/ef_shock_wave_main_00006":{"width":300,"height":300},"ef_shock_wave_main/ef_shock_wave_main_00007":{"width":300,"height":300},"ef_shock_wave_main/ef_shock_wave_main_00008":{"width":300,"height":300},"ef_shock_wave_main/ef_shock_wave_main_00009":{"width":300,"height":300},"ef_shock_wave_main/ef_shock_wave_main_00010":{"width":300,"height":300},"ef_shock_wave_main/ef_shock_wave_main_00011":{"width":300,"height":300}},"ef_shock_wave_main3":{"ef_shock_wave_main/ef_shock_wave_main_00001":{"width":300,"height":300},"ef_shock_wave_main/ef_shock_wave_main_00002":{"width":300,"height":300},"ef_shock_wave_main/ef_shock_wave_main_00003":{"width":300,"height":300},"ef_shock_wave_main/ef_shock_wave_main_00004":{"width":300,"height":300},"ef_shock_wave_main/ef_shock_wave_main_00005":{"width":300,"height":300},"ef_shock_wave_main/ef_shock_wave_main_00006":{"width":300,"height":300},"ef_shock_wave_main/ef_shock_wave_main_00007":{"width":300,"height":300},"ef_shock_wave_main/ef_shock_wave_main_00008":{"width":300,"height":300},"ef_shock_wave_main/ef_shock_wave_main_00009":{"width":300,"height":300},"ef_shock_wave_main/ef_shock_wave_main_00010":{"width":300,"height":300},"ef_shock_wave_main/ef_shock_wave_main_00011":{"width":300,"height":300}},"ef_slash_bolt_main":{"ef_slash_bolt_main/ef_slash_bolt_main_00002":{"width":500,"height":200},"ef_slash_bolt_main/ef_slash_bolt_main_00005":{"width":500,"height":200}},"ef_slash_bolt_main2":{"ef_slash_bolt_main/ef_slash_bolt_main_00002":{"width":500,"height":200},"ef_slash_bolt_main/ef_slash_bolt_main_00005":{"width":500,"height":200}},"ef_slash_dash_a":{"ef_slash_dash_A_main/ef_slash_dash_A_main_00001":{"x":37.9,"y":20.59,"width":150,"height":75},"ef_slash_dash_A_main/ef_slash_dash_A_main_00002":{"x":37.9,"y":20.59,"width":150,"height":75},"ef_slash_dash_A_main/ef_slash_dash_A_main_00003":{"x":37.9,"y":20.59,"width":150,"height":75},"ef_slash_dash_A_main/ef_slash_dash_A_main_00004":{"x":37.9,"y":20.59,"width":150,"height":75},"ef_slash_dash_A_main/ef_slash_dash_A_main_00005":{"x":37.9,"y":20.59,"width":150,"height":75},"ef_slash_dash_A_main/ef_slash_dash_A_main_00006":{"x":37.9,"y":20.59,"width":150,"height":75}},"ef_slash_dash_b":{"ef_slash_dash_B_main/ef_slash_dash_B_main_00001":{"x":6.04,"y":30.99,"width":100,"height":100},"ef_slash_dash_B_main/ef_slash_dash_B_main_00002":{"x":6.04,"y":30.99,"width":100,"height":100},"ef_slash_dash_B_main/ef_slash_dash_B_main_00003":{"x":6.04,"y":30.99,"width":100,"height":100},"ef_slash_dash_B_main/ef_slash_dash_B_main_00004":{"x":6.04,"y":30.99,"width":100,"height":100},"ef_slash_dash_B_main/ef_slash_dash_B_main_00005":{"x":6.04,"y":30.99,"width":100,"height":100},"ef_slash_dash_B_main/ef_slash_dash_B_main_00006":{"x":6.04,"y":30.99,"width":100,"height":100}},"ef_slash_line_mian":{"ef_slash_line_mian/ef_slash_line_mian_00005":{"width":200,"height":420}},"ef_trunade_aura_main":{"ef_trunade_aura_main/ef_trunade_aura_main_00001":{"width":200,"height":200},"ef_trunade_aura_main/ef_trunade_aura_main_00002":{"width":200,"height":200},"ef_trunade_aura_main/ef_trunade_aura_main_00003":{"width":200,"height":200},"ef_trunade_aura_main/ef_trunade_aura_main_00004":{"width":200,"height":200},"ef_trunade_aura_main/ef_trunade_aura_main_00005":{"width":200,"height":200},"ef_trunade_aura_main/ef_trunade_aura_main_00006":{"width":200,"height":200},"ef_trunade_aura_main/ef_trunade_aura_main_00007":{"width":200,"height":200},"ef_trunade_aura_main/ef_trunade_aura_main_00008":{"width":200,"height":200},"ef_trunade_aura_main/ef_trunade_aura_main_00009":{"width":200,"height":200},"ef_trunade_aura_main/ef_trunade_aura_main_00010":{"width":200,"height":200},"ef_trunade_aura_main/ef_trunade_aura_main_00011":{"width":200,"height":200},"ef_trunade_aura_main/ef_trunade_aura_main_00012":{"width":200,"height":200},"ef_trunade_aura_main/ef_trunade_aura_main_00013":{"width":200,"height":200},"ef_trunade_aura_main/ef_trunade_aura_main_00014":{"width":200,"height":200},"ef_trunade_aura_main/ef_trunade_aura_main_00015":{"width":200,"height":200}}}},"animations":{"1-attack1":{},"1-skill1":{},"1-skill2":{"slots":{"9010_S3_wind1":{"attachment":[{"time":0,"name":null},{"time":1.2333,"name":"9010_S3_wind1/9010_S3_wind1_00002"},{"time":1.2666,"name":"9010_S3_wind1/9010_S3_wind1_00003"},{"time":1.3,"name":"9010_S3_wind1/9010_S3_wind1_00004"},{"time":1.3333,"name":"9010_S3_wind1/9010_S3_wind1_00005"},{"time":1.3666,"name":"9010_S3_wind1/9010_S3_wind1_00006"},{"time":1.4,"name":"9010_S3_wind1/9010_S3_wind1_00007"},{"time":1.4333,"name":"9010_S3_wind1/9010_S3_wind1_00008"},{"time":1.4666,"name":"9010_S3_wind1/9010_S3_wind1_00009"},{"time":1.5,"name":"9010_S3_wind1/9010_S3_wind1_00002"},{"time":1.5333,"name":"9010_S3_wind1/9010_S3_wind1_00002"},{"time":1.5666,"name":"9010_S3_wind1/9010_S3_wind1_00003"},{"time":1.6,"name":"9010_S3_wind1/9010_S3_wind1_00004"},{"time":1.6333,"name":"9010_S3_wind1/9010_S3_wind1_00005"},{"time":1.6666,"name":"9010_S3_wind1/9010_S3_wind1_00006"},{"time":1.7333,"name":"9010_S3_wind1/9010_S3_wind1_00007"},{"time":1.8,"name":"9010_S3_wind1/9010_S3_wind1_00008"},{"time":1.9,"name":"9010_S3_wind1/9010_S3_wind1_00009"},{"time":1.9666,"name":"9010_S3_wind1/9010_S3_wind1_00002"},{"time":2,"name":null}],"color":[{"time":0,"color":"ffffffe6"},{"time":1.2333,"color":"ffffffff","curve":[0.981,0.04,0.831,0.95]},{"time":1.9666,"color":"ffffff00"}]},"9010_S3_wind2":{"attachment":[{"time":0,"name":null},{"time":1.2333,"name":"9010_S3_wind1/9010_S3_wind1_00002"},{"time":1.3,"name":"9010_S3_wind1/9010_S3_wind1_00003"},{"time":1.3666,"name":"9010_S3_wind1/9010_S3_wind1_00004"},{"time":1.4333,"name":"9010_S3_wind1/9010_S3_wind1_00005"},{"time":1.5,"name":"9010_S3_wind1/9010_S3_wind1_00006"},{"time":1.6,"name":"9010_S3_wind1/9010_S3_wind1_00007"},{"time":1.7333,"name":"9010_S3_wind1/9010_S3_wind1_00008"},{"time":1.8666,"name":"9010_S3_wind1/9010_S3_wind1_00009"},{"time":2,"name":null}],"color":[{"time":0,"color":"ffffffe4"},{"time":1.2333,"color":"ffffffff","curve":[0.822,0,0.75,1]},{"time":2,"color":"ffffff00"}]},"9010_S3_wind3":{"attachment":[{"time":0,"name":null},{"time":1.3333,"name":"9010_S3_wind1/9010_S3_wind1_00002"},{"time":1.3666,"name":"9010_S3_wind1/9010_S3_wind1_00003"},{"time":1.4,"name":"9010_S3_wind1/9010_S3_wind1_00004"},{"time":1.4333,"name":"9010_S3_wind1/9010_S3_wind1_00005"},{"time":1.4666,"name":"9010_S3_wind1/9010_S3_wind1_00006"},{"time":1.5,"name":"9010_S3_wind1/9010_S3_wind1_00007"},{"time":1.5333,"name":"9010_S3_wind1/9010_S3_wind1_00008"},{"time":1.5666,"name":"9010_S3_wind1/9010_S3_wind1_00009"},{"time":1.6,"name":"9010_S3_wind1/9010_S3_wind1_00002"},{"time":1.6333,"name":"9010_S3_wind1/9010_S3_wind1_00003"},{"time":1.6666,"name":"9010_S3_wind1/9010_S3_wind1_00004"},{"time":1.7,"name":"9010_S3_wind1/9010_S3_wind1_00005"},{"time":1.7333,"name":"9010_S3_wind1/9010_S3_wind1_00006"},{"time":1.7666,"name":"9010_S3_wind1/9010_S3_wind1_00007"},{"time":1.8,"name":"9010_S3_wind1/9010_S3_wind1_00008"},{"time":1.8333,"name":"9010_S3_wind1/9010_S3_wind1_00009"},{"time":1.8666,"name":"9010_S3_wind1/9010_S3_wind1_00002"},{"time":1.9,"name":"9010_S3_wind1/9010_S3_wind1_00003"},{"time":1.9666,"name":"9010_S3_wind1/9010_S3_wind1_00004"},{"time":2.0333,"name":"9010_S3_wind1/9010_S3_wind1_00005"},{"time":2.1,"name":"9010_S3_wind1/9010_S3_wind1_00006"},{"time":2.1666,"name":"9010_S3_wind1/9010_S3_wind1_00007"},{"time":2.2333,"name":"9010_S3_wind1/9010_S3_wind1_00008"},{"time":2.3,"name":"9010_S3_wind1/9010_S3_wind1_00009"},{"time":2.3333,"name":null}],"color":[{"time":1.9,"color":"ffffffff"},{"time":2.3,"color":"ffffff00"}]},"ef_OF_mian":{"attachment":[{"time":0.9666,"name":"ef_OF_mian/ef_OF_mian_00001"},{"time":1,"name":"ef_OF_mian/ef_OF_mian_00002"},{"time":1.0333,"name":"ef_OF_mian/ef_OF_mian_00003"},{"time":1.0666,"name":"ef_OF_mian/ef_OF_mian_00004"},{"time":1.1,"name":"ef_OF_mian/ef_OF_mian_00005"},{"time":1.1333,"name":null}]},"ef_OF_mian2":{"attachment":[{"time":0.9666,"name":"ef_OF_mian/ef_OF_mian_00001"},{"time":1,"name":"ef_OF_mian/ef_OF_mian_00002"},{"time":1.0333,"name":"ef_OF_mian/ef_OF_mian_00003"},{"time":1.0666,"name":"ef_OF_mian/ef_OF_mian_00004"},{"time":1.1,"name":"ef_OF_mian/ef_OF_mian_00005"},{"time":1.1333,"name":null}]},"ef_energy_sink_main_b":{"attachment":[{"time":0.7333,"name":"ef_energy_sink_main 2/ef_energy_sink_main 2_00015"},{"time":0.7666,"name":"ef_energy_sink_main 2/ef_energy_sink_main 2_00016"},{"time":0.8,"name":"ef_energy_sink_main 2/ef_energy_sink_main 2_00017"},{"time":0.8333,"name":"ef_energy_sink_main 2/ef_energy_sink_main 2_00018"},{"time":0.8666,"name":"ef_energy_sink_main 2/ef_energy_sink_main 2_00019"},{"time":0.9,"name":"ef_energy_sink_main 2/ef_energy_sink_main 2_00020"},{"time":0.9333,"name":null}]},"ef_hit_main_a":{"attachment":[{"time":0,"name":null},{"time":1.1,"name":"ef_hit_main_b/ef_hit_main 2_00001"},{"time":1.1333,"name":"ef_hit_main_b/ef_hit_main 2_00005"},{"time":1.2,"name":"ef_hit_main_b/ef_hit_main 2_00006"},{"time":1.2333,"name":"ef_hit_main_b/ef_hit_main 2_00007"},{"time":1.2666,"name":"ef_hit_main_b/ef_hit_main 2_00008"},{"time":1.3666,"name":null}],"color":[{"time":0,"color":"ffffff00"},{"time":1.2666,"color":"ffffffff"},{"time":1.3666,"color":"ffffff00"}]},"ef_hit_main_a2":{"attachment":[{"time":0,"name":null},{"time":1.1,"name":"ef_hit_main_b/ef_hit_main 2_00001"},{"time":1.1333,"name":"ef_hit_main_b/ef_hit_main 2_00005"},{"time":1.2,"name":"ef_hit_main_b/ef_hit_main 2_00006"},{"time":1.2333,"name":"ef_hit_main_b/ef_hit_main 2_00007"},{"time":1.2666,"name":"ef_hit_main_b/ef_hit_main 2_00008"},{"time":1.3666,"name":null}],"color":[{"time":0,"color":"ffffff00"},{"time":1.2666,"color":"ffffffff"},{"time":1.3666,"color":"ffffff00"}]},"ef_hit_main_b":{"attachment":[{"time":0,"name":null},{"time":1.1,"name":"ef_hit_main_c/ef_hit_main 3_00001"},{"time":1.1333,"name":"ef_hit_main_c/ef_hit_main 3_00002"},{"time":1.1666,"name":"ef_hit_main_c/ef_hit_main 3_00003"},{"time":1.2,"name":"ef_hit_main_c/ef_hit_main 3_00004"},{"time":1.2333,"name":"ef_hit_main_c/ef_hit_main 3_00005"},{"time":1.3,"name":"ef_hit_main_c/ef_hit_main 3_00006"},{"time":1.4333,"name":null}],"color":[{"time":0,"color":"ffffff00"},{"time":1.3,"color":"ffffffff"},{"time":1.4333,"color":"ffffff00"}]},"ef_power_red":{"attachment":[{"time":0,"name":null},{"time":1.1,"name":"ef_power_red/ef_power_red_00001"},{"time":1.1333,"name":"ef_power_red/ef_power_red_00002"},{"time":1.1666,"name":"ef_power_red/ef_power_red_00003"},{"time":1.2,"name":"ef_power_red/ef_power_red_00004"},{"time":1.2333,"name":"ef_power_red/ef_power_red_00005"},{"time":1.2666,"name":"ef_power_red/ef_power_red_00006"},{"time":1.3,"name":"ef_power_red/ef_power_red_00007"},{"time":1.3333,"name":"ef_power_red/ef_power_red_00008"},{"time":1.3666,"name":"ef_power_red/ef_power_red_00009"},{"time":1.4,"name":"ef_power_red/ef_power_red_00010"},{"time":1.4333,"name":null}]},"ef_shock_wave_main":{"attachment":[{"time":0,"name":"ef_shock_wave_main/ef_shock_wave_main_00011"},{"time":1.2,"name":"ef_shock_wave_main/ef_shock_wave_main_00001"},{"time":1.2333,"name":"ef_shock_wave_main/ef_shock_wave_main_00002"},{"time":1.2666,"name":"ef_shock_wave_main/ef_shock_wave_main_00003"},{"time":1.3,"name":"ef_shock_wave_main/ef_shock_wave_main_00004"},{"time":1.3333,"name":"ef_shock_wave_main/ef_shock_wave_main_00005"},{"time":1.3666,"name":"ef_shock_wave_main/ef_shock_wave_main_00006"},{"time":1.4,"name":"ef_shock_wave_main/ef_shock_wave_main_00007"},{"time":1.4333,"name":"ef_shock_wave_main/ef_shock_wave_main_00008"},{"time":1.4666,"name":"ef_shock_wave_main/ef_shock_wave_main_00009"},{"time":1.5,"name":"ef_shock_wave_main/ef_shock_wave_main_00010"},{"time":1.5333,"name":"ef_shock_wave_main/ef_shock_wave_main_00011"},{"time":1.5666,"name":null}]},"ef_slash_bolt_main":{"attachment":[{"time":0.9333,"name":"ef_slash_bolt_main/ef_slash_bolt_main_00002"},{"time":1,"name":null}],"color":[{"time":0,"color":"ffffff00"},{"time":1.2333,"color":"ffffffff"},{"time":1.3333,"color":"ffffff00"}]},"ef_slash_dash_a":{"attachment":[{"time":0.9333,"name":"ef_slash_dash_A_main/ef_slash_dash_A_main_00002"},{"time":0.9666,"name":"ef_slash_dash_A_main/ef_slash_dash_A_main_00003"},{"time":1,"name":"ef_slash_dash_A_main/ef_slash_dash_A_main_00004"},{"time":1.0333,"name":"ef_slash_dash_A_main/ef_slash_dash_A_main_00005"},{"time":1.0666,"name":"ef_slash_dash_A_main/ef_slash_dash_A_main_00006"},{"time":1.1,"name":null}],"color":[{"time":0,"color":"ffffff00"},{"time":1.0333,"color":"ffffffff"},{"time":1.1,"color":"ffffff00"}]},"ef_slash_dash_b":{"attachment":[{"time":0.9333,"name":"ef_slash_dash_B_main/ef_slash_dash_B_main_00002"},{"time":0.9666,"name":"ef_slash_dash_B_main/ef_slash_dash_B_main_00003"},{"time":1,"name":"ef_slash_dash_B_main/ef_slash_dash_B_main_00004"},{"time":1.0333,"name":"ef_slash_dash_B_main/ef_slash_dash_B_main_00005"},{"time":1.0666,"name":"ef_slash_dash_B_main/ef_slash_dash_B_main_00006"},{"time":1.1,"name":null}],"color":[{"time":0,"color":"ffffff00"},{"time":1.0333,"color":"ffffffff"},{"time":1.1,"color":"ffffff00"}]},"ef_slash_line_mian":{"attachment":[{"time":0,"name":null},{"time":1,"name":"ef_slash_line_mian/ef_slash_line_mian_00005"},{"time":1.4,"name":null}]},"ef_trunade_aura_main":{"attachment":[{"time":0.5,"name":"ef_trunade_aura_main/ef_trunade_aura_main_00001"},{"time":0.5333,"name":"ef_trunade_aura_main/ef_trunade_aura_main_00002"},{"time":0.5666,"name":"ef_trunade_aura_main/ef_trunade_aura_main_00003"},{"time":0.6,"name":"ef_trunade_aura_main/ef_trunade_aura_main_00004"},{"time":0.6333,"name":"ef_trunade_aura_main/ef_trunade_aura_main_00005"},{"time":0.6666,"name":"ef_trunade_aura_main/ef_trunade_aura_main_00006"},{"time":0.7,"name":"ef_trunade_aura_main/ef_trunade_aura_main_00007"},{"time":0.7333,"name":"ef_trunade_aura_main/ef_trunade_aura_main_00008"},{"time":0.7666,"name":null}],"color":[{"time":0,"color":"ffffff00"},{"time":0.5,"color":"ffffffff"},{"time":0.7666,"color":"ffffff00"}]}},"bones":{"ef_slash_bolt_main":{"rotate":[{"time":0,"angle":47.39,"curve":"stepped"},{"time":0.9333,"angle":47.39}],"translate":[{"time":0,"x":-1415.19,"y":-1354.87},{"time":0.9333,"x":-382.46,"y":-231.55,"curve":"stepped"},{"time":1.2,"x":-382.46,"y":-231.55},{"time":1.3333,"x":-1415.19,"y":-1354.87}],"scale":[{"time":0,"x":10.514,"y":0.141},{"time":0.9333,"x":3.177,"y":2.211,"curve":"stepped"},{"time":0.9666,"x":-9.023,"y":11.692,"curve":"stepped"},{"time":1.2333,"x":10.514,"y":0.141}]},"ef_hit_main_a":{"rotate":[{"time":0,"angle":-15},{"time":1.1,"angle":345}],"translate":[{"time":0,"x":-494.68,"y":-142.03,"curve":"stepped"},{"time":1.1,"x":-494.68,"y":-142.03}],"scale":[{"time":0,"x":3,"y":3},{"time":1.1,"x":0.5,"y":0.5,"curve":[0.213,0.59,0.75,1]},{"time":1.2666,"x":2,"y":2},{"time":1.3666,"x":3,"y":3}]},"ef_hit_main_b":{"rotate":[{"time":0,"angle":-15},{"time":1.1,"angle":345}],"translate":[{"time":0,"x":-494.68,"y":-41.55,"curve":"stepped"},{"time":1.1,"x":-494.68,"y":-41.55}],"scale":[{"time":0,"x":16.615,"y":16.615},{"time":1.1,"x":2,"y":2},{"time":1.2666,"x":3,"y":3},{"time":1.4,"x":16.615,"y":16.615}]},"ef_hit_main_a2":{"rotate":[{"time":0,"angle":-105},{"time":1.1,"angle":255}],"translate":[{"time":0,"x":-494.68,"y":-142.03,"curve":"stepped"},{"time":1.1,"x":-494.68,"y":-142.03}],"scale":[{"time":0,"x":3,"y":3},{"time":1.1,"x":0.5,"y":0.5,"curve":[0.213,0.59,0.75,1]},{"time":1.2666,"x":2,"y":2},{"time":1.3666,"x":3,"y":3}]},"ef_slash_dash_a":{"translate":[{"time":0,"x":-382.46,"y":-132.02,"curve":"stepped"},{"time":0.9,"x":-382.46,"y":-132.02}],"scale":[{"time":0,"x":7,"y":7},{"time":0.9,"x":3,"y":3,"curve":[0.627,0,0.306,0.97]},{"time":1.1,"x":7,"y":7}]},"ef_slash_dash_b":{"rotate":[{"time":0.9,"angle":-34,"curve":"stepped"},{"time":0.9333,"angle":0}],"translate":[{"time":0,"x":-323.04,"y":-62.96},{"time":0.9,"x":-284.48,"y":-132.57,"curve":"stepped"},{"time":0.9666,"x":-284.48,"y":-132.57},{"time":1.1,"x":-323.04,"y":-62.96}],"scale":[{"time":0,"x":7,"y":7},{"time":0.9,"x":3,"y":3,"curve":[0.627,0,0.306,0.97]},{"time":1.1,"x":7,"y":7}]},"ef_power_red":{"rotate":[{"time":0,"angle":47.85,"curve":"stepped"},{"time":1.1,"angle":47.85}],"translate":[{"time":0,"x":-295.19,"y":-46.27,"curve":"stepped"},{"time":1.1,"x":-295.19,"y":-46.27}],"scale":[{"time":0,"x":10,"y":10},{"time":1.1,"x":1,"y":1,"curve":[0.011,0.51,0.75,1]},{"time":1.4,"x":10,"y":10}]},"ef_slash_line_mian":{"rotate":[{"time":0,"angle":-42.52,"curve":"stepped"},{"time":1,"angle":-42.52}],"translate":[{"time":0,"x":-211.28,"y":155.43,"curve":"stepped"},{"time":1,"x":-211.28,"y":155.43}],"scale":[{"time":0,"x":0.002,"y":8.652},{"time":1,"x":5.358,"y":8.652},{"time":1.0333,"x":18.42,"y":8.652},{"time":1.0666,"x":1.182,"y":8.652},{"time":1.3666,"x":0.002,"y":8.652}]},"ef_OF_mian":{"rotate":[{"time":0,"angle":9.86,"curve":"stepped"},{"time":0.9666,"angle":9.86}],"translate":[{"time":0,"x":-295.88,"y":-342.12,"curve":"stepped"},{"time":0.9666,"x":-295.88,"y":-342.12}],"scale":[{"time":0,"x":3.466,"y":3.466,"curve":"stepped"},{"time":0.9666,"x":3.466,"y":3.466}]},"ef_OF_mian2":{"rotate":[{"time":0,"angle":-62.07,"curve":"stepped"},{"time":0.9666,"angle":-62.07}],"translate":[{"time":0,"x":-295.88,"y":-342.12,"curve":"stepped"},{"time":0.9666,"x":-295.88,"y":-342.12}],"scale":[{"time":0,"x":3.466,"y":3.466,"curve":"stepped"},{"time":0.9666,"x":3.466,"y":3.466}]},"ef_wind_main":{"rotate":[{"time":0,"angle":8.98},{"time":1.2333,"angle":0},{"time":2,"angle":22.97}],"translate":[{"time":0,"x":-794.11,"y":-244.99,"curve":"stepped"},{"time":1.2333,"x":-794.11,"y":-244.99}],"scale":[{"time":0,"x":7.99,"y":7.99},{"time":1.2333,"x":1,"y":1,"curve":[0.347,0.98,0.615,0.93]},{"time":1.9666,"x":10,"y":10}]},"ef_energy_sink_main_b":{"translate":[{"time":0,"x":-19.45,"y":60.92,"curve":"stepped"},{"time":0.7333,"x":-19.45,"y":60.92}],"scale":[{"time":0.7333,"x":3,"y":3},{"time":0.9333,"x":1,"y":1}]},"ef_shock_wave_main":{"translate":[{"time":0,"x":-394.62,"y":-342.02,"curve":"stepped"},{"time":1.2,"x":-394.62,"y":-342.02}],"scale":[{"time":0,"x":6.239,"y":6.239,"curve":"stepped"},{"time":1.2,"x":6.239,"y":6.239}]},"ef_wind_main2":{"rotate":[{"time":0,"angle":3.74},{"time":1.2333,"angle":0},{"time":2,"angle":9.55}],"translate":[{"time":0,"x":-794.11,"y":-244.99,"curve":"stepped"},{"time":1.2333,"x":-794.11,"y":-244.99}],"scale":[{"time":0,"x":4.866,"y":-4.866},{"time":1.2333,"x":1.5,"y":-1.5,"curve":[0.404,0.91,0.711,0.96]},{"time":2,"x":6.5,"y":-6.5}]},"ef_trunade_aura_main":{"translate":[{"time":0,"x":-234.11,"y":-269.98,"curve":"stepped"},{"time":0.5,"x":-234.11,"y":-269.98}],"scale":[{"time":0,"x":4,"y":4,"curve":"stepped"},{"time":0.5,"x":4,"y":4}]},"ef_wind_main3":{"rotate":[{"time":0,"angle":88.95},{"time":1.3333,"angle":87.23},{"time":2.3,"angle":95.53}],"translate":[{"time":0,"x":-794.39,"y":-242.05,"curve":"stepped"},{"time":1.3333,"x":-794.39,"y":-242.05}],"scale":[{"time":0,"x":-1.976,"y":2.874},{"time":1.3333,"x":-1,"y":1},{"time":2.3,"x":-5.718,"y":10.062}]}}},"2-attack1":{},"2-skill1":{},"2-skill2":{"slots":{"9010_S3_wind1":{"attachment":[{"time":0,"name":null},{"time":1.2333,"name":"9010_S3_wind1/9010_S3_wind1_00002"},{"time":1.2666,"name":"9010_S3_wind1/9010_S3_wind1_00003"},{"time":1.3,"name":"9010_S3_wind1/9010_S3_wind1_00004"},{"time":1.3333,"name":"9010_S3_wind1/9010_S3_wind1_00005"},{"time":1.3666,"name":"9010_S3_wind1/9010_S3_wind1_00006"},{"time":1.4,"name":"9010_S3_wind1/9010_S3_wind1_00007"},{"time":1.4333,"name":"9010_S3_wind1/9010_S3_wind1_00008"},{"time":1.4666,"name":"9010_S3_wind1/9010_S3_wind1_00009"},{"time":1.5,"name":"9010_S3_wind1/9010_S3_wind1_00002"},{"time":1.5333,"name":"9010_S3_wind1/9010_S3_wind1_00002"},{"time":1.5666,"name":"9010_S3_wind1/9010_S3_wind1_00003"},{"time":1.6,"name":"9010_S3_wind1/9010_S3_wind1_00004"},{"time":1.6333,"name":"9010_S3_wind1/9010_S3_wind1_00005"},{"time":1.6666,"name":"9010_S3_wind1/9010_S3_wind1_00006"},{"time":1.7333,"name":"9010_S3_wind1/9010_S3_wind1_00007"},{"time":1.8,"name":"9010_S3_wind1/9010_S3_wind1_00008"},{"time":1.9,"name":"9010_S3_wind1/9010_S3_wind1_00009"},{"time":1.9666,"name":"9010_S3_wind1/9010_S3_wind1_00002"},{"time":2,"name":null}],"color":[{"time":0,"color":"ffffffe6"},{"time":1.2333,"color":"ffffffff","curve":[0.981,0.04,0.831,0.95]},{"time":1.9666,"color":"ffffff00"}]},"9010_S3_wind2":{"attachment":[{"time":0,"name":null},{"time":1.2333,"name":"9010_S3_wind1/9010_S3_wind1_00002"},{"time":1.3,"name":"9010_S3_wind1/9010_S3_wind1_00003"},{"time":1.3666,"name":"9010_S3_wind1/9010_S3_wind1_00004"},{"time":1.4333,"name":"9010_S3_wind1/9010_S3_wind1_00005"},{"time":1.5,"name":"9010_S3_wind1/9010_S3_wind1_00006"},{"time":1.6,"name":"9010_S3_wind1/9010_S3_wind1_00007"},{"time":1.7333,"name":"9010_S3_wind1/9010_S3_wind1_00008"},{"time":1.8666,"name":"9010_S3_wind1/9010_S3_wind1_00009"},{"time":2,"name":null}],"color":[{"time":0,"color":"ffffffe4"},{"time":1.2333,"color":"ffffffff","curve":[0.822,0,0.75,1]},{"time":2,"color":"ffffff00"}]},"9010_S3_wind3":{"attachment":[{"time":0,"name":null},{"time":1.3333,"name":"9010_S3_wind1/9010_S3_wind1_00002"},{"time":1.3666,"name":"9010_S3_wind1/9010_S3_wind1_00003"},{"time":1.4,"name":"9010_S3_wind1/9010_S3_wind1_00004"},{"time":1.4333,"name":"9010_S3_wind1/9010_S3_wind1_00005"},{"time":1.4666,"name":"9010_S3_wind1/9010_S3_wind1_00006"},{"time":1.5,"name":"9010_S3_wind1/9010_S3_wind1_00007"},{"time":1.5333,"name":"9010_S3_wind1/9010_S3_wind1_00008"},{"time":1.5666,"name":"9010_S3_wind1/9010_S3_wind1_00009"},{"time":1.6,"name":"9010_S3_wind1/9010_S3_wind1_00002"},{"time":1.6333,"name":"9010_S3_wind1/9010_S3_wind1_00003"},{"time":1.6666,"name":"9010_S3_wind1/9010_S3_wind1_00004"},{"time":1.7,"name":"9010_S3_wind1/9010_S3_wind1_00005"},{"time":1.7333,"name":"9010_S3_wind1/9010_S3_wind1_00006"},{"time":1.7666,"name":"9010_S3_wind1/9010_S3_wind1_00007"},{"time":1.8,"name":"9010_S3_wind1/9010_S3_wind1_00008"},{"time":1.8333,"name":"9010_S3_wind1/9010_S3_wind1_00009"},{"time":1.8666,"name":"9010_S3_wind1/9010_S3_wind1_00002"},{"time":1.9,"name":"9010_S3_wind1/9010_S3_wind1_00003"},{"time":1.9666,"name":"9010_S3_wind1/9010_S3_wind1_00004"},{"time":2.0333,"name":"9010_S3_wind1/9010_S3_wind1_00005"},{"time":2.1,"name":"9010_S3_wind1/9010_S3_wind1_00006"},{"time":2.1666,"name":"9010_S3_wind1/9010_S3_wind1_00007"},{"time":2.2333,"name":"9010_S3_wind1/9010_S3_wind1_00008"},{"time":2.3,"name":"9010_S3_wind1/9010_S3_wind1_00009"},{"time":2.3333,"name":null}],"color":[{"time":1.9,"color":"ffffffff"},{"time":2.3,"color":"ffffff00"}]},"ef_OF_mian":{"attachment":[{"time":0.9666,"name":"ef_OF_mian/ef_OF_mian_00001"},{"time":1,"name":"ef_OF_mian/ef_OF_mian_00002"},{"time":1.0333,"name":"ef_OF_mian/ef_OF_mian_00003"},{"time":1.0666,"name":"ef_OF_mian/ef_OF_mian_00004"},{"time":1.1,"name":"ef_OF_mian/ef_OF_mian_00005"},{"time":1.1333,"name":null}]},"ef_OF_mian2":{"attachment":[{"time":0.9666,"name":"ef_OF_mian/ef_OF_mian_00001"},{"time":1,"name":"ef_OF_mian/ef_OF_mian_00002"},{"time":1.0333,"name":"ef_OF_mian/ef_OF_mian_00003"},{"time":1.0666,"name":"ef_OF_mian/ef_OF_mian_00004"},{"time":1.1,"name":"ef_OF_mian/ef_OF_mian_00005"},{"time":1.1333,"name":null}]},"ef_energy_sink_main_b":{"attachment":[{"time":0.7333,"name":"ef_energy_sink_main 2/ef_energy_sink_main 2_00015"},{"time":0.7666,"name":"ef_energy_sink_main 2/ef_energy_sink_main 2_00016"},{"time":0.8,"name":"ef_energy_sink_main 2/ef_energy_sink_main 2_00017"},{"time":0.8333,"name":"ef_energy_sink_main 2/ef_energy_sink_main 2_00018"},{"time":0.8666,"name":"ef_energy_sink_main 2/ef_energy_sink_main 2_00019"},{"time":0.9,"name":"ef_energy_sink_main 2/ef_energy_sink_main 2_00020"},{"time":0.9333,"name":null}]},"ef_hit_main_a":{"attachment":[{"time":0,"name":null},{"time":1.1,"name":"ef_hit_main_b/ef_hit_main 2_00001"},{"time":1.1333,"name":"ef_hit_main_b/ef_hit_main 2_00005"},{"time":1.2,"name":"ef_hit_main_b/ef_hit_main 2_00006"},{"time":1.2333,"name":"ef_hit_main_b/ef_hit_main 2_00007"},{"time":1.2666,"name":"ef_hit_main_b/ef_hit_main 2_00008"},{"time":1.3666,"name":null}],"color":[{"time":0,"color":"ffffff00"},{"time":1.2666,"color":"ffffffff"},{"time":1.3666,"color":"ffffff00"}]},"ef_hit_main_a2":{"attachment":[{"time":0,"name":null},{"time":1.1,"name":"ef_hit_main_b/ef_hit_main 2_00001"},{"time":1.1333,"name":"ef_hit_main_b/ef_hit_main 2_00005"},{"time":1.2,"name":"ef_hit_main_b/ef_hit_main 2_00006"},{"time":1.2333,"name":"ef_hit_main_b/ef_hit_main 2_00007"},{"time":1.2666,"name":"ef_hit_main_b/ef_hit_main 2_00008"},{"time":1.3666,"name":null}],"color":[{"time":0,"color":"ffffff00"},{"time":1.2666,"color":"ffffffff"},{"time":1.3666,"color":"ffffff00"}]},"ef_hit_main_b":{"attachment":[{"time":0,"name":null},{"time":1.1,"name":"ef_hit_main_c/ef_hit_main 3_00001"},{"time":1.1333,"name":"ef_hit_main_c/ef_hit_main 3_00002"},{"time":1.1666,"name":"ef_hit_main_c/ef_hit_main 3_00003"},{"time":1.2,"name":"ef_hit_main_c/ef_hit_main 3_00004"},{"time":1.2333,"name":"ef_hit_main_c/ef_hit_main 3_00005"},{"time":1.3,"name":"ef_hit_main_c/ef_hit_main 3_00006"},{"time":1.4333,"name":null}],"color":[{"time":0,"color":"ffffff00"},{"time":1.3,"color":"ffffffff"},{"time":1.4333,"color":"ffffff00"}]},"ef_power_red":{"attachment":[{"time":0,"name":null},{"time":1.1,"name":"ef_power_red/ef_power_red_00001"},{"time":1.1333,"name":"ef_power_red/ef_power_red_00002"},{"time":1.1666,"name":"ef_power_red/ef_power_red_00003"},{"time":1.2,"name":"ef_power_red/ef_power_red_00004"},{"time":1.2333,"name":"ef_power_red/ef_power_red_00005"},{"time":1.2666,"name":"ef_power_red/ef_power_red_00006"},{"time":1.3,"name":"ef_power_red/ef_power_red_00007"},{"time":1.3333,"name":"ef_power_red/ef_power_red_00008"},{"time":1.3666,"name":"ef_power_red/ef_power_red_00009"},{"time":1.4,"name":"ef_power_red/ef_power_red_00010"},{"time":1.4333,"name":null}]},"ef_shock_wave_main":{"attachment":[{"time":0,"name":"ef_shock_wave_main/ef_shock_wave_main_00011"},{"time":1.2,"name":"ef_shock_wave_main/ef_shock_wave_main_00001"},{"time":1.2333,"name":"ef_shock_wave_main/ef_shock_wave_main_00002"},{"time":1.2666,"name":"ef_shock_wave_main/ef_shock_wave_main_00003"},{"time":1.3,"name":"ef_shock_wave_main/ef_shock_wave_main_00004"},{"time":1.3333,"name":"ef_shock_wave_main/ef_shock_wave_main_00005"},{"time":1.3666,"name":"ef_shock_wave_main/ef_shock_wave_main_00006"},{"time":1.4,"name":"ef_shock_wave_main/ef_shock_wave_main_00007"},{"time":1.4333,"name":"ef_shock_wave_main/ef_shock_wave_main_00008"},{"time":1.4666,"name":"ef_shock_wave_main/ef_shock_wave_main_00009"},{"time":1.5,"name":"ef_shock_wave_main/ef_shock_wave_main_00010"},{"time":1.5333,"name":"ef_shock_wave_main/ef_shock_wave_main_00011"},{"time":1.5666,"name":null}]},"ef_slash_bolt_main":{"attachment":[{"time":0.9333,"name":"ef_slash_bolt_main/ef_slash_bolt_main_00002"},{"time":1,"name":null}],"color":[{"time":0,"color":"ffffff00"},{"time":1.2333,"color":"ffffffff"},{"time":1.3333,"color":"ffffff00"}]},"ef_slash_dash_a":{"attachment":[{"time":0.9333,"name":"ef_slash_dash_A_main/ef_slash_dash_A_main_00002"},{"time":0.9666,"name":"ef_slash_dash_A_main/ef_slash_dash_A_main_00003"},{"time":1,"name":"ef_slash_dash_A_main/ef_slash_dash_A_main_00004"},{"time":1.0333,"name":"ef_slash_dash_A_main/ef_slash_dash_A_main_00005"},{"time":1.0666,"name":"ef_slash_dash_A_main/ef_slash_dash_A_main_00006"},{"time":1.1,"name":null}],"color":[{"time":0,"color":"ffffff00"},{"time":1.0333,"color":"ffffffff"},{"time":1.1,"color":"ffffff00"}]},"ef_slash_dash_b":{"attachment":[{"time":0.9333,"name":"ef_slash_dash_B_main/ef_slash_dash_B_main_00002"},{"time":0.9666,"name":"ef_slash_dash_B_main/ef_slash_dash_B_main_00003"},{"time":1,"name":"ef_slash_dash_B_main/ef_slash_dash_B_main_00004"},{"time":1.0333,"name":"ef_slash_dash_B_main/ef_slash_dash_B_main_00005"},{"time":1.0666,"name":"ef_slash_dash_B_main/ef_slash_dash_B_main_00006"},{"time":1.1,"name":null}],"color":[{"time":0,"color":"ffffff00"},{"time":1.0333,"color":"ffffffff"},{"time":1.1,"color":"ffffff00"}]},"ef_slash_line_mian":{"attachment":[{"time":0,"name":null},{"time":1,"name":"ef_slash_line_mian/ef_slash_line_mian_00005"},{"time":1.4,"name":null}]},"ef_trunade_aura_main":{"attachment":[{"time":0.5,"name":"ef_trunade_aura_main/ef_trunade_aura_main_00001"},{"time":0.5333,"name":"ef_trunade_aura_main/ef_trunade_aura_main_00002"},{"time":0.5666,"name":"ef_trunade_aura_main/ef_trunade_aura_main_00003"},{"time":0.6,"name":"ef_trunade_aura_main/ef_trunade_aura_main_00004"},{"time":0.6333,"name":"ef_trunade_aura_main/ef_trunade_aura_main_00005"},{"time":0.6666,"name":"ef_trunade_aura_main/ef_trunade_aura_main_00006"},{"time":0.7,"name":"ef_trunade_aura_main/ef_trunade_aura_main_00007"},{"time":0.7333,"name":"ef_trunade_aura_main/ef_trunade_aura_main_00008"},{"time":0.7666,"name":null}],"color":[{"time":0,"color":"ffffff00"},{"time":0.5,"color":"ffffffff"},{"time":0.7666,"color":"ffffff00"}]}},"bones":{"ef_slash_bolt_main":{"rotate":[{"time":0,"angle":47.39,"curve":"stepped"},{"time":0.9333,"angle":47.39}],"translate":[{"time":0,"x":-1415.19,"y":-1354.87},{"time":0.9333,"x":-382.46,"y":-231.55,"curve":"stepped"},{"time":1.2,"x":-382.46,"y":-231.55},{"time":1.3333,"x":-1415.19,"y":-1354.87}],"scale":[{"time":0,"x":10.514,"y":0.141},{"time":0.9333,"x":3.177,"y":2.211,"curve":"stepped"},{"time":0.9666,"x":-9.023,"y":11.692,"curve":"stepped"},{"time":1.2333,"x":10.514,"y":0.141}]},"ef_hit_main_a":{"rotate":[{"time":0,"angle":-15},{"time":1.1,"angle":345}],"translate":[{"time":0,"x":-494.68,"y":-142.03,"curve":"stepped"},{"time":1.1,"x":-494.68,"y":-142.03}],"scale":[{"time":0,"x":3,"y":3},{"time":1.1,"x":0.5,"y":0.5,"curve":[0.213,0.59,0.75,1]},{"time":1.2666,"x":2,"y":2},{"time":1.3666,"x":3,"y":3}]},"ef_hit_main_b":{"rotate":[{"time":0,"angle":-15},{"time":1.1,"angle":345}],"translate":[{"time":0,"x":-494.68,"y":-41.55,"curve":"stepped"},{"time":1.1,"x":-494.68,"y":-41.55}],"scale":[{"time":0,"x":16.615,"y":16.615},{"time":1.1,"x":2,"y":2},{"time":1.2666,"x":3,"y":3},{"time":1.4,"x":16.615,"y":16.615}]},"ef_hit_main_a2":{"rotate":[{"time":0,"angle":-105},{"time":1.1,"angle":255}],"translate":[{"time":0,"x":-494.68,"y":-142.03,"curve":"stepped"},{"time":1.1,"x":-494.68,"y":-142.03}],"scale":[{"time":0,"x":3,"y":3},{"time":1.1,"x":0.5,"y":0.5,"curve":[0.213,0.59,0.75,1]},{"time":1.2666,"x":2,"y":2},{"time":1.3666,"x":3,"y":3}]},"ef_slash_dash_a":{"translate":[{"time":0,"x":-382.46,"y":-132.02,"curve":"stepped"},{"time":0.9,"x":-382.46,"y":-132.02}],"scale":[{"time":0,"x":7,"y":7},{"time":0.9,"x":3,"y":3,"curve":[0.627,0,0.306,0.97]},{"time":1.1,"x":7,"y":7}]},"ef_slash_dash_b":{"rotate":[{"time":0.9,"angle":-34,"curve":"stepped"},{"time":0.9333,"angle":0}],"translate":[{"time":0,"x":-323.04,"y":-62.96},{"time":0.9,"x":-284.48,"y":-132.57,"curve":"stepped"},{"time":0.9666,"x":-284.48,"y":-132.57},{"time":1.1,"x":-323.04,"y":-62.96}],"scale":[{"time":0,"x":7,"y":7},{"time":0.9,"x":3,"y":3,"curve":[0.627,0,0.306,0.97]},{"time":1.1,"x":7,"y":7}]},"ef_power_red":{"rotate":[{"time":0,"angle":47.85,"curve":"stepped"},{"time":1.1,"angle":47.85}],"translate":[{"time":0,"x":-295.19,"y":-46.27,"curve":"stepped"},{"time":1.1,"x":-295.19,"y":-46.27}],"scale":[{"time":0,"x":10,"y":10},{"time":1.1,"x":1,"y":1,"curve":[0.011,0.51,0.75,1]},{"time":1.4,"x":10,"y":10}]},"ef_slash_line_mian":{"rotate":[{"time":0,"angle":-42.52,"curve":"stepped"},{"time":1,"angle":-42.52}],"translate":[{"time":0,"x":-211.28,"y":155.43,"curve":"stepped"},{"time":1,"x":-211.28,"y":155.43}],"scale":[{"time":0,"x":0.002,"y":8.652},{"time":1,"x":5.358,"y":8.652},{"time":1.0333,"x":18.42,"y":8.652},{"time":1.0666,"x":1.182,"y":8.652},{"time":1.3666,"x":0.002,"y":8.652}]},"ef_OF_mian":{"rotate":[{"time":0,"angle":9.86,"curve":"stepped"},{"time":0.9666,"angle":9.86}],"translate":[{"time":0,"x":-295.88,"y":-342.12,"curve":"stepped"},{"time":0.9666,"x":-295.88,"y":-342.12}],"scale":[{"time":0,"x":3.466,"y":3.466,"curve":"stepped"},{"time":0.9666,"x":3.466,"y":3.466}]},"ef_OF_mian2":{"rotate":[{"time":0,"angle":-62.07,"curve":"stepped"},{"time":0.9666,"angle":-62.07}],"translate":[{"time":0,"x":-295.88,"y":-342.12,"curve":"stepped"},{"time":0.9666,"x":-295.88,"y":-342.12}],"scale":[{"time":0,"x":3.466,"y":3.466,"curve":"stepped"},{"time":0.9666,"x":3.466,"y":3.466}]},"ef_wind_main":{"rotate":[{"time":0,"angle":8.98},{"time":1.2333,"angle":0},{"time":2,"angle":22.97}],"translate":[{"time":0,"x":-794.11,"y":-244.99,"curve":"stepped"},{"time":1.2333,"x":-794.11,"y":-244.99}],"scale":[{"time":0,"x":7.99,"y":7.99},{"time":1.2333,"x":1,"y":1,"curve":[0.347,0.98,0.615,0.93]},{"time":1.9666,"x":10,"y":10}]},"ef_energy_sink_main_b":{"translate":[{"time":0,"x":-19.45,"y":60.92,"curve":"stepped"},{"time":0.7333,"x":-19.45,"y":60.92}],"scale":[{"time":0.7333,"x":3,"y":3},{"time":0.9333,"x":1,"y":1}]},"ef_shock_wave_main":{"translate":[{"time":0,"x":-394.62,"y":-342.02,"curve":"stepped"},{"time":1.2,"x":-394.62,"y":-342.02}],"scale":[{"time":0,"x":6.239,"y":6.239,"curve":"stepped"},{"time":1.2,"x":6.239,"y":6.239}]},"ef_wind_main2":{"rotate":[{"time":0,"angle":3.74},{"time":1.2333,"angle":0},{"time":2,"angle":9.55}],"translate":[{"time":0,"x":-794.11,"y":-244.99,"curve":"stepped"},{"time":1.2333,"x":-794.11,"y":-244.99}],"scale":[{"time":0,"x":4.866,"y":-4.866},{"time":1.2333,"x":1.5,"y":-1.5,"curve":[0.404,0.91,0.711,0.96]},{"time":2,"x":6.5,"y":-6.5}]},"ef_trunade_aura_main":{"translate":[{"time":0,"x":-234.11,"y":-269.98,"curve":"stepped"},{"time":0.5,"x":-234.11,"y":-269.98}],"scale":[{"time":0,"x":4,"y":4,"curve":"stepped"},{"time":0.5,"x":4,"y":4}]},"ef_wind_main3":{"rotate":[{"time":0,"angle":88.95},{"time":1.3333,"angle":87.23},{"time":2.3,"angle":95.53}],"translate":[{"time":0,"x":-794.39,"y":-242.05,"curve":"stepped"},{"time":1.3333,"x":-794.39,"y":-242.05}],"scale":[{"time":0,"x":-1.976,"y":2.874},{"time":1.3333,"x":-1,"y":1},{"time":2.3,"x":-5.718,"y":10.062}]}}},"2-skill3":{"slots":{"9010_S3_wind1":{"attachment":[{"time":3.3333,"name":"9010_S3_wind1/9010_S3_wind1_00002"},{"time":3.3666,"name":"9010_S3_wind1/9010_S3_wind1_00003"},{"time":3.4,"name":"9010_S3_wind1/9010_S3_wind1_00004"},{"time":3.4333,"name":"9010_S3_wind1/9010_S3_wind1_00005"},{"time":3.4666,"name":"9010_S3_wind1/9010_S3_wind1_00006"},{"time":3.5,"name":"9010_S3_wind1/9010_S3_wind1_00007"},{"time":3.5333,"name":"9010_S3_wind1/9010_S3_wind1_00008"},{"time":3.5666,"name":"9010_S3_wind1/9010_S3_wind1_00009"},{"time":3.6,"name":"9010_S3_wind1/9010_S3_wind1_00002"},{"time":3.6333,"name":"9010_S3_wind1/9010_S3_wind1_00003"},{"time":3.7,"name":"9010_S3_wind1/9010_S3_wind1_00004"},{"time":3.7666,"name":"9010_S3_wind1/9010_S3_wind1_00005"},{"time":3.8333,"name":"9010_S3_wind1/9010_S3_wind1_00006"},{"time":3.9,"name":"9010_S3_wind1/9010_S3_wind1_00007"},{"time":3.9666,"name":"9010_S3_wind1/9010_S3_wind1_00008"},{"time":4.0333,"name":"9010_S3_wind1/9010_S3_wind1_00009"},{"time":4.1,"name":"9010_S3_wind1/9010_S3_wind1_00002"},{"time":4.1666,"name":"9010_S3_wind1/9010_S3_wind1_00003"},{"time":4.2333,"name":"9010_S3_wind1/9010_S3_wind1_00004"},{"time":4.3,"name":"9010_S3_wind1/9010_S3_wind1_00005"},{"time":4.3666,"name":"9010_S3_wind1/9010_S3_wind1_00006"},{"time":4.4333,"name":"9010_S3_wind1/9010_S3_wind1_00007"},{"time":4.5,"name":"9010_S3_wind1/9010_S3_wind1_00008"},{"time":4.5666,"name":"9010_S3_wind1/9010_S3_wind1_00009"},{"time":4.6,"name":null}],"color":[{"time":3.6333,"color":"ffffffff","curve":[0.85,0.07,0.626,0.98]},{"time":4.6,"color":"ffffff00"}]},"9010_S3_wind2":{"attachment":[{"time":3.3333,"name":"9010_S3_wind1/9010_S3_wind1_00002"},{"time":3.3666,"name":"9010_S3_wind1/9010_S3_wind1_00003"},{"time":3.4,"name":"9010_S3_wind1/9010_S3_wind1_00004"},{"time":3.4333,"name":"9010_S3_wind1/9010_S3_wind1_00005"},{"time":3.4666,"name":"9010_S3_wind1/9010_S3_wind1_00006"},{"time":3.5,"name":"9010_S3_wind1/9010_S3_wind1_00007"},{"time":3.5333,"name":"9010_S3_wind1/9010_S3_wind1_00008"},{"time":3.5666,"name":"9010_S3_wind1/9010_S3_wind1_00009"},{"time":3.6,"name":"9010_S3_wind1/9010_S3_wind1_00002"},{"time":3.6333,"name":"9010_S3_wind1/9010_S3_wind1_00003"},{"time":3.6666,"name":"9010_S3_wind1/9010_S3_wind1_00004"},{"time":3.7,"name":"9010_S3_wind1/9010_S3_wind1_00005"},{"time":3.7666,"name":"9010_S3_wind1/9010_S3_wind1_00006"},{"time":3.8333,"name":"9010_S3_wind1/9010_S3_wind1_00007"},{"time":3.9333,"name":"9010_S3_wind1/9010_S3_wind1_00008"},{"time":4.0333,"name":"9010_S3_wind1/9010_S3_wind1_00009"},{"time":4.1666,"name":null}],"color":[{"time":3.3333,"color":"ffffffff","curve":[0.772,0.02,0.468,0.9]},{"time":4.1666,"color":"ffffff00"}]},"9010_S3_wind3":{"attachment":[{"time":3.4666,"name":"9010_S3_wind1/9010_S3_wind1_00002"},{"time":3.5,"name":"9010_S3_wind1/9010_S3_wind1_00003"},{"time":3.5333,"name":"9010_S3_wind1/9010_S3_wind1_00004"},{"time":3.5666,"name":"9010_S3_wind1/9010_S3_wind1_00005"},{"time":3.6,"name":"9010_S3_wind1/9010_S3_wind1_00006"},{"time":3.6333,"name":"9010_S3_wind1/9010_S3_wind1_00007"},{"time":3.6666,"name":"9010_S3_wind1/9010_S3_wind1_00008"},{"time":3.7,"name":"9010_S3_wind1/9010_S3_wind1_00009"},{"time":3.7333,"name":"9010_S3_wind1/9010_S3_wind1_00002"},{"time":3.7666,"name":"9010_S3_wind1/9010_S3_wind1_00003"},{"time":3.8,"name":"9010_S3_wind1/9010_S3_wind1_00004"},{"time":3.8333,"name":"9010_S3_wind1/9010_S3_wind1_00005"},{"time":3.8666,"name":"9010_S3_wind1/9010_S3_wind1_00006"},{"time":3.9,"name":"9010_S3_wind1/9010_S3_wind1_00007"},{"time":3.9333,"name":"9010_S3_wind1/9010_S3_wind1_00008"},{"time":3.9666,"name":"9010_S3_wind1/9010_S3_wind1_00009"},{"time":4,"name":"9010_S3_wind1/9010_S3_wind1_00002"},{"time":4.0333,"name":"9010_S3_wind1/9010_S3_wind1_00003"},{"time":4.1,"name":"9010_S3_wind1/9010_S3_wind1_00004"},{"time":4.1666,"name":"9010_S3_wind1/9010_S3_wind1_00005"},{"time":4.2333,"name":"9010_S3_wind1/9010_S3_wind1_00006"},{"time":4.3,"name":"9010_S3_wind1/9010_S3_wind1_00007"},{"time":4.3666,"name":"9010_S3_wind1/9010_S3_wind1_00008"},{"time":4.4333,"name":"9010_S3_wind1/9010_S3_wind1_00009"},{"time":4.4666,"name":null}],"color":[{"time":3.8333,"color":"ffffffff","curve":[0.25,0,0.75,1]},{"time":4.4333,"color":"ffffff00"}]},"ef_OF_mian":{"attachment":[{"time":2.5,"name":"ef_OF_mian/ef_OF_mian_00001"},{"time":2.5333,"name":"ef_OF_mian/ef_OF_mian_00002"},{"time":2.5666,"name":"ef_OF_mian/ef_OF_mian_00003"},{"time":2.6,"name":"ef_OF_mian/ef_OF_mian_00004"},{"time":2.6333,"name":"ef_OF_mian/ef_OF_mian_00005"},{"time":2.6666,"name":null},{"time":3.2,"name":"ef_OF_mian/ef_OF_mian_00001"},{"time":3.2333,"name":null}]},"ef_energy_sink_main_b":{"attachment":[{"time":3.0333,"name":"ef_energy_sink_main 2/ef_energy_sink_main 2_00013"},{"time":3.0666,"name":"ef_energy_sink_main 2/ef_energy_sink_main 2_00016"},{"time":3.1,"name":"ef_energy_sink_main 2/ef_energy_sink_main 2_00018"},{"time":3.1333,"name":"ef_energy_sink_main 2/ef_energy_sink_main 2_00019"},{"time":3.1666,"name":"ef_energy_sink_main 2/ef_energy_sink_main 2_00020"},{"time":3.2,"name":null}]},"ef_hit_main_a":{"attachment":[{"time":3.2666,"name":"ef_hit_main_b/ef_hit_main 2_00001"},{"time":3.3,"name":"ef_hit_main_b/ef_hit_main 2_00005"},{"time":3.3333,"name":"ef_hit_main_b/ef_hit_main 2_00006"},{"time":3.3666,"name":"ef_hit_main_b/ef_hit_main 2_00007"},{"time":3.4,"name":"ef_hit_main_b/ef_hit_main 2_00008"},{"time":3.4333,"name":null}]},"ef_hit_main_a2":{"attachment":[{"time":3.2666,"name":"ef_hit_main_b/ef_hit_main 2_00001"},{"time":3.3,"name":"ef_hit_main_b/ef_hit_main 2_00005"},{"time":3.3333,"name":"ef_hit_main_b/ef_hit_main 2_00006"},{"time":3.3666,"name":"ef_hit_main_b/ef_hit_main 2_00007"},{"time":3.4,"name":"ef_hit_main_b/ef_hit_main 2_00008"},{"time":3.4333,"name":null}]},"ef_hit_main_b":{"attachment":[{"time":3.2666,"name":"ef_hit_main_c/ef_hit_main 3_00001"},{"time":3.3,"name":"ef_hit_main_c/ef_hit_main 3_00002"},{"time":3.3333,"name":"ef_hit_main_c/ef_hit_main 3_00003"},{"time":3.3666,"name":"ef_hit_main_c/ef_hit_main 3_00004"},{"time":3.4,"name":"ef_hit_main_c/ef_hit_main 3_00005"},{"time":3.4333,"name":"ef_hit_main_c/ef_hit_main 3_00006"},{"time":3.4666,"name":null}]},"ef_power_red":{"attachment":[{"time":3.2666,"name":"ef_power_red/ef_power_red_00001"},{"time":3.3,"name":"ef_power_red/ef_power_red_00002"},{"time":3.3333,"name":"ef_power_red/ef_power_red_00003"},{"time":3.3666,"name":"ef_power_red/ef_power_red_00004"},{"time":3.4,"name":"ef_power_red/ef_power_red_00005"},{"time":3.4333,"name":"ef_power_red/ef_power_red_00006"},{"time":3.4666,"name":"ef_power_red/ef_power_red_00007"},{"time":3.5,"name":"ef_power_red/ef_power_red_00008"},{"time":3.5333,"name":"ef_power_red/ef_power_red_00009"},{"time":3.5666,"name":"ef_power_red/ef_power_red_00010"},{"time":3.6,"name":null}]},"ef_power_red2":{"attachment":[{"time":3.2666,"name":"ef_power_red/ef_power_red_00001"},{"time":3.3,"name":"ef_power_red/ef_power_red_00002"},{"time":3.3333,"name":"ef_power_red/ef_power_red_00003"},{"time":3.3666,"name":"ef_power_red/ef_power_red_00004"},{"time":3.4,"name":"ef_power_red/ef_power_red_00005"},{"time":3.4333,"name":"ef_power_red/ef_power_red_00006"},{"time":3.4666,"name":"ef_power_red/ef_power_red_00007"},{"time":3.5,"name":"ef_power_red/ef_power_red_00008"},{"time":3.5333,"name":"ef_power_red/ef_power_red_00009"},{"time":3.5666,"name":"ef_power_red/ef_power_red_00010"},{"time":3.7,"name":null}],"color":[{"time":3.5666,"color":"ffffffff"},{"time":3.7,"color":"ffffff00"}]},"ef_shock_wave_main":{"attachment":[{"time":3.2666,"name":"ef_shock_wave_main/ef_shock_wave_main_00001"},{"time":3.3,"name":"ef_shock_wave_main/ef_shock_wave_main_00002"},{"time":3.3333,"name":"ef_shock_wave_main/ef_shock_wave_main_00003"},{"time":3.3666,"name":"ef_shock_wave_main/ef_shock_wave_main_00004"},{"time":3.4,"name":"ef_shock_wave_main/ef_shock_wave_main_00005"},{"time":3.4333,"name":"ef_shock_wave_main/ef_shock_wave_main_00007"},{"time":3.4666,"name":"ef_shock_wave_main/ef_shock_wave_main_00009"},{"time":3.5,"name":"ef_shock_wave_main/ef_shock_wave_main_00010"},{"time":3.5333,"name":"ef_shock_wave_main/ef_shock_wave_main_00011"},{"time":3.6333,"name":null}]},"ef_shock_wave_main2":{"attachment":[{"time":3.3333,"name":"ef_shock_wave_main/ef_shock_wave_main_00001"},{"time":3.3666,"name":"ef_shock_wave_main/ef_shock_wave_main_00002"},{"time":3.4,"name":"ef_shock_wave_main/ef_shock_wave_main_00003"},{"time":3.4333,"name":"ef_shock_wave_main/ef_shock_wave_main_00004"},{"time":3.4666,"name":"ef_shock_wave_main/ef_shock_wave_main_00005"},{"time":3.5,"name":"ef_shock_wave_main/ef_shock_wave_main_00007"},{"time":3.5333,"name":"ef_shock_wave_main/ef_shock_wave_main_00009"},{"time":3.5666,"name":"ef_shock_wave_main/ef_shock_wave_main_00010"},{"time":3.6,"name":"ef_shock_wave_main/ef_shock_wave_main_00011"},{"time":3.7,"name":null}]},"ef_shock_wave_main3":{"attachment":[{"time":3.4,"name":"ef_shock_wave_main/ef_shock_wave_main_00001"},{"time":3.4333,"name":"ef_shock_wave_main/ef_shock_wave_main_00002"},{"time":3.4666,"name":"ef_shock_wave_main/ef_shock_wave_main_00003"},{"time":3.5,"name":"ef_shock_wave_main/ef_shock_wave_main_00004"},{"time":3.5333,"name":"ef_shock_wave_main/ef_shock_wave_main_00005"},{"time":3.5666,"name":"ef_shock_wave_main/ef_shock_wave_main_00006"},{"time":3.6,"name":"ef_shock_wave_main/ef_shock_wave_main_00007"},{"time":3.6333,"name":"ef_shock_wave_main/ef_shock_wave_main_00008"},{"time":3.6666,"name":"ef_shock_wave_main/ef_shock_wave_main_00009"},{"time":3.7,"name":"ef_shock_wave_main/ef_shock_wave_main_00010"},{"time":3.7333,"name":"ef_shock_wave_main/ef_shock_wave_main_00011"},{"time":3.7666,"name":null}]},"ef_slash_bolt_main":{"attachment":[{"time":2.5333,"name":"ef_slash_bolt_main/ef_slash_bolt_main_00002"},{"time":2.5666,"name":"ef_slash_bolt_main/ef_slash_bolt_main_00005"},{"time":3.4333,"name":null}],"color":[{"time":3.1,"color":"ffffffff"},{"time":3.4333,"color":"ffffff00"}]},"ef_slash_bolt_main2":{"attachment":[{"time":3.2333,"name":"ef_slash_bolt_main/ef_slash_bolt_main_00002"},{"time":3.2666,"name":"ef_slash_bolt_main/ef_slash_bolt_main_00005"},{"time":4.1333,"name":null}],"color":[{"time":3.5333,"color":"ffffffff"},{"time":4.1333,"color":"ffffff00"}]},"ef_slash_line_mian":{"attachment":[{"time":2.8333,"name":"ef_slash_line_mian/ef_slash_line_mian_00005"},{"time":2.9666,"name":null},{"time":3.6,"name":"ef_slash_line_mian/ef_slash_line_mian_00005"},{"time":3.7333,"name":null}]},"ef_trunade_aura_main":{"attachment":[{"time":2.5333,"name":"ef_trunade_aura_main/ef_trunade_aura_main_00001"},{"time":2.5666,"name":"ef_trunade_aura_main/ef_trunade_aura_main_00002"},{"time":2.6,"name":"ef_trunade_aura_main/ef_trunade_aura_main_00004"},{"time":2.6333,"name":"ef_trunade_aura_main/ef_trunade_aura_main_00006"},{"time":2.6666,"name":"ef_trunade_aura_main/ef_trunade_aura_main_00008"},{"time":2.7,"name":"ef_trunade_aura_main/ef_trunade_aura_main_00010"},{"time":2.7333,"name":"ef_trunade_aura_main/ef_trunade_aura_main_00014"},{"time":2.7666,"name":"ef_trunade_aura_main/ef_trunade_aura_main_00015"},{"time":2.8,"name":null},{"time":3.2333,"name":"ef_trunade_aura_main/ef_trunade_aura_main_00001"},{"time":3.2666,"name":"ef_trunade_aura_main/ef_trunade_aura_main_00002"},{"time":3.3,"name":"ef_trunade_aura_main/ef_trunade_aura_main_00004"},{"time":3.3333,"name":"ef_trunade_aura_main/ef_trunade_aura_main_00006"},{"time":3.3666,"name":"ef_trunade_aura_main/ef_trunade_aura_main_00008"},{"time":3.4,"name":"ef_trunade_aura_main/ef_trunade_aura_main_00010"},{"time":3.4333,"name":"ef_trunade_aura_main/ef_trunade_aura_main_00012"},{"time":3.4666,"name":"ef_trunade_aura_main/ef_trunade_aura_main_00001"},{"time":3.5,"name":"ef_trunade_aura_main/ef_trunade_aura_main_00002"},{"time":3.5333,"name":"ef_trunade_aura_main/ef_trunade_aura_main_00006"},{"time":3.5666,"name":"ef_trunade_aura_main/ef_trunade_aura_main_00008"},{"time":3.6,"name":"ef_trunade_aura_main/ef_trunade_aura_main_00010"},{"time":3.6333,"name":"ef_trunade_aura_main/ef_trunade_aura_main_00014"},{"time":3.6666,"name":"ef_trunade_aura_main/ef_trunade_aura_main_00001"},{"time":3.7,"name":"ef_trunade_aura_main/ef_trunade_aura_main_00002"},{"time":3.7333,"name":"ef_trunade_aura_main/ef_trunade_aura_main_00004"},{"time":3.7666,"name":"ef_trunade_aura_main/ef_trunade_aura_main_00006"},{"time":3.8,"name":"ef_trunade_aura_main/ef_trunade_aura_main_00008"},{"time":3.8333,"name":null}],"color":[{"time":3.6666,"color":"ffffffff","curve":[0.213,0.57,0.336,0.98]},{"time":3.8333,"color":"ffffff00"}]}},"bones":{"ef_hit_main_b":{"rotate":[{"time":3.2666,"angle":103.94}],"translate":[{"time":3.2666,"x":-696.61,"y":-5.07}],"scale":[{"time":3.2666,"x":4.967,"y":4.967},{"time":3.4666,"x":7.401,"y":7.401}]},"ef_hit_main_a":{"rotate":[{"time":3.2666,"angle":13.77}],"translate":[{"time":3.2666,"x":-696.51,"y":-105.11}],"scale":[{"time":3.2666,"x":1,"y":1},{"time":3.3333,"x":3.972,"y":3.322},{"time":3.4,"x":3.328,"y":1}]},"ef_hit_main_a2":{"rotate":[{"time":3.2666,"angle":104.44}],"translate":[{"time":3.2666,"x":-696.51,"y":-105.11}],"scale":[{"time":3.2666,"x":1,"y":1},{"time":3.3333,"x":3.972,"y":3.322},{"time":3.4,"x":3.328,"y":1}]},"ef_shock_wave_main":{"translate":[{"time":3.2666,"x":-596.68,"y":-305.12}],"scale":[{"time":3.2666,"x":1,"y":1,"curve":[0.433,0.68,0.717,0.8]},{"time":3.6333,"x":10,"y":10}]},"ef_shock_wave_main2":{"rotate":[{"time":3.3333,"angle":37.9}],"translate":[{"time":3.3333,"x":-597,"y":-305}],"scale":[{"time":3.3333,"x":-1,"y":1,"curve":[0.565,0.25,0.717,0.8]},{"time":3.7,"x":-6,"y":6}]},"ef_shock_wave_main3":{"rotate":[{"time":3.4,"angle":27.84}],"translate":[{"time":3.4,"x":-597,"y":-305}],"scale":[{"time":3.4,"x":-1,"y":1,"curve":[0.572,0.11,0.295,0.99]},{"time":3.7666,"x":-6,"y":6}]},"ef_power_red":{"translate":[{"time":3.2666,"x":-496.51,"y":-5.19}],"scale":[{"time":3.2666,"x":1,"y":1},{"time":3.6,"x":7,"y":7}]},"ef_slash_bolt_main":{"rotate":[{"time":2.5333,"angle":-76.38}],"translate":[{"time":2.5333,"x":-594.38,"y":-219.23}],"scale":[{"time":2.5333,"x":3.012,"y":1},{"time":2.5666,"x":-5.387,"y":17.472},{"time":2.6,"x":-5.387,"y":1.468},{"time":2.6666,"x":-5.387,"y":2.981},{"time":2.8333,"x":-5.387,"y":0.291}]},"ef_slash_bolt_main2":{"rotate":[{"time":3.2333,"angle":77.48}],"translate":[{"time":3.2333,"x":-565.92,"y":-69.42}],"scale":[{"time":3.2333,"x":3.012,"y":1},{"time":3.2666,"x":-6.25,"y":14.591},{"time":3.3,"x":-5.387,"y":0.738},{"time":3.3333,"x":-5.387,"y":4.607},{"time":3.3666,"x":-5.387,"y":2.981},{"time":3.5333,"x":-5.387,"y":0.291}]},"ef_energy_sink_main_b":{"rotate":[{"time":3.0333,"angle":-21.79}],"translate":[{"time":3.0333,"x":-305.96,"y":114.57}],"scale":[{"time":3.0333,"x":3,"y":3},{"time":3.2,"x":1,"y":1}]},"ef_OF_mian":{"translate":[{"time":2.5,"x":-480.11,"y":-351.55,"curve":"stepped"},{"time":3.2,"x":-386.88,"y":0.24}],"scale":[{"time":2.5,"x":3,"y":3},{"time":2.6666,"x":5,"y":5,"curve":"stepped"},{"time":3.2,"x":3,"y":3}]},"ef_trunade_aura_main":{"rotate":[{"time":2.5333,"angle":11.23,"curve":"stepped"},{"time":3.2333,"angle":163.68,"curve":"stepped"},{"time":3.4666,"angle":-11.47}],"translate":[{"time":2.5333,"x":-596.3,"y":-351.8,"curve":"stepped"},{"time":3.2333,"x":-503.05,"y":-249.56,"curve":"stepped"},{"time":3.4666,"x":-526.64,"y":-365.94}],"scale":[{"time":2.5333,"x":3.691,"y":2.662,"curve":"stepped"},{"time":3.2333,"x":3.691,"y":4.576,"curve":"stepped"},{"time":3.4666,"x":-3.69,"y":2.662,"curve":"stepped"},{"time":3.6666,"x":3.691,"y":2.662}]},"ef_power_red2":{"translate":[{"time":3.2666,"x":-496.65,"y":-5.21}],"scale":[{"time":3.2666,"x":0.5,"y":0.5,"curve":[0.488,0.01,0.874,0.36]},{"time":3.7,"x":15,"y":15}]},"ef_slash_line_mian":{"rotate":[{"time":2.8333,"angle":13.77,"curve":"stepped"},{"time":3.6,"angle":-12.44}],"translate":[{"time":2.8333,"x":-316.96,"y":-1157.08},{"time":2.9666,"x":-842.69,"y":988.84,"curve":"stepped"},{"time":3.6,"x":-407.92,"y":843.43},{"time":3.7333,"x":-833.42,"y":-1087.6}],"scale":[{"time":2.8333,"x":1,"y":1},{"time":2.9,"x":4.209,"y":6.328},{"time":2.9666,"x":1,"y":1,"curve":"stepped"},{"time":3.6,"x":1,"y":1},{"time":3.6666,"x":6.262,"y":6.328},{"time":3.7333,"x":1,"y":1}]},"ef_wind_main":{"rotate":[{"time":3.3333,"angle":0,"curve":[0.25,0,0.75,1]},{"time":4.6,"angle":23.54}],"translate":[{"time":3.3333,"x":-997.17,"y":-205.3}],"scale":[{"time":3.3333,"x":2.132,"y":2.132,"curve":[0.333,0.49,0.34,0.78]},{"time":4.6,"x":14,"y":14}]},"ef_wind_main2":{"rotate":[{"time":3.3333,"angle":66.08}],"translate":[{"time":3.3333,"x":-996.19,"y":-206.05}],"scale":[{"time":3.3333,"x":1,"y":1,"curve":[0.425,0.64,0.764,0.84]},{"time":4.1666,"x":14.5,"y":14.5}]},"ef_wind_main3":{"rotate":[{"time":3.4666,"angle":87.23},{"time":4.4333,"angle":95.53}],"translate":[{"time":3.4666,"x":-996.8,"y":-208.5}],"scale":[{"time":3.4666,"x":-1.5,"y":1.5,"curve":[0.483,0.87,0.75,1]},{"time":4.4333,"x":-5.718,"y":10.062}]}}},"empty":{}}}