{"skeleton":{"hash":"4kfINi7EULpE+d3LcQU7pBGcENE","spine":"3.0.12","width":0,"height":0},"bones":[{"name":"root"},{"name":"MAIN","parent":"root","y":65,"rotation":-0.01}],"slots":[{"name":"MAIN","bone":"MAIN","attachment":"idle_00"}],"skins":{"default":{"MAIN":{"idle_00":{"x":-8.4,"y":1.41,"rotation":0.34,"width":500,"height":500},"idle_01":{"x":-8.4,"y":1.41,"rotation":0.34,"width":500,"height":500},"idle_02":{"x":-8.4,"y":1.41,"rotation":0.34,"width":500,"height":500},"idle_03":{"x":-8.4,"y":1.41,"rotation":0.34,"width":500,"height":500}}}},"events":{"Event":{},"Event2":{},"hit":{}},"animations":{"idle":{"slots":{"MAIN":{"attachment":[{"time":0,"name":"idle_00"},{"time":0.2666,"name":"idle_01"},{"time":0.5,"name":"idle_02"},{"time":0.7666,"name":"idle_03"},{"time":1,"name":"idle_00"}]}}}}}