{"skeleton":{"hash":"La8T3xnbwKyJ5l1K6AjPw2ngGJY","spine":"3.0.12","width":898,"height":768,"images":"./images/"},"bones":[{"name":"root"},{"name":"MAIN","parent":"root"},{"name":"Boundingbox","parent":"root"}],"slots":[{"name":"01","bone":"MAIN","attachment":"01"},{"name":"02","bone":"MAIN","attachment":"02"},{"name":"face_1","bone":"MAIN","attachment":"face_1"},{"name":"Boundingbox","bone":"Boundingbox"}],"skins":{"default":{"01":{"01":{"x":4.5,"y":316.5,"width":757,"height":393}},"02":{"02":{"x":-344,"y":700.5,"width":342,"height":375}},"Boundingbox":{"Boundingbox":{"type":"boundingbox","vertices":[-83.71734,-89.28702,134.33229,-88.58702,133.63231,123.03765,-84.06735,123.03765]}},"face_1":{"face_1":{"x":25,"y":668,"width":336,"height":310},"face_2":{"x":25,"y":668,"width":336,"height":310},"face_3":{"x":25,"y":668,"width":336,"height":310}}}},"animations":{"1":{"slots":{"01":{"attachment":[{"time":0,"name":"01"}]},"02":{"attachment":[{"time":0,"name":"02"}]},"Boundingbox":{"attachment":[{"time":0,"name":null}]},"face_1":{"attachment":[{"time":0,"name":"face_1"}]}}},"2":{"slots":{"01":{"attachment":[{"time":0,"name":"01"}]},"02":{"attachment":[{"time":0,"name":"02"}]},"Boundingbox":{"attachment":[{"time":0,"name":null}]},"face_1":{"attachment":[{"time":0,"name":"face_2"}]}}},"3":{"slots":{"01":{"attachment":[{"time":0,"name":"01"}]},"02":{"attachment":[{"time":0,"name":"02"}]},"Boundingbox":{"attachment":[{"time":0,"name":null}]},"face_1":{"attachment":[{"time":0,"name":"face_3"}]}}},"window-1":{"slots":{"01":{"attachment":[{"time":0,"name":"01"}]},"02":{"attachment":[{"time":0,"name":"02"}]},"Boundingbox":{"attachment":[{"time":0,"name":"Boundingbox"}]},"face_1":{"attachment":[{"time":0,"name":"face_1"}]}},"bones":{"Boundingbox":{"translate":[{"time":0,"x":-36.27,"y":554.5}]},"MAIN":{"scale":[{"time":0,"x":0.95,"y":0.95}]}}},"window-2":{"slots":{"01":{"attachment":[{"time":0,"name":"01"}]},"02":{"attachment":[{"time":0,"name":"02"}]},"Boundingbox":{"attachment":[{"time":0,"name":"Boundingbox"}]},"face_1":{"attachment":[{"time":0,"name":"face_2"}]}},"bones":{"Boundingbox":{"translate":[{"time":0,"x":-36.27,"y":554.5}]},"MAIN":{"scale":[{"time":0,"x":0.95,"y":0.95}]}}},"window-3":{"slots":{"01":{"attachment":[{"time":0,"name":"01"}]},"02":{"attachment":[{"time":0,"name":"02"}]},"Boundingbox":{"attachment":[{"time":0,"name":"Boundingbox"}]},"face_1":{"attachment":[{"time":0,"name":"face_3"}]}},"bones":{"Boundingbox":{"translate":[{"time":0,"x":-36.27,"y":554.5}]},"MAIN":{"scale":[{"time":0,"x":0.95,"y":0.95}]}}}}}