{"skeleton":{"hash":"EeWHmmZik+KfCRLynNcs5P32Ip4","spine":"3.0.12","width":512,"height":512},"bones":[{"name":"root"},{"name":"ef","parent":"root"},{"name":"ef_smash_sprash","parent":"ef","x":-250},{"name":"ef_smash_attack","parent":"ef","x":-200},{"name":"ef_rot_wave_green","parent":"ef","x":-50},{"name":"ef_graund_wave","parent":"ef"},{"name":"ef_charge2","parent":"ef","x":-100},{"name":"ef_charge","parent":"ef","x":-100},{"name":"ef_OF","parent":"ef","x":-150},{"name":"S1_wave_green","parent":"ef","x":-300},{"name":"YA","parent":"root"},{"name":"MAIN","parent":"root","y":70},{"name":"YA2","parent":"MAIN","y":-70},{"name":"HITBOX","parent":"MAIN","y":-70},{"name":"DAMAGEAREA","parent":"root"},{"name":"skill_ef","parent":"MAIN"}],"slots":[{"name":"EF/0h/s1_ef_graund_wave_main/ef_graund_wave_main_00001","bone":"ef_graund_wave","blend":"additive"},{"name":"EF/0h/s2_ef_rot_wave_green/ef_rot_wave_green_00001","bone":"ef_rot_wave_green","blend":"additive"},{"name":"EF/0h/s2_ef_rot_wave_green/ef_rot_wave_green_1","bone":"ef_rot_wave_green","blend":"additive"},{"name":"MAIN","bone":"MAIN","attachment":"idle_00"},{"name":"YA2","bone":"YA2"},{"name":"YA","bone":"YA"},{"name":"skill1_10_ef","bone":"skill_ef"},{"name":"EF/0h/A_ef_smash_attack_main/ef_smash_attack_main_00001","bone":"ef_smash_attack","blend":"additive"},{"name":"ef_smash_sprash","bone":"ef_smash_sprash","blend":"additive"},{"name":"EF/0h/A_wave_green/10119_S1_wave_green_00001","bone":"S1_wave_green","blend":"additive"},{"name":"ef_OF","bone":"ef_OF","blend":"additive"},{"name":"EF/0h/s1_ef_charge_main/ef_charge_main_00001","bone":"ef_charge","blend":"additive"},{"name":"EF/0h/s1_ef_charge_main/ef_charge_main_1","bone":"ef_charge2","blend":"additive"},{"name":"DAMAGEAREA","bone":"DAMAGEAREA"},{"name":"HITBOX","bone":"HITBOX","attachment":"HITBOX"}],"skins":{"default":{"DAMAGEAREA":{"DAMAGEAREA":{"type":"boundingbox","vertices":[-63.66835,-63.89298,64.09553,-63.89298,64.09553,63.19494,-63.66835,63.87095]}},"EF/0h/A_ef_smash_attack_main/ef_smash_attack_main_00001":{"EF/0h/A_ef_smash_attack_main/ef_smash_attack_main_00001":{"width":240,"height":320},"EF/0h/A_ef_smash_attack_main/ef_smash_attack_main_00002":{"width":240,"height":320},"EF/0h/A_ef_smash_attack_main/ef_smash_attack_main_00003":{"width":240,"height":320},"EF/0h/A_ef_smash_attack_main/ef_smash_attack_main_00004":{"width":240,"height":320}},"EF/0h/A_wave_green/10119_S1_wave_green_00001":{"EF/0h/A_wave_green/10119_S1_wave_green_00001":{"width":250,"height":250},"EF/0h/A_wave_green/10119_S1_wave_green_00002":{"width":250,"height":250},"EF/0h/A_wave_green/10119_S1_wave_green_00003":{"width":250,"height":250}},"EF/0h/s1_ef_charge_main/ef_charge_main_00001":{"EF/0h/s1_ef_charge_main/ef_charge_main_00001":{"width":320,"height":320},"EF/0h/s1_ef_charge_main/ef_charge_main_00002":{"width":320,"height":320},"EF/0h/s1_ef_charge_main/ef_charge_main_00003":{"width":320,"height":320},"EF/0h/s1_ef_charge_main/ef_charge_main_00004":{"width":320,"height":320},"EF/0h/s1_ef_charge_main/ef_charge_main_00005":{"width":320,"height":320},"EF/0h/s1_ef_charge_main/ef_charge_main_00006":{"width":320,"height":320},"EF/0h/s1_ef_charge_main/ef_charge_main_00007":{"width":320,"height":320},"EF/0h/s1_ef_charge_main/ef_charge_main_00008":{"width":320,"height":320},"EF/0h/s1_ef_charge_main/ef_charge_main_00009":{"width":320,"height":320},"EF/0h/s1_ef_charge_main/ef_charge_main_00010":{"width":320,"height":320},"EF/0h/s1_ef_charge_main/ef_charge_main_00011":{"width":320,"height":320},"EF/0h/s1_ef_charge_main/ef_charge_main_00012":{"width":320,"height":320},"EF/0h/s1_ef_charge_main/ef_charge_main_00013":{"width":320,"height":320},"EF/0h/s1_ef_charge_main/ef_charge_main_00014":{"width":320,"height":320}},"EF/0h/s1_ef_charge_main/ef_charge_main_1":{"EF/0h/s1_ef_charge_main/ef_charge_main_00001":{"width":320,"height":320},"EF/0h/s1_ef_charge_main/ef_charge_main_00002":{"width":320,"height":320},"EF/0h/s1_ef_charge_main/ef_charge_main_00003":{"width":320,"height":320},"EF/0h/s1_ef_charge_main/ef_charge_main_00004":{"width":320,"height":320},"EF/0h/s1_ef_charge_main/ef_charge_main_00005":{"width":320,"height":320},"EF/0h/s1_ef_charge_main/ef_charge_main_00006":{"width":320,"height":320},"EF/0h/s1_ef_charge_main/ef_charge_main_00007":{"width":320,"height":320},"EF/0h/s1_ef_charge_main/ef_charge_main_00008":{"width":320,"height":320},"EF/0h/s1_ef_charge_main/ef_charge_main_00009":{"width":320,"height":320},"EF/0h/s1_ef_charge_main/ef_charge_main_00010":{"width":320,"height":320},"EF/0h/s1_ef_charge_main/ef_charge_main_00011":{"width":320,"height":320},"EF/0h/s1_ef_charge_main/ef_charge_main_00012":{"width":320,"height":320},"EF/0h/s1_ef_charge_main/ef_charge_main_00013":{"width":320,"height":320},"EF/0h/s1_ef_charge_main/ef_charge_main_00014":{"width":320,"height":320}},"EF/0h/s1_ef_graund_wave_main/ef_graund_wave_main_00001":{"EF/0h/s1_ef_graund_wave_main/ef_graund_wave_main_00001":{"y":18.7,"width":400,"height":240},"EF/0h/s1_ef_graund_wave_main/ef_graund_wave_main_00002":{"y":18.7,"width":400,"height":240},"EF/0h/s1_ef_graund_wave_main/ef_graund_wave_main_00003":{"y":18.7,"width":400,"height":240},"EF/0h/s1_ef_graund_wave_main/ef_graund_wave_main_00004":{"y":18.7,"width":400,"height":240},"EF/0h/s1_ef_graund_wave_main/ef_graund_wave_main_00005":{"y":18.7,"width":400,"height":240},"EF/0h/s1_ef_graund_wave_main/ef_graund_wave_main_00006":{"y":18.7,"width":400,"height":240},"EF/0h/s1_ef_graund_wave_main/ef_graund_wave_main_00007":{"y":18.7,"width":400,"height":240},"EF/0h/s1_ef_graund_wave_main/ef_graund_wave_main_00008":{"y":18.7,"width":400,"height":240},"EF/0h/s1_ef_graund_wave_main/ef_graund_wave_main_00009":{"y":18.7,"width":400,"height":240},"EF/0h/s1_ef_graund_wave_main/ef_graund_wave_main_00010":{"y":18.7,"width":400,"height":240},"EF/0h/s1_ef_graund_wave_main/ef_graund_wave_main_00011":{"y":18.7,"width":400,"height":240},"EF/0h/s1_ef_graund_wave_main/ef_graund_wave_main_00012":{"y":18.7,"width":400,"height":240},"EF/0h/s1_ef_graund_wave_main/ef_graund_wave_main_00013":{"y":18.7,"width":400,"height":240}},"EF/0h/s2_ef_rot_wave_green/ef_rot_wave_green_00001":{"EF/0h/s2_ef_rot_wave_green/ef_rot_wave_green_00001":{"y":18.07,"width":399,"height":190},"EF/0h/s2_ef_rot_wave_green/ef_rot_wave_green_00002":{"y":18.07,"width":399,"height":190},"EF/0h/s2_ef_rot_wave_green/ef_rot_wave_green_00003":{"y":18.07,"width":399,"height":190},"EF/0h/s2_ef_rot_wave_green/ef_rot_wave_green_00004":{"y":18.07,"width":399,"height":190},"EF/0h/s2_ef_rot_wave_green/ef_rot_wave_green_00005":{"y":18.07,"width":399,"height":190},"EF/0h/s2_ef_rot_wave_green/ef_rot_wave_green_00006":{"y":18.07,"width":399,"height":190},"EF/0h/s2_ef_rot_wave_green/ef_rot_wave_green_00007":{"y":18.07,"width":399,"height":190},"EF/0h/s2_ef_rot_wave_green/ef_rot_wave_green_00008":{"y":18.07,"width":399,"height":190},"EF/0h/s2_ef_rot_wave_green/ef_rot_wave_green_00009":{"y":18.07,"width":399,"height":190},"EF/0h/s2_ef_rot_wave_green/ef_rot_wave_green_00010":{"y":18.07,"width":399,"height":190},"EF/0h/s2_ef_rot_wave_green/ef_rot_wave_green_00011":{"y":18.07,"width":399,"height":190},"EF/0h/s2_ef_rot_wave_green/ef_rot_wave_green_00012":{"y":18.07,"width":399,"height":190},"EF/0h/s2_ef_rot_wave_green/ef_rot_wave_green_00013":{"y":18.07,"width":399,"height":190},"EF/0h/s2_ef_rot_wave_green/ef_rot_wave_green_00014":{"y":18.07,"width":399,"height":190},"EF/0h/s2_ef_rot_wave_green/ef_rot_wave_green_00015":{"y":18.07,"width":399,"height":190}},"EF/0h/s2_ef_rot_wave_green/ef_rot_wave_green_1":{"EF/0h/s2_ef_rot_wave_green/ef_rot_wave_green_00001":{"y":18.07,"width":399,"height":190},"EF/0h/s2_ef_rot_wave_green/ef_rot_wave_green_00002":{"y":18.07,"width":399,"height":190},"EF/0h/s2_ef_rot_wave_green/ef_rot_wave_green_00003":{"y":18.07,"width":399,"height":190},"EF/0h/s2_ef_rot_wave_green/ef_rot_wave_green_00004":{"y":18.07,"width":399,"height":190},"EF/0h/s2_ef_rot_wave_green/ef_rot_wave_green_00005":{"y":18.07,"width":399,"height":190},"EF/0h/s2_ef_rot_wave_green/ef_rot_wave_green_00006":{"y":18.07,"width":399,"height":190},"EF/0h/s2_ef_rot_wave_green/ef_rot_wave_green_00007":{"y":18.07,"width":399,"height":190},"EF/0h/s2_ef_rot_wave_green/ef_rot_wave_green_00008":{"y":18.07,"width":399,"height":190},"EF/0h/s2_ef_rot_wave_green/ef_rot_wave_green_00009":{"y":18.07,"width":399,"height":190},"EF/0h/s2_ef_rot_wave_green/ef_rot_wave_green_00010":{"y":18.07,"width":399,"height":190},"EF/0h/s2_ef_rot_wave_green/ef_rot_wave_green_00011":{"y":18.07,"width":399,"height":190},"EF/0h/s2_ef_rot_wave_green/ef_rot_wave_green_00012":{"y":18.07,"width":399,"height":190},"EF/0h/s2_ef_rot_wave_green/ef_rot_wave_green_00013":{"y":18.07,"width":399,"height":190},"EF/0h/s2_ef_rot_wave_green/ef_rot_wave_green_00014":{"y":18.07,"width":399,"height":190},"EF/0h/s2_ef_rot_wave_green/ef_rot_wave_green_00015":{"y":18.07,"width":399,"height":190}},"HITBOX":{"HITBOX":{"type":"boundingbox","vertices":[-19.72837,1.00298,26.91558,0.32698,23.53557,113.89494,-23.10839,113.89494]}},"MAIN":{"attack1_00":{"x":8.12,"y":-16.41,"scaleX":2,"scaleY":2,"width":256,"height":256},"attack1_01":{"x":8.12,"y":-16.41,"scaleX":2,"scaleY":2,"width":256,"height":256},"attack1_02":{"x":8.12,"y":-16.41,"scaleX":2,"scaleY":2,"width":256,"height":256},"attack1_03":{"x":8.12,"y":-16.41,"scaleX":2,"scaleY":2,"width":256,"height":256},"attack1_04":{"x":8.12,"y":-16.41,"scaleX":2,"scaleY":2,"width":256,"height":256},"attack1_05":{"x":8.12,"y":-16.41,"scaleX":2,"scaleY":2,"width":256,"height":256},"attack1_06":{"x":8.12,"y":-16.41,"scaleX":2,"scaleY":2,"width":256,"height":256},"attack1_07":{"x":8.12,"y":-16.41,"scaleX":2,"scaleY":2,"width":256,"height":256},"attack1_08":{"x":8.12,"y":-16.41,"scaleX":2,"scaleY":2,"width":256,"height":256},"attack1_09":{"x":8.12,"y":-16.41,"scaleX":2,"scaleY":2,"width":256,"height":256},"attack1_10":{"x":8.12,"y":-16.41,"scaleX":2,"scaleY":2,"width":256,"height":256},"attack1_11":{"x":8.12,"y":-16.41,"scaleX":2,"scaleY":2,"width":256,"height":256},"attack1_12":{"x":8.12,"y":-16.41,"scaleX":2,"scaleY":2,"width":256,"height":256},"attack1_13":{"x":8.12,"y":-16.41,"scaleX":2,"scaleY":2,"width":256,"height":256},"attack1_14":{"x":8.12,"y":-16.41,"scaleX":2,"scaleY":2,"width":256,"height":256},"back_00":{"x":8.12,"y":-16.41,"scaleX":2,"scaleY":2,"width":256,"height":256},"damage_00":{"x":8.12,"y":-16.41,"scaleX":2,"scaleY":2,"width":256,"height":256},"front_00":{"x":8.12,"y":-16.41,"scaleX":2,"scaleY":2,"width":256,"height":256},"idle_00":{"x":8.12,"y":-16.41,"scaleX":2,"scaleY":2,"width":256,"height":256},"idle_01":{"x":8.12,"y":-16.41,"scaleX":2,"scaleY":2,"width":256,"height":256},"idle_02":{"x":8.12,"y":-16.41,"scaleX":2,"scaleY":2,"width":256,"height":256},"idle_03":{"x":8.12,"y":-16.41,"scaleX":2,"scaleY":2,"width":256,"height":256},"skill1_00":{"x":8.12,"y":-16.41,"scaleX":2,"scaleY":2,"width":256,"height":256},"skill1_01":{"x":8.12,"y":-16.41,"scaleX":2,"scaleY":2,"width":256,"height":256},"skill1_02":{"x":8.12,"y":-16.41,"scaleX":2,"scaleY":2,"width":256,"height":256},"skill1_03":{"x":8.12,"y":-16.41,"scaleX":2,"scaleY":2,"width":256,"height":256},"skill1_04":{"x":8.12,"y":-16.41,"scaleX":2,"scaleY":2,"width":256,"height":256},"skill1_05":{"x":8.12,"y":-16.41,"scaleX":2,"scaleY":2,"width":256,"height":256},"skill1_06":{"x":8.12,"y":-16.41,"scaleX":2,"scaleY":2,"width":256,"height":256},"skill1_07":{"x":8.12,"y":-16.41,"scaleX":2,"scaleY":2,"width":256,"height":256},"skill1_08":{"x":8.12,"y":-16.41,"scaleX":2,"scaleY":2,"width":256,"height":256},"skill1_09":{"x":8.12,"y":-16.41,"scaleX":2,"scaleY":2,"width":256,"height":256},"skill1_10":{"x":8.12,"y":-16.41,"scaleX":2,"scaleY":2,"width":256,"height":256},"skill2_00":{"x":8.12,"y":-16.41,"scaleX":2,"scaleY":2,"width":256,"height":256},"skill2_01":{"x":8.12,"y":-16.41,"scaleX":2,"scaleY":2,"width":256,"height":256},"skill2_03":{"x":8.12,"y":-16.41,"scaleX":2,"scaleY":2,"width":256,"height":256},"skill2_04":{"x":8.12,"y":-16.41,"scaleX":2,"scaleY":2,"width":256,"height":256},"skill2_05":{"x":8.12,"y":-16.41,"scaleX":2,"scaleY":2,"width":256,"height":256},"skill2_06":{"x":8.12,"y":-16.41,"scaleX":2,"scaleY":2,"width":256,"height":256},"skill2_08":{"x":8.12,"y":-16.41,"scaleX":2,"scaleY":2,"width":256,"height":256},"skill2_02a":{"x":8.12,"y":-16.41,"scaleX":2,"scaleY":2,"width":256,"height":256},"skill2_02b":{"x":8.12,"y":-16.41,"scaleX":2,"scaleY":2,"width":256,"height":256},"skill2_07a":{"x":8.12,"y":-16.41,"scaleX":2,"scaleY":2,"width":256,"height":256},"skill2_07b":{"x":8.12,"y":-16.41,"scaleX":2,"scaleY":2,"width":256,"height":256},"skill3_00":{"x":8.12,"y":-16.41,"scaleX":2,"scaleY":2,"width":256,"height":256},"skill3_01":{"x":8.12,"y":-16.41,"scaleX":2,"scaleY":2,"width":256,"height":256},"skill3_02":{"x":8.12,"y":-16.41,"scaleX":2,"scaleY":2,"width":256,"height":256},"skill3_03":{"x":8.12,"y":-16.41,"scaleX":2,"scaleY":2,"width":256,"height":256},"skill3_04":{"x":8.12,"y":-16.41,"scaleX":2,"scaleY":2,"width":256,"height":256},"skill3_05":{"x":8.12,"y":-16.41,"scaleX":2,"scaleY":2,"width":256,"height":256},"skill3_06":{"x":8.12,"y":-16.41,"scaleX":2,"scaleY":2,"width":256,"height":256},"skill3_07":{"x":8.12,"y":-16.41,"scaleX":2,"scaleY":2,"width":256,"height":256},"skill3_08":{"x":8.12,"y":-16.41,"scaleX":2,"scaleY":2,"width":256,"height":256},"skill3_09":{"x":8.12,"y":-16.41,"scaleX":2,"scaleY":2,"width":256,"height":256},"skill3_10":{"x":8.12,"y":-16.41,"scaleX":2,"scaleY":2,"width":256,"height":256},"skill3_11":{"x":8.12,"y":-16.41,"scaleX":2,"scaleY":2,"width":256,"height":256},"skill3_12":{"x":8.12,"y":-16.41,"scaleX":2,"scaleY":2,"width":256,"height":256},"skill3_13":{"x":8.12,"y":-16.41,"scaleX":2,"scaleY":2,"width":256,"height":256},"skill3_14":{"x":8.12,"y":-16.41,"scaleX":2,"scaleY":2,"width":256,"height":256},"skill3_16":{"x":8.12,"y":-16.41,"scaleX":2,"scaleY":2,"width":256,"height":256},"skill3_17":{"x":8.12,"y":-16.41,"scaleX":2,"scaleY":2,"width":256,"height":256},"skill3_18":{"x":8.12,"y":-16.41,"scaleX":2,"scaleY":2,"width":256,"height":256},"skill3_19":{"x":8.12,"y":-16.41,"scaleX":2,"scaleY":2,"width":256,"height":256},"skill3_20":{"x":8.12,"y":-16.41,"scaleX":2,"scaleY":2,"width":256,"height":256},"skill3_15a":{"x":8.12,"y":-16.41,"scaleX":2,"scaleY":2,"width":256,"height":256},"skill3_15b":{"x":8.12,"y":-16.41,"scaleX":2,"scaleY":2,"width":256,"height":256}},"YA":{"YA":{"scaleX":2,"scaleY":2,"width":35,"height":7}},"YA2":{"YA2":{"scaleX":2,"scaleY":2,"width":35,"height":7}},"ef_OF":{"EF/0h/s1_ef_OF_green/ef_OF_green_00001":{"width":200,"height":200}},"ef_smash_sprash":{"EF/0h/A_ef_smash_sprash_main/ef_smash_sprash_main_00002":{"width":240,"height":320},"EF/0h/A_ef_smash_sprash_main/ef_smash_sprash_main_00003":{"width":240,"height":320},"EF/0h/A_ef_smash_sprash_main/ef_smash_sprash_main_00004":{"width":240,"height":320},"EF/0h/A_ef_smash_sprash_main/ef_smash_sprash_main_00005":{"width":240,"height":320},"EF/0h/A_ef_smash_sprash_main/ef_smash_sprash_main_00006":{"width":240,"height":320},"EF/0h/A_ef_smash_sprash_main/ef_smash_sprash_main_00007":{"width":240,"height":320},"EF/0h/A_ef_smash_sprash_main/ef_smash_sprash_main_00008":{"width":240,"height":320},"EF/0h/A_ef_smash_sprash_main/ef_smash_sprash_main_00009":{"width":240,"height":320},"EF/0h/A_ef_smash_sprash_main/ef_smash_sprash_main_00010":{"width":240,"height":320}},"skill1_10_ef":{"skill1_10_ef":{"scaleX":2,"scaleY":2,"width":256,"height":256}}}},"events":{"Event":{},"Event2":{},"Hit":{},"Sound1":{},"Sound2":{},"Sound3":{},"Voice":{}},"animations":{"attack1":{"slots":{"DAMAGEAREA":{"attachment":[{"time":0.6666,"name":"DAMAGEAREA"},{"time":0.8333,"name":null}]},"EF/0h/A_wave_green/10119_S1_wave_green_00001":{"attachment":[{"time":0.6333,"name":"EF/0h/A_wave_green/10119_S1_wave_green_00001"},{"time":0.6666,"name":"EF/0h/A_wave_green/10119_S1_wave_green_00002"},{"time":0.7,"name":"EF/0h/A_wave_green/10119_S1_wave_green_00003"},{"time":0.7666,"name":null}],"color":[{"time":0.7,"color":"ffffffff"},{"time":0.7666,"color":"ffffff00"}]},"MAIN":{"attachment":[{"time":0,"name":"idle_00"},{"time":0.0666,"name":"attack1_00"},{"time":0.1333,"name":"attack1_01"},{"time":0.2,"name":"attack1_02"},{"time":0.3,"name":"attack1_04"},{"time":0.3666,"name":"attack1_05"},{"time":0.4,"name":"attack1_06"},{"time":0.6666,"name":"attack1_07"},{"time":0.7,"name":"attack1_08"},{"time":0.7666,"name":"attack1_09"},{"time":0.9,"name":"attack1_10"},{"time":1,"name":"attack1_11"},{"time":1.0666,"name":"attack1_14"},{"time":1.1666,"name":"idle_02"},{"time":1.3,"name":"idle_03"},{"time":1.4333,"name":"idle_00"}]},"YA":{"attachment":[{"time":0.6333,"name":"YA"},{"time":0.7666,"name":null}],"color":[{"time":0.7,"color":"ffffffff"},{"time":0.7666,"color":"ffffff00"}]},"ef_smash_sprash":{"attachment":[{"time":0.6333,"name":"EF/0h/A_ef_smash_sprash_main/ef_smash_sprash_main_00002"},{"time":0.6666,"name":"EF/0h/A_ef_smash_sprash_main/ef_smash_sprash_main_00003"},{"time":0.7,"name":"EF/0h/A_ef_smash_sprash_main/ef_smash_sprash_main_00004"},{"time":0.7333,"name":"EF/0h/A_ef_smash_sprash_main/ef_smash_sprash_main_00005"},{"time":0.7666,"name":"EF/0h/A_ef_smash_sprash_main/ef_smash_sprash_main_00006"},{"time":0.8,"name":"EF/0h/A_ef_smash_sprash_main/ef_smash_sprash_main_00007"},{"time":0.8333,"name":"EF/0h/A_ef_smash_sprash_main/ef_smash_sprash_main_00008"},{"time":0.8666,"name":"EF/0h/A_ef_smash_sprash_main/ef_smash_sprash_main_00009"},{"time":0.9,"name":"EF/0h/A_ef_smash_sprash_main/ef_smash_sprash_main_00010"},{"time":0.9333,"name":null}],"color":[{"time":0.8,"color":"ffffffff"},{"time":0.9333,"color":"ffffff00"}]}},"bones":{"MAIN":{"translate":[{"time":0,"x":0,"y":0,"curve":"stepped"},{"time":0.0666,"x":32.36,"y":0,"curve":"stepped"},{"time":0.1333,"x":68.07,"y":0,"curve":"stepped"},{"time":0.7,"x":85.93,"y":2.6,"curve":[0.081,0.44,0.75,1]},{"time":0.7666,"x":95,"y":2.6,"curve":"stepped"},{"time":0.9,"x":68.81,"y":0,"curve":"stepped"},{"time":1,"x":29.01,"y":0,"curve":"stepped"},{"time":1.0666,"x":3.72,"y":1.86,"curve":"stepped"},{"time":1.1666,"x":0,"y":0}]},"YA":{"translate":[{"time":0.6333,"x":18.26,"y":82.57},{"time":0.7666,"x":-300,"y":82.57}]},"S1_wave_green":{"translate":[{"time":0.6333,"x":314.71,"y":82.56}],"scale":[{"time":0.6333,"x":1,"y":1},{"time":0.7333,"x":2,"y":2}]},"ef_smash_sprash":{"translate":[{"time":0.6333,"x":303.62,"y":82.57}],"scale":[{"time":0.6333,"x":0.7,"y":0.7},{"time":0.8,"x":1,"y":1}]},"DAMAGEAREA":{"translate":[{"time":0.6666,"x":-50.27,"y":78.69},{"time":0.8,"x":-378.17,"y":78.69}],"scale":[{"time":0.6666,"x":1.349,"y":1},{"time":0.8,"x":6.113,"y":1}]}},"events":[{"time":0.6333,"name":"Sound1","string":"cri_se_battle_gun_burst"},{"time":0.6333,"name":"Sound3","string":"setHitSound(se_battle_thrustviolently)"},{"time":0.6333,"name":"Voice","string":"cri_720_voice_attack_random"},{"time":0.6666,"name":"Event","float":0.1,"string":"kHitStopType_enemyonly"}]},"back":{"slots":{"MAIN":{"attachment":[{"time":0,"name":"back_00"},{"time":0.2333,"name":"attack1_12"},{"time":0.2666,"name":"skill2_07a"},{"time":0.3666,"name":"skill2_07b"},{"time":0.4666,"name":"skill3_19"},{"time":0.5333,"name":"skill3_20"},{"time":0.6,"name":"idle_02"},{"time":0.7,"name":"idle_03"},{"time":0.8,"name":"idle_00"}]}},"bones":{"MAIN":{"translate":[{"time":0,"x":0,"y":0},{"time":0.1333,"x":85,"y":15},{"time":0.2666,"x":170,"y":0,"curve":[0.067,0.47,0.75,1]},{"time":0.4666,"x":200,"y":0}]}},"events":[{"time":0,"name":"Sound1","string":"cri_se_battle_jump"},{"time":0.2666,"name":"Sound1","string":"cri_se_battle_landing"}]},"cast":{"slots":{"MAIN":{"attachment":[{"time":0,"name":"idle_00"},{"time":0.1666,"name":"idle_01"},{"time":0.3333,"name":"idle_02"},{"time":0.4333,"name":"skill2_03"},{"time":0.5,"name":"skill2_04"},{"time":0.6666,"name":"skill2_05"},{"time":0.7666,"name":"skill2_06"},{"time":0.8666,"name":"attack1_14"},{"time":0.9666,"name":"idle_03"},{"time":1.0666,"name":"idle_00"}]}},"bones":{"MAIN":{"translate":[{"time":0,"x":0,"y":0,"curve":"stepped"},{"time":0.8666,"x":0,"y":0}]}},"events":[{"time":0.5,"name":"Voice","string":"cri_720_voice_item"}]},"damage":{"slots":{"MAIN":{"attachment":[{"time":0,"name":"damage_00"}]}}},"front":{"slots":{"MAIN":{"attachment":[{"time":0,"name":"front_00"}]}}},"idle":{"slots":{"MAIN":{"attachment":[{"time":0,"name":"idle_00"},{"time":0.2666,"name":"idle_01"},{"time":0.5,"name":"idle_02"},{"time":0.7333,"name":"idle_03"},{"time":1,"name":"idle_00"}]}}},"in":{"slots":{"MAIN":{"attachment":[{"time":0,"name":"skill3_12"},{"time":0.0333,"name":"skill3_13"},{"time":0.2666,"name":"skill3_14"},{"time":0.3333,"name":"skill3_15b"},{"time":0.4,"name":"skill3_16"},{"time":0.4666,"name":"skill3_17"},{"time":0.6,"name":"skill3_18"},{"time":0.7666,"name":"skill3_19"},{"time":0.9,"name":"skill3_20"},{"time":1,"name":"attack1_14"},{"time":1.1,"name":"idle_02"},{"time":1.2,"name":"idle_03"},{"time":1.3,"name":"idle_00"}],"color":[{"time":0,"color":"ffffff00"},{"time":0.1333,"color":"ffffffff"}]}},"bones":{"MAIN":{"translate":[{"time":0,"x":0,"y":300},{"time":0.2666,"x":0,"y":0},{"time":0.3,"x":0,"y":-5},{"time":0.3666,"x":0,"y":0,"curve":"stepped"},{"time":1,"x":0.57,"y":0,"curve":"stepped"},{"time":1.1,"x":0,"y":0}]}},"events":[{"time":0.2666,"name":"Event","string":"takeBattleEffectAnimation(summon_3)"},{"time":0.2666,"name":"Sound1","string":"cri_se_battle_landing"}]},"skill1":{"slots":{"DAMAGEAREA":{"attachment":[{"time":0.8333,"name":"DAMAGEAREA"},{"time":1,"name":null},{"time":1.5666,"name":"DAMAGEAREA"},{"time":1.7333,"name":null}]},"EF/0h/A_ef_smash_attack_main/ef_smash_attack_main_00001":{"attachment":[{"time":0.8,"name":"EF/0h/A_ef_smash_attack_main/ef_smash_attack_main_00001"},{"time":0.8333,"name":"EF/0h/A_ef_smash_attack_main/ef_smash_attack_main_00002"},{"time":0.8666,"name":"EF/0h/A_ef_smash_attack_main/ef_smash_attack_main_00003"},{"time":0.9,"name":"EF/0h/A_ef_smash_attack_main/ef_smash_attack_main_00004"},{"time":0.9666,"name":null},{"time":1.5333,"name":"EF/0h/A_ef_smash_attack_main/ef_smash_attack_main_00001"},{"time":1.5666,"name":"EF/0h/A_ef_smash_attack_main/ef_smash_attack_main_00002"},{"time":1.6,"name":"EF/0h/A_ef_smash_attack_main/ef_smash_attack_main_00003"},{"time":1.6333,"name":"EF/0h/A_ef_smash_attack_main/ef_smash_attack_main_00004"},{"time":1.7,"name":null}],"color":[{"time":0.8666,"color":"ffffffff"},{"time":0.9666,"color":"ffffff00","curve":"stepped"},{"time":1.5333,"color":"ffffffff","curve":"stepped"},{"time":1.6,"color":"ffffffff"},{"time":1.7,"color":"ffffff00"}]},"EF/0h/A_wave_green/10119_S1_wave_green_00001":{"attachment":[{"time":0.8,"name":"EF/0h/A_wave_green/10119_S1_wave_green_00001"},{"time":0.8333,"name":"EF/0h/A_wave_green/10119_S1_wave_green_00002"},{"time":0.8666,"name":"EF/0h/A_wave_green/10119_S1_wave_green_00003"},{"time":0.9333,"name":null},{"time":1.5333,"name":"EF/0h/A_wave_green/10119_S1_wave_green_00001"},{"time":1.5666,"name":"EF/0h/A_wave_green/10119_S1_wave_green_00002"},{"time":1.6,"name":"EF/0h/A_wave_green/10119_S1_wave_green_00003"},{"time":1.6666,"name":null}],"color":[{"time":0.8666,"color":"ffffffff"},{"time":0.9333,"color":"ffffff00","curve":"stepped"},{"time":1.5333,"color":"ffffffff","curve":"stepped"},{"time":1.6,"color":"ffffffff"},{"time":1.6666,"color":"ffffff00"}]},"EF/0h/s1_ef_charge_main/ef_charge_main_00001":{"attachment":[{"time":0.3666,"name":"EF/0h/s1_ef_charge_main/ef_charge_main_00001"},{"time":0.4,"name":"EF/0h/s1_ef_charge_main/ef_charge_main_00002"},{"time":0.4333,"name":"EF/0h/s1_ef_charge_main/ef_charge_main_00003"},{"time":0.4666,"name":"EF/0h/s1_ef_charge_main/ef_charge_main_00004"},{"time":0.5,"name":"EF/0h/s1_ef_charge_main/ef_charge_main_00005"},{"time":0.5333,"name":"EF/0h/s1_ef_charge_main/ef_charge_main_00006"},{"time":0.5666,"name":"EF/0h/s1_ef_charge_main/ef_charge_main_00007"},{"time":0.6,"name":"EF/0h/s1_ef_charge_main/ef_charge_main_00008"},{"time":0.6333,"name":"EF/0h/s1_ef_charge_main/ef_charge_main_00009"},{"time":0.6666,"name":"EF/0h/s1_ef_charge_main/ef_charge_main_00010"},{"time":0.7,"name":"EF/0h/s1_ef_charge_main/ef_charge_main_00011"},{"time":0.7333,"name":"EF/0h/s1_ef_charge_main/ef_charge_main_00012"},{"time":0.7666,"name":"EF/0h/s1_ef_charge_main/ef_charge_main_00013"},{"time":0.8,"name":null}],"color":[{"time":0.3666,"color":"ffffff12"},{"time":0.5,"color":"ffffffff"}]},"EF/0h/s1_ef_graund_wave_main/ef_graund_wave_main_00001":{"attachment":[{"time":0.8,"name":"EF/0h/s1_ef_graund_wave_main/ef_graund_wave_main_00001"},{"time":0.8333,"name":"EF/0h/s1_ef_graund_wave_main/ef_graund_wave_main_00002"},{"time":0.8666,"name":"EF/0h/s1_ef_graund_wave_main/ef_graund_wave_main_00003"},{"time":0.9,"name":"EF/0h/s1_ef_graund_wave_main/ef_graund_wave_main_00004"},{"time":0.9333,"name":"EF/0h/s1_ef_graund_wave_main/ef_graund_wave_main_00005"},{"time":0.9666,"name":"EF/0h/s1_ef_graund_wave_main/ef_graund_wave_main_00006"},{"time":1,"name":"EF/0h/s1_ef_graund_wave_main/ef_graund_wave_main_00007"},{"time":1.0333,"name":"EF/0h/s1_ef_graund_wave_main/ef_graund_wave_main_00008"},{"time":1.0666,"name":"EF/0h/s1_ef_graund_wave_main/ef_graund_wave_main_00009"},{"time":1.1,"name":"EF/0h/s1_ef_graund_wave_main/ef_graund_wave_main_00010"},{"time":1.1333,"name":"EF/0h/s1_ef_graund_wave_main/ef_graund_wave_main_00011"},{"time":1.1666,"name":"EF/0h/s1_ef_graund_wave_main/ef_graund_wave_main_00012"},{"time":1.2,"name":"EF/0h/s1_ef_graund_wave_main/ef_graund_wave_main_00013"},{"time":1.2666,"name":null},{"time":1.5333,"name":"EF/0h/s1_ef_graund_wave_main/ef_graund_wave_main_00001"},{"time":1.5666,"name":"EF/0h/s1_ef_graund_wave_main/ef_graund_wave_main_00002"},{"time":1.6,"name":"EF/0h/s1_ef_graund_wave_main/ef_graund_wave_main_00003"},{"time":1.6333,"name":"EF/0h/s1_ef_graund_wave_main/ef_graund_wave_main_00004"},{"time":1.6666,"name":"EF/0h/s1_ef_graund_wave_main/ef_graund_wave_main_00005"},{"time":1.7,"name":"EF/0h/s1_ef_graund_wave_main/ef_graund_wave_main_00006"},{"time":1.7333,"name":"EF/0h/s1_ef_graund_wave_main/ef_graund_wave_main_00007"},{"time":1.7666,"name":"EF/0h/s1_ef_graund_wave_main/ef_graund_wave_main_00008"},{"time":1.8,"name":"EF/0h/s1_ef_graund_wave_main/ef_graund_wave_main_00009"},{"time":1.8333,"name":"EF/0h/s1_ef_graund_wave_main/ef_graund_wave_main_00010"},{"time":1.8666,"name":"EF/0h/s1_ef_graund_wave_main/ef_graund_wave_main_00011"},{"time":1.9,"name":"EF/0h/s1_ef_graund_wave_main/ef_graund_wave_main_00012"},{"time":1.9333,"name":"EF/0h/s1_ef_graund_wave_main/ef_graund_wave_main_00013"},{"time":2,"name":null}],"color":[{"time":1.1666,"color":"ffffffff"},{"time":1.2666,"color":"ffffff00","curve":"stepped"},{"time":1.5333,"color":"ffffffff","curve":"stepped"},{"time":1.9,"color":"ffffffff"},{"time":2,"color":"ffffff00"}]},"MAIN":{"attachment":[{"time":0,"name":"idle_00"},{"time":0.0666,"name":"attack1_00"},{"time":0.1333,"name":"skill1_01"},{"time":0.2333,"name":"skill1_02"},{"time":0.3666,"name":"skill1_03"},{"time":0.4333,"name":"skill1_04"},{"time":0.5,"name":"skill1_05"},{"time":0.8,"name":"skill1_06"},{"time":0.8666,"name":"skill1_07"},{"time":1,"name":"skill1_08"},{"time":1.0666,"name":"attack1_02"},{"time":1.2,"name":"attack1_03"},{"time":1.2666,"name":"attack1_06"},{"time":1.5333,"name":"attack1_07"},{"time":1.5666,"name":"attack1_08"},{"time":1.6333,"name":"attack1_09"},{"time":1.8666,"name":"attack1_10"},{"time":1.9333,"name":"attack1_11"},{"time":2,"name":"attack1_14"},{"time":2.1,"name":"idle_02"},{"time":2.2333,"name":"idle_03"},{"time":2.3666,"name":"idle_00"},{"time":2.6666,"name":"idle_00"}]},"ef_OF":{"attachment":[{"time":0.7333,"name":"EF/0h/s1_ef_OF_green/ef_OF_green_00001"},{"time":0.9,"name":null},{"time":1.4666,"name":"EF/0h/s1_ef_OF_green/ef_OF_green_00001"},{"time":1.6333,"name":null}],"color":[{"time":0.8,"color":"ffffffff"},{"time":0.9,"color":"ffffff00","curve":"stepped"},{"time":1.4666,"color":"ffffffff","curve":"stepped"},{"time":1.5333,"color":"ffffffff"},{"time":1.6333,"color":"ffffff00"}]},"ef_smash_sprash":{"attachment":[{"time":0.8,"name":"EF/0h/A_ef_smash_sprash_main/ef_smash_sprash_main_00002"},{"time":0.8333,"name":"EF/0h/A_ef_smash_sprash_main/ef_smash_sprash_main_00003"},{"time":0.8666,"name":"EF/0h/A_ef_smash_sprash_main/ef_smash_sprash_main_00004"},{"time":0.9,"name":"EF/0h/A_ef_smash_sprash_main/ef_smash_sprash_main_00005"},{"time":0.9333,"name":"EF/0h/A_ef_smash_sprash_main/ef_smash_sprash_main_00006"},{"time":0.9666,"name":"EF/0h/A_ef_smash_sprash_main/ef_smash_sprash_main_00007"},{"time":1,"name":"EF/0h/A_ef_smash_sprash_main/ef_smash_sprash_main_00008"},{"time":1.0333,"name":"EF/0h/A_ef_smash_sprash_main/ef_smash_sprash_main_00009"},{"time":1.0666,"name":"EF/0h/A_ef_smash_sprash_main/ef_smash_sprash_main_00010"},{"time":1.1,"name":null},{"time":1.5333,"name":"EF/0h/A_ef_smash_sprash_main/ef_smash_sprash_main_00002"},{"time":1.5666,"name":"EF/0h/A_ef_smash_sprash_main/ef_smash_sprash_main_00003"},{"time":1.6,"name":"EF/0h/A_ef_smash_sprash_main/ef_smash_sprash_main_00004"},{"time":1.6333,"name":"EF/0h/A_ef_smash_sprash_main/ef_smash_sprash_main_00005"},{"time":1.6666,"name":"EF/0h/A_ef_smash_sprash_main/ef_smash_sprash_main_00006"},{"time":1.7,"name":"EF/0h/A_ef_smash_sprash_main/ef_smash_sprash_main_00007"},{"time":1.7333,"name":"EF/0h/A_ef_smash_sprash_main/ef_smash_sprash_main_00008"},{"time":1.7666,"name":"EF/0h/A_ef_smash_sprash_main/ef_smash_sprash_main_00009"},{"time":1.8,"name":"EF/0h/A_ef_smash_sprash_main/ef_smash_sprash_main_00010"},{"time":1.8333,"name":null}],"color":[{"time":0.9666,"color":"ffffffff"},{"time":1.1,"color":"ffffff00","curve":"stepped"},{"time":1.5333,"color":"ffffffff","curve":"stepped"},{"time":1.7,"color":"ffffffff"},{"time":1.8333,"color":"ffffff00"}]}},"bones":{"MAIN":{"translate":[{"time":0,"x":0,"y":0,"curve":"stepped"},{"time":0.0666,"x":32.07,"y":0,"curve":"stepped"},{"time":0.1333,"x":68.22,"y":-0.39,"curve":"stepped"},{"time":0.3666,"x":78.55,"y":0,"curve":"stepped"},{"time":0.8,"x":78.55,"y":0,"curve":[0.103,0.41,0.75,1]},{"time":0.8333,"x":85,"y":0},{"time":0.8666,"x":78.55,"y":0,"curve":"stepped"},{"time":1.5666,"x":94.83,"y":0,"curve":[0.1,0.41,0.75,1]},{"time":1.6666,"x":100,"y":0,"curve":"stepped"},{"time":1.8666,"x":80.8,"y":0,"curve":"stepped"},{"time":1.9333,"x":41.1,"y":0,"curve":"stepped"},{"time":2,"x":17.29,"y":0,"curve":"stepped"},{"time":2.1,"x":13.08,"y":0}]},"ef_charge":{"translate":[{"time":0.3666,"x":117,"y":68.5}],"scale":[{"time":0.3666,"x":1,"y":1,"curve":[0.077,0.66,0.75,1]},{"time":0.6666,"x":1.5,"y":1.5}]},"ef_OF":{"translate":[{"time":0.7333,"x":166.99,"y":68.52,"curve":"stepped"},{"time":1.4666,"x":166.99,"y":82.31}],"scale":[{"time":0.7333,"x":3,"y":3,"curve":[0.25,0,0.75,1]},{"time":0.9,"x":0.5,"y":0.5,"curve":"stepped"},{"time":1.4666,"x":3,"y":3,"curve":[0.25,0,0.75,1]},{"time":1.6333,"x":0.5,"y":0.5}]},"S1_wave_green":{"translate":[{"time":0.8,"x":319.36,"y":68.66,"curve":"stepped"},{"time":1.5333,"x":319.36,"y":82.32}],"scale":[{"time":0.8,"x":2,"y":2},{"time":0.9,"x":3.5,"y":3.5,"curve":"stepped"},{"time":1.5333,"x":2,"y":2},{"time":1.6333,"x":3.5,"y":3.5}]},"ef_smash_sprash":{"translate":[{"time":0.8,"x":305.76,"y":68.66},{"time":1.0666,"x":350.22,"y":68.66,"curve":"stepped"},{"time":1.5333,"x":305.76,"y":82.33},{"time":1.8,"x":350.22,"y":82.34}],"scale":[{"time":0.8,"x":1.5,"y":1.5},{"time":1.1,"x":2,"y":2,"curve":"stepped"},{"time":1.5333,"x":1.5,"y":1.5},{"time":1.8333,"x":2,"y":2}]},"ef_smash_attack":{"translate":[{"time":0.8,"x":244.58,"y":68.66},{"time":0.9333,"x":267.91,"y":68.66,"curve":"stepped"},{"time":1.5333,"x":244.58,"y":82.33},{"time":1.6666,"x":267.91,"y":82.34}],"scale":[{"time":0.8,"x":1.5,"y":1.5,"curve":[0.089,0.79,0.75,1]},{"time":0.9333,"x":2,"y":2,"curve":"stepped"},{"time":1.5333,"x":1.5,"y":1.5,"curve":[0.089,0.79,0.75,1]},{"time":1.6666,"x":2,"y":2}]},"ef_graund_wave":{"translate":[{"time":0.8,"x":80,"y":0,"curve":"stepped"},{"time":1.5333,"x":93.45,"y":0}],"scale":[{"time":0.8,"x":1,"y":1},{"time":1.2333,"x":1.5,"y":1.5,"curve":"stepped"},{"time":1.5333,"x":1,"y":1},{"time":1.9666,"x":1.5,"y":1.5}]},"DAMAGEAREA":{"translate":[{"time":0.8333,"x":-36.3,"y":58.08},{"time":0.9666,"x":-367.84,"y":58.08,"curve":"stepped"},{"time":1.5666,"x":-35.35,"y":58.08},{"time":1.7,"x":-378.31,"y":58.08}],"scale":[{"time":0.8333,"x":1.629,"y":1.411},{"time":0.9666,"x":6.991,"y":1.411,"curve":"stepped"},{"time":1.5666,"x":1.915,"y":1.411},{"time":1.7,"x":7,"y":1.411}]}},"events":[{"time":0.3666,"name":"Sound1","string":"cri_se_battle_charge"},{"time":0.8,"name":"Sound1","string":"cri_se_battle_arrow_light_effect"},{"time":0.8,"name":"Sound2","string":"cri_se_battle_gun_burst"},{"time":0.8,"name":"Sound3","string":"setHitSound(se_battle_swordslash_heavy)"},{"time":0.8,"name":"Voice","string":"cri_720_voice_skill_all"},{"time":0.8333,"name":"Event","float":0.2,"string":"kHitStopType_enemyonly"},{"time":1.5333,"name":"Sound1","string":"cri_se_battle_arrow_light_effect"},{"time":1.5333,"name":"Sound2","string":"cri_se_battle_gun_burst"},{"time":1.5666,"name":"Hit","string":"resetHitList"}]},"skill2":{"slots":{"EF/0h/A_ef_smash_attack_main/ef_smash_attack_main_00001":{"attachment":[{"time":1.0666,"name":"EF/0h/A_ef_smash_attack_main/ef_smash_attack_main_00001"},{"time":1.1,"name":"EF/0h/A_ef_smash_attack_main/ef_smash_attack_main_00002"},{"time":1.1333,"name":"EF/0h/A_ef_smash_attack_main/ef_smash_attack_main_00003"},{"time":1.1666,"name":"EF/0h/A_ef_smash_attack_main/ef_smash_attack_main_00004"},{"time":1.2333,"name":null}],"color":[{"time":1.1333,"color":"ffffffff"},{"time":1.2333,"color":"ffffff00"}]},"EF/0h/A_wave_green/10119_S1_wave_green_00001":{"attachment":[{"time":1.0666,"name":"EF/0h/A_wave_green/10119_S1_wave_green_00001"},{"time":1.1,"name":"EF/0h/A_wave_green/10119_S1_wave_green_00002"},{"time":1.1333,"name":"EF/0h/A_wave_green/10119_S1_wave_green_00003"},{"time":1.2,"name":null}],"color":[{"time":1.1333,"color":"ffffffff"},{"time":1.2,"color":"ffffff00"}]},"EF/0h/s1_ef_charge_main/ef_charge_main_00001":{"attachment":[{"time":0.6,"name":"EF/0h/s1_ef_charge_main/ef_charge_main_00001"},{"time":0.6666,"name":"EF/0h/s1_ef_charge_main/ef_charge_main_00002"},{"time":0.7,"name":"EF/0h/s1_ef_charge_main/ef_charge_main_00003"},{"time":0.7333,"name":"EF/0h/s1_ef_charge_main/ef_charge_main_00004"},{"time":0.7666,"name":"EF/0h/s1_ef_charge_main/ef_charge_main_00005"},{"time":0.8,"name":"EF/0h/s1_ef_charge_main/ef_charge_main_00006"},{"time":0.8333,"name":"EF/0h/s1_ef_charge_main/ef_charge_main_00007"},{"time":0.8666,"name":"EF/0h/s1_ef_charge_main/ef_charge_main_00008"},{"time":0.9,"name":"EF/0h/s1_ef_charge_main/ef_charge_main_00009"},{"time":0.9333,"name":"EF/0h/s1_ef_charge_main/ef_charge_main_00010"},{"time":0.9666,"name":"EF/0h/s1_ef_charge_main/ef_charge_main_00011"},{"time":1,"name":"EF/0h/s1_ef_charge_main/ef_charge_main_00012"},{"time":1.0333,"name":"EF/0h/s1_ef_charge_main/ef_charge_main_00013"},{"time":1.0666,"name":"EF/0h/s1_ef_charge_main/ef_charge_main_00014"},{"time":1.1,"name":null}],"color":[{"time":0.5666,"color":"ffffff00"},{"time":0.7333,"color":"ffffffff"}]},"EF/0h/s1_ef_charge_main/ef_charge_main_1":{"attachment":[{"time":0.3666,"name":"EF/0h/s1_ef_charge_main/ef_charge_main_00001"},{"time":0.4,"name":"EF/0h/s1_ef_charge_main/ef_charge_main_00002"},{"time":0.4333,"name":"EF/0h/s1_ef_charge_main/ef_charge_main_00003"},{"time":0.4666,"name":"EF/0h/s1_ef_charge_main/ef_charge_main_00004"},{"time":0.5,"name":"EF/0h/s1_ef_charge_main/ef_charge_main_00005"},{"time":0.5333,"name":"EF/0h/s1_ef_charge_main/ef_charge_main_00006"},{"time":0.5666,"name":"EF/0h/s1_ef_charge_main/ef_charge_main_00007"},{"time":0.6,"name":"EF/0h/s1_ef_charge_main/ef_charge_main_00008"},{"time":0.6333,"name":"EF/0h/s1_ef_charge_main/ef_charge_main_00009"},{"time":0.6666,"name":"EF/0h/s1_ef_charge_main/ef_charge_main_00010"},{"time":0.7,"name":"EF/0h/s1_ef_charge_main/ef_charge_main_00011"},{"time":0.7333,"name":"EF/0h/s1_ef_charge_main/ef_charge_main_00012"},{"time":0.7666,"name":"EF/0h/s1_ef_charge_main/ef_charge_main_00013"},{"time":0.8,"name":"EF/0h/s1_ef_charge_main/ef_charge_main_00014"},{"time":0.8333,"name":null}],"color":[{"time":0.3333,"color":"ffffff00"},{"time":0.5,"color":"ffffffff"}]},"EF/0h/s1_ef_graund_wave_main/ef_graund_wave_main_00001":{"attachment":[{"time":1.0666,"name":"EF/0h/s1_ef_graund_wave_main/ef_graund_wave_main_00001"},{"time":1.1,"name":"EF/0h/s1_ef_graund_wave_main/ef_graund_wave_main_00002"},{"time":1.1333,"name":"EF/0h/s1_ef_graund_wave_main/ef_graund_wave_main_00003"},{"time":1.1666,"name":"EF/0h/s1_ef_graund_wave_main/ef_graund_wave_main_00004"},{"time":1.2,"name":"EF/0h/s1_ef_graund_wave_main/ef_graund_wave_main_00005"},{"time":1.2333,"name":"EF/0h/s1_ef_graund_wave_main/ef_graund_wave_main_00006"},{"time":1.2666,"name":"EF/0h/s1_ef_graund_wave_main/ef_graund_wave_main_00007"},{"time":1.3,"name":"EF/0h/s1_ef_graund_wave_main/ef_graund_wave_main_00008"},{"time":1.3333,"name":"EF/0h/s1_ef_graund_wave_main/ef_graund_wave_main_00009"},{"time":1.3666,"name":"EF/0h/s1_ef_graund_wave_main/ef_graund_wave_main_00010"},{"time":1.4,"name":"EF/0h/s1_ef_graund_wave_main/ef_graund_wave_main_00011"},{"time":1.4333,"name":"EF/0h/s1_ef_graund_wave_main/ef_graund_wave_main_00012"},{"time":1.4666,"name":"EF/0h/s1_ef_graund_wave_main/ef_graund_wave_main_00013"},{"time":1.5333,"name":null}],"color":[{"time":1.4666,"color":"ffffffff"},{"time":1.5333,"color":"ffffff00"}]},"EF/0h/s2_ef_rot_wave_green/ef_rot_wave_green_00001":{"attachment":[{"time":0.3,"name":"EF/0h/s2_ef_rot_wave_green/ef_rot_wave_green_00015"},{"time":0.3666,"name":"EF/0h/s2_ef_rot_wave_green/ef_rot_wave_green_00014"},{"time":0.4,"name":"EF/0h/s2_ef_rot_wave_green/ef_rot_wave_green_00013"},{"time":0.4333,"name":"EF/0h/s2_ef_rot_wave_green/ef_rot_wave_green_00012"},{"time":0.4666,"name":"EF/0h/s2_ef_rot_wave_green/ef_rot_wave_green_00011"},{"time":0.5,"name":"EF/0h/s2_ef_rot_wave_green/ef_rot_wave_green_00010"},{"time":0.5333,"name":"EF/0h/s2_ef_rot_wave_green/ef_rot_wave_green_00009"},{"time":0.5666,"name":"EF/0h/s2_ef_rot_wave_green/ef_rot_wave_green_00008"},{"time":0.6,"name":"EF/0h/s2_ef_rot_wave_green/ef_rot_wave_green_00007"},{"time":0.6333,"name":"EF/0h/s2_ef_rot_wave_green/ef_rot_wave_green_00006"},{"time":0.6666,"name":"EF/0h/s2_ef_rot_wave_green/ef_rot_wave_green_00005"},{"time":0.7,"name":"EF/0h/s2_ef_rot_wave_green/ef_rot_wave_green_00004"},{"time":0.7333,"name":"EF/0h/s2_ef_rot_wave_green/ef_rot_wave_green_00003"},{"time":0.7666,"name":"EF/0h/s2_ef_rot_wave_green/ef_rot_wave_green_00002"},{"time":0.8,"name":"EF/0h/s2_ef_rot_wave_green/ef_rot_wave_green_00001"},{"time":0.8333,"name":null}],"color":[{"time":0.2666,"color":"ffffff2d"},{"time":0.3666,"color":"ffffffff"}]},"EF/0h/s2_ef_rot_wave_green/ef_rot_wave_green_1":{"attachment":[{"time":0.6,"name":"EF/0h/s2_ef_rot_wave_green/ef_rot_wave_green_00015"},{"time":0.6333,"name":"EF/0h/s2_ef_rot_wave_green/ef_rot_wave_green_00014"},{"time":0.6666,"name":"EF/0h/s2_ef_rot_wave_green/ef_rot_wave_green_00013"},{"time":0.7,"name":"EF/0h/s2_ef_rot_wave_green/ef_rot_wave_green_00012"},{"time":0.7333,"name":"EF/0h/s2_ef_rot_wave_green/ef_rot_wave_green_00011"},{"time":0.7666,"name":"EF/0h/s2_ef_rot_wave_green/ef_rot_wave_green_00010"},{"time":0.8,"name":"EF/0h/s2_ef_rot_wave_green/ef_rot_wave_green_00009"},{"time":0.8333,"name":"EF/0h/s2_ef_rot_wave_green/ef_rot_wave_green_00008"},{"time":0.8666,"name":"EF/0h/s2_ef_rot_wave_green/ef_rot_wave_green_00007"},{"time":0.9,"name":"EF/0h/s2_ef_rot_wave_green/ef_rot_wave_green_00006"},{"time":0.9333,"name":"EF/0h/s2_ef_rot_wave_green/ef_rot_wave_green_00005"},{"time":0.9666,"name":"EF/0h/s2_ef_rot_wave_green/ef_rot_wave_green_00004"},{"time":1,"name":"EF/0h/s2_ef_rot_wave_green/ef_rot_wave_green_00003"},{"time":1.0333,"name":"EF/0h/s2_ef_rot_wave_green/ef_rot_wave_green_00002"},{"time":1.0666,"name":null}]},"MAIN":{"attachment":[{"time":0,"name":"idle_00"},{"time":0.0666,"name":"attack1_00"},{"time":0.1333,"name":"attack1_01"},{"time":0.2333,"name":"skill2_00"},{"time":0.3,"name":"skill2_01"},{"time":0.4,"name":"skill2_02a"},{"time":0.4666,"name":"skill2_02b"},{"time":0.5333,"name":"skill2_02a"},{"time":0.6,"name":"skill2_02b"},{"time":0.6666,"name":"skill2_02a"},{"time":0.7333,"name":"skill2_02b"},{"time":0.8,"name":"skill2_02a"},{"time":0.8666,"name":"skill2_02b"},{"time":0.9333,"name":"skill2_02a"},{"time":1,"name":"skill2_02b"},{"time":1.0666,"name":"skill2_03"},{"time":1.1333,"name":"skill2_04"},{"time":1.4,"name":"skill2_05"},{"time":1.4666,"name":"skill2_06"},{"time":1.5333,"name":"skill2_07a"},{"time":1.6,"name":"skill2_07b"},{"time":1.6666,"name":"skill2_07a"},{"time":1.7333,"name":"skill2_07b"},{"time":1.8,"name":"skill2_07a"},{"time":1.8666,"name":"skill2_07b"},{"time":1.9333,"name":"skill2_07a"},{"time":2,"name":"skill2_07b"},{"time":2.0666,"name":"skill2_07a"},{"time":2.1333,"name":"skill2_07b"},{"time":2.2333,"name":"skill2_07a"},{"time":2.3333,"name":"skill2_07b"},{"time":2.4333,"name":"skill2_07a"},{"time":2.5333,"name":"skill2_07b"},{"time":2.6333,"name":"skill2_07a"},{"time":2.7666,"name":"skill2_07b"},{"time":2.9,"name":"skill2_08"},{"time":3,"name":"skill1_00"},{"time":3.0333,"name":"skill1_10"},{"time":3.1333,"name":"attack1_13"},{"time":3.3,"name":"attack1_14"},{"time":3.4,"name":"idle_02"},{"time":3.5666,"name":"idle_03"},{"time":3.7333,"name":"idle_00"}]},"ef_OF":{"attachment":[{"time":1,"name":"EF/0h/s1_ef_OF_green/ef_OF_green_00001"},{"time":1.1666,"name":null}],"color":[{"time":1.0666,"color":"ffffffff"},{"time":1.1666,"color":"ffffff00"}]},"ef_smash_sprash":{"attachment":[{"time":1.0666,"name":"EF/0h/A_ef_smash_sprash_main/ef_smash_sprash_main_00002"},{"time":1.1,"name":"EF/0h/A_ef_smash_sprash_main/ef_smash_sprash_main_00003"},{"time":1.1333,"name":"EF/0h/A_ef_smash_sprash_main/ef_smash_sprash_main_00004"},{"time":1.1666,"name":"EF/0h/A_ef_smash_sprash_main/ef_smash_sprash_main_00005"},{"time":1.2,"name":"EF/0h/A_ef_smash_sprash_main/ef_smash_sprash_main_00006"},{"time":1.2333,"name":"EF/0h/A_ef_smash_sprash_main/ef_smash_sprash_main_00007"},{"time":1.2666,"name":"EF/0h/A_ef_smash_sprash_main/ef_smash_sprash_main_00008"},{"time":1.3,"name":"EF/0h/A_ef_smash_sprash_main/ef_smash_sprash_main_00009"},{"time":1.3333,"name":"EF/0h/A_ef_smash_sprash_main/ef_smash_sprash_main_00010"},{"time":1.3666,"name":null}],"color":[{"time":1.2333,"color":"ffffffff"},{"time":1.3666,"color":"ffffff00"}]},"skill1_10_ef":{"attachment":[{"time":3.0333,"name":"skill1_10_ef"},{"time":3.1333,"name":null}]}},"bones":{"MAIN":{"translate":[{"time":0,"x":0,"y":0,"curve":"stepped"},{"time":0.0666,"x":32.43,"y":0,"curve":"stepped"},{"time":0.1333,"x":71.82,"y":0,"curve":"stepped"},{"time":0.2333,"x":93.11,"y":0,"curve":"stepped"},{"time":0.3,"x":93.11,"y":0},{"time":0.3333,"x":93.11,"y":-3},{"time":0.4,"x":93.11,"y":0,"curve":"stepped"},{"time":1.0666,"x":93.11,"y":0},{"time":1.1,"x":98.31,"y":-0.91},{"time":1.1333,"x":93.11,"y":0,"curve":"stepped"},{"time":1.4666,"x":93.11,"y":0},{"time":1.5,"x":93.11,"y":2.14},{"time":1.5333,"x":93.11,"y":0},{"time":1.5666,"x":93.11,"y":-2.25},{"time":1.6333,"x":93.11,"y":0,"curve":"stepped"},{"time":2.9,"x":93.11,"y":0,"curve":"stepped"},{"time":3,"x":87.28,"y":6.11,"curve":"stepped"},{"time":3.0333,"x":86.39,"y":0,"curve":"stepped"},{"time":3.3,"x":58.67,"y":0,"curve":"stepped"},{"time":3.4,"x":55.03,"y":0}]},"skill_ef":{"rotate":[{"time":3.0333,"angle":0,"curve":"stepped"},{"time":3.0666,"angle":-114.94,"curve":"stepped"},{"time":3.1,"angle":117.78,"curve":"stepped"},{"time":3.1333,"angle":0}],"translate":[{"time":3.0333,"x":0,"y":0,"curve":"stepped"},{"time":3.0666,"x":34.31,"y":-23.08,"curve":"stepped"},{"time":3.1,"x":24.56,"y":-7.89,"curve":"stepped"},{"time":3.1333,"x":54.51,"y":-4.73}]},"ef_rot_wave_green":{"translate":[{"time":0.3,"x":150,"y":0}],"scale":[{"time":0.3,"x":2,"y":2}]},"ef_graund_wave":{"translate":[{"time":1.0666,"x":100,"y":0}],"scale":[{"time":1.0666,"x":2,"y":2},{"time":1.5,"x":2.2,"y":2.2}]},"ef_charge":{"translate":[{"time":0.6,"x":143.45,"y":132.66}],"scale":[{"time":0.6,"x":1.5,"y":1.5,"curve":[0.093,0.35,0.75,1]},{"time":0.9333,"x":2,"y":2}]},"ef_OF":{"translate":[{"time":1,"x":193.36,"y":132.61}],"scale":[{"time":1,"x":1.929,"y":1.929},{"time":1.0333,"x":3.5,"y":3.5,"curve":[0.25,0,0.75,1]},{"time":1.1666,"x":0.5,"y":0.5}]},"S1_wave_green":{"rotate":[{"time":1.0666,"angle":-40}],"translate":[{"time":1.0666,"x":343.39,"y":132.5}],"scale":[{"time":1.0666,"x":2,"y":2},{"time":1.2,"x":5,"y":5}]},"ef_smash_attack":{"rotate":[{"time":1.0666,"angle":-40}],"translate":[{"time":1.0666,"x":243.55,"y":132.4},{"time":1.2,"x":260.86,"y":117.98}],"scale":[{"time":1.0666,"x":1.5,"y":1.5,"curve":[0.089,0.79,0.75,1]},{"time":1.2,"x":2.2,"y":2.2}]},"ef_smash_sprash":{"rotate":[{"time":1.0666,"angle":-40}],"translate":[{"time":1.0666,"x":300.23,"y":126.5},{"time":1.3333,"x":320.45,"y":109.51}],"scale":[{"time":1.0666,"x":1.5,"y":1.5},{"time":1.3666,"x":2.4,"y":2.4}]},"ef_charge2":{"rotate":[{"time":0.3666,"angle":-170.77}],"translate":[{"time":0.3666,"x":143.45,"y":132.66}],"scale":[{"time":0.3666,"x":1.5,"y":1.5,"curve":[0.093,0.35,0.75,1]},{"time":0.8,"x":1.7,"y":1.7}]}},"events":[{"time":0,"name":"Sound3","string":"setHitSound(se_battle_007_attack_hit_01)"},{"time":0.1,"name":"Event2"},{"time":0.1666,"name":"Hit"},{"time":0.3,"name":"Sound1","string":"cri_se_battle_charge_long"},{"time":1.0666,"name":"Sound1","string":"cri_se_battle_arrow_light_effect"},{"time":1.0666,"name":"Sound2","string":"cri_se_battle_gun_burst"},{"time":1.5666,"name":"Event","string":"addOrbitSystem_skill2_arrow"},{"time":1.5666,"name":"Sound1","string":"cri_se_battle_arrow_light_effect"},{"time":1.5666,"name":"Sound2","string":"cri_se_battle_storm"},{"time":1.5666,"name":"Voice","string":"cri_720_voice_fullarts_rank5"}]},"skill3":{"slots":{"DAMAGEAREA":{"attachment":[{"time":1.2,"name":"DAMAGEAREA"},{"time":1.3666,"name":null},{"time":1.9333,"name":"DAMAGEAREA"},{"time":2.1333,"name":null},{"time":3.2666,"name":"DAMAGEAREA"},{"time":3.4666,"name":null}]},"EF/0h/A_ef_smash_attack_main/ef_smash_attack_main_00001":{"attachment":[{"time":1.1666,"name":"EF/0h/A_ef_smash_attack_main/ef_smash_attack_main_00001"},{"time":1.2,"name":"EF/0h/A_ef_smash_attack_main/ef_smash_attack_main_00002"},{"time":1.2333,"name":"EF/0h/A_ef_smash_attack_main/ef_smash_attack_main_00003"},{"time":1.2666,"name":"EF/0h/A_ef_smash_attack_main/ef_smash_attack_main_00004"},{"time":1.3333,"name":null},{"time":1.9,"name":"EF/0h/A_ef_smash_attack_main/ef_smash_attack_main_00001"},{"time":1.9333,"name":"EF/0h/A_ef_smash_attack_main/ef_smash_attack_main_00002"},{"time":1.9666,"name":"EF/0h/A_ef_smash_attack_main/ef_smash_attack_main_00003"},{"time":2,"name":"EF/0h/A_ef_smash_attack_main/ef_smash_attack_main_00004"},{"time":2.0666,"name":null},{"time":2.7333,"name":"EF/0h/A_ef_smash_attack_main/ef_smash_attack_main_00001"},{"time":2.7666,"name":"EF/0h/A_ef_smash_attack_main/ef_smash_attack_main_00002"},{"time":2.8,"name":"EF/0h/A_ef_smash_attack_main/ef_smash_attack_main_00003"},{"time":2.8333,"name":"EF/0h/A_ef_smash_attack_main/ef_smash_attack_main_00004"},{"time":2.9,"name":null}],"color":[{"time":1.2333,"color":"ffffffff"},{"time":1.3333,"color":"ffffff00","curve":"stepped"},{"time":1.9,"color":"ffffffff","curve":"stepped"},{"time":1.9666,"color":"ffffffff"},{"time":2.0666,"color":"ffffff00","curve":"stepped"},{"time":2.7333,"color":"ffffffff","curve":"stepped"},{"time":2.8,"color":"ffffffff"},{"time":2.9,"color":"ffffff00"}]},"EF/0h/A_wave_green/10119_S1_wave_green_00001":{"attachment":[{"time":1.1666,"name":"EF/0h/A_wave_green/10119_S1_wave_green_00001"},{"time":1.2,"name":"EF/0h/A_wave_green/10119_S1_wave_green_00002"},{"time":1.2333,"name":"EF/0h/A_wave_green/10119_S1_wave_green_00003"},{"time":1.3,"name":null},{"time":1.9,"name":"EF/0h/A_wave_green/10119_S1_wave_green_00001"},{"time":1.9333,"name":"EF/0h/A_wave_green/10119_S1_wave_green_00002"},{"time":1.9666,"name":"EF/0h/A_wave_green/10119_S1_wave_green_00003"},{"time":2.0333,"name":null},{"time":2.7333,"name":"EF/0h/A_wave_green/10119_S1_wave_green_00001"},{"time":2.7666,"name":"EF/0h/A_wave_green/10119_S1_wave_green_00002"},{"time":2.8,"name":"EF/0h/A_wave_green/10119_S1_wave_green_00003"},{"time":2.8666,"name":null}],"color":[{"time":1.2333,"color":"ffffffff"},{"time":1.3,"color":"ffffff00","curve":"stepped"},{"time":1.9,"color":"ffffffff","curve":"stepped"},{"time":1.9666,"color":"ffffffff"},{"time":2.0333,"color":"ffffff00","curve":"stepped"},{"time":2.7333,"color":"ffffffff","curve":"stepped"},{"time":2.8,"color":"ffffffff"},{"time":2.8666,"color":"ffffff00"}]},"EF/0h/s1_ef_charge_main/ef_charge_main_00001":{"attachment":[{"time":0.3666,"name":"EF/0h/s1_ef_charge_main/ef_charge_main_00001"},{"time":0.4333,"name":"EF/0h/s1_ef_charge_main/ef_charge_main_00002"},{"time":0.4666,"name":"EF/0h/s1_ef_charge_main/ef_charge_main_00003"},{"time":0.5,"name":"EF/0h/s1_ef_charge_main/ef_charge_main_00004"},{"time":0.5333,"name":"EF/0h/s1_ef_charge_main/ef_charge_main_00005"},{"time":0.5666,"name":"EF/0h/s1_ef_charge_main/ef_charge_main_00006"},{"time":0.6,"name":"EF/0h/s1_ef_charge_main/ef_charge_main_00007"},{"time":0.6333,"name":"EF/0h/s1_ef_charge_main/ef_charge_main_00008"},{"time":0.6666,"name":"EF/0h/s1_ef_charge_main/ef_charge_main_00009"},{"time":0.7,"name":"EF/0h/s1_ef_charge_main/ef_charge_main_00010"},{"time":0.7333,"name":"EF/0h/s1_ef_charge_main/ef_charge_main_00011"},{"time":0.7666,"name":"EF/0h/s1_ef_charge_main/ef_charge_main_00012"},{"time":0.8,"name":"EF/0h/s1_ef_charge_main/ef_charge_main_00013"},{"time":0.8333,"name":"EF/0h/s1_ef_charge_main/ef_charge_main_00014"},{"time":0.8666,"name":null},{"time":2.5,"name":"EF/0h/s1_ef_charge_main/ef_charge_main_00006"},{"time":2.5333,"name":"EF/0h/s1_ef_charge_main/ef_charge_main_00007"},{"time":2.5666,"name":"EF/0h/s1_ef_charge_main/ef_charge_main_00008"},{"time":2.6,"name":"EF/0h/s1_ef_charge_main/ef_charge_main_00009"},{"time":2.6333,"name":"EF/0h/s1_ef_charge_main/ef_charge_main_00010"},{"time":2.6666,"name":"EF/0h/s1_ef_charge_main/ef_charge_main_00011"},{"time":2.7,"name":"EF/0h/s1_ef_charge_main/ef_charge_main_00012"},{"time":2.7333,"name":"EF/0h/s1_ef_charge_main/ef_charge_main_00013"},{"time":2.7666,"name":"EF/0h/s1_ef_charge_main/ef_charge_main_00014"},{"time":2.8,"name":null}],"color":[{"time":0.3666,"color":"ffffff00"},{"time":0.5,"color":"ffffffff","curve":"stepped"},{"time":2.4666,"color":"ffffff00"},{"time":2.6,"color":"ffffffff"}]},"EF/0h/s1_ef_charge_main/ef_charge_main_1":{"attachment":[{"time":0.7,"name":"EF/0h/s1_ef_charge_main/ef_charge_main_00001"},{"time":0.7333,"name":"EF/0h/s1_ef_charge_main/ef_charge_main_00002"},{"time":0.7666,"name":"EF/0h/s1_ef_charge_main/ef_charge_main_00003"},{"time":0.8,"name":"EF/0h/s1_ef_charge_main/ef_charge_main_00004"},{"time":0.8333,"name":"EF/0h/s1_ef_charge_main/ef_charge_main_00005"},{"time":0.8666,"name":"EF/0h/s1_ef_charge_main/ef_charge_main_00006"},{"time":0.9,"name":"EF/0h/s1_ef_charge_main/ef_charge_main_00007"},{"time":0.9333,"name":"EF/0h/s1_ef_charge_main/ef_charge_main_00008"},{"time":0.9666,"name":"EF/0h/s1_ef_charge_main/ef_charge_main_00009"},{"time":1,"name":"EF/0h/s1_ef_charge_main/ef_charge_main_00010"},{"time":1.0333,"name":"EF/0h/s1_ef_charge_main/ef_charge_main_00011"},{"time":1.0666,"name":"EF/0h/s1_ef_charge_main/ef_charge_main_00012"},{"time":1.1,"name":"EF/0h/s1_ef_charge_main/ef_charge_main_00013"},{"time":1.1333,"name":"EF/0h/s1_ef_charge_main/ef_charge_main_00014"},{"time":1.1666,"name":null}]},"EF/0h/s1_ef_graund_wave_main/ef_graund_wave_main_00001":{"attachment":[{"time":1.1666,"name":"EF/0h/s1_ef_graund_wave_main/ef_graund_wave_main_00001"},{"time":1.2,"name":"EF/0h/s1_ef_graund_wave_main/ef_graund_wave_main_00002"},{"time":1.2333,"name":"EF/0h/s1_ef_graund_wave_main/ef_graund_wave_main_00003"},{"time":1.2666,"name":"EF/0h/s1_ef_graund_wave_main/ef_graund_wave_main_00004"},{"time":1.3,"name":"EF/0h/s1_ef_graund_wave_main/ef_graund_wave_main_00005"},{"time":1.3333,"name":"EF/0h/s1_ef_graund_wave_main/ef_graund_wave_main_00006"},{"time":1.3666,"name":"EF/0h/s1_ef_graund_wave_main/ef_graund_wave_main_00007"},{"time":1.4,"name":"EF/0h/s1_ef_graund_wave_main/ef_graund_wave_main_00008"},{"time":1.4333,"name":"EF/0h/s1_ef_graund_wave_main/ef_graund_wave_main_00009"},{"time":1.4666,"name":"EF/0h/s1_ef_graund_wave_main/ef_graund_wave_main_00010"},{"time":1.5,"name":"EF/0h/s1_ef_graund_wave_main/ef_graund_wave_main_00011"},{"time":1.5333,"name":"EF/0h/s1_ef_graund_wave_main/ef_graund_wave_main_00012"},{"time":1.5666,"name":"EF/0h/s1_ef_graund_wave_main/ef_graund_wave_main_00013"},{"time":1.6333,"name":null},{"time":1.9,"name":"EF/0h/s1_ef_graund_wave_main/ef_graund_wave_main_00001"},{"time":1.9333,"name":"EF/0h/s1_ef_graund_wave_main/ef_graund_wave_main_00002"},{"time":1.9666,"name":"EF/0h/s1_ef_graund_wave_main/ef_graund_wave_main_00003"},{"time":2,"name":"EF/0h/s1_ef_graund_wave_main/ef_graund_wave_main_00004"},{"time":2.0333,"name":"EF/0h/s1_ef_graund_wave_main/ef_graund_wave_main_00005"},{"time":2.0666,"name":"EF/0h/s1_ef_graund_wave_main/ef_graund_wave_main_00006"},{"time":2.1,"name":"EF/0h/s1_ef_graund_wave_main/ef_graund_wave_main_00007"},{"time":2.1333,"name":"EF/0h/s1_ef_graund_wave_main/ef_graund_wave_main_00008"},{"time":2.1666,"name":"EF/0h/s1_ef_graund_wave_main/ef_graund_wave_main_00009"},{"time":2.2,"name":"EF/0h/s1_ef_graund_wave_main/ef_graund_wave_main_00010"},{"time":2.2333,"name":"EF/0h/s1_ef_graund_wave_main/ef_graund_wave_main_00011"},{"time":2.2666,"name":"EF/0h/s1_ef_graund_wave_main/ef_graund_wave_main_00012"},{"time":2.3,"name":"EF/0h/s1_ef_graund_wave_main/ef_graund_wave_main_00013"},{"time":2.3666,"name":null}],"color":[{"time":1.5666,"color":"ffffffff"},{"time":1.6333,"color":"ffffff00","curve":"stepped"},{"time":1.9,"color":"ffffffff","curve":"stepped"},{"time":2.3,"color":"ffffffff"},{"time":2.3666,"color":"ffffff00"}]},"MAIN":{"attachment":[{"time":0,"name":"idle_00"},{"time":0.0666,"name":"attack1_00"},{"time":0.1333,"name":"skill1_01"},{"time":0.2333,"name":"skill1_02"},{"time":0.3666,"name":"skill1_03"},{"time":0.4333,"name":"skill1_04"},{"time":0.5,"name":"skill1_05"},{"time":1.1666,"name":"skill1_06"},{"time":1.4333,"name":"skill1_07"},{"time":1.4666,"name":"skill3_00"},{"time":1.5,"name":"front_00"},{"time":1.5666,"name":"skill3_01"},{"time":1.6333,"name":"skill3_02"},{"time":1.9,"name":"skill3_03"},{"time":1.9333,"name":"skill3_04"},{"time":2.2666,"name":"skill3_05"},{"time":2.3333,"name":"skill3_06"},{"time":2.4,"name":"skill3_07"},{"time":2.4666,"name":"skill3_08"},{"time":2.5333,"name":"skill3_09"},{"time":2.5666,"name":"skill3_10"},{"time":2.7333,"name":"skill3_11"},{"time":2.9333,"name":"skill3_13"},{"time":3.1666,"name":"skill3_14"},{"time":3.2333,"name":"skill3_15b"},{"time":3.3,"name":"skill3_15a"},{"time":3.3666,"name":"skill3_15b"},{"time":3.4333,"name":"skill3_15a"},{"time":3.5,"name":"skill3_15b"},{"time":3.5666,"name":"skill3_15a"},{"time":3.6333,"name":"skill3_15b"},{"time":3.7,"name":"skill3_15a"},{"time":3.8,"name":"skill3_15b"},{"time":3.9,"name":"skill3_15a"},{"time":4,"name":"skill3_15b"},{"time":4.1,"name":"skill3_15a"},{"time":4.2333,"name":"skill3_15b"},{"time":4.3333,"name":"skill3_16"},{"time":4.4,"name":"skill3_17"},{"time":4.4666,"name":"skill3_18"},{"time":4.6,"name":"skill3_19"},{"time":4.7333,"name":"skill3_20"},{"time":4.8333,"name":"attack1_14"},{"time":4.9333,"name":"idle_02"},{"time":5.0666,"name":"idle_03"},{"time":5.2,"name":"idle_00"}]},"YA2":{"attachment":[{"time":1.6333,"name":"YA2"},{"time":1.9,"name":null}]},"ef_OF":{"attachment":[{"time":1.1,"name":"EF/0h/s1_ef_OF_green/ef_OF_green_00001"},{"time":1.2666,"name":null},{"time":1.8333,"name":"EF/0h/s1_ef_OF_green/ef_OF_green_00001"},{"time":2,"name":null},{"time":2.7,"name":"EF/0h/s1_ef_OF_green/ef_OF_green_00001"},{"time":2.8666,"name":null}],"color":[{"time":1.1666,"color":"ffffffff"},{"time":1.2666,"color":"ffffff00","curve":"stepped"},{"time":1.8333,"color":"ffffffff","curve":"stepped"},{"time":1.9,"color":"ffffffff"},{"time":2,"color":"ffffff00","curve":"stepped"},{"time":2.7,"color":"ffffffff","curve":"stepped"},{"time":2.7666,"color":"ffffffff"},{"time":2.8666,"color":"ffffff00"}]},"ef_smash_sprash":{"attachment":[{"time":1.1666,"name":"EF/0h/A_ef_smash_sprash_main/ef_smash_sprash_main_00002"},{"time":1.2,"name":"EF/0h/A_ef_smash_sprash_main/ef_smash_sprash_main_00003"},{"time":1.2333,"name":"EF/0h/A_ef_smash_sprash_main/ef_smash_sprash_main_00004"},{"time":1.2666,"name":"EF/0h/A_ef_smash_sprash_main/ef_smash_sprash_main_00005"},{"time":1.3,"name":"EF/0h/A_ef_smash_sprash_main/ef_smash_sprash_main_00006"},{"time":1.3333,"name":"EF/0h/A_ef_smash_sprash_main/ef_smash_sprash_main_00007"},{"time":1.3666,"name":"EF/0h/A_ef_smash_sprash_main/ef_smash_sprash_main_00008"},{"time":1.4,"name":"EF/0h/A_ef_smash_sprash_main/ef_smash_sprash_main_00009"},{"time":1.4333,"name":"EF/0h/A_ef_smash_sprash_main/ef_smash_sprash_main_00010"},{"time":1.4666,"name":null},{"time":1.9,"name":"EF/0h/A_ef_smash_sprash_main/ef_smash_sprash_main_00002"},{"time":1.9333,"name":"EF/0h/A_ef_smash_sprash_main/ef_smash_sprash_main_00003"},{"time":1.9666,"name":"EF/0h/A_ef_smash_sprash_main/ef_smash_sprash_main_00004"},{"time":2,"name":"EF/0h/A_ef_smash_sprash_main/ef_smash_sprash_main_00005"},{"time":2.0333,"name":"EF/0h/A_ef_smash_sprash_main/ef_smash_sprash_main_00006"},{"time":2.0666,"name":"EF/0h/A_ef_smash_sprash_main/ef_smash_sprash_main_00007"},{"time":2.1,"name":"EF/0h/A_ef_smash_sprash_main/ef_smash_sprash_main_00008"},{"time":2.1333,"name":"EF/0h/A_ef_smash_sprash_main/ef_smash_sprash_main_00009"},{"time":2.1666,"name":"EF/0h/A_ef_smash_sprash_main/ef_smash_sprash_main_00010"},{"time":2.2,"name":null},{"time":2.7333,"name":"EF/0h/A_ef_smash_sprash_main/ef_smash_sprash_main_00002"},{"time":2.7666,"name":"EF/0h/A_ef_smash_sprash_main/ef_smash_sprash_main_00003"},{"time":2.8,"name":"EF/0h/A_ef_smash_sprash_main/ef_smash_sprash_main_00004"},{"time":2.8333,"name":"EF/0h/A_ef_smash_sprash_main/ef_smash_sprash_main_00005"},{"time":2.8666,"name":"EF/0h/A_ef_smash_sprash_main/ef_smash_sprash_main_00006"},{"time":2.9,"name":"EF/0h/A_ef_smash_sprash_main/ef_smash_sprash_main_00007"},{"time":2.9333,"name":"EF/0h/A_ef_smash_sprash_main/ef_smash_sprash_main_00008"},{"time":2.9666,"name":"EF/0h/A_ef_smash_sprash_main/ef_smash_sprash_main_00009"},{"time":3,"name":"EF/0h/A_ef_smash_sprash_main/ef_smash_sprash_main_00010"},{"time":3.0333,"name":null}],"color":[{"time":1.3333,"color":"ffffffff"},{"time":1.4666,"color":"ffffff00","curve":"stepped"},{"time":1.9,"color":"ffffffff","curve":"stepped"},{"time":2.0666,"color":"ffffffff"},{"time":2.2,"color":"ffffff00","curve":"stepped"},{"time":2.7333,"color":"ffffffff","curve":"stepped"},{"time":2.9,"color":"ffffffff"},{"time":3.0333,"color":"ffffff00"}]}},"bones":{"MAIN":{"rotate":[{"time":1.5,"angle":0,"curve":"stepped"},{"time":1.6333,"angle":4.7,"curve":"stepped"},{"time":1.9,"angle":0,"curve":"stepped"},{"time":2.7333,"angle":0,"curve":[0.086,0.21,0.75,1]},{"time":2.8333,"angle":-6.65,"curve":"stepped"},{"time":2.9333,"angle":9.69},{"time":3.0666,"angle":0}],"translate":[{"time":0,"x":0,"y":0,"curve":"stepped"},{"time":0.0666,"x":32.07,"y":0,"curve":"stepped"},{"time":0.1333,"x":68.22,"y":-0.39,"curve":"stepped"},{"time":0.3666,"x":78.55,"y":0},{"time":0.4,"x":78.55,"y":-3.97},{"time":0.4666,"x":78.55,"y":0,"curve":"stepped"},{"time":1.1666,"x":78.55,"y":0},{"time":1.2,"x":84.62,"y":0},{"time":1.2666,"x":78.55,"y":0,"curve":"stepped"},{"time":1.3666,"x":78.55,"y":0},{"time":1.4,"x":85.58,"y":0,"curve":"stepped"},{"time":1.4333,"x":65.35,"y":0,"curve":"stepped"},{"time":1.4666,"x":24.43,"y":0,"curve":"stepped"},{"time":1.5,"x":-9.36,"y":0},{"time":1.6333,"x":-400,"y":0,"curve":[0.114,0.47,0.75,1]},{"time":1.9,"x":-600,"y":0,"curve":[0.081,0.49,0.75,1]},{"time":2.1333,"x":-700,"y":0,"curve":"stepped"},{"time":2.2,"x":-700,"y":0},{"time":2.2333,"x":-700,"y":-6.18},{"time":2.2666,"x":-650,"y":0},{"time":2.4666,"x":-155,"y":330,"curve":[0.065,0.71,0.75,1]},{"time":2.7333,"x":-110,"y":380,"curve":[0.25,0,0.75,1]},{"time":2.8333,"x":-40,"y":403.94},{"time":2.8666,"x":-10,"y":391.75},{"time":2.9333,"x":20,"y":330},{"time":3.1666,"x":90,"y":0},{"time":3.2,"x":92,"y":-10},{"time":3.2666,"x":96,"y":0,"curve":[0.112,0.37,0.75,1]},{"time":3.4333,"x":100,"y":0,"curve":"stepped"},{"time":4.8333,"x":102.12,"y":0,"curve":"stepped"},{"time":4.9333,"x":100,"y":0}]},"ef_charge":{"translate":[{"time":0.3666,"x":116.82,"y":68.51,"curve":"stepped"},{"time":2.5,"x":-93.7,"y":405.8},{"time":2.5666,"x":-63.79,"y":427.09}],"scale":[{"time":0.3666,"x":1,"y":1},{"time":0.7333,"x":2,"y":2,"curve":"stepped"},{"time":2.5,"x":1.5,"y":1.5},{"time":2.6333,"x":2.3,"y":2.3}]},"ef_charge2":{"rotate":[{"time":0.7,"angle":-136.26}],"translate":[{"time":0.7,"x":116.82,"y":68.51}],"scale":[{"time":0.7,"x":2,"y":2,"curve":[0.112,0.31,0.75,1]},{"time":1,"x":2.5,"y":2.5}]},"ef_OF":{"translate":[{"time":1.1,"x":166.79,"y":68.38,"curve":"stepped"},{"time":1.8333,"x":-378.9,"y":68.38,"curve":"stepped"},{"time":2.7,"x":-13.66,"y":426.99}],"scale":[{"time":1.1,"x":1.929,"y":1.929},{"time":1.1333,"x":3.8,"y":3.8,"curve":[0.25,0,0.75,1]},{"time":1.2666,"x":0.5,"y":0.5,"curve":"stepped"},{"time":1.8333,"x":1.929,"y":1.929},{"time":1.8666,"x":4,"y":4,"curve":[0.25,0,0.75,1]},{"time":2,"x":0.5,"y":0.5,"curve":"stepped"},{"time":2.7,"x":1.929,"y":1.929},{"time":2.7333,"x":4,"y":4,"curve":[0.25,0,0.75,1]},{"time":2.8666,"x":0.5,"y":0.5}]},"ef_graund_wave":{"translate":[{"time":1.1666,"x":100,"y":0,"curve":"stepped"},{"time":1.9,"x":-609.09,"y":0,"curve":[0.1,0.57,0.75,1]},{"time":2,"x":-656.7,"y":0}],"scale":[{"time":1.1666,"x":2,"y":2},{"time":1.6,"x":2.3,"y":2.3,"curve":"stepped"},{"time":1.9,"x":2,"y":2},{"time":2.3333,"x":2.5,"y":2.5}]},"ef_smash_attack":{"rotate":[{"time":1.9,"angle":180,"curve":"stepped"},{"time":2.7333,"angle":30}],"translate":[{"time":1.1666,"x":244.58,"y":68.66},{"time":1.3,"x":267.91,"y":68.66,"curve":"stepped"},{"time":1.9,"x":-304.1,"y":68.66},{"time":2.0333,"x":-341.3,"y":68.66,"curve":"stepped"},{"time":2.7333,"x":18.96,"y":406.84},{"time":2.8666,"x":38.76,"y":415.75}],"scale":[{"time":1.1666,"x":2,"y":2,"curve":[0.089,0.79,0.75,1]},{"time":1.3,"x":2.5,"y":2.5,"curve":"stepped"},{"time":1.9,"x":2,"y":2,"curve":[0.089,0.79,0.75,1]},{"time":2.0333,"x":2.7,"y":2.7,"curve":"stepped"},{"time":2.7333,"x":2,"y":2,"curve":[0.089,0.79,0.75,1]},{"time":2.8666,"x":2.5,"y":2.5}]},"ef_smash_sprash":{"rotate":[{"time":1.9,"angle":180,"curve":"stepped"},{"time":2.7333,"angle":30}],"translate":[{"time":1.1666,"x":305.76,"y":68.66},{"time":1.4333,"x":350.22,"y":68.66,"curve":"stepped"},{"time":1.9,"x":-362.5,"y":68.66},{"time":2.1,"x":-362.3,"y":68.66,"curve":"stepped"},{"time":2.7333,"x":80.14,"y":406.84},{"time":3,"x":115.78,"y":428.62}],"scale":[{"time":1.1666,"x":2,"y":2},{"time":1.4666,"x":2.5,"y":2.5,"curve":"stepped"},{"time":1.9,"x":2,"y":2},{"time":2.2,"x":2.7,"y":2.7,"curve":"stepped"},{"time":2.7333,"x":2,"y":2},{"time":3.0333,"x":2.5,"y":2.5}]},"S1_wave_green":{"rotate":[{"time":1.9,"angle":180,"curve":"stepped"},{"time":2.7333,"angle":30}],"translate":[{"time":1.1666,"x":319.36,"y":68.66,"curve":"stepped"},{"time":1.9,"x":-221.4,"y":68.66,"curve":"stepped"},{"time":2.7333,"x":93.74,"y":406.83}],"scale":[{"time":1.1666,"x":2.5,"y":2.5},{"time":1.2666,"x":4.5,"y":4.5,"curve":"stepped"},{"time":1.9,"x":2.5,"y":2.5},{"time":2,"x":5,"y":5,"curve":"stepped"},{"time":2.7333,"x":2.5,"y":2.5},{"time":2.8333,"x":5,"y":5}]},"YA2":{"rotate":[{"time":1.6333,"angle":168.5}],"translate":[{"time":1.6333,"x":7.57,"y":53.56}],"scale":[{"time":1.6333,"x":1.126,"y":1}]},"DAMAGEAREA":{"translate":[{"time":1.2,"x":-56.18,"y":64.82},{"time":1.3333,"x":-419.23,"y":64.82,"curve":"stepped"},{"time":1.9333,"x":-419.23,"y":64.82},{"time":2.1,"x":-77.79,"y":64.82,"curve":"stepped"},{"time":3.2666,"x":-369.25,"y":440.65}],"scale":[{"time":1.2,"x":2.542,"y":1.764},{"time":1.3333,"x":8.027,"y":1.84,"curve":"stepped"},{"time":1.9333,"x":3.864,"y":1.84},{"time":2.1,"x":11.386,"y":1.84,"curve":"stepped"},{"time":3.2666,"x":9.696,"y":7.056}]}},"events":[{"time":0,"name":"Event","string":"ignoreBorder_true"},{"time":0,"name":"Voice","string":"cri_720_voice_fullarts_now_a"},{"time":0.3666,"name":"Sound1","string":"cri_se_battle_charge_long"},{"time":1.1,"name":"Sound1","string":"cri_se_battle_arrow_light_effect"},{"time":1.1,"name":"Sound2","string":"cri_se_battle_gun_burst"},{"time":1.1,"name":"Sound3","string":"setHitSound(se_battle_swordslash_heavy)"},{"time":1.1333,"name":"Event","string":"setHitBackEnemy(30,10)"},{"time":1.1666,"name":"Event","string":"kHitStopType_normal"},{"time":1.2,"name":"Event","string":"setHitStopTime(0.14,0.5)"},{"time":1.2,"name":"Event2","float":1,"string":"shakeGround"},{"time":1.4666,"name":"Sound1","string":"cri_se_battle_jump"},{"time":1.8333,"name":"Sound1","string":"cri_se_battle_arrow_light_effect"},{"time":1.8333,"name":"Sound2","string":"cri_se_battle_gun_burst"},{"time":1.9,"name":"Event","string":"setHitBackEnemy(-30,10)"},{"time":1.9333,"name":"Event2","float":1,"string":"shakeGround"},{"time":1.9333,"name":"Hit","string":"resetHitList"},{"time":2.2666,"name":"Sound1","string":"cri_se_battle_jump"},{"time":2.4333,"name":"Voice","string":"cri_720_voice_fullarts_rank6"},{"time":2.7333,"name":"Sound1","string":"cri_se_battle_arrow_light_effect"},{"time":2.7333,"name":"Sound2","string":"cri_se_battle_gun_burst"},{"time":2.8333,"name":"Event2","float":0.8,"string":"shakeGround"},{"time":3.0333,"name":"Sound1","string":"cri_se_battle_sword_srash_02"},{"time":3.2,"name":"Event2","float":1.5,"string":"shakeGround"},{"time":3.2666,"name":"Event","string":"setHitStopTime(0.25,0.3)"},{"time":3.2666,"name":"Event2","float":1.8,"string":"shakeGround"},{"time":3.2666,"name":"Hit","float":7,"string":"resetHitList"},{"time":3.3333,"name":"Event","string":"setHitStopTime(0.05,0.3)"},{"time":3.3333,"name":"Event2","float":1.5,"string":"shakeGround"},{"time":3.3333,"name":"Hit","float":7,"string":"resetHitList"},{"time":3.4,"name":"Event2","float":1.5,"string":"shakeGround"},{"time":3.4,"name":"Hit","float":7,"string":"resetHitList"}]}}}