{"skeleton":{"hash":"iufp+w/GPtT9wkhYc/iY2Y2WTLU","spine":"3.0.12","width":0,"height":0,"images":"./images2/"},"bones":[{"name":"root"},{"name":"MAIN","parent":"root","y":50.95,"scaleX":1.25,"scaleY":1.25}],"slots":[{"name":"MAIN","bone":"MAIN","attachment":"idle_00"}],"skins":{"default":{"MAIN":{"idle_00":{"x":-24.03,"y":125.45,"width":801,"height":801},"idle_01":{"x":-24.03,"y":125.45,"width":801,"height":801},"idle_02":{"x":-24.03,"y":125.45,"width":801,"height":801},"idle_03":{"x":-24.03,"y":125.45,"width":801,"height":801},"idle_04":{"x":-24.03,"y":125.45,"width":801,"height":801}}}},"events":{"Event":{},"Event2":{"float":0.05,"string":"kHitStopType_enemyonly"},"Hit":{},"HitEffect":{},"Voice":{},"sound_1":{},"sound_2":{},"sound_3":{}},"animations":{"idle":{"slots":{"MAIN":{"attachment":[{"time":0,"name":"idle_00"},{"time":0.1666,"name":"idle_01"},{"time":0.3333,"name":"idle_02"},{"time":0.5,"name":"idle_03"},{"time":0.6666,"name":"idle_04"},{"time":0.8333,"name":"idle_04"}]}}}}}