{"skeleton":{"hash":"5S5RAjt4zIQ7aTHjiSh3bQM4qKs","spine":"3.0.12","width":512,"height":512},"bones":[{"name":"root"},{"name":"MAIN","parent":"root","y":60}],"slots":[{"name":"MAIN","bone":"MAIN","attachment":"idle_01"}],"skins":{"default":{"MAIN":{"idle_00":{"x":10.91,"scaleX":2,"scaleY":2,"width":256,"height":256},"idle_01":{"x":10.91,"scaleX":2,"scaleY":2,"width":256,"height":256},"idle_02":{"x":10.91,"scaleX":2,"scaleY":2,"width":256,"height":256},"idle_03":{"x":10.91,"scaleX":2,"scaleY":2,"width":256,"height":256},"idle_04":{"x":10.91,"scaleX":2,"scaleY":2,"width":256,"height":256}}}},"events":{"Event":{},"Hit":{}},"animations":{"idle":{"slots":{"MAIN":{"attachment":[{"time":0,"name":"idle_00"},{"time":0.1666,"name":"idle_01"},{"time":0.3333,"name":"idle_02"},{"time":0.5,"name":"idle_03"},{"time":0.6666,"name":"idle_04"},{"time":0.8333,"name":"idle_00"}]}}}}}