{
    "ui_objects":
    {
        "Ascend":
        {
            "m_isRadioButton":true,
            "m_state":false
        },
        "Descend":
        {
            "m_isRadioButton":true,
            "m_state":true
        },
        "Index":
        {
            "m_isRadioButton":true,
            "m_state":true
        },
        "GetTime":
        {
            "m_isRadioButton":true,
            "m_state":false
        },
        "Number":
        {
            "m_isRadioButton":true,
            "m_state":false
        },
        "Count":
        {
            "m_isRadioButton":true,
            "m_state":false
        },
        "Rarity":
        {
            "m_isRadioButton":true,
            "m_state":false
        },
        "Level":
        {
            "m_isRadioButton":true,
            "m_state":false
        },
        "Effect":
        {
            "m_isRadioButton":true,
            "m_state":false
        },
        "Rarity1":
        {
            "m_isRadioButton":false,
            "m_state":true
        },
       "Rarity2":
       {
            "m_isRadioButton":false,
            "m_state":true
        },
        "Rarity3":
        {
            "m_isRadioButton":false,
            "m_state":true
        },
        "Rarity4":
        {
            "m_isRadioButton":false,
            "m_state":true
        },
        "Rarity5":
        {
            "m_isRadioButton":false,
            "m_state":true
        },
        "NotMaster":
        {
            "m_isRadioButton":false,
            "m_state":true
        },
        "Master":
        {
            "m_isRadioButton":false,
            "m_state":true
        },
        "Effect1":
        {
            "m_isRadioButton":false,
            "m_state":true
        },
        "Effect2":
        {
            "m_isRadioButton":false,
            "m_state":true
        },
        "Effect3":
        {
            "m_isRadioButton":false,
            "m_state":true
        }
    }
}
