{
"ui_objects":{
    "Ascend":{
        "m_isRadioButton":true,
        "m_state":true
    },
    "Attack":{
        "m_isRadioButton":true,
        "m_state":false
    },
    "ByGotAt":{
        "m_isRadioButton":true,
        "m_state":false
    },
    "Defense":{
        "m_isRadioButton":true,
        "m_state":false
    },
    "Descend":{
        "m_isRadioButton":true,
        "m_state":false
    },
    "Element":{
        "m_isRadioButton":true,
        "m_state":true
    },
    "Element1":{
        "m_isRadioButton":false,
        "m_state":true
    },
    "Element2":{
        "m_isRadioButton":false,
        "m_state":true
    },
    "Element3":{
        "m_isRadioButton":false,
        "m_state":true
    },
    "Element4":{
        "m_isRadioButton":false,
        "m_state":true
    },
    "Element5":{
        "m_isRadioButton":false,
        "m_state":true
    },
    "Evolution":{
        "m_isRadioButton":true,
        "m_state":false
    },
    "ExcludeMaxLuck":{
        "m_isRadioButton":false,
        "m_state":true
    },
    "General":{
        "m_isRadioButton":true,
        "m_state":false
    },
    "Hitpoint":{
        "m_isRadioButton":true,
        "m_state":false
    },
    "Level":{
        "m_isRadioButton":true,
        "m_state":false
    },
    "Luck":{
        "m_isRadioButton":true,
        "m_state":false
    },
    "OnlyMaxLuck":{
        "m_isRadioButton":false,
        "m_state":true
    },
    "OnlyMaxLevel":{
        "m_isRadioButton":false,
        "m_state":true
    },
    "ExcludeMaxLevel":{
        "m_isRadioButton":false,
        "m_state":true
    },
    "Race":{
        "m_isRadioButton":true,
        "m_state":false
    },
    "Rarity":{
        "m_isRadioButton":true,
        "m_state":false
    },
    "RarityMax":{
        "m_isRadioButton":true,
        "m_state":false
    },
    "Rarity2":{
        "m_isRadioButton":false,
        "m_state":true
    },
    "Rarity3":{
        "m_isRadioButton":false,
        "m_state":true
    },
    "Rarity4":{
        "m_isRadioButton":false,
        "m_state":true
    },
    "Rarity5":{
        "m_isRadioButton":false,
        "m_state":true
    },
    "Rarity6":{
        "m_isRadioButton":false,
        "m_state":true
    },
    "MaxRarity2":{
        "m_isRadioButton":false,
        "m_state":true
    },
    "MaxRarity3":{
        "m_isRadioButton":false,
        "m_state":true
    },
    "MaxRarity4":{
        "m_isRadioButton":false,
        "m_state":true
    },
    "MaxRarity5":{
        "m_isRadioButton":false,
        "m_state":true
    },
    "MaxRarity6":{
        "m_isRadioButton":false,
        "m_state":true
    },
    "Favorite":
    {
        "m_isRadioButton":false,
        "m_state":false
    },
    "Reinforce":{
        "m_isRadioButton":true,
        "m_state":false
    },
    "Sell":{
        "m_isRadioButton":true,
        "m_state":false
    }
}
}
