{"skeleton":{"hash":"PaBf2TPES7w8QaUc+wdNdRmIVFw","spine":"3.0.12","width":0,"height":0},"bones":[{"name":"root"},{"name":"MAIN","parent":"root"},{"name":"S2_shine1","parent":"MAIN","x":303.06,"y":95.76},{"name":"S2_magic1","parent":"MAIN","x":2.72,"y":-98.42},{"name":"S1_shine1_4","parent":"MAIN","x":255.77,"y":0.83},{"name":"S1_shine1_3","parent":"MAIN","x":160.11,"y":-0.1},{"name":"S1_shine1_2","parent":"MAIN","x":448.54,"y":-0.24},{"name":"S1_shine1_1","parent":"MAIN","x":352.4,"y":0.47},{"name":"S1_leaf2_2","parent":"MAIN","x":64.69,"y":-261.2},{"name":"S1_leaf3","parent":"MAIN","x":-126.98,"y":63.83},{"name":"S1_leaf2","parent":"MAIN","x":-63.57,"y":-260.7},{"name":"S1_leaf1","parent":"MAIN","x":-126.98,"y":63.83},{"name":"A1_shot1","parent":"MAIN","x":-127.39,"y":0.02},{"name":"DAMAGEAREA","parent":"root"}],"slots":[{"name":"A1_shot1","bone":"A1_shot1","blend":"additive"},{"name":"S1_leaf1","bone":"S1_leaf1","blend":"additive"},{"name":"S1_leaf3","bone":"S1_leaf3","blend":"additive"},{"name":"S1_leaf2","bone":"S1_leaf2","blend":"additive"},{"name":"S1_leaf2_2","bone":"S1_leaf2_2","blend":"additive"},{"name":"S1_shine1_1","bone":"S1_shine1_1","blend":"additive"},{"name":"S1_shine1_2","bone":"S1_shine1_2","blend":"additive"},{"name":"S1_shine1_3","bone":"S1_shine1_3","blend":"additive"},{"name":"S1_shine1_4","bone":"S1_shine1_4","blend":"additive"},{"name":"S2_magic1","bone":"S2_magic1","blend":"additive"},{"name":"S2_shine1","bone":"S2_shine1","blend":"additive"},{"name":"DAMAGEAREA","bone":"DAMAGEAREA"}],"skins":{"default":{"A1_shot1":{"EF/230_A1_shot1/230_A1_shot1_00040":{"x":-60.94,"y":-1.59,"width":350,"height":350},"EF/230_A1_shot1/230_A1_shot1_00041":{"x":-60.94,"y":-1.59,"width":350,"height":350},"EF/230_A1_shot1/230_A1_shot1_00042":{"x":-60.94,"y":-1.59,"width":350,"height":350},"EF/230_A1_shot1/230_A1_shot1_00043":{"x":-60.94,"y":-1.59,"width":350,"height":350},"EF/230_A1_shot1/230_A1_shot1_00044":{"x":-60.94,"y":-1.59,"width":350,"height":350},"EF/230_A1_shot1/230_A1_shot1_00045":{"x":-60.94,"y":-1.59,"width":350,"height":350},"EF/230_A1_shot1/230_A1_shot1_00046":{"x":-60.94,"y":-1.59,"width":350,"height":350},"EF/230_A1_shot1/230_A1_shot1_00047":{"x":-60.94,"y":-1.59,"width":350,"height":350},"EF/230_A1_shot1/230_A1_shot1_00048":{"x":-60.94,"y":-1.59,"width":350,"height":350},"EF/230_A1_shot1/230_A1_shot1_00049":{"x":-60.94,"y":-1.59,"width":350,"height":350},"EF/230_A1_shot1/230_A1_shot1_00050":{"x":-60.94,"y":-1.59,"width":350,"height":350}},"DAMAGEAREA":{"DAMAGEAREA":{"type":"boundingbox","vertices":[-31.76563,30.55378,-31.28362,-31.62414,29.93029,-33.55214,30.41228,31.03578]}},"S1_leaf1":{"EF/230_S1_leaf1/230_S1_leaf1_00040":{"x":-25.78,"y":-6.66,"width":285,"height":285},"EF/230_S1_leaf1/230_S1_leaf1_00041":{"x":-25.78,"y":-6.66,"width":285,"height":285},"EF/230_S1_leaf1/230_S1_leaf1_00042":{"x":-25.78,"y":-6.66,"width":285,"height":285},"EF/230_S1_leaf1/230_S1_leaf1_00043":{"x":-25.78,"y":-6.66,"width":285,"height":285},"EF/230_S1_leaf1/230_S1_leaf1_00044":{"x":-25.78,"y":-6.66,"width":285,"height":285},"EF/230_S1_leaf1/230_S1_leaf1_00045":{"x":-25.78,"y":-6.66,"width":285,"height":285},"EF/230_S1_leaf1/230_S1_leaf1_00046":{"x":-25.78,"y":-6.66,"width":285,"height":285},"EF/230_S1_leaf1/230_S1_leaf1_00047":{"x":-25.78,"y":-6.66,"width":285,"height":285},"EF/230_S1_leaf1/230_S1_leaf1_00048":{"x":-25.78,"y":-6.66,"width":285,"height":285},"EF/230_S1_leaf1/230_S1_leaf1_00049":{"x":-25.78,"y":-6.66,"width":285,"height":285},"EF/230_S1_leaf1/230_S1_leaf1_00050":{"x":-25.78,"y":-6.66,"width":285,"height":285},"EF/230_S1_leaf1/230_S1_leaf1_00051":{"x":-25.78,"y":-6.66,"width":285,"height":285},"EF/230_S1_leaf1/230_S1_leaf1_00052":{"x":-25.78,"y":-6.66,"width":285,"height":285},"EF/230_S1_leaf1/230_S1_leaf1_00054":{"x":-25.78,"y":-6.66,"width":285,"height":285},"EF/230_S1_leaf1/230_S1_leaf1_00056":{"x":-25.78,"y":-6.66,"width":285,"height":285},"EF/230_S1_leaf1/230_S1_leaf1_00058":{"x":-25.78,"y":-6.66,"width":285,"height":285},"EF/230_S1_leaf1/230_S1_leaf1_00060":{"x":-25.78,"y":-6.66,"width":285,"height":285},"EF/230_S1_leaf1/230_S1_leaf1_00062":{"x":-25.78,"y":-6.66,"width":285,"height":285},"EF/230_S1_leaf1/230_S1_leaf1_00064":{"x":-25.78,"y":-6.66,"width":285,"height":285}},"S1_leaf2":{"EF/230_S1_leaf2/230_S1_leaf2_00041":{"x":4.8,"y":-4.19,"width":350,"height":350},"EF/230_S1_leaf2/230_S1_leaf2_00043":{"x":4.8,"y":-4.19,"width":350,"height":350},"EF/230_S1_leaf2/230_S1_leaf2_00045":{"x":4.8,"y":-4.19,"width":350,"height":350},"EF/230_S1_leaf2/230_S1_leaf2_00046":{"x":4.8,"y":-4.19,"width":350,"height":350},"EF/230_S1_leaf2/230_S1_leaf2_00047":{"x":4.8,"y":-4.19,"width":350,"height":350},"EF/230_S1_leaf2/230_S1_leaf2_00048":{"x":4.8,"y":-4.19,"width":350,"height":350},"EF/230_S1_leaf2/230_S1_leaf2_00050":{"x":4.8,"y":-4.19,"width":350,"height":350},"EF/230_S1_leaf2/230_S1_leaf2_00052":{"x":4.8,"y":-4.19,"width":350,"height":350},"EF/230_S1_leaf2/230_S1_leaf2_00054":{"x":4.8,"y":-4.19,"width":350,"height":350},"EF/230_S1_leaf2/230_S1_leaf2_00056":{"x":4.8,"y":-4.19,"width":350,"height":350}},"S1_leaf2_2":{"EF/230_S1_leaf2/230_S1_leaf2_00041":{"x":4.8,"y":-4.19,"width":350,"height":350},"EF/230_S1_leaf2/230_S1_leaf2_00043":{"x":4.8,"y":-4.19,"width":350,"height":350},"EF/230_S1_leaf2/230_S1_leaf2_00045":{"x":4.8,"y":-4.19,"width":350,"height":350},"EF/230_S1_leaf2/230_S1_leaf2_00046":{"x":4.8,"y":-4.19,"width":350,"height":350},"EF/230_S1_leaf2/230_S1_leaf2_00047":{"x":4.8,"y":-4.19,"width":350,"height":350},"EF/230_S1_leaf2/230_S1_leaf2_00048":{"x":4.8,"y":-4.19,"width":350,"height":350},"EF/230_S1_leaf2/230_S1_leaf2_00050":{"x":4.8,"y":-4.19,"width":350,"height":350},"EF/230_S1_leaf2/230_S1_leaf2_00052":{"x":4.8,"y":-4.19,"width":350,"height":350},"EF/230_S1_leaf2/230_S1_leaf2_00054":{"x":4.8,"y":-4.19,"width":350,"height":350},"EF/230_S1_leaf2/230_S1_leaf2_00056":{"x":4.8,"y":-4.19,"width":350,"height":350}},"S1_leaf3":{"EF/230_S1_leaf1/230_S1_leaf1_00040":{"x":-25.78,"y":-6.66,"width":285,"height":285},"EF/230_S1_leaf1/230_S1_leaf1_00041":{"x":-25.78,"y":-6.66,"width":285,"height":285},"EF/230_S1_leaf1/230_S1_leaf1_00042":{"x":-25.78,"y":-6.66,"width":285,"height":285},"EF/230_S1_leaf1/230_S1_leaf1_00043":{"x":-25.78,"y":-6.66,"width":285,"height":285},"EF/230_S1_leaf1/230_S1_leaf1_00044":{"x":-25.78,"y":-6.66,"width":285,"height":285},"EF/230_S1_leaf1/230_S1_leaf1_00045":{"x":-25.78,"y":-6.66,"width":285,"height":285},"EF/230_S1_leaf1/230_S1_leaf1_00046":{"x":-25.78,"y":-6.66,"width":285,"height":285},"EF/230_S1_leaf1/230_S1_leaf1_00047":{"x":-25.78,"y":-6.66,"width":285,"height":285},"EF/230_S1_leaf1/230_S1_leaf1_00048":{"x":-25.78,"y":-6.66,"width":285,"height":285},"EF/230_S1_leaf1/230_S1_leaf1_00049":{"x":-25.78,"y":-6.66,"width":285,"height":285},"EF/230_S1_leaf1/230_S1_leaf1_00050":{"x":-25.78,"y":-6.66,"width":285,"height":285},"EF/230_S1_leaf1/230_S1_leaf1_00051":{"x":-25.78,"y":-6.66,"width":285,"height":285},"EF/230_S1_leaf1/230_S1_leaf1_00052":{"x":-25.78,"y":-6.66,"width":285,"height":285},"EF/230_S1_leaf1/230_S1_leaf1_00054":{"x":-25.78,"y":-6.66,"width":285,"height":285},"EF/230_S1_leaf1/230_S1_leaf1_00056":{"x":-25.78,"y":-6.66,"width":285,"height":285},"EF/230_S1_leaf1/230_S1_leaf1_00058":{"x":-25.78,"y":-6.66,"width":285,"height":285},"EF/230_S1_leaf1/230_S1_leaf1_00060":{"x":-25.78,"y":-6.66,"width":285,"height":285},"EF/230_S1_leaf1/230_S1_leaf1_00062":{"x":-25.78,"y":-6.66,"width":285,"height":285},"EF/230_S1_leaf1/230_S1_leaf1_00064":{"x":-25.78,"y":-6.66,"width":285,"height":285}},"S1_shine1_1":{"EF/230_S1_shine1/230_S1_shine1_00039":{"x":0.25,"y":-1.01,"width":200,"height":200},"EF/230_S1_shine1/230_S1_shine1_00040":{"x":0.25,"y":-1.01,"width":200,"height":200},"EF/230_S1_shine1/230_S1_shine1_00041":{"x":0.25,"y":-1.01,"width":200,"height":200}},"S1_shine1_2":{"EF/230_S1_shine1/230_S1_shine1_00039":{"x":0.25,"y":-1.01,"width":200,"height":200},"EF/230_S1_shine1/230_S1_shine1_00040":{"x":0.25,"y":-1.01,"width":200,"height":200},"EF/230_S1_shine1/230_S1_shine1_00041":{"x":0.25,"y":-1.01,"width":200,"height":200}},"S1_shine1_3":{"EF/230_S1_shine1/230_S1_shine1_00039":{"x":0.25,"y":-1.01,"width":200,"height":200},"EF/230_S1_shine1/230_S1_shine1_00040":{"x":0.25,"y":-1.01,"width":200,"height":200},"EF/230_S1_shine1/230_S1_shine1_00041":{"x":0.25,"y":-1.01,"width":200,"height":200}},"S1_shine1_4":{"EF/230_S1_shine1/230_S1_shine1_00039":{"x":0.25,"y":-1.01,"width":200,"height":200},"EF/230_S1_shine1/230_S1_shine1_00040":{"x":0.25,"y":-1.01,"width":200,"height":200},"EF/230_S1_shine1/230_S1_shine1_00041":{"x":0.25,"y":-1.01,"width":200,"height":200}},"S2_magic1":{"EF/230_S2_magic1/230_S2_magic1_00044":{"x":0.37,"y":2.02,"width":280,"height":280},"EF/230_S2_magic1/230_S2_magic1_00045":{"x":0.37,"y":2.02,"width":280,"height":280},"EF/230_S2_magic1/230_S2_magic1_00047":{"x":0.37,"y":2.02,"width":280,"height":280},"EF/230_S2_magic1/230_S2_magic1_00049":{"x":0.37,"y":2.02,"width":280,"height":280},"EF/230_S2_magic1/230_S2_magic1_00051":{"x":0.37,"y":2.02,"width":280,"height":280},"EF/230_S2_magic1/230_S2_magic1_00053":{"x":0.37,"y":2.02,"width":280,"height":280},"EF/230_S2_magic1/230_S2_magic1_00055":{"x":0.37,"y":2.02,"width":280,"height":280},"EF/230_S2_magic1/230_S2_magic1_00056":{"x":0.37,"y":2.02,"width":280,"height":280}},"S2_shine1":{"EF/230_S2_shine1/230_S2_shine1_00039":{"x":0.77,"y":-0.24,"width":200,"height":200},"EF/230_S2_shine1/230_S2_shine1_00040":{"x":0.77,"y":-0.24,"width":200,"height":200},"EF/230_S2_shine1/230_S2_shine1_00041":{"x":0.77,"y":-0.24,"width":200,"height":200}}}},"events":{"EFEvent":{},"Sound":{},"Sound2":{}},"animations":{"1-attack1":{},"1-attack1ORG":{"slots":{"DAMAGEAREA":{"attachment":[{"time":1.1666,"name":"DAMAGEAREA"},{"time":1.2666,"name":null}]},"S1_shine1_3":{"attachment":[{"time":1,"name":"EF/230_S1_shine1/230_S1_shine1_00041"},{"time":1.1,"name":null},{"time":1.1666,"name":"EF/230_S1_shine1/230_S1_shine1_00040"},{"time":1.2333,"name":"EF/230_S1_shine1/230_S1_shine1_00041"},{"time":1.3333,"name":null}]}},"bones":{"S1_shine1_3":{"translate":[{"time":1,"x":-93.42,"y":91.11,"curve":[0.207,0.54,0.544,0.96]},{"time":1.1666,"x":-453.91,"y":34.52}],"scale":[{"time":1,"x":2,"y":2},{"time":1.1666,"x":4.86,"y":4.86},{"time":1.3,"x":2.269,"y":2.269}]},"DAMAGEAREA":{"translate":[{"time":1.1666,"x":-294.33,"y":38.81}],"scale":[{"time":1.1666,"x":1.87,"y":1.795}]}}},"1-skill1":{"slots":{"A1_shot1":{"attachment":[{"time":0.5333,"name":"EF/230_A1_shot1/230_A1_shot1_00040"},{"time":0.5666,"name":"EF/230_A1_shot1/230_A1_shot1_00041"},{"time":0.6,"name":"EF/230_A1_shot1/230_A1_shot1_00042"},{"time":0.6333,"name":"EF/230_A1_shot1/230_A1_shot1_00043"},{"time":0.6666,"name":"EF/230_A1_shot1/230_A1_shot1_00044"},{"time":0.7,"name":"EF/230_A1_shot1/230_A1_shot1_00045"},{"time":0.7333,"name":"EF/230_A1_shot1/230_A1_shot1_00046"},{"time":0.7666,"name":"EF/230_A1_shot1/230_A1_shot1_00047"},{"time":0.8,"name":"EF/230_A1_shot1/230_A1_shot1_00048"},{"time":0.8333,"name":"EF/230_A1_shot1/230_A1_shot1_00049"},{"time":0.8666,"name":"EF/230_A1_shot1/230_A1_shot1_00050"},{"time":1,"name":null}],"color":[{"time":0.8666,"color":"ffffffff"},{"time":1,"color":"ffffff00"}]},"S1_leaf1":{"attachment":[{"time":0.5333,"name":"EF/230_S1_leaf1/230_S1_leaf1_00040"},{"time":0.5666,"name":"EF/230_S1_leaf1/230_S1_leaf1_00041"},{"time":0.6,"name":"EF/230_S1_leaf1/230_S1_leaf1_00042"},{"time":0.6333,"name":"EF/230_S1_leaf1/230_S1_leaf1_00043"},{"time":0.6666,"name":"EF/230_S1_leaf1/230_S1_leaf1_00044"},{"time":0.7,"name":"EF/230_S1_leaf1/230_S1_leaf1_00045"},{"time":0.7333,"name":"EF/230_S1_leaf1/230_S1_leaf1_00046"},{"time":0.7666,"name":"EF/230_S1_leaf1/230_S1_leaf1_00047"},{"time":0.8,"name":"EF/230_S1_leaf1/230_S1_leaf1_00048"},{"time":0.8333,"name":"EF/230_S1_leaf1/230_S1_leaf1_00049"},{"time":0.8666,"name":"EF/230_S1_leaf1/230_S1_leaf1_00050"},{"time":0.9,"name":"EF/230_S1_leaf1/230_S1_leaf1_00051"},{"time":0.9333,"name":"EF/230_S1_leaf1/230_S1_leaf1_00052"},{"time":1,"name":"EF/230_S1_leaf1/230_S1_leaf1_00054"},{"time":1.0666,"name":"EF/230_S1_leaf1/230_S1_leaf1_00056"},{"time":1.1333,"name":"EF/230_S1_leaf1/230_S1_leaf1_00058"},{"time":1.2,"name":"EF/230_S1_leaf1/230_S1_leaf1_00062"},{"time":1.2666,"name":"EF/230_S1_leaf1/230_S1_leaf1_00064"},{"time":1.3333,"name":null}],"color":[{"time":0.5333,"color":"ffffff88"},{"time":1,"color":"ffffffff"},{"time":1.3333,"color":"ffffff00"}]},"S1_leaf2":{"attachment":[{"time":0.5333,"name":"EF/230_S1_leaf2/230_S1_leaf2_00041"},{"time":0.6333,"name":"EF/230_S1_leaf2/230_S1_leaf2_00043"},{"time":0.7,"name":"EF/230_S1_leaf2/230_S1_leaf2_00045"},{"time":0.7666,"name":"EF/230_S1_leaf2/230_S1_leaf2_00046"},{"time":0.8,"name":"EF/230_S1_leaf2/230_S1_leaf2_00047"},{"time":0.8333,"name":"EF/230_S1_leaf2/230_S1_leaf2_00048"},{"time":0.9,"name":"EF/230_S1_leaf2/230_S1_leaf2_00050"},{"time":0.9666,"name":"EF/230_S1_leaf2/230_S1_leaf2_00052"},{"time":1.0333,"name":"EF/230_S1_leaf2/230_S1_leaf2_00054"},{"time":1.1,"name":"EF/230_S1_leaf2/230_S1_leaf2_00056"}],"color":[{"time":0.5333,"color":"ffffff97"},{"time":0.9,"color":"ffffffff"},{"time":1.1666,"color":"ffffff00"}]},"S1_leaf2_2":{"attachment":[{"time":0,"name":null}]},"S1_shine1_1":{"attachment":[{"time":0.7333,"name":"EF/230_S1_shine1/230_S1_shine1_00039"},{"time":0.7666,"name":"EF/230_S1_shine1/230_S1_shine1_00040"},{"time":0.8,"name":"EF/230_S1_shine1/230_S1_shine1_00041"},{"time":1,"name":null}]},"S1_shine1_2":{"attachment":[{"time":0.8,"name":"EF/230_S1_shine1/230_S1_shine1_00039"},{"time":0.8333,"name":"EF/230_S1_shine1/230_S1_shine1_00040"},{"time":0.8666,"name":"EF/230_S1_shine1/230_S1_shine1_00041"},{"time":1.0666,"name":null}]},"S1_shine1_3":{"attachment":[{"time":0.8333,"name":"EF/230_S1_shine1/230_S1_shine1_00039"},{"time":0.8666,"name":"EF/230_S1_shine1/230_S1_shine1_00040"},{"time":0.9,"name":"EF/230_S1_shine1/230_S1_shine1_00041"},{"time":1.0666,"name":null}]},"S1_shine1_4":{"attachment":[{"time":0,"name":null}]},"S2_magic1":{"attachment":[{"time":0,"name":null}]},"S2_shine1":{"attachment":[{"time":0,"name":null}]}},"bones":{"A1_shot1":{"translate":[{"time":0.5333,"x":-18.36,"y":75.63}],"scale":[{"time":0.5333,"x":2.6,"y":2.6}]},"S1_leaf1":{"translate":[{"time":0.5333,"x":-20.99,"y":12.54,"curve":[0.227,0.06,0.686,0.44]},{"time":1,"x":-4.75,"y":12.54,"curve":[0.265,0.13,0.611,0.47]},{"time":1.3333,"x":1.69,"y":12.54}],"scale":[{"time":0.5333,"x":2.6,"y":2.6}]},"S1_leaf2":{"translate":[{"time":0.5333,"x":-16.04,"y":356.22,"curve":[0.227,0.06,0.686,0.44]},{"time":0.7,"x":-13.98,"y":356.22}],"scale":[{"time":0.5333,"x":0.7,"y":0.7},{"time":0.7,"x":1.4,"y":1.4}]},"S1_shine1_1":{"translate":[{"time":0.7333,"x":-781.2,"y":81.12}],"scale":[{"time":0.7333,"x":2.6,"y":2.6,"curve":"stepped"},{"time":0.8,"x":2.6,"y":2.6},{"time":0.9666,"x":0.746,"y":0.746}]},"S1_shine1_2":{"translate":[{"time":0.8,"x":-751.52,"y":128.42}],"scale":[{"time":0.8,"x":2.6,"y":2.6,"curve":[0.227,0.06,0.686,0.44]},{"time":1.0333,"x":0.75,"y":0.75}]},"S1_shine1_3":{"translate":[{"time":0.8333,"x":-362.31,"y":3.81}],"scale":[{"time":0.8333,"x":2.6,"y":2.6,"curve":[0.227,0.06,0.686,0.44]},{"time":1.0333,"x":0.75,"y":0.75}]}},"events":[{"time":0.5333,"name":"Sound2"}]},"1-skill2":{"slots":{"A1_shot1":{"attachment":[{"time":0,"name":null}]},"S1_leaf1":{"attachment":[{"time":0,"name":null},{"time":1.3333,"name":null}]},"S1_leaf2":{"attachment":[{"time":0,"name":null},{"time":1.3666,"name":"EF/230_S1_leaf2/230_S1_leaf2_00041"},{"time":1.5,"name":"EF/230_S1_leaf2/230_S1_leaf2_00041"},{"time":1.5333,"name":"EF/230_S1_leaf2/230_S1_leaf2_00043"},{"time":1.5666,"name":"EF/230_S1_leaf2/230_S1_leaf2_00045"},{"time":1.6,"name":"EF/230_S1_leaf2/230_S1_leaf2_00046"},{"time":1.6333,"name":"EF/230_S1_leaf2/230_S1_leaf2_00047"},{"time":1.6666,"name":"EF/230_S1_leaf2/230_S1_leaf2_00048"},{"time":1.7,"name":"EF/230_S1_leaf2/230_S1_leaf2_00050"},{"time":1.7333,"name":"EF/230_S1_leaf2/230_S1_leaf2_00052"},{"time":1.8,"name":"EF/230_S1_leaf2/230_S1_leaf2_00054"},{"time":1.8666,"name":"EF/230_S1_leaf2/230_S1_leaf2_00056"}],"color":[{"time":1.7333,"color":"ffffffff"},{"time":2,"color":"ffffff00"}]},"S1_leaf2_2":{"attachment":[{"time":0,"name":null},{"time":1.7666,"name":"EF/230_S1_leaf2/230_S1_leaf2_00041"},{"time":1.9,"name":"EF/230_S1_leaf2/230_S1_leaf2_00041"},{"time":1.9333,"name":"EF/230_S1_leaf2/230_S1_leaf2_00043"},{"time":1.9666,"name":"EF/230_S1_leaf2/230_S1_leaf2_00045"},{"time":2,"name":"EF/230_S1_leaf2/230_S1_leaf2_00046"},{"time":2.0333,"name":"EF/230_S1_leaf2/230_S1_leaf2_00047"},{"time":2.0666,"name":"EF/230_S1_leaf2/230_S1_leaf2_00048"},{"time":2.1,"name":"EF/230_S1_leaf2/230_S1_leaf2_00050"},{"time":2.1333,"name":"EF/230_S1_leaf2/230_S1_leaf2_00052"},{"time":2.2,"name":"EF/230_S1_leaf2/230_S1_leaf2_00054"},{"time":2.2666,"name":"EF/230_S1_leaf2/230_S1_leaf2_00056"}],"color":[{"time":2.1333,"color":"ffffffff"},{"time":2.4,"color":"ffffff00"}]},"S1_shine1_1":{"attachment":[{"time":0,"name":null},{"time":1.5333,"name":"EF/230_S1_shine1/230_S1_shine1_00039"},{"time":1.5666,"name":"EF/230_S1_shine1/230_S1_shine1_00040"},{"time":1.6,"name":"EF/230_S1_shine1/230_S1_shine1_00041"},{"time":1.8,"name":null}]},"S1_shine1_2":{"attachment":[{"time":0,"name":null},{"time":1.6,"name":"EF/230_S1_shine1/230_S1_shine1_00039"},{"time":1.6333,"name":"EF/230_S1_shine1/230_S1_shine1_00040"},{"time":1.6666,"name":"EF/230_S1_shine1/230_S1_shine1_00041"},{"time":1.8666,"name":null}]},"S1_shine1_3":{"attachment":[{"time":0,"name":null},{"time":1.6666,"name":"EF/230_S1_shine1/230_S1_shine1_00039"},{"time":1.7,"name":"EF/230_S1_shine1/230_S1_shine1_00040"},{"time":1.7333,"name":"EF/230_S1_shine1/230_S1_shine1_00041"},{"time":1.9333,"name":null}]},"S1_shine1_4":{"attachment":[{"time":0,"name":null},{"time":1.7333,"name":"EF/230_S1_shine1/230_S1_shine1_00039"},{"time":1.7666,"name":"EF/230_S1_shine1/230_S1_shine1_00040"},{"time":1.8,"name":"EF/230_S1_shine1/230_S1_shine1_00041"},{"time":2,"name":null}]},"S2_magic1":{"attachment":[{"time":0,"name":null},{"time":1.3333,"name":"EF/230_S2_magic1/230_S2_magic1_00044"},{"time":1.5666,"name":"EF/230_S2_magic1/230_S2_magic1_00045"},{"time":1.6333,"name":"EF/230_S2_magic1/230_S2_magic1_00047"},{"time":1.7,"name":"EF/230_S2_magic1/230_S2_magic1_00049"},{"time":1.7666,"name":"EF/230_S2_magic1/230_S2_magic1_00051"},{"time":1.8333,"name":"EF/230_S2_magic1/230_S2_magic1_00053"},{"time":1.9,"name":"EF/230_S2_magic1/230_S2_magic1_00055"},{"time":1.9333,"name":"EF/230_S2_magic1/230_S2_magic1_00056"},{"time":1.9666,"name":null}]},"S2_shine1":{"attachment":[{"time":0,"name":null},{"time":0.8666,"name":"EF/230_S2_shine1/230_S2_shine1_00039"},{"time":0.9,"name":"EF/230_S2_shine1/230_S2_shine1_00040"},{"time":0.9333,"name":"EF/230_S2_shine1/230_S2_shine1_00041"},{"time":1.1,"name":null}]}},"bones":{"S1_leaf2":{"translate":[{"time":1.3666,"x":2.09,"y":426.12,"curve":[0.227,0.06,0.686,0.44]},{"time":1.9333,"x":2.09,"y":426.1}],"scale":[{"time":1.3666,"x":1.3,"y":1.3},{"time":1.5,"x":2.6,"y":2.6,"curve":"stepped"},{"time":1.8666,"x":2.6,"y":2.6},{"time":2,"x":2.7,"y":2.7}]},"S1_shine1_1":{"translate":[{"time":1.5333,"x":-240.18,"y":373.92}],"scale":[{"time":1.5333,"x":3.6,"y":3.6,"curve":"stepped"},{"time":1.6,"x":3.6,"y":3.6},{"time":1.8,"x":0.76,"y":0.76}]},"S2_magic1":{"rotate":[{"time":1.3333,"angle":0},{"time":1.5666,"angle":-13.68},{"time":1.9333,"angle":-19.77}],"translate":[{"time":1.3333,"x":-64.33,"y":263}],"scale":[{"time":1.3333,"x":3,"y":3}]},"S2_shine1":{"translate":[{"time":0.8666,"x":-227.26,"y":-16.34,"curve":[0,0.17,0.515,0.66]},{"time":1.1,"x":-214.83,"y":-26}],"scale":[{"time":0.8666,"x":4,"y":4,"curve":[0.227,0.06,0.686,0.44]},{"time":1.1,"x":0.377,"y":0.377}]},"S1_shine1_2":{"translate":[{"time":1.6,"x":-678.74,"y":118.1}],"scale":[{"time":1.6,"x":3.6,"y":3.6,"curve":"stepped"},{"time":1.6666,"x":3.6,"y":3.6},{"time":1.8666,"x":0.76,"y":0.76}]},"S1_shine1_3":{"translate":[{"time":1.6666,"x":-41.01,"y":76.46}],"scale":[{"time":1.6666,"x":3.6,"y":3.6,"curve":"stepped"},{"time":1.7333,"x":3.6,"y":3.6},{"time":1.9333,"x":0.76,"y":0.76}]},"S1_leaf2_2":{"translate":[{"time":1.7666,"x":-126.17,"y":426.6}],"scale":[{"time":1.7666,"x":1.3,"y":1.3},{"time":1.9,"x":2.6,"y":2.6,"curve":"stepped"},{"time":2.2666,"x":2.6,"y":2.6},{"time":2.4,"x":2.7,"y":2.7}]},"S1_shine1_4":{"translate":[{"time":1.7333,"x":-390.33,"y":387.96}],"scale":[{"time":1.7333,"x":3.6,"y":3.6,"curve":"stepped"},{"time":1.8,"x":3.6,"y":3.6},{"time":2,"x":0.76,"y":0.76}]}},"events":[{"time":1.3333,"name":"Sound2"}]},"2-attack1":{},"2-skill1":{"slots":{"A1_shot1":{"attachment":[{"time":0.5333,"name":"EF/230_A1_shot1/230_A1_shot1_00040"},{"time":0.5666,"name":"EF/230_A1_shot1/230_A1_shot1_00041"},{"time":0.6,"name":"EF/230_A1_shot1/230_A1_shot1_00042"},{"time":0.6333,"name":"EF/230_A1_shot1/230_A1_shot1_00043"},{"time":0.6666,"name":"EF/230_A1_shot1/230_A1_shot1_00044"},{"time":0.7,"name":"EF/230_A1_shot1/230_A1_shot1_00045"},{"time":0.7333,"name":"EF/230_A1_shot1/230_A1_shot1_00046"},{"time":0.7666,"name":"EF/230_A1_shot1/230_A1_shot1_00047"},{"time":0.8,"name":"EF/230_A1_shot1/230_A1_shot1_00048"},{"time":0.8333,"name":"EF/230_A1_shot1/230_A1_shot1_00049"},{"time":0.8666,"name":"EF/230_A1_shot1/230_A1_shot1_00050"},{"time":1,"name":null}],"color":[{"time":0.8666,"color":"ffffffff"},{"time":1,"color":"ffffff00"}]},"S1_leaf1":{"attachment":[{"time":0.5333,"name":"EF/230_S1_leaf1/230_S1_leaf1_00040"},{"time":0.5666,"name":"EF/230_S1_leaf1/230_S1_leaf1_00041"},{"time":0.6,"name":"EF/230_S1_leaf1/230_S1_leaf1_00042"},{"time":0.6333,"name":"EF/230_S1_leaf1/230_S1_leaf1_00043"},{"time":0.6666,"name":"EF/230_S1_leaf1/230_S1_leaf1_00044"},{"time":0.7,"name":"EF/230_S1_leaf1/230_S1_leaf1_00045"},{"time":0.7333,"name":"EF/230_S1_leaf1/230_S1_leaf1_00046"},{"time":0.7666,"name":"EF/230_S1_leaf1/230_S1_leaf1_00047"},{"time":0.8,"name":"EF/230_S1_leaf1/230_S1_leaf1_00048"},{"time":0.8333,"name":"EF/230_S1_leaf1/230_S1_leaf1_00049"},{"time":0.8666,"name":"EF/230_S1_leaf1/230_S1_leaf1_00050"},{"time":0.9,"name":"EF/230_S1_leaf1/230_S1_leaf1_00051"},{"time":0.9333,"name":"EF/230_S1_leaf1/230_S1_leaf1_00052"},{"time":1,"name":"EF/230_S1_leaf1/230_S1_leaf1_00054"},{"time":1.0666,"name":"EF/230_S1_leaf1/230_S1_leaf1_00056"},{"time":1.1333,"name":"EF/230_S1_leaf1/230_S1_leaf1_00058"},{"time":1.2,"name":"EF/230_S1_leaf1/230_S1_leaf1_00062"},{"time":1.2666,"name":"EF/230_S1_leaf1/230_S1_leaf1_00062"},{"time":1.3333,"name":"EF/230_S1_leaf1/230_S1_leaf1_00064"},{"time":1.4,"name":null}],"color":[{"time":0.5333,"color":"ffffff88"},{"time":1,"color":"ffffffff"},{"time":1.4,"color":"ffffff00"}]},"S1_leaf2":{"attachment":[{"time":0.5333,"name":"EF/230_S1_leaf2/230_S1_leaf2_00041"},{"time":0.6333,"name":"EF/230_S1_leaf2/230_S1_leaf2_00043"},{"time":0.7,"name":"EF/230_S1_leaf2/230_S1_leaf2_00045"},{"time":0.7666,"name":"EF/230_S1_leaf2/230_S1_leaf2_00046"},{"time":0.8,"name":"EF/230_S1_leaf2/230_S1_leaf2_00047"},{"time":0.8333,"name":"EF/230_S1_leaf2/230_S1_leaf2_00048"},{"time":0.9,"name":"EF/230_S1_leaf2/230_S1_leaf2_00050"},{"time":0.9666,"name":"EF/230_S1_leaf2/230_S1_leaf2_00052"},{"time":1.0333,"name":"EF/230_S1_leaf2/230_S1_leaf2_00054"},{"time":1.1,"name":"EF/230_S1_leaf2/230_S1_leaf2_00056"}],"color":[{"time":0.5333,"color":"ffffff97"},{"time":0.9,"color":"ffffffff"},{"time":1.1666,"color":"ffffff00"}]},"S1_leaf3":{"attachment":[{"time":0.5333,"name":"EF/230_S1_leaf1/230_S1_leaf1_00040"},{"time":0.5666,"name":"EF/230_S1_leaf1/230_S1_leaf1_00041"},{"time":0.6,"name":"EF/230_S1_leaf1/230_S1_leaf1_00042"},{"time":0.6333,"name":"EF/230_S1_leaf1/230_S1_leaf1_00043"},{"time":0.6666,"name":"EF/230_S1_leaf1/230_S1_leaf1_00044"},{"time":0.7,"name":"EF/230_S1_leaf1/230_S1_leaf1_00045"},{"time":0.7333,"name":"EF/230_S1_leaf1/230_S1_leaf1_00046"},{"time":0.7666,"name":"EF/230_S1_leaf1/230_S1_leaf1_00047"},{"time":0.8,"name":"EF/230_S1_leaf1/230_S1_leaf1_00048"},{"time":0.8333,"name":"EF/230_S1_leaf1/230_S1_leaf1_00049"},{"time":0.8666,"name":"EF/230_S1_leaf1/230_S1_leaf1_00050"},{"time":0.9,"name":"EF/230_S1_leaf1/230_S1_leaf1_00051"},{"time":0.9333,"name":"EF/230_S1_leaf1/230_S1_leaf1_00052"},{"time":1,"name":"EF/230_S1_leaf1/230_S1_leaf1_00054"},{"time":1.0666,"name":"EF/230_S1_leaf1/230_S1_leaf1_00056"},{"time":1.1333,"name":"EF/230_S1_leaf1/230_S1_leaf1_00058"},{"time":1.2,"name":"EF/230_S1_leaf1/230_S1_leaf1_00060"},{"time":1.2666,"name":"EF/230_S1_leaf1/230_S1_leaf1_00062"},{"time":1.3333,"name":"EF/230_S1_leaf1/230_S1_leaf1_00064"},{"time":1.4,"name":null}],"color":[{"time":0.5333,"color":"ffffffc5"},{"time":1.4,"color":"ffffff8f"}]},"S1_leaf2_2":{"attachment":[{"time":0,"name":null}]},"S1_shine1_1":{"attachment":[{"time":0.7333,"name":"EF/230_S1_shine1/230_S1_shine1_00039"},{"time":0.7666,"name":"EF/230_S1_shine1/230_S1_shine1_00040"},{"time":0.8,"name":"EF/230_S1_shine1/230_S1_shine1_00041"},{"time":1,"name":null}]},"S1_shine1_2":{"attachment":[{"time":0.8,"name":"EF/230_S1_shine1/230_S1_shine1_00039"},{"time":0.8333,"name":"EF/230_S1_shine1/230_S1_shine1_00040"},{"time":0.8666,"name":"EF/230_S1_shine1/230_S1_shine1_00041"},{"time":1.0666,"name":null}]},"S1_shine1_3":{"attachment":[{"time":0.8333,"name":"EF/230_S1_shine1/230_S1_shine1_00039"},{"time":0.8666,"name":"EF/230_S1_shine1/230_S1_shine1_00040"},{"time":0.9,"name":"EF/230_S1_shine1/230_S1_shine1_00041"},{"time":1.0666,"name":null}]},"S1_shine1_4":{"attachment":[{"time":0,"name":null},{"time":0.9,"name":"EF/230_S1_shine1/230_S1_shine1_00039"},{"time":0.9333,"name":"EF/230_S1_shine1/230_S1_shine1_00040"},{"time":0.9666,"name":"EF/230_S1_shine1/230_S1_shine1_00041"},{"time":1.1,"name":null}]},"S2_magic1":{"attachment":[{"time":0,"name":null}]},"S2_shine1":{"attachment":[{"time":0,"name":null}]}},"bones":{"A1_shot1":{"translate":[{"time":0.5333,"x":-18.36,"y":75.63}],"scale":[{"time":0.5333,"x":2.6,"y":2.6}]},"S1_leaf1":{"translate":[{"time":0.5333,"x":-20.99,"y":12.54,"curve":[0.227,0.06,0.686,0.44]},{"time":1,"x":-4.75,"y":12.54,"curve":[0.265,0.13,0.611,0.47]},{"time":1.4,"x":1.69,"y":12.54}],"scale":[{"time":0.5333,"x":2.6,"y":2.6}]},"S1_leaf2":{"translate":[{"time":0.5333,"x":-16.04,"y":356.22,"curve":[0.227,0.06,0.686,0.44]},{"time":0.7,"x":-13.98,"y":356.22}],"scale":[{"time":0.5333,"x":0.7,"y":0.7},{"time":0.7,"x":1.4,"y":1.4}]},"S1_shine1_1":{"translate":[{"time":0.7333,"x":-834.3,"y":135.52}],"scale":[{"time":0.7333,"x":2.6,"y":2.6,"curve":[0.227,0.06,0.686,0.44]},{"time":0.8,"x":3,"y":3},{"time":0.9666,"x":0.746,"y":0.746}]},"S1_shine1_2":{"translate":[{"time":0.8,"x":-751.52,"y":159.5}],"scale":[{"time":0.8,"x":3,"y":3,"curve":[0.227,0.06,0.686,0.44]},{"time":1.0333,"x":0.75,"y":0.75}]},"S1_shine1_3":{"translate":[{"time":0.8333,"x":-362.31,"y":3.81}],"scale":[{"time":0.8333,"x":3,"y":3,"curve":[0.227,0.06,0.686,0.44]},{"time":1.0333,"x":0.75,"y":0.75}]},"S1_shine1_4":{"translate":[{"time":0.9,"x":-621.6,"y":6.47}],"scale":[{"time":0.9,"x":1.5,"y":1.5,"curve":[0.25,0,0.694,0]},{"time":1.0666,"x":0.161,"y":0.161}]},"S1_leaf3":{"translate":[{"time":0.5333,"x":-19.42,"y":14.24},{"time":1,"x":-23.31,"y":37.55,"curve":[0.248,0.8,0.442,0.94]},{"time":1.4,"x":-18.13,"y":31.08}],"scale":[{"time":0.5333,"x":3.095,"y":3.776}]}},"events":[{"time":0.5,"name":"Sound2"}]},"2-skill2":{"slots":{"S1_leaf2":{"attachment":[{"time":1.3666,"name":"EF/230_S1_leaf2/230_S1_leaf2_00041"},{"time":1.5,"name":"EF/230_S1_leaf2/230_S1_leaf2_00041"},{"time":1.5333,"name":"EF/230_S1_leaf2/230_S1_leaf2_00043"},{"time":1.5666,"name":"EF/230_S1_leaf2/230_S1_leaf2_00045"},{"time":1.6,"name":"EF/230_S1_leaf2/230_S1_leaf2_00046"},{"time":1.6333,"name":"EF/230_S1_leaf2/230_S1_leaf2_00047"},{"time":1.6666,"name":"EF/230_S1_leaf2/230_S1_leaf2_00048"},{"time":1.7,"name":"EF/230_S1_leaf2/230_S1_leaf2_00050"},{"time":1.7333,"name":"EF/230_S1_leaf2/230_S1_leaf2_00052"},{"time":1.8,"name":"EF/230_S1_leaf2/230_S1_leaf2_00054"},{"time":1.8666,"name":"EF/230_S1_leaf2/230_S1_leaf2_00056"},{"time":2.1666,"name":"EF/230_S1_leaf2/230_S1_leaf2_00041"},{"time":2.3,"name":"EF/230_S1_leaf2/230_S1_leaf2_00041"},{"time":2.3333,"name":"EF/230_S1_leaf2/230_S1_leaf2_00043"},{"time":2.3666,"name":"EF/230_S1_leaf2/230_S1_leaf2_00045"},{"time":2.4,"name":"EF/230_S1_leaf2/230_S1_leaf2_00046"},{"time":2.4333,"name":"EF/230_S1_leaf2/230_S1_leaf2_00047"},{"time":2.4666,"name":"EF/230_S1_leaf2/230_S1_leaf2_00048"},{"time":2.5,"name":"EF/230_S1_leaf2/230_S1_leaf2_00050"},{"time":2.5333,"name":"EF/230_S1_leaf2/230_S1_leaf2_00052"},{"time":2.6,"name":"EF/230_S1_leaf2/230_S1_leaf2_00054"},{"time":2.6666,"name":"EF/230_S1_leaf2/230_S1_leaf2_00056"}],"color":[{"time":1.7333,"color":"ffffffff"},{"time":2,"color":"ffffff00","curve":"stepped"},{"time":2.1666,"color":"ffffffff","curve":"stepped"},{"time":2.5333,"color":"ffffffff"},{"time":2.8,"color":"ffffff00"}]},"S1_leaf2_2":{"attachment":[{"time":1.7666,"name":"EF/230_S1_leaf2/230_S1_leaf2_00041"},{"time":1.9,"name":"EF/230_S1_leaf2/230_S1_leaf2_00041"},{"time":1.9333,"name":"EF/230_S1_leaf2/230_S1_leaf2_00043"},{"time":1.9666,"name":"EF/230_S1_leaf2/230_S1_leaf2_00045"},{"time":2,"name":"EF/230_S1_leaf2/230_S1_leaf2_00046"},{"time":2.0333,"name":"EF/230_S1_leaf2/230_S1_leaf2_00047"},{"time":2.0666,"name":"EF/230_S1_leaf2/230_S1_leaf2_00048"},{"time":2.1,"name":"EF/230_S1_leaf2/230_S1_leaf2_00050"},{"time":2.1333,"name":"EF/230_S1_leaf2/230_S1_leaf2_00052"},{"time":2.2,"name":"EF/230_S1_leaf2/230_S1_leaf2_00054"},{"time":2.2666,"name":"EF/230_S1_leaf2/230_S1_leaf2_00056"}],"color":[{"time":2.1333,"color":"ffffffff"},{"time":2.4,"color":"ffffff00"}]},"S1_shine1_1":{"attachment":[{"time":1.5333,"name":"EF/230_S1_shine1/230_S1_shine1_00039"},{"time":1.5666,"name":"EF/230_S1_shine1/230_S1_shine1_00040"},{"time":1.6,"name":"EF/230_S1_shine1/230_S1_shine1_00041"},{"time":1.8,"name":null},{"time":1.8666,"name":"EF/230_S1_shine1/230_S1_shine1_00039"},{"time":1.9,"name":"EF/230_S1_shine1/230_S1_shine1_00040"},{"time":1.9333,"name":"EF/230_S1_shine1/230_S1_shine1_00041"},{"time":2.1333,"name":null}]},"S1_shine1_2":{"attachment":[{"time":1.6,"name":"EF/230_S1_shine1/230_S1_shine1_00039"},{"time":1.6333,"name":"EF/230_S1_shine1/230_S1_shine1_00040"},{"time":1.6666,"name":"EF/230_S1_shine1/230_S1_shine1_00041"},{"time":1.8666,"name":null},{"time":1.9333,"name":"EF/230_S1_shine1/230_S1_shine1_00039"},{"time":1.9666,"name":"EF/230_S1_shine1/230_S1_shine1_00040"},{"time":2,"name":"EF/230_S1_shine1/230_S1_shine1_00041"},{"time":2.2,"name":null}]},"S1_shine1_3":{"attachment":[{"time":1.6666,"name":"EF/230_S1_shine1/230_S1_shine1_00039"},{"time":1.7,"name":"EF/230_S1_shine1/230_S1_shine1_00040"},{"time":1.7333,"name":"EF/230_S1_shine1/230_S1_shine1_00041"},{"time":1.9333,"name":null},{"time":2,"name":"EF/230_S1_shine1/230_S1_shine1_00039"},{"time":2.0333,"name":"EF/230_S1_shine1/230_S1_shine1_00040"},{"time":2.0666,"name":"EF/230_S1_shine1/230_S1_shine1_00041"},{"time":2.2666,"name":null}]},"S1_shine1_4":{"attachment":[{"time":1.7333,"name":"EF/230_S1_shine1/230_S1_shine1_00039"},{"time":1.7666,"name":"EF/230_S1_shine1/230_S1_shine1_00040"},{"time":1.8,"name":"EF/230_S1_shine1/230_S1_shine1_00041"},{"time":2,"name":null},{"time":2.0666,"name":"EF/230_S1_shine1/230_S1_shine1_00039"},{"time":2.1,"name":"EF/230_S1_shine1/230_S1_shine1_00040"},{"time":2.1333,"name":"EF/230_S1_shine1/230_S1_shine1_00041"},{"time":2.3333,"name":null}]},"S2_magic1":{"attachment":[{"time":1.3333,"name":"EF/230_S2_magic1/230_S2_magic1_00044"},{"time":1.5666,"name":"EF/230_S2_magic1/230_S2_magic1_00045"},{"time":1.6333,"name":"EF/230_S2_magic1/230_S2_magic1_00047"},{"time":1.7,"name":"EF/230_S2_magic1/230_S2_magic1_00049"},{"time":1.7666,"name":"EF/230_S2_magic1/230_S2_magic1_00051"},{"time":1.8333,"name":"EF/230_S2_magic1/230_S2_magic1_00053"},{"time":1.9,"name":"EF/230_S2_magic1/230_S2_magic1_00055"},{"time":1.9333,"name":"EF/230_S2_magic1/230_S2_magic1_00056"},{"time":1.9666,"name":null}]},"S2_shine1":{"attachment":[{"time":0.8666,"name":"EF/230_S2_shine1/230_S2_shine1_00039"},{"time":0.9,"name":"EF/230_S2_shine1/230_S2_shine1_00040"},{"time":0.9333,"name":"EF/230_S2_shine1/230_S2_shine1_00041"},{"time":1.1,"name":null}]}},"bones":{"S1_leaf2":{"translate":[{"time":1.3666,"x":2.09,"y":426.12,"curve":[0.227,0.06,0.686,0.44]},{"time":1.9333,"x":2.09,"y":426.1,"curve":"stepped"},{"time":2.1666,"x":2.09,"y":426.12,"curve":[0.227,0.06,0.686,0.44]},{"time":2.7333,"x":2.09,"y":426.1}],"scale":[{"time":1.3666,"x":1.3,"y":1.3},{"time":1.5,"x":2.6,"y":2.6,"curve":"stepped"},{"time":1.8666,"x":2.6,"y":2.6},{"time":2,"x":2.7,"y":2.7,"curve":"stepped"},{"time":2.1666,"x":1.3,"y":1.3},{"time":2.3,"x":2.6,"y":2.6,"curve":"stepped"},{"time":2.6666,"x":2.6,"y":2.6},{"time":2.8,"x":2.7,"y":2.7}]},"S1_shine1_1":{"translate":[{"time":1.5333,"x":-240.18,"y":373.92,"curve":"stepped"},{"time":1.8666,"x":-240.18,"y":373.92}],"scale":[{"time":1.5333,"x":3.6,"y":3.6,"curve":"stepped"},{"time":1.6,"x":3.6,"y":3.6},{"time":1.8,"x":0.76,"y":0.76,"curve":"stepped"},{"time":1.8666,"x":3.6,"y":3.6,"curve":"stepped"},{"time":1.9333,"x":3.6,"y":3.6},{"time":2.1333,"x":0.76,"y":0.76}]},"S2_magic1":{"rotate":[{"time":1.3333,"angle":0},{"time":1.5666,"angle":-13.68},{"time":1.9333,"angle":-19.77}],"translate":[{"time":1.3333,"x":-64.33,"y":263}],"scale":[{"time":1.3333,"x":3,"y":3}]},"S2_shine1":{"translate":[{"time":0.8666,"x":-227.26,"y":-16.34,"curve":[0,0.17,0.515,0.66]},{"time":1.1,"x":-214.83,"y":-26}],"scale":[{"time":0.8666,"x":4,"y":4,"curve":[0.227,0.06,0.686,0.44]},{"time":1.1,"x":0.377,"y":0.377}]},"S1_shine1_2":{"translate":[{"time":1.6,"x":-678.74,"y":118.1,"curve":"stepped"},{"time":1.9333,"x":-678.74,"y":118.1}],"scale":[{"time":1.6,"x":3.6,"y":3.6,"curve":"stepped"},{"time":1.6666,"x":3.6,"y":3.6},{"time":1.8666,"x":0.76,"y":0.76,"curve":"stepped"},{"time":1.9333,"x":3.6,"y":3.6,"curve":"stepped"},{"time":2,"x":3.6,"y":3.6},{"time":2.2,"x":0.76,"y":0.76}]},"S1_shine1_3":{"translate":[{"time":1.6666,"x":-41.01,"y":76.46,"curve":"stepped"},{"time":2,"x":-41.01,"y":76.46}],"scale":[{"time":1.6666,"x":3.6,"y":3.6,"curve":"stepped"},{"time":1.7333,"x":3.6,"y":3.6},{"time":1.9333,"x":0.76,"y":0.76,"curve":"stepped"},{"time":2,"x":3.6,"y":3.6,"curve":"stepped"},{"time":2.0666,"x":3.6,"y":3.6},{"time":2.2666,"x":0.76,"y":0.76}]},"S1_leaf2_2":{"translate":[{"time":1.7666,"x":-126.17,"y":426.6}],"scale":[{"time":1.7666,"x":1.3,"y":1.3},{"time":1.9,"x":3,"y":3,"curve":"stepped"},{"time":2.2666,"x":3,"y":3},{"time":2.4,"x":3.2,"y":3.2}]},"S1_shine1_4":{"translate":[{"time":1.7333,"x":-390.33,"y":387.96,"curve":"stepped"},{"time":2.0666,"x":-390.33,"y":387.96}],"scale":[{"time":1.7333,"x":3.6,"y":3.6,"curve":"stepped"},{"time":1.8,"x":3.6,"y":3.6},{"time":2,"x":0.76,"y":0.76,"curve":"stepped"},{"time":2.0666,"x":3.6,"y":3.6,"curve":"stepped"},{"time":2.1333,"x":3.6,"y":3.6},{"time":2.3333,"x":0.76,"y":0.76}]}}},"EXPLOSION":{"slots":{"S1_shine1_3":{"attachment":[{"time":0,"name":"EF/230_S1_shine1/230_S1_shine1_00040"},{"time":0.0666,"name":"EF/230_S1_shine1/230_S1_shine1_00041"},{"time":0.1666,"name":null}]}},"bones":{"S1_shine1_3":{"translate":[{"time":0,"x":-160.11,"y":0.1}],"scale":[{"time":0,"x":4.86,"y":4.86},{"time":0.1333,"x":2.269,"y":2.269}]}},"events":[{"time":0,"name":"Sound","string":"cri_se_battle_007_attack_hit_01"},{"time":0,"name":"Sound2","string":"cri_se_battle_explosion_short"}]},"SHOT":{"slots":{"DAMAGEAREA":{"attachment":[{"time":0,"name":"DAMAGEAREA"},{"time":0.3,"name":null}]},"S1_shine1_3":{"attachment":[{"time":0,"name":"EF/230_S1_shine1/230_S1_shine1_00041"},{"time":0.3,"name":null}]}},"bones":{"S1_shine1_3":{"translate":[{"time":0,"x":-160.11,"y":0.1}],"scale":[{"time":0,"x":2,"y":2},{"time":0.1333,"x":3.716,"y":3.716}]},"DAMAGEAREA":{"translate":[{"time":0,"x":66.52,"y":91.76},{"time":0.2666,"x":-382.37,"y":39.79}],"scale":[{"time":0,"x":1.296,"y":1.243}]},"MAIN":{"rotate":[{"time":0,"angle":0},{"time":0.3,"angle":-91.15}],"translate":[{"time":0,"x":66.68,"y":88.54,"curve":[0.303,0.34,0.637,0.68]},{"time":0.3,"x":-430.39,"y":32.61}]}},"events":[{"time":0,"name":"EFEvent","string":"setHitEffect(hit01f,1,0,1)"},{"time":0,"name":"Sound","string":"cri_se_scenario_no2_magic"},{"time":0,"name":"Sound2","string":"cri_se_battle_arrow_light_effect"}]},"empty":{"slots":{"A1_shot1":{"attachment":[{"time":0,"name":null}]},"S1_leaf1":{"attachment":[{"time":0,"name":null}]},"S1_leaf2":{"attachment":[{"time":0,"name":null}]},"S1_leaf2_2":{"attachment":[{"time":0,"name":null}]},"S1_shine1_1":{"attachment":[{"time":0,"name":null}]},"S1_shine1_2":{"attachment":[{"time":0,"name":null}]},"S1_shine1_3":{"attachment":[{"time":0,"name":null}]},"S1_shine1_4":{"attachment":[{"time":0,"name":null}]},"S2_magic1":{"attachment":[{"time":0,"name":null}]},"S2_shine1":{"attachment":[{"time":0,"name":null}]}}}}}