{"skeleton":{"hash":"RHnydF7HmN+cpXwhIlyuo9Mm8ck","spine":"3.0.12","width":727,"height":1292},"bones":[{"name":"root"},{"name":"MAIN","parent":"root","y":20,"scaleX":2,"scaleY":2},{"name":"fire1_2","parent":"MAIN","y":-20,"scaleX":1.093,"scaleY":1.093},{"name":"fire1_1","parent":"MAIN","y":-20,"scaleX":1.093,"scaleY":1.093},{"name":"Fire_tower1_5","parent":"MAIN","y":15,"scaleX":2,"scaleY":2},{"name":"Fire_tower1_4","parent":"MAIN","y":15,"scaleX":2,"scaleY":2},{"name":"Fire_tower1_3","parent":"MAIN","y":15,"scaleX":2,"scaleY":2},{"name":"Fire_tower1_2","parent":"MAIN","y":15,"scaleX":2,"scaleY":2},{"name":"Fire_tower1_1","parent":"MAIN","y":15,"scaleX":2,"scaleY":2}],"slots":[{"name":"grid/Field_HP","bone":"root"},{"name":"grid/Field_screen","bone":"root"},{"name":"UI_fire_loop_main/nex2/UI_fire_loop_main_00001","bone":"fire1_1","blend":"additive"},{"name":"UI_fire_loop_main/nex2/UI_fire_loop_main_1","bone":"fire1_2","blend":"additive"},{"name":"UI_fire_tower_main/UI_fire_tower_main_00001","bone":"Fire_tower1_1","blend":"additive"},{"name":"UI_fire_tower_main/UI_fire_tower_main_1","bone":"Fire_tower1_2","blend":"additive"},{"name":"UI_fire_tower_main/UI_fire_tower_main_2","bone":"Fire_tower1_3","blend":"additive"},{"name":"UI_fire_tower_main/UI_fire_tower_main_3","bone":"Fire_tower1_4","blend":"additive"},{"name":"UI_fire_tower_main/UI_fire_tower_main_4","bone":"Fire_tower1_5","blend":"additive"}],"skins":{"default":{"UI_fire_loop_main/nex2/UI_fire_loop_main_00001":{"UI_fire_loop_main/nex2/UI_fire_loop_main_00001":{"y":124.72,"width":250,"height":250},"UI_fire_loop_main/nex2/UI_fire_loop_main_00003":{"y":124.72,"width":250,"height":250},"UI_fire_loop_main/nex2/UI_fire_loop_main_00005":{"y":124.72,"width":250,"height":250},"UI_fire_loop_main/nex2/UI_fire_loop_main_00007":{"y":124.72,"width":250,"height":250},"UI_fire_loop_main/nex2/UI_fire_loop_main_00009":{"y":124.72,"width":250,"height":250},"UI_fire_loop_main/nex2/UI_fire_loop_main_00011":{"y":124.72,"width":250,"height":250},"UI_fire_loop_main/nex2/UI_fire_loop_main_00013":{"y":124.72,"width":250,"height":250},"UI_fire_loop_main/nex2/UI_fire_loop_main_00015":{"y":124.72,"width":250,"height":250},"UI_fire_loop_main/nex2/UI_fire_loop_main_00017":{"y":124.72,"width":250,"height":250},"UI_fire_loop_main/nex2/UI_fire_loop_main_00019":{"y":124.72,"width":250,"height":250},"UI_fire_loop_main/nex2/UI_fire_loop_main_00021":{"y":124.72,"width":250,"height":250},"UI_fire_loop_main/nex2/UI_fire_loop_main_00023":{"y":124.72,"width":250,"height":250},"UI_fire_loop_main/nex2/UI_fire_loop_main_00025":{"y":124.72,"width":250,"height":250},"UI_fire_loop_main/nex2/UI_fire_loop_main_00027":{"y":124.72,"width":250,"height":250},"UI_fire_loop_main/nex2/UI_fire_loop_main_00029":{"y":124.72,"width":250,"height":250},"UI_fire_loop_main/nex2/UI_fire_loop_main_00031":{"y":124.72,"width":250,"height":250},"UI_fire_loop_main/nex2/UI_fire_loop_main_00033":{"y":124.72,"width":250,"height":250},"UI_fire_loop_main/nex2/UI_fire_loop_main_00035":{"y":124.72,"width":250,"height":250},"UI_fire_loop_main/nex2/UI_fire_loop_main_00037":{"y":124.72,"width":250,"height":250},"UI_fire_loop_main/nex2/UI_fire_loop_main_00039":{"y":124.72,"width":250,"height":250},"UI_fire_loop_main/nex2/UI_fire_loop_main_00041":{"y":124.72,"width":250,"height":250},"UI_fire_loop_main/nex2/UI_fire_loop_main_00043":{"y":124.72,"width":250,"height":250},"UI_fire_loop_main/nex2/UI_fire_loop_main_00045":{"y":124.72,"width":250,"height":250},"UI_fire_loop_main/nex2/UI_fire_loop_main_00047":{"y":124.72,"width":250,"height":250},"UI_fire_loop_main/nex2/UI_fire_loop_main_00049":{"y":124.72,"width":250,"height":250},"UI_fire_loop_main/nex2/UI_fire_loop_main_00051":{"y":124.72,"width":250,"height":250},"UI_fire_loop_main/nex2/UI_fire_loop_main_00053":{"y":124.72,"width":250,"height":250},"UI_fire_loop_main/nex2/UI_fire_loop_main_00055":{"y":124.72,"width":250,"height":250},"UI_fire_loop_main/nex2/UI_fire_loop_main_00057":{"y":124.72,"width":250,"height":250},"UI_fire_loop_main/nex2/UI_fire_loop_main_00059":{"y":124.72,"width":250,"height":250}},"UI_fire_loop_main/nex2/UI_fire_loop_main_1":{"UI_fire_loop_main/nex2/UI_fire_loop_main_00001":{"y":124.72,"width":250,"height":250},"UI_fire_loop_main/nex2/UI_fire_loop_main_00003":{"y":124.72,"width":250,"height":250},"UI_fire_loop_main/nex2/UI_fire_loop_main_00005":{"y":124.72,"width":250,"height":250},"UI_fire_loop_main/nex2/UI_fire_loop_main_00007":{"y":124.72,"width":250,"height":250},"UI_fire_loop_main/nex2/UI_fire_loop_main_00009":{"y":124.72,"width":250,"height":250},"UI_fire_loop_main/nex2/UI_fire_loop_main_00011":{"y":124.72,"width":250,"height":250},"UI_fire_loop_main/nex2/UI_fire_loop_main_00013":{"y":124.72,"width":250,"height":250},"UI_fire_loop_main/nex2/UI_fire_loop_main_00015":{"y":124.72,"width":250,"height":250},"UI_fire_loop_main/nex2/UI_fire_loop_main_00017":{"y":124.72,"width":250,"height":250},"UI_fire_loop_main/nex2/UI_fire_loop_main_00019":{"y":124.72,"width":250,"height":250},"UI_fire_loop_main/nex2/UI_fire_loop_main_00021":{"y":124.72,"width":250,"height":250},"UI_fire_loop_main/nex2/UI_fire_loop_main_00023":{"y":124.72,"width":250,"height":250},"UI_fire_loop_main/nex2/UI_fire_loop_main_00025":{"y":124.72,"width":250,"height":250},"UI_fire_loop_main/nex2/UI_fire_loop_main_00027":{"y":124.72,"width":250,"height":250},"UI_fire_loop_main/nex2/UI_fire_loop_main_00029":{"y":124.72,"width":250,"height":250},"UI_fire_loop_main/nex2/UI_fire_loop_main_00031":{"y":124.72,"width":250,"height":250},"UI_fire_loop_main/nex2/UI_fire_loop_main_00033":{"y":124.72,"width":250,"height":250},"UI_fire_loop_main/nex2/UI_fire_loop_main_00035":{"y":124.72,"width":250,"height":250},"UI_fire_loop_main/nex2/UI_fire_loop_main_00037":{"y":124.72,"width":250,"height":250},"UI_fire_loop_main/nex2/UI_fire_loop_main_00039":{"y":124.72,"width":250,"height":250},"UI_fire_loop_main/nex2/UI_fire_loop_main_00041":{"y":124.72,"width":250,"height":250},"UI_fire_loop_main/nex2/UI_fire_loop_main_00043":{"y":124.72,"width":250,"height":250},"UI_fire_loop_main/nex2/UI_fire_loop_main_00045":{"y":124.72,"width":250,"height":250},"UI_fire_loop_main/nex2/UI_fire_loop_main_00047":{"y":124.72,"width":250,"height":250},"UI_fire_loop_main/nex2/UI_fire_loop_main_00049":{"y":124.72,"width":250,"height":250},"UI_fire_loop_main/nex2/UI_fire_loop_main_00051":{"y":124.72,"width":250,"height":250},"UI_fire_loop_main/nex2/UI_fire_loop_main_00053":{"y":124.72,"width":250,"height":250},"UI_fire_loop_main/nex2/UI_fire_loop_main_00055":{"y":124.72,"width":250,"height":250},"UI_fire_loop_main/nex2/UI_fire_loop_main_00057":{"y":124.72,"width":250,"height":250},"UI_fire_loop_main/nex2/UI_fire_loop_main_00059":{"y":124.72,"width":250,"height":250}},"UI_fire_tower_main/UI_fire_tower_main_00001":{"UI_fire_tower_main/UI_fire_tower_main_00001":{"x":-4.36,"y":44.77,"width":200,"height":200},"UI_fire_tower_main/UI_fire_tower_main_00002":{"x":-4.36,"y":44.77,"width":200,"height":200},"UI_fire_tower_main/UI_fire_tower_main_00003":{"x":-4.36,"y":44.77,"width":200,"height":200},"UI_fire_tower_main/UI_fire_tower_main_00004":{"x":-4.36,"y":44.77,"width":200,"height":200},"UI_fire_tower_main/UI_fire_tower_main_00005":{"x":-4.36,"y":44.77,"width":200,"height":200},"UI_fire_tower_main/UI_fire_tower_main_00006":{"x":-4.36,"y":44.77,"width":200,"height":200},"UI_fire_tower_main/UI_fire_tower_main_00007":{"x":-4.36,"y":44.77,"width":200,"height":200},"UI_fire_tower_main/UI_fire_tower_main_00008":{"x":-4.36,"y":44.77,"width":200,"height":200},"UI_fire_tower_main/UI_fire_tower_main_00009":{"x":-4.36,"y":44.77,"width":200,"height":200},"UI_fire_tower_main/UI_fire_tower_main_00010":{"x":-4.36,"y":44.77,"width":200,"height":200},"UI_fire_tower_main/UI_fire_tower_main_00011":{"x":-4.36,"y":44.77,"width":200,"height":200},"UI_fire_tower_main/UI_fire_tower_main_00012":{"x":-4.36,"y":44.77,"width":200,"height":200},"UI_fire_tower_main/UI_fire_tower_main_00013":{"x":-4.36,"y":44.77,"width":200,"height":200},"UI_fire_tower_main/UI_fire_tower_main_00014":{"x":-4.36,"y":44.77,"width":200,"height":200},"UI_fire_tower_main/UI_fire_tower_main_00015":{"x":-4.36,"y":44.77,"width":200,"height":200},"UI_fire_tower_main/UI_fire_tower_main_00016":{"x":-4.36,"y":44.77,"width":200,"height":200},"UI_fire_tower_main/UI_fire_tower_main_00017":{"x":-4.36,"y":44.77,"width":200,"height":200},"UI_fire_tower_main/UI_fire_tower_main_00018":{"x":-4.36,"y":44.77,"width":200,"height":200},"UI_fire_tower_main/UI_fire_tower_main_00019":{"x":-4.36,"y":44.77,"width":200,"height":200},"UI_fire_tower_main/UI_fire_tower_main_00020":{"x":-4.36,"y":44.77,"width":200,"height":200}},"UI_fire_tower_main/UI_fire_tower_main_1":{"UI_fire_tower_main/UI_fire_tower_main_00001":{"x":-4.36,"y":44.77,"width":200,"height":200},"UI_fire_tower_main/UI_fire_tower_main_00002":{"x":-4.36,"y":44.77,"width":200,"height":200},"UI_fire_tower_main/UI_fire_tower_main_00003":{"x":-4.36,"y":44.77,"width":200,"height":200},"UI_fire_tower_main/UI_fire_tower_main_00004":{"x":-4.36,"y":44.77,"width":200,"height":200},"UI_fire_tower_main/UI_fire_tower_main_00005":{"x":-4.36,"y":44.77,"width":200,"height":200},"UI_fire_tower_main/UI_fire_tower_main_00006":{"x":-4.36,"y":44.77,"width":200,"height":200},"UI_fire_tower_main/UI_fire_tower_main_00007":{"x":-4.36,"y":44.77,"width":200,"height":200},"UI_fire_tower_main/UI_fire_tower_main_00008":{"x":-4.36,"y":44.77,"width":200,"height":200},"UI_fire_tower_main/UI_fire_tower_main_00009":{"x":-4.36,"y":44.77,"width":200,"height":200},"UI_fire_tower_main/UI_fire_tower_main_00010":{"x":-4.36,"y":44.77,"width":200,"height":200},"UI_fire_tower_main/UI_fire_tower_main_00011":{"x":-4.36,"y":44.77,"width":200,"height":200},"UI_fire_tower_main/UI_fire_tower_main_00012":{"x":-4.36,"y":44.77,"width":200,"height":200},"UI_fire_tower_main/UI_fire_tower_main_00013":{"x":-4.36,"y":44.77,"width":200,"height":200},"UI_fire_tower_main/UI_fire_tower_main_00014":{"x":-4.36,"y":44.77,"width":200,"height":200},"UI_fire_tower_main/UI_fire_tower_main_00015":{"x":-4.36,"y":44.77,"width":200,"height":200},"UI_fire_tower_main/UI_fire_tower_main_00016":{"x":-4.36,"y":44.77,"width":200,"height":200},"UI_fire_tower_main/UI_fire_tower_main_00017":{"x":-4.36,"y":44.77,"width":200,"height":200},"UI_fire_tower_main/UI_fire_tower_main_00018":{"x":-4.36,"y":44.77,"width":200,"height":200},"UI_fire_tower_main/UI_fire_tower_main_00019":{"x":-4.36,"y":44.77,"width":200,"height":200},"UI_fire_tower_main/UI_fire_tower_main_00020":{"x":-4.36,"y":44.77,"width":200,"height":200}},"UI_fire_tower_main/UI_fire_tower_main_2":{"UI_fire_tower_main/UI_fire_tower_main_00001":{"x":-4.36,"y":44.77,"width":200,"height":200},"UI_fire_tower_main/UI_fire_tower_main_00002":{"x":-4.36,"y":44.77,"width":200,"height":200},"UI_fire_tower_main/UI_fire_tower_main_00003":{"x":-4.36,"y":44.77,"width":200,"height":200},"UI_fire_tower_main/UI_fire_tower_main_00004":{"x":-4.36,"y":44.77,"width":200,"height":200},"UI_fire_tower_main/UI_fire_tower_main_00005":{"x":-4.36,"y":44.77,"width":200,"height":200},"UI_fire_tower_main/UI_fire_tower_main_00006":{"x":-4.36,"y":44.77,"width":200,"height":200},"UI_fire_tower_main/UI_fire_tower_main_00007":{"x":-4.36,"y":44.77,"width":200,"height":200},"UI_fire_tower_main/UI_fire_tower_main_00008":{"x":-4.36,"y":44.77,"width":200,"height":200},"UI_fire_tower_main/UI_fire_tower_main_00009":{"x":-4.36,"y":44.77,"width":200,"height":200},"UI_fire_tower_main/UI_fire_tower_main_00010":{"x":-4.36,"y":44.77,"width":200,"height":200},"UI_fire_tower_main/UI_fire_tower_main_00011":{"x":-4.36,"y":44.77,"width":200,"height":200},"UI_fire_tower_main/UI_fire_tower_main_00012":{"x":-4.36,"y":44.77,"width":200,"height":200},"UI_fire_tower_main/UI_fire_tower_main_00013":{"x":-4.36,"y":44.77,"width":200,"height":200},"UI_fire_tower_main/UI_fire_tower_main_00014":{"x":-4.36,"y":44.77,"width":200,"height":200},"UI_fire_tower_main/UI_fire_tower_main_00015":{"x":-4.36,"y":44.77,"width":200,"height":200},"UI_fire_tower_main/UI_fire_tower_main_00016":{"x":-4.36,"y":44.77,"width":200,"height":200},"UI_fire_tower_main/UI_fire_tower_main_00017":{"x":-4.36,"y":44.77,"width":200,"height":200},"UI_fire_tower_main/UI_fire_tower_main_00018":{"x":-4.36,"y":44.77,"width":200,"height":200},"UI_fire_tower_main/UI_fire_tower_main_00019":{"x":-4.36,"y":44.77,"width":200,"height":200},"UI_fire_tower_main/UI_fire_tower_main_00020":{"x":-4.36,"y":44.77,"width":200,"height":200}},"UI_fire_tower_main/UI_fire_tower_main_3":{"UI_fire_tower_main/UI_fire_tower_main_00001":{"x":-4.36,"y":44.77,"width":200,"height":200},"UI_fire_tower_main/UI_fire_tower_main_00002":{"x":-4.36,"y":44.77,"width":200,"height":200},"UI_fire_tower_main/UI_fire_tower_main_00003":{"x":-4.36,"y":44.77,"width":200,"height":200},"UI_fire_tower_main/UI_fire_tower_main_00004":{"x":-4.36,"y":44.77,"width":200,"height":200},"UI_fire_tower_main/UI_fire_tower_main_00005":{"x":-4.36,"y":44.77,"width":200,"height":200},"UI_fire_tower_main/UI_fire_tower_main_00006":{"x":-4.36,"y":44.77,"width":200,"height":200},"UI_fire_tower_main/UI_fire_tower_main_00007":{"x":-4.36,"y":44.77,"width":200,"height":200},"UI_fire_tower_main/UI_fire_tower_main_00008":{"x":-4.36,"y":44.77,"width":200,"height":200},"UI_fire_tower_main/UI_fire_tower_main_00009":{"x":-4.36,"y":44.77,"width":200,"height":200},"UI_fire_tower_main/UI_fire_tower_main_00010":{"x":-4.36,"y":44.77,"width":200,"height":200},"UI_fire_tower_main/UI_fire_tower_main_00011":{"x":-4.36,"y":44.77,"width":200,"height":200},"UI_fire_tower_main/UI_fire_tower_main_00012":{"x":-4.36,"y":44.77,"width":200,"height":200},"UI_fire_tower_main/UI_fire_tower_main_00013":{"x":-4.36,"y":44.77,"width":200,"height":200},"UI_fire_tower_main/UI_fire_tower_main_00014":{"x":-4.36,"y":44.77,"width":200,"height":200},"UI_fire_tower_main/UI_fire_tower_main_00015":{"x":-4.36,"y":44.77,"width":200,"height":200},"UI_fire_tower_main/UI_fire_tower_main_00016":{"x":-4.36,"y":44.77,"width":200,"height":200},"UI_fire_tower_main/UI_fire_tower_main_00017":{"x":-4.36,"y":44.77,"width":200,"height":200},"UI_fire_tower_main/UI_fire_tower_main_00018":{"x":-4.36,"y":44.77,"width":200,"height":200},"UI_fire_tower_main/UI_fire_tower_main_00019":{"x":-4.36,"y":44.77,"width":200,"height":200},"UI_fire_tower_main/UI_fire_tower_main_00020":{"x":-4.36,"y":44.77,"width":200,"height":200}},"UI_fire_tower_main/UI_fire_tower_main_4":{"UI_fire_tower_main/UI_fire_tower_main_00001":{"x":-4.36,"y":44.77,"width":200,"height":200},"UI_fire_tower_main/UI_fire_tower_main_00002":{"x":-4.36,"y":44.77,"width":200,"height":200},"UI_fire_tower_main/UI_fire_tower_main_00003":{"x":-4.36,"y":44.77,"width":200,"height":200},"UI_fire_tower_main/UI_fire_tower_main_00004":{"x":-4.36,"y":44.77,"width":200,"height":200},"UI_fire_tower_main/UI_fire_tower_main_00005":{"x":-4.36,"y":44.77,"width":200,"height":200},"UI_fire_tower_main/UI_fire_tower_main_00006":{"x":-4.36,"y":44.77,"width":200,"height":200},"UI_fire_tower_main/UI_fire_tower_main_00007":{"x":-4.36,"y":44.77,"width":200,"height":200},"UI_fire_tower_main/UI_fire_tower_main_00008":{"x":-4.36,"y":44.77,"width":200,"height":200},"UI_fire_tower_main/UI_fire_tower_main_00009":{"x":-4.36,"y":44.77,"width":200,"height":200},"UI_fire_tower_main/UI_fire_tower_main_00010":{"x":-4.36,"y":44.77,"width":200,"height":200},"UI_fire_tower_main/UI_fire_tower_main_00011":{"x":-4.36,"y":44.77,"width":200,"height":200},"UI_fire_tower_main/UI_fire_tower_main_00012":{"x":-4.36,"y":44.77,"width":200,"height":200},"UI_fire_tower_main/UI_fire_tower_main_00013":{"x":-4.36,"y":44.77,"width":200,"height":200},"UI_fire_tower_main/UI_fire_tower_main_00014":{"x":-4.36,"y":44.77,"width":200,"height":200},"UI_fire_tower_main/UI_fire_tower_main_00015":{"x":-4.36,"y":44.77,"width":200,"height":200},"UI_fire_tower_main/UI_fire_tower_main_00016":{"x":-4.36,"y":44.77,"width":200,"height":200},"UI_fire_tower_main/UI_fire_tower_main_00017":{"x":-4.36,"y":44.77,"width":200,"height":200},"UI_fire_tower_main/UI_fire_tower_main_00018":{"x":-4.36,"y":44.77,"width":200,"height":200},"UI_fire_tower_main/UI_fire_tower_main_00019":{"x":-4.36,"y":44.77,"width":200,"height":200},"UI_fire_tower_main/UI_fire_tower_main_00020":{"x":-4.36,"y":44.77,"width":200,"height":200}}}},"events":{"event":{}},"animations":{"active":{"slots":{"UI_fire_tower_main/UI_fire_tower_main_00001":{"attachment":[{"time":0.0333,"name":"UI_fire_tower_main/UI_fire_tower_main_00001"},{"time":0.0666,"name":"UI_fire_tower_main/UI_fire_tower_main_00002"},{"time":0.1,"name":"UI_fire_tower_main/UI_fire_tower_main_00003"},{"time":0.1333,"name":"UI_fire_tower_main/UI_fire_tower_main_00004"},{"time":0.1666,"name":"UI_fire_tower_main/UI_fire_tower_main_00005"},{"time":0.2,"name":"UI_fire_tower_main/UI_fire_tower_main_00006"},{"time":0.2333,"name":"UI_fire_tower_main/UI_fire_tower_main_00007"},{"time":0.2666,"name":"UI_fire_tower_main/UI_fire_tower_main_00008"},{"time":0.3,"name":"UI_fire_tower_main/UI_fire_tower_main_00009"},{"time":0.3333,"name":"UI_fire_tower_main/UI_fire_tower_main_00010"},{"time":0.3666,"name":"UI_fire_tower_main/UI_fire_tower_main_00011"},{"time":0.4,"name":"UI_fire_tower_main/UI_fire_tower_main_00012"},{"time":0.4333,"name":"UI_fire_tower_main/UI_fire_tower_main_00013"},{"time":0.4666,"name":"UI_fire_tower_main/UI_fire_tower_main_00014"},{"time":0.5,"name":"UI_fire_tower_main/UI_fire_tower_main_00015"},{"time":0.5333,"name":"UI_fire_tower_main/UI_fire_tower_main_00016"},{"time":0.5666,"name":"UI_fire_tower_main/UI_fire_tower_main_00017"},{"time":0.6,"name":"UI_fire_tower_main/UI_fire_tower_main_00018"},{"time":0.6333,"name":"UI_fire_tower_main/UI_fire_tower_main_00019"},{"time":0.6666,"name":"UI_fire_tower_main/UI_fire_tower_main_00020"},{"time":0.7,"name":null}]},"UI_fire_tower_main/UI_fire_tower_main_1":{"attachment":[{"time":0.1,"name":"UI_fire_tower_main/UI_fire_tower_main_00001"},{"time":0.1333,"name":"UI_fire_tower_main/UI_fire_tower_main_00002"},{"time":0.1666,"name":"UI_fire_tower_main/UI_fire_tower_main_00003"},{"time":0.2,"name":"UI_fire_tower_main/UI_fire_tower_main_00004"},{"time":0.2333,"name":"UI_fire_tower_main/UI_fire_tower_main_00005"},{"time":0.2666,"name":"UI_fire_tower_main/UI_fire_tower_main_00006"},{"time":0.3,"name":"UI_fire_tower_main/UI_fire_tower_main_00007"},{"time":0.3333,"name":"UI_fire_tower_main/UI_fire_tower_main_00008"},{"time":0.3666,"name":"UI_fire_tower_main/UI_fire_tower_main_00009"},{"time":0.4,"name":"UI_fire_tower_main/UI_fire_tower_main_00010"},{"time":0.4333,"name":"UI_fire_tower_main/UI_fire_tower_main_00011"},{"time":0.4666,"name":"UI_fire_tower_main/UI_fire_tower_main_00012"},{"time":0.5,"name":"UI_fire_tower_main/UI_fire_tower_main_00013"},{"time":0.5333,"name":"UI_fire_tower_main/UI_fire_tower_main_00014"},{"time":0.5666,"name":"UI_fire_tower_main/UI_fire_tower_main_00015"},{"time":0.6,"name":"UI_fire_tower_main/UI_fire_tower_main_00016"},{"time":0.6333,"name":"UI_fire_tower_main/UI_fire_tower_main_00017"},{"time":0.6666,"name":"UI_fire_tower_main/UI_fire_tower_main_00018"},{"time":0.7,"name":"UI_fire_tower_main/UI_fire_tower_main_00019"},{"time":0.7333,"name":"UI_fire_tower_main/UI_fire_tower_main_00020"},{"time":0.7666,"name":null}]},"UI_fire_tower_main/UI_fire_tower_main_2":{"attachment":[{"time":0.1,"name":"UI_fire_tower_main/UI_fire_tower_main_00001"},{"time":0.1333,"name":"UI_fire_tower_main/UI_fire_tower_main_00002"},{"time":0.1666,"name":"UI_fire_tower_main/UI_fire_tower_main_00003"},{"time":0.2,"name":"UI_fire_tower_main/UI_fire_tower_main_00004"},{"time":0.2333,"name":"UI_fire_tower_main/UI_fire_tower_main_00005"},{"time":0.2666,"name":"UI_fire_tower_main/UI_fire_tower_main_00006"},{"time":0.3,"name":"UI_fire_tower_main/UI_fire_tower_main_00007"},{"time":0.3333,"name":"UI_fire_tower_main/UI_fire_tower_main_00008"},{"time":0.3666,"name":"UI_fire_tower_main/UI_fire_tower_main_00009"},{"time":0.4,"name":"UI_fire_tower_main/UI_fire_tower_main_00010"},{"time":0.4333,"name":"UI_fire_tower_main/UI_fire_tower_main_00011"},{"time":0.4666,"name":"UI_fire_tower_main/UI_fire_tower_main_00012"},{"time":0.5,"name":"UI_fire_tower_main/UI_fire_tower_main_00013"},{"time":0.5333,"name":"UI_fire_tower_main/UI_fire_tower_main_00014"},{"time":0.5666,"name":"UI_fire_tower_main/UI_fire_tower_main_00015"},{"time":0.6,"name":"UI_fire_tower_main/UI_fire_tower_main_00016"},{"time":0.6333,"name":"UI_fire_tower_main/UI_fire_tower_main_00017"},{"time":0.6666,"name":"UI_fire_tower_main/UI_fire_tower_main_00018"},{"time":0.7,"name":"UI_fire_tower_main/UI_fire_tower_main_00019"},{"time":0.7333,"name":"UI_fire_tower_main/UI_fire_tower_main_00020"},{"time":0.7666,"name":null}]},"UI_fire_tower_main/UI_fire_tower_main_3":{"attachment":[{"time":0.1666,"name":"UI_fire_tower_main/UI_fire_tower_main_00001"},{"time":0.2,"name":"UI_fire_tower_main/UI_fire_tower_main_00002"},{"time":0.2333,"name":"UI_fire_tower_main/UI_fire_tower_main_00003"},{"time":0.2666,"name":"UI_fire_tower_main/UI_fire_tower_main_00004"},{"time":0.3,"name":"UI_fire_tower_main/UI_fire_tower_main_00005"},{"time":0.3333,"name":"UI_fire_tower_main/UI_fire_tower_main_00006"},{"time":0.3666,"name":"UI_fire_tower_main/UI_fire_tower_main_00007"},{"time":0.4,"name":"UI_fire_tower_main/UI_fire_tower_main_00008"},{"time":0.4333,"name":"UI_fire_tower_main/UI_fire_tower_main_00009"},{"time":0.4666,"name":"UI_fire_tower_main/UI_fire_tower_main_00010"},{"time":0.5,"name":"UI_fire_tower_main/UI_fire_tower_main_00011"},{"time":0.5333,"name":"UI_fire_tower_main/UI_fire_tower_main_00012"},{"time":0.5666,"name":"UI_fire_tower_main/UI_fire_tower_main_00013"},{"time":0.6,"name":"UI_fire_tower_main/UI_fire_tower_main_00014"},{"time":0.6333,"name":"UI_fire_tower_main/UI_fire_tower_main_00015"},{"time":0.6666,"name":"UI_fire_tower_main/UI_fire_tower_main_00016"},{"time":0.7,"name":"UI_fire_tower_main/UI_fire_tower_main_00017"},{"time":0.7333,"name":"UI_fire_tower_main/UI_fire_tower_main_00018"},{"time":0.7666,"name":"UI_fire_tower_main/UI_fire_tower_main_00019"},{"time":0.8,"name":"UI_fire_tower_main/UI_fire_tower_main_00020"},{"time":0.8333,"name":null}]},"UI_fire_tower_main/UI_fire_tower_main_4":{"attachment":[{"time":0.1666,"name":"UI_fire_tower_main/UI_fire_tower_main_00001"},{"time":0.2,"name":"UI_fire_tower_main/UI_fire_tower_main_00002"},{"time":0.2333,"name":"UI_fire_tower_main/UI_fire_tower_main_00003"},{"time":0.2666,"name":"UI_fire_tower_main/UI_fire_tower_main_00004"},{"time":0.3,"name":"UI_fire_tower_main/UI_fire_tower_main_00005"},{"time":0.3333,"name":"UI_fire_tower_main/UI_fire_tower_main_00006"},{"time":0.3666,"name":"UI_fire_tower_main/UI_fire_tower_main_00007"},{"time":0.4,"name":"UI_fire_tower_main/UI_fire_tower_main_00008"},{"time":0.4333,"name":"UI_fire_tower_main/UI_fire_tower_main_00009"},{"time":0.4666,"name":"UI_fire_tower_main/UI_fire_tower_main_00010"},{"time":0.5,"name":"UI_fire_tower_main/UI_fire_tower_main_00011"},{"time":0.5333,"name":"UI_fire_tower_main/UI_fire_tower_main_00012"},{"time":0.5666,"name":"UI_fire_tower_main/UI_fire_tower_main_00013"},{"time":0.6,"name":"UI_fire_tower_main/UI_fire_tower_main_00014"},{"time":0.6333,"name":"UI_fire_tower_main/UI_fire_tower_main_00015"},{"time":0.6666,"name":"UI_fire_tower_main/UI_fire_tower_main_00016"},{"time":0.7,"name":"UI_fire_tower_main/UI_fire_tower_main_00017"},{"time":0.7333,"name":"UI_fire_tower_main/UI_fire_tower_main_00018"},{"time":0.7666,"name":"UI_fire_tower_main/UI_fire_tower_main_00019"},{"time":0.8,"name":"UI_fire_tower_main/UI_fire_tower_main_00020"},{"time":0.8333,"name":null}]}},"bones":{"Fire_tower1_1":{"translate":[{"time":0.0333,"x":0,"y":-75.71}],"scale":[{"time":0.0333,"x":1.903,"y":1.903}]},"Fire_tower1_2":{"translate":[{"time":0.1,"x":76.48,"y":-50.5}],"scale":[{"time":0.1,"x":1.903,"y":1.903}]},"Fire_tower1_4":{"translate":[{"time":0.1666,"x":-168.73,"y":-8.82}],"scale":[{"time":0.1666,"x":1.903,"y":1.903}]},"Fire_tower1_5":{"translate":[{"time":0.1666,"x":173.63,"y":-9.8}],"scale":[{"time":0.1666,"x":1.903,"y":1.903}]},"Fire_tower1_3":{"translate":[{"time":0.1,"x":-82.57,"y":-50.5}],"scale":[{"time":0.1,"x":1.903,"y":1.903}]}}},"in":{"slots":{"UI_fire_loop_main/nex2/UI_fire_loop_main_00001":{"attachment":[{"time":0.1666,"name":"UI_fire_loop_main/nex2/UI_fire_loop_main_00001"},{"time":0.2333,"name":"UI_fire_loop_main/nex2/UI_fire_loop_main_00005"},{"time":0.3,"name":"UI_fire_loop_main/nex2/UI_fire_loop_main_00009"},{"time":0.3666,"name":"UI_fire_loop_main/nex2/UI_fire_loop_main_00013"},{"time":0.4333,"name":"UI_fire_loop_main/nex2/UI_fire_loop_main_00017"},{"time":0.5,"name":"UI_fire_loop_main/nex2/UI_fire_loop_main_00021"},{"time":0.5666,"name":"UI_fire_loop_main/nex2/UI_fire_loop_main_00023"},{"time":0.6333,"name":"UI_fire_loop_main/nex2/UI_fire_loop_main_00025"},{"time":0.7,"name":"UI_fire_loop_main/nex2/UI_fire_loop_main_00027"},{"time":0.7666,"name":"UI_fire_loop_main/nex2/UI_fire_loop_main_00029"},{"time":0.8333,"name":"UI_fire_loop_main/nex2/UI_fire_loop_main_00031"},{"time":0.9,"name":"UI_fire_loop_main/nex2/UI_fire_loop_main_00033"},{"time":0.9666,"name":"UI_fire_loop_main/nex2/UI_fire_loop_main_00035"},{"time":1.0333,"name":"UI_fire_loop_main/nex2/UI_fire_loop_main_00037"},{"time":1.1,"name":"UI_fire_loop_main/nex2/UI_fire_loop_main_00039"},{"time":1.1666,"name":"UI_fire_loop_main/nex2/UI_fire_loop_main_00041"},{"time":1.2333,"name":"UI_fire_loop_main/nex2/UI_fire_loop_main_00043"},{"time":1.3,"name":"UI_fire_loop_main/nex2/UI_fire_loop_main_00045"},{"time":1.3666,"name":"UI_fire_loop_main/nex2/UI_fire_loop_main_00047"},{"time":1.4333,"name":"UI_fire_loop_main/nex2/UI_fire_loop_main_00049"},{"time":1.5,"name":"UI_fire_loop_main/nex2/UI_fire_loop_main_00051"},{"time":1.5666,"name":"UI_fire_loop_main/nex2/UI_fire_loop_main_00053"},{"time":1.6333,"name":"UI_fire_loop_main/nex2/UI_fire_loop_main_00055"},{"time":1.7,"name":"UI_fire_loop_main/nex2/UI_fire_loop_main_00057"},{"time":1.7666,"name":"UI_fire_loop_main/nex2/UI_fire_loop_main_00059"},{"time":1.8333,"name":"UI_fire_loop_main/nex2/UI_fire_loop_main_00001"}],"color":[{"time":0.1666,"color":"ffffff00","curve":"stepped"},{"time":0.3666,"color":"ffffff00"},{"time":0.9333,"color":"ffffffff"}]},"UI_fire_loop_main/nex2/UI_fire_loop_main_1":{"attachment":[{"time":0.1666,"name":"UI_fire_loop_main/nex2/UI_fire_loop_main_00001"},{"time":0.2333,"name":"UI_fire_loop_main/nex2/UI_fire_loop_main_00005"},{"time":0.3,"name":"UI_fire_loop_main/nex2/UI_fire_loop_main_00009"},{"time":0.3666,"name":"UI_fire_loop_main/nex2/UI_fire_loop_main_00013"},{"time":0.4333,"name":"UI_fire_loop_main/nex2/UI_fire_loop_main_00017"},{"time":0.5,"name":"UI_fire_loop_main/nex2/UI_fire_loop_main_00021"},{"time":0.5666,"name":"UI_fire_loop_main/nex2/UI_fire_loop_main_00023"},{"time":0.6333,"name":"UI_fire_loop_main/nex2/UI_fire_loop_main_00025"},{"time":0.7,"name":"UI_fire_loop_main/nex2/UI_fire_loop_main_00027"},{"time":0.7666,"name":"UI_fire_loop_main/nex2/UI_fire_loop_main_00029"},{"time":0.8333,"name":"UI_fire_loop_main/nex2/UI_fire_loop_main_00031"},{"time":0.9,"name":"UI_fire_loop_main/nex2/UI_fire_loop_main_00033"},{"time":0.9666,"name":"UI_fire_loop_main/nex2/UI_fire_loop_main_00035"},{"time":1.0333,"name":"UI_fire_loop_main/nex2/UI_fire_loop_main_00037"},{"time":1.1,"name":"UI_fire_loop_main/nex2/UI_fire_loop_main_00039"},{"time":1.1666,"name":"UI_fire_loop_main/nex2/UI_fire_loop_main_00041"},{"time":1.2333,"name":"UI_fire_loop_main/nex2/UI_fire_loop_main_00043"},{"time":1.3,"name":"UI_fire_loop_main/nex2/UI_fire_loop_main_00045"},{"time":1.3666,"name":"UI_fire_loop_main/nex2/UI_fire_loop_main_00047"},{"time":1.4333,"name":"UI_fire_loop_main/nex2/UI_fire_loop_main_00049"},{"time":1.5,"name":"UI_fire_loop_main/nex2/UI_fire_loop_main_00051"},{"time":1.5666,"name":"UI_fire_loop_main/nex2/UI_fire_loop_main_00053"},{"time":1.6333,"name":"UI_fire_loop_main/nex2/UI_fire_loop_main_00055"},{"time":1.7,"name":"UI_fire_loop_main/nex2/UI_fire_loop_main_00057"},{"time":1.7666,"name":"UI_fire_loop_main/nex2/UI_fire_loop_main_00059"},{"time":1.8333,"name":"UI_fire_loop_main/nex2/UI_fire_loop_main_00059"}],"color":[{"time":0.1666,"color":"ffffff00","curve":[0.73,0,0.454,0.99]},{"time":0.3666,"color":"ffffffff","curve":[0.838,0.09,0.231,0.8]},{"time":1.8333,"color":"ffffff00"}]}},"bones":{"fire1_1":{"translate":[{"time":0.1666,"x":0,"y":-37.64,"curve":[0.231,0.76,0.75,1]},{"time":0.3666,"x":0,"y":0}],"scale":[{"time":0.1666,"x":1.424,"y":0.366,"curve":[0.389,0,0.75,1]},{"time":0.3666,"x":1.424,"y":1.752},{"time":0.8666,"x":1.424,"y":1.636}]},"fire1_2":{"translate":[{"time":0.1666,"x":0,"y":0}],"scale":[{"time":0.1666,"x":-1.426,"y":2.167,"curve":[0.389,0,0.75,1]},{"time":0.3666,"x":-1.462,"y":3.248}]}}},"loop":{"slots":{"UI_fire_loop_main/nex2/UI_fire_loop_main_00001":{"attachment":[{"time":0,"name":"UI_fire_loop_main/nex2/UI_fire_loop_main_00001"},{"time":0.0666,"name":"UI_fire_loop_main/nex2/UI_fire_loop_main_00003"},{"time":0.1333,"name":"UI_fire_loop_main/nex2/UI_fire_loop_main_00005"},{"time":0.2,"name":"UI_fire_loop_main/nex2/UI_fire_loop_main_00007"},{"time":0.2666,"name":"UI_fire_loop_main/nex2/UI_fire_loop_main_00009"},{"time":0.3333,"name":"UI_fire_loop_main/nex2/UI_fire_loop_main_00011"},{"time":0.4,"name":"UI_fire_loop_main/nex2/UI_fire_loop_main_00013"},{"time":0.4666,"name":"UI_fire_loop_main/nex2/UI_fire_loop_main_00015"},{"time":0.5333,"name":"UI_fire_loop_main/nex2/UI_fire_loop_main_00017"},{"time":0.6,"name":"UI_fire_loop_main/nex2/UI_fire_loop_main_00019"},{"time":0.6666,"name":"UI_fire_loop_main/nex2/UI_fire_loop_main_00021"},{"time":0.7333,"name":"UI_fire_loop_main/nex2/UI_fire_loop_main_00023"},{"time":0.8,"name":"UI_fire_loop_main/nex2/UI_fire_loop_main_00025"},{"time":0.8666,"name":"UI_fire_loop_main/nex2/UI_fire_loop_main_00027"},{"time":0.9333,"name":"UI_fire_loop_main/nex2/UI_fire_loop_main_00029"},{"time":1,"name":"UI_fire_loop_main/nex2/UI_fire_loop_main_00031"},{"time":1.0666,"name":"UI_fire_loop_main/nex2/UI_fire_loop_main_00033"},{"time":1.1333,"name":"UI_fire_loop_main/nex2/UI_fire_loop_main_00035"},{"time":1.2,"name":"UI_fire_loop_main/nex2/UI_fire_loop_main_00037"},{"time":1.2666,"name":"UI_fire_loop_main/nex2/UI_fire_loop_main_00039"},{"time":1.3333,"name":"UI_fire_loop_main/nex2/UI_fire_loop_main_00041"},{"time":1.4,"name":"UI_fire_loop_main/nex2/UI_fire_loop_main_00043"},{"time":1.4666,"name":"UI_fire_loop_main/nex2/UI_fire_loop_main_00045"},{"time":1.5333,"name":"UI_fire_loop_main/nex2/UI_fire_loop_main_00047"},{"time":1.6,"name":"UI_fire_loop_main/nex2/UI_fire_loop_main_00049"},{"time":1.6666,"name":"UI_fire_loop_main/nex2/UI_fire_loop_main_00051"},{"time":1.7333,"name":"UI_fire_loop_main/nex2/UI_fire_loop_main_00053"},{"time":1.8,"name":"UI_fire_loop_main/nex2/UI_fire_loop_main_00055"},{"time":1.8666,"name":"UI_fire_loop_main/nex2/UI_fire_loop_main_00057"},{"time":1.9333,"name":"UI_fire_loop_main/nex2/UI_fire_loop_main_00059"},{"time":2,"name":"UI_fire_loop_main/nex2/UI_fire_loop_main_00001"}],"color":[{"time":0,"color":"ffffffff"}]}},"bones":{"fire1_1":{"translate":[{"time":0,"x":0,"y":0}],"scale":[{"time":0,"x":1.424,"y":1.636}]}}},"out":{"slots":{"UI_fire_loop_main/nex2/UI_fire_loop_main_00001":{"attachment":[{"time":0,"name":"UI_fire_loop_main/nex2/UI_fire_loop_main_00001"},{"time":0.0666,"name":"UI_fire_loop_main/nex2/UI_fire_loop_main_00003"},{"time":0.1333,"name":"UI_fire_loop_main/nex2/UI_fire_loop_main_00005"},{"time":0.2,"name":"UI_fire_loop_main/nex2/UI_fire_loop_main_00007"},{"time":0.2666,"name":"UI_fire_loop_main/nex2/UI_fire_loop_main_00009"},{"time":0.3333,"name":"UI_fire_loop_main/nex2/UI_fire_loop_main_00011"},{"time":0.4,"name":"UI_fire_loop_main/nex2/UI_fire_loop_main_00013"},{"time":0.4666,"name":"UI_fire_loop_main/nex2/UI_fire_loop_main_00015"},{"time":0.5333,"name":"UI_fire_loop_main/nex2/UI_fire_loop_main_00017"},{"time":0.6,"name":"UI_fire_loop_main/nex2/UI_fire_loop_main_00019"},{"time":0.6666,"name":"UI_fire_loop_main/nex2/UI_fire_loop_main_00021"},{"time":0.7333,"name":"UI_fire_loop_main/nex2/UI_fire_loop_main_00023"},{"time":0.8,"name":"UI_fire_loop_main/nex2/UI_fire_loop_main_00025"},{"time":0.8666,"name":"UI_fire_loop_main/nex2/UI_fire_loop_main_00027"},{"time":0.9333,"name":"UI_fire_loop_main/nex2/UI_fire_loop_main_00029"},{"time":1,"name":"UI_fire_loop_main/nex2/UI_fire_loop_main_00031"},{"time":1.0666,"name":"UI_fire_loop_main/nex2/UI_fire_loop_main_00033"},{"time":1.1333,"name":"UI_fire_loop_main/nex2/UI_fire_loop_main_00035"},{"time":1.2,"name":"UI_fire_loop_main/nex2/UI_fire_loop_main_00037"},{"time":1.2666,"name":"UI_fire_loop_main/nex2/UI_fire_loop_main_00039"},{"time":1.3333,"name":"UI_fire_loop_main/nex2/UI_fire_loop_main_00041"},{"time":1.4,"name":"UI_fire_loop_main/nex2/UI_fire_loop_main_00043"},{"time":1.4666,"name":"UI_fire_loop_main/nex2/UI_fire_loop_main_00045"},{"time":1.5333,"name":"UI_fire_loop_main/nex2/UI_fire_loop_main_00047"},{"time":1.6,"name":"UI_fire_loop_main/nex2/UI_fire_loop_main_00049"},{"time":1.6666,"name":"UI_fire_loop_main/nex2/UI_fire_loop_main_00051"},{"time":1.7333,"name":"UI_fire_loop_main/nex2/UI_fire_loop_main_00053"},{"time":1.8,"name":"UI_fire_loop_main/nex2/UI_fire_loop_main_00055"},{"time":1.8666,"name":"UI_fire_loop_main/nex2/UI_fire_loop_main_00057"},{"time":1.9333,"name":"UI_fire_loop_main/nex2/UI_fire_loop_main_00059"},{"time":2,"name":"UI_fire_loop_main/nex2/UI_fire_loop_main_00001"}],"color":[{"time":0.2,"color":"ffffffff"},{"time":1.2333,"color":"ffffff00"}]}},"bones":{"fire1_1":{"translate":[{"time":0,"x":0,"y":0,"curve":"stepped"},{"time":0.2,"x":0,"y":0,"curve":[0.451,0,0.75,1]},{"time":1.2666,"x":0,"y":-21.19}],"scale":[{"time":0,"x":1.424,"y":1.636}]}}}}}