{"skeleton":{"hash":"uAhUjbolGjhA92+ZAapFZmQzh6o","spine":"3.0.12","width":1180,"height":1180},"bones":[{"name":"root"},{"name":"magic","parent":"root","y":-1.44,"scaleY":0.198},{"name":"SHADOW-OFFSET","parent":"root"},{"name":"MAIN","parent":"root","y":43.55},{"name":"R_wing_root","parent":"MAIN","y":-45},{"name":"bone5","parent":"R_wing_root","x":-14.12,"y":-0.24},{"name":"bone4","parent":"R_wing_root","x":-19.52,"y":-21.08},{"name":"bone","parent":"R_wing_root","x":-7.02,"y":28.11},{"name":"L_wing_root","parent":"MAIN","y":-45},{"name":"bone10","parent":"L_wing_root","x":18.24,"y":-1.43},{"name":"bone3","parent":"L_wing_root","x":17.02,"y":-11.35},{"name":"bone2","parent":"L_wing_root","x":17.02,"y":12.9},{"name":"HITBOX","parent":"MAIN","y":-45},{"name":"EF_trail_sword2","parent":"root","x":-223.44,"y":72.62},{"name":"EF_sp_1","parent":"root","x":-196.64,"y":98.1},{"name":"DAMAGEAREA","parent":"root","y":-1.44},{"name":"130_S1_wave1","parent":"root","y":-1.44},{"name":"sdie_r_wing","parent":"MAIN","y":-45},{"name":"bone12","parent":"sdie_r_wing","x":3.63,"y":3.19},{"name":"bone9","parent":"sdie_r_wing","x":15.84,"y":-16.75},{"name":"bone8","parent":"sdie_r_wing","x":14.55,"y":24.33},{"name":"shield","parent":"MAIN","x":183.17,"y":43.59,"rotation":-0.02},{"name":"side_L_wing","parent":"MAIN","y":-45},{"name":"bone11","parent":"side_L_wing","x":10.17,"y":-1.3},{"name":"bone7","parent":"side_L_wing","x":14.05,"y":14.05},{"name":"bone6","parent":"side_L_wing","x":11.71,"y":-17.96}],"slots":[{"name":"Grit/bg","bone":"root","color":"96969667"},{"name":"Grit/grid","bone":"root","color":"ffffff62"},{"name":"EF/trail/sp_ef","bone":"EF_sp_1","color":"faff12ff","blend":"additive"},{"name":"EF/trail/10000-combo_7_ef1_1","bone":"EF_trail_sword2","color":"faff12ff","blend":"additive"},{"name":"L_wing_3","bone":"bone2"},{"name":"L_wing 2","bone":"bone10"},{"name":"L_wing_1","bone":"bone3"},{"name":"R_wing_3","bone":"bone"},{"name":"R_wing 2","bone":"bone5"},{"name":"R_wing_1","bone":"bone4"},{"name":"side_L_wing_3","bone":"bone7"},{"name":"side_L_wing","bone":"bone11"},{"name":"side_L_wing_1","bone":"bone6"},{"name":"side_R_wing_3","bone":"bone8"},{"name":"side_R_wing","bone":"bone12"},{"name":"side_R_wing_1","bone":"bone9"},{"name":"EF/130_S1_wave1/130_S1_wave1_00000","bone":"130_S1_wave1","blend":"additive"},{"name":"MAIN","bone":"MAIN","attachment":"skeleton-idle_0"},{"name":"DAMAGEAREA","bone":"DAMAGEAREA","blend":"additive"},{"name":"HITBOX","bone":"HITBOX","attachment":"HITBOX"},{"name":"EF/magic5","bone":"magic","blend":"additive"},{"name":"shield_2","bone":"shield"},{"name":"EF/trail/EF_slash","bone":"root","blend":"additive"}],"skins":{"default":{"DAMAGEAREA":{"DAMAGEAREA":{"type":"boundingbox","vertices":[-98.88086,99.49362,-98.88086,-96.75426,97.36702,-96.75427,99.14299,98.60561]}},"EF/130_S1_wave1/130_S1_wave1_00000":{"EF/130_S1_wave1/130_S1_wave1_00000":{"width":175,"height":175},"EF/130_S1_wave1/130_S1_wave1_00002":{"width":175,"height":175},"EF/130_S1_wave1/130_S1_wave1_00004":{"width":175,"height":175},"EF/130_S1_wave1/130_S1_wave1_00005":{"width":175,"height":175},"EF/130_S1_wave1/130_S1_wave1_00006":{"width":175,"height":175},"EF/130_S1_wave1/130_S1_wave1_00007":{"width":175,"height":175},"EF/130_S1_wave1/130_S1_wave1_00008":{"width":175,"height":175},"EF/130_S1_wave1/130_S1_wave1_00010":{"width":175,"height":175}},"EF/magic5":{"EF/magic5":{"scaleY":1.166,"width":210,"height":210}},"EF/trail/10000-combo_7_ef1_1":{"EF/trail/10000-combo_7_ef1_1":{"x":43.12,"y":40.92,"width":206,"height":171},"EF/trail/10000-combo_7_ef1_2":{"type":"mesh","uvs":[0.39009,0,0.3203,0,0.19655,0.14831,0.04226,0.41231,0,0.53336,0,0.97333,0.42303,0.97333,0.97959,0.97333,0.97959,0.91575,0.66548,0.69655,0.47446,0.43896,0.42303,0.15184,0.26875,0.53904],"triangles":[1,0,11,2,1,11,10,12,2,10,2,11,3,2,12,4,3,12,5,4,12,9,6,12,9,12,10,5,12,6,9,8,7,6,9,7],"vertices":[-5.28,60.88,-8.7,60.88,-14.77,49.76,-22.33,29.96,-24.4,20.87999,-24.4,-12.11,-3.67,-12.11,23.59,-12.11,23.59,-7.79,8.2,8.64,-1.15,27.96,-3.67,49.49,-11.23,20.45],"hull":12},"EF/trail/10000-combo_7_ef1_3":{"x":43.12,"y":40.92,"width":206,"height":171},"EF/trail/EF_slash":{"x":21.75,"y":-54.54,"rotation":24.08,"width":394,"height":176}},"EF/trail/sp_ef":{"EF/trail/sp_ef_1":{"x":3.5,"y":1.07,"width":206,"height":171},"EF/trail/sp_ef_2":{"x":3.5,"y":1.07,"width":206,"height":171},"EF/trail/sp_ef_3":{"x":3.5,"y":1.07,"width":206,"height":171}},"HITBOX":{"HITBOX":{"type":"boundingbox","vertices":[-27.84094,121.6936,-26.95294,-13.28231,31.65503,-12.39433,29.87906,120.80562]}},"L_wing 2":{"L_wing 2":{"x":-61.92,"y":-7.41,"width":290,"height":230}},"L_wing_1":{"L_wing_1":{"x":-60.71,"y":2.5,"width":290,"height":230}},"L_wing_3":{"L_wing_3":{"x":-60.71,"y":-21.74,"width":290,"height":230}},"MAIN":{"skeleton-back_0":{"x":-27.59,"y":39.39,"width":400,"height":400},"skeleton-combo_0":{"x":-33.78,"y":25.23,"width":400,"height":400},"skeleton-combo_1":{"x":-17.43,"y":25.23,"width":400,"height":400},"skeleton-combo_2":{"x":-16.07,"y":25.23,"width":400,"height":400},"skeleton-combo_3":{"x":-34.33,"y":25.23,"width":400,"height":400},"skeleton-combo_4":{"x":-32.69,"y":25.23,"width":400,"height":400},"skeleton-combo_5":{"x":-41.96,"y":25.23,"width":400,"height":400},"skeleton-combo_6":{"x":-53.4,"y":25.23,"width":400,"height":400},"skeleton-combo_7":{"x":-13.07,"y":25.23,"width":400,"height":400},"skeleton-combo_8":{"x":-14.16,"y":25.23,"width":400,"height":400},"skeleton-combo_9":{"x":-23.97,"y":25.23,"width":400,"height":400},"skeleton-combo_10":{"x":-32.69,"y":25.23,"width":400,"height":400},"skeleton-damage_0":{"x":17.93,"y":33.56,"width":400,"height":400},"skeleton-front_0":{"x":40.33,"y":17.06,"width":400,"height":400},"skeleton-idle_0":{"x":-48.9,"y":12.96,"width":400,"height":400},"skeleton-idle_1":{"x":-48.9,"y":12.96,"width":400,"height":400},"skeleton-idle_2":{"x":-48.9,"y":12.96,"width":400,"height":400},"skeleton-idle_3":{"x":-48.9,"y":12.96,"width":400,"height":400},"skeleton-idle_4":{"x":-48.9,"y":12.96,"width":400,"height":400},"skeleton-skill1_0":{"x":-14.71,"y":25.23,"width":400,"height":400},"skeleton-skill1_1":{"x":-14.71,"y":25.23,"width":400,"height":400},"skeleton-skill1_2":{"x":-14.71,"y":25.23,"width":400,"height":400},"skeleton-skill1_10":{"x":-14.71,"y":25.23,"width":400,"height":400},"skeleton-skill1_15":{"x":-14.71,"y":25.23,"width":400,"height":400},"skeleton-skill1_16":{"x":-14.71,"y":25.23,"width":400,"height":400},"skeleton-skill1_18":{"x":-14.71,"y":25.23,"width":400,"height":400},"skeleton-skill1_19":{"x":-14.71,"y":25.23,"width":400,"height":400},"skeleton-skill1_20":{"x":-14.71,"y":25.23,"width":400,"height":400},"skeleton-skill2_0":{"x":14.39,"y":233.1,"width":400,"height":677},"skeleton-skill2_2":{"x":14.4,"y":233.1,"width":400,"height":677},"skeleton-skill2_6":{"x":14.4,"y":63.56,"width":400,"height":677},"skeleton-skill2_7":{"x":14.4,"y":-86.04,"width":400,"height":677},"skeleton-skill2_8":{"x":14.4,"y":-76.46,"width":400,"height":677},"skeleton-skill2_15":{"x":14.4,"y":-5.71,"width":400,"height":677},"skeleton-skill4_0":{"x":-46.13,"y":14.41,"width":400,"height":400},"skeleton-skill4_1":{"x":-46.13,"y":14.41,"width":400,"height":400},"skeleton-skill4_2":{"x":-46.13,"y":14.41,"width":400,"height":400},"skeleton-skill4_3":{"x":-46.13,"y":14.41,"width":400,"height":400}},"R_wing 2":{"R_wing 2":{"x":-7.88,"y":-39.03,"width":240,"height":160}},"R_wing_1":{"R_wing_1":{"x":0.64,"y":-8.82,"width":240,"height":160}},"R_wing_3":{"R_wing_3":{"x":-19.66,"y":-33.81,"width":290,"height":230}},"shield_2":{"shield_2":{"x":-0.12,"y":-20,"width":121,"height":157}},"side_L_wing":{"side_L_wing":{"x":-43.9,"y":-2.83,"width":420,"height":220}},"side_L_wing_1":{"side_L_wing_1":{"x":-45.44,"y":13.82,"width":420,"height":220}},"side_L_wing_3":{"side_L_wing_3":{"x":-47.78,"y":-18.19,"width":420,"height":220}},"side_R_wing":{"side_R_wing":{"x":-42.83,"y":-6.54,"width":420,"height":220}},"side_R_wing_1":{"side_R_wing_1":{"x":-55.03,"y":13.39,"width":420,"height":220}},"side_R_wing_3":{"side_R_wing_3":{"x":-53.75,"y":-27.69,"width":420,"height":220}}}},"events":{"Event":{},"Event2":{},"Hit":{},"HitEffect":{},"Sound1":{},"Sound2":{},"Sound3":{},"Voice":{}},"animations":{"attack1":{"slots":{"DAMAGEAREA":{"attachment":[{"time":0.1666,"name":"DAMAGEAREA"},{"time":0.2666,"name":null},{"time":0.5333,"name":"DAMAGEAREA"},{"time":0.5666,"name":null},{"time":0.7,"name":"DAMAGEAREA"},{"time":0.7333,"name":null},{"time":0.9666,"name":"DAMAGEAREA"},{"time":1,"name":null},{"time":1.1333,"name":"DAMAGEAREA"},{"time":1.1666,"name":null},{"time":1.5333,"name":"DAMAGEAREA"},{"time":1.7333,"name":null}]},"EF/trail/10000-combo_7_ef1_1":{"attachment":[{"time":0.5333,"name":"EF/trail/10000-combo_7_ef1_2"},{"time":0.5666,"name":null},{"time":0.6666,"name":"EF/trail/EF_slash"},{"time":0.7,"name":null},{"time":0.9666,"name":"EF/trail/10000-combo_7_ef1_2"},{"time":1,"name":null},{"time":1.1333,"name":"EF/trail/EF_slash"},{"time":1.1666,"name":null}]},"EF/trail/sp_ef":{"attachment":[{"time":0.1666,"name":"EF/trail/sp_ef_1"},{"time":0.2,"name":"EF/trail/sp_ef_2"},{"time":0.2333,"name":"EF/trail/sp_ef_3"},{"time":0.2666,"name":null},{"time":1.5333,"name":"EF/trail/sp_ef_1"},{"time":1.5666,"name":"EF/trail/sp_ef_2"},{"time":1.6,"name":"EF/trail/sp_ef_3"},{"time":1.6333,"name":null}]},"L_wing 2":{"attachment":[{"time":0,"name":"L_wing 2"},{"time":0.1666,"name":null},{"time":0.5333,"name":"L_wing 2"},{"time":0.6666,"name":null},{"time":0.9666,"name":"L_wing 2"},{"time":1.1,"name":null},{"time":1.9666,"name":null}]},"L_wing_1":{"attachment":[{"time":0,"name":"L_wing_1"},{"time":0.2,"name":null},{"time":0.5333,"name":"L_wing_1"},{"time":0.6666,"name":null},{"time":0.9666,"name":"L_wing_1"},{"time":1.1,"name":null},{"time":1.9666,"name":null}]},"L_wing_3":{"attachment":[{"time":0,"name":"L_wing_3"},{"time":0.1666,"name":null},{"time":0.5333,"name":"L_wing_3"},{"time":0.6666,"name":null},{"time":0.9666,"name":"L_wing_3"},{"time":1.1,"name":null},{"time":1.9666,"name":null}]},"MAIN":{"attachment":[{"time":0,"name":"skeleton-combo_0"},{"time":0.1666,"name":"skeleton-combo_1"},{"time":0.2333,"name":"skeleton-combo_2"},{"time":0.3666,"name":"skeleton-combo_3"},{"time":0.4666,"name":"skeleton-combo_4"},{"time":0.5333,"name":"skeleton-combo_5"},{"time":0.6,"name":"skeleton-combo_6"},{"time":0.6666,"name":"skeleton-combo_7"},{"time":0.7,"name":"skeleton-combo_8"},{"time":0.8333,"name":"skeleton-combo_3"},{"time":0.9,"name":"skeleton-combo_4"},{"time":0.9666,"name":"skeleton-combo_5"},{"time":1.0333,"name":"skeleton-combo_6"},{"time":1.1,"name":"skeleton-combo_7"},{"time":1.1333,"name":"skeleton-combo_8"},{"time":1.2666,"name":"skeleton-combo_9"},{"time":1.4,"name":"skeleton-combo_10"},{"time":1.5333,"name":"skeleton-combo_1"},{"time":1.5666,"name":"skeleton-combo_2"},{"time":1.8,"name":"skeleton-back_0"},{"time":1.8333,"name":"skeleton-back_0"},{"time":1.9666,"name":"skeleton-idle_0"}]},"R_wing 2":{"attachment":[{"time":0,"name":"R_wing 2"},{"time":0.1666,"name":null},{"time":0.5333,"name":"R_wing 2"},{"time":0.6666,"name":null},{"time":0.9666,"name":"R_wing 2"},{"time":1.1,"name":null},{"time":1.9666,"name":null}]},"R_wing_1":{"attachment":[{"time":0,"name":"R_wing_1"},{"time":0.1666,"name":null},{"time":0.5333,"name":"R_wing_1"},{"time":0.6666,"name":null},{"time":0.9666,"name":"R_wing_1"},{"time":1.1,"name":null},{"time":1.9666,"name":null}]},"R_wing_3":{"attachment":[{"time":0,"name":"R_wing_3"},{"time":0.1666,"name":null},{"time":0.5333,"name":"R_wing_3"},{"time":0.6666,"name":null},{"time":0.9666,"name":"R_wing_3"},{"time":1.1,"name":null},{"time":1.9666,"name":null}]},"shield_2":{"attachment":[{"time":0.1666,"name":"shield_2"},{"time":0.5333,"name":"shield_2"},{"time":0.6,"name":null},{"time":0.6666,"name":"shield_2"},{"time":0.9666,"name":"shield_2"},{"time":1.0333,"name":null},{"time":1.1,"name":"shield_2"},{"time":1.8,"name":null}]},"side_L_wing":{"attachment":[{"time":0.1666,"name":"side_L_wing"},{"time":0.5333,"name":null},{"time":0.7,"name":"side_L_wing"},{"time":0.9666,"name":null},{"time":1.1,"name":"side_L_wing"},{"time":1.1333,"name":"side_L_wing"},{"time":1.5333,"name":"side_L_wing"},{"time":1.8,"name":null}],"color":[{"time":0,"color":"ffffffff","curve":"stepped"},{"time":0.1666,"color":"ebebebff","curve":"stepped"},{"time":1.8,"color":"ffffffff"}]},"side_L_wing_1":{"attachment":[{"time":0.1666,"name":"side_L_wing_1"},{"time":0.2333,"name":"side_L_wing_1"},{"time":0.5333,"name":null},{"time":0.7,"name":"side_L_wing_1"},{"time":0.9666,"name":null},{"time":1.1,"name":"side_L_wing_1"},{"time":1.1333,"name":"side_L_wing_1"},{"time":1.5333,"name":"side_L_wing_1"},{"time":1.8,"name":null}],"color":[{"time":0,"color":"ffffffff","curve":"stepped"},{"time":0.1666,"color":"ebebebff","curve":"stepped"},{"time":1.8,"color":"ffffffff"}]},"side_L_wing_3":{"attachment":[{"time":0.1666,"name":"side_L_wing_3"},{"time":0.5333,"name":null},{"time":0.7,"name":"side_L_wing_3"},{"time":0.9666,"name":null},{"time":1.1,"name":"side_L_wing_3"},{"time":1.1333,"name":"side_L_wing_3"},{"time":1.5333,"name":"side_L_wing_3"},{"time":1.8,"name":null}],"color":[{"time":0,"color":"ffffffff","curve":"stepped"},{"time":0.1666,"color":"ebebebff","curve":"stepped"},{"time":1.8,"color":"ffffffff"}]},"side_R_wing":{"attachment":[{"time":0.1666,"name":"side_R_wing"},{"time":0.2,"name":"side_R_wing"},{"time":0.5333,"name":null},{"time":0.6666,"name":"side_R_wing"},{"time":0.9666,"name":null},{"time":1.1,"name":"side_R_wing"},{"time":1.5333,"name":"side_R_wing"},{"time":1.5666,"name":"side_R_wing"},{"time":1.8,"name":null}],"color":[{"time":0,"color":"ffffffff","curve":"stepped"},{"time":0.1666,"color":"f2f2f2ff","curve":"stepped"},{"time":1.8,"color":"ffffffff"}]},"side_R_wing_1":{"attachment":[{"time":0.1666,"name":"side_R_wing_1"},{"time":0.2,"name":"side_R_wing_1"},{"time":0.2333,"name":"side_R_wing_1"},{"time":0.5333,"name":null},{"time":0.6666,"name":"side_R_wing_1"},{"time":0.9666,"name":null},{"time":1.1,"name":"side_R_wing_1"},{"time":1.5333,"name":"side_R_wing_1"},{"time":1.5666,"name":"side_R_wing_1"},{"time":1.8,"name":null}],"color":[{"time":0,"color":"ffffffff","curve":"stepped"},{"time":0.1666,"color":"e8e8e8ff","curve":"stepped"},{"time":1.8,"color":"ffffffff"}]},"side_R_wing_3":{"attachment":[{"time":0.1666,"name":"side_R_wing_3"},{"time":0.2,"name":"side_R_wing_3"},{"time":0.5333,"name":null},{"time":0.6666,"name":"side_R_wing_3"},{"time":0.9666,"name":null},{"time":1.1,"name":"side_R_wing_3"},{"time":1.5333,"name":"side_R_wing_3"},{"time":1.5666,"name":"side_R_wing_3"},{"time":1.8,"name":null}]}},"bones":{"MAIN":{"translate":[{"time":0,"x":0,"y":0,"curve":"stepped"},{"time":0.1666,"x":0,"y":0},{"time":0.2333,"x":-31.16,"y":0,"curve":"stepped"},{"time":0.3666,"x":-31.16,"y":0},{"time":0.4666,"x":-32.53,"y":0,"curve":"stepped"},{"time":0.6666,"x":-34.74,"y":0,"curve":"stepped"},{"time":0.8333,"x":-43.54,"y":0},{"time":0.9,"x":-60.13,"y":0,"curve":"stepped"},{"time":1.1,"x":-65.92,"y":0,"curve":"stepped"},{"time":1.4,"x":-78.39,"y":0},{"time":1.5,"x":-70.38,"y":0,"curve":"stepped"},{"time":1.5333,"x":-135.29,"y":0,"curve":[0.152,0.89,0.75,1]},{"time":1.7,"x":-143.18,"y":0,"curve":"stepped"},{"time":1.8,"x":-143.18,"y":0},{"time":1.8666,"x":-24.57,"y":30.28},{"time":1.9666,"x":-4.91,"y":0},{"time":2.0333,"x":0,"y":0}]},"EF_sp_1":{"translate":[{"time":0.1666,"x":114.79,"y":-36.63,"curve":"stepped"},{"time":0.2666,"x":13.73,"y":-36.63,"curve":"stepped"},{"time":1.5333,"x":15.05,"y":-35.34}],"scale":[{"time":0.1666,"x":2,"y":1},{"time":0.2666,"x":2.5,"y":2.5,"curve":"stepped"},{"time":1.5333,"x":3.285,"y":1.971},{"time":1.6333,"x":3,"y":3}]},"EF_trail_sword2":{"rotate":[{"time":0.5333,"angle":60.44,"curve":"stepped"},{"time":0.6666,"angle":-11.25,"curve":"stepped"},{"time":0.9666,"angle":60.44,"curve":"stepped"},{"time":1.1333,"angle":-11.25}],"translate":[{"time":0.5333,"x":119.71,"y":-88.32,"curve":"stepped"},{"time":0.6666,"x":195.53,"y":124.33,"curve":"stepped"},{"time":0.9666,"x":88.09,"y":-89.24,"curve":"stepped"},{"time":1.1333,"x":182.36,"y":112.04}],"scale":[{"time":0.5333,"x":2.061,"y":3.752,"curve":"stepped"},{"time":0.6666,"x":2.972,"y":1.835,"curve":"stepped"},{"time":0.9666,"x":2.061,"y":3.752,"curve":"stepped"},{"time":1.1333,"x":2.972,"y":1.835}]},"DAMAGEAREA":{"translate":[{"time":0.1666,"x":-121.52,"y":50.99,"curve":"stepped"},{"time":0.5333,"x":-129.15,"y":22.94,"curve":"stepped"},{"time":0.7,"x":-129.15,"y":105.43,"curve":"stepped"},{"time":0.9666,"x":-142.63,"y":27.81,"curve":"stepped"},{"time":1.1333,"x":-148.61,"y":105.43,"curve":"stepped"},{"time":1.5333,"x":-250.65,"y":50.99}],"scale":[{"time":0.1666,"x":1.726,"y":0.479,"curve":"stepped"},{"time":0.5333,"x":1.661,"y":1.033,"curve":"stepped"},{"time":0.9666,"x":1.661,"y":1.098}]},"bone":{"rotate":[{"time":0,"angle":11.89}],"translate":[{"time":0,"x":0,"y":-2.35,"curve":"stepped"},{"time":1.9666,"x":0,"y":-2.35}]},"R_wing_root":{"rotate":[{"time":0,"angle":16.62,"curve":"stepped"},{"time":0.5333,"angle":22.16,"curve":"stepped"},{"time":0.6,"angle":0,"curve":"stepped"},{"time":0.9666,"angle":22.16,"curve":"stepped"},{"time":1.0333,"angle":0}],"translate":[{"time":0,"x":-20.59,"y":89,"curve":"stepped"},{"time":0.5333,"x":-31.22,"y":73.73,"curve":"stepped"},{"time":0.6,"x":-25.29,"y":78.91,"curve":"stepped"},{"time":0.6666,"x":-235.15,"y":132.49,"curve":"stepped"},{"time":0.9666,"x":-31.22,"y":73.73,"curve":"stepped"},{"time":1.0333,"x":-25.29,"y":78.91,"curve":"stepped"},{"time":1.1,"x":-235.15,"y":132.49,"curve":"stepped"},{"time":1.9333,"x":-20.59,"y":89}]},"bone3":{"rotate":[{"time":0,"angle":-17.85,"curve":"stepped"},{"time":0.1666,"angle":-4.09}]},"L_wing_root":{"rotate":[{"time":0,"angle":3.64,"curve":"stepped"},{"time":0.5333,"angle":19.31,"curve":"stepped"},{"time":0.6,"angle":4.28,"curve":"stepped"},{"time":0.9666,"angle":19.31,"curve":"stepped"},{"time":1.0333,"angle":4.28}],"translate":[{"time":0,"x":-1.55,"y":95.99,"curve":"stepped"},{"time":0.2,"x":-78.41,"y":117.87,"curve":"stepped"},{"time":0.5333,"x":-2.43,"y":88.76,"curve":"stepped"},{"time":0.6,"x":-1.69,"y":77.65,"curve":"stepped"},{"time":0.6666,"x":-257.68,"y":189.38,"curve":"stepped"},{"time":0.9666,"x":-2.43,"y":88.76,"curve":"stepped"},{"time":1.0333,"x":-1.69,"y":77.65,"curve":"stepped"},{"time":1.1,"x":-257.68,"y":189.38,"curve":"stepped"},{"time":1.9333,"x":-2.13,"y":77.88}]},"bone2":{"rotate":[{"time":0,"angle":-25.26,"curve":"stepped"},{"time":1.9666,"angle":-13.52}]},"bone10":{"rotate":[{"time":0,"angle":13.75}]},"bone6":{"rotate":[{"time":0.1666,"angle":1.82,"curve":"stepped"},{"time":0.2,"angle":1.82,"curve":"stepped"},{"time":0.2333,"angle":1.82,"curve":"stepped"},{"time":0.3666,"angle":-2.48,"curve":"stepped"},{"time":0.7,"angle":15.06,"curve":"stepped"},{"time":0.8333,"angle":-2.48,"curve":"stepped"},{"time":0.8666,"angle":1.47,"curve":"stepped"},{"time":0.9,"angle":5.62,"curve":"stepped"},{"time":0.9333,"angle":-1.21,"curve":"stepped"},{"time":1.1,"angle":-15.17,"curve":"stepped"},{"time":1.1333,"angle":15.06,"curve":"stepped"},{"time":1.2666,"angle":3.03,"curve":"stepped"},{"time":1.3333,"angle":-14.81,"curve":"stepped"},{"time":1.4,"angle":-32.66,"curve":"stepped"},{"time":1.5333,"angle":1.82,"curve":"stepped"},{"time":1.5666,"angle":0.51}],"translate":[{"time":0.1666,"x":20.86,"y":-9.92,"curve":"stepped"},{"time":0.2,"x":20.86,"y":-9.92,"curve":"stepped"},{"time":0.2333,"x":20.86,"y":-9.92,"curve":"stepped"},{"time":0.3666,"x":8,"y":-2.13,"curve":"stepped"},{"time":0.8333,"x":8,"y":-2.13,"curve":"stepped"},{"time":1.2666,"x":8,"y":-2.13,"curve":"stepped"},{"time":1.3333,"x":8,"y":-2.13,"curve":"stepped"},{"time":1.4,"x":8,"y":-2.13,"curve":"stepped"},{"time":1.5333,"x":20.86,"y":-9.92,"curve":"stepped"},{"time":1.5666,"x":20.86,"y":-9.92}],"scale":[{"time":1.2666,"x":1,"y":1,"curve":"stepped"},{"time":1.3333,"x":0.954,"y":1,"curve":"stepped"},{"time":1.4,"x":0.908,"y":1}]},"sdie_r_wing":{"rotate":[{"time":0.1666,"angle":27.82,"curve":"stepped"},{"time":0.2,"angle":26.31,"curve":"stepped"},{"time":0.2333,"angle":24.51,"curve":"stepped"},{"time":0.3666,"angle":-9.23,"curve":"stepped"},{"time":0.4,"angle":-10.26,"curve":"stepped"},{"time":0.4666,"angle":9.21,"curve":"stepped"},{"time":0.7,"angle":10.46,"curve":"stepped"},{"time":0.8333,"angle":-7,"curve":"stepped"},{"time":0.8666,"angle":-9.05,"curve":"stepped"},{"time":0.9,"angle":-5.72,"curve":"stepped"},{"time":0.9333,"angle":-5.72,"curve":"stepped"},{"time":1.1333,"angle":10.46,"curve":"stepped"},{"time":1.2666,"angle":7.18,"curve":"stepped"},{"time":1.3333,"angle":-5.73,"curve":"stepped"},{"time":1.4,"angle":-18.65,"curve":"stepped"},{"time":1.5333,"angle":27.82,"curve":"stepped"},{"time":1.5666,"angle":26.31}],"translate":[{"time":0.1666,"x":39.64,"y":49.27,"curve":"stepped"},{"time":0.2,"x":39.64,"y":49.27,"curve":"stepped"},{"time":0.2333,"x":39.64,"y":49.27,"curve":"stepped"},{"time":0.3666,"x":24.04,"y":64.37,"curve":"stepped"},{"time":0.5333,"x":247.6,"y":218.62,"curve":"stepped"},{"time":0.6666,"x":2.96,"y":75.6,"curve":"stepped"},{"time":0.7,"x":-1.93,"y":74.26,"curve":"stepped"},{"time":0.8333,"x":24.04,"y":64.37,"curve":"stepped"},{"time":0.9666,"x":247.6,"y":218.62,"curve":"stepped"},{"time":1.1,"x":2.96,"y":75.6,"curve":"stepped"},{"time":1.1333,"x":-1.93,"y":74.26,"curve":"stepped"},{"time":1.2666,"x":14.99,"y":70.99,"curve":"stepped"},{"time":1.3333,"x":14.88,"y":71.81,"curve":"stepped"},{"time":1.4,"x":20.68,"y":78.93,"curve":"stepped"},{"time":1.5333,"x":39.64,"y":49.27,"curve":"stepped"},{"time":1.5666,"x":39.64,"y":49.27}],"scale":[{"time":0.1666,"x":0.837,"y":0.837,"curve":"stepped"},{"time":0.2,"x":0.837,"y":0.837,"curve":"stepped"},{"time":0.2333,"x":0.837,"y":0.837,"curve":"stepped"},{"time":0.3666,"x":0.824,"y":0.837,"curve":"stepped"},{"time":0.8333,"x":0.824,"y":0.837,"curve":"stepped"},{"time":1.2666,"x":0.824,"y":0.837,"curve":"stepped"},{"time":1.3333,"x":0.799,"y":0.837,"curve":"stepped"},{"time":1.4,"x":0.773,"y":0.837,"curve":"stepped"},{"time":1.5333,"x":0.837,"y":0.837,"curve":"stepped"},{"time":1.5666,"x":0.837,"y":0.837}]},"bone8":{"rotate":[{"time":0.1666,"angle":1.55,"curve":"stepped"},{"time":0.2,"angle":1.55,"curve":"stepped"},{"time":0.2333,"angle":1.55,"curve":"stepped"},{"time":0.3666,"angle":25.21,"curve":"stepped"},{"time":0.4666,"angle":19.48,"curve":"stepped"},{"time":0.6666,"angle":10.8,"curve":"stepped"},{"time":0.7,"angle":15.34,"curve":"stepped"},{"time":0.8333,"angle":25.21,"curve":"stepped"},{"time":0.9,"angle":31.54,"curve":"stepped"},{"time":0.9333,"angle":38.84,"curve":"stepped"},{"time":1.1,"angle":24.32,"curve":"stepped"},{"time":1.1333,"angle":15.34,"curve":"stepped"},{"time":1.2666,"angle":-3.39,"curve":"stepped"},{"time":1.3333,"angle":-2.67,"curve":"stepped"},{"time":1.4,"angle":-1.96,"curve":"stepped"},{"time":1.5333,"angle":1.55,"curve":"stepped"},{"time":1.5666,"angle":1.55}],"translate":[{"time":0.2,"x":-7.87,"y":3.57,"curve":"stepped"},{"time":0.4666,"x":7.87,"y":-14.02,"curve":"stepped"},{"time":0.9333,"x":7.87,"y":-14.02,"curve":"stepped"},{"time":1.2666,"x":4.17,"y":-10.84,"curve":"stepped"},{"time":1.3333,"x":4.17,"y":-10.84,"curve":"stepped"},{"time":1.4,"x":4.17,"y":-10.84,"curve":"stepped"},{"time":1.5666,"x":-7.87,"y":3.57}],"scale":[{"time":0.1666,"x":1.143,"y":0.78,"curve":"stepped"},{"time":0.2,"x":1.143,"y":0.78,"curve":"stepped"},{"time":0.2333,"x":1.143,"y":0.78,"curve":"stepped"},{"time":0.6666,"x":1.232,"y":0.841,"curve":"stepped"},{"time":1.1,"x":1.232,"y":0.841,"curve":"stepped"},{"time":1.2666,"x":1.192,"y":0.814,"curve":"stepped"},{"time":1.3333,"x":1.192,"y":0.814,"curve":"stepped"},{"time":1.4,"x":1.192,"y":0.814,"curve":"stepped"},{"time":1.5333,"x":1.143,"y":0.78,"curve":"stepped"},{"time":1.5666,"x":1.143,"y":0.78}]},"bone9":{"rotate":[{"time":0.1666,"angle":-34.37,"curve":"stepped"},{"time":0.2,"angle":-34.37,"curve":"stepped"},{"time":0.2333,"angle":-34.37,"curve":"stepped"},{"time":0.3666,"angle":-11.21,"curve":"stepped"},{"time":0.4666,"angle":-19.73,"curve":"stepped"},{"time":0.6666,"angle":-31.56,"curve":"stepped"},{"time":0.7,"angle":-26.97,"curve":"stepped"},{"time":0.8333,"angle":-11.21,"curve":"stepped"},{"time":0.9,"angle":-7.27,"curve":"stepped"},{"time":0.9333,"angle":-3.21,"curve":"stepped"},{"time":1.1,"angle":-23.97,"curve":"stepped"},{"time":1.1333,"angle":-26.97,"curve":"stepped"},{"time":1.2666,"angle":-49.21,"curve":"stepped"},{"time":1.3333,"angle":-42.88,"curve":"stepped"},{"time":1.4,"angle":-36.54,"curve":"stepped"},{"time":1.5333,"angle":-34.37,"curve":"stepped"},{"time":1.5666,"angle":-37.91}],"translate":[{"time":0.1666,"x":-22.32,"y":9.31,"curve":"stepped"},{"time":0.2,"x":-22.32,"y":9.31,"curve":"stepped"},{"time":0.2333,"x":-22.32,"y":9.31,"curve":"stepped"},{"time":0.3666,"x":-4.26,"y":13.31,"curve":"stepped"},{"time":0.4666,"x":4,"y":11.46,"curve":"stepped"},{"time":0.6666,"x":20.82,"y":5.98,"curve":"stepped"},{"time":0.8333,"x":-4.26,"y":13.31,"curve":"stepped"},{"time":0.9333,"x":-1.58,"y":14.62,"curve":"stepped"},{"time":1.1,"x":20.82,"y":5.98,"curve":"stepped"},{"time":1.2666,"x":1.61,"y":17.81,"curve":"stepped"},{"time":1.3333,"x":1.61,"y":17.81,"curve":"stepped"},{"time":1.4,"x":1.61,"y":17.81,"curve":"stepped"},{"time":1.5333,"x":-22.32,"y":9.31,"curve":"stepped"},{"time":1.5666,"x":-22.32,"y":9.31}],"scale":[{"time":0.1666,"x":1.063,"y":0.836,"curve":"stepped"},{"time":0.2,"x":1.063,"y":0.836,"curve":"stepped"},{"time":0.2333,"x":1.063,"y":0.836,"curve":"stepped"},{"time":0.6666,"x":0.981,"y":0.772,"curve":"stepped"},{"time":0.7,"x":1.011,"y":0.796,"curve":"stepped"},{"time":1.1,"x":0.981,"y":0.772,"curve":"stepped"},{"time":1.1333,"x":1.011,"y":0.796,"curve":"stepped"},{"time":1.2666,"x":0.949,"y":0.796,"curve":"stepped"},{"time":1.3333,"x":0.949,"y":0.796,"curve":"stepped"},{"time":1.4,"x":0.949,"y":0.796,"curve":"stepped"},{"time":1.5333,"x":1.063,"y":0.836,"curve":"stepped"},{"time":1.5666,"x":1.063,"y":0.836}]},"bone12":{"rotate":[{"time":0.1666,"angle":-14.22,"curve":"stepped"},{"time":0.2,"angle":-14.22,"curve":"stepped"},{"time":0.2333,"angle":-14.22,"curve":"stepped"},{"time":0.3666,"angle":16.83,"curve":"stepped"},{"time":0.4666,"angle":2.29,"curve":"stepped"},{"time":0.6666,"angle":-4.19,"curve":"stepped"},{"time":0.7,"angle":3.93,"curve":"stepped"},{"time":0.8333,"angle":16.83,"curve":"stepped"},{"time":0.9,"angle":22.13,"curve":"stepped"},{"time":0.9333,"angle":27.39,"curve":"stepped"},{"time":1.1,"angle":4.08,"curve":"stepped"},{"time":1.1333,"angle":3.93,"curve":"stepped"},{"time":1.2666,"angle":-24.52,"curve":"stepped"},{"time":1.3333,"angle":-23.81,"curve":"stepped"},{"time":1.4,"angle":-23.11,"curve":"stepped"},{"time":1.5333,"angle":-14.22,"curve":"stepped"},{"time":1.5666,"angle":-17.76}],"translate":[{"time":0.1666,"x":1.87,"y":4.95,"curve":"stepped"},{"time":0.2,"x":1.87,"y":4.95,"curve":"stepped"},{"time":0.2333,"x":1.87,"y":4.95,"curve":"stepped"},{"time":0.3666,"x":7.78,"y":-3.57,"curve":"stepped"},{"time":0.4666,"x":14.21,"y":-6.64,"curve":"stepped"},{"time":0.6666,"x":30.66,"y":-5.78,"curve":"stepped"},{"time":0.7,"x":32.36,"y":-11.59,"curve":"stepped"},{"time":0.8333,"x":7.78,"y":-3.57,"curve":"stepped"},{"time":0.9333,"x":14.21,"y":-6.64,"curve":"stepped"},{"time":1.1,"x":30.66,"y":-5.78,"curve":"stepped"},{"time":1.1333,"x":32.36,"y":-11.59,"curve":"stepped"},{"time":1.2666,"x":14.52,"y":15.32,"curve":"stepped"},{"time":1.3333,"x":14.52,"y":15.32,"curve":"stepped"},{"time":1.4,"x":14.52,"y":15.32,"curve":"stepped"},{"time":1.5333,"x":1.87,"y":4.95,"curve":"stepped"},{"time":1.5666,"x":1.87,"y":4.95}],"scale":[{"time":0.1666,"x":1.214,"y":0.7,"curve":"stepped"},{"time":0.2,"x":1.214,"y":0.7,"curve":"stepped"},{"time":0.2333,"x":1.214,"y":0.7,"curve":"stepped"},{"time":0.6666,"x":1.338,"y":0.771,"curve":"stepped"},{"time":1.1,"x":1.338,"y":0.771,"curve":"stepped"},{"time":1.2666,"x":1.338,"y":0.771,"curve":"stepped"},{"time":1.3333,"x":1.338,"y":0.771,"curve":"stepped"},{"time":1.4,"x":1.338,"y":0.771,"curve":"stepped"},{"time":1.5333,"x":1.214,"y":0.7,"curve":"stepped"},{"time":1.5666,"x":1.214,"y":0.7}]},"root":{"rotate":[{"time":0.5333,"angle":0}]},"shield":{"rotate":[{"time":0.1666,"angle":-7.87,"curve":"stepped"},{"time":0.2,"angle":19.56,"curve":"stepped"},{"time":0.2333,"angle":27.76,"curve":"stepped"},{"time":0.3666,"angle":-16.5,"curve":"stepped"},{"time":0.4666,"angle":-32.81,"curve":"stepped"},{"time":0.5333,"angle":62.76,"curve":"stepped"},{"time":0.6666,"angle":134.42,"curve":"stepped"},{"time":0.7,"angle":154.75,"curve":"stepped"},{"time":0.8333,"angle":-16.5,"curve":"stepped"},{"time":0.9,"angle":-32.81,"curve":"stepped"},{"time":0.9666,"angle":62.76,"curve":"stepped"},{"time":1.1,"angle":134.42,"curve":"stepped"},{"time":1.1333,"angle":154.75,"curve":"stepped"},{"time":1.2666,"angle":31.3,"curve":"stepped"},{"time":1.4,"angle":21.29,"curve":"stepped"},{"time":1.5333,"angle":116.87}],"translate":[{"time":0.1666,"x":-142.2,"y":-14.08,"curve":"stepped"},{"time":0.2,"x":-155.58,"y":-19.71,"curve":"stepped"},{"time":0.2333,"x":-160.51,"y":-21.11,"curve":"stepped"},{"time":0.3666,"x":-164.03,"y":-21.11,"curve":"stepped"},{"time":0.4666,"x":-142.2,"y":-22.52,"curve":"stepped"},{"time":0.6,"x":-52.8,"y":-35.9,"curve":"stepped"},{"time":0.6666,"x":-155.58,"y":-27.45,"curve":"stepped"},{"time":0.7,"x":-159.8,"y":-40.83,"curve":"stepped"},{"time":0.8333,"x":-164.03,"y":-21.11,"curve":"stepped"},{"time":0.9,"x":-142.2,"y":-22.52,"curve":"stepped"},{"time":1.0333,"x":-52.8,"y":-35.9,"curve":"stepped"},{"time":1.1,"x":-155.58,"y":-27.45,"curve":"stepped"},{"time":1.1333,"x":-159.8,"y":-40.83,"curve":"stepped"},{"time":1.2666,"x":-229.5,"y":-19.71,"curve":"stepped"},{"time":1.4,"x":-224.57,"y":-12.67,"curve":"stepped"},{"time":1.5333,"x":-152.06,"y":-25.34}],"scale":[{"time":0.1666,"x":0.943,"y":0.943,"curve":"stepped"},{"time":1.2666,"x":0.763,"y":0.943,"curve":"stepped"},{"time":1.5333,"x":0.884,"y":0.943}]},"side_L_wing":{"rotate":[{"time":0.1666,"angle":10.8,"curve":"stepped"},{"time":0.2,"angle":12.18,"curve":"stepped"},{"time":0.2333,"angle":13.04,"curve":"stepped"},{"time":0.3666,"angle":17.3,"curve":"stepped"},{"time":0.4,"angle":15.25,"curve":"stepped"},{"time":0.4666,"angle":22.13,"curve":"stepped"},{"time":0.7,"angle":26.99,"curve":"stepped"},{"time":0.8333,"angle":17.3,"curve":"stepped"},{"time":0.8666,"angle":15.25,"curve":"stepped"},{"time":0.9,"angle":20.39,"curve":"stepped"},{"time":0.9333,"angle":26.53,"curve":"stepped"},{"time":1.1333,"angle":26.99,"curve":"stepped"},{"time":1.2666,"angle":0.17,"curve":"stepped"},{"time":1.3333,"angle":15.5,"curve":"stepped"},{"time":1.4,"angle":30.83,"curve":"stepped"},{"time":1.5333,"angle":10.8,"curve":"stepped"},{"time":1.5666,"angle":14.58}],"translate":[{"time":0.1666,"x":-18.48,"y":80.51,"curve":"stepped"},{"time":0.2,"x":-18.48,"y":80.51,"curve":"stepped"},{"time":0.2333,"x":-18.48,"y":80.51,"curve":"stepped"},{"time":0.3666,"x":-12.54,"y":81.18,"curve":"stepped"},{"time":0.4666,"x":-11.88,"y":71.28,"curve":"stepped"},{"time":0.7,"x":-13.86,"y":54.77,"curve":"stepped"},{"time":0.8333,"x":-12.54,"y":81.18,"curve":"stepped"},{"time":0.9333,"x":-10.21,"y":80.14,"curve":"stepped"},{"time":1.1333,"x":-13.86,"y":54.77,"curve":"stepped"},{"time":1.2666,"x":0,"y":82.49,"curve":"stepped"},{"time":1.3333,"x":3.43,"y":77.22,"curve":"stepped"},{"time":1.4,"x":6.87,"y":71.95,"curve":"stepped"},{"time":1.5333,"x":-18.48,"y":80.51,"curve":"stepped"},{"time":1.5666,"x":-18.48,"y":80.51}],"scale":[{"time":0.1666,"x":0.814,"y":0.837,"curve":"stepped"},{"time":0.2,"x":0.814,"y":0.837,"curve":"stepped"},{"time":0.2333,"x":0.814,"y":0.837,"curve":"stepped"},{"time":1.2666,"x":0.814,"y":0.837,"curve":"stepped"},{"time":1.3333,"x":0.814,"y":0.837,"curve":"stepped"},{"time":1.4,"x":0.814,"y":0.837,"curve":"stepped"},{"time":1.5333,"x":0.814,"y":0.837,"curve":"stepped"},{"time":1.5666,"x":0.814,"y":0.837}]},"bone7":{"rotate":[{"time":0.1666,"angle":25.3,"curve":"stepped"},{"time":0.2,"angle":25.3,"curve":"stepped"},{"time":0.2333,"angle":25.3,"curve":"stepped"},{"time":0.3666,"angle":18.96,"curve":"stepped"},{"time":0.7,"angle":28.25,"curve":"stepped"},{"time":0.8333,"angle":18.96,"curve":"stepped"},{"time":0.9,"angle":21.06,"curve":"stepped"},{"time":0.9333,"angle":19.23,"curve":"stepped"},{"time":1.1,"angle":9.7,"curve":"stepped"},{"time":1.1333,"angle":28.25,"curve":"stepped"},{"time":1.2666,"angle":36.46,"curve":"stepped"},{"time":1.3333,"angle":7.32,"curve":"stepped"},{"time":1.4,"angle":-21.82,"curve":"stepped"},{"time":1.5333,"angle":25.3,"curve":"stepped"},{"time":1.5666,"angle":25.3}],"translate":[{"time":0.1666,"x":20.02,"y":-8.82,"curve":"stepped"},{"time":0.2,"x":20.02,"y":-8.82,"curve":"stepped"},{"time":0.2333,"x":20.02,"y":-8.82,"curve":"stepped"},{"time":1.2666,"x":7.64,"y":-26.77,"curve":"stepped"},{"time":1.3333,"x":12.6,"y":-16.04,"curve":"stepped"},{"time":1.4,"x":17.56,"y":-5.32,"curve":"stepped"},{"time":1.5333,"x":20.02,"y":-8.82,"curve":"stepped"},{"time":1.5666,"x":20.02,"y":-8.82}],"scale":[{"time":0.1666,"x":1,"y":0.767,"curve":"stepped"},{"time":0.2,"x":1,"y":0.767,"curve":"stepped"},{"time":0.2333,"x":1,"y":0.767,"curve":"stepped"},{"time":1.2666,"x":1.047,"y":0.805,"curve":"stepped"},{"time":1.3333,"x":0.94,"y":0.764,"curve":"stepped"},{"time":1.4,"x":0.917,"y":0.722,"curve":"stepped"},{"time":1.5333,"x":1,"y":0.767,"curve":"stepped"},{"time":1.5666,"x":1,"y":0.767}]},"bone11":{"rotate":[{"time":0.1666,"angle":-0.32,"curve":"stepped"},{"time":0.2,"angle":-0.32,"curve":"stepped"},{"time":0.2333,"angle":-0.32,"curve":"stepped"},{"time":0.7,"angle":3.1,"curve":"stepped"},{"time":0.9,"angle":1.53,"curve":"stepped"},{"time":0.9333,"angle":-1.63,"curve":"stepped"},{"time":1.1,"angle":-14.27,"curve":"stepped"},{"time":1.1333,"angle":3.1,"curve":"stepped"},{"time":1.2666,"angle":-15.99,"curve":"stepped"},{"time":1.3333,"angle":-21.37,"curve":"stepped"},{"time":1.4,"angle":-26.75,"curve":"stepped"},{"time":1.5333,"angle":-0.32,"curve":"stepped"},{"time":1.5666,"angle":-2.73}],"translate":[{"time":0.1666,"x":13.59,"y":12.94,"curve":"stepped"},{"time":0.2,"x":13.59,"y":12.94,"curve":"stepped"},{"time":0.2333,"x":13.59,"y":12.94,"curve":"stepped"},{"time":1.1,"x":19.64,"y":16.97,"curve":"stepped"},{"time":1.2666,"x":19.64,"y":16.97,"curve":"stepped"},{"time":1.3333,"x":21.71,"y":12.92,"curve":"stepped"},{"time":1.4,"x":23.78,"y":8.87,"curve":"stepped"},{"time":1.5333,"x":13.59,"y":12.94,"curve":"stepped"},{"time":1.5666,"x":13.59,"y":12.94}],"scale":[{"time":1.2666,"x":1,"y":1,"curve":"stepped"},{"time":1.3333,"x":1,"y":1,"curve":"stepped"},{"time":1.4,"x":1,"y":1}]}},"ffd":{"default":{"EF/trail/10000-combo_7_ef1_1":{"EF/trail/10000-combo_7_ef1_2":[{"time":0.5333,"vertices":[9.59454,-2.34378,10.03159,-1.43722,5.61105,-0.78661,0,0,-3.50736,-10.82736,0,0,0,0,0,0,0,0,0,0,-0.27638,0.04193,4.61475,-0.89433,-1.53458,-0.09411],"curve":"stepped"},{"time":0.9666,"vertices":[9.59454,-2.34378,10.03159,-1.43722,5.61105,-0.78661,0,0,-3.50736,-10.82736,0,0,0,0,0,0,0,0,0,0,-0.27638,0.04193,4.61475,-0.89433,-1.53458,-0.09411]}]}}},"drawOrder":[{"time":0.1666,"offsets":[{"slot":"EF/130_S1_wave1/130_S1_wave1_00000","offset":-3},{"slot":"MAIN","offset":-3}]}],"events":[{"time":0,"name":"Event","float":0.2,"string":"kHitStopType_normal"},{"time":0.1333,"name":"Sound1","string":"cri_se_battle_skill_shot"},{"time":0.1666,"name":"Sound2","string":"setHitSound(se_battle_thrustviolently)"},{"time":0.1666,"name":"Voice","string":"cri_004_voice_attack_random"},{"time":0.5,"name":"Event","float":0.1,"string":"kHitStopType_normal"},{"time":0.5,"name":"Sound1","string":"cri_se_battle_skill_shot"},{"time":0.5333,"name":"Hit","float":0.95,"string":"resetHitList"},{"time":0.5333,"name":"Sound1","string":"setHitSound(se_battle_sword_heavy_hit)"},{"time":0.6333,"name":"Sound1","string":"cri_se_battle_skill_shot"},{"time":0.7,"name":"Hit","float":0.95,"string":"resetHitList"},{"time":0.7,"name":"Sound1","string":"setHitSound(se_battle_sword_heavy_hit)"},{"time":0.9333,"name":"Sound1","string":"cri_se_battle_skill_shot"},{"time":0.9666,"name":"Hit","float":0.95,"string":"resetHitList"},{"time":0.9666,"name":"Sound1","string":"setHitSound(se_battle_sword_heavy_hit)"},{"time":1.0666,"name":"Sound1","string":"cri_se_battle_skill_shot"},{"time":1.1333,"name":"Hit","float":0.95,"string":"resetHitList"},{"time":1.1333,"name":"Sound1","string":"setHitSound(se_battle_sword_heavy_hit)"},{"time":1.4,"name":"Voice","string":"cri_004_voice_attack_c"},{"time":1.5,"name":"Event","float":0.15,"string":"kHitStopType_normal"},{"time":1.5,"name":"Sound1","string":"cri_se_battle_skill_shot"},{"time":1.5333,"name":"Hit","float":1.25,"string":"resetHitList"},{"time":1.5333,"name":"Sound2","string":"setHitSound(se_battle_thrustviolently)"}]},"back":{"slots":{"L_wing 2":{"attachment":[{"time":0.2666,"name":"L_wing 2"}]},"L_wing_1":{"attachment":[{"time":0.2666,"name":"L_wing_1"}]},"L_wing_3":{"attachment":[{"time":0.2666,"name":"L_wing_3"}]},"MAIN":{"attachment":[{"time":0,"name":"skeleton-back_0"},{"time":0.2666,"name":"skeleton-idle_0"},{"time":0.4,"name":"skeleton-idle_2"},{"time":0.5333,"name":"skeleton-idle_3"},{"time":0.7333,"name":"skeleton-idle_0"}]},"R_wing 2":{"attachment":[{"time":0.2666,"name":"R_wing 2"}]},"R_wing_1":{"attachment":[{"time":0.2666,"name":"R_wing_1"}]},"side_L_wing_1":{"attachment":[{"time":0.4,"name":null}]},"side_L_wing_3":{"attachment":[{"time":0.4,"name":null}]},"side_R_wing_3":{"attachment":[{"time":0.4,"name":null}]}},"bones":{"MAIN":{"translate":[{"time":0,"x":0,"y":0},{"time":0.1333,"x":77.89,"y":14.55},{"time":0.3,"x":130,"y":0,"curve":[0.221,0.72,0.75,1]},{"time":0.5666,"x":140,"y":0}]},"L_wing_root":{"translate":[{"time":0.2666,"x":-2.13,"y":77.88}]},"R_wing_root":{"translate":[{"time":0.2666,"x":-20.59,"y":89}]},"bone2":{"rotate":[{"time":0.2666,"angle":-13.52}]}},"events":[{"time":0,"name":"Sound1","string":"cri_se_battle_jump"},{"time":0.2666,"name":"Sound1","string":"cri_se_battle_landing"}]},"cast":{"slots":{"EF/trail/10000-combo_7_ef1_1":{"attachment":[{"time":0.5666,"name":null}]},"L_wing 2":{"attachment":[{"time":0,"name":"L_wing 2"},{"time":0.5,"name":null}]},"L_wing_1":{"attachment":[{"time":0,"name":"L_wing_1"},{"time":0.5,"name":null}]},"L_wing_3":{"attachment":[{"time":0,"name":"L_wing_3"},{"time":0.5,"name":null}]},"MAIN":{"attachment":[{"time":0,"name":"skeleton-combo_6"},{"time":0.5,"name":"skeleton-combo_7"},{"time":0.5333,"name":"skeleton-combo_8"},{"time":0.8333,"name":"skeleton-idle_0"}]},"R_wing 2":{"attachment":[{"time":0,"name":"R_wing 2"},{"time":0.5,"name":null}]},"R_wing_1":{"attachment":[{"time":0,"name":"R_wing_1"},{"time":0.5,"name":null}]},"R_wing_3":{"attachment":[{"time":0,"name":"R_wing_3"},{"time":0.5,"name":null}]},"shield_2":{"attachment":[{"time":0.5,"name":"shield_2"},{"time":0.8333,"name":null}]},"side_R_wing":{"attachment":[{"time":0.5,"name":"side_R_wing"},{"time":0.8333,"name":null}]},"side_R_wing_1":{"attachment":[{"time":0.5,"name":"side_R_wing_1"},{"time":0.8333,"name":null}]},"side_R_wing_3":{"attachment":[{"time":0.5,"name":"side_R_wing_3"},{"time":0.8333,"name":null}]}},"bones":{"MAIN":{"translate":[{"time":0.5,"x":-34.74,"y":0}]},"EF_trail_sword2":{"rotate":[{"time":0.5333,"angle":-11.25}],"translate":[{"time":0.5333,"x":213.48,"y":121.35}],"scale":[{"time":0.5333,"x":3.446,"y":2.638}]},"bone":{"translate":[{"time":0,"x":0,"y":-2.35}]},"L_wing_root":{"translate":[{"time":0,"x":-2.13,"y":77.88,"curve":"stepped"},{"time":0.5,"x":-257.68,"y":189.38}]},"R_wing_root":{"translate":[{"time":0,"x":-20.59,"y":89,"curve":"stepped"},{"time":0.5,"x":-235.15,"y":132.49}]},"bone2":{"rotate":[{"time":0,"angle":-13.52}]},"bone8":{"rotate":[{"time":0.5,"angle":-22.18,"curve":"stepped"},{"time":0.5333,"angle":-9.88}],"scale":[{"time":0.5333,"x":1,"y":1}]},"bone12":{"rotate":[{"time":0.5333,"angle":-0.67}],"scale":[{"time":0.5,"x":0.869,"y":1,"curve":"stepped"},{"time":0.5333,"x":1,"y":1}]},"bone9":{"rotate":[{"time":0.5333,"angle":-18.89}],"scale":[{"time":0.5,"x":0.892,"y":1,"curve":"stepped"},{"time":0.5333,"x":1,"y":1}]},"sdie_r_wing":{"rotate":[{"time":0.5333,"angle":22.95}],"translate":[{"time":0.5,"x":-3.67,"y":80.26,"curve":"stepped"},{"time":0.5333,"x":-7.74,"y":71.28}]},"shield":{"rotate":[{"time":0.5,"angle":134.42,"curve":"stepped"},{"time":0.5333,"angle":154.75}],"translate":[{"time":0.5,"x":-155.58,"y":-27.45,"curve":"stepped"},{"time":0.5333,"x":-159.8,"y":-40.83}]}},"drawOrder":[{"time":0.5,"offsets":[{"slot":"EF/130_S1_wave1/130_S1_wave1_00000","offset":-3}]}],"events":[{"time":0.5,"name":"Voice","string":"cri_004_voice_item"},{"time":0.5333,"name":"Hit","string":"resetHitList"}]},"damage":{"slots":{"L_wing 2":{"attachment":[{"time":0,"name":"L_wing 2"}]},"L_wing_1":{"attachment":[{"time":0,"name":"L_wing_1"}]},"L_wing_3":{"attachment":[{"time":0,"name":"L_wing_3"}]},"MAIN":{"attachment":[{"time":0,"name":"skeleton-damage_0"}]},"R_wing 2":{"attachment":[{"time":0,"name":"R_wing 2"}]},"R_wing_1":{"attachment":[{"time":0,"name":"R_wing_1"}]},"R_wing_3":{"attachment":[{"time":0,"name":"R_wing_3"}]}},"bones":{"L_wing_root":{"rotate":[{"time":0,"angle":-8.21}],"translate":[{"time":0,"x":22.87,"y":77.66}]},"bone3":{"rotate":[{"time":0,"angle":2.81}]},"R_wing_root":{"rotate":[{"time":0,"angle":-20.59}],"translate":[{"time":0,"x":-18.14,"y":80.2}]},"bone10":{"rotate":[{"time":0,"angle":56.42}]}}},"front":{"slots":{"MAIN":{"attachment":[{"time":0,"name":"skeleton-front_0"}]}}},"idle":{"slots":{"MAIN":{"attachment":[{"time":0,"name":"skeleton-idle_0"},{"time":0.1666,"name":"skeleton-idle_1"},{"time":0.3333,"name":"skeleton-idle_2"},{"time":0.5,"name":"skeleton-idle_3"},{"time":0.6666,"name":"skeleton-idle_4"},{"time":0.8333,"name":"skeleton-idle_0"}]},"side_L_wing_1":{"attachment":[{"time":0.3333,"name":null}]},"side_L_wing_3":{"attachment":[{"time":0.3333,"name":null}]},"side_R_wing_3":{"attachment":[{"time":0.3333,"name":null}]}}},"skill1":{"slots":{"DAMAGEAREA":{"attachment":[{"time":0.2333,"name":"DAMAGEAREA"},{"time":0.3,"name":null}]},"EF/130_S1_wave1/130_S1_wave1_00000":{"attachment":[{"time":0.2,"name":"EF/130_S1_wave1/130_S1_wave1_00000"},{"time":0.2333,"name":"EF/130_S1_wave1/130_S1_wave1_00002"},{"time":0.2666,"name":"EF/130_S1_wave1/130_S1_wave1_00004"},{"time":0.3333,"name":"EF/130_S1_wave1/130_S1_wave1_00005"},{"time":0.3666,"name":"EF/130_S1_wave1/130_S1_wave1_00006"},{"time":0.4,"name":"EF/130_S1_wave1/130_S1_wave1_00007"},{"time":0.4666,"name":"EF/130_S1_wave1/130_S1_wave1_00008"},{"time":0.5,"name":"EF/130_S1_wave1/130_S1_wave1_00010"},{"time":0.5666,"name":null}]},"L_wing 2":{"attachment":[{"time":0,"name":"L_wing 2"}]},"L_wing_1":{"attachment":[{"time":0,"name":"L_wing_1"}]},"L_wing_3":{"attachment":[{"time":0,"name":"L_wing_3"}]},"MAIN":{"attachment":[{"time":0,"name":"skeleton-skill1_0"},{"time":0.0666,"name":"skeleton-skill1_1"},{"time":0.1333,"name":"skeleton-skill1_2"},{"time":0.8,"name":"skeleton-skill1_10"},{"time":0.9333,"name":"skeleton-skill1_15"},{"time":1.0666,"name":"skeleton-skill1_16"},{"time":1.3,"name":"skeleton-skill1_18"},{"time":1.4,"name":"skeleton-skill1_19"},{"time":1.5,"name":"skeleton-skill1_20"}]},"R_wing 2":{"attachment":[{"time":0,"name":"R_wing 2"}]},"R_wing_1":{"attachment":[{"time":0,"name":"R_wing_1"}]},"R_wing_3":{"attachment":[{"time":0,"name":"R_wing_3"}]}},"bones":{"MAIN":{"translate":[{"time":2,"x":0,"y":0}]},"130_S1_wave1":{"translate":[{"time":0.2,"x":0,"y":48.76}],"scale":[{"time":0.2,"x":5,"y":5},{"time":0.5666,"x":6.173,"y":6.173}]},"DAMAGEAREA":{"translate":[{"time":0.2333,"x":-8,"y":64.05}],"scale":[{"time":0.2333,"x":1,"y":1}]},"bone":{"rotate":[{"time":0,"angle":9.66,"curve":"stepped"},{"time":0.0666,"angle":23.15,"curve":"stepped"},{"time":0.1333,"angle":31.85,"curve":"stepped"},{"time":0.8,"angle":4.77,"curve":"stepped"},{"time":0.8666,"angle":1.17,"curve":"stepped"},{"time":0.9333,"angle":-6.48,"curve":"stepped"},{"time":1,"angle":-13.03,"curve":"stepped"},{"time":1.0666,"angle":-18.88,"curve":"stepped"},{"time":1.1333,"angle":-26.33,"curve":"stepped"},{"time":1.3,"angle":-2.13,"curve":"stepped"},{"time":1.4,"angle":6.72,"curve":"stepped"},{"time":1.5,"angle":16.51}],"translate":[{"time":0,"x":0,"y":-2.35,"curve":"stepped"},{"time":0.8,"x":0,"y":-4.65}],"scale":[{"time":0.0666,"x":0.942,"y":1}]},"bone4":{"rotate":[{"time":0.0666,"angle":20.61,"curve":"stepped"},{"time":0.1333,"angle":26.65,"curve":"stepped"},{"time":0.8,"angle":17.57,"curve":"stepped"},{"time":0.8666,"angle":11.59,"curve":"stepped"},{"time":0.9333,"angle":2.98,"curve":"stepped"},{"time":1,"angle":-3.03,"curve":"stepped"},{"time":1.0666,"angle":-9.84,"curve":"stepped"},{"time":1.1333,"angle":-22.42,"curve":"stepped"},{"time":1.3,"angle":-10.63,"curve":"stepped"},{"time":1.4,"angle":1.23,"curve":"stepped"},{"time":1.5,"angle":11.91}],"scale":[{"time":0.0666,"x":0.902,"y":1}]},"bone5":{"rotate":[{"time":0.0666,"angle":8.46,"curve":"stepped"},{"time":0.1333,"angle":10.84,"curve":"stepped"},{"time":0.8,"angle":-11.98,"curve":"stepped"},{"time":0.8666,"angle":-19.8,"curve":"stepped"},{"time":0.9333,"angle":-25.03,"curve":"stepped"},{"time":1,"angle":-43.47,"curve":"stepped"},{"time":1.0666,"angle":-48.47,"curve":"stepped"},{"time":1.1333,"angle":-56.52,"curve":"stepped"},{"time":1.3,"angle":-38.8,"curve":"stepped"},{"time":1.4,"angle":-27.18,"curve":"stepped"},{"time":1.5,"angle":-17.81}],"scale":[{"time":0.0666,"x":0.948,"y":1}]},"bone10":{"rotate":[{"time":0.0666,"angle":-3.12,"curve":"stepped"},{"time":0.1333,"angle":-7.41,"curve":"stepped"},{"time":0.8,"angle":27.37,"curve":"stepped"},{"time":0.8333,"angle":27.58,"curve":"stepped"},{"time":0.8666,"angle":40.29,"curve":"stepped"},{"time":0.9333,"angle":44.62,"curve":"stepped"},{"time":1,"angle":38.09,"curve":"stepped"},{"time":1.0666,"angle":45.91,"curve":"stepped"},{"time":1.1333,"angle":52.72,"curve":"stepped"},{"time":1.3,"angle":53.61,"curve":"stepped"},{"time":1.4,"angle":31.62,"curve":"stepped"},{"time":1.5,"angle":23.64}],"translate":[{"time":0.8,"x":5.39,"y":-2.75,"curve":"stepped"},{"time":1,"x":11.13,"y":4.31}]},"bone3":{"rotate":[{"time":0.0666,"angle":-4.37,"curve":"stepped"},{"time":0.1333,"angle":-33.53,"curve":"stepped"},{"time":0.8,"angle":-22.83,"curve":"stepped"},{"time":0.8666,"angle":-13.12,"curve":"stepped"},{"time":0.9333,"angle":-18.34,"curve":"stepped"},{"time":1,"angle":-12.21,"curve":"stepped"},{"time":1.0666,"angle":2.19,"curve":"stepped"},{"time":1.1333,"angle":8.26,"curve":"stepped"},{"time":1.3,"angle":3.65,"curve":"stepped"},{"time":1.4,"angle":-10.46,"curve":"stepped"},{"time":1.5,"angle":-23.98}]},"bone2":{"rotate":[{"time":0,"angle":-21.45,"curve":"stepped"},{"time":0.0666,"angle":-35.33,"curve":"stepped"},{"time":0.1333,"angle":-57.44,"curve":"stepped"},{"time":0.8,"angle":-31.44,"curve":"stepped"},{"time":0.8666,"angle":-27.04,"curve":"stepped"},{"time":0.9333,"angle":-18.41,"curve":"stepped"},{"time":1,"angle":-14.6,"curve":"stepped"},{"time":1.0666,"angle":-9.79,"curve":"stepped"},{"time":1.1333,"angle":-4.06,"curve":"stepped"},{"time":1.3,"angle":-32.71,"curve":"stepped"},{"time":1.4,"angle":-43.17,"curve":"stepped"},{"time":1.5,"angle":-52.76}],"translate":[{"time":0.8,"x":-4.82,"y":6.54,"curve":"stepped"},{"time":1,"x":-7.35,"y":6.92}]},"L_wing_root":{"rotate":[{"time":0.0666,"angle":5.73,"curve":"stepped"},{"time":0.1333,"angle":8.61}],"translate":[{"time":0,"x":16.95,"y":81.56,"curve":"stepped"},{"time":0.0666,"x":16.95,"y":84.12,"curve":"stepped"},{"time":0.1333,"x":16.95,"y":87.95}]},"R_wing_root":{"translate":[{"time":0,"x":-12.88,"y":89,"curve":"stepped"},{"time":0.0666,"x":-12.88,"y":88.36,"curve":"stepped"},{"time":0.1333,"x":-12.88,"y":87.08}]}},"events":[{"time":0,"name":"HitEffect","string":"setHitEffect(hit01d,1,1,1)"},{"time":0.1666,"name":"Event","int":600,"string":"kImpactType_knock"},{"time":0.1666,"name":"Sound1","string":"cri_se_battle_lightning"},{"time":0.1666,"name":"Sound2","string":"cri_se_battle_bell_tree_03"},{"time":0.1666,"name":"Voice","string":"cri_004_voice_skill_all"},{"time":0.2,"name":"Event","float":0.2,"string":"kHitType_normal\t"},{"time":0.2333,"name":"Event","string":"shakeGround"},{"time":0.6,"name":"Sound1","string":"cri_se_battle_arrow_light_effect"},{"time":0.8,"name":"Event","string":"runScript-addBuff"}]},"skill2":{"slots":{"EF/130_S1_wave1/130_S1_wave1_00000":{"attachment":[{"time":0.2333,"name":"EF/130_S1_wave1/130_S1_wave1_00000"},{"time":0.3,"name":"EF/130_S1_wave1/130_S1_wave1_00004"},{"time":0.3333,"name":"EF/130_S1_wave1/130_S1_wave1_00006"},{"time":0.3666,"name":"EF/130_S1_wave1/130_S1_wave1_00007"},{"time":0.4,"name":"EF/130_S1_wave1/130_S1_wave1_00008"},{"time":0.6666,"name":"EF/130_S1_wave1/130_S1_wave1_00010"},{"time":0.7333,"name":null}],"color":[{"time":0.4,"color":"ffffffff"},{"time":0.7333,"color":"ffffff00"}]},"EF/magic5":{"attachment":[{"time":0,"name":null},{"time":0.2666,"name":"EF/magic5"}]},"L_wing 2":{"attachment":[{"time":0,"name":"L_wing 2"},{"time":0.0666,"name":null},{"time":1.2333,"name":"L_wing 2"},{"time":1.5333,"name":null}]},"L_wing_1":{"attachment":[{"time":0,"name":"L_wing_1"},{"time":0.0666,"name":null},{"time":1.2333,"name":"L_wing_1"},{"time":1.5333,"name":null}]},"L_wing_3":{"attachment":[{"time":0,"name":"L_wing_3"},{"time":0.0666,"name":null},{"time":1.2333,"name":"L_wing_3"},{"time":1.5333,"name":null}]},"MAIN":{"attachment":[{"time":0,"name":"skeleton-skill2_0"},{"time":0.0666,"name":"skeleton-skill2_2"},{"time":0.1333,"name":"skeleton-skill2_6"},{"time":0.2666,"name":"skeleton-skill2_15"},{"time":0.3,"name":"skeleton-skill2_15"},{"time":0.6666,"name":"skeleton-skill2_6"},{"time":0.8,"name":"skeleton-skill2_7"},{"time":0.8666,"name":"skeleton-skill2_8"},{"time":1,"name":"skeleton-skill2_8"},{"time":1.0333,"name":"skeleton-skill2_8"},{"time":1.2333,"name":"skeleton-skill4_0"},{"time":1.5333,"name":"skeleton-skill4_1"},{"time":1.5666,"name":"skeleton-skill4_2"},{"time":1.6333,"name":"skeleton-skill4_3"},{"time":1.9666,"name":"skeleton-combo_7"},{"time":2,"name":"skeleton-combo_8"},{"time":2.8666,"name":null},{"time":5.1666,"name":"skeleton-idle_0"},{"time":5.3333,"name":"skeleton-idle_1"},{"time":5.5,"name":"skeleton-idle_2"},{"time":5.6666,"name":"skeleton-idle_3"},{"time":5.8333,"name":"skeleton-idle_4"},{"time":6,"name":"skeleton-idle_0"}]},"R_wing 2":{"attachment":[{"time":0,"name":"R_wing 2"},{"time":0.0666,"name":null},{"time":1.2333,"name":"R_wing 2"},{"time":1.5333,"name":null}]},"R_wing_1":{"attachment":[{"time":0,"name":"R_wing_1"},{"time":0.0666,"name":null},{"time":1.2333,"name":"R_wing_1"},{"time":1.5333,"name":null}]},"R_wing_3":{"attachment":[{"time":0,"name":"R_wing_3"},{"time":0.0666,"name":null},{"time":1.2333,"name":"R_wing_3"},{"time":1.5333,"name":null}]},"shield_2":{"attachment":[{"time":1.9666,"name":"shield_2"},{"time":2.8666,"name":null}]},"side_L_wing":{"attachment":[{"time":0.0666,"name":"side_L_wing"},{"time":1.2333,"name":null},{"time":1.5333,"name":"side_L_wing"},{"time":1.6333,"name":"side_L_wing"},{"time":1.9666,"name":null}]},"side_L_wing_1":{"attachment":[{"time":0.0666,"name":"side_L_wing_1"},{"time":1.2333,"name":null},{"time":1.5333,"name":"side_L_wing_1"},{"time":1.6333,"name":"side_L_wing_1"},{"time":1.9666,"name":null},{"time":2.8333,"name":null}]},"side_L_wing_3":{"attachment":[{"time":0.0666,"name":"side_L_wing_3"},{"time":1.2333,"name":null},{"time":1.5333,"name":"side_L_wing_3"},{"time":1.6333,"name":"side_L_wing_3"},{"time":1.9666,"name":null},{"time":2.8333,"name":null}]},"side_R_wing":{"attachment":[{"time":0.0666,"name":"side_R_wing"},{"time":1.2333,"name":null},{"time":1.5333,"name":"side_R_wing"},{"time":1.6333,"name":"side_R_wing"},{"time":1.9666,"name":"side_R_wing"},{"time":2.8333,"name":null}]},"side_R_wing_1":{"attachment":[{"time":0.0666,"name":"side_R_wing_1"},{"time":1.2333,"name":null},{"time":1.5333,"name":"side_R_wing_1"},{"time":1.6333,"name":"side_R_wing_1"},{"time":1.9666,"name":"side_R_wing_1"},{"time":2.8333,"name":null}]},"side_R_wing_3":{"attachment":[{"time":0.0666,"name":"side_R_wing_3"},{"time":1.2333,"name":null},{"time":1.5333,"name":"side_R_wing_3"},{"time":1.6333,"name":"side_R_wing_3"},{"time":1.9666,"name":"side_R_wing_3"},{"time":2.8333,"name":null}]}},"bones":{"MAIN":{"translate":[{"time":0.1333,"x":0,"y":0},{"time":0.2666,"x":0,"y":103.01},{"time":0.3,"x":0,"y":117.72,"curve":"stepped"},{"time":0.3333,"x":0,"y":147.15,"curve":[1,0.02,0.75,1]},{"time":0.6333,"x":0,"y":123.38,"curve":[0.063,0.76,0.75,1]},{"time":1.2333,"x":0,"y":242.42,"curve":[1,0.47,0.966,0.98]},{"time":1.5666,"x":0,"y":252.53,"curve":"stepped"},{"time":1.9666,"x":0,"y":252.53},{"time":2.1,"x":11.39,"y":252.53,"curve":"stepped"},{"time":5.1666,"x":0,"y":0}]},"130_S1_wave1":{"translate":[{"time":0.2333,"x":8.59,"y":32.43}],"scale":[{"time":0.2333,"x":3.68,"y":3.68,"curve":"stepped"},{"time":0.4,"x":3.68,"y":3.68},{"time":0.6,"x":4.472,"y":4.472}]},"L_wing_root":{"rotate":[{"time":1.2333,"angle":15.34}],"translate":[{"time":0,"x":14.91,"y":79.13,"curve":"stepped"},{"time":0.0666,"x":195.02,"y":244.85,"curve":"stepped"},{"time":1.2333,"x":7.36,"y":81.38,"curve":"stepped"},{"time":1.5333,"x":-425.1,"y":67.37,"curve":"stepped"},{"time":1.5666,"x":-500.27,"y":61.04}]},"bone":{"rotate":[{"time":1.2333,"angle":43.43}],"translate":[{"time":0,"x":0,"y":-2.35,"curve":"stepped"},{"time":1.2333,"x":0,"y":-2.35}]},"R_wing_root":{"rotate":[{"time":0,"angle":9.57,"curve":"stepped"},{"time":1.2333,"angle":-6.71}],"translate":[{"time":0,"x":-7.7,"y":89,"curve":"stepped"},{"time":0.0666,"x":172.4,"y":254.72,"curve":"stepped"},{"time":0.6,"x":112.13,"y":238.65,"curve":"stepped"},{"time":1.2333,"x":-20.59,"y":89,"curve":"stepped"},{"time":1.5333,"x":-337.26,"y":72.23,"curve":"stepped"},{"time":1.5666,"x":-331.99,"y":55.1}]},"bone2":{"rotate":[{"time":0,"angle":-13.52,"curve":"stepped"},{"time":1.2333,"angle":-67.1}]},"bone3":{"rotate":[{"time":1.2333,"angle":-16.04}],"translate":[{"time":1.2333,"x":10.05,"y":10.2}]},"bone10":{"rotate":[{"time":1.2333,"angle":-14.41}],"translate":[{"time":1.2333,"x":-14.05,"y":-23.39}]},"bone4":{"rotate":[{"time":0.0666,"angle":-5.62,"curve":"stepped"},{"time":1.2333,"angle":37.48}]},"bone8":{"rotate":[{"time":0.2666,"angle":0,"curve":"stepped"},{"time":0.3,"angle":-9.42,"curve":"stepped"},{"time":0.6666,"angle":-27.53,"curve":"stepped"},{"time":0.8,"angle":-33.54,"curve":"stepped"},{"time":1.5333,"angle":0,"curve":"stepped"},{"time":1.5666,"angle":7.97,"curve":"stepped"},{"time":1.6333,"angle":18.21,"curve":"stepped"},{"time":1.7333,"angle":25.38,"curve":"stepped"},{"time":2,"angle":3.45,"curve":"stepped"},{"time":2.1,"angle":-7.17}],"scale":[{"time":0.0666,"x":-1,"y":1,"curve":"stepped"},{"time":0.6666,"x":1,"y":1,"curve":"stepped"},{"time":2,"x":1,"y":1}]},"bone9":{"rotate":[{"time":0.1333,"angle":9.51,"curve":"stepped"},{"time":0.2666,"angle":9.51,"curve":"stepped"},{"time":0.3,"angle":0.2,"curve":"stepped"},{"time":0.6666,"angle":-34.23,"curve":"stepped"},{"time":0.8,"angle":-52.37,"curve":"stepped"},{"time":0.9333,"angle":-20.42,"curve":"stepped"},{"time":1.5333,"angle":-22.83,"curve":"stepped"},{"time":1.6333,"angle":-12.91,"curve":"stepped"},{"time":1.7333,"angle":-7.97,"curve":"stepped"},{"time":2,"angle":20.04,"curve":"stepped"},{"time":2.1,"angle":-6.57}],"translate":[{"time":0.6666,"x":2.49,"y":7.02,"curve":"stepped"},{"time":1,"x":0.53,"y":5.73,"curve":"stepped"},{"time":1.6333,"x":-9.59,"y":14.38}],"scale":[{"time":0.0666,"x":-1,"y":1,"curve":"stepped"},{"time":0.6666,"x":1,"y":1,"curve":"stepped"},{"time":2,"x":1,"y":1}]},"bone12":{"rotate":[{"time":0.2666,"angle":0,"curve":"stepped"},{"time":0.3,"angle":-21.57,"curve":"stepped"},{"time":0.6666,"angle":-5.06,"curve":"stepped"},{"time":0.8,"angle":-14.47,"curve":"stepped"},{"time":1.5333,"angle":-6.11,"curve":"stepped"},{"time":1.5666,"angle":5.38,"curve":"stepped"},{"time":1.6333,"angle":13.45,"curve":"stepped"},{"time":1.7333,"angle":19.5,"curve":"stepped"},{"time":2,"angle":9.9,"curve":"stepped"},{"time":2.1,"angle":7.56}],"translate":[{"time":0.0666,"x":20.5,"y":0,"curve":"stepped"},{"time":0.6666,"x":1.91,"y":0.5,"curve":"stepped"},{"time":0.8,"x":-1.78,"y":17.31,"curve":"stepped"},{"time":2,"x":-1.78,"y":17.31}],"scale":[{"time":0.0666,"x":-1,"y":1,"curve":"stepped"},{"time":0.6666,"x":1,"y":1}]},"bone6":{"rotate":[{"time":0.1333,"angle":4.22,"curve":"stepped"},{"time":0.2666,"angle":4.22,"curve":"stepped"},{"time":0.8,"angle":-1.97,"curve":"stepped"},{"time":0.9333,"angle":-5.27,"curve":"stepped"},{"time":1,"angle":3.52,"curve":"stepped"},{"time":1.5333,"angle":-2.63,"curve":"stepped"},{"time":1.6333,"angle":4.22,"curve":"stepped"},{"time":1.7333,"angle":9.69}]},"bone7":{"rotate":[{"time":0.1333,"angle":14.19,"curve":"stepped"},{"time":0.2666,"angle":14.19,"curve":"stepped"},{"time":0.8,"angle":-16.9,"curve":"stepped"},{"time":1.5333,"angle":14.19,"curve":"stepped"},{"time":1.6333,"angle":14.19,"curve":"stepped"},{"time":1.7333,"angle":19.77}]},"bone11":{"rotate":[{"time":0.1333,"angle":30.82,"curve":"stepped"},{"time":0.2666,"angle":30.82,"curve":"stepped"},{"time":1.5333,"angle":30.82,"curve":"stepped"},{"time":1.6333,"angle":30.82,"curve":"stepped"},{"time":1.7333,"angle":35.08}]},"sdie_r_wing":{"rotate":[{"time":0.0666,"angle":-18.92,"curve":"stepped"},{"time":0.1333,"angle":29.28,"curve":"stepped"},{"time":0.2666,"angle":12.1,"curve":"stepped"},{"time":0.5333,"angle":-13.6,"curve":"stepped"},{"time":0.6,"angle":-24.73,"curve":"stepped"},{"time":0.6666,"angle":9.98,"curve":"stepped"},{"time":0.8666,"angle":-73.73,"curve":"stepped"},{"time":1,"angle":-51.69,"curve":"stepped"},{"time":1.5333,"angle":-4.61,"curve":"stepped"},{"time":1.5666,"angle":-6.43,"curve":"stepped"},{"time":1.6333,"angle":-12.25,"curve":"stepped"},{"time":1.9666,"angle":-24.73,"curve":"stepped"},{"time":2,"angle":30.24,"curve":"stepped"},{"time":2.1,"angle":23.51,"curve":"stepped"},{"time":2.1666,"angle":21.22}],"translate":[{"time":0.0666,"x":-48.52,"y":101.96,"curve":"stepped"},{"time":0.1333,"x":-13.06,"y":23.78,"curve":"stepped"},{"time":0.2666,"x":-39.9,"y":122.82,"curve":"stepped"},{"time":0.5333,"x":-42.45,"y":141.35,"curve":"stepped"},{"time":0.6,"x":-31.16,"y":141.35,"curve":"stepped"},{"time":0.6666,"x":7.57,"y":30.66,"curve":"stepped"},{"time":0.8666,"x":-54.14,"y":71.09,"curve":"stepped"},{"time":0.9333,"x":-51.96,"y":102.93,"curve":"stepped"},{"time":1,"x":-56.52,"y":110,"curve":"stepped"},{"time":1.2333,"x":-379.93,"y":116.13,"curve":"stepped"},{"time":1.5333,"x":-19.57,"y":81.53,"curve":"stepped"},{"time":1.5666,"x":-21.04,"y":87.39,"curve":"stepped"},{"time":1.6333,"x":-24.8,"y":71.1,"curve":"stepped"},{"time":1.9666,"x":-8.74,"y":76.32,"curve":"stepped"},{"time":2,"x":-4.22,"y":53.31}],"scale":[{"time":0.0666,"x":0.9,"y":-0.9,"curve":"stepped"},{"time":0.1333,"x":0.9,"y":0.9,"curve":"stepped"},{"time":0.5333,"x":0.802,"y":-0.675,"curve":"stepped"},{"time":0.6666,"x":-0.9,"y":0.9,"curve":"stepped"},{"time":0.8666,"x":0.9,"y":0.9,"curve":"stepped"},{"time":1.5333,"x":-0.9,"y":0.9,"curve":"stepped"},{"time":2,"x":0.9,"y":0.9}]},"side_L_wing":{"rotate":[{"time":0.0666,"angle":19.28,"curve":"stepped"},{"time":0.1333,"angle":-50.37,"curve":"stepped"},{"time":0.2666,"angle":-16.13,"curve":"stepped"},{"time":0.5333,"angle":26.28,"curve":"stepped"},{"time":0.6,"angle":38.04,"curve":"stepped"},{"time":0.6666,"angle":-50.58,"curve":"stepped"},{"time":0.8,"angle":-51.06,"curve":"stepped"},{"time":0.8666,"angle":123.92,"curve":"stepped"},{"time":0.9333,"angle":92.58,"curve":"stepped"},{"time":1,"angle":83.61,"curve":"stepped"},{"time":1.5333,"angle":-20.92,"curve":"stepped"},{"time":1.5666,"angle":5.26,"curve":"stepped"},{"time":1.6333,"angle":11.2}],"translate":[{"time":0.0666,"x":1.24,"y":95.16,"curve":"stepped"},{"time":0.1333,"x":-10.15,"y":52.68,"curve":"stepped"},{"time":0.2666,"x":-7.59,"y":128.72,"curve":"stepped"},{"time":0.5333,"x":2.62,"y":131.91,"curve":"stepped"},{"time":0.6,"x":-4.01,"y":124.6,"curve":"stepped"},{"time":0.6666,"x":-3.76,"y":52.68,"curve":"stepped"},{"time":0.8666,"x":17.25,"y":77.85,"curve":"stepped"},{"time":0.9333,"x":23.79,"y":109.15,"curve":"stepped"},{"time":1,"x":23.08,"y":128.89,"curve":"stepped"},{"time":1.2333,"x":-503.83,"y":123.09,"curve":"stepped"},{"time":1.5333,"x":18.47,"y":102.78,"curve":"stepped"},{"time":1.6333,"x":18.47,"y":109.69,"curve":"stepped"},{"time":1.9666,"x":-220.41,"y":51.24}],"scale":[{"time":0.0666,"x":0.759,"y":-0.89,"curve":"stepped"},{"time":0.1333,"x":0.9,"y":0.9,"curve":"stepped"},{"time":0.5333,"x":0.9,"y":-0.9,"curve":"stepped"},{"time":0.6666,"x":0.9,"y":0.9,"curve":"stepped"},{"time":0.8666,"x":-0.9,"y":0.9,"curve":"stepped"},{"time":1.5333,"x":0.9,"y":0.9}]},"magic":{"translate":[{"time":0.3,"x":0,"y":-8.34},{"time":0.6333,"x":0,"y":-19.49,"curve":"stepped"},{"time":0.6666,"x":0,"y":-16.93},{"time":0.8333,"x":0,"y":-313.53},{"time":1.0666,"x":0,"y":-707.24}],"scale":[{"time":0.2333,"x":1,"y":0.885},{"time":0.5,"x":2.246,"y":1.888}]},"HITBOX":{"translate":[{"time":1.9666,"x":0,"y":0}]},"SHADOW-OFFSET":{"scale":[{"time":0,"x":0,"y":0}]},"shield":{"rotate":[{"time":1.9666,"angle":138.01,"curve":"stepped"},{"time":2,"angle":155.52}],"translate":[{"time":1.9666,"x":-152.53,"y":-34.88,"curve":"stepped"},{"time":2,"x":-153.89,"y":-29.41}]}},"drawOrder":[{"time":0.0666,"offsets":[{"slot":"EF/130_S1_wave1/130_S1_wave1_00000","offset":-3}]},{"time":0.8666,"offsets":[{"slot":"EF/130_S1_wave1/130_S1_wave1_00000","offset":-6},{"slot":"MAIN","offset":-6}]},{"time":1.5333,"offsets":[{"slot":"EF/130_S1_wave1/130_S1_wave1_00000","offset":-6}]},{"time":1.9666,"offsets":[{"slot":"side_L_wing_3","offset":5},{"slot":"side_L_wing","offset":5},{"slot":"side_L_wing_1","offset":5},{"slot":"EF/130_S1_wave1/130_S1_wave1_00000","offset":-6}]}],"events":[{"time":0,"name":"Event","string":"blackOutBack(0.3,5,0.3)"},{"time":0,"name":"Event2","string":"setInvincibleTime(5)"},{"time":0,"name":"HitEffect","string":"setHitEffect(hit02d,1,1,1)"},{"time":0,"name":"Sound1","string":"cri_se_battle_lightning"},{"time":0,"name":"Sound2","string":"cri_se_battle_036_explosion_element_04"},{"time":0,"name":"Sound3","string":"cri_se_battle_hard_hit"},{"time":0,"name":"Voice","string":"cri_004_voice_fullarts_now"},{"time":0.0333,"name":"Event","string":"shakeGround"},{"time":0.3333,"name":"Event","string":"noBorderTime(5)"},{"time":0.3333,"name":"Event2","string":"cameraLock(0.3,2,0,0)"},{"time":0.6666,"name":"Sound1","string":"cri_se_battle_Flutter"},{"time":0.6666,"name":"Sound2","string":"cri_se_battle_skill_shot"},{"time":0.7,"name":"Event","string":"superMove(0.6,0,3000)"},{"time":0.7,"name":"Event2","string":"playStreamLine(0.6,255,255,0,90)"},{"time":1.9333,"name":"Event2","string":"cameraLock(1,3,-200,0)"},{"time":1.9666,"name":"Event","float":4,"string":"shakeGround-Loop"},{"time":1.9666,"name":"Event2","string":"playStreamLine(3,255,255,0,-45)"},{"time":1.9666,"name":"Sound1","string":"cri_se_battle_skill_elxplosion"},{"time":1.9666,"name":"Sound3","string":"cri_se_battle_hard_hit"},{"time":1.9666,"name":"Voice","string":"cri_004_voice_fullarts_rank5"},{"time":2.3666,"name":"Sound2","string":"cri_se_battle_031_explosion_03"},{"time":2.7666,"name":"Event","float":0.1,"string":"whiteOut(0.1,0.2,0.1)"},{"time":2.8666,"name":"Event","string":"setPosition_Center"},{"time":2.9,"name":"Event","string":"setPosition_Target"},{"time":2.9,"name":"Event2","string":"cameraLock(0.3,7,0,0)"},{"time":2.9333,"name":"Event","string":"addOrbitSystem-4skill2beam"},{"time":4.3,"name":"Event","string":"whiteOut(0.45,0.8,0.6)"},{"time":5.1,"name":"Event2","string":"cameraLock(0.1,0.1,0,0)"}]}}}