{"skeleton":{"hash":"eZPsZ+dy2cCtQiTRHEwJhwW1O4k","spine":"3.0.12","width":0,"height":0,"images":"./images2/"},"bones":[{"name":"root"},{"name":"lightning","parent":"root","x":-1},{"name":"MAIN","parent":"root","y":68},{"name":"SHADOW-OFFSET","parent":"MAIN","y":-68},{"name":"HITBOX","parent":"MAIN","y":-68},{"name":"EF_slash2","parent":"root"},{"name":"EF_slash1","parent":"root"},{"name":"DAMAGEAREA","parent":"root"},{"name":"wave","parent":"root","scaleX":2.004,"scaleY":2.004}],"slots":[{"name":"EF/wave_ground/5140_S2_wave1_00002","bone":"wave","blend":"additive"},{"name":"MAIN","bone":"MAIN","attachment":"idle_00"},{"name":"EF/EF_slash_Dot/10000-combo_16_ef2_1B","bone":"EF_slash1","color":"faff12ff","blend":"additive"},{"name":"EF/EF_slash_Dot/10000-combo_16_ef2_1F","bone":"EF_slash1","color":"faff12ff","blend":"additive"},{"name":"EF/EF_slash_Dot/EF","bone":"EF_slash2","color":"faff12ff","blend":"additive"},{"name":"EF/lightning4/130_S1_lightning1_00001","bone":"lightning","blend":"additive"},{"name":"HITBOX","bone":"HITBOX","attachment":"HITBOX"},{"name":"DAMAGEAREA","bone":"DAMAGEAREA"}],"skins":{"default":{"DAMAGEAREA":{"DAMAGEAREA":{"type":"boundingbox","vertices":[-98.58879,98.19882,-97.93779,-97.75219,97.36221,-97.75219,98.0132,97.54784]}},"EF/EF_slash_Dot/10000-combo_16_ef2_1B":{"EF/EF_slash_Dot/10000-combo_16_ef2_1B":{"x":-58.3,"y":-24.19,"width":412,"height":342}},"EF/EF_slash_Dot/10000-combo_16_ef2_1F":{"EF/EF_slash_Dot/10000-combo_16_ef2_1F":{"x":-58.3,"y":-24.19,"width":412,"height":342}},"EF/EF_slash_Dot/EF":{"EF/EF_slash_Dot/EF":{"x":2.43,"y":-112.26,"width":787,"height":351}},"EF/lightning4/130_S1_lightning1_00001":{"EF/lightning4/130_S1_lightning1_00001":{"x":-0.08,"y":192.6,"width":500,"height":500}},"EF/wave_ground/5140_S2_wave1_00002":{"EF/wave_ground/5140_S2_wave1_00002":{"y":6.89,"width":250,"height":250},"EF/wave_ground/5140_S2_wave1_00003":{"y":6.89,"width":250,"height":250},"EF/wave_ground/5140_S2_wave1_00004":{"y":6.89,"width":250,"height":250},"EF/wave_ground/5140_S2_wave1_00005":{"y":6.89,"width":250,"height":250},"EF/wave_ground/5140_S2_wave1_00006":{"y":6.89,"width":250,"height":250},"EF/wave_ground/5140_S2_wave1_00007":{"y":6.89,"width":250,"height":250},"EF/wave_ground/5140_S2_wave1_00008":{"y":6.89,"width":250,"height":250},"EF/wave_ground/5140_S2_wave1_00009":{"y":6.89,"width":250,"height":250}},"HITBOX":{"HITBOX":{"type":"boundingbox","vertices":[-36.23631,122.87886,-36.8023,4.01886,31.68367,2.32085,32.24966,122.31284]}},"MAIN":{"attack1_00":{"x":11.66,"y":12.84,"width":500,"height":500},"attack1_01":{"x":-2.39,"y":12.83,"width":500,"height":500},"attack1_02":{"x":-2.39,"y":12.83,"width":500,"height":500},"attack1_03":{"x":-2.39,"y":12.83,"width":500,"height":500},"attack1_04":{"x":30.49,"y":12.83,"width":500,"height":500},"attack1_05":{"x":74.74,"y":35.02,"width":500,"height":500},"attack1_06":{"x":74.75,"y":35,"width":500,"height":500},"attack1_07":{"x":74.75,"y":35,"width":500,"height":500},"attack1_08":{"x":125,"y":35,"width":500,"height":500},"attack1_09":{"x":125,"y":35,"width":500,"height":500},"attack1_10":{"x":71,"y":29,"width":500,"height":500},"attack1_11":{"x":71.25,"y":29,"width":500,"height":500},"attack1_12":{"x":71,"y":29,"width":500,"height":500},"back_00":{"x":-25.71,"y":4.76,"width":500,"height":500},"damage_00":{"x":-15.27,"y":1.99,"width":500,"height":500},"front_00":{"x":5.29,"y":19.49,"width":500,"height":500},"idle_00":{"x":-0.8,"y":-9,"width":500,"height":500},"idle_01":{"x":-0.8,"y":-9,"width":500,"height":500},"idle_02":{"x":-0.8,"y":-9,"width":500,"height":500},"idle_03":{"x":-0.8,"y":-9,"width":500,"height":500},"idle_04":{"x":-0.8,"y":-9,"width":500,"height":500},"skill1_00":{"x":-4.57,"y":-9,"width":500,"height":500},"skill1_01":{"x":-22.21,"y":-9,"width":500,"height":500},"skill1_02":{"x":-22.22,"y":-9,"width":500,"height":500},"skill1_03":{"x":-22.22,"y":-9,"width":500,"height":500},"skill1_04":{"x":28.93,"y":-23.36,"width":500,"height":500},"skill1_05":{"x":25.15,"y":-28.65,"width":500,"height":500},"skill1_06":{"x":23.39,"y":-27.89,"width":500,"height":500},"skill1_07":{"x":14.06,"y":-16.55,"width":500,"height":500},"skill1_08":{"x":8.01,"y":-13.28,"width":500,"height":500},"skill1_09":{"x":8.02,"y":-13.27,"width":500,"height":500},"skill1_10":{"x":8.02,"y":-13.27,"width":500,"height":500},"skill1_11":{"x":28,"y":1,"width":500,"height":500},"skill1_12":{"x":28,"y":1,"width":500,"height":500},"skill1_13":{"x":28,"y":1,"width":500,"height":500},"skill1_14":{"x":28,"y":1,"width":500,"height":500},"skill2_00":{"x":6.5,"y":-2,"width":500,"height":500},"skill2_01":{"x":6.5,"y":-2,"width":500,"height":500},"skill2_02":{"x":6.5,"y":-2,"width":500,"height":500},"skill2_03":{"x":22.69,"y":-2,"width":500,"height":500}}}},"events":{"Event":{},"Hit":{},"Sound1":{},"Sound2":{},"Voice":{}},"animations":{"attack1":{"slots":{"DAMAGEAREA":{"attachment":[{"time":0.3666,"name":"DAMAGEAREA"},{"time":0.4333,"name":null},{"time":0.4666,"name":"DAMAGEAREA"},{"time":0.5333,"name":null},{"time":0.6333,"name":"DAMAGEAREA"},{"time":0.7,"name":null}]},"EF/EF_slash_Dot/10000-combo_16_ef2_1B":{"attachment":[{"time":0.4666,"name":"EF/EF_slash_Dot/10000-combo_16_ef2_1B"},{"time":0.5,"name":null}]},"EF/EF_slash_Dot/10000-combo_16_ef2_1F":{"attachment":[{"time":0.4666,"name":"EF/EF_slash_Dot/10000-combo_16_ef2_1F"},{"time":0.5,"name":null}]},"EF/EF_slash_Dot/EF":{"attachment":[{"time":0.3666,"name":"EF/EF_slash_Dot/EF"},{"time":0.4,"name":null}]},"EF/lightning4/130_S1_lightning1_00001":{"attachment":[{"time":0.6333,"name":"EF/lightning4/130_S1_lightning1_00001"},{"time":0.7,"name":null}]},"MAIN":{"attachment":[{"time":0,"name":"idle_00"},{"time":0.0333,"name":"attack1_00"},{"time":0.0666,"name":"attack1_01"},{"time":0.1333,"name":"attack1_02"},{"time":0.2,"name":"attack1_03"},{"time":0.3333,"name":"attack1_04"},{"time":0.3666,"name":"attack1_05"},{"time":0.4,"name":"attack1_06"},{"time":0.4333,"name":"attack1_07"},{"time":0.4666,"name":"attack1_08"},{"time":0.5333,"name":"attack1_09"},{"time":0.6,"name":"front_00"},{"time":0.6333,"name":"attack1_10"},{"time":0.7,"name":"attack1_11"},{"time":0.8,"name":"attack1_12"},{"time":0.9333,"name":"back_00"},{"time":1.1666,"name":"idle_04"},{"time":1.3333,"name":"idle_00"},{"time":1.5,"name":"idle_01"},{"time":1.6666,"name":"idle_02"},{"time":1.8333,"name":"idle_03"},{"time":2,"name":"idle_04"},{"time":2.1666,"name":"idle_00"}]}},"bones":{"MAIN":{"translate":[{"time":0,"x":0,"y":0,"curve":"stepped"},{"time":0.0333,"x":16.76,"y":0,"curve":"stepped"},{"time":0.0666,"x":30.75,"y":0,"curve":"stepped"},{"time":0.3333,"x":-2.54,"y":0,"curve":"stepped"},{"time":0.3666,"x":-45.36,"y":-21.93,"curve":[0.177,0.4,0.75,1]},{"time":0.4333,"x":-75.37,"y":-21.93,"curve":"stepped"},{"time":0.4666,"x":-128.57,"y":-21.93,"curve":[0.221,0.47,0.719,0.91]},{"time":0.5,"x":-133.6,"y":-21.93,"curve":"stepped"},{"time":0.6,"x":-152.74,"y":-21.93,"curve":[0.168,0.25,0.762,0.87]},{"time":0.6333,"x":-364.61,"y":-21.93,"curve":[0.108,0.77,0.668,0.94]},{"time":0.8333,"x":-444.6,"y":-21.93,"curve":"stepped"},{"time":0.9333,"x":-386.64,"y":6.12,"curve":[0.171,0.28,0.544,0.64]},{"time":1,"x":-273.71,"y":58.86,"curve":[0.326,0.33,0.66,0.66]},{"time":1.0333,"x":-208.5,"y":64.85,"curve":[0.323,0.33,0.658,0.67]},{"time":1.1,"x":-95.65,"y":34.2,"curve":[0.33,0.33,0.664,0.67]},{"time":1.1333,"x":-30,"y":6.12},{"time":1.1666,"x":-5,"y":0,"curve":[0.2,0.31,0.75,0.93]},{"time":1.3333,"x":0,"y":0}]},"EF_slash2":{"rotate":[{"time":0.3666,"angle":10.69}],"translate":[{"time":0.3666,"x":-15.93,"y":-7.59}],"scale":[{"time":0.3666,"x":1.027,"y":-0.614}]},"EF_slash1":{"rotate":[{"time":0.4666,"angle":0.95}],"translate":[{"time":0.4666,"x":-34.83,"y":91.65}],"scale":[{"time":0.4666,"x":1.188,"y":0.76}]},"lightning":{"rotate":[{"time":0.6333,"angle":270}],"translate":[{"time":0.6333,"x":-371.04,"y":51.02},{"time":0.6666,"x":-394.9,"y":51.02}],"scale":[{"time":0.6333,"x":1.2,"y":1.199},{"time":0.6666,"x":0.393,"y":1.199}]},"DAMAGEAREA":{"translate":[{"time":0.3666,"x":-113.84,"y":51.08,"curve":"stepped"},{"time":0.4666,"x":-170.87,"y":51.08,"curve":"stepped"},{"time":0.6333,"x":-178,"y":51.08}],"scale":[{"time":0.3666,"x":1.534,"y":0.682,"curve":"stepped"},{"time":0.6333,"x":2.373,"y":0.682}]}},"drawOrder":[{"time":0.4666,"offsets":[{"slot":"MAIN","offset":1}]}],"events":[{"time":0,"name":"Event","float":0.1,"string":"kHitStopType_normal"},{"time":0.2666,"name":"Voice","string":"cri_131_voice_attack_random"},{"time":0.3333,"name":"Sound1","string":"cri_se_battle_sword_swish_heavy"},{"time":0.3666,"name":"Sound1","string":"setHitSound(se_battle_019_sword_hit_03)"},{"time":0.4333,"name":"Sound1","string":"cri_se_battle_sword_swish_heavy"},{"time":0.4666,"name":"Hit","string":"resetHitList"},{"time":0.4666,"name":"Sound1","string":"setHitSound(se_battle_019_sword_hit_03)"},{"time":0.6,"name":"Sound1","string":"cri_se_battle_sword_swish_heavy"},{"time":0.6,"name":"Voice","string":"cri_131_voice_attack_c"},{"time":0.6333,"name":"Hit","string":"resetHitList"},{"time":0.6333,"name":"Sound1","string":"setHitSound(se_battle_sword_heavy_hit)"},{"time":0.9333,"name":"Sound1","string":"cri_se_battle_jump"},{"time":1.1666,"name":"Sound1","string":"cri_se_battle_landing"}]},"back":{"slots":{"MAIN":{"attachment":[{"time":0,"name":"back_00"},{"time":0.3333,"name":"idle_03"},{"time":0.4666,"name":"idle_04"},{"time":0.6,"name":"idle_00"}]}},"bones":{"MAIN":{"translate":[{"time":0,"x":0,"y":0,"curve":[0.191,0.28,0.577,0.66]},{"time":0.1333,"x":76.29,"y":18.66,"curve":[0.362,0.51,0.765,0.94]},{"time":0.3,"x":130,"y":0,"curve":[0.177,0.36,0.664,0.96]},{"time":0.4666,"x":140,"y":0}]}},"events":[{"time":0,"name":"Sound1","string":"cri_se_battle_jump"},{"time":0.3333,"name":"Sound1","string":"cri_se_battle_landing"}]},"cast":{"slots":{"MAIN":{"attachment":[{"time":0,"name":"idle_00"},{"time":0.0333,"name":"attack1_00"},{"time":0.0666,"name":"attack1_01"},{"time":0.1333,"name":"attack1_02"},{"time":0.2333,"name":"attack1_03"},{"time":0.4666,"name":"attack1_04"},{"time":0.5,"name":"attack1_05"},{"time":0.5666,"name":"attack1_06"},{"time":0.6666,"name":"attack1_07"},{"time":0.8333,"name":"attack1_07"}]}},"bones":{"MAIN":{"translate":[{"time":0,"x":0,"y":0,"curve":"stepped"},{"time":0.0333,"x":16.76,"y":0,"curve":"stepped"},{"time":0.0666,"x":30.75,"y":0,"curve":"stepped"},{"time":0.4666,"x":-2.54,"y":0,"curve":"stepped"},{"time":0.5,"x":-45.36,"y":-21.93}]}},"events":[{"time":0.4666,"name":"Voice","string":"cri_131_voice_item"}]},"damage":{"slots":{"MAIN":{"attachment":[{"time":0,"name":"damage_00"}]}}},"front":{"slots":{"MAIN":{"attachment":[{"time":0,"name":"front_00"}]}},"bones":{"MAIN":{"translate":[{"time":0,"x":0,"y":-13.68}]}}},"idle":{"slots":{"MAIN":{"attachment":[{"time":0,"name":"idle_00"},{"time":0.1666,"name":"idle_01"},{"time":0.3333,"name":"idle_02"},{"time":0.5,"name":"idle_03"},{"time":0.6666,"name":"idle_04"},{"time":0.8333,"name":"idle_00"}]}}},"skill1":{"slots":{"DAMAGEAREA":{"attachment":[{"time":0.7333,"name":"DAMAGEAREA"},{"time":0.8,"name":null},{"time":1.2,"name":"DAMAGEAREA"},{"time":1.2666,"name":null}]},"EF/wave_ground/5140_S2_wave1_00002":{"attachment":[{"time":0.6666,"name":"EF/wave_ground/5140_S2_wave1_00002"},{"time":0.7,"name":"EF/wave_ground/5140_S2_wave1_00003"},{"time":0.7333,"name":"EF/wave_ground/5140_S2_wave1_00004"},{"time":0.7666,"name":"EF/wave_ground/5140_S2_wave1_00005"},{"time":0.8,"name":"EF/wave_ground/5140_S2_wave1_00006"},{"time":0.8333,"name":"EF/wave_ground/5140_S2_wave1_00007"},{"time":0.8666,"name":"EF/wave_ground/5140_S2_wave1_00008"},{"time":0.9,"name":"EF/wave_ground/5140_S2_wave1_00009"}],"color":[{"time":0.9,"color":"ffffffff"},{"time":1,"color":"ffffff00"}]},"MAIN":{"attachment":[{"time":0,"name":"idle_00"},{"time":0.0666,"name":"skill1_00"},{"time":0.1333,"name":"skill1_01"},{"time":0.2333,"name":"skill1_02"},{"time":0.3666,"name":"skill1_03"},{"time":0.6666,"name":"skill1_04"},{"time":0.7333,"name":"skill1_05"},{"time":0.7666,"name":"skill1_06"},{"time":0.8,"name":"skill1_07"},{"time":0.8333,"name":"skill1_08"},{"time":0.9,"name":"skill1_09"},{"time":1.1333,"name":"skill1_10"},{"time":1.1666,"name":"skill1_11"},{"time":1.2,"name":"skill1_12"},{"time":1.2666,"name":"skill1_13"},{"time":1.3666,"name":"skill1_14"},{"time":1.8333,"name":"skill1_14"}]}},"bones":{"MAIN":{"translate":[{"time":0,"x":0,"y":0,"curve":"stepped"},{"time":0.0666,"x":23.91,"y":0,"curve":"stepped"},{"time":0.1333,"x":42.67,"y":0,"curve":"stepped"},{"time":0.6666,"x":-37.05,"y":1.87,"curve":[0.156,0.38,0.722,0.97]},{"time":0.7,"x":-61.43,"y":78.32,"curve":[0.068,0.87,0.598,0.98]},{"time":0.8666,"x":-78.76,"y":272.06,"curve":[0.25,0,0.75,1]},{"time":1.1333,"x":-78.76,"y":284.6,"curve":"stepped"},{"time":1.1666,"x":-125.31,"y":-28},{"time":1.2,"x":-125.31,"y":-33},{"time":1.2333,"x":-125.31,"y":-28}]},"wave":{"scale":[{"time":0.6666,"x":1,"y":1},{"time":0.9,"x":1.185,"y":1.185,"curve":[0.174,0.36,0.75,1]},{"time":1,"x":1.346,"y":1.346}]},"DAMAGEAREA":{"translate":[{"time":0.7333,"x":-129.18,"y":174.24,"curve":"stepped"},{"time":1.2,"x":-183.25,"y":180.25}],"scale":[{"time":0.7333,"x":1.525,"y":1.97}]}},"drawOrder":[{"time":1.1666,"offsets":[{"slot":"EF/EF_slash_Dot/EF","offset":-2}]}],"events":[{"time":0,"name":"Event","float":0.2,"string":"kHitStopType_normal"},{"time":0.5666,"name":"Event","string":"setForceImpact(1)"},{"time":0.6,"name":"Event","int":400,"string":"kImpactType_up"},{"time":0.6666,"name":"Sound1","string":"cri_se_battle_skill_swish"},{"time":0.6666,"name":"Voice","string":"cri_131_voice_skill_all"},{"time":0.7333,"name":"Event","string":"shakeGround"},{"time":0.7333,"name":"Sound1","string":"setHitSound(se_battle_019_sword_hit_03)"},{"time":1.1666,"name":"Event","string":"kImpactType_down"},{"time":1.1666,"name":"Sound1","string":"cri_se_battle_skill_shot"},{"time":1.2,"name":"Event","string":"shakeGround"},{"time":1.2,"name":"Hit","string":"resetHitList"},{"time":1.2,"name":"Sound1","string":"setHitSound(se_battle_019_sword_hit_03)"}]},"skill2":{"slots":{"DAMAGEAREA":{"attachment":[{"time":2.6333,"name":"DAMAGEAREA"},{"time":2.8666,"name":null}]},"EF/wave_ground/5140_S2_wave1_00002":{"attachment":[{"time":0.2666,"name":"EF/wave_ground/5140_S2_wave1_00002"},{"time":0.3,"name":"EF/wave_ground/5140_S2_wave1_00003"},{"time":0.3333,"name":"EF/wave_ground/5140_S2_wave1_00004"},{"time":0.3666,"name":"EF/wave_ground/5140_S2_wave1_00005"},{"time":0.4,"name":"EF/wave_ground/5140_S2_wave1_00006"},{"time":0.4333,"name":"EF/wave_ground/5140_S2_wave1_00007"},{"time":0.4666,"name":"EF/wave_ground/5140_S2_wave1_00008"},{"time":0.5,"name":"EF/wave_ground/5140_S2_wave1_00009"},{"time":2.6666,"name":"EF/wave_ground/5140_S2_wave1_00002"},{"time":2.7,"name":"EF/wave_ground/5140_S2_wave1_00003"},{"time":2.7333,"name":"EF/wave_ground/5140_S2_wave1_00004"},{"time":2.7666,"name":"EF/wave_ground/5140_S2_wave1_00005"},{"time":2.8,"name":"EF/wave_ground/5140_S2_wave1_00006"},{"time":2.8333,"name":"EF/wave_ground/5140_S2_wave1_00007"},{"time":2.8666,"name":"EF/wave_ground/5140_S2_wave1_00008"},{"time":2.9,"name":"EF/wave_ground/5140_S2_wave1_00009"}],"color":[{"time":0.5,"color":"ffffffff"},{"time":0.6,"color":"ffffff00","curve":"stepped"},{"time":2.6666,"color":"ffffffff","curve":"stepped"},{"time":2.8666,"color":"ffffffff"},{"time":2.9666,"color":"ffffff00"}]},"MAIN":{"attachment":[{"time":0,"name":"idle_00"},{"time":0.0333,"name":"skill2_00"},{"time":0.0666,"name":"skill2_01"},{"time":0.1333,"name":"skill2_02"},{"time":0.2666,"name":"skill2_03"},{"time":2.9333,"name":"idle_03"},{"time":3.1,"name":"idle_04"},{"time":3.2666,"name":"idle_00"}],"color":[{"time":0.2666,"color":"ffffffff"},{"time":0.5333,"color":"ffffff00","curve":"stepped"},{"time":2.9333,"color":"ffffff00"},{"time":3.1,"color":"ffffffff"}]}},"bones":{"MAIN":{"rotate":[{"time":0,"angle":0,"curve":"stepped"},{"time":0.2666,"angle":-28.06,"curve":"stepped"},{"time":2.9333,"angle":0}],"translate":[{"time":0,"x":0,"y":0,"curve":"stepped"},{"time":0.0333,"x":20.52,"y":0,"curve":"stepped"},{"time":0.2333,"x":20.52,"y":-15,"curve":"stepped"},{"time":0.2666,"x":-14.81,"y":19.37,"curve":[0.151,0.61,0.566,0.84]},{"time":0.5333,"x":-140.44,"y":751.39,"curve":"stepped"},{"time":2.5666,"x":0,"y":0}]},"wave":{"translate":[{"time":2.6666,"x":-14.45,"y":-3.33}],"scale":[{"time":0.2666,"x":1,"y":1},{"time":0.5,"x":1.185,"y":1.185,"curve":[0.174,0.36,0.75,1]},{"time":0.6,"x":1.346,"y":1.346,"curve":"stepped"},{"time":2.6666,"x":2.493,"y":2.493,"curve":[0.161,0.35,0.75,1]},{"time":2.9333,"x":3.491,"y":2.493}]},"DAMAGEAREA":{"translate":[{"time":2.6333,"x":0,"y":64.25},{"time":2.7666,"x":0,"y":104}],"scale":[{"time":2.6333,"x":2.042,"y":1.257},{"time":2.7,"x":2.327,"y":1.432},{"time":2.7666,"x":3.279,"y":1.841}]}},"events":[{"time":0,"name":"Event","float":0.2,"string":"kHitStopType_normal"},{"time":0.0333,"name":"Event","string":"setForceImpact(1)"},{"time":0.0666,"name":"Event","string":"kImpactType_knock"},{"time":0.0666,"name":"Voice","string":"cri_131_voice_fullarts_now"},{"time":0.2666,"name":"Event","string":"shakeGround"},{"time":0.2666,"name":"Sound1","string":"cri_se_battle_monster_jump"},{"time":0.2666,"name":"Sound2","string":"cri_se_battle_skill_swish"},{"time":0.3333,"name":"Event","string":"setInvincibleTime(3.5)"},{"time":1.2666,"name":"Event","string":"setPositionX_Target"},{"time":2,"name":"Voice","string":"cri_131_voice_fullarts_rank5"},{"time":2.5333,"name":"Sound1","string":"cri_se_battle_skill_swish"},{"time":2.5333,"name":"Sound2","string":"cri_se_battle_thunder_small"},{"time":2.6333,"name":"Event","string":"shakeGround"},{"time":2.6333,"name":"Sound1","string":"cri_se_battle_030_explosion_02"},{"time":2.6666,"name":"Event","string":"addOrbitSystemCamera_wind"}]}}}