{"skeleton":{"hash":"t09pTyGmtQ21om8Z4+ImXu57q7o","spine":"3.0.12","width":640,"height":1136},"bones":[{"name":"root"},{"name":"grid","parent":"root"},{"name":"MAIN","parent":"root","y":75},{"name":"SHADOW-OFFSET","parent":"MAIN"},{"name":"HPBAR","parent":"MAIN","x":10,"y":95},{"name":"HITBOX","parent":"MAIN"},{"name":"EF","parent":"root","x":290.63,"y":65.51},{"name":"DAMAGEAREA","parent":"root"},{"name":"310_dot_tsuki","parent":"root"}],"slots":[{"name":"grid/bg","bone":"grid","color":"828282ff"},{"name":"grid/grid","bone":"grid","color":"ffffff64"},{"name":"MAIN","bone":"MAIN","attachment":"idle_00"},{"name":"EF/EF_tsuki_DOT/sp_ef_1","bone":"310_dot_tsuki","color":"a500ffff","blend":"additive"},{"name":"EF/EF_slash_DOT/EF_1","bone":"EF","color":"a500ffff","blend":"additive"},{"name":"DAMAGEAREA","bone":"DAMAGEAREA"},{"name":"HITBOX","bone":"HITBOX","attachment":"HITBOX"}],"skins":{"default":{"DAMAGEAREA":{"DAMAGEAREA":{"type":"boundingbox","vertices":[-98.17077,97.31003,-97.35876,-95.94581,98.33308,-98.38181,96.70906,97.31003]}},"EF/EF_slash_DOT/EF_1":{"EF/EF_slash_DOT/EF":{"x":2.89,"y":-55.86,"width":394,"height":176}},"EF/EF_tsuki_DOT/sp_ef_1":{"EF/EF_tsuki_DOT/sp_ef_1":{"width":600,"height":320},"EF/EF_tsuki_DOT/sp_ef_2":{"width":600,"height":320},"EF/EF_tsuki_DOT/sp_ef_3":{"width":600,"height":320}},"HITBOX":{"HITBOX":{"type":"boundingbox","vertices":[-25.83684,47.51404,-26.39286,-68.07389,34.29704,-65.88988,33.20511,49.25995]}},"MAIN":{"attack1_00":{"x":-35,"y":15,"width":387,"height":204},"attack1_01":{"x":-35,"y":15,"width":387,"height":204},"attack1_02":{"x":-20,"y":5,"width":387,"height":204},"attack1_03":{"x":-18,"y":5,"width":387,"height":204},"attack1_04":{"x":-18,"y":5,"width":387,"height":204},"back_00":{"x":-40,"y":-10,"width":233,"height":194},"back_01":{"x":-40,"y":-10,"width":233,"height":194},"back_02":{"x":-40,"y":-10,"width":233,"height":194},"damage_00":{"x":-25,"y":-15,"width":237,"height":200},"front_00":{"x":10,"y":5,"width":321,"height":230},"idle_00":{"x":-20,"y":5,"width":233,"height":163},"idle_01":{"x":-20,"y":5,"width":233,"height":163},"idle_02":{"x":-20,"y":5,"width":233,"height":163},"idle_03":{"x":-20,"y":5,"width":233,"height":163},"idle_04":{"x":-20,"y":5,"width":233,"height":163},"skill1_00":{"x":52,"y":35,"width":264,"height":328},"skill1_01":{"x":52,"y":35,"width":264,"height":328},"skill1_02":{"x":52,"y":35,"width":264,"height":328},"skill1_03":{"x":48,"y":20,"width":264,"height":328},"skill1_04":{"x":48,"y":22,"width":264,"height":328},"skill1_05":{"x":48,"y":22,"width":264,"height":328},"skill1_06":{"x":48,"y":22,"width":264,"height":328},"skill2_00":{"x":-7,"y":15,"width":273,"height":168},"skill2_01":{"x":-7,"y":15,"width":273,"height":168},"skill2_02":{"x":-7,"y":15,"width":273,"height":168},"skill2_03":{"x":-7,"y":15,"width":273,"height":168},"skill2_04":{"x":-7,"y":15,"width":273,"height":168},"skill2_05":{"x":-7,"y":15,"width":273,"height":168},"skill2_06":{"x":-6,"y":13,"width":273,"height":168},"skill2_07":{"x":-6,"y":13,"width":273,"height":168},"skill2_08":{"x":-6,"y":13,"width":273,"height":168},"skill2_09":{"x":-6,"y":13,"width":273,"height":168},"skill2_10":{"x":-6,"y":13,"width":273,"height":168},"skill2_11":{"x":-6,"y":13,"width":273,"height":168}}}},"events":{"Event":{},"Hit":{},"Sound1":{},"Sound2":{},"Voice":{}},"animations":{"attack1":{"slots":{"DAMAGEAREA":{"attachment":[{"time":0.4,"name":"DAMAGEAREA"},{"time":0.6666,"name":null},{"time":1.3,"name":"DAMAGEAREA"},{"time":1.5666,"name":null}]},"EF/EF_slash_DOT/EF_1":{"attachment":[{"time":1.3,"name":"EF/EF_slash_DOT/EF"},{"time":1.3333,"name":null}]},"EF/EF_tsuki_DOT/sp_ef_1":{"attachment":[{"time":0.3333,"name":"EF/EF_tsuki_DOT/sp_ef_1"},{"time":0.4,"name":"EF/EF_tsuki_DOT/sp_ef_2"},{"time":0.4333,"name":"EF/EF_tsuki_DOT/sp_ef_3"},{"time":0.4666,"name":null}]},"MAIN":{"attachment":[{"time":0,"name":"attack1_00"},{"time":0.1,"name":"attack1_01"},{"time":0.3333,"name":"attack1_02"},{"time":0.3666,"name":"attack1_03"},{"time":0.5,"name":"attack1_04"},{"time":0.6666,"name":"attack1_01"},{"time":0.7,"name":"back_00"},{"time":0.7666,"name":"skill1_00"},{"time":0.8333,"name":"skill1_01"},{"time":0.9,"name":"skill1_02"},{"time":1.3,"name":"skill1_03"},{"time":1.3333,"name":"skill1_04"},{"time":1.4,"name":"skill1_05"},{"time":1.4666,"name":"skill1_06"},{"time":1.6,"name":"back_01"},{"time":1.6666,"name":"back_02"},{"time":1.7333,"name":"back_00"},{"time":1.9666,"name":"idle_00"}]}},"bones":{"MAIN":{"translate":[{"time":0,"x":0,"y":0,"curve":"stepped"},{"time":0.3333,"x":0,"y":0,"curve":[0.25,0,0.75,1]},{"time":0.3666,"x":-150,"y":0,"curve":"stepped"},{"time":0.6666,"x":-100,"y":0,"curve":[0.25,0,0.75,1]},{"time":0.9,"x":-50,"y":0,"curve":"stepped"},{"time":1.3,"x":-200,"y":0,"curve":[0.25,0,0.75,1]},{"time":1.3333,"x":-250,"y":0,"curve":"stepped"},{"time":1.6666,"x":-220,"y":0,"curve":[0.05,0.68,0.688,0.99]},{"time":1.9666,"x":0,"y":0}]},"310_dot_tsuki":{"rotate":[{"time":0.3333,"angle":0}],"translate":[{"time":0.3333,"x":80.1,"y":83.59,"curve":"stepped"},{"time":0.3666,"x":-87.54,"y":89.53,"curve":"stepped"},{"time":0.4,"x":-94.04,"y":85.11}]},"EF":{"rotate":[{"time":1.3,"angle":2.72}],"translate":[{"time":1.3,"x":-470.34,"y":138.98}],"scale":[{"time":1.3,"x":2.19,"y":1.736}]},"SHADOW-OFFSET":{"translate":[{"time":1.3,"x":0.88,"y":0}]},"DAMAGEAREA":{"translate":[{"time":0.4,"x":-240.26,"y":77.24,"curve":"stepped"},{"time":1.3,"x":-217.26,"y":59.31}],"scale":[{"time":0.4,"x":1.416,"y":0.392,"curve":"stepped"},{"time":1.3,"x":2.173,"y":0.386}]}},"drawOrder":[{"time":0},{"time":0.3333},{"time":1.3}],"events":[{"time":0.3,"name":"Sound1","string":"cri_se_battle_sword_swish_heavy"},{"time":0.3333,"name":"Event","float":0.1,"string":"kHitStopType_normal"},{"time":0.3333,"name":"Sound2","string":"setHitSound(se_battle_thrustviolently)"},{"time":0.3333,"name":"Voice","string":"cri_022_voice_attack_random"},{"time":1.2666,"name":"Sound1","string":"cri_se_battle_sword_swish_heavy"},{"time":1.3,"name":"Event","float":0.15,"string":"kHitStopType_normal"},{"time":1.3,"name":"Hit","float":1.1,"string":"resetHitList"},{"time":1.3,"name":"Sound1","string":"setHitSound(se_battle_019_sword_hit_03)"},{"time":1.3,"name":"Voice","string":"cri_022_voice_attack_c"}]},"back":{"slots":{"MAIN":{"attachment":[{"time":0,"name":"back_00"},{"time":0.4,"name":"idle_02"},{"time":0.5666,"name":"idle_03"},{"time":0.7333,"name":"idle_04"},{"time":0.9,"name":"idle_00"}]}},"bones":{"MAIN":{"translate":[{"time":0,"x":0,"y":0,"curve":[0.192,0.59,0.572,0.71]},{"time":0.4,"x":130,"y":0,"curve":[0.224,0.88,0.673,1]},{"time":0.7666,"x":140,"y":0}]}}},"cast":{"slots":{"MAIN":{"attachment":[{"time":0,"name":"skill1_00"},{"time":0.1,"name":"skill1_01"},{"time":0.2,"name":"skill1_02"},{"time":0.5,"name":"skill1_03"},{"time":0.5333,"name":"skill1_04"},{"time":0.6,"name":"skill1_05"},{"time":0.6666,"name":"skill1_06"},{"time":1,"name":"skill1_06"}]}},"drawOrder":[{"time":0},{"time":0.5}],"events":[{"time":0.2,"name":"Voice","string":"cri_022_voice_item"}]},"damage":{"slots":{"MAIN":{"attachment":[{"time":0,"name":"damage_00"}]}}},"front":{"slots":{"MAIN":{"attachment":[{"time":0,"name":"front_00"}]}}},"idle":{"slots":{"MAIN":{"attachment":[{"time":0,"name":"idle_00"},{"time":0.1666,"name":"idle_01"},{"time":0.3333,"name":"idle_02"},{"time":0.5,"name":"idle_03"},{"time":0.6666,"name":"idle_04"},{"time":0.8333,"name":"idle_00"}]}}},"skill1":{"slots":{"DAMAGEAREA":{"attachment":[{"time":0.6333,"name":"DAMAGEAREA"},{"time":1.1333,"name":null}]},"MAIN":{"attachment":[{"time":0,"name":"skill1_00"},{"time":0.1,"name":"skill1_01"},{"time":0.2,"name":"skill1_02"},{"time":0.5,"name":"skill1_03"},{"time":0.5333,"name":"skill1_04"},{"time":0.6,"name":"skill1_05"},{"time":0.6666,"name":"skill1_06"},{"time":1.5,"name":"skill1_01"}]}},"bones":{"MAIN":{"translate":[{"time":0,"x":0,"y":0},{"time":0.2,"x":17.57,"y":0,"curve":"stepped"},{"time":0.5,"x":0,"y":0},{"time":0.5333,"x":-12.4,"y":0}]},"DAMAGEAREA":{"translate":[{"time":0.6333,"x":-319.32,"y":54.22}],"scale":[{"time":0.6333,"x":3.718,"y":0.679}]}},"events":[{"time":0,"name":"Voice","string":"cri_022_voice_skill_all"},{"time":0.5,"name":"Sound1","string":"cri_se_battle_laser_water"},{"time":0.5,"name":"Sound2","string":"cri_se_battle_hard_hit"},{"time":0.5666,"name":"Event","string":"setHitEffect(hit02e,1)"},{"time":0.6,"name":"Event","float":0.05,"string":"kHitStopType_normal"},{"time":0.6333,"name":"Event","string":"setHitBackEnemy(10,0)"},{"time":0.6333,"name":"Sound1","string":"setHitSound(se_battle_explosion_water_02)"},{"time":0.6666,"name":"Event","float":0.15,"string":"kHitStopType_enemyonly\t"},{"time":0.6666,"name":"Hit","float":1.1,"string":"resetHitList"},{"time":0.6666,"name":"Sound1","string":"setHitSound(empty)"},{"time":0.7,"name":"Hit","float":1.15,"string":"resetHitList"},{"time":0.7,"name":"Sound1","string":"setHitSound(empty)"},{"time":0.7333,"name":"Hit","float":1.2,"string":"resetHitList"},{"time":0.7333,"name":"Sound1","string":"setHitSound(se_battle_explosion_water_02)"},{"time":0.7666,"name":"Hit","float":1.2,"string":"resetHitList"},{"time":0.7666,"name":"Sound1","string":"setHitSound(empty)"},{"time":0.8,"name":"Hit","float":1.2,"string":"resetHitList"},{"time":0.8,"name":"Sound1","string":"setHitSound(empty)"},{"time":0.8333,"name":"Hit","float":1.2,"string":"resetHitList"},{"time":0.8333,"name":"Sound1","string":"setHitSound(se_battle_explosion_water_02)"},{"time":0.8666,"name":"Hit","float":1.2,"string":"resetHitList"},{"time":0.8666,"name":"Sound1","string":"setHitSound(empty)"},{"time":0.9,"name":"Event","string":"kImpactType_knock"},{"time":0.9,"name":"Hit","float":1.4,"string":"resetHitList"},{"time":0.9,"name":"Sound1","string":"setHitSound(empty)"},{"time":0.9333,"name":"Hit","float":1.4,"string":"resetHitList"},{"time":0.9333,"name":"Sound1","string":"setHitSound(se_battle_explosion_water_02)"},{"time":0.9666,"name":"Hit","float":1.4,"string":"resetHitList"},{"time":0.9666,"name":"Sound1","string":"setHitSound(empty)"}]},"skill2":{"slots":{"MAIN":{"attachment":[{"time":0,"name":"skill2_03"},{"time":0.0333,"name":"skill2_01"},{"time":0.0666,"name":"skill2_02"},{"time":0.1,"name":"skill2_03"},{"time":0.1333,"name":"skill2_04"},{"time":0.1666,"name":"skill2_05"},{"time":0.2,"name":"skill2_06"},{"time":0.2333,"name":"skill2_07"},{"time":0.2666,"name":"skill2_08"},{"time":0.3,"name":"skill2_09"},{"time":0.3333,"name":"skill2_10"},{"time":0.3666,"name":"skill2_11"},{"time":0.4,"name":"skill2_00"},{"time":0.4333,"name":"skill2_01"},{"time":0.4666,"name":"skill2_02"},{"time":0.5,"name":"skill2_03"},{"time":0.5333,"name":"skill2_04"},{"time":0.5666,"name":"skill2_05"},{"time":0.6,"name":"skill2_06"},{"time":0.6333,"name":"skill2_07"},{"time":0.6666,"name":"skill2_08"},{"time":0.7,"name":"skill2_09"},{"time":0.7333,"name":"skill2_10"},{"time":0.7666,"name":"skill2_11"},{"time":0.8,"name":"skill2_00"},{"time":0.8666,"name":"idle_03"},{"time":0.9333,"name":"idle_00"},{"time":1.6666,"name":"skill2_00"}]}},"events":[{"time":0,"name":"Sound1","string":"cri_se_battle_sword_swish_heavy"},{"time":0.1333,"name":"Event","string":"addOrbitSystem-1Vortex"},{"time":0.1333,"name":"Sound1","string":"cri_se_battle_sword_swish_heavy"},{"time":0.2666,"name":"Sound1","string":"cri_se_battle_sword_swish_heavy"},{"time":0.3333,"name":"Voice","string":"cri_022_voice_fullarts_rank2"},{"time":0.4,"name":"Sound1","string":"cri_se_battle_sword_swish_heavy"},{"time":0.5333,"name":"Sound1","string":"cri_se_battle_sword_swish_heavy"},{"time":0.6666,"name":"Sound1","string":"cri_se_battle_sword_swish_heavy"},{"time":0.8,"name":"Sound1","string":"cri_se_battle_sword_swish_heavy"}]}}}