{"skeleton":{"hash":"cQudxftGlBCCibVC9AJqGxPoJCU","spine":"3.0.12","width":300,"height":300,"images":"./image/"},"bones":[{"name":"root"},{"name":"MAIN","parent":"root","y":67.29},{"name":"gun_root","parent":"MAIN","x":552.83,"y":-257.34,"color":"b100e8ff"},{"name":"gun2","parent":"gun_root","length":37.69,"x":-10.35,"y":-3.89,"rotation":-134.59,"color":"b100e8ff"},{"name":"gun1","parent":"gun_root","length":39.07,"x":-3.95,"y":-10.44,"rotation":-135.26,"color":"b100e8ff"},{"name":"cannon_root2","parent":"MAIN","x":660.59,"y":-207.42,"color":"e00300ff"},{"name":"cannon_4","parent":"cannon_root2","length":29.18,"x":9.18,"y":11.62,"rotation":63.92,"color":"e00300ff"},{"name":"cannon_5","parent":"cannon_4","length":14.12,"x":31.07,"y":3.33,"rotation":57.18,"color":"e00300ff"},{"name":"cannon_6","parent":"cannon_5","length":71.79,"x":14.35,"y":0.14,"rotation":78.54,"color":"e00000ff"},{"name":"cannon_root","parent":"MAIN","x":654.05,"y":-105.07,"color":"00e013ff"},{"name":"cannon_3","parent":"cannon_root","length":29.18,"x":9.18,"y":11.62,"rotation":63.92,"color":"00e013ff"},{"name":"cannon_2","parent":"cannon_3","length":14.12,"x":31.07,"y":3.33,"rotation":57.18,"color":"00e013ff"},{"name":"cannon_1","parent":"cannon_2","length":71.79,"x":14.35,"y":0.14,"rotation":78.54,"color":"00e013ff"},{"name":"beam_root2","parent":"MAIN","x":575.41,"y":-153.52,"scaleX":0.8,"scaleY":0.8,"color":"e00000ff"},{"name":"missile2","parent":"beam_root2","length":63.43,"x":-5.11,"y":-0.34,"rotation":180,"color":"e00000ff"},{"name":"beam_5","parent":"beam_root2","length":52.74,"x":-5.29,"y":-0.31,"rotation":-85.07,"color":"e00000ff"},{"name":"beam_6","parent":"beam_5","length":48.07,"x":51.04,"y":0.14,"rotation":-95.04,"color":"e00000ff"},{"name":"beam_7","parent":"beam_6","length":13.98,"x":48,"y":0.06,"rotation":-89.91,"color":"e00000ff"},{"name":"beam_8","parent":"beam_7","length":68.19,"x":12.95,"rotation":81.95,"color":"e00000ff"},{"name":"beam_root","parent":"MAIN","x":575.41,"y":-59.36,"scaleX":0.8,"scaleY":0.8,"color":"00de12ff"},{"name":"missile","parent":"beam_root","length":63.43,"x":-5.11,"y":-0.34,"rotation":180,"color":"00e013ff"},{"name":"beam_4","parent":"beam_root","length":52.74,"x":-5.29,"y":-0.31,"rotation":-85.07,"color":"00de12ff"},{"name":"beam_3","parent":"beam_4","length":48.07,"x":51.04,"y":0.14,"rotation":-95.04,"color":"00de12ff"},{"name":"beam_2","parent":"beam_3","length":13.98,"x":48,"y":0.06,"rotation":-89.91,"color":"00de12ff"},{"name":"beam_1","parent":"beam_2","length":68.19,"x":12.95,"rotation":81.95,"color":"00de12ff"},{"name":"DAMAGEAREA","parent":"root"},{"name":"shine1","parent":"root","x":320.46},{"name":"shine2","parent":"root","x":320.46},{"name":"shine3","parent":"root","x":320.46},{"name":"shine4","parent":"root","x":320.46}],"slots":[{"name":"other/beam_7","bone":"beam_7","color":"7a7a7aff"},{"name":"other/beam_6","bone":"beam_6","color":"7a7a7aff"},{"name":"other/beam_5","bone":"beam_5","color":"7a7a7aff"},{"name":"other/beam_8","bone":"beam_8","color":"7a7a7aff"},{"name":"other/missile2","bone":"missile2","color":"7a7a7aff"},{"name":"other/back2","bone":"cannon_root2","color":"7a7a7aff"},{"name":"other/cannon_5","bone":"cannon_5","color":"7a7a7aff"},{"name":"other/cannon_4","bone":"cannon_4","color":"7a7a7aff"},{"name":"other/cannon_6","bone":"cannon_6","color":"7a7a7aff"},{"name":"other/gun_3","bone":"gun1"},{"name":"other/gun_4","bone":"gun2"},{"name":"other/back","bone":"cannon_root"},{"name":"MAIN","bone":"MAIN","attachment":"idle00"},{"name":"other/beam_2","bone":"beam_2"},{"name":"other/beam_3","bone":"beam_3"},{"name":"other/beam_4","bone":"beam_4"},{"name":"other/beam_1","bone":"beam_1"},{"name":"other/missile","bone":"missile"},{"name":"other/cannon_2","bone":"cannon_2"},{"name":"other/cannon_3","bone":"cannon_3"},{"name":"other/cannon_1","bone":"cannon_1"},{"name":"EF/130_S1_shine1_00000","bone":"shine1","blend":"additive"},{"name":"EF/130_S1_shine1_0","bone":"shine2","blend":"additive"},{"name":"EF/130_S1_shine1_1","bone":"shine3","blend":"additive"},{"name":"EF/130_S1_shine1_2","bone":"shine4","blend":"additive"}],"skins":{"default":{"EF/130_S1_shine1_0":{"EF/130_S1_shine1_00000":{"x":-2.08,"y":2.6,"width":250,"height":250}},"EF/130_S1_shine1_00000":{"EF/130_S1_shine1_00000":{"x":-2.08,"y":2.6,"width":250,"height":250}},"EF/130_S1_shine1_1":{"EF/130_S1_shine1_00000":{"x":-2.08,"y":2.6,"width":250,"height":250}},"EF/130_S1_shine1_2":{"EF/130_S1_shine1_00000":{"x":-2.08,"y":2.6,"width":250,"height":250}},"MAIN":{"attack_00":{"x":-13.55,"y":-2.25,"width":300,"height":300},"attack_01":{"x":-13.55,"y":-2.25,"width":300,"height":300},"attack_02":{"x":-13.55,"y":-2.25,"width":300,"height":300},"attack_03":{"x":-13.55,"y":-2.25,"width":300,"height":300},"attack_04":{"x":-13.55,"y":-2.25,"width":300,"height":300},"attack_05":{"x":-13.55,"y":-2.25,"width":300,"height":300},"attack_06":{"x":-13.55,"y":-2.25,"width":300,"height":300},"back_00":{"x":-13.55,"y":-2.25,"width":300,"height":300},"damage_00":{"x":-13.55,"y":-2.25,"width":300,"height":300},"front_00":{"x":-13.55,"y":-2.25,"width":300,"height":300},"idle00":{"x":-13.55,"y":-2.25,"width":300,"height":300},"idle01":{"x":-13.55,"y":-2.25,"width":300,"height":300},"idle02":{"x":-13.55,"y":-2.25,"width":300,"height":300},"idle03":{"x":-13.55,"y":-2.25,"width":300,"height":300},"idle04":{"x":-13.55,"y":-2.25,"width":300,"height":300},"s_back_00":{"x":-13.55,"y":-2.25,"width":300,"height":300},"s_front_00":{"x":-13.55,"y":-2.25,"width":300,"height":300},"s_idle_00":{"x":-13.55,"y":-2.25,"width":300,"height":300},"s_idle_01":{"x":-13.55,"y":-2.25,"width":300,"height":300},"s_idle_02":{"x":-13.55,"y":-2.25,"width":300,"height":300},"s_idle_03":{"x":-13.55,"y":-2.25,"width":300,"height":300},"s_kneel_00":{"x":-13.55,"y":-2.25,"width":300,"height":300},"s_kneel_01":{"x":-13.55,"y":-2.25,"width":300,"height":300},"s_kneel_02":{"x":-13.55,"y":-2.25,"width":300,"height":300},"s_kneel_03":{"x":-13.55,"y":-2.25,"width":300,"height":300},"s_point2_00":{"x":-13.55,"y":-2.25,"width":300,"height":300},"s_shake_00":{"x":-13.55,"y":-2.25,"width":300,"height":300},"s_shake_01":{"x":-13.55,"y":-2.25,"width":300,"height":300},"s_shake_02":{"x":-13.55,"y":-2.25,"width":300,"height":300},"s_shake_03":{"x":-13.55,"y":-2.25,"width":300,"height":300},"s_weapon_off_00":{"x":-13.55,"y":-2.25,"width":300,"height":300},"s_weapon_on_00":{"x":-13.55,"y":-2.25,"width":300,"height":300},"s_weapon_on_01":{"x":-13.55,"y":-2.25,"width":300,"height":300},"skill1_00":{"x":-13.55,"y":-2.25,"width":300,"height":300},"skill1_01":{"x":-13.55,"y":-2.25,"width":300,"height":300},"skill1_02":{"x":-13.55,"y":-2.25,"width":300,"height":300},"skill1_03":{"x":-13.55,"y":-2.25,"width":300,"height":300},"skill1_04":{"x":-13.55,"y":-2.25,"width":300,"height":300},"skill1_05":{"x":-13.55,"y":-2.25,"width":300,"height":300},"skill1_06":{"x":-13.55,"y":-2.25,"width":300,"height":300},"skill1_07":{"x":-13.55,"y":-2.25,"width":300,"height":300},"skill1_08":{"x":-13.55,"y":-2.25,"width":300,"height":300},"skill1_09":{"x":-13.55,"y":-2.25,"width":300,"height":300},"skill2_00":{"x":-13.55,"y":-2.25,"width":300,"height":300},"skill2_01":{"x":-13.55,"y":-2.25,"width":300,"height":300},"skill2_02":{"x":-13.55,"y":-2.25,"width":300,"height":300},"skill2_03":{"x":-13.55,"y":-2.25,"width":300,"height":300},"skill2_04":{"x":-13.55,"y":-2.25,"width":300,"height":300},"skill2_05":{"x":-13.55,"y":-2.25,"width":300,"height":300},"skill2_06":{"x":-13.55,"y":-2.25,"width":300,"height":300},"skill2_07":{"x":-13.55,"y":-2.25,"width":300,"height":300},"skill2_08":{"x":-13.55,"y":-2.25,"width":300,"height":300},"skill2_09":{"x":-13.55,"y":-2.25,"width":300,"height":300}},"other/back":{"other/back":{"x":-85.84,"y":37.78,"width":266,"height":150}},"other/back2":{"other/back":{"x":-85.84,"y":37.78,"width":266,"height":150}},"other/beam_1":{"other/beam_1":{"x":-36.9,"y":-35.79,"rotation":-171.92,"width":266,"height":150}},"other/beam_2":{"other/beam_2":{"x":43.22,"y":-41.55,"rotation":-89.98,"width":266,"height":150}},"other/beam_3":{"other/beam_3":{"x":6.5,"y":-43.22,"rotation":-179.91,"width":266,"height":150}},"other/beam_4":{"other/beam_4":{"x":7.42,"y":-2.55,"rotation":85.06,"width":266,"height":150}},"other/beam_5":{"other/beam_4":{"x":7.42,"y":-2.55,"rotation":85.06,"width":266,"height":150}},"other/beam_6":{"other/beam_3":{"x":6.5,"y":-43.22,"rotation":-179.91,"width":266,"height":150}},"other/beam_7":{"other/beam_2":{"x":43.22,"y":-41.55,"rotation":-89.98,"width":266,"height":150}},"other/beam_8":{"other/beam_1":{"x":-36.9,"y":-35.79,"rotation":-171.92,"width":266,"height":150}},"other/cannon_1":{"other/cannon_1":{"x":97.62,"y":-18.47,"rotation":160.24,"width":266,"height":150}},"other/cannon_2":{"other/cannon_2":{"x":51.85,"y":92.14,"rotation":-121.38,"width":266,"height":150}},"other/cannon_3":{"other/cannon_3":{"x":-18.26,"y":96.85,"rotation":-63.72,"width":266,"height":150}},"other/cannon_4":{"other/cannon_3":{"x":-18.26,"y":96.85,"rotation":-63.72,"width":266,"height":150}},"other/cannon_5":{"other/cannon_2":{"x":51.85,"y":92.14,"rotation":-121.38,"width":266,"height":150}},"other/cannon_6":{"other/cannon_1":{"x":97.62,"y":-18.47,"rotation":160.24,"width":266,"height":150}},"other/gun_3":{"other/gun_3":{"x":-64.76,"y":30.7,"rotation":135.46,"width":512,"height":512}},"other/gun_4":{"other/gun_4":{"x":-64.21,"y":40.63,"rotation":134.38,"width":512,"height":512}},"other/missile":{"other/missile":{"x":-29.62,"y":29.07,"rotation":180,"width":266,"height":150}},"other/missile2":{"other/missile":{"x":-29.62,"y":29.07,"rotation":180,"width":266,"height":150}}}},"animations":{"back":{"slots":{"MAIN":{"attachment":[{"time":0,"name":"s_back_00"}]}}},"cast":{"slots":{"MAIN":{"attachment":[{"time":0,"name":"idle00"},{"time":0.2,"name":"attack_00"},{"time":0.2666,"name":"attack_02"},{"time":0.5,"name":"attack_05"},{"time":0.5333,"name":"attack_06"},{"time":0.8,"name":"attack_03"},{"time":0.9666,"name":"idle00"},{"time":1.1666,"name":"idle00"}]}},"bones":{"MAIN":{"translate":[{"time":0.2,"x":-8.23,"y":0,"curve":"stepped"},{"time":0.5,"x":0,"y":0}]}}},"front":{"slots":{"MAIN":{"attachment":[{"time":0,"name":"s_front_00"}]}}},"idle":{"slots":{"MAIN":{"attachment":[{"time":0,"name":"idle00"},{"time":0.2,"name":"idle01"},{"time":0.4,"name":"idle02"},{"time":0.6,"name":"idle03"},{"time":0.8,"name":"idle04"},{"time":1,"name":"idle00"}]}}},"idle2":{"slots":{"MAIN":{"attachment":[{"time":0,"name":"s_idle_00"},{"time":0.3333,"name":"s_idle_01"},{"time":0.6666,"name":"s_idle_02"},{"time":1,"name":"s_idle_03"},{"time":1.3333,"name":"s_idle_00"}]}}},"kneel":{"slots":{"MAIN":{"attachment":[{"time":0,"name":"s_kneel_00"},{"time":0.3333,"name":"s_kneel_01"},{"time":0.6666,"name":"s_kneel_02"},{"time":1,"name":"s_kneel_03"},{"time":1.3333,"name":"s_kneel_00"}]}}},"kneel_stop":{"slots":{"MAIN":{"attachment":[{"time":0,"name":"s_kneel_00"}]}}},"point":{"slots":{"MAIN":{"attachment":[{"time":0,"name":"s_point2_00"}]}}},"shake":{"slots":{"MAIN":{"attachment":[{"time":0,"name":"s_idle_00"},{"time":0.1,"name":"s_shake_00"},{"time":0.3666,"name":"s_shake_01"},{"time":0.4,"name":"s_shake_02"},{"time":0.7,"name":"s_shake_03"},{"time":0.7666,"name":"s_idle_00"},{"time":0.8333,"name":"s_idle_00"}]}}},"weapon_off":{"slots":{"EF/130_S1_shine1_00000":{"attachment":[{"time":0.0666,"name":"EF/130_S1_shine1_00000"}],"color":[{"time":0.0666,"color":"ffffffff"},{"time":0.3333,"color":"ffffff00"}]},"MAIN":{"attachment":[{"time":0,"name":"idle00"},{"time":0.0666,"name":"s_weapon_off_00"},{"time":0.2,"name":"s_idle_00"}]}},"bones":{"shine1":{"translate":[{"time":0.0666,"x":-361.22,"y":66.1}],"scale":[{"time":0.0666,"x":1,"y":1,"curve":[0.236,0.8,0.624,1]},{"time":0.3333,"x":1.809,"y":1.809}]}}},"weapon_on":{"slots":{"EF/130_S1_shine1_00000":{"attachment":[{"time":0.1333,"name":"EF/130_S1_shine1_00000"}],"color":[{"time":0.1333,"color":"ffffffff"},{"time":0.4,"color":"ffffff00"}]},"MAIN":{"attachment":[{"time":0,"name":"s_idle_00"},{"time":0.0666,"name":"s_weapon_on_00"},{"time":0.1666,"name":"s_weapon_on_01"},{"time":0.2666,"name":"idle00"}]}},"bones":{"shine1":{"translate":[{"time":0.1333,"x":-361.22,"y":66.1}],"scale":[{"time":0.1333,"x":1,"y":1,"curve":[0.236,0.8,0.624,1]},{"time":0.4,"x":1.809,"y":1.809}]}}}}}