{"skeleton":{"hash":"MuRV6XCY5bU0Xyise09ALSO7FoU","spine":"3.0.12","width":935,"height":1008,"images":"./images/"},"bones":[{"name":"root"},{"name":"MAIN","parent":"root"}],"slots":[{"name":"011","bone":"MAIN","attachment":"011"},{"name":"010","bone":"MAIN","attachment":"010"},{"name":"009","bone":"MAIN","attachment":"009"},{"name":"008","bone":"MAIN","attachment":"008"},{"name":"007","bone":"MAIN","attachment":"007"},{"name":"006","bone":"MAIN","attachment":"006"},{"name":"005","bone":"MAIN","attachment":"005"},{"name":"004","bone":"MAIN","attachment":"004"},{"name":"003","bone":"MAIN","attachment":"003"},{"name":"002","bone":"MAIN","attachment":"002"},{"name":"face_100","bone":"MAIN","attachment":"face_100"},{"name":"001","bone":"MAIN","attachment":"001"}],"skins":{"default":{"001":{"001":{"x":1,"y":714,"width":144,"height":216}},"002":{"002":{"x":83.5,"y":696,"width":21,"height":332}},"003":{"003":{"x":122.5,"y":654.5,"width":57,"height":295}},"004":{"004":{"x":193,"y":741,"width":84,"height":366}},"005":{"005":{"x":286.5,"y":743,"width":103,"height":368}},"006":{"006":{"x":314.5,"y":453.5,"width":47,"height":185}},"007":{"007":{"x":431,"y":665,"width":186,"height":700}},"008":{"008":{"x":459.5,"y":233,"width":129,"height":164}},"009":{"009":{"x":629,"y":638,"width":210,"height":752}},"010":{"010":{"x":661.5,"y":134.5,"width":141,"height":255}},"011":{"011":{"x":752,"y":695,"width":36,"height":604}},"face_100":{"face_100":{"x":-46,"y":499.5,"width":238,"height":213},"face_110":{"x":-46,"y":493,"width":238,"height":226},"face_120":{"x":-46,"y":499.5,"width":238,"height":213},"face_130":{"x":-46,"y":499.5,"width":238,"height":213},"face_140":{"x":-46,"y":479.5,"width":238,"height":253},"face_150":{"x":-46,"y":479.5,"width":238,"height":253},"face_160":{"x":-46,"y":499.5,"width":238,"height":213},"face_170":{"x":-46,"y":499.5,"width":238,"height":213}}}},"animations":{"100":{"slots":{"001":{"attachment":[{"time":0,"name":"001"}]},"002":{"attachment":[{"time":0,"name":"002"}]},"003":{"attachment":[{"time":0,"name":"003"}]},"004":{"attachment":[{"time":0,"name":"004"}]},"005":{"attachment":[{"time":0,"name":"005"}]},"006":{"attachment":[{"time":0,"name":"006"}]},"007":{"attachment":[{"time":0,"name":"007"}]},"008":{"attachment":[{"time":0,"name":"008"}]},"009":{"attachment":[{"time":0,"name":"009"}]},"010":{"attachment":[{"time":0,"name":"010"}]},"011":{"attachment":[{"time":0,"name":"011"}]},"face_100":{"attachment":[{"time":0,"name":"face_100"}]}}},"110":{"slots":{"001":{"attachment":[{"time":0,"name":"001"}]},"002":{"attachment":[{"time":0,"name":"002"}]},"003":{"attachment":[{"time":0,"name":"003"}]},"004":{"attachment":[{"time":0,"name":"004"}]},"005":{"attachment":[{"time":0,"name":"005"}]},"006":{"attachment":[{"time":0,"name":"006"}]},"007":{"attachment":[{"time":0,"name":"007"}]},"008":{"attachment":[{"time":0,"name":"008"}]},"009":{"attachment":[{"time":0,"name":"009"}]},"010":{"attachment":[{"time":0,"name":"010"}]},"011":{"attachment":[{"time":0,"name":"011"}]},"face_100":{"attachment":[{"time":0,"name":"face_110"}]}}},"120":{"slots":{"001":{"attachment":[{"time":0,"name":"001"}]},"002":{"attachment":[{"time":0,"name":"002"}]},"003":{"attachment":[{"time":0,"name":"003"}]},"004":{"attachment":[{"time":0,"name":"004"}]},"005":{"attachment":[{"time":0,"name":"005"}]},"006":{"attachment":[{"time":0,"name":"006"}]},"007":{"attachment":[{"time":0,"name":"007"}]},"008":{"attachment":[{"time":0,"name":"008"}]},"009":{"attachment":[{"time":0,"name":"009"}]},"010":{"attachment":[{"time":0,"name":"010"}]},"011":{"attachment":[{"time":0,"name":"011"}]},"face_100":{"attachment":[{"time":0,"name":"face_120"}]}}},"130":{"slots":{"001":{"attachment":[{"time":0,"name":"001"}]},"002":{"attachment":[{"time":0,"name":"002"}]},"003":{"attachment":[{"time":0,"name":"003"}]},"004":{"attachment":[{"time":0,"name":"004"}]},"005":{"attachment":[{"time":0,"name":"005"}]},"006":{"attachment":[{"time":0,"name":"006"}]},"007":{"attachment":[{"time":0,"name":"007"}]},"008":{"attachment":[{"time":0,"name":"008"}]},"009":{"attachment":[{"time":0,"name":"009"}]},"010":{"attachment":[{"time":0,"name":"010"}]},"011":{"attachment":[{"time":0,"name":"011"}]},"face_100":{"attachment":[{"time":0,"name":"face_130"}]}}},"140":{"slots":{"001":{"attachment":[{"time":0,"name":"001"}]},"002":{"attachment":[{"time":0,"name":"002"}]},"003":{"attachment":[{"time":0,"name":"003"}]},"004":{"attachment":[{"time":0,"name":"004"}]},"005":{"attachment":[{"time":0,"name":"005"}]},"006":{"attachment":[{"time":0,"name":"006"}]},"007":{"attachment":[{"time":0,"name":"007"}]},"008":{"attachment":[{"time":0,"name":"008"}]},"009":{"attachment":[{"time":0,"name":"009"}]},"010":{"attachment":[{"time":0,"name":"010"}]},"011":{"attachment":[{"time":0,"name":"011"}]},"face_100":{"attachment":[{"time":0,"name":"face_140"}]}}},"150":{"slots":{"001":{"attachment":[{"time":0,"name":"001"}]},"002":{"attachment":[{"time":0,"name":"002"}]},"003":{"attachment":[{"time":0,"name":"003"}]},"004":{"attachment":[{"time":0,"name":"004"}]},"005":{"attachment":[{"time":0,"name":"005"}]},"006":{"attachment":[{"time":0,"name":"006"}]},"007":{"attachment":[{"time":0,"name":"007"}]},"008":{"attachment":[{"time":0,"name":"008"}]},"009":{"attachment":[{"time":0,"name":"009"}]},"010":{"attachment":[{"time":0,"name":"010"}]},"011":{"attachment":[{"time":0,"name":"011"}]},"face_100":{"attachment":[{"time":0,"name":"face_150"}]}}},"160":{"slots":{"001":{"attachment":[{"time":0,"name":"001"}]},"002":{"attachment":[{"time":0,"name":"002"}]},"003":{"attachment":[{"time":0,"name":"003"}]},"004":{"attachment":[{"time":0,"name":"004"}]},"005":{"attachment":[{"time":0,"name":"005"}]},"006":{"attachment":[{"time":0,"name":"006"}]},"007":{"attachment":[{"time":0,"name":"007"}]},"008":{"attachment":[{"time":0,"name":"008"}]},"009":{"attachment":[{"time":0,"name":"009"}]},"010":{"attachment":[{"time":0,"name":"010"}]},"011":{"attachment":[{"time":0,"name":"011"}]},"face_100":{"attachment":[{"time":0,"name":"face_160"}]}}},"170":{"slots":{"001":{"attachment":[{"time":0,"name":"001"}]},"002":{"attachment":[{"time":0,"name":"002"}]},"003":{"attachment":[{"time":0,"name":"003"}]},"004":{"attachment":[{"time":0,"name":"004"}]},"005":{"attachment":[{"time":0,"name":"005"}]},"006":{"attachment":[{"time":0,"name":"006"}]},"007":{"attachment":[{"time":0,"name":"007"}]},"008":{"attachment":[{"time":0,"name":"008"}]},"009":{"attachment":[{"time":0,"name":"009"}]},"010":{"attachment":[{"time":0,"name":"010"}]},"011":{"attachment":[{"time":0,"name":"011"}]},"face_100":{"attachment":[{"time":0,"name":"face_170"}]}}}}}