{"skeleton":{"hash":"NZWbTL/25GY9lL6CV2qoPSpjcNA","spine":"3.0.12","width":512,"height":512,"images":"./images/"},"bones":[{"name":"root"},{"name":"MAIN","parent":"root","y":58.16,"color":"9c0019ff"},{"name":"HITBOX","parent":"MAIN","y":-58.16,"color":"9c0019ff"},{"name":"DotEF","parent":"MAIN","scaleX":2,"scaleY":2,"color":"9c0019ff"},{"name":"EF_MAIN","parent":"root","color":"004cffff"},{"name":"graund_wave_A_red4","parent":"EF_MAIN","x":600,"color":"004cffff"},{"name":"graund_wave_A_red3","parent":"EF_MAIN","x":600,"color":"004cffff"},{"name":"graund_wave_A_red2","parent":"EF_MAIN","x":600,"color":"004cffff"},{"name":"graund_wave_A_red","parent":"EF_MAIN","x":600,"color":"004cffff"},{"name":"ef_trunade_fire_main12","parent":"EF_MAIN","x":600,"y":500,"color":"004cffff"},{"name":"ef_trunade_fire_main11","parent":"EF_MAIN","x":600,"y":500,"color":"004cffff"},{"name":"ef_trunade_fire_main10","parent":"EF_MAIN","x":600,"y":500,"color":"004cffff"},{"name":"ef_trunade_fire_main9","parent":"EF_MAIN","x":600,"y":500,"color":"004cffff"},{"name":"ef_trunade_fire_main8","parent":"EF_MAIN","x":600,"y":500,"color":"004cffff"},{"name":"ef_trunade_fire_main7","parent":"EF_MAIN","x":600,"y":500,"color":"004cffff"},{"name":"ef_trunade_fire_main6","parent":"EF_MAIN","x":600,"y":500,"color":"004cffff"},{"name":"ef_trunade_fire_main5","parent":"EF_MAIN","x":600,"y":500,"color":"004cffff"},{"name":"ef_trunade_fire_main4","parent":"EF_MAIN","x":600,"y":500,"color":"004cffff"},{"name":"ef_trunade_fire_main3","parent":"EF_MAIN","x":600,"y":500,"color":"004cffff"},{"name":"ef_trunade_fire_main2","parent":"EF_MAIN","x":600,"y":500,"color":"004cffff"},{"name":"ef_trunade_fire_main","parent":"EF_MAIN","x":600,"y":500,"color":"004cffff"},{"name":"ef_slash_rot_main2","parent":"EF_MAIN","x":600,"y":600,"color":"004cffff"},{"name":"ef_slash_rot_main","parent":"EF_MAIN","x":600,"y":600,"color":"004cffff"},{"name":"ef_slash_main","parent":"EF_MAIN","x":500,"y":200,"color":"004cffff"},{"name":"ef_slash_jet_main","parent":"EF_MAIN","x":500,"y":300,"color":"004cffff"},{"name":"ef_rot_wave_main2","parent":"EF_MAIN","x":500,"color":"004cffff"},{"name":"ef_rot_wave_main","parent":"EF_MAIN","x":500,"color":"004cffff"},{"name":"ef_graund_shock_red","parent":"EF_MAIN","x":400,"color":"004cffff"},{"name":"ef_energy_splash_main","parent":"EF_MAIN","x":700,"y":500,"color":"004cffff"},{"name":"ef_dash_red2","parent":"EF_MAIN","x":300,"color":"004cffff"},{"name":"ef_dash_red","parent":"EF_MAIN","x":300,"color":"004cffff"},{"name":"DAMAGEAREA","parent":"root"}],"slots":[{"name":"ef_graund_shock_red","bone":"ef_graund_shock_red","blend":"additive"},{"name":"ef_rot_wave_main","bone":"ef_rot_wave_main","blend":"additive"},{"name":"ef_rot_wave_main2","bone":"ef_rot_wave_main2","blend":"additive"},{"name":"graund_wave_A_red","bone":"graund_wave_A_red","blend":"additive"},{"name":"graund_wave_A_red2","bone":"graund_wave_A_red2","blend":"additive"},{"name":"graund_wave_A_red3","bone":"graund_wave_A_red3","blend":"additive"},{"name":"graund_wave_A_red4","bone":"graund_wave_A_red4","blend":"additive"},{"name":"MAIN","bone":"MAIN","attachment":"idle_00"},{"name":"DotEF","bone":"DotEF","blend":"additive"},{"name":"ef_dash_red","bone":"ef_dash_red","blend":"additive"},{"name":"ef_dash_red2","bone":"ef_dash_red2","blend":"additive"},{"name":"ef_slash_jet_main","bone":"ef_slash_jet_main","blend":"additive"},{"name":"ef_slash_main","bone":"ef_slash_main","blend":"additive"},{"name":"ef_slash_rot_main","bone":"ef_slash_rot_main","blend":"additive"},{"name":"ef_slash_rot_main2","bone":"ef_slash_rot_main2","blend":"additive"},{"name":"ef_trunade_fire_main","bone":"ef_trunade_fire_main","blend":"additive"},{"name":"ef_trunade_fire_main4","bone":"ef_trunade_fire_main4","blend":"additive"},{"name":"ef_trunade_fire_main5","bone":"ef_trunade_fire_main5","blend":"additive"},{"name":"ef_trunade_fire_main6","bone":"ef_trunade_fire_main6","blend":"additive"},{"name":"ef_trunade_fire_main7","bone":"ef_trunade_fire_main7","blend":"additive"},{"name":"ef_trunade_fire_main9","bone":"ef_trunade_fire_main9","blend":"additive"},{"name":"ef_trunade_fire_main10","bone":"ef_trunade_fire_main10","blend":"additive"},{"name":"ef_trunade_fire_main11","bone":"ef_trunade_fire_main11","blend":"additive"},{"name":"ef_trunade_fire_main12","bone":"ef_trunade_fire_main12","blend":"additive"},{"name":"ef_trunade_fire_main8","bone":"ef_trunade_fire_main8","blend":"additive"},{"name":"ef_trunade_fire_main3","bone":"ef_trunade_fire_main3","blend":"additive"},{"name":"ef_trunade_fire_main2","bone":"ef_trunade_fire_main2","blend":"additive"},{"name":"ef_energy_splash_main","bone":"ef_energy_splash_main","blend":"additive"},{"name":"DAMAGEAREA","bone":"DAMAGEAREA"},{"name":"HITBOX","bone":"HITBOX","attachment":"HITBOX"}],"skins":{"default":{"DAMAGEAREA":{"DAMAGEAREA":{"type":"boundingbox","vertices":[-63.20489,61.43178,-63.20489,-63.96419,64.85904,-63.96419,64.19204,62.09878]}},"DotEF":{"DotEF_00":{"width":256,"height":256},"DotEF_01":{"width":256,"height":256},"DotEF_02":{"width":256,"height":256},"DotEF_03":{"width":256,"height":256},"DotEF_04":{"width":256,"height":256},"DotEF_05":{"width":256,"height":256}},"HITBOX":{"HITBOX":{"type":"boundingbox","vertices":[-27.92851,0.46048,28.75139,0.46048,28.75139,98.01534,-27.92851,97.47034]}},"MAIN":{"attack1_00":{"scaleX":2,"scaleY":2,"width":256,"height":256},"attack1_01":{"scaleX":2,"scaleY":2,"width":256,"height":256},"attack1_02":{"scaleX":2,"scaleY":2,"width":256,"height":256},"attack1_03":{"scaleX":2,"scaleY":2,"width":256,"height":256},"attack1_04":{"scaleX":2,"scaleY":2,"width":256,"height":256},"attack1_05":{"scaleX":2,"scaleY":2,"width":256,"height":256},"attack1_06":{"scaleX":2,"scaleY":2,"width":256,"height":256},"back_00":{"scaleX":2,"scaleY":2,"width":256,"height":256},"damage_00":{"scaleX":2,"scaleY":2,"width":256,"height":256},"front_00":{"scaleX":2,"scaleY":2,"width":256,"height":256},"idle_00":{"scaleX":2,"scaleY":2,"width":256,"height":256},"idle_01":{"scaleX":2,"scaleY":2,"width":256,"height":256},"idle_02":{"scaleX":2,"scaleY":2,"width":256,"height":256},"idle_03":{"scaleX":2,"scaleY":2,"width":256,"height":256},"skill1_00":{"scaleX":2,"scaleY":2,"width":256,"height":256},"skill1_01":{"scaleX":2,"scaleY":2,"width":256,"height":256},"skill1_02":{"scaleX":2,"scaleY":2,"width":256,"height":256},"skill1_03":{"scaleX":2,"scaleY":2,"width":256,"height":256},"skill1_04":{"scaleX":2,"scaleY":2,"width":256,"height":256},"skill1_05":{"scaleX":2,"scaleY":2,"width":256,"height":256},"skill1_06":{"scaleX":2,"scaleY":2,"width":256,"height":256},"skill1_07":{"scaleX":2,"scaleY":2,"width":256,"height":256},"skill1_08":{"scaleX":2,"scaleY":2,"width":256,"height":256},"skill1_09":{"scaleX":2,"scaleY":2,"width":256,"height":256},"skill2_00":{"scaleX":2,"scaleY":2,"width":256,"height":256},"skill2_01":{"scaleX":2,"scaleY":2,"width":256,"height":256},"skill2_02":{"scaleX":2,"scaleY":2,"width":256,"height":256},"skill2_03":{"scaleX":2,"scaleY":2,"width":256,"height":256},"skill2_04":{"scaleX":2,"scaleY":2,"width":256,"height":256},"skill2_05":{"scaleX":2,"scaleY":2,"width":256,"height":256},"skill2_06":{"scaleX":2,"scaleY":2,"width":256,"height":256},"skill2_07":{"scaleX":2,"scaleY":2,"width":256,"height":256},"skill2_08":{"scaleX":2,"scaleY":2,"width":256,"height":256},"skill3_00":{"scaleX":2,"scaleY":2,"width":256,"height":256},"skill3_01":{"scaleX":2,"scaleY":2,"width":256,"height":256},"skill3_02":{"scaleX":2,"scaleY":2,"width":256,"height":256},"skill3_03":{"scaleX":2,"scaleY":2,"width":256,"height":256},"skill3_04":{"scaleX":2,"scaleY":2,"width":256,"height":256},"skill3_05":{"scaleX":2,"scaleY":2,"width":256,"height":256},"skill3_06":{"scaleX":2,"scaleY":2,"width":256,"height":256}},"ef_dash_red":{"EF/ef_dash_red/ef_dash_red_00001":{"x":30.06,"y":36.64,"scaleX":2,"scaleY":2,"width":250,"height":250},"EF/ef_dash_red/ef_dash_red_00002":{"x":30.06,"y":36.64,"scaleX":2,"scaleY":2,"width":250,"height":250},"EF/ef_dash_red/ef_dash_red_00003":{"x":30.06,"y":36.64,"scaleX":2,"scaleY":2,"width":250,"height":250},"EF/ef_dash_red/ef_dash_red_00004":{"x":30.06,"y":36.64,"scaleX":2,"scaleY":2,"width":250,"height":250},"EF/ef_dash_red/ef_dash_red_00005":{"x":30.06,"y":36.64,"scaleX":2,"scaleY":2,"width":250,"height":250},"EF/ef_dash_red/ef_dash_red_00006":{"x":30.06,"y":36.64,"scaleX":2,"scaleY":2,"width":250,"height":250},"EF/ef_dash_red/ef_dash_red_00007":{"x":30.06,"y":36.64,"scaleX":2,"scaleY":2,"width":250,"height":250},"EF/ef_dash_red/ef_dash_red_00008":{"x":30.06,"y":36.64,"scaleX":2,"scaleY":2,"width":250,"height":250},"EF/ef_dash_red/ef_dash_red_00009":{"x":30.06,"y":36.64,"scaleX":2,"scaleY":2,"width":250,"height":250},"EF/ef_dash_red/ef_dash_red_00010":{"x":30.06,"y":36.64,"scaleX":2,"scaleY":2,"width":250,"height":250},"EF/ef_dash_red/ef_dash_red_00011":{"x":30.06,"y":36.64,"scaleX":2,"scaleY":2,"width":250,"height":250},"EF/ef_dash_red/ef_dash_red_00012":{"x":30.06,"y":36.64,"scaleX":2,"scaleY":2,"width":250,"height":250}},"ef_dash_red2":{"EF/ef_dash_red/ef_dash_red_00001":{"x":30.06,"y":36.64,"scaleX":2,"scaleY":2,"width":250,"height":250},"EF/ef_dash_red/ef_dash_red_00002":{"x":30.06,"y":36.64,"scaleX":2,"scaleY":2,"width":250,"height":250},"EF/ef_dash_red/ef_dash_red_00003":{"x":30.06,"y":36.64,"scaleX":2,"scaleY":2,"width":250,"height":250},"EF/ef_dash_red/ef_dash_red_00004":{"x":30.06,"y":36.64,"scaleX":2,"scaleY":2,"width":250,"height":250},"EF/ef_dash_red/ef_dash_red_00005":{"x":30.06,"y":36.64,"scaleX":2,"scaleY":2,"width":250,"height":250},"EF/ef_dash_red/ef_dash_red_00006":{"x":30.06,"y":36.64,"scaleX":2,"scaleY":2,"width":250,"height":250},"EF/ef_dash_red/ef_dash_red_00007":{"x":30.06,"y":36.64,"scaleX":2,"scaleY":2,"width":250,"height":250},"EF/ef_dash_red/ef_dash_red_00008":{"x":30.06,"y":36.64,"scaleX":2,"scaleY":2,"width":250,"height":250},"EF/ef_dash_red/ef_dash_red_00009":{"x":30.06,"y":36.64,"scaleX":2,"scaleY":2,"width":250,"height":250},"EF/ef_dash_red/ef_dash_red_00010":{"x":30.06,"y":36.64,"scaleX":2,"scaleY":2,"width":250,"height":250},"EF/ef_dash_red/ef_dash_red_00011":{"x":30.06,"y":36.64,"scaleX":2,"scaleY":2,"width":250,"height":250},"EF/ef_dash_red/ef_dash_red_00012":{"x":30.06,"y":36.64,"scaleX":2,"scaleY":2,"width":250,"height":250}},"ef_energy_splash_main":{"EF/ef_energy_splash_main/ef_energy_splash_main_00001":{"width":300,"height":300},"EF/ef_energy_splash_main/ef_energy_splash_main_00002":{"width":300,"height":300},"EF/ef_energy_splash_main/ef_energy_splash_main_00003":{"width":300,"height":300},"EF/ef_energy_splash_main/ef_energy_splash_main_00004":{"width":300,"height":300},"EF/ef_energy_splash_main/ef_energy_splash_main_00005":{"width":300,"height":300},"EF/ef_energy_splash_main/ef_energy_splash_main_00006":{"width":300,"height":300},"EF/ef_energy_splash_main/ef_energy_splash_main_00007":{"width":300,"height":300},"EF/ef_energy_splash_main/ef_energy_splash_main_00008":{"width":300,"height":300},"EF/ef_energy_splash_main/ef_energy_splash_main_00009":{"width":300,"height":300},"EF/ef_energy_splash_main/ef_energy_splash_main_00010":{"width":300,"height":300}},"ef_graund_shock_red":{"EF/ef_graund_shock_red/ef_graund_shock_red_00001":{"x":5.36,"y":24.31,"scaleX":2,"scaleY":2,"width":250,"height":250},"EF/ef_graund_shock_red/ef_graund_shock_red_00002":{"x":5.36,"y":24.31,"scaleX":2,"scaleY":2,"width":250,"height":250},"EF/ef_graund_shock_red/ef_graund_shock_red_00003":{"x":5.36,"y":24.31,"scaleX":2,"scaleY":2,"width":250,"height":250},"EF/ef_graund_shock_red/ef_graund_shock_red_00004":{"x":5.36,"y":24.31,"scaleX":2,"scaleY":2,"width":250,"height":250},"EF/ef_graund_shock_red/ef_graund_shock_red_00005":{"x":5.36,"y":24.31,"scaleX":2,"scaleY":2,"width":250,"height":250},"EF/ef_graund_shock_red/ef_graund_shock_red_00006":{"x":5.36,"y":24.31,"scaleX":2,"scaleY":2,"width":250,"height":250},"EF/ef_graund_shock_red/ef_graund_shock_red_00007":{"x":5.36,"y":24.31,"scaleX":2,"scaleY":2,"width":250,"height":250},"EF/ef_graund_shock_red/ef_graund_shock_red_00008":{"x":5.36,"y":24.31,"scaleX":2,"scaleY":2,"width":250,"height":250},"EF/ef_graund_shock_red/ef_graund_shock_red_00009":{"x":5.36,"y":24.31,"scaleX":2,"scaleY":2,"width":250,"height":250},"EF/ef_graund_shock_red/ef_graund_shock_red_00010":{"x":5.36,"y":24.31,"scaleX":2,"scaleY":2,"width":250,"height":250},"EF/ef_graund_shock_red/ef_graund_shock_red_00011":{"x":5.36,"y":24.31,"scaleX":2,"scaleY":2,"width":250,"height":250},"EF/ef_graund_shock_red/ef_graund_shock_red_00012":{"x":5.36,"y":24.31,"scaleX":2,"scaleY":2,"width":250,"height":250},"EF/ef_graund_shock_red/ef_graund_shock_red_00013":{"x":5.36,"y":24.31,"scaleX":2,"scaleY":2,"width":250,"height":250},"EF/ef_graund_shock_red/ef_graund_shock_red_00014":{"x":5.36,"y":24.31,"scaleX":2,"scaleY":2,"width":250,"height":250},"EF/ef_graund_shock_red/ef_graund_shock_red_00015":{"x":5.36,"y":24.31,"scaleX":2,"scaleY":2,"width":250,"height":250}},"ef_rot_wave_main":{"EF/ef_rot_wave_main/ef_rot_wave_main_00001":{"y":18.55,"scaleX":2,"scaleY":2,"width":210,"height":100},"EF/ef_rot_wave_main/ef_rot_wave_main_00002":{"y":18.55,"scaleX":2,"scaleY":2,"width":210,"height":100},"EF/ef_rot_wave_main/ef_rot_wave_main_00003":{"y":18.55,"scaleX":2,"scaleY":2,"width":210,"height":100},"EF/ef_rot_wave_main/ef_rot_wave_main_00004":{"y":18.55,"scaleX":2,"scaleY":2,"width":210,"height":100},"EF/ef_rot_wave_main/ef_rot_wave_main_00005":{"y":18.55,"scaleX":2,"scaleY":2,"width":210,"height":100},"EF/ef_rot_wave_main/ef_rot_wave_main_00006":{"y":18.55,"scaleX":2,"scaleY":2,"width":210,"height":100},"EF/ef_rot_wave_main/ef_rot_wave_main_00007":{"y":18.55,"scaleX":2,"scaleY":2,"width":210,"height":100},"EF/ef_rot_wave_main/ef_rot_wave_main_00008":{"y":18.55,"scaleX":2,"scaleY":2,"width":210,"height":100},"EF/ef_rot_wave_main/ef_rot_wave_main_00009":{"y":18.55,"scaleX":2,"scaleY":2,"width":210,"height":100},"EF/ef_rot_wave_main/ef_rot_wave_main_00010":{"y":18.55,"scaleX":2,"scaleY":2,"width":210,"height":100},"EF/ef_rot_wave_main/ef_rot_wave_main_00011":{"y":18.55,"scaleX":2,"scaleY":2,"width":210,"height":100},"EF/ef_rot_wave_main/ef_rot_wave_main_00012":{"y":18.55,"scaleX":2,"scaleY":2,"width":210,"height":100},"EF/ef_rot_wave_main/ef_rot_wave_main_00013":{"y":18.55,"scaleX":2,"scaleY":2,"width":210,"height":100},"EF/ef_rot_wave_main/ef_rot_wave_main_00014":{"y":18.55,"scaleX":2,"scaleY":2,"width":210,"height":100},"EF/ef_rot_wave_main/ef_rot_wave_main_00015":{"y":18.55,"scaleX":2,"scaleY":2,"width":210,"height":100}},"ef_rot_wave_main2":{"EF/ef_rot_wave_main/ef_rot_wave_main_00001":{"y":18.55,"scaleX":2,"scaleY":2,"width":210,"height":100},"EF/ef_rot_wave_main/ef_rot_wave_main_00002":{"y":18.55,"scaleX":2,"scaleY":2,"width":210,"height":100},"EF/ef_rot_wave_main/ef_rot_wave_main_00003":{"y":18.55,"scaleX":2,"scaleY":2,"width":210,"height":100},"EF/ef_rot_wave_main/ef_rot_wave_main_00004":{"y":18.55,"scaleX":2,"scaleY":2,"width":210,"height":100},"EF/ef_rot_wave_main/ef_rot_wave_main_00005":{"y":18.55,"scaleX":2,"scaleY":2,"width":210,"height":100},"EF/ef_rot_wave_main/ef_rot_wave_main_00006":{"y":18.55,"scaleX":2,"scaleY":2,"width":210,"height":100},"EF/ef_rot_wave_main/ef_rot_wave_main_00007":{"y":18.55,"scaleX":2,"scaleY":2,"width":210,"height":100},"EF/ef_rot_wave_main/ef_rot_wave_main_00008":{"y":18.55,"scaleX":2,"scaleY":2,"width":210,"height":100},"EF/ef_rot_wave_main/ef_rot_wave_main_00009":{"y":18.55,"scaleX":2,"scaleY":2,"width":210,"height":100},"EF/ef_rot_wave_main/ef_rot_wave_main_00010":{"y":18.55,"scaleX":2,"scaleY":2,"width":210,"height":100},"EF/ef_rot_wave_main/ef_rot_wave_main_00011":{"y":18.55,"scaleX":2,"scaleY":2,"width":210,"height":100},"EF/ef_rot_wave_main/ef_rot_wave_main_00012":{"y":18.55,"scaleX":2,"scaleY":2,"width":210,"height":100},"EF/ef_rot_wave_main/ef_rot_wave_main_00013":{"y":18.55,"scaleX":2,"scaleY":2,"width":210,"height":100},"EF/ef_rot_wave_main/ef_rot_wave_main_00014":{"y":18.55,"scaleX":2,"scaleY":2,"width":210,"height":100},"EF/ef_rot_wave_main/ef_rot_wave_main_00015":{"y":18.55,"scaleX":2,"scaleY":2,"width":210,"height":100}},"ef_slash_jet_main":{"EF/ef_slash_jet_main/ef_slash_jet_main_00001":{"scaleX":2,"scaleY":2,"width":100,"height":225},"EF/ef_slash_jet_main/ef_slash_jet_main_00002":{"scaleX":2,"scaleY":2,"width":100,"height":225},"EF/ef_slash_jet_main/ef_slash_jet_main_00003":{"scaleX":2,"scaleY":2,"width":100,"height":225},"EF/ef_slash_jet_main/ef_slash_jet_main_00004":{"scaleX":2,"scaleY":2,"width":100,"height":225},"EF/ef_slash_jet_main/ef_slash_jet_main_00005":{"scaleX":2,"scaleY":2,"width":100,"height":225},"EF/ef_slash_jet_main/ef_slash_jet_main_00006":{"scaleX":2,"scaleY":2,"width":100,"height":225},"EF/ef_slash_jet_main/ef_slash_jet_main_00007":{"scaleX":2,"scaleY":2,"width":100,"height":225},"EF/ef_slash_jet_main/ef_slash_jet_main_00008":{"scaleX":2,"scaleY":2,"width":100,"height":225},"EF/ef_slash_jet_main/ef_slash_jet_main_00009":{"scaleX":2,"scaleY":2,"width":100,"height":225}},"ef_slash_main":{"EF/ef_slash_main/ef_slash_main_00001":{"scaleX":2,"scaleY":2,"width":200,"height":200},"EF/ef_slash_main/ef_slash_main_00002":{"scaleX":2,"scaleY":2,"width":200,"height":200},"EF/ef_slash_main/ef_slash_main_00003":{"scaleX":2,"scaleY":2,"width":200,"height":200},"EF/ef_slash_main/ef_slash_main_00004":{"scaleX":2,"scaleY":2,"width":200,"height":200},"EF/ef_slash_main/ef_slash_main_00005":{"scaleX":2,"scaleY":2,"width":200,"height":200},"EF/ef_slash_main/ef_slash_main_00006":{"scaleX":2,"scaleY":2,"width":200,"height":200}},"ef_slash_rot_main":{"EF/ef_slash_rot_main/ef_slash_rot_main_00001":{"scaleX":2,"scaleY":2,"width":200,"height":200},"EF/ef_slash_rot_main/ef_slash_rot_main_00002":{"scaleX":2,"scaleY":2,"width":200,"height":200},"EF/ef_slash_rot_main/ef_slash_rot_main_00003":{"scaleX":2,"scaleY":2,"width":200,"height":200},"EF/ef_slash_rot_main/ef_slash_rot_main_00004":{"scaleX":2,"scaleY":2,"width":200,"height":200},"EF/ef_slash_rot_main/ef_slash_rot_main_00005":{"scaleX":2,"scaleY":2,"width":200,"height":200},"EF/ef_slash_rot_main/ef_slash_rot_main_00006":{"scaleX":2,"scaleY":2,"width":200,"height":200},"EF/ef_slash_rot_main/ef_slash_rot_main_00007":{"scaleX":2,"scaleY":2,"width":200,"height":200},"EF/ef_slash_rot_main/ef_slash_rot_main_00008":{"scaleX":2,"scaleY":2,"width":200,"height":200}},"ef_slash_rot_main2":{"EF/ef_slash_rot_main/ef_slash_rot_main_00001":{"scaleX":2,"scaleY":2,"width":200,"height":200},"EF/ef_slash_rot_main/ef_slash_rot_main_00002":{"scaleX":2,"scaleY":2,"width":200,"height":200},"EF/ef_slash_rot_main/ef_slash_rot_main_00003":{"scaleX":2,"scaleY":2,"width":200,"height":200},"EF/ef_slash_rot_main/ef_slash_rot_main_00004":{"scaleX":2,"scaleY":2,"width":200,"height":200},"EF/ef_slash_rot_main/ef_slash_rot_main_00005":{"scaleX":2,"scaleY":2,"width":200,"height":200},"EF/ef_slash_rot_main/ef_slash_rot_main_00006":{"scaleX":2,"scaleY":2,"width":200,"height":200},"EF/ef_slash_rot_main/ef_slash_rot_main_00007":{"scaleX":2,"scaleY":2,"width":200,"height":200},"EF/ef_slash_rot_main/ef_slash_rot_main_00008":{"scaleX":2,"scaleY":2,"width":200,"height":200}},"ef_trunade_fire_main":{"EF/ef_trunade_fire_main/ef_trunade_fire_main_00001":{"scaleX":2,"scaleY":2,"width":250,"height":250},"EF/ef_trunade_fire_main/ef_trunade_fire_main_00002":{"scaleX":2,"scaleY":2,"width":250,"height":250},"EF/ef_trunade_fire_main/ef_trunade_fire_main_00003":{"scaleX":2,"scaleY":2,"width":250,"height":250},"EF/ef_trunade_fire_main/ef_trunade_fire_main_00004":{"scaleX":2,"scaleY":2,"width":250,"height":250},"EF/ef_trunade_fire_main/ef_trunade_fire_main_00005":{"scaleX":2,"scaleY":2,"width":250,"height":250},"EF/ef_trunade_fire_main/ef_trunade_fire_main_00006":{"scaleX":2,"scaleY":2,"width":250,"height":250},"EF/ef_trunade_fire_main/ef_trunade_fire_main_00007":{"scaleX":2,"scaleY":2,"width":250,"height":250},"EF/ef_trunade_fire_main/ef_trunade_fire_main_00008":{"scaleX":2,"scaleY":2,"width":250,"height":250},"EF/ef_trunade_fire_main/ef_trunade_fire_main_00009":{"scaleX":2,"scaleY":2,"width":250,"height":250},"EF/ef_trunade_fire_main/ef_trunade_fire_main_00010":{"scaleX":2,"scaleY":2,"width":250,"height":250},"EF/ef_trunade_fire_main/ef_trunade_fire_main_00011":{"scaleX":2,"scaleY":2,"width":250,"height":250},"EF/ef_trunade_fire_main/ef_trunade_fire_main_00012":{"scaleX":2,"scaleY":2,"width":250,"height":250},"EF/ef_trunade_fire_main/ef_trunade_fire_main_00013":{"scaleX":2,"scaleY":2,"width":250,"height":250}},"ef_trunade_fire_main10":{"EF/ef_trunade_fire_main/ef_trunade_fire_main_00001":{"scaleX":2,"scaleY":2,"width":250,"height":250},"EF/ef_trunade_fire_main/ef_trunade_fire_main_00002":{"scaleX":2,"scaleY":2,"width":250,"height":250},"EF/ef_trunade_fire_main/ef_trunade_fire_main_00003":{"scaleX":2,"scaleY":2,"width":250,"height":250},"EF/ef_trunade_fire_main/ef_trunade_fire_main_00004":{"scaleX":2,"scaleY":2,"width":250,"height":250},"EF/ef_trunade_fire_main/ef_trunade_fire_main_00005":{"scaleX":2,"scaleY":2,"width":250,"height":250},"EF/ef_trunade_fire_main/ef_trunade_fire_main_00006":{"scaleX":2,"scaleY":2,"width":250,"height":250},"EF/ef_trunade_fire_main/ef_trunade_fire_main_00007":{"scaleX":2,"scaleY":2,"width":250,"height":250},"EF/ef_trunade_fire_main/ef_trunade_fire_main_00008":{"scaleX":2,"scaleY":2,"width":250,"height":250},"EF/ef_trunade_fire_main/ef_trunade_fire_main_00009":{"scaleX":2,"scaleY":2,"width":250,"height":250},"EF/ef_trunade_fire_main/ef_trunade_fire_main_00010":{"scaleX":2,"scaleY":2,"width":250,"height":250},"EF/ef_trunade_fire_main/ef_trunade_fire_main_00011":{"scaleX":2,"scaleY":2,"width":250,"height":250},"EF/ef_trunade_fire_main/ef_trunade_fire_main_00012":{"scaleX":2,"scaleY":2,"width":250,"height":250},"EF/ef_trunade_fire_main/ef_trunade_fire_main_00013":{"scaleX":2,"scaleY":2,"width":250,"height":250}},"ef_trunade_fire_main11":{"EF/ef_trunade_fire_main/ef_trunade_fire_main_00001":{"scaleX":2,"scaleY":2,"width":250,"height":250},"EF/ef_trunade_fire_main/ef_trunade_fire_main_00002":{"scaleX":2,"scaleY":2,"width":250,"height":250},"EF/ef_trunade_fire_main/ef_trunade_fire_main_00003":{"scaleX":2,"scaleY":2,"width":250,"height":250},"EF/ef_trunade_fire_main/ef_trunade_fire_main_00004":{"scaleX":2,"scaleY":2,"width":250,"height":250},"EF/ef_trunade_fire_main/ef_trunade_fire_main_00005":{"scaleX":2,"scaleY":2,"width":250,"height":250},"EF/ef_trunade_fire_main/ef_trunade_fire_main_00006":{"scaleX":2,"scaleY":2,"width":250,"height":250},"EF/ef_trunade_fire_main/ef_trunade_fire_main_00007":{"scaleX":2,"scaleY":2,"width":250,"height":250},"EF/ef_trunade_fire_main/ef_trunade_fire_main_00008":{"scaleX":2,"scaleY":2,"width":250,"height":250},"EF/ef_trunade_fire_main/ef_trunade_fire_main_00009":{"scaleX":2,"scaleY":2,"width":250,"height":250},"EF/ef_trunade_fire_main/ef_trunade_fire_main_00010":{"scaleX":2,"scaleY":2,"width":250,"height":250},"EF/ef_trunade_fire_main/ef_trunade_fire_main_00011":{"scaleX":2,"scaleY":2,"width":250,"height":250},"EF/ef_trunade_fire_main/ef_trunade_fire_main_00012":{"scaleX":2,"scaleY":2,"width":250,"height":250},"EF/ef_trunade_fire_main/ef_trunade_fire_main_00013":{"scaleX":2,"scaleY":2,"width":250,"height":250}},"ef_trunade_fire_main12":{"EF/ef_trunade_fire_main/ef_trunade_fire_main_00001":{"scaleX":2,"scaleY":2,"width":250,"height":250},"EF/ef_trunade_fire_main/ef_trunade_fire_main_00002":{"scaleX":2,"scaleY":2,"width":250,"height":250},"EF/ef_trunade_fire_main/ef_trunade_fire_main_00003":{"scaleX":2,"scaleY":2,"width":250,"height":250},"EF/ef_trunade_fire_main/ef_trunade_fire_main_00004":{"scaleX":2,"scaleY":2,"width":250,"height":250},"EF/ef_trunade_fire_main/ef_trunade_fire_main_00005":{"scaleX":2,"scaleY":2,"width":250,"height":250},"EF/ef_trunade_fire_main/ef_trunade_fire_main_00006":{"scaleX":2,"scaleY":2,"width":250,"height":250},"EF/ef_trunade_fire_main/ef_trunade_fire_main_00007":{"scaleX":2,"scaleY":2,"width":250,"height":250},"EF/ef_trunade_fire_main/ef_trunade_fire_main_00008":{"scaleX":2,"scaleY":2,"width":250,"height":250},"EF/ef_trunade_fire_main/ef_trunade_fire_main_00009":{"scaleX":2,"scaleY":2,"width":250,"height":250},"EF/ef_trunade_fire_main/ef_trunade_fire_main_00010":{"scaleX":2,"scaleY":2,"width":250,"height":250},"EF/ef_trunade_fire_main/ef_trunade_fire_main_00011":{"scaleX":2,"scaleY":2,"width":250,"height":250},"EF/ef_trunade_fire_main/ef_trunade_fire_main_00012":{"scaleX":2,"scaleY":2,"width":250,"height":250},"EF/ef_trunade_fire_main/ef_trunade_fire_main_00013":{"scaleX":2,"scaleY":2,"width":250,"height":250}},"ef_trunade_fire_main2":{"EF/ef_trunade_fire_main/ef_trunade_fire_main_00001":{"scaleX":2,"scaleY":2,"width":250,"height":250},"EF/ef_trunade_fire_main/ef_trunade_fire_main_00002":{"scaleX":2,"scaleY":2,"width":250,"height":250},"EF/ef_trunade_fire_main/ef_trunade_fire_main_00003":{"scaleX":2,"scaleY":2,"width":250,"height":250},"EF/ef_trunade_fire_main/ef_trunade_fire_main_00004":{"scaleX":2,"scaleY":2,"width":250,"height":250},"EF/ef_trunade_fire_main/ef_trunade_fire_main_00005":{"scaleX":2,"scaleY":2,"width":250,"height":250},"EF/ef_trunade_fire_main/ef_trunade_fire_main_00006":{"scaleX":2,"scaleY":2,"width":250,"height":250},"EF/ef_trunade_fire_main/ef_trunade_fire_main_00007":{"scaleX":2,"scaleY":2,"width":250,"height":250},"EF/ef_trunade_fire_main/ef_trunade_fire_main_00008":{"scaleX":2,"scaleY":2,"width":250,"height":250},"EF/ef_trunade_fire_main/ef_trunade_fire_main_00009":{"scaleX":2,"scaleY":2,"width":250,"height":250},"EF/ef_trunade_fire_main/ef_trunade_fire_main_00010":{"scaleX":2,"scaleY":2,"width":250,"height":250},"EF/ef_trunade_fire_main/ef_trunade_fire_main_00011":{"scaleX":2,"scaleY":2,"width":250,"height":250},"EF/ef_trunade_fire_main/ef_trunade_fire_main_00012":{"scaleX":2,"scaleY":2,"width":250,"height":250},"EF/ef_trunade_fire_main/ef_trunade_fire_main_00013":{"scaleX":2,"scaleY":2,"width":250,"height":250}},"ef_trunade_fire_main3":{"EF/ef_trunade_fire_main/ef_trunade_fire_main_00001":{"scaleX":2,"scaleY":2,"width":250,"height":250},"EF/ef_trunade_fire_main/ef_trunade_fire_main_00002":{"scaleX":2,"scaleY":2,"width":250,"height":250},"EF/ef_trunade_fire_main/ef_trunade_fire_main_00003":{"scaleX":2,"scaleY":2,"width":250,"height":250},"EF/ef_trunade_fire_main/ef_trunade_fire_main_00004":{"scaleX":2,"scaleY":2,"width":250,"height":250},"EF/ef_trunade_fire_main/ef_trunade_fire_main_00005":{"scaleX":2,"scaleY":2,"width":250,"height":250},"EF/ef_trunade_fire_main/ef_trunade_fire_main_00006":{"scaleX":2,"scaleY":2,"width":250,"height":250},"EF/ef_trunade_fire_main/ef_trunade_fire_main_00007":{"scaleX":2,"scaleY":2,"width":250,"height":250},"EF/ef_trunade_fire_main/ef_trunade_fire_main_00008":{"scaleX":2,"scaleY":2,"width":250,"height":250},"EF/ef_trunade_fire_main/ef_trunade_fire_main_00009":{"scaleX":2,"scaleY":2,"width":250,"height":250},"EF/ef_trunade_fire_main/ef_trunade_fire_main_00010":{"scaleX":2,"scaleY":2,"width":250,"height":250},"EF/ef_trunade_fire_main/ef_trunade_fire_main_00011":{"scaleX":2,"scaleY":2,"width":250,"height":250},"EF/ef_trunade_fire_main/ef_trunade_fire_main_00012":{"scaleX":2,"scaleY":2,"width":250,"height":250},"EF/ef_trunade_fire_main/ef_trunade_fire_main_00013":{"scaleX":2,"scaleY":2,"width":250,"height":250}},"ef_trunade_fire_main4":{"EF/ef_trunade_fire_main/ef_trunade_fire_main_00001":{"scaleX":2,"scaleY":2,"width":250,"height":250},"EF/ef_trunade_fire_main/ef_trunade_fire_main_00002":{"scaleX":2,"scaleY":2,"width":250,"height":250},"EF/ef_trunade_fire_main/ef_trunade_fire_main_00003":{"scaleX":2,"scaleY":2,"width":250,"height":250},"EF/ef_trunade_fire_main/ef_trunade_fire_main_00004":{"scaleX":2,"scaleY":2,"width":250,"height":250},"EF/ef_trunade_fire_main/ef_trunade_fire_main_00005":{"scaleX":2,"scaleY":2,"width":250,"height":250},"EF/ef_trunade_fire_main/ef_trunade_fire_main_00006":{"scaleX":2,"scaleY":2,"width":250,"height":250},"EF/ef_trunade_fire_main/ef_trunade_fire_main_00007":{"scaleX":2,"scaleY":2,"width":250,"height":250},"EF/ef_trunade_fire_main/ef_trunade_fire_main_00008":{"scaleX":2,"scaleY":2,"width":250,"height":250},"EF/ef_trunade_fire_main/ef_trunade_fire_main_00009":{"scaleX":2,"scaleY":2,"width":250,"height":250},"EF/ef_trunade_fire_main/ef_trunade_fire_main_00010":{"scaleX":2,"scaleY":2,"width":250,"height":250},"EF/ef_trunade_fire_main/ef_trunade_fire_main_00011":{"scaleX":2,"scaleY":2,"width":250,"height":250},"EF/ef_trunade_fire_main/ef_trunade_fire_main_00012":{"scaleX":2,"scaleY":2,"width":250,"height":250},"EF/ef_trunade_fire_main/ef_trunade_fire_main_00013":{"scaleX":2,"scaleY":2,"width":250,"height":250}},"ef_trunade_fire_main5":{"EF/ef_trunade_fire_main/ef_trunade_fire_main_00001":{"scaleX":2,"scaleY":2,"width":250,"height":250},"EF/ef_trunade_fire_main/ef_trunade_fire_main_00002":{"scaleX":2,"scaleY":2,"width":250,"height":250},"EF/ef_trunade_fire_main/ef_trunade_fire_main_00003":{"scaleX":2,"scaleY":2,"width":250,"height":250},"EF/ef_trunade_fire_main/ef_trunade_fire_main_00004":{"scaleX":2,"scaleY":2,"width":250,"height":250},"EF/ef_trunade_fire_main/ef_trunade_fire_main_00005":{"scaleX":2,"scaleY":2,"width":250,"height":250},"EF/ef_trunade_fire_main/ef_trunade_fire_main_00006":{"scaleX":2,"scaleY":2,"width":250,"height":250},"EF/ef_trunade_fire_main/ef_trunade_fire_main_00007":{"scaleX":2,"scaleY":2,"width":250,"height":250},"EF/ef_trunade_fire_main/ef_trunade_fire_main_00008":{"scaleX":2,"scaleY":2,"width":250,"height":250},"EF/ef_trunade_fire_main/ef_trunade_fire_main_00009":{"scaleX":2,"scaleY":2,"width":250,"height":250},"EF/ef_trunade_fire_main/ef_trunade_fire_main_00010":{"scaleX":2,"scaleY":2,"width":250,"height":250},"EF/ef_trunade_fire_main/ef_trunade_fire_main_00011":{"scaleX":2,"scaleY":2,"width":250,"height":250},"EF/ef_trunade_fire_main/ef_trunade_fire_main_00012":{"scaleX":2,"scaleY":2,"width":250,"height":250},"EF/ef_trunade_fire_main/ef_trunade_fire_main_00013":{"scaleX":2,"scaleY":2,"width":250,"height":250}},"ef_trunade_fire_main6":{"EF/ef_trunade_fire_main/ef_trunade_fire_main_00001":{"scaleX":2,"scaleY":2,"width":250,"height":250},"EF/ef_trunade_fire_main/ef_trunade_fire_main_00002":{"scaleX":2,"scaleY":2,"width":250,"height":250},"EF/ef_trunade_fire_main/ef_trunade_fire_main_00003":{"scaleX":2,"scaleY":2,"width":250,"height":250},"EF/ef_trunade_fire_main/ef_trunade_fire_main_00004":{"scaleX":2,"scaleY":2,"width":250,"height":250},"EF/ef_trunade_fire_main/ef_trunade_fire_main_00005":{"scaleX":2,"scaleY":2,"width":250,"height":250},"EF/ef_trunade_fire_main/ef_trunade_fire_main_00006":{"scaleX":2,"scaleY":2,"width":250,"height":250},"EF/ef_trunade_fire_main/ef_trunade_fire_main_00007":{"scaleX":2,"scaleY":2,"width":250,"height":250},"EF/ef_trunade_fire_main/ef_trunade_fire_main_00008":{"scaleX":2,"scaleY":2,"width":250,"height":250},"EF/ef_trunade_fire_main/ef_trunade_fire_main_00009":{"scaleX":2,"scaleY":2,"width":250,"height":250},"EF/ef_trunade_fire_main/ef_trunade_fire_main_00010":{"scaleX":2,"scaleY":2,"width":250,"height":250},"EF/ef_trunade_fire_main/ef_trunade_fire_main_00011":{"scaleX":2,"scaleY":2,"width":250,"height":250},"EF/ef_trunade_fire_main/ef_trunade_fire_main_00012":{"scaleX":2,"scaleY":2,"width":250,"height":250},"EF/ef_trunade_fire_main/ef_trunade_fire_main_00013":{"scaleX":2,"scaleY":2,"width":250,"height":250}},"ef_trunade_fire_main7":{"EF/ef_trunade_fire_main/ef_trunade_fire_main_00001":{"scaleX":2,"scaleY":2,"width":250,"height":250},"EF/ef_trunade_fire_main/ef_trunade_fire_main_00002":{"scaleX":2,"scaleY":2,"width":250,"height":250},"EF/ef_trunade_fire_main/ef_trunade_fire_main_00003":{"scaleX":2,"scaleY":2,"width":250,"height":250},"EF/ef_trunade_fire_main/ef_trunade_fire_main_00004":{"scaleX":2,"scaleY":2,"width":250,"height":250},"EF/ef_trunade_fire_main/ef_trunade_fire_main_00005":{"scaleX":2,"scaleY":2,"width":250,"height":250},"EF/ef_trunade_fire_main/ef_trunade_fire_main_00006":{"scaleX":2,"scaleY":2,"width":250,"height":250},"EF/ef_trunade_fire_main/ef_trunade_fire_main_00007":{"scaleX":2,"scaleY":2,"width":250,"height":250},"EF/ef_trunade_fire_main/ef_trunade_fire_main_00008":{"scaleX":2,"scaleY":2,"width":250,"height":250},"EF/ef_trunade_fire_main/ef_trunade_fire_main_00009":{"scaleX":2,"scaleY":2,"width":250,"height":250},"EF/ef_trunade_fire_main/ef_trunade_fire_main_00010":{"scaleX":2,"scaleY":2,"width":250,"height":250},"EF/ef_trunade_fire_main/ef_trunade_fire_main_00011":{"scaleX":2,"scaleY":2,"width":250,"height":250},"EF/ef_trunade_fire_main/ef_trunade_fire_main_00012":{"scaleX":2,"scaleY":2,"width":250,"height":250},"EF/ef_trunade_fire_main/ef_trunade_fire_main_00013":{"scaleX":2,"scaleY":2,"width":250,"height":250}},"ef_trunade_fire_main8":{"EF/ef_trunade_fire_main/ef_trunade_fire_main_00001":{"scaleX":2,"scaleY":2,"width":250,"height":250},"EF/ef_trunade_fire_main/ef_trunade_fire_main_00002":{"scaleX":2,"scaleY":2,"width":250,"height":250},"EF/ef_trunade_fire_main/ef_trunade_fire_main_00003":{"scaleX":2,"scaleY":2,"width":250,"height":250},"EF/ef_trunade_fire_main/ef_trunade_fire_main_00004":{"scaleX":2,"scaleY":2,"width":250,"height":250},"EF/ef_trunade_fire_main/ef_trunade_fire_main_00005":{"scaleX":2,"scaleY":2,"width":250,"height":250},"EF/ef_trunade_fire_main/ef_trunade_fire_main_00006":{"scaleX":2,"scaleY":2,"width":250,"height":250},"EF/ef_trunade_fire_main/ef_trunade_fire_main_00007":{"scaleX":2,"scaleY":2,"width":250,"height":250},"EF/ef_trunade_fire_main/ef_trunade_fire_main_00008":{"scaleX":2,"scaleY":2,"width":250,"height":250},"EF/ef_trunade_fire_main/ef_trunade_fire_main_00009":{"scaleX":2,"scaleY":2,"width":250,"height":250},"EF/ef_trunade_fire_main/ef_trunade_fire_main_00010":{"scaleX":2,"scaleY":2,"width":250,"height":250},"EF/ef_trunade_fire_main/ef_trunade_fire_main_00011":{"scaleX":2,"scaleY":2,"width":250,"height":250},"EF/ef_trunade_fire_main/ef_trunade_fire_main_00012":{"scaleX":2,"scaleY":2,"width":250,"height":250},"EF/ef_trunade_fire_main/ef_trunade_fire_main_00013":{"scaleX":2,"scaleY":2,"width":250,"height":250}},"ef_trunade_fire_main9":{"EF/ef_trunade_fire_main/ef_trunade_fire_main_00001":{"scaleX":2,"scaleY":2,"width":250,"height":250},"EF/ef_trunade_fire_main/ef_trunade_fire_main_00002":{"scaleX":2,"scaleY":2,"width":250,"height":250},"EF/ef_trunade_fire_main/ef_trunade_fire_main_00003":{"scaleX":2,"scaleY":2,"width":250,"height":250},"EF/ef_trunade_fire_main/ef_trunade_fire_main_00004":{"scaleX":2,"scaleY":2,"width":250,"height":250},"EF/ef_trunade_fire_main/ef_trunade_fire_main_00005":{"scaleX":2,"scaleY":2,"width":250,"height":250},"EF/ef_trunade_fire_main/ef_trunade_fire_main_00006":{"scaleX":2,"scaleY":2,"width":250,"height":250},"EF/ef_trunade_fire_main/ef_trunade_fire_main_00007":{"scaleX":2,"scaleY":2,"width":250,"height":250},"EF/ef_trunade_fire_main/ef_trunade_fire_main_00008":{"scaleX":2,"scaleY":2,"width":250,"height":250},"EF/ef_trunade_fire_main/ef_trunade_fire_main_00009":{"scaleX":2,"scaleY":2,"width":250,"height":250},"EF/ef_trunade_fire_main/ef_trunade_fire_main_00010":{"scaleX":2,"scaleY":2,"width":250,"height":250},"EF/ef_trunade_fire_main/ef_trunade_fire_main_00011":{"scaleX":2,"scaleY":2,"width":250,"height":250},"EF/ef_trunade_fire_main/ef_trunade_fire_main_00012":{"scaleX":2,"scaleY":2,"width":250,"height":250},"EF/ef_trunade_fire_main/ef_trunade_fire_main_00013":{"scaleX":2,"scaleY":2,"width":250,"height":250}},"graund_wave_A_red":{"EF/graund_wave_A_red/ef_graund_wave_A_red_00001":{"y":20.94,"scaleX":2,"scaleY":2,"width":200,"height":160},"EF/graund_wave_A_red/ef_graund_wave_A_red_00002":{"y":20.94,"scaleX":2,"scaleY":2,"width":200,"height":160},"EF/graund_wave_A_red/ef_graund_wave_A_red_00003":{"y":20.94,"scaleX":2,"scaleY":2,"width":200,"height":160},"EF/graund_wave_A_red/ef_graund_wave_A_red_00004":{"y":20.94,"scaleX":2,"scaleY":2,"width":200,"height":160},"EF/graund_wave_A_red/ef_graund_wave_A_red_00005":{"y":20.94,"scaleX":2,"scaleY":2,"width":200,"height":160},"EF/graund_wave_A_red/ef_graund_wave_A_red_00006":{"y":20.94,"scaleX":2,"scaleY":2,"width":200,"height":160},"EF/graund_wave_A_red/ef_graund_wave_A_red_00007":{"y":20.94,"scaleX":2,"scaleY":2,"width":200,"height":160},"EF/graund_wave_A_red/ef_graund_wave_A_red_00008":{"y":20.94,"scaleX":2,"scaleY":2,"width":200,"height":160},"EF/graund_wave_A_red/ef_graund_wave_A_red_00009":{"y":20.94,"scaleX":2,"scaleY":2,"width":200,"height":160},"EF/graund_wave_A_red/ef_graund_wave_A_red_00010":{"y":20.94,"scaleX":2,"scaleY":2,"width":200,"height":160},"EF/graund_wave_A_red/ef_graund_wave_A_red_00011":{"y":20.94,"scaleX":2,"scaleY":2,"width":200,"height":160},"EF/graund_wave_A_red/ef_graund_wave_A_red_00012":{"y":20.94,"scaleX":2,"scaleY":2,"width":200,"height":160},"EF/graund_wave_A_red/ef_graund_wave_A_red_00013":{"y":20.94,"scaleX":2,"scaleY":2,"width":200,"height":160},"EF/graund_wave_A_red/ef_graund_wave_A_red_00014":{"y":20.94,"scaleX":2,"scaleY":2,"width":200,"height":160}},"graund_wave_A_red2":{"EF/graund_wave_A_red/ef_graund_wave_A_red_00001":{"y":20.94,"scaleX":2,"scaleY":2,"width":200,"height":160},"EF/graund_wave_A_red/ef_graund_wave_A_red_00002":{"y":20.94,"scaleX":2,"scaleY":2,"width":200,"height":160},"EF/graund_wave_A_red/ef_graund_wave_A_red_00003":{"y":20.94,"scaleX":2,"scaleY":2,"width":200,"height":160},"EF/graund_wave_A_red/ef_graund_wave_A_red_00004":{"y":20.94,"scaleX":2,"scaleY":2,"width":200,"height":160},"EF/graund_wave_A_red/ef_graund_wave_A_red_00005":{"y":20.94,"scaleX":2,"scaleY":2,"width":200,"height":160},"EF/graund_wave_A_red/ef_graund_wave_A_red_00006":{"y":20.94,"scaleX":2,"scaleY":2,"width":200,"height":160},"EF/graund_wave_A_red/ef_graund_wave_A_red_00007":{"y":20.94,"scaleX":2,"scaleY":2,"width":200,"height":160},"EF/graund_wave_A_red/ef_graund_wave_A_red_00008":{"y":20.94,"scaleX":2,"scaleY":2,"width":200,"height":160},"EF/graund_wave_A_red/ef_graund_wave_A_red_00009":{"y":20.94,"scaleX":2,"scaleY":2,"width":200,"height":160},"EF/graund_wave_A_red/ef_graund_wave_A_red_00010":{"y":20.94,"scaleX":2,"scaleY":2,"width":200,"height":160},"EF/graund_wave_A_red/ef_graund_wave_A_red_00011":{"y":20.94,"scaleX":2,"scaleY":2,"width":200,"height":160},"EF/graund_wave_A_red/ef_graund_wave_A_red_00012":{"y":20.94,"scaleX":2,"scaleY":2,"width":200,"height":160},"EF/graund_wave_A_red/ef_graund_wave_A_red_00013":{"y":20.94,"scaleX":2,"scaleY":2,"width":200,"height":160},"EF/graund_wave_A_red/ef_graund_wave_A_red_00014":{"y":20.94,"scaleX":2,"scaleY":2,"width":200,"height":160}},"graund_wave_A_red3":{"EF/graund_wave_A_red/ef_graund_wave_A_red_00001":{"y":20.94,"scaleX":2,"scaleY":2,"width":200,"height":160},"EF/graund_wave_A_red/ef_graund_wave_A_red_00002":{"y":20.94,"scaleX":2,"scaleY":2,"width":200,"height":160},"EF/graund_wave_A_red/ef_graund_wave_A_red_00003":{"y":20.94,"scaleX":2,"scaleY":2,"width":200,"height":160},"EF/graund_wave_A_red/ef_graund_wave_A_red_00004":{"y":20.94,"scaleX":2,"scaleY":2,"width":200,"height":160},"EF/graund_wave_A_red/ef_graund_wave_A_red_00005":{"y":20.94,"scaleX":2,"scaleY":2,"width":200,"height":160},"EF/graund_wave_A_red/ef_graund_wave_A_red_00006":{"y":20.94,"scaleX":2,"scaleY":2,"width":200,"height":160},"EF/graund_wave_A_red/ef_graund_wave_A_red_00007":{"y":20.94,"scaleX":2,"scaleY":2,"width":200,"height":160},"EF/graund_wave_A_red/ef_graund_wave_A_red_00008":{"y":20.94,"scaleX":2,"scaleY":2,"width":200,"height":160},"EF/graund_wave_A_red/ef_graund_wave_A_red_00009":{"y":20.94,"scaleX":2,"scaleY":2,"width":200,"height":160},"EF/graund_wave_A_red/ef_graund_wave_A_red_00010":{"y":20.94,"scaleX":2,"scaleY":2,"width":200,"height":160},"EF/graund_wave_A_red/ef_graund_wave_A_red_00011":{"y":20.94,"scaleX":2,"scaleY":2,"width":200,"height":160},"EF/graund_wave_A_red/ef_graund_wave_A_red_00012":{"y":20.94,"scaleX":2,"scaleY":2,"width":200,"height":160},"EF/graund_wave_A_red/ef_graund_wave_A_red_00013":{"y":20.94,"scaleX":2,"scaleY":2,"width":200,"height":160},"EF/graund_wave_A_red/ef_graund_wave_A_red_00014":{"y":20.94,"scaleX":2,"scaleY":2,"width":200,"height":160}},"graund_wave_A_red4":{"EF/graund_wave_A_red/ef_graund_wave_A_red_00001":{"y":20.94,"scaleX":2,"scaleY":2,"width":200,"height":160},"EF/graund_wave_A_red/ef_graund_wave_A_red_00002":{"y":20.94,"scaleX":2,"scaleY":2,"width":200,"height":160},"EF/graund_wave_A_red/ef_graund_wave_A_red_00003":{"y":20.94,"scaleX":2,"scaleY":2,"width":200,"height":160},"EF/graund_wave_A_red/ef_graund_wave_A_red_00004":{"y":20.94,"scaleX":2,"scaleY":2,"width":200,"height":160},"EF/graund_wave_A_red/ef_graund_wave_A_red_00005":{"y":20.94,"scaleX":2,"scaleY":2,"width":200,"height":160},"EF/graund_wave_A_red/ef_graund_wave_A_red_00006":{"y":20.94,"scaleX":2,"scaleY":2,"width":200,"height":160},"EF/graund_wave_A_red/ef_graund_wave_A_red_00007":{"y":20.94,"scaleX":2,"scaleY":2,"width":200,"height":160},"EF/graund_wave_A_red/ef_graund_wave_A_red_00008":{"y":20.94,"scaleX":2,"scaleY":2,"width":200,"height":160},"EF/graund_wave_A_red/ef_graund_wave_A_red_00009":{"y":20.94,"scaleX":2,"scaleY":2,"width":200,"height":160},"EF/graund_wave_A_red/ef_graund_wave_A_red_00010":{"y":20.94,"scaleX":2,"scaleY":2,"width":200,"height":160},"EF/graund_wave_A_red/ef_graund_wave_A_red_00011":{"y":20.94,"scaleX":2,"scaleY":2,"width":200,"height":160},"EF/graund_wave_A_red/ef_graund_wave_A_red_00012":{"y":20.94,"scaleX":2,"scaleY":2,"width":200,"height":160},"EF/graund_wave_A_red/ef_graund_wave_A_red_00013":{"y":20.94,"scaleX":2,"scaleY":2,"width":200,"height":160},"EF/graund_wave_A_red/ef_graund_wave_A_red_00014":{"y":20.94,"scaleX":2,"scaleY":2,"width":200,"height":160}}}},"events":{"Event":{},"Event2":{},"Hit":{},"Sound1":{},"Sound2":{},"Sound3":{},"Voice":{}},"animations":{"attack1":{"slots":{"DAMAGEAREA":{"attachment":[{"time":0.2333,"name":"DAMAGEAREA"},{"time":0.3,"name":null},{"time":0.7333,"name":"DAMAGEAREA"},{"time":0.8,"name":null}]},"DotEF":{"attachment":[{"time":0.2333,"name":"DotEF_00"},{"time":0.2666,"name":"DotEF_01"},{"time":0.3,"name":"DotEF_02"},{"time":0.3333,"name":null},{"time":0.7333,"name":"DotEF_03"},{"time":0.7666,"name":"DotEF_04"},{"time":0.8,"name":"DotEF_05"},{"time":0.8333,"name":null}]},"MAIN":{"attachment":[{"time":0,"name":"idle_00"},{"time":0.0333,"name":"skill1_09"},{"time":0.2,"name":"attack1_00"},{"time":0.2333,"name":"attack1_01"},{"time":0.2666,"name":"attack1_02"},{"time":0.5,"name":"attack1_03"},{"time":0.5666,"name":"attack1_04"},{"time":0.7333,"name":"attack1_05"},{"time":0.7666,"name":"attack1_06"},{"time":1,"name":"idle_00"}]}},"bones":{"MAIN":{"translate":[{"time":0,"x":0,"y":0},{"time":0.1,"x":3.95,"y":0,"curve":"stepped"},{"time":0.2,"x":-3.95,"y":0,"curve":"stepped"},{"time":0.2666,"x":-3.95,"y":0},{"time":0.3,"x":-3.95,"y":-6.58},{"time":0.3333,"x":-3.95,"y":0},{"time":0.3666,"x":-3.95,"y":-6.58},{"time":0.4,"x":-3.95,"y":0,"curve":"stepped"},{"time":0.5,"x":-3.95,"y":0,"curve":[0.177,0.3,0.75,1]},{"time":0.6333,"x":0,"y":0,"curve":"stepped"},{"time":0.7333,"x":-11.86,"y":0},{"time":0.7666,"x":-11.86,"y":-5.27},{"time":0.8,"x":-11.86,"y":0},{"time":0.8333,"x":-11.86,"y":-5.27},{"time":0.8666,"x":-11.86,"y":0,"curve":"stepped"},{"time":1,"x":0,"y":0}]},"root":{"rotate":[{"time":0.2333,"angle":-0.55}]},"DAMAGEAREA":{"translate":[{"time":0.2333,"x":-25.17,"y":93.69,"curve":"stepped"},{"time":0.7333,"x":-53.85,"y":98.08}],"scale":[{"time":0.2333,"x":2.323,"y":1.35,"curve":"stepped"},{"time":0.7333,"x":2.181,"y":1.545}]}},"events":[{"time":0,"name":"Event","string":"setHitEffect(hit04a, 1)"},{"time":0.0333,"name":"Event","float":1,"string":"kImpactType_normal"},{"time":0.0666,"name":"Event","float":0.1,"string":"kHitStopType_normal"},{"time":0.1333,"name":"Voice","string":"cri_273_voice_attack_random"},{"time":0.1666,"name":"Sound1","string":"cri_se_battle_sword_swish_heavy"},{"time":0.1666,"name":"Sound3","string":"setHitSound(se_battle_025_blow_hit)"},{"time":0.7,"name":"Sound1","string":"cri_se_battle_sword_swish_heavy"},{"time":0.7333,"name":"Hit","string":"resetHitList"},{"time":0.7666,"name":"Voice","string":"cri_273_voice_attack_c"}]},"back":{"slots":{"MAIN":{"attachment":[{"time":0,"name":"skill2_01"},{"time":0.0666,"name":"skill1_00"},{"time":0.2,"name":"skill1_01"},{"time":0.3,"name":"skill1_02"},{"time":0.3666,"name":"skill1_07"},{"time":0.4666,"name":"idle_02"},{"time":0.5666,"name":"idle_03"},{"time":0.6666,"name":"idle_00"}]}},"bones":{"MAIN":{"translate":[{"time":0,"x":0,"y":0,"curve":[0.208,0.81,0.75,1]},{"time":0.4,"x":130,"y":0},{"time":0.6666,"x":140,"y":0}]}},"events":[{"time":0,"name":"Sound1","string":"cri_se_battle_jump"},{"time":0.3666,"name":"Sound1","string":"cri_se_battle_landing"}]},"cast":{"slots":{"MAIN":{"attachment":[{"time":0,"name":"idle_00"},{"time":0.0666,"name":"attack1_03"},{"time":0.1333,"name":"attack1_04"},{"time":0.4666,"name":"attack1_05"},{"time":0.5,"name":"attack1_06"},{"time":0.8333,"name":"idle_00"}]}},"bones":{"MAIN":{"translate":[{"time":0,"x":0,"y":0,"curve":"stepped"},{"time":0.0666,"x":0,"y":0,"curve":[0.177,0.3,0.75,1]},{"time":0.2,"x":3.34,"y":0,"curve":"stepped"},{"time":0.4666,"x":-11.86,"y":0},{"time":0.5,"x":-11.86,"y":-5.27},{"time":0.5333,"x":-11.86,"y":0},{"time":0.5666,"x":-11.86,"y":-5.27},{"time":0.6,"x":-11.86,"y":0,"curve":"stepped"},{"time":0.8333,"x":0,"y":0}]}},"events":[{"time":0.4333,"name":"Voice","string":"cri_273_voice_item"}]},"damage":{"slots":{"MAIN":{"attachment":[{"time":0,"name":"damage_00"}]}}},"front":{"slots":{"MAIN":{"attachment":[{"time":0,"name":"front_00"}]}}},"idle":{"slots":{"MAIN":{"attachment":[{"time":0,"name":"idle_00"},{"time":0.1666,"name":"idle_01"},{"time":0.3333,"name":"idle_02"},{"time":0.5,"name":"idle_03"},{"time":0.6666,"name":"idle_00"}]}}},"in":{"slots":{"MAIN":{"attachment":[{"time":0,"name":"skill1_00"},{"time":0.1,"name":"skill1_01"},{"time":0.2,"name":"skill1_02"},{"time":0.3,"name":"skill1_07"},{"time":0.4,"name":"skill1_08"},{"time":0.4666,"name":"skill1_09"},{"time":0.6,"name":"skill2_08"},{"time":0.6666,"name":"idle_00"}]}},"events":[{"time":0,"name":"Event","string":"takeSummon"}]},"skill1":{"slots":{"DAMAGEAREA":{"attachment":[{"time":0.5,"name":"DAMAGEAREA"},{"time":0.9,"name":null}]},"MAIN":{"attachment":[{"time":0,"name":"skill1_00"},{"time":0.1,"name":"skill1_01"},{"time":0.1666,"name":"skill1_02"},{"time":0.3,"name":"skill1_03"},{"time":0.5,"name":"skill1_04"},{"time":0.5666,"name":"skill1_05"},{"time":1.1666,"name":"skill1_06"},{"time":1.4333,"name":"skill1_07"},{"time":1.5333,"name":"skill1_08"},{"time":1.6,"name":"skill1_09"},{"time":1.7,"name":"idle_01"},{"time":1.7666,"name":"idle_02"},{"time":1.8333,"name":"idle_03"},{"time":1.9333,"name":"idle_00"}]},"ef_dash_red":{"attachment":[{"time":0.5,"name":"EF/ef_dash_red/ef_dash_red_00001"},{"time":0.5333,"name":"EF/ef_dash_red/ef_dash_red_00002"},{"time":0.5666,"name":"EF/ef_dash_red/ef_dash_red_00003"},{"time":0.6,"name":"EF/ef_dash_red/ef_dash_red_00004"},{"time":0.6333,"name":"EF/ef_dash_red/ef_dash_red_00005"},{"time":0.6666,"name":"EF/ef_dash_red/ef_dash_red_00006"},{"time":0.7,"name":"EF/ef_dash_red/ef_dash_red_00007"},{"time":0.7333,"name":"EF/ef_dash_red/ef_dash_red_00008"},{"time":0.7666,"name":"EF/ef_dash_red/ef_dash_red_00009"},{"time":0.8,"name":"EF/ef_dash_red/ef_dash_red_00010"},{"time":0.8333,"name":"EF/ef_dash_red/ef_dash_red_00011"},{"time":0.8666,"name":"EF/ef_dash_red/ef_dash_red_00012"},{"time":0.9333,"name":null}],"color":[{"time":0.8666,"color":"ffffffff"},{"time":0.9333,"color":"ffffff00"}]},"graund_wave_A_red":{"attachment":[{"time":0,"name":"EF/graund_wave_A_red/ef_graund_wave_A_red_00001"},{"time":0.0333,"name":"EF/graund_wave_A_red/ef_graund_wave_A_red_00002"},{"time":0.0666,"name":"EF/graund_wave_A_red/ef_graund_wave_A_red_00003"},{"time":0.1,"name":"EF/graund_wave_A_red/ef_graund_wave_A_red_00004"},{"time":0.1333,"name":"EF/graund_wave_A_red/ef_graund_wave_A_red_00005"},{"time":0.1666,"name":"EF/graund_wave_A_red/ef_graund_wave_A_red_00006"},{"time":0.2,"name":"EF/graund_wave_A_red/ef_graund_wave_A_red_00007"},{"time":0.2333,"name":"EF/graund_wave_A_red/ef_graund_wave_A_red_00008"},{"time":0.2666,"name":"EF/graund_wave_A_red/ef_graund_wave_A_red_00009"},{"time":0.3,"name":"EF/graund_wave_A_red/ef_graund_wave_A_red_00010"},{"time":0.3333,"name":"EF/graund_wave_A_red/ef_graund_wave_A_red_00011"},{"time":0.3666,"name":"EF/graund_wave_A_red/ef_graund_wave_A_red_00012"},{"time":0.4,"name":"EF/graund_wave_A_red/ef_graund_wave_A_red_00013"},{"time":0.4333,"name":"EF/graund_wave_A_red/ef_graund_wave_A_red_00014"},{"time":0.5,"name":null},{"time":0.6,"name":"EF/graund_wave_A_red/ef_graund_wave_A_red_00001"},{"time":0.6333,"name":"EF/graund_wave_A_red/ef_graund_wave_A_red_00002"},{"time":0.6666,"name":"EF/graund_wave_A_red/ef_graund_wave_A_red_00003"},{"time":0.7,"name":"EF/graund_wave_A_red/ef_graund_wave_A_red_00004"},{"time":0.7333,"name":"EF/graund_wave_A_red/ef_graund_wave_A_red_00005"},{"time":0.7666,"name":"EF/graund_wave_A_red/ef_graund_wave_A_red_00006"},{"time":0.8,"name":"EF/graund_wave_A_red/ef_graund_wave_A_red_00007"},{"time":0.8333,"name":"EF/graund_wave_A_red/ef_graund_wave_A_red_00008"},{"time":0.8666,"name":"EF/graund_wave_A_red/ef_graund_wave_A_red_00009"},{"time":0.9,"name":"EF/graund_wave_A_red/ef_graund_wave_A_red_00010"},{"time":0.9333,"name":"EF/graund_wave_A_red/ef_graund_wave_A_red_00011"},{"time":0.9666,"name":"EF/graund_wave_A_red/ef_graund_wave_A_red_00012"},{"time":1,"name":"EF/graund_wave_A_red/ef_graund_wave_A_red_00013"},{"time":1.0333,"name":"EF/graund_wave_A_red/ef_graund_wave_A_red_00014"},{"time":1.1,"name":null}],"color":[{"time":0.4333,"color":"ffffffff"},{"time":0.5,"color":"ffffff00","curve":"stepped"},{"time":0.6,"color":"ffffffff","curve":"stepped"},{"time":1.0333,"color":"ffffffff"},{"time":1.1,"color":"ffffff00"}]},"graund_wave_A_red2":{"attachment":[{"time":0.5,"name":"EF/graund_wave_A_red/ef_graund_wave_A_red_00001"},{"time":0.5333,"name":"EF/graund_wave_A_red/ef_graund_wave_A_red_00002"},{"time":0.5666,"name":"EF/graund_wave_A_red/ef_graund_wave_A_red_00003"},{"time":0.6,"name":"EF/graund_wave_A_red/ef_graund_wave_A_red_00004"},{"time":0.6333,"name":"EF/graund_wave_A_red/ef_graund_wave_A_red_00005"},{"time":0.6666,"name":"EF/graund_wave_A_red/ef_graund_wave_A_red_00006"},{"time":0.7,"name":"EF/graund_wave_A_red/ef_graund_wave_A_red_00007"},{"time":0.7333,"name":"EF/graund_wave_A_red/ef_graund_wave_A_red_00008"},{"time":0.7666,"name":"EF/graund_wave_A_red/ef_graund_wave_A_red_00009"},{"time":0.8,"name":"EF/graund_wave_A_red/ef_graund_wave_A_red_00010"},{"time":0.8333,"name":"EF/graund_wave_A_red/ef_graund_wave_A_red_00011"},{"time":0.8666,"name":"EF/graund_wave_A_red/ef_graund_wave_A_red_00012"},{"time":0.9,"name":"EF/graund_wave_A_red/ef_graund_wave_A_red_00013"},{"time":0.9333,"name":"EF/graund_wave_A_red/ef_graund_wave_A_red_00014"},{"time":1,"name":null}],"color":[{"time":0.5,"color":"ffffffff","curve":"stepped"},{"time":0.9333,"color":"ffffffff"},{"time":1,"color":"ffffff00"}]},"graund_wave_A_red3":{"attachment":[{"time":0.7,"name":"EF/graund_wave_A_red/ef_graund_wave_A_red_00001"},{"time":0.7333,"name":"EF/graund_wave_A_red/ef_graund_wave_A_red_00002"},{"time":0.7666,"name":"EF/graund_wave_A_red/ef_graund_wave_A_red_00003"},{"time":0.8,"name":"EF/graund_wave_A_red/ef_graund_wave_A_red_00004"},{"time":0.8333,"name":"EF/graund_wave_A_red/ef_graund_wave_A_red_00005"},{"time":0.8666,"name":"EF/graund_wave_A_red/ef_graund_wave_A_red_00006"},{"time":0.9,"name":"EF/graund_wave_A_red/ef_graund_wave_A_red_00007"},{"time":0.9333,"name":"EF/graund_wave_A_red/ef_graund_wave_A_red_00008"},{"time":0.9666,"name":"EF/graund_wave_A_red/ef_graund_wave_A_red_00009"},{"time":1,"name":"EF/graund_wave_A_red/ef_graund_wave_A_red_00010"},{"time":1.0333,"name":"EF/graund_wave_A_red/ef_graund_wave_A_red_00011"},{"time":1.0666,"name":"EF/graund_wave_A_red/ef_graund_wave_A_red_00012"},{"time":1.1,"name":"EF/graund_wave_A_red/ef_graund_wave_A_red_00013"},{"time":1.1333,"name":"EF/graund_wave_A_red/ef_graund_wave_A_red_00014"},{"time":1.2,"name":null}],"color":[{"time":1.1333,"color":"ffffffff"},{"time":1.2,"color":"ffffff00"}]}},"bones":{"MAIN":{"translate":[{"time":0,"x":0,"y":0,"curve":[0.169,0.66,0.75,1]},{"time":0.3333,"x":100,"y":0,"curve":"stepped"},{"time":0.5,"x":73.63,"y":0},{"time":0.6,"x":128.99,"y":0},{"time":1,"x":140.85,"y":0,"curve":"stepped"},{"time":1.1666,"x":153.25,"y":0,"curve":"stepped"},{"time":1.3333,"x":153.25,"y":-6.16,"curve":[0.333,0.37,0.664,0.7]},{"time":1.3666,"x":157.99,"y":0,"curve":[0.326,0.37,0.657,0.7]},{"time":1.4,"x":161.23,"y":-6.16,"curve":[0.32,0.38,0.651,0.71]},{"time":1.4333,"x":163.22,"y":0,"curve":[0.236,0.77,0.533,0.91]},{"time":1.6,"x":165.64,"y":0}]},"graund_wave_A_red":{"translate":[{"time":0,"x":-600.8,"y":0,"curve":"stepped"},{"time":0.6,"x":-471,"y":0}],"scale":[{"time":0,"x":1,"y":1},{"time":0.5,"x":1.2,"y":1.2,"curve":"stepped"},{"time":0.6,"x":1.5,"y":1.5},{"time":1.1,"x":1.8,"y":1.8}]},"graund_wave_A_red2":{"translate":[{"time":0.5,"x":-518.62,"y":-7.08}],"scale":[{"time":0.5,"x":1.5,"y":1.5},{"time":1,"x":1.8,"y":1.8}]},"ef_dash_red":{"translate":[{"time":0.5,"x":-170.75,"y":0}],"scale":[{"time":0.5,"x":1,"y":1},{"time":0.9333,"x":1.5,"y":1.5}]},"graund_wave_A_red3":{"translate":[{"time":0.7,"x":-471,"y":0}],"scale":[{"time":0.7,"x":1.5,"y":1.5},{"time":1.2,"x":1.8,"y":1.8}]},"DAMAGEAREA":{"translate":[{"time":0.5,"x":49.69,"y":63.67},{"time":0.7333,"x":-104.05,"y":63.67}],"scale":[{"time":0.5,"x":2.615,"y":1},{"time":0.7333,"x":5.945,"y":1}]}},"events":[{"time":0,"name":"Event","string":"setHitEffect(hit05a, 1)"},{"time":0,"name":"Sound1","string":"cri_se_battle_033_explosion_element_01"},{"time":0,"name":"Sound3","string":"setHitSound(se_battle_explosion_short)"},{"time":0,"name":"Voice","string":"cri_273_voice_skill_all"},{"time":0.0333,"name":"Event","float":100,"string":"kImpactType_knock"},{"time":0.0666,"name":"Event","float":0.1,"string":"kHitStopType_normal"},{"time":0.5,"name":"Event2","string":"shakeGround"},{"time":0.5,"name":"Sound1","string":"cri_se_battle_030_explosion_02"},{"time":0.5,"name":"Sound2","string":"cri_se_battle_skill_swish"},{"time":0.5333,"name":"Event","float":0.05,"string":"kHitStopType_enemyonly"},{"time":0.5333,"name":"Hit","string":"resetHitList"},{"time":0.6,"name":"Hit","string":"resetHitList"},{"time":0.6666,"name":"Hit","string":"resetHitList"},{"time":0.7333,"name":"Hit","string":"resetHitList"},{"time":0.8,"name":"Hit","string":"resetHitList"},{"time":1.1666,"name":"Sound1","string":"cri_se_battle_metal_rubbing"},{"time":1.5,"name":"Sound1","string":"cri_se_battle_sword_swish_heavy"}]},"skill2":{"slots":{"DAMAGEAREA":{"attachment":[{"time":0.4333,"name":"DAMAGEAREA"},{"time":2.7333,"name":null}]},"MAIN":{"attachment":[{"time":0,"name":"skill1_07"},{"time":0.1,"name":"skill2_00"},{"time":0.2666,"name":"skill2_01"},{"time":0.4333,"name":"skill2_02"},{"time":0.5666,"name":"skill2_03"},{"time":0.7,"name":"skill2_04"},{"time":0.8,"name":"skill2_02"},{"time":0.9,"name":"skill2_03"},{"time":1,"name":"skill2_04"},{"time":1.0666,"name":"skill2_02"},{"time":1.1333,"name":"skill2_03"},{"time":1.2,"name":"skill2_04"},{"time":1.2666,"name":"skill2_03"},{"time":1.3333,"name":"skill2_04"},{"time":1.4,"name":"skill2_03"},{"time":1.4666,"name":"skill2_04"},{"time":1.5333,"name":"skill2_03"},{"time":1.6,"name":"skill2_04"},{"time":1.6666,"name":"skill2_03"},{"time":1.7333,"name":"skill2_04"},{"time":1.8333,"name":"skill2_02"},{"time":1.9333,"name":"skill2_03"},{"time":2.0333,"name":"skill2_04"},{"time":2.1666,"name":"skill2_02"},{"time":2.2666,"name":"skill2_03"},{"time":2.3666,"name":"skill2_04"},{"time":2.4666,"name":"skill2_05"},{"time":2.5333,"name":"skill2_06"},{"time":2.6333,"name":"skill2_07"},{"time":2.8666,"name":"skill1_08"},{"time":3,"name":"skill1_09"},{"time":3.1666,"name":"idle_00"}]},"ef_dash_red":{"attachment":[{"time":0.4333,"name":"EF/ef_dash_red/ef_dash_red_00001"},{"time":0.4666,"name":"EF/ef_dash_red/ef_dash_red_00002"},{"time":0.5,"name":"EF/ef_dash_red/ef_dash_red_00003"},{"time":0.5333,"name":"EF/ef_dash_red/ef_dash_red_00004"},{"time":0.5666,"name":"EF/ef_dash_red/ef_dash_red_00005"},{"time":0.6,"name":"EF/ef_dash_red/ef_dash_red_00006"},{"time":0.6333,"name":"EF/ef_dash_red/ef_dash_red_00007"},{"time":0.6666,"name":"EF/ef_dash_red/ef_dash_red_00008"},{"time":0.7,"name":"EF/ef_dash_red/ef_dash_red_00009"},{"time":0.7333,"name":"EF/ef_dash_red/ef_dash_red_00010"},{"time":0.7666,"name":"EF/ef_dash_red/ef_dash_red_00011"},{"time":0.8,"name":"EF/ef_dash_red/ef_dash_red_00012"},{"time":0.8333,"name":null}]},"ef_dash_red2":{"attachment":[{"time":0.4333,"name":"EF/ef_dash_red/ef_dash_red_00001"},{"time":0.4666,"name":"EF/ef_dash_red/ef_dash_red_00002"},{"time":0.5,"name":"EF/ef_dash_red/ef_dash_red_00003"},{"time":0.5333,"name":"EF/ef_dash_red/ef_dash_red_00004"},{"time":0.5666,"name":"EF/ef_dash_red/ef_dash_red_00005"},{"time":0.6,"name":"EF/ef_dash_red/ef_dash_red_00006"},{"time":0.6333,"name":"EF/ef_dash_red/ef_dash_red_00007"},{"time":0.6666,"name":"EF/ef_dash_red/ef_dash_red_00008"},{"time":0.7,"name":"EF/ef_dash_red/ef_dash_red_00009"},{"time":0.7333,"name":"EF/ef_dash_red/ef_dash_red_00010"},{"time":0.7666,"name":"EF/ef_dash_red/ef_dash_red_00011"},{"time":0.8,"name":"EF/ef_dash_red/ef_dash_red_00012"},{"time":0.8333,"name":null}]},"ef_rot_wave_main":{"attachment":[{"time":0.4333,"name":"EF/ef_rot_wave_main/ef_rot_wave_main_00001"},{"time":0.4666,"name":"EF/ef_rot_wave_main/ef_rot_wave_main_00002"},{"time":0.5,"name":"EF/ef_rot_wave_main/ef_rot_wave_main_00003"},{"time":0.5333,"name":"EF/ef_rot_wave_main/ef_rot_wave_main_00004"},{"time":0.5666,"name":"EF/ef_rot_wave_main/ef_rot_wave_main_00005"},{"time":0.6,"name":"EF/ef_rot_wave_main/ef_rot_wave_main_00006"},{"time":0.6333,"name":"EF/ef_rot_wave_main/ef_rot_wave_main_00007"},{"time":0.6666,"name":"EF/ef_rot_wave_main/ef_rot_wave_main_00008"},{"time":0.7,"name":"EF/ef_rot_wave_main/ef_rot_wave_main_00009"},{"time":0.7333,"name":"EF/ef_rot_wave_main/ef_rot_wave_main_00010"},{"time":0.7666,"name":"EF/ef_rot_wave_main/ef_rot_wave_main_00011"},{"time":0.8,"name":"EF/ef_rot_wave_main/ef_rot_wave_main_00012"},{"time":0.8333,"name":"EF/ef_rot_wave_main/ef_rot_wave_main_00013"},{"time":0.8666,"name":"EF/ef_rot_wave_main/ef_rot_wave_main_00014"},{"time":0.9,"name":"EF/ef_rot_wave_main/ef_rot_wave_main_00015"},{"time":0.9333,"name":"EF/ef_rot_wave_main/ef_rot_wave_main_00001"},{"time":0.9666,"name":"EF/ef_rot_wave_main/ef_rot_wave_main_00002"},{"time":1,"name":"EF/ef_rot_wave_main/ef_rot_wave_main_00003"},{"time":1.0333,"name":"EF/ef_rot_wave_main/ef_rot_wave_main_00004"},{"time":1.0666,"name":"EF/ef_rot_wave_main/ef_rot_wave_main_00005"},{"time":1.1,"name":"EF/ef_rot_wave_main/ef_rot_wave_main_00006"},{"time":1.1333,"name":"EF/ef_rot_wave_main/ef_rot_wave_main_00007"},{"time":1.1666,"name":"EF/ef_rot_wave_main/ef_rot_wave_main_00008"},{"time":1.2,"name":"EF/ef_rot_wave_main/ef_rot_wave_main_00009"},{"time":1.2333,"name":"EF/ef_rot_wave_main/ef_rot_wave_main_00010"},{"time":1.2666,"name":"EF/ef_rot_wave_main/ef_rot_wave_main_00011"},{"time":1.3,"name":"EF/ef_rot_wave_main/ef_rot_wave_main_00012"},{"time":1.3333,"name":"EF/ef_rot_wave_main/ef_rot_wave_main_00013"},{"time":1.3666,"name":"EF/ef_rot_wave_main/ef_rot_wave_main_00014"},{"time":1.4,"name":"EF/ef_rot_wave_main/ef_rot_wave_main_00015"},{"time":1.4333,"name":"EF/ef_rot_wave_main/ef_rot_wave_main_00001"},{"time":1.4666,"name":"EF/ef_rot_wave_main/ef_rot_wave_main_00002"},{"time":1.5,"name":"EF/ef_rot_wave_main/ef_rot_wave_main_00003"},{"time":1.5333,"name":"EF/ef_rot_wave_main/ef_rot_wave_main_00004"},{"time":1.5666,"name":"EF/ef_rot_wave_main/ef_rot_wave_main_00005"},{"time":1.6,"name":"EF/ef_rot_wave_main/ef_rot_wave_main_00006"},{"time":1.6333,"name":"EF/ef_rot_wave_main/ef_rot_wave_main_00007"},{"time":1.6666,"name":"EF/ef_rot_wave_main/ef_rot_wave_main_00008"},{"time":1.7,"name":"EF/ef_rot_wave_main/ef_rot_wave_main_00009"},{"time":1.7333,"name":"EF/ef_rot_wave_main/ef_rot_wave_main_00010"},{"time":1.7666,"name":"EF/ef_rot_wave_main/ef_rot_wave_main_00011"},{"time":1.8,"name":"EF/ef_rot_wave_main/ef_rot_wave_main_00012"},{"time":1.8333,"name":"EF/ef_rot_wave_main/ef_rot_wave_main_00013"},{"time":1.8666,"name":"EF/ef_rot_wave_main/ef_rot_wave_main_00014"},{"time":1.9,"name":"EF/ef_rot_wave_main/ef_rot_wave_main_00015"},{"time":1.9333,"name":"EF/ef_rot_wave_main/ef_rot_wave_main_00001"},{"time":1.9666,"name":"EF/ef_rot_wave_main/ef_rot_wave_main_00002"},{"time":2,"name":"EF/ef_rot_wave_main/ef_rot_wave_main_00003"},{"time":2.0333,"name":"EF/ef_rot_wave_main/ef_rot_wave_main_00004"},{"time":2.0666,"name":"EF/ef_rot_wave_main/ef_rot_wave_main_00005"},{"time":2.1,"name":"EF/ef_rot_wave_main/ef_rot_wave_main_00006"},{"time":2.1333,"name":"EF/ef_rot_wave_main/ef_rot_wave_main_00007"},{"time":2.1666,"name":"EF/ef_rot_wave_main/ef_rot_wave_main_00008"},{"time":2.2,"name":"EF/ef_rot_wave_main/ef_rot_wave_main_00009"},{"time":2.2333,"name":"EF/ef_rot_wave_main/ef_rot_wave_main_00010"},{"time":2.2666,"name":"EF/ef_rot_wave_main/ef_rot_wave_main_00011"},{"time":2.3,"name":"EF/ef_rot_wave_main/ef_rot_wave_main_00012"},{"time":2.3333,"name":"EF/ef_rot_wave_main/ef_rot_wave_main_00013"},{"time":2.3666,"name":"EF/ef_rot_wave_main/ef_rot_wave_main_00014"},{"time":2.4,"name":"EF/ef_rot_wave_main/ef_rot_wave_main_00015"},{"time":2.4333,"name":null}]},"ef_rot_wave_main2":{"attachment":[{"time":0.7,"name":"EF/ef_rot_wave_main/ef_rot_wave_main_00001"},{"time":0.7333,"name":"EF/ef_rot_wave_main/ef_rot_wave_main_00002"},{"time":0.7666,"name":"EF/ef_rot_wave_main/ef_rot_wave_main_00003"},{"time":0.8,"name":"EF/ef_rot_wave_main/ef_rot_wave_main_00004"},{"time":0.8333,"name":"EF/ef_rot_wave_main/ef_rot_wave_main_00005"},{"time":0.8666,"name":"EF/ef_rot_wave_main/ef_rot_wave_main_00006"},{"time":0.9,"name":"EF/ef_rot_wave_main/ef_rot_wave_main_00007"},{"time":0.9333,"name":"EF/ef_rot_wave_main/ef_rot_wave_main_00008"},{"time":0.9666,"name":"EF/ef_rot_wave_main/ef_rot_wave_main_00009"},{"time":1,"name":"EF/ef_rot_wave_main/ef_rot_wave_main_00010"},{"time":1.0333,"name":"EF/ef_rot_wave_main/ef_rot_wave_main_00011"},{"time":1.0666,"name":"EF/ef_rot_wave_main/ef_rot_wave_main_00012"},{"time":1.1,"name":"EF/ef_rot_wave_main/ef_rot_wave_main_00013"},{"time":1.1333,"name":"EF/ef_rot_wave_main/ef_rot_wave_main_00014"},{"time":1.1666,"name":"EF/ef_rot_wave_main/ef_rot_wave_main_00015"},{"time":1.2,"name":"EF/ef_rot_wave_main/ef_rot_wave_main_00001"},{"time":1.2333,"name":"EF/ef_rot_wave_main/ef_rot_wave_main_00002"},{"time":1.2666,"name":"EF/ef_rot_wave_main/ef_rot_wave_main_00003"},{"time":1.3,"name":"EF/ef_rot_wave_main/ef_rot_wave_main_00004"},{"time":1.3333,"name":"EF/ef_rot_wave_main/ef_rot_wave_main_00005"},{"time":1.3666,"name":"EF/ef_rot_wave_main/ef_rot_wave_main_00006"},{"time":1.4,"name":"EF/ef_rot_wave_main/ef_rot_wave_main_00007"},{"time":1.4333,"name":"EF/ef_rot_wave_main/ef_rot_wave_main_00008"},{"time":1.4666,"name":"EF/ef_rot_wave_main/ef_rot_wave_main_00009"},{"time":1.5,"name":"EF/ef_rot_wave_main/ef_rot_wave_main_00010"},{"time":1.5333,"name":"EF/ef_rot_wave_main/ef_rot_wave_main_00011"},{"time":1.5666,"name":"EF/ef_rot_wave_main/ef_rot_wave_main_00012"},{"time":1.6,"name":"EF/ef_rot_wave_main/ef_rot_wave_main_00013"},{"time":1.6333,"name":"EF/ef_rot_wave_main/ef_rot_wave_main_00014"},{"time":1.6666,"name":"EF/ef_rot_wave_main/ef_rot_wave_main_00015"},{"time":1.7,"name":"EF/ef_rot_wave_main/ef_rot_wave_main_00001"},{"time":1.7333,"name":"EF/ef_rot_wave_main/ef_rot_wave_main_00002"},{"time":1.7666,"name":"EF/ef_rot_wave_main/ef_rot_wave_main_00003"},{"time":1.8,"name":"EF/ef_rot_wave_main/ef_rot_wave_main_00004"},{"time":1.8333,"name":"EF/ef_rot_wave_main/ef_rot_wave_main_00005"},{"time":1.8666,"name":"EF/ef_rot_wave_main/ef_rot_wave_main_00006"},{"time":1.9,"name":"EF/ef_rot_wave_main/ef_rot_wave_main_00007"},{"time":1.9333,"name":"EF/ef_rot_wave_main/ef_rot_wave_main_00008"},{"time":1.9666,"name":"EF/ef_rot_wave_main/ef_rot_wave_main_00009"},{"time":2,"name":"EF/ef_rot_wave_main/ef_rot_wave_main_00010"},{"time":2.0333,"name":"EF/ef_rot_wave_main/ef_rot_wave_main_00011"},{"time":2.0666,"name":"EF/ef_rot_wave_main/ef_rot_wave_main_00012"},{"time":2.1,"name":"EF/ef_rot_wave_main/ef_rot_wave_main_00013"},{"time":2.1333,"name":"EF/ef_rot_wave_main/ef_rot_wave_main_00014"},{"time":2.1666,"name":"EF/ef_rot_wave_main/ef_rot_wave_main_00015"},{"time":2.2,"name":"EF/ef_rot_wave_main/ef_rot_wave_main_00001"},{"time":2.2333,"name":"EF/ef_rot_wave_main/ef_rot_wave_main_00002"},{"time":2.2666,"name":"EF/ef_rot_wave_main/ef_rot_wave_main_00003"},{"time":2.3,"name":"EF/ef_rot_wave_main/ef_rot_wave_main_00004"},{"time":2.3333,"name":"EF/ef_rot_wave_main/ef_rot_wave_main_00005"},{"time":2.3666,"name":"EF/ef_rot_wave_main/ef_rot_wave_main_00006"},{"time":2.4,"name":"EF/ef_rot_wave_main/ef_rot_wave_main_00007"},{"time":2.4333,"name":"EF/ef_rot_wave_main/ef_rot_wave_main_00008"},{"time":2.4666,"name":"EF/ef_rot_wave_main/ef_rot_wave_main_00009"},{"time":2.5,"name":"EF/ef_rot_wave_main/ef_rot_wave_main_00010"},{"time":2.5333,"name":"EF/ef_rot_wave_main/ef_rot_wave_main_00011"},{"time":2.5666,"name":"EF/ef_rot_wave_main/ef_rot_wave_main_00012"},{"time":2.6,"name":"EF/ef_rot_wave_main/ef_rot_wave_main_00013"},{"time":2.6333,"name":"EF/ef_rot_wave_main/ef_rot_wave_main_00014"},{"time":2.6666,"name":"EF/ef_rot_wave_main/ef_rot_wave_main_00015"},{"time":2.7,"name":null}]},"ef_slash_rot_main":{"attachment":[{"time":0.4333,"name":"EF/ef_slash_rot_main/ef_slash_rot_main_00001"},{"time":0.4666,"name":"EF/ef_slash_rot_main/ef_slash_rot_main_00002"},{"time":0.5,"name":"EF/ef_slash_rot_main/ef_slash_rot_main_00003"},{"time":0.5333,"name":"EF/ef_slash_rot_main/ef_slash_rot_main_00004"},{"time":0.5666,"name":"EF/ef_slash_rot_main/ef_slash_rot_main_00005"},{"time":0.6,"name":"EF/ef_slash_rot_main/ef_slash_rot_main_00006"},{"time":0.6333,"name":"EF/ef_slash_rot_main/ef_slash_rot_main_00007"},{"time":0.6666,"name":"EF/ef_slash_rot_main/ef_slash_rot_main_00008"},{"time":0.7,"name":null},{"time":0.7333,"name":"EF/ef_slash_rot_main/ef_slash_rot_main_00001"},{"time":0.7666,"name":"EF/ef_slash_rot_main/ef_slash_rot_main_00002"},{"time":0.8,"name":"EF/ef_slash_rot_main/ef_slash_rot_main_00003"},{"time":0.8333,"name":"EF/ef_slash_rot_main/ef_slash_rot_main_00004"},{"time":0.8666,"name":"EF/ef_slash_rot_main/ef_slash_rot_main_00005"},{"time":0.9,"name":"EF/ef_slash_rot_main/ef_slash_rot_main_00006"},{"time":0.9333,"name":"EF/ef_slash_rot_main/ef_slash_rot_main_00007"},{"time":0.9666,"name":"EF/ef_slash_rot_main/ef_slash_rot_main_00008"},{"time":1,"name":"EF/ef_slash_rot_main/ef_slash_rot_main_00001"},{"time":1.0333,"name":"EF/ef_slash_rot_main/ef_slash_rot_main_00002"},{"time":1.0666,"name":"EF/ef_slash_rot_main/ef_slash_rot_main_00003"},{"time":1.1,"name":"EF/ef_slash_rot_main/ef_slash_rot_main_00004"},{"time":1.1333,"name":"EF/ef_slash_rot_main/ef_slash_rot_main_00005"},{"time":1.1666,"name":"EF/ef_slash_rot_main/ef_slash_rot_main_00006"},{"time":1.2,"name":"EF/ef_slash_rot_main/ef_slash_rot_main_00007"},{"time":1.2333,"name":"EF/ef_slash_rot_main/ef_slash_rot_main_00008"},{"time":1.2666,"name":"EF/ef_slash_rot_main/ef_slash_rot_main_00001"},{"time":1.3,"name":"EF/ef_slash_rot_main/ef_slash_rot_main_00003"},{"time":1.3333,"name":"EF/ef_slash_rot_main/ef_slash_rot_main_00005"},{"time":1.3666,"name":"EF/ef_slash_rot_main/ef_slash_rot_main_00007"},{"time":1.4,"name":"EF/ef_slash_rot_main/ef_slash_rot_main_00001"},{"time":1.4333,"name":"EF/ef_slash_rot_main/ef_slash_rot_main_00002"},{"time":1.4666,"name":"EF/ef_slash_rot_main/ef_slash_rot_main_00004"},{"time":1.5,"name":"EF/ef_slash_rot_main/ef_slash_rot_main_00006"},{"time":1.5333,"name":"EF/ef_slash_rot_main/ef_slash_rot_main_00008"},{"time":1.5666,"name":"EF/ef_slash_rot_main/ef_slash_rot_main_00001"},{"time":1.6,"name":"EF/ef_slash_rot_main/ef_slash_rot_main_00003"},{"time":1.6333,"name":"EF/ef_slash_rot_main/ef_slash_rot_main_00005"},{"time":1.6666,"name":"EF/ef_slash_rot_main/ef_slash_rot_main_00007"},{"time":1.7,"name":"EF/ef_slash_rot_main/ef_slash_rot_main_00008"},{"time":1.7333,"name":"EF/ef_slash_rot_main/ef_slash_rot_main_00001"},{"time":1.7666,"name":"EF/ef_slash_rot_main/ef_slash_rot_main_00002"},{"time":1.8,"name":"EF/ef_slash_rot_main/ef_slash_rot_main_00003"},{"time":1.8333,"name":"EF/ef_slash_rot_main/ef_slash_rot_main_00004"},{"time":1.8666,"name":"EF/ef_slash_rot_main/ef_slash_rot_main_00005"},{"time":1.9,"name":"EF/ef_slash_rot_main/ef_slash_rot_main_00006"},{"time":1.9333,"name":"EF/ef_slash_rot_main/ef_slash_rot_main_00007"},{"time":1.9666,"name":"EF/ef_slash_rot_main/ef_slash_rot_main_00008"},{"time":2,"name":"EF/ef_slash_rot_main/ef_slash_rot_main_00001"},{"time":2.0333,"name":"EF/ef_slash_rot_main/ef_slash_rot_main_00002"},{"time":2.0666,"name":"EF/ef_slash_rot_main/ef_slash_rot_main_00003"},{"time":2.1,"name":"EF/ef_slash_rot_main/ef_slash_rot_main_00004"},{"time":2.1333,"name":"EF/ef_slash_rot_main/ef_slash_rot_main_00005"},{"time":2.1666,"name":"EF/ef_slash_rot_main/ef_slash_rot_main_00006"},{"time":2.2,"name":"EF/ef_slash_rot_main/ef_slash_rot_main_00007"},{"time":2.2333,"name":"EF/ef_slash_rot_main/ef_slash_rot_main_00008"},{"time":2.2666,"name":null}]},"ef_slash_rot_main2":{"attachment":[{"time":0.7,"name":"EF/ef_slash_rot_main/ef_slash_rot_main_00001"},{"time":0.7333,"name":"EF/ef_slash_rot_main/ef_slash_rot_main_00002"},{"time":0.7666,"name":"EF/ef_slash_rot_main/ef_slash_rot_main_00003"},{"time":0.8,"name":"EF/ef_slash_rot_main/ef_slash_rot_main_00004"},{"time":0.8333,"name":"EF/ef_slash_rot_main/ef_slash_rot_main_00005"},{"time":0.8666,"name":"EF/ef_slash_rot_main/ef_slash_rot_main_00006"},{"time":0.9,"name":"EF/ef_slash_rot_main/ef_slash_rot_main_00007"},{"time":0.9333,"name":"EF/ef_slash_rot_main/ef_slash_rot_main_00008"},{"time":0.9666,"name":"EF/ef_slash_rot_main/ef_slash_rot_main_00001"},{"time":1,"name":"EF/ef_slash_rot_main/ef_slash_rot_main_00002"},{"time":1.0333,"name":"EF/ef_slash_rot_main/ef_slash_rot_main_00003"},{"time":1.0666,"name":"EF/ef_slash_rot_main/ef_slash_rot_main_00004"},{"time":1.1,"name":"EF/ef_slash_rot_main/ef_slash_rot_main_00005"},{"time":1.1333,"name":"EF/ef_slash_rot_main/ef_slash_rot_main_00006"},{"time":1.1666,"name":"EF/ef_slash_rot_main/ef_slash_rot_main_00007"},{"time":1.2,"name":"EF/ef_slash_rot_main/ef_slash_rot_main_00008"},{"time":1.2333,"name":"EF/ef_slash_rot_main/ef_slash_rot_main_00001"},{"time":1.2666,"name":"EF/ef_slash_rot_main/ef_slash_rot_main_00002"},{"time":1.3,"name":"EF/ef_slash_rot_main/ef_slash_rot_main_00004"},{"time":1.3333,"name":"EF/ef_slash_rot_main/ef_slash_rot_main_00006"},{"time":1.3666,"name":"EF/ef_slash_rot_main/ef_slash_rot_main_00008"},{"time":1.4,"name":"EF/ef_slash_rot_main/ef_slash_rot_main_00002"},{"time":1.4333,"name":"EF/ef_slash_rot_main/ef_slash_rot_main_00004"},{"time":1.4666,"name":"EF/ef_slash_rot_main/ef_slash_rot_main_00006"},{"time":1.5,"name":"EF/ef_slash_rot_main/ef_slash_rot_main_00008"},{"time":1.5333,"name":"EF/ef_slash_rot_main/ef_slash_rot_main_00001"},{"time":1.5666,"name":"EF/ef_slash_rot_main/ef_slash_rot_main_00003"},{"time":1.6,"name":"EF/ef_slash_rot_main/ef_slash_rot_main_00005"},{"time":1.6333,"name":"EF/ef_slash_rot_main/ef_slash_rot_main_00007"},{"time":1.6666,"name":"EF/ef_slash_rot_main/ef_slash_rot_main_00008"},{"time":1.7,"name":"EF/ef_slash_rot_main/ef_slash_rot_main_00001"},{"time":1.7333,"name":"EF/ef_slash_rot_main/ef_slash_rot_main_00002"},{"time":1.7666,"name":"EF/ef_slash_rot_main/ef_slash_rot_main_00003"},{"time":1.8,"name":"EF/ef_slash_rot_main/ef_slash_rot_main_00004"},{"time":1.8333,"name":"EF/ef_slash_rot_main/ef_slash_rot_main_00005"},{"time":1.8666,"name":"EF/ef_slash_rot_main/ef_slash_rot_main_00006"},{"time":1.9,"name":"EF/ef_slash_rot_main/ef_slash_rot_main_00007"},{"time":1.9333,"name":"EF/ef_slash_rot_main/ef_slash_rot_main_00008"},{"time":1.9666,"name":"EF/ef_slash_rot_main/ef_slash_rot_main_00001"},{"time":2,"name":"EF/ef_slash_rot_main/ef_slash_rot_main_00002"},{"time":2.0333,"name":"EF/ef_slash_rot_main/ef_slash_rot_main_00003"},{"time":2.0666,"name":"EF/ef_slash_rot_main/ef_slash_rot_main_00004"},{"time":2.1,"name":"EF/ef_slash_rot_main/ef_slash_rot_main_00005"},{"time":2.1333,"name":"EF/ef_slash_rot_main/ef_slash_rot_main_00006"},{"time":2.1666,"name":"EF/ef_slash_rot_main/ef_slash_rot_main_00007"},{"time":2.2,"name":"EF/ef_slash_rot_main/ef_slash_rot_main_00008"},{"time":2.2333,"name":null}]},"ef_trunade_fire_main":{"attachment":[{"time":0.8333,"name":"EF/ef_trunade_fire_main/ef_trunade_fire_main_00009"},{"time":0.8666,"name":"EF/ef_trunade_fire_main/ef_trunade_fire_main_00010"},{"time":0.9,"name":"EF/ef_trunade_fire_main/ef_trunade_fire_main_00011"},{"time":0.9333,"name":"EF/ef_trunade_fire_main/ef_trunade_fire_main_00012"},{"time":0.9666,"name":"EF/ef_trunade_fire_main/ef_trunade_fire_main_00013"},{"time":1,"name":"EF/ef_trunade_fire_main/ef_trunade_fire_main_00001"},{"time":1.0333,"name":"EF/ef_trunade_fire_main/ef_trunade_fire_main_00002"},{"time":1.0666,"name":"EF/ef_trunade_fire_main/ef_trunade_fire_main_00003"},{"time":1.1,"name":"EF/ef_trunade_fire_main/ef_trunade_fire_main_00004"},{"time":1.1333,"name":"EF/ef_trunade_fire_main/ef_trunade_fire_main_00005"},{"time":1.1666,"name":"EF/ef_trunade_fire_main/ef_trunade_fire_main_00006"},{"time":1.2,"name":"EF/ef_trunade_fire_main/ef_trunade_fire_main_00007"},{"time":1.2333,"name":"EF/ef_trunade_fire_main/ef_trunade_fire_main_00008"},{"time":1.2666,"name":"EF/ef_trunade_fire_main/ef_trunade_fire_main_00009"},{"time":1.3,"name":"EF/ef_trunade_fire_main/ef_trunade_fire_main_00010"},{"time":1.3333,"name":"EF/ef_trunade_fire_main/ef_trunade_fire_main_00011"},{"time":1.3666,"name":"EF/ef_trunade_fire_main/ef_trunade_fire_main_00012"},{"time":1.4,"name":"EF/ef_trunade_fire_main/ef_trunade_fire_main_00013"},{"time":1.4333,"name":"EF/ef_trunade_fire_main/ef_trunade_fire_main_00001"},{"time":1.4666,"name":"EF/ef_trunade_fire_main/ef_trunade_fire_main_00002"},{"time":1.5,"name":"EF/ef_trunade_fire_main/ef_trunade_fire_main_00003"},{"time":1.5333,"name":"EF/ef_trunade_fire_main/ef_trunade_fire_main_00004"},{"time":1.5666,"name":"EF/ef_trunade_fire_main/ef_trunade_fire_main_00005"},{"time":1.6,"name":"EF/ef_trunade_fire_main/ef_trunade_fire_main_00006"},{"time":1.6333,"name":"EF/ef_trunade_fire_main/ef_trunade_fire_main_00007"},{"time":1.6666,"name":"EF/ef_trunade_fire_main/ef_trunade_fire_main_00008"},{"time":1.7,"name":"EF/ef_trunade_fire_main/ef_trunade_fire_main_00009"},{"time":1.7333,"name":"EF/ef_trunade_fire_main/ef_trunade_fire_main_00010"},{"time":1.7666,"name":"EF/ef_trunade_fire_main/ef_trunade_fire_main_00011"},{"time":1.8,"name":"EF/ef_trunade_fire_main/ef_trunade_fire_main_00012"},{"time":1.8333,"name":"EF/ef_trunade_fire_main/ef_trunade_fire_main_00013"},{"time":1.8666,"name":"EF/ef_trunade_fire_main/ef_trunade_fire_main_00001"},{"time":1.9,"name":"EF/ef_trunade_fire_main/ef_trunade_fire_main_00002"},{"time":1.9333,"name":"EF/ef_trunade_fire_main/ef_trunade_fire_main_00003"},{"time":1.9666,"name":"EF/ef_trunade_fire_main/ef_trunade_fire_main_00004"},{"time":2,"name":"EF/ef_trunade_fire_main/ef_trunade_fire_main_00005"},{"time":2.0333,"name":"EF/ef_trunade_fire_main/ef_trunade_fire_main_00006"},{"time":2.0666,"name":"EF/ef_trunade_fire_main/ef_trunade_fire_main_00007"},{"time":2.1,"name":"EF/ef_trunade_fire_main/ef_trunade_fire_main_00008"},{"time":2.1333,"name":"EF/ef_trunade_fire_main/ef_trunade_fire_main_00009"},{"time":2.1666,"name":"EF/ef_trunade_fire_main/ef_trunade_fire_main_00010"},{"time":2.2,"name":"EF/ef_trunade_fire_main/ef_trunade_fire_main_00011"},{"time":2.2333,"name":"EF/ef_trunade_fire_main/ef_trunade_fire_main_00012"},{"time":2.2666,"name":"EF/ef_trunade_fire_main/ef_trunade_fire_main_00013"},{"time":2.3,"name":"EF/ef_trunade_fire_main/ef_trunade_fire_main_00001"},{"time":2.3333,"name":"EF/ef_trunade_fire_main/ef_trunade_fire_main_00002"},{"time":2.3666,"name":"EF/ef_trunade_fire_main/ef_trunade_fire_main_00003"},{"time":2.4,"name":"EF/ef_trunade_fire_main/ef_trunade_fire_main_00004"},{"time":2.4333,"name":"EF/ef_trunade_fire_main/ef_trunade_fire_main_00005"},{"time":2.4666,"name":"EF/ef_trunade_fire_main/ef_trunade_fire_main_00006"},{"time":2.5,"name":"EF/ef_trunade_fire_main/ef_trunade_fire_main_00007"},{"time":2.5333,"name":"EF/ef_trunade_fire_main/ef_trunade_fire_main_00001"},{"time":2.5666,"name":"EF/ef_trunade_fire_main/ef_trunade_fire_main_00002"},{"time":2.6,"name":"EF/ef_trunade_fire_main/ef_trunade_fire_main_00003"},{"time":2.6333,"name":"EF/ef_trunade_fire_main/ef_trunade_fire_main_00004"},{"time":2.6666,"name":"EF/ef_trunade_fire_main/ef_trunade_fire_main_00005"},{"time":2.7,"name":"EF/ef_trunade_fire_main/ef_trunade_fire_main_00006"},{"time":2.7333,"name":"EF/ef_trunade_fire_main/ef_trunade_fire_main_00007"},{"time":2.7666,"name":"EF/ef_trunade_fire_main/ef_trunade_fire_main_00008"},{"time":2.8,"name":"EF/ef_trunade_fire_main/ef_trunade_fire_main_00009"},{"time":2.8333,"name":"EF/ef_trunade_fire_main/ef_trunade_fire_main_00010"},{"time":2.8666,"name":"EF/ef_trunade_fire_main/ef_trunade_fire_main_00011"},{"time":2.9,"name":"EF/ef_trunade_fire_main/ef_trunade_fire_main_00012"},{"time":2.9333,"name":"EF/ef_trunade_fire_main/ef_trunade_fire_main_00013"}],"color":[{"time":0.8333,"color":"ffffff00"},{"time":1,"color":"ffffffff","curve":"stepped"},{"time":2.3333,"color":"ffffffff"},{"time":2.5333,"color":"ffffff00"}]},"ef_trunade_fire_main2":{"attachment":[{"time":1,"name":"EF/ef_trunade_fire_main/ef_trunade_fire_main_00005"},{"time":1.0333,"name":"EF/ef_trunade_fire_main/ef_trunade_fire_main_00006"},{"time":1.0666,"name":"EF/ef_trunade_fire_main/ef_trunade_fire_main_00007"},{"time":1.1,"name":"EF/ef_trunade_fire_main/ef_trunade_fire_main_00008"},{"time":1.1333,"name":"EF/ef_trunade_fire_main/ef_trunade_fire_main_00009"},{"time":1.1666,"name":"EF/ef_trunade_fire_main/ef_trunade_fire_main_00010"},{"time":1.2,"name":"EF/ef_trunade_fire_main/ef_trunade_fire_main_00011"},{"time":1.2333,"name":"EF/ef_trunade_fire_main/ef_trunade_fire_main_00012"},{"time":1.2666,"name":"EF/ef_trunade_fire_main/ef_trunade_fire_main_00013"},{"time":1.3,"name":"EF/ef_trunade_fire_main/ef_trunade_fire_main_00005"},{"time":1.3333,"name":"EF/ef_trunade_fire_main/ef_trunade_fire_main_00006"},{"time":1.3666,"name":"EF/ef_trunade_fire_main/ef_trunade_fire_main_00007"},{"time":1.4,"name":null},{"time":1.4333,"name":"EF/ef_trunade_fire_main/ef_trunade_fire_main_00004"},{"time":1.4666,"name":"EF/ef_trunade_fire_main/ef_trunade_fire_main_00005"},{"time":1.5,"name":"EF/ef_trunade_fire_main/ef_trunade_fire_main_00006"},{"time":1.5333,"name":"EF/ef_trunade_fire_main/ef_trunade_fire_main_00007"},{"time":1.5666,"name":"EF/ef_trunade_fire_main/ef_trunade_fire_main_00008"},{"time":1.6,"name":"EF/ef_trunade_fire_main/ef_trunade_fire_main_00009"},{"time":1.6333,"name":"EF/ef_trunade_fire_main/ef_trunade_fire_main_00010"},{"time":1.6666,"name":"EF/ef_trunade_fire_main/ef_trunade_fire_main_00011"},{"time":1.7,"name":"EF/ef_trunade_fire_main/ef_trunade_fire_main_00012"},{"time":1.7333,"name":"EF/ef_trunade_fire_main/ef_trunade_fire_main_00013"},{"time":1.7666,"name":"EF/ef_trunade_fire_main/ef_trunade_fire_main_00001"},{"time":1.8,"name":"EF/ef_trunade_fire_main/ef_trunade_fire_main_00002"},{"time":1.8333,"name":"EF/ef_trunade_fire_main/ef_trunade_fire_main_00003"},{"time":1.8666,"name":"EF/ef_trunade_fire_main/ef_trunade_fire_main_00004"},{"time":1.9,"name":"EF/ef_trunade_fire_main/ef_trunade_fire_main_00005"},{"time":1.9333,"name":"EF/ef_trunade_fire_main/ef_trunade_fire_main_00006"},{"time":1.9666,"name":"EF/ef_trunade_fire_main/ef_trunade_fire_main_00007"},{"time":2,"name":"EF/ef_trunade_fire_main/ef_trunade_fire_main_00008"},{"time":2.0333,"name":"EF/ef_trunade_fire_main/ef_trunade_fire_main_00009"},{"time":2.0666,"name":"EF/ef_trunade_fire_main/ef_trunade_fire_main_00010"},{"time":2.1,"name":"EF/ef_trunade_fire_main/ef_trunade_fire_main_00011"},{"time":2.1333,"name":"EF/ef_trunade_fire_main/ef_trunade_fire_main_00012"},{"time":2.1666,"name":"EF/ef_trunade_fire_main/ef_trunade_fire_main_00013"},{"time":2.2,"name":"EF/ef_trunade_fire_main/ef_trunade_fire_main_00002"},{"time":2.2333,"name":"EF/ef_trunade_fire_main/ef_trunade_fire_main_00003"},{"time":2.2666,"name":"EF/ef_trunade_fire_main/ef_trunade_fire_main_00004"},{"time":2.3,"name":"EF/ef_trunade_fire_main/ef_trunade_fire_main_00005"},{"time":2.3333,"name":"EF/ef_trunade_fire_main/ef_trunade_fire_main_00006"},{"time":2.3666,"name":"EF/ef_trunade_fire_main/ef_trunade_fire_main_00007"},{"time":2.4,"name":"EF/ef_trunade_fire_main/ef_trunade_fire_main_00008"},{"time":2.4333,"name":"EF/ef_trunade_fire_main/ef_trunade_fire_main_00009"},{"time":2.4666,"name":"EF/ef_trunade_fire_main/ef_trunade_fire_main_00010"},{"time":2.5,"name":"EF/ef_trunade_fire_main/ef_trunade_fire_main_00011"},{"time":2.5333,"name":"EF/ef_trunade_fire_main/ef_trunade_fire_main_00012"},{"time":2.5666,"name":"EF/ef_trunade_fire_main/ef_trunade_fire_main_00013"},{"time":2.6,"name":"EF/ef_trunade_fire_main/ef_trunade_fire_main_00002"},{"time":2.6333,"name":"EF/ef_trunade_fire_main/ef_trunade_fire_main_00003"},{"time":2.6666,"name":"EF/ef_trunade_fire_main/ef_trunade_fire_main_00004"},{"time":2.7,"name":null}],"color":[{"time":2.3333,"color":"ffffffff"},{"time":2.5333,"color":"ffffff00"}]},"ef_trunade_fire_main3":{"attachment":[{"time":1,"name":null},{"time":1.2333,"name":"EF/ef_trunade_fire_main/ef_trunade_fire_main_00003"},{"time":1.2666,"name":"EF/ef_trunade_fire_main/ef_trunade_fire_main_00004"},{"time":1.3,"name":"EF/ef_trunade_fire_main/ef_trunade_fire_main_00005"},{"time":1.3333,"name":"EF/ef_trunade_fire_main/ef_trunade_fire_main_00006"},{"time":1.3666,"name":"EF/ef_trunade_fire_main/ef_trunade_fire_main_00007"},{"time":1.4,"name":"EF/ef_trunade_fire_main/ef_trunade_fire_main_00008"},{"time":1.4333,"name":"EF/ef_trunade_fire_main/ef_trunade_fire_main_00008"},{"time":1.4666,"name":"EF/ef_trunade_fire_main/ef_trunade_fire_main_00009"},{"time":1.5,"name":"EF/ef_trunade_fire_main/ef_trunade_fire_main_00010"},{"time":1.5333,"name":"EF/ef_trunade_fire_main/ef_trunade_fire_main_00011"},{"time":1.5666,"name":"EF/ef_trunade_fire_main/ef_trunade_fire_main_00012"},{"time":1.6,"name":"EF/ef_trunade_fire_main/ef_trunade_fire_main_00013"},{"time":1.6333,"name":null},{"time":1.6666,"name":"EF/ef_trunade_fire_main/ef_trunade_fire_main_00004"},{"time":1.7,"name":"EF/ef_trunade_fire_main/ef_trunade_fire_main_00005"},{"time":1.7333,"name":"EF/ef_trunade_fire_main/ef_trunade_fire_main_00006"},{"time":1.7666,"name":"EF/ef_trunade_fire_main/ef_trunade_fire_main_00007"},{"time":1.8,"name":"EF/ef_trunade_fire_main/ef_trunade_fire_main_00008"},{"time":1.8333,"name":"EF/ef_trunade_fire_main/ef_trunade_fire_main_00009"},{"time":1.8666,"name":"EF/ef_trunade_fire_main/ef_trunade_fire_main_00010"},{"time":1.9,"name":null},{"time":1.9333,"name":"EF/ef_trunade_fire_main/ef_trunade_fire_main_00008"},{"time":1.9666,"name":"EF/ef_trunade_fire_main/ef_trunade_fire_main_00009"},{"time":2,"name":"EF/ef_trunade_fire_main/ef_trunade_fire_main_00010"},{"time":2.0333,"name":"EF/ef_trunade_fire_main/ef_trunade_fire_main_00011"},{"time":2.0666,"name":"EF/ef_trunade_fire_main/ef_trunade_fire_main_00012"},{"time":2.1,"name":"EF/ef_trunade_fire_main/ef_trunade_fire_main_00013"},{"time":2.1333,"name":null},{"time":2.1666,"name":"EF/ef_trunade_fire_main/ef_trunade_fire_main_00006"},{"time":2.2,"name":"EF/ef_trunade_fire_main/ef_trunade_fire_main_00007"},{"time":2.2333,"name":"EF/ef_trunade_fire_main/ef_trunade_fire_main_00008"},{"time":2.2666,"name":"EF/ef_trunade_fire_main/ef_trunade_fire_main_00009"},{"time":2.3,"name":"EF/ef_trunade_fire_main/ef_trunade_fire_main_00010"},{"time":2.3333,"name":"EF/ef_trunade_fire_main/ef_trunade_fire_main_00011"},{"time":2.3666,"name":"EF/ef_trunade_fire_main/ef_trunade_fire_main_00012"},{"time":2.4,"name":"EF/ef_trunade_fire_main/ef_trunade_fire_main_00013"},{"time":2.4666,"name":null}],"color":[{"time":0.8333,"color":"ffffffff","curve":"stepped"},{"time":2.3333,"color":"ffffffff"},{"time":2.4666,"color":"ffffffc2"}]},"graund_wave_A_red":{"attachment":[{"time":0,"name":"EF/graund_wave_A_red/ef_graund_wave_A_red_00001"},{"time":0.0333,"name":"EF/graund_wave_A_red/ef_graund_wave_A_red_00002"},{"time":0.0666,"name":"EF/graund_wave_A_red/ef_graund_wave_A_red_00003"},{"time":0.1,"name":"EF/graund_wave_A_red/ef_graund_wave_A_red_00004"},{"time":0.1333,"name":"EF/graund_wave_A_red/ef_graund_wave_A_red_00005"},{"time":0.1666,"name":"EF/graund_wave_A_red/ef_graund_wave_A_red_00006"},{"time":0.2,"name":"EF/graund_wave_A_red/ef_graund_wave_A_red_00007"},{"time":0.2333,"name":"EF/graund_wave_A_red/ef_graund_wave_A_red_00008"},{"time":0.2666,"name":"EF/graund_wave_A_red/ef_graund_wave_A_red_00009"},{"time":0.3,"name":"EF/graund_wave_A_red/ef_graund_wave_A_red_00010"},{"time":0.3333,"name":"EF/graund_wave_A_red/ef_graund_wave_A_red_00011"},{"time":0.3666,"name":"EF/graund_wave_A_red/ef_graund_wave_A_red_00012"},{"time":0.4,"name":"EF/graund_wave_A_red/ef_graund_wave_A_red_00013"},{"time":0.4333,"name":"EF/graund_wave_A_red/ef_graund_wave_A_red_00014"},{"time":0.4666,"name":null},{"time":2.5333,"name":"EF/graund_wave_A_red/ef_graund_wave_A_red_00001"},{"time":2.5666,"name":"EF/graund_wave_A_red/ef_graund_wave_A_red_00002"},{"time":2.6,"name":"EF/graund_wave_A_red/ef_graund_wave_A_red_00003"},{"time":2.6333,"name":"EF/graund_wave_A_red/ef_graund_wave_A_red_00004"},{"time":2.6666,"name":"EF/graund_wave_A_red/ef_graund_wave_A_red_00005"},{"time":2.7,"name":"EF/graund_wave_A_red/ef_graund_wave_A_red_00006"},{"time":2.7333,"name":"EF/graund_wave_A_red/ef_graund_wave_A_red_00007"},{"time":2.7666,"name":"EF/graund_wave_A_red/ef_graund_wave_A_red_00008"},{"time":2.8,"name":"EF/graund_wave_A_red/ef_graund_wave_A_red_00009"},{"time":2.8333,"name":"EF/graund_wave_A_red/ef_graund_wave_A_red_00010"},{"time":2.8666,"name":"EF/graund_wave_A_red/ef_graund_wave_A_red_00011"},{"time":2.9,"name":"EF/graund_wave_A_red/ef_graund_wave_A_red_00012"},{"time":2.9333,"name":"EF/graund_wave_A_red/ef_graund_wave_A_red_00013"},{"time":2.9666,"name":"EF/graund_wave_A_red/ef_graund_wave_A_red_00014"},{"time":3,"name":null}]}},"bones":{"MAIN":{"translate":[{"time":0,"x":0,"y":0,"curve":[0.115,0.86,0.75,1]},{"time":0.4,"x":10.58,"y":0,"curve":"stepped"},{"time":0.4333,"x":-14.11,"y":0,"curve":[0.073,0.11,0.52,0.58]},{"time":2.5333,"x":-100.4,"y":0,"curve":[0.332,0.33,0.665,0.66]},{"time":2.6333,"x":-103.97,"y":0}]},"ef_slash_rot_main":{"rotate":[{"time":0.4333,"angle":0}],"translate":[{"time":0.4333,"x":-614.36,"y":-524.57,"curve":"stepped"},{"time":0.7333,"x":-613.59,"y":-513.86},{"time":2.6,"x":-738.29,"y":-513.86}],"scale":[{"time":0.4333,"x":1,"y":-0.724,"curve":"stepped"},{"time":0.7333,"x":-1,"y":0.65},{"time":1.6666,"x":-2,"y":1.3},{"time":2.2666,"x":-1,"y":0.65}]},"ef_slash_rot_main2":{"translate":[{"time":0.7,"x":-647.39,"y":-513.56},{"time":2.5666,"x":-681.05,"y":-513.56}],"scale":[{"time":0.7,"x":1,"y":-0.65},{"time":1.6666,"x":2,"y":-1.3},{"time":2.2333,"x":1,"y":-0.65}]},"ef_trunade_fire_main":{"translate":[{"time":0.8333,"x":-617.95,"y":-398.43},{"time":1,"x":-625.95,"y":-398.43},{"time":2.4666,"x":-685.65,"y":-420}],"scale":[{"time":0.8333,"x":1,"y":0.4},{"time":2.9333,"x":1.5,"y":0.6}]},"ef_trunade_fire_main2":{"translate":[{"time":1,"x":-625.95,"y":-402.54},{"time":2.4666,"x":-685.65,"y":-418.54}],"scale":[{"time":1,"x":1,"y":0.4},{"time":2.7,"x":1.25,"y":0.5}]},"ef_rot_wave_main":{"translate":[{"time":0.4333,"x":-514.3,"y":0,"curve":[0.073,0.11,0.52,0.58]},{"time":2.5333,"x":-596.77,"y":0}]},"ef_rot_wave_main2":{"translate":[{"time":0.7,"x":-525.83,"y":0,"curve":[0.148,0.18,0.561,0.61]},{"time":2.5333,"x":-587.91,"y":0}]},"graund_wave_A_red":{"translate":[{"time":0,"x":-600,"y":0,"curve":"stepped"},{"time":2.5333,"x":-688.15,"y":0}],"scale":[{"time":0,"x":1,"y":1},{"time":0.4666,"x":2,"y":2,"curve":"stepped"},{"time":2.5333,"x":1,"y":1},{"time":3,"x":2,"y":2}]},"ef_trunade_fire_main3":{"translate":[{"time":1,"x":-625.95,"y":-402.54},{"time":2.4666,"x":-686.63,"y":-429.35}],"scale":[{"time":1,"x":1,"y":0.4},{"time":2.4666,"x":1.192,"y":0.6}]},"ef_dash_red":{"translate":[{"time":0.4333,"x":-300.32,"y":0}],"scale":[{"time":0.4333,"x":0.8,"y":0.8}]},"ef_dash_red2":{"translate":[{"time":0.4333,"x":-319.79,"y":0}],"scale":[{"time":0.4333,"x":-0.5,"y":0.5}]},"DAMAGEAREA":{"translate":[{"time":0.4333,"x":0,"y":84.47},{"time":1.3333,"x":-43.48,"y":60.56}],"scale":[{"time":0.4333,"x":6.052,"y":1.99},{"time":1.3333,"x":6.454,"y":2.291}]}},"drawOrder":[{"time":0.4333,"offsets":[{"slot":"ef_slash_rot_main","offset":-6}]},{"time":0.5666,"offsets":[{"slot":"ef_slash_rot_main","offset":-5}]},{"time":0.7,"offsets":[{"slot":"ef_slash_rot_main","offset":-4},{"slot":"ef_slash_rot_main2","offset":-7}]},{"time":0.9333,"offsets":[{"slot":"ef_slash_rot_main","offset":-6}]},{"time":0.9666,"offsets":[{"slot":"ef_slash_rot_main","offset":-4},{"slot":"ef_slash_rot_main2","offset":-7}]},{"time":1.0333,"offsets":[{"slot":"ef_slash_rot_main","offset":-3},{"slot":"ef_slash_rot_main2","offset":-7},{"slot":"ef_trunade_fire_main2","offset":-18}]},{"time":1.1666,"offsets":[{"slot":"ef_slash_rot_main","offset":-6}]},{"time":1.2,"offsets":[{"slot":"ef_slash_rot_main","offset":-6},{"slot":"ef_trunade_fire_main","offset":-7}]},{"time":1.2333,"offsets":[{"slot":"ef_slash_rot_main","offset":-3},{"slot":"ef_slash_rot_main2","offset":-7},{"slot":"ef_trunade_fire_main","offset":-7}]},{"time":1.3,"offsets":[{"slot":"ef_slash_rot_main","offset":-1},{"slot":"ef_slash_rot_main2","offset":-7},{"slot":"ef_trunade_fire_main","offset":-7},{"slot":"ef_trunade_fire_main3","offset":-15},{"slot":"ef_trunade_fire_main2","offset":-17}]},{"time":1.3666,"offsets":[{"slot":"ef_slash_rot_main","offset":-6},{"slot":"ef_trunade_fire_main3","offset":-17},{"slot":"ef_trunade_fire_main2","offset":-17}]},{"time":1.4,"offsets":[{"slot":"ef_slash_rot_main","offset":-4},{"slot":"ef_slash_rot_main2","offset":-7}]},{"time":1.4666,"offsets":[{"slot":"ef_slash_rot_main","offset":-3},{"slot":"ef_slash_rot_main2","offset":-7},{"slot":"ef_trunade_fire_main2","offset":-18}]},{"time":1.6,"offsets":[{"slot":"ef_slash_rot_main","offset":-2},{"slot":"ef_slash_rot_main2","offset":-7},{"slot":"ef_trunade_fire_main","offset":-7},{"slot":"ef_trunade_fire_main2","offset":-16}]},{"time":1.6666,"offsets":[{"slot":"ef_slash_rot_main","offset":-6}]},{"time":1.7,"offsets":[{"slot":"ef_slash_rot_main","offset":-3},{"slot":"ef_slash_rot_main2","offset":-7},{"slot":"ef_trunade_fire_main3","offset":-17}]},{"time":1.9,"offsets":[{"slot":"ef_slash_rot_main","offset":-6}]},{"time":1.9333,"offsets":[{"slot":"ef_slash_rot_main","offset":-6},{"slot":"ef_trunade_fire_main3","offset":-16},{"slot":"ef_trunade_fire_main2","offset":-18}]},{"time":1.9666,"offsets":[{"slot":"ef_slash_rot_main","offset":-2},{"slot":"ef_slash_rot_main2","offset":-7},{"slot":"ef_trunade_fire_main3","offset":-15},{"slot":"ef_trunade_fire_main2","offset":-18}]},{"time":2.0333,"offsets":[{"slot":"ef_slash_rot_main","offset":-1},{"slot":"ef_slash_rot_main2","offset":-7},{"slot":"ef_trunade_fire_main","offset":-7},{"slot":"ef_trunade_fire_main3","offset":-14},{"slot":"ef_trunade_fire_main2","offset":-16}]},{"time":2.0666,"offsets":[{"slot":"ef_slash_rot_main","offset":-1},{"slot":"ef_slash_rot_main2","offset":-7},{"slot":"ef_trunade_fire_main","offset":-6},{"slot":"ef_trunade_fire_main3","offset":-17},{"slot":"ef_trunade_fire_main2","offset":-15}]},{"time":2.1,"offsets":[{"slot":"ef_slash_rot_main","offset":-1},{"slot":"ef_slash_rot_main2","offset":-7},{"slot":"ef_trunade_fire_main","offset":-5},{"slot":"ef_trunade_fire_main3","offset":-17},{"slot":"ef_trunade_fire_main2","offset":-15}]},{"time":2.1666,"offsets":[{"slot":"ef_slash_rot_main","offset":-6},{"slot":"ef_trunade_fire_main3","offset":-17},{"slot":"ef_trunade_fire_main2","offset":-17}]},{"time":2.2,"offsets":[{"slot":"ef_slash_rot_main","offset":-6},{"slot":"ef_trunade_fire_main3","offset":-17},{"slot":"ef_trunade_fire_main2","offset":-16}]},{"time":2.2666,"offsets":[{"slot":"ef_slash_rot_main","offset":-6},{"slot":"ef_trunade_fire_main3","offset":-16},{"slot":"ef_trunade_fire_main2","offset":-16}]},{"time":2.3,"offsets":[{"slot":"ef_slash_rot_main","offset":-6},{"slot":"ef_trunade_fire_main3","offset":-15},{"slot":"ef_trunade_fire_main2","offset":-18}]},{"time":2.4333,"offsets":[{"slot":"ef_slash_rot_main","offset":-6},{"slot":"ef_trunade_fire_main3","offset":-15},{"slot":"ef_trunade_fire_main2","offset":-17}]},{"time":2.4666,"offsets":[{"slot":"ef_slash_rot_main","offset":-6},{"slot":"ef_trunade_fire_main3","offset":-17},{"slot":"ef_trunade_fire_main2","offset":-16}]}],"events":[{"time":0,"name":"Event","float":0.025,"string":"kHitStopType_normal"},{"time":0,"name":"Sound1","string":"cri_se_battle_033_explosion_element_01"},{"time":0,"name":"Sound3","string":"setHitSound(se_battle_explosion_short)"},{"time":0,"name":"Voice","string":"cri_273_voice_fullarts_now"},{"time":0.0333,"name":"Event","string":"kImpactType_pull"},{"time":0.4333,"name":"Event","string":"movePosition_Target(0.5,50,0)"},{"time":0.4333,"name":"Event2","float":1,"string":"shakeGround"},{"time":0.4333,"name":"Sound1","string":"cri_se_battle_033_explosion_element_01"},{"time":0.4333,"name":"Sound2","string":"cri_se_battle_skill_shot"},{"time":0.7,"name":"Event2","float":1,"string":"shakeGround"},{"time":0.7,"name":"Hit","string":"resetHitList"},{"time":0.8333,"name":"Sound1","string":"cri_se_battle_033_explosion_element_01"},{"time":0.8333,"name":"Sound2","string":"cri_se_battle_skill_shot"},{"time":1,"name":"Event2","float":1,"string":"shakeGround"},{"time":1,"name":"Hit","string":"resetHitList"},{"time":1.1666,"name":"Event","float":0.1,"string":"kHitStopType_enemyonly"},{"time":1.1666,"name":"Event2","float":1,"string":"shakeGround"},{"time":1.1666,"name":"Hit","string":"resetHitList"},{"time":1.2,"name":"Sound1","string":"cri_se_battle_033_explosion_element_01"},{"time":1.2,"name":"Sound2","string":"cri_se_battle_skill_shot"},{"time":1.3,"name":"Event","string":"kImpactType_none"},{"time":1.3333,"name":"Event2","float":1,"string":"shakeGround"},{"time":1.3333,"name":"Hit","string":"resetHitList"},{"time":1.4,"name":"Sound1","string":"cri_se_battle_033_explosion_element_01"},{"time":1.4,"name":"Sound2","string":"cri_se_battle_skill_shot"},{"time":1.4333,"name":"Event2","float":1,"string":"shakeGround"},{"time":1.4333,"name":"Hit","string":"resetHitList"},{"time":1.5333,"name":"Hit","string":"resetHitList"},{"time":1.5666,"name":"Event2","float":1,"string":"shakeGround"},{"time":1.6,"name":"Hit","string":"resetHitList"},{"time":1.6,"name":"Sound1","string":"cri_se_battle_033_explosion_element_01"},{"time":1.6,"name":"Sound2","string":"cri_se_battle_skill_shot"},{"time":1.6333,"name":"Event2","float":1,"string":"shakeGround"},{"time":1.6666,"name":"Event2","float":1,"string":"shakeGround"},{"time":1.6666,"name":"Hit","string":"resetHitList"},{"time":1.7,"name":"Event2","float":1,"string":"shakeGround"},{"time":1.7333,"name":"Hit","string":"resetHitList"},{"time":1.7666,"name":"Sound1","string":"cri_se_battle_033_explosion_element_01"},{"time":1.7666,"name":"Sound2","string":"cri_se_battle_skill_shot"},{"time":1.7666,"name":"Voice","string":"cri_273_voice_fullarts_rank5"},{"time":1.8,"name":"Event2","float":1,"string":"shakeGround"},{"time":1.8,"name":"Hit","string":"resetHitList"},{"time":1.8666,"name":"Event2","float":1,"string":"shakeGround"},{"time":1.8666,"name":"Hit","string":"resetHitList"},{"time":1.9,"name":"Sound1","string":"cri_se_battle_033_explosion_element_01"},{"time":1.9,"name":"Sound2","string":"cri_se_battle_skill_shot"},{"time":1.9333,"name":"Hit","string":"resetHitList"},{"time":2.0333,"name":"Event","float":0.2,"string":"kHitStopType_normal"},{"time":2.0333,"name":"Event2","float":2,"string":"shakeGround"},{"time":2.0333,"name":"Hit","string":"resetHitList"},{"time":2.1333,"name":"Event","float":0.2,"string":"kHitStopType_enemyonly"},{"time":2.1666,"name":"Hit","string":"resetHitList"},{"time":2.1666,"name":"Sound1","string":"cri_se_battle_033_explosion_element_01"},{"time":2.1666,"name":"Sound2","string":"cri_se_battle_skill_shot"},{"time":2.3333,"name":"Hit","string":"resetHitList"},{"time":2.3333,"name":"Sound1","string":"cri_se_battle_033_explosion_element_01"},{"time":2.3333,"name":"Sound2","string":"cri_se_battle_skill_shot"},{"time":2.5,"name":"Event","string":"kImpactType_knock"},{"time":2.5,"name":"Hit","string":"resetHitList"}]}}}