{"skeleton":{"hash":"+bc93fCwB0CA7Bn88hPDUehHyMU","spine":"3.0.12","width":0,"height":0,"images":"./images2/"},"bones":[{"name":"root"},{"name":"MAIN","parent":"root","y":40.05}],"slots":[{"name":"MAIN","bone":"MAIN","attachment":"idle_00"}],"skins":{"default":{"MAIN":{"idle_00":{"x":-10,"y":24.94,"width":500,"height":400},"idle_01":{"x":-10,"y":24.94,"width":500,"height":400},"idle_02":{"x":-10,"y":24.94,"width":500,"height":400},"idle_03":{"x":-10,"y":24.94,"width":500,"height":400},"idle_04":{"x":-10,"y":24.94,"width":500,"height":400}}}},"events":{"Event":{},"Hit":{},"Sound1":{},"Sound2":{},"Voice":{}},"animations":{"idle":{"slots":{"MAIN":{"attachment":[{"time":0,"name":"idle_00"},{"time":0.1666,"name":"idle_01"},{"time":0.3333,"name":"idle_02"},{"time":0.5,"name":"idle_03"},{"time":0.6666,"name":"idle_04"},{"time":0.8333,"name":"idle_00"}]}}}}}