{"skeleton":{"hash":"Am7+PEqsCwjGKGPvS4OkT/Svyl8","spine":"3.0.12","width":0,"height":0,"images":"./images2/"},"bones":[{"name":"root"},{"name":"grid","parent":"root"},{"name":"MAIN","parent":"root","x":0.1,"y":66.44},{"name":"SFADOW_OFFSET","parent":"MAIN","scaleX":2,"scaleY":2},{"name":"HITBOX","parent":"MAIN","scaleX":2,"scaleY":2},{"name":"EF3","parent":"root","x":222.26,"y":27.01,"scaleX":2.6,"scaleY":2.6},{"name":"EF2","parent":"root","x":222.26,"y":27.01,"scaleX":2.6,"scaleY":2.6},{"name":"EF","parent":"root","x":222.26,"y":27.01,"scaleX":2.6,"scaleY":2.6},{"name":"DAMAGEAREA","parent":"root"}],"slots":[{"name":"grid/bg","bone":"grid"},{"name":"grid/grid","bone":"grid"},{"name":"EF/620_S1_wave1/620_S1_wave1_00038","bone":"EF","blend":"additive"},{"name":"EF/620_S1_wave1/620_S1_wave1_38","bone":"EF2","blend":"additive"},{"name":"EF/620_S1_wave1/620_S1_wave1_39","bone":"EF3","blend":"additive"},{"name":"MAIN","bone":"MAIN","attachment":"idle_00"},{"name":"DAMAGEAREA","bone":"DAMAGEAREA"},{"name":"HITBOX","bone":"HITBOX","attachment":"HITBOX"}],"skins":{"default":{"DAMAGEAREA":{"DAMAGEAREA":{"type":"boundingbox","vertices":[-98.49632,98.12581,-98.0434,-98.326,97.66402,-98.39001,97.66402,97.48967,0,0,0,0,0,0,0,0]}},"EF/620_S1_wave1/620_S1_wave1_00038":{"EF/620_S1_wave1/620_S1_wave1_00038":{"x":-0.21,"y":11.13,"width":240,"height":240},"EF/620_S1_wave1/620_S1_wave1_00039":{"x":-0.21,"y":11.13,"width":240,"height":240},"EF/620_S1_wave1/620_S1_wave1_00040":{"x":-0.21,"y":11.13,"width":240,"height":240},"EF/620_S1_wave1/620_S1_wave1_00041":{"x":-0.21,"y":11.13,"width":240,"height":240},"EF/620_S1_wave1/620_S1_wave1_00042":{"x":-0.21,"y":11.13,"width":240,"height":240},"EF/620_S1_wave1/620_S1_wave1_00043":{"x":-0.21,"y":11.13,"width":240,"height":240},"EF/620_S1_wave1/620_S1_wave1_00044":{"x":-0.21,"y":11.13,"width":240,"height":240},"EF/620_S1_wave1/620_S1_wave1_00045":{"x":-0.21,"y":11.13,"width":240,"height":240},"EF/620_S1_wave1/620_S1_wave1_00046":{"x":-0.21,"y":11.13,"width":240,"height":240},"EF/620_S1_wave1/620_S1_wave1_00047":{"x":-0.21,"y":11.13,"width":240,"height":240},"EF/620_S1_wave1/620_S1_wave1_00048":{"x":-0.21,"y":11.13,"width":240,"height":240}},"EF/620_S1_wave1/620_S1_wave1_38":{"EF/620_S1_wave1/620_S1_wave1_00038":{"x":-0.21,"y":11.13,"width":240,"height":240},"EF/620_S1_wave1/620_S1_wave1_00039":{"x":-0.21,"y":11.13,"width":240,"height":240},"EF/620_S1_wave1/620_S1_wave1_00040":{"x":-0.21,"y":11.13,"width":240,"height":240},"EF/620_S1_wave1/620_S1_wave1_00041":{"x":-0.21,"y":11.13,"width":240,"height":240},"EF/620_S1_wave1/620_S1_wave1_00042":{"x":-0.21,"y":11.13,"width":240,"height":240},"EF/620_S1_wave1/620_S1_wave1_00043":{"x":-0.21,"y":11.13,"width":240,"height":240},"EF/620_S1_wave1/620_S1_wave1_00044":{"x":-0.21,"y":11.13,"width":240,"height":240},"EF/620_S1_wave1/620_S1_wave1_00045":{"x":-0.21,"y":11.13,"width":240,"height":240},"EF/620_S1_wave1/620_S1_wave1_00046":{"x":-0.21,"y":11.13,"width":240,"height":240},"EF/620_S1_wave1/620_S1_wave1_00047":{"x":-0.21,"y":11.13,"width":240,"height":240},"EF/620_S1_wave1/620_S1_wave1_00048":{"x":-0.21,"y":11.13,"width":240,"height":240}},"EF/620_S1_wave1/620_S1_wave1_39":{"EF/620_S1_wave1/620_S1_wave1_00038":{"x":-0.21,"y":11.13,"width":240,"height":240},"EF/620_S1_wave1/620_S1_wave1_00039":{"x":-0.21,"y":11.13,"width":240,"height":240},"EF/620_S1_wave1/620_S1_wave1_00040":{"x":-0.21,"y":11.13,"width":240,"height":240},"EF/620_S1_wave1/620_S1_wave1_00041":{"x":-0.21,"y":11.13,"width":240,"height":240},"EF/620_S1_wave1/620_S1_wave1_00042":{"x":-0.21,"y":11.13,"width":240,"height":240},"EF/620_S1_wave1/620_S1_wave1_00043":{"x":-0.21,"y":11.13,"width":240,"height":240},"EF/620_S1_wave1/620_S1_wave1_00044":{"x":-0.21,"y":11.13,"width":240,"height":240},"EF/620_S1_wave1/620_S1_wave1_00045":{"x":-0.21,"y":11.13,"width":240,"height":240},"EF/620_S1_wave1/620_S1_wave1_00046":{"x":-0.21,"y":11.13,"width":240,"height":240},"EF/620_S1_wave1/620_S1_wave1_00047":{"x":-0.21,"y":11.13,"width":240,"height":240},"EF/620_S1_wave1/620_S1_wave1_00048":{"x":-0.21,"y":11.13,"width":240,"height":240}},"HITBOX":{"HITBOX":{"type":"boundingbox","vertices":[-19.88014,26.30724,-19.88014,-33.47065,21.10579,-33.63265,20.94379,26.46925,0,0,0,0,0,0,0,0]}},"MAIN":{"attack1_00":{"x":-37.65,"y":6.38,"width":321,"height":291},"attack1_01":{"x":-37.65,"y":6.37,"width":321,"height":291},"attack1_02":{"x":-37.65,"y":6.37,"width":321,"height":291},"attack1_03":{"x":42.73,"y":6.12,"width":321,"height":291},"attack1_04":{"x":43.07,"y":6.11,"width":321,"height":291},"back_00":{"x":-10.56,"y":2.5,"width":180,"height":155},"damage_00":{"x":1.88,"y":-2.06,"width":165,"height":159},"front_00":{"x":-5.38,"y":-9.99,"width":164,"height":140},"idle_00":{"x":13.31,"y":-0.93,"width":160,"height":163},"idle_01":{"x":13.31,"y":-0.93,"width":160,"height":163},"idle_02":{"x":13.31,"y":-0.93,"width":160,"height":163},"idle_03":{"x":13.31,"y":-0.93,"width":160,"height":163},"idle_04":{"x":13.31,"y":-0.93,"width":160,"height":163},"skill1_00":{"x":21.36,"y":36.82,"width":223,"height":329},"skill1_01":{"x":21.84,"y":0.81,"width":223,"height":329},"skill1_02":{"x":21.6,"y":-56.16,"width":223,"height":329},"skill1_03":{"x":21.6,"y":-57.91,"width":223,"height":329},"skill1_04":{"x":19.51,"y":24.01,"width":223,"height":329},"skill1_05":{"x":19.51,"y":77.08,"width":223,"height":329},"skill1_06":{"x":19.51,"y":77.06,"width":223,"height":329},"skill1_07":{"x":19.51,"y":77.06,"width":223,"height":329},"skill1_08":{"x":19.51,"y":79.04,"width":223,"height":329},"skill2_00":{"x":19.36,"y":-0.3,"width":184,"height":168},"skill2_01":{"x":19.36,"y":-0.3,"width":184,"height":168},"skill2_02":{"x":19.36,"y":-0.3,"width":184,"height":168},"skill2_03":{"x":13.39,"y":-2.25,"width":182,"height":164},"skill2_04":{"x":13.39,"y":-2.25,"width":182,"height":164}}}},"events":{"Event":{},"Hit1":{},"Hit2":{},"HitEffect":{},"Sound1":{},"Sound2":{},"Voice":{}},"animations":{"attack1":{"slots":{"DAMAGEAREA":{"attachment":[{"time":0.4666,"name":"DAMAGEAREA"},{"time":0.6666,"name":null},{"time":1.4,"name":"DAMAGEAREA"},{"time":1.8333,"name":null}]},"EF/620_S1_wave1/620_S1_wave1_00038":{"attachment":[{"time":1.3,"name":"EF/620_S1_wave1/620_S1_wave1_00038"},{"time":1.3333,"name":"EF/620_S1_wave1/620_S1_wave1_00039"},{"time":1.3666,"name":"EF/620_S1_wave1/620_S1_wave1_00040"},{"time":1.4,"name":"EF/620_S1_wave1/620_S1_wave1_00041"},{"time":1.4333,"name":"EF/620_S1_wave1/620_S1_wave1_00042"},{"time":1.4666,"name":"EF/620_S1_wave1/620_S1_wave1_00043"},{"time":1.5,"name":"EF/620_S1_wave1/620_S1_wave1_00044"},{"time":1.5333,"name":"EF/620_S1_wave1/620_S1_wave1_00045"},{"time":1.5666,"name":"EF/620_S1_wave1/620_S1_wave1_00046"},{"time":1.6,"name":"EF/620_S1_wave1/620_S1_wave1_00047"},{"time":1.6333,"name":"EF/620_S1_wave1/620_S1_wave1_00048"}],"color":[{"time":1.3,"color":"ffffff6c"},{"time":1.3666,"color":"ffffffff","curve":"stepped"},{"time":1.5333,"color":"ffffffff"},{"time":1.7,"color":"ffffff00"}]},"EF/620_S1_wave1/620_S1_wave1_38":{"attachment":[{"time":1.4,"name":"EF/620_S1_wave1/620_S1_wave1_00038"},{"time":1.4333,"name":"EF/620_S1_wave1/620_S1_wave1_00039"},{"time":1.4666,"name":"EF/620_S1_wave1/620_S1_wave1_00040"},{"time":1.5,"name":"EF/620_S1_wave1/620_S1_wave1_00041"},{"time":1.5333,"name":"EF/620_S1_wave1/620_S1_wave1_00042"},{"time":1.5666,"name":"EF/620_S1_wave1/620_S1_wave1_00043"},{"time":1.6,"name":"EF/620_S1_wave1/620_S1_wave1_00044"},{"time":1.6333,"name":"EF/620_S1_wave1/620_S1_wave1_00045"},{"time":1.6666,"name":"EF/620_S1_wave1/620_S1_wave1_00046"},{"time":1.7,"name":"EF/620_S1_wave1/620_S1_wave1_00047"},{"time":1.7333,"name":"EF/620_S1_wave1/620_S1_wave1_00048"}],"color":[{"time":1.6333,"color":"ffffffff"},{"time":1.8,"color":"ffffff00"}]},"EF/620_S1_wave1/620_S1_wave1_39":{"attachment":[{"time":1.5333,"name":"EF/620_S1_wave1/620_S1_wave1_00038"},{"time":1.5666,"name":"EF/620_S1_wave1/620_S1_wave1_00039"},{"time":1.6,"name":"EF/620_S1_wave1/620_S1_wave1_00040"},{"time":1.6333,"name":"EF/620_S1_wave1/620_S1_wave1_00041"},{"time":1.6666,"name":"EF/620_S1_wave1/620_S1_wave1_00042"},{"time":1.7,"name":"EF/620_S1_wave1/620_S1_wave1_00043"},{"time":1.7333,"name":"EF/620_S1_wave1/620_S1_wave1_00044"},{"time":1.7666,"name":"EF/620_S1_wave1/620_S1_wave1_00045"},{"time":1.8,"name":"EF/620_S1_wave1/620_S1_wave1_00046"},{"time":1.8333,"name":"EF/620_S1_wave1/620_S1_wave1_00047"},{"time":1.8666,"name":"EF/620_S1_wave1/620_S1_wave1_00048"}],"color":[{"time":1.7666,"color":"ffffffff"},{"time":1.9333,"color":"ffffff00"}]},"MAIN":{"attachment":[{"time":0,"name":"attack1_00"},{"time":0.0666,"name":"attack1_01"},{"time":0.1333,"name":"attack1_02"},{"time":0.4,"name":"attack1_03"},{"time":0.4333,"name":"attack1_03"},{"time":0.4666,"name":"attack1_04"},{"time":0.8333,"name":"skill1_07"},{"time":0.8666,"name":"skill1_08"},{"time":0.9666,"name":"skill1_01"},{"time":1.0333,"name":"skill1_02"},{"time":1.0666,"name":"skill1_03"},{"time":1.2666,"name":"skill1_04"},{"time":1.3,"name":"skill1_05"},{"time":1.3666,"name":"skill1_06"},{"time":1.4,"name":"skill1_07"},{"time":1.4333,"name":"skill1_08"},{"time":1.9333,"name":"back_00"}]}},"bones":{"MAIN":{"translate":[{"time":0,"x":0,"y":0,"curve":[0.123,0.52,0.32,1]},{"time":0.2666,"x":16.78,"y":0,"curve":"stepped"},{"time":0.4,"x":-14.09,"y":0,"curve":[0.127,0.94,0.466,1]},{"time":0.4333,"x":-72.1,"y":0.56,"curve":[0.196,0.85,0.777,1]},{"time":0.6,"x":-105.65,"y":0.97,"curve":"stepped"},{"time":0.9666,"x":-104.6,"y":19.66},{"time":1.0666,"x":-140.7,"y":89.42,"curve":[0,0.67,0.491,1]},{"time":1.2666,"x":-168.1,"y":118.6,"curve":[0.591,0,1,0.49]},{"time":1.3,"x":-180.1,"y":-22.21},{"time":1.3333,"x":-180.3,"y":-0.33},{"time":1.4,"x":-180.3,"y":-13.85},{"time":1.4333,"x":-180.3,"y":-7.15},{"time":1.4666,"x":-180.3,"y":-10.71},{"time":1.5,"x":-180.3,"y":-7.15,"curve":"stepped"},{"time":1.9,"x":-180.3,"y":-7.15},{"time":1.9333,"x":-162.01,"y":8.49},{"time":2,"x":-32.81,"y":29.14},{"time":2.0666,"x":0,"y":0}]},"EF":{"translate":[{"time":1.3,"x":-415.98,"y":-34.44}],"scale":[{"time":1.3,"x":1.266,"y":1.559},{"time":1.6333,"x":1.395,"y":1.112},{"time":1.7,"x":1.826,"y":1.416}]},"EF2":{"translate":[{"time":1.4,"x":-415.98,"y":-34.44}],"scale":[{"time":1.4,"x":1.266,"y":1.559},{"time":1.7333,"x":1.395,"y":1.112},{"time":1.8,"x":1.826,"y":1.416}]},"EF3":{"translate":[{"time":1.5333,"x":-415.98,"y":-34.44}],"scale":[{"time":1.5333,"x":1.266,"y":1.559},{"time":1.8666,"x":1.395,"y":1.112},{"time":1.9333,"x":1.826,"y":1.416}]},"DAMAGEAREA":{"translate":[{"time":0.4666,"x":-102.61,"y":45.24,"curve":"stepped"},{"time":1.4,"x":-186.86,"y":25.57}],"scale":[{"time":0.4666,"x":0.872,"y":0.509,"curve":"stepped"},{"time":1.4,"x":1.85,"y":0.419}]}},"events":[{"time":0,"name":"HitEffect","string":"setHitEffect(hit06c,1,1,1)"},{"time":0.0333,"name":"Event","float":0.08,"string":"kHitStopType_normal"},{"time":0.3666,"name":"Sound1","string":"cri_se_battle_skill_shot"},{"time":0.4,"name":"Sound2","string":"setHitSound(se_battle_hands_hit)"},{"time":0.4,"name":"Voice","string":"cri_053_voice_attack_random"},{"time":0.9666,"name":"Sound1","string":"cri_se_battle_jump"},{"time":1.2666,"name":"Voice","string":"cri_053_voice_attack_c"},{"time":1.3,"name":"Sound1","string":"cri_se_battle_monster_hit"},{"time":1.3,"name":"Sound2","string":"setHitSound(se_battle_hands_hit)"},{"time":1.3666,"name":"Event","float":0.1,"string":"kHitStopType_normal"},{"time":1.4,"name":"Hit1","float":2,"string":"resetHitList"},{"time":1.4,"name":"HitEffect","string":"setHitEffect(hit04c,1,0.6,1)"},{"time":1.5,"name":"Hit1","float":2,"string":"resetHitList"},{"time":1.6,"name":"Hit1","float":2,"string":"resetHitList"},{"time":1.7,"name":"Hit1","float":2,"string":"resetHitList"},{"time":1.9333,"name":"Sound1","string":"cri_se_battle_jump"}]},"back":{"slots":{"MAIN":{"attachment":[{"time":0,"name":"back_00"},{"time":0.2666,"name":"idle_00"},{"time":0.6666,"name":"back_00"}]}},"bones":{"MAIN":{"translate":[{"time":0,"x":10,"y":0},{"time":0.1333,"x":82.51,"y":9.97},{"time":0.3,"x":129.89,"y":0,"curve":[0.247,0.84,0.557,1]},{"time":0.4,"x":139.89,"y":0}]}},"events":[{"time":0,"name":"Sound1","string":"cri_se_battle_jump"},{"time":0.2666,"name":"Sound1","string":"cri_se_battle_landing"}]},"cast":{"slots":{"MAIN":{"attachment":[{"time":0,"name":"attack1_00"},{"time":0.0666,"name":"attack1_01"},{"time":0.1333,"name":"attack1_02"},{"time":0.5,"name":"attack1_03"},{"time":0.5333,"name":"attack1_04"},{"time":0.9666,"name":"idle_00"}]}},"bones":{"MAIN":{"translate":[{"time":0,"x":42.35,"y":0,"curve":"stepped"},{"time":0.5,"x":0,"y":0}]}},"events":[{"time":0.5,"name":"Voice","string":"cri_053_voice_item"}]},"damage":{"slots":{"MAIN":{"attachment":[{"time":0,"name":"damage_00"}]}}},"front":{"slots":{"MAIN":{"attachment":[{"time":0,"name":"front_00"}]}}},"idle":{"slots":{"MAIN":{"attachment":[{"time":0,"name":"idle_00"},{"time":0.1666,"name":"idle_01"},{"time":0.3333,"name":"idle_02"},{"time":0.5,"name":"idle_03"},{"time":0.6666,"name":"idle_04"},{"time":0.8333,"name":"idle_00"}]}}},"skill1":{"slots":{"DAMAGEAREA":{"attachment":[{"time":1,"name":"DAMAGEAREA"},{"time":1.2,"name":null},{"time":2.2333,"name":"DAMAGEAREA"},{"time":2.6333,"name":null}]},"EF/620_S1_wave1/620_S1_wave1_00038":{"attachment":[{"time":2.0666,"name":"EF/620_S1_wave1/620_S1_wave1_00038"},{"time":2.1333,"name":"EF/620_S1_wave1/620_S1_wave1_00039"},{"time":2.1666,"name":"EF/620_S1_wave1/620_S1_wave1_00040"},{"time":2.2,"name":"EF/620_S1_wave1/620_S1_wave1_00041"},{"time":2.2333,"name":"EF/620_S1_wave1/620_S1_wave1_00042"},{"time":2.2666,"name":"EF/620_S1_wave1/620_S1_wave1_00043"},{"time":2.3,"name":"EF/620_S1_wave1/620_S1_wave1_00044"},{"time":2.3333,"name":"EF/620_S1_wave1/620_S1_wave1_00045"},{"time":2.3666,"name":"EF/620_S1_wave1/620_S1_wave1_00046"},{"time":2.4333,"name":"EF/620_S1_wave1/620_S1_wave1_00047"},{"time":2.5,"name":"EF/620_S1_wave1/620_S1_wave1_00048"}],"color":[{"time":2.3333,"color":"ffffffff"},{"time":2.5666,"color":"ffffff00"}]},"MAIN":{"attachment":[{"time":0,"name":"attack1_00"},{"time":0.0666,"name":"attack1_01"},{"time":0.1333,"name":"attack1_02"},{"time":1,"name":"attack1_03"},{"time":1.0333,"name":"attack1_03"},{"time":1.0666,"name":"attack1_04"},{"time":1.2666,"name":"skill1_07"},{"time":1.3,"name":"skill1_08"},{"time":1.5333,"name":"skill1_01"},{"time":1.6,"name":"skill1_02"},{"time":1.6333,"name":"skill1_03"},{"time":1.9666,"name":"skill1_04"},{"time":2,"name":"skill1_05"},{"time":2.0666,"name":"skill1_06"},{"time":2.1,"name":"skill1_07"},{"time":2.1333,"name":"skill1_08"},{"time":2.8666,"name":"back_00"}]}},"bones":{"MAIN":{"translate":[{"time":0,"x":0,"y":0,"curve":[0.123,0.52,0.75,1]},{"time":0.1333,"x":7.76,"y":0,"curve":[0.059,0.77,0.75,1]},{"time":0.8,"x":16.78,"y":0,"curve":"stepped"},{"time":0.9666,"x":7.76,"y":0,"curve":[0.25,0,0.75,1]},{"time":1,"x":-131.64,"y":0,"curve":"stepped"},{"time":1.0333,"x":-131.64,"y":0},{"time":1.1,"x":-127.89,"y":0,"curve":"stepped"},{"time":1.2666,"x":-127.19,"y":-3.07},{"time":1.3333,"x":-127.19,"y":-7.92,"curve":"stepped"},{"time":1.5333,"x":-144.56,"y":19.66},{"time":1.5666,"x":-160.72,"y":52.64},{"time":1.6333,"x":-200.7,"y":89.42,"curve":[0,0.67,0.491,1]},{"time":1.9666,"x":-238.05,"y":118.6},{"time":2,"x":-254.38,"y":113.83},{"time":2.0333,"x":-270.34,"y":-7.15},{"time":2.0666,"x":-270.34,"y":-22.21},{"time":2.1,"x":-270.34,"y":-0.33},{"time":2.1666,"x":-270.34,"y":-7.15,"curve":"stepped"},{"time":2.8333,"x":-270.34,"y":-7.15},{"time":2.8666,"x":-162.01,"y":8.49},{"time":2.9333,"x":-115.72,"y":31.1},{"time":3,"x":-69.43,"y":29.14},{"time":3.1,"x":0,"y":0}]},"EF":{"translate":[{"time":2.0666,"x":-492.12,"y":-22.33}],"scale":[{"time":2.0666,"x":2.476,"y":1.974,"curve":"stepped"},{"time":2.5,"x":2.476,"y":1.974},{"time":2.5666,"x":2.617,"y":2.029}]},"DAMAGEAREA":{"translate":[{"time":1,"x":-94.41,"y":39.33,"curve":"stepped"},{"time":1.0666,"x":-276.91,"y":67.2},{"time":1.1333,"x":-301.55,"y":60.97,"curve":"stepped"},{"time":2.2333,"x":-273.54,"y":154.33}],"scale":[{"time":1,"x":1.202,"y":0.436,"curve":"stepped"},{"time":1.0666,"x":1.53,"y":2.436},{"time":1.1333,"x":1.803,"y":3.432,"curve":"stepped"},{"time":2.2333,"x":3.337,"y":1.677}]}},"events":[{"time":0,"name":"HitEffect","string":"setHitEffect(hit03c,1,0.8,100)"},{"time":0.0333,"name":"Event","float":0.2,"string":"kHitStopType_normal"},{"time":0.1333,"name":"Voice","string":"cri_053_voice_skill_c"},{"time":0.9666,"name":"Sound1","string":"cri_se_battle_skill_shot"},{"time":0.9666,"name":"Voice","string":"cri_053_voice_skill_b"},{"time":1,"name":"Sound2","string":"setHitSound(se_battle_hands_hit)"},{"time":1.0333,"name":"Event","float":0.01,"string":"kHitStopType_normal"},{"time":1.0666,"name":"Hit1","string":"resetHitList"},{"time":1.1,"name":"Event","string":"shakeGround"},{"time":1.1,"name":"Hit1","string":"resetHitList"},{"time":1.1333,"name":"Hit1","string":"resetHitList"},{"time":1.1666,"name":"Event","string":"kImpactType_knock"},{"time":1.5333,"name":"Sound1","string":"cri_se_battle_jump"},{"time":1.9333,"name":"Voice","string":"cri_053_voice_skill_a"},{"time":2.0666,"name":"Sound1","string":"cri_se_battle_030_explosion_02"},{"time":2.0666,"name":"Sound2","string":"cri_se_battle_hard_hit"},{"time":2.2,"name":"Event","float":0.1,"string":"kHitStopType_normal"},{"time":2.2333,"name":"Event","float":0.5,"string":"shakeGround_Loop"},{"time":2.2333,"name":"Hit1","string":"resetHitList"},{"time":2.2333,"name":"HitEffect","string":"setHitEffect(hit02c,1,0.8,100)"},{"time":2.2666,"name":"Hit1","string":"resetHitList"},{"time":2.3,"name":"Hit1","string":"resetHitList"},{"time":2.3333,"name":"Hit1","string":"resetHitList"},{"time":2.3666,"name":"Event","string":"kImpactType_up"},{"time":2.3666,"name":"Hit1","string":"resetHitList"}]},"skill2":{"slots":{"DAMAGEAREA":{"attachment":[{"time":0.4,"name":"DAMAGEAREA"},{"time":0.5333,"name":null},{"time":2.6,"name":"DAMAGEAREA"},{"time":3.5333,"name":null}]},"EF/620_S1_wave1/620_S1_wave1_00038":{"attachment":[{"time":2.4666,"name":"EF/620_S1_wave1/620_S1_wave1_00038"},{"time":2.5,"name":"EF/620_S1_wave1/620_S1_wave1_00039"},{"time":2.5333,"name":"EF/620_S1_wave1/620_S1_wave1_00040"},{"time":2.5666,"name":"EF/620_S1_wave1/620_S1_wave1_00041"},{"time":2.6,"name":"EF/620_S1_wave1/620_S1_wave1_00042"},{"time":2.6333,"name":"EF/620_S1_wave1/620_S1_wave1_00043"},{"time":2.6666,"name":"EF/620_S1_wave1/620_S1_wave1_00044"},{"time":2.7,"name":"EF/620_S1_wave1/620_S1_wave1_00045"},{"time":2.7333,"name":"EF/620_S1_wave1/620_S1_wave1_00046"},{"time":2.7666,"name":"EF/620_S1_wave1/620_S1_wave1_00047"},{"time":2.8,"name":"EF/620_S1_wave1/620_S1_wave1_00048"},{"time":2.9666,"name":"EF/620_S1_wave1/620_S1_wave1_00038"},{"time":3,"name":"EF/620_S1_wave1/620_S1_wave1_00039"},{"time":3.0333,"name":"EF/620_S1_wave1/620_S1_wave1_00040"},{"time":3.0666,"name":"EF/620_S1_wave1/620_S1_wave1_00041"},{"time":3.1,"name":"EF/620_S1_wave1/620_S1_wave1_00042"},{"time":3.1333,"name":"EF/620_S1_wave1/620_S1_wave1_00043"},{"time":3.1666,"name":"EF/620_S1_wave1/620_S1_wave1_00044"},{"time":3.2,"name":"EF/620_S1_wave1/620_S1_wave1_00045"},{"time":3.2333,"name":"EF/620_S1_wave1/620_S1_wave1_00046"},{"time":3.2666,"name":"EF/620_S1_wave1/620_S1_wave1_00047"},{"time":3.3,"name":"EF/620_S1_wave1/620_S1_wave1_00048"}],"color":[{"time":2.8,"color":"ffffffff"},{"time":2.8666,"color":"ffffff00","curve":"stepped"},{"time":2.9666,"color":"ffffffff","curve":"stepped"},{"time":3.3,"color":"ffffffff"},{"time":3.3666,"color":"ffffff00"}]},"EF/620_S1_wave1/620_S1_wave1_38":{"attachment":[{"time":2.6333,"name":"EF/620_S1_wave1/620_S1_wave1_00038"},{"time":2.6666,"name":"EF/620_S1_wave1/620_S1_wave1_00039"},{"time":2.7,"name":"EF/620_S1_wave1/620_S1_wave1_00040"},{"time":2.7333,"name":"EF/620_S1_wave1/620_S1_wave1_00041"},{"time":2.7666,"name":"EF/620_S1_wave1/620_S1_wave1_00042"},{"time":2.8,"name":"EF/620_S1_wave1/620_S1_wave1_00043"},{"time":2.8333,"name":"EF/620_S1_wave1/620_S1_wave1_00044"},{"time":2.8666,"name":"EF/620_S1_wave1/620_S1_wave1_00045"},{"time":2.9,"name":"EF/620_S1_wave1/620_S1_wave1_00046"},{"time":2.9333,"name":"EF/620_S1_wave1/620_S1_wave1_00047"},{"time":2.9666,"name":"EF/620_S1_wave1/620_S1_wave1_00048"},{"time":3.1333,"name":"EF/620_S1_wave1/620_S1_wave1_00038"},{"time":3.1666,"name":"EF/620_S1_wave1/620_S1_wave1_00039"},{"time":3.2,"name":"EF/620_S1_wave1/620_S1_wave1_00040"},{"time":3.2333,"name":"EF/620_S1_wave1/620_S1_wave1_00041"},{"time":3.2666,"name":"EF/620_S1_wave1/620_S1_wave1_00042"},{"time":3.3,"name":"EF/620_S1_wave1/620_S1_wave1_00043"},{"time":3.3333,"name":"EF/620_S1_wave1/620_S1_wave1_00044"},{"time":3.3666,"name":"EF/620_S1_wave1/620_S1_wave1_00045"},{"time":3.4,"name":"EF/620_S1_wave1/620_S1_wave1_00046"},{"time":3.4333,"name":"EF/620_S1_wave1/620_S1_wave1_00047"},{"time":3.4666,"name":"EF/620_S1_wave1/620_S1_wave1_00048"}],"color":[{"time":2.9666,"color":"ffffffff"},{"time":3.0333,"color":"ffffff00","curve":"stepped"},{"time":3.1333,"color":"ffffffff","curve":"stepped"},{"time":3.4666,"color":"ffffffff"},{"time":3.5333,"color":"ffffff00"}]},"EF/620_S1_wave1/620_S1_wave1_39":{"attachment":[{"time":2.8,"name":"EF/620_S1_wave1/620_S1_wave1_00038"},{"time":2.8333,"name":"EF/620_S1_wave1/620_S1_wave1_00039"},{"time":2.8666,"name":"EF/620_S1_wave1/620_S1_wave1_00040"},{"time":2.9,"name":"EF/620_S1_wave1/620_S1_wave1_00041"},{"time":2.9333,"name":"EF/620_S1_wave1/620_S1_wave1_00042"},{"time":2.9666,"name":"EF/620_S1_wave1/620_S1_wave1_00043"},{"time":3,"name":"EF/620_S1_wave1/620_S1_wave1_00044"},{"time":3.0333,"name":"EF/620_S1_wave1/620_S1_wave1_00045"},{"time":3.0666,"name":"EF/620_S1_wave1/620_S1_wave1_00046"},{"time":3.1,"name":"EF/620_S1_wave1/620_S1_wave1_00047"},{"time":3.1333,"name":"EF/620_S1_wave1/620_S1_wave1_00048"}],"color":[{"time":3.1333,"color":"ffffffff"},{"time":3.2,"color":"ffffff00"}]},"MAIN":{"attachment":[{"time":0,"name":"attack1_00"},{"time":0.0666,"name":"attack1_01"},{"time":0.1333,"name":"attack1_02"},{"time":0.4,"name":"attack1_03"},{"time":0.4333,"name":"attack1_03"},{"time":0.4666,"name":"attack1_04"},{"time":0.8,"name":"back_00"},{"time":0.9333,"name":"attack1_00"},{"time":1.0333,"name":"attack1_01"},{"time":1.2,"name":"skill2_04"},{"time":1.2333,"name":"skill2_03"},{"time":1.2666,"name":"skill2_02"},{"time":1.3,"name":"skill2_01"},{"time":1.3333,"name":"skill2_03"},{"time":1.4,"name":"skill2_02"},{"time":1.4666,"name":"skill2_01"},{"time":1.5,"name":"skill2_03"},{"time":1.5666,"name":"skill2_02"},{"time":1.6333,"name":"skill2_01"},{"time":1.7,"name":"skill2_00"},{"time":1.7666,"name":"skill2_02"},{"time":1.8333,"name":"skill2_01"},{"time":1.9,"name":"skill2_00"},{"time":1.9666,"name":"skill2_01"},{"time":2.0333,"name":"skill2_02"},{"time":2.1,"name":"skill2_03"},{"time":2.2,"name":"skill2_04"},{"time":2.4666,"name":"skill2_01"},{"time":2.5,"name":"skill2_02"},{"time":2.5333,"name":"skill2_00"},{"time":2.5666,"name":"skill2_01"},{"time":2.6,"name":"skill2_02"},{"time":2.6333,"name":"skill2_00"},{"time":2.6666,"name":"skill2_01"},{"time":2.7,"name":"skill2_02"},{"time":2.7333,"name":"skill2_00"},{"time":2.7666,"name":"skill2_01"},{"time":2.8,"name":"skill2_02"},{"time":2.8333,"name":"skill2_00"},{"time":2.8666,"name":"skill2_01"},{"time":2.9,"name":"skill2_02"},{"time":2.9333,"name":"skill2_00"},{"time":2.9666,"name":"skill2_01"},{"time":3,"name":"skill2_02"},{"time":3.0333,"name":"skill2_00"},{"time":3.0666,"name":"skill2_01"},{"time":3.1,"name":"skill2_02"},{"time":3.1333,"name":"skill2_00"},{"time":3.1666,"name":"skill2_01"},{"time":3.2,"name":"skill2_02"},{"time":3.2333,"name":"skill2_00"},{"time":3.2666,"name":"skill2_01"},{"time":3.3,"name":"skill2_02"},{"time":3.3333,"name":"skill2_00"},{"time":3.3666,"name":"skill2_01"},{"time":3.4,"name":"skill2_02"},{"time":3.4333,"name":"skill2_00"},{"time":3.4666,"name":"skill2_01"},{"time":3.5,"name":"skill2_02"},{"time":3.5333,"name":"skill2_00"},{"time":3.5666,"name":"skill2_01"},{"time":3.6,"name":"skill2_02"},{"time":3.6333,"name":"skill2_00"},{"time":3.6666,"name":"skill2_01"},{"time":3.7,"name":"skill2_02"},{"time":3.8,"name":"skill2_03"},{"time":3.9,"name":"skill2_04"},{"time":4.1333,"name":"skill2_04"}]}},"bones":{"MAIN":{"translate":[{"time":0,"x":0,"y":0,"curve":[0.123,0.52,0.75,1]},{"time":0.1333,"x":7.76,"y":0,"curve":"stepped"},{"time":0.3666,"x":7.76,"y":0,"curve":[0.25,0,0.75,1]},{"time":0.4,"x":-131.64,"y":0,"curve":"stepped"},{"time":0.4333,"x":-131.64,"y":0},{"time":0.5,"x":-127.89,"y":0,"curve":"stepped"},{"time":0.8,"x":-127.89,"y":0},{"time":0.8666,"x":55.66,"y":46.65},{"time":0.9666,"x":153.58,"y":0,"curve":[0.239,0.5,0.628,0.85]},{"time":1.1,"x":184.97,"y":0,"curve":"stepped"},{"time":1.2,"x":184.97,"y":0,"curve":"stepped"},{"time":2.4666,"x":184.97,"y":0,"curve":"stepped"},{"time":2.5,"x":196.43,"y":0,"curve":[0.134,0.48,0.75,1]},{"time":2.8,"x":209.42,"y":0}]},"EF":{"translate":[{"time":2.4666,"x":1.52,"y":-24.12}],"scale":[{"time":2.4666,"x":1.835,"y":1.835,"curve":"stepped"},{"time":2.8,"x":1.835,"y":1.835},{"time":2.8666,"x":2.076,"y":2.076,"curve":"stepped"},{"time":2.9666,"x":1.835,"y":1.835,"curve":"stepped"},{"time":3.3,"x":1.835,"y":1.835},{"time":3.3666,"x":2.076,"y":2.076}]},"EF2":{"translate":[{"time":2.4666,"x":1.53,"y":-24.12}],"scale":[{"time":2.4666,"x":1.838,"y":1.838,"curve":"stepped"},{"time":2.9666,"x":1.838,"y":1.838},{"time":3.0333,"x":2.076,"y":2.076,"curve":"stepped"},{"time":3.1333,"x":1.838,"y":1.838,"curve":"stepped"},{"time":3.4666,"x":1.838,"y":1.838},{"time":3.5333,"x":2.076,"y":2.076}]},"EF3":{"translate":[{"time":2.4666,"x":1.53,"y":-24.12}],"scale":[{"time":2.4666,"x":1.838,"y":1.838,"curve":"stepped"},{"time":3.1333,"x":1.838,"y":1.838},{"time":3.2,"x":2.076,"y":2.076}]},"DAMAGEAREA":{"translate":[{"time":0.4,"x":-99.82,"y":33.94,"curve":"stepped"},{"time":0.4333,"x":-277.19,"y":40.33},{"time":0.5,"x":-291.72,"y":40.33,"curve":"stepped"},{"time":2.6,"x":-341.4,"y":73.53}],"scale":[{"time":0.4,"x":1.093,"y":0.416,"curve":"stepped"},{"time":0.4333,"x":1.403,"y":2.311},{"time":0.5,"x":1.557,"y":2.952,"curve":"stepped"},{"time":2.6,"x":5.496,"y":1.797}]}},"events":[{"time":0,"name":"HitEffect","string":"setHitEffect(hit02c,1,0.8,100)"},{"time":0,"name":"Voice","string":"cri_053_voice_fullarts_now"},{"time":0.3333,"name":"Event","float":0.08,"string":"kHitStopType_normal"},{"time":0.3666,"name":"Sound1","string":"cri_se_battle_skill_shot"},{"time":0.4,"name":"Sound1","string":"setHitSound(se_battle_hands_hit)"},{"time":0.4333,"name":"Event","float":0.01,"string":"kHitStopType_normal"},{"time":0.4333,"name":"Hit1","string":"resetHitList"},{"time":0.4666,"name":"Hit1","string":"resetHitList"},{"time":0.5,"name":"Event","string":"shakeGround"},{"time":0.5,"name":"Hit1","string":"resetHitList"},{"time":0.5333,"name":"Event","int":10,"string":"kImpactType_knock"},{"time":0.8,"name":"Sound1","string":"cri_se_battle_jump"},{"time":1.2333,"name":"Sound1","string":"cri_se_battle_charge"},{"time":1.2333,"name":"Sound2","string":"cri_se_battle_effect_01"},{"time":2.3333,"name":"Voice","string":"cri_053_voice_fullarts_rank4"},{"time":2.4666,"name":"Event","float":1,"string":"kHitStopType_enemyonly\t"},{"time":2.5,"name":"Sound1","string":"cri_se_battle_skill_elxplosion"},{"time":2.5,"name":"Sound2","string":"setHitSound(se_battle_explosion_short)"},{"time":2.6,"name":"Hit1","float":1.5,"string":"resetHitList"},{"time":2.6333,"name":"Event","float":1,"string":"shakeGround_Loop"},{"time":2.6666,"name":"Hit1","float":1.5,"string":"resetHitList"},{"time":2.7333,"name":"Hit1","float":1.5,"string":"resetHitList"},{"time":2.8,"name":"Hit1","float":1.5,"string":"resetHitList"},{"time":2.8666,"name":"Hit1","float":1.5,"string":"resetHitList"},{"time":2.9333,"name":"Hit1","float":1.5,"string":"resetHitList"},{"time":3,"name":"Hit1","float":1.5,"string":"resetHitList"},{"time":3.0666,"name":"Hit1","float":1.5,"string":"resetHitList"},{"time":3.1333,"name":"Hit1","float":1.5,"string":"resetHitList"},{"time":3.2,"name":"Hit1","float":1.5,"string":"resetHitList"},{"time":3.2666,"name":"Hit1","float":1.5,"string":"resetHitList"},{"time":3.3333,"name":"Hit1","float":1.75,"string":"resetHitList"},{"time":3.4,"name":"Hit1","float":2,"string":"resetHitList"},{"time":3.4333,"name":"Event","int":200,"string":"kImpactType_knock"},{"time":3.4666,"name":"Hit1","float":2.5,"string":"resetHitList"}]}}}