{"skeleton":{"hash":"2l/g+dujLpUqTaG/XjYI+JxJI/Q","spine":"3.0.12","width":0,"height":0,"images":"./images2/"},"bones":[{"name":"root"},{"name":"MAIN","parent":"root","y":81}],"slots":[{"name":"MAIN","bone":"MAIN","attachment":"idle_00"}],"skins":{"default":{"MAIN":{"idle_00":{"x":6.5,"y":0.5,"width":300,"height":300},"idle_01":{"x":6.5,"y":0.5,"width":300,"height":300},"idle_02":{"x":6.5,"y":0.5,"width":300,"height":300},"idle_03":{"x":6.5,"y":0.5,"width":300,"height":300},"idle_04":{"x":6.5,"y":0.5,"width":300,"height":300}}}},"events":{"Event":{},"Event2":{},"Hit":{},"Sound1":{},"Sound2":{},"Voice":{}},"animations":{"idle":{"slots":{"MAIN":{"attachment":[{"time":0,"name":"idle_00"},{"time":0.2,"name":"idle_01"},{"time":0.4,"name":"idle_02"},{"time":0.6,"name":"idle_03"},{"time":0.8,"name":"idle_04"},{"time":1,"name":"idle_00"}]}}}}}