{"skeleton":{"hash":"l3HgWh0rSC6jPd5aAxueUX+plk8","spine":"3.0.12","width":0,"height":0},"bones":[{"name":"root"},{"name":"MAIN","parent":"root","y":90},{"name":"HITBOX","parent":"MAIN","y":-24.72,"scaleX":0.408},{"name":"GUN_ef","parent":"MAIN","x":-99.46,"y":-40.41,"scaleX":2,"scaleY":2},{"name":"EF_wave3_3","parent":"root","x":250,"y":50},{"name":"EF_wave3_2","parent":"root","x":250,"y":50},{"name":"EF_wave3_1","parent":"root","x":250,"y":50},{"name":"EF_wave2_1","parent":"root","x":150,"y":50},{"name":"EF_wave1_6","parent":"root","x":200},{"name":"EF_wave1_5","parent":"root","x":200},{"name":"EF_wave1_4","parent":"root","x":200},{"name":"EF_wave1_3","parent":"root","x":200},{"name":"EF_wave1_2","parent":"root","x":200},{"name":"EF_wave1_1","parent":"root","x":200},{"name":"EF_slash1_1","parent":"root","x":200,"y":50},{"name":"EF_shock1_2","parent":"root","x":100,"y":50},{"name":"EF_shock1_1","parent":"root","x":100,"y":50},{"name":"EF_shine1_1","parent":"root","x":250,"y":100},{"name":"EF_muzzleflash1_2","parent":"root","x":200,"y":100},{"name":"EF_muzzleflash1_1","parent":"root","x":200,"y":100},{"name":"EF_beamjet1_1","parent":"root","x":150},{"name":"EF_OF_main1_1","parent":"root","x":100},{"name":"DAMAGEAREA","parent":"root"}],"slots":[{"name":"EF_wave1_1","bone":"EF_wave1_1","blend":"additive"},{"name":"EF_wave1_2","bone":"EF_wave1_2","blend":"additive"},{"name":"EF_wave1_3","bone":"EF_wave1_3","blend":"additive"},{"name":"EF_wave1_4","bone":"EF_wave1_4","blend":"additive"},{"name":"EF_wave1_5","bone":"EF_wave1_5","blend":"additive"},{"name":"EF_wave1_6","bone":"EF_wave1_6","blend":"additive"},{"name":"MAIN","bone":"MAIN","attachment":"idle_00"},{"name":"EF_wave3_1","bone":"EF_wave3_1","blend":"additive"},{"name":"EF_wave3_2","bone":"EF_wave3_2","blend":"additive"},{"name":"EF_wave3_3","bone":"EF_wave3_3","blend":"additive"},{"name":"GUN_ef_01","bone":"GUN_ef","blend":"additive"},{"name":"EF_OF_main1_1","bone":"EF_OF_main1_1","blend":"additive"},{"name":"EF_beamjet1_1","bone":"EF_beamjet1_1","blend":"additive"},{"name":"EF_wave2_1","bone":"EF_wave2_1","blend":"additive"},{"name":"EF_shock1_1","bone":"EF_shock1_1","blend":"additive"},{"name":"EF_shock1_2","bone":"EF_shock1_2","blend":"additive"},{"name":"EF_slash1_1","bone":"EF_slash1_1","blend":"additive"},{"name":"EF_muzzleflash1_1","bone":"EF_muzzleflash1_1","blend":"additive"},{"name":"EF_muzzleflash1_2","bone":"EF_muzzleflash1_2","blend":"additive"},{"name":"EF_shine1_1","bone":"EF_shine1_1","blend":"additive"},{"name":"DAMAGEAREA","bone":"DAMAGEAREA"},{"name":"HITBOX","bone":"HITBOX","attachment":"HITBOX"}],"skins":{"default":{"DAMAGEAREA":{"DAMAGEAREA":{"type":"boundingbox","vertices":[64.14444,-64.2496,64.40146,64.5753,-63.28243,63.64329,-63.37658,-63.8082]}},"EF_OF_main1_1":{"EF/ef_OF_main/ef_OF_main_00001":{"width":100,"height":100}},"EF_beamjet1_1":{"EF/ef_beam_jet_main/ef_beam_jet_main_00001":{"x":-57.96,"y":2,"width":220,"height":220},"EF/ef_beam_jet_main/ef_beam_jet_main_00002":{"x":-63,"y":2,"width":220,"height":220},"EF/ef_beam_jet_main/ef_beam_jet_main_00003":{"x":-73.14,"y":2,"width":220,"height":220},"EF/ef_beam_jet_main/ef_beam_jet_main_00004":{"x":-70.94,"y":2,"width":220,"height":220}},"EF_muzzleflash1_1":{"EF/ef_muzzleflash/460_S1_shot1_00000":{"x":-3.91,"y":-1.42,"width":250,"height":250},"EF/ef_muzzleflash/460_S1_shot1_00002":{"x":-3.91,"y":-1.42,"width":250,"height":250},"EF/ef_muzzleflash/460_S1_shot1_00003":{"x":-3.91,"y":-1.42,"width":250,"height":250},"EF/ef_muzzleflash/460_S1_shot1_00004":{"x":-3.91,"y":-1.42,"width":250,"height":250},"EF/ef_muzzleflash/460_S1_shot1_00005":{"x":-3.91,"y":-1.42,"width":250,"height":250},"EF/ef_muzzleflash/460_S1_shot1_00007":{"x":-3.91,"y":-1.42,"width":250,"height":250},"EF/ef_muzzleflash/460_S1_shot1_00008":{"x":-3.91,"y":-1.42,"width":250,"height":250}},"EF_muzzleflash1_2":{"EF/ef_muzzleflash/460_S1_shot1_00000":{"x":-3.91,"y":-1.42,"width":250,"height":250},"EF/ef_muzzleflash/460_S1_shot1_00002":{"x":-3.91,"y":-1.42,"width":250,"height":250},"EF/ef_muzzleflash/460_S1_shot1_00003":{"x":-3.91,"y":-1.42,"width":250,"height":250},"EF/ef_muzzleflash/460_S1_shot1_00004":{"x":-3.91,"y":-1.42,"width":250,"height":250},"EF/ef_muzzleflash/460_S1_shot1_00005":{"x":-3.91,"y":-1.42,"width":250,"height":250},"EF/ef_muzzleflash/460_S1_shot1_00007":{"x":-3.91,"y":-1.42,"width":250,"height":250},"EF/ef_muzzleflash/460_S1_shot1_00008":{"x":-3.91,"y":-1.42,"width":250,"height":250}},"EF_shine1_1":{"EF/ef_flash/5140_S1B_power1_00001":{"width":250,"height":250},"EF/ef_flash/5140_S1B_power1_00002":{"width":250,"height":250},"EF/ef_flash/5140_S1B_power1_00003":{"width":250,"height":250},"EF/ef_flash/5140_S1B_power1_00004":{"width":250,"height":250},"EF/ef_flash/5140_S1B_power1_00005":{"width":250,"height":250},"EF/ef_flash/5140_S1B_power1_00006":{"width":250,"height":250},"EF/ef_flash/5140_S1B_power1_00007":{"width":250,"height":250}},"EF_shock1_1":{"EF/ef_sidesprad/430_S1_shock2_00001":{"y":-5.54,"width":250,"height":250},"EF/ef_sidesprad/430_S1_shock2_00003":{"y":-5.54,"width":250,"height":250},"EF/ef_sidesprad/430_S1_shock2_00005":{"y":-5.54,"width":250,"height":250},"EF/ef_sidesprad/430_S1_shock2_00007":{"y":-5.54,"width":250,"height":250}},"EF_shock1_2":{"EF/ef_sidesprad/430_S1_shock2_00001":{"y":-5.54,"width":250,"height":250},"EF/ef_sidesprad/430_S1_shock2_00003":{"y":-5.54,"width":250,"height":250},"EF/ef_sidesprad/430_S1_shock2_00005":{"y":-5.54,"width":250,"height":250},"EF/ef_sidesprad/430_S1_shock2_00007":{"y":-5.54,"width":250,"height":250}},"EF_slash1_1":{"EF/ef_slash_A_main/ef_slash_A_main_00001":{"width":210,"height":210},"EF/ef_slash_A_main/ef_slash_A_main_00002":{"width":210,"height":210},"EF/ef_slash_A_main/ef_slash_A_main_00003":{"width":210,"height":210},"EF/ef_slash_A_main/ef_slash_A_main_00004":{"width":210,"height":210},"EF/ef_slash_A_main/ef_slash_A_main_00005":{"width":210,"height":210},"EF/ef_slash_A_main/ef_slash_A_main_00006":{"width":210,"height":210},"EF/ef_slash_A_main/ef_slash_A_main_00007":{"width":210,"height":210},"EF/ef_slash_A_main/ef_slash_A_main_00008":{"width":210,"height":210},"EF/ef_slash_A_main/ef_slash_A_main_00009":{"width":210,"height":210}},"EF_wave1_1":{"EF/ef_graund_wave_main/ef_graund_wave_main_00001":{"y":9.93,"width":200,"height":120},"EF/ef_graund_wave_main/ef_graund_wave_main_00002":{"y":9.93,"width":200,"height":120},"EF/ef_graund_wave_main/ef_graund_wave_main_00003":{"y":9.93,"width":200,"height":120},"EF/ef_graund_wave_main/ef_graund_wave_main_00004":{"y":9.93,"width":200,"height":120},"EF/ef_graund_wave_main/ef_graund_wave_main_00005":{"y":9.93,"width":200,"height":120},"EF/ef_graund_wave_main/ef_graund_wave_main_00006":{"y":9.93,"width":200,"height":120},"EF/ef_graund_wave_main/ef_graund_wave_main_00007":{"y":9.93,"width":200,"height":120},"EF/ef_graund_wave_main/ef_graund_wave_main_00008":{"y":9.93,"width":200,"height":120},"EF/ef_graund_wave_main/ef_graund_wave_main_00009":{"y":9.93,"width":200,"height":120},"EF/ef_graund_wave_main/ef_graund_wave_main_00010":{"y":9.93,"width":200,"height":120},"EF/ef_graund_wave_main/ef_graund_wave_main_00011":{"y":9.93,"width":200,"height":120},"EF/ef_graund_wave_main/ef_graund_wave_main_00012":{"y":9.93,"width":200,"height":120},"EF/ef_graund_wave_main/ef_graund_wave_main_00013":{"y":9.93,"width":200,"height":120},"EF/ef_graund_wave_main/ef_graund_wave_main_00014":{"y":9.93,"width":200,"height":120},"EF/ef_graund_wave_main/ef_graund_wave_main_00015":{"y":9.93,"width":200,"height":120}},"EF_wave1_2":{"EF/ef_graund_wave_main/ef_graund_wave_main_00001":{"y":9.93,"width":200,"height":120},"EF/ef_graund_wave_main/ef_graund_wave_main_00002":{"y":9.93,"width":200,"height":120},"EF/ef_graund_wave_main/ef_graund_wave_main_00003":{"y":9.93,"width":200,"height":120},"EF/ef_graund_wave_main/ef_graund_wave_main_00004":{"y":9.93,"width":200,"height":120},"EF/ef_graund_wave_main/ef_graund_wave_main_00005":{"y":9.93,"width":200,"height":120},"EF/ef_graund_wave_main/ef_graund_wave_main_00006":{"y":9.93,"width":200,"height":120},"EF/ef_graund_wave_main/ef_graund_wave_main_00007":{"y":9.93,"width":200,"height":120},"EF/ef_graund_wave_main/ef_graund_wave_main_00008":{"y":9.93,"width":200,"height":120},"EF/ef_graund_wave_main/ef_graund_wave_main_00009":{"y":9.93,"width":200,"height":120},"EF/ef_graund_wave_main/ef_graund_wave_main_00010":{"y":9.93,"width":200,"height":120},"EF/ef_graund_wave_main/ef_graund_wave_main_00011":{"y":9.93,"width":200,"height":120},"EF/ef_graund_wave_main/ef_graund_wave_main_00012":{"y":9.93,"width":200,"height":120},"EF/ef_graund_wave_main/ef_graund_wave_main_00013":{"y":9.93,"width":200,"height":120},"EF/ef_graund_wave_main/ef_graund_wave_main_00014":{"y":9.93,"width":200,"height":120},"EF/ef_graund_wave_main/ef_graund_wave_main_00015":{"y":9.93,"width":200,"height":120}},"EF_wave1_3":{"EF/ef_graund_wave_main/ef_graund_wave_main_00001":{"y":9.93,"width":200,"height":120},"EF/ef_graund_wave_main/ef_graund_wave_main_00002":{"y":9.93,"width":200,"height":120},"EF/ef_graund_wave_main/ef_graund_wave_main_00003":{"y":9.93,"width":200,"height":120},"EF/ef_graund_wave_main/ef_graund_wave_main_00004":{"y":9.93,"width":200,"height":120},"EF/ef_graund_wave_main/ef_graund_wave_main_00005":{"y":9.93,"width":200,"height":120},"EF/ef_graund_wave_main/ef_graund_wave_main_00006":{"y":9.93,"width":200,"height":120},"EF/ef_graund_wave_main/ef_graund_wave_main_00007":{"y":9.93,"width":200,"height":120},"EF/ef_graund_wave_main/ef_graund_wave_main_00008":{"y":9.93,"width":200,"height":120},"EF/ef_graund_wave_main/ef_graund_wave_main_00009":{"y":9.93,"width":200,"height":120},"EF/ef_graund_wave_main/ef_graund_wave_main_00010":{"y":9.93,"width":200,"height":120},"EF/ef_graund_wave_main/ef_graund_wave_main_00011":{"y":9.93,"width":200,"height":120},"EF/ef_graund_wave_main/ef_graund_wave_main_00012":{"y":9.93,"width":200,"height":120},"EF/ef_graund_wave_main/ef_graund_wave_main_00013":{"y":9.93,"width":200,"height":120},"EF/ef_graund_wave_main/ef_graund_wave_main_00014":{"y":9.93,"width":200,"height":120},"EF/ef_graund_wave_main/ef_graund_wave_main_00015":{"y":9.93,"width":200,"height":120}},"EF_wave1_4":{"EF/ef_graund_wave_main/ef_graund_wave_main_00001":{"y":9.93,"width":200,"height":120},"EF/ef_graund_wave_main/ef_graund_wave_main_00002":{"y":9.93,"width":200,"height":120},"EF/ef_graund_wave_main/ef_graund_wave_main_00003":{"y":9.93,"width":200,"height":120},"EF/ef_graund_wave_main/ef_graund_wave_main_00004":{"y":9.93,"width":200,"height":120},"EF/ef_graund_wave_main/ef_graund_wave_main_00005":{"y":9.93,"width":200,"height":120},"EF/ef_graund_wave_main/ef_graund_wave_main_00006":{"y":9.93,"width":200,"height":120},"EF/ef_graund_wave_main/ef_graund_wave_main_00007":{"y":9.93,"width":200,"height":120},"EF/ef_graund_wave_main/ef_graund_wave_main_00008":{"y":9.93,"width":200,"height":120},"EF/ef_graund_wave_main/ef_graund_wave_main_00009":{"y":9.93,"width":200,"height":120},"EF/ef_graund_wave_main/ef_graund_wave_main_00010":{"y":9.93,"width":200,"height":120},"EF/ef_graund_wave_main/ef_graund_wave_main_00011":{"y":9.93,"width":200,"height":120},"EF/ef_graund_wave_main/ef_graund_wave_main_00012":{"y":9.93,"width":200,"height":120},"EF/ef_graund_wave_main/ef_graund_wave_main_00013":{"y":9.93,"width":200,"height":120},"EF/ef_graund_wave_main/ef_graund_wave_main_00014":{"y":9.93,"width":200,"height":120},"EF/ef_graund_wave_main/ef_graund_wave_main_00015":{"y":9.93,"width":200,"height":120}},"EF_wave1_5":{"EF/ef_graund_wave_main/ef_graund_wave_main_00001":{"y":9.93,"width":200,"height":120},"EF/ef_graund_wave_main/ef_graund_wave_main_00002":{"y":9.93,"width":200,"height":120},"EF/ef_graund_wave_main/ef_graund_wave_main_00003":{"y":9.93,"width":200,"height":120},"EF/ef_graund_wave_main/ef_graund_wave_main_00004":{"y":9.93,"width":200,"height":120},"EF/ef_graund_wave_main/ef_graund_wave_main_00005":{"y":9.93,"width":200,"height":120},"EF/ef_graund_wave_main/ef_graund_wave_main_00006":{"y":9.93,"width":200,"height":120},"EF/ef_graund_wave_main/ef_graund_wave_main_00007":{"y":9.93,"width":200,"height":120},"EF/ef_graund_wave_main/ef_graund_wave_main_00008":{"y":9.93,"width":200,"height":120},"EF/ef_graund_wave_main/ef_graund_wave_main_00009":{"y":9.93,"width":200,"height":120},"EF/ef_graund_wave_main/ef_graund_wave_main_00010":{"y":9.93,"width":200,"height":120},"EF/ef_graund_wave_main/ef_graund_wave_main_00011":{"y":9.93,"width":200,"height":120},"EF/ef_graund_wave_main/ef_graund_wave_main_00012":{"y":9.93,"width":200,"height":120},"EF/ef_graund_wave_main/ef_graund_wave_main_00013":{"y":9.93,"width":200,"height":120},"EF/ef_graund_wave_main/ef_graund_wave_main_00014":{"y":9.93,"width":200,"height":120},"EF/ef_graund_wave_main/ef_graund_wave_main_00015":{"y":9.93,"width":200,"height":120}},"EF_wave1_6":{"EF/ef_graund_wave_main/ef_graund_wave_main_00001":{"y":9.93,"width":200,"height":120},"EF/ef_graund_wave_main/ef_graund_wave_main_00002":{"y":9.93,"width":200,"height":120},"EF/ef_graund_wave_main/ef_graund_wave_main_00003":{"y":9.93,"width":200,"height":120},"EF/ef_graund_wave_main/ef_graund_wave_main_00004":{"y":9.93,"width":200,"height":120},"EF/ef_graund_wave_main/ef_graund_wave_main_00005":{"y":9.93,"width":200,"height":120},"EF/ef_graund_wave_main/ef_graund_wave_main_00006":{"y":9.93,"width":200,"height":120},"EF/ef_graund_wave_main/ef_graund_wave_main_00007":{"y":9.93,"width":200,"height":120},"EF/ef_graund_wave_main/ef_graund_wave_main_00008":{"y":9.93,"width":200,"height":120},"EF/ef_graund_wave_main/ef_graund_wave_main_00009":{"y":9.93,"width":200,"height":120},"EF/ef_graund_wave_main/ef_graund_wave_main_00010":{"y":9.93,"width":200,"height":120},"EF/ef_graund_wave_main/ef_graund_wave_main_00011":{"y":9.93,"width":200,"height":120},"EF/ef_graund_wave_main/ef_graund_wave_main_00012":{"y":9.93,"width":200,"height":120},"EF/ef_graund_wave_main/ef_graund_wave_main_00013":{"y":9.93,"width":200,"height":120},"EF/ef_graund_wave_main/ef_graund_wave_main_00014":{"y":9.93,"width":200,"height":120},"EF/ef_graund_wave_main/ef_graund_wave_main_00015":{"y":9.93,"width":200,"height":120}},"EF_wave2_1":{"EF/ef_wave_A_main/ef_wave_A_main_00001":{"width":240,"height":240},"EF/ef_wave_A_main/ef_wave_A_main_00002":{"width":240,"height":240},"EF/ef_wave_A_main/ef_wave_A_main_00003":{"width":240,"height":240},"EF/ef_wave_A_main/ef_wave_A_main_00004":{"width":240,"height":240},"EF/ef_wave_A_main/ef_wave_A_main_00005":{"width":240,"height":240},"EF/ef_wave_A_main/ef_wave_A_main_00006":{"width":240,"height":240}},"EF_wave3_1":{"EF/ef_wave_B_main/ef_wave_B_main_00001":{"rotation":180,"width":150,"height":240},"EF/ef_wave_B_main/ef_wave_B_main_00002":{"rotation":180,"width":150,"height":240},"EF/ef_wave_B_main/ef_wave_B_main_00003":{"rotation":180,"width":150,"height":240},"EF/ef_wave_B_main/ef_wave_B_main_00004":{"rotation":180,"width":150,"height":240},"EF/ef_wave_B_main/ef_wave_B_main_00005":{"rotation":180,"width":150,"height":240},"EF/ef_wave_B_main/ef_wave_B_main_00006":{"rotation":180,"width":150,"height":240},"EF/ef_wave_B_main/ef_wave_B_main_00007":{"rotation":180,"width":150,"height":240}},"EF_wave3_2":{"EF/ef_wave_B_main/ef_wave_B_main_00001":{"rotation":180,"width":150,"height":240},"EF/ef_wave_B_main/ef_wave_B_main_00002":{"rotation":180,"width":150,"height":240},"EF/ef_wave_B_main/ef_wave_B_main_00003":{"rotation":180,"width":150,"height":240},"EF/ef_wave_B_main/ef_wave_B_main_00004":{"rotation":180,"width":150,"height":240},"EF/ef_wave_B_main/ef_wave_B_main_00005":{"rotation":180,"width":150,"height":240},"EF/ef_wave_B_main/ef_wave_B_main_00006":{"rotation":180,"width":150,"height":240},"EF/ef_wave_B_main/ef_wave_B_main_00007":{"rotation":180,"width":150,"height":240}},"EF_wave3_3":{"EF/ef_wave_B_main/ef_wave_B_main_00001":{"rotation":180,"width":150,"height":240},"EF/ef_wave_B_main/ef_wave_B_main_00002":{"rotation":180,"width":150,"height":240},"EF/ef_wave_B_main/ef_wave_B_main_00003":{"rotation":180,"width":150,"height":240},"EF/ef_wave_B_main/ef_wave_B_main_00004":{"rotation":180,"width":150,"height":240},"EF/ef_wave_B_main/ef_wave_B_main_00005":{"rotation":180,"width":150,"height":240},"EF/ef_wave_B_main/ef_wave_B_main_00006":{"rotation":180,"width":150,"height":240},"EF/ef_wave_B_main/ef_wave_B_main_00007":{"rotation":180,"width":150,"height":240}},"GUN_ef_01":{"attack1_ef_00":{"width":256,"height":256},"back_ef_00":{"x":38.26,"y":13.69,"width":256,"height":256},"front_ef_00":{"x":38.26,"y":13.69,"width":256,"height":256},"idle_ef_01":{"x":38.26,"y":13.69,"width":256,"height":256},"idle_ef_02":{"x":38.26,"y":13.69,"width":256,"height":256},"idle_ef_03":{"x":38.26,"y":13.69,"width":256,"height":256},"skill1_ef_01":{"x":38.26,"y":13.69,"width":256,"height":256},"skill1_ef_02":{"x":38.26,"y":13.69,"width":256,"height":256},"skill1_ef_03":{"x":38.26,"y":13.69,"width":256,"height":256}},"HITBOX":{"HITBOX":{"type":"boundingbox","vertices":[-64.19667,-63.56778,63.9051,-63.56778,63.9051,63.85797,-63.18268,63.51999]}},"MAIN":{"attack1_00":{"x":-22.93,"y":-13.01,"scaleX":2,"scaleY":2,"width":256,"height":256},"attack1_01":{"x":-22.93,"y":-13.01,"scaleX":2,"scaleY":2,"width":256,"height":256},"attack1_02":{"x":-22.93,"y":-13.01,"scaleX":2,"scaleY":2,"width":256,"height":256},"attack1_03":{"x":-22.93,"y":-13.01,"scaleX":2,"scaleY":2,"width":256,"height":256},"attack1_04":{"x":-22.93,"y":-13.01,"scaleX":2,"scaleY":2,"width":256,"height":256},"attack1_05":{"x":-22.93,"y":-13.01,"scaleX":2,"scaleY":2,"width":256,"height":256},"attack1_06":{"x":-22.93,"y":-13.01,"scaleX":2,"scaleY":2,"width":256,"height":256},"back_00":{"x":-22.93,"y":-13.01,"scaleX":2,"scaleY":2,"width":256,"height":256},"cast_00":{"x":-22.93,"y":-13.01,"scaleX":2,"scaleY":2,"width":256,"height":256},"cast_01":{"x":-22.93,"y":-13.01,"scaleX":2,"scaleY":2,"width":256,"height":256},"cast_02":{"x":-22.93,"y":-13.01,"scaleX":2,"scaleY":2,"width":256,"height":256},"damage_00":{"x":-43.96,"y":-5.12,"scaleX":2,"scaleY":2,"width":256,"height":256},"front_00":{"x":-22.93,"y":-13.01,"scaleX":2,"scaleY":2,"width":256,"height":256},"idle_00":{"x":-22.93,"y":-13.01,"scaleX":2,"scaleY":2,"width":256,"height":256},"idle_01":{"x":-22.93,"y":-13.01,"scaleX":2,"scaleY":2,"width":256,"height":256},"idle_02":{"x":-22.93,"y":-13.01,"scaleX":2,"scaleY":2,"width":256,"height":256},"idle_03":{"x":-22.93,"y":-13.01,"scaleX":2,"scaleY":2,"width":256,"height":256},"skill1_00":{"x":-22.93,"y":-13.01,"scaleX":2,"scaleY":2,"width":256,"height":256},"skill1_01":{"x":-22.93,"y":-13.01,"scaleX":2,"scaleY":2,"width":256,"height":256},"skill1_02":{"x":-22.93,"y":-13.01,"scaleX":2,"scaleY":2,"width":256,"height":256},"skill1_03":{"x":-22.93,"y":-13.01,"scaleX":2,"scaleY":2,"width":256,"height":256},"skill2_00":{"x":-22.93,"y":-13.01,"scaleX":2,"scaleY":2,"width":256,"height":256},"skill2_01":{"x":-22.93,"y":-13.01,"scaleX":2,"scaleY":2,"width":256,"height":256},"skill2_02":{"x":-22.93,"y":-13.01,"scaleX":2,"scaleY":2,"width":256,"height":256},"skill2_03":{"x":-22.93,"y":-13.01,"scaleX":2,"scaleY":2,"width":256,"height":256},"skill2_04":{"x":-22.93,"y":-13.01,"scaleX":2,"scaleY":2,"width":256,"height":256},"skill2_05":{"x":-22.93,"y":-13.01,"scaleX":2,"scaleY":2,"width":256,"height":256},"skill2_06":{"x":-22.93,"y":-13.01,"scaleX":2,"scaleY":2,"width":256,"height":256}}}},"events":{"Event":{},"Hit":{},"Sound1":{},"Sound2":{},"Sound3":{},"Voice":{}},"animations":{"attack1":{"slots":{"DAMAGEAREA":{"attachment":[{"time":0.1,"name":"DAMAGEAREA"},{"time":0.7333,"name":null},{"time":1.0666,"name":"DAMAGEAREA"},{"time":1.7,"name":null}]},"EF_muzzleflash1_1":{"attachment":[{"time":0.0666,"name":"EF/ef_muzzleflash/460_S1_shot1_00000"},{"time":0.1,"name":"EF/ef_muzzleflash/460_S1_shot1_00002"},{"time":0.1333,"name":"EF/ef_muzzleflash/460_S1_shot1_00003"},{"time":0.1666,"name":"EF/ef_muzzleflash/460_S1_shot1_00004"},{"time":0.2,"name":"EF/ef_muzzleflash/460_S1_shot1_00005"},{"time":0.2333,"name":"EF/ef_muzzleflash/460_S1_shot1_00007"},{"time":0.2666,"name":"EF/ef_muzzleflash/460_S1_shot1_00008"},{"time":0.3,"name":null},{"time":0.3333,"name":"EF/ef_muzzleflash/460_S1_shot1_00000"},{"time":0.3666,"name":"EF/ef_muzzleflash/460_S1_shot1_00002"},{"time":0.4,"name":"EF/ef_muzzleflash/460_S1_shot1_00003"},{"time":0.4333,"name":"EF/ef_muzzleflash/460_S1_shot1_00004"},{"time":0.4666,"name":"EF/ef_muzzleflash/460_S1_shot1_00005"},{"time":0.5,"name":"EF/ef_muzzleflash/460_S1_shot1_00007"},{"time":0.5333,"name":"EF/ef_muzzleflash/460_S1_shot1_00008"},{"time":0.5666,"name":null},{"time":0.6,"name":"EF/ef_muzzleflash/460_S1_shot1_00000"},{"time":0.6333,"name":"EF/ef_muzzleflash/460_S1_shot1_00002"},{"time":0.6666,"name":"EF/ef_muzzleflash/460_S1_shot1_00003"},{"time":0.7,"name":"EF/ef_muzzleflash/460_S1_shot1_00004"},{"time":0.7333,"name":"EF/ef_muzzleflash/460_S1_shot1_00005"},{"time":0.7666,"name":"EF/ef_muzzleflash/460_S1_shot1_00007"},{"time":0.8,"name":"EF/ef_muzzleflash/460_S1_shot1_00008"},{"time":0.8333,"name":null},{"time":1.0333,"name":"EF/ef_muzzleflash/460_S1_shot1_00000"},{"time":1.0666,"name":"EF/ef_muzzleflash/460_S1_shot1_00002"},{"time":1.1,"name":"EF/ef_muzzleflash/460_S1_shot1_00003"},{"time":1.1333,"name":"EF/ef_muzzleflash/460_S1_shot1_00004"},{"time":1.1666,"name":"EF/ef_muzzleflash/460_S1_shot1_00005"},{"time":1.2,"name":"EF/ef_muzzleflash/460_S1_shot1_00007"},{"time":1.2333,"name":"EF/ef_muzzleflash/460_S1_shot1_00008"},{"time":1.2666,"name":null},{"time":1.3,"name":"EF/ef_muzzleflash/460_S1_shot1_00000"},{"time":1.3333,"name":"EF/ef_muzzleflash/460_S1_shot1_00002"},{"time":1.3666,"name":"EF/ef_muzzleflash/460_S1_shot1_00003"},{"time":1.4,"name":"EF/ef_muzzleflash/460_S1_shot1_00004"},{"time":1.4333,"name":"EF/ef_muzzleflash/460_S1_shot1_00005"},{"time":1.4666,"name":"EF/ef_muzzleflash/460_S1_shot1_00007"},{"time":1.5,"name":"EF/ef_muzzleflash/460_S1_shot1_00008"},{"time":1.5333,"name":null},{"time":1.5666,"name":"EF/ef_muzzleflash/460_S1_shot1_00000"},{"time":1.6,"name":"EF/ef_muzzleflash/460_S1_shot1_00002"},{"time":1.6333,"name":"EF/ef_muzzleflash/460_S1_shot1_00003"},{"time":1.6666,"name":"EF/ef_muzzleflash/460_S1_shot1_00004"},{"time":1.7,"name":"EF/ef_muzzleflash/460_S1_shot1_00005"},{"time":1.7333,"name":"EF/ef_muzzleflash/460_S1_shot1_00007"},{"time":1.7666,"name":"EF/ef_muzzleflash/460_S1_shot1_00008"},{"time":1.8,"name":null}]},"EF_muzzleflash1_2":{"attachment":[{"time":0.2,"name":"EF/ef_muzzleflash/460_S1_shot1_00000"},{"time":0.2333,"name":"EF/ef_muzzleflash/460_S1_shot1_00002"},{"time":0.2666,"name":"EF/ef_muzzleflash/460_S1_shot1_00003"},{"time":0.3,"name":"EF/ef_muzzleflash/460_S1_shot1_00004"},{"time":0.3333,"name":"EF/ef_muzzleflash/460_S1_shot1_00005"},{"time":0.3666,"name":"EF/ef_muzzleflash/460_S1_shot1_00007"},{"time":0.4,"name":"EF/ef_muzzleflash/460_S1_shot1_00008"},{"time":0.4333,"name":null},{"time":0.4666,"name":"EF/ef_muzzleflash/460_S1_shot1_00000"},{"time":0.5,"name":"EF/ef_muzzleflash/460_S1_shot1_00002"},{"time":0.5333,"name":"EF/ef_muzzleflash/460_S1_shot1_00003"},{"time":0.5666,"name":"EF/ef_muzzleflash/460_S1_shot1_00004"},{"time":0.6,"name":"EF/ef_muzzleflash/460_S1_shot1_00005"},{"time":0.6333,"name":"EF/ef_muzzleflash/460_S1_shot1_00007"},{"time":0.6666,"name":"EF/ef_muzzleflash/460_S1_shot1_00008"},{"time":0.7,"name":null},{"time":1.1666,"name":"EF/ef_muzzleflash/460_S1_shot1_00000"},{"time":1.2,"name":"EF/ef_muzzleflash/460_S1_shot1_00002"},{"time":1.2333,"name":"EF/ef_muzzleflash/460_S1_shot1_00003"},{"time":1.2666,"name":"EF/ef_muzzleflash/460_S1_shot1_00004"},{"time":1.3,"name":"EF/ef_muzzleflash/460_S1_shot1_00005"},{"time":1.3333,"name":"EF/ef_muzzleflash/460_S1_shot1_00007"},{"time":1.3666,"name":"EF/ef_muzzleflash/460_S1_shot1_00008"},{"time":1.4,"name":null},{"time":1.4333,"name":"EF/ef_muzzleflash/460_S1_shot1_00000"},{"time":1.4666,"name":"EF/ef_muzzleflash/460_S1_shot1_00002"},{"time":1.5,"name":"EF/ef_muzzleflash/460_S1_shot1_00003"},{"time":1.5333,"name":"EF/ef_muzzleflash/460_S1_shot1_00004"},{"time":1.5666,"name":"EF/ef_muzzleflash/460_S1_shot1_00005"},{"time":1.6,"name":"EF/ef_muzzleflash/460_S1_shot1_00007"},{"time":1.6333,"name":"EF/ef_muzzleflash/460_S1_shot1_00008"},{"time":1.6666,"name":null}]},"EF_shock1_1":{"attachment":[{"time":0.1,"name":"EF/ef_sidesprad/430_S1_shock2_00001"},{"time":0.1333,"name":"EF/ef_sidesprad/430_S1_shock2_00003"},{"time":0.1666,"name":"EF/ef_sidesprad/430_S1_shock2_00005"},{"time":0.2,"name":"EF/ef_sidesprad/430_S1_shock2_00007"},{"time":0.2333,"name":null},{"time":0.3666,"name":"EF/ef_sidesprad/430_S1_shock2_00001"},{"time":0.4,"name":"EF/ef_sidesprad/430_S1_shock2_00003"},{"time":0.4333,"name":"EF/ef_sidesprad/430_S1_shock2_00005"},{"time":0.4666,"name":"EF/ef_sidesprad/430_S1_shock2_00007"},{"time":0.5,"name":null},{"time":0.6333,"name":"EF/ef_sidesprad/430_S1_shock2_00001"},{"time":0.6666,"name":"EF/ef_sidesprad/430_S1_shock2_00003"},{"time":0.7,"name":"EF/ef_sidesprad/430_S1_shock2_00005"},{"time":0.7333,"name":"EF/ef_sidesprad/430_S1_shock2_00007"},{"time":0.7666,"name":null},{"time":1.0666,"name":"EF/ef_sidesprad/430_S1_shock2_00001"},{"time":1.1,"name":"EF/ef_sidesprad/430_S1_shock2_00003"},{"time":1.1333,"name":"EF/ef_sidesprad/430_S1_shock2_00005"},{"time":1.1666,"name":"EF/ef_sidesprad/430_S1_shock2_00007"},{"time":1.2,"name":null},{"time":1.3333,"name":"EF/ef_sidesprad/430_S1_shock2_00001"},{"time":1.3666,"name":"EF/ef_sidesprad/430_S1_shock2_00003"},{"time":1.4,"name":"EF/ef_sidesprad/430_S1_shock2_00005"},{"time":1.4333,"name":"EF/ef_sidesprad/430_S1_shock2_00007"},{"time":1.4666,"name":null},{"time":1.6,"name":"EF/ef_sidesprad/430_S1_shock2_00001"},{"time":1.6333,"name":"EF/ef_sidesprad/430_S1_shock2_00003"},{"time":1.6666,"name":"EF/ef_sidesprad/430_S1_shock2_00005"},{"time":1.7,"name":"EF/ef_sidesprad/430_S1_shock2_00007"},{"time":1.7333,"name":null}]},"EF_shock1_2":{"attachment":[{"time":0.2333,"name":"EF/ef_sidesprad/430_S1_shock2_00001"},{"time":0.2666,"name":"EF/ef_sidesprad/430_S1_shock2_00003"},{"time":0.3,"name":"EF/ef_sidesprad/430_S1_shock2_00005"},{"time":0.3333,"name":"EF/ef_sidesprad/430_S1_shock2_00007"},{"time":0.3666,"name":null},{"time":0.5,"name":"EF/ef_sidesprad/430_S1_shock2_00001"},{"time":0.5333,"name":"EF/ef_sidesprad/430_S1_shock2_00003"},{"time":0.5666,"name":"EF/ef_sidesprad/430_S1_shock2_00005"},{"time":0.6,"name":"EF/ef_sidesprad/430_S1_shock2_00007"},{"time":0.6333,"name":null},{"time":1.2,"name":"EF/ef_sidesprad/430_S1_shock2_00001"},{"time":1.2333,"name":"EF/ef_sidesprad/430_S1_shock2_00003"},{"time":1.2666,"name":"EF/ef_sidesprad/430_S1_shock2_00005"},{"time":1.3,"name":"EF/ef_sidesprad/430_S1_shock2_00007"},{"time":1.3333,"name":null},{"time":1.4666,"name":"EF/ef_sidesprad/430_S1_shock2_00001"},{"time":1.5,"name":"EF/ef_sidesprad/430_S1_shock2_00003"},{"time":1.5333,"name":"EF/ef_sidesprad/430_S1_shock2_00005"},{"time":1.5666,"name":"EF/ef_sidesprad/430_S1_shock2_00007"},{"time":1.6,"name":null}]},"EF_wave3_1":{"attachment":[{"time":0.0666,"name":"EF/ef_wave_B_main/ef_wave_B_main_00001"},{"time":0.1,"name":"EF/ef_wave_B_main/ef_wave_B_main_00002"},{"time":0.1333,"name":"EF/ef_wave_B_main/ef_wave_B_main_00003"},{"time":0.1666,"name":"EF/ef_wave_B_main/ef_wave_B_main_00004"},{"time":0.2,"name":"EF/ef_wave_B_main/ef_wave_B_main_00005"},{"time":0.2333,"name":"EF/ef_wave_B_main/ef_wave_B_main_00006"},{"time":0.2666,"name":"EF/ef_wave_B_main/ef_wave_B_main_00007"},{"time":0.3,"name":null},{"time":0.4666,"name":"EF/ef_wave_B_main/ef_wave_B_main_00001"},{"time":0.5,"name":"EF/ef_wave_B_main/ef_wave_B_main_00002"},{"time":0.5333,"name":"EF/ef_wave_B_main/ef_wave_B_main_00003"},{"time":0.5666,"name":"EF/ef_wave_B_main/ef_wave_B_main_00004"},{"time":0.6,"name":"EF/ef_wave_B_main/ef_wave_B_main_00005"},{"time":0.6333,"name":"EF/ef_wave_B_main/ef_wave_B_main_00006"},{"time":0.6666,"name":"EF/ef_wave_B_main/ef_wave_B_main_00007"},{"time":0.7,"name":null},{"time":1.0333,"name":"EF/ef_wave_B_main/ef_wave_B_main_00001"},{"time":1.0666,"name":"EF/ef_wave_B_main/ef_wave_B_main_00002"},{"time":1.1,"name":"EF/ef_wave_B_main/ef_wave_B_main_00003"},{"time":1.1333,"name":"EF/ef_wave_B_main/ef_wave_B_main_00004"},{"time":1.1666,"name":"EF/ef_wave_B_main/ef_wave_B_main_00005"},{"time":1.2,"name":"EF/ef_wave_B_main/ef_wave_B_main_00006"},{"time":1.2333,"name":"EF/ef_wave_B_main/ef_wave_B_main_00007"},{"time":1.2666,"name":null},{"time":1.4666,"name":"EF/ef_wave_B_main/ef_wave_B_main_00001"},{"time":1.5,"name":"EF/ef_wave_B_main/ef_wave_B_main_00002"},{"time":1.5333,"name":"EF/ef_wave_B_main/ef_wave_B_main_00003"},{"time":1.5666,"name":"EF/ef_wave_B_main/ef_wave_B_main_00004"},{"time":1.6,"name":"EF/ef_wave_B_main/ef_wave_B_main_00005"},{"time":1.6333,"name":"EF/ef_wave_B_main/ef_wave_B_main_00006"},{"time":1.6666,"name":"EF/ef_wave_B_main/ef_wave_B_main_00007"},{"time":1.7,"name":null}]},"EF_wave3_2":{"attachment":[{"time":0.2,"name":"EF/ef_wave_B_main/ef_wave_B_main_00001"},{"time":0.2333,"name":"EF/ef_wave_B_main/ef_wave_B_main_00002"},{"time":0.2666,"name":"EF/ef_wave_B_main/ef_wave_B_main_00003"},{"time":0.3,"name":"EF/ef_wave_B_main/ef_wave_B_main_00004"},{"time":0.3333,"name":"EF/ef_wave_B_main/ef_wave_B_main_00005"},{"time":0.3666,"name":"EF/ef_wave_B_main/ef_wave_B_main_00006"},{"time":0.4,"name":"EF/ef_wave_B_main/ef_wave_B_main_00007"},{"time":0.4333,"name":null},{"time":0.6,"name":"EF/ef_wave_B_main/ef_wave_B_main_00001"},{"time":0.6333,"name":"EF/ef_wave_B_main/ef_wave_B_main_00002"},{"time":0.6666,"name":"EF/ef_wave_B_main/ef_wave_B_main_00003"},{"time":0.7,"name":"EF/ef_wave_B_main/ef_wave_B_main_00004"},{"time":0.7333,"name":"EF/ef_wave_B_main/ef_wave_B_main_00005"},{"time":0.7666,"name":"EF/ef_wave_B_main/ef_wave_B_main_00006"},{"time":0.8,"name":"EF/ef_wave_B_main/ef_wave_B_main_00007"},{"time":0.8333,"name":null},{"time":1.1666,"name":"EF/ef_wave_B_main/ef_wave_B_main_00001"},{"time":1.2,"name":"EF/ef_wave_B_main/ef_wave_B_main_00002"},{"time":1.2333,"name":"EF/ef_wave_B_main/ef_wave_B_main_00003"},{"time":1.2666,"name":"EF/ef_wave_B_main/ef_wave_B_main_00004"},{"time":1.3,"name":"EF/ef_wave_B_main/ef_wave_B_main_00005"},{"time":1.3333,"name":"EF/ef_wave_B_main/ef_wave_B_main_00006"},{"time":1.3666,"name":"EF/ef_wave_B_main/ef_wave_B_main_00007"},{"time":1.4,"name":null},{"time":1.6,"name":"EF/ef_wave_B_main/ef_wave_B_main_00001"},{"time":1.6333,"name":"EF/ef_wave_B_main/ef_wave_B_main_00002"},{"time":1.6666,"name":"EF/ef_wave_B_main/ef_wave_B_main_00003"},{"time":1.7,"name":"EF/ef_wave_B_main/ef_wave_B_main_00004"},{"time":1.7333,"name":"EF/ef_wave_B_main/ef_wave_B_main_00005"},{"time":1.7666,"name":"EF/ef_wave_B_main/ef_wave_B_main_00006"},{"time":1.8,"name":"EF/ef_wave_B_main/ef_wave_B_main_00007"},{"time":1.8333,"name":null}]},"EF_wave3_3":{"attachment":[{"time":0.3666,"name":"EF/ef_wave_B_main/ef_wave_B_main_00001"},{"time":0.4,"name":"EF/ef_wave_B_main/ef_wave_B_main_00002"},{"time":0.4333,"name":"EF/ef_wave_B_main/ef_wave_B_main_00003"},{"time":0.4666,"name":"EF/ef_wave_B_main/ef_wave_B_main_00004"},{"time":0.5,"name":"EF/ef_wave_B_main/ef_wave_B_main_00005"},{"time":0.5333,"name":"EF/ef_wave_B_main/ef_wave_B_main_00006"},{"time":0.5666,"name":"EF/ef_wave_B_main/ef_wave_B_main_00007"},{"time":0.6,"name":null},{"time":1.3,"name":"EF/ef_wave_B_main/ef_wave_B_main_00001"},{"time":1.3333,"name":"EF/ef_wave_B_main/ef_wave_B_main_00002"},{"time":1.3666,"name":"EF/ef_wave_B_main/ef_wave_B_main_00003"},{"time":1.4,"name":"EF/ef_wave_B_main/ef_wave_B_main_00004"},{"time":1.4333,"name":"EF/ef_wave_B_main/ef_wave_B_main_00005"},{"time":1.4666,"name":"EF/ef_wave_B_main/ef_wave_B_main_00006"},{"time":1.5,"name":"EF/ef_wave_B_main/ef_wave_B_main_00007"},{"time":1.5333,"name":null}]},"GUN_ef_01":{"attachment":[{"time":0.0666,"name":"attack1_ef_00"},{"time":0.1333,"name":null},{"time":0.2,"name":"attack1_ef_00"},{"time":0.2666,"name":null},{"time":0.3333,"name":"attack1_ef_00"},{"time":0.4,"name":null},{"time":0.4666,"name":"attack1_ef_00"},{"time":0.5333,"name":null},{"time":0.6,"name":"attack1_ef_00"},{"time":0.6666,"name":null},{"time":1.0333,"name":"idle_ef_01"},{"time":1.1666,"name":"idle_ef_01"},{"time":1.3,"name":"idle_ef_01"},{"time":1.4333,"name":"idle_ef_01"},{"time":1.5666,"name":"idle_ef_01"}],"color":[{"time":0.0666,"color":"ffffff69"},{"time":0.1,"color":"ffffffff"},{"time":0.1333,"color":"ffffff00","curve":"stepped"},{"time":0.2,"color":"ffffff69"},{"time":0.2333,"color":"ffffffff"},{"time":0.2666,"color":"ffffff00","curve":"stepped"},{"time":0.3333,"color":"ffffff69"},{"time":0.3666,"color":"ffffffff"},{"time":0.4,"color":"ffffff00","curve":"stepped"},{"time":0.4666,"color":"ffffff69"},{"time":0.5,"color":"ffffffff"},{"time":0.5333,"color":"ffffff00","curve":"stepped"},{"time":0.6,"color":"ffffff69"},{"time":0.6333,"color":"ffffffff"},{"time":0.6666,"color":"ffffff00","curve":"stepped"},{"time":1.0333,"color":"ffffff69"},{"time":1.0666,"color":"ffffffff"},{"time":1.1,"color":"ffffff00","curve":"stepped"},{"time":1.1666,"color":"ffffff69"},{"time":1.2,"color":"ffffffff"},{"time":1.2333,"color":"ffffff00","curve":"stepped"},{"time":1.3,"color":"ffffff69"},{"time":1.3333,"color":"ffffffff"},{"time":1.3666,"color":"ffffff00","curve":"stepped"},{"time":1.4333,"color":"ffffff69"},{"time":1.4666,"color":"ffffffff"},{"time":1.5,"color":"ffffff00","curve":"stepped"},{"time":1.5666,"color":"ffffff69"},{"time":1.6,"color":"ffffffff"},{"time":1.6333,"color":"ffffff00"}]},"MAIN":{"attachment":[{"time":0,"name":"idle_00"},{"time":0.0333,"name":"attack1_00"},{"time":0.1,"name":"attack1_01"},{"time":0.1666,"name":"attack1_00"},{"time":0.2333,"name":"attack1_01"},{"time":0.3,"name":"attack1_00"},{"time":0.3666,"name":"attack1_01"},{"time":0.4333,"name":"attack1_00"},{"time":0.5,"name":"attack1_01"},{"time":0.5666,"name":"attack1_00"},{"time":0.6333,"name":"attack1_01"},{"time":0.7333,"name":"attack1_02"},{"time":0.8666,"name":"attack1_03"},{"time":1,"name":"attack1_04"},{"time":1.0666,"name":"attack1_05"},{"time":1.1333,"name":"attack1_04"},{"time":1.2,"name":"attack1_05"},{"time":1.2666,"name":"attack1_04"},{"time":1.3333,"name":"attack1_05"},{"time":1.4,"name":"attack1_04"},{"time":1.4666,"name":"attack1_05"},{"time":1.5333,"name":"attack1_04"},{"time":1.6,"name":"attack1_05"},{"time":1.6666,"name":"attack1_04"},{"time":1.8,"name":"attack1_06"},{"time":2.0666,"name":"attack1_02"},{"time":2.2666,"name":"idle_00"}]}},"bones":{"MAIN":{"rotate":[{"time":0,"angle":0}],"translate":[{"time":0,"x":0,"y":0,"curve":"stepped"},{"time":0.0333,"x":0,"y":0},{"time":0.1,"x":1.9,"y":0},{"time":0.1333,"x":3.34,"y":0},{"time":0.1666,"x":1.73,"y":0},{"time":0.2,"x":5.11,"y":0},{"time":0.2333,"x":3.97,"y":0},{"time":0.2666,"x":7.37,"y":0},{"time":0.3,"x":4.84,"y":0},{"time":0.3333,"x":8.93,"y":0},{"time":0.3666,"x":7.09,"y":0},{"time":0.4,"x":10.5,"y":0},{"time":0.4333,"x":9.94,"y":0},{"time":0.4666,"x":10.56,"y":0},{"time":0.5,"x":9.03,"y":0},{"time":0.5333,"x":10.35,"y":0},{"time":0.5666,"x":9.49,"y":0},{"time":0.6,"x":10.53,"y":0},{"time":0.6333,"x":9.96,"y":0},{"time":0.7333,"x":11,"y":0,"curve":[0.115,0.41,0.75,1]},{"time":0.8333,"x":11,"y":-3.98,"curve":"stepped"},{"time":0.8666,"x":11,"y":0,"curve":[0.25,0,0.75,1]},{"time":1,"x":-5,"y":113.59},{"time":1.0333,"x":-4.6,"y":115.13},{"time":1.0666,"x":-4.19,"y":112.79},{"time":1.1,"x":-3.79,"y":116.77},{"time":1.1333,"x":-3.4,"y":114.42},{"time":1.1666,"x":-3,"y":118.4},{"time":1.2,"x":-2.59,"y":116.05},{"time":1.2333,"x":-2.2,"y":118.57},{"time":1.2666,"x":-1.8,"y":116.71},{"time":1.3,"x":-1.4,"y":120.2},{"time":1.3333,"x":-1,"y":119.32},{"time":1.3666,"x":-0.92,"y":118.19},{"time":1.4,"x":-0.85,"y":121.76},{"time":1.4333,"x":-0.78,"y":118.29},{"time":1.4666,"x":-0.71,"y":120.69},{"time":1.5,"x":-0.64,"y":117.61},{"time":1.5333,"x":-0.57,"y":121.17},{"time":1.5666,"x":-0.49,"y":118.87},{"time":1.6,"x":-0.42,"y":121.66},{"time":1.6666,"x":-0.28,"y":119.8},{"time":1.8,"x":0,"y":120,"curve":[0.25,0,0.75,1]},{"time":2.0666,"x":0,"y":5.61},{"time":2.2333,"x":0,"y":2.8,"curve":"stepped"},{"time":2.2666,"x":0,"y":0}]},"EF_wave3_1":{"rotate":[{"time":0.0666,"angle":0,"curve":"stepped"},{"time":1.0333,"angle":29}],"translate":[{"time":0.0666,"x":-350.34,"y":44.01,"curve":"stepped"},{"time":1.0333,"x":-382.98,"y":107.72}]},"EF_wave3_2":{"rotate":[{"time":0.2,"angle":0,"curve":"stepped"},{"time":1.1666,"angle":29}],"translate":[{"time":0.2,"x":-350.34,"y":44.01,"curve":"stepped"},{"time":1.1666,"x":-383.46,"y":108.59}]},"EF_wave3_3":{"rotate":[{"time":0.3666,"angle":0,"curve":"stepped"},{"time":1.3,"angle":29}],"translate":[{"time":0.3666,"x":-350.34,"y":44.01,"curve":"stepped"},{"time":1.3,"x":-383.46,"y":108.59}]},"GUN_ef":{"rotate":[{"time":1.0333,"angle":-1.22,"curve":"stepped"},{"time":1.1666,"angle":-1.22,"curve":"stepped"},{"time":1.3,"angle":-1.22,"curve":"stepped"},{"time":1.4333,"angle":-1.22,"curve":"stepped"},{"time":1.5666,"angle":-1.22}],"translate":[{"time":0.0666,"x":76.15,"y":28.12,"curve":"stepped"},{"time":0.1,"x":80.62,"y":25.11,"curve":"stepped"},{"time":0.2,"x":76.15,"y":28.12,"curve":"stepped"},{"time":0.2333,"x":80.62,"y":25.11,"curve":"stepped"},{"time":0.3333,"x":76.15,"y":28.12,"curve":"stepped"},{"time":0.3666,"x":80.62,"y":25.11,"curve":"stepped"},{"time":0.4666,"x":76.15,"y":28.12,"curve":"stepped"},{"time":0.5,"x":80.62,"y":25.11,"curve":"stepped"},{"time":0.6,"x":76.15,"y":28.12,"curve":"stepped"},{"time":0.6333,"x":80.62,"y":25.11,"curve":"stepped"},{"time":1.0333,"x":-4,"y":-2.49,"curve":"stepped"},{"time":1.0666,"x":-0.5,"y":0.1,"curve":"stepped"},{"time":1.1666,"x":-4,"y":-2.49,"curve":"stepped"},{"time":1.2,"x":-0.5,"y":0.1,"curve":"stepped"},{"time":1.3,"x":-4,"y":-2.49,"curve":"stepped"},{"time":1.3333,"x":-0.5,"y":0.1,"curve":"stepped"},{"time":1.4333,"x":-4,"y":-2.49,"curve":"stepped"},{"time":1.4666,"x":-0.5,"y":0.1,"curve":"stepped"},{"time":1.5666,"x":-4,"y":-2.49,"curve":"stepped"},{"time":1.6,"x":-0.5,"y":0.1}]},"EF_shock1_1":{"rotate":[{"time":0.1,"angle":0,"curve":"stepped"},{"time":0.3666,"angle":0,"curve":"stepped"},{"time":0.6333,"angle":0,"curve":"stepped"},{"time":1.0666,"angle":31.58,"curve":"stepped"},{"time":1.3333,"angle":31.58,"curve":"stepped"},{"time":1.6,"angle":31.58}],"translate":[{"time":0.1,"x":-203.04,"y":43.38,"curve":"stepped"},{"time":0.3666,"x":-203.04,"y":43.38,"curve":"stepped"},{"time":0.6333,"x":-203.04,"y":43.38,"curve":"stepped"},{"time":1.0666,"x":-233.5,"y":104.27,"curve":"stepped"},{"time":1.3333,"x":-233.5,"y":104.27,"curve":"stepped"},{"time":1.6,"x":-233.5,"y":104.27}],"scale":[{"time":0.1,"x":1.25,"y":1.25,"curve":"stepped"},{"time":0.3666,"x":1.25,"y":1.25,"curve":"stepped"},{"time":0.6333,"x":1.25,"y":1.25,"curve":"stepped"},{"time":1.0666,"x":1.25,"y":1.25,"curve":"stepped"},{"time":1.3333,"x":1.25,"y":1.25,"curve":"stepped"},{"time":1.6,"x":1.25,"y":1.25}]},"EF_shock1_2":{"rotate":[{"time":0.2333,"angle":0,"curve":"stepped"},{"time":0.5,"angle":0,"curve":"stepped"},{"time":1.2,"angle":31.58,"curve":"stepped"},{"time":1.4666,"angle":31.58}],"translate":[{"time":0.2333,"x":-203.04,"y":43.38,"curve":"stepped"},{"time":0.5,"x":-203.04,"y":43.38,"curve":"stepped"},{"time":1.2,"x":-233.5,"y":104.27,"curve":"stepped"},{"time":1.4666,"x":-233.5,"y":104.27}],"scale":[{"time":0.2333,"x":1.25,"y":1.25,"curve":"stepped"},{"time":0.5,"x":1.25,"y":1.25,"curve":"stepped"},{"time":1.2,"x":1.25,"y":1.25,"curve":"stepped"},{"time":1.4666,"x":1.25,"y":1.25}]},"EF_muzzleflash1_1":{"rotate":[{"time":0.0666,"angle":0,"curve":"stepped"},{"time":1.0333,"angle":26.02}],"translate":[{"time":0.0666,"x":-304.56,"y":-6.12,"curve":"stepped"},{"time":1.0333,"x":-334.81,"y":54.87}],"scale":[{"time":0.0666,"x":2.5,"y":2.5}]},"EF_muzzleflash1_2":{"rotate":[{"time":0.2,"angle":0,"curve":"stepped"},{"time":1.1666,"angle":26.02}],"translate":[{"time":0.2,"x":-304.56,"y":-6.12,"curve":"stepped"},{"time":1.1666,"x":-334.81,"y":54.87}],"scale":[{"time":0.2,"x":2.5,"y":2.5}]},"DAMAGEAREA":{"translate":[{"time":0.1,"x":-934.38,"y":63.46,"curve":"stepped"},{"time":1.0666,"x":-240.01,"y":63.46}],"scale":[{"time":0.1,"x":14.404,"y":0.948,"curve":"stepped"},{"time":1.0666,"x":3.796,"y":0.948}]}},"events":[{"time":0,"name":"Event","float":0.02,"string":"kHitStopType_enemyonly"},{"time":0.0333,"name":"Event"},{"time":0.0666,"name":"Sound1","string":"cri_se_battle_gun_burst"},{"time":0.0666,"name":"Voice","string":"cri_185_voice_attack_random"},{"time":0.1,"name":"Sound2","string":"setHitSound(se_battle_007_attack_hit_01)"},{"time":0.1666,"name":"Hit","string":"resetHitList"},{"time":0.1666,"name":"Sound1","string":"cri_se_battle_gun_burst"},{"time":0.2333,"name":"Hit","string":"resetHitList"},{"time":0.2666,"name":"Sound1","string":"cri_se_battle_gun_burst"},{"time":0.3,"name":"Hit","string":"resetHitList"},{"time":0.3666,"name":"Hit","string":"resetHitList"},{"time":0.3666,"name":"Sound1","string":"cri_se_battle_gun_burst"},{"time":0.4333,"name":"Hit","string":"resetHitList"},{"time":0.4666,"name":"Sound1","string":"cri_se_battle_gun_burst"},{"time":0.5,"name":"Hit","string":"resetHitList"},{"time":0.5666,"name":"Hit","string":"resetHitList"},{"time":0.5666,"name":"Sound1","string":"cri_se_battle_gun_burst"},{"time":0.6333,"name":"Hit","string":"resetHitList"},{"time":0.8666,"name":"Sound1","string":"cri_se_battle_jump"},{"time":1.0333,"name":"Sound1","string":"cri_se_battle_gun_burst"},{"time":1.0333,"name":"Voice","string":"cri_185_voice_attack_c"},{"time":1.0666,"name":"Hit","string":"resetHitList"},{"time":1.1333,"name":"Hit","string":"resetHitList"},{"time":1.1333,"name":"Sound1","string":"cri_se_battle_gun_burst"},{"time":1.2,"name":"Hit","string":"resetHitList"},{"time":1.2333,"name":"Sound1","string":"cri_se_battle_gun_burst"},{"time":1.2666,"name":"Hit","string":"resetHitList"},{"time":1.3333,"name":"Hit","string":"resetHitList"},{"time":1.3333,"name":"Sound1","string":"cri_se_battle_gun_burst"},{"time":1.4,"name":"Hit","string":"resetHitList"},{"time":1.4333,"name":"Sound1","string":"cri_se_battle_gun_burst"},{"time":1.4666,"name":"Hit","string":"resetHitList"},{"time":1.5333,"name":"Hit","string":"resetHitList"},{"time":1.5333,"name":"Sound1","string":"cri_se_battle_gun_burst"},{"time":1.6,"name":"Hit","string":"resetHitList"}]},"back":{"slots":{"GUN_ef_01":{"attachment":[{"time":0,"name":"idle_ef_03"},{"time":0.0666,"name":"back_ef_00"},{"time":0.3333,"name":null}],"color":[{"time":0,"color":"ffffff00"},{"time":0.0333,"color":"ffffffff","curve":"stepped"},{"time":0.0666,"color":"ffffffff","curve":"stepped"},{"time":0.2666,"color":"ffffffff"},{"time":0.3333,"color":"ffffff00"}]},"MAIN":{"attachment":[{"time":0,"name":"back_00"},{"time":0.3333,"name":"idle_03"},{"time":0.4333,"name":"idle_02"},{"time":0.6,"name":"idle_01"}]}},"bones":{"MAIN":{"translate":[{"time":0,"x":0,"y":0,"curve":"stepped"},{"time":0.0666,"x":0,"y":0,"curve":[0.148,0.51,0.75,1]},{"time":0.3,"x":125,"y":0,"curve":[0.141,0.42,0.75,1]},{"time":0.6,"x":140,"y":0}]},"GUN_ef":{"rotate":[{"time":0,"angle":-24.1,"curve":"stepped"},{"time":0.0666,"angle":0}],"translate":[{"time":0,"x":2.82,"y":-2.09,"curve":"stepped"},{"time":0.0666,"x":0,"y":0}],"scale":[{"time":0,"x":0.901,"y":0.978,"curve":"stepped"},{"time":0.0666,"x":0.824,"y":1,"curve":[0.152,0.46,0.75,1]},{"time":0.2,"x":1.217,"y":1},{"time":0.3333,"x":1.2,"y":1}]}}},"cast":{"slots":{"MAIN":{"attachment":[{"time":0,"name":"idle_00"},{"time":0.1666,"name":"skill1_00"},{"time":0.2666,"name":"skill1_01"},{"time":0.3666,"name":"skill1_02"},{"time":0.4666,"name":"skill1_03"},{"time":0.5666,"name":"skill1_00"}]}},"events":[{"time":0.1666,"name":"Voice","string":"cri_185_voice_item"}]},"damage":{"slots":{"MAIN":{"attachment":[{"time":0,"name":"damage_00"}]}},"bones":{"MAIN":{"translate":[{"time":0,"x":27.22,"y":-9.42}]}}},"front":{"slots":{"GUN_ef_01":{"attachment":[{"time":0,"name":"front_ef_00"}]},"MAIN":{"attachment":[{"time":0,"name":"front_00"}]}}},"idle":{"slots":{"GUN_ef_01":{"attachment":[{"time":0,"name":"idle_ef_01"},{"time":1.8666,"name":null}],"color":[{"time":0,"color":"ffffff00"},{"time":0.9333,"color":"ffffffff"},{"time":1.8666,"color":"ffffff00"}]},"MAIN":{"attachment":[{"time":0,"name":"idle_00"},{"time":0.2333,"name":"idle_01"},{"time":0.4666,"name":"idle_02"},{"time":0.7,"name":"idle_03"},{"time":0.9333,"name":"idle_00"},{"time":1.1666,"name":"idle_01"},{"time":1.4,"name":"idle_02"},{"time":1.6333,"name":"idle_03"},{"time":1.8666,"name":"idle_00"}]}},"bones":{"MAIN":{"translate":[{"time":0,"x":0,"y":0,"curve":[0.162,-0.2,0.27,-0.2]},{"time":0.4666,"x":0.38,"y":5,"curve":[0.162,-0.2,0.27,-0.2]},{"time":0.9333,"x":0,"y":0,"curve":[0.162,-0.2,0.27,-0.2]},{"time":1.4,"x":0.38,"y":5,"curve":[0.162,-0.2,0.27,-0.2]},{"time":1.8666,"x":0,"y":0}]}}},"in":{"slots":{"MAIN":{"attachment":[{"time":0,"name":"skill1_00"},{"time":0.1333,"name":"skill1_01"},{"time":0.2666,"name":"skill1_02"},{"time":0.4,"name":"skill1_03"},{"time":0.5333,"name":"skill1_00"},{"time":0.7333,"name":"idle_02"},{"time":0.9,"name":"idle_03"},{"time":1.0666,"name":"idle_00"}]}},"events":[{"time":0,"name":"Event","string":"takeSummon"}]},"skill1":{"slots":{"EF_shine1_1":{"attachment":[{"time":0,"name":"EF/ef_flash/5140_S1B_power1_00001"},{"time":0.0333,"name":"EF/ef_flash/5140_S1B_power1_00002"},{"time":0.0666,"name":"EF/ef_flash/5140_S1B_power1_00003"},{"time":0.1333,"name":"EF/ef_flash/5140_S1B_power1_00004"},{"time":0.2,"name":"EF/ef_flash/5140_S1B_power1_00005"},{"time":0.2666,"name":"EF/ef_flash/5140_S1B_power1_00006"},{"time":0.3333,"name":"EF/ef_flash/5140_S1B_power1_00007"},{"time":0.4,"name":null}],"color":[{"time":0.1666,"color":"ffffffff"},{"time":0.4,"color":"ffffff00"}]},"EF_wave1_1":{"attachment":[{"time":0,"name":"EF/ef_graund_wave_main/ef_graund_wave_main_00001"},{"time":0.0333,"name":"EF/ef_graund_wave_main/ef_graund_wave_main_00002"},{"time":0.0666,"name":"EF/ef_graund_wave_main/ef_graund_wave_main_00003"},{"time":0.1,"name":"EF/ef_graund_wave_main/ef_graund_wave_main_00004"},{"time":0.1333,"name":"EF/ef_graund_wave_main/ef_graund_wave_main_00005"},{"time":0.1666,"name":"EF/ef_graund_wave_main/ef_graund_wave_main_00006"},{"time":0.2,"name":"EF/ef_graund_wave_main/ef_graund_wave_main_00007"},{"time":0.2333,"name":"EF/ef_graund_wave_main/ef_graund_wave_main_00008"},{"time":0.2666,"name":"EF/ef_graund_wave_main/ef_graund_wave_main_00009"},{"time":0.3,"name":"EF/ef_graund_wave_main/ef_graund_wave_main_00010"},{"time":0.3333,"name":"EF/ef_graund_wave_main/ef_graund_wave_main_00011"},{"time":0.3666,"name":"EF/ef_graund_wave_main/ef_graund_wave_main_00012"},{"time":0.4,"name":"EF/ef_graund_wave_main/ef_graund_wave_main_00013"},{"time":0.4333,"name":"EF/ef_graund_wave_main/ef_graund_wave_main_00014"},{"time":0.4666,"name":"EF/ef_graund_wave_main/ef_graund_wave_main_00015"},{"time":0.5,"name":null}]},"EF_wave1_2":{"attachment":[{"time":0.1333,"name":"EF/ef_graund_wave_main/ef_graund_wave_main_00001"},{"time":0.1666,"name":"EF/ef_graund_wave_main/ef_graund_wave_main_00002"},{"time":0.2,"name":"EF/ef_graund_wave_main/ef_graund_wave_main_00003"},{"time":0.2333,"name":"EF/ef_graund_wave_main/ef_graund_wave_main_00004"},{"time":0.2666,"name":"EF/ef_graund_wave_main/ef_graund_wave_main_00005"},{"time":0.3,"name":"EF/ef_graund_wave_main/ef_graund_wave_main_00006"},{"time":0.3333,"name":"EF/ef_graund_wave_main/ef_graund_wave_main_00007"},{"time":0.3666,"name":"EF/ef_graund_wave_main/ef_graund_wave_main_00008"},{"time":0.4,"name":"EF/ef_graund_wave_main/ef_graund_wave_main_00009"},{"time":0.4333,"name":"EF/ef_graund_wave_main/ef_graund_wave_main_00010"},{"time":0.4666,"name":"EF/ef_graund_wave_main/ef_graund_wave_main_00011"},{"time":0.5,"name":"EF/ef_graund_wave_main/ef_graund_wave_main_00012"},{"time":0.5333,"name":"EF/ef_graund_wave_main/ef_graund_wave_main_00013"},{"time":0.5666,"name":"EF/ef_graund_wave_main/ef_graund_wave_main_00014"},{"time":0.6,"name":"EF/ef_graund_wave_main/ef_graund_wave_main_00015"},{"time":0.6333,"name":null}]},"EF_wave1_3":{"attachment":[{"time":0.2666,"name":"EF/ef_graund_wave_main/ef_graund_wave_main_00001"},{"time":0.3,"name":"EF/ef_graund_wave_main/ef_graund_wave_main_00002"},{"time":0.3333,"name":"EF/ef_graund_wave_main/ef_graund_wave_main_00003"},{"time":0.3666,"name":"EF/ef_graund_wave_main/ef_graund_wave_main_00004"},{"time":0.4,"name":"EF/ef_graund_wave_main/ef_graund_wave_main_00005"},{"time":0.4333,"name":"EF/ef_graund_wave_main/ef_graund_wave_main_00006"},{"time":0.4666,"name":"EF/ef_graund_wave_main/ef_graund_wave_main_00007"},{"time":0.5,"name":"EF/ef_graund_wave_main/ef_graund_wave_main_00008"},{"time":0.5333,"name":"EF/ef_graund_wave_main/ef_graund_wave_main_00009"},{"time":0.5666,"name":"EF/ef_graund_wave_main/ef_graund_wave_main_00010"},{"time":0.6,"name":"EF/ef_graund_wave_main/ef_graund_wave_main_00011"},{"time":0.6333,"name":"EF/ef_graund_wave_main/ef_graund_wave_main_00012"},{"time":0.6666,"name":"EF/ef_graund_wave_main/ef_graund_wave_main_00013"},{"time":0.7,"name":"EF/ef_graund_wave_main/ef_graund_wave_main_00014"},{"time":0.7333,"name":"EF/ef_graund_wave_main/ef_graund_wave_main_00015"},{"time":0.7666,"name":null}]},"GUN_ef_01":{"attachment":[{"time":0,"name":null},{"time":0.0333,"name":"skill1_ef_01"},{"time":0.1333,"name":"skill1_ef_02"},{"time":0.2333,"name":"skill1_ef_03"},{"time":0.3333,"name":null}]},"MAIN":{"attachment":[{"time":0,"name":"skill1_00"},{"time":0.1666,"name":"skill1_01"},{"time":0.3333,"name":"skill1_02"},{"time":0.5,"name":"skill1_03"},{"time":0.6666,"name":"skill1_00"},{"time":0.8333,"name":"skill1_01"},{"time":1,"name":"skill1_03"},{"time":1.1666,"name":"skill1_00"},{"time":1.3333,"name":"idle_00"},{"time":1.5,"name":"idle_00"}]}},"bones":{"EF_wave1_3":{"translate":[{"time":0.2666,"x":-200,"y":0}],"scale":[{"time":0.2666,"x":2.5,"y":2.5}]},"EF_wave1_2":{"translate":[{"time":0.1333,"x":-200,"y":0}],"scale":[{"time":0.1333,"x":2.5,"y":2.5}]},"EF_wave1_1":{"translate":[{"time":0,"x":-200,"y":0}],"scale":[{"time":0,"x":2.5,"y":2.5}]},"EF_shine1_1":{"translate":[{"time":0,"x":-250,"y":-7.52}],"scale":[{"time":0,"x":2,"y":2,"curve":[0.222,0.47,0.75,1]},{"time":0.3666,"x":3.5,"y":3.5}]}},"events":[{"time":0,"name":"Event","string":"runScript-addBit"},{"time":0,"name":"Sound1","string":"cri_se_battle_cure_01"},{"time":0,"name":"Voice","string":"cri_185_voice_skill_all"}]},"skill2":{"slots":{"DAMAGEAREA":{"attachment":[{"time":2,"name":"DAMAGEAREA"},{"time":2.2,"name":null},{"time":3.5333,"name":"DAMAGEAREA"},{"time":3.6333,"name":null}]},"EF_OF_main1_1":{"attachment":[{"time":0,"name":"EF/ef_OF_main/ef_OF_main_00001"}],"color":[{"time":0,"color":"ffffffff","curve":"stepped"},{"time":0.1,"color":"ffffffff","curve":[0.173,0.45,0.75,1]},{"time":0.2333,"color":"ffffff00"}]},"EF_beamjet1_1":{"attachment":[{"time":0.1666,"name":"EF/ef_beam_jet_main/ef_beam_jet_main_00001"},{"time":0.2,"name":"EF/ef_beam_jet_main/ef_beam_jet_main_00002"},{"time":0.2333,"name":"EF/ef_beam_jet_main/ef_beam_jet_main_00003"},{"time":0.2666,"name":"EF/ef_beam_jet_main/ef_beam_jet_main_00004"},{"time":0.3,"name":"EF/ef_beam_jet_main/ef_beam_jet_main_00003"},{"time":0.3333,"name":"EF/ef_beam_jet_main/ef_beam_jet_main_00004"},{"time":0.3666,"name":"EF/ef_beam_jet_main/ef_beam_jet_main_00003"},{"time":0.4,"name":"EF/ef_beam_jet_main/ef_beam_jet_main_00004"},{"time":0.4333,"name":"EF/ef_beam_jet_main/ef_beam_jet_main_00003"},{"time":0.4666,"name":"EF/ef_beam_jet_main/ef_beam_jet_main_00004"},{"time":0.5,"name":"EF/ef_beam_jet_main/ef_beam_jet_main_00003"},{"time":0.5333,"name":"EF/ef_beam_jet_main/ef_beam_jet_main_00004"},{"time":0.5666,"name":"EF/ef_beam_jet_main/ef_beam_jet_main_00003"},{"time":0.6,"name":"EF/ef_beam_jet_main/ef_beam_jet_main_00004"},{"time":0.6333,"name":"EF/ef_beam_jet_main/ef_beam_jet_main_00003"},{"time":0.6666,"name":"EF/ef_beam_jet_main/ef_beam_jet_main_00004"},{"time":0.7,"name":"EF/ef_beam_jet_main/ef_beam_jet_main_00003"},{"time":0.7333,"name":"EF/ef_beam_jet_main/ef_beam_jet_main_00004"},{"time":0.7666,"name":"EF/ef_beam_jet_main/ef_beam_jet_main_00003"},{"time":0.8,"name":"EF/ef_beam_jet_main/ef_beam_jet_main_00004"},{"time":0.8333,"name":"EF/ef_beam_jet_main/ef_beam_jet_main_00003"},{"time":0.8666,"name":"EF/ef_beam_jet_main/ef_beam_jet_main_00004"},{"time":0.9,"name":"EF/ef_beam_jet_main/ef_beam_jet_main_00003"},{"time":0.9333,"name":"EF/ef_beam_jet_main/ef_beam_jet_main_00004"},{"time":0.9666,"name":"EF/ef_beam_jet_main/ef_beam_jet_main_00003"},{"time":1,"name":"EF/ef_beam_jet_main/ef_beam_jet_main_00004"},{"time":1.0333,"name":"EF/ef_beam_jet_main/ef_beam_jet_main_00003"},{"time":1.0666,"name":"EF/ef_beam_jet_main/ef_beam_jet_main_00004"},{"time":1.1,"name":"EF/ef_beam_jet_main/ef_beam_jet_main_00003"},{"time":1.1333,"name":"EF/ef_beam_jet_main/ef_beam_jet_main_00004"},{"time":1.1666,"name":"EF/ef_beam_jet_main/ef_beam_jet_main_00003"},{"time":1.2,"name":"EF/ef_beam_jet_main/ef_beam_jet_main_00004"},{"time":1.2333,"name":"EF/ef_beam_jet_main/ef_beam_jet_main_00003"},{"time":1.2666,"name":"EF/ef_beam_jet_main/ef_beam_jet_main_00004"},{"time":1.3,"name":"EF/ef_beam_jet_main/ef_beam_jet_main_00003"},{"time":1.3333,"name":"EF/ef_beam_jet_main/ef_beam_jet_main_00004"},{"time":1.3666,"name":"EF/ef_beam_jet_main/ef_beam_jet_main_00003"},{"time":1.4,"name":"EF/ef_beam_jet_main/ef_beam_jet_main_00004"},{"time":1.4333,"name":"EF/ef_beam_jet_main/ef_beam_jet_main_00003"},{"time":1.4666,"name":"EF/ef_beam_jet_main/ef_beam_jet_main_00004"},{"time":1.5,"name":"EF/ef_beam_jet_main/ef_beam_jet_main_00003"},{"time":1.5333,"name":"EF/ef_beam_jet_main/ef_beam_jet_main_00004"},{"time":1.5666,"name":"EF/ef_beam_jet_main/ef_beam_jet_main_00003"},{"time":1.6,"name":"EF/ef_beam_jet_main/ef_beam_jet_main_00004"},{"time":1.6333,"name":"EF/ef_beam_jet_main/ef_beam_jet_main_00003"},{"time":1.6666,"name":"EF/ef_beam_jet_main/ef_beam_jet_main_00004"},{"time":1.7,"name":"EF/ef_beam_jet_main/ef_beam_jet_main_00003"},{"time":1.7333,"name":"EF/ef_beam_jet_main/ef_beam_jet_main_00004"},{"time":1.7666,"name":"EF/ef_beam_jet_main/ef_beam_jet_main_00003"},{"time":1.8,"name":"EF/ef_beam_jet_main/ef_beam_jet_main_00004"},{"time":1.8333,"name":"EF/ef_beam_jet_main/ef_beam_jet_main_00003"},{"time":1.8666,"name":"EF/ef_beam_jet_main/ef_beam_jet_main_00004"},{"time":1.9,"name":"EF/ef_beam_jet_main/ef_beam_jet_main_00003"},{"time":1.9333,"name":"EF/ef_beam_jet_main/ef_beam_jet_main_00004"},{"time":1.9666,"name":"EF/ef_beam_jet_main/ef_beam_jet_main_00003"},{"time":2,"name":"EF/ef_beam_jet_main/ef_beam_jet_main_00004"},{"time":2.0333,"name":"EF/ef_beam_jet_main/ef_beam_jet_main_00003"},{"time":2.0666,"name":"EF/ef_beam_jet_main/ef_beam_jet_main_00004"},{"time":2.1,"name":"EF/ef_beam_jet_main/ef_beam_jet_main_00003"},{"time":2.1333,"name":"EF/ef_beam_jet_main/ef_beam_jet_main_00004"},{"time":2.1666,"name":"EF/ef_beam_jet_main/ef_beam_jet_main_00003"},{"time":2.2,"name":"EF/ef_beam_jet_main/ef_beam_jet_main_00004"},{"time":2.2333,"name":"EF/ef_beam_jet_main/ef_beam_jet_main_00003"},{"time":2.2666,"name":"EF/ef_beam_jet_main/ef_beam_jet_main_00004"},{"time":2.3,"name":"EF/ef_beam_jet_main/ef_beam_jet_main_00003"},{"time":2.3333,"name":"EF/ef_beam_jet_main/ef_beam_jet_main_00004"},{"time":2.3666,"name":"EF/ef_beam_jet_main/ef_beam_jet_main_00003"},{"time":2.4,"name":"EF/ef_beam_jet_main/ef_beam_jet_main_00004"},{"time":2.4333,"name":"EF/ef_beam_jet_main/ef_beam_jet_main_00003"},{"time":2.4666,"name":"EF/ef_beam_jet_main/ef_beam_jet_main_00004"},{"time":2.5,"name":"EF/ef_beam_jet_main/ef_beam_jet_main_00003"},{"time":2.5333,"name":"EF/ef_beam_jet_main/ef_beam_jet_main_00004"},{"time":2.5666,"name":"EF/ef_beam_jet_main/ef_beam_jet_main_00003"},{"time":2.6,"name":"EF/ef_beam_jet_main/ef_beam_jet_main_00004"},{"time":2.6333,"name":"EF/ef_beam_jet_main/ef_beam_jet_main_00003"},{"time":2.6666,"name":"EF/ef_beam_jet_main/ef_beam_jet_main_00004"},{"time":2.7,"name":"EF/ef_beam_jet_main/ef_beam_jet_main_00003"},{"time":2.7333,"name":"EF/ef_beam_jet_main/ef_beam_jet_main_00004"},{"time":2.7666,"name":"EF/ef_beam_jet_main/ef_beam_jet_main_00003"},{"time":2.8,"name":"EF/ef_beam_jet_main/ef_beam_jet_main_00004"},{"time":2.8333,"name":"EF/ef_beam_jet_main/ef_beam_jet_main_00003"},{"time":2.8666,"name":"EF/ef_beam_jet_main/ef_beam_jet_main_00004"},{"time":2.9,"name":"EF/ef_beam_jet_main/ef_beam_jet_main_00003"},{"time":2.9333,"name":"EF/ef_beam_jet_main/ef_beam_jet_main_00004"},{"time":2.9666,"name":"EF/ef_beam_jet_main/ef_beam_jet_main_00003"},{"time":3,"name":"EF/ef_beam_jet_main/ef_beam_jet_main_00004"},{"time":3.0333,"name":"EF/ef_beam_jet_main/ef_beam_jet_main_00003"},{"time":3.0666,"name":"EF/ef_beam_jet_main/ef_beam_jet_main_00004"},{"time":3.1,"name":"EF/ef_beam_jet_main/ef_beam_jet_main_00003"},{"time":3.1333,"name":"EF/ef_beam_jet_main/ef_beam_jet_main_00004"},{"time":3.1666,"name":"EF/ef_beam_jet_main/ef_beam_jet_main_00003"},{"time":3.2,"name":"EF/ef_beam_jet_main/ef_beam_jet_main_00004"},{"time":3.2333,"name":"EF/ef_beam_jet_main/ef_beam_jet_main_00003"},{"time":3.2666,"name":"EF/ef_beam_jet_main/ef_beam_jet_main_00004"},{"time":3.3,"name":"EF/ef_beam_jet_main/ef_beam_jet_main_00003"},{"time":3.3333,"name":"EF/ef_beam_jet_main/ef_beam_jet_main_00004"},{"time":3.3666,"name":"EF/ef_beam_jet_main/ef_beam_jet_main_00003"},{"time":3.4,"name":"EF/ef_beam_jet_main/ef_beam_jet_main_00004"},{"time":3.4333,"name":"EF/ef_beam_jet_main/ef_beam_jet_main_00003"},{"time":3.4666,"name":"EF/ef_beam_jet_main/ef_beam_jet_main_00004"},{"time":3.5,"name":"EF/ef_beam_jet_main/ef_beam_jet_main_00003"},{"time":3.5333,"name":"EF/ef_beam_jet_main/ef_beam_jet_main_00003"},{"time":3.5666,"name":"EF/ef_beam_jet_main/ef_beam_jet_main_00004"},{"time":3.6,"name":"EF/ef_beam_jet_main/ef_beam_jet_main_00003"},{"time":3.6333,"name":"EF/ef_beam_jet_main/ef_beam_jet_main_00004"},{"time":3.6666,"name":"EF/ef_beam_jet_main/ef_beam_jet_main_00003"},{"time":3.7,"name":"EF/ef_beam_jet_main/ef_beam_jet_main_00004"},{"time":3.7333,"name":"EF/ef_beam_jet_main/ef_beam_jet_main_00003"},{"time":3.7666,"name":"EF/ef_beam_jet_main/ef_beam_jet_main_00004"},{"time":3.8,"name":"EF/ef_beam_jet_main/ef_beam_jet_main_00003"},{"time":3.8333,"name":"EF/ef_beam_jet_main/ef_beam_jet_main_00004"},{"time":3.8666,"name":"EF/ef_beam_jet_main/ef_beam_jet_main_00003"},{"time":3.9,"name":"EF/ef_beam_jet_main/ef_beam_jet_main_00004"},{"time":3.9333,"name":"EF/ef_beam_jet_main/ef_beam_jet_main_00003"},{"time":3.9666,"name":"EF/ef_beam_jet_main/ef_beam_jet_main_00004"},{"time":4,"name":"EF/ef_beam_jet_main/ef_beam_jet_main_00003"},{"time":4.0333,"name":"EF/ef_beam_jet_main/ef_beam_jet_main_00002"},{"time":4.0666,"name":"EF/ef_beam_jet_main/ef_beam_jet_main_00001"},{"time":4.1333,"name":null}],"color":[{"time":4.0333,"color":"ffffffff"},{"time":4.1333,"color":"ffffff00"}]},"EF_slash1_1":{"attachment":[{"time":1.9333,"name":"EF/ef_slash_A_main/ef_slash_A_main_00001"},{"time":1.9666,"name":"EF/ef_slash_A_main/ef_slash_A_main_00002"},{"time":2,"name":"EF/ef_slash_A_main/ef_slash_A_main_00003"},{"time":2.0333,"name":"EF/ef_slash_A_main/ef_slash_A_main_00004"},{"time":2.0666,"name":"EF/ef_slash_A_main/ef_slash_A_main_00005"},{"time":2.1,"name":"EF/ef_slash_A_main/ef_slash_A_main_00006"},{"time":2.1333,"name":"EF/ef_slash_A_main/ef_slash_A_main_00007"},{"time":2.1666,"name":"EF/ef_slash_A_main/ef_slash_A_main_00008"},{"time":2.2,"name":"EF/ef_slash_A_main/ef_slash_A_main_00009"},{"time":2.2333,"name":null},{"time":3.5,"name":"EF/ef_slash_A_main/ef_slash_A_main_00001"},{"time":3.5333,"name":"EF/ef_slash_A_main/ef_slash_A_main_00002"},{"time":3.5666,"name":"EF/ef_slash_A_main/ef_slash_A_main_00003"},{"time":3.6,"name":"EF/ef_slash_A_main/ef_slash_A_main_00004"},{"time":3.6333,"name":"EF/ef_slash_A_main/ef_slash_A_main_00005"},{"time":3.6666,"name":"EF/ef_slash_A_main/ef_slash_A_main_00006"},{"time":3.7,"name":"EF/ef_slash_A_main/ef_slash_A_main_00007"},{"time":3.7333,"name":"EF/ef_slash_A_main/ef_slash_A_main_00008"},{"time":3.7666,"name":"EF/ef_slash_A_main/ef_slash_A_main_00009"},{"time":3.8,"name":null}],"color":[{"time":3.6333,"color":"ffffffff"},{"time":3.8,"color":"ffffff00"}]},"EF_wave2_1":{"attachment":[{"time":0,"name":"EF/ef_wave_A_main/ef_wave_A_main_00001"},{"time":0.0333,"name":"EF/ef_wave_A_main/ef_wave_A_main_00002"},{"time":0.0666,"name":"EF/ef_wave_A_main/ef_wave_A_main_00003"},{"time":0.1333,"name":"EF/ef_wave_A_main/ef_wave_A_main_00004"},{"time":0.2,"name":"EF/ef_wave_A_main/ef_wave_A_main_00005"},{"time":0.2666,"name":"EF/ef_wave_A_main/ef_wave_A_main_00006"},{"time":0.3333,"name":null}],"color":[{"time":0,"color":"ffffffff","curve":"stepped"},{"time":0.2,"color":"ffffffff"},{"time":0.3333,"color":"ffffff00"}]},"EF_wave3_1":{"attachment":[{"time":0.1666,"name":"EF/ef_wave_B_main/ef_wave_B_main_00001"},{"time":0.2,"name":"EF/ef_wave_B_main/ef_wave_B_main_00002"},{"time":0.2333,"name":"EF/ef_wave_B_main/ef_wave_B_main_00003"},{"time":0.2666,"name":"EF/ef_wave_B_main/ef_wave_B_main_00004"},{"time":0.3,"name":"EF/ef_wave_B_main/ef_wave_B_main_00005"},{"time":0.3333,"name":"EF/ef_wave_B_main/ef_wave_B_main_00006"},{"time":0.3666,"name":"EF/ef_wave_B_main/ef_wave_B_main_00007"},{"time":0.4,"name":null},{"time":0.4333,"name":"EF/ef_wave_B_main/ef_wave_B_main_00001"},{"time":0.4666,"name":"EF/ef_wave_B_main/ef_wave_B_main_00002"},{"time":0.5,"name":"EF/ef_wave_B_main/ef_wave_B_main_00003"},{"time":0.5333,"name":"EF/ef_wave_B_main/ef_wave_B_main_00004"},{"time":0.5666,"name":"EF/ef_wave_B_main/ef_wave_B_main_00005"},{"time":0.6,"name":"EF/ef_wave_B_main/ef_wave_B_main_00006"},{"time":0.6333,"name":"EF/ef_wave_B_main/ef_wave_B_main_00007"},{"time":0.6666,"name":null},{"time":0.7,"name":"EF/ef_wave_B_main/ef_wave_B_main_00001"},{"time":0.7333,"name":"EF/ef_wave_B_main/ef_wave_B_main_00002"},{"time":0.7666,"name":"EF/ef_wave_B_main/ef_wave_B_main_00003"},{"time":0.8,"name":"EF/ef_wave_B_main/ef_wave_B_main_00004"},{"time":0.8333,"name":"EF/ef_wave_B_main/ef_wave_B_main_00005"},{"time":0.8666,"name":"EF/ef_wave_B_main/ef_wave_B_main_00006"},{"time":0.9,"name":"EF/ef_wave_B_main/ef_wave_B_main_00007"},{"time":0.9333,"name":null},{"time":0.9666,"name":"EF/ef_wave_B_main/ef_wave_B_main_00001"},{"time":1,"name":"EF/ef_wave_B_main/ef_wave_B_main_00002"},{"time":1.0333,"name":"EF/ef_wave_B_main/ef_wave_B_main_00003"},{"time":1.0666,"name":"EF/ef_wave_B_main/ef_wave_B_main_00004"},{"time":1.1,"name":"EF/ef_wave_B_main/ef_wave_B_main_00005"},{"time":1.1333,"name":"EF/ef_wave_B_main/ef_wave_B_main_00006"},{"time":1.1666,"name":"EF/ef_wave_B_main/ef_wave_B_main_00007"},{"time":1.2,"name":null},{"time":1.2333,"name":"EF/ef_wave_B_main/ef_wave_B_main_00001"},{"time":1.2666,"name":"EF/ef_wave_B_main/ef_wave_B_main_00002"},{"time":1.3,"name":"EF/ef_wave_B_main/ef_wave_B_main_00003"},{"time":1.3333,"name":"EF/ef_wave_B_main/ef_wave_B_main_00004"},{"time":1.3666,"name":"EF/ef_wave_B_main/ef_wave_B_main_00005"},{"time":1.4,"name":"EF/ef_wave_B_main/ef_wave_B_main_00006"},{"time":1.4333,"name":"EF/ef_wave_B_main/ef_wave_B_main_00007"},{"time":1.4666,"name":null},{"time":1.5,"name":"EF/ef_wave_B_main/ef_wave_B_main_00001"},{"time":1.5333,"name":"EF/ef_wave_B_main/ef_wave_B_main_00002"},{"time":1.5666,"name":"EF/ef_wave_B_main/ef_wave_B_main_00003"},{"time":1.6,"name":"EF/ef_wave_B_main/ef_wave_B_main_00004"},{"time":1.6333,"name":"EF/ef_wave_B_main/ef_wave_B_main_00005"},{"time":1.6666,"name":"EF/ef_wave_B_main/ef_wave_B_main_00006"},{"time":1.7,"name":"EF/ef_wave_B_main/ef_wave_B_main_00007"},{"time":1.7333,"name":null},{"time":1.7666,"name":"EF/ef_wave_B_main/ef_wave_B_main_00001"},{"time":1.8,"name":"EF/ef_wave_B_main/ef_wave_B_main_00002"},{"time":1.8333,"name":"EF/ef_wave_B_main/ef_wave_B_main_00003"},{"time":1.8666,"name":"EF/ef_wave_B_main/ef_wave_B_main_00004"},{"time":1.9,"name":"EF/ef_wave_B_main/ef_wave_B_main_00005"},{"time":1.9333,"name":"EF/ef_wave_B_main/ef_wave_B_main_00006"},{"time":1.9666,"name":"EF/ef_wave_B_main/ef_wave_B_main_00007"},{"time":2,"name":null},{"time":2.0333,"name":"EF/ef_wave_B_main/ef_wave_B_main_00001"},{"time":2.0666,"name":"EF/ef_wave_B_main/ef_wave_B_main_00002"},{"time":2.1,"name":"EF/ef_wave_B_main/ef_wave_B_main_00003"},{"time":2.1333,"name":"EF/ef_wave_B_main/ef_wave_B_main_00004"},{"time":2.1666,"name":"EF/ef_wave_B_main/ef_wave_B_main_00005"},{"time":2.2,"name":"EF/ef_wave_B_main/ef_wave_B_main_00006"},{"time":2.2333,"name":"EF/ef_wave_B_main/ef_wave_B_main_00007"},{"time":2.2666,"name":null},{"time":2.3,"name":"EF/ef_wave_B_main/ef_wave_B_main_00001"},{"time":2.3333,"name":"EF/ef_wave_B_main/ef_wave_B_main_00002"},{"time":2.3666,"name":"EF/ef_wave_B_main/ef_wave_B_main_00003"},{"time":2.4,"name":"EF/ef_wave_B_main/ef_wave_B_main_00004"},{"time":2.4333,"name":"EF/ef_wave_B_main/ef_wave_B_main_00005"},{"time":2.4666,"name":"EF/ef_wave_B_main/ef_wave_B_main_00006"},{"time":2.5,"name":"EF/ef_wave_B_main/ef_wave_B_main_00007"},{"time":2.5333,"name":null},{"time":2.5666,"name":"EF/ef_wave_B_main/ef_wave_B_main_00001"},{"time":2.6,"name":"EF/ef_wave_B_main/ef_wave_B_main_00002"},{"time":2.6333,"name":"EF/ef_wave_B_main/ef_wave_B_main_00003"},{"time":2.6666,"name":"EF/ef_wave_B_main/ef_wave_B_main_00004"},{"time":2.7,"name":"EF/ef_wave_B_main/ef_wave_B_main_00005"},{"time":2.7333,"name":"EF/ef_wave_B_main/ef_wave_B_main_00006"},{"time":2.7666,"name":"EF/ef_wave_B_main/ef_wave_B_main_00007"},{"time":2.8,"name":null},{"time":2.8333,"name":"EF/ef_wave_B_main/ef_wave_B_main_00001"},{"time":2.8666,"name":"EF/ef_wave_B_main/ef_wave_B_main_00002"},{"time":2.9,"name":"EF/ef_wave_B_main/ef_wave_B_main_00003"},{"time":2.9333,"name":"EF/ef_wave_B_main/ef_wave_B_main_00004"},{"time":2.9666,"name":"EF/ef_wave_B_main/ef_wave_B_main_00005"},{"time":3,"name":"EF/ef_wave_B_main/ef_wave_B_main_00006"},{"time":3.0333,"name":"EF/ef_wave_B_main/ef_wave_B_main_00007"},{"time":3.0666,"name":null},{"time":3.1,"name":"EF/ef_wave_B_main/ef_wave_B_main_00001"},{"time":3.1333,"name":"EF/ef_wave_B_main/ef_wave_B_main_00002"},{"time":3.1666,"name":"EF/ef_wave_B_main/ef_wave_B_main_00003"},{"time":3.2,"name":"EF/ef_wave_B_main/ef_wave_B_main_00004"},{"time":3.2333,"name":"EF/ef_wave_B_main/ef_wave_B_main_00005"},{"time":3.2666,"name":"EF/ef_wave_B_main/ef_wave_B_main_00006"},{"time":3.3,"name":"EF/ef_wave_B_main/ef_wave_B_main_00007"},{"time":3.3333,"name":null},{"time":3.3666,"name":"EF/ef_wave_B_main/ef_wave_B_main_00001"},{"time":3.4,"name":"EF/ef_wave_B_main/ef_wave_B_main_00002"},{"time":3.4333,"name":"EF/ef_wave_B_main/ef_wave_B_main_00003"},{"time":3.4666,"name":"EF/ef_wave_B_main/ef_wave_B_main_00004"},{"time":3.5,"name":"EF/ef_wave_B_main/ef_wave_B_main_00005"},{"time":3.5333,"name":"EF/ef_wave_B_main/ef_wave_B_main_00006"},{"time":3.5666,"name":"EF/ef_wave_B_main/ef_wave_B_main_00007"},{"time":3.6,"name":null},{"time":3.6333,"name":"EF/ef_wave_B_main/ef_wave_B_main_00001"},{"time":3.6666,"name":"EF/ef_wave_B_main/ef_wave_B_main_00002"},{"time":3.7,"name":"EF/ef_wave_B_main/ef_wave_B_main_00003"},{"time":3.7333,"name":"EF/ef_wave_B_main/ef_wave_B_main_00004"},{"time":3.7666,"name":"EF/ef_wave_B_main/ef_wave_B_main_00005"},{"time":3.8,"name":"EF/ef_wave_B_main/ef_wave_B_main_00006"},{"time":3.8333,"name":"EF/ef_wave_B_main/ef_wave_B_main_00007"},{"time":3.8666,"name":null},{"time":3.9,"name":"EF/ef_wave_B_main/ef_wave_B_main_00001"},{"time":3.9333,"name":"EF/ef_wave_B_main/ef_wave_B_main_00002"},{"time":3.9666,"name":"EF/ef_wave_B_main/ef_wave_B_main_00003"},{"time":4,"name":"EF/ef_wave_B_main/ef_wave_B_main_00004"},{"time":4.0333,"name":"EF/ef_wave_B_main/ef_wave_B_main_00005"},{"time":4.0666,"name":"EF/ef_wave_B_main/ef_wave_B_main_00006"},{"time":4.1,"name":"EF/ef_wave_B_main/ef_wave_B_main_00007"},{"time":4.1333,"name":null}]},"EF_wave3_2":{"attachment":[{"time":0.3,"name":"EF/ef_wave_B_main/ef_wave_B_main_00001"},{"time":0.3333,"name":"EF/ef_wave_B_main/ef_wave_B_main_00002"},{"time":0.3666,"name":"EF/ef_wave_B_main/ef_wave_B_main_00003"},{"time":0.4,"name":"EF/ef_wave_B_main/ef_wave_B_main_00004"},{"time":0.4333,"name":"EF/ef_wave_B_main/ef_wave_B_main_00005"},{"time":0.4666,"name":"EF/ef_wave_B_main/ef_wave_B_main_00006"},{"time":0.5,"name":"EF/ef_wave_B_main/ef_wave_B_main_00007"},{"time":0.5333,"name":null},{"time":0.5666,"name":"EF/ef_wave_B_main/ef_wave_B_main_00001"},{"time":0.6,"name":"EF/ef_wave_B_main/ef_wave_B_main_00002"},{"time":0.6333,"name":"EF/ef_wave_B_main/ef_wave_B_main_00003"},{"time":0.6666,"name":"EF/ef_wave_B_main/ef_wave_B_main_00004"},{"time":0.7,"name":"EF/ef_wave_B_main/ef_wave_B_main_00005"},{"time":0.7333,"name":"EF/ef_wave_B_main/ef_wave_B_main_00006"},{"time":0.7666,"name":"EF/ef_wave_B_main/ef_wave_B_main_00007"},{"time":0.8,"name":null},{"time":0.8333,"name":"EF/ef_wave_B_main/ef_wave_B_main_00001"},{"time":0.8666,"name":"EF/ef_wave_B_main/ef_wave_B_main_00002"},{"time":0.9,"name":"EF/ef_wave_B_main/ef_wave_B_main_00003"},{"time":0.9333,"name":"EF/ef_wave_B_main/ef_wave_B_main_00004"},{"time":0.9666,"name":"EF/ef_wave_B_main/ef_wave_B_main_00005"},{"time":1,"name":"EF/ef_wave_B_main/ef_wave_B_main_00006"},{"time":1.0333,"name":"EF/ef_wave_B_main/ef_wave_B_main_00007"},{"time":1.0666,"name":null},{"time":1.1,"name":"EF/ef_wave_B_main/ef_wave_B_main_00001"},{"time":1.1333,"name":"EF/ef_wave_B_main/ef_wave_B_main_00002"},{"time":1.1666,"name":"EF/ef_wave_B_main/ef_wave_B_main_00003"},{"time":1.2,"name":"EF/ef_wave_B_main/ef_wave_B_main_00004"},{"time":1.2333,"name":"EF/ef_wave_B_main/ef_wave_B_main_00005"},{"time":1.2666,"name":"EF/ef_wave_B_main/ef_wave_B_main_00006"},{"time":1.3,"name":"EF/ef_wave_B_main/ef_wave_B_main_00007"},{"time":1.3333,"name":null},{"time":1.3666,"name":"EF/ef_wave_B_main/ef_wave_B_main_00001"},{"time":1.4,"name":"EF/ef_wave_B_main/ef_wave_B_main_00002"},{"time":1.4333,"name":"EF/ef_wave_B_main/ef_wave_B_main_00003"},{"time":1.4666,"name":"EF/ef_wave_B_main/ef_wave_B_main_00004"},{"time":1.5,"name":"EF/ef_wave_B_main/ef_wave_B_main_00005"},{"time":1.5333,"name":"EF/ef_wave_B_main/ef_wave_B_main_00006"},{"time":1.5666,"name":"EF/ef_wave_B_main/ef_wave_B_main_00007"},{"time":1.6,"name":null},{"time":1.6333,"name":"EF/ef_wave_B_main/ef_wave_B_main_00001"},{"time":1.6666,"name":"EF/ef_wave_B_main/ef_wave_B_main_00002"},{"time":1.7,"name":"EF/ef_wave_B_main/ef_wave_B_main_00003"},{"time":1.7333,"name":"EF/ef_wave_B_main/ef_wave_B_main_00004"},{"time":1.7666,"name":"EF/ef_wave_B_main/ef_wave_B_main_00005"},{"time":1.8,"name":"EF/ef_wave_B_main/ef_wave_B_main_00006"},{"time":1.8333,"name":"EF/ef_wave_B_main/ef_wave_B_main_00007"},{"time":1.8666,"name":null},{"time":1.9,"name":"EF/ef_wave_B_main/ef_wave_B_main_00001"},{"time":1.9333,"name":"EF/ef_wave_B_main/ef_wave_B_main_00002"},{"time":1.9666,"name":"EF/ef_wave_B_main/ef_wave_B_main_00003"},{"time":2,"name":"EF/ef_wave_B_main/ef_wave_B_main_00004"},{"time":2.0333,"name":"EF/ef_wave_B_main/ef_wave_B_main_00005"},{"time":2.0666,"name":"EF/ef_wave_B_main/ef_wave_B_main_00006"},{"time":2.1,"name":"EF/ef_wave_B_main/ef_wave_B_main_00007"},{"time":2.1333,"name":null},{"time":2.1666,"name":"EF/ef_wave_B_main/ef_wave_B_main_00001"},{"time":2.2,"name":"EF/ef_wave_B_main/ef_wave_B_main_00002"},{"time":2.2333,"name":"EF/ef_wave_B_main/ef_wave_B_main_00003"},{"time":2.2666,"name":"EF/ef_wave_B_main/ef_wave_B_main_00004"},{"time":2.3,"name":"EF/ef_wave_B_main/ef_wave_B_main_00005"},{"time":2.3333,"name":"EF/ef_wave_B_main/ef_wave_B_main_00006"},{"time":2.3666,"name":"EF/ef_wave_B_main/ef_wave_B_main_00007"},{"time":2.4,"name":null},{"time":2.4333,"name":"EF/ef_wave_B_main/ef_wave_B_main_00001"},{"time":2.4666,"name":"EF/ef_wave_B_main/ef_wave_B_main_00002"},{"time":2.5,"name":"EF/ef_wave_B_main/ef_wave_B_main_00003"},{"time":2.5333,"name":"EF/ef_wave_B_main/ef_wave_B_main_00004"},{"time":2.5666,"name":"EF/ef_wave_B_main/ef_wave_B_main_00005"},{"time":2.6,"name":"EF/ef_wave_B_main/ef_wave_B_main_00006"},{"time":2.6333,"name":"EF/ef_wave_B_main/ef_wave_B_main_00007"},{"time":2.6666,"name":null},{"time":2.7,"name":"EF/ef_wave_B_main/ef_wave_B_main_00001"},{"time":2.7333,"name":"EF/ef_wave_B_main/ef_wave_B_main_00002"},{"time":2.7666,"name":"EF/ef_wave_B_main/ef_wave_B_main_00003"},{"time":2.8,"name":"EF/ef_wave_B_main/ef_wave_B_main_00004"},{"time":2.8333,"name":"EF/ef_wave_B_main/ef_wave_B_main_00005"},{"time":2.8666,"name":"EF/ef_wave_B_main/ef_wave_B_main_00006"},{"time":2.9,"name":"EF/ef_wave_B_main/ef_wave_B_main_00007"},{"time":2.9333,"name":null},{"time":2.9666,"name":"EF/ef_wave_B_main/ef_wave_B_main_00001"},{"time":3,"name":"EF/ef_wave_B_main/ef_wave_B_main_00002"},{"time":3.0333,"name":"EF/ef_wave_B_main/ef_wave_B_main_00003"},{"time":3.0666,"name":"EF/ef_wave_B_main/ef_wave_B_main_00004"},{"time":3.1,"name":"EF/ef_wave_B_main/ef_wave_B_main_00005"},{"time":3.1333,"name":"EF/ef_wave_B_main/ef_wave_B_main_00006"},{"time":3.1666,"name":"EF/ef_wave_B_main/ef_wave_B_main_00007"},{"time":3.2,"name":null},{"time":3.2333,"name":"EF/ef_wave_B_main/ef_wave_B_main_00001"},{"time":3.2666,"name":"EF/ef_wave_B_main/ef_wave_B_main_00002"},{"time":3.3,"name":"EF/ef_wave_B_main/ef_wave_B_main_00003"},{"time":3.3333,"name":"EF/ef_wave_B_main/ef_wave_B_main_00004"},{"time":3.3666,"name":"EF/ef_wave_B_main/ef_wave_B_main_00005"},{"time":3.4,"name":"EF/ef_wave_B_main/ef_wave_B_main_00006"},{"time":3.4333,"name":"EF/ef_wave_B_main/ef_wave_B_main_00007"},{"time":3.4666,"name":null},{"time":3.5,"name":"EF/ef_wave_B_main/ef_wave_B_main_00001"},{"time":3.5333,"name":"EF/ef_wave_B_main/ef_wave_B_main_00002"},{"time":3.5666,"name":"EF/ef_wave_B_main/ef_wave_B_main_00003"},{"time":3.6,"name":"EF/ef_wave_B_main/ef_wave_B_main_00004"},{"time":3.6333,"name":"EF/ef_wave_B_main/ef_wave_B_main_00005"},{"time":3.6666,"name":"EF/ef_wave_B_main/ef_wave_B_main_00006"},{"time":3.7,"name":"EF/ef_wave_B_main/ef_wave_B_main_00007"},{"time":3.7333,"name":null},{"time":3.7666,"name":"EF/ef_wave_B_main/ef_wave_B_main_00001"},{"time":3.8,"name":"EF/ef_wave_B_main/ef_wave_B_main_00002"},{"time":3.8333,"name":"EF/ef_wave_B_main/ef_wave_B_main_00003"},{"time":3.8666,"name":"EF/ef_wave_B_main/ef_wave_B_main_00004"},{"time":3.9,"name":"EF/ef_wave_B_main/ef_wave_B_main_00005"},{"time":3.9333,"name":"EF/ef_wave_B_main/ef_wave_B_main_00006"},{"time":3.9666,"name":"EF/ef_wave_B_main/ef_wave_B_main_00007"},{"time":4,"name":null}]},"MAIN":{"attachment":[{"time":0,"name":"skill2_04"},{"time":0.1,"name":"skill2_03"},{"time":1.3666,"name":"skill2_06"},{"time":1.9666,"name":"skill2_02"},{"time":2,"name":"skill2_01"},{"time":3.2333,"name":"skill2_02"},{"time":3.5333,"name":"skill2_04"},{"time":3.5666,"name":"skill2_03"},{"time":4.0333,"name":"skill2_04"},{"time":4.1,"name":"skill2_03"},{"time":4.6,"name":"attack1_03"},{"time":5,"name":"idle_00"}]}},"bones":{"MAIN":{"rotate":[{"time":0,"angle":0,"curve":"stepped"},{"time":1.3333,"angle":0},{"time":1.9333,"angle":-4.5,"curve":"stepped"},{"time":1.9666,"angle":0,"curve":[0.138,0.48,0.75,1]},{"time":2.6333,"angle":-1.93,"curve":"stepped"},{"time":3.4333,"angle":-1.93},{"time":3.5,"angle":6.2,"curve":"stepped"},{"time":3.5333,"angle":-7.88,"curve":[0.093,0.62,0.75,1]},{"time":3.7,"angle":-1.93},{"time":4,"angle":-1.05,"curve":"stepped"},{"time":4.6,"angle":0,"curve":"stepped"},{"time":5,"angle":0}],"translate":[{"time":0,"x":0,"y":0,"curve":"stepped"},{"time":1.3666,"x":-15.6,"y":4.83,"curve":[1,0,0.75,1]},{"time":2.0333,"x":-26.79,"y":21.18,"curve":[0.164,0.42,0.75,1]},{"time":2.2666,"x":-32.54,"y":43.25,"curve":[0.131,0.44,0.75,1]},{"time":3.1666,"x":-33.86,"y":48.47,"curve":"stepped"},{"time":3.2,"x":-33.86,"y":48.47,"curve":[0.124,0.37,0.75,1]},{"time":3.4333,"x":-39.68,"y":65.94},{"time":3.5333,"x":-50.6,"y":52.11,"curve":[0.114,0.31,0.75,1]},{"time":3.7666,"x":-54.77,"y":48.41},{"time":4,"x":-54.29,"y":48.41,"curve":"stepped"},{"time":4.6,"x":-62.91,"y":55.55,"curve":[0.267,0.43,0.596,0.75]},{"time":5,"x":-62.91,"y":0}],"scale":[{"time":0,"x":1,"y":1}]},"EF_OF_main1_1":{"translate":[{"time":0,"x":-183.9,"y":30.65}],"scale":[{"time":0,"x":1.5,"y":1.5},{"time":0.0333,"x":5.271,"y":5.271,"curve":[0.143,0.53,0.75,1]},{"time":0.2333,"x":0.119,"y":0.119}]},"EF_wave2_1":{"translate":[{"time":0,"x":-234.38,"y":-20.26}],"scale":[{"time":0,"x":1.5,"y":1.5,"curve":[0.168,0.47,0.75,1]},{"time":0.3333,"x":3,"y":3}]},"EF_slash1_1":{"rotate":[{"time":3.5,"angle":11.24}],"translate":[{"time":1.9333,"x":-530.55,"y":203.72,"curve":"stepped"},{"time":2.0333,"x":-555.52,"y":166.77,"curve":"stepped"},{"time":3.5,"x":-578.53,"y":5.47}],"scale":[{"time":1.9333,"x":5,"y":5,"curve":"stepped"},{"time":3.5,"x":5,"y":-5}]},"EF_beamjet1_1":{"rotate":[{"time":0.1666,"angle":55.98,"curve":"stepped"},{"time":1.3666,"angle":45.04},{"time":1.9333,"angle":36.01,"curve":"stepped"},{"time":1.9666,"angle":-39.74,"curve":[0.203,0.91,0.75,1]},{"time":2.4,"angle":-46.96},{"time":3.2,"angle":-48.32},{"time":3.4333,"angle":-49.17},{"time":3.4666,"angle":-47.61},{"time":3.5,"angle":-36.09},{"time":3.5333,"angle":49.7,"curve":[0.282,0.7,0.75,1]},{"time":3.8666,"angle":53.39}],"translate":[{"time":0.1666,"x":-223.4,"y":52.01,"curve":"stepped"},{"time":1.3666,"x":-241.5,"y":67.45},{"time":1.9333,"x":-248.69,"y":75.19,"curve":"stepped"},{"time":1.9666,"x":-237.75,"y":175.41,"curve":[0.203,0.91,0.75,1]},{"time":2.4,"x":-245.74,"y":205.37},{"time":3.2,"x":-248.74,"y":209.37},{"time":3.4333,"x":-251.74,"y":223.35},{"time":3.4666,"x":-261.22,"y":215.15},{"time":3.5,"x":-273.05,"y":211.36},{"time":3.5333,"x":-274.2,"y":108.29,"curve":[0.282,0.7,0.75,1]},{"time":3.8666,"x":-275.3,"y":90.23}],"scale":[{"time":0.1666,"x":3.5,"y":3.5,"curve":"stepped"},{"time":1.3666,"x":3.5,"y":3.5,"curve":"stepped"},{"time":4,"x":3.5,"y":3.5},{"time":4.1,"x":1,"y":1}]},"EF_wave3_1":{"rotate":[{"time":0.1666,"angle":54.52,"curve":"stepped"},{"time":1.3666,"angle":54.52},{"time":1.4666,"angle":51.45},{"time":1.9333,"angle":46.99},{"time":1.9666,"angle":-45.82},{"time":2.3666,"angle":-47.49,"curve":"stepped"},{"time":3.4333,"angle":-47.49},{"time":3.4666,"angle":-40.81},{"time":3.5,"angle":-37.37},{"time":3.5333,"angle":57.24},{"time":3.7333,"angle":64.52}],"translate":[{"time":0.1666,"x":-341.18,"y":-16.41,"curve":"stepped"},{"time":1.3666,"x":-361.36,"y":-2.03},{"time":1.4666,"x":-364.31,"y":0.06},{"time":1.9333,"x":-369.23,"y":12.51},{"time":1.9666,"x":-355.95,"y":141.57},{"time":2.3666,"x":-361.14,"y":166.82},{"time":3.2333,"x":-358.48,"y":172.67},{"time":3.4333,"x":-366.46,"y":190.23},{"time":3.4666,"x":-372.31,"y":176.4},{"time":3.5,"x":-377.95,"y":165.58},{"time":3.5333,"x":-389.88,"y":39.51},{"time":3.7333,"x":-389.85,"y":28.11}],"scale":[{"time":0.1666,"x":2,"y":2}]},"EF_wave3_2":{"rotate":[{"time":0.3,"angle":54.52,"curve":"stepped"},{"time":1.3666,"angle":54.52},{"time":1.4666,"angle":51.45},{"time":1.9333,"angle":46.99},{"time":1.9666,"angle":-45.82},{"time":2.3666,"angle":-47.49,"curve":"stepped"},{"time":3.4333,"angle":-47.49},{"time":3.4666,"angle":-40.81},{"time":3.5,"angle":-37.37},{"time":3.5333,"angle":57.24},{"time":3.7333,"angle":64.52}],"translate":[{"time":0.3,"x":-341.18,"y":-16.41,"curve":"stepped"},{"time":1.3666,"x":-361.36,"y":-2.03},{"time":1.4666,"x":-364.31,"y":0.06},{"time":1.9333,"x":-369.23,"y":12.51},{"time":1.9666,"x":-355.95,"y":141.57},{"time":2.3666,"x":-361.14,"y":166.82},{"time":3.2333,"x":-358.48,"y":172.67},{"time":3.4333,"x":-366.46,"y":190.23},{"time":3.4666,"x":-372.31,"y":176.4},{"time":3.5,"x":-377.95,"y":165.58},{"time":3.5333,"x":-389.88,"y":39.51},{"time":3.7333,"x":-389.85,"y":28.11}],"scale":[{"time":0.3,"x":2,"y":2}]},"DAMAGEAREA":{"translate":[{"time":2,"x":-304.87,"y":0},{"time":2.1333,"x":-381.77,"y":411.97}],"scale":[{"time":2,"x":6.14,"y":7.845}]},"root":{"rotate":[{"time":0.1333,"angle":0.08}]}},"events":[{"time":0,"name":"Sound1","string":"cri_se_battle_arrow_light_effect"},{"time":0,"name":"Sound2","string":"setHitSound(se_battle_007_attack_hit_01)"},{"time":0,"name":"Voice","string":"cri_185_voice_fullarts_now"},{"time":0.0333,"name":"Event","string":"kImpactType_up"},{"time":0.0666,"name":"Event","string":"setHitBackEnemy(0,20)"},{"time":0.1,"name":"Event","float":0.2,"string":"kHitStopType_enemyonly"},{"time":0.1333,"name":"Sound1","string":"cri_se_battle_machine_missile"},{"time":0.2333,"name":"Sound1","string":"cri_se_battle_machine_missile"},{"time":0.3333,"name":"Event","string":"shakeGround"},{"time":0.3333,"name":"Sound1","string":"cri_se_battle_machine_missile"},{"time":0.4333,"name":"Sound1","string":"cri_se_battle_machine_missile"},{"time":0.5,"name":"Event","string":"shakeGround"},{"time":0.5333,"name":"Sound1","string":"cri_se_battle_machine_missile"},{"time":0.6333,"name":"Sound1","string":"cri_se_battle_machine_missile"},{"time":0.7333,"name":"Sound1","string":"cri_se_battle_machine_missile"},{"time":0.8,"name":"Event","string":"shakeGround"},{"time":0.8333,"name":"Sound1","string":"cri_se_battle_machine_missile"},{"time":0.9333,"name":"Sound1","string":"cri_se_battle_machine_missile"},{"time":1.0333,"name":"Sound1","string":"cri_se_battle_machine_missile"},{"time":1.1,"name":"Event","string":"shakeGround"},{"time":1.1333,"name":"Sound1","string":"cri_se_battle_machine_missile"},{"time":1.2333,"name":"Sound1","string":"cri_se_battle_machine_missile"},{"time":1.3,"name":"Event","string":"shakeGround"},{"time":1.3333,"name":"Sound1","string":"cri_se_battle_machine_missile"},{"time":1.4333,"name":"Sound1","string":"cri_se_battle_machine_missile"},{"time":1.5333,"name":"Sound1","string":"cri_se_battle_machine_missile"},{"time":1.5666,"name":"Event","string":"shakeGround"},{"time":1.6333,"name":"Sound1","string":"cri_se_battle_machine_missile"},{"time":1.7333,"name":"Sound1","string":"cri_se_battle_machine_missile"},{"time":1.8333,"name":"Event","string":"shakeGround"},{"time":1.8333,"name":"Sound1","string":"cri_se_battle_machine_missile"},{"time":1.8666,"name":"Sound1","string":"cri_se_battle_030_explosion_02"},{"time":2,"name":"Event","float":5,"string":"shakeGround"},{"time":2.0666,"name":"Hit","string":"resetHitList"},{"time":2.1333,"name":"Hit","string":"resetHitList"},{"time":2.2,"name":"Sound1","string":"cri_se_battle_skill_elxplosion"},{"time":2.2,"name":"Voice","string":"cri_185_voice_fullarts_rank5"},{"time":3.2666,"name":"Event","string":"setHitBackEnemy(0,0)"},{"time":3.3333,"name":"Event","string":"kImpactType_down"},{"time":3.4,"name":"Event","float":0.25,"string":"kHitStopType_normal"},{"time":3.4666,"name":"Event","float":6,"string":"shakeGround"},{"time":3.5,"name":"Sound1","string":"cri_se_battle_037_explosion_element_05"},{"time":3.5333,"name":"Hit","float":99,"string":"resetHitList"},{"time":3.5333,"name":"Sound3","string":"cri_se_battle_monster_hit"}]},"skill1-library":{"slots":{"EF_shine1_1":{"attachment":[{"time":0,"name":"EF/ef_flash/5140_S1B_power1_00001"},{"time":0.0333,"name":"EF/ef_flash/5140_S1B_power1_00002"},{"time":0.0666,"name":"EF/ef_flash/5140_S1B_power1_00003"},{"time":0.1333,"name":"EF/ef_flash/5140_S1B_power1_00004"},{"time":0.2,"name":"EF/ef_flash/5140_S1B_power1_00005"},{"time":0.2666,"name":"EF/ef_flash/5140_S1B_power1_00006"},{"time":0.3333,"name":"EF/ef_flash/5140_S1B_power1_00007"},{"time":0.4,"name":null}],"color":[{"time":0.1666,"color":"ffffffff"},{"time":0.4,"color":"ffffff00"}]},"EF_wave1_1":{"attachment":[{"time":0,"name":"EF/ef_graund_wave_main/ef_graund_wave_main_00001"},{"time":0.0333,"name":"EF/ef_graund_wave_main/ef_graund_wave_main_00002"},{"time":0.0666,"name":"EF/ef_graund_wave_main/ef_graund_wave_main_00003"},{"time":0.1,"name":"EF/ef_graund_wave_main/ef_graund_wave_main_00004"},{"time":0.1333,"name":"EF/ef_graund_wave_main/ef_graund_wave_main_00005"},{"time":0.1666,"name":"EF/ef_graund_wave_main/ef_graund_wave_main_00006"},{"time":0.2,"name":"EF/ef_graund_wave_main/ef_graund_wave_main_00007"},{"time":0.2333,"name":"EF/ef_graund_wave_main/ef_graund_wave_main_00008"},{"time":0.2666,"name":"EF/ef_graund_wave_main/ef_graund_wave_main_00009"},{"time":0.3,"name":"EF/ef_graund_wave_main/ef_graund_wave_main_00010"},{"time":0.3333,"name":"EF/ef_graund_wave_main/ef_graund_wave_main_00011"},{"time":0.3666,"name":"EF/ef_graund_wave_main/ef_graund_wave_main_00012"},{"time":0.4,"name":"EF/ef_graund_wave_main/ef_graund_wave_main_00013"},{"time":0.4333,"name":"EF/ef_graund_wave_main/ef_graund_wave_main_00014"},{"time":0.4666,"name":"EF/ef_graund_wave_main/ef_graund_wave_main_00015"},{"time":0.5,"name":null}]},"EF_wave1_2":{"attachment":[{"time":0.1333,"name":"EF/ef_graund_wave_main/ef_graund_wave_main_00001"},{"time":0.1666,"name":"EF/ef_graund_wave_main/ef_graund_wave_main_00002"},{"time":0.2,"name":"EF/ef_graund_wave_main/ef_graund_wave_main_00003"},{"time":0.2333,"name":"EF/ef_graund_wave_main/ef_graund_wave_main_00004"},{"time":0.2666,"name":"EF/ef_graund_wave_main/ef_graund_wave_main_00005"},{"time":0.3,"name":"EF/ef_graund_wave_main/ef_graund_wave_main_00006"},{"time":0.3333,"name":"EF/ef_graund_wave_main/ef_graund_wave_main_00007"},{"time":0.3666,"name":"EF/ef_graund_wave_main/ef_graund_wave_main_00008"},{"time":0.4,"name":"EF/ef_graund_wave_main/ef_graund_wave_main_00009"},{"time":0.4333,"name":"EF/ef_graund_wave_main/ef_graund_wave_main_00010"},{"time":0.4666,"name":"EF/ef_graund_wave_main/ef_graund_wave_main_00011"},{"time":0.5,"name":"EF/ef_graund_wave_main/ef_graund_wave_main_00012"},{"time":0.5333,"name":"EF/ef_graund_wave_main/ef_graund_wave_main_00013"},{"time":0.5666,"name":"EF/ef_graund_wave_main/ef_graund_wave_main_00014"},{"time":0.6,"name":"EF/ef_graund_wave_main/ef_graund_wave_main_00015"},{"time":0.6333,"name":null}]},"EF_wave1_3":{"attachment":[{"time":0.2666,"name":"EF/ef_graund_wave_main/ef_graund_wave_main_00001"},{"time":0.3,"name":"EF/ef_graund_wave_main/ef_graund_wave_main_00002"},{"time":0.3333,"name":"EF/ef_graund_wave_main/ef_graund_wave_main_00003"},{"time":0.3666,"name":"EF/ef_graund_wave_main/ef_graund_wave_main_00004"},{"time":0.4,"name":"EF/ef_graund_wave_main/ef_graund_wave_main_00005"},{"time":0.4333,"name":"EF/ef_graund_wave_main/ef_graund_wave_main_00006"},{"time":0.4666,"name":"EF/ef_graund_wave_main/ef_graund_wave_main_00007"},{"time":0.5,"name":"EF/ef_graund_wave_main/ef_graund_wave_main_00008"},{"time":0.5333,"name":"EF/ef_graund_wave_main/ef_graund_wave_main_00009"},{"time":0.5666,"name":"EF/ef_graund_wave_main/ef_graund_wave_main_00010"},{"time":0.6,"name":"EF/ef_graund_wave_main/ef_graund_wave_main_00011"},{"time":0.6333,"name":"EF/ef_graund_wave_main/ef_graund_wave_main_00012"},{"time":0.6666,"name":"EF/ef_graund_wave_main/ef_graund_wave_main_00013"},{"time":0.7,"name":"EF/ef_graund_wave_main/ef_graund_wave_main_00014"},{"time":0.7333,"name":"EF/ef_graund_wave_main/ef_graund_wave_main_00015"},{"time":0.7666,"name":null}]},"GUN_ef_01":{"attachment":[{"time":0,"name":null},{"time":0.0333,"name":"skill1_ef_01"},{"time":0.1333,"name":"skill1_ef_02"},{"time":0.2333,"name":"skill1_ef_03"},{"time":0.3333,"name":null}]},"MAIN":{"attachment":[{"time":0,"name":"skill1_00"},{"time":0.1666,"name":"skill1_01"},{"time":0.3333,"name":"skill1_02"},{"time":0.5,"name":"skill1_03"},{"time":0.6666,"name":"skill1_00"},{"time":0.8333,"name":"skill1_01"},{"time":1,"name":"skill1_02"},{"time":1.1666,"name":"skill1_03"},{"time":1.3333,"name":"skill1_00"},{"time":1.5,"name":"skill1_01"},{"time":1.6666,"name":"skill1_02"},{"time":1.8333,"name":"skill1_03"},{"time":2,"name":"skill1_00"}]}},"bones":{"EF_wave1_3":{"translate":[{"time":0.2666,"x":-200,"y":0}],"scale":[{"time":0.2666,"x":2.5,"y":2.5}]},"EF_wave1_2":{"translate":[{"time":0.1333,"x":-200,"y":0}],"scale":[{"time":0.1333,"x":2.5,"y":2.5}]},"EF_wave1_1":{"translate":[{"time":0,"x":-200,"y":0}],"scale":[{"time":0,"x":2.5,"y":2.5}]},"EF_shine1_1":{"translate":[{"time":0,"x":-250,"y":-7.52}],"scale":[{"time":0,"x":2,"y":2,"curve":[0.222,0.47,0.75,1]},{"time":0.3666,"x":3.5,"y":3.5}]}},"events":[{"time":0,"name":"Event","string":"addOrbitSystem_1in4library"},{"time":0,"name":"Sound1","string":"cri_se_battle_cure_01"},{"time":0,"name":"Voice","string":"cri_185_voice_skill_all"}]}}}