{"skeleton":{"hash":"y7fFqC9Zgbeh22I6mzpSE3bCyY8","spine":"3.0.12","width":527,"height":763},"bones":[{"name":"root"},{"name":"MAIN","parent":"root"}],"slots":[{"name":"231","bone":"MAIN","attachment":"231"},{"name":"218","bone":"MAIN","attachment":"218"},{"name":"217","bone":"MAIN","attachment":"217"},{"name":"216","bone":"MAIN","attachment":"216"},{"name":"213","bone":"MAIN","attachment":"213"},{"name":"199","bone":"MAIN","attachment":"199"},{"name":"171","bone":"MAIN","attachment":"171"},{"name":"152","bone":"MAIN","attachment":"152"},{"name":"151","bone":"MAIN","attachment":"151"},{"name":"139","bone":"MAIN","attachment":"139"},{"name":"134","bone":"MAIN","attachment":"134"},{"name":"123","bone":"MAIN","attachment":"123"},{"name":"105","bone":"MAIN","attachment":"105"},{"name":"104","bone":"MAIN","attachment":"104"},{"name":"103","bone":"MAIN","attachment":"103"},{"name":"90","bone":"MAIN","attachment":"90"},{"name":"face_100","bone":"MAIN","attachment":"face_170"},{"name":"88","bone":"MAIN","attachment":"88"},{"name":"72","bone":"MAIN","attachment":"72"}],"skins":{"default":{"103":{"103":{"x":-130,"y":533,"width":64,"height":170}},"104":{"104":{"x":-66,"y":544,"width":64,"height":192}},"105":{"105":{"x":30,"y":416,"width":128,"height":448}},"123":{"123":{"x":103,"y":533.5,"width":18,"height":43}},"134":{"134":{"x":-172,"y":446,"width":20,"height":118}},"139":{"139":{"x":162,"y":448,"width":136,"height":128}},"151":{"151":{"x":-130,"y":390,"width":64,"height":116}},"152":{"152":{"x":-66,"y":320,"width":64,"height":256}},"171":{"171":{"x":121.5,"y":228,"width":55,"height":312}},"199":{"199":{"x":-130,"y":185.5,"width":64,"height":115}},"213":{"213":{"x":-229.5,"y":128.5,"width":135,"height":125}},"216":{"216":{"x":-66,"y":96,"width":64,"height":192}},"217":{"217":{"x":-2,"y":96,"width":64,"height":192}},"218":{"218":{"x":62,"y":96,"width":64,"height":192}},"231":{"231":{"x":-121,"y":64,"width":46,"height":128}},"72":{"72":{"x":-19,"y":733.5,"width":142,"height":59}},"88":{"88":{"x":-65,"y":672,"width":62,"height":64}},"90":{"90":{"x":44,"y":672,"width":28,"height":64}},"face_100":{"face_100":{"x":-2,"y":672,"width":64,"height":64},"face_110":{"x":-2,"y":672,"width":64,"height":64},"face_120":{"x":-2,"y":672,"width":64,"height":64},"face_130":{"x":-2,"y":672,"width":64,"height":64},"face_140":{"x":-2,"y":672,"width":64,"height":64},"face_150":{"x":-2,"y":672,"width":64,"height":64},"face_160":{"x":-2,"y":672,"width":64,"height":64},"face_170":{"x":-2,"y":672,"width":64,"height":64}}}},"animations":{"100":{"slots":{"103":{"attachment":[{"time":0,"name":"103"}]},"104":{"attachment":[{"time":0,"name":"104"}]},"105":{"attachment":[{"time":0,"name":"105"}]},"123":{"attachment":[{"time":0,"name":"123"}]},"134":{"attachment":[{"time":0,"name":"134"}]},"139":{"attachment":[{"time":0,"name":"139"}]},"151":{"attachment":[{"time":0,"name":"151"}]},"152":{"attachment":[{"time":0,"name":"152"}]},"171":{"attachment":[{"time":0,"name":"171"}]},"199":{"attachment":[{"time":0,"name":"199"}]},"213":{"attachment":[{"time":0,"name":"213"}]},"216":{"attachment":[{"time":0,"name":"216"}]},"217":{"attachment":[{"time":0,"name":"217"}]},"218":{"attachment":[{"time":0,"name":"218"}]},"231":{"attachment":[{"time":0,"name":"231"}]},"72":{"attachment":[{"time":0,"name":"72"}]},"88":{"attachment":[{"time":0,"name":"88"}]},"90":{"attachment":[{"time":0,"name":"90"}]},"face_100":{"attachment":[{"time":0,"name":"face_100"}]}}},"110":{"slots":{"103":{"attachment":[{"time":0,"name":"103"}]},"104":{"attachment":[{"time":0,"name":"104"}]},"105":{"attachment":[{"time":0,"name":"105"}]},"123":{"attachment":[{"time":0,"name":"123"}]},"134":{"attachment":[{"time":0,"name":"134"}]},"139":{"attachment":[{"time":0,"name":"139"}]},"151":{"attachment":[{"time":0,"name":"151"}]},"152":{"attachment":[{"time":0,"name":"152"}]},"171":{"attachment":[{"time":0,"name":"171"}]},"199":{"attachment":[{"time":0,"name":"199"}]},"213":{"attachment":[{"time":0,"name":"213"}]},"216":{"attachment":[{"time":0,"name":"216"}]},"217":{"attachment":[{"time":0,"name":"217"}]},"218":{"attachment":[{"time":0,"name":"218"}]},"231":{"attachment":[{"time":0,"name":"231"}]},"72":{"attachment":[{"time":0,"name":"72"}]},"88":{"attachment":[{"time":0,"name":"88"}]},"90":{"attachment":[{"time":0,"name":"90"}]},"face_100":{"attachment":[{"time":0,"name":"face_110"}]}}},"120":{"slots":{"103":{"attachment":[{"time":0,"name":"103"}]},"104":{"attachment":[{"time":0,"name":"104"}]},"105":{"attachment":[{"time":0,"name":"105"}]},"123":{"attachment":[{"time":0,"name":"123"}]},"134":{"attachment":[{"time":0,"name":"134"}]},"139":{"attachment":[{"time":0,"name":"139"}]},"151":{"attachment":[{"time":0,"name":"151"}]},"152":{"attachment":[{"time":0,"name":"152"}]},"171":{"attachment":[{"time":0,"name":"171"}]},"199":{"attachment":[{"time":0,"name":"199"}]},"213":{"attachment":[{"time":0,"name":"213"}]},"216":{"attachment":[{"time":0,"name":"216"}]},"217":{"attachment":[{"time":0,"name":"217"}]},"218":{"attachment":[{"time":0,"name":"218"}]},"231":{"attachment":[{"time":0,"name":"231"}]},"72":{"attachment":[{"time":0,"name":"72"}]},"88":{"attachment":[{"time":0,"name":"88"}]},"90":{"attachment":[{"time":0,"name":"90"}]},"face_100":{"attachment":[{"time":0,"name":"face_120"}]}}},"130":{"slots":{"103":{"attachment":[{"time":0,"name":"103"}]},"104":{"attachment":[{"time":0,"name":"104"}]},"105":{"attachment":[{"time":0,"name":"105"}]},"123":{"attachment":[{"time":0,"name":"123"}]},"134":{"attachment":[{"time":0,"name":"134"}]},"139":{"attachment":[{"time":0,"name":"139"}]},"151":{"attachment":[{"time":0,"name":"151"}]},"152":{"attachment":[{"time":0,"name":"152"}]},"171":{"attachment":[{"time":0,"name":"171"}]},"199":{"attachment":[{"time":0,"name":"199"}]},"213":{"attachment":[{"time":0,"name":"213"}]},"216":{"attachment":[{"time":0,"name":"216"}]},"217":{"attachment":[{"time":0,"name":"217"}]},"218":{"attachment":[{"time":0,"name":"218"}]},"231":{"attachment":[{"time":0,"name":"231"}]},"72":{"attachment":[{"time":0,"name":"72"}]},"88":{"attachment":[{"time":0,"name":"88"}]},"90":{"attachment":[{"time":0,"name":"90"}]},"face_100":{"attachment":[{"time":0,"name":"face_130"}]}}},"140":{"slots":{"103":{"attachment":[{"time":0,"name":"103"}]},"104":{"attachment":[{"time":0,"name":"104"}]},"105":{"attachment":[{"time":0,"name":"105"}]},"123":{"attachment":[{"time":0,"name":"123"}]},"134":{"attachment":[{"time":0,"name":"134"}]},"139":{"attachment":[{"time":0,"name":"139"}]},"151":{"attachment":[{"time":0,"name":"151"}]},"152":{"attachment":[{"time":0,"name":"152"}]},"171":{"attachment":[{"time":0,"name":"171"}]},"199":{"attachment":[{"time":0,"name":"199"}]},"213":{"attachment":[{"time":0,"name":"213"}]},"216":{"attachment":[{"time":0,"name":"216"}]},"217":{"attachment":[{"time":0,"name":"217"}]},"218":{"attachment":[{"time":0,"name":"218"}]},"231":{"attachment":[{"time":0,"name":"231"}]},"72":{"attachment":[{"time":0,"name":"72"}]},"88":{"attachment":[{"time":0,"name":"88"}]},"90":{"attachment":[{"time":0,"name":"90"}]},"face_100":{"attachment":[{"time":0,"name":"face_140"}]}}},"150":{"slots":{"103":{"attachment":[{"time":0,"name":"103"}]},"104":{"attachment":[{"time":0,"name":"104"}]},"105":{"attachment":[{"time":0,"name":"105"}]},"123":{"attachment":[{"time":0,"name":"123"}]},"134":{"attachment":[{"time":0,"name":"134"}]},"139":{"attachment":[{"time":0,"name":"139"}]},"151":{"attachment":[{"time":0,"name":"151"}]},"152":{"attachment":[{"time":0,"name":"152"}]},"171":{"attachment":[{"time":0,"name":"171"}]},"199":{"attachment":[{"time":0,"name":"199"}]},"213":{"attachment":[{"time":0,"name":"213"}]},"216":{"attachment":[{"time":0,"name":"216"}]},"217":{"attachment":[{"time":0,"name":"217"}]},"218":{"attachment":[{"time":0,"name":"218"}]},"231":{"attachment":[{"time":0,"name":"231"}]},"72":{"attachment":[{"time":0,"name":"72"}]},"88":{"attachment":[{"time":0,"name":"88"}]},"90":{"attachment":[{"time":0,"name":"90"}]},"face_100":{"attachment":[{"time":0,"name":"face_150"}]}}},"160":{"slots":{"103":{"attachment":[{"time":0,"name":"103"}]},"104":{"attachment":[{"time":0,"name":"104"}]},"105":{"attachment":[{"time":0,"name":"105"}]},"123":{"attachment":[{"time":0,"name":"123"}]},"134":{"attachment":[{"time":0,"name":"134"}]},"139":{"attachment":[{"time":0,"name":"139"}]},"151":{"attachment":[{"time":0,"name":"151"}]},"152":{"attachment":[{"time":0,"name":"152"}]},"171":{"attachment":[{"time":0,"name":"171"}]},"199":{"attachment":[{"time":0,"name":"199"}]},"213":{"attachment":[{"time":0,"name":"213"}]},"216":{"attachment":[{"time":0,"name":"216"}]},"217":{"attachment":[{"time":0,"name":"217"}]},"218":{"attachment":[{"time":0,"name":"218"}]},"231":{"attachment":[{"time":0,"name":"231"}]},"72":{"attachment":[{"time":0,"name":"72"}]},"88":{"attachment":[{"time":0,"name":"88"}]},"90":{"attachment":[{"time":0,"name":"90"}]},"face_100":{"attachment":[{"time":0,"name":"face_160"}]}}},"170":{"slots":{"103":{"attachment":[{"time":0,"name":"103"}]},"104":{"attachment":[{"time":0,"name":"104"}]},"105":{"attachment":[{"time":0,"name":"105"}]},"123":{"attachment":[{"time":0,"name":"123"}]},"134":{"attachment":[{"time":0,"name":"134"}]},"139":{"attachment":[{"time":0,"name":"139"}]},"151":{"attachment":[{"time":0,"name":"151"}]},"152":{"attachment":[{"time":0,"name":"152"}]},"171":{"attachment":[{"time":0,"name":"171"}]},"199":{"attachment":[{"time":0,"name":"199"}]},"213":{"attachment":[{"time":0,"name":"213"}]},"216":{"attachment":[{"time":0,"name":"216"}]},"217":{"attachment":[{"time":0,"name":"217"}]},"218":{"attachment":[{"time":0,"name":"218"}]},"231":{"attachment":[{"time":0,"name":"231"}]},"72":{"attachment":[{"time":0,"name":"72"}]},"88":{"attachment":[{"time":0,"name":"88"}]},"90":{"attachment":[{"time":0,"name":"90"}]},"face_100":{"attachment":[{"time":0,"name":"face_170"}]}}}}}