{"skeleton":{"hash":"gPyyVE25q3wTVa8ZQwaqyqmQ2V4","spine":"3.0.12","width":0,"height":0,"images":"./images/"},"bones":[{"name":"root"},{"name":"MAIN","parent":"root","y":35.73},{"name":"HPBAR","parent":"MAIN","y":54.27}],"slots":[{"name":"MAIN","bone":"MAIN","attachment":"idle_00"}],"skins":{"default":{"MAIN":{"idle_00":{"y":17.98,"width":126,"height":140},"idle_01":{"y":20,"width":126,"height":140},"idle_02":{"y":20,"width":126,"height":140},"idle_03":{"y":20,"width":126,"height":140}}}},"events":{"Event":{},"Event2":{},"Hit":{},"HitEffect":{},"Sound_1":{},"Sound_2":{},"Sound_3":{},"View":{},"voice":{}},"animations":{"idle":{"slots":{"MAIN":{"attachment":[{"time":0,"name":"idle_00"},{"time":0.1666,"name":"idle_01"},{"time":0.3333,"name":"idle_02"},{"time":0.5,"name":"idle_03"},{"time":0.6666,"name":"idle_00"}]}}}}}