{"skeleton":{"hash":"JX3TFvyJjrzYTNcEPVCpySxH7+4","spine":"3.0.12","width":0,"height":0},"bones":[{"name":"root"},{"name":"MAIN","parent":"root","y":70}],"slots":[{"name":"MAIN","bone":"MAIN","attachment":"idle_00"}],"skins":{"default":{"MAIN":{"idle_00":{"x":-16.48,"y":9.46,"width":612,"height":454},"idle_01":{"x":-16.48,"y":9.46,"width":612,"height":454},"idle_02":{"x":-16.48,"y":9.46,"width":612,"height":454},"idle_03":{"x":-16.48,"y":9.46,"width":612,"height":454}}}},"animations":{"idle":{"slots":{"MAIN":{"attachment":[{"time":0,"name":"idle_00"},{"time":0.2666,"name":"idle_01"},{"time":0.5,"name":"idle_02"},{"time":0.7666,"name":"idle_03"},{"time":1,"name":"idle_00"}]}},"bones":{"MAIN":{"translate":[{"time":0,"x":0,"y":0,"curve":"stepped"},{"time":1,"x":0,"y":0}]}}}}}