{"skeleton":{"hash":"9uxRfwOUFJya4FlOeMQSHVmuFYI","spine":"3.0.12","width":0,"height":0},"bones":[{"name":"root"},{"name":"blur","parent":"root","y":72},{"name":"S3-shadow","parent":"root","x":-95,"y":116.36},{"name":"MAIN","parent":"root","y":72},{"name":"SHADOW-OFFSET","parent":"MAIN","y":-72},{"name":"HITBOX","parent":"MAIN","x":-2.48,"y":-9.17,"scaleX":0.307,"scaleY":0.659},{"name":"EF_shadow","parent":"root","x":61.09,"y":80.65},{"name":"DAMAGEAREA","parent":"root"},{"name":"AS_wave4","parent":"root","x":443.4,"y":-262.13,"scaleX":2.5,"scaleY":2.5},{"name":"AS_wave3","parent":"root","x":443.4,"y":-207.67,"scaleX":2.5,"scaleY":2.5},{"name":"AS_wave2","parent":"root","x":443.4,"y":-165.15,"scaleX":2.5,"scaleY":2.5},{"name":"AS_wave1","parent":"root","x":443.4,"y":-121.13,"scaleX":2.5,"scaleY":2.5}],"slots":[{"name":"EF/5100_A1_wave1/5100_A1_wave1_00001","bone":"AS_wave1","blend":"additive"},{"name":"EF/5100_A1_wave1/5100_A1_wave1_1","bone":"AS_wave2","blend":"additive"},{"name":"EF/5100_A1_wave1/5100_A1_wave1_2","bone":"AS_wave3","blend":"additive"},{"name":"EF/5100_A1_wave1/5100_A1_wave1_3","bone":"AS_wave4","blend":"additive"},{"name":"S3-shadow","bone":"S3-shadow","color":"8c8c8cff"},{"name":"MAIN","bone":"MAIN","attachment":"idle_00"},{"name":"DAMAGEAREA","bone":"DAMAGEAREA"},{"name":"HITBOX","bone":"HITBOX","attachment":"HITBOX"},{"name":"5100_blur1_00005","bone":"blur"}],"skins":{"default":{"DAMAGEAREA":{"DAMAGEAREA":{"type":"boundingbox","vertices":[-98.46351,-97.99815,98.0884,-99.24213,98.7104,97.30978,-98.46351,98.55379]}},"EF/5100_A1_wave1/5100_A1_wave1_00001":{"EF/5100_A1_wave1/5100_A1_wave1_00001":{"x":-3.95,"y":3.06,"width":250,"height":250},"EF/5100_A1_wave1/5100_A1_wave1_00002":{"x":-3.95,"y":3.06,"width":250,"height":250},"EF/5100_A1_wave1/5100_A1_wave1_00003":{"x":-3.95,"y":3.06,"width":250,"height":250},"EF/5100_A1_wave1/5100_A1_wave1_00004":{"x":-3.95,"y":3.06,"width":250,"height":250},"EF/5100_A1_wave1/5100_A1_wave1_00005":{"x":-3.95,"y":3.06,"width":250,"height":250},"EF/5100_A1_wave1/5100_A1_wave1_00006":{"x":-3.95,"y":3.06,"width":250,"height":250},"EF/5100_A1_wave1/5100_A1_wave1_00007":{"x":-3.95,"y":3.06,"width":250,"height":250},"EF/5100_A1_wave1/5100_A1_wave1_00008":{"x":-3.95,"y":3.06,"width":250,"height":250},"EF/5100_A1_wave1/5100_A1_wave1_00009":{"x":-3.95,"y":3.06,"width":250,"height":250},"EF/5100_A1_wave1/5100_A1_wave1_00010":{"x":-3.95,"y":3.06,"width":250,"height":250},"EF/5100_A1_wave1/5100_A1_wave1_00011":{"x":-3.95,"y":3.06,"width":250,"height":250}},"EF/5100_A1_wave1/5100_A1_wave1_1":{"EF/5100_A1_wave1/5100_A1_wave1_00001":{"x":-3.95,"y":3.06,"width":250,"height":250},"EF/5100_A1_wave1/5100_A1_wave1_00002":{"x":-3.95,"y":3.06,"width":250,"height":250},"EF/5100_A1_wave1/5100_A1_wave1_00003":{"x":-3.95,"y":3.06,"width":250,"height":250},"EF/5100_A1_wave1/5100_A1_wave1_00004":{"x":-3.95,"y":3.06,"width":250,"height":250},"EF/5100_A1_wave1/5100_A1_wave1_00005":{"x":-3.95,"y":3.06,"width":250,"height":250},"EF/5100_A1_wave1/5100_A1_wave1_00006":{"x":-3.95,"y":3.06,"width":250,"height":250},"EF/5100_A1_wave1/5100_A1_wave1_00007":{"x":-3.95,"y":3.06,"width":250,"height":250},"EF/5100_A1_wave1/5100_A1_wave1_00008":{"x":-3.95,"y":3.06,"width":250,"height":250},"EF/5100_A1_wave1/5100_A1_wave1_00009":{"x":-3.95,"y":3.06,"width":250,"height":250},"EF/5100_A1_wave1/5100_A1_wave1_00010":{"x":-3.95,"y":3.06,"width":250,"height":250},"EF/5100_A1_wave1/5100_A1_wave1_00011":{"x":-3.95,"y":3.06,"width":250,"height":250}},"EF/5100_A1_wave1/5100_A1_wave1_2":{"EF/5100_A1_wave1/5100_A1_wave1_00001":{"x":-3.95,"y":3.06,"width":250,"height":250},"EF/5100_A1_wave1/5100_A1_wave1_00002":{"x":-3.95,"y":3.06,"width":250,"height":250},"EF/5100_A1_wave1/5100_A1_wave1_00003":{"x":-3.95,"y":3.06,"width":250,"height":250},"EF/5100_A1_wave1/5100_A1_wave1_00004":{"x":-3.95,"y":3.06,"width":250,"height":250},"EF/5100_A1_wave1/5100_A1_wave1_00005":{"x":-3.95,"y":3.06,"width":250,"height":250},"EF/5100_A1_wave1/5100_A1_wave1_00006":{"x":-3.95,"y":3.06,"width":250,"height":250},"EF/5100_A1_wave1/5100_A1_wave1_00007":{"x":-3.95,"y":3.06,"width":250,"height":250},"EF/5100_A1_wave1/5100_A1_wave1_00008":{"x":-3.95,"y":3.06,"width":250,"height":250},"EF/5100_A1_wave1/5100_A1_wave1_00009":{"x":-3.95,"y":3.06,"width":250,"height":250},"EF/5100_A1_wave1/5100_A1_wave1_00010":{"x":-3.95,"y":3.06,"width":250,"height":250},"EF/5100_A1_wave1/5100_A1_wave1_00011":{"x":-3.95,"y":3.06,"width":250,"height":250}},"EF/5100_A1_wave1/5100_A1_wave1_3":{"EF/5100_A1_wave1/5100_A1_wave1_00001":{"x":-3.95,"y":3.06,"width":250,"height":250},"EF/5100_A1_wave1/5100_A1_wave1_00002":{"x":-3.95,"y":3.06,"width":250,"height":250},"EF/5100_A1_wave1/5100_A1_wave1_00003":{"x":-3.95,"y":3.06,"width":250,"height":250},"EF/5100_A1_wave1/5100_A1_wave1_00004":{"x":-3.95,"y":3.06,"width":250,"height":250},"EF/5100_A1_wave1/5100_A1_wave1_00005":{"x":-3.95,"y":3.06,"width":250,"height":250},"EF/5100_A1_wave1/5100_A1_wave1_00006":{"x":-3.95,"y":3.06,"width":250,"height":250},"EF/5100_A1_wave1/5100_A1_wave1_00007":{"x":-3.95,"y":3.06,"width":250,"height":250},"EF/5100_A1_wave1/5100_A1_wave1_00008":{"x":-3.95,"y":3.06,"width":250,"height":250},"EF/5100_A1_wave1/5100_A1_wave1_00009":{"x":-3.95,"y":3.06,"width":250,"height":250},"EF/5100_A1_wave1/5100_A1_wave1_00010":{"x":-3.95,"y":3.06,"width":250,"height":250},"EF/5100_A1_wave1/5100_A1_wave1_00011":{"x":-3.95,"y":3.06,"width":250,"height":250}},"HITBOX":{"HITBOX":{"type":"boundingbox","vertices":[-99.08552,-99.24213,98.0884,-99.86414,97.4664,97.30978,-97.8415,97.30978]}},"MAIN":{"5100_blur1_00005":{"x":-0.69,"y":-4.99,"width":280,"height":282},"5100_blur1_00006":{"x":-0.7,"y":-4.99,"width":280,"height":282},"5100_blur1_00007":{"x":-0.7,"y":-4.99,"width":280,"height":282},"5100_blur1_00008":{"x":-0.7,"y":-4.99,"width":280,"height":282},"attack1_00":{"x":21,"y":-2,"width":500,"height":500},"attack1_01":{"x":21,"y":-2,"width":500,"height":500},"attack1_02":{"x":21,"y":-2,"width":500,"height":500},"attack1_03":{"x":21,"y":-2,"width":500,"height":500},"attack1_04":{"x":21,"y":-2,"width":500,"height":500},"attack1_05":{"x":21,"y":-2,"width":500,"height":500},"attack1_06":{"x":21,"y":-2,"width":500,"height":500},"attack1_07":{"x":21,"y":-2,"width":500,"height":500},"attack1_08":{"x":21,"y":-2,"width":500,"height":500},"attack1_09":{"x":21,"y":-2,"width":500,"height":500},"attack1_10":{"x":21,"y":-2,"width":500,"height":500},"attack1_11":{"x":21,"y":-2,"width":500,"height":500},"attack1_12":{"x":21,"y":-2,"width":500,"height":500},"attack1_13":{"x":21,"y":-2,"width":500,"height":500},"attack1_14":{"x":21,"y":-2,"width":500,"height":500},"attack3_00":{"x":5,"y":-4.99,"width":500,"height":500},"attack3_01":{"x":5,"y":-4.99,"width":500,"height":500},"attack3_02":{"x":5,"y":-4.99,"width":500,"height":500},"attack3_03":{"x":5,"y":-4.99,"width":500,"height":500},"attack3_04":{"x":5,"y":-4.99,"width":500,"height":500},"attack3_05":{"x":5,"y":-4.99,"width":500,"height":500},"attack3_06":{"x":5,"y":-4.99,"width":500,"height":500},"attack3_07":{"x":5,"y":-4.99,"width":500,"height":500},"back_00":{"x":-12,"y":-4.99,"width":500,"height":500},"damage_00":{"y":-4.99,"width":500,"height":500},"front_00":{"x":26.03,"y":1,"width":500,"height":500},"idle_00":{"y":-4.99,"width":500,"height":500},"idle_01":{"y":-4.99,"width":500,"height":500},"idle_02":{"y":-4.99,"width":500,"height":500},"idle_03":{"y":-4.99,"width":500,"height":500},"idle_04":{"y":-4.99,"width":500,"height":500},"skill1_00":{"x":14,"y":-8,"width":500,"height":500},"skill1_01":{"x":14,"y":-8,"width":500,"height":500},"skill1_02":{"x":14,"y":-8,"width":500,"height":500},"skill1_03":{"x":14,"y":-8,"width":500,"height":500},"skill1_04":{"x":14,"y":-8,"width":500,"height":500},"skill1_05":{"x":14,"y":-8,"width":500,"height":500},"skill1_06":{"x":14,"y":-8,"width":500,"height":500},"skill1_07":{"x":14,"y":-8,"width":500,"height":500},"skill1_08":{"x":14,"y":-8,"width":500,"height":500},"skill1_09":{"x":14,"y":-8,"width":500,"height":500},"skill1_10":{"x":14,"y":-8,"width":500,"height":500},"skill1_11":{"x":14,"y":-8,"width":500,"height":500},"skill1_12":{"x":14,"y":-8,"width":500,"height":500},"skill1_13":{"x":14,"y":-8,"width":500,"height":500},"skill2_00":{"y":-4.99,"width":500,"height":500},"skill2_01":{"y":-4.99,"width":500,"height":500},"skill2_02":{"y":-4.99,"width":500,"height":500},"skill2_03":{"y":-4.99,"width":500,"height":500},"skill2_04":{"y":-4.99,"width":500,"height":500},"skill2_05":{"y":-4.99,"width":500,"height":500},"skill2_06":{"y":-4.99,"width":500,"height":500},"skill2_07":{"y":-4.99,"width":500,"height":500},"skill2_08":{"y":-4.99,"width":500,"height":500},"skill2_09":{"y":-4.99,"width":500,"height":500},"skill2_10":{"y":-4.99,"width":500,"height":500},"skill2_11":{"x":5,"y":-4.99,"width":500,"height":500},"skill2_12":{"x":5,"y":-4.99,"width":500,"height":500},"skill2_13":{"x":5,"y":-4.99,"width":500,"height":500},"skill2_14":{"x":5,"y":-4.99,"width":500,"height":500},"skill2_15":{"x":5,"y":-4.99,"width":500,"height":500},"skill2_16":{"x":5,"y":-4.99,"width":500,"height":500},"skill2_17":{"x":5,"y":-4.99,"width":500,"height":500},"skill2_18":{"x":5,"y":-4.99,"width":500,"height":500},"skill2_19":{"x":5,"y":-4.99,"width":500,"height":500},"skill2_20":{"x":5,"y":-4.99,"width":500,"height":500},"skill2_21":{"x":5,"y":-4.99,"width":500,"height":500},"skill2_22":{"x":5,"y":-4.99,"width":500,"height":500},"skill2_23":{"x":5,"y":-4.99,"width":500,"height":500},"skill2_24":{"x":5,"y":-4.99,"width":500,"height":500},"skill2_25":{"x":5,"y":-4.99,"width":500,"height":500},"skill2_26":{"x":5,"y":-4.99,"width":500,"height":500},"skill2_27":{"x":5,"y":-4.99,"width":500,"height":500},"skill2_28":{"x":5,"y":-4.99,"width":500,"height":500}},"S3-shadow":{"EF/skill3-shadow/attack1_00":{"x":53.34,"y":13.74,"width":256,"height":256},"EF/skill3-shadow/attack1_01":{"x":53.34,"y":13.74,"width":256,"height":256},"EF/skill3-shadow/idle_00":{"x":40.76,"y":13.74,"width":256,"height":256},"EF/skill3-shadow/idle_01":{"x":40.76,"y":13.74,"width":256,"height":256},"EF/skill3-shadow/idle_02":{"x":40.76,"y":13.74,"width":256,"height":256},"EF/skill3-shadow/idle_03":{"x":40.76,"y":13.74,"width":256,"height":256},"EF/skill3-shadow/idle_04":{"x":40.76,"y":13.74,"width":256,"height":256},"EF/skill3-shadow/skill1_00":{"x":40.75,"y":13.75,"width":256,"height":256},"EF/skill3-shadow/skill1_01":{"x":40.75,"y":13.75,"width":256,"height":256}}}},"events":{"Event":{},"Hit":{},"sound_1":{},"sound_2":{},"sound_3":{},"voice":{}},"animations":{"Rinascita":{"slots":{"DAMAGEAREA":{"attachment":[{"time":1.4666,"name":"DAMAGEAREA"},{"time":1.8,"name":null}]},"EF/5100_A1_wave1/5100_A1_wave1_1":{"attachment":[{"time":0.3,"name":"EF/5100_A1_wave1/5100_A1_wave1_00001"},{"time":0.3333,"name":"EF/5100_A1_wave1/5100_A1_wave1_00002"},{"time":0.3666,"name":"EF/5100_A1_wave1/5100_A1_wave1_00003"},{"time":0.4,"name":"EF/5100_A1_wave1/5100_A1_wave1_00004"},{"time":0.4333,"name":"EF/5100_A1_wave1/5100_A1_wave1_00005"},{"time":0.4666,"name":"EF/5100_A1_wave1/5100_A1_wave1_00006"},{"time":0.5,"name":"EF/5100_A1_wave1/5100_A1_wave1_00007"},{"time":0.5333,"name":"EF/5100_A1_wave1/5100_A1_wave1_00008"},{"time":0.5666,"name":"EF/5100_A1_wave1/5100_A1_wave1_00009"},{"time":0.6,"name":"EF/5100_A1_wave1/5100_A1_wave1_00010"},{"time":0.6333,"name":"EF/5100_A1_wave1/5100_A1_wave1_00011"},{"time":0.9,"name":"EF/5100_A1_wave1/5100_A1_wave1_00001"},{"time":0.9333,"name":"EF/5100_A1_wave1/5100_A1_wave1_00002"},{"time":0.9666,"name":"EF/5100_A1_wave1/5100_A1_wave1_00003"},{"time":1,"name":"EF/5100_A1_wave1/5100_A1_wave1_00004"},{"time":1.0333,"name":"EF/5100_A1_wave1/5100_A1_wave1_00005"},{"time":1.0666,"name":"EF/5100_A1_wave1/5100_A1_wave1_00006"},{"time":1.1,"name":"EF/5100_A1_wave1/5100_A1_wave1_00007"},{"time":1.1333,"name":"EF/5100_A1_wave1/5100_A1_wave1_00008"},{"time":1.1666,"name":"EF/5100_A1_wave1/5100_A1_wave1_00009"},{"time":1.2,"name":"EF/5100_A1_wave1/5100_A1_wave1_00010"},{"time":1.2333,"name":"EF/5100_A1_wave1/5100_A1_wave1_00011"}],"color":[{"time":0.3,"color":"ffffffff","curve":"stepped"},{"time":0.6333,"color":"ffffffff"},{"time":0.7333,"color":"ffffff00","curve":"stepped"},{"time":0.9,"color":"ffffffff","curve":"stepped"},{"time":1.2333,"color":"ffffffff"},{"time":1.3333,"color":"ffffff00"}]},"EF/5100_A1_wave1/5100_A1_wave1_00001":{"attachment":[{"time":0.1,"name":"EF/5100_A1_wave1/5100_A1_wave1_00001"},{"time":0.1333,"name":"EF/5100_A1_wave1/5100_A1_wave1_00002"},{"time":0.1666,"name":"EF/5100_A1_wave1/5100_A1_wave1_00003"},{"time":0.2,"name":"EF/5100_A1_wave1/5100_A1_wave1_00004"},{"time":0.2333,"name":"EF/5100_A1_wave1/5100_A1_wave1_00005"},{"time":0.2666,"name":"EF/5100_A1_wave1/5100_A1_wave1_00006"},{"time":0.3,"name":"EF/5100_A1_wave1/5100_A1_wave1_00007"},{"time":0.3333,"name":"EF/5100_A1_wave1/5100_A1_wave1_00008"},{"time":0.3666,"name":"EF/5100_A1_wave1/5100_A1_wave1_00009"},{"time":0.4,"name":"EF/5100_A1_wave1/5100_A1_wave1_00010"},{"time":0.4333,"name":"EF/5100_A1_wave1/5100_A1_wave1_00011"},{"time":0.7,"name":"EF/5100_A1_wave1/5100_A1_wave1_00001"},{"time":0.7333,"name":"EF/5100_A1_wave1/5100_A1_wave1_00002"},{"time":0.7666,"name":"EF/5100_A1_wave1/5100_A1_wave1_00003"},{"time":0.8,"name":"EF/5100_A1_wave1/5100_A1_wave1_00004"},{"time":0.8333,"name":"EF/5100_A1_wave1/5100_A1_wave1_00005"},{"time":0.8666,"name":"EF/5100_A1_wave1/5100_A1_wave1_00006"},{"time":0.9,"name":"EF/5100_A1_wave1/5100_A1_wave1_00007"},{"time":0.9333,"name":"EF/5100_A1_wave1/5100_A1_wave1_00008"},{"time":0.9666,"name":"EF/5100_A1_wave1/5100_A1_wave1_00009"},{"time":1,"name":"EF/5100_A1_wave1/5100_A1_wave1_00010"},{"time":1.0333,"name":"EF/5100_A1_wave1/5100_A1_wave1_00011"}],"color":[{"time":0.1,"color":"ffffffff","curve":"stepped"},{"time":0.4333,"color":"ffffffff"},{"time":0.5333,"color":"ffffff00","curve":"stepped"},{"time":0.7,"color":"ffffffff","curve":"stepped"},{"time":1.0333,"color":"ffffffff"},{"time":1.1333,"color":"ffffff00"}]},"EF/5100_A1_wave1/5100_A1_wave1_2":{"attachment":[{"time":0.5,"name":"EF/5100_A1_wave1/5100_A1_wave1_00001"},{"time":0.5333,"name":"EF/5100_A1_wave1/5100_A1_wave1_00002"},{"time":0.5666,"name":"EF/5100_A1_wave1/5100_A1_wave1_00003"},{"time":0.6,"name":"EF/5100_A1_wave1/5100_A1_wave1_00004"},{"time":0.6333,"name":"EF/5100_A1_wave1/5100_A1_wave1_00005"},{"time":0.6666,"name":"EF/5100_A1_wave1/5100_A1_wave1_00006"},{"time":0.7,"name":"EF/5100_A1_wave1/5100_A1_wave1_00007"},{"time":0.7333,"name":"EF/5100_A1_wave1/5100_A1_wave1_00008"},{"time":0.7666,"name":"EF/5100_A1_wave1/5100_A1_wave1_00009"},{"time":0.8,"name":"EF/5100_A1_wave1/5100_A1_wave1_00010"},{"time":0.8333,"name":"EF/5100_A1_wave1/5100_A1_wave1_00011"}],"color":[{"time":0.5,"color":"ffffffff","curve":"stepped"},{"time":0.8333,"color":"ffffffff"},{"time":0.9333,"color":"ffffff00"}]},"MAIN":{"attachment":[{"time":0,"name":"skill2_11"},{"time":0.1,"name":"skill2_12"},{"time":0.2333,"name":"skill2_13"},{"time":0.3333,"name":"skill2_14"},{"time":0.4666,"name":"skill2_15"},{"time":0.6,"name":"skill2_16"},{"time":0.7333,"name":"skill2_17"},{"time":0.8666,"name":"skill2_16"},{"time":1,"name":"skill2_15"},{"time":1.1666,"name":"skill2_16"},{"time":1.3,"name":"skill2_17"},{"time":1.4666,"name":"skill2_18"},{"time":1.6333,"name":"skill2_17"},{"time":1.8,"name":"skill2_16"},{"time":1.9666,"name":"skill2_15"},{"time":2.1,"name":"skill2_16"},{"time":2.2333,"name":"skill2_17"},{"time":2.3666,"name":"skill2_18"},{"time":2.5,"name":"skill2_19"},{"time":2.6333,"name":"skill2_20"},{"time":2.7666,"name":"skill2_21"},{"time":2.9666,"name":"skill2_22"},{"time":3.1333,"name":"skill2_23"},{"time":3.2333,"name":"skill2_24"},{"time":3.3333,"name":"skill2_25"},{"time":3.4666,"name":"skill2_26"},{"time":3.5333,"name":"skill2_27"},{"time":3.6,"name":"skill2_28"},{"time":3.6666,"name":"idle_03"},{"time":3.8,"name":"idle_04"},{"time":3.9333,"name":"idle_00"}]}},"bones":{"MAIN":{"translate":[{"time":0,"x":0,"y":5,"curve":[0.201,0.43,0.748,0.98]},{"time":1.5333,"x":0,"y":79.97},{"time":1.9666,"x":0,"y":95.83,"curve":[0.201,0.61,0.696,0.87]},{"time":2.5333,"x":0,"y":100.84,"curve":[0.201,0.61,0.696,0.87]},{"time":3.6666,"x":0,"y":4.07,"curve":[0.363,0.37,0.699,0.7]},{"time":3.9333,"x":0,"y":0}]},"AS_wave2":{"translate":[{"time":0.3,"x":-443.51,"y":165.7}],"scale":[{"time":0.3,"x":1.6,"y":1.6,"curve":"stepped"},{"time":0.6333,"x":1.6,"y":1.6},{"time":0.7333,"x":1.8,"y":1.8,"curve":"stepped"},{"time":0.9,"x":1.6,"y":1.6,"curve":"stepped"},{"time":1.2333,"x":1.6,"y":1.6},{"time":1.3333,"x":1.8,"y":1.8}]},"AS_wave1":{"translate":[{"time":0.1,"x":-443.09,"y":121.26}],"scale":[{"time":0.1,"x":1.6,"y":1.6,"curve":"stepped"},{"time":0.4333,"x":1.6,"y":1.6},{"time":0.5333,"x":1.8,"y":1.8,"curve":"stepped"},{"time":0.7,"x":1.6,"y":1.6,"curve":"stepped"},{"time":1.0333,"x":1.6,"y":1.6},{"time":1.1333,"x":1.8,"y":1.8}]},"AS_wave3":{"translate":[{"time":0.5,"x":-442.9,"y":207.59}],"scale":[{"time":0.5,"x":1.6,"y":1.6,"curve":"stepped"},{"time":0.8333,"x":1.6,"y":1.6},{"time":0.9333,"x":1.8,"y":1.8}]},"DAMAGEAREA":{"translate":[{"time":1.4666,"x":-1.59,"y":145.69}],"scale":[{"time":1.4666,"x":1.384,"y":1.483},{"time":1.7666,"x":3.653,"y":3.689}]}},"events":[{"time":0,"name":"sound_1","string":"cri_se_battle_charge_long"},{"time":1.4666,"name":"Event","string":"shakeGround"},{"time":1.5333,"name":"sound_1","string":"cri_se_battle_charge_completion"},{"time":1.5333,"name":"sound_2","string":"cri_se_battle_036_explosion_element_04"},{"time":1.5333,"name":"sound_3","string":"cri_se_battle_magic_Invocation_dark"},{"time":1.8,"name":"Event","string":"runScript-Rinascita"}]},"attack1":{"slots":{"DAMAGEAREA":{"attachment":[{"time":1.8333,"name":"DAMAGEAREA"},{"time":1.9666,"name":null}]},"EF/5100_A1_wave1/5100_A1_wave1_00001":{"attachment":[{"time":0.0666,"name":"EF/5100_A1_wave1/5100_A1_wave1_00001"},{"time":0.1,"name":"EF/5100_A1_wave1/5100_A1_wave1_00002"},{"time":0.1333,"name":"EF/5100_A1_wave1/5100_A1_wave1_00003"},{"time":0.1666,"name":"EF/5100_A1_wave1/5100_A1_wave1_00004"},{"time":0.2,"name":"EF/5100_A1_wave1/5100_A1_wave1_00005"},{"time":0.2333,"name":"EF/5100_A1_wave1/5100_A1_wave1_00006"},{"time":0.2666,"name":"EF/5100_A1_wave1/5100_A1_wave1_00007"},{"time":0.3,"name":"EF/5100_A1_wave1/5100_A1_wave1_00008"},{"time":0.3333,"name":"EF/5100_A1_wave1/5100_A1_wave1_00009"},{"time":0.3666,"name":"EF/5100_A1_wave1/5100_A1_wave1_00010"},{"time":0.4,"name":"EF/5100_A1_wave1/5100_A1_wave1_00011"},{"time":0.5666,"name":"EF/5100_A1_wave1/5100_A1_wave1_00001"},{"time":0.6,"name":"EF/5100_A1_wave1/5100_A1_wave1_00002"},{"time":0.6333,"name":"EF/5100_A1_wave1/5100_A1_wave1_00003"},{"time":0.6666,"name":"EF/5100_A1_wave1/5100_A1_wave1_00004"},{"time":0.7,"name":"EF/5100_A1_wave1/5100_A1_wave1_00005"},{"time":0.7333,"name":"EF/5100_A1_wave1/5100_A1_wave1_00006"},{"time":0.7666,"name":"EF/5100_A1_wave1/5100_A1_wave1_00007"},{"time":0.8,"name":"EF/5100_A1_wave1/5100_A1_wave1_00008"},{"time":0.8333,"name":"EF/5100_A1_wave1/5100_A1_wave1_00009"},{"time":0.8666,"name":"EF/5100_A1_wave1/5100_A1_wave1_00010"},{"time":0.9,"name":"EF/5100_A1_wave1/5100_A1_wave1_00011"},{"time":1.0666,"name":"EF/5100_A1_wave1/5100_A1_wave1_00001"},{"time":1.1,"name":"EF/5100_A1_wave1/5100_A1_wave1_00002"},{"time":1.1333,"name":"EF/5100_A1_wave1/5100_A1_wave1_00003"},{"time":1.1666,"name":"EF/5100_A1_wave1/5100_A1_wave1_00004"},{"time":1.2,"name":"EF/5100_A1_wave1/5100_A1_wave1_00005"},{"time":1.2333,"name":"EF/5100_A1_wave1/5100_A1_wave1_00006"},{"time":1.2666,"name":"EF/5100_A1_wave1/5100_A1_wave1_00007"},{"time":1.3,"name":"EF/5100_A1_wave1/5100_A1_wave1_00008"},{"time":1.3333,"name":"EF/5100_A1_wave1/5100_A1_wave1_00009"},{"time":1.3666,"name":"EF/5100_A1_wave1/5100_A1_wave1_00010"},{"time":1.4,"name":"EF/5100_A1_wave1/5100_A1_wave1_00011"},{"time":1.8,"name":"EF/5100_A1_wave1/5100_A1_wave1_00001"},{"time":1.8333,"name":"EF/5100_A1_wave1/5100_A1_wave1_00002"},{"time":1.8666,"name":"EF/5100_A1_wave1/5100_A1_wave1_00003"},{"time":1.9,"name":"EF/5100_A1_wave1/5100_A1_wave1_00004"},{"time":1.9333,"name":"EF/5100_A1_wave1/5100_A1_wave1_00005"},{"time":1.9666,"name":"EF/5100_A1_wave1/5100_A1_wave1_00006"},{"time":2,"name":"EF/5100_A1_wave1/5100_A1_wave1_00007"},{"time":2.0333,"name":"EF/5100_A1_wave1/5100_A1_wave1_00008"},{"time":2.0666,"name":"EF/5100_A1_wave1/5100_A1_wave1_00009"},{"time":2.1,"name":"EF/5100_A1_wave1/5100_A1_wave1_00010"},{"time":2.1333,"name":"EF/5100_A1_wave1/5100_A1_wave1_00011"}],"color":[{"time":0.0666,"color":"ffffffff","curve":"stepped"},{"time":0.4,"color":"ffffffff"},{"time":0.5,"color":"ffffff00","curve":"stepped"},{"time":0.5666,"color":"ffffffff","curve":"stepped"},{"time":0.9,"color":"ffffffff"},{"time":1,"color":"ffffff00","curve":"stepped"},{"time":1.0666,"color":"ffffffff","curve":"stepped"},{"time":1.4,"color":"ffffffff"},{"time":1.5,"color":"ffffff00","curve":"stepped"},{"time":1.8,"color":"ffffffff","curve":"stepped"},{"time":2.1333,"color":"ffffffff"},{"time":2.2333,"color":"ffffff00"}]},"EF/5100_A1_wave1/5100_A1_wave1_1":{"attachment":[{"time":0.2333,"name":"EF/5100_A1_wave1/5100_A1_wave1_00001"},{"time":0.2666,"name":"EF/5100_A1_wave1/5100_A1_wave1_00002"},{"time":0.3,"name":"EF/5100_A1_wave1/5100_A1_wave1_00003"},{"time":0.3333,"name":"EF/5100_A1_wave1/5100_A1_wave1_00004"},{"time":0.3666,"name":"EF/5100_A1_wave1/5100_A1_wave1_00005"},{"time":0.4,"name":"EF/5100_A1_wave1/5100_A1_wave1_00006"},{"time":0.4333,"name":"EF/5100_A1_wave1/5100_A1_wave1_00007"},{"time":0.4666,"name":"EF/5100_A1_wave1/5100_A1_wave1_00008"},{"time":0.5,"name":"EF/5100_A1_wave1/5100_A1_wave1_00009"},{"time":0.5333,"name":"EF/5100_A1_wave1/5100_A1_wave1_00010"},{"time":0.5666,"name":"EF/5100_A1_wave1/5100_A1_wave1_00011"},{"time":0.7333,"name":"EF/5100_A1_wave1/5100_A1_wave1_00001"},{"time":0.7666,"name":"EF/5100_A1_wave1/5100_A1_wave1_00002"},{"time":0.8,"name":"EF/5100_A1_wave1/5100_A1_wave1_00003"},{"time":0.8333,"name":"EF/5100_A1_wave1/5100_A1_wave1_00004"},{"time":0.8666,"name":"EF/5100_A1_wave1/5100_A1_wave1_00005"},{"time":0.9,"name":"EF/5100_A1_wave1/5100_A1_wave1_00006"},{"time":0.9333,"name":"EF/5100_A1_wave1/5100_A1_wave1_00007"},{"time":0.9666,"name":"EF/5100_A1_wave1/5100_A1_wave1_00008"},{"time":1,"name":"EF/5100_A1_wave1/5100_A1_wave1_00009"},{"time":1.0333,"name":"EF/5100_A1_wave1/5100_A1_wave1_00010"},{"time":1.0666,"name":"EF/5100_A1_wave1/5100_A1_wave1_00011"}],"color":[{"time":0.2333,"color":"ffffffff","curve":"stepped"},{"time":0.5666,"color":"ffffffff"},{"time":0.6666,"color":"ffffff00","curve":"stepped"},{"time":0.7333,"color":"ffffffff","curve":"stepped"},{"time":1.0666,"color":"ffffffff"},{"time":1.1666,"color":"ffffff00"}]},"EF/5100_A1_wave1/5100_A1_wave1_2":{"attachment":[{"time":0.4,"name":"EF/5100_A1_wave1/5100_A1_wave1_00001"},{"time":0.4333,"name":"EF/5100_A1_wave1/5100_A1_wave1_00002"},{"time":0.4666,"name":"EF/5100_A1_wave1/5100_A1_wave1_00003"},{"time":0.5,"name":"EF/5100_A1_wave1/5100_A1_wave1_00004"},{"time":0.5333,"name":"EF/5100_A1_wave1/5100_A1_wave1_00005"},{"time":0.5666,"name":"EF/5100_A1_wave1/5100_A1_wave1_00006"},{"time":0.6,"name":"EF/5100_A1_wave1/5100_A1_wave1_00007"},{"time":0.6333,"name":"EF/5100_A1_wave1/5100_A1_wave1_00008"},{"time":0.6666,"name":"EF/5100_A1_wave1/5100_A1_wave1_00009"},{"time":0.7,"name":"EF/5100_A1_wave1/5100_A1_wave1_00010"},{"time":0.7333,"name":"EF/5100_A1_wave1/5100_A1_wave1_00011"},{"time":0.9,"name":"EF/5100_A1_wave1/5100_A1_wave1_00001"},{"time":0.9333,"name":"EF/5100_A1_wave1/5100_A1_wave1_00002"},{"time":0.9666,"name":"EF/5100_A1_wave1/5100_A1_wave1_00003"},{"time":1,"name":"EF/5100_A1_wave1/5100_A1_wave1_00004"},{"time":1.0333,"name":"EF/5100_A1_wave1/5100_A1_wave1_00005"},{"time":1.0666,"name":"EF/5100_A1_wave1/5100_A1_wave1_00006"},{"time":1.1,"name":"EF/5100_A1_wave1/5100_A1_wave1_00007"},{"time":1.1333,"name":"EF/5100_A1_wave1/5100_A1_wave1_00008"},{"time":1.1666,"name":"EF/5100_A1_wave1/5100_A1_wave1_00009"},{"time":1.2,"name":"EF/5100_A1_wave1/5100_A1_wave1_00010"},{"time":1.2333,"name":"EF/5100_A1_wave1/5100_A1_wave1_00011"}],"color":[{"time":0.4,"color":"ffffffff","curve":"stepped"},{"time":0.7333,"color":"ffffffff"},{"time":0.8333,"color":"ffffff00","curve":"stepped"},{"time":0.9,"color":"ffffffff","curve":"stepped"},{"time":1.2333,"color":"ffffffff"},{"time":1.3333,"color":"ffffff00"}]},"MAIN":{"attachment":[{"time":0,"name":"attack1_00"},{"time":0.1666,"name":"attack1_01"},{"time":0.3333,"name":"attack1_02"},{"time":0.5,"name":"attack1_03"},{"time":0.6666,"name":"attack1_00"},{"time":0.8333,"name":"attack1_01"},{"time":1,"name":"attack1_02"},{"time":1.1666,"name":"attack1_03"},{"time":1.3333,"name":"attack1_04"},{"time":1.4333,"name":"attack1_05"},{"time":1.5333,"name":"attack1_06"},{"time":1.6333,"name":"attack1_07"},{"time":1.7666,"name":"attack1_08"},{"time":1.8,"name":"attack1_09"},{"time":1.8666,"name":"attack1_10"},{"time":1.9333,"name":"attack1_11"},{"time":2,"name":"attack1_12"},{"time":2.0666,"name":"attack1_13"},{"time":2.1333,"name":"attack1_14"},{"time":2.2,"name":"attack1_00"}]}},"bones":{"MAIN":{"translate":[{"time":0,"x":0,"y":0,"curve":[0.25,0,0.75,1]},{"time":0.3333,"x":0,"y":3,"curve":[0.25,0,0.75,1]},{"time":0.6666,"x":0,"y":0,"curve":[0.25,0,0.75,1]},{"time":1,"x":0,"y":3,"curve":[0.25,0,0.75,1]},{"time":1.3333,"x":0,"y":0,"curve":[0.25,0,0.75,1]},{"time":1.5666,"x":0,"y":3,"curve":[0.25,0,0.75,1]},{"time":1.8,"x":0,"y":0,"curve":[0.286,0,0.626,0.38]},{"time":1.9,"x":0,"y":5,"curve":[0.316,0.27,0.757,1]},{"time":2.3333,"x":0,"y":0}]},"AS_wave1":{"translate":[{"time":0.0666,"x":-443.09,"y":121.26,"curve":"stepped"},{"time":1.0666,"x":-443.09,"y":121.26,"curve":"stepped"},{"time":1.8,"x":-443.09,"y":121.26}],"scale":[{"time":0.0666,"x":1,"y":1,"curve":"stepped"},{"time":0.4,"x":1,"y":1},{"time":0.5,"x":1.2,"y":1.2,"curve":"stepped"},{"time":0.5666,"x":1,"y":1,"curve":"stepped"},{"time":0.9,"x":1,"y":1},{"time":1,"x":1.2,"y":1.2,"curve":"stepped"},{"time":1.0666,"x":1,"y":1,"curve":"stepped"},{"time":1.4,"x":1,"y":1},{"time":1.5,"x":1.2,"y":1.2,"curve":"stepped"},{"time":1.8,"x":1.2,"y":1.2,"curve":"stepped"},{"time":2.1333,"x":1.2,"y":1.2},{"time":2.2333,"x":1.4,"y":1.4}]},"AS_wave2":{"translate":[{"time":0.2333,"x":-443.51,"y":165.7,"curve":"stepped"},{"time":0.7333,"x":-443.51,"y":165.7}],"scale":[{"time":0.2333,"x":1,"y":1,"curve":"stepped"},{"time":0.5666,"x":1,"y":1},{"time":0.6666,"x":1.2,"y":1.2,"curve":"stepped"},{"time":0.7333,"x":1,"y":1,"curve":"stepped"},{"time":1.0666,"x":1,"y":1},{"time":1.1666,"x":1.2,"y":1.2}]},"AS_wave3":{"translate":[{"time":0.4,"x":-442.9,"y":207.59,"curve":"stepped"},{"time":0.9,"x":-442.9,"y":207.59}],"scale":[{"time":0.4,"x":1,"y":1,"curve":"stepped"},{"time":0.7333,"x":1,"y":1},{"time":0.8333,"x":1.2,"y":1.2,"curve":"stepped"},{"time":0.9,"x":1,"y":1,"curve":"stepped"},{"time":1.2333,"x":1,"y":1},{"time":1.3333,"x":1.2,"y":1.2}]},"DAMAGEAREA":{"translate":[{"time":1.8333,"x":-591.19,"y":51.34}],"scale":[{"time":1.8333,"x":5.695,"y":0.474}]}},"events":[{"time":0,"name":"Event","float":0.15,"string":"kHitStopType_enemyonly"},{"time":0,"name":"sound_1","string":"cri_se_battle_effect_01"},{"time":0.0333,"name":"Event","string":"kImpactType_knock"},{"time":1.8,"name":"sound_2","string":"cri_se_battle_machine_laser_01"},{"time":2,"name":"Event","string":"runScript-addSP"}]},"back":{"slots":{"MAIN":{"attachment":[{"time":0,"name":"back_00"},{"time":0.3666,"name":"idle_03"},{"time":0.5666,"name":"idle_04"},{"time":0.8,"name":"idle_00"}]}},"bones":{"MAIN":{"translate":[{"time":0,"x":0,"y":0,"curve":[0.229,0.29,0.593,0.65]},{"time":0.1333,"x":71.1,"y":8.67,"curve":[0.349,0.52,0.762,1]},{"time":0.3666,"x":135.04,"y":-7.02},{"time":0.8,"x":140,"y":0}]}}},"cast":{"slots":{"MAIN":{"attachment":[{"time":0,"name":"attack1_02"},{"time":0.1666,"name":"attack1_03"},{"time":0.3333,"name":"attack1_04"},{"time":0.4333,"name":"attack1_05"},{"time":0.5333,"name":"attack1_06"},{"time":0.6333,"name":"attack1_07"},{"time":0.7666,"name":"attack1_08"},{"time":0.8,"name":"attack1_09"},{"time":0.8666,"name":"attack1_10"},{"time":0.9333,"name":"attack1_11"},{"time":1,"name":"attack1_12"},{"time":1.0666,"name":"attack1_13"},{"time":1.1333,"name":"attack1_14"},{"time":1.2,"name":"attack1_00"}]}},"bones":{"MAIN":{"translate":[{"time":0,"x":0,"y":3,"curve":[0.25,0,0.75,1]},{"time":0.3333,"x":0,"y":0,"curve":[0.25,0,0.75,1]},{"time":0.5666,"x":0,"y":3,"curve":[0.25,0,0.75,1]},{"time":0.8,"x":0,"y":0,"curve":[0.286,0,0.626,0.38]},{"time":0.9,"x":0,"y":5,"curve":[0.316,0.27,0.757,1]},{"time":1.3333,"x":0,"y":0}]}}},"damage":{"slots":{"MAIN":{"attachment":[{"time":0,"name":"damage_00"}]}}},"front":{"slots":{"MAIN":{"attachment":[{"time":0,"name":"front_00"}]}},"bones":{"MAIN":{"translate":[{"time":0,"x":0,"y":0}]}}},"idle":{"slots":{"MAIN":{"attachment":[{"time":0,"name":"idle_00"},{"time":0.2333,"name":"idle_01"},{"time":0.4666,"name":"idle_02"},{"time":0.7,"name":"idle_03"},{"time":0.9333,"name":"idle_04"},{"time":1.1666,"name":"idle_00"}]}},"bones":{"MAIN":{"translate":[{"time":0,"x":0,"y":0,"curve":[0.25,0,0.75,1]},{"time":0.6,"x":0,"y":5,"curve":[0.25,0,0.75,1]},{"time":1.1666,"x":0,"y":0}]}}},"in":{"slots":{"MAIN":{"attachment":[{"time":0,"name":"front_00"},{"time":0.4333,"name":"idle_00"}],"color":[{"time":0,"color":"ffffff00","curve":[0.25,0,0.75,1]},{"time":0.6333,"color":"ffffffff"}]}},"bones":{"MAIN":{"rotate":[{"time":0,"angle":17.5,"curve":"stepped"},{"time":0.4333,"angle":0,"curve":"stepped"},{"time":0.8333,"angle":0}],"translate":[{"time":0,"x":100,"y":0,"curve":[0.173,0.44,0.75,1]},{"time":0.4333,"x":5,"y":0,"curve":[0.224,0.35,0.75,1]},{"time":0.8333,"x":0,"y":0}]}}},"skill1":{"slots":{"DAMAGEAREA":{"attachment":[{"time":2.2333,"name":"DAMAGEAREA"},{"time":3,"name":null}]},"MAIN":{"attachment":[{"time":0,"name":"attack3_00"},{"time":0.0666,"name":"5100_blur1_00005"},{"time":0.1333,"name":"5100_blur1_00006"},{"time":0.2,"name":"5100_blur1_00007"},{"time":0.2333,"name":"5100_blur1_00008"},{"time":0.2666,"name":null},{"time":0.4,"name":"5100_blur1_00008"},{"time":0.4666,"name":"5100_blur1_00007"},{"time":0.5333,"name":"5100_blur1_00006"},{"time":0.6,"name":"5100_blur1_00005"},{"time":0.7,"name":"attack3_00"},{"time":1,"name":"attack3_01"},{"time":1.4666,"name":"attack3_02"},{"time":2.1666,"name":"attack3_03"},{"time":2.2333,"name":"attack3_04"},{"time":2.3,"name":"attack3_05"},{"time":2.4,"name":"attack3_06"},{"time":2.5333,"name":"attack3_07"}]}},"bones":{"MAIN":{"translate":[{"time":0,"x":0,"y":0},{"time":1.3333,"x":0,"y":3},{"time":2,"x":0,"y":0,"curve":"stepped"},{"time":2.1666,"x":0,"y":0,"curve":[0.204,0.39,0.75,1]},{"time":2.2333,"x":0,"y":5},{"time":3.3333,"x":0,"y":0}]},"DAMAGEAREA":{"translate":[{"time":2.2333,"x":0,"y":62.72}],"scale":[{"time":2.2333,"x":0.653,"y":0.791},{"time":2.3,"x":2.104,"y":1.954}]}},"events":[{"time":0.0666,"name":"sound_1","string":"cri_se_battle_teleport"},{"time":0.3,"name":"Event","int":100,"string":"setPosition_Target"},{"time":0.3666,"name":"sound_1","string":"cri_se_battle_teleport"},{"time":0.7,"name":"sound_1","string":"cri_se_battle_charge_long"},{"time":2.2,"name":"sound_1","string":"cri_se_battle_037_explosion_element_05"},{"time":2.2,"name":"sound_2","string":"setHitSound(se_battle_007_attack_hit_01)"},{"time":2.4,"name":"Event","string":"kImpactType_knock"},{"time":2.4666,"name":"Hit","string":"resetHitList"},{"time":2.5333,"name":"Event","float":0.15,"string":"kHitStopType_enemyonly"},{"time":2.5333,"name":"Hit","string":"resetHitList"},{"time":2.5666,"name":"Event","string":"shakeGround"},{"time":2.6,"name":"Hit","string":"resetHitList"},{"time":2.6666,"name":"Hit","string":"resetHitList"},{"time":2.7333,"name":"Hit","string":"resetHitList"},{"time":2.8,"name":"Hit","string":"resetHitList"},{"time":2.8666,"name":"Hit","string":"resetHitList"},{"time":2.9333,"name":"Hit","string":"resetHitList"}]},"skill2":{"slots":{"DAMAGEAREA":{"attachment":[{"time":3.4333,"name":"DAMAGEAREA"},{"time":3.7666,"name":null}]},"EF/5100_A1_wave1/5100_A1_wave1_1":{"attachment":[{"time":2.2666,"name":"EF/5100_A1_wave1/5100_A1_wave1_00001"},{"time":2.3,"name":"EF/5100_A1_wave1/5100_A1_wave1_00002"},{"time":2.3333,"name":"EF/5100_A1_wave1/5100_A1_wave1_00003"},{"time":2.3666,"name":"EF/5100_A1_wave1/5100_A1_wave1_00004"},{"time":2.4,"name":"EF/5100_A1_wave1/5100_A1_wave1_00005"},{"time":2.4333,"name":"EF/5100_A1_wave1/5100_A1_wave1_00006"},{"time":2.4666,"name":"EF/5100_A1_wave1/5100_A1_wave1_00007"},{"time":2.5,"name":"EF/5100_A1_wave1/5100_A1_wave1_00008"},{"time":2.5333,"name":"EF/5100_A1_wave1/5100_A1_wave1_00009"},{"time":2.5666,"name":"EF/5100_A1_wave1/5100_A1_wave1_00010"},{"time":2.6,"name":"EF/5100_A1_wave1/5100_A1_wave1_00011"},{"time":2.8666,"name":"EF/5100_A1_wave1/5100_A1_wave1_00001"},{"time":2.9,"name":"EF/5100_A1_wave1/5100_A1_wave1_00002"},{"time":2.9333,"name":"EF/5100_A1_wave1/5100_A1_wave1_00003"},{"time":2.9666,"name":"EF/5100_A1_wave1/5100_A1_wave1_00004"},{"time":3,"name":"EF/5100_A1_wave1/5100_A1_wave1_00005"},{"time":3.0333,"name":"EF/5100_A1_wave1/5100_A1_wave1_00006"},{"time":3.0666,"name":"EF/5100_A1_wave1/5100_A1_wave1_00007"},{"time":3.1,"name":"EF/5100_A1_wave1/5100_A1_wave1_00008"},{"time":3.1333,"name":"EF/5100_A1_wave1/5100_A1_wave1_00009"},{"time":3.1666,"name":"EF/5100_A1_wave1/5100_A1_wave1_00010"},{"time":3.2,"name":"EF/5100_A1_wave1/5100_A1_wave1_00011"}],"color":[{"time":2.2666,"color":"ffffffff","curve":"stepped"},{"time":2.6,"color":"ffffffff"},{"time":2.7,"color":"ffffff00","curve":"stepped"},{"time":2.8666,"color":"ffffffff","curve":"stepped"},{"time":3.2,"color":"ffffffff"},{"time":3.3,"color":"ffffff00"}]},"EF/5100_A1_wave1/5100_A1_wave1_00001":{"attachment":[{"time":2.0666,"name":"EF/5100_A1_wave1/5100_A1_wave1_00001"},{"time":2.1,"name":"EF/5100_A1_wave1/5100_A1_wave1_00002"},{"time":2.1333,"name":"EF/5100_A1_wave1/5100_A1_wave1_00003"},{"time":2.1666,"name":"EF/5100_A1_wave1/5100_A1_wave1_00004"},{"time":2.2,"name":"EF/5100_A1_wave1/5100_A1_wave1_00005"},{"time":2.2333,"name":"EF/5100_A1_wave1/5100_A1_wave1_00006"},{"time":2.2666,"name":"EF/5100_A1_wave1/5100_A1_wave1_00007"},{"time":2.3,"name":"EF/5100_A1_wave1/5100_A1_wave1_00008"},{"time":2.3333,"name":"EF/5100_A1_wave1/5100_A1_wave1_00009"},{"time":2.3666,"name":"EF/5100_A1_wave1/5100_A1_wave1_00010"},{"time":2.4,"name":"EF/5100_A1_wave1/5100_A1_wave1_00011"},{"time":2.6666,"name":"EF/5100_A1_wave1/5100_A1_wave1_00001"},{"time":2.7,"name":"EF/5100_A1_wave1/5100_A1_wave1_00002"},{"time":2.7333,"name":"EF/5100_A1_wave1/5100_A1_wave1_00003"},{"time":2.7666,"name":"EF/5100_A1_wave1/5100_A1_wave1_00004"},{"time":2.8,"name":"EF/5100_A1_wave1/5100_A1_wave1_00005"},{"time":2.8333,"name":"EF/5100_A1_wave1/5100_A1_wave1_00006"},{"time":2.8666,"name":"EF/5100_A1_wave1/5100_A1_wave1_00007"},{"time":2.9,"name":"EF/5100_A1_wave1/5100_A1_wave1_00008"},{"time":2.9333,"name":"EF/5100_A1_wave1/5100_A1_wave1_00009"},{"time":2.9666,"name":"EF/5100_A1_wave1/5100_A1_wave1_00010"},{"time":3,"name":"EF/5100_A1_wave1/5100_A1_wave1_00011"}],"color":[{"time":2.0666,"color":"ffffffff","curve":"stepped"},{"time":2.4,"color":"ffffffff"},{"time":2.5,"color":"ffffff00","curve":"stepped"},{"time":2.6666,"color":"ffffffff","curve":"stepped"},{"time":3,"color":"ffffffff"},{"time":3.1,"color":"ffffff00"}]},"EF/5100_A1_wave1/5100_A1_wave1_2":{"attachment":[{"time":2.4666,"name":"EF/5100_A1_wave1/5100_A1_wave1_00001"},{"time":2.5,"name":"EF/5100_A1_wave1/5100_A1_wave1_00002"},{"time":2.5333,"name":"EF/5100_A1_wave1/5100_A1_wave1_00003"},{"time":2.5666,"name":"EF/5100_A1_wave1/5100_A1_wave1_00004"},{"time":2.6,"name":"EF/5100_A1_wave1/5100_A1_wave1_00005"},{"time":2.6333,"name":"EF/5100_A1_wave1/5100_A1_wave1_00006"},{"time":2.6666,"name":"EF/5100_A1_wave1/5100_A1_wave1_00007"},{"time":2.7,"name":"EF/5100_A1_wave1/5100_A1_wave1_00008"},{"time":2.7333,"name":"EF/5100_A1_wave1/5100_A1_wave1_00009"},{"time":2.7666,"name":"EF/5100_A1_wave1/5100_A1_wave1_00010"},{"time":2.8,"name":"EF/5100_A1_wave1/5100_A1_wave1_00011"}],"color":[{"time":2.4666,"color":"ffffffff","curve":"stepped"},{"time":2.8,"color":"ffffffff"},{"time":2.9,"color":"ffffff00"}]},"MAIN":{"attachment":[{"time":0.1666,"name":"5100_blur1_00005"},{"time":0.2333,"name":"5100_blur1_00006"},{"time":0.3,"name":"5100_blur1_00007"},{"time":0.3666,"name":"5100_blur1_00008"},{"time":0.4333,"name":null},{"time":0.6333,"name":"5100_blur1_00008"},{"time":0.7,"name":"5100_blur1_00007"},{"time":0.7666,"name":"5100_blur1_00006"},{"time":0.8333,"name":"5100_blur1_00005"},{"time":0.9,"name":"idle_04"},{"time":1,"name":"idle_00"},{"time":1.0666,"name":"skill2_00"},{"time":1.1333,"name":"skill2_01"},{"time":1.2,"name":"skill2_02"},{"time":1.2666,"name":"skill2_03"},{"time":1.3333,"name":"skill2_04"},{"time":1.4,"name":"skill2_05"},{"time":1.4666,"name":"skill2_06"},{"time":1.5666,"name":"skill2_07"},{"time":1.6666,"name":"skill2_08"},{"time":1.7666,"name":"skill2_09"},{"time":1.8666,"name":"skill2_10"},{"time":1.9666,"name":"skill2_11"},{"time":2.0666,"name":"skill2_12"},{"time":2.2,"name":"skill2_13"},{"time":2.3,"name":"skill2_14"},{"time":2.4333,"name":"skill2_15"},{"time":2.5666,"name":"skill2_16"},{"time":2.7,"name":"skill2_17"},{"time":2.8333,"name":"skill2_16"},{"time":2.9666,"name":"skill2_15"},{"time":3.1333,"name":"skill2_16"},{"time":3.2666,"name":"skill2_17"},{"time":3.4333,"name":"skill2_18"},{"time":3.6,"name":"skill2_17"},{"time":3.7666,"name":"skill2_16"},{"time":3.9333,"name":"skill2_15"},{"time":4.0666,"name":"skill2_16"},{"time":4.2,"name":"skill2_17"},{"time":4.3333,"name":"skill2_18"},{"time":4.4666,"name":"skill2_19"},{"time":4.6,"name":"skill2_20"},{"time":4.7333,"name":"skill2_21"},{"time":4.9333,"name":"skill2_22"},{"time":5.1,"name":"skill2_23"},{"time":5.2,"name":"skill2_24"},{"time":5.3,"name":"skill2_25"},{"time":5.4333,"name":"skill2_26"},{"time":5.5,"name":"skill2_27"},{"time":5.5666,"name":"skill2_28"},{"time":5.6333,"name":"idle_03"},{"time":5.7666,"name":"idle_04"},{"time":5.9,"name":"idle_00"}]}},"bones":{"MAIN":{"translate":[{"time":1.9666,"x":0,"y":5,"curve":[0.201,0.43,0.748,0.98]},{"time":3.5,"x":0,"y":79.97},{"time":3.9333,"x":0,"y":95.83,"curve":[0.201,0.61,0.696,0.87]},{"time":4.5,"x":0,"y":100.84,"curve":[0.201,0.61,0.696,0.87]},{"time":5.6333,"x":0,"y":4.07,"curve":[0.363,0.37,0.699,0.7]},{"time":5.9,"x":0,"y":0}],"scale":[{"time":0.1666,"x":1,"y":1,"curve":"stepped"},{"time":0.9,"x":1,"y":1,"curve":"stepped"},{"time":1,"x":1,"y":1}]},"AS_wave2":{"translate":[{"time":2.2666,"x":-443.51,"y":165.7}],"scale":[{"time":2.2666,"x":1.6,"y":1.6,"curve":"stepped"},{"time":2.6,"x":1.6,"y":1.6},{"time":2.7,"x":1.8,"y":1.8,"curve":"stepped"},{"time":2.8666,"x":1.6,"y":1.6,"curve":"stepped"},{"time":3.2,"x":1.6,"y":1.6},{"time":3.3,"x":1.8,"y":1.8}]},"AS_wave1":{"translate":[{"time":2.0666,"x":-443.09,"y":121.26}],"scale":[{"time":2.0666,"x":1.6,"y":1.6,"curve":"stepped"},{"time":2.4,"x":1.6,"y":1.6},{"time":2.5,"x":1.8,"y":1.8,"curve":"stepped"},{"time":2.6666,"x":1.6,"y":1.6,"curve":"stepped"},{"time":3,"x":1.6,"y":1.6},{"time":3.1,"x":1.8,"y":1.8}]},"AS_wave3":{"translate":[{"time":2.4666,"x":-442.9,"y":207.59}],"scale":[{"time":2.4666,"x":1.6,"y":1.6,"curve":"stepped"},{"time":2.8,"x":1.6,"y":1.6},{"time":2.9,"x":1.8,"y":1.8}]},"DAMAGEAREA":{"translate":[{"time":3.4333,"x":-1.59,"y":145.69}],"scale":[{"time":3.4333,"x":1.384,"y":1.483},{"time":3.7333,"x":3.653,"y":3.689}]}},"events":[{"time":0.1666,"name":"sound_1","string":"cri_se_battle_teleport"},{"time":0.4666,"name":"Event","string":"runScript-target"},{"time":0.5,"name":"Event","int":150,"string":"setPosition_Target"},{"time":0.6333,"name":"sound_1","string":"cri_se_battle_teleport"},{"time":1,"name":"Event","float":0.2,"string":"kHitStopType_enemyonly"},{"time":1.0333,"name":"Event","string":"kImpactType_knock"},{"time":1.9666,"name":"sound_1","string":"cri_se_battle_charge_long"},{"time":3.4,"name":"sound_1","string":"cri_se_battle_charge_completion"},{"time":3.4,"name":"sound_2","string":"cri_se_battle_036_explosion_element_04"},{"time":3.4,"name":"sound_3","string":"cri_se_battle_magic_Invocation_dark"},{"time":3.4333,"name":"Event","string":"shakeGround"},{"time":3.4333,"name":"sound_2","string":"setHitSound(se_battle_007_attack_hit_01)"},{"time":3.4666,"name":"Hit","string":"resetHitList"},{"time":3.4666,"name":"sound_2","string":"setHitSound(empty)"},{"time":3.5,"name":"Hit","string":"resetHitList"},{"time":3.5333,"name":"Hit","string":"resetHitList"},{"time":3.5333,"name":"sound_2","string":"setHitSound(se_battle_007_attack_hit_01)"},{"time":3.5666,"name":"Hit","string":"resetHitList"},{"time":3.5666,"name":"sound_2","string":"setHitSound(empty)"},{"time":3.6,"name":"Hit","string":"resetHitList"},{"time":3.6333,"name":"Hit","string":"resetHitList"},{"time":3.6333,"name":"sound_2","string":"setHitSound(se_battle_007_attack_hit_01)"},{"time":3.6666,"name":"Hit","string":"resetHitList"},{"time":3.6666,"name":"sound_2","string":"setHitSound(empty)"},{"time":3.7,"name":"Hit","string":"resetHitList"},{"time":3.7333,"name":"Hit","string":"resetHitList"},{"time":3.7333,"name":"sound_2","string":"setHitSound(se_battle_007_attack_hit_01)"},{"time":3.7666,"name":"Event","string":"runSkillEffect"},{"time":3.7666,"name":"sound_2","string":"setHitSound(empty)"}]},"skill3":{"slots":{"MAIN":{"attachment":[{"time":0,"name":"skill2_02"},{"time":0.1,"name":"skill2_04"},{"time":0.2,"name":"skill2_05"},{"time":0.2666,"name":"skill2_06"},{"time":0.3333,"name":"skill2_07"},{"time":0.4,"name":"skill2_08"},{"time":0.4666,"name":"skill1_00"},{"time":0.6,"name":"skill1_01"},{"time":0.7333,"name":"skill1_02"},{"time":0.8666,"name":"skill1_03"},{"time":1,"name":"skill1_04"},{"time":1.3333,"name":"skill1_05"},{"time":1.4,"name":"skill1_06"},{"time":1.4666,"name":"skill1_07"},{"time":1.5,"name":"skill1_08"},{"time":1.5333,"name":"skill1_09"},{"time":1.6,"name":"skill1_10"},{"time":1.6666,"name":"skill1_11"},{"time":1.7333,"name":"skill1_12"},{"time":1.8,"name":"skill1_06"},{"time":1.8666,"name":"skill1_07"},{"time":1.9333,"name":"skill1_08"},{"time":2,"name":"skill1_09"},{"time":2.0666,"name":"skill1_10"},{"time":2.1333,"name":"skill1_11"},{"time":2.2,"name":"skill1_12"},{"time":2.2666,"name":"skill1_06"},{"time":2.3333,"name":"skill1_07"},{"time":2.4,"name":"skill1_08"},{"time":2.4666,"name":"skill1_09"},{"time":2.5333,"name":"skill1_10"},{"time":2.6,"name":"skill1_11"},{"time":2.6666,"name":"skill1_12"},{"time":2.7333,"name":"skill1_06"},{"time":2.8,"name":"skill1_07"},{"time":2.8666,"name":"skill1_08"},{"time":2.9333,"name":"skill1_09"},{"time":3,"name":"skill1_10"},{"time":3.0666,"name":"skill1_11"},{"time":3.1333,"name":"skill1_12"},{"time":3.2,"name":"skill1_06"},{"time":3.2666,"name":"skill1_07"},{"time":3.3333,"name":"skill1_08"},{"time":3.4,"name":"skill1_09"},{"time":3.4666,"name":"skill1_10"},{"time":3.5333,"name":"skill1_11"},{"time":3.6,"name":"skill1_12"},{"time":3.6666,"name":"skill1_06"},{"time":3.7333,"name":"skill1_07"},{"time":3.8,"name":"skill1_08"},{"time":3.8666,"name":"skill1_09"},{"time":3.9333,"name":"skill1_10"},{"time":4,"name":"attack3_00"},{"time":4.0666,"name":"attack3_01"},{"time":4.1333,"name":"attack3_02"},{"time":4.7333,"name":"attack3_03"},{"time":4.8,"name":"attack3_04"},{"time":4.8666,"name":"attack3_05"},{"time":4.9333,"name":"attack3_06"},{"time":5,"name":"attack3_07"},{"time":5.1,"name":"attack3_04"},{"time":5.2,"name":"attack3_05"},{"time":5.3,"name":"attack3_06"},{"time":5.4,"name":"attack3_07"},{"time":5.7,"name":"skill2_24"},{"time":5.8333,"name":"skill2_25"},{"time":5.9666,"name":"skill2_26"},{"time":6.1,"name":"skill2_27"},{"time":6.2333,"name":"skill2_28"},{"time":6.3333,"name":"idle_00"}]},"S3-shadow":{"attachment":[{"time":0,"name":"EF/skill3-shadow/idle_00"},{"time":0.2333,"name":"EF/skill3-shadow/idle_01"},{"time":0.4666,"name":"EF/skill3-shadow/idle_02"},{"time":0.7,"name":"EF/skill3-shadow/idle_03"},{"time":0.9333,"name":"EF/skill3-shadow/idle_04"},{"time":1.1666,"name":"EF/skill3-shadow/idle_00"},{"time":1.4,"name":"EF/skill3-shadow/attack1_00"},{"time":1.4666,"name":"EF/skill3-shadow/attack1_01"},{"time":1.5333,"name":"EF/skill3-shadow/attack1_00"},{"time":4.0666,"name":"EF/skill3-shadow/skill1_00"},{"time":4.7333,"name":"EF/skill3-shadow/skill1_01"},{"time":5.6333,"name":"EF/skill3-shadow/idle_00"},{"time":5.8,"name":"EF/skill3-shadow/idle_01"},{"time":5.9333,"name":"EF/skill3-shadow/idle_02"},{"time":6.1,"name":"EF/skill3-shadow/idle_03"},{"time":6.2666,"name":"EF/skill3-shadow/idle_04"},{"time":6.3333,"name":null}],"color":[{"time":0,"color":"8c8c8c00","curve":[0.25,0,0.784,0.53]},{"time":1.1666,"color":"8c8c8c5c","curve":[0.435,0.23,0.729,0.52]},{"time":4.7,"color":"ffffffff"},{"time":4.7666,"color":"8c8c8cff","curve":[0.265,0.53,0.75,1]},{"time":5,"color":"8c8c8c00","curve":"stepped"},{"time":5.6333,"color":"8c8c8c00","curve":[0.284,0,0.625,0.35]},{"time":5.7666,"color":"8c8c8cff","curve":[0.32,0.14,0.764,0.56]},{"time":6.3333,"color":"8c8c8c00"}]}},"bones":{"MAIN":{"translate":[{"time":0,"x":0,"y":0,"curve":[0.25,0,0.75,1]},{"time":1,"x":0,"y":55.25,"curve":"stepped"},{"time":1.3333,"x":0,"y":55.25,"curve":[0.25,0,0.75,1]},{"time":1.4,"x":0,"y":55.3,"curve":[0.25,0,0.75,1]},{"time":1.7333,"x":0,"y":58.54,"curve":[0.25,0,0.75,1]},{"time":2.0666,"x":0,"y":55.3,"curve":[0.25,0,0.75,1]},{"time":2.4,"x":0,"y":58.54,"curve":[0.25,0,0.75,1]},{"time":2.7333,"x":0,"y":55.3,"curve":[0.25,0,0.75,1]},{"time":3.0666,"x":0,"y":58.54,"curve":[0.25,0,0.75,1]},{"time":3.4,"x":0,"y":55.3,"curve":[0.25,0,0.75,1]},{"time":3.7333,"x":0,"y":58.54,"curve":[0.25,0,0.75,1]},{"time":4.0666,"x":0,"y":55.3,"curve":[0.25,0,0.75,1]},{"time":4.4,"x":0,"y":58.54,"curve":"stepped"},{"time":4.7333,"x":0,"y":58.54,"curve":[0.304,0,0.64,0.35]},{"time":5.0666,"x":0,"y":52.94,"curve":"stepped"},{"time":5.7,"x":0,"y":52.94,"curve":[0.208,0.34,0.75,1]},{"time":6.3333,"x":0,"y":0}]},"S3-shadow":{"translate":[{"time":0,"x":95.72,"y":26.44,"curve":[0.234,0.52,0.519,0.77]},{"time":1.1666,"x":95.72,"y":83.1,"curve":"stepped"},{"time":1.5333,"x":95.72,"y":83.1},{"time":1.7333,"x":95.72,"y":82.48},{"time":2.0666,"x":95.72,"y":83.1},{"time":2.4,"x":95.72,"y":82.48},{"time":2.7333,"x":95.72,"y":83.1},{"time":3.0666,"x":95.72,"y":82.48},{"time":3.4,"x":95.72,"y":83.1},{"time":3.7333,"x":95.72,"y":82.48},{"time":4.0666,"x":95.72,"y":83.1,"curve":[0.23,0.67,0.75,1]},{"time":4.7,"x":166.62,"y":83.13,"curve":[0.16,0.82,0.75,1]},{"time":4.8333,"x":-558.25,"y":83.13},{"time":5,"x":-565.38,"y":83.13,"curve":"stepped"},{"time":5.6333,"x":95,"y":83.1,"curve":[0.25,0,0.75,1]},{"time":6.3333,"x":95,"y":0}]}},"drawOrder":[{"time":4.1666,"offsets":[{"slot":"S3-shadow","offset":1}]},{"time":5.6}],"events":[{"time":0,"name":"sound_1","string":"cri_se_battle_037_explosion_element_05"},{"time":1.5,"name":"Event","string":"runScript-addShot"},{"time":1.5,"name":"sound_1","string":"cri_se_battle_sword_srash"},{"time":1.5,"name":"sound_2","string":"setHitSound(se_battle_thrustviolently)"},{"time":1.6333,"name":"Event","string":"runScript-addShot"},{"time":1.7,"name":"sound_1","string":"cri_se_battle_sword_srash"},{"time":1.7666,"name":"Event","string":"runScript-addShot"},{"time":1.9,"name":"sound_1","string":"cri_se_battle_sword_srash"},{"time":1.9333,"name":"Event","string":"runScript-addShot"},{"time":2.1,"name":"Event","string":"runScript-addShot"},{"time":2.1333,"name":"sound_1","string":"cri_se_battle_sword_srash"},{"time":2.3333,"name":"sound_1","string":"cri_se_battle_sword_srash"},{"time":2.5333,"name":"sound_1","string":"cri_se_battle_sword_srash"},{"time":2.7333,"name":"sound_1","string":"cri_se_battle_sword_srash"},{"time":2.9333,"name":"sound_1","string":"cri_se_battle_sword_srash"},{"time":3.1333,"name":"sound_1","string":"cri_se_battle_sword_srash"},{"time":3.3333,"name":"sound_1","string":"cri_se_battle_sword_srash"},{"time":3.5333,"name":"sound_1","string":"cri_se_battle_sword_srash"},{"time":3.7333,"name":"sound_1","string":"cri_se_battle_sword_srash"},{"time":3.9333,"name":"sound_1","string":"cri_se_battle_sword_srash"},{"time":4.1333,"name":"sound_1","string":"cri_se_battle_sword_srash"},{"time":4.6,"name":"sound_2","string":"setHitSound(se_battle_swordslash_heavy)"},{"time":4.7,"name":"sound_1","string":"cri_se_battle_sword_srash_02"}]},"skill3-origin":{"slots":{"EF/5100_A1_wave1/5100_A1_wave1_1":{"attachment":[{"time":1.5666,"name":"EF/5100_A1_wave1/5100_A1_wave1_00001"},{"time":1.6,"name":"EF/5100_A1_wave1/5100_A1_wave1_00002"},{"time":1.6333,"name":"EF/5100_A1_wave1/5100_A1_wave1_00003"},{"time":1.6666,"name":"EF/5100_A1_wave1/5100_A1_wave1_00004"},{"time":1.7,"name":"EF/5100_A1_wave1/5100_A1_wave1_00005"},{"time":1.7333,"name":"EF/5100_A1_wave1/5100_A1_wave1_00006"},{"time":1.7666,"name":"EF/5100_A1_wave1/5100_A1_wave1_00007"},{"time":1.8,"name":"EF/5100_A1_wave1/5100_A1_wave1_00008"},{"time":1.8333,"name":"EF/5100_A1_wave1/5100_A1_wave1_00009"},{"time":1.8666,"name":"EF/5100_A1_wave1/5100_A1_wave1_00010"},{"time":1.9,"name":"EF/5100_A1_wave1/5100_A1_wave1_00011"},{"time":2.0666,"name":"EF/5100_A1_wave1/5100_A1_wave1_00001"},{"time":2.1,"name":"EF/5100_A1_wave1/5100_A1_wave1_00002"},{"time":2.1333,"name":"EF/5100_A1_wave1/5100_A1_wave1_00003"},{"time":2.1666,"name":"EF/5100_A1_wave1/5100_A1_wave1_00004"},{"time":2.2,"name":"EF/5100_A1_wave1/5100_A1_wave1_00005"},{"time":2.2333,"name":"EF/5100_A1_wave1/5100_A1_wave1_00006"},{"time":2.2666,"name":"EF/5100_A1_wave1/5100_A1_wave1_00007"},{"time":2.3,"name":"EF/5100_A1_wave1/5100_A1_wave1_00008"},{"time":2.3333,"name":"EF/5100_A1_wave1/5100_A1_wave1_00009"},{"time":2.3666,"name":"EF/5100_A1_wave1/5100_A1_wave1_00010"},{"time":2.4,"name":"EF/5100_A1_wave1/5100_A1_wave1_00011"}],"color":[{"time":1.5666,"color":"ffffffff","curve":"stepped"},{"time":1.9,"color":"ffffffff"},{"time":2,"color":"ffffff00","curve":"stepped"},{"time":2.0666,"color":"ffffffff","curve":"stepped"},{"time":2.4,"color":"ffffffff"},{"time":2.5,"color":"ffffff00"}]},"EF/5100_A1_wave1/5100_A1_wave1_00001":{"attachment":[{"time":1.4,"name":"EF/5100_A1_wave1/5100_A1_wave1_00001"},{"time":1.4333,"name":"EF/5100_A1_wave1/5100_A1_wave1_00002"},{"time":1.4666,"name":"EF/5100_A1_wave1/5100_A1_wave1_00003"},{"time":1.5,"name":"EF/5100_A1_wave1/5100_A1_wave1_00004"},{"time":1.5333,"name":"EF/5100_A1_wave1/5100_A1_wave1_00005"},{"time":1.5666,"name":"EF/5100_A1_wave1/5100_A1_wave1_00006"},{"time":1.6,"name":"EF/5100_A1_wave1/5100_A1_wave1_00007"},{"time":1.6333,"name":"EF/5100_A1_wave1/5100_A1_wave1_00008"},{"time":1.6666,"name":"EF/5100_A1_wave1/5100_A1_wave1_00009"},{"time":1.7,"name":"EF/5100_A1_wave1/5100_A1_wave1_00010"},{"time":1.7333,"name":"EF/5100_A1_wave1/5100_A1_wave1_00011"},{"time":1.9,"name":"EF/5100_A1_wave1/5100_A1_wave1_00001"},{"time":1.9333,"name":"EF/5100_A1_wave1/5100_A1_wave1_00002"},{"time":1.9666,"name":"EF/5100_A1_wave1/5100_A1_wave1_00003"},{"time":2,"name":"EF/5100_A1_wave1/5100_A1_wave1_00004"},{"time":2.0333,"name":"EF/5100_A1_wave1/5100_A1_wave1_00005"},{"time":2.0666,"name":"EF/5100_A1_wave1/5100_A1_wave1_00006"},{"time":2.1,"name":"EF/5100_A1_wave1/5100_A1_wave1_00007"},{"time":2.1333,"name":"EF/5100_A1_wave1/5100_A1_wave1_00008"},{"time":2.1666,"name":"EF/5100_A1_wave1/5100_A1_wave1_00009"},{"time":2.2,"name":"EF/5100_A1_wave1/5100_A1_wave1_00010"},{"time":2.2333,"name":"EF/5100_A1_wave1/5100_A1_wave1_00011"}],"color":[{"time":1.4,"color":"ffffffff","curve":"stepped"},{"time":1.7333,"color":"ffffffff"},{"time":1.8333,"color":"ffffff00","curve":"stepped"},{"time":1.9,"color":"ffffffff","curve":"stepped"},{"time":2.2333,"color":"ffffffff"},{"time":2.3333,"color":"ffffff00"}]},"EF/5100_A1_wave1/5100_A1_wave1_2":{"attachment":[{"time":1.7333,"name":"EF/5100_A1_wave1/5100_A1_wave1_00001"},{"time":1.7666,"name":"EF/5100_A1_wave1/5100_A1_wave1_00002"},{"time":1.8,"name":"EF/5100_A1_wave1/5100_A1_wave1_00003"},{"time":1.8333,"name":"EF/5100_A1_wave1/5100_A1_wave1_00004"},{"time":1.8666,"name":"EF/5100_A1_wave1/5100_A1_wave1_00005"},{"time":1.9,"name":"EF/5100_A1_wave1/5100_A1_wave1_00006"},{"time":1.9333,"name":"EF/5100_A1_wave1/5100_A1_wave1_00007"},{"time":1.9666,"name":"EF/5100_A1_wave1/5100_A1_wave1_00008"},{"time":2,"name":"EF/5100_A1_wave1/5100_A1_wave1_00009"},{"time":2.0333,"name":"EF/5100_A1_wave1/5100_A1_wave1_00010"},{"time":2.0666,"name":"EF/5100_A1_wave1/5100_A1_wave1_00011"}],"color":[{"time":1.7333,"color":"ffffffff","curve":"stepped"},{"time":2.0666,"color":"ffffffff"},{"time":2.1666,"color":"ffffff00"}]},"MAIN":{"attachment":[{"time":0,"name":"skill1_00"},{"time":0.1333,"name":"skill1_01"},{"time":0.2666,"name":"skill1_02"},{"time":0.4,"name":"skill1_03"},{"time":0.5333,"name":"skill1_04"},{"time":1.3333,"name":"skill1_05"},{"time":1.4,"name":"skill1_06"},{"time":1.4666,"name":"skill1_07"},{"time":1.5,"name":"skill1_08"},{"time":1.5333,"name":"skill1_09"},{"time":1.6,"name":"skill1_10"},{"time":1.6666,"name":"skill1_11"},{"time":1.7333,"name":"skill1_12"},{"time":1.8,"name":"skill1_13"}]}},"bones":{"MAIN":{"translate":[{"time":0,"x":0,"y":0,"curve":[0.25,0,0.75,1]},{"time":0.3333,"x":0,"y":3,"curve":[0.25,0,0.75,1]},{"time":0.6666,"x":0,"y":0,"curve":[0.25,0,0.75,1]},{"time":1,"x":0,"y":3,"curve":[0.25,0,0.75,1]},{"time":1.3333,"x":0,"y":0,"curve":[0.25,0,0.75,1]},{"time":1.4,"x":0,"y":3,"curve":[0.25,0,0.75,1]},{"time":1.7333,"x":0,"y":0,"curve":[0.25,0,0.75,1]},{"time":2.0666,"x":0,"y":3,"curve":[0.25,0,0.75,1]},{"time":2.4,"x":0,"y":0}]},"AS_wave2":{"translate":[{"time":1.5666,"x":-443.51,"y":165.7}],"scale":[{"time":1.5666,"x":1.6,"y":1.6,"curve":"stepped"},{"time":1.9,"x":1.6,"y":1.6},{"time":2,"x":1.8,"y":1.8,"curve":"stepped"},{"time":2.0666,"x":1.6,"y":1.6,"curve":"stepped"},{"time":2.4,"x":1.6,"y":1.6},{"time":2.5,"x":1.8,"y":1.8}]},"AS_wave1":{"translate":[{"time":1.4,"x":-443.09,"y":121.26}],"scale":[{"time":1.4,"x":1.6,"y":1.6,"curve":"stepped"},{"time":1.7,"x":1.6,"y":1.6},{"time":1.8333,"x":1.8,"y":1.8,"curve":"stepped"},{"time":1.9,"x":1.6,"y":1.6,"curve":"stepped"},{"time":2.2,"x":1.6,"y":1.6},{"time":2.3333,"x":1.8,"y":1.8}]},"AS_wave3":{"translate":[{"time":1.7333,"x":-442.9,"y":207.59}],"scale":[{"time":1.7333,"x":1.6,"y":1.6,"curve":"stepped"},{"time":2.0666,"x":1.6,"y":1.6},{"time":2.1666,"x":1.8,"y":1.8}]}},"events":[{"time":0.0666,"name":"sound_1","string":"cri_se_battle_charge_long"},{"time":1.4,"name":"sound_1"},{"time":1.4,"name":"sound_2","string":"cri_se_battle_magic_Invocation_dark"},{"time":1.5,"name":"Event","string":"runScript-addShot"},{"time":1.5666,"name":"sound_1","string":"cri_se_battle_charge_completion"},{"time":1.5666,"name":"sound_2","string":"cri_se_battle_magic_Invocation_dark"},{"time":1.6333,"name":"Event","string":"runScript-addShot"},{"time":1.7333,"name":"sound_1","string":"cri_se_battle_charge_completion"},{"time":1.7333,"name":"sound_2","string":"cri_se_battle_magic_Invocation_dark"},{"time":1.7666,"name":"Event","string":"runScript-addShot"},{"time":1.9,"name":"sound_1","string":"cri_se_battle_charge_completion"},{"time":1.9,"name":"sound_2","string":"cri_se_battle_magic_Invocation_dark"},{"time":1.9333,"name":"Event","string":"runScript-addShot"},{"time":2.0666,"name":"sound_1","string":"cri_se_battle_charge_completion"},{"time":2.0666,"name":"sound_2","string":"cri_se_battle_magic_Invocation_dark"},{"time":2.1,"name":"Event","string":"runScript-addShot"}]}}}