{"skeleton":{"hash":"Akyy0qFwx15BUqMfpmoQjTj/VX4","spine":"3.0.12","width":0,"height":0,"images":"./images/"},"bones":[{"name":"root"},{"name":"MAIN","parent":"root","y":70}],"slots":[{"name":"MAIN","bone":"MAIN","attachment":"idle_00"}],"skins":{"default":{"MAIN":{"idle_00":{"x":28,"y":100,"width":853,"height":634},"idle_01":{"x":28,"y":100,"width":853,"height":634},"idle_02":{"x":28,"y":100,"width":853,"height":634},"idle_03":{"x":28,"y":100,"width":853,"height":634},"idle_04":{"x":28,"y":100,"width":853,"height":634}}}},"events":{"Event":{},"Hit":{},"HitEffect":{},"Sound1":{},"Sound2":{},"Sound3":{},"View":{},"Voice":{}},"animations":{"idle":{"slots":{"MAIN":{"attachment":[{"time":0,"name":"idle_00"},{"time":0.1666,"name":"idle_01"},{"time":0.3333,"name":"idle_02"},{"time":0.5,"name":"idle_03"},{"time":0.6666,"name":"idle_04"},{"time":0.8333,"name":"idle_00"}]}}}}}