{"skeleton":{"hash":"ilqBSQnkceyhaYNptC7wL1vrbFQ","spine":"3.0.12","width":0,"height":0,"images":"./image2/"},"bones":[{"name":"root"},{"name":"MAIN","parent":"root","y":58.14},{"name":"SHADOW-OFFSET","parent":"MAIN","y":-58.14},{"name":"HITBOX","parent":"MAIN","y":-1.86,"scaleX":0.398,"scaleY":0.532},{"name":"F_MAIN","parent":"MAIN","y":85.68},{"name":"EF_dot","parent":"root","x":-137.94,"y":-2.15},{"name":"DAMAGEAREA","parent":"root"},{"name":"Afterimage_02","parent":"root","x":59.39,"y":-161.71,"color":"00ff2aff"},{"name":"F_MAIN4","parent":"Afterimage_02","y":85.68,"color":"00ff2aff"},{"name":"Afterimage_01","parent":"root","x":59.39,"y":-161.71,"color":"00ff2aff"},{"name":"F_MAIN3","parent":"Afterimage_01","y":85.68,"color":"00ff2aff"},{"name":"Afterimage_00","parent":"root","x":59.39,"y":-161.71,"color":"00ff2aff"},{"name":"F_MAIN2","parent":"Afterimage_00","y":85.68,"color":"00ff2aff"},{"name":"skill2_EF","parent":"root","x":288.54,"y":64.39},{"name":"wave_0","parent":"root","x":86.36,"y":-13.21},{"name":"wave_1","parent":"root","x":140.4,"y":-13.21},{"name":"weapon","parent":"MAIN","x":32.52,"y":5.83},{"name":"weapon2","parent":"Afterimage_00","x":32.52,"y":5.83,"color":"00ff2aff"},{"name":"weapon3","parent":"Afterimage_01","x":32.52,"y":5.83,"color":"00ff2aff"},{"name":"weapon4","parent":"Afterimage_02","x":32.52,"y":5.83,"color":"00ff2aff"}],"slots":[{"name":"grid/bg3","bone":"root"},{"name":"grid/grid","bone":"root"},{"name":"EF/wave/wave_00004","bone":"wave_0","blend":"additive"},{"name":"EF/wave/wave_4","bone":"wave_1","blend":"additive"},{"name":"weapon2","bone":"weapon2","blend":"additive"},{"name":"weapon3","bone":"weapon3","blend":"additive"},{"name":"weapon4","bone":"weapon4","blend":"additive"},{"name":"u_skill2_04","bone":"F_MAIN"},{"name":"skill2_EF_00","bone":"skill2_EF"},{"name":"MAIN","bone":"MAIN","attachment":"idle_00"},{"name":"Afterimage","bone":"Afterimage_00","blend":"additive"},{"name":"Afterimage2","bone":"Afterimage_01","blend":"additive"},{"name":"Afterimage3","bone":"Afterimage_02","blend":"additive"},{"name":"weapon","bone":"weapon","attachment":"weapon"},{"name":"f_hand","bone":"F_MAIN","attachment":"f_idle_00"},{"name":"f_idle_0","bone":"F_MAIN2"},{"name":"f_idle_1","bone":"F_MAIN3"},{"name":"f_idle_2","bone":"F_MAIN4"},{"name":"skill2_EF_01","bone":"skill2_EF"},{"name":"grid/idle_00","bone":"root"},{"name":"EF/Dot/sp_ef_1","bone":"EF_dot","blend":"additive"},{"name":"DAMAGEAREA","bone":"DAMAGEAREA"},{"name":"HITBOX","bone":"HITBOX","attachment":"HITBOX"}],"skins":{"default":{"Afterimage":{"attack_01":{"x":-3.56,"y":10.96,"scaleX":2,"scaleY":2,"width":183,"height":140},"attack_02":{"x":-3.56,"y":10.96,"scaleX":2,"scaleY":2,"width":183,"height":140},"attack_03":{"x":-3.56,"y":10.96,"scaleX":2,"scaleY":2,"width":183,"height":140},"front_00":{"x":-3.56,"y":10.96,"scaleX":2,"scaleY":2,"width":183,"height":140}},"Afterimage2":{"attack_01":{"x":-3.56,"y":10.96,"scaleX":2,"scaleY":2,"width":183,"height":140},"attack_02":{"x":-3.56,"y":10.96,"scaleX":2,"scaleY":2,"width":183,"height":140},"attack_03":{"x":-3.56,"y":10.96,"scaleX":2,"scaleY":2,"width":183,"height":140},"front_00":{"x":-3.56,"y":10.96,"scaleX":2,"scaleY":2,"width":183,"height":140}},"Afterimage3":{"attack_01":{"x":-3.56,"y":10.96,"scaleX":2,"scaleY":2,"width":183,"height":140},"attack_02":{"x":-3.56,"y":10.96,"scaleX":2,"scaleY":2,"width":183,"height":140},"attack_03":{"x":-3.56,"y":10.96,"scaleX":2,"scaleY":2,"width":183,"height":140},"front_00":{"x":-3.56,"y":10.96,"scaleX":2,"scaleY":2,"width":183,"height":140}},"DAMAGEAREA":{"DAMAGEAREA":{"type":"boundingbox","vertices":[-99.48582,-99.33168,97.99204,-100.28567,97.99204,97.19221,-99.48582,97.19221]}},"EF/Dot/sp_ef_1":{"EF/Dot/sp_ef_1":{"x":137.94,"y":2.15,"width":300,"height":160},"EF/Dot/sp_ef_2":{"x":137.94,"y":2.15,"width":300,"height":160},"EF/Dot/sp_ef_3":{"x":137.94,"y":2.15,"width":300,"height":160}},"EF/wave/wave_00004":{"EF/wave/wave_00004":{"x":0.46,"y":13.21,"width":300,"height":225},"EF/wave/wave_00005":{"x":0.46,"y":13.21,"width":300,"height":225},"EF/wave/wave_00006":{"x":0.46,"y":13.21,"width":300,"height":225},"EF/wave/wave_00007":{"x":0.46,"y":13.21,"width":300,"height":225},"EF/wave/wave_00008":{"x":0.46,"y":13.21,"width":300,"height":225},"EF/wave/wave_00009":{"x":0.46,"y":13.21,"width":300,"height":225},"EF/wave/wave_00010":{"x":0.46,"y":13.21,"width":300,"height":225},"EF/wave/wave_00011":{"x":0.46,"y":13.21,"width":300,"height":225},"EF/wave/wave_00013":{"x":0.46,"y":13.21,"width":300,"height":225}},"EF/wave/wave_4":{"EF/wave/wave_00004":{"x":0.46,"y":13.21,"width":300,"height":225},"EF/wave/wave_00005":{"x":0.46,"y":13.21,"width":300,"height":225},"EF/wave/wave_00006":{"x":0.46,"y":13.21,"width":300,"height":225},"EF/wave/wave_00007":{"x":0.46,"y":13.21,"width":300,"height":225},"EF/wave/wave_00008":{"x":0.46,"y":13.21,"width":300,"height":225},"EF/wave/wave_00009":{"x":0.46,"y":13.21,"width":300,"height":225},"EF/wave/wave_00010":{"x":0.46,"y":13.21,"width":300,"height":225},"EF/wave/wave_00011":{"x":0.46,"y":13.21,"width":300,"height":225},"EF/wave/wave_00013":{"x":0.46,"y":13.21,"width":300,"height":225}},"HITBOX":{"HITBOX":{"type":"boundingbox","vertices":[-99.0444,-99.73532,97.47952,-98.7813,97.47952,98.69662,-96.18237,98.6966]}},"MAIN":{"attack_00":{"x":-3.56,"y":10.96,"scaleX":2,"scaleY":2,"width":183,"height":140},"attack_01":{"x":-3.56,"y":10.96,"scaleX":2,"scaleY":2,"width":183,"height":140},"attack_02":{"x":-3.56,"y":10.96,"scaleX":2,"scaleY":2,"width":183,"height":140},"attack_03":{"x":-3.56,"y":10.96,"scaleX":2,"scaleY":2,"width":183,"height":140},"attack_04":{"x":-3.56,"y":10.96,"scaleX":2,"scaleY":2,"width":183,"height":140},"back_00":{"x":-3.56,"y":10.96,"scaleX":2,"scaleY":2,"width":183,"height":140},"damage_00":{"x":-3.56,"y":10.96,"scaleX":2,"scaleY":2,"width":183,"height":140},"front_00":{"x":-3.56,"y":10.96,"scaleX":2,"scaleY":2,"width":183,"height":140},"idle_00":{"x":-3.56,"y":10.96,"scaleX":2,"scaleY":2,"width":183,"height":140},"idle_01":{"x":-3.56,"y":10.96,"scaleX":2,"scaleY":2,"width":183,"height":140},"idle_02":{"x":-3.56,"y":10.96,"scaleX":2,"scaleY":2,"width":183,"height":140},"idle_03":{"x":-3.56,"y":10.96,"scaleX":2,"scaleY":2,"width":183,"height":140},"idle_04":{"x":-3.56,"y":10.96,"scaleX":2,"scaleY":2,"width":183,"height":140},"skill1_00":{"x":-3.56,"y":10.96,"scaleX":2,"scaleY":2,"width":183,"height":140},"skill2_00":{"x":-3.56,"y":10.96,"scaleX":2,"scaleY":2,"width":183,"height":140},"skill2_01":{"x":-3.56,"y":10.96,"scaleX":2,"scaleY":2,"width":183,"height":140},"skill2_02":{"x":-3.56,"y":10.96,"scaleX":2,"scaleY":2,"width":183,"height":140},"skill2_03":{"x":-3.56,"y":10.96,"scaleX":2,"scaleY":2,"width":183,"height":140},"skill2_04":{"x":-3.56,"y":10.96,"scaleX":2,"scaleY":2,"width":183,"height":140},"skill2_05":{"x":-3.56,"y":10.96,"scaleX":2,"scaleY":2,"width":183,"height":140}},"f_hand":{"f_attack_00":{"x":-3.56,"y":-74.72,"scaleX":2,"scaleY":2,"width":183,"height":140},"f_attack_01":{"x":-3.56,"y":-74.72,"scaleX":2,"scaleY":2,"width":183,"height":140},"f_attack_04":{"x":-3.56,"y":-74.72,"scaleX":2,"scaleY":2,"width":183,"height":140},"f_back_00":{"x":-3.56,"y":-74.72,"scaleX":2,"scaleY":2,"width":183,"height":140},"f_damage_00":{"x":-3.56,"y":-74.72,"scaleX":2,"scaleY":2,"width":183,"height":140},"f_front_00":{"x":-3.56,"y":-74.72,"scaleX":2,"scaleY":2,"width":183,"height":140},"f_idle_00":{"x":-3.56,"y":-74.72,"scaleX":2,"scaleY":2,"width":183,"height":140},"f_idle_01":{"x":-3.56,"y":-74.72,"scaleX":2,"scaleY":2,"width":183,"height":140},"f_idle_02":{"x":-3.56,"y":-74.72,"scaleX":2,"scaleY":2,"width":183,"height":140},"f_idle_03":{"x":-3.56,"y":-74.72,"scaleX":2,"scaleY":2,"width":183,"height":140},"f_idle_04":{"x":-3.56,"y":-74.72,"scaleX":2,"scaleY":2,"width":183,"height":140},"f_skill1_00":{"x":-3.56,"y":-74.72,"scaleX":2,"scaleY":2,"width":183,"height":140},"f_skill2_00":{"x":-3.56,"y":-74.72,"scaleX":2,"scaleY":2,"width":183,"height":140},"f_skill2_01":{"x":-3.56,"y":-74.72,"scaleX":2,"scaleY":2,"width":183,"height":140},"f_skill2_02":{"x":-3.56,"y":-74.72,"scaleX":2,"scaleY":2,"width":183,"height":140},"f_skill2_03":{"x":-3.56,"y":-74.72,"scaleX":2,"scaleY":2,"width":183,"height":140},"f_skill2_05":{"x":-3.56,"y":-74.72,"scaleX":2,"scaleY":2,"width":183,"height":140}},"f_idle_0":{"f_attack_00":{"x":-3.56,"y":-74.72,"scaleX":2,"scaleY":2,"width":183,"height":140},"f_attack_01":{"x":-3.56,"y":-74.72,"scaleX":2,"scaleY":2,"width":183,"height":140},"f_attack_04":{"x":-3.56,"y":-74.72,"scaleX":2,"scaleY":2,"width":183,"height":140},"f_front_00":{"x":-3.56,"y":-74.72,"scaleX":2,"scaleY":2,"width":183,"height":140}},"f_idle_1":{"f_attack_00":{"x":-3.56,"y":-74.72,"scaleX":2,"scaleY":2,"width":183,"height":140},"f_attack_01":{"x":-3.56,"y":-74.72,"scaleX":2,"scaleY":2,"width":183,"height":140},"f_attack_04":{"x":-3.56,"y":-74.72,"scaleX":2,"scaleY":2,"width":183,"height":140},"f_front_00":{"x":-3.56,"y":-74.72,"scaleX":2,"scaleY":2,"width":183,"height":140}},"f_idle_2":{"f_attack_00":{"x":-3.56,"y":-74.72,"scaleX":2,"scaleY":2,"width":183,"height":140},"f_attack_01":{"x":-3.56,"y":-74.72,"scaleX":2,"scaleY":2,"width":183,"height":140},"f_attack_04":{"x":-3.56,"y":-74.72,"scaleX":2,"scaleY":2,"width":183,"height":140},"f_front_00":{"x":-3.56,"y":-74.72,"scaleX":2,"scaleY":2,"width":183,"height":140}},"skill2_EF_00":{"skill2_EF_00":{"x":-28.44,"y":52.19,"scaleX":2,"scaleY":2,"width":136,"height":136}},"skill2_EF_01":{"skill2_EF_01":{"x":-28.44,"y":52.19,"scaleX":2,"scaleY":2,"width":136,"height":136}},"u_skill2_04":{"u_skill2_04":{"x":-3.56,"y":-74.72,"scaleX":2,"scaleY":2,"width":183,"height":140}},"weapon":{"weapon":{"x":-84.33,"y":-9.9,"scaleX":2,"scaleY":2,"width":240,"height":157}},"weapon2":{"weapon":{"x":-84.33,"y":-9.9,"scaleX":2,"scaleY":2,"width":240,"height":157}},"weapon3":{"weapon":{"x":-84.33,"y":-9.9,"scaleX":2,"scaleY":2,"width":240,"height":157}},"weapon4":{"weapon":{"x":-84.33,"y":-9.9,"scaleX":2,"scaleY":2,"width":240,"height":157}}}},"events":{"Event":{},"Hit":{},"Sound1":{},"Sound2":{},"Sound3":{},"Voice":{}},"animations":{"attack1":{"slots":{"DAMAGEAREA":{"attachment":[{"time":0.4333,"name":"DAMAGEAREA"},{"time":0.5,"name":null}]},"EF/Dot/sp_ef_1":{"attachment":[{"time":0.4333,"name":"EF/Dot/sp_ef_1"},{"time":0.4666,"name":"EF/Dot/sp_ef_2"},{"time":0.5,"name":"EF/Dot/sp_ef_3"},{"time":0.5333,"name":null}],"color":[{"time":0.4333,"color":"faff12ff"}]},"MAIN":{"attachment":[{"time":0,"name":"skill1_00"},{"time":0.1,"name":"attack_00"},{"time":0.2,"name":"attack_01"},{"time":0.4333,"name":"attack_02"},{"time":0.4666,"name":"attack_03"},{"time":1.0333,"name":"attack_04"},{"time":1.1,"name":"back_00"},{"time":1.3,"name":"idle_00"}]},"f_hand":{"attachment":[{"time":0,"name":"f_skill1_00"},{"time":0.1,"name":"f_attack_00"},{"time":0.2,"name":"f_attack_01"},{"time":0.4333,"name":null},{"time":1.0333,"name":"f_attack_04"},{"time":1.1,"name":"f_back_00"},{"time":1.3,"name":"f_idle_00"},{"time":1.7,"name":null}]}},"bones":{"MAIN":{"translate":[{"time":0.2,"x":-29.04,"y":0,"curve":[0.163,0.9,0.481,1]},{"time":0.8,"x":-87.82,"y":0,"curve":"stepped"},{"time":1.1,"x":-80.65,"y":0},{"time":1.2,"x":-42.81,"y":8.1},{"time":1.2666,"x":-17.58,"y":0,"curve":[0.214,0.6,0.75,1]},{"time":1.5666,"x":0,"y":0}],"scale":[{"time":0,"x":1,"y":1}]},"weapon":{"rotate":[{"time":0,"angle":12.76,"curve":"stepped"},{"time":0.1,"angle":0,"curve":"stepped"},{"time":1.0333,"angle":-7.17,"curve":"stepped"},{"time":1.1,"angle":-19.92,"curve":"stepped"},{"time":1.3,"angle":0}],"translate":[{"time":0,"x":-6.14,"y":-3.21,"curve":"stepped"},{"time":0.1,"x":-19.61,"y":-8.4,"curve":"stepped"},{"time":0.2,"x":-4.43,"y":1.57,"curve":"stepped"},{"time":0.4333,"x":-79.5,"y":8.08,"curve":"stepped"},{"time":0.4666,"x":-95.72,"y":2.87,"curve":"stepped"},{"time":1.0333,"x":-20.91,"y":8.08,"curve":"stepped"},{"time":1.1,"x":0.35,"y":1.57,"curve":"stepped"},{"time":1.3,"x":0,"y":0}]},"F_MAIN":{"translate":[{"time":1.1,"x":-5.2,"y":0,"curve":"stepped"},{"time":1.3,"x":-3.9,"y":0}]},"EF_dot":{"translate":[{"time":0.4333,"x":-211.4,"y":72.25}],"scale":[{"time":0.4333,"x":1.413,"y":1.413}]},"DAMAGEAREA":{"translate":[{"time":0.4333,"x":-198.31,"y":34.18}],"scale":[{"time":0.4333,"x":1.604,"y":0.382}]}},"drawOrder":[{"time":0.4333,"offsets":[{"slot":"MAIN","offset":4}]},{"time":1.0333}],"events":[{"time":0,"name":"Event","float":0.1,"string":"setHitStopType-normal"},{"time":0.2,"name":"Sound1","string":"cri_se_battle_jump"},{"time":0.3666,"name":"Sound1","string":"cri_se_battle_sword_swish_heavy"},{"time":0.4333,"name":"Sound2","string":"setHitSound(se_battle_thrustviolently)"},{"time":0.4333,"name":"Voice","string":"cri_140_voice_attack_random"},{"time":1.1,"name":"Sound1","string":"cri_se_battle_jump"},{"time":1.3,"name":"Sound1","string":"cri_se_battle_landing"}]},"back":{"slots":{"MAIN":{"attachment":[{"time":0,"name":"back_00"},{"time":0.2333,"name":"idle_00"},{"time":0.3333,"name":"idle_01"}]},"f_hand":{"attachment":[{"time":0,"name":"f_back_00"},{"time":0.2333,"name":"f_idle_00"},{"time":0.6666,"name":"f_idle_00"}]}},"bones":{"MAIN":{"translate":[{"time":0,"x":0,"y":0},{"time":0.1333,"x":101.98,"y":20.87},{"time":0.2,"x":126.92,"y":10.43},{"time":0.2666,"x":135,"y":0,"curve":[0.177,0.65,0.75,1]},{"time":0.4666,"x":140,"y":0}]},"weapon":{"rotate":[{"time":0,"angle":-19.92,"curve":"stepped"},{"time":0.2333,"angle":0}],"translate":[{"time":0,"x":0.35,"y":1.57,"curve":"stepped"},{"time":0.2333,"x":0,"y":0}]}},"events":[{"time":0,"name":"Sound1","string":"cri_se_battle_jump"},{"time":0.2333,"name":"Sound1","string":"cri_se_battle_jump"}]},"cast":{"slots":{"MAIN":{"attachment":[{"time":0,"name":"idle_00"},{"time":0.4666,"name":"attack_02"},{"time":0.5,"name":"attack_03"},{"time":0.6666,"name":"attack_04"},{"time":0.8,"name":"idle_00"}]},"f_hand":{"attachment":[{"time":0,"name":"f_idle_00"},{"time":0.4666,"name":null},{"time":0.6666,"name":"f_attack_04"},{"time":0.8,"name":"f_idle_00"},{"time":1,"name":null}]}},"bones":{"MAIN":{"translate":[{"time":0,"x":0,"y":0}],"scale":[{"time":0,"x":1,"y":1}]},"weapon":{"rotate":[{"time":0,"angle":0,"curve":"stepped"},{"time":0.6666,"angle":-7.17,"curve":"stepped"},{"time":0.8,"angle":0}],"translate":[{"time":0,"x":0,"y":0,"curve":"stepped"},{"time":0.4666,"x":-79.5,"y":8.08,"curve":"stepped"},{"time":0.5,"x":-95.72,"y":2.87,"curve":"stepped"},{"time":0.6666,"x":-20.91,"y":8.08,"curve":"stepped"},{"time":0.8,"x":0,"y":0}],"scale":[{"time":0,"x":1,"y":1}]}},"drawOrder":[{"time":0.4666,"offsets":[{"slot":"MAIN","offset":4}]},{"time":0.6666}],"events":[{"time":0.4666,"name":"Voice","string":"cri_140_voice_item"}]},"damage":{"slots":{"MAIN":{"attachment":[{"time":0,"name":"damage_00"}]},"f_hand":{"attachment":[{"time":0,"name":"f_damage_00"}]}},"bones":{"weapon":{"rotate":[{"time":0,"angle":12.92}],"translate":[{"time":0,"x":1.21,"y":-11.77}]}}},"front":{"slots":{"MAIN":{"attachment":[{"time":0,"name":"front_00"}]},"f_hand":{"attachment":[{"time":0,"name":"f_front_00"}]}},"bones":{"weapon":{"rotate":[{"time":0,"angle":10}],"translate":[{"time":0,"x":-11.3,"y":-4.62}]}}},"idle":{"slots":{"MAIN":{"attachment":[{"time":0,"name":"idle_00"},{"time":0.2,"name":"idle_01"},{"time":0.4,"name":"idle_02"},{"time":0.6,"name":"idle_03"},{"time":0.8,"name":"idle_04"},{"time":1,"name":"idle_01"}]},"f_hand":{"attachment":[{"time":0,"name":"f_idle_00"},{"time":0.2,"name":"f_idle_01"},{"time":0.4,"name":"f_idle_02"},{"time":0.6,"name":"f_idle_03"},{"time":0.8,"name":"f_idle_04"},{"time":1,"name":"f_idle_00"}]}},"bones":{"MAIN":{"translate":[{"time":0,"x":0,"y":0}]},"weapon":{"rotate":[{"time":0,"angle":0}],"translate":[{"time":0,"x":0,"y":0,"curve":"stepped"},{"time":0.2,"x":0,"y":-1.4,"curve":"stepped"},{"time":0.4,"x":0,"y":-5.13,"curve":"stepped"},{"time":0.6,"x":0,"y":-7.93,"curve":"stepped"},{"time":0.8,"x":0,"y":-4.2,"curve":"stepped"},{"time":1,"x":0,"y":0}],"scale":[{"time":0,"x":1,"y":1}]}}},"skill1":{"slots":{"Afterimage":{"attachment":[{"time":0.2,"name":"attack_02"},{"time":0.4333,"name":"attack_02"},{"time":1.2333,"name":"attack_02"}],"color":[{"time":0.2,"color":"fffc00c6"},{"time":0.4,"color":"fffc0000","curve":"stepped"},{"time":0.4333,"color":"fffc00c6"},{"time":0.6333,"color":"fffc0000","curve":"stepped"},{"time":0.6666,"color":"fffc00c6"},{"time":0.8666,"color":"fffc0000","curve":"stepped"},{"time":1.2333,"color":"fffc00c6"},{"time":1.4333,"color":"fffc0000"}]},"Afterimage2":{"attachment":[{"time":0.2666,"name":"attack_02"},{"time":0.5,"name":"attack_02"},{"time":0.7333,"name":"attack_02"},{"time":1.3,"name":"attack_02"}],"color":[{"time":0.2666,"color":"fdff00ff"},{"time":0.4666,"color":"fdff0000","curve":"stepped"},{"time":0.5,"color":"fdff00ff"},{"time":0.7,"color":"fdff0000","curve":"stepped"},{"time":0.7333,"color":"fdff00ff"},{"time":0.9333,"color":"fdff0000","curve":"stepped"},{"time":1.3,"color":"fdff00ff"},{"time":1.5,"color":"fdff0000"}]},"Afterimage3":{"attachment":[{"time":0.2333,"name":"attack_02"},{"time":0.4666,"name":"attack_02"},{"time":0.7,"name":"attack_02"},{"time":1.2666,"name":"attack_02"}],"color":[{"time":0.2333,"color":"fffc009b"},{"time":0.4333,"color":"fffc0000","curve":"stepped"},{"time":0.4666,"color":"fffc009b"},{"time":0.6666,"color":"fffc0000","curve":"stepped"},{"time":0.7,"color":"fffc009b"},{"time":0.9,"color":"fffc0000","curve":"stepped"},{"time":1.2666,"color":"fffc009b"},{"time":1.4666,"color":"fffc0000"}]},"DAMAGEAREA":{"attachment":[{"time":0.1666,"name":"DAMAGEAREA"},{"time":0.8666,"name":null},{"time":1.2333,"name":"DAMAGEAREA"},{"time":1.3666,"name":null}]},"EF/wave/wave_00004":{"attachment":[{"time":0.1666,"name":"EF/wave/wave_00004"},{"time":0.2,"name":"EF/wave/wave_00005"},{"time":0.2333,"name":"EF/wave/wave_00006"},{"time":0.2666,"name":"EF/wave/wave_00007"},{"time":0.3,"name":"EF/wave/wave_00008"},{"time":0.3333,"name":"EF/wave/wave_00009"},{"time":0.3666,"name":"EF/wave/wave_00010"},{"time":0.4,"name":"EF/wave/wave_00011"},{"time":0.4333,"name":"EF/wave/wave_00013"},{"time":0.4666,"name":null},{"time":0.6333,"name":"EF/wave/wave_00004"},{"time":0.6666,"name":"EF/wave/wave_00005"},{"time":0.7,"name":"EF/wave/wave_00006"},{"time":0.7333,"name":"EF/wave/wave_00007"},{"time":0.7666,"name":"EF/wave/wave_00008"},{"time":0.8,"name":"EF/wave/wave_00009"},{"time":0.8333,"name":"EF/wave/wave_00010"},{"time":0.8666,"name":"EF/wave/wave_00011"},{"time":0.9,"name":"EF/wave/wave_00013"},{"time":0.9333,"name":null}]},"EF/wave/wave_4":{"attachment":[{"time":0.4,"name":"EF/wave/wave_00004"},{"time":0.4333,"name":"EF/wave/wave_00005"},{"time":0.4666,"name":"EF/wave/wave_00006"},{"time":0.5,"name":"EF/wave/wave_00007"},{"time":0.5333,"name":"EF/wave/wave_00008"},{"time":0.5666,"name":"EF/wave/wave_00009"},{"time":0.6,"name":"EF/wave/wave_00010"},{"time":0.6333,"name":"EF/wave/wave_00011"},{"time":0.6666,"name":"EF/wave/wave_00013"},{"time":0.7,"name":null},{"time":1.2,"name":"EF/wave/wave_00004"},{"time":1.2333,"name":"EF/wave/wave_00005"},{"time":1.2666,"name":"EF/wave/wave_00006"},{"time":1.3,"name":"EF/wave/wave_00007"},{"time":1.3333,"name":"EF/wave/wave_00008"},{"time":1.3666,"name":"EF/wave/wave_00009"},{"time":1.4,"name":"EF/wave/wave_00010"},{"time":1.4333,"name":"EF/wave/wave_00011"},{"time":1.4666,"name":"EF/wave/wave_00013"},{"time":1.5,"name":null}]},"MAIN":{"attachment":[{"time":0,"name":"skill1_00"},{"time":0.1,"name":"skill2_00"},{"time":0.1666,"name":"attack_01"},{"time":0.2,"name":"attack_02"},{"time":0.3333,"name":"skill1_00"},{"time":0.4,"name":"attack_01"},{"time":0.4333,"name":"attack_02"},{"time":0.6,"name":"skill1_00"},{"time":0.6333,"name":"attack_01"},{"time":0.6666,"name":"attack_02"},{"time":0.8333,"name":"skill1_00"},{"time":0.9,"name":"skill2_00"},{"time":1.2,"name":"attack_01"},{"time":1.2333,"name":"attack_02"},{"time":1.4,"name":"skill1_00"},{"time":1.7,"name":"idle_01"}]},"f_hand":{"attachment":[{"time":0,"name":"f_skill1_00"},{"time":0.1,"name":"f_skill2_00"},{"time":0.1666,"name":"f_attack_01"},{"time":0.2,"name":null},{"time":0.3333,"name":"f_skill1_00"},{"time":0.4,"name":"f_attack_01"},{"time":0.4333,"name":null},{"time":0.6,"name":"f_skill1_00"},{"time":0.6333,"name":"f_attack_01"},{"time":0.6666,"name":null},{"time":0.8333,"name":"f_skill1_00"},{"time":0.9,"name":"f_skill2_00"},{"time":1.2,"name":"f_attack_01"},{"time":1.2333,"name":null},{"time":1.4,"name":"f_skill1_00"},{"time":1.7,"name":"f_idle_00"}]},"f_idle_0":{"attachment":[{"time":0.2,"name":null}]},"weapon2":{"attachment":[{"time":0.2,"name":"weapon"},{"time":0.4333,"name":"weapon"},{"time":0.6666,"name":"weapon"},{"time":1.2333,"name":"weapon"}],"color":[{"time":0.2,"color":"fffc00c6"},{"time":0.4,"color":"fffc0000","curve":"stepped"},{"time":0.4333,"color":"fffc00c6"},{"time":0.6333,"color":"fffc0000","curve":"stepped"},{"time":0.6666,"color":"fffc00c6"},{"time":0.8666,"color":"fffc0000","curve":"stepped"},{"time":1.2333,"color":"fffc00c6"},{"time":1.4333,"color":"fffc0000"}]},"weapon3":{"attachment":[{"time":0.2666,"name":"weapon"},{"time":0.5,"name":"weapon"},{"time":0.7333,"name":"weapon"},{"time":1.3,"name":"weapon"}],"color":[{"time":0.2666,"color":"fdff00ff"},{"time":0.4666,"color":"fdff0000","curve":"stepped"},{"time":0.5,"color":"fdff00ff"},{"time":0.7,"color":"fdff0000","curve":"stepped"},{"time":0.7333,"color":"fdff00ff"},{"time":0.9333,"color":"fdff0000","curve":"stepped"},{"time":1.3,"color":"fdff00ff"},{"time":1.5,"color":"fdff0000"}]},"weapon4":{"attachment":[{"time":0.2333,"name":"weapon"},{"time":0.4666,"name":"weapon"},{"time":0.7,"name":"weapon"},{"time":1.2666,"name":"weapon"}],"color":[{"time":0.2333,"color":"fffc009b"},{"time":0.4333,"color":"fffc0000","curve":"stepped"},{"time":0.4666,"color":"fffc009b"},{"time":0.6666,"color":"fffc0000","curve":"stepped"},{"time":0.7,"color":"fffc009b"},{"time":0.9,"color":"fffc0000","curve":"stepped"},{"time":1.2666,"color":"fffc009b"},{"time":1.4666,"color":"fffc0000"}]}},"bones":{"MAIN":{"translate":[{"time":0,"x":0,"y":0,"curve":"stepped"},{"time":0.1,"x":0,"y":-4.45,"curve":"stepped"},{"time":0.1666,"x":0,"y":0,"curve":"stepped"},{"time":0.2,"x":-433.7,"y":0,"curve":[0.19,0.96,0.602,1]},{"time":0.3666,"x":-551.28,"y":0,"curve":"stepped"},{"time":0.4,"x":-494.93,"y":0,"curve":"stepped"},{"time":0.4333,"x":-78.59,"y":0,"curve":[0.218,0.98,0.62,1]},{"time":0.6333,"x":0,"y":0,"curve":"stepped"},{"time":0.6666,"x":-465.11,"y":0,"curve":[0.19,0.96,0.602,1]},{"time":1.0666,"x":-551.28,"y":0,"curve":"stepped"},{"time":1.2,"x":-494.93,"y":0,"curve":"stepped"},{"time":1.2333,"x":-76.47,"y":0,"curve":[0.25,0.98,0.634,1]},{"time":1.7333,"x":0,"y":0}],"scale":[{"time":0,"x":1,"y":1,"curve":"stepped"},{"time":0.3333,"x":-1,"y":1,"curve":"stepped"},{"time":0.4,"x":-1,"y":1,"curve":"stepped"},{"time":0.6,"x":1,"y":1,"curve":"stepped"},{"time":0.8333,"x":-1,"y":1,"curve":"stepped"},{"time":1.2,"x":-1,"y":1,"curve":"stepped"},{"time":1.4,"x":1,"y":1}]},"weapon":{"rotate":[{"time":0,"angle":3.9,"curve":"stepped"},{"time":0.1,"angle":15.41,"curve":"stepped"},{"time":0.1666,"angle":0,"curve":"stepped"},{"time":0.3333,"angle":9.52,"curve":"stepped"},{"time":0.4,"angle":0,"curve":"stepped"},{"time":0.6,"angle":9.52,"curve":"stepped"},{"time":0.6333,"angle":0,"curve":"stepped"},{"time":0.8333,"angle":3.9,"curve":"stepped"},{"time":0.9,"angle":15.41,"curve":"stepped"},{"time":1.2,"angle":0,"curve":"stepped"},{"time":1.4,"angle":9.52,"curve":"stepped"},{"time":1.7,"angle":0}],"translate":[{"time":0,"x":-4.17,"y":-3.36,"curve":"stepped"},{"time":0.1,"x":5.51,"y":-3.09,"curve":"stepped"},{"time":0.1666,"x":-30.89,"y":1.57,"curve":"stepped"},{"time":0.2,"x":-79.5,"y":8.08,"curve":"stepped"},{"time":0.3333,"x":-4.17,"y":-3.36,"curve":"stepped"},{"time":0.4,"x":-30.89,"y":1.57,"curve":"stepped"},{"time":0.4333,"x":-79.5,"y":8.08,"curve":"stepped"},{"time":0.6,"x":-4.17,"y":-3.36,"curve":"stepped"},{"time":0.6333,"x":-30.89,"y":1.57,"curve":"stepped"},{"time":0.6666,"x":-79.5,"y":8.08,"curve":"stepped"},{"time":0.8333,"x":-4.17,"y":-3.36,"curve":"stepped"},{"time":0.9,"x":5.51,"y":-3.09,"curve":"stepped"},{"time":1.2,"x":-30.89,"y":1.57,"curve":"stepped"},{"time":1.2333,"x":-79.5,"y":8.08,"curve":"stepped"},{"time":1.4,"x":-4.17,"y":-3.36,"curve":"stepped"},{"time":1.7,"x":0,"y":0,"curve":"stepped"},{"time":1.7666,"x":0,"y":0}],"scale":[{"time":1.7,"x":1,"y":1}]},"Afterimage_00":{"translate":[{"time":0.2,"x":-150.22,"y":220.84,"curve":[0.159,0.75,0.75,1]},{"time":0.4,"x":-203.19,"y":220.84,"curve":"stepped"},{"time":0.4333,"x":-424.46,"y":220.84,"curve":[0.159,0.75,0.75,1]},{"time":0.6333,"x":-373.85,"y":220.84,"curve":"stepped"},{"time":0.6666,"x":-150.22,"y":220.84,"curve":[0.159,0.75,0.75,1]},{"time":0.8666,"x":-203.19,"y":220.84,"curve":"stepped"},{"time":1.2333,"x":-544.9,"y":220.84,"curve":[0.264,0.74,0.765,1]},{"time":1.4333,"x":-407.99,"y":220.84}],"scale":[{"time":0.1666,"x":1,"y":1,"curve":"stepped"},{"time":0.4333,"x":-1,"y":1,"curve":"stepped"},{"time":0.6333,"x":1,"y":1,"curve":"stepped"},{"time":1.2333,"x":-1,"y":1,"curve":"stepped"},{"time":1.4333,"x":1,"y":1}]},"weapon2":{"translate":[{"time":0.2,"x":-83.45,"y":7.7,"curve":"stepped"},{"time":0.4333,"x":-83.45,"y":7.7,"curve":"stepped"},{"time":0.6666,"x":-83.45,"y":7.7,"curve":"stepped"},{"time":1.2333,"x":-83.45,"y":7.7}]},"Afterimage_02":{"translate":[{"time":0.2333,"x":-272.88,"y":218.86,"curve":[0.159,0.75,0.75,1]},{"time":0.4333,"x":-351.74,"y":218.86,"curve":"stepped"},{"time":0.4666,"x":-379.99,"y":218.86,"curve":[0.159,0.75,0.75,1]},{"time":0.6666,"x":-239.93,"y":218.86,"curve":"stepped"},{"time":0.7,"x":-272.88,"y":218.86,"curve":[0.159,0.75,0.75,1]},{"time":0.9,"x":-351.74,"y":218.86,"curve":"stepped"},{"time":1.2666,"x":-449.43,"y":218.86,"curve":[0.159,0.75,0.75,1]},{"time":1.4666,"x":-268.18,"y":218.86}],"scale":[{"time":0.1666,"x":1,"y":1,"curve":"stepped"},{"time":0.4666,"x":-1,"y":1,"curve":"stepped"},{"time":0.7,"x":1,"y":1,"curve":"stepped"},{"time":1.2666,"x":-1,"y":1}]},"weapon4":{"translate":[{"time":0.2333,"x":-81.89,"y":8.77,"curve":"stepped"},{"time":0.4666,"x":-81.89,"y":8.77,"curve":"stepped"},{"time":0.7,"x":-81.89,"y":8.77,"curve":"stepped"},{"time":1.2666,"x":-81.89,"y":8.77}]},"weapon3":{"translate":[{"time":0.2666,"x":-77.68,"y":8.23,"curve":"stepped"},{"time":0.5,"x":-77.68,"y":8.23,"curve":"stepped"},{"time":0.7333,"x":-77.68,"y":8.23,"curve":"stepped"},{"time":1.3,"x":-77.68,"y":8.23}]},"Afterimage_01":{"translate":[{"time":0.2666,"x":-377.81,"y":215.39,"curve":[0.12,0.75,0.75,1]},{"time":0.4666,"x":-496.69,"y":215.39,"curve":"stepped"},{"time":0.5,"x":-260.11,"y":215.39,"curve":[0.12,0.75,0.75,1]},{"time":0.7,"x":-80.03,"y":215.39,"curve":"stepped"},{"time":0.7333,"x":-377.81,"y":215.39,"curve":[0.12,0.75,0.75,1]},{"time":0.9333,"x":-496.69,"y":215.39,"curve":"stepped"},{"time":1.3,"x":-260.11,"y":215.39,"curve":[0.12,0.75,0.75,1]},{"time":1.5,"x":-163.6,"y":215.39}],"scale":[{"time":0.1666,"x":1,"y":1,"curve":"stepped"},{"time":0.5,"x":-1,"y":1,"curve":"stepped"},{"time":0.7,"x":1,"y":1,"curve":"stepped"},{"time":1.3,"x":-1,"y":1,"curve":"stepped"},{"time":1.5,"x":1,"y":1}]},"wave_0":{"translate":[{"time":0.1666,"x":-86.29,"y":11.42,"curve":"stepped"},{"time":0.6333,"x":-86.29,"y":11.42}],"scale":[{"time":0.1666,"x":2.381,"y":2.381,"curve":"stepped"},{"time":0.6333,"x":2.381,"y":2.381}]},"wave_1":{"translate":[{"time":0.4,"x":-653.8,"y":14.5,"curve":"stepped"},{"time":1.2,"x":-653.8,"y":14.5}],"scale":[{"time":0.4,"x":2.381,"y":2.381,"curve":"stepped"},{"time":1.2,"x":2.381,"y":2.381}]},"DAMAGEAREA":{"translate":[{"time":0.1666,"x":-114.53,"y":80.69,"curve":"stepped"},{"time":0.2,"x":-317.56,"y":80.69,"curve":"stepped"},{"time":1.2333,"x":-179.6,"y":80.69}],"scale":[{"time":0.1666,"x":2.379,"y":1},{"time":0.2,"x":4.609,"y":1}]}},"drawOrder":[{"time":0.2,"offsets":[{"slot":"MAIN","offset":4}]},{"time":0.3333},{"time":0.4333,"offsets":[{"slot":"MAIN","offset":4}]},{"time":0.6},{"time":0.6666,"offsets":[{"slot":"MAIN","offset":4}]},{"time":0.8333},{"time":1.2333,"offsets":[{"slot":"MAIN","offset":4}]},{"time":1.4}],"events":[{"time":0,"name":"Event","float":0.1,"string":"kHitStopType-normal"},{"time":0.0333,"name":"Event","string":"ignoreBorder-true"},{"time":0.1333,"name":"Event","string":"setHitBackEnemy(20,0)"},{"time":0.1333,"name":"Sound1","string":"cri_se_battle_skill_shot"},{"time":0.1333,"name":"Sound3","string":"cri_se_battle_arrow_light_effect"},{"time":0.1666,"name":"Event","string":"shakeGround"},{"time":0.1666,"name":"Sound2","string":"setHitSound(se_battle_thrustviolently)"},{"time":0.1666,"name":"Voice","string":"cri_140_voice_skill_all"},{"time":0.2333,"name":"Hit","string":"resetHitList"},{"time":0.3,"name":"Hit","string":"resetHitList"},{"time":0.4,"name":"Event","string":"setHitBackEnemy(-20,0)"},{"time":0.4,"name":"Sound1","string":"cri_se_battle_skill_shot"},{"time":0.4,"name":"Sound3","string":"cri_se_battle_arrow_light_effect"},{"time":0.4333,"name":"Event","string":"shakeGround"},{"time":0.4333,"name":"Hit","string":"resetHitList"},{"time":0.5,"name":"Hit","string":"resetHitList"},{"time":0.6,"name":"Sound1","string":"cri_se_battle_skill_shot"},{"time":0.6,"name":"Sound3","string":"cri_se_battle_arrow_light_effect"},{"time":0.6333,"name":"Event","string":"setHitBackEnemy(20,0)"},{"time":0.6666,"name":"Event","string":"shakeGround"},{"time":0.6666,"name":"Hit","string":"resetHitList"},{"time":0.7333,"name":"Hit","string":"resetHitList"},{"time":1.1,"name":"Event","string":"setHitBackEnemy(-30,0)"},{"time":1.1666,"name":"Event","string":"setForceImpact(1)"},{"time":1.1666,"name":"Sound1","string":"cri_se_battle_skill_shot"},{"time":1.1666,"name":"Sound3","string":"cri_se_battle_036_explosion_element_04"},{"time":1.2,"name":"Event","string":"shakeGround"},{"time":1.2333,"name":"Hit","string":"resetHitList"},{"time":1.2666,"name":"Event","int":300,"string":"kImpactType_pull"},{"time":1.3,"name":"Event","float":0.25,"string":"kHitStopType-normal"},{"time":1.3,"name":"Hit","string":"resetHitList"},{"time":1.4,"name":"Sound1","string":"cri_se_battle_landing"}]},"skill2":{"slots":{"DAMAGEAREA":{"attachment":[{"time":1.3666,"name":"DAMAGEAREA"},{"time":1.4666,"name":null},{"time":2.1,"name":"DAMAGEAREA"},{"time":2.2,"name":null},{"time":2.7,"name":"DAMAGEAREA"},{"time":2.8,"name":null},{"time":3.2,"name":"DAMAGEAREA"},{"time":4.2,"name":null}]},"MAIN":{"attachment":[{"time":0,"name":"skill2_00"},{"time":0.2666,"name":"skill2_01"},{"time":0.4333,"name":"skill2_02"},{"time":0.5333,"name":"skill2_03"},{"time":0.8,"name":null},{"time":1.2666,"name":"skill2_04"},{"time":1.3666,"name":null},{"time":2,"name":"skill2_03"},{"time":2.1,"name":null},{"time":2.6,"name":"skill2_04"},{"time":2.7,"name":null},{"time":3.1,"name":"skill2_03"},{"time":3.2,"name":null},{"time":3.4333,"name":"skill2_04"},{"time":3.5333,"name":null},{"time":3.7666,"name":"skill2_03"},{"time":3.8666,"name":null},{"time":4.0333,"name":"skill2_04"},{"time":4.1333,"name":null},{"time":4.8333,"name":"skill2_04"},{"time":5.1,"name":"skill2_05"},{"time":5.3333,"name":"skill1_00"},{"time":5.4,"name":"skill2_00"},{"time":5.7,"name":"skill1_00"},{"time":5.8,"name":"idle_00"},{"time":6.2333,"name":"f_idle_00"}]},"f_hand":{"attachment":[{"time":0,"name":"f_skill2_00"},{"time":0.2666,"name":"f_skill2_01"},{"time":0.4333,"name":"f_skill2_02"},{"time":0.5333,"name":"f_skill2_03"},{"time":0.8,"name":null},{"time":1.2666,"name":null},{"time":2.6,"name":null},{"time":5.1,"name":"f_skill2_05"},{"time":5.3333,"name":"f_skill1_00"},{"time":5.4,"name":"f_skill2_00"},{"time":5.7,"name":"f_skill1_00"},{"time":5.8,"name":"f_idle_00"}]},"skill2_EF_00":{"attachment":[{"time":0.4,"name":"skill2_EF_00"},{"time":0.8,"name":null},{"time":1.2666,"name":"skill2_EF_00"},{"time":1.3666,"name":null},{"time":2,"name":"skill2_EF_00"},{"time":2.1,"name":null},{"time":2.6,"name":"skill2_EF_00"},{"time":2.7,"name":null},{"time":3.1,"name":"skill2_EF_00"},{"time":3.2,"name":null},{"time":3.4333,"name":"skill2_EF_00"},{"time":3.5333,"name":null},{"time":3.7666,"name":"skill2_EF_00"},{"time":3.8666,"name":null},{"time":4.0333,"name":"skill2_EF_00"},{"time":4.1333,"name":null},{"time":4.8333,"name":"skill2_EF_00"},{"time":5.3666,"name":null}]},"skill2_EF_01":{"attachment":[{"time":0.4,"name":"skill2_EF_01"},{"time":0.8,"name":null},{"time":1.2666,"name":"skill2_EF_01"},{"time":1.3666,"name":null},{"time":2,"name":"skill2_EF_01"},{"time":2.1,"name":null},{"time":2.6,"name":"skill2_EF_01"},{"time":2.7,"name":null},{"time":3.1,"name":"skill2_EF_01"},{"time":3.2,"name":null},{"time":3.4333,"name":"skill2_EF_01"},{"time":3.5333,"name":null},{"time":3.7666,"name":"skill2_EF_01"},{"time":3.8666,"name":null},{"time":4.0333,"name":"skill2_EF_01"},{"time":4.1333,"name":null},{"time":4.8333,"name":"skill2_EF_01"},{"time":5.3666,"name":null}]},"u_skill2_04":{"attachment":[{"time":1.2666,"name":"u_skill2_04"},{"time":1.3666,"name":null},{"time":2.6,"name":"u_skill2_04"},{"time":2.7,"name":null}]},"weapon":{"attachment":[{"time":0.8,"name":null},{"time":1.2666,"name":"weapon"},{"time":1.3666,"name":null},{"time":2,"name":"weapon"},{"time":2.1,"name":null},{"time":2.6,"name":"weapon"},{"time":2.7,"name":null},{"time":3.1,"name":"weapon"},{"time":3.2,"name":null},{"time":3.4333,"name":"weapon"},{"time":3.5333,"name":null},{"time":3.7666,"name":"weapon"},{"time":3.8666,"name":null},{"time":4.0333,"name":"weapon"},{"time":4.1333,"name":null},{"time":4.8333,"name":"weapon"}]}},"bones":{"MAIN":{"translate":[{"time":0.2666,"x":-6.83,"y":23.05,"curve":[0.157,0.63,0.694,0.94]},{"time":0.5666,"x":-169.73,"y":233.34},{"time":0.6,"x":-26.56,"y":204.35,"curve":[0.187,0.55,0.488,1]},{"time":0.8,"x":628.97,"y":749.45,"curve":"stepped"},{"time":1.2666,"x":825.86,"y":247.32},{"time":1.3666,"x":-982.23,"y":-115.76,"curve":"stepped"},{"time":1.4333,"x":-1533.07,"y":1130.8,"curve":"stepped"},{"time":2,"x":-982.23,"y":221.08},{"time":2.1,"x":822.43,"y":-70.36,"curve":"stepped"},{"time":2.6,"x":825.86,"y":247.32},{"time":2.7,"x":-982.23,"y":-115.76,"curve":"stepped"},{"time":2.7333,"x":-1533.07,"y":1130.8,"curve":"stepped"},{"time":3.0666,"x":-982.23,"y":221.08,"curve":"stepped"},{"time":3.1,"x":-982.23,"y":221.08},{"time":3.2,"x":822.43,"y":-70.36,"curve":"stepped"},{"time":3.2333,"x":1635.46,"y":637.67,"curve":"stepped"},{"time":3.4333,"x":825.86,"y":247.32},{"time":3.5333,"x":-982.23,"y":-115.76,"curve":"stepped"},{"time":3.5666,"x":-1560.52,"y":413.85,"curve":"stepped"},{"time":3.7333,"x":-982.23,"y":221.08,"curve":"stepped"},{"time":3.7666,"x":-982.23,"y":221.08},{"time":3.8666,"x":822.43,"y":-70.36,"curve":"stepped"},{"time":3.9,"x":1699.71,"y":365.67,"curve":"stepped"},{"time":4.0333,"x":825.86,"y":247.32},{"time":4.1333,"x":-982.23,"y":-115.76,"curve":"stepped"},{"time":4.8333,"x":-1170.15,"y":956.78},{"time":5.0333,"x":-425.94,"y":341.67},{"time":5.1,"x":-277.86,"y":285.05},{"time":5.3333,"x":-73.24,"y":1.1,"curve":[0.156,0.75,0.75,1]},{"time":5.7666,"x":0,"y":-0.99}],"scale":[{"time":0.3,"x":1,"y":1,"curve":"stepped"},{"time":1.4333,"x":1,"y":1,"curve":"stepped"},{"time":2.7333,"x":1,"y":1,"curve":"stepped"},{"time":3.0666,"x":1,"y":1,"curve":"stepped"},{"time":3.5666,"x":1,"y":1,"curve":"stepped"},{"time":3.7333,"x":1,"y":1,"curve":"stepped"},{"time":4.8333,"x":-1,"y":1,"curve":"stepped"},{"time":5.1,"x":-1,"y":1,"curve":"stepped"},{"time":5.3333,"x":1,"y":1,"curve":"stepped"},{"time":5.7,"x":1,"y":1}]},"F_MAIN":{"translate":[{"time":5.8,"x":-3.9,"y":0,"curve":"stepped"},{"time":6.2333,"x":-3.9,"y":0}]},"weapon":{"rotate":[{"time":0,"angle":19.78,"curve":"stepped"},{"time":0.2666,"angle":28.07,"curve":"stepped"},{"time":0.4333,"angle":74.58,"curve":"stepped"},{"time":0.5333,"angle":-152.61,"curve":"stepped"},{"time":1.2666,"angle":-47.51,"curve":"stepped"},{"time":1.5666,"angle":-152.61,"curve":"stepped"},{"time":2.6,"angle":-47.51,"curve":"stepped"},{"time":3.0666,"angle":-152.61,"curve":"stepped"},{"time":3.4333,"angle":-47.51,"curve":"stepped"},{"time":3.7333,"angle":-152.61,"curve":"stepped"},{"time":4.0333,"angle":-47.51,"curve":"stepped"},{"time":5.1,"angle":-86.09,"curve":"stepped"},{"time":5.3333,"angle":-8.77,"curve":"stepped"},{"time":5.4,"angle":15.41,"curve":"stepped"},{"time":5.7,"angle":12.76,"curve":"stepped"},{"time":5.8,"angle":0}],"translate":[{"time":0,"x":3.02,"y":-4.53,"curve":"stepped"},{"time":0.2666,"x":-7.68,"y":26.47,"curve":"stepped"},{"time":0.4333,"x":23.91,"y":9.39,"curve":"stepped"},{"time":0.5333,"x":-63.19,"y":9.39,"curve":"stepped"},{"time":1.2666,"x":-40.66,"y":-53.2,"curve":"stepped"},{"time":1.5666,"x":-63.19,"y":9.39,"curve":"stepped"},{"time":2.6,"x":-40.66,"y":-53.2,"curve":"stepped"},{"time":3.0666,"x":-63.19,"y":9.39,"curve":"stepped"},{"time":3.4333,"x":-40.66,"y":-53.2,"curve":"stepped"},{"time":3.7333,"x":-63.19,"y":9.39,"curve":"stepped"},{"time":4.0333,"x":-40.66,"y":-53.2,"curve":"stepped"},{"time":5.1,"x":-13.14,"y":5.88,"curve":"stepped"},{"time":5.3333,"x":-6.14,"y":-3.21,"curve":"stepped"},{"time":5.4,"x":-2.64,"y":-5.31,"curve":"stepped"},{"time":5.7,"x":-6.14,"y":-3.21,"curve":"stepped"},{"time":5.8,"x":0,"y":0,"curve":"stepped"},{"time":6.2333,"x":0,"y":0}],"scale":[{"time":5.8,"x":1,"y":1}]},"skill2_EF":{"translate":[{"time":0,"x":-959.39,"y":557.15,"curve":"stepped"},{"time":0.4,"x":-959.39,"y":557.15},{"time":0.5,"x":-711.82,"y":262.48},{"time":0.6,"x":-312.48,"y":128.32,"curve":[0.187,0.55,0.488,1]},{"time":0.8,"x":334.44,"y":675.97,"curve":"stepped"},{"time":1.2666,"x":532.06,"y":174.51},{"time":1.3666,"x":-1277.7,"y":-189.41,"curve":"stepped"},{"time":1.4333,"x":-1828.54,"y":1057.15,"curve":"stepped"},{"time":2,"x":-1277.7,"y":147.43},{"time":2.1,"x":526.96,"y":-144.01,"curve":"stepped"},{"time":2.6,"x":532.06,"y":174.51},{"time":2.7,"x":-1277.7,"y":-189.41,"curve":"stepped"},{"time":2.7333,"x":-1828.54,"y":1057.15,"curve":"stepped"},{"time":3.0666,"x":-1277.7,"y":147.43,"curve":"stepped"},{"time":3.1,"x":-1277.7,"y":147.43},{"time":3.2,"x":526.96,"y":-144.01,"curve":"stepped"},{"time":3.2333,"x":1341.66,"y":564.85,"curve":"stepped"},{"time":3.4333,"x":532.06,"y":174.51},{"time":3.5333,"x":-1277.7,"y":-189.41,"curve":"stepped"},{"time":3.5666,"x":-1855.99,"y":340.2,"curve":"stepped"},{"time":3.7333,"x":-1277.7,"y":147.43,"curve":"stepped"},{"time":3.7666,"x":-1277.7,"y":147.43},{"time":3.8666,"x":526.96,"y":-144.01,"curve":"stepped"},{"time":3.9,"x":1404.24,"y":292.02,"curve":"stepped"},{"time":4.0333,"x":532.06,"y":174.51},{"time":4.1333,"x":-1277.7,"y":-189.41,"curve":"stepped"},{"time":4.8333,"x":-1465.62,"y":883.13},{"time":5.0333,"x":-721.41,"y":268.01},{"time":5.1,"x":-573.33,"y":211.4,"curve":[0.213,0.78,0.75,1]},{"time":5.3666,"x":483.53,"y":1017.55}],"scale":[{"time":0,"x":1,"y":1,"curve":"stepped"},{"time":1.2666,"x":-1,"y":1,"curve":"stepped"},{"time":1.4333,"x":1,"y":1,"curve":"stepped"},{"time":2.6,"x":-1,"y":1,"curve":"stepped"},{"time":2.7333,"x":1,"y":1,"curve":"stepped"},{"time":3.0666,"x":1,"y":1,"curve":"stepped"},{"time":3.2333,"x":-1,"y":1,"curve":"stepped"},{"time":3.4333,"x":-1,"y":1,"curve":"stepped"},{"time":3.5666,"x":1,"y":1,"curve":"stepped"},{"time":3.7333,"x":1,"y":1,"curve":"stepped"},{"time":4.0333,"x":-1,"y":1,"curve":"stepped"},{"time":4.8333,"x":1,"y":1}]},"DAMAGEAREA":{"translate":[{"time":1.3666,"x":107.51,"y":70.57}],"scale":[{"time":1.3666,"x":5.245,"y":1.453}]}},"drawOrder":[{"time":1.2666,"offsets":[{"slot":"MAIN","offset":4}]},{"time":1.4333,"offsets":[{"slot":"weapon","offset":4}]},{"time":2.6,"offsets":[{"slot":"MAIN","offset":4}]},{"time":2.7333,"offsets":[{"slot":"weapon","offset":4}]},{"time":3.0666,"offsets":[{"slot":"weapon","offset":4}]},{"time":3.2333,"offsets":[{"slot":"MAIN","offset":4}]},{"time":3.4333,"offsets":[{"slot":"MAIN","offset":4}]},{"time":3.5666,"offsets":[{"slot":"weapon","offset":4}]},{"time":3.7333,"offsets":[{"slot":"weapon","offset":4}]},{"time":4.0333,"offsets":[{"slot":"MAIN","offset":4}]},{"time":4.8333,"offsets":[{"slot":"weapon","offset":4}]},{"time":5.1,"offsets":[{"slot":"weapon","offset":3},{"slot":"f_hand","offset":3}]}],"events":[{"time":0,"name":"Event","float":0.2,"string":"kHitStopType-normal"},{"time":0,"name":"Voice","string":"cri_140_voice_fullarts_now"},{"time":0.0333,"name":"Event","string":"ignoreBorder-true"},{"time":0.2333,"name":"Event","string":"movePosition_Target(0.2,0,0)"},{"time":0.2666,"name":"Sound1","string":"cri_se_battle_jump"},{"time":0.4,"name":"Sound1","string":"cri_se_battle_skill_swish"},{"time":1.2666,"name":"Sound1","string":"cri_se_battle_skill_swish"},{"time":1.2666,"name":"Sound2","string":"cri_se_battle_036_explosion_element_04"},{"time":1.2666,"name":"Voice","string":"cri_140_voice_fullarts_rank5"},{"time":1.3,"name":"Event","string":"shakeGround"},{"time":1.3333,"name":"Event","int":300,"string":"kImpactType_knock"},{"time":1.3666,"name":"Event","string":"setHitBackEnemy(20,0)"},{"time":1.3666,"name":"Sound3","string":"setHitSound(se_battle_hard_hit)"},{"time":2,"name":"Sound1","string":"cri_se_battle_skill_swish"},{"time":2,"name":"Sound2","string":"cri_se_battle_036_explosion_element_04"},{"time":2.0333,"name":"Event","string":"shakeGround"},{"time":2.0666,"name":"Event","string":"setHitBackEnemy(-20,0)"},{"time":2.1,"name":"Event","int":300,"string":"kImpactType_pull"},{"time":2.1,"name":"Hit","string":"resetHitList"},{"time":2.1,"name":"Sound3","string":"setHitSound(se_battle_hard_hit)"},{"time":2.1333,"name":"Event","string":"shakeGround"},{"time":2.6,"name":"Sound1","string":"cri_se_battle_skill_swish"},{"time":2.6,"name":"Sound2","string":"cri_se_battle_036_explosion_element_04"},{"time":2.6333,"name":"Event","string":"shakeGround"},{"time":2.6666,"name":"Event","int":300,"string":"kImpactType_knock"},{"time":2.7,"name":"Event","string":"setHitBackEnemy(20,0)"},{"time":2.7,"name":"Hit","string":"resetHitList"},{"time":2.7,"name":"Sound3","string":"setHitSound(se_battle_hard_hit)"},{"time":3.1,"name":"Sound1","string":"cri_se_battle_skill_swish"},{"time":3.1,"name":"Sound2","string":"cri_se_battle_036_explosion_element_04"},{"time":3.1333,"name":"Event","string":"shakeGround"},{"time":3.1666,"name":"Event","float":0.2,"string":"kHitStopType-enemyOnly"},{"time":3.2,"name":"Event","string":"setHitBackEnemy(0,0)"},{"time":3.2,"name":"Hit","string":"resetHitList"},{"time":3.2,"name":"Sound3","string":"setHitSound(se_battle_hard_hit)"},{"time":3.2666,"name":"Hit","string":"resetHitList"},{"time":3.3333,"name":"Hit","string":"resetHitList"},{"time":3.4,"name":"Hit","string":"resetHitList"},{"time":3.4333,"name":"Sound1","string":"cri_se_battle_skill_swish"},{"time":3.4333,"name":"Sound2","string":"cri_se_battle_036_explosion_element_04"},{"time":3.4666,"name":"Hit","string":"resetHitList"},{"time":3.5,"name":"Event","string":"shakeGround"},{"time":3.5333,"name":"Hit","string":"resetHitList"},{"time":3.6,"name":"Hit","string":"resetHitList"},{"time":3.6666,"name":"Hit","string":"resetHitList"},{"time":3.7333,"name":"Hit","string":"resetHitList"},{"time":3.7666,"name":"Sound1","string":"cri_se_battle_skill_swish"},{"time":3.7666,"name":"Sound2","string":"cri_se_battle_036_explosion_element_04"},{"time":3.8,"name":"Hit","string":"resetHitList"},{"time":3.8333,"name":"Event","string":"shakeGround"},{"time":3.8666,"name":"Hit","string":"resetHitList"},{"time":3.9333,"name":"Hit","string":"resetHitList"},{"time":4,"name":"Hit","string":"resetHitList"},{"time":4.0333,"name":"Sound1","string":"cri_se_battle_skill_swish"},{"time":4.0333,"name":"Sound2","string":"cri_se_battle_036_explosion_element_04"},{"time":4.0666,"name":"Event","string":"shakeGround"},{"time":4.0666,"name":"Hit","string":"resetHitList"},{"time":4.1333,"name":"Event","float":0.25,"string":"kHitStopType-normal"},{"time":4.1333,"name":"Hit","string":"resetHitList"},{"time":4.7333,"name":"Event","string":"setPosition_Default"},{"time":4.8333,"name":"Sound1","string":"cri_se_battle_skill_swish"},{"time":5.1,"name":"Event","string":"runSkillEffect"},{"time":5.3333,"name":"Sound1","string":"cri_se_battle_landing"}]}}}