{"skeleton":{"hash":"+eqAjpkKVki0yJBlXNWi2/xDdOE","spine":"3.0.12","width":0,"height":0},"bones":[{"name":"root"},{"name":"MAIN","parent":"root","y":76.69}],"slots":[{"name":"MAIN","bone":"MAIN","attachment":"idle_00"}],"skins":{"default":{"MAIN":{"idle_00":{"path":"idle/idle_00","y":-2.34,"width":324,"height":324},"idle_01":{"path":"idle/idle_01","y":-2.34,"width":324,"height":324},"idle_02":{"path":"idle/idle_02","y":-2.34,"width":324,"height":324},"idle_03":{"path":"idle/idle_03","y":-2.34,"width":324,"height":324}}}},"animations":{"idle":{"slots":{"MAIN":{"attachment":[{"time":0,"name":"idle_00"},{"time":0.2,"name":"idle_01"},{"time":0.4666,"name":"idle_02"},{"time":0.7333,"name":"idle_03"},{"time":1,"name":"idle_00"}]}}}}}