{"skeleton":{"hash":"2R2e7t9ChEJHMnDF9ZsNs3qiF6M","spine":"3.0.12","width":0,"height":0},"bones":[{"name":"root"},{"name":"MAIN","parent":"root","y":70,"rotation":-0.59}],"slots":[{"name":"MAIN","bone":"MAIN","attachment":"idle_00"}],"skins":{"default":{"MAIN":{"idle_00":{"x":-13.4,"y":8.98,"width":512,"height":512},"idle_01":{"x":-13.4,"y":8.98,"width":512,"height":512},"idle_02":{"x":-13.4,"y":8.98,"width":512,"height":512},"idle_03":{"x":-13.4,"y":8.98,"width":512,"height":512}}}},"events":{"Event":{}},"animations":{"idle":{"slots":{"MAIN":{"attachment":[{"time":0,"name":"idle_00"},{"time":0.2333,"name":"idle_01"},{"time":0.4666,"name":"idle_02"},{"time":0.7,"name":"idle_03"},{"time":0.9333,"name":"idle_00"}]}}}}}