{"skeleton":{"hash":"T907YPQ5oIg+mpn9W94IHGS8LKY","spine":"3.0.12","width":0,"height":0},"bones":[{"name":"root"},{"name":"MAIN","parent":"root","x":5.22,"y":70.22}],"slots":[{"name":"MAIN","bone":"MAIN","attachment":"idle_00"}],"skins":{"default":{"MAIN":{"idle_00":{"x":-11.83,"y":12.4,"width":500,"height":500},"idle_01":{"x":-11.83,"y":12.4,"width":500,"height":500},"idle_02":{"x":-11.83,"y":12.4,"width":500,"height":500},"idle_03":{"x":-11.83,"y":12.4,"width":500,"height":500}}}},"events":{"Event":{},"Event2":{},"hit":{}},"animations":{"attack1":{"slots":{"MAIN":{"attachment":[{"time":0,"name":"idle_00"},{"time":1.8,"name":"idle_00"}]}},"bones":{"MAIN":{"rotate":[{"time":0.4333,"angle":-35.61,"curve":"stepped"},{"time":0.6,"angle":-15.64,"curve":"stepped"},{"time":0.6666,"angle":-5.21,"curve":"stepped"},{"time":0.7,"angle":0}],"translate":[{"time":0,"x":0,"y":0.81,"curve":[0.115,0.81,0.75,1]},{"time":0.3,"x":-81.05,"y":0,"curve":"stepped"},{"time":0.3333,"x":-125.22,"y":0,"curve":[0.25,0,0.89,0]},{"time":0.4,"x":-146.04,"y":0,"curve":"stepped"},{"time":0.4333,"x":-141.11,"y":39.12},{"time":0.4666,"x":-143.7,"y":48.96,"curve":[0.123,0.65,0.75,1]},{"time":0.6,"x":-150,"y":110.42,"curve":"stepped"},{"time":0.6666,"x":-160.51,"y":127.05,"curve":[0.542,-0.32,0.952,0]},{"time":0.9333,"x":-165,"y":-7.48},{"time":0.9666,"x":-165,"y":-15.21},{"time":1.0333,"x":-166,"y":0,"curve":"stepped"},{"time":1.3,"x":-135.02,"y":0,"curve":[0.218,0.46,0.601,0.66]},{"time":1.4666,"x":-77.96,"y":17.03,"curve":[0.375,0.5,0.729,0.93]},{"time":1.6333,"x":-25,"y":0,"curve":[0.265,0.92,0.75,1]},{"time":1.8,"x":0,"y":0}]}}},"back":{"slots":{"MAIN":{"attachment":[{"time":0,"name":"idle_00"},{"time":0.6666,"name":"idle_00"}]}},"bones":{"MAIN":{"translate":[{"time":0,"x":7.94,"y":0,"curve":"stepped"},{"time":0.0333,"x":45.95,"y":0,"curve":[0.181,0.37,0.592,0.75]},{"time":0.2,"x":100,"y":30.94,"curve":[0.447,0.43,0.68,0.51]},{"time":0.4333,"x":130,"y":0,"curve":[0.227,0.69,0.478,0.96]},{"time":0.6666,"x":140,"y":0}]}}},"cast":{"slots":{"MAIN":{"attachment":[{"time":0,"name":"idle_00"},{"time":1,"name":"idle_00"}]}},"bones":{"MAIN":{"rotate":[{"time":0.3666,"angle":-35.61,"curve":"stepped"},{"time":0.5,"angle":-30.11,"curve":"stepped"},{"time":0.6666,"angle":0}],"translate":[{"time":0.1666,"x":-18.22,"y":0,"curve":"stepped"},{"time":0.2666,"x":-18.22,"y":12.36,"curve":"stepped"},{"time":0.3666,"x":-14.16,"y":39.12,"curve":[0.129,0.74,0.75,1]},{"time":0.6333,"x":-15.09,"y":67.36,"curve":"stepped"},{"time":0.6666,"x":-15.09,"y":65.71,"curve":"stepped"},{"time":0.7,"x":-15.09,"y":65.71,"curve":[0.444,0.29,0.67,0.36]},{"time":0.9333,"x":-15.09,"y":-11.99},{"time":0.9666,"x":-15.09,"y":-4.99,"curve":"stepped"},{"time":1,"x":0,"y":0}]}}},"damage":{},"empty":{"slots":{"MAIN":{"attachment":[{"time":0,"name":null}]}}},"front":{},"idle":{"slots":{"MAIN":{"attachment":[{"time":0,"name":"idle_00"},{"time":0.2666,"name":"idle_01"},{"time":0.5,"name":"idle_02"},{"time":0.7666,"name":"idle_03"},{"time":1,"name":"idle_00"}]}}},"in":{"slots":{"MAIN":{"attachment":[{"time":1,"name":"idle_00"}],"color":[{"time":0,"color":"ffffff00"},{"time":0.2333,"color":"ffffffff"}]}},"bones":{"MAIN":{"translate":[{"time":0,"x":9.07,"y":205,"curve":[0.25,0,0.885,0]},{"time":0.7333,"x":9.07,"y":-10,"curve":[0,0.82,0.258,0.97]},{"time":0.9333,"x":9.07,"y":-0.01,"curve":"stepped"},{"time":1,"x":0,"y":0}]}}},"skill1":{"slots":{"MAIN":{"attachment":[{"time":0,"name":"idle_00"},{"time":1.9333,"name":"idle_03"},{"time":2.0666,"name":"idle_00"}]}},"bones":{"MAIN":{"rotate":[{"time":0.4333,"angle":0},{"time":0.5333,"angle":1.26},{"time":0.5666,"angle":2.78,"curve":"stepped"},{"time":0.6,"angle":0}],"translate":[{"time":0,"x":0,"y":0,"curve":"stepped"},{"time":0.0333,"x":12.34,"y":0,"curve":"stepped"},{"time":0.2666,"x":12.34,"y":0},{"time":0.3333,"x":108.38,"y":24.63,"curve":[0.233,0.66,0.339,0.86]},{"time":0.7666,"x":108.38,"y":239.36,"curve":[0.25,0,0.836,0.44]},{"time":0.9,"x":-194.54,"y":3.3},{"time":0.9333,"x":-259.23,"y":0,"curve":[0.174,0.83,0.765,1]},{"time":1.2333,"x":-311.49,"y":0,"curve":"stepped"},{"time":1.4333,"x":-279.84,"y":0},{"time":1.5666,"x":-152.42,"y":24.47,"curve":[0.261,0.4,0.75,1]},{"time":1.7,"x":-25,"y":0,"curve":[0.105,0.75,0.75,1]},{"time":1.9333,"x":0,"y":0}],"scale":[{"time":0.2666,"x":-1,"y":1,"curve":"stepped"},{"time":0.6,"x":1,"y":1}]}}},"skill2":{"slots":{"MAIN":{"attachment":[{"time":0,"name":"idle_00"},{"time":4.3333,"name":"idle_00"}],"color":[{"time":0.6666,"color":"ffffffff","curve":[0.25,0,0.91,0.39]},{"time":0.7666,"color":"ffffff00","curve":"stepped"},{"time":2.6666,"color":"ffffff00"},{"time":2.8666,"color":"ffffffff"}]}},"bones":{"MAIN":{"translate":[{"time":0,"x":0,"y":0,"curve":"stepped"},{"time":0.0333,"x":0,"y":0,"curve":"stepped"},{"time":0.0666,"x":35.74,"y":0,"curve":[0.396,0,0.727,0.32]},{"time":0.2,"x":150,"y":1.21,"curve":"stepped"},{"time":0.2333,"x":137.62,"y":2.11,"curve":[0.115,0.43,0.75,1]},{"time":0.3666,"x":218.36,"y":11.79,"curve":[0.11,0.89,0.75,1]},{"time":0.5,"x":250.87,"y":15.62,"curve":[1,0,0.75,1]},{"time":0.6,"x":194.53,"y":8.16,"curve":[0.25,0,0.75,1]},{"time":0.8,"x":-1000,"y":0,"curve":"stepped"},{"time":2.6666,"x":0,"y":574.84,"curve":[0.687,0,0.781,0.72]},{"time":2.8666,"x":0,"y":-1.46},{"time":2.9,"x":0,"y":-14.2},{"time":2.9666,"x":0,"y":6.43,"curve":"stepped"},{"time":4.1,"x":11.84,"y":-4.09,"curve":"stepped"},{"time":4.3333,"x":0,"y":0}],"scale":[{"time":0.3666,"x":1,"y":1,"curve":"stepped"},{"time":0.5,"x":1,"y":1,"curve":"stepped"},{"time":2.6666,"x":1,"y":1}]}},"events":[{"time":0.1666,"name":"Event","string":"ignoreBorder-true"},{"time":2.6666,"name":"Event","string":"movePosition_Target(1,210,0)"}]},"skill3":{"slots":{"MAIN":{"attachment":[{"time":0,"name":"idle_00"},{"time":6.5666,"name":"idle_02"},{"time":6.6666,"name":"idle_03"},{"time":6.7666,"name":"idle_00"}],"color":[{"time":2.1,"color":"ffffffff","curve":[0.25,0,0.75,1]},{"time":2.2333,"color":"ffffff00","curve":"stepped"},{"time":3.8333,"color":"ffffff00","curve":[0.25,0,0.75,1]},{"time":4,"color":"ffffffff"}]}},"bones":{"MAIN":{"rotate":[{"time":1.6333,"angle":0,"curve":[0.571,0,0.75,1]},{"time":1.9666,"angle":3.5,"curve":"stepped"},{"time":2,"angle":3.5,"curve":[0.15,0.36,0.75,1]},{"time":2.0333,"angle":6.5,"curve":"stepped"},{"time":2.0666,"angle":0,"curve":"stepped"},{"time":3.8333,"angle":-20.38,"curve":"stepped"},{"time":4.0333,"angle":-17.83,"curve":[0.102,0.77,0.75,1]},{"time":4.5333,"angle":0,"curve":"stepped"},{"time":4.8666,"angle":0},{"time":4.9,"angle":3,"curve":"stepped"},{"time":4.9333,"angle":0}],"translate":[{"time":0.0333,"x":0,"y":0,"curve":[0.154,0.42,0.75,1]},{"time":0.0666,"x":0,"y":-1.48,"curve":"stepped"},{"time":0.3,"x":-14,"y":0,"curve":"stepped"},{"time":1,"x":11.84,"y":0},{"time":1.0333,"x":11.84,"y":-7.66},{"time":1.1,"x":11.84,"y":0,"curve":"stepped"},{"time":1.5333,"x":-3.18,"y":-0.01,"curve":[0.25,0,0.75,1]},{"time":1.6333,"x":-3.18,"y":-6.61},{"time":1.6666,"x":2.68,"y":8.66,"curve":[0.118,0.27,0.75,1]},{"time":1.8333,"x":98.73,"y":92.4,"curve":[0.08,0.53,0.75,1]},{"time":2,"x":114.78,"y":99.77,"curve":[0.15,0.36,0.75,1]},{"time":2.0333,"x":124.83,"y":99.77,"curve":[1,0,0.75,1]},{"time":2.0666,"x":43,"y":99.77,"curve":[0.25,0,0.75,1]},{"time":2.2333,"x":-738.72,"y":99.77,"curve":"stepped"},{"time":3.8333,"x":-423.59,"y":297.22,"curve":[0.25,0,0.75,1]},{"time":4.0333,"x":88,"y":66.39,"curve":[0.064,0.72,0.548,0.91]},{"time":4.8666,"x":288.32,"y":13.2},{"time":4.9,"x":303.49,"y":13.2,"curve":"stepped"},{"time":4.9333,"x":246.94,"y":6.64,"curve":[0.25,0,0.75,1]},{"time":5.1,"x":-265.21,"y":-1.17,"curve":[0.101,0.48,0.75,1]},{"time":5.1666,"x":-275.21,"y":-1.17,"curve":"stepped"},{"time":6.0333,"x":-275.21,"y":-1.17},{"time":6.0666,"x":-275.21,"y":-10.04,"curve":"stepped"},{"time":6.1,"x":-257.39,"y":-5.86,"curve":"stepped"},{"time":6.1333,"x":-190.48,"y":-2.86,"curve":[0.363,0.39,0.693,0.72]},{"time":6.2333,"x":-105.37,"y":10.81,"curve":[0.358,0.41,0.688,0.74]},{"time":6.3333,"x":-40,"y":0.77,"curve":[0.096,0.46,0.75,1]},{"time":6.5333,"x":-5.21,"y":0,"curve":"stepped"},{"time":6.5666,"x":0,"y":0}],"scale":[{"time":3.9333,"x":-1,"y":1,"curve":"stepped"},{"time":4.0333,"x":1,"y":1,"curve":"stepped"},{"time":6.1,"x":-1,"y":1,"curve":"stepped"},{"time":6.1333,"x":1,"y":1}]}},"events":[{"time":1.5333,"name":"Event","string":"ignoreBorder-true"}]}}}