{"skeleton":{"hash":"499D0m+6s95v87VwOsMcUkRGvNE","spine":"3.0.12","width":512,"height":512},"bones":[{"name":"root"},{"name":"in_w","parent":"root","x":200,"scaleX":2,"scaleY":2},{"name":"graund_wave_01","parent":"root","x":100},{"name":"graund_wave_00","parent":"root","x":100},{"name":"aura_00","parent":"root","x":100,"y":100},{"name":"MAIN","parent":"root","x":0.69,"y":70},{"name":"aura_main_01","parent":"MAIN","x":99.31,"y":130},{"name":"aura_main_00","parent":"MAIN","x":99.31,"y":130},{"name":"SHADOW-OFFSET","parent":"MAIN","x":-15,"y":-25.7},{"name":"HITBOX","parent":"MAIN","y":-20.26,"scaleX":2,"scaleY":2},{"name":"AURA","parent":"MAIN"},{"name":"EF","parent":"root","y":400},{"name":"DAMAGEAREA","parent":"root"}],"slots":[{"name":"DAMAGEAREA","bone":"DAMAGEAREA"},{"name":"HITBOX","bone":"HITBOX"},{"name":"AURA1","bone":"MAIN","color":"039fffff"},{"name":"AURA2","bone":"AURA","color":"007dffff","blend":"additive"},{"name":"EF/MAIN/ef_graund_wave_main 2/ef_graund_wave_main 2_00002","bone":"graund_wave_00","blend":"additive"},{"name":"EF/MAIN/ef_graund_wave_main 2/ef_graund_wave_main 2_2","bone":"graund_wave_01","blend":"additive"},{"name":"in_w_00","bone":"in_w"},{"name":"MAIN","bone":"MAIN","attachment":"idle_00"},{"name":"EF/MAIN/ef_trunade_aura_main/ef_trunade_aura_main_00001","bone":"aura_00","blend":"additive"},{"name":"EF/MAIN/ef_aura_main/ef_aura_main_00001","bone":"aura_main_00"},{"name":"EF/MAIN/ef_aura_main/ef_aura_main_1","bone":"aura_main_01"}],"skins":{"default":{"AURA1":{"aura/aura_attack_00":{"y":-7.17,"scaleX":2,"scaleY":2,"width":256,"height":256},"aura/aura_attack_01":{"y":-7.17,"scaleX":2,"scaleY":2,"width":256,"height":256},"aura/aura_attack_02":{"y":-7.17,"scaleX":2,"scaleY":2,"width":256,"height":256},"aura/aura_attack_03":{"y":-7.17,"scaleX":2,"scaleY":2,"width":256,"height":256},"aura/aura_attack_04":{"y":-7.17,"scaleX":2,"scaleY":2,"width":256,"height":256},"aura/aura_attack_05":{"y":-7.17,"scaleX":2,"scaleY":2,"width":256,"height":256},"aura/aura_attack_06":{"y":-7.17,"scaleX":2,"scaleY":2,"width":256,"height":256},"aura/aura_attack_07":{"y":-7.17,"scaleX":2,"scaleY":2,"width":256,"height":256},"aura/aura_skill1_00":{"y":-7.17,"scaleX":2,"scaleY":2,"width":256,"height":256},"aura/aura_skill1_01":{"y":-7.17,"scaleX":2,"scaleY":2,"width":256,"height":256},"aura/aura_skill1_02":{"y":-7.17,"scaleX":2,"scaleY":2,"width":256,"height":256},"aura/aura_skill1_03":{"y":-7.17,"scaleX":2,"scaleY":2,"width":256,"height":256},"aura/aura_skill1_04":{"y":-7.17,"scaleX":2,"scaleY":2,"width":256,"height":256},"aura/aura_skill1_05":{"y":-7.17,"scaleX":2,"scaleY":2,"width":256,"height":256},"aura/aura_skill1_06":{"y":-7.17,"scaleX":2,"scaleY":2,"width":256,"height":256},"aura/aura_skill1_07":{"y":-7.17,"scaleX":2,"scaleY":2,"width":256,"height":256},"aura/aura_skill1_08":{"y":-7.17,"scaleX":2,"scaleY":2,"width":256,"height":256},"aura/aura_skill1_09":{"y":-7.17,"scaleX":2,"scaleY":2,"width":256,"height":256},"aura/aura_skill1_10":{"y":-7.17,"scaleX":2,"scaleY":2,"width":256,"height":256},"aura/aura_skill2_00":{"y":-7.17,"scaleX":2,"scaleY":2,"width":256,"height":256},"aura/aura_skill2_01":{"y":-7.17,"scaleX":2,"scaleY":2,"width":256,"height":256},"aura/aura_skill2_02":{"y":-7.17,"scaleX":2,"scaleY":2,"width":256,"height":256},"aura/aura_skill2_03":{"y":-7.17,"scaleX":2,"scaleY":2,"width":256,"height":256},"aura/aura_skill2_04":{"y":-7.17,"scaleX":2,"scaleY":2,"width":256,"height":256},"aura/aura_skill2_05":{"y":-7.17,"scaleX":2,"scaleY":2,"width":256,"height":256},"aura/aura_skill3_00":{"y":-7.17,"scaleX":2,"scaleY":2,"width":256,"height":256},"aura/aura_skill3_01":{"y":-7.17,"scaleX":2,"scaleY":2,"width":256,"height":256},"aura/aura_skill3_02":{"y":-7.17,"scaleX":2,"scaleY":2,"width":256,"height":256},"aura/aura_skill3_03":{"y":-7.17,"scaleX":2,"scaleY":2,"width":256,"height":256},"aura/aura_skill3_04":{"y":-7.17,"scaleX":2,"scaleY":2,"width":256,"height":256},"aura/aura_skill3_05":{"y":-7.17,"scaleX":2,"scaleY":2,"width":256,"height":256},"aura/aura_skill3_06":{"y":-7.17,"scaleX":2,"scaleY":2,"width":256,"height":256},"aura/aura_skill3_07":{"y":-7.17,"scaleX":2,"scaleY":2,"width":256,"height":256},"aura/aura_skill3_08":{"y":-7.17,"scaleX":2,"scaleY":2,"width":256,"height":256},"aura/aura_skill3_09":{"y":-7.17,"scaleX":2,"scaleY":2,"width":256,"height":256},"aura/aura_skill3_10":{"y":-7.17,"scaleX":2,"scaleY":2,"width":256,"height":256},"aura/aura_skill3_11":{"y":-7.17,"scaleX":2,"scaleY":2,"width":256,"height":256}},"AURA2":{"aura/aura_attack_00":{"y":-7.17,"scaleX":2,"scaleY":2,"width":256,"height":256},"aura/aura_attack_01":{"y":-7.17,"scaleX":2,"scaleY":2,"width":256,"height":256},"aura/aura_attack_02":{"y":-7.17,"scaleX":2,"scaleY":2,"width":256,"height":256},"aura/aura_attack_03":{"y":-7.17,"scaleX":2,"scaleY":2,"width":256,"height":256},"aura/aura_attack_04":{"y":-7.17,"scaleX":2,"scaleY":2,"width":256,"height":256},"aura/aura_attack_05":{"y":-7.17,"scaleX":2,"scaleY":2,"width":256,"height":256},"aura/aura_attack_06":{"y":-7.17,"scaleX":2,"scaleY":2,"width":256,"height":256},"aura/aura_attack_07":{"y":-7.17,"scaleX":2,"scaleY":2,"width":256,"height":256},"aura/aura_skill1_00":{"y":-7.17,"scaleX":2,"scaleY":2,"width":256,"height":256},"aura/aura_skill1_01":{"y":-7.17,"scaleX":2,"scaleY":2,"width":256,"height":256},"aura/aura_skill1_02":{"y":-7.17,"scaleX":2,"scaleY":2,"width":256,"height":256},"aura/aura_skill1_03":{"y":-7.17,"scaleX":2,"scaleY":2,"width":256,"height":256},"aura/aura_skill1_04":{"y":-7.17,"scaleX":2,"scaleY":2,"width":256,"height":256},"aura/aura_skill1_05":{"y":-7.17,"scaleX":2,"scaleY":2,"width":256,"height":256},"aura/aura_skill1_06":{"y":-7.17,"scaleX":2,"scaleY":2,"width":256,"height":256},"aura/aura_skill1_07":{"y":-7.17,"scaleX":2,"scaleY":2,"width":256,"height":256},"aura/aura_skill1_08":{"y":-7.17,"scaleX":2,"scaleY":2,"width":256,"height":256},"aura/aura_skill1_09":{"y":-7.17,"scaleX":2,"scaleY":2,"width":256,"height":256},"aura/aura_skill1_10":{"y":-7.17,"scaleX":2,"scaleY":2,"width":256,"height":256},"aura/aura_skill2_00":{"y":-7.17,"scaleX":2,"scaleY":2,"width":256,"height":256},"aura/aura_skill2_01":{"y":-7.17,"scaleX":2,"scaleY":2,"width":256,"height":256},"aura/aura_skill2_02":{"y":-7.17,"scaleX":2,"scaleY":2,"width":256,"height":256},"aura/aura_skill2_03":{"y":-7.17,"scaleX":2,"scaleY":2,"width":256,"height":256},"aura/aura_skill2_04":{"y":-7.17,"scaleX":2,"scaleY":2,"width":256,"height":256},"aura/aura_skill2_05":{"y":-7.17,"scaleX":2,"scaleY":2,"width":256,"height":256},"aura/aura_skill3_00":{"y":-7.17,"scaleX":2,"scaleY":2,"width":256,"height":256},"aura/aura_skill3_01":{"y":-7.17,"scaleX":2,"scaleY":2,"width":256,"height":256},"aura/aura_skill3_02":{"y":-7.17,"scaleX":2,"scaleY":2,"width":256,"height":256},"aura/aura_skill3_03":{"y":-7.17,"scaleX":2,"scaleY":2,"width":256,"height":256},"aura/aura_skill3_04":{"y":-7.17,"scaleX":2,"scaleY":2,"width":256,"height":256},"aura/aura_skill3_05":{"y":-7.17,"scaleX":2,"scaleY":2,"width":256,"height":256},"aura/aura_skill3_06":{"y":-7.17,"scaleX":2,"scaleY":2,"width":256,"height":256},"aura/aura_skill3_07":{"y":-7.17,"scaleX":2,"scaleY":2,"width":256,"height":256},"aura/aura_skill3_08":{"y":-7.17,"scaleX":2,"scaleY":2,"width":256,"height":256},"aura/aura_skill3_09":{"y":-7.17,"scaleX":2,"scaleY":2,"width":256,"height":256},"aura/aura_skill3_10":{"y":-7.17,"scaleX":2,"scaleY":2,"width":256,"height":256},"aura/aura_skill3_11":{"y":-7.17,"scaleX":2,"scaleY":2,"width":256,"height":256}},"DAMAGEAREA":{"DAMAGEAREA":{"type":"boundingbox","vertices":[-32.04398,32.00705,-31.99207,-32.00345,31.98687,-32.01448,31.99352,31.96727]}},"EF/MAIN/ef_aura_main/ef_aura_main_00001":{"EF/MAIN/ef_aura_main/ef_aura_main_00001":{"y":-0.59,"width":150,"height":150},"EF/MAIN/ef_aura_main/ef_aura_main_00002":{"y":-0.59,"width":150,"height":150},"EF/MAIN/ef_aura_main/ef_aura_main_00003":{"y":-0.59,"width":150,"height":150},"EF/MAIN/ef_aura_main/ef_aura_main_00004":{"y":-0.59,"width":150,"height":150},"EF/MAIN/ef_aura_main/ef_aura_main_00005":{"y":-0.59,"width":150,"height":150},"EF/MAIN/ef_aura_main/ef_aura_main_00006":{"y":-0.59,"width":150,"height":150},"EF/MAIN/ef_aura_main/ef_aura_main_00007":{"y":-0.59,"width":150,"height":150},"EF/MAIN/ef_aura_main/ef_aura_main_00008":{"y":-0.59,"width":150,"height":150},"EF/MAIN/ef_aura_main/ef_aura_main_00009":{"y":-0.59,"width":150,"height":150},"EF/MAIN/ef_aura_main/ef_aura_main_00010":{"y":-0.59,"width":150,"height":150},"EF/MAIN/ef_aura_main/ef_aura_main_00011":{"y":-0.59,"width":150,"height":150},"EF/MAIN/ef_aura_main/ef_aura_main_00012":{"y":-0.59,"width":150,"height":150},"EF/MAIN/ef_aura_main/ef_aura_main_00013":{"y":-0.59,"width":150,"height":150},"EF/MAIN/ef_aura_main/ef_aura_main_00014":{"y":-0.59,"width":150,"height":150},"EF/MAIN/ef_aura_main/ef_aura_main_00015":{"y":-0.59,"width":150,"height":150}},"EF/MAIN/ef_aura_main/ef_aura_main_1":{"EF/MAIN/ef_aura_main/ef_aura_main_00001":{"y":-0.59,"width":150,"height":150},"EF/MAIN/ef_aura_main/ef_aura_main_00002":{"y":-0.59,"width":150,"height":150},"EF/MAIN/ef_aura_main/ef_aura_main_00003":{"y":-0.59,"width":150,"height":150},"EF/MAIN/ef_aura_main/ef_aura_main_00004":{"y":-0.59,"width":150,"height":150},"EF/MAIN/ef_aura_main/ef_aura_main_00005":{"y":-0.59,"width":150,"height":150},"EF/MAIN/ef_aura_main/ef_aura_main_00006":{"y":-0.59,"width":150,"height":150},"EF/MAIN/ef_aura_main/ef_aura_main_00007":{"y":-0.59,"width":150,"height":150},"EF/MAIN/ef_aura_main/ef_aura_main_00008":{"y":-0.59,"width":150,"height":150},"EF/MAIN/ef_aura_main/ef_aura_main_00009":{"y":-0.59,"width":150,"height":150},"EF/MAIN/ef_aura_main/ef_aura_main_00010":{"y":-0.59,"width":150,"height":150},"EF/MAIN/ef_aura_main/ef_aura_main_00011":{"y":-0.59,"width":150,"height":150},"EF/MAIN/ef_aura_main/ef_aura_main_00012":{"y":-0.59,"width":150,"height":150},"EF/MAIN/ef_aura_main/ef_aura_main_00013":{"y":-0.59,"width":150,"height":150},"EF/MAIN/ef_aura_main/ef_aura_main_00014":{"y":-0.59,"width":150,"height":150},"EF/MAIN/ef_aura_main/ef_aura_main_00015":{"y":-0.59,"width":150,"height":150}},"EF/MAIN/ef_graund_wave_main 2/ef_graund_wave_main 2_00002":{"EF/ef_graund_wave_main 2/ef_graund_wave_main 2_00002":{"y":18.39,"width":400,"height":240},"EF/ef_graund_wave_main 2/ef_graund_wave_main 2_00004":{"y":18.39,"width":400,"height":240},"EF/ef_graund_wave_main 2/ef_graund_wave_main 2_00006":{"y":18.39,"width":400,"height":240},"EF/ef_graund_wave_main 2/ef_graund_wave_main 2_00008":{"y":18.39,"width":400,"height":240},"EF/ef_graund_wave_main 2/ef_graund_wave_main 2_00010":{"y":18.39,"width":400,"height":240},"EF/ef_graund_wave_main 2/ef_graund_wave_main 2_00012":{"y":18.39,"width":400,"height":240},"EF/ef_graund_wave_main 2/ef_graund_wave_main 2_00014":{"y":18.39,"width":400,"height":240}},"EF/MAIN/ef_graund_wave_main 2/ef_graund_wave_main 2_2":{"EF/ef_graund_wave_main 2/ef_graund_wave_main 2_00002":{"y":18.39,"width":400,"height":240},"EF/ef_graund_wave_main 2/ef_graund_wave_main 2_00004":{"y":18.39,"width":400,"height":240},"EF/ef_graund_wave_main 2/ef_graund_wave_main 2_00006":{"y":18.39,"width":400,"height":240},"EF/ef_graund_wave_main 2/ef_graund_wave_main 2_00008":{"y":18.39,"width":400,"height":240},"EF/ef_graund_wave_main 2/ef_graund_wave_main 2_00010":{"y":18.39,"width":400,"height":240},"EF/ef_graund_wave_main 2/ef_graund_wave_main 2_00012":{"y":18.39,"width":400,"height":240},"EF/ef_graund_wave_main 2/ef_graund_wave_main 2_00014":{"y":18.39,"width":400,"height":240}},"EF/MAIN/ef_trunade_aura_main/ef_trunade_aura_main_00001":{"EF/MAIN/ef_trunade_aura_main/ef_trunade_aura_main_00002":{"x":-5.37,"y":118.41,"width":400,"height":400},"EF/MAIN/ef_trunade_aura_main/ef_trunade_aura_main_00003":{"x":-5.37,"y":118.41,"width":400,"height":400},"EF/MAIN/ef_trunade_aura_main/ef_trunade_aura_main_00004":{"x":-5.37,"y":118.41,"width":400,"height":400},"EF/MAIN/ef_trunade_aura_main/ef_trunade_aura_main_00005":{"x":-5.37,"y":118.41,"width":400,"height":400},"EF/MAIN/ef_trunade_aura_main/ef_trunade_aura_main_00006":{"x":-5.37,"y":118.41,"width":400,"height":400},"EF/MAIN/ef_trunade_aura_main/ef_trunade_aura_main_00007":{"x":-5.37,"y":118.41,"width":400,"height":400},"EF/MAIN/ef_trunade_aura_main/ef_trunade_aura_main_00008":{"x":-5.37,"y":118.41,"width":400,"height":400}},"HITBOX":{"HITBOX":{"type":"boundingbox","vertices":[-20.46907,-27.94347,16.66791,-27.65047,16.19589,41.43844,-20.41207,41.40043]}},"MAIN":{"attack_00":{"y":-7.17,"scaleX":2,"scaleY":2,"width":256,"height":256},"attack_01":{"y":-7.17,"scaleX":2,"scaleY":2,"width":256,"height":256},"attack_02":{"y":-7.17,"scaleX":2,"scaleY":2,"width":256,"height":256},"attack_03":{"y":-7.17,"scaleX":2,"scaleY":2,"width":256,"height":256},"attack_04":{"y":-7.17,"scaleX":2,"scaleY":2,"width":256,"height":256},"attack_05":{"y":-7.17,"scaleX":2,"scaleY":2,"width":256,"height":256},"attack_06":{"y":-7.17,"scaleX":2,"scaleY":2,"width":256,"height":256},"attack_07":{"y":-7.17,"scaleX":2,"scaleY":2,"width":256,"height":256},"back_00":{"y":-7.17,"scaleX":2,"scaleY":2,"width":256,"height":256},"damage_00":{"y":-7.17,"scaleX":2,"scaleY":2,"width":256,"height":256},"front_00":{"y":-7.17,"scaleX":2,"scaleY":2,"width":256,"height":256},"idle_00":{"y":-7.17,"scaleX":2,"scaleY":2,"width":256,"height":256},"idle_01":{"y":-7.17,"scaleX":2,"scaleY":2,"width":256,"height":256},"idle_02":{"y":-7.17,"scaleX":2,"scaleY":2,"width":256,"height":256},"idle_03":{"y":-7.17,"scaleX":2,"scaleY":2,"width":256,"height":256},"in_00":{"y":-7.17,"scaleX":2,"scaleY":2,"width":256,"height":256},"in_01":{"y":-7.17,"scaleX":2,"scaleY":2,"width":256,"height":256},"in_02":{"y":-7.17,"scaleX":2,"scaleY":2,"width":256,"height":256},"in_03":{"y":-7.17,"scaleX":2,"scaleY":2,"width":256,"height":256},"in_04":{"y":-7.17,"scaleX":2,"scaleY":2,"width":256,"height":256},"in_05":{"y":-7.17,"scaleX":2,"scaleY":2,"width":256,"height":256},"skill1_00":{"y":-7.17,"scaleX":2,"scaleY":2,"width":256,"height":256},"skill1_01":{"y":-7.17,"scaleX":2,"scaleY":2,"width":256,"height":256},"skill1_02":{"y":-7.17,"scaleX":2,"scaleY":2,"width":256,"height":256},"skill1_03":{"y":-7.17,"scaleX":2,"scaleY":2,"width":256,"height":256},"skill1_04":{"y":-7.17,"scaleX":2,"scaleY":2,"width":256,"height":256},"skill1_05":{"y":-7.17,"scaleX":2,"scaleY":2,"width":256,"height":256},"skill1_06":{"y":-7.17,"scaleX":2,"scaleY":2,"width":256,"height":256},"skill1_07":{"y":-7.17,"scaleX":2,"scaleY":2,"width":256,"height":256},"skill1_08":{"y":-7.17,"scaleX":2,"scaleY":2,"width":256,"height":256},"skill1_09":{"y":-7.17,"scaleX":2,"scaleY":2,"width":256,"height":256},"skill1_10":{"y":-7.17,"scaleX":2,"scaleY":2,"width":256,"height":256},"skill2_00":{"y":-7.17,"scaleX":2,"scaleY":2,"width":256,"height":256},"skill2_01":{"y":-7.17,"scaleX":2,"scaleY":2,"width":256,"height":256},"skill2_02":{"y":-7.17,"scaleX":2,"scaleY":2,"width":256,"height":256},"skill2_03":{"y":-7.17,"scaleX":2,"scaleY":2,"width":256,"height":256},"skill2_04":{"y":-7.17,"scaleX":2,"scaleY":2,"width":256,"height":256},"skill2_05":{"y":-7.17,"scaleX":2,"scaleY":2,"width":256,"height":256},"skill3_00":{"y":-7.17,"scaleX":2,"scaleY":2,"width":256,"height":256},"skill3_01":{"y":-7.17,"scaleX":2,"scaleY":2,"width":256,"height":256},"skill3_02":{"y":-7.17,"scaleX":2,"scaleY":2,"width":256,"height":256},"skill3_03":{"y":-7.17,"scaleX":2,"scaleY":2,"width":256,"height":256},"skill3_04":{"y":-7.17,"scaleX":2,"scaleY":2,"width":256,"height":256},"skill3_05":{"y":-7.17,"scaleX":2,"scaleY":2,"width":256,"height":256},"skill3_06":{"y":-7.17,"scaleX":2,"scaleY":2,"width":256,"height":256},"skill3_07":{"y":-7.17,"scaleX":2,"scaleY":2,"width":256,"height":256},"skill3_08":{"y":-7.17,"scaleX":2,"scaleY":2,"width":256,"height":256},"skill3_09":{"y":-7.17,"scaleX":2,"scaleY":2,"width":256,"height":256},"skill3_10":{"y":-7.17,"scaleX":2,"scaleY":2,"width":256,"height":256},"skill3_11":{"y":-7.17,"scaleX":2,"scaleY":2,"width":256,"height":256},"skill3_12":{"y":-7.17,"scaleX":2,"scaleY":2,"width":256,"height":256},"skill3_13":{"y":-7.17,"scaleX":2,"scaleY":2,"width":256,"height":256}},"in_w_00":{"in_w_00":{"x":1.05,"y":9.72,"width":256,"height":256},"in_w_01":{"x":1.05,"y":9.72,"width":256,"height":256}}}},"events":{"Event":{},"Event2":{},"Hit":{},"Sound1":{},"Sound2":{},"Sound3":{},"Voice":{}},"animations":{"attack1":{"slots":{"AURA1":{"attachment":[{"time":0,"name":"aura/aura_attack_02"},{"time":0.0666,"name":"aura/aura_attack_01"},{"time":0.1333,"name":"aura/aura_attack_02"},{"time":0.2333,"name":"aura/aura_attack_01"},{"time":0.3333,"name":"aura/aura_attack_02"},{"time":0.4666,"name":"aura/aura_attack_03"},{"time":0.5666,"name":"aura/aura_attack_04"},{"time":0.6666,"name":"aura/aura_attack_05"},{"time":0.7666,"name":"aura/aura_attack_06"},{"time":0.8333,"name":"aura/aura_attack_07"},{"time":0.9,"name":"aura/aura_attack_06"},{"time":0.9666,"name":"aura/aura_attack_07"},{"time":1.0666,"name":"aura/aura_attack_06"},{"time":1.1666,"name":"aura/aura_attack_07"},{"time":1.4,"name":null}],"color":[{"time":0,"color":"039fffff"},{"time":0.1,"color":"fdfffe00"},{"time":0.3666,"color":"039fffff","curve":"stepped"},{"time":1.2,"color":"039fffff"},{"time":1.3333,"color":"fdfffe00"}]},"AURA2":{"attachment":[{"time":0,"name":"aura/aura_attack_02"},{"time":0.0666,"name":"aura/aura_attack_01"},{"time":0.1333,"name":"aura/aura_attack_02"},{"time":0.2333,"name":"aura/aura_attack_01"},{"time":0.3333,"name":"aura/aura_attack_02"},{"time":0.4666,"name":"aura/aura_attack_03"},{"time":0.5666,"name":"aura/aura_attack_04"},{"time":0.6666,"name":"aura/aura_attack_05"},{"time":0.7666,"name":"aura/aura_attack_06"},{"time":0.8333,"name":"aura/aura_attack_07"},{"time":0.9,"name":"aura/aura_attack_06"},{"time":0.9666,"name":"aura/aura_attack_07"},{"time":1.0666,"name":"aura/aura_attack_06"},{"time":1.1666,"name":"aura/aura_attack_07"},{"time":1.4,"name":null}],"color":[{"time":0,"color":"007dffff"},{"time":0.1,"color":"fdfffe00"},{"time":0.3666,"color":"007dffff","curve":"stepped"},{"time":1.2,"color":"007dffff"},{"time":1.3333,"color":"fdfffe00"}]},"EF/MAIN/ef_graund_wave_main 2/ef_graund_wave_main 2_00002":{"attachment":[{"time":0,"name":null},{"time":0.0333,"name":"EF/ef_graund_wave_main 2/ef_graund_wave_main 2_00002"},{"time":0.0666,"name":"EF/ef_graund_wave_main 2/ef_graund_wave_main 2_00004"},{"time":0.1,"name":"EF/ef_graund_wave_main 2/ef_graund_wave_main 2_00006"},{"time":0.1333,"name":"EF/ef_graund_wave_main 2/ef_graund_wave_main 2_00008"},{"time":0.1666,"name":"EF/ef_graund_wave_main 2/ef_graund_wave_main 2_00010"},{"time":0.2333,"name":"EF/ef_graund_wave_main 2/ef_graund_wave_main 2_00012"},{"time":0.3,"name":"EF/ef_graund_wave_main 2/ef_graund_wave_main 2_00014"},{"time":0.3666,"name":null}]},"MAIN":{"attachment":[{"time":0,"name":"attack_02"},{"time":0.0666,"name":"attack_01"},{"time":0.1333,"name":"attack_00"},{"time":0.2333,"name":"attack_01"},{"time":0.3333,"name":"attack_02"},{"time":0.4666,"name":"attack_03"},{"time":0.5666,"name":"attack_04"},{"time":0.6666,"name":"attack_05"},{"time":0.7666,"name":"attack_06"},{"time":0.8333,"name":"attack_07"},{"time":0.9,"name":"attack_06"},{"time":0.9666,"name":"attack_07"},{"time":1.0666,"name":"attack_06"},{"time":1.1666,"name":"attack_07"},{"time":1.4,"name":"skill2_05"},{"time":1.5333,"name":"idle_00"},{"time":1.7333,"name":"idle_00"}]}},"bones":{"MAIN":{"translate":[{"time":0,"x":0,"y":0}]},"graund_wave_00":{"translate":[{"time":0,"x":-110.41,"y":-9.4,"curve":"stepped"},{"time":0.0333,"x":-110.41,"y":-9.4}],"scale":[{"time":0,"x":1.295,"y":1.295,"curve":"stepped"},{"time":0.0333,"x":1.295,"y":1.295}]}},"events":[{"time":0,"name":"Event","string":"setHitEffect(hit04e, 1,0.75,1)"},{"time":0,"name":"Sound1","string":"cri_se_battle_magic_Invocation_dark"},{"time":0.6666,"name":"Event","string":"addOrbitSystemShot(shot,hit,1)"},{"time":0.6666,"name":"Voice","string":"cri_722_voice_attack_random"}]},"back":{"slots":{"MAIN":{"attachment":[{"time":0,"name":"back_00"},{"time":0.3666,"name":"idle_03"},{"time":0.4333,"name":"idle_00"}]}},"bones":{"MAIN":{"translate":[{"time":0,"x":0,"y":0,"curve":[0.233,0,0.521,1]},{"time":0.3666,"x":125,"y":0,"curve":[0.091,0.7,0.75,1]},{"time":0.5666,"x":140,"y":0}]}}},"cast":{"slots":{"MAIN":{"attachment":[{"time":0,"name":"attack_00"},{"time":0.1,"name":"attack_01"},{"time":0.2,"name":"attack_00"},{"time":0.3,"name":"attack_03"},{"time":0.4,"name":"attack_04"},{"time":0.5,"name":"attack_05"},{"time":0.6,"name":"attack_06"},{"time":0.7,"name":"attack_07"},{"time":0.9,"name":"skill2_05"},{"time":1,"name":"idle_00"}]}},"bones":{"MAIN":{"translate":[{"time":0,"x":0,"y":0}]}},"events":[{"time":0.4,"name":"Voice","string":"cri_722_voice_item"}]},"damage":{"slots":{"MAIN":{"attachment":[{"time":0,"name":"damage_00"}]}}},"front":{"slots":{"MAIN":{"attachment":[{"time":0,"name":"front_00"}]}}},"idle":{"slots":{"MAIN":{"attachment":[{"time":0,"name":"idle_00"},{"time":0.2666,"name":"idle_01"},{"time":0.5,"name":"idle_02"},{"time":0.7666,"name":"idle_03"},{"time":1,"name":"idle_00"}]}}},"in":{"slots":{"MAIN":{"attachment":[{"time":0,"name":"in_00"},{"time":0.3,"name":"in_01"},{"time":0.4,"name":"in_02"},{"time":0.5,"name":"in_03"},{"time":0.6,"name":"in_04"},{"time":0.8333,"name":"in_05"},{"time":0.9666,"name":"idle_03"},{"time":1.1666,"name":"idle_00"}],"color":[{"time":0,"color":"ffffff00"},{"time":0.2666,"color":"ffffffff"}]},"in_w_00":{"attachment":[{"time":0.6,"name":"in_w_00"},{"time":0.9,"name":"in_w_01"}],"color":[{"time":0.9333,"color":"ffffffff","curve":[0.25,0,1,1]},{"time":1.1666,"color":"ffffff00"}]}},"bones":{"MAIN":{"translate":[{"time":0,"x":87.21,"y":64.31,"curve":[0.152,0.48,0.773,1]},{"time":0.2666,"x":30.65,"y":0,"curve":"stepped"},{"time":0.3,"x":4.93,"y":0,"curve":[0.132,0.63,0.75,1]},{"time":0.6333,"x":0,"y":0}]},"in_w":{"translate":[{"time":0.6,"x":-194.03,"y":88.97,"curve":"stepped"},{"time":0.6666,"x":-194.03,"y":94.34,"curve":"stepped"},{"time":0.7333,"x":-194.03,"y":92.98,"curve":"stepped"},{"time":0.8,"x":-194.03,"y":86.72,"curve":"stepped"},{"time":0.9,"x":-194.03,"y":42.25,"curve":"stepped"},{"time":1,"x":-194.03,"y":9.64}]}},"events":[{"time":0.3,"name":"Sound1","string":"cri_se_battle_landing"}]},"skill1":{"slots":{"AURA1":{"attachment":[{"time":0,"name":"aura/aura_skill1_00"},{"time":0.1333,"name":"aura/aura_skill1_01"},{"time":0.2666,"name":"aura/aura_skill1_02"},{"time":0.5666,"name":"aura/aura_skill1_03"},{"time":0.6333,"name":"aura/aura_skill1_04"},{"time":0.7,"name":"aura/aura_skill1_05"},{"time":0.7666,"name":"aura/aura_skill1_06"},{"time":0.8333,"name":"aura/aura_skill1_05"},{"time":0.9333,"name":"aura/aura_skill1_06"},{"time":1.0333,"name":"aura/aura_skill1_05"},{"time":1.1333,"name":"aura/aura_skill1_06"},{"time":1.5666,"name":"aura/aura_skill1_07"},{"time":1.6666,"name":"aura/aura_skill1_08"},{"time":1.7666,"name":"aura/aura_skill1_09"},{"time":1.8666,"name":"aura/aura_skill1_10"},{"time":1.9666,"name":null}],"color":[{"time":0,"color":"fdfeff00","curve":"stepped"},{"time":0.3333,"color":"fdfeff00"},{"time":0.5,"color":"039fffff","curve":"stepped"},{"time":1.5333,"color":"039fffff"},{"time":1.7,"color":"fdfeff00"}]},"AURA2":{"attachment":[{"time":0,"name":"aura/aura_skill1_00"},{"time":0.1333,"name":"aura/aura_skill1_01"},{"time":0.2666,"name":"aura/aura_skill1_02"},{"time":0.5666,"name":"aura/aura_skill1_03"},{"time":0.6333,"name":"aura/aura_skill1_04"},{"time":0.7,"name":"aura/aura_skill1_05"},{"time":0.7666,"name":"aura/aura_skill1_06"},{"time":0.8333,"name":"aura/aura_skill1_05"},{"time":0.9333,"name":"aura/aura_skill1_06"},{"time":1.0333,"name":"aura/aura_skill1_05"},{"time":1.1333,"name":"aura/aura_skill1_06"},{"time":1.5666,"name":"aura/aura_skill1_07"},{"time":1.6666,"name":"aura/aura_skill1_08"},{"time":1.7666,"name":"aura/aura_skill1_09"},{"time":1.8666,"name":"aura/aura_skill1_10"},{"time":1.9666,"name":null}],"color":[{"time":0,"color":"fdfeff00","curve":"stepped"},{"time":0.3333,"color":"fdfeff00"},{"time":0.5,"color":"007dffff","curve":"stepped"},{"time":1.5333,"color":"007dffff"},{"time":1.7,"color":"fdfeff00"}]},"MAIN":{"attachment":[{"time":0,"name":"skill1_00"},{"time":0.1333,"name":"skill1_01"},{"time":0.2666,"name":"skill1_02"},{"time":0.5666,"name":"skill1_03"},{"time":0.6333,"name":"skill1_04"},{"time":0.7,"name":"skill1_05"},{"time":0.7666,"name":"skill1_06"},{"time":0.8333,"name":"skill1_05"},{"time":0.9333,"name":"skill1_06"},{"time":1.0333,"name":"skill1_05"},{"time":1.1333,"name":"skill1_06"},{"time":1.5666,"name":"skill1_07"},{"time":1.6666,"name":"skill1_08"},{"time":1.7666,"name":"skill1_09"},{"time":1.8666,"name":"skill1_10"},{"time":1.9666,"name":"skill1_10"},{"time":2.0333,"name":"idle_00"}]}},"bones":{"MAIN":{"translate":[{"time":0,"x":0,"y":0,"curve":"stepped"},{"time":1.5666,"x":15.64,"y":0,"curve":"stepped"},{"time":1.6666,"x":43.8,"y":0,"curve":"stepped"},{"time":1.7666,"x":53.19,"y":0,"curve":"stepped"},{"time":1.8666,"x":59.45,"y":0}]}},"events":[{"time":0,"name":"Event","string":"addOrbitSystem_skill1_orbit_B"},{"time":0.6,"name":"Event","string":"runScript_skill1_orbit_F"},{"time":0.6,"name":"Voice","string":"cri_722_voice_skill_all"}]},"skill2":{"slots":{"AURA1":{"attachment":[{"time":0.4666,"name":"aura/aura_skill2_00"},{"time":0.5666,"name":"aura/aura_skill2_01"},{"time":0.6333,"name":"aura/aura_skill2_02"},{"time":0.7,"name":"aura/aura_skill2_01"},{"time":0.7666,"name":"aura/aura_skill2_02"},{"time":0.8666,"name":"aura/aura_skill2_01"},{"time":0.9666,"name":"aura/aura_skill2_02"},{"time":1.1333,"name":"aura/aura_attack_03"},{"time":1.3,"name":"aura/aura_skill2_03"},{"time":1.8333,"name":"aura/aura_skill2_04"},{"time":1.9,"name":"aura/aura_skill2_05"},{"time":1.9666,"name":"aura/aura_skill2_04"},{"time":2.0333,"name":"aura/aura_skill2_05"},{"time":2.1,"name":"aura/aura_skill2_04"},{"time":2.1666,"name":"aura/aura_skill2_05"},{"time":2.2666,"name":"aura/aura_skill2_04"},{"time":2.3666,"name":"aura/aura_skill2_05"},{"time":2.5666,"name":null}],"color":[{"time":2.3333,"color":"039fffff"},{"time":2.5333,"color":"fdfeff00"}]},"AURA2":{"attachment":[{"time":0.4666,"name":"aura/aura_skill2_00"},{"time":0.5666,"name":"aura/aura_skill2_01"},{"time":0.6333,"name":"aura/aura_skill2_02"},{"time":0.7,"name":"aura/aura_skill2_01"},{"time":0.7666,"name":"aura/aura_skill2_02"},{"time":0.8666,"name":"aura/aura_skill2_01"},{"time":0.9666,"name":"aura/aura_skill2_02"},{"time":1.1333,"name":"aura/aura_attack_03"},{"time":1.3,"name":"aura/aura_skill2_03"},{"time":1.8333,"name":"aura/aura_skill2_04"},{"time":1.9,"name":"aura/aura_skill2_05"},{"time":1.9666,"name":"aura/aura_skill2_04"},{"time":2.0333,"name":"aura/aura_skill2_05"},{"time":2.1,"name":"aura/aura_skill2_04"},{"time":2.1666,"name":"aura/aura_skill2_05"},{"time":2.2666,"name":"aura/aura_skill2_04"},{"time":2.3666,"name":"aura/aura_skill2_05"},{"time":2.5666,"name":null}],"color":[{"time":2.3333,"color":"007dffff"},{"time":2.5333,"color":"fdfffe00"}]},"EF/MAIN/ef_graund_wave_main 2/ef_graund_wave_main 2_00002":{"attachment":[{"time":0.4666,"name":"EF/ef_graund_wave_main 2/ef_graund_wave_main 2_00002"},{"time":0.5,"name":"EF/ef_graund_wave_main 2/ef_graund_wave_main 2_00004"},{"time":0.5333,"name":"EF/ef_graund_wave_main 2/ef_graund_wave_main 2_00006"},{"time":0.5666,"name":"EF/ef_graund_wave_main 2/ef_graund_wave_main 2_00008"},{"time":0.6,"name":"EF/ef_graund_wave_main 2/ef_graund_wave_main 2_00010"},{"time":0.6333,"name":"EF/ef_graund_wave_main 2/ef_graund_wave_main 2_00012"},{"time":0.6666,"name":"EF/ef_graund_wave_main 2/ef_graund_wave_main 2_00014"},{"time":0.7,"name":null}]},"EF/MAIN/ef_graund_wave_main 2/ef_graund_wave_main 2_2":{"attachment":[{"time":0.5333,"name":"EF/ef_graund_wave_main 2/ef_graund_wave_main 2_00002"},{"time":0.5666,"name":"EF/ef_graund_wave_main 2/ef_graund_wave_main 2_00004"},{"time":0.6,"name":"EF/ef_graund_wave_main 2/ef_graund_wave_main 2_00006"},{"time":0.6333,"name":"EF/ef_graund_wave_main 2/ef_graund_wave_main 2_00008"},{"time":0.7,"name":"EF/ef_graund_wave_main 2/ef_graund_wave_main 2_00010"},{"time":0.7666,"name":"EF/ef_graund_wave_main 2/ef_graund_wave_main 2_00012"},{"time":0.8333,"name":"EF/ef_graund_wave_main 2/ef_graund_wave_main 2_00014"},{"time":0.9,"name":null}]},"EF/MAIN/ef_trunade_aura_main/ef_trunade_aura_main_00001":{"attachment":[{"time":0.4666,"name":"EF/MAIN/ef_trunade_aura_main/ef_trunade_aura_main_00002"},{"time":0.5,"name":"EF/MAIN/ef_trunade_aura_main/ef_trunade_aura_main_00003"},{"time":0.5333,"name":"EF/MAIN/ef_trunade_aura_main/ef_trunade_aura_main_00004"},{"time":0.5666,"name":"EF/MAIN/ef_trunade_aura_main/ef_trunade_aura_main_00005"},{"time":0.6,"name":"EF/MAIN/ef_trunade_aura_main/ef_trunade_aura_main_00006"},{"time":0.6333,"name":"EF/MAIN/ef_trunade_aura_main/ef_trunade_aura_main_00007"},{"time":0.6666,"name":"EF/MAIN/ef_trunade_aura_main/ef_trunade_aura_main_00008"},{"time":0.7666,"name":null}]},"MAIN":{"attachment":[{"time":0,"name":"skill1_00"},{"time":0.1,"name":"skill1_01"},{"time":0.2,"name":"skill1_02"},{"time":0.4666,"name":"skill2_00"},{"time":0.5666,"name":"skill2_01"},{"time":0.6333,"name":"skill2_02"},{"time":0.7,"name":"skill2_01"},{"time":0.7666,"name":"skill2_02"},{"time":0.8666,"name":"skill2_01"},{"time":0.9666,"name":"skill2_02"},{"time":1.1333,"name":"attack_03"},{"time":1.3,"name":"attack_04"},{"time":1.8333,"name":"skill2_03"},{"time":1.9,"name":"skill2_04"},{"time":1.9666,"name":"skill2_03"},{"time":2.0333,"name":"skill2_04"},{"time":2.1,"name":"skill2_03"},{"time":2.1666,"name":"skill2_04"},{"time":2.2666,"name":"skill2_03"},{"time":2.3666,"name":"skill2_04"},{"time":2.5666,"name":"skill2_05"},{"time":2.7,"name":"idle_00"}]}},"bones":{"MAIN":{"translate":[{"time":0.4666,"x":-7.3,"y":0}]},"aura_00":{"translate":[{"time":0.4666,"x":-127.34,"y":-55.47}],"scale":[{"time":0.4666,"x":1.796,"y":1.796}]},"graund_wave_00":{"translate":[{"time":0.4666,"x":-117.89,"y":-5.84}],"scale":[{"time":0.4666,"x":1.537,"y":1.537},{"time":0.7,"x":1.87,"y":1.87}]},"graund_wave_01":{"translate":[{"time":0.5333,"x":-117.89,"y":-5.84}],"scale":[{"time":0.5333,"x":1.537,"y":1.537},{"time":0.9,"x":1.87,"y":1.87}]}},"events":[{"time":0,"name":"Voice","string":"cri_722_voice_fullarts_now"},{"time":0.4666,"name":"Sound1","string":"cri_se_battle_thunder_small"},{"time":0.5333,"name":"Event2","float":0.5,"string":"shakeGround"},{"time":1.7,"name":"Event2","float":1,"string":"shakeGround"},{"time":1.7,"name":"Voice","string":"cri_722_voice_fullarts_rank5"},{"time":1.8333,"name":"Event","string":"addOrbitSystem_skill2_orbit"},{"time":1.8333,"name":"Event2","float":1.1,"string":"shakeGround"},{"time":1.8333,"name":"Sound1","string":"cri_se_battle_storm"},{"time":1.9666,"name":"Event2","float":1.2,"string":"shakeGround"},{"time":2.1,"name":"Event2","float":1.5,"string":"shakeGround"},{"time":2.2333,"name":"Event2","float":2,"string":"shakeGround"},{"time":2.3666,"name":"Event2","float":1.5,"string":"shakeGround"},{"time":2.5,"name":"Event2","float":1,"string":"shakeGround"}]}}}