{"skeleton":{"hash":"fcC/D8kDPG3kS6wTIhfrVI7BmxU","spine":"3.0.12","width":0,"height":0},"bones":[{"name":"root"},{"name":"MAIN","parent":"root"},{"name":"dark4","parent":"MAIN","x":-2.42,"y":-0.43,"scaleX":-1},{"name":"dark3","parent":"MAIN","x":-2.42,"y":-0.43,"scaleX":-1},{"name":"dark","parent":"MAIN","x":-2.42,"y":-0.43},{"name":"EFTornado2","parent":"MAIN"},{"name":"710_S1_wave3","parent":"EFTornado2"},{"name":"710_S1_wave1","parent":"EFTornado2"},{"name":"310_S2_tornado2","parent":"EFTornado2"},{"name":"EFTornado1","parent":"MAIN"},{"name":"710_S1_wave4","parent":"EFTornado1"},{"name":"710_S1_wave2","parent":"EFTornado1"},{"name":"310_S2_tornado1","parent":"EFTornado1"},{"name":"dark2","parent":"310_S2_tornado1","x":-1.94,"y":-26.46},{"name":"510_S1_slash1","parent":"MAIN"},{"name":"310_S1_wave3","parent":"MAIN"},{"name":"310_S1_wave2","parent":"MAIN"},{"name":"310_S1_wave1","parent":"MAIN","scaleX":1.697,"scaleY":1.697},{"name":"310_S1_shine1","parent":"MAIN","scaleX":1.5,"scaleY":1.5},{"name":"DAMAGEAREA","parent":"root"}],"slots":[{"name":"EF/310_S1_shine1/310_S1_shine1_00000","bone":"310_S1_shine1","blend":"additive"},{"name":"EF/310_S1_wave1/310_S1_wave1_00000","bone":"310_S1_wave1","blend":"additive"},{"name":"EF/310_S1_wave2/310_S1_wave2_00000","bone":"310_S1_wave2","blend":"additive"},{"name":"EF/310_S1_wave3/310_S1_wave3_00000","bone":"310_S1_wave3","blend":"additive"},{"name":"EF/310_S1_wave3/310_S1_wave3_0","bone":"310_S1_wave3","blend":"additive"},{"name":"EF/310_S2_tornado1/310_S2_tornado1_00000","bone":"310_S2_tornado1","blend":"additive"},{"name":"EF/310_S2_tornado1/310_S2_tornado1_1","bone":"310_S2_tornado1","blend":"additive"},{"name":"EF/310_S2_tornado1/310_S2_tornado1_0","bone":"310_S2_tornado2","blend":"additive"},{"name":"EF/510_S1_slash1/510_S1_slash1_00000","bone":"510_S1_slash1","blend":"additive"},{"name":"EF/710_S1_wave1/710_S1_wave1_00000","bone":"710_S1_wave1","blend":"additive"},{"name":"EF/710_S1_wave1/710_S1_wave1_1","bone":"710_S1_wave3","blend":"additive"},{"name":"EF/710_S1_wave1/710_S1_wave1_0","bone":"710_S1_wave2","blend":"additive"},{"name":"EF/710_S1_wave1/710_S1_wave1_4","bone":"710_S1_wave2","blend":"additive"},{"name":"EF/710_S1_wave1/710_S1_wave1_2","bone":"710_S1_wave4","blend":"additive"},{"name":"EF/710_S1_wave1/710_S1_wave1_3","bone":"710_S1_wave4","blend":"additive"},{"name":"DAMAGEAREA","bone":"DAMAGEAREA"},{"name":"EF/9090A_A1_fire2/9090A_A1_fire2_00000","bone":"dark","blend":"additive"},{"name":"EF/9090A_A1_fire2/9090A_A1_fire2_3","bone":"dark3","blend":"additive"},{"name":"EF/9090A_A1_fire2/9090A_A1_fire2_5","bone":"dark4","blend":"additive"},{"name":"EF/9090A_A1_fire2/9090A_A1_fire2_1","bone":"dark","blend":"additive"},{"name":"EF/9090A_A1_fire2/9090A_A1_fire2_4","bone":"dark3","blend":"additive"},{"name":"EF/9090A_A1_fire2/9090A_A1_fire2_6","bone":"dark4","blend":"additive"},{"name":"EF/9090A_A1_fire2/9090A_A1_fire2_0","bone":"dark2","blend":"additive"},{"name":"EF/9090A_A1_fire2/9090A_A1_fire2_2","bone":"dark2","blend":"additive"}],"skins":{"default":{"DAMAGEAREA":{"DAMAGEAREA":{"type":"boundingbox","vertices":[-99.27615,98.22729,-97.66409,-101.66061,100.61183,-103.27264,102.22382,98.22729]}},"EF/310_S1_shine1/310_S1_shine1_00000":{"EF/310_S1_shine1/310_S1_shine1_00000":{"width":250,"height":250}},"EF/310_S1_wave1/310_S1_wave1_00000":{"EF/310_S1_wave1/310_S1_wave1_00000":{"width":300,"height":300}},"EF/310_S1_wave2/310_S1_wave2_00000":{"EF/310_S1_wave2/310_S1_wave2_00001":{"width":450,"height":450},"EF/310_S1_wave2/310_S1_wave2_00002":{"width":450,"height":450},"EF/310_S1_wave2/310_S1_wave2_00003":{"width":450,"height":450},"EF/310_S1_wave2/310_S1_wave2_00004":{"width":450,"height":450},"EF/310_S1_wave2/310_S1_wave2_00005":{"width":450,"height":450}},"EF/310_S1_wave3/310_S1_wave3_0":{"EF/310_S1_wave3/310_S1_wave3_00000":{"width":450,"height":450},"EF/310_S1_wave3/310_S1_wave3_00001":{"width":450,"height":450},"EF/310_S1_wave3/310_S1_wave3_00002":{"width":450,"height":450},"EF/310_S1_wave3/310_S1_wave3_00003":{"width":450,"height":450},"EF/310_S1_wave3/310_S1_wave3_00004":{"width":450,"height":450},"EF/310_S1_wave3/310_S1_wave3_00005":{"width":450,"height":450},"EF/310_S1_wave3/310_S1_wave3_00006":{"width":450,"height":450}},"EF/310_S1_wave3/310_S1_wave3_00000":{"EF/310_S1_wave3/310_S1_wave3_00000":{"width":450,"height":450},"EF/310_S1_wave3/310_S1_wave3_00001":{"width":450,"height":450},"EF/310_S1_wave3/310_S1_wave3_00002":{"width":450,"height":450},"EF/310_S1_wave3/310_S1_wave3_00003":{"width":450,"height":450},"EF/310_S1_wave3/310_S1_wave3_00004":{"width":450,"height":450},"EF/310_S1_wave3/310_S1_wave3_00005":{"width":450,"height":450},"EF/310_S1_wave3/310_S1_wave3_00006":{"width":450,"height":450}},"EF/310_S2_tornado1/310_S2_tornado1_0":{"EF/310_S2_tornado1/310_S2_tornado1_00000":{"width":389,"height":389},"EF/310_S2_tornado1/310_S2_tornado1_00001":{"width":389,"height":389},"EF/310_S2_tornado1/310_S2_tornado1_00002":{"width":389,"height":389},"EF/310_S2_tornado1/310_S2_tornado1_00003":{"width":389,"height":389},"EF/310_S2_tornado1/310_S2_tornado1_00004":{"width":389,"height":389}},"EF/310_S2_tornado1/310_S2_tornado1_00000":{"EF/310_S2_tornado1/310_S2_tornado1_00000":{"width":389,"height":389},"EF/310_S2_tornado1/310_S2_tornado1_00001":{"width":389,"height":389},"EF/310_S2_tornado1/310_S2_tornado1_00002":{"width":389,"height":389},"EF/310_S2_tornado1/310_S2_tornado1_00003":{"width":389,"height":389},"EF/310_S2_tornado1/310_S2_tornado1_00004":{"width":389,"height":389}},"EF/310_S2_tornado1/310_S2_tornado1_1":{"EF/310_S2_tornado1/310_S2_tornado1_00000":{"width":389,"height":389},"EF/310_S2_tornado1/310_S2_tornado1_00001":{"width":389,"height":389},"EF/310_S2_tornado1/310_S2_tornado1_00002":{"width":389,"height":389},"EF/310_S2_tornado1/310_S2_tornado1_00003":{"width":389,"height":389},"EF/310_S2_tornado1/310_S2_tornado1_00004":{"width":389,"height":389}},"EF/510_S1_slash1/510_S1_slash1_00000":{"EF/510_S1_slash1/510_S1_slash1_00000":{"width":360,"height":360}},"EF/710_S1_wave1/710_S1_wave1_0":{"EF/710_S1_wave1/710_S1_wave1_00000":{"width":200,"height":200},"EF/710_S1_wave1/710_S1_wave1_00001":{"width":200,"height":200},"EF/710_S1_wave1/710_S1_wave1_00002":{"width":200,"height":200}},"EF/710_S1_wave1/710_S1_wave1_00000":{"EF/710_S1_wave1/710_S1_wave1_00000":{"width":200,"height":200},"EF/710_S1_wave1/710_S1_wave1_00001":{"width":200,"height":200},"EF/710_S1_wave1/710_S1_wave1_00002":{"width":200,"height":200}},"EF/710_S1_wave1/710_S1_wave1_1":{"EF/710_S1_wave1/710_S1_wave1_00000":{"width":200,"height":200},"EF/710_S1_wave1/710_S1_wave1_00001":{"width":200,"height":200},"EF/710_S1_wave1/710_S1_wave1_00002":{"width":200,"height":200}},"EF/710_S1_wave1/710_S1_wave1_2":{"EF/710_S1_wave1/710_S1_wave1_00000":{"width":200,"height":200},"EF/710_S1_wave1/710_S1_wave1_00001":{"width":200,"height":200},"EF/710_S1_wave1/710_S1_wave1_00002":{"width":200,"height":200}},"EF/710_S1_wave1/710_S1_wave1_3":{"EF/710_S1_wave1/710_S1_wave1_00000":{"width":200,"height":200},"EF/710_S1_wave1/710_S1_wave1_00001":{"width":200,"height":200},"EF/710_S1_wave1/710_S1_wave1_00002":{"width":200,"height":200}},"EF/710_S1_wave1/710_S1_wave1_4":{"EF/710_S1_wave1/710_S1_wave1_00000":{"width":200,"height":200},"EF/710_S1_wave1/710_S1_wave1_00001":{"width":200,"height":200},"EF/710_S1_wave1/710_S1_wave1_00002":{"width":200,"height":200}},"EF/9090A_A1_fire2/9090A_A1_fire2_0":{"EF/9090A_A1_fire2/9090A_A1_fire2_00000":{"x":-1.49,"y":0.24,"width":250,"height":250},"EF/9090A_A1_fire2/9090A_A1_fire2_00001":{"x":-1.49,"y":0.24,"width":250,"height":250},"EF/9090A_A1_fire2/9090A_A1_fire2_00002":{"x":-1.49,"y":0.24,"width":250,"height":250},"EF/9090A_A1_fire2/9090A_A1_fire2_00003":{"x":-1.49,"y":0.24,"width":250,"height":250},"EF/9090A_A1_fire2/9090A_A1_fire2_00004":{"x":-1.49,"y":0.24,"width":250,"height":250},"EF/9090A_A1_fire2/9090A_A1_fire2_00005":{"x":-1.49,"y":0.24,"width":250,"height":250},"EF/9090A_A1_fire2/9090A_A1_fire2_00006":{"x":-1.49,"y":0.24,"width":250,"height":250},"EF/9090A_A1_fire2/9090A_A1_fire2_00007":{"x":-1.49,"y":0.24,"width":250,"height":250},"EF/9090A_A1_fire2/9090A_A1_fire2_00008":{"x":-1.49,"y":0.24,"width":250,"height":250}},"EF/9090A_A1_fire2/9090A_A1_fire2_00000":{"EF/9090A_A1_fire2/9090A_A1_fire2_00000":{"x":-1.49,"y":0.24,"width":250,"height":250},"EF/9090A_A1_fire2/9090A_A1_fire2_00001":{"x":-1.49,"y":0.24,"width":250,"height":250},"EF/9090A_A1_fire2/9090A_A1_fire2_00002":{"x":-1.49,"y":0.24,"width":250,"height":250},"EF/9090A_A1_fire2/9090A_A1_fire2_00003":{"x":-1.49,"y":0.24,"width":250,"height":250},"EF/9090A_A1_fire2/9090A_A1_fire2_00004":{"x":-1.49,"y":0.24,"width":250,"height":250},"EF/9090A_A1_fire2/9090A_A1_fire2_00005":{"x":-1.49,"y":0.24,"width":250,"height":250},"EF/9090A_A1_fire2/9090A_A1_fire2_00006":{"x":-1.49,"y":0.24,"width":250,"height":250},"EF/9090A_A1_fire2/9090A_A1_fire2_00007":{"x":-1.49,"y":0.24,"width":250,"height":250},"EF/9090A_A1_fire2/9090A_A1_fire2_00008":{"x":-1.49,"y":0.24,"width":250,"height":250}},"EF/9090A_A1_fire2/9090A_A1_fire2_1":{"EF/9090A_A1_fire2/9090A_A1_fire2_00000":{"x":-1.49,"y":0.24,"width":250,"height":250},"EF/9090A_A1_fire2/9090A_A1_fire2_00001":{"x":-1.49,"y":0.24,"width":250,"height":250},"EF/9090A_A1_fire2/9090A_A1_fire2_00002":{"x":-1.49,"y":0.24,"width":250,"height":250},"EF/9090A_A1_fire2/9090A_A1_fire2_00003":{"x":-1.49,"y":0.24,"width":250,"height":250},"EF/9090A_A1_fire2/9090A_A1_fire2_00004":{"x":-1.49,"y":0.24,"width":250,"height":250},"EF/9090A_A1_fire2/9090A_A1_fire2_00005":{"x":-1.49,"y":0.24,"width":250,"height":250},"EF/9090A_A1_fire2/9090A_A1_fire2_00006":{"x":-1.49,"y":0.24,"width":250,"height":250},"EF/9090A_A1_fire2/9090A_A1_fire2_00007":{"x":-1.49,"y":0.24,"width":250,"height":250},"EF/9090A_A1_fire2/9090A_A1_fire2_00008":{"x":-1.49,"y":0.24,"width":250,"height":250}},"EF/9090A_A1_fire2/9090A_A1_fire2_2":{"EF/9090A_A1_fire2/9090A_A1_fire2_00000":{"x":-1.49,"y":0.24,"width":250,"height":250},"EF/9090A_A1_fire2/9090A_A1_fire2_00001":{"x":-1.49,"y":0.24,"width":250,"height":250},"EF/9090A_A1_fire2/9090A_A1_fire2_00002":{"x":-1.49,"y":0.24,"width":250,"height":250},"EF/9090A_A1_fire2/9090A_A1_fire2_00003":{"x":-1.49,"y":0.24,"width":250,"height":250},"EF/9090A_A1_fire2/9090A_A1_fire2_00004":{"x":-1.49,"y":0.24,"width":250,"height":250},"EF/9090A_A1_fire2/9090A_A1_fire2_00005":{"x":-1.49,"y":0.24,"width":250,"height":250},"EF/9090A_A1_fire2/9090A_A1_fire2_00006":{"x":-1.49,"y":0.24,"width":250,"height":250},"EF/9090A_A1_fire2/9090A_A1_fire2_00007":{"x":-1.49,"y":0.24,"width":250,"height":250},"EF/9090A_A1_fire2/9090A_A1_fire2_00008":{"x":-1.49,"y":0.24,"width":250,"height":250}},"EF/9090A_A1_fire2/9090A_A1_fire2_3":{"EF/9090A_A1_fire2/9090A_A1_fire2_00000":{"x":-1.49,"y":0.24,"width":250,"height":250},"EF/9090A_A1_fire2/9090A_A1_fire2_00001":{"x":-1.49,"y":0.24,"width":250,"height":250},"EF/9090A_A1_fire2/9090A_A1_fire2_00002":{"x":-1.49,"y":0.24,"width":250,"height":250},"EF/9090A_A1_fire2/9090A_A1_fire2_00003":{"x":-1.49,"y":0.24,"width":250,"height":250},"EF/9090A_A1_fire2/9090A_A1_fire2_00004":{"x":-1.49,"y":0.24,"width":250,"height":250},"EF/9090A_A1_fire2/9090A_A1_fire2_00005":{"x":-1.49,"y":0.24,"width":250,"height":250},"EF/9090A_A1_fire2/9090A_A1_fire2_00006":{"x":-1.49,"y":0.24,"width":250,"height":250},"EF/9090A_A1_fire2/9090A_A1_fire2_00007":{"x":-1.49,"y":0.24,"width":250,"height":250},"EF/9090A_A1_fire2/9090A_A1_fire2_00008":{"x":-1.49,"y":0.24,"width":250,"height":250}},"EF/9090A_A1_fire2/9090A_A1_fire2_4":{"EF/9090A_A1_fire2/9090A_A1_fire2_00000":{"x":-1.49,"y":0.24,"width":250,"height":250},"EF/9090A_A1_fire2/9090A_A1_fire2_00001":{"x":-1.49,"y":0.24,"width":250,"height":250},"EF/9090A_A1_fire2/9090A_A1_fire2_00002":{"x":-1.49,"y":0.24,"width":250,"height":250},"EF/9090A_A1_fire2/9090A_A1_fire2_00003":{"x":-1.49,"y":0.24,"width":250,"height":250},"EF/9090A_A1_fire2/9090A_A1_fire2_00004":{"x":-1.49,"y":0.24,"width":250,"height":250},"EF/9090A_A1_fire2/9090A_A1_fire2_00005":{"x":-1.49,"y":0.24,"width":250,"height":250},"EF/9090A_A1_fire2/9090A_A1_fire2_00006":{"x":-1.49,"y":0.24,"width":250,"height":250},"EF/9090A_A1_fire2/9090A_A1_fire2_00007":{"x":-1.49,"y":0.24,"width":250,"height":250},"EF/9090A_A1_fire2/9090A_A1_fire2_00008":{"x":-1.49,"y":0.24,"width":250,"height":250}},"EF/9090A_A1_fire2/9090A_A1_fire2_5":{"EF/9090A_A1_fire2/9090A_A1_fire2_00000":{"x":-1.49,"y":0.24,"width":250,"height":250},"EF/9090A_A1_fire2/9090A_A1_fire2_00001":{"x":-1.49,"y":0.24,"width":250,"height":250},"EF/9090A_A1_fire2/9090A_A1_fire2_00002":{"x":-1.49,"y":0.24,"width":250,"height":250},"EF/9090A_A1_fire2/9090A_A1_fire2_00003":{"x":-1.49,"y":0.24,"width":250,"height":250},"EF/9090A_A1_fire2/9090A_A1_fire2_00004":{"x":-1.49,"y":0.24,"width":250,"height":250},"EF/9090A_A1_fire2/9090A_A1_fire2_00005":{"x":-1.49,"y":0.24,"width":250,"height":250},"EF/9090A_A1_fire2/9090A_A1_fire2_00006":{"x":-1.49,"y":0.24,"width":250,"height":250},"EF/9090A_A1_fire2/9090A_A1_fire2_00007":{"x":-1.49,"y":0.24,"width":250,"height":250},"EF/9090A_A1_fire2/9090A_A1_fire2_00008":{"x":-1.49,"y":0.24,"width":250,"height":250}},"EF/9090A_A1_fire2/9090A_A1_fire2_6":{"EF/9090A_A1_fire2/9090A_A1_fire2_00000":{"x":-1.49,"y":0.24,"width":250,"height":250},"EF/9090A_A1_fire2/9090A_A1_fire2_00001":{"x":-1.49,"y":0.24,"width":250,"height":250},"EF/9090A_A1_fire2/9090A_A1_fire2_00002":{"x":-1.49,"y":0.24,"width":250,"height":250},"EF/9090A_A1_fire2/9090A_A1_fire2_00003":{"x":-1.49,"y":0.24,"width":250,"height":250},"EF/9090A_A1_fire2/9090A_A1_fire2_00004":{"x":-1.49,"y":0.24,"width":250,"height":250},"EF/9090A_A1_fire2/9090A_A1_fire2_00005":{"x":-1.49,"y":0.24,"width":250,"height":250},"EF/9090A_A1_fire2/9090A_A1_fire2_00006":{"x":-1.49,"y":0.24,"width":250,"height":250},"EF/9090A_A1_fire2/9090A_A1_fire2_00007":{"x":-1.49,"y":0.24,"width":250,"height":250},"EF/9090A_A1_fire2/9090A_A1_fire2_00008":{"x":-1.49,"y":0.24,"width":250,"height":250}}}},"events":{"EFEvent":{},"EFHit":{},"EFView":{},"Sound1":{},"Sound2":{},"Sound3":{}},"animations":{"1-attack1":{"events":[{"time":0.5,"name":"Sound1"}]},"1-skill1":{"slots":{"EF/310_S1_shine1/310_S1_shine1_00000":{"attachment":[{"time":0.5,"name":"EF/310_S1_shine1/310_S1_shine1_00000"}],"color":[{"time":0.5,"color":"ffffffff"},{"time":0.8333,"color":"ffffff00"}]},"EF/310_S1_wave1/310_S1_wave1_00000":{"attachment":[{"time":0.5,"name":"EF/310_S1_wave1/310_S1_wave1_00000"},{"time":1.1666,"name":null}],"color":[{"time":1.0666,"color":"ffffffff"},{"time":1.1666,"color":"ffffff00"}]},"EF/310_S1_wave2/310_S1_wave2_00000":{"attachment":[{"time":0.5,"name":"EF/310_S1_wave2/310_S1_wave2_00001"},{"time":0.5333,"name":"EF/310_S1_wave2/310_S1_wave2_00002"},{"time":0.5666,"name":"EF/310_S1_wave2/310_S1_wave2_00003"},{"time":0.6,"name":"EF/310_S1_wave2/310_S1_wave2_00004"},{"time":0.6333,"name":"EF/310_S1_wave2/310_S1_wave2_00005"},{"time":0.6666,"name":"EF/310_S1_wave2/310_S1_wave2_00002"},{"time":0.7,"name":"EF/310_S1_wave2/310_S1_wave2_00003"},{"time":0.7333,"name":"EF/310_S1_wave2/310_S1_wave2_00004"},{"time":0.7666,"name":"EF/310_S1_wave2/310_S1_wave2_00005"},{"time":0.8,"name":"EF/310_S1_wave2/310_S1_wave2_00002"},{"time":0.8333,"name":"EF/310_S1_wave2/310_S1_wave2_00003"},{"time":0.8666,"name":"EF/310_S1_wave2/310_S1_wave2_00004"},{"time":0.9,"name":"EF/310_S1_wave2/310_S1_wave2_00005"},{"time":0.9333,"name":"EF/310_S1_wave2/310_S1_wave2_00002"},{"time":0.9666,"name":"EF/310_S1_wave2/310_S1_wave2_00003"},{"time":1,"name":"EF/310_S1_wave2/310_S1_wave2_00004"},{"time":1.0333,"name":"EF/310_S1_wave2/310_S1_wave2_00005"},{"time":1.0666,"name":"EF/310_S1_wave2/310_S1_wave2_00002"},{"time":1.1,"name":"EF/310_S1_wave2/310_S1_wave2_00003"},{"time":1.1333,"name":"EF/310_S1_wave2/310_S1_wave2_00004"},{"time":1.1666,"name":null}],"color":[{"time":1.0333,"color":"ffffffff"},{"time":1.1666,"color":"ffffff00"}]},"EF/310_S1_wave3/310_S1_wave3_00000":{"attachment":[{"time":0.5,"name":"EF/310_S1_wave3/310_S1_wave3_00000"},{"time":0.5333,"name":"EF/310_S1_wave3/310_S1_wave3_00001"},{"time":0.5666,"name":"EF/310_S1_wave3/310_S1_wave3_00002"},{"time":0.6,"name":"EF/310_S1_wave3/310_S1_wave3_00003"},{"time":0.6333,"name":"EF/310_S1_wave3/310_S1_wave3_00004"},{"time":0.6666,"name":"EF/310_S1_wave3/310_S1_wave3_00003"},{"time":0.7,"name":"EF/310_S1_wave3/310_S1_wave3_00004"},{"time":0.7333,"name":"EF/310_S1_wave3/310_S1_wave3_00003"},{"time":0.7666,"name":"EF/310_S1_wave3/310_S1_wave3_00004"},{"time":0.8,"name":"EF/310_S1_wave3/310_S1_wave3_00003"},{"time":0.8333,"name":"EF/310_S1_wave3/310_S1_wave3_00004"},{"time":0.8666,"name":"EF/310_S1_wave3/310_S1_wave3_00003"},{"time":0.9,"name":"EF/310_S1_wave3/310_S1_wave3_00004"},{"time":0.9333,"name":"EF/310_S1_wave3/310_S1_wave3_00003"},{"time":0.9666,"name":"EF/310_S1_wave3/310_S1_wave3_00004"},{"time":1,"name":"EF/310_S1_wave3/310_S1_wave3_00003"},{"time":1.0333,"name":"EF/310_S1_wave3/310_S1_wave3_00004"},{"time":1.0666,"name":"EF/310_S1_wave3/310_S1_wave3_00003"},{"time":1.1,"name":"EF/310_S1_wave3/310_S1_wave3_00005"},{"time":1.1333,"name":"EF/310_S1_wave3/310_S1_wave3_00006"},{"time":1.1666,"name":null}]},"EF/310_S1_wave3/310_S1_wave3_0":{"attachment":[{"time":0.5,"name":"EF/310_S1_wave3/310_S1_wave3_00000"},{"time":0.5333,"name":"EF/310_S1_wave3/310_S1_wave3_00001"},{"time":0.5666,"name":"EF/310_S1_wave3/310_S1_wave3_00002"},{"time":0.6,"name":"EF/310_S1_wave3/310_S1_wave3_00003"},{"time":0.6333,"name":"EF/310_S1_wave3/310_S1_wave3_00004"},{"time":0.6666,"name":"EF/310_S1_wave3/310_S1_wave3_00003"},{"time":0.7,"name":"EF/310_S1_wave3/310_S1_wave3_00004"},{"time":0.7333,"name":"EF/310_S1_wave3/310_S1_wave3_00003"},{"time":0.7666,"name":"EF/310_S1_wave3/310_S1_wave3_00004"},{"time":0.8,"name":"EF/310_S1_wave3/310_S1_wave3_00003"},{"time":0.8333,"name":"EF/310_S1_wave3/310_S1_wave3_00004"},{"time":0.8666,"name":"EF/310_S1_wave3/310_S1_wave3_00003"},{"time":0.9,"name":"EF/310_S1_wave3/310_S1_wave3_00004"},{"time":0.9333,"name":"EF/310_S1_wave3/310_S1_wave3_00003"},{"time":0.9666,"name":"EF/310_S1_wave3/310_S1_wave3_00004"},{"time":1,"name":"EF/310_S1_wave3/310_S1_wave3_00003"},{"time":1.0333,"name":"EF/310_S1_wave3/310_S1_wave3_00004"},{"time":1.0666,"name":"EF/310_S1_wave3/310_S1_wave3_00003"},{"time":1.1,"name":"EF/310_S1_wave3/310_S1_wave3_00005"},{"time":1.1333,"name":"EF/310_S1_wave3/310_S1_wave3_00006"},{"time":1.1666,"name":null}]},"EF/510_S1_slash1/510_S1_slash1_00000":{"attachment":[{"time":0.5333,"name":"EF/510_S1_slash1/510_S1_slash1_00000"},{"time":0.6,"name":null}]},"EF/9090A_A1_fire2/9090A_A1_fire2_00000":{"attachment":[{"time":0.5,"name":"EF/9090A_A1_fire2/9090A_A1_fire2_00000"},{"time":0.5666,"name":"EF/9090A_A1_fire2/9090A_A1_fire2_00001"},{"time":0.6333,"name":"EF/9090A_A1_fire2/9090A_A1_fire2_00002"},{"time":0.7,"name":"EF/9090A_A1_fire2/9090A_A1_fire2_00003"},{"time":0.7666,"name":"EF/9090A_A1_fire2/9090A_A1_fire2_00004"},{"time":0.8333,"name":"EF/9090A_A1_fire2/9090A_A1_fire2_00005"},{"time":0.9,"name":"EF/9090A_A1_fire2/9090A_A1_fire2_00006"},{"time":0.9666,"name":"EF/9090A_A1_fire2/9090A_A1_fire2_00007"},{"time":1.0333,"name":"EF/9090A_A1_fire2/9090A_A1_fire2_00008"},{"time":1.1,"name":null}]},"EF/9090A_A1_fire2/9090A_A1_fire2_1":{"attachment":[{"time":0.5,"name":"EF/9090A_A1_fire2/9090A_A1_fire2_00000"},{"time":0.5666,"name":"EF/9090A_A1_fire2/9090A_A1_fire2_00001"},{"time":0.6333,"name":"EF/9090A_A1_fire2/9090A_A1_fire2_00002"},{"time":0.7,"name":"EF/9090A_A1_fire2/9090A_A1_fire2_00003"},{"time":0.7666,"name":"EF/9090A_A1_fire2/9090A_A1_fire2_00004"},{"time":0.8333,"name":"EF/9090A_A1_fire2/9090A_A1_fire2_00005"},{"time":0.9,"name":"EF/9090A_A1_fire2/9090A_A1_fire2_00006"},{"time":0.9666,"name":"EF/9090A_A1_fire2/9090A_A1_fire2_00007"},{"time":1.0333,"name":"EF/9090A_A1_fire2/9090A_A1_fire2_00008"},{"time":1.1,"name":null}]},"EF/9090A_A1_fire2/9090A_A1_fire2_3":{"attachment":[{"time":0.5666,"name":"EF/9090A_A1_fire2/9090A_A1_fire2_00000"},{"time":0.6,"name":"EF/9090A_A1_fire2/9090A_A1_fire2_00001"},{"time":0.6333,"name":"EF/9090A_A1_fire2/9090A_A1_fire2_00002"},{"time":0.6666,"name":"EF/9090A_A1_fire2/9090A_A1_fire2_00003"},{"time":0.7,"name":"EF/9090A_A1_fire2/9090A_A1_fire2_00004"},{"time":0.7333,"name":"EF/9090A_A1_fire2/9090A_A1_fire2_00005"},{"time":0.7666,"name":"EF/9090A_A1_fire2/9090A_A1_fire2_00006"},{"time":0.8,"name":"EF/9090A_A1_fire2/9090A_A1_fire2_00007"},{"time":0.8333,"name":"EF/9090A_A1_fire2/9090A_A1_fire2_00008"},{"time":0.8666,"name":null}]},"EF/9090A_A1_fire2/9090A_A1_fire2_4":{"attachment":[{"time":0.5666,"name":"EF/9090A_A1_fire2/9090A_A1_fire2_00000"},{"time":0.6,"name":"EF/9090A_A1_fire2/9090A_A1_fire2_00001"},{"time":0.6333,"name":"EF/9090A_A1_fire2/9090A_A1_fire2_00002"},{"time":0.6666,"name":"EF/9090A_A1_fire2/9090A_A1_fire2_00003"},{"time":0.7,"name":"EF/9090A_A1_fire2/9090A_A1_fire2_00004"},{"time":0.7333,"name":"EF/9090A_A1_fire2/9090A_A1_fire2_00005"},{"time":0.7666,"name":"EF/9090A_A1_fire2/9090A_A1_fire2_00006"},{"time":0.8,"name":"EF/9090A_A1_fire2/9090A_A1_fire2_00007"},{"time":0.8333,"name":"EF/9090A_A1_fire2/9090A_A1_fire2_00008"},{"time":0.8666,"name":null}]},"EF/9090A_A1_fire2/9090A_A1_fire2_5":{"attachment":[{"time":0.7333,"name":"EF/9090A_A1_fire2/9090A_A1_fire2_00000"},{"time":0.7666,"name":"EF/9090A_A1_fire2/9090A_A1_fire2_00001"},{"time":0.8,"name":"EF/9090A_A1_fire2/9090A_A1_fire2_00002"},{"time":0.8333,"name":"EF/9090A_A1_fire2/9090A_A1_fire2_00003"},{"time":0.8666,"name":"EF/9090A_A1_fire2/9090A_A1_fire2_00004"},{"time":0.9,"name":"EF/9090A_A1_fire2/9090A_A1_fire2_00005"},{"time":0.9333,"name":"EF/9090A_A1_fire2/9090A_A1_fire2_00006"},{"time":0.9666,"name":"EF/9090A_A1_fire2/9090A_A1_fire2_00007"},{"time":1,"name":"EF/9090A_A1_fire2/9090A_A1_fire2_00008"},{"time":1.0333,"name":null}]},"EF/9090A_A1_fire2/9090A_A1_fire2_6":{"attachment":[{"time":0.7333,"name":"EF/9090A_A1_fire2/9090A_A1_fire2_00000"},{"time":0.7666,"name":"EF/9090A_A1_fire2/9090A_A1_fire2_00001"},{"time":0.8,"name":"EF/9090A_A1_fire2/9090A_A1_fire2_00002"},{"time":0.8333,"name":"EF/9090A_A1_fire2/9090A_A1_fire2_00003"},{"time":0.8666,"name":"EF/9090A_A1_fire2/9090A_A1_fire2_00004"},{"time":0.9,"name":"EF/9090A_A1_fire2/9090A_A1_fire2_00005"},{"time":0.9333,"name":"EF/9090A_A1_fire2/9090A_A1_fire2_00006"},{"time":0.9666,"name":"EF/9090A_A1_fire2/9090A_A1_fire2_00007"},{"time":1,"name":"EF/9090A_A1_fire2/9090A_A1_fire2_00008"},{"time":1.0333,"name":null}]}},"bones":{"310_S1_shine1":{"translate":[{"time":0.5,"x":-168.18,"y":67.43}],"scale":[{"time":0.5,"x":2,"y":2}]},"310_S1_wave1":{"translate":[{"time":0.5,"x":-190.93,"y":105.12}],"scale":[{"time":0.5,"x":2,"y":2,"curve":"stepped"},{"time":0.5333,"x":1.95,"y":1.95,"curve":"stepped"},{"time":0.5666,"x":2,"y":2,"curve":"stepped"},{"time":0.6,"x":1.95,"y":1.95,"curve":"stepped"},{"time":0.6333,"x":2,"y":2,"curve":"stepped"},{"time":0.6666,"x":1.95,"y":1.95,"curve":"stepped"},{"time":0.7,"x":2,"y":2,"curve":"stepped"},{"time":0.7333,"x":1.95,"y":1.95,"curve":"stepped"},{"time":0.7666,"x":2,"y":2,"curve":"stepped"},{"time":0.8,"x":1.95,"y":1.95,"curve":"stepped"},{"time":0.8333,"x":2,"y":2,"curve":"stepped"},{"time":0.8666,"x":1.95,"y":1.95,"curve":"stepped"},{"time":0.9,"x":2,"y":2,"curve":"stepped"},{"time":0.9333,"x":1.95,"y":1.95,"curve":"stepped"},{"time":0.9666,"x":2,"y":2,"curve":"stepped"},{"time":1,"x":1.95,"y":1.95,"curve":"stepped"},{"time":1.0333,"x":2,"y":2,"curve":"stepped"},{"time":1.0666,"x":1.95,"y":1.95,"curve":"stepped"},{"time":1.1,"x":2,"y":2,"curve":"stepped"},{"time":1.1333,"x":1.95,"y":1.95}]},"310_S1_wave2":{"translate":[{"time":0.5,"x":-364.67,"y":87.48,"curve":"stepped"},{"time":0.5333,"x":-394.89,"y":87.48}],"scale":[{"time":0.5,"x":2,"y":2}]},"310_S1_wave3":{"translate":[{"time":0.5,"x":-387.63,"y":100.56,"curve":"stepped"},{"time":0.6,"x":-387.63,"y":100.56,"curve":"stepped"},{"time":0.6333,"x":-387.63,"y":113.41,"curve":"stepped"},{"time":0.6666,"x":-387.63,"y":100.56,"curve":"stepped"},{"time":0.7,"x":-387.63,"y":113.41,"curve":"stepped"},{"time":0.7333,"x":-387.63,"y":100.56,"curve":"stepped"},{"time":0.7666,"x":-387.63,"y":113.41,"curve":"stepped"},{"time":0.8,"x":-387.63,"y":100.56,"curve":"stepped"},{"time":0.8333,"x":-387.63,"y":113.41,"curve":"stepped"},{"time":0.8666,"x":-387.63,"y":100.56,"curve":"stepped"},{"time":0.9,"x":-387.63,"y":113.41,"curve":"stepped"},{"time":0.9333,"x":-387.63,"y":100.56,"curve":"stepped"},{"time":0.9666,"x":-387.63,"y":113.41,"curve":"stepped"},{"time":1,"x":-387.63,"y":100.56,"curve":"stepped"},{"time":1.0333,"x":-387.63,"y":113.41,"curve":"stepped"},{"time":1.0666,"x":-387.63,"y":100.56}],"scale":[{"time":0.5,"x":2,"y":2}]},"510_S1_slash1":{"rotate":[{"time":0.5333,"angle":3.83}],"translate":[{"time":0.5333,"x":72.91,"y":152.39}],"scale":[{"time":0.5333,"x":-1.364,"y":-1.199}]},"dark":{"translate":[{"time":0.5,"x":-155.78,"y":83.81}],"scale":[{"time":0.5,"x":2.958,"y":2.958},{"time":0.8333,"x":3.567,"y":3.567}]},"dark3":{"rotate":[{"time":0.5666,"angle":91.32}],"translate":[{"time":0.5666,"x":-205.23,"y":72.63},{"time":0.8,"x":-281.08,"y":68.58}],"scale":[{"time":0.5666,"x":2.07,"y":0.625},{"time":0.8,"x":3.033,"y":5.849}]},"dark4":{"rotate":[{"time":0.7333,"angle":-31.56}],"translate":[{"time":0.7333,"x":-174.64,"y":132.56}],"scale":[{"time":0.7333,"x":1.709,"y":1.716},{"time":0.9666,"x":3.002,"y":3.013}]}},"events":[{"time":0.5,"name":"Sound1"}]},"1-skill2":{"slots":{"EF/310_S1_shine1/310_S1_shine1_00000":{"attachment":[{"time":0.0333,"name":"EF/310_S1_shine1/310_S1_shine1_00000"},{"time":0.4,"name":"EF/310_S1_shine1/310_S1_shine1_00000"}],"color":[{"time":0.0333,"color":"ffffffff","curve":"stepped"},{"time":0.2,"color":"ffffffff"},{"time":0.4,"color":"ffffff00"}]},"EF/9090A_A1_fire2/9090A_A1_fire2_00000":{"attachment":[{"time":0.0333,"name":"EF/9090A_A1_fire2/9090A_A1_fire2_00000"},{"time":0.1,"name":"EF/9090A_A1_fire2/9090A_A1_fire2_00001"},{"time":0.1666,"name":"EF/9090A_A1_fire2/9090A_A1_fire2_00002"},{"time":0.2333,"name":"EF/9090A_A1_fire2/9090A_A1_fire2_00003"},{"time":0.3,"name":"EF/9090A_A1_fire2/9090A_A1_fire2_00004"},{"time":0.3666,"name":"EF/9090A_A1_fire2/9090A_A1_fire2_00005"},{"time":0.4333,"name":"EF/9090A_A1_fire2/9090A_A1_fire2_00006"},{"time":0.5,"name":"EF/9090A_A1_fire2/9090A_A1_fire2_00007"},{"time":0.5666,"name":"EF/9090A_A1_fire2/9090A_A1_fire2_00008"},{"time":0.6333,"name":null}]},"EF/9090A_A1_fire2/9090A_A1_fire2_1":{"attachment":[{"time":0.0333,"name":"EF/9090A_A1_fire2/9090A_A1_fire2_00000"},{"time":0.1,"name":"EF/9090A_A1_fire2/9090A_A1_fire2_00001"},{"time":0.1666,"name":"EF/9090A_A1_fire2/9090A_A1_fire2_00002"},{"time":0.2333,"name":"EF/9090A_A1_fire2/9090A_A1_fire2_00003"},{"time":0.3,"name":"EF/9090A_A1_fire2/9090A_A1_fire2_00004"},{"time":0.3666,"name":"EF/9090A_A1_fire2/9090A_A1_fire2_00005"},{"time":0.4333,"name":"EF/9090A_A1_fire2/9090A_A1_fire2_00006"},{"time":0.5,"name":"EF/9090A_A1_fire2/9090A_A1_fire2_00007"},{"time":0.5666,"name":"EF/9090A_A1_fire2/9090A_A1_fire2_00008"},{"time":0.6333,"name":null}]}},"bones":{"310_S1_shine1":{"translate":[{"time":0.0333,"x":-3.78,"y":160.81}],"scale":[{"time":0.0333,"x":0.589,"y":0.589},{"time":0.2,"x":2,"y":2}]},"dark":{"translate":[{"time":0.0333,"x":0,"y":166.84}],"scale":[{"time":0.0333,"x":1.411,"y":1.411},{"time":0.3666,"x":3.567,"y":3.567}]}},"events":[{"time":0.0333,"name":"Sound1","string":"cri_se_battle_sword_swish_heavy"},{"time":0.1333,"name":"Sound1","string":"cri_se_battle_sword_swish_heavy"},{"time":0.2333,"name":"Sound1","string":"cri_se_battle_sword_swish_heavy"},{"time":0.3333,"name":"Sound1","string":"cri_se_battle_sword_swish_heavy"},{"time":0.4333,"name":"Sound1","string":"cri_se_battle_sword_swish_heavy"},{"time":0.5333,"name":"Sound1","string":"cri_se_battle_sword_swish_heavy"},{"time":0.6333,"name":"Sound1","string":"cri_se_battle_sword_swish_heavy"},{"time":0.7333,"name":"Sound1","string":"cri_se_battle_sword_swish_heavy"}]},"1Vortex":{"slots":{"DAMAGEAREA":{"attachment":[{"time":0.1333,"name":"DAMAGEAREA"},{"time":1.1666,"name":null}]},"EF/310_S2_tornado1/310_S2_tornado1_00000":{"attachment":[{"time":0,"name":null},{"time":0.0666,"name":"EF/310_S2_tornado1/310_S2_tornado1_00003"},{"time":0.1333,"name":"EF/310_S2_tornado1/310_S2_tornado1_00002"},{"time":0.2,"name":"EF/310_S2_tornado1/310_S2_tornado1_00000"},{"time":0.2666,"name":"EF/310_S2_tornado1/310_S2_tornado1_00001"},{"time":1,"name":"EF/310_S2_tornado1/310_S2_tornado1_00000"},{"time":1.1,"name":"EF/310_S2_tornado1/310_S2_tornado1_00002"},{"time":1.2,"name":"EF/310_S2_tornado1/310_S2_tornado1_00003"},{"time":1.2666,"name":"EF/310_S2_tornado1/310_S2_tornado1_00004"},{"time":1.3666,"name":null}],"color":[{"time":0.9333,"color":"ffffffff","curve":[0.534,0.04,0.888,0.32]},{"time":1.3666,"color":"ffffff00"}]},"EF/310_S2_tornado1/310_S2_tornado1_1":{"attachment":[{"time":0.0666,"name":"EF/310_S2_tornado1/310_S2_tornado1_00003"},{"time":0.1333,"name":"EF/310_S2_tornado1/310_S2_tornado1_00002"},{"time":0.2,"name":"EF/310_S2_tornado1/310_S2_tornado1_00000"},{"time":0.2666,"name":"EF/310_S2_tornado1/310_S2_tornado1_00001"},{"time":1,"name":"EF/310_S2_tornado1/310_S2_tornado1_00000"},{"time":1.1,"name":"EF/310_S2_tornado1/310_S2_tornado1_00002"},{"time":1.2,"name":"EF/310_S2_tornado1/310_S2_tornado1_00003"},{"time":1.2666,"name":"EF/310_S2_tornado1/310_S2_tornado1_00004"},{"time":1.3666,"name":null}]},"EF/710_S1_wave1/710_S1_wave1_0":{"attachment":[{"time":0,"name":"EF/710_S1_wave1/710_S1_wave1_00000"},{"time":0.1333,"name":"EF/710_S1_wave1/710_S1_wave1_00001"},{"time":0.2333,"name":"EF/710_S1_wave1/710_S1_wave1_00002"},{"time":0.4666,"name":"EF/710_S1_wave1/710_S1_wave1_00000"},{"time":0.6,"name":"EF/710_S1_wave1/710_S1_wave1_00001"},{"time":0.7,"name":"EF/710_S1_wave1/710_S1_wave1_00002"},{"time":0.8666,"name":"EF/710_S1_wave1/710_S1_wave1_00000"},{"time":1,"name":"EF/710_S1_wave1/710_S1_wave1_00001"},{"time":1.1,"name":"EF/710_S1_wave1/710_S1_wave1_00002"}],"color":[{"time":0,"color":"ffffffbd"},{"time":0.0666,"color":"ffffffff","curve":"stepped"},{"time":0.3333,"color":"ffffffff"},{"time":0.4333,"color":"ffffff00","curve":"stepped"},{"time":0.4666,"color":"ffffff7d"},{"time":0.5333,"color":"ffffffff","curve":"stepped"},{"time":0.7333,"color":"ffffffff"},{"time":0.8333,"color":"ffffff00","curve":"stepped"},{"time":0.8666,"color":"ffffff7d"},{"time":0.9333,"color":"ffffffff","curve":"stepped"},{"time":1.1,"color":"ffffffff"},{"time":1.2,"color":"ffffff00"}]},"EF/710_S1_wave1/710_S1_wave1_2":{"attachment":[{"time":0,"name":"EF/710_S1_wave1/710_S1_wave1_00000"},{"time":0.1333,"name":"EF/710_S1_wave1/710_S1_wave1_00001"},{"time":0.2333,"name":"EF/710_S1_wave1/710_S1_wave1_00002"},{"time":0.4666,"name":"EF/710_S1_wave1/710_S1_wave1_00000"},{"time":0.6,"name":"EF/710_S1_wave1/710_S1_wave1_00001"},{"time":0.7,"name":"EF/710_S1_wave1/710_S1_wave1_00002"},{"time":0.8666,"name":"EF/710_S1_wave1/710_S1_wave1_00000"},{"time":1,"name":"EF/710_S1_wave1/710_S1_wave1_00001"},{"time":1.1,"name":"EF/710_S1_wave1/710_S1_wave1_00002"}],"color":[{"time":0,"color":"ffffffbd"},{"time":0.0666,"color":"ffffffff","curve":"stepped"},{"time":0.3333,"color":"ffffffff"},{"time":0.4333,"color":"ffffff00","curve":"stepped"},{"time":0.4666,"color":"ffffff7d"},{"time":0.5333,"color":"ffffffff","curve":"stepped"},{"time":0.8,"color":"ffffffff"},{"time":0.8333,"color":"ffffff00","curve":"stepped"},{"time":0.8666,"color":"ffffff7d"},{"time":0.9333,"color":"ffffffff","curve":"stepped"},{"time":1.1,"color":"ffffffff"},{"time":1.2,"color":"ffffff00"}]},"EF/710_S1_wave1/710_S1_wave1_3":{"attachment":[{"time":0,"name":"EF/710_S1_wave1/710_S1_wave1_00000"},{"time":0.1333,"name":"EF/710_S1_wave1/710_S1_wave1_00001"},{"time":0.2333,"name":"EF/710_S1_wave1/710_S1_wave1_00002"},{"time":0.4666,"name":"EF/710_S1_wave1/710_S1_wave1_00000"},{"time":0.6,"name":"EF/710_S1_wave1/710_S1_wave1_00001"},{"time":0.7,"name":"EF/710_S1_wave1/710_S1_wave1_00000"},{"time":0.8666,"name":"EF/710_S1_wave1/710_S1_wave1_00000"},{"time":1,"name":"EF/710_S1_wave1/710_S1_wave1_00001"},{"time":1.1,"name":"EF/710_S1_wave1/710_S1_wave1_00000"}],"color":[{"time":0,"color":"ffffffbd"},{"time":0.0666,"color":"ffffffff","curve":"stepped"},{"time":0.3333,"color":"ffffffff"},{"time":0.4333,"color":"ffffff00","curve":"stepped"},{"time":0.4666,"color":"ffffff7d"},{"time":0.5333,"color":"ffffffff","curve":"stepped"},{"time":0.8,"color":"ffffffff"},{"time":0.8333,"color":"ffffff00","curve":"stepped"},{"time":0.8666,"color":"ffffff7d"},{"time":0.9333,"color":"ffffffff","curve":"stepped"},{"time":1.1,"color":"ffffffff"},{"time":1.2,"color":"ffffff00"}]},"EF/710_S1_wave1/710_S1_wave1_4":{"attachment":[{"time":0,"name":"EF/710_S1_wave1/710_S1_wave1_00000"},{"time":0.1333,"name":"EF/710_S1_wave1/710_S1_wave1_00001"},{"time":0.2333,"name":"EF/710_S1_wave1/710_S1_wave1_00002"},{"time":0.4666,"name":"EF/710_S1_wave1/710_S1_wave1_00000"},{"time":0.6,"name":"EF/710_S1_wave1/710_S1_wave1_00001"},{"time":0.7,"name":"EF/710_S1_wave1/710_S1_wave1_00002"},{"time":0.8666,"name":"EF/710_S1_wave1/710_S1_wave1_00000"},{"time":1,"name":"EF/710_S1_wave1/710_S1_wave1_00001"},{"time":1.1,"name":"EF/710_S1_wave1/710_S1_wave1_00002"}],"color":[{"time":0,"color":"ffffffbd"},{"time":0.0666,"color":"ffffffff","curve":"stepped"},{"time":0.3333,"color":"ffffffff"},{"time":0.4333,"color":"ffffff00","curve":"stepped"},{"time":0.4666,"color":"ffffff7d"},{"time":0.5333,"color":"ffffffff","curve":"stepped"},{"time":0.7333,"color":"ffffffff"},{"time":0.8333,"color":"ffffff00","curve":"stepped"},{"time":0.8666,"color":"ffffff7d"},{"time":0.9333,"color":"ffffffff","curve":"stepped"},{"time":1.1,"color":"ffffffff"},{"time":1.2,"color":"ffffff00"}]},"EF/9090A_A1_fire2/9090A_A1_fire2_0":{"attachment":[{"time":0,"name":"EF/9090A_A1_fire2/9090A_A1_fire2_00000"},{"time":0.0333,"name":"EF/9090A_A1_fire2/9090A_A1_fire2_00001"},{"time":0.0666,"name":"EF/9090A_A1_fire2/9090A_A1_fire2_00002"},{"time":0.1,"name":"EF/9090A_A1_fire2/9090A_A1_fire2_00003"},{"time":0.1333,"name":"EF/9090A_A1_fire2/9090A_A1_fire2_00004"},{"time":0.1666,"name":"EF/9090A_A1_fire2/9090A_A1_fire2_00005"},{"time":0.2,"name":"EF/9090A_A1_fire2/9090A_A1_fire2_00006"},{"time":0.2333,"name":"EF/9090A_A1_fire2/9090A_A1_fire2_00007"},{"time":0.2666,"name":"EF/9090A_A1_fire2/9090A_A1_fire2_00008"},{"time":0.3,"name":null},{"time":0.5,"name":"EF/9090A_A1_fire2/9090A_A1_fire2_00000"},{"time":0.5333,"name":"EF/9090A_A1_fire2/9090A_A1_fire2_00001"},{"time":0.5666,"name":"EF/9090A_A1_fire2/9090A_A1_fire2_00002"},{"time":0.6,"name":"EF/9090A_A1_fire2/9090A_A1_fire2_00003"},{"time":0.6333,"name":"EF/9090A_A1_fire2/9090A_A1_fire2_00004"},{"time":0.6666,"name":"EF/9090A_A1_fire2/9090A_A1_fire2_00005"},{"time":0.7,"name":"EF/9090A_A1_fire2/9090A_A1_fire2_00006"},{"time":0.7333,"name":"EF/9090A_A1_fire2/9090A_A1_fire2_00007"},{"time":0.7666,"name":"EF/9090A_A1_fire2/9090A_A1_fire2_00008"},{"time":0.8,"name":null},{"time":0.9,"name":"EF/9090A_A1_fire2/9090A_A1_fire2_00000"},{"time":0.9333,"name":"EF/9090A_A1_fire2/9090A_A1_fire2_00001"},{"time":0.9666,"name":"EF/9090A_A1_fire2/9090A_A1_fire2_00002"},{"time":1,"name":"EF/9090A_A1_fire2/9090A_A1_fire2_00003"},{"time":1.0333,"name":"EF/9090A_A1_fire2/9090A_A1_fire2_00004"},{"time":1.0666,"name":"EF/9090A_A1_fire2/9090A_A1_fire2_00005"},{"time":1.1,"name":"EF/9090A_A1_fire2/9090A_A1_fire2_00006"},{"time":1.1333,"name":"EF/9090A_A1_fire2/9090A_A1_fire2_00007"},{"time":1.1666,"name":"EF/9090A_A1_fire2/9090A_A1_fire2_00008"},{"time":1.2,"name":null}]},"EF/9090A_A1_fire2/9090A_A1_fire2_2":{"attachment":[{"time":0,"name":"EF/9090A_A1_fire2/9090A_A1_fire2_00000"},{"time":0.0333,"name":"EF/9090A_A1_fire2/9090A_A1_fire2_00001"},{"time":0.0666,"name":"EF/9090A_A1_fire2/9090A_A1_fire2_00002"},{"time":0.1,"name":"EF/9090A_A1_fire2/9090A_A1_fire2_00003"},{"time":0.1333,"name":"EF/9090A_A1_fire2/9090A_A1_fire2_00004"},{"time":0.1666,"name":"EF/9090A_A1_fire2/9090A_A1_fire2_00005"},{"time":0.2,"name":"EF/9090A_A1_fire2/9090A_A1_fire2_00006"},{"time":0.2333,"name":"EF/9090A_A1_fire2/9090A_A1_fire2_00007"},{"time":0.2666,"name":"EF/9090A_A1_fire2/9090A_A1_fire2_00008"},{"time":0.3,"name":null},{"time":0.5,"name":"EF/9090A_A1_fire2/9090A_A1_fire2_00000"},{"time":0.5333,"name":"EF/9090A_A1_fire2/9090A_A1_fire2_00001"},{"time":0.5666,"name":"EF/9090A_A1_fire2/9090A_A1_fire2_00002"},{"time":0.6,"name":"EF/9090A_A1_fire2/9090A_A1_fire2_00003"},{"time":0.6333,"name":"EF/9090A_A1_fire2/9090A_A1_fire2_00004"},{"time":0.6666,"name":"EF/9090A_A1_fire2/9090A_A1_fire2_00005"},{"time":0.7,"name":"EF/9090A_A1_fire2/9090A_A1_fire2_00006"},{"time":0.7333,"name":"EF/9090A_A1_fire2/9090A_A1_fire2_00007"},{"time":0.7666,"name":"EF/9090A_A1_fire2/9090A_A1_fire2_00008"},{"time":0.8,"name":null},{"time":0.9,"name":"EF/9090A_A1_fire2/9090A_A1_fire2_00000"},{"time":0.9333,"name":"EF/9090A_A1_fire2/9090A_A1_fire2_00001"},{"time":0.9666,"name":"EF/9090A_A1_fire2/9090A_A1_fire2_00002"},{"time":1,"name":"EF/9090A_A1_fire2/9090A_A1_fire2_00003"},{"time":1.0333,"name":"EF/9090A_A1_fire2/9090A_A1_fire2_00004"},{"time":1.0666,"name":"EF/9090A_A1_fire2/9090A_A1_fire2_00005"},{"time":1.1,"name":"EF/9090A_A1_fire2/9090A_A1_fire2_00006"},{"time":1.1333,"name":"EF/9090A_A1_fire2/9090A_A1_fire2_00007"},{"time":1.1666,"name":"EF/9090A_A1_fire2/9090A_A1_fire2_00008"},{"time":1.2,"name":null}]}},"bones":{"310_S2_tornado1":{"translate":[{"time":0,"x":-222.79,"y":240,"curve":"stepped"},{"time":0.1,"x":-222.79,"y":240},{"time":0.6666,"x":-381.61,"y":147.47},{"time":1.0333,"x":-453.42,"y":154.37}],"scale":[{"time":0,"x":1.8,"y":1.8,"curve":"stepped"},{"time":0.2666,"x":1.8,"y":1.8,"curve":"stepped"},{"time":0.3333,"x":-1.8,"y":1.8,"curve":"stepped"},{"time":0.4,"x":1.8,"y":1.8,"curve":"stepped"},{"time":0.4666,"x":-1.8,"y":1.8,"curve":"stepped"},{"time":0.5333,"x":1.8,"y":1.8,"curve":"stepped"},{"time":0.6,"x":-1.8,"y":1.8,"curve":"stepped"},{"time":0.6666,"x":1.8,"y":1.8,"curve":"stepped"},{"time":0.7333,"x":-1.8,"y":1.8,"curve":"stepped"},{"time":0.8,"x":1.8,"y":1.8,"curve":"stepped"},{"time":0.8666,"x":-1.8,"y":1.8}]},"710_S1_wave2":{"translate":[{"time":0,"x":-217.56,"y":26.52,"curve":"stepped"},{"time":0.1,"x":-217.56,"y":26.52},{"time":0.6666,"x":-375.36,"y":-80.43},{"time":1.0333,"x":-453.49,"y":-42.41}],"scale":[{"time":0,"x":2.666,"y":2.333,"curve":"stepped"},{"time":0.0333,"x":2.666,"y":2.333,"curve":"stepped"},{"time":0.0666,"x":3.333,"y":2.666,"curve":"stepped"},{"time":0.1,"x":4,"y":3,"curve":"stepped"},{"time":0.1333,"x":2.8,"y":2.6,"curve":"stepped"},{"time":0.1666,"x":3.4,"y":2.8,"curve":"stepped"},{"time":0.2,"x":4,"y":3,"curve":"stepped"},{"time":0.2333,"x":2.6,"y":2.5},{"time":0.4333,"x":4.011,"y":3.856,"curve":"stepped"},{"time":0.4666,"x":2,"y":2,"curve":"stepped"},{"time":0.5,"x":2.666,"y":2.333,"curve":"stepped"},{"time":0.5333,"x":3.333,"y":2.666,"curve":"stepped"},{"time":0.5666,"x":4,"y":3,"curve":"stepped"},{"time":0.6,"x":2.8,"y":2.6,"curve":"stepped"},{"time":0.6333,"x":3.4,"y":2.8,"curve":"stepped"},{"time":0.6666,"x":4,"y":3,"curve":"stepped"},{"time":0.7,"x":2.6,"y":2.5},{"time":0.8333,"x":4.011,"y":3.856,"curve":"stepped"},{"time":0.8666,"x":2,"y":2,"curve":"stepped"},{"time":0.9,"x":2.666,"y":2.333,"curve":"stepped"},{"time":0.9333,"x":3.333,"y":2.666,"curve":"stepped"},{"time":0.9666,"x":4,"y":3,"curve":"stepped"},{"time":1,"x":2.8,"y":2.6,"curve":"stepped"},{"time":1.0333,"x":3.4,"y":2.8,"curve":"stepped"},{"time":1.0666,"x":4,"y":3,"curve":"stepped"},{"time":1.1,"x":2.6,"y":2.5},{"time":1.2,"x":4.011,"y":3.856}]},"710_S1_wave4":{"translate":[{"time":0,"x":-217.56,"y":26.52,"curve":"stepped"},{"time":0.1,"x":-217.56,"y":26.52},{"time":0.2333,"x":-254.69,"y":-13.9},{"time":0.4333,"x":-310.39,"y":-57.77},{"time":0.6666,"x":-375.36,"y":-80.43},{"time":0.9,"x":-425.08,"y":-72.32},{"time":1.0333,"x":-456.99,"y":-50.02},{"time":1.1,"x":-455.85,"y":-49.48}],"scale":[{"time":0,"x":2.666,"y":2.333,"curve":"stepped"},{"time":0.0333,"x":2.666,"y":2.333,"curve":"stepped"},{"time":0.0666,"x":3.333,"y":2.666,"curve":"stepped"},{"time":0.1,"x":2,"y":1.5,"curve":"stepped"},{"time":0.1333,"x":1.4,"y":1.3,"curve":"stepped"},{"time":0.1666,"x":1.7,"y":1.4,"curve":"stepped"},{"time":0.2,"x":2,"y":1.5,"curve":"stepped"},{"time":0.2333,"x":1.848,"y":1.25},{"time":0.4333,"x":2.466,"y":1.92,"curve":"stepped"},{"time":0.4666,"x":2,"y":2,"curve":"stepped"},{"time":0.5,"x":2.666,"y":2.333,"curve":"stepped"},{"time":0.5333,"x":3.333,"y":2.666,"curve":"stepped"},{"time":0.5666,"x":2,"y":1.5,"curve":"stepped"},{"time":0.6,"x":1.4,"y":1.3,"curve":"stepped"},{"time":0.6333,"x":1.7,"y":1.4,"curve":"stepped"},{"time":0.6666,"x":2,"y":1.5,"curve":"stepped"},{"time":0.7,"x":1.848,"y":1.25},{"time":0.8333,"x":2.466,"y":1.92,"curve":"stepped"},{"time":0.8666,"x":2,"y":2,"curve":"stepped"},{"time":0.9,"x":2.666,"y":2.333,"curve":"stepped"},{"time":0.9333,"x":3.333,"y":2.666,"curve":"stepped"},{"time":0.9666,"x":2,"y":1.5,"curve":"stepped"},{"time":1,"x":1.4,"y":1.3,"curve":"stepped"},{"time":1.0333,"x":1.7,"y":1.4,"curve":"stepped"},{"time":1.0666,"x":2,"y":1.5,"curve":"stepped"},{"time":1.1,"x":1.848,"y":1.25},{"time":1.2,"x":2.466,"y":1.92}]},"DAMAGEAREA":{"translate":[{"time":0.1333,"x":81.71,"y":177.11},{"time":0.5666,"x":-46.58,"y":97.98},{"time":1.0666,"x":-148.6,"y":105.17}],"scale":[{"time":0.1333,"x":0.718,"y":1.615}]},"MAIN":{"translate":[{"time":0,"x":309.53,"y":0}]},"dark2":{"translate":[{"time":0,"x":4.43,"y":-89.46,"curve":"stepped"},{"time":0.5,"x":4.43,"y":-95.55,"curve":"stepped"},{"time":0.9,"x":4.43,"y":-89.08}],"scale":[{"time":0,"x":0.522,"y":0.522},{"time":0.2333,"x":2.147,"y":2.147,"curve":"stepped"},{"time":0.5,"x":0.522,"y":0.522},{"time":0.7333,"x":2.147,"y":2.147,"curve":"stepped"},{"time":0.9,"x":0.522,"y":0.522},{"time":1.1333,"x":2.147,"y":2.147}]}},"events":[{"time":0,"name":"EFEvent","string":"setPosition_Target"},{"time":0,"name":"EFView","float":1.17,"string":"shakeGround_Loop"},{"time":0,"name":"Sound1","string":"cri_se_battle_storm"},{"time":0.0333,"name":"EFEvent","string":"setHitEffect(hit02e,1)"},{"time":0.1,"name":"EFEvent","float":0.05,"string":"kHitStopType_enemyonly"},{"time":0.1333,"name":"EFEvent","string":"setHitBackEnemy(5,5)"},{"time":0.1333,"name":"Sound1","string":"setHitSound(se_battle_explosion_short)"},{"time":0.1666,"name":"EFHit","string":"resetHitList"},{"time":0.1666,"name":"Sound1","string":"setHitSound(empty)"},{"time":0.2,"name":"EFHit","string":"resetHitList"},{"time":0.2,"name":"Sound1","string":"setHitSound(empty)"},{"time":0.2333,"name":"EFHit","string":"resetHitList"},{"time":0.2333,"name":"Sound1","string":"setHitSound(se_battle_explosion_short)"},{"time":0.2666,"name":"EFHit","string":"resetHitList"},{"time":0.2666,"name":"Sound1","string":"setHitSound(empty)"},{"time":0.3,"name":"EFHit","string":"resetHitList"},{"time":0.3,"name":"Sound1","string":"setHitSound(empty)"},{"time":0.3333,"name":"EFHit","string":"resetHitList"},{"time":0.3333,"name":"Sound1","string":"setHitSound(se_battle_explosion_short)"},{"time":0.3666,"name":"EFHit","string":"resetHitList"},{"time":0.3666,"name":"Sound1","string":"setHitSound(empty)"},{"time":0.4,"name":"EFHit","string":"resetHitList"},{"time":0.4,"name":"Sound1","string":"setHitSound(empty)"},{"time":0.4333,"name":"EFHit","string":"resetHitList"},{"time":0.4333,"name":"Sound1","string":"setHitSound(se_battle_explosion_short)"},{"time":0.4666,"name":"EFHit","string":"resetHitList"},{"time":0.4666,"name":"Sound1","string":"setHitSound(empty)"},{"time":0.5,"name":"EFHit","string":"resetHitList"},{"time":0.5,"name":"Sound1","string":"setHitSound(empty)"},{"time":0.5333,"name":"EFHit","string":"resetHitList"},{"time":0.5333,"name":"Sound1","string":"setHitSound(se_battle_explosion_short)"},{"time":0.5666,"name":"EFHit","string":"resetHitList"},{"time":0.5666,"name":"Sound1","string":"setHitSound(empty)"},{"time":0.6,"name":"EFHit","string":"resetHitList"},{"time":0.6,"name":"Sound1","string":"setHitSound(empty)"},{"time":0.6333,"name":"EFHit","string":"resetHitList"},{"time":0.6333,"name":"Sound1","string":"setHitSound(se_battle_explosion_short)"},{"time":0.6666,"name":"EFHit","string":"resetHitList"},{"time":0.6666,"name":"Sound1","string":"setHitSound(empty)"},{"time":0.7,"name":"EFHit","string":"resetHitList"},{"time":0.7,"name":"Sound1","string":"setHitSound(empty)"},{"time":0.7333,"name":"EFHit","string":"resetHitList"},{"time":0.7333,"name":"Sound1","string":"setHitSound(se_battle_explosion_short)"},{"time":0.7666,"name":"EFHit","string":"resetHitList"},{"time":0.7666,"name":"Sound1","string":"setHitSound(empty)"},{"time":0.8,"name":"EFHit","string":"resetHitList"},{"time":0.8,"name":"Sound1","string":"setHitSound(empty)"},{"time":0.8333,"name":"EFHit","string":"resetHitList"},{"time":0.8333,"name":"Sound1","string":"setHitSound(se_battle_explosion_short)"},{"time":0.8666,"name":"EFEvent","string":"kImpactType_up"},{"time":0.8666,"name":"EFHit","string":"resetHitList"},{"time":0.8666,"name":"Sound1","string":"setHitSound(empty)"},{"time":0.9,"name":"EFHit","string":"resetHitList"},{"time":0.9,"name":"Sound1","string":"setHitSound(empty)"},{"time":0.9333,"name":"EFHit","string":"resetHitList"},{"time":0.9333,"name":"Sound1","string":"setHitSound(se_battle_explosion_short)"},{"time":0.9666,"name":"Sound1","string":"setHitSound(empty)"},{"time":1,"name":"Sound1","string":"setHitSound(empty)"},{"time":1.0333,"name":"Sound1","string":"setHitSound(se_battle_explosion_short)"},{"time":1.0666,"name":"Sound1","string":"setHitSound(empty)"},{"time":1.1,"name":"Sound1","string":"setHitSound(empty)"}]}}}