{"skeleton":{"hash":"4tVu+yctmubl7q81eABBrDsKhNg","spine":"3.0.12","width":0,"height":0},"bones":[{"name":"root"},{"name":"grid","parent":"root"},{"name":"MAIN","parent":"root","y":61.08},{"name":"SHADOW-OFFSET","parent":"MAIN"},{"name":"HITBOX","parent":"MAIN"},{"name":"EF_slash_02","parent":"MAIN","x":1252.43,"y":-609.52},{"name":"EF_slash_01","parent":"MAIN","x":1059.33,"y":-565.77},{"name":"5200/5200_S2_power1/5200_S2_power1_3","parent":"MAIN","y":-61.08},{"name":"5200/5200_S2_power1/5200_S2_power1_2","parent":"MAIN","y":-61.08},{"name":"5200/5200_S2_power1/5200_S2_power1_1","parent":"MAIN","y":-61.08},{"name":"5200/5130_S2_wave1/5130_S2_wave1_3","parent":"MAIN","x":-216.4,"y":24.24},{"name":"5200/5130_S2_wave1/5130_S2_wave1_2","parent":"MAIN","x":-216.4,"y":24.24},{"name":"5200/5130_S2_wave1/5130_S2_wave1_1","parent":"MAIN","x":-216.4,"y":24.24},{"name":"5200/5130_S2_dash1/5130_S2_dash1_00000","parent":"MAIN","x":-197.75,"y":-53.12},{"name":"DAMAGEAREA","parent":"root"},{"name":"weapon","parent":"root","x":-191.68,"y":158.28}],"slots":[{"name":"grid/nounit(0.88)","bone":"grid"},{"name":"grid/grid","bone":"grid"},{"name":"EF/EF_slash_DOT/up_EF_1","bone":"EF_slash_01","color":"00ff53ff","blend":"additive"},{"name":"EF/EF_slash_DOT/10000-combo_7_ef1_1","bone":"EF_slash_02","color":"00ff53ff","blend":"additive"},{"name":"5200/5200_S2_power1/5200_S2_power1_1","bone":"5200/5200_S2_power1/5200_S2_power1_1","blend":"additive"},{"name":"5200/5200_S2_power1/5200_S2_power1_2","bone":"5200/5200_S2_power1/5200_S2_power1_2","blend":"additive"},{"name":"5200/5200_S2_power1/5200_S2_power1_3","bone":"5200/5200_S2_power1/5200_S2_power1_3","blend":"additive"},{"name":"5200/5130_S2_wave1/5130_S2_wave1_1","bone":"5200/5130_S2_wave1/5130_S2_wave1_1","blend":"additive"},{"name":"5200/5130_S2_wave1/5130_S2_wave1_3","bone":"5200/5130_S2_wave1/5130_S2_wave1_3","blend":"additive"},{"name":"5200/5130_S2_wave1/5130_S2_wave1_2","bone":"5200/5130_S2_wave1/5130_S2_wave1_2","blend":"additive"},{"name":"5200/5130_S2_dash1/5130_S2_dash1_00000","bone":"5200/5130_S2_dash1/5130_S2_dash1_00000","blend":"additive"},{"name":"EF/weapon_rolling","bone":"weapon"},{"name":"MAIN","bone":"MAIN","attachment":"idle_00"},{"name":"DAMAGEAREA","bone":"DAMAGEAREA"},{"name":"HITBOX","bone":"HITBOX","attachment":"HITBOX"}],"skins":{"default":{"5200/5130_S2_dash1/5130_S2_dash1_00000":{"5200/5130_S2_dash1/5130_S2_dash1_00000":{"x":14.45,"y":15.08,"width":250,"height":250},"5200/5130_S2_dash1/5130_S2_dash1_00001":{"x":14.45,"y":15.08,"width":250,"height":250},"5200/5130_S2_dash1/5130_S2_dash1_00002":{"x":14.45,"y":15.08,"width":250,"height":250},"5200/5130_S2_dash1/5130_S2_dash1_00003":{"x":14.45,"y":15.08,"width":250,"height":250},"5200/5130_S2_dash1/5130_S2_dash1_00004":{"x":14.45,"y":15.08,"width":250,"height":250},"5200/5130_S2_dash1/5130_S2_dash1_00005":{"x":14.45,"y":15.08,"width":250,"height":250},"5200/5130_S2_dash1/5130_S2_dash1_00006":{"x":14.45,"y":15.08,"width":250,"height":250},"5200/5130_S2_dash1/5130_S2_dash1_00007":{"x":14.45,"y":15.08,"width":250,"height":250},"5200/5130_S2_dash1/5130_S2_dash1_00008":{"x":14.45,"y":15.08,"width":250,"height":250},"5200/5130_S2_dash1/5130_S2_dash1_00009":{"x":14.45,"y":15.08,"width":250,"height":250}},"5200/5130_S2_wave1/5130_S2_wave1_1":{"5200/5130_S2_wave1/5130_S2_wave1_00001":{"y":6.17,"width":225,"height":225},"5200/5130_S2_wave1/5130_S2_wave1_00003":{"y":6.17,"width":225,"height":225},"5200/5130_S2_wave1/5130_S2_wave1_00004":{"y":6.17,"width":225,"height":225},"5200/5130_S2_wave1/5130_S2_wave1_00005":{"y":6.17,"width":225,"height":225},"5200/5130_S2_wave1/5130_S2_wave1_00006":{"y":6.17,"width":225,"height":225},"5200/5130_S2_wave1/5130_S2_wave1_00007":{"y":6.17,"width":225,"height":225},"5200/5130_S2_wave1/5130_S2_wave1_00008":{"y":6.17,"width":225,"height":225},"5200/5130_S2_wave1/5130_S2_wave1_00009":{"y":6.17,"width":225,"height":225}},"5200/5130_S2_wave1/5130_S2_wave1_2":{"5200/5130_S2_wave1/5130_S2_wave1_00001":{"y":6.17,"width":225,"height":225},"5200/5130_S2_wave1/5130_S2_wave1_00003":{"y":6.17,"width":225,"height":225},"5200/5130_S2_wave1/5130_S2_wave1_00004":{"y":6.17,"width":225,"height":225},"5200/5130_S2_wave1/5130_S2_wave1_00005":{"y":6.17,"width":225,"height":225},"5200/5130_S2_wave1/5130_S2_wave1_00006":{"y":6.17,"width":225,"height":225},"5200/5130_S2_wave1/5130_S2_wave1_00007":{"y":6.17,"width":225,"height":225},"5200/5130_S2_wave1/5130_S2_wave1_00008":{"y":6.17,"width":225,"height":225},"5200/5130_S2_wave1/5130_S2_wave1_00009":{"y":6.17,"width":225,"height":225}},"5200/5130_S2_wave1/5130_S2_wave1_3":{"5200/5130_S2_wave1/5130_S2_wave1_00001":{"y":6.17,"width":225,"height":225},"5200/5130_S2_wave1/5130_S2_wave1_00003":{"y":6.17,"width":225,"height":225},"5200/5130_S2_wave1/5130_S2_wave1_00004":{"y":6.17,"width":225,"height":225},"5200/5130_S2_wave1/5130_S2_wave1_00005":{"y":6.17,"width":225,"height":225},"5200/5130_S2_wave1/5130_S2_wave1_00006":{"y":6.17,"width":225,"height":225},"5200/5130_S2_wave1/5130_S2_wave1_00007":{"y":6.17,"width":225,"height":225},"5200/5130_S2_wave1/5130_S2_wave1_00008":{"y":6.17,"width":225,"height":225},"5200/5130_S2_wave1/5130_S2_wave1_00009":{"y":6.17,"width":225,"height":225}},"5200/5200_S2_power1/5200_S2_power1_1":{"5200/5200_S2_power1/5200_S2_power1_00001":{"scaleX":1.009,"scaleY":1.009,"width":200,"height":200},"5200/5200_S2_power1/5200_S2_power1_00002":{"scaleX":1.009,"scaleY":1.009,"width":200,"height":200},"5200/5200_S2_power1/5200_S2_power1_00003":{"scaleX":1.009,"scaleY":1.009,"width":200,"height":200},"5200/5200_S2_power1/5200_S2_power1_00004":{"scaleX":1.009,"scaleY":1.009,"width":200,"height":200},"5200/5200_S2_power1/5200_S2_power1_00005":{"scaleX":1.009,"scaleY":1.009,"width":200,"height":200},"5200/5200_S2_power1/5200_S2_power1_00006":{"scaleX":1.009,"scaleY":1.009,"width":200,"height":200},"5200/5200_S2_power1/5200_S2_power1_00007":{"scaleX":1.009,"scaleY":1.009,"width":200,"height":200},"5200/5200_S2_power1/5200_S2_power1_00009":{"width":500,"height":500}},"5200/5200_S2_power1/5200_S2_power1_2":{"5200/5200_S2_power1/5200_S2_power1_00001":{"scaleX":1.009,"scaleY":1.009,"width":200,"height":200},"5200/5200_S2_power1/5200_S2_power1_00002":{"scaleX":1.009,"scaleY":1.009,"width":200,"height":200},"5200/5200_S2_power1/5200_S2_power1_00003":{"scaleX":1.009,"scaleY":1.009,"width":200,"height":200},"5200/5200_S2_power1/5200_S2_power1_00004":{"scaleX":1.009,"scaleY":1.009,"width":200,"height":200},"5200/5200_S2_power1/5200_S2_power1_00005":{"scaleX":1.009,"scaleY":1.009,"width":200,"height":200},"5200/5200_S2_power1/5200_S2_power1_00006":{"scaleX":1.009,"scaleY":1.009,"width":200,"height":200},"5200/5200_S2_power1/5200_S2_power1_00007":{"scaleX":1.009,"scaleY":1.009,"width":200,"height":200},"5200/5200_S2_power1/5200_S2_power1_00009":{"width":500,"height":500}},"5200/5200_S2_power1/5200_S2_power1_3":{"5200/5200_S2_power1/5200_S2_power1_00001":{"scaleX":1.009,"scaleY":1.009,"width":200,"height":200},"5200/5200_S2_power1/5200_S2_power1_00002":{"scaleX":1.009,"scaleY":1.009,"width":200,"height":200},"5200/5200_S2_power1/5200_S2_power1_00003":{"scaleX":1.009,"scaleY":1.009,"width":200,"height":200},"5200/5200_S2_power1/5200_S2_power1_00004":{"scaleX":1.009,"scaleY":1.009,"width":200,"height":200},"5200/5200_S2_power1/5200_S2_power1_00005":{"scaleX":1.009,"scaleY":1.009,"width":200,"height":200},"5200/5200_S2_power1/5200_S2_power1_00006":{"scaleX":1.009,"scaleY":1.009,"width":200,"height":200},"5200/5200_S2_power1/5200_S2_power1_00007":{"scaleX":1.009,"scaleY":1.009,"width":200,"height":200},"5200/5200_S2_power1/5200_S2_power1_00009":{"width":500,"height":500}},"DAMAGEAREA":{"DAMAGEAREA":{"type":"boundingbox","vertices":[-98.93387,98.34435,-98.93387,-96.33557,98.88609,-96.33557,97.31607,97.55938]}},"EF/EF_slash_DOT/10000-combo_7_ef1_1":{"EF/EF_slash_DOT/10000-combo_7_ef1_1":{"x":40.56,"y":36.83,"width":206,"height":171},"EF/EF_slash_DOT/10000-combo_7_ef1_2":{"x":40.56,"y":36.83,"width":206,"height":171}},"EF/EF_slash_DOT/up_EF_1":{"EF/EF_slash_DOT/up_EF_1":{"x":-14.33,"y":-29.8,"width":100,"height":100},"EF/EF_slash_DOT/up_EF_2":{"x":-14.33,"y":-29.8,"width":100,"height":100}},"EF/weapon_rolling":{"EF/weapon_rolling":{"x":-47.21,"y":-40.92,"width":300,"height":300}},"HITBOX":{"HITBOX":{"type":"boundingbox","vertices":[-40.84387,56.09435,-42.41388,-58.51566,46.2911,-58.51566,45.5061,56.09435]}},"MAIN":{"attack1_00":{"width":598,"height":598},"attack1_01":{"width":598,"height":598},"attack1_02":{"width":598,"height":598},"attack1_03":{"width":598,"height":598},"attack1_04":{"width":598,"height":598},"attack2_00":{"width":598,"height":598},"attack2_01":{"width":598,"height":598},"attack2_02":{"width":598,"height":598},"attack2_03":{"width":598,"height":598},"attack2_04":{"width":598,"height":598},"attack3_00":{"width":598,"height":598},"attack3_01":{"width":598,"height":598},"attack3_02":{"width":598,"height":598},"attack3_03":{"width":598,"height":598},"attack3_04":{"width":598,"height":598},"back_00":{"width":598,"height":598},"damage_00":{"width":598,"height":598},"front_00":{"width":598,"height":598},"idle_00":{"width":598,"height":598},"idle_01":{"width":598,"height":598},"idle_02":{"width":598,"height":598},"idle_03":{"width":598,"height":598},"idle_04":{"width":598,"height":598},"skill2_00":{"width":598,"height":598},"skill2_01":{"width":598,"height":598},"skill2_02":{"width":598,"height":598},"skill2_03":{"width":598,"height":598},"skill2_04":{"width":598,"height":598},"skill2_05":{"width":598,"height":598},"skill2_06":{"width":598,"height":598},"skill2_07":{"width":598,"height":598},"skill2_08":{"width":598,"height":598},"skill2_09":{"width":598,"height":598},"skill2_10":{"width":598,"height":598},"skill2_11":{"width":598,"height":598},"skill2_12":{"width":598,"height":598},"skill2_13":{"width":598,"height":598},"skill2_14":{"width":598,"height":598}}}},"events":{"Event":{},"Hit":{},"Sound1":{},"Sound2":{},"Sound3":{},"Voice":{}},"animations":{"attack1":{"slots":{"DAMAGEAREA":{"attachment":[{"time":0.1,"name":"DAMAGEAREA"},{"time":0.1666,"name":null},{"time":0.7,"name":"DAMAGEAREA"},{"time":0.7666,"name":null}]},"EF/EF_slash_DOT/10000-combo_7_ef1_1":{"attachment":[{"time":0.2,"name":"EF/EF_slash_DOT/10000-combo_7_ef1_2"},{"time":0.2666,"name":null}]},"EF/EF_slash_DOT/up_EF_1":{"attachment":[{"time":0.1,"name":"EF/EF_slash_DOT/up_EF_2"},{"time":0.2,"name":null},{"time":0.7,"name":"EF/EF_slash_DOT/up_EF_1"},{"time":0.7333,"name":null}]},"MAIN":{"attachment":[{"time":0,"name":"attack1_00"},{"time":0.1,"name":"attack1_01"},{"time":0.1333,"name":"attack1_02"},{"time":0.2,"name":"attack1_03"},{"time":0.2333,"name":"attack1_04"},{"time":0.4333,"name":"attack2_00"},{"time":0.5333,"name":"attack2_01"},{"time":0.7,"name":"attack2_02"},{"time":0.7666,"name":"attack2_03"},{"time":0.8333,"name":"attack2_04"},{"time":1.0333,"name":"back_00"},{"time":1.2333,"name":"idle_03"},{"time":1.3333,"name":"idle_04"},{"time":1.4333,"name":"idle_04"}]}},"bones":{"MAIN":{"translate":[{"time":0.2,"x":72.44,"y":0,"curve":"stepped"},{"time":0.4333,"x":72.44,"y":0,"curve":[0.169,0.79,0.75,1]},{"time":0.6,"x":-70.34,"y":101.84,"curve":[0.72,0,0.933,0.43]},{"time":0.7,"x":-137.02,"y":0,"curve":"stepped"},{"time":0.7333,"x":-137.02,"y":-5.52,"curve":"stepped"},{"time":0.8,"x":-137.02,"y":0,"curve":"stepped"},{"time":1.0333,"x":-137.02,"y":0},{"time":1.1666,"x":-37.44,"y":20.74},{"time":1.2333,"x":-12.99,"y":0,"curve":[0.169,0.57,0.194,0.74]},{"time":1.4333,"x":0,"y":0}]},"EF_slash_01":{"rotate":[{"time":0.1,"angle":89.65,"curve":"stepped"},{"time":0.1333,"angle":68.52,"curve":"stepped"},{"time":0.7,"angle":93.44}],"translate":[{"time":0.1,"x":-1207.4,"y":586.68,"curve":"stepped"},{"time":0.1333,"x":-1193.04,"y":632.17,"curve":"stepped"},{"time":0.7,"x":-1106.53,"y":546.26}],"scale":[{"time":0.1,"x":2.117,"y":3.643,"curve":"stepped"},{"time":0.7,"x":-5.676,"y":4.292}]},"EF_slash_02":{"rotate":[{"time":0.2,"angle":54.1,"curve":"stepped"},{"time":0.2333,"angle":25.31}],"translate":[{"time":0.2,"x":-1023.31,"y":615.65,"curve":"stepped"},{"time":0.2333,"x":-1022.28,"y":578.42}],"scale":[{"time":0.2,"x":-2.107,"y":2.924,"curve":"stepped"},{"time":0.2333,"x":-2.107,"y":1.7,"curve":"stepped"},{"time":0.2666,"x":-2.107,"y":1.178}]},"DAMAGEAREA":{"translate":[{"time":0.1,"x":-133.34,"y":63.91,"curve":"stepped"},{"time":0.7,"x":-154.87,"y":63.91}],"scale":[{"time":0.1,"x":0.989,"y":0.878,"curve":"stepped"},{"time":0.7,"x":0.925,"y":0.878}]}},"drawOrder":[{"time":0.1,"offsets":[{"slot":"EF/EF_slash_DOT/up_EF_1","offset":10}]},{"time":0.7,"offsets":[{"slot":"EF/EF_slash_DOT/up_EF_1","offset":1}]}],"events":[{"time":0.0333,"name":"Event","float":0.1,"string":"kHitStopType_normal"},{"time":0.0666,"name":"Sound1","string":"cri_se_battle_sword_swish_heavy"},{"time":0.1,"name":"Sound1","string":"setHitSound(se_battle_hard_hit)"},{"time":0.1,"name":"Voice","string":"cri_112_voice_attack_random"},{"time":0.6666,"name":"Hit","string":"resetHitList"},{"time":0.6666,"name":"Sound1","string":"cri_se_battle_sword_swish_heavy"},{"time":0.7,"name":"Sound1","string":"setHitSound(se_battle_hard_hit)"},{"time":0.7,"name":"Voice","string":"cri_112_voice_attack_c"},{"time":1.0333,"name":"Sound1","string":"cri_se_battle_jump"},{"time":1.2333,"name":"Sound1","string":"cri_se_battle_landing"}]},"back":{"slots":{"MAIN":{"attachment":[{"time":0,"name":"back_00"},{"time":0.2333,"name":"idle_00"},{"time":0.3333,"name":"idle_01"},{"time":0.4333,"name":"idle_02"},{"time":0.5333,"name":"idle_03"},{"time":0.6666,"name":"idle_04"},{"time":0.8333,"name":"idle_04"}]}},"bones":{"MAIN":{"translate":[{"time":0,"x":0,"y":0},{"time":0.1333,"x":101.48,"y":20.74},{"time":0.2333,"x":125.31,"y":0,"curve":[0.137,0.54,0.213,0.71]},{"time":0.5333,"x":140,"y":0}]}},"events":[{"time":0,"name":"Sound1","string":"cri_se_battle_jump"},{"time":0.2333,"name":"Sound1","string":"cri_se_battle_landing"}]},"cast":{"slots":{"MAIN":{"attachment":[{"time":0,"name":"attack2_00"},{"time":0.1333,"name":"attack2_01"},{"time":0.5,"name":"attack2_02"},{"time":0.5666,"name":"attack2_03"},{"time":0.6333,"name":"attack2_04"},{"time":0.7666,"name":"attack2_04"}]}},"bones":{"MAIN":{"translate":[{"time":0,"x":0,"y":0,"curve":[0.25,0,0.75,1]},{"time":0.1,"x":0,"y":35.73,"curve":[0.39,0.74,0.746,1]},{"time":0.3,"x":0,"y":37.8,"curve":[0.614,0,1,0.21]},{"time":0.5,"x":0,"y":0}]}},"events":[{"time":0.3,"name":"Voice","string":"cri_112_voice_item"}]},"damage":{"slots":{"MAIN":{"attachment":[{"time":0,"name":"damage_00"}]}}},"front":{"slots":{"MAIN":{"attachment":[{"time":0,"name":"front_00"}]}}},"idle":{"slots":{"MAIN":{"attachment":[{"time":0,"name":"idle_00"},{"time":0.1666,"name":"idle_01"},{"time":0.3333,"name":"idle_02"},{"time":0.5,"name":"idle_03"},{"time":0.6666,"name":"idle_04"},{"time":0.8333,"name":"idle_04"}]}}},"in":{"slots":{"MAIN":{"attachment":[{"time":0,"name":"front_00"},{"time":0.3333,"name":"idle_00"},{"time":0.5,"name":"idle_01"},{"time":0.6666,"name":"idle_02"},{"time":0.8333,"name":"idle_03"},{"time":1,"name":"idle_04"},{"time":1.1666,"name":"idle_04"}],"color":[{"time":0,"color":"ffffff00"},{"time":0.3333,"color":"ffffffff"}]}},"bones":{"MAIN":{"translate":[{"time":0,"x":270,"y":0},{"time":0.3333,"x":10,"y":0,"curve":[0,0.6,0.75,1]},{"time":0.6666,"x":0,"y":0}]}}},"skill1":{"slots":{"5200/5130_S2_dash1/5130_S2_dash1_00000":{"attachment":[{"time":0,"name":"5200/5130_S2_dash1/5130_S2_dash1_00000"},{"time":0.0333,"name":"5200/5130_S2_dash1/5130_S2_dash1_00001"},{"time":0.0666,"name":"5200/5130_S2_dash1/5130_S2_dash1_00002"},{"time":0.1,"name":"5200/5130_S2_dash1/5130_S2_dash1_00003"},{"time":0.1333,"name":"5200/5130_S2_dash1/5130_S2_dash1_00004"},{"time":0.1666,"name":"5200/5130_S2_dash1/5130_S2_dash1_00005"},{"time":0.2,"name":"5200/5130_S2_dash1/5130_S2_dash1_00006"},{"time":0.2333,"name":"5200/5130_S2_dash1/5130_S2_dash1_00007"},{"time":0.2666,"name":"5200/5130_S2_dash1/5130_S2_dash1_00008"},{"time":0.3,"name":"5200/5130_S2_dash1/5130_S2_dash1_00009"},{"time":0.6,"name":null}],"color":[{"time":0,"color":"ffffffff"},{"time":0.5333,"color":"ffffff00"}]},"5200/5130_S2_wave1/5130_S2_wave1_1":{"attachment":[{"time":0,"name":"5200/5130_S2_wave1/5130_S2_wave1_00001"},{"time":0.0333,"name":"5200/5130_S2_wave1/5130_S2_wave1_00003"},{"time":0.0666,"name":"5200/5130_S2_wave1/5130_S2_wave1_00004"},{"time":0.1,"name":"5200/5130_S2_wave1/5130_S2_wave1_00005"},{"time":0.1333,"name":"5200/5130_S2_wave1/5130_S2_wave1_00006"},{"time":0.1666,"name":"5200/5130_S2_wave1/5130_S2_wave1_00007"},{"time":0.2333,"name":"5200/5130_S2_wave1/5130_S2_wave1_00008"},{"time":0.3,"name":"5200/5130_S2_wave1/5130_S2_wave1_00009"}],"color":[{"time":0.1666,"color":"ffffffff"},{"time":0.5,"color":"ffffff00"}]},"DAMAGEAREA":{"attachment":[{"time":0.1666,"name":"DAMAGEAREA"},{"time":0.2333,"name":null},{"time":0.8333,"name":"DAMAGEAREA"},{"time":1.1,"name":null}]},"MAIN":{"attachment":[{"time":0,"name":"attack1_00"},{"time":0.1666,"name":"attack1_01"},{"time":0.2,"name":"attack1_02"},{"time":0.2666,"name":"attack1_03"},{"time":0.3333,"name":"attack1_04"},{"time":0.4333,"name":"attack2_00"},{"time":0.5666,"name":"attack2_01"},{"time":0.8,"name":"attack3_02"},{"time":0.8666,"name":"attack3_03"},{"time":0.9333,"name":"attack3_04"},{"time":1.2333,"name":"attack3_04"},{"time":1.8333,"name":"attack3_04"}]}},"bones":{"MAIN":{"translate":[{"time":0.2666,"x":53.76,"y":0,"curve":"stepped"},{"time":0.4333,"x":53.76,"y":0},{"time":0.5666,"x":-68.34,"y":137.36,"curve":[0.387,0.71,0.737,1]},{"time":0.7,"x":-75.88,"y":144.72,"curve":[0.25,0,0.933,0.43]},{"time":0.8,"x":-75.87,"y":0,"curve":"stepped"},{"time":0.8333,"x":-75.87,"y":-6.91,"curve":"stepped"},{"time":0.9,"x":-75.87,"y":2.77,"curve":"stepped"},{"time":1,"x":-75.87,"y":0}]},"5200/5130_S2_dash1/5130_S2_dash1_00000":{"translate":[{"time":0,"x":243.54,"y":-5.97}],"scale":[{"time":0,"x":2.757,"y":2.757}]},"5200/5130_S2_wave1/5130_S2_wave1_1":{"translate":[{"time":0,"x":199.72,"y":-83.83}],"scale":[{"time":0,"x":2.277,"y":2.277}]},"DAMAGEAREA":{"translate":[{"time":0.1666,"x":-138.85,"y":77.13,"curve":"stepped"},{"time":0.8333,"x":-196.15,"y":66.11}],"scale":[{"time":0.1666,"x":1.993,"y":1.118,"curve":"stepped"},{"time":0.8333,"x":2.074,"y":1}]}},"events":[{"time":0.0666,"name":"Event","string":"setForceImpact(1)"},{"time":0.1,"name":"Event","int":90,"string":"kImpactType_knock"},{"time":0.1333,"name":"Event","float":0.4,"string":"kHitStopType_normal"},{"time":0.1333,"name":"Sound1","string":"cri_se_battle_skill_swish"},{"time":0.1333,"name":"Sound2","string":"cri_se_battle_arrow_light_effect"},{"time":0.1333,"name":"Voice","string":"cri_112_voice_skill_all"},{"time":0.1666,"name":"Event","string":"shakeGround"},{"time":0.7666,"name":"Event","string":"kImpactType_knock"},{"time":0.7666,"name":"Sound1","string":"cri_se_battle_skill_shot"},{"time":0.7666,"name":"Sound2","string":"cri_se_battle_arrow_light_effect"},{"time":0.8,"name":"Event","float":0.01,"string":"kHitStopType_normal"},{"time":0.8,"name":"Hit","string":"resetHitList"},{"time":0.8,"name":"Sound2","string":"cri_se_battle_030_explosion_02"},{"time":0.8333,"name":"Event","string":"shakeGround"},{"time":0.8333,"name":"Sound1","string":"setHitSound(se_battle_explosion_short)"},{"time":0.8666,"name":"Hit","string":"resetHitList"},{"time":0.8666,"name":"Sound1","string":"setHitSound(empty)"},{"time":0.9,"name":"Event","string":"shakeGround"},{"time":0.9,"name":"Hit","string":"resetHitList"},{"time":0.9,"name":"Sound1","string":"setHitSound(se_battle_explosion_short)"},{"time":0.9333,"name":"Hit","string":"resetHitList"},{"time":0.9333,"name":"Sound1","string":"setHitSound(empty)"},{"time":0.9666,"name":"Hit","string":"resetHitList"},{"time":0.9666,"name":"Sound1","string":"setHitSound(se_battle_explosion_short)"},{"time":1,"name":"Hit","string":"resetHitList"},{"time":1,"name":"Sound1","string":"setHitSound(empty)"},{"time":1.0333,"name":"Event","string":"shakeGround"},{"time":1.0333,"name":"Hit","string":"resetHitList"},{"time":1.0333,"name":"Sound1","string":"setHitSound(se_battle_explosion_short)"},{"time":1.0666,"name":"Hit","string":"resetHitList"},{"time":1.0666,"name":"Sound1","string":"setHitSound(empty)"}]},"skill2":{"slots":{"5200/5130_S2_dash1/5130_S2_dash1_00000":{"attachment":[{"time":2.5,"name":"5200/5130_S2_dash1/5130_S2_dash1_00000"},{"time":2.5333,"name":"5200/5130_S2_dash1/5130_S2_dash1_00001"},{"time":2.5666,"name":"5200/5130_S2_dash1/5130_S2_dash1_00002"},{"time":2.6,"name":"5200/5130_S2_dash1/5130_S2_dash1_00003"},{"time":2.6333,"name":"5200/5130_S2_dash1/5130_S2_dash1_00004"},{"time":2.6666,"name":"5200/5130_S2_dash1/5130_S2_dash1_00005"},{"time":2.7,"name":"5200/5130_S2_dash1/5130_S2_dash1_00006"},{"time":2.7333,"name":"5200/5130_S2_dash1/5130_S2_dash1_00007"},{"time":2.7666,"name":"5200/5130_S2_dash1/5130_S2_dash1_00008"},{"time":2.8,"name":"5200/5130_S2_dash1/5130_S2_dash1_00009"},{"time":2.8333,"name":null}]},"5200/5130_S2_wave1/5130_S2_wave1_1":{"attachment":[{"time":0,"name":"5200/5130_S2_wave1/5130_S2_wave1_00001"},{"time":0.0333,"name":"5200/5130_S2_wave1/5130_S2_wave1_00003"},{"time":0.1,"name":"5200/5130_S2_wave1/5130_S2_wave1_00004"},{"time":0.1333,"name":"5200/5130_S2_wave1/5130_S2_wave1_00005"},{"time":0.2,"name":"5200/5130_S2_wave1/5130_S2_wave1_00006"},{"time":0.2333,"name":"5200/5130_S2_wave1/5130_S2_wave1_00007"},{"time":0.3,"name":"5200/5130_S2_wave1/5130_S2_wave1_00008"},{"time":0.3333,"name":"5200/5130_S2_wave1/5130_S2_wave1_00009"},{"time":2.6333,"name":"5200/5130_S2_wave1/5130_S2_wave1_00001"},{"time":2.6666,"name":"5200/5130_S2_wave1/5130_S2_wave1_00003"},{"time":2.7,"name":"5200/5130_S2_wave1/5130_S2_wave1_00004"},{"time":2.7333,"name":"5200/5130_S2_wave1/5130_S2_wave1_00005"},{"time":2.7666,"name":"5200/5130_S2_wave1/5130_S2_wave1_00006"},{"time":2.8,"name":"5200/5130_S2_wave1/5130_S2_wave1_00007"},{"time":2.8333,"name":"5200/5130_S2_wave1/5130_S2_wave1_00008"},{"time":2.8666,"name":"5200/5130_S2_wave1/5130_S2_wave1_00009"},{"time":3.0333,"name":"5200/5130_S2_wave1/5130_S2_wave1_00001"},{"time":3.0666,"name":"5200/5130_S2_wave1/5130_S2_wave1_00003"},{"time":3.1,"name":"5200/5130_S2_wave1/5130_S2_wave1_00004"},{"time":3.1333,"name":"5200/5130_S2_wave1/5130_S2_wave1_00005"},{"time":3.2,"name":"5200/5130_S2_wave1/5130_S2_wave1_00006"},{"time":3.2333,"name":"5200/5130_S2_wave1/5130_S2_wave1_00007"},{"time":3.2666,"name":"5200/5130_S2_wave1/5130_S2_wave1_00008"},{"time":3.3,"name":"5200/5130_S2_wave1/5130_S2_wave1_00009"}],"color":[{"time":0.2333,"color":"ffffffff"},{"time":0.4666,"color":"ffffff00","curve":"stepped"},{"time":2.6333,"color":"ffffffff","curve":"stepped"},{"time":2.8,"color":"ffffffff"},{"time":3,"color":"ffffff00","curve":"stepped"},{"time":3.0333,"color":"ffffffff","curve":"stepped"},{"time":3.2333,"color":"ffffffff"},{"time":3.4,"color":"ffffff00"}]},"5200/5130_S2_wave1/5130_S2_wave1_2":{"attachment":[{"time":0.2333,"name":"5200/5130_S2_wave1/5130_S2_wave1_00001"},{"time":0.2666,"name":"5200/5130_S2_wave1/5130_S2_wave1_00003"},{"time":0.3333,"name":"5200/5130_S2_wave1/5130_S2_wave1_00004"},{"time":0.3666,"name":"5200/5130_S2_wave1/5130_S2_wave1_00005"},{"time":0.4333,"name":"5200/5130_S2_wave1/5130_S2_wave1_00006"},{"time":0.4666,"name":"5200/5130_S2_wave1/5130_S2_wave1_00007"},{"time":0.5333,"name":"5200/5130_S2_wave1/5130_S2_wave1_00008"},{"time":0.5666,"name":"5200/5130_S2_wave1/5130_S2_wave1_00009"},{"time":2.7,"name":"5200/5130_S2_wave1/5130_S2_wave1_00001"},{"time":2.7333,"name":"5200/5130_S2_wave1/5130_S2_wave1_00003"},{"time":2.8,"name":"5200/5130_S2_wave1/5130_S2_wave1_00004"},{"time":2.8333,"name":"5200/5130_S2_wave1/5130_S2_wave1_00005"},{"time":2.9,"name":"5200/5130_S2_wave1/5130_S2_wave1_00006"},{"time":2.9333,"name":"5200/5130_S2_wave1/5130_S2_wave1_00007"},{"time":3,"name":"5200/5130_S2_wave1/5130_S2_wave1_00008"},{"time":3.0333,"name":"5200/5130_S2_wave1/5130_S2_wave1_00009"},{"time":3.2,"name":"5200/5130_S2_wave1/5130_S2_wave1_00001"},{"time":3.2333,"name":"5200/5130_S2_wave1/5130_S2_wave1_00004"},{"time":3.2666,"name":"5200/5130_S2_wave1/5130_S2_wave1_00005"},{"time":3.3,"name":"5200/5130_S2_wave1/5130_S2_wave1_00006"},{"time":3.3333,"name":"5200/5130_S2_wave1/5130_S2_wave1_00007"},{"time":3.3666,"name":"5200/5130_S2_wave1/5130_S2_wave1_00008"},{"time":3.4,"name":"5200/5130_S2_wave1/5130_S2_wave1_00009"}],"color":[{"time":0.4666,"color":"ffffffff"},{"time":0.7,"color":"ffffff00","curve":"stepped"},{"time":2.9333,"color":"ffffffff"},{"time":3.1666,"color":"ffffff00","curve":"stepped"},{"time":3.2,"color":"ffffffff","curve":"stepped"},{"time":3.3333,"color":"ffffffff"},{"time":3.5,"color":"ffffff00"}]},"5200/5130_S2_wave1/5130_S2_wave1_3":{"attachment":[{"time":0.5333,"name":"5200/5130_S2_wave1/5130_S2_wave1_00001"},{"time":0.5666,"name":"5200/5130_S2_wave1/5130_S2_wave1_00003"},{"time":0.6333,"name":"5200/5130_S2_wave1/5130_S2_wave1_00004"},{"time":0.6666,"name":"5200/5130_S2_wave1/5130_S2_wave1_00005"},{"time":0.7333,"name":"5200/5130_S2_wave1/5130_S2_wave1_00006"},{"time":0.7666,"name":"5200/5130_S2_wave1/5130_S2_wave1_00007"},{"time":0.8333,"name":"5200/5130_S2_wave1/5130_S2_wave1_00008"},{"time":0.8666,"name":"5200/5130_S2_wave1/5130_S2_wave1_00009"},{"time":2.8333,"name":"5200/5130_S2_wave1/5130_S2_wave1_00001"},{"time":2.8666,"name":"5200/5130_S2_wave1/5130_S2_wave1_00003"},{"time":2.9333,"name":"5200/5130_S2_wave1/5130_S2_wave1_00004"},{"time":2.9666,"name":"5200/5130_S2_wave1/5130_S2_wave1_00005"},{"time":3.0333,"name":"5200/5130_S2_wave1/5130_S2_wave1_00006"},{"time":3.0666,"name":"5200/5130_S2_wave1/5130_S2_wave1_00007"},{"time":3.1333,"name":"5200/5130_S2_wave1/5130_S2_wave1_00008"},{"time":3.1666,"name":"5200/5130_S2_wave1/5130_S2_wave1_00009"}],"color":[{"time":0.7666,"color":"ffffffff"},{"time":1,"color":"ffffff00","curve":"stepped"},{"time":2.8333,"color":"ffffffff","curve":"stepped"},{"time":3.0666,"color":"ffffffff"},{"time":3.3,"color":"ffffff00"}]},"5200/5200_S2_power1/5200_S2_power1_1":{"attachment":[{"time":0,"name":"5200/5200_S2_power1/5200_S2_power1_00003"},{"time":0.0333,"name":"5200/5200_S2_power1/5200_S2_power1_00004"},{"time":0.0666,"name":"5200/5200_S2_power1/5200_S2_power1_00005"},{"time":0.1,"name":"5200/5200_S2_power1/5200_S2_power1_00006"},{"time":0.1333,"name":"5200/5200_S2_power1/5200_S2_power1_00007"},{"time":0.1666,"name":"5200/5200_S2_power1/5200_S2_power1_00009"}],"color":[{"time":0.0666,"color":"fffffff6"},{"time":0.3333,"color":"ffffff00"}]},"5200/5200_S2_power1/5200_S2_power1_2":{"attachment":[{"time":0.2,"name":"5200/5200_S2_power1/5200_S2_power1_00003"},{"time":0.2333,"name":"5200/5200_S2_power1/5200_S2_power1_00004"},{"time":0.2666,"name":"5200/5200_S2_power1/5200_S2_power1_00005"},{"time":0.3,"name":"5200/5200_S2_power1/5200_S2_power1_00006"},{"time":0.3333,"name":"5200/5200_S2_power1/5200_S2_power1_00007"},{"time":0.3666,"name":"5200/5200_S2_power1/5200_S2_power1_00009"}],"color":[{"time":0.2666,"color":"ffffffff"},{"time":0.5333,"color":"ffffff00"}]},"5200/5200_S2_power1/5200_S2_power1_3":{"attachment":[{"time":0.4,"name":"5200/5200_S2_power1/5200_S2_power1_00003"},{"time":0.4333,"name":"5200/5200_S2_power1/5200_S2_power1_00004"},{"time":0.4666,"name":"5200/5200_S2_power1/5200_S2_power1_00005"},{"time":0.5,"name":"5200/5200_S2_power1/5200_S2_power1_00006"},{"time":0.5333,"name":"5200/5200_S2_power1/5200_S2_power1_00007"},{"time":0.5666,"name":"5200/5200_S2_power1/5200_S2_power1_00009"}],"color":[{"time":0.4666,"color":"ffffffff"},{"time":0.7333,"color":"ffffff00"}]},"DAMAGEAREA":{"attachment":[{"time":2.5333,"name":"DAMAGEAREA"},{"time":2.6,"name":null},{"time":2.6666,"name":"DAMAGEAREA"},{"time":3.1666,"name":null}]},"EF/weapon_rolling":{"attachment":[{"time":0,"name":"EF/weapon_rolling"},{"time":0.7666,"name":null}]},"MAIN":{"attachment":[{"time":0,"name":"skill2_00"},{"time":0.0666,"name":"skill2_01"},{"time":0.1333,"name":"skill2_02"},{"time":0.7666,"name":"skill2_03"},{"time":0.8666,"name":"skill2_04"},{"time":0.9666,"name":"skill2_05"},{"time":1.2666,"name":"skill2_06"},{"time":1.3333,"name":"skill2_07"},{"time":1.4333,"name":"skill2_08"},{"time":1.5666,"name":"skill2_09"},{"time":1.7333,"name":"skill2_10"},{"time":1.9666,"name":"skill2_11"},{"time":2.5,"name":"skill2_12"},{"time":2.5666,"name":"skill2_13"},{"time":2.7,"name":"skill2_14"},{"time":3.1,"name":"skill2_14"}]}},"bones":{"MAIN":{"translate":[{"time":0,"x":0,"y":0,"curve":[0.184,0.8,0.75,1]},{"time":0.5333,"x":0,"y":66.81,"curve":"stepped"},{"time":0.6333,"x":0,"y":66.81,"curve":[0.208,1,0.75,1]},{"time":0.7333,"x":0,"y":-4.66,"curve":"stepped"},{"time":2.5,"x":0,"y":-5.56,"curve":"stepped"},{"time":2.5666,"x":0,"y":-6.78,"curve":"stepped"},{"time":2.7,"x":0,"y":-5.56}]},"5200/5130_S2_dash1/5130_S2_dash1_00000":{"translate":[{"time":2.5,"x":260.75,"y":-5.74,"curve":"stepped"},{"time":2.6666,"x":260.75,"y":-5.74},{"time":2.8333,"x":279.04,"y":10.06}],"scale":[{"time":2.5,"x":2.244,"y":2.244,"curve":[0.152,0.5,0.75,1]},{"time":2.6,"x":5.359,"y":5.359,"curve":[0.115,0.86,0.75,1]},{"time":2.8333,"x":4.539,"y":4.539}]},"weapon":{"rotate":[{"time":0,"angle":0,"curve":"stepped"},{"time":0.0666,"angle":-82.31,"curve":"stepped"},{"time":0.1333,"angle":177.33,"curve":"stepped"},{"time":0.2,"angle":0,"curve":"stepped"},{"time":0.2666,"angle":-82.31,"curve":"stepped"},{"time":0.3333,"angle":177.33,"curve":"stepped"},{"time":0.4,"angle":0,"curve":"stepped"},{"time":0.4666,"angle":-82.31,"curve":"stepped"},{"time":0.5333,"angle":177.33,"curve":"stepped"},{"time":0.6,"angle":0,"curve":"stepped"},{"time":0.6666,"angle":-82.31,"curve":"stepped"},{"time":0.7333,"angle":177.33}],"translate":[{"time":0,"x":215.45,"y":-77.58,"curve":[0.184,0.8,0.75,1]},{"time":0.5333,"x":215.45,"y":-11.75,"curve":"stepped"},{"time":0.6333,"x":215.45,"y":-11.75,"curve":[0.208,1,0.75,1]},{"time":0.7333,"x":215.45,"y":-85.92}]},"5200/5200_S2_power1/5200_S2_power1_1":{"translate":[{"time":0,"x":22.93,"y":80.03},{"time":0.1666,"x":22.93,"y":117.6}],"scale":[{"time":0,"x":6,"y":6,"curve":"stepped"},{"time":0.1666,"x":2.307,"y":2.307},{"time":0.3333,"x":2.597,"y":2.597}]},"5200/5200_S2_power1/5200_S2_power1_2":{"translate":[{"time":0.2,"x":22.93,"y":125.9},{"time":0.3666,"x":22.93,"y":139.07}],"scale":[{"time":0.2,"x":6,"y":6,"curve":"stepped"},{"time":0.3666,"x":2.12,"y":2.12},{"time":0.5333,"x":2.487,"y":2.487}]},"5200/5200_S2_power1/5200_S2_power1_3":{"translate":[{"time":0.4,"x":22.93,"y":139.21},{"time":0.5666,"x":22.93,"y":145.14}],"scale":[{"time":0.4,"x":6,"y":6,"curve":"stepped"},{"time":0.5666,"x":2.265,"y":2.265},{"time":0.7333,"x":2.547,"y":2.547}]},"5200/5130_S2_wave1/5130_S2_wave1_2":{"translate":[{"time":0.2333,"x":216.4,"y":-85.33,"curve":"stepped"},{"time":2.7,"x":100.71,"y":-69.9,"curve":"stepped"},{"time":3.2,"x":100.71,"y":-69.9}],"scale":[{"time":0.2333,"x":4.53,"y":4.53,"curve":"stepped"},{"time":0.5666,"x":4.478,"y":4.478},{"time":0.7,"x":5.408,"y":5.408,"curve":"stepped"},{"time":2.7,"x":6.74,"y":6.74,"curve":"stepped"},{"time":3.0333,"x":6.914,"y":6.914},{"time":3.1666,"x":8.188,"y":8.188,"curve":"stepped"},{"time":3.2,"x":6.74,"y":6.74,"curve":"stepped"},{"time":3.4,"x":6.914,"y":6.914},{"time":3.5,"x":8.188,"y":8.188}]},"5200/5130_S2_wave1/5130_S2_wave1_1":{"translate":[{"time":0,"x":216.4,"y":-85.33,"curve":"stepped"},{"time":2.6333,"x":97.92,"y":-65.74,"curve":"stepped"},{"time":3.0333,"x":107.39,"y":-70.29}],"scale":[{"time":0,"x":4.527,"y":4.527,"curve":"stepped"},{"time":0.3333,"x":4.624,"y":4.624},{"time":0.4666,"x":5.334,"y":5.334,"curve":"stepped"},{"time":2.6333,"x":7,"y":7,"curve":"stepped"},{"time":2.8666,"x":6.626,"y":6.626},{"time":3,"x":7.153,"y":7.153,"curve":"stepped"},{"time":3.0333,"x":7,"y":7,"curve":"stepped"},{"time":3.3,"x":6.626,"y":6.626},{"time":3.4,"x":7.153,"y":7.153}]},"5200/5130_S2_wave1/5130_S2_wave1_3":{"translate":[{"time":0.5333,"x":216.4,"y":-85.33,"curve":"stepped"},{"time":2.8333,"x":93.57,"y":-70.46}],"scale":[{"time":0.5333,"x":4.53,"y":4.53,"curve":"stepped"},{"time":0.8666,"x":4.283,"y":4.283},{"time":1,"x":4.815,"y":4.815,"curve":"stepped"},{"time":2.8333,"x":7,"y":7,"curve":"stepped"},{"time":3.1666,"x":7,"y":7},{"time":3.3,"x":8.48,"y":8.48}]},"DAMAGEAREA":{"translate":[{"time":2.5333,"x":-85.18,"y":43.48,"curve":"stepped"},{"time":2.6666,"x":-104.69,"y":111.79}],"scale":[{"time":2.5333,"x":2.032,"y":2.372,"curve":"stepped"},{"time":2.6666,"x":3.716,"y":1.628}]}},"events":[{"time":0,"name":"Sound1","string":"cri_se_battle_arrow_light_effect"},{"time":0,"name":"Voice","string":"cri_112_voice_fullarts_now_3"},{"time":0.1333,"name":"Sound1","string":"cri_se_battle_arrow_light_effect"},{"time":0.2666,"name":"Sound1","string":"cri_se_battle_arrow_light_effect"},{"time":0.4,"name":"Sound1","string":"cri_se_battle_arrow_light_effect"},{"time":0.5333,"name":"Sound1","string":"cri_se_battle_arrow_light_effect"},{"time":0.7333,"name":"Event","string":"shakeGround"},{"time":0.7666,"name":"Sound1","string":"cri_se_battle_landing"},{"time":2.3333,"name":"Voice","string":"cri_112_voice_fullarts_rank5"},{"time":2.5,"name":"Event","float":0.4,"string":"kHitStopType_normal"},{"time":2.5,"name":"Sound1","string":"cri_se_battle_skill_elxplosion"},{"time":2.5333,"name":"Event","string":"shakeGround"},{"time":2.6,"name":"Sound1","string":"cri_se_battle_032_explosion_04"},{"time":2.6333,"name":"Event","float":0.01,"string":"kHitStopType_normal"},{"time":2.6333,"name":"Hit","string":"resetHitList"},{"time":2.6666,"name":"Sound1","string":"setHitSound(se_battle_explosion_short)"},{"time":2.6666,"name":"Sound2","string":"cri_se_battle_thrustviolently"},{"time":2.7,"name":"Hit","string":"resetHitList"},{"time":2.7,"name":"Sound1","string":"setHitSound(empty)"},{"time":2.7333,"name":"Hit","string":"resetHitList"},{"time":2.7333,"name":"Sound1","string":"setHitSound(se_battle_explosion_short)"},{"time":2.7666,"name":"Event","string":"shakeGround"},{"time":2.7666,"name":"Hit","string":"resetHitList"},{"time":2.7666,"name":"Sound1","string":"setHitSound(empty)"},{"time":2.7666,"name":"Sound2","string":"cri_se_battle_thrustviolently"},{"time":2.8,"name":"Hit","string":"resetHitList"},{"time":2.8,"name":"Sound1","string":"setHitSound(se_battle_explosion_short)"},{"time":2.8333,"name":"Hit","string":"resetHitList"},{"time":2.8333,"name":"Sound1","string":"setHitSound(empty)"},{"time":2.8666,"name":"Hit","string":"resetHitList"},{"time":2.8666,"name":"Sound1","string":"setHitSound(se_battle_explosion_short)"},{"time":2.8666,"name":"Sound2","string":"cri_se_battle_thrustviolently"},{"time":2.9,"name":"Hit","string":"resetHitList"},{"time":2.9,"name":"Sound1","string":"setHitSound(empty)"},{"time":2.9333,"name":"Event","string":"shakeGround"},{"time":2.9333,"name":"Hit","string":"resetHitList"},{"time":2.9333,"name":"Sound1","string":"setHitSound(se_battle_explosion_short)"},{"time":2.9666,"name":"Hit","string":"resetHitList"},{"time":2.9666,"name":"Sound1","string":"setHitSound(empty)"},{"time":2.9666,"name":"Sound2","string":"cri_se_battle_thrustviolently"},{"time":3,"name":"Hit","string":"resetHitList"},{"time":3,"name":"Sound1","string":"setHitSound(se_battle_explosion_short)"},{"time":3.0333,"name":"Hit","string":"resetHitList"},{"time":3.0333,"name":"Sound1","string":"setHitSound(empty)"},{"time":3.0666,"name":"Hit","string":"resetHitList"},{"time":3.0666,"name":"Sound1","string":"setHitSound(se_battle_explosion_short)"},{"time":3.0666,"name":"Sound2","string":"cri_se_battle_thrustviolently"},{"time":3.1,"name":"Event","string":"shakeGround"},{"time":3.1,"name":"Hit","string":"resetHitList"},{"time":3.1,"name":"Sound1","string":"setHitSound(empty)"},{"time":3.1333,"name":"Hit","string":"resetHitList"},{"time":3.1333,"name":"Sound1","string":"setHitSound(se_battle_explosion_short)"},{"time":3.1666,"name":"Sound1","string":"setHitSound(empty)"},{"time":3.1666,"name":"Sound2","string":"cri_se_battle_thrustviolently"},{"time":3.2666,"name":"Sound2","string":"cri_se_battle_thrustviolently"},{"time":3.5,"name":"Event"}]}}}