{"skeleton":{"hash":"zUk8h0K8sQOwQBvTyKPvxKLmDp0","spine":"3.0.12","width":0,"height":0},"bones":[{"name":"root"},{"name":"MOVE","parent":"root"},{"name":"MAIN","parent":"MOVE","y":65},{"name":"SHADOW-OFFSET","parent":"MAIN","scaleX":2,"scaleY":1.6},{"name":"EF","parent":"MOVE","x":294.82,"y":-75,"scaleX":3.7,"scaleY":3.7},{"name":"DAMAGEAREA","parent":"root"}],"slots":[{"name":"grid/grid","bone":"root","color":"ffffff83"},{"name":"grid/newUI","bone":"root","color":"ffffff83"},{"name":"EF/370_S1_wave1/370_S1_wave1_00000","bone":"EF"},{"name":"MAIN","bone":"MAIN","attachment":"Lion/idle_00"},{"name":"MAIN2","bone":"MAIN","blend":"additive"},{"name":"DAMAGEAREA","bone":"DAMAGEAREA"}],"skins":{"default":{"DAMAGEAREA":{"DAMAGEAREA":{"type":"boundingbox","vertices":[-97.86197,-97.93225,98.53956,-97.93225,98.19254,97.77531,-98.20894,96.73432]}},"EF/370_S1_wave1/370_S1_wave1_00000":{"EF/370_S1_wave1/370_S1_wave1_00000":{"x":0.53,"y":6.72,"width":250,"height":250},"EF/370_S1_wave1/370_S1_wave1_00001":{"x":0.53,"y":6.72,"width":250,"height":250},"EF/370_S1_wave1/370_S1_wave1_00002":{"x":0.53,"y":6.72,"width":250,"height":250},"EF/370_S1_wave1/370_S1_wave1_00003":{"x":0.53,"y":6.72,"width":250,"height":250},"EF/370_S1_wave1/370_S1_wave1_00004":{"x":0.53,"y":6.72,"width":250,"height":250},"EF/370_S1_wave1/370_S1_wave1_00005":{"x":0.53,"y":6.72,"width":250,"height":250},"EF/370_S1_wave1/370_S1_wave1_00006":{"x":0.53,"y":6.72,"width":250,"height":250},"EF/370_S1_wave1/370_S1_wave1_00007":{"x":0.53,"y":6.72,"width":250,"height":250},"EF/370_S1_wave1/370_S1_wave1_00008":{"x":0.53,"y":6.72,"width":250,"height":250}},"MAIN":{"Lion/attack1_00":{"x":20,"y":22.5,"width":500,"height":500},"Lion/attack1_01":{"x":20,"y":22.5,"width":500,"height":500},"Lion/attack1_02":{"x":19,"y":5,"width":500,"height":500},"Lion/attack1_03":{"x":20,"y":5,"width":500,"height":500},"Lion/attack1_04":{"x":20,"y":5,"width":500,"height":500},"Lion/back_00":{"x":-35,"y":35,"width":500,"height":500},"Lion/front_00":{"x":33,"y":-5,"width":528,"height":528},"Lion/front_01":{"x":33,"y":-5,"width":528,"height":528},"Lion/front_02":{"x":33,"y":-5,"width":528,"height":528},"Lion/front_03":{"x":33,"y":-5,"width":528,"height":528},"Lion/front_04":{"x":33,"y":-5,"width":528,"height":528},"Lion/front_05":{"x":33,"y":-5,"width":528,"height":528},"Lion/idle_00":{"x":5,"y":8,"width":500,"height":500},"Lion/idle_01":{"x":5,"y":8,"width":500,"height":500},"Lion/idle_02":{"x":5,"y":8,"width":500,"height":500},"Lion/idle_03":{"x":5,"y":8,"width":500,"height":500},"Lion/idle_04":{"x":5,"y":8,"width":500,"height":500},"Lion/skill1_00":{"x":12,"y":35,"width":500,"height":500},"Lion/skill1_01":{"x":12,"y":35,"width":500,"height":500},"Lion/skill1_02":{"x":12,"y":35,"width":500,"height":500},"Lion/skill1_03":{"x":12,"y":35,"width":500,"height":500},"Lion/skill1_04":{"x":20,"y":23,"width":500,"height":500},"Lion/skill1_05":{"x":20,"y":23,"width":500,"height":500},"Lion/skill1_06":{"x":20,"y":23,"width":500,"height":500},"Lion/skill2_00":{"y":5,"width":340,"height":300},"Lion/skill2_01":{"y":5,"width":340,"height":300},"Lion/skill2_02":{"y":5,"width":340,"height":300},"Lion/skill2_03":{"y":5,"width":340,"height":300}},"MAIN2":{"Lion/skill2_00":{"y":5,"width":340,"height":300},"Lion/skill2_01":{"y":5,"width":340,"height":300},"Lion/skill2_02":{"y":5,"width":340,"height":300},"Lion/skill2_03":{"y":5,"width":340,"height":300}}}},"events":{"Event":{},"Hit":{},"Sound1":{},"Sound2":{},"View":{},"voice":{}},"animations":{"appearance1":{"slots":{"MAIN":{"attachment":[{"time":0.6666,"name":"Lion/front_00"},{"time":0.8,"name":"Lion/front_01"},{"time":0.9666,"name":"Lion/front_02"},{"time":1.1333,"name":"Lion/front_03"},{"time":1.3,"name":"Lion/front_04"},{"time":1.4666,"name":"Lion/front_05"},{"time":1.6333,"name":"Lion/front_00"}],"color":[{"time":0,"color":"ffffff00","curve":"stepped"},{"time":0.6666,"color":"ffffff00"},{"time":1.6333,"color":"ffffffff"}]}},"bones":{"MAIN":{"translate":[{"time":0,"x":0,"y":0,"curve":"stepped"},{"time":0.6666,"x":70,"y":0},{"time":1.6333,"x":0,"y":0,"curve":"stepped"},{"time":1.7333,"x":0,"y":0}]}},"events":[{"time":1.7,"name":"Event","string":"runScript_onCompleteAppearance1"}]},"appearance2":{"slots":{"MAIN":{"attachment":[{"time":0,"name":"Lion/front_00"},{"time":0.1333,"name":"Lion/front_01"},{"time":0.3,"name":"Lion/front_02"},{"time":0.4666,"name":"Lion/front_03"},{"time":0.6333,"name":"Lion/front_04"},{"time":0.8,"name":"Lion/front_05"},{"time":0.9666,"name":"Lion/front_00"}],"color":[{"time":0,"color":"ffffff00"},{"time":0.9666,"color":"ffffffff"}]}},"bones":{"MAIN":{"translate":[{"time":0,"x":150,"y":0},{"time":0.9666,"x":0,"y":0,"curve":"stepped"},{"time":1.1666,"x":0,"y":0}]}},"events":[{"time":1.1333,"name":"Event","string":"runScript_onCompleteAppearance2"}]},"attack1":{"slots":{"MAIN":{"attachment":[{"time":0,"name":"Lion/idle_00"},{"time":0.1333,"name":"Lion/attack1_00"},{"time":0.3,"name":"Lion/attack1_01"},{"time":0.6666,"name":"Lion/attack1_02"},{"time":0.7333,"name":"Lion/attack1_03"},{"time":0.8,"name":"Lion/attack1_04"},{"time":0.9,"name":"Lion/attack1_01"},{"time":0.9333,"name":"Lion/attack1_00"},{"time":1,"name":"Lion/idle_00"},{"time":1.1666,"name":"Lion/back_00"},{"time":1.4333,"name":"Lion/attack1_01"},{"time":1.5,"name":"Lion/attack1_00"},{"time":1.5666,"name":"Lion/idle_00"},{"time":1.6333,"name":"Lion/idle_00"}]}},"bones":{"MAIN":{"translate":[{"time":0,"x":0,"y":0,"curve":"stepped"},{"time":0.6666,"x":-34.48,"y":27.11,"curve":[0.206,0.45,0.704,0.98]},{"time":0.7666,"x":-91.15,"y":73.48,"curve":[0.25,0,0.808,0.36]},{"time":0.8333,"x":-111.75,"y":100.38},{"time":0.8666,"x":-151.74,"y":31.88},{"time":0.9,"x":-200,"y":0},{"time":1.0333,"x":-211,"y":0,"curve":"stepped"},{"time":1.1666,"x":-145,"y":7},{"time":1.2666,"x":-89.99,"y":37.62},{"time":1.4,"x":-30,"y":12,"curve":"stepped"},{"time":1.4333,"x":-36,"y":0,"curve":[0.253,0.48,0.704,0.96]},{"time":1.5666,"x":0,"y":0}]}},"events":[{"time":0.6666,"name":"Sound1","string":"cri_se_battle_monster_jump"},{"time":0.6666,"name":"voice","string":"cri_033_voice_attack_a"},{"time":0.9,"name":"Event","string":"runScript_addOrbitlion1attack1"},{"time":0.9,"name":"Sound1","string":"cri_se_battle_monster_landing"},{"time":0.9,"name":"Sound2","string":"cri_se_battle_monster_claw"},{"time":1.1666,"name":"Sound1","string":"cri_se_battle_monster_jump"},{"time":1.4333,"name":"Sound1","string":"cri_se_battle_monster_landing"},{"time":1.6,"name":"Event","string":"runScript_onCompleteAttack1"}]},"back":{"slots":{"MAIN":{"attachment":[{"time":0,"name":"Lion/back_00"},{"time":0.3,"name":"Lion/idle_02"},{"time":0.3666,"name":"Lion/idle_01"},{"time":0.4333,"name":"Lion/idle_00"},{"time":0.7,"name":"Lion/idle_00"}]}},"bones":{"MAIN":{"translate":[{"time":0,"x":0,"y":0,"curve":[0.202,0.26,0.582,0.64]},{"time":0.1333,"x":70.95,"y":20,"curve":[0.357,0.45,0.753,0.88]},{"time":0.3,"x":130,"y":0,"curve":[0.213,0.37,0.742,0.95]},{"time":0.4666,"x":140,"y":0}]}},"events":[{"time":0,"name":"Sound2","string":"cri_se_battle_monster_jump"},{"time":0.3,"name":"Sound2","string":"cri_se_battle_monster_landing"},{"time":0.6333,"name":"Event","string":"runScript_onCompleteBack"}]},"exit":{"slots":{"MAIN":{"attachment":[{"time":0,"name":"Lion/back_00"},{"time":0.3,"name":"Lion/idle_02"},{"time":0.3666,"name":"Lion/idle_01"},{"time":0.4333,"name":"Lion/idle_00"},{"time":0.6666,"name":"Lion/idle_00"}],"color":[{"time":0,"color":"ffffffff"},{"time":0.3,"color":"ffffff00"}]}},"bones":{"MAIN":{"translate":[{"time":0,"x":0,"y":0,"curve":[0.202,0.26,0.582,0.64]},{"time":0.1333,"x":70.95,"y":20,"curve":[0.357,0.45,0.753,0.88]},{"time":0.3,"x":130,"y":0,"curve":[0.213,0.37,0.742,0.95]},{"time":0.4666,"x":140,"y":0}]}}},"front":{"slots":{"MAIN":{"attachment":[{"time":0,"name":"Lion/front_00"},{"time":0.1666,"name":"Lion/front_01"},{"time":0.3333,"name":"Lion/front_02"},{"time":0.5,"name":"Lion/front_03"},{"time":0.6666,"name":"Lion/front_04"},{"time":0.8333,"name":"Lion/front_05"},{"time":1,"name":"Lion/front_00"}]}},"events":[{"time":0.9666,"name":"Event","string":"runScript_onCompleteFront"}]},"idle":{"slots":{"MAIN":{"attachment":[{"time":0,"name":"Lion/idle_00"},{"time":0.1666,"name":"Lion/idle_01"},{"time":0.3333,"name":"Lion/idle_02"},{"time":0.5,"name":"Lion/idle_03"},{"time":0.6666,"name":"Lion/idle_04"},{"time":0.8333,"name":"Lion/idle_00"}]}},"events":[{"time":0.8,"name":"Event","string":"runScript_onCompleteIdle"}]},"skill1":{"slots":{"DAMAGEAREA":{"attachment":[{"time":0,"name":null},{"time":1.2333,"name":"DAMAGEAREA"},{"time":1.6333,"name":null}]},"MAIN":{"attachment":[{"time":0,"name":"Lion/idle_00"},{"time":0.1333,"name":"Lion/attack1_00"},{"time":0.3,"name":"Lion/attack1_01"},{"time":0.5333,"name":"Lion/skill1_00"},{"time":0.6,"name":"Lion/skill1_01"},{"time":0.6666,"name":"Lion/skill1_02"},{"time":0.7666,"name":"Lion/skill1_03"},{"time":1.2333,"name":null},{"time":1.8666,"name":"Lion/attack1_00"},{"time":2,"name":"Lion/attack1_00"},{"time":2.0666,"name":"Lion/idle_00"}]},"MAIN2":{"attachment":[{"time":0,"name":null},{"time":1.2333,"name":null}]}},"bones":{"MAIN":{"translate":[{"time":0,"x":0,"y":0,"curve":"stepped"},{"time":0.5333,"x":-27,"y":31},{"time":0.6333,"x":-40,"y":31,"curve":"stepped"},{"time":1.2333,"x":-60,"y":0,"curve":[0.251,0.32,0.694,0.75]},{"time":1.5666,"x":-1200.55,"y":0,"curve":"stepped"},{"time":1.7666,"x":759.87,"y":-0.83},{"time":1.9,"x":100,"y":0,"curve":[0.149,0.34,0.696,0.97]},{"time":2.0666,"x":0,"y":0}]},"DAMAGEAREA":{"translate":[{"time":1.2333,"x":-57.88,"y":74.54,"curve":[0.225,0.28,0.743,0.79]},{"time":1.5666,"x":-1204.88,"y":74.27}],"scale":[{"time":0,"x":1.446,"y":0.783,"curve":"stepped"},{"time":1.2333,"x":1.446,"y":0.783}]},"DAMAGEAREA":{"translate":[{"time":1.2333,"x":-57.88,"y":74.54,"curve":[0.225,0.28,0.743,0.79]},{"time":1.5666,"x":-1204.88,"y":74.27}],"scale":[{"time":1.2333,"x":1.446,"y":0.783}]},"SHADOW-OFFSET":{"scale":[{"time":1.2333,"x":0,"y":0,"curve":"stepped"},{"time":1.8666,"x":1,"y":1}]}},"events":[{"time":0.6,"name":"voice","string":"cri_033_voice_skill"},{"time":1.2,"name":"Hit","float":0.15,"string":"kHitStopType_normal"},{"time":1.2333,"name":"Event","string":"runScript_addOrbitlion1skill1"},{"time":1.2333,"name":"Sound1"},{"time":2.3666,"name":"Event","string":"runScript_onCompleteSkill1"}]},"skill2":{"slots":{"EF/370_S1_wave1/370_S1_wave1_00000":{"attachment":[{"time":1.7666,"name":"EF/370_S1_wave1/370_S1_wave1_00000"},{"time":1.8333,"name":"EF/370_S1_wave1/370_S1_wave1_00002"},{"time":1.9666,"name":"EF/370_S1_wave1/370_S1_wave1_00004"},{"time":2,"name":"EF/370_S1_wave1/370_S1_wave1_00005"},{"time":2.0333,"name":"EF/370_S1_wave1/370_S1_wave1_00006"},{"time":2.0666,"name":"EF/370_S1_wave1/370_S1_wave1_00007"},{"time":2.1,"name":"EF/370_S1_wave1/370_S1_wave1_00008"}],"color":[{"time":2.1,"color":"ffffffff"},{"time":2.2333,"color":"ffffff00"}]},"MAIN":{"attachment":[{"time":0,"name":"Lion/attack1_01"},{"time":0.1333,"name":"Lion/attack1_00"},{"time":0.3,"name":"Lion/attack1_01"},{"time":0.5,"name":"Lion/skill2_00"},{"time":0.5333,"name":"Lion/skill2_01"},{"time":0.5666,"name":"Lion/skill2_02"},{"time":0.6,"name":"Lion/skill2_03"},{"time":0.6333,"name":"Lion/skill2_00"},{"time":0.6666,"name":"Lion/skill2_01"},{"time":0.7,"name":"Lion/skill2_02"},{"time":0.7333,"name":"Lion/skill2_03"},{"time":0.7666,"name":null},{"time":0.9,"name":"Lion/skill2_00"},{"time":0.9333,"name":"Lion/skill2_01"},{"time":0.9666,"name":"Lion/skill2_02"},{"time":1,"name":"Lion/skill2_03"},{"time":1.1,"name":"Lion/skill2_00"},{"time":1.1333,"name":"Lion/skill2_01"},{"time":1.1666,"name":"Lion/skill2_02"},{"time":1.2,"name":"Lion/skill2_03"},{"time":1.3,"name":"Lion/skill2_00"},{"time":1.3333,"name":"Lion/skill2_01"},{"time":1.3666,"name":"Lion/skill2_02"},{"time":1.4,"name":"Lion/skill2_03"},{"time":1.4333,"name":null},{"time":1.7,"name":"Lion/skill2_00"},{"time":1.7333,"name":"Lion/skill2_01"},{"time":1.7666,"name":"Lion/skill2_02"},{"time":1.8333,"name":"Lion/skill2_03"},{"time":1.9666,"name":"Lion/back_00"},{"time":2.2333,"name":"Lion/attack1_01"},{"time":2.3,"name":"Lion/attack1_00"},{"time":2.3666,"name":"Lion/idle_00"},{"time":2.5333,"name":"Lion/idle_00"}]},"MAIN2":{"attachment":[{"time":0.5333,"name":"Lion/skill2_00"},{"time":0.5666,"name":"Lion/skill2_02"},{"time":0.6,"name":"Lion/skill2_03"},{"time":0.6333,"name":"Lion/skill2_00"},{"time":0.6666,"name":"Lion/skill2_01"},{"time":0.7,"name":"Lion/skill2_02"},{"time":0.7333,"name":"Lion/skill2_03"},{"time":0.7666,"name":null},{"time":0.9,"name":"Lion/skill2_00"},{"time":0.9333,"name":"Lion/skill2_01"},{"time":0.9666,"name":"Lion/skill2_02"},{"time":1,"name":"Lion/skill2_03"},{"time":1.1,"name":"Lion/skill2_00"},{"time":1.1333,"name":"Lion/skill2_01"},{"time":1.1666,"name":"Lion/skill2_02"},{"time":1.2,"name":"Lion/skill2_03"},{"time":1.3,"name":"Lion/skill2_00"},{"time":1.3333,"name":"Lion/skill2_01"},{"time":1.3666,"name":"Lion/skill2_02"},{"time":1.4,"name":"Lion/skill2_03"},{"time":1.4333,"name":null},{"time":1.7,"name":"Lion/skill2_00"},{"time":1.7333,"name":"Lion/skill2_01"},{"time":1.7666,"name":"Lion/skill2_02"},{"time":1.8333,"name":"Lion/skill2_03"},{"time":1.9666,"name":null}]}},"bones":{"MAIN":{"rotate":[{"time":0.9,"angle":140,"curve":"stepped"},{"time":1.1,"angle":21,"curve":"stepped"},{"time":1.3,"angle":-134.58,"curve":"stepped"},{"time":1.7,"angle":90,"curve":"stepped"},{"time":1.9666,"angle":0}],"translate":[{"time":0.5,"x":0,"y":0,"curve":"stepped"},{"time":0.5666,"x":-160,"y":0,"curve":[0.225,0.49,0.75,1]},{"time":0.7333,"x":-960,"y":0,"curve":"stepped"},{"time":0.9,"x":-459.34,"y":366.11},{"time":1.0333,"x":288.06,"y":-257.66,"curve":"stepped"},{"time":1.1,"x":242.85,"y":270.65},{"time":1.2333,"x":-744.77,"y":-108.36,"curve":"stepped"},{"time":1.3,"x":-484.83,"y":-71.63},{"time":1.4333,"x":221.1,"y":645.48,"curve":"stepped"},{"time":1.7,"x":-237.79,"y":585.38,"curve":[0.234,0.63,0.627,0.89]},{"time":1.7666,"x":-237.79,"y":93.48,"curve":"stepped"},{"time":1.9,"x":-237.79,"y":93.48,"curve":[0.357,0.67,0.705,0.88]},{"time":1.9333,"x":-237.79,"y":54.91,"curve":"stepped"},{"time":1.9666,"x":-177.64,"y":7.66,"curve":[0.22,0.32,0.595,0.68]},{"time":2.0666,"x":-119.28,"y":40,"curve":[0.351,0.58,0.767,0.95]},{"time":2.2333,"x":-44,"y":0,"curve":[0.202,0.46,0.715,1]},{"time":2.3666,"x":0,"y":0}],"scale":[{"time":0.5,"x":1.5,"y":1.5,"curve":"stepped"},{"time":1.9666,"x":1,"y":1}]},"EF":{"translate":[{"time":1.7666,"x":-532.29,"y":74.23,"curve":"stepped"},{"time":2.1,"x":-532.29,"y":74.23},{"time":2.2333,"x":-532.29,"y":75.86}],"scale":[{"time":1.7666,"x":1.081,"y":1.081,"curve":"stepped"},{"time":2.1,"x":1.081,"y":1.081},{"time":2.2333,"x":1.486,"y":1.486}]}},"events":[{"time":0.5,"name":"Event","string":"runScript_addOrbitlion1skill2"},{"time":0.5333,"name":"Sound1","string":"cri_se_battle_hard_hit"},{"time":0.5333,"name":"Sound2","string":"cri_se_battle_skill_dash_ef"},{"time":0.5333,"name":"voice","string":"cri_033_voice_fullarts_now"},{"time":0.8333,"name":"Event","int":170,"string":"setPosition-target"},{"time":0.9666,"name":"Sound1","string":"cri_se_battle_monster_claw"},{"time":0.9666,"name":"Sound2","string":"cri_se_battle_hard_hit"},{"time":1.1666,"name":"Sound1","string":"cri_se_battle_monster_claw"},{"time":1.1666,"name":"Sound2","string":"cri_se_battle_hard_hit"},{"time":1.3666,"name":"Sound1","string":"cri_se_battle_monster_claw"},{"time":1.3666,"name":"Sound2","string":"cri_se_battle_hard_hit"},{"time":1.7,"name":"voice","string":"cri_033_voice_skill"},{"time":1.7666,"name":"Sound1","string":"cri_se_battle_hard_hit"},{"time":1.7666,"name":"Sound2","string":"cri_se_battle_monster_hit"},{"time":2.5,"name":"Event","string":"runScript_onCompleteSkill2"}]},"skill1library":{"slots":{"DAMAGEAREA":{"attachment":[{"time":0.3333,"name":null},{"time":1.5666,"name":"DAMAGEAREA"},{"time":1.9666,"name":null}]},"MAIN":{"attachment":[{"time":0.3333,"name":"Lion/idle_00"},{"time":0.4666,"name":"Lion/attack1_00"},{"time":0.6333,"name":"Lion/attack1_01"},{"time":0.8666,"name":"Lion/skill1_00"},{"time":0.9333,"name":"Lion/skill1_01"},{"time":1,"name":"Lion/skill1_02"},{"time":1.1,"name":"Lion/skill1_03"},{"time":1.5666,"name":null},{"time":2.2,"name":"Lion/attack1_00"},{"time":2.3333,"name":"Lion/attack1_00"},{"time":2.4,"name":"Lion/idle_00"}],"color":[{"time":0,"color":"ffffff00"},{"time":0.3333,"color":"ffffffff","curve":"stepped"},{"time":2.5,"color":"ffffffff"},{"time":2.8333,"color":"ffffff00"}]},"MAIN2":{"attachment":[{"time":0.3333,"name":null},{"time":1.5666,"name":null}]}},"bones":{"MAIN":{"translate":[{"time":0.3333,"x":0,"y":0,"curve":"stepped"},{"time":0.8666,"x":-27,"y":31},{"time":0.9666,"x":-40,"y":31,"curve":"stepped"},{"time":1.5666,"x":-60,"y":0,"curve":[0.251,0.32,0.694,0.75]},{"time":1.9,"x":-1200.55,"y":0,"curve":"stepped"},{"time":2.1,"x":759.87,"y":-0.83},{"time":2.2333,"x":100,"y":0,"curve":[0.149,0.34,0.696,0.97]},{"time":2.4,"x":0,"y":0}]},"DAMAGEAREA":{"translate":[{"time":1.5666,"x":-57.88,"y":74.54,"curve":[0.225,0.28,0.743,0.79]},{"time":1.9,"x":-1204.88,"y":74.27}],"scale":[{"time":0.3333,"x":1.446,"y":0.783,"curve":"stepped"},{"time":1.5666,"x":1.446,"y":0.783}]},"DAMAGEAREA":{"translate":[{"time":1.5666,"x":-57.88,"y":74.54,"curve":[0.225,0.28,0.743,0.79]},{"time":1.9,"x":-1204.88,"y":74.27}],"scale":[{"time":1.5666,"x":1.446,"y":0.783}]},"SHADOW-OFFSET":{"scale":[{"time":1.5666,"x":0,"y":0,"curve":"stepped"},{"time":2.2,"x":1,"y":1}]}},"events":[{"time":0.9333,"name":"voice","string":"cri_033_voice_skill"},{"time":1.5333,"name":"Hit","float":0.15,"string":"kHitStopType_normal"},{"time":1.5666,"name":"Sound1"},{"time":2.7,"name":"Event","string":"runScript_onCompleteSkill1"}]},"skill2library":{"slots":{"EF/370_S1_wave1/370_S1_wave1_00000":{"attachment":[{"time":2.1,"name":"EF/370_S1_wave1/370_S1_wave1_00000"},{"time":2.1666,"name":"EF/370_S1_wave1/370_S1_wave1_00002"},{"time":2.3,"name":"EF/370_S1_wave1/370_S1_wave1_00004"},{"time":2.3333,"name":"EF/370_S1_wave1/370_S1_wave1_00005"},{"time":2.3666,"name":"EF/370_S1_wave1/370_S1_wave1_00006"},{"time":2.4,"name":"EF/370_S1_wave1/370_S1_wave1_00007"},{"time":2.4333,"name":"EF/370_S1_wave1/370_S1_wave1_00008"}],"color":[{"time":2.4333,"color":"ffffffff"},{"time":2.5666,"color":"ffffff00"}]},"MAIN":{"attachment":[{"time":0.3333,"name":"Lion/attack1_01"},{"time":0.4666,"name":"Lion/attack1_00"},{"time":0.6333,"name":"Lion/attack1_01"},{"time":0.8333,"name":"Lion/skill2_00"},{"time":0.8666,"name":"Lion/skill2_01"},{"time":0.9,"name":"Lion/skill2_02"},{"time":0.9333,"name":"Lion/skill2_03"},{"time":0.9666,"name":"Lion/skill2_00"},{"time":1,"name":"Lion/skill2_01"},{"time":1.0333,"name":"Lion/skill2_02"},{"time":1.0666,"name":"Lion/skill2_03"},{"time":1.1,"name":null},{"time":1.2333,"name":"Lion/skill2_00"},{"time":1.2666,"name":"Lion/skill2_01"},{"time":1.3,"name":"Lion/skill2_02"},{"time":1.3333,"name":"Lion/skill2_03"},{"time":1.4333,"name":"Lion/skill2_00"},{"time":1.4666,"name":"Lion/skill2_01"},{"time":1.5,"name":"Lion/skill2_02"},{"time":1.5333,"name":"Lion/skill2_03"},{"time":1.6333,"name":"Lion/skill2_00"},{"time":1.6666,"name":"Lion/skill2_01"},{"time":1.7,"name":"Lion/skill2_02"},{"time":1.7333,"name":"Lion/skill2_03"},{"time":1.7666,"name":null},{"time":2.0333,"name":"Lion/skill2_00"},{"time":2.0666,"name":"Lion/skill2_01"},{"time":2.1,"name":"Lion/skill2_02"},{"time":2.1666,"name":"Lion/skill2_03"},{"time":2.3,"name":"Lion/back_00"},{"time":2.5666,"name":"Lion/attack1_01"},{"time":2.6333,"name":"Lion/attack1_00"},{"time":2.7,"name":"Lion/idle_00"},{"time":2.8666,"name":"Lion/idle_00"}],"color":[{"time":0,"color":"ffffff00"},{"time":0.3333,"color":"ffffffff","curve":"stepped"},{"time":2.8666,"color":"ffffffff"},{"time":3.2,"color":"ffffff00"}]},"MAIN2":{"attachment":[{"time":0.8666,"name":"Lion/skill2_00"},{"time":0.9,"name":"Lion/skill2_02"},{"time":0.9333,"name":"Lion/skill2_03"},{"time":0.9666,"name":"Lion/skill2_00"},{"time":1,"name":"Lion/skill2_01"},{"time":1.0333,"name":"Lion/skill2_02"},{"time":1.0666,"name":"Lion/skill2_03"},{"time":1.1,"name":null},{"time":1.2333,"name":"Lion/skill2_00"},{"time":1.2666,"name":"Lion/skill2_01"},{"time":1.3,"name":"Lion/skill2_02"},{"time":1.3333,"name":"Lion/skill2_03"},{"time":1.4333,"name":"Lion/skill2_00"},{"time":1.4666,"name":"Lion/skill2_01"},{"time":1.5,"name":"Lion/skill2_02"},{"time":1.5333,"name":"Lion/skill2_03"},{"time":1.6333,"name":"Lion/skill2_00"},{"time":1.6666,"name":"Lion/skill2_01"},{"time":1.7,"name":"Lion/skill2_02"},{"time":1.7333,"name":"Lion/skill2_03"},{"time":1.7666,"name":null},{"time":2.0333,"name":"Lion/skill2_00"},{"time":2.0666,"name":"Lion/skill2_01"},{"time":2.1,"name":"Lion/skill2_02"},{"time":2.1666,"name":"Lion/skill2_03"},{"time":2.3,"name":null}]}},"bones":{"MAIN":{"rotate":[{"time":1.2333,"angle":140,"curve":"stepped"},{"time":1.4333,"angle":21,"curve":"stepped"},{"time":1.6333,"angle":-134.58,"curve":"stepped"},{"time":2.0333,"angle":90,"curve":"stepped"},{"time":2.3,"angle":0}],"translate":[{"time":0.8333,"x":0,"y":0,"curve":"stepped"},{"time":0.9,"x":-160,"y":0,"curve":[0.225,0.49,0.75,1]},{"time":1.0666,"x":-960,"y":0,"curve":"stepped"},{"time":1.2333,"x":-459.34,"y":366.11},{"time":1.3666,"x":288.06,"y":-257.66,"curve":"stepped"},{"time":1.4333,"x":242.85,"y":270.65},{"time":1.5666,"x":-744.77,"y":-108.36,"curve":"stepped"},{"time":1.6333,"x":-484.83,"y":-71.63},{"time":1.7666,"x":221.1,"y":645.48,"curve":"stepped"},{"time":2.0333,"x":-237.79,"y":585.38,"curve":[0.234,0.63,0.627,0.89]},{"time":2.1,"x":-237.79,"y":93.48,"curve":"stepped"},{"time":2.2333,"x":-237.79,"y":93.48,"curve":[0.357,0.67,0.705,0.88]},{"time":2.2666,"x":-237.79,"y":54.91,"curve":"stepped"},{"time":2.3,"x":-177.64,"y":7.66,"curve":[0.22,0.32,0.595,0.68]},{"time":2.4,"x":-119.28,"y":40,"curve":[0.351,0.58,0.767,0.95]},{"time":2.5666,"x":-44,"y":0,"curve":[0.202,0.46,0.715,1]},{"time":2.7,"x":0,"y":0}],"scale":[{"time":0.8333,"x":1.5,"y":1.5,"curve":"stepped"},{"time":2.3,"x":1,"y":1}]},"EF":{"translate":[{"time":2.1,"x":-532.29,"y":74.23,"curve":"stepped"},{"time":2.4333,"x":-532.29,"y":74.23},{"time":2.5666,"x":-532.29,"y":75.86}],"scale":[{"time":2.1,"x":1.081,"y":1.081,"curve":"stepped"},{"time":2.4333,"x":1.081,"y":1.081},{"time":2.5666,"x":1.486,"y":1.486}]}},"events":[{"time":0.8333,"name":"Event","string":"runScript_addOrbitlion1skill2"},{"time":0.8666,"name":"Sound1","string":"cri_se_battle_hard_hit"},{"time":0.8666,"name":"Sound2","string":"cri_se_battle_skill_dash_ef"},{"time":0.8666,"name":"voice","string":"cri_033_voice_fullarts_now"},{"time":1.1666,"name":"Event","int":170,"string":"setPosition-target"},{"time":1.3,"name":"Sound1","string":"cri_se_battle_monster_claw"},{"time":1.3,"name":"Sound2","string":"cri_se_battle_hard_hit"},{"time":1.5,"name":"Sound1","string":"cri_se_battle_monster_claw"},{"time":1.5,"name":"Sound2","string":"cri_se_battle_hard_hit"},{"time":1.7,"name":"Sound1","string":"cri_se_battle_monster_claw"},{"time":1.7,"name":"Sound2","string":"cri_se_battle_hard_hit"},{"time":2.0333,"name":"voice","string":"cri_033_voice_skill"},{"time":2.1,"name":"Sound1","string":"cri_se_battle_hard_hit"},{"time":2.1,"name":"Sound2","string":"cri_se_battle_monster_hit"},{"time":2.8333,"name":"Event","string":"runScript_onCompleteSkill2"}]}}}