{"skeleton":{"hash":"8x84opkLhTS9oP9pyXP+UB3OhQA","spine":"3.0.12","width":0,"height":0},"bones":[{"name":"root"},{"name":"MAIN","parent":"root","y":100},{"name":"SHADOW-OFFSET","parent":"MAIN","y":-1.2},{"name":"R_wing_2_root","parent":"MAIN","x":-25.36,"y":-26.74},{"name":"R_wing_2_4","parent":"R_wing_2_root","x":6.89,"y":0.75},{"name":"R_wing_2_3","parent":"R_wing_2_root","x":5.23,"y":3.24},{"name":"R_wing_2_2","parent":"R_wing_2_root","x":9.09,"y":3.24},{"name":"R_wing_1_root","parent":"MAIN","x":-13.15,"y":27.79},{"name":"R_wing_1_4","parent":"R_wing_1_root","x":1.47,"y":0.3},{"name":"R_wing_1_3","parent":"R_wing_1_root","x":3.38,"y":-2.04},{"name":"R_wing_1_2","parent":"R_wing_1_root","x":5.95,"y":4.2},{"name":"L_wing_2_root","parent":"MAIN","x":71.02,"y":-25.92},{"name":"L_wing_2_4","parent":"L_wing_2_root","x":5.42,"y":-0.92},{"name":"L_wing_2_3","parent":"L_wing_2_root","x":7.05,"y":1.39},{"name":"L_wing_2_2","parent":"L_wing_2_root","x":4.29,"y":1.93},{"name":"L_wing_1_root","parent":"MAIN","x":77.81,"y":28.2},{"name":"L_wing_1_4","parent":"L_wing_1_root","x":-0.71,"y":0.99},{"name":"L_wing_1_3","parent":"L_wing_1_root","x":4.3,"y":-3},{"name":"L_wing_1_2","parent":"L_wing_1_root","x":5.99,"y":4.29},{"name":"HITBOX","parent":"MAIN","y":-14.68,"scaleX":0.501,"scaleY":1.171},{"name":"DAMAGEAREA","parent":"root"},{"name":"wave1","parent":"root","y":-130.32},{"name":"wave2","parent":"root","y":-130.32},{"name":"wave3","parent":"root","y":-130.32},{"name":"wing_out","parent":"root","x":-74.59,"y":109.3},{"name":"wing_out2","parent":"root","x":-74.59,"y":109.3}],"slots":[{"name":"grid/nounit(0.88)","bone":"root","color":"b8b8b8ff"},{"name":"grid/grid","bone":"root"},{"name":"grid/idle_00","bone":"root"},{"name":"EF/370_S1_wave1/370_S1_wave1_1","bone":"wave3"},{"name":"EF/370_S1_wave1/370_S1_wave1_0","bone":"wave2"},{"name":"EF/370_S1_wave1/370_S1_wave1_00000","bone":"wave1"},{"name":"other/wing_2_0","bone":"wing_out2"},{"name":"other/wing_2_00","bone":"wing_out"},{"name":"wing/R_wing_1_4","bone":"R_wing_1_4","attachment":"wing/R_wing_1_4"},{"name":"wing/R_wing_1_3","bone":"R_wing_1_3","attachment":"wing/R_wing_1_3"},{"name":"wing/R_wing_1_2","bone":"R_wing_1_2","attachment":"wing/R_wing_1_2"},{"name":"wing/R_wing_1_1","bone":"R_wing_1_root","attachment":"wing/R_wing_1_1"},{"name":"wing/R_wing_2_4","bone":"R_wing_2_4","attachment":"wing/R_wing_2_4"},{"name":"wing/R_wing_2_3","bone":"R_wing_2_3","attachment":"wing/R_wing_2_3"},{"name":"wing/R_wing_2_2","bone":"R_wing_2_2","attachment":"wing/R_wing_2_2"},{"name":"wing/R_wing_2_1","bone":"R_wing_2_root","attachment":"wing/R_wing_2_1"},{"name":"MAIN","bone":"MAIN","attachment":"idle_00"},{"name":"wing/L_wing_1_4","bone":"L_wing_1_4","attachment":"wing/L_wing_1_4"},{"name":"wing/L_wing_1_3","bone":"L_wing_1_3","attachment":"wing/L_wing_1_3"},{"name":"wing/L_wing_1_2","bone":"L_wing_1_2","attachment":"wing/L_wing_1_2"},{"name":"wing/L_wing_1_1","bone":"L_wing_1_root","attachment":"wing/L_wing_1_1"},{"name":"wing/L_wing_2_4","bone":"L_wing_2_4","attachment":"wing/L_wing_2_4"},{"name":"wing/L_wing_2_3","bone":"L_wing_2_3","attachment":"wing/L_wing_2_3"},{"name":"wing/L_wing_2_2","bone":"L_wing_2_2","attachment":"wing/L_wing_2_2"},{"name":"wing/L_wing_2_1","bone":"L_wing_2_root","attachment":"wing/L_wing_2_1"},{"name":"DAMAGEAREA","bone":"DAMAGEAREA"},{"name":"HITBOX","bone":"HITBOX","attachment":"HITBOX"}],"skins":{"default":{"DAMAGEAREA":{"DAMAGEAREA":{"type":"boundingbox","vertices":[-63.21089,-65.74711,65.6928,-63.39911,64.53177,65.85855,-64.7259,65.68147]}},"EF/370_S1_wave1/370_S1_wave1_0":{"EF/370_S1_wave1/370_S1_wave1_00000":{"y":9.42,"width":250,"height":250},"EF/370_S1_wave1/370_S1_wave1_00001":{"y":9.42,"width":250,"height":250},"EF/370_S1_wave1/370_S1_wave1_00002":{"y":9.42,"width":250,"height":250},"EF/370_S1_wave1/370_S1_wave1_00003":{"y":9.42,"width":250,"height":250},"EF/370_S1_wave1/370_S1_wave1_00004":{"y":9.42,"width":250,"height":250},"EF/370_S1_wave1/370_S1_wave1_00005":{"y":9.42,"width":250,"height":250},"EF/370_S1_wave1/370_S1_wave1_00006":{"y":9.42,"width":250,"height":250},"EF/370_S1_wave1/370_S1_wave1_00007":{"y":9.42,"width":250,"height":250},"EF/370_S1_wave1/370_S1_wave1_00008":{"y":9.42,"width":250,"height":250}},"EF/370_S1_wave1/370_S1_wave1_00000":{"EF/370_S1_wave1/370_S1_wave1_00000":{"y":9.42,"width":250,"height":250},"EF/370_S1_wave1/370_S1_wave1_00001":{"y":9.42,"width":250,"height":250},"EF/370_S1_wave1/370_S1_wave1_00002":{"y":9.42,"width":250,"height":250},"EF/370_S1_wave1/370_S1_wave1_00003":{"y":9.42,"width":250,"height":250},"EF/370_S1_wave1/370_S1_wave1_00004":{"y":9.42,"width":250,"height":250},"EF/370_S1_wave1/370_S1_wave1_00005":{"y":9.42,"width":250,"height":250},"EF/370_S1_wave1/370_S1_wave1_00006":{"y":9.42,"width":250,"height":250},"EF/370_S1_wave1/370_S1_wave1_00007":{"y":9.42,"width":250,"height":250},"EF/370_S1_wave1/370_S1_wave1_00008":{"y":9.42,"width":250,"height":250}},"EF/370_S1_wave1/370_S1_wave1_1":{"EF/370_S1_wave1/370_S1_wave1_00000":{"y":9.42,"width":250,"height":250},"EF/370_S1_wave1/370_S1_wave1_00001":{"y":9.42,"width":250,"height":250},"EF/370_S1_wave1/370_S1_wave1_00002":{"y":9.42,"width":250,"height":250},"EF/370_S1_wave1/370_S1_wave1_00003":{"y":9.42,"width":250,"height":250},"EF/370_S1_wave1/370_S1_wave1_00004":{"y":9.42,"width":250,"height":250},"EF/370_S1_wave1/370_S1_wave1_00005":{"y":9.42,"width":250,"height":250},"EF/370_S1_wave1/370_S1_wave1_00006":{"y":9.42,"width":250,"height":250},"EF/370_S1_wave1/370_S1_wave1_00007":{"y":9.42,"width":250,"height":250},"EF/370_S1_wave1/370_S1_wave1_00008":{"y":9.42,"width":250,"height":250}},"HITBOX":{"HITBOX":{"type":"boundingbox","vertices":[-62.4214,-64.86036,64.99855,-63.19834,64.99855,63.11364,-64.0834,64.77566]}},"MAIN":{"attack_00":{"x":11.16,"y":-10.59,"width":558,"height":458},"attack_01":{"x":11.16,"y":-10.59,"width":558,"height":458},"attack_02":{"x":11.16,"y":-10.59,"width":558,"height":458},"idle_00":{"x":11.16,"y":-10.59,"width":558,"height":458},"idle_01":{"x":11.16,"y":-10.59,"width":558,"height":458},"idle_02":{"x":11.16,"y":-10.59,"width":558,"height":458},"idle_03":{"x":11.16,"y":-10.59,"width":558,"height":458},"idle_04":{"x":11.16,"y":-10.59,"width":558,"height":458},"other/MAIN_back_01":{"x":14.7,"y":9,"scaleX":2,"scaleY":2,"width":92,"height":117},"other/MAIN_back_02":{"x":14.7,"y":9,"scaleX":2,"scaleY":2,"width":92,"height":117},"other/damage_00":{"x":14.7,"y":9,"scaleX":2,"scaleY":2,"width":92,"height":117},"other/front_00":{"x":14.7,"y":8.98,"scaleX":2,"scaleY":2,"width":92,"height":117},"skill2_00":{"x":11.16,"y":-10.59,"width":558,"height":458},"skill2_01":{"x":11.16,"y":-10.59,"width":558,"height":458},"skill2_02":{"x":11.16,"y":-10.59,"width":558,"height":458},"skill2_03":{"x":11.16,"y":-10.59,"width":558,"height":458},"skill2_04":{"x":11.16,"y":-10.59,"width":558,"height":458},"skill2_05":{"x":11.16,"y":-10.59,"width":558,"height":458},"skill2_06":{"x":11.16,"y":-10.59,"width":558,"height":458},"skill_00":{"x":11.16,"y":-10.59,"width":558,"height":458},"skill_01":{"x":11.16,"y":-10.59,"width":558,"height":458},"skill_02":{"x":11.16,"y":-10.59,"width":558,"height":458},"skill_03":{"x":11.16,"y":-10.59,"width":558,"height":458},"skill_04":{"x":11.16,"y":-10.59,"width":558,"height":458},"skill_05":{"x":11.16,"y":-10.59,"width":558,"height":458},"skill_06":{"x":11.16,"y":-10.59,"width":558,"height":458},"skill_07":{"x":11.16,"y":-10.59,"width":558,"height":458},"skill_08":{"x":11.16,"y":-10.59,"width":558,"height":458},"skill_09":{"x":11.16,"y":-10.59,"width":558,"height":458},"skill_10":{"x":11.16,"y":-10.59,"width":558,"height":458},"skill_11":{"x":11.16,"y":-10.59,"width":558,"height":458},"skill_12":{"x":11.16,"y":-10.59,"width":558,"height":458},"skill_13":{"x":11.16,"y":-10.59,"width":558,"height":458},"skill_14":{"x":11.16,"y":-10.59,"width":558,"height":458}},"other/wing_2_0":{"other/wing_2_00":{"x":32.34,"y":-0.6,"scaleX":2,"scaleY":2,"width":92,"height":117},"other/wing_2_01":{"x":32.34,"y":-0.6,"scaleX":2,"scaleY":2,"width":92,"height":117}},"other/wing_2_00":{"other/wing_2_00":{"x":32.34,"y":-0.6,"scaleX":2,"scaleY":2,"width":92,"height":117},"other/wing_2_01":{"x":32.34,"y":-0.6,"scaleX":2,"scaleY":2,"width":92,"height":117}},"wing/L_wing_1_1":{"wing/L_wing_1_1":{"x":-17.69,"y":-28.91,"scaleX":2,"scaleY":2,"width":100,"height":100}},"wing/L_wing_1_2":{"wing/L_wing_1_2":{"x":-23.69,"y":-33.21,"scaleX":2,"scaleY":2,"width":100,"height":100}},"wing/L_wing_1_3":{"wing/L_wing_1_3":{"x":-22,"y":-25.91,"scaleX":2,"scaleY":2,"width":100,"height":100}},"wing/L_wing_1_4":{"wing/L_wing_1_4":{"x":-16.98,"y":-29.91,"scaleX":2,"scaleY":2,"width":100,"height":100}},"wing/L_wing_2_1":{"wing/L_wing_2_1":{"x":-5.89,"y":25.21,"scaleX":2,"scaleY":2,"width":100,"height":100}},"wing/L_wing_2_2":{"wing/L_wing_2_2":{"x":-10.18,"y":23.27,"scaleX":2,"scaleY":2,"width":100,"height":100}},"wing/L_wing_2_3":{"wing/L_wing_2_3":{"x":-12.95,"y":23.81,"scaleX":2,"scaleY":2,"width":100,"height":100}},"wing/L_wing_2_4":{"wing/L_wing_2_4":{"x":-11.32,"y":26.13,"scaleX":2,"scaleY":2,"width":100,"height":100}},"wing/R_wing_1_1":{"wing/R_wing_1_1":{"x":25.85,"y":-28.51,"scaleX":2,"scaleY":2,"width":100,"height":100}},"wing/R_wing_1_2":{"wing/R_wing_1_2":{"x":19.89,"y":-32.71,"scaleX":2,"scaleY":2,"width":100,"height":100}},"wing/R_wing_1_3":{"wing/R_wing_1_3":{"x":22.46,"y":-26.46,"scaleX":2,"scaleY":2,"width":100,"height":100}},"wing/R_wing_1_4":{"wing/R_wing_1_4":{"x":24.37,"y":-28.81,"scaleX":2,"scaleY":2,"width":100,"height":100}},"wing/R_wing_2_1":{"wing/R_wing_2_1":{"x":38.06,"y":26.02,"scaleX":2,"scaleY":2,"width":100,"height":100}},"wing/R_wing_2_2":{"wing/R_wing_2_2":{"x":28.96,"y":22.78,"scaleX":2,"scaleY":2,"width":100,"height":100}},"wing/R_wing_2_3":{"wing/R_wing_2_3":{"x":32.82,"y":22.78,"scaleX":2,"scaleY":2,"width":100,"height":100}},"wing/R_wing_2_4":{"wing/R_wing_2_4":{"x":31.16,"y":25.27,"scaleX":2,"scaleY":2,"width":100,"height":100}}}},"events":{"Event":{},"Event2":{},"Hit":{},"Sound1":{},"Sound2":{},"Sound3":{},"Voice":{}},"animations":{"attack1":{"slots":{"DAMAGEAREA":{"attachment":[{"time":0.8,"name":"DAMAGEAREA"},{"time":0.9,"name":null}]},"MAIN":{"attachment":[{"time":0,"name":"idle_00"},{"time":0.0666,"name":"other/MAIN_back_01"},{"time":0.1333,"name":"other/MAIN_back_02"},{"time":0.2,"name":null},{"time":0.3666,"name":"other/MAIN_back_02"},{"time":0.4333,"name":"other/MAIN_back_01"},{"time":0.5,"name":"attack_00"},{"time":0.7666,"name":"attack_01"},{"time":0.8666,"name":"attack_00"},{"time":0.9666,"name":"attack_02"},{"time":1.0666,"name":"other/MAIN_back_01"},{"time":1.1333,"name":"other/MAIN_back_02"},{"time":1.2,"name":null},{"time":1.3666,"name":"other/MAIN_back_02"},{"time":1.4333,"name":"other/MAIN_back_01"},{"time":1.5,"name":"idle_00"}]},"other/wing_2_00":{"attachment":[{"time":0.1333,"name":"other/wing_2_00"},{"time":0.2,"name":"other/wing_2_01"},{"time":0.2666,"name":null},{"time":0.3666,"name":"other/wing_2_01"},{"time":0.4333,"name":"other/wing_2_00"},{"time":0.5,"name":null},{"time":1.1333,"name":"other/wing_2_00"},{"time":1.2,"name":"other/wing_2_01"},{"time":1.2666,"name":null},{"time":1.3666,"name":"other/wing_2_01"},{"time":1.4333,"name":"other/wing_2_00"},{"time":1.5,"name":null}]},"other/wing_2_0":{"attachment":[{"time":0.1333,"name":"other/wing_2_00"},{"time":0.2,"name":"other/wing_2_01"},{"time":0.2666,"name":null},{"time":0.3666,"name":"other/wing_2_01"},{"time":0.4333,"name":"other/wing_2_00"},{"time":0.5,"name":null},{"time":1.1333,"name":"other/wing_2_00"},{"time":1.2,"name":"other/wing_2_01"},{"time":1.2666,"name":null},{"time":1.3666,"name":"other/wing_2_01"},{"time":1.4333,"name":"other/wing_2_00"},{"time":1.5,"name":null}]},"wing/L_wing_1_1":{"attachment":[{"time":0.1333,"name":null},{"time":0.3666,"name":null},{"time":0.5,"name":"wing/L_wing_1_1"},{"time":1.1333,"name":null},{"time":1.3666,"name":null},{"time":1.5,"name":"wing/L_wing_1_1"}]},"wing/L_wing_1_2":{"attachment":[{"time":0.1333,"name":null},{"time":0.3666,"name":null},{"time":0.5,"name":"wing/L_wing_1_2"},{"time":1.1333,"name":null},{"time":1.3666,"name":null},{"time":1.5,"name":"wing/L_wing_1_2"}]},"wing/L_wing_1_3":{"attachment":[{"time":0.1333,"name":null},{"time":0.3666,"name":null},{"time":0.5,"name":"wing/L_wing_1_3"},{"time":1.1333,"name":null},{"time":1.3666,"name":null},{"time":1.5,"name":"wing/L_wing_1_3"}]},"wing/L_wing_1_4":{"attachment":[{"time":0.1333,"name":null},{"time":0.3666,"name":null},{"time":0.5,"name":"wing/L_wing_1_4"},{"time":1.1333,"name":null},{"time":1.3666,"name":null},{"time":1.5,"name":"wing/L_wing_1_4"}]},"wing/L_wing_2_1":{"attachment":[{"time":0.1333,"name":null},{"time":0.3666,"name":null},{"time":0.5,"name":"wing/L_wing_2_1"},{"time":1.1333,"name":null},{"time":1.3666,"name":null},{"time":1.5,"name":"wing/L_wing_2_1"}]},"wing/L_wing_2_2":{"attachment":[{"time":0.1333,"name":null},{"time":0.3666,"name":null},{"time":0.5,"name":"wing/L_wing_2_2"},{"time":1.1333,"name":null},{"time":1.3666,"name":null},{"time":1.5,"name":"wing/L_wing_2_2"}]},"wing/L_wing_2_3":{"attachment":[{"time":0.1333,"name":null},{"time":0.3666,"name":null},{"time":0.5,"name":"wing/L_wing_2_3"},{"time":1.1333,"name":null},{"time":1.3666,"name":null},{"time":1.5,"name":"wing/L_wing_2_3"}]},"wing/L_wing_2_4":{"attachment":[{"time":0.1333,"name":null},{"time":0.3666,"name":null},{"time":0.5,"name":"wing/L_wing_2_4"},{"time":1.1333,"name":null},{"time":1.3666,"name":null},{"time":1.5,"name":"wing/L_wing_2_4"}]},"wing/R_wing_1_1":{"attachment":[{"time":0.1333,"name":null},{"time":0.3666,"name":null},{"time":0.5,"name":"wing/R_wing_1_1"},{"time":1.1333,"name":null},{"time":1.3666,"name":null},{"time":1.5,"name":"wing/R_wing_1_1"}]},"wing/R_wing_1_2":{"attachment":[{"time":0.1333,"name":null},{"time":0.3666,"name":null},{"time":0.5,"name":"wing/R_wing_1_2"},{"time":1.1333,"name":null},{"time":1.3666,"name":null},{"time":1.5,"name":"wing/R_wing_1_2"}]},"wing/R_wing_1_3":{"attachment":[{"time":0.1333,"name":null},{"time":0.3666,"name":null},{"time":0.5,"name":"wing/R_wing_1_3"},{"time":1.1333,"name":null},{"time":1.3666,"name":null},{"time":1.5,"name":"wing/R_wing_1_3"}]},"wing/R_wing_1_4":{"attachment":[{"time":0.1333,"name":null},{"time":0.3666,"name":null},{"time":0.5,"name":"wing/R_wing_1_4"},{"time":1.1333,"name":null},{"time":1.3666,"name":null},{"time":1.5,"name":"wing/R_wing_1_4"}]},"wing/R_wing_2_1":{"attachment":[{"time":0.1333,"name":null},{"time":0.3666,"name":null},{"time":0.5,"name":"wing/R_wing_2_1"},{"time":1.1333,"name":null},{"time":1.3666,"name":null},{"time":1.5,"name":"wing/R_wing_2_1"}]},"wing/R_wing_2_2":{"attachment":[{"time":0.1333,"name":null},{"time":0.3666,"name":null},{"time":0.5,"name":"wing/R_wing_2_2"},{"time":1.1333,"name":null},{"time":1.3666,"name":null},{"time":1.5,"name":"wing/R_wing_2_2"}]},"wing/R_wing_2_3":{"attachment":[{"time":0.1333,"name":null},{"time":0.3666,"name":null},{"time":0.5,"name":"wing/R_wing_2_3"},{"time":1.1333,"name":null},{"time":1.3666,"name":null},{"time":1.5,"name":"wing/R_wing_2_3"}]},"wing/R_wing_2_4":{"attachment":[{"time":0.1333,"name":null},{"time":0.3666,"name":null},{"time":0.5,"name":"wing/R_wing_2_4"},{"time":1.1333,"name":null},{"time":1.3666,"name":null},{"time":1.5,"name":"wing/R_wing_2_4"}]}},"bones":{"MAIN":{"translate":[{"time":0.7666,"x":5,"y":0,"curve":[0.677,0,0.75,1]},{"time":0.9666,"x":0,"y":0}]},"R_wing_1_root":{"rotate":[{"time":0,"angle":0,"curve":"stepped"},{"time":0.5,"angle":0,"curve":"stepped"},{"time":1.5,"angle":0}],"translate":[{"time":0,"x":0,"y":0,"curve":"stepped"},{"time":0.5,"x":0,"y":0,"curve":"stepped"},{"time":1.5,"x":0,"y":0}]},"R_wing_2_root":{"rotate":[{"time":0,"angle":0,"curve":"stepped"},{"time":0.5,"angle":0,"curve":"stepped"},{"time":1.5,"angle":0}],"translate":[{"time":0,"x":0,"y":0,"curve":"stepped"},{"time":0.5,"x":0,"y":0,"curve":"stepped"},{"time":1.5,"x":0,"y":0}]},"L_wing_2_root":{"translate":[{"time":0,"x":0,"y":0,"curve":"stepped"},{"time":0.5,"x":0,"y":0,"curve":"stepped"},{"time":1.5,"x":0,"y":0}]},"L_wing_1_root":{"translate":[{"time":0,"x":0,"y":0,"curve":"stepped"},{"time":0.5,"x":0,"y":0,"curve":"stepped"},{"time":1.5,"x":0,"y":0}]},"L_wing_1_4":{"rotate":[{"time":0,"angle":0,"curve":"stepped"},{"time":0.5,"angle":0,"curve":"stepped"},{"time":1.5,"angle":0}]},"L_wing_1_3":{"rotate":[{"time":0,"angle":0,"curve":"stepped"},{"time":0.5,"angle":0,"curve":"stepped"},{"time":1.5,"angle":0}]},"L_wing_1_2":{"rotate":[{"time":0,"angle":0,"curve":"stepped"},{"time":0.5,"angle":0,"curve":"stepped"},{"time":1.5,"angle":0}]},"L_wing_2_4":{"rotate":[{"time":0,"angle":0,"curve":"stepped"},{"time":0.5,"angle":0,"curve":"stepped"},{"time":1.5,"angle":0}]},"L_wing_2_3":{"rotate":[{"time":0,"angle":0,"curve":"stepped"},{"time":0.5,"angle":0,"curve":"stepped"},{"time":1.5,"angle":0}]},"L_wing_2_2":{"rotate":[{"time":0,"angle":0,"curve":"stepped"},{"time":0.5,"angle":0,"curve":"stepped"},{"time":1.5,"angle":0}]},"wing_out":{"translate":[{"time":0.1333,"x":149.63,"y":-8.12,"curve":"stepped"},{"time":0.4333,"x":149.63,"y":-8.12,"curve":"stepped"},{"time":1.1333,"x":149.63,"y":-8.12,"curve":"stepped"},{"time":1.4333,"x":149.63,"y":-8.12}]},"wing_out2":{"translate":[{"time":0.1333,"x":54.99,"y":-8.34,"curve":"stepped"},{"time":0.4333,"x":54.99,"y":-8.34,"curve":"stepped"},{"time":1.1333,"x":54.99,"y":-8.34,"curve":"stepped"},{"time":1.4333,"x":54.99,"y":-8.34}]},"DAMAGEAREA":{"translate":[{"time":0.8,"x":-101.31,"y":111.76}],"scale":[{"time":0.8,"x":1.665,"y":1.563}]}},"events":[{"time":0,"name":"Event","float":0.15,"string":"kHitStopType_normal"},{"time":0.0333,"name":"Event","int":400,"string":"kImpactType_knock"},{"time":0.0666,"name":"Event","string":"setForceImpact(1)"},{"time":0.0666,"name":"Sound1","string":"cri_se_battle_teleport"},{"time":0.1666,"name":"Event","string":"setInvincibleTime(0.3)"},{"time":0.2666,"name":"Event","int":80,"string":"setPosition_Target"},{"time":0.7666,"name":"Event2","string":"shakeGround"},{"time":0.7666,"name":"Sound1","string":"cri_se_battle_skill_shot"},{"time":0.7666,"name":"Sound2","string":"cri_se_battle_arrow_light_effect"},{"time":0.7666,"name":"Sound3","string":"setHitSound(se_battle_hard_hit)"},{"time":1.0666,"name":"Sound1","string":"cri_se_battle_teleport"},{"time":1.1333,"name":"Event","string":"setInvincibleTime(0.3)"},{"time":1.2666,"name":"Event","string":"setPosition_Default"}]},"back":{"slots":{"MAIN":{"attachment":[{"time":0,"name":"idle_00"},{"time":0.0666,"name":"other/MAIN_back_01"},{"time":0.1333,"name":"other/MAIN_back_02"},{"time":0.2,"name":null},{"time":0.3333,"name":"other/MAIN_back_02"},{"time":0.4,"name":"other/MAIN_back_01"},{"time":0.4666,"name":"idle_00"}]},"other/wing_2_0":{"attachment":[{"time":0.1333,"name":"other/wing_2_00"},{"time":0.2,"name":"other/wing_2_01"},{"time":0.2666,"name":null},{"time":0.3333,"name":"other/wing_2_01"},{"time":0.4,"name":"other/wing_2_00"},{"time":0.4666,"name":null}]},"other/wing_2_00":{"attachment":[{"time":0.1333,"name":"other/wing_2_00"},{"time":0.2,"name":"other/wing_2_01"},{"time":0.2666,"name":null},{"time":0.3333,"name":"other/wing_2_01"},{"time":0.4,"name":"other/wing_2_00"},{"time":0.4666,"name":null}]},"wing/L_wing_1_1":{"attachment":[{"time":0.1333,"name":null},{"time":0.3333,"name":null},{"time":0.4666,"name":"wing/L_wing_1_1"}]},"wing/L_wing_1_2":{"attachment":[{"time":0.1333,"name":null},{"time":0.3333,"name":null},{"time":0.4666,"name":"wing/L_wing_1_2"}]},"wing/L_wing_1_3":{"attachment":[{"time":0.1333,"name":null},{"time":0.3333,"name":null},{"time":0.4666,"name":"wing/L_wing_1_3"}]},"wing/L_wing_1_4":{"attachment":[{"time":0.1333,"name":null},{"time":0.3333,"name":null},{"time":0.4666,"name":"wing/L_wing_1_4"}]},"wing/L_wing_2_1":{"attachment":[{"time":0.1333,"name":null},{"time":0.3333,"name":null},{"time":0.4666,"name":"wing/L_wing_2_1"}]},"wing/L_wing_2_2":{"attachment":[{"time":0.1333,"name":null},{"time":0.3333,"name":null},{"time":0.4666,"name":"wing/L_wing_2_2"}]},"wing/L_wing_2_3":{"attachment":[{"time":0.1333,"name":null},{"time":0.3333,"name":null},{"time":0.4666,"name":"wing/L_wing_2_3"}]},"wing/L_wing_2_4":{"attachment":[{"time":0.1333,"name":null},{"time":0.3333,"name":null},{"time":0.4666,"name":"wing/L_wing_2_4"}]},"wing/R_wing_1_1":{"attachment":[{"time":0.1333,"name":null},{"time":0.3333,"name":null},{"time":0.4666,"name":"wing/R_wing_1_1"}]},"wing/R_wing_1_2":{"attachment":[{"time":0.1333,"name":null},{"time":0.3333,"name":null},{"time":0.4666,"name":"wing/R_wing_1_2"}]},"wing/R_wing_1_3":{"attachment":[{"time":0.1333,"name":null},{"time":0.3333,"name":null},{"time":0.4666,"name":"wing/R_wing_1_3"}]},"wing/R_wing_1_4":{"attachment":[{"time":0.1333,"name":null},{"time":0.3333,"name":null},{"time":0.4666,"name":"wing/R_wing_1_4"}]},"wing/R_wing_2_1":{"attachment":[{"time":0.1333,"name":null},{"time":0.3333,"name":null},{"time":0.4666,"name":"wing/R_wing_2_1"}]},"wing/R_wing_2_2":{"attachment":[{"time":0.1333,"name":null},{"time":0.3333,"name":null},{"time":0.4666,"name":"wing/R_wing_2_2"}]},"wing/R_wing_2_3":{"attachment":[{"time":0.1333,"name":null},{"time":0.3333,"name":null},{"time":0.4666,"name":"wing/R_wing_2_3"}]},"wing/R_wing_2_4":{"attachment":[{"time":0.1333,"name":null},{"time":0.3333,"name":null},{"time":0.4666,"name":"wing/R_wing_2_4"}]}},"bones":{"MAIN":{"translate":[{"time":0.3333,"x":140,"y":0}]},"L_wing_2_root":{"translate":[{"time":0,"x":0,"y":0,"curve":"stepped"},{"time":0.4666,"x":0,"y":0}]},"L_wing_1_root":{"translate":[{"time":0,"x":0,"y":0,"curve":"stepped"},{"time":0.4666,"x":0,"y":0}]},"R_wing_2_root":{"rotate":[{"time":0,"angle":0,"curve":"stepped"},{"time":0.4666,"angle":0}],"translate":[{"time":0,"x":0,"y":0,"curve":"stepped"},{"time":0.4666,"x":0,"y":0}]},"R_wing_1_root":{"rotate":[{"time":0,"angle":0,"curve":"stepped"},{"time":0.4666,"angle":0}],"translate":[{"time":0,"x":0,"y":0,"curve":"stepped"},{"time":0.4666,"x":0,"y":0}]},"L_wing_1_2":{"rotate":[{"time":0,"angle":0,"curve":"stepped"},{"time":0.4666,"angle":0}]},"L_wing_1_3":{"rotate":[{"time":0,"angle":0,"curve":"stepped"},{"time":0.4666,"angle":0}]},"L_wing_1_4":{"rotate":[{"time":0,"angle":0,"curve":"stepped"},{"time":0.4666,"angle":0}]},"L_wing_2_2":{"rotate":[{"time":0,"angle":0,"curve":"stepped"},{"time":0.4666,"angle":0}]},"L_wing_2_3":{"rotate":[{"time":0,"angle":0,"curve":"stepped"},{"time":0.4666,"angle":0}]},"L_wing_2_4":{"rotate":[{"time":0,"angle":0,"curve":"stepped"},{"time":0.4666,"angle":0}]},"wing_out2":{"translate":[{"time":0.1333,"x":54.99,"y":-8.34,"curve":"stepped"},{"time":0.3333,"x":192.23,"y":-8.34}]},"wing_out":{"translate":[{"time":0.1333,"x":149.63,"y":-8.12,"curve":"stepped"},{"time":0.3333,"x":286.88,"y":-8.12}]}},"events":[{"time":0.0666,"name":"Sound1","string":"cri_se_battle_teleport"}]},"cast":{"slots":{"MAIN":{"attachment":[{"time":0,"name":"idle_00"},{"time":0.1333,"name":"attack_00"},{"time":0.5,"name":"attack_01"},{"time":0.6,"name":"attack_00"},{"time":0.7,"name":"attack_02"},{"time":0.8333,"name":"idle_00"}]},"other/wing_2_00":{"attachment":[{"time":0.1333,"name":null},{"time":0.8333,"name":null}]},"other/wing_2_0":{"attachment":[{"time":0.1333,"name":null},{"time":0.8333,"name":null}]},"wing/L_wing_1_1":{"attachment":[{"time":0.1333,"name":"wing/L_wing_1_1"},{"time":0.8333,"name":"wing/L_wing_1_1"}]},"wing/L_wing_1_2":{"attachment":[{"time":0.1333,"name":"wing/L_wing_1_2"},{"time":0.8333,"name":"wing/L_wing_1_2"}]},"wing/L_wing_1_3":{"attachment":[{"time":0.1333,"name":"wing/L_wing_1_3"},{"time":0.8333,"name":"wing/L_wing_1_3"}]},"wing/L_wing_1_4":{"attachment":[{"time":0.1333,"name":"wing/L_wing_1_4"},{"time":0.8333,"name":"wing/L_wing_1_4"}]},"wing/L_wing_2_1":{"attachment":[{"time":0.1333,"name":"wing/L_wing_2_1"},{"time":0.8333,"name":"wing/L_wing_2_1"}]},"wing/L_wing_2_2":{"attachment":[{"time":0.1333,"name":"wing/L_wing_2_2"},{"time":0.8333,"name":"wing/L_wing_2_2"}]},"wing/L_wing_2_3":{"attachment":[{"time":0.1333,"name":"wing/L_wing_2_3"},{"time":0.8333,"name":"wing/L_wing_2_3"}]},"wing/L_wing_2_4":{"attachment":[{"time":0.1333,"name":"wing/L_wing_2_4"},{"time":0.8333,"name":"wing/L_wing_2_4"}]},"wing/R_wing_1_1":{"attachment":[{"time":0.1333,"name":"wing/R_wing_1_1"},{"time":0.8333,"name":"wing/R_wing_1_1"}]},"wing/R_wing_1_2":{"attachment":[{"time":0.1333,"name":"wing/R_wing_1_2"},{"time":0.8333,"name":"wing/R_wing_1_2"}]},"wing/R_wing_1_3":{"attachment":[{"time":0.1333,"name":"wing/R_wing_1_3"},{"time":0.8333,"name":"wing/R_wing_1_3"}]},"wing/R_wing_1_4":{"attachment":[{"time":0.1333,"name":"wing/R_wing_1_4"},{"time":0.8333,"name":"wing/R_wing_1_4"}]},"wing/R_wing_2_1":{"attachment":[{"time":0.1333,"name":"wing/R_wing_2_1"},{"time":0.8333,"name":"wing/R_wing_2_1"}]},"wing/R_wing_2_2":{"attachment":[{"time":0.1333,"name":"wing/R_wing_2_2"},{"time":0.8333,"name":"wing/R_wing_2_2"}]},"wing/R_wing_2_3":{"attachment":[{"time":0.1333,"name":"wing/R_wing_2_3"},{"time":0.8333,"name":"wing/R_wing_2_3"}]},"wing/R_wing_2_4":{"attachment":[{"time":0.1333,"name":"wing/R_wing_2_4"},{"time":0.8333,"name":"wing/R_wing_2_4"}]}},"bones":{"MAIN":{"translate":[{"time":0.5,"x":5,"y":0,"curve":[0.677,0,0.75,1]},{"time":0.7,"x":0,"y":0}]},"R_wing_1_root":{"rotate":[{"time":0,"angle":0,"curve":"stepped"},{"time":0.1333,"angle":0,"curve":"stepped"},{"time":0.8333,"angle":0}],"translate":[{"time":0,"x":0,"y":0,"curve":"stepped"},{"time":0.1333,"x":0,"y":0,"curve":"stepped"},{"time":0.8333,"x":0,"y":0}]},"R_wing_2_root":{"rotate":[{"time":0,"angle":0,"curve":"stepped"},{"time":0.1333,"angle":0,"curve":"stepped"},{"time":0.8333,"angle":0}],"translate":[{"time":0,"x":0,"y":0,"curve":"stepped"},{"time":0.1333,"x":0,"y":0,"curve":"stepped"},{"time":0.8333,"x":0,"y":0}]},"L_wing_2_root":{"translate":[{"time":0,"x":0,"y":0,"curve":"stepped"},{"time":0.1333,"x":0,"y":0,"curve":"stepped"},{"time":0.8333,"x":0,"y":0}]},"L_wing_1_root":{"translate":[{"time":0,"x":0,"y":0,"curve":"stepped"},{"time":0.1333,"x":0,"y":0,"curve":"stepped"},{"time":0.8333,"x":0,"y":0}]},"L_wing_1_4":{"rotate":[{"time":0,"angle":0,"curve":"stepped"},{"time":0.1333,"angle":0,"curve":"stepped"},{"time":0.8333,"angle":0}]},"L_wing_1_3":{"rotate":[{"time":0,"angle":0,"curve":"stepped"},{"time":0.1333,"angle":0,"curve":"stepped"},{"time":0.8333,"angle":0}]},"L_wing_1_2":{"rotate":[{"time":0,"angle":0,"curve":"stepped"},{"time":0.1333,"angle":0,"curve":"stepped"},{"time":0.8333,"angle":0}]},"L_wing_2_4":{"rotate":[{"time":0,"angle":0,"curve":"stepped"},{"time":0.1333,"angle":0,"curve":"stepped"},{"time":0.8333,"angle":0}]},"L_wing_2_3":{"rotate":[{"time":0,"angle":0,"curve":"stepped"},{"time":0.1333,"angle":0,"curve":"stepped"},{"time":0.8333,"angle":0}]},"L_wing_2_2":{"rotate":[{"time":0,"angle":0,"curve":"stepped"},{"time":0.1333,"angle":0,"curve":"stepped"},{"time":0.8333,"angle":0}]}}},"damage":{"slots":{"MAIN":{"attachment":[{"time":0,"name":"other/damage_00"}]}},"bones":{"L_wing_2_root":{"translate":[{"time":0,"x":-17.73,"y":0}]},"L_wing_1_root":{"translate":[{"time":0,"x":-17.73,"y":0}]},"R_wing_2_root":{"rotate":[{"time":0,"angle":8.97}],"translate":[{"time":0,"x":-4.09,"y":0}]},"R_wing_1_root":{"rotate":[{"time":0,"angle":8.75}],"translate":[{"time":0,"x":-4.09,"y":0}]},"L_wing_1_2":{"rotate":[{"time":0,"angle":16.12}]},"L_wing_1_3":{"rotate":[{"time":0,"angle":14.81}]},"L_wing_1_4":{"rotate":[{"time":0,"angle":10.07}]},"L_wing_2_2":{"rotate":[{"time":0,"angle":6.88}]},"L_wing_2_3":{"rotate":[{"time":0,"angle":8.11}]},"L_wing_2_4":{"rotate":[{"time":0,"angle":11.54}]}}},"front":{"slots":{"MAIN":{"attachment":[{"time":0,"name":"other/front_00"}]}},"bones":{"R_wing_2_root":{"rotate":[{"time":0,"angle":16.8}],"translate":[{"time":0,"x":-6.17,"y":0}]},"R_wing_1_root":{"rotate":[{"time":0,"angle":16.8}],"translate":[{"time":0,"x":-6.17,"y":0}]},"L_wing_2_root":{"rotate":[{"time":0,"angle":16.8}],"translate":[{"time":0,"x":-15.04,"y":0}]},"L_wing_1_root":{"rotate":[{"time":0,"angle":16.8}],"translate":[{"time":0,"x":-15.04,"y":0}]},"L_wing_1_2":{"rotate":[{"time":0,"angle":-14.06}]},"L_wing_2_2":{"rotate":[{"time":0,"angle":-5.81}]},"L_wing_2_4":{"rotate":[{"time":0,"angle":8.33}]},"R_wing_1_2":{"rotate":[{"time":0,"angle":-11.69}]},"R_wing_2_4":{"rotate":[{"time":0,"angle":10.05}]},"L_wing_1_4":{"rotate":[{"time":0,"angle":6.4}]}}},"idle":{"slots":{"MAIN":{"attachment":[{"time":0,"name":"idle_00"},{"time":0.2333,"name":"idle_01"},{"time":0.4666,"name":"idle_02"},{"time":0.7,"name":"idle_03"},{"time":0.9333,"name":"idle_04"},{"time":1.1666,"name":"idle_00"}]}},"bones":{"MAIN":{"translate":[{"time":0,"x":0,"y":0}]},"R_wing_1_root":{"rotate":[{"time":0,"angle":0}],"translate":[{"time":0,"x":0,"y":0,"curve":"stepped"},{"time":0.2333,"x":0,"y":-1.03,"curve":"stepped"},{"time":0.4666,"x":0,"y":-0.46,"curve":"stepped"},{"time":0.7,"x":0,"y":0.11,"curve":"stepped"},{"time":0.9333,"x":0,"y":0.69}]},"R_wing_2_root":{"rotate":[{"time":0,"angle":0}],"translate":[{"time":0,"x":0,"y":0,"curve":"stepped"},{"time":0.2333,"x":0,"y":-1.03,"curve":"stepped"},{"time":0.4666,"x":0,"y":-0.46,"curve":"stepped"},{"time":0.7,"x":0,"y":0.11,"curve":"stepped"},{"time":0.9333,"x":0,"y":0.69}]},"L_wing_2_root":{"translate":[{"time":0,"x":0,"y":0,"curve":"stepped"},{"time":0.2333,"x":0,"y":-1.03,"curve":"stepped"},{"time":0.4666,"x":0,"y":-0.46,"curve":"stepped"},{"time":0.7,"x":0,"y":0.11,"curve":"stepped"},{"time":0.9333,"x":0,"y":0.69}]},"L_wing_1_root":{"translate":[{"time":0,"x":0,"y":0,"curve":"stepped"},{"time":0.2333,"x":0,"y":-1.03,"curve":"stepped"},{"time":0.4666,"x":0,"y":-0.46,"curve":"stepped"},{"time":0.7,"x":0,"y":0.11,"curve":"stepped"},{"time":0.9333,"x":0,"y":0.69}]},"L_wing_1_4":{"rotate":[{"time":0,"angle":0}]},"L_wing_1_3":{"rotate":[{"time":0,"angle":0}]},"L_wing_1_2":{"rotate":[{"time":0,"angle":0}]},"L_wing_2_4":{"rotate":[{"time":0,"angle":0}]},"L_wing_2_3":{"rotate":[{"time":0,"angle":0}]},"L_wing_2_2":{"rotate":[{"time":0,"angle":0}]}}},"skill1":{"slots":{"DAMAGEAREA":{"attachment":[{"time":0.8333,"name":"DAMAGEAREA"},{"time":1.0666,"name":null},{"time":1.2666,"name":"DAMAGEAREA"},{"time":1.5,"name":null},{"time":2.1333,"name":"DAMAGEAREA"},{"time":2.5,"name":null},{"time":3.2666,"name":"DAMAGEAREA"},{"time":3.7333,"name":null}]},"EF/370_S1_wave1/370_S1_wave1_00000":{"attachment":[{"time":3.2,"name":"EF/370_S1_wave1/370_S1_wave1_00000"},{"time":3.2333,"name":"EF/370_S1_wave1/370_S1_wave1_00001"},{"time":3.2666,"name":"EF/370_S1_wave1/370_S1_wave1_00002"},{"time":3.3,"name":"EF/370_S1_wave1/370_S1_wave1_00003"},{"time":3.3333,"name":"EF/370_S1_wave1/370_S1_wave1_00004"},{"time":3.3666,"name":"EF/370_S1_wave1/370_S1_wave1_00005"},{"time":3.4,"name":"EF/370_S1_wave1/370_S1_wave1_00006"},{"time":3.4333,"name":"EF/370_S1_wave1/370_S1_wave1_00007"},{"time":3.4666,"name":"EF/370_S1_wave1/370_S1_wave1_00008"},{"time":3.5,"name":"EF/370_S1_wave1/370_S1_wave1_00000"},{"time":3.5333,"name":"EF/370_S1_wave1/370_S1_wave1_00001"},{"time":3.5666,"name":"EF/370_S1_wave1/370_S1_wave1_00002"},{"time":3.6,"name":"EF/370_S1_wave1/370_S1_wave1_00003"},{"time":3.6333,"name":"EF/370_S1_wave1/370_S1_wave1_00004"},{"time":3.6666,"name":"EF/370_S1_wave1/370_S1_wave1_00005"},{"time":3.7,"name":"EF/370_S1_wave1/370_S1_wave1_00006"},{"time":3.7333,"name":"EF/370_S1_wave1/370_S1_wave1_00007"},{"time":3.7666,"name":"EF/370_S1_wave1/370_S1_wave1_00008"},{"time":3.8,"name":null}],"color":[{"time":3.6333,"color":"ffffffff"},{"time":3.8,"color":"ffffff00"}]},"EF/370_S1_wave1/370_S1_wave1_0":{"attachment":[{"time":3.3,"name":"EF/370_S1_wave1/370_S1_wave1_00000"},{"time":3.3333,"name":"EF/370_S1_wave1/370_S1_wave1_00001"},{"time":3.3666,"name":"EF/370_S1_wave1/370_S1_wave1_00002"},{"time":3.4,"name":"EF/370_S1_wave1/370_S1_wave1_00003"},{"time":3.4333,"name":"EF/370_S1_wave1/370_S1_wave1_00004"},{"time":3.4666,"name":"EF/370_S1_wave1/370_S1_wave1_00005"},{"time":3.5,"name":"EF/370_S1_wave1/370_S1_wave1_00006"},{"time":3.5333,"name":"EF/370_S1_wave1/370_S1_wave1_00007"},{"time":3.5666,"name":"EF/370_S1_wave1/370_S1_wave1_00008"},{"time":3.6,"name":null}]},"EF/370_S1_wave1/370_S1_wave1_1":{"attachment":[{"time":3.4,"name":"EF/370_S1_wave1/370_S1_wave1_00000"},{"time":3.4333,"name":"EF/370_S1_wave1/370_S1_wave1_00001"},{"time":3.4666,"name":"EF/370_S1_wave1/370_S1_wave1_00002"},{"time":3.5,"name":"EF/370_S1_wave1/370_S1_wave1_00003"},{"time":3.5333,"name":"EF/370_S1_wave1/370_S1_wave1_00004"},{"time":3.5666,"name":"EF/370_S1_wave1/370_S1_wave1_00005"},{"time":3.6,"name":"EF/370_S1_wave1/370_S1_wave1_00006"},{"time":3.6333,"name":"EF/370_S1_wave1/370_S1_wave1_00007"},{"time":3.6666,"name":"EF/370_S1_wave1/370_S1_wave1_00008"},{"time":3.7,"name":null}]},"MAIN":{"attachment":[{"time":0,"name":"idle_00"},{"time":0.0666,"name":"other/MAIN_back_01"},{"time":0.1333,"name":"other/MAIN_back_02"},{"time":0.2,"name":null},{"time":0.5,"name":"other/MAIN_back_02"},{"time":0.5666,"name":"other/MAIN_back_01"},{"time":0.6333,"name":"skill2_05"},{"time":0.7,"name":"skill2_06"},{"time":0.8,"name":"skill_00"},{"time":0.8333,"name":"skill_01"},{"time":0.9666,"name":"skill_02"},{"time":1.0666,"name":"skill_03"},{"time":1.2,"name":"skill_04"},{"time":1.2333,"name":"skill_05"},{"time":1.4333,"name":null},{"time":1.4666,"name":"other/MAIN_back_02"},{"time":1.5333,"name":"other/MAIN_back_01"},{"time":1.6,"name":"skill_06"},{"time":1.6333,"name":"skill_07"},{"time":1.8,"name":"skill_08"},{"time":1.8666,"name":"skill_09"},{"time":2,"name":"skill_07"},{"time":2.1,"name":"skill_10"},{"time":2.2333,"name":null},{"time":2.3,"name":"other/MAIN_back_02"},{"time":2.3666,"name":"other/MAIN_back_01"},{"time":2.4333,"name":"skill_11"},{"time":2.5666,"name":"skill_12"},{"time":3.1666,"name":"skill_13"},{"time":3.2333,"name":"skill_14"},{"time":3.5,"name":"other/MAIN_back_01"},{"time":3.5666,"name":"other/MAIN_back_02"},{"time":3.6333,"name":null},{"time":3.7333,"name":"other/MAIN_back_02"},{"time":3.8,"name":"other/MAIN_back_01"},{"time":3.8666,"name":"idle_00"},{"time":3.9666,"name":"idle_00"}],"color":[{"time":1.2333,"color":"ffffffff"},{"time":1.3666,"color":"ffffff00","curve":"stepped"},{"time":1.4333,"color":"ffffffff","curve":"stepped"},{"time":2.1333,"color":"ffffffff"},{"time":2.2333,"color":"ffffff00","curve":"stepped"},{"time":2.3,"color":"ffffffff"}]},"other/wing_2_00":{"attachment":[{"time":0.1333,"name":"other/wing_2_00"},{"time":0.2,"name":"other/wing_2_01"},{"time":0.2666,"name":null},{"time":0.3,"name":null},{"time":0.5,"name":"other/wing_2_01"},{"time":0.5666,"name":"other/wing_2_00"},{"time":0.6333,"name":null},{"time":1.4333,"name":null},{"time":1.4666,"name":"other/wing_2_01"},{"time":1.5333,"name":"other/wing_2_00"},{"time":1.6,"name":null},{"time":2.2333,"name":null},{"time":2.2666,"name":"other/wing_2_01"},{"time":2.3333,"name":null},{"time":3.5,"name":"other/wing_2_00"},{"time":3.5333,"name":"other/wing_2_01"},{"time":3.6,"name":null},{"time":3.6666,"name":"other/wing_2_01"},{"time":3.7333,"name":"other/wing_2_00"},{"time":3.8,"name":null}]},"other/wing_2_0":{"attachment":[{"time":0.1333,"name":"other/wing_2_00"},{"time":0.2,"name":"other/wing_2_01"},{"time":0.2666,"name":null},{"time":0.3,"name":null},{"time":0.5,"name":"other/wing_2_01"},{"time":0.5666,"name":"other/wing_2_00"},{"time":0.6333,"name":null},{"time":1.4333,"name":null},{"time":1.4666,"name":"other/wing_2_01"},{"time":1.5333,"name":"other/wing_2_00"},{"time":1.6,"name":null},{"time":2.2333,"name":null},{"time":2.2666,"name":"other/wing_2_01"},{"time":2.3333,"name":null},{"time":3.5,"name":"other/wing_2_00"},{"time":3.5333,"name":"other/wing_2_01"},{"time":3.6,"name":null},{"time":3.6666,"name":"other/wing_2_01"},{"time":3.7333,"name":"other/wing_2_00"},{"time":3.8,"name":null}]},"wing/L_wing_1_1":{"attachment":[{"time":0.1333,"name":null},{"time":0.5,"name":null},{"time":0.6333,"name":"wing/L_wing_1_1"},{"time":1.3333,"name":null},{"time":1.4666,"name":null},{"time":1.6,"name":"wing/L_wing_1_1"},{"time":2.1666,"name":null},{"time":2.3333,"name":"wing/L_wing_1_1"},{"time":3.5,"name":null},{"time":3.6666,"name":null},{"time":3.8,"name":"wing/L_wing_1_1"}]},"wing/L_wing_1_2":{"attachment":[{"time":0.1333,"name":null},{"time":0.5,"name":null},{"time":0.6333,"name":"wing/L_wing_1_2"},{"time":1.3333,"name":null},{"time":1.4666,"name":null},{"time":1.6,"name":"wing/L_wing_1_2"},{"time":2.1666,"name":null},{"time":2.3333,"name":"wing/L_wing_1_2"},{"time":3.5,"name":null},{"time":3.6666,"name":null},{"time":3.8,"name":"wing/L_wing_1_2"}]},"wing/L_wing_1_3":{"attachment":[{"time":0.1333,"name":null},{"time":0.5,"name":null},{"time":0.6333,"name":"wing/L_wing_1_3"},{"time":1.3333,"name":null},{"time":1.4666,"name":null},{"time":1.6,"name":"wing/L_wing_1_3"},{"time":2.1666,"name":null},{"time":2.3333,"name":"wing/L_wing_1_3"},{"time":3.5,"name":null},{"time":3.6666,"name":null},{"time":3.8,"name":"wing/L_wing_1_3"}]},"wing/L_wing_1_4":{"attachment":[{"time":0.1333,"name":null},{"time":0.5,"name":null},{"time":0.6333,"name":"wing/L_wing_1_4"},{"time":1.3333,"name":null},{"time":1.4666,"name":null},{"time":1.6,"name":"wing/L_wing_1_4"},{"time":2.1666,"name":null},{"time":2.3333,"name":"wing/L_wing_1_4"},{"time":3.5,"name":null},{"time":3.6666,"name":null},{"time":3.8,"name":"wing/L_wing_1_4"}]},"wing/L_wing_2_1":{"attachment":[{"time":0.1333,"name":null},{"time":0.5,"name":null},{"time":0.6333,"name":"wing/L_wing_2_1"},{"time":1.3333,"name":null},{"time":1.4666,"name":null},{"time":1.6,"name":"wing/L_wing_2_1"},{"time":2.1666,"name":null},{"time":2.3333,"name":"wing/L_wing_2_1"},{"time":3.5,"name":null},{"time":3.6666,"name":null},{"time":3.8,"name":"wing/L_wing_2_1"}]},"wing/L_wing_2_2":{"attachment":[{"time":0.1333,"name":null},{"time":0.5,"name":null},{"time":0.6333,"name":"wing/L_wing_2_2"},{"time":1.3333,"name":null},{"time":1.4666,"name":null},{"time":1.6,"name":"wing/L_wing_2_2"},{"time":2.1666,"name":null},{"time":2.3333,"name":"wing/L_wing_2_2"},{"time":3.5,"name":null},{"time":3.6666,"name":null},{"time":3.8,"name":"wing/L_wing_2_2"}]},"wing/L_wing_2_3":{"attachment":[{"time":0.1333,"name":null},{"time":0.5,"name":null},{"time":0.6333,"name":"wing/L_wing_2_3"},{"time":1.3333,"name":null},{"time":1.4666,"name":null},{"time":1.6,"name":"wing/L_wing_2_3"},{"time":2.1666,"name":null},{"time":2.3333,"name":"wing/L_wing_2_3"},{"time":3.5,"name":null},{"time":3.6666,"name":null},{"time":3.8,"name":"wing/L_wing_2_3"}]},"wing/L_wing_2_4":{"attachment":[{"time":0.1333,"name":null},{"time":0.5,"name":null},{"time":0.6333,"name":"wing/L_wing_2_4"},{"time":1.3333,"name":null},{"time":1.4666,"name":null},{"time":1.6,"name":"wing/L_wing_2_4"},{"time":2.1666,"name":null},{"time":2.3333,"name":"wing/L_wing_2_4"},{"time":3.5,"name":null},{"time":3.6666,"name":null},{"time":3.8,"name":"wing/L_wing_2_4"}]},"wing/R_wing_1_1":{"attachment":[{"time":0.1333,"name":null},{"time":0.5,"name":null},{"time":0.6333,"name":"wing/R_wing_1_1"},{"time":1.3333,"name":null},{"time":1.4666,"name":null},{"time":1.6,"name":"wing/R_wing_1_1"},{"time":2.1666,"name":null},{"time":2.3333,"name":"wing/R_wing_1_1"},{"time":3.5,"name":null},{"time":3.6666,"name":null},{"time":3.8,"name":"wing/R_wing_1_1"}]},"wing/R_wing_1_2":{"attachment":[{"time":0.1333,"name":null},{"time":0.5,"name":null},{"time":0.6333,"name":"wing/R_wing_1_2"},{"time":1.3333,"name":null},{"time":1.4666,"name":null},{"time":1.6,"name":"wing/R_wing_1_2"},{"time":2.1666,"name":null},{"time":2.3333,"name":"wing/R_wing_1_2"},{"time":3.5,"name":null},{"time":3.6666,"name":null},{"time":3.8,"name":"wing/R_wing_1_2"}]},"wing/R_wing_1_3":{"attachment":[{"time":0.1333,"name":null},{"time":0.5,"name":null},{"time":0.6333,"name":"wing/R_wing_1_3"},{"time":1.3333,"name":null},{"time":1.4666,"name":null},{"time":1.6,"name":"wing/R_wing_1_3"},{"time":2.1666,"name":null},{"time":2.3333,"name":"wing/R_wing_1_3"},{"time":3.5,"name":null},{"time":3.6666,"name":null},{"time":3.8,"name":"wing/R_wing_1_3"}]},"wing/R_wing_1_4":{"attachment":[{"time":0.1333,"name":null},{"time":0.5,"name":null},{"time":0.6333,"name":"wing/R_wing_1_4"},{"time":1.3333,"name":null},{"time":1.4666,"name":null},{"time":1.6,"name":"wing/R_wing_1_4"},{"time":2.1666,"name":null},{"time":2.3333,"name":"wing/R_wing_1_4"},{"time":3.5,"name":null},{"time":3.6666,"name":null},{"time":3.8,"name":"wing/R_wing_1_4"}]},"wing/R_wing_2_1":{"attachment":[{"time":0.1333,"name":null},{"time":0.5,"name":null},{"time":0.6333,"name":"wing/R_wing_2_1"},{"time":1.3333,"name":null},{"time":1.4666,"name":null},{"time":1.6,"name":"wing/R_wing_2_1"},{"time":2.1666,"name":null},{"time":2.3333,"name":"wing/R_wing_2_1"},{"time":3.5,"name":null},{"time":3.6666,"name":null},{"time":3.8,"name":"wing/R_wing_2_1"}]},"wing/R_wing_2_2":{"attachment":[{"time":0.1333,"name":null},{"time":0.5,"name":null},{"time":0.6333,"name":"wing/R_wing_2_2"},{"time":1.3333,"name":null},{"time":1.4666,"name":null},{"time":1.6,"name":"wing/R_wing_2_2"},{"time":2.1666,"name":null},{"time":2.3333,"name":"wing/R_wing_2_2"},{"time":3.5,"name":null},{"time":3.6666,"name":null},{"time":3.8,"name":"wing/R_wing_2_2"}]},"wing/R_wing_2_3":{"attachment":[{"time":0.1333,"name":null},{"time":0.5,"name":null},{"time":0.6333,"name":"wing/R_wing_2_3"},{"time":1.3333,"name":null},{"time":1.4666,"name":null},{"time":1.6,"name":"wing/R_wing_2_3"},{"time":2.1666,"name":null},{"time":2.3333,"name":"wing/R_wing_2_3"},{"time":3.5,"name":null},{"time":3.6666,"name":null},{"time":3.8,"name":"wing/R_wing_2_3"}]},"wing/R_wing_2_4":{"attachment":[{"time":0.1333,"name":null},{"time":0.5,"name":null},{"time":0.6333,"name":"wing/R_wing_2_4"},{"time":1.3333,"name":null},{"time":1.4666,"name":null},{"time":1.6,"name":"wing/R_wing_2_4"},{"time":2.1666,"name":null},{"time":2.3333,"name":"wing/R_wing_2_4"},{"time":3.5,"name":null},{"time":3.6666,"name":null},{"time":3.8,"name":"wing/R_wing_2_4"}]}},"bones":{"MAIN":{"translate":[{"time":0,"x":0,"y":0,"curve":"stepped"},{"time":0.5,"x":154.61,"y":16.24,"curve":"stepped"},{"time":0.8,"x":146.49,"y":0,"curve":[0.212,0.78,0.75,1]},{"time":0.9333,"x":146.49,"y":-2.62,"curve":"stepped"},{"time":1.2,"x":-52.47,"y":0,"curve":[0.154,0.92,0.656,1]},{"time":1.3333,"x":-248.82,"y":0,"curve":"stepped"},{"time":1.4666,"x":-136.98,"y":0,"curve":"stepped"},{"time":1.6,"x":-124.7,"y":-5.26,"curve":[0.157,0.37,0.651,0.83]},{"time":1.7666,"x":-113.5,"y":-9.46,"curve":"stepped"},{"time":1.8,"x":-124.7,"y":-5.26,"curve":[0.16,0.43,0.75,1]},{"time":1.8666,"x":-129.09,"y":-0.87,"curve":"stepped"},{"time":1.9333,"x":-129.09,"y":-0.87,"curve":[0.167,0.82,0.75,1]},{"time":2.0666,"x":-149.27,"y":0.79,"curve":"stepped"},{"time":2.1,"x":-149.27,"y":0,"curve":[0.135,0.62,0.523,1]},{"time":2.1666,"x":258.16,"y":0},{"time":2.2333,"x":330.79,"y":0,"curve":"stepped"},{"time":2.3,"x":333.32,"y":201.8,"curve":"stepped"},{"time":2.4333,"x":333.32,"y":201.8,"curve":[0.228,0.39,0.576,0.72]},{"time":3.1,"x":338.7,"y":206.17,"curve":"stepped"},{"time":3.1666,"x":343.33,"y":207.58,"curve":[0.193,0.74,0.75,1]},{"time":3.4666,"x":349.88,"y":212.2,"curve":"stepped"},{"time":3.7333,"x":146.49,"y":0}],"scale":[{"time":1.4666,"x":-1,"y":1,"curve":"stepped"},{"time":2.3,"x":1,"y":1}]},"R_wing_1_root":{"rotate":[{"time":0,"angle":0,"curve":"stepped"},{"time":0.5,"angle":0,"curve":"stepped"},{"time":0.6333,"angle":0,"curve":"stepped"},{"time":1.6,"angle":0,"curve":"stepped"},{"time":3.8,"angle":0}],"translate":[{"time":0,"x":0,"y":0,"curve":"stepped"},{"time":0.5,"x":0,"y":0,"curve":"stepped"},{"time":0.6333,"x":0,"y":0,"curve":"stepped"},{"time":1.6,"x":0,"y":0,"curve":"stepped"},{"time":3.8,"x":0,"y":0}]},"R_wing_2_root":{"rotate":[{"time":0,"angle":0,"curve":"stepped"},{"time":0.5,"angle":0,"curve":"stepped"},{"time":0.6333,"angle":0,"curve":"stepped"},{"time":1.6,"angle":0,"curve":"stepped"},{"time":3.8,"angle":0}],"translate":[{"time":0,"x":0,"y":0,"curve":"stepped"},{"time":0.5,"x":0,"y":0,"curve":"stepped"},{"time":0.6333,"x":0,"y":0,"curve":"stepped"},{"time":1.6,"x":0,"y":0,"curve":"stepped"},{"time":3.8,"x":0,"y":0}]},"L_wing_2_root":{"translate":[{"time":0,"x":0,"y":0,"curve":"stepped"},{"time":0.5,"x":0,"y":0,"curve":"stepped"},{"time":0.6333,"x":0,"y":0,"curve":"stepped"},{"time":1.6,"x":0,"y":0,"curve":"stepped"},{"time":3.8,"x":0,"y":0}]},"L_wing_1_root":{"translate":[{"time":0,"x":0,"y":0,"curve":"stepped"},{"time":0.5,"x":0,"y":0,"curve":"stepped"},{"time":0.6333,"x":0,"y":0,"curve":"stepped"},{"time":1.6,"x":0,"y":0,"curve":"stepped"},{"time":3.8,"x":0,"y":0}]},"L_wing_1_4":{"rotate":[{"time":0,"angle":0,"curve":"stepped"},{"time":0.5,"angle":0,"curve":"stepped"},{"time":0.6333,"angle":0,"curve":"stepped"},{"time":1.6,"angle":0,"curve":"stepped"},{"time":3.8,"angle":0}]},"L_wing_1_3":{"rotate":[{"time":0,"angle":0,"curve":"stepped"},{"time":0.5,"angle":0,"curve":"stepped"},{"time":0.6333,"angle":0,"curve":"stepped"},{"time":1.6,"angle":0,"curve":"stepped"},{"time":3.8,"angle":0}]},"L_wing_1_2":{"rotate":[{"time":0,"angle":0,"curve":"stepped"},{"time":0.5,"angle":0,"curve":"stepped"},{"time":0.6333,"angle":0,"curve":"stepped"},{"time":1.6,"angle":0,"curve":"stepped"},{"time":3.8,"angle":0}]},"L_wing_2_4":{"rotate":[{"time":0,"angle":0,"curve":"stepped"},{"time":0.5,"angle":0,"curve":"stepped"},{"time":0.6333,"angle":0,"curve":"stepped"},{"time":1.6,"angle":0,"curve":"stepped"},{"time":3.8,"angle":0}]},"L_wing_2_3":{"rotate":[{"time":0,"angle":0,"curve":"stepped"},{"time":0.5,"angle":0,"curve":"stepped"},{"time":0.6333,"angle":0,"curve":"stepped"},{"time":1.6,"angle":0,"curve":"stepped"},{"time":3.8,"angle":0}]},"L_wing_2_2":{"rotate":[{"time":0,"angle":0,"curve":"stepped"},{"time":0.5,"angle":0,"curve":"stepped"},{"time":0.6333,"angle":0,"curve":"stepped"},{"time":1.6,"angle":0,"curve":"stepped"},{"time":3.8,"angle":0}]},"wing_out":{"translate":[{"time":0.1333,"x":149.63,"y":-8.12,"curve":"stepped"},{"time":0.5,"x":304.29,"y":9.36,"curve":"stepped"},{"time":1.3333,"x":164.44,"y":-8.12,"curve":"stepped"},{"time":1.4666,"x":-41.18,"y":-9.57,"curve":"stepped"},{"time":2.1333,"x":385.39,"y":-8.12},{"time":2.2333,"x":419.29,"y":-8.12,"curve":"stepped"},{"time":2.2666,"x":482.76,"y":193.8,"curve":"stepped"},{"time":3.5,"x":496.62,"y":204.69,"curve":"stepped"},{"time":3.6,"x":296.13,"y":-8.12}],"scale":[{"time":1.4666,"x":-1,"y":1,"curve":"stepped"},{"time":2.2666,"x":1,"y":1}]},"wing_out2":{"translate":[{"time":0.1333,"x":54.99,"y":-8.34,"curve":"stepped"},{"time":0.5,"x":209.64,"y":9.14,"curve":"stepped"},{"time":1.3333,"x":69.79,"y":-8.34,"curve":"stepped"},{"time":1.4666,"x":-135.83,"y":-9.8,"curve":"stepped"},{"time":2.1333,"x":290.75,"y":-8.34},{"time":2.2333,"x":324.65,"y":-8.34,"curve":"stepped"},{"time":2.2666,"x":388.11,"y":193.57,"curve":"stepped"},{"time":3.5,"x":401.97,"y":204.46,"curve":"stepped"},{"time":3.6,"x":201.48,"y":-8.34}],"scale":[{"time":1.4666,"x":-1,"y":1,"curve":"stepped"},{"time":2.2666,"x":1,"y":1}]},"wave1":{"translate":[{"time":3.2,"x":-1.04,"y":132.8,"curve":"stepped"},{"time":3.5,"x":-1.04,"y":132.8}],"scale":[{"time":3.2,"x":3.57,"y":3.57,"curve":"stepped"},{"time":3.5,"x":3.57,"y":3.57}]},"wave2":{"translate":[{"time":3.3,"x":-1.04,"y":127.57}],"scale":[{"time":3.3,"x":3.026,"y":3.026}]},"wave3":{"translate":[{"time":3.4,"x":-1.34,"y":128.64}],"scale":[{"time":3.4,"x":3.026,"y":3.026}]},"DAMAGEAREA":{"translate":[{"time":0.8333,"x":0,"y":121.62,"curve":"stepped"},{"time":1.2666,"x":133.08,"y":63.01},{"time":2.1333,"x":-173.25,"y":63.01},{"time":2.3,"x":248.58,"y":63.01,"curve":"stepped"},{"time":3.2666,"x":-7.53,"y":216.18},{"time":3.5,"x":-50.22,"y":216.18}],"scale":[{"time":0.8333,"x":2.487,"y":2.758,"curve":"stepped"},{"time":1.2666,"x":9.498,"y":0.975,"curve":"stepped"},{"time":3.2666,"x":2.85,"y":3.45}]}},"drawOrder":[{"time":1.8666,"offsets":[{"slot":"MAIN","offset":8}]},{"time":2},{"time":3.5,"offsets":[{"slot":"EF/370_S1_wave1/370_S1_wave1_00000","offset":-2}]}],"events":[{"time":0,"name":"Event","float":0.15,"string":"kHitStopType_normal"},{"time":0.0666,"name":"Event","string":"setForceImpact(1)"},{"time":0.0666,"name":"Sound1","string":"cri_se_battle_teleport"},{"time":0.1333,"name":"Event","string":"setInvincibleTime(0.3)"},{"time":0.2666,"name":"Event","string":"setPosition_Target"},{"time":0.6666,"name":"Event","string":"runScript-setElementFire"},{"time":0.8,"name":"Event2","string":"shakeGround"},{"time":0.8,"name":"Sound1","string":"cri_se_battle_033_explosion_element_01"},{"time":0.8,"name":"Sound2","string":"cri_se_battle_explosion_short"},{"time":0.9,"name":"Sound2","string":"cri_se_battle_explosion_short"},{"time":1,"name":"Sound2","string":"cri_se_battle_explosion_short"},{"time":1.0666,"name":"Event","string":"kImpactType_knock"},{"time":1.2,"name":"Sound1","string":"cri_se_battle_030_explosion_02"},{"time":1.2,"name":"Sound2","string":"cri_se_battle_explosion_short"},{"time":1.2333,"name":"Event2","string":"shakeGround"},{"time":1.2666,"name":"Hit","string":"resetHitList"},{"time":1.3,"name":"Sound2","string":"cri_se_battle_explosion_short"},{"time":1.3333,"name":"Event","float":0.15,"string":"kHitStopType_enemyonly"},{"time":1.3333,"name":"Hit","string":"resetHitList"},{"time":1.4,"name":"Hit","string":"resetHitList"},{"time":1.4,"name":"Sound2","string":"cri_se_battle_explosion_short"},{"time":1.4666,"name":"Sound1","string":"cri_se_battle_teleport"},{"time":1.5,"name":"Sound2","string":"cri_se_battle_explosion_short"},{"time":1.7666,"name":"Sound2","string":"cri_se_battle_sword_swish_heavy"},{"time":1.8,"name":"Sound2","string":"cri_se_battle_skill_ice_Vanish"},{"time":2,"name":"Event","int":400,"string":"kImpactType_pull"},{"time":2.0333,"name":"Event","string":"runScript-setElementAqua"},{"time":2.1,"name":"Event","float":0.15,"string":"kHitStopType_normal"},{"time":2.1333,"name":"Event2","string":"shakeGround"},{"time":2.1333,"name":"Hit","string":"resetHitList"},{"time":2.1333,"name":"Sound1","string":"cri_se_battle_skill_ice"},{"time":2.1333,"name":"Sound2","string":"cri_se_battle_sword_heavy_hit"},{"time":2.1333,"name":"Sound3","string":"setHitSound(se_battle_thrustviolently)"},{"time":2.2333,"name":"Event","float":0.15,"string":"kHitStopType_enemyonly"},{"time":2.2333,"name":"Hit","string":"resetHitList"},{"time":2.2666,"name":"Sound1","string":"cri_se_battle_teleport"},{"time":2.3333,"name":"Hit","string":"resetHitList"},{"time":2.4,"name":"Sound2","string":"cri_se_battle_charge"},{"time":2.4333,"name":"Hit","string":"resetHitList"},{"time":2.7,"name":"Sound2","string":"cri_se_battle_skill_icebreak"},{"time":3,"name":"Event","string":"runScript-setElementEarth"},{"time":3.1333,"name":"Sound2","string":"cri_se_battle_arrow"},{"time":3.2,"name":"Event2","string":"shakeGround"},{"time":3.2,"name":"Sound2","string":"cri_se_battle_cyclone"},{"time":3.2666,"name":"Hit","string":"resetHitList"},{"time":3.2666,"name":"Sound2","string":"setHitSound(se_battle_007_attack_hit_01)"},{"time":3.3333,"name":"Hit","string":"resetHitList"},{"time":3.3333,"name":"Sound2","string":"setHitSound(se_battle_007_attack_hit_01)"},{"time":3.4,"name":"Hit","string":"resetHitList"},{"time":3.4,"name":"Sound2","string":"setHitSound(se_battle_007_attack_hit_01)"},{"time":3.4666,"name":"Hit","string":"resetHitList"},{"time":3.4666,"name":"Sound2","string":"setHitSound(se_battle_007_attack_hit_01)"},{"time":3.5,"name":"Event","string":"setInvincibleTime(0.3)"},{"time":3.5,"name":"Sound1","string":"cri_se_battle_teleport"},{"time":3.5333,"name":"Hit","string":"resetHitList"},{"time":3.5333,"name":"Sound2","string":"setHitSound(se_battle_007_attack_hit_01)"},{"time":3.6,"name":"Hit","string":"resetHitList"},{"time":3.6,"name":"Sound2","string":"setHitSound(se_battle_007_attack_hit_01)"},{"time":3.6666,"name":"Event","string":"kImpactType_up"},{"time":3.6666,"name":"Hit","string":"resetHitList"},{"time":3.6666,"name":"Sound2","string":"setHitSound(se_battle_007_attack_hit_01)"},{"time":3.8333,"name":"Event","string":"runScript-setElementNone"}]},"skill2":{"slots":{"DAMAGEAREA":{"attachment":[{"time":1.5,"name":"DAMAGEAREA"},{"time":1.6666,"name":null},{"time":2,"name":"DAMAGEAREA"},{"time":2.1,"name":null},{"time":2.4,"name":"DAMAGEAREA"},{"time":2.5333,"name":null},{"time":2.8,"name":"DAMAGEAREA"},{"time":2.9,"name":null},{"time":3,"name":"DAMAGEAREA"},{"time":4.6666,"name":null},{"time":5.3,"name":"DAMAGEAREA"},{"time":6.0666,"name":null}]},"MAIN":{"attachment":[{"time":0,"name":"idle_00"},{"time":0.1,"name":"skill2_00"},{"time":0.2,"name":"skill2_01"},{"time":0.5333,"name":"skill2_02"},{"time":0.6,"name":"skill2_03"},{"time":0.8333,"name":"other/MAIN_back_01"},{"time":0.8666,"name":"other/MAIN_back_02"},{"time":0.9,"name":null},{"time":4.6,"name":"other/MAIN_back_02"},{"time":4.6666,"name":"other/MAIN_back_01"},{"time":4.7,"name":"skill2_04"},{"time":4.7666,"name":"skill2_05"},{"time":4.8666,"name":"skill2_06"},{"time":5.2666,"name":"skill_00"},{"time":5.3333,"name":"skill_01"},{"time":5.5333,"name":"other/MAIN_back_01"},{"time":5.5666,"name":"other/MAIN_back_02"},{"time":5.6,"name":null},{"time":6.4666,"name":"other/MAIN_back_02"},{"time":6.5333,"name":"other/MAIN_back_01"},{"time":6.6,"name":"idle_00"}]},"wing/L_wing_1_1":{"attachment":[{"time":0.8333,"name":null},{"time":4.7,"name":"wing/L_wing_1_1"},{"time":5.5666,"name":null},{"time":6.6,"name":"wing/L_wing_1_1"}]},"wing/L_wing_1_2":{"attachment":[{"time":0.8333,"name":null},{"time":4.7,"name":"wing/L_wing_1_2"},{"time":5.5666,"name":null},{"time":6.6,"name":"wing/L_wing_1_2"}]},"wing/L_wing_1_3":{"attachment":[{"time":0.8333,"name":null},{"time":4.7,"name":"wing/L_wing_1_3"},{"time":5.5666,"name":null},{"time":6.6,"name":"wing/L_wing_1_3"}]},"wing/L_wing_1_4":{"attachment":[{"time":0.8333,"name":null},{"time":4.7,"name":"wing/L_wing_1_4"},{"time":5.5666,"name":null},{"time":6.6,"name":"wing/L_wing_1_4"}]},"wing/L_wing_2_1":{"attachment":[{"time":0.8333,"name":null},{"time":4.7,"name":"wing/L_wing_2_1"},{"time":5.5666,"name":null},{"time":6.6,"name":"wing/L_wing_2_1"}]},"wing/L_wing_2_2":{"attachment":[{"time":0.8333,"name":null},{"time":4.7,"name":"wing/L_wing_2_2"},{"time":5.5666,"name":null},{"time":6.6,"name":"wing/L_wing_2_2"}]},"wing/L_wing_2_3":{"attachment":[{"time":0.8333,"name":null},{"time":4.7,"name":"wing/L_wing_2_3"},{"time":5.5666,"name":null},{"time":6.6,"name":"wing/L_wing_2_3"}]},"wing/L_wing_2_4":{"attachment":[{"time":0.8333,"name":null},{"time":4.7,"name":"wing/L_wing_2_4"},{"time":5.5666,"name":null},{"time":6.6,"name":"wing/L_wing_2_4"}]},"wing/R_wing_1_1":{"attachment":[{"time":0.8333,"name":null},{"time":4.7,"name":"wing/R_wing_1_1"},{"time":5.5666,"name":null},{"time":6.6,"name":"wing/R_wing_1_1"}]},"wing/R_wing_1_2":{"attachment":[{"time":0.8333,"name":null},{"time":4.7,"name":"wing/R_wing_1_2"},{"time":5.5666,"name":null},{"time":6.6,"name":"wing/R_wing_1_2"}]},"wing/R_wing_1_3":{"attachment":[{"time":0.8333,"name":null},{"time":4.7,"name":"wing/R_wing_1_3"},{"time":5.5666,"name":null},{"time":6.6,"name":"wing/R_wing_1_3"}]},"wing/R_wing_1_4":{"attachment":[{"time":0.8333,"name":null},{"time":4.7,"name":"wing/R_wing_1_4"},{"time":5.5666,"name":null},{"time":6.6,"name":"wing/R_wing_1_4"}]},"wing/R_wing_2_1":{"attachment":[{"time":0.8333,"name":null},{"time":4.7,"name":"wing/R_wing_2_1"},{"time":5.5666,"name":null},{"time":6.6,"name":"wing/R_wing_2_1"}]},"wing/R_wing_2_2":{"attachment":[{"time":0.8333,"name":null},{"time":4.7,"name":"wing/R_wing_2_2"},{"time":5.5666,"name":null},{"time":6.6,"name":"wing/R_wing_2_2"}]},"wing/R_wing_2_3":{"attachment":[{"time":0.8333,"name":null},{"time":4.7,"name":"wing/R_wing_2_3"},{"time":5.5666,"name":null},{"time":6.6,"name":"wing/R_wing_2_3"}]},"wing/R_wing_2_4":{"attachment":[{"time":0.8333,"name":null},{"time":4.7,"name":"wing/R_wing_2_4"},{"time":5.5666,"name":null},{"time":6.6,"name":"wing/R_wing_2_4"}]}},"bones":{"MAIN":{"translate":[{"time":0,"x":0,"y":0,"curve":"stepped"},{"time":4.6,"x":103.82,"y":121.57,"curve":[0.2,0.79,0.75,1]},{"time":4.6666,"x":103.82,"y":197.56,"curve":[0.144,0.86,0.546,1]},{"time":5.2,"x":103.82,"y":251.44,"curve":"stepped"},{"time":5.2666,"x":103.82,"y":251.44,"curve":[0.177,0.93,0.671,1]},{"time":5.3,"x":103.82,"y":-2.2},{"time":5.3333,"x":103.82,"y":-9.36},{"time":5.3666,"x":103.82,"y":-0.05},{"time":5.4,"x":103.82,"y":-2.2,"curve":"stepped"},{"time":6.4666,"x":0,"y":0}]},"R_wing_1_root":{"rotate":[{"time":0,"angle":0,"curve":"stepped"},{"time":4.7,"angle":0}],"translate":[{"time":0,"x":0,"y":0,"curve":"stepped"},{"time":0.1,"x":-3.2,"y":0,"curve":"stepped"},{"time":0.2,"x":-6.05,"y":0,"curve":"stepped"},{"time":0.5333,"x":0,"y":0,"curve":"stepped"},{"time":4.7,"x":0,"y":0}]},"R_wing_2_root":{"rotate":[{"time":0,"angle":0,"curve":"stepped"},{"time":4.7,"angle":0}],"translate":[{"time":0,"x":0,"y":0,"curve":"stepped"},{"time":0.1,"x":-3.2,"y":0,"curve":"stepped"},{"time":0.2,"x":-6.05,"y":0,"curve":"stepped"},{"time":0.5333,"x":0,"y":0,"curve":"stepped"},{"time":4.7,"x":0,"y":0}]},"L_wing_2_root":{"translate":[{"time":0,"x":0,"y":0,"curve":"stepped"},{"time":0.1,"x":-16.73,"y":0,"curve":"stepped"},{"time":0.2,"x":-21,"y":0,"curve":"stepped"},{"time":0.5333,"x":-2.13,"y":0,"curve":"stepped"},{"time":4.7,"x":0,"y":0}]},"L_wing_1_root":{"translate":[{"time":0,"x":0,"y":0,"curve":"stepped"},{"time":0.1,"x":-16.73,"y":0,"curve":"stepped"},{"time":0.2,"x":-21,"y":0,"curve":"stepped"},{"time":0.5333,"x":-2.13,"y":0,"curve":"stepped"},{"time":4.7,"x":0,"y":0}]},"L_wing_1_4":{"rotate":[{"time":0,"angle":0}]},"L_wing_1_3":{"rotate":[{"time":0,"angle":0}]},"L_wing_1_2":{"rotate":[{"time":0,"angle":0}]},"L_wing_2_4":{"rotate":[{"time":0,"angle":0}]},"L_wing_2_3":{"rotate":[{"time":0,"angle":0}]},"L_wing_2_2":{"rotate":[{"time":0,"angle":0}]},"DAMAGEAREA":{"translate":[{"time":2,"x":46.43,"y":63.31,"curve":"stepped"},{"time":5.3,"x":4.22,"y":198.38}],"scale":[{"time":1.5,"x":11.269,"y":4.907,"curve":"stepped"},{"time":2,"x":11.269,"y":6.564,"curve":"stepped"},{"time":2.4,"x":11.269,"y":9.737,"curve":"stepped"},{"time":3,"x":13.648,"y":13.025,"curve":"stepped"},{"time":5.3,"x":3.559,"y":4.778,"curve":"stepped"},{"time":5.4333,"x":3.559,"y":4.778},{"time":5.4666,"x":11.071,"y":8.005}]}},"events":[{"time":0,"name":"Sound2","string":"cri_se_battle_charge"},{"time":0.0333,"name":"Event","float":0.15,"string":"kHitStopType_enemyonly"},{"time":0.5333,"name":"Sound1","string":"cri_se_battle_033_explosion_element_01"},{"time":0.5333,"name":"Sound2","string":"cri_se_battle_magic_Invocation_dark"},{"time":0.5666,"name":"Event2","string":"shakeGround"},{"time":0.8333,"name":"Event","string":"setInvincibleTime(4)"},{"time":0.8333,"name":"Sound1","string":"cri_se_battle_teleport"},{"time":0.9,"name":"Event","string":"setPosition_Target"},{"time":0.9333,"name":"Event","string":"runScript-endless"},{"time":0.9333,"name":"Event2","string":"addOrbitSystemCamera-skill2word"},{"time":1.3333,"name":"Sound1","string":"cri_se_battle_sword_srash"},{"time":1.5,"name":"Event2","string":"shakeGround"},{"time":1.8333,"name":"Sound1","string":"cri_se_battle_sword_srash"},{"time":2,"name":"Event2","string":"shakeGround"},{"time":2,"name":"Hit","string":"resetHitList"},{"time":2.2333,"name":"Sound1","string":"cri_se_battle_sword_srash"},{"time":2.4,"name":"Event2","string":"shakeGround"},{"time":2.4,"name":"Hit","string":"resetHitList"},{"time":2.6,"name":"Sound1","string":"cri_se_battle_sword_srash"},{"time":2.8,"name":"Event2","string":"shakeGround"},{"time":2.8,"name":"Hit","string":"resetHitList"},{"time":2.8,"name":"Sound2","string":"setHitSound(se_battle_thrustviolently)"},{"time":2.9333,"name":"Sound1","string":"cri_se_battle_sword_srash"},{"time":3,"name":"Event2","string":"shakeGround"},{"time":3,"name":"Hit","string":"resetHitList"},{"time":3,"name":"Sound2","string":"setHitSound(se_battle_thrustviolently)"},{"time":3.0666,"name":"Hit","string":"resetHitList"},{"time":3.0666,"name":"Sound2","string":"setHitSound(empty)"},{"time":3.1,"name":"Event2","string":"shakeGround"},{"time":3.1333,"name":"Hit","string":"resetHitList"},{"time":3.1333,"name":"Sound1","string":"cri_se_battle_sword_srash"},{"time":3.1333,"name":"Sound2","string":"setHitSound(se_battle_thrustviolently)"},{"time":3.2,"name":"Hit","string":"resetHitList"},{"time":3.2,"name":"Sound2","string":"setHitSound(empty)"},{"time":3.2666,"name":"Event2","string":"shakeGround"},{"time":3.2666,"name":"Hit","string":"resetHitList"},{"time":3.2666,"name":"Sound2","string":"setHitSound(se_battle_thrustviolently)"},{"time":3.3,"name":"Sound1","string":"cri_se_battle_sword_srash"},{"time":3.3333,"name":"Hit","string":"resetHitList"},{"time":3.3333,"name":"Sound2","string":"setHitSound(empty)"},{"time":3.4,"name":"Hit","string":"resetHitList"},{"time":3.4,"name":"Sound2","string":"setHitSound(se_battle_thrustviolently)"},{"time":3.4666,"name":"Hit","string":"resetHitList"},{"time":3.4666,"name":"Sound1","string":"cri_se_battle_sword_srash"},{"time":3.4666,"name":"Sound2","string":"setHitSound(empty)"},{"time":3.5333,"name":"Hit","string":"resetHitList"},{"time":3.5333,"name":"Sound2","string":"setHitSound(se_battle_thrustviolently)"},{"time":3.6,"name":"Hit","string":"resetHitList"},{"time":3.6,"name":"Sound2","string":"setHitSound(empty)"},{"time":3.6333,"name":"Event2","string":"shakeGround"},{"time":3.6333,"name":"Sound1","string":"cri_se_battle_sword_srash"},{"time":3.6666,"name":"Hit","string":"resetHitList"},{"time":3.6666,"name":"Sound2","string":"setHitSound(se_battle_thrustviolently)"},{"time":3.7333,"name":"Hit","string":"resetHitList"},{"time":3.7333,"name":"Sound2","string":"setHitSound(empty)"},{"time":3.8,"name":"Event2","string":"shakeGround"},{"time":3.8,"name":"Hit","string":"resetHitList"},{"time":3.8,"name":"Sound1","string":"cri_se_battle_sword_srash"},{"time":3.8,"name":"Sound2","string":"setHitSound(se_battle_thrustviolently)"},{"time":3.8666,"name":"Hit","string":"resetHitList"},{"time":3.8666,"name":"Sound2","string":"setHitSound(empty)"},{"time":3.9333,"name":"Hit","string":"resetHitList"},{"time":3.9333,"name":"Sound2","string":"setHitSound(se_battle_thrustviolently)"},{"time":3.9666,"name":"Sound1","string":"cri_se_battle_sword_srash"},{"time":4,"name":"Hit","string":"resetHitList"},{"time":4,"name":"Sound2","string":"setHitSound(empty)"},{"time":4.0666,"name":"Hit","string":"resetHitList"},{"time":4.0666,"name":"Sound2","string":"setHitSound(se_battle_thrustviolently)"},{"time":4.1,"name":"Event2","string":"shakeGround"},{"time":4.1333,"name":"Hit","string":"resetHitList"},{"time":4.1333,"name":"Sound1","string":"cri_se_battle_sword_srash"},{"time":4.1333,"name":"Sound2","string":"setHitSound(empty)"},{"time":4.2,"name":"Hit","string":"resetHitList"},{"time":4.2,"name":"Sound2","string":"setHitSound(se_battle_thrustviolently)"},{"time":4.2666,"name":"Hit","string":"resetHitList"},{"time":4.2666,"name":"Sound2","string":"setHitSound(empty)"},{"time":4.3,"name":"Event2","string":"shakeGround"},{"time":4.3,"name":"Sound1","string":"cri_se_battle_sword_srash"},{"time":4.3333,"name":"Hit","string":"resetHitList"},{"time":4.3333,"name":"Sound2","string":"setHitSound(se_battle_thrustviolently)"},{"time":4.4,"name":"Hit","string":"resetHitList"},{"time":4.4,"name":"Sound2","string":"setHitSound(empty)"},{"time":4.4666,"name":"Hit","string":"resetHitList"},{"time":4.4666,"name":"Sound1","string":"cri_se_battle_sword_srash"},{"time":4.4666,"name":"Sound2","string":"setHitSound(se_battle_thrustviolently)"},{"time":4.5333,"name":"Event2","string":"shakeGround"},{"time":4.5333,"name":"Hit","string":"resetHitList"},{"time":4.5333,"name":"Sound2","string":"setHitSound(empty)"},{"time":4.6,"name":"Hit","string":"resetHitList"},{"time":4.6,"name":"Sound2","string":"setHitSound(se_battle_thrustviolently)"},{"time":4.6333,"name":"Sound1","string":"cri_se_battle_teleport"},{"time":4.6666,"name":"Sound2","string":"setHitSound(empty)"},{"time":4.7333,"name":"Sound1","string":"cri_se_battle_arrow_light_effect"},{"time":5.2,"name":"Event","string":"kImpactType_up"},{"time":5.2333,"name":"Event","string":"setForceImpact(1)"},{"time":5.2333,"name":"Sound1","string":"cri_se_battle_skill_shot"},{"time":5.2666,"name":"Event","float":0.25,"string":"kHitStopType_normal"},{"time":5.3,"name":"Event2","string":"shakeGround"},{"time":5.3,"name":"Hit","string":"resetHitList"},{"time":5.3,"name":"Sound1","string":"cri_se_battle_030_explosion_02"},{"time":5.3,"name":"Sound2","string":"setHitSound(se_battle_explosion_short)"},{"time":5.3666,"name":"Event","float":0.15,"string":"kHitStopType_enemyonly"},{"time":5.3666,"name":"Hit","string":"resetHitList"},{"time":5.4333,"name":"Hit","string":"resetHitList"},{"time":5.5,"name":"Hit","string":"resetHitList"},{"time":5.5666,"name":"Hit","string":"resetHitList"},{"time":5.6333,"name":"Hit","string":"resetHitList"},{"time":5.7,"name":"Hit","string":"resetHitList"},{"time":5.7666,"name":"Hit","string":"resetHitList"},{"time":5.8333,"name":"Hit","string":"resetHitList"},{"time":5.9,"name":"Hit","string":"resetHitList"},{"time":5.9666,"name":"Hit","string":"resetHitList"},{"time":6.0333,"name":"Hit","string":"resetHitList"},{"time":6.4666,"name":"Sound1","string":"cri_se_battle_teleport"}]},"skill2-library":{"slots":{"DAMAGEAREA":{"attachment":[{"time":1.5,"name":"DAMAGEAREA"},{"time":1.6666,"name":null},{"time":2,"name":"DAMAGEAREA"},{"time":2.1,"name":null},{"time":2.4,"name":"DAMAGEAREA"},{"time":2.5333,"name":null},{"time":2.8,"name":"DAMAGEAREA"},{"time":2.9,"name":null},{"time":3,"name":"DAMAGEAREA"},{"time":4.6666,"name":null},{"time":5.3,"name":"DAMAGEAREA"},{"time":6.0666,"name":null}]},"MAIN":{"attachment":[{"time":0,"name":"idle_00"},{"time":0.1,"name":"skill2_00"},{"time":0.2,"name":"skill2_01"},{"time":0.5333,"name":"skill2_02"},{"time":0.6,"name":"skill2_03"},{"time":0.8333,"name":"other/MAIN_back_01"},{"time":0.8666,"name":"other/MAIN_back_02"},{"time":0.9,"name":null},{"time":4.6,"name":"other/MAIN_back_02"},{"time":4.6666,"name":"other/MAIN_back_01"},{"time":4.7,"name":"skill2_04"},{"time":4.7666,"name":"skill2_05"},{"time":4.8666,"name":"skill2_06"},{"time":5.2666,"name":"skill_00"},{"time":5.3333,"name":"skill_01"},{"time":5.5333,"name":"other/MAIN_back_01"},{"time":5.5666,"name":"other/MAIN_back_02"},{"time":5.6,"name":null},{"time":6.4666,"name":"other/MAIN_back_02"},{"time":6.5333,"name":"other/MAIN_back_01"},{"time":6.6,"name":"idle_00"}]},"wing/L_wing_1_1":{"attachment":[{"time":0.8333,"name":null},{"time":4.7,"name":"wing/L_wing_1_1"},{"time":5.5666,"name":null},{"time":6.6,"name":"wing/L_wing_1_1"}]},"wing/L_wing_1_2":{"attachment":[{"time":0.8333,"name":null},{"time":4.7,"name":"wing/L_wing_1_2"},{"time":5.5666,"name":null},{"time":6.6,"name":"wing/L_wing_1_2"}]},"wing/L_wing_1_3":{"attachment":[{"time":0.8333,"name":null},{"time":4.7,"name":"wing/L_wing_1_3"},{"time":5.5666,"name":null},{"time":6.6,"name":"wing/L_wing_1_3"}]},"wing/L_wing_1_4":{"attachment":[{"time":0.8333,"name":null},{"time":4.7,"name":"wing/L_wing_1_4"},{"time":5.5666,"name":null},{"time":6.6,"name":"wing/L_wing_1_4"}]},"wing/L_wing_2_1":{"attachment":[{"time":0.8333,"name":null},{"time":4.7,"name":"wing/L_wing_2_1"},{"time":5.5666,"name":null},{"time":6.6,"name":"wing/L_wing_2_1"}]},"wing/L_wing_2_2":{"attachment":[{"time":0.8333,"name":null},{"time":4.7,"name":"wing/L_wing_2_2"},{"time":5.5666,"name":null},{"time":6.6,"name":"wing/L_wing_2_2"}]},"wing/L_wing_2_3":{"attachment":[{"time":0.8333,"name":null},{"time":4.7,"name":"wing/L_wing_2_3"},{"time":5.5666,"name":null},{"time":6.6,"name":"wing/L_wing_2_3"}]},"wing/L_wing_2_4":{"attachment":[{"time":0.8333,"name":null},{"time":4.7,"name":"wing/L_wing_2_4"},{"time":5.5666,"name":null},{"time":6.6,"name":"wing/L_wing_2_4"}]},"wing/R_wing_1_1":{"attachment":[{"time":0.8333,"name":null},{"time":4.7,"name":"wing/R_wing_1_1"},{"time":5.5666,"name":null},{"time":6.6,"name":"wing/R_wing_1_1"}]},"wing/R_wing_1_2":{"attachment":[{"time":0.8333,"name":null},{"time":4.7,"name":"wing/R_wing_1_2"},{"time":5.5666,"name":null},{"time":6.6,"name":"wing/R_wing_1_2"}]},"wing/R_wing_1_3":{"attachment":[{"time":0.8333,"name":null},{"time":4.7,"name":"wing/R_wing_1_3"},{"time":5.5666,"name":null},{"time":6.6,"name":"wing/R_wing_1_3"}]},"wing/R_wing_1_4":{"attachment":[{"time":0.8333,"name":null},{"time":4.7,"name":"wing/R_wing_1_4"},{"time":5.5666,"name":null},{"time":6.6,"name":"wing/R_wing_1_4"}]},"wing/R_wing_2_1":{"attachment":[{"time":0.8333,"name":null},{"time":4.7,"name":"wing/R_wing_2_1"},{"time":5.5666,"name":null},{"time":6.6,"name":"wing/R_wing_2_1"}]},"wing/R_wing_2_2":{"attachment":[{"time":0.8333,"name":null},{"time":4.7,"name":"wing/R_wing_2_2"},{"time":5.5666,"name":null},{"time":6.6,"name":"wing/R_wing_2_2"}]},"wing/R_wing_2_3":{"attachment":[{"time":0.8333,"name":null},{"time":4.7,"name":"wing/R_wing_2_3"},{"time":5.5666,"name":null},{"time":6.6,"name":"wing/R_wing_2_3"}]},"wing/R_wing_2_4":{"attachment":[{"time":0.8333,"name":null},{"time":4.7,"name":"wing/R_wing_2_4"},{"time":5.5666,"name":null},{"time":6.6,"name":"wing/R_wing_2_4"}]}},"bones":{"MAIN":{"translate":[{"time":0,"x":0,"y":0,"curve":"stepped"},{"time":4.6,"x":103.82,"y":121.57,"curve":[0.2,0.79,0.75,1]},{"time":4.6666,"x":103.82,"y":197.56,"curve":[0.144,0.86,0.546,1]},{"time":5.2,"x":103.82,"y":251.44,"curve":"stepped"},{"time":5.2666,"x":103.82,"y":251.44,"curve":[0.177,0.93,0.671,1]},{"time":5.3,"x":103.82,"y":-2.2},{"time":5.3333,"x":103.82,"y":-9.36},{"time":5.3666,"x":103.82,"y":-0.05},{"time":5.4,"x":103.82,"y":-2.2,"curve":"stepped"},{"time":6.4666,"x":0,"y":0}]},"R_wing_1_root":{"rotate":[{"time":0,"angle":0,"curve":"stepped"},{"time":4.7,"angle":0}],"translate":[{"time":0,"x":0,"y":0,"curve":"stepped"},{"time":0.1,"x":-3.2,"y":0,"curve":"stepped"},{"time":0.2,"x":-6.05,"y":0,"curve":"stepped"},{"time":0.5333,"x":0,"y":0,"curve":"stepped"},{"time":4.7,"x":0,"y":0}]},"R_wing_2_root":{"rotate":[{"time":0,"angle":0,"curve":"stepped"},{"time":4.7,"angle":0}],"translate":[{"time":0,"x":0,"y":0,"curve":"stepped"},{"time":0.1,"x":-3.2,"y":0,"curve":"stepped"},{"time":0.2,"x":-6.05,"y":0,"curve":"stepped"},{"time":0.5333,"x":0,"y":0,"curve":"stepped"},{"time":4.7,"x":0,"y":0}]},"L_wing_2_root":{"translate":[{"time":0,"x":0,"y":0,"curve":"stepped"},{"time":0.1,"x":-16.73,"y":0,"curve":"stepped"},{"time":0.2,"x":-21,"y":0,"curve":"stepped"},{"time":0.5333,"x":-2.13,"y":0,"curve":"stepped"},{"time":4.7,"x":0,"y":0}]},"L_wing_1_root":{"translate":[{"time":0,"x":0,"y":0,"curve":"stepped"},{"time":0.1,"x":-16.73,"y":0,"curve":"stepped"},{"time":0.2,"x":-21,"y":0,"curve":"stepped"},{"time":0.5333,"x":-2.13,"y":0,"curve":"stepped"},{"time":4.7,"x":0,"y":0}]},"L_wing_1_4":{"rotate":[{"time":0,"angle":0}]},"L_wing_1_3":{"rotate":[{"time":0,"angle":0}]},"L_wing_1_2":{"rotate":[{"time":0,"angle":0}]},"L_wing_2_4":{"rotate":[{"time":0,"angle":0}]},"L_wing_2_3":{"rotate":[{"time":0,"angle":0}]},"L_wing_2_2":{"rotate":[{"time":0,"angle":0}]},"DAMAGEAREA":{"translate":[{"time":2,"x":46.43,"y":63.31,"curve":"stepped"},{"time":5.3,"x":4.22,"y":198.38}],"scale":[{"time":1.5,"x":11.269,"y":4.907,"curve":"stepped"},{"time":2,"x":11.269,"y":6.564,"curve":"stepped"},{"time":2.4,"x":11.269,"y":9.737,"curve":"stepped"},{"time":3,"x":13.648,"y":13.025,"curve":"stepped"},{"time":5.3,"x":3.559,"y":4.778,"curve":"stepped"},{"time":5.4333,"x":3.559,"y":4.778},{"time":5.4666,"x":11.071,"y":8.005}]}},"events":[{"time":0,"name":"Sound2","string":"cri_se_battle_charge"},{"time":0.0333,"name":"Event","float":0.15,"string":"kHitStopType_enemyonly"},{"time":0.5333,"name":"Sound1","string":"cri_se_battle_033_explosion_element_01"},{"time":0.5333,"name":"Sound2","string":"cri_se_battle_magic_Invocation_dark"},{"time":0.5666,"name":"Event2","string":"shakeGround"},{"time":0.8333,"name":"Event","string":"setInvincibleTime(4)"},{"time":0.8333,"name":"Sound1","string":"cri_se_battle_teleport"},{"time":0.9,"name":"Event","string":"setPosition_Target"},{"time":0.9333,"name":"Event","string":"runScript-endless"},{"time":0.9333,"name":"Event2","string":"addOrbitSystemCamera-skill2wordLib"},{"time":1.3333,"name":"Sound1","string":"cri_se_battle_sword_srash"},{"time":1.5,"name":"Event2","string":"shakeGround"},{"time":1.8333,"name":"Sound1","string":"cri_se_battle_sword_srash"},{"time":2,"name":"Event2","string":"shakeGround"},{"time":2,"name":"Hit","string":"resetHitList"},{"time":2.2333,"name":"Sound1","string":"cri_se_battle_sword_srash"},{"time":2.4,"name":"Event2","string":"shakeGround"},{"time":2.4,"name":"Hit","string":"resetHitList"},{"time":2.6,"name":"Sound1","string":"cri_se_battle_sword_srash"},{"time":2.8,"name":"Event2","string":"shakeGround"},{"time":2.8,"name":"Hit","string":"resetHitList"},{"time":2.8,"name":"Sound2","string":"setHitSound(se_battle_thrustviolently)"},{"time":2.9333,"name":"Sound1","string":"cri_se_battle_sword_srash"},{"time":3,"name":"Event2","string":"shakeGround"},{"time":3,"name":"Hit","string":"resetHitList"},{"time":3,"name":"Sound2","string":"setHitSound(se_battle_thrustviolently)"},{"time":3.0666,"name":"Hit","string":"resetHitList"},{"time":3.0666,"name":"Sound2","string":"setHitSound(empty)"},{"time":3.1,"name":"Event2","string":"shakeGround"},{"time":3.1333,"name":"Hit","string":"resetHitList"},{"time":3.1333,"name":"Sound1","string":"cri_se_battle_sword_srash"},{"time":3.1333,"name":"Sound2","string":"setHitSound(se_battle_thrustviolently)"},{"time":3.2,"name":"Hit","string":"resetHitList"},{"time":3.2,"name":"Sound2","string":"setHitSound(empty)"},{"time":3.2666,"name":"Event2","string":"shakeGround"},{"time":3.2666,"name":"Hit","string":"resetHitList"},{"time":3.2666,"name":"Sound2","string":"setHitSound(se_battle_thrustviolently)"},{"time":3.3,"name":"Sound1","string":"cri_se_battle_sword_srash"},{"time":3.3333,"name":"Hit","string":"resetHitList"},{"time":3.3333,"name":"Sound2","string":"setHitSound(empty)"},{"time":3.4,"name":"Hit","string":"resetHitList"},{"time":3.4,"name":"Sound2","string":"setHitSound(se_battle_thrustviolently)"},{"time":3.4666,"name":"Hit","string":"resetHitList"},{"time":3.4666,"name":"Sound1","string":"cri_se_battle_sword_srash"},{"time":3.4666,"name":"Sound2","string":"setHitSound(empty)"},{"time":3.5333,"name":"Hit","string":"resetHitList"},{"time":3.5333,"name":"Sound2","string":"setHitSound(se_battle_thrustviolently)"},{"time":3.6,"name":"Hit","string":"resetHitList"},{"time":3.6,"name":"Sound2","string":"setHitSound(empty)"},{"time":3.6333,"name":"Event2","string":"shakeGround"},{"time":3.6333,"name":"Sound1","string":"cri_se_battle_sword_srash"},{"time":3.6666,"name":"Hit","string":"resetHitList"},{"time":3.6666,"name":"Sound2","string":"setHitSound(se_battle_thrustviolently)"},{"time":3.7333,"name":"Hit","string":"resetHitList"},{"time":3.7333,"name":"Sound2","string":"setHitSound(empty)"},{"time":3.8,"name":"Event2","string":"shakeGround"},{"time":3.8,"name":"Hit","string":"resetHitList"},{"time":3.8,"name":"Sound1","string":"cri_se_battle_sword_srash"},{"time":3.8,"name":"Sound2","string":"setHitSound(se_battle_thrustviolently)"},{"time":3.8666,"name":"Hit","string":"resetHitList"},{"time":3.8666,"name":"Sound2","string":"setHitSound(empty)"},{"time":3.9333,"name":"Hit","string":"resetHitList"},{"time":3.9333,"name":"Sound2","string":"setHitSound(se_battle_thrustviolently)"},{"time":3.9666,"name":"Sound1","string":"cri_se_battle_sword_srash"},{"time":4,"name":"Hit","string":"resetHitList"},{"time":4,"name":"Sound2","string":"setHitSound(empty)"},{"time":4.0666,"name":"Hit","string":"resetHitList"},{"time":4.0666,"name":"Sound2","string":"setHitSound(se_battle_thrustviolently)"},{"time":4.1,"name":"Event2","string":"shakeGround"},{"time":4.1333,"name":"Hit","string":"resetHitList"},{"time":4.1333,"name":"Sound1","string":"cri_se_battle_sword_srash"},{"time":4.1333,"name":"Sound2","string":"setHitSound(empty)"},{"time":4.2,"name":"Hit","string":"resetHitList"},{"time":4.2,"name":"Sound2","string":"setHitSound(se_battle_thrustviolently)"},{"time":4.2666,"name":"Hit","string":"resetHitList"},{"time":4.2666,"name":"Sound2","string":"setHitSound(empty)"},{"time":4.3,"name":"Event2","string":"shakeGround"},{"time":4.3,"name":"Sound1","string":"cri_se_battle_sword_srash"},{"time":4.3333,"name":"Hit","string":"resetHitList"},{"time":4.3333,"name":"Sound2","string":"setHitSound(se_battle_thrustviolently)"},{"time":4.4,"name":"Hit","string":"resetHitList"},{"time":4.4,"name":"Sound2","string":"setHitSound(empty)"},{"time":4.4666,"name":"Hit","string":"resetHitList"},{"time":4.4666,"name":"Sound1","string":"cri_se_battle_sword_srash"},{"time":4.4666,"name":"Sound2","string":"setHitSound(se_battle_thrustviolently)"},{"time":4.5333,"name":"Event2","string":"shakeGround"},{"time":4.5333,"name":"Hit","string":"resetHitList"},{"time":4.5333,"name":"Sound2","string":"setHitSound(empty)"},{"time":4.6,"name":"Hit","string":"resetHitList"},{"time":4.6,"name":"Sound2","string":"setHitSound(se_battle_thrustviolently)"},{"time":4.6333,"name":"Sound1","string":"cri_se_battle_teleport"},{"time":4.6666,"name":"Sound2","string":"setHitSound(empty)"},{"time":4.7333,"name":"Sound1","string":"cri_se_battle_arrow_light_effect"},{"time":5.2,"name":"Event","string":"kImpactType_up"},{"time":5.2333,"name":"Event","string":"setForceImpact(1)"},{"time":5.2333,"name":"Sound1","string":"cri_se_battle_skill_shot"},{"time":5.2666,"name":"Event","float":0.25,"string":"kHitStopType_normal"},{"time":5.3,"name":"Event2","string":"shakeGround"},{"time":5.3,"name":"Hit","string":"resetHitList"},{"time":5.3,"name":"Sound1","string":"cri_se_battle_030_explosion_02"},{"time":5.3,"name":"Sound2","string":"setHitSound(se_battle_explosion_short)"},{"time":5.3666,"name":"Event","float":0.15,"string":"kHitStopType_enemyonly"},{"time":5.3666,"name":"Hit","string":"resetHitList"},{"time":5.4333,"name":"Hit","string":"resetHitList"},{"time":5.5,"name":"Hit","string":"resetHitList"},{"time":5.5666,"name":"Hit","string":"resetHitList"},{"time":5.6333,"name":"Hit","string":"resetHitList"},{"time":5.7,"name":"Hit","string":"resetHitList"},{"time":5.7666,"name":"Hit","string":"resetHitList"},{"time":5.8333,"name":"Hit","string":"resetHitList"},{"time":5.9,"name":"Hit","string":"resetHitList"},{"time":5.9666,"name":"Hit","string":"resetHitList"},{"time":6.0333,"name":"Hit","string":"resetHitList"},{"time":6.4666,"name":"Sound1","string":"cri_se_battle_teleport"}]}}}