{"skeleton":{"hash":"QVR/P5F36QVI/dl2wH8cygXhu/M","spine":"3.0.12","width":0,"height":0},"bones":[{"name":"root"},{"name":"ef_particle_main","parent":"root","y":45},{"name":"MAIN","parent":"root","y":45}],"slots":[{"name":"ef_particle_main","bone":"ef_particle_main","blend":"additive"}],"skins":{"default":{"ef_particle_main":{"ef_particle_main/ef_particle_main_00003":{"rotation":-0.6,"width":300,"height":300},"ef_particle_main/ef_particle_main_00004":{"rotation":-0.6,"width":300,"height":300},"ef_particle_main/ef_particle_main_00005":{"rotation":-0.6,"width":300,"height":300},"ef_particle_main/ef_particle_main_00006":{"rotation":-0.6,"width":300,"height":300},"ef_particle_main/ef_particle_main_00007":{"rotation":-0.6,"width":300,"height":300},"ef_particle_main/ef_particle_main_00008":{"rotation":-0.6,"width":300,"height":300},"ef_particle_main/ef_particle_main_00009":{"rotation":-0.6,"width":300,"height":300},"ef_particle_main/ef_particle_main_00010":{"rotation":-0.6,"width":300,"height":300},"ef_particle_main/ef_particle_main_00011":{"rotation":-0.6,"width":300,"height":300},"ef_particle_main/ef_particle_main_00012":{"rotation":-0.6,"width":300,"height":300},"ef_particle_main/ef_particle_main_00013":{"rotation":-0.6,"width":300,"height":300},"ef_particle_main/ef_particle_main_00014":{"rotation":-0.6,"width":300,"height":300},"ef_particle_main/ef_particle_main_00015":{"rotation":-0.6,"width":300,"height":300}}}},"animations":{"none":{"slots":{"ef_particle_main":{"attachment":[{"time":0.2,"name":"ef_particle_main/ef_particle_main_00003"},{"time":0.2333,"name":"ef_particle_main/ef_particle_main_00004"},{"time":0.2666,"name":"ef_particle_main/ef_particle_main_00005"},{"time":0.3,"name":"ef_particle_main/ef_particle_main_00006"},{"time":0.3333,"name":"ef_particle_main/ef_particle_main_00007"},{"time":0.3666,"name":"ef_particle_main/ef_particle_main_00008"},{"time":0.4,"name":"ef_particle_main/ef_particle_main_00009"},{"time":0.4333,"name":"ef_particle_main/ef_particle_main_00010"},{"time":0.4666,"name":"ef_particle_main/ef_particle_main_00011"},{"time":0.5,"name":"ef_particle_main/ef_particle_main_00012"},{"time":0.5333,"name":"ef_particle_main/ef_particle_main_00013"},{"time":0.5666,"name":"ef_particle_main/ef_particle_main_00014"},{"time":0.6,"name":"ef_particle_main/ef_particle_main_00015"},{"time":0.6666,"name":null}],"color":[{"time":0.5,"color":"ffffffff","curve":[0.364,0.83,0.596,0.96]},{"time":0.6666,"color":"ffffff00"}]}},"bones":{"MAIN":{"rotate":[{"time":0,"angle":-10.02},{"time":0.0333,"angle":-5.58},{"time":0.0666,"angle":-10.02},{"time":0.1,"angle":-5.58},{"time":0.1333,"angle":-10.02}],"translate":[{"time":0,"x":0,"y":-2},{"time":0.0333,"x":-0.14,"y":-0.1},{"time":0.0666,"x":0,"y":-2},{"time":0.1,"x":-0.14,"y":-0.1},{"time":0.1333,"x":0,"y":-2}],"scale":[{"time":0,"x":1,"y":1,"curve":[0.243,0,0.838,0.39]},{"time":0.1333,"x":0.98,"y":0.98,"curve":"stepped"},{"time":0.1666,"x":0.98,"y":0.98,"curve":[0.004,0.96,0.225,0.96]},{"time":0.6666,"x":2,"y":2}]},"ef_particle_main":{"rotate":[{"time":0.1666,"angle":-10}],"translate":[{"time":0.1666,"x":0,"y":0},{"time":0.2,"x":0,"y":19.85}],"scale":[{"time":0.1666,"x":-0.5,"y":0.5},{"time":0.2,"x":-1,"y":1,"curve":[0.138,0.78,0.75,1]},{"time":0.6666,"x":-2,"y":2}]}}}}}