{"skeleton":{"hash":"SBVzhklGByHbAgo7fZ0/hcqwtXw","spine":"3.0.12","width":512,"height":512},"bones":[{"name":"root"},{"name":"MAIN","parent":"root","y":68},{"name":"dot_EF1","parent":"MAIN","x":0.85,"y":-7.67,"scaleX":2,"scaleY":2},{"name":"Shadow_D","parent":"MAIN","x":0.85,"y":-7.67,"scaleX":2,"scaleY":2},{"name":"HITBOX","parent":"MAIN","y":-68},{"name":"EF_main","parent":"root"},{"name":"ef_smash_wave_main2","parent":"EF_main","x":400,"y":300},{"name":"ef_smash_wave_main","parent":"EF_main","x":400,"y":300},{"name":"ef_smash_sprash_main2","parent":"EF_main","x":500,"y":500},{"name":"ef_smash_sprash_main","parent":"EF_main","x":500,"y":500},{"name":"ef_smash_attack_main2","parent":"EF_main","x":496.2,"y":410.65},{"name":"ef_smash_attack_main","parent":"EF_main","x":496.2,"y":410.65},{"name":"ef_slash_trust_main","parent":"EF_main","x":500,"y":300},{"name":"ef_slash_main2","parent":"EF_main","x":400,"y":200},{"name":"ef_slash_main","parent":"EF_main","x":400,"y":200},{"name":"ef_graund_wave_main6","parent":"EF_main","x":400},{"name":"ef_graund_wave_main5","parent":"EF_main","x":400},{"name":"ef_graund_wave_main4","parent":"EF_main","x":400},{"name":"ef_graund_wave_main3","parent":"EF_main","x":400},{"name":"ef_graund_wave_main2","parent":"EF_main","x":400},{"name":"ef_graund_wave_main","parent":"EF_main","x":400},{"name":"ef_dash_main2","parent":"EF_main","x":300},{"name":"ef_dash_main","parent":"EF_main","x":300},{"name":"dragon_body_roll_main","parent":"EF_main","x":500,"y":600},{"name":"DAMAGEAREA","parent":"root"}],"slots":[{"name":"ef_graund_wave_main","bone":"ef_graund_wave_main","blend":"additive"},{"name":"ef_graund_wave_main2","bone":"ef_graund_wave_main2","blend":"additive"},{"name":"ef_graund_wave_main3","bone":"ef_graund_wave_main3","blend":"additive"},{"name":"ef_graund_wave_main4","bone":"ef_graund_wave_main4","blend":"additive"},{"name":"ef_graund_wave_main5","bone":"ef_graund_wave_main5","blend":"additive"},{"name":"ef_graund_wave_main6","bone":"ef_graund_wave_main6","blend":"additive"},{"name":"Shadow_D","bone":"Shadow_D","attachment":"shadow/Shadow_idle_00"},{"name":"MAIN","bone":"MAIN","attachment":"idle_00"},{"name":"MAIN2","bone":"MAIN"},{"name":"dot_EF1","bone":"dot_EF1"},{"name":"ef_dash_main","bone":"ef_dash_main","blend":"additive"},{"name":"ef_dash_main2","bone":"ef_dash_main2","blend":"additive"},{"name":"ef_smash_wave_main","bone":"ef_smash_wave_main","blend":"additive"},{"name":"ef_smash_wave_main2","bone":"ef_smash_wave_main2","blend":"additive"},{"name":"ef_slash_main","bone":"ef_slash_main","blend":"additive"},{"name":"ef_slash_main2","bone":"ef_slash_main2","blend":"additive"},{"name":"dragon_body_roll_main","bone":"dragon_body_roll_main"},{"name":"ef_smash_sprash_main","bone":"ef_smash_sprash_main","blend":"additive"},{"name":"ef_smash_sprash_main2","bone":"ef_smash_sprash_main2","blend":"additive"},{"name":"ef_smash_attack_main","bone":"ef_smash_attack_main","blend":"additive"},{"name":"ef_smash_attack_main2","bone":"ef_smash_attack_main2","blend":"additive"},{"name":"ef_slash_trust_main","bone":"ef_slash_trust_main","blend":"additive"},{"name":"DAMAGEAREA","bone":"DAMAGEAREA"},{"name":"HITBOX","bone":"HITBOX","attachment":"HITBOX"}],"skins":{"default":{"DAMAGEAREA":{"DAMAGEAREA":{"type":"boundingbox","vertices":[64.53332,-64.00363,63.76333,63.48846,-64.62552,63.21744,-63.92051,-64.30941]}},"HITBOX":{"HITBOX":{"type":"boundingbox","vertices":[-20.90198,0.39217,19.58595,-0.57182,19.58595,101.13007,-21.86597,101.13007]}},"MAIN":{"attack1_00":{"x":16.17,"y":25.3,"scaleX":2,"scaleY":2,"width":256,"height":256},"attack1_01":{"x":16.17,"y":25.3,"scaleX":2,"scaleY":2,"width":256,"height":256},"attack1_02":{"x":16.17,"y":25.3,"scaleX":2,"scaleY":2,"width":256,"height":256},"attack1_03":{"x":16.17,"y":25.3,"scaleX":2,"scaleY":2,"width":256,"height":256},"attack1_04":{"x":16.17,"y":25.3,"scaleX":2,"scaleY":2,"width":256,"height":256},"back_00":{"x":16.17,"y":25.3,"scaleX":2,"scaleY":2,"width":256,"height":256},"damege_00":{"x":16.17,"y":25.3,"scaleX":2,"scaleY":2,"width":256,"height":256},"front_00":{"x":16.17,"y":25.3,"scaleX":2,"scaleY":2,"width":256,"height":256},"idle_00":{"x":16.17,"y":25.3,"scaleX":2,"scaleY":2,"width":256,"height":256},"idle_01":{"x":16.17,"y":25.3,"scaleX":2,"scaleY":2,"width":256,"height":256},"idle_02":{"x":16.17,"y":25.3,"scaleX":2,"scaleY":2,"width":256,"height":256},"idle_03":{"x":16.17,"y":25.3,"scaleX":2,"scaleY":2,"width":256,"height":256},"skill1_00":{"x":16.17,"y":25.3,"scaleX":2,"scaleY":2,"width":256,"height":256},"skill1_01":{"x":16.17,"y":25.3,"scaleX":2,"scaleY":2,"width":256,"height":256},"skill1_02":{"x":16.17,"y":25.3,"scaleX":2,"scaleY":2,"width":256,"height":256},"skill1_03":{"x":16.17,"y":25.3,"scaleX":2,"scaleY":2,"width":256,"height":256},"skill1_04":{"x":16.17,"y":25.3,"scaleX":2,"scaleY":2,"width":256,"height":256},"skill1_05":{"x":16.17,"y":25.3,"scaleX":2,"scaleY":2,"width":256,"height":256},"skill2_00":{"x":16.17,"y":25.3,"scaleX":2,"scaleY":2,"width":256,"height":256},"skill2_01":{"x":16.17,"y":25.3,"scaleX":2,"scaleY":2,"width":256,"height":256},"skill2_02":{"x":16.17,"y":25.3,"scaleX":2,"scaleY":2,"width":256,"height":256},"skill2_03":{"x":16.17,"y":25.3,"scaleX":2,"scaleY":2,"width":256,"height":256},"skill2_04":{"x":16.17,"y":25.3,"scaleX":2,"scaleY":2,"width":256,"height":256},"skill2_05":{"x":16.17,"y":25.3,"scaleX":2,"scaleY":2,"width":256,"height":256},"skill2_06":{"x":16.17,"y":25.3,"scaleX":2,"scaleY":2,"width":256,"height":256},"skill2_07":{"x":16.17,"y":25.3,"scaleX":2,"scaleY":2,"width":256,"height":256},"skill3_00":{"x":16.17,"y":25.3,"scaleX":2,"scaleY":2,"width":256,"height":256},"skill3_01":{"x":16.17,"y":25.3,"scaleX":2,"scaleY":2,"width":256,"height":256}},"MAIN2":{"idle_00":{"x":16.17,"y":25.3,"scaleX":2,"scaleY":2,"width":256,"height":256},"idle_01":{"x":16.17,"y":25.3,"scaleX":2,"scaleY":2,"width":256,"height":256},"idle_02":{"x":16.17,"y":25.3,"scaleX":2,"scaleY":2,"width":256,"height":256},"idle_03":{"x":16.17,"y":25.3,"scaleX":2,"scaleY":2,"width":256,"height":256}},"Shadow_D":{"shadow/Shadow_attack1_00":{"x":7.65,"y":16.49,"width":256,"height":256},"shadow/Shadow_attack1_01":{"x":7.65,"y":16.49,"width":256,"height":256},"shadow/Shadow_attack1_02":{"x":7.65,"y":16.49,"width":256,"height":256},"shadow/Shadow_attack1_03":{"x":7.65,"y":16.49,"width":256,"height":256},"shadow/Shadow_attack1_04":{"x":7.65,"y":16.49,"width":256,"height":256},"shadow/Shadow_back_00":{"x":7.65,"y":16.49,"width":256,"height":256},"shadow/Shadow_damege_00":{"x":7.65,"y":16.49,"width":256,"height":256},"shadow/Shadow_front_00":{"x":7.65,"y":16.49,"width":256,"height":256},"shadow/Shadow_idle_00":{"x":7.65,"y":16.49,"width":256,"height":256},"shadow/Shadow_idle_01":{"x":7.65,"y":16.49,"width":256,"height":256},"shadow/Shadow_idle_02":{"x":7.65,"y":16.49,"width":256,"height":256},"shadow/Shadow_idle_03":{"x":7.65,"y":16.49,"width":256,"height":256},"shadow/Shadow_idle_00a":{"x":7.65,"y":16.49,"width":256,"height":256},"shadow/Shadow_idle_ex00":{"x":7.65,"y":16.49,"width":256,"height":256},"shadow/Shadow_idle_ex01":{"x":7.65,"y":16.49,"width":256,"height":256},"shadow/Shadow_idle_ex02":{"x":7.65,"y":16.49,"width":256,"height":256},"shadow/Shadow_idle_ex03":{"x":7.65,"y":16.49,"width":256,"height":256},"shadow/Shadow_idle_ex04":{"x":7.65,"y":16.49,"width":256,"height":256},"shadow/Shadow_idle_ex05":{"x":7.65,"y":16.49,"width":256,"height":256},"shadow/Shadow_idle_ex06":{"x":7.65,"y":16.49,"width":256,"height":256},"shadow/Shadow_skill1_00":{"x":7.65,"y":16.49,"width":256,"height":256},"shadow/Shadow_skill1_01":{"x":7.65,"y":16.49,"width":256,"height":256}},"dot_EF1":{"dot_EF/EF_attack1_00":{"x":7.65,"y":16.49,"width":256,"height":256},"dot_EF/EF_attack1_01":{"x":7.65,"y":16.49,"width":256,"height":256},"dot_EF/EF_attack1_02":{"x":7.65,"y":16.49,"width":256,"height":256},"dot_EF/EF_attack1_03":{"x":7.65,"y":16.49,"width":256,"height":256},"dot_EF/EF_attack1_04":{"x":7.65,"y":16.49,"width":256,"height":256},"dot_EF/EF_back_00":{"x":7.65,"y":16.49,"width":256,"height":256},"dot_EF/EF_damege_00":{"x":7.65,"y":16.49,"width":256,"height":256},"dot_EF/EF_front_00":{"x":7.65,"y":16.49,"width":256,"height":256},"dot_EF/EF_idle_00":{"x":7.65,"y":16.49,"width":256,"height":256},"dot_EF/EF_idle_01":{"x":7.65,"y":16.49,"width":256,"height":256},"dot_EF/EF_idle_02":{"x":7.65,"y":16.49,"width":256,"height":256},"dot_EF/EF_idle_03":{"x":7.65,"y":16.49,"width":256,"height":256},"dot_EF/EF_skill1_00":{"x":7.65,"y":16.49,"width":256,"height":256},"dot_EF/EF_skill1_03":{"x":7.65,"y":16.49,"width":256,"height":256},"dot_EF/EF_skill1_04":{"x":7.65,"y":16.49,"width":256,"height":256},"dot_EF/EF_skill1_05":{"x":7.65,"y":16.49,"width":256,"height":256},"dot_EF/EF_skill1_06":{"x":7.65,"y":16.49,"width":256,"height":256},"dot_EF/EF_skill1_07":{"x":7.65,"y":16.49,"width":256,"height":256},"dot_EF/EF_skill2_00":{"x":7.65,"y":16.49,"width":256,"height":256},"dot_EF/EF_skill2_01":{"x":7.65,"y":16.48,"width":256,"height":256},"dot_EF/EF_skill2_02":{"x":7.65,"y":16.49,"width":256,"height":256},"dot_EF/EF_skill2_03":{"x":7.65,"y":16.49,"width":256,"height":256},"dot_EF/EF_skill2_04":{"x":7.65,"y":16.49,"width":256,"height":256},"dot_EF/EF_skill2_05":{"x":7.65,"y":16.49,"width":256,"height":256},"dot_EF/EF_skill2_06":{"x":7.65,"y":16.49,"width":256,"height":256},"dot_EF/EF_skill2_07":{"x":7.65,"y":16.49,"width":256,"height":256},"dot_EF/EF_skill2_08":{"x":7.65,"y":16.49,"width":256,"height":256},"dot_EF/EF_skill3_00":{"x":7.65,"y":16.48,"width":256,"height":256},"dot_EF/EF_skill3_01":{"x":7.65,"y":16.48,"width":256,"height":256},"dot_EF/EF_skill3_02":{"x":7.65,"y":16.48,"width":256,"height":256},"dot_EF/EF_skill3_03":{"x":7.65,"y":16.48,"width":256,"height":256},"dot_EF/EF_skill3_04":{"x":7.65,"y":16.48,"width":256,"height":256},"dot_EF/EF_skill3_05":{"x":7.65,"y":16.48,"width":256,"height":256},"dot_EF/EF_skill3_06":{"x":7.65,"y":16.48,"width":256,"height":256},"dot_EF/EF_skill3_07":{"x":7.65,"y":16.48,"width":256,"height":256},"dot_EF/EF_skill3_08":{"x":7.65,"y":16.48,"width":256,"height":256},"dot_EF/EF_skill3_09":{"x":7.65,"y":16.48,"width":256,"height":256}},"dragon_body_roll_main":{"EF/dragon_body_roll_main/dragon_body_roll_main_00001":{"width":200,"height":200},"EF/dragon_body_roll_main/dragon_body_roll_main_00002":{"width":200,"height":200},"EF/dragon_body_roll_main/dragon_body_roll_main_00003":{"width":200,"height":200},"EF/dragon_body_roll_main/dragon_body_roll_main_00004":{"width":200,"height":200}},"ef_dash_main":{"EF/ef_dash_main/ef_dash_main_00001":{"x":65.7,"y":75.03,"scaleX":2,"scaleY":2,"width":200,"height":200},"EF/ef_dash_main/ef_dash_main_00002":{"x":65.7,"y":75.03,"scaleX":2,"scaleY":2,"width":200,"height":200},"EF/ef_dash_main/ef_dash_main_00004":{"x":65.7,"y":75.03,"scaleX":2,"scaleY":2,"width":200,"height":200},"EF/ef_dash_main/ef_dash_main_00005":{"x":65.7,"y":75.03,"scaleX":2,"scaleY":2,"width":200,"height":200},"EF/ef_dash_main/ef_dash_main_00006":{"x":65.7,"y":75.03,"scaleX":2,"scaleY":2,"width":200,"height":200},"EF/ef_dash_main/ef_dash_main_00007":{"x":65.7,"y":75.03,"scaleX":2,"scaleY":2,"width":200,"height":200},"EF/ef_dash_main/ef_dash_main_00008":{"x":65.7,"y":75.03,"scaleX":2,"scaleY":2,"width":200,"height":200},"EF/ef_dash_main/ef_dash_main_00010":{"x":65.7,"y":75.03,"scaleX":2,"scaleY":2,"width":200,"height":200},"EF/ef_dash_main/ef_dash_main_00012":{"x":65.7,"y":75.03,"scaleX":2,"scaleY":2,"width":200,"height":200}},"ef_dash_main2":{"EF/ef_dash_main/ef_dash_main_00001":{"x":65.7,"y":75.03,"scaleX":2,"scaleY":2,"width":200,"height":200},"EF/ef_dash_main/ef_dash_main_00002":{"x":65.7,"y":75.03,"scaleX":2,"scaleY":2,"width":200,"height":200},"EF/ef_dash_main/ef_dash_main_00004":{"x":65.7,"y":75.03,"scaleX":2,"scaleY":2,"width":200,"height":200},"EF/ef_dash_main/ef_dash_main_00005":{"x":65.7,"y":75.03,"scaleX":2,"scaleY":2,"width":200,"height":200},"EF/ef_dash_main/ef_dash_main_00006":{"x":65.7,"y":75.03,"scaleX":2,"scaleY":2,"width":200,"height":200},"EF/ef_dash_main/ef_dash_main_00007":{"x":65.7,"y":75.03,"scaleX":2,"scaleY":2,"width":200,"height":200},"EF/ef_dash_main/ef_dash_main_00008":{"x":65.7,"y":75.03,"scaleX":2,"scaleY":2,"width":200,"height":200},"EF/ef_dash_main/ef_dash_main_00010":{"x":65.7,"y":75.03,"scaleX":2,"scaleY":2,"width":200,"height":200},"EF/ef_dash_main/ef_dash_main_00012":{"x":65.7,"y":75.03,"scaleX":2,"scaleY":2,"width":200,"height":200}},"ef_graund_wave_main":{"EF/ef_graund_wave_main/ef_graund_wave_main_00001":{"x":1.12,"y":17.08,"width":300,"height":250},"EF/ef_graund_wave_main/ef_graund_wave_main_00002":{"x":1.12,"y":17.08,"width":300,"height":250},"EF/ef_graund_wave_main/ef_graund_wave_main_00003":{"x":1.12,"y":17.08,"width":300,"height":250},"EF/ef_graund_wave_main/ef_graund_wave_main_00004":{"x":1.12,"y":17.08,"width":300,"height":250},"EF/ef_graund_wave_main/ef_graund_wave_main_00005":{"x":1.12,"y":17.08,"width":300,"height":250},"EF/ef_graund_wave_main/ef_graund_wave_main_00006":{"x":1.12,"y":17.08,"width":300,"height":250},"EF/ef_graund_wave_main/ef_graund_wave_main_00007":{"x":1.12,"y":17.08,"width":300,"height":250},"EF/ef_graund_wave_main/ef_graund_wave_main_00008":{"x":1.12,"y":17.08,"width":300,"height":250},"EF/ef_graund_wave_main/ef_graund_wave_main_00009":{"x":1.12,"y":17.08,"width":300,"height":250},"EF/ef_graund_wave_main/ef_graund_wave_main_00010":{"x":1.12,"y":17.08,"width":300,"height":250},"EF/ef_graund_wave_main/ef_graund_wave_main_00011":{"x":1.12,"y":17.08,"width":300,"height":250},"EF/ef_graund_wave_main/ef_graund_wave_main_00012":{"x":1.12,"y":17.08,"width":300,"height":250},"EF/ef_graund_wave_main/ef_graund_wave_main_00013":{"x":1.12,"y":17.08,"width":300,"height":250},"EF/ef_graund_wave_main/ef_graund_wave_main_00014":{"x":1.12,"y":17.08,"width":300,"height":250}},"ef_graund_wave_main2":{"EF/ef_graund_wave_main/ef_graund_wave_main_00001":{"x":1.12,"y":17.08,"width":300,"height":250},"EF/ef_graund_wave_main/ef_graund_wave_main_00002":{"x":1.12,"y":17.08,"width":300,"height":250},"EF/ef_graund_wave_main/ef_graund_wave_main_00003":{"x":1.12,"y":17.08,"width":300,"height":250},"EF/ef_graund_wave_main/ef_graund_wave_main_00004":{"x":1.12,"y":17.08,"width":300,"height":250},"EF/ef_graund_wave_main/ef_graund_wave_main_00005":{"x":1.12,"y":17.08,"width":300,"height":250},"EF/ef_graund_wave_main/ef_graund_wave_main_00006":{"x":1.12,"y":17.08,"width":300,"height":250},"EF/ef_graund_wave_main/ef_graund_wave_main_00007":{"x":1.12,"y":17.08,"width":300,"height":250},"EF/ef_graund_wave_main/ef_graund_wave_main_00008":{"x":1.12,"y":17.08,"width":300,"height":250},"EF/ef_graund_wave_main/ef_graund_wave_main_00009":{"x":1.12,"y":17.08,"width":300,"height":250},"EF/ef_graund_wave_main/ef_graund_wave_main_00010":{"x":1.12,"y":17.08,"width":300,"height":250},"EF/ef_graund_wave_main/ef_graund_wave_main_00011":{"x":1.12,"y":17.08,"width":300,"height":250},"EF/ef_graund_wave_main/ef_graund_wave_main_00012":{"x":1.12,"y":17.08,"width":300,"height":250},"EF/ef_graund_wave_main/ef_graund_wave_main_00013":{"x":1.12,"y":17.08,"width":300,"height":250},"EF/ef_graund_wave_main/ef_graund_wave_main_00014":{"x":1.12,"y":17.08,"width":300,"height":250}},"ef_graund_wave_main3":{"EF/ef_graund_wave_main/ef_graund_wave_main_00001":{"x":1.12,"y":17.08,"width":300,"height":250},"EF/ef_graund_wave_main/ef_graund_wave_main_00002":{"x":1.12,"y":17.08,"width":300,"height":250},"EF/ef_graund_wave_main/ef_graund_wave_main_00003":{"x":1.12,"y":17.08,"width":300,"height":250},"EF/ef_graund_wave_main/ef_graund_wave_main_00004":{"x":1.12,"y":17.08,"width":300,"height":250},"EF/ef_graund_wave_main/ef_graund_wave_main_00005":{"x":1.12,"y":17.08,"width":300,"height":250},"EF/ef_graund_wave_main/ef_graund_wave_main_00006":{"x":1.12,"y":17.08,"width":300,"height":250},"EF/ef_graund_wave_main/ef_graund_wave_main_00007":{"x":1.12,"y":17.08,"width":300,"height":250},"EF/ef_graund_wave_main/ef_graund_wave_main_00008":{"x":1.12,"y":17.08,"width":300,"height":250},"EF/ef_graund_wave_main/ef_graund_wave_main_00009":{"x":1.12,"y":17.08,"width":300,"height":250},"EF/ef_graund_wave_main/ef_graund_wave_main_00010":{"x":1.12,"y":17.08,"width":300,"height":250},"EF/ef_graund_wave_main/ef_graund_wave_main_00011":{"x":1.12,"y":17.08,"width":300,"height":250},"EF/ef_graund_wave_main/ef_graund_wave_main_00012":{"x":1.12,"y":17.08,"width":300,"height":250},"EF/ef_graund_wave_main/ef_graund_wave_main_00013":{"x":1.12,"y":17.08,"width":300,"height":250},"EF/ef_graund_wave_main/ef_graund_wave_main_00014":{"x":1.12,"y":17.08,"width":300,"height":250}},"ef_graund_wave_main4":{"EF/ef_graund_wave_main/ef_graund_wave_main_00001":{"x":1.12,"y":17.08,"width":300,"height":250},"EF/ef_graund_wave_main/ef_graund_wave_main_00002":{"x":1.12,"y":17.08,"width":300,"height":250},"EF/ef_graund_wave_main/ef_graund_wave_main_00003":{"x":1.12,"y":17.08,"width":300,"height":250},"EF/ef_graund_wave_main/ef_graund_wave_main_00004":{"x":1.12,"y":17.08,"width":300,"height":250},"EF/ef_graund_wave_main/ef_graund_wave_main_00005":{"x":1.12,"y":17.08,"width":300,"height":250},"EF/ef_graund_wave_main/ef_graund_wave_main_00006":{"x":1.12,"y":17.08,"width":300,"height":250},"EF/ef_graund_wave_main/ef_graund_wave_main_00007":{"x":1.12,"y":17.08,"width":300,"height":250},"EF/ef_graund_wave_main/ef_graund_wave_main_00008":{"x":1.12,"y":17.08,"width":300,"height":250},"EF/ef_graund_wave_main/ef_graund_wave_main_00009":{"x":1.12,"y":17.08,"width":300,"height":250},"EF/ef_graund_wave_main/ef_graund_wave_main_00010":{"x":1.12,"y":17.08,"width":300,"height":250},"EF/ef_graund_wave_main/ef_graund_wave_main_00011":{"x":1.12,"y":17.08,"width":300,"height":250},"EF/ef_graund_wave_main/ef_graund_wave_main_00012":{"x":1.12,"y":17.08,"width":300,"height":250},"EF/ef_graund_wave_main/ef_graund_wave_main_00013":{"x":1.12,"y":17.08,"width":300,"height":250},"EF/ef_graund_wave_main/ef_graund_wave_main_00014":{"x":1.12,"y":17.08,"width":300,"height":250}},"ef_graund_wave_main5":{"EF/ef_graund_wave_main/ef_graund_wave_main_00001":{"x":1.12,"y":17.08,"width":300,"height":250},"EF/ef_graund_wave_main/ef_graund_wave_main_00002":{"x":1.12,"y":17.08,"width":300,"height":250},"EF/ef_graund_wave_main/ef_graund_wave_main_00003":{"x":1.12,"y":17.08,"width":300,"height":250},"EF/ef_graund_wave_main/ef_graund_wave_main_00004":{"x":1.12,"y":17.08,"width":300,"height":250},"EF/ef_graund_wave_main/ef_graund_wave_main_00005":{"x":1.12,"y":17.08,"width":300,"height":250},"EF/ef_graund_wave_main/ef_graund_wave_main_00006":{"x":1.12,"y":17.08,"width":300,"height":250},"EF/ef_graund_wave_main/ef_graund_wave_main_00007":{"x":1.12,"y":17.08,"width":300,"height":250},"EF/ef_graund_wave_main/ef_graund_wave_main_00008":{"x":1.12,"y":17.08,"width":300,"height":250},"EF/ef_graund_wave_main/ef_graund_wave_main_00009":{"x":1.12,"y":17.08,"width":300,"height":250},"EF/ef_graund_wave_main/ef_graund_wave_main_00010":{"x":1.12,"y":17.08,"width":300,"height":250},"EF/ef_graund_wave_main/ef_graund_wave_main_00011":{"x":1.12,"y":17.08,"width":300,"height":250},"EF/ef_graund_wave_main/ef_graund_wave_main_00012":{"x":1.12,"y":17.08,"width":300,"height":250},"EF/ef_graund_wave_main/ef_graund_wave_main_00013":{"x":1.12,"y":17.08,"width":300,"height":250},"EF/ef_graund_wave_main/ef_graund_wave_main_00014":{"x":1.12,"y":17.08,"width":300,"height":250}},"ef_graund_wave_main6":{"EF/ef_graund_wave_main/ef_graund_wave_main_00001":{"x":1.12,"y":17.08,"width":300,"height":250},"EF/ef_graund_wave_main/ef_graund_wave_main_00002":{"x":1.12,"y":17.08,"width":300,"height":250},"EF/ef_graund_wave_main/ef_graund_wave_main_00003":{"x":1.12,"y":17.08,"width":300,"height":250},"EF/ef_graund_wave_main/ef_graund_wave_main_00004":{"x":1.12,"y":17.08,"width":300,"height":250},"EF/ef_graund_wave_main/ef_graund_wave_main_00005":{"x":1.12,"y":17.08,"width":300,"height":250},"EF/ef_graund_wave_main/ef_graund_wave_main_00006":{"x":1.12,"y":17.08,"width":300,"height":250},"EF/ef_graund_wave_main/ef_graund_wave_main_00007":{"x":1.12,"y":17.08,"width":300,"height":250},"EF/ef_graund_wave_main/ef_graund_wave_main_00008":{"x":1.12,"y":17.08,"width":300,"height":250},"EF/ef_graund_wave_main/ef_graund_wave_main_00009":{"x":1.12,"y":17.08,"width":300,"height":250},"EF/ef_graund_wave_main/ef_graund_wave_main_00010":{"x":1.12,"y":17.08,"width":300,"height":250},"EF/ef_graund_wave_main/ef_graund_wave_main_00011":{"x":1.12,"y":17.08,"width":300,"height":250},"EF/ef_graund_wave_main/ef_graund_wave_main_00012":{"x":1.12,"y":17.08,"width":300,"height":250},"EF/ef_graund_wave_main/ef_graund_wave_main_00013":{"x":1.12,"y":17.08,"width":300,"height":250},"EF/ef_graund_wave_main/ef_graund_wave_main_00014":{"x":1.12,"y":17.08,"width":300,"height":250}},"ef_slash_main":{"EF/ef_slash_main/ef_slash_main_00001":{"width":240,"height":200},"EF/ef_slash_main/ef_slash_main_00002":{"width":240,"height":200},"EF/ef_slash_main/ef_slash_main_00003":{"width":240,"height":200},"EF/ef_slash_main/ef_slash_main_00004":{"width":240,"height":200},"EF/ef_slash_main/ef_slash_main_00005":{"width":240,"height":200},"EF/ef_slash_main/ef_slash_main_00006":{"width":240,"height":200},"EF/ef_slash_main/ef_slash_main_00007":{"width":240,"height":200},"EF/ef_slash_main/ef_slash_main_00008":{"width":240,"height":200},"EF/ef_slash_main/ef_slash_main_00009":{"width":240,"height":200},"EF/ef_slash_main/ef_slash_main_00010":{"width":240,"height":200},"EF/ef_slash_main/ef_slash_main_00011":{"width":240,"height":200}},"ef_slash_main2":{"EF/ef_slash_main/ef_slash_main_00001":{"width":240,"height":200},"EF/ef_slash_main/ef_slash_main_00002":{"width":240,"height":200},"EF/ef_slash_main/ef_slash_main_00003":{"width":240,"height":200},"EF/ef_slash_main/ef_slash_main_00004":{"width":240,"height":200},"EF/ef_slash_main/ef_slash_main_00005":{"width":240,"height":200},"EF/ef_slash_main/ef_slash_main_00006":{"width":240,"height":200},"EF/ef_slash_main/ef_slash_main_00007":{"width":240,"height":200},"EF/ef_slash_main/ef_slash_main_00008":{"width":240,"height":200},"EF/ef_slash_main/ef_slash_main_00009":{"width":240,"height":200},"EF/ef_slash_main/ef_slash_main_00010":{"width":240,"height":200},"EF/ef_slash_main/ef_slash_main_00011":{"width":240,"height":200}},"ef_slash_trust_main":{"EF/ef_slash_trust_main/ef_slash_trust_main_00001":{"x":50.69,"y":-0.72,"width":250,"height":200},"EF/ef_slash_trust_main/ef_slash_trust_main_00002":{"x":50.69,"y":-0.72,"width":250,"height":200},"EF/ef_slash_trust_main/ef_slash_trust_main_00003":{"x":50.69,"y":-0.72,"width":250,"height":200},"EF/ef_slash_trust_main/ef_slash_trust_main_00004":{"x":50.69,"y":-0.72,"width":250,"height":200},"EF/ef_slash_trust_main/ef_slash_trust_main_00005":{"x":50.69,"y":-0.72,"width":250,"height":200},"EF/ef_slash_trust_main/ef_slash_trust_main_00006":{"x":50.69,"y":-0.72,"width":250,"height":200},"EF/ef_slash_trust_main/ef_slash_trust_main_00007":{"x":50.69,"y":-0.72,"width":250,"height":200}},"ef_smash_attack_main":{"EF/ef_smash_attack_main/ef_smash_attack_main_00001":{"x":100.75,"y":-3.09,"scaleX":2,"scaleY":2,"width":240,"height":320},"EF/ef_smash_attack_main/ef_smash_attack_main_00002":{"x":100.75,"y":-3.09,"scaleX":2,"scaleY":2,"width":240,"height":320},"EF/ef_smash_attack_main/ef_smash_attack_main_00003":{"x":100.75,"y":-3.09,"scaleX":2,"scaleY":2,"width":240,"height":320},"EF/ef_smash_attack_main/ef_smash_attack_main_00004":{"x":100.75,"y":-3.09,"scaleX":2,"scaleY":2,"width":240,"height":320}},"ef_smash_attack_main2":{"EF/ef_smash_attack_main/ef_smash_attack_main_00001":{"x":100.75,"y":-3.09,"scaleX":2,"scaleY":2,"width":240,"height":320},"EF/ef_smash_attack_main/ef_smash_attack_main_00002":{"x":100.75,"y":-3.09,"scaleX":2,"scaleY":2,"width":240,"height":320},"EF/ef_smash_attack_main/ef_smash_attack_main_00003":{"x":100.75,"y":-3.09,"scaleX":2,"scaleY":2,"width":240,"height":320},"EF/ef_smash_attack_main/ef_smash_attack_main_00004":{"x":100.75,"y":-3.09,"scaleX":2,"scaleY":2,"width":240,"height":320}},"ef_smash_sprash_main":{"EF/ef_smash_sprash_main/ef_smash_sprash_main_00002":{"x":30.77,"width":240,"height":320},"EF/ef_smash_sprash_main/ef_smash_sprash_main_00003":{"x":30.77,"width":240,"height":320},"EF/ef_smash_sprash_main/ef_smash_sprash_main_00004":{"x":30.77,"width":240,"height":320},"EF/ef_smash_sprash_main/ef_smash_sprash_main_00005":{"x":30.77,"width":240,"height":320}},"ef_smash_sprash_main2":{"EF/ef_smash_sprash_main/ef_smash_sprash_main_00002":{"x":30.77,"width":240,"height":320},"EF/ef_smash_sprash_main/ef_smash_sprash_main_00003":{"x":30.77,"width":240,"height":320},"EF/ef_smash_sprash_main/ef_smash_sprash_main_00004":{"x":30.77,"width":240,"height":320},"EF/ef_smash_sprash_main/ef_smash_sprash_main_00005":{"x":30.77,"width":240,"height":320}},"ef_smash_wave_main":{"EF/ef_smash_wave_main/ef_smash_wave_main_00001":{"width":150,"height":250},"EF/ef_smash_wave_main/ef_smash_wave_main_00002":{"width":150,"height":250},"EF/ef_smash_wave_main/ef_smash_wave_main_00003":{"width":150,"height":250},"EF/ef_smash_wave_main/ef_smash_wave_main_00004":{"width":150,"height":250},"EF/ef_smash_wave_main/ef_smash_wave_main_00005":{"width":150,"height":250},"EF/ef_smash_wave_main/ef_smash_wave_main_00006":{"width":150,"height":250},"EF/ef_smash_wave_main/ef_smash_wave_main_00007":{"width":150,"height":250},"EF/ef_smash_wave_main/ef_smash_wave_main_00008":{"width":150,"height":250}},"ef_smash_wave_main2":{"EF/ef_smash_wave_main/ef_smash_wave_main_00001":{"width":150,"height":250},"EF/ef_smash_wave_main/ef_smash_wave_main_00002":{"width":150,"height":250},"EF/ef_smash_wave_main/ef_smash_wave_main_00003":{"width":150,"height":250},"EF/ef_smash_wave_main/ef_smash_wave_main_00004":{"width":150,"height":250},"EF/ef_smash_wave_main/ef_smash_wave_main_00005":{"width":150,"height":250},"EF/ef_smash_wave_main/ef_smash_wave_main_00006":{"width":150,"height":250},"EF/ef_smash_wave_main/ef_smash_wave_main_00007":{"width":150,"height":250},"EF/ef_smash_wave_main/ef_smash_wave_main_00008":{"width":150,"height":250}}}},"events":{"Event":{},"Event2":{},"Hit":{},"Sound1":{},"Sound2":{},"Sound3":{},"Voice":{}},"animations":{"attack1":{"slots":{"MAIN":{"attachment":[{"time":0.1,"name":"attack1_00"},{"time":0.2666,"name":"attack1_01"},{"time":0.6,"name":"attack1_02"},{"time":0.6333,"name":"attack1_03"},{"time":0.8666,"name":"attack1_04"},{"time":1,"name":"idle_00"}]},"Shadow_D":{"attachment":[{"time":0.1,"name":"shadow/Shadow_attack1_00"},{"time":0.2666,"name":"shadow/Shadow_attack1_01"},{"time":0.6,"name":"shadow/Shadow_attack1_02"},{"time":0.6333,"name":"shadow/Shadow_attack1_03"},{"time":0.8666,"name":"shadow/Shadow_attack1_04"},{"time":1,"name":"shadow/Shadow_idle_00"}]},"dot_EF1":{"attachment":[{"time":0.1,"name":"dot_EF/EF_attack1_00"},{"time":0.2666,"name":"dot_EF/EF_attack1_01"},{"time":0.6,"name":"dot_EF/EF_attack1_02"},{"time":0.6333,"name":"dot_EF/EF_attack1_03"},{"time":0.8666,"name":"dot_EF/EF_attack1_04"},{"time":1,"name":"dot_EF/EF_idle_00"}]},"ef_smash_sprash_main":{"attachment":[{"time":0.6,"name":"EF/ef_smash_sprash_main/ef_smash_sprash_main_00002"},{"time":0.6666,"name":"EF/ef_smash_sprash_main/ef_smash_sprash_main_00003"},{"time":0.7333,"name":"EF/ef_smash_sprash_main/ef_smash_sprash_main_00004"},{"time":0.8,"name":"EF/ef_smash_sprash_main/ef_smash_sprash_main_00005"},{"time":1,"name":null}],"color":[{"time":0.8,"color":"ffffffff"},{"time":1,"color":"ffffff00"}]},"ef_smash_wave_main":{"attachment":[{"time":0.6,"name":"EF/ef_smash_wave_main/ef_smash_wave_main_00001"},{"time":0.6666,"name":"EF/ef_smash_wave_main/ef_smash_wave_main_00002"},{"time":0.7,"name":"EF/ef_smash_wave_main/ef_smash_wave_main_00003"},{"time":0.7333,"name":"EF/ef_smash_wave_main/ef_smash_wave_main_00004"},{"time":0.7666,"name":"EF/ef_smash_wave_main/ef_smash_wave_main_00005"},{"time":0.8,"name":"EF/ef_smash_wave_main/ef_smash_wave_main_00006"},{"time":0.8333,"name":"EF/ef_smash_wave_main/ef_smash_wave_main_00007"},{"time":0.8666,"name":"EF/ef_smash_wave_main/ef_smash_wave_main_00008"},{"time":0.9666,"name":null}],"color":[{"time":0.8666,"color":"ffffffff"},{"time":0.9666,"color":"ffffff00"}]}},"bones":{"MAIN":{"translate":[{"time":0.6,"x":-16.22,"y":1.52,"curve":"stepped"},{"time":0.8666,"x":0,"y":0}]},"ef_smash_wave_main":{"translate":[{"time":0.6,"x":-525.47,"y":-259.69}],"scale":[{"time":0.6,"x":1,"y":1.5},{"time":0.9666,"x":1.6,"y":2.3}]},"ef_smash_sprash_main":{"translate":[{"time":0.6,"x":-625.55,"y":-452.64}],"scale":[{"time":0.6,"x":1,"y":1,"curve":[0.25,0,0.75,1]},{"time":1,"x":4,"y":2}]}},"events":[{"time":0.5666,"name":"Sound1","string":"cri_se_battle_sword_swish_heavy"},{"time":0.5666,"name":"Voice","string":"cri_245_voice_attack_random"},{"time":0.6,"name":"Event","string":"addOrbitSystemShot(SHOT,empty,1)"}]},"back":{"slots":{"MAIN":{"attachment":[{"time":0,"name":"back_00"},{"time":0.4666,"name":"idle_00"}]},"Shadow_D":{"attachment":[{"time":0,"name":"shadow/Shadow_back_00"},{"time":0.4666,"name":"shadow/Shadow_idle_00"}]},"dot_EF1":{"attachment":[{"time":0,"name":"dot_EF/EF_back_00"},{"time":0.4666,"name":"dot_EF/EF_idle_00"}]}},"bones":{"MAIN":{"translate":[{"time":0,"x":0,"y":0,"curve":[0.213,0.85,0.75,1]},{"time":0.4,"x":138,"y":0},{"time":0.6666,"x":140,"y":0}]}},"events":[{"time":0,"name":"Sound1","string":"cri_se_battle_jump"},{"time":0.4666,"name":"Sound1","string":"cri_se_battle_landing"}]},"cast":{"slots":{"MAIN":{"attachment":[{"time":0,"name":"idle_00"},{"time":0.1,"name":"attack1_00"},{"time":0.2666,"name":"attack1_01"},{"time":0.6,"name":"attack1_02"},{"time":0.6333,"name":"attack1_03"},{"time":0.8666,"name":"attack1_04"},{"time":1,"name":"idle_00"}]},"Shadow_D":{"attachment":[{"time":0,"name":"shadow/Shadow_idle_00"},{"time":0.1,"name":"shadow/Shadow_attack1_00"},{"time":0.2666,"name":"shadow/Shadow_attack1_01"},{"time":0.6,"name":"shadow/Shadow_attack1_02"},{"time":0.6333,"name":"shadow/Shadow_attack1_03"},{"time":0.8666,"name":"shadow/Shadow_attack1_04"},{"time":1,"name":"shadow/Shadow_idle_00"}]},"dot_EF1":{"attachment":[{"time":0,"name":"dot_EF/EF_idle_00"},{"time":0.1,"name":"dot_EF/EF_attack1_00"},{"time":0.2666,"name":"dot_EF/EF_attack1_01"},{"time":0.6,"name":"dot_EF/EF_attack1_02"},{"time":0.6333,"name":"dot_EF/EF_attack1_03"},{"time":0.8666,"name":"dot_EF/EF_attack1_04"},{"time":1,"name":"dot_EF/EF_idle_00"}]}},"bones":{"MAIN":{"translate":[{"time":0,"x":0,"y":0,"curve":"stepped"},{"time":0.6,"x":-16.22,"y":1.52,"curve":"stepped"},{"time":0.8666,"x":0,"y":0}]}},"events":[{"time":0.5,"name":"Voice","string":"cri_245_voice_item"}]},"damage":{"slots":{"MAIN":{"attachment":[{"time":0,"name":"damege_00"}]},"Shadow_D":{"attachment":[{"time":0,"name":"shadow/Shadow_damege_00"}]},"dot_EF1":{"attachment":[{"time":0,"name":"dot_EF/EF_damege_00"}]}}},"front":{"slots":{"MAIN":{"attachment":[{"time":0,"name":"front_00"}]},"Shadow_D":{"attachment":[{"time":0,"name":"shadow/Shadow_front_00"}]},"dot_EF1":{"attachment":[{"time":0,"name":"dot_EF/EF_front_00"}]}}},"idle":{"slots":{"MAIN":{"attachment":[{"time":0,"name":"idle_00"},{"time":0.2666,"name":"idle_01"},{"time":0.5,"name":"idle_02"},{"time":0.7666,"name":"idle_03"},{"time":1,"name":"idle_00"}]},"Shadow_D":{"attachment":[{"time":0,"name":"shadow/Shadow_idle_00"},{"time":0.2666,"name":"shadow/Shadow_idle_01"},{"time":0.5,"name":"shadow/Shadow_idle_02"},{"time":0.7666,"name":"shadow/Shadow_idle_03"},{"time":1,"name":"shadow/Shadow_idle_00"}]},"dot_EF1":{"attachment":[{"time":0,"name":"dot_EF/EF_idle_00"},{"time":0.2666,"name":"dot_EF/EF_idle_01"},{"time":0.5,"name":"dot_EF/EF_idle_02"},{"time":0.7666,"name":"dot_EF/EF_idle_03"},{"time":1,"name":"dot_EF/EF_idle_00"}]}},"events":[{"time":0,"name":"Event"},{"time":0,"name":"Event2"}]},"in":{"slots":{"MAIN":{"attachment":[{"time":0,"name":null},{"time":0.1666,"name":"idle_02"},{"time":0.5666,"name":"idle_03"},{"time":0.6666,"name":"idle_00"}],"color":[{"time":0.1666,"color":"ffffffff"}]},"MAIN2":{"attachment":[{"time":0,"name":"idle_01"},{"time":0.1666,"name":"idle_02"},{"time":0.5666,"name":"idle_03"}],"color":[{"time":0,"color":"00000000"},{"time":0.1666,"color":"000000ff","curve":[0.739,0.02,0.837,0.31]},{"time":0.5666,"color":"00000000"}]},"Shadow_D":{"attachment":[{"time":0,"name":null},{"time":0.3,"name":"shadow/Shadow_idle_ex00"},{"time":0.3333,"name":"shadow/Shadow_idle_ex01"},{"time":0.3666,"name":"shadow/Shadow_idle_ex02"},{"time":0.4,"name":"shadow/Shadow_idle_ex03"},{"time":0.4333,"name":"shadow/Shadow_idle_ex04"},{"time":0.4666,"name":"shadow/Shadow_idle_ex05"},{"time":0.5,"name":"shadow/Shadow_idle_ex06"},{"time":0.5333,"name":"shadow/Shadow_idle_00"}]},"dot_EF1":{"attachment":[{"time":0,"name":"dot_EF/EF_idle_01"},{"time":0.1666,"name":"dot_EF/EF_idle_02"},{"time":0.5,"name":"dot_EF/EF_idle_00"},{"time":0.5666,"name":"dot_EF/EF_idle_03"},{"time":0.6666,"name":"dot_EF/EF_idle_00"}],"color":[{"time":0,"color":"ffffff00","curve":[0.407,0.01,0.799,0.54]},{"time":0.6666,"color":"ffffffff"}]}},"events":[{"time":0,"name":"Event","string":"takeSummon"},{"time":0.9666,"name":"Event"}]},"skill1":{"slots":{"MAIN":{"attachment":[{"time":0,"name":"idle_00"},{"time":0.0666,"name":"attack1_00"},{"time":0.1333,"name":"skill1_00"},{"time":0.3333,"name":"skill1_01"},{"time":0.4666,"name":"skill1_02"},{"time":0.5333,"name":"skill1_03"},{"time":0.6333,"name":"skill1_04"},{"time":0.7333,"name":"skill1_03"},{"time":0.8333,"name":"skill1_04"},{"time":0.9333,"name":"skill1_03"},{"time":1.0333,"name":"skill1_04"},{"time":1.1666,"name":"skill1_03"},{"time":1.3,"name":"skill1_04"},{"time":1.4,"name":"skill1_05"},{"time":1.5,"name":"idle_02"},{"time":1.6333,"name":"idle_03"},{"time":1.7333,"name":"idle_00"}]},"Shadow_D":{"attachment":[{"time":0,"name":"shadow/Shadow_idle_00"},{"time":0.0666,"name":"shadow/Shadow_attack1_00"},{"time":0.1333,"name":"shadow/Shadow_attack1_01"},{"time":0.2333,"name":"shadow/Shadow_skill1_00"},{"time":0.3,"name":"shadow/Shadow_skill1_01"},{"time":0.3666,"name":null},{"time":1.5,"name":"shadow/Shadow_idle_ex00"},{"time":1.5333,"name":"shadow/Shadow_idle_ex01"},{"time":1.5666,"name":"shadow/Shadow_idle_ex02"},{"time":1.6,"name":"shadow/Shadow_idle_ex03"},{"time":1.6333,"name":"shadow/Shadow_idle_ex04"},{"time":1.6666,"name":"shadow/Shadow_idle_ex05"},{"time":1.7,"name":"shadow/Shadow_idle_ex06"},{"time":1.7333,"name":"shadow/Shadow_idle_00"}]},"dot_EF1":{"attachment":[{"time":0,"name":"dot_EF/EF_idle_00"},{"time":0.0666,"name":"dot_EF/EF_attack1_00"},{"time":0.1333,"name":"dot_EF/EF_attack1_01"},{"time":0.3333,"name":null},{"time":0.4666,"name":null},{"time":0.5333,"name":null},{"time":0.6,"name":null},{"time":1.4,"name":"dot_EF/EF_idle_03"},{"time":1.5,"name":"dot_EF/EF_idle_00"}]},"dragon_body_roll_main":{"attachment":[{"time":0.3666,"name":"EF/dragon_body_roll_main/dragon_body_roll_main_00001"},{"time":0.4,"name":"EF/dragon_body_roll_main/dragon_body_roll_main_00002"},{"time":0.4333,"name":"EF/dragon_body_roll_main/dragon_body_roll_main_00003"},{"time":0.4666,"name":"EF/dragon_body_roll_main/dragon_body_roll_main_00004"},{"time":0.5333,"name":null}],"color":[{"time":0.4666,"color":"ffffffff"},{"time":0.5333,"color":"ffffff00"}]},"ef_dash_main":{"attachment":[{"time":0.4666,"name":"EF/ef_dash_main/ef_dash_main_00001"},{"time":0.5,"name":"EF/ef_dash_main/ef_dash_main_00002"},{"time":0.5333,"name":"EF/ef_dash_main/ef_dash_main_00004"},{"time":0.5666,"name":"EF/ef_dash_main/ef_dash_main_00005"},{"time":0.6,"name":"EF/ef_dash_main/ef_dash_main_00006"},{"time":0.6333,"name":"EF/ef_dash_main/ef_dash_main_00007"},{"time":0.6666,"name":"EF/ef_dash_main/ef_dash_main_00008"},{"time":0.7,"name":"EF/ef_dash_main/ef_dash_main_00010"},{"time":0.7333,"name":"EF/ef_dash_main/ef_dash_main_00012"},{"time":0.8333,"name":null}],"color":[{"time":0.7333,"color":"ffffffff"},{"time":0.8333,"color":"ffffff00"}]},"ef_graund_wave_main":{"attachment":[{"time":0.4666,"name":"EF/ef_graund_wave_main/ef_graund_wave_main_00001"},{"time":0.5,"name":"EF/ef_graund_wave_main/ef_graund_wave_main_00002"},{"time":0.5333,"name":"EF/ef_graund_wave_main/ef_graund_wave_main_00003"},{"time":0.5666,"name":"EF/ef_graund_wave_main/ef_graund_wave_main_00004"},{"time":0.6,"name":"EF/ef_graund_wave_main/ef_graund_wave_main_00005"},{"time":0.6333,"name":"EF/ef_graund_wave_main/ef_graund_wave_main_00006"},{"time":0.6666,"name":"EF/ef_graund_wave_main/ef_graund_wave_main_00007"},{"time":0.7,"name":"EF/ef_graund_wave_main/ef_graund_wave_main_00008"},{"time":0.7333,"name":"EF/ef_graund_wave_main/ef_graund_wave_main_00009"},{"time":0.7666,"name":"EF/ef_graund_wave_main/ef_graund_wave_main_00010"},{"time":0.8,"name":"EF/ef_graund_wave_main/ef_graund_wave_main_00011"},{"time":0.8333,"name":"EF/ef_graund_wave_main/ef_graund_wave_main_00012"},{"time":0.8666,"name":"EF/ef_graund_wave_main/ef_graund_wave_main_00013"},{"time":0.9,"name":"EF/ef_graund_wave_main/ef_graund_wave_main_00014"},{"time":1,"name":null}],"color":[{"time":0.9,"color":"ffffffff"},{"time":1,"color":"ffffff00"}]},"ef_slash_main":{"attachment":[{"time":0.4666,"name":"EF/ef_slash_main/ef_slash_main_00001"},{"time":0.5,"name":"EF/ef_slash_main/ef_slash_main_00002"},{"time":0.5333,"name":"EF/ef_slash_main/ef_slash_main_00003"},{"time":0.5666,"name":"EF/ef_slash_main/ef_slash_main_00004"},{"time":0.6,"name":"EF/ef_slash_main/ef_slash_main_00005"},{"time":0.6333,"name":"EF/ef_slash_main/ef_slash_main_00006"},{"time":0.6666,"name":"EF/ef_slash_main/ef_slash_main_00007"},{"time":0.7,"name":"EF/ef_slash_main/ef_slash_main_00008"},{"time":0.7333,"name":"EF/ef_slash_main/ef_slash_main_00009"},{"time":0.7666,"name":"EF/ef_slash_main/ef_slash_main_00010"},{"time":0.8,"name":"EF/ef_slash_main/ef_slash_main_00011"},{"time":0.9,"name":null}],"color":[{"time":0.7333,"color":"ffffffff"},{"time":0.9,"color":"ffffff00"}]},"ef_smash_attack_main":{"attachment":[{"time":0.5,"name":"EF/ef_smash_attack_main/ef_smash_attack_main_00001"},{"time":0.5666,"name":"EF/ef_smash_attack_main/ef_smash_attack_main_00002"},{"time":0.6333,"name":"EF/ef_smash_attack_main/ef_smash_attack_main_00003"},{"time":0.7,"name":"EF/ef_smash_attack_main/ef_smash_attack_main_00004"},{"time":1,"name":null}],"color":[{"time":0.7,"color":"ffffffff","curve":[0.158,0.55,0.75,1]},{"time":1,"color":"ffffff00"}]},"ef_smash_sprash_main":{"attachment":[{"time":0.5,"name":"EF/ef_smash_sprash_main/ef_smash_sprash_main_00002"},{"time":0.5666,"name":"EF/ef_smash_sprash_main/ef_smash_sprash_main_00003"},{"time":0.6333,"name":"EF/ef_smash_sprash_main/ef_smash_sprash_main_00004"},{"time":0.7,"name":"EF/ef_smash_sprash_main/ef_smash_sprash_main_00005"},{"time":0.8666,"name":null}],"color":[{"time":0.7,"color":"ffffffff"},{"time":0.8666,"color":"ffffff00"}]},"ef_smash_wave_main":{"attachment":[{"time":0.5,"name":"EF/ef_smash_wave_main/ef_smash_wave_main_00001"},{"time":0.5666,"name":"EF/ef_smash_wave_main/ef_smash_wave_main_00002"},{"time":0.6333,"name":"EF/ef_smash_wave_main/ef_smash_wave_main_00003"},{"time":0.6666,"name":"EF/ef_smash_wave_main/ef_smash_wave_main_00004"},{"time":0.7,"name":"EF/ef_smash_wave_main/ef_smash_wave_main_00005"},{"time":0.7333,"name":"EF/ef_smash_wave_main/ef_smash_wave_main_00006"},{"time":0.7666,"name":"EF/ef_smash_wave_main/ef_smash_wave_main_00007"},{"time":0.8,"name":"EF/ef_smash_wave_main/ef_smash_wave_main_00008"},{"time":0.8333,"name":null}],"color":[{"time":0.7333,"color":"ffffffff"},{"time":0.8333,"color":"ffffff00"}]}},"bones":{"MAIN":{"translate":[{"time":0,"x":0,"y":0,"curve":"stepped"},{"time":0.0666,"x":17.98,"y":0,"curve":[0.146,0.59,0.75,1]},{"time":0.1666,"x":24.76,"y":0,"curve":"stepped"},{"time":0.3333,"x":27.86,"y":0,"curve":"stepped"},{"time":0.4666,"x":7.29,"y":0,"curve":[0.148,0.69,0.75,1]},{"time":0.8666,"x":0.38,"y":0,"curve":"stepped"},{"time":1.4,"x":13.34,"y":0,"curve":"stepped"},{"time":1.5,"x":21.12,"y":0}]},"dot_EF1":{"rotate":[{"time":0.3333,"angle":-105.02,"curve":"stepped"},{"time":0.4666,"angle":0,"curve":"stepped"},{"time":1.4,"angle":70.19,"curve":"stepped"},{"time":1.5,"angle":0}],"translate":[{"time":0.3333,"x":-72.71,"y":64.54,"curve":"stepped"},{"time":0.4666,"x":42.48,"y":0,"curve":"stepped"},{"time":1.4,"x":22.31,"y":-18.96,"curve":"stepped"},{"time":1.5,"x":0,"y":0}]},"Shadow_D":{"translate":[{"time":0.3,"x":0,"y":0,"curve":"stepped"},{"time":0.3333,"x":-40.77,"y":0,"curve":"stepped"},{"time":1.5,"x":-3.35,"y":0}]},"ef_slash_main":{"translate":[{"time":0.4666,"x":-386.49,"y":-119.04}],"scale":[{"time":0.4666,"x":2,"y":2}]},"dragon_body_roll_main":{"rotate":[{"time":0.4333,"angle":77.75},{"time":0.4666,"angle":0},{"time":0.5,"angle":74.99}],"translate":[{"time":0.3666,"x":-377.06,"y":-509.35,"curve":"stepped"},{"time":0.4,"x":-404.85,"y":-455.36,"curve":"stepped"},{"time":0.4333,"x":-404.85,"y":-455.36,"curve":"stepped"},{"time":0.4666,"x":-603.54,"y":-512.28}],"scale":[{"time":0.3666,"x":2,"y":2}]},"ef_smash_wave_main":{"translate":[{"time":0.5,"x":-544.35,"y":-199.99}],"scale":[{"time":0.5,"x":1,"y":1},{"time":0.8333,"x":2,"y":2}]},"ef_dash_main":{"translate":[{"time":0.4666,"x":-278.99,"y":0}],"scale":[{"time":0.4666,"x":1,"y":1,"curve":[0.25,0,0.754,0.43]},{"time":0.8333,"x":1.5,"y":1.5}]},"ef_graund_wave_main":{"translate":[{"time":0.4666,"x":-384.91,"y":0}],"scale":[{"time":0.4666,"x":2,"y":2}]},"ef_smash_sprash_main":{"translate":[{"time":0.5,"x":-645.24,"y":-401.39}],"scale":[{"time":0.5,"x":1,"y":1,"curve":[0.25,0,0.75,1]},{"time":0.8666,"x":2,"y":2}]},"ef_smash_attack_main":{"translate":[{"time":0.5,"x":-676.87,"y":-308.05}],"scale":[{"time":0.5,"x":1,"y":1},{"time":1,"x":1.5,"y":1.2}]}},"events":[{"time":0,"name":"Sound1","string":"cri_se_battle_Flutter"},{"time":0.3,"name":"Sound1","string":"cri_se_battle_skill_swish"},{"time":0.3,"name":"Sound3","string":"setHitSound(se_battle_thrustviolently)"},{"time":0.3,"name":"Voice","string":"cri_245_voice_skill_all"},{"time":0.4333,"name":"Event","string":"addOrbitSystem_skill1Shot1"},{"time":0.4333,"name":"Sound2","string":"cri_se_battle_magic_Invocation_dark"}]},"skill2":{"slots":{"MAIN":{"attachment":[{"time":0,"name":"idle_00"},{"time":0.0666,"name":"attack1_00"},{"time":0.1333,"name":"skill1_00"},{"time":0.4,"name":"skill2_00"},{"time":0.6666,"name":"skill2_01"},{"time":0.7666,"name":"skill2_02"},{"time":0.8333,"name":"skill2_03"},{"time":1.0666,"name":"skill2_04"},{"time":1.4333,"name":"skill2_05"},{"time":1.5,"name":"skill2_06"},{"time":1.5666,"name":"skill2_07"},{"time":1.6333,"name":"skill2_06"},{"time":1.7,"name":"skill2_07"},{"time":1.7666,"name":"skill2_06"},{"time":1.8333,"name":"skill2_07"},{"time":1.9,"name":"skill2_06"},{"time":1.9666,"name":"skill2_07"},{"time":2.0333,"name":"skill2_06"},{"time":2.1,"name":"skill2_07"},{"time":2.1666,"name":"skill2_06"},{"time":2.2333,"name":"skill2_07"},{"time":2.3333,"name":"attack1_04"},{"time":2.4666,"name":"idle_02"},{"time":2.6,"name":"idle_03"},{"time":2.7333,"name":"idle_00"}]},"Shadow_D":{"attachment":[{"time":0,"name":"shadow/Shadow_idle_00"},{"time":0.0666,"name":"shadow/Shadow_attack1_00"},{"time":0.1333,"name":"shadow/Shadow_attack1_01"},{"time":0.2,"name":"shadow/Shadow_skill1_00"},{"time":0.2666,"name":"shadow/Shadow_skill1_01"},{"time":0.3333,"name":null},{"time":2.5,"name":"shadow/Shadow_idle_ex00"},{"time":2.5333,"name":"shadow/Shadow_idle_ex01"},{"time":2.5666,"name":"shadow/Shadow_idle_ex02"},{"time":2.6,"name":"shadow/Shadow_idle_ex03"},{"time":2.6333,"name":"shadow/Shadow_idle_ex04"},{"time":2.6666,"name":"shadow/Shadow_idle_ex05"},{"time":2.7,"name":"shadow/Shadow_idle_ex06"},{"time":2.7333,"name":"shadow/Shadow_idle_00"}]},"dot_EF1":{"attachment":[{"time":0,"name":"dot_EF/EF_idle_00"},{"time":0.0666,"name":"dot_EF/EF_attack1_00"},{"time":0.1333,"name":"dot_EF/EF_attack1_01"},{"time":0.4,"name":"dot_EF/EF_skill2_00"},{"time":0.4666,"name":"dot_EF/EF_skill2_01"},{"time":0.5333,"name":null},{"time":0.7666,"name":"dot_EF/EF_skill2_02"},{"time":0.8666,"name":"dot_EF/EF_skill2_03"},{"time":0.9333,"name":null},{"time":1.0666,"name":"dot_EF/EF_skill3_06"},{"time":1.2,"name":"dot_EF/EF_skill2_04"},{"time":1.4333,"name":"dot_EF/EF_skill2_05"},{"time":1.5,"name":"dot_EF/EF_skill3_08"},{"time":1.5666,"name":"dot_EF/EF_skill3_09"},{"time":1.6333,"name":null},{"time":2.3333,"name":"dot_EF/EF_attack1_04"},{"time":2.5,"name":"dot_EF/EF_idle_00"}]},"dragon_body_roll_main":{"attachment":[{"time":0.3333,"name":"EF/dragon_body_roll_main/dragon_body_roll_main_00001"},{"time":0.3666,"name":"EF/dragon_body_roll_main/dragon_body_roll_main_00002"},{"time":0.4,"name":"EF/dragon_body_roll_main/dragon_body_roll_main_00003"},{"time":0.4333,"name":"EF/dragon_body_roll_main/dragon_body_roll_main_00004"},{"time":0.4666,"name":null}]},"ef_dash_main":{"attachment":[{"time":0.4,"name":"EF/ef_dash_main/ef_dash_main_00001"},{"time":0.4333,"name":"EF/ef_dash_main/ef_dash_main_00002"},{"time":0.4666,"name":"EF/ef_dash_main/ef_dash_main_00004"},{"time":0.5,"name":"EF/ef_dash_main/ef_dash_main_00005"},{"time":0.5333,"name":"EF/ef_dash_main/ef_dash_main_00006"},{"time":0.5666,"name":"EF/ef_dash_main/ef_dash_main_00007"},{"time":0.6,"name":"EF/ef_dash_main/ef_dash_main_00008"},{"time":0.6333,"name":"EF/ef_dash_main/ef_dash_main_00010"},{"time":0.6666,"name":"EF/ef_dash_main/ef_dash_main_00012"},{"time":0.7666,"name":null}],"color":[{"time":0.6666,"color":"ffffffff"},{"time":0.7666,"color":"ffffff00"}]},"ef_graund_wave_main":{"attachment":[{"time":0.4,"name":"EF/ef_graund_wave_main/ef_graund_wave_main_00001"},{"time":0.4333,"name":"EF/ef_graund_wave_main/ef_graund_wave_main_00002"},{"time":0.4666,"name":"EF/ef_graund_wave_main/ef_graund_wave_main_00003"},{"time":0.5,"name":"EF/ef_graund_wave_main/ef_graund_wave_main_00004"},{"time":0.5333,"name":"EF/ef_graund_wave_main/ef_graund_wave_main_00005"},{"time":0.5666,"name":"EF/ef_graund_wave_main/ef_graund_wave_main_00006"},{"time":0.6,"name":"EF/ef_graund_wave_main/ef_graund_wave_main_00007"},{"time":0.6333,"name":"EF/ef_graund_wave_main/ef_graund_wave_main_00008"},{"time":0.6666,"name":"EF/ef_graund_wave_main/ef_graund_wave_main_00009"},{"time":0.7,"name":"EF/ef_graund_wave_main/ef_graund_wave_main_00010"},{"time":0.7333,"name":"EF/ef_graund_wave_main/ef_graund_wave_main_00011"},{"time":0.7666,"name":"EF/ef_graund_wave_main/ef_graund_wave_main_00012"},{"time":0.8,"name":"EF/ef_graund_wave_main/ef_graund_wave_main_00013"},{"time":0.8333,"name":"EF/ef_graund_wave_main/ef_graund_wave_main_00014"},{"time":0.9,"name":null},{"time":1.5333,"name":"EF/ef_graund_wave_main/ef_graund_wave_main_00001"},{"time":1.5666,"name":"EF/ef_graund_wave_main/ef_graund_wave_main_00002"},{"time":1.6,"name":"EF/ef_graund_wave_main/ef_graund_wave_main_00003"},{"time":1.6333,"name":"EF/ef_graund_wave_main/ef_graund_wave_main_00004"},{"time":1.6666,"name":"EF/ef_graund_wave_main/ef_graund_wave_main_00005"},{"time":1.7,"name":"EF/ef_graund_wave_main/ef_graund_wave_main_00006"},{"time":1.7333,"name":"EF/ef_graund_wave_main/ef_graund_wave_main_00007"},{"time":1.7666,"name":"EF/ef_graund_wave_main/ef_graund_wave_main_00008"},{"time":1.8,"name":"EF/ef_graund_wave_main/ef_graund_wave_main_00009"},{"time":1.8333,"name":"EF/ef_graund_wave_main/ef_graund_wave_main_00010"},{"time":1.8666,"name":"EF/ef_graund_wave_main/ef_graund_wave_main_00011"},{"time":1.9,"name":"EF/ef_graund_wave_main/ef_graund_wave_main_00012"},{"time":1.9333,"name":"EF/ef_graund_wave_main/ef_graund_wave_main_00013"},{"time":1.9666,"name":"EF/ef_graund_wave_main/ef_graund_wave_main_00014"},{"time":2.0333,"name":null}],"color":[{"time":0.8333,"color":"ffffffff"},{"time":0.9,"color":"ffffff00","curve":"stepped"},{"time":1.5333,"color":"ffffffff","curve":"stepped"},{"time":1.9666,"color":"ffffffff"},{"time":2.0333,"color":"ffffff00"}]},"ef_graund_wave_main2":{"attachment":[{"time":0.7666,"name":"EF/ef_graund_wave_main/ef_graund_wave_main_00001"},{"time":0.8,"name":"EF/ef_graund_wave_main/ef_graund_wave_main_00002"},{"time":0.8333,"name":"EF/ef_graund_wave_main/ef_graund_wave_main_00003"},{"time":0.8666,"name":"EF/ef_graund_wave_main/ef_graund_wave_main_00004"},{"time":0.9,"name":"EF/ef_graund_wave_main/ef_graund_wave_main_00005"},{"time":0.9333,"name":"EF/ef_graund_wave_main/ef_graund_wave_main_00006"},{"time":0.9666,"name":"EF/ef_graund_wave_main/ef_graund_wave_main_00007"},{"time":1,"name":"EF/ef_graund_wave_main/ef_graund_wave_main_00008"},{"time":1.0333,"name":"EF/ef_graund_wave_main/ef_graund_wave_main_00009"},{"time":1.0666,"name":"EF/ef_graund_wave_main/ef_graund_wave_main_00010"},{"time":1.1,"name":"EF/ef_graund_wave_main/ef_graund_wave_main_00011"},{"time":1.1333,"name":"EF/ef_graund_wave_main/ef_graund_wave_main_00012"},{"time":1.1666,"name":"EF/ef_graund_wave_main/ef_graund_wave_main_00013"},{"time":1.2,"name":"EF/ef_graund_wave_main/ef_graund_wave_main_00014"},{"time":1.3333,"name":null},{"time":1.6333,"name":"EF/ef_graund_wave_main/ef_graund_wave_main_00001"},{"time":1.6666,"name":"EF/ef_graund_wave_main/ef_graund_wave_main_00002"},{"time":1.7,"name":"EF/ef_graund_wave_main/ef_graund_wave_main_00003"},{"time":1.7333,"name":"EF/ef_graund_wave_main/ef_graund_wave_main_00004"},{"time":1.7666,"name":"EF/ef_graund_wave_main/ef_graund_wave_main_00005"},{"time":1.8,"name":"EF/ef_graund_wave_main/ef_graund_wave_main_00006"},{"time":1.8333,"name":"EF/ef_graund_wave_main/ef_graund_wave_main_00007"},{"time":1.8666,"name":"EF/ef_graund_wave_main/ef_graund_wave_main_00008"},{"time":1.9,"name":"EF/ef_graund_wave_main/ef_graund_wave_main_00009"},{"time":1.9333,"name":"EF/ef_graund_wave_main/ef_graund_wave_main_00010"},{"time":1.9666,"name":"EF/ef_graund_wave_main/ef_graund_wave_main_00011"},{"time":2,"name":"EF/ef_graund_wave_main/ef_graund_wave_main_00012"},{"time":2.0333,"name":"EF/ef_graund_wave_main/ef_graund_wave_main_00013"},{"time":2.0666,"name":"EF/ef_graund_wave_main/ef_graund_wave_main_00014"},{"time":2.1333,"name":null}],"color":[{"time":1.2,"color":"ffffffff"},{"time":1.3333,"color":"ffffff00","curve":"stepped"},{"time":1.6333,"color":"ffffffff","curve":"stepped"},{"time":2.0666,"color":"ffffffff"},{"time":2.1333,"color":"ffffff00"}]},"ef_graund_wave_main3":{"attachment":[{"time":1.7333,"name":"EF/ef_graund_wave_main/ef_graund_wave_main_00001"},{"time":1.7666,"name":"EF/ef_graund_wave_main/ef_graund_wave_main_00002"},{"time":1.8,"name":"EF/ef_graund_wave_main/ef_graund_wave_main_00003"},{"time":1.8333,"name":"EF/ef_graund_wave_main/ef_graund_wave_main_00004"},{"time":1.8666,"name":"EF/ef_graund_wave_main/ef_graund_wave_main_00005"},{"time":1.9,"name":"EF/ef_graund_wave_main/ef_graund_wave_main_00006"},{"time":1.9333,"name":"EF/ef_graund_wave_main/ef_graund_wave_main_00007"},{"time":1.9666,"name":"EF/ef_graund_wave_main/ef_graund_wave_main_00008"},{"time":2,"name":"EF/ef_graund_wave_main/ef_graund_wave_main_00009"},{"time":2.0333,"name":"EF/ef_graund_wave_main/ef_graund_wave_main_00010"},{"time":2.0666,"name":"EF/ef_graund_wave_main/ef_graund_wave_main_00011"},{"time":2.1,"name":"EF/ef_graund_wave_main/ef_graund_wave_main_00012"},{"time":2.1333,"name":"EF/ef_graund_wave_main/ef_graund_wave_main_00013"},{"time":2.1666,"name":"EF/ef_graund_wave_main/ef_graund_wave_main_00014"},{"time":2.2333,"name":null}],"color":[{"time":1.7333,"color":"ffffffff","curve":"stepped"},{"time":2.1666,"color":"ffffffff"},{"time":2.2333,"color":"ffffff00"}]},"ef_graund_wave_main4":{"attachment":[{"time":1.8333,"name":"EF/ef_graund_wave_main/ef_graund_wave_main_00001"},{"time":1.8666,"name":"EF/ef_graund_wave_main/ef_graund_wave_main_00002"},{"time":1.9,"name":"EF/ef_graund_wave_main/ef_graund_wave_main_00003"},{"time":1.9333,"name":"EF/ef_graund_wave_main/ef_graund_wave_main_00004"},{"time":1.9666,"name":"EF/ef_graund_wave_main/ef_graund_wave_main_00005"},{"time":2,"name":"EF/ef_graund_wave_main/ef_graund_wave_main_00006"},{"time":2.0333,"name":"EF/ef_graund_wave_main/ef_graund_wave_main_00007"},{"time":2.0666,"name":"EF/ef_graund_wave_main/ef_graund_wave_main_00008"},{"time":2.1,"name":"EF/ef_graund_wave_main/ef_graund_wave_main_00009"},{"time":2.1333,"name":"EF/ef_graund_wave_main/ef_graund_wave_main_00010"},{"time":2.1666,"name":"EF/ef_graund_wave_main/ef_graund_wave_main_00011"},{"time":2.2,"name":"EF/ef_graund_wave_main/ef_graund_wave_main_00012"},{"time":2.2333,"name":"EF/ef_graund_wave_main/ef_graund_wave_main_00013"},{"time":2.2666,"name":"EF/ef_graund_wave_main/ef_graund_wave_main_00014"},{"time":2.3333,"name":null}],"color":[{"time":1.8333,"color":"ffffffff","curve":"stepped"},{"time":2.2666,"color":"ffffffff"},{"time":2.3333,"color":"ffffff00"}]},"ef_graund_wave_main5":{"attachment":[{"time":1.9333,"name":"EF/ef_graund_wave_main/ef_graund_wave_main_00001"},{"time":1.9666,"name":"EF/ef_graund_wave_main/ef_graund_wave_main_00002"},{"time":2,"name":"EF/ef_graund_wave_main/ef_graund_wave_main_00003"},{"time":2.0333,"name":"EF/ef_graund_wave_main/ef_graund_wave_main_00004"},{"time":2.0666,"name":"EF/ef_graund_wave_main/ef_graund_wave_main_00005"},{"time":2.1,"name":"EF/ef_graund_wave_main/ef_graund_wave_main_00006"},{"time":2.1333,"name":"EF/ef_graund_wave_main/ef_graund_wave_main_00007"},{"time":2.1666,"name":"EF/ef_graund_wave_main/ef_graund_wave_main_00008"},{"time":2.2,"name":"EF/ef_graund_wave_main/ef_graund_wave_main_00009"},{"time":2.2333,"name":"EF/ef_graund_wave_main/ef_graund_wave_main_00010"},{"time":2.2666,"name":"EF/ef_graund_wave_main/ef_graund_wave_main_00011"},{"time":2.3,"name":"EF/ef_graund_wave_main/ef_graund_wave_main_00012"},{"time":2.3333,"name":"EF/ef_graund_wave_main/ef_graund_wave_main_00013"},{"time":2.3666,"name":"EF/ef_graund_wave_main/ef_graund_wave_main_00014"},{"time":2.4333,"name":null}],"color":[{"time":1.9333,"color":"ffffffff","curve":"stepped"},{"time":2.3666,"color":"ffffffff"},{"time":2.4333,"color":"ffffff00"}]},"ef_graund_wave_main6":{"attachment":[{"time":2.0333,"name":"EF/ef_graund_wave_main/ef_graund_wave_main_00001"},{"time":2.0666,"name":"EF/ef_graund_wave_main/ef_graund_wave_main_00002"},{"time":2.1,"name":"EF/ef_graund_wave_main/ef_graund_wave_main_00003"},{"time":2.1333,"name":"EF/ef_graund_wave_main/ef_graund_wave_main_00004"},{"time":2.1666,"name":"EF/ef_graund_wave_main/ef_graund_wave_main_00005"},{"time":2.2,"name":"EF/ef_graund_wave_main/ef_graund_wave_main_00006"},{"time":2.2333,"name":"EF/ef_graund_wave_main/ef_graund_wave_main_00007"},{"time":2.2666,"name":"EF/ef_graund_wave_main/ef_graund_wave_main_00008"},{"time":2.3,"name":"EF/ef_graund_wave_main/ef_graund_wave_main_00009"},{"time":2.3333,"name":"EF/ef_graund_wave_main/ef_graund_wave_main_00010"},{"time":2.3666,"name":"EF/ef_graund_wave_main/ef_graund_wave_main_00011"},{"time":2.4,"name":"EF/ef_graund_wave_main/ef_graund_wave_main_00012"},{"time":2.4333,"name":"EF/ef_graund_wave_main/ef_graund_wave_main_00013"},{"time":2.4666,"name":"EF/ef_graund_wave_main/ef_graund_wave_main_00014"},{"time":2.5333,"name":null}],"color":[{"time":2.0333,"color":"ffffffff","curve":"stepped"},{"time":2.4666,"color":"ffffffff"},{"time":2.5333,"color":"ffffff00"}]},"ef_slash_trust_main":{"attachment":[{"time":1.4333,"name":"EF/ef_slash_trust_main/ef_slash_trust_main_00001"},{"time":1.4666,"name":"EF/ef_slash_trust_main/ef_slash_trust_main_00002"},{"time":1.5,"name":"EF/ef_slash_trust_main/ef_slash_trust_main_00003"},{"time":1.5333,"name":"EF/ef_slash_trust_main/ef_slash_trust_main_00004"},{"time":1.5666,"name":"EF/ef_slash_trust_main/ef_slash_trust_main_00005"},{"time":1.6,"name":"EF/ef_slash_trust_main/ef_slash_trust_main_00006"},{"time":1.6333,"name":"EF/ef_slash_trust_main/ef_slash_trust_main_00007"},{"time":1.7333,"name":null}],"color":[{"time":1.6333,"color":"ffffffff"},{"time":1.7333,"color":"ffffff00"}]},"ef_smash_attack_main":{"attachment":[{"time":0.4333,"name":"EF/ef_smash_attack_main/ef_smash_attack_main_00001"},{"time":0.4666,"name":"EF/ef_smash_attack_main/ef_smash_attack_main_00002"},{"time":0.5,"name":"EF/ef_smash_attack_main/ef_smash_attack_main_00003"},{"time":0.5666,"name":"EF/ef_smash_attack_main/ef_smash_attack_main_00004"},{"time":0.7666,"name":null}],"color":[{"time":0.5666,"color":"ffffffff","curve":[0.158,0.55,0.75,1]},{"time":0.7666,"color":"ffffff00"}]},"ef_smash_sprash_main":{"attachment":[{"time":0.4333,"name":"EF/ef_smash_sprash_main/ef_smash_sprash_main_00002"},{"time":0.5,"name":"EF/ef_smash_sprash_main/ef_smash_sprash_main_00003"},{"time":0.5666,"name":"EF/ef_smash_sprash_main/ef_smash_sprash_main_00004"},{"time":0.6333,"name":"EF/ef_smash_sprash_main/ef_smash_sprash_main_00005"},{"time":0.8,"name":null},{"time":1.4333,"name":"EF/ef_smash_sprash_main/ef_smash_sprash_main_00002"},{"time":1.5,"name":"EF/ef_smash_sprash_main/ef_smash_sprash_main_00003"},{"time":1.5666,"name":"EF/ef_smash_sprash_main/ef_smash_sprash_main_00004"},{"time":1.6333,"name":"EF/ef_smash_sprash_main/ef_smash_sprash_main_00005"},{"time":1.8,"name":null}],"color":[{"time":0.6333,"color":"ffffffff"},{"time":0.8,"color":"ffffff00","curve":"stepped"},{"time":1.4333,"color":"ffffffff","curve":"stepped"},{"time":1.6333,"color":"ffffffff"},{"time":1.8,"color":"ffffff00"}]},"ef_smash_wave_main":{"attachment":[{"time":0.4333,"name":"EF/ef_smash_wave_main/ef_smash_wave_main_00001"},{"time":0.4666,"name":"EF/ef_smash_wave_main/ef_smash_wave_main_00002"},{"time":0.5,"name":"EF/ef_smash_wave_main/ef_smash_wave_main_00003"},{"time":0.5333,"name":"EF/ef_smash_wave_main/ef_smash_wave_main_00004"},{"time":0.5666,"name":"EF/ef_smash_wave_main/ef_smash_wave_main_00005"},{"time":0.6,"name":"EF/ef_smash_wave_main/ef_smash_wave_main_00006"},{"time":0.6333,"name":"EF/ef_smash_wave_main/ef_smash_wave_main_00007"},{"time":0.6666,"name":"EF/ef_smash_wave_main/ef_smash_wave_main_00008"},{"time":0.7666,"name":null},{"time":1.4333,"name":"EF/ef_smash_wave_main/ef_smash_wave_main_00001"},{"time":1.5333,"name":"EF/ef_smash_wave_main/ef_smash_wave_main_00002"},{"time":1.5666,"name":"EF/ef_smash_wave_main/ef_smash_wave_main_00003"},{"time":1.6,"name":"EF/ef_smash_wave_main/ef_smash_wave_main_00004"},{"time":1.6333,"name":"EF/ef_smash_wave_main/ef_smash_wave_main_00005"},{"time":1.6666,"name":"EF/ef_smash_wave_main/ef_smash_wave_main_00006"},{"time":1.7,"name":"EF/ef_smash_wave_main/ef_smash_wave_main_00007"},{"time":1.7333,"name":"EF/ef_smash_wave_main/ef_smash_wave_main_00008"},{"time":1.7666,"name":null}],"color":[{"time":0.6666,"color":"ffffffff"},{"time":0.7666,"color":"ffffff00","curve":"stepped"},{"time":1.4333,"color":"ffffffff","curve":"stepped"},{"time":1.6666,"color":"ffffffff"},{"time":1.7666,"color":"ffffff00"}]}},"bones":{"MAIN":{"translate":[{"time":0,"x":0,"y":0,"curve":"stepped"},{"time":0.0666,"x":17.98,"y":0,"curve":[0.146,0.59,0.75,1]},{"time":0.1666,"x":24.76,"y":0,"curve":"stepped"},{"time":0.4,"x":8.26,"y":0,"curve":[0.279,0.34,0.62,0.67]},{"time":0.4333,"x":-1.05,"y":0,"curve":[0.315,0.55,0.758,1]},{"time":0.5666,"x":4.73,"y":0,"curve":"stepped"},{"time":0.7666,"x":4.73,"y":0},{"time":0.8,"x":10.41,"y":0,"curve":[0.08,0.54,0.75,1]},{"time":0.8666,"x":1.2,"y":0,"curve":"stepped"},{"time":1.0666,"x":0.58,"y":-6.24,"curve":"stepped"},{"time":2.3333,"x":15.89,"y":0,"curve":"stepped"},{"time":2.4666,"x":0,"y":0}]},"dot_EF1":{"rotate":[{"time":0,"angle":0}],"translate":[{"time":0,"x":0,"y":0,"curve":"stepped"},{"time":1.0666,"x":35.37,"y":4.61,"curve":"stepped"},{"time":1.2,"x":0,"y":0,"curve":"stepped"},{"time":1.5,"x":29.1,"y":0,"curve":"stepped"},{"time":2.3333,"x":0,"y":0}]},"ef_dash_main":{"translate":[{"time":0.4,"x":-284.79,"y":0}]},"ef_graund_wave_main":{"translate":[{"time":0.4,"x":-390.21,"y":-6.41,"curve":"stepped"},{"time":1.5333,"x":-458.77,"y":-9.34}],"scale":[{"time":0.4,"x":1.5,"y":1.5},{"time":0.9,"x":1.6,"y":1.6,"curve":"stepped"},{"time":1.5333,"x":1.1,"y":1.1},{"time":2.0333,"x":1.2,"y":1.2}]},"ef_smash_wave_main":{"rotate":[{"time":0.4333,"angle":0,"curve":"stepped"},{"time":1.4333,"angle":-103.15}],"translate":[{"time":0.4333,"x":-532.06,"y":-211.96,"curve":"stepped"},{"time":1.4333,"x":-476.98,"y":-298.69}],"scale":[{"time":0.4333,"x":1,"y":1},{"time":0.7666,"x":2,"y":2,"curve":"stepped"},{"time":1.4333,"x":1,"y":1},{"time":1.7666,"x":3,"y":3}]},"dragon_body_roll_main":{"translate":[{"time":0.3333,"x":-391.21,"y":-500.89,"curve":"stepped"},{"time":0.4,"x":-632.32,"y":-511.61}]},"ef_graund_wave_main2":{"translate":[{"time":0.7666,"x":-396.4,"y":-4.38,"curve":"stepped"},{"time":1.6333,"x":-458.77,"y":-9.34}],"scale":[{"time":0.7666,"x":1.5,"y":1.5},{"time":1.3333,"x":1.6,"y":1.6,"curve":"stepped"},{"time":1.6333,"x":1.1,"y":1.1},{"time":2.1333,"x":1.2,"y":1.2}]},"ef_graund_wave_main3":{"translate":[{"time":1.7333,"x":-458.77,"y":-9.34}],"scale":[{"time":1.7333,"x":1.1,"y":1.1},{"time":2.2333,"x":1.2,"y":1.2}]},"ef_graund_wave_main4":{"translate":[{"time":1.8333,"x":-458.77,"y":-9.34}],"scale":[{"time":1.8333,"x":1.1,"y":1.1},{"time":2.3333,"x":1.2,"y":1.2}]},"ef_graund_wave_main5":{"translate":[{"time":1.9333,"x":-458.77,"y":-9.34}],"scale":[{"time":1.9333,"x":1.1,"y":1.1},{"time":2.4333,"x":1.2,"y":1.2}]},"ef_graund_wave_main6":{"translate":[{"time":2.0333,"x":-458.77,"y":-9.34}],"scale":[{"time":2.0333,"x":1.1,"y":1.1},{"time":2.5333,"x":1.2,"y":1.2}]},"ef_smash_sprash_main":{"rotate":[{"time":0.4333,"angle":7.81,"curve":"stepped"},{"time":1.4333,"angle":77.64}],"translate":[{"time":0.4333,"x":-632.13,"y":-412.61,"curve":"stepped"},{"time":1.4333,"x":-570.35,"y":-479.86}],"scale":[{"time":0.4333,"x":1,"y":1},{"time":0.8,"x":2,"y":2,"curve":"stepped"},{"time":1.4333,"x":1,"y":1},{"time":1.8,"x":2,"y":2}]},"ef_smash_attack_main":{"rotate":[{"time":0.4333,"angle":-5.54}],"translate":[{"time":0.4333,"x":-657.93,"y":-311.05}],"scale":[{"time":0.4333,"x":0.8,"y":0.8},{"time":0.7666,"x":1.4,"y":1.2}]},"ef_slash_trust_main":{"rotate":[{"time":1.4333,"angle":65.02}],"translate":[{"time":1.4333,"x":-589.74,"y":-311.12}],"scale":[{"time":1.4333,"x":2,"y":2},{"time":1.7333,"x":2.2,"y":2.2}]}},"drawOrder":[{"time":1.4333,"offsets":[{"slot":"ef_smash_wave_main","offset":-6}]}],"events":[{"time":0,"name":"Sound1","string":"cri_se_battle_Flutter"},{"time":0,"name":"Voice","string":"cri_245_voice_fullarts_now"},{"time":0.2,"name":"Event2"},{"time":0.2,"name":"Sound1","string":"cri_se_battle_skill_swish"},{"time":0.3666,"name":"Sound1","string":"cri_se_battle_skill_shot"},{"time":0.3666,"name":"Sound2","string":"cri_se_battle_magic_Invocation_dark"},{"time":0.3666,"name":"Sound3","string":"setHitSound(se_battle_thrustviolently)"},{"time":0.4333,"name":"Event","string":"addOrbitSystem_skill2Shot1"},{"time":0.7333,"name":"Sound1","string":"cri_se_battle_skill_shot"},{"time":1.3666,"name":"Sound3","string":"setHitSound(se_battle_007_attack_hit_01)"},{"time":1.3666,"name":"Voice","string":"cri_245_voice_fullarts_rank5"},{"time":1.4,"name":"Sound1","string":"cri_se_battle_skill_shot"},{"time":1.4,"name":"Sound2","string":"cri_se_battle_037_explosion_element_05"},{"time":1.4333,"name":"Event","string":"addOrbitSystem_skill2Shot3"}]}}}