{"skeleton":{"hash":"HxljmLPhUyPXe3R5GamHzF21kZU","spine":"3.0.12","width":0,"height":0,"images":"./images/"},"bones":[{"name":"root"},{"name":"MAIN","parent":"root"},{"name":"grid","parent":"MAIN"},{"name":"EF_S2_wind2","parent":"MAIN","x":-500,"y":-100,"scaleX":12,"scaleY":12,"color":"9b0500ff"},{"name":"EF_S2_wind1","parent":"MAIN","x":-500,"scaleX":5,"scaleY":5,"color":"9b0500ff"},{"name":"EF_S2_wave2","parent":"MAIN","x":-400,"color":"9b000eff"},{"name":"EF_S2_wave","parent":"MAIN","x":-400,"color":"9b000eff"},{"name":"EF_S2_shine","parent":"MAIN","x":-100,"y":-100,"scaleX":1.15,"scaleY":1.15,"color":"ff0000ff"},{"name":"EF_S2_rock2_3","parent":"MAIN","x":-300,"y":-100,"scaleX":1.5,"scaleY":1.5,"color":"9b0009ff"},{"name":"EF_S2_rock2_2","parent":"MAIN","x":-300,"y":-100,"scaleX":1.5,"scaleY":1.5,"color":"9b0009ff"},{"name":"EF_S2_rock2_1","parent":"MAIN","x":-300,"y":-100,"scaleX":1.5,"scaleY":1.5,"color":"9b0009ff"},{"name":"EF_S2_rock1_2","parent":"MAIN","x":-300,"scaleX":2.5,"scaleY":2.5,"color":"9b0009ff"},{"name":"EF_S2_rock1_1","parent":"MAIN","x":-300,"scaleX":2.5,"scaleY":2.5,"color":"9b0009ff"},{"name":"EF_S2_dome","parent":"MAIN","x":-100,"scaleX":0.8,"scaleY":0.8,"color":"ff0000ff"},{"name":"EF_S2_attack1","parent":"MAIN","x":-200,"scaleX":2.5,"scaleY":2.5,"color":"ff0000ff"},{"name":"EF_S1_wave2","parent":"MAIN","x":200,"scaleX":2.5,"scaleY":2.5,"color":"ff6f00ff"},{"name":"EF_S1_wave1","parent":"MAIN","x":200,"scaleX":2.5,"scaleY":2.5,"color":"ff6f00ff"},{"name":"EF_S1_fire1","parent":"MAIN","x":100,"scaleX":2.5,"scaleY":2.5,"color":"ff6a00ff"},{"name":"EF_S1_dust","parent":"MAIN","x":200,"y":-100,"scaleX":2.5,"scaleY":2.5,"color":"ff6a00ff"},{"name":"EF_S1_attack2_2","parent":"MAIN","x":200,"y":-300,"scaleX":2.5,"scaleY":2.5,"color":"ff6a00ff"},{"name":"EF_S1_attack2_1","parent":"MAIN","x":200,"y":-300,"scaleX":2.5,"scaleY":2.5,"color":"ff6a00ff"},{"name":"EF_S1_attack3","parent":"MAIN","x":200,"y":-400,"scaleX":2.5,"scaleY":2.5,"color":"ff6a00ff"},{"name":"EF_S1_attack1","parent":"MAIN","x":200,"y":-200,"scaleX":2.5,"scaleY":2.5,"color":"ff6a00ff"},{"name":"EF_A1_fire4","parent":"MAIN","x":400,"y":-200,"scaleX":3,"scaleY":3,"color":"ff00ddff"},{"name":"EF_A1_fire3","parent":"MAIN","x":400,"y":-100,"scaleX":2.5,"scaleY":2.5,"color":"ff00ddff"},{"name":"EF_A1_fire2","parent":"MAIN","x":400,"y":2,"scaleX":2.5,"scaleY":2.5,"color":"ff00ddff"},{"name":"EF_A1_fire1","parent":"MAIN","x":300,"scaleX":2,"scaleY":2,"color":"ff00ddff"},{"name":"DAMAGEAREA","parent":"root"}],"slots":[{"name":"grid/UI","bone":"grid","color":"ffffff38"},{"name":"grid/grid","bone":"grid"},{"name":"EF/1070_S2_dome1/1070_S2_dome1_00003","bone":"EF_S2_dome","blend":"additive"},{"name":"EF/950_S2_dome2/950_S2_dome2_00002","bone":"EF_S2_dome","blend":"additive"},{"name":"EF/1070_S2_wave1/1070_S2_wave1_00003","bone":"EF_S1_wave1","blend":"additive"},{"name":"EF/1070_S2_wave1/1070_S2_wave1_3","bone":"EF_S1_wave2","blend":"additive"},{"name":"EF/140_S2_dusty1/140_S2_dusty1_00000","bone":"EF_S1_dust","blend":"additive"},{"name":"EF/440_A1_fire1/440_A1_fire1_00002","bone":"EF_A1_fire1","blend":"additive"},{"name":"EF/440_A1_fire2/440_A1_fire2_00001","bone":"EF_A1_fire2","blend":"additive"},{"name":"EF/440_A1_fire3/440_A1_fire3_00004","bone":"EF_A1_fire3","blend":"additive"},{"name":"EF/440_A1_fire4/440_A1_fire4_00005","bone":"EF_A1_fire4","blend":"additive"},{"name":"EF/440_A2_fire1/440_A2_fire1_00000","bone":"EF_S1_fire1","blend":"additive"},{"name":"EF/440_S2_shine1/440_S2_shine1_00008","bone":"EF_S2_shine","blend":"additive"},{"name":"EF/5170_S1_attack1/5170_S1_attack1_00002","bone":"EF_S2_attack1","blend":"additive"},{"name":"EF/5170_S1_attack2/5170_S1_attack2_00001","bone":"EF_S1_attack1","blend":"additive"},{"name":"EF/5170_S1_attack3/5170_S1_attack3_00002","bone":"EF_S1_attack2_1","blend":"additive"},{"name":"EF/5170_S1_attack3/5170_S1_attack3_2","bone":"EF_S1_attack2_2","blend":"additive"},{"name":"EF/5170_S1_attack4/5170_S1_attack4_00001","bone":"EF_S1_attack3","blend":"additive"},{"name":"EF/5170_S1_wave1/5170_S1_wave1_00000","bone":"EF_S2_wave","blend":"additive"},{"name":"EF/5170_S1_wave1/5170_S1_wave1_0","bone":"EF_S2_wave2","blend":"additive"},{"name":"EF/9020_wind2/9020_wind2_00000","bone":"EF_S2_wind1","blend":"additive"},{"name":"EF/9020_wind4/9020_wind4_00005","bone":"EF_S2_wind2","blend":"additive"},{"name":"EF/690_S2_rock1/690_S2_rock1_00002","bone":"EF_S2_rock1_1"},{"name":"EF/690_S2_rock1/690_S2_rock1_2","bone":"EF_S2_rock1_2"},{"name":"EF/690_S2_rock2/690_S2_rock2_00004","bone":"EF_S2_rock2_1"},{"name":"EF/690_S2_rock2/690_S2_rock2_5","bone":"EF_S2_rock2_3"},{"name":"EF/690_S2_rock2/690_S2_rock2_4","bone":"EF_S2_rock2_2"},{"name":"DAMAGEAREA","bone":"DAMAGEAREA"}],"skins":{"default":{"DAMAGEAREA":{"DAMAGEAREA":{"type":"boundingbox","vertices":[-99.11082,97.9783,-99.11082,-100.67159,98.16916,-97.93159,99.53902,96.60831,0,0,0,0,0,0,0,0]}},"EF/1070_S2_dome1/1070_S2_dome1_00003":{"EF/1070_S2_dome1/1070_S2_dome1_00003":{"y":18.35,"width":250,"height":250},"EF/1070_S2_dome1/1070_S2_dome1_00005":{"y":18.35,"width":250,"height":250},"EF/1070_S2_dome1/1070_S2_dome1_00007":{"y":18.35,"width":250,"height":250},"EF/1070_S2_dome1/1070_S2_dome1_00009":{"y":18.35,"width":250,"height":250},"EF/1070_S2_dome1/1070_S2_dome1_00011":{"y":18.35,"width":250,"height":250},"EF/1070_S2_dome1/1070_S2_dome1_00013":{"y":18.35,"width":250,"height":250},"EF/1070_S2_dome1/1070_S2_dome1_00015":{"y":18.35,"width":250,"height":250}},"EF/1070_S2_wave1/1070_S2_wave1_00003":{"EF/1070_S2_wave1/1070_S2_wave1_00003":{"width":200,"height":200},"EF/1070_S2_wave1/1070_S2_wave1_00006":{"width":200,"height":200},"EF/1070_S2_wave1/1070_S2_wave1_00008":{"width":200,"height":200},"EF/1070_S2_wave1/1070_S2_wave1_00010":{"width":200,"height":200}},"EF/1070_S2_wave1/1070_S2_wave1_3":{"EF/1070_S2_wave1/1070_S2_wave1_00003":{"width":200,"height":200},"EF/1070_S2_wave1/1070_S2_wave1_00006":{"width":200,"height":200},"EF/1070_S2_wave1/1070_S2_wave1_00008":{"width":200,"height":200},"EF/1070_S2_wave1/1070_S2_wave1_00010":{"width":200,"height":200}},"EF/140_S2_dusty1/140_S2_dusty1_00000":{"EF/140_S2_dusty1/140_S2_dusty1_00000":{"width":200,"height":200},"EF/140_S2_dusty1/140_S2_dusty1_00002":{"width":200,"height":200},"EF/140_S2_dusty1/140_S2_dusty1_00004":{"width":200,"height":200},"EF/140_S2_dusty1/140_S2_dusty1_00006":{"width":200,"height":200},"EF/140_S2_dusty1/140_S2_dusty1_00008":{"width":200,"height":200},"EF/140_S2_dusty1/140_S2_dusty1_00009":{"width":200,"height":200},"EF/140_S2_dusty1/140_S2_dusty1_00011":{"width":200,"height":200},"EF/140_S2_dusty1/140_S2_dusty1_00013":{"width":200,"height":200},"EF/140_S2_dusty1/140_S2_dusty1_00014":{"width":200,"height":200},"EF/140_S2_dusty1/140_S2_dusty1_00016":{"width":200,"height":200}},"EF/440_A1_fire1/440_A1_fire1_00002":{"EF/440_A1_fire1/440_A1_fire1_00002":{"x":10.14,"y":-1.24,"width":250,"height":250},"EF/440_A1_fire1/440_A1_fire1_00004":{"x":24.02,"y":-1.24,"width":250,"height":250},"EF/440_A1_fire1/440_A1_fire1_00006":{"x":38.98,"y":-1.24,"width":250,"height":250},"EF/440_A1_fire1/440_A1_fire1_00008":{"x":54.19,"y":-1.24,"width":250,"height":250},"EF/440_A1_fire1/440_A1_fire1_00010":{"x":55.07,"y":-1.24,"width":250,"height":250},"EF/440_A1_fire1/440_A1_fire1_00011":{"x":54.19,"y":-1.24,"width":250,"height":250},"EF/440_A1_fire1/440_A1_fire1_00013":{"x":48.93,"y":-1.24,"width":250,"height":250}},"EF/440_A1_fire2/440_A1_fire2_00001":{"EF/440_A1_fire2/440_A1_fire2_00001":{"width":250,"height":250},"EF/440_A1_fire2/440_A1_fire2_00003":{"width":250,"height":250},"EF/440_A1_fire2/440_A1_fire2_00005":{"width":250,"height":250},"EF/440_A1_fire2/440_A1_fire2_00007":{"width":250,"height":250},"EF/440_A1_fire2/440_A1_fire2_00009":{"width":250,"height":250},"EF/440_A1_fire2/440_A1_fire2_00010":{"width":250,"height":250},"EF/440_A1_fire2/440_A1_fire2_00011":{"width":250,"height":250}},"EF/440_A1_fire3/440_A1_fire3_00004":{"EF/440_A1_fire3/440_A1_fire3_00004":{"y":16.64,"width":250,"height":250},"EF/440_A1_fire3/440_A1_fire3_00006":{"y":16.64,"width":250,"height":250},"EF/440_A1_fire3/440_A1_fire3_00008":{"y":16.64,"width":250,"height":250},"EF/440_A1_fire3/440_A1_fire3_00010":{"y":16.64,"width":250,"height":250},"EF/440_A1_fire3/440_A1_fire3_00012":{"y":16.64,"width":250,"height":250},"EF/440_A1_fire3/440_A1_fire3_00014":{"y":16.64,"width":250,"height":250},"EF/440_A1_fire3/440_A1_fire3_00015":{"y":16.64,"width":250,"height":250}},"EF/440_A1_fire4/440_A1_fire4_00005":{"EF/440_A1_fire4/440_A1_fire4_00005":{"width":200,"height":200},"EF/440_A1_fire4/440_A1_fire4_00007":{"width":200,"height":200},"EF/440_A1_fire4/440_A1_fire4_00009":{"width":200,"height":200},"EF/440_A1_fire4/440_A1_fire4_00011":{"width":200,"height":200},"EF/440_A1_fire4/440_A1_fire4_00013":{"width":200,"height":200},"EF/440_A1_fire4/440_A1_fire4_00015":{"width":200,"height":200},"EF/440_A1_fire4/440_A1_fire4_00017":{"width":200,"height":200}},"EF/440_A2_fire1/440_A2_fire1_00000":{"EF/440_A2_fire1/440_A2_fire1_00000":{"x":-25.6,"width":250,"height":250},"EF/440_A2_fire1/440_A2_fire1_00002":{"x":-25.6,"width":250,"height":250},"EF/440_A2_fire1/440_A2_fire1_00004":{"x":-25.6,"width":250,"height":250},"EF/440_A2_fire1/440_A2_fire1_00006":{"x":-25.6,"width":250,"height":250},"EF/440_A2_fire1/440_A2_fire1_00008":{"x":-25.6,"width":250,"height":250},"EF/440_A2_fire1/440_A2_fire1_00010":{"x":-25.6,"width":250,"height":250},"EF/440_A2_fire1/440_A2_fire1_00012":{"x":-25.6,"width":250,"height":250},"EF/440_A2_fire1/440_A2_fire1_00014":{"x":-25.6,"width":250,"height":250},"EF/440_A2_fire1/440_A2_fire1_00016":{"x":-25.6,"width":250,"height":250},"EF/440_A2_fire1/440_A2_fire1_00018":{"x":-25.6,"width":250,"height":250},"EF/440_A2_fire1/440_A2_fire1_00020":{"x":-25.6,"width":250,"height":250},"EF/440_A2_fire1/440_A2_fire1_00021":{"x":-25.6,"width":250,"height":250}},"EF/440_S2_shine1/440_S2_shine1_00008":{"EF/440_S2_shine1/440_S2_shine1_00008":{"y":44.73,"width":175,"height":175},"EF/440_S2_shine1/440_S2_shine1_00011":{"y":44.73,"width":175,"height":175},"EF/440_S2_shine1/440_S2_shine1_00013":{"y":44.73,"width":175,"height":175},"EF/440_S2_shine1/440_S2_shine1_00016":{"y":44.73,"width":175,"height":175},"EF/440_S2_shine1/440_S2_shine1_00018":{"y":44.73,"width":175,"height":175},"EF/440_S2_shine1/440_S2_shine1_00020":{"y":44.73,"width":175,"height":175},"EF/440_S2_shine1/440_S2_shine1_00022":{"y":44.73,"width":175,"height":175},"EF/440_S2_shine1/440_S2_shine1_00024":{"y":44.73,"width":175,"height":175}},"EF/5170_S1_attack1/5170_S1_attack1_00002":{"EF/5170_S1_attack1/5170_S1_attack1_00002":{"x":-56.23,"width":300,"height":300}},"EF/5170_S1_attack2/5170_S1_attack2_00001":{"EF/5170_S1_attack2/5170_S1_attack2_00001":{"x":40.74,"width":200,"height":200},"EF/5170_S1_attack2/5170_S1_attack2_00002":{"x":40.74,"width":200,"height":200}},"EF/5170_S1_attack3/5170_S1_attack3_00002":{"EF/5170_S1_attack3/5170_S1_attack3_00002":{"x":33.41,"width":200,"height":200},"EF/5170_S1_attack3/5170_S1_attack3_00003":{"x":33.41,"width":200,"height":200}},"EF/5170_S1_attack3/5170_S1_attack3_2":{"EF/5170_S1_attack3/5170_S1_attack3_00002":{"x":33.41,"width":200,"height":200},"EF/5170_S1_attack3/5170_S1_attack3_00003":{"x":33.41,"width":200,"height":200}},"EF/5170_S1_attack4/5170_S1_attack4_00001":{"EF/5170_S1_attack4/5170_S1_attack4_00001":{"x":47.75,"width":200,"height":200},"EF/5170_S1_attack4/5170_S1_attack4_00003":{"x":47.75,"width":200,"height":200},"EF/5170_S1_attack4/5170_S1_attack4_00006":{"x":47.75,"width":200,"height":200},"EF/5170_S1_attack4/5170_S1_attack4_00008":{"x":47.75,"width":200,"height":200}},"EF/5170_S1_wave1/5170_S1_wave1_0":{"EF/5170_S1_wave1/5170_S1_wave1_00000":{"x":-1.95,"rotation":-90,"width":250,"height":250},"EF/5170_S1_wave1/5170_S1_wave1_00002":{"x":-1.95,"rotation":-90,"width":250,"height":250},"EF/5170_S1_wave1/5170_S1_wave1_00004":{"x":-1.95,"rotation":-90,"width":250,"height":250}},"EF/5170_S1_wave1/5170_S1_wave1_00000":{"EF/5170_S1_wave1/5170_S1_wave1_00000":{"x":-1.95,"rotation":-90,"width":250,"height":250},"EF/5170_S1_wave1/5170_S1_wave1_00002":{"x":-1.95,"rotation":-90,"width":250,"height":250},"EF/5170_S1_wave1/5170_S1_wave1_00004":{"x":-1.95,"rotation":-90,"width":250,"height":250}},"EF/690_S2_rock1/690_S2_rock1_00002":{"EF/690_S2_rock1/690_S2_rock1_00002":{"x":3.17,"y":54.97,"width":150,"height":150}},"EF/690_S2_rock1/690_S2_rock1_2":{"EF/690_S2_rock1/690_S2_rock1_00002":{"x":3.17,"y":54.97,"width":150,"height":150}},"EF/690_S2_rock2/690_S2_rock2_00004":{"EF/690_S2_rock2/690_S2_rock2_00004":{"x":-8.09,"y":121.03,"width":200,"height":200}},"EF/690_S2_rock2/690_S2_rock2_4":{"EF/690_S2_rock2/690_S2_rock2_00004":{"x":-8.09,"y":121.03,"width":200,"height":200}},"EF/690_S2_rock2/690_S2_rock2_5":{"EF/690_S2_rock2/690_S2_rock2_00004":{"x":-8.09,"y":121.03,"width":200,"height":200}},"EF/9020_wind2/9020_wind2_00000":{"EF/9020_wind2/9020_wind2_00000":{"width":105,"height":105},"EF/9020_wind2/9020_wind2_00002":{"width":105,"height":105},"EF/9020_wind2/9020_wind2_00004":{"width":105,"height":105}},"EF/9020_wind4/9020_wind4_00005":{"EF/9020_wind4/9020_wind4_00005":{"width":80,"height":142},"EF/9020_wind4/9020_wind4_00006":{"width":80,"height":142},"EF/9020_wind4/9020_wind4_00007":{"width":80,"height":142}},"EF/950_S2_dome2/950_S2_dome2_00002":{"EF/950_S2_dome2/950_S2_dome2_00002":{"x":0.02,"y":17.02,"width":250,"height":250},"EF/950_S2_dome2/950_S2_dome2_00004":{"x":0.02,"y":17.02,"width":250,"height":250},"EF/950_S2_dome2/950_S2_dome2_00006":{"x":0.02,"y":17.02,"width":250,"height":250},"EF/950_S2_dome2/950_S2_dome2_00008":{"x":0.02,"y":17.02,"width":250,"height":250},"EF/950_S2_dome2/950_S2_dome2_00010":{"x":0.02,"y":17.02,"width":250,"height":250},"EF/950_S2_dome2/950_S2_dome2_00012":{"x":0.02,"y":17.02,"width":250,"height":250},"EF/950_S2_dome2/950_S2_dome2_00014":{"x":0.02,"y":17.02,"width":250,"height":250}}}},"events":{"EFEvent":{},"EFEvent2":{"float":0.05,"string":"kHitStopType_enemyonly"},"EFHit":{},"Sound_1":{}},"animations":{"1-attack1":{},"1-skill1":{"slots":{"EF/1070_S2_wave1/1070_S2_wave1_00003":{"attachment":[{"time":0.9333,"name":"EF/1070_S2_wave1/1070_S2_wave1_00003"},{"time":1,"name":"EF/1070_S2_wave1/1070_S2_wave1_00006"},{"time":1.0666,"name":"EF/1070_S2_wave1/1070_S2_wave1_00008"},{"time":1.1333,"name":"EF/1070_S2_wave1/1070_S2_wave1_00010"},{"time":1.2333,"name":null}],"color":[{"time":1.1333,"color":"ffffffff"},{"time":1.2333,"color":"ffffff00"}]},"EF/140_S2_dusty1/140_S2_dusty1_00000":{"attachment":[{"time":0.9333,"name":"EF/140_S2_dusty1/140_S2_dusty1_00000"},{"time":1,"name":"EF/140_S2_dusty1/140_S2_dusty1_00002"},{"time":1.0666,"name":"EF/140_S2_dusty1/140_S2_dusty1_00004"},{"time":1.1333,"name":"EF/140_S2_dusty1/140_S2_dusty1_00006"},{"time":1.2,"name":"EF/140_S2_dusty1/140_S2_dusty1_00008"},{"time":1.2666,"name":"EF/140_S2_dusty1/140_S2_dusty1_00009"},{"time":1.3333,"name":"EF/140_S2_dusty1/140_S2_dusty1_00011"},{"time":1.4,"name":"EF/140_S2_dusty1/140_S2_dusty1_00013"},{"time":1.4666,"name":"EF/140_S2_dusty1/140_S2_dusty1_00014"},{"time":1.5333,"name":"EF/140_S2_dusty1/140_S2_dusty1_00016"},{"time":1.6,"name":null}]},"EF/440_A1_fire3/440_A1_fire3_00004":{"attachment":[{"time":0.9333,"name":"EF/440_A1_fire3/440_A1_fire3_00004"},{"time":1,"name":"EF/440_A1_fire3/440_A1_fire3_00006"},{"time":1.0666,"name":"EF/440_A1_fire3/440_A1_fire3_00008"},{"time":1.1333,"name":"EF/440_A1_fire3/440_A1_fire3_00010"},{"time":1.2,"name":"EF/440_A1_fire3/440_A1_fire3_00012"},{"time":1.2666,"name":"EF/440_A1_fire3/440_A1_fire3_00014"},{"time":1.3333,"name":"EF/440_A1_fire3/440_A1_fire3_00015"},{"time":1.4,"name":null}]},"EF/440_A1_fire4/440_A1_fire4_00005":{"attachment":[{"time":1.9333,"name":"EF/440_A1_fire4/440_A1_fire4_00009"},{"time":2,"name":"EF/440_A1_fire4/440_A1_fire4_00011"},{"time":2.0666,"name":"EF/440_A1_fire4/440_A1_fire4_00013"},{"time":2.1333,"name":"EF/440_A1_fire4/440_A1_fire4_00015"},{"time":2.2,"name":"EF/440_A1_fire4/440_A1_fire4_00017"},{"time":2.2666,"name":null}]},"EF/440_A2_fire1/440_A2_fire1_00000":{"attachment":[{"time":1.8333,"name":"EF/440_A2_fire1/440_A2_fire1_00000"},{"time":1.9,"name":"EF/440_A2_fire1/440_A2_fire1_00010"},{"time":1.9666,"name":"EF/440_A2_fire1/440_A2_fire1_00012"},{"time":2.0333,"name":"EF/440_A2_fire1/440_A2_fire1_00014"},{"time":2.1,"name":"EF/440_A2_fire1/440_A2_fire1_00016"},{"time":2.1666,"name":"EF/440_A2_fire1/440_A2_fire1_00018"},{"time":2.2333,"name":"EF/440_A2_fire1/440_A2_fire1_00020"},{"time":2.3,"name":"EF/440_A2_fire1/440_A2_fire1_00021"},{"time":2.3666,"name":null}]},"EF/5170_S1_attack2/5170_S1_attack2_00001":{"attachment":[{"time":0.9333,"name":"EF/5170_S1_attack2/5170_S1_attack2_00001"},{"time":1,"name":"EF/5170_S1_attack2/5170_S1_attack2_00002"},{"time":1.0666,"name":null}]},"EF/5170_S1_attack4/5170_S1_attack4_00001":{"attachment":[{"time":1.0666,"name":"EF/5170_S1_attack4/5170_S1_attack4_00001"},{"time":1.1333,"name":"EF/5170_S1_attack4/5170_S1_attack4_00003"},{"time":1.2,"name":"EF/5170_S1_attack4/5170_S1_attack4_00006"},{"time":1.2666,"name":"EF/5170_S1_attack4/5170_S1_attack4_00008"},{"time":1.3333,"name":null}]},"EF/690_S2_rock1/690_S2_rock1_00002":{"attachment":[{"time":0.9333,"name":"EF/690_S2_rock1/690_S2_rock1_00002"},{"time":1.1,"name":null}],"color":[{"time":1,"color":"ffffffff"},{"time":1.1,"color":"ffffff00"}]}},"bones":{"EF_S1_attack1":{"rotate":[{"time":0.9333,"angle":90}],"translate":[{"time":0.9333,"x":-429.36,"y":186.25}]},"EF_S1_attack3":{"rotate":[{"time":1.0666,"angle":90}],"translate":[{"time":1.0666,"x":-424.52,"y":399.12}]},"EF_S1_dust":{"translate":[{"time":0.9333,"x":-420.89,"y":116.11}]},"EF_S1_wave1":{"translate":[{"time":0.9333,"x":-425.73,"y":52}],"scale":[{"time":0.9333,"x":1,"y":1},{"time":1.2,"x":1.118,"y":1.118}]},"EF_S2_rock1_1":{"translate":[{"time":0.9333,"x":74.98,"y":0}],"scale":[{"time":0.9333,"x":1,"y":1},{"time":1.0666,"x":1.238,"y":1.238},{"time":1.1333,"x":1.26,"y":1.26}]},"EF_A1_fire3":{"translate":[{"time":0.9333,"x":-631.34,"y":95.54}]},"EF_S1_fire1":{"translate":[{"time":1.8333,"x":-462.67,"y":53.36},{"time":1.9666,"x":-470.85,"y":17.93}],"scale":[{"time":1.8333,"x":1.333,"y":1.333}]},"EF_A1_fire4":{"translate":[{"time":1.9333,"x":-946.66,"y":165.84}],"scale":[{"time":1.9333,"x":1.166,"y":1.066}]}},"events":[{"time":1.8333,"name":"Sound_1"}]},"1-skill2":{"slots":{"EF/1070_S2_dome1/1070_S2_dome1_00003":{"attachment":[{"time":1.6333,"name":"EF/1070_S2_dome1/1070_S2_dome1_00003"},{"time":1.7666,"name":"EF/1070_S2_dome1/1070_S2_dome1_00005"},{"time":1.8333,"name":"EF/1070_S2_dome1/1070_S2_dome1_00007"},{"time":1.9,"name":"EF/1070_S2_dome1/1070_S2_dome1_00009"},{"time":1.9666,"name":"EF/1070_S2_dome1/1070_S2_dome1_00011"},{"time":2.0333,"name":"EF/1070_S2_dome1/1070_S2_dome1_00013"},{"time":2.1,"name":"EF/1070_S2_dome1/1070_S2_dome1_00015"},{"time":2.1666,"name":"EF/1070_S2_dome1/1070_S2_dome1_00005"},{"time":2.2333,"name":"EF/1070_S2_dome1/1070_S2_dome1_00007"},{"time":2.3,"name":"EF/1070_S2_dome1/1070_S2_dome1_00009"},{"time":2.3666,"name":null}],"color":[{"time":2.1,"color":"ffffffff"},{"time":2.3333,"color":"ffffff00"}]},"EF/1070_S2_wave1/1070_S2_wave1_00003":{"attachment":[{"time":0.5,"name":"EF/1070_S2_wave1/1070_S2_wave1_00003"},{"time":0.5666,"name":"EF/1070_S2_wave1/1070_S2_wave1_00006"},{"time":0.6333,"name":"EF/1070_S2_wave1/1070_S2_wave1_00008"},{"time":0.7,"name":"EF/1070_S2_wave1/1070_S2_wave1_00010"},{"time":0.8333,"name":null},{"time":1.1,"name":"EF/1070_S2_wave1/1070_S2_wave1_00003"},{"time":1.1333,"name":"EF/1070_S2_wave1/1070_S2_wave1_00003"},{"time":1.1666,"name":"EF/1070_S2_wave1/1070_S2_wave1_00006"},{"time":1.2,"name":"EF/1070_S2_wave1/1070_S2_wave1_00008"},{"time":1.2333,"name":"EF/1070_S2_wave1/1070_S2_wave1_00010"},{"time":1.2666,"name":null},{"time":1.7333,"name":"EF/1070_S2_wave1/1070_S2_wave1_00003"},{"time":1.7666,"name":"EF/1070_S2_wave1/1070_S2_wave1_00006"},{"time":1.8,"name":"EF/1070_S2_wave1/1070_S2_wave1_00008"},{"time":1.8333,"name":"EF/1070_S2_wave1/1070_S2_wave1_00010"},{"time":1.8666,"name":null},{"time":1.9,"name":"EF/1070_S2_wave1/1070_S2_wave1_00003"},{"time":1.9333,"name":"EF/1070_S2_wave1/1070_S2_wave1_00006"},{"time":1.9666,"name":"EF/1070_S2_wave1/1070_S2_wave1_00008"},{"time":2,"name":"EF/1070_S2_wave1/1070_S2_wave1_00010"},{"time":2.0666,"name":null}],"color":[{"time":0.6666,"color":"ffffffff"},{"time":0.8333,"color":"ffffff00","curve":"stepped"},{"time":1.1,"color":"ffffffff"}]},"EF/1070_S2_wave1/1070_S2_wave1_3":{"attachment":[{"time":1.1333,"name":"EF/1070_S2_wave1/1070_S2_wave1_00003"},{"time":1.2,"name":"EF/1070_S2_wave1/1070_S2_wave1_00006"},{"time":1.2666,"name":null}]},"EF/140_S2_dusty1/140_S2_dusty1_00000":{"attachment":[{"time":1.7,"name":"EF/140_S2_dusty1/140_S2_dusty1_00000"},{"time":1.7666,"name":"EF/140_S2_dusty1/140_S2_dusty1_00002"},{"time":1.8333,"name":"EF/140_S2_dusty1/140_S2_dusty1_00004"},{"time":1.9,"name":"EF/140_S2_dusty1/140_S2_dusty1_00006"},{"time":1.9666,"name":"EF/140_S2_dusty1/140_S2_dusty1_00008"},{"time":2.0333,"name":"EF/140_S2_dusty1/140_S2_dusty1_00014"},{"time":2.1,"name":"EF/140_S2_dusty1/140_S2_dusty1_00016"},{"time":2.1666,"name":null}]},"EF/440_S2_shine1/440_S2_shine1_00008":{"attachment":[{"time":1.2333,"name":"EF/440_S2_shine1/440_S2_shine1_00008"},{"time":1.3666,"name":"EF/440_S2_shine1/440_S2_shine1_00011"},{"time":1.4666,"name":"EF/440_S2_shine1/440_S2_shine1_00013"},{"time":1.5666,"name":"EF/440_S2_shine1/440_S2_shine1_00016"},{"time":1.6666,"name":"EF/440_S2_shine1/440_S2_shine1_00018"},{"time":1.7333,"name":"EF/440_S2_shine1/440_S2_shine1_00020"},{"time":1.8,"name":"EF/440_S2_shine1/440_S2_shine1_00022"},{"time":1.8666,"name":"EF/440_S2_shine1/440_S2_shine1_00024"},{"time":1.9333,"name":null}]},"EF/5170_S1_attack1/5170_S1_attack1_00002":{"attachment":[{"time":0.5,"name":"EF/5170_S1_attack1/5170_S1_attack1_00002"},{"time":0.6666,"name":null}],"color":[{"time":0.5,"color":"ffffff5e"},{"time":0.5666,"color":"ffffffff"},{"time":0.6666,"color":"ffffff00"}]},"EF/5170_S1_attack2/5170_S1_attack2_00001":{"attachment":[{"time":0.5,"name":"EF/5170_S1_attack2/5170_S1_attack2_00002"}],"color":[{"time":0.5,"color":"ffffffff"},{"time":0.6666,"color":"ffffff00"}]},"EF/5170_S1_attack3/5170_S1_attack3_00002":{"attachment":[{"time":0.5,"name":"EF/5170_S1_attack3/5170_S1_attack3_00002"},{"time":0.6333,"name":"EF/5170_S1_attack3/5170_S1_attack3_00003"},{"time":0.7333,"name":null},{"time":1.1,"name":"EF/5170_S1_attack3/5170_S1_attack3_00002"},{"time":1.2,"name":"EF/5170_S1_attack3/5170_S1_attack3_00003"},{"time":1.3,"name":null}],"color":[{"time":0.6,"color":"ffffffff"},{"time":0.7333,"color":"ffffff00","curve":"stepped"},{"time":1.1,"color":"ffffffff","curve":"stepped"},{"time":1.2,"color":"ffffffff"},{"time":1.3,"color":"ffffff00"}]},"EF/5170_S1_attack3/5170_S1_attack3_2":{"attachment":[{"time":1.1333,"name":"EF/5170_S1_attack3/5170_S1_attack3_00002"},{"time":1.2,"name":"EF/5170_S1_attack3/5170_S1_attack3_00003"},{"time":1.2666,"name":null}]},"EF/5170_S1_attack4/5170_S1_attack4_00001":{"attachment":[{"time":0.5666,"name":"EF/5170_S1_attack4/5170_S1_attack4_00001"},{"time":0.6333,"name":"EF/5170_S1_attack4/5170_S1_attack4_00003"},{"time":0.7,"name":"EF/5170_S1_attack4/5170_S1_attack4_00006"},{"time":0.7666,"name":"EF/5170_S1_attack4/5170_S1_attack4_00008"},{"time":0.8333,"name":null},{"time":1.2333,"name":"EF/5170_S1_attack4/5170_S1_attack4_00001"},{"time":1.2666,"name":"EF/5170_S1_attack4/5170_S1_attack4_00003"},{"time":1.3,"name":"EF/5170_S1_attack4/5170_S1_attack4_00006"},{"time":1.3333,"name":"EF/5170_S1_attack4/5170_S1_attack4_00008"},{"time":1.3666,"name":null}]},"EF/5170_S1_wave1/5170_S1_wave1_00000":{"attachment":[{"time":0.5666,"name":"EF/5170_S1_wave1/5170_S1_wave1_00000"},{"time":0.6333,"name":"EF/5170_S1_wave1/5170_S1_wave1_00002"},{"time":0.7,"name":"EF/5170_S1_wave1/5170_S1_wave1_00004"},{"time":0.7666,"name":null},{"time":1.1,"name":"EF/5170_S1_wave1/5170_S1_wave1_00000"},{"time":1.1666,"name":"EF/5170_S1_wave1/5170_S1_wave1_00002"},{"time":1.2333,"name":"EF/5170_S1_wave1/5170_S1_wave1_00004"},{"time":1.3,"name":null}]},"EF/5170_S1_wave1/5170_S1_wave1_0":{"attachment":[{"time":1.1333,"name":"EF/5170_S1_wave1/5170_S1_wave1_00000"},{"time":1.2,"name":"EF/5170_S1_wave1/5170_S1_wave1_00004"},{"time":1.2666,"name":null}]},"EF/690_S2_rock1/690_S2_rock1_00002":{"attachment":[{"time":1.7,"name":"EF/690_S2_rock1/690_S2_rock1_00002"},{"time":1.8333,"name":null}]},"EF/690_S2_rock1/690_S2_rock1_2":{"attachment":[{"time":1.7,"name":"EF/690_S2_rock1/690_S2_rock1_00002"},{"time":1.8333,"name":null}]},"EF/950_S2_dome2/950_S2_dome2_00002":{"attachment":[{"time":1.9,"name":"EF/950_S2_dome2/950_S2_dome2_00002"},{"time":1.9333,"name":"EF/950_S2_dome2/950_S2_dome2_00004"},{"time":1.9666,"name":"EF/950_S2_dome2/950_S2_dome2_00006"},{"time":2,"name":"EF/950_S2_dome2/950_S2_dome2_00008"},{"time":2.0333,"name":"EF/950_S2_dome2/950_S2_dome2_00010"},{"time":2.0666,"name":"EF/950_S2_dome2/950_S2_dome2_00012"},{"time":2.1,"name":"EF/950_S2_dome2/950_S2_dome2_00014"},{"time":2.1333,"name":"EF/950_S2_dome2/950_S2_dome2_00002"},{"time":2.1666,"name":"EF/950_S2_dome2/950_S2_dome2_00004"},{"time":2.2,"name":"EF/950_S2_dome2/950_S2_dome2_00006"},{"time":2.2333,"name":"EF/950_S2_dome2/950_S2_dome2_00008"},{"time":2.2666,"name":"EF/950_S2_dome2/950_S2_dome2_00010"},{"time":2.3,"name":null}],"color":[{"time":2,"color":"ffffffff"},{"time":2.2,"color":"ffffff00"}]}},"bones":{"EF_S2_attack1":{"rotate":[{"time":0.5,"angle":-83.44}],"translate":[{"time":0.5,"x":211.24,"y":279.69},{"time":0.6666,"x":186.26,"y":450.57}],"scale":[{"time":0.5,"x":0.8,"y":0.8},{"time":0.6666,"x":0.96,"y":0.2}]},"EF_S1_wave1":{"rotate":[{"time":0.5,"angle":6.34,"curve":"stepped"},{"time":1.1,"angle":165.68,"curve":"stepped"},{"time":1.7333,"angle":0}],"translate":[{"time":0.5,"x":-204.13,"y":376.27},{"time":0.6333,"x":-222.03,"y":537.33,"curve":"stepped"},{"time":1.1,"x":-354.59,"y":360.94},{"time":1.2333,"x":-405.9,"y":171.1,"curve":"stepped"},{"time":1.7333,"x":-474.08,"y":141.88}],"scale":[{"time":0.5,"x":0.68,"y":1.64},{"time":0.7666,"x":1.28,"y":3,"curve":"stepped"},{"time":1.1,"x":1.319,"y":-2.76,"curve":"stepped"},{"time":1.7333,"x":2.72,"y":2.679}]},"EF_S1_attack1":{"rotate":[{"time":0.5,"angle":-84.15}],"translate":[{"time":0.5,"x":-210.95,"y":643.92},{"time":0.6333,"x":-235.22,"y":850.36}],"scale":[{"time":0.5,"x":1,"y":1},{"time":0.6333,"x":1.28,"y":1.319}]},"EF_S1_attack2_1":{"rotate":[{"time":0.5,"angle":-81.11},{"time":0.7333,"angle":-83.34,"curve":"stepped"},{"time":1.1,"angle":70.81}],"translate":[{"time":0.5,"x":-202.86,"y":680.9},{"time":0.7333,"x":-234.86,"y":956.82,"curve":"stepped"},{"time":1.1,"x":-362.51,"y":680.82},{"time":1.3,"x":-476.48,"y":289.76}],"scale":[{"time":0.5,"x":0.719,"y":0.719},{"time":0.7333,"x":1.4,"y":1.6,"curve":"stepped"},{"time":1.1333,"x":1.2,"y":0.96},{"time":1.2666,"x":2.639,"y":2.16}]},"EF_S1_attack3":{"rotate":[{"time":0.5666,"angle":-82.9,"curve":"stepped"},{"time":1.2333,"angle":75.23}],"translate":[{"time":0.5666,"x":-231.52,"y":977.09},{"time":0.8333,"x":-240.87,"y":1052,"curve":"stepped"},{"time":1.2333,"x":-406.8,"y":651.3}],"scale":[{"time":0.5666,"x":0.76,"y":0.76,"curve":"stepped"},{"time":1.2333,"x":1.4,"y":1.4}]},"EF_S2_wave":{"rotate":[{"time":0.5666,"angle":8.13,"curve":"stepped"},{"time":1.1,"angle":164.74}],"translate":[{"time":0.5666,"x":406.23,"y":340.26,"curve":"stepped"},{"time":1.1,"x":267.18,"y":467.25},{"time":1.2333,"x":208.75,"y":227.72}],"scale":[{"time":0.5666,"x":2.3,"y":4.7},{"time":0.7333,"x":4,"y":8.1,"curve":"stepped"},{"time":1.1,"x":1.2,"y":3.7},{"time":1.2333,"x":4.8,"y":7.2}]},"EF_S2_wave2":{"rotate":[{"time":1.1333,"angle":-11.2}],"translate":[{"time":1.1333,"x":294.97,"y":507.14}],"scale":[{"time":1.1333,"x":4.7,"y":4.7}]},"EF_S1_wave2":{"rotate":[{"time":1.1333,"angle":-13.84}],"translate":[{"time":1.1333,"x":-338.09,"y":379.49}],"scale":[{"time":1.1333,"x":2.8,"y":4.359},{"time":1.2,"x":2.32,"y":3.6}]},"EF_S1_attack2_2":{"rotate":[{"time":1.1333,"angle":70.1}],"translate":[{"time":1.1333,"x":-322.63,"y":750.2,"curve":"stepped"},{"time":1.2,"x":-350.03,"y":674.5}],"scale":[{"time":1.1333,"x":1.72,"y":1.439,"curve":"stepped"},{"time":1.2,"x":2.679,"y":2.2}]},"EF_S2_shine":{"translate":[{"time":1.2333,"x":-163.25,"y":84}],"scale":[{"time":1.2333,"x":1.4,"y":0.4},{"time":1.4333,"x":3.7,"y":3.5}]},"EF_S2_dome":{"translate":[{"time":1.6333,"x":-163.25,"y":-41.2}],"scale":[{"time":1.6333,"x":0.5,"y":0.5},{"time":1.7,"x":2.9,"y":2.9},{"time":1.7666,"x":4.2,"y":4.2}]},"EF_S1_dust":{"translate":[{"time":1.7,"x":-464.4,"y":131.55}],"scale":[{"time":1.7,"x":2,"y":2}]},"EF_S2_rock1_1":{"translate":[{"time":1.7,"x":-88.76,"y":-33.28}],"scale":[{"time":1.7,"x":0.8,"y":0.8},{"time":1.8333,"x":1.879,"y":1.879}]},"EF_S2_rock1_2":{"translate":[{"time":1.7,"x":109.36,"y":-58.64}],"scale":[{"time":1.7,"x":0.8,"y":0.8},{"time":1.8333,"x":1.879,"y":1.879}]}},"events":[{"time":1.1,"name":"Sound_1"}]},"2-attack1":{},"2-skill1":{"slots":{"EF/1070_S2_wave1/1070_S2_wave1_00003":{"attachment":[{"time":0.9333,"name":"EF/1070_S2_wave1/1070_S2_wave1_00003"},{"time":1,"name":"EF/1070_S2_wave1/1070_S2_wave1_00006"},{"time":1.0666,"name":"EF/1070_S2_wave1/1070_S2_wave1_00008"},{"time":1.1333,"name":"EF/1070_S2_wave1/1070_S2_wave1_00010"},{"time":1.2333,"name":null}],"color":[{"time":1.1333,"color":"ffffffff"},{"time":1.2333,"color":"ffffff00"}]},"EF/140_S2_dusty1/140_S2_dusty1_00000":{"attachment":[{"time":0.9333,"name":"EF/140_S2_dusty1/140_S2_dusty1_00000"},{"time":1,"name":"EF/140_S2_dusty1/140_S2_dusty1_00002"},{"time":1.0666,"name":"EF/140_S2_dusty1/140_S2_dusty1_00004"},{"time":1.1333,"name":"EF/140_S2_dusty1/140_S2_dusty1_00006"},{"time":1.2,"name":"EF/140_S2_dusty1/140_S2_dusty1_00008"},{"time":1.2666,"name":"EF/140_S2_dusty1/140_S2_dusty1_00009"},{"time":1.3333,"name":"EF/140_S2_dusty1/140_S2_dusty1_00011"},{"time":1.4,"name":"EF/140_S2_dusty1/140_S2_dusty1_00013"},{"time":1.4666,"name":"EF/140_S2_dusty1/140_S2_dusty1_00014"},{"time":1.5333,"name":"EF/140_S2_dusty1/140_S2_dusty1_00016"},{"time":1.6,"name":null}]},"EF/440_A1_fire3/440_A1_fire3_00004":{"attachment":[{"time":0.9333,"name":"EF/440_A1_fire3/440_A1_fire3_00004"},{"time":1,"name":"EF/440_A1_fire3/440_A1_fire3_00006"},{"time":1.0666,"name":"EF/440_A1_fire3/440_A1_fire3_00008"},{"time":1.1333,"name":"EF/440_A1_fire3/440_A1_fire3_00010"},{"time":1.2,"name":"EF/440_A1_fire3/440_A1_fire3_00012"},{"time":1.2666,"name":"EF/440_A1_fire3/440_A1_fire3_00014"},{"time":1.3333,"name":"EF/440_A1_fire3/440_A1_fire3_00015"},{"time":1.4,"name":null}]},"EF/440_A1_fire4/440_A1_fire4_00005":{"attachment":[{"time":1.9333,"name":"EF/440_A1_fire4/440_A1_fire4_00005"},{"time":2,"name":"EF/440_A1_fire4/440_A1_fire4_00007"},{"time":2.0666,"name":"EF/440_A1_fire4/440_A1_fire4_00009"},{"time":2.1333,"name":"EF/440_A1_fire4/440_A1_fire4_00011"},{"time":2.2,"name":"EF/440_A1_fire4/440_A1_fire4_00013"},{"time":2.2666,"name":"EF/440_A1_fire4/440_A1_fire4_00005"},{"time":2.3333,"name":"EF/440_A1_fire4/440_A1_fire4_00007"},{"time":2.4,"name":"EF/440_A1_fire4/440_A1_fire4_00009"},{"time":2.4666,"name":"EF/440_A1_fire4/440_A1_fire4_00011"},{"time":2.5333,"name":"EF/440_A1_fire4/440_A1_fire4_00013"},{"time":2.6,"name":"EF/440_A1_fire4/440_A1_fire4_00015"},{"time":2.6666,"name":"EF/440_A1_fire4/440_A1_fire4_00017"},{"time":2.7333,"name":null}]},"EF/440_A2_fire1/440_A2_fire1_00000":{"attachment":[{"time":1.8333,"name":"EF/440_A2_fire1/440_A2_fire1_00000"},{"time":1.9,"name":"EF/440_A2_fire1/440_A2_fire1_00002"},{"time":1.9666,"name":"EF/440_A2_fire1/440_A2_fire1_00004"},{"time":2.0333,"name":"EF/440_A2_fire1/440_A2_fire1_00006"},{"time":2.1,"name":"EF/440_A2_fire1/440_A2_fire1_00008"},{"time":2.1666,"name":"EF/440_A2_fire1/440_A2_fire1_00010"},{"time":2.2333,"name":"EF/440_A2_fire1/440_A2_fire1_00012"},{"time":2.3,"name":"EF/440_A2_fire1/440_A2_fire1_00014"},{"time":2.3666,"name":"EF/440_A2_fire1/440_A2_fire1_00016"},{"time":2.4333,"name":"EF/440_A2_fire1/440_A2_fire1_00018"},{"time":2.5,"name":"EF/440_A2_fire1/440_A2_fire1_00020"},{"time":2.5666,"name":"EF/440_A2_fire1/440_A2_fire1_00021"},{"time":2.6333,"name":null}]},"EF/5170_S1_attack2/5170_S1_attack2_00001":{"attachment":[{"time":0.9333,"name":"EF/5170_S1_attack2/5170_S1_attack2_00001"},{"time":1,"name":"EF/5170_S1_attack2/5170_S1_attack2_00002"},{"time":1.0666,"name":null}]},"EF/5170_S1_attack4/5170_S1_attack4_00001":{"attachment":[{"time":1.0666,"name":"EF/5170_S1_attack4/5170_S1_attack4_00001"},{"time":1.1333,"name":"EF/5170_S1_attack4/5170_S1_attack4_00003"},{"time":1.2,"name":"EF/5170_S1_attack4/5170_S1_attack4_00006"},{"time":1.2666,"name":"EF/5170_S1_attack4/5170_S1_attack4_00008"},{"time":1.3333,"name":null}]},"EF/690_S2_rock1/690_S2_rock1_00002":{"attachment":[{"time":0.9333,"name":"EF/690_S2_rock1/690_S2_rock1_00002"},{"time":1.1,"name":null}],"color":[{"time":1,"color":"ffffffff"},{"time":1.1,"color":"ffffff00"}]}},"bones":{"EF_S1_attack1":{"rotate":[{"time":0.9333,"angle":90}],"translate":[{"time":0.9333,"x":-429.36,"y":186.25}],"scale":[{"time":0.9333,"x":1.6,"y":1.6}]},"EF_S1_attack3":{"rotate":[{"time":1.0666,"angle":90}],"translate":[{"time":1.0666,"x":-424.52,"y":399.12}],"scale":[{"time":1.0666,"x":1.6,"y":1.6}]},"EF_S1_dust":{"translate":[{"time":0.9333,"x":-420.89,"y":116.11}],"scale":[{"time":0.9333,"x":1.6,"y":1.6}]},"EF_S1_wave1":{"translate":[{"time":0.9333,"x":-425.73,"y":52}],"scale":[{"time":0.9333,"x":1.6,"y":1.6},{"time":1.2,"x":1.8,"y":1.8}]},"EF_S2_rock1_1":{"translate":[{"time":0.9333,"x":74.98,"y":0}],"scale":[{"time":0.9333,"x":1.6,"y":1.6},{"time":1.0666,"x":2,"y":2},{"time":1.1333,"x":2.04,"y":2.04}]},"EF_A1_fire3":{"translate":[{"time":0.9333,"x":-631.34,"y":95.54}],"scale":[{"time":0.9333,"x":1.6,"y":1.6}]},"EF_S1_fire1":{"translate":[{"time":1.8333,"x":-462.67,"y":53.36},{"time":1.9666,"x":-470.85,"y":17.93}],"scale":[{"time":1.8333,"x":1.333,"y":1.333}]},"EF_A1_fire4":{"translate":[{"time":1.9333,"x":-946.66,"y":165.84}],"scale":[{"time":1.9333,"x":1.166,"y":1.066}]}},"events":[{"time":0.0333,"name":"EFEvent","string":"setHitEffect(hit04a, 0)"},{"time":0.9333,"name":"Sound_1"}]},"2-skill2":{"slots":{"EF/1070_S2_dome1/1070_S2_dome1_00003":{"attachment":[{"time":1.6333,"name":"EF/1070_S2_dome1/1070_S2_dome1_00003"},{"time":1.7666,"name":"EF/1070_S2_dome1/1070_S2_dome1_00005"},{"time":1.8333,"name":"EF/1070_S2_dome1/1070_S2_dome1_00007"},{"time":1.9,"name":"EF/1070_S2_dome1/1070_S2_dome1_00009"},{"time":1.9666,"name":"EF/1070_S2_dome1/1070_S2_dome1_00011"},{"time":2.0333,"name":"EF/1070_S2_dome1/1070_S2_dome1_00013"},{"time":2.1,"name":"EF/1070_S2_dome1/1070_S2_dome1_00015"},{"time":2.1666,"name":"EF/1070_S2_dome1/1070_S2_dome1_00005"},{"time":2.2333,"name":"EF/1070_S2_dome1/1070_S2_dome1_00007"},{"time":2.3,"name":"EF/1070_S2_dome1/1070_S2_dome1_00009"},{"time":2.3666,"name":"EF/1070_S2_dome1/1070_S2_dome1_00011"},{"time":2.4333,"name":"EF/1070_S2_dome1/1070_S2_dome1_00013"},{"time":2.5,"name":"EF/1070_S2_dome1/1070_S2_dome1_00015"},{"time":2.5666,"name":"EF/1070_S2_dome1/1070_S2_dome1_00005"},{"time":2.6333,"name":"EF/1070_S2_dome1/1070_S2_dome1_00007"},{"time":2.7,"name":"EF/1070_S2_dome1/1070_S2_dome1_00009"},{"time":2.7666,"name":"EF/1070_S2_dome1/1070_S2_dome1_00011"},{"time":2.8333,"name":"EF/1070_S2_dome1/1070_S2_dome1_00013"},{"time":2.9,"name":"EF/1070_S2_dome1/1070_S2_dome1_00015"},{"time":2.9666,"name":null}],"color":[{"time":2.8,"color":"ffffffff"},{"time":2.9666,"color":"ffffff00"}]},"EF/1070_S2_wave1/1070_S2_wave1_00003":{"attachment":[{"time":0.5,"name":"EF/1070_S2_wave1/1070_S2_wave1_00003"},{"time":0.5666,"name":"EF/1070_S2_wave1/1070_S2_wave1_00006"},{"time":0.6333,"name":"EF/1070_S2_wave1/1070_S2_wave1_00008"},{"time":0.7,"name":"EF/1070_S2_wave1/1070_S2_wave1_00010"},{"time":0.8333,"name":null},{"time":1.1,"name":"EF/1070_S2_wave1/1070_S2_wave1_00003"},{"time":1.1333,"name":"EF/1070_S2_wave1/1070_S2_wave1_00003"},{"time":1.1666,"name":"EF/1070_S2_wave1/1070_S2_wave1_00006"},{"time":1.2,"name":"EF/1070_S2_wave1/1070_S2_wave1_00008"},{"time":1.2333,"name":"EF/1070_S2_wave1/1070_S2_wave1_00010"},{"time":1.2666,"name":null},{"time":1.7333,"name":"EF/1070_S2_wave1/1070_S2_wave1_00003"},{"time":1.7666,"name":"EF/1070_S2_wave1/1070_S2_wave1_00006"},{"time":1.8,"name":"EF/1070_S2_wave1/1070_S2_wave1_00008"},{"time":1.8333,"name":"EF/1070_S2_wave1/1070_S2_wave1_00010"},{"time":1.8666,"name":null},{"time":1.9,"name":"EF/1070_S2_wave1/1070_S2_wave1_00003"},{"time":1.9333,"name":"EF/1070_S2_wave1/1070_S2_wave1_00006"},{"time":1.9666,"name":"EF/1070_S2_wave1/1070_S2_wave1_00008"},{"time":2,"name":"EF/1070_S2_wave1/1070_S2_wave1_00010"},{"time":2.0666,"name":null},{"time":2.2,"name":"EF/1070_S2_wave1/1070_S2_wave1_00003"},{"time":2.2333,"name":"EF/1070_S2_wave1/1070_S2_wave1_00006"},{"time":2.2666,"name":"EF/1070_S2_wave1/1070_S2_wave1_00008"},{"time":2.3,"name":"EF/1070_S2_wave1/1070_S2_wave1_00010"},{"time":2.3666,"name":null},{"time":2.4666,"name":"EF/1070_S2_wave1/1070_S2_wave1_00003"},{"time":2.5,"name":"EF/1070_S2_wave1/1070_S2_wave1_00006"},{"time":2.5333,"name":"EF/1070_S2_wave1/1070_S2_wave1_00008"},{"time":2.5666,"name":"EF/1070_S2_wave1/1070_S2_wave1_00010"},{"time":2.6333,"name":null}],"color":[{"time":0.6666,"color":"ffffffff"},{"time":0.8333,"color":"ffffff00","curve":"stepped"},{"time":1.1,"color":"ffffffff"}]},"EF/1070_S2_wave1/1070_S2_wave1_3":{"attachment":[{"time":1.1333,"name":"EF/1070_S2_wave1/1070_S2_wave1_00003"},{"time":1.2,"name":"EF/1070_S2_wave1/1070_S2_wave1_00006"},{"time":1.2666,"name":null}]},"EF/140_S2_dusty1/140_S2_dusty1_00000":{"attachment":[{"time":1.7,"name":"EF/140_S2_dusty1/140_S2_dusty1_00000"},{"time":1.7666,"name":"EF/140_S2_dusty1/140_S2_dusty1_00002"},{"time":1.8333,"name":"EF/140_S2_dusty1/140_S2_dusty1_00004"},{"time":1.9,"name":"EF/140_S2_dusty1/140_S2_dusty1_00006"},{"time":1.9666,"name":"EF/140_S2_dusty1/140_S2_dusty1_00008"},{"time":2.0333,"name":"EF/140_S2_dusty1/140_S2_dusty1_00009"},{"time":2.1,"name":"EF/140_S2_dusty1/140_S2_dusty1_00011"},{"time":2.1666,"name":"EF/140_S2_dusty1/140_S2_dusty1_00013"},{"time":2.2333,"name":"EF/140_S2_dusty1/140_S2_dusty1_00014"},{"time":2.3,"name":"EF/140_S2_dusty1/140_S2_dusty1_00016"},{"time":2.3666,"name":null}]},"EF/440_S2_shine1/440_S2_shine1_00008":{"attachment":[{"time":1.2333,"name":"EF/440_S2_shine1/440_S2_shine1_00008"},{"time":1.3666,"name":"EF/440_S2_shine1/440_S2_shine1_00011"},{"time":1.4666,"name":"EF/440_S2_shine1/440_S2_shine1_00013"},{"time":1.5666,"name":"EF/440_S2_shine1/440_S2_shine1_00016"},{"time":1.6666,"name":"EF/440_S2_shine1/440_S2_shine1_00018"},{"time":1.7333,"name":"EF/440_S2_shine1/440_S2_shine1_00020"},{"time":1.8,"name":"EF/440_S2_shine1/440_S2_shine1_00022"},{"time":1.8666,"name":"EF/440_S2_shine1/440_S2_shine1_00024"},{"time":1.9333,"name":null}]},"EF/5170_S1_attack1/5170_S1_attack1_00002":{"attachment":[{"time":0.5,"name":"EF/5170_S1_attack1/5170_S1_attack1_00002"},{"time":0.6666,"name":null}],"color":[{"time":0.5,"color":"ffffff5e"},{"time":0.5666,"color":"ffffffff"},{"time":0.6666,"color":"ffffff00"}]},"EF/5170_S1_attack2/5170_S1_attack2_00001":{"attachment":[{"time":0.5,"name":"EF/5170_S1_attack2/5170_S1_attack2_00002"}],"color":[{"time":0.5,"color":"ffffffff"},{"time":0.6666,"color":"ffffff00"}]},"EF/5170_S1_attack3/5170_S1_attack3_00002":{"attachment":[{"time":0.5,"name":"EF/5170_S1_attack3/5170_S1_attack3_00002"},{"time":0.6333,"name":"EF/5170_S1_attack3/5170_S1_attack3_00003"},{"time":0.7333,"name":null},{"time":1.1,"name":"EF/5170_S1_attack3/5170_S1_attack3_00002"},{"time":1.2,"name":"EF/5170_S1_attack3/5170_S1_attack3_00003"},{"time":1.3,"name":null}],"color":[{"time":0.6,"color":"ffffffff"},{"time":0.7333,"color":"ffffff00","curve":"stepped"},{"time":1.1,"color":"ffffffff","curve":"stepped"},{"time":1.2,"color":"ffffffff"},{"time":1.3,"color":"ffffff00"}]},"EF/5170_S1_attack3/5170_S1_attack3_2":{"attachment":[{"time":1.1333,"name":"EF/5170_S1_attack3/5170_S1_attack3_00002"},{"time":1.2,"name":"EF/5170_S1_attack3/5170_S1_attack3_00003"},{"time":1.2666,"name":null}]},"EF/5170_S1_attack4/5170_S1_attack4_00001":{"attachment":[{"time":0.5666,"name":"EF/5170_S1_attack4/5170_S1_attack4_00001"},{"time":0.6333,"name":"EF/5170_S1_attack4/5170_S1_attack4_00003"},{"time":0.7,"name":"EF/5170_S1_attack4/5170_S1_attack4_00006"},{"time":0.7666,"name":"EF/5170_S1_attack4/5170_S1_attack4_00008"},{"time":0.8333,"name":null},{"time":1.2333,"name":"EF/5170_S1_attack4/5170_S1_attack4_00001"},{"time":1.2666,"name":"EF/5170_S1_attack4/5170_S1_attack4_00003"},{"time":1.3,"name":"EF/5170_S1_attack4/5170_S1_attack4_00006"},{"time":1.3333,"name":"EF/5170_S1_attack4/5170_S1_attack4_00008"},{"time":1.3666,"name":null}]},"EF/5170_S1_wave1/5170_S1_wave1_00000":{"attachment":[{"time":0.5666,"name":"EF/5170_S1_wave1/5170_S1_wave1_00000"},{"time":0.6333,"name":"EF/5170_S1_wave1/5170_S1_wave1_00002"},{"time":0.7,"name":"EF/5170_S1_wave1/5170_S1_wave1_00004"},{"time":0.7666,"name":null},{"time":1.1,"name":"EF/5170_S1_wave1/5170_S1_wave1_00000"},{"time":1.1666,"name":"EF/5170_S1_wave1/5170_S1_wave1_00002"},{"time":1.2333,"name":"EF/5170_S1_wave1/5170_S1_wave1_00004"},{"time":1.3,"name":null}]},"EF/5170_S1_wave1/5170_S1_wave1_0":{"attachment":[{"time":1.1333,"name":"EF/5170_S1_wave1/5170_S1_wave1_00000"},{"time":1.2,"name":"EF/5170_S1_wave1/5170_S1_wave1_00004"},{"time":1.2666,"name":null}]},"EF/690_S2_rock1/690_S2_rock1_00002":{"attachment":[{"time":1.7,"name":"EF/690_S2_rock1/690_S2_rock1_00002"},{"time":1.8333,"name":null}]},"EF/690_S2_rock1/690_S2_rock1_2":{"attachment":[{"time":1.7,"name":"EF/690_S2_rock1/690_S2_rock1_00002"},{"time":1.8333,"name":null}]},"EF/9020_wind2/9020_wind2_00000":{"attachment":[{"time":1.7,"name":"EF/9020_wind2/9020_wind2_00000"},{"time":1.7666,"name":"EF/9020_wind2/9020_wind2_00002"},{"time":1.8333,"name":"EF/9020_wind2/9020_wind2_00004"},{"time":1.9,"name":"EF/9020_wind2/9020_wind2_00000"},{"time":1.9666,"name":"EF/9020_wind2/9020_wind2_00002"},{"time":2.0333,"name":"EF/9020_wind2/9020_wind2_00004"},{"time":2.1,"name":"EF/9020_wind2/9020_wind2_00000"},{"time":2.1666,"name":"EF/9020_wind2/9020_wind2_00002"},{"time":2.2333,"name":"EF/9020_wind2/9020_wind2_00004"},{"time":2.3,"name":"EF/9020_wind2/9020_wind2_00000"},{"time":2.3666,"name":"EF/9020_wind2/9020_wind2_00002"},{"time":2.4333,"name":"EF/9020_wind2/9020_wind2_00004"},{"time":2.5,"name":null}]},"EF/950_S2_dome2/950_S2_dome2_00002":{"attachment":[{"time":1.9,"name":"EF/950_S2_dome2/950_S2_dome2_00002"},{"time":1.9666,"name":"EF/950_S2_dome2/950_S2_dome2_00004"},{"time":2.0333,"name":"EF/950_S2_dome2/950_S2_dome2_00006"},{"time":2.1,"name":"EF/950_S2_dome2/950_S2_dome2_00008"},{"time":2.1666,"name":"EF/950_S2_dome2/950_S2_dome2_00010"},{"time":2.2333,"name":"EF/950_S2_dome2/950_S2_dome2_00012"},{"time":2.3,"name":"EF/950_S2_dome2/950_S2_dome2_00014"},{"time":2.3666,"name":"EF/950_S2_dome2/950_S2_dome2_00002"},{"time":2.4333,"name":"EF/950_S2_dome2/950_S2_dome2_00004"},{"time":2.5,"name":"EF/950_S2_dome2/950_S2_dome2_00006"},{"time":2.5666,"name":"EF/950_S2_dome2/950_S2_dome2_00008"},{"time":2.6333,"name":"EF/950_S2_dome2/950_S2_dome2_00010"},{"time":2.7,"name":null}]}},"bones":{"EF_S2_attack1":{"rotate":[{"time":0.5,"angle":-83.44}],"translate":[{"time":0.5,"x":211.24,"y":279.69},{"time":0.6666,"x":186.26,"y":450.57}],"scale":[{"time":0.5,"x":1,"y":1},{"time":0.6666,"x":1.16,"y":0.41}]},"EF_S1_wave1":{"rotate":[{"time":0.5,"angle":6.34,"curve":"stepped"},{"time":1.1,"angle":165.68,"curve":"stepped"},{"time":1.7333,"angle":0}],"translate":[{"time":0.5,"x":-204.13,"y":376.27},{"time":0.6333,"x":-222.03,"y":537.33,"curve":"stepped"},{"time":1.1,"x":-354.59,"y":360.94},{"time":1.2333,"x":-405.9,"y":171.1,"curve":"stepped"},{"time":1.7333,"x":-474.08,"y":141.88}],"scale":[{"time":0.5,"x":1,"y":2.194},{"time":0.7666,"x":1.623,"y":3.562,"curve":"stepped"},{"time":1.1,"x":1.623,"y":-3.063,"curve":"stepped"},{"time":1.7333,"x":3.047,"y":3.002}]},"EF_S1_attack1":{"rotate":[{"time":0.5,"angle":-84.15}],"translate":[{"time":0.5,"x":-210.95,"y":643.92},{"time":0.6333,"x":-235.22,"y":850.36}],"scale":[{"time":0.5,"x":1.299,"y":1.299},{"time":0.6333,"x":1.609,"y":1.647}]},"EF_S1_attack2_1":{"rotate":[{"time":0.5,"angle":-81.11},{"time":0.7333,"angle":-83.34,"curve":"stepped"},{"time":1.1,"angle":70.81}],"translate":[{"time":0.5,"x":-202.86,"y":680.9},{"time":0.7333,"x":-234.86,"y":956.82,"curve":"stepped"},{"time":1.1,"x":-362.51,"y":680.82},{"time":1.3,"x":-476.48,"y":289.76}],"scale":[{"time":0.5,"x":1,"y":1},{"time":0.7333,"x":1.697,"y":1.92,"curve":"stepped"},{"time":1.1333,"x":1.526,"y":1.247},{"time":1.2666,"x":3.102,"y":2.535}]},"EF_S1_attack3":{"rotate":[{"time":0.5666,"angle":-82.9,"curve":"stepped"},{"time":1.2333,"angle":75.23}],"translate":[{"time":0.5666,"x":-231.52,"y":977.09},{"time":0.8333,"x":-240.87,"y":1052,"curve":"stepped"},{"time":1.2333,"x":-406.8,"y":651.3}],"scale":[{"time":0.5666,"x":1.197,"y":1.197,"curve":"stepped"},{"time":1.2333,"x":1.846,"y":1.846}]},"EF_S2_wave":{"rotate":[{"time":0.5666,"angle":8.13,"curve":"stepped"},{"time":1.1,"angle":164.74}],"translate":[{"time":0.5666,"x":406.23,"y":340.26,"curve":"stepped"},{"time":1.1,"x":267.18,"y":467.25},{"time":1.2333,"x":208.75,"y":227.72}],"scale":[{"time":0.5666,"x":2.764,"y":5.209},{"time":0.7333,"x":4.681,"y":8.822,"curve":"stepped"},{"time":1.1,"x":3.103,"y":4.469},{"time":1.2333,"x":5.587,"y":8.045}]},"EF_S2_wave2":{"rotate":[{"time":1.1333,"angle":-11.2}],"translate":[{"time":1.1333,"x":294.97,"y":507.14}],"scale":[{"time":1.1333,"x":5.511,"y":5.511}]},"EF_S1_wave2":{"rotate":[{"time":1.1333,"angle":-13.84}],"translate":[{"time":1.1333,"x":-338.09,"y":379.49}],"scale":[{"time":1.1333,"x":3.238,"y":4.945},{"time":1.2,"x":2.779,"y":4.244}]},"EF_S1_attack2_2":{"rotate":[{"time":1.1333,"angle":70.1}],"translate":[{"time":1.1333,"x":-322.63,"y":750.2,"curve":"stepped"},{"time":1.2,"x":-350.03,"y":674.5}],"scale":[{"time":1.1333,"x":2.049,"y":1.711,"curve":"stepped"},{"time":1.2,"x":3.125,"y":2.61}]},"EF_S2_shine":{"translate":[{"time":1.2333,"x":-163.25,"y":84}],"scale":[{"time":1.2333,"x":1.848,"y":0.915},{"time":1.4333,"x":4.157,"y":4.051}]},"EF_S2_dome":{"translate":[{"time":1.6333,"x":-163.25,"y":-41.2}],"scale":[{"time":1.6333,"x":1,"y":1},{"time":1.7,"x":3.454,"y":3.454},{"time":1.7666,"x":4.697,"y":4.697}]},"EF_S1_dust":{"translate":[{"time":1.7,"x":-464.4,"y":131.55}],"scale":[{"time":1.7,"x":2.311,"y":2.311}]},"EF_S2_wind1":{"translate":[{"time":1.7,"x":236.16,"y":95.1}],"scale":[{"time":1.7,"x":2,"y":2}]},"EF_S2_rock1_1":{"translate":[{"time":1.7,"x":-88.76,"y":-33.28}],"scale":[{"time":1.7,"x":1,"y":1},{"time":1.8333,"x":2.067,"y":2.067}]},"EF_S2_rock1_2":{"translate":[{"time":1.7,"x":109.36,"y":-58.64}],"scale":[{"time":1.7,"x":1,"y":1},{"time":1.8333,"x":2.067,"y":2.067}]}},"events":[{"time":1.1,"name":"Sound_1"}]},"RockandWind":{"slots":{"EF/690_S2_rock2/690_S2_rock2_00004":{"attachment":[{"time":0,"name":"EF/690_S2_rock2/690_S2_rock2_00004"},{"time":0.2333,"name":null}]},"EF/690_S2_rock2/690_S2_rock2_4":{"attachment":[{"time":0,"name":"EF/690_S2_rock2/690_S2_rock2_00004"},{"time":0.3333,"name":null}]},"EF/9020_wind4/9020_wind4_00005":{"attachment":[{"time":0.1666,"name":"EF/9020_wind4/9020_wind4_00005"},{"time":0.2,"name":"EF/9020_wind4/9020_wind4_00006"},{"time":0.2333,"name":"EF/9020_wind4/9020_wind4_00007"},{"time":0.2666,"name":null},{"time":0.3,"name":"EF/9020_wind4/9020_wind4_00005"},{"time":0.3333,"name":"EF/9020_wind4/9020_wind4_00006"},{"time":0.3666,"name":"EF/9020_wind4/9020_wind4_00007"},{"time":0.4,"name":null},{"time":0.4333,"name":"EF/9020_wind4/9020_wind4_00005"},{"time":0.4666,"name":"EF/9020_wind4/9020_wind4_00006"},{"time":0.5,"name":"EF/9020_wind4/9020_wind4_00007"},{"time":0.5333,"name":null},{"time":0.5666,"name":"EF/9020_wind4/9020_wind4_00005"},{"time":0.6,"name":"EF/9020_wind4/9020_wind4_00006"},{"time":0.6333,"name":"EF/9020_wind4/9020_wind4_00007"},{"time":0.6666,"name":null},{"time":0.7,"name":"EF/9020_wind4/9020_wind4_00005"},{"time":0.7333,"name":"EF/9020_wind4/9020_wind4_00006"},{"time":0.7666,"name":"EF/9020_wind4/9020_wind4_00007"},{"time":0.8,"name":null}]}},"bones":{"EF_S2_rock2_1":{"translate":[{"time":0,"x":-100.66,"y":-383.53},{"time":0.2333,"x":-100.66,"y":1162.7}],"scale":[{"time":0,"x":4.5,"y":4.5}]},"EF_S2_rock2_2":{"translate":[{"time":0,"x":162.87,"y":-496.27},{"time":0.3,"x":58.64,"y":2005.52}],"scale":[{"time":0,"x":-4.2,"y":4.2}]},"EF_S2_wind2":{"translate":[{"time":0.1666,"x":231.4,"y":275.78}],"scale":[{"time":0.1666,"x":1.25,"y":1.25}]},"MAIN":{"translate":[{"time":0,"x":300,"y":0}]}},"events":[{"time":0,"name":"Sound_1","string":"cri_se_battle_rubble"}]},"empty":{},"exprosion":{"slots":{"EF/440_A1_fire2/440_A1_fire2_00001":{"attachment":[{"time":0,"name":"EF/440_A1_fire2/440_A1_fire2_00001"},{"time":0.0666,"name":"EF/440_A1_fire2/440_A1_fire2_00003"},{"time":0.1333,"name":"EF/440_A1_fire2/440_A1_fire2_00005"},{"time":0.2,"name":"EF/440_A1_fire2/440_A1_fire2_00007"},{"time":0.2666,"name":"EF/440_A1_fire2/440_A1_fire2_00009"},{"time":0.3333,"name":"EF/440_A1_fire2/440_A1_fire2_00010"},{"time":0.4,"name":"EF/440_A1_fire2/440_A1_fire2_00011"},{"time":0.4666,"name":null}]},"EF/440_A1_fire3/440_A1_fire3_00004":{"attachment":[{"time":0,"name":"EF/440_A1_fire3/440_A1_fire3_00015"},{"time":0.1,"name":"EF/440_A1_fire3/440_A1_fire3_00004"},{"time":0.1666,"name":"EF/440_A1_fire3/440_A1_fire3_00006"},{"time":0.2333,"name":"EF/440_A1_fire3/440_A1_fire3_00008"},{"time":0.3,"name":"EF/440_A1_fire3/440_A1_fire3_00010"},{"time":0.3666,"name":"EF/440_A1_fire3/440_A1_fire3_00012"},{"time":0.4333,"name":"EF/440_A1_fire3/440_A1_fire3_00014"},{"time":0.5,"name":"EF/440_A1_fire3/440_A1_fire3_00015"},{"time":0.5666,"name":null}]},"EF/440_A1_fire4/440_A1_fire4_00005":{"attachment":[{"time":0,"name":"EF/440_A1_fire4/440_A1_fire4_00015"},{"time":0.1666,"name":"EF/440_A1_fire4/440_A1_fire4_00005"},{"time":0.2333,"name":"EF/440_A1_fire4/440_A1_fire4_00007"},{"time":0.3,"name":"EF/440_A1_fire4/440_A1_fire4_00009"},{"time":0.3666,"name":"EF/440_A1_fire4/440_A1_fire4_00011"},{"time":0.4333,"name":"EF/440_A1_fire4/440_A1_fire4_00013"},{"time":0.5,"name":"EF/440_A1_fire4/440_A1_fire4_00015"},{"time":0.5666,"name":"EF/440_A1_fire4/440_A1_fire4_00017"},{"time":0.6333,"name":null}]}},"bones":{"EF_A1_fire2":{"translate":[{"time":0,"x":-400,"y":-2}]},"EF_A1_fire3":{"translate":[{"time":0,"x":-400,"y":60.03,"curve":"stepped"},{"time":0.1,"x":-400,"y":60.03}]},"EF_A1_fire4":{"translate":[{"time":0,"x":-400,"y":193.75,"curve":"stepped"},{"time":0.1666,"x":-400,"y":193.75}]},"MAIN":{"translate":[{"time":0,"x":0,"y":0}]}},"events":[{"time":0,"name":"Sound_1","string":"cri_se_battle_033_explosion_element_01"}]},"shot":{"slots":{"DAMAGEAREA":{"attachment":[{"time":0,"name":"DAMAGEAREA"},{"time":0.4666,"name":null}]},"EF/440_A1_fire1/440_A1_fire1_00002":{"attachment":[{"time":0,"name":"EF/440_A1_fire1/440_A1_fire1_00002"},{"time":0.0666,"name":"EF/440_A1_fire1/440_A1_fire1_00004"},{"time":0.1333,"name":"EF/440_A1_fire1/440_A1_fire1_00006"},{"time":0.2,"name":"EF/440_A1_fire1/440_A1_fire1_00008"},{"time":0.2666,"name":"EF/440_A1_fire1/440_A1_fire1_00010"},{"time":0.3333,"name":"EF/440_A1_fire1/440_A1_fire1_00011"},{"time":0.4,"name":"EF/440_A1_fire1/440_A1_fire1_00013"},{"time":0.4666,"name":null}]}},"bones":{"EF_A1_fire1":{"translate":[{"time":0,"x":-300,"y":0}]},"DAMAGEAREA":{"translate":[{"time":0,"x":-108.44,"y":112.34},{"time":0.1216,"x":-141.5,"y":112.34},{"time":0.2599,"x":-206.79,"y":112.34},{"time":0.365,"x":-251.87,"y":112.34},{"time":0.4645,"x":-260.75,"y":112.34}],"scale":[{"time":0,"x":0.617,"y":0.382}]},"MAIN":{"translate":[{"time":0,"x":-161.95,"y":114.62,"curve":[0.25,0,0.75,1]},{"time":0.4333,"x":-284.39,"y":114.62}]}},"events":[{"time":0,"name":"EFEvent","float":0.05,"string":"kHitStopType_enemyonly"},{"time":0,"name":"EFEvent2","float":0,"string":"setHitEffect(hit04e, 1,0.75,1)"},{"time":0,"name":"Sound_1","string":"cri_se_battle_skill_shot"}]},"skill2-original":{"slots":{"EF/1070_S2_dome1/1070_S2_dome1_00003":{"attachment":[{"time":1.6333,"name":"EF/1070_S2_dome1/1070_S2_dome1_00003"},{"time":1.7666,"name":"EF/1070_S2_dome1/1070_S2_dome1_00005"},{"time":1.8333,"name":"EF/1070_S2_dome1/1070_S2_dome1_00007"},{"time":1.9,"name":"EF/1070_S2_dome1/1070_S2_dome1_00009"},{"time":1.9666,"name":"EF/1070_S2_dome1/1070_S2_dome1_00011"},{"time":2.0333,"name":"EF/1070_S2_dome1/1070_S2_dome1_00013"},{"time":2.1,"name":"EF/1070_S2_dome1/1070_S2_dome1_00015"},{"time":2.1666,"name":"EF/1070_S2_dome1/1070_S2_dome1_00005"},{"time":2.2333,"name":"EF/1070_S2_dome1/1070_S2_dome1_00007"},{"time":2.3,"name":"EF/1070_S2_dome1/1070_S2_dome1_00009"},{"time":2.3666,"name":"EF/1070_S2_dome1/1070_S2_dome1_00011"},{"time":2.4333,"name":"EF/1070_S2_dome1/1070_S2_dome1_00013"},{"time":2.5,"name":"EF/1070_S2_dome1/1070_S2_dome1_00015"},{"time":2.5666,"name":"EF/1070_S2_dome1/1070_S2_dome1_00005"},{"time":2.6333,"name":"EF/1070_S2_dome1/1070_S2_dome1_00007"},{"time":2.7,"name":"EF/1070_S2_dome1/1070_S2_dome1_00009"},{"time":2.7666,"name":"EF/1070_S2_dome1/1070_S2_dome1_00011"},{"time":2.8333,"name":"EF/1070_S2_dome1/1070_S2_dome1_00013"},{"time":2.9,"name":"EF/1070_S2_dome1/1070_S2_dome1_00015"},{"time":2.9666,"name":null}],"color":[{"time":2.8,"color":"ffffffff"},{"time":2.9666,"color":"ffffff00"}]},"EF/1070_S2_wave1/1070_S2_wave1_00003":{"attachment":[{"time":0.5,"name":"EF/1070_S2_wave1/1070_S2_wave1_00003"},{"time":0.5666,"name":"EF/1070_S2_wave1/1070_S2_wave1_00006"},{"time":0.6333,"name":"EF/1070_S2_wave1/1070_S2_wave1_00008"},{"time":0.7,"name":"EF/1070_S2_wave1/1070_S2_wave1_00010"},{"time":0.8333,"name":null},{"time":1.1,"name":"EF/1070_S2_wave1/1070_S2_wave1_00003"},{"time":1.1333,"name":"EF/1070_S2_wave1/1070_S2_wave1_00003"},{"time":1.1666,"name":"EF/1070_S2_wave1/1070_S2_wave1_00006"},{"time":1.2,"name":"EF/1070_S2_wave1/1070_S2_wave1_00008"},{"time":1.2333,"name":"EF/1070_S2_wave1/1070_S2_wave1_00010"},{"time":1.2666,"name":null},{"time":1.7333,"name":"EF/1070_S2_wave1/1070_S2_wave1_00003"},{"time":1.7666,"name":"EF/1070_S2_wave1/1070_S2_wave1_00006"},{"time":1.8,"name":"EF/1070_S2_wave1/1070_S2_wave1_00008"},{"time":1.8333,"name":"EF/1070_S2_wave1/1070_S2_wave1_00010"},{"time":1.8666,"name":null},{"time":1.9,"name":"EF/1070_S2_wave1/1070_S2_wave1_00003"},{"time":1.9333,"name":"EF/1070_S2_wave1/1070_S2_wave1_00006"},{"time":1.9666,"name":"EF/1070_S2_wave1/1070_S2_wave1_00008"},{"time":2,"name":"EF/1070_S2_wave1/1070_S2_wave1_00010"},{"time":2.0666,"name":null},{"time":2.2,"name":"EF/1070_S2_wave1/1070_S2_wave1_00003"},{"time":2.2333,"name":"EF/1070_S2_wave1/1070_S2_wave1_00006"},{"time":2.2666,"name":"EF/1070_S2_wave1/1070_S2_wave1_00008"},{"time":2.3,"name":"EF/1070_S2_wave1/1070_S2_wave1_00010"},{"time":2.3666,"name":null},{"time":2.4666,"name":"EF/1070_S2_wave1/1070_S2_wave1_00003"},{"time":2.5,"name":"EF/1070_S2_wave1/1070_S2_wave1_00006"},{"time":2.5333,"name":"EF/1070_S2_wave1/1070_S2_wave1_00008"},{"time":2.5666,"name":"EF/1070_S2_wave1/1070_S2_wave1_00010"},{"time":2.6333,"name":null}],"color":[{"time":0.6666,"color":"ffffffff"},{"time":0.8333,"color":"ffffff00","curve":"stepped"},{"time":1.1,"color":"ffffffff"}]},"EF/1070_S2_wave1/1070_S2_wave1_3":{"attachment":[{"time":1.1333,"name":"EF/1070_S2_wave1/1070_S2_wave1_00003"},{"time":1.2,"name":"EF/1070_S2_wave1/1070_S2_wave1_00006"},{"time":1.2666,"name":null}]},"EF/140_S2_dusty1/140_S2_dusty1_00000":{"attachment":[{"time":1.7,"name":"EF/140_S2_dusty1/140_S2_dusty1_00000"},{"time":1.7666,"name":"EF/140_S2_dusty1/140_S2_dusty1_00002"},{"time":1.8333,"name":"EF/140_S2_dusty1/140_S2_dusty1_00004"},{"time":1.9,"name":"EF/140_S2_dusty1/140_S2_dusty1_00006"},{"time":1.9666,"name":"EF/140_S2_dusty1/140_S2_dusty1_00008"},{"time":2.0333,"name":"EF/140_S2_dusty1/140_S2_dusty1_00009"},{"time":2.1,"name":"EF/140_S2_dusty1/140_S2_dusty1_00011"},{"time":2.1666,"name":"EF/140_S2_dusty1/140_S2_dusty1_00013"},{"time":2.2333,"name":"EF/140_S2_dusty1/140_S2_dusty1_00014"},{"time":2.3,"name":"EF/140_S2_dusty1/140_S2_dusty1_00016"},{"time":2.3666,"name":null}]},"EF/440_S2_shine1/440_S2_shine1_00008":{"attachment":[{"time":1.2333,"name":"EF/440_S2_shine1/440_S2_shine1_00008"},{"time":1.3666,"name":"EF/440_S2_shine1/440_S2_shine1_00011"},{"time":1.4666,"name":"EF/440_S2_shine1/440_S2_shine1_00013"},{"time":1.5666,"name":"EF/440_S2_shine1/440_S2_shine1_00016"},{"time":1.6666,"name":"EF/440_S2_shine1/440_S2_shine1_00018"},{"time":1.7333,"name":"EF/440_S2_shine1/440_S2_shine1_00020"},{"time":1.8,"name":"EF/440_S2_shine1/440_S2_shine1_00022"},{"time":1.8666,"name":"EF/440_S2_shine1/440_S2_shine1_00024"},{"time":1.9333,"name":null}]},"EF/5170_S1_attack1/5170_S1_attack1_00002":{"attachment":[{"time":0.5,"name":"EF/5170_S1_attack1/5170_S1_attack1_00002"},{"time":0.6666,"name":null}],"color":[{"time":0.5,"color":"ffffff5e"},{"time":0.5666,"color":"ffffffff"},{"time":0.6666,"color":"ffffff00"}]},"EF/5170_S1_attack2/5170_S1_attack2_00001":{"attachment":[{"time":0.5,"name":"EF/5170_S1_attack2/5170_S1_attack2_00002"}],"color":[{"time":0.5,"color":"ffffffff"},{"time":0.6666,"color":"ffffff00"}]},"EF/5170_S1_attack3/5170_S1_attack3_00002":{"attachment":[{"time":0.5,"name":"EF/5170_S1_attack3/5170_S1_attack3_00002"},{"time":0.6333,"name":"EF/5170_S1_attack3/5170_S1_attack3_00003"},{"time":0.7333,"name":null},{"time":1.1,"name":"EF/5170_S1_attack3/5170_S1_attack3_00002"},{"time":1.2,"name":"EF/5170_S1_attack3/5170_S1_attack3_00003"},{"time":1.3,"name":null}],"color":[{"time":0.6,"color":"ffffffff"},{"time":0.7333,"color":"ffffff00","curve":"stepped"},{"time":1.1,"color":"ffffffff","curve":"stepped"},{"time":1.2,"color":"ffffffff"},{"time":1.3,"color":"ffffff00"}]},"EF/5170_S1_attack3/5170_S1_attack3_2":{"attachment":[{"time":1.1333,"name":"EF/5170_S1_attack3/5170_S1_attack3_00002"},{"time":1.2,"name":"EF/5170_S1_attack3/5170_S1_attack3_00003"},{"time":1.2666,"name":null}]},"EF/5170_S1_attack4/5170_S1_attack4_00001":{"attachment":[{"time":0.5666,"name":"EF/5170_S1_attack4/5170_S1_attack4_00001"},{"time":0.6333,"name":"EF/5170_S1_attack4/5170_S1_attack4_00003"},{"time":0.7,"name":"EF/5170_S1_attack4/5170_S1_attack4_00006"},{"time":0.7666,"name":"EF/5170_S1_attack4/5170_S1_attack4_00008"},{"time":0.8333,"name":null},{"time":1.2333,"name":"EF/5170_S1_attack4/5170_S1_attack4_00001"},{"time":1.2666,"name":"EF/5170_S1_attack4/5170_S1_attack4_00003"},{"time":1.3,"name":"EF/5170_S1_attack4/5170_S1_attack4_00006"},{"time":1.3333,"name":"EF/5170_S1_attack4/5170_S1_attack4_00008"},{"time":1.3666,"name":null}]},"EF/5170_S1_wave1/5170_S1_wave1_00000":{"attachment":[{"time":0.5666,"name":"EF/5170_S1_wave1/5170_S1_wave1_00000"},{"time":0.6333,"name":"EF/5170_S1_wave1/5170_S1_wave1_00002"},{"time":0.7,"name":"EF/5170_S1_wave1/5170_S1_wave1_00004"},{"time":0.7666,"name":null},{"time":1.1,"name":"EF/5170_S1_wave1/5170_S1_wave1_00000"},{"time":1.1666,"name":"EF/5170_S1_wave1/5170_S1_wave1_00002"},{"time":1.2333,"name":"EF/5170_S1_wave1/5170_S1_wave1_00004"},{"time":1.3,"name":null}]},"EF/5170_S1_wave1/5170_S1_wave1_0":{"attachment":[{"time":1.1333,"name":"EF/5170_S1_wave1/5170_S1_wave1_00000"},{"time":1.2,"name":"EF/5170_S1_wave1/5170_S1_wave1_00004"},{"time":1.2666,"name":null}]},"EF/690_S2_rock2/690_S2_rock2_00004":{"attachment":[{"time":1.8,"name":"EF/690_S2_rock2/690_S2_rock2_00004"},{"time":2.0333,"name":null}]},"EF/690_S2_rock2/690_S2_rock2_4":{"attachment":[{"time":1.8,"name":"EF/690_S2_rock2/690_S2_rock2_00004"},{"time":2.1333,"name":null}]},"EF/690_S2_rock2/690_S2_rock2_5":{"attachment":[{"time":1.8666,"name":"EF/690_S2_rock2/690_S2_rock2_00004"},{"time":2.2,"name":null}]},"EF/9020_wind2/9020_wind2_00000":{"attachment":[{"time":1.7,"name":"EF/9020_wind2/9020_wind2_00000"},{"time":1.7666,"name":"EF/9020_wind2/9020_wind2_00002"},{"time":1.8333,"name":"EF/9020_wind2/9020_wind2_00004"},{"time":1.9,"name":"EF/9020_wind2/9020_wind2_00000"},{"time":1.9666,"name":"EF/9020_wind2/9020_wind2_00002"},{"time":2.0333,"name":"EF/9020_wind2/9020_wind2_00004"},{"time":2.1,"name":"EF/9020_wind2/9020_wind2_00000"},{"time":2.1666,"name":"EF/9020_wind2/9020_wind2_00002"},{"time":2.2333,"name":"EF/9020_wind2/9020_wind2_00004"},{"time":2.3,"name":"EF/9020_wind2/9020_wind2_00000"},{"time":2.3666,"name":"EF/9020_wind2/9020_wind2_00002"},{"time":2.4333,"name":"EF/9020_wind2/9020_wind2_00004"},{"time":2.5,"name":null}]},"EF/9020_wind4/9020_wind4_00005":{"attachment":[{"time":1.9666,"name":"EF/9020_wind4/9020_wind4_00005"},{"time":2,"name":"EF/9020_wind4/9020_wind4_00006"},{"time":2.0333,"name":"EF/9020_wind4/9020_wind4_00007"},{"time":2.0666,"name":null},{"time":2.1,"name":"EF/9020_wind4/9020_wind4_00005"},{"time":2.1333,"name":"EF/9020_wind4/9020_wind4_00006"},{"time":2.1666,"name":"EF/9020_wind4/9020_wind4_00007"},{"time":2.2,"name":null},{"time":2.2333,"name":"EF/9020_wind4/9020_wind4_00005"},{"time":2.2666,"name":"EF/9020_wind4/9020_wind4_00006"},{"time":2.3,"name":"EF/9020_wind4/9020_wind4_00007"},{"time":2.3333,"name":null},{"time":2.3666,"name":"EF/9020_wind4/9020_wind4_00005"},{"time":2.4,"name":"EF/9020_wind4/9020_wind4_00006"},{"time":2.4333,"name":"EF/9020_wind4/9020_wind4_00007"},{"time":2.4666,"name":null},{"time":2.5,"name":"EF/9020_wind4/9020_wind4_00005"},{"time":2.5333,"name":"EF/9020_wind4/9020_wind4_00006"},{"time":2.5666,"name":"EF/9020_wind4/9020_wind4_00007"},{"time":2.6,"name":null}]},"EF/950_S2_dome2/950_S2_dome2_00002":{"attachment":[{"time":1.9,"name":"EF/950_S2_dome2/950_S2_dome2_00002"},{"time":1.9666,"name":"EF/950_S2_dome2/950_S2_dome2_00004"},{"time":2.0333,"name":"EF/950_S2_dome2/950_S2_dome2_00006"},{"time":2.1,"name":"EF/950_S2_dome2/950_S2_dome2_00008"},{"time":2.1666,"name":"EF/950_S2_dome2/950_S2_dome2_00010"},{"time":2.2333,"name":"EF/950_S2_dome2/950_S2_dome2_00012"},{"time":2.3,"name":"EF/950_S2_dome2/950_S2_dome2_00014"},{"time":2.3666,"name":"EF/950_S2_dome2/950_S2_dome2_00002"},{"time":2.4333,"name":"EF/950_S2_dome2/950_S2_dome2_00004"},{"time":2.5,"name":"EF/950_S2_dome2/950_S2_dome2_00006"},{"time":2.5666,"name":"EF/950_S2_dome2/950_S2_dome2_00008"},{"time":2.6333,"name":"EF/950_S2_dome2/950_S2_dome2_00010"},{"time":2.7,"name":null}]}},"bones":{"EF_S2_attack1":{"rotate":[{"time":0.5,"angle":-83.44}],"translate":[{"time":0.5,"x":211.24,"y":279.69},{"time":0.6666,"x":186.26,"y":450.57}],"scale":[{"time":0.5,"x":1,"y":1},{"time":0.6666,"x":1.16,"y":0.41}]},"EF_S1_wave1":{"rotate":[{"time":0.5,"angle":6.34,"curve":"stepped"},{"time":1.1,"angle":165.68,"curve":"stepped"},{"time":1.7333,"angle":0}],"translate":[{"time":0.5,"x":-204.13,"y":376.27},{"time":0.6333,"x":-222.03,"y":537.33,"curve":"stepped"},{"time":1.1,"x":-354.59,"y":360.94},{"time":1.2333,"x":-405.9,"y":171.1,"curve":"stepped"},{"time":1.7333,"x":-474.08,"y":141.88}],"scale":[{"time":0.5,"x":1,"y":2.194},{"time":0.7666,"x":1.623,"y":3.562,"curve":"stepped"},{"time":1.1,"x":1.623,"y":-3.063,"curve":"stepped"},{"time":1.7333,"x":3.047,"y":3.002}]},"EF_S1_attack1":{"rotate":[{"time":0.5,"angle":-84.15}],"translate":[{"time":0.5,"x":-210.95,"y":643.92},{"time":0.6333,"x":-235.22,"y":850.36}],"scale":[{"time":0.5,"x":1.299,"y":1.299},{"time":0.6333,"x":1.609,"y":1.647}]},"EF_S1_attack2_1":{"rotate":[{"time":0.5,"angle":-81.11},{"time":0.7333,"angle":-83.34,"curve":"stepped"},{"time":1.1,"angle":70.81}],"translate":[{"time":0.5,"x":-202.86,"y":680.9},{"time":0.7333,"x":-234.86,"y":956.82,"curve":"stepped"},{"time":1.1,"x":-362.51,"y":680.82},{"time":1.3,"x":-476.48,"y":289.76}],"scale":[{"time":0.5,"x":1,"y":1},{"time":0.7333,"x":1.697,"y":1.92,"curve":"stepped"},{"time":1.1333,"x":1.526,"y":1.247},{"time":1.2666,"x":3.102,"y":2.535}]},"EF_S1_attack3":{"rotate":[{"time":0.5666,"angle":-82.9,"curve":"stepped"},{"time":1.2333,"angle":75.23}],"translate":[{"time":0.5666,"x":-231.52,"y":977.09},{"time":0.8333,"x":-240.87,"y":1052,"curve":"stepped"},{"time":1.2333,"x":-406.8,"y":651.3}],"scale":[{"time":0.5666,"x":1.197,"y":1.197,"curve":"stepped"},{"time":1.2333,"x":1.846,"y":1.846}]},"EF_S2_wave":{"rotate":[{"time":0.5666,"angle":8.13,"curve":"stepped"},{"time":1.1,"angle":164.74}],"translate":[{"time":0.5666,"x":406.23,"y":340.26,"curve":"stepped"},{"time":1.1,"x":267.18,"y":467.25},{"time":1.2333,"x":208.75,"y":227.72}],"scale":[{"time":0.5666,"x":2.764,"y":5.209},{"time":0.7333,"x":4.681,"y":8.822,"curve":"stepped"},{"time":1.1,"x":3.103,"y":4.469},{"time":1.2333,"x":5.587,"y":8.045}]},"EF_S2_wave2":{"rotate":[{"time":1.1333,"angle":-11.2}],"translate":[{"time":1.1333,"x":294.97,"y":507.14}],"scale":[{"time":1.1333,"x":5.511,"y":5.511}]},"EF_S1_wave2":{"rotate":[{"time":1.1333,"angle":-13.84}],"translate":[{"time":1.1333,"x":-338.09,"y":379.49}],"scale":[{"time":1.1333,"x":3.238,"y":4.945},{"time":1.2,"x":2.779,"y":4.244}]},"EF_S1_attack2_2":{"rotate":[{"time":1.1333,"angle":70.1}],"translate":[{"time":1.1333,"x":-322.63,"y":750.2,"curve":"stepped"},{"time":1.2,"x":-350.03,"y":674.5}],"scale":[{"time":1.1333,"x":2.049,"y":1.711,"curve":"stepped"},{"time":1.2,"x":3.125,"y":2.61}]},"EF_S2_shine":{"translate":[{"time":1.2333,"x":-163.25,"y":84}],"scale":[{"time":1.2333,"x":1.848,"y":0.915},{"time":1.4333,"x":4.157,"y":4.051}]},"EF_S2_dome":{"translate":[{"time":1.6333,"x":-163.25,"y":-41.2}],"scale":[{"time":1.6333,"x":1,"y":1},{"time":1.7,"x":3.454,"y":3.454},{"time":1.7666,"x":4.697,"y":4.697}]},"EF_S1_dust":{"translate":[{"time":1.7,"x":-464.4,"y":131.55}],"scale":[{"time":1.7,"x":2.311,"y":2.311}]},"EF_S2_wind1":{"translate":[{"time":1.7,"x":236.16,"y":95.1}],"scale":[{"time":1.7,"x":2,"y":2}]},"EF_S2_rock2_1":{"translate":[{"time":1.8,"x":-100.66,"y":-383.53},{"time":2.0333,"x":-100.66,"y":1162.7}],"scale":[{"time":1.8,"x":4.5,"y":4.5}]},"EF_S2_rock2_2":{"translate":[{"time":1.8,"x":162.87,"y":-496.27},{"time":2.1,"x":58.64,"y":2005.52}],"scale":[{"time":1.8,"x":-4.2,"y":4.2}]},"EF_S2_wind2":{"translate":[{"time":1.9666,"x":231.4,"y":275.78}],"scale":[{"time":1.9666,"x":1.25,"y":1.25}]},"EF_S2_rock2_3":{"rotate":[{"time":1.8666,"angle":270}],"translate":[{"time":1.8666,"x":-352.61,"y":-480.07},{"time":2.1666,"x":-352.61,"y":1459.16}],"scale":[{"time":1.8666,"x":3,"y":3}]}}}}}