{"skeleton":{"hash":"gg8CnqIGfWdLXrkuCYYkKgrsYDc","spine":"3.0.12","width":0,"height":0},"bones":[{"name":"root"},{"name":"MAIN","parent":"root","y":68.45}],"slots":[{"name":"MAIN","bone":"MAIN","attachment":"idle_00"}],"skins":{"default":{"MAIN":{"idle_00":{"x":-2.22,"y":-2.01,"width":600,"height":600},"idle_01":{"x":-2.22,"y":-2.01,"width":600,"height":600},"idle_02":{"x":-2.22,"y":-2.01,"width":600,"height":600},"idle_03":{"x":-2.22,"y":-2.01,"width":600,"height":600},"idle_04":{"x":-2.22,"y":-2.01,"width":600,"height":600}}}},"events":{"Event":{},"Event2":{"string":"addOrbitSystem_2_skill2_rose"},"Hit":{},"Sound1":{},"Sound2":{},"Voice":{}},"animations":{"idle":{"slots":{"MAIN":{"attachment":[{"time":0,"name":"idle_00"},{"time":0.2333,"name":"idle_01"},{"time":0.4333,"name":"idle_02"},{"time":0.7,"name":"idle_03"},{"time":0.9333,"name":"idle_04"},{"time":1.1666,"name":"idle_04"}]}},"bones":{"MAIN":{"translate":[{"time":0,"x":0,"y":-2.1}]}}}}}