{"skeleton":{"hash":"Vmxc6wO7CVE0s7W402RVWXnt52M","spine":"3.0.12","width":0,"height":0,"images":"./images2/"},"bones":[{"name":"root"},{"name":"MAIN","parent":"root","y":120},{"name":"SHADOW-OFFSET","parent":"MAIN","y":-42.74},{"name":"HPBAR","parent":"MAIN","y":99.33},{"name":"HITBOX","parent":"MAIN","x":-14.45,"y":-38.99,"scaleX":0.829},{"name":"EF_magic1_1","parent":"root","color":"289b00ff"},{"name":"DAMAGEAREA","parent":"root"}],"slots":[{"name":"EF_magic1_1","bone":"EF_magic1_1","blend":"additive"},{"name":"MAIN2","bone":"MAIN","attachment":"attack1_01"},{"name":"MAIN","bone":"MAIN","attachment":"skill1_00"},{"name":"DAMAGEAREA","bone":"DAMAGEAREA"},{"name":"HITBOX","bone":"HITBOX","attachment":"HITBOX"}],"skins":{"default":{"DAMAGEAREA":{"DAMAGEAREA":{"type":"boundingbox","vertices":[-65.29599,-64.3477,63.49403,-64.34768,63.00802,62.4983,-64.324,62.49833]}},"EF_magic1_1":{"EF/5230_magic1/5230_magic1_00000":{"width":175,"height":175}},"HITBOX":{"HITBOX":{"type":"boundingbox","vertices":[-87.12651,-64.83447,88.38258,-65.80649,87.04788,62.01152,-85.79185,62.49753]}},"MAIN":{"attack2_00":{"x":-8.93,"y":-21.96,"width":500,"height":500},"attack2_01":{"x":-8.93,"y":-21.96,"width":500,"height":500},"attack2_02":{"x":-8.93,"y":-21.96,"width":500,"height":500},"attack2_03":{"x":-8.93,"y":-21.96,"width":500,"height":500},"attack2_04":{"x":-8.93,"y":-21.96,"width":500,"height":500},"damage_00":{"x":-5.08,"y":4.53,"width":500,"height":500},"idle_Rem_00":{"y":-15.98,"width":500,"height":500},"idle_Rem_01":{"y":-16,"width":500,"height":500},"idle_Rem_02":{"y":-16,"width":500,"height":500},"idle_Rem_03":{"y":-16,"width":500,"height":500},"idle_Rem_04":{"y":-16,"width":500,"height":500},"skill1_00":{"x":-22.37,"y":1.19,"width":500,"height":500},"skill1_01":{"x":-22.38,"y":1.19,"width":500,"height":500},"skill1_02":{"x":-22.38,"y":1.19,"width":500,"height":500},"skill1_03":{"x":-22.38,"y":1.19,"width":500,"height":500},"skill1_04":{"x":-22.38,"y":1.19,"width":500,"height":500},"skill1_05":{"x":-22.38,"y":1.19,"width":500,"height":500},"skill1_06":{"x":-22.38,"y":1.19,"width":500,"height":500},"skill1_07":{"x":-22.38,"y":1.19,"width":500,"height":500},"skill1_08":{"x":-22.38,"y":1.19,"width":500,"height":500},"skill1_09":{"x":-22.38,"y":1.19,"width":500,"height":500},"skill1_10":{"x":-22.38,"y":1.19,"width":500,"height":500},"skill1_11":{"x":-22.38,"y":1.19,"width":500,"height":500}},"MAIN2":{"attack1_00":{"x":-5.22,"y":1.19,"width":500,"height":500},"attack1_01":{"x":-5.22,"y":1.19,"width":500,"height":500},"attack1_02":{"x":-5.22,"y":1.19,"width":500,"height":500},"attack1_04":{"x":-5.22,"y":1.19,"width":500,"height":500},"attack1_05":{"x":-5.22,"y":1.19,"width":500,"height":500},"attack1_06":{"x":-5.22,"y":1.19,"width":500,"height":500},"attack1_07":{"x":-5.22,"y":1.19,"width":500,"height":500},"attack1_08":{"x":-5.22,"y":1.19,"width":500,"height":500},"idle_Naga_00":{"y":6.09,"width":500,"height":500},"idle_Naga_01":{"y":6.09,"width":500,"height":500},"idle_Naga_02":{"y":6.09,"width":500,"height":500},"idle_Naga_03":{"y":6.09,"width":500,"height":500},"idle_Naga_04":{"y":6.09,"width":500,"height":500}}}},"events":{"Event":{},"Hit":{},"Sound1":{},"Sound2":{},"Voice":{}},"animations":{"attack1":{"slots":{"MAIN":{"attachment":[{"time":0,"name":"idle_Rem_04"},{"time":0.2,"name":"idle_Rem_01"},{"time":0.4,"name":"idle_Rem_02"},{"time":0.6,"name":"idle_Rem_03"},{"time":0.8,"name":"idle_Rem_04"},{"time":1,"name":"idle_Rem_00"},{"time":1.2,"name":"idle_Rem_01"},{"time":1.4,"name":"idle_Rem_02"},{"time":1.6,"name":"idle_Rem_03"},{"time":1.8,"name":"idle_Rem_04"},{"time":2,"name":"idle_Rem_00"},{"time":2.2,"name":"idle_Rem_01"},{"time":2.4,"name":"idle_Rem_02"},{"time":2.6,"name":"idle_Rem_03"},{"time":2.8,"name":"idle_Rem_04"},{"time":3,"name":"idle_Rem_00"}]},"MAIN2":{"attachment":[{"time":0,"name":"attack1_00"},{"time":0.1,"name":"attack1_01"},{"time":0.2,"name":"attack1_02"},{"time":0.3,"name":"attack1_00"},{"time":0.4,"name":"attack1_01"},{"time":0.5,"name":"attack1_02"},{"time":0.6,"name":"attack1_00"},{"time":0.7,"name":"attack1_01"},{"time":0.8,"name":"attack1_02"},{"time":0.9,"name":"attack1_00"},{"time":1,"name":"attack1_01"},{"time":1.1,"name":"attack1_02"},{"time":1.2,"name":"attack1_00"},{"time":1.3,"name":"attack1_01"},{"time":1.4,"name":"attack1_02"},{"time":1.5,"name":"attack1_00"},{"time":1.6,"name":"attack1_01"},{"time":1.7,"name":"attack1_02"},{"time":1.8,"name":"attack1_00"},{"time":1.9,"name":"attack1_04"},{"time":2.0666,"name":"attack1_05"},{"time":2.2666,"name":"attack1_06"},{"time":2.3333,"name":"attack1_07"},{"time":2.4,"name":"attack1_08"},{"time":2.6666,"name":"attack1_08"}]}},"bones":{"MAIN":{"translate":[{"time":0,"x":0,"y":-4.05},{"time":0.7333,"x":0,"y":-5},{"time":1.5,"x":0,"y":0},{"time":2.2333,"x":0,"y":-5},{"time":3,"x":0,"y":0}]}},"events":[{"time":0.1333,"name":"Sound1","string":"cri_se_battle_arrow_light_effect"},{"time":0.5666,"name":"Sound1","string":"cri_se_battle_magic_Invocation_dark"},{"time":1.5,"name":"Voice","string":"cri_116_voice_attack_random"},{"time":2.3,"name":"Event","string":"runScript_attack2"}]},"attack2":{"slots":{"MAIN":{"attachment":[{"time":0,"name":"attack2_00"},{"time":0.2,"name":"attack2_01"},{"time":0.4,"name":"attack2_02"},{"time":0.6,"name":"attack2_03"},{"time":0.8,"name":"attack2_04"},{"time":1,"name":"attack2_00"},{"time":1.2,"name":"attack2_01"},{"time":1.4,"name":"attack2_02"},{"time":1.6,"name":"attack2_03"},{"time":1.8,"name":"attack2_04"},{"time":2,"name":"attack2_00"},{"time":2.2,"name":"attack2_01"},{"time":2.4,"name":"attack2_02"},{"time":2.6,"name":"attack2_03"},{"time":2.8,"name":"attack2_04"},{"time":3,"name":"attack2_00"}]},"MAIN2":{"attachment":[{"time":0,"name":"attack1_00"},{"time":0.1,"name":"attack1_01"},{"time":0.2,"name":"attack1_02"},{"time":0.3,"name":"attack1_00"},{"time":0.4,"name":"attack1_01"},{"time":0.5,"name":"attack1_02"},{"time":0.6,"name":"attack1_00"},{"time":0.7,"name":"attack1_01"},{"time":0.8,"name":"attack1_02"},{"time":0.9,"name":"attack1_00"},{"time":1,"name":"attack1_01"},{"time":1.1,"name":"attack1_02"},{"time":1.2,"name":"attack1_00"},{"time":1.3,"name":"attack1_01"},{"time":1.4,"name":"attack1_02"},{"time":1.5,"name":"attack1_00"},{"time":1.6,"name":"attack1_01"},{"time":1.7,"name":"attack1_02"},{"time":1.8,"name":"attack1_00"},{"time":1.8666,"name":"attack1_04"},{"time":1.9,"name":"attack1_05"},{"time":2.2666,"name":"attack1_06"},{"time":2.3,"name":"attack1_07"},{"time":2.3333,"name":"attack1_08"},{"time":2.6666,"name":"attack1_08"}]}},"bones":{"MAIN":{"translate":[{"time":0,"x":0,"y":0},{"time":0.7333,"x":0,"y":-5},{"time":1.5,"x":0,"y":0},{"time":2.2333,"x":0,"y":-5},{"time":3,"x":0,"y":0}]}},"events":[{"time":0,"name":"Voice","string":"cri_116_voice_attack_random"}]},"attack1-library":{"slots":{"MAIN":{"attachment":[{"time":0,"name":"idle_Rem_04"},{"time":0.2,"name":"idle_Rem_01"},{"time":0.4,"name":"idle_Rem_02"},{"time":0.6,"name":"idle_Rem_03"},{"time":0.8,"name":"idle_Rem_04"},{"time":1,"name":"idle_Rem_00"},{"time":1.2,"name":"idle_Rem_01"},{"time":1.4,"name":"idle_Rem_02"},{"time":1.6,"name":"idle_Rem_03"},{"time":1.8,"name":"idle_Rem_04"},{"time":2,"name":"idle_Rem_00"},{"time":2.2,"name":"idle_Rem_01"},{"time":2.4,"name":"idle_Rem_02"},{"time":2.6,"name":"idle_Rem_03"},{"time":2.8,"name":"idle_Rem_04"},{"time":3,"name":"idle_Rem_00"}]},"MAIN2":{"attachment":[{"time":0,"name":"attack1_00"},{"time":0.1,"name":"attack1_01"},{"time":0.2,"name":"attack1_02"},{"time":0.3,"name":"attack1_00"},{"time":0.4,"name":"attack1_01"},{"time":0.5,"name":"attack1_02"},{"time":0.6,"name":"attack1_00"},{"time":0.7,"name":"attack1_01"},{"time":0.8,"name":"attack1_02"},{"time":0.9,"name":"attack1_00"},{"time":1,"name":"attack1_01"},{"time":1.1,"name":"attack1_02"},{"time":1.2,"name":"attack1_00"},{"time":1.3,"name":"attack1_01"},{"time":1.4,"name":"attack1_02"},{"time":1.5,"name":"attack1_00"},{"time":1.6,"name":"attack1_01"},{"time":1.7,"name":"attack1_02"},{"time":1.8,"name":"attack1_00"},{"time":1.9,"name":"attack1_04"},{"time":2.0666,"name":"attack1_05"},{"time":2.2666,"name":"attack1_06"},{"time":2.3333,"name":"attack1_07"},{"time":2.4,"name":"attack1_08"},{"time":2.6666,"name":"attack1_08"}]}},"bones":{"MAIN":{"translate":[{"time":0,"x":0,"y":-4.05},{"time":0.7333,"x":0,"y":-5},{"time":1.5,"x":0,"y":0},{"time":2.2333,"x":0,"y":-5},{"time":3,"x":0,"y":0}]}},"events":[{"time":0.1333,"name":"Sound1","string":"cri_se_battle_arrow_light_effect"},{"time":0.5666,"name":"Sound1","string":"cri_se_battle_magic_Invocation_dark"},{"time":1.5,"name":"Voice","string":"cri_116_voice_attack_random"},{"time":2.3,"name":"Event","string":"runScript_attack2"}]},"back":{"slots":{"MAIN":{"attachment":[{"time":0,"name":"idle_Rem_00"},{"time":0.2,"name":"idle_Rem_01"},{"time":0.4,"name":"idle_Rem_02"},{"time":0.6,"name":"idle_Rem_03"},{"time":0.8,"name":"idle_Rem_04"},{"time":1,"name":"idle_Rem_00"}]},"MAIN2":{"attachment":[{"time":0,"name":"idle_Naga_00"},{"time":0.2,"name":"idle_Naga_01"},{"time":0.4,"name":"idle_Naga_02"},{"time":0.6,"name":"idle_Naga_03"},{"time":0.8,"name":"idle_Naga_04"},{"time":1,"name":"idle_Naga_00"}]}},"bones":{"MAIN":{"translate":[{"time":0,"x":0,"y":0,"curve":[0.153,0.64,0.566,0.89]},{"time":0.6666,"x":130,"y":0,"curve":[0.373,0.64,0.729,0.94]},{"time":1,"x":140,"y":0}]}}},"cast":{"slots":{"MAIN":{"attachment":[{"time":0,"name":"skill1_00"},{"time":0.3333,"name":"skill1_01"},{"time":0.5333,"name":"skill1_02"},{"time":0.7666,"name":"skill1_03"},{"time":0.9666,"name":"skill1_04"}]},"MAIN2":{"attachment":[{"time":0,"name":"attack1_00"},{"time":0.2666,"name":"attack1_01"},{"time":0.4333,"name":"attack1_02"},{"time":0.6,"name":"attack1_04"},{"time":0.7666,"name":"attack1_05"},{"time":0.9,"name":"attack1_06"},{"time":0.9333,"name":"attack1_07"},{"time":1,"name":"attack1_08"}]}},"bones":{"MAIN":{"translate":[{"time":0,"x":0,"y":0},{"time":0.5,"x":0,"y":5},{"time":1,"x":0,"y":0}]}},"events":[{"time":0,"name":"Voice","string":"cri_116_voice_item"}]},"damage":{"slots":{"MAIN":{"attachment":[{"time":0,"name":"damage_00"}]},"MAIN2":{"attachment":[{"time":0,"name":null}]}}},"front":{"slots":{"MAIN":{"attachment":[{"time":0,"name":"idle_Rem_00"},{"time":0.2,"name":"idle_Rem_01"},{"time":0.4,"name":"idle_Rem_02"},{"time":0.6,"name":"idle_Rem_03"},{"time":0.8,"name":"idle_Rem_04"},{"time":1,"name":"idle_Rem_00"}]},"MAIN2":{"attachment":[{"time":0,"name":"idle_Naga_00"},{"time":0.2,"name":"idle_Naga_01"},{"time":0.4,"name":"idle_Naga_02"},{"time":0.6,"name":"idle_Naga_03"},{"time":0.8,"name":"idle_Naga_04"},{"time":1,"name":"idle_Naga_00"}]}},"bones":{"MAIN":{"translate":[{"time":0,"x":0,"y":0},{"time":0.5,"x":0,"y":-5},{"time":1,"x":0,"y":0}]}}},"idle":{"slots":{"MAIN":{"attachment":[{"time":0,"name":"idle_Rem_00"},{"time":0.2,"name":"idle_Rem_01"},{"time":0.4,"name":"idle_Rem_02"},{"time":0.6,"name":"idle_Rem_03"},{"time":0.8,"name":"idle_Rem_04"},{"time":1,"name":"idle_Rem_00"},{"time":1.2,"name":"idle_Rem_01"},{"time":1.4,"name":"idle_Rem_02"},{"time":1.6,"name":"idle_Rem_03"},{"time":1.8,"name":"idle_Rem_04"},{"time":2,"name":"idle_Rem_00"}]},"MAIN2":{"attachment":[{"time":0,"name":"idle_Naga_00"},{"time":0.2,"name":"idle_Naga_01"},{"time":0.4,"name":"idle_Naga_02"},{"time":0.6,"name":"idle_Naga_03"},{"time":0.8,"name":"idle_Naga_04"},{"time":1,"name":"idle_Naga_00"},{"time":1.2,"name":"idle_Naga_01"},{"time":1.4,"name":"idle_Naga_02"},{"time":1.6,"name":"idle_Naga_03"},{"time":1.8,"name":"idle_Naga_04"},{"time":2,"name":"idle_Naga_00"}]}},"bones":{"MAIN":{"translate":[{"time":0,"x":0,"y":0},{"time":1,"x":0,"y":-5},{"time":2,"x":0,"y":0}]}}},"in":{"slots":{"MAIN":{"attachment":[{"time":0,"name":"idle_Rem_00"},{"time":0.2,"name":"idle_Rem_01"},{"time":0.4,"name":"idle_Rem_02"},{"time":0.6,"name":"idle_Rem_03"},{"time":0.8,"name":"idle_Rem_04"},{"time":1,"name":"idle_Rem_00"},{"time":1.2,"name":"idle_Rem_01"},{"time":1.4,"name":"idle_Rem_02"},{"time":1.6,"name":"idle_Rem_03"},{"time":1.8,"name":"idle_Rem_04"},{"time":2,"name":"idle_Rem_00"}],"color":[{"time":0,"color":"ffffff00"},{"time":1.1666,"color":"ffffffff"}]},"MAIN2":{"attachment":[{"time":0,"name":"idle_Naga_00"},{"time":0.2,"name":"idle_Naga_01"},{"time":0.4,"name":"idle_Naga_02"},{"time":0.6,"name":"idle_Naga_03"},{"time":0.8,"name":"idle_Naga_04"},{"time":1,"name":"idle_Naga_00"},{"time":1.2,"name":"idle_Naga_01"},{"time":1.4,"name":"idle_Naga_02"},{"time":1.6,"name":"idle_Naga_03"},{"time":1.8,"name":"idle_Naga_04"},{"time":2,"name":"idle_Naga_00"}],"color":[{"time":0,"color":"ffffff00"},{"time":1.1666,"color":"ffffffff"}]}},"bones":{"MAIN":{"translate":[{"time":0,"x":0,"y":0},{"time":1,"x":0,"y":-5},{"time":2,"x":0,"y":0}]},"root":{"translate":[{"time":0,"x":0,"y":20},{"time":1.1666,"x":0,"y":0}]}},"events":[{"time":1.1666,"name":"Event","string":"takeBattleEffectAnimation(summon_3)"},{"time":1.9666,"name":"Event","string":"takeIdle"}]},"skill1":{"slots":{"MAIN":{"attachment":[{"time":0,"name":"skill1_00"},{"time":0.0666,"name":"skill1_01"},{"time":0.1666,"name":"skill1_02"},{"time":0.2666,"name":"skill1_03"},{"time":0.3666,"name":"skill1_04"},{"time":0.4666,"name":"skill1_02"},{"time":0.5666,"name":"skill1_03"},{"time":0.6666,"name":"skill1_04"},{"time":0.7666,"name":"skill1_02"},{"time":0.8666,"name":"skill1_03"},{"time":0.9666,"name":"skill1_04"},{"time":1.0666,"name":"skill1_02"},{"time":1.1666,"name":"skill1_03"},{"time":1.2666,"name":"skill1_04"},{"time":1.3666,"name":"skill1_02"},{"time":1.4666,"name":"skill1_05"},{"time":1.5333,"name":"skill1_06"},{"time":1.6,"name":"skill1_07"},{"time":1.8333,"name":"skill1_08"},{"time":1.9,"name":"skill1_09"},{"time":1.9333,"name":"skill1_10"},{"time":2,"name":"skill1_11"}]},"MAIN2":{"attachment":[{"time":0,"name":"attack1_01"},{"time":0.1666,"name":"attack1_00"},{"time":0.2666,"name":"attack1_01"},{"time":0.3666,"name":"attack1_02"},{"time":0.4666,"name":"attack1_00"},{"time":0.5666,"name":"attack1_01"},{"time":0.6666,"name":"attack1_02"},{"time":0.7666,"name":"attack1_00"},{"time":0.8666,"name":"attack1_01"},{"time":0.9666,"name":"attack1_02"},{"time":1.0666,"name":"attack1_00"},{"time":1.1666,"name":"attack1_01"},{"time":1.2666,"name":"attack1_02"},{"time":1.3666,"name":"attack1_00"},{"time":1.5,"name":"attack1_04"},{"time":1.6333,"name":"attack1_05"},{"time":1.8666,"name":"attack1_06"},{"time":1.9333,"name":"attack1_07"},{"time":2,"name":"attack1_08"}]}},"bones":{"MAIN":{"translate":[{"time":0,"x":0,"y":0},{"time":0.7666,"x":0,"y":-5},{"time":1.5,"x":0,"y":0},{"time":2.2333,"x":0,"y":-5},{"time":2.8666,"x":0,"y":0}]}},"events":[{"time":0.3,"name":"Sound1","string":"cri_se_battle_arrow_light_effect"},{"time":0.7333,"name":"Sound1","string":"cri_se_battle_magic_Invocation_dark"},{"time":0.8,"name":"Event","string":"runScript_skill1"},{"time":1.5,"name":"Voice","string":"cri_116_voice_skill_all"}]},"skill2":{"slots":{"DAMAGEAREA":{"attachment":[{"time":1.1666,"name":"DAMAGEAREA"},{"time":4.8333,"name":null}]},"MAIN":{"attachment":[{"time":0,"name":"skill1_00"},{"time":0.0666,"name":"skill1_01"},{"time":0.1666,"name":"skill1_02"},{"time":0.2666,"name":"skill1_03"},{"time":0.3666,"name":"skill1_04"},{"time":0.4666,"name":"skill1_02"},{"time":0.5666,"name":"skill1_03"},{"time":0.6666,"name":"skill1_04"},{"time":0.7666,"name":"skill1_02"},{"time":0.8666,"name":"skill1_03"},{"time":0.9666,"name":"skill1_04"},{"time":1.0666,"name":"skill1_02"},{"time":1.1666,"name":"skill1_03"},{"time":1.2666,"name":"skill1_04"},{"time":1.3666,"name":"skill1_02"},{"time":1.4666,"name":"skill1_03"},{"time":1.5666,"name":"skill1_04"},{"time":1.6666,"name":"skill1_02"},{"time":1.7666,"name":"skill1_03"},{"time":1.8666,"name":"skill1_04"},{"time":1.9666,"name":"skill1_02"},{"time":2.0666,"name":"skill1_03"},{"time":2.1666,"name":"skill1_04"},{"time":2.2666,"name":"skill1_02"},{"time":2.3666,"name":"skill1_03"},{"time":2.4666,"name":"skill1_04"},{"time":2.5666,"name":"skill1_02"},{"time":2.6666,"name":"skill1_03"},{"time":2.7666,"name":"skill1_04"},{"time":2.8666,"name":"skill1_02"},{"time":2.9666,"name":"skill1_03"},{"time":3.0666,"name":"skill1_04"},{"time":3.1666,"name":"skill1_02"},{"time":3.2666,"name":"skill1_03"},{"time":3.3666,"name":"skill1_04"},{"time":3.4666,"name":"skill1_02"},{"time":3.5666,"name":"skill1_03"},{"time":3.6666,"name":"skill1_04"},{"time":3.7666,"name":"skill1_02"},{"time":3.8666,"name":"skill1_03"},{"time":3.9666,"name":"skill1_04"},{"time":4.0666,"name":"skill1_02"},{"time":4.1666,"name":"skill1_03"},{"time":4.2666,"name":"skill1_04"},{"time":4.3666,"name":"skill1_02"},{"time":4.4666,"name":"skill1_03"},{"time":4.5666,"name":"skill1_04"}]},"MAIN2":{"attachment":[{"time":0,"name":"attack1_01"},{"time":0.1666,"name":"attack1_00"},{"time":0.2666,"name":"attack1_01"},{"time":0.3666,"name":"attack1_02"},{"time":0.4666,"name":"attack1_00"},{"time":0.5666,"name":"attack1_01"},{"time":0.6666,"name":"attack1_02"},{"time":0.7666,"name":"attack1_00"},{"time":0.8666,"name":"attack1_01"},{"time":0.9666,"name":"attack1_02"},{"time":1.0666,"name":"attack1_00"},{"time":1.1666,"name":"attack1_01"},{"time":1.2666,"name":"attack1_02"},{"time":1.3666,"name":"attack1_00"},{"time":1.4666,"name":"attack1_01"},{"time":1.5666,"name":"attack1_02"},{"time":1.6666,"name":"attack1_00"},{"time":1.7666,"name":"attack1_01"},{"time":1.8666,"name":"attack1_02"},{"time":1.9666,"name":"attack1_00"},{"time":2.0666,"name":"attack1_01"},{"time":2.1666,"name":"attack1_02"},{"time":2.2666,"name":"attack1_00"},{"time":2.3666,"name":"attack1_01"},{"time":2.4666,"name":"attack1_02"},{"time":2.5666,"name":"attack1_00"},{"time":2.6666,"name":"attack1_01"},{"time":2.7666,"name":"attack1_02"},{"time":2.8666,"name":"attack1_00"},{"time":2.9666,"name":"attack1_01"},{"time":3.0666,"name":"attack1_02"},{"time":3.1666,"name":"attack1_00"},{"time":3.2666,"name":"attack1_01"},{"time":3.3666,"name":"attack1_02"},{"time":3.4666,"name":"attack1_00"},{"time":3.5666,"name":"attack1_01"},{"time":3.6666,"name":"attack1_02"},{"time":3.7666,"name":"attack1_00"},{"time":3.8666,"name":"attack1_01"},{"time":3.9666,"name":"attack1_02"},{"time":4.0666,"name":"attack1_00"},{"time":4.1666,"name":"attack1_01"},{"time":4.2666,"name":"attack1_02"},{"time":4.3666,"name":"attack1_00"},{"time":4.4666,"name":"attack1_01"},{"time":4.5666,"name":"attack1_02"}]}},"bones":{"MAIN":{"translate":[{"time":0,"x":0,"y":0},{"time":1,"x":0,"y":-5},{"time":2,"x":0,"y":0},{"time":3,"x":0,"y":-5},{"time":4,"x":0,"y":0}]},"DAMAGEAREA":{"translate":[{"time":1.1666,"x":0,"y":351.61}],"scale":[{"time":1.1666,"x":20.923,"y":10.059}]}},"events":[{"time":0.3,"name":"Sound1","string":"cri_se_battle_arrow_light_effect"},{"time":0.3,"name":"Voice","string":"cri_116_voice_fullarts_rank5"},{"time":0.7333,"name":"Sound1","string":"cri_se_battle_magic_Invocation_dark"},{"time":1.0333,"name":"Event","string":"addOrbitSystemCamera_skill2Snow2"},{"time":1.0666,"name":"Event","float":0.1,"string":"kHitStopType_enemyonly"},{"time":1.1,"name":"Event","string":"kImpactType_up"},{"time":1.1666,"name":"Event","float":4,"string":"shakeGround_Loop"},{"time":1.1666,"name":"Sound1","string":"setHitSound(se_battle_007_attack_hit_01)"},{"time":1.2,"name":"Hit","string":"resetHitList"},{"time":1.2,"name":"Sound1","string":"setHitSound(empty)"},{"time":1.2333,"name":"Hit","string":"resetHitList"},{"time":1.2666,"name":"Hit","string":"resetHitList"},{"time":1.2666,"name":"Sound1","string":"setHitSound(se_battle_007_attack_hit_01)"},{"time":1.3,"name":"Hit","string":"resetHitList"},{"time":1.3,"name":"Sound1","string":"setHitSound(empty)"},{"time":1.3333,"name":"Hit","string":"resetHitList"},{"time":1.3666,"name":"Hit","string":"resetHitList"},{"time":1.3666,"name":"Sound1","string":"setHitSound(se_battle_007_attack_hit_01)"},{"time":1.4,"name":"Hit","string":"resetHitList"},{"time":1.4,"name":"Sound1","string":"setHitSound(empty)"},{"time":1.4333,"name":"Hit","string":"resetHitList"},{"time":1.4666,"name":"Hit","string":"resetHitList"},{"time":1.4666,"name":"Sound1","string":"setHitSound(se_battle_007_attack_hit_01)"},{"time":1.5,"name":"Hit","string":"resetHitList"},{"time":1.5,"name":"Sound1","string":"setHitSound(empty)"},{"time":1.5333,"name":"Hit","string":"resetHitList"},{"time":1.5666,"name":"Hit","string":"resetHitList"},{"time":1.5666,"name":"Sound1","string":"setHitSound(se_battle_007_attack_hit_01)"},{"time":1.6,"name":"Hit","string":"resetHitList"},{"time":1.6,"name":"Sound1","string":"setHitSound(empty)"},{"time":1.6333,"name":"Hit","string":"resetHitList"},{"time":1.6666,"name":"Hit","string":"resetHitList"},{"time":1.6666,"name":"Sound1","string":"setHitSound(se_battle_007_attack_hit_01)"},{"time":1.7,"name":"Hit","string":"resetHitList"},{"time":1.7,"name":"Sound1","string":"setHitSound(empty)"},{"time":1.7333,"name":"Hit","string":"resetHitList"},{"time":1.7666,"name":"Hit","string":"resetHitList"},{"time":1.7666,"name":"Sound1","string":"setHitSound(se_battle_007_attack_hit_01)"},{"time":1.8,"name":"Hit","string":"resetHitList"},{"time":1.8,"name":"Sound1","string":"setHitSound(empty)"},{"time":1.8333,"name":"Hit","string":"resetHitList"},{"time":1.8666,"name":"Hit","string":"resetHitList"},{"time":1.8666,"name":"Sound1","string":"setHitSound(se_battle_007_attack_hit_01)"},{"time":1.9,"name":"Hit","string":"resetHitList"},{"time":1.9,"name":"Sound1","string":"setHitSound(empty)"},{"time":1.9333,"name":"Hit","string":"resetHitList"},{"time":1.9666,"name":"Hit","string":"resetHitList"},{"time":1.9666,"name":"Sound1","string":"setHitSound(se_battle_007_attack_hit_01)"},{"time":2,"name":"Hit","string":"resetHitList"},{"time":2,"name":"Sound1","string":"setHitSound(empty)"},{"time":2.0333,"name":"Hit","string":"resetHitList"},{"time":2.0666,"name":"Hit","string":"resetHitList"},{"time":2.0666,"name":"Sound1","string":"setHitSound(se_battle_007_attack_hit_01)"},{"time":2.1,"name":"Hit","string":"resetHitList"},{"time":2.1,"name":"Sound1","string":"setHitSound(empty)"},{"time":2.1333,"name":"Hit","string":"resetHitList"},{"time":2.1666,"name":"Hit","string":"resetHitList"},{"time":2.1666,"name":"Sound1","string":"setHitSound(se_battle_007_attack_hit_01)"},{"time":2.2,"name":"Hit","string":"resetHitList"},{"time":2.2,"name":"Sound1","string":"setHitSound(empty)"},{"time":2.2333,"name":"Hit","string":"resetHitList"},{"time":2.2666,"name":"Hit","string":"resetHitList"},{"time":2.2666,"name":"Sound1","string":"setHitSound(se_battle_007_attack_hit_01)"},{"time":2.3,"name":"Hit","string":"resetHitList"},{"time":2.3,"name":"Sound1","string":"setHitSound(empty)"},{"time":2.3333,"name":"Hit","string":"resetHitList"},{"time":2.3666,"name":"Hit","string":"resetHitList"},{"time":2.3666,"name":"Sound1","string":"setHitSound(se_battle_007_attack_hit_01)"},{"time":2.4,"name":"Hit","string":"resetHitList"},{"time":2.4,"name":"Sound1","string":"setHitSound(empty)"},{"time":2.4333,"name":"Hit","string":"resetHitList"},{"time":2.4666,"name":"Hit","string":"resetHitList"},{"time":2.4666,"name":"Sound1","string":"setHitSound(se_battle_007_attack_hit_01)"},{"time":2.5,"name":"Hit","string":"resetHitList"},{"time":2.5,"name":"Sound1","string":"setHitSound(empty)"},{"time":2.5333,"name":"Hit","string":"resetHitList"},{"time":2.5666,"name":"Hit","string":"resetHitList"},{"time":2.5666,"name":"Sound1","string":"setHitSound(se_battle_007_attack_hit_01)"},{"time":2.6,"name":"Hit","string":"resetHitList"},{"time":2.6,"name":"Sound1","string":"setHitSound(empty)"},{"time":2.6333,"name":"Hit","string":"resetHitList"},{"time":2.6666,"name":"Hit","string":"resetHitList"},{"time":2.6666,"name":"Sound1","string":"setHitSound(se_battle_007_attack_hit_01)"},{"time":2.7,"name":"Hit","string":"resetHitList"},{"time":2.7,"name":"Sound1","string":"setHitSound(empty)"},{"time":2.7333,"name":"Hit","string":"resetHitList"},{"time":2.7666,"name":"Hit","string":"resetHitList"},{"time":2.7666,"name":"Sound1","string":"setHitSound(se_battle_007_attack_hit_01)"},{"time":2.8,"name":"Hit","string":"resetHitList"},{"time":2.8,"name":"Sound1","string":"setHitSound(empty)"},{"time":2.8333,"name":"Hit","string":"resetHitList"},{"time":2.8666,"name":"Hit","string":"resetHitList"},{"time":2.8666,"name":"Sound1","string":"setHitSound(se_battle_007_attack_hit_01)"},{"time":2.9,"name":"Hit","string":"resetHitList"},{"time":2.9,"name":"Sound1","string":"setHitSound(empty)"},{"time":2.9333,"name":"Hit","string":"resetHitList"},{"time":2.9666,"name":"Hit","string":"resetHitList"},{"time":2.9666,"name":"Sound1","string":"setHitSound(se_battle_007_attack_hit_01)"},{"time":3,"name":"Hit","string":"resetHitList"},{"time":3,"name":"Sound1","string":"setHitSound(empty)"},{"time":3.0333,"name":"Hit","string":"resetHitList"},{"time":3.0666,"name":"Hit","string":"resetHitList"},{"time":3.0666,"name":"Sound1","string":"setHitSound(se_battle_007_attack_hit_01)"},{"time":3.1,"name":"Hit","string":"resetHitList"},{"time":3.1,"name":"Sound1","string":"setHitSound(empty)"},{"time":3.1333,"name":"Hit","string":"resetHitList"},{"time":3.1666,"name":"Hit","string":"resetHitList"},{"time":3.1666,"name":"Sound1","string":"setHitSound(se_battle_007_attack_hit_01)"},{"time":3.2,"name":"Hit","string":"resetHitList"},{"time":3.2,"name":"Sound1","string":"setHitSound(empty)"},{"time":3.2333,"name":"Hit","string":"resetHitList"},{"time":3.2666,"name":"Hit","string":"resetHitList"},{"time":3.2666,"name":"Sound1","string":"setHitSound(se_battle_007_attack_hit_01)"},{"time":3.3,"name":"Hit","string":"resetHitList"},{"time":3.3,"name":"Sound1","string":"setHitSound(empty)"},{"time":3.3333,"name":"Hit","string":"resetHitList"},{"time":3.3666,"name":"Hit","string":"resetHitList"},{"time":3.3666,"name":"Sound1","string":"setHitSound(se_battle_007_attack_hit_01)"},{"time":3.4,"name":"Hit","string":"resetHitList"},{"time":3.4,"name":"Sound1","string":"setHitSound(empty)"},{"time":3.4333,"name":"Hit","string":"resetHitList"},{"time":3.4666,"name":"Hit","string":"resetHitList"},{"time":3.4666,"name":"Sound1","string":"setHitSound(se_battle_007_attack_hit_01)"},{"time":3.5,"name":"Hit","string":"resetHitList"},{"time":3.5,"name":"Sound1","string":"setHitSound(empty)"},{"time":3.5333,"name":"Hit","string":"resetHitList"},{"time":3.5666,"name":"Hit","string":"resetHitList"},{"time":3.5666,"name":"Sound1","string":"setHitSound(se_battle_007_attack_hit_01)"},{"time":3.6,"name":"Hit","string":"resetHitList"},{"time":3.6,"name":"Sound1","string":"setHitSound(empty)"},{"time":3.6333,"name":"Hit","string":"resetHitList"},{"time":3.6666,"name":"Hit","string":"resetHitList"},{"time":3.6666,"name":"Sound1","string":"setHitSound(se_battle_007_attack_hit_01)"},{"time":3.7,"name":"Hit","string":"resetHitList"},{"time":3.7,"name":"Sound1","string":"setHitSound(empty)"},{"time":3.7333,"name":"Hit","string":"resetHitList"},{"time":3.7666,"name":"Hit","string":"resetHitList"},{"time":3.7666,"name":"Sound1","string":"setHitSound(se_battle_007_attack_hit_01)"},{"time":3.8,"name":"Hit","string":"resetHitList"},{"time":3.8,"name":"Sound1","string":"setHitSound(empty)"},{"time":3.8333,"name":"Hit","string":"resetHitList"},{"time":3.8666,"name":"Hit","string":"resetHitList"},{"time":3.8666,"name":"Sound1","string":"setHitSound(se_battle_007_attack_hit_01)"},{"time":3.9,"name":"Hit","string":"resetHitList"},{"time":3.9,"name":"Sound1","string":"setHitSound(empty)"},{"time":3.9333,"name":"Hit","string":"resetHitList"},{"time":3.9666,"name":"Hit","string":"resetHitList"},{"time":3.9666,"name":"Sound1","string":"setHitSound(se_battle_007_attack_hit_01)"},{"time":4,"name":"Hit","string":"resetHitList"},{"time":4,"name":"Sound1","string":"setHitSound(empty)"},{"time":4.0333,"name":"Hit","string":"resetHitList"},{"time":4.0666,"name":"Hit","string":"resetHitList"},{"time":4.0666,"name":"Sound1","string":"setHitSound(se_battle_007_attack_hit_01)"},{"time":4.1,"name":"Hit","string":"resetHitList"},{"time":4.1,"name":"Sound1","string":"setHitSound(empty)"},{"time":4.1333,"name":"Hit","string":"resetHitList"},{"time":4.1666,"name":"Hit","string":"resetHitList"},{"time":4.1666,"name":"Sound1","string":"setHitSound(se_battle_007_attack_hit_01)"},{"time":4.2,"name":"Hit","string":"resetHitList"},{"time":4.2,"name":"Sound1","string":"setHitSound(empty)"},{"time":4.2333,"name":"Hit","string":"resetHitList"},{"time":4.2666,"name":"Hit","string":"resetHitList"},{"time":4.2666,"name":"Sound1","string":"setHitSound(se_battle_007_attack_hit_01)"},{"time":4.3,"name":"Hit","string":"resetHitList"},{"time":4.3,"name":"Sound1","string":"setHitSound(empty)"},{"time":4.3333,"name":"Hit","string":"resetHitList"},{"time":4.3666,"name":"Hit","string":"resetHitList"},{"time":4.3666,"name":"Sound1","string":"setHitSound(se_battle_007_attack_hit_01)"},{"time":4.4,"name":"Hit","string":"resetHitList"},{"time":4.4,"name":"Sound1","string":"setHitSound(empty)"},{"time":4.4333,"name":"Hit","string":"resetHitList"},{"time":4.4666,"name":"Hit","string":"resetHitList"},{"time":4.4666,"name":"Sound1","string":"setHitSound(se_battle_007_attack_hit_01)"},{"time":4.5,"name":"Hit","string":"resetHitList"},{"time":4.5,"name":"Sound1","string":"setHitSound(empty)"},{"time":4.5333,"name":"Hit","string":"resetHitList"},{"time":4.5666,"name":"Hit","string":"resetHitList"},{"time":4.5666,"name":"Sound1","string":"setHitSound(se_battle_007_attack_hit_01)"},{"time":4.6,"name":"Hit","string":"resetHitList"},{"time":4.6,"name":"Sound1","string":"setHitSound(empty)"},{"time":4.6333,"name":"Hit","string":"resetHitList"},{"time":4.6666,"name":"Hit","string":"resetHitList"},{"time":4.6666,"name":"Sound1","string":"setHitSound(se_battle_007_attack_hit_01)"},{"time":4.7,"name":"Hit","string":"resetHitList"},{"time":4.7,"name":"Sound1","string":"setHitSound(empty)"},{"time":4.7333,"name":"Hit","string":"resetHitList"},{"time":4.7666,"name":"Hit","string":"resetHitList"},{"time":4.7666,"name":"Sound1","string":"setHitSound(se_battle_007_attack_hit_01)"},{"time":4.8,"name":"Hit","string":"resetHitList"},{"time":4.8,"name":"Sound1","string":"setHitSound(empty)"}]},"skill3":{"slots":{"EF_magic1_1":{"attachment":[{"time":4,"name":"EF/5230_magic1/5230_magic1_00000"}],"color":[{"time":4.6666,"color":"ffffffff","curve":[0.25,0,0.75,1]},{"time":5.5,"color":"ffffff00"}]},"MAIN":{"attachment":[{"time":0,"name":"skill1_00"},{"time":0.0666,"name":"skill1_01"},{"time":0.1666,"name":"skill1_02"},{"time":0.2666,"name":"skill1_03"},{"time":0.3666,"name":"skill1_04"},{"time":0.4666,"name":"skill1_02"},{"time":0.5666,"name":"skill1_03"},{"time":0.6666,"name":"skill1_04"},{"time":0.7666,"name":"skill1_02"},{"time":0.8666,"name":"skill1_03"},{"time":0.9666,"name":"skill1_04"},{"time":1.0666,"name":"skill1_02"},{"time":1.1666,"name":"skill1_03"},{"time":1.2666,"name":"skill1_04"},{"time":1.3666,"name":"skill1_02"},{"time":1.4666,"name":"skill1_03"},{"time":1.5666,"name":"skill1_04"},{"time":1.6666,"name":"skill1_02"},{"time":1.7666,"name":"skill1_03"},{"time":1.8666,"name":"skill1_04"},{"time":1.9666,"name":"skill1_02"},{"time":2.0666,"name":"skill1_03"},{"time":2.1666,"name":"skill1_04"},{"time":2.2666,"name":"skill1_02"},{"time":2.3666,"name":"skill1_03"},{"time":2.4666,"name":"skill1_04"},{"time":2.5666,"name":"skill1_02"},{"time":2.6666,"name":"skill1_03"},{"time":2.7666,"name":"skill1_04"},{"time":2.8666,"name":"skill1_02"},{"time":2.9666,"name":"skill1_03"},{"time":3.0666,"name":"skill1_04"},{"time":3.1666,"name":"skill1_02"},{"time":3.2666,"name":"skill1_03"},{"time":3.3666,"name":"skill1_04"},{"time":3.4666,"name":"skill1_02"},{"time":3.5666,"name":"skill1_03"},{"time":3.6666,"name":"skill1_04"},{"time":3.7666,"name":"skill1_02"},{"time":3.8666,"name":"skill1_03"},{"time":3.9666,"name":"skill1_02"},{"time":4,"name":"skill1_05"},{"time":4.0666,"name":"skill1_06"},{"time":4.1333,"name":"skill1_07"},{"time":4.5,"name":"skill1_08"},{"time":4.5666,"name":"skill1_09"},{"time":4.6,"name":"skill1_10"},{"time":4.6666,"name":"skill1_11"}]},"MAIN2":{"attachment":[{"time":0,"name":"attack1_01"},{"time":0.1666,"name":"attack1_00"},{"time":0.2666,"name":"attack1_01"},{"time":0.3666,"name":"attack1_02"},{"time":0.4666,"name":"attack1_00"},{"time":0.5666,"name":"attack1_01"},{"time":0.6666,"name":"attack1_02"},{"time":0.7666,"name":"attack1_00"},{"time":0.8666,"name":"attack1_01"},{"time":0.9666,"name":"attack1_02"},{"time":1.0666,"name":"attack1_00"},{"time":1.1666,"name":"attack1_01"},{"time":1.2666,"name":"attack1_02"},{"time":1.3666,"name":"attack1_00"},{"time":1.4666,"name":"attack1_01"},{"time":1.5666,"name":"attack1_02"},{"time":1.6666,"name":"attack1_00"},{"time":1.7666,"name":"attack1_01"},{"time":1.8666,"name":"attack1_02"},{"time":1.9666,"name":"attack1_00"},{"time":2.0666,"name":"attack1_01"},{"time":2.1666,"name":"attack1_02"},{"time":2.2666,"name":"attack1_00"},{"time":2.3666,"name":"attack1_01"},{"time":2.4666,"name":"attack1_02"},{"time":2.5666,"name":"attack1_00"},{"time":2.6666,"name":"attack1_01"},{"time":2.7666,"name":"attack1_02"},{"time":2.8666,"name":"attack1_00"},{"time":2.9666,"name":"attack1_01"},{"time":3.0666,"name":"attack1_02"},{"time":3.1666,"name":"attack1_00"},{"time":3.2666,"name":"attack1_01"},{"time":3.3666,"name":"attack1_02"},{"time":3.4666,"name":"attack1_00"},{"time":3.5666,"name":"attack1_01"},{"time":3.6666,"name":"attack1_02"},{"time":3.7666,"name":"attack1_00"},{"time":3.8666,"name":"attack1_01"},{"time":3.9666,"name":"attack1_00"},{"time":4.0333,"name":"attack1_04"},{"time":4.1666,"name":"attack1_05"},{"time":4.5333,"name":"attack1_06"},{"time":4.6,"name":"attack1_07"},{"time":4.6666,"name":"attack1_08"}]}},"bones":{"MAIN":{"translate":[{"time":0,"x":0,"y":0},{"time":1,"x":0,"y":-5},{"time":2,"x":0,"y":0},{"time":3,"x":0,"y":-5},{"time":4,"x":0,"y":0},{"time":4.5666,"x":2.1,"y":0},{"time":4.6,"x":21.96,"y":0},{"time":4.6666,"x":0,"y":0,"curve":"stepped"},{"time":6,"x":0,"y":0}]},"EF_magic1_1":{"rotate":[{"time":4,"angle":0,"curve":"stepped"},{"time":4.1666,"angle":0}],"translate":[{"time":4,"x":-13.6,"y":243.29}],"scale":[{"time":4,"x":0.023,"y":0.023,"curve":[0.172,0.67,0.75,1]},{"time":4.1666,"x":1.827,"y":1.827,"curve":"stepped"},{"time":4.3666,"x":1.827,"y":1.827},{"time":4.5333,"x":1.738,"y":1.738,"curve":[0.178,0.77,0.75,1]},{"time":5.1666,"x":3.168,"y":3.168}]}},"events":[{"time":0,"name":"Event","string":"addOrbitSystem-skill3shot"},{"time":0.1333,"name":"Sound1","string":"cri_se_battle_arrow_light_effect"},{"time":0.1333,"name":"Voice","string":"cri_116_voice_damage_c"},{"time":0.5666,"name":"Sound1","string":"cri_se_battle_magic_Invocation_dark"},{"time":2,"name":"Voice","string":"cri_116_voice_skill_b"},{"time":3.8666,"name":"Voice","string":"cri_116_voice_fullarts_now"},{"time":4,"name":"Sound1","string":"cri_se_battle_arrow_light_effect"},{"time":4.4333,"name":"Sound1","string":"cri_se_battle_charge_completion"},{"time":4.8666,"name":"Sound2"}]},"skill1-library":{"slots":{"MAIN":{"attachment":[{"time":0,"name":"skill1_00"},{"time":0.0666,"name":"skill1_01"},{"time":0.1666,"name":"skill1_02"},{"time":0.2666,"name":"skill1_03"},{"time":0.3666,"name":"skill1_04"},{"time":0.4666,"name":"skill1_02"},{"time":0.5666,"name":"skill1_03"},{"time":0.6666,"name":"skill1_04"},{"time":0.7666,"name":"skill1_02"},{"time":0.8666,"name":"skill1_03"},{"time":0.9666,"name":"skill1_04"},{"time":1.0666,"name":"skill1_02"},{"time":1.1666,"name":"skill1_03"},{"time":1.2666,"name":"skill1_04"},{"time":1.3666,"name":"skill1_02"},{"time":1.4666,"name":"skill1_05"},{"time":1.5333,"name":"skill1_06"},{"time":1.6,"name":"skill1_07"},{"time":1.8333,"name":"skill1_08"},{"time":1.9,"name":"skill1_09"},{"time":1.9333,"name":"skill1_10"},{"time":2,"name":"skill1_11"}]},"MAIN2":{"attachment":[{"time":0,"name":"attack1_01"},{"time":0.1666,"name":"attack1_00"},{"time":0.2666,"name":"attack1_01"},{"time":0.3666,"name":"attack1_02"},{"time":0.4666,"name":"attack1_00"},{"time":0.5666,"name":"attack1_01"},{"time":0.6666,"name":"attack1_02"},{"time":0.7666,"name":"attack1_00"},{"time":0.8666,"name":"attack1_01"},{"time":0.9666,"name":"attack1_02"},{"time":1.0666,"name":"attack1_00"},{"time":1.1666,"name":"attack1_01"},{"time":1.2666,"name":"attack1_02"},{"time":1.3666,"name":"attack1_00"},{"time":1.5,"name":"attack1_04"},{"time":1.6333,"name":"attack1_05"},{"time":1.8666,"name":"attack1_06"},{"time":1.9333,"name":"attack1_07"},{"time":2,"name":"attack1_08"}]}},"bones":{"MAIN":{"translate":[{"time":0,"x":0,"y":0},{"time":0.7666,"x":0,"y":-5},{"time":1.5,"x":0,"y":0},{"time":2.2333,"x":0,"y":-5},{"time":2.8666,"x":0,"y":0}]}},"events":[{"time":0.3,"name":"Sound1","string":"cri_se_battle_arrow_light_effect"},{"time":0.7333,"name":"Sound1","string":"cri_se_battle_magic_Invocation_dark"},{"time":0.8,"name":"Event","string":"runScript_skill1"},{"time":1.5,"name":"Voice","string":"cri_116_voice_skill_all"}]}}}