{"skeleton":{"hash":"JDHgCdgjzj6nHKc38/gLbo6EGLQ","spine":"3.0.12","width":0,"height":0},"bones":[{"name":"root"},{"name":"MAIN","parent":"root","y":62.81}],"slots":[{"name":"MAIN","bone":"MAIN","attachment":"idle_00"}],"skins":{"default":{"MAIN":{"idle_00":{"x":13,"y":2.18,"width":410,"height":410},"idle_01":{"x":13,"y":2.18,"width":410,"height":410},"idle_02":{"x":13,"y":2.18,"width":410,"height":410},"idle_03":{"x":13,"y":2.18,"width":410,"height":410},"idle_04":{"x":13,"y":2.18,"width":410,"height":410}}}},"events":{"Sound1":{},"Sound2":{},"Sound3":{},"event":{},"hit":{},"voice":{}},"animations":{"idle":{"slots":{"MAIN":{"attachment":[{"time":0,"name":"idle_00"},{"time":0.2,"name":"idle_01"},{"time":0.4,"name":"idle_02"},{"time":0.6,"name":"idle_03"},{"time":0.8,"name":"idle_04"},{"time":1,"name":"idle_00"}]}},"bones":{"MAIN":{"translate":[{"time":0,"x":0,"y":0}]}}}}}