{"skeleton":{"hash":"HKv0nwAHFKppiTgWj+VoppFG+Fs","spine":"3.0.12","width":512,"height":512},"bones":[{"name":"root"},{"name":"graund_wave_3","parent":"root","x":-200,"y":100},{"name":"graund_wave_2","parent":"root","x":-200,"y":100},{"name":"graund_wave_1","parent":"root","x":-200,"y":100},{"name":"earth_4","parent":"root","x":-300},{"name":"earth_3","parent":"root","x":-300},{"name":"earth_2","parent":"root","x":-300},{"name":"earth_1","parent":"root","x":-300},{"name":"dome_main","parent":"root","x":-100,"y":100},{"name":"dash","parent":"root","x":-100},{"name":"MAIN","parent":"root","y":95},{"name":"hand","parent":"MAIN","x":-100,"y":55},{"name":"energy_ball_2","parent":"MAIN","x":-200,"y":-95},{"name":"energy_ball_1","parent":"MAIN","x":-200,"y":-95},{"name":"ef","parent":"MAIN","x":6.13,"y":-16},{"name":"HITBOX","parent":"MAIN","y":-28.92},{"name":"DAMAGEAREA","parent":"root"},{"name":"skill1ef","parent":"MAIN","x":-100,"y":-45,"scaleX":2,"scaleY":2}],"slots":[{"name":"skill1hand_00","bone":"skill1ef"},{"name":"EF/EF_all/ef_graund_wave_purple/ef_graund_wave_purple_00002","bone":"graund_wave_1","blend":"additive"},{"name":"EF/EF_all/ef_graund_wave_purple/ef_graund_wave_purple_2","bone":"graund_wave_2","blend":"additive"},{"name":"EF/EF_all/ef_graund_wave_purple/ef_graund_wave_purple_3","bone":"graund_wave_3","blend":"additive"},{"name":"EF/efr_ATK2_earth2_00001","bone":"earth_1","blend":"additive"},{"name":"EF/efr_ATK2_earth2_1","bone":"earth_2","blend":"additive"},{"name":"EF/efr_ATK2_earth2_2","bone":"earth_3","blend":"additive"},{"name":"EF/efr_ATK2_earth2_3","bone":"earth_4","blend":"additive"},{"name":"EF/EF_all/ef_dash_purple/ef_dash_purple_00001","bone":"dash","blend":"additive"},{"name":"MAIN","bone":"MAIN","attachment":"idle_00"},{"name":"EF/MAIN_dome_main/ef_dome_main_00010","bone":"dome_main","blend":"additive"},{"name":"EF/MAIN_energy_ball/ef_energy_ball_main_00004","bone":"energy_ball_1","blend":"additive"},{"name":"EF/MAIN_energy_ball/ef_energy_ball_main_4","bone":"energy_ball_2","blend":"additive"},{"name":"skill1hand_02","bone":"skill1ef"},{"name":"attack1_03_hand","bone":"hand"},{"name":"attack1_08_hand","bone":"hand"},{"name":"ef","bone":"ef"},{"name":"DAMAGEAREA","bone":"DAMAGEAREA"},{"name":"HITBOX","bone":"HITBOX","attachment":"HITBOX"}],"skins":{"default":{"DAMAGEAREA":{"DAMAGEAREA":{"type":"boundingbox","vertices":[-63.26661,62.57377,-63.26661,-62.97812,62.28528,-62.97812,62.28528,63.39977]}},"EF/EF_all/ef_dash_purple/ef_dash_purple_00001":{"EF/EF_all/ef_dash_purple/ef_dash_purple_00001":{"y":39.39,"width":160,"height":160},"EF/EF_all/ef_dash_purple/ef_dash_purple_00003":{"y":39.39,"width":160,"height":160},"EF/EF_all/ef_dash_purple/ef_dash_purple_00005":{"y":39.39,"width":160,"height":160},"EF/EF_all/ef_dash_purple/ef_dash_purple_00007":{"y":39.39,"width":160,"height":160},"EF/EF_all/ef_dash_purple/ef_dash_purple_00009":{"y":39.39,"width":160,"height":160},"EF/EF_all/ef_dash_purple/ef_dash_purple_00011":{"y":39.39,"width":160,"height":160}},"EF/EF_all/ef_graund_wave_purple/ef_graund_wave_purple_00002":{"EF/EF_all/ef_graund_wave_purple/ef_graund_wave_purple_00002":{"y":12.96,"width":300,"height":180},"EF/EF_all/ef_graund_wave_purple/ef_graund_wave_purple_00004":{"y":12.96,"width":300,"height":180},"EF/EF_all/ef_graund_wave_purple/ef_graund_wave_purple_00006":{"y":12.96,"width":300,"height":180},"EF/EF_all/ef_graund_wave_purple/ef_graund_wave_purple_00008":{"y":12.96,"width":300,"height":180},"EF/EF_all/ef_graund_wave_purple/ef_graund_wave_purple_00010":{"y":12.96,"width":300,"height":180},"EF/EF_all/ef_graund_wave_purple/ef_graund_wave_purple_00012":{"y":12.96,"width":300,"height":180},"EF/EF_all/ef_graund_wave_purple/ef_graund_wave_purple_00014":{"y":12.96,"width":300,"height":180}},"EF/EF_all/ef_graund_wave_purple/ef_graund_wave_purple_2":{"EF/EF_all/ef_graund_wave_purple/ef_graund_wave_purple_00002":{"y":12.96,"width":300,"height":180},"EF/EF_all/ef_graund_wave_purple/ef_graund_wave_purple_00004":{"y":12.96,"width":300,"height":180},"EF/EF_all/ef_graund_wave_purple/ef_graund_wave_purple_00006":{"y":12.96,"width":300,"height":180},"EF/EF_all/ef_graund_wave_purple/ef_graund_wave_purple_00008":{"y":12.96,"width":300,"height":180},"EF/EF_all/ef_graund_wave_purple/ef_graund_wave_purple_00010":{"y":12.96,"width":300,"height":180},"EF/EF_all/ef_graund_wave_purple/ef_graund_wave_purple_00012":{"y":12.96,"width":300,"height":180},"EF/EF_all/ef_graund_wave_purple/ef_graund_wave_purple_00014":{"y":12.96,"width":300,"height":180}},"EF/EF_all/ef_graund_wave_purple/ef_graund_wave_purple_3":{"EF/EF_all/ef_graund_wave_purple/ef_graund_wave_purple_00002":{"y":12.96,"width":300,"height":180},"EF/EF_all/ef_graund_wave_purple/ef_graund_wave_purple_00004":{"y":12.96,"width":300,"height":180},"EF/EF_all/ef_graund_wave_purple/ef_graund_wave_purple_00006":{"y":12.96,"width":300,"height":180},"EF/EF_all/ef_graund_wave_purple/ef_graund_wave_purple_00008":{"y":12.96,"width":300,"height":180},"EF/EF_all/ef_graund_wave_purple/ef_graund_wave_purple_00010":{"y":12.96,"width":300,"height":180},"EF/EF_all/ef_graund_wave_purple/ef_graund_wave_purple_00012":{"y":12.96,"width":300,"height":180},"EF/EF_all/ef_graund_wave_purple/ef_graund_wave_purple_00014":{"y":12.96,"width":300,"height":180}},"EF/MAIN_dome_main/ef_dome_main_00010":{"EF/MAIN_dome_main/ef_dome_main_00010":{"x":1.05,"y":59.89,"width":250,"height":167},"EF/MAIN_dome_main/ef_dome_main_00011":{"x":1.05,"y":59.89,"width":250,"height":167},"EF/MAIN_dome_main/ef_dome_main_00012":{"x":1.05,"y":59.89,"width":250,"height":167},"EF/MAIN_dome_main/ef_dome_main_00013":{"x":1.05,"y":59.89,"width":250,"height":167},"EF/MAIN_dome_main/ef_dome_main_00015":{"x":1.05,"y":59.89,"width":250,"height":167},"EF/MAIN_dome_main/ef_dome_main_00016":{"x":1.05,"y":59.89,"width":250,"height":167},"EF/MAIN_dome_main/ef_dome_main_00017":{"x":1.05,"y":59.89,"width":250,"height":167},"EF/MAIN_dome_main/ef_dome_main_00018":{"x":1.05,"y":59.89,"width":250,"height":167},"EF/MAIN_dome_main/ef_dome_main_00019":{"x":1.05,"y":59.89,"width":250,"height":167}},"EF/MAIN_energy_ball/ef_energy_ball_main_00004":{"EF/MAIN_energy_ball/ef_energy_ball_main_00004":{"width":250,"height":250},"EF/MAIN_energy_ball/ef_energy_ball_main_00006":{"width":250,"height":250},"EF/MAIN_energy_ball/ef_energy_ball_main_00008":{"width":250,"height":250},"EF/MAIN_energy_ball/ef_energy_ball_main_00010":{"width":250,"height":250},"EF/MAIN_energy_ball/ef_energy_ball_main_00012":{"width":250,"height":250},"EF/MAIN_energy_ball/ef_energy_ball_main_00014":{"width":250,"height":250},"EF/MAIN_energy_ball/ef_energy_ball_main_00016":{"width":250,"height":250},"EF/MAIN_energy_ball/ef_energy_ball_main_00017":{"width":250,"height":250},"EF/MAIN_energy_ball/ef_energy_ball_main_00019":{"width":250,"height":250},"EF/MAIN_energy_ball/ef_energy_ball_main_00021":{"width":250,"height":250},"EF/MAIN_energy_ball/ef_energy_ball_main_00023":{"width":250,"height":250},"EF/MAIN_energy_ball/ef_energy_ball_main_00025":{"width":250,"height":250},"EF/MAIN_energy_ball/ef_energy_ball_main_00027":{"width":250,"height":250},"EF/MAIN_energy_ball/ef_energy_ball_main_00029":{"width":250,"height":250},"EF/MAIN_energy_ball/ef_energy_ball_main_00031":{"width":250,"height":250},"EF/MAIN_energy_ball/ef_energy_ball_main_00033":{"width":250,"height":250},"EF/MAIN_energy_ball/ef_energy_ball_main_00035":{"width":250,"height":250},"EF/MAIN_energy_ball/ef_energy_ball_main_00036":{"width":250,"height":250},"EF/MAIN_energy_ball/ef_energy_ball_main_00037":{"width":250,"height":250}},"EF/MAIN_energy_ball/ef_energy_ball_main_4":{"EF/MAIN_energy_ball/ef_energy_ball_main_00004":{"width":250,"height":250},"EF/MAIN_energy_ball/ef_energy_ball_main_00006":{"width":250,"height":250},"EF/MAIN_energy_ball/ef_energy_ball_main_00008":{"width":250,"height":250},"EF/MAIN_energy_ball/ef_energy_ball_main_00010":{"width":250,"height":250},"EF/MAIN_energy_ball/ef_energy_ball_main_00012":{"width":250,"height":250},"EF/MAIN_energy_ball/ef_energy_ball_main_00014":{"width":250,"height":250},"EF/MAIN_energy_ball/ef_energy_ball_main_00016":{"width":250,"height":250},"EF/MAIN_energy_ball/ef_energy_ball_main_00017":{"width":250,"height":250},"EF/MAIN_energy_ball/ef_energy_ball_main_00019":{"width":250,"height":250},"EF/MAIN_energy_ball/ef_energy_ball_main_00021":{"width":250,"height":250},"EF/MAIN_energy_ball/ef_energy_ball_main_00023":{"width":250,"height":250},"EF/MAIN_energy_ball/ef_energy_ball_main_00025":{"width":250,"height":250},"EF/MAIN_energy_ball/ef_energy_ball_main_00027":{"width":250,"height":250},"EF/MAIN_energy_ball/ef_energy_ball_main_00029":{"width":250,"height":250},"EF/MAIN_energy_ball/ef_energy_ball_main_00031":{"width":250,"height":250},"EF/MAIN_energy_ball/ef_energy_ball_main_00033":{"width":250,"height":250},"EF/MAIN_energy_ball/ef_energy_ball_main_00035":{"width":250,"height":250},"EF/MAIN_energy_ball/ef_energy_ball_main_00036":{"width":250,"height":250},"EF/MAIN_energy_ball/ef_energy_ball_main_00037":{"width":250,"height":250}},"EF/efr_ATK2_earth2_00001":{"EF/efr_ATK2_earth2_00001":{"y":-1.52,"width":464,"height":88}},"EF/efr_ATK2_earth2_1":{"EF/efr_ATK2_earth2_00001":{"y":-1.52,"width":464,"height":88}},"EF/efr_ATK2_earth2_2":{"EF/efr_ATK2_earth2_00001":{"y":-1.52,"width":464,"height":88}},"EF/efr_ATK2_earth2_3":{"EF/efr_ATK2_earth2_00001":{"y":-1.52,"width":464,"height":88}},"HITBOX":{"HITBOX":{"type":"boundingbox","vertices":[-17.01065,70.83381,-14.53263,-64.63012,34.2013,-65.45608,33.37532,72.48578]}},"MAIN":{"attack_00":{"x":6.72,"y":-16.25,"scaleX":2,"scaleY":2,"width":256,"height":256},"attack_01":{"x":6.72,"y":-16.25,"scaleX":2,"scaleY":2,"width":256,"height":256},"attack_02":{"x":6.72,"y":-16.25,"scaleX":2,"scaleY":2,"width":256,"height":256},"attack_05":{"x":6.72,"y":-16.25,"scaleX":2,"scaleY":2,"width":256,"height":256},"attack_07":{"x":6.72,"y":-16.25,"scaleX":2,"scaleY":2,"width":256,"height":256},"attack_09":{"x":6.72,"y":-16.25,"scaleX":2,"scaleY":2,"width":256,"height":256},"attack_10":{"x":6.72,"y":-16.25,"scaleX":2,"scaleY":2,"width":256,"height":256},"attack_11":{"x":6.72,"y":-16.25,"scaleX":2,"scaleY":2,"width":256,"height":256},"attack_03or6":{"x":6.72,"y":-16.25,"scaleX":2,"scaleY":2,"width":256,"height":256},"attack_04or8":{"x":6.72,"y":-16.25,"scaleX":2,"scaleY":2,"width":256,"height":256},"back_00":{"x":6.72,"y":-16.25,"scaleX":2,"scaleY":2,"width":256,"height":256},"blur":{"x":-1.76,"y":-23.3,"scaleX":2,"scaleY":2,"width":256,"height":256},"damage_00":{"x":6.72,"y":-16.25,"scaleX":2,"scaleY":2,"width":256,"height":256},"front_00":{"x":6.72,"y":-16.25,"scaleX":2,"scaleY":2,"width":256,"height":256},"idle_00":{"x":6.72,"y":-16.25,"scaleX":2,"scaleY":2,"width":256,"height":256},"idle_01":{"x":6.72,"y":-16.25,"scaleX":2,"scaleY":2,"width":256,"height":256},"idle_02":{"x":6.72,"y":-16.25,"scaleX":2,"scaleY":2,"width":256,"height":256},"idle_03":{"x":6.72,"y":-16.25,"scaleX":2,"scaleY":2,"width":256,"height":256},"skill1_00":{"x":6.72,"y":-16.25,"scaleX":2,"scaleY":2,"width":256,"height":256},"skill1_01":{"x":6.72,"y":-16.25,"scaleX":2,"scaleY":2,"width":256,"height":256},"skill1_02":{"x":6.72,"y":-16.25,"scaleX":2,"scaleY":2,"width":256,"height":256},"skill1_03":{"x":6.72,"y":-16.25,"scaleX":2,"scaleY":2,"width":256,"height":256},"skill2_00":{"x":6.72,"y":-16.25,"scaleX":2,"scaleY":2,"width":256,"height":256},"skill2_01":{"x":6.72,"y":-16.25,"scaleX":2,"scaleY":2,"width":256,"height":256},"skill2_02":{"x":6.72,"y":-16.25,"scaleX":2,"scaleY":2,"width":256,"height":256},"skill2_03":{"x":6.72,"y":-16.25,"scaleX":2,"scaleY":2,"width":256,"height":256},"skill2_04":{"x":6.72,"y":-16.25,"scaleX":2,"scaleY":2,"width":256,"height":256},"skill2_05":{"x":6.72,"y":-16.25,"scaleX":2,"scaleY":2,"width":256,"height":256},"skill2_06":{"x":6.72,"y":-16.25,"scaleX":2,"scaleY":2,"width":256,"height":256},"skill2_07":{"x":6.72,"y":-16.25,"scaleX":2,"scaleY":2,"width":256,"height":256},"skill2_08":{"x":6.72,"y":-16.25,"scaleX":2,"scaleY":2,"width":256,"height":256},"skill2_09":{"x":6.72,"y":-16.25,"scaleX":2,"scaleY":2,"width":256,"height":256},"skill2_10":{"x":6.72,"y":-16.25,"scaleX":2,"scaleY":2,"width":256,"height":256},"skill2_11":{"x":6.72,"y":-16.25,"scaleX":2,"scaleY":2,"width":256,"height":256},"skill2_12":{"x":6.72,"y":-16.25,"scaleX":2,"scaleY":2,"width":256,"height":256},"skill3_00":{"x":6.72,"y":-16.25,"scaleX":2,"scaleY":2,"width":256,"height":256},"skill3_03":{"x":6.72,"y":-16.25,"scaleX":2,"scaleY":2,"width":256,"height":256},"skill3_04":{"x":6.72,"y":-16.25,"scaleX":2,"scaleY":2,"width":256,"height":256},"skill3_05":{"x":6.72,"y":-16.25,"scaleX":2,"scaleY":2,"width":256,"height":256},"skill3_06":{"x":6.72,"y":-16.25,"scaleX":2,"scaleY":2,"width":256,"height":256},"skill3_07":{"x":6.72,"y":-16.25,"scaleX":2,"scaleY":2,"width":256,"height":256},"skill3_08":{"x":6.72,"y":-16.25,"scaleX":2,"scaleY":2,"width":256,"height":256},"skill3_09":{"x":6.72,"y":-16.25,"scaleX":2,"scaleY":2,"width":256,"height":256}},"attack1_03_hand":{"attack1_03_hand":{"x":51.69,"y":-16.89,"scaleX":2,"scaleY":2,"width":256,"height":256}},"attack1_08_hand":{"attack1_08_hand":{"x":81.51,"y":-20.33,"scaleX":2,"scaleY":2,"width":256,"height":256}},"ef":{"attack1_01_ef":{"scaleX":2,"scaleY":2,"width":256,"height":256},"attack1_03_ef":{"scaleX":2,"scaleY":2,"width":256,"height":256},"attack1_04_ef":{"scaleX":2,"scaleY":2,"width":256,"height":256},"attack1_08_ef":{"scaleX":2,"scaleY":2,"width":256,"height":256},"attack1_10_ef":{"scaleX":2,"scaleY":2,"width":256,"height":256},"skill3_01":{"scaleX":2,"scaleY":2,"width":256,"height":256},"skill3_02":{"scaleX":2,"scaleY":2,"width":256,"height":256},"skill3_10_ef":{"scaleX":2,"scaleY":2,"width":256,"height":256}},"skill1hand_00":{"skill1hand_00":{"x":21.47,"width":256,"height":256},"skill1hand_01":{"x":21.47,"width":256,"height":256},"skill1hand_03":{"x":21.47,"width":256,"height":256},"skill1hand_04":{"x":21.47,"width":256,"height":256}},"skill1hand_02":{"skill1hand_02":{"x":21.47,"width":256,"height":256}}}},"events":{"Event":{},"Event2":{},"EventWhiteOut":{},"Hit":{},"Sound1":{},"Sound2":{},"Sound3":{},"Voice":{}},"animations":{"attack1":{"slots":{"DAMAGEAREA":{"attachment":[{"time":0.2666,"name":"DAMAGEAREA"},{"time":0.3333,"name":null},{"time":0.6333,"name":"DAMAGEAREA"},{"time":1.1,"name":null},{"time":1.2666,"name":"DAMAGEAREA"},{"time":1.3333,"name":null}]},"MAIN":{"attachment":[{"time":0,"name":"skill1_01"},{"time":0.0666,"name":"attack_00"},{"time":0.2666,"name":"attack_01"},{"time":0.4,"name":"attack_02"},{"time":0.5333,"name":"attack_03or6"},{"time":0.6333,"name":"attack_04or8"},{"time":0.7,"name":"attack_05"},{"time":0.7666,"name":"attack_07"},{"time":0.8333,"name":"attack_04or8"},{"time":0.9,"name":"attack_05"},{"time":0.9666,"name":"attack_07"},{"time":1.0333,"name":"attack_04or8"},{"time":1.1,"name":"attack_01"},{"time":1.2666,"name":"attack_05"},{"time":1.3333,"name":"skill1_01"},{"time":1.6666,"name":"blur"},{"time":1.7,"name":null},{"time":1.7666,"name":"attack_02"},{"time":1.8666,"name":"attack_02"},{"time":2,"name":"idle_00"}],"color":[{"time":1.6666,"color":"ffffffff"},{"time":1.7,"color":"ffffff00","curve":"stepped"},{"time":1.7666,"color":"ffffff00"},{"time":1.8333,"color":"ffffffff"}]},"attack1_03_hand":{"attachment":[{"time":0.7,"name":null}]},"ef":{"attachment":[{"time":0.2666,"name":"attack1_01_ef"},{"time":0.3,"name":null},{"time":0.6333,"name":"attack1_04_ef"},{"time":0.6666,"name":null},{"time":0.7,"name":"attack1_03_ef"},{"time":0.7333,"name":null},{"time":0.7666,"name":"attack1_03_ef"},{"time":0.8,"name":null},{"time":0.8333,"name":"attack1_03_ef"},{"time":0.8666,"name":null},{"time":0.9,"name":"attack1_08_ef"},{"time":0.9333,"name":null},{"time":0.9666,"name":"attack1_03_ef"},{"time":1,"name":null},{"time":1.0333,"name":"attack1_08_ef"},{"time":1.0666,"name":null},{"time":1.2666,"name":"attack1_10_ef"},{"time":1.3,"name":null}]}},"bones":{"MAIN":{"translate":[{"time":0,"x":-1.42,"y":0,"curve":"stepped"},{"time":0.0666,"x":-54.31,"y":27.15,"curve":"stepped"},{"time":0.2666,"x":-77.18,"y":0,"curve":"stepped"},{"time":1.2666,"x":-119.91,"y":0,"curve":"stepped"},{"time":1.3333,"x":-129.66,"y":4.55,"curve":"stepped"},{"time":1.6666,"x":-76.56,"y":4.55,"curve":"stepped"},{"time":1.7666,"x":-46.76,"y":-1.23},{"time":1.8333,"x":-25.74,"y":0,"curve":[0.068,0.8,0.602,1]},{"time":2,"x":0,"y":0}]},"ef":{"rotate":[{"time":0.6333,"angle":0,"curve":"stepped"},{"time":0.7,"angle":11.36,"curve":"stepped"},{"time":0.7666,"angle":161.83,"curve":"stepped"},{"time":0.8333,"angle":18.8,"curve":"stepped"},{"time":0.9,"angle":-5.52,"curve":"stepped"},{"time":0.9666,"angle":26.03,"curve":"stepped"},{"time":1.0333,"angle":-12.66,"curve":"stepped"},{"time":1.2666,"angle":-28.01}],"translate":[{"time":0.6333,"x":-16.72,"y":-18.58,"curve":"stepped"},{"time":0.7,"x":-17.85,"y":-27.91,"curve":"stepped"},{"time":0.7666,"x":-23.01,"y":9.65,"curve":"stepped"},{"time":0.8333,"x":-28.31,"y":-15.4,"curve":"stepped"},{"time":0.9,"x":-16.65,"y":-0.16,"curve":"stepped"},{"time":0.9666,"x":-21.61,"y":-56.77,"curve":"stepped"},{"time":1.0333,"x":-25.74,"y":-89.61,"curve":"stepped"},{"time":1.2666,"x":47.55,"y":-22.01}],"scale":[{"time":0.2666,"x":1,"y":1.617,"curve":"stepped"},{"time":0.6333,"x":1.242,"y":2.009,"curve":"stepped"},{"time":0.7,"x":1.606,"y":2.598,"curve":"stepped"},{"time":0.7666,"x":-1.61,"y":2.598,"curve":"stepped"},{"time":0.8333,"x":1.646,"y":1.646}]},"hand":{"rotate":[{"time":0.7,"angle":-5.23,"curve":"stepped"},{"time":0.7666,"angle":56.78,"curve":"stepped"},{"time":0.8333,"angle":10.27,"curve":"stepped"},{"time":0.9,"angle":5.11,"curve":"stepped"},{"time":0.9666,"angle":-41.86,"curve":"stepped"},{"time":1.0333,"angle":-0.65}],"translate":[{"time":0.7,"x":-32.08,"y":-39.66,"curve":"stepped"},{"time":0.7666,"x":-73.89,"y":-25.72,"curve":"stepped"},{"time":0.8333,"x":-67.38,"y":-87.04,"curve":"stepped"},{"time":0.9,"x":-92.47,"y":-113.98,"curve":"stepped"},{"time":0.9666,"x":-64.6,"y":-119.55,"curve":"stepped"},{"time":1.0333,"x":-66.45,"y":-49.88}]},"DAMAGEAREA":{"translate":[{"time":0.2666,"x":-134.29,"y":63.61,"curve":"stepped"},{"time":0.6333,"x":-180.39,"y":71.74,"curve":"stepped"},{"time":1.2666,"x":-215.65,"y":90.73}],"scale":[{"time":0.2666,"x":1.836,"y":1,"curve":"stepped"},{"time":0.6333,"x":2.036,"y":1.711}]},"root":{"rotate":[{"time":0,"angle":-2.86}]}},"events":[{"time":0.2,"name":"Sound1","string":"cri_se_battle_sword_swish_heavy"},{"time":0.2,"name":"Voice","string":"cri_710_voice_attack_random"},{"time":0.2666,"name":"Event","float":0.15,"string":"kHitStopType_normal"},{"time":0.5666,"name":"Sound3","string":"setHitSound(se_battle_025_blow_hit)"},{"time":0.6,"name":"Sound1","string":"cri_se_battle_sword_swish_heavy"},{"time":0.6333,"name":"Event","float":0.05,"string":"kHitStopType_normal"},{"time":0.6333,"name":"Hit","float":0.3,"string":"resetHitList"},{"time":0.7,"name":"Hit","float":0.3,"string":"resetHitList"},{"time":0.7,"name":"Sound1","string":"cri_se_battle_sword_swish_heavy"},{"time":0.7666,"name":"Hit","float":0.3,"string":"resetHitList"},{"time":0.8,"name":"Sound1","string":"cri_se_battle_sword_swish_heavy"},{"time":0.8333,"name":"Hit","float":0.3,"string":"resetHitList"},{"time":0.9,"name":"Hit","float":0.3,"string":"resetHitList"},{"time":0.9,"name":"Sound1","string":"cri_se_battle_sword_swish_heavy"},{"time":0.9666,"name":"Hit","float":0.3,"string":"resetHitList"},{"time":1,"name":"Sound1","string":"cri_se_battle_sword_swish_heavy"},{"time":1.0333,"name":"Event","float":0.15,"string":"kHitStopType_normal"},{"time":1.0333,"name":"Hit","float":0.3,"string":"resetHitList"},{"time":1.2333,"name":"Sound1","string":"cri_se_battle_sword_swish_heavy"},{"time":1.2666,"name":"Event","float":0.18,"string":"kHitStopType_normal"},{"time":1.2666,"name":"Hit","float":1.5,"string":"resetHitList"}]},"back":{"slots":{"MAIN":{"attachment":[{"time":0,"name":"idle_00"},{"time":0.0333,"name":"blur"},{"time":0.0666,"name":null},{"time":0.2,"name":"blur"},{"time":0.2666,"name":"attack_02"},{"time":0.4666,"name":"idle_00"}],"color":[{"time":0.0333,"color":"ffffffff"},{"time":0.0666,"color":"ffffff00","curve":"stepped"},{"time":0.2,"color":"ffffff00"},{"time":0.2666,"color":"ffffffff"}]}},"bones":{"MAIN":{"translate":[{"time":0,"x":0,"y":0,"curve":"stepped"},{"time":0.0333,"x":61.56,"y":8.41,"curve":"stepped"},{"time":0.2,"x":170,"y":8.41},{"time":0.2666,"x":185,"y":0,"curve":[0.158,0.56,0.75,1]},{"time":0.5666,"x":190,"y":0}]}},"events":[{"time":0,"name":"Sound1","string":"cri_se_battle_teleport"},{"time":0.2666,"name":"Sound1","string":"cri_se_battle_landing"}]},"cast":{"slots":{"MAIN":{"attachment":[{"time":0,"name":"attack_01"},{"time":0.3333,"name":"attack_05"},{"time":0.4,"name":"skill1_01"},{"time":0.6666,"name":"skill1_01"}]}},"events":[{"time":0.3333,"name":"Voice","string":"cri_710_voice_item"}]},"damage":{"slots":{"MAIN":{"attachment":[{"time":0,"name":"damage_00"}]}}},"front":{"slots":{"MAIN":{"attachment":[{"time":0,"name":"front_00"}]}}},"idle":{"slots":{"MAIN":{"attachment":[{"time":0,"name":"idle_00"},{"time":0.3,"name":"idle_01"},{"time":0.6,"name":"idle_02"},{"time":0.8666,"name":"idle_03"},{"time":1.1666,"name":"idle_00"}]}}},"in":{"slots":{"MAIN":{"attachment":[{"time":0,"name":"front_00"},{"time":0.2,"name":"attack_02"},{"time":0.6666,"name":"idle_02"},{"time":1,"name":"idle_00"}],"color":[{"time":0,"color":"ffffff00"},{"time":0.2,"color":"ffffffff"}]}},"bones":{"MAIN":{"translate":[{"time":0,"x":700,"y":0,"curve":[0.25,0,0.75,1]},{"time":0.2,"x":55,"y":0,"curve":[0.073,0.66,0.75,1]},{"time":0.5666,"x":0,"y":0}]}},"events":[{"time":0,"name":"Sound1","string":"cri_se_battle_teleport"},{"time":0,"name":"Sound2","string":"cri_se_battle_037_explosion_element_05"},{"time":0.6666,"name":"Event","string":"takeBattleEffectAnimation(summon_3)"}]},"skill1":{"slots":{"DAMAGEAREA":{"attachment":[{"time":0.1,"name":"DAMAGEAREA"},{"time":1.3,"name":null},{"time":1.6333,"name":"DAMAGEAREA"},{"time":1.7666,"name":null}]},"EF/EF_all/ef_dash_purple/ef_dash_purple_00001":{"attachment":[{"time":0.1,"name":"EF/EF_all/ef_dash_purple/ef_dash_purple_00001"},{"time":0.1333,"name":"EF/EF_all/ef_dash_purple/ef_dash_purple_00003"},{"time":0.1666,"name":"EF/EF_all/ef_dash_purple/ef_dash_purple_00005"},{"time":0.2,"name":"EF/EF_all/ef_dash_purple/ef_dash_purple_00007"},{"time":0.2666,"name":"EF/EF_all/ef_dash_purple/ef_dash_purple_00009"},{"time":0.3333,"name":"EF/EF_all/ef_dash_purple/ef_dash_purple_00011"},{"time":0.4,"name":null},{"time":1.6,"name":"EF/EF_all/ef_dash_purple/ef_dash_purple_00001"},{"time":1.6333,"name":"EF/EF_all/ef_dash_purple/ef_dash_purple_00003"},{"time":1.6666,"name":"EF/EF_all/ef_dash_purple/ef_dash_purple_00005"},{"time":1.7,"name":"EF/EF_all/ef_dash_purple/ef_dash_purple_00007"},{"time":1.7666,"name":"EF/EF_all/ef_dash_purple/ef_dash_purple_00009"},{"time":1.8333,"name":"EF/EF_all/ef_dash_purple/ef_dash_purple_00011"},{"time":1.9,"name":null}]},"EF/EF_all/ef_graund_wave_purple/ef_graund_wave_purple_00002":{"attachment":[{"time":0.1,"name":"EF/EF_all/ef_graund_wave_purple/ef_graund_wave_purple_00002"},{"time":0.1333,"name":"EF/EF_all/ef_graund_wave_purple/ef_graund_wave_purple_00004"},{"time":0.1666,"name":"EF/EF_all/ef_graund_wave_purple/ef_graund_wave_purple_00006"},{"time":0.2,"name":"EF/EF_all/ef_graund_wave_purple/ef_graund_wave_purple_00008"},{"time":0.2333,"name":"EF/EF_all/ef_graund_wave_purple/ef_graund_wave_purple_00010"},{"time":0.2666,"name":"EF/EF_all/ef_graund_wave_purple/ef_graund_wave_purple_00012"},{"time":0.3,"name":"EF/EF_all/ef_graund_wave_purple/ef_graund_wave_purple_00014"},{"time":0.3333,"name":null},{"time":0.4,"name":"EF/EF_all/ef_graund_wave_purple/ef_graund_wave_purple_00002"},{"time":0.4333,"name":"EF/EF_all/ef_graund_wave_purple/ef_graund_wave_purple_00004"},{"time":0.4666,"name":"EF/EF_all/ef_graund_wave_purple/ef_graund_wave_purple_00006"},{"time":0.5,"name":"EF/EF_all/ef_graund_wave_purple/ef_graund_wave_purple_00008"},{"time":0.5333,"name":"EF/EF_all/ef_graund_wave_purple/ef_graund_wave_purple_00010"},{"time":0.5666,"name":"EF/EF_all/ef_graund_wave_purple/ef_graund_wave_purple_00012"},{"time":0.6,"name":"EF/EF_all/ef_graund_wave_purple/ef_graund_wave_purple_00014"},{"time":0.6333,"name":null},{"time":0.7,"name":"EF/EF_all/ef_graund_wave_purple/ef_graund_wave_purple_00002"},{"time":0.7333,"name":"EF/EF_all/ef_graund_wave_purple/ef_graund_wave_purple_00004"},{"time":0.7666,"name":"EF/EF_all/ef_graund_wave_purple/ef_graund_wave_purple_00006"},{"time":0.8,"name":"EF/EF_all/ef_graund_wave_purple/ef_graund_wave_purple_00008"},{"time":0.8333,"name":"EF/EF_all/ef_graund_wave_purple/ef_graund_wave_purple_00010"},{"time":0.8666,"name":"EF/EF_all/ef_graund_wave_purple/ef_graund_wave_purple_00012"},{"time":0.9,"name":"EF/EF_all/ef_graund_wave_purple/ef_graund_wave_purple_00014"},{"time":0.9333,"name":null},{"time":1,"name":"EF/EF_all/ef_graund_wave_purple/ef_graund_wave_purple_00002"},{"time":1.0333,"name":"EF/EF_all/ef_graund_wave_purple/ef_graund_wave_purple_00004"},{"time":1.0666,"name":"EF/EF_all/ef_graund_wave_purple/ef_graund_wave_purple_00006"},{"time":1.1,"name":"EF/EF_all/ef_graund_wave_purple/ef_graund_wave_purple_00008"},{"time":1.1333,"name":"EF/EF_all/ef_graund_wave_purple/ef_graund_wave_purple_00010"},{"time":1.1666,"name":"EF/EF_all/ef_graund_wave_purple/ef_graund_wave_purple_00012"},{"time":1.2,"name":"EF/EF_all/ef_graund_wave_purple/ef_graund_wave_purple_00014"},{"time":1.2333,"name":null},{"time":1.6,"name":"EF/EF_all/ef_graund_wave_purple/ef_graund_wave_purple_00006"},{"time":1.6333,"name":"EF/EF_all/ef_graund_wave_purple/ef_graund_wave_purple_00008"},{"time":1.6666,"name":"EF/EF_all/ef_graund_wave_purple/ef_graund_wave_purple_00010"},{"time":1.7,"name":"EF/EF_all/ef_graund_wave_purple/ef_graund_wave_purple_00012"},{"time":1.7333,"name":"EF/EF_all/ef_graund_wave_purple/ef_graund_wave_purple_00014"},{"time":1.7666,"name":null},{"time":2.3333,"name":"EF/EF_all/ef_graund_wave_purple/ef_graund_wave_purple_00002"},{"time":2.3666,"name":"EF/EF_all/ef_graund_wave_purple/ef_graund_wave_purple_00004"},{"time":2.4,"name":"EF/EF_all/ef_graund_wave_purple/ef_graund_wave_purple_00006"},{"time":2.4333,"name":"EF/EF_all/ef_graund_wave_purple/ef_graund_wave_purple_00008"},{"time":2.4666,"name":"EF/EF_all/ef_graund_wave_purple/ef_graund_wave_purple_00010"},{"time":2.5,"name":"EF/EF_all/ef_graund_wave_purple/ef_graund_wave_purple_00012"},{"time":2.5333,"name":"EF/EF_all/ef_graund_wave_purple/ef_graund_wave_purple_00014"},{"time":2.5666,"name":null}]},"EF/EF_all/ef_graund_wave_purple/ef_graund_wave_purple_2":{"attachment":[{"time":0.2,"name":"EF/EF_all/ef_graund_wave_purple/ef_graund_wave_purple_00002"},{"time":0.2333,"name":"EF/EF_all/ef_graund_wave_purple/ef_graund_wave_purple_00004"},{"time":0.2666,"name":"EF/EF_all/ef_graund_wave_purple/ef_graund_wave_purple_00006"},{"time":0.3,"name":"EF/EF_all/ef_graund_wave_purple/ef_graund_wave_purple_00008"},{"time":0.3333,"name":"EF/EF_all/ef_graund_wave_purple/ef_graund_wave_purple_00010"},{"time":0.3666,"name":"EF/EF_all/ef_graund_wave_purple/ef_graund_wave_purple_00012"},{"time":0.4,"name":"EF/EF_all/ef_graund_wave_purple/ef_graund_wave_purple_00014"},{"time":0.4333,"name":null},{"time":0.5,"name":"EF/EF_all/ef_graund_wave_purple/ef_graund_wave_purple_00002"},{"time":0.5333,"name":"EF/EF_all/ef_graund_wave_purple/ef_graund_wave_purple_00004"},{"time":0.5666,"name":"EF/EF_all/ef_graund_wave_purple/ef_graund_wave_purple_00006"},{"time":0.6,"name":"EF/EF_all/ef_graund_wave_purple/ef_graund_wave_purple_00008"},{"time":0.6333,"name":"EF/EF_all/ef_graund_wave_purple/ef_graund_wave_purple_00010"},{"time":0.6666,"name":"EF/EF_all/ef_graund_wave_purple/ef_graund_wave_purple_00012"},{"time":0.7,"name":"EF/EF_all/ef_graund_wave_purple/ef_graund_wave_purple_00014"},{"time":0.7333,"name":null},{"time":0.8,"name":"EF/EF_all/ef_graund_wave_purple/ef_graund_wave_purple_00002"},{"time":0.8333,"name":"EF/EF_all/ef_graund_wave_purple/ef_graund_wave_purple_00004"},{"time":0.8666,"name":"EF/EF_all/ef_graund_wave_purple/ef_graund_wave_purple_00006"},{"time":0.9,"name":"EF/EF_all/ef_graund_wave_purple/ef_graund_wave_purple_00008"},{"time":0.9333,"name":"EF/EF_all/ef_graund_wave_purple/ef_graund_wave_purple_00010"},{"time":0.9666,"name":"EF/EF_all/ef_graund_wave_purple/ef_graund_wave_purple_00012"},{"time":1,"name":"EF/EF_all/ef_graund_wave_purple/ef_graund_wave_purple_00014"},{"time":1.0333,"name":null},{"time":1.1,"name":"EF/EF_all/ef_graund_wave_purple/ef_graund_wave_purple_00002"},{"time":1.1333,"name":"EF/EF_all/ef_graund_wave_purple/ef_graund_wave_purple_00004"},{"time":1.1666,"name":"EF/EF_all/ef_graund_wave_purple/ef_graund_wave_purple_00006"},{"time":1.2,"name":"EF/EF_all/ef_graund_wave_purple/ef_graund_wave_purple_00008"},{"time":1.2333,"name":"EF/EF_all/ef_graund_wave_purple/ef_graund_wave_purple_00010"},{"time":1.2666,"name":"EF/EF_all/ef_graund_wave_purple/ef_graund_wave_purple_00012"},{"time":1.3,"name":"EF/EF_all/ef_graund_wave_purple/ef_graund_wave_purple_00014"},{"time":1.3333,"name":null}]},"EF/EF_all/ef_graund_wave_purple/ef_graund_wave_purple_3":{"attachment":[{"time":0.3,"name":"EF/EF_all/ef_graund_wave_purple/ef_graund_wave_purple_00002"},{"time":0.3333,"name":"EF/EF_all/ef_graund_wave_purple/ef_graund_wave_purple_00004"},{"time":0.3666,"name":"EF/EF_all/ef_graund_wave_purple/ef_graund_wave_purple_00006"},{"time":0.4,"name":"EF/EF_all/ef_graund_wave_purple/ef_graund_wave_purple_00008"},{"time":0.4333,"name":"EF/EF_all/ef_graund_wave_purple/ef_graund_wave_purple_00010"},{"time":0.4666,"name":"EF/EF_all/ef_graund_wave_purple/ef_graund_wave_purple_00012"},{"time":0.5,"name":"EF/EF_all/ef_graund_wave_purple/ef_graund_wave_purple_00014"},{"time":0.5333,"name":null},{"time":0.6,"name":"EF/EF_all/ef_graund_wave_purple/ef_graund_wave_purple_00002"},{"time":0.6333,"name":"EF/EF_all/ef_graund_wave_purple/ef_graund_wave_purple_00004"},{"time":0.6666,"name":"EF/EF_all/ef_graund_wave_purple/ef_graund_wave_purple_00006"},{"time":0.7,"name":"EF/EF_all/ef_graund_wave_purple/ef_graund_wave_purple_00008"},{"time":0.7333,"name":"EF/EF_all/ef_graund_wave_purple/ef_graund_wave_purple_00010"},{"time":0.7666,"name":"EF/EF_all/ef_graund_wave_purple/ef_graund_wave_purple_00012"},{"time":0.8,"name":"EF/EF_all/ef_graund_wave_purple/ef_graund_wave_purple_00014"},{"time":0.8333,"name":null},{"time":0.9,"name":"EF/EF_all/ef_graund_wave_purple/ef_graund_wave_purple_00002"},{"time":0.9333,"name":"EF/EF_all/ef_graund_wave_purple/ef_graund_wave_purple_00004"},{"time":0.9666,"name":"EF/EF_all/ef_graund_wave_purple/ef_graund_wave_purple_00006"},{"time":1,"name":"EF/EF_all/ef_graund_wave_purple/ef_graund_wave_purple_00008"},{"time":1.0333,"name":"EF/EF_all/ef_graund_wave_purple/ef_graund_wave_purple_00010"},{"time":1.0666,"name":"EF/EF_all/ef_graund_wave_purple/ef_graund_wave_purple_00012"},{"time":1.1,"name":"EF/EF_all/ef_graund_wave_purple/ef_graund_wave_purple_00014"},{"time":1.1333,"name":null}]},"MAIN":{"attachment":[{"time":0,"name":"attack_02"},{"time":0.1,"name":"skill1_02"},{"time":0.1666,"name":"skill1_03"},{"time":0.2333,"name":"skill1_02"},{"time":0.3,"name":"skill1_03"},{"time":0.3666,"name":"skill1_02"},{"time":0.4333,"name":"skill1_03"},{"time":0.5,"name":"skill1_02"},{"time":0.5666,"name":"skill1_03"},{"time":0.6333,"name":"skill1_02"},{"time":0.7,"name":"skill1_03"},{"time":0.7666,"name":"skill1_02"},{"time":0.8333,"name":"skill1_03"},{"time":0.9,"name":"skill1_02"},{"time":0.9666,"name":"skill1_03"},{"time":1.0333,"name":"skill1_02"},{"time":1.1,"name":"skill1_03"},{"time":1.1666,"name":"skill1_02"},{"time":1.2333,"name":"skill1_03"},{"time":1.2666,"name":"attack_02"},{"time":1.6,"name":"front_00"},{"time":2.3333,"name":"attack_02"},{"time":2.7666,"name":"idle_00"}],"color":[{"time":1.6,"color":"ffffffff"},{"time":1.7333,"color":"ffffff00","curve":"stepped"},{"time":2.1333,"color":"ffffff00"},{"time":2.3333,"color":"ffffffff"}]},"skill1hand_00":{"attachment":[{"time":0.1,"name":"skill1hand_00"},{"time":0.1666,"name":"skill1hand_01"},{"time":0.2333,"name":"skill1hand_03"},{"time":0.3,"name":"skill1hand_04"},{"time":0.3666,"name":"skill1hand_00"},{"time":0.4333,"name":"skill1hand_01"},{"time":0.5,"name":"skill1hand_03"},{"time":0.5666,"name":"skill1hand_04"},{"time":0.6333,"name":"skill1hand_00"},{"time":0.7,"name":"skill1hand_01"},{"time":0.7666,"name":"skill1hand_03"},{"time":0.8333,"name":"skill1hand_04"},{"time":0.9,"name":"skill1hand_00"},{"time":0.9666,"name":"skill1hand_01"},{"time":1.0333,"name":"skill1hand_03"},{"time":1.1,"name":"skill1hand_04"},{"time":1.1666,"name":"skill1hand_00"},{"time":1.2333,"name":"skill1hand_01"},{"time":1.2666,"name":null}]},"skill1hand_02":{"attachment":[{"time":0.1666,"name":"skill1hand_02"},{"time":0.2333,"name":null},{"time":0.3,"name":"skill1hand_02"},{"time":0.3666,"name":null},{"time":0.4333,"name":"skill1hand_02"},{"time":0.5,"name":null},{"time":0.5666,"name":"skill1hand_02"},{"time":0.6333,"name":null},{"time":0.7,"name":"skill1hand_02"},{"time":0.7666,"name":null},{"time":0.8333,"name":"skill1hand_02"},{"time":0.9,"name":null},{"time":0.9666,"name":"skill1hand_02"},{"time":1.0333,"name":null},{"time":1.1,"name":"skill1hand_02"},{"time":1.1666,"name":null},{"time":1.2333,"name":"skill1hand_02"},{"time":1.2666,"name":null}]}},"bones":{"MAIN":{"translate":[{"time":0.1,"x":-50.56,"y":0,"curve":[0.075,0.65,0.75,1]},{"time":0.2666,"x":-60,"y":0,"curve":[0.226,0.66,0.75,1]},{"time":1.2666,"x":-70,"y":0,"curve":[0.126,0.41,0.75,1]},{"time":1.3333,"x":-75,"y":-1,"curve":"stepped"},{"time":1.5666,"x":-72.36,"y":-2.76,"curve":"stepped"},{"time":1.6,"x":-98.47,"y":0,"curve":[0.25,0,0.75,1]},{"time":1.7333,"x":-764.39,"y":0,"curve":"stepped"},{"time":2.1333,"x":700,"y":0,"curve":[0.25,0,0.75,1]},{"time":2.3333,"x":55,"y":0,"curve":[0.073,0.66,0.75,1]},{"time":2.7,"x":0,"y":0}],"scale":[{"time":1.5333,"x":1,"y":1,"curve":"stepped"},{"time":1.5666,"x":1,"y":0.982,"curve":"stepped"},{"time":1.6,"x":1,"y":1}]},"skill1ef":{"translate":[{"time":0,"x":41.25,"y":20.22,"curve":"stepped"},{"time":0.1,"x":41.25,"y":20.22}]},"dash":{"translate":[{"time":0.1,"x":185.72,"y":0,"curve":"stepped"},{"time":1.6,"x":149.51,"y":-6.75}],"scale":[{"time":0,"x":2.054,"y":2.054,"curve":"stepped"},{"time":0.1,"x":2.054,"y":2.054,"curve":"stepped"},{"time":1.6,"x":2.774,"y":2.774}]},"graund_wave_1":{"translate":[{"time":0.1,"x":197.31,"y":-107.26,"curve":"stepped"},{"time":0.4,"x":157.42,"y":-107.26,"curve":"stepped"},{"time":0.7,"x":144.27,"y":-107.26,"curve":"stepped"},{"time":1.6,"x":141.52,"y":-101.63,"curve":"stepped"},{"time":2.3333,"x":232.2,"y":-105.39}],"scale":[{"time":0.1,"x":1.487,"y":1.487,"curve":"stepped"},{"time":0.4,"x":2.012,"y":2.012,"curve":"stepped"},{"time":0.7,"x":2.012,"y":2.012,"curve":"stepped"},{"time":1,"x":2.012,"y":2.012,"curve":"stepped"},{"time":1.6,"x":1.53,"y":1.53,"curve":[0.069,0.5,0.611,1]},{"time":1.7666,"x":2.559,"y":2.559,"curve":"stepped"},{"time":2.3333,"x":1.53,"y":1.53,"curve":[0.069,0.5,0.611,1]},{"time":2.5,"x":2.559,"y":2.559}]},"graund_wave_3":{"translate":[{"time":0.3,"x":157.42,"y":-107.26,"curve":"stepped"},{"time":0.6,"x":144.27,"y":-107.26}],"scale":[{"time":0.3,"x":2.012,"y":2.012,"curve":"stepped"},{"time":0.6,"x":2.012,"y":2.012,"curve":"stepped"},{"time":0.9,"x":2.012,"y":2.012}]},"graund_wave_2":{"translate":[{"time":0.2,"x":157.42,"y":-107.26,"curve":"stepped"},{"time":0.5,"x":144.27,"y":-107.26}],"scale":[{"time":0.2,"x":2.012,"y":2.012,"curve":"stepped"},{"time":0.5,"x":2.012,"y":2.012,"curve":"stepped"},{"time":0.8,"x":2.012,"y":2.012,"curve":"stepped"},{"time":1.1,"x":2.012,"y":2.012}]},"DAMAGEAREA":{"translate":[{"time":0.1,"x":-183.95,"y":102.47,"curve":"stepped"},{"time":1.6333,"x":-377.75,"y":76.97}],"scale":[{"time":0.1,"x":2.997,"y":2.009,"curve":"stepped"},{"time":1.6333,"x":6.497,"y":2.009}]}},"events":[{"time":0.0666,"name":"Voice","string":"cri_710_voice_skill_all"},{"time":0.1,"name":"Event","float":0.15,"string":"kHitStopType_normal"},{"time":0.1,"name":"Event2","float":0.5,"string":"shakeGround"},{"time":0.1,"name":"Sound1","string":"cri_se_battle_skill_shot"},{"time":0.1,"name":"Sound3","string":"setHitSound(se_battle_hard_hit)"},{"time":0.1666,"name":"Event","float":0.03,"string":"kHitStopType_normal"},{"time":0.1666,"name":"Hit","string":"resetHitList"},{"time":0.2,"name":"Sound1","string":"cri_se_battle_skill_shot"},{"time":0.2333,"name":"Hit","string":"resetHitList"},{"time":0.3,"name":"Event2","float":0.5,"string":"shakeGround"},{"time":0.3,"name":"Hit","string":"resetHitList"},{"time":0.3,"name":"Sound1","string":"cri_se_battle_skill_shot"},{"time":0.3666,"name":"Hit","string":"resetHitList"},{"time":0.4,"name":"Sound1","string":"cri_se_battle_skill_shot"},{"time":0.4333,"name":"Hit","string":"resetHitList"},{"time":0.5,"name":"Event2","float":0.5,"string":"shakeGround"},{"time":0.5,"name":"Hit","string":"resetHitList"},{"time":0.5,"name":"Sound1","string":"cri_se_battle_skill_shot"},{"time":0.5666,"name":"Hit","string":"resetHitList"},{"time":0.6,"name":"Sound1","string":"cri_se_battle_skill_shot"},{"time":0.6333,"name":"Hit","string":"resetHitList"},{"time":0.7,"name":"Event2","float":0.5,"string":"shakeGround"},{"time":0.7,"name":"Hit","string":"resetHitList"},{"time":0.7,"name":"Sound1","string":"cri_se_battle_skill_shot"},{"time":0.7666,"name":"Hit","string":"resetHitList"},{"time":0.8,"name":"Sound1","string":"cri_se_battle_skill_shot"},{"time":0.8333,"name":"Hit","string":"resetHitList"},{"time":0.9,"name":"Event2","float":0.5,"string":"shakeGround"},{"time":0.9,"name":"Hit","string":"resetHitList"},{"time":0.9,"name":"Sound1","string":"cri_se_battle_skill_shot"},{"time":0.9666,"name":"Hit","string":"resetHitList"},{"time":1,"name":"Sound1","string":"cri_se_battle_skill_shot"},{"time":1.0333,"name":"Hit","string":"resetHitList"},{"time":1.1,"name":"Event2","float":0.5,"string":"shakeGround"},{"time":1.1,"name":"Hit","string":"resetHitList"},{"time":1.1,"name":"Sound1","string":"cri_se_battle_skill_shot"},{"time":1.1666,"name":"Hit","string":"resetHitList"},{"time":1.2,"name":"Sound1","string":"cri_se_battle_skill_shot"},{"time":1.2333,"name":"Hit","string":"resetHitList"},{"time":1.3,"name":"Event2","float":0.5,"string":"shakeGround"},{"time":1.5666,"name":"Sound1","string":"cri_se_battle_037_explosion_element_05"},{"time":1.5666,"name":"Sound2","string":"cri_se_battle_skill_swish"},{"time":1.5666,"name":"Sound3","string":"setHitSound(se_battle_007_attack_hit_01)"},{"time":1.6,"name":"Event","string":"setHitBackEnemy(50,0)"},{"time":1.6333,"name":"Event","float":0.25,"string":"kHitStopType_normal"},{"time":1.6333,"name":"Event2","float":3,"string":"shakeGround"},{"time":1.6333,"name":"Hit","float":20,"string":"resetHitList"}]},"skill2":{"slots":{"DAMAGEAREA":{"attachment":[{"time":2.5333,"name":"DAMAGEAREA"},{"time":2.7,"name":null},{"time":3.2666,"name":"DAMAGEAREA"},{"time":4,"name":null},{"time":4.5,"name":"DAMAGEAREA"},{"time":4.7666,"name":null}]},"EF/EF_all/ef_dash_purple/ef_dash_purple_00001":{"attachment":[{"time":2.1333,"name":"EF/EF_all/ef_dash_purple/ef_dash_purple_00001"},{"time":2.1666,"name":"EF/EF_all/ef_dash_purple/ef_dash_purple_00003"},{"time":2.2,"name":"EF/EF_all/ef_dash_purple/ef_dash_purple_00005"},{"time":2.2666,"name":"EF/EF_all/ef_dash_purple/ef_dash_purple_00007"},{"time":2.3333,"name":"EF/EF_all/ef_dash_purple/ef_dash_purple_00009"},{"time":2.4,"name":"EF/EF_all/ef_dash_purple/ef_dash_purple_00011"},{"time":2.4666,"name":null},{"time":2.5333,"name":"EF/EF_all/ef_dash_purple/ef_dash_purple_00001"},{"time":2.5666,"name":"EF/EF_all/ef_dash_purple/ef_dash_purple_00003"},{"time":2.6,"name":"EF/EF_all/ef_dash_purple/ef_dash_purple_00005"},{"time":2.6666,"name":"EF/EF_all/ef_dash_purple/ef_dash_purple_00007"},{"time":2.7333,"name":"EF/EF_all/ef_dash_purple/ef_dash_purple_00009"},{"time":2.8,"name":"EF/EF_all/ef_dash_purple/ef_dash_purple_00011"},{"time":2.8666,"name":null}]},"EF/EF_all/ef_graund_wave_purple/ef_graund_wave_purple_00002":{"attachment":[{"time":0.0666,"name":"EF/EF_all/ef_graund_wave_purple/ef_graund_wave_purple_00002"},{"time":0.1,"name":"EF/EF_all/ef_graund_wave_purple/ef_graund_wave_purple_00004"},{"time":0.1333,"name":"EF/EF_all/ef_graund_wave_purple/ef_graund_wave_purple_00006"},{"time":0.1666,"name":"EF/EF_all/ef_graund_wave_purple/ef_graund_wave_purple_00008"},{"time":0.2,"name":"EF/EF_all/ef_graund_wave_purple/ef_graund_wave_purple_00010"},{"time":0.2333,"name":"EF/EF_all/ef_graund_wave_purple/ef_graund_wave_purple_00012"},{"time":0.2666,"name":"EF/EF_all/ef_graund_wave_purple/ef_graund_wave_purple_00014"},{"time":0.3,"name":null},{"time":0.5,"name":"EF/EF_all/ef_graund_wave_purple/ef_graund_wave_purple_00002"},{"time":0.5333,"name":"EF/EF_all/ef_graund_wave_purple/ef_graund_wave_purple_00004"},{"time":0.5666,"name":"EF/EF_all/ef_graund_wave_purple/ef_graund_wave_purple_00006"},{"time":0.6,"name":"EF/EF_all/ef_graund_wave_purple/ef_graund_wave_purple_00008"},{"time":0.6333,"name":"EF/EF_all/ef_graund_wave_purple/ef_graund_wave_purple_00010"},{"time":0.6666,"name":"EF/EF_all/ef_graund_wave_purple/ef_graund_wave_purple_00012"},{"time":0.7,"name":"EF/EF_all/ef_graund_wave_purple/ef_graund_wave_purple_00014"},{"time":0.7333,"name":null},{"time":0.9333,"name":"EF/EF_all/ef_graund_wave_purple/ef_graund_wave_purple_00002"},{"time":0.9666,"name":"EF/EF_all/ef_graund_wave_purple/ef_graund_wave_purple_00004"},{"time":1,"name":"EF/EF_all/ef_graund_wave_purple/ef_graund_wave_purple_00006"},{"time":1.0333,"name":"EF/EF_all/ef_graund_wave_purple/ef_graund_wave_purple_00008"},{"time":1.0666,"name":"EF/EF_all/ef_graund_wave_purple/ef_graund_wave_purple_00010"},{"time":1.1,"name":"EF/EF_all/ef_graund_wave_purple/ef_graund_wave_purple_00012"},{"time":1.1333,"name":"EF/EF_all/ef_graund_wave_purple/ef_graund_wave_purple_00014"},{"time":1.1666,"name":null},{"time":1.3666,"name":"EF/EF_all/ef_graund_wave_purple/ef_graund_wave_purple_00002"},{"time":1.4,"name":"EF/EF_all/ef_graund_wave_purple/ef_graund_wave_purple_00004"},{"time":1.4333,"name":"EF/EF_all/ef_graund_wave_purple/ef_graund_wave_purple_00006"},{"time":1.4666,"name":"EF/EF_all/ef_graund_wave_purple/ef_graund_wave_purple_00008"},{"time":1.5,"name":"EF/EF_all/ef_graund_wave_purple/ef_graund_wave_purple_00010"},{"time":1.5333,"name":"EF/EF_all/ef_graund_wave_purple/ef_graund_wave_purple_00012"},{"time":1.5666,"name":"EF/EF_all/ef_graund_wave_purple/ef_graund_wave_purple_00014"},{"time":1.6,"name":null},{"time":1.7666,"name":"EF/EF_all/ef_graund_wave_purple/ef_graund_wave_purple_00002"},{"time":1.8,"name":"EF/EF_all/ef_graund_wave_purple/ef_graund_wave_purple_00004"},{"time":1.8333,"name":"EF/EF_all/ef_graund_wave_purple/ef_graund_wave_purple_00006"},{"time":1.8666,"name":"EF/EF_all/ef_graund_wave_purple/ef_graund_wave_purple_00008"},{"time":1.9,"name":"EF/EF_all/ef_graund_wave_purple/ef_graund_wave_purple_00010"},{"time":1.9333,"name":"EF/EF_all/ef_graund_wave_purple/ef_graund_wave_purple_00012"},{"time":1.9666,"name":"EF/EF_all/ef_graund_wave_purple/ef_graund_wave_purple_00014"},{"time":2,"name":null},{"time":2.5333,"name":"EF/EF_all/ef_graund_wave_purple/ef_graund_wave_purple_00002"},{"time":2.5666,"name":"EF/EF_all/ef_graund_wave_purple/ef_graund_wave_purple_00004"},{"time":2.6,"name":"EF/EF_all/ef_graund_wave_purple/ef_graund_wave_purple_00006"},{"time":2.6333,"name":"EF/EF_all/ef_graund_wave_purple/ef_graund_wave_purple_00008"},{"time":2.6666,"name":"EF/EF_all/ef_graund_wave_purple/ef_graund_wave_purple_00010"},{"time":2.7333,"name":"EF/EF_all/ef_graund_wave_purple/ef_graund_wave_purple_00012"},{"time":2.8,"name":"EF/EF_all/ef_graund_wave_purple/ef_graund_wave_purple_00014"},{"time":2.8666,"name":null},{"time":4.6666,"name":"EF/EF_all/ef_graund_wave_purple/ef_graund_wave_purple_00002"},{"time":4.7,"name":"EF/EF_all/ef_graund_wave_purple/ef_graund_wave_purple_00004"},{"time":4.7333,"name":"EF/EF_all/ef_graund_wave_purple/ef_graund_wave_purple_00006"},{"time":4.7666,"name":"EF/EF_all/ef_graund_wave_purple/ef_graund_wave_purple_00008"},{"time":4.8,"name":"EF/EF_all/ef_graund_wave_purple/ef_graund_wave_purple_00010"},{"time":4.8333,"name":"EF/EF_all/ef_graund_wave_purple/ef_graund_wave_purple_00012"},{"time":4.8666,"name":"EF/EF_all/ef_graund_wave_purple/ef_graund_wave_purple_00014"},{"time":4.9,"name":null},{"time":4.9666,"name":"EF/EF_all/ef_graund_wave_purple/ef_graund_wave_purple_00002"},{"time":5,"name":"EF/EF_all/ef_graund_wave_purple/ef_graund_wave_purple_00004"},{"time":5.0333,"name":"EF/EF_all/ef_graund_wave_purple/ef_graund_wave_purple_00006"},{"time":5.0666,"name":"EF/EF_all/ef_graund_wave_purple/ef_graund_wave_purple_00008"},{"time":5.1,"name":"EF/EF_all/ef_graund_wave_purple/ef_graund_wave_purple_00010"},{"time":5.1333,"name":"EF/EF_all/ef_graund_wave_purple/ef_graund_wave_purple_00012"},{"time":5.1666,"name":"EF/EF_all/ef_graund_wave_purple/ef_graund_wave_purple_00014"},{"time":5.2,"name":null},{"time":5.7333,"name":"EF/EF_all/ef_graund_wave_purple/ef_graund_wave_purple_00002"},{"time":5.7666,"name":"EF/EF_all/ef_graund_wave_purple/ef_graund_wave_purple_00004"},{"time":5.8,"name":"EF/EF_all/ef_graund_wave_purple/ef_graund_wave_purple_00006"},{"time":5.8333,"name":"EF/EF_all/ef_graund_wave_purple/ef_graund_wave_purple_00008"},{"time":5.8666,"name":"EF/EF_all/ef_graund_wave_purple/ef_graund_wave_purple_00010"},{"time":5.9,"name":"EF/EF_all/ef_graund_wave_purple/ef_graund_wave_purple_00012"},{"time":5.9333,"name":"EF/EF_all/ef_graund_wave_purple/ef_graund_wave_purple_00014"},{"time":5.9666,"name":null}],"color":[{"time":4.9666,"color":"ffffffff"},{"time":5.2,"color":"ffffff00","curve":"stepped"},{"time":5.7333,"color":"ffffffff"}]},"EF/EF_all/ef_graund_wave_purple/ef_graund_wave_purple_2":{"attachment":[{"time":0.1666,"name":"EF/EF_all/ef_graund_wave_purple/ef_graund_wave_purple_00002"},{"time":0.2,"name":"EF/EF_all/ef_graund_wave_purple/ef_graund_wave_purple_00004"},{"time":0.2333,"name":"EF/EF_all/ef_graund_wave_purple/ef_graund_wave_purple_00006"},{"time":0.2666,"name":"EF/EF_all/ef_graund_wave_purple/ef_graund_wave_purple_00008"},{"time":0.3,"name":"EF/EF_all/ef_graund_wave_purple/ef_graund_wave_purple_00010"},{"time":0.3333,"name":"EF/EF_all/ef_graund_wave_purple/ef_graund_wave_purple_00012"},{"time":0.3666,"name":"EF/EF_all/ef_graund_wave_purple/ef_graund_wave_purple_00014"},{"time":0.4,"name":null},{"time":0.6,"name":"EF/EF_all/ef_graund_wave_purple/ef_graund_wave_purple_00002"},{"time":0.6333,"name":"EF/EF_all/ef_graund_wave_purple/ef_graund_wave_purple_00004"},{"time":0.6666,"name":"EF/EF_all/ef_graund_wave_purple/ef_graund_wave_purple_00006"},{"time":0.7,"name":"EF/EF_all/ef_graund_wave_purple/ef_graund_wave_purple_00008"},{"time":0.7333,"name":"EF/EF_all/ef_graund_wave_purple/ef_graund_wave_purple_00010"},{"time":0.7666,"name":"EF/EF_all/ef_graund_wave_purple/ef_graund_wave_purple_00012"},{"time":0.8,"name":"EF/EF_all/ef_graund_wave_purple/ef_graund_wave_purple_00014"},{"time":0.8333,"name":null},{"time":1.0333,"name":"EF/EF_all/ef_graund_wave_purple/ef_graund_wave_purple_00002"},{"time":1.0666,"name":"EF/EF_all/ef_graund_wave_purple/ef_graund_wave_purple_00004"},{"time":1.1,"name":"EF/EF_all/ef_graund_wave_purple/ef_graund_wave_purple_00006"},{"time":1.1333,"name":"EF/EF_all/ef_graund_wave_purple/ef_graund_wave_purple_00008"},{"time":1.1666,"name":"EF/EF_all/ef_graund_wave_purple/ef_graund_wave_purple_00010"},{"time":1.2,"name":"EF/EF_all/ef_graund_wave_purple/ef_graund_wave_purple_00012"},{"time":1.2333,"name":"EF/EF_all/ef_graund_wave_purple/ef_graund_wave_purple_00014"},{"time":1.2666,"name":null},{"time":1.4666,"name":"EF/EF_all/ef_graund_wave_purple/ef_graund_wave_purple_00002"},{"time":1.5,"name":"EF/EF_all/ef_graund_wave_purple/ef_graund_wave_purple_00004"},{"time":1.5333,"name":"EF/EF_all/ef_graund_wave_purple/ef_graund_wave_purple_00006"},{"time":1.5666,"name":"EF/EF_all/ef_graund_wave_purple/ef_graund_wave_purple_00008"},{"time":1.6,"name":"EF/EF_all/ef_graund_wave_purple/ef_graund_wave_purple_00010"},{"time":1.6333,"name":"EF/EF_all/ef_graund_wave_purple/ef_graund_wave_purple_00012"},{"time":1.6666,"name":"EF/EF_all/ef_graund_wave_purple/ef_graund_wave_purple_00014"},{"time":1.7,"name":null},{"time":4.7666,"name":"EF/EF_all/ef_graund_wave_purple/ef_graund_wave_purple_00002"},{"time":4.8,"name":"EF/EF_all/ef_graund_wave_purple/ef_graund_wave_purple_00004"},{"time":4.8333,"name":"EF/EF_all/ef_graund_wave_purple/ef_graund_wave_purple_00006"},{"time":4.8666,"name":"EF/EF_all/ef_graund_wave_purple/ef_graund_wave_purple_00008"},{"time":4.9,"name":"EF/EF_all/ef_graund_wave_purple/ef_graund_wave_purple_00010"},{"time":4.9333,"name":"EF/EF_all/ef_graund_wave_purple/ef_graund_wave_purple_00012"},{"time":4.9666,"name":"EF/EF_all/ef_graund_wave_purple/ef_graund_wave_purple_00014"},{"time":5,"name":null},{"time":5.0666,"name":"EF/EF_all/ef_graund_wave_purple/ef_graund_wave_purple_00002"},{"time":5.1,"name":"EF/EF_all/ef_graund_wave_purple/ef_graund_wave_purple_00004"},{"time":5.1333,"name":"EF/EF_all/ef_graund_wave_purple/ef_graund_wave_purple_00006"},{"time":5.1666,"name":"EF/EF_all/ef_graund_wave_purple/ef_graund_wave_purple_00008"},{"time":5.2,"name":"EF/EF_all/ef_graund_wave_purple/ef_graund_wave_purple_00010"},{"time":5.2333,"name":"EF/EF_all/ef_graund_wave_purple/ef_graund_wave_purple_00012"},{"time":5.2666,"name":"EF/EF_all/ef_graund_wave_purple/ef_graund_wave_purple_00014"},{"time":5.3,"name":null}],"color":[{"time":5.0666,"color":"ffffffff"},{"time":5.3,"color":"ffffff00"}]},"EF/EF_all/ef_graund_wave_purple/ef_graund_wave_purple_3":{"attachment":[{"time":4.8666,"name":"EF/EF_all/ef_graund_wave_purple/ef_graund_wave_purple_00002"},{"time":4.9,"name":"EF/EF_all/ef_graund_wave_purple/ef_graund_wave_purple_00004"},{"time":4.9333,"name":"EF/EF_all/ef_graund_wave_purple/ef_graund_wave_purple_00006"},{"time":4.9666,"name":"EF/EF_all/ef_graund_wave_purple/ef_graund_wave_purple_00008"},{"time":5,"name":"EF/EF_all/ef_graund_wave_purple/ef_graund_wave_purple_00010"},{"time":5.0333,"name":"EF/EF_all/ef_graund_wave_purple/ef_graund_wave_purple_00012"},{"time":5.0666,"name":"EF/EF_all/ef_graund_wave_purple/ef_graund_wave_purple_00014"},{"time":5.1,"name":null},{"time":5.1666,"name":"EF/EF_all/ef_graund_wave_purple/ef_graund_wave_purple_00002"},{"time":5.2,"name":"EF/EF_all/ef_graund_wave_purple/ef_graund_wave_purple_00004"},{"time":5.2333,"name":"EF/EF_all/ef_graund_wave_purple/ef_graund_wave_purple_00006"},{"time":5.2666,"name":"EF/EF_all/ef_graund_wave_purple/ef_graund_wave_purple_00008"},{"time":5.3,"name":"EF/EF_all/ef_graund_wave_purple/ef_graund_wave_purple_00010"},{"time":5.3333,"name":"EF/EF_all/ef_graund_wave_purple/ef_graund_wave_purple_00012"},{"time":5.3666,"name":"EF/EF_all/ef_graund_wave_purple/ef_graund_wave_purple_00014"},{"time":5.4,"name":null}],"color":[{"time":5.1666,"color":"ffffffff"},{"time":5.4,"color":"ffffff00"}]},"EF/MAIN_dome_main/ef_dome_main_00010":{"attachment":[{"time":0,"name":"EF/MAIN_dome_main/ef_dome_main_00010"},{"time":0.0333,"name":"EF/MAIN_dome_main/ef_dome_main_00011"},{"time":0.0666,"name":"EF/MAIN_dome_main/ef_dome_main_00012"},{"time":0.1,"name":"EF/MAIN_dome_main/ef_dome_main_00013"},{"time":0.1333,"name":"EF/MAIN_dome_main/ef_dome_main_00015"},{"time":0.1666,"name":"EF/MAIN_dome_main/ef_dome_main_00016"},{"time":0.2,"name":"EF/MAIN_dome_main/ef_dome_main_00017"},{"time":0.2333,"name":"EF/MAIN_dome_main/ef_dome_main_00018"},{"time":0.2666,"name":"EF/MAIN_dome_main/ef_dome_main_00019"},{"time":0.3,"name":"EF/MAIN_dome_main/ef_dome_main_00010"},{"time":0.3333,"name":"EF/MAIN_dome_main/ef_dome_main_00011"},{"time":0.3666,"name":"EF/MAIN_dome_main/ef_dome_main_00012"},{"time":0.4,"name":"EF/MAIN_dome_main/ef_dome_main_00013"},{"time":0.4333,"name":"EF/MAIN_dome_main/ef_dome_main_00015"},{"time":0.4666,"name":"EF/MAIN_dome_main/ef_dome_main_00016"},{"time":0.5,"name":"EF/MAIN_dome_main/ef_dome_main_00017"},{"time":0.5333,"name":"EF/MAIN_dome_main/ef_dome_main_00018"},{"time":0.5666,"name":"EF/MAIN_dome_main/ef_dome_main_00019"},{"time":0.6,"name":"EF/MAIN_dome_main/ef_dome_main_00010"},{"time":0.6333,"name":"EF/MAIN_dome_main/ef_dome_main_00011"},{"time":0.6666,"name":"EF/MAIN_dome_main/ef_dome_main_00012"},{"time":0.7,"name":"EF/MAIN_dome_main/ef_dome_main_00013"},{"time":0.7333,"name":"EF/MAIN_dome_main/ef_dome_main_00015"},{"time":0.7666,"name":"EF/MAIN_dome_main/ef_dome_main_00016"},{"time":0.8,"name":"EF/MAIN_dome_main/ef_dome_main_00017"},{"time":0.8333,"name":"EF/MAIN_dome_main/ef_dome_main_00018"},{"time":0.8666,"name":"EF/MAIN_dome_main/ef_dome_main_00019"},{"time":0.9,"name":"EF/MAIN_dome_main/ef_dome_main_00010"},{"time":0.9333,"name":"EF/MAIN_dome_main/ef_dome_main_00011"},{"time":0.9666,"name":"EF/MAIN_dome_main/ef_dome_main_00012"},{"time":1,"name":"EF/MAIN_dome_main/ef_dome_main_00013"},{"time":1.0333,"name":"EF/MAIN_dome_main/ef_dome_main_00015"},{"time":1.0666,"name":"EF/MAIN_dome_main/ef_dome_main_00016"},{"time":1.1,"name":"EF/MAIN_dome_main/ef_dome_main_00017"},{"time":1.1333,"name":"EF/MAIN_dome_main/ef_dome_main_00018"},{"time":1.1666,"name":"EF/MAIN_dome_main/ef_dome_main_00019"},{"time":1.2,"name":"EF/MAIN_dome_main/ef_dome_main_00010"},{"time":1.2333,"name":"EF/MAIN_dome_main/ef_dome_main_00011"},{"time":1.2666,"name":"EF/MAIN_dome_main/ef_dome_main_00012"},{"time":1.3,"name":"EF/MAIN_dome_main/ef_dome_main_00013"},{"time":1.3333,"name":"EF/MAIN_dome_main/ef_dome_main_00015"},{"time":1.3666,"name":"EF/MAIN_dome_main/ef_dome_main_00016"},{"time":1.4,"name":"EF/MAIN_dome_main/ef_dome_main_00017"},{"time":1.4333,"name":"EF/MAIN_dome_main/ef_dome_main_00018"},{"time":1.4666,"name":"EF/MAIN_dome_main/ef_dome_main_00019"},{"time":1.5,"name":"EF/MAIN_dome_main/ef_dome_main_00010"},{"time":1.5333,"name":"EF/MAIN_dome_main/ef_dome_main_00011"},{"time":1.5666,"name":"EF/MAIN_dome_main/ef_dome_main_00012"},{"time":1.6,"name":"EF/MAIN_dome_main/ef_dome_main_00013"},{"time":1.6333,"name":"EF/MAIN_dome_main/ef_dome_main_00015"},{"time":1.6666,"name":"EF/MAIN_dome_main/ef_dome_main_00016"},{"time":1.7,"name":"EF/MAIN_dome_main/ef_dome_main_00017"},{"time":1.7333,"name":"EF/MAIN_dome_main/ef_dome_main_00018"},{"time":1.7666,"name":"EF/MAIN_dome_main/ef_dome_main_00019"},{"time":1.8,"name":null},{"time":4.6666,"name":"EF/MAIN_dome_main/ef_dome_main_00010"},{"time":4.7,"name":"EF/MAIN_dome_main/ef_dome_main_00011"},{"time":4.7333,"name":"EF/MAIN_dome_main/ef_dome_main_00012"},{"time":4.7666,"name":"EF/MAIN_dome_main/ef_dome_main_00013"},{"time":4.8,"name":"EF/MAIN_dome_main/ef_dome_main_00015"},{"time":4.8666,"name":"EF/MAIN_dome_main/ef_dome_main_00016"},{"time":4.9333,"name":"EF/MAIN_dome_main/ef_dome_main_00017"},{"time":5,"name":"EF/MAIN_dome_main/ef_dome_main_00018"},{"time":5.0666,"name":"EF/MAIN_dome_main/ef_dome_main_00019"},{"time":5.1333,"name":null}],"color":[{"time":0,"color":"ffffff00"},{"time":0.2666,"color":"ffffffff","curve":"stepped"},{"time":1.6666,"color":"ffffffff"},{"time":1.8,"color":"ffffff00","curve":"stepped"},{"time":4.6666,"color":"ffffffff"},{"time":5.1333,"color":"ffffff00"}]},"EF/efr_ATK2_earth2_00001":{"attachment":[{"time":4.5666,"name":"EF/efr_ATK2_earth2_00001"}],"color":[{"time":4.5666,"color":"ffffffff","curve":"stepped"},{"time":5.3666,"color":"ffffffff"},{"time":5.7333,"color":"ffffff00"}]},"EF/efr_ATK2_earth2_1":{"attachment":[{"time":4.5666,"name":"EF/efr_ATK2_earth2_00001"}],"color":[{"time":5.3666,"color":"ffffffff"},{"time":5.7333,"color":"ffffff00"}]},"EF/efr_ATK2_earth2_2":{"attachment":[{"time":4.5666,"name":"EF/efr_ATK2_earth2_00001"}],"color":[{"time":5.3666,"color":"ffffffff"},{"time":5.7333,"color":"ffffff00"}]},"EF/efr_ATK2_earth2_3":{"attachment":[{"time":4.5666,"name":"EF/efr_ATK2_earth2_00001"}],"color":[{"time":5.3666,"color":"ffffffff"},{"time":5.7333,"color":"ffffff00"}]},"MAIN":{"attachment":[{"time":0,"name":"skill2_00"},{"time":0.4,"name":"skill2_01"},{"time":0.5,"name":"skill2_02"},{"time":0.6,"name":"skill2_01"},{"time":0.7,"name":"skill2_02"},{"time":0.8,"name":"skill2_01"},{"time":0.9,"name":"skill2_02"},{"time":1,"name":"skill2_01"},{"time":1.1,"name":"skill2_02"},{"time":1.2,"name":"skill2_01"},{"time":1.3,"name":"skill2_02"},{"time":1.4,"name":"skill2_01"},{"time":1.5,"name":"skill2_02"},{"time":1.7333,"name":"skill2_09"},{"time":1.9666,"name":"skill2_02"},{"time":2.1333,"name":"skill2_03"},{"time":2.1666,"name":"skill2_04"},{"time":2.2666,"name":"skill2_05"},{"time":2.3666,"name":"skill2_06"},{"time":2.5333,"name":"skill2_07"},{"time":4.0666,"name":"skill2_10"},{"time":4.4666,"name":"skill2_11"},{"time":4.5333,"name":"skill2_12"},{"time":4.6,"name":"skill2_11"},{"time":4.6666,"name":"skill2_12"},{"time":4.7333,"name":"skill2_11"},{"time":4.8,"name":"skill2_12"},{"time":4.8666,"name":"skill2_11"},{"time":4.9333,"name":"skill2_12"},{"time":5,"name":"skill2_11"},{"time":5.0666,"name":"skill2_12"},{"time":5.1666,"name":"skill2_11"},{"time":5.2666,"name":"skill2_12"},{"time":5.3666,"name":"skill2_11"},{"time":5.6333,"name":"attack_02"},{"time":5.9,"name":"idle_03"},{"time":6.0666,"name":"idle_00"},{"time":6.1333,"name":"idle_00"}],"color":[{"time":2.5333,"color":"ffffffff"},{"time":2.6333,"color":"ffffff00","curve":"stepped"},{"time":4.0666,"color":"ffffffff"}]},"ef":{"attachment":[{"time":0,"name":null},{"time":0.8,"name":null},{"time":4,"name":"skill3_02"},{"time":4.0666,"name":"skill3_01"},{"time":4.1333,"name":null},{"time":5.8333,"name":null}],"color":[{"time":0.7333,"color":"ffffffff"},{"time":0.8,"color":"ffffff00","curve":"stepped"},{"time":4,"color":"ffffffff","curve":"stepped"},{"time":5.7666,"color":"ffffffff"},{"time":5.8333,"color":"ffffff00"}]}},"bones":{"MAIN":{"rotate":[{"time":3.9333,"angle":11.35,"curve":"stepped"},{"time":4.4666,"angle":0}],"translate":[{"time":0,"x":0,"y":0,"curve":"stepped"},{"time":1.7333,"x":0,"y":0},{"time":1.8666,"x":232.76,"y":19.24},{"time":1.9666,"x":283.89,"y":0,"curve":[0.064,0.51,0.75,1]},{"time":2.1333,"x":301.22,"y":0,"curve":[0.154,0.7,0.562,1]},{"time":2.5333,"x":153,"y":0,"curve":[0.244,0.54,0.624,0.93]},{"time":2.6333,"x":-1422.72,"y":0,"curve":[0.333,0.36,0.666,0.69]},{"time":2.8333,"x":-1020.86,"y":46.72,"curve":[0.334,0.66,0.667,1]},{"time":3.9333,"x":96.94,"y":329.5,"curve":[0.086,0.44,0.75,1]},{"time":4.4333,"x":114.47,"y":365.9,"curve":"stepped"},{"time":4.4666,"x":84.8,"y":257.07},{"time":4.5,"x":0,"y":-25.36,"curve":[0.147,0.43,0.75,1]},{"time":4.5666,"x":0,"y":5.8},{"time":4.6,"x":0,"y":0,"curve":"stepped"},{"time":5.6333,"x":0,"y":0}]},"ef":{"rotate":[{"time":4,"angle":-23.53}],"translate":[{"time":4,"x":39.33,"y":-56.5,"curve":"stepped"},{"time":5.7666,"x":-15.71,"y":0}],"scale":[{"time":6.1,"x":1,"y":1}]},"dome_main":{"translate":[{"time":0,"x":111.83,"y":-91.92,"curve":"stepped"},{"time":4.6666,"x":64.89,"y":-99.93}],"scale":[{"time":0,"x":2.972,"y":2.972,"curve":"stepped"},{"time":1.6666,"x":2.972,"y":2.972,"curve":[0.083,0.5,0.588,1]},{"time":1.8,"x":5.962,"y":5.962,"curve":"stepped"},{"time":4.6666,"x":4.216,"y":4.216,"curve":[0.073,0.81,0.235,1]},{"time":5.1333,"x":5.804,"y":5.804}]},"graund_wave_1":{"translate":[{"time":0.0666,"x":212.43,"y":-95.91,"curve":"stepped"},{"time":0.5,"x":212.43,"y":-95.91,"curve":"stepped"},{"time":0.9333,"x":212.43,"y":-95.91,"curve":"stepped"},{"time":1.3666,"x":212.43,"y":-95.91,"curve":"stepped"},{"time":1.7666,"x":247.02,"y":-105.51,"curve":"stepped"},{"time":2.5333,"x":366.87,"y":-105.51,"curve":"stepped"},{"time":4.6666,"x":212.43,"y":-95.91,"curve":"stepped"},{"time":4.9666,"x":212.43,"y":-95.91,"curve":"stepped"},{"time":5.7333,"x":212.43,"y":-95.91}],"scale":[{"time":0.0666,"x":3.577,"y":3.577,"curve":"stepped"},{"time":0.5,"x":3.577,"y":3.577,"curve":"stepped"},{"time":0.9333,"x":3.577,"y":3.577,"curve":"stepped"},{"time":1.3666,"x":3.577,"y":3.577,"curve":"stepped"},{"time":1.7666,"x":3.577,"y":3.577,"curve":"stepped"},{"time":2.5333,"x":3.577,"y":3.577,"curve":"stepped"},{"time":4.6666,"x":3.577,"y":3.577,"curve":"stepped"},{"time":4.9666,"x":3.577,"y":3.577,"curve":"stepped"},{"time":5.7333,"x":1.463,"y":1.463}]},"graund_wave_2":{"translate":[{"time":0.1666,"x":212.43,"y":-95.91,"curve":"stepped"},{"time":0.6,"x":212.43,"y":-95.91,"curve":"stepped"},{"time":1.0333,"x":212.43,"y":-95.91,"curve":"stepped"},{"time":1.4666,"x":212.43,"y":-95.91,"curve":"stepped"},{"time":4.7666,"x":212.43,"y":-95.91,"curve":"stepped"},{"time":5.0666,"x":212.43,"y":-95.91}],"scale":[{"time":0.1666,"x":3.577,"y":3.577,"curve":"stepped"},{"time":0.6,"x":3.577,"y":3.577,"curve":"stepped"},{"time":1.0333,"x":3.577,"y":3.577,"curve":"stepped"},{"time":1.4666,"x":3.577,"y":3.577,"curve":"stepped"},{"time":4.7666,"x":3.577,"y":3.577,"curve":"stepped"},{"time":5.0666,"x":3.577,"y":3.577}]},"dash":{"translate":[{"time":2.1333,"x":480.6,"y":0,"curve":"stepped"},{"time":2.5333,"x":374.4,"y":0}],"scale":[{"time":2.1333,"x":2.326,"y":2.326,"curve":"stepped"},{"time":2.5333,"x":2.326,"y":2.326}]},"graund_wave_3":{"translate":[{"time":4.8666,"x":212.43,"y":-95.91,"curve":"stepped"},{"time":5.1666,"x":212.43,"y":-95.91}],"scale":[{"time":4.8666,"x":3.577,"y":3.577}]},"earth_1":{"translate":[{"time":4.5666,"x":435.54,"y":-5.65}],"scale":[{"time":4.5666,"x":1.113,"y":1.113}]},"earth_2":{"translate":[{"time":4.5666,"x":138.06,"y":0.6}]},"earth_3":{"translate":[{"time":4.5666,"x":325.09,"y":29.79}],"scale":[{"time":4.5666,"x":0.775,"y":0.775}]},"earth_4":{"translate":[{"time":4.5666,"x":251.24,"y":-42.65}]},"DAMAGEAREA":{"translate":[{"time":2.5333,"x":-349.34,"y":58.64,"curve":"stepped"},{"time":3.2666,"x":22.52,"y":218.33,"curve":"stepped"},{"time":4.5,"x":-20.25,"y":70.23}],"scale":[{"time":2.5333,"x":13.179,"y":2.564,"curve":"stepped"},{"time":3.2666,"x":6.401,"y":4.545,"curve":"stepped"},{"time":4.5,"x":5.541,"y":3.348}]}},"events":[{"time":0.1,"name":"Sound1","string":"cri_se_battle_charge_long"},{"time":0.1,"name":"Sound2","string":"cri_se_battle_skill_electric_1"},{"time":0.1666,"name":"Event2","float":0.4,"string":"shakeGround"},{"time":0.3333,"name":"Voice","string":"cri_710_voice_fullarts_now_a"},{"time":0.4333,"name":"Event2","float":0.4,"string":"shakeGround"},{"time":0.7,"name":"Event2","float":0.4,"string":"shakeGround"},{"time":0.9666,"name":"Event2","float":0.4,"string":"shakeGround"},{"time":1.2333,"name":"Event2","float":0.4,"string":"shakeGround"},{"time":1.5,"name":"Event2","float":0.4,"string":"shakeGround"},{"time":1.7333,"name":"Sound1","string":"cri_se_battle_jump"},{"time":1.9666,"name":"Sound1","string":"cri_se_battle_landing"},{"time":2.1333,"name":"Event","string":"movePosition_Target(0.06,10,0)"},{"time":2.1333,"name":"Event2","float":0.2,"string":"shakeGround"},{"time":2.4333,"name":"Event","string":"ignoreBorder_true"},{"time":2.4333,"name":"EventWhiteOut","string":"whiteOut(0.15,0.06,0.15)"},{"time":2.4666,"name":"Event","string":"setForceImpact(1)"},{"time":2.4666,"name":"EventWhiteOut","string":"whiteOut(0.15,0.06,0.15)"},{"time":2.5,"name":"Event","int":150,"string":"kImpactType_knock"},{"time":2.5,"name":"Sound3","string":"setHitSound(se_battle_hard_hit)"},{"time":2.5333,"name":"Event","float":0.2,"string":"kHitStopType_normal"},{"time":2.5333,"name":"Event2","float":2,"string":"shakeGround"},{"time":2.5333,"name":"Sound1","string":"cri_se_battle_skill_swish"},{"time":2.5333,"name":"Sound2","string":"cri_se_battle_beam"},{"time":2.6333,"name":"Event","float":0.5,"string":"kHitStopType_enemyonly"},{"time":2.6333,"name":"Hit","string":"resetHitList"},{"time":3.1666,"name":"Event","int":30,"string":"kImpactType_up"},{"time":3.2,"name":"Event","string":"setPosition_TargetMain"},{"time":3.2333,"name":"Event","string":"setHitBackEnemy(0,0)"},{"time":3.2666,"name":"Event","float":0.06,"string":"kHitStopType_enemyonly"},{"time":3.2666,"name":"Event2","float":1,"string":"shakeGround"},{"time":3.2666,"name":"Hit","float":1.8,"string":"resetHitList"},{"time":3.2666,"name":"Sound1","string":"cri_se_battle_skill_shot"},{"time":3.3333,"name":"Hit","float":1.8,"string":"resetHitList"},{"time":3.4,"name":"Hit","float":1.8,"string":"resetHitList"},{"time":3.4,"name":"Sound1","string":"cri_se_battle_skill_shot"},{"time":3.4666,"name":"Event2","float":1,"string":"shakeGround"},{"time":3.4666,"name":"Hit","float":1.8,"string":"resetHitList"},{"time":3.5333,"name":"Hit","float":1.8,"string":"resetHitList"},{"time":3.5333,"name":"Sound1","string":"cri_se_battle_skill_shot"},{"time":3.6,"name":"Hit","float":1.8,"string":"resetHitList"},{"time":3.6666,"name":"Event2","float":1,"string":"shakeGround"},{"time":3.6666,"name":"Hit","float":1.8,"string":"resetHitList"},{"time":3.6666,"name":"Sound1","string":"cri_se_battle_skill_shot"},{"time":3.7333,"name":"Hit","float":1.8,"string":"resetHitList"},{"time":3.8,"name":"Hit","float":1.8,"string":"resetHitList"},{"time":3.8,"name":"Sound1","string":"cri_se_battle_skill_shot"},{"time":3.8666,"name":"Event2","float":1,"string":"shakeGround"},{"time":3.8666,"name":"Hit","float":1.8,"string":"resetHitList"},{"time":3.9333,"name":"Event","float":0.09,"string":"kHitStopType_normal"},{"time":3.9333,"name":"Hit","float":1.8,"string":"resetHitList"},{"time":4,"name":"Voice","string":"cri_710_voice_fullarts_rank5"},{"time":4.0666,"name":"Event2","float":1,"string":"shakeGround"},{"time":4.1666,"name":"Event","string":"setPosition_Target"},{"time":4.4333,"name":"Sound1","string":"cri_se_battle_skill_swish"},{"time":4.4333,"name":"Sound3","string":"setHitSound(se_battle_007_attack_hit_01)"},{"time":4.5,"name":"Event2","float":3,"string":"shakeGround"},{"time":4.5,"name":"Hit","float":8,"string":"resetHitList"},{"time":4.5,"name":"Sound1","string":"cri_se_battle_030_explosion_02"},{"time":4.5,"name":"Sound2","string":"cri_se_battle_darkness_explosion"},{"time":4.7666,"name":"Event2","float":3,"string":"shakeGround"},{"time":5,"name":"Event2","float":3,"string":"shakeGround"},{"time":5.6,"name":"Sound1","string":"cri_se_battle_magic_Invocation_dark"}]},"skill3":{"slots":{"DAMAGEAREA":{"attachment":[{"time":3.4666,"name":"DAMAGEAREA"},{"time":6.1333,"name":null}]},"EF/MAIN_energy_ball/ef_energy_ball_main_00004":{"attachment":[{"time":0.4666,"name":"EF/MAIN_energy_ball/ef_energy_ball_main_00004"},{"time":0.5,"name":"EF/MAIN_energy_ball/ef_energy_ball_main_00006"},{"time":0.5666,"name":"EF/MAIN_energy_ball/ef_energy_ball_main_00008"},{"time":0.6333,"name":"EF/MAIN_energy_ball/ef_energy_ball_main_00010"},{"time":0.7,"name":"EF/MAIN_energy_ball/ef_energy_ball_main_00012"},{"time":0.7666,"name":"EF/MAIN_energy_ball/ef_energy_ball_main_00014"},{"time":0.8333,"name":"EF/MAIN_energy_ball/ef_energy_ball_main_00016"},{"time":0.9,"name":"EF/MAIN_energy_ball/ef_energy_ball_main_00006"},{"time":0.9666,"name":"EF/MAIN_energy_ball/ef_energy_ball_main_00008"},{"time":1.0333,"name":"EF/MAIN_energy_ball/ef_energy_ball_main_00010"},{"time":1.1,"name":"EF/MAIN_energy_ball/ef_energy_ball_main_00012"},{"time":1.1666,"name":"EF/MAIN_energy_ball/ef_energy_ball_main_00014"},{"time":1.2333,"name":"EF/MAIN_energy_ball/ef_energy_ball_main_00016"},{"time":1.3,"name":"EF/MAIN_energy_ball/ef_energy_ball_main_00006"},{"time":1.3666,"name":"EF/MAIN_energy_ball/ef_energy_ball_main_00008"},{"time":1.4333,"name":"EF/MAIN_energy_ball/ef_energy_ball_main_00010"},{"time":1.5,"name":"EF/MAIN_energy_ball/ef_energy_ball_main_00012"},{"time":1.5666,"name":"EF/MAIN_energy_ball/ef_energy_ball_main_00014"},{"time":1.6333,"name":"EF/MAIN_energy_ball/ef_energy_ball_main_00016"},{"time":1.7,"name":"EF/MAIN_energy_ball/ef_energy_ball_main_00006"},{"time":1.7666,"name":"EF/MAIN_energy_ball/ef_energy_ball_main_00008"},{"time":1.8333,"name":"EF/MAIN_energy_ball/ef_energy_ball_main_00010"},{"time":1.9,"name":"EF/MAIN_energy_ball/ef_energy_ball_main_00012"},{"time":1.9666,"name":"EF/MAIN_energy_ball/ef_energy_ball_main_00014"},{"time":2.0333,"name":"EF/MAIN_energy_ball/ef_energy_ball_main_00016"},{"time":2.1,"name":"EF/MAIN_energy_ball/ef_energy_ball_main_00006"},{"time":2.1666,"name":"EF/MAIN_energy_ball/ef_energy_ball_main_00008"},{"time":2.2333,"name":"EF/MAIN_energy_ball/ef_energy_ball_main_00010"},{"time":2.3,"name":"EF/MAIN_energy_ball/ef_energy_ball_main_00012"},{"time":2.3666,"name":"EF/MAIN_energy_ball/ef_energy_ball_main_00014"},{"time":2.4333,"name":"EF/MAIN_energy_ball/ef_energy_ball_main_00016"},{"time":2.5666,"name":"EF/MAIN_energy_ball/ef_energy_ball_main_00017"},{"time":2.6,"name":"EF/MAIN_energy_ball/ef_energy_ball_main_00019"},{"time":2.6333,"name":"EF/MAIN_energy_ball/ef_energy_ball_main_00021"},{"time":2.6666,"name":"EF/MAIN_energy_ball/ef_energy_ball_main_00023"},{"time":2.7,"name":"EF/MAIN_energy_ball/ef_energy_ball_main_00025"},{"time":2.7333,"name":"EF/MAIN_energy_ball/ef_energy_ball_main_00027"},{"time":3.3,"name":"EF/MAIN_energy_ball/ef_energy_ball_main_00029"},{"time":3.3666,"name":"EF/MAIN_energy_ball/ef_energy_ball_main_00031"},{"time":3.4333,"name":"EF/MAIN_energy_ball/ef_energy_ball_main_00033"},{"time":3.5,"name":"EF/MAIN_energy_ball/ef_energy_ball_main_00035"},{"time":3.5333,"name":"EF/MAIN_energy_ball/ef_energy_ball_main_00036"},{"time":3.7,"name":null}],"color":[{"time":0.4666,"color":"ffffff00"},{"time":0.7333,"color":"ffffff8a","curve":"stepped"},{"time":2.1,"color":"ffffff8a"},{"time":2.5,"color":"ffffffc6"},{"time":2.7333,"color":"ffffffff","curve":[0.078,0.6,1,1]},{"time":3.0666,"color":"ffffff00","curve":"stepped"},{"time":3.3,"color":"ffffffff","curve":"stepped"},{"time":3.5333,"color":"ffffffff"},{"time":3.7,"color":"ffffff00"}]},"EF/MAIN_energy_ball/ef_energy_ball_main_4":{"attachment":[{"time":0.4666,"name":"EF/MAIN_energy_ball/ef_energy_ball_main_00010"},{"time":3.4,"name":null}],"color":[{"time":0.4666,"color":"ffffff00","curve":[0.25,0,0.573,1]},{"time":2.5,"color":"ffffff5d","curve":"stepped"},{"time":2.5333,"color":"ffffff5d","curve":[0.25,0,0.54,1]},{"time":2.7333,"color":"ffffff00"}]},"MAIN":{"attachment":[{"time":0,"name":"skill3_00"},{"time":0.3333,"name":null},{"time":0.4333,"name":"skill3_03"},{"time":0.5666,"name":"skill3_04"},{"time":0.8333,"name":"skill3_05"},{"time":0.9333,"name":"skill3_06"},{"time":1.0333,"name":"skill3_05"},{"time":1.1333,"name":"skill3_06"},{"time":1.2333,"name":"skill3_05"},{"time":1.3333,"name":"skill3_06"},{"time":1.4333,"name":"skill3_05"},{"time":1.5333,"name":"skill3_06"},{"time":1.6333,"name":"skill3_05"},{"time":1.7333,"name":"skill3_06"},{"time":1.8666,"name":"skill3_05"},{"time":2,"name":"skill3_06"},{"time":2.5,"name":"skill3_04"},{"time":3.5,"name":"skill3_08"},{"time":3.5666,"name":"skill3_09"},{"time":3.6333,"name":"skill3_08"},{"time":3.7,"name":"skill3_09"},{"time":3.7666,"name":"skill3_08"},{"time":3.8333,"name":"skill3_09"},{"time":3.9,"name":"skill3_08"},{"time":3.9666,"name":"skill3_09"},{"time":4.0333,"name":"skill3_08"},{"time":4.1,"name":"skill3_09"},{"time":4.1666,"name":"skill3_08"},{"time":4.2333,"name":"skill3_09"},{"time":4.3,"name":"skill3_08"},{"time":4.3666,"name":"skill3_09"},{"time":4.4333,"name":"skill3_08"},{"time":4.5,"name":"skill3_09"},{"time":4.5666,"name":"skill3_08"},{"time":4.6333,"name":"skill3_09"},{"time":4.7,"name":"skill3_08"},{"time":4.7666,"name":"skill3_09"},{"time":4.8333,"name":"skill3_08"},{"time":4.9,"name":"skill3_09"},{"time":4.9666,"name":"skill3_08"},{"time":5.0333,"name":"skill3_09"},{"time":5.1,"name":"skill3_08"},{"time":5.1666,"name":"skill3_09"},{"time":5.2333,"name":"skill3_08"},{"time":5.3,"name":"skill3_09"},{"time":5.4,"name":"skill3_08"},{"time":5.5,"name":"skill3_09"},{"time":5.6,"name":"skill3_08"},{"time":5.7333,"name":"skill3_09"},{"time":5.8666,"name":"skill3_08"},{"time":6.2,"name":"skill3_06"},{"time":6.5,"name":"attack_02"},{"time":7,"name":"attack_02"}]},"ef":{"attachment":[{"time":0.2666,"name":"skill3_01"},{"time":0.3333,"name":"skill3_02"},{"time":0.3666,"name":null},{"time":6.4,"name":"skill3_02"},{"time":6.4333,"name":"skill3_10_ef"}],"color":[{"time":0.3,"color":"ffffffff"},{"time":0.3666,"color":"ffffff00","curve":"stepped"},{"time":6.4,"color":"ffffffff","curve":"stepped"},{"time":6.5,"color":"ffffffff"},{"time":6.5333,"color":"ffffff00"}]}},"bones":{"MAIN":{"rotate":[{"time":5.9,"angle":0,"curve":"stepped"},{"time":5.9666,"angle":0}],"translate":[{"time":0.4333,"x":0,"y":101.85,"curve":[0.224,0.57,0.58,1]},{"time":0.8,"x":0,"y":305,"curve":[0.101,0.48,0.75,1]},{"time":2.0333,"x":0,"y":315,"curve":"stepped"},{"time":2.5,"x":0,"y":315,"curve":"stepped"},{"time":3.5,"x":0,"y":315,"curve":"stepped"},{"time":6.1333,"x":0,"y":315},{"time":6.2,"x":0,"y":310,"curve":[0.319,0,0.794,0.71]},{"time":6.5,"x":0,"y":5},{"time":6.5333,"x":0,"y":3},{"time":6.5666,"x":0,"y":-10,"curve":[0.129,0.31,0.75,1]},{"time":6.6333,"x":0,"y":0}]},"energy_ball_1":{"translate":[{"time":0.4666,"x":210.58,"y":100.87,"curve":"stepped"},{"time":2.5666,"x":216.46,"y":124.37,"curve":"stepped"},{"time":3.3,"x":166.34,"y":107.86}],"scale":[{"time":0.4666,"x":2.9,"y":2.9,"curve":"stepped"},{"time":0.9,"x":2.9,"y":2.9,"curve":"stepped"},{"time":1.3,"x":2.9,"y":2.9,"curve":"stepped"},{"time":1.7,"x":2.9,"y":2.9,"curve":"stepped"},{"time":2.1,"x":2.9,"y":2.9,"curve":"stepped"},{"time":2.5,"x":21.578,"y":21.578,"curve":"stepped"},{"time":2.5666,"x":21.578,"y":21.578,"curve":[0.702,0,0.75,1]},{"time":2.7333,"x":4.342,"y":4.342,"curve":[0.069,0.8,0.43,1]},{"time":3.2,"x":2.683,"y":2.683,"curve":"stepped"},{"time":3.3,"x":2.9,"y":2.9,"curve":[0.221,0,0.488,1]},{"time":3.7,"x":7.861,"y":7.861}]},"energy_ball_2":{"translate":[{"time":0.4666,"x":210.58,"y":100.87}],"scale":[{"time":0.4666,"x":2.9,"y":2.9}]},"DAMAGEAREA":{"translate":[{"time":3.4666,"x":-414.09,"y":170.23}],"scale":[{"time":3.4666,"x":9.177,"y":5.659}]}},"events":[{"time":0,"name":"Sound1","string":"cri_se_battle_arrow_light_effect"},{"time":0.2666,"name":"Sound1","string":"cri_se_battle_teleport"},{"time":0.3666,"name":"Event","int":500,"string":"setPosition_Target"},{"time":0.4333,"name":"Event","string":"setInvincibleTime(2)"},{"time":0.4333,"name":"Sound1","string":"cri_se_battle_charge_04"},{"time":0.5333,"name":"Sound1","string":"cri_se_battle_skill_electric_1"},{"time":0.9,"name":"Event2","float":0.5,"string":"shakeGround"},{"time":1.1666,"name":"Event2","float":0.5,"string":"shakeGround"},{"time":1.3333,"name":"Event","string":"setInvincibleTime(2)"},{"time":1.4333,"name":"Event2","float":0.5,"string":"shakeGround"},{"time":1.7,"name":"Event2","float":0.5,"string":"shakeGround"},{"time":1.9666,"name":"Event2","float":0.5,"string":"shakeGround"},{"time":2.2333,"name":"Event2","float":1.5,"string":"shakeGround"},{"time":2.3333,"name":"Event","string":"setInvincibleTime(2)"},{"time":2.5,"name":"Event2","float":1.5,"string":"shakeGround"},{"time":2.5333,"name":"Sound1","string":"cri_se_battle_magic_Invocation_dark"},{"time":3.1666,"name":"Voice","string":"cri_710_voice_fullarts_rank6"},{"time":3.2,"name":"EventWhiteOut","string":"whiteOut(0.12,0.18,0.1) "},{"time":3.2666,"name":"Event","int":500,"string":"setPosition_Target"},{"time":3.3,"name":"Sound1","string":"cri_se_battle_skill_finallaser"},{"time":3.3,"name":"Sound3","string":"setHitSound(se_battle_007_attack_hit_01)"},{"time":3.3333,"name":"Event","string":"setInvincibleTime(2)"},{"time":3.4,"name":"Event","float":0.1,"string":"kHitStopType_enemyonly"},{"time":3.4333,"name":"Event","string":"setHitBackEnemy(5,0)"},{"time":3.4666,"name":"Event","string":"playStreamLine(2,0.45,0,0.45,0)"},{"time":3.4666,"name":"Event2","float":3,"string":"shakeGround"},{"time":3.5,"name":"Event","string":"runScript_slice"},{"time":3.5666,"name":"Hit","string":"resetHitList"},{"time":3.6666,"name":"Hit","string":"resetHitList"},{"time":3.7666,"name":"Event2","float":3,"string":"shakeGround"},{"time":3.7666,"name":"Hit","string":"resetHitList"},{"time":3.8666,"name":"Hit","string":"resetHitList"},{"time":3.8666,"name":"Sound1","string":"cri_se_battle_skill_elxplosion"},{"time":3.9666,"name":"Hit","string":"resetHitList"},{"time":4.0666,"name":"Event2","float":3,"string":"shakeGround"},{"time":4.0666,"name":"Hit","string":"resetHitList"},{"time":4.1666,"name":"Hit","string":"resetHitList"},{"time":4.2666,"name":"Hit","string":"resetHitList"},{"time":4.3333,"name":"Event","string":"setInvincibleTime(2)"},{"time":4.3666,"name":"Event2","float":3,"string":"shakeGround"},{"time":4.3666,"name":"Hit","string":"resetHitList"},{"time":4.4666,"name":"Event","string":"playStreamLine(2,0.45,0,0.45,0)"},{"time":4.4666,"name":"Hit","string":"resetHitList"},{"time":4.5666,"name":"Hit","string":"resetHitList"},{"time":4.6333,"name":"Sound1","string":"cri_se_battle_darkness_explosion"},{"time":4.6666,"name":"Event2","float":3,"string":"shakeGround"},{"time":4.6666,"name":"Hit","string":"resetHitList"},{"time":4.7666,"name":"Hit","string":"resetHitList"},{"time":4.8666,"name":"Hit","string":"resetHitList"},{"time":4.9666,"name":"Event2","float":3,"string":"shakeGround"},{"time":4.9666,"name":"Hit","string":"resetHitList"},{"time":5.0666,"name":"Hit","string":"resetHitList"},{"time":5.1666,"name":"Hit","string":"resetHitList"},{"time":5.2666,"name":"Event2","float":3,"string":"shakeGround"},{"time":5.2666,"name":"Hit","string":"resetHitList"},{"time":5.3333,"name":"Event","string":"setInvincibleTime(2)"},{"time":5.3666,"name":"Hit","string":"resetHitList"},{"time":5.4666,"name":"Event","string":"playStreamLine(2,0.45,0,0.45,0)"},{"time":5.4666,"name":"Event2","float":3,"string":"shakeGround"},{"time":5.4666,"name":"Hit","string":"resetHitList"},{"time":5.5666,"name":"EventWhiteOut","string":"whiteOut(0.4,0.2,0.15)"},{"time":5.5666,"name":"Hit","string":"resetHitList"},{"time":5.6666,"name":"Hit","string":"resetHitList"},{"time":5.7666,"name":"Event2","float":3,"string":"shakeGround"},{"time":5.7666,"name":"Hit","string":"resetHitList"},{"time":5.8666,"name":"Hit","string":"resetHitList"},{"time":5.9666,"name":"Hit","string":"resetHitList"},{"time":6.0666,"name":"Event2","float":3,"string":"shakeGround"},{"time":6.0666,"name":"Hit","string":"resetHitList"},{"time":6.1333,"name":"Event","string":"playStreamLine(0,0.45,0,0.45,0)"},{"time":7,"name":"Event","string":"runScript_volosDeath"}]}}}