{"skeleton":{"hash":"AM15C5/aHHzAZ5WGyR3L0KKSyys","spine":"3.0.12","width":0,"height":0},"bones":[{"name":"root"},{"name":"MAIN","parent":"root"},{"name":"flare","parent":"MAIN"},{"name":"ef_flare_back1_1","parent":"MAIN","x":300,"y":50},{"name":"EF_sphre_fire1","parent":"MAIN","x":300},{"name":"EF_sink1_2","parent":"MAIN","x":300,"y":100},{"name":"EF_sink1_1","parent":"MAIN","x":300,"y":100},{"name":"EF_leaf2_1","parent":"MAIN","x":250,"y":50},{"name":"EF_leaf1_1","parent":"MAIN","x":250,"y":100},{"name":"EF_ball1_1","parent":"MAIN"},{"name":"silhouette","parent":"root"}],"slots":[{"name":"ef_flare_back1_1","bone":"ef_flare_back1_1","blend":"additive"},{"name":"ef_flare_back1_2","bone":"ef_flare_back1_1","color":"000000ff"},{"name":"EF_leaf1_1","bone":"EF_leaf1_1","blend":"additive"},{"name":"EF_ball1_1","bone":"EF_ball1_1","blend":"additive"},{"name":"silhouette","bone":"silhouette","color":"000000ff"},{"name":"EF_leaf2_1","bone":"EF_leaf2_1","blend":"additive"},{"name":"EF_sink1_1","bone":"EF_sink1_1","color":"000000ff"},{"name":"EF_sink1_2","bone":"EF_sink1_2","color":"000000ff"},{"name":"EF_sphre_fire1","bone":"EF_sphre_fire1","color":"000000ff"},{"name":"Flare_2","bone":"flare","blend":"additive"}],"skins":{"default":{"EF_ball1_1":{"ef_ob_ball_main/ef_ob_ball_main_00001":{"width":100,"height":100},"ef_ob_ball_main/ef_ob_ball_main_00003":{"width":100,"height":100},"ef_ob_ball_main/ef_ob_ball_main_00005":{"width":100,"height":100},"ef_ob_ball_main/ef_ob_ball_main_00007":{"width":100,"height":100},"ef_ob_ball_main/ef_ob_ball_main_00009":{"width":100,"height":100},"ef_ob_ball_main/ef_ob_ball_main_00011":{"width":100,"height":100},"ef_ob_ball_main/ef_ob_ball_main_00013":{"width":100,"height":100},"ef_ob_ball_main/ef_ob_ball_main_00015":{"width":100,"height":100},"ef_ob_ball_main/ef_ob_ball_main_00016":{"width":100,"height":100}},"EF_leaf1_1":{"UI_leaf_main/UI_leaf_main_00004":{"y":3.42,"width":200,"height":200},"UI_leaf_main/UI_leaf_main_00005":{"y":3.42,"width":200,"height":200},"UI_leaf_main/UI_leaf_main_00006":{"y":3.42,"width":200,"height":200},"UI_leaf_main/UI_leaf_main_00007":{"y":3.42,"width":200,"height":200},"UI_leaf_main/UI_leaf_main_00008":{"y":3.42,"width":200,"height":200},"UI_leaf_main/UI_leaf_main_00009":{"y":3.42,"width":200,"height":200},"UI_leaf_main/UI_leaf_main_00010":{"y":3.42,"width":200,"height":200},"UI_leaf_main/UI_leaf_main_00011":{"y":3.42,"width":200,"height":200},"UI_leaf_main/UI_leaf_main_00012":{"y":3.42,"width":200,"height":200},"UI_leaf_main/UI_leaf_main_00013":{"y":3.42,"width":200,"height":200},"UI_leaf_main/UI_leaf_main_00014":{"y":3.42,"width":200,"height":200},"UI_leaf_main/UI_leaf_main_00015":{"y":3.42,"width":200,"height":200},"UI_leaf_main/UI_leaf_main_00016":{"y":3.42,"width":200,"height":200},"UI_leaf_main/UI_leaf_main_00017":{"y":3.42,"width":200,"height":200},"UI_leaf_main/UI_leaf_main_00018":{"y":3.42,"width":200,"height":200},"UI_leaf_main/UI_leaf_main_00019":{"y":3.42,"width":200,"height":200},"UI_leaf_main/UI_leaf_main_00020":{"y":3.42,"width":200,"height":200},"UI_leaf_main/UI_leaf_main_00021":{"y":3.42,"width":200,"height":200},"UI_leaf_main/UI_leaf_main_00022":{"y":3.42,"width":200,"height":200},"UI_leaf_main/UI_leaf_main_00023":{"y":3.42,"width":200,"height":200},"UI_leaf_main/UI_leaf_main_00024":{"y":3.42,"width":200,"height":200},"UI_leaf_main/UI_leaf_main_00025":{"y":3.42,"width":200,"height":200},"UI_leaf_main/UI_leaf_main_00026":{"y":3.42,"width":200,"height":200},"UI_leaf_main/UI_leaf_main_00027":{"y":3.42,"width":200,"height":200},"UI_leaf_main/UI_leaf_main_00028":{"y":3.42,"width":200,"height":200}},"EF_leaf2_1":{"leaf_splash/ef_leaf_main_00001":{"width":180,"height":180},"leaf_splash/ef_leaf_main_00002":{"width":180,"height":180},"leaf_splash/ef_leaf_main_00003":{"width":180,"height":180},"leaf_splash/ef_leaf_main_00004":{"width":180,"height":180},"leaf_splash/ef_leaf_main_00005":{"width":180,"height":180},"leaf_splash/ef_leaf_main_00006":{"width":180,"height":180},"leaf_splash/ef_leaf_main_00007":{"width":180,"height":180},"leaf_splash/ef_leaf_main_00008":{"width":180,"height":180},"leaf_splash/ef_leaf_main_00009":{"width":180,"height":180},"leaf_splash/ef_leaf_main_00010":{"width":180,"height":180},"leaf_splash/ef_leaf_main_00011":{"width":180,"height":180},"leaf_splash/ef_leaf_main_00012":{"width":180,"height":180},"leaf_splash/ef_leaf_main_00013":{"width":180,"height":180},"leaf_splash/ef_leaf_main_00014":{"width":180,"height":180},"leaf_splash/ef_leaf_main_00015":{"width":180,"height":180},"leaf_splash/ef_leaf_main_00016":{"width":180,"height":180},"leaf_splash/ef_leaf_main_00017":{"width":180,"height":180},"leaf_splash/ef_leaf_main_00018":{"width":180,"height":180},"leaf_splash/ef_leaf_main_00019":{"width":180,"height":180},"leaf_splash/ef_leaf_main_00020":{"width":180,"height":180},"leaf_splash/ef_leaf_main_00021":{"width":180,"height":180},"leaf_splash/ef_leaf_main_00022":{"width":180,"height":180},"leaf_splash/ef_leaf_main_00023":{"width":180,"height":180},"leaf_splash/ef_leaf_main_00024":{"width":180,"height":180},"leaf_splash/ef_leaf_main_00025":{"width":180,"height":180},"leaf_splash/ef_leaf_main_00026":{"width":180,"height":180},"leaf_splash/ef_leaf_main_00027":{"width":180,"height":180},"leaf_splash/ef_leaf_main_00028":{"width":180,"height":180}},"EF_sink1_1":{"sink/ef_fire_sink_sumi_00006":{"width":180,"height":180},"sink/ef_fire_sink_sumi_00007":{"width":180,"height":180},"sink/ef_fire_sink_sumi_00008":{"width":180,"height":180},"sink/ef_fire_sink_sumi_00009":{"width":180,"height":180},"sink/ef_fire_sink_sumi_00010":{"width":180,"height":180},"sink/ef_fire_sink_sumi_00011":{"width":180,"height":180},"sink/ef_fire_sink_sumi_00012":{"width":180,"height":180},"sink/ef_fire_sink_sumi_00013":{"width":180,"height":180},"sink/ef_fire_sink_sumi_00014":{"width":180,"height":180},"sink/ef_fire_sink_sumi_00015":{"width":180,"height":180},"sink/ef_fire_sink_sumi_00016":{"width":180,"height":180},"sink/ef_fire_sink_sumi_00017":{"width":180,"height":180},"sink/ef_fire_sink_sumi_00018":{"width":180,"height":180},"sink/ef_fire_sink_sumi_00019":{"width":180,"height":180},"sink/ef_fire_sink_sumi_00020":{"width":180,"height":180},"sink/ef_fire_sink_sumi_00021":{"width":180,"height":180},"sink/ef_fire_sink_sumi_00022":{"width":180,"height":180},"sink/ef_fire_sink_sumi_00023":{"width":180,"height":180},"sink/ef_fire_sink_sumi_00024":{"width":180,"height":180},"sink/ef_fire_sink_sumi_00025":{"width":180,"height":180},"sink/ef_fire_sink_sumi_00026":{"width":180,"height":180},"sink/ef_fire_sink_sumi_00027":{"width":180,"height":180},"sink/ef_fire_sink_sumi_00028":{"width":180,"height":180},"sink/ef_fire_sink_sumi_00029":{"width":180,"height":180},"sink/ef_fire_sink_sumi_00030":{"width":180,"height":180},"sink/ef_fire_sink_sumi_00032":{"width":180,"height":180},"sink/ef_fire_sink_sumi_00033":{"width":180,"height":180},"sink/ef_fire_sink_sumi_00034":{"width":180,"height":180},"sink/ef_fire_sink_sumi_00035":{"width":180,"height":180},"sink/ef_fire_sink_sumi_00036":{"width":180,"height":180},"sink/ef_fire_sink_sumi_00037":{"width":180,"height":180},"sink/ef_fire_sink_sumi_00038":{"width":180,"height":180},"sink/ef_fire_sink_sumi_00039":{"width":180,"height":180},"sink/ef_fire_sink_sumi_00040":{"width":180,"height":180},"sink/ef_fire_sink_sumi_00041":{"width":180,"height":180},"sink/ef_fire_sink_sumi_00042":{"width":180,"height":180},"sink/ef_fire_sink_sumi_00043":{"width":180,"height":180},"sink/ef_fire_sink_sumi_00044":{"width":180,"height":180},"sink/ef_fire_sink_sumi_00045":{"width":180,"height":180}},"EF_sink1_2":{"sink/ef_fire_sink_sumi_00006":{"width":180,"height":180},"sink/ef_fire_sink_sumi_00007":{"width":180,"height":180},"sink/ef_fire_sink_sumi_00008":{"width":180,"height":180},"sink/ef_fire_sink_sumi_00009":{"width":180,"height":180},"sink/ef_fire_sink_sumi_00010":{"width":180,"height":180},"sink/ef_fire_sink_sumi_00011":{"width":180,"height":180},"sink/ef_fire_sink_sumi_00012":{"width":180,"height":180},"sink/ef_fire_sink_sumi_00013":{"width":180,"height":180},"sink/ef_fire_sink_sumi_00014":{"width":180,"height":180},"sink/ef_fire_sink_sumi_00015":{"width":180,"height":180},"sink/ef_fire_sink_sumi_00016":{"width":180,"height":180},"sink/ef_fire_sink_sumi_00017":{"width":180,"height":180},"sink/ef_fire_sink_sumi_00018":{"width":180,"height":180},"sink/ef_fire_sink_sumi_00019":{"width":180,"height":180},"sink/ef_fire_sink_sumi_00020":{"width":180,"height":180},"sink/ef_fire_sink_sumi_00021":{"width":180,"height":180},"sink/ef_fire_sink_sumi_00022":{"width":180,"height":180},"sink/ef_fire_sink_sumi_00023":{"width":180,"height":180},"sink/ef_fire_sink_sumi_00024":{"width":180,"height":180},"sink/ef_fire_sink_sumi_00025":{"width":180,"height":180},"sink/ef_fire_sink_sumi_00026":{"width":180,"height":180},"sink/ef_fire_sink_sumi_00027":{"width":180,"height":180},"sink/ef_fire_sink_sumi_00028":{"width":180,"height":180},"sink/ef_fire_sink_sumi_00029":{"width":180,"height":180},"sink/ef_fire_sink_sumi_00030":{"width":180,"height":180},"sink/ef_fire_sink_sumi_00032":{"width":180,"height":180},"sink/ef_fire_sink_sumi_00033":{"width":180,"height":180},"sink/ef_fire_sink_sumi_00034":{"width":180,"height":180},"sink/ef_fire_sink_sumi_00035":{"width":180,"height":180},"sink/ef_fire_sink_sumi_00036":{"width":180,"height":180},"sink/ef_fire_sink_sumi_00037":{"width":180,"height":180},"sink/ef_fire_sink_sumi_00038":{"width":180,"height":180},"sink/ef_fire_sink_sumi_00039":{"width":180,"height":180},"sink/ef_fire_sink_sumi_00040":{"width":180,"height":180},"sink/ef_fire_sink_sumi_00041":{"width":180,"height":180},"sink/ef_fire_sink_sumi_00042":{"width":180,"height":180},"sink/ef_fire_sink_sumi_00043":{"width":180,"height":180},"sink/ef_fire_sink_sumi_00044":{"width":180,"height":180},"sink/ef_fire_sink_sumi_00045":{"width":180,"height":180}},"EF_sphre_fire1":{"sphere_fire/ef_fire_sphere_main_00031":{"y":14.69,"rotation":50.62,"width":200,"height":200},"sphere_fire/ef_fire_sphere_main_00032":{"y":14.69,"rotation":50.62,"width":200,"height":200},"sphere_fire/ef_fire_sphere_main_00033":{"y":14.69,"rotation":50.62,"width":200,"height":200},"sphere_fire/ef_fire_sphere_main_00034":{"y":14.69,"rotation":50.62,"width":200,"height":200},"sphere_fire/ef_fire_sphere_main_00035":{"y":14.69,"rotation":50.62,"width":200,"height":200},"sphere_fire/ef_fire_sphere_main_00036":{"y":14.69,"rotation":50.62,"width":200,"height":200},"sphere_fire/ef_fire_sphere_main_00037":{"y":14.69,"rotation":50.62,"width":200,"height":200},"sphere_fire/ef_fire_sphere_main_00038":{"y":14.69,"rotation":50.62,"width":200,"height":200},"sphere_fire/ef_fire_sphere_main_00039":{"y":14.69,"rotation":50.62,"width":200,"height":200},"sphere_fire/ef_fire_sphere_main_00040":{"y":14.69,"rotation":50.62,"width":200,"height":200},"sphere_fire/ef_fire_sphere_main_00041":{"y":14.69,"rotation":50.62,"width":200,"height":200},"sphere_fire/ef_fire_sphere_main_00042":{"y":14.69,"rotation":50.62,"width":200,"height":200},"sphere_fire/ef_fire_sphere_main_00043":{"y":14.69,"rotation":50.62,"width":200,"height":200},"sphere_fire/ef_fire_sphere_main_00044":{"y":14.69,"rotation":50.62,"width":200,"height":200},"sphere_fire/ef_fire_sphere_main_00045":{"y":14.69,"rotation":50.62,"width":200,"height":200},"sphere_fire/ef_fire_sphere_main_00046":{"y":14.69,"rotation":50.62,"width":200,"height":200},"sphere_fire/ef_fire_sphere_main_00047":{"y":14.69,"rotation":50.62,"width":200,"height":200}},"Flare_2":{"Flare_2":{"width":128,"height":128}},"ef_flare_back1_1":{"ef_flare_back_main_00005":{"width":200,"height":200}},"ef_flare_back1_2":{"ef_flare_back_main_00005":{"width":200,"height":200}},"silhouette":{"silhouette":{"x":11.96,"width":500,"height":500}}}},"animations":{"absorption1":{"slots":{"EF_ball1_1":{"attachment":[{"time":0,"name":"ef_ob_ball_main/ef_ob_ball_main_00016"},{"time":0.1,"name":null}]},"EF_leaf1_1":{"attachment":[{"time":0,"name":"UI_leaf_main/UI_leaf_main_00004"},{"time":0.0333,"name":"UI_leaf_main/UI_leaf_main_00005"},{"time":0.0666,"name":"UI_leaf_main/UI_leaf_main_00006"},{"time":0.1,"name":"UI_leaf_main/UI_leaf_main_00007"},{"time":0.1333,"name":"UI_leaf_main/UI_leaf_main_00008"},{"time":0.1666,"name":"UI_leaf_main/UI_leaf_main_00009"},{"time":0.2,"name":"UI_leaf_main/UI_leaf_main_00010"},{"time":0.2333,"name":"UI_leaf_main/UI_leaf_main_00011"},{"time":0.2666,"name":"UI_leaf_main/UI_leaf_main_00012"},{"time":0.3,"name":"UI_leaf_main/UI_leaf_main_00013"},{"time":0.3333,"name":"UI_leaf_main/UI_leaf_main_00014"},{"time":0.3666,"name":"UI_leaf_main/UI_leaf_main_00015"},{"time":0.4,"name":"UI_leaf_main/UI_leaf_main_00016"},{"time":0.4333,"name":"UI_leaf_main/UI_leaf_main_00017"},{"time":0.4666,"name":"UI_leaf_main/UI_leaf_main_00018"},{"time":0.5,"name":"UI_leaf_main/UI_leaf_main_00019"},{"time":0.5333,"name":"UI_leaf_main/UI_leaf_main_00020"},{"time":0.5666,"name":"UI_leaf_main/UI_leaf_main_00021"},{"time":0.6,"name":"UI_leaf_main/UI_leaf_main_00022"},{"time":0.6333,"name":"UI_leaf_main/UI_leaf_main_00023"},{"time":0.6666,"name":"UI_leaf_main/UI_leaf_main_00024"},{"time":0.7,"name":"UI_leaf_main/UI_leaf_main_00025"},{"time":0.7333,"name":"UI_leaf_main/UI_leaf_main_00026"},{"time":0.7666,"name":"UI_leaf_main/UI_leaf_main_00027"},{"time":0.8,"name":"UI_leaf_main/UI_leaf_main_00028"},{"time":0.8333,"name":null}]},"EF_leaf2_1":{"attachment":[{"time":0.1,"name":"leaf_splash/ef_leaf_main_00001"},{"time":0.1333,"name":"leaf_splash/ef_leaf_main_00002"},{"time":0.1666,"name":"leaf_splash/ef_leaf_main_00003"},{"time":0.2,"name":"leaf_splash/ef_leaf_main_00004"},{"time":0.2333,"name":"leaf_splash/ef_leaf_main_00005"},{"time":0.2666,"name":"leaf_splash/ef_leaf_main_00006"},{"time":0.3,"name":"leaf_splash/ef_leaf_main_00007"},{"time":0.3333,"name":"leaf_splash/ef_leaf_main_00008"},{"time":0.3666,"name":"leaf_splash/ef_leaf_main_00009"},{"time":0.4,"name":"leaf_splash/ef_leaf_main_00010"},{"time":0.4333,"name":"leaf_splash/ef_leaf_main_00011"},{"time":0.4666,"name":"leaf_splash/ef_leaf_main_00012"},{"time":0.5,"name":"leaf_splash/ef_leaf_main_00013"},{"time":0.5333,"name":"leaf_splash/ef_leaf_main_00014"},{"time":0.5666,"name":"leaf_splash/ef_leaf_main_00015"},{"time":0.6,"name":"leaf_splash/ef_leaf_main_00016"},{"time":0.6333,"name":"leaf_splash/ef_leaf_main_00017"},{"time":0.6666,"name":"leaf_splash/ef_leaf_main_00018"},{"time":0.7,"name":"leaf_splash/ef_leaf_main_00019"},{"time":0.7333,"name":"leaf_splash/ef_leaf_main_00020"},{"time":0.7666,"name":"leaf_splash/ef_leaf_main_00021"},{"time":0.8,"name":"leaf_splash/ef_leaf_main_00022"},{"time":0.8333,"name":"leaf_splash/ef_leaf_main_00023"},{"time":0.8666,"name":"leaf_splash/ef_leaf_main_00024"},{"time":0.9,"name":"leaf_splash/ef_leaf_main_00025"},{"time":0.9333,"name":"leaf_splash/ef_leaf_main_00026"},{"time":0.9666,"name":"leaf_splash/ef_leaf_main_00027"},{"time":1,"name":"leaf_splash/ef_leaf_main_00028"},{"time":1.0333,"name":null}]},"EF_sink1_1":{"attachment":[{"time":0,"name":"sink/ef_fire_sink_sumi_00032"},{"time":0.0333,"name":"sink/ef_fire_sink_sumi_00033"},{"time":0.0666,"name":"sink/ef_fire_sink_sumi_00034"},{"time":0.1,"name":"sink/ef_fire_sink_sumi_00035"},{"time":0.1333,"name":"sink/ef_fire_sink_sumi_00036"},{"time":0.1666,"name":"sink/ef_fire_sink_sumi_00037"},{"time":0.2,"name":"sink/ef_fire_sink_sumi_00038"},{"time":0.2333,"name":"sink/ef_fire_sink_sumi_00039"},{"time":0.2666,"name":"sink/ef_fire_sink_sumi_00040"},{"time":0.3,"name":"sink/ef_fire_sink_sumi_00041"},{"time":0.3333,"name":"sink/ef_fire_sink_sumi_00042"},{"time":0.3666,"name":"sink/ef_fire_sink_sumi_00043"},{"time":0.4,"name":"sink/ef_fire_sink_sumi_00044"},{"time":0.4333,"name":"sink/ef_fire_sink_sumi_00045"},{"time":0.4666,"name":null}]},"EF_sink1_2":{"attachment":[{"time":0,"name":"sink/ef_fire_sink_sumi_00007"},{"time":0.0333,"name":"sink/ef_fire_sink_sumi_00032"},{"time":0.0666,"name":"sink/ef_fire_sink_sumi_00033"},{"time":0.1,"name":"sink/ef_fire_sink_sumi_00034"},{"time":0.1333,"name":"sink/ef_fire_sink_sumi_00035"},{"time":0.1666,"name":"sink/ef_fire_sink_sumi_00036"},{"time":0.2,"name":"sink/ef_fire_sink_sumi_00037"},{"time":0.2333,"name":"sink/ef_fire_sink_sumi_00038"},{"time":0.2666,"name":"sink/ef_fire_sink_sumi_00039"},{"time":0.3,"name":"sink/ef_fire_sink_sumi_00040"},{"time":0.3333,"name":"sink/ef_fire_sink_sumi_00041"},{"time":0.3666,"name":"sink/ef_fire_sink_sumi_00042"},{"time":0.4,"name":"sink/ef_fire_sink_sumi_00043"},{"time":0.4333,"name":"sink/ef_fire_sink_sumi_00044"},{"time":0.4666,"name":"sink/ef_fire_sink_sumi_00045"},{"time":0.5,"name":null}]},"ef_flare_back1_1":{"attachment":[{"time":0,"name":"ef_flare_back_main_00005"},{"time":0.2666,"name":null}],"color":[{"time":0,"color":"ffffffff","curve":"stepped"},{"time":0.1,"color":"ffffffff"},{"time":0.2666,"color":"ffffff00"}]},"ef_flare_back1_2":{"attachment":[{"time":0,"name":"ef_flare_back_main_00005"}],"color":[{"time":0,"color":"00000000"},{"time":0.1,"color":"000000ff","curve":[0.25,0,0.793,0.22]},{"time":0.2666,"color":"00000000"}]}},"bones":{"ef_flare_back1_1":{"translate":[{"time":0,"x":-300,"y":-50}],"scale":[{"time":0,"x":7.5,"y":7.5,"curve":"stepped"},{"time":0.1,"x":7.5,"y":7.5,"curve":"stepped"},{"time":0.2666,"x":7.5,"y":7.5}]},"EF_sink1_1":{"rotate":[{"time":0,"angle":0}],"translate":[{"time":0,"x":-300,"y":-100}],"scale":[{"time":0,"x":8.576,"y":8.576}]},"EF_ball1_1":{"scale":[{"time":0,"x":8,"y":8}]},"EF_sink1_2":{"rotate":[{"time":0,"angle":159.21}],"translate":[{"time":0,"x":-300,"y":-100}],"scale":[{"time":0,"x":7.174,"y":7.174}]},"EF_leaf2_1":{"rotate":[{"time":0.1,"angle":170.13}],"translate":[{"time":0.1,"x":-250,"y":-13.9}],"scale":[{"time":0.1,"x":6.5,"y":6.5}]},"EF_leaf1_1":{"rotate":[{"time":0,"angle":154.75}],"translate":[{"time":0,"x":-248.68,"y":-100.27}],"scale":[{"time":0,"x":6.954,"y":6.954},{"time":0.4333,"x":10.325,"y":10.325}]}},"drawOrder":[{"time":0.1,"offsets":[{"slot":"ef_flare_back1_2","offset":7}]}]},"absorption2":{"slots":{"EF_ball1_1":{"attachment":[{"time":0,"name":"ef_ob_ball_main/ef_ob_ball_main_00001"},{"time":0.0333,"name":"ef_ob_ball_main/ef_ob_ball_main_00003"},{"time":0.0666,"name":"ef_ob_ball_main/ef_ob_ball_main_00005"},{"time":0.1,"name":"ef_ob_ball_main/ef_ob_ball_main_00007"},{"time":0.1333,"name":"ef_ob_ball_main/ef_ob_ball_main_00009"},{"time":0.1666,"name":"ef_ob_ball_main/ef_ob_ball_main_00011"},{"time":0.2,"name":"ef_ob_ball_main/ef_ob_ball_main_00013"},{"time":0.2333,"name":"ef_ob_ball_main/ef_ob_ball_main_00015"},{"time":0.2666,"name":"ef_ob_ball_main/ef_ob_ball_main_00001"},{"time":0.3,"name":"ef_ob_ball_main/ef_ob_ball_main_00003"},{"time":0.3333,"name":"ef_ob_ball_main/ef_ob_ball_main_00005"},{"time":0.3666,"name":"ef_ob_ball_main/ef_ob_ball_main_00007"},{"time":0.4,"name":"ef_ob_ball_main/ef_ob_ball_main_00009"},{"time":0.4333,"name":"ef_ob_ball_main/ef_ob_ball_main_00011"},{"time":0.4666,"name":"ef_ob_ball_main/ef_ob_ball_main_00013"},{"time":0.5,"name":"ef_ob_ball_main/ef_ob_ball_main_00015"},{"time":0.5333,"name":"ef_ob_ball_main/ef_ob_ball_main_00001"},{"time":0.5666,"name":"ef_ob_ball_main/ef_ob_ball_main_00003"},{"time":0.6,"name":"ef_ob_ball_main/ef_ob_ball_main_00005"},{"time":0.6333,"name":"ef_ob_ball_main/ef_ob_ball_main_00007"},{"time":0.6666,"name":"ef_ob_ball_main/ef_ob_ball_main_00009"},{"time":0.7,"name":"ef_ob_ball_main/ef_ob_ball_main_00011"},{"time":0.7333,"name":"ef_ob_ball_main/ef_ob_ball_main_00013"},{"time":0.7666,"name":"ef_ob_ball_main/ef_ob_ball_main_00015"},{"time":0.8,"name":"ef_ob_ball_main/ef_ob_ball_main_00001"},{"time":0.8333,"name":"ef_ob_ball_main/ef_ob_ball_main_00003"},{"time":0.8666,"name":"ef_ob_ball_main/ef_ob_ball_main_00005"},{"time":0.9,"name":"ef_ob_ball_main/ef_ob_ball_main_00007"},{"time":0.9333,"name":"ef_ob_ball_main/ef_ob_ball_main_00009"},{"time":0.9666,"name":"ef_ob_ball_main/ef_ob_ball_main_00011"},{"time":1,"name":"ef_ob_ball_main/ef_ob_ball_main_00013"},{"time":1.0333,"name":"ef_ob_ball_main/ef_ob_ball_main_00015"},{"time":1.0666,"name":"ef_ob_ball_main/ef_ob_ball_main_00001"},{"time":1.1,"name":"ef_ob_ball_main/ef_ob_ball_main_00003"},{"time":1.1333,"name":"ef_ob_ball_main/ef_ob_ball_main_00005"},{"time":1.1666,"name":"ef_ob_ball_main/ef_ob_ball_main_00007"},{"time":1.2,"name":"ef_ob_ball_main/ef_ob_ball_main_00009"},{"time":1.2333,"name":"ef_ob_ball_main/ef_ob_ball_main_00011"},{"time":1.2666,"name":"ef_ob_ball_main/ef_ob_ball_main_00013"},{"time":1.3,"name":"ef_ob_ball_main/ef_ob_ball_main_00015"},{"time":1.3333,"name":"ef_ob_ball_main/ef_ob_ball_main_00001"},{"time":1.3666,"name":"ef_ob_ball_main/ef_ob_ball_main_00003"},{"time":1.4,"name":"ef_ob_ball_main/ef_ob_ball_main_00005"},{"time":1.4333,"name":"ef_ob_ball_main/ef_ob_ball_main_00007"},{"time":1.4666,"name":"ef_ob_ball_main/ef_ob_ball_main_00009"},{"time":1.5,"name":"ef_ob_ball_main/ef_ob_ball_main_00011"},{"time":1.5333,"name":"ef_ob_ball_main/ef_ob_ball_main_00013"},{"time":1.5666,"name":"ef_ob_ball_main/ef_ob_ball_main_00015"},{"time":1.6,"name":"ef_ob_ball_main/ef_ob_ball_main_00001"},{"time":1.6333,"name":"ef_ob_ball_main/ef_ob_ball_main_00003"},{"time":1.6666,"name":"ef_ob_ball_main/ef_ob_ball_main_00005"},{"time":1.7,"name":"ef_ob_ball_main/ef_ob_ball_main_00007"},{"time":1.7333,"name":"ef_ob_ball_main/ef_ob_ball_main_00009"},{"time":1.7666,"name":"ef_ob_ball_main/ef_ob_ball_main_00011"},{"time":1.8,"name":"ef_ob_ball_main/ef_ob_ball_main_00013"},{"time":1.8333,"name":"ef_ob_ball_main/ef_ob_ball_main_00015"},{"time":1.8666,"name":"ef_ob_ball_main/ef_ob_ball_main_00001"},{"time":1.9,"name":"ef_ob_ball_main/ef_ob_ball_main_00003"},{"time":1.9333,"name":"ef_ob_ball_main/ef_ob_ball_main_00005"},{"time":1.9666,"name":"ef_ob_ball_main/ef_ob_ball_main_00007"},{"time":2,"name":"ef_ob_ball_main/ef_ob_ball_main_00009"},{"time":2.0333,"name":"ef_ob_ball_main/ef_ob_ball_main_00011"},{"time":2.0666,"name":"ef_ob_ball_main/ef_ob_ball_main_00013"},{"time":2.1,"name":"ef_ob_ball_main/ef_ob_ball_main_00015"},{"time":2.1333,"name":"ef_ob_ball_main/ef_ob_ball_main_00001"},{"time":2.1666,"name":"ef_ob_ball_main/ef_ob_ball_main_00003"},{"time":2.2,"name":"ef_ob_ball_main/ef_ob_ball_main_00005"},{"time":2.2333,"name":"ef_ob_ball_main/ef_ob_ball_main_00007"},{"time":2.2666,"name":"ef_ob_ball_main/ef_ob_ball_main_00009"},{"time":2.3,"name":"ef_ob_ball_main/ef_ob_ball_main_00011"},{"time":2.3333,"name":"ef_ob_ball_main/ef_ob_ball_main_00013"},{"time":2.3666,"name":"ef_ob_ball_main/ef_ob_ball_main_00015"},{"time":2.4,"name":"ef_ob_ball_main/ef_ob_ball_main_00001"},{"time":2.4333,"name":"ef_ob_ball_main/ef_ob_ball_main_00003"},{"time":2.4666,"name":"ef_ob_ball_main/ef_ob_ball_main_00005"},{"time":2.5,"name":"ef_ob_ball_main/ef_ob_ball_main_00007"},{"time":2.5333,"name":"ef_ob_ball_main/ef_ob_ball_main_00009"},{"time":2.5666,"name":"ef_ob_ball_main/ef_ob_ball_main_00011"},{"time":2.6,"name":"ef_ob_ball_main/ef_ob_ball_main_00013"},{"time":2.6333,"name":"ef_ob_ball_main/ef_ob_ball_main_00015"},{"time":2.6666,"name":"ef_ob_ball_main/ef_ob_ball_main_00001"},{"time":2.7,"name":"ef_ob_ball_main/ef_ob_ball_main_00003"},{"time":2.7333,"name":"ef_ob_ball_main/ef_ob_ball_main_00005"},{"time":2.7666,"name":"ef_ob_ball_main/ef_ob_ball_main_00007"},{"time":2.8,"name":"ef_ob_ball_main/ef_ob_ball_main_00009"},{"time":2.8333,"name":"ef_ob_ball_main/ef_ob_ball_main_00011"},{"time":2.8666,"name":"ef_ob_ball_main/ef_ob_ball_main_00013"},{"time":2.9,"name":"ef_ob_ball_main/ef_ob_ball_main_00015"},{"time":2.9333,"name":"ef_ob_ball_main/ef_ob_ball_main_00001"},{"time":2.9666,"name":"ef_ob_ball_main/ef_ob_ball_main_00003"},{"time":3,"name":"ef_ob_ball_main/ef_ob_ball_main_00016"},{"time":3.1,"name":null}]},"EF_leaf1_1":{"attachment":[{"time":3,"name":"UI_leaf_main/UI_leaf_main_00004"},{"time":3.0333,"name":"UI_leaf_main/UI_leaf_main_00005"},{"time":3.0666,"name":"UI_leaf_main/UI_leaf_main_00006"},{"time":3.1,"name":"UI_leaf_main/UI_leaf_main_00007"},{"time":3.1333,"name":"UI_leaf_main/UI_leaf_main_00008"},{"time":3.1666,"name":"UI_leaf_main/UI_leaf_main_00009"},{"time":3.2,"name":"UI_leaf_main/UI_leaf_main_00010"},{"time":3.2333,"name":"UI_leaf_main/UI_leaf_main_00011"},{"time":3.2666,"name":"UI_leaf_main/UI_leaf_main_00012"},{"time":3.3,"name":"UI_leaf_main/UI_leaf_main_00013"},{"time":3.3333,"name":"UI_leaf_main/UI_leaf_main_00014"},{"time":3.3666,"name":"UI_leaf_main/UI_leaf_main_00015"},{"time":3.4,"name":"UI_leaf_main/UI_leaf_main_00016"},{"time":3.4333,"name":"UI_leaf_main/UI_leaf_main_00017"},{"time":3.4666,"name":"UI_leaf_main/UI_leaf_main_00018"},{"time":3.5,"name":"UI_leaf_main/UI_leaf_main_00019"},{"time":3.5333,"name":"UI_leaf_main/UI_leaf_main_00020"},{"time":3.5666,"name":"UI_leaf_main/UI_leaf_main_00021"},{"time":3.6,"name":"UI_leaf_main/UI_leaf_main_00022"},{"time":3.6333,"name":"UI_leaf_main/UI_leaf_main_00023"},{"time":3.6666,"name":"UI_leaf_main/UI_leaf_main_00024"},{"time":3.7,"name":"UI_leaf_main/UI_leaf_main_00025"},{"time":3.7333,"name":"UI_leaf_main/UI_leaf_main_00026"},{"time":3.7666,"name":"UI_leaf_main/UI_leaf_main_00027"},{"time":3.8,"name":"UI_leaf_main/UI_leaf_main_00028"},{"time":3.8333,"name":null}]},"EF_leaf2_1":{"attachment":[{"time":3.1,"name":"leaf_splash/ef_leaf_main_00001"},{"time":3.1333,"name":"leaf_splash/ef_leaf_main_00002"},{"time":3.1666,"name":"leaf_splash/ef_leaf_main_00003"},{"time":3.2,"name":"leaf_splash/ef_leaf_main_00004"},{"time":3.2333,"name":"leaf_splash/ef_leaf_main_00005"},{"time":3.2666,"name":"leaf_splash/ef_leaf_main_00006"},{"time":3.3,"name":"leaf_splash/ef_leaf_main_00007"},{"time":3.3333,"name":"leaf_splash/ef_leaf_main_00008"},{"time":3.3666,"name":"leaf_splash/ef_leaf_main_00009"},{"time":3.4,"name":"leaf_splash/ef_leaf_main_00010"},{"time":3.4333,"name":"leaf_splash/ef_leaf_main_00011"},{"time":3.4666,"name":"leaf_splash/ef_leaf_main_00012"},{"time":3.5,"name":"leaf_splash/ef_leaf_main_00013"},{"time":3.5333,"name":"leaf_splash/ef_leaf_main_00014"},{"time":3.5666,"name":"leaf_splash/ef_leaf_main_00015"},{"time":3.6,"name":"leaf_splash/ef_leaf_main_00016"},{"time":3.6333,"name":"leaf_splash/ef_leaf_main_00017"},{"time":3.6666,"name":"leaf_splash/ef_leaf_main_00018"},{"time":3.7,"name":"leaf_splash/ef_leaf_main_00019"},{"time":3.7333,"name":"leaf_splash/ef_leaf_main_00020"},{"time":3.7666,"name":"leaf_splash/ef_leaf_main_00021"},{"time":3.8,"name":"leaf_splash/ef_leaf_main_00022"},{"time":3.8333,"name":"leaf_splash/ef_leaf_main_00023"},{"time":3.8666,"name":"leaf_splash/ef_leaf_main_00024"},{"time":3.9,"name":"leaf_splash/ef_leaf_main_00025"},{"time":3.9333,"name":"leaf_splash/ef_leaf_main_00026"},{"time":3.9666,"name":"leaf_splash/ef_leaf_main_00027"},{"time":4,"name":"leaf_splash/ef_leaf_main_00028"},{"time":4.0333,"name":null}]},"EF_sink1_1":{"attachment":[{"time":0,"name":"sink/ef_fire_sink_sumi_00030"},{"time":0.0666,"name":"sink/ef_fire_sink_sumi_00016"},{"time":0.1333,"name":"sink/ef_fire_sink_sumi_00017"},{"time":0.2,"name":"sink/ef_fire_sink_sumi_00018"},{"time":0.2666,"name":"sink/ef_fire_sink_sumi_00019"},{"time":0.3333,"name":"sink/ef_fire_sink_sumi_00020"},{"time":0.4,"name":"sink/ef_fire_sink_sumi_00021"},{"time":0.4666,"name":"sink/ef_fire_sink_sumi_00022"},{"time":0.5333,"name":"sink/ef_fire_sink_sumi_00023"},{"time":0.6,"name":"sink/ef_fire_sink_sumi_00024"},{"time":0.6666,"name":"sink/ef_fire_sink_sumi_00025"},{"time":0.7333,"name":"sink/ef_fire_sink_sumi_00026"},{"time":0.8,"name":"sink/ef_fire_sink_sumi_00027"},{"time":0.8666,"name":"sink/ef_fire_sink_sumi_00028"},{"time":0.9333,"name":"sink/ef_fire_sink_sumi_00029"},{"time":1,"name":"sink/ef_fire_sink_sumi_00030"},{"time":1.0666,"name":"sink/ef_fire_sink_sumi_00016"},{"time":1.1333,"name":"sink/ef_fire_sink_sumi_00017"},{"time":1.2,"name":"sink/ef_fire_sink_sumi_00018"},{"time":1.2666,"name":"sink/ef_fire_sink_sumi_00019"},{"time":1.3333,"name":"sink/ef_fire_sink_sumi_00020"},{"time":1.4,"name":"sink/ef_fire_sink_sumi_00021"},{"time":1.4666,"name":"sink/ef_fire_sink_sumi_00022"},{"time":1.5333,"name":"sink/ef_fire_sink_sumi_00023"},{"time":1.6,"name":"sink/ef_fire_sink_sumi_00024"},{"time":1.6666,"name":"sink/ef_fire_sink_sumi_00025"},{"time":1.7333,"name":"sink/ef_fire_sink_sumi_00026"},{"time":1.8,"name":"sink/ef_fire_sink_sumi_00027"},{"time":1.8666,"name":"sink/ef_fire_sink_sumi_00028"},{"time":1.9333,"name":"sink/ef_fire_sink_sumi_00029"},{"time":2,"name":"sink/ef_fire_sink_sumi_00030"},{"time":2.0666,"name":"sink/ef_fire_sink_sumi_00016"},{"time":2.1333,"name":"sink/ef_fire_sink_sumi_00017"},{"time":2.2,"name":"sink/ef_fire_sink_sumi_00018"},{"time":2.2666,"name":"sink/ef_fire_sink_sumi_00019"},{"time":2.3333,"name":"sink/ef_fire_sink_sumi_00020"},{"time":2.4,"name":"sink/ef_fire_sink_sumi_00021"},{"time":2.4666,"name":"sink/ef_fire_sink_sumi_00022"},{"time":2.5333,"name":"sink/ef_fire_sink_sumi_00023"},{"time":2.6,"name":"sink/ef_fire_sink_sumi_00024"},{"time":2.6666,"name":"sink/ef_fire_sink_sumi_00025"},{"time":2.7333,"name":"sink/ef_fire_sink_sumi_00026"},{"time":2.8,"name":"sink/ef_fire_sink_sumi_00027"},{"time":2.8666,"name":"sink/ef_fire_sink_sumi_00028"},{"time":2.9333,"name":"sink/ef_fire_sink_sumi_00029"},{"time":3,"name":"sink/ef_fire_sink_sumi_00032"},{"time":3.0333,"name":"sink/ef_fire_sink_sumi_00033"},{"time":3.0666,"name":"sink/ef_fire_sink_sumi_00034"},{"time":3.1,"name":"sink/ef_fire_sink_sumi_00035"},{"time":3.1333,"name":"sink/ef_fire_sink_sumi_00036"},{"time":3.1666,"name":"sink/ef_fire_sink_sumi_00037"},{"time":3.2,"name":"sink/ef_fire_sink_sumi_00038"},{"time":3.2333,"name":"sink/ef_fire_sink_sumi_00039"},{"time":3.2666,"name":"sink/ef_fire_sink_sumi_00040"},{"time":3.3,"name":"sink/ef_fire_sink_sumi_00041"},{"time":3.3333,"name":"sink/ef_fire_sink_sumi_00042"},{"time":3.3666,"name":"sink/ef_fire_sink_sumi_00043"},{"time":3.4,"name":"sink/ef_fire_sink_sumi_00044"},{"time":3.4333,"name":"sink/ef_fire_sink_sumi_00045"},{"time":3.4666,"name":null}]},"EF_sink1_2":{"attachment":[{"time":0,"name":"sink/ef_fire_sink_sumi_00006"},{"time":0.0666,"name":"sink/ef_fire_sink_sumi_00007"},{"time":0.1333,"name":"sink/ef_fire_sink_sumi_00008"},{"time":0.2,"name":"sink/ef_fire_sink_sumi_00009"},{"time":0.2666,"name":"sink/ef_fire_sink_sumi_00010"},{"time":0.3333,"name":"sink/ef_fire_sink_sumi_00011"},{"time":0.4,"name":"sink/ef_fire_sink_sumi_00012"},{"time":0.4666,"name":"sink/ef_fire_sink_sumi_00013"},{"time":0.5333,"name":"sink/ef_fire_sink_sumi_00014"},{"time":0.6,"name":"sink/ef_fire_sink_sumi_00015"},{"time":0.6666,"name":"sink/ef_fire_sink_sumi_00006"},{"time":0.7333,"name":"sink/ef_fire_sink_sumi_00007"},{"time":0.8,"name":"sink/ef_fire_sink_sumi_00008"},{"time":0.8666,"name":"sink/ef_fire_sink_sumi_00009"},{"time":0.9333,"name":"sink/ef_fire_sink_sumi_00010"},{"time":1,"name":"sink/ef_fire_sink_sumi_00011"},{"time":1.0666,"name":"sink/ef_fire_sink_sumi_00012"},{"time":1.1333,"name":"sink/ef_fire_sink_sumi_00013"},{"time":1.2,"name":"sink/ef_fire_sink_sumi_00014"},{"time":1.2666,"name":"sink/ef_fire_sink_sumi_00015"},{"time":1.3333,"name":"sink/ef_fire_sink_sumi_00006"},{"time":1.4,"name":"sink/ef_fire_sink_sumi_00007"},{"time":1.4666,"name":"sink/ef_fire_sink_sumi_00008"},{"time":1.5333,"name":"sink/ef_fire_sink_sumi_00009"},{"time":1.6,"name":"sink/ef_fire_sink_sumi_00010"},{"time":1.6666,"name":"sink/ef_fire_sink_sumi_00011"},{"time":1.7333,"name":"sink/ef_fire_sink_sumi_00012"},{"time":1.8,"name":"sink/ef_fire_sink_sumi_00013"},{"time":1.8666,"name":"sink/ef_fire_sink_sumi_00014"},{"time":1.9333,"name":"sink/ef_fire_sink_sumi_00015"},{"time":2,"name":"sink/ef_fire_sink_sumi_00006"},{"time":2.0666,"name":"sink/ef_fire_sink_sumi_00007"},{"time":2.1333,"name":"sink/ef_fire_sink_sumi_00008"},{"time":2.2,"name":"sink/ef_fire_sink_sumi_00009"},{"time":2.2666,"name":"sink/ef_fire_sink_sumi_00010"},{"time":2.3333,"name":"sink/ef_fire_sink_sumi_00011"},{"time":2.4,"name":"sink/ef_fire_sink_sumi_00012"},{"time":2.4666,"name":"sink/ef_fire_sink_sumi_00013"},{"time":2.5333,"name":"sink/ef_fire_sink_sumi_00014"},{"time":2.6,"name":"sink/ef_fire_sink_sumi_00015"},{"time":2.6666,"name":"sink/ef_fire_sink_sumi_00006"},{"time":2.7333,"name":"sink/ef_fire_sink_sumi_00007"},{"time":2.8,"name":"sink/ef_fire_sink_sumi_00008"},{"time":2.8666,"name":"sink/ef_fire_sink_sumi_00009"},{"time":2.9333,"name":"sink/ef_fire_sink_sumi_00010"},{"time":3,"name":"sink/ef_fire_sink_sumi_00007"},{"time":3.0333,"name":"sink/ef_fire_sink_sumi_00032"},{"time":3.0666,"name":"sink/ef_fire_sink_sumi_00033"},{"time":3.1,"name":"sink/ef_fire_sink_sumi_00034"},{"time":3.1333,"name":"sink/ef_fire_sink_sumi_00035"},{"time":3.1666,"name":"sink/ef_fire_sink_sumi_00036"},{"time":3.2,"name":"sink/ef_fire_sink_sumi_00037"},{"time":3.2333,"name":"sink/ef_fire_sink_sumi_00038"},{"time":3.2666,"name":"sink/ef_fire_sink_sumi_00039"},{"time":3.3,"name":"sink/ef_fire_sink_sumi_00040"},{"time":3.3333,"name":"sink/ef_fire_sink_sumi_00041"},{"time":3.3666,"name":"sink/ef_fire_sink_sumi_00042"},{"time":3.4,"name":"sink/ef_fire_sink_sumi_00043"},{"time":3.4333,"name":"sink/ef_fire_sink_sumi_00044"},{"time":3.4666,"name":"sink/ef_fire_sink_sumi_00045"},{"time":3.5,"name":null}]},"Flare_2":{"attachment":[{"time":0,"name":"Flare_2"}],"color":[{"time":0,"color":"ffffff00"},{"time":0.5,"color":"ffffffff","curve":"stepped"},{"time":2.8666,"color":"ffffffff"},{"time":3.1,"color":"ffffff00"}]},"ef_flare_back1_1":{"attachment":[{"time":0,"name":"ef_flare_back_main_00005"},{"time":3,"name":"ef_flare_back_main_00005"},{"time":3.2666,"name":null}],"color":[{"time":0,"color":"ffffffff","curve":"stepped"},{"time":1,"color":"ffffffff","curve":"stepped"},{"time":3,"color":"ffffffff","curve":"stepped"},{"time":3.1,"color":"ffffffff"},{"time":3.2666,"color":"ffffff00"}]},"ef_flare_back1_2":{"attachment":[{"time":3,"name":"ef_flare_back_main_00005"}],"color":[{"time":3,"color":"00000000"},{"time":3.1,"color":"000000ff","curve":[0.25,0,0.793,0.22]},{"time":3.2666,"color":"00000000"}]},"silhouette":{"attachment":[{"time":0,"name":"silhouette"}],"color":[{"time":0,"color":"00000000"},{"time":0.5,"color":"000000d5"},{"time":0.7333,"color":"00000000","curve":"stepped"},{"time":1,"color":"00000000"},{"time":1.4333,"color":"000000d5"},{"time":1.5666,"color":"00000000","curve":"stepped"},{"time":1.8333,"color":"00000000"},{"time":2.1666,"color":"000000d5"},{"time":2.5,"color":"00000000"},{"time":2.7333,"color":"000000d5"},{"time":2.9333,"color":"00000000"}]}},"bones":{"ef_flare_back1_1":{"translate":[{"time":0,"x":-300,"y":-50,"curve":"stepped"},{"time":3,"x":-300,"y":-50}],"scale":[{"time":0,"x":7.5,"y":7.5,"curve":"stepped"},{"time":3,"x":7.5,"y":7.5,"curve":"stepped"},{"time":3.1,"x":7.5,"y":7.5,"curve":"stepped"},{"time":3.2666,"x":7.5,"y":7.5}]},"EF_sink1_1":{"rotate":[{"time":0,"angle":0,"curve":"stepped"},{"time":1.0666,"angle":90,"curve":"stepped"},{"time":2.0666,"angle":180,"curve":"stepped"},{"time":3,"angle":0}],"translate":[{"time":0,"x":-300,"y":-100,"curve":"stepped"},{"time":3,"x":-300,"y":-100}],"scale":[{"time":0,"x":8.576,"y":8.576,"curve":"stepped"},{"time":3,"x":8.576,"y":8.576}]},"EF_ball1_1":{"scale":[{"time":0,"x":8,"y":8,"curve":"stepped"},{"time":3,"x":8,"y":8}]},"EF_sink1_2":{"rotate":[{"time":0,"angle":159.21,"curve":"stepped"},{"time":0.6666,"angle":131.65,"curve":"stepped"},{"time":1.3333,"angle":-83.53,"curve":"stepped"},{"time":2,"angle":89.81,"curve":"stepped"},{"time":2.3333,"angle":-137.19,"curve":"stepped"},{"time":2.6666,"angle":-8.33,"curve":"stepped"},{"time":3,"angle":159.21}],"translate":[{"time":0,"x":-300,"y":-100,"curve":"stepped"},{"time":3,"x":-300,"y":-100}],"scale":[{"time":0,"x":7.174,"y":7.174,"curve":"stepped"},{"time":3,"x":7.174,"y":7.174}]},"MAIN":{"scale":[{"time":0,"x":1,"y":1}]},"EF_leaf1_1":{"rotate":[{"time":3,"angle":154.75}],"translate":[{"time":3,"x":-248.68,"y":-100.27}],"scale":[{"time":3,"x":6.954,"y":6.954},{"time":3.4333,"x":10.325,"y":10.325}]},"EF_leaf2_1":{"rotate":[{"time":3.1,"angle":170.13}],"translate":[{"time":3.1,"x":-250,"y":-13.9}],"scale":[{"time":3.1,"x":6.5,"y":6.5}]},"silhouette":{"translate":[{"time":0,"x":-6.73,"y":16.82}],"scale":[{"time":0,"x":1.596,"y":1.596}]},"flare":{"scale":[{"time":0,"x":6,"y":6}]}}},"sphere_creation":{"slots":{"EF_ball1_1":{"attachment":[{"time":0,"name":"ef_ob_ball_main/ef_ob_ball_main_00001"},{"time":0.0333,"name":"ef_ob_ball_main/ef_ob_ball_main_00003"},{"time":0.0666,"name":"ef_ob_ball_main/ef_ob_ball_main_00005"},{"time":0.1,"name":"ef_ob_ball_main/ef_ob_ball_main_00007"},{"time":0.1333,"name":"ef_ob_ball_main/ef_ob_ball_main_00009"},{"time":0.1666,"name":"ef_ob_ball_main/ef_ob_ball_main_00011"},{"time":0.2,"name":"ef_ob_ball_main/ef_ob_ball_main_00013"},{"time":0.2333,"name":"ef_ob_ball_main/ef_ob_ball_main_00015"},{"time":0.2666,"name":"ef_ob_ball_main/ef_ob_ball_main_00001"},{"time":0.3,"name":"ef_ob_ball_main/ef_ob_ball_main_00003"},{"time":0.3333,"name":"ef_ob_ball_main/ef_ob_ball_main_00005"},{"time":0.3666,"name":"ef_ob_ball_main/ef_ob_ball_main_00007"},{"time":0.4,"name":"ef_ob_ball_main/ef_ob_ball_main_00009"},{"time":0.4333,"name":"ef_ob_ball_main/ef_ob_ball_main_00011"},{"time":0.4666,"name":"ef_ob_ball_main/ef_ob_ball_main_00013"},{"time":0.5,"name":"ef_ob_ball_main/ef_ob_ball_main_00015"},{"time":0.5333,"name":"ef_ob_ball_main/ef_ob_ball_main_00001"},{"time":0.5666,"name":"ef_ob_ball_main/ef_ob_ball_main_00003"},{"time":0.6,"name":"ef_ob_ball_main/ef_ob_ball_main_00005"},{"time":0.6333,"name":"ef_ob_ball_main/ef_ob_ball_main_00007"},{"time":0.6666,"name":"ef_ob_ball_main/ef_ob_ball_main_00009"},{"time":0.7,"name":"ef_ob_ball_main/ef_ob_ball_main_00011"},{"time":0.7333,"name":"ef_ob_ball_main/ef_ob_ball_main_00013"},{"time":0.7666,"name":"ef_ob_ball_main/ef_ob_ball_main_00015"},{"time":0.8,"name":"ef_ob_ball_main/ef_ob_ball_main_00001"},{"time":0.8333,"name":"ef_ob_ball_main/ef_ob_ball_main_00003"},{"time":0.8666,"name":"ef_ob_ball_main/ef_ob_ball_main_00005"},{"time":0.9,"name":"ef_ob_ball_main/ef_ob_ball_main_00007"},{"time":0.9333,"name":"ef_ob_ball_main/ef_ob_ball_main_00009"},{"time":0.9666,"name":"ef_ob_ball_main/ef_ob_ball_main_00011"},{"time":1,"name":"ef_ob_ball_main/ef_ob_ball_main_00013"},{"time":1.0333,"name":"ef_ob_ball_main/ef_ob_ball_main_00015"},{"time":1.0666,"name":"ef_ob_ball_main/ef_ob_ball_main_00001"},{"time":1.1,"name":"ef_ob_ball_main/ef_ob_ball_main_00003"},{"time":1.1333,"name":"ef_ob_ball_main/ef_ob_ball_main_00005"},{"time":1.1666,"name":"ef_ob_ball_main/ef_ob_ball_main_00007"},{"time":1.2,"name":"ef_ob_ball_main/ef_ob_ball_main_00009"},{"time":1.2333,"name":"ef_ob_ball_main/ef_ob_ball_main_00011"},{"time":1.2666,"name":"ef_ob_ball_main/ef_ob_ball_main_00013"},{"time":1.3,"name":"ef_ob_ball_main/ef_ob_ball_main_00015"},{"time":1.3333,"name":"ef_ob_ball_main/ef_ob_ball_main_00001"},{"time":1.3666,"name":"ef_ob_ball_main/ef_ob_ball_main_00003"},{"time":1.4,"name":"ef_ob_ball_main/ef_ob_ball_main_00005"},{"time":1.4333,"name":"ef_ob_ball_main/ef_ob_ball_main_00007"},{"time":1.4666,"name":"ef_ob_ball_main/ef_ob_ball_main_00009"},{"time":1.5,"name":"ef_ob_ball_main/ef_ob_ball_main_00011"},{"time":1.5333,"name":"ef_ob_ball_main/ef_ob_ball_main_00013"},{"time":1.5666,"name":"ef_ob_ball_main/ef_ob_ball_main_00015"},{"time":1.6,"name":"ef_ob_ball_main/ef_ob_ball_main_00001"},{"time":1.6333,"name":"ef_ob_ball_main/ef_ob_ball_main_00003"},{"time":1.6666,"name":"ef_ob_ball_main/ef_ob_ball_main_00005"},{"time":1.7,"name":"ef_ob_ball_main/ef_ob_ball_main_00007"},{"time":1.7333,"name":"ef_ob_ball_main/ef_ob_ball_main_00009"},{"time":1.7666,"name":"ef_ob_ball_main/ef_ob_ball_main_00011"},{"time":1.8,"name":"ef_ob_ball_main/ef_ob_ball_main_00013"},{"time":1.8333,"name":"ef_ob_ball_main/ef_ob_ball_main_00015"},{"time":1.8666,"name":"ef_ob_ball_main/ef_ob_ball_main_00001"},{"time":1.9,"name":"ef_ob_ball_main/ef_ob_ball_main_00003"},{"time":1.9333,"name":"ef_ob_ball_main/ef_ob_ball_main_00005"},{"time":1.9666,"name":"ef_ob_ball_main/ef_ob_ball_main_00007"},{"time":2,"name":"ef_ob_ball_main/ef_ob_ball_main_00009"},{"time":2.0333,"name":"ef_ob_ball_main/ef_ob_ball_main_00011"},{"time":2.0666,"name":"ef_ob_ball_main/ef_ob_ball_main_00013"},{"time":2.1,"name":"ef_ob_ball_main/ef_ob_ball_main_00015"},{"time":2.1333,"name":"ef_ob_ball_main/ef_ob_ball_main_00001"},{"time":2.1666,"name":"ef_ob_ball_main/ef_ob_ball_main_00003"},{"time":2.2,"name":"ef_ob_ball_main/ef_ob_ball_main_00005"},{"time":2.2333,"name":"ef_ob_ball_main/ef_ob_ball_main_00007"},{"time":2.2666,"name":"ef_ob_ball_main/ef_ob_ball_main_00009"},{"time":2.3,"name":"ef_ob_ball_main/ef_ob_ball_main_00011"},{"time":2.3333,"name":"ef_ob_ball_main/ef_ob_ball_main_00013"},{"time":2.3666,"name":"ef_ob_ball_main/ef_ob_ball_main_00015"},{"time":2.4,"name":"ef_ob_ball_main/ef_ob_ball_main_00001"},{"time":2.4333,"name":"ef_ob_ball_main/ef_ob_ball_main_00003"},{"time":2.4666,"name":"ef_ob_ball_main/ef_ob_ball_main_00005"},{"time":2.5,"name":"ef_ob_ball_main/ef_ob_ball_main_00007"},{"time":2.5333,"name":"ef_ob_ball_main/ef_ob_ball_main_00009"},{"time":2.5666,"name":"ef_ob_ball_main/ef_ob_ball_main_00011"},{"time":2.6,"name":"ef_ob_ball_main/ef_ob_ball_main_00013"},{"time":2.6333,"name":"ef_ob_ball_main/ef_ob_ball_main_00015"},{"time":2.6666,"name":"ef_ob_ball_main/ef_ob_ball_main_00001"},{"time":2.7,"name":"ef_ob_ball_main/ef_ob_ball_main_00003"},{"time":2.7333,"name":"ef_ob_ball_main/ef_ob_ball_main_00005"},{"time":2.7666,"name":"ef_ob_ball_main/ef_ob_ball_main_00007"},{"time":2.8,"name":"ef_ob_ball_main/ef_ob_ball_main_00009"},{"time":2.8333,"name":"ef_ob_ball_main/ef_ob_ball_main_00011"},{"time":2.8666,"name":"ef_ob_ball_main/ef_ob_ball_main_00013"},{"time":2.9,"name":"ef_ob_ball_main/ef_ob_ball_main_00015"},{"time":2.9333,"name":"ef_ob_ball_main/ef_ob_ball_main_00001"},{"time":2.9666,"name":"ef_ob_ball_main/ef_ob_ball_main_00003"},{"time":3,"name":"ef_ob_ball_main/ef_ob_ball_main_00001"}],"color":[{"time":0,"color":"ffffff00"},{"time":1.0666,"color":"ffffffff"}]},"EF_sink1_1":{"attachment":[{"time":0,"name":"sink/ef_fire_sink_sumi_00030"},{"time":0.0666,"name":"sink/ef_fire_sink_sumi_00016"},{"time":0.1333,"name":"sink/ef_fire_sink_sumi_00017"},{"time":0.2,"name":"sink/ef_fire_sink_sumi_00018"},{"time":0.2666,"name":"sink/ef_fire_sink_sumi_00019"},{"time":0.3333,"name":"sink/ef_fire_sink_sumi_00020"},{"time":0.4,"name":"sink/ef_fire_sink_sumi_00021"},{"time":0.4666,"name":"sink/ef_fire_sink_sumi_00022"},{"time":0.5333,"name":"sink/ef_fire_sink_sumi_00023"},{"time":0.6,"name":"sink/ef_fire_sink_sumi_00024"},{"time":0.6666,"name":"sink/ef_fire_sink_sumi_00025"},{"time":0.7333,"name":"sink/ef_fire_sink_sumi_00026"},{"time":0.8,"name":"sink/ef_fire_sink_sumi_00027"},{"time":0.8666,"name":"sink/ef_fire_sink_sumi_00028"},{"time":0.9333,"name":"sink/ef_fire_sink_sumi_00029"},{"time":1,"name":"sink/ef_fire_sink_sumi_00030"},{"time":1.0666,"name":"sink/ef_fire_sink_sumi_00016"},{"time":1.1333,"name":"sink/ef_fire_sink_sumi_00017"},{"time":1.2,"name":"sink/ef_fire_sink_sumi_00018"},{"time":1.2666,"name":"sink/ef_fire_sink_sumi_00019"},{"time":1.3333,"name":"sink/ef_fire_sink_sumi_00020"},{"time":1.4,"name":"sink/ef_fire_sink_sumi_00021"},{"time":1.4666,"name":"sink/ef_fire_sink_sumi_00022"},{"time":1.5333,"name":"sink/ef_fire_sink_sumi_00023"},{"time":1.6,"name":"sink/ef_fire_sink_sumi_00024"},{"time":1.6666,"name":"sink/ef_fire_sink_sumi_00025"},{"time":1.7333,"name":"sink/ef_fire_sink_sumi_00026"},{"time":1.8,"name":"sink/ef_fire_sink_sumi_00027"},{"time":1.8666,"name":"sink/ef_fire_sink_sumi_00028"},{"time":1.9333,"name":"sink/ef_fire_sink_sumi_00029"},{"time":2,"name":"sink/ef_fire_sink_sumi_00030"},{"time":2.0666,"name":"sink/ef_fire_sink_sumi_00016"},{"time":2.1333,"name":"sink/ef_fire_sink_sumi_00017"},{"time":2.2,"name":"sink/ef_fire_sink_sumi_00018"},{"time":2.2666,"name":"sink/ef_fire_sink_sumi_00019"},{"time":2.3333,"name":"sink/ef_fire_sink_sumi_00020"},{"time":2.4,"name":"sink/ef_fire_sink_sumi_00021"},{"time":2.4666,"name":"sink/ef_fire_sink_sumi_00022"},{"time":2.5333,"name":"sink/ef_fire_sink_sumi_00023"},{"time":2.6,"name":"sink/ef_fire_sink_sumi_00024"},{"time":2.6666,"name":"sink/ef_fire_sink_sumi_00025"},{"time":2.7333,"name":"sink/ef_fire_sink_sumi_00026"},{"time":2.8,"name":"sink/ef_fire_sink_sumi_00027"},{"time":2.8666,"name":"sink/ef_fire_sink_sumi_00028"},{"time":2.9333,"name":"sink/ef_fire_sink_sumi_00029"},{"time":3,"name":"sink/ef_fire_sink_sumi_00030"}],"color":[{"time":0,"color":"00000000"},{"time":1.0666,"color":"000000ff"}]},"EF_sink1_2":{"attachment":[{"time":0,"name":"sink/ef_fire_sink_sumi_00006"},{"time":0.0666,"name":"sink/ef_fire_sink_sumi_00007"},{"time":0.1333,"name":"sink/ef_fire_sink_sumi_00008"},{"time":0.2,"name":"sink/ef_fire_sink_sumi_00009"},{"time":0.2666,"name":"sink/ef_fire_sink_sumi_00010"},{"time":0.3333,"name":"sink/ef_fire_sink_sumi_00011"},{"time":0.4,"name":"sink/ef_fire_sink_sumi_00012"},{"time":0.4666,"name":"sink/ef_fire_sink_sumi_00013"},{"time":0.5333,"name":"sink/ef_fire_sink_sumi_00014"},{"time":0.6,"name":"sink/ef_fire_sink_sumi_00015"},{"time":0.6666,"name":"sink/ef_fire_sink_sumi_00006"},{"time":0.7333,"name":"sink/ef_fire_sink_sumi_00007"},{"time":0.8,"name":"sink/ef_fire_sink_sumi_00008"},{"time":0.8666,"name":"sink/ef_fire_sink_sumi_00009"},{"time":0.9333,"name":"sink/ef_fire_sink_sumi_00010"},{"time":1,"name":"sink/ef_fire_sink_sumi_00011"},{"time":1.0666,"name":"sink/ef_fire_sink_sumi_00012"},{"time":1.1333,"name":"sink/ef_fire_sink_sumi_00013"},{"time":1.2,"name":"sink/ef_fire_sink_sumi_00014"},{"time":1.2666,"name":"sink/ef_fire_sink_sumi_00015"},{"time":1.3333,"name":"sink/ef_fire_sink_sumi_00006"},{"time":1.4,"name":"sink/ef_fire_sink_sumi_00007"},{"time":1.4666,"name":"sink/ef_fire_sink_sumi_00008"},{"time":1.5333,"name":"sink/ef_fire_sink_sumi_00009"},{"time":1.6,"name":"sink/ef_fire_sink_sumi_00010"},{"time":1.6666,"name":"sink/ef_fire_sink_sumi_00011"},{"time":1.7333,"name":"sink/ef_fire_sink_sumi_00012"},{"time":1.8,"name":"sink/ef_fire_sink_sumi_00013"},{"time":1.8666,"name":"sink/ef_fire_sink_sumi_00014"},{"time":1.9333,"name":"sink/ef_fire_sink_sumi_00015"},{"time":2,"name":"sink/ef_fire_sink_sumi_00006"},{"time":2.0666,"name":"sink/ef_fire_sink_sumi_00007"},{"time":2.1333,"name":"sink/ef_fire_sink_sumi_00008"},{"time":2.2,"name":"sink/ef_fire_sink_sumi_00009"},{"time":2.2666,"name":"sink/ef_fire_sink_sumi_00010"},{"time":2.3333,"name":"sink/ef_fire_sink_sumi_00011"},{"time":2.4,"name":"sink/ef_fire_sink_sumi_00012"},{"time":2.4666,"name":"sink/ef_fire_sink_sumi_00013"},{"time":2.5333,"name":"sink/ef_fire_sink_sumi_00014"},{"time":2.6,"name":"sink/ef_fire_sink_sumi_00015"},{"time":2.6666,"name":"sink/ef_fire_sink_sumi_00006"},{"time":2.7333,"name":"sink/ef_fire_sink_sumi_00007"},{"time":2.8,"name":"sink/ef_fire_sink_sumi_00008"},{"time":2.8666,"name":"sink/ef_fire_sink_sumi_00009"},{"time":2.9333,"name":"sink/ef_fire_sink_sumi_00010"},{"time":3,"name":"sink/ef_fire_sink_sumi_00006"}],"color":[{"time":0,"color":"00000000"},{"time":1.0666,"color":"000000ff"}]},"EF_sphre_fire1":{"attachment":[{"time":0,"name":"sphere_fire/ef_fire_sphere_main_00031"},{"time":0.0666,"name":"sphere_fire/ef_fire_sphere_main_00032"},{"time":0.1333,"name":"sphere_fire/ef_fire_sphere_main_00033"},{"time":0.2,"name":"sphere_fire/ef_fire_sphere_main_00034"},{"time":0.2666,"name":"sphere_fire/ef_fire_sphere_main_00035"},{"time":0.3333,"name":"sphere_fire/ef_fire_sphere_main_00036"},{"time":0.4,"name":"sphere_fire/ef_fire_sphere_main_00037"},{"time":0.4666,"name":"sphere_fire/ef_fire_sphere_main_00038"},{"time":0.5333,"name":"sphere_fire/ef_fire_sphere_main_00039"},{"time":0.6,"name":"sphere_fire/ef_fire_sphere_main_00040"},{"time":0.6666,"name":"sphere_fire/ef_fire_sphere_main_00041"},{"time":0.7333,"name":"sphere_fire/ef_fire_sphere_main_00042"},{"time":0.8,"name":"sphere_fire/ef_fire_sphere_main_00043"},{"time":0.8666,"name":"sphere_fire/ef_fire_sphere_main_00044"},{"time":0.9333,"name":"sphere_fire/ef_fire_sphere_main_00045"},{"time":1,"name":"sphere_fire/ef_fire_sphere_main_00046"},{"time":1.0666,"name":"sphere_fire/ef_fire_sphere_main_00047"},{"time":1.1333,"name":null}]},"ef_flare_back1_1":{"attachment":[{"time":0,"name":"ef_flare_back_main_00005"}],"color":[{"time":0,"color":"ffffff00"},{"time":1,"color":"ffffffff"}]}},"bones":{"EF_sphre_fire1":{"rotate":[{"time":0,"angle":-36.28}],"translate":[{"time":0,"x":-332.08,"y":88.24}],"scale":[{"time":0,"x":12.889,"y":12.889}]},"EF_sink1_2":{"rotate":[{"time":0,"angle":159.21,"curve":"stepped"},{"time":0.6666,"angle":131.65,"curve":"stepped"},{"time":1.3333,"angle":-83.53,"curve":"stepped"},{"time":2,"angle":89.81,"curve":"stepped"},{"time":2.3333,"angle":-137.19,"curve":"stepped"},{"time":2.6666,"angle":-8.33,"curve":"stepped"},{"time":3,"angle":159.21}],"translate":[{"time":0,"x":-300,"y":-100}],"scale":[{"time":0,"x":7.174,"y":7.174}]},"EF_sink1_1":{"rotate":[{"time":0,"angle":0,"curve":"stepped"},{"time":1.0666,"angle":90,"curve":"stepped"},{"time":2.0666,"angle":180,"curve":"stepped"},{"time":3,"angle":0}],"translate":[{"time":0,"x":-300,"y":-100}],"scale":[{"time":0,"x":8.576,"y":8.576}]},"EF_ball1_1":{"scale":[{"time":0,"x":8,"y":8}]},"ef_flare_back1_1":{"translate":[{"time":0,"x":-300,"y":-50}],"scale":[{"time":0,"x":7.5,"y":7.5}]}}},"sphere_loop":{"slots":{"EF_ball1_1":{"attachment":[{"time":0,"name":"ef_ob_ball_main/ef_ob_ball_main_00001"},{"time":0.0333,"name":"ef_ob_ball_main/ef_ob_ball_main_00003"},{"time":0.0666,"name":"ef_ob_ball_main/ef_ob_ball_main_00005"},{"time":0.1,"name":"ef_ob_ball_main/ef_ob_ball_main_00007"},{"time":0.1333,"name":"ef_ob_ball_main/ef_ob_ball_main_00009"},{"time":0.1666,"name":"ef_ob_ball_main/ef_ob_ball_main_00011"},{"time":0.2,"name":"ef_ob_ball_main/ef_ob_ball_main_00013"},{"time":0.2333,"name":"ef_ob_ball_main/ef_ob_ball_main_00015"},{"time":0.2666,"name":"ef_ob_ball_main/ef_ob_ball_main_00001"},{"time":0.3,"name":"ef_ob_ball_main/ef_ob_ball_main_00003"},{"time":0.3333,"name":"ef_ob_ball_main/ef_ob_ball_main_00005"},{"time":0.3666,"name":"ef_ob_ball_main/ef_ob_ball_main_00007"},{"time":0.4,"name":"ef_ob_ball_main/ef_ob_ball_main_00009"},{"time":0.4333,"name":"ef_ob_ball_main/ef_ob_ball_main_00011"},{"time":0.4666,"name":"ef_ob_ball_main/ef_ob_ball_main_00013"},{"time":0.5,"name":"ef_ob_ball_main/ef_ob_ball_main_00015"},{"time":0.5333,"name":"ef_ob_ball_main/ef_ob_ball_main_00001"},{"time":0.5666,"name":"ef_ob_ball_main/ef_ob_ball_main_00003"},{"time":0.6,"name":"ef_ob_ball_main/ef_ob_ball_main_00005"},{"time":0.6333,"name":"ef_ob_ball_main/ef_ob_ball_main_00007"},{"time":0.6666,"name":"ef_ob_ball_main/ef_ob_ball_main_00009"},{"time":0.7,"name":"ef_ob_ball_main/ef_ob_ball_main_00011"},{"time":0.7333,"name":"ef_ob_ball_main/ef_ob_ball_main_00013"},{"time":0.7666,"name":"ef_ob_ball_main/ef_ob_ball_main_00015"},{"time":0.8,"name":"ef_ob_ball_main/ef_ob_ball_main_00001"},{"time":0.8333,"name":"ef_ob_ball_main/ef_ob_ball_main_00003"},{"time":0.8666,"name":"ef_ob_ball_main/ef_ob_ball_main_00005"},{"time":0.9,"name":"ef_ob_ball_main/ef_ob_ball_main_00007"},{"time":0.9333,"name":"ef_ob_ball_main/ef_ob_ball_main_00009"},{"time":0.9666,"name":"ef_ob_ball_main/ef_ob_ball_main_00011"},{"time":1,"name":"ef_ob_ball_main/ef_ob_ball_main_00013"},{"time":1.0333,"name":"ef_ob_ball_main/ef_ob_ball_main_00015"},{"time":1.0666,"name":"ef_ob_ball_main/ef_ob_ball_main_00001"},{"time":1.1,"name":"ef_ob_ball_main/ef_ob_ball_main_00003"},{"time":1.1333,"name":"ef_ob_ball_main/ef_ob_ball_main_00005"},{"time":1.1666,"name":"ef_ob_ball_main/ef_ob_ball_main_00007"},{"time":1.2,"name":"ef_ob_ball_main/ef_ob_ball_main_00009"},{"time":1.2333,"name":"ef_ob_ball_main/ef_ob_ball_main_00011"},{"time":1.2666,"name":"ef_ob_ball_main/ef_ob_ball_main_00013"},{"time":1.3,"name":"ef_ob_ball_main/ef_ob_ball_main_00015"},{"time":1.3333,"name":"ef_ob_ball_main/ef_ob_ball_main_00001"},{"time":1.3666,"name":"ef_ob_ball_main/ef_ob_ball_main_00003"},{"time":1.4,"name":"ef_ob_ball_main/ef_ob_ball_main_00005"},{"time":1.4333,"name":"ef_ob_ball_main/ef_ob_ball_main_00007"},{"time":1.4666,"name":"ef_ob_ball_main/ef_ob_ball_main_00009"},{"time":1.5,"name":"ef_ob_ball_main/ef_ob_ball_main_00011"},{"time":1.5333,"name":"ef_ob_ball_main/ef_ob_ball_main_00013"},{"time":1.5666,"name":"ef_ob_ball_main/ef_ob_ball_main_00015"},{"time":1.6,"name":"ef_ob_ball_main/ef_ob_ball_main_00001"},{"time":1.6333,"name":"ef_ob_ball_main/ef_ob_ball_main_00003"},{"time":1.6666,"name":"ef_ob_ball_main/ef_ob_ball_main_00005"},{"time":1.7,"name":"ef_ob_ball_main/ef_ob_ball_main_00007"},{"time":1.7333,"name":"ef_ob_ball_main/ef_ob_ball_main_00009"},{"time":1.7666,"name":"ef_ob_ball_main/ef_ob_ball_main_00011"},{"time":1.8,"name":"ef_ob_ball_main/ef_ob_ball_main_00013"},{"time":1.8333,"name":"ef_ob_ball_main/ef_ob_ball_main_00015"},{"time":1.8666,"name":"ef_ob_ball_main/ef_ob_ball_main_00001"},{"time":1.9,"name":"ef_ob_ball_main/ef_ob_ball_main_00003"},{"time":1.9333,"name":"ef_ob_ball_main/ef_ob_ball_main_00005"},{"time":1.9666,"name":"ef_ob_ball_main/ef_ob_ball_main_00007"},{"time":2,"name":"ef_ob_ball_main/ef_ob_ball_main_00009"},{"time":2.0333,"name":"ef_ob_ball_main/ef_ob_ball_main_00011"},{"time":2.0666,"name":"ef_ob_ball_main/ef_ob_ball_main_00013"},{"time":2.1,"name":"ef_ob_ball_main/ef_ob_ball_main_00015"},{"time":2.1333,"name":"ef_ob_ball_main/ef_ob_ball_main_00001"},{"time":2.1666,"name":"ef_ob_ball_main/ef_ob_ball_main_00003"},{"time":2.2,"name":"ef_ob_ball_main/ef_ob_ball_main_00005"},{"time":2.2333,"name":"ef_ob_ball_main/ef_ob_ball_main_00007"},{"time":2.2666,"name":"ef_ob_ball_main/ef_ob_ball_main_00009"},{"time":2.3,"name":"ef_ob_ball_main/ef_ob_ball_main_00011"},{"time":2.3333,"name":"ef_ob_ball_main/ef_ob_ball_main_00013"},{"time":2.3666,"name":"ef_ob_ball_main/ef_ob_ball_main_00015"},{"time":2.4,"name":"ef_ob_ball_main/ef_ob_ball_main_00001"},{"time":2.4333,"name":"ef_ob_ball_main/ef_ob_ball_main_00003"},{"time":2.4666,"name":"ef_ob_ball_main/ef_ob_ball_main_00005"},{"time":2.5,"name":"ef_ob_ball_main/ef_ob_ball_main_00007"},{"time":2.5333,"name":"ef_ob_ball_main/ef_ob_ball_main_00009"},{"time":2.5666,"name":"ef_ob_ball_main/ef_ob_ball_main_00011"},{"time":2.6,"name":"ef_ob_ball_main/ef_ob_ball_main_00013"},{"time":2.6333,"name":"ef_ob_ball_main/ef_ob_ball_main_00015"},{"time":2.6666,"name":"ef_ob_ball_main/ef_ob_ball_main_00001"},{"time":2.7,"name":"ef_ob_ball_main/ef_ob_ball_main_00003"},{"time":2.7333,"name":"ef_ob_ball_main/ef_ob_ball_main_00005"},{"time":2.7666,"name":"ef_ob_ball_main/ef_ob_ball_main_00007"},{"time":2.8,"name":"ef_ob_ball_main/ef_ob_ball_main_00009"},{"time":2.8333,"name":"ef_ob_ball_main/ef_ob_ball_main_00011"},{"time":2.8666,"name":"ef_ob_ball_main/ef_ob_ball_main_00013"},{"time":2.9,"name":"ef_ob_ball_main/ef_ob_ball_main_00015"},{"time":2.9333,"name":"ef_ob_ball_main/ef_ob_ball_main_00001"},{"time":2.9666,"name":"ef_ob_ball_main/ef_ob_ball_main_00003"},{"time":3,"name":"ef_ob_ball_main/ef_ob_ball_main_00001"}]},"EF_sink1_1":{"attachment":[{"time":0,"name":"sink/ef_fire_sink_sumi_00030"},{"time":0.0666,"name":"sink/ef_fire_sink_sumi_00016"},{"time":0.1333,"name":"sink/ef_fire_sink_sumi_00017"},{"time":0.2,"name":"sink/ef_fire_sink_sumi_00018"},{"time":0.2666,"name":"sink/ef_fire_sink_sumi_00019"},{"time":0.3333,"name":"sink/ef_fire_sink_sumi_00020"},{"time":0.4,"name":"sink/ef_fire_sink_sumi_00021"},{"time":0.4666,"name":"sink/ef_fire_sink_sumi_00022"},{"time":0.5333,"name":"sink/ef_fire_sink_sumi_00023"},{"time":0.6,"name":"sink/ef_fire_sink_sumi_00024"},{"time":0.6666,"name":"sink/ef_fire_sink_sumi_00025"},{"time":0.7333,"name":"sink/ef_fire_sink_sumi_00026"},{"time":0.8,"name":"sink/ef_fire_sink_sumi_00027"},{"time":0.8666,"name":"sink/ef_fire_sink_sumi_00028"},{"time":0.9333,"name":"sink/ef_fire_sink_sumi_00029"},{"time":1,"name":"sink/ef_fire_sink_sumi_00030"},{"time":1.0666,"name":"sink/ef_fire_sink_sumi_00016"},{"time":1.1333,"name":"sink/ef_fire_sink_sumi_00017"},{"time":1.2,"name":"sink/ef_fire_sink_sumi_00018"},{"time":1.2666,"name":"sink/ef_fire_sink_sumi_00019"},{"time":1.3333,"name":"sink/ef_fire_sink_sumi_00020"},{"time":1.4,"name":"sink/ef_fire_sink_sumi_00021"},{"time":1.4666,"name":"sink/ef_fire_sink_sumi_00022"},{"time":1.5333,"name":"sink/ef_fire_sink_sumi_00023"},{"time":1.6,"name":"sink/ef_fire_sink_sumi_00024"},{"time":1.6666,"name":"sink/ef_fire_sink_sumi_00025"},{"time":1.7333,"name":"sink/ef_fire_sink_sumi_00026"},{"time":1.8,"name":"sink/ef_fire_sink_sumi_00027"},{"time":1.8666,"name":"sink/ef_fire_sink_sumi_00028"},{"time":1.9333,"name":"sink/ef_fire_sink_sumi_00029"},{"time":2,"name":"sink/ef_fire_sink_sumi_00030"},{"time":2.0666,"name":"sink/ef_fire_sink_sumi_00016"},{"time":2.1333,"name":"sink/ef_fire_sink_sumi_00017"},{"time":2.2,"name":"sink/ef_fire_sink_sumi_00018"},{"time":2.2666,"name":"sink/ef_fire_sink_sumi_00019"},{"time":2.3333,"name":"sink/ef_fire_sink_sumi_00020"},{"time":2.4,"name":"sink/ef_fire_sink_sumi_00021"},{"time":2.4666,"name":"sink/ef_fire_sink_sumi_00022"},{"time":2.5333,"name":"sink/ef_fire_sink_sumi_00023"},{"time":2.6,"name":"sink/ef_fire_sink_sumi_00024"},{"time":2.6666,"name":"sink/ef_fire_sink_sumi_00025"},{"time":2.7333,"name":"sink/ef_fire_sink_sumi_00026"},{"time":2.8,"name":"sink/ef_fire_sink_sumi_00027"},{"time":2.8666,"name":"sink/ef_fire_sink_sumi_00028"},{"time":2.9333,"name":"sink/ef_fire_sink_sumi_00029"},{"time":3,"name":"sink/ef_fire_sink_sumi_00030"}]},"EF_sink1_2":{"attachment":[{"time":0,"name":"sink/ef_fire_sink_sumi_00006"},{"time":0.0666,"name":"sink/ef_fire_sink_sumi_00007"},{"time":0.1333,"name":"sink/ef_fire_sink_sumi_00008"},{"time":0.2,"name":"sink/ef_fire_sink_sumi_00009"},{"time":0.2666,"name":"sink/ef_fire_sink_sumi_00010"},{"time":0.3333,"name":"sink/ef_fire_sink_sumi_00011"},{"time":0.4,"name":"sink/ef_fire_sink_sumi_00012"},{"time":0.4666,"name":"sink/ef_fire_sink_sumi_00013"},{"time":0.5333,"name":"sink/ef_fire_sink_sumi_00014"},{"time":0.6,"name":"sink/ef_fire_sink_sumi_00015"},{"time":0.6666,"name":"sink/ef_fire_sink_sumi_00006"},{"time":0.7333,"name":"sink/ef_fire_sink_sumi_00007"},{"time":0.8,"name":"sink/ef_fire_sink_sumi_00008"},{"time":0.8666,"name":"sink/ef_fire_sink_sumi_00009"},{"time":0.9333,"name":"sink/ef_fire_sink_sumi_00010"},{"time":1,"name":"sink/ef_fire_sink_sumi_00011"},{"time":1.0666,"name":"sink/ef_fire_sink_sumi_00012"},{"time":1.1333,"name":"sink/ef_fire_sink_sumi_00013"},{"time":1.2,"name":"sink/ef_fire_sink_sumi_00014"},{"time":1.2666,"name":"sink/ef_fire_sink_sumi_00015"},{"time":1.3333,"name":"sink/ef_fire_sink_sumi_00006"},{"time":1.4,"name":"sink/ef_fire_sink_sumi_00007"},{"time":1.4666,"name":"sink/ef_fire_sink_sumi_00008"},{"time":1.5333,"name":"sink/ef_fire_sink_sumi_00009"},{"time":1.6,"name":"sink/ef_fire_sink_sumi_00010"},{"time":1.6666,"name":"sink/ef_fire_sink_sumi_00011"},{"time":1.7333,"name":"sink/ef_fire_sink_sumi_00012"},{"time":1.8,"name":"sink/ef_fire_sink_sumi_00013"},{"time":1.8666,"name":"sink/ef_fire_sink_sumi_00014"},{"time":1.9333,"name":"sink/ef_fire_sink_sumi_00015"},{"time":2,"name":"sink/ef_fire_sink_sumi_00006"},{"time":2.0666,"name":"sink/ef_fire_sink_sumi_00007"},{"time":2.1333,"name":"sink/ef_fire_sink_sumi_00008"},{"time":2.2,"name":"sink/ef_fire_sink_sumi_00009"},{"time":2.2666,"name":"sink/ef_fire_sink_sumi_00010"},{"time":2.3333,"name":"sink/ef_fire_sink_sumi_00011"},{"time":2.4,"name":"sink/ef_fire_sink_sumi_00012"},{"time":2.4666,"name":"sink/ef_fire_sink_sumi_00013"},{"time":2.5333,"name":"sink/ef_fire_sink_sumi_00014"},{"time":2.6,"name":"sink/ef_fire_sink_sumi_00015"},{"time":2.6666,"name":"sink/ef_fire_sink_sumi_00006"},{"time":2.7333,"name":"sink/ef_fire_sink_sumi_00007"},{"time":2.8,"name":"sink/ef_fire_sink_sumi_00008"},{"time":2.8666,"name":"sink/ef_fire_sink_sumi_00009"},{"time":2.9333,"name":"sink/ef_fire_sink_sumi_00010"},{"time":3,"name":"sink/ef_fire_sink_sumi_00006"}]},"ef_flare_back1_1":{"attachment":[{"time":0,"name":"ef_flare_back_main_00005"}],"color":[{"time":0,"color":"ffffffff","curve":"stepped"},{"time":1,"color":"ffffffff"}]}},"bones":{"ef_flare_back1_1":{"translate":[{"time":0,"x":-300,"y":-50}],"scale":[{"time":0,"x":7.5,"y":7.5}]},"EF_sink1_1":{"rotate":[{"time":0,"angle":0,"curve":"stepped"},{"time":1.0666,"angle":90,"curve":"stepped"},{"time":2.0666,"angle":180,"curve":"stepped"},{"time":3,"angle":0}],"translate":[{"time":0,"x":-300,"y":-100}],"scale":[{"time":0,"x":8.576,"y":8.576}]},"EF_ball1_1":{"scale":[{"time":0,"x":8,"y":8}]},"EF_sink1_2":{"rotate":[{"time":0,"angle":159.21,"curve":"stepped"},{"time":0.6666,"angle":131.65,"curve":"stepped"},{"time":1.3333,"angle":-83.53,"curve":"stepped"},{"time":2,"angle":89.81,"curve":"stepped"},{"time":2.3333,"angle":-137.19,"curve":"stepped"},{"time":2.6666,"angle":-8.33,"curve":"stepped"},{"time":3,"angle":159.21}],"translate":[{"time":0,"x":-300,"y":-100}],"scale":[{"time":0,"x":7.174,"y":7.174}]}}}}}