{"skeleton":{"hash":"USk8jtPtPmHkp7X1PQmfyHBIXcs","spine":"3.0.12","width":0,"height":0},"bones":[{"name":"root"},{"name":"MAIN","parent":"root","y":66.31}],"slots":[{"name":"MAIN","bone":"MAIN","attachment":"idle1_1"}],"skins":{"default":{"MAIN":{"idle1_1":{"x":-12.28,"y":7.92,"width":600,"height":500},"idle1_2":{"x":-12.28,"y":7.92,"width":600,"height":500},"idle1_3":{"x":-12.28,"y":7.92,"width":600,"height":500},"idle1_4":{"x":-12.28,"y":7.92,"width":600,"height":500}}}},"events":{"Event":{},"hit":{}},"animations":{"idle":{"slots":{"MAIN":{"attachment":[{"time":0,"name":"idle1_1"},{"time":0.3333,"name":"idle1_2"},{"time":0.6666,"name":"idle1_3"},{"time":1,"name":"idle1_4"},{"time":1.3333,"name":"idle1_1"}]}}}}}