{"skeleton":{"hash":"jOJxiYTqZnamjKlApJGyy5QMQk8","spine":"3.0.12","width":0,"height":0,"images":"./images4/"},"bones":[{"name":"root"},{"name":"MAIN","parent":"root","y":44.88},{"name":"R_arm","parent":"MAIN","x":-29.37,"y":18.92},{"name":"L_arm","parent":"MAIN","x":50.76,"y":22.26},{"name":"tiara","parent":"MAIN","x":-3.62,"y":56.83},{"name":"weapon","parent":"L_arm","x":13.76,"y":1.81}],"slots":[{"name":"MAIN","bone":"MAIN","attachment":"110_idle1"},{"name":"tiara","bone":"tiara"},{"name":"001_0002_L_arm","bone":"R_arm"},{"name":"001_0003_R_arm","bone":"L_arm"},{"name":"001_0001_weapon","bone":"weapon"}],"skins":{"default":{"001_0001_weapon":{"001_0001_weapon":{"x":-96.24,"y":-7.67,"width":228,"height":90}},"001_0002_L_arm":{"001_0002_L_arm":{"x":2.29,"y":-0.51,"width":56,"height":26}},"001_0003_R_arm":{"001_0003_R_arm":{"x":-16.62,"y":-3.35,"width":56,"height":24}},"MAIN":{"110_idle1":{"x":-22.7,"y":3.23,"width":261,"height":147},"110_idle2":{"x":-22.7,"y":3.23,"width":261,"height":147},"110_idle3":{"x":-22.7,"y":3.23,"width":261,"height":147},"110_idle4":{"x":-22.7,"y":3.23,"width":261,"height":147},"110_idle5":{"x":-22.7,"y":3.23,"width":261,"height":147}},"tiara":{"tiara":{"x":2.74,"y":1.58,"width":34,"height":34}}}},"events":{"Sound1":{},"Sound2":{},"Sound3":{},"Sound4":{},"Voice":{},"event":{},"hit-event":{},"viewEvent":{}},"animations":{"idle":{"slots":{"001_0001_weapon":{"attachment":[{"time":0,"name":"001_0001_weapon"}]},"001_0002_L_arm":{"attachment":[{"time":0,"name":"001_0002_L_arm"}]},"001_0003_R_arm":{"attachment":[{"time":0,"name":"001_0003_R_arm"}]},"MAIN":{"attachment":[{"time":0,"name":"110_idle1"},{"time":0.2,"name":"110_idle2"},{"time":0.4,"name":"110_idle3"},{"time":0.6,"name":"110_idle4"},{"time":0.8,"name":"110_idle5"},{"time":0.9666,"name":"110_idle1"}]},"tiara":{"attachment":[{"time":0,"name":"tiara"}]}},"bones":{"weapon":{"translate":[{"time":0,"x":0,"y":0,"curve":"stepped"},{"time":0.4,"x":0,"y":0,"curve":"stepped"},{"time":0.6,"x":-0.24,"y":0,"curve":"stepped"},{"time":0.9666,"x":0,"y":0}]},"R_arm":{"translate":[{"time":0,"x":0.15,"y":0,"curve":"stepped"},{"time":0.2,"x":-0.1,"y":-1.67,"curve":"stepped"},{"time":0.4,"x":-0.12,"y":-2.1,"curve":"stepped"},{"time":0.6,"x":-0.12,"y":-1.44,"curve":"stepped"},{"time":0.8,"x":-0.47,"y":-0.65,"curve":"stepped"},{"time":0.9666,"x":0.15,"y":0}]},"L_arm":{"translate":[{"time":0,"x":0,"y":0,"curve":"stepped"},{"time":0.2,"x":0.04,"y":-2.1,"curve":"stepped"},{"time":0.4,"x":0.07,"y":-2.94,"curve":"stepped"},{"time":0.6,"x":0.05,"y":-1.78,"curve":"stepped"},{"time":0.8,"x":-0.33,"y":-0.9,"curve":"stepped"},{"time":0.9666,"x":0,"y":0}]},"MAIN":{"translate":[{"time":0,"x":0,"y":0}]},"tiara":{"translate":[{"time":0,"x":0,"y":0,"curve":"stepped"},{"time":0.2,"x":0.04,"y":-1.47,"curve":"stepped"},{"time":0.4,"x":0,"y":-2.4,"curve":"stepped"},{"time":0.6,"x":0,"y":-1.55,"curve":"stepped"},{"time":0.8,"x":-0.39,"y":-0.7,"curve":"stepped"},{"time":0.9666,"x":0,"y":0}]}}}}}